episode,sequence,file,offset,reward,qoe,qoe_quality,epsilon,mean_loss
1,longdress,static_B_2020.02.27_18.39.27.csv,3694,28.4780,28.48,28.48,0.9996,0.000000
2,loot,driving_B_2020.02.13_13.03.24.csv,417,-3.8469,-3.85,-3.85,0.9992,0.000000
3,redandblack,driving_B_2019.12.17_07.32.39.csv,1974,9.7868,9.79,9.79,0.9988,0.000000
4,soldier,static_B_2020.02.27_18.39.27.csv,214,24.5960,24.60,24.60,0.9984,1.876631
5,longdress,driving_B_2019.12.17_07.32.39.csv,774,-61.1893,-61.19,-61.19,0.9980,2.034277
6,loot,static_B_2019.12.16_13.40.04.csv,1101,-592.9654,-592.97,-592.97,0.9976,2.749164
7,redandblack,driving_B_2020.01.16_07.26.43.csv,1697,-40.1724,-40.17,-40.17,0.9972,6.619335
8,soldier,static_B_2020.02.27_18.39.27.csv,5254,37.2487,37.25,37.25,0.9968,6.553790
9,longdress,driving_B_2020.01.16_09.56.56.csv,503,12.1531,12.15,12.15,0.9964,4.283981
10,loot,driving_B_2020.02.13_15.02.01.csv,915,14.4199,14.42,14.42,0.9960,3.977901
11,redandblack,driving_B_2019.12.17_07.32.39.csv,1554,-24.8561,-24.86,-24.86,0.9955,4.980763
12,soldier,driving_B_2020.01.16_07.26.43.csv,617,-73.7174,-73.72,-73.72,0.9951,3.992069
13,longdress,driving_B_2020.02.13_15.02.01.csv,1515,-133.5159,-133.52,-133.52,0.9947,5.037034
14,loot,driving_B_2020.02.13_15.02.01.csv,2754,-50.4083,-50.41,-50.41,0.9943,3.606041
15,redandblack,driving_B_2020.01.16_07.26.43.csv,977,-25.6035,-25.60,-25.60,0.9939,4.107500
16,soldier,driving_B_2020.02.13_15.02.01.csv,555,-57.3546,-57.35,-57.35,0.9935,3.630361
17,longdress,driving_B_2020.01.16_09.56.56.csv,1570,23.4445,23.44,23.44,0.9931,4.441851
18,loot,driving_B_2020.02.13_15.02.01.csv,15,48.2531,48.25,48.25,0.9927,4.256274
19,redandblack,driving_B_2020.01.16_07.26.43.csv,1277,-11.5274,-11.53,-11.53,0.9923,3.541149
20,soldier,driving_B_2020.02.14_09.38.22.csv,284,-212.2746,-212.27,-212.27,0.9919,3.504146
21,longdress,driving_B_2020.02.13_15.02.01.csv,1575,-540.4310,-540.43,-540.43,0.9915,5.106717
22,loot,static_B_2020.02.27_18.39.27.csv,4714,37.7886,37.79,37.79,0.9911,4.901997
23,redandblack,driving_B_2020.02.13_13.03.24.csv,117,-91.4810,-91.48,-91.48,0.9907,4.233081
24,soldier,driving_B_2019.12.17_07.32.39.csv,1074,16.9149,16.91,16.91,0.9903,4.505376
25,longdress,driving_B_2020.02.13_13.03.24.csv,957,-201.1318,-201.13,-201.13,0.9898,5.557120
26,loot,driving_B_2019.12.17_07.32.39.csv,474,35.1958,35.20,35.20,0.9894,4.534206
27,redandblack,driving_B_2019.12.16_12.27.05.csv,631,-170.9926,-170.99,-170.99,0.9890,4.945520
28,soldier,driving_B_2020.02.13_15.02.01.csv,1275,10.1277,10.13,10.13,0.9886,5.541096
29,longdress,static_B_2019.12.16_13.40.04.csv,321,-31.6587,-31.66,-31.66,0.9882,4.755899
30,loot,driving_B_2020.01.16_09.56.56.csv,683,-11.9101,-11.91,-11.91,0.9878,5.087945
31,redandblack,driving_B_2020.02.13_13.03.24.csv,1317,-99.4752,-99.48,-99.48,0.9874,4.042267
32,soldier,driving_B_2020.01.16_09.56.56.csv,1343,50.6401,50.64,50.64,0.9870,5.374202
33,longdress,driving_B_2019.12.16_12.27.05.csv,91,-18.9996,-19.00,-19.00,0.9866,4.203887
34,loot,driving_B_2020.01.16_07.26.43.csv,1097,42.8046,42.80,42.80,0.9862,3.134625
35,redandblack,driving_B_2019.12.16_12.27.05.csv,991,14.7605,14.76,14.76,0.9858,4.436438
36,soldier,driving_B_2020.02.14_09.38.22.csv,44,-162.2971,-162.30,-162.30,0.9854,3.807367
37,longdress,driving_B_2020.02.14_12.58.17.csv,630,-99.1675,-99.17,-99.17,0.9850,4.488506
38,loot,static_B_2020.02.27_18.39.27.csv,814,45.0031,45.00,45.00,0.9846,4.027152
39,redandblack,driving_B_2020.02.27_17.30.15.csv,720,-319.4008,-319.40,-319.40,0.9842,3.776808
40,soldier,static_B_2019.12.16_13.40.04.csv,141,31.4225,31.42,31.42,0.9837,4.463973
41,longdress,driving_B_2020.02.13_15.02.01.csv,855,-10.9775,-10.98,-10.98,0.9833,3.982584
42,loot,driving_B_2020.02.14_09.38.22.csv,944,39.3619,39.36,39.36,0.9829,4.330102
43,redandblack,driving_B_2019.12.17_07.32.39.csv,1674,-85.0886,-85.09,-85.09,0.9825,5.244281
44,soldier,driving_B_2019.12.17_07.32.39.csv,2154,-123.6918,-123.69,-123.69,0.9821,4.268908
45,longdress,driving_B_2020.02.13_15.02.01.csv,1155,-4.5171,-4.52,-4.52,0.9817,4.348171
46,loot,driving_B_2020.02.14_09.38.22.csv,224,-156.4614,-156.46,-156.46,0.9813,4.039993
47,redandblack,driving_B_2020.02.13_15.02.01.csv,2235,30.4637,30.46,30.46,0.9809,3.635005
48,soldier,driving_B_2020.01.16_09.56.56.csv,23,-39.6375,-39.64,-39.64,0.9805,3.773088
49,longdress,static_B_2020.02.27_18.39.27.csv,3334,36.8625,36.86,36.86,0.9801,4.805298
50,loot,static_B_2020.02.27_18.39.27.csv,5674,22.5732,22.57,22.57,0.9797,4.177629
51,redandblack,driving_B_2020.02.13_13.03.24.csv,1497,-47.2052,-47.21,-47.21,0.9793,4.231168
52,soldier,static_B_2019.12.16_13.40.04.csv,621,-19.6036,-19.60,-19.60,0.9789,3.787792
53,longdress,static_B_2020.02.14_13.21.26.csv,425,17.2056,17.21,17.21,0.9785,3.435421
54,loot,driving_B_2020.01.16_09.56.56.csv,83,-8.7180,-8.72,-8.72,0.9781,3.634480
55,redandblack,static_B_2019.12.16_13.40.04.csv,1821,33.0565,33.06,33.06,0.9776,3.082401
56,soldier,driving_B_2020.02.14_09.38.22.csv,644,28.4543,28.45,28.45,0.9772,3.891514
57,longdress,static_B_2020.02.27_18.39.27.csv,3034,26.1142,26.11,26.11,0.9768,4.433739
58,loot,driving_B_2019.12.17_07.32.39.csv,1254,-23.2498,-23.25,-23.25,0.9764,4.169954
59,redandblack,driving_B_2020.02.13_15.02.01.csv,615,-60.7140,-60.71,-60.71,0.9760,3.914879
60,soldier,driving_B_2020.02.27_17.30.15.csv,409,-575.2366,-575.24,-575.24,0.9756,3.549335
61,longdress,driving_B_2020.02.13_15.02.01.csv,675,18.3689,18.37,18.37,0.9752,4.120000
62,loot,driving_B_2020.02.14_09.38.22.csv,764,13.8561,13.86,13.86,0.9748,3.513906
63,redandblack,driving_B_2019.12.17_07.32.39.csv,174,-8.1804,-8.18,-8.18,0.9744,4.347402
64,soldier,driving_B_2020.02.13_15.02.01.csv,2655,10.8039,10.80,10.80,0.9740,3.246766
65,longdress,driving_B_2020.02.14_12.58.17.csv,450,-419.9116,-419.91,-419.91,0.9736,4.686117
66,loot,static_B_2020.02.27_18.39.27.csv,2014,29.5262,29.53,29.53,0.9732,4.620291
67,redandblack,static_B_2020.02.27_18.39.27.csv,1534,58.3952,58.40,58.40,0.9728,4.940085
68,soldier,static_B_2020.02.27_18.39.27.csv,754,41.0619,41.06,41.06,0.9724,3.800112
69,longdress,static_B_2020.02.27_18.39.27.csv,3814,14.7132,14.71,14.71,0.9719,3.989852
70,loot,static_B_2020.02.27_18.39.27.csv,4414,36.7241,36.72,36.72,0.9715,3.918013
71,redandblack,static_B_2020.02.27_18.39.27.csv,4894,-35.8281,-35.83,-35.83,0.9711,4.272643
72,soldier,driving_B_2019.12.17_07.32.39.csv,954,-215.4277,-215.43,-215.43,0.9707,3.403046
73,longdress,static_B_2020.02.14_13.21.26.csv,185,30.4504,30.45,30.45,0.9703,3.262437
74,loot,driving_B_2020.01.16_12.10.03.csv,100,16.3430,16.34,16.34,0.9699,3.843104
75,redandblack,driving_B_2020.02.14_12.58.17.csv,90,-120.7996,-120.80,-120.80,0.9695,5.321876
76,soldier,driving_B_2020.01.16_07.26.43.csv,1637,-84.7264,-84.73,-84.73,0.9691,3.907780
77,longdress,static_B_2020.02.27_18.39.27.csv,4834,32.7274,32.73,32.73,0.9687,3.909408
78,loot,driving_B_2019.12.17_07.32.39.csv,1854,-19.7016,-19.70,-19.70,0.9683,3.334432
79,redandblack,driving_B_2020.02.14_12.58.17.csv,510,-105.0493,-105.05,-105.05,0.9679,4.356120
80,soldier,driving_B_2020.02.13_15.02.01.csv,2535,-10.4378,-10.44,-10.44,0.9675,4.579159
81,longdress,driving_B_2020.02.13_15.02.01.csv,2055,-165.4264,-165.43,-165.43,0.9671,3.557058
82,loot,driving_B_2020.02.13_13.03.24.csv,1437,-58.7445,-58.74,-58.74,0.9667,4.178175
83,redandblack,static_B_2019.12.16_13.40.04.csv,501,-31.9098,-31.91,-31.91,0.9663,3.891784
84,soldier,static_B_2020.02.27_18.39.27.csv,3214,2.5057,2.51,2.51,0.9658,3.787676
85,longdress,driving_B_2020.01.16_07.26.43.csv,317,-254.9018,-254.90,-254.90,0.9654,3.124977
86,loot,driving_B_2020.01.16_07.26.43.csv,1577,-169.2837,-169.28,-169.28,0.9650,4.160970
87,redandblack,driving_B_2019.12.16_12.27.05.csv,1152,2.7311,2.73,2.73,0.9646,3.614285
88,soldier,driving_B_2020.02.14_09.38.22.csv,704,52.6380,52.64,52.64,0.9642,4.015349
89,longdress,driving_B_2020.01.16_07.26.43.csv,1757,-112.6300,-112.63,-112.63,0.9638,3.717215
90,loot,static_B_2020.02.27_18.39.27.csv,4594,43.6737,43.67,43.67,0.9634,3.948843
91,redandblack,driving_B_2020.01.16_09.56.56.csv,803,34.2071,34.21,34.21,0.9630,4.272335
92,soldier,static_B_2020.02.27_18.39.27.csv,1294,44.8905,44.89,44.89,0.9626,4.057133
93,longdress,static_B_2020.02.27_18.39.27.csv,2974,49.2974,49.30,49.30,0.9622,3.609790
94,loot,driving_B_2020.02.13_15.02.01.csv,1455,-65.4287,-65.43,-65.43,0.9618,3.728516
95,redandblack,static_B_2020.02.27_18.39.27.csv,994,37.5638,37.56,37.56,0.9614,4.214855
96,soldier,static_B_2019.12.16_13.40.04.csv,1904,-1.8909,-1.89,-1.89,0.9610,3.502868
97,longdress,driving_B_2019.12.16_12.27.05.csv,1111,0.3079,0.31,0.31,0.9606,3.840218
98,loot,driving_B_2020.02.13_13.03.24.csv,2188,-119.6643,-119.66,-119.66,0.9602,3.628463
99,redandblack,static_B_2020.02.27_18.39.27.csv,154,26.6552,26.66,26.66,0.9597,3.118023
100,soldier,driving_B_2020.02.13_15.02.01.csv,2595,35.4784,35.48,35.48,0.9593,4.091907
101,longdress,driving_B_2020.02.13_13.03.24.csv,1257,-222.5784,-222.58,-222.58,0.9589,3.849512
102,loot,driving_B_2020.01.16_09.56.56.csv,1463,53.8200,53.82,53.82,0.9585,3.828185
103,redandblack,driving_B_2019.12.17_07.32.39.csv,1914,17.0435,17.04,17.04,0.9581,3.383275
104,soldier,driving_B_2020.02.13_15.02.01.csv,1995,43.0160,43.02,43.02,0.9577,3.168336
105,longdress,static_B_2019.12.16_13.40.04.csv,1521,42.4487,42.45,42.45,0.9573,3.602013
106,loot,driving_B_2020.01.16_07.26.43.csv,497,-71.4258,-71.43,-71.43,0.9569,3.089534
107,redandblack,driving_B_2020.02.13_15.02.01.csv,2175,20.2367,20.24,20.24,0.9565,3.590024
108,soldier,driving_B_2020.01.16_09.56.56.csv,983,6.2946,6.29,6.29,0.9561,3.670169
109,longdress,static_B_2020.02.27_18.39.27.csv,3874,-15.4248,-15.42,-15.42,0.9557,3.972853
110,loot,driving_B_2020.01.16_07.26.43.csv,437,-129.9102,-129.91,-129.91,0.9553,4.129130
111,redandblack,driving_B_2020.01.16_07.26.43.csv,1397,-75.1878,-75.19,-75.19,0.9549,3.708170
112,soldier,driving_B_2020.01.16_09.56.56.csv,143,-17.3959,-17.40,-17.40,0.9545,3.272942
113,longdress,driving_B_2020.02.27_17.30.15.csv,289,-400.6239,-400.62,-400.62,0.9540,3.167636
114,loot,static_B_2020.02.27_18.39.27.csv,3274,15.3875,15.39,15.39,0.9536,3.595162
115,redandblack,driving_B_2020.01.16_09.56.56.csv,1043,-49.7792,-49.78,-49.78,0.9532,3.547908
116,soldier,driving_B_2019.12.16_12.27.05.csv,1152,-14.9240,-14.92,-14.92,0.9528,3.711500
117,longdress,driving_B_2020.01.16_09.56.56.csv,743,21.4093,21.41,21.41,0.9524,3.481677
118,loot,static_B_2020.02.27_18.39.27.csv,2854,19.1143,19.11,19.11,0.9520,3.518168
119,redandblack,driving_B_2020.02.13_13.03.24.csv,1377,-95.2390,-95.24,-95.24,0.9516,3.175716
120,soldier,static_B_2020.02.27_18.39.27.csv,3454,48.8276,48.83,48.83,0.9512,3.479685
121,longdress,driving_B_2019.12.17_07.32.39.csv,1434,-10.3563,-10.36,-10.36,0.9508,2.938898
122,loot,driving_B_2020.02.13_13.03.24.csv,357,-67.5010,-67.50,-67.50,0.9504,3.461230
123,redandblack,static_B_2020.02.27_18.39.27.csv,1474,42.7447,42.74,42.74,0.9500,3.977497
124,soldier,driving_B_2020.02.14_09.38.22.csv,1004,-82.6303,-82.63,-82.63,0.9496,3.653640
125,longdress,driving_B_2020.01.16_07.26.43.csv,1517,-26.2816,-26.28,-26.28,0.9492,3.380969
126,loot,driving_B_2020.02.13_15.02.01.csv,255,8.3633,8.36,8.36,0.9488,3.337920
127,redandblack,static_B_2020.02.27_18.39.27.csv,1054,41.8671,41.87,41.87,0.9484,3.049025
128,soldier,driving_B_2020.01.16_09.56.56.csv,323,-29.1014,-29.10,-29.10,0.9479,3.381548
129,longdress,static_B_2020.02.27_18.39.27.csv,2434,42.4372,42.44,42.44,0.9475,4.211924
130,loot,static_B_2020.02.27_18.39.27.csv,1774,51.5064,51.51,51.51,0.9471,3.172463
131,redandblack,static_B_2019.12.16_13.40.04.csv,1161,-31.7558,-31.76,-31.76,0.9467,3.466024
132,soldier,static_B_2020.02.27_18.39.27.csv,5134,27.3011,27.30,27.30,0.9463,3.859330
133,longdress,driving_B_2020.02.13_13.03.24.csv,897,-152.7136,-152.71,-152.71,0.9459,3.240959
134,loot,static_B_2019.12.16_13.40.04.csv,801,13.4837,13.48,13.48,0.9455,3.979497
135,redandblack,driving_B_2020.02.13_15.02.01.csv,135,46.6886,46.69,46.69,0.9451,3.683366
136,soldier,static_B_2020.02.27_18.39.27.csv,1954,51.6396,51.64,51.64,0.9447,3.154276
137,longdress,driving_B_2020.02.14_09.38.22.csv,1304,7.9708,7.97,7.97,0.9443,2.861359
138,loot,driving_B_2020.02.27_17.30.15.csv,709,-129.2115,-129.21,-129.21,0.9439,3.215185
139,redandblack,driving_B_2020.02.14_12.58.17.csv,270,-583.9887,-583.99,-583.99,0.9435,3.634588
140,soldier,static_B_2020.02.27_18.39.27.csv,4294,46.0088,46.01,46.01,0.9431,3.112286
141,longdress,static_B_2020.02.27_18.39.27.csv,4114,23.4177,23.42,23.42,0.9427,3.714577
142,loot,driving_B_2019.12.17_07.32.39.csv,1134,22.6096,22.61,22.61,0.9423,3.088457
143,redandblack,driving_B_2020.02.27_17.30.15.csv,229,-350.8848,-350.88,-350.88,0.9418,3.578880
144,soldier,driving_B_2019.12.17_07.32.39.csv,654,-118.7760,-118.78,-118.78,0.9414,3.529320
145,longdress,driving_B_2020.02.13_13.03.24.csv,1737,33.7364,33.74,33.74,0.9410,2.823569
146,loot,driving_B_2020.02.13_13.03.24.csv,537,-18.5048,-18.50,-18.50,0.9406,3.071426
147,redandblack,driving_B_2020.02.13_13.03.24.csv,837,-16.5912,-16.59,-16.59,0.9402,3.647275
148,soldier,static_B_2020.02.27_18.39.27.csv,4234,37.6990,37.70,37.70,0.9398,3.399611
149,longdress,driving_B_2020.02.14_09.38.22.csv,1244,7.8119,7.81,7.81,0.9394,3.378913
150,loot,driving_B_2020.01.16_09.56.56.csv,1523,39.7979,39.80,39.80,0.9390,3.503167
151,redandblack,static_B_2019.12.16_13.40.04.csv,861,57.7851,57.79,57.79,0.9386,3.340641
152,soldier,static_B_2020.02.27_18.39.27.csv,2734,32.9775,32.98,32.98,0.9382,3.446350
153,longdress,driving_B_2020.02.13_15.02.01.csv,495,-65.7443,-65.74,-65.74,0.9378,3.553320
154,loot,driving_B_2020.01.16_09.56.56.csv,923,-15.7195,-15.72,-15.72,0.9374,3.769362
155,redandblack,driving_B_2020.01.16_07.26.43.csv,1157,-13.5138,-13.51,-13.51,0.9370,4.194090
156,soldier,driving_B_2020.02.13_13.03.24.csv,1557,-227.2875,-227.29,-227.29,0.9366,3.935308
157,longdress,static_B_2020.02.27_18.39.27.csv,514,28.0760,28.08,28.08,0.9362,3.913605
158,loot,static_B_2020.02.27_18.39.27.csv,5194,29.3122,29.31,29.31,0.9357,4.012993
159,redandblack,driving_B_2019.12.16_12.27.05.csv,691,-26.4274,-26.43,-26.43,0.9353,4.019493
160,soldier,driving_B_2019.12.16_12.27.05.csv,391,-271.1619,-271.16,-271.16,0.9349,3.556253
161,longdress,static_B_2019.12.16_13.40.04.csv,1221,30.0252,30.03,30.03,0.9345,3.771893
162,loot,driving_B_2020.01.16_09.56.56.csv,623,10.0060,10.01,10.01,0.9341,4.008305
163,redandblack,driving_B_2020.02.14_09.38.22.csv,1478,-44.5252,-44.53,-44.53,0.9337,4.235158
164,soldier,driving_B_2019.12.17_07.32.39.csv,54,-27.9709,-27.97,-27.97,0.9333,3.553051
165,longdress,static_B_2020.02.14_13.21.26.csv,665,28.6021,28.60,28.60,0.9329,3.349506
166,loot,static_B_2020.02.27_18.39.27.csv,2314,31.6151,31.62,31.62,0.9325,3.279009
167,redandblack,driving_B_2020.02.13_13.03.24.csv,1917,-279.5615,-279.56,-279.56,0.9321,3.512213
168,soldier,driving_B_2020.01.16_09.56.56.csv,383,-62.8033,-62.80,-62.80,0.9317,3.792323
169,longdress,driving_B_2020.01.16_07.26.43.csv,1770,-236.3563,-236.36,-236.36,0.9313,4.048923
170,loot,static_B_2020.02.27_18.39.27.csv,5614,38.2918,38.29,38.29,0.9309,3.530320
171,redandblack,static_B_2020.02.27_18.39.27.csv,3934,25.2482,25.25,25.25,0.9305,3.442053
172,soldier,driving_B_2020.02.14_09.38.22.csv,1064,-52.0082,-52.01,-52.01,0.9300,3.467185
173,longdress,driving_B_2020.01.16_07.26.43.csv,257,-16.7972,-16.80,-16.80,0.9296,4.185634
174,loot,driving_B_2020.02.13_15.02.01.csv,2295,-48.5050,-48.51,-48.51,0.9292,3.823343
175,redandblack,driving_B_2020.01.16_09.56.56.csv,1163,-16.5818,-16.58,-16.58,0.9288,3.882226
176,soldier,static_B_2020.02.14_13.21.26.csv,5,8.9198,8.92,8.92,0.9284,4.014552
177,longdress,driving_B_2019.12.17_07.32.39.csv,1014,-33.4501,-33.45,-33.45,0.9280,3.706353
178,loot,driving_B_2020.02.14_09.38.22.csv,1478,-22.2907,-22.29,-22.29,0.9276,3.959978
179,redandblack,static_B_2020.02.27_18.39.27.csv,2494,10.9381,10.94,10.94,0.9272,4.217365
180,soldier,driving_B_2020.02.27_17.30.15.csv,349,-245.7531,-245.75,-245.75,0.9268,3.046120
181,longdress,driving_B_2020.02.13_15.02.01.csv,1875,-46.7529,-46.75,-46.75,0.9264,3.613279
182,loot,static_B_2019.12.16_13.40.04.csv,1041,52.4701,52.47,52.47,0.9260,3.583061
183,redandblack,static_B_2020.02.14_13.21.26.csv,605,22.3359,22.34,22.34,0.9256,3.146690
184,soldier,driving_B_2019.12.17_07.32.39.csv,2094,32.4112,32.41,32.41,0.9252,3.310319
185,longdress,static_B_2020.02.27_18.39.27.csv,4954,36.2793,36.28,36.28,0.9248,3.778686
186,loot,static_B_2020.02.27_18.39.27.csv,2614,23.0170,23.02,23.02,0.9244,3.824577
187,redandblack,driving_B_2020.02.13_13.03.24.csv,657,-55.3984,-55.40,-55.40,0.9239,3.500551
188,soldier,static_B_2020.02.27_18.39.27.csv,5314,14.8299,14.83,14.83,0.9235,3.928076
189,longdress,static_B_2020.02.14_13.21.26.csv,245,40.4429,40.44,40.44,0.9231,3.693838
190,loot,driving_B_2020.02.14_12.58.17.csv,570,-9.8198,-9.82,-9.82,0.9227,3.846369
191,redandblack,static_B_2020.02.27_18.39.27.csv,874,48.1757,48.18,48.18,0.9223,2.820956
192,soldier,driving_B_2020.02.13_15.02.01.csv,975,-100.5576,-100.56,-100.56,0.9219,3.502774
193,longdress,static_B_2019.12.16_13.40.04.csv,1341,14.3005,14.30,14.30,0.9215,3.487507
194,loot,driving_B_2020.02.13_15.02.01.csv,2355,-296.9148,-296.91,-296.91,0.9211,3.463211
195,redandblack,driving_B_2019.12.17_07.32.39.csv,1734,-60.6629,-60.66,-60.66,0.9207,3.176752
196,soldier,driving_B_2019.12.17_07.32.39.csv,2288,24.1738,24.17,24.17,0.9203,3.399099
197,longdress,driving_B_2019.12.16_12.27.05.csv,451,-256.8898,-256.89,-256.89,0.9199,4.017843
198,loot,driving_B_2020.02.14_09.38.22.csv,1424,-3.9548,-3.95,-3.95,0.9195,3.580972
199,redandblack,driving_B_2020.02.13_13.03.24.csv,177,-3.8595,-3.86,-3.86,0.9191,3.632727
200,soldier,driving_B_2020.01.16_07.26.43.csv,1457,-99.4900,-99.49,-99.49,0.9187,3.774921
201,longdress,driving_B_2020.02.13_15.02.01.csv,1935,7.3067,7.31,7.31,0.9183,3.407166
202,loot,driving_B_2019.12.17_07.32.39.csv,1314,27.5545,27.55,27.55,0.9178,3.452634
203,redandblack,static_B_2020.02.27_18.39.27.csv,334,18.8378,18.84,18.84,0.9174,4.258166
204,soldier,driving_B_2019.12.17_07.32.39.csv,594,-1.7536,-1.75,-1.75,0.9170,3.466515
205,longdress,driving_B_2020.01.16_12.10.03.csv,244,57.4141,57.41,57.41,0.9166,3.868133
206,loot,static_B_2020.02.27_18.39.27.csv,1414,27.2584,27.26,27.26,0.9162,3.419596
207,redandblack,static_B_2020.02.27_18.39.27.csv,454,57.2444,57.24,57.24,0.9158,3.528241
208,soldier,driving_B_2020.02.14_09.38.22.csv,1184,-153.2720,-153.27,-153.27,0.9154,3.454368
209,longdress,driving_B_2020.02.13_13.03.24.csv,777,-173.7766,-173.78,-173.78,0.9150,3.377778
210,loot,static_B_2019.12.16_13.40.04.csv,21,25.2706,25.27,25.27,0.9146,3.351211
211,redandblack,static_B_2019.12.16_13.40.04.csv,1761,51.9970,52.00,52.00,0.9142,3.466379
212,soldier,driving_B_2020.02.14_12.58.17.csv,690,-359.5067,-359.51,-359.51,0.9138,3.235802
213,longdress,driving_B_2020.02.27_17.30.15.csv,469,-219.1691,-219.17,-219.17,0.9134,3.249958
214,loot,driving_B_2020.01.16_09.56.56.csv,1103,6.5401,6.54,6.54,0.9130,3.559014
215,redandblack,static_B_2020.02.14_13.21.26.csv,65,32.1178,32.12,32.12,0.9126,3.724698
216,soldier,static_B_2020.02.27_18.39.27.csv,574,-36.6617,-36.66,-36.66,0.9121,3.737891
217,longdress,driving_B_2020.02.13_15.02.01.csv,2415,-422.3111,-422.31,-422.31,0.9117,4.076146
218,loot,static_B_2020.02.27_18.39.27.csv,2914,47.2672,47.27,47.27,0.9113,3.945448
219,redandblack,driving_B_2020.02.14_09.38.22.csv,1124,-95.2083,-95.21,-95.21,0.9109,3.844187
220,soldier,driving_B_2020.01.16_07.26.43.csv,677,-66.6837,-66.68,-66.68,0.9105,3.973092
221,longdress,driving_B_2020.02.13_15.02.01.csv,1335,-262.4492,-262.45,-262.45,0.9101,3.480710
222,loot,driving_B_2019.12.16_12.27.05.csv,31,18.2027,18.20,18.20,0.9097,3.452058
223,redandblack,driving_B_2020.02.13_15.02.01.csv,1815,29.0049,29.00,29.00,0.9093,3.531397
224,soldier,driving_B_2020.01.16_09.56.56.csv,263,43.4608,43.46,43.46,0.9089,3.797159
225,longdress,static_B_2020.02.14_13.21.26.csv,725,22.5278,22.53,22.53,0.9085,3.425272
226,loot,static_B_2020.02.27_18.39.27.csv,1114,16.0591,16.06,16.06,0.9081,3.140559
227,redandblack,static_B_2020.02.14_13.21.26.csv,125,38.0335,38.03,38.03,0.9077,3.514330
228,soldier,driving_B_2019.12.17_07.32.39.csv,534,-173.9592,-173.96,-173.96,0.9073,3.384960
229,longdress,driving_B_2020.01.16_07.26.43.csv,17,-39.4023,-39.40,-39.40,0.9069,4.542473
230,loot,static_B_2020.02.27_18.39.27.csv,4474,23.9570,23.96,23.96,0.9065,3.597139
231,redandblack,driving_B_2020.02.13_13.03.24.csv,57,-67.1976,-67.20,-67.20,0.9060,4.107687
232,soldier,driving_B_2020.02.13_13.03.24.csv,1017,-168.3524,-168.35,-168.35,0.9056,3.913551
233,longdress,driving_B_2019.12.16_12.27.05.csv,751,-22.1009,-22.10,-22.10,0.9052,3.894356
234,loot,static_B_2020.02.27_18.39.27.csv,3574,17.9471,17.95,17.95,0.9048,3.997472
235,redandblack,driving_B_2020.02.14_12.58.17.csv,800,-66.8403,-66.84,-66.84,0.9044,3.933036
236,soldier,driving_B_2020.02.14_12.58.17.csv,210,-992.5592,-992.56,-992.56,0.9040,3.449269
237,longdress,driving_B_2020.02.27_17.30.15.csv,169,-801.4853,-801.49,-801.49,0.9036,3.810448
238,loot,static_B_2020.02.27_18.39.27.csv,5074,12.6676,12.67,12.67,0.9032,4.482118
239,redandblack,driving_B_2020.02.13_13.03.24.csv,1197,-82.1306,-82.13,-82.13,0.9028,5.093435
240,soldier,static_B_2020.02.27_18.39.27.csv,3634,50.3114,50.31,50.31,0.9024,3.657158
241,longdress,driving_B_2020.02.13_15.02.01.csv,2754,-77.3682,-77.37,-77.37,0.9020,3.634657
242,loot,static_B_2020.02.27_18.39.27.csv,1234,11.1302,11.13,11.13,0.9016,4.569221
243,redandblack,driving_B_2020.02.14_12.58.17.csv,390,-256.9925,-256.99,-256.99,0.9012,4.366310
244,soldier,driving_B_2020.01.16_07.26.43.csv,137,-276.2874,-276.29,-276.29,0.9008,3.742356
245,longdress,driving_B_2020.02.13_13.03.24.csv,1797,-1176.4817,-1176.48,-1176.48,0.9004,3.975652
246,loot,driving_B_2020.02.13_15.02.01.csv,315,47.4015,47.40,47.40,0.8999,3.938377
247,redandblack,static_B_2020.02.27_18.39.27.csv,2794,29.1583,29.16,29.16,0.8995,3.429832
248,soldier,driving_B_2020.01.16_07.26.43.csv,857,-28.8464,-28.85,-28.85,0.8991,4.062156
249,longdress,driving_B_2020.02.27_17.30.15.csv,529,-169.1596,-169.16,-169.16,0.8987,5.352008
250,loot,driving_B_2020.01.16_09.56.56.csv,1570,48.3873,48.39,48.39,0.8983,4.551309
251,redandblack,static_B_2020.02.27_18.39.27.csv,4054,55.8045,55.80,55.80,0.8979,3.790360
252,soldier,driving_B_2020.01.16_12.10.03.csv,220,57.0652,57.07,57.07,0.8975,4.813467
253,longdress,driving_B_2020.02.13_13.03.24.csv,2037,-211.7388,-211.74,-211.74,0.8971,3.969917
254,loot,static_B_2019.12.16_13.40.04.csv,681,34.9450,34.95,34.95,0.8967,4.722736
255,redandblack,static_B_2019.12.16_13.40.04.csv,921,-3.2485,-3.25,-3.25,0.8963,3.940843
256,soldier,driving_B_2019.12.16_12.27.05.csv,871,2.3362,2.34,2.34,0.8959,4.149817
257,longdress,static_B_2020.02.14_13.21.26.csv,545,46.5467,46.55,46.55,0.8955,4.068365
258,loot,static_B_2020.02.27_18.39.27.csv,1174,-202.6802,-202.68,-202.68,0.8951,4.377434
259,redandblack,static_B_2020.02.14_13.21.26.csv,785,42.5565,42.56,42.56,0.8947,4.573740
260,soldier,driving_B_2020.02.13_13.03.24.csv,237,-58.6357,-58.64,-58.64,0.8942,3.851724
261,longdress,driving_B_2020.02.13_15.02.01.csv,1755,25.2963,25.30,25.30,0.8938,4.344680
262,loot,driving_B_2020.02.13_13.03.24.csv,2097,-296.1921,-296.19,-296.19,0.8934,4.186021
263,redandblack,driving_B_2019.12.17_07.32.39.csv,2274,34.0047,34.00,34.00,0.8930,3.684203
264,soldier,static_B_2020.02.27_18.39.27.csv,3994,22.9418,22.94,22.94,0.8926,4.614408
265,longdress,driving_B_2020.02.13_13.03.24.csv,1137,-118.0015,-118.00,-118.00,0.8922,3.910273
266,loot,driving_B_2020.02.14_12.58.17.csv,330,-193.2643,-193.26,-193.26,0.8918,4.832000
267,redandblack,driving_B_2020.01.16_07.26.43.csv,797,26.5507,26.55,26.55,0.8914,4.018953
268,soldier,driving_B_2019.12.17_07.32.39.csv,114,-82.8673,-82.87,-82.87,0.8910,3.917602
269,longdress,driving_B_2020.02.13_15.02.01.csv,75,38.1999,38.20,38.20,0.8906,4.420820
270,loot,driving_B_2020.02.13_15.02.01.csv,1695,24.1087,24.11,24.11,0.8902,5.016190
271,redandblack,static_B_2020.02.27_18.39.27.csv,4534,56.9024,56.90,56.90,0.8898,4.330557
272,soldier,driving_B_2020.02.13_13.03.24.csv,1077,-153.2935,-153.29,-153.29,0.8894,4.112535
273,longdress,driving_B_2020.02.27_17.30.15.csv,720,-385.9125,-385.91,-385.91,0.8890,4.614754
274,loot,static_B_2019.12.16_13.40.04.csv,741,28.1168,28.12,28.12,0.8886,3.721375
275,redandblack,static_B_2020.02.27_18.39.27.csv,1354,47.4544,47.45,47.45,0.8881,4.097376
276,soldier,static_B_2020.02.27_18.39.27.csv,5554,35.7339,35.73,35.73,0.8877,4.720051
277,longdress,driving_B_2020.02.13_15.02.01.csv,795,19.8089,19.81,19.81,0.8873,3.783058
278,loot,driving_B_2020.02.14_09.38.22.csv,524,25.1728,25.17,25.17,0.8869,4.219804
279,redandblack,static_B_2020.02.14_13.21.26.csv,845,41.2604,41.26,41.26,0.8865,4.196171
280,soldier,driving_B_2020.02.14_12.58.17.csv,750,-295.9997,-296.00,-296.00,0.8861,4.202585
281,longdress,static_B_2020.02.27_18.39.27.csv,1894,34.8796,34.88,34.88,0.8857,4.418606
282,loot,driving_B_2019.12.16_12.27.05.csv,811,17.5063,17.51,17.51,0.8853,3.761168
283,redandblack,static_B_2020.02.14_13.21.26.csv,305,32.6546,32.65,32.65,0.8849,4.172465
284,soldier,driving_B_2020.01.16_12.10.03.csv,160,0.4460,0.45,0.45,0.8845,4.765088
285,longdress,driving_B_2019.12.17_07.32.39.csv,414,-21.5554,-21.56,-21.56,0.8841,4.319603
286,loot,driving_B_2020.02.27_17.30.15.csv,109,-251.2507,-251.25,-251.25,0.8837,4.015750
287,redandblack,driving_B_2020.01.16_07.26.43.csv,1770,-97.2566,-97.26,-97.26,0.8833,4.121343
288,soldier,driving_B_2019.12.16_12.27.05.csv,511,-300.2701,-300.27,-300.27,0.8829,3.843625
289,longdress,driving_B_2020.02.13_15.02.01.csv,1035,55.3270,55.33,55.33,0.8825,4.031727
290,loot,driving_B_2020.02.13_13.03.24.csv,1977,-155.3601,-155.36,-155.36,0.8820,4.140709
291,redandblack,driving_B_2019.12.16_12.27.05.csv,931,41.9144,41.91,41.91,0.8816,5.050453
292,soldier,driving_B_2020.01.16_07.26.43.csv,737,-12.2785,-12.28,-12.28,0.8812,4.489927
293,longdress,driving_B_2019.12.17_07.32.39.csv,294,-2.7110,-2.71,-2.71,0.8808,5.267350
294,loot,driving_B_2020.01.16_07.26.43.csv,377,-75.2500,-75.25,-75.25,0.8804,4.612742
295,redandblack,static_B_2020.02.27_18.39.27.csv,5734,66.9974,67.00,67.00,0.8800,4.174774
296,soldier,driving_B_2019.12.16_12.27.05.csv,331,-285.2189,-285.22,-285.22,0.8796,3.987030
297,longdress,static_B_2019.12.16_13.40.04.csv,1904,-5.5985,-5.60,-5.60,0.8792,3.747355
298,loot,driving_B_2019.12.17_07.32.39.csv,2214,12.2923,12.29,12.29,0.8788,3.734746
299,redandblack,driving_B_2020.01.16_09.56.56.csv,443,9.9807,9.98,9.98,0.8784,4.526795
300,soldier,static_B_2020.02.27_18.39.27.csv,4354,51.0088,51.01,51.01,0.8780,4.226605
301,longdress,driving_B_2020.01.16_07.26.43.csv,1217,-20.4522,-20.45,-20.45,0.8776,3.323485
302,loot,driving_B_2020.02.13_13.03.24.csv,1677,36.5964,36.60,36.60,0.8772,4.183959
303,redandblack,static_B_2020.02.14_13.21.26.csv,850,49.4101,49.41,49.41,0.8768,3.641282
304,soldier,static_B_2020.02.27_18.39.27.csv,2674,-18.0870,-18.09,-18.09,0.8763,4.789337
305,longdress,static_B_2020.02.27_18.39.27.csv,694,50.7779,50.78,50.78,0.8759,4.373519
306,loot,static_B_2019.12.16_13.40.04.csv,441,47.6256,47.63,47.63,0.8755,4.367686
307,redandblack,static_B_2020.02.27_18.39.27.csv,5374,32.5090,32.51,32.51,0.8751,5.006520
308,soldier,static_B_2020.02.27_18.39.27.csv,5742,40.2081,40.21,40.21,0.8747,4.513178
309,longdress,driving_B_2020.02.13_13.03.24.csv,1857,-422.0696,-422.07,-422.07,0.8743,5.131814
310,loot,static_B_2020.02.27_18.39.27.csv,1714,55.7907,55.79,55.79,0.8739,4.366301
311,redandblack,static_B_2019.12.16_13.40.04.csv,1281,21.6269,21.63,21.63,0.8735,4.911094
312,soldier,driving_B_2020.02.14_09.38.22.csv,884,44.3062,44.31,44.31,0.8731,5.182233
313,longdress,driving_B_2019.12.17_07.32.39.csv,834,-111.4593,-111.46,-111.46,0.8727,4.706177
314,loot,driving_B_2019.12.16_12.27.05.csv,571,-4.8586,-4.86,-4.86,0.8723,5.194571
315,redandblack,driving_B_2019.12.17_07.32.39.csv,354,30.4722,30.47,30.47,0.8719,4.406738
316,soldier,driving_B_2020.02.13_15.02.01.csv,1215,38.0792,38.08,38.08,0.8715,4.412835
317,longdress,static_B_2020.02.27_18.39.27.csv,3154,-345.8835,-345.88,-345.88,0.8711,4.428746
318,loot,driving_B_2020.02.13_15.02.01.csv,2475,-206.1766,-206.18,-206.18,0.8707,4.799391
319,redandblack,static_B_2020.02.27_18.39.27.csv,4774,38.2075,38.21,38.21,0.8702,4.192336
320,soldier,driving_B_2020.02.14_12.58.17.csv,30,-122.7162,-122.72,-122.72,0.8698,4.573503
321,longdress,driving_B_2020.02.13_15.02.01.csv,2115,18.5412,18.54,18.54,0.8694,4.529568
322,loot,driving_B_2020.02.14_09.38.22.csv,104,-85.8732,-85.87,-85.87,0.8690,4.741967
323,redandblack,static_B_2019.12.16_13.40.04.csv,1581,42.6631,42.66,42.66,0.8686,4.290392
324,soldier,driving_B_2020.02.14_09.38.22.csv,1478,-59.4045,-59.40,-59.40,0.8682,4.687517
325,longdress,driving_B_2020.02.14_09.38.22.csv,164,-124.6750,-124.68,-124.68,0.8678,4.305524
326,loot,static_B_2019.12.16_13.40.04.csv,81,32.5463,32.55,32.55,0.8674,4.394571
327,redandblack,driving_B_2020.02.13_13.03.24.csv,477,-11.5574,-11.56,-11.56,0.8670,4.390420
328,soldier,driving_B_2020.01.16_12.10.03.csv,40,36.4988,36.50,36.50,0.8666,4.857141
329,longdress,driving_B_2019.12.17_07.32.39.csv,1194,-30.6795,-30.68,-30.68,0.8662,4.481536
330,loot,driving_B_2019.12.17_07.32.39.csv,234,-39.5585,-39.56,-39.56,0.8658,4.345473
331,redandblack,driving_B_2020.02.27_17.30.15.csv,649,-208.2457,-208.25,-208.25,0.8654,4.325203
332,soldier,static_B_2020.02.27_18.39.27.csv,274,28.8115,28.81,28.81,0.8650,4.293691
333,longdress,driving_B_2019.12.16_12.27.05.csv,1051,31.4782,31.48,31.48,0.8646,4.932427
334,loot,static_B_2020.02.27_18.39.27.csv,4174,42.3714,42.37,42.37,0.8641,4.542465
335,redandblack,driving_B_2020.01.16_12.10.03.csv,244,40.8563,40.86,40.86,0.8637,4.383907
336,soldier,driving_B_2020.02.13_15.02.01.csv,1635,-90.0212,-90.02,-90.02,0.8633,4.460440
337,longdress,driving_B_2020.02.13_13.03.24.csv,297,-41.2960,-41.30,-41.30,0.8629,4.239904
338,loot,driving_B_2020.01.16_07.26.43.csv,557,4.8188,4.82,4.82,0.8625,4.712229
339,redandblack,static_B_2020.02.27_18.39.27.csv,5434,30.0071,30.01,30.01,0.8621,4.122766
340,soldier,static_B_2019.12.16_13.40.04.csv,1461,14.8581,14.86,14.86,0.8617,4.242653
341,longdress,driving_B_2020.01.16_07.26.43.csv,1337,-248.0783,-248.08,-248.08,0.8613,3.804877
342,loot,static_B_2020.02.27_18.39.27.csv,5742,19.7120,19.71,19.71,0.8609,4.535505
343,redandblack,static_B_2019.12.16_13.40.04.csv,381,46.2951,46.30,46.30,0.8605,4.913126
344,soldier,static_B_2020.02.27_18.39.27.csv,934,44.6548,44.65,44.65,0.8601,4.301909
345,longdress,driving_B_2020.02.14_12.58.17.csv,150,-411.9229,-411.92,-411.92,0.8597,4.832984
346,loot,static_B_2020.02.27_18.39.27.csv,3094,12.8029,12.80,12.80,0.8593,4.609003
347,redandblack,static_B_2019.12.16_13.40.04.csv,1881,-89.0060,-89.01,-89.01,0.8589,4.421280
348,soldier,driving_B_2019.12.16_12.27.05.csv,271,-53.7322,-53.73,-53.73,0.8584,4.469868
349,longdress,driving_B_2020.02.13_15.02.01.csv,1095,7.2183,7.22,7.22,0.8580,4.917189
350,loot,driving_B_2019.12.16_12.27.05.csv,211,-6.2237,-6.22,-6.22,0.8576,3.718225
351,redandblack,driving_B_2020.01.16_07.26.43.csv,917,-41.1906,-41.19,-41.19,0.8572,4.518859
352,soldier,static_B_2020.02.27_18.39.27.csv,2194,41.7495,41.75,41.75,0.8568,4.283505
353,longdress,driving_B_2020.02.13_15.02.01.csv,1395,-68.0095,-68.01,-68.01,0.8564,4.434550
354,loot,driving_B_2019.12.17_07.32.39.csv,1614,-42.2444,-42.24,-42.24,0.8560,4.311830
355,redandblack,driving_B_2020.02.13_13.03.24.csv,1617,-220.6104,-220.61,-220.61,0.8556,4.292344
356,soldier,static_B_2020.02.27_18.39.27.csv,2554,54.1252,54.13,54.13,0.8552,4.405959
357,longdress,static_B_2019.12.16_13.40.04.csv,1401,-67.4279,-67.43,-67.43,0.8548,3.763749
358,loot,driving_B_2020.02.27_17.30.15.csv,49,-176.0075,-176.01,-176.01,0.8544,4.318263
359,redandblack,static_B_2020.02.27_18.39.27.csv,3514,53.5982,53.60,53.60,0.8540,4.888372
360,soldier,static_B_2020.02.27_18.39.27.csv,1594,29.6702,29.67,29.67,0.8536,4.382449
361,longdress,static_B_2019.12.16_13.40.04.csv,201,52.5391,52.54,52.54,0.8532,5.175798
362,loot,driving_B_2020.02.27_17.30.15.csv,589,-129.8004,-129.80,-129.80,0.8528,4.618219
363,redandblack,driving_B_2020.02.14_09.38.22.csv,344,-72.5546,-72.55,-72.55,0.8523,4.797978
364,soldier,driving_B_2020.02.14_12.58.17.csv,800,-354.9475,-354.95,-354.95,0.8519,4.398512
365,longdress,static_B_2019.12.16_13.40.04.csv,561,31.5622,31.56,31.56,0.8515,5.037764
366,loot,static_B_2020.02.27_18.39.27.csv,94,44.0301,44.03,44.03,0.8511,4.510461
367,redandblack,driving_B_2019.12.17_07.32.39.csv,2288,35.8721,35.87,35.87,0.8507,4.404758
368,soldier,static_B_2020.02.27_18.39.27.csv,2254,42.4119,42.41,42.41,0.8503,4.609101
369,longdress,static_B_2020.02.27_18.39.27.csv,3394,55.2391,55.24,55.24,0.8499,3.790916
370,loot,static_B_2020.02.27_18.39.27.csv,1834,-14.7614,-14.76,-14.76,0.8495,4.134377
371,redandblack,driving_B_2020.02.13_15.02.01.csv,2715,-100.2271,-100.23,-100.23,0.8491,5.020272
372,soldier,driving_B_2020.01.16_07.26.43.csv,77,-41.1940,-41.19,-41.19,0.8487,4.276051
373,longdress,static_B_2019.12.16_13.40.04.csv,1641,40.1253,40.13,40.13,0.8483,4.227438
374,loot,static_B_2019.12.16_13.40.04.csv,261,39.0311,39.03,39.03,0.8479,4.148541
375,redandblack,driving_B_2020.01.16_09.56.56.csv,863,-5.0055,-5.01,-5.01,0.8475,4.466739
376,soldier,static_B_2020.02.27_18.39.27.csv,34,27.6093,27.61,27.61,0.8471,4.678548
377,longdress,static_B_2020.02.27_18.39.27.csv,3754,25.3094,25.31,25.31,0.8467,4.308754
378,loot,driving_B_2020.01.16_07.26.43.csv,197,-46.8876,-46.89,-46.89,0.8462,4.484176
379,redandblack,driving_B_2020.02.14_09.38.22.csv,1364,66.6554,66.66,66.66,0.8458,5.774026
380,soldier,static_B_2019.12.16_13.40.04.csv,1701,56.0311,56.03,56.03,0.8454,4.599531
381,longdress,static_B_2020.02.27_18.39.27.csv,4654,-272.8066,-272.81,-272.81,0.8450,4.787022
382,loot,driving_B_2020.02.13_13.03.24.csv,717,-11.1639,-11.16,-11.16,0.8446,4.276897
383,redandblack,driving_B_2020.02.14_09.38.22.csv,824,29.5435,29.54,29.54,0.8442,4.643864
384,soldier,driving_B_2020.01.16_09.56.56.csv,563,42.9810,42.98,42.98,0.8438,5.557605
385,longdress,driving_B_2019.12.17_07.32.39.csv,2034,-47.1132,-47.11,-47.11,0.8434,4.240168
386,loot,static_B_2020.02.27_18.39.27.csv,2374,-12.8405,-12.84,-12.84,0.8430,5.353861
387,redandblack,driving_B_2020.02.14_09.38.22.csv,584,7.5231,7.52,7.52,0.8426,4.440061
388,soldier,driving_B_2020.02.13_13.03.24.csv,597,-113.1823,-113.18,-113.18,0.8422,4.387171
389,longdress,driving_B_2020.02.13_15.02.01.csv,435,-20.9609,-20.96,-20.96,0.8418,5.024338
390,loot,driving_B_2020.01.16_09.56.56.csv,1403,33.6239,33.62,33.62,0.8414,4.820686
391,redandblack,driving_B_2019.12.16_12.27.05.csv,151,-8.9286,-8.93,-8.93,0.8410,4.823253
392,soldier,driving_B_2020.02.14_09.38.22.csv,464,-139.6003,-139.60,-139.60,0.8405,5.152799
393,longdress,static_B_2020.02.27_18.39.27.csv,634,61.0912,61.09,61.09,0.8401,4.547008
394,loot,static_B_2020.02.27_18.39.27.csv,2074,62.5990,62.60,62.60,0.8397,5.816588
395,redandblack,driving_B_2020.02.13_15.02.01.csv,375,37.2925,37.29,37.29,0.8393,5.364198
396,soldier,static_B_2020.02.27_18.39.27.csv,5014,54.9211,54.92,54.92,0.8389,4.912649
397,longdress,static_B_2020.02.27_18.39.27.csv,2134,19.8677,19.87,19.87,0.8385,5.205791
398,loot,driving_B_2019.12.17_07.32.39.csv,714,14.8773,14.88,14.88,0.8381,4.857854
399,redandblack,driving_B_2019.12.17_07.32.39.csv,1494,-90.3506,-90.35,-90.35,0.8377,4.503794
400,soldier,static_B_2020.02.27_18.39.27.csv,394,56.2919,56.29,56.29,0.8373,5.061476
401,longdress,driving_B_2020.02.14_09.38.22.csv,404,-89.4486,-89.45,-89.45,0.8369,4.345601
402,loot,static_B_2020.02.14_13.21.26.csv,485,52.1509,52.15,52.15,0.8365,4.504995
403,redandblack,static_B_2020.02.14_13.21.26.csv,365,36.4650,36.46,36.46,0.8361,5.088472
404,soldier,driving_B_2020.02.13_15.02.01.csv,195,-3.0621,-3.06,-3.06,0.8357,4.484469
405,longdress,driving_B_2019.12.17_07.32.39.csv,894,-135.2267,-135.23,-135.23,0.8353,4.672554
406,loot,driving_B_2020.01.16_09.56.56.csv,203,40.6020,40.60,40.60,0.8349,4.743625
407,redandblack,driving_B_2020.01.16_09.56.56.csv,1223,-16.3509,-16.35,-16.35,0.8344,5.677469
408,soldier,driving_B_2020.02.13_13.03.24.csv,2188,-184.0713,-184.07,-184.07,0.8340,4.824042
409,longdress,static_B_2020.02.27_18.39.27.csv,5494,53.3048,53.30,53.30,0.8336,4.694337
410,loot,driving_B_2019.12.17_07.32.39.csv,1794,-102.0131,-102.01,-102.01,0.8332,5.513975
411,redandblack,driving_B_2020.02.13_15.02.01.csv,735,-26.9642,-26.96,-26.96,0.8328,5.033906
412,soldier,driving_B_2020.01.16_07.26.43.csv,1037,6.8387,6.84,6.84,0.8324,4.728916
413,longdress,driving_B_2019.12.17_07.32.39.csv,1374,58.0168,58.02,58.02,0.8320,5.559957
414,loot,static_B_2019.12.16_13.40.04.csv,981,55.4198,55.42,55.42,0.8316,4.394965
415,redandblack,static_B_2020.02.27_18.39.27.csv,1654,52.5371,52.54,52.54,0.8312,4.558632
416,soldier,driving_B_2020.01.16_09.56.56.csv,1283,35.3861,35.39,35.39,0.8308,5.198751
417,longdress,driving_B_2020.02.13_13.03.24.csv,2157,-396.2589,-396.26,-396.26,0.8304,4.480330
418,loot,static_B_2020.02.27_18.39.27.csv,1754,43.1625,43.16,43.16,0.8300,4.615916
419,redandblack,static_B_2020.02.27_18.39.27.csv,5354,43.3298,43.33,43.33,0.8296,4.866207
420,soldier,driving_B_2020.01.16_09.56.56.csv,736,12.8901,12.89,12.89,0.8292,4.362153
421,longdress,driving_B_2020.01.16_07.26.43.csv,1143,-18.9182,-18.92,-18.92,0.8288,4.224054
422,loot,static_B_2019.12.16_13.40.04.csv,208,47.0355,47.04,47.04,0.8283,4.446042
423,redandblack,driving_B_2020.02.14_12.58.17.csv,447,-350.3640,-350.36,-350.36,0.8279,4.643667
424,soldier,static_B_2019.12.16_13.40.04.csv,1708,46.2889,46.29,46.29,0.8275,4.297675
425,longdress,static_B_2020.02.14_13.21.26.csv,214,30.3311,30.33,30.33,0.8271,5.031179
426,loot,static_B_2020.02.27_18.39.27.csv,3674,2.4496,2.45,2.45,0.8267,4.790480
427,redandblack,driving_B_2020.02.13_15.02.01.csv,1647,-71.6594,-71.66,-71.66,0.8263,4.672728
428,soldier,driving_B_2020.02.14_09.38.22.csv,1368,21.6370,21.64,21.64,0.8259,4.709636
429,longdress,driving_B_2020.02.13_15.02.01.csv,987,-12.4557,-12.46,-12.46,0.8255,3.967510
430,loot,driving_B_2020.01.16_12.10.03.csv,244,48.0327,48.03,48.03,0.8251,4.322465
431,redandblack,driving_B_2020.02.14_09.38.22.csv,348,-107.8955,-107.90,-107.90,0.8247,4.761163
432,soldier,static_B_2020.02.14_13.21.26.csv,394,33.3107,33.31,33.31,0.8243,5.376174
433,longdress,driving_B_2020.02.13_15.02.01.csv,1827,69.9459,69.95,69.95,0.8239,4.245427
434,loot,driving_B_2020.02.13_13.03.24.csv,897,-96.1663,-96.17,-96.17,0.8235,5.894907
435,redandblack,driving_B_2020.02.14_12.58.17.csv,147,-163.3531,-163.35,-163.35,0.8231,5.414933
436,soldier,driving_B_2020.02.13_15.02.01.csv,2667,-117.5637,-117.56,-117.56,0.8226,4.781274
437,longdress,driving_B_2020.02.14_09.38.22.csv,48,-17.3181,-17.32,-17.32,0.8222,5.271542
438,loot,static_B_2020.02.27_18.39.27.csv,2114,60.0184,60.02,60.02,0.8218,4.627391
439,redandblack,driving_B_2020.02.13_13.03.24.csv,1317,-66.9229,-66.92,-66.92,0.8214,3.724443
440,soldier,static_B_2020.02.27_18.39.27.csv,14,9.0251,9.03,9.03,0.8210,5.018427
441,longdress,driving_B_2019.12.17_07.32.39.csv,1019,7.5409,7.54,7.54,0.8206,4.909031
442,loot,driving_B_2019.12.17_07.32.39.csv,659,-27.1951,-27.20,-27.20,0.8202,4.780832
443,redandblack,driving_B_2020.02.27_17.30.15.csv,513,-267.6740,-267.67,-267.67,0.8198,4.879682
444,soldier,static_B_2019.12.16_13.40.04.csv,1168,-40.3627,-40.36,-40.36,0.8194,4.758302
445,longdress,driving_B_2020.02.13_13.03.24.csv,957,-116.2179,-116.22,-116.22,0.8190,3.726456
446,loot,static_B_2020.02.27_18.39.27.csv,3734,35.4582,35.46,35.46,0.8186,4.442086
447,redandblack,static_B_2020.02.27_18.39.27.csv,1394,57.9221,57.92,57.92,0.8182,5.311332
448,soldier,static_B_2020.02.27_18.39.27.csv,5174,36.7636,36.76,36.76,0.8178,4.633084
449,longdress,driving_B_2020.02.14_12.58.17.csv,387,-401.4647,-401.46,-401.46,0.8174,4.204749
450,loot,driving_B_2020.02.13_15.02.01.csv,807,-16.5130,-16.51,-16.51,0.8170,4.322085
451,redandblack,driving_B_2020.02.13_15.02.01.csv,1167,51.1543,51.15,51.15,0.8165,4.580460
452,soldier,static_B_2020.02.27_18.39.27.csv,374,68.9450,68.94,68.94,0.8161,4.676436
453,longdress,driving_B_2020.02.14_09.38.22.csv,468,-102.7727,-102.77,-102.77,0.8157,4.676950
454,loot,driving_B_2020.01.16_07.26.43.csv,963,-70.2269,-70.23,-70.23,0.8153,6.227343
455,redandblack,static_B_2020.02.27_18.39.27.csv,1874,34.2045,34.20,34.20,0.8149,4.949816
456,soldier,driving_B_2020.01.16_09.56.56.csv,676,-70.5741,-70.57,-70.57,0.8145,4.948977
457,longdress,driving_B_2019.12.17_07.32.39.csv,1799,-91.0658,-91.07,-91.07,0.8141,5.049726
458,loot,static_B_2019.12.16_13.40.04.csv,1588,34.1181,34.12,34.12,0.8137,4.811731
459,redandblack,driving_B_2019.12.17_07.32.39.csv,779,6.4005,6.40,6.40,0.8133,4.983247
460,soldier,static_B_2020.02.14_13.21.26.csv,94,26.6685,26.67,26.67,0.8129,4.501819
461,longdress,driving_B_2020.02.13_15.02.01.csv,327,40.9219,40.92,40.92,0.8125,5.806772
462,loot,static_B_2020.02.27_18.39.27.csv,3854,-39.8292,-39.83,-39.83,0.8121,4.888136
463,redandblack,static_B_2020.02.14_13.21.26.csv,754,35.4004,35.40,35.40,0.8117,5.336123
464,soldier,driving_B_2020.01.16_09.56.56.csv,76,-86.6691,-86.67,-86.67,0.8113,4.904026
465,longdress,static_B_2020.02.14_13.21.26.csv,454,56.4952,56.50,56.50,0.8109,5.888490
466,loot,driving_B_2020.02.13_15.02.01.csv,1887,28.5664,28.57,28.57,0.8104,5.268326
467,redandblack,driving_B_2019.12.16_12.27.05.csv,645,-182.6774,-182.68,-182.68,0.8100,5.441547
468,soldier,driving_B_2020.02.27_17.30.15.csv,333,-160.7972,-160.80,-160.80,0.8096,4.935058
469,longdress,static_B_2019.12.16_13.40.04.csv,1108,-501.3303,-501.33,-501.33,0.8092,5.338403
470,loot,driving_B_2020.01.16_09.56.56.csv,196,55.7015,55.70,55.70,0.8088,5.425786
471,redandblack,static_B_2019.12.16_13.40.04.csv,988,23.5615,23.56,23.56,0.8084,4.963532
472,soldier,driving_B_2019.12.17_07.32.39.csv,2159,-88.2102,-88.21,-88.21,0.8080,5.756411
473,longdress,driving_B_2020.01.16_07.26.43.csv,1083,22.5939,22.59,22.59,0.8076,5.178462
474,loot,static_B_2020.02.27_18.39.27.csv,5234,38.3181,38.32,38.32,0.8072,5.052817
475,redandblack,driving_B_2020.01.16_09.56.56.csv,1156,-41.9636,-41.96,-41.96,0.8068,4.926089
476,soldier,static_B_2020.02.27_18.39.27.csv,5114,78.6523,78.65,78.65,0.8064,5.621526
477,longdress,static_B_2020.02.27_18.39.27.csv,554,-111.1221,-111.12,-111.12,0.8060,4.724932
478,loot,static_B_2020.02.27_18.39.27.csv,974,63.6924,63.69,63.69,0.8056,4.665109
479,redandblack,driving_B_2020.02.13_15.02.01.csv,1107,35.6600,35.66,35.66,0.8052,5.141346
480,soldier,static_B_2020.02.27_18.39.27.csv,1634,33.7259,33.73,33.73,0.8047,4.993138
481,longdress,driving_B_2020.01.16_07.26.43.csv,1683,-80.8492,-80.85,-80.85,0.8043,4.555764
482,loot,driving_B_2020.02.13_13.03.24.csv,777,-50.5294,-50.53,-50.53,0.8039,4.860258
483,redandblack,driving_B_2020.02.14_09.38.22.csv,1128,-44.9636,-44.96,-44.96,0.8035,4.701159
484,soldier,driving_B_2019.12.17_07.32.39.csv,1859,-66.9169,-66.92,-66.92,0.8031,4.837258
485,longdress,static_B_2020.02.27_18.39.27.csv,1814,-53.0634,-53.06,-53.06,0.8027,4.916956
486,loot,static_B_2020.02.14_13.21.26.csv,814,19.2018,19.20,19.20,0.8023,5.378813
487,redandblack,static_B_2020.02.27_18.39.27.csv,1454,44.9927,44.99,44.99,0.8019,4.943487
488,soldier,driving_B_2019.12.17_07.32.39.csv,1139,-70.8593,-70.86,-70.86,0.8015,4.860543
489,longdress,driving_B_2020.02.13_13.03.24.csv,2188,-176.9976,-177.00,-177.00,0.8011,5.255491
490,loot,static_B_2020.02.27_18.39.27.csv,3614,45.7860,45.79,45.79,0.8007,4.729971
491,redandblack,static_B_2020.02.27_18.39.27.csv,1214,9.6562,9.66,9.66,0.8003,5.025248
492,soldier,static_B_2020.02.27_18.39.27.csv,2474,56.6160,56.62,56.62,0.7999,5.355035
493,longdress,driving_B_2019.12.16_12.27.05.csv,585,-13.8987,-13.90,-13.90,0.7995,5.111975
494,loot,driving_B_2020.01.16_07.26.43.csv,903,-18.8793,-18.88,-18.88,0.7991,4.927914
495,redandblack,driving_B_2020.01.16_09.56.56.csv,316,17.5696,17.57,17.57,0.7986,4.657421
496,soldier,static_B_2020.02.27_18.39.27.csv,4634,-71.9381,-71.94,-71.94,0.7982,4.549162
497,longdress,driving_B_2020.02.13_13.03.24.csv,1497,-130.3685,-130.37,-130.37,0.7978,4.912494
498,loot,driving_B_2020.02.13_15.02.01.csv,1527,-80.0698,-80.07,-80.07,0.7974,4.421021
499,redandblack,driving_B_2020.02.13_15.02.01.csv,747,13.0363,13.04,13.04,0.7970,4.697827
500,soldier,driving_B_2020.01.16_09.56.56.csv,1336,26.5000,26.50,26.50,0.7966,4.431789
501,longdress,static_B_2019.12.16_13.40.04.csv,268,-3.5103,-3.51,-3.51,0.7962,4.332535
502,loot,driving_B_2019.12.17_07.32.39.csv,1619,-20.4035,-20.40,-20.40,0.7958,5.084776
503,redandblack,driving_B_2020.01.16_09.56.56.csv,976,3.8768,3.88,3.88,0.7954,5.110722
504,soldier,driving_B_2019.12.17_07.32.39.csv,1199,-35.6381,-35.64,-35.64,0.7950,4.335453
505,longdress,static_B_2020.02.27_18.39.27.csv,5474,60.3310,60.33,60.33,0.7946,4.953381
506,loot,driving_B_2020.01.16_09.56.56.csv,1570,34.3183,34.32,34.32,0.7942,5.017367
507,redandblack,static_B_2020.02.27_18.39.27.csv,2414,16.3015,16.30,16.30,0.7938,4.576377
508,soldier,driving_B_2020.01.16_07.26.43.csv,1203,-66.1610,-66.16,-66.16,0.7934,5.075106
509,longdress,static_B_2020.02.27_18.39.27.csv,2354,-288.1144,-288.11,-288.11,0.7930,5.272532
510,loot,static_B_2020.02.27_18.39.27.csv,1994,42.0518,42.05,42.05,0.7925,5.339520
511,redandblack,driving_B_2020.02.14_09.38.22.csv,1478,-48.0041,-48.00,-48.00,0.7921,4.652984
512,soldier,driving_B_2020.02.27_17.30.15.csv,93,-193.3995,-193.40,-193.40,0.7917,4.534384
513,longdress,static_B_2020.02.27_18.39.27.csv,5534,43.7403,43.74,43.74,0.7913,4.676286
514,loot,driving_B_2020.02.13_15.02.01.csv,267,41.1702,41.17,41.17,0.7909,4.592081
515,redandblack,driving_B_2020.02.13_13.03.24.csv,477,-58.8237,-58.82,-58.82,0.7905,4.055103
516,soldier,driving_B_2020.02.13_15.02.01.csv,207,18.4326,18.43,18.43,0.7901,4.978906
517,longdress,driving_B_2020.01.16_07.26.43.csv,363,-117.1276,-117.13,-117.13,0.7897,4.761096
518,loot,static_B_2020.02.14_13.21.26.csv,694,39.4390,39.44,39.44,0.7893,5.028104
519,redandblack,static_B_2020.02.27_18.39.27.csv,5414,57.7138,57.71,57.71,0.7889,4.309355
520,soldier,driving_B_2020.02.14_09.38.22.csv,768,-18.3015,-18.30,-18.30,0.7885,4.114163
521,longdress,static_B_2020.02.27_18.39.27.csv,3974,47.5982,47.60,47.60,0.7881,4.609802
522,loot,static_B_2020.02.27_18.39.27.csv,434,21.6161,21.62,21.62,0.7877,4.911671
523,redandblack,static_B_2019.12.16_13.40.04.csv,148,40.2778,40.28,40.28,0.7873,5.048978
524,soldier,static_B_2020.02.14_13.21.26.csv,34,45.0594,45.06,45.06,0.7868,4.499921
525,longdress,static_B_2019.12.16_13.40.04.csv,1408,39.4229,39.42,39.42,0.7864,4.623151
526,loot,driving_B_2019.12.16_12.27.05.csv,1152,9.2265,9.23,9.23,0.7860,4.866579
527,redandblack,static_B_2020.02.27_18.39.27.csv,5742,44.6675,44.67,44.67,0.7856,4.927208
528,soldier,static_B_2020.02.27_18.39.27.csv,2894,52.7332,52.73,52.73,0.7852,4.409466
529,longdress,driving_B_2020.02.13_13.03.24.csv,1617,-232.6365,-232.64,-232.64,0.7848,5.098993
530,loot,static_B_2020.02.27_18.39.27.csv,254,54.0653,54.07,54.07,0.7844,5.898832
531,redandblack,static_B_2020.02.27_18.39.27.csv,1034,20.1353,20.14,20.14,0.7840,4.905349
532,soldier,static_B_2020.02.27_18.39.27.csv,2294,23.8680,23.87,23.87,0.7836,5.481561
533,longdress,static_B_2020.02.27_18.39.27.csv,494,44.4086,44.41,44.41,0.7832,5.389234
534,loot,static_B_2020.02.27_18.39.27.csv,2054,45.4508,45.45,45.45,0.7828,6.446078
535,redandblack,driving_B_2020.02.13_15.02.01.csv,2727,-104.8335,-104.83,-104.83,0.7824,5.137006
536,soldier,static_B_2020.02.27_18.39.27.csv,3014,5.1652,5.17,5.17,0.7820,4.697988
537,longdress,static_B_2020.02.27_18.39.27.csv,4454,-15.3939,-15.39,-15.39,0.7816,5.048743
538,loot,driving_B_2020.02.13_13.03.24.csv,597,1.5814,1.58,1.58,0.7812,4.837234
539,redandblack,static_B_2020.02.27_18.39.27.csv,314,52.4221,52.42,52.42,0.7807,5.651418
540,soldier,driving_B_2019.12.17_07.32.39.csv,359,46.1500,46.15,46.15,0.7803,5.429424
541,longdress,driving_B_2020.01.16_09.56.56.csv,436,15.3950,15.40,15.40,0.7799,5.344333
542,loot,driving_B_2020.02.27_17.30.15.csv,153,-146.5295,-146.53,-146.53,0.7795,5.346638
543,redandblack,driving_B_2020.02.13_15.02.01.csv,1587,-353.9118,-353.91,-353.91,0.7791,5.459807
544,soldier,driving_B_2019.12.16_12.27.05.csv,405,-152.1115,-152.11,-152.11,0.7787,5.586657
545,longdress,driving_B_2019.12.16_12.27.05.csv,45,-31.6423,-31.64,-31.64,0.7783,5.327227
546,loot,driving_B_2019.12.16_12.27.05.csv,525,-127.2498,-127.25,-127.25,0.7779,5.010892
547,redandblack,driving_B_2020.02.14_12.58.17.csv,747,-216.1767,-216.18,-216.18,0.7775,4.892721
548,soldier,driving_B_2020.01.16_09.56.56.csv,376,-73.4276,-73.43,-73.43,0.7771,5.690503
549,longdress,driving_B_2019.12.16_12.27.05.csv,465,-48.1379,-48.14,-48.14,0.7767,4.935856
550,loot,driving_B_2019.12.16_12.27.05.csv,705,23.0408,23.04,23.04,0.7763,6.092178
551,redandblack,driving_B_2020.02.13_15.02.01.csv,567,0.8326,0.83,0.83,0.7759,5.291318
552,soldier,driving_B_2020.02.13_13.03.24.csv,297,-20.3313,-20.33,-20.33,0.7755,4.920415
553,longdress,driving_B_2019.12.16_12.27.05.csv,1152,-1.4789,-1.48,-1.48,0.7751,5.554212
554,loot,driving_B_2020.01.16_09.56.56.csv,856,-9.4235,-9.42,-9.42,0.7746,5.203746
555,redandblack,driving_B_2019.12.17_07.32.39.csv,2099,26.6854,26.69,26.69,0.7742,5.487687
556,soldier,driving_B_2020.02.13_13.03.24.csv,837,-240.5291,-240.53,-240.53,0.7738,5.296326
557,longdress,driving_B_2020.02.13_13.03.24.csv,2097,-303.4387,-303.44,-303.44,0.7734,4.909848
558,loot,static_B_2019.12.16_13.40.04.csv,1228,59.3634,59.36,59.36,0.7730,4.886000
559,redandblack,driving_B_2020.02.27_17.30.15.csv,213,-461.2379,-461.24,-461.24,0.7726,5.386706
560,soldier,driving_B_2020.02.14_12.58.17.csv,627,-41.4853,-41.49,-41.49,0.7722,4.974338
561,longdress,driving_B_2020.02.14_09.38.22.csv,948,39.4662,39.47,39.47,0.7718,5.901754
562,loot,driving_B_2019.12.17_07.32.39.csv,1319,34.3083,34.31,34.31,0.7714,5.715718
563,redandblack,static_B_2019.12.16_13.40.04.csv,1904,-87.5768,-87.58,-87.58,0.7710,4.671371
564,soldier,static_B_2019.12.16_13.40.04.csv,1528,50.7219,50.72,50.72,0.7706,5.282474
565,longdress,driving_B_2020.01.16_09.56.56.csv,1096,-28.7638,-28.76,-28.76,0.7702,5.874194
566,loot,driving_B_2019.12.16_12.27.05.csv,825,39.1980,39.20,39.20,0.7698,5.494365
567,redandblack,driving_B_2020.02.13_13.03.24.csv,1917,-256.1894,-256.19,-256.19,0.7694,4.840512
568,soldier,driving_B_2020.02.14_09.38.22.csv,288,-113.5303,-113.53,-113.53,0.7689,5.269007
569,longdress,static_B_2020.02.27_18.39.27.csv,4034,29.5517,29.55,29.55,0.7685,4.620144
570,loot,driving_B_2020.01.16_07.26.43.csv,303,34.0242,34.02,34.02,0.7681,5.610073
571,redandblack,driving_B_2020.01.16_07.26.43.csv,543,-22.6539,-22.65,-22.65,0.7677,4.858824
572,soldier,driving_B_2019.12.17_07.32.39.csv,239,-77.1414,-77.14,-77.14,0.7673,5.122052
573,longdress,driving_B_2019.12.17_07.32.39.csv,1079,12.5360,12.54,12.54,0.7669,5.219434
574,loot,static_B_2020.02.27_18.39.27.csv,2774,20.3616,20.36,20.36,0.7665,4.590711
575,redandblack,driving_B_2020.01.16_07.26.43.csv,603,-41.4339,-41.43,-41.43,0.7661,4.783600
576,soldier,driving_B_2020.02.14_09.38.22.csv,588,1.5777,1.58,1.58,0.7657,5.880244
577,longdress,driving_B_2019.12.17_07.32.39.csv,719,4.7351,4.74,4.74,0.7653,5.658878
578,loot,driving_B_2020.02.13_15.02.01.csv,1767,39.0529,39.05,39.05,0.7649,4.901734
579,redandblack,driving_B_2020.02.14_09.38.22.csv,828,3.6726,3.67,3.67,0.7645,5.329152
580,soldier,driving_B_2020.01.16_07.26.43.csv,1263,-53.9950,-53.99,-53.99,0.7641,4.960026
581,longdress,static_B_2020.02.27_18.39.27.csv,4214,53.9098,53.91,53.91,0.7637,5.288014
582,loot,driving_B_2020.02.13_15.02.01.csv,1707,69.0638,69.06,69.06,0.7633,4.928172
583,redandblack,static_B_2020.02.14_13.21.26.csv,850,39.0657,39.07,39.07,0.7628,5.542707
584,soldier,static_B_2020.02.27_18.39.27.csv,4874,-18.0729,-18.07,-18.07,0.7624,5.027004
585,longdress,driving_B_2020.02.13_13.03.24.csv,177,-32.5286,-32.53,-32.53,0.7620,5.687437
586,loot,driving_B_2020.01.16_12.10.03.csv,115,18.9242,18.92,18.92,0.7616,4.643414
587,redandblack,driving_B_2020.02.13_13.03.24.csv,357,-47.3444,-47.34,-47.34,0.7612,5.195433
588,soldier,driving_B_2019.12.17_07.32.39.csv,2279,37.0036,37.00,37.00,0.7608,4.678655
589,longdress,static_B_2019.12.16_13.40.04.csv,1048,-24.8543,-24.85,-24.85,0.7604,4.788927
590,loot,driving_B_2020.02.27_17.30.15.csv,633,-241.9843,-241.98,-241.98,0.7600,5.221732
591,redandblack,static_B_2020.02.27_18.39.27.csv,5654,46.1750,46.18,46.18,0.7596,5.205491
592,soldier,static_B_2019.12.16_13.40.04.csv,1888,-12.9287,-12.93,-12.93,0.7592,5.563669
593,longdress,driving_B_2020.02.14_09.38.22.csv,1008,-56.0115,-56.01,-56.01,0.7588,5.679565
594,loot,static_B_2020.02.27_18.39.27.csv,5714,46.3838,46.38,46.38,0.7584,4.730285
595,redandblack,driving_B_2020.02.13_15.02.01.csv,1287,-84.1300,-84.13,-84.13,0.7580,4.748761
596,soldier,driving_B_2019.12.17_07.32.39.csv,179,-21.0539,-21.05,-21.05,0.7576,5.949997
597,longdress,driving_B_2020.02.14_09.38.22.csv,168,-228.4317,-228.43,-228.43,0.7572,6.059856
598,loot,static_B_2020.02.27_18.39.27.csv,1574,51.6394,51.64,51.64,0.7567,5.916310
599,redandblack,driving_B_2019.12.17_07.32.39.csv,959,-70.7537,-70.75,-70.75,0.7563,5.275921
600,soldier,driving_B_2020.02.13_13.03.24.csv,2188,-317.7363,-317.74,-317.74,0.7559,4.828631
601,longdress,driving_B_2020.02.13_13.03.24.csv,537,-18.4844,-18.48,-18.48,0.7555,5.189988
602,loot,driving_B_2020.01.16_07.26.43.csv,723,26.7616,26.76,26.76,0.7551,5.130794
603,redandblack,driving_B_2020.02.13_15.02.01.csv,2487,-148.0711,-148.07,-148.07,0.7547,5.300038
604,soldier,driving_B_2020.02.14_09.38.22.csv,408,-68.7291,-68.73,-68.73,0.7543,5.988455
605,longdress,driving_B_2020.02.13_13.03.24.csv,237,2.6963,2.70,2.70,0.7539,6.375474
606,loot,driving_B_2019.12.17_07.32.39.csv,419,32.5146,32.51,32.51,0.7535,5.007484
607,redandblack,driving_B_2020.02.13_13.03.24.csv,1857,-576.5848,-576.58,-576.58,0.7531,6.302586
608,soldier,driving_B_2020.02.13_15.02.01.csv,927,34.0951,34.10,34.10,0.7527,5.698433
609,longdress,static_B_2020.02.27_18.39.27.csv,1514,53.7328,53.73,53.73,0.7523,5.478599
610,loot,driving_B_2020.01.16_09.56.56.csv,1516,31.8542,31.85,31.85,0.7519,6.086663
611,redandblack,driving_B_2020.01.16_07.26.43.csv,63,-9.9258,-9.93,-9.93,0.7515,5.776687
612,soldier,driving_B_2020.02.13_13.03.24.csv,1977,-216.2005,-216.20,-216.20,0.7510,4.981784
613,longdress,static_B_2019.12.16_13.40.04.csv,508,22.9660,22.97,22.97,0.7506,5.761568
614,loot,driving_B_2020.01.16_09.56.56.csv,796,24.7548,24.75,24.75,0.7502,5.695025
615,redandblack,static_B_2020.02.27_18.39.27.csv,4274,61.0456,61.05,61.05,0.7498,5.474301
616,soldier,driving_B_2019.12.17_07.32.39.csv,119,-55.1511,-55.15,-55.15,0.7494,5.592749
617,longdress,driving_B_2020.01.16_07.26.43.csv,783,12.0551,12.06,12.06,0.7490,6.114990
618,loot,driving_B_2020.02.13_13.03.24.csv,1797,-1064.7028,-1064.70,-1064.70,0.7486,5.371404
619,redandblack,static_B_2019.12.16_13.40.04.csv,448,31.8451,31.85,31.85,0.7482,6.071397
620,soldier,driving_B_2020.01.16_09.56.56.csv,1036,-45.1639,-45.16,-45.16,0.7478,5.904984
621,longdress,static_B_2019.12.16_13.40.04.csv,1828,-18.1061,-18.11,-18.11,0.7474,5.420926
622,loot,static_B_2020.02.27_18.39.27.csv,2954,48.5911,48.59,48.59,0.7470,5.967521
623,redandblack,driving_B_2020.02.14_09.38.22.csv,648,61.4000,61.40,61.40,0.7466,5.614814
624,soldier,driving_B_2019.12.16_12.27.05.csv,945,53.5743,53.57,53.57,0.7462,5.568369
625,longdress,static_B_2020.02.14_13.21.26.csv,634,37.4588,37.46,37.46,0.7458,5.607012
626,loot,driving_B_2020.02.14_12.58.17.csv,87,-115.9996,-116.00,-116.00,0.7454,5.913022
627,redandblack,driving_B_2019.12.17_07.32.39.csv,1439,-13.8506,-13.85,-13.85,0.7449,6.227844
628,soldier,driving_B_2020.01.16_09.56.56.csv,916,-107.4759,-107.48,-107.48,0.7445,5.531178
629,longdress,static_B_2020.02.27_18.39.27.csv,794,52.2093,52.21,52.21,0.7441,6.012597
630,loot,driving_B_2020.02.13_13.03.24.csv,1197,-32.2426,-32.24,-32.24,0.7437,5.474559
631,redandblack,static_B_2020.02.27_18.39.27.csv,614,19.7330,19.73,19.73,0.7433,5.469004
632,soldier,driving_B_2020.01.16_09.56.56.csv,496,42.7065,42.71,42.71,0.7429,5.470448
633,longdress,driving_B_2019.12.16_12.27.05.csv,105,-64.3559,-64.36,-64.36,0.7425,6.064735
634,loot,driving_B_2019.12.17_07.32.39.csv,1559,-28.6552,-28.66,-28.66,0.7421,6.294184
635,redandblack,driving_B_2020.02.13_13.03.24.csv,2157,-331.2452,-331.25,-331.25,0.7417,5.443350
636,soldier,driving_B_2020.01.16_07.26.43.csv,1383,-133.6389,-133.64,-133.64,0.7413,4.892731
637,longdress,driving_B_2020.01.16_09.56.56.csv,136,-75.7194,-75.72,-75.72,0.7409,6.372984
638,loot,driving_B_2019.12.16_12.27.05.csv,345,6.7932,6.79,6.79,0.7405,5.461670
639,redandblack,static_B_2020.02.27_18.39.27.csv,2834,41.8412,41.84,41.84,0.7401,5.443344
640,soldier,static_B_2020.02.14_13.21.26.csv,274,9.4581,9.46,9.46,0.7397,5.533799
641,longdress,driving_B_2020.02.14_09.38.22.csv,1188,-187.4099,-187.41,-187.41,0.7393,5.750582
642,loot,driving_B_2020.02.13_15.02.01.csv,2427,-161.4873,-161.49,-161.49,0.7388,5.287611
643,redandblack,static_B_2019.12.16_13.40.04.csv,1348,37.4605,37.46,37.46,0.7384,5.690488
644,soldier,driving_B_2020.02.13_13.03.24.csv,657,-162.4997,-162.50,-162.50,0.7380,5.997552
645,longdress,driving_B_2020.02.13_13.03.24.csv,1677,29.6668,29.67,29.67,0.7376,5.638507
646,loot,driving_B_2020.02.14_12.58.17.csv,267,-506.4868,-506.49,-506.49,0.7372,6.011304
647,redandblack,static_B_2020.02.27_18.39.27.csv,3434,25.1357,25.14,25.14,0.7368,5.725712
648,soldier,driving_B_2019.12.17_07.32.39.csv,899,-33.4008,-33.40,-33.40,0.7364,5.561897
649,longdress,driving_B_2020.02.14_12.58.17.csv,327,-420.4457,-420.45,-420.45,0.7360,5.739956
650,loot,static_B_2020.02.27_18.39.27.csv,2534,41.7401,41.74,41.74,0.7356,5.222034
651,redandblack,driving_B_2019.12.17_07.32.39.csv,2288,41.5397,41.54,41.54,0.7352,5.953791
652,soldier,driving_B_2020.02.13_15.02.01.csv,2754,-56.1981,-56.20,-56.20,0.7348,5.426489
653,longdress,static_B_2020.02.14_13.21.26.csv,334,60.0263,60.03,60.03,0.7344,4.900392
654,loot,driving_B_2019.12.17_07.32.39.csv,1499,-26.9244,-26.92,-26.92,0.7340,5.983840
655,redandblack,driving_B_2020.02.13_13.03.24.csv,1377,-43.3912,-43.39,-43.39,0.7336,5.184536
656,soldier,driving_B_2020.01.16_12.10.03.csv,235,41.9105,41.91,41.91,0.7331,4.924473
657,longdress,driving_B_2020.01.16_07.26.43.csv,423,-179.4758,-179.48,-179.48,0.7327,4.918678
658,loot,static_B_2020.02.27_18.39.27.csv,5294,57.6504,57.65,57.65,0.7323,5.384301
659,redandblack,driving_B_2020.02.13_15.02.01.csv,2754,-23.5911,-23.59,-23.59,0.7319,5.203519
660,soldier,static_B_2020.02.27_18.39.27.csv,4514,14.8852,14.89,14.89,0.7315,5.708438
661,longdress,driving_B_2019.12.16_12.27.05.csv,1125,4.3311,4.33,4.33,0.7311,5.730241
662,loot,driving_B_2020.02.27_17.30.15.csv,393,-154.7902,-154.79,-154.79,0.7307,6.207267
663,redandblack,static_B_2020.02.27_18.39.27.csv,5594,36.6544,36.65,36.65,0.7303,5.315978
664,soldier,static_B_2020.02.27_18.39.27.csv,1094,-0.4176,-0.42,-0.42,0.7299,5.741152
665,longdress,static_B_2020.02.27_18.39.27.csv,1934,24.5903,24.59,24.59,0.7295,6.061066
666,loot,static_B_2020.02.14_13.21.26.csv,514,38.4978,38.50,38.50,0.7291,5.556252
667,redandblack,driving_B_2020.01.16_07.26.43.csv,183,-42.4029,-42.40,-42.40,0.7287,5.965789
668,soldier,static_B_2020.02.27_18.39.27.csv,734,28.5189,28.52,28.52,0.7283,5.875564
669,longdress,driving_B_2020.01.16_12.10.03.csv,175,42.4140,42.41,42.41,0.7279,5.995757
670,loot,static_B_2019.12.16_13.40.04.csv,1648,61.4566,61.46,61.46,0.7275,5.684950
671,redandblack,static_B_2020.02.27_18.39.27.csv,4994,30.7363,30.74,30.74,0.7270,5.267485
672,soldier,driving_B_2020.02.13_15.02.01.csv,2607,31.0606,31.06,31.06,0.7266,5.731392
673,longdress,static_B_2020.02.27_18.39.27.csv,4094,35.2861,35.29,35.29,0.7262,5.503544
674,loot,static_B_2019.12.16_13.40.04.csv,868,62.2850,62.29,62.29,0.7258,5.546822
675,redandblack,driving_B_2020.01.16_07.26.43.csv,243,30.6142,30.61,30.61,0.7254,5.192154
676,soldier,driving_B_2020.02.27_17.30.15.csv,273,-171.1465,-171.15,-171.15,0.7250,6.020658
677,longdress,driving_B_2020.02.13_13.03.24.csv,1737,39.6974,39.70,39.70,0.7246,5.379163
678,loot,driving_B_2020.02.13_15.02.01.csv,627,-14.0337,-14.03,-14.03,0.7242,5.783040
679,redandblack,driving_B_2020.02.13_15.02.01.csv,2367,-190.5677,-190.57,-190.57,0.7238,6.395010
680,soldier,driving_B_2020.02.13_15.02.01.csv,2067,-86.1508,-86.15,-86.15,0.7234,6.909284
681,longdress,driving_B_2020.01.16_07.26.43.csv,1623,-72.9873,-72.99,-72.99,0.7230,6.314599
682,loot,driving_B_2019.12.16_12.27.05.csv,1005,34.5356,34.54,34.54,0.7226,6.169247
683,redandblack,driving_B_2020.01.16_07.26.43.csv,1743,8.4601,8.46,8.46,0.7222,6.876712
684,soldier,static_B_2019.12.16_13.40.04.csv,1288,36.3572,36.36,36.36,0.7218,6.682940
685,longdress,driving_B_2019.12.17_07.32.39.csv,1919,7.4581,7.46,7.46,0.7214,5.913247
686,loot,static_B_2020.02.27_18.39.27.csv,134,52.9043,52.90,52.90,0.7209,6.203423
687,redandblack,driving_B_2020.02.13_15.02.01.csv,2547,36.5816,36.58,36.58,0.7205,6.061728
688,soldier,driving_B_2020.02.13_15.02.01.csv,1947,50.1323,50.13,50.13,0.7201,5.515368
689,longdress,driving_B_2020.01.16_07.26.43.csv,843,18.8530,18.85,18.85,0.7197,6.038127
690,loot,static_B_2020.02.27_18.39.27.csv,674,37.7498,37.75,37.75,0.7193,5.915221
691,redandblack,static_B_2020.02.27_18.39.27.csv,4754,60.0863,60.09,60.09,0.7189,5.562264
692,soldier,driving_B_2020.02.14_12.58.17.csv,687,-219.2978,-219.30,-219.30,0.7185,6.609125
693,longdress,driving_B_2020.01.16_09.56.56.csv,616,44.6913,44.69,44.69,0.7181,6.634039
694,loot,static_B_2020.02.27_18.39.27.csv,5054,61.0210,61.02,61.02,0.7177,6.541092
695,redandblack,driving_B_2019.12.17_07.32.39.csv,1259,-33.9818,-33.98,-33.98,0.7173,5.423191
696,soldier,driving_B_2020.02.13_13.03.24.csv,1077,-176.8962,-176.90,-176.90,0.7169,5.487722
697,longdress,static_B_2020.02.27_18.39.27.csv,3314,29.4972,29.50,29.50,0.7165,5.276950
698,loot,driving_B_2020.01.16_09.56.56.csv,1570,35.2342,35.23,35.23,0.7161,6.656591
699,redandblack,driving_B_2019.12.17_07.32.39.csv,539,-58.7841,-58.78,-58.78,0.7157,5.248156
700,soldier,driving_B_2019.12.17_07.32.39.csv,599,-43.0157,-43.02,-43.02,0.7152,5.967997
701,longdress,driving_B_2020.02.13_13.03.24.csv,717,-27.1672,-27.17,-27.17,0.7148,6.311833
702,loot,driving_B_2020.01.16_07.26.43.csv,1023,-10.0566,-10.06,-10.06,0.7144,6.087112
703,redandblack,static_B_2019.12.16_13.40.04.csv,28,43.0481,43.05,43.05,0.7140,5.987200
704,soldier,driving_B_2020.02.14_12.58.17.csv,27,-6.6136,-6.61,-6.61,0.7136,6.204820
705,longdress,driving_B_2020.01.16_07.26.43.csv,1443,-83.2908,-83.29,-83.29,0.7132,5.841868
706,loot,driving_B_2020.02.13_15.02.01.csv,387,54.5451,54.55,54.55,0.7128,6.270723
707,redandblack,driving_B_2020.02.14_09.38.22.csv,708,54.7037,54.70,54.70,0.7124,5.579499
708,soldier,static_B_2020.02.27_18.39.27.csv,194,41.7258,41.73,41.73,0.7120,5.557106
709,longdress,static_B_2020.02.27_18.39.27.csv,3794,27.9228,27.92,27.92,0.7116,6.242777
710,loot,driving_B_2020.02.14_09.38.22.csv,1308,66.9631,66.96,66.96,0.7112,5.817225
711,redandblack,static_B_2020.02.27_18.39.27.csv,4394,42.2740,42.27,42.27,0.7108,5.094605
712,soldier,driving_B_2020.02.13_15.02.01.csv,27,40.8226,40.82,40.82,0.7104,5.599637
713,longdress,driving_B_2020.02.14_12.58.17.csv,567,-9.6026,-9.60,-9.60,0.7100,5.804572
714,loot,static_B_2020.02.27_18.39.27.csv,3134,-119.6391,-119.64,-119.64,0.7096,5.669682
715,redandblack,driving_B_2020.02.14_09.38.22.csv,108,-62.0055,-62.01,-62.01,0.7091,5.897839
716,soldier,static_B_2019.12.16_13.40.04.csv,688,52.3280,52.33,52.33,0.7087,6.195925
717,longdress,driving_B_2019.12.17_07.32.39.csv,59,9.2003,9.20,9.20,0.7083,5.930185
718,loot,static_B_2020.02.27_18.39.27.csv,3254,31.8107,31.81,31.81,0.7079,5.604400
719,redandblack,static_B_2019.12.16_13.40.04.csv,328,15.2896,15.29,15.29,0.7075,5.455665
720,soldier,driving_B_2020.01.16_07.26.43.csv,483,-29.9682,-29.97,-29.97,0.7071,5.890141
721,longdress,driving_B_2020.02.13_15.02.01.csv,1407,-94.9810,-94.98,-94.98,0.7067,5.977473
722,loot,driving_B_2019.12.17_07.32.39.csv,299,36.8377,36.84,36.84,0.7063,5.226341
723,redandblack,static_B_2020.02.27_18.39.27.csv,74,35.3769,35.38,35.38,0.7059,5.746945
724,soldier,driving_B_2020.01.16_09.56.56.csv,556,28.2746,28.27,28.27,0.7055,5.649275
725,longdress,driving_B_2020.02.14_09.38.22.csv,1248,-59.5662,-59.57,-59.57,0.7051,6.204493
726,loot,driving_B_2020.01.16_07.26.43.csv,1563,-130.4042,-130.40,-130.40,0.7047,5.209369
727,redandblack,driving_B_2020.01.16_09.56.56.csv,256,15.2657,15.27,15.27,0.7043,5.711387
728,soldier,driving_B_2019.12.17_07.32.39.csv,2219,33.0903,33.09,33.09,0.7039,5.825009
729,longdress,driving_B_2020.02.14_12.58.17.csv,800,-208.7982,-208.80,-208.80,0.7035,6.879864
730,loot,driving_B_2019.12.17_07.32.39.csv,1979,38.1564,38.16,38.16,0.7030,5.481066
731,redandblack,static_B_2019.12.16_13.40.04.csv,88,33.0252,33.03,33.03,0.7026,5.606052
732,soldier,static_B_2020.02.27_18.39.27.csv,3074,-10.3397,-10.34,-10.34,0.7022,5.893859
733,longdress,driving_B_2020.02.13_15.02.01.csv,507,-10.4566,-10.46,-10.46,0.7018,5.921589
734,loot,static_B_2020.02.27_18.39.27.csv,854,70.5672,70.57,70.57,0.7014,6.303671
735,redandblack,driving_B_2020.02.13_13.03.24.csv,1137,-103.9014,-103.90,-103.90,0.7010,5.891420
736,soldier,driving_B_2019.12.17_07.32.39.csv,839,-38.9875,-38.99,-38.99,0.7006,5.648952
737,longdress,driving_B_2020.02.13_15.02.01.csv,447,-69.9502,-69.95,-69.95,0.7002,6.125540
738,loot,driving_B_2020.02.14_09.38.22.csv,1068,-6.2559,-6.26,-6.26,0.6998,6.141323
739,redandblack,driving_B_2019.12.17_07.32.39.csv,2288,56.6050,56.60,56.60,0.6994,5.974563
740,soldier,driving_B_2020.02.13_15.02.01.csv,2187,25.9845,25.98,25.98,0.6990,5.921474
741,longdress,driving_B_2020.01.16_07.26.43.csv,1770,-136.7709,-136.77,-136.77,0.6986,6.045236
742,loot,static_B_2020.02.27_18.39.27.csv,4694,6.7107,6.71,6.71,0.6982,5.607818
743,redandblack,driving_B_2020.02.14_09.38.22.csv,1478,-20.2738,-20.27,-20.27,0.6978,6.040237
744,soldier,driving_B_2020.02.14_09.38.22.csv,228,-75.9087,-75.91,-75.91,0.6973,5.595298
745,longdress,static_B_2020.02.27_18.39.27.csv,4934,56.0695,56.07,56.07,0.6969,5.698159
746,loot,driving_B_2020.02.13_13.03.24.csv,1557,-44.5910,-44.59,-44.59,0.6965,5.694986
747,redandblack,driving_B_2019.12.16_12.27.05.csv,165,-29.1457,-29.15,-29.15,0.6961,5.769161
748,soldier,driving_B_2020.02.27_17.30.15.csv,573,-62.9237,-62.92,-62.92,0.6957,5.430718
749,longdress,static_B_2020.02.27_18.39.27.csv,5742,49.9290,49.93,49.93,0.6953,6.238438
750,loot,static_B_2019.12.16_13.40.04.csv,748,36.3481,36.35,36.35,0.6949,5.295848
751,redandblack,driving_B_2020.02.14_09.38.22.csv,528,22.4754,22.48,22.48,0.6945,5.637734
752,soldier,driving_B_2020.02.14_12.58.17.csv,507,-138.6251,-138.63,-138.63,0.6941,6.213722
753,longdress,static_B_2020.02.27_18.39.27.csv,4574,28.2708,28.27,28.27,0.6937,5.750907
754,loot,driving_B_2019.12.17_07.32.39.csv,479,35.8699,35.87,35.87,0.6933,6.580672
755,redandblack,static_B_2020.02.27_18.39.27.csv,1334,38.7187,38.72,38.72,0.6929,6.280450
756,soldier,driving_B_2020.02.13_15.02.01.csv,1347,-100.5699,-100.57,-100.57,0.6925,5.714510
757,longdress,static_B_2020.02.14_13.21.26.csv,574,44.0015,44.00,44.00,0.6921,6.245797
758,loot,driving_B_2020.02.13_15.02.01.csv,87,34.6303,34.63,34.63,0.6917,6.127388
759,redandblack,static_B_2019.12.16_13.40.04.csv,568,58.8549,58.85,58.85,0.6912,6.686368
760,soldier,driving_B_2019.12.16_12.27.05.csv,225,-3.1081,-3.11,-3.11,0.6908,6.431201
761,longdress,driving_B_2020.01.16_07.26.43.csv,1503,-64.6344,-64.63,-64.63,0.6904,6.647736
762,loot,driving_B_2020.02.13_13.03.24.csv,117,-20.3164,-20.32,-20.32,0.6900,6.978470
763,redandblack,static_B_2020.02.27_18.39.27.csv,3194,-19.2904,-19.29,-19.29,0.6896,6.757898
764,soldier,driving_B_2020.02.13_15.02.01.csv,147,39.3660,39.37,39.37,0.6892,5.854976
765,longdress,driving_B_2020.02.14_09.38.22.csv,888,39.1420,39.14,39.14,0.6888,7.118866
766,loot,static_B_2019.12.16_13.40.04.csv,388,49.9887,49.99,49.99,0.6884,6.954470
767,redandblack,driving_B_2019.12.17_07.32.39.csv,1379,52.2703,52.27,52.27,0.6880,6.942788
768,soldier,driving_B_2019.12.16_12.27.05.csv,765,-2.0640,-2.06,-2.06,0.6876,6.986507
769,longdress,driving_B_2020.02.13_13.03.24.csv,57,-55.4427,-55.44,-55.44,0.6872,6.738721
770,loot,driving_B_2019.12.16_12.27.05.csv,1065,44.9824,44.98,44.98,0.6868,6.471679
771,redandblack,driving_B_2019.12.16_12.27.05.csv,285,-8.8841,-8.88,-8.88,0.6864,6.255638
772,soldier,static_B_2020.02.27_18.39.27.csv,2174,55.6571,55.66,55.66,0.6860,6.869825
773,longdress,driving_B_2020.01.16_07.26.43.csv,1323,-89.9101,-89.91,-89.91,0.6856,6.830878
774,loot,driving_B_2020.02.14_12.58.17.csv,800,-9.8140,-9.81,-9.81,0.6851,5.883715
775,redandblack,driving_B_2020.02.13_15.02.01.csv,687,20.2693,20.27,20.27,0.6847,6.919522
776,soldier,driving_B_2020.01.16_07.26.43.csv,3,-34.4972,-34.50,-34.50,0.6843,6.249209
777,longdress,driving_B_2020.02.13_13.03.24.csv,2037,-53.4179,-53.42,-53.42,0.6839,6.513941
778,loot,driving_B_2020.01.16_07.26.43.csv,123,19.4219,19.42,19.42,0.6835,6.833127
779,redandblack,driving_B_2020.02.13_13.03.24.csv,1257,-139.9415,-139.94,-139.94,0.6831,6.390017
780,soldier,driving_B_2020.01.16_12.10.03.csv,244,37.9187,37.92,37.92,0.6827,5.941957
781,longdress,driving_B_2020.02.13_15.02.01.csv,2247,45.3755,45.38,45.38,0.6823,6.292359
782,loot,driving_B_2020.02.27_17.30.15.csv,720,-110.6441,-110.64,-110.64,0.6819,5.846654
783,redandblack,driving_B_2020.02.13_15.02.01.csv,2307,-60.7773,-60.78,-60.78,0.6815,6.098450
784,soldier,static_B_2020.02.27_18.39.27.csv,2594,39.6029,39.60,39.60,0.6811,6.129894
785,longdress,driving_B_2019.12.17_07.32.39.csv,2039,-24.5354,-24.54,-24.54,0.6807,5.279999
786,loot,static_B_2020.02.27_18.39.27.csv,3554,7.0230,7.02,7.02,0.6803,6.180382
787,redandblack,driving_B_2019.12.17_07.32.39.csv,1739,-91.8484,-91.85,-91.85,0.6799,7.147073
788,soldier,static_B_2019.12.16_13.40.04.csv,628,14.5094,14.51,14.51,0.6794,6.199456
789,longdress,driving_B_2020.02.13_15.02.01.csv,1467,-124.0201,-124.02,-124.02,0.6790,5.808388
790,loot,static_B_2019.12.16_13.40.04.csv,808,51.2558,51.26,51.26,0.6786,5.735440
791,redandblack,driving_B_2020.01.16_07.26.43.csv,663,-16.4911,-16.49,-16.49,0.6782,6.261653
792,soldier,driving_B_2019.12.17_07.32.39.csv,1679,-173.7448,-173.74,-173.74,0.6778,6.143884
793,longdress,driving_B_2020.01.16_09.56.56.csv,1216,-2.0814,-2.08,-2.08,0.6774,5.673221
794,loot,static_B_2019.12.16_13.40.04.csv,928,22.6066,22.61,22.61,0.6770,5.692126
795,redandblack,static_B_2020.02.14_13.21.26.csv,154,54.4715,54.47,54.47,0.6766,7.097970
796,soldier,static_B_2020.02.27_18.39.27.csv,4334,43.3672,43.37,43.37,0.6762,6.497630
797,longdress,driving_B_2020.02.27_17.30.15.csv,693,-327.8890,-327.89,-327.89,0.6758,5.977571
798,loot,driving_B_2020.02.27_17.30.15.csv,720,-170.4830,-170.48,-170.48,0.6754,7.098198
799,redandblack,driving_B_2020.02.14_12.58.17.csv,207,-596.0818,-596.08,-596.08,0.6750,6.139072
800,soldier,driving_B_2020.02.27_17.30.15.csv,453,-354.1189,-354.12,-354.12,0.6746,6.179140
801,longdress,driving_B_2020.01.16_07.26.43.csv,1770,-74.6525,-74.65,-74.65,0.6742,6.188455
802,loot,static_B_2020.02.27_18.39.27.csv,3494,42.1024,42.10,42.10,0.6738,6.297834
803,redandblack,driving_B_2020.01.16_12.10.03.csv,55,49.2232,49.22,49.22,0.6733,5.832589
804,soldier,static_B_2020.02.27_18.39.27.csv,1154,-30.6554,-30.66,-30.66,0.6729,6.694190
805,longdress,driving_B_2020.02.13_15.02.01.csv,867,45.2999,45.30,45.30,0.6725,6.499916
806,loot,static_B_2019.12.16_13.40.04.csv,1768,67.7338,67.73,67.73,0.6721,6.490381
807,redandblack,static_B_2019.12.16_13.40.04.csv,1468,39.4496,39.45,39.45,0.6717,6.305392
808,soldier,driving_B_2020.02.13_15.02.01.csv,2127,51.9236,51.92,51.92,0.6713,6.027409
809,longdress,driving_B_2020.02.13_13.03.24.csv,1017,-44.0286,-44.03,-44.03,0.6709,6.668425
810,loot,static_B_2020.02.27_18.39.27.csv,1694,48.7602,48.76,48.76,0.6705,6.256492
811,redandblack,static_B_2020.02.27_18.39.27.csv,2234,77.2012,77.20,77.20,0.6701,6.643157
812,soldier,driving_B_2020.02.14_09.38.22.csv,1428,-39.3435,-39.34,-39.34,0.6697,6.644041
813,longdress,static_B_2020.02.27_18.39.27.csv,4814,57.5926,57.59,57.59,0.6693,6.036737
814,loot,driving_B_2020.01.16_09.56.56.csv,1396,45.8334,45.83,45.83,0.6689,5.797055
815,redandblack,driving_B_2020.02.13_15.02.01.csv,2007,36.0793,36.08,36.08,0.6685,5.944963
816,soldier,driving_B_2020.02.27_17.30.15.csv,33,-487.6963,-487.70,-487.70,0.6681,6.336051
817,longdress,static_B_2020.02.14_13.21.26.csv,850,26.8250,26.83,26.83,0.6677,5.878917
818,loot,driving_B_2020.02.14_09.38.22.csv,1478,-22.8870,-22.89,-22.89,0.6672,6.518467
819,redandblack,static_B_2019.12.16_13.40.04.csv,1904,-27.2323,-27.23,-27.23,0.6668,6.081280
820,soldier,driving_B_2020.01.16_09.56.56.csv,1456,56.0399,56.04,56.04,0.6664,5.914131
821,longdress,static_B_2020.02.27_18.39.27.csv,914,62.3428,62.34,62.34,0.6660,6.256844
822,loot,static_B_2020.02.27_18.39.27.csv,3374,42.5274,42.53,42.53,0.6656,6.530660
823,redandblack,driving_B_2020.02.13_15.02.01.csv,1227,-6.8664,-6.87,-6.87,0.6652,5.685493
824,soldier,driving_B_2020.02.13_15.02.01.csv,1047,51.3534,51.35,51.35,0.6648,6.817090
825,longdress,static_B_2020.02.27_18.39.27.csv,3914,53.6100,53.61,53.61,0.6644,6.282050
826,loot,static_B_2020.02.27_18.39.27.csv,1274,46.5392,46.54,46.54,0.6640,5.669456
827,redandblack,static_B_2020.02.27_18.39.27.csv,2654,40.8171,40.82,40.82,0.6636,6.016724
828,soldier,driving_B_2020.02.13_13.03.24.csv,417,-62.1908,-62.19,-62.19,0.6632,6.220119
829,longdress,driving_B_2020.02.13_13.03.24.csv,1437,-51.7416,-51.74,-51.74,0.6628,7.377892
830,loot,driving_B_2020.01.16_09.56.56.csv,1276,49.1928,49.19,49.19,0.6624,6.356353
831,redandblack,static_B_2020.02.27_18.39.27.csv,4154,29.2167,29.22,29.22,0.6620,6.513636
832,soldier,static_B_2020.02.27_18.39.27.csv,2714,57.0364,57.04,57.04,0.6615,6.758744
833,longdress,driving_B_2020.01.16_09.56.56.csv,16,0.8039,0.80,0.80,0.6611,7.188862
834,loot,driving_B_2019.12.16_12.27.05.csv,885,27.7702,27.77,27.77,0.6607,6.210151
835,redandblack,static_B_2020.02.27_18.39.27.csv,3453,54.5732,54.57,54.57,0.6603,7.124866
836,soldier,static_B_2020.02.27_18.39.27.csv,933,53.5456,53.55,53.55,0.6599,6.360715
837,longdress,driving_B_2020.02.13_15.02.01.csv,1934,40.2571,40.26,40.26,0.6595,6.891309
838,loot,driving_B_2020.02.14_09.38.22.csv,687,34.7686,34.77,34.77,0.6591,7.496767
839,redandblack,driving_B_2020.02.13_13.03.24.csv,382,14.7177,14.72,14.72,0.6587,7.212855
840,soldier,static_B_2020.02.27_18.39.27.csv,5313,43.4187,43.42,43.42,0.6583,6.227454
841,longdress,driving_B_2020.01.16_09.56.56.csv,1310,35.1990,35.20,35.20,0.6579,7.139807
842,loot,static_B_2020.02.27_18.39.27.csv,93,59.5968,59.60,59.60,0.6575,6.740044
843,redandblack,driving_B_2020.02.13_13.03.24.csv,562,-65.9746,-65.97,-65.97,0.6571,6.930376
844,soldier,static_B_2019.12.16_13.40.04.csv,1230,50.5991,50.60,50.60,0.6567,6.865503
845,longdress,static_B_2020.02.27_18.39.27.csv,5493,53.6325,53.63,53.63,0.6563,6.648258
846,loot,driving_B_2020.02.13_15.02.01.csv,1994,28.0563,28.06,28.06,0.6559,6.194001
847,redandblack,driving_B_2020.02.13_13.03.24.csv,922,-43.1408,-43.14,-43.14,0.6554,6.751135
848,soldier,driving_B_2020.02.14_12.58.17.csv,266,-539.9906,-539.99,-539.99,0.6550,6.575055
849,longdress,driving_B_2019.12.17_07.32.39.csv,2263,48.3098,48.31,48.31,0.6546,6.716960
850,loot,static_B_2019.12.16_13.40.04.csv,1904,-2.0893,-2.09,-2.09,0.6542,6.664676
851,redandblack,static_B_2020.02.27_18.39.27.csv,3873,-26.3025,-26.30,-26.30,0.6538,7.345431
852,soldier,driving_B_2020.02.13_15.02.01.csv,2714,-4.6785,-4.68,-4.68,0.6534,6.033466
853,longdress,driving_B_2020.02.13_15.02.01.csv,134,60.1112,60.11,60.11,0.6530,7.263641
854,loot,driving_B_2020.02.27_17.30.15.csv,194,-348.1071,-348.11,-348.11,0.6526,6.090393
855,redandblack,driving_B_2019.12.16_12.27.05.csv,987,32.2871,32.29,32.29,0.6522,7.473796
856,soldier,static_B_2020.02.14_13.21.26.csv,437,53.9226,53.92,53.92,0.6518,6.911360
857,longdress,static_B_2020.02.27_18.39.27.csv,813,57.1372,57.14,57.14,0.6514,6.357793
858,loot,static_B_2020.02.14_13.21.26.csv,850,47.0344,47.03,47.03,0.6510,6.205717
859,redandblack,static_B_2020.02.27_18.39.27.csv,4353,41.1577,41.16,41.16,0.6506,6.875590
860,soldier,driving_B_2020.02.27_17.30.15.csv,74,-294.0926,-294.09,-294.09,0.6502,6.394226
861,longdress,driving_B_2020.02.13_15.02.01.csv,494,-58.0826,-58.08,-58.08,0.6498,7.390111
862,loot,driving_B_2020.02.27_17.30.15.csv,374,-56.3107,-56.31,-56.31,0.6493,6.725111
863,redandblack,static_B_2020.02.14_13.21.26.csv,737,48.3276,48.33,48.33,0.6489,7.196893
864,soldier,static_B_2020.02.27_18.39.27.csv,4173,47.5151,47.52,47.52,0.6485,6.052112
865,longdress,driving_B_2019.12.17_07.32.39.csv,463,17.9706,17.97,17.97,0.6481,6.720298
866,loot,driving_B_2020.02.13_15.02.01.csv,194,50.1645,50.16,50.16,0.6477,6.138008
867,redandblack,static_B_2020.02.27_18.39.27.csv,573,-89.1429,-89.14,-89.14,0.6473,6.644406
868,soldier,driving_B_2019.12.16_12.27.05.csv,327,-29.6336,-29.63,-29.63,0.6469,6.569760
869,longdress,driving_B_2019.12.16_12.27.05.csv,687,-17.6789,-17.68,-17.68,0.6465,6.116052
870,loot,driving_B_2020.02.14_09.38.22.csv,1047,0.6606,0.66,0.66,0.6461,6.627145
871,redandblack,driving_B_2020.02.27_17.30.15.csv,494,-148.9041,-148.90,-148.90,0.6457,6.232008
872,soldier,driving_B_2020.02.13_13.03.24.csv,1162,-70.2080,-70.21,-70.21,0.6453,6.459515
873,longdress,driving_B_2019.12.17_07.32.39.csv,1123,48.2259,48.23,48.23,0.6449,6.261236
874,loot,driving_B_2020.02.13_15.02.01.csv,1874,-20.6127,-20.61,-20.61,0.6445,6.538414
875,redandblack,driving_B_2020.01.16_09.56.56.csv,590,62.4449,62.44,62.44,0.6441,6.928571
876,soldier,driving_B_2019.12.17_07.32.39.csv,1603,-21.7967,-21.80,-21.80,0.6436,7.464277
877,longdress,driving_B_2020.02.14_09.38.22.csv,927,48.5571,48.56,48.56,0.6432,6.337874
878,loot,static_B_2020.02.27_18.39.27.csv,5742,23.9951,24.00,24.00,0.6428,6.073713
879,redandblack,driving_B_2020.02.13_15.02.01.csv,974,-59.7283,-59.73,-59.73,0.6424,6.172510
880,soldier,driving_B_2020.02.14_12.58.17.csv,146,-242.2893,-242.29,-242.29,0.6420,6.123438
881,longdress,driving_B_2019.12.17_07.32.39.csv,1243,-50.5953,-50.60,-50.60,0.6416,6.498314
882,loot,driving_B_2020.02.13_15.02.01.csv,614,-48.8444,-48.84,-48.84,0.6412,7.362494
883,redandblack,driving_B_2019.12.17_07.32.39.csv,643,15.4775,15.48,15.48,0.6408,6.469502
884,soldier,driving_B_2020.02.14_12.58.17.csv,746,-344.5507,-344.55,-344.55,0.6404,6.016053
885,longdress,driving_B_2020.01.16_09.56.56.csv,530,33.7942,33.79,33.79,0.6400,6.917346
886,loot,driving_B_2019.12.17_07.32.39.csv,823,9.8141,9.81,9.81,0.6396,6.184966
887,redandblack,driving_B_2020.01.16_07.26.43.csv,209,12.0850,12.09,12.09,0.6392,6.653019
888,soldier,driving_B_2020.02.14_09.38.22.csv,987,-153.2382,-153.24,-153.24,0.6388,6.720423
889,longdress,static_B_2020.02.27_18.39.27.csv,4473,-5.1610,-5.16,-5.16,0.6384,6.370048
890,loot,driving_B_2020.01.16_07.26.43.csv,1770,-76.2213,-76.22,-76.22,0.6380,5.688686
891,redandblack,driving_B_2020.01.16_07.26.43.csv,689,-27.2359,-27.24,-27.24,0.6375,7.153751
892,soldier,static_B_2020.02.27_18.39.27.csv,513,29.0282,29.03,29.03,0.6371,6.797119
893,longdress,driving_B_2020.02.27_17.30.15.csv,134,-517.5176,-517.52,-517.52,0.6367,6.784159
894,loot,static_B_2020.02.27_18.39.27.csv,273,58.5487,58.55,58.55,0.6363,7.167235
895,redandblack,static_B_2019.12.16_13.40.04.csv,1110,-503.2644,-503.26,-503.26,0.6359,6.919202
896,soldier,static_B_2020.02.27_18.39.27.csv,5742,43.6556,43.66,43.66,0.6355,6.473237
897,longdress,driving_B_2020.02.13_15.02.01.csv,2174,50.6766,50.68,50.68,0.6351,7.537154
898,loot,driving_B_2020.02.13_15.02.01.csv,434,44.9825,44.98,44.98,0.6347,6.575671
899,redandblack,static_B_2020.02.27_18.39.27.csv,393,57.8527,57.85,57.85,0.6343,6.360802
900,soldier,driving_B_2020.02.27_17.30.15.csv,314,-192.1051,-192.11,-192.11,0.6339,7.185236
901,longdress,driving_B_2020.02.13_13.03.24.csv,742,-42.6167,-42.62,-42.62,0.6335,7.091515
902,loot,static_B_2020.02.27_18.39.27.csv,4113,55.6925,55.69,55.69,0.6331,6.027781
903,redandblack,driving_B_2019.12.17_07.32.39.csv,2288,34.9180,34.92,34.92,0.6327,6.840447
904,soldier,driving_B_2019.12.17_07.32.39.csv,1783,-37.4254,-37.43,-37.43,0.6323,7.484793
905,longdress,static_B_2019.12.16_13.40.04.csv,1904,5.2567,5.26,5.26,0.6319,7.325845
906,loot,static_B_2020.02.27_18.39.27.csv,4053,44.6368,44.64,44.64,0.6314,6.833516
907,redandblack,static_B_2019.12.16_13.40.04.csv,150,28.0923,28.09,28.09,0.6310,7.344480
908,soldier,driving_B_2020.02.13_15.02.01.csv,1034,30.9075,30.91,30.91,0.6306,6.888700
909,longdress,static_B_2019.12.16_13.40.04.csv,690,47.9288,47.93,47.93,0.6302,6.847398
910,loot,static_B_2020.02.27_18.39.27.csv,2133,57.8055,57.81,57.81,0.6298,7.653917
911,redandblack,driving_B_2020.02.13_15.02.01.csv,1094,30.3743,30.37,30.37,0.6294,6.150995
912,soldier,static_B_2019.12.16_13.40.04.csv,1410,24.7273,24.73,24.73,0.6290,7.258118
913,longdress,driving_B_2020.02.14_09.38.22.csv,867,13.2264,13.23,13.23,0.6286,6.696680
914,loot,static_B_2020.02.27_18.39.27.csv,4653,-56.1345,-56.13,-56.13,0.6282,6.435557
915,redandblack,driving_B_2020.01.16_09.56.56.csv,1250,4.6288,4.63,4.63,0.6278,6.276364
916,soldier,static_B_2020.02.27_18.39.27.csv,3573,-6.5565,-6.56,-6.56,0.6274,6.883682
917,longdress,driving_B_2020.02.13_15.02.01.csv,314,52.0584,52.06,52.06,0.6270,6.629476
918,loot,static_B_2020.02.27_18.39.27.csv,993,47.2059,47.21,47.21,0.6266,7.036944
919,redandblack,driving_B_2019.12.17_07.32.39.csv,943,8.8867,8.89,8.89,0.6262,7.268746
920,soldier,static_B_2020.02.27_18.39.27.csv,213,35.0737,35.07,35.07,0.6257,5.801937
921,longdress,driving_B_2020.02.13_13.03.24.csv,1942,-139.3289,-139.33,-139.33,0.6253,6.617851
922,loot,static_B_2020.02.27_18.39.27.csv,2733,33.1401,33.14,33.14,0.6249,6.431619
923,redandblack,driving_B_2020.01.16_09.56.56.csv,110,-38.2621,-38.26,-38.26,0.6245,6.692096
924,soldier,driving_B_2019.12.16_12.27.05.csv,807,17.7827,17.78,17.78,0.6241,7.684703
925,longdress,driving_B_2020.01.16_07.26.43.csv,449,-86.0381,-86.04,-86.04,0.6237,7.018351
926,loot,static_B_2020.02.27_18.39.27.csv,633,62.8840,62.88,62.88,0.6233,7.403023
927,redandblack,static_B_2020.02.27_18.39.27.csv,5133,67.2996,67.30,67.30,0.6229,6.577301
928,soldier,static_B_2020.02.27_18.39.27.csv,3153,-332.5257,-332.53,-332.53,0.6225,7.172801
929,longdress,driving_B_2020.01.16_09.56.56.csv,1010,58.1525,58.15,58.15,0.6221,6.341177
930,loot,static_B_2020.02.27_18.39.27.csv,1413,50.0072,50.01,50.01,0.6217,7.078127
931,redandblack,driving_B_2019.12.17_07.32.39.csv,703,-21.9019,-21.90,-21.90,0.6213,7.018502
932,soldier,driving_B_2020.02.13_15.02.01.csv,2754,-63.4602,-63.46,-63.46,0.6209,6.555116
933,longdress,static_B_2020.02.27_18.39.27.csv,5013,63.8452,63.85,63.85,0.6205,6.434498
934,loot,driving_B_2020.02.13_15.02.01.csv,1514,-52.4644,-52.46,-52.46,0.6201,6.103894
935,redandblack,static_B_2019.12.16_13.40.04.csv,1350,39.9405,39.94,39.94,0.6196,6.193528
936,soldier,driving_B_2020.02.13_13.03.24.csv,1462,-17.8240,-17.82,-17.82,0.6192,6.436885
937,longdress,static_B_2020.02.27_18.39.27.csv,1113,20.6149,20.61,20.61,0.6188,6.385463
938,loot,driving_B_2020.01.16_07.26.43.csv,1709,6.5110,6.51,6.51,0.6184,7.254769
939,redandblack,static_B_2019.12.16_13.40.04.csv,1590,39.3296,39.33,39.33,0.6180,6.499536
940,soldier,driving_B_2020.02.14_09.38.22.csv,207,-183.1393,-183.14,-183.14,0.6176,6.908344
941,longdress,driving_B_2019.12.16_12.27.05.csv,927,6.0833,6.08,6.08,0.6172,6.885708
942,loot,static_B_2020.02.27_18.39.27.csv,5253,45.5511,45.55,45.55,0.6168,7.278003
943,redandblack,driving_B_2020.02.14_12.58.17.csv,566,-13.5017,-13.50,-13.50,0.6164,6.578174
944,soldier,static_B_2019.12.16_13.40.04.csv,1830,-9.6762,-9.68,-9.68,0.6160,7.404259
945,longdress,static_B_2020.02.27_18.39.27.csv,4833,53.5933,53.59,53.59,0.6156,6.777378
946,loot,driving_B_2020.02.14_09.38.22.csv,1407,-2.9173,-2.92,-2.92,0.6152,6.685274
947,redandblack,static_B_2019.12.16_13.40.04.csv,450,50.8233,50.82,50.82,0.6148,6.420424
948,soldier,driving_B_2020.01.16_07.26.43.csv,749,28.4011,28.40,28.40,0.6144,6.313562
949,longdress,driving_B_2020.02.14_09.38.22.csv,267,-107.1314,-107.13,-107.13,0.6140,6.644480
950,loot,static_B_2020.02.27_18.39.27.csv,1293,46.3179,46.32,46.32,0.6135,6.541167
951,redandblack,driving_B_2020.02.14_12.58.17.csv,446,-96.9857,-96.99,-96.99,0.6131,5.956303
952,soldier,driving_B_2020.01.16_09.56.56.csv,650,-17.2147,-17.21,-17.21,0.6127,7.384804
953,longdress,static_B_2020.02.27_18.39.27.csv,5733,60.6922,60.69,60.69,0.6123,7.109753
954,loot,driving_B_2020.01.16_07.26.43.csv,329,-66.0022,-66.00,-66.00,0.6119,7.003694
955,redandblack,driving_B_2019.12.16_12.27.05.csv,207,-5.9278,-5.93,-5.93,0.6115,7.307262
956,soldier,driving_B_2020.02.13_13.03.24.csv,1702,32.5110,32.51,32.51,0.6111,6.981060
957,longdress,driving_B_2020.02.13_15.02.01.csv,1454,-64.1930,-64.19,-64.19,0.6107,6.421725
958,loot,static_B_2020.02.27_18.39.27.csv,5193,29.6721,29.67,29.67,0.6103,6.921180
959,redandblack,driving_B_2020.02.13_13.03.24.csv,2002,-72.5805,-72.58,-72.58,0.6099,7.296406
960,soldier,driving_B_2020.01.16_09.56.56.csv,1490,36.4597,36.46,36.46,0.6095,6.733456
961,longdress,static_B_2020.02.27_18.39.27.csv,3933,55.7143,55.71,55.71,0.6091,6.788261
962,loot,driving_B_2020.01.16_07.26.43.csv,1649,18.7759,18.78,18.78,0.6087,7.275277
963,redandblack,driving_B_2019.12.16_12.27.05.csv,507,-155.4215,-155.42,-155.42,0.6083,7.299669
964,soldier,driving_B_2020.02.13_15.02.01.csv,2534,-22.1039,-22.10,-22.10,0.6078,6.333505
965,longdress,driving_B_2019.12.17_07.32.39.csv,403,-28.4706,-28.47,-28.47,0.6074,6.628374
966,loot,driving_B_2020.01.16_07.26.43.csv,149,3.8376,3.84,3.84,0.6070,6.474647
967,redandblack,driving_B_2020.02.14_09.38.22.csv,387,-118.0971,-118.10,-118.10,0.6066,6.974455
968,soldier,driving_B_2020.02.27_17.30.15.csv,254,-296.4164,-296.42,-296.42,0.6062,6.748103
969,longdress,driving_B_2020.02.13_13.03.24.csv,142,-225.4453,-225.45,-225.45,0.6058,6.978823
970,loot,static_B_2020.02.27_18.39.27.csv,2073,68.8763,68.88,68.88,0.6054,6.112833
971,redandblack,driving_B_2020.01.16_12.10.03.csv,121,45.9850,45.98,45.98,0.6050,6.968803
972,soldier,driving_B_2020.01.16_09.56.56.csv,950,-14.0801,-14.08,-14.08,0.6046,6.935379
973,longdress,driving_B_2020.02.14_12.58.17.csv,386,-248.2991,-248.30,-248.30,0.6042,6.641167
974,loot,driving_B_2020.02.14_09.38.22.csv,27,-27.2853,-27.29,-27.29,0.6038,7.156522
975,redandblack,static_B_2020.02.27_18.39.27.csv,5613,57.8771,57.88,57.88,0.6034,6.890264
976,soldier,driving_B_2020.01.16_09.56.56.csv,410,-49.8395,-49.84,-49.84,0.6030,6.978913
977,longdress,driving_B_2020.01.16_07.26.43.csv,1469,-13.4109,-13.41,-13.41,0.6026,6.929186
978,loot,driving_B_2019.12.16_12.27.05.csv,147,33.3530,33.35,33.35,0.6022,7.114777
979,redandblack,driving_B_2019.12.16_12.27.05.csv,387,-154.6421,-154.64,-154.64,0.6017,7.313284
980,soldier,static_B_2020.02.27_18.39.27.csv,33,45.4666,45.47,45.47,0.6013,7.900315
981,longdress,driving_B_2020.02.13_15.02.01.csv,1274,-251.3466,-251.35,-251.35,0.6009,7.149720
982,loot,driving_B_2020.02.13_15.02.01.csv,794,21.9114,21.91,21.91,0.6005,7.216762
983,redandblack,static_B_2019.12.16_13.40.04.csv,210,34.8610,34.86,34.86,0.6001,7.264241
984,soldier,static_B_2020.02.27_18.39.27.csv,4893,-34.1670,-34.17,-34.17,0.5997,7.191880
985,longdress,driving_B_2020.02.27_17.30.15.csv,720,-265.3468,-265.35,-265.35,0.5993,6.750569
986,loot,static_B_2020.02.27_18.39.27.csv,2313,46.5453,46.55,46.55,0.5989,7.236483
987,redandblack,static_B_2020.02.27_18.39.27.csv,5673,68.4141,68.41,68.41,0.5985,7.734270
988,soldier,static_B_2020.02.14_13.21.26.csv,77,69.0994,69.10,69.10,0.5981,7.428294
989,longdress,static_B_2020.02.14_13.21.26.csv,17,37.3765,37.38,37.38,0.5977,7.449163
990,loot,driving_B_2019.12.17_07.32.39.csv,1963,46.6232,46.62,46.62,0.5973,6.832746
991,redandblack,driving_B_2019.12.17_07.32.39.csv,223,-30.7930,-30.79,-30.79,0.5969,6.766270
992,soldier,driving_B_2019.12.17_07.32.39.csv,1843,-71.9027,-71.90,-71.90,0.5965,7.377762
993,longdress,driving_B_2020.02.13_15.02.01.csv,2594,36.6405,36.64,36.64,0.5961,7.356995
994,loot,driving_B_2020.01.16_09.56.56.csv,1550,49.9508,49.95,49.95,0.5956,6.772230
995,redandblack,static_B_2020.02.27_18.39.27.csv,2613,71.2698,71.27,71.27,0.5952,6.890665
996,soldier,static_B_2019.12.16_13.40.04.csv,510,25.9116,25.91,25.91,0.5948,7.465253
997,longdress,driving_B_2019.12.17_07.32.39.csv,1303,12.0781,12.08,12.08,0.5944,6.607472
998,loot,driving_B_2020.01.16_09.56.56.csv,230,48.1493,48.15,48.15,0.5940,7.051483
999,redandblack,driving_B_2020.02.14_09.38.22.csv,567,78.4247,78.42,78.42,0.5936,6.672074
1000,soldier,static_B_2019.12.16_13.40.04.csv,570,29.0821,29.08,29.08,0.5932,6.363140
1001,longdress,driving_B_2020.01.16_12.10.03.csv,1,14.2797,14.28,14.28,0.5928,7.044812
1002,loot,driving_B_2020.01.16_09.56.56.csv,1570,31.0189,31.02,31.02,0.5924,6.707225
1003,redandblack,static_B_2019.12.16_13.40.04.csv,1470,64.9010,64.90,64.90,0.5920,7.432264
1004,soldier,static_B_2020.02.27_18.39.27.csv,1353,53.6288,53.63,53.63,0.5916,6.585623
1005,longdress,driving_B_2020.02.13_15.02.01.csv,2754,-83.9409,-83.94,-83.94,0.5912,7.402311
1006,loot,static_B_2020.02.27_18.39.27.csv,4713,28.9995,29.00,29.00,0.5908,7.214554
1007,redandblack,static_B_2020.02.14_13.21.26.csv,377,39.1869,39.19,39.19,0.5904,6.791865
1008,soldier,driving_B_2020.02.14_09.38.22.csv,807,-98.1915,-98.19,-98.19,0.5899,8.000140
1009,longdress,static_B_2020.02.27_18.39.27.csv,3213,10.9849,10.98,10.98,0.5895,8.126231
1010,loot,driving_B_2019.12.16_12.27.05.csv,1152,-2.8320,-2.83,-2.83,0.5891,6.312376
1011,redandblack,static_B_2020.02.27_18.39.27.csv,1533,46.7638,46.76,46.76,0.5887,6.817800
1012,soldier,driving_B_2020.02.13_15.02.01.csv,1754,58.1901,58.19,58.19,0.5883,7.146893
1013,longdress,static_B_2019.12.16_13.40.04.csv,1770,55.8501,55.85,55.85,0.5879,7.506351
1014,loot,driving_B_2020.02.14_09.38.22.csv,1227,-0.6898,-0.69,-0.69,0.5875,7.101969
1015,redandblack,driving_B_2020.02.13_15.02.01.csv,2354,-195.9021,-195.90,-195.90,0.5871,6.196308
1016,soldier,driving_B_2020.02.14_12.58.17.csv,206,-552.7924,-552.79,-552.79,0.5867,6.835776
1017,longdress,driving_B_2020.02.14_12.58.17.csv,800,-47.1130,-47.11,-47.11,0.5863,6.587480
1018,loot,static_B_2020.02.27_18.39.27.csv,3333,54.3448,54.34,54.34,0.5859,7.091234
1019,redandblack,driving_B_2020.01.16_07.26.43.csv,809,43.9409,43.94,43.94,0.5855,6.771613
1020,soldier,driving_B_2019.12.16_12.27.05.csv,267,-55.3818,-55.38,-55.38,0.5851,6.812355
1021,longdress,driving_B_2020.01.16_07.26.43.csv,1589,-158.1178,-158.12,-158.12,0.5847,6.641077
1022,loot,static_B_2020.02.27_18.39.27.csv,2913,52.3245,52.32,52.32,0.5843,6.717620
1023,redandblack,static_B_2020.02.27_18.39.27.csv,1233,37.7714,37.77,37.77,0.5838,7.779929
1024,soldier,driving_B_2020.01.16_07.26.43.csv,509,-59.4410,-59.44,-59.44,0.5834,7.643719
1025,longdress,driving_B_2020.02.13_15.02.01.csv,2654,-82.8976,-82.90,-82.90,0.5830,7.582764
1026,loot,driving_B_2019.12.16_12.27.05.csv,567,-44.5359,-44.54,-44.54,0.5826,7.487486
1027,redandblack,static_B_2020.02.27_18.39.27.csv,4533,53.7369,53.74,53.74,0.5822,6.214031
1028,soldier,static_B_2020.02.27_18.39.27.csv,2193,86.3275,86.33,86.33,0.5818,7.164557
1029,longdress,static_B_2020.02.27_18.39.27.csv,3813,28.9990,29.00,29.00,0.5814,7.251936
1030,loot,static_B_2020.02.27_18.39.27.csv,1593,52.8518,52.85,52.85,0.5810,7.587131
1031,redandblack,static_B_2020.02.14_13.21.26.csv,797,50.7556,50.76,50.76,0.5806,6.610567
1032,soldier,static_B_2020.02.27_18.39.27.csv,1953,29.6496,29.65,29.65,0.5802,6.639976
1033,longdress,driving_B_2020.02.13_13.03.24.csv,862,-157.5602,-157.56,-157.56,0.5798,6.509807
1034,loot,static_B_2020.02.27_18.39.27.csv,1173,-181.4940,-181.49,-181.49,0.5794,7.407235
1035,redandblack,driving_B_2020.01.16_12.10.03.csv,241,37.3627,37.36,37.36,0.5790,6.713974
1036,soldier,driving_B_2020.02.13_15.02.01.csv,1694,-13.4955,-13.50,-13.50,0.5786,7.175502
1037,longdress,driving_B_2019.12.17_07.32.39.csv,763,-13.3809,-13.38,-13.38,0.5782,6.651007
1038,loot,driving_B_2019.12.16_12.27.05.csv,747,61.9021,61.90,61.90,0.5777,7.276395
1039,redandblack,driving_B_2020.01.16_09.56.56.csv,1070,-4.1052,-4.11,-4.11,0.5773,6.986493
1040,soldier,static_B_2020.02.27_18.39.27.csv,873,38.3246,38.32,38.32,0.5769,7.341574
1041,longdress,driving_B_2020.01.16_09.56.56.csv,770,31.4194,31.42,31.42,0.5765,7.941044
1042,loot,driving_B_2020.02.13_13.03.24.csv,1582,-60.5460,-60.55,-60.55,0.5761,7.372989
1043,redandblack,static_B_2020.02.27_18.39.27.csv,3273,54.0582,54.06,54.06,0.5757,7.680828
1044,soldier,static_B_2020.02.14_13.21.26.csv,317,52.7134,52.71,52.71,0.5753,6.671123
1045,longdress,driving_B_2020.02.14_12.58.17.csv,626,-8.3448,-8.34,-8.34,0.5749,7.883786
1046,loot,driving_B_2020.01.16_07.26.43.csv,1289,44.7723,44.77,44.77,0.5745,6.330159
1047,redandblack,driving_B_2020.02.13_13.03.24.csv,2122,-158.9835,-158.98,-158.98,0.5741,6.351039
1048,soldier,driving_B_2020.02.13_13.03.24.csv,442,-108.5887,-108.59,-108.59,0.5737,6.845256
1049,longdress,driving_B_2020.01.16_12.10.03.csv,244,69.2868,69.29,69.29,0.5733,7.121929
1050,loot,static_B_2020.02.27_18.39.27.csv,3093,33.0759,33.08,33.08,0.5729,6.771056
1051,redandblack,driving_B_2020.02.14_09.38.22.csv,1467,34.1254,34.13,34.13,0.5725,7.039541
1052,soldier,static_B_2020.02.27_18.39.27.csv,3033,14.8495,14.85,14.85,0.5720,7.355690
1053,longdress,driving_B_2019.12.17_07.32.39.csv,2143,-41.8030,-41.80,-41.80,0.5716,6.842720
1054,loot,driving_B_2020.02.13_15.02.01.csv,854,-6.5481,-6.55,-6.55,0.5712,8.366224
1055,redandblack,driving_B_2020.02.13_13.03.24.csv,1282,-27.8237,-27.82,-27.82,0.5708,7.549086
1056,soldier,driving_B_2020.02.13_15.02.01.csv,74,48.4957,48.50,48.50,0.5704,7.602149
1057,longdress,driving_B_2020.02.14_09.38.22.csv,747,-15.3843,-15.38,-15.38,0.5700,7.142288
1058,loot,driving_B_2020.02.13_15.02.01.csv,554,10.1116,10.11,10.11,0.5696,7.457676
1059,redandblack,static_B_2020.02.27_18.39.27.csv,1653,44.9030,44.90,44.90,0.5692,7.846595
1060,soldier,driving_B_2019.12.16_12.27.05.csv,867,42.2715,42.27,42.27,0.5688,7.470109
1061,longdress,driving_B_2020.02.14_09.38.22.csv,447,38.6275,38.63,38.63,0.5684,7.567911
1062,loot,driving_B_2020.01.16_07.26.43.csv,1770,-16.0037,-16.00,-16.00,0.5680,6.808442
1063,redandblack,driving_B_2020.02.13_13.03.24.csv,802,12.2250,12.22,12.22,0.5676,6.818243
1064,soldier,driving_B_2020.02.13_13.03.24.csv,2062,-598.2323,-598.23,-598.23,0.5672,7.372367
1065,longdress,driving_B_2020.02.13_15.02.01.csv,2414,-271.8457,-271.85,-271.85,0.5668,7.303418
1066,loot,driving_B_2020.02.14_09.38.22.csv,87,1.3205,1.32,1.32,0.5664,7.694542
1067,redandblack,driving_B_2019.12.17_07.32.39.csv,1423,52.6285,52.63,52.63,0.5659,7.663823
1068,soldier,driving_B_2020.02.13_13.03.24.csv,262,-32.0372,-32.04,-32.04,0.5655,6.813718
1069,longdress,driving_B_2019.12.17_07.32.39.csv,1003,-36.2025,-36.20,-36.20,0.5651,7.216034
1070,loot,static_B_2020.02.27_18.39.27.csv,153,18.6874,18.69,18.69,0.5647,7.263436
1071,redandblack,driving_B_2019.12.17_07.32.39.csv,343,31.4464,31.45,31.45,0.5643,8.082526
1072,soldier,driving_B_2020.02.14_12.58.17.csv,506,-62.7963,-62.80,-62.80,0.5639,7.307795
1073,longdress,driving_B_2020.01.16_09.56.56.csv,470,27.3535,27.35,27.35,0.5635,7.686214
1074,loot,static_B_2020.02.27_18.39.27.csv,5373,37.4486,37.45,37.45,0.5631,7.195258
1075,redandblack,static_B_2019.12.16_13.40.04.csv,1530,68.7825,68.78,68.78,0.5627,7.459075
1076,soldier,driving_B_2020.01.16_09.56.56.csv,170,24.5953,24.60,24.60,0.5623,8.345990
1077,longdress,driving_B_2020.02.14_09.38.22.csv,1347,71.1254,71.13,71.13,0.5619,7.238907
1078,loot,static_B_2019.12.16_13.40.04.csv,630,29.0143,29.01,29.01,0.5615,7.837738
1079,redandblack,static_B_2019.12.16_13.40.04.csv,1170,-25.2042,-25.20,-25.20,0.5611,7.366101
1080,soldier,driving_B_2020.02.14_09.38.22.csv,627,36.6489,36.65,36.65,0.5607,8.712752
1081,longdress,driving_B_2019.12.16_12.27.05.csv,1107,18.6038,18.60,18.60,0.5603,7.352751
1082,loot,driving_B_2019.12.17_07.32.39.csv,43,12.7256,12.73,12.73,0.5598,7.069846
1083,redandblack,driving_B_2020.02.13_13.03.24.csv,1342,-6.6855,-6.69,-6.69,0.5594,8.061286
1084,soldier,static_B_2020.02.27_18.39.27.csv,2013,29.0231,29.02,29.02,0.5590,7.734278
1085,longdress,static_B_2020.02.27_18.39.27.csv,1773,-377.7256,-377.73,-377.73,0.5586,6.964843
1086,loot,static_B_2020.02.27_18.39.27.csv,4293,62.9945,62.99,62.99,0.5582,7.368927
1087,redandblack,driving_B_2019.12.17_07.32.39.csv,103,-7.7576,-7.76,-7.76,0.5578,7.606748
1088,soldier,driving_B_2019.12.17_07.32.39.csv,2288,46.9108,46.91,46.91,0.5574,6.299763
1089,longdress,static_B_2020.02.14_13.21.26.csv,617,74.0866,74.09,74.09,0.5570,8.022343
1090,loot,driving_B_2020.02.13_13.03.24.csv,982,-18.1331,-18.13,-18.13,0.5566,8.202372
1091,redandblack,driving_B_2019.12.17_07.32.39.csv,163,2.7102,2.71,2.71,0.5562,7.700371
1092,soldier,driving_B_2020.02.13_15.02.01.csv,2234,54.8548,54.85,54.85,0.5558,7.246902
1093,longdress,driving_B_2020.01.16_07.26.43.csv,1169,-27.9479,-27.95,-27.95,0.5554,7.474742
1094,loot,driving_B_2019.12.17_07.32.39.csv,2083,58.0299,58.03,58.03,0.5550,7.857678
1095,redandblack,driving_B_2020.02.13_13.03.24.csv,1882,-559.7045,-559.70,-559.70,0.5546,7.232487
1096,soldier,driving_B_2020.02.13_15.02.01.csv,734,-11.7903,-11.79,-11.79,0.5541,8.254105
1097,longdress,static_B_2020.02.27_18.39.27.csv,3693,68.2448,68.24,68.24,0.5537,7.315881
1098,loot,static_B_2020.02.27_18.39.27.csv,3393,69.6947,69.69,69.69,0.5533,6.597722
1099,redandblack,driving_B_2020.02.14_12.58.17.csv,686,-95.1414,-95.14,-95.14,0.5529,7.614333
1100,soldier,driving_B_2020.02.13_15.02.01.csv,2474,-231.2802,-231.28,-231.28,0.5525,7.815185
1101,longdress,static_B_2020.02.14_13.21.26.csv,677,45.0122,45.01,45.01,0.5521,7.642247
1102,loot,driving_B_2020.02.14_12.58.17.csv,26,26.1482,26.15,26.15,0.5517,7.181405
1103,redandblack,driving_B_2020.01.16_07.26.43.csv,1349,-45.9573,-45.96,-45.96,0.5513,7.310761
1104,soldier,driving_B_2020.01.16_07.26.43.csv,869,-103.2691,-103.27,-103.27,0.5509,7.719125
1105,longdress,driving_B_2020.02.13_15.02.01.csv,1814,60.9888,60.99,60.99,0.5505,6.838013
1106,loot,driving_B_2020.02.13_15.02.01.csv,2054,-75.7762,-75.78,-75.78,0.5501,7.345632
1107,redandblack,driving_B_2020.02.13_13.03.24.csv,2182,-251.1873,-251.19,-251.19,0.5497,8.171134
1108,soldier,driving_B_2020.01.16_09.56.56.csv,890,-32.1148,-32.11,-32.11,0.5493,8.038109
1109,longdress,driving_B_2020.01.16_09.56.56.csv,50,-118.2551,-118.26,-118.26,0.5489,7.627601
1110,loot,driving_B_2020.01.16_12.10.03.csv,61,64.5730,64.57,64.57,0.5485,7.218735
1111,redandblack,driving_B_2020.01.16_07.26.43.csv,1769,-67.5207,-67.52,-67.52,0.5480,7.313513
1112,soldier,static_B_2020.02.14_13.21.26.csv,257,27.2934,27.29,27.29,0.5476,7.288778
1113,longdress,static_B_2020.02.27_18.39.27.csv,2673,8.0540,8.05,8.05,0.5472,7.287919
1114,loot,static_B_2019.12.16_13.40.04.csv,90,21.3887,21.39,21.39,0.5468,7.322825
1115,redandblack,driving_B_2020.01.16_07.26.43.csv,1409,-26.5440,-26.54,-26.54,0.5464,7.858411
1116,soldier,static_B_2020.02.27_18.39.27.csv,333,61.0300,61.03,61.03,0.5460,7.028534
1117,longdress,driving_B_2019.12.17_07.32.39.csv,1063,29.4190,29.42,29.42,0.5456,7.954113
1118,loot,static_B_2020.02.27_18.39.27.csv,2793,44.6676,44.67,44.67,0.5452,7.165235
1119,redandblack,static_B_2020.02.27_18.39.27.csv,3633,52.9190,52.92,52.92,0.5448,7.609151
1120,soldier,driving_B_2020.02.13_13.03.24.csv,502,-27.0327,-27.03,-27.03,0.5444,7.373121
1121,longdress,static_B_2020.02.27_18.39.27.csv,1473,27.0753,27.08,27.08,0.5440,7.869444
1122,loot,driving_B_2020.02.14_12.58.17.csv,326,-259.0772,-259.08,-259.08,0.5436,7.647970
1123,redandblack,driving_B_2020.02.27_17.30.15.csv,434,-395.9038,-395.90,-395.90,0.5432,7.843711
1124,soldier,driving_B_2019.12.16_12.27.05.csv,27,7.6707,7.67,7.67,0.5428,7.735316
1125,longdress,driving_B_2020.02.13_13.03.24.csv,622,-28.1633,-28.16,-28.16,0.5424,8.177940
1126,loot,driving_B_2020.01.16_07.26.43.csv,1229,-5.5662,-5.57,-5.57,0.5419,7.720587
1127,redandblack,static_B_2020.02.14_13.21.26.csv,497,39.7956,39.80,39.80,0.5415,7.253634
1128,soldier,driving_B_2020.02.13_13.03.24.csv,682,-36.7745,-36.77,-36.77,0.5411,7.936827
1129,longdress,static_B_2020.02.27_18.39.27.csv,5073,23.2173,23.22,23.22,0.5407,8.299287
1130,loot,driving_B_2020.02.13_15.02.01.csv,1634,-139.0178,-139.02,-139.02,0.5403,7.873462
1131,redandblack,driving_B_2020.02.27_17.30.15.csv,674,-100.7676,-100.77,-100.77,0.5399,7.003512
1132,soldier,driving_B_2020.02.13_13.03.24.csv,82,-6.8785,-6.88,-6.88,0.5395,7.803286
1133,longdress,driving_B_2020.02.14_09.38.22.csv,1107,-68.2967,-68.30,-68.30,0.5391,7.757424
1134,loot,driving_B_2020.02.13_15.02.01.csv,1334,-135.9570,-135.96,-135.96,0.5387,7.649915
1135,redandblack,driving_B_2020.02.13_13.03.24.csv,1402,-55.2698,-55.27,-55.27,0.5383,7.492413
1136,soldier,driving_B_2020.02.13_13.03.24.csv,1522,-74.3275,-74.33,-74.33,0.5379,7.538209
1137,longdress,driving_B_2019.12.17_07.32.39.csv,1183,-15.3650,-15.36,-15.36,0.5375,7.805769
1138,loot,driving_B_2020.02.13_13.03.24.csv,1642,-56.3190,-56.32,-56.32,0.5371,8.193926
1139,redandblack,driving_B_2020.01.16_09.56.56.csv,710,77.5821,77.58,77.58,0.5367,7.579427
1140,soldier,driving_B_2020.01.16_07.26.43.csv,569,-8.2835,-8.28,-8.28,0.5362,7.618814
1141,longdress,driving_B_2020.01.16_07.26.43.csv,1109,12.8486,12.85,12.85,0.5358,7.430663
1142,loot,driving_B_2020.02.13_15.02.01.csv,14,46.3235,46.32,46.32,0.5354,8.380867
1143,redandblack,static_B_2020.02.27_18.39.27.csv,5433,12.7066,12.71,12.71,0.5350,7.133881
1144,soldier,driving_B_2020.01.16_09.56.56.csv,350,-81.4698,-81.47,-81.47,0.5346,8.127013
1145,longdress,static_B_2020.02.27_18.39.27.csv,2433,34.7346,34.73,34.73,0.5342,8.328047
1146,loot,static_B_2019.12.16_13.40.04.csv,990,44.8037,44.80,44.80,0.5338,7.070301
1147,redandblack,driving_B_2020.02.13_13.03.24.csv,1222,-57.5043,-57.50,-57.50,0.5334,7.653751
1148,soldier,static_B_2020.02.27_18.39.27.csv,3513,33.2706,33.27,33.27,0.5330,7.698678
1149,longdress,driving_B_2020.02.27_17.30.15.csv,14,-139.0574,-139.06,-139.06,0.5326,8.218154
1150,loot,driving_B_2019.12.17_07.32.39.csv,1363,49.5504,49.55,49.55,0.5322,8.472076
1151,redandblack,static_B_2019.12.16_13.40.04.csv,30,55.8901,55.89,55.89,0.5318,7.325659
1152,soldier,static_B_2020.02.27_18.39.27.csv,5553,29.8423,29.84,29.84,0.5314,8.687266
1153,longdress,static_B_2019.12.16_13.40.04.csv,1050,-15.5978,-15.60,-15.60,0.5310,7.659576
1154,loot,driving_B_2019.12.16_12.27.05.csv,1047,44.3073,44.31,44.31,0.5306,7.704348
1155,redandblack,static_B_2020.02.14_13.21.26.csv,197,58.9776,58.98,58.98,0.5301,8.032927
1156,soldier,static_B_2019.12.16_13.40.04.csv,1710,54.1886,54.19,54.19,0.5297,7.027807
1157,longdress,driving_B_2020.02.13_13.03.24.csv,2188,-230.6643,-230.66,-230.66,0.5293,8.053999
1158,loot,driving_B_2019.12.16_12.27.05.csv,447,-3.0499,-3.05,-3.05,0.5289,8.470182
1159,redandblack,static_B_2020.02.27_18.39.27.csv,1893,40.9169,40.92,40.92,0.5285,7.264369
1160,soldier,driving_B_2020.01.16_07.26.43.csv,29,-18.0975,-18.10,-18.10,0.5281,7.299507
1161,longdress,driving_B_2020.02.27_17.30.15.csv,614,-431.9574,-431.96,-431.96,0.5277,7.529020
1162,loot,driving_B_2020.02.13_13.03.24.csv,1762,45.3780,45.38,45.38,0.5273,7.886682
1163,redandblack,driving_B_2020.01.16_07.26.43.csv,269,31.6923,31.69,31.69,0.5269,7.607676
1164,soldier,driving_B_2020.02.27_17.30.15.csv,720,-236.2366,-236.24,-236.24,0.5265,8.621901
1165,longdress,driving_B_2019.12.17_07.32.39.csv,1663,-38.2864,-38.29,-38.29,0.5261,7.474560
1166,loot,driving_B_2020.02.13_15.02.01.csv,2294,-15.4804,-15.48,-15.48,0.5257,7.744649
1167,redandblack,driving_B_2020.02.13_13.03.24.csv,202,-25.9381,-25.94,-25.94,0.5253,7.394848
1168,soldier,static_B_2020.02.14_13.21.26.csv,850,28.3647,28.36,28.36,0.5249,7.565688
1169,longdress,static_B_2019.12.16_13.40.04.csv,750,35.4661,35.47,35.47,0.5245,7.728894
1170,loot,static_B_2019.12.16_13.40.04.csv,1290,60.7200,60.72,60.72,0.5240,7.552411
1171,redandblack,driving_B_2020.01.16_09.56.56.csv,1130,45.6195,45.62,45.62,0.5236,7.770918
1172,soldier,static_B_2019.12.16_13.40.04.csv,870,30.9117,30.91,30.91,0.5232,7.869802
1173,longdress,driving_B_2020.01.16_07.26.43.csv,1529,-120.7695,-120.77,-120.77,0.5228,7.465038
1174,loot,static_B_2020.02.27_18.39.27.csv,1053,60.5824,60.58,60.58,0.5224,8.202597
1175,redandblack,driving_B_2020.01.16_09.56.56.csv,1190,33.5950,33.59,33.59,0.5220,7.960331
1176,soldier,driving_B_2020.02.13_15.02.01.csv,1574,-526.4880,-526.49,-526.49,0.5216,7.203394
1177,longdress,driving_B_2020.01.16_09.56.56.csv,1430,62.9581,62.96,62.96,0.5212,7.646998
1178,loot,driving_B_2020.01.16_07.26.43.csv,629,-19.0410,-19.04,-19.04,0.5208,7.446520
1179,redandblack,driving_B_2019.12.16_12.27.05.csv,87,-19.6597,-19.66,-19.66,0.5204,7.192075
1180,soldier,static_B_2019.12.16_13.40.04.csv,270,8.7016,8.70,8.70,0.5200,7.397454
1181,longdress,static_B_2020.02.27_18.39.27.csv,3993,42.2924,42.29,42.29,0.5196,7.633658
1182,loot,driving_B_2020.02.13_15.02.01.csv,914,36.8446,36.84,36.84,0.5192,7.745817
1183,redandblack,driving_B_2019.12.17_07.32.39.csv,1723,-135.1286,-135.13,-135.13,0.5188,7.308529
1184,soldier,driving_B_2019.12.17_07.32.39.csv,283,-8.0776,-8.08,-8.08,0.5183,7.358824
1185,longdress,static_B_2020.02.27_18.39.27.csv,4233,41.4176,41.42,41.42,0.5179,7.495553
1186,loot,static_B_2020.02.27_18.39.27.csv,2973,79.3116,79.31,79.31,0.5175,7.865002
1187,redandblack,static_B_2019.12.16_13.40.04.csv,1650,56.1819,56.18,56.18,0.5171,7.390426
1188,soldier,driving_B_2019.12.17_07.32.39.csv,1903,6.6874,6.69,6.69,0.5167,7.566297
1189,longdress,driving_B_2020.01.16_07.26.43.csv,1049,36.2018,36.20,36.20,0.5163,7.439211
1190,loot,static_B_2020.02.14_13.21.26.csv,137,47.4561,47.46,47.46,0.5159,7.623010
1191,redandblack,static_B_2020.02.27_18.39.27.csv,753,79.6671,79.67,79.67,0.5155,8.420539
1192,soldier,driving_B_2019.12.17_07.32.39.csv,883,-52.3828,-52.38,-52.38,0.5151,8.603390
1193,longdress,driving_B_2020.02.13_13.03.24.csv,22,-50.9083,-50.91,-50.91,0.5147,7.794883
1194,loot,driving_B_2020.01.16_07.26.43.csv,89,19.3183,19.32,19.32,0.5143,7.310625
1195,redandblack,driving_B_2019.12.17_07.32.39.csv,583,-11.0871,-11.09,-11.09,0.5139,8.032762
1196,soldier,driving_B_2020.02.13_13.03.24.csv,322,-41.1141,-41.11,-41.11,0.5135,7.186042
1197,longdress,static_B_2020.02.27_18.39.27.csv,4953,74.1944,74.19,74.19,0.5131,7.381620
1198,loot,driving_B_2020.02.14_09.38.22.csv,1478,28.1040,28.10,28.10,0.5127,7.503261
1199,redandblack,driving_B_2020.02.14_09.38.22.csv,147,-69.9843,-69.98,-69.98,0.5122,8.325981
1200,soldier,driving_B_2019.12.16_12.27.05.csv,1152,-1.2856,-1.29,-1.29,0.5118,7.676287
1201,longdress,driving_B_2019.12.17_07.32.39.csv,2203,23.3078,23.31,23.31,0.5114,8.851562
1202,loot,driving_B_2019.12.17_07.32.39.csv,2023,45.2135,45.21,45.21,0.5110,7.652033
1203,redandblack,static_B_2019.12.16_13.40.04.csv,390,60.5078,60.51,60.51,0.5106,7.318335
1204,soldier,driving_B_2020.02.13_15.02.01.csv,1154,24.7239,24.72,24.72,0.5102,8.248695
1205,longdress,driving_B_2020.02.14_09.38.22.csv,327,-104.3523,-104.35,-104.35,0.5098,8.111936
1206,loot,static_B_2019.12.16_13.40.04.csv,1890,-62.2698,-62.27,-62.27,0.5094,8.366082
1207,redandblack,driving_B_2020.02.13_15.02.01.csv,374,48.6069,48.61,48.61,0.5090,7.712850
1208,soldier,static_B_2020.02.27_18.39.27.csv,2253,33.6224,33.62,33.62,0.5086,7.886113
1209,longdress,driving_B_2020.01.16_07.26.43.csv,929,-86.2182,-86.22,-86.22,0.5082,7.903848
1210,loot,driving_B_2019.12.16_12.27.05.csv,627,-165.3915,-165.39,-165.39,0.5078,8.021964
1211,redandblack,driving_B_2020.01.16_09.56.56.csv,1370,36.0761,36.08,36.08,0.5074,7.785715
1212,soldier,static_B_2019.12.16_13.40.04.csv,810,70.4658,70.47,70.47,0.5070,7.378562
1213,longdress,static_B_2020.02.27_18.39.27.csv,2493,53.1367,53.14,53.14,0.5066,7.442207
1214,loot,driving_B_2020.02.13_15.02.01.csv,674,55.8462,55.85,55.85,0.5061,7.605778
1215,redandblack,driving_B_2020.02.13_13.03.24.csv,1102,-25.7440,-25.74,-25.74,0.5057,8.540888
1216,soldier,driving_B_2020.02.13_13.03.24.csv,1822,-674.2093,-674.21,-674.21,0.5053,7.639759
1217,longdress,static_B_2020.02.27_18.39.27.csv,4593,3.8111,3.81,3.81,0.5049,8.617555
1218,loot,driving_B_2020.02.14_12.58.17.csv,800,-14.7211,-14.72,-14.72,0.5045,7.707887
1219,redandblack,driving_B_2019.12.17_07.32.39.csv,1543,32.6827,32.68,32.68,0.5041,7.536413
1220,soldier,driving_B_2020.02.14_09.38.22.csv,1478,-34.9891,-34.99,-34.99,0.5037,8.312184
1221,longdress,driving_B_2020.02.14_09.38.22.csv,507,36.8284,36.83,36.83,0.5033,7.452178
1222,loot,driving_B_2020.01.16_09.56.56.csv,290,72.1017,72.10,72.10,0.5029,8.272546
1223,redandblack,driving_B_2020.02.13_15.02.01.csv,2114,44.4984,44.50,44.50,0.5025,7.455532
1224,soldier,static_B_2020.02.27_18.39.27.csv,1833,-32.7394,-32.74,-32.74,0.5021,7.874444
1225,longdress,driving_B_2019.12.17_07.32.39.csv,523,-66.6041,-66.60,-66.60,0.5017,7.626074
1226,loot,driving_B_2020.01.16_07.26.43.csv,989,31.8799,31.88,31.88,0.5013,7.986195
1227,redandblack,static_B_2020.02.27_18.39.27.csv,1713,44.2164,44.22,44.22,0.5009,8.818429
1228,soldier,driving_B_2020.02.13_13.03.24.csv,1042,-56.1801,-56.18,-56.18,0.5004,8.125446
1229,longdress,static_B_2019.12.16_13.40.04.csv,930,0.4509,0.45,0.45,0.5000,7.979615
1230,loot,static_B_2020.02.14_13.21.26.csv,557,67.9831,67.98,67.98,0.4996,8.097718
1231,redandblack,driving_B_2020.01.16_09.56.56.csv,1570,35.3354,35.34,35.34,0.4992,8.100431
1232,soldier,static_B_2020.02.27_18.39.27.csv,4413,53.8214,53.82,53.82,0.4988,7.821980
1233,longdress,driving_B_2020.02.27_17.30.15.csv,554,-84.4547,-84.45,-84.45,0.4984,7.306310
1234,loot,driving_B_2020.01.16_07.26.43.csv,389,27.4731,27.47,27.47,0.4980,8.249828
1235,redandblack,static_B_2019.12.16_13.40.04.csv,330,31.6171,31.62,31.62,0.4976,7.710569
1236,soldier,static_B_2020.02.27_18.39.27.csv,4773,28.8671,28.87,28.87,0.4972,7.331268
1237,longdress,static_B_2020.02.27_18.39.27.csv,453,55.7240,55.72,55.72,0.4968,8.291461
1238,loot,driving_B_2020.02.13_15.02.01.csv,1394,13.1051,13.11,13.11,0.4964,7.907804
1239,redandblack,driving_B_2020.02.14_09.38.22.csv,1167,-3.1218,-3.12,-3.12,0.4960,7.559434
1240,soldier,driving_B_2020.02.14_12.58.17.csv,86,-119.6363,-119.64,-119.64,0.4956,8.774986
1241,longdress,driving_B_2020.02.13_15.02.01.csv,1214,32.4953,32.50,32.50,0.4952,7.775264
1242,loot,driving_B_2020.02.13_15.02.01.csv,254,35.5872,35.59,35.59,0.4948,7.527586
1243,redandblack,static_B_2020.02.27_18.39.27.csv,693,70.3775,70.38,70.38,0.4943,7.376530
1244,soldier,driving_B_2020.02.14_09.38.22.csv,1287,62.4800,62.48,62.48,0.4939,8.583207
1245,longdress,static_B_2020.02.27_18.39.27.csv,2853,54.7798,54.78,54.78,0.4935,7.514246
1246,loot,driving_B_2019.12.17_07.32.39.csv,1483,33.6460,33.65,33.65,0.4931,7.826312
1247,redandblack,static_B_2020.02.27_18.39.27.csv,2553,54.5858,54.59,54.59,0.4927,8.084352
1248,soldier,static_B_2020.02.27_18.39.27.csv,3753,70.7924,70.79,70.79,0.4923,7.865486
1249,longdress,static_B_2020.02.27_18.39.27.csv,2373,-209.1221,-209.12,-209.12,0.4919,8.561331
1250,loot,driving_B_2020.01.16_12.10.03.csv,181,57.1725,57.17,57.17,0.4915,8.072897
1251,redandblack,driving_B_2020.01.16_09.56.56.csv,830,-89.2011,-89.20,-89.20,0.4911,7.492976
1252,soldier,static_B_2020.02.14_13.21.26.csv,188,65.8331,65.83,65.83,0.4907,7.879142
1253,longdress,driving_B_2019.12.16_12.27.05.csv,365,-288.8646,-288.86,-288.86,0.4903,8.266006
1254,loot,driving_B_2020.02.14_09.38.22.csv,400,-83.0974,-83.10,-83.10,0.4899,7.744620
1255,redandblack,driving_B_2020.02.13_15.02.01.csv,450,-28.1744,-28.17,-28.17,0.4895,7.786567
1256,soldier,static_B_2020.02.14_13.21.26.csv,728,47.9888,47.99,47.99,0.4891,8.140074
1257,longdress,driving_B_2020.01.16_07.26.43.csv,1523,-16.7719,-16.77,-16.77,0.4887,8.294646
1258,loot,driving_B_2019.12.17_07.32.39.csv,620,13.5188,13.52,13.52,0.4882,8.080013
1259,redandblack,driving_B_2020.02.27_17.30.15.csv,409,-140.3423,-140.34,-140.34,0.4878,7.788302
1260,soldier,driving_B_2020.02.13_15.02.01.csv,1470,-66.7016,-66.70,-66.70,0.4874,8.004140
1261,longdress,driving_B_2020.01.16_09.56.56.csv,629,56.8338,56.83,56.83,0.4870,8.136973
1262,loot,driving_B_2020.02.13_15.02.01.csv,570,27.5853,27.59,27.59,0.4866,8.202540
1263,redandblack,static_B_2020.02.27_18.39.27.csv,5320,51.7770,51.78,51.78,0.4862,8.734638
1264,soldier,driving_B_2020.01.16_07.26.43.csv,983,3.4204,3.42,3.42,0.4858,7.400756
1265,longdress,driving_B_2019.12.16_12.27.05.csv,785,37.0165,37.02,37.02,0.4854,7.319485
1266,loot,driving_B_2019.12.17_07.32.39.csv,1880,30.1749,30.17,30.17,0.4850,8.083325
1267,redandblack,driving_B_2020.01.16_07.26.43.csv,323,-63.6005,-63.60,-63.60,0.4846,8.111554
1268,soldier,static_B_2020.02.27_18.39.27.csv,640,82.0699,82.07,82.07,0.4842,7.701289
1269,longdress,static_B_2020.02.27_18.39.27.csv,760,57.8489,57.85,57.85,0.4838,8.035285
1270,loot,static_B_2020.02.27_18.39.27.csv,4060,57.6428,57.64,57.64,0.4834,7.368693
1271,redandblack,driving_B_2020.02.27_17.30.15.csv,720,-56.7363,-56.74,-56.74,0.4830,8.402993
1272,soldier,driving_B_2020.02.27_17.30.15.csv,229,-328.1560,-328.16,-328.16,0.4825,8.101346
1273,longdress,driving_B_2020.01.16_09.56.56.csv,809,52.2507,52.25,52.25,0.4821,8.138172
1274,loot,static_B_2020.02.27_18.39.27.csv,5140,49.9328,49.93,49.93,0.4817,8.459637
1275,redandblack,driving_B_2019.12.17_07.32.39.csv,2000,51.1203,51.12,51.12,0.4813,8.566995
1276,soldier,driving_B_2020.02.14_12.58.17.csv,212,-608.6247,-608.62,-608.62,0.4809,7.860702
1277,longdress,driving_B_2020.02.14_09.38.22.csv,460,-14.5970,-14.60,-14.60,0.4805,8.684294
1278,loot,driving_B_2020.02.13_15.02.01.csv,30,38.6349,38.63,38.63,0.4801,8.614137
1279,redandblack,static_B_2020.02.27_18.39.27.csv,700,57.9270,57.93,57.93,0.4797,8.761526
1280,soldier,static_B_2020.02.14_13.21.26.csv,128,73.2111,73.21,73.21,0.4793,8.799589
1281,longdress,driving_B_2020.02.13_15.02.01.csv,2610,71.0558,71.06,71.06,0.4789,8.713321
1282,loot,driving_B_2020.02.13_15.02.01.csv,2010,54.9394,54.94,54.94,0.4785,7.278994
1283,redandblack,static_B_2020.02.27_18.39.27.csv,4300,65.4045,65.40,65.40,0.4781,8.727662
1284,soldier,static_B_2019.12.16_13.40.04.csv,1904,21.3218,21.32,21.32,0.4777,8.722656
1285,longdress,static_B_2020.02.14_13.21.26.csv,308,54.8153,54.82,54.82,0.4773,8.483078
1286,loot,static_B_2020.02.27_18.39.27.csv,580,11.0457,11.05,11.05,0.4769,8.664693
1287,redandblack,static_B_2019.12.16_13.40.04.csv,1665,49.4916,49.49,49.49,0.4764,8.444149
1288,soldier,driving_B_2020.02.27_17.30.15.csv,469,-232.1882,-232.19,-232.19,0.4760,8.159367
1289,longdress,static_B_2020.02.27_18.39.27.csv,5020,58.3060,58.31,58.31,0.4756,7.471253
1290,loot,driving_B_2020.01.16_09.56.56.csv,1289,64.2107,64.21,64.21,0.4752,7.785743
1291,redandblack,driving_B_2020.02.13_15.02.01.csv,1110,48.5336,48.53,48.53,0.4748,8.020353
1292,soldier,driving_B_2020.02.13_15.02.01.csv,270,26.1579,26.16,26.16,0.4744,8.104420
1293,longdress,driving_B_2020.01.16_09.56.56.csv,689,3.1721,3.17,3.17,0.4740,8.094378
1294,loot,driving_B_2020.02.27_17.30.15.csv,529,-55.2474,-55.25,-55.25,0.4736,7.781274
1295,redandblack,static_B_2020.02.27_18.39.27.csv,4480,43.9499,43.95,43.95,0.4732,9.015764
1296,soldier,driving_B_2019.12.17_07.32.39.csv,1940,34.4218,34.42,34.42,0.4728,9.135369
1297,longdress,driving_B_2020.02.13_15.02.01.csv,810,-62.1663,-62.17,-62.17,0.4724,8.427027
1298,loot,driving_B_2020.02.13_13.03.24.csv,1207,1.6412,1.64,1.64,0.4720,7.319842
1299,redandblack,driving_B_2020.02.14_12.58.17.csv,452,-224.6353,-224.64,-224.64,0.4716,7.844136
1300,soldier,driving_B_2019.12.17_07.32.39.csv,440,39.2223,39.22,39.22,0.4712,8.365543
1301,longdress,static_B_2020.02.27_18.39.27.csv,2920,48.3949,48.39,48.39,0.4708,7.510338
1302,loot,driving_B_2020.02.14_09.38.22.csv,940,54.7867,54.79,54.79,0.4703,8.667353
1303,redandblack,driving_B_2019.12.16_12.27.05.csv,845,61.1863,61.19,61.19,0.4699,9.133193
1304,soldier,driving_B_2019.12.17_07.32.39.csv,380,53.8203,53.82,53.82,0.4695,7.920149
1305,longdress,driving_B_2019.12.16_12.27.05.csv,1145,34.9212,34.92,34.92,0.4691,8.676327
1306,loot,driving_B_2020.01.16_09.56.56.csv,1529,49.7359,49.74,49.74,0.4687,9.127636
1307,redandblack,static_B_2020.02.27_18.39.27.csv,4600,40.0007,40.00,40.00,0.4683,8.917538
1308,soldier,static_B_2019.12.16_13.40.04.csv,1904,-4.7340,-4.73,-4.73,0.4679,8.508545
1309,longdress,driving_B_2020.02.13_15.02.01.csv,1950,47.0443,47.04,47.04,0.4675,8.404280
1310,loot,static_B_2019.12.16_13.40.04.csv,1365,18.6476,18.65,18.65,0.4671,8.355132
1311,redandblack,driving_B_2020.02.14_12.58.17.csv,92,-100.1198,-100.12,-100.12,0.4667,8.236366
1312,soldier,driving_B_2020.02.13_15.02.01.csv,2754,-29.1159,-29.12,-29.12,0.4663,7.769003
1313,longdress,driving_B_2019.12.17_07.32.39.csv,1100,-16.1370,-16.14,-16.14,0.4659,8.907237
1314,loot,static_B_2020.02.27_18.39.27.csv,3820,54.3351,54.34,54.34,0.4655,8.292630
1315,redandblack,static_B_2020.02.14_13.21.26.csv,608,34.8138,34.81,34.81,0.4651,8.981289
1316,soldier,static_B_2020.02.27_18.39.27.csv,3640,69.7401,69.74,69.74,0.4646,8.554475
1317,longdress,driving_B_2020.01.16_07.26.43.csv,623,-0.2819,-0.28,-0.28,0.4642,8.259629
1318,loot,driving_B_2020.02.13_15.02.01.csv,2310,-1.2911,-1.29,-1.29,0.4638,8.134499
1319,redandblack,driving_B_2020.01.16_09.56.56.csv,89,33.4765,33.48,33.48,0.4634,8.546022
1320,soldier,driving_B_2019.12.17_07.32.39.csv,980,-59.0308,-59.03,-59.03,0.4630,8.188407
1321,longdress,static_B_2020.02.27_18.39.27.csv,2440,64.2217,64.22,64.22,0.4626,8.180321
1322,loot,driving_B_2020.01.16_07.26.43.csv,923,-18.3757,-18.38,-18.38,0.4622,8.333834
1323,redandblack,driving_B_2020.02.14_09.38.22.csv,1240,-15.8369,-15.84,-15.84,0.4618,7.982690
1324,soldier,driving_B_2020.02.13_13.03.24.csv,1447,-39.4287,-39.43,-39.43,0.4614,8.679286
1325,longdress,driving_B_2019.12.17_07.32.39.csv,1460,-32.3705,-32.37,-32.37,0.4610,8.480266
1326,loot,driving_B_2020.02.13_13.03.24.csv,847,-17.7075,-17.71,-17.71,0.4606,8.259660
1327,redandblack,static_B_2019.12.16_13.40.04.csv,1605,75.9135,75.91,75.91,0.4602,8.588177
1328,soldier,driving_B_2020.02.13_15.02.01.csv,2250,63.2068,63.21,63.21,0.4598,7.532430
1329,longdress,static_B_2020.02.27_18.39.27.csv,3580,9.9467,9.95,9.95,0.4594,8.127207
1330,loot,static_B_2020.02.27_18.39.27.csv,4360,44.7324,44.73,44.73,0.4590,8.626150
1331,redandblack,static_B_2020.02.27_18.39.27.csv,2080,51.7891,51.79,51.79,0.4585,8.418255
1332,soldier,static_B_2020.02.14_13.21.26.csv,428,50.4630,50.46,50.46,0.4581,8.642419
1333,longdress,static_B_2020.02.27_18.39.27.csv,3760,64.8571,64.86,64.86,0.4577,8.694486
1334,loot,driving_B_2020.02.13_15.02.01.csv,1170,58.4650,58.46,58.46,0.4573,8.023309
1335,redandblack,driving_B_2020.01.16_09.56.56.csv,869,-8.6787,-8.68,-8.68,0.4569,8.002620
1336,soldier,driving_B_2019.12.17_07.32.39.csv,20,-6.4966,-6.50,-6.50,0.4565,8.334939
1337,longdress,driving_B_2020.01.16_07.26.43.csv,1463,-90.7612,-90.76,-90.76,0.4561,7.258401
1338,loot,driving_B_2020.02.13_13.03.24.csv,1807,-427.3886,-427.39,-427.39,0.4557,8.810114
1339,redandblack,driving_B_2019.12.17_07.32.39.csv,2240,34.0208,34.02,34.02,0.4553,8.275568
1340,soldier,driving_B_2020.02.14_09.38.22.csv,520,21.6091,21.61,21.61,0.4549,8.115309
1341,longdress,driving_B_2020.02.27_17.30.15.csv,49,-166.7120,-166.71,-166.71,0.4545,9.497540
1342,loot,static_B_2020.02.27_18.39.27.csv,1960,38.1670,38.17,38.17,0.4541,7.784028
1343,redandblack,driving_B_2020.02.14_09.38.22.csv,340,-33.6719,-33.67,-33.67,0.4537,8.236466
1344,soldier,driving_B_2020.01.16_07.26.43.csv,1770,-37.7177,-37.72,-37.72,0.4533,9.105460
1345,longdress,driving_B_2020.02.13_13.03.24.csv,1687,65.2457,65.25,65.25,0.4529,8.047298
1346,loot,driving_B_2020.01.16_07.26.43.csv,743,40.8041,40.80,40.80,0.4524,8.633357
1347,redandblack,driving_B_2020.02.13_13.03.24.csv,307,15.3871,15.39,15.39,0.4520,9.123659
1348,soldier,static_B_2019.12.16_13.40.04.csv,1845,49.8709,49.87,49.87,0.4516,8.688849
1349,longdress,driving_B_2020.01.16_07.26.43.csv,1343,-89.9421,-89.94,-89.94,0.4512,8.702362
1350,loot,driving_B_2020.01.16_07.26.43.csv,1763,28.3962,28.40,28.40,0.4508,7.516979
1351,redandblack,static_B_2020.02.27_18.39.27.csv,5620,51.3936,51.39,51.39,0.4504,9.085197
1352,soldier,driving_B_2020.01.16_12.10.03.csv,205,56.3999,56.40,56.40,0.4500,8.706754
1353,longdress,driving_B_2020.02.14_09.38.22.csv,700,61.0854,61.09,61.09,0.4496,8.664433
1354,loot,driving_B_2020.02.14_09.38.22.csv,40,27.4513,27.45,27.45,0.4492,8.737278
1355,redandblack,driving_B_2020.01.16_09.56.56.csv,989,65.3067,65.31,65.31,0.4488,9.436302
1356,soldier,driving_B_2019.12.17_07.32.39.csv,2180,-39.7460,-39.75,-39.75,0.4484,8.823100
1357,longdress,driving_B_2019.12.16_12.27.05.csv,1085,46.8626,46.86,46.86,0.4480,8.995125
1358,loot,static_B_2020.02.27_18.39.27.csv,4720,41.6656,41.67,41.67,0.4476,8.800315
1359,redandblack,static_B_2020.02.27_18.39.27.csv,2620,60.9118,60.91,60.91,0.4472,9.095213
1360,soldier,driving_B_2020.02.14_09.38.22.csv,1000,-29.1257,-29.13,-29.13,0.4467,8.479761
1361,longdress,driving_B_2020.01.16_09.56.56.csv,1349,72.3183,72.32,72.32,0.4463,9.355678
1362,loot,driving_B_2020.02.27_17.30.15.csv,709,-84.8246,-84.82,-84.82,0.4459,8.945188
1363,redandblack,driving_B_2020.02.13_13.03.24.csv,67,-6.6263,-6.63,-6.63,0.4455,8.290757
1364,soldier,driving_B_2020.02.13_13.03.24.csv,367,-61.5786,-61.58,-61.58,0.4451,7.681161
1365,longdress,driving_B_2019.12.17_07.32.39.csv,260,-12.2823,-12.28,-12.28,0.4447,8.793233
1366,loot,static_B_2020.02.27_18.39.27.csv,4000,66.2153,66.22,66.22,0.4443,8.887861
1367,redandblack,static_B_2020.02.27_18.39.27.csv,2200,80.4911,80.49,80.49,0.4439,8.030822
1368,soldier,driving_B_2020.02.14_12.58.17.csv,392,-614.6495,-614.65,-614.65,0.4435,7.756441
1369,longdress,static_B_2020.02.27_18.39.27.csv,4120,61.5966,61.60,61.60,0.4431,8.402338
1370,loot,driving_B_2020.01.16_07.26.43.csv,143,13.9929,13.99,13.99,0.4427,8.037259
1371,redandblack,static_B_2020.02.27_18.39.27.csv,1780,-382.0493,-382.05,-382.05,0.4423,8.123160
1372,soldier,static_B_2020.02.27_18.39.27.csv,4780,47.7637,47.76,47.76,0.4419,9.079246
1373,longdress,driving_B_2020.02.14_12.58.17.csv,632,26.5639,26.56,26.56,0.4415,9.001959
1374,loot,static_B_2019.12.16_13.40.04.csv,345,33.0442,33.04,33.04,0.4411,8.724294
1375,redandblack,driving_B_2020.01.16_09.56.56.csv,449,-19.4780,-19.48,-19.48,0.4406,9.034291
1376,soldier,driving_B_2019.12.16_12.27.05.csv,545,-61.4498,-61.45,-61.45,0.4402,8.874508
1377,longdress,driving_B_2019.12.16_12.27.05.csv,1025,57.2302,57.23,57.23,0.4398,8.257553
1378,loot,driving_B_2020.02.14_09.38.22.csv,1180,-39.3717,-39.37,-39.37,0.4394,9.171735
1379,redandblack,driving_B_2020.02.13_13.03.24.csv,187,-68.5789,-68.58,-68.58,0.4390,8.479292
1380,soldier,driving_B_2020.02.13_13.03.24.csv,487,-5.7370,-5.74,-5.74,0.4386,8.681248
1381,longdress,static_B_2020.02.27_18.39.27.csv,1660,35.6487,35.65,35.65,0.4382,8.200765
1382,loot,driving_B_2020.01.16_09.56.56.csv,509,45.8199,45.82,45.82,0.4378,8.065067
1383,redandblack,driving_B_2020.02.13_13.03.24.csv,1867,-411.7879,-411.79,-411.79,0.4374,8.657172
1384,soldier,static_B_2020.02.27_18.39.27.csv,280,62.0648,62.06,62.06,0.4370,8.533103
1385,longdress,driving_B_2020.02.13_13.03.24.csv,1327,-19.6509,-19.65,-19.65,0.4366,8.245535
1386,loot,static_B_2019.12.16_13.40.04.csv,45,32.9356,32.94,32.94,0.4362,7.710749
1387,redandblack,driving_B_2020.02.14_09.38.22.csv,1360,39.3217,39.32,39.32,0.4358,7.944043
1388,soldier,driving_B_2020.01.16_09.56.56.csv,569,58.8767,58.88,58.88,0.4354,8.842080
1389,longdress,driving_B_2020.01.16_07.26.43.csv,1103,26.3403,26.34,26.34,0.4350,7.561262
1390,loot,driving_B_2020.01.16_07.26.43.csv,1163,18.2330,18.23,18.23,0.4345,7.357839
1391,redandblack,driving_B_2020.02.13_15.02.01.csv,2670,-2.9997,-3.00,-3.00,0.4341,8.917112
1392,soldier,static_B_2019.12.16_13.40.04.csv,1305,37.5035,37.50,37.50,0.4337,8.883345
1393,longdress,static_B_2020.02.27_18.39.27.csv,4180,66.8667,66.87,66.87,0.4333,8.985680
1394,loot,static_B_2019.12.16_13.40.04.csv,1065,52.5243,52.52,52.52,0.4329,9.449162
1395,redandblack,driving_B_2020.02.13_15.02.01.csv,2550,42.1784,42.18,42.18,0.4325,9.429171
1396,soldier,static_B_2020.02.14_13.21.26.csv,668,26.4760,26.48,26.48,0.4321,8.005506
1397,longdress,driving_B_2019.12.17_07.32.39.csv,860,12.7316,12.73,12.73,0.4317,7.736288
1398,loot,driving_B_2019.12.17_07.32.39.csv,80,31.8722,31.87,31.87,0.4313,8.855265
1399,redandblack,driving_B_2020.02.27_17.30.15.csv,589,-53.0142,-53.01,-53.01,0.4309,8.587889
1400,soldier,driving_B_2020.02.14_12.58.17.csv,800,-0.6922,-0.69,-0.69,0.4305,8.141664
1401,longdress,driving_B_2020.02.14_09.38.22.csv,1478,-47.7409,-47.74,-47.74,0.4301,8.146268
1402,loot,driving_B_2020.01.16_07.26.43.csv,23,28.5868,28.59,28.59,0.4297,8.071916
1403,redandblack,driving_B_2020.02.27_17.30.15.csv,349,-89.7415,-89.74,-89.74,0.4293,8.888425
1404,soldier,driving_B_2020.01.16_09.56.56.csv,329,23.1675,23.17,23.17,0.4288,9.265222
1405,longdress,static_B_2020.02.27_18.39.27.csv,1840,10.5223,10.52,10.52,0.4284,9.030280
1406,loot,static_B_2019.12.16_13.40.04.csv,645,62.8503,62.85,62.85,0.4280,9.082641
1407,redandblack,static_B_2019.12.16_13.40.04.csv,765,64.2363,64.24,64.24,0.4276,8.347844
1408,soldier,static_B_2020.02.27_18.39.27.csv,2680,20.5218,20.52,20.52,0.4272,8.637460
1409,longdress,driving_B_2020.02.13_15.02.01.csv,2754,-27.7033,-27.70,-27.70,0.4268,7.638042
1410,loot,driving_B_2020.01.16_09.56.56.csv,1229,27.1971,27.20,27.20,0.4264,8.914744
1411,redandblack,driving_B_2019.12.17_07.32.39.csv,140,26.6788,26.68,26.68,0.4260,8.425762
1412,soldier,driving_B_2020.02.13_13.03.24.csv,2107,-127.3099,-127.31,-127.31,0.4256,8.598679
1413,longdress,static_B_2019.12.16_13.40.04.csv,165,60.0077,60.01,60.01,0.4252,7.964118
1414,loot,static_B_2019.12.16_13.40.04.csv,1725,60.3217,60.32,60.32,0.4248,8.996597
1415,redandblack,driving_B_2020.02.13_13.03.24.csv,607,7.2363,7.24,7.24,0.4244,9.217287
1416,soldier,driving_B_2020.01.16_07.26.43.csv,863,30.6603,30.66,30.66,0.4240,8.218779
1417,longdress,driving_B_2020.01.16_07.26.43.csv,563,-15.7754,-15.78,-15.78,0.4236,9.589637
1418,loot,driving_B_2020.02.13_15.02.01.csv,2190,56.3517,56.35,56.35,0.4232,7.601357
1419,redandblack,driving_B_2020.02.13_13.03.24.csv,787,-26.8900,-26.89,-26.89,0.4227,7.826034
1420,soldier,static_B_2019.12.16_13.40.04.csv,465,-304.4376,-304.44,-304.44,0.4223,8.854739
1421,longdress,driving_B_2020.02.14_12.58.17.csv,32,-10.6452,-10.65,-10.65,0.4219,8.646613
1422,loot,static_B_2020.02.27_18.39.27.csv,1360,53.1861,53.19,53.19,0.4215,8.910731
1423,redandblack,driving_B_2020.02.14_09.38.22.csv,1120,18.2750,18.27,18.27,0.4211,8.460049
1424,soldier,static_B_2019.12.16_13.40.04.csv,945,23.1686,23.17,23.17,0.4207,8.224860
1425,longdress,driving_B_2020.02.13_15.02.01.csv,750,31.8249,31.82,31.82,0.4203,8.675655
1426,loot,driving_B_2020.02.13_13.03.24.csv,7,26.1925,26.19,26.19,0.4199,8.393441
1427,redandblack,static_B_2020.02.27_18.39.27.csv,1600,26.8622,26.86,26.86,0.4195,9.394968
1428,soldier,driving_B_2020.02.13_15.02.01.csv,2730,-47.8865,-47.89,-47.89,0.4191,8.759379
1429,longdress,static_B_2020.02.27_18.39.27.csv,1540,63.4516,63.45,63.45,0.4187,8.465334
1430,loot,driving_B_2019.12.17_07.32.39.csv,740,40.4220,40.42,40.42,0.4183,9.624998
1431,redandblack,driving_B_2019.12.16_12.27.05.csv,305,-88.8846,-88.88,-88.88,0.4179,9.327826
1432,soldier,driving_B_2020.01.16_09.56.56.csv,1409,38.0066,38.01,38.01,0.4175,7.880638
1433,longdress,driving_B_2020.01.16_09.56.56.csv,1109,-9.1126,-9.11,-9.11,0.4171,8.681648
1434,loot,static_B_2020.02.27_18.39.27.csv,5742,42.5963,42.60,42.60,0.4166,8.541903
1435,redandblack,driving_B_2020.02.13_15.02.01.csv,1290,-33.6081,-33.61,-33.61,0.4162,9.040956
1436,soldier,driving_B_2019.12.17_07.32.39.csv,1820,-108.3410,-108.34,-108.34,0.4158,9.021171
1437,longdress,static_B_2019.12.16_13.40.04.csv,1185,-23.6006,-23.60,-23.60,0.4154,8.571862
1438,loot,static_B_2019.12.16_13.40.04.csv,705,53.7409,53.74,53.74,0.4150,7.750348
1439,redandblack,static_B_2020.02.27_18.39.27.csv,2500,37.4223,37.42,37.42,0.4146,8.254631
1440,soldier,driving_B_2019.12.16_12.27.05.csv,905,36.3213,36.32,36.32,0.4142,8.755747
1441,longdress,driving_B_2020.02.14_09.38.22.csv,580,7.1192,7.12,7.12,0.4138,9.555522
1442,loot,static_B_2020.02.27_18.39.27.csv,4840,55.3403,55.34,55.34,0.4134,8.985834
1443,redandblack,driving_B_2020.02.14_09.38.22.csv,100,-76.3188,-76.32,-76.32,0.4130,8.410119
1444,soldier,driving_B_2019.12.17_07.32.39.csv,1700,-148.8166,-148.82,-148.82,0.4126,8.077431
1445,longdress,static_B_2020.02.27_18.39.27.csv,1420,63.0834,63.08,63.08,0.4122,8.151280
1446,loot,driving_B_2019.12.17_07.32.39.csv,320,42.5995,42.60,42.60,0.4118,8.506449
1447,redandblack,static_B_2020.02.14_13.21.26.csv,8,39.4275,39.43,39.43,0.4114,8.675524
1448,soldier,driving_B_2020.02.13_15.02.01.csv,1650,-103.3895,-103.39,-103.39,0.4109,8.643063
1449,longdress,driving_B_2020.01.16_12.10.03.csv,244,59.3041,59.30,59.30,0.4105,8.977445
1450,loot,driving_B_2020.02.27_17.30.15.csv,289,-162.8170,-162.82,-162.82,0.4101,8.152095
1451,redandblack,static_B_2020.02.27_18.39.27.csv,1720,63.8980,63.90,63.90,0.4097,9.009864
1452,soldier,static_B_2020.02.27_18.39.27.csv,1000,60.0894,60.09,60.09,0.4093,8.957447
1453,longdress,driving_B_2020.01.16_09.56.56.csv,1570,38.0993,38.10,38.10,0.4089,9.908450
1454,loot,static_B_2020.02.27_18.39.27.csv,3100,14.8453,14.85,14.85,0.4085,7.955640
1455,redandblack,static_B_2020.02.27_18.39.27.csv,400,69.2765,69.28,69.28,0.4081,8.789726
1456,soldier,static_B_2020.02.27_18.39.27.csv,1240,66.9922,66.99,66.99,0.4077,9.099629
1457,longdress,static_B_2020.02.27_18.39.27.csv,220,71.9853,71.99,71.99,0.4073,8.884921
1458,loot,driving_B_2020.02.14_09.38.22.csv,1420,9.8717,9.87,9.87,0.4069,8.988769
1459,redandblack,static_B_2020.02.27_18.39.27.csv,2560,50.7658,50.77,50.77,0.4065,9.651036
1460,soldier,static_B_2020.02.27_18.39.27.csv,3880,17.6319,17.63,17.63,0.4061,8.835872
1461,longdress,driving_B_2019.12.17_07.32.39.csv,1400,-26.6957,-26.70,-26.70,0.4057,8.643369
1462,loot,driving_B_2020.01.16_07.26.43.csv,1043,44.0822,44.08,44.08,0.4053,9.196524
1463,redandblack,static_B_2020.02.27_18.39.27.csv,5080,40.3952,40.40,40.40,0.4048,9.592689
1464,soldier,driving_B_2020.02.14_09.38.22.csv,1060,-39.3520,-39.35,-39.35,0.4044,8.970433
1465,longdress,driving_B_2020.01.16_07.26.43.csv,203,-1.5153,-1.52,-1.52,0.4040,9.718098
1466,loot,driving_B_2020.02.13_15.02.01.csv,1410,14.3771,14.38,14.38,0.4036,9.233547
1467,redandblack,driving_B_2020.02.13_15.02.01.csv,1530,-14.6239,-14.62,-14.62,0.4032,8.883215
1468,soldier,static_B_2020.02.27_18.39.27.csv,4960,72.8166,72.82,72.82,0.4028,8.579695
1469,longdress,driving_B_2020.01.16_07.26.43.csv,1223,13.2370,13.24,13.24,0.4024,8.738354
1470,loot,driving_B_2019.12.17_07.32.39.csv,200,30.8397,30.84,30.84,0.4020,8.658112
1471,redandblack,driving_B_2020.01.16_12.10.03.csv,244,45.4915,45.49,45.49,0.4016,8.722985
1472,soldier,static_B_2020.02.14_13.21.26.csv,850,39.9391,39.94,39.94,0.4012,8.021859
1473,longdress,driving_B_2020.01.16_07.26.43.csv,1403,-10.4337,-10.43,-10.43,0.4008,8.646993
1474,loot,driving_B_2020.01.16_07.26.43.csv,83,32.7526,32.75,32.75,0.4004,8.740188
1475,redandblack,driving_B_2020.02.13_15.02.01.csv,1890,47.0605,47.06,47.06,0.4000,9.458082
1476,soldier,static_B_2020.02.27_18.39.27.csv,4240,33.3250,33.33,33.33,0.3996,8.792066
1477,longdress,static_B_2020.02.27_18.39.27.csv,2140,45.1787,45.18,45.18,0.3992,9.244731
1478,loot,driving_B_2020.02.13_15.02.01.csv,2370,-189.6135,-189.61,-189.61,0.3987,9.623872
1479,redandblack,driving_B_2020.02.13_13.03.24.csv,1567,-28.8576,-28.86,-28.86,0.3983,8.308895
1480,soldier,driving_B_2019.12.17_07.32.39.csv,500,-50.7895,-50.79,-50.79,0.3979,8.908667
1481,longdress,driving_B_2019.12.16_12.27.05.csv,605,-101.9042,-101.90,-101.90,0.3975,8.789669
1482,loot,static_B_2019.12.16_13.40.04.csv,1425,66.0946,66.09,66.09,0.3971,8.965765
1483,redandblack,static_B_2020.02.27_18.39.27.csv,1180,-176.8267,-176.83,-176.83,0.3967,7.639918
1484,soldier,driving_B_2020.02.13_13.03.24.csv,2167,-283.3479,-283.35,-283.35,0.3963,8.467565
1485,longdress,driving_B_2020.01.16_09.56.56.csv,209,40.2447,40.24,40.24,0.3959,8.516365
1486,loot,driving_B_2020.02.14_09.38.22.csv,760,33.5752,33.58,33.58,0.3955,9.040102
1487,redandblack,driving_B_2019.12.16_12.27.05.csv,125,19.7385,19.74,19.74,0.3951,8.647474
1488,soldier,static_B_2020.02.27_18.39.27.csv,340,60.8686,60.87,60.87,0.3947,7.866000
1489,longdress,driving_B_2020.02.14_12.58.17.csv,272,-252.0900,-252.09,-252.09,0.3943,8.435716
1490,loot,driving_B_2020.02.13_15.02.01.csv,690,39.6371,39.64,39.64,0.3939,8.409298
1491,redandblack,driving_B_2020.01.16_09.56.56.csv,389,11.6727,11.67,11.67,0.3935,8.400736
1492,soldier,static_B_2020.02.27_18.39.27.csv,100,65.5622,65.56,65.56,0.3930,8.878340
1493,longdress,driving_B_2019.12.16_12.27.05.csv,425,-95.6234,-95.62,-95.62,0.3926,8.948528
1494,loot,static_B_2020.02.27_18.39.27.csv,820,52.8716,52.87,52.87,0.3922,9.009483
1495,redandblack,static_B_2019.12.16_13.40.04.csv,1904,-92.2532,-92.25,-92.25,0.3918,9.680880
1496,soldier,driving_B_2020.01.16_09.56.56.csv,1570,28.5854,28.59,28.59,0.3914,8.643520
1497,longdress,driving_B_2020.02.14_12.58.17.csv,572,-55.1424,-55.14,-55.14,0.3910,8.465249
1498,loot,driving_B_2020.02.13_13.03.24.csv,1387,26.9286,26.93,26.93,0.3906,8.276470
1499,redandblack,driving_B_2020.02.14_09.38.22.csv,820,-21.2231,-21.22,-21.22,0.3902,8.257710
1500,soldier,driving_B_2020.01.16_07.26.43.csv,443,-94.5809,-94.58,-94.58,0.3898,8.650574
1501,longdress,driving_B_2020.01.16_09.56.56.csv,929,-8.0398,-8.04,-8.04,0.3894,8.788041
1502,loot,static_B_2020.02.27_18.39.27.csv,3400,35.5911,35.59,35.59,0.3890,7.327074
1503,redandblack,static_B_2020.02.27_18.39.27.csv,2260,68.2120,68.21,68.21,0.3886,8.615830
1504,soldier,driving_B_2019.12.16_12.27.05.csv,1152,5.1360,5.14,5.14,0.3882,8.485973
1505,longdress,driving_B_2019.12.16_12.27.05.csv,5,36.3544,36.35,36.35,0.3878,9.302699
1506,loot,static_B_2019.12.16_13.40.04.csv,1005,50.9687,50.97,50.97,0.3874,8.228829
1507,redandblack,driving_B_2020.02.13_13.03.24.csv,1027,-35.0641,-35.06,-35.06,0.3869,9.487416
1508,soldier,driving_B_2020.02.13_15.02.01.csv,990,-22.5869,-22.59,-22.59,0.3865,8.854432
1509,longdress,static_B_2020.02.14_13.21.26.csv,368,34.6080,34.61,34.61,0.3861,8.752735
1510,loot,driving_B_2020.02.13_15.02.01.csv,510,29.8460,29.85,29.85,0.3857,9.852757
1511,redandblack,driving_B_2020.01.16_07.26.43.csv,683,4.3827,4.38,4.38,0.3853,8.596032
1512,soldier,driving_B_2020.02.13_13.03.24.csv,727,3.2513,3.25,3.25,0.3849,9.799875
1513,longdress,driving_B_2020.02.13_15.02.01.csv,870,50.9826,50.98,50.98,0.3845,8.335167
1514,loot,driving_B_2020.02.13_15.02.01.csv,1770,59.0113,59.01,59.01,0.3841,8.364282
1515,redandblack,static_B_2020.02.27_18.39.27.csv,3340,49.4884,49.49,49.49,0.3837,8.798523
1516,soldier,static_B_2020.02.27_18.39.27.csv,1900,67.3252,67.33,67.33,0.3833,9.643286
1517,longdress,driving_B_2020.02.13_15.02.01.csv,2130,71.8022,71.80,71.80,0.3829,8.877386
1518,loot,static_B_2020.02.14_13.21.26.csv,488,45.9760,45.98,45.98,0.3825,8.830084
1519,redandblack,static_B_2020.02.27_18.39.27.csv,2380,-9.1840,-9.18,-9.18,0.3821,9.473319
1520,soldier,driving_B_2020.02.13_13.03.24.csv,1627,-112.3832,-112.38,-112.38,0.3817,9.520632
1521,longdress,static_B_2020.02.27_18.39.27.csv,940,64.8888,64.89,64.89,0.3813,9.340157
1522,loot,static_B_2019.12.16_13.40.04.csv,225,42.2115,42.21,42.21,0.3808,8.317740
1523,redandblack,driving_B_2020.02.14_09.38.22.csv,1478,15.8126,15.81,15.81,0.3804,9.251196
1524,soldier,driving_B_2020.01.16_09.56.56.csv,269,68.1701,68.17,68.17,0.3800,9.406124
1525,longdress,driving_B_2019.12.16_12.27.05.csv,185,7.7760,7.78,7.78,0.3796,9.013599
1526,loot,driving_B_2020.02.13_13.03.24.csv,1927,-183.0105,-183.01,-183.01,0.3792,9.801969
1527,redandblack,static_B_2020.02.27_18.39.27.csv,40,47.4124,47.41,47.41,0.3788,9.203341
1528,soldier,static_B_2020.02.27_18.39.27.csv,880,42.1768,42.18,42.18,0.3784,8.823555
1529,longdress,driving_B_2020.02.27_17.30.15.csv,169,-76.7513,-76.75,-76.75,0.3780,9.615917
1530,loot,driving_B_2020.02.14_09.38.22.csv,1478,19.6818,19.68,19.68,0.3776,8.914828
1531,redandblack,driving_B_2020.02.27_17.30.15.csv,649,-75.6457,-75.65,-75.65,0.3772,9.558326
1532,soldier,driving_B_2020.02.13_13.03.24.csv,247,-82.2563,-82.26,-82.26,0.3768,9.376118
1533,longdress,driving_B_2020.02.13_13.03.24.csv,1087,-84.6653,-84.67,-84.67,0.3764,9.827273
1534,loot,static_B_2020.02.27_18.39.27.csv,3520,49.0752,49.08,49.08,0.3760,8.664194
1535,redandblack,driving_B_2020.02.13_13.03.24.csv,427,0.3239,0.32,0.32,0.3756,9.482334
1536,soldier,static_B_2020.02.27_18.39.27.csv,5560,60.2672,60.27,60.27,0.3751,9.011925
1537,longdress,driving_B_2019.12.17_07.32.39.csv,1520,-24.8328,-24.83,-24.83,0.3747,9.218118
1538,loot,driving_B_2019.12.17_07.32.39.csv,1220,45.0375,45.04,45.04,0.3743,8.934346
1539,redandblack,driving_B_2020.01.16_12.10.03.csv,145,50.2350,50.23,50.23,0.3739,9.572853
1540,soldier,static_B_2019.12.16_13.40.04.csv,1545,43.3960,43.40,43.40,0.3735,9.241244
1541,longdress,driving_B_2019.12.17_07.32.39.csv,1280,15.3562,15.36,15.36,0.3731,9.243258
1542,loot,driving_B_2020.01.16_09.56.56.csv,1469,66.4496,66.45,66.45,0.3727,9.127834
1543,redandblack,static_B_2020.02.27_18.39.27.csv,5680,77.0457,77.05,77.05,0.3723,9.026379
1544,soldier,driving_B_2019.12.17_07.32.39.csv,800,3.4539,3.45,3.45,0.3719,8.703959
1545,longdress,static_B_2020.02.27_18.39.27.csv,5380,76.3500,76.35,76.35,0.3715,8.753819
1546,loot,driving_B_2019.12.17_07.32.39.csv,920,-12.9906,-12.99,-12.99,0.3711,9.319162
1547,redandblack,static_B_2020.02.27_18.39.27.csv,2980,65.5117,65.51,65.51,0.3707,8.829841
1548,soldier,driving_B_2020.02.13_15.02.01.csv,150,57.7447,57.74,57.74,0.3703,9.320273
1549,longdress,driving_B_2020.02.13_15.02.01.csv,1230,-3.1780,-3.18,-3.18,0.3699,8.471306
1550,loot,driving_B_2020.02.13_15.02.01.csv,390,53.4500,53.45,53.45,0.3695,9.679885
1551,redandblack,driving_B_2020.02.13_13.03.24.csv,127,-0.4659,-0.47,-0.47,0.3690,9.576145
1552,soldier,static_B_2020.02.27_18.39.27.csv,1300,59.1350,59.13,59.13,0.3686,8.938146
1553,longdress,driving_B_2019.12.17_07.32.39.csv,1040,-11.6166,-11.62,-11.62,0.3682,9.205759
1554,loot,driving_B_2019.12.16_12.27.05.csv,665,-69.6518,-69.65,-69.65,0.3678,9.060608
1555,redandblack,static_B_2020.02.14_13.21.26.csv,68,36.0499,36.05,36.05,0.3674,8.294961
1556,soldier,driving_B_2020.01.16_07.26.43.csv,1770,-18.7733,-18.77,-18.77,0.3670,8.935134
1557,longdress,driving_B_2019.12.17_07.32.39.csv,560,17.5971,17.60,17.60,0.3666,8.416164
1558,loot,driving_B_2019.12.17_07.32.39.csv,1640,63.3607,63.36,63.36,0.3662,8.915918
1559,redandblack,static_B_2019.12.16_13.40.04.csv,1125,-462.6062,-462.61,-462.61,0.3658,8.242586
1560,soldier,driving_B_2020.01.16_07.26.43.csv,1643,22.5582,22.56,22.56,0.3654,9.075454
1561,longdress,driving_B_2020.01.16_07.26.43.csv,503,-55.8078,-55.81,-55.81,0.3650,9.053959
1562,loot,driving_B_2020.02.13_13.03.24.csv,667,-23.9022,-23.90,-23.90,0.3646,9.412866
1563,redandblack,static_B_2020.02.27_18.39.27.csv,2020,61.0760,61.08,61.08,0.3642,8.838632
1564,soldier,driving_B_2020.02.13_15.02.01.csv,1050,58.4160,58.42,58.42,0.3638,9.872823
1565,longdress,driving_B_2020.02.14_12.58.17.csv,332,-42.6386,-42.64,-42.64,0.3634,8.643364
1566,loot,driving_B_2019.12.17_07.32.39.csv,2060,35.2102,35.21,35.21,0.3629,9.264539
1567,redandblack,driving_B_2019.12.17_07.32.39.csv,1160,11.3343,11.33,11.33,0.3625,8.654375
1568,soldier,driving_B_2020.02.14_12.58.17.csv,512,-77.9504,-77.95,-77.95,0.3621,9.649932
1569,longdress,driving_B_2020.01.16_09.56.56.csv,149,0.7371,0.74,0.74,0.3617,8.718003
1570,loot,driving_B_2020.02.13_13.03.24.csv,967,-36.5424,-36.54,-36.54,0.3613,8.552141
1571,redandblack,driving_B_2020.02.14_09.38.22.csv,1300,49.9438,49.94,49.94,0.3609,10.202618
1572,soldier,driving_B_2020.02.14_09.38.22.csv,160,-83.7514,-83.75,-83.75,0.3605,9.272278
1573,longdress,driving_B_2020.02.13_15.02.01.csv,630,-12.1638,-12.16,-12.16,0.3601,8.096312
1574,loot,static_B_2020.02.27_18.39.27.csv,3460,82.2083,82.21,82.21,0.3597,9.024960
1575,redandblack,static_B_2020.02.14_13.21.26.csv,788,54.5905,54.59,54.59,0.3593,9.020231
1576,soldier,driving_B_2020.02.13_15.02.01.csv,1710,68.0668,68.07,68.07,0.3589,8.577985
1577,longdress,driving_B_2020.01.16_09.56.56.csv,1169,-9.7821,-9.78,-9.78,0.3585,8.835758
1578,loot,driving_B_2020.02.13_13.03.24.csv,2047,-10.1717,-10.17,-10.17,0.3581,9.956750
1579,redandblack,driving_B_2020.02.14_09.38.22.csv,220,-29.9186,-29.92,-29.92,0.3577,9.788091
1580,soldier,static_B_2020.02.27_18.39.27.csv,4660,-5.5540,-5.55,-5.55,0.3572,9.338309
1581,longdress,driving_B_2019.12.16_12.27.05.csv,65,21.7238,21.72,21.72,0.3568,9.056024
1582,loot,static_B_2020.02.27_18.39.27.csv,1480,52.4037,52.40,52.40,0.3564,8.843624
1583,redandblack,static_B_2019.12.16_13.40.04.csv,285,64.3255,64.33,64.33,0.3560,9.311869
1584,soldier,static_B_2019.12.16_13.40.04.csv,1785,45.8417,45.84,45.84,0.3556,9.985022
1585,longdress,static_B_2020.02.27_18.39.27.csv,3220,9.6194,9.62,9.62,0.3552,9.281646
1586,loot,driving_B_2020.01.16_07.26.43.csv,1583,-83.9258,-83.93,-83.93,0.3548,9.524613
1587,redandblack,static_B_2019.12.16_13.40.04.csv,885,65.4303,65.43,65.43,0.3544,9.980954
1588,soldier,driving_B_2020.02.13_13.03.24.csv,907,-31.2682,-31.27,-31.27,0.3540,10.089350
1589,longdress,static_B_2019.12.16_13.40.04.csv,105,58.9708,58.97,58.97,0.3536,8.980844
1590,loot,driving_B_2020.02.14_09.38.22.csv,280,-33.4379,-33.44,-33.44,0.3532,8.949493
1591,redandblack,driving_B_2019.12.16_12.27.05.csv,485,-248.1054,-248.11,-248.11,0.3528,8.735183
1592,soldier,driving_B_2020.02.14_12.58.17.csv,152,-51.1645,-51.16,-51.16,0.3524,8.664462
1593,longdress,static_B_2020.02.27_18.39.27.csv,2860,60.7744,60.77,60.77,0.3520,9.200206
1594,loot,driving_B_2019.12.17_07.32.39.csv,1760,3.8250,3.83,3.83,0.3516,10.354365
1595,redandblack,driving_B_2020.02.13_15.02.01.csv,330,55.4456,55.45,55.45,0.3511,9.224683
1596,soldier,driving_B_2019.12.16_12.27.05.csv,965,28.4396,28.44,28.44,0.3507,9.395237
1597,longdress,static_B_2020.02.27_18.39.27.csv,1120,36.6922,36.69,36.69,0.3503,8.546349
1598,loot,driving_B_2020.02.13_13.03.24.csv,547,26.5973,26.60,26.60,0.3499,9.454029
1599,redandblack,driving_B_2019.12.17_07.32.39.csv,680,6.0800,6.08,6.08,0.3495,8.947825
1600,soldier,static_B_2020.02.27_18.39.27.csv,460,51.5729,51.57,51.57,0.3491,9.057020
1601,longdress,driving_B_2020.02.27_17.30.15.csv,720,-262.2378,-262.24,-262.24,0.3487,9.952523
1602,loot,static_B_2020.02.27_18.39.27.csv,4540,49.2457,49.25,49.25,0.3483,9.577589
1603,redandblack,driving_B_2020.01.16_09.56.56.csv,29,22.8660,22.87,22.87,0.3479,10.238436
1604,soldier,driving_B_2020.02.14_12.58.17.csv,752,-172.3166,-172.32,-172.32,0.3475,9.239095
1605,longdress,static_B_2020.02.27_18.39.27.csv,3040,36.6503,36.65,36.65,0.3471,8.978918
1606,loot,driving_B_2020.01.16_07.26.43.csv,803,47.7850,47.79,47.79,0.3467,9.012734
1607,redandblack,static_B_2019.12.16_13.40.04.csv,1245,26.6786,26.68,26.68,0.3463,8.988140
1608,soldier,driving_B_2020.02.13_15.02.01.csv,930,38.6897,38.69,38.69,0.3459,9.078350
1609,longdress,static_B_2020.02.27_18.39.27.csv,3160,-10.2235,-10.22,-10.22,0.3455,9.556827
1610,loot,static_B_2020.02.27_18.39.27.csv,5260,41.8272,41.83,41.83,0.3450,9.052172
1611,redandblack,static_B_2020.02.27_18.39.27.csv,4420,64.1069,64.11,64.11,0.3446,9.445613
1612,soldier,driving_B_2020.02.13_15.02.01.csv,1350,-71.8467,-71.85,-71.85,0.3442,9.089041
1613,longdress,driving_B_2019.12.16_12.27.05.csv,245,45.7891,45.79,45.79,0.3438,9.502889
1614,loot,static_B_2020.02.27_18.39.27.csv,2320,60.3800,60.38,60.38,0.3434,9.730724
1615,redandblack,static_B_2019.12.16_13.40.04.csv,525,66.4803,66.48,66.48,0.3430,9.253878
1616,soldier,driving_B_2020.01.16_07.26.43.csv,263,15.2050,15.20,15.20,0.3426,8.813024
1617,longdress,static_B_2020.02.14_13.21.26.csv,548,63.3012,63.30,63.30,0.3422,9.138179
1618,loot,static_B_2020.02.27_18.39.27.csv,1060,63.1894,63.19,63.19,0.3418,9.299594
1619,redandblack,static_B_2019.12.16_13.40.04.csv,825,72.6318,72.63,72.63,0.3414,10.600254
1620,soldier,driving_B_2020.01.16_07.26.43.csv,1703,-36.5840,-36.58,-36.58,0.3410,9.238511
1621,longdress,static_B_2020.02.27_18.39.27.csv,5740,76.3954,76.40,76.40,0.3406,8.557070
1622,loot,driving_B_2020.02.13_15.02.01.csv,1830,61.5128,61.51,61.51,0.3402,8.940265
1623,redandblack,driving_B_2019.12.17_07.32.39.csv,2288,57.9953,58.00,58.00,0.3398,9.115347
1624,soldier,static_B_2020.02.14_13.21.26.csv,848,22.0482,22.05,22.05,0.3393,9.433559
1625,longdress,driving_B_2019.12.17_07.32.39.csv,2120,58.9232,58.92,58.92,0.3389,9.153765
1626,loot,driving_B_2020.02.13_15.02.01.csv,210,76.1530,76.15,76.15,0.3385,9.438652
1627,redandblack,static_B_2020.02.27_18.39.27.csv,5200,75.2349,75.23,75.23,0.3381,8.274356
1628,soldier,static_B_2020.02.27_18.39.27.csv,5742,84.1282,84.13,84.13,0.3377,9.760092
1629,longdress,driving_B_2019.12.17_07.32.39.csv,2288,35.5655,35.57,35.57,0.3373,10.103395
1630,loot,static_B_2020.02.27_18.39.27.csv,160,59.2041,59.20,59.20,0.3369,9.538601
1631,redandblack,static_B_2019.12.16_13.40.04.csv,585,49.6925,49.69,49.69,0.3365,9.365043
1632,soldier,static_B_2020.02.27_18.39.27.csv,4900,-3.7388,-3.74,-3.74,0.3361,8.187164
1633,longdress,static_B_2020.02.27_18.39.27.csv,2800,76.8626,76.86,76.86,0.3357,9.282111
1634,loot,driving_B_2020.02.13_13.03.24.csv,1147,-18.3278,-18.33,-18.33,0.3353,8.948314
1635,redandblack,driving_B_2020.02.13_15.02.01.csv,1590,-329.4496,-329.45,-329.45,0.3349,9.148550
1636,soldier,driving_B_2020.02.14_12.58.17.csv,692,-110.3821,-110.38,-110.38,0.3345,9.279349
1637,longdress,static_B_2019.12.16_13.40.04.csv,1485,71.7111,71.71,71.71,0.3341,9.571433
1638,loot,static_B_2020.02.27_18.39.27.csv,3700,46.6816,46.68,46.68,0.3337,9.261782
1639,redandblack,driving_B_2020.02.14_09.38.22.csv,640,32.0829,32.08,32.08,0.3332,9.771166
1640,soldier,static_B_2020.02.27_18.39.27.csv,5440,50.7636,50.76,50.76,0.3328,9.241688
1641,longdress,static_B_2020.02.27_18.39.27.csv,520,0.9450,0.94,0.94,0.3324,9.397660
1642,loot,static_B_2020.02.27_18.39.27.csv,3280,34.9786,34.98,34.98,0.3320,9.967450
1643,redandblack,driving_B_2020.02.13_13.03.24.csv,2188,-297.6973,-297.70,-297.70,0.3316,9.574588
1644,soldier,driving_B_2020.02.13_13.03.24.csv,1747,25.7954,25.80,25.80,0.3312,8.918222
1645,longdress,driving_B_2020.02.13_15.02.01.csv,90,40.0767,40.08,40.08,0.3308,8.699277
1646,loot,driving_B_2020.01.16_09.56.56.csv,749,60.1213,60.12,60.12,0.3304,9.751199
1647,redandblack,driving_B_2020.02.13_15.02.01.csv,2070,-9.7786,-9.78,-9.78,0.3300,9.849352
1648,soldier,static_B_2020.02.27_18.39.27.csv,5500,70.2306,70.23,70.23,0.3296,8.805970
1649,longdress,static_B_2019.12.16_13.40.04.csv,405,-8.7984,-8.80,-8.80,0.3292,9.115587
1650,loot,driving_B_2020.01.16_12.10.03.csv,85,42.4964,42.50,42.50,0.3288,9.148225
1651,redandblack,driving_B_2020.02.13_15.02.01.csv,2430,-140.5504,-140.55,-140.55,0.3284,8.827896
1652,soldier,driving_B_2019.12.17_07.32.39.csv,1580,-9.8534,-9.85,-9.85,0.3280,9.206871
1653,longdress,driving_B_2019.12.17_07.32.39.csv,1340,65.2880,65.29,65.29,0.3276,8.761935
1654,loot,driving_B_2020.01.16_07.26.43.csv,1283,20.4560,20.46,20.46,0.3271,9.823292
1655,redandblack,driving_B_2020.01.16_07.26.43.csv,383,-17.8320,-17.83,-17.83,0.3267,8.912276
1656,soldier,driving_B_2020.01.16_09.56.56.csv,1049,-58.8458,-58.85,-58.85,0.3263,9.635888
1657,longdress,driving_B_2020.01.16_12.10.03.csv,25,76.4659,76.47,76.47,0.3259,9.190476
1658,loot,driving_B_2020.02.13_13.03.24.csv,1507,1.8499,1.85,1.85,0.3255,9.779862
1659,redandblack,driving_B_2020.02.14_12.58.17.csv,800,4.9477,4.95,4.95,0.3251,9.136321
1660,soldier,driving_B_2020.02.14_09.38.22.csv,880,41.2021,41.20,41.20,0.3247,8.828496
1661,longdress,driving_B_2020.02.13_13.03.24.csv,1987,-90.9797,-90.98,-90.98,0.3243,9.965546
1662,loot,driving_B_2020.02.27_17.30.15.csv,109,-211.9420,-211.94,-211.94,0.3239,9.954403
1663,redandblack,static_B_2020.02.27_18.39.27.csv,3940,36.7800,36.78,36.78,0.3235,9.777553
1664,soldier,driving_B_2020.02.13_15.02.01.csv,2490,-102.2768,-102.28,-102.28,0.3231,8.832589
1665,longdress,driving_B_2019.12.16_12.27.05.csv,725,38.9534,38.95,38.95,0.3227,9.486655
1666,loot,static_B_2020.02.14_13.21.26.csv,248,30.8342,30.83,30.83,0.3223,9.802357
1667,redandblack,static_B_2020.02.27_18.39.27.csv,2740,82.7053,82.71,82.71,0.3219,10.150465
1668,soldier,driving_B_2020.02.13_13.03.24.csv,1267,-32.0537,-32.05,-32.05,0.3214,9.809307
1669,longdress,driving_B_2020.02.14_09.38.22.csv,638,56.9941,56.99,56.99,0.3210,10.438342
1670,loot,driving_B_2020.02.13_13.03.24.csv,1753,47.6178,47.62,47.62,0.3206,9.835427
1671,redandblack,static_B_2020.02.27_18.39.27.csv,3017,47.6043,47.60,47.60,0.3202,9.421059
1672,soldier,driving_B_2020.02.13_15.02.01.csv,64,47.7453,47.75,47.75,0.3198,9.447004
1673,longdress,driving_B_2019.12.17_07.32.39.csv,347,42.7353,42.74,42.74,0.3194,10.135432
1674,loot,static_B_2020.02.27_18.39.27.csv,5717,63.1800,63.18,63.18,0.3190,10.059195
1675,redandblack,driving_B_2020.01.16_09.56.56.csv,101,20.1931,20.19,20.19,0.3186,9.910895
1676,soldier,driving_B_2020.01.16_09.56.56.csv,1121,19.4214,19.42,19.42,0.3182,9.453885
1677,longdress,driving_B_2020.02.13_13.03.24.csv,1213,-60.3025,-60.30,-60.30,0.3178,9.530973
1678,loot,driving_B_2020.02.13_15.02.01.csv,244,40.3513,40.35,40.35,0.3174,9.645712
1679,redandblack,driving_B_2019.12.17_07.32.39.csv,2267,41.8325,41.83,41.83,0.3170,9.650152
1680,soldier,driving_B_2020.01.16_09.56.56.csv,281,85.4523,85.45,85.45,0.3166,8.650546
1681,longdress,static_B_2020.02.27_18.39.27.csv,3857,-32.6578,-32.66,-32.66,0.3162,9.049280
1682,loot,driving_B_2020.02.13_13.03.24.csv,1513,0.7521,0.75,0.75,0.3158,9.879753
1683,redandblack,driving_B_2020.01.16_07.26.43.csv,940,-15.4877,-15.49,-15.49,0.3153,9.025543
1684,soldier,driving_B_2019.12.17_07.32.39.csv,2087,72.3067,72.31,72.31,0.3149,9.270172
1685,longdress,driving_B_2019.12.17_07.32.39.csv,767,31.6618,31.66,31.66,0.3145,8.492905
1686,loot,driving_B_2020.02.14_09.38.22.csv,998,15.6773,15.68,15.68,0.3141,9.499758
1687,redandblack,static_B_2019.12.16_13.40.04.csv,362,47.0254,47.03,47.03,0.3137,10.098112
1688,soldier,driving_B_2020.01.16_07.26.43.csv,160,-183.9694,-183.97,-183.97,0.3133,9.878569
1689,longdress,driving_B_2020.02.13_15.02.01.csv,844,-18.9838,-18.98,-18.98,0.3129,10.466902
1690,loot,driving_B_2020.01.16_07.26.43.csv,1300,53.3547,53.35,53.35,0.3125,8.465318
1691,redandblack,driving_B_2020.01.16_07.26.43.csv,700,6.6380,6.64,6.64,0.3121,9.326897
1692,soldier,driving_B_2020.02.14_09.38.22.csv,1058,-22.9422,-22.94,-22.94,0.3117,9.494930
1693,longdress,driving_B_2019.12.16_12.27.05.csv,1007,64.1943,64.19,64.19,0.3113,9.588963
1694,loot,driving_B_2020.01.16_12.10.03.csv,244,76.7914,76.79,76.79,0.3109,8.669665
1695,redandblack,driving_B_2020.02.14_09.38.22.csv,1478,16.6407,16.64,16.64,0.3105,9.724000
1696,soldier,driving_B_2019.12.17_07.32.39.csv,1007,-27.4272,-27.43,-27.43,0.3101,11.235472
1697,longdress,static_B_2019.12.16_13.40.04.csv,662,76.6040,76.60,76.60,0.3097,9.869505
1698,loot,driving_B_2019.12.17_07.32.39.csv,1967,41.5876,41.59,41.59,0.3092,9.774325
1699,redandblack,driving_B_2019.12.17_07.32.39.csv,227,13.1727,13.17,13.17,0.3088,9.767205
1700,soldier,driving_B_2020.01.16_09.56.56.csv,1361,44.7347,44.73,44.73,0.3084,9.889909
1701,longdress,static_B_2020.02.27_18.39.27.csv,437,43.3532,43.35,43.35,0.3080,8.981479
1702,loot,driving_B_2019.12.17_07.32.39.csv,1067,60.3170,60.32,60.32,0.3076,10.256963
1703,redandblack,driving_B_2019.12.17_07.32.39.csv,2288,51.6459,51.65,51.65,0.3072,9.011127
1704,soldier,driving_B_2019.12.16_12.27.05.csv,227,10.1684,10.17,10.17,0.3068,9.658546
1705,longdress,driving_B_2020.02.13_15.02.01.csv,2344,-240.7957,-240.80,-240.80,0.3064,9.679977
1706,loot,static_B_2020.02.27_18.39.27.csv,497,67.1365,67.14,67.14,0.3060,9.164015
1707,redandblack,driving_B_2020.02.14_09.38.22.csv,698,70.2871,70.29,70.29,0.3056,9.605640
1708,soldier,static_B_2020.02.27_18.39.27.csv,1277,77.4007,77.40,77.40,0.3052,9.044435
1709,longdress,driving_B_2019.12.17_07.32.39.csv,1187,36.1421,36.14,36.14,0.3048,9.025288
1710,loot,static_B_2020.02.27_18.39.27.csv,2897,65.3717,65.37,65.37,0.3044,9.487849
1711,redandblack,static_B_2020.02.27_18.39.27.csv,677,41.2241,41.22,41.22,0.3040,10.580036
1712,soldier,driving_B_2020.02.14_09.38.22.csv,1478,-13.0946,-13.09,-13.09,0.3035,10.009943
1713,longdress,driving_B_2020.01.16_09.56.56.csv,1541,82.6057,82.61,82.61,0.3031,9.298451
1714,loot,driving_B_2020.02.27_17.30.15.csv,517,-39.0233,-39.02,-39.02,0.3027,9.841249
1715,redandblack,driving_B_2020.01.16_07.26.43.csv,40,33.3612,33.36,33.36,0.3023,10.399384
1716,soldier,driving_B_2019.12.16_12.27.05.csv,287,2.2370,2.24,2.24,0.3019,9.849547
1717,longdress,static_B_2020.02.27_18.39.27.csv,3077,-10.9741,-10.97,-10.97,0.3015,9.699801
1718,loot,driving_B_2019.12.16_12.27.05.csv,887,51.5763,51.58,51.58,0.3011,9.159934
1719,redandblack,driving_B_2020.02.13_13.03.24.csv,2173,9.2895,9.29,9.29,0.3007,9.304064
1720,soldier,static_B_2020.02.27_18.39.27.csv,197,57.2731,57.27,57.27,0.3003,9.511296
1721,longdress,static_B_2019.12.16_13.40.04.csv,962,32.9625,32.96,32.96,0.2999,9.488863
1722,loot,driving_B_2020.01.16_07.26.43.csv,460,-35.8626,-35.86,-35.86,0.2995,9.980518
1723,redandblack,driving_B_2020.02.13_13.03.24.csv,1633,-56.8003,-56.80,-56.80,0.2991,9.224515
1724,soldier,driving_B_2020.02.13_13.03.24.csv,1153,-43.8642,-43.86,-43.86,0.2987,9.363478
1725,longdress,static_B_2019.12.16_13.40.04.csv,1142,-61.5305,-61.53,-61.53,0.2983,8.850211
1726,loot,static_B_2020.02.27_18.39.27.csv,137,56.1521,56.15,56.15,0.2979,9.471311
1727,redandblack,driving_B_2020.01.16_07.26.43.csv,1660,12.0571,12.06,12.06,0.2974,8.375473
1728,soldier,static_B_2020.02.27_18.39.27.csv,1337,65.1438,65.14,65.14,0.2970,9.530017
1729,longdress,static_B_2020.02.27_18.39.27.csv,4097,46.3181,46.32,46.32,0.2966,10.411724
1730,loot,static_B_2020.02.27_18.39.27.csv,1697,47.9528,47.95,47.95,0.2962,10.074265
1731,redandblack,static_B_2020.02.27_18.39.27.csv,4757,55.2181,55.22,55.22,0.2958,9.706397
1732,soldier,static_B_2019.12.16_13.40.04.csv,1622,55.6575,55.66,55.66,0.2954,9.703411
1733,longdress,driving_B_2020.02.14_09.38.22.csv,1238,3.6076,3.61,3.61,0.2950,10.045515
1734,loot,driving_B_2020.02.14_09.38.22.csv,458,33.4435,33.44,33.44,0.2946,9.241777
1735,redandblack,driving_B_2020.02.13_13.03.24.csv,373,19.2957,19.30,19.30,0.2942,10.373785
1736,soldier,driving_B_2019.12.17_07.32.39.csv,1367,76.4632,76.46,76.46,0.2938,9.388093
1737,longdress,driving_B_2019.12.17_07.32.39.csv,2147,12.2173,12.22,12.22,0.2934,9.642311
1738,loot,driving_B_2020.01.16_09.56.56.csv,221,41.9190,41.92,41.92,0.2930,10.257853
1739,redandblack,static_B_2020.02.27_18.39.27.csv,4997,67.9892,67.99,67.99,0.2926,10.218529
1740,soldier,driving_B_2020.02.13_13.03.24.csv,133,1.5670,1.57,1.57,0.2922,9.528585
1741,longdress,static_B_2020.02.27_18.39.27.csv,2537,68.3296,68.33,68.33,0.2918,9.999433
1742,loot,driving_B_2019.12.16_12.27.05.csv,587,19.0963,19.10,19.10,0.2913,10.085829
1743,redandblack,driving_B_2020.02.27_17.30.15.csv,720,-17.4497,-17.45,-17.45,0.2909,9.877203
1744,soldier,driving_B_2020.01.16_07.26.43.csv,520,-15.7545,-15.75,-15.75,0.2905,9.820420
1745,longdress,static_B_2020.02.27_18.39.27.csv,1577,45.9567,45.96,45.96,0.2901,10.736680
1746,loot,driving_B_2020.02.14_12.58.17.csv,41,34.2605,34.26,34.26,0.2897,9.799632
1747,redandblack,driving_B_2020.02.13_15.02.01.csv,484,33.3221,33.32,33.32,0.2893,11.431430
1748,soldier,static_B_2020.02.27_18.39.27.csv,2717,47.6671,47.67,47.67,0.2889,9.157942
1749,longdress,driving_B_2020.01.16_07.26.43.csv,280,18.9386,18.94,18.94,0.2885,9.539334
1750,loot,driving_B_2020.01.16_09.56.56.csv,1301,41.1475,41.15,41.15,0.2881,9.796824
1751,redandblack,driving_B_2020.02.13_13.03.24.csv,613,-41.1540,-41.15,-41.15,0.2877,10.309243
1752,soldier,static_B_2020.02.27_18.39.27.csv,737,42.1470,42.15,42.15,0.2873,9.753577
1753,longdress,driving_B_2020.02.14_12.58.17.csv,101,-15.1414,-15.14,-15.14,0.2869,9.996394
1754,loot,driving_B_2020.01.16_07.26.43.csv,100,31.3533,31.35,31.35,0.2865,9.497362
1755,redandblack,static_B_2019.12.16_13.40.04.csv,782,77.7402,77.74,77.74,0.2861,9.900340
1756,soldier,static_B_2020.02.14_13.21.26.csv,850,26.7750,26.77,26.77,0.2856,10.485158
1757,longdress,static_B_2020.02.14_13.21.26.csv,751,71.3257,71.33,71.33,0.2852,10.602898
1758,loot,driving_B_2020.02.13_13.03.24.csv,733,17.6660,17.67,17.67,0.2848,8.585462
1759,redandblack,driving_B_2019.12.17_07.32.39.csv,527,10.6896,10.69,10.69,0.2844,9.080717
1760,soldier,driving_B_2020.01.16_07.26.43.csv,1770,7.2354,7.24,7.24,0.2840,10.389176
1761,longdress,driving_B_2019.12.17_07.32.39.csv,1427,61.9677,61.97,61.97,0.2836,10.186135
1762,loot,driving_B_2020.01.16_09.56.56.csv,521,57.8098,57.81,57.81,0.2832,10.101953
1763,redandblack,static_B_2019.12.16_13.40.04.csv,1802,68.6597,68.66,68.66,0.2828,9.126893
1764,soldier,static_B_2020.02.27_18.39.27.csv,5742,61.7652,61.77,61.77,0.2824,11.357189
1765,longdress,driving_B_2020.02.13_13.03.24.csv,1033,-32.2393,-32.24,-32.24,0.2820,9.161810
1766,loot,static_B_2020.02.27_18.39.27.csv,2177,81.5287,81.53,81.53,0.2816,9.637579
1767,redandblack,driving_B_2020.02.14_09.38.22.csv,218,-32.3898,-32.39,-32.39,0.2812,9.944788
1768,soldier,static_B_2020.02.27_18.39.27.csv,5297,74.6742,74.67,74.67,0.2808,8.939617
1769,longdress,driving_B_2020.02.13_15.02.01.csv,124,46.0508,46.05,46.05,0.2804,10.101352
1770,loot,driving_B_2019.12.16_12.27.05.csv,947,70.3175,70.32,70.32,0.2800,8.509858
1771,redandblack,driving_B_2020.02.14_09.38.22.csv,98,12.0100,12.01,12.01,0.2795,9.457480
1772,soldier,static_B_2019.12.16_13.40.04.csv,722,75.5304,75.53,75.53,0.2791,10.203541
1773,longdress,driving_B_2020.02.14_09.38.22.csv,1358,60.0547,60.05,60.05,0.2787,9.781552
1774,loot,driving_B_2020.02.14_09.38.22.csv,1478,29.3727,29.37,29.37,0.2783,9.704808
1775,redandblack,driving_B_2020.02.13_15.02.01.csv,2404,-52.3728,-52.37,-52.37,0.2779,9.066529
1776,soldier,driving_B_2020.01.16_07.26.43.csv,1420,-56.2362,-56.24,-56.24,0.2775,9.090493
1777,longdress,driving_B_2020.02.13_13.03.24.csv,1273,-97.0242,-97.02,-97.02,0.2771,9.743583
1778,loot,static_B_2020.02.27_18.39.27.csv,2657,50.1262,50.13,50.13,0.2767,9.486009
1779,redandblack,driving_B_2020.02.13_15.02.01.csv,304,70.9255,70.93,70.93,0.2763,9.313423
1780,soldier,driving_B_2020.01.16_09.56.56.csv,821,20.1108,20.11,20.11,0.2759,8.805585
1781,longdress,driving_B_2020.01.16_07.26.43.csv,1600,-77.0566,-77.06,-77.06,0.2755,10.550999
1782,loot,static_B_2020.02.27_18.39.27.csv,1817,-31.6907,-31.69,-31.69,0.2751,9.923282
1783,redandblack,static_B_2020.02.27_18.39.27.csv,317,64.7855,64.79,64.79,0.2747,9.755925
1784,soldier,static_B_2020.02.27_18.39.27.csv,3377,45.5179,45.52,45.52,0.2743,10.004597
1785,longdress,driving_B_2020.02.13_15.02.01.csv,2224,68.5248,68.52,68.52,0.2739,10.282782
1786,loot,driving_B_2019.12.17_07.32.39.csv,1907,36.1828,36.18,36.18,0.2734,9.217413
1787,redandblack,driving_B_2019.12.17_07.32.39.csv,287,38.4861,38.49,38.49,0.2730,9.074327
1788,soldier,static_B_2019.12.16_13.40.04.csv,2,68.5771,68.58,68.58,0.2726,8.235032
1789,longdress,driving_B_2020.02.13_13.03.24.csv,1933,-194.9266,-194.93,-194.93,0.2722,10.248386
1790,loot,driving_B_2020.02.14_12.58.17.csv,161,-33.1744,-33.17,-33.17,0.2718,9.262801
1791,redandblack,driving_B_2020.02.13_13.03.24.csv,193,22.3434,22.34,22.34,0.2714,9.044103
1792,soldier,static_B_2020.02.14_13.21.26.csv,151,53.5430,53.54,53.54,0.2710,9.160481
1793,longdress,static_B_2020.02.27_18.39.27.csv,1757,37.5742,37.57,37.57,0.2706,9.476637
1794,loot,static_B_2019.12.16_13.40.04.csv,1562,37.3852,37.39,37.39,0.2702,10.158545
1795,redandblack,driving_B_2020.02.13_13.03.24.csv,2113,3.9284,3.93,3.93,0.2698,9.465867
1796,soldier,driving_B_2020.02.14_09.38.22.csv,38,0.0531,0.05,0.05,0.2694,8.431050
1797,longdress,driving_B_2019.12.16_12.27.05.csv,1067,53.5913,53.59,53.59,0.2690,8.948489
1798,loot,static_B_2020.02.27_18.39.27.csv,2417,27.6377,27.64,27.64,0.2686,9.244770
1799,redandblack,static_B_2019.12.16_13.40.04.csv,602,58.2520,58.25,58.25,0.2682,9.312999
1800,soldier,driving_B_2020.02.13_15.02.01.csv,2644,82.5843,82.58,82.58,0.2677,10.813902
1801,longdress,driving_B_2020.01.16_09.56.56.csv,1181,29.5673,29.57,29.57,0.2673,10.375941
1802,loot,driving_B_2020.02.13_15.02.01.csv,2284,-48.6573,-48.66,-48.66,0.2669,9.816810
1803,redandblack,driving_B_2019.12.16_12.27.05.csv,47,-9.3098,-9.31,-9.31,0.2665,10.648815
1804,soldier,driving_B_2020.02.13_15.02.01.csv,724,21.5370,21.54,21.54,0.2661,10.532567
1805,longdress,driving_B_2020.01.16_07.26.43.csv,1480,6.8037,6.80,6.80,0.2657,9.577984
1806,loot,static_B_2019.12.16_13.40.04.csv,242,70.0375,70.04,70.04,0.2653,9.772206
1807,redandblack,driving_B_2020.01.16_07.26.43.csv,1060,56.5768,56.58,56.58,0.2649,9.492316
1808,soldier,driving_B_2020.02.14_12.58.17.csv,521,-41.2875,-41.29,-41.29,0.2645,10.258180
1809,longdress,driving_B_2020.02.13_13.03.24.csv,313,37.6967,37.70,37.70,0.2641,9.339002
1810,loot,static_B_2019.12.16_13.40.04.csv,302,38.1974,38.20,38.20,0.2637,9.970166
1811,redandblack,static_B_2020.02.14_13.21.26.csv,211,29.0025,29.00,29.00,0.2633,9.259646
1812,soldier,driving_B_2020.02.13_15.02.01.csv,4,80.7679,80.77,80.77,0.2629,10.256373
1813,longdress,driving_B_2019.12.17_07.32.39.csv,707,-27.6117,-27.61,-27.61,0.2625,10.466449
1814,loot,static_B_2020.02.27_18.39.27.csv,4577,66.4620,66.46,66.46,0.2621,9.272469
1815,redandblack,driving_B_2020.01.16_07.26.43.csv,580,33.8721,33.87,33.87,0.2616,10.684160
1816,soldier,static_B_2020.02.27_18.39.27.csv,1097,27.1388,27.14,27.14,0.2612,9.250844
1817,longdress,driving_B_2019.12.17_07.32.39.csv,1667,-24.1827,-24.18,-24.18,0.2608,10.133249
1818,loot,driving_B_2020.01.16_09.56.56.csv,641,49.1305,49.13,49.13,0.2604,10.159760
1819,redandblack,driving_B_2020.02.27_17.30.15.csv,97,-233.9593,-233.96,-233.96,0.2600,9.888811
1820,soldier,driving_B_2019.12.16_12.27.05.csv,347,17.9816,17.98,17.98,0.2596,9.921464
1821,longdress,static_B_2019.12.16_13.40.04.csv,1442,73.2577,73.26,73.26,0.2592,11.544162
1822,loot,static_B_2020.02.27_18.39.27.csv,2777,60.9127,60.91,60.91,0.2588,8.979137
1823,redandblack,driving_B_2020.02.14_09.38.22.csv,1298,59.5325,59.53,59.53,0.2584,10.136962
1824,soldier,driving_B_2020.02.13_15.02.01.csv,544,4.1325,4.13,4.13,0.2580,9.816536
1825,longdress,driving_B_2019.12.16_12.27.05.csv,767,37.1243,37.12,37.12,0.2576,10.253334
1826,loot,static_B_2020.02.27_18.39.27.csv,2117,68.3809,68.38,68.38,0.2572,9.939129
1827,redandblack,static_B_2020.02.27_18.39.27.csv,3737,52.9617,52.96,52.96,0.2568,10.552036
1828,soldier,driving_B_2020.02.13_15.02.01.csv,1084,24.6450,24.64,24.64,0.2564,10.155327
1829,longdress,driving_B_2019.12.17_07.32.39.csv,407,61.6374,61.64,61.64,0.2560,9.886868
1830,loot,driving_B_2020.01.16_07.26.43.csv,1000,43.2456,43.25,43.25,0.2555,10.300600
1831,redandblack,driving_B_2020.01.16_07.26.43.csv,1720,30.7185,30.72,30.72,0.2551,9.970932
1832,soldier,driving_B_2020.01.16_09.56.56.csv,401,-14.0941,-14.09,-14.09,0.2547,10.470607
1833,longdress,static_B_2019.12.16_13.40.04.csv,542,82.0305,82.03,82.03,0.2543,8.985485
1834,loot,static_B_2020.02.27_18.39.27.csv,4397,79.1506,79.15,79.15,0.2539,10.282556
1835,redandblack,driving_B_2020.02.13_15.02.01.csv,1984,47.1284,47.13,47.13,0.2535,10.126815
1836,soldier,driving_B_2019.12.17_07.32.39.csv,467,28.8136,28.81,28.81,0.2531,10.207019
1837,longdress,driving_B_2020.02.13_15.02.01.csv,1444,-39.7637,-39.76,-39.76,0.2527,9.665559
1838,loot,static_B_2020.02.27_18.39.27.csv,2297,69.9479,69.95,69.95,0.2523,9.994218
1839,redandblack,driving_B_2019.12.17_07.32.39.csv,1847,-36.2708,-36.27,-36.27,0.2519,9.806048
1840,soldier,driving_B_2020.01.16_07.26.43.csv,760,41.3467,41.35,41.35,0.2515,10.653730
1841,longdress,static_B_2020.02.27_18.39.27.csv,5057,75.4783,75.48,75.48,0.2511,10.151273
1842,loot,static_B_2020.02.27_18.39.27.csv,2057,58.3187,58.32,58.32,0.2507,10.401229
1843,redandblack,driving_B_2020.01.16_07.26.43.csv,880,2.9688,2.97,2.97,0.2503,10.025346
1844,soldier,driving_B_2020.02.13_13.03.24.csv,13,-5.0102,-5.01,-5.01,0.2498,9.908702
1845,longdress,driving_B_2020.02.27_17.30.15.csv,457,-187.6407,-187.64,-187.64,0.2494,9.562971
1846,loot,static_B_2019.12.16_13.40.04.csv,1322,65.4521,65.45,65.45,0.2490,9.924336
1847,redandblack,driving_B_2019.12.16_12.27.05.csv,647,-172.2395,-172.24,-172.24,0.2486,10.423881
1848,soldier,driving_B_2020.01.16_09.56.56.csv,161,49.5811,49.58,49.58,0.2482,9.198909
1849,longdress,static_B_2020.02.14_13.21.26.csv,811,65.9312,65.93,65.93,0.2478,10.129013
1850,loot,static_B_2020.02.27_18.39.27.csv,4457,50.0978,50.10,50.10,0.2474,10.804487
1851,redandblack,driving_B_2020.02.27_17.30.15.csv,337,-95.9046,-95.90,-95.90,0.2470,10.172273
1852,soldier,driving_B_2020.01.16_07.26.43.csv,1770,-31.8890,-31.89,-31.89,0.2466,9.989747
1853,longdress,static_B_2019.12.16_13.40.04.csv,182,49.6409,49.64,49.64,0.2462,10.295769
1854,loot,driving_B_2020.02.13_13.03.24.csv,553,29.2388,29.24,29.24,0.2458,10.039717
1855,redandblack,driving_B_2019.12.17_07.32.39.csv,587,24.2870,24.29,24.29,0.2454,10.399580
1856,soldier,static_B_2020.02.27_18.39.27.csv,3557,28.5009,28.50,28.50,0.2450,8.863210
1857,longdress,driving_B_2020.01.16_09.56.56.csv,1570,52.1065,52.11,52.11,0.2446,10.204808
1858,loot,driving_B_2020.02.14_09.38.22.csv,278,-48.0702,-48.07,-48.07,0.2442,10.810500
1859,redandblack,static_B_2020.02.27_18.39.27.csv,2237,69.4736,69.47,69.47,0.2437,10.193005
1860,soldier,static_B_2020.02.27_18.39.27.csv,977,51.6479,51.65,51.65,0.2433,9.722941
1861,longdress,static_B_2019.12.16_13.40.04.csv,1022,37.9707,37.97,37.97,0.2429,9.605071
1862,loot,static_B_2019.12.16_13.40.04.csv,1202,27.8752,27.88,27.88,0.2425,10.037128
1863,redandblack,driving_B_2020.02.13_15.02.01.csv,184,75.0042,75.00,75.00,0.2421,10.304715
1864,soldier,driving_B_2020.02.13_13.03.24.csv,2188,-107.2179,-107.22,-107.22,0.2417,10.450054
1865,longdress,static_B_2020.02.14_13.21.26.csv,331,83.5634,83.56,83.56,0.2413,10.400347
1866,loot,driving_B_2020.02.13_13.03.24.csv,793,34.6570,34.66,34.66,0.2409,10.181833
1867,redandblack,driving_B_2020.02.27_17.30.15.csv,637,-115.8584,-115.86,-115.86,0.2405,10.019743
1868,soldier,static_B_2020.02.27_18.39.27.csv,17,55.9144,55.91,55.91,0.2401,9.480974
1869,longdress,static_B_2020.02.27_18.39.27.csv,4637,-126.9912,-126.99,-126.99,0.2397,9.242403
1870,loot,driving_B_2020.02.13_15.02.01.csv,1564,-44.7866,-44.79,-44.79,0.2393,10.872471
1871,redandblack,driving_B_2019.12.16_12.27.05.csv,107,52.5003,52.50,52.50,0.2389,10.171689
1872,soldier,driving_B_2020.02.13_15.02.01.csv,664,61.6032,61.60,61.60,0.2385,10.850929
1873,longdress,driving_B_2020.01.16_09.56.56.csv,1001,59.9978,60.00,60.00,0.2381,9.760847
1874,loot,static_B_2020.02.27_18.39.27.csv,257,76.3712,76.37,76.37,0.2376,10.089788
1875,redandblack,driving_B_2020.02.13_15.02.01.csv,1024,67.1024,67.10,67.10,0.2372,9.878175
1876,soldier,driving_B_2020.01.16_09.56.56.csv,1570,36.6969,36.70,36.70,0.2368,9.770849
1877,longdress,static_B_2020.02.27_18.39.27.csv,5117,74.8059,74.81,74.81,0.2364,11.031192
1878,loot,static_B_2019.12.16_13.40.04.csv,1682,61.7719,61.77,61.77,0.2360,9.801760
1879,redandblack,static_B_2020.02.27_18.39.27.csv,1397,73.0877,73.09,73.09,0.2356,9.920556
1880,soldier,driving_B_2020.01.16_09.56.56.csv,1481,76.8204,76.82,76.82,0.2352,11.057980
1881,longdress,driving_B_2020.02.13_15.02.01.csv,1324,-193.1210,-193.12,-193.12,0.2348,9.731069
1882,loot,static_B_2020.02.27_18.39.27.csv,2597,69.0097,69.01,69.01,0.2344,9.772288
1883,redandblack,driving_B_2020.01.16_09.56.56.csv,461,-13.7037,-13.70,-13.70,0.2340,10.616034
1884,soldier,static_B_2020.02.27_18.39.27.csv,797,66.9508,66.95,66.95,0.2336,10.798271
1885,longdress,static_B_2020.02.27_18.39.27.csv,917,61.6180,61.62,61.62,0.2332,10.845099
1886,loot,driving_B_2020.01.16_12.10.03.csv,156,57.8298,57.83,57.83,0.2328,10.954603
1887,redandblack,driving_B_2020.01.16_09.56.56.csv,761,61.1470,61.15,61.15,0.2324,11.119036
1888,soldier,driving_B_2020.02.14_09.38.22.csv,1118,-33.8544,-33.85,-33.85,0.2319,9.826467
1889,longdress,driving_B_2020.01.16_09.56.56.csv,941,34.3443,34.34,34.34,0.2315,11.596965
1890,loot,static_B_2019.12.16_13.40.04.csv,1382,-94.1805,-94.18,-94.18,0.2311,10.541739
1891,redandblack,static_B_2020.02.27_18.39.27.csv,617,57.0294,57.03,57.03,0.2307,10.588903
1892,soldier,driving_B_2020.02.14_12.58.17.csv,800,-2.1932,-2.19,-2.19,0.2303,9.884531
1893,longdress,driving_B_2020.01.16_07.26.43.csv,1770,-27.3088,-27.31,-27.31,0.2299,9.873884
1894,loot,static_B_2020.02.27_18.39.27.csv,3977,87.4042,87.40,87.40,0.2295,10.166759
1895,redandblack,driving_B_2020.01.16_09.56.56.csv,1421,50.2965,50.30,50.30,0.2291,10.891688
1896,soldier,static_B_2020.02.27_18.39.27.csv,3797,34.7480,34.75,34.75,0.2287,11.591965
1897,longdress,driving_B_2019.12.17_07.32.39.csv,827,6.1697,6.17,6.17,0.2283,10.409060
1898,loot,static_B_2020.02.27_18.39.27.csv,3917,65.6111,65.61,65.61,0.2279,10.676291
1899,redandblack,static_B_2020.02.27_18.39.27.csv,3257,80.3583,80.36,80.36,0.2275,9.894753
1900,soldier,driving_B_2020.02.13_13.03.24.csv,1993,-51.4535,-51.45,-51.45,0.2271,10.552832
1901,longdress,static_B_2020.02.14_13.21.26.csv,91,73.5792,73.58,73.58,0.2267,10.990269
1902,loot,static_B_2020.02.27_18.39.27.csv,5237,63.1948,63.19,63.19,0.2263,10.810224
1903,redandblack,driving_B_2020.01.16_07.26.43.csv,400,24.8139,24.81,24.81,0.2258,9.918163
1904,soldier,driving_B_2020.02.13_15.02.01.csv,1744,77.9283,77.93,77.93,0.2254,11.258866
1905,longdress,static_B_2020.02.27_18.39.27.csv,5657,68.4758,68.48,68.48,0.2250,10.695968
1906,loot,static_B_2020.02.27_18.39.27.csv,4037,49.8975,49.90,49.90,0.2246,10.341386
1907,redandblack,static_B_2020.02.27_18.39.27.csv,5597,69.9974,70.00,70.00,0.2242,9.931374
1908,soldier,static_B_2020.02.14_13.21.26.csv,571,72.0670,72.07,72.07,0.2238,11.000598
1909,longdress,driving_B_2019.12.17_07.32.39.csv,947,-86.2456,-86.25,-86.25,0.2234,11.200785
1910,loot,static_B_2020.02.27_18.39.27.csv,5742,70.9816,70.98,70.98,0.2230,11.107631
1911,redandblack,driving_B_2020.02.14_09.38.22.csv,158,27.3874,27.39,27.39,0.2226,10.631709
1912,soldier,driving_B_2020.01.16_09.56.56.csv,581,44.4596,44.46,44.46,0.2222,10.669008
1913,longdress,driving_B_2020.02.13_15.02.01.csv,1684,-21.9746,-21.97,-21.97,0.2218,10.624537
1914,loot,driving_B_2020.02.14_12.58.17.csv,281,-234.8887,-234.89,-234.89,0.2214,10.067708
1915,redandblack,driving_B_2020.02.14_09.38.22.csv,518,77.9683,77.97,77.97,0.2210,11.273876
1916,soldier,driving_B_2020.02.14_09.38.22.csv,938,62.4773,62.48,62.48,0.2206,9.962862
1917,longdress,driving_B_2020.01.16_12.10.03.csv,216,60.9060,60.91,60.91,0.2202,10.204828
1918,loot,driving_B_2020.02.14_12.58.17.csv,761,-94.3873,-94.39,-94.39,0.2197,10.728949
1919,redandblack,driving_B_2020.01.16_09.56.56.csv,41,38.3905,38.39,38.39,0.2193,10.419861
1920,soldier,driving_B_2020.02.27_17.30.15.csv,157,-75.2815,-75.28,-75.28,0.2189,10.724728
1921,longdress,driving_B_2020.02.13_15.02.01.csv,2524,-31.4622,-31.46,-31.46,0.2185,10.580213
1922,loot,driving_B_2020.02.13_15.02.01.csv,2754,-25.9830,-25.98,-25.98,0.2181,10.194841
1923,redandblack,driving_B_2020.01.16_07.26.43.csv,340,-70.3371,-70.34,-70.34,0.2177,10.140294
1924,soldier,driving_B_2020.02.13_13.03.24.csv,673,-29.5276,-29.53,-29.53,0.2173,9.840276
1925,longdress,driving_B_2020.02.13_13.03.24.csv,1813,-800.6982,-800.70,-800.70,0.2169,11.252043
1926,loot,static_B_2020.02.27_18.39.27.csv,5477,78.1276,78.13,78.13,0.2165,10.925629
1927,redandblack,driving_B_2019.12.17_07.32.39.csv,167,40.0273,40.03,40.03,0.2161,10.704314
1928,soldier,driving_B_2020.02.13_15.02.01.csv,1624,-166.1599,-166.16,-166.16,0.2157,9.561622
1929,longdress,driving_B_2019.12.16_12.27.05.csv,1152,18.8988,18.90,18.90,0.2153,10.022961
1930,loot,driving_B_2019.12.16_12.27.05.csv,167,19.1468,19.15,19.15,0.2149,9.824397
1931,redandblack,static_B_2020.02.14_13.21.26.csv,850,49.4486,49.45,49.45,0.2145,11.006073
1932,soldier,static_B_2020.02.27_18.39.27.csv,4337,58.1804,58.18,58.18,0.2140,9.955363
1933,longdress,driving_B_2020.02.13_15.02.01.csv,2704,-23.0784,-23.08,-23.08,0.2136,10.299075
1934,loot,static_B_2020.02.27_18.39.27.csv,2957,87.7893,87.79,87.79,0.2132,10.463802
1935,redandblack,driving_B_2019.12.16_12.27.05.csv,527,-121.6899,-121.69,-121.69,0.2128,10.718998
1936,soldier,driving_B_2019.12.17_07.32.39.csv,2207,-16.6182,-16.62,-16.62,0.2124,11.087204
1937,longdress,driving_B_2019.12.16_12.27.05.csv,1152,0.6704,0.67,0.67,0.2120,9.812506
1938,loot,static_B_2020.02.27_18.39.27.csv,1937,58.0424,58.04,58.04,0.2116,10.090600
1939,redandblack,driving_B_2019.12.17_07.32.39.csv,1247,44.2651,44.27,44.27,0.2112,9.412137
1940,soldier,driving_B_2020.01.16_07.26.43.csv,1120,32.5140,32.51,32.51,0.2108,9.320019
1941,longdress,driving_B_2020.02.13_15.02.01.csv,1504,-21.5129,-21.51,-21.51,0.2104,11.055242
1942,loot,driving_B_2020.01.16_07.26.43.csv,1540,13.6375,13.64,13.64,0.2100,10.024958
1943,redandblack,static_B_2020.02.27_18.39.27.csv,3437,84.2042,84.20,84.20,0.2096,11.452399
1944,soldier,static_B_2020.02.27_18.39.27.csv,1877,49.4394,49.44,49.44,0.2092,10.177648
1945,longdress,driving_B_2020.02.14_12.58.17.csv,800,-1.6842,-1.68,-1.68,0.2088,10.496323
1946,loot,driving_B_2020.02.27_17.30.15.csv,277,-121.9786,-121.98,-121.98,0.2084,9.950885
1947,redandblack,driving_B_2020.01.16_07.26.43.csv,1360,-18.7387,-18.74,-18.74,0.2079,10.533820
1948,soldier,driving_B_2020.02.13_15.02.01.csv,904,35.7192,35.72,35.72,0.2075,10.653935
1949,longdress,driving_B_2019.12.16_12.27.05.csv,1127,54.0909,54.09,54.09,0.2071,10.435444
1950,loot,driving_B_2019.12.17_07.32.39.csv,107,56.6672,56.67,56.67,0.2067,10.015424
1951,redandblack,static_B_2019.12.16_13.40.04.csv,1742,79.6380,79.64,79.64,0.2063,9.742638
1952,soldier,static_B_2019.12.16_13.40.04.csv,902,28.5097,28.51,28.51,0.2059,10.630334
1953,longdress,static_B_2020.02.27_18.39.27.csv,1517,67.2029,67.20,67.20,0.2055,10.657757
1954,loot,driving_B_2019.12.16_12.27.05.csv,407,-57.8556,-57.86,-57.86,0.2051,10.121964
1955,redandblack,driving_B_2020.01.16_09.56.56.csv,1061,31.8611,31.86,31.86,0.2047,10.585369
1956,soldier,driving_B_2020.02.14_12.58.17.csv,461,-310.6814,-310.68,-310.68,0.2043,10.930895
1957,longdress,static_B_2020.02.27_18.39.27.csv,1457,36.6123,36.61,36.61,0.2039,9.601030
1958,loot,driving_B_2020.02.13_13.03.24.csv,1693,83.4685,83.47,83.47,0.2035,10.625219
1959,redandblack,driving_B_2020.02.14_12.58.17.csv,401,-152.5672,-152.57,-152.57,0.2031,10.926994
1960,soldier,static_B_2020.02.27_18.39.27.csv,4817,77.9476,77.95,77.95,0.2027,9.758070
1961,longdress,driving_B_2020.02.13_15.02.01.csv,2164,42.8872,42.89,42.89,0.2023,10.730223
1962,loot,driving_B_2020.02.14_09.38.22.csv,758,31.1947,31.19,31.19,0.2018,10.858374
1963,redandblack,static_B_2019.12.16_13.40.04.csv,482,17.7317,17.73,17.73,0.2014,11.106362
1964,soldier,driving_B_2020.02.13_15.02.01.csv,604,5.7676,5.77,5.77,0.2010,10.371228
1965,longdress,driving_B_2019.12.17_07.32.39.csv,1547,29.9315,29.93,29.93,0.2006,9.600397
1966,loot,static_B_2020.02.27_18.39.27.csv,377,78.3924,78.39,78.39,0.2002,10.266032
1967,redandblack,driving_B_2020.02.13_13.03.24.csv,1393,5.4623,5.46,5.46,0.1998,10.782830
1968,soldier,static_B_2020.02.27_18.39.27.csv,557,-50.8786,-50.88,-50.88,0.1994,10.840035
1969,longdress,static_B_2020.02.27_18.39.27.csv,3497,44.2433,44.24,44.24,0.1990,10.492969
1970,loot,static_B_2020.02.27_18.39.27.csv,4277,69.5064,69.51,69.51,0.1986,11.073509
1971,redandblack,static_B_2020.02.27_18.39.27.csv,1037,50.2326,50.23,50.23,0.1982,10.258081
1972,soldier,static_B_2020.02.27_18.39.27.csv,1217,57.8754,57.88,57.88,0.1978,9.899945
1973,longdress,driving_B_2020.02.13_13.03.24.csv,433,10.7600,10.76,10.76,0.1974,11.371862
1974,loot,static_B_2020.02.27_18.39.27.csv,1637,49.1008,49.10,49.10,0.1970,10.360383
1975,redandblack,static_B_2019.12.16_13.40.04.csv,1904,33.3989,33.40,33.40,0.1966,10.553220
1976,soldier,static_B_2019.12.16_13.40.04.csv,1262,25.5521,25.55,25.55,0.1961,10.383190
1977,longdress,driving_B_2020.02.13_13.03.24.csv,1333,-18.4241,-18.42,-18.42,0.1957,10.568486
1978,loot,driving_B_2020.02.13_15.02.01.csv,2584,64.8850,64.89,64.89,0.1953,10.860918
1979,redandblack,static_B_2020.02.27_18.39.27.csv,2477,76.4369,76.44,76.44,0.1949,10.897583
1980,soldier,static_B_2019.12.16_13.40.04.csv,842,68.3384,68.34,68.34,0.1945,11.539871
1981,longdress,driving_B_2019.12.16_12.27.05.csv,467,12.5581,12.56,12.56,0.1941,10.124568
1982,loot,static_B_2020.02.27_18.39.27.csv,3617,57.1205,57.12,57.12,0.1937,11.043138
1983,redandblack,driving_B_2020.02.14_09.38.22.csv,1418,-16.7429,-16.74,-16.74,0.1933,10.223968
1984,soldier,driving_B_2020.02.13_15.02.01.csv,364,55.3174,55.32,55.32,0.1929,10.632363
1985,longdress,static_B_2020.02.27_18.39.27.csv,4877,13.4380,13.44,13.44,0.1925,9.961983
1986,loot,driving_B_2019.12.17_07.32.39.csv,887,21.4185,21.42,21.42,0.1921,10.155025
1987,redandblack,driving_B_2020.02.13_13.03.24.csv,2053,-57.5506,-57.55,-57.55,0.1917,10.759500
1988,soldier,driving_B_2020.01.16_07.26.43.csv,220,-0.6455,-0.65,-0.65,0.1913,11.017908
1989,longdress,static_B_2019.12.16_13.40.04.csv,1082,40.0336,40.03,40.03,0.1909,10.664427
1990,loot,driving_B_2020.02.27_17.30.15.csv,37,-14.6971,-14.70,-14.70,0.1905,10.775481
1991,redandblack,driving_B_2020.02.13_15.02.01.csv,784,63.1601,63.16,63.16,0.1900,10.721622
1992,soldier,static_B_2019.12.16_13.40.04.csv,1502,50.5166,50.52,50.52,0.1896,10.925429
1993,longdress,static_B_2020.02.14_13.21.26.csv,391,56.8383,56.84,56.84,0.1892,9.863039
1994,loot,static_B_2020.02.27_18.39.27.csv,1157,25.4295,25.43,25.43,0.1888,11.494609
1995,redandblack,driving_B_2019.12.17_07.32.39.csv,1307,46.4616,46.46,46.46,0.1884,11.573963
1996,soldier,driving_B_2019.12.17_07.32.39.csv,47,34.5451,34.55,34.55,0.1880,10.563364
1997,longdress,static_B_2019.12.16_13.40.04.csv,1904,31.8375,31.84,31.84,0.1876,10.841953
1998,loot,driving_B_2019.12.17_07.32.39.csv,647,44.1551,44.16,44.16,0.1872,11.326185
1999,redandblack,driving_B_2020.02.13_15.02.01.csv,2104,53.9539,53.95,53.95,0.1868,10.552222
2000,soldier,driving_B_2020.02.13_15.02.01.csv,1804,80.4210,80.42,80.42,0.1864,10.784312
2001,longdress,driving_B_2020.02.13_15.02.01.csv,1264,36.1399,36.14,36.14,0.1860,10.625795
2002,loot,static_B_2020.02.27_18.39.27.csv,5177,75.3063,75.31,75.31,0.1856,10.571722
2003,redandblack,driving_B_2020.02.14_12.58.17.csv,701,-62.2726,-62.27,-62.27,0.1852,11.790860
2004,soldier,driving_B_2020.02.13_15.02.01.csv,1204,58.2638,58.26,58.26,0.1848,10.007568
2005,longdress,driving_B_2020.01.16_09.56.56.csv,881,49.5599,49.56,49.56,0.1844,9.986167
2006,loot,driving_B_2020.02.14_09.38.22.csv,1178,-52.9009,-52.90,-52.90,0.1839,10.741558
2007,redandblack,driving_B_2019.12.17_07.32.39.csv,1487,15.8108,15.81,15.81,0.1835,10.377355
2008,soldier,driving_B_2020.02.14_09.38.22.csv,818,-62.7311,-62.73,-62.73,0.1831,11.690320
2009,longdress,driving_B_2020.02.13_15.02.01.csv,1924,56.3981,56.40,56.40,0.1827,10.230363
2010,loot,driving_B_2019.12.17_07.32.39.csv,1727,-74.0005,-74.00,-74.00,0.1823,10.704043
2011,redandblack,driving_B_2020.02.13_13.03.24.csv,73,15.7179,15.72,15.72,0.1819,10.557413
2012,soldier,driving_B_2020.02.13_15.02.01.csv,424,60.1090,60.11,60.11,0.1815,11.254538
2013,longdress,static_B_2020.02.27_18.39.27.csv,3317,84.3398,84.34,84.34,0.1811,10.138864
2014,loot,driving_B_2020.02.13_15.02.01.csv,1864,-49.6202,-49.62,-49.62,0.1807,10.926729
2015,redandblack,static_B_2020.02.27_18.39.27.csv,2357,-252.9921,-252.99,-252.99,0.1803,10.106853
2016,soldier,driving_B_2020.02.14_12.58.17.csv,581,-12.9966,-13.00,-13.00,0.1799,11.185075
2017,longdress,driving_B_2019.12.16_12.27.05.csv,827,53.9371,53.94,53.94,0.1795,10.256712
2018,loot,driving_B_2020.02.13_15.02.01.csv,2044,61.9486,61.95,61.95,0.1791,10.289580
2019,redandblack,driving_B_2020.02.13_13.03.24.csv,1873,-489.2902,-489.29,-489.29,0.1787,11.481218
2020,soldier,driving_B_2020.01.16_12.10.03.csv,96,61.3995,61.40,61.40,0.1782,10.328822
2021,longdress,driving_B_2020.02.13_15.02.01.csv,1384,-26.4214,-26.42,-26.42,0.1778,11.101559
2022,loot,driving_B_2019.12.17_07.32.39.csv,1787,17.3193,17.32,17.32,0.1774,10.533486
2023,redandblack,driving_B_2020.02.14_09.38.22.csv,578,82.2632,82.26,82.26,0.1770,11.494974
2024,soldier,driving_B_2020.02.14_12.58.17.csv,221,-662.5444,-662.54,-662.54,0.1766,11.058806
2025,longdress,driving_B_2020.01.16_07.26.43.csv,1240,33.1440,33.14,33.14,0.1762,11.386763
2026,loot,static_B_2019.12.16_13.40.04.csv,1862,56.4864,56.49,56.49,0.1758,12.073527
2027,redandblack,static_B_2020.02.27_18.39.27.csv,2837,39.6347,39.63,39.63,0.1754,10.381577
2028,soldier,static_B_2020.02.14_13.21.26.csv,511,82.0930,82.09,82.09,0.1750,10.925718
2029,longdress,driving_B_2020.01.16_09.56.56.csv,341,70.3648,70.36,70.36,0.1746,11.051927
2030,loot,driving_B_2019.12.17_07.32.39.csv,2027,-83.8040,-83.80,-83.80,0.1742,10.220897
2031,redandblack,driving_B_2020.02.13_13.03.24.csv,253,-6.8161,-6.82,-6.82,0.1738,10.989126
2032,soldier,static_B_2020.02.14_13.21.26.csv,271,52.4163,52.42,52.42,0.1734,10.882760
2033,longdress,driving_B_2020.02.27_17.30.15.csv,577,-68.8675,-68.87,-68.87,0.1730,9.920590
2034,loot,driving_B_2020.02.27_17.30.15.csv,397,-49.1722,-49.17,-49.17,0.1726,10.648547
2035,redandblack,driving_B_2020.02.14_09.38.22.csv,878,35.5562,35.56,35.56,0.1721,10.121276
2036,soldier,driving_B_2020.01.16_09.56.56.csv,1241,32.4177,32.42,32.42,0.1717,9.317454
2037,longdress,static_B_2020.02.14_13.21.26.csv,451,91.7155,91.72,91.72,0.1713,11.453905
2038,loot,driving_B_2020.01.16_07.26.43.csv,640,15.8975,15.90,15.90,0.1709,11.068792
2039,redandblack,driving_B_2020.02.13_13.03.24.csv,493,-7.9604,-7.96,-7.96,0.1705,10.211093
2040,soldier,static_B_2020.02.27_18.39.27.csv,5357,66.2780,66.28,66.28,0.1701,10.944844
2041,longdress,static_B_2020.02.27_18.39.27.csv,4697,25.4789,25.48,25.48,0.1697,10.934398
2042,loot,driving_B_2020.02.13_15.02.01.csv,2464,-145.9348,-145.93,-145.93,0.1693,11.866105
2043,redandblack,static_B_2020.02.27_18.39.27.csv,5537,50.3864,50.39,50.39,0.1689,12.525714
2044,soldier,static_B_2020.02.27_18.39.27.csv,4217,80.4043,80.40,80.40,0.1685,10.969636
2045,longdress,driving_B_2020.01.16_12.10.03.csv,36,65.0753,65.08,65.08,0.1681,10.592530
2046,loot,driving_B_2020.02.13_13.03.24.csv,973,-32.7285,-32.73,-32.73,0.1677,9.838266
2047,redandblack,static_B_2020.02.27_18.39.27.csv,857,74.6998,74.70,74.70,0.1673,10.254640
2048,soldier,static_B_2019.12.16_13.40.04.csv,62,55.9083,55.91,55.91,0.1669,11.442825
2049,longdress,static_B_2020.02.27_18.39.27.csv,77,81.3490,81.35,81.35,0.1665,10.102912
2050,loot,static_B_2020.02.14_13.21.26.csv,31,52.8203,52.82,52.82,0.1660,10.147438
2051,redandblack,driving_B_2020.02.14_09.38.22.csv,338,-14.3688,-14.37,-14.37,0.1656,11.507246
2052,soldier,driving_B_2020.02.14_12.58.17.csv,641,23.9526,23.95,23.95,0.1652,11.322543
2053,longdress,static_B_2020.02.27_18.39.27.csv,5417,52.7786,52.78,52.78,0.1648,9.899413
2054,loot,static_B_2020.02.27_18.39.27.csv,3137,-1.0454,-1.05,-1.05,0.1644,9.497757
2055,redandblack,driving_B_2020.02.27_17.30.15.csv,720,1.0878,1.09,1.09,0.1640,10.033782
2056,soldier,driving_B_2020.02.27_17.30.15.csv,697,-91.0210,-91.02,-91.02,0.1636,10.357043
2057,longdress,driving_B_2020.01.16_07.26.43.csv,1180,-15.5682,-15.57,-15.57,0.1632,10.334341
2058,loot,driving_B_2020.02.14_12.58.17.csv,341,-122.8085,-122.81,-122.81,0.1628,12.367860
2059,redandblack,driving_B_2019.12.16_12.27.05.csv,707,56.3864,56.39,56.39,0.1624,10.276219
2060,soldier,driving_B_2020.01.16_07.26.43.csv,820,43.2009,43.20,43.20,0.1620,12.659422
2061,longdress,static_B_2020.02.27_18.39.27.csv,3677,65.6226,65.62,65.62,0.1616,11.516318
2062,loot,driving_B_2019.12.17_07.32.39.csv,1607,28.7542,28.75,28.75,0.1612,10.738962
2063,redandblack,driving_B_2020.02.13_13.03.24.csv,913,12.3919,12.39,12.39,0.1608,10.059991
2064,soldier,driving_B_2020.02.27_17.30.15.csv,217,-410.5966,-410.60,-410.60,0.1603,10.757118
2065,longdress,static_B_2020.02.14_13.21.26.csv,691,53.6570,53.66,53.66,0.1599,10.911541
2066,loot,static_B_2020.02.27_18.39.27.csv,4937,73.4518,73.45,73.45,0.1595,10.689731
2067,redandblack,driving_B_2020.01.16_09.56.56.csv,701,46.6060,46.61,46.61,0.1591,11.836336
2068,soldier,driving_B_2020.02.13_15.02.01.csv,1144,23.5165,23.52,23.52,0.1587,10.911556
2069,longdress,static_B_2019.12.16_13.40.04.csv,122,65.1775,65.18,65.18,0.1583,10.355046
2070,loot,static_B_2020.02.14_13.21.26.csv,631,57.1750,57.17,57.17,0.1579,11.163029
2071,redandblack,driving_B_2020.02.13_15.02.01.csv,964,23.3520,23.35,23.35,0.1575,11.184003
2072,soldier,driving_B_2020.02.13_15.02.01.csv,2754,-31.6874,-31.69,-31.69,0.1571,10.459019
2073,longdress,driving_B_2020.02.13_13.03.24.csv,1453,-3.2039,-3.20,-3.20,0.1567,11.155117
2074,loot,static_B_2020.02.27_18.39.27.csv,3197,-0.7205,-0.72,-0.72,0.1563,12.319413
2075,redandblack,driving_B_2019.12.17_07.32.39.csv,1127,58.2209,58.22,58.22,0.1559,10.612988
2076,soldier,static_B_2020.02.27_18.39.27.csv,4157,46.8082,46.81,46.81,0.1555,10.419694
2077,longdress,driving_B_2020.02.14_09.38.22.csv,398,-36.5719,-36.57,-36.57,0.1551,11.200267
2078,loot,static_B_2020.02.27_18.39.27.csv,4517,53.6977,53.70,53.70,0.1547,10.916691
2079,redandblack,driving_B_2019.12.17_07.32.39.csv,2288,63.2668,63.27,63.27,0.1542,10.955371
2080,soldier,driving_B_2020.02.13_13.03.24.csv,853,-22.7005,-22.70,-22.70,0.1538,11.465250
2081,longdress,static_B_2020.02.27_18.39.27.csv,1997,65.7978,65.80,65.80,0.1534,10.685212
2082,loot,static_B_2019.12.16_13.40.04.csv,422,54.4262,54.43,54.43,0.1530,11.179498
2083,redandblack,driving_B_2020.02.13_13.03.24.csv,1093,-45.0239,-45.02,-45.02,0.1526,11.023255
2084,soldier,driving_B_2020.02.13_13.03.24.csv,1573,-109.5804,-109.58,-109.58,0.1522,11.607895
2085,longdress,driving_B_2020.01.16_12.10.03.csv,244,81.2764,81.28,81.28,0.1518,11.010865
2086,loot,driving_B_2020.01.16_07.26.43.csv,299,52.0221,52.02,52.02,0.1514,10.778770
2087,redandblack,driving_B_2020.02.14_12.58.17.csv,601,52.5423,52.54,52.54,0.1510,11.113825
2088,soldier,static_B_2019.12.16_13.40.04.csv,1903,17.6563,17.66,17.66,0.1506,11.389164
2089,longdress,static_B_2019.12.16_13.40.04.csv,1904,20.6837,20.68,20.68,0.1502,11.043128
2090,loot,static_B_2020.02.27_18.39.27.csv,5490,74.0403,74.04,74.04,0.1498,11.248169
2091,redandblack,driving_B_2020.02.27_17.30.15.csv,241,-243.4549,-243.45,-243.45,0.1494,11.115521
2092,soldier,driving_B_2020.01.16_07.26.43.csv,899,-12.4745,-12.47,-12.47,0.1490,11.396373
2093,longdress,static_B_2020.02.27_18.39.27.csv,4230,84.4998,84.50,84.50,0.1486,9.565352
2094,loot,static_B_2020.02.27_18.39.27.csv,1830,-10.7916,-10.79,-10.79,0.1481,11.807630
2095,redandblack,driving_B_2020.01.16_09.56.56.csv,1550,82.8294,82.83,82.83,0.1477,11.516736
2096,soldier,driving_B_2020.01.16_09.56.56.csv,1310,62.7758,62.78,62.78,0.1473,10.679193
2097,longdress,static_B_2019.12.16_13.40.04.csv,1603,74.0845,74.08,74.08,0.1469,10.113703
2098,loot,driving_B_2020.02.14_09.38.22.csv,706,80.0885,80.09,80.09,0.1465,10.846040
2099,redandblack,static_B_2020.02.27_18.39.27.csv,330,86.5055,86.51,86.51,0.1461,10.028602
2100,soldier,driving_B_2020.02.13_13.03.24.csv,1752,50.5927,50.59,50.59,0.1457,11.271602
2101,longdress,driving_B_2020.02.13_15.02.01.csv,2270,21.4560,21.46,21.46,0.1453,9.865248
2102,loot,static_B_2020.02.27_18.39.27.csv,4170,64.4130,64.41,64.41,0.1449,11.757667
2103,redandblack,driving_B_2020.01.16_09.56.56.csv,1570,54.2448,54.24,54.24,0.1445,10.559238
2104,soldier,static_B_2020.02.27_18.39.27.csv,2730,59.9450,59.94,59.94,0.1441,12.006471
2105,longdress,driving_B_2020.02.14_09.38.22.csv,766,37.0576,37.06,37.06,0.1437,13.066860
2106,loot,driving_B_2020.01.16_07.26.43.csv,1079,53.2942,53.29,53.29,0.1433,10.717825
2107,redandblack,driving_B_2020.02.13_15.02.01.csv,770,36.7724,36.77,36.77,0.1429,11.973872
2108,soldier,driving_B_2020.02.27_17.30.15.csv,121,-124.2526,-124.25,-124.25,0.1424,10.056599
2109,longdress,driving_B_2020.01.16_09.56.56.csv,170,2.6365,2.64,2.64,0.1420,11.929323
2110,loot,driving_B_2019.12.17_07.32.39.csv,1212,26.4804,26.48,26.48,0.1416,10.624961
2111,redandblack,static_B_2020.02.27_18.39.27.csv,2490,51.6415,51.64,51.64,0.1412,11.853732
2112,soldier,static_B_2020.02.27_18.39.27.csv,3210,22.2945,22.29,22.29,0.1408,11.330767
2113,longdress,static_B_2020.02.27_18.39.27.csv,3090,16.5425,16.54,16.54,0.1404,11.941358
2114,loot,driving_B_2020.02.13_15.02.01.csv,650,31.6886,31.69,31.69,0.1400,11.012992
2115,redandblack,driving_B_2020.01.16_07.26.43.csv,1619,21.1915,21.19,21.19,0.1396,11.187086
2116,soldier,driving_B_2020.01.16_09.56.56.csv,1370,41.5506,41.55,41.55,0.1392,11.944022
2117,longdress,driving_B_2020.02.14_09.38.22.csv,1366,64.2184,64.22,64.22,0.1388,11.871087
2118,loot,driving_B_2020.02.13_13.03.24.csv,1992,-75.6804,-75.68,-75.68,0.1384,11.539996
2119,redandblack,driving_B_2020.02.13_15.02.01.csv,2690,18.1612,18.16,18.16,0.1380,11.120184
2120,soldier,static_B_2020.02.27_18.39.27.csv,2190,76.9391,76.94,76.94,0.1376,11.046366
2121,longdress,static_B_2019.12.16_13.40.04.csv,1303,62.4959,62.50,62.50,0.1372,10.994332
2122,loot,static_B_2020.02.27_18.39.27.csv,4350,52.2536,52.25,52.25,0.1368,10.736313
2123,redandblack,driving_B_2020.01.16_07.26.43.csv,1770,6.4699,6.47,6.47,0.1363,11.983439
2124,soldier,driving_B_2019.12.17_07.32.39.csv,1992,69.7360,69.74,69.74,0.1359,11.189565
2125,longdress,driving_B_2020.02.27_17.30.15.csv,601,-40.2157,-40.22,-40.22,0.1355,10.606161
2126,loot,static_B_2020.02.27_18.39.27.csv,1530,73.1249,73.12,73.12,0.1351,11.429290
2127,redandblack,static_B_2020.02.27_18.39.27.csv,270,68.0331,68.03,68.03,0.1347,9.931148
2128,soldier,driving_B_2019.12.16_12.27.05.csv,241,49.8170,49.82,49.82,0.1343,11.272686
2129,longdress,driving_B_2020.02.13_13.03.24.csv,552,-37.2005,-37.20,-37.20,0.1339,11.332178
2130,loot,static_B_2020.02.27_18.39.27.csv,1110,40.1348,40.13,40.13,0.1335,10.635456
2131,redandblack,static_B_2020.02.27_18.39.27.csv,3450,63.2162,63.22,63.22,0.1331,10.435867
2132,soldier,static_B_2019.12.16_13.40.04.csv,1723,51.5919,51.59,51.59,0.1327,12.624936
2133,longdress,static_B_2019.12.16_13.40.04.csv,1063,48.3545,48.35,48.35,0.1323,11.011692
2134,loot,driving_B_2020.02.13_15.02.01.csv,2510,-29.9099,-29.91,-29.91,0.1319,10.991140
2135,redandblack,driving_B_2019.12.17_07.32.39.csv,2288,45.1775,45.18,45.18,0.1315,10.757611
2136,soldier,driving_B_2020.02.27_17.30.15.csv,61,-183.8635,-183.86,-183.86,0.1311,11.244443
2137,longdress,static_B_2020.02.27_18.39.27.csv,390,68.1087,68.11,68.11,0.1307,11.408462
2138,loot,static_B_2019.12.16_13.40.04.csv,1363,64.2197,64.22,64.22,0.1302,11.705025
2139,redandblack,driving_B_2020.02.14_09.38.22.csv,346,-16.0274,-16.03,-16.03,0.1298,11.619324
2140,soldier,driving_B_2020.02.13_15.02.01.csv,1250,29.8376,29.84,29.84,0.1294,11.858408
2141,longdress,static_B_2020.02.27_18.39.27.csv,750,83.8991,83.90,83.90,0.1290,11.643387
2142,loot,static_B_2020.02.14_13.21.26.csv,352,43.2032,43.20,43.20,0.1286,10.956261
2143,redandblack,driving_B_2020.02.13_15.02.01.csv,2450,-160.2851,-160.29,-160.29,0.1282,10.185896
2144,soldier,driving_B_2020.02.13_13.03.24.csv,852,-29.0085,-29.01,-29.01,0.1278,11.506092
2145,longdress,driving_B_2020.01.16_07.26.43.csv,1319,61.7779,61.78,61.78,0.1274,11.014222
2146,loot,driving_B_2020.01.16_09.56.56.csv,1130,51.9383,51.94,51.94,0.1270,10.506085
2147,redandblack,driving_B_2020.01.16_07.26.43.csv,1739,35.6208,35.62,35.62,0.1266,11.372933
2148,soldier,driving_B_2020.02.13_13.03.24.csv,1392,-0.4945,-0.49,-0.49,0.1262,11.730251
2149,longdress,driving_B_2020.02.27_17.30.15.csv,481,-113.5684,-113.57,-113.57,0.1258,10.668792
2150,loot,driving_B_2020.02.13_15.02.01.csv,2090,-0.2012,-0.20,-0.20,0.1254,11.581397
2151,redandblack,driving_B_2020.02.13_15.02.01.csv,2750,3.2783,3.28,3.28,0.1250,11.876573
2152,soldier,driving_B_2019.12.17_07.32.39.csv,2172,6.6839,6.68,6.68,0.1245,11.735317
2153,longdress,static_B_2019.12.16_13.40.04.csv,1243,41.0438,41.04,41.04,0.1241,11.785756
2154,loot,static_B_2020.02.27_18.39.27.csv,5742,64.4772,64.48,64.48,0.1237,11.046480
2155,redandblack,driving_B_2020.02.13_15.02.01.csv,1190,74.4388,74.44,74.44,0.1233,10.693686
2156,soldier,driving_B_2020.02.13_15.02.01.csv,1070,42.3022,42.30,42.30,0.1229,10.620223
2157,longdress,driving_B_2020.01.16_09.56.56.csv,470,40.8028,40.80,40.80,0.1225,10.860587
2158,loot,driving_B_2019.12.17_07.32.39.csv,1692,16.6246,16.62,16.62,0.1221,11.059682
2159,redandblack,static_B_2020.02.27_18.39.27.csv,4770,71.6830,71.68,71.68,0.1217,11.901385
2160,soldier,driving_B_2020.01.16_09.56.56.csv,1190,49.6386,49.64,49.64,0.1213,12.136726
2161,longdress,static_B_2020.02.27_18.39.27.csv,690,87.2867,87.29,87.29,0.1209,11.327005
2162,loot,driving_B_2020.01.16_07.26.43.csv,1559,-60.5092,-60.51,-60.51,0.1205,11.267401
2163,redandblack,driving_B_2020.01.16_09.56.56.csv,1070,41.7821,41.78,41.78,0.1201,11.957845
2164,soldier,driving_B_2020.02.14_09.38.22.csv,946,72.0876,72.09,72.09,0.1197,11.866797
2165,longdress,driving_B_2019.12.16_12.27.05.csv,1152,32.2738,32.27,32.27,0.1193,9.771003
2166,loot,driving_B_2019.12.17_07.32.39.csv,2112,59.5309,59.53,59.53,0.1189,12.151559
2167,redandblack,driving_B_2020.02.13_13.03.24.csv,1452,18.4335,18.43,18.43,0.1184,11.391826
2168,soldier,static_B_2020.02.27_18.39.27.csv,510,42.0152,42.02,42.02,0.1180,10.937115
2169,longdress,driving_B_2020.01.16_12.10.03.csv,244,76.7443,76.74,76.74,0.1176,10.928653
2170,loot,driving_B_2020.02.14_12.58.17.csv,721,-15.3184,-15.32,-15.32,0.1172,10.668101
2171,redandblack,driving_B_2020.01.16_07.26.43.csv,1019,26.2544,26.25,26.25,0.1168,11.152518
2172,soldier,driving_B_2020.01.16_09.56.56.csv,710,67.2102,67.21,67.21,0.1164,11.867507
2173,longdress,driving_B_2020.02.13_15.02.01.csv,410,79.4306,79.43,79.43,0.1160,11.951295
2174,loot,driving_B_2020.02.13_13.03.24.csv,132,23.9238,23.92,23.92,0.1156,11.538024
2175,redandblack,driving_B_2020.02.14_12.58.17.csv,481,-145.6734,-145.67,-145.67,0.1152,12.471265
2176,soldier,static_B_2019.12.16_13.40.04.csv,763,66.9073,66.91,66.91,0.1148,9.968719
2177,longdress,static_B_2019.12.16_13.40.04.csv,1543,81.2599,81.26,81.26,0.1144,10.860257
2178,loot,static_B_2020.02.27_18.39.27.csv,5190,63.0700,63.07,63.07,0.1140,11.150465
2179,redandblack,driving_B_2020.02.13_13.03.24.csv,1872,-494.3333,-494.33,-494.33,0.1136,11.526017
2180,soldier,driving_B_2020.01.16_09.56.56.csv,1570,49.2192,49.22,49.22,0.1132,12.152973
2181,longdress,static_B_2020.02.27_18.39.27.csv,90,83.9121,83.91,83.91,0.1128,11.570486
2182,loot,driving_B_2019.12.16_12.27.05.csv,721,52.8101,52.81,52.81,0.1123,12.118254
2183,redandblack,driving_B_2019.12.17_07.32.39.csv,492,0.2422,0.24,0.24,0.1119,11.300954
2184,soldier,driving_B_2020.02.14_09.38.22.csv,286,-95.3815,-95.38,-95.38,0.1115,12.778768
2185,longdress,driving_B_2019.12.17_07.32.39.csv,1092,-7.1880,-7.19,-7.19,0.1111,11.610040
2186,loot,driving_B_2020.02.13_13.03.24.csv,2052,-31.2336,-31.23,-31.23,0.1107,11.649062
2187,redandblack,driving_B_2020.01.16_07.26.43.csv,1259,11.0958,11.10,11.10,0.1103,11.490942
2188,soldier,driving_B_2020.01.16_07.26.43.csv,1379,-40.1794,-40.18,-40.18,0.1099,11.460653
2189,longdress,static_B_2020.02.27_18.39.27.csv,870,66.7503,66.75,66.75,0.1095,11.563896
2190,loot,driving_B_2019.12.17_07.32.39.csv,312,28.7767,28.78,28.78,0.1091,11.220251
2191,redandblack,driving_B_2020.02.13_15.02.01.csv,1550,-0.6929,-0.69,-0.69,0.1087,10.853384
2192,soldier,driving_B_2020.01.16_12.10.03.csv,124,77.0018,77.00,77.00,0.1083,12.263238
2193,longdress,driving_B_2019.12.16_12.27.05.csv,361,55.1939,55.19,55.19,0.1079,11.856932
2194,loot,static_B_2020.02.27_18.39.27.csv,4470,55.8097,55.81,55.81,0.1075,11.307355
2195,redandblack,driving_B_2020.02.13_13.03.24.csv,912,-8.8149,-8.81,-8.81,0.1071,12.133227
2196,soldier,driving_B_2020.01.16_09.56.56.csv,230,41.2408,41.24,41.24,0.1066,11.367754
2197,longdress,driving_B_2019.12.17_07.32.39.csv,1152,1.2773,1.28,1.28,0.1062,12.295252
2198,loot,driving_B_2020.02.13_13.03.24.csv,1032,9.2657,9.27,9.27,0.1058,12.463764
2199,redandblack,static_B_2020.02.27_18.39.27.csv,5370,77.7656,77.77,77.77,0.1054,11.658039
2200,soldier,static_B_2020.02.27_18.39.27.csv,3990,61.6152,61.62,61.62,0.1050,9.921883
2201,longdress,driving_B_2020.01.16_09.56.56.csv,650,57.3664,57.37,57.37,0.1046,12.175200
2202,loot,driving_B_2020.02.13_13.03.24.csv,672,6.8254,6.83,6.83,0.1042,11.127277
2203,redandblack,static_B_2020.02.27_18.39.27.csv,1590,48.3240,48.32,48.32,0.1038,11.713922
2204,soldier,static_B_2019.12.16_13.40.04.csv,1123,-464.0014,-464.00,-464.00,0.1034,10.597139
2205,longdress,static_B_2020.02.14_13.21.26.csv,172,58.1543,58.15,58.15,0.1030,12.760492
2206,loot,driving_B_2019.12.16_12.27.05.csv,1141,47.0230,47.02,47.02,0.1026,11.155685
2207,redandblack,driving_B_2019.12.17_07.32.39.csv,132,37.4216,37.42,37.42,0.1022,11.367495
2208,soldier,driving_B_2020.01.16_12.10.03.csv,64,73.2126,73.21,73.21,0.1018,10.527382
2209,longdress,driving_B_2020.01.16_09.56.56.csv,1490,28.5923,28.59,28.59,0.1014,11.560277
2210,loot,static_B_2020.02.27_18.39.27.csv,3510,69.3217,69.32,69.32,0.1010,11.969417
2211,redandblack,driving_B_2020.01.16_12.10.03.csv,244,71.4450,71.45,71.45,0.1005,11.567212
2212,soldier,driving_B_2020.02.14_12.58.17.csv,181,-289.4625,-289.46,-289.46,0.1001,10.934591
2213,longdress,driving_B_2020.01.16_07.26.43.csv,1439,6.4328,6.43,6.43,0.0997,11.651808
2214,loot,driving_B_2019.12.16_12.27.05.csv,301,28.8568,28.86,28.86,0.0993,11.418482
2215,redandblack,static_B_2020.02.27_18.39.27.csv,2610,82.2776,82.28,82.28,0.0989,11.611396
2216,soldier,driving_B_2019.12.17_07.32.39.csv,2052,10.5844,10.58,10.58,0.0985,11.683978
2217,longdress,driving_B_2019.12.17_07.32.39.csv,1512,9.9619,9.96,9.96,0.0981,10.018796
2218,loot,static_B_2020.02.27_18.39.27.csv,1710,60.9614,60.96,60.96,0.0977,12.394470
2219,redandblack,static_B_2020.02.27_18.39.27.csv,3750,84.0927,84.09,84.09,0.0973,12.065006
2220,soldier,static_B_2020.02.27_18.39.27.csv,3630,48.0555,48.06,48.06,0.0969,11.442259
2221,longdress,driving_B_2019.12.17_07.32.39.csv,1812,-21.5986,-21.60,-21.60,0.0965,11.683730
2222,loot,driving_B_2020.02.13_13.03.24.csv,192,19.4617,19.46,19.46,0.0961,11.376847
2223,redandblack,static_B_2020.02.27_18.39.27.csv,2310,61.3836,61.38,61.38,0.0957,11.012847
2224,soldier,static_B_2020.02.27_18.39.27.csv,570,23.0324,23.03,23.03,0.0953,12.316071
2225,longdress,driving_B_2019.12.17_07.32.39.csv,1872,39.4147,39.41,39.41,0.0949,11.754502
2226,loot,static_B_2020.02.27_18.39.27.csv,5250,65.6227,65.62,65.62,0.0944,11.979136
2227,redandblack,driving_B_2019.12.17_07.32.39.csv,792,28.9372,28.94,28.94,0.0940,11.558824
2228,soldier,driving_B_2020.02.13_13.03.24.csv,12,18.3970,18.40,18.40,0.0936,11.977819
2229,longdress,driving_B_2019.12.16_12.27.05.csv,1021,51.6834,51.68,51.68,0.0932,11.151468
2230,loot,static_B_2020.02.27_18.39.27.csv,3030,37.7694,37.77,37.77,0.0928,11.889787
2231,redandblack,driving_B_2019.12.17_07.32.39.csv,2232,61.5330,61.53,61.53,0.0924,11.150096
2232,soldier,driving_B_2020.02.27_17.30.15.csv,181,-89.7681,-89.77,-89.77,0.0920,10.446578
2233,longdress,static_B_2020.02.27_18.39.27.csv,4890,21.1976,21.20,21.20,0.0916,11.822478
2234,loot,driving_B_2020.01.16_09.56.56.csv,530,64.2648,64.26,64.26,0.0912,10.948716
2235,redandblack,static_B_2020.02.27_18.39.27.csv,1650,68.9835,68.98,68.98,0.0908,11.984786
2236,soldier,driving_B_2020.02.13_13.03.24.csv,2172,-274.7546,-274.75,-274.75,0.0904,11.844356
2237,longdress,driving_B_2020.01.16_07.26.43.csv,59,14.3841,14.38,14.38,0.0900,12.137340
2238,loot,static_B_2020.02.14_13.21.26.csv,52,73.1265,73.13,73.13,0.0896,11.381390
2239,redandblack,driving_B_2020.02.14_09.38.22.csv,1478,19.3813,19.38,19.38,0.0892,11.315708
2240,soldier,static_B_2020.02.27_18.39.27.csv,3570,21.2880,21.29,21.29,0.0887,10.969472
2241,longdress,static_B_2020.02.27_18.39.27.csv,1290,54.7145,54.71,54.71,0.0883,11.538651
2242,loot,static_B_2020.02.27_18.39.27.csv,5730,70.2096,70.21,70.21,0.0879,10.519600
2243,redandblack,driving_B_2020.01.16_07.26.43.csv,419,-9.9263,-9.93,-9.93,0.0875,11.586484
2244,soldier,static_B_2019.12.16_13.40.04.csv,1783,54.5277,54.53,54.53,0.0871,11.415816
2245,longdress,driving_B_2020.01.16_09.56.56.csv,770,57.7472,57.75,57.75,0.0867,10.735371
2246,loot,driving_B_2019.12.17_07.32.39.csv,252,28.8888,28.89,28.89,0.0863,12.316722
2247,redandblack,driving_B_2019.12.16_12.27.05.csv,661,-87.4007,-87.40,-87.40,0.0859,11.515715
2248,soldier,driving_B_2020.02.13_13.03.24.csv,372,-21.7451,-21.75,-21.75,0.0855,12.892586
2249,longdress,driving_B_2019.12.16_12.27.05.csv,961,46.4114,46.41,46.41,0.0851,10.722216
2250,loot,driving_B_2019.12.17_07.32.39.csv,1572,19.0556,19.06,19.06,0.0847,11.937723
2251,redandblack,driving_B_2019.12.16_12.27.05.csv,481,25.9037,25.90,25.90,0.0843,12.328407
2252,soldier,driving_B_2020.01.16_07.26.43.csv,599,10.8934,10.89,10.89,0.0839,10.694962
2253,longdress,driving_B_2020.02.13_15.02.01.csv,290,80.3068,80.31,80.31,0.0835,12.138688
2254,loot,static_B_2019.12.16_13.40.04.csv,883,74.2362,74.24,74.24,0.0831,12.373289
2255,redandblack,static_B_2020.02.27_18.39.27.csv,3870,5.8561,5.86,5.86,0.0826,10.606166
2256,soldier,driving_B_2020.02.13_13.03.24.csv,1632,-129.7181,-129.72,-129.72,0.0822,11.880378
2257,longdress,driving_B_2020.01.16_07.26.43.csv,839,36.7787,36.78,36.78,0.0818,11.839752
2258,loot,driving_B_2019.12.17_07.32.39.csv,852,27.4248,27.42,27.42,0.0814,10.727318
2259,redandblack,driving_B_2020.02.13_13.03.24.csv,1932,-171.4572,-171.46,-171.46,0.0810,11.941484
2260,soldier,static_B_2020.02.27_18.39.27.csv,210,86.8657,86.87,86.87,0.0806,11.443332
2261,longdress,driving_B_2020.02.27_17.30.15.csv,421,-354.6894,-354.69,-354.69,0.0802,11.818313
2262,loot,driving_B_2019.12.17_07.32.39.csv,432,41.3283,41.33,41.33,0.0798,11.769739
2263,redandblack,static_B_2020.02.27_18.39.27.csv,5742,66.9442,66.94,66.94,0.0794,11.355952
2264,soldier,driving_B_2020.02.13_15.02.01.csv,1850,82.1254,82.13,82.13,0.0790,12.380044
2265,longdress,driving_B_2020.01.16_07.26.43.csv,659,5.6795,5.68,5.68,0.0786,11.123242
2266,loot,driving_B_2019.12.17_07.32.39.csv,2288,56.4125,56.41,56.41,0.0782,11.900713
2267,redandblack,driving_B_2020.02.13_13.03.24.csv,1512,3.8247,3.82,3.82,0.0778,11.504860
2268,soldier,driving_B_2020.02.13_15.02.01.csv,2754,-25.6880,-25.69,-25.69,0.0774,11.950055
2269,longdress,driving_B_2020.01.16_07.26.43.csv,1770,11.0733,11.07,11.07,0.0770,12.016700
2270,loot,driving_B_2019.12.16_12.27.05.csv,181,27.3960,27.40,27.40,0.0765,11.257434
2271,redandblack,driving_B_2020.02.13_13.03.24.csv,1812,-815.2792,-815.28,-815.28,0.0761,11.942173
2272,soldier,driving_B_2020.02.13_15.02.01.csv,1130,-17.6456,-17.65,-17.65,0.0757,11.430032
2273,longdress,driving_B_2020.01.16_07.26.43.csv,959,-53.0102,-53.01,-53.01,0.0753,11.713856
2274,loot,driving_B_2020.01.16_09.56.56.csv,410,9.7465,9.75,9.75,0.0749,11.308470
2275,redandblack,driving_B_2020.02.13_15.02.01.csv,710,32.2961,32.30,32.30,0.0745,12.485285
2276,soldier,static_B_2019.12.16_13.40.04.csv,823,64.7067,64.71,64.71,0.0741,11.262500
2277,longdress,static_B_2020.02.27_18.39.27.csv,2550,51.6248,51.62,51.62,0.0737,13.155464
2278,loot,driving_B_2019.12.17_07.32.39.csv,552,20.2792,20.28,20.28,0.0733,12.517071
2279,redandblack,driving_B_2020.02.14_09.38.22.csv,1006,25.9352,25.94,25.94,0.0729,12.464944
2280,soldier,static_B_2019.12.16_13.40.04.csv,283,50.6274,50.63,50.63,0.0725,12.812437
2281,longdress,driving_B_2020.01.16_12.10.03.csv,4,80.5681,80.57,80.57,0.0721,12.566457
2282,loot,driving_B_2020.02.13_15.02.01.csv,110,66.9982,67.00,67.00,0.0717,12.048543
2283,redandblack,driving_B_2020.01.16_07.26.43.csv,1499,19.7435,19.74,19.74,0.0713,11.838095
2284,soldier,driving_B_2019.12.17_07.32.39.csv,1332,50.9193,50.92,50.92,0.0708,11.605237
2285,longdress,driving_B_2019.12.17_07.32.39.csv,1272,36.5646,36.56,36.56,0.0704,11.904493
2286,loot,static_B_2020.02.27_18.39.27.csv,30,63.1274,63.13,63.13,0.0700,12.707255
2287,redandblack,driving_B_2019.12.16_12.27.05.csv,1081,57.2851,57.29,57.29,0.0696,12.863546
2288,soldier,static_B_2020.02.27_18.39.27.csv,4590,58.7799,58.78,58.78,0.0692,11.710255
2289,longdress,driving_B_2020.02.13_13.03.24.csv,792,12.6682,12.67,12.67,0.0688,11.562085
2290,loot,driving_B_2020.01.16_09.56.56.csv,50,52.8252,52.83,52.83,0.0684,12.061436
2291,redandblack,driving_B_2020.02.14_09.38.22.csv,226,14.9047,14.90,14.90,0.0680,11.526990
2292,soldier,driving_B_2020.02.27_17.30.15.csv,720,-69.4580,-69.46,-69.46,0.0676,12.120422
2293,longdress,driving_B_2020.01.16_07.26.43.csv,479,17.0095,17.01,17.01,0.0672,12.001368
2294,loot,static_B_2020.02.27_18.39.27.csv,2790,68.9181,68.92,68.92,0.0668,13.129128
2295,redandblack,static_B_2020.02.14_13.21.26.csv,652,79.8699,79.87,79.87,0.0664,13.700496
2296,soldier,driving_B_2019.12.17_07.32.39.csv,72,16.8021,16.80,16.80,0.0660,11.494985
2297,longdress,driving_B_2020.02.27_17.30.15.csv,361,-18.6300,-18.63,-18.63,0.0656,11.702941
2298,loot,static_B_2020.02.27_18.39.27.csv,2370,-190.6635,-190.66,-190.66,0.0652,11.891783
2299,redandblack,driving_B_2020.02.13_15.02.01.csv,1490,17.4015,17.40,17.40,0.0647,12.910689
2300,soldier,driving_B_2020.02.14_09.38.22.csv,1478,24.9415,24.94,24.94,0.0643,11.731014
2301,longdress,static_B_2020.02.14_13.21.26.csv,532,80.1998,80.20,80.20,0.0639,11.760373
2302,loot,driving_B_2020.01.16_07.26.43.csv,1199,20.7749,20.77,20.77,0.0635,12.293487
2303,redandblack,static_B_2019.12.16_13.40.04.csv,103,65.5382,65.54,65.54,0.0631,12.557922
2304,soldier,static_B_2020.02.27_18.39.27.csv,2970,53.8947,53.89,53.89,0.0627,11.803135
2305,longdress,driving_B_2020.01.16_07.26.43.csv,119,-4.2674,-4.27,-4.27,0.0623,11.517814
2306,loot,driving_B_2020.02.13_15.02.01.csv,2754,1.6247,1.62,1.62,0.0619,10.937695
2307,redandblack,static_B_2020.02.14_13.21.26.csv,112,72.2110,72.21,72.21,0.0615,11.005437
2308,soldier,driving_B_2020.02.13_15.02.01.csv,2630,90.7868,90.79,90.79,0.0611,11.528234
2309,longdress,driving_B_2020.02.14_09.38.22.csv,406,-52.9510,-52.95,-52.95,0.0607,12.247181
2310,loot,static_B_2020.02.27_18.39.27.csv,5310,73.1872,73.19,73.19,0.0603,11.671084
2311,redandblack,static_B_2020.02.27_18.39.27.csv,2250,68.9833,68.98,68.98,0.0599,11.798821
2312,soldier,driving_B_2020.02.13_15.02.01.csv,1790,85.9099,85.91,85.91,0.0595,11.287590
2313,longdress,driving_B_2020.02.14_12.58.17.csv,361,-8.1607,-8.16,-8.16,0.0591,11.061872
2314,loot,driving_B_2020.01.16_07.26.43.csv,1139,54.9374,54.94,54.94,0.0586,11.843019
2315,redandblack,driving_B_2020.02.13_15.02.01.csv,2030,75.5535,75.55,75.55,0.0582,11.680250
2316,soldier,driving_B_2020.02.13_15.02.01.csv,1910,53.9841,53.98,53.98,0.0578,11.361379
2317,longdress,driving_B_2020.01.16_07.26.43.csv,539,19.6578,19.66,19.66,0.0574,12.637028
2318,loot,static_B_2020.02.27_18.39.27.csv,3930,66.8837,66.88,66.88,0.0570,11.679404
2319,redandblack,static_B_2019.12.16_13.40.04.csv,1483,87.4997,87.50,87.50,0.0566,11.203538
2320,soldier,driving_B_2020.02.13_15.02.01.csv,2390,-120.7021,-120.70,-120.70,0.0562,12.121383
2321,longdress,static_B_2019.12.16_13.40.04.csv,1003,60.1905,60.19,60.19,0.0558,12.035412
2322,loot,driving_B_2020.02.13_15.02.01.csv,2570,80.0138,80.01,80.01,0.0554,10.845025
2323,redandblack,driving_B_2019.12.16_12.27.05.csv,901,50.5794,50.58,50.58,0.0550,12.023632
2324,soldier,driving_B_2020.02.27_17.30.15.csv,1,6.3097,6.31,6.31,0.0546,11.961108
2325,longdress,static_B_2020.02.27_18.39.27.csv,1950,56.1481,56.15,56.15,0.0542,11.853380
2326,loot,driving_B_2020.01.16_07.26.43.csv,239,51.7139,51.71,51.71,0.0538,12.249824
2327,redandblack,driving_B_2020.02.14_09.38.22.csv,1246,33.6913,33.69,33.69,0.0534,11.120247
2328,soldier,driving_B_2020.02.14_09.38.22.csv,1306,82.5843,82.58,82.58,0.0529,11.227803
2329,longdress,driving_B_2020.02.13_13.03.24.csv,972,-29.4495,-29.45,-29.45,0.0525,12.647050
2330,loot,driving_B_2020.02.13_15.02.01.csv,1670,-14.7821,-14.78,-14.78,0.0521,12.544548
2331,redandblack,driving_B_2020.02.14_09.38.22.csv,466,42.9914,42.99,42.99,0.0517,12.325404
2332,soldier,static_B_2020.02.27_18.39.27.csv,3330,41.0239,41.02,41.02,0.0513,12.354612
2333,longdress,static_B_2020.02.27_18.39.27.csv,1470,57.5700,57.57,57.57,0.0509,11.217871
2334,loot,static_B_2020.02.27_18.39.27.csv,4710,45.0063,45.01,45.01,0.0505,12.537832
2335,redandblack,driving_B_2019.12.17_07.32.39.csv,1752,9.7748,9.77,9.77,0.0501,11.922500
2336,soldier,static_B_2020.02.27_18.39.27.csv,3150,-62.3366,-62.34,-62.34,0.0500,12.055458
2337,longdress,static_B_2019.12.16_13.40.04.csv,1904,19.8675,19.87,19.87,0.0500,12.227238
2338,loot,driving_B_2020.02.13_13.03.24.csv,2112,-7.5073,-7.51,-7.51,0.0500,12.344629
2339,redandblack,driving_B_2020.01.16_07.26.43.csv,779,53.9725,53.97,53.97,0.0500,12.475091
2340,soldier,static_B_2020.02.27_18.39.27.csv,150,83.6168,83.62,83.62,0.0500,12.701859
2341,longdress,static_B_2020.02.14_13.21.26.csv,772,87.3375,87.34,87.34,0.0500,11.681146
2342,loot,driving_B_2020.02.14_09.38.22.csv,1426,16.7571,16.76,16.76,0.0500,11.832109
2343,redandblack,driving_B_2020.02.14_09.38.22.csv,1478,37.4300,37.43,37.43,0.0500,14.096097
2344,soldier,driving_B_2020.02.14_12.58.17.csv,421,-96.0616,-96.06,-96.06,0.0500,11.748921
2345,longdress,static_B_2020.02.27_18.39.27.csv,4950,84.5299,84.53,84.53,0.0500,11.312591
2346,loot,driving_B_2020.02.14_09.38.22.csv,1126,15.9899,15.99,15.99,0.0500,11.525557
2347,redandblack,static_B_2020.02.27_18.39.27.csv,2670,26.8297,26.83,26.83,0.0500,12.245594
2348,soldier,static_B_2020.02.27_18.39.27.csv,3390,83.8698,83.87,83.87,0.0500,11.775662
2349,longdress,driving_B_2020.01.16_07.26.43.csv,1770,7.7564,7.76,7.76,0.0500,12.432879
2350,loot,driving_B_2020.02.13_13.03.24.csv,2188,-185.3419,-185.34,-185.34,0.0500,11.989191
2351,redandblack,static_B_2020.02.27_18.39.27.csv,1050,73.1613,73.16,73.16,0.0500,12.016759
2352,soldier,static_B_2020.02.14_13.21.26.csv,850,46.0682,46.07,46.07,0.0500,12.980447
2353,longdress,driving_B_2019.12.17_07.32.39.csv,912,16.6728,16.67,16.67,0.0500,11.933663
2354,loot,static_B_2019.12.16_13.40.04.csv,463,-287.5034,-287.50,-287.50,0.0500,12.037407
2355,redandblack,driving_B_2019.12.17_07.32.39.csv,1392,50.1935,50.19,50.19,0.0500,11.405104
2356,soldier,driving_B_2020.02.13_15.02.01.csv,530,27.3517,27.35,27.35,0.0500,12.462311
2357,longdress,driving_B_2020.02.13_15.02.01.csv,2210,71.4141,71.41,71.41,0.0500,11.969740
2358,loot,driving_B_2020.02.13_13.03.24.csv,1092,-32.0602,-32.06,-32.06,0.0500,12.447301
2359,redandblack,driving_B_2020.02.14_12.58.17.csv,661,35.6907,35.69,35.69,0.0500,11.900006
2360,soldier,driving_B_2020.01.16_12.10.03.csv,184,69.7562,69.76,69.76,0.0500,12.596974
2361,longdress,static_B_2020.02.27_18.39.27.csv,1410,86.9510,86.95,86.95,0.0500,13.625817
2362,loot,driving_B_2019.12.17_07.32.39.csv,1452,11.5279,11.53,11.53,0.0500,11.781257
2363,redandblack,static_B_2020.02.27_18.39.27.csv,5010,65.4160,65.42,65.42,0.0500,11.364907
2364,soldier,driving_B_2020.02.13_15.02.01.csv,2150,69.2271,69.23,69.23,0.0500,12.088435
2365,longdress,static_B_2020.02.27_18.39.27.csv,1230,60.3954,60.40,60.40,0.0500,12.936860
2366,loot,static_B_2019.12.16_13.40.04.csv,1423,66.6530,66.65,66.65,0.0500,11.939750
2367,redandblack,driving_B_2019.12.16_12.27.05.csv,421,-5.1624,-5.16,-5.16,0.0500,12.555153
2368,soldier,static_B_2019.12.16_13.40.04.csv,223,28.4811,28.48,28.48,0.0500,11.570568
2369,longdress,driving_B_2019.12.17_07.32.39.csv,972,12.3531,12.35,12.35,0.0500,11.827740
2370,loot,static_B_2019.12.16_13.40.04.csv,163,70.7134,70.71,70.71,0.0500,12.376510
2371,redandblack,static_B_2020.02.27_18.39.27.csv,1890,70.1911,70.19,70.19,0.0500,12.422347
2372,soldier,static_B_2020.02.14_13.21.26.csv,292,64.4633,64.46,64.46,0.0500,12.309737
2373,longdress,static_B_2020.02.14_13.21.26.csv,832,57.4694,57.47,57.47,0.0500,12.488546
2374,loot,driving_B_2020.02.13_15.02.01.csv,1370,-18.0629,-18.06,-18.06,0.0500,13.092556
2375,redandblack,driving_B_2019.12.16_12.27.05.csv,781,33.0137,33.01,33.01,0.0500,11.779507
2376,soldier,driving_B_2020.02.13_15.02.01.csv,50,75.2008,75.20,75.20,0.0500,11.703542
2377,longdress,driving_B_2020.02.13_13.03.24.csv,432,26.0464,26.05,26.05,0.0500,11.728914
2378,loot,static_B_2019.12.16_13.40.04.csv,1663,75.9772,75.98,75.98,0.0500,12.364529
2379,redandblack,driving_B_2020.02.13_15.02.01.csv,1970,41.4684,41.47,41.47,0.0500,11.694741
2380,soldier,driving_B_2019.12.17_07.32.39.csv,612,19.7904,19.79,19.79,0.0500,11.995316
2381,longdress,static_B_2020.02.27_18.39.27.csv,990,48.8295,48.83,48.83,0.0500,12.741073
2382,loot,driving_B_2019.12.16_12.27.05.csv,121,2.7090,2.71,2.71,0.0500,12.346269
2383,redandblack,driving_B_2020.02.13_15.02.01.csv,950,-17.1556,-17.16,-17.16,0.0500,11.625182
2384,soldier,driving_B_2019.12.17_07.32.39.csv,1632,26.7545,26.75,26.75,0.0500,12.609228
2385,longdress,static_B_2020.02.27_18.39.27.csv,630,71.3781,71.38,71.38,0.0500,11.782678
2386,loot,driving_B_2020.02.13_15.02.01.csv,1430,23.9980,24.00,24.00,0.0500,12.071565
2387,redandblack,driving_B_2019.12.17_07.32.39.csv,372,89.4164,89.42,89.42,0.0500,11.422956
2388,soldier,driving_B_2020.02.14_12.58.17.csv,121,3.6501,3.65,3.65,0.0500,11.591541
2389,longdress,static_B_2019.12.16_13.40.04.csv,343,31.0191,31.02,31.02,0.0500,12.321961
2390,loot,static_B_2020.02.27_18.39.27.csv,810,80.3146,80.31,80.31,0.0500,11.567293
2391,redandblack,driving_B_2020.01.16_09.56.56.csv,1250,70.2126,70.21,70.21,0.0500,12.039027
2392,soldier,static_B_2019.12.16_13.40.04.csv,1183,-6.4994,-6.50,-6.50,0.0500,11.251745
2393,longdress,driving_B_2020.02.13_15.02.01.csv,830,28.6762,28.68,28.68,0.0500,12.768177
2394,loot,driving_B_2020.01.16_09.56.56.csv,1430,65.2774,65.28,65.28,0.0500,11.391853
2395,redandblack,static_B_2020.02.27_18.39.27.csv,2070,83.9662,83.97,83.97,0.0500,12.767407
2396,soldier,driving_B_2020.02.13_13.03.24.csv,732,19.8876,19.89,19.89,0.0500,11.260507
2397,longdress,driving_B_2019.12.17_07.32.39.csv,1932,61.3855,61.39,61.39,0.0500,11.847955
2398,loot,static_B_2020.02.27_18.39.27.csv,2910,61.5365,61.54,61.54,0.0500,11.900824
2399,redandblack,driving_B_2020.02.14_12.58.17.csv,1,20.6317,20.63,20.63,0.0500,13.172633
2400,soldier,driving_B_2020.02.13_15.02.01.csv,2330,-10.4896,-10.49,-10.49,0.0500,11.912636
