# C:\Users\Nima\AppData\Local\Programs\Python\Python313\python.exe -u C:\Users\Nima\PointCloudStreaming\scripts\train_dqn.py --out C:\Users\Nima\PointCloudStreaming\logs\train_runs\20260720_005851_wide\sweep\screen\trial_007_s42\abr_dqn.pkl --run-dir C:\Users\Nima\PointCloudStreaming\logs\train_runs\20260720_005851_wide\sweep\screen\trial_007_s42 --batch-size 64 --coverage-stride 60 --early-stop-patience 0 --epochs 3 --eps-decay-frac 0.7 --eval-every 400 --eval-offsets 3 --eval-seeds 42,43,44 --eval-sequences longdress,loot,redandblack,soldier --gamma 1.0 --hidden 128 --lam 1.0 --lr 0.0003 --mu 4.3 --protocol configs/experiment_protocol.json --reward-spec {"rebuffer_weight": 2.0, "startup_weight": 1.0} --seed 42 --segment-frames 8 --select-by qoe_quality --target-update 1500 --torch-threads 2 --trace-registry configs/trace_window_registry.json --lstm C:\Users\Nima\PointCloudStreaming\models/bandwidth_lstm_request_pacing_s8.pkl
==========================================================================================
🤖 DQN ABR training
   sequences: ['longdress', 'loot', 'redandblack', 'soldier'] | validation sequences: ['longdress', 'loot', 'redandblack', 'soldier']
   protocol: 4071599372abeb61 | train files: 13 | validation files: 4 | registered test files: 4 (NOT evaluated) | frames/episode: 300
   registry: 8297ac83fa031471 | grid: 60s | 32 episodes/parent -> 416 episodes/epoch x 3 epochs = 1248 episodes (~47424 env steps)
   segment: 8 frames/request (38 decisions/episode) | validation offsets/trace: 3 | validation seeds: [42, 43, 44]
   state_dim: 23 | actions: 6 | feature_spec: ['lstm_pred', 'buffer', 'last_rep_onehot', 'tput_last', 'tput_mean', 'tput_std', 'rep_bitrates', 'rep_densities']
   PyTorch CPU threads/trial: 2
   LSTM: models\bandwidth_lstm_request_pacing_s8.pkl
   reward = QoE: (100/N)*sum(q[fixed_log_bitrate]) - 4.3*stall_duration - 2.0*rebuffer_events - 1.0*sum|delta_segment_q| - 1.0*startup_delay  (gamma=1.0, lr=0.0003, no learner-side scaling)
   select-by: qoe_quality | out: C:\Users\Nima\PointCloudStreaming\logs\train_runs\20260720_005851_wide\sweep\screen\trial_007_s42\abr_dqn.pkl | run-dir: C:\Users\Nima\PointCloudStreaming\logs\train_runs\20260720_005851_wide\sweep\screen\trial_007_s42
==========================================================================================
[validation @ ep 0] untrained: reward=QoE=17.16
[ep    1] longdress    driving_B_2020.01.16_07.26.43.csv block-000@1200s reward=QoE=  -19.24 pacing=0.00s eps=0.999 loss=0.0000
[ep    2] loot         driving_B_2019.12.16_12.27.05.csv block-000@780s reward=QoE=   31.26 pacing=0.00s eps=0.998 loss=0.8494
[ep    3] redandblack  driving_B_2020.02.14_09.38.22.csv block-000@600s reward=QoE=   26.87 pacing=0.00s eps=0.997 loss=0.7470
[ep    4] soldier      driving_B_2020.02.14_12.58.17.csv block-002@716s reward=QoE= -168.74 pacing=0.00s eps=0.996 loss=0.9241
[ep    5] longdress    driving_B_2020.02.27_17.30.15.csv block-002@473s reward=QoE= -477.27 pacing=0.00s eps=0.995 loss=3.0772
[ep    6] loot         driving_B_2020.01.16_07.26.43.csv block-000@1680s reward=QoE=  -71.58 pacing=0.00s eps=0.994 loss=3.5653
[ep    7] redandblack  driving_B_2020.02.14_09.38.22.csv block-000@1380s reward=QoE=    6.63 pacing=0.00s eps=0.992 loss=2.9398
[ep    8] soldier      driving_B_2020.02.14_09.38.22.csv block-000@1140s reward=QoE= -113.46 pacing=0.00s eps=0.991 loss=2.7840
[ep    9] longdress    driving_B_2019.12.17_07.32.39.csv block-003@1654s reward=QoE=  -63.85 pacing=0.00s eps=0.990 loss=3.0155
[ep   10] loot         driving_B_2020.02.14_09.38.22.csv block-000@1200s reward=QoE=  -96.27 pacing=0.00s eps=0.989 loss=2.4849
[ep   11] redandblack  driving_B_2020.02.13_15.02.01.csv block-000@1800s reward=QoE= -188.35 pacing=0.00s eps=0.988 loss=2.8495
[ep   12] soldier      driving_B_2020.02.13_15.02.01.csv block-000@540s reward=QoE= -110.14 pacing=0.00s eps=0.987 loss=2.4765
[ep   13] longdress    driving_B_2020.02.14_09.38.22.csv block-000@780s reward=QoE=   37.31 pacing=0.77s eps=0.986 loss=2.3944
[ep   14] loot         static_B_2020.02.14_13.21.26.csv block-000@180s reward=QoE=   46.05 pacing=0.63s eps=0.985 loss=2.1464
[ep   15] redandblack  driving_B_2019.12.17_07.32.39.csv block-000@1200s reward=QoE=   39.84 pacing=0.27s eps=0.984 loss=1.9976
[ep   16] soldier      driving_B_2020.01.16_09.56.56.csv block-000@360s reward=QoE=    6.52 pacing=0.00s eps=0.983 loss=1.7443
[ep   17] longdress    static_B_2019.12.16_13.40.04.csv block-005@1466s reward=QoE=   33.26 pacing=0.00s eps=0.982 loss=1.9427
[ep   18] loot         driving_B_2020.01.16_07.26.43.csv block-000@1740s reward=QoE= -209.77 pacing=0.00s eps=0.980 loss=1.9625
[ep   19] redandblack  driving_B_2020.01.16_09.56.56.csv block-001@1599s reward=QoE=   32.12 pacing=0.40s eps=0.979 loss=2.0089
[ep   20] soldier      static_B_2020.02.14_13.21.26.csv block-000@720s reward=QoE=   49.09 pacing=1.91s eps=0.978 loss=1.7226
[ep   21] longdress    driving_B_2020.01.16_12.10.03.csv block-000@240s reward=QoE=   46.14 pacing=1.42s eps=0.977 loss=1.8802
[ep   22] loot         driving_B_2020.02.27_17.30.15.csv block-002@413s reward=QoE= -225.10 pacing=0.00s eps=0.976 loss=1.6566
[ep   23] redandblack  driving_B_2020.01.16_07.26.43.csv block-000@1560s reward=QoE=  -91.86 pacing=0.00s eps=0.975 loss=1.6394
[ep   24] soldier      driving_B_2020.02.27_17.30.15.csv block-002@533s reward=QoE= -264.37 pacing=0.00s eps=0.974 loss=1.7092
[ep   25] longdress    static_B_2020.02.27_18.39.27.csv block-001@3732s reward=QoE=   41.48 pacing=0.00s eps=0.973 loss=1.8473
[ep   26] loot         driving_B_2020.01.16_09.56.56.csv block-000@180s reward=QoE=   38.89 pacing=0.00s eps=0.972 loss=1.7605
[ep   27] redandblack  static_B_2020.02.14_13.21.26.csv block-000@480s reward=QoE=   51.94 pacing=1.72s eps=0.971 loss=1.8182
[ep   28] soldier      driving_B_2019.12.17_07.32.39.csv block-000@1380s reward=QoE=   -3.47 pacing=0.00s eps=0.970 loss=1.7284
[ep   29] longdress    driving_B_2020.02.13_13.03.24.csv block-001@1994s reward=QoE=   10.98 pacing=0.00s eps=0.968 loss=1.5206
[ep   30] loot         static_B_2019.12.16_13.40.04.csv block-005@1586s reward=QoE=   14.59 pacing=0.00s eps=0.967 loss=1.5944
[ep   31] redandblack  static_B_2020.02.27_18.39.27.csv block-001@5832s reward=QoE=   39.97 pacing=2.06s eps=0.966 loss=1.7094
[ep   32] soldier      driving_B_2020.01.16_09.56.56.csv block-000@300s reward=QoE=   53.84 pacing=0.81s eps=0.965 loss=1.5790
[ep   33] longdress    static_B_2020.02.14_13.21.26.csv block-000@1080s reward=QoE=   51.89 pacing=0.50s eps=0.964 loss=1.5428
[ep   34] loot         driving_B_2020.02.14_12.58.17.csv block-000@0s reward=QoE=  -34.88 pacing=0.00s eps=0.963 loss=1.4715
[ep   35] redandblack  driving_B_2020.02.27_17.30.15.csv block-002@353s reward=QoE= -163.44 pacing=0.00s eps=0.962 loss=1.4651
[ep   36] soldier      static_B_2020.02.14_13.21.26.csv block-000@240s reward=QoE=   46.87 pacing=1.72s eps=0.961 loss=1.4704
[ep   37] longdress    driving_B_2020.02.27_17.30.15.csv block-002@293s reward=QoE= -431.94 pacing=0.00s eps=0.960 loss=1.5138
[ep   38] loot         static_B_2019.12.16_13.40.04.csv block-005@1706s reward=QoE=   43.00 pacing=0.00s eps=0.959 loss=1.4743
[ep   39] redandblack  driving_B_2020.02.13_13.03.24.csv block-007@2290s reward=QoE= -236.95 pacing=0.00s eps=0.958 loss=1.4771
[ep   40] soldier      static_B_2020.02.27_18.39.27.csv block-001@5352s reward=QoE=  -11.11 pacing=0.00s eps=0.957 loss=1.6339
[ep   41] longdress    static_B_2019.12.16_13.40.04.csv block-001@955s reward=QoE=   47.96 pacing=0.00s eps=0.955 loss=1.6821
[ep   42] loot         driving_B_2020.02.14_12.58.17.csv block-002@596s reward=QoE=  -41.61 pacing=0.00s eps=0.954 loss=1.8365
[ep   43] redandblack  driving_B_2020.02.14_12.58.17.csv block-002@596s reward=QoE=  -56.08 pacing=0.00s eps=0.953 loss=1.6223
[ep   44] soldier      driving_B_2020.02.14_12.58.17.csv block-000@0s reward=QoE=  -58.03 pacing=0.00s eps=0.952 loss=1.8229
[ep   45] longdress    driving_B_2020.02.13_15.02.01.csv block-000@1200s reward=QoE=  -11.79 pacing=0.00s eps=0.951 loss=1.5130
[ep   46] loot         driving_B_2020.02.14_12.58.17.csv block-002@716s reward=QoE=  -31.81 pacing=0.00s eps=0.950 loss=1.4612
[ep   47] redandblack  driving_B_2020.01.16_12.10.03.csv block-000@300s reward=QoE=   16.10 pacing=0.00s eps=0.949 loss=1.4118
[ep   48] soldier      driving_B_2020.02.14_09.38.22.csv block-000@480s reward=QoE=  -45.58 pacing=0.00s eps=0.948 loss=1.6555
[ep   49] longdress    driving_B_2019.12.17_07.32.39.csv block-000@960s reward=QoE= -120.67 pacing=0.00s eps=0.947 loss=1.4598
[ep   50] loot         driving_B_2020.02.13_15.02.01.csv block-000@2760s reward=QoE=  -91.35 pacing=0.00s eps=0.946 loss=1.5105
[ep   51] redandblack  static_B_2020.02.27_18.39.27.csv block-001@3972s reward=QoE=   37.97 pacing=0.00s eps=0.945 loss=1.4383
[ep   52] soldier      static_B_2020.02.14_13.21.26.csv block-000@420s reward=QoE=   32.57 pacing=0.72s eps=0.943 loss=1.4522
[ep   53] longdress    driving_B_2020.02.13_15.02.01.csv block-000@480s reward=QoE=   38.07 pacing=0.00s eps=0.942 loss=1.3569
[ep   54] loot         static_B_2020.02.27_18.39.27.csv block-001@2652s reward=QoE=  -53.27 pacing=0.00s eps=0.941 loss=1.3460
[ep   55] redandblack  driving_B_2020.02.14_12.58.17.csv block-002@536s reward=QoE= -256.26 pacing=0.00s eps=0.940 loss=1.5277
[ep   56] soldier      static_B_2019.12.16_13.40.04.csv block-005@1646s reward=QoE=   47.14 pacing=0.27s eps=0.939 loss=1.5295
[ep   57] longdress    driving_B_2019.12.17_07.32.39.csv block-000@900s reward=QoE=  -76.04 pacing=0.00s eps=0.938 loss=1.5498
[ep   58] loot         driving_B_2019.12.16_12.27.05.csv block-000@900s reward=QoE=   37.83 pacing=1.23s eps=0.937 loss=1.5884
[ep   59] redandblack  static_B_2019.12.16_13.40.04.csv block-005@1886s reward=QoE=   30.63 pacing=0.01s eps=0.936 loss=1.4508
[ep   60] soldier      static_B_2020.02.27_18.39.27.csv block-001@492s reward=QoE=   41.84 pacing=0.00s eps=0.935 loss=1.3009
[ep   61] longdress    driving_B_2020.02.14_12.58.17.csv block-002@716s reward=QoE= -169.02 pacing=0.00s eps=0.934 loss=1.4228
[ep   62] loot         driving_B_2020.02.13_13.03.24.csv block-000@480s reward=QoE=  -50.68 pacing=0.00s eps=0.933 loss=1.3758
[ep   63] redandblack  driving_B_2019.12.16_12.27.05.csv block-000@660s reward=QoE= -238.28 pacing=0.00s eps=0.932 loss=1.6137
[ep   64] soldier      driving_B_2020.01.16_09.56.56.csv block-001@1179s reward=QoE=  -97.55 pacing=0.00s eps=0.930 loss=1.5465
[ep   65] longdress    driving_B_2020.02.27_17.30.15.csv block-002@413s reward=QoE= -608.71 pacing=0.00s eps=0.929 loss=1.7035
[ep   66] loot         driving_B_2020.02.13_15.02.01.csv block-000@1920s reward=QoE=   19.52 pacing=0.00s eps=0.928 loss=1.5902
[ep   67] redandblack  driving_B_2020.02.14_09.38.22.csv block-000@1440s reward=QoE=   45.32 pacing=1.78s eps=0.927 loss=1.6663
[ep   68] soldier      driving_B_2020.02.14_09.38.22.csv block-000@120s reward=QoE= -142.54 pacing=0.00s eps=0.926 loss=1.6278
[ep   69] longdress    driving_B_2020.02.27_17.30.15.csv block-002@293s reward=QoE= -363.86 pacing=0.00s eps=0.925 loss=1.5453
[ep   70] loot         static_B_2020.02.27_18.39.27.csv block-001@6072s reward=QoE=   35.96 pacing=1.94s eps=0.924 loss=1.5683
[ep   71] redandblack  driving_B_2019.12.17_07.32.39.csv block-000@420s reward=QoE=    6.16 pacing=0.00s eps=0.923 loss=1.7002
[ep   72] soldier      driving_B_2020.02.14_12.58.17.csv block-002@656s reward=QoE=    0.82 pacing=0.00s eps=0.922 loss=1.6710
[ep   73] longdress    driving_B_2020.01.16_09.56.56.csv block-001@1539s reward=QoE=   39.17 pacing=0.26s eps=0.921 loss=1.8027
[ep   74] loot         static_B_2020.02.14_13.21.26.csv block-000@1020s reward=QoE=   46.63 pacing=2.43s eps=0.920 loss=1.5251
[ep   75] redandblack  driving_B_2020.02.14_12.58.17.csv block-002@716s reward=QoE=  -69.97 pacing=0.00s eps=0.918 loss=1.6458
[ep   76] soldier      driving_B_2020.01.16_09.56.56.csv block-001@519s reward=QoE=   27.24 pacing=0.00s eps=0.917 loss=1.6731
[ep   77] longdress    driving_B_2020.01.16_09.56.56.csv block-001@1239s reward=QoE=  -26.51 pacing=0.00s eps=0.916 loss=1.6162
[ep   78] loot         driving_B_2020.01.16_09.56.56.csv block-001@1719s reward=QoE=   62.01 pacing=0.00s eps=0.915 loss=1.4841
[ep   79] redandblack  driving_B_2020.01.16_07.26.43.csv block-000@780s reward=QoE=  -16.42 pacing=0.00s eps=0.914 loss=1.7262
[ep   80] soldier      driving_B_2020.02.14_12.58.17.csv block-002@656s reward=QoE=  -62.16 pacing=0.00s eps=0.913 loss=1.5116
[ep   81] longdress    static_B_2020.02.14_13.21.26.csv block-000@660s reward=QoE=   52.68 pacing=1.36s eps=0.912 loss=1.7760
[ep   82] loot         static_B_2019.12.16_13.40.04.csv block-000@60s reward=QoE=   26.99 pacing=0.00s eps=0.911 loss=1.5533
[ep   83] redandblack  driving_B_2020.02.14_09.38.22.csv block-000@360s reward=QoE= -175.42 pacing=0.00s eps=0.910 loss=1.6302
[ep   84] soldier      driving_B_2020.01.16_09.56.56.csv block-001@1059s reward=QoE=  -61.73 pacing=0.00s eps=0.909 loss=1.5331
[ep   85] longdress    driving_B_2020.02.14_12.58.17.csv block-000@0s reward=QoE=  -41.36 pacing=0.00s eps=0.908 loss=1.7470
[ep   86] loot         static_B_2020.02.27_18.39.27.csv block-001@1152s reward=QoE=   37.41 pacing=0.93s eps=0.907 loss=1.6826
[ep   87] redandblack  driving_B_2020.02.27_17.30.15.csv block-002@353s reward=QoE= -159.63 pacing=0.00s eps=0.905 loss=1.5104
[ep   88] soldier      static_B_2020.02.14_13.21.26.csv block-000@540s reward=QoE=   42.12 pacing=0.14s eps=0.904 loss=1.6308
[ep   89] longdress    driving_B_2020.02.27_17.30.15.csv block-002@413s reward=QoE= -522.22 pacing=0.00s eps=0.903 loss=1.5821
[ep   90] loot         driving_B_2020.02.13_13.03.24.csv block-001@914s reward=QoE= -167.98 pacing=0.00s eps=0.902 loss=1.7865
[ep   91] redandblack  static_B_2020.02.14_13.21.26.csv block-000@840s reward=QoE=   41.15 pacing=1.82s eps=0.901 loss=1.7010
[ep   92] soldier      driving_B_2019.12.16_12.27.05.csv block-000@780s reward=QoE=  -18.71 pacing=0.00s eps=0.900 loss=1.9500
[ep   93] longdress    driving_B_2020.02.27_17.30.15.csv block-002@293s reward=QoE= -366.15 pacing=0.00s eps=0.899 loss=1.8485
[ep   94] loot         driving_B_2020.02.27_17.30.15.csv block-002@473s reward=QoE= -404.70 pacing=0.00s eps=0.898 loss=1.7515
[ep   95] redandblack  driving_B_2020.01.16_07.26.43.csv block-000@1260s reward=QoE=   13.76 pacing=0.00s eps=0.897 loss=1.7611
[ep   96] soldier      static_B_2020.02.27_18.39.27.csv block-001@5472s reward=QoE=   51.94 pacing=1.58s eps=0.896 loss=1.6685
[ep   97] longdress    driving_B_2020.02.14_09.38.22.csv block-000@1080s reward=QoE=   39.85 pacing=1.26s eps=0.895 loss=1.8831
[ep   98] loot         driving_B_2020.01.16_09.56.56.csv block-001@939s reward=QoE=    2.79 pacing=0.00s eps=0.893 loss=1.5962
[ep   99] redandblack  driving_B_2020.01.16_12.10.03.csv block-000@0s reward=QoE=   49.54 pacing=1.93s eps=0.892 loss=1.5804
[ep  100] soldier      static_B_2020.02.27_18.39.27.csv block-001@2592s reward=QoE=   32.94 pacing=0.00s eps=0.891 loss=1.5989
[ep  101] longdress    driving_B_2020.02.13_15.02.01.csv block-000@2940s reward=QoE= -218.12 pacing=0.00s eps=0.890 loss=1.6882
[ep  102] loot         driving_B_2020.02.27_17.30.15.csv block-002@473s reward=QoE= -442.44 pacing=0.00s eps=0.889 loss=1.5351
[ep  103] redandblack  driving_B_2020.01.16_07.26.43.csv block-000@300s reward=QoE=   22.64 pacing=0.00s eps=0.888 loss=1.8538
[ep  104] soldier      driving_B_2020.02.13_15.02.01.csv block-000@1620s reward=QoE= -209.17 pacing=0.00s eps=0.887 loss=1.7556
[ep  105] longdress    driving_B_2020.02.13_15.02.01.csv block-000@120s reward=QoE=   58.08 pacing=0.90s eps=0.886 loss=1.7365
[ep  106] loot         driving_B_2019.12.17_07.32.39.csv block-000@1140s reward=QoE=    0.29 pacing=0.00s eps=0.885 loss=1.8026
[ep  107] redandblack  static_B_2019.12.16_13.40.04.csv block-000@120s reward=QoE=   55.67 pacing=0.61s eps=0.884 loss=1.7476
[ep  108] soldier      static_B_2019.12.16_13.40.04.csv block-001@895s reward=QoE=   34.35 pacing=0.00s eps=0.883 loss=1.9925
[ep  109] longdress    driving_B_2020.02.14_12.58.17.csv block-002@596s reward=QoE=  -62.63 pacing=0.00s eps=0.881 loss=1.8162
[ep  110] loot         driving_B_2020.02.14_09.38.22.csv block-000@1200s reward=QoE=  -97.96 pacing=0.00s eps=0.880 loss=1.7908
[ep  111] redandblack  driving_B_2020.02.14_12.58.17.csv block-002@536s reward=QoE= -226.57 pacing=0.00s eps=0.879 loss=1.7200
[ep  112] soldier      driving_B_2019.12.17_07.32.39.csv block-000@120s reward=QoE=  -48.16 pacing=0.00s eps=0.878 loss=1.9789
[ep  113] longdress    driving_B_2020.01.16_12.10.03.csv block-000@60s reward=QoE=   32.70 pacing=0.00s eps=0.877 loss=1.6544
[ep  114] loot         driving_B_2020.02.14_12.58.17.csv block-002@656s reward=QoE=    2.32 pacing=0.00s eps=0.876 loss=2.0208
[ep  115] redandblack  driving_B_2020.01.16_09.56.56.csv block-001@1359s reward=QoE=   15.60 pacing=0.00s eps=0.875 loss=1.7721
[ep  116] soldier      static_B_2019.12.16_13.40.04.csv block-000@0s reward=QoE=   25.73 pacing=0.00s eps=0.874 loss=1.6774
[ep  117] longdress    static_B_2019.12.16_13.40.04.csv block-001@1015s reward=QoE=  -18.53 pacing=0.00s eps=0.873 loss=1.7692
[ep  118] loot         driving_B_2020.01.16_12.10.03.csv block-000@240s reward=QoE=   48.70 pacing=2.03s eps=0.872 loss=1.5586
[ep  119] redandblack  static_B_2020.02.14_13.21.26.csv block-000@360s reward=QoE=   33.33 pacing=0.47s eps=0.871 loss=1.5636
[ep  120] soldier      static_B_2020.02.27_18.39.27.csv block-001@6432s reward=QoE=   44.14 pacing=0.00s eps=0.870 loss=1.7193
[ep  121] longdress    driving_B_2019.12.17_07.32.39.csv block-003@1534s reward=QoE=   -3.01 pacing=0.00s eps=0.868 loss=1.9597
[ep  122] loot         driving_B_2020.01.16_09.56.56.csv block-001@1299s reward=QoE=   48.77 pacing=0.00s eps=0.867 loss=2.0818
[ep  123] redandblack  driving_B_2020.02.14_12.58.17.csv block-002@716s reward=QoE=  -18.54 pacing=0.00s eps=0.866 loss=2.0727
[ep  124] soldier      driving_B_2019.12.17_07.32.39.csv block-000@660s reward=QoE=  -73.46 pacing=0.00s eps=0.865 loss=1.8194
[ep  125] longdress    driving_B_2020.02.13_15.02.01.csv block-000@780s reward=QoE=  -70.92 pacing=0.00s eps=0.864 loss=2.0680
[ep  126] loot         driving_B_2020.02.14_12.58.17.csv block-000@0s reward=QoE=  -12.94 pacing=0.00s eps=0.863 loss=1.6124
[ep  127] redandblack  static_B_2020.02.14_13.21.26.csv block-000@840s reward=QoE=   45.74 pacing=1.84s eps=0.862 loss=1.7661
[ep  128] soldier      driving_B_2020.02.13_13.03.24.csv block-000@0s reward=QoE=  -93.39 pacing=0.00s eps=0.861 loss=2.0268
[ep  129] longdress    static_B_2020.02.27_18.39.27.csv block-001@5292s reward=QoE= -371.91 pacing=0.00s eps=0.860 loss=1.8913
[ep  130] loot         driving_B_2020.01.16_07.26.43.csv block-000@360s reward=QoE= -121.89 pacing=0.00s eps=0.859 loss=2.0789
[ep  131] redandblack  driving_B_2019.12.17_07.32.39.csv block-000@480s reward=QoE=   41.93 pacing=0.17s eps=0.858 loss=1.9244
[ep  132] soldier      driving_B_2020.01.16_12.10.03.csv block-000@240s reward=QoE=   38.29 pacing=1.42s eps=0.856 loss=1.8095
[ep  133] longdress    driving_B_2020.02.27_17.30.15.csv block-002@533s reward=QoE= -372.55 pacing=0.00s eps=0.855 loss=1.6708
[ep  134] loot         static_B_2020.02.14_13.21.26.csv block-000@1080s reward=QoE=   40.28 pacing=1.21s eps=0.854 loss=1.7277
[ep  135] redandblack  driving_B_2020.01.16_09.56.56.csv block-001@1719s reward=QoE=   49.86 pacing=0.00s eps=0.853 loss=1.8923
[ep  136] soldier      static_B_2020.02.14_13.21.26.csv block-000@780s reward=QoE=   42.18 pacing=1.35s eps=0.852 loss=1.8291
[ep  137] longdress    static_B_2019.12.16_13.40.04.csv block-006@2232s reward=QoE=   38.54 pacing=0.48s eps=0.851 loss=1.8726
[ep  138] loot         driving_B_2019.12.16_12.27.05.csv block-000@480s reward=QoE=  -45.75 pacing=0.00s eps=0.850 loss=1.8198
[ep  139] redandblack  static_B_2020.02.27_18.39.27.csv block-001@432s reward=QoE=   54.69 pacing=0.28s eps=0.849 loss=1.8232
[ep  140] soldier      driving_B_2020.01.16_12.10.03.csv block-000@180s reward=QoE=   53.22 pacing=0.00s eps=0.848 loss=1.9156
[ep  141] longdress    driving_B_2020.01.16_12.10.03.csv block-000@180s reward=QoE=   52.57 pacing=0.83s eps=0.847 loss=1.7610
[ep  142] loot         driving_B_2019.12.17_07.32.39.csv block-003@1894s reward=QoE=  -89.05 pacing=0.00s eps=0.846 loss=1.5330
[ep  143] redandblack  driving_B_2020.02.14_09.38.22.csv block-000@240s reward=QoE= -137.20 pacing=0.00s eps=0.845 loss=1.7880
[ep  144] soldier      driving_B_2020.02.13_15.02.01.csv block-000@2580s reward=QoE= -370.18 pacing=0.00s eps=0.843 loss=1.8440
[ep  145] longdress    static_B_2020.02.14_13.21.26.csv block-000@180s reward=QoE=   43.38 pacing=0.00s eps=0.842 loss=1.9909
[ep  146] loot         driving_B_2020.02.14_12.58.17.csv block-002@656s reward=QoE=   23.21 pacing=0.00s eps=0.841 loss=1.8801
[ep  147] redandblack  driving_B_2020.02.13_15.02.01.csv block-000@2280s reward=QoE= -114.74 pacing=0.00s eps=0.840 loss=1.6904
[ep  148] soldier      driving_B_2019.12.17_07.32.39.csv block-003@1834s reward=QoE= -209.85 pacing=0.00s eps=0.839 loss=1.6177
[ep  149] longdress    static_B_2020.02.27_18.39.27.csv block-001@4512s reward=QoE=   52.36 pacing=1.24s eps=0.838 loss=1.7740
[ep  150] loot         driving_B_2020.01.16_07.26.43.csv block-000@960s reward=QoE=  -74.77 pacing=0.00s eps=0.837 loss=1.7930
[ep  151] redandblack  driving_B_2019.12.16_12.27.05.csv block-000@1020s reward=QoE=   47.35 pacing=0.50s eps=0.836 loss=1.8369
[ep  152] soldier      driving_B_2020.02.14_09.38.22.csv block-000@1320s reward=QoE= -149.59 pacing=0.00s eps=0.835 loss=1.8246
[ep  153] longdress    static_B_2019.12.16_13.40.04.csv block-000@300s reward=QoE=    3.30 pacing=0.00s eps=0.834 loss=1.9606
[ep  154] loot         driving_B_2019.12.17_07.32.39.csv block-000@600s reward=QoE=  -21.93 pacing=0.00s eps=0.833 loss=1.8261
[ep  155] redandblack  driving_B_2020.01.16_12.10.03.csv block-000@300s reward=QoE=   13.29 pacing=0.00s eps=0.831 loss=2.2478
[ep  156] soldier      driving_B_2019.12.16_12.27.05.csv block-000@60s reward=QoE=  -60.82 pacing=0.00s eps=0.830 loss=1.7873
[ep  157] longdress    static_B_2020.02.14_13.21.26.csv block-000@60s reward=QoE=   47.21 pacing=0.94s eps=0.829 loss=1.9257
[ep  158] loot         driving_B_2020.02.13_15.02.01.csv block-000@3000s reward=QoE=  -92.64 pacing=0.00s eps=0.828 loss=1.5128
[ep  159] redandblack  static_B_2020.02.14_13.21.26.csv block-000@60s reward=QoE=   47.67 pacing=1.70s eps=0.827 loss=1.9804
[ep  160] soldier      driving_B_2019.12.16_12.27.05.csv block-000@840s reward=QoE=    2.58 pacing=0.00s eps=0.826 loss=1.9863
[ep  161] longdress    driving_B_2020.01.16_07.26.43.csv block-000@1020s reward=QoE= -178.67 pacing=0.00s eps=0.825 loss=2.2406
[ep  162] loot         driving_B_2020.02.13_13.03.24.csv block-000@420s reward=QoE=  -51.42 pacing=0.00s eps=0.824 loss=1.7882
[ep  163] redandblack  driving_B_2020.01.16_07.26.43.csv block-000@1080s reward=QoE=  -40.50 pacing=0.00s eps=0.823 loss=1.9416
[ep  164] soldier      static_B_2019.12.16_13.40.04.csv block-001@835s reward=QoE=   53.25 pacing=0.85s eps=0.822 loss=1.8906
[ep  165] longdress    driving_B_2020.02.27_17.30.15.csv block-002@413s reward=QoE= -584.43 pacing=0.00s eps=0.821 loss=1.9330
[ep  166] loot         static_B_2020.02.27_18.39.27.csv block-001@4212s reward=QoE=   51.68 pacing=2.12s eps=0.820 loss=2.0561
[ep  167] redandblack  driving_B_2020.02.13_13.03.24.csv block-001@1214s reward=QoE= -117.79 pacing=0.00s eps=0.818 loss=2.0034
[ep  168] soldier      static_B_2020.02.14_13.21.26.csv block-000@600s reward=QoE=   57.25 pacing=1.17s eps=0.817 loss=1.9100
[ep  169] longdress    driving_B_2020.02.27_17.30.15.csv block-002@293s reward=QoE= -338.95 pacing=0.00s eps=0.816 loss=1.5633
[ep  170] loot         driving_B_2020.01.16_07.26.43.csv block-000@1140s reward=QoE=   26.15 pacing=0.00s eps=0.815 loss=1.8433
[ep  171] redandblack  driving_B_2020.02.13_13.03.24.csv block-001@1334s reward=QoE=  -63.94 pacing=0.00s eps=0.814 loss=2.0295
[ep  172] soldier      driving_B_2020.02.13_13.03.24.csv block-001@1634s reward=QoE= -113.61 pacing=0.00s eps=0.813 loss=1.8384
[ep  173] longdress    driving_B_2019.12.16_12.27.05.csv block-000@600s reward=QoE= -102.66 pacing=0.00s eps=0.812 loss=1.9059
[ep  174] loot         driving_B_2020.01.16_07.26.43.csv block-000@600s reward=QoE=  -18.99 pacing=0.00s eps=0.811 loss=2.0303
[ep  175] redandblack  driving_B_2020.01.16_12.10.03.csv block-000@180s reward=QoE=   47.14 pacing=0.25s eps=0.810 loss=1.9359
[ep  176] soldier      driving_B_2019.12.17_07.32.39.csv block-000@300s reward=QoE=   -8.99 pacing=0.00s eps=0.809 loss=1.7331
[ep  177] longdress    driving_B_2020.02.14_12.58.17.csv block-002@536s reward=QoE= -297.46 pacing=0.00s eps=0.808 loss=2.0882
[ep  178] loot         static_B_2020.02.27_18.39.27.csv block-001@2232s reward=QoE=   29.21 pacing=0.00s eps=0.806 loss=1.9804
[ep  179] redandblack  driving_B_2020.02.14_09.38.22.csv block-000@420s reward=QoE=  -99.57 pacing=0.00s eps=0.805 loss=2.0976
[ep  180] soldier      driving_B_2020.01.16_12.10.03.csv block-000@60s reward=QoE=   35.07 pacing=0.00s eps=0.804 loss=2.0418
[ep  181] longdress    driving_B_2020.01.16_09.56.56.csv block-001@879s reward=QoE=   18.66 pacing=0.00s eps=0.803 loss=1.9423
[ep  182] loot         driving_B_2020.01.16_12.10.03.csv block-000@120s reward=QoE=   41.85 pacing=1.95s eps=0.802 loss=2.1264
[ep  183] redandblack  driving_B_2020.02.13_13.03.24.csv block-000@240s reward=QoE=  -31.46 pacing=0.00s eps=0.801 loss=2.0904
[ep  184] soldier      driving_B_2019.12.17_07.32.39.csv block-003@2074s reward=QoE=   16.69 pacing=0.00s eps=0.800 loss=2.0110
[ep  185] longdress    driving_B_2020.01.16_12.10.03.csv block-000@360s reward=QoE=   53.28 pacing=0.00s eps=0.799 loss=2.0753
[ep  186] loot         driving_B_2020.02.14_09.38.22.csv block-000@120s reward=QoE= -111.52 pacing=0.00s eps=0.798 loss=1.8897
[ep  187] redandblack  static_B_2019.12.16_13.40.04.csv block-006@2172s reward=QoE=   58.94 pacing=2.04s eps=0.797 loss=1.6328
[ep  188] soldier      driving_B_2019.12.17_07.32.39.csv block-000@1080s reward=QoE=  -18.27 pacing=0.00s eps=0.796 loss=1.7590
[ep  189] longdress    driving_B_2020.01.16_09.56.56.csv block-000@240s reward=QoE=   -7.88 pacing=0.00s eps=0.794 loss=1.8776
[ep  190] loot         driving_B_2020.02.14_12.58.17.csv block-002@596s reward=QoE=  -27.90 pacing=0.00s eps=0.793 loss=2.0007
[ep  191] redandblack  driving_B_2020.01.16_12.10.03.csv block-000@300s reward=QoE=   15.67 pacing=0.00s eps=0.792 loss=1.8843
[ep  192] soldier      driving_B_2020.02.27_17.30.15.csv block-002@473s reward=QoE= -382.37 pacing=0.00s eps=0.791 loss=1.8184
[ep  193] longdress    driving_B_2020.02.13_13.03.24.csv block-001@1454s reward=QoE= -225.04 pacing=0.00s eps=0.790 loss=1.8045
[ep  194] loot         driving_B_2019.12.16_12.27.05.csv block-000@1020s reward=QoE=   57.37 pacing=0.00s eps=0.789 loss=2.2006
[ep  195] redandblack  driving_B_2020.01.16_07.26.43.csv block-000@1440s reward=QoE=   32.84 pacing=0.00s eps=0.788 loss=1.7741
[ep  196] soldier      static_B_2020.02.14_13.21.26.csv block-000@480s reward=QoE=   46.28 pacing=1.18s eps=0.787 loss=1.9628
[ep  197] longdress    static_B_2020.02.14_13.21.26.csv block-000@960s reward=QoE=   12.06 pacing=0.00s eps=0.786 loss=1.9445
[ep  198] loot         driving_B_2019.12.16_12.27.05.csv block-000@120s reward=QoE=  -27.82 pacing=0.00s eps=0.785 loss=1.8959
[ep  199] redandblack  driving_B_2020.01.16_09.56.56.csv block-001@699s reward=QoE=   53.91 pacing=2.31s eps=0.784 loss=1.9016
[ep  200] soldier      driving_B_2020.02.27_17.30.15.csv block-002@293s reward=QoE= -394.45 pacing=0.00s eps=0.783 loss=2.1848
[ep  201] longdress    driving_B_2019.12.16_12.27.05.csv block-000@720s reward=QoE=  -46.01 pacing=0.00s eps=0.781 loss=2.0611
[ep  202] loot         driving_B_2020.02.13_13.03.24.csv block-001@974s reward=QoE=   -8.41 pacing=0.00s eps=0.780 loss=2.1749
[ep  203] redandblack  driving_B_2019.12.17_07.32.39.csv block-000@840s reward=QoE=  -61.65 pacing=0.00s eps=0.779 loss=2.1052
[ep  204] soldier      static_B_2019.12.16_13.40.04.csv block-001@1135s reward=QoE=    5.90 pacing=0.00s eps=0.778 loss=1.9271
[ep  205] longdress    driving_B_2019.12.16_12.27.05.csv block-000@1140s reward=QoE=   22.81 pacing=0.00s eps=0.777 loss=2.1296
[ep  206] loot         driving_B_2020.01.16_12.10.03.csv block-000@360s reward=QoE=   41.46 pacing=0.00s eps=0.776 loss=2.1985
[ep  207] redandblack  driving_B_2020.01.16_12.10.03.csv block-000@120s reward=QoE=   57.40 pacing=1.61s eps=0.775 loss=2.1700
[ep  208] soldier      driving_B_2020.02.14_09.38.22.csv block-000@1020s reward=QoE=   40.69 pacing=0.26s eps=0.774 loss=2.0904
[ep  209] longdress    driving_B_2020.01.16_09.56.56.csv block-001@1359s reward=QoE=    7.66 pacing=0.00s eps=0.773 loss=1.8341
[ep  210] loot         static_B_2020.02.14_13.21.26.csv block-000@120s reward=QoE=   47.22 pacing=1.76s eps=0.772 loss=1.7872
[ep  211] redandblack  driving_B_2020.01.16_12.10.03.csv block-000@60s reward=QoE=   38.51 pacing=0.00s eps=0.771 loss=2.2034
[ep  212] soldier      driving_B_2020.01.16_07.26.43.csv block-000@540s reward=QoE=  -75.90 pacing=0.00s eps=0.769 loss=1.9609
[ep  213] longdress    driving_B_2019.12.17_07.32.39.csv block-000@780s reward=QoE=  -19.00 pacing=0.00s eps=0.768 loss=2.0114
[ep  214] loot         static_B_2020.02.27_18.39.27.csv block-001@1752s reward=QoE=   52.91 pacing=0.00s eps=0.767 loss=2.0555
[ep  215] redandblack  driving_B_2020.01.16_07.26.43.csv block-000@180s reward=QoE= -228.06 pacing=0.00s eps=0.766 loss=2.0068
[ep  216] soldier      driving_B_2020.01.16_07.26.43.csv block-000@480s reward=QoE= -144.20 pacing=0.00s eps=0.765 loss=1.8356
[ep  217] longdress    driving_B_2020.01.16_07.26.43.csv block-000@1800s reward=QoE=  -42.36 pacing=0.00s eps=0.764 loss=2.2302
[ep  218] loot         driving_B_2019.12.16_12.27.05.csv block-000@1140s reward=QoE=   39.39 pacing=0.00s eps=0.763 loss=2.0442
[ep  219] redandblack  static_B_2020.02.27_18.39.27.csv block-001@672s reward=QoE=   16.47 pacing=1.22s eps=0.762 loss=1.9276
[ep  220] soldier      driving_B_2020.01.16_12.10.03.csv block-000@0s reward=QoE=   42.61 pacing=1.07s eps=0.761 loss=2.0066
[ep  221] longdress    driving_B_2020.02.13_15.02.01.csv block-000@1500s reward=QoE=  -95.22 pacing=0.00s eps=0.760 loss=2.0025
[ep  222] loot         driving_B_2020.01.16_12.10.03.csv block-000@360s reward=QoE=   49.91 pacing=0.00s eps=0.759 loss=1.7663
[ep  223] redandblack  driving_B_2020.02.13_13.03.24.csv block-001@1094s reward=QoE=  -31.13 pacing=0.00s eps=0.758 loss=2.0140
[ep  224] soldier      driving_B_2020.01.16_07.26.43.csv block-000@1860s reward=QoE=  -86.87 pacing=0.00s eps=0.756 loss=1.9760
[ep  225] longdress    static_B_2019.12.16_13.40.04.csv block-005@2006s reward=QoE=   27.82 pacing=0.00s eps=0.755 loss=1.8804
[ep  226] loot         driving_B_2020.01.16_12.10.03.csv block-000@60s reward=QoE=   46.12 pacing=0.00s eps=0.754 loss=2.1991
[ep  227] redandblack  driving_B_2020.02.14_12.58.17.csv block-002@596s reward=QoE=  -47.03 pacing=0.00s eps=0.753 loss=1.8728
[ep  228] soldier      driving_B_2020.01.16_12.10.03.csv block-000@0s reward=QoE=   39.63 pacing=1.41s eps=0.752 loss=1.9977
[ep  229] longdress    driving_B_2020.02.13_13.03.24.csv block-001@1574s reward=QoE= -103.09 pacing=0.00s eps=0.751 loss=1.8267
[ep  230] loot         driving_B_2020.01.16_09.56.56.csv block-001@999s reward=QoE=  -35.96 pacing=0.00s eps=0.750 loss=1.8817
[ep  231] redandblack  driving_B_2020.02.13_15.02.01.csv block-000@1680s reward=QoE=  -76.68 pacing=0.00s eps=0.749 loss=1.7845
[ep  232] soldier      static_B_2020.02.27_18.39.27.csv block-001@3552s reward=QoE= -140.23 pacing=0.00s eps=0.748 loss=1.9324
[ep  233] longdress    static_B_2020.02.14_13.21.26.csv block-000@360s reward=QoE=   39.02 pacing=0.02s eps=0.747 loss=1.9482
[ep  234] loot         static_B_2019.12.16_13.40.04.csv block-005@1826s reward=QoE=   55.52 pacing=0.00s eps=0.746 loss=1.9249
[ep  235] redandblack  driving_B_2020.02.14_09.38.22.csv block-000@0s reward=QoE= -123.59 pacing=0.00s eps=0.744 loss=1.9046
[ep  236] soldier      driving_B_2020.02.13_15.02.01.csv block-000@2100s reward=QoE=    5.05 pacing=0.00s eps=0.743 loss=1.9648
[ep  237] longdress    static_B_2020.02.27_18.39.27.csv block-001@5952s reward=QoE=   10.80 pacing=0.00s eps=0.742 loss=1.9844
[ep  238] loot         static_B_2020.02.27_18.39.27.csv block-001@4392s reward=QoE=    9.42 pacing=0.00s eps=0.741 loss=1.7755
[ep  239] redandblack  driving_B_2020.01.16_09.56.56.csv block-001@579s reward=QoE=   32.27 pacing=0.00s eps=0.740 loss=2.1319
[ep  240] soldier      driving_B_2020.02.13_13.03.24.csv block-000@360s reward=QoE=  -97.85 pacing=0.00s eps=0.739 loss=1.9296
[ep  241] longdress    static_B_2019.12.16_13.40.04.csv block-001@715s reward=QoE=    9.20 pacing=0.00s eps=0.738 loss=2.1880
[ep  242] loot         static_B_2020.02.27_18.39.27.csv block-001@6312s reward=QoE=   51.89 pacing=0.00s eps=0.737 loss=2.0730
[ep  243] redandblack  driving_B_2020.01.16_12.10.03.csv block-000@120s reward=QoE=   48.50 pacing=2.14s eps=0.736 loss=1.9309
[ep  244] soldier      driving_B_2020.01.16_07.26.43.csv block-000@420s reward=QoE= -138.14 pacing=0.00s eps=0.735 loss=1.9682
[ep  245] longdress    driving_B_2020.02.13_13.03.24.csv block-000@660s reward=QoE=  -68.23 pacing=0.00s eps=0.734 loss=2.2830
[ep  246] loot         driving_B_2020.02.13_13.03.24.csv block-001@1274s reward=QoE=  -86.33 pacing=0.00s eps=0.733 loss=2.0224
[ep  247] redandblack  driving_B_2020.02.14_09.38.22.csv block-000@840s reward=QoE=  -12.12 pacing=0.00s eps=0.731 loss=2.4047
[ep  248] soldier      driving_B_2019.12.16_12.27.05.csv block-000@600s reward=QoE=  -52.12 pacing=0.00s eps=0.730 loss=2.0421
[ep  249] longdress    driving_B_2020.01.16_09.56.56.csv block-001@759s reward=QoE=    8.02 pacing=0.00s eps=0.729 loss=1.9071
[ep  250] loot         driving_B_2019.12.16_12.27.05.csv block-000@0s reward=QoE=   25.43 pacing=0.00s eps=0.728 loss=1.9945
[ep  251] redandblack  driving_B_2020.02.14_12.58.17.csv block-002@536s reward=QoE= -229.66 pacing=0.00s eps=0.727 loss=2.1077
[ep  252] soldier      driving_B_2020.02.13_13.03.24.csv block-000@300s reward=QoE=  -58.51 pacing=0.00s eps=0.726 loss=1.9092
[ep  253] longdress    static_B_2020.02.14_13.21.26.csv block-000@540s reward=QoE=   56.69 pacing=0.00s eps=0.725 loss=2.0696
[ep  254] loot         driving_B_2020.02.27_17.30.15.csv block-002@533s reward=QoE= -193.88 pacing=0.00s eps=0.724 loss=1.9195
[ep  255] redandblack  driving_B_2019.12.16_12.27.05.csv block-000@60s reward=QoE=   -6.31 pacing=0.00s eps=0.723 loss=1.8922
[ep  256] soldier      driving_B_2019.12.16_12.27.05.csv block-000@420s reward=QoE= -181.92 pacing=0.00s eps=0.722 loss=2.2009
[ep  257] longdress    driving_B_2020.02.14_09.38.22.csv block-000@900s reward=QoE= -137.28 pacing=0.00s eps=0.721 loss=2.0989
[ep  258] loot         driving_B_2020.01.16_07.26.43.csv block-000@1320s reward=QoE=  -18.25 pacing=0.00s eps=0.719 loss=2.2121
[ep  259] redandblack  driving_B_2020.02.13_15.02.01.csv block-000@1380s reward=QoE=   31.75 pacing=0.00s eps=0.718 loss=1.9237
[ep  260] soldier      driving_B_2020.02.14_09.38.22.csv block-000@300s reward=QoE= -167.40 pacing=0.00s eps=0.717 loss=2.0533
[ep  261] longdress    driving_B_2020.01.16_07.26.43.csv block-000@840s reward=QoE=  -11.81 pacing=0.00s eps=0.716 loss=2.0350
[ep  262] loot         driving_B_2020.02.13_13.03.24.csv block-001@1814s reward=QoE=   -2.32 pacing=0.00s eps=0.715 loss=2.0484
[ep  263] redandblack  driving_B_2020.02.13_15.02.01.csv block-000@360s reward=QoE=   33.08 pacing=0.00s eps=0.714 loss=1.8227
[ep  264] soldier      driving_B_2020.02.27_17.30.15.csv block-002@413s reward=QoE= -208.10 pacing=0.00s eps=0.713 loss=2.0048
[ep  265] longdress    driving_B_2019.12.16_12.27.05.csv block-000@300s reward=QoE=  -65.92 pacing=0.00s eps=0.712 loss=1.9396
[ep  266] loot         driving_B_2020.02.14_12.58.17.csv block-002@656s reward=QoE=   30.52 pacing=0.00s eps=0.711 loss=1.9710
[ep  267] redandblack  driving_B_2020.02.14_09.38.22.csv block-000@1260s reward=QoE=  -35.33 pacing=0.00s eps=0.710 loss=2.0218
[ep  268] soldier      driving_B_2019.12.16_12.27.05.csv block-000@420s reward=QoE= -192.52 pacing=0.00s eps=0.709 loss=1.9590
[ep  269] longdress    driving_B_2020.01.16_07.26.43.csv block-000@240s reward=QoE=  -37.34 pacing=0.00s eps=0.707 loss=1.8577
[ep  270] loot         driving_B_2020.02.13_13.03.24.csv block-001@1514s reward=QoE=  -52.91 pacing=0.00s eps=0.706 loss=1.9379
[ep  271] redandblack  driving_B_2019.12.17_07.32.39.csv block-003@1954s reward=QoE=  -63.86 pacing=0.00s eps=0.705 loss=2.0837
[ep  272] soldier      driving_B_2020.02.14_12.58.17.csv block-002@656s reward=QoE=  -39.39 pacing=0.00s eps=0.704 loss=2.0316
[ep  273] longdress    driving_B_2020.01.16_07.26.43.csv block-000@0s reward=QoE=  -61.54 pacing=0.00s eps=0.703 loss=2.2126
[ep  274] loot         driving_B_2020.02.14_09.38.22.csv block-000@780s reward=QoE=   62.49 pacing=0.17s eps=0.702 loss=1.9046
[ep  275] redandblack  driving_B_2020.02.13_15.02.01.csv block-000@900s reward=QoE=  -74.85 pacing=0.00s eps=0.701 loss=1.9406
[ep  276] soldier      driving_B_2020.01.16_09.56.56.csv block-001@639s reward=QoE=   34.53 pacing=0.00s eps=0.700 loss=2.1848
[ep  277] longdress    driving_B_2020.01.16_12.10.03.csv block-000@60s reward=QoE=   32.57 pacing=0.00s eps=0.699 loss=1.9022
[ep  278] loot         driving_B_2020.02.13_15.02.01.csv block-000@2520s reward=QoE=  -54.23 pacing=0.00s eps=0.698 loss=1.9877
[ep  279] redandblack  driving_B_2019.12.17_07.32.39.csv block-004@2237s reward=QoE=  -17.88 pacing=0.00s eps=0.697 loss=2.2485
[ep  280] soldier      driving_B_2020.01.16_09.56.56.csv block-001@1119s reward=QoE=   60.80 pacing=0.00s eps=0.696 loss=2.1517
[ep  281] longdress    driving_B_2019.12.16_12.27.05.csv block-000@1200s reward=QoE=  -23.99 pacing=0.00s eps=0.694 loss=1.9844
[ep  282] loot         driving_B_2019.12.17_07.32.39.csv block-000@720s reward=QoE=   -2.60 pacing=0.00s eps=0.693 loss=2.0240
[ep  283] redandblack  driving_B_2020.02.14_09.38.22.csv block-000@480s reward=QoE=  -41.57 pacing=0.00s eps=0.692 loss=2.1128
[ep  284] soldier      driving_B_2020.02.13_15.02.01.csv block-000@1440s reward=QoE= -374.40 pacing=0.00s eps=0.691 loss=2.0585
[ep  285] longdress    driving_B_2020.02.27_17.30.15.csv block-002@293s reward=QoE= -322.90 pacing=0.00s eps=0.690 loss=2.0186
[ep  286] loot         static_B_2019.12.16_13.40.04.csv block-001@1075s reward=QoE=   46.64 pacing=0.00s eps=0.689 loss=1.9586
[ep  287] redandblack  driving_B_2020.01.16_12.10.03.csv block-000@180s reward=QoE=   66.93 pacing=0.00s eps=0.688 loss=2.1741
[ep  288] soldier      driving_B_2020.02.13_15.02.01.csv block-000@1320s reward=QoE=   12.25 pacing=0.00s eps=0.687 loss=2.2741
[ep  289] longdress    static_B_2020.02.27_18.39.27.csv block-001@1872s reward=QoE=   22.43 pacing=0.00s eps=0.686 loss=2.3285
[ep  290] loot         driving_B_2020.02.13_13.03.24.csv block-000@540s reward=QoE=  -19.76 pacing=0.00s eps=0.685 loss=2.0935
[ep  291] redandblack  driving_B_2020.02.13_13.03.24.csv block-001@1034s reward=QoE=  -95.78 pacing=0.00s eps=0.684 loss=2.2301
[ep  292] soldier      driving_B_2020.02.14_12.58.17.csv block-000@0s reward=QoE=  -42.68 pacing=0.00s eps=0.682 loss=2.1347
[ep  293] longdress    driving_B_2020.02.13_15.02.01.csv block-000@660s reward=QoE=    2.19 pacing=0.00s eps=0.681 loss=2.1457
[ep  294] loot         static_B_2020.02.14_13.21.26.csv block-000@900s reward=QoE=   56.34 pacing=0.00s eps=0.680 loss=1.9783
[ep  295] redandblack  static_B_2019.12.16_13.40.04.csv block-000@420s reward=QoE=   52.40 pacing=0.00s eps=0.679 loss=2.0810
[ep  296] soldier      driving_B_2020.01.16_09.56.56.csv block-001@1479s reward=QoE=   32.74 pacing=0.00s eps=0.678 loss=2.1427
[ep  297] longdress    driving_B_2019.12.17_07.32.39.csv block-004@2537s reward=QoE=   48.78 pacing=1.55s eps=0.677 loss=2.1698
[ep  298] loot         driving_B_2020.02.14_09.38.22.csv block-000@720s reward=QoE=   60.72 pacing=2.11s eps=0.676 loss=2.5194
[ep  299] redandblack  driving_B_2019.12.16_12.27.05.csv block-000@1200s reward=QoE=   10.43 pacing=0.00s eps=0.675 loss=1.8596
[ep  300] soldier      driving_B_2020.01.16_12.10.03.csv block-000@180s reward=QoE=   60.07 pacing=0.00s eps=0.674 loss=1.9039
[ep  301] longdress    driving_B_2019.12.17_07.32.39.csv block-004@2477s reward=QoE=   39.48 pacing=0.00s eps=0.673 loss=1.9636
[ep  302] loot         driving_B_2020.01.16_09.56.56.csv block-001@579s reward=QoE=   39.40 pacing=0.00s eps=0.672 loss=2.1488
[ep  303] redandblack  static_B_2020.02.27_18.39.27.csv block-001@5532s reward=QoE=   54.30 pacing=1.41s eps=0.671 loss=2.0847
[ep  304] soldier      static_B_2020.02.27_18.39.27.csv block-001@4572s reward=QoE=   20.03 pacing=0.00s eps=0.669 loss=2.0753
[ep  305] longdress    static_B_2020.02.14_13.21.26.csv block-000@120s reward=QoE=   54.25 pacing=0.61s eps=0.668 loss=2.1299
[ep  306] loot         driving_B_2020.02.13_15.02.01.csv block-000@2820s reward=QoE=   61.51 pacing=0.00s eps=0.667 loss=2.0631
[ep  307] redandblack  driving_B_2020.02.27_17.30.15.csv block-002@353s reward=QoE= -118.37 pacing=0.00s eps=0.666 loss=2.2654
[ep  308] soldier      driving_B_2020.02.27_17.30.15.csv block-002@533s reward=QoE= -225.32 pacing=0.00s eps=0.665 loss=1.9175
[ep  309] longdress    driving_B_2020.01.16_07.26.43.csv block-000@120s reward=QoE=  -52.23 pacing=0.00s eps=0.664 loss=1.9286
[ep  310] loot         driving_B_2020.01.16_09.56.56.csv block-000@120s reward=QoE=  -70.56 pacing=0.00s eps=0.663 loss=2.1070
[ep  311] redandblack  static_B_2019.12.16_13.40.04.csv block-001@655s reward=QoE=   46.09 pacing=0.00s eps=0.662 loss=2.0195
[ep  312] soldier      driving_B_2020.02.13_15.02.01.csv block-000@420s reward=QoE=   54.19 pacing=1.27s eps=0.661 loss=1.9933
[ep  313] longdress    driving_B_2020.02.14_09.38.22.csv block-000@960s reward=QoE=   57.88 pacing=0.00s eps=0.660 loss=1.8181
[ep  314] loot         driving_B_2019.12.16_12.27.05.csv block-000@180s reward=QoE=  -21.38 pacing=0.00s eps=0.659 loss=1.9014
[ep  315] redandblack  driving_B_2019.12.16_12.27.05.csv block-000@0s reward=QoE=    7.68 pacing=0.00s eps=0.657 loss=1.9010
[ep  316] soldier      driving_B_2020.02.13_13.03.24.csv block-000@120s reward=QoE=  -81.01 pacing=0.00s eps=0.656 loss=1.7852
[ep  317] longdress    driving_B_2020.02.27_17.30.15.csv block-002@533s reward=QoE= -209.73 pacing=0.00s eps=0.655 loss=1.8844
[ep  318] loot         driving_B_2019.12.16_12.27.05.csv block-000@240s reward=QoE=    2.35 pacing=0.00s eps=0.654 loss=2.1375
[ep  319] redandblack  driving_B_2020.02.27_17.30.15.csv block-002@533s reward=QoE= -163.67 pacing=0.00s eps=0.653 loss=2.3475
[ep  320] soldier      driving_B_2020.02.13_15.02.01.csv block-000@1080s reward=QoE=  -51.89 pacing=0.00s eps=0.652 loss=2.2562
[ep  321] longdress    driving_B_2019.12.16_12.27.05.csv block-000@1260s reward=QoE=   61.54 pacing=0.21s eps=0.651 loss=2.0842
[ep  322] loot         driving_B_2020.01.16_12.10.03.csv block-000@0s reward=QoE=   57.77 pacing=2.13s eps=0.650 loss=2.0458
[ep  323] redandblack  driving_B_2020.01.16_09.56.56.csv block-000@0s reward=QoE=   30.50 pacing=0.00s eps=0.649 loss=2.0362
[ep  324] soldier      static_B_2019.12.16_13.40.04.csv block-001@595s reward=QoE=   46.40 pacing=0.00s eps=0.648 loss=2.2087
[ep  325] longdress    driving_B_2020.01.16_12.10.03.csv block-000@240s reward=QoE=   49.85 pacing=0.76s eps=0.647 loss=2.3101
[ep  326] loot         driving_B_2019.12.16_12.27.05.csv block-000@1080s reward=QoE=   66.60 pacing=0.00s eps=0.646 loss=2.1023
[ep  327] redandblack  driving_B_2019.12.16_12.27.05.csv block-000@540s reward=QoE= -170.96 pacing=0.00s eps=0.644 loss=2.2464
[ep  328] soldier      driving_B_2020.02.13_15.02.01.csv block-000@60s reward=QoE=   56.82 pacing=0.00s eps=0.643 loss=2.0081
[ep  329] longdress    driving_B_2019.12.17_07.32.39.csv block-003@1714s reward=QoE=  -39.81 pacing=0.00s eps=0.642 loss=2.2231
[ep  330] loot         driving_B_2020.02.13_13.03.24.csv block-000@180s reward=QoE=  -86.21 pacing=0.00s eps=0.641 loss=2.0365
[ep  331] redandblack  static_B_2020.02.27_18.39.27.csv block-001@1272s reward=QoE=   19.97 pacing=0.00s eps=0.640 loss=2.3198
[ep  332] soldier      driving_B_2019.12.17_07.32.39.csv block-000@1440s reward=QoE=   54.14 pacing=1.25s eps=0.639 loss=2.1544
[ep  333] longdress    static_B_2019.12.16_13.40.04.csv block-005@1406s reward=QoE=   11.10 pacing=0.00s eps=0.638 loss=2.0419
[ep  334] loot         driving_B_2020.01.16_12.10.03.csv block-000@360s reward=QoE=   48.20 pacing=0.00s eps=0.637 loss=2.0713
[ep  335] redandblack  driving_B_2019.12.17_07.32.39.csv block-003@2134s reward=QoE=   27.06 pacing=0.00s eps=0.636 loss=2.0497
[ep  336] soldier      driving_B_2020.02.14_09.38.22.csv block-000@1500s reward=QoE= -102.46 pacing=0.00s eps=0.635 loss=2.1775
[ep  337] longdress    static_B_2019.12.16_13.40.04.csv block-000@180s reward=QoE=   28.91 pacing=0.00s eps=0.634 loss=2.2159
[ep  338] loot         driving_B_2020.02.13_13.03.24.csv block-001@1874s reward=QoE= -231.57 pacing=0.00s eps=0.632 loss=2.4261
[ep  339] redandblack  driving_B_2020.01.16_09.56.56.csv block-000@60s reward=QoE=   -7.37 pacing=0.00s eps=0.631 loss=2.3679
[ep  340] soldier      static_B_2019.12.16_13.40.04.csv block-005@1526s reward=QoE=   18.43 pacing=0.00s eps=0.630 loss=2.0743
[ep  341] longdress    driving_B_2020.01.16_09.56.56.csv block-001@819s reward=QoE=   37.51 pacing=0.00s eps=0.629 loss=2.1883
[ep  342] loot         driving_B_2020.02.13_13.03.24.csv block-000@60s reward=QoE=  -31.36 pacing=0.00s eps=0.628 loss=2.1561
[ep  343] redandblack  driving_B_2020.02.13_15.02.01.csv block-000@1020s reward=QoE=   59.91 pacing=2.12s eps=0.627 loss=2.0871
[ep  344] soldier      driving_B_2020.02.14_12.58.17.csv block-002@536s reward=QoE= -190.71 pacing=0.00s eps=0.626 loss=2.1338
[ep  345] longdress    driving_B_2020.02.27_17.30.15.csv block-002@473s reward=QoE= -350.45 pacing=0.00s eps=0.625 loss=2.2517
[ep  346] loot         driving_B_2020.02.14_12.58.17.csv block-002@596s reward=QoE=  -40.30 pacing=0.00s eps=0.624 loss=2.0147
[ep  347] redandblack  driving_B_2020.02.13_15.02.01.csv block-000@2040s reward=QoE=   60.63 pacing=0.00s eps=0.623 loss=1.9198
[ep  348] soldier      driving_B_2020.01.16_09.56.56.csv block-001@1659s reward=QoE=   49.67 pacing=1.17s eps=0.622 loss=2.2029
[ep  349] longdress    driving_B_2020.01.16_09.56.56.csv block-001@1419s reward=QoE=   46.42 pacing=0.00s eps=0.620 loss=2.0264
[ep  350] loot         driving_B_2020.01.16_07.26.43.csv block-000@1620s reward=QoE=  -64.82 pacing=0.00s eps=0.619 loss=2.0829
[ep  351] redandblack  driving_B_2020.02.14_12.58.17.csv block-000@0s reward=QoE=  -18.75 pacing=0.00s eps=0.618 loss=2.1727
[ep  352] soldier      driving_B_2020.01.16_12.10.03.csv block-000@240s reward=QoE=   49.31 pacing=0.85s eps=0.617 loss=2.0934
[ep  353] longdress    driving_B_2020.02.13_13.03.24.csv block-001@1754s reward=QoE=   -4.16 pacing=0.00s eps=0.616 loss=2.0319
[ep  354] loot         static_B_2020.02.27_18.39.27.csv block-001@4752s reward=QoE=   56.03 pacing=1.12s eps=0.615 loss=2.1991
[ep  355] redandblack  driving_B_2019.12.16_12.27.05.csv block-000@960s reward=QoE=   64.15 pacing=0.84s eps=0.614 loss=2.1129
[ep  356] soldier      static_B_2019.12.16_13.40.04.csv block-005@1946s reward=QoE=   51.13 pacing=0.00s eps=0.613 loss=1.9450
[ep  357] longdress    driving_B_2020.02.14_09.38.22.csv block-000@660s reward=QoE=    2.52 pacing=0.00s eps=0.612 loss=2.1568
[ep  358] loot         driving_B_2020.02.14_12.58.17.csv block-002@536s reward=QoE= -195.65 pacing=0.00s eps=0.611 loss=2.4056
[ep  359] redandblack  static_B_2020.02.27_18.39.27.csv block-001@1032s reward=QoE=   41.17 pacing=0.00s eps=0.610 loss=2.2471
[ep  360] soldier      driving_B_2020.02.13_13.03.24.csv block-001@1154s reward=QoE= -142.79 pacing=0.00s eps=0.609 loss=2.2846
[ep  361] longdress    static_B_2019.12.16_13.40.04.csv block-005@1766s reward=QoE=   62.08 pacing=0.00s eps=0.607 loss=2.4233
[ep  362] loot         driving_B_2020.01.16_07.26.43.csv block-000@1500s reward=QoE=  -72.19 pacing=0.00s eps=0.606 loss=2.3547
[ep  363] redandblack  driving_B_2020.01.16_09.56.56.csv block-001@759s reward=QoE=   29.43 pacing=0.00s eps=0.605 loss=2.2826
[ep  364] soldier      static_B_2020.02.14_13.21.26.csv block-000@780s reward=QoE=   43.15 pacing=1.57s eps=0.604 loss=2.2355
[ep  365] longdress    driving_B_2019.12.16_12.27.05.csv block-000@360s reward=QoE=  -31.73 pacing=0.00s eps=0.603 loss=2.2829
[ep  366] loot         driving_B_2020.02.27_17.30.15.csv block-002@473s reward=QoE= -354.03 pacing=0.00s eps=0.602 loss=2.2808
[ep  367] redandblack  static_B_2020.02.14_13.21.26.csv block-000@720s reward=QoE=   43.65 pacing=0.00s eps=0.601 loss=2.3227
[ep  368] soldier      driving_B_2020.02.13_13.03.24.csv block-001@1934s reward=QoE=  -16.96 pacing=0.00s eps=0.600 loss=2.2394
[ep  369] longdress    static_B_2020.02.14_13.21.26.csv block-000@1020s reward=QoE=   69.62 pacing=0.00s eps=0.599 loss=2.2197
[ep  370] loot         driving_B_2020.02.27_17.30.15.csv block-002@413s reward=QoE=  -55.82 pacing=0.00s eps=0.598 loss=2.3984
[ep  371] redandblack  static_B_2020.02.27_18.39.27.csv block-001@3072s reward=QoE=   65.66 pacing=0.52s eps=0.597 loss=2.3782
[ep  372] soldier      static_B_2020.02.14_13.21.26.csv block-000@900s reward=QoE=   28.40 pacing=0.00s eps=0.595 loss=2.0490
[ep  373] longdress    static_B_2020.02.14_13.21.26.csv block-000@420s reward=QoE=   49.92 pacing=0.00s eps=0.594 loss=2.3471
[ep  374] loot         driving_B_2020.02.27_17.30.15.csv block-002@293s reward=QoE= -231.41 pacing=0.00s eps=0.593 loss=2.0880
[ep  375] redandblack  driving_B_2020.02.14_09.38.22.csv block-000@60s reward=QoE=  -40.83 pacing=0.00s eps=0.592 loss=2.3331
[ep  376] soldier      static_B_2019.12.16_13.40.04.csv block-001@775s reward=QoE=   54.61 pacing=0.78s eps=0.591 loss=2.4433
[ep  377] longdress    driving_B_2020.01.16_07.26.43.csv block-000@1380s reward=QoE=  -46.96 pacing=0.00s eps=0.590 loss=2.2350
[ep  378] loot         driving_B_2020.02.13_15.02.01.csv block-000@2880s reward=QoE=   52.75 pacing=0.00s eps=0.589 loss=2.0123
[ep  379] redandblack  driving_B_2019.12.16_12.27.05.csv block-000@360s reward=QoE=   -9.87 pacing=0.00s eps=0.588 loss=2.4732
[ep  380] soldier      driving_B_2020.01.16_12.10.03.csv block-000@120s reward=QoE=   61.09 pacing=0.13s eps=0.587 loss=2.1485
[ep  381] longdress    driving_B_2020.02.13_13.03.24.csv block-001@1694s reward=QoE=  -71.70 pacing=0.00s eps=0.586 loss=2.4558
[ep  382] loot         driving_B_2020.01.16_12.10.03.csv block-000@300s reward=QoE=   20.67 pacing=0.00s eps=0.585 loss=2.2143
[ep  383] redandblack  driving_B_2020.02.13_15.02.01.csv block-000@2160s reward=QoE=   48.94 pacing=0.00s eps=0.584 loss=2.5287
[ep  384] soldier      driving_B_2020.02.14_09.38.22.csv block-000@1560s reward=QoE=  -33.43 pacing=0.00s eps=0.582 loss=2.2817
[ep  385] longdress    driving_B_2020.01.16_07.26.43.csv block-000@900s reward=QoE=   15.84 pacing=0.00s eps=0.581 loss=2.1781
[ep  386] loot         driving_B_2020.01.16_07.26.43.csv block-000@720s reward=QoE=  -32.08 pacing=0.00s eps=0.580 loss=2.2807
[ep  387] redandblack  driving_B_2019.12.17_07.32.39.csv block-000@60s reward=QoE=   19.13 pacing=0.00s eps=0.579 loss=2.3825
[ep  388] soldier      static_B_2020.02.27_18.39.27.csv block-001@4032s reward=QoE=   45.87 pacing=0.00s eps=0.578 loss=2.1484
[ep  389] longdress    driving_B_2019.12.17_07.32.39.csv block-000@1320s reward=QoE=  -58.88 pacing=0.00s eps=0.577 loss=2.5104
[ep  390] loot         driving_B_2020.02.27_17.30.15.csv block-002@413s reward=QoE= -107.48 pacing=0.00s eps=0.576 loss=2.2896
[ep  391] redandblack  driving_B_2020.02.14_09.38.22.csv block-000@1440s reward=QoE=   54.58 pacing=1.12s eps=0.575 loss=2.3230
[ep  392] soldier      static_B_2019.12.16_13.40.04.csv block-005@1346s reward=QoE= -114.59 pacing=0.00s eps=0.574 loss=2.3021
[ep  393] longdress    driving_B_2019.12.17_07.32.39.csv block-000@0s reward=QoE=  -36.28 pacing=0.00s eps=0.573 loss=2.2242
[ep  394] loot         static_B_2020.02.27_18.39.27.csv block-001@2832s reward=QoE=   50.20 pacing=0.50s eps=0.572 loss=1.9175
[ep  395] redandblack  static_B_2019.12.16_13.40.04.csv block-000@240s reward=QoE=   21.81 pacing=0.00s eps=0.570 loss=2.3551
[ep  396] soldier      driving_B_2020.02.14_09.38.22.csv block-000@180s reward=QoE= -120.72 pacing=0.00s eps=0.569 loss=2.3823
[ep  397] longdress    driving_B_2020.02.27_17.30.15.csv block-002@353s reward=QoE= -135.50 pacing=0.00s eps=0.568 loss=2.6272
[ep  398] loot         driving_B_2020.02.13_13.03.24.csv block-000@600s reward=QoE=   -1.24 pacing=0.00s eps=0.567 loss=2.4719
[ep  399] redandblack  driving_B_2019.12.17_07.32.39.csv block-003@1594s reward=QoE=  -30.03 pacing=0.00s eps=0.566 loss=2.3505
[ep  400] soldier      static_B_2020.02.27_18.39.27.csv block-001@4692s reward=QoE=   57.98 pacing=0.00s eps=0.565 loss=2.2663
    [eval @ ep 400] reward=QoE=30.19 mean_q=0.421 stall=1.0s  <-- best (saved)
[ep  401] longdress    driving_B_2020.02.13_13.03.24.csv block-001@1394s reward=QoE=  -55.07 pacing=0.00s eps=0.564 loss=2.5153
[ep  402] loot         static_B_2019.12.16_13.40.04.csv block-000@360s reward=QoE=   16.16 pacing=0.00s eps=0.563 loss=2.4571
[ep  403] redandblack  driving_B_2020.02.14_12.58.17.csv block-002@716s reward=QoE=   13.78 pacing=0.00s eps=0.562 loss=2.2972
[ep  404] soldier      driving_B_2020.01.16_07.26.43.csv block-000@660s reward=QoE=  -35.00 pacing=0.00s eps=0.561 loss=2.6146
[ep  405] longdress    driving_B_2020.02.27_17.30.15.csv block-002@353s reward=QoE= -177.14 pacing=0.00s eps=0.560 loss=2.3694
[ep  406] loot         static_B_2020.02.14_13.21.26.csv block-000@300s reward=QoE=   43.55 pacing=0.00s eps=0.559 loss=2.5547
[ep  407] redandblack  static_B_2020.02.14_13.21.26.csv block-000@0s reward=QoE=   18.28 pacing=0.00s eps=0.557 loss=2.5596
[ep  408] soldier      driving_B_2020.02.14_12.58.17.csv block-002@656s reward=QoE=    4.62 pacing=0.00s eps=0.556 loss=2.3374
[ep  409] longdress    driving_B_2020.01.16_12.10.03.csv block-000@120s reward=QoE=   73.75 pacing=0.00s eps=0.555 loss=2.4481
[ep  410] loot         driving_B_2020.02.13_15.02.01.csv block-000@0s reward=QoE=   71.06 pacing=0.00s eps=0.554 loss=2.8702
[ep  411] redandblack  driving_B_2019.12.17_07.32.39.csv block-000@540s reward=QoE=  -94.12 pacing=0.00s eps=0.553 loss=2.4745
[ep  412] soldier      driving_B_2020.01.16_07.26.43.csv block-000@60s reward=QoE=  -35.16 pacing=0.00s eps=0.552 loss=2.5932
[ep  413] longdress    driving_B_2019.12.16_12.27.05.csv block-000@660s reward=QoE= -247.55 pacing=0.00s eps=0.551 loss=2.1750
[ep  414] loot         driving_B_2020.02.14_12.58.17.csv block-002@596s reward=QoE=  -10.17 pacing=0.00s eps=0.550 loss=2.3815
[ep  415] redandblack  driving_B_2020.02.14_09.38.22.csv block-000@540s reward=QoE=  -46.62 pacing=0.00s eps=0.549 loss=2.3329
[ep  416] soldier      driving_B_2020.02.27_17.30.15.csv block-002@353s reward=QoE= -165.69 pacing=0.00s eps=0.548 loss=2.3904
[ep  417] loot         driving_B_2020.02.13_13.03.24.csv block-000@480s reward=QoE=   -0.78 pacing=0.00s eps=0.547 loss=2.3819
[ep  418] redandblack  driving_B_2020.01.16_07.26.43.csv block-000@1020s reward=QoE=  -57.35 pacing=0.00s eps=0.545 loss=2.3740
[ep  419] soldier      static_B_2020.02.27_18.39.27.csv block-001@3312s reward=QoE=   25.59 pacing=0.00s eps=0.544 loss=2.3344
[ep  420] longdress    driving_B_2020.01.16_12.10.03.csv block-000@300s reward=QoE=    7.03 pacing=0.00s eps=0.543 loss=2.3444
[ep  421] loot         driving_B_2020.02.13_15.02.01.csv block-000@600s reward=QoE=   18.68 pacing=0.00s eps=0.542 loss=2.4301
[ep  422] redandblack  driving_B_2020.02.13_15.02.01.csv block-000@180s reward=QoE=   38.51 pacing=0.00s eps=0.541 loss=2.3558
[ep  423] soldier      driving_B_2020.01.16_12.10.03.csv block-000@120s reward=QoE=   58.78 pacing=0.53s eps=0.540 loss=2.3820
[ep  424] longdress    driving_B_2020.01.16_09.56.56.csv block-001@699s reward=QoE=   59.53 pacing=1.02s eps=0.539 loss=2.2661
[ep  425] loot         static_B_2019.12.16_13.40.04.csv block-000@300s reward=QoE=    2.64 pacing=0.00s eps=0.538 loss=2.4642
[ep  426] redandblack  driving_B_2020.02.14_12.58.17.csv block-002@716s reward=QoE=    6.51 pacing=0.00s eps=0.537 loss=2.4325
[ep  427] soldier      driving_B_2019.12.16_12.27.05.csv block-000@720s reward=QoE=  -51.86 pacing=0.00s eps=0.536 loss=2.5563
[ep  428] longdress    driving_B_2020.02.14_09.38.22.csv block-000@960s reward=QoE=   43.80 pacing=0.00s eps=0.535 loss=2.4307
[ep  429] loot         driving_B_2020.01.16_09.56.56.csv block-000@300s reward=QoE=   63.29 pacing=0.75s eps=0.533 loss=2.3791
[ep  430] redandblack  driving_B_2020.02.27_17.30.15.csv block-002@293s reward=QoE= -255.79 pacing=0.00s eps=0.532 loss=2.3288
[ep  431] soldier      driving_B_2020.02.14_09.38.22.csv block-000@360s reward=QoE= -164.06 pacing=0.00s eps=0.531 loss=2.5908
[ep  432] longdress    driving_B_2020.02.13_13.03.24.csv block-001@1094s reward=QoE=  -95.60 pacing=0.00s eps=0.530 loss=2.3580
[ep  433] loot         driving_B_2020.01.16_12.10.03.csv block-000@300s reward=QoE=   28.49 pacing=0.00s eps=0.529 loss=2.5045
[ep  434] redandblack  driving_B_2020.02.13_13.03.24.csv block-001@1034s reward=QoE=  -55.38 pacing=0.00s eps=0.528 loss=2.3860
[ep  435] soldier      static_B_2019.12.16_13.40.04.csv block-000@360s reward=QoE=   -5.60 pacing=0.00s eps=0.527 loss=2.4625
[ep  436] longdress    driving_B_2020.01.16_09.56.56.csv block-001@879s reward=QoE=   48.09 pacing=0.00s eps=0.526 loss=2.4104
[ep  437] loot         static_B_2019.12.16_13.40.04.csv block-001@955s reward=QoE=   64.61 pacing=0.00s eps=0.525 loss=2.3128
[ep  438] redandblack  driving_B_2020.02.14_09.38.22.csv block-000@420s reward=QoE= -105.56 pacing=0.00s eps=0.524 loss=2.7336
[ep  439] soldier      driving_B_2020.02.27_17.30.15.csv block-002@473s reward=QoE= -451.83 pacing=0.00s eps=0.523 loss=2.3279
[ep  440] longdress    driving_B_2019.12.17_07.32.39.csv block-000@660s reward=QoE=  -11.24 pacing=0.00s eps=0.522 loss=2.3345
[ep  441] loot         driving_B_2019.12.17_07.32.39.csv block-000@540s reward=QoE=  -68.37 pacing=0.00s eps=0.520 loss=2.6319
[ep  442] redandblack  driving_B_2020.02.14_09.38.22.csv block-000@60s reward=QoE=  -19.29 pacing=0.00s eps=0.519 loss=2.2912
[ep  443] soldier      driving_B_2020.02.27_17.30.15.csv block-002@533s reward=QoE= -220.08 pacing=0.00s eps=0.518 loss=2.4818
[ep  444] longdress    driving_B_2020.01.16_09.56.56.csv block-001@1539s reward=QoE=   46.69 pacing=0.00s eps=0.517 loss=2.6559
[ep  445] loot         driving_B_2020.02.14_12.58.17.csv block-000@0s reward=QoE=   -2.54 pacing=0.00s eps=0.516 loss=2.5207
[ep  446] redandblack  driving_B_2020.02.14_12.58.17.csv block-000@0s reward=QoE=  -14.24 pacing=0.00s eps=0.515 loss=2.5949
[ep  447] soldier      driving_B_2019.12.17_07.32.39.csv block-000@780s reward=QoE=    2.74 pacing=0.00s eps=0.514 loss=2.4387
[ep  448] longdress    driving_B_2020.02.13_15.02.01.csv block-000@120s reward=QoE=   70.50 pacing=0.86s eps=0.513 loss=2.4436
[ep  449] loot         driving_B_2019.12.16_12.27.05.csv block-000@240s reward=QoE=   17.48 pacing=0.00s eps=0.512 loss=2.6977
[ep  450] redandblack  driving_B_2020.01.16_07.26.43.csv block-000@1260s reward=QoE=   15.42 pacing=0.00s eps=0.511 loss=2.5796
[ep  451] soldier      driving_B_2020.01.16_12.10.03.csv block-000@60s reward=QoE=   46.72 pacing=0.00s eps=0.510 loss=2.5230
[ep  452] longdress    driving_B_2020.01.16_12.10.03.csv block-000@240s reward=QoE=   61.25 pacing=0.25s eps=0.508 loss=2.2394
[ep  453] loot         driving_B_2019.12.17_07.32.39.csv block-003@2134s reward=QoE=   25.16 pacing=0.00s eps=0.507 loss=2.5715
[ep  454] redandblack  driving_B_2020.02.27_17.30.15.csv block-002@533s reward=QoE=  -78.67 pacing=0.00s eps=0.506 loss=2.4796
[ep  455] soldier      driving_B_2020.02.27_17.30.15.csv block-002@413s reward=QoE=  -89.00 pacing=0.00s eps=0.505 loss=2.5334
[ep  456] longdress    driving_B_2020.02.27_17.30.15.csv block-002@353s reward=QoE=  -87.95 pacing=0.00s eps=0.504 loss=2.4790
[ep  457] loot         static_B_2019.12.16_13.40.04.csv block-001@1135s reward=QoE=   38.07 pacing=0.00s eps=0.503 loss=2.7717
[ep  458] redandblack  static_B_2019.12.16_13.40.04.csv block-000@420s reward=QoE=   49.77 pacing=0.00s eps=0.502 loss=2.1252
[ep  459] soldier      driving_B_2020.01.16_07.26.43.csv block-000@900s reward=QoE=    8.19 pacing=0.00s eps=0.501 loss=2.4487
[ep  460] longdress    static_B_2019.12.16_13.40.04.csv block-000@180s reward=QoE=   49.73 pacing=0.00s eps=0.500 loss=2.3096
[ep  461] loot         static_B_2019.12.16_13.40.04.csv block-005@1406s reward=QoE=   47.31 pacing=0.00s eps=0.499 loss=2.4166
[ep  462] redandblack  driving_B_2020.02.13_15.02.01.csv block-000@1740s reward=QoE= -294.55 pacing=0.00s eps=0.498 loss=2.7670
[ep  463] soldier      driving_B_2020.02.13_13.03.24.csv block-000@300s reward=QoE=  -39.95 pacing=0.00s eps=0.497 loss=2.5605
[ep  464] longdress    driving_B_2020.02.13_13.03.24.csv block-001@1454s reward=QoE= -164.28 pacing=0.00s eps=0.495 loss=2.4215
[ep  465] loot         driving_B_2020.01.16_09.56.56.csv block-000@120s reward=QoE=  -68.56 pacing=0.00s eps=0.494 loss=2.4865
[ep  466] redandblack  driving_B_2020.02.14_12.58.17.csv block-002@536s reward=QoE= -229.95 pacing=0.00s eps=0.493 loss=2.8010
[ep  467] soldier      driving_B_2020.02.14_09.38.22.csv block-000@1380s reward=QoE=   21.58 pacing=0.00s eps=0.492 loss=2.7391
[ep  468] longdress    static_B_2020.02.14_13.21.26.csv block-000@240s reward=QoE=   52.56 pacing=0.53s eps=0.491 loss=2.4244
[ep  469] loot         driving_B_2020.01.16_09.56.56.csv block-001@1299s reward=QoE=   50.73 pacing=0.00s eps=0.490 loss=2.3964
[ep  470] redandblack  driving_B_2020.02.13_13.03.24.csv block-000@180s reward=QoE=    1.84 pacing=0.00s eps=0.489 loss=2.2007
[ep  471] soldier      static_B_2019.12.16_13.40.04.csv block-006@2172s reward=QoE=   50.42 pacing=1.35s eps=0.488 loss=2.3920
[ep  472] longdress    driving_B_2019.12.17_07.32.39.csv block-000@360s reward=QoE=   21.47 pacing=0.00s eps=0.487 loss=2.3051
[ep  473] loot         driving_B_2020.01.16_07.26.43.csv block-000@60s reward=QoE=   17.75 pacing=0.00s eps=0.486 loss=2.5014
[ep  474] redandblack  driving_B_2020.02.14_12.58.17.csv block-002@596s reward=QoE=    8.66 pacing=0.00s eps=0.485 loss=2.4504
[ep  475] soldier      driving_B_2019.12.17_07.32.39.csv block-004@2477s reward=QoE=   49.07 pacing=0.00s eps=0.483 loss=2.6529
[ep  476] longdress    driving_B_2020.02.14_12.58.17.csv block-002@716s reward=QoE=   -7.19 pacing=0.00s eps=0.482 loss=2.5411
[ep  477] loot         driving_B_2020.02.14_09.38.22.csv block-000@0s reward=QoE=  -15.64 pacing=0.00s eps=0.481 loss=2.4388
[ep  478] redandblack  driving_B_2020.02.27_17.30.15.csv block-002@473s reward=QoE= -360.62 pacing=0.00s eps=0.480 loss=2.7502
[ep  479] soldier      driving_B_2020.01.16_09.56.56.csv block-001@639s reward=QoE=   43.24 pacing=0.00s eps=0.479 loss=2.5329
[ep  480] longdress    driving_B_2020.01.16_12.10.03.csv block-000@300s reward=QoE=   17.69 pacing=0.00s eps=0.478 loss=2.4569
[ep  481] loot         static_B_2020.02.14_13.21.26.csv block-000@780s reward=QoE=   62.95 pacing=0.71s eps=0.477 loss=2.4787
[ep  482] redandblack  driving_B_2020.02.13_13.03.24.csv block-001@974s reward=QoE=   -0.37 pacing=0.00s eps=0.476 loss=2.7328
[ep  483] soldier      driving_B_2020.02.13_13.03.24.csv block-001@1214s reward=QoE=  -92.26 pacing=0.00s eps=0.475 loss=2.6110
[ep  484] longdress    static_B_2020.02.27_18.39.27.csv block-001@792s reward=QoE=   65.38 pacing=0.00s eps=0.474 loss=2.5890
[ep  485] loot         driving_B_2020.02.14_12.58.17.csv block-002@596s reward=QoE=  -23.14 pacing=0.00s eps=0.473 loss=2.7148
[ep  486] redandblack  driving_B_2020.02.14_09.38.22.csv block-000@660s reward=QoE=   20.02 pacing=0.00s eps=0.472 loss=2.5551
[ep  487] soldier      static_B_2019.12.16_13.40.04.csv block-001@895s reward=QoE=   51.40 pacing=0.00s eps=0.470 loss=2.6043
[ep  488] longdress    driving_B_2020.01.16_09.56.56.csv block-001@1479s reward=QoE=   26.66 pacing=0.00s eps=0.469 loss=2.3369
[ep  489] loot         static_B_2020.02.14_13.21.26.csv block-000@180s reward=QoE=   52.63 pacing=0.76s eps=0.468 loss=2.6247
[ep  490] redandblack  driving_B_2019.12.17_07.32.39.csv block-000@480s reward=QoE=   57.62 pacing=0.44s eps=0.467 loss=2.4025
[ep  491] soldier      static_B_2020.02.27_18.39.27.csv block-001@1512s reward=QoE=   62.08 pacing=0.59s eps=0.466 loss=2.6232
[ep  492] longdress    driving_B_2020.02.13_13.03.24.csv block-000@600s reward=QoE=  -39.96 pacing=0.00s eps=0.465 loss=2.5413
[ep  493] loot         driving_B_2019.12.17_07.32.39.csv block-003@2074s reward=QoE=    1.95 pacing=0.00s eps=0.464 loss=2.5344
[ep  494] redandblack  driving_B_2019.12.16_12.27.05.csv block-000@420s reward=QoE=  -70.64 pacing=0.00s eps=0.463 loss=2.5596
[ep  495] soldier      driving_B_2020.02.13_15.02.01.csv block-000@2400s reward=QoE=   62.05 pacing=0.00s eps=0.462 loss=2.6332
[ep  496] longdress    driving_B_2019.12.16_12.27.05.csv block-000@840s reward=QoE=   33.98 pacing=0.00s eps=0.461 loss=2.8616
[ep  497] loot         driving_B_2019.12.17_07.32.39.csv block-003@1834s reward=QoE=  -22.03 pacing=0.00s eps=0.460 loss=2.4769
[ep  498] redandblack  driving_B_2019.12.16_12.27.05.csv block-000@420s reward=QoE= -205.29 pacing=0.00s eps=0.458 loss=2.6420
[ep  499] soldier      driving_B_2020.01.16_12.10.03.csv block-000@120s reward=QoE=   68.35 pacing=0.10s eps=0.457 loss=2.4781
[ep  500] longdress    static_B_2020.02.27_18.39.27.csv block-001@4992s reward=QoE=   50.57 pacing=0.00s eps=0.456 loss=2.5008
[ep  501] loot         driving_B_2019.12.16_12.27.05.csv block-000@960s reward=QoE=   53.02 pacing=1.09s eps=0.455 loss=2.4119
[ep  502] redandblack  static_B_2020.02.14_13.21.26.csv block-000@840s reward=QoE=   62.94 pacing=1.34s eps=0.454 loss=2.6750
[ep  503] soldier      driving_B_2020.02.13_13.03.24.csv block-000@660s reward=QoE=  -62.47 pacing=0.00s eps=0.453 loss=2.7005
[ep  504] longdress    driving_B_2020.02.13_13.03.24.csv block-001@1574s reward=QoE=  -78.64 pacing=0.00s eps=0.452 loss=2.6269
[ep  505] loot         static_B_2020.02.27_18.39.27.csv block-001@6372s reward=QoE=   62.42 pacing=1.10s eps=0.451 loss=2.5938
[ep  506] redandblack  driving_B_2020.02.13_15.02.01.csv block-000@2580s reward=QoE= -170.22 pacing=0.00s eps=0.450 loss=2.3112
[ep  507] soldier      driving_B_2020.02.14_12.58.17.csv block-002@536s reward=QoE= -201.09 pacing=0.00s eps=0.449 loss=2.6557
[ep  508] longdress    driving_B_2020.02.13_15.02.01.csv block-000@2220s reward=QoE=   36.22 pacing=0.00s eps=0.448 loss=2.5478
[ep  509] loot         static_B_2020.02.14_13.21.26.csv block-000@900s reward=QoE=   65.13 pacing=0.50s eps=0.447 loss=2.5086
[ep  510] redandblack  driving_B_2019.12.16_12.27.05.csv block-000@540s reward=QoE= -187.81 pacing=0.00s eps=0.445 loss=2.6758
[ep  511] soldier      driving_B_2019.12.16_12.27.05.csv block-000@180s reward=QoE=  -33.10 pacing=0.00s eps=0.444 loss=2.5331
[ep  512] longdress    driving_B_2020.02.27_17.30.15.csv block-002@293s reward=QoE= -315.35 pacing=0.00s eps=0.443 loss=2.5208
[ep  513] loot         static_B_2019.12.16_13.40.04.csv block-005@1346s reward=QoE=   -9.33 pacing=0.00s eps=0.442 loss=2.5776
[ep  514] redandblack  static_B_2019.12.16_13.40.04.csv block-001@1075s reward=QoE=   41.41 pacing=0.00s eps=0.441 loss=2.6899
[ep  515] soldier      driving_B_2020.02.14_09.38.22.csv block-000@0s reward=QoE=  -83.22 pacing=0.00s eps=0.440 loss=2.3025
[ep  516] longdress    driving_B_2020.01.16_07.26.43.csv block-000@300s reward=QoE=   36.37 pacing=0.00s eps=0.439 loss=2.7648
[ep  517] loot         driving_B_2019.12.16_12.27.05.csv block-000@900s reward=QoE=   65.02 pacing=1.99s eps=0.438 loss=2.6065
[ep  518] redandblack  driving_B_2020.02.27_17.30.15.csv block-002@473s reward=QoE= -350.96 pacing=0.00s eps=0.437 loss=2.7288
[ep  519] soldier      driving_B_2020.01.16_12.10.03.csv block-000@0s reward=QoE=   51.51 pacing=0.93s eps=0.436 loss=2.8561
[ep  520] longdress    driving_B_2019.12.17_07.32.39.csv block-000@1320s reward=QoE=   10.90 pacing=0.00s eps=0.435 loss=2.8726
[ep  521] loot         static_B_2020.02.14_13.21.26.csv block-000@960s reward=QoE=   44.09 pacing=0.00s eps=0.433 loss=2.4922
[ep  522] redandblack  driving_B_2020.02.14_12.58.17.csv block-002@596s reward=QoE=  -42.35 pacing=0.00s eps=0.432 loss=2.7940
[ep  523] soldier      driving_B_2020.02.14_09.38.22.csv block-000@240s reward=QoE= -118.26 pacing=0.00s eps=0.431 loss=2.7101
[ep  524] longdress    driving_B_2020.02.14_12.58.17.csv block-002@656s reward=QoE=   13.28 pacing=0.00s eps=0.430 loss=2.6616
[ep  525] loot         driving_B_2019.12.17_07.32.39.csv block-000@1200s reward=QoE=   67.43 pacing=0.42s eps=0.429 loss=2.8056
[ep  526] redandblack  driving_B_2020.01.16_07.26.43.csv block-000@1620s reward=QoE=  -13.61 pacing=0.00s eps=0.428 loss=2.8014
[ep  527] soldier      driving_B_2020.02.13_15.02.01.csv block-000@1200s reward=QoE=    4.46 pacing=0.00s eps=0.427 loss=2.6209
[ep  528] longdress    driving_B_2020.01.16_09.56.56.csv block-001@1599s reward=QoE=   53.69 pacing=0.00s eps=0.426 loss=2.8858
[ep  529] loot         driving_B_2020.02.13_15.02.01.csv block-000@720s reward=QoE=   26.10 pacing=0.00s eps=0.425 loss=2.7663
[ep  530] redandblack  driving_B_2019.12.16_12.27.05.csv block-000@720s reward=QoE=  -35.30 pacing=0.00s eps=0.424 loss=2.6899
[ep  531] soldier      driving_B_2020.01.16_07.26.43.csv block-000@1380s reward=QoE=  -39.79 pacing=0.00s eps=0.423 loss=2.5917
[ep  532] longdress    driving_B_2020.01.16_07.26.43.csv block-000@780s reward=QoE=   -8.52 pacing=0.00s eps=0.421 loss=2.4540
[ep  533] loot         driving_B_2020.01.16_09.56.56.csv block-000@120s reward=QoE=  -47.01 pacing=0.00s eps=0.420 loss=2.8922
[ep  534] redandblack  driving_B_2020.02.13_13.03.24.csv block-001@1274s reward=QoE=  -21.68 pacing=0.00s eps=0.419 loss=2.6229
[ep  535] soldier      driving_B_2019.12.16_12.27.05.csv block-000@960s reward=QoE=   63.44 pacing=0.00s eps=0.418 loss=2.6401
[ep  536] longdress    driving_B_2019.12.17_07.32.39.csv block-000@840s reward=QoE=  -74.66 pacing=0.00s eps=0.417 loss=2.5039
[ep  537] loot         driving_B_2020.02.14_09.38.22.csv block-000@720s reward=QoE=   57.86 pacing=1.23s eps=0.416 loss=2.6734
[ep  538] redandblack  driving_B_2020.02.14_09.38.22.csv block-000@840s reward=QoE=   -9.71 pacing=0.00s eps=0.415 loss=2.6329
[ep  539] soldier      driving_B_2020.02.14_12.58.17.csv block-002@536s reward=QoE= -237.06 pacing=0.00s eps=0.414 loss=2.6849
[ep  540] longdress    driving_B_2019.12.16_12.27.05.csv block-000@1080s reward=QoE=   68.26 pacing=0.00s eps=0.413 loss=2.5336
[ep  541] loot         static_B_2020.02.27_18.39.27.csv block-001@1812s reward=QoE=   42.32 pacing=0.00s eps=0.412 loss=2.7051
[ep  542] redandblack  driving_B_2020.01.16_07.26.43.csv block-000@600s reward=QoE=  -19.91 pacing=0.00s eps=0.411 loss=2.7798
[ep  543] soldier      static_B_2019.12.16_13.40.04.csv block-001@775s reward=QoE=   65.70 pacing=0.69s eps=0.410 loss=2.8479
[ep  544] longdress    driving_B_2020.02.14_09.38.22.csv block-000@960s reward=QoE=   52.11 pacing=0.00s eps=0.408 loss=2.4306
[ep  545] loot         driving_B_2019.12.17_07.32.39.csv block-000@0s reward=QoE=   37.03 pacing=0.00s eps=0.407 loss=2.7244
[ep  546] redandblack  static_B_2020.02.14_13.21.26.csv block-000@240s reward=QoE=   56.24 pacing=1.34s eps=0.406 loss=2.6941
[ep  547] soldier      driving_B_2020.02.27_17.30.15.csv block-002@413s reward=QoE= -152.28 pacing=0.00s eps=0.405 loss=2.5707
[ep  548] longdress    static_B_2019.12.16_13.40.04.csv block-001@835s reward=QoE=   74.59 pacing=0.09s eps=0.404 loss=2.5982
[ep  549] loot         driving_B_2020.02.13_13.03.24.csv block-001@1994s reward=QoE=   58.24 pacing=0.00s eps=0.403 loss=2.5698
[ep  550] redandblack  driving_B_2020.01.16_09.56.56.csv block-001@519s reward=QoE=   33.10 pacing=0.00s eps=0.402 loss=2.4574
[ep  551] soldier      driving_B_2019.12.17_07.32.39.csv block-000@1380s reward=QoE=   33.67 pacing=0.00s eps=0.401 loss=2.6990
[ep  552] longdress    driving_B_2020.02.14_12.58.17.csv block-002@656s reward=QoE=    3.08 pacing=0.00s eps=0.400 loss=2.8243
[ep  553] loot         driving_B_2020.02.13_13.03.24.csv block-001@1754s reward=QoE=    3.92 pacing=0.00s eps=0.399 loss=2.8553
[ep  554] redandblack  static_B_2020.02.27_18.39.27.csv block-001@3432s reward=QoE=   41.18 pacing=0.00s eps=0.398 loss=2.5572
[ep  555] soldier      driving_B_2020.01.16_07.26.43.csv block-000@1500s reward=QoE=   -6.29 pacing=0.00s eps=0.396 loss=2.6102
[ep  556] longdress    static_B_2020.02.27_18.39.27.csv block-001@5892s reward=QoE=   70.34 pacing=0.00s eps=0.395 loss=2.6747
[ep  557] loot         driving_B_2020.02.14_12.58.17.csv block-002@656s reward=QoE=   29.70 pacing=0.00s eps=0.394 loss=2.8032
[ep  558] redandblack  driving_B_2020.02.13_15.02.01.csv block-000@240s reward=QoE=   59.55 pacing=0.00s eps=0.393 loss=2.4264
[ep  559] soldier      driving_B_2020.02.13_13.03.24.csv block-000@0s reward=QoE=  -24.23 pacing=0.00s eps=0.392 loss=2.7598
[ep  560] longdress    driving_B_2020.02.14_09.38.22.csv block-000@1020s reward=QoE=   68.54 pacing=0.00s eps=0.391 loss=2.9948
[ep  561] loot         driving_B_2019.12.17_07.32.39.csv block-000@1140s reward=QoE=   42.20 pacing=0.00s eps=0.390 loss=2.8442
[ep  562] redandblack  driving_B_2020.02.13_13.03.24.csv block-000@120s reward=QoE=  -32.00 pacing=0.00s eps=0.389 loss=2.8851
[ep  563] soldier      driving_B_2020.01.16_07.26.43.csv block-000@840s reward=QoE=    9.33 pacing=0.00s eps=0.388 loss=2.8897
[ep  564] longdress    driving_B_2020.01.16_09.56.56.csv block-001@1659s reward=QoE=   67.17 pacing=0.47s eps=0.387 loss=2.6847
[ep  565] loot         driving_B_2019.12.16_12.27.05.csv block-000@660s reward=QoE= -178.06 pacing=0.00s eps=0.386 loss=2.6621
[ep  566] redandblack  driving_B_2020.01.16_07.26.43.csv block-000@120s reward=QoE=   -0.83 pacing=0.00s eps=0.385 loss=2.9143
[ep  567] soldier      driving_B_2020.01.16_07.26.43.csv block-000@660s reward=QoE=  -16.46 pacing=0.00s eps=0.383 loss=2.8792
[ep  568] longdress    static_B_2019.12.16_13.40.04.csv block-005@1706s reward=QoE=   48.34 pacing=0.00s eps=0.382 loss=2.9026
[ep  569] loot         driving_B_2020.02.13_13.03.24.csv block-000@60s reward=QoE=    3.28 pacing=0.00s eps=0.381 loss=2.7439
[ep  570] redandblack  static_B_2020.02.14_13.21.26.csv block-000@0s reward=QoE=   44.41 pacing=0.00s eps=0.380 loss=2.9303
[ep  571] soldier      driving_B_2020.02.27_17.30.15.csv block-002@533s reward=QoE=  -85.49 pacing=0.00s eps=0.379 loss=2.7408
[ep  572] longdress    driving_B_2019.12.16_12.27.05.csv block-000@600s reward=QoE=  -60.71 pacing=0.00s eps=0.378 loss=2.5856
[ep  573] loot         driving_B_2020.01.16_09.56.56.csv block-001@1239s reward=QoE=   36.09 pacing=0.00s eps=0.377 loss=2.7806
[ep  574] redandblack  static_B_2020.02.14_13.21.26.csv block-000@600s reward=QoE=   73.79 pacing=0.91s eps=0.376 loss=2.7802
[ep  575] soldier      driving_B_2020.01.16_12.10.03.csv block-000@240s reward=QoE=   54.69 pacing=1.12s eps=0.375 loss=2.6240
[ep  576] longdress    driving_B_2019.12.16_12.27.05.csv block-000@480s reward=QoE=  -29.79 pacing=0.00s eps=0.374 loss=2.8815
[ep  577] loot         driving_B_2020.02.13_15.02.01.csv block-000@1860s reward=QoE=  -56.55 pacing=0.00s eps=0.373 loss=2.6999
[ep  578] redandblack  driving_B_2020.01.16_07.26.43.csv block-000@1860s reward=QoE=  -21.31 pacing=0.00s eps=0.371 loss=2.5381
[ep  579] soldier      driving_B_2019.12.17_07.32.39.csv block-000@600s reward=QoE=  -36.13 pacing=0.00s eps=0.370 loss=2.9042
[ep  580] longdress    driving_B_2019.12.16_12.27.05.csv block-000@1200s reward=QoE=   12.38 pacing=0.00s eps=0.369 loss=2.6941
[ep  581] loot         driving_B_2020.01.16_09.56.56.csv block-001@819s reward=QoE=   68.66 pacing=0.00s eps=0.368 loss=2.3659
[ep  582] redandblack  driving_B_2020.02.13_13.03.24.csv block-001@1934s reward=QoE=  -15.23 pacing=0.00s eps=0.367 loss=2.8309
[ep  583] soldier      static_B_2020.02.14_13.21.26.csv block-000@780s reward=QoE=   61.68 pacing=0.16s eps=0.366 loss=2.5680
[ep  584] longdress    driving_B_2020.01.16_07.26.43.csv block-000@420s reward=QoE=  -34.61 pacing=0.00s eps=0.365 loss=2.7812
[ep  585] loot         driving_B_2019.12.16_12.27.05.csv block-000@1140s reward=QoE=   37.82 pacing=0.00s eps=0.364 loss=2.8332
[ep  586] redandblack  static_B_2020.02.27_18.39.27.csv block-001@6252s reward=QoE=   66.79 pacing=0.77s eps=0.363 loss=2.4901
[ep  587] soldier      driving_B_2020.01.16_07.26.43.csv block-000@540s reward=QoE=   -0.01 pacing=0.00s eps=0.362 loss=2.8130
[ep  588] longdress    driving_B_2020.02.13_13.03.24.csv block-001@1394s reward=QoE=  -35.53 pacing=0.00s eps=0.361 loss=2.6582
[ep  589] loot         static_B_2019.12.16_13.40.04.csv block-000@120s reward=QoE=   73.75 pacing=0.49s eps=0.360 loss=2.8400
[ep  590] redandblack  static_B_2020.02.14_13.21.26.csv block-000@960s reward=QoE=   33.17 pacing=0.00s eps=0.358 loss=2.7677
[ep  591] soldier      static_B_2020.02.27_18.39.27.csv block-001@6072s reward=QoE=   55.11 pacing=0.80s eps=0.357 loss=2.7430
[ep  592] longdress    driving_B_2020.02.14_09.38.22.csv block-000@1020s reward=QoE=   76.92 pacing=0.00s eps=0.356 loss=2.9244
[ep  593] loot         driving_B_2019.12.17_07.32.39.csv block-003@1714s reward=QoE=  -29.36 pacing=0.00s eps=0.355 loss=2.6800
[ep  594] redandblack  static_B_2020.02.14_13.21.26.csv block-000@480s reward=QoE=   56.77 pacing=1.04s eps=0.354 loss=3.0058
[ep  595] soldier      driving_B_2020.01.16_09.56.56.csv block-000@180s reward=QoE=   37.60 pacing=0.00s eps=0.353 loss=2.9912
[ep  596] longdress    driving_B_2020.01.16_12.10.03.csv block-000@60s reward=QoE=   42.06 pacing=0.00s eps=0.352 loss=2.7353
[ep  597] loot         driving_B_2020.01.16_07.26.43.csv block-000@240s reward=QoE=   30.48 pacing=0.00s eps=0.351 loss=2.6960
[ep  598] redandblack  driving_B_2020.02.14_12.58.17.csv block-002@536s reward=QoE= -188.19 pacing=0.00s eps=0.350 loss=2.6715
[ep  599] soldier      driving_B_2020.01.16_12.10.03.csv block-000@60s reward=QoE=   40.61 pacing=0.00s eps=0.349 loss=2.9732
[ep  600] longdress    driving_B_2020.01.16_09.56.56.csv block-001@1419s reward=QoE=   34.77 pacing=0.00s eps=0.348 loss=2.8699
[ep  601] loot         driving_B_2020.01.16_12.10.03.csv block-000@120s reward=QoE=   71.00 pacing=0.89s eps=0.346 loss=2.8951
[ep  602] redandblack  driving_B_2020.01.16_07.26.43.csv block-000@180s reward=QoE= -164.73 pacing=0.00s eps=0.345 loss=2.8039
[ep  603] soldier      static_B_2020.02.27_18.39.27.csv block-001@912s reward=QoE=   58.70 pacing=0.00s eps=0.344 loss=2.8424
[ep  604] longdress    driving_B_2020.02.14_09.38.22.csv block-000@180s reward=QoE=  -34.28 pacing=0.00s eps=0.343 loss=2.8163
[ep  605] loot         driving_B_2020.02.14_09.38.22.csv block-000@120s reward=QoE=  -15.88 pacing=0.00s eps=0.342 loss=2.8291
[ep  606] redandblack  static_B_2020.02.27_18.39.27.csv block-001@4572s reward=QoE=   39.19 pacing=0.00s eps=0.341 loss=2.9019
[ep  607] soldier      static_B_2019.12.16_13.40.04.csv block-000@60s reward=QoE=   -0.50 pacing=0.00s eps=0.340 loss=2.6297
[ep  608] longdress    driving_B_2020.02.27_17.30.15.csv block-002@413s reward=QoE=  -98.39 pacing=0.00s eps=0.339 loss=2.8989
[ep  609] loot         driving_B_2020.01.16_07.26.43.csv block-000@1680s reward=QoE=  -11.28 pacing=0.00s eps=0.338 loss=2.9466
[ep  610] redandblack  static_B_2020.02.27_18.39.27.csv block-001@5412s reward=QoE=   61.49 pacing=0.00s eps=0.337 loss=2.8528
[ep  611] soldier      static_B_2020.02.27_18.39.27.csv block-001@4632s reward=QoE=   71.43 pacing=0.00s eps=0.336 loss=2.6418
[ep  612] longdress    static_B_2020.02.14_13.21.26.csv block-000@600s reward=QoE=   81.69 pacing=0.00s eps=0.334 loss=2.9043
[ep  613] loot         static_B_2020.02.14_13.21.26.csv block-000@1080s reward=QoE=   66.91 pacing=0.49s eps=0.333 loss=2.8364
[ep  614] redandblack  driving_B_2020.01.16_12.10.03.csv block-000@360s reward=QoE=   64.28 pacing=0.00s eps=0.332 loss=2.7626
[ep  615] soldier      driving_B_2019.12.17_07.32.39.csv block-000@960s reward=QoE=  -39.20 pacing=0.00s eps=0.331 loss=2.8640
[ep  616] longdress    driving_B_2020.02.27_17.30.15.csv block-002@293s reward=QoE= -280.45 pacing=0.00s eps=0.330 loss=2.5593
[ep  617] loot         driving_B_2020.01.16_09.56.56.csv block-001@1359s reward=QoE=   27.07 pacing=0.00s eps=0.329 loss=2.8537
[ep  618] redandblack  static_B_2020.02.27_18.39.27.csv block-001@612s reward=QoE=   19.95 pacing=0.00s eps=0.328 loss=2.6700
[ep  619] soldier      driving_B_2020.01.16_07.26.43.csv block-000@1320s reward=QoE=    0.38 pacing=0.00s eps=0.327 loss=2.7930
[ep  620] longdress    static_B_2019.12.16_13.40.04.csv block-005@1886s reward=QoE=   24.66 pacing=0.00s eps=0.326 loss=3.0257
[ep  621] loot         static_B_2020.02.27_18.39.27.csv block-001@2592s reward=QoE=   67.65 pacing=0.00s eps=0.325 loss=2.9985
[ep  622] redandblack  driving_B_2020.01.16_07.26.43.csv block-000@1200s reward=QoE=   50.14 pacing=0.00s eps=0.324 loss=3.0943
[ep  623] soldier      static_B_2020.02.14_13.21.26.csv block-000@360s reward=QoE=   64.45 pacing=0.00s eps=0.323 loss=2.8220
[ep  624] longdress    driving_B_2019.12.16_12.27.05.csv block-000@360s reward=QoE=   13.81 pacing=0.00s eps=0.321 loss=2.9429
[ep  625] loot         static_B_2020.02.14_13.21.26.csv block-000@420s reward=QoE=   65.01 pacing=0.26s eps=0.320 loss=2.9632
[ep  626] redandblack  driving_B_2020.02.14_09.38.22.csv block-000@300s reward=QoE=  -96.34 pacing=0.00s eps=0.319 loss=2.8462
[ep  627] soldier      driving_B_2020.02.27_17.30.15.csv block-002@353s reward=QoE= -103.06 pacing=0.00s eps=0.318 loss=3.0104
[ep  628] longdress    static_B_2020.02.14_13.21.26.csv block-000@60s reward=QoE=   74.87 pacing=0.00s eps=0.317 loss=2.9669
[ep  629] loot         driving_B_2019.12.16_12.27.05.csv block-000@360s reward=QoE=   16.49 pacing=0.00s eps=0.316 loss=2.6695
[ep  630] redandblack  driving_B_2020.01.16_07.26.43.csv block-000@1140s reward=QoE=   42.65 pacing=0.00s eps=0.315 loss=2.4975
[ep  631] soldier      driving_B_2020.02.27_17.30.15.csv block-002@533s reward=QoE= -130.57 pacing=0.00s eps=0.314 loss=2.9033
[ep  632] longdress    driving_B_2020.02.27_17.30.15.csv block-002@413s reward=QoE=  -97.21 pacing=0.00s eps=0.313 loss=2.5997
[ep  633] loot         driving_B_2020.01.16_09.56.56.csv block-001@999s reward=QoE=   -8.45 pacing=0.00s eps=0.312 loss=2.7985
[ep  634] redandblack  driving_B_2020.02.13_15.02.01.csv block-000@2460s reward=QoE=   57.29 pacing=0.00s eps=0.311 loss=3.0770
[ep  635] soldier      static_B_2020.02.27_18.39.27.csv block-001@5832s reward=QoE=   65.57 pacing=0.85s eps=0.309 loss=2.9200
[ep  636] longdress    driving_B_2019.12.16_12.27.05.csv block-000@120s reward=QoE=  -41.74 pacing=0.00s eps=0.308 loss=2.8103
[ep  637] loot         driving_B_2019.12.16_12.27.05.csv block-000@1020s reward=QoE=   76.80 pacing=0.00s eps=0.307 loss=3.1745
[ep  638] redandblack  driving_B_2020.02.13_15.02.01.csv block-000@1500s reward=QoE= -146.39 pacing=0.00s eps=0.306 loss=2.9560
[ep  639] soldier      driving_B_2020.02.27_17.30.15.csv block-002@353s reward=QoE=  -60.79 pacing=0.00s eps=0.305 loss=2.7864
[ep  640] longdress    driving_B_2020.02.27_17.30.15.csv block-002@413s reward=QoE=  -17.36 pacing=0.00s eps=0.304 loss=2.7826
[ep  641] loot         driving_B_2019.12.17_07.32.39.csv block-000@300s reward=QoE=   38.07 pacing=0.00s eps=0.303 loss=2.7714
[ep  642] redandblack  driving_B_2020.02.14_09.38.22.csv block-000@600s reward=QoE=   61.46 pacing=0.00s eps=0.302 loss=2.9995
[ep  643] soldier      driving_B_2020.01.16_09.56.56.csv block-001@819s reward=QoE=   34.28 pacing=0.00s eps=0.301 loss=2.6275
[ep  644] longdress    driving_B_2020.01.16_09.56.56.csv block-000@60s reward=QoE=  -23.18 pacing=0.00s eps=0.300 loss=2.7493
[ep  645] loot         static_B_2020.02.14_13.21.26.csv block-000@0s reward=QoE=   42.51 pacing=0.00s eps=0.299 loss=2.7613
[ep  646] redandblack  driving_B_2020.02.13_15.02.01.csv block-000@2100s reward=QoE=   -0.93 pacing=0.00s eps=0.298 loss=2.9352
[ep  647] soldier      driving_B_2019.12.16_12.27.05.csv block-000@900s reward=QoE=   78.67 pacing=0.19s eps=0.296 loss=2.6038
[ep  648] longdress    driving_B_2019.12.16_12.27.05.csv block-000@1260s reward=QoE=   68.12 pacing=0.72s eps=0.295 loss=2.7138
[ep  649] loot         driving_B_2020.01.16_09.56.56.csv block-001@759s reward=QoE=   30.43 pacing=0.00s eps=0.294 loss=2.8044
[ep  650] redandblack  driving_B_2020.02.14_12.58.17.csv block-000@0s reward=QoE=   28.35 pacing=0.00s eps=0.293 loss=2.7000
[ep  651] soldier      static_B_2020.02.27_18.39.27.csv block-001@6612s reward=QoE=   81.10 pacing=0.00s eps=0.292 loss=2.9247
[ep  652] longdress    driving_B_2020.01.16_09.56.56.csv block-001@579s reward=QoE=   53.37 pacing=0.00s eps=0.291 loss=3.0825
[ep  653] loot         driving_B_2020.02.14_12.58.17.csv block-002@716s reward=QoE=   25.48 pacing=0.00s eps=0.290 loss=2.8455
[ep  654] redandblack  driving_B_2019.12.17_07.32.39.csv block-000@60s reward=QoE=   31.09 pacing=0.00s eps=0.289 loss=3.1153
[ep  655] soldier      driving_B_2020.01.16_07.26.43.csv block-000@1800s reward=QoE=  -19.05 pacing=0.00s eps=0.288 loss=2.9917
[ep  656] longdress    driving_B_2020.01.16_12.10.03.csv block-000@180s reward=QoE=   72.91 pacing=0.00s eps=0.287 loss=2.8872
[ep  657] loot         driving_B_2020.02.13_15.02.01.csv block-000@2280s reward=QoE=   42.25 pacing=0.00s eps=0.286 loss=2.7795
[ep  658] redandblack  driving_B_2020.01.16_07.26.43.csv block-000@480s reward=QoE=  -32.06 pacing=0.00s eps=0.284 loss=3.0643
[ep  659] soldier      driving_B_2019.12.16_12.27.05.csv block-000@1200s reward=QoE=   32.48 pacing=0.00s eps=0.283 loss=2.9387
[ep  660] longdress    driving_B_2019.12.16_12.27.05.csv block-000@780s reward=QoE=    1.50 pacing=0.00s eps=0.282 loss=2.8619
[ep  661] loot         driving_B_2020.02.14_12.58.17.csv block-002@536s reward=QoE= -152.69 pacing=0.00s eps=0.281 loss=2.9715
[ep  662] redandblack  driving_B_2019.12.16_12.27.05.csv block-000@780s reward=QoE=   46.76 pacing=0.00s eps=0.280 loss=2.7689
[ep  663] soldier      driving_B_2019.12.17_07.32.39.csv block-003@1594s reward=QoE=  -10.98 pacing=0.00s eps=0.279 loss=2.9087
[ep  664] longdress    driving_B_2020.01.16_09.56.56.csv block-001@1719s reward=QoE=   40.75 pacing=0.00s eps=0.278 loss=3.0285
[ep  665] loot         static_B_2020.02.27_18.39.27.csv block-001@2772s reward=QoE=   74.70 pacing=0.54s eps=0.277 loss=2.8115
[ep  666] redandblack  driving_B_2019.12.16_12.27.05.csv block-000@300s reward=QoE=   19.41 pacing=0.00s eps=0.276 loss=3.1199
[ep  667] soldier      driving_B_2020.01.16_12.10.03.csv block-000@360s reward=QoE=   53.90 pacing=0.00s eps=0.275 loss=2.7588
[ep  668] longdress    driving_B_2020.02.27_17.30.15.csv block-002@353s reward=QoE=  -16.52 pacing=0.00s eps=0.274 loss=3.1425
[ep  669] loot         driving_B_2020.02.14_09.38.22.csv block-000@1140s reward=QoE=    8.85 pacing=0.00s eps=0.273 loss=2.8178
[ep  670] redandblack  driving_B_2020.02.14_09.38.22.csv block-000@900s reward=QoE=  -81.95 pacing=0.00s eps=0.271 loss=2.8512
[ep  671] soldier      driving_B_2019.12.17_07.32.39.csv block-003@2014s reward=QoE=  -53.89 pacing=0.00s eps=0.270 loss=2.8281
[ep  672] longdress    driving_B_2020.02.13_13.03.24.csv block-000@540s reward=QoE=  -24.22 pacing=0.00s eps=0.269 loss=2.6747
[ep  673] loot         driving_B_2020.01.16_12.10.03.csv block-000@240s reward=QoE=   78.19 pacing=1.29s eps=0.268 loss=2.9612
[ep  674] redandblack  driving_B_2020.02.13_13.03.24.csv block-000@360s reward=QoE=   12.21 pacing=0.00s eps=0.267 loss=3.2769
[ep  675] soldier      driving_B_2020.02.14_12.58.17.csv block-002@536s reward=QoE= -161.32 pacing=0.00s eps=0.266 loss=3.1110
[ep  676] longdress    static_B_2020.02.14_13.21.26.csv block-000@60s reward=QoE=   84.75 pacing=0.00s eps=0.265 loss=3.0857
[ep  677] loot         driving_B_2020.02.13_15.02.01.csv block-000@360s reward=QoE=   55.89 pacing=0.00s eps=0.264 loss=3.1001
[ep  678] redandblack  driving_B_2020.02.13_13.03.24.csv block-000@240s reward=QoE=    6.57 pacing=0.00s eps=0.263 loss=2.7755
[ep  679] soldier      driving_B_2020.02.14_12.58.17.csv block-002@716s reward=QoE=   15.54 pacing=0.00s eps=0.262 loss=2.9255
[ep  680] longdress    driving_B_2020.02.14_12.58.17.csv block-002@656s reward=QoE=   14.10 pacing=0.00s eps=0.261 loss=3.0329
[ep  681] loot         driving_B_2020.02.13_13.03.24.csv block-001@1874s reward=QoE=  -12.02 pacing=0.00s eps=0.259 loss=3.2174
[ep  682] redandblack  static_B_2019.12.16_13.40.04.csv block-001@1015s reward=QoE=   35.58 pacing=0.00s eps=0.258 loss=3.0182
[ep  683] soldier      static_B_2019.12.16_13.40.04.csv block-005@1526s reward=QoE=   50.23 pacing=0.00s eps=0.257 loss=2.9977
[ep  684] longdress    driving_B_2020.02.14_12.58.17.csv block-000@0s reward=QoE=    2.12 pacing=0.00s eps=0.256 loss=3.1164
[ep  685] loot         driving_B_2020.02.13_15.02.01.csv block-000@2160s reward=QoE=   62.04 pacing=0.00s eps=0.255 loss=3.2881
[ep  686] redandblack  driving_B_2020.01.16_12.10.03.csv block-000@120s reward=QoE=   82.01 pacing=0.28s eps=0.254 loss=2.8841
[ep  687] soldier      driving_B_2019.12.17_07.32.39.csv block-004@2537s reward=QoE=   76.85 pacing=0.59s eps=0.253 loss=3.1019
[ep  688] longdress    driving_B_2020.01.16_07.26.43.csv block-000@720s reward=QoE=  -10.62 pacing=0.00s eps=0.252 loss=3.1228
[ep  689] loot         driving_B_2020.02.13_15.02.01.csv block-000@2040s reward=QoE=   67.69 pacing=0.00s eps=0.251 loss=2.9546
[ep  690] redandblack  driving_B_2020.01.16_12.10.03.csv block-000@60s reward=QoE=   51.92 pacing=0.00s eps=0.250 loss=3.0564
[ep  691] soldier      driving_B_2020.02.27_17.30.15.csv block-002@293s reward=QoE= -196.27 pacing=0.00s eps=0.249 loss=2.8076
[ep  692] longdress    driving_B_2020.02.14_12.58.17.csv block-002@716s reward=QoE=    3.46 pacing=0.00s eps=0.247 loss=3.1495
[ep  693] loot         driving_B_2020.02.14_09.38.22.csv block-000@1080s reward=QoE=   81.68 pacing=0.53s eps=0.246 loss=2.7260
[ep  694] redandblack  driving_B_2020.02.14_12.58.17.csv block-000@0s reward=QoE=   25.05 pacing=0.00s eps=0.245 loss=3.1628
[ep  695] soldier      static_B_2020.02.14_13.21.26.csv block-000@300s reward=QoE=   36.08 pacing=0.00s eps=0.244 loss=2.9424
[ep  696] longdress    driving_B_2020.02.13_15.02.01.csv block-000@0s reward=QoE=   66.60 pacing=0.00s eps=0.243 loss=2.8010
[ep  697] loot         driving_B_2020.02.13_13.03.24.csv block-000@420s reward=QoE=  -12.35 pacing=0.00s eps=0.242 loss=2.6725
[ep  698] redandblack  static_B_2019.12.16_13.40.04.csv block-001@655s reward=QoE=   51.18 pacing=0.00s eps=0.241 loss=3.0381
[ep  699] soldier      driving_B_2020.01.16_09.56.56.csv block-001@1119s reward=QoE=   66.38 pacing=0.67s eps=0.240 loss=3.0268
[ep  700] longdress    driving_B_2019.12.17_07.32.39.csv block-003@1534s reward=QoE=   37.30 pacing=0.00s eps=0.239 loss=2.8439
[ep  701] loot         static_B_2020.02.14_13.21.26.csv block-000@180s reward=QoE=   83.56 pacing=0.00s eps=0.238 loss=2.8033
[ep  702] redandblack  driving_B_2020.02.14_12.58.17.csv block-000@0s reward=QoE=   11.87 pacing=0.00s eps=0.237 loss=2.7548
[ep  703] soldier      driving_B_2020.02.13_15.02.01.csv block-000@2880s reward=QoE=   77.04 pacing=0.00s eps=0.236 loss=3.0405
[ep  704] longdress    driving_B_2019.12.17_07.32.39.csv block-004@2357s reward=QoE=  -61.78 pacing=0.00s eps=0.234 loss=2.9154
[ep  705] loot         driving_B_2020.02.13_13.03.24.csv block-001@1634s reward=QoE=   13.23 pacing=0.00s eps=0.233 loss=3.3196
[ep  706] redandblack  driving_B_2020.02.27_17.30.15.csv block-002@293s reward=QoE= -197.50 pacing=0.00s eps=0.232 loss=2.9608
[ep  707] soldier      driving_B_2020.02.14_09.38.22.csv block-000@1440s reward=QoE=   68.05 pacing=0.00s eps=0.231 loss=2.7741
[ep  708] longdress    driving_B_2020.01.16_07.26.43.csv block-000@960s reward=QoE=  -35.70 pacing=0.00s eps=0.230 loss=2.5631
[ep  709] loot         driving_B_2020.01.16_07.26.43.csv block-000@1560s reward=QoE=    5.90 pacing=0.00s eps=0.229 loss=3.1986
[ep  710] redandblack  static_B_2020.02.14_13.21.26.csv block-000@420s reward=QoE=   78.40 pacing=0.00s eps=0.228 loss=2.9519
[ep  711] soldier      driving_B_2020.01.16_12.10.03.csv block-000@240s reward=QoE=   82.91 pacing=0.10s eps=0.227 loss=3.1794
[ep  712] longdress    static_B_2020.02.27_18.39.27.csv block-001@2532s reward=QoE=   54.50 pacing=0.00s eps=0.226 loss=3.1299
[ep  713] loot         driving_B_2020.01.16_09.56.56.csv block-000@240s reward=QoE=   45.26 pacing=0.00s eps=0.225 loss=3.5132
[ep  714] redandblack  static_B_2019.12.16_13.40.04.csv block-000@0s reward=QoE=   60.93 pacing=0.00s eps=0.224 loss=3.2322
[ep  715] soldier      static_B_2020.02.14_13.21.26.csv block-000@1020s reward=QoE=   74.66 pacing=0.28s eps=0.222 loss=2.9600
[ep  716] longdress    static_B_2019.12.16_13.40.04.csv block-005@1466s reward=QoE=   56.55 pacing=0.00s eps=0.221 loss=3.1129
[ep  717] loot         driving_B_2020.01.16_12.10.03.csv block-000@0s reward=QoE=   72.01 pacing=2.20s eps=0.220 loss=3.2096
[ep  718] redandblack  driving_B_2020.02.13_15.02.01.csv block-000@840s reward=QoE=   43.82 pacing=0.00s eps=0.219 loss=3.0630
[ep  719] soldier      static_B_2019.12.16_13.40.04.csv block-001@595s reward=QoE=   66.95 pacing=0.00s eps=0.218 loss=3.1508
[ep  720] longdress    static_B_2020.02.27_18.39.27.csv block-001@1692s reward=QoE=   30.27 pacing=0.00s eps=0.217 loss=3.2788
[ep  721] loot         driving_B_2019.12.17_07.32.39.csv block-003@1774s reward=QoE=   30.99 pacing=0.00s eps=0.216 loss=2.9267
[ep  722] redandblack  driving_B_2020.02.14_09.38.22.csv block-000@720s reward=QoE=   76.29 pacing=1.21s eps=0.215 loss=3.0740
[ep  723] soldier      driving_B_2020.02.13_15.02.01.csv block-000@3000s reward=QoE=  -24.05 pacing=0.00s eps=0.214 loss=2.9816
[ep  724] longdress    driving_B_2020.01.16_12.10.03.csv block-000@360s reward=QoE=   68.14 pacing=0.00s eps=0.213 loss=3.1141
[ep  725] loot         driving_B_2020.01.16_07.26.43.csv block-000@0s reward=QoE=   18.37 pacing=0.00s eps=0.212 loss=3.0743
[ep  726] redandblack  static_B_2019.12.16_13.40.04.csv block-005@1826s reward=QoE=   72.67 pacing=0.00s eps=0.211 loss=2.9108
[ep  727] soldier      driving_B_2020.02.27_17.30.15.csv block-002@353s reward=QoE=  -90.96 pacing=0.00s eps=0.209 loss=2.7701
[ep  728] longdress    driving_B_2020.02.27_17.30.15.csv block-002@293s reward=QoE= -197.04 pacing=0.00s eps=0.208 loss=2.9889
[ep  729] loot         driving_B_2020.01.16_12.10.03.csv block-000@180s reward=QoE=   69.43 pacing=0.00s eps=0.207 loss=3.1367
[ep  730] redandblack  driving_B_2020.01.16_12.10.03.csv block-000@180s reward=QoE=   68.71 pacing=0.00s eps=0.206 loss=3.1336
[ep  731] soldier      static_B_2020.02.27_18.39.27.csv block-001@6012s reward=QoE=   79.37 pacing=0.00s eps=0.205 loss=3.3016
[ep  732] longdress    driving_B_2020.01.16_12.10.03.csv block-000@300s reward=QoE=   17.60 pacing=0.00s eps=0.204 loss=2.9166
[ep  733] loot         driving_B_2019.12.16_12.27.05.csv block-000@1020s reward=QoE=   81.17 pacing=0.00s eps=0.203 loss=3.0209
[ep  734] redandblack  driving_B_2020.01.16_12.10.03.csv block-000@120s reward=QoE=   82.72 pacing=0.44s eps=0.202 loss=2.9724
[ep  735] soldier      driving_B_2019.12.17_07.32.39.csv block-004@2297s reward=QoE=   65.84 pacing=0.00s eps=0.201 loss=2.9076
[ep  736] longdress    driving_B_2020.02.13_13.03.24.csv block-001@1814s reward=QoE=  -18.47 pacing=0.00s eps=0.200 loss=3.0546
[ep  737] loot         driving_B_2020.02.13_15.02.01.csv block-000@1260s reward=QoE=   29.87 pacing=0.00s eps=0.199 loss=2.9478
[ep  738] redandblack  driving_B_2020.01.16_09.56.56.csv block-001@519s reward=QoE=   44.95 pacing=0.00s eps=0.197 loss=2.9925
[ep  739] soldier      static_B_2020.02.27_18.39.27.csv block-001@1092s reward=QoE=   57.44 pacing=0.00s eps=0.196 loss=3.0841
[ep  740] longdress    driving_B_2020.02.13_13.03.24.csv block-001@1334s reward=QoE=   16.39 pacing=0.00s eps=0.195 loss=2.7919
[ep  741] loot         static_B_2020.02.27_18.39.27.csv block-001@72s reward=QoE=   73.92 pacing=0.66s eps=0.194 loss=3.2296
[ep  742] redandblack  driving_B_2020.02.27_17.30.15.csv block-002@353s reward=QoE=  -23.93 pacing=0.00s eps=0.193 loss=3.0186
[ep  743] soldier      static_B_2020.02.14_13.21.26.csv block-000@540s reward=QoE=   77.65 pacing=0.00s eps=0.192 loss=3.3381
[ep  744] longdress    static_B_2020.02.14_13.21.26.csv block-000@900s reward=QoE=   27.13 pacing=0.00s eps=0.191 loss=2.9985
[ep  745] loot         driving_B_2020.02.14_09.38.22.csv block-000@540s reward=QoE=   13.86 pacing=0.00s eps=0.190 loss=3.0939
[ep  746] redandblack  driving_B_2019.12.16_12.27.05.csv block-000@60s reward=QoE=   12.34 pacing=0.00s eps=0.189 loss=2.9334
[ep  747] soldier      driving_B_2020.01.16_09.56.56.csv block-000@360s reward=QoE=   39.35 pacing=0.00s eps=0.188 loss=3.0430
[ep  748] longdress    static_B_2020.02.14_13.21.26.csv block-000@300s reward=QoE=   36.42 pacing=0.00s eps=0.187 loss=2.9131
[ep  749] loot         static_B_2019.12.16_13.40.04.csv block-006@2232s reward=QoE=   85.43 pacing=0.41s eps=0.186 loss=3.1309
[ep  750] redandblack  driving_B_2020.01.16_07.26.43.csv block-000@1080s reward=QoE=   42.96 pacing=0.00s eps=0.184 loss=2.8816
[ep  751] soldier      driving_B_2019.12.17_07.32.39.csv block-000@420s reward=QoE=    7.26 pacing=0.00s eps=0.183 loss=3.0355
[ep  752] longdress    static_B_2019.12.16_13.40.04.csv block-005@1586s reward=QoE=   29.35 pacing=0.00s eps=0.182 loss=3.1671
[ep  753] loot         driving_B_2019.12.17_07.32.39.csv block-000@900s reward=QoE=   19.40 pacing=0.00s eps=0.181 loss=3.1078
[ep  754] redandblack  static_B_2020.02.27_18.39.27.csv block-001@1152s reward=QoE=   68.53 pacing=0.00s eps=0.180 loss=3.1525
[ep  755] soldier      driving_B_2020.01.16_12.10.03.csv block-000@240s reward=QoE=   79.03 pacing=0.22s eps=0.179 loss=2.8175
[ep  756] longdress    driving_B_2020.01.16_09.56.56.csv block-001@1059s reward=QoE=  -17.32 pacing=0.00s eps=0.178 loss=3.2134
[ep  757] loot         driving_B_2020.02.27_17.30.15.csv block-002@413s reward=QoE=    1.75 pacing=0.00s eps=0.177 loss=3.0571
[ep  758] redandblack  driving_B_2020.02.13_13.03.24.csv block-001@914s reward=QoE= -121.94 pacing=0.00s eps=0.176 loss=2.8595
[ep  759] soldier      driving_B_2020.02.14_09.38.22.csv block-000@1560s reward=QoE=   24.90 pacing=0.00s eps=0.175 loss=3.2144
[ep  760] longdress    static_B_2020.02.27_18.39.27.csv block-001@4932s reward=QoE=   58.14 pacing=0.00s eps=0.174 loss=3.1285
[ep  761] loot         driving_B_2020.01.16_12.10.03.csv block-000@0s reward=QoE=   73.09 pacing=2.30s eps=0.172 loss=2.9236
[ep  762] redandblack  driving_B_2019.12.17_07.32.39.csv block-004@2417s reward=QoE=   46.23 pacing=0.00s eps=0.171 loss=3.2720
[ep  763] soldier      driving_B_2020.01.16_12.10.03.csv block-000@360s reward=QoE=   71.30 pacing=0.00s eps=0.170 loss=3.3150
[ep  764] longdress    driving_B_2020.02.14_09.38.22.csv block-000@1500s reward=QoE=  -15.81 pacing=0.00s eps=0.169 loss=3.1183
[ep  765] loot         static_B_2020.02.27_18.39.27.csv block-001@3552s reward=QoE=   33.12 pacing=0.00s eps=0.168 loss=3.3920
[ep  766] redandblack  driving_B_2020.01.16_12.10.03.csv block-000@300s reward=QoE=   32.27 pacing=0.00s eps=0.167 loss=3.1227
[ep  767] soldier      driving_B_2020.02.14_09.38.22.csv block-000@1200s reward=QoE=  -51.75 pacing=0.00s eps=0.166 loss=3.1037
[ep  768] longdress    driving_B_2020.02.14_12.58.17.csv block-002@536s reward=QoE= -162.49 pacing=0.00s eps=0.165 loss=3.0500
[ep  769] loot         driving_B_2020.02.14_12.58.17.csv block-002@656s reward=QoE=   41.80 pacing=0.00s eps=0.164 loss=3.0854
[ep  770] redandblack  driving_B_2020.02.27_17.30.15.csv block-002@413s reward=QoE=   15.01 pacing=0.00s eps=0.163 loss=3.4374
[ep  771] soldier      driving_B_2020.02.13_15.02.01.csv block-000@1140s reward=QoE=   81.26 pacing=0.00s eps=0.162 loss=3.0320
[ep  772] longdress    driving_B_2020.02.27_17.30.15.csv block-002@533s reward=QoE=  -58.34 pacing=0.00s eps=0.160 loss=3.1701
[ep  773] loot         driving_B_2020.02.27_17.30.15.csv block-002@533s reward=QoE= -132.16 pacing=0.00s eps=0.159 loss=3.2000
[ep  774] redandblack  driving_B_2020.01.16_12.10.03.csv block-000@0s reward=QoE=   71.49 pacing=1.10s eps=0.158 loss=3.3729
[ep  775] soldier      driving_B_2019.12.17_07.32.39.csv block-000@120s reward=QoE=   12.76 pacing=0.00s eps=0.157 loss=3.1609
[ep  776] longdress    static_B_2019.12.16_13.40.04.csv block-005@1766s reward=QoE=   78.32 pacing=0.00s eps=0.156 loss=3.2414
[ep  777] loot         driving_B_2020.02.14_12.58.17.csv block-002@596s reward=QoE=   29.27 pacing=0.00s eps=0.155 loss=3.1876
[ep  778] redandblack  driving_B_2020.02.14_09.38.22.csv block-000@1260s reward=QoE=   30.60 pacing=0.00s eps=0.154 loss=2.8033
[ep  779] soldier      driving_B_2020.02.13_15.02.01.csv block-000@540s reward=QoE=    8.85 pacing=0.00s eps=0.153 loss=3.0723
[ep  780] longdress    driving_B_2019.12.17_07.32.39.csv block-003@1894s reward=QoE=   -3.50 pacing=0.00s eps=0.152 loss=3.3092
[ep  781] loot         driving_B_2020.02.13_13.03.24.csv block-001@1514s reward=QoE=   -0.67 pacing=0.00s eps=0.151 loss=3.2382
[ep  782] redandblack  driving_B_2020.02.14_09.38.22.csv block-000@780s reward=QoE=   71.29 pacing=0.00s eps=0.150 loss=2.9433
[ep  783] soldier      static_B_2020.02.27_18.39.27.csv block-001@3612s reward=QoE= -299.49 pacing=0.00s eps=0.149 loss=3.0437
[ep  784] longdress    driving_B_2020.02.14_12.58.17.csv block-002@716s reward=QoE=   13.15 pacing=0.00s eps=0.147 loss=3.1761
[ep  785] loot         static_B_2020.02.14_13.21.26.csv block-000@840s reward=QoE=   71.96 pacing=2.32s eps=0.146 loss=3.1569
[ep  786] redandblack  static_B_2020.02.14_13.21.26.csv block-000@540s reward=QoE=   79.20 pacing=0.00s eps=0.145 loss=3.2479
[ep  787] soldier      driving_B_2020.01.16_09.56.56.csv block-001@939s reward=QoE=   18.30 pacing=0.00s eps=0.144 loss=3.3961
[ep  788] longdress    driving_B_2020.02.13_13.03.24.csv block-001@1694s reward=QoE=   25.75 pacing=0.00s eps=0.143 loss=3.3185
[ep  789] loot         driving_B_2020.02.13_15.02.01.csv block-000@1080s reward=QoE=   30.66 pacing=0.00s eps=0.142 loss=3.3068
[ep  790] redandblack  driving_B_2020.02.27_17.30.15.csv block-002@473s reward=QoE= -221.77 pacing=0.00s eps=0.141 loss=3.1970
[ep  791] soldier      driving_B_2020.02.14_09.38.22.csv block-000@1200s reward=QoE=  -64.99 pacing=0.00s eps=0.140 loss=2.9152
[ep  792] longdress    static_B_2019.12.16_13.40.04.csv block-005@1646s reward=QoE=   64.26 pacing=0.42s eps=0.139 loss=3.4384
[ep  793] loot         driving_B_2020.02.13_15.02.01.csv block-000@300s reward=QoE=   84.33 pacing=2.30s eps=0.138 loss=3.3628
[ep  794] redandblack  driving_B_2020.01.16_09.56.56.csv block-001@1179s reward=QoE=   30.22 pacing=0.00s eps=0.137 loss=3.1195
[ep  795] soldier      driving_B_2020.02.27_17.30.15.csv block-002@473s reward=QoE= -306.25 pacing=0.00s eps=0.135 loss=3.0658
[ep  796] longdress    static_B_2020.02.27_18.39.27.csv block-001@4092s reward=QoE=   44.15 pacing=0.00s eps=0.134 loss=3.0736
[ep  797] loot         driving_B_2020.02.13_15.02.01.csv block-000@1620s reward=QoE=  -10.05 pacing=0.00s eps=0.133 loss=3.3804
[ep  798] redandblack  static_B_2019.12.16_13.40.04.csv block-000@240s reward=QoE=   49.05 pacing=0.00s eps=0.132 loss=2.9243
[ep  799] soldier      driving_B_2020.01.16_07.26.43.csv block-000@1740s reward=QoE=  -13.47 pacing=0.00s eps=0.131 loss=3.1811
[ep  800] longdress    static_B_2019.12.16_13.40.04.csv block-005@2006s reward=QoE=   45.57 pacing=0.00s eps=0.130 loss=3.0834
    [eval @ ep 800] reward=QoE=41.56 mean_q=0.542 stall=0.9s  <-- best (saved)
[ep  801] loot         driving_B_2019.12.16_12.27.05.csv block-000@840s reward=QoE=   36.89 pacing=0.00s eps=0.129 loss=3.0548
[ep  802] redandblack  driving_B_2020.02.27_17.30.15.csv block-002@473s reward=QoE= -202.30 pacing=0.00s eps=0.128 loss=3.4240
[ep  803] soldier      driving_B_2020.02.14_12.58.17.csv block-002@596s reward=QoE=   20.59 pacing=0.00s eps=0.127 loss=3.1227
[ep  804] longdress    static_B_2020.02.14_13.21.26.csv block-000@660s reward=QoE=   81.80 pacing=0.13s eps=0.126 loss=3.3016
[ep  805] loot         driving_B_2020.02.14_12.58.17.csv block-002@596s reward=QoE=   24.66 pacing=0.00s eps=0.125 loss=3.2917
[ep  806] redandblack  static_B_2020.02.27_18.39.27.csv block-001@12s reward=QoE=   68.83 pacing=1.12s eps=0.124 loss=3.3461
[ep  807] soldier      static_B_2020.02.14_13.21.26.csv block-000@720s reward=QoE=   73.24 pacing=0.00s eps=0.122 loss=3.3772
[ep  808] longdress    driving_B_2019.12.16_12.27.05.csv block-000@120s reward=QoE=   36.27 pacing=0.00s eps=0.121 loss=3.0846
[ep  809] loot         static_B_2020.02.27_18.39.27.csv block-001@5292s reward=QoE=  -16.66 pacing=0.00s eps=0.120 loss=3.1084
[ep  810] redandblack  driving_B_2020.02.14_09.38.22.csv block-000@480s reward=QoE=    9.14 pacing=0.00s eps=0.119 loss=3.1115
[ep  811] soldier      driving_B_2020.02.13_13.03.24.csv block-001@1154s reward=QoE=  -34.88 pacing=0.00s eps=0.118 loss=3.3888
[ep  812] longdress    driving_B_2020.01.16_12.10.03.csv block-000@180s reward=QoE=   69.08 pacing=0.00s eps=0.117 loss=3.4255
[ep  813] loot         driving_B_2020.02.13_15.02.01.csv block-000@1020s reward=QoE=   75.54 pacing=1.63s eps=0.116 loss=3.0455
[ep  814] redandblack  driving_B_2020.02.13_13.03.24.csv block-007@2290s reward=QoE= -133.27 pacing=0.00s eps=0.115 loss=3.0415
[ep  815] soldier      driving_B_2020.02.13_15.02.01.csv block-000@1800s reward=QoE= -112.53 pacing=0.00s eps=0.114 loss=3.3430
[ep  816] longdress    driving_B_2020.01.16_07.26.43.csv block-000@1440s reward=QoE=   28.75 pacing=0.00s eps=0.113 loss=3.1936
[ep  817] loot         static_B_2020.02.27_18.39.27.csv block-001@3972s reward=QoE=   64.83 pacing=0.00s eps=0.112 loss=3.3182
[ep  818] redandblack  driving_B_2020.02.27_17.30.15.csv block-002@473s reward=QoE= -223.89 pacing=0.00s eps=0.110 loss=3.0637
[ep  819] soldier      driving_B_2020.02.13_15.02.01.csv block-000@1920s reward=QoE=   25.57 pacing=0.00s eps=0.109 loss=3.2948
[ep  820] longdress    static_B_2019.12.16_13.40.04.csv block-001@715s reward=QoE=   30.81 pacing=0.00s eps=0.108 loss=3.2117
[ep  821] loot         driving_B_2020.01.16_09.56.56.csv block-001@1119s reward=QoE=   79.34 pacing=1.00s eps=0.107 loss=3.2145
[ep  822] redandblack  static_B_2019.12.16_13.40.04.csv block-005@1946s reward=QoE=   59.93 pacing=0.00s eps=0.106 loss=3.3460
[ep  823] soldier      static_B_2020.02.14_13.21.26.csv block-000@120s reward=QoE=   71.43 pacing=1.05s eps=0.105 loss=3.1835
[ep  824] longdress    driving_B_2020.02.14_12.58.17.csv block-002@596s reward=QoE=    4.56 pacing=0.00s eps=0.104 loss=3.2147
[ep  825] loot         driving_B_2020.02.14_09.38.22.csv block-000@1320s reward=QoE=   -8.55 pacing=0.90s eps=0.103 loss=3.1493
[ep  826] redandblack  static_B_2020.02.14_13.21.26.csv block-000@360s reward=QoE=   60.07 pacing=0.00s eps=0.102 loss=3.2149
[ep  827] soldier      driving_B_2020.01.16_09.56.56.csv block-000@0s reward=QoE=   26.57 pacing=0.00s eps=0.101 loss=3.3465
[ep  828] longdress    driving_B_2020.02.14_12.58.17.csv block-002@656s reward=QoE=   31.35 pacing=0.00s eps=0.100 loss=3.2268
[ep  829] loot         driving_B_2019.12.16_12.27.05.csv block-000@0s reward=QoE=   37.70 pacing=0.00s eps=0.099 loss=3.0922
[ep  830] redandblack  driving_B_2020.01.16_07.26.43.csv block-000@360s reward=QoE=  -57.78 pacing=0.00s eps=0.097 loss=3.1923
[ep  831] soldier      driving_B_2020.01.16_12.10.03.csv block-000@0s reward=QoE=   78.43 pacing=0.45s eps=0.096 loss=3.6066
[ep  832] longdress    driving_B_2020.02.13_15.02.01.csv block-000@1980s reward=QoE=   68.75 pacing=0.00s eps=0.095 loss=3.4605
[ep  833] redandblack  driving_B_2020.01.16_07.26.43.csv block-000@1440s reward=QoE=   60.34 pacing=0.00s eps=0.094 loss=3.2863
[ep  834] soldier      static_B_2020.02.14_13.21.26.csv block-000@60s reward=QoE=   90.13 pacing=0.19s eps=0.093 loss=3.4224
[ep  835] longdress    driving_B_2019.12.16_12.27.05.csv block-000@300s reward=QoE=   -6.48 pacing=0.00s eps=0.092 loss=3.3585
[ep  836] loot         driving_B_2020.02.14_09.38.22.csv block-000@1140s reward=QoE=  -10.04 pacing=0.00s eps=0.091 loss=3.3968
[ep  837] redandblack  static_B_2019.12.16_13.40.04.csv block-001@715s reward=QoE=   42.49 pacing=0.00s eps=0.090 loss=3.6879
[ep  838] soldier      driving_B_2020.01.16_12.10.03.csv block-000@360s reward=QoE=   67.83 pacing=0.00s eps=0.089 loss=3.1537
[ep  839] longdress    driving_B_2020.01.16_12.10.03.csv block-000@300s reward=QoE=   42.29 pacing=0.00s eps=0.088 loss=3.2167
[ep  840] loot         driving_B_2020.02.13_13.03.24.csv block-001@1874s reward=QoE=    0.40 pacing=0.00s eps=0.087 loss=3.1726
[ep  841] redandblack  static_B_2019.12.16_13.40.04.csv block-005@1946s reward=QoE=   74.90 pacing=0.00s eps=0.085 loss=3.5408
[ep  842] soldier      driving_B_2020.02.13_13.03.24.csv block-001@1574s reward=QoE=   14.43 pacing=0.00s eps=0.084 loss=3.3847
[ep  843] longdress    driving_B_2020.02.13_13.03.24.csv block-000@600s reward=QoE=   -1.32 pacing=2.59s eps=0.083 loss=3.5861
[ep  844] loot         driving_B_2019.12.16_12.27.05.csv block-000@60s reward=QoE=   22.32 pacing=0.00s eps=0.082 loss=2.9279
[ep  845] redandblack  driving_B_2020.02.14_12.58.17.csv block-002@536s reward=QoE=  -13.37 pacing=0.00s eps=0.081 loss=3.0681
[ep  846] soldier      driving_B_2020.02.13_15.02.01.csv block-000@2460s reward=QoE=   67.97 pacing=0.00s eps=0.080 loss=2.9972
[ep  847] longdress    driving_B_2019.12.17_07.32.39.csv block-003@1534s reward=QoE=   50.05 pacing=0.00s eps=0.079 loss=3.2017
[ep  848] loot         driving_B_2020.01.16_07.26.43.csv block-000@180s reward=QoE=   -8.86 pacing=0.00s eps=0.078 loss=3.0960
[ep  849] redandblack  driving_B_2020.01.16_12.10.03.csv block-000@360s reward=QoE=   75.14 pacing=0.00s eps=0.077 loss=3.3060
[ep  850] soldier      driving_B_2020.02.27_17.30.15.csv block-002@473s reward=QoE= -223.56 pacing=0.00s eps=0.076 loss=3.1108
[ep  851] longdress    driving_B_2020.02.13_15.02.01.csv block-000@1680s reward=QoE=   20.34 pacing=0.00s eps=0.075 loss=3.3663
[ep  852] loot         static_B_2020.02.14_13.21.26.csv block-000@300s reward=QoE=   56.88 pacing=0.00s eps=0.073 loss=3.0066
[ep  853] redandblack  driving_B_2019.12.16_12.27.05.csv block-000@420s reward=QoE=  -90.23 pacing=0.00s eps=0.072 loss=3.3849
[ep  854] soldier      driving_B_2019.12.17_07.32.39.csv block-003@2134s reward=QoE=   34.24 pacing=0.00s eps=0.071 loss=3.2824
[ep  855] longdress    driving_B_2019.12.16_12.27.05.csv block-000@1080s reward=QoE=   13.71 pacing=1.80s eps=0.070 loss=3.3775
[ep  856] loot         driving_B_2020.01.16_09.56.56.csv block-001@819s reward=QoE=   71.44 pacing=0.00s eps=0.069 loss=3.2804
[ep  857] redandblack  static_B_2020.02.27_18.39.27.csv block-001@1212s reward=QoE=   76.21 pacing=0.00s eps=0.068 loss=3.4245
[ep  858] soldier      static_B_2020.02.14_13.21.26.csv block-000@240s reward=QoE=   86.61 pacing=0.25s eps=0.067 loss=3.4313
[ep  859] longdress    driving_B_2020.01.16_09.56.56.csv block-001@939s reward=QoE=   18.25 pacing=0.00s eps=0.066 loss=3.3013
[ep  860] loot         driving_B_2020.02.14_09.38.22.csv block-000@1020s reward=QoE=   82.41 pacing=0.44s eps=0.065 loss=3.4283
[ep  861] redandblack  driving_B_2019.12.17_07.32.39.csv block-003@1954s reward=QoE=   13.82 pacing=0.00s eps=0.064 loss=3.1300
[ep  862] soldier      driving_B_2020.02.13_15.02.01.csv block-000@2940s reward=QoE=   12.93 pacing=0.00s eps=0.063 loss=3.4515
[ep  863] longdress    driving_B_2020.02.14_12.58.17.csv block-002@656s reward=QoE=   43.23 pacing=0.00s eps=0.062 loss=3.1904
[ep  864] loot         driving_B_2020.01.16_09.56.56.csv block-001@1179s reward=QoE=   10.62 pacing=0.00s eps=0.060 loss=3.3806
[ep  865] redandblack  driving_B_2020.01.16_07.26.43.csv block-000@900s reward=QoE=   46.23 pacing=0.00s eps=0.059 loss=3.4333
[ep  866] soldier      driving_B_2019.12.17_07.32.39.csv block-000@540s reward=QoE=   21.24 pacing=0.00s eps=0.058 loss=3.5096
[ep  867] longdress    driving_B_2020.02.14_09.38.22.csv block-000@660s reward=QoE=   21.72 pacing=0.00s eps=0.057 loss=3.3089
[ep  868] loot         driving_B_2020.02.14_09.38.22.csv block-000@60s reward=QoE=    3.71 pacing=0.00s eps=0.056 loss=3.3122
[ep  869] redandblack  driving_B_2020.02.27_17.30.15.csv block-002@413s reward=QoE=   10.88 pacing=0.00s eps=0.055 loss=3.5169
[ep  870] soldier      static_B_2019.12.16_13.40.04.csv block-005@1826s reward=QoE=   59.79 pacing=0.00s eps=0.054 loss=3.4243
[ep  871] longdress    driving_B_2020.02.27_17.30.15.csv block-002@353s reward=QoE=  -52.98 pacing=0.00s eps=0.053 loss=3.2007
[ep  872] loot         driving_B_2020.01.16_07.26.43.csv block-000@1500s reward=QoE=   28.82 pacing=0.00s eps=0.052 loss=3.1481
[ep  873] redandblack  driving_B_2020.02.14_12.58.17.csv block-002@536s reward=QoE=  -35.41 pacing=0.00s eps=0.051 loss=3.3728
[ep  874] soldier      driving_B_2019.12.16_12.27.05.csv block-000@600s reward=QoE=   10.00 pacing=0.00s eps=0.050 loss=3.1258
[ep  875] longdress    driving_B_2020.02.13_15.02.01.csv block-000@2640s reward=QoE=  -37.24 pacing=0.00s eps=0.050 loss=3.2899
[ep  876] loot         driving_B_2020.01.16_09.56.56.csv block-001@1059s reward=QoE=   29.91 pacing=0.00s eps=0.050 loss=3.6062
[ep  877] redandblack  static_B_2020.02.27_18.39.27.csv block-001@3732s reward=QoE=   82.18 pacing=0.00s eps=0.050 loss=3.1474
[ep  878] soldier      static_B_2019.12.16_13.40.04.csv block-005@1526s reward=QoE=   48.71 pacing=0.00s eps=0.050 loss=3.6657
[ep  879] longdress    driving_B_2020.02.27_17.30.15.csv block-002@413s reward=QoE=   29.48 pacing=0.00s eps=0.050 loss=3.5256
[ep  880] loot         driving_B_2020.01.16_12.10.03.csv block-000@0s reward=QoE=   63.23 pacing=2.45s eps=0.050 loss=3.3697
[ep  881] redandblack  driving_B_2020.02.14_12.58.17.csv block-002@536s reward=QoE=  -44.12 pacing=0.00s eps=0.050 loss=3.2566
[ep  882] soldier      driving_B_2020.02.14_09.38.22.csv block-000@360s reward=QoE=    9.57 pacing=0.00s eps=0.050 loss=3.3057
[ep  883] longdress    static_B_2020.02.27_18.39.27.csv block-001@1992s reward=QoE=   59.84 pacing=0.00s eps=0.050 loss=3.4714
[ep  884] loot         driving_B_2019.12.17_07.32.39.csv block-000@720s reward=QoE=    8.92 pacing=0.00s eps=0.050 loss=3.1620
[ep  885] redandblack  driving_B_2020.02.27_17.30.15.csv block-002@293s reward=QoE= -158.66 pacing=0.00s eps=0.050 loss=3.3381
[ep  886] soldier      driving_B_2019.12.17_07.32.39.csv block-000@660s reward=QoE=    5.96 pacing=0.00s eps=0.050 loss=3.1712
[ep  887] longdress    driving_B_2020.01.16_07.26.43.csv block-000@1200s reward=QoE=   55.45 pacing=0.00s eps=0.050 loss=3.2938
[ep  888] loot         static_B_2020.02.27_18.39.27.csv block-001@2532s reward=QoE=   79.95 pacing=0.00s eps=0.050 loss=3.3898
[ep  889] redandblack  driving_B_2019.12.16_12.27.05.csv block-000@480s reward=QoE=   29.64 pacing=0.00s eps=0.050 loss=3.4663
[ep  890] soldier      driving_B_2019.12.16_12.27.05.csv block-000@0s reward=QoE=   40.58 pacing=0.00s eps=0.050 loss=3.5967
[ep  891] longdress    static_B_2019.12.16_13.40.04.csv block-001@1135s reward=QoE=   39.13 pacing=0.00s eps=0.050 loss=3.3091
[ep  892] loot         driving_B_2020.01.16_07.26.43.csv block-000@1680s reward=QoE=   24.17 pacing=0.00s eps=0.050 loss=3.5477
[ep  893] redandblack  driving_B_2020.02.14_09.38.22.csv block-000@480s reward=QoE=   11.68 pacing=0.00s eps=0.050 loss=3.3969
[ep  894] soldier      driving_B_2020.02.13_15.02.01.csv block-000@1980s reward=QoE=   82.99 pacing=0.00s eps=0.050 loss=3.1026
[ep  895] longdress    driving_B_2020.02.27_17.30.15.csv block-002@473s reward=QoE=  -83.55 pacing=0.00s eps=0.050 loss=3.4101
[ep  896] loot         static_B_2020.02.14_13.21.26.csv block-000@660s reward=QoE=   91.68 pacing=1.45s eps=0.050 loss=3.2476
[ep  897] redandblack  static_B_2019.12.16_13.40.04.csv block-005@1466s reward=QoE=   65.97 pacing=0.00s eps=0.050 loss=3.4522
[ep  898] soldier      driving_B_2020.01.16_09.56.56.csv block-001@1599s reward=QoE=   73.53 pacing=0.00s eps=0.050 loss=3.1115
[ep  899] longdress    static_B_2020.02.14_13.21.26.csv block-000@480s reward=QoE=   81.54 pacing=0.00s eps=0.050 loss=3.4009
[ep  900] loot         static_B_2020.02.14_13.21.26.csv block-000@420s reward=QoE=   79.81 pacing=0.36s eps=0.050 loss=3.1130
[ep  901] redandblack  driving_B_2020.01.16_07.26.43.csv block-000@1620s reward=QoE=   17.73 pacing=0.00s eps=0.050 loss=3.1999
[ep  902] soldier      driving_B_2020.02.14_12.58.17.csv block-000@0s reward=QoE=   28.39 pacing=0.00s eps=0.050 loss=3.3714
[ep  903] longdress    static_B_2020.02.14_13.21.26.csv block-000@180s reward=QoE=   83.50 pacing=0.00s eps=0.050 loss=3.4756
[ep  904] loot         driving_B_2020.02.27_17.30.15.csv block-002@473s reward=QoE=  -80.05 pacing=0.00s eps=0.050 loss=3.3878
[ep  905] redandblack  static_B_2020.02.27_18.39.27.csv block-001@1692s reward=QoE=   58.18 pacing=0.00s eps=0.050 loss=3.5059
[ep  906] soldier      driving_B_2020.02.13_15.02.01.csv block-000@480s reward=QoE=   66.22 pacing=0.00s eps=0.050 loss=3.4550
[ep  907] longdress    static_B_2020.02.27_18.39.27.csv block-001@3312s reward=QoE=   57.20 pacing=0.00s eps=0.050 loss=3.3820
[ep  908] loot         driving_B_2020.02.14_12.58.17.csv block-002@716s reward=QoE=   33.53 pacing=0.00s eps=0.050 loss=3.0941
[ep  909] redandblack  driving_B_2020.02.14_12.58.17.csv block-002@716s reward=QoE=   25.51 pacing=0.00s eps=0.050 loss=3.3273
[ep  910] soldier      driving_B_2020.02.13_13.03.24.csv block-000@300s reward=QoE=   27.95 pacing=0.00s eps=0.050 loss=3.4584
[ep  911] longdress    driving_B_2020.01.16_09.56.56.csv block-001@759s reward=QoE=   16.06 pacing=0.82s eps=0.050 loss=3.4064
[ep  912] loot         static_B_2020.02.14_13.21.26.csv block-000@420s reward=QoE=   62.88 pacing=1.26s eps=0.050 loss=3.3058
[ep  913] redandblack  driving_B_2020.01.16_09.56.56.csv block-000@120s reward=QoE=   -2.22 pacing=0.00s eps=0.050 loss=3.7649
[ep  914] soldier      driving_B_2020.02.13_13.03.24.csv block-001@1514s reward=QoE=  -13.19 pacing=0.00s eps=0.050 loss=3.5575
[ep  915] longdress    driving_B_2019.12.16_12.27.05.csv block-000@720s reward=QoE=   -3.61 pacing=0.00s eps=0.050 loss=3.4950
[ep  916] loot         static_B_2020.02.27_18.39.27.csv block-001@4032s reward=QoE=   66.60 pacing=0.00s eps=0.050 loss=3.4433
[ep  917] redandblack  static_B_2020.02.14_13.21.26.csv block-000@900s reward=QoE=   43.16 pacing=0.00s eps=0.050 loss=3.3644
[ep  918] soldier      driving_B_2019.12.17_07.32.39.csv block-000@780s reward=QoE=   26.56 pacing=0.00s eps=0.050 loss=3.6510
[ep  919] longdress    static_B_2020.02.27_18.39.27.csv block-001@6132s reward=QoE=   66.91 pacing=0.00s eps=0.050 loss=3.3343
[ep  920] loot         driving_B_2020.02.13_15.02.01.csv block-000@2520s reward=QoE=   16.53 pacing=0.00s eps=0.050 loss=3.4753
[ep  921] redandblack  driving_B_2020.01.16_12.10.03.csv block-000@240s reward=QoE=   57.78 pacing=1.61s eps=0.050 loss=3.3694
[ep  922] soldier      driving_B_2019.12.16_12.27.05.csv block-000@240s reward=QoE=   23.07 pacing=0.00s eps=0.050 loss=3.4255
[ep  923] longdress    driving_B_2020.02.13_13.03.24.csv block-001@1334s reward=QoE=    2.72 pacing=0.90s eps=0.050 loss=3.4613
[ep  924] loot         driving_B_2020.02.13_13.03.24.csv block-001@1394s reward=QoE=   22.90 pacing=0.00s eps=0.050 loss=3.6091
[ep  925] redandblack  driving_B_2020.01.16_09.56.56.csv block-001@879s reward=QoE=   60.21 pacing=0.00s eps=0.050 loss=3.1494
[ep  926] soldier      driving_B_2019.12.16_12.27.05.csv block-000@1140s reward=QoE=   43.69 pacing=0.00s eps=0.050 loss=3.4260
[ep  927] longdress    driving_B_2020.02.13_13.03.24.csv block-001@1934s reward=QoE=   13.11 pacing=0.00s eps=0.050 loss=3.4276
[ep  928] loot         driving_B_2020.02.14_12.58.17.csv block-002@656s reward=QoE=   48.99 pacing=0.00s eps=0.050 loss=3.3951
[ep  929] redandblack  driving_B_2019.12.16_12.27.05.csv block-000@600s reward=QoE=    2.42 pacing=0.41s eps=0.050 loss=3.5369
[ep  930] soldier      static_B_2019.12.16_13.40.04.csv block-001@655s reward=QoE=   49.71 pacing=0.00s eps=0.050 loss=3.2412
[ep  931] longdress    driving_B_2020.02.13_15.02.01.csv block-000@1620s reward=QoE=  -27.31 pacing=0.11s eps=0.050 loss=3.3850
[ep  932] loot         driving_B_2019.12.17_07.32.39.csv block-000@1020s reward=QoE=   18.51 pacing=0.00s eps=0.050 loss=3.3893
[ep  933] redandblack  driving_B_2020.02.14_12.58.17.csv block-002@536s reward=QoE=  -23.79 pacing=0.00s eps=0.050 loss=3.4519
[ep  934] soldier      driving_B_2020.02.13_13.03.24.csv block-001@1994s reward=QoE=   39.05 pacing=0.00s eps=0.050 loss=3.2764
[ep  935] longdress    static_B_2020.02.14_13.21.26.csv block-000@540s reward=QoE=   72.06 pacing=0.00s eps=0.050 loss=3.5569
[ep  936] loot         static_B_2019.12.16_13.40.04.csv block-006@2232s reward=QoE=   63.73 pacing=1.31s eps=0.050 loss=3.4885
[ep  937] redandblack  static_B_2019.12.16_13.40.04.csv block-000@180s reward=QoE=   63.55 pacing=0.00s eps=0.050 loss=3.3924
[ep  938] soldier      driving_B_2020.02.13_15.02.01.csv block-000@2400s reward=QoE=   62.85 pacing=0.00s eps=0.050 loss=3.2945
[ep  939] longdress    static_B_2020.02.14_13.21.26.csv block-000@120s reward=QoE=   85.37 pacing=0.00s eps=0.050 loss=3.3150
[ep  940] loot         driving_B_2020.02.27_17.30.15.csv block-002@533s reward=QoE=  -38.88 pacing=0.00s eps=0.050 loss=3.4613
[ep  941] redandblack  static_B_2019.12.16_13.40.04.csv block-006@2172s reward=QoE=   69.56 pacing=1.82s eps=0.050 loss=3.1998
[ep  942] soldier      driving_B_2020.02.13_13.03.24.csv block-001@1694s reward=QoE=    2.59 pacing=0.46s eps=0.050 loss=3.4655
[ep  943] longdress    driving_B_2019.12.17_07.32.39.csv block-000@240s reward=QoE=   -0.03 pacing=2.53s eps=0.050 loss=3.5585
[ep  944] loot         driving_B_2019.12.16_12.27.05.csv block-000@840s reward=QoE=   37.28 pacing=0.00s eps=0.050 loss=3.4574
[ep  945] redandblack  driving_B_2019.12.17_07.32.39.csv block-000@1140s reward=QoE=   36.24 pacing=0.00s eps=0.050 loss=3.3069
[ep  946] soldier      driving_B_2020.02.14_12.58.17.csv block-002@656s reward=QoE=   30.04 pacing=0.00s eps=0.050 loss=3.4759
[ep  947] longdress    driving_B_2020.02.13_13.03.24.csv block-001@1094s reward=QoE=    3.08 pacing=0.00s eps=0.050 loss=3.3489
[ep  948] loot         driving_B_2020.01.16_07.26.43.csv block-000@300s reward=QoE=   49.47 pacing=0.00s eps=0.050 loss=3.4523
[ep  949] redandblack  driving_B_2019.12.17_07.32.39.csv block-004@2537s reward=QoE=   79.51 pacing=1.31s eps=0.050 loss=3.3399
[ep  950] soldier      driving_B_2020.01.16_12.10.03.csv block-000@300s reward=QoE=   26.76 pacing=0.00s eps=0.050 loss=3.4434
[ep  951] longdress    driving_B_2020.01.16_09.56.56.csv block-001@519s reward=QoE=   25.62 pacing=0.00s eps=0.050 loss=3.3741
[ep  952] loot         driving_B_2020.02.14_09.38.22.csv block-000@900s reward=QoE=  -12.21 pacing=0.00s eps=0.050 loss=3.6693
[ep  953] redandblack  driving_B_2020.01.16_12.10.03.csv block-000@120s reward=QoE=   82.84 pacing=0.64s eps=0.050 loss=3.7426
[ep  954] soldier      static_B_2019.12.16_13.40.04.csv block-000@420s reward=QoE=   68.73 pacing=0.00s eps=0.050 loss=3.4051
[ep  955] longdress    driving_B_2019.12.17_07.32.39.csv block-003@1774s reward=QoE=   34.75 pacing=0.00s eps=0.050 loss=3.1569
[ep  956] loot         driving_B_2020.01.16_09.56.56.csv block-000@360s reward=QoE=   43.04 pacing=0.00s eps=0.050 loss=3.4618
[ep  957] redandblack  driving_B_2020.02.14_12.58.17.csv block-002@716s reward=QoE=   27.11 pacing=0.00s eps=0.050 loss=3.7822
[ep  958] soldier      driving_B_2019.12.16_12.27.05.csv block-000@480s reward=QoE=    0.64 pacing=0.00s eps=0.050 loss=3.8950
[ep  959] longdress    driving_B_2020.02.13_15.02.01.csv block-000@240s reward=QoE=   62.80 pacing=0.00s eps=0.050 loss=3.4596
[ep  960] loot         driving_B_2020.02.13_15.02.01.csv block-000@1380s reward=QoE=   37.22 pacing=0.00s eps=0.050 loss=3.6312
[ep  961] redandblack  static_B_2019.12.16_13.40.04.csv block-005@1646s reward=QoE=   51.13 pacing=0.58s eps=0.050 loss=3.7479
[ep  962] soldier      static_B_2020.02.27_18.39.27.csv block-001@132s reward=QoE=   72.96 pacing=0.00s eps=0.050 loss=3.5219
[ep  963] longdress    driving_B_2020.02.14_09.38.22.csv block-000@600s reward=QoE=   38.60 pacing=0.00s eps=0.050 loss=3.3018
[ep  964] loot         driving_B_2020.01.16_09.56.56.csv block-000@60s reward=QoE=   26.95 pacing=0.00s eps=0.050 loss=3.5350
[ep  965] redandblack  driving_B_2020.02.13_15.02.01.csv block-000@600s reward=QoE=   36.10 pacing=0.00s eps=0.050 loss=3.6235
[ep  966] soldier      driving_B_2020.02.27_17.30.15.csv block-002@533s reward=QoE=  -12.73 pacing=0.00s eps=0.050 loss=3.5306
[ep  967] longdress    driving_B_2020.02.13_15.02.01.csv block-000@660s reward=QoE=   39.98 pacing=0.00s eps=0.050 loss=3.3280
[ep  968] loot         driving_B_2020.02.14_09.38.22.csv block-000@540s reward=QoE=   29.42 pacing=0.00s eps=0.050 loss=3.7964
[ep  969] redandblack  driving_B_2019.12.17_07.32.39.csv block-000@60s reward=QoE=   32.50 pacing=0.00s eps=0.050 loss=3.4944
[ep  970] soldier      driving_B_2020.02.14_12.58.17.csv block-000@0s reward=QoE=   23.37 pacing=0.00s eps=0.050 loss=3.8604
[ep  971] longdress    driving_B_2020.02.14_09.38.22.csv block-000@1440s reward=QoE=   69.20 pacing=0.02s eps=0.050 loss=3.3844
[ep  972] loot         static_B_2019.12.16_13.40.04.csv block-005@1346s reward=QoE=   -6.68 pacing=0.00s eps=0.050 loss=3.6272
[ep  973] redandblack  static_B_2020.02.14_13.21.26.csv block-000@720s reward=QoE=   66.19 pacing=0.00s eps=0.050 loss=3.6084
[ep  974] soldier      static_B_2020.02.27_18.39.27.csv block-001@1632s reward=QoE=   65.66 pacing=0.00s eps=0.050 loss=3.6448
[ep  975] longdress    driving_B_2020.02.14_09.38.22.csv block-000@0s reward=QoE=   20.25 pacing=0.00s eps=0.050 loss=3.4450
[ep  976] loot         driving_B_2019.12.17_07.32.39.csv block-000@1200s reward=QoE=   76.16 pacing=1.16s eps=0.050 loss=3.8935
[ep  977] redandblack  driving_B_2020.01.16_09.56.56.csv block-001@1599s reward=QoE=   53.84 pacing=0.00s eps=0.050 loss=3.1963
[ep  978] soldier      driving_B_2020.02.14_09.38.22.csv block-000@1020s reward=QoE=   79.01 pacing=0.00s eps=0.050 loss=3.5660
[ep  979] longdress    static_B_2020.02.27_18.39.27.csv block-001@4752s reward=QoE=   68.61 pacing=0.00s eps=0.050 loss=3.4916
[ep  980] loot         driving_B_2020.01.16_07.26.43.csv block-000@1800s reward=QoE=   29.62 pacing=0.00s eps=0.050 loss=3.4199
[ep  981] redandblack  driving_B_2020.02.14_09.38.22.csv block-000@1380s reward=QoE=   27.72 pacing=0.00s eps=0.050 loss=3.4185
[ep  982] soldier      driving_B_2020.02.27_17.30.15.csv block-002@473s reward=QoE= -320.05 pacing=0.00s eps=0.050 loss=3.5386
[ep  983] longdress    static_B_2020.02.27_18.39.27.csv block-001@6012s reward=QoE=   82.31 pacing=0.00s eps=0.050 loss=3.2163
[ep  984] loot         driving_B_2020.01.16_12.10.03.csv block-000@60s reward=QoE=   44.06 pacing=0.00s eps=0.050 loss=3.5407
[ep  985] redandblack  driving_B_2020.01.16_12.10.03.csv block-000@180s reward=QoE=   85.73 pacing=0.00s eps=0.050 loss=3.6147
[ep  986] soldier      driving_B_2020.01.16_12.10.03.csv block-000@180s reward=QoE=   76.03 pacing=0.00s eps=0.050 loss=3.6884
[ep  987] longdress    static_B_2020.02.14_13.21.26.csv block-000@0s reward=QoE=   35.24 pacing=0.00s eps=0.050 loss=3.7749
[ep  988] loot         driving_B_2020.02.13_15.02.01.csv block-000@1740s reward=QoE=    0.81 pacing=0.00s eps=0.050 loss=3.4385
[ep  989] redandblack  static_B_2019.12.16_13.40.04.csv block-001@835s reward=QoE=   89.08 pacing=0.27s eps=0.050 loss=3.4163
[ep  990] soldier      driving_B_2020.01.16_09.56.56.csv block-001@1419s reward=QoE=   42.54 pacing=0.00s eps=0.050 loss=3.5939
[ep  991] longdress    driving_B_2019.12.17_07.32.39.csv block-000@120s reward=QoE=   29.91 pacing=0.00s eps=0.050 loss=3.8290
[ep  992] loot         driving_B_2020.02.13_15.02.01.csv block-000@1080s reward=QoE=   16.81 pacing=0.00s eps=0.050 loss=3.5763
[ep  993] redandblack  driving_B_2019.12.17_07.32.39.csv block-003@2014s reward=QoE=   23.37 pacing=0.00s eps=0.050 loss=3.6243
[ep  994] soldier      static_B_2019.12.16_13.40.04.csv block-001@1015s reward=QoE=   29.89 pacing=0.00s eps=0.050 loss=3.5627
[ep  995] longdress    static_B_2020.02.27_18.39.27.csv block-001@1752s reward=QoE=   60.86 pacing=0.00s eps=0.050 loss=3.6453
[ep  996] loot         driving_B_2019.12.17_07.32.39.csv block-000@900s reward=QoE=   29.26 pacing=0.00s eps=0.050 loss=3.5032
[ep  997] redandblack  driving_B_2020.01.16_09.56.56.csv block-001@1239s reward=QoE=   40.74 pacing=0.00s eps=0.050 loss=3.5644
[ep  998] soldier      static_B_2020.02.14_13.21.26.csv block-000@900s reward=QoE=   63.41 pacing=0.00s eps=0.050 loss=3.6858
[ep  999] longdress    driving_B_2020.02.14_09.38.22.csv block-000@420s reward=QoE=   26.31 pacing=0.00s eps=0.050 loss=3.3702
[ep 1000] loot         driving_B_2019.12.16_12.27.05.csv block-000@360s reward=QoE=   29.43 pacing=0.00s eps=0.050 loss=3.9312
[ep 1001] redandblack  driving_B_2019.12.17_07.32.39.csv block-000@960s reward=QoE=   34.03 pacing=0.00s eps=0.050 loss=3.0764
[ep 1002] soldier      driving_B_2020.02.13_13.03.24.csv block-000@540s reward=QoE=   27.82 pacing=0.00s eps=0.050 loss=3.9058
[ep 1003] longdress    driving_B_2020.02.27_17.30.15.csv block-002@353s reward=QoE=  -39.13 pacing=0.00s eps=0.050 loss=3.9467
[ep 1004] loot         driving_B_2019.12.16_12.27.05.csv block-000@120s reward=QoE=   49.64 pacing=0.00s eps=0.050 loss=3.6315
[ep 1005] redandblack  driving_B_2020.01.16_12.10.03.csv block-000@120s reward=QoE=   89.07 pacing=0.00s eps=0.050 loss=3.6767
[ep 1006] soldier      driving_B_2020.01.16_07.26.43.csv block-000@1320s reward=QoE=   24.98 pacing=0.00s eps=0.050 loss=3.6278
[ep 1007] longdress    static_B_2020.02.14_13.21.26.csv block-000@0s reward=QoE=   40.92 pacing=0.00s eps=0.050 loss=3.7976
[ep 1008] loot         static_B_2020.02.27_18.39.27.csv block-001@4992s reward=QoE=   75.90 pacing=0.00s eps=0.050 loss=3.5377
[ep 1009] redandblack  driving_B_2020.02.27_17.30.15.csv block-002@413s reward=QoE=   12.69 pacing=0.00s eps=0.050 loss=3.8381
[ep 1010] soldier      driving_B_2019.12.16_12.27.05.csv block-000@240s reward=QoE=   29.22 pacing=0.00s eps=0.050 loss=3.7654
[ep 1011] longdress    static_B_2019.12.16_13.40.04.csv block-000@0s reward=QoE=   38.30 pacing=0.00s eps=0.050 loss=3.5351
[ep 1012] loot         driving_B_2019.12.16_12.27.05.csv block-000@1020s reward=QoE=   87.56 pacing=0.00s eps=0.050 loss=3.7235
[ep 1013] redandblack  driving_B_2020.02.14_12.58.17.csv block-002@536s reward=QoE=  -84.36 pacing=0.00s eps=0.050 loss=3.6966
[ep 1014] soldier      driving_B_2019.12.16_12.27.05.csv block-000@660s reward=QoE=  -68.01 pacing=0.00s eps=0.050 loss=3.6903
[ep 1015] longdress    driving_B_2020.02.13_15.02.01.csv block-000@1440s reward=QoE=   -2.01 pacing=0.00s eps=0.050 loss=3.4216
[ep 1016] loot         driving_B_2020.01.16_07.26.43.csv block-000@1380s reward=QoE=   28.50 pacing=0.00s eps=0.050 loss=3.7424
[ep 1017] redandblack  driving_B_2020.02.14_12.58.17.csv block-002@716s reward=QoE=   31.95 pacing=0.00s eps=0.050 loss=3.7590
[ep 1018] soldier      static_B_2020.02.27_18.39.27.csv block-001@6612s reward=QoE=   89.89 pacing=0.00s eps=0.050 loss=3.5326
[ep 1019] longdress    driving_B_2020.02.13_15.02.01.csv block-000@2580s reward=QoE=   19.49 pacing=0.00s eps=0.050 loss=3.6389
[ep 1020] loot         static_B_2020.02.27_18.39.27.csv block-001@3912s reward=QoE=   93.92 pacing=0.00s eps=0.050 loss=3.6178
[ep 1021] redandblack  driving_B_2020.01.16_12.10.03.csv block-000@180s reward=QoE=   85.95 pacing=0.00s eps=0.050 loss=3.8353
[ep 1022] soldier      driving_B_2020.01.16_12.10.03.csv block-000@60s reward=QoE=   47.06 pacing=0.00s eps=0.050 loss=3.2439
[ep 1023] longdress    driving_B_2020.02.13_13.03.24.csv block-000@480s reward=QoE=   11.30 pacing=0.00s eps=0.050 loss=3.2748
[ep 1024] loot         driving_B_2019.12.17_07.32.39.csv block-003@1714s reward=QoE=   22.58 pacing=0.00s eps=0.050 loss=3.4512
[ep 1025] redandblack  driving_B_2019.12.17_07.32.39.csv block-000@1320s reward=QoE=   35.52 pacing=0.00s eps=0.050 loss=3.3322
[ep 1026] soldier      driving_B_2020.02.14_12.58.17.csv block-002@536s reward=QoE= -133.41 pacing=0.00s eps=0.050 loss=3.5867
[ep 1027] longdress    driving_B_2020.02.13_13.03.24.csv block-001@1754s reward=QoE=   26.24 pacing=0.00s eps=0.050 loss=3.6495
[ep 1028] loot         driving_B_2020.02.27_17.30.15.csv block-002@353s reward=QoE=  -13.42 pacing=0.00s eps=0.050 loss=3.4891
[ep 1029] redandblack  driving_B_2020.02.27_17.30.15.csv block-002@533s reward=QoE=  -24.48 pacing=0.00s eps=0.050 loss=3.9128
[ep 1030] soldier      driving_B_2020.02.27_17.30.15.csv block-002@353s reward=QoE=  -44.55 pacing=0.00s eps=0.050 loss=3.8442
[ep 1031] longdress    driving_B_2020.01.16_07.26.43.csv block-000@540s reward=QoE=   17.21 pacing=0.00s eps=0.050 loss=3.7418
[ep 1032] loot         driving_B_2020.01.16_09.56.56.csv block-001@699s reward=QoE=   88.37 pacing=1.86s eps=0.050 loss=3.7908
[ep 1033] redandblack  static_B_2020.02.14_13.21.26.csv block-000@780s reward=QoE=   81.58 pacing=0.43s eps=0.050 loss=3.9459
[ep 1034] soldier      driving_B_2019.12.17_07.32.39.csv block-003@1654s reward=QoE=   17.38 pacing=0.00s eps=0.050 loss=3.6463
[ep 1035] longdress    static_B_2019.12.16_13.40.04.csv block-001@595s reward=QoE=   76.20 pacing=0.00s eps=0.050 loss=3.7391
[ep 1036] loot         driving_B_2020.02.13_15.02.01.csv block-000@1800s reward=QoE=  -23.49 pacing=0.00s eps=0.050 loss=3.8128
[ep 1037] redandblack  driving_B_2020.02.27_17.30.15.csv block-002@293s reward=QoE=  -35.88 pacing=0.00s eps=0.050 loss=3.7520
[ep 1038] soldier      driving_B_2020.02.27_17.30.15.csv block-002@473s reward=QoE= -244.86 pacing=0.00s eps=0.050 loss=3.9745
[ep 1039] longdress    driving_B_2020.02.14_09.38.22.csv block-000@1260s reward=QoE=   31.04 pacing=0.00s eps=0.050 loss=3.8839
[ep 1040] loot         driving_B_2020.01.16_07.26.43.csv block-000@960s reward=QoE=   18.76 pacing=0.00s eps=0.050 loss=4.0758
[ep 1041] redandblack  driving_B_2020.01.16_09.56.56.csv block-001@1299s reward=QoE=   66.87 pacing=0.00s eps=0.050 loss=3.4426
[ep 1042] soldier      driving_B_2020.01.16_07.26.43.csv block-000@1020s reward=QoE=   26.98 pacing=0.00s eps=0.050 loss=3.7729
[ep 1043] longdress    driving_B_2020.01.16_09.56.56.csv block-000@300s reward=QoE=   59.30 pacing=0.00s eps=0.050 loss=3.8953
[ep 1044] loot         driving_B_2020.02.13_15.02.01.csv block-000@2820s reward=QoE=   76.15 pacing=0.00s eps=0.050 loss=3.6171
[ep 1045] redandblack  static_B_2020.02.27_18.39.27.csv block-001@1452s reward=QoE=   91.30 pacing=0.00s eps=0.050 loss=3.6099
[ep 1046] soldier      driving_B_2020.02.14_12.58.17.csv block-002@596s reward=QoE=   25.76 pacing=0.00s eps=0.050 loss=3.7705
[ep 1047] longdress    static_B_2020.02.27_18.39.27.csv block-001@192s reward=QoE=   87.19 pacing=0.00s eps=0.050 loss=3.6646
[ep 1048] loot         static_B_2020.02.27_18.39.27.csv block-001@1932s reward=QoE=   47.03 pacing=0.00s eps=0.050 loss=4.0343
[ep 1049] redandblack  driving_B_2020.02.14_09.38.22.csv block-000@840s reward=QoE=   19.78 pacing=0.00s eps=0.050 loss=3.6147
[ep 1050] soldier      driving_B_2020.02.14_12.58.17.csv block-002@596s reward=QoE=   28.79 pacing=0.00s eps=0.050 loss=3.8561
[ep 1051] longdress    driving_B_2020.02.27_17.30.15.csv block-002@293s reward=QoE= -122.15 pacing=0.00s eps=0.050 loss=3.7948
[ep 1052] loot         driving_B_2020.02.14_12.58.17.csv block-002@656s reward=QoE=   57.60 pacing=0.00s eps=0.050 loss=3.5040
[ep 1053] redandblack  driving_B_2019.12.16_12.27.05.csv block-000@780s reward=QoE=   56.40 pacing=0.00s eps=0.050 loss=3.6928
[ep 1054] soldier      driving_B_2020.02.14_09.38.22.csv block-000@780s reward=QoE=   71.16 pacing=0.00s eps=0.050 loss=4.0479
[ep 1055] longdress    driving_B_2020.02.14_12.58.17.csv block-002@656s reward=QoE=   41.28 pacing=0.00s eps=0.050 loss=3.6241
[ep 1056] loot         driving_B_2019.12.16_12.27.05.csv block-000@1200s reward=QoE=   35.85 pacing=0.00s eps=0.050 loss=3.8036
[ep 1057] redandblack  static_B_2020.02.14_13.21.26.csv block-000@600s reward=QoE=   90.67 pacing=0.49s eps=0.050 loss=4.2168
[ep 1058] soldier      static_B_2019.12.16_13.40.04.csv block-000@300s reward=QoE=   33.27 pacing=0.00s eps=0.050 loss=3.9459
[ep 1059] longdress    driving_B_2020.01.16_07.26.43.csv block-000@840s reward=QoE=   44.88 pacing=0.00s eps=0.050 loss=3.7327
[ep 1060] loot         static_B_2020.02.27_18.39.27.csv block-001@552s reward=QoE=   71.54 pacing=0.00s eps=0.050 loss=3.7040
[ep 1061] redandblack  driving_B_2020.01.16_09.56.56.csv block-001@1479s reward=QoE=   59.19 pacing=0.00s eps=0.050 loss=3.6824
[ep 1062] soldier      driving_B_2019.12.17_07.32.39.csv block-004@2417s reward=QoE=   36.52 pacing=0.00s eps=0.050 loss=3.8310
[ep 1063] longdress    driving_B_2020.02.13_13.03.24.csv block-001@914s reward=QoE= -123.52 pacing=0.00s eps=0.050 loss=3.6787
[ep 1064] loot         driving_B_2020.01.16_12.10.03.csv block-000@0s reward=QoE=   67.28 pacing=2.12s eps=0.050 loss=3.6720
[ep 1065] redandblack  driving_B_2020.01.16_09.56.56.csv block-000@240s reward=QoE=   38.89 pacing=0.00s eps=0.050 loss=3.5639
[ep 1066] soldier      driving_B_2020.01.16_12.10.03.csv block-000@0s reward=QoE=   79.54 pacing=0.29s eps=0.050 loss=3.5696
[ep 1067] longdress    driving_B_2020.01.16_12.10.03.csv block-000@240s reward=QoE=   84.06 pacing=0.00s eps=0.050 loss=3.7931
[ep 1068] loot         driving_B_2020.02.14_09.38.22.csv block-000@1440s reward=QoE=   83.33 pacing=0.43s eps=0.050 loss=3.8336
[ep 1069] redandblack  driving_B_2020.01.16_07.26.43.csv block-000@480s reward=QoE=   -2.29 pacing=0.00s eps=0.050 loss=3.8182
[ep 1070] soldier      driving_B_2020.01.16_12.10.03.csv block-000@300s reward=QoE=   11.82 pacing=0.00s eps=0.050 loss=3.9041
[ep 1071] longdress    driving_B_2020.02.14_09.38.22.csv block-000@240s reward=QoE=  -10.47 pacing=0.00s eps=0.050 loss=4.1799
[ep 1072] loot         static_B_2020.02.14_13.21.26.csv block-000@960s reward=QoE=   45.72 pacing=0.00s eps=0.050 loss=4.1371
[ep 1073] redandblack  driving_B_2020.02.13_15.02.01.csv block-000@2760s reward=QoE=   -0.61 pacing=0.00s eps=0.050 loss=4.0450
[ep 1074] soldier      driving_B_2020.01.16_07.26.43.csv block-000@600s reward=QoE=   27.19 pacing=0.00s eps=0.050 loss=4.0692
[ep 1075] longdress    driving_B_2020.01.16_12.10.03.csv block-000@60s reward=QoE=   24.85 pacing=0.00s eps=0.050 loss=3.6644
[ep 1076] loot         driving_B_2020.02.14_09.38.22.csv block-000@180s reward=QoE=   12.86 pacing=0.00s eps=0.050 loss=3.6962
[ep 1077] redandblack  static_B_2019.12.16_13.40.04.csv block-005@1886s reward=QoE=   58.62 pacing=0.00s eps=0.050 loss=3.9838
[ep 1078] soldier      driving_B_2020.01.16_12.10.03.csv block-000@360s reward=QoE=   41.29 pacing=0.00s eps=0.050 loss=3.8126
[ep 1079] longdress    static_B_2020.02.27_18.39.27.csv block-001@5472s reward=QoE=   61.66 pacing=1.41s eps=0.050 loss=3.9433
[ep 1080] loot         driving_B_2020.02.13_15.02.01.csv block-000@1560s reward=QoE=   21.81 pacing=0.00s eps=0.050 loss=3.8991
[ep 1081] redandblack  driving_B_2020.02.13_13.03.24.csv block-001@1034s reward=QoE=   23.40 pacing=0.00s eps=0.050 loss=3.8353
[ep 1082] soldier      driving_B_2020.02.13_15.02.01.csv block-000@1500s reward=QoE=  -17.50 pacing=0.00s eps=0.050 loss=3.9665
[ep 1083] longdress    driving_B_2020.02.27_17.30.15.csv block-002@533s reward=QoE=  -11.37 pacing=0.00s eps=0.050 loss=3.8516
[ep 1084] loot         driving_B_2020.01.16_09.56.56.csv block-000@240s reward=QoE=   31.29 pacing=0.00s eps=0.050 loss=3.9988
[ep 1085] redandblack  static_B_2020.02.27_18.39.27.csv block-001@1872s reward=QoE=   52.33 pacing=0.00s eps=0.050 loss=3.8865
[ep 1086] soldier      driving_B_2020.02.13_13.03.24.csv block-000@360s reward=QoE=   12.86 pacing=0.00s eps=0.050 loss=3.8772
[ep 1087] longdress    driving_B_2020.01.16_12.10.03.csv block-000@0s reward=QoE=   69.93 pacing=0.74s eps=0.050 loss=4.2015
[ep 1088] loot         static_B_2019.12.16_13.40.04.csv block-005@2006s reward=QoE=   50.42 pacing=0.00s eps=0.050 loss=4.0857
[ep 1089] redandblack  driving_B_2020.02.14_12.58.17.csv block-000@0s reward=QoE=   12.85 pacing=0.96s eps=0.050 loss=4.1184
[ep 1090] soldier      driving_B_2020.02.13_15.02.01.csv block-000@1200s reward=QoE=   30.38 pacing=0.00s eps=0.050 loss=4.2830
[ep 1091] longdress    driving_B_2020.01.16_07.26.43.csv block-000@1140s reward=QoE=   33.73 pacing=0.00s eps=0.050 loss=3.7081
[ep 1092] loot         driving_B_2020.01.16_09.56.56.csv block-000@0s reward=QoE=   35.79 pacing=0.00s eps=0.050 loss=3.6413
[ep 1093] redandblack  static_B_2020.02.27_18.39.27.csv block-001@5592s reward=QoE=   11.68 pacing=0.00s eps=0.050 loss=3.8767
[ep 1094] soldier      static_B_2019.12.16_13.40.04.csv block-001@775s reward=QoE=   87.46 pacing=0.22s eps=0.050 loss=3.8053
[ep 1095] longdress    driving_B_2020.02.14_09.38.22.csv block-000@1200s reward=QoE=  -28.22 pacing=0.00s eps=0.050 loss=4.0389
[ep 1096] loot         driving_B_2019.12.16_12.27.05.csv block-000@900s reward=QoE=   79.36 pacing=1.57s eps=0.050 loss=4.1037
[ep 1097] redandblack  driving_B_2019.12.16_12.27.05.csv block-000@360s reward=QoE=    9.97 pacing=0.00s eps=0.050 loss=3.7327
[ep 1098] soldier      driving_B_2019.12.16_12.27.05.csv block-000@1260s reward=QoE=   85.69 pacing=0.00s eps=0.050 loss=3.9532
[ep 1099] longdress    static_B_2020.02.14_13.21.26.csv block-000@840s reward=QoE=   66.49 pacing=0.14s eps=0.050 loss=4.0866
[ep 1100] loot         driving_B_2020.02.13_13.03.24.csv block-000@240s reward=QoE=   28.69 pacing=0.00s eps=0.050 loss=3.8573
[ep 1101] redandblack  driving_B_2020.01.16_09.56.56.csv block-001@1539s reward=QoE=   71.68 pacing=0.00s eps=0.050 loss=3.9387
[ep 1102] soldier      static_B_2019.12.16_13.40.04.csv block-001@895s reward=QoE=   47.68 pacing=0.00s eps=0.050 loss=3.7158
[ep 1103] longdress    static_B_2020.02.14_13.21.26.csv block-000@1080s reward=QoE=   79.03 pacing=0.00s eps=0.050 loss=3.9126
[ep 1104] loot         static_B_2019.12.16_13.40.04.csv block-000@240s reward=QoE=   47.83 pacing=0.00s eps=0.050 loss=3.8700
[ep 1105] redandblack  static_B_2019.12.16_13.40.04.csv block-005@1706s reward=QoE=   71.24 pacing=0.00s eps=0.050 loss=3.9408
[ep 1106] soldier      static_B_2020.02.14_13.21.26.csv block-000@720s reward=QoE=   69.97 pacing=0.00s eps=0.050 loss=3.7656
[ep 1107] longdress    driving_B_2020.02.14_12.58.17.csv block-002@656s reward=QoE=   27.63 pacing=0.45s eps=0.050 loss=3.6258
[ep 1108] loot         driving_B_2020.02.14_09.38.22.csv block-000@1560s reward=QoE=   47.15 pacing=0.00s eps=0.050 loss=4.3460
[ep 1109] redandblack  driving_B_2019.12.17_07.32.39.csv block-003@1594s reward=QoE=   25.13 pacing=0.00s eps=0.050 loss=3.9856
[ep 1110] soldier      driving_B_2019.12.16_12.27.05.csv block-000@180s reward=QoE=   18.44 pacing=0.00s eps=0.050 loss=4.1844
[ep 1111] longdress    driving_B_2020.01.16_07.26.43.csv block-000@0s reward=QoE=   23.41 pacing=0.06s eps=0.050 loss=4.0772
[ep 1112] loot         driving_B_2020.01.16_07.26.43.csv block-000@1560s reward=QoE=   23.36 pacing=0.00s eps=0.050 loss=4.1747
[ep 1113] redandblack  driving_B_2020.02.14_09.38.22.csv block-000@120s reward=QoE=   21.34 pacing=0.00s eps=0.050 loss=3.8361
[ep 1114] soldier      driving_B_2019.12.16_12.27.05.csv block-000@960s reward=QoE=   66.16 pacing=0.00s eps=0.050 loss=4.0830
[ep 1115] longdress    driving_B_2020.01.16_09.56.56.csv block-001@1119s reward=QoE=   71.55 pacing=0.00s eps=0.050 loss=4.0451
[ep 1116] loot         static_B_2020.02.14_13.21.26.csv block-000@1080s reward=QoE=   67.87 pacing=0.64s eps=0.050 loss=3.7230
[ep 1117] redandblack  driving_B_2020.02.13_13.03.24.csv block-001@974s reward=QoE=   21.68 pacing=0.00s eps=0.050 loss=4.0430
[ep 1118] soldier      driving_B_2020.02.13_13.03.24.csv block-000@0s reward=QoE=   -4.37 pacing=0.00s eps=0.050 loss=4.1118
[ep 1119] longdress    driving_B_2020.02.14_09.38.22.csv block-000@420s reward=QoE=   -0.05 pacing=0.00s eps=0.050 loss=3.9849
[ep 1120] loot         driving_B_2020.01.16_07.26.43.csv block-000@1260s reward=QoE=   37.71 pacing=0.00s eps=0.050 loss=4.0576
[ep 1121] redandblack  driving_B_2020.01.16_07.26.43.csv block-000@1860s reward=QoE=   28.21 pacing=0.00s eps=0.050 loss=3.7758
[ep 1122] soldier      driving_B_2020.02.14_12.58.17.csv block-000@0s reward=QoE=   23.02 pacing=0.01s eps=0.050 loss=3.6839
[ep 1123] longdress    static_B_2020.02.14_13.21.26.csv block-000@300s reward=QoE=   44.10 pacing=0.00s eps=0.050 loss=4.2727
[ep 1124] loot         driving_B_2020.02.27_17.30.15.csv block-002@413s reward=QoE=   28.35 pacing=0.00s eps=0.050 loss=3.6778
[ep 1125] redandblack  static_B_2020.02.27_18.39.27.csv block-001@6072s reward=QoE=   83.76 pacing=0.54s eps=0.050 loss=3.8043
[ep 1126] soldier      driving_B_2020.02.14_12.58.17.csv block-002@596s reward=QoE=    9.92 pacing=0.00s eps=0.050 loss=3.4041
[ep 1127] longdress    driving_B_2020.02.13_15.02.01.csv block-000@780s reward=QoE=   27.43 pacing=0.40s eps=0.050 loss=4.2148
[ep 1128] loot         driving_B_2020.01.16_12.10.03.csv block-000@240s reward=QoE=   77.10 pacing=1.16s eps=0.050 loss=3.7825
[ep 1129] redandblack  driving_B_2020.02.13_15.02.01.csv block-000@2100s reward=QoE=   23.82 pacing=0.00s eps=0.050 loss=4.0019
[ep 1130] soldier      driving_B_2020.01.16_12.10.03.csv block-000@300s reward=QoE=   17.25 pacing=0.00s eps=0.050 loss=3.7824
[ep 1131] longdress    static_B_2019.12.16_13.40.04.csv block-005@1766s reward=QoE=   80.09 pacing=0.19s eps=0.050 loss=3.9599
[ep 1132] loot         driving_B_2020.02.13_15.02.01.csv block-000@900s reward=QoE=   29.20 pacing=0.00s eps=0.050 loss=4.0529
[ep 1133] redandblack  static_B_2020.02.27_18.39.27.csv block-001@4092s reward=QoE=   43.52 pacing=0.00s eps=0.050 loss=3.9380
[ep 1134] soldier      driving_B_2020.02.14_09.38.22.csv block-000@1500s reward=QoE=   26.42 pacing=0.00s eps=0.050 loss=3.8916
[ep 1135] longdress    driving_B_2020.02.13_13.03.24.csv block-000@60s reward=QoE=   25.69 pacing=0.00s eps=0.050 loss=4.0762
[ep 1136] loot         driving_B_2020.02.14_12.58.17.csv block-000@0s reward=QoE=   23.79 pacing=0.00s eps=0.050 loss=4.1781
[ep 1137] redandblack  driving_B_2019.12.16_12.27.05.csv block-000@660s reward=QoE=  -31.58 pacing=0.00s eps=0.050 loss=3.7583
[ep 1138] soldier      driving_B_2020.02.27_17.30.15.csv block-002@353s reward=QoE=  -35.98 pacing=0.00s eps=0.050 loss=3.7804
[ep 1139] longdress    driving_B_2020.01.16_07.26.43.csv block-000@1740s reward=QoE=   26.07 pacing=0.00s eps=0.050 loss=3.7853
[ep 1140] loot         driving_B_2020.01.16_09.56.56.csv block-001@999s reward=QoE=   35.89 pacing=0.00s eps=0.050 loss=3.8353
[ep 1141] redandblack  driving_B_2020.01.16_12.10.03.csv block-000@240s reward=QoE=   87.02 pacing=0.29s eps=0.050 loss=4.1376
[ep 1142] soldier      driving_B_2020.02.13_13.03.24.csv block-000@180s reward=QoE=   16.35 pacing=0.00s eps=0.050 loss=3.9042
[ep 1143] longdress    static_B_2020.02.14_13.21.26.csv block-000@240s reward=QoE=   86.63 pacing=0.00s eps=0.050 loss=3.9766
[ep 1144] loot         static_B_2020.02.14_13.21.26.csv block-000@480s reward=QoE=   71.94 pacing=1.38s eps=0.050 loss=3.6332
[ep 1145] redandblack  driving_B_2020.01.16_09.56.56.csv block-001@1659s reward=QoE=   56.01 pacing=1.89s eps=0.050 loss=4.2796
[ep 1146] soldier      driving_B_2019.12.16_12.27.05.csv block-000@120s reward=QoE=   23.09 pacing=0.00s eps=0.050 loss=4.0346
[ep 1147] longdress    driving_B_2020.02.27_17.30.15.csv block-002@533s reward=QoE=  -35.70 pacing=0.00s eps=0.050 loss=4.3569
[ep 1148] loot         driving_B_2020.01.16_09.56.56.csv block-001@699s reward=QoE=   85.79 pacing=2.17s eps=0.050 loss=3.9536
[ep 1149] redandblack  driving_B_2020.01.16_09.56.56.csv block-001@639s reward=QoE=   75.43 pacing=0.00s eps=0.050 loss=4.0427
[ep 1150] soldier      driving_B_2020.02.14_12.58.17.csv block-002@596s reward=QoE=   27.30 pacing=0.00s eps=0.050 loss=4.2045
[ep 1151] longdress    driving_B_2020.01.16_12.10.03.csv block-000@60s reward=QoE=   37.03 pacing=0.00s eps=0.050 loss=4.2050
[ep 1152] loot         static_B_2020.02.14_13.21.26.csv block-000@1020s reward=QoE=   71.40 pacing=1.06s eps=0.050 loss=4.4151
[ep 1153] redandblack  driving_B_2020.01.16_07.26.43.csv block-000@780s reward=QoE=   30.24 pacing=0.00s eps=0.050 loss=4.2683
[ep 1154] soldier      static_B_2020.02.27_18.39.27.csv block-001@1092s reward=QoE=   58.53 pacing=0.00s eps=0.050 loss=3.8867
[ep 1155] longdress    driving_B_2020.02.13_13.03.24.csv block-001@1634s reward=QoE=   31.18 pacing=0.00s eps=0.050 loss=4.2434
[ep 1156] loot         driving_B_2020.01.16_07.26.43.csv block-000@60s reward=QoE=   40.13 pacing=0.00s eps=0.050 loss=4.2264
[ep 1157] redandblack  driving_B_2020.02.27_17.30.15.csv block-002@473s reward=QoE= -167.56 pacing=0.00s eps=0.050 loss=3.9421
[ep 1158] soldier      driving_B_2020.02.13_13.03.24.csv block-000@420s reward=QoE=   21.34 pacing=0.00s eps=0.050 loss=4.4388
[ep 1159] longdress    driving_B_2020.02.13_13.03.24.csv block-001@1154s reward=QoE=   24.21 pacing=0.00s eps=0.050 loss=3.9680
[ep 1160] loot         static_B_2020.02.14_13.21.26.csv block-000@60s reward=QoE=   88.74 pacing=1.77s eps=0.050 loss=3.9469
[ep 1161] redandblack  static_B_2019.12.16_13.40.04.csv block-005@1406s reward=QoE=   46.72 pacing=0.00s eps=0.050 loss=4.0657
[ep 1162] soldier      driving_B_2019.12.17_07.32.39.csv block-000@1080s reward=QoE=   19.49 pacing=0.00s eps=0.050 loss=4.0085
[ep 1163] longdress    driving_B_2020.02.13_15.02.01.csv block-000@1140s reward=QoE=   76.72 pacing=0.00s eps=0.050 loss=4.1625
[ep 1164] loot         driving_B_2020.02.27_17.30.15.csv block-002@413s reward=QoE=   21.98 pacing=0.00s eps=0.050 loss=4.1987
[ep 1165] redandblack  static_B_2020.02.27_18.39.27.csv block-001@72s reward=QoE=   68.15 pacing=1.25s eps=0.050 loss=3.9842
[ep 1166] soldier      driving_B_2020.02.13_15.02.01.csv block-000@1020s reward=QoE=   77.09 pacing=0.57s eps=0.050 loss=4.0077
[ep 1167] longdress    driving_B_2020.02.13_13.03.24.csv block-007@2290s reward=QoE=  -40.04 pacing=0.00s eps=0.050 loss=4.1151
[ep 1168] loot         driving_B_2019.12.17_07.32.39.csv block-000@360s reward=QoE=   36.79 pacing=0.00s eps=0.050 loss=4.1160
[ep 1169] redandblack  driving_B_2020.02.14_09.38.22.csv block-000@660s reward=QoE=   37.53 pacing=0.43s eps=0.050 loss=4.1666
[ep 1170] soldier      driving_B_2020.02.14_12.58.17.csv block-002@656s reward=QoE=   21.10 pacing=0.00s eps=0.050 loss=3.8032
[ep 1171] longdress    static_B_2020.02.14_13.21.26.csv block-000@1020s reward=QoE=   85.89 pacing=0.00s eps=0.050 loss=4.2461
[ep 1172] loot         driving_B_2020.01.16_12.10.03.csv block-000@120s reward=QoE=   91.54 pacing=0.48s eps=0.050 loss=3.8410
[ep 1173] redandblack  static_B_2020.02.27_18.39.27.csv block-001@4152s reward=QoE=   86.48 pacing=0.31s eps=0.050 loss=3.9537
[ep 1174] soldier      driving_B_2020.01.16_07.26.43.csv block-000@660s reward=QoE=   21.81 pacing=0.00s eps=0.050 loss=4.3136
[ep 1175] longdress    driving_B_2020.01.16_09.56.56.csv block-001@879s reward=QoE=   39.76 pacing=0.52s eps=0.050 loss=4.1002
[ep 1176] loot         driving_B_2020.01.16_12.10.03.csv block-000@360s reward=QoE=   49.25 pacing=0.08s eps=0.050 loss=3.7932
[ep 1177] redandblack  driving_B_2020.02.27_17.30.15.csv block-002@473s reward=QoE= -130.22 pacing=0.00s eps=0.050 loss=3.6661
[ep 1178] soldier      driving_B_2020.02.14_09.38.22.csv block-000@300s reward=QoE=  -24.92 pacing=0.00s eps=0.050 loss=4.1218
[ep 1179] longdress    driving_B_2020.02.13_13.03.24.csv block-001@1274s reward=QoE=   24.62 pacing=0.48s eps=0.050 loss=3.9568
[ep 1180] loot         driving_B_2019.12.16_12.27.05.csv block-000@420s reward=QoE=  -82.93 pacing=0.00s eps=0.050 loss=3.8424
[ep 1181] redandblack  driving_B_2019.12.17_07.32.39.csv block-003@2074s reward=QoE=   26.54 pacing=0.00s eps=0.050 loss=4.1825
[ep 1182] soldier      driving_B_2020.02.27_17.30.15.csv block-002@353s reward=QoE=  -31.68 pacing=0.00s eps=0.050 loss=3.6665
[ep 1183] longdress    driving_B_2020.02.14_09.38.22.csv block-000@960s reward=QoE=   56.52 pacing=0.00s eps=0.050 loss=4.2820
[ep 1184] loot         driving_B_2020.02.14_12.58.17.csv block-002@716s reward=QoE=   24.99 pacing=0.00s eps=0.050 loss=4.0383
[ep 1185] redandblack  static_B_2020.02.27_18.39.27.csv block-001@2412s reward=QoE=   52.84 pacing=0.00s eps=0.050 loss=3.7623
[ep 1186] soldier      driving_B_2019.12.16_12.27.05.csv block-000@900s reward=QoE=   85.01 pacing=0.83s eps=0.050 loss=4.2820
[ep 1187] longdress    driving_B_2020.01.16_12.10.03.csv block-000@240s reward=QoE=   80.03 pacing=0.00s eps=0.050 loss=4.0013
[ep 1188] loot         driving_B_2020.02.27_17.30.15.csv block-002@293s reward=QoE= -166.69 pacing=0.00s eps=0.050 loss=4.1135
[ep 1189] redandblack  static_B_2019.12.16_13.40.04.csv block-001@955s reward=QoE=   79.49 pacing=0.00s eps=0.050 loss=3.7432
[ep 1190] soldier      driving_B_2020.01.16_12.10.03.csv block-000@120s reward=QoE=   83.60 pacing=0.00s eps=0.050 loss=4.2080
[ep 1191] longdress    driving_B_2020.02.13_13.03.24.csv block-000@120s reward=QoE=    0.71 pacing=0.00s eps=0.050 loss=4.1857
[ep 1192] loot         driving_B_2020.02.14_12.58.17.csv block-002@596s reward=QoE=    8.08 pacing=0.00s eps=0.050 loss=3.8778
[ep 1193] redandblack  static_B_2020.02.14_13.21.26.csv block-000@360s reward=QoE=   72.74 pacing=0.00s eps=0.050 loss=4.2745
[ep 1194] soldier      driving_B_2020.02.14_09.38.22.csv block-000@720s reward=QoE=   90.59 pacing=0.00s eps=0.050 loss=4.0722
[ep 1195] longdress    driving_B_2020.02.27_17.30.15.csv block-002@413s reward=QoE=  -14.94 pacing=0.00s eps=0.050 loss=4.2422
[ep 1196] loot         driving_B_2019.12.17_07.32.39.csv block-000@0s reward=QoE=   28.35 pacing=0.00s eps=0.050 loss=4.0449
[ep 1197] redandblack  driving_B_2020.01.16_09.56.56.csv block-001@1719s reward=QoE=   73.85 pacing=0.00s eps=0.050 loss=3.9808
[ep 1198] soldier      driving_B_2019.12.17_07.32.39.csv block-000@420s reward=QoE=   33.80 pacing=0.00s eps=0.050 loss=4.5894
[ep 1199] longdress    static_B_2020.02.14_13.21.26.csv block-000@840s reward=QoE=   91.43 pacing=0.00s eps=0.050 loss=4.5319
[ep 1200] loot         static_B_2020.02.27_18.39.27.csv block-001@2112s reward=QoE=   14.43 pacing=0.00s eps=0.050 loss=4.2771
    [eval @ ep 1200] reward=QoE=39.06 mean_q=0.544 stall=0.6s
[ep 1201] redandblack  driving_B_2020.02.27_17.30.15.csv block-002@533s reward=QoE=  -73.90 pacing=0.00s eps=0.050 loss=4.4073
[ep 1202] soldier      static_B_2019.12.16_13.40.04.csv block-000@360s reward=QoE=   26.96 pacing=0.00s eps=0.050 loss=4.1423
[ep 1203] longdress    driving_B_2020.02.13_15.02.01.csv block-000@840s reward=QoE=   31.81 pacing=0.00s eps=0.050 loss=4.3332
[ep 1204] loot         driving_B_2020.01.16_12.10.03.csv block-000@300s reward=QoE=   42.82 pacing=0.00s eps=0.050 loss=4.3027
[ep 1205] redandblack  driving_B_2019.12.17_07.32.39.csv block-000@480s reward=QoE=   84.96 pacing=0.00s eps=0.050 loss=3.8510
[ep 1206] soldier      driving_B_2020.01.16_09.56.56.csv block-000@180s reward=QoE=   25.89 pacing=0.00s eps=0.050 loss=4.2577
[ep 1207] longdress    driving_B_2019.12.16_12.27.05.csv block-000@180s reward=QoE=   -8.67 pacing=0.00s eps=0.050 loss=4.2048
[ep 1208] loot         driving_B_2020.02.27_17.30.15.csv block-002@293s reward=QoE=  -49.92 pacing=0.00s eps=0.050 loss=4.4439
[ep 1209] redandblack  driving_B_2020.01.16_09.56.56.csv block-001@579s reward=QoE=   57.68 pacing=0.00s eps=0.050 loss=4.3994
[ep 1210] soldier      driving_B_2020.01.16_12.10.03.csv block-000@180s reward=QoE=   83.67 pacing=0.00s eps=0.050 loss=4.2885
[ep 1211] longdress    static_B_2019.12.16_13.40.04.csv block-005@1586s reward=QoE=   17.54 pacing=0.00s eps=0.050 loss=4.3542
[ep 1212] loot         driving_B_2020.02.13_13.03.24.csv block-001@1214s reward=QoE=    9.73 pacing=0.00s eps=0.050 loss=4.4110
[ep 1213] redandblack  driving_B_2020.02.13_13.03.24.csv block-001@1454s reward=QoE=   17.29 pacing=0.00s eps=0.050 loss=4.5243
[ep 1214] soldier      static_B_2020.02.27_18.39.27.csv block-001@5892s reward=QoE=   89.74 pacing=0.00s eps=0.050 loss=4.3629
[ep 1215] longdress    driving_B_2019.12.17_07.32.39.csv block-003@1834s reward=QoE=   -3.95 pacing=0.00s eps=0.050 loss=4.3559
[ep 1216] loot         driving_B_2020.02.13_15.02.01.csv block-000@960s reward=QoE=   76.55 pacing=0.00s eps=0.050 loss=4.2385
[ep 1217] redandblack  driving_B_2020.01.16_12.10.03.csv block-000@360s reward=QoE=   73.65 pacing=0.00s eps=0.050 loss=4.2028
[ep 1218] soldier      driving_B_2020.02.14_12.58.17.csv block-002@716s reward=QoE=    2.41 pacing=0.00s eps=0.050 loss=3.9293
[ep 1219] longdress    driving_B_2020.01.16_07.26.43.csv block-000@720s reward=QoE=   22.92 pacing=0.00s eps=0.050 loss=3.8913
[ep 1220] loot         static_B_2020.02.27_18.39.27.csv block-001@3672s reward=QoE=   65.34 pacing=1.62s eps=0.050 loss=4.1806
[ep 1221] redandblack  static_B_2019.12.16_13.40.04.csv block-000@60s reward=QoE=   53.15 pacing=0.00s eps=0.050 loss=4.0588
[ep 1222] soldier      driving_B_2020.02.14_12.58.17.csv block-002@596s reward=QoE=  -21.97 pacing=0.00s eps=0.050 loss=3.9583
[ep 1223] longdress    driving_B_2020.01.16_12.10.03.csv block-000@180s reward=QoE=   81.06 pacing=0.00s eps=0.050 loss=4.2095
[ep 1224] loot         driving_B_2020.02.14_09.38.22.csv block-000@1320s reward=QoE=   16.17 pacing=0.00s eps=0.050 loss=3.9572
[ep 1225] redandblack  driving_B_2020.01.16_07.26.43.csv block-000@360s reward=QoE=  -51.91 pacing=0.00s eps=0.050 loss=4.2886
[ep 1226] soldier      driving_B_2020.02.27_17.30.15.csv block-002@293s reward=QoE= -153.35 pacing=0.00s eps=0.050 loss=4.5415
[ep 1227] longdress    driving_B_2020.02.13_13.03.24.csv block-000@660s reward=QoE=   -6.24 pacing=0.00s eps=0.050 loss=4.3451
[ep 1228] loot         driving_B_2019.12.17_07.32.39.csv block-004@2237s reward=QoE=    3.46 pacing=0.00s eps=0.050 loss=4.0610
[ep 1229] redandblack  driving_B_2020.02.14_09.38.22.csv block-000@1080s reward=QoE=   84.12 pacing=0.00s eps=0.050 loss=4.7766
[ep 1230] soldier      driving_B_2020.01.16_07.26.43.csv block-000@1080s reward=QoE=   14.70 pacing=0.04s eps=0.050 loss=4.1415
[ep 1231] longdress    driving_B_2020.02.14_09.38.22.csv block-000@180s reward=QoE=   -6.78 pacing=0.00s eps=0.050 loss=4.3897
[ep 1232] loot         driving_B_2020.01.16_07.26.43.csv block-000@240s reward=QoE=   29.17 pacing=0.00s eps=0.050 loss=4.2270
[ep 1233] redandblack  driving_B_2020.02.13_13.03.24.csv block-001@1814s reward=QoE=   19.48 pacing=0.00s eps=0.050 loss=4.3548
[ep 1234] soldier      static_B_2019.12.16_13.40.04.csv block-000@120s reward=QoE=   78.82 pacing=0.00s eps=0.050 loss=4.1634
[ep 1235] longdress    static_B_2020.02.14_13.21.26.csv block-000@960s reward=QoE=   45.70 pacing=0.00s eps=0.050 loss=4.1321
[ep 1236] loot         driving_B_2020.02.14_12.58.17.csv block-000@0s reward=QoE=    8.27 pacing=0.00s eps=0.050 loss=4.3205
[ep 1237] redandblack  static_B_2019.12.16_13.40.04.csv block-001@1075s reward=QoE=   33.48 pacing=0.00s eps=0.050 loss=4.4564
[ep 1238] soldier      driving_B_2020.01.16_09.56.56.csv block-001@1359s reward=QoE=   21.07 pacing=0.00s eps=0.050 loss=3.9644
[ep 1239] longdress    driving_B_2019.12.16_12.27.05.csv block-000@720s reward=QoE=    4.39 pacing=0.00s eps=0.050 loss=4.4141
[ep 1240] loot         driving_B_2020.02.13_15.02.01.csv block-000@1320s reward=QoE=   30.12 pacing=0.00s eps=0.050 loss=4.5065
[ep 1241] redandblack  driving_B_2019.12.17_07.32.39.csv block-000@180s reward=QoE=   21.85 pacing=0.00s eps=0.050 loss=4.2360
[ep 1242] soldier      driving_B_2020.02.13_15.02.01.csv block-000@2040s reward=QoE=   45.66 pacing=0.00s eps=0.050 loss=4.3146
[ep 1243] longdress    static_B_2020.02.14_13.21.26.csv block-000@360s reward=QoE=   50.60 pacing=0.00s eps=0.050 loss=4.2461
[ep 1244] loot         driving_B_2019.12.16_12.27.05.csv block-000@540s reward=QoE=  -19.73 pacing=0.00s eps=0.050 loss=4.2102
[ep 1245] redandblack  driving_B_2020.02.27_17.30.15.csv block-002@533s reward=QoE=  -76.40 pacing=0.00s eps=0.050 loss=4.1709
[ep 1246] soldier      driving_B_2020.01.16_07.26.43.csv block-000@120s reward=QoE=   27.34 pacing=0.00s eps=0.050 loss=4.1597
[ep 1247] longdress    driving_B_2020.02.14_12.58.17.csv block-002@716s reward=QoE=    6.76 pacing=0.00s eps=0.050 loss=4.0070
[ep 1248] loot         driving_B_2020.01.16_07.26.43.csv block-000@420s reward=QoE=   -3.58 pacing=0.00s eps=0.050 loss=3.8751
    [eval @ final] reward=QoE=38.00 mean_q=0.518 stall=0.3s
==========================================================================================
✅ Training done. untrained qoe_quality=17.16 -> final 38.00 (best=41.56)
📦 Saved: C:\Users\Nima\PointCloudStreaming\logs\train_runs\20260720_005851_wide\sweep\screen\trial_007_s42\abr_dqn.pkl  (+ C:\Users\Nima\PointCloudStreaming\logs\train_runs\20260720_005851_wide\sweep\screen\trial_007_s42\abr_dqn_best.pkl)
🧾 History: C:\Users\Nima\PointCloudStreaming\logs\train_runs\20260720_005851_wide\sweep\screen\trial_007_s42\abr_dqn_train_history.json
🧾 Summary: C:\Users\Nima\PointCloudStreaming\logs\train_runs\20260720_005851_wide\sweep\screen\trial_007_s42\train_summary.json
