episode,sequence,file,offset,reward,qoe,qoe_quality,epsilon,mean_loss
1,longdress,static_B_2020.02.13_13.57.29.csv,78,-70.6700,0.00,-182.15,0.9990,0.185074
2,loot,static_B_2020.02.27_18.39.27.csv,2448,-31.2323,0.00,-118.31,0.9980,0.159748
3,redandblack,static_B_2020.02.13_13.57.29.csv,378,-68.3187,0.00,-191.51,0.9970,0.150362
4,soldier,static_B_2019.12.16_13.40.04.csv,1262,-82.8561,0.00,-163.32,0.9960,0.155878
5,longdress,static_B_2020.02.27_18.39.27.csv,3768,-44.9407,0.00,-168.34,0.9950,0.162619
6,loot,static_B_2020.02.27_18.39.27.csv,3888,-31.5254,0.00,-146.04,0.9940,0.155839
7,redandblack,static_B_2020.02.27_18.39.27.csv,2028,-17.2104,0.00,-119.95,0.9930,0.160145
8,soldier,static_B_2020.02.27_18.39.27.csv,828,-35.0873,0.00,-111.82,0.9920,0.157303
9,longdress,static_B_2020.02.13_13.57.29.csv,2945,-39.6128,0.00,-147.68,0.9911,0.151252
10,loot,static_B_2020.02.27_18.39.27.csv,1488,-29.2766,0.00,-151.63,0.9901,0.146722
11,redandblack,static_B_2019.12.16_13.40.04.csv,1022,-30.0747,0.00,-108.65,0.9891,0.161370
12,soldier,static_B_2020.02.27_18.39.27.csv,3708,-13.4493,0.00,-98.81,0.9881,0.155579
13,longdress,static_B_2020.02.27_18.39.27.csv,5742,-23.8456,0.00,-140.81,0.9871,0.154028
14,loot,static_B_2020.02.27_18.39.27.csv,2628,-56.6976,0.00,-256.38,0.9861,0.141450
15,redandblack,static_B_2020.02.27_18.39.27.csv,5742,-38.1793,0.00,-162.74,0.9851,0.161012
16,soldier,static_B_2020.02.27_18.39.27.csv,1248,-3.8228,0.00,-87.47,0.9841,0.155394
17,longdress,static_B_2020.02.27_18.39.27.csv,2328,-257.8502,0.00,-553.78,0.9831,0.158113
18,loot,static_B_2020.02.27_18.39.27.csv,288,-50.0907,0.00,-123.94,0.9821,0.163247
19,redandblack,static_B_2019.12.16_13.40.04.csv,302,-83.3505,0.00,-177.86,0.9811,0.149988
20,soldier,static_B_2020.02.27_18.39.27.csv,4548,-42.1490,0.00,-111.76,0.9801,0.156222
21,longdress,static_B_2020.02.27_18.39.27.csv,4608,-63.8671,0.00,-137.49,0.9791,0.164028
22,loot,static_B_2020.02.13_13.57.29.csv,1278,-49.3962,0.00,-128.19,0.9781,0.163512
23,redandblack,static_B_2020.02.27_18.39.27.csv,1788,-190.2229,0.00,-547.79,0.9771,0.157994
24,soldier,static_B_2020.02.13_13.57.29.csv,1518,-90.4083,0.00,-162.66,0.9761,0.170984
25,longdress,static_B_2020.02.27_18.39.27.csv,468,-24.7208,0.00,-101.44,0.9751,0.175274
26,loot,static_B_2020.02.27_18.39.27.csv,768,-16.9630,0.00,-119.95,0.9741,0.170416
27,redandblack,static_B_2020.02.27_18.39.27.csv,108,-43.0838,0.00,-157.56,0.9732,0.166684
28,soldier,static_B_2019.12.16_13.40.04.csv,1802,-65.8257,0.00,-157.94,0.9722,0.160158
29,longdress,static_B_2020.02.13_13.57.29.csv,2718,-72.8466,0.00,-144.24,0.9712,0.176132
30,loot,static_B_2020.02.27_18.39.27.csv,1188,-39.5453,0.00,-156.02,0.9702,0.166439
31,redandblack,static_B_2020.02.13_13.57.29.csv,2298,-51.9117,0.00,-123.42,0.9692,0.164906
32,soldier,static_B_2020.02.27_18.39.27.csv,48,13.6746,0.00,-79.44,0.9682,0.161920
33,longdress,static_B_2020.02.14_13.21.26.csv,764,-5.4719,0.00,-92.84,0.9672,0.164288
34,loot,static_B_2019.12.16_13.40.04.csv,542,-25.6375,0.00,-145.84,0.9662,0.167208
35,redandblack,static_B_2019.12.16_13.40.04.csv,1502,-29.9950,0.00,-163.88,0.9652,0.154215
36,soldier,static_B_2019.12.16_13.40.04.csv,1682,-34.1771,0.00,-124.04,0.9642,0.151079
37,longdress,static_B_2019.12.16_13.40.04.csv,482,-22.2301,0.00,-152.10,0.9632,0.143634
38,loot,static_B_2020.02.27_18.39.27.csv,348,-25.7312,0.00,-167.27,0.9622,0.156947
39,redandblack,static_B_2020.02.14_13.21.26.csv,824,-12.8664,0.00,-96.24,0.9612,0.158946
40,soldier,static_B_2020.02.13_13.57.29.csv,1638,-54.5991,0.00,-190.03,0.9602,0.162096
41,longdress,static_B_2020.02.13_13.57.29.csv,198,-60.2128,0.00,-193.76,0.9592,0.172650
42,loot,static_B_2019.12.16_13.40.04.csv,422,-43.7389,0.00,-143.68,0.9582,0.181297
43,redandblack,static_B_2020.02.14_13.21.26.csv,164,-27.2445,0.00,-100.87,0.9572,0.165922
44,soldier,static_B_2020.02.13_13.57.29.csv,2238,-62.4659,0.00,-198.67,0.9562,0.174152
45,longdress,static_B_2020.02.13_13.57.29.csv,2658,-29.5554,0.00,-111.03,0.9552,0.163977
46,loot,static_B_2020.02.27_18.39.27.csv,5148,-20.3318,0.00,-120.21,0.9543,0.166625
47,redandblack,static_B_2020.02.13_13.57.29.csv,18,-26.7732,0.00,-102.33,0.9533,0.154569
48,soldier,static_B_2020.02.13_13.57.29.csv,858,-117.3456,0.00,-182.58,0.9523,0.161577
49,longdress,static_B_2019.12.16_13.40.04.csv,62,-9.3297,0.00,-107.41,0.9513,0.168200
50,loot,static_B_2020.02.13_13.57.29.csv,1878,-74.5744,0.00,-262.55,0.9503,0.158624
51,redandblack,static_B_2020.02.27_18.39.27.csv,1428,-24.1039,0.00,-104.94,0.9493,0.176039
52,soldier,static_B_2020.02.27_18.39.27.csv,4908,-45.1546,0.00,-159.66,0.9483,0.168994
53,longdress,static_B_2020.02.13_13.57.29.csv,1818,-35.2373,0.00,-155.33,0.9473,0.163943
54,loot,static_B_2019.12.16_13.40.04.csv,182,-23.7254,0.00,-123.31,0.9463,0.169256
55,redandblack,static_B_2020.02.13_13.57.29.csv,1698,-46.5679,0.00,-142.62,0.9453,0.175784
56,soldier,static_B_2020.02.13_13.57.29.csv,1398,-74.8888,0.00,-219.45,0.9443,0.165496
57,longdress,static_B_2020.02.13_13.57.29.csv,2418,-143.3976,0.00,-476.92,0.9433,0.174065
58,loot,static_B_2020.02.13_13.57.29.csv,1938,-68.7810,0.00,-235.00,0.9423,0.168943
59,redandblack,static_B_2020.02.27_18.39.27.csv,4788,-15.3909,0.00,-98.07,0.9413,0.166737
60,soldier,static_B_2020.02.14_13.21.26.csv,104,-13.4440,0.00,-144.02,0.9403,0.176162
61,longdress,static_B_2020.02.27_18.39.27.csv,2208,-30.8409,0.00,-107.87,0.9393,0.173037
62,loot,static_B_2020.02.13_13.57.29.csv,1998,-14.1955,0.00,-142.50,0.9383,0.176530
63,redandblack,static_B_2020.02.27_18.39.27.csv,5628,-14.8313,0.00,-154.28,0.9373,0.171196
64,soldier,static_B_2020.02.13_13.57.29.csv,258,-31.5056,0.00,-115.83,0.9364,0.173465
65,longdress,static_B_2020.02.27_18.39.27.csv,1908,-31.1295,0.00,-104.52,0.9354,0.175687
66,loot,static_B_2020.02.27_18.39.27.csv,5448,-13.5672,0.00,-99.10,0.9344,0.180734
67,redandblack,static_B_2020.02.13_13.57.29.csv,2778,-33.2485,0.00,-145.38,0.9334,0.179161
68,soldier,static_B_2019.12.16_13.40.04.csv,1322,-38.6055,0.00,-128.05,0.9324,0.179811
69,longdress,static_B_2020.02.27_18.39.27.csv,3948,-8.9906,0.00,-95.05,0.9314,0.173925
70,loot,static_B_2019.12.16_13.40.04.csv,1382,-73.6564,0.00,-233.69,0.9304,0.176314
71,redandblack,static_B_2019.12.16_13.40.04.csv,362,-20.5465,0.00,-109.73,0.9294,0.186670
72,soldier,static_B_2020.02.13_13.57.29.csv,618,-91.1924,0.00,-224.66,0.9284,0.188725
73,longdress,static_B_2020.02.13_13.57.29.csv,978,-192.5813,0.00,-448.02,0.9274,0.193845
74,loot,static_B_2020.02.27_18.39.27.csv,4308,-2.3894,0.00,-90.12,0.9264,0.194889
75,redandblack,static_B_2020.02.13_13.57.29.csv,1098,-51.4089,0.00,-127.72,0.9254,0.190405
76,soldier,static_B_2020.02.27_18.39.27.csv,228,-23.9236,0.00,-125.21,0.9244,0.191797
77,longdress,static_B_2020.02.27_18.39.27.csv,5688,-28.4916,0.00,-107.25,0.9234,0.197194
78,loot,static_B_2020.02.14_13.21.26.csv,344,-22.5095,0.00,-105.21,0.9224,0.187612
79,redandblack,static_B_2020.02.27_18.39.27.csv,2268,-12.8632,0.00,-96.83,0.9214,0.200643
80,soldier,static_B_2020.02.27_18.39.27.csv,2508,-16.6573,0.00,-105.61,0.9204,0.183702
81,longdress,static_B_2020.02.27_18.39.27.csv,3828,-67.1584,0.00,-188.64,0.9194,0.197024
82,loot,static_B_2020.02.13_13.57.29.csv,1038,-31.1161,0.00,-111.35,0.9184,0.195040
83,redandblack,static_B_2020.02.27_18.39.27.csv,2988,-14.7949,0.00,-126.63,0.9175,0.199221
84,soldier,static_B_2020.02.27_18.39.27.csv,888,-31.0434,0.00,-127.23,0.9165,0.194682
85,longdress,static_B_2020.02.27_18.39.27.csv,5508,0.7654,0.00,-105.94,0.9155,0.203688
86,loot,static_B_2020.02.27_18.39.27.csv,2748,-30.2082,0.00,-110.49,0.9145,0.198807
87,redandblack,static_B_2020.02.13_13.57.29.csv,918,-77.0021,0.00,-154.17,0.9135,0.205086
88,soldier,static_B_2020.02.27_18.39.27.csv,5028,-31.8441,0.00,-117.11,0.9125,0.200453
89,longdress,static_B_2020.02.13_13.57.29.csv,1458,-53.7113,0.00,-132.39,0.9115,0.200357
90,loot,static_B_2020.02.14_13.21.26.csv,284,0.9995,0.00,-86.03,0.9105,0.195247
91,redandblack,static_B_2019.12.16_13.40.04.csv,1904,9.3056,0.57,-81.96,0.9095,0.219993
92,soldier,static_B_2020.02.13_13.57.29.csv,1758,-74.7415,0.00,-217.52,0.9085,0.208645
93,longdress,static_B_2020.02.27_18.39.27.csv,408,-5.3570,0.00,-94.58,0.9075,0.208729
94,loot,static_B_2020.02.14_13.21.26.csv,404,-19.0911,0.00,-121.47,0.9065,0.209564
95,redandblack,static_B_2020.02.27_18.39.27.csv,1308,-15.8525,0.00,-129.83,0.9055,0.210941
96,soldier,static_B_2020.02.13_13.57.29.csv,558,-29.2263,0.00,-133.75,0.9045,0.221266
97,longdress,static_B_2019.12.16_13.40.04.csv,122,5.0108,0.00,-86.02,0.9035,0.216277
98,loot,static_B_2020.02.27_18.39.27.csv,2568,-19.6657,0.00,-162.24,0.9025,0.212927
99,redandblack,static_B_2020.02.27_18.39.27.csv,1128,-103.8302,0.00,-217.54,0.9015,0.220174
100,soldier,static_B_2020.02.27_18.39.27.csv,4968,-31.8548,0.00,-127.25,0.9005,0.211750
101,longdress,static_B_2020.02.27_18.39.27.csv,528,-120.4910,0.00,-488.03,0.8996,0.230565
102,loot,static_B_2019.12.16_13.40.04.csv,2,-28.7794,0.00,-122.02,0.8986,0.224769
103,redandblack,static_B_2020.02.27_18.39.27.csv,3048,-12.1664,0.00,-96.37,0.8976,0.226858
104,soldier,static_B_2020.02.27_18.39.27.csv,5268,6.3845,0.00,-85.17,0.8966,0.232813
105,longdress,static_B_2020.02.27_18.39.27.csv,3228,4.6215,0.00,-124.37,0.8956,0.225536
106,loot,static_B_2020.02.13_13.57.29.csv,1338,-36.4073,0.00,-117.09,0.8946,0.226004
107,redandblack,static_B_2020.02.13_13.57.29.csv,1218,-17.8986,0.00,-118.76,0.8936,0.214895
108,soldier,static_B_2020.02.27_18.39.27.csv,2148,9.7115,0.00,-85.40,0.8926,0.215120
109,longdress,static_B_2020.02.14_13.21.26.csv,224,-18.5604,0.00,-99.07,0.8916,0.224998
110,loot,static_B_2019.12.16_13.40.04.csv,782,-18.1844,0.00,-123.66,0.8906,0.230578
111,redandblack,static_B_2020.02.27_18.39.27.csv,4428,-11.9906,0.00,-94.40,0.8896,0.239476
112,soldier,static_B_2020.02.27_18.39.27.csv,168,-0.5172,0.00,-104.32,0.8886,0.233210
113,longdress,static_B_2020.02.13_13.57.29.csv,2358,-106.0128,0.00,-167.69,0.8876,0.234304
114,loot,static_B_2020.02.27_18.39.27.csv,4008,-10.7408,0.00,-98.63,0.8866,0.238039
115,redandblack,static_B_2020.02.14_13.21.26.csv,524,-4.7227,0.00,-94.25,0.8856,0.238803
116,soldier,static_B_2020.02.14_13.21.26.csv,44,6.8167,0.00,-86.86,0.8846,0.238216
117,longdress,static_B_2020.02.27_18.39.27.csv,1668,-49.8998,0.00,-130.01,0.8836,0.243533
118,loot,static_B_2019.12.16_13.40.04.csv,662,-15.4980,0.00,-98.97,0.8826,0.236611
119,redandblack,static_B_2020.02.13_13.57.29.csv,2898,-30.1659,0.00,-170.72,0.8817,0.240477
120,soldier,static_B_2020.02.27_18.39.27.csv,3648,-21.3609,0.00,-148.82,0.8807,0.233280
121,longdress,static_B_2020.02.27_18.39.27.csv,4728,-15.4604,0.00,-130.20,0.8797,0.246415
122,loot,static_B_2020.02.27_18.39.27.csv,5388,3.3294,0.00,-80.97,0.8787,0.245557
123,redandblack,static_B_2020.02.27_18.39.27.csv,4068,2.2137,0.00,-88.07,0.8777,0.235937
124,soldier,static_B_2020.02.13_13.57.29.csv,2598,-22.5381,0.00,-118.98,0.8767,0.240101
125,longdress,static_B_2020.02.13_13.57.29.csv,1158,-51.3515,0.00,-123.88,0.8757,0.248329
126,loot,static_B_2020.02.27_18.39.27.csv,1368,1.8894,0.00,-109.89,0.8747,0.247595
127,redandblack,static_B_2020.02.13_13.57.29.csv,1578,10.3745,0.00,-83.26,0.8737,0.242305
128,soldier,static_B_2019.12.16_13.40.04.csv,602,-92.2345,0.00,-200.38,0.8727,0.240376
129,longdress,static_B_2020.02.27_18.39.27.csv,4848,-59.8358,0.00,-149.03,0.8717,0.232550
130,loot,static_B_2020.02.14_13.21.26.csv,464,0.1060,0.00,-89.79,0.8707,0.239919
131,redandblack,static_B_2020.02.27_18.39.27.csv,4188,-69.1608,0.00,-227.77,0.8697,0.258437
132,soldier,static_B_2020.02.13_13.57.29.csv,2538,-49.3463,0.00,-174.43,0.8687,0.246498
133,longdress,static_B_2019.12.16_13.40.04.csv,1742,6.1791,0.00,-150.84,0.8677,0.247996
134,loot,static_B_2019.12.16_13.40.04.csv,1082,-203.3372,0.00,-751.02,0.8667,0.245295
135,redandblack,static_B_2020.02.27_18.39.27.csv,3408,25.5992,0.00,-74.36,0.8657,0.256609
136,soldier,static_B_2020.02.27_18.39.27.csv,5742,-12.8864,0.00,-137.87,0.8647,0.256677
137,longdress,static_B_2020.02.13_13.57.29.csv,2058,-0.8050,0.00,-95.85,0.8637,0.259926
138,loot,static_B_2020.02.27_18.39.27.csv,3588,-1.9365,0.00,-105.73,0.8628,0.252040
139,redandblack,static_B_2020.02.13_13.57.29.csv,2838,-80.6827,0.00,-170.78,0.8618,0.249930
140,soldier,static_B_2019.12.16_13.40.04.csv,1202,-24.0100,0.00,-128.33,0.8608,0.252821
141,longdress,static_B_2020.02.27_18.39.27.csv,4128,12.0859,0.00,-81.29,0.8598,0.264732
142,loot,static_B_2020.02.27_18.39.27.csv,5328,-23.1382,0.00,-144.91,0.8588,0.267876
143,redandblack,static_B_2020.02.27_18.39.27.csv,708,-37.4678,0.00,-211.55,0.8578,0.265317
144,soldier,static_B_2020.02.27_18.39.27.csv,2088,-41.8124,0.00,-118.44,0.8568,0.260971
145,longdress,static_B_2020.02.27_18.39.27.csv,2688,-37.1874,0.00,-120.17,0.8558,0.263133
146,loot,static_B_2020.02.13_13.57.29.csv,2945,-25.4013,0.00,-149.15,0.8548,0.262200
147,redandblack,static_B_2020.02.27_18.39.27.csv,1008,-10.6953,0.00,-117.48,0.8538,0.266553
148,soldier,static_B_2020.02.27_18.39.27.csv,4368,-42.5850,0.00,-181.66,0.8528,0.264204
149,longdress,static_B_2020.02.27_18.39.27.csv,3348,20.0712,0.00,-74.56,0.8518,0.266749
150,loot,static_B_2020.02.27_18.39.27.csv,2928,-11.2539,0.00,-96.52,0.8508,0.275180
151,redandblack,static_B_2019.12.16_13.40.04.csv,1562,1.7442,0.00,-93.31,0.8498,0.280799
152,soldier,static_B_2020.02.27_18.39.27.csv,1968,-26.5878,0.00,-110.45,0.8488,0.268996
153,longdress,static_B_2019.12.16_13.40.04.csv,1142,-72.7481,0.00,-156.80,0.8478,0.268501
154,loot,static_B_2020.02.13_13.57.29.csv,2178,-40.7958,0.00,-136.70,0.8468,0.272641
155,redandblack,static_B_2020.02.13_13.57.29.csv,2478,-36.2830,0.00,-150.95,0.8458,0.262890
156,soldier,static_B_2020.02.13_13.57.29.csv,498,-17.1001,0.00,-124.43,0.8449,0.277407
157,longdress,static_B_2020.02.27_18.39.27.csv,3468,-24.2939,0.00,-150.01,0.8439,0.251572
158,loot,static_B_2020.02.13_13.57.29.csv,798,-22.7171,0.00,-136.65,0.8429,0.274163
159,redandblack,static_B_2019.12.16_13.40.04.csv,902,-26.6351,0.00,-179.46,0.8419,0.275024
160,soldier,static_B_2020.02.27_18.39.27.csv,2868,-9.4380,0.00,-96.14,0.8409,0.260434
161,longdress,static_B_2019.12.16_13.40.04.csv,722,-28.4877,0.00,-195.12,0.8399,0.270205
162,loot,static_B_2019.12.16_13.40.04.csv,962,-14.7799,0.00,-112.71,0.8389,0.285868
163,redandblack,static_B_2020.02.27_18.39.27.csv,4488,-18.3536,0.00,-97.87,0.8379,0.281455
164,soldier,static_B_2020.02.13_13.57.29.csv,738,-93.6545,0.00,-191.65,0.8369,0.274236
165,longdress,static_B_2020.02.27_18.39.27.csv,5088,23.0546,0.00,-77.82,0.8359,0.286926
166,loot,static_B_2020.02.13_13.57.29.csv,2118,-45.1506,0.00,-122.52,0.8349,0.278849
167,redandblack,static_B_2020.02.27_18.39.27.csv,1728,-30.9471,0.00,-141.55,0.8339,0.294551
168,soldier,static_B_2020.02.27_18.39.27.csv,3108,-164.0756,0.00,-257.90,0.8329,0.284137
169,longdress,static_B_2020.02.14_13.21.26.csv,850,-30.1860,0.00,-129.68,0.8319,0.269998
170,loot,static_B_2019.12.16_13.40.04.csv,1904,16.0994,0.00,-79.32,0.8309,0.282640
171,redandblack,static_B_2020.02.27_18.39.27.csv,1548,2.6097,0.00,-86.62,0.8299,0.289787
172,soldier,static_B_2020.02.27_18.39.27.csv,5208,-114.0059,0.00,-183.38,0.8289,0.284968
173,longdress,static_B_2020.02.13_13.57.29.csv,438,-60.9257,0.00,-160.96,0.8279,0.284873
174,loot,static_B_2020.02.27_18.39.27.csv,5568,-12.3414,0.00,-137.08,0.8270,0.280476
175,redandblack,static_B_2020.02.13_13.57.29.csv,318,-41.2060,0.00,-137.34,0.8260,0.281302
176,soldier,static_B_2020.02.14_13.21.26.csv,704,3.3348,0.00,-88.16,0.8250,0.279286
177,longdress,static_B_2019.12.16_13.40.04.csv,1862,-108.2700,0.00,-393.53,0.8240,0.300623
178,loot,static_B_2019.12.16_13.40.04.csv,1622,0.6518,0.00,-128.62,0.8230,0.273517
179,redandblack,static_B_2019.12.16_13.40.04.csv,842,-35.6056,0.00,-171.03,0.8220,0.279165
180,soldier,static_B_2020.02.13_13.57.29.csv,678,-115.3409,0.00,-264.66,0.8210,0.291095
181,longdress,static_B_2020.02.14_13.21.26.csv,850,-26.0581,0.00,-127.60,0.8200,0.300919
182,loot,static_B_2020.02.27_18.39.27.csv,648,-1.2895,0.00,-90.09,0.8190,0.313689
183,redandblack,static_B_2020.02.27_18.39.27.csv,2388,2.2378,0.00,-92.36,0.8180,0.289578
184,soldier,static_B_2020.02.27_18.39.27.csv,3528,1.8571,0.00,-121.47,0.8170,0.291401
185,longdress,static_B_2020.02.14_13.21.26.csv,644,-1.5219,0.00,-95.22,0.8160,0.286514
186,loot,static_B_2020.02.27_18.39.27.csv,2808,14.3408,0.00,-93.22,0.8150,0.294710
187,redandblack,static_B_2020.02.27_18.39.27.csv,588,17.6353,0.00,-81.78,0.8140,0.288041
188,soldier,static_B_2020.02.27_18.39.27.csv,1848,-8.3981,0.00,-129.70,0.8130,0.303248
189,longdress,static_B_2019.12.16_13.40.04.csv,242,-60.2953,0.00,-205.90,0.8120,0.296024
190,loot,static_B_2020.02.27_18.39.27.csv,3288,16.7275,0.00,-80.45,0.8110,0.281438
191,redandblack,static_B_2020.02.27_18.39.27.csv,1608,-67.4984,0.00,-188.31,0.8100,0.310868
192,soldier,static_B_2020.02.27_18.39.27.csv,3168,-97.5845,0.00,-400.75,0.8090,0.314572
193,longdress,static_B_2020.02.27_18.39.27.csv,948,-7.2954,0.00,-98.77,0.8081,0.299591
194,loot,static_B_2019.12.16_13.40.04.csv,1442,-25.4905,0.00,-120.24,0.8071,0.311118
195,redandblack,static_B_2020.02.27_18.39.27.csv,4668,-161.6755,0.00,-359.99,0.8061,0.299530
196,soldier,static_B_2020.02.27_18.39.27.csv,4248,17.8402,0.00,-78.86,0.8051,0.309021
197,longdress,static_B_2020.02.14_13.21.26.csv,584,8.8397,0.00,-88.48,0.8041,0.300580
198,loot,static_B_2020.02.27_18.39.27.csv,1068,-39.7620,0.00,-118.22,0.8031,0.309533
199,redandblack,static_B_2020.02.13_13.57.29.csv,138,-14.2513,0.00,-131.76,0.8021,0.303778
200,loot,static_B_2020.02.27_18.39.27.csv,4613,-19.6037,0.00,-104.45,0.8011,0.296865
201,redandblack,static_B_2019.12.16_13.40.04.csv,284,6.4263,0.00,-106.43,0.8001,0.314538
202,soldier,static_B_2020.02.27_18.39.27.csv,2933,-14.3285,0.00,-106.80,0.7991,0.313321
203,longdress,static_B_2020.02.14_13.21.26.csv,437,14.4718,0.00,-81.87,0.7981,0.312271
204,loot,static_B_2019.12.16_13.40.04.csv,1724,-17.2470,0.00,-211.35,0.7971,0.307711
205,redandblack,static_B_2020.02.13_13.57.29.csv,479,-17.6342,0.00,-144.45,0.7961,0.297257
206,soldier,static_B_2020.02.13_13.57.29.csv,2459,-34.0037,0.00,-164.48,0.7951,0.300797
207,longdress,static_B_2020.02.27_18.39.27.csv,713,-17.8420,0.00,-199.06,0.7941,0.311936
208,loot,static_B_2020.02.27_18.39.27.csv,4073,4.5354,0.00,-91.02,0.7931,0.323090
209,redandblack,static_B_2020.02.27_18.39.27.csv,1853,0.9944,0.00,-119.65,0.7921,0.323235
210,soldier,static_B_2019.12.16_13.40.04.csv,644,-12.4326,0.00,-118.26,0.7911,0.319476
211,longdress,static_B_2019.12.16_13.40.04.csv,1904,15.0097,0.00,-80.70,0.7902,0.320117
212,loot,static_B_2020.02.27_18.39.27.csv,3233,12.6750,0.00,-123.72,0.7892,0.312229
213,redandblack,static_B_2020.02.13_13.57.29.csv,1079,-32.7893,0.00,-136.39,0.7882,0.314498
214,soldier,static_B_2020.02.14_13.21.26.csv,677,17.0810,0.00,-85.50,0.7872,0.298880
215,longdress,static_B_2020.02.27_18.39.27.csv,3533,-2.5450,0.00,-121.28,0.7862,0.312088
216,loot,static_B_2020.02.27_18.39.27.csv,113,0.4517,0.00,-119.80,0.7852,0.299059
217,redandblack,static_B_2019.12.16_13.40.04.csv,524,1.3003,0.00,-132.15,0.7842,0.313690
218,soldier,static_B_2020.02.27_18.39.27.csv,2873,-14.8858,0.00,-99.59,0.7832,0.308998
219,longdress,static_B_2020.02.13_13.57.29.csv,1139,-59.1613,0.00,-137.50,0.7822,0.302469
220,loot,static_B_2020.02.13_13.57.29.csv,2945,11.5024,0.00,-122.83,0.7812,0.302950
221,redandblack,static_B_2020.02.27_18.39.27.csv,1673,-15.8647,0.00,-100.57,0.7802,0.322539
222,soldier,static_B_2020.02.14_13.21.26.csv,737,5.3961,0.00,-90.99,0.7792,0.322302
223,longdress,static_B_2020.02.27_18.39.27.csv,2753,17.8194,0.00,-78.51,0.7782,0.319517
224,loot,static_B_2020.02.27_18.39.27.csv,2093,-12.3118,0.00,-95.07,0.7772,0.311779
225,redandblack,static_B_2020.02.27_18.39.27.csv,1193,-6.3754,0.00,-89.77,0.7762,0.323878
226,soldier,static_B_2020.02.27_18.39.27.csv,893,-4.5544,0.00,-113.44,0.7752,0.315012
227,longdress,static_B_2020.02.27_18.39.27.csv,5633,-24.6587,0.00,-177.83,0.7742,0.317675
228,loot,static_B_2020.02.27_18.39.27.csv,53,22.1104,0.00,-74.61,0.7732,0.313634
229,redandblack,static_B_2020.02.13_13.57.29.csv,719,-31.9108,0.00,-161.23,0.7722,0.321707
230,soldier,static_B_2020.02.13_13.57.29.csv,659,-71.1904,0.00,-187.52,0.7713,0.321404
231,longdress,static_B_2020.02.13_13.57.29.csv,539,-1.4097,0.00,-123.03,0.7703,0.311053
232,loot,static_B_2020.02.27_18.39.27.csv,2213,8.5768,0.00,-106.37,0.7693,0.317191
233,redandblack,static_B_2020.02.13_13.57.29.csv,2819,-43.0372,0.00,-153.98,0.7683,0.328929
234,soldier,static_B_2019.12.16_13.40.04.csv,884,-35.6463,0.00,-189.58,0.7673,0.303961
235,longdress,static_B_2020.02.14_13.21.26.csv,797,-9.2845,0.00,-140.07,0.7663,0.315044
236,loot,static_B_2020.02.27_18.39.27.csv,4013,-13.5890,0.00,-104.43,0.7653,0.320270
237,redandblack,static_B_2019.12.16_13.40.04.csv,224,-101.1054,0.00,-279.15,0.7643,0.319685
238,soldier,static_B_2020.02.27_18.39.27.csv,4433,-26.3261,0.00,-112.02,0.7633,0.301502
239,longdress,static_B_2020.02.27_18.39.27.csv,2153,21.5338,0.00,-83.79,0.7623,0.303294
240,loot,static_B_2019.12.16_13.40.04.csv,464,-48.0639,0.00,-448.46,0.7613,0.329271
241,redandblack,static_B_2020.02.27_18.39.27.csv,1553,-5.3702,0.00,-98.87,0.7603,0.322977
242,soldier,static_B_2020.02.27_18.39.27.csv,1313,-6.9328,0.00,-135.76,0.7593,0.318667
243,longdress,static_B_2020.02.14_13.21.26.csv,257,-6.3436,0.00,-94.81,0.7583,0.309819
244,loot,static_B_2020.02.13_13.57.29.csv,419,18.5007,0.00,-73.81,0.7573,0.326138
245,redandblack,static_B_2020.02.27_18.39.27.csv,293,-14.2429,0.00,-103.82,0.7563,0.337198
246,soldier,static_B_2020.02.13_13.57.29.csv,2639,-10.0796,0.00,-110.88,0.7553,0.327192
247,longdress,static_B_2019.12.16_13.40.04.csv,1244,-99.0560,0.00,-213.72,0.7543,0.321691
248,loot,static_B_2020.02.27_18.39.27.csv,2453,22.0730,0.00,-86.46,0.7534,0.311057
249,redandblack,static_B_2020.02.27_18.39.27.csv,1793,-42.5051,0.00,-382.63,0.7524,0.323777
250,soldier,static_B_2020.02.27_18.39.27.csv,5393,31.8738,0.00,-70.16,0.7514,0.325353
251,longdress,static_B_2019.12.16_13.40.04.csv,1304,-24.7929,0.00,-130.55,0.7504,0.317144
252,loot,static_B_2020.02.27_18.39.27.csv,1973,-9.0214,0.00,-95.37,0.7494,0.316462
253,redandblack,static_B_2019.12.16_13.40.04.csv,344,-36.8442,0.00,-140.26,0.7484,0.328670
254,soldier,static_B_2019.12.16_13.40.04.csv,44,-8.5157,0.00,-116.36,0.7474,0.328951
255,longdress,static_B_2020.02.27_18.39.27.csv,473,-9.1254,0.00,-92.51,0.7464,0.316188
256,loot,static_B_2020.02.27_18.39.27.csv,2033,-8.8945,0.00,-114.53,0.7454,0.328016
257,redandblack,static_B_2020.02.27_18.39.27.csv,2573,35.2562,0.00,-69.03,0.7444,0.317644
258,soldier,static_B_2020.02.27_18.39.27.csv,4733,2.4882,0.00,-119.23,0.7434,0.327071
259,longdress,static_B_2020.02.27_18.39.27.csv,593,42.8218,0.00,-61.86,0.7424,0.325144
260,loot,static_B_2020.02.13_13.57.29.csv,59,-64.1537,0.00,-234.38,0.7414,0.329154
261,redandblack,static_B_2020.02.13_13.57.29.csv,2219,-1.7822,0.00,-110.77,0.7404,0.328777
262,soldier,static_B_2020.02.27_18.39.27.csv,3113,-171.4313,0.00,-249.48,0.7394,0.326112
263,longdress,static_B_2019.12.16_13.40.04.csv,704,-6.8863,0.00,-91.56,0.7384,0.340153
264,loot,static_B_2020.02.27_18.39.27.csv,5453,-11.1121,0.00,-98.31,0.7374,0.341296
265,redandblack,static_B_2019.12.16_13.40.04.csv,1604,18.3942,0.00,-86.37,0.7364,0.336808
266,soldier,static_B_2020.02.13_13.57.29.csv,2339,-40.9325,0.00,-128.23,0.7355,0.329584
267,longdress,static_B_2020.02.27_18.39.27.csv,5573,-9.7387,0.00,-124.36,0.7345,0.329844
268,loot,static_B_2019.12.16_13.40.04.csv,584,-5.2900,0.00,-120.48,0.7335,0.328977
269,redandblack,static_B_2020.02.13_13.57.29.csv,1679,-27.4603,0.00,-174.03,0.7325,0.338535
270,soldier,static_B_2020.02.13_13.57.29.csv,1739,-50.0462,0.00,-250.63,0.7315,0.333891
271,longdress,static_B_2019.12.16_13.40.04.csv,104,-14.3493,0.00,-102.05,0.7305,0.326291
272,loot,static_B_2020.02.14_13.21.26.csv,317,30.9592,0.00,-71.14,0.7295,0.320361
273,redandblack,static_B_2020.02.13_13.57.29.csv,2159,-20.7176,0.00,-140.89,0.7285,0.333153
274,soldier,static_B_2020.02.27_18.39.27.csv,1733,-17.8268,0.00,-117.85,0.7275,0.336161
275,longdress,static_B_2020.02.13_13.57.29.csv,2279,-15.8504,0.00,-105.28,0.7265,0.352154
276,loot,static_B_2020.02.13_13.57.29.csv,1499,-36.6385,0.00,-116.39,0.7255,0.330970
277,redandblack,static_B_2020.02.13_13.57.29.csv,1379,48.5234,0.00,-102.34,0.7245,0.334485
278,soldier,static_B_2020.02.27_18.39.27.csv,5742,1.6348,0.00,-127.55,0.7235,0.322360
279,longdress,static_B_2020.02.27_18.39.27.csv,3473,0.4164,0.00,-136.86,0.7225,0.323803
280,loot,static_B_2020.02.27_18.39.27.csv,4973,21.3474,0.00,-79.69,0.7215,0.343941
281,redandblack,static_B_2020.02.27_18.39.27.csv,3953,23.1078,0.00,-75.84,0.7205,0.345950
282,soldier,static_B_2020.02.13_13.57.29.csv,1979,12.2400,0.00,-121.17,0.7195,0.341201
283,longdress,static_B_2020.02.27_18.39.27.csv,5033,-27.9983,0.00,-116.98,0.7185,0.335036
284,loot,static_B_2020.02.27_18.39.27.csv,4913,13.9052,0.00,-120.20,0.7175,0.359446
285,redandblack,static_B_2019.12.16_13.40.04.csv,764,23.2506,0.00,-94.88,0.7166,0.346038
286,soldier,static_B_2020.02.14_13.21.26.csv,617,21.7066,0.00,-79.17,0.7156,0.326397
287,longdress,static_B_2020.02.27_18.39.27.csv,233,7.7774,0.00,-95.27,0.7146,0.327480
288,loot,static_B_2020.02.27_18.39.27.csv,3833,-44.1184,0.00,-171.65,0.7136,0.330289
289,redandblack,static_B_2020.02.27_18.39.27.csv,3053,-3.9791,0.00,-92.40,0.7126,0.361311
290,soldier,static_B_2020.02.14_13.21.26.csv,557,27.9555,0.00,-83.72,0.7116,0.333261
291,longdress,static_B_2020.02.27_18.39.27.csv,4313,-14.6766,0.00,-106.45,0.7106,0.334347
292,loot,static_B_2020.02.27_18.39.27.csv,2513,27.4617,0.00,-72.06,0.7096,0.335207
293,redandblack,static_B_2020.02.27_18.39.27.csv,3173,-101.8583,0.00,-397.01,0.7086,0.323282
294,soldier,static_B_2019.12.16_13.40.04.csv,824,12.0602,0.00,-129.66,0.7076,0.326415
295,longdress,static_B_2019.12.16_13.40.04.csv,1904,22.4107,0.00,-75.59,0.7066,0.325364
296,loot,static_B_2020.02.27_18.39.27.csv,953,13.0146,0.00,-85.88,0.7056,0.338619
297,redandblack,static_B_2020.02.27_18.39.27.csv,1133,-69.7306,0.00,-193.49,0.7046,0.335546
298,soldier,static_B_2020.02.13_13.57.29.csv,959,-259.2043,0.00,-504.21,0.7036,0.328799
299,longdress,static_B_2020.02.13_13.57.29.csv,1799,-26.8286,0.00,-195.36,0.7026,0.331982
300,loot,static_B_2019.12.16_13.40.04.csv,1904,49.2406,0.00,-57.74,0.7016,0.342439
301,redandblack,static_B_2019.12.16_13.40.04.csv,1484,30.7025,0.00,-87.38,0.7006,0.325040
302,soldier,static_B_2020.02.27_18.39.27.csv,173,19.3221,0.00,-89.73,0.6996,0.319645
303,longdress,static_B_2020.02.27_18.39.27.csv,2273,-0.0987,0.00,-108.59,0.6987,0.336366
304,loot,static_B_2020.02.13_13.57.29.csv,1859,-33.8904,0.00,-291.66,0.6977,0.310496
305,redandblack,static_B_2020.02.27_18.39.27.csv,5213,-36.4690,0.00,-120.32,0.6967,0.314196
306,soldier,static_B_2020.02.27_18.39.27.csv,2333,-193.9528,0.00,-518.72,0.6957,0.330040
307,longdress,static_B_2020.02.14_13.21.26.csv,197,29.2982,0.00,-117.70,0.6947,0.326108
308,loot,static_B_2020.02.27_18.39.27.csv,3593,33.9117,0.00,-67.84,0.6937,0.335676
309,redandblack,static_B_2019.12.16_13.40.04.csv,1064,-4.8525,0.00,-100.95,0.6927,0.334985
310,soldier,static_B_2020.02.27_18.39.27.csv,3653,30.6758,0.00,-110.89,0.6917,0.317784
311,longdress,static_B_2019.12.16_13.40.04.csv,1184,-24.1536,0.00,-124.55,0.6907,0.322698
312,loot,static_B_2020.02.14_13.21.26.csv,850,27.3864,0.00,-89.59,0.6897,0.319198
313,redandblack,static_B_2020.02.27_18.39.27.csv,4133,37.5175,0.00,-64.71,0.6887,0.333854
314,soldier,static_B_2020.02.27_18.39.27.csv,2633,-57.7940,0.00,-217.21,0.6877,0.322003
315,longdress,static_B_2020.02.27_18.39.27.csv,1493,23.7915,0.00,-121.42,0.6867,0.310734
316,loot,static_B_2019.12.16_13.40.04.csv,1424,27.5680,0.00,-109.47,0.6857,0.339556
317,redandblack,static_B_2020.02.27_18.39.27.csv,3713,22.4766,0.00,-76.12,0.6847,0.317442
318,soldier,static_B_2020.02.27_18.39.27.csv,5513,32.6903,0.00,-88.28,0.6837,0.335016
319,longdress,static_B_2020.02.13_13.57.29.csv,2039,30.7537,0.00,-65.98,0.6827,0.341554
320,loot,static_B_2020.02.13_13.57.29.csv,239,20.9347,0.00,-74.42,0.6817,0.332005
321,redandblack,static_B_2020.02.13_13.57.29.csv,2519,11.9347,0.00,-78.53,0.6808,0.316593
322,soldier,static_B_2020.02.27_18.39.27.csv,353,1.6417,0.00,-168.38,0.6798,0.344201
323,longdress,static_B_2019.12.16_13.40.04.csv,1844,-131.0826,0.00,-424.81,0.6788,0.321217
324,loot,static_B_2020.02.13_13.57.29.csv,1319,-18.8028,0.00,-109.44,0.6778,0.322600
325,redandblack,static_B_2020.02.27_18.39.27.csv,5093,37.0744,0.00,-65.54,0.6768,0.315620
326,soldier,static_B_2020.02.13_13.57.29.csv,839,-38.3616,0.00,-120.32,0.6758,0.322505
327,longdress,static_B_2020.02.13_13.57.29.csv,779,-20.4988,0.00,-126.37,0.6748,0.327516
328,loot,static_B_2020.02.27_18.39.27.csv,2993,12.5655,0.00,-87.35,0.6738,0.319220
329,redandblack,static_B_2020.02.13_13.57.29.csv,1619,7.9740,0.00,-81.25,0.6728,0.309521
330,soldier,static_B_2020.02.27_18.39.27.csv,5273,35.9886,0.00,-68.34,0.6718,0.309648
331,longdress,static_B_2020.02.13_13.57.29.csv,2759,-30.2442,0.00,-111.56,0.6708,0.324083
332,loot,static_B_2020.02.13_13.57.29.csv,2945,29.2102,0.00,-108.35,0.6698,0.318964
333,redandblack,static_B_2020.02.27_18.39.27.csv,833,27.3120,0.00,-71.49,0.6688,0.312712
334,soldier,static_B_2020.02.14_13.21.26.csv,850,-26.5554,0.00,-133.85,0.6678,0.331603
335,longdress,static_B_2019.12.16_13.40.04.csv,1544,-19.3627,0.00,-118.02,0.6668,0.305723
336,loot,static_B_2020.02.14_13.21.26.csv,497,42.4768,0.00,-56.48,0.6658,0.316885
337,redandblack,static_B_2020.02.14_13.21.26.csv,17,-19.4798,0.00,-144.90,0.6648,0.307926
338,soldier,static_B_2020.02.14_13.21.26.csv,377,23.5538,0.00,-94.03,0.6638,0.300641
339,longdress,static_B_2020.02.13_13.57.29.csv,2939,17.8044,0.00,-115.10,0.6628,0.320115
340,loot,static_B_2019.12.16_13.40.04.csv,1784,5.0865,0.00,-141.13,0.6619,0.323692
341,redandblack,static_B_2020.02.13_13.57.29.csv,119,-30.0310,0.00,-171.85,0.6609,0.315926
342,soldier,static_B_2020.02.27_18.39.27.csv,1613,-58.1842,0.00,-195.65,0.6599,0.318765
343,longdress,static_B_2020.02.13_13.57.29.csv,2099,-74.0624,0.00,-158.10,0.6589,0.299274
344,loot,static_B_2020.02.27_18.39.27.csv,4673,-112.5463,0.00,-308.79,0.6579,0.312303
345,redandblack,static_B_2020.02.27_18.39.27.csv,1013,23.0536,0.00,-92.42,0.6569,0.313126
346,soldier,static_B_2020.02.14_13.21.26.csv,137,22.3792,0.00,-112.91,0.6559,0.296816
347,longdress,static_B_2019.12.16_13.40.04.csv,1004,-42.7225,0.00,-141.53,0.6549,0.307084
348,loot,static_B_2020.02.27_18.39.27.csv,5693,38.2512,0.00,-64.63,0.6539,0.299841
349,redandblack,static_B_2020.02.27_18.39.27.csv,413,41.6050,0.00,-64.43,0.6529,0.309274
350,soldier,static_B_2020.02.27_18.39.27.csv,1073,-68.0678,0.00,-149.27,0.6519,0.299777
351,longdress,static_B_2020.02.27_18.39.27.csv,4493,19.8024,0.00,-77.26,0.6509,0.294392
352,loot,static_B_2020.02.13_13.57.29.csv,599,-9.1874,0.00,-139.05,0.6499,0.309798
353,redandblack,static_B_2020.02.13_13.57.29.csv,1919,11.2558,0.00,-128.75,0.6489,0.290079
354,soldier,static_B_2019.12.16_13.40.04.csv,944,-40.9583,0.00,-163.71,0.6479,0.302225
355,longdress,static_B_2020.02.27_18.39.27.csv,4193,-75.6838,0.00,-266.40,0.6469,0.296817
356,loot,static_B_2020.02.27_18.39.27.csv,4373,19.8713,0.00,-157.34,0.6459,0.308987
357,redandblack,static_B_2020.02.13_13.57.29.csv,1019,-4.1231,0.00,-94.26,0.6449,0.297656
358,soldier,static_B_2020.02.13_13.57.29.csv,899,-69.0704,0.00,-150.70,0.6440,0.320951
359,longdress,static_B_2020.02.13_13.57.29.csv,1559,4.3511,0.00,-153.32,0.6430,0.315002
360,loot,static_B_2019.12.16_13.40.04.csv,1364,-150.0649,0.00,-325.96,0.6420,0.299183
361,redandblack,static_B_2019.12.16_13.40.04.csv,1664,13.6636,0.00,-92.99,0.6410,0.309071
362,soldier,static_B_2019.12.16_13.40.04.csv,404,-56.3639,0.00,-168.98,0.6400,0.305773
363,longdress,static_B_2020.02.27_18.39.27.csv,3293,43.9026,0.00,-63.42,0.6390,0.287977
364,loot,static_B_2020.02.13_13.57.29.csv,359,0.6164,0.00,-129.50,0.6380,0.310299
365,redandblack,static_B_2020.02.27_18.39.27.csv,5333,12.0724,0.00,-120.14,0.6370,0.300441
366,soldier,static_B_2020.02.27_18.39.27.csv,3413,31.8515,0.00,-76.41,0.6360,0.320698
367,longdress,static_B_2020.02.13_13.57.29.csv,1259,-65.2827,0.00,-153.10,0.6350,0.310889
368,loot,static_B_2020.02.27_18.39.27.csv,5742,43.6389,0.00,-108.48,0.6340,0.291355
369,redandblack,static_B_2020.02.27_18.39.27.csv,2813,19.5144,0.00,-100.17,0.6330,0.312811
370,soldier,static_B_2020.02.27_18.39.27.csv,1913,35.4171,0.00,-68.16,0.6320,0.308396
371,longdress,static_B_2020.02.27_18.39.27.csv,653,-9.7476,0.00,-113.87,0.6310,0.302711
372,loot,static_B_2020.02.27_18.39.27.csv,533,-76.5181,0.00,-440.84,0.6300,0.311814
373,redandblack,static_B_2020.02.27_18.39.27.csv,3353,38.8625,0.00,-60.46,0.6290,0.313210
374,soldier,static_B_2020.02.27_18.39.27.csv,4553,14.0232,0.00,-81.84,0.6280,0.298383
375,longdress,static_B_2020.02.27_18.39.27.csv,1433,13.2981,0.00,-81.76,0.6270,0.301970
376,loot,static_B_2020.02.27_18.39.27.csv,2393,39.8293,0.00,-68.21,0.6261,0.300700
377,redandblack,static_B_2020.02.13_13.57.29.csv,2699,15.2974,0.00,-78.15,0.6251,0.304761
378,soldier,static_B_2020.02.27_18.39.27.csv,4853,2.3085,0.00,-106.25,0.6241,0.310210
379,longdress,static_B_2020.02.27_18.39.27.csv,5742,0.4475,0.00,-139.07,0.6231,0.316307
380,loot,static_B_2020.02.13_13.57.29.csv,2579,-8.7505,0.00,-171.02,0.6221,0.313969
381,redandblack,static_B_2020.02.27_18.39.27.csv,773,32.6018,0.00,-87.77,0.6211,0.311594
382,soldier,static_B_2020.02.27_18.39.27.csv,4253,40.9878,0.00,-68.49,0.6201,0.308162
383,longdress,static_B_2020.02.27_18.39.27.csv,2693,25.1051,0.00,-79.76,0.6191,0.317153
384,loot,static_B_2020.02.13_13.57.29.csv,2399,13.5877,0.00,-86.82,0.6181,0.325079
385,redandblack,static_B_2020.02.13_13.57.29.csv,299,60.5217,0.00,-49.36,0.6171,0.312892
386,soldier,static_B_2020.02.27_18.39.27.csv,3773,-7.9858,0.00,-190.31,0.6161,0.308092
387,longdress,static_B_2020.02.27_18.39.27.csv,1253,49.3542,0.00,-58.31,0.6151,0.286656
388,loot,static_B_2020.02.13_13.57.29.csv,1199,29.3731,0.00,-81.89,0.6141,0.325233
389,redandblack,static_B_2020.02.27_18.39.27.csv,5153,23.3907,0.00,-95.93,0.6131,0.307536
390,soldier,static_B_2019.12.16_13.40.04.csv,164,48.0002,0.00,-65.47,0.6121,0.306786
391,longdress,static_B_2020.02.13_13.57.29.csv,1439,-33.3630,0.00,-159.89,0.6111,0.324805
392,loot,static_B_2020.02.13_13.57.29.csv,2879,-18.4644,0.00,-142.10,0.6101,0.341180
393,redandblack,static_B_2020.02.13_13.57.29.csv,179,-20.3717,0.00,-102.62,0.6091,0.314005
394,soldier,static_B_2020.02.14_13.21.26.csv,77,47.9949,0.00,-60.72,0.6081,0.309920
395,longdress,static_B_2020.02.27_18.39.27.csv,4793,43.1088,0.00,-65.21,0.6072,0.310772
396,loot,static_B_2020.02.27_18.39.27.csv,1373,12.5645,0.00,-111.09,0.6062,0.326119
397,redandblack,static_B_2019.12.16_13.40.04.csv,1124,-143.1274,0.00,-583.93,0.6052,0.337723
398,soldier,static_B_2020.02.27_18.39.27.csv,3893,36.9883,0.00,-147.61,0.6042,0.313822
399,redandblack,static_B_2020.02.27_18.39.27.csv,2068,63.1071,0.00,-41.85,0.6032,0.325034
400,soldier,static_B_2020.02.27_18.39.27.csv,2968,24.6201,0.00,-107.15,0.6022,0.308858
401,longdress,static_B_2020.02.27_18.39.27.csv,5728,14.6005,0.00,-94.93,0.6012,0.313267
402,loot,static_B_2020.02.27_18.39.27.csv,2428,61.0454,0.00,-50.70,0.6002,0.316232
403,redandblack,static_B_2020.02.27_18.39.27.csv,3508,30.0454,0.00,-115.02,0.5992,0.316675
404,soldier,static_B_2020.02.13_13.57.29.csv,827,-0.5685,0.00,-90.90,0.5982,0.329327
405,longdress,static_B_2020.02.27_18.39.27.csv,1828,35.8742,0.00,-94.27,0.5972,0.308062
406,loot,static_B_2020.02.14_13.21.26.csv,73,38.9646,0.00,-61.13,0.5962,0.330471
407,redandblack,static_B_2020.02.27_18.39.27.csv,1228,59.2476,0.00,-43.75,0.5952,0.324464
408,soldier,static_B_2020.02.13_13.57.29.csv,2627,16.1405,0.00,-104.55,0.5942,0.308493
409,longdress,static_B_2020.02.27_18.39.27.csv,268,28.6624,0.00,-79.01,0.5932,0.327922
410,loot,static_B_2020.02.27_18.39.27.csv,988,33.8854,0.00,-105.66,0.5922,0.329751
411,redandblack,static_B_2020.02.13_13.57.29.csv,1607,48.8881,0.00,-58.29,0.5912,0.314484
412,soldier,static_B_2020.02.27_18.39.27.csv,1348,59.4371,0.00,-71.12,0.5902,0.332139
413,longdress,static_B_2020.02.14_13.21.26.csv,850,-29.8631,0.00,-129.76,0.5893,0.313426
414,loot,static_B_2020.02.27_18.39.27.csv,4048,63.6654,0.00,-49.49,0.5883,0.322712
415,redandblack,static_B_2020.02.27_18.39.27.csv,2608,43.3015,0.00,-57.30,0.5873,0.324862
416,soldier,static_B_2019.12.16_13.40.04.csv,1537,-18.2974,0.00,-127.97,0.5863,0.321608
417,longdress,static_B_2020.02.13_13.57.29.csv,2507,3.9379,0.00,-88.45,0.5853,0.314717
418,loot,static_B_2020.02.27_18.39.27.csv,1108,-32.1501,0.00,-157.71,0.5843,0.310236
419,redandblack,static_B_2020.02.14_13.21.26.csv,253,38.7217,0.00,-60.78,0.5833,0.321967
420,soldier,static_B_2019.12.16_13.40.04.csv,757,51.8435,0.00,-58.22,0.5823,0.325760
421,longdress,static_B_2020.02.27_18.39.27.csv,5742,18.9450,0.00,-123.98,0.5813,0.322074
422,loot,static_B_2020.02.14_13.21.26.csv,313,27.3661,0.00,-72.38,0.5803,0.316612
423,redandblack,static_B_2020.02.13_13.57.29.csv,587,32.4524,0.00,-65.69,0.5793,0.323950
424,soldier,static_B_2020.02.13_13.57.29.csv,2267,28.7932,0.00,-95.92,0.5783,0.313251
425,longdress,static_B_2020.02.13_13.57.29.csv,2447,-119.1482,0.00,-380.82,0.5773,0.302043
426,loot,static_B_2020.02.27_18.39.27.csv,3568,-4.5445,0.00,-134.18,0.5763,0.332472
427,redandblack,static_B_2020.02.27_18.39.27.csv,4888,-29.8050,0.00,-115.48,0.5753,0.319548
428,soldier,static_B_2019.12.16_13.40.04.csv,1837,-94.1382,0.00,-297.16,0.5743,0.316746
429,longdress,static_B_2020.02.13_13.57.29.csv,887,-71.3939,0.00,-146.46,0.5733,0.312915
430,loot,static_B_2020.02.27_18.39.27.csv,1708,34.3127,0.00,-85.17,0.5723,0.328117
431,redandblack,static_B_2020.02.13_13.57.29.csv,2087,15.9430,0.00,-89.13,0.5713,0.319058
432,soldier,static_B_2020.02.27_18.39.27.csv,148,56.6766,0.00,-54.40,0.5704,0.319087
433,longdress,static_B_2020.02.13_13.57.29.csv,1727,-13.9764,0.00,-190.77,0.5694,0.311195
434,loot,static_B_2020.02.27_18.39.27.csv,3328,42.1719,0.00,-126.41,0.5684,0.329045
435,redandblack,static_B_2020.02.13_13.57.29.csv,2027,43.5734,0.00,-65.89,0.5674,0.330741
436,soldier,static_B_2020.02.13_13.57.29.csv,1487,-43.5943,0.00,-126.23,0.5664,0.311327
437,longdress,static_B_2020.02.27_18.39.27.csv,2548,0.6081,0.00,-195.07,0.5654,0.298651
438,loot,static_B_2020.02.27_18.39.27.csv,4288,77.3253,0.00,-37.93,0.5644,0.312272
439,redandblack,static_B_2020.02.27_18.39.27.csv,328,-3.9494,0.00,-248.58,0.5634,0.324140
440,soldier,static_B_2019.12.16_13.40.04.csv,217,-54.5074,0.00,-248.11,0.5624,0.329854
441,longdress,static_B_2019.12.16_13.40.04.csv,697,33.1055,0.00,-64.37,0.5614,0.318185
442,loot,static_B_2020.02.27_18.39.27.csv,4348,15.0894,0.00,-85.41,0.5604,0.325487
443,redandblack,static_B_2020.02.13_13.57.29.csv,2867,3.1995,0.00,-88.52,0.5594,0.307146
444,soldier,static_B_2020.02.27_18.39.27.csv,2728,45.0595,0.00,-58.09,0.5584,0.323152
445,longdress,static_B_2020.02.27_18.39.27.csv,808,66.4044,0.00,-42.59,0.5574,0.331633
446,loot,static_B_2020.02.27_18.39.27.csv,388,27.8924,0.00,-72.27,0.5564,0.324606
447,redandblack,static_B_2020.02.27_18.39.27.csv,5548,36.7703,0.00,-69.02,0.5554,0.341125
448,soldier,static_B_2020.02.27_18.39.27.csv,5068,49.3567,0.00,-94.83,0.5544,0.338151
449,longdress,static_B_2019.12.16_13.40.04.csv,1237,-28.8032,0.00,-138.43,0.5534,0.326935
450,loot,static_B_2020.02.13_13.57.29.csv,107,21.9245,0.00,-122.76,0.5525,0.329265
451,redandblack,static_B_2020.02.27_18.39.27.csv,3028,15.7141,0.00,-83.61,0.5515,0.324746
452,soldier,static_B_2020.02.14_13.21.26.csv,133,31.4297,0.00,-113.16,0.5505,0.352439
453,longdress,static_B_2019.12.16_13.40.04.csv,1057,-43.1640,0.00,-148.02,0.5495,0.346566
454,loot,static_B_2019.12.16_13.40.04.csv,37,20.5079,0.00,-92.48,0.5485,0.330358
455,redandblack,static_B_2020.02.13_13.57.29.csv,1967,29.7939,0.00,-125.45,0.5475,0.322629
456,soldier,static_B_2020.02.27_18.39.27.csv,3208,45.0413,0.00,-98.89,0.5465,0.338952
457,longdress,static_B_2020.02.14_13.21.26.csv,433,38.9561,0.00,-86.50,0.5455,0.336312
458,loot,static_B_2020.02.13_13.57.29.csv,2387,27.8351,0.00,-73.60,0.5445,0.331501
459,redandblack,static_B_2020.02.27_18.39.27.csv,1288,35.9370,0.00,-81.66,0.5435,0.327638
460,soldier,static_B_2020.02.14_13.21.26.csv,193,53.8338,0.00,-74.36,0.5425,0.333742
461,longdress,static_B_2020.02.27_18.39.27.csv,3388,80.0666,0.00,-33.70,0.5415,0.342622
462,loot,static_B_2020.02.13_13.57.29.csv,2945,22.8218,0.00,-116.04,0.5405,0.342821
463,redandblack,static_B_2020.02.13_13.57.29.csv,647,-26.7138,0.00,-143.75,0.5395,0.327195
464,soldier,static_B_2019.12.16_13.40.04.csv,1477,53.5635,0.00,-66.27,0.5385,0.330604
465,longdress,static_B_2020.02.13_13.57.29.csv,227,39.9053,0.00,-85.12,0.5375,0.332080
466,loot,static_B_2019.12.16_13.40.04.csv,1297,28.6617,0.00,-94.65,0.5365,0.319489
467,redandblack,static_B_2019.12.16_13.40.04.csv,97,46.9556,0.00,-62.60,0.5355,0.347212
468,soldier,static_B_2020.02.27_18.39.27.csv,2248,7.3803,0.00,-91.01,0.5346,0.328338
469,longdress,static_B_2020.02.27_18.39.27.csv,5668,73.5624,0.00,-43.07,0.5336,0.323172
470,loot,static_B_2020.02.27_18.39.27.csv,3268,45.4153,0.00,-102.75,0.5326,0.322622
471,redandblack,static_B_2020.02.13_13.57.29.csv,947,-134.5580,0.00,-241.31,0.5316,0.323813
472,soldier,static_B_2019.12.16_13.40.04.csv,1904,72.8274,0.00,-43.91,0.5306,0.328950
473,longdress,static_B_2020.02.27_18.39.27.csv,5128,80.1534,0.00,-37.03,0.5296,0.338094
474,loot,static_B_2020.02.13_13.57.29.csv,2207,7.2492,0.00,-123.47,0.5286,0.324426
475,redandblack,static_B_2020.02.14_13.21.26.csv,733,68.8226,0.00,-44.66,0.5276,0.322214
476,soldier,static_B_2020.02.27_18.39.27.csv,4648,-174.1708,0.00,-413.59,0.5266,0.345377
477,longdress,static_B_2020.02.13_13.57.29.csv,1907,49.5932,0.00,-54.43,0.5256,0.313300
478,loot,static_B_2020.02.13_13.57.29.csv,2747,23.0674,0.00,-81.92,0.5246,0.313405
479,redandblack,static_B_2020.02.13_13.57.29.csv,2945,62.2505,0.00,-86.15,0.5236,0.337205
480,soldier,static_B_2020.02.27_18.39.27.csv,208,34.8536,0.00,-125.53,0.5226,0.340694
481,longdress,static_B_2020.02.13_13.57.29.csv,467,4.4809,0.00,-112.77,0.5216,0.329468
482,loot,static_B_2020.02.27_18.39.27.csv,5008,26.4751,0.00,-98.27,0.5206,0.338489
483,redandblack,static_B_2020.02.14_13.21.26.csv,793,38.9328,0.00,-103.71,0.5196,0.334229
484,soldier,static_B_2020.02.13_13.57.29.csv,1127,-40.6948,0.00,-123.58,0.5186,0.339526
485,longdress,static_B_2020.02.27_18.39.27.csv,4108,55.6757,0.00,-56.41,0.5176,0.324236
486,loot,static_B_2020.02.27_18.39.27.csv,88,36.5857,0.00,-99.04,0.5166,0.322619
487,redandblack,static_B_2020.02.27_18.39.27.csv,3808,21.7302,0.00,-122.32,0.5157,0.334048
488,soldier,static_B_2020.02.27_18.39.27.csv,1468,-9.1708,0.00,-140.65,0.5147,0.337925
489,longdress,static_B_2020.02.27_18.39.27.csv,1888,48.0394,0.00,-70.18,0.5137,0.341322
490,loot,static_B_2020.02.14_13.21.26.csv,13,4.6051,0.00,-93.53,0.5127,0.341192
491,redandblack,static_B_2020.02.27_18.39.27.csv,5248,62.3437,0.00,-43.86,0.5117,0.339986
492,soldier,static_B_2020.02.27_18.39.27.csv,2368,14.5558,0.00,-230.95,0.5107,0.356226
493,longdress,static_B_2020.02.27_18.39.27.csv,4168,-20.5182,0.00,-146.27,0.5097,0.331518
494,loot,static_B_2020.02.13_13.57.29.csv,1307,-35.7767,0.00,-126.26,0.5087,0.333145
495,redandblack,static_B_2020.02.13_13.57.29.csv,1247,-37.2064,0.00,-171.77,0.5077,0.332987
496,soldier,static_B_2020.02.13_13.57.29.csv,1367,26.0593,0.00,-117.04,0.5067,0.335222
497,longdress,static_B_2019.12.16_13.40.04.csv,817,70.6351,0.00,-46.42,0.5057,0.328496
498,loot,static_B_2019.12.16_13.40.04.csv,1417,55.4462,0.00,-94.17,0.5047,0.346000
499,redandblack,static_B_2020.02.27_18.39.27.csv,5742,42.6362,0.00,-105.14,0.5037,0.321593
500,soldier,static_B_2020.02.27_18.39.27.csv,928,47.9047,0.00,-66.57,0.5027,0.330448
501,longdress,static_B_2020.02.13_13.57.29.csv,1787,30.7991,0.00,-114.67,0.5017,0.328585
502,loot,static_B_2019.12.16_13.40.04.csv,877,37.9826,0.00,-83.88,0.5007,0.332982
503,redandblack,static_B_2020.02.13_13.57.29.csv,167,-1.7898,0.00,-108.67,0.4997,0.340474
504,soldier,static_B_2020.02.13_13.57.29.csv,1427,-18.4241,0.00,-171.63,0.4987,0.342619
505,longdress,static_B_2020.02.27_18.39.27.csv,2668,-19.6632,0.00,-146.61,0.4978,0.336265
506,loot,static_B_2020.02.13_13.57.29.csv,767,30.0791,0.00,-78.83,0.4968,0.324860
507,redandblack,static_B_2020.02.13_13.57.29.csv,527,31.0069,0.00,-97.02,0.4958,0.337514
508,soldier,static_B_2020.02.13_13.57.29.csv,1187,25.3042,0.00,-97.44,0.4948,0.347935
509,longdress,static_B_2020.02.27_18.39.27.csv,1528,26.4719,0.00,-114.20,0.4938,0.352061
510,loot,static_B_2020.02.27_18.39.27.csv,4468,27.6670,0.00,-75.59,0.4928,0.338746
511,redandblack,static_B_2019.12.16_13.40.04.csv,1657,49.9695,0.00,-112.46,0.4918,0.334919
512,soldier,static_B_2020.02.14_13.21.26.csv,553,42.1797,0.00,-74.77,0.4908,0.326768
513,longdress,static_B_2020.02.27_18.39.27.csv,28,51.9044,0.00,-57.11,0.4898,0.343514
514,loot,static_B_2020.02.27_18.39.27.csv,2128,27.8118,0.00,-76.96,0.4888,0.327098
515,redandblack,static_B_2020.02.27_18.39.27.csv,5308,62.0659,0.00,-57.60,0.4878,0.334320
516,soldier,static_B_2019.12.16_13.40.04.csv,637,11.2839,0.00,-100.09,0.4868,0.348941
517,longdress,static_B_2020.02.13_13.57.29.csv,407,40.2126,0.00,-77.80,0.4858,0.333203
518,loot,static_B_2020.02.14_13.21.26.csv,673,35.3570,0.00,-66.05,0.4848,0.342326
519,redandblack,static_B_2020.02.13_13.57.29.csv,47,26.4839,0.00,-79.29,0.4838,0.338859
520,soldier,static_B_2020.02.27_18.39.27.csv,3928,83.4290,0.07,-32.79,0.4828,0.325418
521,longdress,static_B_2020.02.13_13.57.29.csv,287,19.5498,0.00,-89.36,0.4818,0.319282
522,loot,static_B_2020.02.13_13.57.29.csv,1007,15.5621,0.00,-91.10,0.4808,0.350088
523,redandblack,static_B_2020.02.27_18.39.27.csv,2788,40.1268,0.00,-75.61,0.4799,0.343507
524,soldier,static_B_2020.02.27_18.39.27.csv,1168,-60.1180,0.00,-368.07,0.4789,0.333583
525,longdress,static_B_2020.02.27_18.39.27.csv,2188,13.6381,0.00,-160.39,0.4779,0.336034
526,loot,static_B_2020.02.27_18.39.27.csv,5428,19.0965,0.00,-86.26,0.4769,0.337854
527,redandblack,static_B_2020.02.13_13.57.29.csv,2687,39.6247,0.00,-66.21,0.4759,0.330664
528,soldier,static_B_2020.02.27_18.39.27.csv,868,41.1495,0.00,-82.03,0.4749,0.356753
529,longdress,static_B_2020.02.27_18.39.27.csv,5368,66.2178,0.00,-59.35,0.4739,0.333440
530,loot,static_B_2019.12.16_13.40.04.csv,397,39.8927,0.00,-83.70,0.4729,0.342068
531,redandblack,static_B_2020.02.13_13.57.29.csv,2567,45.5368,0.00,-142.47,0.4719,0.331933
532,soldier,static_B_2020.02.27_18.39.27.csv,4708,40.3081,0.00,-90.15,0.4709,0.339205
533,longdress,static_B_2020.02.13_13.57.29.csv,2147,-19.2915,0.00,-142.80,0.4699,0.318261
534,loot,static_B_2020.02.27_18.39.27.csv,508,58.3422,0.00,-52.97,0.4689,0.336731
535,redandblack,static_B_2020.02.27_18.39.27.csv,3088,-13.5354,0.00,-105.97,0.4679,0.337882
536,soldier,static_B_2019.12.16_13.40.04.csv,937,-5.9774,0.00,-145.94,0.4669,0.333013
537,longdress,static_B_2020.02.27_18.39.27.csv,3748,74.2582,0.00,-40.05,0.4659,0.344722
538,loot,static_B_2019.12.16_13.40.04.csv,457,0.4264,0.00,-424.67,0.4649,0.328873
539,redandblack,static_B_2020.02.27_18.39.27.csv,3868,12.2443,0.00,-130.98,0.4639,0.327586
540,soldier,static_B_2020.02.27_18.39.27.csv,5488,57.7237,0.00,-76.24,0.4629,0.338409
541,longdress,static_B_2020.02.27_18.39.27.csv,2908,13.3186,0.00,-88.49,0.4619,0.347547
542,loot,static_B_2020.02.27_18.39.27.csv,2308,57.0448,0.00,-85.64,0.4610,0.357571
543,redandblack,static_B_2020.02.27_18.39.27.csv,448,71.8443,0.00,-87.86,0.4600,0.346066
544,soldier,static_B_2020.02.13_13.57.29.csv,2327,17.6676,0.00,-89.96,0.4590,0.345839
545,longdress,static_B_2020.02.14_13.21.26.csv,613,58.6129,0.00,-54.21,0.4580,0.342356
546,loot,static_B_2020.02.13_13.57.29.csv,2927,72.8544,0.00,-80.31,0.4570,0.337650
547,redandblack,static_B_2020.02.14_13.21.26.csv,373,47.5586,0.00,-77.02,0.4560,0.333872
548,soldier,static_B_2020.02.27_18.39.27.csv,4828,80.2622,0.00,-47.41,0.4550,0.330163
549,longdress,static_B_2020.02.27_18.39.27.csv,1768,-136.4467,0.00,-580.93,0.4540,0.340280
550,loot,static_B_2020.02.27_18.39.27.csv,3448,83.8421,0.00,-79.50,0.4530,0.340767
551,redandblack,static_B_2020.02.27_18.39.27.csv,4768,44.6847,0.00,-60.59,0.4520,0.330854
552,soldier,static_B_2020.02.27_18.39.27.csv,2488,39.7527,0.00,-95.44,0.4510,0.338871
553,longdress,static_B_2020.02.27_18.39.27.csv,4588,-24.2289,0.00,-113.22,0.4500,0.351468
554,loot,static_B_2020.02.13_13.57.29.csv,1067,38.1885,0.00,-66.19,0.4490,0.344816
555,redandblack,static_B_2019.12.16_13.40.04.csv,997,41.0156,0.00,-83.77,0.4480,0.359280
556,soldier,static_B_2019.12.16_13.40.04.csv,577,12.6637,0.00,-105.24,0.4470,0.371851
557,longdress,static_B_2020.02.27_18.39.27.csv,568,57.4659,0.00,-52.25,0.4460,0.342569
558,loot,static_B_2019.12.16_13.40.04.csv,1777,55.9503,0.00,-56.98,0.4450,0.329911
559,redandblack,static_B_2019.12.16_13.40.04.csv,1117,-93.5309,0.00,-566.10,0.4440,0.360639
560,soldier,static_B_2020.02.27_18.39.27.csv,3148,-115.6320,0.00,-457.47,0.4431,0.362468
561,longdress,static_B_2020.02.27_18.39.27.csv,5608,48.8478,0.00,-68.72,0.4421,0.364292
562,loot,static_B_2020.02.27_18.39.27.csv,4228,62.1637,0.00,-87.91,0.4411,0.354445
563,redandblack,static_B_2019.12.16_13.40.04.csv,1904,95.8542,0.00,-25.76,0.4401,0.338530
564,soldier,static_B_2019.12.16_13.40.04.csv,1357,-139.6628,0.00,-373.84,0.4391,0.349040
565,longdress,static_B_2020.02.27_18.39.27.csv,4408,31.2352,0.00,-69.64,0.4381,0.355752
566,loot,static_B_2020.02.27_18.39.27.csv,4948,61.0307,0.00,-102.34,0.4371,0.351906
567,redandblack,static_B_2020.02.14_13.21.26.csv,493,81.3596,0.00,-34.79,0.4361,0.347522
568,soldier,static_B_2020.02.13_13.57.29.csv,2807,-28.9418,0.00,-179.82,0.4351,0.345067
569,longdress,static_B_2020.02.13_13.57.29.csv,1667,-5.7820,0.00,-103.81,0.4341,0.362393
570,loot,static_B_2019.12.16_13.40.04.csv,157,40.7191,0.00,-121.99,0.4331,0.368171
571,redandblack,static_B_2020.02.27_18.39.27.csv,1588,44.4162,0.00,-62.40,0.4321,0.358905
572,soldier,static_B_2020.02.13_13.57.29.csv,1547,11.8224,0.00,-88.79,0.4311,0.362983
573,longdress,static_B_2020.02.14_13.21.26.csv,850,30.5221,0.00,-91.67,0.4301,0.336726
574,loot,static_B_2020.02.27_18.39.27.csv,2008,42.7616,0.00,-78.32,0.4291,0.374728
575,redandblack,static_B_2020.02.27_18.39.27.csv,1648,58.6739,0.00,-53.48,0.4281,0.344088
576,soldier,static_B_2020.02.27_18.39.27.csv,3988,42.2941,0.00,-81.67,0.4271,0.357341
577,longdress,static_B_2020.02.27_18.39.27.csv,4528,21.6157,0.00,-80.44,0.4261,0.354859
578,loot,static_B_2020.02.13_13.57.29.csv,1847,-19.4694,0.00,-231.28,0.4251,0.376540
579,redandblack,static_B_2020.02.27_18.39.27.csv,3628,34.9470,0.00,-102.34,0.4242,0.364493
580,soldier,static_B_2019.12.16_13.40.04.csv,337,-39.8568,0.00,-147.52,0.4232,0.347375
581,longdress,static_B_2019.12.16_13.40.04.csv,1897,70.7936,0.00,-43.53,0.4222,0.355362
582,loot,static_B_2019.12.16_13.40.04.csv,1597,79.4962,0.00,-38.50,0.4212,0.362458
583,redandblack,static_B_2020.02.27_18.39.27.csv,1048,91.3333,0.00,-30.32,0.4202,0.361622
584,soldier,static_B_2020.02.27_18.39.27.csv,5188,-30.8209,0.00,-115.67,0.4192,0.369284
585,longdress,static_B_2020.02.27_18.39.27.csv,748,68.7993,0.00,-46.61,0.4182,0.366882
586,loot,static_B_2019.12.16_13.40.04.csv,1177,12.7686,0.00,-154.64,0.4172,0.361829
587,redandblack,static_B_2019.12.16_13.40.04.csv,1717,78.1723,0.00,-32.72,0.4162,0.377707
588,soldier,static_B_2020.02.13_13.57.29.csv,707,-41.6718,0.00,-193.01,0.4152,0.365960
589,longdress,static_B_2020.02.27_18.39.27.csv,2848,54.4103,0.00,-52.20,0.4142,0.349494
590,loot,static_B_2019.12.16_13.40.04.csv,517,73.4156,0.00,-93.07,0.4132,0.361070
591,redandblack,static_B_2020.02.27_18.39.27.csv,688,88.8090,0.00,-35.92,0.4122,0.388717
592,soldier,static_B_2020.02.13_13.57.29.csv,347,17.4343,0.00,-106.59,0.4112,0.369392
593,longdress,static_B_2020.02.27_18.39.27.csv,1948,15.7236,0.00,-105.56,0.4102,0.358099
594,loot,static_B_2019.12.16_13.40.04.csv,277,55.4091,0.00,-73.00,0.4092,0.381837
595,redandblack,static_B_2020.02.27_18.39.27.csv,1408,71.9523,0.00,-45.13,0.4082,0.350503
596,soldier,static_B_2020.02.27_18.39.27.csv,3688,75.8625,0.00,-38.42,0.4072,0.362319
597,longdress,static_B_2020.02.27_18.39.27.csv,628,84.2641,0.00,-35.59,0.4063,0.365807
598,soldier,static_B_2020.02.27_18.39.27.csv,663,32.3049,0.00,-111.14,0.4053,0.378438
599,longdress,static_B_2020.02.14_13.21.26.csv,557,50.8801,0.00,-66.08,0.4043,0.366124
600,loot,static_B_2020.02.14_13.21.26.csv,137,57.2834,0.00,-92.45,0.4033,0.358757
601,redandblack,static_B_2020.02.27_18.39.27.csv,5583,64.3160,0.00,-130.98,0.4023,0.362669
602,soldier,static_B_2020.02.27_18.39.27.csv,4983,36.0155,0.00,-127.69,0.4013,0.373447
603,longdress,static_B_2020.02.27_18.39.27.csv,5103,65.4428,0.00,-76.02,0.4003,0.387472
604,loot,static_B_2020.02.13_13.57.29.csv,1942,-2.3765,0.00,-155.68,0.3993,0.349413
605,redandblack,static_B_2020.02.27_18.39.27.csv,1503,79.0837,0.00,-70.70,0.3983,0.374515
606,soldier,static_B_2020.02.13_13.57.29.csv,562,52.7403,0.00,-66.23,0.3973,0.379901
607,longdress,static_B_2020.02.27_18.39.27.csv,2643,-41.3291,0.00,-208.89,0.3963,0.379851
608,loot,static_B_2019.12.16_13.40.04.csv,78,85.0399,0.00,-78.66,0.3953,0.380197
609,redandblack,static_B_2020.02.27_18.39.27.csv,5343,54.8668,0.00,-96.45,0.3943,0.377189
610,soldier,static_B_2020.02.27_18.39.27.csv,2343,-110.5224,0.00,-420.08,0.3933,0.371317
611,longdress,static_B_2020.02.13_13.57.29.csv,1822,41.2289,0.00,-63.47,0.3923,0.363092
612,loot,static_B_2019.12.16_13.40.04.csv,1904,98.5553,0.00,-24.79,0.3913,0.387250
613,redandblack,static_B_2019.12.16_13.40.04.csv,798,96.3095,0.00,-45.73,0.3903,0.387153
614,soldier,static_B_2019.12.16_13.40.04.csv,1638,77.2495,0.00,-37.94,0.3893,0.373149
615,longdress,static_B_2019.12.16_13.40.04.csv,318,-44.8888,0.00,-170.05,0.3884,0.374387
616,loot,static_B_2020.02.27_18.39.27.csv,4203,16.1649,0.00,-189.81,0.3874,0.376000
617,redandblack,static_B_2020.02.13_13.57.29.csv,1342,41.0072,0.00,-65.18,0.3864,0.359078
618,soldier,static_B_2019.12.16_13.40.04.csv,1158,5.3268,0.00,-112.59,0.3854,0.387436
619,longdress,static_B_2020.02.27_18.39.27.csv,1443,13.1697,0.00,-85.35,0.3844,0.387116
620,loot,static_B_2020.02.27_18.39.27.csv,4323,65.8369,0.00,-45.98,0.3834,0.380931
621,redandblack,static_B_2020.02.27_18.39.27.csv,2103,65.0116,0.00,-46.53,0.3824,0.373150
622,soldier,static_B_2020.02.13_13.57.29.csv,2602,47.9361,0.00,-76.92,0.3814,0.385329
623,longdress,static_B_2020.02.13_13.57.29.csv,1102,-34.0917,0.00,-182.41,0.3804,0.381266
624,loot,static_B_2020.02.27_18.39.27.csv,5043,59.9325,0.00,-52.93,0.3794,0.395072
625,redandblack,static_B_2020.02.27_18.39.27.csv,5163,80.7146,0.00,-76.23,0.3784,0.380451
626,soldier,static_B_2020.02.14_13.21.26.csv,317,91.0863,0.00,-32.45,0.3774,0.380047
627,longdress,static_B_2020.02.27_18.39.27.csv,1563,25.8522,0.00,-78.94,0.3764,0.402739
628,loot,static_B_2020.02.27_18.39.27.csv,3243,48.2505,0.00,-91.38,0.3754,0.370092
629,redandblack,static_B_2020.02.27_18.39.27.csv,2703,74.4748,0.00,-37.06,0.3744,0.373278
630,soldier,static_B_2020.02.13_13.57.29.csv,2122,23.3009,0.00,-98.28,0.3734,0.368162
631,longdress,static_B_2020.02.27_18.39.27.csv,1683,7.0527,0.00,-95.17,0.3724,0.374952
632,loot,static_B_2020.02.27_18.39.27.csv,3903,82.2217,0.00,-82.17,0.3714,0.357930
633,redandblack,static_B_2020.02.27_18.39.27.csv,1863,79.3647,0.00,-67.55,0.3704,0.361851
634,soldier,static_B_2020.02.27_18.39.27.csv,4683,-23.5907,0.00,-263.29,0.3695,0.404338
635,longdress,static_B_2020.02.13_13.57.29.csv,142,75.0286,0.00,-81.06,0.3685,0.371135
636,loot,static_B_2020.02.27_18.39.27.csv,1743,66.1593,0.00,-46.60,0.3675,0.397659
637,redandblack,static_B_2019.12.16_13.40.04.csv,1458,50.5103,0.00,-115.81,0.3665,0.381633
638,soldier,static_B_2019.12.16_13.40.04.csv,978,46.3983,0.00,-81.54,0.3655,0.366153
639,longdress,static_B_2020.02.27_18.39.27.csv,1803,62.6973,0.00,-81.28,0.3645,0.382636
640,loot,static_B_2020.02.13_13.57.29.csv,2002,65.4463,0.00,-105.02,0.3635,0.380268
641,redandblack,static_B_2020.02.27_18.39.27.csv,2163,84.6080,0.00,-37.61,0.3625,0.380174
642,soldier,static_B_2019.12.16_13.40.04.csv,1038,-7.0774,0.00,-118.58,0.3615,0.379061
643,longdress,static_B_2019.12.16_13.40.04.csv,1698,60.1447,0.00,-90.92,0.3605,0.380328
644,loot,static_B_2020.02.27_18.39.27.csv,4863,-19.8784,0.00,-118.83,0.3595,0.375281
645,redandblack,static_B_2020.02.13_13.57.29.csv,382,31.9669,0.00,-132.91,0.3585,0.382272
646,soldier,static_B_2020.02.13_13.57.29.csv,862,-90.7192,0.00,-176.67,0.3575,0.380631
647,longdress,static_B_2020.02.27_18.39.27.csv,3363,68.0064,0.00,-50.29,0.3565,0.375914
648,loot,static_B_2019.12.16_13.40.04.csv,1098,-124.9018,0.00,-577.66,0.3555,0.392254
649,redandblack,static_B_2020.02.13_13.57.29.csv,502,88.2872,0.00,-28.01,0.3545,0.386203
650,soldier,static_B_2020.02.27_18.39.27.csv,4383,48.9334,0.00,-118.11,0.3535,0.388140
651,longdress,static_B_2019.12.16_13.40.04.csv,18,82.3385,0.00,-57.42,0.3525,0.385752
652,loot,static_B_2020.02.14_13.21.26.csv,197,90.8701,0.00,-31.23,0.3516,0.381363
653,redandblack,static_B_2020.02.14_13.21.26.csv,497,101.7756,0.00,-23.07,0.3506,0.361114
654,soldier,static_B_2020.02.27_18.39.27.csv,603,109.9229,0.00,-19.19,0.3496,0.376003
655,longdress,static_B_2020.02.13_13.57.29.csv,2062,67.3485,0.00,-43.28,0.3486,0.389509
656,loot,static_B_2020.02.27_18.39.27.csv,4023,60.5209,0.00,-51.97,0.3476,0.399884
657,redandblack,static_B_2020.02.27_18.39.27.csv,1023,41.7137,0.00,-84.36,0.3466,0.389301
658,soldier,static_B_2020.02.27_18.39.27.csv,2763,83.8976,0.00,-33.40,0.3456,0.371419
659,longdress,static_B_2020.02.27_18.39.27.csv,4263,70.4632,0.00,-44.06,0.3446,0.376488
660,loot,static_B_2020.02.13_13.57.29.csv,22,94.1818,0.00,-30.64,0.3436,0.365907
661,redandblack,static_B_2020.02.13_13.57.29.csv,1522,-38.5626,0.00,-129.15,0.3426,0.384463
662,soldier,static_B_2019.12.16_13.40.04.csv,1338,-5.2451,0.00,-105.88,0.3416,0.379234
663,longdress,static_B_2020.02.27_18.39.27.csv,4563,17.5575,0.00,-86.29,0.3406,0.410998
664,loot,static_B_2020.02.27_18.39.27.csv,5703,66.8432,0.00,-90.16,0.3396,0.381092
665,redandblack,static_B_2020.02.27_18.39.27.csv,5223,55.9046,0.00,-55.95,0.3386,0.371908
666,soldier,static_B_2020.02.13_13.57.29.csv,2242,32.3414,0.00,-137.20,0.3376,0.383290
667,longdress,static_B_2020.02.13_13.57.29.csv,1042,-11.3954,0.00,-102.90,0.3366,0.379775
668,loot,static_B_2020.02.27_18.39.27.csv,5643,103.5112,0.00,-42.79,0.3356,0.359617
669,redandblack,static_B_2020.02.27_18.39.27.csv,423,108.8455,0.00,-20.10,0.3346,0.380915
670,soldier,static_B_2020.02.27_18.39.27.csv,2463,74.8999,0.00,-42.06,0.3337,0.364154
671,longdress,static_B_2020.02.14_13.21.26.csv,797,41.4444,0.00,-104.62,0.3327,0.373569
672,loot,static_B_2020.02.27_18.39.27.csv,903,97.8996,0.00,-40.95,0.3317,0.373746
673,redandblack,static_B_2020.02.27_18.39.27.csv,1263,84.0044,0.00,-36.84,0.3307,0.378970
674,soldier,static_B_2020.02.27_18.39.27.csv,3303,111.9878,0.00,-16.92,0.3297,0.357154
675,longdress,static_B_2020.02.13_13.57.29.csv,622,-2.7721,0.00,-162.44,0.3287,0.376809
676,loot,static_B_2020.02.14_13.21.26.csv,437,101.6254,0.00,-24.69,0.3277,0.377021
677,redandblack,static_B_2020.02.13_13.57.29.csv,1882,82.0974,0.00,-92.40,0.3267,0.379356
678,soldier,static_B_2020.02.13_13.57.29.csv,2542,67.7273,0.00,-72.66,0.3257,0.375274
679,longdress,static_B_2020.02.27_18.39.27.csv,1623,40.9258,0.00,-126.10,0.3247,0.363675
680,loot,static_B_2020.02.27_18.39.27.csv,3423,84.3576,0.00,-37.04,0.3237,0.381133
681,redandblack,static_B_2020.02.27_18.39.27.csv,783,80.4217,0.00,-38.80,0.3227,0.371922
682,soldier,static_B_2019.12.16_13.40.04.csv,1518,47.0022,0.00,-119.36,0.3217,0.399505
683,longdress,static_B_2020.02.13_13.57.29.csv,202,62.7764,0.00,-131.80,0.3207,0.396958
684,loot,static_B_2020.02.13_13.57.29.csv,922,-25.0410,0.00,-121.62,0.3197,0.380441
685,redandblack,static_B_2020.02.27_18.39.27.csv,1143,-28.1469,0.00,-125.75,0.3187,0.391160
686,soldier,static_B_2019.12.16_13.40.04.csv,1578,122.1773,0.00,-9.28,0.3177,0.392200
687,longdress,static_B_2019.12.16_13.40.04.csv,378,36.8171,0.00,-95.88,0.3167,0.395279
688,loot,static_B_2020.02.27_18.39.27.csv,2883,100.1701,0.00,-26.49,0.3157,0.384407
689,redandblack,static_B_2020.02.27_18.39.27.csv,303,68.4645,0.00,-43.09,0.3148,0.378965
690,soldier,static_B_2020.02.27_18.39.27.csv,5742,57.9879,0.00,-90.39,0.3138,0.375066
691,longdress,static_B_2020.02.27_18.39.27.csv,2523,88.7400,0.00,-26.41,0.3128,0.390031
692,loot,static_B_2020.02.27_18.39.27.csv,3783,43.2705,0.00,-155.74,0.3118,0.387226
693,redandblack,static_B_2020.02.27_18.39.27.csv,543,67.7725,0.00,-296.28,0.3108,0.372748
694,soldier,static_B_2020.02.13_13.57.29.csv,2662,69.6048,0.00,-47.85,0.3098,0.374948
695,longdress,static_B_2020.02.27_18.39.27.csv,183,59.0789,0.00,-146.55,0.3088,0.385801
696,loot,static_B_2019.12.16_13.40.04.csv,1818,50.2761,0.00,-78.50,0.3078,0.372251
697,redandblack,static_B_2020.02.13_13.57.29.csv,322,34.5445,0.00,-67.83,0.3068,0.387258
698,soldier,static_B_2020.02.13_13.57.29.csv,1282,42.1039,0.00,-78.04,0.3058,0.402752
699,longdress,static_B_2019.12.16_13.40.04.csv,678,67.4028,0.00,-84.63,0.3048,0.388735
700,loot,static_B_2020.02.13_13.57.29.csv,802,44.5323,0.00,-89.28,0.3038,0.375720
701,redandblack,static_B_2020.02.27_18.39.27.csv,3663,93.2213,0.00,-23.97,0.3028,0.381325
702,soldier,static_B_2020.02.13_13.57.29.csv,682,-100.9354,0.00,-272.95,0.3018,0.384477
703,longdress,static_B_2020.02.27_18.39.27.csv,243,103.8001,0.00,-34.43,0.3008,0.392750
704,loot,static_B_2020.02.13_13.57.29.csv,2902,84.9079,0.00,-50.78,0.2998,0.386973
705,redandblack,static_B_2020.02.27_18.39.27.csv,4743,91.2520,0.00,-49.02,0.2988,0.371006
706,soldier,static_B_2020.02.13_13.57.29.csv,2182,-35.7783,0.00,-181.54,0.2978,0.380680
707,longdress,static_B_2020.02.27_18.39.27.csv,363,100.7651,0.00,-79.36,0.2969,0.382558
708,loot,static_B_2020.02.13_13.57.29.csv,1162,50.3855,0.00,-57.48,0.2959,0.377835
709,redandblack,static_B_2020.02.13_13.57.29.csv,2722,42.1928,0.00,-69.26,0.2949,0.385114
710,soldier,static_B_2020.02.27_18.39.27.csv,4923,78.0045,0.00,-90.67,0.2939,0.381736
711,longdress,static_B_2020.02.14_13.21.26.csv,617,85.8377,0.00,-54.47,0.2929,0.385412
712,loot,static_B_2020.02.27_18.39.27.csv,1083,3.1474,0.00,-95.13,0.2919,0.380610
713,redandblack,static_B_2020.02.27_18.39.27.csv,843,103.2718,0.00,-22.04,0.2909,0.390896
714,soldier,static_B_2020.02.14_13.21.26.csv,377,78.0648,0.00,-54.46,0.2899,0.371660
715,longdress,static_B_2020.02.27_18.39.27.csv,4143,59.0389,0.00,-75.08,0.2889,0.364025
716,loot,static_B_2020.02.27_18.39.27.csv,3123,-199.4379,0.00,-526.68,0.2879,0.400975
717,redandblack,static_B_2020.02.14_13.21.26.csv,850,62.3851,0.00,-65.49,0.2869,0.372784
718,soldier,static_B_2019.12.16_13.40.04.csv,738,73.6190,0.00,-95.36,0.2859,0.403458
719,longdress,static_B_2020.02.13_13.57.29.csv,1402,28.9743,0.00,-175.03,0.2849,0.363053
720,loot,static_B_2020.02.27_18.39.27.csv,4443,54.0869,0.00,-58.14,0.2839,0.387311
721,redandblack,static_B_2020.02.27_18.39.27.csv,123,61.2639,0.00,-61.04,0.2829,0.398881
722,soldier,static_B_2020.02.13_13.57.29.csv,82,-33.0448,0.00,-228.42,0.2819,0.397324
723,longdress,static_B_2020.02.27_18.39.27.csv,2043,33.1341,0.00,-94.96,0.2809,0.400946
724,loot,static_B_2019.12.16_13.40.04.csv,918,11.7001,0.00,-105.57,0.2799,0.379353
725,redandblack,static_B_2020.02.13_13.57.29.csv,1762,58.5006,0.00,-96.34,0.2790,0.399443
726,soldier,static_B_2019.12.16_13.40.04.csv,1218,1.7473,0.00,-118.83,0.2780,0.399044
727,longdress,static_B_2020.02.27_18.39.27.csv,5283,113.7130,0.00,-27.96,0.2770,0.399169
728,loot,static_B_2020.02.27_18.39.27.csv,3963,99.6399,0.00,-45.61,0.2760,0.421218
729,redandblack,static_B_2020.02.27_18.39.27.csv,2223,90.7603,0.00,-32.92,0.2750,0.387309
730,soldier,static_B_2019.12.16_13.40.04.csv,1904,84.4002,0.00,-38.12,0.2740,0.399411
731,longdress,static_B_2020.02.13_13.57.29.csv,1582,72.8002,0.00,-60.69,0.2730,0.405767
732,loot,static_B_2020.02.27_18.39.27.csv,4803,112.2803,0.00,-17.74,0.2720,0.373777
733,redandblack,static_B_2020.02.27_18.39.27.csv,63,131.2130,0.00,-2.24,0.2710,0.397468
734,soldier,static_B_2020.02.27_18.39.27.csv,1203,110.2125,0.00,-20.35,0.2700,0.380655
735,longdress,static_B_2019.12.16_13.40.04.csv,498,74.4926,0.00,-90.02,0.2690,0.401212
736,loot,static_B_2019.12.16_13.40.04.csv,858,86.4132,0.00,-50.72,0.2680,0.402144
737,redandblack,static_B_2020.02.27_18.39.27.csv,3183,116.0474,0.00,-30.27,0.2670,0.393227
738,soldier,static_B_2019.12.16_13.40.04.csv,558,70.2479,0.00,-64.39,0.2660,0.412501
739,longdress,static_B_2020.02.14_13.21.26.csv,850,61.2741,0.00,-71.90,0.2650,0.390386
740,loot,static_B_2019.12.16_13.40.04.csv,138,64.9682,0.00,-101.93,0.2640,0.402116
741,redandblack,static_B_2020.02.13_13.57.29.csv,2302,49.1865,0.00,-64.34,0.2630,0.410508
742,soldier,static_B_2020.02.13_13.57.29.csv,1222,100.3904,0.00,-46.39,0.2620,0.411121
743,longdress,static_B_2020.02.27_18.39.27.csv,5403,114.1662,0.00,-12.35,0.2610,0.424753
744,loot,static_B_2020.02.13_13.57.29.csv,2422,-59.9832,0.00,-401.47,0.2601,0.404088
745,redandblack,static_B_2019.12.16_13.40.04.csv,438,56.8333,0.00,-63.55,0.2591,0.407165
746,soldier,static_B_2019.12.16_13.40.04.csv,618,-6.5826,0.00,-141.69,0.2581,0.419115
747,longdress,static_B_2020.02.27_18.39.27.csv,5463,114.2119,0.00,-15.74,0.2571,0.415547
748,loot,static_B_2019.12.16_13.40.04.csv,1878,130.5993,0.00,-3.29,0.2561,0.413270
749,redandblack,static_B_2020.02.13_13.57.29.csv,2945,104.6511,0.00,-58.95,0.2551,0.402317
750,soldier,static_B_2020.02.27_18.39.27.csv,1323,102.8722,0.00,-105.02,0.2541,0.402576
751,longdress,static_B_2019.12.16_13.40.04.csv,1758,68.9388,0.00,-63.83,0.2531,0.404254
752,loot,static_B_2020.02.27_18.39.27.csv,3483,115.5751,0.00,-15.99,0.2521,0.422911
753,redandblack,static_B_2020.02.13_13.57.29.csv,2362,8.3088,0.00,-95.30,0.2511,0.406676
754,soldier,static_B_2019.12.16_13.40.04.csv,1278,38.6144,0.00,-91.09,0.2501,0.421790
755,longdress,static_B_2020.02.27_18.39.27.csv,1383,113.9663,0.00,-41.45,0.2491,0.420919
756,loot,static_B_2020.02.27_18.39.27.csv,3603,97.0042,0.00,-23.71,0.2481,0.426255
757,redandblack,static_B_2020.02.13_13.57.29.csv,2842,28.2844,0.00,-84.39,0.2471,0.404566
758,soldier,static_B_2020.02.27_18.39.27.csv,4083,117.2437,0.00,-8.92,0.2461,0.437743
759,longdress,static_B_2020.02.13_13.57.29.csv,1462,-21.4153,0.00,-120.18,0.2451,0.422723
760,loot,static_B_2020.02.13_13.57.29.csv,2945,104.1588,0.00,-60.18,0.2441,0.426868
761,redandblack,static_B_2020.02.14_13.21.26.csv,677,108.6837,0.00,-21.30,0.2431,0.414063
762,soldier,static_B_2020.02.27_18.39.27.csv,1923,90.3518,0.00,-31.72,0.2422,0.438388
763,longdress,static_B_2020.02.27_18.39.27.csv,2943,102.1241,0.00,-59.30,0.2412,0.403283
764,loot,static_B_2020.02.27_18.39.27.csv,2403,114.2701,0.00,-12.18,0.2402,0.438827
765,redandblack,static_B_2020.02.27_18.39.27.csv,483,119.5153,0.00,-12.06,0.2392,0.409492
766,soldier,static_B_2020.02.13_13.57.29.csv,982,-73.5760,0.00,-375.70,0.2382,0.433029
767,longdress,static_B_2020.02.13_13.57.29.csv,1642,9.1728,0.00,-160.82,0.2372,0.420311
768,loot,static_B_2020.02.13_13.57.29.csv,442,49.1814,0.00,-64.00,0.2362,0.418543
769,redandblack,static_B_2020.02.27_18.39.27.csv,1983,45.1082,0.00,-66.03,0.2352,0.427082
770,soldier,static_B_2020.02.13_13.57.29.csv,2482,59.4984,0.00,-98.02,0.2342,0.407414
771,longdress,static_B_2020.02.14_13.21.26.csv,17,22.4874,0.00,-125.72,0.2332,0.416648
772,loot,static_B_2020.02.14_13.21.26.csv,737,137.3045,0.00,1.22,0.2322,0.429264
773,redandblack,static_B_2019.12.16_13.40.04.csv,198,86.6123,0.00,-120.45,0.2312,0.422846
774,soldier,static_B_2020.02.27_18.39.27.csv,3723,91.1897,0.00,-28.89,0.2302,0.451356
775,longdress,static_B_2020.02.27_18.39.27.csv,723,59.5456,0.00,-106.94,0.2292,0.439903
776,loot,static_B_2020.02.27_18.39.27.csv,2283,84.6242,0.00,-52.11,0.2282,0.437383
777,redandblack,static_B_2019.12.16_13.40.04.csv,1398,88.9424,0.00,-65.62,0.2272,0.412751
778,soldier,static_B_2020.02.14_13.21.26.csv,77,134.6878,0.00,-0.73,0.2262,0.444560
779,longdress,static_B_2020.02.27_18.39.27.csv,3843,-43.1934,0.00,-228.90,0.2252,0.429199
780,loot,static_B_2020.02.13_13.57.29.csv,742,30.8844,0.00,-86.69,0.2242,0.434117
781,redandblack,static_B_2020.02.13_13.57.29.csv,1702,41.0041,0.00,-87.42,0.2233,0.447181
782,soldier,static_B_2020.02.27_18.39.27.csv,5742,73.5712,0.00,-79.59,0.2223,0.438481
783,longdress,static_B_2019.12.16_13.40.04.csv,258,3.0893,0.00,-120.06,0.2213,0.424263
784,loot,static_B_2020.02.27_18.39.27.csv,2823,103.2427,0.00,-61.53,0.2203,0.432465
785,redandblack,static_B_2020.02.27_18.39.27.csv,5523,118.5234,0.00,-55.48,0.2193,0.429556
786,soldier,static_B_2020.02.13_13.57.29.csv,2782,24.3241,0.00,-135.25,0.2183,0.444398
787,longdress,static_B_2020.02.14_13.21.26.csv,257,65.8481,0.00,-47.70,0.2173,0.428416
788,loot,static_B_2020.02.27_18.39.27.csv,2583,122.7189,0.00,-9.47,0.2163,0.439620
789,redandblack,static_B_2020.02.27_18.39.27.csv,3003,66.6255,0.00,-46.96,0.2153,0.439681
790,soldier,static_B_2020.02.27_18.39.27.csv,4503,26.4474,0.00,-93.49,0.2143,0.422617
791,longdress,static_B_2020.02.27_18.39.27.csv,4623,-240.1395,0.00,-496.43,0.2133,0.431748
792,loot,static_B_2020.02.27_18.39.27.csv,3063,75.2267,0.00,-42.05,0.2123,0.407338
793,redandblack,static_B_2020.02.27_18.39.27.csv,963,106.6974,0.00,-16.00,0.2113,0.411976
794,soldier,static_B_2020.02.27_18.39.27.csv,3543,-22.1037,0.00,-151.92,0.2103,0.420598
795,longdress,static_B_2020.02.13_13.57.29.csv,262,-26.6415,0.00,-117.00,0.2093,0.419073
796,loot,static_B_2020.02.27_18.39.27.csv,3,66.5538,0.00,-47.91,0.2083,0.414967
797,longdress,static_B_2019.12.16_13.40.04.csv,1029,-20.9151,0.00,-132.66,0.2073,0.417160
798,loot,static_B_2019.12.16_13.40.04.csv,729,71.7809,0.00,-135.15,0.2063,0.416854
799,redandblack,static_B_2020.02.27_18.39.27.csv,1228,111.9789,0.00,-17.17,0.2054,0.436957
800,soldier,static_B_2019.12.16_13.40.04.csv,669,136.0086,0.00,-1.08,0.2044,0.434510
801,longdress,static_B_2020.02.27_18.39.27.csv,1708,-3.3745,0.00,-126.79,0.2034,0.429296
802,loot,static_B_2020.02.27_18.39.27.csv,3688,124.2284,0.00,-3.23,0.2024,0.469698
803,redandblack,static_B_2020.02.13_13.57.29.csv,178,44.7306,0.00,-57.51,0.2014,0.430121
804,soldier,static_B_2020.02.13_13.57.29.csv,598,24.0067,0.00,-137.48,0.2004,0.464885
805,longdress,static_B_2019.12.16_13.40.04.csv,1509,70.1433,0.00,-102.47,0.1994,0.464689
806,loot,static_B_2020.02.13_13.57.29.csv,238,122.2513,0.00,-11.47,0.1984,0.433628
807,redandblack,static_B_2020.02.27_18.39.27.csv,3148,-75.5456,0.00,-414.01,0.1974,0.436172
808,soldier,static_B_2020.02.27_18.39.27.csv,4408,128.0487,0.00,-9.02,0.1964,0.425837
809,longdress,static_B_2020.02.27_18.39.27.csv,2668,14.5497,0.00,-122.91,0.1954,0.439582
810,loot,static_B_2020.02.13_13.57.29.csv,1078,80.7309,0.00,-54.31,0.1944,0.440365
811,redandblack,static_B_2020.02.27_18.39.27.csv,2848,112.9208,0.00,-9.88,0.1934,0.468918
812,soldier,static_B_2019.12.16_13.40.04.csv,1904,144.4485,0.00,7.18,0.1924,0.430152
813,longdress,static_B_2020.02.27_18.39.27.csv,2188,108.7094,0.00,-93.12,0.1914,0.470842
814,loot,static_B_2020.02.27_18.39.27.csv,628,103.4949,0.00,-19.03,0.1904,0.432881
815,redandblack,static_B_2020.02.27_18.39.27.csv,688,113.4085,0.00,-19.88,0.1894,0.431942
816,soldier,static_B_2020.02.27_18.39.27.csv,4348,50.3142,0.00,-65.60,0.1884,0.422523
817,longdress,static_B_2020.02.27_18.39.27.csv,2368,137.5370,0.00,-0.01,0.1875,0.439189
818,loot,static_B_2020.02.13_13.57.29.csv,1678,68.3055,0.00,-80.61,0.1865,0.445544
819,redandblack,static_B_2020.02.13_13.57.29.csv,478,46.3436,0.00,-88.81,0.1855,0.467131
820,soldier,static_B_2020.02.13_13.57.29.csv,2878,29.1709,0.00,-113.36,0.1845,0.443831
821,longdress,static_B_2020.02.14_13.21.26.csv,219,117.2585,0.00,-58.55,0.1835,0.448612
822,loot,static_B_2020.02.27_18.39.27.csv,2308,95.2235,0.00,-53.09,0.1825,0.463030
823,redandblack,static_B_2020.02.27_18.39.27.csv,5488,131.5893,0.00,-21.19,0.1815,0.438601
824,soldier,static_B_2020.02.27_18.39.27.csv,388,140.9596,0.00,2.82,0.1805,0.467810
825,longdress,static_B_2020.02.13_13.57.29.csv,658,-41.3647,0.00,-192.28,0.1795,0.428083
826,loot,static_B_2020.02.13_13.57.29.csv,1918,119.4401,0.00,-56.57,0.1785,0.438748
827,redandblack,static_B_2019.12.16_13.40.04.csv,789,140.5041,0.00,-14.74,0.1775,0.452579
828,soldier,static_B_2020.02.13_13.57.29.csv,1378,127.1576,0.00,-52.47,0.1765,0.424702
829,longdress,static_B_2020.02.13_13.57.29.csv,2938,99.7831,0.00,-59.69,0.1755,0.448150
830,loot,static_B_2020.02.27_18.39.27.csv,2248,135.7219,0.00,-1.63,0.1745,0.465389
831,redandblack,static_B_2020.02.27_18.39.27.csv,1828,107.7991,0.00,-48.69,0.1735,0.448360
832,soldier,static_B_2020.02.13_13.57.29.csv,2945,100.5011,0.00,-59.13,0.1725,0.441748
833,longdress,static_B_2020.02.27_18.39.27.csv,3748,150.9951,0.00,11.76,0.1715,0.438276
834,loot,static_B_2020.02.13_13.57.29.csv,2945,141.0333,0.00,-32.69,0.1705,0.444584
835,redandblack,static_B_2020.02.27_18.39.27.csv,4468,63.2599,0.00,-51.09,0.1695,0.448934
836,soldier,static_B_2019.12.16_13.40.04.csv,1689,79.2365,0.00,-91.21,0.1686,0.454646
837,longdress,static_B_2020.02.27_18.39.27.csv,3088,-55.8568,0.00,-149.51,0.1676,0.450569
838,loot,static_B_2020.02.27_18.39.27.csv,3868,71.2884,0.00,-86.49,0.1666,0.429228
839,redandblack,static_B_2020.02.27_18.39.27.csv,3628,65.9583,0.00,-78.77,0.1656,0.462228
840,soldier,static_B_2020.02.13_13.57.29.csv,2098,-18.9567,0.00,-121.58,0.1646,0.449189
841,longdress,static_B_2020.02.27_18.39.27.csv,2728,137.6981,0.00,-0.12,0.1636,0.443274
842,loot,static_B_2020.02.27_18.39.27.csv,5368,136.1626,0.00,-10.55,0.1626,0.450776
843,redandblack,static_B_2020.02.27_18.39.27.csv,1588,64.2022,0.00,-49.69,0.1616,0.456502
844,soldier,static_B_2020.02.27_18.39.27.csv,988,109.6690,0.00,-73.34,0.1606,0.458545
845,longdress,static_B_2020.02.27_18.39.27.csv,2428,140.0463,0.00,9.91,0.1596,0.459870
846,loot,static_B_2020.02.13_13.57.29.csv,1198,120.5465,0.00,-14.23,0.1586,0.471571
847,redandblack,static_B_2020.02.27_18.39.27.csv,88,114.7756,0.00,-42.86,0.1576,0.429112
848,soldier,static_B_2020.02.27_18.39.27.csv,4048,145.8212,0.00,3.67,0.1566,0.462690
849,longdress,static_B_2020.02.13_13.57.29.csv,298,155.9865,0.00,14.74,0.1556,0.461496
850,loot,static_B_2020.02.27_18.39.27.csv,1348,126.8998,0.00,-17.59,0.1546,0.433871
851,redandblack,static_B_2020.02.13_13.57.29.csv,2698,113.5552,0.00,-12.23,0.1536,0.445877
852,soldier,static_B_2020.02.13_13.57.29.csv,2398,26.6161,0.00,-72.50,0.1526,0.459961
853,longdress,static_B_2020.02.13_13.57.29.csv,2158,43.5931,0.00,-103.04,0.1516,0.470162
854,loot,static_B_2020.02.13_13.57.29.csv,2638,120.5266,0.00,-22.02,0.1507,0.459140
855,redandblack,static_B_2020.02.27_18.39.27.csv,2608,123.2413,0.00,-3.15,0.1497,0.445308
856,soldier,static_B_2020.02.27_18.39.27.csv,5608,117.5436,0.00,-24.34,0.1487,0.440210
857,longdress,static_B_2020.02.27_18.39.27.csv,5308,150.1122,0.00,1.41,0.1477,0.449701
858,loot,static_B_2020.02.14_13.21.26.csv,459,131.6033,0.00,1.73,0.1467,0.456760
859,redandblack,static_B_2019.12.16_13.40.04.csv,1904,152.7078,0.00,14.14,0.1457,0.450855
860,soldier,static_B_2019.12.16_13.40.04.csv,129,123.6416,0.00,-21.76,0.1447,0.447334
861,longdress,static_B_2020.02.13_13.57.29.csv,1858,53.1112,0.00,-226.05,0.1437,0.476673
862,loot,static_B_2020.02.27_18.39.27.csv,3028,116.3773,0.00,-13.51,0.1427,0.467417
863,redandblack,static_B_2020.02.13_13.57.29.csv,418,131.7236,0.00,1.72,0.1417,0.470205
864,soldier,static_B_2020.02.27_18.39.27.csv,5128,149.0640,0.00,7.03,0.1407,0.439217
865,longdress,static_B_2019.12.16_13.40.04.csv,1629,78.1708,0.00,-145.38,0.1397,0.473001
866,loot,static_B_2019.12.16_13.40.04.csv,1449,134.8341,0.00,-45.47,0.1387,0.443990
867,redandblack,static_B_2020.02.13_13.57.29.csv,538,139.0945,0.00,-34.03,0.1377,0.466883
868,soldier,static_B_2020.02.27_18.39.27.csv,3508,100.2882,0.00,-75.71,0.1367,0.444789
869,longdress,static_B_2020.02.27_18.39.27.csv,3928,161.0854,0.00,20.03,0.1357,0.433628
870,loot,static_B_2020.02.13_13.57.29.csv,1618,116.0494,0.00,-10.13,0.1347,0.478794
871,redandblack,static_B_2020.02.13_13.57.29.csv,58,6.9856,0.00,-189.38,0.1337,0.457189
872,soldier,static_B_2020.02.14_13.21.26.csv,850,74.9204,0.00,-63.09,0.1328,0.466913
873,longdress,static_B_2020.02.27_18.39.27.csv,1108,-107.9963,0.00,-236.96,0.1318,0.458598
874,loot,static_B_2020.02.13_13.57.29.csv,1558,112.3884,0.00,-77.24,0.1308,0.459543
875,redandblack,static_B_2020.02.27_18.39.27.csv,2128,95.2151,0.00,-27.64,0.1298,0.473794
876,soldier,static_B_2020.02.13_13.57.29.csv,118,68.5511,0.00,-114.78,0.1288,0.466819
877,longdress,static_B_2019.12.16_13.40.04.csv,969,50.3353,0.00,-75.74,0.1278,0.437907
878,loot,static_B_2020.02.14_13.21.26.csv,339,132.3720,0.00,0.71,0.1268,0.436714
879,redandblack,static_B_2020.02.13_13.57.29.csv,778,61.6843,0.00,-74.37,0.1258,0.443364
880,soldier,static_B_2020.02.27_18.39.27.csv,1288,115.4691,0.00,-30.99,0.1248,0.452061
881,longdress,static_B_2020.02.27_18.39.27.csv,4648,-87.6051,0.00,-383.55,0.1238,0.473592
882,loot,static_B_2020.02.27_18.39.27.csv,4108,151.3892,0.00,8.05,0.1228,0.439113
883,redandblack,static_B_2020.02.27_18.39.27.csv,3808,83.0762,0.00,-83.32,0.1218,0.495100
884,soldier,static_B_2020.02.27_18.39.27.csv,2968,123.9799,0.00,-39.15,0.1208,0.452329
885,longdress,static_B_2020.02.27_18.39.27.csv,5068,145.7262,0.00,-38.03,0.1198,0.443112
886,loot,static_B_2020.02.13_13.57.29.csv,358,103.5518,0.00,-55.42,0.1188,0.458844
887,redandblack,static_B_2020.02.27_18.39.27.csv,448,143.2567,0.00,-39.07,0.1178,0.486127
888,soldier,static_B_2020.02.14_13.21.26.csv,399,147.6233,0.00,-1.24,0.1168,0.479634
889,longdress,static_B_2020.02.27_18.39.27.csv,4588,-1.4680,0.00,-98.53,0.1158,0.447680
890,loot,static_B_2020.02.14_13.21.26.csv,159,131.0493,0.00,-1.53,0.1148,0.457863
891,redandblack,static_B_2020.02.27_18.39.27.csv,748,156.0044,0.00,16.60,0.1139,0.427411
892,soldier,static_B_2020.02.27_18.39.27.csv,808,157.5285,0.00,20.48,0.1129,0.469618
893,longdress,static_B_2020.02.27_18.39.27.csv,2548,89.3045,0.00,-131.68,0.1119,0.471852
894,loot,static_B_2020.02.14_13.21.26.csv,519,144.9398,0.00,4.28,0.1109,0.453556
895,redandblack,static_B_2020.02.13_13.57.29.csv,1498,56.8499,0.00,-54.47,0.1099,0.449134
896,soldier,static_B_2019.12.16_13.40.04.csv,69,150.1322,0.00,-10.68,0.1089,0.460278
897,longdress,static_B_2020.02.27_18.39.27.csv,1408,152.9720,0.00,17.44,0.1079,0.472883
898,loot,static_B_2019.12.16_13.40.04.csv,369,134.5378,0.00,-5.49,0.1069,0.439486
899,redandblack,static_B_2020.02.27_18.39.27.csv,3448,166.7271,0.00,-18.34,0.1059,0.453291
900,soldier,static_B_2020.02.14_13.21.26.csv,759,158.5372,0.00,16.08,0.1049,0.438943
901,longdress,static_B_2020.02.13_13.57.29.csv,898,-44.2094,0.00,-134.01,0.1039,0.464850
902,loot,static_B_2019.12.16_13.40.04.csv,849,146.6924,0.00,8.04,0.1029,0.452082
903,redandblack,static_B_2020.02.27_18.39.27.csv,208,95.8926,0.00,-111.01,0.1019,0.459761
904,soldier,static_B_2019.12.16_13.40.04.csv,549,94.8702,0.00,-89.48,0.1009,0.436532
905,longdress,static_B_2019.12.16_13.40.04.csv,1749,75.9313,0.00,-68.84,0.0999,0.449171
906,loot,static_B_2020.02.27_18.39.27.csv,4888,54.1238,0.00,-55.78,0.0989,0.448159
907,redandblack,static_B_2020.02.27_18.39.27.csv,5428,50.7847,0.00,-56.15,0.0979,0.456829
908,soldier,static_B_2020.02.27_18.39.27.csv,2068,154.4720,0.00,12.34,0.0969,0.455789
909,longdress,static_B_2020.02.13_13.57.29.csv,958,-174.5905,0.00,-491.35,0.0960,0.481186
910,loot,static_B_2020.02.13_13.57.29.csv,838,108.7259,0.00,-11.29,0.0950,0.428091
911,redandblack,static_B_2020.02.27_18.39.27.csv,1648,150.9539,0.00,-6.87,0.0940,0.456379
912,soldier,static_B_2020.02.13_13.57.29.csv,2458,104.2200,0.00,-62.55,0.0930,0.445709
913,longdress,static_B_2020.02.27_18.39.27.csv,4768,113.8099,0.00,-14.25,0.0920,0.479967
914,loot,static_B_2020.02.13_13.57.29.csv,2338,121.0786,0.00,-4.91,0.0910,0.445024
915,redandblack,static_B_2020.02.14_13.21.26.csv,850,117.3858,0.00,-27.64,0.0900,0.460074
916,soldier,static_B_2020.02.27_18.39.27.csv,1168,43.1388,0.00,-288.43,0.0890,0.446712
917,longdress,static_B_2020.02.27_18.39.27.csv,2788,169.9284,0.00,6.75,0.0880,0.447474
918,loot,static_B_2020.02.14_13.21.26.csv,819,150.0518,0.00,8.62,0.0870,0.463878
919,redandblack,static_B_2020.02.14_13.21.26.csv,639,173.0935,0.00,28.08,0.0860,0.455398
920,soldier,static_B_2019.12.16_13.40.04.csv,1149,88.3447,0.00,-53.51,0.0850,0.452152
921,longdress,static_B_2020.02.13_13.57.29.csv,2518,109.1592,0.00,-33.97,0.0840,0.460291
922,loot,static_B_2020.02.27_18.39.27.csv,5742,141.8748,0.00,-31.78,0.0830,0.465627
923,redandblack,static_B_2020.02.27_18.39.27.csv,4948,128.5394,0.00,-46.32,0.0820,0.461004
924,soldier,static_B_2020.02.27_18.39.27.csv,568,183.2566,0.00,34.11,0.0810,0.464822
925,longdress,static_B_2020.02.27_18.39.27.csv,148,150.8866,0.00,10.42,0.0800,0.463753
926,loot,static_B_2020.02.27_18.39.27.csv,1768,-32.6677,0.00,-421.43,0.0790,0.446208
927,redandblack,static_B_2020.02.27_18.39.27.csv,3388,170.5586,0.00,27.25,0.0780,0.460580
928,soldier,static_B_2020.02.13_13.57.29.csv,2818,9.3481,0.00,-132.03,0.0771,0.466797
929,longdress,static_B_2020.02.27_18.39.27.csv,5548,153.9376,0.00,17.44,0.0761,0.480025
930,loot,static_B_2020.02.27_18.39.27.csv,1048,155.1246,0.00,13.49,0.0751,0.485481
931,redandblack,static_B_2019.12.16_13.40.04.csv,909,75.0883,0.00,-52.43,0.0741,0.435062
932,soldier,static_B_2019.12.16_13.40.04.csv,1569,154.2569,0.00,0.12,0.0731,0.447030
933,longdress,static_B_2019.12.16_13.40.04.csv,1809,23.0666,0.00,-107.78,0.0721,0.479455
934,loot,static_B_2020.02.27_18.39.27.csv,508,102.8071,0.00,-25.34,0.0711,0.441888
935,redandblack,static_B_2020.02.27_18.39.27.csv,3568,90.4938,0.00,-64.17,0.0701,0.469941
936,soldier,static_B_2020.02.27_18.39.27.csv,868,111.2591,0.00,-52.54,0.0691,0.462819
937,longdress,static_B_2020.02.27_18.39.27.csv,5008,142.7702,0.00,-24.87,0.0681,0.507190
938,loot,static_B_2020.02.27_18.39.27.csv,4708,137.0720,0.00,-21.87,0.0671,0.461000
939,redandblack,static_B_2020.02.27_18.39.27.csv,328,112.8734,0.00,-169.18,0.0661,0.451060
940,soldier,static_B_2020.02.14_13.21.26.csv,699,173.9750,0.00,25.93,0.0651,0.481893
941,longdress,static_B_2020.02.27_18.39.27.csv,28,162.9459,0.00,17.61,0.0641,0.495750
942,loot,static_B_2020.02.13_13.57.29.csv,2218,134.2415,0.00,-23.99,0.0631,0.471551
943,redandblack,static_B_2020.02.13_13.57.29.csv,1258,62.1153,0.00,-68.93,0.0621,0.491018
944,soldier,static_B_2020.02.27_18.39.27.csv,3208,179.7139,0.00,-5.89,0.0611,0.477735
945,longdress,static_B_2020.02.13_13.57.29.csv,1798,102.8134,0.00,-105.26,0.0601,0.479446
946,loot,static_B_2019.12.16_13.40.04.csv,309,57.1253,0.00,-64.33,0.0592,0.487598
947,redandblack,static_B_2020.02.27_18.39.27.csv,1528,150.7916,0.00,-25.36,0.0582,0.494247
948,soldier,static_B_2019.12.16_13.40.04.csv,1209,86.8826,0.00,-52.84,0.0572,0.470208
949,longdress,static_B_2020.02.27_18.39.27.csv,3988,113.2887,0.00,-30.23,0.0562,0.467419
950,loot,static_B_2019.12.16_13.40.04.csv,609,103.2424,0.00,-38.85,0.0552,0.492180
951,redandblack,static_B_2020.02.14_13.21.26.csv,39,171.0116,0.00,26.06,0.0542,0.459763
952,soldier,static_B_2020.02.27_18.39.27.csv,4168,99.5265,0.00,-62.55,0.0532,0.466609
953,longdress,static_B_2020.02.27_18.39.27.csv,1948,92.4484,0.00,-48.00,0.0522,0.484693
954,loot,static_B_2020.02.13_13.57.29.csv,1018,130.6054,0.00,5.62,0.0512,0.450941
955,redandblack,static_B_2020.02.27_18.39.27.csv,4828,163.1152,0.00,11.64,0.0502,0.485097
956,soldier,static_B_2020.02.27_18.39.27.csv,3328,153.1056,0.00,-53.15,0.0500,0.470959
957,longdress,static_B_2020.02.27_18.39.27.csv,3268,165.3895,0.00,-23.85,0.0500,0.462111
958,loot,static_B_2020.02.14_13.21.26.csv,99,144.9588,0.00,-30.49,0.0500,0.475381
959,redandblack,static_B_2020.02.27_18.39.27.csv,5742,140.2384,0.00,-25.35,0.0500,0.482014
960,soldier,static_B_2020.02.27_18.39.27.csv,4528,68.0386,0.00,-51.94,0.0500,0.455985
961,longdress,static_B_2019.12.16_13.40.04.csv,429,12.2537,0.00,-431.71,0.0500,0.483712
962,loot,static_B_2020.02.13_13.57.29.csv,1138,59.6797,0.00,-55.82,0.0500,0.489422
963,redandblack,static_B_2020.02.27_18.39.27.csv,268,148.3432,0.00,6.39,0.0500,0.512244
964,soldier,static_B_2020.02.13_13.57.29.csv,2278,146.6268,0.00,8.28,0.0500,0.492414
965,longdress,static_B_2019.12.16_13.40.04.csv,249,9.4275,0.00,-180.07,0.0500,0.488637
966,loot,static_B_2020.02.27_18.39.27.csv,4288,169.9854,0.00,23.76,0.0500,0.498419
967,redandblack,static_B_2020.02.27_18.39.27.csv,5188,34.7012,0.00,-73.98,0.0500,0.490215
968,soldier,static_B_2020.02.13_13.57.29.csv,1438,32.9699,0.00,-121.26,0.0500,0.467833
969,longdress,static_B_2020.02.27_18.39.27.csv,2908,20.9857,0.00,-82.75,0.0500,0.487151
970,loot,static_B_2019.12.16_13.40.04.csv,1269,90.2579,0.00,-55.52,0.0500,0.475646
971,redandblack,static_B_2020.02.13_13.57.29.csv,2578,97.1128,0.00,-97.44,0.0500,0.493502
972,soldier,static_B_2019.12.16_13.40.04.csv,9,158.3845,0.00,4.53,0.0500,0.501202
973,longdress,static_B_2019.12.16_13.40.04.csv,1869,101.5807,0.00,-263.32,0.0500,0.487072
974,loot,static_B_2019.12.16_13.40.04.csv,1089,-64.7001,0.00,-662.72,0.0500,0.490717
975,redandblack,static_B_2020.02.14_13.21.26.csv,279,150.4401,0.00,15.54,0.0500,0.483931
976,soldier,static_B_2019.12.16_13.40.04.csv,489,155.5262,0.00,-37.14,0.0500,0.495656
977,longdress,static_B_2020.02.14_13.21.26.csv,579,188.6351,0.00,39.93,0.0500,0.485688
978,loot,static_B_2020.02.27_18.39.27.csv,928,160.3231,0.00,7.33,0.0500,0.499214
979,redandblack,static_B_2019.12.16_13.40.04.csv,189,178.0938,0.00,31.99,0.0500,0.490471
980,soldier,static_B_2020.02.27_18.39.27.csv,1888,172.1771,0.00,13.68,0.0500,0.486042
981,longdress,static_B_2020.02.27_18.39.27.csv,5248,174.7433,0.00,29.53,0.0500,0.484251
982,loot,static_B_2020.02.27_18.39.27.csv,1468,108.2680,0.00,-61.28,0.0500,0.510290
983,redandblack,static_B_2020.02.27_18.39.27.csv,4228,137.3004,0.00,-28.95,0.0500,0.489391
984,soldier,static_B_2020.02.13_13.57.29.csv,2038,130.8386,0.00,0.77,0.0500,0.526843
985,longdress,static_B_2020.02.13_13.57.29.csv,2758,27.5882,0.00,-65.84,0.0500,0.517665
986,loot,static_B_2020.02.27_18.39.27.csv,5668,165.0812,0.00,19.04,0.0500,0.516835
987,redandblack,static_B_2020.02.27_18.39.27.csv,5728,155.3309,0.00,2.01,0.0500,0.487550
988,soldier,static_B_2019.12.16_13.40.04.csv,1329,8.9871,0.00,-100.75,0.0500,0.506380
989,longdress,static_B_2020.02.13_13.57.29.csv,1978,146.1371,0.00,-26.98,0.0500,0.510589
990,loot,static_B_2020.02.27_18.39.27.csv,2488,163.3250,0.00,-9.95,0.0500,0.506007
991,redandblack,static_B_2020.02.13_13.57.29.csv,1738,96.6733,0.00,-107.22,0.0500,0.502910
992,soldier,static_B_2020.02.13_13.57.29.csv,718,50.5088,0.00,-82.91,0.0500,0.501775
993,longdress,static_B_2019.12.16_13.40.04.csv,1389,135.6123,0.00,-34.62,0.0500,0.486977
994,loot,static_B_2020.02.13_13.57.29.csv,1318,89.3145,0.00,-24.92,0.0500,0.498398
995,redandblack,static_B_2020.02.27_18.39.27.csv,2008,106.4078,0.00,-32.84,0.0500,0.495259
996,loot,static_B_2019.12.16_13.40.04.csv,1904,179.5009,0.00,31.85,0.0500,0.520337
997,redandblack,static_B_2020.02.13_13.57.29.csv,1861,79.2250,0.00,-199.48,0.0500,0.490418
998,soldier,static_B_2020.02.27_18.39.27.csv,1090,53.1287,0.00,-45.68,0.0500,0.482857
999,longdress,static_B_2020.02.13_13.57.29.csv,1561,98.6873,0.00,-78.73,0.0500,0.484957
1000,loot,static_B_2020.02.27_18.39.27.csv,4630,10.6231,0.00,-93.40,0.0500,0.471119
1001,redandblack,static_B_2020.02.27_18.39.27.csv,5742,136.1585,0.00,-38.05,0.0500,0.523273
1002,soldier,static_B_2020.02.14_13.21.26.csv,837,109.5882,0.00,-36.40,0.0500,0.499499
1003,longdress,static_B_2020.02.14_13.21.26.csv,417,125.6556,0.00,-18.95,0.0500,0.479148
1004,loot,static_B_2020.02.13_13.57.29.csv,2701,164.1291,0.00,17.51,0.0500,0.519528
1005,redandblack,static_B_2019.12.16_13.40.04.csv,1545,118.9131,0.00,-25.96,0.0500,0.497157
1006,soldier,static_B_2019.12.16_13.40.04.csv,705,148.2777,0.00,11.86,0.0500,0.500873
1007,longdress,static_B_2020.02.27_18.39.27.csv,610,188.2042,0.00,39.13,0.0500,0.527430
1008,loot,static_B_2019.12.16_13.40.04.csv,1904,184.0197,0.00,35.43,0.0500,0.474382
1009,redandblack,static_B_2020.02.27_18.39.27.csv,2530,157.5529,0.00,20.71,0.0500,0.497737
1010,soldier,static_B_2019.12.16_13.40.04.csv,945,56.3293,0.00,-98.33,0.0500,0.489404
1011,longdress,static_B_2020.02.13_13.57.29.csv,2641,168.5278,0.00,22.11,0.0500,0.527082
1012,loot,static_B_2019.12.16_13.40.04.csv,1125,-33.6583,0.00,-514.37,0.0500,0.512663
1013,redandblack,static_B_2019.12.16_13.40.04.csv,1185,116.5946,0.00,-29.23,0.0500,0.551477
1014,soldier,static_B_2020.02.13_13.57.29.csv,1261,61.4462,0.00,-53.30,0.0500,0.507889
1015,longdress,static_B_2020.02.27_18.39.27.csv,2290,78.8021,0.00,-58.74,0.0500,0.525091
1016,loot,static_B_2020.02.27_18.39.27.csv,190,124.9073,0.00,-117.83,0.0500,0.523664
1017,redandblack,static_B_2020.02.13_13.57.29.csv,1321,72.9439,0.00,-39.42,0.0500,0.519528
1018,soldier,static_B_2020.02.13_13.57.29.csv,1681,14.7926,0.00,-142.69,0.0500,0.528344
1019,longdress,static_B_2020.02.14_13.21.26.csv,850,107.1236,0.00,-34.52,0.0500,0.521073
1020,loot,static_B_2020.02.27_18.39.27.csv,1330,161.4773,0.00,-45.05,0.0500,0.533022
1021,redandblack,static_B_2020.02.27_18.39.27.csv,2350,1.1439,0.00,-327.67,0.0500,0.508049
1022,soldier,static_B_2020.02.13_13.57.29.csv,2281,127.1682,0.00,-5.15,0.0500,0.509700
1023,longdress,static_B_2019.12.16_13.40.04.csv,165,154.8508,0.00,-0.47,0.0500,0.518007
1024,loot,static_B_2020.02.13_13.57.29.csv,301,182.2486,0.00,33.71,0.0500,0.496927
1025,redandblack,static_B_2020.02.13_13.57.29.csv,901,29.9950,0.00,-76.97,0.0500,0.520996
1026,soldier,static_B_2020.02.13_13.57.29.csv,361,60.8008,0.00,-91.07,0.0500,0.509421
1027,longdress,static_B_2020.02.27_18.39.27.csv,4870,-59.3320,0.00,-150.75,0.0500,0.493275
1028,loot,static_B_2020.02.27_18.39.27.csv,1930,114.0613,0.00,-13.37,0.0500,0.522942
1029,redandblack,static_B_2020.02.27_18.39.27.csv,3490,160.1266,0.00,18.04,0.0500,0.515407
1030,soldier,static_B_2020.02.27_18.39.27.csv,3790,59.0350,0.00,-193.17,0.0500,0.511995
1031,longdress,static_B_2020.02.14_13.21.26.csv,477,161.3736,0.00,24.39,0.0500,0.523973
1032,loot,static_B_2020.02.27_18.39.27.csv,4210,147.5151,0.00,-30.92,0.0500,0.497918
1033,redandblack,static_B_2020.02.27_18.39.27.csv,1270,137.8198,0.00,6.27,0.0500,0.517840
1034,soldier,static_B_2020.02.27_18.39.27.csv,4930,173.7169,0.00,-10.43,0.0500,0.530113
1035,longdress,static_B_2020.02.27_18.39.27.csv,2410,172.2313,0.00,32.16,0.0500,0.482038
1036,loot,static_B_2019.12.16_13.40.04.csv,645,132.0985,0.00,-16.05,0.0500,0.512421
1037,redandblack,static_B_2020.02.27_18.39.27.csv,3310,173.6382,0.00,28.05,0.0500,0.502333
1038,soldier,static_B_2020.02.27_18.39.27.csv,1570,76.1181,0.00,-40.58,0.0500,0.523485
1039,longdress,static_B_2020.02.13_13.57.29.csv,2945,108.1778,0.00,-59.89,0.0500,0.508854
1040,loot,static_B_2020.02.27_18.39.27.csv,3670,174.5326,0.00,26.95,0.0500,0.546385
1041,redandblack,static_B_2019.12.16_13.40.04.csv,465,107.8277,0.00,-337.99,0.0500,0.540492
1042,soldier,static_B_2020.02.27_18.39.27.csv,3850,26.3061,0.00,-163.93,0.0500,0.520531
1043,longdress,static_B_2020.02.14_13.21.26.csv,597,184.7736,0.00,36.15,0.0500,0.542378
1044,loot,static_B_2020.02.13_13.57.29.csv,1981,176.0428,0.00,-13.31,0.0500,0.554807
1045,redandblack,static_B_2020.02.27_18.39.27.csv,2710,164.2712,0.00,27.19,0.0500,0.535566
1046,soldier,static_B_2019.12.16_13.40.04.csv,45,96.8053,0.00,-61.57,0.0500,0.533733
1047,longdress,static_B_2020.02.13_13.57.29.csv,2521,123.6059,0.00,-20.31,0.0500,0.542505
1048,loot,static_B_2020.02.27_18.39.27.csv,5530,151.5360,0.00,-27.07,0.0500,0.544860
1049,redandblack,static_B_2020.02.27_18.39.27.csv,4090,152.3782,0.00,18.13,0.0500,0.548718
1050,soldier,static_B_2020.02.27_18.39.27.csv,1690,30.6924,0.00,-74.44,0.0500,0.538643
1051,longdress,static_B_2019.12.16_13.40.04.csv,1665,70.3857,0.00,-62.99,0.0500,0.507043
1052,loot,static_B_2020.02.13_13.57.29.csv,1141,79.1527,0.00,-44.93,0.0500,0.491019
1053,redandblack,static_B_2020.02.27_18.39.27.csv,4270,178.4969,0.00,33.13,0.0500,0.526098
1054,soldier,static_B_2020.02.27_18.39.27.csv,4510,79.8847,0.00,-38.04,0.0500,0.512849
1055,longdress,static_B_2019.12.16_13.40.04.csv,525,138.8458,0.00,-37.89,0.0500,0.506040
1056,loot,static_B_2020.02.13_13.57.29.csv,1801,115.7452,0.00,-86.12,0.0500,0.528765
1057,redandblack,static_B_2020.02.14_13.21.26.csv,657,163.0384,0.00,19.51,0.0500,0.515452
1058,soldier,static_B_2020.02.27_18.39.27.csv,2230,125.1178,0.00,-7.15,0.0500,0.529155
1059,longdress,static_B_2020.02.27_18.39.27.csv,4150,101.8029,0.00,-54.58,0.0500,0.515219
1060,loot,static_B_2020.02.27_18.39.27.csv,3250,163.8885,0.00,-42.19,0.0500,0.518528
1061,redandblack,static_B_2020.02.14_13.21.26.csv,117,161.3491,0.00,25.31,0.0500,0.540512
1062,soldier,static_B_2020.02.27_18.39.27.csv,2170,186.0527,0.00,39.45,0.0500,0.536934
1063,longdress,static_B_2020.02.14_13.21.26.csv,357,92.0029,0.00,-25.30,0.0500,0.566672
1064,loot,static_B_2020.02.27_18.39.27.csv,1150,61.8644,0.00,-55.59,0.0500,0.550089
1065,redandblack,static_B_2020.02.27_18.39.27.csv,4990,153.8196,0.00,-38.06,0.0500,0.541282
1066,soldier,static_B_2020.02.13_13.57.29.csv,1921,168.2682,0.00,-22.34,0.0500,0.548819
1067,longdress,static_B_2020.02.27_18.39.27.csv,1030,107.3716,0.00,-29.26,0.0500,0.522504
1068,loot,static_B_2020.02.27_18.39.27.csv,1750,159.4234,0.00,12.82,0.0500,0.553604
1069,redandblack,static_B_2020.02.27_18.39.27.csv,5410,130.2720,0.00,-1.38,0.0500,0.535335
1070,soldier,static_B_2020.02.27_18.39.27.csv,5470,198.4354,0.00,45.41,0.0500,0.517173
1071,longdress,static_B_2020.02.27_18.39.27.csv,10,97.8773,0.00,-12.80,0.0500,0.519624
1072,loot,static_B_2020.02.13_13.57.29.csv,481,96.9889,0.00,-63.86,0.0500,0.517555
1073,redandblack,static_B_2020.02.13_13.57.29.csv,2881,78.2482,0.00,-67.94,0.0500,0.538142
1074,soldier,static_B_2020.02.27_18.39.27.csv,4330,57.5997,0.00,-49.87,0.0500,0.536455
1075,longdress,static_B_2020.02.13_13.57.29.csv,1381,161.2904,0.00,-44.62,0.0500,0.526386
1076,loot,static_B_2020.02.27_18.39.27.csv,790,154.3627,0.00,17.63,0.0500,0.523484
1077,redandblack,static_B_2020.02.27_18.39.27.csv,4570,135.1653,0.00,1.85,0.0500,0.509948
1078,soldier,static_B_2020.02.27_18.39.27.csv,850,97.6882,0.00,-126.70,0.0500,0.550281
1079,longdress,static_B_2020.02.27_18.39.27.csv,250,175.6697,0.00,10.82,0.0500,0.526411
1080,loot,static_B_2020.02.27_18.39.27.csv,5742,172.4901,0.00,-9.37,0.0500,0.526016
1081,redandblack,static_B_2020.02.27_18.39.27.csv,3130,-159.1804,0.00,-482.85,0.0500,0.526444
1082,soldier,static_B_2020.02.27_18.39.27.csv,1510,177.6086,0.00,28.67,0.0500,0.536698
1083,longdress,static_B_2020.02.14_13.21.26.csv,717,189.3144,0.00,40.94,0.0500,0.565839
1084,loot,static_B_2020.02.13_13.57.29.csv,1441,83.2783,0.00,-79.11,0.0500,0.544276
1085,redandblack,static_B_2019.12.16_13.40.04.csv,885,100.0115,0.00,-92.25,0.0500,0.543042
1086,soldier,static_B_2020.02.27_18.39.27.csv,5230,128.0543,0.00,-2.93,0.0500,0.523528
1087,longdress,static_B_2020.02.13_13.57.29.csv,661,27.9399,0.00,-110.56,0.0500,0.539361
1088,loot,static_B_2020.02.27_18.39.27.csv,2470,158.9483,0.00,20.68,0.0500,0.515355
1089,redandblack,static_B_2019.12.16_13.40.04.csv,1005,121.1995,0.00,-27.03,0.0500,0.514283
1090,soldier,static_B_2020.02.27_18.39.27.csv,4030,128.8167,0.00,3.95,0.0500,0.557738
1091,longdress,static_B_2020.02.27_18.39.27.csv,550,97.7151,0.00,-301.96,0.0500,0.521600
1092,loot,static_B_2020.02.13_13.57.29.csv,241,169.2727,0.00,30.47,0.0500,0.543261
1093,redandblack,static_B_2020.02.27_18.39.27.csv,70,156.6415,0.00,3.36,0.0500,0.542464
1094,soldier,static_B_2020.02.27_18.39.27.csv,5710,145.0018,0.00,-35.01,0.0500,0.528530
1095,longdress,static_B_2020.02.14_13.21.26.csv,297,135.8044,0.00,3.59,0.0500,0.555968
1096,loot,static_B_2020.02.27_18.39.27.csv,910,160.3974,0.00,-11.56,0.0500,0.554850
1097,redandblack,static_B_2020.02.27_18.39.27.csv,2590,150.7633,0.00,8.30,0.0500,0.515162
1098,soldier,static_B_2020.02.27_18.39.27.csv,1450,107.3911,0.00,-12.79,0.0500,0.535539
1099,longdress,static_B_2020.02.13_13.57.29.csv,1021,92.6205,0.00,-20.17,0.0500,0.541543
1100,loot,static_B_2019.12.16_13.40.04.csv,1785,134.5367,0.00,-51.95,0.0500,0.536594
1101,redandblack,static_B_2020.02.13_13.57.29.csv,2461,108.0847,0.00,-60.40,0.0500,0.551769
1102,soldier,static_B_2020.02.13_13.57.29.csv,1501,77.5423,0.00,-21.42,0.0500,0.542576
1103,longdress,static_B_2020.02.13_13.57.29.csv,61,38.9996,0.00,-159.27,0.0500,0.551557
1104,loot,static_B_2020.02.13_13.57.29.csv,601,105.8191,0.00,-82.82,0.0500,0.566500
1105,redandblack,static_B_2020.02.27_18.39.27.csv,370,154.0647,0.00,2.96,0.0500,0.532708
1106,soldier,static_B_2020.02.27_18.39.27.csv,3910,186.9757,0.00,-6.66,0.0500,0.546364
1107,longdress,static_B_2020.02.27_18.39.27.csv,2950,124.4877,0.00,-58.51,0.0500,0.551022
1108,loot,static_B_2020.02.13_13.57.29.csv,841,119.1305,0.00,-9.44,0.0500,0.526798
1109,redandblack,static_B_2020.02.27_18.39.27.csv,3010,80.0847,0.00,-39.26,0.0500,0.541897
1110,soldier,static_B_2020.02.27_18.39.27.csv,3610,97.1998,0.00,-12.45,0.0500,0.543803
1111,longdress,static_B_2020.02.14_13.21.26.csv,57,170.6304,0.00,26.25,0.0500,0.523372
1112,loot,static_B_2020.02.27_18.39.27.csv,130,145.3401,0.00,0.91,0.0500,0.511863
1113,redandblack,static_B_2020.02.13_13.57.29.csv,2761,104.4738,0.00,-18.58,0.0500,0.506794
1114,soldier,static_B_2019.12.16_13.40.04.csv,1245,23.4060,0.00,-103.07,0.0500,0.508346
1115,longdress,static_B_2020.02.27_18.39.27.csv,5290,184.9120,0.00,19.63,0.0500,0.527267
1116,loot,static_B_2020.02.13_13.57.29.csv,2041,167.1465,0.00,27.00,0.0500,0.530472
1117,redandblack,static_B_2020.02.27_18.39.27.csv,1630,161.1030,0.00,26.49,0.0500,0.530816
1118,soldier,static_B_2020.02.27_18.39.27.csv,730,160.6705,0.00,10.91,0.0500,0.550882
1119,longdress,static_B_2020.02.13_13.57.29.csv,1,140.7335,0.00,-0.60,0.0500,0.528390
1120,loot,static_B_2020.02.13_13.57.29.csv,2161,142.7580,0.00,-22.24,0.0500,0.558527
1121,redandblack,static_B_2020.02.27_18.39.27.csv,3970,166.4844,0.00,-11.86,0.0500,0.528587
1122,soldier,static_B_2020.02.27_18.39.27.csv,3370,187.7955,0.00,36.12,0.0500,0.532547
1123,longdress,static_B_2020.02.13_13.57.29.csv,1741,113.2504,0.00,-132.93,0.0500,0.526362
1124,loot,static_B_2020.02.27_18.39.27.csv,310,167.2817,0.00,28.28,0.0500,0.535350
1125,redandblack,static_B_2020.02.27_18.39.27.csv,3430,158.4629,0.00,23.82,0.0500,0.511198
1126,soldier,static_B_2020.02.13_13.57.29.csv,1201,113.6579,0.00,-3.23,0.0500,0.529110
1127,longdress,static_B_2020.02.13_13.57.29.csv,2941,112.5591,0.00,-57.37,0.0500,0.503787
1128,loot,static_B_2020.02.27_18.39.27.csv,5350,168.4177,0.00,-5.63,0.0500,0.531596
1129,redandblack,static_B_2020.02.13_13.57.29.csv,2581,114.8373,0.00,-64.06,0.0500,0.512347
1130,soldier,static_B_2020.02.13_13.57.29.csv,721,13.2629,0.00,-129.72,0.0500,0.561894
1131,longdress,static_B_2020.02.13_13.57.29.csv,2341,47.7947,0.00,-47.47,0.0500,0.521562
1132,loot,static_B_2020.02.27_18.39.27.csv,3730,164.4481,0.00,24.76,0.0500,0.510201
1133,redandblack,static_B_2020.02.27_18.39.27.csv,2890,158.4067,0.00,22.11,0.0500,0.534281
1134,soldier,static_B_2020.02.27_18.39.27.csv,1210,164.1955,0.00,20.19,0.0500,0.558926
1135,longdress,static_B_2019.12.16_13.40.04.csv,585,82.7879,0.00,-50.24,0.0500,0.542655
1136,loot,static_B_2019.12.16_13.40.04.csv,405,101.2541,0.00,-32.68,0.0500,0.541445
1137,redandblack,static_B_2019.12.16_13.40.04.csv,1725,153.9630,0.00,-92.21,0.0500,0.535679
1138,soldier,static_B_2020.02.13_13.57.29.csv,1621,109.2735,0.00,-13.31,0.0500,0.519007
1139,longdress,static_B_2019.12.16_13.40.04.csv,1425,134.9102,0.00,-26.54,0.0500,0.512871
1140,loot,static_B_2020.02.27_18.39.27.csv,970,181.1855,0.00,32.47,0.0500,0.540863
1141,redandblack,static_B_2020.02.27_18.39.27.csv,5170,158.6252,0.00,-27.99,0.0500,0.535900
1142,soldier,static_B_2020.02.27_18.39.27.csv,2050,124.0379,0.00,-9.17,0.0500,0.562447
1143,longdress,static_B_2020.02.27_18.39.27.csv,4690,130.0740,0.00,-25.05,0.0500,0.532995
1144,loot,static_B_2019.12.16_13.40.04.csv,1904,190.8131,0.00,40.45,0.0500,0.560514
1145,redandblack,static_B_2020.02.27_18.39.27.csv,5650,163.8461,0.00,-14.95,0.0500,0.546493
1146,soldier,static_B_2020.02.27_18.39.27.csv,670,167.5169,0.00,2.11,0.0500,0.525703
1147,longdress,static_B_2019.12.16_13.40.04.csv,1845,-1.3309,0.00,-357.81,0.0500,0.539411
1148,loot,static_B_2020.02.27_18.39.27.csv,2770,174.2745,0.00,32.59,0.0500,0.538009
1149,redandblack,static_B_2019.12.16_13.40.04.csv,285,119.5969,0.00,-22.76,0.0500,0.527969
1150,soldier,static_B_2019.12.16_13.40.04.csv,105,159.9388,0.00,13.60,0.0500,0.529754
1151,longdress,static_B_2020.02.13_13.57.29.csv,181,15.0534,0.00,-152.49,0.0500,0.531673
1152,loot,static_B_2020.02.14_13.21.26.csv,777,168.1094,0.00,26.47,0.0500,0.518887
1153,redandblack,static_B_2020.02.27_18.39.27.csv,430,143.7962,0.00,11.65,0.0500,0.530618
1154,soldier,static_B_2020.02.27_18.39.27.csv,3070,5.2641,0.00,-105.82,0.0500,0.524325
1155,longdress,static_B_2019.12.16_13.40.04.csv,1065,-16.8464,0.00,-242.07,0.0500,0.545313
1156,loot,static_B_2020.02.27_18.39.27.csv,1810,136.6960,0.00,-62.82,0.0500,0.493377
1157,redandblack,static_B_2020.02.13_13.57.29.csv,2101,-1.7483,0.00,-106.43,0.0500,0.526052
1158,soldier,static_B_2020.02.14_13.21.26.csv,177,130.1001,0.00,-53.57,0.0500,0.537970
1159,longdress,static_B_2019.12.16_13.40.04.csv,825,142.2698,0.00,-36.13,0.0500,0.537765
1160,loot,static_B_2020.02.13_13.57.29.csv,2401,51.2009,0.00,-114.41,0.0500,0.535079
1161,redandblack,static_B_2020.02.13_13.57.29.csv,961,-192.9144,0.00,-468.82,0.0500,0.540342
1162,soldier,static_B_2020.02.27_18.39.27.csv,4810,165.3174,0.00,20.25,0.0500,0.546400
1163,longdress,static_B_2020.02.27_18.39.27.csv,490,52.3222,0.00,-64.31,0.0500,0.544480
1164,loot,static_B_2020.02.27_18.39.27.csv,2110,156.3580,0.00,9.88,0.0500,0.535052
1165,redandblack,static_B_2020.02.27_18.39.27.csv,2830,149.4048,0.00,-1.65,0.0500,0.550248
1166,soldier,static_B_2020.02.27_18.39.27.csv,5110,173.9344,0.00,-1.03,0.0500,0.527225
1167,longdress,static_B_2019.12.16_13.40.04.csv,1605,151.8626,0.00,10.91,0.0500,0.532700
1168,loot,static_B_2020.02.27_18.39.27.csv,3550,40.5082,0.00,-122.71,0.0500,0.536211
1169,redandblack,static_B_2020.02.13_13.57.29.csv,781,107.8584,0.00,-33.32,0.0500,0.523387
1170,soldier,static_B_2020.02.27_18.39.27.csv,1870,166.9042,0.00,-9.66,0.0500,0.548407
1171,longdress,static_B_2020.02.13_13.57.29.csv,1081,51.7814,0.00,-70.52,0.0500,0.561630
1172,loot,static_B_2020.02.27_18.39.27.csv,3190,178.3570,0.00,12.86,0.0500,0.563250
1173,redandblack,static_B_2020.02.13_13.57.29.csv,2221,136.4849,0.00,4.46,0.0500,0.541672
1174,soldier,static_B_2019.12.16_13.40.04.csv,1365,14.2505,0.00,-274.94,0.0500,0.572184
1175,longdress,static_B_2019.12.16_13.40.04.csv,1305,70.0364,0.00,-76.51,0.0500,0.549426
1176,loot,static_B_2020.02.27_18.39.27.csv,5590,161.9706,0.00,-44.43,0.0500,0.520936
1177,redandblack,static_B_2020.02.27_18.39.27.csv,2650,130.0432,0.00,-35.19,0.0500,0.522787
1178,soldier,static_B_2020.02.14_13.21.26.csv,537,151.3607,0.00,14.83,0.0500,0.535464
1179,longdress,static_B_2020.02.27_18.39.27.csv,4750,172.1145,0.00,27.44,0.0500,0.560100
1180,loot,static_B_2020.02.13_13.57.29.csv,121,119.1497,0.00,-68.52,0.0500,0.551820
1181,redandblack,static_B_2019.12.16_13.40.04.csv,1485,157.6429,0.00,8.46,0.0500,0.550596
1182,soldier,static_B_2019.12.16_13.40.04.csv,225,80.1195,0.00,-103.46,0.0500,0.531101
1183,longdress,static_B_2019.12.16_13.40.04.csv,765,148.0534,0.00,-12.52,0.0500,0.542090
1184,loot,static_B_2019.12.16_13.40.04.csv,345,117.3246,0.00,-34.85,0.0500,0.527513
1185,redandblack,static_B_2020.02.13_13.57.29.csv,2821,80.2655,0.00,-75.71,0.0500,0.544906
1186,soldier,static_B_2020.02.27_18.39.27.csv,4390,149.6176,0.00,-47.09,0.0500,0.535379
1187,longdress,static_B_2020.02.27_18.39.27.csv,5050,137.8401,0.00,-33.49,0.0500,0.533379
1188,loot,static_B_2020.02.13_13.57.29.csv,541,169.2462,0.00,-13.05,0.0500,0.526751
1189,redandblack,static_B_2020.02.27_18.39.27.csv,4450,79.4064,0.00,-40.97,0.0500,0.512887
1190,soldier,static_B_2020.02.27_18.39.27.csv,1990,80.3613,0.00,-63.34,0.0500,0.514968
1191,longdress,static_B_2020.02.13_13.57.29.csv,421,153.1824,0.00,-9.41,0.0500,0.533168
1192,loot,static_B_2020.02.14_13.21.26.csv,850,127.5517,0.00,-21.83,0.0500,0.558280
1193,redandblack,static_B_2020.02.14_13.21.26.csv,237,174.3557,0.00,28.69,0.0500,0.554993
1194,soldier,static_B_2020.02.27_18.39.27.csv,1390,159.4197,0.00,-22.93,0.0500,0.563568
1195,redandblack,static_B_2020.02.27_18.39.27.csv,3276,176.2176,0.00,29.99,0.0500,0.552140
1196,soldier,static_B_2019.12.16_13.40.04.csv,474,158.5514,0.00,-34.32,0.0500,0.542389
1197,longdress,static_B_2020.02.27_18.39.27.csv,2316,-75.9276,0.00,-446.86,0.0500,0.550138
1198,loot,static_B_2020.02.27_18.39.27.csv,2976,167.1580,0.00,1.62,0.0500,0.561780
1199,redandblack,static_B_2020.02.27_18.39.27.csv,3216,174.3573,0.00,-7.39,0.0500,0.572236
1200,soldier,static_B_2020.02.27_18.39.27.csv,5016,133.1087,0.00,-10.95,0.0500,0.552356
1201,longdress,static_B_2020.02.13_13.57.29.csv,1360,126.3394,0.00,-42.11,0.0500,0.562179
1202,loot,static_B_2020.02.27_18.39.27.csv,1776,-22.2646,0.00,-480.69,0.0500,0.564155
1203,redandblack,static_B_2020.02.13_13.57.29.csv,640,80.1822,0.00,-92.73,0.0500,0.560072
1204,soldier,static_B_2020.02.27_18.39.27.csv,3096,24.8365,0.00,-70.99,0.0500,0.566558
1205,longdress,static_B_2020.02.27_18.39.27.csv,4716,144.1425,0.00,-22.28,0.0500,0.594551
1206,loot,static_B_2020.02.27_18.39.27.csv,1116,67.0488,0.00,-95.12,0.0500,0.563133
1207,redandblack,static_B_2020.02.27_18.39.27.csv,5256,168.3030,0.00,23.10,0.0500,0.558004
1208,soldier,static_B_2020.02.13_13.57.29.csv,580,125.6742,0.00,-7.20,0.0500,0.571877
1209,longdress,static_B_2020.02.14_13.21.26.csv,398,163.4014,0.00,9.39,0.0500,0.567429
1210,loot,static_B_2020.02.27_18.39.27.csv,1596,110.9994,0.00,-19.73,0.0500,0.575290
1211,redandblack,static_B_2019.12.16_13.40.04.csv,834,142.0305,0.00,-32.61,0.0500,0.544373
1212,soldier,static_B_2020.02.27_18.39.27.csv,4236,158.1263,0.00,-3.91,0.0500,0.536528
1213,longdress,static_B_2020.02.14_13.21.26.csv,38,180.0349,0.00,36.64,0.0500,0.575683
1214,loot,static_B_2020.02.27_18.39.27.csv,2616,168.2015,0.00,-18.65,0.0500,0.553604
1215,redandblack,static_B_2020.02.13_13.57.29.csv,2500,124.5168,0.00,-45.68,0.0500,0.577516
1216,soldier,static_B_2020.02.13_13.57.29.csv,2380,116.1022,0.00,-3.22,0.0500,0.564919
1217,longdress,static_B_2019.12.16_13.40.04.csv,894,74.3046,0.00,-98.47,0.0500,0.576703
1218,loot,static_B_2020.02.27_18.39.27.csv,156,175.7978,0.00,26.82,0.0500,0.565106
1219,redandblack,static_B_2020.02.13_13.57.29.csv,1180,146.4733,0.00,-5.87,0.0500,0.568887
1220,soldier,static_B_2019.12.16_13.40.04.csv,1014,104.7187,0.00,-12.05,0.0500,0.531847
1221,longdress,static_B_2020.02.27_18.39.27.csv,3816,98.9480,0.00,-75.38,0.0500,0.519951
1222,loot,static_B_2020.02.13_13.57.29.csv,2260,158.3396,0.00,11.29,0.0500,0.570639
1223,redandblack,static_B_2019.12.16_13.40.04.csv,1434,161.0012,0.00,1.24,0.0500,0.547950
1224,soldier,static_B_2020.02.13_13.57.29.csv,1900,155.9304,0.00,-34.10,0.0500,0.577012
1225,longdress,static_B_2020.02.13_13.57.29.csv,2320,88.8243,0.00,-24.31,0.0500,0.538160
1226,loot,static_B_2020.02.27_18.39.27.csv,576,189.6191,0.00,39.03,0.0500,0.544928
1227,redandblack,static_B_2020.02.13_13.57.29.csv,1420,113.0644,0.00,-43.79,0.0500,0.526664
1228,soldier,static_B_2020.02.27_18.39.27.csv,5496,177.5906,0.00,9.83,0.0500,0.595606
1229,longdress,static_B_2020.02.13_13.57.29.csv,1060,105.9475,0.00,-1.65,0.0500,0.556084
1230,loot,static_B_2020.02.13_13.57.29.csv,100,110.4052,0.00,-60.18,0.0500,0.550551
1231,redandblack,static_B_2020.02.27_18.39.27.csv,2736,170.0177,0.00,24.66,0.0500,0.576002
1232,soldier,static_B_2020.02.14_13.21.26.csv,338,146.8995,0.00,18.34,0.0500,0.564038
1233,longdress,static_B_2020.02.14_13.21.26.csv,850,116.1693,0.00,-24.40,0.0500,0.551154
1234,loot,static_B_2020.02.13_13.57.29.csv,1240,128.7385,0.00,-50.19,0.0500,0.534090
1235,redandblack,static_B_2020.02.27_18.39.27.csv,2496,163.7357,0.00,-7.33,0.0500,0.531028
1236,soldier,static_B_2020.02.27_18.39.27.csv,4896,88.2045,0.00,-47.69,0.0500,0.538154
1237,longdress,static_B_2019.12.16_13.40.04.csv,1854,27.8033,0.00,-304.78,0.0500,0.568130
1238,loot,static_B_2020.02.27_18.39.27.csv,1176,91.4314,0.00,-250.11,0.0500,0.563571
1239,redandblack,static_B_2020.02.27_18.39.27.csv,996,152.7917,0.00,5.03,0.0500,0.539034
1240,soldier,static_B_2020.02.27_18.39.27.csv,1236,158.3679,0.00,22.15,0.0500,0.542848
1241,longdress,static_B_2020.02.27_18.39.27.csv,5376,154.6411,0.00,13.22,0.0500,0.524560
1242,loot,static_B_2020.02.13_13.57.29.csv,880,78.8712,0.00,-42.06,0.0500,0.545994
1243,redandblack,static_B_2020.02.27_18.39.27.csv,3696,168.4598,0.00,30.92,0.0500,0.554811
1244,soldier,static_B_2020.02.27_18.39.27.csv,4536,117.0691,0.00,-12.80,0.0500,0.528079
1245,longdress,static_B_2020.02.27_18.39.27.csv,456,145.9853,0.00,-27.52,0.0500,0.559326
1246,loot,static_B_2020.02.27_18.39.27.csv,636,189.9635,0.00,39.22,0.0500,0.570926
1247,redandblack,static_B_2020.02.27_18.39.27.csv,3036,138.0640,0.00,9.65,0.0500,0.540129
1248,soldier,static_B_2019.12.16_13.40.04.csv,114,187.8591,0.00,36.27,0.0500,0.523819
1249,longdress,static_B_2020.02.27_18.39.27.csv,4956,151.1817,0.00,-14.12,0.0500,0.559494
1250,loot,static_B_2019.12.16_13.40.04.csv,174,186.2809,0.00,17.40,0.0500,0.542071
1251,redandblack,static_B_2019.12.16_13.40.04.csv,234,102.8543,0.00,-68.45,0.0500,0.578747
1252,soldier,static_B_2020.02.13_13.57.29.csv,1000,58.8752,0.00,-170.10,0.0500,0.568278
1253,longdress,static_B_2019.12.16_13.40.04.csv,1314,129.6185,0.00,-9.65,0.0500,0.593796
1254,loot,static_B_2020.02.27_18.39.27.csv,4416,166.7275,0.00,26.83,0.0500,0.553450
1255,redandblack,static_B_2020.02.27_18.39.27.csv,4176,109.8773,0.00,-33.51,0.0500,0.584363
1256,soldier,static_B_2019.12.16_13.40.04.csv,1254,69.5391,0.00,-95.27,0.0500,0.589154
1257,longdress,static_B_2020.02.27_18.39.27.csv,5556,174.2549,0.00,29.91,0.0500,0.565255
1258,loot,static_B_2019.12.16_13.40.04.csv,1374,129.2838,0.00,-102.25,0.0500,0.559618
1259,redandblack,static_B_2020.02.27_18.39.27.csv,2436,160.1514,0.00,24.06,0.0500,0.570161
1260,soldier,static_B_2020.02.13_13.57.29.csv,2920,166.4698,0.00,-16.89,0.0500,0.542232
1261,longdress,static_B_2020.02.27_18.39.27.csv,2376,158.9151,0.00,15.76,0.0500,0.569827
1262,loot,static_B_2020.02.27_18.39.27.csv,4296,182.7519,0.00,34.14,0.0500,0.556136
1263,redandblack,static_B_2020.02.27_18.39.27.csv,2916,129.5828,0.00,0.56,0.0500,0.564580
1264,soldier,static_B_2020.02.13_13.57.29.csv,520,102.2388,0.00,-53.00,0.0500,0.567252
1265,longdress,static_B_2020.02.27_18.39.27.csv,36,171.0104,0.00,25.77,0.0500,0.550501
1266,loot,static_B_2020.02.27_18.39.27.csv,2856,171.4276,0.00,32.94,0.0500,0.582591
1267,redandblack,static_B_2020.02.27_18.39.27.csv,936,169.1064,0.00,24.45,0.0500,0.559648
1268,soldier,static_B_2020.02.14_13.21.26.csv,518,180.1990,0.00,29.12,0.0500,0.564418
1269,longdress,static_B_2020.02.13_13.57.29.csv,280,104.4366,0.00,-35.64,0.0500,0.579456
1270,loot,static_B_2019.12.16_13.40.04.csv,1074,95.1111,0.00,-166.12,0.0500,0.572760
1271,redandblack,static_B_2020.02.27_18.39.27.csv,3456,187.7412,0.08,42.06,0.0500,0.591514
1272,soldier,static_B_2020.02.27_18.39.27.csv,3396,173.1017,0.00,23.03,0.0500,0.568013
1273,longdress,static_B_2020.02.27_18.39.27.csv,5742,132.9741,0.00,-34.37,0.0500,0.561143
1274,loot,static_B_2020.02.27_18.39.27.csv,396,169.1214,0.00,22.70,0.0500,0.567370
1275,redandblack,static_B_2020.02.27_18.39.27.csv,1716,116.8537,0.00,-46.04,0.0500,0.551934
1276,soldier,static_B_2020.02.14_13.21.26.csv,850,117.5634,0.00,-33.95,0.0500,0.565956
1277,longdress,static_B_2020.02.27_18.39.27.csv,4356,117.8730,0.00,-19.11,0.0500,0.588857
1278,loot,static_B_2020.02.27_18.39.27.csv,3516,175.5353,0.00,18.54,0.0500,0.590852
1279,redandblack,static_B_2020.02.13_13.57.29.csv,940,-152.5224,0.00,-302.76,0.0500,0.597275
1280,soldier,static_B_2020.02.27_18.39.27.csv,4776,176.8448,0.00,31.06,0.0500,0.553546
1281,longdress,static_B_2020.02.14_13.21.26.csv,458,166.5001,0.00,26.88,0.0500,0.583547
1282,loot,static_B_2020.02.27_18.39.27.csv,5742,167.4498,0.00,-15.46,0.0500,0.582347
1283,redandblack,static_B_2019.12.16_13.40.04.csv,1134,100.4190,0.00,-34.25,0.0500,0.579754
1284,soldier,static_B_2019.12.16_13.40.04.csv,714,164.3539,0.00,-69.17,0.0500,0.597897
1285,longdress,static_B_2019.12.16_13.40.04.csv,594,111.1440,0.00,-22.08,0.0500,0.559919
1286,loot,static_B_2020.02.27_18.39.27.csv,5436,136.8679,0.00,2.96,0.0500,0.559168
1287,redandblack,static_B_2020.02.27_18.39.27.csv,2136,164.9243,0.00,29.93,0.0500,0.588931
1288,soldier,static_B_2020.02.13_13.57.29.csv,160,109.2928,0.00,-60.81,0.0500,0.572613
1289,longdress,static_B_2019.12.16_13.40.04.csv,1794,129.2982,0.00,-56.56,0.0500,0.589184
1290,loot,static_B_2020.02.13_13.57.29.csv,700,75.4136,0.00,-123.69,0.0500,0.576737
1291,redandblack,static_B_2020.02.13_13.57.29.csv,340,114.1009,0.00,-10.45,0.0500,0.565305
1292,soldier,static_B_2020.02.13_13.57.29.csv,1120,58.4322,0.00,-121.42,0.0500,0.598305
1293,longdress,static_B_2020.02.13_13.57.29.csv,2560,165.1748,0.00,-15.50,0.0500,0.579713
1294,loot,static_B_2020.02.14_13.21.26.csv,278,171.1291,0.00,23.98,0.0500,0.603667
1295,redandblack,static_B_2020.02.13_13.57.29.csv,2800,102.4835,0.00,-74.77,0.0500,0.564247
1296,soldier,static_B_2020.02.14_13.21.26.csv,818,170.4654,0.00,19.78,0.0500,0.596364
1297,longdress,static_B_2020.02.13_13.57.29.csv,2440,-5.4550,0.00,-312.70,0.0500,0.578848
1298,loot,static_B_2020.02.14_13.21.26.csv,98,161.3182,0.00,-35.06,0.0500,0.548702
1299,redandblack,static_B_2020.02.27_18.39.27.csv,3336,156.9591,0.00,6.76,0.0500,0.559778
1300,soldier,static_B_2019.12.16_13.40.04.csv,654,179.9835,0.00,37.33,0.0500,0.548506
1301,longdress,static_B_2020.02.27_18.39.27.csv,2076,144.8283,0.00,10.20,0.0500,0.602627
1302,loot,static_B_2020.02.27_18.39.27.csv,2796,162.6994,0.00,-1.84,0.0500,0.569041
1303,redandblack,static_B_2020.02.27_18.39.27.csv,5316,155.0919,0.00,-3.85,0.0500,0.577391
1304,soldier,static_B_2020.02.27_18.39.27.csv,2256,168.4890,0.00,28.29,0.0500,0.567987
1305,longdress,static_B_2020.02.27_18.39.27.csv,876,120.6843,0.00,-62.07,0.0500,0.575951
1306,loot,static_B_2020.02.27_18.39.27.csv,1056,179.6849,0.00,26.12,0.0500,0.572430
1307,redandblack,static_B_2020.02.13_13.57.29.csv,400,151.2106,0.00,-0.20,0.0500,0.552437
1308,soldier,static_B_2020.02.27_18.39.27.csv,1416,162.9068,0.00,14.66,0.0500,0.575279
1309,longdress,static_B_2020.02.13_13.57.29.csv,760,49.4630,0.00,-60.40,0.0500,0.557893
1310,loot,static_B_2020.02.13_13.57.29.csv,1480,133.5887,0.00,-4.21,0.0500,0.580391
1311,redandblack,static_B_2020.02.27_18.39.27.csv,3996,106.3131,0.00,-22.00,0.0500,0.587008
1312,soldier,static_B_2019.12.16_13.40.04.csv,1674,136.5601,0.00,-10.14,0.0500,0.602165
1313,longdress,static_B_2020.02.27_18.39.27.csv,3636,118.2946,0.00,-52.53,0.0500,0.599850
1314,loot,static_B_2020.02.27_18.39.27.csv,4056,188.8181,0.00,38.74,0.0500,0.596207
1315,redandblack,static_B_2020.02.14_13.21.26.csv,158,159.3952,0.00,15.25,0.0500,0.604249
1316,soldier,static_B_2019.12.16_13.40.04.csv,954,115.9133,0.00,-79.02,0.0500,0.569652
1317,longdress,static_B_2020.02.27_18.39.27.csv,3756,154.5656,0.00,18.71,0.0500,0.604918
1318,loot,static_B_2019.12.16_13.40.04.csv,1904,199.4029,0.00,47.11,0.0500,0.588654
1319,redandblack,static_B_2020.02.13_13.57.29.csv,1780,88.9587,0.00,-154.94,0.0500,0.616498
1320,soldier,static_B_2020.02.27_18.39.27.csv,96,174.2540,0.00,-9.97,0.0500,0.598321
1321,longdress,static_B_2020.02.27_18.39.27.csv,3936,167.9668,0.00,32.18,0.0500,0.591323
1322,loot,static_B_2020.02.13_13.57.29.csv,2200,108.4735,0.00,-58.08,0.0500,0.572626
1323,redandblack,static_B_2020.02.27_18.39.27.csv,4656,-68.2800,0.00,-327.73,0.0500,0.575373
1324,soldier,static_B_2020.02.27_18.39.27.csv,756,169.5269,0.00,26.94,0.0500,0.601961
1325,longdress,static_B_2019.12.16_13.40.04.csv,1494,171.7738,0.00,7.69,0.0500,0.579117
1326,loot,static_B_2020.02.13_13.57.29.csv,1540,91.4970,0.00,-34.32,0.0500,0.593848
1327,redandblack,static_B_2020.02.27_18.39.27.csv,5616,167.6175,0.00,-19.48,0.0500,0.586437
1328,soldier,static_B_2020.02.27_18.39.27.csv,5736,149.9246,0.00,-25.42,0.0500,0.593355
1329,longdress,static_B_2020.02.13_13.57.29.csv,2680,133.9603,0.00,-0.84,0.0500,0.588889
1330,loot,static_B_2019.12.16_13.40.04.csv,414,99.1434,0.00,-53.87,0.0500,0.576829
1331,redandblack,static_B_2019.12.16_13.40.04.csv,54,140.5927,0.00,-4.92,0.0500,0.569535
1332,soldier,static_B_2020.02.27_18.39.27.csv,3876,107.7253,0.00,-63.68,0.0500,0.566714
1333,longdress,static_B_2020.02.27_18.39.27.csv,1296,169.1694,0.00,-9.99,0.0500,0.559585
1334,loot,static_B_2020.02.27_18.39.27.csv,5076,187.9618,0.00,37.94,0.0500,0.561744
1335,redandblack,static_B_2020.02.27_18.39.27.csv,1656,150.9619,0.00,-9.38,0.0500,0.587442
1336,soldier,static_B_2020.02.27_18.39.27.csv,2676,84.4986,0.00,-52.68,0.0500,0.577964
1337,longdress,static_B_2019.12.16_13.40.04.csv,1194,115.8454,0.00,-27.70,0.0500,0.583849
1338,loot,static_B_2020.02.13_13.57.29.csv,2945,181.5675,0.00,-3.18,0.0500,0.569848
1339,redandblack,static_B_2020.02.27_18.39.27.csv,1356,167.1437,0.00,4.99,0.0500,0.584955
1340,soldier,static_B_2020.02.13_13.57.29.csv,1960,142.6082,0.00,-94.98,0.0500,0.577642
1341,longdress,static_B_2020.02.27_18.39.27.csv,216,144.3616,0.00,-45.65,0.0500,0.584330
1342,loot,static_B_2020.02.27_18.39.27.csv,1536,149.9939,0.00,-1.48,0.0500,0.558332
1343,redandblack,static_B_2020.02.27_18.39.27.csv,1896,160.6972,0.00,8.76,0.0500,0.590969
1344,soldier,static_B_2020.02.27_18.39.27.csv,1956,141.1669,0.00,-14.58,0.0500,0.572433
1345,longdress,static_B_2020.02.27_18.39.27.csv,2016,152.1201,0.00,-2.39,0.0500,0.600458
1346,loot,static_B_2020.02.27_18.39.27.csv,5676,167.0776,0.00,27.02,0.0500,0.571631
1347,redandblack,static_B_2020.02.14_13.21.26.csv,758,156.6990,0.00,20.93,0.0500,0.549200
1348,soldier,static_B_2020.02.27_18.39.27.csv,3156,-2.0560,0.00,-351.29,0.0500,0.583703
1349,longdress,static_B_2020.02.27_18.39.27.csv,3576,153.3926,0.00,-8.51,0.0500,0.575530
1350,loot,static_B_2020.02.13_13.57.29.csv,1300,119.6000,0.00,-13.95,0.0500,0.561799
1351,redandblack,static_B_2020.02.13_13.57.29.csv,1720,88.2892,0.00,-108.28,0.0500,0.609912
1352,soldier,static_B_2020.02.14_13.21.26.csv,218,162.7343,0.00,-28.05,0.0500,0.561821
1353,longdress,static_B_2020.02.13_13.57.29.csv,40,59.2196,0.00,-59.67,0.0500,0.553086
1354,loot,static_B_2020.02.27_18.39.27.csv,336,167.8598,0.00,-83.30,0.0500,0.581573
1355,redandblack,static_B_2020.02.27_18.39.27.csv,696,95.7221,0.00,-126.14,0.0500,0.551062
1356,soldier,static_B_2020.02.14_13.21.26.csv,578,187.6034,0.00,37.33,0.0500,0.583473
1357,longdress,static_B_2019.12.16_13.40.04.csv,354,116.6117,0.00,-19.04,0.0500,0.585220
1358,loot,static_B_2020.02.14_13.21.26.csv,638,171.8760,0.00,29.84,0.0500,0.567598
1359,redandblack,static_B_2020.02.13_13.57.29.csv,1840,79.9376,0.00,-78.53,0.0500,0.585394
1360,soldier,static_B_2019.12.16_13.40.04.csv,294,32.5255,0.00,-124.45,0.0500,0.564866
1361,longdress,static_B_2020.02.27_18.39.27.csv,4596,71.5538,0.00,-45.35,0.0500,0.597554
1362,loot,static_B_2020.02.27_18.39.27.csv,816,176.6177,0.00,34.63,0.0500,0.597473
1363,redandblack,static_B_2019.12.16_13.40.04.csv,1904,181.6293,0.00,35.27,0.0500,0.594178
1364,soldier,static_B_2020.02.13_13.57.29.csv,2020,162.1902,0.00,-3.26,0.0500,0.611018
1365,longdress,static_B_2020.02.13_13.57.29.csv,820,65.3065,0.00,-66.05,0.0500,0.597097
1366,loot,static_B_2020.02.27_18.39.27.csv,4836,164.9999,0.00,17.47,0.0500,0.613868
1367,redandblack,static_B_2020.02.27_18.39.27.csv,4116,160.7879,0.00,17.34,0.0500,0.576140
1368,soldier,static_B_2020.02.13_13.57.29.csv,2620,158.2825,0.00,-5.02,0.0500,0.590639
1369,longdress,static_B_2019.12.16_13.40.04.csv,1614,135.8533,0.00,-43.56,0.0500,0.590527
1370,loot,static_B_2019.12.16_13.40.04.csv,1734,146.7738,0.00,-88.41,0.0500,0.573957
1371,redandblack,static_B_2019.12.16_13.40.04.csv,774,166.9153,0.00,4.78,0.0500,0.585178
1372,soldier,static_B_2020.02.27_18.39.27.csv,276,126.6245,0.00,-18.58,0.0500,0.600239
1373,longdress,static_B_2019.12.16_13.40.04.csv,1554,126.2508,0.00,-12.55,0.0500,0.588344
1374,loot,static_B_2020.02.13_13.57.29.csv,2860,109.8313,0.00,-21.58,0.0500,0.565004
1375,redandblack,static_B_2020.02.27_18.39.27.csv,1836,145.2814,0.00,-22.56,0.0500,0.610197
1376,soldier,static_B_2020.02.27_18.39.27.csv,1476,126.7986,0.00,-90.73,0.0500,0.578368
1377,longdress,static_B_2020.02.14_13.21.26.csv,698,167.4320,0.00,28.36,0.0500,0.601339
1378,loot,static_B_2020.02.13_13.57.29.csv,460,117.2389,0.00,-9.61,0.0500,0.577502
1379,redandblack,static_B_2020.02.13_13.57.29.csv,220,167.7680,0.00,-8.98,0.0500,0.586580
1380,soldier,static_B_2020.02.27_18.39.27.csv,2196,165.5062,0.00,-32.81,0.0500,0.586731
1381,longdress,static_B_2020.02.27_18.39.27.csv,4476,126.8568,0.00,0.77,0.0500,0.561028
1382,loot,static_B_2020.02.27_18.39.27.csv,2556,157.0648,0.00,-92.33,0.0500,0.580446
1383,redandblack,static_B_2020.02.13_13.57.29.csv,1600,170.0112,0.00,24.78,0.0500,0.611607
1384,soldier,static_B_2020.02.13_13.57.29.csv,1660,109.4633,0.00,-46.23,0.0500,0.599220
1385,longdress,static_B_2020.02.27_18.39.27.csv,516,-37.8762,0.00,-424.27,0.0500,0.600828
1386,loot,static_B_2019.12.16_13.40.04.csv,534,152.1089,0.00,-33.06,0.0500,0.572438
1387,redandblack,static_B_2020.02.13_13.57.29.csv,2740,62.1672,0.00,-58.20,0.0500,0.580000
1388,soldier,static_B_2020.02.13_13.57.29.csv,2140,103.1966,0.00,-66.84,0.0500,0.588084
1389,longdress,static_B_2020.02.27_18.39.27.csv,5136,168.9359,0.00,-12.19,0.0500,0.568451
1390,loot,static_B_2020.02.27_18.39.27.csv,5196,97.6311,0.00,-33.72,0.0500,0.598855
1391,redandblack,static_B_2020.02.13_13.57.29.csv,2945,150.9955,0.00,-26.16,0.0500,0.599963
1392,soldier,static_B_2019.12.16_13.40.04.csv,1904,193.4172,0.00,41.64,0.0500,0.580107
1393,longdress,static_B_2020.02.13_13.57.29.csv,2080,145.8813,0.00,-9.08,0.0500,0.590107
1394,soldier,static_B_2020.02.27_18.39.27.csv,360,162.7504,0.00,-32.96,0.0500,0.599644
1395,longdress,static_B_2019.12.16_13.40.04.csv,1816,89.6847,0.00,-65.26,0.0500,0.595447
1396,loot,static_B_2019.12.16_13.40.04.csv,316,89.0583,0.00,-53.74,0.0500,0.623588
1397,redandblack,static_B_2020.02.27_18.39.27.csv,720,138.2713,0.00,1.35,0.0500,0.586153
1398,soldier,static_B_2020.02.27_18.39.27.csv,3540,34.0220,0.00,-136.31,0.0500,0.606630
1399,longdress,static_B_2020.02.27_18.39.27.csv,180,153.8932,0.00,-6.00,0.0500,0.593329
1400,loot,static_B_2020.02.13_13.57.29.csv,1577,176.9668,0.00,29.49,0.0500,0.580223
1401,redandblack,static_B_2020.02.13_13.57.29.csv,1997,165.4997,0.00,-20.77,0.0500,0.565499
1402,soldier,static_B_2020.02.27_18.39.27.csv,2880,164.2978,0.00,29.00,0.0500,0.606660
1403,longdress,static_B_2019.12.16_13.40.04.csv,1156,72.6112,0.00,-45.58,0.0500,0.583523
1404,loot,static_B_2020.02.27_18.39.27.csv,4500,139.4141,0.00,9.33,0.0500,0.595372
1405,redandblack,static_B_2020.02.13_13.57.29.csv,1517,83.0956,0.00,-36.38,0.0500,0.570349
1406,soldier,static_B_2019.12.16_13.40.04.csv,1336,116.8069,0.00,-4.66,0.0500,0.578705
1407,longdress,static_B_2020.02.27_18.39.27.csv,4260,180.3657,0.00,37.13,0.0500,0.603090
1408,loot,static_B_2019.12.16_13.40.04.csv,16,173.5512,0.00,38.35,0.0500,0.594530
1409,redandblack,static_B_2020.02.27_18.39.27.csv,120,123.9959,0.00,-27.66,0.0500,0.601514
1410,soldier,static_B_2020.02.27_18.39.27.csv,1200,168.0071,0.00,25.55,0.0500,0.595600
1411,longdress,static_B_2019.12.16_13.40.04.csv,796,169.9275,0.00,6.06,0.0500,0.620172
1412,loot,static_B_2020.02.13_13.57.29.csv,1037,113.5625,0.00,-16.76,0.0500,0.561217
1413,redandblack,static_B_2020.02.27_18.39.27.csv,3480,164.1157,0.00,25.48,0.0500,0.615289
1414,soldier,static_B_2020.02.27_18.39.27.csv,1080,67.0363,0.00,-37.32,0.0500,0.606714
1415,longdress,static_B_2020.02.27_18.39.27.csv,2640,85.4301,0.00,-103.63,0.0500,0.610883
1416,loot,static_B_2020.02.27_18.39.27.csv,2520,178.7871,0.00,35.73,0.0500,0.579383
1417,redandblack,static_B_2020.02.14_13.21.26.csv,772,154.4004,0.00,20.79,0.0500,0.592258
1418,soldier,static_B_2020.02.13_13.57.29.csv,2945,151.3445,0.00,-20.28,0.0500,0.602439
1419,longdress,static_B_2020.02.14_13.21.26.csv,232,172.1803,0.00,25.54,0.0500,0.588451
1420,loot,static_B_2020.02.14_13.21.26.csv,352,143.1197,0.00,9.98,0.0500,0.587030
1421,redandblack,static_B_2020.02.13_13.57.29.csv,2057,157.4259,0.00,19.96,0.0500,0.584307
1422,soldier,static_B_2019.12.16_13.40.04.csv,916,19.3923,0.00,-167.18,0.0500,0.594662
1423,longdress,static_B_2020.02.27_18.39.27.csv,1380,171.4460,0.00,-10.32,0.0500,0.605251
1424,loot,static_B_2020.02.27_18.39.27.csv,900,156.7697,0.00,1.64,0.0500,0.604332
1425,redandblack,static_B_2020.02.27_18.39.27.csv,3720,157.6947,0.00,19.57,0.0500,0.627570
1426,soldier,static_B_2020.02.27_18.39.27.csv,1620,126.2954,0.00,-66.07,0.0500,0.591952
1427,longdress,static_B_2020.02.27_18.39.27.csv,5460,173.9356,0.00,28.24,0.0500,0.587562
1428,loot,static_B_2020.02.27_18.39.27.csv,2220,180.0017,0.00,30.29,0.0500,0.568967
1429,redandblack,static_B_2019.12.16_13.40.04.csv,76,168.3881,0.00,30.63,0.0500,0.609548
1430,soldier,static_B_2019.12.16_13.40.04.csv,1904,184.7890,0.00,34.55,0.0500,0.599267
1431,longdress,static_B_2020.02.27_18.39.27.csv,2160,145.4304,0.00,11.75,0.0500,0.605035
1432,loot,static_B_2020.02.13_13.57.29.csv,2537,160.0608,0.00,-9.29,0.0500,0.611961
1433,redandblack,static_B_2020.02.14_13.21.26.csv,532,158.8088,0.00,15.28,0.0500,0.594898
1434,soldier,static_B_2020.02.27_18.39.27.csv,3420,177.1861,0.00,28.34,0.0500,0.601722
1435,longdress,static_B_2019.12.16_13.40.04.csv,616,60.1655,0.00,-92.45,0.0500,0.587271
1436,loot,static_B_2020.02.27_18.39.27.csv,660,144.2451,0.00,-23.04,0.0500,0.593065
1437,redandblack,static_B_2020.02.27_18.39.27.csv,4860,29.0503,0.00,-105.02,0.0500,0.601151
1438,soldier,static_B_2020.02.13_13.57.29.csv,2597,141.1170,0.00,-14.55,0.0500,0.618360
1439,longdress,static_B_2019.12.16_13.40.04.csv,196,105.1505,0.00,-98.95,0.0500,0.612178
1440,loot,static_B_2020.02.13_13.57.29.csv,317,116.1016,0.00,-35.70,0.0500,0.580753
1441,redandblack,static_B_2020.02.13_13.57.29.csv,2477,125.2090,0.00,-47.85,0.0500,0.602273
1442,soldier,static_B_2020.02.27_18.39.27.csv,60,188.0289,0.00,36.96,0.0500,0.606494
1443,longdress,static_B_2020.02.13_13.57.29.csv,1637,95.6200,0.00,-95.96,0.0500,0.623500
1444,loot,static_B_2020.02.27_18.39.27.csv,3180,133.2995,0.00,-198.02,0.0500,0.583714
1445,redandblack,static_B_2020.02.13_13.57.29.csv,17,158.2315,0.00,21.62,0.0500,0.610482
1446,soldier,static_B_2020.02.14_13.21.26.csv,412,149.2078,0.00,-10.33,0.0500,0.590399
1447,longdress,static_B_2020.02.13_13.57.29.csv,2897,138.8692,0.00,-12.43,0.0500,0.603490
1448,loot,static_B_2020.02.13_13.57.29.csv,1397,135.8311,0.00,-60.87,0.0500,0.580619
1449,redandblack,static_B_2020.02.27_18.39.27.csv,3840,68.8453,0.00,-92.70,0.0500,0.557708
1450,soldier,static_B_2020.02.13_13.57.29.csv,437,53.6959,0.00,-90.78,0.0500,0.597050
1451,longdress,static_B_2020.02.27_18.39.27.csv,4920,161.8075,0.00,-14.57,0.0500,0.570962
1452,loot,static_B_2019.12.16_13.40.04.csv,1904,191.5710,0.00,41.43,0.0500,0.611399
1453,redandblack,static_B_2020.02.27_18.39.27.csv,4740,151.0682,0.00,2.19,0.0500,0.613401
1454,soldier,static_B_2019.12.16_13.40.04.csv,1636,123.2515,0.00,-63.59,0.0500,0.622891
1455,longdress,static_B_2019.12.16_13.40.04.csv,496,134.7112,0.00,-44.20,0.0500,0.613117
1456,loot,static_B_2019.12.16_13.40.04.csv,1756,159.5093,0.00,-1.55,0.0500,0.608263
1457,redandblack,static_B_2020.02.27_18.39.27.csv,5100,153.0630,0.00,-15.44,0.0500,0.636977
1458,soldier,static_B_2019.12.16_13.40.04.csv,1516,144.5608,0.00,-35.36,0.0500,0.615333
1459,longdress,static_B_2020.02.27_18.39.27.csv,4320,101.4892,0.00,-19.45,0.0500,0.644181
1460,loot,static_B_2020.02.27_18.39.27.csv,420,180.0169,0.00,30.83,0.0500,0.633775
1461,redandblack,static_B_2020.02.27_18.39.27.csv,1260,176.1520,0.00,30.59,0.0500,0.619884
1462,soldier,static_B_2020.02.14_13.21.26.csv,292,182.7462,0.00,32.49,0.0500,0.588126
1463,longdress,static_B_2019.12.16_13.40.04.csv,1096,-74.1968,0.00,-559.77,0.0500,0.601773
1464,loot,static_B_2020.02.13_13.57.29.csv,677,-24.4002,0.00,-205.97,0.0500,0.574888
1465,redandblack,static_B_2020.02.13_13.57.29.csv,1757,126.2591,0.00,-91.70,0.0500,0.598167
1466,soldier,static_B_2020.02.27_18.39.27.csv,5160,180.5335,0.00,-12.95,0.0500,0.603192
1467,longdress,static_B_2020.02.27_18.39.27.csv,480,145.4293,0.00,11.63,0.0500,0.573855
1468,loot,static_B_2020.02.27_18.39.27.csv,2940,177.4127,0.00,29.55,0.0500,0.590184
1469,redandblack,static_B_2020.02.27_18.39.27.csv,3600,161.1981,0.00,26.17,0.0500,0.594216
1470,soldier,static_B_2019.12.16_13.40.04.csv,136,117.5564,0.00,-70.29,0.0500,0.620928
1471,longdress,static_B_2020.02.13_13.57.29.csv,977,-136.1017,0.00,-396.86,0.0500,0.592814
1472,loot,static_B_2020.02.27_18.39.27.csv,3360,175.4535,0.00,33.57,0.0500,0.575163
1473,redandblack,static_B_2020.02.27_18.39.27.csv,4560,158.1553,0.00,22.95,0.0500,0.615003
1474,soldier,static_B_2020.02.13_13.57.29.csv,1337,104.3552,0.00,-26.46,0.0500,0.620976
1475,longdress,static_B_2020.02.13_13.57.29.csv,1157,78.2994,0.00,-41.03,0.0500,0.598509
1476,loot,static_B_2020.02.27_18.39.27.csv,1140,15.2577,0.00,-96.12,0.0500,0.583891
1477,redandblack,static_B_2020.02.27_18.39.27.csv,4440,108.2470,0.00,-19.07,0.0500,0.594346
1478,soldier,static_B_2019.12.16_13.40.04.csv,436,36.2006,0.00,-410.60,0.0500,0.590579
1479,longdress,static_B_2020.02.27_18.39.27.csv,1800,143.1705,0.00,-22.05,0.0500,0.588954
1480,loot,static_B_2019.12.16_13.40.04.csv,1036,104.3594,0.00,-44.07,0.0500,0.612323
1481,redandblack,static_B_2020.02.27_18.39.27.csv,2340,-43.3132,0.00,-376.79,0.0500,0.604485
1482,soldier,static_B_2020.02.27_18.39.27.csv,2100,112.3929,0.00,-14.39,0.0500,0.647113
1483,longdress,static_B_2020.02.27_18.39.27.csv,960,148.9985,0.00,14.76,0.0500,0.605351
1484,loot,static_B_2020.02.27_18.39.27.csv,780,171.9553,0.00,7.90,0.0500,0.573603
1485,redandblack,static_B_2020.02.27_18.39.27.csv,1320,176.7888,0.00,-62.07,0.0500,0.581861
1486,soldier,static_B_2020.02.13_13.57.29.csv,1817,134.8858,0.00,-47.14,0.0500,0.600621
1487,longdress,static_B_2020.02.27_18.39.27.csv,4140,129.9837,0.00,-24.20,0.0500,0.616867
1488,loot,static_B_2020.02.13_13.57.29.csv,2237,147.9891,0.00,-33.60,0.0500,0.595788
1489,redandblack,static_B_2020.02.14_13.21.26.csv,850,127.0802,0.00,-21.17,0.0500,0.580779
1490,soldier,static_B_2020.02.27_18.39.27.csv,540,77.3325,0.00,-302.09,0.0500,0.596000
1491,longdress,static_B_2020.02.14_13.21.26.csv,652,171.1663,0.00,32.03,0.0500,0.626143
1492,loot,static_B_2020.02.27_18.39.27.csv,3120,-82.8113,0.00,-201.81,0.0500,0.625512
1493,redandblack,static_B_2019.12.16_13.40.04.csv,1456,160.6077,0.00,-43.94,0.0500,0.625226
1494,soldier,static_B_2020.02.13_13.57.29.csv,2417,-53.6138,0.00,-391.30,0.0500,0.615100
1495,longdress,static_B_2020.02.27_18.39.27.csv,300,131.3991,0.00,-1.25,0.0500,0.585017
1496,loot,static_B_2020.02.27_18.39.27.csv,1440,150.4471,0.00,12.65,0.0500,0.619842
1497,redandblack,static_B_2019.12.16_13.40.04.csv,256,107.0453,0.00,-37.30,0.0500,0.599369
1498,soldier,static_B_2020.02.13_13.57.29.csv,197,127.4207,0.00,-68.41,0.0500,0.616136
1499,longdress,static_B_2020.02.27_18.39.27.csv,3300,179.5822,0.00,33.57,0.0500,0.615536
1500,loot,static_B_2020.02.13_13.57.29.csv,857,60.2911,0.00,-64.07,0.0500,0.624116
1501,redandblack,static_B_2019.12.16_13.40.04.csv,1576,167.1284,0.00,29.81,0.0500,0.620735
1502,soldier,static_B_2020.02.27_18.39.27.csv,3900,187.6535,0.00,43.41,0.0500,0.627914
1503,longdress,static_B_2020.02.27_18.39.27.csv,5742,151.5073,0.00,-24.71,0.0500,0.629723
1504,loot,static_B_2020.02.27_18.39.27.csv,1860,158.1006,0.00,-14.60,0.0500,0.625760
1505,redandblack,static_B_2020.02.27_18.39.27.csv,3240,166.3510,0.00,-13.56,0.0500,0.611952
1506,soldier,static_B_2020.02.14_13.21.26.csv,832,119.7117,0.00,-31.81,0.0500,0.614775
1507,longdress,static_B_2020.02.14_13.21.26.csv,172,144.1478,0.00,-46.64,0.0500,0.624459
1508,loot,static_B_2020.02.13_13.57.29.csv,1457,142.1362,0.00,7.74,0.0500,0.621842
1509,redandblack,static_B_2020.02.13_13.57.29.csv,2717,119.7295,0.00,-12.26,0.0500,0.613901
1510,soldier,static_B_2020.02.13_13.57.29.csv,257,110.2504,0.00,-24.50,0.0500,0.612925
1511,longdress,static_B_2019.12.16_13.40.04.csv,1396,149.7259,0.00,-22.04,0.0500,0.601762
1512,loot,static_B_2020.02.27_18.39.27.csv,2400,169.7175,0.00,28.41,0.0500,0.608775
1513,redandblack,static_B_2020.02.27_18.39.27.csv,4380,167.9921,0.00,-37.73,0.0500,0.636288
1514,soldier,static_B_2020.02.27_18.39.27.csv,3060,63.3986,0.00,-57.55,0.0500,0.628750
1515,longdress,static_B_2019.12.16_13.40.04.csv,556,159.3517,0.00,26.47,0.0500,0.657200
1516,loot,static_B_2020.02.27_18.39.27.csv,3960,181.7121,0.00,33.09,0.0500,0.596631
1517,redandblack,static_B_2020.02.13_13.57.29.csv,2357,62.1262,0.00,-50.71,0.0500,0.597815
1518,soldier,static_B_2020.02.13_13.57.29.csv,797,74.4730,0.00,-67.55,0.0500,0.613539
1519,longdress,static_B_2020.02.13_13.57.29.csv,2837,57.0801,0.00,-76.59,0.0500,0.627450
1520,loot,static_B_2020.02.13_13.57.29.csv,377,108.8830,0.00,-80.36,0.0500,0.571531
1521,redandblack,static_B_2020.02.13_13.57.29.csv,917,48.9814,0.00,-69.42,0.0500,0.610634
1522,soldier,static_B_2019.12.16_13.40.04.csv,676,148.3053,0.00,-38.39,0.0500,0.639320
1523,longdress,static_B_2020.02.27_18.39.27.csv,600,190.1088,0.00,40.73,0.0500,0.607000
1524,loot,static_B_2020.02.13_13.57.29.csv,1217,168.9976,0.00,4.83,0.0500,0.610813
1525,redandblack,static_B_2020.02.27_18.39.27.csv,3780,108.0770,0.00,-123.94,0.0500,0.650167
1526,soldier,static_B_2020.02.14_13.21.26.csv,712,195.1819,0.00,43.06,0.0500,0.633098
1527,longdress,static_B_2019.12.16_13.40.04.csv,1696,136.5078,0.00,-49.39,0.0500,0.606654
1528,loot,static_B_2020.02.27_18.39.27.csv,5340,161.4274,0.00,-10.55,0.0500,0.624037
1529,redandblack,static_B_2020.02.14_13.21.26.csv,592,184.4500,0.00,37.18,0.0500,0.631566
1530,soldier,static_B_2020.02.27_18.39.27.csv,1980,104.6543,0.00,-25.11,0.0500,0.629787
1531,longdress,static_B_2020.02.27_18.39.27.csv,4080,175.5056,0.00,29.06,0.0500,0.656598
1532,loot,static_B_2020.02.13_13.57.29.csv,1937,132.8573,0.00,-112.85,0.0500,0.645939
1533,redandblack,static_B_2020.02.27_18.39.27.csv,2820,154.2148,0.00,-14.20,0.0500,0.644000
1534,soldier,static_B_2019.12.16_13.40.04.csv,976,149.1524,0.00,-6.33,0.0500,0.655793
1535,longdress,static_B_2020.02.27_18.39.27.csv,5280,167.6072,0.00,11.15,0.0500,0.619997
1536,loot,static_B_2020.02.13_13.57.29.csv,137,138.8381,0.00,-29.53,0.0500,0.641124
1537,redandblack,static_B_2019.12.16_13.40.04.csv,1216,140.7217,0.00,-10.55,0.0500,0.664954
1538,soldier,static_B_2020.02.27_18.39.27.csv,5700,156.3692,0.00,-26.84,0.0500,0.632428
1539,longdress,static_B_2020.02.27_18.39.27.csv,1740,121.0757,0.00,-3.20,0.0500,0.638236
1540,loot,static_B_2020.02.13_13.57.29.csv,2777,142.7151,0.00,-26.25,0.0500,0.651281
1541,redandblack,static_B_2020.02.27_18.39.27.csv,1920,167.2823,0.00,28.47,0.0500,0.635858
1542,soldier,static_B_2020.02.27_18.39.27.csv,5580,141.2239,0.00,-65.34,0.0500,0.674944
1543,longdress,static_B_2020.02.27_18.39.27.csv,1020,101.9537,0.00,-49.40,0.0500,0.603064
1544,loot,static_B_2020.02.27_18.39.27.csv,2760,175.0873,0.00,34.24,0.0500,0.664190
1545,redandblack,static_B_2020.02.27_18.39.27.csv,2280,144.2980,0.00,-7.76,0.0500,0.633290
1546,soldier,static_B_2020.02.14_13.21.26.csv,52,193.1675,0.00,40.87,0.0500,0.667261
1547,longdress,static_B_2020.02.27_18.39.27.csv,4620,-41.1242,0.00,-149.54,0.0500,0.647286
1548,loot,static_B_2020.02.13_13.57.29.csv,2177,126.9534,0.00,-25.05,0.0500,0.656810
1549,redandblack,static_B_2020.02.27_18.39.27.csv,2460,161.6798,0.00,9.47,0.0500,0.630459
1550,soldier,static_B_2020.02.27_18.39.27.csv,1500,159.0515,0.00,-23.76,0.0500,0.672664
1551,longdress,static_B_2020.02.13_13.57.29.csv,77,67.8777,0.00,-92.27,0.0500,0.671930
1552,loot,static_B_2020.02.27_18.39.27.csv,2700,171.4229,0.00,24.43,0.0500,0.634198
1553,redandblack,static_B_2020.02.13_13.57.29.csv,1277,140.0855,0.00,-4.85,0.0500,0.617874
1554,soldier,static_B_2020.02.13_13.57.29.csv,557,164.4206,0.00,-11.22,0.0500,0.650877
1555,longdress,static_B_2020.02.27_18.39.27.csv,0,128.5845,0.00,-4.13,0.0500,0.678271
1556,loot,static_B_2020.02.13_13.57.29.csv,2117,109.7608,0.00,-14.57,0.0500,0.630688
1557,redandblack,static_B_2020.02.27_18.39.27.csv,1680,136.0187,0.00,4.96,0.0500,0.666463
1558,soldier,static_B_2020.02.13_13.57.29.csv,2945,150.5351,0.00,-21.87,0.0500,0.645710
1559,longdress,static_B_2020.02.14_13.21.26.csv,112,142.5255,0.00,6.54,0.0500,0.644896
1560,loot,static_B_2019.12.16_13.40.04.csv,376,176.6588,0.00,18.20,0.0500,0.613380
1561,redandblack,static_B_2020.02.27_18.39.27.csv,4980,162.2379,0.00,-18.24,0.0500,0.647875
1562,soldier,static_B_2019.12.16_13.40.04.csv,1276,119.4390,0.00,-51.20,0.0500,0.639270
1563,longdress,static_B_2020.02.27_18.39.27.csv,4200,79.9410,0.00,-151.14,0.0500,0.648195
1564,loot,static_B_2019.12.16_13.40.04.csv,856,170.1832,0.00,3.63,0.0500,0.622730
1565,redandblack,static_B_2020.02.13_13.57.29.csv,1097,68.0363,0.00,-92.31,0.0500,0.653883
1566,soldier,static_B_2020.02.27_18.39.27.csv,1560,116.9433,0.00,-22.87,0.0500,0.644486
1567,longdress,static_B_2020.02.27_18.39.27.csv,2040,110.3320,0.00,-42.76,0.0500,0.643034
1568,loot,static_B_2020.02.13_13.57.29.csv,617,79.1255,0.00,-111.75,0.0500,0.627400
1569,redandblack,static_B_2019.12.16_13.40.04.csv,1876,139.8747,0.00,-93.49,0.0500,0.617699
1570,soldier,static_B_2020.02.27_18.39.27.csv,5400,180.7283,0.00,30.42,0.0500,0.626049
1571,longdress,static_B_2019.12.16_13.40.04.csv,736,137.1890,0.00,-45.64,0.0500,0.678055
1572,loot,static_B_2020.02.27_18.39.27.csv,4680,26.5076,0.00,-208.34,0.0500,0.675293
1573,redandblack,static_B_2020.02.27_18.39.27.csv,4800,172.2797,0.00,27.51,0.0500,0.675723
1574,soldier,static_B_2020.02.27_18.39.27.csv,3000,69.8859,0.00,-70.88,0.0500,0.699740
1575,longdress,static_B_2020.02.27_18.39.27.csv,5640,133.1425,0.00,-68.36,0.0500,0.664880
1576,loot,static_B_2020.02.13_13.57.29.csv,2657,175.0728,0.00,32.76,0.0500,0.670692
1577,redandblack,static_B_2020.02.13_13.57.29.csv,497,121.9265,0.00,-26.96,0.0500,0.670702
1578,soldier,static_B_2020.02.27_18.39.27.csv,3660,148.9207,0.00,-30.94,0.0500,0.634785
1579,longdress,static_B_2020.02.14_13.21.26.csv,850,122.3172,0.00,-27.46,0.0500,0.687119
1580,loot,static_B_2020.02.27_18.39.27.csv,840,187.0935,0.00,36.03,0.0500,0.678215
1581,redandblack,static_B_2020.02.13_13.57.29.csv,1877,91.8468,0.00,-151.64,0.0500,0.659659
1582,soldier,static_B_2020.02.27_18.39.27.csv,2580,150.5243,0.00,-6.58,0.0500,0.638825
1583,longdress,static_B_2020.02.27_18.39.27.csv,5220,42.3302,0.00,-71.88,0.0500,0.669693
1584,loot,static_B_2020.02.13_13.57.29.csv,2297,115.6381,0.00,-17.63,0.0500,0.669552
1585,redandblack,static_B_2020.02.13_13.57.29.csv,1697,73.9959,0.00,-67.84,0.0500,0.671312
1586,soldier,static_B_2020.02.27_18.39.27.csv,5520,191.6144,0.00,39.80,0.0500,0.687851
1587,longdress,static_B_2020.02.13_13.57.29.csv,737,-8.6140,0.00,-141.65,0.0500,0.686166
1588,loot,static_B_2020.02.27_18.39.27.csv,4020,136.7527,0.00,0.11,0.0500,0.721818
1589,redandblack,static_B_2020.02.27_18.39.27.csv,5742,165.2763,0.00,-14.77,0.0500,0.686859
1590,soldier,static_B_2020.02.14_13.21.26.csv,472,167.3897,0.00,19.32,0.0500,0.646294
1591,longdress,static_B_2020.02.27_18.39.27.csv,5040,112.7072,0.00,-19.20,0.0500,0.665459
1592,loot,static_B_2020.02.27_18.39.27.csv,240,182.0511,0.00,33.34,0.0500,0.642625
