episode,sequence,file,offset,reward,qoe,qoe_quality,epsilon,mean_loss
1,longdress,static_B_2020.02.27_18.39.27.csv,5684,163.0716,100.00,37.00,0.9992,0.000000
2,loot,static_B_2019.12.16_13.40.04.csv,1346,148.3470,73.68,27.26,0.9983,1.005218
3,redandblack,static_B_2020.02.13_13.57.29.csv,2374,116.9491,10.69,-2.61,0.9975,0.763429
4,soldier,static_B_2020.01.16_10.43.34.csv,3093,162.2234,100.00,37.40,0.9967,0.439864
5,longdress,static_B_2020.02.27_18.39.27.csv,4784,159.7687,100.00,37.58,0.9958,0.182924
6,loot,static_B_2020.02.27_18.39.27.csv,3524,181.5260,81.83,45.10,0.9950,0.127420
7,redandblack,static_B_2020.01.16_10.43.34.csv,1593,164.2307,70.09,30.00,0.9942,0.113522
8,soldier,static_B_2020.02.13_13.57.29.csv,1234,143.2245,77.79,28.77,0.9933,0.100157
9,longdress,static_B_2020.02.27_18.39.27.csv,4244,157.8810,59.10,18.34,0.9925,0.117062
10,loot,static_B_2020.01.16_10.43.34.csv,1233,189.2886,84.00,49.79,0.9917,0.098159
11,redandblack,static_B_2019.12.16_13.40.04.csv,1826,145.4423,40.75,11.34,0.9908,0.125891
12,soldier,static_B_2020.02.13_13.57.29.csv,2794,177.2419,100.00,44.10,0.9900,0.110852
13,longdress,static_B_2020.01.16_10.43.34.csv,213,182.3859,80.00,46.56,0.9892,0.085460
14,loot,static_B_2020.01.16_10.43.34.csv,1173,132.5937,64.26,23.04,0.9883,0.094669
15,redandblack,static_B_2020.02.27_18.39.27.csv,1004,180.1619,100.00,46.60,0.9875,0.080307
16,soldier,static_B_2020.02.27_18.39.27.csv,824,183.7444,100.00,48.22,0.9867,0.086192
17,longdress,static_B_2020.02.13_13.57.29.csv,2254,130.7934,0.00,-35.73,0.9858,0.103757
18,loot,static_B_2020.01.16_10.43.34.csv,813,179.7189,68.00,45.31,0.9850,0.097937
19,redandblack,static_B_2020.02.27_18.39.27.csv,3884,140.7853,8.03,-14.78,0.9841,0.089050
20,soldier,static_B_2020.02.13_13.57.29.csv,94,126.4994,35.90,-4.49,0.9833,0.107802
21,longdress,static_B_2019.12.16_13.40.04.csv,1586,200.5144,100.00,54.20,0.9825,0.102732
22,loot,static_B_2020.02.27_18.39.27.csv,104,173.8470,44.00,44.29,0.9816,0.100487
23,redandblack,static_B_2020.01.16_10.43.34.csv,1473,129.8333,23.90,2.97,0.9808,0.085521
24,soldier,static_B_2020.02.27_18.39.27.csv,1484,180.2158,100.00,41.61,0.9800,0.089790
25,longdress,static_B_2020.02.27_18.39.27.csv,1244,155.8089,72.00,37.31,0.9791,0.096884
26,loot,static_B_2020.01.16_10.43.34.csv,453,115.1273,60.71,15.82,0.9783,0.096013
27,redandblack,static_B_2020.02.13_13.57.29.csv,1534,90.2980,19.01,-5.26,0.9775,0.108503
28,soldier,static_B_2019.12.16_13.40.04.csv,386,152.6292,81.48,27.97,0.9766,0.108425
29,longdress,static_B_2020.02.27_18.39.27.csv,1664,156.5984,59.33,20.27,0.9758,0.108300
30,loot,static_B_2020.02.13_13.57.29.csv,2194,124.9485,0.00,-7.69,0.9750,0.109305
31,redandblack,static_B_2020.02.27_18.39.27.csv,5742,169.1723,68.00,40.79,0.9741,0.086061
32,soldier,static_B_2019.12.16_13.40.04.csv,806,185.4280,100.00,47.17,0.9733,0.095657
33,longdress,static_B_2020.01.16_10.43.34.csv,2673,145.9976,52.05,21.39,0.9725,0.107335
34,loot,static_B_2020.02.27_18.39.27.csv,5024,150.1855,100.00,34.50,0.9716,0.096870
35,redandblack,static_B_2019.12.16_13.40.04.csv,1286,171.7491,100.00,41.44,0.9708,0.096141
36,soldier,static_B_2020.02.13_13.57.29.csv,694,46.8134,0.00,-108.55,0.9700,0.092560
37,longdress,static_B_2020.02.27_18.39.27.csv,2804,169.5591,80.00,40.25,0.9691,0.097624
38,loot,static_B_2020.01.16_10.43.34.csv,2913,98.4650,0.00,-49.49,0.9683,0.108377
39,redandblack,static_B_2020.01.16_10.43.34.csv,333,151.1942,56.00,32.42,0.9674,0.106559
40,soldier,static_B_2020.02.27_18.39.27.csv,1604,63.3151,0.00,-73.43,0.9666,0.115890
41,longdress,static_B_2020.02.27_18.39.27.csv,3764,147.6651,100.00,27.97,0.9658,0.103831
42,loot,static_B_2020.02.27_18.39.27.csv,2744,168.3398,44.00,39.30,0.9649,0.111164
43,redandblack,static_B_2020.02.27_18.39.27.csv,2924,160.7417,78.91,33.06,0.9641,0.122799
44,soldier,static_B_2020.02.27_18.39.27.csv,1064,161.1047,71.31,31.22,0.9633,0.109767
45,longdress,static_B_2020.02.27_18.39.27.csv,3104,99.4999,0.00,-29.14,0.9624,0.097775
46,loot,static_B_2020.01.16_10.43.34.csv,933,205.9514,100.00,56.87,0.9616,0.117015
47,redandblack,static_B_2020.02.13_13.57.29.csv,154,184.3954,88.00,48.38,0.9608,0.118099
48,soldier,static_B_2020.01.16_10.43.34.csv,573,112.5788,28.30,5.16,0.9599,0.110615
49,longdress,static_B_2020.02.27_18.39.27.csv,2504,190.2612,100.00,50.91,0.9591,0.135162
50,loot,static_B_2020.02.27_18.39.27.csv,5204,81.9705,0.00,-18.11,0.9583,0.114806
51,redandblack,static_B_2019.12.16_13.40.04.csv,326,79.2261,0.00,-42.71,0.9574,0.106695
52,soldier,static_B_2019.12.16_13.40.04.csv,26,210.6024,76.00,58.18,0.9566,0.408274
53,longdress,static_B_2020.02.27_18.39.27.csv,2084,173.8664,100.00,42.84,0.9558,0.156165
54,loot,static_B_2020.02.27_18.39.27.csv,3404,155.2409,85.00,34.40,0.9549,0.144037
55,redandblack,static_B_2020.01.16_10.43.34.csv,1293,156.4362,100.00,34.98,0.9541,0.161845
56,soldier,static_B_2019.12.16_13.40.04.csv,1226,158.9771,60.81,18.97,0.9532,0.141521
57,longdress,static_B_2020.02.13_13.57.29.csv,1834,185.1609,58.00,47.51,0.9524,0.129016
58,loot,static_B_2020.02.13_13.57.29.csv,1654,168.9749,80.07,35.60,0.9516,0.123846
59,redandblack,static_B_2019.12.16_13.40.04.csv,1406,171.3550,100.00,39.52,0.9507,0.158582
60,soldier,static_B_2020.02.27_18.39.27.csv,3224,182.8073,66.00,49.16,0.9499,0.144518
61,longdress,static_B_2020.02.27_18.39.27.csv,4484,159.9270,62.37,27.54,0.9491,0.153457
62,loot,static_B_2019.12.16_13.40.04.csv,866,137.5400,69.42,17.78,0.9482,0.143513
63,redandblack,static_B_2020.02.13_13.57.29.csv,994,53.6319,0.00,-291.75,0.9474,0.141793
64,soldier,static_B_2020.02.13_13.57.29.csv,334,92.7776,0.00,-18.87,0.9466,0.159924
65,longdress,static_B_2020.02.13_13.57.29.csv,1474,152.0717,60.62,26.34,0.9457,0.153183
66,loot,static_B_2020.01.16_10.43.34.csv,2733,185.9968,100.00,47.47,0.9449,0.162452
67,redandblack,static_B_2020.01.16_10.43.34.csv,1113,136.1269,49.30,20.92,0.9441,0.143662
68,soldier,static_B_2020.01.16_10.43.34.csv,33,105.7098,22.15,3.86,0.9432,0.131930
69,longdress,static_B_2020.02.27_18.39.27.csv,884,152.5086,68.87,22.46,0.9424,0.140254
70,loot,static_B_2020.02.13_13.57.29.csv,2314,96.2495,38.07,0.72,0.9416,0.165072
71,redandblack,static_B_2020.02.13_13.57.29.csv,1894,139.1869,73.99,24.38,0.9407,0.133902
72,soldier,static_B_2020.02.27_18.39.27.csv,2564,189.2655,92.00,50.67,0.9399,0.168510
73,longdress,static_B_2020.02.27_18.39.27.csv,5384,162.4025,84.00,36.49,0.9391,0.148249
74,loot,static_B_2019.12.16_13.40.04.csv,266,129.1397,34.25,0.58,0.9382,0.152652
75,redandblack,static_B_2020.02.27_18.39.27.csv,1844,111.9917,4.10,-30.14,0.9374,0.154735
76,soldier,static_B_2020.01.16_10.43.34.csv,753,80.4856,0.00,-37.74,0.9365,0.146181
77,longdress,static_B_2020.01.16_10.43.34.csv,1833,164.5677,54.00,39.28,0.9357,0.145525
78,loot,static_B_2020.01.16_10.43.34.csv,2073,161.2218,100.00,34.86,0.9349,0.143379
79,redandblack,static_B_2020.01.16_10.43.34.csv,2853,185.1293,100.00,47.16,0.9340,0.126761
80,soldier,static_B_2020.02.27_18.39.27.csv,3824,112.2831,0.00,-38.52,0.9332,0.144645
81,longdress,static_B_2020.01.16_10.43.34.csv,2373,212.8772,72.00,59.36,0.9324,0.126893
82,loot,static_B_2020.02.13_13.57.29.csv,1774,169.0385,100.00,39.00,0.9315,0.138879
83,redandblack,static_B_2019.12.16_13.40.04.csv,626,102.7621,0.00,-21.88,0.9307,0.141075
84,soldier,static_B_2020.02.27_18.39.27.csv,5324,179.0585,100.00,46.20,0.9299,0.143392
85,longdress,static_B_2020.01.16_10.43.34.csv,633,191.6844,90.00,51.05,0.9290,0.135339
86,loot,static_B_2020.02.27_18.39.27.csv,4364,135.5912,78.89,24.56,0.9282,0.151179
87,redandblack,static_B_2020.02.27_18.39.27.csv,644,170.0501,100.00,40.73,0.9274,0.141516
88,soldier,static_B_2020.01.16_10.43.34.csv,1353,163.6776,59.72,22.27,0.9265,0.158736
89,longdress,static_B_2020.02.13_13.57.29.csv,454,106.1498,13.73,1.99,0.9257,0.144987
90,loot,static_B_2020.02.27_18.39.27.csv,1904,176.7631,94.00,45.16,0.9249,0.135357
91,redandblack,static_B_2020.02.27_18.39.27.csv,2204,147.6837,62.74,17.71,0.9240,0.148189
92,soldier,static_B_2020.02.27_18.39.27.csv,464,163.7197,37.14,2.70,0.9232,0.141588
93,longdress,static_B_2020.02.13_13.57.29.csv,2734,74.8403,5.59,-23.36,0.9224,0.130703
94,loot,static_B_2019.12.16_13.40.04.csv,1904,187.2173,44.00,49.31,0.9215,0.146884
95,redandblack,static_B_2020.02.27_18.39.27.csv,4544,146.8379,100.00,30.20,0.9207,0.133643
96,soldier,static_B_2020.02.27_18.39.27.csv,2384,191.7714,100.00,52.03,0.9198,0.142959
97,longdress,static_B_2020.02.27_18.39.27.csv,284,183.5202,100.00,47.68,0.9190,0.142012
98,loot,static_B_2020.02.13_13.57.29.csv,2434,141.0688,55.92,20.64,0.9182,0.140172
99,redandblack,static_B_2020.02.13_13.57.29.csv,814,137.6038,33.98,3.57,0.9173,0.138115
100,soldier,static_B_2020.02.13_13.57.29.csv,2494,129.4712,21.91,-23.70,0.9165,0.142999
101,longdress,static_B_2020.01.16_10.43.34.csv,1053,88.0760,10.10,-7.80,0.9157,0.144381
102,loot,static_B_2020.02.27_18.39.27.csv,1784,82.1177,0.00,-431.68,0.9148,0.394030
103,redandblack,static_B_2020.02.13_13.57.29.csv,1054,100.0846,0.00,-19.83,0.9140,0.194503
104,soldier,static_B_2020.02.13_13.57.29.csv,2945,164.7214,56.84,22.36,0.9132,0.199429
105,longdress,static_B_2020.02.13_13.57.29.csv,1594,186.1612,100.00,48.75,0.9123,0.180446
106,loot,static_B_2020.01.16_10.43.34.csv,1713,160.5309,83.33,30.26,0.9115,0.201293
107,redandblack,static_B_2020.02.13_13.57.29.csv,874,64.8665,17.23,-18.62,0.9107,0.196097
108,soldier,static_B_2020.02.13_13.57.29.csv,2674,160.6411,73.23,29.86,0.9098,0.202981
109,longdress,static_B_2020.01.16_10.43.34.csv,513,155.7513,84.04,34.71,0.9090,0.187248
110,loot,static_B_2020.01.16_10.43.34.csv,2553,168.7327,64.00,41.00,0.9082,0.171617
111,redandblack,static_B_2020.02.13_13.57.29.csv,754,58.5346,0.00,-28.40,0.9073,0.186053
112,soldier,static_B_2020.02.27_18.39.27.csv,164,187.1503,100.00,49.54,0.9065,0.177238
113,longdress,static_B_2020.02.27_18.39.27.csv,4724,97.6453,68.35,0.58,0.9056,0.178518
114,loot,static_B_2020.01.16_10.43.34.csv,1893,174.7480,44.00,44.44,0.9048,0.189415
115,redandblack,static_B_2020.02.27_18.39.27.csv,3344,143.8202,67.89,22.27,0.9040,0.191464
116,soldier,static_B_2020.02.27_18.39.27.csv,2864,177.5246,79.72,44.14,0.9031,0.182239
117,longdress,static_B_2020.01.16_10.43.34.csv,1653,156.9341,66.54,31.96,0.9023,0.186428
118,loot,static_B_2020.01.16_10.43.34.csv,93,121.4301,22.68,-13.72,0.9015,0.163936
119,redandblack,static_B_2020.02.27_18.39.27.csv,5504,171.7861,52.00,43.63,0.9006,0.194202
120,soldier,static_B_2020.02.13_13.57.29.csv,1114,128.1939,0.00,-41.98,0.8998,0.196930
121,longdress,static_B_2020.02.13_13.57.29.csv,1174,123.9994,30.25,11.45,0.8990,0.181081
122,loot,static_B_2020.02.13_13.57.29.csv,1294,196.9694,86.24,49.80,0.8981,0.186267
123,redandblack,static_B_2020.02.27_18.39.27.csv,3164,55.6179,0.00,-309.98,0.8973,0.181084
124,soldier,static_B_2020.02.27_18.39.27.csv,4184,100.6799,0.00,-49.29,0.8965,0.184822
125,longdress,static_B_2020.02.27_18.39.27.csv,5084,197.3788,100.00,54.17,0.8956,0.199725
126,loot,static_B_2020.01.16_10.43.34.csv,2013,120.6256,0.00,-71.67,0.8948,0.164461
127,redandblack,static_B_2020.02.27_18.39.27.csv,1544,152.8457,78.83,28.09,0.8940,0.182863
128,soldier,static_B_2020.02.13_13.57.29.csv,2914,180.5923,100.00,45.61,0.8931,0.185253
129,longdress,static_B_2020.01.16_10.43.34.csv,2193,158.5147,30.05,-9.59,0.8923,0.202083
130,loot,static_B_2020.02.27_18.39.27.csv,2444,188.3494,40.00,47.96,0.8915,0.180948
131,redandblack,static_B_2020.02.13_13.57.29.csv,2854,109.5494,34.27,4.70,0.8906,0.175575
132,soldier,static_B_2019.12.16_13.40.04.csv,1166,59.3904,0.00,-177.22,0.8898,0.184074
133,longdress,static_B_2020.02.27_18.39.27.csv,3644,141.1269,80.00,30.38,0.8889,0.193679
134,loot,static_B_2019.12.16_13.40.04.csv,986,140.6491,60.48,12.22,0.8881,0.190626
135,redandblack,static_B_2020.01.16_10.43.34.csv,2493,169.2479,100.00,41.69,0.8873,0.206594
136,soldier,static_B_2019.12.16_13.40.04.csv,86,205.2319,76.00,57.52,0.8864,0.186781
137,longdress,static_B_2020.02.27_18.39.27.csv,5742,148.5681,64.07,18.23,0.8856,0.181929
138,loot,static_B_2020.01.16_10.43.34.csv,153,176.7277,58.56,29.88,0.8848,0.194423
139,redandblack,static_B_2019.12.16_13.40.04.csv,1886,186.2342,54.00,46.36,0.8839,0.198547
140,soldier,static_B_2020.02.27_18.39.27.csv,3044,125.6261,51.97,13.85,0.8831,0.179982
141,longdress,static_B_2020.02.27_18.39.27.csv,2684,123.9563,48.15,6.56,0.8823,0.190266
142,loot,static_B_2020.02.13_13.57.29.csv,1354,159.4023,81.35,36.67,0.8814,0.207372
143,redandblack,static_B_2019.12.16_13.40.04.csv,926,124.2533,12.89,-5.29,0.8806,0.180511
144,soldier,static_B_2020.02.27_18.39.27.csv,4064,211.1254,100.00,59.66,0.8798,0.172237
145,longdress,static_B_2020.02.27_18.39.27.csv,524,89.7303,0.00,-87.88,0.8789,0.182228
146,loot,static_B_2020.01.16_10.43.34.csv,3109,187.9908,100.00,47.22,0.8781,0.173967
147,redandblack,static_B_2020.02.13_13.57.29.csv,274,138.4559,41.14,16.67,0.8773,0.181182
148,soldier,static_B_2020.02.27_18.39.27.csv,3944,168.7601,96.00,38.47,0.8764,0.196846
149,longdress,static_B_2020.02.27_18.39.27.csv,4604,108.9727,34.87,1.07,0.8756,0.171396
150,loot,static_B_2020.01.16_10.43.34.csv,993,141.8302,61.35,21.36,0.8748,0.193538
151,redandblack,static_B_2020.02.27_18.39.27.csv,344,150.8577,65.98,22.61,0.8739,0.190470
152,soldier,static_B_2020.02.27_18.39.27.csv,4304,142.3567,68.58,20.67,0.8731,0.397465
153,longdress,static_B_2020.02.27_18.39.27.csv,4124,164.0846,81.53,37.53,0.8722,0.233200
154,loot,static_B_2020.02.27_18.39.27.csv,44,150.0611,48.00,35.25,0.8714,0.221564
155,redandblack,static_B_2020.02.27_18.39.27.csv,224,201.1156,100.00,55.02,0.8706,0.229680
156,soldier,static_B_2020.02.27_18.39.27.csv,944,177.8519,100.00,42.12,0.8697,0.229198
157,longdress,static_B_2020.02.27_18.39.27.csv,584,181.2654,100.00,44.51,0.8689,0.242670
158,loot,static_B_2019.12.16_13.40.04.csv,206,180.3948,100.00,45.92,0.8681,0.230700
159,redandblack,static_B_2020.02.27_18.39.27.csv,5444,126.9018,52.19,10.20,0.8672,0.229862
160,soldier,static_B_2020.02.27_18.39.27.csv,5264,164.6169,62.00,36.14,0.8664,0.207528
161,longdress,static_B_2020.02.27_18.39.27.csv,4004,140.4155,22.12,5.16,0.8656,0.232589
162,loot,static_B_2020.01.16_10.43.34.csv,2253,190.0560,100.00,50.02,0.8647,0.209280
163,redandblack,static_B_2020.02.27_18.39.27.csv,2624,173.5649,100.00,42.48,0.8639,0.220947
164,soldier,static_B_2020.02.27_18.39.27.csv,1124,61.5218,0.00,-88.32,0.8631,0.249613
165,longdress,static_B_2020.02.27_18.39.27.csv,3284,189.5460,88.00,49.98,0.8622,0.210870
166,loot,static_B_2020.02.27_18.39.27.csv,4424,161.1831,100.00,37.73,0.8614,0.232285
167,redandblack,static_B_2020.02.13_13.57.29.csv,2134,150.8462,85.40,30.92,0.8606,0.227423
168,soldier,static_B_2020.01.16_10.43.34.csv,1533,163.2561,79.56,36.66,0.8597,0.237027
169,longdress,static_B_2020.01.16_10.43.34.csv,273,185.4405,92.00,47.42,0.8589,0.224601
170,loot,static_B_2020.02.13_13.57.29.csv,2945,172.6889,71.58,30.63,0.8580,0.218474
171,redandblack,static_B_2020.02.27_18.39.27.csv,4664,61.7912,0.00,-274.27,0.8572,0.249556
172,soldier,static_B_2020.02.13_13.57.29.csv,1714,148.4073,35.77,17.26,0.8564,0.219740
173,longdress,static_B_2020.02.27_18.39.27.csv,1364,167.5650,100.00,38.94,0.8555,0.225951
174,loot,static_B_2020.02.13_13.57.29.csv,1954,102.6905,0.00,-54.72,0.8547,0.204890
175,redandblack,static_B_2020.02.13_13.57.29.csv,394,137.5395,0.00,-43.76,0.8539,0.239428
176,soldier,static_B_2020.01.16_10.43.34.csv,3033,211.1444,100.00,56.73,0.8530,0.200937
177,longdress,static_B_2020.02.27_18.39.27.csv,1724,134.4367,0.00,-27.90,0.8522,0.190025
178,loot,static_B_2020.02.27_18.39.27.csv,4844,195.6706,48.00,51.76,0.8514,0.232264
179,redandblack,static_B_2019.12.16_13.40.04.csv,566,181.4941,84.14,44.93,0.8505,0.231942
180,soldier,static_B_2020.02.13_13.57.29.csv,1414,77.2807,0.00,-67.19,0.8497,0.217666
181,longdress,static_B_2020.02.27_18.39.27.csv,2144,186.9753,100.00,42.08,0.8489,0.265033
182,loot,static_B_2020.02.27_18.39.27.csv,2024,166.0907,100.00,37.70,0.8480,0.230884
183,redandblack,static_B_2019.12.16_13.40.04.csv,686,199.7694,96.00,54.48,0.8472,0.227080
184,soldier,static_B_2019.12.16_13.40.04.csv,746,173.2721,84.00,40.90,0.8464,0.213464
185,longdress,static_B_2020.01.16_10.43.34.csv,1773,141.6307,58.04,10.22,0.8455,0.205932
186,loot,static_B_2020.01.16_10.43.34.csv,1953,191.9074,86.79,50.29,0.8447,0.233041
187,redandblack,static_B_2019.12.16_13.40.04.csv,1904,201.8805,50.00,55.64,0.8439,0.226393
188,soldier,static_B_2020.02.27_18.39.27.csv,2984,168.3266,63.37,26.75,0.8430,0.225379
189,longdress,static_B_2020.01.16_10.43.34.csv,873,70.7691,0.00,-32.97,0.8422,0.219558
190,loot,static_B_2020.02.13_13.57.29.csv,2014,187.4792,60.36,34.45,0.8413,0.230023
191,redandblack,static_B_2020.02.13_13.57.29.csv,2074,198.5838,100.00,50.48,0.8405,0.228655
192,soldier,static_B_2020.02.27_18.39.27.csv,3704,189.8843,100.00,46.89,0.8397,0.219642
193,longdress,static_B_2020.02.13_13.57.29.csv,634,72.3901,0.00,-89.17,0.8388,0.215314
194,loot,static_B_2020.02.13_13.57.29.csv,34,186.1125,100.00,46.67,0.8380,0.229154
195,redandblack,static_B_2019.12.16_13.40.04.csv,506,189.9518,100.00,50.07,0.8372,0.244936
196,soldier,static_B_2020.02.27_18.39.27.csv,5564,180.5785,100.00,44.25,0.8363,0.234731
197,longdress,static_B_2020.02.27_18.39.27.csv,1304,142.5331,64.71,16.06,0.8355,0.227419
198,loot,static_B_2019.12.16_13.40.04.csv,1646,189.4797,85.54,47.40,0.8347,0.220542
199,redandblack,static_B_2020.01.16_10.43.34.csv,2793,178.8779,100.00,45.15,0.8338,0.230017
200,soldier,static_B_2020.01.16_10.43.34.csv,2133,131.1628,37.31,9.21,0.8330,0.223415
201,longdress,static_B_2019.12.16_13.40.04.csv,1466,166.1636,92.00,40.00,0.8322,0.208128
202,loot,static_B_2020.02.27_18.39.27.csv,704,137.4188,64.92,21.32,0.8313,0.423502
203,redandblack,static_B_2019.12.16_13.40.04.csv,1046,116.2542,8.38,-18.79,0.8305,0.283304
204,soldier,static_B_2020.02.13_13.57.29.csv,2554,201.2949,66.00,54.50,0.8297,0.258802
205,longdress,static_B_2019.12.16_13.40.04.csv,1706,180.5265,100.00,45.50,0.8288,0.282550
206,loot,static_B_2020.02.27_18.39.27.csv,5144,191.5582,62.00,52.82,0.8280,0.276332
207,redandblack,static_B_2020.02.27_18.39.27.csv,1184,153.8287,0.00,-163.74,0.8271,0.269033
208,soldier,static_B_2020.01.16_10.43.34.csv,2313,116.8357,0.00,-92.95,0.8263,0.233660
209,longdress,static_B_2020.01.16_10.43.34.csv,3109,175.5358,100.00,42.05,0.8255,0.287345
210,loot,static_B_2019.12.16_13.40.04.csv,1106,36.5094,0.00,-501.13,0.8246,0.274487
211,redandblack,static_B_2020.02.13_13.57.29.csv,214,168.6592,62.51,25.07,0.8238,0.270452
212,soldier,static_B_2020.01.16_10.43.34.csv,2973,106.3435,0.00,-13.18,0.8230,0.288838
213,longdress,static_B_2020.02.27_18.39.27.csv,1964,151.6255,44.27,20.92,0.8221,0.259182
214,loot,static_B_2020.02.27_18.39.27.csv,4964,175.4741,69.91,34.41,0.8213,0.290533
215,redandblack,static_B_2020.02.27_18.39.27.csv,3464,213.8280,100.00,60.98,0.8205,0.261777
216,soldier,static_B_2020.02.13_13.57.29.csv,934,56.6833,0.00,-93.23,0.8196,0.276254
217,longdress,static_B_2020.02.27_18.39.27.csv,764,172.9462,100.00,43.58,0.8188,0.254216
218,loot,static_B_2020.02.13_13.57.29.csv,514,189.6344,100.00,48.49,0.8180,0.241790
219,redandblack,static_B_2020.02.27_18.39.27.csv,1424,194.1509,100.00,50.89,0.8171,0.288507
220,soldier,static_B_2020.02.27_18.39.27.csv,2324,159.0588,46.21,17.75,0.8163,0.290780
221,longdress,static_B_2020.01.16_10.43.34.csv,2613,186.1861,100.00,47.40,0.8155,0.270971
222,loot,static_B_2020.02.27_18.39.27.csv,2264,195.3828,100.00,49.74,0.8146,0.255279
223,redandblack,static_B_2020.02.13_13.57.29.csv,2614,144.6732,74.39,26.30,0.8138,0.282820
224,soldier,static_B_2020.02.27_18.39.27.csv,3584,136.8342,36.07,0.31,0.8130,0.282141
225,longdress,static_B_2020.01.16_10.43.34.csv,393,121.5542,0.00,-0.78,0.8121,0.303965
226,loot,static_B_2019.12.16_13.40.04.csv,1526,176.9189,86.01,40.80,0.8113,0.272803
227,redandblack,static_B_2019.12.16_13.40.04.csv,146,129.2983,0.00,-31.03,0.8104,0.292222
228,soldier,static_B_2020.02.27_18.39.27.csv,404,202.3503,79.22,52.54,0.8096,0.265314
229,longdress,static_B_2020.02.27_18.39.27.csv,5742,148.0008,66.84,20.39,0.8088,0.276820
230,loot,static_B_2020.02.27_18.39.27.csv,5624,179.1631,58.00,47.92,0.8079,0.279720
231,redandblack,static_B_2019.12.16_13.40.04.csv,446,182.1914,45.28,19.98,0.8071,0.259588
232,soldier,static_B_2020.01.16_10.43.34.csv,2433,122.3038,0.00,-89.67,0.8063,0.270354
233,longdress,static_B_2020.01.16_10.43.34.csv,1413,78.5394,0.00,-194.67,0.8054,0.262034
234,loot,static_B_2020.02.13_13.57.29.csv,574,183.0957,100.00,45.72,0.8046,0.289904
235,redandblack,static_B_2020.01.16_10.43.34.csv,693,199.3030,46.00,53.71,0.8038,0.268940
236,soldier,static_B_2019.12.16_13.40.04.csv,1766,163.3350,83.51,35.79,0.8029,0.286650
237,longdress,static_B_2020.02.27_18.39.27.csv,4904,132.3134,23.81,-3.32,0.8021,0.303569
238,loot,static_B_2020.01.16_10.43.34.csv,1093,102.9935,0.00,-8.22,0.8013,0.271468
239,redandblack,static_B_2020.02.27_18.39.27.csv,4692,136.5088,48.04,10.76,0.8004,0.285452
240,soldier,static_B_2020.02.13_13.57.29.csv,2527,153.4245,51.35,26.54,0.7996,0.290835
241,longdress,static_B_2019.12.16_13.40.04.csv,1904,185.7830,82.00,47.96,0.7988,0.271632
242,loot,static_B_2020.01.16_10.43.34.csv,1213,192.3337,100.00,49.89,0.7979,0.261780
243,redandblack,static_B_2020.02.27_18.39.27.csv,792,186.2467,87.74,48.19,0.7971,0.273707
244,soldier,static_B_2020.02.27_18.39.27.csv,132,115.9674,41.07,12.58,0.7963,0.275910
245,longdress,static_B_2020.02.13_13.57.29.csv,247,188.2459,100.00,48.90,0.7954,0.249915
246,loot,static_B_2020.02.27_18.39.27.csv,2892,189.9679,100.00,47.83,0.7946,0.275538
247,redandblack,static_B_2020.02.13_13.57.29.csv,2707,203.6983,100.00,54.95,0.7937,0.278017
248,soldier,static_B_2020.02.13_13.57.29.csv,2227,160.7033,55.61,19.54,0.7929,0.293131
249,longdress,static_B_2019.12.16_13.40.04.csv,1370,60.8215,0.00,-233.10,0.7921,0.267314
250,loot,static_B_2020.02.13_13.57.29.csv,2467,162.7056,13.23,-5.49,0.7912,0.237884
251,redandblack,static_B_2020.01.16_10.43.34.csv,733,191.1643,38.00,51.17,0.7904,0.300198
252,soldier,static_B_2020.02.13_13.57.29.csv,1567,148.0332,0.00,-40.15,0.7896,0.467880
253,longdress,static_B_2020.01.16_10.43.34.csv,793,176.3770,67.77,35.21,0.7887,0.355642
254,loot,static_B_2019.12.16_13.40.04.csv,470,179.0384,0.00,-292.31,0.7879,0.321379
255,redandblack,static_B_2020.02.13_13.57.29.csv,967,-4.1408,0.00,-355.09,0.7871,0.280953
256,soldier,static_B_2020.02.27_18.39.27.csv,5352,193.3385,90.00,51.87,0.7862,0.298796
257,longdress,static_B_2020.02.27_18.39.27.csv,4032,155.8878,51.77,26.18,0.7854,0.348071
258,loot,static_B_2020.02.27_18.39.27.csv,1572,163.2690,65.46,31.42,0.7846,0.302616
259,redandblack,static_B_2020.02.13_13.57.29.csv,2945,163.1625,61.25,22.63,0.7837,0.315486
260,soldier,static_B_2020.01.16_10.43.34.csv,1573,171.4693,90.00,40.12,0.7829,0.329611
261,longdress,static_B_2020.02.27_18.39.27.csv,1392,158.9517,63.71,21.63,0.7821,0.311637
262,loot,static_B_2020.02.13_13.57.29.csv,1147,137.9586,57.36,19.24,0.7812,0.334995
263,redandblack,static_B_2020.02.27_18.39.27.csv,12,136.9428,43.81,18.42,0.7804,0.342625
264,soldier,static_B_2020.02.13_13.57.29.csv,847,95.3966,0.59,-14.60,0.7795,0.313037
265,longdress,static_B_2020.02.27_18.39.27.csv,5592,184.0729,100.00,45.51,0.7787,0.346850
266,loot,static_B_2020.02.13_13.57.29.csv,367,145.0250,35.18,5.66,0.7779,0.335997
267,redandblack,static_B_2020.02.27_18.39.27.csv,1932,178.0912,90.00,42.11,0.7770,0.337916
268,soldier,static_B_2020.01.16_10.43.34.csv,313,166.6048,100.00,38.70,0.7762,0.337146
269,longdress,static_B_2020.02.27_18.39.27.csv,1812,159.6066,0.00,-26.64,0.7754,0.355220
270,loot,static_B_2020.02.13_13.57.29.csv,2647,195.6607,60.00,50.89,0.7745,0.328139
271,redandblack,static_B_2020.02.13_13.57.29.csv,727,98.6970,0.00,-35.16,0.7737,0.315518
272,soldier,static_B_2020.02.27_18.39.27.csv,2292,139.9821,58.16,20.44,0.7729,0.297518
273,longdress,static_B_2019.12.16_13.40.04.csv,1904,194.3726,90.00,49.73,0.7720,0.315110
274,loot,static_B_2020.02.27_18.39.27.csv,72,172.6998,48.00,42.56,0.7712,0.319454
275,redandblack,static_B_2020.02.27_18.39.27.csv,3372,180.8585,48.00,47.36,0.7704,0.295481
276,soldier,static_B_2020.02.27_18.39.27.csv,4932,207.8944,92.00,56.44,0.7695,0.307295
277,longdress,static_B_2019.12.16_13.40.04.csv,1430,165.7317,71.01,30.40,0.7687,0.333395
278,loot,static_B_2020.01.16_10.43.34.csv,193,168.6730,79.24,38.04,0.7679,0.301107
279,redandblack,static_B_2019.12.16_13.40.04.csv,1010,124.7459,0.00,-12.91,0.7670,0.310833
280,soldier,static_B_2020.01.16_10.43.34.csv,13,188.7652,100.00,49.57,0.7662,0.327037
281,longdress,static_B_2020.02.13_13.57.29.csv,1807,136.5609,0.00,-47.68,0.7654,0.331947
282,loot,static_B_2020.02.27_18.39.27.csv,5292,211.8569,46.00,59.85,0.7645,0.295325
283,redandblack,static_B_2020.02.27_18.39.27.csv,912,169.0967,61.82,25.13,0.7637,0.324628
284,soldier,static_B_2020.02.13_13.57.29.csv,547,189.4991,62.31,31.63,0.7628,0.311896
285,longdress,static_B_2020.02.13_13.57.29.csv,2827,150.0708,10.86,-10.22,0.7620,0.316019
286,loot,static_B_2020.02.27_18.39.27.csv,1992,148.2754,53.51,20.01,0.7612,0.318284
287,redandblack,static_B_2020.01.16_10.43.34.csv,1033,180.3374,86.68,43.34,0.7603,0.319870
288,soldier,static_B_2020.02.27_18.39.27.csv,192,177.7572,80.02,43.58,0.7595,0.277363
289,longdress,static_B_2019.12.16_13.40.04.csv,1310,142.9669,61.73,18.75,0.7587,0.289282
290,loot,static_B_2020.02.27_18.39.27.csv,672,173.8476,44.00,41.89,0.7578,0.277434
291,redandblack,static_B_2019.12.16_13.40.04.csv,1250,134.2604,3.65,-6.41,0.7570,0.295482
292,soldier,static_B_2020.01.16_10.43.34.csv,133,170.4456,57.26,33.95,0.7562,0.313403
293,longdress,static_B_2020.02.27_18.39.27.csv,3852,65.2997,0.00,-75.07,0.7553,0.348483
294,loot,static_B_2020.02.27_18.39.27.csv,4872,113.4809,13.58,-2.74,0.7545,0.345654
295,redandblack,static_B_2020.02.27_18.39.27.csv,3132,0.8461,0.00,-419.00,0.7537,0.353166
296,soldier,static_B_2020.02.13_13.57.29.csv,2887,116.9776,0.00,-47.21,0.7528,0.329551
297,longdress,static_B_2020.02.13_13.57.29.csv,1687,94.4823,0.00,-82.73,0.7520,0.279882
298,loot,static_B_2019.12.16_13.40.04.csv,50,176.3790,80.95,36.17,0.7512,0.339933
299,redandblack,static_B_2020.02.27_18.39.27.csv,2172,160.3369,100.00,36.81,0.7503,0.310635
300,soldier,static_B_2020.02.27_18.39.27.csv,552,131.9843,0.00,-280.71,0.7495,0.312056
301,longdress,static_B_2020.02.27_18.39.27.csv,372,173.2531,84.08,40.51,0.7487,0.309399
302,loot,static_B_2020.02.13_13.57.29.csv,1867,181.1278,47.72,17.59,0.7478,0.505751
303,redandblack,static_B_2020.02.27_18.39.27.csv,2712,185.3726,44.00,47.60,0.7470,0.385241
304,soldier,static_B_2019.12.16_13.40.04.csv,1550,195.8937,70.00,44.28,0.7461,0.373479
305,longdress,static_B_2020.02.27_18.39.27.csv,3312,166.1526,100.00,38.36,0.7453,0.366690
306,loot,static_B_2020.02.27_18.39.27.csv,4992,204.4665,100.00,54.40,0.7445,0.340932
307,redandblack,static_B_2020.01.16_10.43.34.csv,3013,186.4156,75.35,45.62,0.7436,0.385690
308,soldier,static_B_2020.01.16_10.43.34.csv,1873,188.5051,82.06,46.98,0.7428,0.403542
309,longdress,static_B_2020.02.27_18.39.27.csv,2532,196.1252,100.00,50.69,0.7420,0.322842
310,loot,static_B_2020.02.27_18.39.27.csv,3552,95.2242,0.00,-26.72,0.7411,0.386407
311,redandblack,static_B_2020.01.16_10.43.34.csv,3073,156.3133,48.00,32.34,0.7403,0.337973
312,soldier,static_B_2020.02.13_13.57.29.csv,1987,188.6478,40.21,15.15,0.7395,0.344718
313,longdress,static_B_2020.02.27_18.39.27.csv,3672,215.8435,58.00,61.62,0.7386,0.332880
314,loot,static_B_2020.01.16_10.43.34.csv,73,100.5629,0.00,-44.36,0.7378,0.335644
315,redandblack,static_B_2019.12.16_13.40.04.csv,1904,200.5765,52.00,54.49,0.7370,0.383695
316,soldier,static_B_2020.02.27_18.39.27.csv,1032,172.6874,19.15,8.10,0.7361,0.416667
317,longdress,static_B_2019.12.16_13.40.04.csv,1610,191.8256,100.00,42.06,0.7353,0.359456
318,loot,static_B_2019.12.16_13.40.04.csv,1070,179.1093,79.84,39.38,0.7345,0.374826
319,redandblack,static_B_2020.02.27_18.39.27.csv,4572,171.0048,67.01,34.83,0.7336,0.380674
320,soldier,static_B_2020.01.16_10.43.34.csv,2893,129.7161,9.05,12.62,0.7328,0.379953
321,longdress,static_B_2020.02.13_13.57.29.csv,1027,137.1858,24.10,11.93,0.7319,0.338456
322,loot,static_B_2020.01.16_10.43.34.csv,853,197.0467,100.00,51.22,0.7311,0.383580
323,redandblack,static_B_2020.02.27_18.39.27.csv,3252,200.9820,56.00,53.66,0.7303,0.350679
324,soldier,static_B_2019.12.16_13.40.04.csv,590,147.5922,6.50,-1.28,0.7294,0.366624
325,longdress,static_B_2019.12.16_13.40.04.csv,1670,143.2505,28.61,-1.16,0.7286,0.383943
326,loot,static_B_2020.02.13_13.57.29.csv,2407,135.0770,35.00,13.78,0.7278,0.385887
327,redandblack,static_B_2020.02.27_18.39.27.csv,4212,186.8333,100.00,45.70,0.7269,0.355081
328,soldier,static_B_2020.01.16_10.43.34.csv,2473,192.3863,100.00,46.27,0.7261,0.343941
329,longdress,static_B_2020.01.16_10.43.34.csv,1633,139.0953,46.35,17.15,0.7253,0.353813
330,loot,static_B_2020.02.27_18.39.27.csv,2952,197.3935,100.00,49.75,0.7244,0.383425
331,redandblack,static_B_2020.02.13_13.57.29.csv,2767,171.7674,61.41,36.73,0.7236,0.377604
332,soldier,static_B_2020.02.27_18.39.27.csv,2592,159.8372,86.08,31.31,0.7228,0.361452
333,longdress,static_B_2020.02.27_18.39.27.csv,5172,167.6930,83.84,40.77,0.7219,0.397626
334,loot,static_B_2020.01.16_10.43.34.csv,1273,206.3799,100.00,54.39,0.7211,0.342096
335,redandblack,static_B_2020.02.27_18.39.27.csv,4752,201.5734,50.00,54.23,0.7203,0.339757
336,soldier,static_B_2020.01.16_10.43.34.csv,2353,187.5245,31.42,4.66,0.7194,0.368142
337,longdress,static_B_2020.02.27_18.39.27.csv,4452,125.0301,25.96,6.46,0.7186,0.362142
338,loot,static_B_2020.01.16_10.43.34.csv,2773,188.2652,43.40,16.90,0.7178,0.327289
339,redandblack,static_B_2020.02.27_18.39.27.csv,3192,179.1152,72.00,44.99,0.7169,0.388189
340,soldier,static_B_2020.02.13_13.57.29.csv,667,77.1872,0.00,-43.05,0.7161,0.376261
341,longdress,static_B_2020.02.27_18.39.27.csv,1692,113.6666,26.54,0.12,0.7152,0.338649
342,loot,static_B_2020.02.13_13.57.29.csv,787,150.2716,0.00,-2.47,0.7144,0.368684
343,redandblack,static_B_2020.02.13_13.57.29.csv,2287,182.1767,100.00,47.80,0.7136,0.352461
344,soldier,static_B_2019.12.16_13.40.04.csv,710,185.5066,100.00,46.40,0.7127,0.371444
345,longdress,static_B_2020.01.16_10.43.34.csv,2833,105.6396,0.00,-26.07,0.7119,0.325156
346,loot,static_B_2020.02.27_18.39.27.csv,3072,159.5774,51.18,23.29,0.7111,0.383388
347,redandblack,static_B_2020.02.27_18.39.27.csv,2472,201.3871,100.00,53.45,0.7102,0.382034
348,soldier,static_B_2020.02.13_13.57.29.csv,1087,100.3218,0.00,-34.93,0.7094,0.367613
349,longdress,static_B_2020.02.27_18.39.27.csv,3012,93.6497,0.00,-22.18,0.7086,0.348550
350,loot,static_B_2020.01.16_10.43.34.csv,973,201.4806,100.00,53.15,0.7077,0.343881
351,redandblack,static_B_2020.02.27_18.39.27.csv,1152,144.2851,25.29,-3.35,0.7069,0.321523
352,soldier,static_B_2019.12.16_13.40.04.csv,350,111.7843,0.00,-31.02,0.7061,0.546239
353,longdress,static_B_2019.12.16_13.40.04.csv,230,127.4919,23.76,-3.88,0.7052,0.408266
354,loot,static_B_2020.01.16_10.43.34.csv,1693,202.8515,80.00,54.33,0.7044,0.406221
355,redandblack,static_B_2020.01.16_10.43.34.csv,2053,200.8637,100.00,54.07,0.7036,0.410703
356,soldier,static_B_2020.02.13_13.57.29.csv,127,162.4844,75.00,31.77,0.7027,0.456004
357,longdress,static_B_2020.02.27_18.39.27.csv,1272,210.0415,100.00,57.28,0.7019,0.352339
358,loot,static_B_2020.02.13_13.57.29.csv,1327,146.7720,47.90,20.66,0.7011,0.419737
359,redandblack,static_B_2020.02.27_18.39.27.csv,5532,185.0102,50.00,46.91,0.7002,0.378946
360,soldier,static_B_2020.02.27_18.39.27.csv,2412,188.0703,100.00,48.10,0.6994,0.411102
361,longdress,static_B_2020.02.27_18.39.27.csv,5742,221.4137,100.00,62.48,0.6985,0.423771
362,loot,static_B_2020.02.27_18.39.27.csv,2112,180.0736,85.21,40.92,0.6977,0.419265
363,redandblack,static_B_2020.02.27_18.39.27.csv,3792,118.8691,0.00,-84.75,0.6969,0.360451
364,soldier,static_B_2019.12.16_13.40.04.csv,890,160.6080,0.00,-60.88,0.6960,0.477752
365,longdress,static_B_2020.02.27_18.39.27.csv,1212,215.1003,100.00,58.18,0.6952,0.375755
366,loot,static_B_2020.02.27_18.39.27.csv,1332,208.4898,46.00,56.31,0.6944,0.383697
367,redandblack,static_B_2020.02.27_18.39.27.csv,1632,190.3735,79.48,45.08,0.6935,0.396939
368,soldier,static_B_2020.02.13_13.57.29.csv,2587,219.5302,92.00,61.39,0.6927,0.412690
369,longdress,static_B_2019.12.16_13.40.04.csv,830,178.3054,83.10,45.15,0.6919,0.455038
370,loot,static_B_2020.02.27_18.39.27.csv,5712,152.1769,19.29,-5.73,0.6910,0.414406
371,redandblack,static_B_2020.02.13_13.57.29.csv,187,102.1740,26.43,-1.84,0.6902,0.444019
372,soldier,static_B_2019.12.16_13.40.04.csv,410,123.5903,0.00,-30.00,0.6894,0.427631
373,longdress,static_B_2020.01.16_10.43.34.csv,1513,183.5383,83.10,46.13,0.6885,0.436611
374,loot,static_B_2020.02.27_18.39.27.csv,1092,130.8131,19.62,5.16,0.6877,0.390396
375,redandblack,static_B_2020.01.16_10.43.34.csv,1933,219.4202,100.00,59.44,0.6869,0.400839
376,soldier,static_B_2020.02.13_13.57.29.csv,1447,108.5803,0.00,-34.59,0.6860,0.397366
377,longdress,static_B_2020.02.27_18.39.27.csv,4272,180.4122,100.00,44.19,0.6852,0.410080
378,loot,static_B_2019.12.16_13.40.04.csv,1850,145.6823,41.86,8.29,0.6843,0.373818
379,redandblack,static_B_2020.02.13_13.57.29.csv,607,136.4102,0.00,-44.67,0.6835,0.364076
380,soldier,static_B_2020.01.16_10.43.34.csv,2713,128.5543,40.99,8.91,0.6827,0.438149
381,longdress,static_B_2019.12.16_13.40.04.csv,1130,91.1978,0.00,-175.61,0.6818,0.410231
382,loot,static_B_2020.02.27_18.39.27.csv,972,210.0218,100.00,58.67,0.6810,0.432832
383,redandblack,static_B_2020.02.27_18.39.27.csv,2772,204.0543,100.00,55.10,0.6802,0.411358
384,soldier,static_B_2019.12.16_13.40.04.csv,950,98.1013,0.00,-56.52,0.6793,0.388821
385,longdress,static_B_2020.02.27_18.39.27.csv,852,178.7868,100.00,38.86,0.6785,0.378811
386,loot,static_B_2020.02.13_13.57.29.csv,67,96.3377,0.00,-106.93,0.6777,0.407794
387,redandblack,static_B_2019.12.16_13.40.04.csv,170,191.5902,82.38,45.14,0.6768,0.426245
388,soldier,static_B_2020.01.16_10.43.34.csv,3109,176.4273,100.00,43.49,0.6760,0.436071
389,longdress,static_B_2020.02.27_18.39.27.csv,312,163.4070,64.69,32.56,0.6752,0.372939
390,loot,static_B_2020.01.16_10.43.34.csv,1333,184.6184,100.00,47.27,0.6743,0.422641
391,redandblack,static_B_2020.01.16_10.43.34.csv,553,204.6065,100.00,49.34,0.6735,0.414631
392,soldier,static_B_2020.01.16_10.43.34.csv,2413,183.5402,0.00,-37.92,0.6727,0.414727
393,longdress,static_B_2019.12.16_13.40.04.csv,770,196.5702,70.19,45.76,0.6718,0.384035
394,loot,static_B_2020.02.27_18.39.27.csv,732,139.5228,0.00,-23.58,0.6710,0.309164
395,redandblack,static_B_2020.02.27_18.39.27.csv,432,193.4182,100.00,48.20,0.6702,0.403914
396,soldier,static_B_2020.02.27_18.39.27.csv,1872,165.8193,0.00,-20.42,0.6693,0.428658
397,longdress,static_B_2020.02.27_18.39.27.csv,4392,170.3538,0.00,-18.14,0.6685,0.438089
398,loot,static_B_2020.02.27_18.39.27.csv,4512,175.4432,100.00,40.70,0.6676,0.410607
399,redandblack,static_B_2020.01.16_10.43.34.csv,3109,191.4547,100.00,51.09,0.6668,0.493003
400,soldier,static_B_2020.01.16_10.43.34.csv,2953,126.7677,0.00,-49.81,0.6660,0.402296
401,longdress,static_B_2020.01.16_10.43.34.csv,1153,148.7905,8.78,8.34,0.6651,0.397684
402,loot,static_B_2020.02.27_18.39.27.csv,1452,192.2157,100.00,47.54,0.6643,0.592637
403,redandblack,static_B_2020.02.27_18.39.27.csv,2652,193.1208,55.75,25.18,0.6635,0.467327
404,soldier,static_B_2020.02.27_18.39.27.csv,5742,210.1190,100.00,56.73,0.6626,0.425184
405,longdress,static_B_2020.01.16_10.43.34.csv,2593,206.4807,62.32,43.61,0.6618,0.454546
406,loot,static_B_2020.02.27_18.39.27.csv,2052,175.2414,63.77,38.14,0.6610,0.485368
407,redandblack,static_B_2020.01.16_10.43.34.csv,1453,226.8967,100.00,66.30,0.6601,0.415085
408,soldier,static_B_2019.12.16_13.40.04.csv,110,181.1809,82.86,44.88,0.6593,0.448408
409,longdress,static_B_2019.12.16_13.40.04.csv,1490,233.6077,100.00,69.90,0.6585,0.485397
410,loot,static_B_2020.02.13_13.57.29.csv,1387,200.3751,100.00,54.07,0.6576,0.431220
411,redandblack,static_B_2020.02.13_13.57.29.csv,2945,184.4337,62.80,32.58,0.6568,0.462264
412,soldier,static_B_2020.02.27_18.39.27.csv,5112,207.1168,100.00,55.85,0.6560,0.449135
413,longdress,static_B_2019.12.16_13.40.04.csv,530,188.5103,84.43,45.97,0.6551,0.414812
414,loot,static_B_2020.01.16_10.43.34.csv,2653,206.8350,84.45,55.07,0.6543,0.458041
415,redandblack,static_B_2020.02.27_18.39.27.csv,5412,195.9763,100.00,51.90,0.6535,0.478296
416,soldier,static_B_2020.02.13_13.57.29.csv,1207,168.5904,77.80,34.64,0.6526,0.434932
417,longdress,static_B_2020.02.27_18.39.27.csv,2832,205.3090,100.00,54.05,0.6518,0.447751
418,loot,static_B_2020.02.13_13.57.29.csv,307,210.2123,100.00,56.17,0.6509,0.439099
419,redandblack,static_B_2019.12.16_13.40.04.csv,650,194.4449,56.71,30.10,0.6501,0.430659
420,soldier,static_B_2020.02.13_13.57.29.csv,7,149.6117,36.79,16.00,0.6493,0.440400
421,longdress,static_B_2020.02.27_18.39.27.csv,4152,145.6620,19.51,-4.46,0.6484,0.450107
422,loot,static_B_2020.02.27_18.39.27.csv,1512,215.2157,100.00,58.95,0.6476,0.459893
423,redandblack,static_B_2020.02.27_18.39.27.csv,4092,208.3165,58.00,57.16,0.6468,0.454348
424,soldier,static_B_2020.01.16_10.43.34.csv,1393,19.6439,0.00,-311.27,0.6459,0.461666
425,longdress,static_B_2020.01.16_10.43.34.csv,1813,188.6833,100.00,47.37,0.6451,0.433674
426,loot,static_B_2020.01.16_10.43.34.csv,913,163.9490,56.76,27.20,0.6443,0.460484
427,redandblack,static_B_2020.02.27_18.39.27.csv,5472,187.5228,50.00,48.87,0.6434,0.380619
428,soldier,static_B_2020.01.16_10.43.34.csv,2233,180.0722,81.82,36.50,0.6426,0.421903
429,longdress,static_B_2020.02.27_18.39.27.csv,3612,136.2631,29.25,12.78,0.6418,0.430561
430,loot,static_B_2019.12.16_13.40.04.csv,1730,226.7304,100.00,66.33,0.6409,0.473379
431,redandblack,static_B_2020.02.13_13.57.29.csv,1747,158.5404,42.21,3.47,0.6401,0.512567
432,soldier,static_B_2020.02.13_13.57.29.csv,2107,78.5703,0.00,-20.55,0.6393,0.445186
433,longdress,static_B_2020.02.27_18.39.27.csv,5052,192.7590,61.49,47.37,0.6384,0.511359
434,loot,static_B_2020.02.13_13.57.29.csv,2347,137.4728,57.04,22.01,0.6376,0.411242
435,redandblack,static_B_2020.02.13_13.57.29.csv,1507,126.6297,1.95,4.47,0.6367,0.412533
436,soldier,static_B_2020.02.27_18.39.27.csv,492,188.0013,61.31,41.58,0.6359,0.466018
437,longdress,static_B_2020.02.27_18.39.27.csv,2232,205.0081,100.00,49.55,0.6351,0.466049
438,loot,static_B_2020.02.27_18.39.27.csv,4632,89.0936,0.00,-46.63,0.6342,0.438717
439,redandblack,static_B_2020.02.27_18.39.27.csv,3972,222.0033,42.00,63.03,0.6334,0.408344
440,soldier,static_B_2020.02.13_13.57.29.csv,1927,197.6223,78.45,52.71,0.6326,0.432775
441,longdress,static_B_2020.02.13_13.57.29.csv,2167,170.9142,51.71,11.15,0.6317,0.450106
442,loot,static_B_2020.02.13_13.57.29.csv,1627,168.9649,61.99,36.11,0.6309,0.476888
443,redandblack,static_B_2020.01.16_10.43.34.csv,2293,127.8883,0.00,-27.98,0.6301,0.456094
444,soldier,static_B_2020.01.16_10.43.34.csv,673,207.8098,100.00,55.55,0.6292,0.418466
445,longdress,static_B_2020.02.13_13.57.29.csv,2047,197.0029,84.64,49.61,0.6284,0.453148
446,loot,static_B_2020.02.27_18.39.27.csv,5652,194.5989,67.22,41.18,0.6276,0.458990
447,redandblack,static_B_2020.02.27_18.39.27.csv,1752,169.8859,76.52,37.08,0.6267,0.476475
448,soldier,static_B_2020.01.16_10.43.34.csv,433,94.4412,0.00,-49.93,0.6259,0.438020
449,longdress,static_B_2020.02.27_18.39.27.csv,3912,198.1738,100.00,54.17,0.6251,0.458796
450,loot,static_B_2020.02.27_18.39.27.csv,3432,204.2786,100.00,53.84,0.6242,0.476916
451,redandblack,static_B_2020.02.13_13.57.29.csv,907,134.0203,38.21,17.44,0.6234,0.493766
452,soldier,static_B_2020.02.27_18.39.27.csv,3492,186.2936,74.16,35.95,0.6226,0.516450
453,longdress,static_B_2020.01.16_10.43.34.csv,1993,205.6794,100.00,55.42,0.6217,0.494140
454,loot,static_B_2020.01.16_10.43.34.csv,2533,236.3646,100.00,69.16,0.6209,0.526969
455,redandblack,static_B_2020.01.16_10.43.34.csv,253,171.6588,73.04,35.40,0.6200,0.556654
456,soldier,static_B_2020.01.16_10.43.34.csv,2173,172.7074,74.65,36.65,0.6192,0.474430
457,longdress,static_B_2020.02.27_18.39.27.csv,612,191.2127,100.00,47.80,0.6184,0.480434
458,loot,static_B_2020.01.16_10.43.34.csv,1753,189.4611,42.00,48.93,0.6175,0.519437
459,redandblack,static_B_2020.02.13_13.57.29.csv,427,184.9334,80.92,46.56,0.6167,0.513304
460,soldier,static_B_2020.02.27_18.39.27.csv,4332,144.8220,23.29,23.79,0.6159,0.520772
461,longdress,static_B_2020.02.13_13.57.29.csv,487,121.6250,0.00,-12.62,0.6150,0.468213
462,loot,static_B_2020.01.16_10.43.34.csv,2113,192.2219,76.97,46.73,0.6142,0.481568
463,redandblack,static_B_2020.02.27_18.39.27.csv,2352,92.6596,0.00,-325.46,0.6134,0.502158
464,soldier,static_B_2020.02.13_13.57.29.csv,1267,134.5436,0.00,-9.55,0.6125,0.519977
465,longdress,static_B_2020.01.16_10.43.34.csv,373,156.4852,43.64,-0.15,0.6117,0.432734
466,loot,static_B_2020.02.27_18.39.27.csv,3732,207.0022,100.00,55.79,0.6109,0.509239
467,redandblack,static_B_2020.02.27_18.39.27.csv,5232,159.2400,49.70,26.29,0.6100,0.469222
468,soldier,static_B_2020.02.27_18.39.27.csv,4812,225.2883,100.00,63.25,0.6092,0.469088
469,longdress,static_B_2019.12.16_13.40.04.csv,1790,171.4751,0.00,-12.30,0.6084,0.460379
470,loot,static_B_2020.02.27_18.39.27.csv,252,221.8296,100.00,64.18,0.6075,0.482296
471,redandblack,static_B_2020.01.16_10.43.34.csv,613,170.6630,80.50,37.54,0.6067,0.520153
472,soldier,static_B_2019.12.16_13.40.04.csv,1190,113.0260,30.31,6.99,0.6059,0.482212
473,longdress,static_B_2020.01.16_10.43.34.csv,493,185.7565,59.45,23.02,0.6050,0.525951
474,loot,static_B_2019.12.16_13.40.04.csv,290,203.0888,68.53,56.45,0.6042,0.478793
475,redandblack,static_B_2020.02.27_18.39.27.csv,3432,223.9094,100.00,64.11,0.6033,0.422456
476,soldier,static_B_2019.12.16_13.40.04.csv,1904,204.6843,68.00,53.89,0.6025,0.487276
477,longdress,static_B_2020.02.27_18.39.27.csv,5652,178.2725,58.90,26.59,0.6017,0.484056
478,loot,static_B_2020.02.27_18.39.27.csv,3492,210.6084,100.00,55.57,0.6008,0.462999
479,redandblack,static_B_2020.01.16_10.43.34.csv,2434,164.2728,0.00,-25.95,0.6000,0.507464
480,soldier,static_B_2020.02.27_18.39.27.csv,5742,225.8700,100.00,64.19,0.5992,0.556278
481,longdress,static_B_2020.02.13_13.57.29.csv,1855,112.6891,0.00,-34.23,0.5983,0.458012
482,loot,static_B_2020.01.16_10.43.34.csv,1414,91.9618,0.00,-190.91,0.5975,0.533472
483,redandblack,static_B_2020.02.27_18.39.27.csv,5472,218.6028,54.00,62.44,0.5967,0.470206
484,soldier,static_B_2020.02.27_18.39.27.csv,4152,149.9755,9.75,4.32,0.5958,0.531409
485,longdress,static_B_2020.01.16_10.43.34.csv,1834,210.0815,50.00,58.51,0.5950,0.521809
486,loot,static_B_2020.02.27_18.39.27.csv,3072,189.2813,53.27,40.57,0.5942,0.436450
487,redandblack,static_B_2020.01.16_10.43.34.csv,3094,229.7342,90.00,67.42,0.5933,0.448537
488,soldier,static_B_2019.12.16_13.40.04.csv,1485,201.1506,62.60,39.20,0.5925,0.481889
489,longdress,static_B_2020.02.13_13.57.29.csv,775,160.9595,48.32,19.90,0.5917,0.444003
490,loot,static_B_2020.02.27_18.39.27.csv,972,210.9988,100.00,57.31,0.5908,0.451727
491,redandblack,static_B_2020.02.27_18.39.27.csv,5592,216.0016,68.00,59.88,0.5900,0.507199
492,soldier,static_B_2020.02.27_18.39.27.csv,5412,212.8064,100.00,53.08,0.5891,0.523953
493,longdress,static_B_2020.02.27_18.39.27.csv,3252,196.4174,100.00,52.02,0.5883,0.506011
494,loot,static_B_2020.02.27_18.39.27.csv,192,223.3958,44.00,63.97,0.5875,0.459703
495,redandblack,static_B_2020.02.27_18.39.27.csv,3972,208.1427,50.00,57.69,0.5866,0.476413
496,soldier,static_B_2020.02.13_13.57.29.csv,2875,88.0725,0.00,-22.79,0.5858,0.450333
497,longdress,static_B_2020.02.27_18.39.27.csv,1212,205.7700,85.21,55.27,0.5850,0.587329
498,loot,static_B_2020.02.27_18.39.27.csv,1692,187.7949,82.52,41.24,0.5841,0.523153
499,redandblack,static_B_2020.01.16_10.43.34.csv,2374,205.7141,48.00,59.69,0.5833,0.492064
500,soldier,static_B_2020.01.16_10.43.34.csv,3034,219.0186,80.48,57.55,0.5825,0.557522
501,longdress,static_B_2020.01.16_10.43.34.csv,2254,200.7039,100.00,48.13,0.5816,0.484157
502,loot,static_B_2019.12.16_13.40.04.csv,585,185.1620,81.79,47.92,0.5808,0.750854
503,redandblack,static_B_2020.02.27_18.39.27.csv,1332,214.9403,56.00,59.55,0.5800,0.501491
504,soldier,static_B_2020.02.27_18.39.27.csv,672,200.8989,71.92,46.29,0.5791,0.586639
505,longdress,static_B_2019.12.16_13.40.04.csv,1904,201.8553,80.00,52.83,0.5783,0.525061
506,loot,static_B_2020.02.27_18.39.27.csv,3132,-65.3793,0.00,-455.92,0.5775,0.569642
507,redandblack,static_B_2019.12.16_13.40.04.csv,1365,84.3213,0.00,-218.39,0.5766,0.581733
508,soldier,static_B_2020.02.27_18.39.27.csv,1152,112.7932,0.00,-19.75,0.5758,0.516662
509,longdress,static_B_2020.02.27_18.39.27.csv,1452,173.6795,66.50,37.93,0.5750,0.500336
510,loot,static_B_2020.02.13_13.57.29.csv,2945,187.3728,63.76,34.65,0.5741,0.475418
511,redandblack,static_B_2020.02.13_13.57.29.csv,1555,192.1145,100.00,49.92,0.5733,0.538032
512,soldier,static_B_2020.02.27_18.39.27.csv,2472,216.5730,100.00,56.69,0.5724,0.610679
513,longdress,static_B_2020.01.16_10.43.34.csv,274,214.4025,67.70,53.26,0.5716,0.504358
514,loot,static_B_2020.02.27_18.39.27.csv,2772,223.6666,100.00,62.42,0.5708,0.536189
515,redandblack,static_B_2020.02.13_13.57.29.csv,2095,227.6288,46.00,66.06,0.5699,0.462912
516,soldier,static_B_2020.02.13_13.57.29.csv,2515,206.7501,100.00,56.64,0.5691,0.514211
517,longdress,static_B_2020.02.27_18.39.27.csv,3552,86.0099,0.00,-69.51,0.5683,0.493788
518,loot,static_B_2020.02.27_18.39.27.csv,2232,178.3317,100.00,40.72,0.5674,0.485385
519,redandblack,static_B_2020.01.16_10.43.34.csv,94,135.0094,4.82,-8.52,0.5666,0.531566
520,soldier,static_B_2020.01.16_10.43.34.csv,1234,210.2064,60.29,44.12,0.5658,0.578257
521,longdress,static_B_2019.12.16_13.40.04.csv,885,185.1444,34.27,17.44,0.5649,0.555948
522,loot,static_B_2020.01.16_10.43.34.csv,454,133.3337,30.49,10.57,0.5641,0.592801
523,redandblack,static_B_2020.02.27_18.39.27.csv,1032,163.1097,24.64,8.48,0.5633,0.529798
524,soldier,static_B_2019.12.16_13.40.04.csv,1725,236.5392,100.00,69.12,0.5624,0.587081
525,longdress,static_B_2020.02.27_18.39.27.csv,492,160.5901,64.02,29.16,0.5616,0.523307
526,loot,static_B_2020.02.13_13.57.29.csv,295,233.2802,40.00,66.41,0.5608,0.472448
527,redandblack,static_B_2020.02.27_18.39.27.csv,2112,188.1243,82.42,43.07,0.5599,0.515698
528,soldier,static_B_2020.02.13_13.57.29.csv,1495,123.8383,18.26,9.49,0.5591,0.510654
529,longdress,static_B_2020.02.13_13.57.29.csv,1015,145.2639,20.67,15.02,0.5583,0.539877
530,loot,static_B_2020.01.16_10.43.34.csv,1594,161.2062,3.75,-10.68,0.5574,0.581418
531,redandblack,static_B_2020.02.27_18.39.27.csv,4032,179.6024,63.39,40.74,0.5566,0.520980
532,soldier,static_B_2020.02.13_13.57.29.csv,1435,158.7395,0.00,-27.85,0.5557,0.583299
533,longdress,static_B_2020.02.13_13.57.29.csv,2455,180.5154,9.50,0.89,0.5549,0.474314
534,loot,static_B_2020.02.27_18.39.27.csv,4812,210.2533,40.00,56.72,0.5541,0.528064
535,redandblack,static_B_2019.12.16_13.40.04.csv,1665,205.5884,56.85,36.03,0.5532,0.586367
536,soldier,static_B_2020.01.16_10.43.34.csv,1114,147.2302,0.00,8.61,0.5524,0.561217
537,longdress,static_B_2020.01.16_10.43.34.csv,514,217.5747,100.00,61.72,0.5516,0.446057
538,loot,static_B_2020.02.27_18.39.27.csv,432,222.3210,100.00,63.13,0.5507,0.496598
539,redandblack,static_B_2020.02.27_18.39.27.csv,252,210.7422,100.00,58.29,0.5499,0.579894
540,soldier,static_B_2020.02.27_18.39.27.csv,132,161.0880,15.40,18.51,0.5491,0.564451
541,longdress,static_B_2020.01.16_10.43.34.csv,3109,211.5823,100.00,58.68,0.5482,0.559075
542,loot,static_B_2020.02.27_18.39.27.csv,1992,164.8506,68.82,26.42,0.5474,0.573264
543,redandblack,static_B_2020.02.13_13.57.29.csv,1675,141.4801,12.15,14.26,0.5466,0.574473
544,soldier,static_B_2019.12.16_13.40.04.csv,1125,66.0331,0.00,-494.56,0.5457,0.554992
545,longdress,static_B_2020.02.27_18.39.27.csv,3672,216.2650,100.00,59.05,0.5449,0.608777
546,loot,static_B_2020.02.27_18.39.27.csv,4212,200.6773,100.00,51.00,0.5441,0.564855
547,redandblack,static_B_2020.02.27_18.39.27.csv,912,178.8752,62.90,29.58,0.5432,0.521423
548,soldier,static_B_2020.02.27_18.39.27.csv,4752,245.8710,100.00,73.44,0.5424,0.552487
549,longdress,static_B_2020.02.13_13.57.29.csv,655,164.6239,37.03,13.64,0.5415,0.585394
550,loot,static_B_2020.02.13_13.57.29.csv,1315,112.4213,0.00,-14.81,0.5407,0.594383
551,redandblack,static_B_2020.02.27_18.39.27.csv,5532,223.6195,46.00,64.45,0.5399,0.569890
552,soldier,static_B_2020.02.13_13.57.29.csv,1195,196.7109,57.07,45.10,0.5390,0.723260
553,longdress,static_B_2020.01.16_10.43.34.csv,1354,207.3294,56.70,38.10,0.5382,0.620540
554,loot,static_B_2020.02.27_18.39.27.csv,3852,108.3286,0.00,-46.82,0.5374,0.574203
555,redandblack,static_B_2020.01.16_10.43.34.csv,1174,177.1913,62.52,38.59,0.5365,0.553659
556,soldier,static_B_2020.02.13_13.57.29.csv,535,212.1729,100.00,54.33,0.5357,0.615426
557,longdress,static_B_2020.01.16_10.43.34.csv,34,110.5029,4.08,2.34,0.5349,0.593745
558,loot,static_B_2020.02.27_18.39.27.csv,3372,221.3768,50.00,63.30,0.5340,0.605949
559,redandblack,static_B_2020.01.16_10.43.34.csv,1054,130.1217,38.36,12.70,0.5332,0.601677
560,soldier,static_B_2020.02.13_13.57.29.csv,2335,151.9543,44.19,15.04,0.5324,0.486026
561,longdress,static_B_2020.02.13_13.57.29.csv,955,-16.6058,0.00,-398.41,0.5315,0.558614
562,loot,static_B_2020.01.16_10.43.34.csv,1774,210.7931,60.78,43.65,0.5307,0.590298
563,redandblack,static_B_2020.02.27_18.39.27.csv,4932,210.0546,52.00,57.25,0.5299,0.518580
564,soldier,static_B_2020.01.16_10.43.34.csv,2914,79.4940,0.00,-92.31,0.5290,0.584404
565,longdress,static_B_2020.02.13_13.57.29.csv,175,96.3350,0.00,-32.24,0.5282,0.551671
566,loot,static_B_2020.02.13_13.57.29.csv,1975,227.3430,44.15,52.25,0.5274,0.591714
567,redandblack,static_B_2020.02.27_18.39.27.csv,312,183.7897,83.24,45.85,0.5265,0.639806
568,soldier,static_B_2020.01.16_10.43.34.csv,754,120.6269,0.00,-24.12,0.5257,0.572489
569,longdress,static_B_2020.02.27_18.39.27.csv,2592,184.1910,82.61,44.27,0.5248,0.559863
570,loot,static_B_2020.02.27_18.39.27.csv,852,184.7055,100.00,47.30,0.5240,0.550417
571,redandblack,static_B_2020.02.13_13.57.29.csv,355,196.8853,100.00,52.23,0.5232,0.611952
572,soldier,static_B_2020.01.16_10.43.34.csv,2074,157.5920,25.56,18.35,0.5223,0.581011
573,longdress,static_B_2020.01.16_10.43.34.csv,1534,211.3665,100.00,57.57,0.5215,0.638358
574,loot,static_B_2020.02.27_18.39.27.csv,2652,180.7927,61.41,29.55,0.5207,0.620172
575,redandblack,static_B_2020.01.16_10.43.34.csv,1474,187.1124,62.36,45.51,0.5198,0.564340
576,soldier,static_B_2019.12.16_13.40.04.csv,945,130.1960,0.00,-30.63,0.5190,0.573389
577,longdress,static_B_2020.02.27_18.39.27.csv,1632,196.3026,77.65,46.89,0.5182,0.636051
578,loot,static_B_2020.02.27_18.39.27.csv,4272,247.4460,100.00,75.07,0.5173,0.610304
579,redandblack,static_B_2020.02.27_18.39.27.csv,2712,214.2311,46.00,58.73,0.5165,0.647497
580,soldier,static_B_2020.01.16_10.43.34.csv,1294,189.1152,79.17,44.89,0.5157,0.541210
581,longdress,static_B_2020.02.27_18.39.27.csv,5172,210.1804,83.89,57.06,0.5148,0.600517
582,loot,static_B_2020.01.16_10.43.34.csv,2194,213.4083,34.33,15.19,0.5140,0.617981
583,redandblack,static_B_2020.02.27_18.39.27.csv,4872,90.8859,0.00,-17.27,0.5132,0.515973
584,soldier,static_B_2020.02.27_18.39.27.csv,2532,236.8662,100.00,68.20,0.5123,0.539784
585,longdress,static_B_2020.02.13_13.57.29.csv,2945,209.7779,55.61,34.14,0.5115,0.563466
586,loot,static_B_2020.02.27_18.39.27.csv,2352,95.3428,0.00,-282.87,0.5107,0.620299
587,redandblack,static_B_2020.02.13_13.57.29.csv,2935,199.0151,66.14,43.39,0.5098,0.572838
588,soldier,static_B_2020.02.13_13.57.29.csv,235,186.4471,63.56,33.21,0.5090,0.541262
589,longdress,static_B_2020.02.27_18.39.27.csv,2172,212.2614,100.00,58.69,0.5081,0.544282
590,loot,static_B_2020.01.16_10.43.34.csv,574,169.3245,75.78,31.76,0.5073,0.516000
591,redandblack,static_B_2020.02.27_18.39.27.csv,2292,193.4973,76.45,46.46,0.5065,0.601073
592,soldier,static_B_2019.12.16_13.40.04.csv,105,207.4277,100.00,56.17,0.5056,0.639001
593,longdress,static_B_2020.02.27_18.39.27.csv,612,244.3612,100.00,74.74,0.5048,0.574684
594,loot,static_B_2019.12.16_13.40.04.csv,1904,235.3984,48.00,68.94,0.5040,0.612177
595,redandblack,static_B_2020.02.13_13.57.29.csv,2035,207.5966,100.00,53.85,0.5031,0.613759
596,soldier,static_B_2019.12.16_13.40.04.csv,1005,140.6953,0.47,-11.66,0.5023,0.604707
597,longdress,static_B_2019.12.16_13.40.04.csv,1425,165.3293,49.29,24.69,0.5015,0.640310
598,loot,static_B_2020.02.27_18.39.27.csv,732,188.8513,60.04,37.09,0.5006,0.509293
599,redandblack,static_B_2020.02.27_18.39.27.csv,4692,204.3837,55.49,47.41,0.4998,0.469795
600,soldier,static_B_2020.02.13_13.57.29.csv,55,97.8497,0.00,-99.09,0.4990,0.627036
601,longdress,static_B_2019.12.16_13.40.04.csv,405,157.1779,23.79,16.16,0.4981,0.528476
602,loot,static_B_2019.12.16_13.40.04.csv,1245,131.6024,2.94,-6.40,0.4973,0.765492
603,redandblack,static_B_2020.01.16_10.43.34.csv,214,229.3335,68.00,67.03,0.4965,0.636539
604,soldier,static_B_2019.12.16_13.40.04.csv,825,222.9244,81.38,65.51,0.4956,0.631321
605,longdress,static_B_2020.02.27_18.39.27.csv,552,163.5694,0.00,-265.35,0.4948,0.628787
606,loot,static_B_2020.01.16_10.43.34.csv,2734,235.3264,100.00,69.90,0.4939,0.673648
607,redandblack,static_B_2019.12.16_13.40.04.csv,1845,182.0552,41.48,21.87,0.4931,0.617866
608,soldier,static_B_2020.02.13_13.57.29.csv,1735,169.4334,0.00,-7.20,0.4923,0.661841
609,longdress,static_B_2020.01.16_10.43.34.csv,634,229.5151,98.00,68.52,0.4914,0.592384
610,loot,static_B_2020.01.16_10.43.34.csv,3109,209.9134,96.00,58.41,0.4906,0.561830
611,redandblack,static_B_2019.12.16_13.40.04.csv,1545,211.0022,69.09,51.87,0.4898,0.595447
612,soldier,static_B_2020.02.27_18.39.27.csv,1752,178.1187,45.28,30.60,0.4889,0.642980
613,longdress,static_B_2020.02.13_13.57.29.csv,2635,191.4499,75.02,47.62,0.4881,0.606688
614,loot,static_B_2019.12.16_13.40.04.csv,285,243.8925,100.00,72.63,0.4873,0.645643
615,redandblack,static_B_2020.02.27_18.39.27.csv,1812,168.1192,0.00,-15.94,0.4864,0.637170
616,soldier,static_B_2020.02.27_18.39.27.csv,1872,183.5598,0.00,-9.61,0.4856,0.561033
617,longdress,static_B_2020.01.16_10.43.34.csv,1654,175.1400,80.57,37.56,0.4848,0.557411
618,loot,static_B_2019.12.16_13.40.04.csv,765,210.7693,38.00,57.22,0.4839,0.623832
619,redandblack,static_B_2020.02.27_18.39.27.csv,792,192.7655,82.53,49.71,0.4831,0.570479
620,soldier,static_B_2020.02.27_18.39.27.csv,4392,175.2621,0.00,-16.56,0.4823,0.581484
621,longdress,static_B_2020.01.16_10.43.34.csv,2494,199.6460,82.01,54.20,0.4814,0.544800
622,loot,static_B_2020.02.13_13.57.29.csv,2155,181.3571,49.74,30.61,0.4806,0.647079
623,redandblack,static_B_2020.02.13_13.57.29.csv,2695,224.0186,88.93,63.41,0.4798,0.573179
624,soldier,static_B_2020.02.27_18.39.27.csv,3012,129.6414,0.00,-6.26,0.4789,0.601943
625,longdress,static_B_2020.01.16_10.43.34.csv,334,219.5194,96.00,61.67,0.4781,0.607877
626,loot,static_B_2020.02.27_18.39.27.csv,4332,198.8997,66.05,47.39,0.4772,0.613207
627,redandblack,static_B_2020.02.27_18.39.27.csv,2952,226.7486,100.00,65.25,0.4764,0.686555
628,soldier,static_B_2020.02.27_18.39.27.csv,5292,228.9415,68.24,57.44,0.4756,0.631099
629,longdress,static_B_2020.01.16_10.43.34.csv,2854,169.2139,6.65,-1.84,0.4747,0.576465
630,loot,static_B_2020.01.16_10.43.34.csv,934,225.8950,100.00,63.74,0.4739,0.645109
631,redandblack,static_B_2020.01.16_10.43.34.csv,1714,167.9930,24.23,20.64,0.4731,0.731887
632,soldier,static_B_2020.02.13_13.57.29.csv,2575,188.5676,71.26,39.72,0.4722,0.605835
633,longdress,static_B_2020.02.13_13.57.29.csv,1615,218.1508,100.00,61.88,0.4714,0.587186
634,loot,static_B_2020.02.13_13.57.29.csv,595,220.8443,79.73,60.80,0.4706,0.617629
635,redandblack,static_B_2020.02.13_13.57.29.csv,1915,193.1445,68.35,41.46,0.4697,0.743150
636,soldier,static_B_2019.12.16_13.40.04.csv,1785,196.9236,59.35,29.45,0.4689,0.583165
637,longdress,static_B_2020.01.16_10.43.34.csv,994,205.0010,58.28,51.84,0.4681,0.606131
638,loot,static_B_2020.02.13_13.57.29.csv,1075,233.4268,100.00,67.01,0.4672,0.622501
639,redandblack,static_B_2019.12.16_13.40.04.csv,225,173.8875,0.00,-26.46,0.4664,0.572831
640,soldier,static_B_2020.01.16_10.43.34.csv,2554,222.3008,48.83,37.88,0.4656,0.678789
641,longdress,static_B_2020.02.27_18.39.27.csv,4572,191.1701,62.55,42.90,0.4647,0.674411
642,loot,static_B_2020.02.13_13.57.29.csv,2815,193.6549,40.10,29.19,0.4639,0.597243
643,redandblack,static_B_2020.02.27_18.39.27.csv,1932,228.4530,100.00,65.79,0.4631,0.522278
644,soldier,static_B_2020.01.16_10.43.34.csv,2314,166.7221,0.00,-85.06,0.4622,0.608973
645,longdress,static_B_2020.02.13_13.57.29.csv,1255,192.2434,45.03,33.20,0.4614,0.589979
646,loot,static_B_2020.02.13_13.57.29.csv,1375,239.5906,100.00,68.33,0.4605,0.578996
647,redandblack,static_B_2020.02.27_18.39.27.csv,3912,227.3538,94.00,64.93,0.4597,0.592931
648,soldier,static_B_2020.01.16_10.43.34.csv,694,255.6660,52.00,80.17,0.4589,0.649666
649,longdress,static_B_2020.02.27_18.39.27.csv,3312,231.0560,100.00,68.15,0.4580,0.648840
650,loot,static_B_2019.12.16_13.40.04.csv,465,189.1417,0.00,-287.26,0.4572,0.558526
651,redandblack,static_B_2020.01.16_10.43.34.csv,2674,188.1479,74.02,41.71,0.4564,0.652268
652,soldier,static_B_2020.01.16_10.43.34.csv,874,130.3661,0.00,-5.50,0.4555,0.774151
653,longdress,static_B_2020.01.16_10.43.34.csv,1894,205.9795,76.85,50.81,0.4547,0.705415
654,loot,static_B_2020.02.27_18.39.27.csv,1272,238.2166,48.00,71.08,0.4539,0.589210
655,redandblack,static_B_2020.02.13_13.57.29.csv,1795,183.6466,62.24,44.02,0.4530,0.672963
656,soldier,static_B_2020.02.27_18.39.27.csv,2892,203.0831,63.32,52.17,0.4522,0.604130
657,longdress,static_B_2019.12.16_13.40.04.csv,1605,236.9611,84.89,66.23,0.4514,0.566847
658,loot,static_B_2020.01.16_10.43.34.csv,814,237.6827,100.00,69.76,0.4505,0.706202
659,redandblack,static_B_2020.02.27_18.39.27.csv,3732,205.1097,83.49,56.92,0.4497,0.592072
660,soldier,static_B_2020.02.27_18.39.27.csv,4632,11.2054,0.00,-278.31,0.4489,0.658155
661,longdress,static_B_2020.02.27_18.39.27.csv,2412,226.5387,100.00,66.11,0.4480,0.686183
662,loot,static_B_2020.02.27_18.39.27.csv,1512,212.5301,100.00,59.30,0.4472,0.643035
663,redandblack,static_B_2020.02.13_13.57.29.csv,715,118.1916,0.00,-56.47,0.4463,0.677387
664,soldier,static_B_2020.01.16_10.43.34.csv,2794,211.8498,100.00,59.34,0.4455,0.664983
665,longdress,static_B_2019.12.16_13.40.04.csv,45,147.3449,3.97,0.02,0.4447,0.706253
666,loot,static_B_2019.12.16_13.40.04.csv,1065,207.9830,78.89,49.37,0.4438,0.724176
667,redandblack,static_B_2020.02.27_18.39.27.csv,12,149.8870,37.97,22.55,0.4430,0.607869
668,soldier,static_B_2020.01.16_10.43.34.csv,2014,146.5281,0.00,-69.76,0.4422,0.712352
669,longdress,static_B_2019.12.16_13.40.04.csv,525,208.3075,73.81,53.00,0.4413,0.718159
670,loot,static_B_2020.02.13_13.57.29.csv,1135,133.7435,0.00,-8.95,0.4405,0.691751
671,redandblack,static_B_2020.02.27_18.39.27.csv,1572,190.2530,70.94,37.06,0.4397,0.620535
672,soldier,static_B_2020.02.27_18.39.27.csv,2832,217.6886,100.00,60.51,0.4388,0.657710
673,longdress,static_B_2020.02.13_13.57.29.csv,2275,209.5875,83.04,52.36,0.4380,0.671360
674,loot,static_B_2020.01.16_10.43.34.csv,1954,231.2051,94.00,66.26,0.4372,0.579558
675,redandblack,static_B_2020.02.27_18.39.27.csv,3792,130.0532,0.00,-75.99,0.4363,0.715377
676,soldier,static_B_2019.12.16_13.40.04.csv,165,218.1260,100.00,60.73,0.4355,0.721356
677,longdress,static_B_2020.01.16_10.43.34.csv,394,126.5344,0.00,-2.35,0.4347,0.685135
678,loot,static_B_2020.02.27_18.39.27.csv,2052,177.5148,58.32,36.65,0.4338,0.705952
679,redandblack,static_B_2020.02.27_18.39.27.csv,4452,148.7157,43.60,24.62,0.4330,0.771986
680,soldier,static_B_2020.02.13_13.57.29.csv,2395,191.5862,37.03,26.42,0.4322,0.613819
681,longdress,static_B_2020.02.27_18.39.27.csv,4092,236.6763,100.00,71.71,0.4313,0.731490
682,loot,static_B_2020.02.27_18.39.27.csv,5352,228.2999,44.00,65.14,0.4305,0.690680
683,redandblack,static_B_2020.02.27_18.39.27.csv,4512,195.8614,54.88,43.91,0.4296,0.700188
684,soldier,static_B_2020.02.27_18.39.27.csv,5112,235.9166,100.00,68.67,0.4288,0.582704
685,longdress,static_B_2020.02.27_18.39.27.csv,3192,236.5007,100.00,69.87,0.4280,0.670484
686,loot,static_B_2019.12.16_13.40.04.csv,345,147.2754,0.00,2.42,0.4271,0.652655
687,redandblack,static_B_2020.02.27_18.39.27.csv,4992,235.5103,100.00,68.38,0.4263,0.665325
688,soldier,static_B_2020.02.13_13.57.29.csv,115,159.7066,0.00,-26.64,0.4255,0.659720
689,longdress,static_B_2020.02.27_18.39.27.csv,5232,182.6865,59.70,30.89,0.4246,0.571232
690,loot,static_B_2019.12.16_13.40.04.csv,1305,217.0104,60.01,42.74,0.4238,0.653137
691,redandblack,static_B_2020.02.27_18.39.27.csv,3612,189.5836,86.45,44.68,0.4230,0.684048
692,soldier,static_B_2019.12.16_13.40.04.csv,705,209.4916,80.67,52.59,0.4221,0.731682
693,longdress,static_B_2019.12.16_13.40.04.csv,1185,167.6929,20.18,22.90,0.4213,0.618453
694,loot,static_B_2020.01.16_10.43.34.csv,2134,205.6972,45.42,42.90,0.4205,0.693619
695,redandblack,static_B_2020.02.13_13.57.29.csv,475,139.9108,0.00,1.30,0.4196,0.724156
696,soldier,static_B_2019.12.16_13.40.04.csv,645,187.8934,41.21,28.91,0.4188,0.528214
697,longdress,static_B_2020.02.13_13.57.29.csv,2755,130.1278,0.00,4.78,0.4180,0.708208
698,loot,static_B_2020.02.13_13.57.29.csv,415,250.1801,100.00,75.51,0.4171,0.619190
699,redandblack,static_B_2020.02.13_13.57.29.csv,895,118.6857,0.00,4.98,0.4163,0.636955
700,soldier,static_B_2020.02.27_18.39.27.csv,1092,127.0144,0.00,-3.21,0.4154,0.675415
701,longdress,static_B_2020.02.27_18.39.27.csv,72,228.2489,100.00,67.39,0.4146,0.673484
702,loot,static_B_2020.02.27_18.39.27.csv,5052,226.5519,79.61,60.83,0.4138,0.799007
703,redandblack,static_B_2020.02.27_18.39.27.csv,1392,203.1753,64.56,42.46,0.4129,0.733681
704,soldier,static_B_2020.02.27_18.39.27.csv,5742,238.3699,100.00,69.45,0.4121,0.651614
705,longdress,static_B_2020.02.13_13.57.29.csv,835,172.9971,40.16,30.45,0.4113,0.733229
706,loot,static_B_2020.01.16_10.43.34.csv,154,225.8754,53.70,45.42,0.4104,0.714548
707,redandblack,static_B_2020.01.16_10.43.34.csv,2974,138.7153,34.81,14.18,0.4096,0.710479
708,soldier,static_B_2020.02.27_18.39.27.csv,372,218.8709,84.55,56.16,0.4088,0.687155
709,longdress,static_B_2020.01.16_10.43.34.csv,2614,251.9568,100.00,76.29,0.4079,0.747728
710,loot,static_B_2020.02.27_18.39.27.csv,5712,205.0987,8.14,7.28,0.4071,0.759455
711,redandblack,static_B_2020.02.13_13.57.29.csv,2215,200.5927,49.20,23.92,0.4063,0.542764
712,soldier,static_B_2020.02.27_18.39.27.csv,4822,226.3508,80.21,64.40,0.4054,0.666167
713,longdress,static_B_2020.02.27_18.39.27.csv,2602,241.8825,100.00,73.49,0.4046,0.686955
714,loot,static_B_2020.01.16_10.43.34.csv,2257,237.5596,82.40,62.56,0.4038,0.770297
715,redandblack,static_B_2020.02.27_18.39.27.csv,262,234.3615,83.32,69.03,0.4029,0.657301
716,soldier,static_B_2020.01.16_10.43.34.csv,2377,228.4262,100.00,66.23,0.4021,0.682929
717,longdress,static_B_2019.12.16_13.40.04.csv,224,152.5246,0.00,-55.40,0.4013,0.650781
718,loot,static_B_2020.02.27_18.39.27.csv,1642,209.7744,83.36,51.35,0.4004,0.646037
719,redandblack,static_B_2020.02.27_18.39.27.csv,3082,156.7932,22.96,19.13,0.3996,0.746325
720,soldier,static_B_2020.02.27_18.39.27.csv,5362,246.9642,100.00,74.67,0.3987,0.792831
721,longdress,static_B_2020.02.13_13.57.29.csv,2027,194.5382,78.66,48.00,0.3979,0.582757
722,loot,static_B_2020.02.13_13.57.29.csv,1607,255.5872,86.39,74.47,0.3971,0.778692
723,redandblack,static_B_2019.12.16_13.40.04.csv,1604,228.7260,100.00,64.67,0.3962,0.759728
724,soldier,static_B_2019.12.16_13.40.04.csv,104,243.2063,100.00,72.32,0.3954,0.672623
725,longdress,static_B_2019.12.16_13.40.04.csv,1364,138.6917,0.00,-221.58,0.3946,0.764093
726,loot,static_B_2020.02.13_13.57.29.csv,1847,151.5977,32.96,25.31,0.3937,0.633284
727,redandblack,static_B_2019.12.16_13.40.04.csv,1904,229.5486,50.00,66.36,0.3929,0.659415
728,soldier,static_B_2019.12.16_13.40.04.csv,1004,138.0969,9.14,-5.84,0.3921,0.775042
729,longdress,static_B_2020.02.27_18.39.27.csv,382,225.7150,79.79,60.04,0.3912,0.664431
730,loot,static_B_2020.02.27_18.39.27.csv,2422,240.9513,58.00,71.63,0.3904,0.764522
731,redandblack,static_B_2020.01.16_10.43.34.csv,1057,157.7755,37.85,27.62,0.3896,0.725311
732,soldier,static_B_2020.02.27_18.39.27.csv,2782,238.3264,52.00,70.80,0.3887,0.689467
733,longdress,static_B_2020.02.27_18.39.27.csv,3142,23.8200,0.00,-372.36,0.3879,0.775602
734,loot,static_B_2020.02.27_18.39.27.csv,2182,216.1460,100.00,59.12,0.3871,0.669643
735,redandblack,static_B_2020.02.27_18.39.27.csv,1942,159.7493,45.74,30.62,0.3862,0.624685
736,soldier,static_B_2020.02.27_18.39.27.csv,1042,193.1659,78.27,41.97,0.3854,0.738815
737,longdress,static_B_2020.01.16_10.43.34.csv,457,133.4069,0.00,-1.58,0.3846,0.711861
738,loot,static_B_2019.12.16_13.40.04.csv,404,223.2993,62.84,50.36,0.3837,0.650312
739,redandblack,static_B_2020.02.27_18.39.27.csv,4882,100.3829,0.00,-20.82,0.3829,0.715324
740,soldier,static_B_2020.02.13_13.57.29.csv,947,90.0438,0.00,-39.20,0.3820,0.638543
741,longdress,static_B_2020.02.27_18.39.27.csv,1342,188.6551,0.00,-0.61,0.3812,0.707199
742,loot,static_B_2020.02.27_18.39.27.csv,2362,178.7263,0.00,-247.74,0.3804,0.693098
743,redandblack,static_B_2020.02.27_18.39.27.csv,862,167.9418,0.00,-66.02,0.3795,0.712120
744,soldier,static_B_2020.02.13_13.57.29.csv,2945,210.0185,54.26,29.83,0.3787,0.577133
745,longdress,static_B_2020.02.13_13.57.29.csv,647,122.1219,0.00,-22.53,0.3779,0.763768
746,loot,static_B_2020.02.27_18.39.27.csv,5422,200.0815,74.28,47.79,0.3770,0.597753
747,redandblack,static_B_2020.01.16_10.43.34.csv,697,248.1998,46.00,75.84,0.3762,0.628403
748,soldier,static_B_2019.12.16_13.40.04.csv,1844,164.2317,5.52,5.73,0.3754,0.729193
749,longdress,static_B_2019.12.16_13.40.04.csv,764,220.6730,100.00,63.81,0.3745,0.815968
750,loot,static_B_2020.02.27_18.39.27.csv,682,235.4578,46.00,70.18,0.3737,0.683204
751,redandblack,static_B_2020.01.16_10.43.34.csv,2017,136.5390,0.00,-67.19,0.3729,0.776899
752,soldier,static_B_2020.02.27_18.39.27.csv,1702,139.8683,7.13,13.27,0.3720,0.908814
753,longdress,static_B_2020.02.13_13.57.29.csv,167,221.8554,62.00,50.35,0.3712,0.815779
754,loot,static_B_2020.02.27_18.39.27.csv,4402,219.3801,67.84,52.89,0.3704,0.747312
755,redandblack,static_B_2020.01.16_10.43.34.csv,2137,189.8356,52.67,41.71,0.3695,0.813245
756,soldier,static_B_2020.02.27_18.39.27.csv,4642,59.7404,0.00,-299.88,0.3687,0.681129
757,longdress,static_B_2020.01.16_10.43.34.csv,97,130.0745,0.00,7.60,0.3678,0.643268
758,loot,static_B_2020.02.27_18.39.27.csv,2842,240.6273,100.00,72.00,0.3670,0.774521
759,redandblack,static_B_2020.01.16_10.43.34.csv,1777,236.8444,100.00,69.63,0.3662,0.907917
760,soldier,static_B_2020.01.16_10.43.34.csv,1237,190.3727,39.04,26.38,0.3653,0.707481
761,longdress,static_B_2020.01.16_10.43.34.csv,337,200.4605,63.93,45.36,0.3645,0.752667
762,loot,static_B_2020.01.16_10.43.34.csv,2437,186.7884,28.31,15.44,0.3637,0.770964
763,redandblack,static_B_2019.12.16_13.40.04.csv,284,204.1484,81.33,52.55,0.3628,0.665966
764,soldier,static_B_2020.02.27_18.39.27.csv,4942,238.1674,100.00,69.04,0.3620,0.723777
765,longdress,static_B_2020.01.16_10.43.34.csv,2077,144.5239,0.00,11.06,0.3612,0.842083
766,loot,static_B_2020.02.13_13.57.29.csv,1487,156.7053,27.58,24.97,0.3603,0.664321
767,redandblack,static_B_2020.02.27_18.39.27.csv,502,215.7548,78.88,57.94,0.3595,0.699428
768,soldier,static_B_2019.12.16_13.40.04.csv,704,220.6942,79.66,57.30,0.3587,0.874560
769,longdress,static_B_2020.02.27_18.39.27.csv,802,206.7531,81.72,52.65,0.3578,0.732849
770,loot,static_B_2020.01.16_10.43.34.csv,37,173.4971,27.70,31.76,0.3570,0.791540
771,redandblack,static_B_2019.12.16_13.40.04.csv,1904,248.2808,54.00,75.00,0.3562,0.778932
772,soldier,static_B_2020.02.27_18.39.27.csv,202,255.5087,100.00,77.41,0.3553,0.792097
773,longdress,static_B_2020.01.16_10.43.34.csv,1657,195.9770,37.59,32.44,0.3545,0.680840
774,loot,static_B_2020.02.13_13.57.29.csv,227,267.7186,54.00,85.15,0.3537,0.771850
775,redandblack,static_B_2020.01.16_10.43.34.csv,2677,212.1184,68.13,49.88,0.3528,0.709515
776,soldier,static_B_2020.02.27_18.39.27.csv,4462,106.4122,0.00,-14.04,0.3520,0.771005
777,longdress,static_B_2020.01.16_10.43.34.csv,3037,226.3701,67.37,57.74,0.3511,0.793360
778,loot,static_B_2020.02.27_18.39.27.csv,1282,227.8829,78.36,62.76,0.3503,0.760381
779,redandblack,static_B_2020.02.27_18.39.27.csv,2242,206.0581,80.12,47.78,0.3495,0.806972
780,soldier,static_B_2020.02.27_18.39.27.csv,4102,236.0817,100.00,69.19,0.3486,0.718088
781,longdress,static_B_2020.01.16_10.43.34.csv,2737,187.0912,54.55,35.92,0.3478,0.696591
782,loot,static_B_2020.02.27_18.39.27.csv,2902,215.7259,100.00,51.70,0.3470,0.726784
783,redandblack,static_B_2020.02.27_18.39.27.csv,1822,208.0589,0.00,0.99,0.3461,0.728699
784,soldier,static_B_2020.02.27_18.39.27.csv,4582,192.7089,48.50,38.53,0.3453,0.714342
785,longdress,static_B_2019.12.16_13.40.04.csv,464,221.6399,0.00,-288.26,0.3445,0.726372
786,loot,static_B_2020.02.27_18.39.27.csv,5742,235.2788,66.96,59.19,0.3436,0.713239
787,redandblack,static_B_2020.02.13_13.57.29.csv,2387,204.4454,67.32,42.87,0.3428,0.710226
788,soldier,static_B_2019.12.16_13.40.04.csv,1184,159.7041,20.95,22.41,0.3420,0.836209
789,longdress,static_B_2020.02.13_13.57.29.csv,47,177.2376,14.16,14.39,0.3411,0.676253
790,loot,static_B_2020.01.16_10.43.34.csv,517,243.8326,100.00,72.56,0.3403,0.719018
791,redandblack,static_B_2020.01.16_10.43.34.csv,1117,194.2404,78.62,45.50,0.3395,0.789325
792,soldier,static_B_2019.12.16_13.40.04.csv,1664,185.5406,41.29,25.20,0.3386,0.660400
793,longdress,static_B_2020.02.27_18.39.27.csv,4522,204.5792,54.19,27.94,0.3378,0.782798
794,loot,static_B_2020.01.16_10.43.34.csv,3097,243.6512,68.00,73.85,0.3370,0.734387
795,redandblack,static_B_2020.01.16_10.43.34.csv,2617,249.9980,100.00,76.46,0.3361,0.771132
796,soldier,static_B_2020.01.16_10.43.34.csv,1537,269.3575,60.00,85.12,0.3353,0.747688
797,longdress,static_B_2020.02.13_13.57.29.csv,827,170.1384,43.92,34.66,0.3344,0.706402
798,loot,static_B_2019.12.16_13.40.04.csv,1544,246.8526,66.00,73.38,0.3336,0.791002
799,redandblack,static_B_2020.01.16_10.43.34.csv,2917,110.6696,0.00,-62.87,0.3328,0.681345
800,soldier,static_B_2020.02.27_18.39.27.csv,5542,251.9653,100.00,76.60,0.3319,0.709402
801,longdress,static_B_2020.02.13_13.57.29.csv,1787,248.7499,100.00,75.67,0.3311,0.685988
802,loot,static_B_2020.02.27_18.39.27.csv,3382,236.8782,48.00,68.35,0.3303,0.881824
803,redandblack,static_B_2020.02.27_18.39.27.csv,3922,231.5848,94.00,67.62,0.3294,0.778935
804,soldier,static_B_2020.01.16_10.43.34.csv,1417,158.2838,0.00,-182.27,0.3286,0.755327
805,longdress,static_B_2020.02.13_13.57.29.csv,2945,211.5386,57.46,34.36,0.3278,0.774438
806,loot,static_B_2020.01.16_10.43.34.csv,277,244.7926,48.00,72.96,0.3269,0.737990
807,redandblack,static_B_2020.02.27_18.39.27.csv,82,212.5996,67.18,48.35,0.3261,0.855890
808,soldier,static_B_2020.02.13_13.57.29.csv,2447,138.1012,0.00,-250.15,0.3253,0.841600
809,longdress,static_B_2020.02.27_18.39.27.csv,4222,172.6108,6.42,6.46,0.3244,0.710133
810,loot,static_B_2020.02.27_18.39.27.csv,1522,243.5600,100.00,73.05,0.3236,0.720799
811,redandblack,static_B_2020.02.27_18.39.27.csv,3862,147.9200,0.00,-33.75,0.3228,0.809973
812,soldier,static_B_2020.01.16_10.43.34.csv,2857,116.3729,0.00,-51.47,0.3219,0.678641
813,longdress,static_B_2020.02.27_18.39.27.csv,2062,212.4640,73.83,50.40,0.3211,0.832230
814,loot,static_B_2020.01.16_10.43.34.csv,1957,253.9764,44.00,77.16,0.3202,0.857977
815,redandblack,static_B_2020.02.27_18.39.27.csv,922,256.0293,100.00,79.16,0.3194,0.944094
816,soldier,static_B_2020.01.16_10.43.34.csv,2197,182.3562,0.00,-3.08,0.3186,0.744785
817,longdress,static_B_2019.12.16_13.40.04.csv,1484,223.7443,61.62,49.16,0.3177,0.739017
818,loot,static_B_2020.01.16_10.43.34.csv,3109,242.2744,100.00,71.80,0.3169,0.780258
819,redandblack,static_B_2020.02.13_13.57.29.csv,1907,236.0638,100.00,70.44,0.3161,0.852034
820,soldier,static_B_2020.02.13_13.57.29.csv,347,198.8650,38.55,47.60,0.3152,0.686275
821,longdress,static_B_2020.02.13_13.57.29.csv,2927,210.5252,58.97,38.12,0.3144,0.759061
822,loot,static_B_2020.01.16_10.43.34.csv,1837,248.6217,84.00,74.31,0.3136,0.776877
823,redandblack,static_B_2020.02.13_13.57.29.csv,1727,202.2844,82.94,53.75,0.3127,0.670654
824,soldier,static_B_2019.12.16_13.40.04.csv,1064,198.7168,56.03,44.52,0.3119,0.822214
825,longdress,static_B_2020.02.27_18.39.27.csv,4162,229.2019,66.28,56.14,0.3111,0.742710
826,loot,static_B_2020.02.27_18.39.27.csv,2542,261.4432,68.00,81.54,0.3102,0.810071
827,redandblack,static_B_2020.02.27_18.39.27.csv,2302,213.1060,78.07,54.60,0.3094,0.765924
828,soldier,static_B_2020.02.27_18.39.27.csv,4282,243.8194,100.00,73.19,0.3086,0.802213
829,longdress,static_B_2020.02.27_18.39.27.csv,5662,207.5414,60.44,40.05,0.3077,0.809062
830,loot,static_B_2020.02.27_18.39.27.csv,4762,218.2586,66.00,62.65,0.3069,0.764983
831,redandblack,static_B_2020.02.27_18.39.27.csv,982,244.8851,100.00,72.83,0.3061,0.851176
832,soldier,static_B_2020.02.27_18.39.27.csv,2482,208.1904,80.23,57.75,0.3052,0.795753
833,longdress,static_B_2020.02.27_18.39.27.csv,142,223.8352,71.46,58.07,0.3044,0.814208
834,loot,static_B_2020.02.13_13.57.29.csv,1547,203.5311,57.12,48.94,0.3035,0.765340
835,redandblack,static_B_2020.02.27_18.39.27.csv,1882,232.4252,67.42,56.75,0.3027,0.798263
836,soldier,static_B_2020.01.16_10.43.34.csv,997,211.9151,63.52,53.98,0.3019,0.848944
837,longdress,static_B_2020.02.13_13.57.29.csv,2747,117.0582,0.00,-2.19,0.3010,0.922984
838,loot,static_B_2020.02.13_13.57.29.csv,2867,265.0965,100.00,81.18,0.3002,0.837444
839,redandblack,static_B_2020.02.27_18.39.27.csv,742,214.5967,64.33,48.13,0.2994,0.844024
840,soldier,static_B_2019.12.16_13.40.04.csv,1724,234.6865,100.00,67.49,0.2985,0.775778
841,longdress,static_B_2020.01.16_10.43.34.csv,1477,188.5535,45.92,45.12,0.2977,0.752304
842,loot,static_B_2020.01.16_10.43.34.csv,937,248.1529,100.00,75.59,0.2969,0.668553
843,redandblack,static_B_2020.01.16_10.43.34.csv,2497,241.0985,100.00,72.43,0.2960,0.795378
844,soldier,static_B_2020.02.13_13.57.29.csv,527,204.3959,30.04,31.25,0.2952,0.792542
845,longdress,static_B_2020.02.13_13.57.29.csv,587,210.0032,61.20,53.01,0.2944,0.804439
846,loot,static_B_2020.01.16_10.43.34.csv,2317,118.6576,0.00,-149.51,0.2935,0.724947
847,redandblack,static_B_2020.02.27_18.39.27.csv,5602,223.6057,48.69,38.28,0.2927,0.736803
848,soldier,static_B_2020.02.27_18.39.27.csv,562,247.0824,100.00,75.38,0.2919,0.815888
849,longdress,static_B_2019.12.16_13.40.04.csv,344,112.8540,0.00,-22.66,0.2910,0.784020
850,loot,static_B_2019.12.16_13.40.04.csv,1424,230.2616,100.00,62.73,0.2902,0.753909
851,redandblack,static_B_2020.02.13_13.57.29.csv,107,221.0719,74.65,59.01,0.2894,0.820000
852,soldier,static_B_2020.02.13_13.57.29.csv,2147,144.9196,0.00,-6.09,0.2885,1.044371
853,longdress,static_B_2020.01.16_10.43.34.csv,757,122.7611,0.00,-21.32,0.2877,0.928805
854,loot,static_B_2020.01.16_10.43.34.csv,3109,249.0210,100.00,76.17,0.2868,0.770608
855,redandblack,static_B_2020.02.27_18.39.27.csv,1762,207.6603,76.18,51.52,0.2860,0.679362
856,soldier,static_B_2020.02.13_13.57.29.csv,767,147.4233,15.67,10.15,0.2852,0.831481
857,longdress,static_B_2020.02.13_13.57.29.csv,407,214.8279,31.77,36.69,0.2843,0.880341
858,loot,static_B_2020.02.27_18.39.27.csv,5062,231.6946,100.00,66.15,0.2835,0.788550
859,redandblack,static_B_2020.02.27_18.39.27.csv,5302,242.3564,100.00,72.23,0.2827,0.714957
860,soldier,static_B_2019.12.16_13.40.04.csv,1244,148.4130,0.00,-6.52,0.2818,0.812341
861,longdress,static_B_2020.01.16_10.43.34.csv,1297,201.2713,75.23,49.23,0.2810,0.842693
862,loot,static_B_2020.02.27_18.39.27.csv,3442,252.7077,100.00,77.13,0.2802,0.796670
863,redandblack,static_B_2020.02.27_18.39.27.csv,3262,264.8340,52.00,83.99,0.2793,0.900466
864,soldier,static_B_2020.02.27_18.39.27.csv,3982,240.9943,100.00,71.85,0.2785,0.822325
865,longdress,static_B_2020.02.27_18.39.27.csv,3322,262.4366,100.00,82.49,0.2777,0.814189
866,loot,static_B_2020.02.13_13.57.29.csv,2087,244.5695,81.10,73.23,0.2768,0.911277
867,redandblack,static_B_2020.02.27_18.39.27.csv,322,236.3312,100.00,69.40,0.2760,0.803367
868,soldier,static_B_2020.02.27_18.39.27.csv,5182,235.0649,36.83,33.52,0.2752,0.745111
869,longdress,static_B_2020.02.13_13.57.29.csv,2567,237.2281,74.50,62.06,0.2743,0.693149
870,loot,static_B_2020.02.27_18.39.27.csv,1582,253.5234,79.36,73.24,0.2735,0.744813
871,redandblack,static_B_2020.02.27_18.39.27.csv,1222,200.1351,88.00,52.00,0.2726,0.875849
872,soldier,static_B_2019.12.16_13.40.04.csv,644,184.4732,24.33,25.98,0.2718,0.781859
873,longdress,static_B_2020.02.13_13.57.29.csv,2327,196.0488,69.44,39.95,0.2710,0.732392
874,loot,static_B_2019.12.16_13.40.04.csv,1124,116.3126,0.00,-454.73,0.2701,0.748173
875,redandblack,static_B_2020.02.27_18.39.27.csv,1462,187.3733,77.37,42.94,0.2693,0.901325
876,soldier,static_B_2020.02.27_18.39.27.csv,2722,260.9756,100.00,80.69,0.2685,0.773159
877,longdress,static_B_2020.02.13_13.57.29.csv,2627,242.3859,70.84,65.71,0.2676,0.862750
878,loot,static_B_2020.02.13_13.57.29.csv,2807,173.4293,0.00,-9.15,0.2668,0.750435
879,redandblack,static_B_2020.01.16_10.43.34.csv,157,209.9448,0.00,-9.71,0.2660,0.761442
880,soldier,static_B_2020.01.16_10.43.34.csv,637,152.2177,2.00,0.68,0.2651,0.861811
881,longdress,static_B_2019.12.16_13.40.04.csv,1904,261.5941,100.00,82.27,0.2643,0.925069
882,loot,static_B_2020.01.16_10.43.34.csv,1177,228.6786,84.73,65.24,0.2635,0.784836
883,redandblack,static_B_2019.12.16_13.40.04.csv,1784,210.2470,62.03,43.61,0.2626,0.871831
884,soldier,static_B_2020.02.13_13.57.29.csv,2267,203.8444,34.59,32.91,0.2618,0.896607
885,longdress,static_B_2020.01.16_10.43.34.csv,397,156.6002,26.18,26.02,0.2610,0.912720
886,loot,static_B_2020.02.27_18.39.27.csv,2002,248.7803,100.00,73.82,0.2601,0.884827
887,redandblack,static_B_2020.02.27_18.39.27.csv,3562,148.0966,0.00,-3.21,0.2593,0.813033
888,soldier,static_B_2020.02.27_18.39.27.csv,2122,195.1302,30.64,37.65,0.2585,0.839610
889,longdress,static_B_2020.02.27_18.39.27.csv,5722,203.8045,75.54,47.87,0.2576,0.864083
890,loot,static_B_2020.02.27_18.39.27.csv,5122,217.8538,80.15,60.06,0.2568,0.836271
891,redandblack,static_B_2020.02.27_18.39.27.csv,5742,253.9840,100.00,77.64,0.2559,0.866775
892,soldier,static_B_2020.02.13_13.57.29.csv,1067,211.9812,56.66,54.19,0.2551,0.802979
893,longdress,static_B_2020.02.13_13.57.29.csv,1247,132.6266,0.00,-36.48,0.2543,0.799325
894,loot,static_B_2020.02.13_13.57.29.csv,2207,160.5900,0.33,-12.26,0.2534,0.820194
895,redandblack,static_B_2020.02.27_18.39.27.csv,3202,251.4268,56.00,76.42,0.2526,0.842125
896,soldier,static_B_2020.02.13_13.57.29.csv,1667,217.0141,62.03,50.89,0.2518,0.863384
897,longdress,static_B_2020.02.13_13.57.29.csv,887,159.0473,20.84,19.53,0.2509,0.802734
898,loot,static_B_2019.12.16_13.40.04.csv,884,226.9506,100.00,62.38,0.2501,0.774057
899,redandblack,static_B_2020.02.27_18.39.27.csv,3742,252.7057,94.00,76.90,0.2493,0.800693
900,soldier,static_B_2019.12.16_13.40.04.csv,524,210.3735,72.10,50.23,0.2484,0.735300
901,longdress,static_B_2020.02.13_13.57.29.csv,1007,166.5468,31.18,30.65,0.2476,0.770189
902,loot,static_B_2020.02.13_13.57.29.csv,2687,233.6989,77.36,65.91,0.2468,0.879271
903,redandblack,static_B_2020.02.27_18.39.27.csv,3682,268.0554,100.00,85.01,0.2459,0.980835
904,soldier,static_B_2020.02.27_18.39.27.csv,1402,229.6143,61.50,51.77,0.2451,0.895068
905,longdress,static_B_2020.02.13_13.57.29.csv,287,199.7869,30.88,30.98,0.2443,0.816583
906,loot,static_B_2020.02.13_13.57.29.csv,707,166.2559,0.00,-19.12,0.2434,0.718970
907,redandblack,static_B_2020.02.27_18.39.27.csv,5482,258.3989,50.00,80.29,0.2426,0.929854
908,soldier,static_B_2020.02.27_18.39.27.csv,4702,248.1176,63.75,62.28,0.2418,0.741159
909,longdress,static_B_2020.02.27_18.39.27.csv,22,244.4904,81.01,74.03,0.2409,0.923166
910,loot,static_B_2020.02.27_18.39.27.csv,5002,246.7998,75.26,66.81,0.2401,0.795174
911,redandblack,static_B_2020.02.13_13.57.29.csv,1367,210.0743,73.82,50.52,0.2392,0.855816
912,soldier,static_B_2020.02.27_18.39.27.csv,442,229.7327,76.38,61.09,0.2384,0.946254
913,longdress,static_B_2020.02.13_13.57.29.csv,1307,122.4732,0.00,-16.69,0.2376,0.750422
914,loot,static_B_2020.02.13_13.57.29.csv,1427,240.1578,100.00,70.85,0.2367,1.016724
915,redandblack,static_B_2020.02.27_18.39.27.csv,2962,226.2075,0.00,10.59,0.2359,0.814098
916,soldier,static_B_2020.02.13_13.57.29.csv,1187,258.2161,100.00,79.58,0.2351,0.810037
917,longdress,static_B_2019.12.16_13.40.04.csv,44,165.4351,0.00,7.33,0.2342,0.821223
918,loot,static_B_2020.02.13_13.57.29.csv,467,259.9459,100.00,79.25,0.2334,0.987485
919,redandblack,static_B_2020.02.27_18.39.27.csv,622,279.0661,100.00,90.61,0.2326,0.862228
920,soldier,static_B_2020.01.16_10.43.34.csv,2557,226.3234,10.30,26.72,0.2317,0.835157
921,longdress,static_B_2019.12.16_13.40.04.csv,164,253.2231,100.00,77.21,0.2309,0.939457
922,loot,static_B_2020.02.13_13.57.29.csv,2507,259.3759,100.00,77.96,0.2301,0.863690
923,redandblack,static_B_2019.12.16_13.40.04.csv,584,233.1177,76.66,62.89,0.2292,0.892883
924,soldier,static_B_2020.01.16_10.43.34.csv,1717,198.8516,18.71,34.35,0.2284,0.853124
925,longdress,static_B_2020.02.27_18.39.27.csv,4342,186.2195,25.77,39.57,0.2276,0.846632
926,loot,static_B_2019.12.16_13.40.04.csv,1304,226.6642,56.27,40.51,0.2267,0.897652
927,redandblack,static_B_2020.01.16_10.43.34.csv,217,240.2839,79.53,70.84,0.2259,0.827320
928,soldier,static_B_2020.01.16_10.43.34.csv,2977,195.3468,22.00,34.51,0.2250,0.848937
929,longdress,static_B_2020.02.27_18.39.27.csv,1102,170.3673,21.25,24.94,0.2242,0.839646
930,loot,static_B_2019.12.16_13.40.04.csv,824,258.0050,100.00,79.49,0.2234,0.882055
931,redandblack,static_B_2020.02.13_13.57.29.csv,1967,192.2564,30.21,34.36,0.2225,0.852574
932,soldier,static_B_2020.02.27_18.39.27.csv,2662,180.4069,3.38,11.11,0.2217,0.750497
933,longdress,static_B_2020.01.16_10.43.34.csv,1357,225.4625,58.63,44.00,0.2209,0.779172
934,loot,static_B_2020.02.13_13.57.29.csv,1127,158.4074,0.00,9.27,0.2200,0.854149
935,redandblack,static_B_2020.01.16_10.43.34.csv,817,258.3552,100.00,79.48,0.2192,0.968323
936,soldier,static_B_2020.02.27_18.39.27.csv,5242,265.0297,100.00,82.26,0.2184,0.848421
937,longdress,static_B_2020.01.16_10.43.34.csv,1897,223.9180,72.77,59.49,0.2175,0.827204
938,loot,static_B_2020.02.27_18.39.27.csv,3022,159.0524,3.66,20.59,0.2167,0.900514
939,redandblack,static_B_2019.12.16_13.40.04.csv,944,171.0934,0.00,-14.41,0.2159,0.895741
940,soldier,static_B_2020.02.27_18.39.27.csv,4042,244.5379,100.00,71.79,0.2150,0.753595
941,longdress,static_B_2020.02.27_18.39.27.csv,3502,208.6660,24.12,7.14,0.2142,0.851919
942,loot,static_B_2020.02.27_18.39.27.csv,1162,168.0088,36.30,19.21,0.2134,0.975137
943,redandblack,static_B_2020.01.16_10.43.34.csv,2797,239.9560,100.00,69.68,0.2125,0.719599
944,soldier,static_B_2020.01.16_10.43.34.csv,577,204.4985,60.22,50.54,0.2117,0.939464
945,longdress,static_B_2020.02.27_18.39.27.csv,3622,173.8981,0.00,-7.49,0.2109,0.845482
946,loot,static_B_2020.01.16_10.43.34.csv,1597,251.6075,42.00,75.42,0.2100,0.853849
947,redandblack,static_B_2020.01.16_10.43.34.csv,877,149.2717,0.00,12.64,0.2092,0.960458
948,soldier,static_B_2020.02.27_18.39.27.csv,3802,180.6776,0.00,-19.12,0.2083,0.919798
949,longdress,static_B_2020.02.27_18.39.27.csv,3980,250.2456,100.00,75.74,0.2075,0.700944
950,loot,static_B_2020.01.16_10.43.34.csv,1808,265.5225,100.00,82.68,0.2067,0.847188
951,redandblack,static_B_2020.02.27_18.39.27.csv,2840,243.8645,62.86,60.43,0.2058,0.866589
952,soldier,static_B_2020.02.27_18.39.27.csv,680,248.5051,61.72,61.92,0.2050,1.021183
953,longdress,static_B_2019.12.16_13.40.04.csv,1473,235.4528,62.33,56.01,0.2042,0.936593
954,loot,static_B_2019.12.16_13.40.04.csv,1904,251.6660,42.00,76.69,0.2033,0.982375
955,redandblack,static_B_2020.01.16_10.43.34.csv,3008,268.0844,100.00,82.73,0.2025,1.016361
956,soldier,static_B_2020.01.16_10.43.34.csv,2528,246.8842,100.00,73.88,0.2017,0.920349
957,longdress,static_B_2020.02.27_18.39.27.csv,5742,254.2966,68.71,66.31,0.2008,0.870390
958,loot,static_B_2020.02.13_13.57.29.csv,1043,194.7038,34.28,43.10,0.2000,0.971667
959,redandblack,static_B_2019.12.16_13.40.04.csv,693,249.6219,81.53,76.12,0.1992,0.780026
960,soldier,static_B_2020.01.16_10.43.34.csv,488,236.0433,81.33,66.13,0.1983,0.880255
961,longdress,static_B_2019.12.16_13.40.04.csv,1833,204.4459,46.86,42.60,0.1975,1.003612
962,loot,static_B_2020.01.16_10.43.34.csv,848,257.5899,62.56,66.32,0.1967,0.856153
963,redandblack,static_B_2020.01.16_10.43.34.csv,2768,249.9421,100.00,78.19,0.1958,0.942113
964,soldier,static_B_2019.12.16_13.40.04.csv,1713,255.9213,100.00,73.41,0.1950,0.932805
965,longdress,static_B_2020.01.16_10.43.34.csv,908,187.4772,26.58,38.21,0.1942,0.861281
966,loot,static_B_2020.02.13_13.57.29.csv,2945,222.8159,61.76,50.33,0.1933,0.924619
967,redandblack,static_B_2019.12.16_13.40.04.csv,33,202.6612,0.00,17.50,0.1925,1.039404
968,soldier,static_B_2020.02.27_18.39.27.csv,4640,37.4285,0.00,-338.94,0.1916,0.942489
969,longdress,static_B_2019.12.16_13.40.04.csv,1173,161.1276,15.58,19.62,0.1908,0.884028
970,loot,static_B_2020.02.27_18.39.27.csv,5240,255.7441,100.00,78.28,0.1900,0.937765
971,redandblack,static_B_2020.02.27_18.39.27.csv,2780,252.0021,48.00,77.54,0.1891,0.897787
972,soldier,static_B_2020.02.13_13.57.29.csv,683,92.5406,0.00,-91.95,0.1883,0.913453
973,longdress,static_B_2020.01.16_10.43.34.csv,2828,137.2093,0.00,-8.86,0.1875,0.991128
974,loot,static_B_2020.02.13_13.57.29.csv,923,174.4583,17.96,20.96,0.1866,0.876108
975,redandblack,static_B_2020.01.16_10.43.34.csv,2048,258.8258,100.00,79.59,0.1858,0.881790
976,soldier,static_B_2020.02.27_18.39.27.csv,20,219.4751,74.90,56.12,0.1850,0.935027
977,longdress,static_B_2020.02.13_13.57.29.csv,83,151.3485,0.00,-23.23,0.1841,0.940796
978,loot,static_B_2020.02.27_18.39.27.csv,200,272.0789,44.00,87.01,0.1833,0.857985
979,redandblack,static_B_2020.02.27_18.39.27.csv,1520,252.6186,100.00,77.92,0.1825,1.028289
980,soldier,static_B_2020.02.13_13.57.29.csv,1223,237.6639,84.02,70.52,0.1816,0.930199
981,longdress,static_B_2019.12.16_13.40.04.csv,1893,283.9773,100.00,93.15,0.1808,0.888082
982,loot,static_B_2020.01.16_10.43.34.csv,1328,233.1140,79.82,67.58,0.1800,0.939949
983,redandblack,static_B_2020.02.27_18.39.27.csv,5720,248.9127,100.00,76.30,0.1791,0.951488
984,soldier,static_B_2019.12.16_13.40.04.csv,933,164.7954,0.00,16.22,0.1783,1.038191
985,longdress,static_B_2020.02.27_18.39.27.csv,3320,250.0793,100.00,75.97,0.1774,0.843775
986,loot,static_B_2020.02.27_18.39.27.csv,3380,254.8961,100.00,77.11,0.1766,1.035591
987,redandblack,static_B_2020.02.27_18.39.27.csv,3500,215.2028,78.94,53.81,0.1758,0.929799
988,soldier,static_B_2020.02.27_18.39.27.csv,4460,125.6582,0.00,1.37,0.1749,0.865666
989,longdress,static_B_2020.02.13_13.57.29.csv,1103,171.7096,11.58,20.59,0.1741,0.806377
990,loot,static_B_2020.01.16_10.43.34.csv,3068,262.2067,44.00,80.88,0.1733,0.836714
991,redandblack,static_B_2020.02.27_18.39.27.csv,4580,223.3430,75.64,59.64,0.1724,0.787832
992,soldier,static_B_2020.02.13_13.57.29.csv,1883,198.1199,0.00,-34.65,0.1716,0.870734
993,longdress,static_B_2020.02.27_18.39.27.csv,3620,170.8634,0.00,-9.50,0.1708,0.829612
994,loot,static_B_2020.01.16_10.43.34.csv,2708,249.4552,87.80,69.52,0.1699,0.880110
995,redandblack,static_B_2020.02.27_18.39.27.csv,4880,122.0774,0.00,-9.91,0.1691,0.949812
996,soldier,static_B_2020.01.16_10.43.34.csv,1208,237.9953,61.74,55.06,0.1683,0.781910
997,longdress,static_B_2020.02.27_18.39.27.csv,2000,239.7652,66.60,67.95,0.1674,0.823469
998,loot,static_B_2020.02.13_13.57.29.csv,1163,222.2987,61.46,60.88,0.1666,0.890021
999,redandblack,static_B_2020.01.16_10.43.34.csv,1568,235.6208,55.54,56.78,0.1658,0.904948
1000,soldier,static_B_2020.02.13_13.57.29.csv,203,182.3519,8.19,-3.05,0.1649,0.931667
1001,longdress,static_B_2020.02.13_13.57.29.csv,1343,186.1933,26.29,31.42,0.1641,1.021911
1002,loot,static_B_2020.02.13_13.57.29.csv,2483,242.5994,24.56,26.64,0.1633,0.971894
1003,redandblack,static_B_2020.01.16_10.43.34.csv,2348,239.5588,30.33,28.74,0.1624,1.027373
1004,soldier,static_B_2020.02.27_18.39.27.csv,1100,165.5250,19.32,18.03,0.1616,0.993380
1005,longdress,static_B_2020.01.16_10.43.34.csv,1448,220.7459,54.30,46.75,0.1607,0.958029
1006,loot,static_B_2019.12.16_13.40.04.csv,1113,107.7879,0.00,-454.02,0.1599,0.861662
1007,redandblack,static_B_2019.12.16_13.40.04.csv,1773,239.8722,80.56,66.68,0.1591,0.848902
1008,soldier,static_B_2020.01.16_10.43.34.csv,308,248.2713,85.43,74.88,0.1582,1.025908
1009,longdress,static_B_2020.02.13_13.57.29.csv,2603,180.4366,14.66,24.96,0.1574,0.857648
1010,loot,static_B_2020.01.16_10.43.34.csv,728,286.4245,46.00,93.58,0.1566,0.808733
1011,redandblack,static_B_2020.01.16_10.43.34.csv,2288,184.5151,28.34,32.62,0.1557,0.956005
1012,soldier,static_B_2020.02.13_13.57.29.csv,2063,250.5978,74.12,74.73,0.1549,0.937423
1013,longdress,static_B_2020.02.27_18.39.27.csv,2960,214.3272,0.00,-5.31,0.1541,0.896207
1014,loot,static_B_2020.02.13_13.57.29.csv,743,194.4411,10.16,25.35,0.1532,0.892132
1015,redandblack,static_B_2020.02.27_18.39.27.csv,1700,191.8103,40.85,44.68,0.1524,0.889614
1016,soldier,static_B_2020.02.27_18.39.27.csv,1160,112.0457,0.00,-18.72,0.1516,0.910970
1017,longdress,static_B_2020.02.27_18.39.27.csv,860,197.7015,0.00,-39.90,0.1507,0.929440
1018,loot,static_B_2020.02.27_18.39.27.csv,2060,234.3722,75.89,67.04,0.1499,0.914371
1019,redandblack,static_B_2020.02.27_18.39.27.csv,4700,247.2991,69.60,63.71,0.1491,0.876543
1020,soldier,static_B_2020.02.27_18.39.27.csv,1040,217.1867,37.04,36.64,0.1482,0.976959
1021,longdress,static_B_2020.02.13_13.57.29.csv,1643,188.7399,0.00,-10.33,0.1474,0.890101
1022,loot,static_B_2020.01.16_10.43.34.csv,68,226.2782,43.09,49.49,0.1466,0.917671
1023,redandblack,static_B_2020.02.13_13.57.29.csv,1283,247.7080,61.78,60.32,0.1457,1.022029
1024,soldier,static_B_2020.02.27_18.39.27.csv,5360,253.4920,78.39,76.73,0.1449,1.126727
1025,longdress,static_B_2020.02.13_13.57.29.csv,2723,199.1953,46.66,42.28,0.1440,0.977151
1026,loot,static_B_2020.02.13_13.57.29.csv,503,215.7332,51.91,53.37,0.1432,1.010686
1027,redandblack,static_B_2019.12.16_13.40.04.csv,873,226.5501,75.52,62.83,0.1424,0.950034
1028,soldier,static_B_2020.02.27_18.39.27.csv,5420,205.1015,55.28,53.17,0.1415,1.077785
1029,longdress,static_B_2020.02.13_13.57.29.csv,2123,173.1465,30.15,33.64,0.1407,1.070547
1030,loot,static_B_2020.02.27_18.39.27.csv,2360,204.5341,0.00,-238.61,0.1399,1.080074
1031,redandblack,static_B_2019.12.16_13.40.04.csv,1353,200.1103,58.19,46.84,0.1390,0.942715
1032,soldier,static_B_2020.02.27_18.39.27.csv,1400,247.1263,66.23,64.65,0.1382,0.938976
1033,longdress,static_B_2020.02.27_18.39.27.csv,2180,229.6908,83.37,57.83,0.1374,0.916684
1034,loot,static_B_2020.02.27_18.39.27.csv,2540,279.1668,72.00,90.06,0.1365,0.903945
1035,redandblack,static_B_2020.01.16_10.43.34.csv,1868,266.6298,58.00,84.25,0.1357,1.009481
1036,soldier,static_B_2020.02.13_13.57.29.csv,1403,202.8034,0.00,-20.25,0.1349,0.978906
1037,longdress,static_B_2020.02.27_18.39.27.csv,920,230.6022,67.82,53.39,0.1340,0.853923
1038,loot,static_B_2019.12.16_13.40.04.csv,393,240.0220,100.00,70.34,0.1332,0.919570
1039,redandblack,static_B_2020.02.27_18.39.27.csv,5742,271.0022,100.00,86.23,0.1324,0.927418
1040,soldier,static_B_2020.02.13_13.57.29.csv,563,286.4404,100.00,93.62,0.1315,0.907041
1041,longdress,static_B_2020.01.16_10.43.34.csv,2648,255.3994,74.57,70.65,0.1307,1.040823
1042,loot,static_B_2020.02.27_18.39.27.csv,1880,273.2838,100.00,82.74,0.1298,0.811427
1043,redandblack,static_B_2020.02.13_13.57.29.csv,2843,161.5201,0.00,21.46,0.1290,0.908027
1044,soldier,static_B_2020.02.27_18.39.27.csv,1340,245.8110,6.17,27.25,0.1282,0.878112
1045,longdress,static_B_2019.12.16_13.40.04.csv,213,163.3957,0.00,-31.49,0.1273,0.908120
1046,loot,static_B_2020.02.27_18.39.27.csv,2660,177.9736,1.49,4.19,0.1265,0.864201
1047,redandblack,static_B_2020.01.16_10.43.34.csv,3109,254.2758,98.00,78.15,0.1257,0.955784
1048,soldier,static_B_2020.01.16_10.43.34.csv,1988,260.8880,100.00,78.35,0.1248,0.980024
1049,longdress,static_B_2020.02.13_13.57.29.csv,2945,220.8950,57.18,43.30,0.1240,0.802098
1050,loot,static_B_2020.02.27_18.39.27.csv,3260,282.2404,62.00,92.02,0.1232,0.865855
1051,redandblack,static_B_2020.02.13_13.57.29.csv,1583,185.2203,38.93,28.77,0.1223,0.922609
1052,soldier,static_B_2020.02.27_18.39.27.csv,4040,249.4924,77.40,73.95,0.1215,1.038711
1053,longdress,static_B_2019.12.16_13.40.04.csv,333,156.1088,25.95,27.22,0.1207,0.977342
1054,loot,static_B_2020.02.13_13.57.29.csv,383,209.6765,48.90,45.84,0.1198,0.930304
1055,redandblack,static_B_2020.01.16_10.43.34.csv,428,163.1503,0.00,11.86,0.1190,0.781398
1056,soldier,static_B_2019.12.16_13.40.04.csv,1593,252.3886,58.56,55.80,0.1182,0.864623
1057,longdress,static_B_2020.02.27_18.39.27.csv,1220,252.7030,81.16,77.37,0.1173,0.986539
1058,loot,static_B_2019.12.16_13.40.04.csv,633,218.3303,55.57,53.09,0.1165,0.983630
1059,redandblack,static_B_2020.02.27_18.39.27.csv,3200,261.6450,64.00,82.13,0.1157,0.895021
1060,soldier,static_B_2020.02.27_18.39.27.csv,4520,182.2288,22.61,24.80,0.1148,1.017456
1061,longdress,static_B_2020.02.27_18.39.27.csv,1760,184.5107,39.54,39.75,0.1140,0.890892
1062,loot,static_B_2020.02.13_13.57.29.csv,2783,246.5458,56.33,51.35,0.1131,0.922658
1063,redandblack,static_B_2020.02.13_13.57.29.csv,263,232.9560,67.49,64.34,0.1123,0.903185
1064,soldier,static_B_2020.01.16_10.43.34.csv,968,247.4311,59.48,59.59,0.1115,0.996454
1065,longdress,static_B_2019.12.16_13.40.04.csv,273,189.9964,23.07,22.89,0.1106,1.070170
1066,loot,static_B_2019.12.16_13.40.04.csv,513,279.4057,100.00,90.00,0.1098,0.910662
1067,redandblack,static_B_2020.02.27_18.39.27.csv,440,241.5015,78.36,67.16,0.1090,1.036646
1068,soldier,static_B_2019.12.16_13.40.04.csv,813,261.8858,81.66,77.28,0.1081,0.953998
1069,longdress,static_B_2020.01.16_10.43.34.csv,188,227.9052,59.03,51.29,0.1073,0.947804
1070,loot,static_B_2020.01.16_10.43.34.csv,1148,169.1189,0.00,-56.52,0.1065,1.024106
1071,redandblack,static_B_2020.02.27_18.39.27.csv,5540,266.3492,100.00,82.47,0.1056,0.904831
1072,soldier,static_B_2020.02.13_13.57.29.csv,1523,103.4920,0.00,-11.48,0.1048,1.017315
1073,longdress,static_B_2020.01.16_10.43.34.csv,1508,235.7831,63.62,61.32,0.1040,1.055326
1074,loot,static_B_2020.02.27_18.39.27.csv,3800,228.4975,0.00,1.35,0.1031,1.046883
1075,redandblack,static_B_2020.02.27_18.39.27.csv,5060,278.0484,100.00,89.97,0.1023,1.061478
1076,soldier,static_B_2020.02.13_13.57.29.csv,2363,141.8767,0.00,6.11,0.1015,1.030614
1077,longdress,static_B_2020.01.16_10.43.34.csv,1268,247.7001,64.79,67.62,0.1006,1.045889
1078,loot,static_B_2020.02.27_18.39.27.csv,3140,38.4722,0.00,-360.18,0.0998,0.994040
1079,redandblack,static_B_2020.02.27_18.39.27.csv,80,265.8849,76.82,83.18,0.0990,1.174072
1080,soldier,static_B_2020.01.16_10.43.34.csv,2108,209.9699,69.19,54.17,0.0981,0.947466
1081,longdress,static_B_2020.02.13_13.57.29.csv,2543,214.7405,55.56,57.99,0.0973,0.929726
1082,loot,static_B_2020.02.27_18.39.27.csv,2600,279.7204,78.00,90.69,0.0964,1.170151
1083,redandblack,static_B_2020.02.13_13.57.29.csv,2663,256.4507,75.21,76.87,0.0956,1.111703
1084,soldier,static_B_2020.02.13_13.57.29.csv,23,282.5751,100.00,91.56,0.0948,0.931540
1085,longdress,static_B_2019.12.16_13.40.04.csv,753,254.1192,69.21,71.02,0.0939,0.989036
1086,loot,static_B_2020.02.27_18.39.27.csv,1280,262.2276,64.00,81.80,0.0931,0.921162
1087,redandblack,static_B_2020.02.27_18.39.27.csv,4340,229.2731,59.37,60.51,0.0923,0.868244
1088,soldier,static_B_2020.01.16_10.43.34.csv,2168,196.4767,58.80,50.54,0.0914,0.838227
1089,longdress,static_B_2020.02.27_18.39.27.csv,1940,183.4355,57.98,46.44,0.0906,1.008545
1090,loot,static_B_2020.02.27_18.39.27.csv,2120,237.7019,71.09,66.95,0.0898,1.010354
1091,redandblack,static_B_2020.02.13_13.57.29.csv,323,221.9633,55.43,59.13,0.0889,1.089058
1092,soldier,static_B_2020.02.13_13.57.29.csv,623,189.9392,0.00,-11.50,0.0881,0.819784
1093,longdress,static_B_2020.02.13_13.57.29.csv,143,247.7348,65.28,63.48,0.0873,0.944506
1094,loot,static_B_2020.02.27_18.39.27.csv,320,274.3243,100.00,87.82,0.0864,0.948056
1095,redandblack,static_B_2020.01.16_10.43.34.csv,8,258.1572,78.00,80.06,0.0856,0.906782
1096,soldier,static_B_2020.02.13_13.57.29.csv,2003,273.5672,100.00,87.12,0.0848,0.955191
1097,longdress,static_B_2020.01.16_10.43.34.csv,1928,231.0285,62.53,62.71,0.0839,0.994504
1098,loot,static_B_2020.02.27_18.39.27.csv,5000,262.0710,60.72,65.08,0.0831,0.849667
1099,redandblack,static_B_2020.01.16_10.43.34.csv,1628,284.2508,42.00,93.23,0.0822,0.869615
1100,soldier,static_B_2020.01.16_10.43.34.csv,248,233.7379,51.31,57.50,0.0814,1.082464
1101,longdress,static_B_2019.12.16_13.40.04.csv,1904,256.8970,100.00,79.21,0.0806,0.869987
1102,loot,static_B_2020.02.27_18.39.27.csv,4100,291.0987,48.00,96.07,0.0797,1.184685
1103,redandblack,static_B_2020.02.13_13.57.29.csv,1823,275.2693,44.00,88.90,0.0789,0.990792
1104,soldier,static_B_2020.01.16_10.43.34.csv,1688,261.2107,83.08,82.17,0.0781,0.969614
1105,longdress,static_B_2020.02.27_18.39.27.csv,2900,233.3157,69.19,62.22,0.0772,1.064573
1106,loot,static_B_2020.02.27_18.39.27.csv,140,227.3890,52.31,59.69,0.0764,0.953092
1107,redandblack,static_B_2019.12.16_13.40.04.csv,573,238.7385,58.03,54.16,0.0756,1.028002
1108,soldier,static_B_2020.02.27_18.39.27.csv,620,277.4722,100.00,90.35,0.0747,1.032637
1109,longdress,static_B_2020.02.27_18.39.27.csv,3920,272.9433,100.00,87.75,0.0739,0.976046
1110,loot,static_B_2020.02.27_18.39.27.csv,3860,156.9427,0.00,-78.61,0.0731,1.050226
1111,redandblack,static_B_2020.01.16_10.43.34.csv,548,247.0884,73.07,72.35,0.0722,1.155595
1112,soldier,static_B_2019.12.16_13.40.04.csv,1413,248.6719,61.07,56.89,0.0714,1.029884
1113,longdress,static_B_2019.12.16_13.40.04.csv,993,219.4705,61.09,54.87,0.0706,0.893734
1114,loot,static_B_2020.02.27_18.39.27.csv,1580,271.8670,100.00,85.08,0.0697,1.014625
1115,redandblack,static_B_2020.02.27_18.39.27.csv,5120,265.5089,84.31,85.23,0.0689,1.139857
1116,soldier,static_B_2020.02.13_13.57.29.csv,1943,171.4999,0.00,-18.62,0.0681,1.071101
1117,longdress,static_B_2020.02.27_18.39.27.csv,2420,283.7331,100.00,92.50,0.0672,0.944608
1118,loot,static_B_2020.02.27_18.39.27.csv,260,287.2616,100.00,94.99,0.0664,0.974284
1119,redandblack,static_B_2020.02.27_18.39.27.csv,5480,288.8124,46.00,95.78,0.0655,1.007500
1120,soldier,static_B_2019.12.16_13.40.04.csv,1653,213.2021,0.00,-4.69,0.0647,1.117075
1121,longdress,static_B_2020.02.13_13.57.29.csv,1463,206.6402,63.34,50.89,0.0639,1.014169
1122,loot,static_B_2020.02.27_18.39.27.csv,2720,283.0146,50.00,92.57,0.0630,1.098905
1123,redandblack,static_B_2020.02.27_18.39.27.csv,2480,248.0335,81.87,73.11,0.0622,0.987647
1124,soldier,static_B_2020.01.16_10.43.34.csv,128,216.5943,0.00,7.40,0.0614,1.167067
1125,longdress,static_B_2020.02.27_18.39.27.csv,5300,287.0796,100.00,94.62,0.0605,0.951408
1126,loot,static_B_2020.02.13_13.57.29.csv,983,83.7568,0.00,-283.75,0.0597,1.038386
1127,redandblack,static_B_2020.02.27_18.39.27.csv,3560,140.5367,0.00,-14.93,0.0589,0.919805
1128,soldier,static_B_2020.02.27_18.39.27.csv,5660,253.5378,60.92,64.32,0.0580,1.133881
1129,longdress,static_B_2019.12.16_13.40.04.csv,153,184.2685,0.00,2.58,0.0572,1.049316
1130,loot,static_B_2020.02.13_13.57.29.csv,443,166.4220,0.43,22.61,0.0564,1.156230
1131,redandblack,static_B_2020.01.16_10.43.34.csv,788,236.7680,44.78,58.70,0.0555,1.058283
1132,soldier,static_B_2020.02.27_18.39.27.csv,5600,246.7390,0.62,28.01,0.0547,1.022031
1133,longdress,static_B_2020.01.16_10.43.34.csv,1088,168.0192,2.81,15.51,0.0539,0.878358
1134,loot,static_B_2019.12.16_13.40.04.csv,1053,205.2109,3.20,25.24,0.0530,0.949440
1135,redandblack,static_B_2020.02.27_18.39.27.csv,1460,237.3464,71.95,61.32,0.0522,0.972145
1136,soldier,static_B_2020.02.27_18.39.27.csv,4400,250.2170,59.80,61.73,0.0514,1.016961
1137,longdress,static_B_2020.02.27_18.39.27.csv,3020,147.1878,0.00,24.47,0.0505,0.955432
1138,loot,static_B_2020.02.27_18.39.27.csv,4160,289.8913,100.00,95.89,0.0500,1.059079
1139,redandblack,static_B_2020.01.16_10.43.34.csv,3109,284.6682,100.00,93.89,0.0500,1.138963
1140,soldier,static_B_2019.12.16_13.40.04.csv,1533,236.3387,61.95,68.43,0.0500,0.845298
1141,longdress,static_B_2020.02.27_18.39.27.csv,3080,173.5704,22.41,31.19,0.0500,1.012559
1142,loot,static_B_2020.02.13_13.57.29.csv,2183,206.9447,42.11,42.14,0.0500,1.009601
1143,redandblack,static_B_2020.02.27_18.39.27.csv,5180,275.0456,100.00,88.58,0.0500,1.012800
1144,soldier,static_B_2020.02.27_18.39.27.csv,4760,294.9359,100.00,98.03,0.0500,1.044286
1145,longdress,static_B_2020.01.16_10.43.34.csv,2468,242.4796,74.12,72.35,0.0500,1.075905
1146,loot,static_B_2020.02.27_18.39.27.csv,4220,239.6115,5.81,27.69,0.0500,0.933885
1147,redandblack,static_B_2020.02.13_13.57.29.csv,2423,186.7823,0.00,-5.37,0.0500,1.000768
1148,soldier,static_B_2020.02.27_18.39.27.csv,1820,257.6041,56.90,61.83,0.0500,0.978705
1149,longdress,static_B_2020.02.27_18.39.27.csv,980,268.0717,100.00,80.08,0.0500,0.998261
1150,loot,static_B_2020.01.16_10.43.34.csv,368,279.7459,100.00,88.50,0.0500,1.190855
1151,redandblack,static_B_2020.02.27_18.39.27.csv,560,282.0379,86.00,92.23,0.0500,0.977793
1152,soldier,static_B_2020.02.27_18.39.27.csv,2240,234.1196,60.51,62.52,0.0500,1.181306
1153,longdress,static_B_2020.01.16_10.43.34.csv,2888,155.4360,7.97,31.07,0.0500,1.128078
1154,loot,static_B_2020.01.16_10.43.34.csv,2948,239.9404,63.20,57.31,0.0500,1.026242
1155,redandblack,static_B_2020.02.27_18.39.27.csv,740,247.2765,61.64,61.70,0.0500,1.048241
1156,soldier,static_B_2019.12.16_13.40.04.csv,1293,238.8225,79.36,68.71,0.0500,1.129070
1157,longdress,static_B_2020.02.27_18.39.27.csv,1640,205.2731,16.70,34.57,0.0500,1.006269
1158,loot,static_B_2020.02.13_13.57.29.csv,863,141.9069,0.00,-9.84,0.0500,1.193791
1159,redandblack,static_B_2020.02.27_18.39.27.csv,380,251.2849,61.11,63.95,0.0500,1.075043
1160,soldier,static_B_2020.02.13_13.57.29.csv,1763,286.5488,44.00,93.97,0.0500,1.123822
1161,longdress,static_B_2019.12.16_13.40.04.csv,93,242.7081,16.05,37.98,0.0500,0.957799
1162,loot,static_B_2020.02.13_13.57.29.csv,2303,188.3849,3.13,28.90,0.0500,0.975222
1163,redandblack,static_B_2019.12.16_13.40.04.csv,453,198.6178,0.00,-308.42,0.0500,0.980536
1164,soldier,static_B_2020.02.27_18.39.27.csv,3680,288.3492,100.00,94.84,0.0500,1.033306
1165,longdress,static_B_2020.02.27_18.39.27.csv,4820,256.2708,76.93,78.50,0.0500,1.102288
1166,loot,static_B_2020.01.16_10.43.34.csv,1388,124.3013,0.00,-74.04,0.0500,1.002286
1167,redandblack,static_B_2020.01.16_10.43.34.csv,608,287.0279,44.00,94.75,0.0500,1.068281
1168,soldier,static_B_2020.01.16_10.43.34.csv,2228,252.0394,81.58,72.89,0.0500,1.010093
1169,longdress,static_B_2020.02.27_18.39.27.csv,4940,261.9791,66.10,72.63,0.0500,1.081773
1170,loot,static_B_2020.02.13_13.57.29.csv,803,227.7387,36.26,41.44,0.0500,1.096279
1171,redandblack,static_B_2020.01.16_10.43.34.csv,668,281.9182,58.00,92.82,0.0500,1.072576
1172,soldier,static_B_2020.02.13_13.57.29.csv,2243,160.7551,0.00,-39.39,0.0500,1.209802
1173,longdress,static_B_2020.01.16_10.43.34.csv,2588,224.7213,52.38,46.17,0.0500,0.978717
1174,loot,static_B_2020.02.27_18.39.27.csv,3440,283.2321,100.00,93.08,0.0500,0.892033
1175,redandblack,static_B_2020.01.16_10.43.34.csv,2408,238.6661,63.97,70.33,0.0500,1.109817
1176,soldier,static_B_2020.02.27_18.39.27.csv,800,252.3481,81.63,74.34,0.0500,1.114363
1177,longdress,static_B_2020.01.16_10.43.34.csv,1748,284.7253,100.00,93.11,0.0500,0.879976
1178,loot,static_B_2020.02.13_13.57.29.csv,2903,274.6672,100.00,86.00,0.0500,0.944529
1179,redandblack,static_B_2019.12.16_13.40.04.csv,1233,239.9831,62.99,69.56,0.0500,1.070568
1180,soldier,static_B_2020.02.27_18.39.27.csv,4280,253.8748,80.46,72.74,0.0500,1.064378
1181,longdress,static_B_2020.02.27_18.39.27.csv,2300,206.8938,56.27,50.66,0.0500,1.089101
1182,loot,static_B_2020.02.27_18.39.27.csv,500,261.7385,84.05,77.43,0.0500,0.984998
1183,redandblack,static_B_2020.02.13_13.57.29.csv,1703,152.1619,0.00,-3.09,0.0500,1.069369
1184,soldier,static_B_2020.02.27_18.39.27.csv,3740,285.9735,100.00,92.40,0.0500,1.159724
1185,longdress,static_B_2020.01.16_10.43.34.csv,1028,239.4225,58.01,53.58,0.0500,0.932190
1186,loot,static_B_2020.01.16_10.43.34.csv,1447,278.9653,96.00,90.73,0.0500,1.122630
1187,redandblack,static_B_2020.02.13_13.57.29.csv,2945,243.4629,58.45,54.72,0.0500,0.871165
1188,soldier,static_B_2020.02.27_18.39.27.csv,3098,124.2592,0.72,10.29,0.0500,1.055498
1189,longdress,static_B_2020.02.27_18.39.27.csv,38,289.1153,100.00,95.64,0.0500,1.099434
1190,loot,static_B_2020.02.27_18.39.27.csv,398,286.0384,100.00,93.42,0.0500,0.952280
1191,redandblack,static_B_2019.12.16_13.40.04.csv,98,254.6125,83.32,79.04,0.0500,1.164163
1192,soldier,static_B_2020.02.13_13.57.29.csv,1207,229.0769,57.67,61.73,0.0500,0.929556
1193,longdress,static_B_2020.02.27_18.39.27.csv,758,284.1759,100.00,93.90,0.0500,1.017284
1194,loot,static_B_2020.02.13_13.57.29.csv,7,221.4270,44.57,51.77,0.0500,1.100565
1195,redandblack,static_B_2020.02.27_18.39.27.csv,4178,271.0579,48.00,87.83,0.0500,1.050792
1196,soldier,static_B_2020.02.27_18.39.27.csv,1358,271.3172,100.00,85.47,0.0500,0.865653
1197,longdress,static_B_2020.01.16_10.43.34.csv,1867,286.0213,100.00,94.66,0.0500,1.005382
1198,loot,static_B_2020.02.27_18.39.27.csv,1958,207.6008,17.02,38.68,0.0500,0.937046
1199,redandblack,static_B_2020.01.16_10.43.34.csv,307,285.0086,100.00,94.01,0.0500,0.980466
1200,soldier,static_B_2020.02.27_18.39.27.csv,3518,226.7849,56.76,59.53,0.0500,1.002359
1201,longdress,static_B_2019.12.16_13.40.04.csv,938,194.0534,56.86,48.37,0.0500,0.997046
1202,loot,static_B_2020.02.27_18.39.27.csv,5738,261.9448,71.77,76.77,0.0500,1.243651
1203,redandblack,static_B_2020.02.27_18.39.27.csv,5498,277.3556,100.00,88.58,0.0500,1.006734
1204,soldier,static_B_2019.12.16_13.40.04.csv,1658,215.4758,13.24,32.21,0.0500,1.213272
1205,longdress,static_B_2020.02.13_13.57.29.csv,667,121.1490,0.00,-53.77,0.0500,1.044931
1206,loot,static_B_2020.02.27_18.39.27.csv,4538,236.6855,64.75,66.64,0.0500,1.087099
1207,redandblack,static_B_2020.02.27_18.39.27.csv,938,265.7544,84.49,79.69,0.0500,1.154356
1208,soldier,static_B_2020.02.27_18.39.27.csv,5558,281.5652,70.00,92.97,0.0500,1.101109
1209,longdress,static_B_2019.12.16_13.40.04.csv,638,210.7848,51.74,48.21,0.0500,1.150702
1210,loot,static_B_2019.12.16_13.40.04.csv,1058,221.2748,27.63,37.28,0.0500,1.085264
1211,redandblack,static_B_2020.02.13_13.57.29.csv,367,205.4700,2.95,24.05,0.0500,1.099273
1212,soldier,static_B_2020.02.27_18.39.27.csv,878,226.9597,30.30,36.90,0.0500,1.252794
1213,longdress,static_B_2020.02.13_13.57.29.csv,1507,139.2767,0.00,7.58,0.0500,1.126110
1214,loot,static_B_2020.01.16_10.43.34.csv,2167,232.6594,58.40,63.01,0.0500,0.991626
1215,redandblack,static_B_2020.01.16_10.43.34.csv,2827,168.9435,6.54,26.84,0.0500,1.147133
1216,soldier,static_B_2020.01.16_10.43.34.csv,3109,261.3884,87.36,83.06,0.0500,1.145981
1217,longdress,static_B_2020.02.13_13.57.29.csv,1387,277.6755,100.00,83.63,0.0500,1.014720
1218,loot,static_B_2020.02.27_18.39.27.csv,4898,190.8850,8.60,32.00,0.0500,1.111781
1219,redandblack,static_B_2020.02.27_18.39.27.csv,3218,280.8300,58.00,92.05,0.0500,1.397054
1220,soldier,static_B_2020.02.27_18.39.27.csv,1118,123.0885,0.00,-63.46,0.0500,1.032745
1221,longdress,static_B_2020.01.16_10.43.34.csv,2527,276.5590,100.00,89.47,0.0500,1.214309
1222,loot,static_B_2020.02.27_18.39.27.csv,2018,273.7103,98.00,87.19,0.0500,1.095290
1223,redandblack,static_B_2020.02.13_13.57.29.csv,967,40.5419,0.00,-339.93,0.0500,0.997132
1224,soldier,static_B_2020.02.27_18.39.27.csv,3338,239.7880,43.77,54.56,0.0500,1.040789
1225,longdress,static_B_2020.01.16_10.43.34.csv,1807,275.1521,100.00,86.57,0.0500,0.989212
1226,loot,static_B_2020.02.13_13.57.29.csv,247,274.8137,100.00,88.73,0.0500,1.125591
1227,redandblack,static_B_2020.02.27_18.39.27.csv,3578,258.9420,50.01,54.06,0.0500,1.003741
1228,soldier,static_B_2019.12.16_13.40.04.csv,158,217.6761,6.10,18.04,0.0500,1.127480
1229,longdress,static_B_2020.02.27_18.39.27.csv,4658,86.9808,0.00,-253.45,0.0500,1.179924
1230,loot,static_B_2020.01.16_10.43.34.csv,427,156.1319,0.00,-53.02,0.0500,1.135063
1231,redandblack,static_B_2020.02.27_18.39.27.csv,2798,266.8782,80.00,85.04,0.0500,1.099571
1232,soldier,static_B_2019.12.16_13.40.04.csv,758,285.0963,100.00,93.15,0.0500,0.955378
1233,longdress,static_B_2020.02.27_18.39.27.csv,4358,218.1357,45.78,48.26,0.0500,1.068265
1234,loot,static_B_2020.02.27_18.39.27.csv,1778,130.6711,0.00,-413.93,0.0500,0.898995
1235,redandblack,static_B_2020.01.16_10.43.34.csv,367,286.0915,100.00,91.22,0.0500,1.036652
1236,soldier,static_B_2019.12.16_13.40.04.csv,1598,272.3366,100.00,79.89,0.0500,1.175362
1237,longdress,static_B_2020.02.27_18.39.27.csv,4118,252.5647,77.77,70.62,0.0500,1.136697
1238,loot,static_B_2019.12.16_13.40.04.csv,1538,277.7768,100.00,87.87,0.0500,0.930084
1239,redandblack,static_B_2020.02.27_18.39.27.csv,4478,212.9369,53.48,56.49,0.0500,1.048380
1240,soldier,static_B_2020.02.27_18.39.27.csv,2258,230.8346,62.93,62.19,0.0500,1.097294
1241,longdress,static_B_2020.02.13_13.57.29.csv,2887,157.8112,0.00,-27.59,0.0500,1.078192
1242,loot,static_B_2020.02.27_18.39.27.csv,1898,267.9264,80.08,85.06,0.0500,1.155369
1243,redandblack,static_B_2020.02.27_18.39.27.csv,5198,270.0814,100.00,86.77,0.0500,1.042668
1244,soldier,static_B_2020.02.13_13.57.29.csv,1327,193.8171,27.93,39.80,0.0500,1.011593
1245,longdress,static_B_2020.01.16_10.43.34.csv,1627,273.6376,100.00,88.67,0.0500,1.058622
1246,loot,static_B_2020.02.13_13.57.29.csv,67,181.4725,0.00,-71.16,0.0500,1.211370
1247,redandblack,static_B_2020.02.13_13.57.29.csv,1267,193.7852,12.19,36.50,0.0500,1.011199
1248,soldier,static_B_2020.02.13_13.57.29.csv,487,164.7324,0.00,7.28,0.0500,0.978908
1249,longdress,static_B_2020.01.16_10.43.34.csv,2227,243.7947,82.27,67.54,0.0500,0.945786
1250,loot,static_B_2020.02.27_18.39.27.csv,2618,282.8799,100.00,91.20,0.0500,1.122935
1251,redandblack,static_B_2020.02.13_13.57.29.csv,427,280.5323,90.00,91.67,0.0500,0.955853
1252,soldier,static_B_2020.02.27_18.39.27.csv,5318,266.1489,71.03,77.20,0.0500,1.130595
1253,longdress,static_B_2020.02.13_13.57.29.csv,547,228.9790,17.20,31.62,0.0500,1.125319
1254,loot,static_B_2020.01.16_10.43.34.csv,1327,257.6026,81.22,79.31,0.0500,1.138797
1255,redandblack,static_B_2020.02.27_18.39.27.csv,2138,245.7798,65.35,69.93,0.0500,1.235255
1256,soldier,static_B_2019.12.16_13.40.04.csv,278,235.2181,50.64,59.53,0.0500,1.227508
1257,longdress,static_B_2020.02.27_18.39.27.csv,5138,282.3332,100.00,92.03,0.0500,1.290677
1258,loot,static_B_2020.01.16_10.43.34.csv,547,249.5730,76.21,74.05,0.0500,1.048545
1259,redandblack,static_B_2020.02.27_18.39.27.csv,1178,195.8463,0.00,-201.30,0.0500,1.116935
1260,soldier,static_B_2019.12.16_13.40.04.csv,1118,91.3500,0.00,-488.23,0.0500,1.127520
1261,longdress,static_B_2020.02.27_18.39.27.csv,518,172.5958,16.02,24.15,0.0500,1.221928
1262,loot,static_B_2020.02.13_13.57.29.csv,2347,215.8267,53.20,53.21,0.0500,1.182622
1263,redandblack,static_B_2020.01.16_10.43.34.csv,907,191.4455,18.97,34.35,0.0500,1.234729
1264,soldier,static_B_2019.12.16_13.40.04.csv,1178,181.6052,22.14,34.36,0.0500,1.120421
1265,longdress,static_B_2020.01.16_10.43.34.csv,727,257.2524,80.73,81.19,0.0500,1.141071
1266,loot,static_B_2020.01.16_10.43.34.csv,2287,214.3579,55.05,51.53,0.0500,1.292790
1267,redandblack,static_B_2020.02.13_13.57.29.csv,607,173.5850,0.00,-20.88,0.0500,1.160981
1268,soldier,static_B_2020.01.16_10.43.34.csv,607,287.7277,100.00,94.36,0.0500,1.194031
1269,longdress,static_B_2020.02.13_13.57.29.csv,1927,244.2374,75.97,69.66,0.0500,1.160650
1270,loot,static_B_2020.02.13_13.57.29.csv,1687,203.5869,0.00,-19.39,0.0500,1.117567
1271,redandblack,static_B_2020.02.13_13.57.29.csv,1987,266.0209,45.33,56.92,0.0500,1.300122
1272,soldier,static_B_2020.01.16_10.43.34.csv,2347,258.2581,31.66,39.30,0.0500,1.103612
1273,longdress,static_B_2020.02.13_13.57.29.csv,1867,229.9234,0.00,-39.52,0.0500,1.051566
1274,loot,static_B_2019.12.16_13.40.04.csv,1778,224.7512,42.24,47.91,0.0500,1.150904
1275,redandblack,static_B_2020.02.27_18.39.27.csv,278,234.9092,69.47,59.29,0.0500,1.275294
1276,soldier,static_B_2020.02.27_18.39.27.csv,3878,170.3265,0.00,-18.11,0.0500,1.111826
1277,longdress,static_B_2020.01.16_10.43.34.csv,1507,255.3032,83.80,71.37,0.0500,1.277530
1278,loot,static_B_2020.02.13_13.57.29.csv,1147,179.2385,0.00,25.63,0.0500,1.135053
1279,redandblack,static_B_2020.01.16_10.43.34.csv,127,213.3087,0.00,11.99,0.0500,1.192869
1280,soldier,static_B_2020.02.27_18.39.27.csv,5378,271.7684,81.64,87.06,0.0500,1.151854
1281,longdress,static_B_2020.02.13_13.57.29.csv,1087,160.9888,0.00,6.07,0.0500,1.058768
1282,loot,static_B_2019.12.16_13.40.04.csv,1418,271.3694,86.70,85.69,0.0500,1.010363
1283,redandblack,static_B_2020.02.13_13.57.29.csv,2527,229.7339,50.98,59.80,0.0500,1.243604
1284,soldier,static_B_2020.02.27_18.39.27.csv,4238,224.1365,35.89,40.87,0.0500,1.083479
1285,longdress,static_B_2020.02.27_18.39.27.csv,1658,239.3632,64.27,46.59,0.0500,1.072462
1286,loot,static_B_2020.02.27_18.39.27.csv,4418,254.9970,81.45,77.69,0.0500,1.227311
1287,redandblack,static_B_2020.02.27_18.39.27.csv,1598,216.1917,33.67,50.34,0.0500,1.275413
1288,soldier,static_B_2020.02.27_18.39.27.csv,3278,279.9044,100.00,89.25,0.0500,1.179524
1289,longdress,static_B_2020.02.13_13.57.29.csv,727,204.9400,21.95,33.44,0.0500,1.235857
1290,loot,static_B_2020.02.27_18.39.27.csv,5742,272.5988,64.46,75.37,0.0500,1.088874
1291,redandblack,static_B_2019.12.16_13.40.04.csv,818,280.9278,100.00,86.30,0.0500,1.178949
1292,soldier,static_B_2020.02.13_13.57.29.csv,847,158.9522,0.00,20.77,0.0500,1.082336
1293,longdress,static_B_2020.02.27_18.39.27.csv,158,271.8814,86.28,87.99,0.0500,1.187540
1294,loot,static_B_2020.01.16_10.43.34.csv,1567,261.7769,66.09,71.09,0.0500,1.125216
1295,redandblack,static_B_2020.01.16_10.43.34.csv,1207,259.6456,63.45,69.10,0.0500,1.113133
1296,soldier,static_B_2020.02.27_18.39.27.csv,3638,259.1479,76.58,78.12,0.0500,1.059979
1297,longdress,static_B_2020.02.13_13.57.29.csv,2227,231.9432,63.67,59.76,0.0500,1.235008
1298,loot,static_B_2019.12.16_13.40.04.csv,1904,291.8113,44.00,96.55,0.0500,1.219880
1299,redandblack,static_B_2020.02.27_18.39.27.csv,5258,277.1730,50.00,89.70,0.0500,1.086855
1300,soldier,static_B_2020.02.13_13.57.29.csv,307,282.6989,100.00,89.16,0.0500,1.172598
1301,longdress,static_B_2020.02.13_13.57.29.csv,2407,168.5787,4.87,30.57,0.0500,1.105438
1302,loot,static_B_2020.02.27_18.39.27.csv,2738,292.0464,100.00,96.79,0.0500,1.392487
1303,redandblack,static_B_2019.12.16_13.40.04.csv,518,252.3169,74.22,74.61,0.0500,0.991630
1304,soldier,static_B_2020.01.16_10.43.34.csv,67,208.3666,0.00,8.53,0.0500,1.209332
1305,longdress,static_B_2020.02.27_18.39.27.csv,2318,221.6244,60.52,51.73,0.0500,1.235651
1306,loot,static_B_2019.12.16_13.40.04.csv,338,161.5301,0.00,0.09,0.0500,1.126053
1307,redandblack,static_B_2020.02.27_18.39.27.csv,3458,285.8767,100.00,90.30,0.0500,1.216402
1308,soldier,static_B_2020.01.16_10.43.34.csv,3109,282.9976,86.60,92.62,0.0500,1.168569
1309,longdress,static_B_2020.02.27_18.39.27.csv,698,240.0921,57.96,51.14,0.0500,1.205568
1310,loot,static_B_2020.02.27_18.39.27.csv,1058,265.2824,73.71,66.05,0.0500,1.226973
1311,redandblack,static_B_2020.02.27_18.39.27.csv,4718,256.5384,68.53,69.51,0.0500,1.209992
1312,soldier,static_B_2020.02.27_18.39.27.csv,2198,222.3874,0.00,2.59,0.0500,1.093741
1313,longdress,static_B_2020.01.16_10.43.34.csv,2467,253.6788,74.40,76.62,0.0500,1.167292
1314,loot,static_B_2020.02.27_18.39.27.csv,5678,289.9638,100.00,94.65,0.0500,1.102110
1315,redandblack,static_B_2020.02.27_18.39.27.csv,3158,132.0171,0.00,-284.45,0.0500,1.103838
1316,soldier,static_B_2020.02.13_13.57.29.csv,1807,239.7961,18.99,37.16,0.0500,1.290426
1317,longdress,static_B_2019.12.16_13.40.04.csv,1718,245.7446,72.12,66.22,0.0500,1.218553
1318,loot,static_B_2020.01.16_10.43.34.csv,967,252.2804,54.97,56.10,0.0500,1.143186
1319,redandblack,static_B_2020.02.27_18.39.27.csv,2918,237.8052,76.79,65.53,0.0500,1.055770
1320,soldier,static_B_2020.02.27_18.39.27.csv,2558,240.7957,0.00,1.93,0.0500,1.235513
1321,longdress,static_B_2020.02.13_13.57.29.csv,2647,277.9905,100.00,90.15,0.0500,1.151510
1322,loot,static_B_2020.02.13_13.57.29.csv,2167,244.7478,55.66,49.69,0.0500,1.189568
1323,redandblack,static_B_2020.02.27_18.39.27.csv,458,255.5903,34.10,31.65,0.0500,1.065323
1324,soldier,static_B_2020.02.27_18.39.27.csv,1718,222.6523,24.30,36.56,0.0500,1.206247
1325,longdress,static_B_2020.02.27_18.39.27.csv,2978,245.6910,57.46,50.78,0.0500,1.206168
1326,loot,static_B_2020.02.27_18.39.27.csv,4298,266.1322,100.00,80.58,0.0500,1.024605
1327,redandblack,static_B_2020.01.16_10.43.34.csv,1267,248.9740,86.45,71.17,0.0500,1.231173
1328,soldier,static_B_2020.02.27_18.39.27.csv,1478,197.4000,0.00,1.93,0.0500,1.020506
1329,longdress,static_B_2020.02.13_13.57.29.csv,2587,238.5045,0.00,15.17,0.0500,1.318644
1330,loot,static_B_2020.02.13_13.57.29.csv,1027,204.2248,30.87,44.39,0.0500,1.187222
1331,redandblack,static_B_2020.01.16_10.43.34.csv,1927,272.7773,100.00,88.70,0.0500,1.248571
1332,soldier,static_B_2020.02.13_13.57.29.csv,1567,199.3979,0.00,-9.46,0.0500,0.978226
1333,longdress,static_B_2020.02.27_18.39.27.csv,3998,282.8232,100.00,92.57,0.0500,1.338227
1334,loot,static_B_2020.02.13_13.57.29.csv,2767,226.9706,57.05,60.55,0.0500,1.254400
1335,redandblack,static_B_2020.02.27_18.39.27.csv,4958,262.9004,64.40,71.07,0.0500,1.078870
1336,soldier,static_B_2020.01.16_10.43.34.csv,1987,280.6782,100.00,87.21,0.0500,1.365980
1337,longdress,static_B_2020.01.16_10.43.34.csv,1087,194.5341,39.89,41.44,0.0500,1.188576
1338,loot,static_B_2020.02.27_18.39.27.csv,2438,284.7502,48.00,92.81,0.0500,1.363972
1339,redandblack,static_B_2020.02.27_18.39.27.csv,1238,280.4391,100.00,90.33,0.0500,1.281484
1340,soldier,static_B_2020.02.27_18.39.27.csv,5078,289.8275,100.00,95.33,0.0500,1.119986
1341,longdress,static_B_2019.12.16_13.40.04.csv,38,181.9109,0.00,16.45,0.0500,1.254708
1342,loot,static_B_2020.02.13_13.57.29.csv,2047,289.2266,66.00,95.26,0.0500,1.279039
1343,redandblack,static_B_2020.02.27_18.39.27.csv,2858,254.8807,79.41,79.33,0.0500,1.133004
1344,soldier,static_B_2019.12.16_13.40.04.csv,698,284.5671,100.00,92.89,0.0500,1.117829
1345,longdress,static_B_2020.01.16_10.43.34.csv,2887,160.5926,0.00,27.66,0.0500,1.153713
1346,loot,static_B_2020.02.27_18.39.27.csv,3398,292.0963,58.00,96.72,0.0500,1.096478
1347,redandblack,static_B_2020.02.13_13.57.29.csv,1447,177.3543,0.00,7.65,0.0500,1.228365
1348,soldier,static_B_2020.02.27_18.39.27.csv,2498,228.8644,24.96,36.19,0.0500,1.117211
1349,longdress,static_B_2020.02.27_18.39.27.csv,5018,235.4337,48.60,52.16,0.0500,1.149282
1350,loot,static_B_2020.02.13_13.57.29.csv,787,194.4866,1.43,21.62,0.0500,1.056936
1351,redandblack,static_B_2020.01.16_10.43.34.csv,247,253.8894,78.22,77.15,0.0500,1.040354
1352,soldier,static_B_2020.02.27_18.39.27.csv,5438,174.8550,0.00,16.93,0.0500,1.413249
1353,longdress,static_B_2020.02.13_13.57.29.csv,2945,223.9166,38.98,41.10,0.0500,1.239934
1354,loot,static_B_2020.01.16_10.43.34.csv,2047,271.4636,78.05,84.32,0.0500,1.188785
1355,redandblack,static_B_2020.01.16_10.43.34.csv,2407,236.0829,57.38,67.45,0.0500,1.274966
1356,soldier,static_B_2020.02.13_13.57.29.csv,187,174.1774,58.04,42.39,0.0500,1.218709
1357,longdress,static_B_2020.02.27_18.39.27.csv,4838,271.1913,100.00,86.50,0.0500,1.286871
1358,loot,static_B_2019.12.16_13.40.04.csv,1904,283.2458,44.00,92.46,0.0500,1.443926
1359,redandblack,static_B_2020.02.13_13.57.29.csv,2107,168.9004,1.58,26.67,0.0500,1.168859
1360,soldier,static_B_2020.02.27_18.39.27.csv,218,238.4098,0.00,18.77,0.0500,1.244974
1361,longdress,static_B_2020.02.27_18.39.27.csv,4058,276.6610,100.00,89.00,0.0500,1.359388
1362,loot,static_B_2020.02.27_18.39.27.csv,4598,201.1682,25.94,39.71,0.0500,1.223904
1363,redandblack,static_B_2020.02.13_13.57.29.csv,2467,235.0896,12.81,30.11,0.0500,1.161472
1364,soldier,static_B_2020.02.27_18.39.27.csv,1838,257.3179,56.77,61.05,0.0500,1.218552
1365,longdress,static_B_2020.02.27_18.39.27.csv,98,255.3860,64.48,67.37,0.0500,1.330534
1366,loot,static_B_2020.01.16_10.43.34.csv,3067,284.0064,46.00,92.41,0.0500,1.120752
1367,redandblack,static_B_2019.12.16_13.40.04.csv,398,240.4618,56.85,47.43,0.0500,1.331044
1368,soldier,static_B_2020.02.27_18.39.27.csv,3038,220.0710,56.20,54.40,0.0500,1.135097
1369,longdress,static_B_2020.02.13_13.57.29.csv,1747,224.0003,11.70,23.99,0.0500,1.253198
1370,loot,static_B_2019.12.16_13.40.04.csv,1358,187.7565,0.00,-53.81,0.0500,1.293247
1371,redandblack,static_B_2020.02.27_18.39.27.csv,3938,269.1759,48.00,85.44,0.0500,1.144671
1372,soldier,static_B_2020.02.27_18.39.27.csv,578,284.5667,100.00,92.70,0.0500,1.195211
1373,longdress,static_B_2020.02.27_18.39.27.csv,3698,282.1827,100.00,91.82,0.0500,1.386100
1374,loot,static_B_2019.12.16_13.40.04.csv,1478,285.4629,48.00,93.11,0.0500,1.248857
1375,redandblack,static_B_2020.02.27_18.39.27.csv,5742,249.6403,63.25,63.77,0.0500,1.102660
1376,soldier,static_B_2020.02.27_18.39.27.csv,1298,294.1198,100.00,97.71,0.0500,1.218299
1377,longdress,static_B_2020.01.16_10.43.34.csv,2107,207.4659,51.96,49.69,0.0500,1.075005
1378,loot,static_B_2020.01.16_10.43.34.csv,1387,129.6653,0.00,-49.91,0.0500,1.193469
1379,redandblack,static_B_2020.01.16_10.43.34.csv,2767,261.6143,39.57,42.83,0.0500,1.242866
1380,soldier,static_B_2020.01.16_10.43.34.csv,7,257.5010,74.06,75.30,0.0500,1.259213
1381,longdress,static_B_2020.02.27_18.39.27.csv,818,249.3402,66.47,68.57,0.0500,1.149560
1382,loot,static_B_2020.02.13_13.57.29.csv,1627,213.4988,39.61,55.05,0.0500,1.235410
1383,redandblack,static_B_2020.01.16_10.43.34.csv,487,242.7743,57.40,64.85,0.0500,1.235110
1384,soldier,static_B_2020.01.16_10.43.34.csv,1747,273.1253,100.00,86.48,0.0500,1.245173
1385,longdress,static_B_2020.02.27_18.39.27.csv,5618,289.5970,100.00,92.23,0.0500,1.134440
1386,loot,static_B_2020.01.16_10.43.34.csv,1027,269.4247,58.61,65.38,0.0500,1.155398
1387,redandblack,static_B_2020.01.16_10.43.34.csv,847,264.2856,60.93,69.27,0.0500,1.341106
1388,soldier,static_B_2020.02.27_18.39.27.csv,338,242.7248,0.00,13.55,0.0500,1.116295
1389,longdress,static_B_2019.12.16_13.40.04.csv,998,201.1564,25.88,25.51,0.0500,1.263634
1390,loot,static_B_2019.12.16_13.40.04.csv,1298,282.9353,100.00,84.25,0.0500,1.273225
1391,redandblack,static_B_2020.02.27_18.39.27.csv,3818,193.7649,0.00,-19.26,0.0500,1.123184
1392,soldier,static_B_2019.12.16_13.40.04.csv,458,203.8014,0.00,-285.38,0.0500,1.234394
1393,longdress,static_B_2019.12.16_13.40.04.csv,218,169.8092,0.00,-19.82,0.0500,1.312580
1394,loot,static_B_2019.12.16_13.40.04.csv,1898,283.2623,66.00,92.13,0.0500,1.166378
1395,redandblack,static_B_2020.01.16_10.43.34.csv,2707,244.7077,83.75,68.74,0.0500,1.266283
1396,soldier,static_B_2020.02.27_18.39.27.csv,3758,264.4247,77.52,69.36,0.0500,1.270747
1397,longdress,static_B_2020.02.27_18.39.27.csv,638,286.4529,100.00,94.02,0.0500,1.443478
1398,loot,static_B_2020.02.27_18.39.27.csv,2378,275.9280,68.00,88.31,0.0500,1.172118
1399,redandblack,static_B_2019.12.16_13.40.04.csv,878,235.0531,75.48,66.61,0.0500,1.221000
1400,soldier,static_B_2020.01.16_10.43.34.csv,1687,286.4347,100.00,86.70,0.0500,1.197751
1401,longdress,static_B_2020.01.16_10.43.34.csv,3007,247.4729,83.38,76.15,0.0500,1.097638
1402,loot,static_B_2020.02.27_18.39.27.csv,1418,274.8711,81.47,87.81,0.0500,1.215200
1403,redandblack,static_B_2020.02.27_18.39.27.csv,1538,258.3512,59.62,62.58,0.0500,1.387100
1404,soldier,static_B_2020.01.16_10.43.34.csv,2587,229.1452,49.24,42.10,0.0500,1.224601
1405,longdress,static_B_2020.01.16_10.43.34.csv,2647,246.4297,72.24,65.14,0.0500,1.299114
1406,loot,static_B_2019.12.16_13.40.04.csv,1838,250.0814,57.90,46.08,0.0500,1.273859
1407,redandblack,static_B_2020.01.16_10.43.34.csv,2947,221.2333,47.18,50.70,0.0500,1.262164
1408,soldier,static_B_2020.02.13_13.57.29.csv,127,255.0447,84.63,80.65,0.0500,1.129193
1409,longdress,static_B_2020.02.27_18.39.27.csv,2078,247.4747,82.44,68.81,0.0500,1.143519
1410,loot,static_B_2020.02.27_18.39.27.csv,998,269.5638,84.65,81.09,0.0500,1.222901
1411,redandblack,static_B_2020.02.13_13.57.29.csv,2707,244.1968,77.96,65.03,0.0500,1.186662
1412,soldier,static_B_2020.02.13_13.57.29.csv,2287,248.4025,76.13,66.79,0.0500,1.139874
1413,longdress,static_B_2020.01.16_10.43.34.csv,787,239.1351,84.83,73.41,0.0500,1.193647
1414,loot,static_B_2019.12.16_13.40.04.csv,578,248.0837,76.83,68.56,0.0500,1.254957
1415,redandblack,static_B_2020.01.16_10.43.34.csv,667,287.2903,46.00,94.83,0.0500,1.419976
1416,soldier,static_B_2020.02.27_18.39.27.csv,2678,182.6806,13.23,23.57,0.0500,1.279800
1417,longdress,static_B_2020.02.13_13.57.29.csv,2827,215.2079,39.63,35.13,0.0500,1.302676
1418,loot,static_B_2020.01.16_10.43.34.csv,187,291.7014,100.00,96.61,0.0500,1.323549
1419,redandblack,static_B_2020.02.13_13.57.29.csv,907,175.4516,0.00,25.53,0.0500,1.299492
1420,soldier,static_B_2020.01.16_10.43.34.csv,1147,149.8549,0.00,-61.15,0.0500,1.309445
1421,longdress,static_B_2020.02.27_18.39.27.csv,4778,273.0589,81.18,86.68,0.0500,1.400172
1422,loot,static_B_2019.12.16_13.40.04.csv,1238,262.7402,79.15,78.93,0.0500,1.163951
1423,redandblack,static_B_2020.02.13_13.57.29.csv,2060,276.2384,48.00,88.92,0.0500,1.340480
1424,soldier,static_B_2020.02.27_18.39.27.csv,4288,244.5371,82.36,70.58,0.0500,1.272874
1425,longdress,static_B_2019.12.16_13.40.04.csv,987,222.1684,76.64,62.02,0.0500,1.243505
1426,loot,static_B_2020.02.13_13.57.29.csv,2540,218.6979,19.88,30.96,0.0500,1.253380
1427,redandblack,static_B_2020.02.27_18.39.27.csv,748,283.0779,100.00,92.68,0.0500,1.166471
1428,soldier,static_B_2020.02.13_13.57.29.csv,1940,193.1256,53.66,47.99,0.0500,1.225902
1429,longdress,static_B_2020.01.16_10.43.34.csv,1957,271.6552,100.00,86.08,0.0500,1.374287
1430,loot,static_B_2020.01.16_10.43.34.csv,2377,291.0255,50.00,96.03,0.0500,1.189783
1431,redandblack,static_B_2020.02.13_13.57.29.csv,1100,189.1253,1.05,30.01,0.0500,1.153585
1432,soldier,static_B_2020.02.13_13.57.29.csv,1280,224.1435,61.14,46.35,0.0500,1.343555
1433,longdress,static_B_2020.01.16_10.43.34.csv,1717,192.5107,45.97,43.79,0.0500,1.269067
1434,loot,static_B_2020.01.16_10.43.34.csv,3109,279.9950,100.00,90.43,0.0500,1.206571
1435,redandblack,static_B_2020.02.27_18.39.27.csv,2548,273.0234,100.00,85.46,0.0500,1.173142
1436,soldier,static_B_2019.12.16_13.40.04.csv,567,227.2783,42.15,46.97,0.0500,1.153808
1437,longdress,static_B_2020.02.27_18.39.27.csv,1348,261.2383,52.76,52.38,0.0500,1.180045
1438,loot,static_B_2020.02.27_18.39.27.csv,208,228.1307,0.00,-15.27,0.0500,1.196428
1439,redandblack,static_B_2020.02.27_18.39.27.csv,4048,280.9888,82.00,91.80,0.0500,1.212215
1440,soldier,static_B_2020.01.16_10.43.34.csv,37,174.5162,53.44,41.97,0.0500,1.297359
1441,longdress,static_B_2019.12.16_13.40.04.csv,1407,220.9742,47.76,51.84,0.0500,1.265016
1442,loot,static_B_2020.01.16_10.43.34.csv,1537,275.0330,48.00,87.83,0.0500,1.160867
1443,redandblack,static_B_2020.02.27_18.39.27.csv,5742,248.2758,63.63,62.64,0.0500,1.341825
1444,soldier,static_B_2020.02.13_13.57.29.csv,380,199.0802,49.02,40.65,0.0500,1.106543
1445,longdress,static_B_2020.02.13_13.57.29.csv,980,70.2811,0.00,-278.73,0.0500,1.115162
1446,loot,static_B_2019.12.16_13.40.04.csv,507,283.6343,100.00,92.34,0.0500,1.394334
1447,redandblack,static_B_2020.02.27_18.39.27.csv,148,266.4585,100.00,84.31,0.0500,1.284652
1448,soldier,static_B_2020.02.13_13.57.29.csv,920,142.7417,0.00,10.15,0.0500,1.284852
1449,longdress,static_B_2020.01.16_10.43.34.csv,1477,211.2068,85.13,62.27,0.0500,1.164911
1450,loot,static_B_2020.01.16_10.43.34.csv,457,169.8207,0.18,21.47,0.0500,1.069154
1451,redandblack,static_B_2020.02.27_18.39.27.csv,2248,244.9170,77.08,67.15,0.0500,1.146957
1452,soldier,static_B_2020.02.27_18.39.27.csv,3148,122.4578,0.00,-319.25,0.0500,1.468171
1453,longdress,static_B_2019.12.16_13.40.04.csv,327,153.0204,31.34,30.06,0.0500,1.483804
1454,loot,static_B_2020.02.13_13.57.29.csv,2720,283.4458,100.00,89.18,0.0500,1.300112
1455,redandblack,static_B_2019.12.16_13.40.04.csv,1587,287.8855,100.00,95.26,0.0500,1.360977
1456,soldier,static_B_2020.01.16_10.43.34.csv,577,213.9839,100.00,69.04,0.0500,1.359204
1457,longdress,static_B_2020.02.27_18.39.27.csv,5188,212.8077,50.14,48.13,0.0500,1.423302
1458,loot,static_B_2020.02.27_18.39.27.csv,4648,78.1561,0.00,-251.91,0.0500,1.269477
1459,redandblack,static_B_2020.01.16_10.43.34.csv,1897,238.6191,80.97,73.44,0.0500,1.518436
1460,soldier,static_B_2020.02.13_13.57.29.csv,2360,179.8097,56.33,40.06,0.0500,1.356953
1461,longdress,static_B_2020.02.27_18.39.27.csv,2008,160.9042,0.00,19.04,0.0500,1.241732
1462,loot,static_B_2020.02.13_13.57.29.csv,1760,252.8113,79.81,76.64,0.0500,1.361361
1463,redandblack,static_B_2020.02.27_18.39.27.csv,3928,274.6667,100.00,88.46,0.0500,1.292299
1464,soldier,static_B_2020.02.27_18.39.27.csv,4108,279.2423,83.98,91.00,0.0500,1.194109
1465,longdress,static_B_2020.02.27_18.39.27.csv,4408,245.4932,73.62,64.10,0.0500,1.284996
1466,loot,static_B_2020.02.27_18.39.27.csv,568,282.1735,46.00,91.51,0.0500,1.155533
1467,redandblack,static_B_2019.12.16_13.40.04.csv,747,281.0844,62.00,91.75,0.0500,1.385170
1468,soldier,static_B_2020.01.16_10.43.34.csv,217,212.7384,0.00,7.77,0.0500,1.388477
1469,longdress,static_B_2020.02.27_18.39.27.csv,5248,287.4936,100.00,95.14,0.0500,1.336598
1470,loot,static_B_2019.12.16_13.40.04.csv,1527,291.8155,100.00,96.56,0.0500,1.179450
1471,redandblack,static_B_2020.01.16_10.43.34.csv,2257,259.6255,83.05,76.25,0.0500,1.450210
1472,soldier,static_B_2019.12.16_13.40.04.csv,1904,274.1491,74.00,87.42,0.0500,1.466434
1473,longdress,static_B_2020.01.16_10.43.34.csv,757,180.2050,59.90,38.88,0.0500,1.388927
1474,loot,static_B_2020.02.27_18.39.27.csv,2428,283.3574,76.00,92.01,0.0500,1.385867
1475,redandblack,static_B_2020.02.13_13.57.29.csv,2420,174.7503,0.00,-10.27,0.0500,1.295621
1476,soldier,static_B_2020.02.13_13.57.29.csv,140,251.5359,63.80,58.46,0.0500,1.247514
1477,longdress,static_B_2020.02.27_18.39.27.csv,1228,266.3837,79.69,84.92,0.0500,1.281497
1478,loot,static_B_2020.02.27_18.39.27.csv,4528,249.6466,63.57,67.16,0.0500,1.235973
1479,redandblack,static_B_2020.02.27_18.39.27.csv,508,223.8172,55.73,57.03,0.0500,1.275097
1480,soldier,static_B_2020.02.27_18.39.27.csv,3748,275.9987,100.00,88.22,0.0500,1.302401
1481,longdress,static_B_2020.02.27_18.39.27.csv,5608,285.4709,100.00,93.68,0.0500,1.367318
1482,loot,static_B_2020.02.27_18.39.27.csv,5742,254.5619,64.94,66.36,0.0500,1.463566
1483,redandblack,static_B_2020.02.27_18.39.27.csv,4168,262.7281,69.97,76.66,0.0500,1.249524
1484,soldier,static_B_2019.12.16_13.40.04.csv,687,243.9609,36.82,36.26,0.0500,1.245762
1485,longdress,static_B_2020.02.13_13.57.29.csv,1220,260.0908,79.08,77.67,0.0500,1.416323
1486,loot,static_B_2020.02.13_13.57.29.csv,2660,285.0961,100.00,92.32,0.0500,1.434137
1487,redandblack,static_B_2020.02.27_18.39.27.csv,4768,283.6812,58.00,92.98,0.0500,1.155367
1488,soldier,static_B_2020.02.27_18.39.27.csv,1888,280.0030,78.00,90.14,0.0500,1.402057
1489,longdress,static_B_2020.01.16_10.43.34.csv,1117,183.0467,35.06,43.36,0.0500,1.394366
1490,loot,static_B_2020.01.16_10.43.34.csv,277,288.8178,50.00,95.56,0.0500,1.284657
1491,redandblack,static_B_2020.02.27_18.39.27.csv,3328,233.7909,0.00,19.17,0.0500,1.156157
1492,soldier,static_B_2020.02.27_18.39.27.csv,448,232.5479,72.11,58.71,0.0500,1.386905
1493,longdress,static_B_2020.01.16_10.43.34.csv,3097,278.8955,100.00,90.62,0.0500,1.257266
1494,loot,static_B_2020.02.27_18.39.27.csv,2668,184.6897,0.00,11.86,0.0500,1.247669
1495,redandblack,static_B_2020.02.13_13.57.29.csv,1700,199.5490,34.21,48.31,0.0500,1.115376
1496,soldier,static_B_2019.12.16_13.40.04.csv,147,190.8380,0.00,6.85,0.0500,1.230619
1497,longdress,static_B_2020.01.16_10.43.34.csv,3109,277.3514,83.65,90.56,0.0500,1.286112
1498,loot,static_B_2020.02.13_13.57.29.csv,500,235.8938,77.17,67.34,0.0500,1.247313
1499,redandblack,static_B_2020.02.27_18.39.27.csv,2068,271.9088,100.00,77.59,0.0500,1.215931
1500,soldier,static_B_2019.12.16_13.40.04.csv,1904,291.8574,66.00,96.45,0.0500,1.286061
1501,longdress,static_B_2020.02.27_18.39.27.csv,2788,287.2251,100.00,94.14,0.0500,1.284582
1502,loot,static_B_2020.02.27_18.39.27.csv,4348,234.1467,46.73,60.97,0.0500,1.505983
1503,redandblack,static_B_2020.01.16_10.43.34.csv,1777,272.4257,79.89,84.55,0.0500,1.406755
1504,soldier,static_B_2020.02.27_18.39.27.csv,2968,250.8975,58.49,54.37,0.0500,1.308427
1505,longdress,static_B_2020.02.27_18.39.27.csv,4888,131.6022,0.00,-17.97,0.0500,1.487207
1506,loot,static_B_2020.02.13_13.57.29.csv,2480,247.5194,27.09,29.90,0.0500,1.370949
1507,redandblack,static_B_2020.01.16_10.43.34.csv,877,152.3347,0.00,10.46,0.0500,1.221499
1508,soldier,static_B_2019.12.16_13.40.04.csv,867,212.5106,29.01,34.87,0.0500,1.368065
1509,longdress,static_B_2020.02.13_13.57.29.csv,560,257.8101,65.82,71.85,0.0500,1.499439
1510,loot,static_B_2019.12.16_13.40.04.csv,927,204.2705,19.28,38.56,0.0500,1.265512
1511,redandblack,static_B_2020.02.27_18.39.27.csv,988,252.4980,29.54,32.74,0.0500,1.329202
1512,soldier,static_B_2020.01.16_10.43.34.csv,2137,252.2867,65.60,62.28,0.0500,1.281568
1513,longdress,static_B_2019.12.16_13.40.04.csv,387,233.1592,76.33,64.56,0.0500,1.428531
1514,loot,static_B_2020.02.27_18.39.27.csv,3628,231.4436,15.29,24.59,0.0500,1.323652
1515,redandblack,static_B_2020.02.27_18.39.27.csv,5368,268.8336,82.44,87.07,0.0500,1.521193
1516,soldier,static_B_2020.02.13_13.57.29.csv,1520,136.5574,0.00,3.18,0.0500,1.153274
1517,longdress,static_B_2020.01.16_10.43.34.csv,157,211.5407,0.00,-8.46,0.0500,1.289371
1518,loot,static_B_2020.01.16_10.43.34.csv,2077,208.2384,40.52,41.25,0.0500,1.309340
1519,redandblack,static_B_2020.02.13_13.57.29.csv,2240,222.5551,50.47,55.17,0.0500,1.324180
1520,soldier,static_B_2019.12.16_13.40.04.csv,1167,187.8193,22.87,34.98,0.0500,1.464067
1521,longdress,static_B_2020.02.27_18.39.27.csv,4708,242.5032,65.87,60.87,0.0500,1.486632
1522,loot,static_B_2020.02.27_18.39.27.csv,2368,248.1686,0.00,-140.22,0.0500,1.467382
1523,redandblack,static_B_2019.12.16_13.40.04.csv,267,209.1416,28.44,29.94,0.0500,1.323080
1524,soldier,static_B_2020.02.27_18.39.27.csv,3268,242.0716,17.65,38.23,0.0500,1.265632
1525,longdress,static_B_2020.02.13_13.57.29.csv,2180,198.6423,15.69,30.54,0.0500,1.298037
1526,loot,static_B_2020.01.16_10.43.34.csv,337,279.5325,42.00,90.18,0.0500,1.431208
1527,redandblack,static_B_2020.02.27_18.39.27.csv,3448,256.4885,33.09,42.60,0.0500,1.250439
1528,soldier,static_B_2020.01.16_10.43.34.csv,1657,213.0088,19.39,38.65,0.0500,1.073198
1529,longdress,static_B_2020.02.27_18.39.27.csv,388,256.5703,84.18,73.70,0.0500,1.364690
1530,loot,static_B_2020.01.16_10.43.34.csv,2197,225.2537,7.72,19.47,0.0500,1.373012
1531,redandblack,static_B_2020.02.27_18.39.27.csv,2488,282.6072,48.00,92.49,0.0500,1.432199
1532,soldier,static_B_2020.02.27_18.39.27.csv,1408,262.8939,78.21,76.85,0.0500,1.311514
1533,longdress,static_B_2020.01.16_10.43.34.csv,2737,234.4240,68.53,57.42,0.0500,1.434215
1534,loot,static_B_2020.02.13_13.57.29.csv,680,152.9150,0.00,-25.30,0.0500,1.313123
1535,redandblack,static_B_2020.02.13_13.57.29.csv,1160,224.6600,57.62,60.86,0.0500,1.461501
1536,soldier,static_B_2020.02.27_18.39.27.csv,688,281.9025,100.00,91.83,0.0500,1.331125
1537,longdress,static_B_2020.01.16_10.43.34.csv,2317,219.2495,0.00,-3.41,0.0500,1.269477
1538,loot,static_B_2020.02.27_18.39.27.csv,1708,214.2265,61.41,54.29,0.0500,1.498258
1539,redandblack,static_B_2020.02.27_18.39.27.csv,3688,282.4005,60.00,92.32,0.0500,1.363108
1540,soldier,static_B_2020.01.16_10.43.34.csv,937,249.2828,67.69,68.55,0.0500,1.345420
1541,longdress,static_B_2020.02.27_18.39.27.csv,1528,229.5567,58.09,45.80,0.0500,1.404622
1542,loot,static_B_2019.12.16_13.40.04.csv,1227,251.8688,60.73,64.54,0.0500,1.308819
1543,redandblack,static_B_2019.12.16_13.40.04.csv,1347,247.0596,100.00,72.92,0.0500,1.368445
1544,soldier,static_B_2019.12.16_13.40.04.csv,1707,235.1916,3.98,20.48,0.0500,1.537977
1545,longdress,static_B_2020.01.16_10.43.34.csv,637,220.3070,39.63,37.55,0.0500,1.492726
1546,loot,static_B_2020.02.13_13.57.29.csv,620,168.3290,0.00,-7.58,0.0500,1.371702
1547,redandblack,static_B_2020.01.16_10.43.34.csv,1237,250.2235,61.70,63.38,0.0500,1.260381
1548,soldier,static_B_2019.12.16_13.40.04.csv,1467,232.5253,0.00,17.94,0.0500,1.202045
1549,longdress,static_B_2020.02.13_13.57.29.csv,1820,283.4477,100.00,93.05,0.0500,1.536997
1550,loot,static_B_2020.01.16_10.43.34.csv,2437,230.6717,23.99,36.51,0.0500,1.252039
1551,redandblack,static_B_2020.02.27_18.39.27.csv,3088,160.8697,1.15,20.86,0.0500,1.390067
1552,soldier,static_B_2020.02.27_18.39.27.csv,4828,276.7741,100.00,91.26,0.0500,1.708302
1553,longdress,static_B_2020.02.13_13.57.29.csv,440,149.7800,0.00,13.80,0.0500,1.226085
1554,loot,static_B_2020.02.13_13.57.29.csv,80,197.7825,0.00,-24.13,0.0500,1.364186
1555,redandblack,static_B_2020.01.16_10.43.34.csv,1177,221.0690,58.52,55.82,0.0500,1.355623
1556,soldier,static_B_2020.01.16_10.43.34.csv,697,270.5817,76.30,84.68,0.0500,1.389681
1557,longdress,static_B_2020.02.13_13.57.29.csv,740,172.7362,0.00,7.18,0.0500,1.436019
1558,loot,static_B_2019.12.16_13.40.04.csv,447,229.5284,24.95,44.50,0.0500,1.411164
1559,redandblack,static_B_2020.01.16_10.43.34.csv,517,277.6151,100.00,81.83,0.0500,1.437162
1560,soldier,static_B_2020.01.16_10.43.34.csv,2617,272.9703,82.58,83.40,0.0500,1.274217
1561,longdress,static_B_2020.01.16_10.43.34.csv,1837,279.0764,74.00,91.30,0.0500,1.471225
1562,loot,static_B_2020.02.13_13.57.29.csv,2840,147.2965,0.00,-14.70,0.0500,1.574294
1563,redandblack,static_B_2020.01.16_10.43.34.csv,397,195.8871,27.96,40.87,0.0500,1.239099
1564,soldier,static_B_2020.02.13_13.57.29.csv,2300,158.2421,0.00,12.18,0.0500,1.450003
1565,longdress,static_B_2020.02.13_13.57.29.csv,20,290.7227,100.00,96.42,0.0500,1.419497
1566,loot,static_B_2020.01.16_10.43.34.csv,2677,244.7578,66.85,62.20,0.0500,1.464437
1567,redandblack,static_B_2020.02.27_18.39.27.csv,1048,260.0796,75.43,71.92,0.0500,1.481662
1568,soldier,static_B_2020.01.16_10.43.34.csv,1357,244.6858,43.08,47.47,0.0500,1.304390
1569,longdress,static_B_2020.02.27_18.39.27.csv,5728,240.2936,60.55,64.72,0.0500,1.423534
1570,loot,static_B_2020.02.13_13.57.29.csv,2120,187.3878,0.00,27.66,0.0500,1.391353
1571,redandblack,static_B_2020.02.27_18.39.27.csv,4588,214.9134,36.95,49.29,0.0500,1.395304
1572,soldier,static_B_2020.02.27_18.39.27.csv,868,209.8550,10.29,32.13,0.0500,1.555869
1573,longdress,static_B_2020.02.13_13.57.29.csv,1040,185.1258,37.05,42.83,0.0500,1.440288
1574,loot,static_B_2020.02.13_13.57.29.csv,1340,214.5280,28.78,47.03,0.0500,1.275143
1575,redandblack,static_B_2019.12.16_13.40.04.csv,627,186.4347,0.00,16.34,0.0500,1.427425
1576,soldier,static_B_2020.02.13_13.57.29.csv,1880,205.9088,0.00,-36.67,0.0500,1.267739
1577,longdress,static_B_2020.02.27_18.39.27.csv,5428,150.7137,0.00,16.89,0.0500,1.512566
1578,loot,static_B_2019.12.16_13.40.04.csv,1647,282.7013,100.00,92.29,0.0500,1.413901
1579,redandblack,static_B_2020.02.27_18.39.27.csv,2188,258.3493,61.06,67.01,0.0500,1.411047
1580,soldier,static_B_2020.02.27_18.39.27.csv,628,295.9370,100.00,98.44,0.0500,1.361136
1581,longdress,static_B_2020.02.27_18.39.27.csv,4948,267.9021,62.12,71.98,0.0500,1.447210
1582,loot,static_B_2020.02.27_18.39.27.csv,5668,288.6275,100.00,94.75,0.0500,1.222084
1583,redandblack,static_B_2020.01.16_10.43.34.csv,2857,178.6621,0.00,0.34,0.0500,1.334001
1584,soldier,static_B_2020.02.27_18.39.27.csv,3508,221.8121,0.00,7.56,0.0500,1.442210
1585,longdress,static_B_2020.02.13_13.57.29.csv,1460,211.8767,54.77,54.67,0.0500,1.397993
1586,loot,static_B_2020.02.13_13.57.29.csv,2945,265.3971,54.88,56.17,0.0500,1.322864
1587,redandblack,static_B_2020.02.27_18.39.27.csv,28,281.4126,52.00,92.02,0.0500,1.425126
1588,soldier,static_B_2019.12.16_13.40.04.csv,1287,222.8619,59.63,55.73,0.0500,1.396188
1589,longdress,static_B_2020.02.27_18.39.27.csv,928,220.4061,24.62,47.16,0.0500,1.393041
1590,loot,static_B_2020.02.27_18.39.27.csv,1828,264.1407,62.31,70.97,0.0500,1.450739
1591,redandblack,static_B_2020.02.27_18.39.27.csv,4228,280.2110,82.00,91.22,0.0500,1.168817
1592,soldier,static_B_2020.02.27_18.39.27.csv,1648,245.3406,74.94,65.26,0.0500,1.492472
1593,longdress,static_B_2020.02.27_18.39.27.csv,268,236.1328,75.38,59.32,0.0500,1.453631
1594,loot,static_B_2020.01.16_10.43.34.csv,1057,214.6489,30.68,48.38,0.0500,1.565640
1595,redandblack,static_B_2020.01.16_10.43.34.csv,3037,277.5503,58.41,88.47,0.0500,1.471214
1596,soldier,static_B_2020.01.16_10.43.34.csv,2017,175.4786,0.00,-52.00,0.0500,1.263804
1597,longdress,static_B_2019.12.16_13.40.04.csv,1887,279.7050,100.00,92.18,0.0500,1.407959
1598,loot,static_B_2020.02.13_13.57.29.csv,200,231.6055,0.00,19.15,0.0500,1.387494
1599,redandblack,static_B_2020.02.27_18.39.27.csv,5008,252.5850,59.11,57.38,0.0500,1.387536
1600,soldier,static_B_2020.02.27_18.39.27.csv,5128,290.5030,100.00,95.82,0.0500,1.511650
1601,longdress,static_B_2019.12.16_13.40.04.csv,87,290.0684,100.00,96.25,0.0500,1.378351
1602,loot,static_B_2020.02.27_18.39.27.csv,2608,275.4929,82.19,87.49,0.0500,1.632276
1603,redandblack,static_B_2020.02.27_18.39.27.csv,2728,283.6041,100.00,89.25,0.0500,1.395959
1604,soldier,static_B_2020.02.27_18.39.27.csv,88,291.7651,100.00,96.19,0.0500,1.501876
1605,longdress,static_B_2020.02.27_18.39.27.csv,3808,218.7787,0.00,5.32,0.0500,1.268366
1606,loot,static_B_2020.02.27_18.39.27.csv,3988,291.2257,46.00,96.27,0.0500,1.362642
1607,redandblack,static_B_2020.02.13_13.57.29.csv,860,124.6031,0.00,-12.43,0.0500,1.393197
1608,soldier,static_B_2020.02.27_18.39.27.csv,808,243.2091,75.00,62.86,0.0500,1.475775
1609,longdress,static_B_2020.02.27_18.39.27.csv,2908,202.4685,35.70,41.59,0.0500,1.243601
1610,loot,static_B_2020.02.13_13.57.29.csv,260,281.0450,100.00,89.86,0.0500,1.362518
1611,redandblack,static_B_2020.02.13_13.57.29.csv,1400,287.7494,100.00,95.07,0.0500,1.297259
1612,soldier,static_B_2020.02.13_13.57.29.csv,1640,172.6093,0.00,-22.01,0.0500,1.455500
1613,longdress,static_B_2020.02.27_18.39.27.csv,4468,170.2839,36.15,33.33,0.0500,1.332701
1614,loot,static_B_2019.12.16_13.40.04.csv,1047,200.9808,0.00,17.98,0.0500,1.343165
1615,redandblack,static_B_2020.01.16_10.43.34.csv,97,176.1858,0.00,26.14,0.0500,1.464629
1616,soldier,static_B_2020.02.27_18.39.27.csv,2308,229.9086,21.83,38.74,0.0500,1.248298
1617,longdress,static_B_2020.02.27_18.39.27.csv,1468,198.8383,0.00,2.94,0.0500,1.338883
1618,loot,static_B_2020.02.27_18.39.27.csv,1288,227.9859,58.40,63.76,0.0500,1.287109
1619,redandblack,static_B_2020.02.27_18.39.27.csv,1768,206.5905,31.26,46.83,0.0500,1.430815
1620,soldier,static_B_2020.02.27_18.39.27.csv,3208,295.3479,100.00,98.24,0.0500,1.630842
1621,longdress,static_B_2020.02.27_18.39.27.csv,5308,288.3528,100.00,95.55,0.0500,1.345617
1622,loot,static_B_2019.12.16_13.40.04.csv,1827,229.1646,45.19,49.71,0.0500,1.536942
1623,redandblack,static_B_2020.02.27_18.39.27.csv,3028,210.8109,45.37,46.71,0.0500,1.370302
1624,soldier,static_B_2019.12.16_13.40.04.csv,207,203.0887,0.00,-9.40,0.0500,1.287388
1625,longdress,static_B_2020.02.27_18.39.27.csv,5548,264.8755,82.35,83.92,0.0500,1.433981
1626,loot,static_B_2020.02.13_13.57.29.csv,1580,241.9097,28.97,43.52,0.0500,1.393479
1627,redandblack,static_B_2020.02.27_18.39.27.csv,3388,283.0878,56.00,92.58,0.0500,1.314979
1628,soldier,static_B_2020.01.16_10.43.34.csv,2497,288.4211,100.00,95.07,0.0500,1.346350
1629,longdress,static_B_2020.02.13_13.57.29.csv,2000,276.7276,83.42,86.56,0.0500,1.424775
1630,loot,static_B_2020.02.13_13.57.29.csv,2945,257.0757,59.25,57.94,0.0500,1.550606
1631,redandblack,static_B_2020.01.16_10.43.34.csv,997,270.2331,83.94,79.11,0.0500,1.449965
1632,soldier,static_B_2020.02.13_13.57.29.csv,2600,198.3762,5.11,24.22,0.0500,1.337971
1633,longdress,static_B_2020.02.27_18.39.27.csv,1168,141.4337,0.00,-180.20,0.0500,1.483938
1634,loot,static_B_2020.02.13_13.57.29.csv,320,227.7734,32.26,44.27,0.0500,1.339413
1635,redandblack,static_B_2020.02.27_18.39.27.csv,2848,259.3553,80.85,81.41,0.0500,1.416806
1636,soldier,static_B_2020.02.13_13.57.29.csv,2780,205.6412,55.75,45.13,0.0500,1.664393
1637,longdress,static_B_2020.01.16_10.43.34.csv,1297,241.6491,56.81,63.22,0.0500,1.508303
1638,loot,static_B_2020.01.16_10.43.34.csv,2917,144.4036,0.00,-51.23,0.0500,1.445349
1639,redandblack,static_B_2019.12.16_13.40.04.csv,1767,272.2528,100.00,79.60,0.0500,1.269146
1640,soldier,static_B_2020.02.27_18.39.27.csv,3868,197.6147,0.00,1.53,0.0500,1.408709
1641,longdress,static_B_2020.02.27_18.39.27.csv,5068,266.7500,33.01,45.65,0.0500,1.317263
1642,loot,static_B_2020.01.16_10.43.34.csv,817,281.7620,100.00,91.29,0.0500,1.476277
1643,redandblack,static_B_2019.12.16_13.40.04.csv,1107,150.5168,0.00,-451.01,0.0500,1.371428
1644,soldier,static_B_2020.01.16_10.43.34.csv,2797,229.9675,59.10,62.28,0.0500,1.216495
1645,longdress,static_B_2019.12.16_13.40.04.csv,27,268.3583,100.00,84.77,0.0500,1.404890
1646,loot,static_B_2020.02.27_18.39.27.csv,1948,259.7347,75.87,74.28,0.0500,1.387552
1647,redandblack,static_B_2020.02.27_18.39.27.csv,5488,264.3861,67.38,75.10,0.0500,1.497205
1648,soldier,static_B_2020.02.13_13.57.29.csv,2900,243.1909,53.55,63.92,0.0500,1.388604
1649,longdress,static_B_2020.01.16_10.43.34.csv,1597,290.6753,100.00,96.40,0.0500,1.435823
1650,loot,static_B_2020.02.27_18.39.27.csv,3568,175.4147,0.00,-6.14,0.0500,1.471682
1651,redandblack,static_B_2020.02.13_13.57.29.csv,800,233.0354,6.14,26.08,0.0500,1.519424
1652,soldier,static_B_2020.02.27_18.39.27.csv,328,203.2779,0.00,-40.22,0.0500,1.488457
1653,longdress,static_B_2020.01.16_10.43.34.csv,2977,194.1037,26.29,37.26,0.0500,1.391600
1654,loot,static_B_2020.01.16_10.43.34.csv,2557,265.4845,42.60,52.10,0.0500,1.320147
1655,redandblack,static_B_2019.12.16_13.40.04.csv,807,281.9062,100.00,91.52,0.0500,1.420364
1656,soldier,static_B_2020.02.27_18.39.27.csv,1588,200.8424,21.55,35.79,0.0500,1.270764
1657,longdress,static_B_2020.02.27_18.39.27.csv,2128,204.5580,38.66,49.96,0.0500,1.464640
1658,loot,static_B_2020.02.27_18.39.27.csv,1108,194.0483,0.00,29.02,0.0500,1.513416
1659,redandblack,static_B_2020.01.16_10.43.34.csv,1417,192.2443,0.00,-161.54,0.0500,1.495925
1660,soldier,static_B_2020.01.16_10.43.34.csv,3086,242.7575,62.62,71.12,0.0500,1.764093
1661,longdress,static_B_2020.02.27_18.39.27.csv,4065,255.0166,79.58,74.28,0.0500,1.606668
1662,loot,static_B_2020.01.16_10.43.34.csv,2006,176.5074,0.00,-10.96,0.0500,1.528845
1663,redandblack,static_B_2020.02.27_18.39.27.csv,5325,267.8178,52.00,84.99,0.0500,1.513538
1664,soldier,static_B_2020.02.13_13.57.29.csv,258,277.8382,100.00,90.76,0.0500,1.419396
1665,longdress,static_B_2020.02.27_18.39.27.csv,705,189.1754,20.16,-0.17,0.0500,1.512676
1666,loot,static_B_2020.02.27_18.39.27.csv,645,285.6680,100.00,93.29,0.0500,1.416751
1667,redandblack,static_B_2020.01.16_10.43.34.csv,2846,259.6640,53.67,61.76,0.0500,1.353484
1668,soldier,static_B_2020.02.27_18.39.27.csv,1185,219.9172,8.66,18.69,0.0500,1.560799
1669,longdress,static_B_2020.01.16_10.43.34.csv,1286,228.6011,41.15,60.25,0.0500,1.536233
1670,loot,static_B_2020.02.27_18.39.27.csv,1125,168.9402,0.00,-32.59,0.0500,1.723056
1671,redandblack,static_B_2020.01.16_10.43.34.csv,2066,226.8066,57.74,57.09,0.0500,1.745668
1672,soldier,static_B_2020.01.16_10.43.34.csv,626,252.7679,83.38,76.83,0.0500,1.583925
1673,longdress,static_B_2020.01.16_10.43.34.csv,1886,275.0041,100.00,88.56,0.0500,1.508228
1674,loot,static_B_2020.02.13_13.57.29.csv,798,245.5339,39.79,46.26,0.0500,1.298350
1675,redandblack,static_B_2020.01.16_10.43.34.csv,266,246.1835,56.77,54.68,0.0500,1.497971
1676,soldier,static_B_2020.02.13_13.57.29.csv,1398,272.9406,83.70,83.15,0.0500,1.305511
1677,longdress,static_B_2020.01.16_10.43.34.csv,2126,221.6644,0.00,9.37,0.0500,1.436177
1678,loot,static_B_2020.02.27_18.39.27.csv,1725,234.0319,37.65,44.85,0.0500,1.317099
1679,redandblack,static_B_2020.02.13_13.57.29.csv,558,262.3717,61.51,68.84,0.0500,1.459438
1680,soldier,static_B_2019.12.16_13.40.04.csv,1682,211.8649,55.33,50.80,0.0500,1.543037
1681,longdress,static_B_2020.01.16_10.43.34.csv,1646,287.2015,100.00,94.67,0.0500,1.381314
1682,loot,static_B_2020.02.13_13.57.29.csv,2178,237.8329,36.82,44.75,0.0500,1.480064
1683,redandblack,static_B_2020.02.13_13.57.29.csv,2538,207.8386,2.32,28.24,0.0500,1.426291
1684,soldier,static_B_2020.02.27_18.39.27.csv,4785,286.3760,100.00,94.28,0.0500,1.558534
1685,longdress,static_B_2020.01.16_10.43.34.csv,2246,211.7864,38.43,52.26,0.0500,1.587758
1686,loot,static_B_2020.02.27_18.39.27.csv,525,145.1621,0.00,-345.57,0.0500,1.436978
1687,redandblack,static_B_2020.02.13_13.57.29.csv,618,155.2565,0.00,-49.18,0.0500,1.339618
1688,soldier,static_B_2020.01.16_10.43.34.csv,2486,283.5173,100.00,92.03,0.0500,1.308880
1689,longdress,static_B_2019.12.16_13.40.04.csv,482,252.2238,67.37,64.99,0.0500,1.502772
1690,loot,static_B_2020.02.27_18.39.27.csv,5445,223.7934,36.37,52.35,0.0500,1.473699
1691,redandblack,static_B_2020.02.27_18.39.27.csv,1785,164.6283,0.00,-414.33,0.0500,1.441791
1692,soldier,static_B_2020.02.27_18.39.27.csv,1605,165.6241,55.48,37.93,0.0500,1.537426
1693,longdress,static_B_2020.01.16_10.43.34.csv,2546,231.5054,72.89,67.67,0.0500,1.531670
1694,loot,static_B_2020.02.13_13.57.29.csv,2658,282.1492,100.00,91.45,0.0500,1.450558
1695,redandblack,static_B_2020.02.27_18.39.27.csv,3705,271.9300,100.00,87.70,0.0500,1.485980
1696,soldier,static_B_2020.02.27_18.39.27.csv,1305,266.7842,63.47,71.92,0.0500,1.394413
1697,longdress,static_B_2020.01.16_10.43.34.csv,866,224.0827,47.12,38.33,0.0500,1.340691
1698,loot,static_B_2020.02.27_18.39.27.csv,1005,278.8645,100.00,88.69,0.0500,1.331234
1699,redandblack,static_B_2020.02.27_18.39.27.csv,2985,257.6122,59.74,61.29,0.0500,1.563234
1700,soldier,static_B_2020.02.27_18.39.27.csv,1245,277.6417,83.87,89.76,0.0500,1.502555
1701,longdress,static_B_2020.02.13_13.57.29.csv,1278,217.1526,47.84,49.91,0.0500,1.521912
1702,loot,static_B_2020.01.16_10.43.34.csv,2606,268.4205,75.71,83.46,0.0500,1.667052
1703,redandblack,static_B_2020.01.16_10.43.34.csv,746,180.6151,0.00,-11.66,0.0500,1.351755
1704,soldier,static_B_2020.02.27_18.39.27.csv,2205,251.2079,62.97,67.50,0.0500,1.571234
1705,longdress,static_B_2019.12.16_13.40.04.csv,1904,290.7933,100.00,96.46,0.0500,1.499274
1706,loot,static_B_2020.01.16_10.43.34.csv,566,238.0164,51.04,60.44,0.0500,1.625577
1707,redandblack,static_B_2020.01.16_10.43.34.csv,326,268.2084,100.00,85.70,0.0500,1.403691
1708,soldier,static_B_2020.02.27_18.39.27.csv,3285,288.1606,100.00,94.50,0.0500,1.569037
1709,longdress,static_B_2020.02.27_18.39.27.csv,5742,277.0217,68.71,77.16,0.0500,1.369988
1710,loot,static_B_2020.02.13_13.57.29.csv,2598,234.3253,25.61,47.93,0.0500,1.674309
1711,redandblack,static_B_2020.02.27_18.39.27.csv,5505,277.6948,52.00,90.23,0.0500,1.776301
1712,soldier,static_B_2020.02.13_13.57.29.csv,2945,219.3944,0.00,17.12,0.0500,1.444785
1713,longdress,static_B_2019.12.16_13.40.04.csv,1562,266.3116,100.00,86.32,0.0500,1.660527
1714,loot,static_B_2020.01.16_10.43.34.csv,506,278.7060,100.00,88.95,0.0500,1.609553
1715,redandblack,static_B_2020.01.16_10.43.34.csv,1226,252.3201,59.80,63.28,0.0500,1.468171
1716,soldier,static_B_2020.02.13_13.57.29.csv,2478,237.1385,13.01,30.78,0.0500,1.402605
1717,longdress,static_B_2020.02.27_18.39.27.csv,3645,240.6321,76.23,73.14,0.0500,1.421640
1718,loot,static_B_2020.01.16_10.43.34.csv,446,168.6454,0.00,13.22,0.0500,1.391882
1719,redandblack,static_B_2020.02.27_18.39.27.csv,1365,270.8672,100.00,85.78,0.0500,1.450405
1720,soldier,static_B_2019.12.16_13.40.04.csv,422,173.5751,23.14,14.67,0.0500,1.749393
1721,longdress,static_B_2020.01.16_10.43.34.csv,1526,276.6288,100.00,90.38,0.0500,1.752022
1722,loot,static_B_2019.12.16_13.40.04.csv,1802,273.8922,100.00,81.40,0.0500,1.529409
1723,redandblack,static_B_2019.12.16_13.40.04.csv,1322,242.2693,53.86,55.81,0.0500,1.502502
1724,soldier,static_B_2020.02.27_18.39.27.csv,285,199.1348,47.66,46.38,0.0500,1.577095
1725,longdress,static_B_2020.02.27_18.39.27.csv,5685,236.9023,74.82,64.05,0.0500,1.655721
1726,loot,static_B_2020.02.13_13.57.29.csv,138,239.5785,52.52,65.59,0.0500,1.668204
1727,redandblack,static_B_2020.02.27_18.39.27.csv,3825,226.2524,0.00,11.77,0.0500,1.430438
1728,soldier,static_B_2020.02.27_18.39.27.csv,2265,233.6162,62.23,62.62,0.0500,1.617547
1729,longdress,static_B_2019.12.16_13.40.04.csv,1202,184.3280,35.78,39.11,0.0500,1.340766
1730,loot,static_B_2020.02.27_18.39.27.csv,3045,227.0207,53.18,58.33,0.0500,1.390171
1731,redandblack,static_B_2019.12.16_13.40.04.csv,1442,279.8426,82.42,89.08,0.0500,1.462673
1732,soldier,static_B_2019.12.16_13.40.04.csv,242,179.3330,0.00,-12.94,0.0500,1.445831
1733,longdress,static_B_2019.12.16_13.40.04.csv,962,232.4928,31.53,37.94,0.0500,1.389782
1734,loot,static_B_2020.02.13_13.57.29.csv,438,175.9207,0.00,3.03,0.0500,1.530027
1735,redandblack,static_B_2020.02.27_18.39.27.csv,2565,283.6074,100.00,93.34,0.0500,1.377239
1736,soldier,static_B_2020.02.27_18.39.27.csv,585,287.4728,100.00,94.64,0.0500,1.679293
1737,longdress,static_B_2020.02.13_13.57.29.csv,378,191.1643,51.68,46.28,0.0500,1.487219
1738,loot,static_B_2020.02.27_18.39.27.csv,885,249.8110,57.47,55.66,0.0500,1.535337
1739,redandblack,static_B_2020.01.16_10.43.34.csv,3109,277.2472,100.00,89.72,0.0500,1.495344
1740,soldier,static_B_2020.01.16_10.43.34.csv,1706,246.4828,74.12,70.51,0.0500,1.446830
1741,longdress,static_B_2020.01.16_10.43.34.csv,806,255.8378,52.70,59.94,0.0500,1.589413
1742,loot,static_B_2020.01.16_10.43.34.csv,2186,246.5836,63.49,73.19,0.0500,1.414482
1743,redandblack,static_B_2020.02.27_18.39.27.csv,4845,275.1276,100.00,89.47,0.0500,1.553396
1744,soldier,static_B_2020.02.27_18.39.27.csv,165,273.3254,85.74,88.45,0.0500,1.549454
1745,longdress,static_B_2019.12.16_13.40.04.csv,1904,273.6748,80.00,88.93,0.0500,1.590527
1746,loot,static_B_2020.02.27_18.39.27.csv,4545,247.2655,62.68,70.04,0.0500,1.450352
1747,redandblack,static_B_2020.02.27_18.39.27.csv,2085,246.5938,76.76,74.33,0.0500,1.695251
1748,soldier,static_B_2020.02.13_13.57.29.csv,2945,224.2824,34.83,39.26,0.0500,1.600714
1749,longdress,static_B_2020.02.27_18.39.27.csv,2925,196.0064,34.66,46.80,0.0500,1.423712
1750,loot,static_B_2020.02.27_18.39.27.csv,3945,277.7096,46.00,90.80,0.0500,1.648651
1751,redandblack,static_B_2020.02.27_18.39.27.csv,5742,273.0979,100.00,88.45,0.0500,1.412447
1752,soldier,static_B_2019.12.16_13.40.04.csv,1142,163.0708,28.65,30.98,0.0500,1.550849
1753,longdress,static_B_2020.02.27_18.39.27.csv,2805,272.9766,84.31,88.05,0.0500,1.728435
1754,loot,static_B_2020.02.27_18.39.27.csv,4725,265.9427,66.25,71.38,0.0500,1.500258
1755,redandblack,static_B_2020.02.27_18.39.27.csv,5025,259.8525,70.24,74.97,0.0500,1.644743
1756,soldier,static_B_2020.02.27_18.39.27.csv,5205,105.1166,0.00,-8.22,0.0500,1.469309
1757,longdress,static_B_2020.02.13_13.57.29.csv,1518,142.5715,0.00,15.44,0.0500,1.410012
1758,loot,static_B_2020.02.27_18.39.27.csv,5565,283.5598,64.00,93.81,0.0500,1.485377
1759,redandblack,static_B_2020.01.16_10.43.34.csv,1406,157.8173,0.00,-210.69,0.0500,1.576506
1760,soldier,static_B_2020.02.13_13.57.29.csv,318,218.4988,24.33,39.60,0.0500,1.381060
1761,longdress,static_B_2020.01.16_10.43.34.csv,146,225.2011,83.45,65.16,0.0500,1.548630
1762,loot,static_B_2019.12.16_13.40.04.csv,362,230.7209,48.84,54.79,0.0500,1.558208
1763,redandblack,static_B_2020.02.13_13.57.29.csv,978,101.5689,0.00,-295.72,0.0500,1.498296
1764,soldier,static_B_2020.02.13_13.57.29.csv,918,129.0350,0.00,6.88,0.0500,1.530337
1765,longdress,static_B_2020.02.13_13.57.29.csv,1698,173.6570,33.86,40.18,0.0500,1.833510
1766,loot,static_B_2020.02.27_18.39.27.csv,2025,286.1178,72.00,93.63,0.0500,1.633512
1767,redandblack,static_B_2020.02.13_13.57.29.csv,738,187.3137,0.00,13.23,0.0500,1.506151
1768,soldier,static_B_2020.01.16_10.43.34.csv,386,260.5575,70.22,78.18,0.0500,1.579673
1769,longdress,static_B_2020.02.27_18.39.27.csv,1485,204.5853,38.39,49.03,0.0500,1.261468
1770,loot,static_B_2019.12.16_13.40.04.csv,122,291.7712,100.00,96.72,0.0500,1.660713
1771,redandblack,static_B_2020.02.13_13.57.29.csv,498,194.3896,6.54,24.92,0.0500,1.375057
1772,soldier,static_B_2019.12.16_13.40.04.csv,302,149.7486,32.43,24.70,0.0500,1.544327
1773,longdress,static_B_2020.02.27_18.39.27.csv,5145,264.4855,62.60,70.82,0.0500,1.623703
1774,loot,static_B_2020.02.13_13.57.29.csv,1638,175.1576,0.00,-4.98,0.0500,1.598946
1775,redandblack,static_B_2020.02.27_18.39.27.csv,3885,230.1666,2.62,21.51,0.0500,1.575521
1776,soldier,static_B_2020.02.27_18.39.27.csv,4305,204.8864,21.79,46.54,0.0500,1.463962
1777,longdress,static_B_2020.01.16_10.43.34.csv,2966,190.7812,21.36,29.43,0.0500,1.536025
1778,loot,static_B_2020.02.27_18.39.27.csv,5085,286.9456,87.80,95.04,0.0500,1.482463
1779,redandblack,static_B_2020.02.13_13.57.29.csv,2058,270.7377,62.00,86.39,0.0500,1.569545
1780,soldier,static_B_2020.01.16_10.43.34.csv,986,202.8934,34.93,41.50,0.0500,1.575708
1781,longdress,static_B_2020.01.16_10.43.34.csv,2786,262.5795,77.76,73.96,0.0500,1.558111
1782,loot,static_B_2019.12.16_13.40.04.csv,1022,223.0860,58.90,56.50,0.0500,1.427809
1783,redandblack,static_B_2020.02.27_18.39.27.csv,3105,155.6342,0.00,6.96,0.0500,1.612782
1784,soldier,static_B_2020.01.16_10.43.34.csv,206,273.3015,75.91,84.63,0.0500,1.712052
1785,longdress,static_B_2020.02.27_18.39.27.csv,3345,289.3800,100.00,93.56,0.0500,1.640115
1786,loot,static_B_2020.02.13_13.57.29.csv,678,128.4508,0.00,-80.10,0.0500,1.429659
1787,redandblack,static_B_2020.02.27_18.39.27.csv,105,258.9713,68.23,73.05,0.0500,1.687295
1788,soldier,static_B_2020.02.27_18.39.27.csv,2745,289.0957,100.00,94.84,0.0500,1.547857
1789,longdress,static_B_2020.02.27_18.39.27.csv,4185,165.1765,0.00,-17.64,0.0500,1.733588
1790,loot,static_B_2020.02.13_13.57.29.csv,1458,219.5877,44.19,54.01,0.0500,1.378696
1791,redandblack,static_B_2020.01.16_10.43.34.csv,1346,259.0047,54.71,54.97,0.0500,1.353286
1792,soldier,static_B_2020.01.16_10.43.34.csv,1946,231.9530,54.73,63.55,0.0500,1.525256
1793,longdress,static_B_2020.02.27_18.39.27.csv,45,266.4844,84.17,84.77,0.0500,1.638590
1794,loot,static_B_2020.02.13_13.57.29.csv,1098,209.6990,26.46,44.67,0.0500,1.553393
1795,redandblack,static_B_2020.02.13_13.57.29.csv,1218,280.9587,100.00,88.94,0.0500,1.666733
1796,soldier,static_B_2020.01.16_10.43.34.csv,2366,291.5797,100.00,96.15,0.0500,1.426900
1797,longdress,static_B_2019.12.16_13.40.04.csv,602,133.9413,0.00,-13.33,0.0500,1.473247
1798,loot,static_B_2020.01.16_10.43.34.csv,1106,193.3517,23.01,39.89,0.0500,1.387617
1799,redandblack,static_B_2020.02.27_18.39.27.csv,1425,254.7878,81.84,72.67,0.0500,1.482352
1800,soldier,static_B_2020.02.27_18.39.27.csv,4605,199.1196,51.15,50.23,0.0500,1.745252
1801,longdress,static_B_2020.01.16_10.43.34.csv,26,162.1319,30.18,29.68,0.0500,1.335218
1802,loot,static_B_2020.02.27_18.39.27.csv,4665,140.3688,0.00,-231.72,0.0500,1.908688
1803,redandblack,static_B_2019.12.16_13.40.04.csv,1382,236.2642,49.42,55.22,0.0500,1.568009
1804,soldier,static_B_2020.02.13_13.57.29.csv,1758,235.6957,17.95,32.12,0.0500,1.598248
1805,longdress,static_B_2020.01.16_10.43.34.csv,1466,254.8463,52.69,58.97,0.0500,1.588997
1806,loot,static_B_2019.12.16_13.40.04.csv,1082,171.3774,0.00,-302.41,0.0500,1.740524
1807,redandblack,static_B_2020.01.16_10.43.34.csv,1826,275.1569,100.00,87.52,0.0500,1.543867
1808,soldier,static_B_2020.02.13_13.57.29.csv,1938,201.0806,0.00,10.08,0.0500,1.537063
1809,longdress,static_B_2020.02.13_13.57.29.csv,1878,205.3577,0.00,-56.03,0.0500,1.672314
1810,loot,static_B_2020.02.27_18.39.27.csv,1545,256.4774,75.14,75.17,0.0500,1.749443
1811,redandblack,static_B_2020.02.27_18.39.27.csv,2145,262.5331,85.58,77.89,0.0500,1.668580
1812,soldier,static_B_2020.02.13_13.57.29.csv,2298,184.1158,23.10,32.38,0.0500,1.666790
1813,longdress,static_B_2020.02.13_13.57.29.csv,2718,224.1782,60.88,60.04,0.0500,1.594594
1814,loot,static_B_2020.02.27_18.39.27.csv,3765,268.3360,82.78,85.13,0.0500,1.581867
1815,redandblack,static_B_2020.01.16_10.43.34.csv,1766,278.5360,100.00,90.24,0.0500,1.706038
1816,soldier,static_B_2020.02.27_18.39.27.csv,2385,270.3616,100.00,86.77,0.0500,1.379107
1817,longdress,static_B_2020.01.16_10.43.34.csv,3109,275.1430,84.81,89.33,0.0500,1.496303
1818,loot,static_B_2020.02.27_18.39.27.csv,2325,246.9597,50.44,62.13,0.0500,1.496030
1819,redandblack,static_B_2019.12.16_13.40.04.csv,722,283.4622,46.00,93.60,0.0500,1.543963
1820,soldier,static_B_2020.02.27_18.39.27.csv,765,268.1794,78.34,84.35,0.0500,1.535437
1821,longdress,static_B_2020.02.27_18.39.27.csv,5265,288.0636,100.00,95.15,0.0500,1.586821
1822,loot,static_B_2019.12.16_13.40.04.csv,62,280.9318,98.00,91.24,0.0500,1.587731
1823,redandblack,static_B_2020.01.16_10.43.34.csv,2726,219.5625,50.11,52.11,0.0500,1.588751
1824,soldier,static_B_2020.02.13_13.57.29.csv,18,264.6288,100.00,85.01,0.0500,1.558943
1825,longdress,static_B_2020.02.27_18.39.27.csv,1065,204.8027,24.60,38.03,0.0500,1.596354
1826,loot,static_B_2020.02.13_13.57.29.csv,1578,271.6522,83.35,85.78,0.0500,1.399938
1827,redandblack,static_B_2020.02.13_13.57.29.csv,2778,228.3064,41.57,45.96,0.0500,1.469412
1828,soldier,static_B_2020.02.27_18.39.27.csv,2445,292.7806,100.00,97.08,0.0500,1.657290
1829,longdress,static_B_2020.01.16_10.43.34.csv,2906,177.1128,0.00,-33.22,0.0500,1.603685
1830,loot,static_B_2020.01.16_10.43.34.csv,2426,282.7628,42.00,92.06,0.0500,1.605461
1831,redandblack,static_B_2019.12.16_13.40.04.csv,902,193.7628,0.00,-19.66,0.0500,1.481318
1832,soldier,static_B_2020.02.27_18.39.27.csv,4905,198.3889,7.81,14.82,0.0500,1.716960
1833,longdress,static_B_2020.02.27_18.39.27.csv,4365,193.7264,4.86,19.45,0.0500,1.746564
1834,loot,static_B_2020.02.27_18.39.27.csv,5742,269.0526,64.57,73.70,0.0500,1.462898
1835,redandblack,static_B_2020.02.13_13.57.29.csv,1338,220.0162,53.43,48.02,0.0500,1.605061
1836,soldier,static_B_2020.02.27_18.39.27.csv,2625,201.2321,0.00,-55.55,0.0500,1.757468
1837,longdress,static_B_2020.02.27_18.39.27.csv,225,259.9535,81.74,75.77,0.0500,1.450717
1838,loot,static_B_2019.12.16_13.40.04.csv,662,277.0363,100.00,88.96,0.0500,1.473540
1839,redandblack,static_B_2020.02.27_18.39.27.csv,3585,253.4238,52.08,57.05,0.0500,1.477445
1840,soldier,static_B_2019.12.16_13.40.04.csv,1262,120.3780,0.00,-9.48,0.0500,1.565496
1841,longdress,static_B_2020.02.13_13.57.29.csv,1998,261.8859,81.55,78.80,0.0500,1.481179
1842,loot,static_B_2020.02.27_18.39.27.csv,345,278.6199,42.27,54.21,0.0500,1.577546
1843,redandblack,static_B_2019.12.16_13.40.04.csv,1742,264.9069,31.91,44.30,0.0500,1.539680
1844,soldier,static_B_2020.02.13_13.57.29.csv,2838,122.4282,0.00,-9.93,0.0500,1.532845
1845,longdress,static_B_2020.02.13_13.57.29.csv,1038,187.7557,41.96,46.47,0.0500,1.408673
1846,loot,static_B_2020.02.27_18.39.27.csv,4425,290.0441,100.00,94.34,0.0500,1.407274
1847,redandblack,static_B_2020.02.27_18.39.27.csv,5385,289.2190,54.00,95.89,0.0500,1.583061
1848,soldier,static_B_2020.01.16_10.43.34.csv,926,230.4620,75.69,65.62,0.0500,1.621355
1849,longdress,static_B_2020.02.27_18.39.27.csv,2865,238.2811,53.52,59.79,0.0500,1.745754
1850,loot,static_B_2020.01.16_10.43.34.csv,1166,191.3805,24.37,35.75,0.0500,1.481885
1851,redandblack,static_B_2020.01.16_10.43.34.csv,3026,250.7745,57.22,61.58,0.0500,1.465957
1852,soldier,static_B_2020.02.27_18.39.27.csv,945,261.9110,70.44,70.66,0.0500,1.585203
1853,longdress,static_B_2020.01.16_10.43.34.csv,2666,190.4844,2.80,23.23,0.0500,1.615472
1854,loot,static_B_2020.02.27_18.39.27.csv,2505,274.5039,76.65,83.14,0.0500,1.623937
1855,redandblack,static_B_2020.02.27_18.39.27.csv,3165,211.5517,0.00,-226.73,0.0500,1.723928
1856,soldier,static_B_2020.02.27_18.39.27.csv,3405,272.9277,100.00,88.03,0.0500,1.733184
1857,longdress,static_B_2020.02.13_13.57.29.csv,78,157.5494,7.53,20.06,0.0500,1.467237
1858,loot,static_B_2020.02.27_18.39.27.csv,5625,282.0184,100.00,92.16,0.0500,1.852597
1859,redandblack,static_B_2019.12.16_13.40.04.csv,1502,282.2520,44.00,93.47,0.0500,1.595163
1860,soldier,static_B_2020.02.27_18.39.27.csv,465,223.3932,9.34,17.64,0.0500,1.720399
1861,longdress,static_B_2020.02.13_13.57.29.csv,2118,162.0877,82.14,40.26,0.0500,1.610719
1862,loot,static_B_2020.02.27_18.39.27.csv,2685,234.6166,64.86,51.05,0.0500,1.712439
1863,redandblack,static_B_2020.02.13_13.57.29.csv,198,196.9847,0.00,-0.89,0.0500,1.659087
1864,soldier,static_B_2020.02.13_13.57.29.csv,858,113.8930,0.00,-1.42,0.0500,1.714026
1865,longdress,static_B_2020.02.27_18.39.27.csv,4245,261.0866,61.34,67.84,0.0500,1.601332
1866,loot,static_B_2020.02.13_13.57.29.csv,2418,172.6218,0.00,-8.57,0.0500,1.672931
1867,redandblack,static_B_2020.01.16_10.43.34.csv,86,157.7954,0.00,-0.07,0.0500,1.778954
1868,soldier,static_B_2020.01.16_10.43.34.csv,686,276.8342,48.00,89.05,0.0500,1.661348
1869,longdress,static_B_2020.01.16_10.43.34.csv,1046,109.9717,12.00,3.37,0.0500,1.689382
1870,loot,static_B_2020.02.27_18.39.27.csv,1665,236.9805,42.14,52.29,0.0500,1.774310
1871,redandblack,static_B_2020.02.27_18.39.27.csv,4125,278.5203,84.00,90.63,0.0500,1.490249
1872,soldier,static_B_2020.02.27_18.39.27.csv,1845,258.0543,59.07,64.89,0.0500,1.727274
1873,longdress,static_B_2020.01.16_10.43.34.csv,1586,288.0960,100.00,95.34,0.0500,1.562554
1874,loot,static_B_2019.12.16_13.40.04.csv,782,289.6215,62.00,95.46,0.0500,1.517993
1875,redandblack,static_B_2020.02.13_13.57.29.csv,1818,249.2140,29.14,49.75,0.0500,1.545858
1876,soldier,static_B_2020.02.27_18.39.27.csv,4965,234.1220,46.70,55.18,0.0500,1.520718
1877,longdress,static_B_2020.02.27_18.39.27.csv,405,256.1367,70.66,67.52,0.0500,1.557269
1878,loot,static_B_2020.02.27_18.39.27.csv,3225,274.7480,52.00,89.28,0.0500,1.782859
1879,redandblack,static_B_2019.12.16_13.40.04.csv,1862,141.5242,0.00,-253.63,0.0500,1.581073
1880,soldier,static_B_2020.02.27_18.39.27.csv,4005,157.7804,23.76,27.43,0.0500,1.434844
1881,longdress,static_B_2019.12.16_13.40.04.csv,182,218.1807,32.71,34.40,0.0500,1.623662
1882,loot,static_B_2019.12.16_13.40.04.csv,842,258.8505,79.78,80.64,0.0500,1.547669
1883,redandblack,static_B_2020.02.13_13.57.29.csv,2238,220.5070,51.82,49.09,0.0500,1.656375
1884,soldier,static_B_2019.12.16_13.40.04.csv,1622,213.4846,0.00,11.79,0.0500,1.495838
1885,longdress,static_B_2019.12.16_13.40.04.csv,542,234.0174,0.00,13.95,0.0500,1.615054
1886,loot,static_B_2020.02.13_13.57.29.csv,2898,229.3039,5.42,22.07,0.0500,1.614532
1887,redandblack,static_B_2019.12.16_13.40.04.csv,2,277.1731,100.00,90.41,0.0500,1.309922
1888,soldier,static_B_2020.02.27_18.39.27.csv,4485,230.3365,63.47,64.49,0.0500,1.610718
1889,longdress,static_B_2020.02.27_18.39.27.csv,1905,260.4500,78.14,76.55,0.0500,1.762820
1890,loot,static_B_2020.02.27_18.39.27.csv,3465,282.8338,100.00,89.44,0.0500,1.715122
1891,redandblack,static_B_2020.02.27_18.39.27.csv,825,262.6801,80.77,79.94,0.0500,1.690693
1892,soldier,static_B_2020.01.16_10.43.34.csv,2306,130.4006,0.00,-225.26,0.0500,1.580755
1893,longdress,static_B_2020.02.13_13.57.29.csv,2358,154.9809,55.60,31.42,0.0500,1.586494
1894,loot,static_B_2020.02.27_18.39.27.csv,3525,256.9173,81.15,73.86,0.0500,1.619283
1895,redandblack,static_B_2020.02.13_13.57.29.csv,1158,205.2607,33.40,48.53,0.0500,1.651755
1896,soldier,static_B_2020.02.27_18.39.27.csv,1965,192.5618,79.11,55.16,0.0500,1.444288
