episode,sequence,file,offset,reward,qoe,qoe_quality,epsilon,mean_loss
1,longdress,driving_B_2019.12.17_07.32.39.csv,904,-129.7660,-129.77,-129.77,0.9995,0.000000
2,loot,driving_B_2020.02.13_15.02.01.csv,2481,-230.1465,-230.15,-230.15,0.9991,4.856558
3,redandblack,static_B_2020.02.27_18.39.27.csv,2642,42.3955,42.40,42.40,0.9986,3.768664
4,soldier,static_B_2020.02.27_18.39.27.csv,3422,32.2798,32.28,32.28,0.9981,2.660303
5,longdress,static_B_2020.02.27_18.39.27.csv,3722,18.7200,18.72,18.72,0.9976,2.633238
6,loot,static_B_2019.12.16_13.40.04.csv,1904,-1.9104,-1.91,-1.91,0.9972,2.429466
7,redandblack,driving_B_2019.12.17_07.32.39.csv,1504,-93.9657,-93.97,-93.97,0.9967,2.127518
8,soldier,driving_B_2019.12.16_12.27.05.csv,202,-58.3422,-58.34,-58.34,0.9962,2.025221
9,longdress,driving_B_2020.02.14_09.38.22.csv,976,-141.5470,-141.55,-141.55,0.9957,2.361179
10,loot,static_B_2019.12.16_13.40.04.csv,145,30.3320,30.33,30.33,0.9953,2.095300
11,redandblack,driving_B_2020.02.14_12.58.17.csv,272,-542.1586,-542.16,-542.16,0.9948,2.936867
12,soldier,static_B_2020.02.14_13.21.26.csv,159,37.4558,37.46,37.46,0.9943,3.063179
13,longdress,driving_B_2020.01.16_07.26.43.csv,1770,-178.9257,-178.93,-178.93,0.9938,3.334641
14,loot,static_B_2020.02.27_18.39.27.csv,3782,5.3187,5.32,5.32,0.9934,2.733683
15,redandblack,driving_B_2019.12.17_07.32.39.csv,544,-63.2440,-63.24,-63.24,0.9929,2.506628
16,soldier,driving_B_2020.01.16_07.26.43.csv,327,-207.9334,-207.93,-207.93,0.9924,2.842911
17,longdress,static_B_2020.02.27_18.39.27.csv,4442,10.9363,10.94,10.94,0.9919,2.962994
18,loot,driving_B_2020.02.13_15.02.01.csv,261,13.3792,13.38,13.38,0.9915,2.643456
19,redandblack,driving_B_2020.01.16_07.26.43.csv,1167,-23.0266,-23.03,-23.03,0.9910,2.447368
20,soldier,driving_B_2019.12.17_07.32.39.csv,184,-57.2612,-57.26,-57.26,0.9905,2.176919
21,longdress,static_B_2020.02.27_18.39.27.csv,5042,-11.1600,-11.16,-11.16,0.9900,2.192270
22,loot,driving_B_2020.01.16_12.10.03.csv,244,37.4757,37.48,37.48,0.9896,2.346917
23,redandblack,driving_B_2019.12.17_07.32.39.csv,1384,20.5311,20.53,20.53,0.9891,2.178766
24,soldier,static_B_2020.02.27_18.39.27.csv,5742,17.9266,17.93,17.93,0.9886,2.152914
25,longdress,driving_B_2020.02.14_09.38.22.csv,376,-232.3939,-232.39,-232.39,0.9881,2.132189
26,loot,static_B_2020.02.27_18.39.27.csv,542,-315.4853,-315.49,-315.49,0.9877,2.125245
27,redandblack,driving_B_2020.01.16_09.56.56.csv,275,46.7728,46.77,46.77,0.9872,2.429558
28,soldier,driving_B_2020.01.16_07.26.43.csv,1347,-208.9043,-208.90,-208.90,0.9867,2.485238
29,longdress,driving_B_2019.12.17_07.32.39.csv,2164,-119.6653,-119.67,-119.67,0.9862,2.263245
30,loot,driving_B_2020.02.14_09.38.22.csv,136,-146.2802,-146.28,-146.28,0.9858,2.591390
31,redandblack,static_B_2020.02.14_13.21.26.csv,339,45.2504,45.25,45.25,0.9853,2.084936
32,soldier,driving_B_2020.02.13_13.03.24.csv,2136,-531.6020,-531.60,-531.60,0.9848,2.585253
33,longdress,driving_B_2019.12.16_12.27.05.csv,1152,-18.7547,-18.75,-18.75,0.9843,2.771648
34,loot,static_B_2020.02.27_18.39.27.csv,3362,22.7717,22.77,22.77,0.9839,2.421754
35,redandblack,static_B_2020.02.27_18.39.27.csv,2042,39.0002,39.00,39.00,0.9834,2.656318
36,soldier,driving_B_2020.02.13_13.03.24.csv,1776,-1235.4415,-1235.44,-1235.44,0.9829,2.803546
37,longdress,driving_B_2020.01.16_07.26.43.csv,27,-95.0437,-95.04,-95.04,0.9825,3.218842
38,loot,static_B_2020.02.27_18.39.27.csv,2402,6.8586,6.86,6.86,0.9820,3.050504
39,redandblack,driving_B_2020.02.13_13.03.24.csv,336,-63.4185,-63.42,-63.42,0.9815,3.172706
40,soldier,driving_B_2020.02.13_13.03.24.csv,1116,-210.8024,-210.80,-210.80,0.9810,3.011664
41,longdress,driving_B_2019.12.17_07.32.39.csv,1984,36.2288,36.23,36.23,0.9806,3.497876
42,loot,driving_B_2019.12.16_12.27.05.csv,82,-25.2087,-25.21,-25.21,0.9801,3.378726
43,redandblack,static_B_2020.02.27_18.39.27.csv,1922,36.1301,36.13,36.13,0.9796,3.061104
44,soldier,static_B_2020.02.27_18.39.27.csv,4742,28.9973,29.00,29.00,0.9791,2.540022
45,longdress,static_B_2020.02.27_18.39.27.csv,3602,38.2076,38.21,38.21,0.9787,3.641994
46,loot,driving_B_2020.02.14_09.38.22.csv,916,34.8590,34.86,34.86,0.9782,2.393667
47,redandblack,driving_B_2020.02.14_09.38.22.csv,676,11.4957,11.50,11.50,0.9777,2.236630
48,soldier,static_B_2020.02.14_13.21.26.csv,99,38.5430,38.54,38.54,0.9772,2.743905
49,longdress,driving_B_2020.02.27_17.30.15.csv,264,-348.6443,-348.64,-348.64,0.9768,2.356019
50,loot,static_B_2019.12.16_13.40.04.csv,1045,54.1730,54.17,54.17,0.9763,3.181355
51,redandblack,driving_B_2020.02.13_15.02.01.csv,2361,-356.4380,-356.44,-356.44,0.9758,2.595627
52,soldier,driving_B_2020.02.27_17.30.15.csv,684,-419.0022,-419.00,-419.00,0.9753,3.461205
53,longdress,driving_B_2019.12.16_12.27.05.csv,502,-329.9828,-329.98,-329.98,0.9749,3.458283
54,loot,driving_B_2020.02.14_09.38.22.csv,1276,10.6214,10.62,10.62,0.9744,3.159350
55,redandblack,static_B_2020.02.27_18.39.27.csv,4142,29.1529,29.15,29.15,0.9739,2.867124
56,soldier,driving_B_2020.02.14_09.38.22.csv,256,-230.6218,-230.62,-230.62,0.9734,2.767709
57,longdress,static_B_2020.02.27_18.39.27.csv,1202,-5.5943,-5.59,-5.59,0.9730,2.450623
58,loot,driving_B_2020.01.16_09.56.56.csv,1295,34.8414,34.84,34.84,0.9725,2.748162
59,redandblack,driving_B_2020.02.13_15.02.01.csv,81,41.9415,41.94,41.94,0.9720,2.696785
60,soldier,static_B_2020.02.27_18.39.27.csv,4262,33.5681,33.57,33.57,0.9715,2.777881
61,longdress,driving_B_2019.12.17_07.32.39.csv,664,-86.5456,-86.55,-86.55,0.9711,2.590696
62,loot,driving_B_2020.02.13_15.02.01.csv,1641,-161.9342,-161.93,-161.93,0.9706,2.620662
63,redandblack,driving_B_2020.02.14_09.38.22.csv,1336,32.9653,32.97,32.97,0.9701,2.997829
64,soldier,driving_B_2020.01.16_07.26.43.csv,1287,21.6215,21.62,21.62,0.9696,3.106239
65,longdress,static_B_2020.02.27_18.39.27.csv,2702,32.7368,32.74,32.74,0.9692,2.657040
66,loot,static_B_2020.02.27_18.39.27.csv,1142,14.0292,14.03,14.03,0.9687,2.729406
67,redandblack,static_B_2020.02.27_18.39.27.csv,4382,41.2151,41.22,41.22,0.9682,2.430489
68,soldier,static_B_2019.12.16_13.40.04.csv,745,48.2478,48.25,48.25,0.9677,2.192875
69,longdress,driving_B_2020.02.14_09.38.22.csv,556,50.7158,50.72,50.72,0.9673,2.369235
70,loot,driving_B_2020.01.16_09.56.56.csv,35,14.8343,14.83,14.83,0.9668,2.434238
71,redandblack,driving_B_2020.02.13_13.03.24.csv,1536,-66.5902,-66.59,-66.59,0.9663,2.269117
72,soldier,static_B_2020.02.27_18.39.27.csv,4802,18.0965,18.10,18.10,0.9658,2.420590
73,longdress,driving_B_2019.12.16_12.27.05.csv,802,-3.0215,-3.02,-3.02,0.9654,2.543956
74,loot,driving_B_2019.12.17_07.32.39.csv,1804,-104.7333,-104.73,-104.73,0.9649,2.187135
75,redandblack,static_B_2020.02.14_13.21.26.csv,850,19.2967,19.30,19.30,0.9644,2.278451
76,soldier,driving_B_2019.12.16_12.27.05.csv,922,-9.2344,-9.23,-9.23,0.9639,2.470409
77,longdress,driving_B_2019.12.17_07.32.39.csv,1564,-98.3623,-98.36,-98.36,0.9635,2.275766
78,loot,driving_B_2020.02.27_17.30.15.csv,24,-126.3858,-126.39,-126.39,0.9630,2.026836
79,redandblack,driving_B_2020.02.27_17.30.15.csv,720,-262.1332,-262.13,-262.13,0.9625,2.213046
80,soldier,driving_B_2020.02.13_13.03.24.csv,1236,-259.1950,-259.19,-259.19,0.9620,2.643017
81,longdress,static_B_2020.02.27_18.39.27.csv,3482,48.0085,48.01,48.01,0.9616,2.879067
82,loot,static_B_2020.02.27_18.39.27.csv,3122,-22.9091,-22.91,-22.91,0.9611,2.864150
83,redandblack,driving_B_2020.02.13_15.02.01.csv,801,23.6732,23.67,23.67,0.9606,2.230228
84,soldier,driving_B_2020.01.16_09.56.56.csv,155,7.5456,7.55,7.55,0.9601,2.265271
85,longdress,driving_B_2020.02.13_15.02.01.csv,1521,-156.8439,-156.84,-156.84,0.9597,2.639504
86,loot,driving_B_2020.01.16_09.56.56.csv,215,27.2215,27.22,27.22,0.9592,2.366322
87,redandblack,driving_B_2020.02.13_15.02.01.csv,2061,-104.8794,-104.88,-104.88,0.9587,2.531761
88,soldier,static_B_2019.12.16_13.40.04.csv,1904,-4.2400,-4.24,-4.24,0.9582,2.021348
89,longdress,driving_B_2020.01.16_09.56.56.csv,1055,-118.7757,-118.78,-118.78,0.9578,2.462218
90,loot,driving_B_2020.01.16_09.56.56.csv,695,3.7122,3.71,3.71,0.9573,2.432896
91,redandblack,driving_B_2020.01.16_09.56.56.csv,875,-25.3271,-25.33,-25.33,0.9568,2.175854
92,soldier,driving_B_2019.12.17_07.32.39.csv,424,-14.9831,-14.98,-14.98,0.9563,2.251440
93,longdress,driving_B_2020.02.13_13.03.24.csv,936,-155.0544,-155.05,-155.05,0.9559,2.168672
94,loot,driving_B_2020.02.14_09.38.22.csv,1456,-1.9353,-1.94,-1.94,0.9554,2.347733
95,redandblack,static_B_2020.02.27_18.39.27.csv,4982,38.4471,38.45,38.45,0.9549,2.170411
96,soldier,driving_B_2019.12.16_12.27.05.csv,562,-243.0721,-243.07,-243.07,0.9544,1.827466
97,longdress,driving_B_2020.02.13_15.02.01.csv,441,-30.0349,-30.03,-30.03,0.9540,2.133818
98,loot,driving_B_2020.01.16_09.56.56.csv,395,-4.4914,-4.49,-4.49,0.9535,2.383198
99,redandblack,static_B_2020.02.27_18.39.27.csv,722,40.9242,40.92,40.92,0.9530,2.255638
100,soldier,driving_B_2020.02.13_15.02.01.csv,21,40.3427,40.34,40.34,0.9525,2.354138
101,longdress,static_B_2019.12.16_13.40.04.csv,1885,-74.3626,-74.36,-74.36,0.9521,1.930766
102,loot,driving_B_2020.01.16_09.56.56.csv,1355,29.6738,29.67,29.67,0.9516,2.046160
103,redandblack,driving_B_2020.02.14_09.38.22.csv,1396,-70.1773,-70.18,-70.18,0.9511,1.809880
104,soldier,static_B_2020.02.27_18.39.27.csv,5742,26.7485,26.75,26.75,0.9507,1.715056
105,longdress,driving_B_2019.12.17_07.32.39.csv,64,-85.5073,-85.51,-85.51,0.9502,1.840199
106,loot,static_B_2020.02.27_18.39.27.csv,4862,23.2614,23.26,23.26,0.9497,1.864757
107,redandblack,driving_B_2020.02.13_15.02.01.csv,2661,-53.1187,-53.12,-53.12,0.9492,2.313475
108,soldier,driving_B_2019.12.17_07.32.39.csv,2284,28.7932,28.79,28.79,0.9488,2.277145
109,longdress,driving_B_2020.02.13_15.02.01.csv,861,-3.2874,-3.29,-3.29,0.9483,2.015097
110,loot,driving_B_2020.01.16_07.26.43.csv,1647,-27.4158,-27.42,-27.42,0.9478,2.026012
111,redandblack,driving_B_2020.02.13_13.03.24.csv,2188,-193.1178,-193.12,-193.12,0.9473,2.310149
112,soldier,driving_B_2020.02.13_13.03.24.csv,2016,-235.1549,-235.15,-235.15,0.9469,2.022248
113,longdress,static_B_2020.02.14_13.21.26.csv,579,23.3221,23.32,23.32,0.9464,1.858404
114,loot,driving_B_2020.02.13_15.02.01.csv,2754,-45.1629,-45.16,-45.16,0.9459,1.956484
115,redandblack,driving_B_2020.02.14_09.38.22.csv,496,0.9379,0.94,0.94,0.9454,1.661404
116,soldier,driving_B_2020.02.13_15.02.01.csv,2001,28.4741,28.47,28.47,0.9450,1.842071
117,longdress,driving_B_2020.02.14_09.38.22.csv,1216,-118.8692,-118.87,-118.87,0.9445,2.194947
118,loot,driving_B_2020.02.14_12.58.17.csv,152,-209.1007,-209.10,-209.10,0.9440,2.409394
119,redandblack,driving_B_2020.02.13_13.03.24.csv,456,-58.8536,-58.85,-58.85,0.9435,1.781970
120,soldier,driving_B_2020.02.13_13.03.24.csv,816,-110.6319,-110.63,-110.63,0.9431,1.680731
121,longdress,driving_B_2019.12.16_12.27.05.csv,142,-25.8285,-25.83,-25.83,0.9426,1.839507
122,loot,static_B_2020.02.27_18.39.27.csv,1022,46.1976,46.20,46.20,0.9421,1.890420
123,redandblack,driving_B_2019.12.17_07.32.39.csv,1144,-53.9031,-53.90,-53.90,0.9416,1.862113
124,soldier,driving_B_2019.12.17_07.32.39.csv,724,-12.0463,-12.05,-12.05,0.9412,1.741521
125,longdress,driving_B_2020.02.13_15.02.01.csv,201,4.1790,4.18,4.18,0.9407,2.048314
126,loot,driving_B_2020.01.16_07.26.43.csv,687,-62.5390,-62.54,-62.54,0.9402,1.779244
127,redandblack,static_B_2020.02.27_18.39.27.csv,3662,27.8405,27.84,27.84,0.9397,1.756825
128,soldier,driving_B_2019.12.17_07.32.39.csv,2288,23.7983,23.80,23.80,0.9393,2.216866
129,longdress,driving_B_2020.02.13_15.02.01.csv,2421,-435.1852,-435.19,-435.19,0.9388,2.046490
130,loot,driving_B_2020.02.13_13.03.24.csv,36,-83.8739,-83.87,-83.87,0.9383,1.919218
131,redandblack,driving_B_2020.01.16_07.26.43.csv,1527,-88.0117,-88.01,-88.01,0.9378,2.035876
132,soldier,driving_B_2020.02.13_13.03.24.csv,876,-197.5856,-197.59,-197.59,0.9374,1.929190
133,longdress,driving_B_2019.12.17_07.32.39.csv,1324,35.2732,35.27,35.27,0.9369,2.154974
134,loot,static_B_2020.02.27_18.39.27.csv,302,10.6202,10.62,10.62,0.9364,2.261543
135,redandblack,driving_B_2020.02.14_12.58.17.csv,632,-1.8858,-1.89,-1.89,0.9359,1.771067
136,soldier,driving_B_2020.02.13_15.02.01.csv,1941,8.6263,8.63,8.63,0.9355,1.794614
137,longdress,driving_B_2020.01.16_07.26.43.csv,867,-108.3690,-108.37,-108.37,0.9350,2.216607
138,loot,driving_B_2020.02.13_13.03.24.csv,1716,36.1861,36.19,36.19,0.9345,1.917492
139,redandblack,static_B_2020.02.27_18.39.27.csv,182,38.1872,38.19,38.19,0.9340,1.996888
140,soldier,static_B_2020.02.27_18.39.27.csv,662,13.2812,13.28,13.28,0.9336,2.171466
141,longdress,driving_B_2020.02.27_17.30.15.csv,204,-708.9206,-708.92,-708.92,0.9331,1.976814
142,loot,static_B_2020.02.27_18.39.27.csv,1502,57.1140,57.11,57.11,0.9326,1.875703
143,redandblack,static_B_2020.02.27_18.39.27.csv,842,42.0391,42.04,42.04,0.9321,1.778211
144,soldier,static_B_2019.12.16_13.40.04.csv,1465,32.3702,32.37,32.37,0.9317,1.814753
145,longdress,static_B_2020.02.27_18.39.27.csv,4682,-183.3560,-183.36,-183.36,0.9312,1.794443
146,loot,driving_B_2019.12.17_07.32.39.csv,1084,32.5240,32.52,32.52,0.9307,1.985495
147,redandblack,driving_B_2020.02.13_13.03.24.csv,1896,-560.5022,-560.50,-560.50,0.9302,1.648763
148,soldier,driving_B_2020.01.16_07.26.43.csv,1227,-45.8188,-45.82,-45.82,0.9298,1.886025
149,longdress,driving_B_2020.01.16_09.56.56.csv,1175,-5.2476,-5.25,-5.25,0.9293,1.913725
150,loot,static_B_2020.02.27_18.39.27.csv,2462,38.9131,38.91,38.91,0.9288,2.087759
151,redandblack,static_B_2020.02.27_18.39.27.csv,962,59.5412,59.54,59.54,0.9283,1.846684
152,soldier,driving_B_2020.01.16_09.56.56.csv,1570,-12.0854,-12.09,-12.09,0.9279,1.820375
153,longdress,static_B_2020.02.27_18.39.27.csv,1622,1.8544,1.85,1.85,0.9274,1.926255
154,loot,driving_B_2020.01.16_07.26.43.csv,807,27.2739,27.27,27.27,0.9269,2.111412
155,redandblack,driving_B_2019.12.17_07.32.39.csv,1924,38.4986,38.50,38.50,0.9264,1.410850
156,soldier,static_B_2020.02.14_13.21.26.csv,39,38.9332,38.93,38.93,0.9260,2.208334
157,longdress,driving_B_2020.01.16_07.26.43.csv,447,-243.5133,-243.51,-243.51,0.9255,1.700073
158,loot,static_B_2020.02.27_18.39.27.csv,3902,45.6411,45.64,45.64,0.9250,2.698386
159,redandblack,driving_B_2019.12.16_12.27.05.csv,862,26.1531,26.15,26.15,0.9245,1.821580
160,soldier,driving_B_2020.02.13_13.03.24.csv,1356,-100.5111,-100.51,-100.51,0.9241,1.842543
161,longdress,static_B_2019.12.16_13.40.04.csv,385,38.7552,38.76,38.76,0.9236,2.122237
162,loot,static_B_2020.02.27_18.39.27.csv,5642,32.0401,32.04,32.04,0.9231,1.980675
163,redandblack,driving_B_2020.02.14_09.38.22.csv,1478,-44.2524,-44.25,-44.25,0.9226,2.445063
164,soldier,driving_B_2020.01.16_09.56.56.csv,995,42.8321,42.83,42.83,0.9222,2.175248
165,longdress,static_B_2020.02.27_18.39.27.csv,1862,4.4723,4.47,4.47,0.9217,1.933608
166,loot,static_B_2020.02.27_18.39.27.csv,4622,33.7975,33.80,33.80,0.9212,2.046223
167,redandblack,driving_B_2020.02.13_15.02.01.csv,1401,-120.3999,-120.40,-120.40,0.9208,2.132346
168,soldier,driving_B_2020.02.13_15.02.01.csv,1281,-42.5188,-42.52,-42.52,0.9203,1.681526
169,longdress,static_B_2020.02.27_18.39.27.csv,2162,36.6281,36.63,36.63,0.9198,1.873272
170,loot,driving_B_2020.01.16_07.26.43.csv,1467,-93.9214,-93.92,-93.92,0.9193,2.054883
171,redandblack,driving_B_2020.01.16_09.56.56.csv,635,22.4840,22.48,22.48,0.9189,2.511757
172,soldier,driving_B_2020.01.16_07.26.43.csv,1047,-8.3081,-8.31,-8.31,0.9184,2.028564
173,longdress,driving_B_2020.02.13_13.03.24.csv,276,-76.1088,-76.11,-76.11,0.9179,1.946871
174,loot,driving_B_2020.02.27_17.30.15.csv,84,-422.8077,-422.81,-422.81,0.9174,1.671829
175,redandblack,static_B_2020.02.27_18.39.27.csv,2102,35.7350,35.73,35.73,0.9170,1.749842
176,soldier,static_B_2020.02.14_13.21.26.csv,699,25.3406,25.34,25.34,0.9165,1.693321
177,longdress,static_B_2020.02.27_18.39.27.csv,5582,11.1355,11.14,11.14,0.9160,1.664836
178,loot,driving_B_2020.02.13_15.02.01.csv,561,-38.3078,-38.31,-38.31,0.9155,2.222763
179,redandblack,driving_B_2020.02.14_12.58.17.csv,800,-106.1808,-106.18,-106.18,0.9151,1.790259
180,soldier,driving_B_2020.01.16_07.26.43.csv,1107,3.9904,3.99,3.99,0.9146,1.706884
181,longdress,driving_B_2020.02.13_13.03.24.csv,1296,-162.9399,-162.94,-162.94,0.9141,1.717704
182,loot,static_B_2020.02.27_18.39.27.csv,2942,46.1635,46.16,46.16,0.9136,2.068197
183,redandblack,driving_B_2020.02.13_13.03.24.csv,636,-73.3086,-73.31,-73.31,0.9132,1.908141
184,soldier,driving_B_2020.02.27_17.30.15.csv,444,-513.8855,-513.89,-513.89,0.9127,1.996494
185,longdress,driving_B_2020.02.14_12.58.17.csv,332,-339.4455,-339.45,-339.45,0.9122,2.012804
186,loot,driving_B_2020.02.13_13.03.24.csv,1476,28.2466,28.25,28.25,0.9117,2.010538
187,redandblack,driving_B_2020.02.13_15.02.01.csv,981,-79.2831,-79.28,-79.28,0.9113,2.008862
188,soldier,driving_B_2020.02.14_09.38.22.csv,1036,-66.7483,-66.75,-66.75,0.9108,2.154781
189,longdress,static_B_2020.02.14_13.21.26.csv,819,42.7806,42.78,42.78,0.9103,1.686291
190,loot,driving_B_2020.02.13_15.02.01.csv,1161,37.8539,37.85,37.85,0.9098,1.774081
191,redandblack,static_B_2020.02.27_18.39.27.csv,4502,19.8921,19.89,19.89,0.9094,1.645070
192,soldier,driving_B_2020.01.16_09.56.56.csv,335,15.5505,15.55,15.55,0.9089,1.818888
193,longdress,static_B_2020.02.27_18.39.27.csv,4562,31.0335,31.03,31.03,0.9084,1.809342
194,loot,driving_B_2020.02.13_13.03.24.csv,696,-51.5898,-51.59,-51.59,0.9079,1.843582
195,redandblack,driving_B_2020.01.16_07.26.43.csv,387,-117.6364,-117.64,-117.64,0.9075,1.827756
196,soldier,static_B_2020.02.27_18.39.27.csv,1802,-215.6799,-215.68,-215.68,0.9070,2.115154
197,longdress,driving_B_2020.02.14_09.38.22.csv,736,-51.2251,-51.23,-51.23,0.9065,1.988484
198,loot,static_B_2019.12.16_13.40.04.csv,265,21.5711,21.57,21.57,0.9060,1.825983
199,redandblack,driving_B_2019.12.17_07.32.39.csv,1624,-2.4620,-2.46,-2.46,0.9056,1.963477
200,soldier,driving_B_2020.02.13_13.03.24.csv,996,-227.4177,-227.42,-227.42,0.9051,2.294189
201,longdress,driving_B_2019.12.16_12.27.05.csv,382,-262.1371,-262.14,-262.14,0.9046,2.086665
202,loot,static_B_2019.12.16_13.40.04.csv,1825,-21.5126,-21.51,-21.51,0.9041,1.821684
203,redandblack,static_B_2020.02.27_18.39.27.csv,5702,47.5536,47.55,47.55,0.9037,1.853097
204,soldier,driving_B_2020.02.27_17.30.15.csv,144,-717.5465,-717.55,-717.55,0.9032,1.604815
205,longdress,static_B_2020.02.27_18.39.27.csv,3302,32.5813,32.58,32.58,0.9027,2.141490
206,loot,driving_B_2020.02.13_13.03.24.csv,2188,-182.6976,-182.70,-182.70,0.9022,1.786549
207,redandblack,driving_B_2020.01.16_07.26.43.csv,567,-20.5970,-20.60,-20.60,0.9018,2.002916
208,soldier,driving_B_2020.02.13_15.02.01.csv,2601,48.4788,48.48,48.48,0.9013,2.221762
209,longdress,static_B_2020.02.27_18.39.27.csv,4922,33.4388,33.44,33.44,0.9008,1.922305
210,loot,static_B_2020.02.27_18.39.27.csv,2882,37.5834,37.58,37.58,0.9003,1.922349
211,redandblack,driving_B_2019.12.17_07.32.39.csv,244,-43.1600,-43.16,-43.16,0.8999,2.381219
212,soldier,driving_B_2020.02.13_13.03.24.csv,1416,-70.3732,-70.37,-70.37,0.8994,2.034185
213,longdress,static_B_2019.12.16_13.40.04.csv,505,8.6709,8.67,8.67,0.8989,1.842859
214,loot,driving_B_2020.02.14_09.38.22.csv,1478,-23.2278,-23.23,-23.23,0.8984,1.942812
215,redandblack,static_B_2020.02.27_18.39.27.csv,602,10.5322,10.53,10.53,0.8980,1.692235
216,soldier,driving_B_2020.01.16_07.26.43.csv,1407,-137.0292,-137.03,-137.03,0.8975,2.140311
217,longdress,driving_B_2020.02.13_15.02.01.csv,2301,-328.9553,-328.96,-328.96,0.8970,1.759941
218,loot,driving_B_2020.02.14_12.58.17.csv,752,-203.6731,-203.67,-203.67,0.8965,1.735418
219,redandblack,static_B_2019.12.16_13.40.04.csv,1405,10.5006,10.50,10.50,0.8961,2.125252
220,soldier,static_B_2019.12.16_13.40.04.csv,25,42.9922,42.99,42.99,0.8956,1.697337
221,longdress,static_B_2020.02.14_13.21.26.csv,759,22.6457,22.65,22.65,0.8951,2.369637
222,loot,driving_B_2020.02.13_13.03.24.csv,96,-20.7414,-20.74,-20.74,0.8946,1.911296
223,redandblack,static_B_2020.02.27_18.39.27.csv,5342,45.6384,45.64,45.64,0.8942,1.966843
224,soldier,static_B_2020.02.27_18.39.27.csv,2522,52.5631,52.56,52.56,0.8937,1.601884
225,longdress,static_B_2020.02.27_18.39.27.csv,3962,37.3539,37.35,37.35,0.8932,1.661749
226,loot,driving_B_2020.01.16_07.26.43.csv,747,29.0061,29.01,29.01,0.8927,2.097204
227,redandblack,static_B_2020.02.27_18.39.27.csv,1742,36.1739,36.17,36.17,0.8923,1.937682
228,soldier,static_B_2019.12.16_13.40.04.csv,1705,42.0332,42.03,42.03,0.8918,1.879109
229,longdress,static_B_2020.02.27_18.39.27.csv,242,52.3678,52.37,52.37,0.8913,2.118490
230,loot,driving_B_2020.02.13_15.02.01.csv,1821,41.2411,41.24,41.24,0.8908,1.711086
231,redandblack,static_B_2020.02.27_18.39.27.csv,1682,51.5009,51.50,51.50,0.8904,1.753369
232,soldier,driving_B_2020.02.14_12.58.17.csv,572,-109.2473,-109.25,-109.25,0.8899,2.081945
233,longdress,driving_B_2020.02.13_15.02.01.csv,2541,-14.3121,-14.31,-14.31,0.8894,2.129372
234,loot,static_B_2020.02.27_18.39.27.csv,4322,53.6685,53.67,53.67,0.8890,1.800334
235,redandblack,static_B_2020.02.27_18.39.27.csv,5402,41.1528,41.15,41.15,0.8885,1.699050
236,soldier,driving_B_2020.02.13_15.02.01.csv,2721,-190.5208,-190.52,-190.52,0.8880,1.734840
237,longdress,static_B_2020.02.27_18.39.27.csv,3002,43.4794,43.48,43.48,0.8875,2.008834
238,loot,driving_B_2020.02.13_15.02.01.csv,2181,18.0246,18.02,18.02,0.8871,1.708480
239,redandblack,driving_B_2020.02.13_15.02.01.csv,141,45.9345,45.93,45.93,0.8866,2.391259
240,soldier,driving_B_2020.01.16_09.56.56.csv,1535,28.1469,28.15,28.15,0.8861,2.159709
241,longdress,driving_B_2020.02.14_09.38.22.csv,1096,-122.5547,-122.55,-122.55,0.8856,1.926859
242,loot,driving_B_2019.12.17_07.32.39.csv,484,-11.8254,-11.83,-11.83,0.8852,2.041996
243,redandblack,driving_B_2020.02.13_13.03.24.csv,216,-58.5075,-58.51,-58.51,0.8847,2.276053
244,soldier,static_B_2020.02.27_18.39.27.csv,62,40.8382,40.84,40.84,0.8842,2.093692
245,longdress,driving_B_2019.12.17_07.32.39.csv,844,-82.0578,-82.06,-82.06,0.8837,2.236671
246,loot,driving_B_2020.02.13_13.03.24.csv,1596,-242.7832,-242.78,-242.78,0.8833,1.993373
247,redandblack,driving_B_2020.01.16_12.10.03.csv,244,50.4506,50.45,50.45,0.8828,1.786428
248,soldier,static_B_2020.02.27_18.39.27.csv,1262,46.5117,46.51,46.51,0.8823,1.972653
249,longdress,driving_B_2020.02.14_09.38.22.csv,196,-200.5408,-200.54,-200.54,0.8818,2.102401
250,loot,driving_B_2020.02.13_13.03.24.csv,1056,-21.8098,-21.81,-21.81,0.8814,1.757183
251,redandblack,static_B_2019.12.16_13.40.04.csv,865,44.2876,44.29,44.29,0.8809,2.045474
252,soldier,static_B_2019.12.16_13.40.04.csv,565,18.9014,18.90,18.90,0.8804,2.044163
253,longdress,static_B_2020.02.14_13.21.26.csv,219,33.7625,33.76,33.76,0.8799,1.896575
254,loot,static_B_2020.02.27_18.39.27.csv,1322,29.6336,29.63,29.63,0.8795,2.076909
255,redandblack,driving_B_2020.01.16_09.56.56.csv,755,13.6791,13.68,13.68,0.8790,1.986264
256,soldier,static_B_2020.02.27_18.39.27.csv,1442,35.6986,35.70,35.70,0.8785,1.723229
257,longdress,driving_B_2019.12.17_07.32.39.csv,304,-28.5625,-28.56,-28.56,0.8780,2.181397
258,loot,static_B_2020.02.27_18.39.27.csv,4082,19.4181,19.42,19.42,0.8776,2.011032
259,redandblack,static_B_2019.12.16_13.40.04.csv,805,31.9468,31.95,31.95,0.8771,1.903875
260,soldier,driving_B_2019.12.17_07.32.39.csv,1204,-43.1490,-43.15,-43.15,0.8766,1.935147
261,longdress,driving_B_2020.02.13_13.03.24.csv,756,-172.5067,-172.51,-172.51,0.8761,2.254838
262,loot,static_B_2019.12.16_13.40.04.csv,325,12.3603,12.36,12.36,0.8757,2.190858
263,redandblack,static_B_2020.02.27_18.39.27.csv,2342,-359.5435,-359.54,-359.54,0.8752,1.751518
264,soldier,driving_B_2020.02.13_13.03.24.csv,1836,-749.7810,-749.78,-749.78,0.8747,1.923981
265,longdress,driving_B_2019.12.17_07.32.39.csv,364,27.6514,27.65,27.65,0.8742,1.937286
266,loot,driving_B_2020.02.13_13.03.24.csv,1656,-73.6010,-73.60,-73.60,0.8738,2.209949
267,redandblack,driving_B_2019.12.17_07.32.39.csv,1444,2.3246,2.32,2.32,0.8733,2.188208
268,soldier,static_B_2020.02.14_13.21.26.csv,639,32.9625,32.96,32.96,0.8728,2.042055
269,longdress,driving_B_2020.01.16_07.26.43.csv,147,-292.1419,-292.14,-292.14,0.8723,2.172654
270,loot,driving_B_2020.02.13_15.02.01.csv,1701,33.8122,33.81,33.81,0.8719,1.894661
271,redandblack,driving_B_2019.12.17_07.32.39.csv,604,8.0537,8.05,8.05,0.8714,1.906072
272,soldier,driving_B_2020.01.16_09.56.56.csv,1570,-0.0865,-0.09,-0.09,0.8709,1.874935
273,longdress,driving_B_2019.12.17_07.32.39.csv,124,-52.9526,-52.95,-52.95,0.8704,2.011638
274,loot,driving_B_2020.02.13_15.02.01.csv,501,-35.4492,-35.45,-35.45,0.8700,1.803401
275,redandblack,driving_B_2020.01.16_07.26.43.csv,987,-9.4567,-9.46,-9.46,0.8695,2.355946
276,soldier,driving_B_2020.01.16_07.26.43.csv,1707,-28.4094,-28.41,-28.41,0.8690,2.296489
277,longdress,driving_B_2019.12.17_07.32.39.csv,964,-118.8601,-118.86,-118.86,0.8685,1.808485
278,loot,driving_B_2019.12.16_12.27.05.csv,322,-42.3991,-42.40,-42.40,0.8681,1.628799
279,redandblack,driving_B_2020.02.14_09.38.22.csv,1156,-29.7467,-29.75,-29.75,0.8676,1.806097
280,soldier,static_B_2019.12.16_13.40.04.csv,1765,49.8041,49.80,49.80,0.8671,1.926195
281,longdress,driving_B_2020.02.14_12.58.17.csv,800,-255.3555,-255.36,-255.36,0.8666,2.236960
282,loot,driving_B_2020.01.16_09.56.56.csv,575,18.2073,18.21,18.21,0.8662,1.913780
283,redandblack,driving_B_2020.02.14_12.58.17.csv,692,-122.8341,-122.83,-122.83,0.8657,1.813253
284,soldier,static_B_2020.02.27_18.39.27.csv,422,58.3496,58.35,58.35,0.8652,2.011695
285,longdress,driving_B_2020.01.16_07.26.43.csv,1770,-162.9891,-162.99,-162.99,0.8647,2.108225
286,loot,driving_B_2020.01.16_07.26.43.csv,627,-39.4007,-39.40,-39.40,0.8643,2.341127
287,redandblack,driving_B_2019.12.17_07.32.39.csv,4,-11.7608,-11.76,-11.76,0.8638,1.998727
288,soldier,static_B_2020.02.27_18.39.27.csv,362,35.5533,35.55,35.55,0.8633,1.904769
289,longdress,driving_B_2019.12.16_12.27.05.csv,622,-256.7339,-256.73,-256.73,0.8628,1.942875
290,loot,driving_B_2020.02.13_15.02.01.csv,1461,-127.0561,-127.06,-127.06,0.8624,1.731062
291,redandblack,driving_B_2019.12.17_07.32.39.csv,784,-95.0639,-95.06,-95.06,0.8619,1.758368
292,soldier,driving_B_2020.02.13_15.02.01.csv,2754,-124.1561,-124.16,-124.16,0.8614,2.065940
293,longdress,driving_B_2020.01.16_07.26.43.csv,87,-84.4509,-84.45,-84.45,0.8609,1.961203
294,loot,static_B_2020.02.27_18.39.27.csv,5522,26.6860,26.69,26.69,0.8605,1.987022
295,redandblack,static_B_2020.02.27_18.39.27.csv,902,44.3975,44.40,44.40,0.8600,2.025975
296,soldier,static_B_2020.02.27_18.39.27.csv,482,36.2756,36.28,36.28,0.8595,1.962995
297,longdress,driving_B_2019.12.17_07.32.39.csv,2044,-25.6365,-25.64,-25.64,0.8590,1.746000
298,loot,driving_B_2020.02.13_15.02.01.csv,2121,29.1225,29.12,29.12,0.8586,2.241109
299,redandblack,static_B_2019.12.16_13.40.04.csv,85,19.9994,20.00,20.00,0.8581,1.658778
300,soldier,driving_B_2020.02.13_15.02.01.csv,681,25.7421,25.74,25.74,0.8576,1.836772
301,longdress,static_B_2019.12.16_13.40.04.csv,1345,18.3529,18.35,18.35,0.8572,1.885075
302,loot,driving_B_2020.01.16_07.26.43.csv,507,-66.5814,-66.58,-66.58,0.8567,2.087366
303,redandblack,static_B_2020.02.27_18.39.27.csv,3542,44.7840,44.78,44.78,0.8562,1.890886
304,soldier,driving_B_2020.01.16_07.26.43.csv,267,-31.7862,-31.79,-31.79,0.8557,1.830341
305,longdress,driving_B_2020.01.16_09.56.56.csv,515,23.1585,23.16,23.16,0.8553,1.989664
306,loot,driving_B_2020.02.14_12.58.17.csv,32,-17.3331,-17.33,-17.33,0.8548,1.664937
307,redandblack,driving_B_2020.01.16_07.26.43.csv,1767,-88.1803,-88.18,-88.18,0.8543,1.738817
308,soldier,driving_B_2020.01.16_09.56.56.csv,95,-134.0855,-134.09,-134.09,0.8538,2.217721
309,longdress,driving_B_2020.02.14_09.38.22.csv,436,-7.8405,-7.84,-7.84,0.8534,2.195861
310,loot,driving_B_2020.02.13_15.02.01.csv,741,8.8428,8.84,8.84,0.8529,1.852584
311,redandblack,driving_B_2020.01.16_09.56.56.csv,935,-54.2940,-54.29,-54.29,0.8524,1.781587
312,soldier,driving_B_2020.01.16_12.10.03.csv,209,40.9467,40.95,40.95,0.8519,2.160037
313,longdress,static_B_2019.12.16_13.40.04.csv,1585,57.4498,57.45,57.45,0.8515,1.712806
314,loot,driving_B_2019.12.16_12.27.05.csv,682,-40.0861,-40.09,-40.09,0.8510,2.116704
315,redandblack,static_B_2020.02.27_18.39.27.csv,5102,43.6054,43.61,43.61,0.8505,1.948946
316,soldier,static_B_2020.02.27_18.39.27.csv,2762,55.8236,55.82,55.82,0.8500,1.806633
317,longdress,driving_B_2020.02.27_17.30.15.csv,564,-247.5274,-247.53,-247.53,0.8496,1.836388
318,loot,static_B_2020.02.27_18.39.27.csv,2,26.7147,26.71,26.71,0.8491,2.237713
319,redandblack,static_B_2020.02.27_18.39.27.csv,5462,48.4641,48.46,48.46,0.8486,2.237843
320,soldier,static_B_2020.02.14_13.21.26.csv,519,41.3909,41.39,41.39,0.8481,2.186686
321,longdress,driving_B_2019.12.16_12.27.05.csv,982,50.4780,50.48,50.48,0.8477,2.365897
322,loot,driving_B_2020.02.13_15.02.01.csv,1341,-154.2268,-154.23,-154.23,0.8472,2.017813
323,redandblack,driving_B_2020.02.14_09.38.22.csv,616,23.2758,23.28,23.28,0.8467,2.178732
324,soldier,driving_B_2020.02.14_12.58.17.csv,212,-603.2801,-603.28,-603.28,0.8462,1.981426
325,longdress,static_B_2020.02.27_18.39.27.csv,5222,-21.1153,-21.12,-21.12,0.8458,1.977544
326,loot,static_B_2020.02.14_13.21.26.csv,850,31.9146,31.91,31.91,0.8453,1.838855
327,redandblack,driving_B_2020.02.27_17.30.15.csv,384,-132.2762,-132.28,-132.28,0.8448,2.095288
328,soldier,driving_B_2020.02.13_13.03.24.csv,576,-110.0089,-110.01,-110.01,0.8443,1.945964
329,longdress,driving_B_2019.12.17_07.32.39.csv,1024,8.8041,8.80,8.80,0.8439,2.026523
330,loot,driving_B_2019.12.17_07.32.39.csv,1264,-17.7117,-17.71,-17.71,0.8434,1.929469
331,redandblack,static_B_2020.02.27_18.39.27.csv,1382,24.6074,24.61,24.61,0.8429,1.961182
332,soldier,static_B_2019.12.16_13.40.04.csv,685,37.6229,37.62,37.62,0.8424,2.114281
333,longdress,driving_B_2020.01.16_07.26.43.csv,1587,-130.0024,-130.00,-130.00,0.8420,2.236790
334,loot,driving_B_2019.12.16_12.27.05.csv,442,-66.6830,-66.68,-66.68,0.8415,1.681942
335,redandblack,driving_B_2020.02.14_09.38.22.csv,856,34.7697,34.77,34.77,0.8410,2.085729
336,soldier,driving_B_2020.01.16_07.26.43.csv,927,-185.4242,-185.42,-185.42,0.8405,1.851558
337,longdress,static_B_2020.02.27_18.39.27.csv,4022,6.8890,6.89,6.89,0.8401,1.820846
338,loot,static_B_2020.02.27_18.39.27.csv,2582,21.7130,21.71,21.71,0.8396,2.000183
339,redandblack,static_B_2020.02.27_18.39.27.csv,3182,-184.1292,-184.13,-184.13,0.8391,1.972653
340,soldier,driving_B_2020.02.14_12.58.17.csv,512,-116.5937,-116.59,-116.59,0.8386,1.847390
341,longdress,driving_B_2020.02.13_15.02.01.csv,1761,34.3635,34.36,34.36,0.8382,2.083870
342,loot,driving_B_2020.01.16_09.56.56.csv,815,22.1364,22.14,22.14,0.8377,2.021378
343,redandblack,static_B_2020.02.27_18.39.27.csv,122,34.4246,34.42,34.42,0.8372,1.925776
344,soldier,driving_B_2019.12.17_07.32.39.csv,2224,43.0523,43.05,43.05,0.8367,2.166286
345,longdress,static_B_2020.02.14_13.21.26.csv,459,43.3680,43.37,43.37,0.8363,2.046437
346,loot,driving_B_2020.01.16_09.56.56.csv,1235,-4.4301,-4.43,-4.43,0.8358,2.126687
347,redandblack,driving_B_2020.02.27_17.30.15.csv,624,-244.6135,-244.61,-244.61,0.8353,2.226660
348,soldier,static_B_2020.02.27_18.39.27.csv,2222,53.7334,53.73,53.73,0.8348,2.072101
349,longdress,driving_B_2020.02.13_15.02.01.csv,2241,23.7008,23.70,23.70,0.8344,1.960776
350,loot,static_B_2019.12.16_13.40.04.csv,1165,-189.0229,-189.02,-189.02,0.8339,2.073998
351,redandblack,driving_B_2020.02.13_13.03.24.csv,1956,-242.9468,-242.95,-242.95,0.8334,1.623285
352,soldier,driving_B_2020.02.14_12.58.17.csv,452,-405.3989,-405.40,-405.40,0.8329,1.837501
353,longdress,driving_B_2019.12.16_12.27.05.csv,1152,-13.9582,-13.96,-13.96,0.8325,1.851682
354,loot,static_B_2019.12.16_13.40.04.csv,1225,51.4892,51.49,51.49,0.8320,2.117904
355,redandblack,static_B_2019.12.16_13.40.04.csv,205,55.5416,55.54,55.54,0.8315,1.973319
356,soldier,driving_B_2020.02.13_15.02.01.csv,1041,41.6184,41.62,41.62,0.8310,2.156871
357,longdress,driving_B_2020.02.13_13.03.24.csv,396,-71.7781,-71.78,-71.78,0.8306,1.672033
358,loot,static_B_2019.12.16_13.40.04.csv,925,0.5969,0.60,0.60,0.8301,2.109032
359,redandblack,static_B_2020.02.27_18.39.27.csv,3842,44.5147,44.51,44.51,0.8296,2.398490
360,soldier,driving_B_2020.02.13_13.03.24.csv,1176,-105.4660,-105.47,-105.47,0.8291,1.981013
361,longdress,static_B_2020.02.27_18.39.27.csv,1562,17.7427,17.74,17.74,0.8287,2.266265
362,loot,static_B_2020.02.27_18.39.27.csv,4202,19.6579,19.66,19.66,0.8282,1.848033
363,redandblack,static_B_2020.02.14_13.21.26.csv,399,46.7680,46.77,46.77,0.8277,2.505761
364,soldier,driving_B_2020.02.14_09.38.22.csv,16,-116.5230,-116.52,-116.52,0.8272,2.029624
365,longdress,driving_B_2019.12.17_07.32.39.csv,2104,25.5647,25.56,25.56,0.8268,2.208197
366,loot,driving_B_2020.02.14_12.58.17.csv,92,-126.7019,-126.70,-126.70,0.8263,2.004730
367,redandblack,driving_B_2020.01.16_09.56.56.csv,1115,-5.4086,-5.41,-5.41,0.8258,2.136846
368,soldier,driving_B_2020.02.13_15.02.01.csv,381,47.1104,47.11,47.11,0.8254,1.609990
369,longdress,static_B_2020.02.27_18.39.27.csv,2282,31.7058,31.71,31.71,0.8249,1.779474
370,loot,driving_B_2020.01.16_09.56.56.csv,1415,22.1609,22.16,22.16,0.8244,2.180133
371,redandblack,static_B_2020.02.27_18.39.27.csv,782,43.7804,43.78,43.78,0.8239,2.012890
372,soldier,driving_B_2019.12.17_07.32.39.csv,1684,-117.4721,-117.47,-117.47,0.8235,2.097660
373,longdress,driving_B_2020.02.13_13.03.24.csv,156,-158.9970,-159.00,-159.00,0.8230,1.963380
374,loot,static_B_2019.12.16_13.40.04.csv,445,42.0104,42.01,42.01,0.8225,1.987560
375,redandblack,driving_B_2020.02.27_17.30.15.csv,324,-180.3362,-180.34,-180.34,0.8220,2.176024
376,soldier,driving_B_2020.02.13_15.02.01.csv,1881,-52.2731,-52.27,-52.27,0.8216,1.851476
377,longdress,static_B_2019.12.16_13.40.04.csv,1645,41.6795,41.68,41.68,0.8211,1.895057
378,loot,driving_B_2020.02.13_15.02.01.csv,1221,43.7769,43.78,43.78,0.8206,1.926676
379,redandblack,driving_B_2019.12.17_07.32.39.csv,1744,-88.8329,-88.83,-88.83,0.8201,1.777951
380,soldier,driving_B_2020.02.13_15.02.01.csv,321,46.3165,46.32,46.32,0.8197,1.928596
381,longdress,driving_B_2020.01.16_07.26.43.csv,207,-89.4288,-89.43,-89.43,0.8192,1.716415
382,loot,driving_B_2019.12.16_12.27.05.csv,1102,-4.4958,-4.50,-4.50,0.8187,2.296474
383,redandblack,static_B_2020.02.27_18.39.27.csv,3242,34.3022,34.30,34.30,0.8182,1.963339
384,soldier,driving_B_2020.01.16_12.10.03.csv,89,32.2229,32.22,32.22,0.8178,1.699282
385,longdress,driving_B_2020.01.16_09.56.56.csv,455,-76.8594,-76.86,-76.86,0.8173,1.832379
386,loot,static_B_2019.12.16_13.40.04.csv,1525,41.3521,41.35,41.35,0.8168,1.817655
387,redandblack,static_B_2019.12.16_13.40.04.csv,985,29.2218,29.22,29.22,0.8163,1.754203
388,soldier,driving_B_2020.02.13_15.02.01.csv,621,-121.8834,-121.88,-121.88,0.8159,2.139613
389,longdress,static_B_2020.02.14_13.21.26.csv,279,55.7599,55.76,55.76,0.8154,1.847267
390,loot,driving_B_2020.02.13_15.02.01.csv,921,32.3892,32.39,32.39,0.8149,2.117997
391,redandblack,static_B_2020.02.27_18.39.27.csv,1982,43.0144,43.01,43.01,0.8144,1.818624
392,soldier,static_B_2020.02.27_18.39.27.csv,2822,55.6838,55.68,55.68,0.8140,2.140438
393,longdress,driving_B_2020.02.13_15.02.01.csv,1581,-497.7169,-497.72,-497.72,0.8135,1.905758
394,loot,static_B_2019.12.16_13.40.04.csv,1105,-390.2352,-390.24,-390.24,0.8130,1.906832
395,redandblack,driving_B_2019.12.16_12.27.05.csv,1042,22.4358,22.44,22.44,0.8125,2.288639
396,soldier,driving_B_2020.01.16_12.10.03.csv,149,24.7884,24.79,24.79,0.8121,1.789647
397,longdress,driving_B_2020.02.14_09.38.22.csv,796,-157.4920,-157.49,-157.49,0.8116,2.224778
398,loot,driving_B_2020.02.13_15.02.01.csv,1101,12.1828,12.18,12.18,0.8111,1.897951
399,redandblack,driving_B_2020.02.27_17.30.15.csv,504,-249.9220,-249.92,-249.92,0.8106,1.853026
400,soldier,driving_B_2020.02.27_17.30.15.csv,720,-394.1361,-394.14,-394.14,0.8102,2.374448
401,longdress,driving_B_2020.01.16_12.10.03.csv,29,33.9757,33.98,33.98,0.8097,2.319111
402,loot,driving_B_2020.01.16_09.56.56.csv,1475,49.8841,49.88,49.88,0.8092,1.877435
403,redandblack,driving_B_2020.02.14_09.38.22.csv,316,-164.4654,-164.47,-164.47,0.8087,2.057576
404,soldier,static_B_2019.12.16_13.40.04.csv,1285,28.5685,28.57,28.57,0.8083,2.183276
405,longdress,driving_B_2020.02.13_13.03.24.csv,2076,-402.2428,-402.24,-402.24,0.8078,2.050773
406,loot,driving_B_2019.12.16_12.27.05.csv,262,-13.6429,-13.64,-13.64,0.8073,2.116338
407,redandblack,static_B_2019.12.16_13.40.04.csv,625,-9.0140,-9.01,-9.01,0.8068,2.273905
408,soldier,static_B_2020.02.27_18.39.27.csv,3062,8.8737,8.87,8.87,0.8064,2.185530
409,longdress,driving_B_2020.02.14_12.58.17.csv,392,-273.1346,-273.13,-273.13,0.8059,2.039207
410,loot,static_B_2020.02.27_18.39.27.csv,5162,35.0424,35.04,35.04,0.8054,2.253992
411,redandblack,driving_B_2020.02.13_13.03.24.csv,516,-50.0654,-50.07,-50.07,0.8049,2.324307
412,soldier,driving_B_2019.12.16_12.27.05.csv,22,-35.3184,-35.32,-35.32,0.8045,2.113391
413,longdress,driving_B_2019.12.17_07.32.39.csv,1864,-51.7026,-51.70,-51.70,0.8040,2.081574
414,loot,driving_B_2019.12.16_12.27.05.csv,742,41.6624,41.66,41.66,0.8035,2.135181
415,redandblack,static_B_2020.02.27_18.39.27.csv,1082,-18.7382,-18.74,-18.74,0.8030,1.878797
416,soldier,driving_B_2020.02.14_09.38.22.csv,76,-221.4412,-221.44,-221.44,0.8026,2.134285
417,longdress,static_B_2020.02.27_18.39.27.csv,5282,35.7725,35.77,35.77,0.8021,2.028906
418,loot,driving_B_2020.02.13_15.02.01.csv,25,50.0217,50.02,50.02,0.8016,2.114767
419,redandblack,driving_B_2020.01.16_07.26.43.csv,244,5.4087,5.41,5.41,0.8011,2.278151
420,soldier,static_B_2020.02.27_18.39.27.csv,3695,31.3915,31.39,31.39,0.8007,2.029893
421,longdress,static_B_2020.02.27_18.39.27.csv,3095,-79.7837,-79.78,-79.78,0.8002,2.081504
422,loot,driving_B_2020.02.27_17.30.15.csv,127,-175.3672,-175.37,-175.37,0.7997,2.188393
423,redandblack,driving_B_2020.02.13_13.03.24.csv,157,-35.5334,-35.53,-35.53,0.7992,1.953035
424,soldier,driving_B_2020.02.14_09.38.22.csv,895,1.7265,1.73,1.73,0.7988,2.505896
425,longdress,static_B_2020.02.27_18.39.27.csv,2435,42.3538,42.35,42.35,0.7983,2.077740
426,loot,static_B_2019.12.16_13.40.04.csv,1286,43.8576,43.86,43.86,0.7978,1.922792
427,redandblack,driving_B_2020.02.14_12.58.17.csv,800,-61.4639,-61.46,-61.46,0.7973,2.439452
428,soldier,driving_B_2020.02.14_09.38.22.csv,1435,-64.5230,-64.52,-64.52,0.7969,1.644638
429,longdress,driving_B_2020.01.16_12.10.03.csv,244,63.0192,63.02,63.02,0.7964,1.674662
430,loot,driving_B_2020.02.13_15.02.01.csv,2725,-54.7729,-54.77,-54.77,0.7959,2.077100
431,redandblack,driving_B_2020.02.13_13.03.24.csv,397,-55.7618,-55.76,-55.76,0.7954,2.093081
432,soldier,driving_B_2020.02.13_15.02.01.csv,1825,49.3918,49.39,49.39,0.7950,2.050631
433,longdress,driving_B_2019.12.17_07.32.39.csv,1150,-95.0581,-95.06,-95.06,0.7945,1.994942
434,loot,driving_B_2019.12.16_12.27.05.csv,946,48.6623,48.66,48.66,0.7940,2.052765
435,redandblack,static_B_2019.12.16_13.40.04.csv,866,44.9868,44.99,44.99,0.7936,1.900229
436,soldier,driving_B_2020.01.16_07.26.43.csv,1624,-85.1375,-85.14,-85.14,0.7931,2.166758
437,longdress,driving_B_2020.01.16_07.26.43.csv,904,-108.9539,-108.95,-108.95,0.7926,2.071018
438,loot,static_B_2020.02.27_18.39.27.csv,35,46.0956,46.10,46.10,0.7921,1.835997
439,redandblack,driving_B_2020.01.16_07.26.43.csv,1144,19.2686,19.27,19.27,0.7917,2.000149
440,soldier,driving_B_2020.01.16_07.26.43.csv,304,4.8987,4.90,4.90,0.7912,2.220318
441,longdress,driving_B_2020.02.13_15.02.01.csv,1405,-95.0077,-95.01,-95.01,0.7907,1.898111
442,loot,static_B_2020.02.27_18.39.27.csv,2495,38.5136,38.51,38.51,0.7902,2.125532
443,redandblack,driving_B_2020.02.13_15.02.01.csv,1585,-435.3742,-435.37,-435.37,0.7898,1.916095
444,soldier,driving_B_2020.02.13_13.03.24.csv,217,-83.8943,-83.89,-83.89,0.7893,1.929328
445,longdress,static_B_2020.02.27_18.39.27.csv,4775,31.1971,31.20,31.20,0.7888,2.129793
446,loot,static_B_2020.02.27_18.39.27.csv,4175,34.0728,34.07,34.07,0.7883,2.281278
447,redandblack,driving_B_2020.02.13_13.03.24.csv,1057,-31.4683,-31.47,-31.47,0.7879,2.483244
448,soldier,driving_B_2020.02.13_15.02.01.csv,2305,-64.3014,-64.30,-64.30,0.7874,1.857971
449,longdress,static_B_2020.02.27_18.39.27.csv,995,29.9809,29.98,29.98,0.7869,1.907649
450,loot,static_B_2019.12.16_13.40.04.csv,386,60.7558,60.76,60.76,0.7864,1.948814
451,redandblack,driving_B_2019.12.17_07.32.39.csv,430,9.7451,9.75,9.75,0.7860,2.000771
452,soldier,static_B_2019.12.16_13.40.04.csv,686,53.1657,53.17,53.17,0.7855,2.101052
453,longdress,static_B_2019.12.16_13.40.04.csv,26,38.3951,38.40,38.40,0.7850,1.897470
454,loot,driving_B_2019.12.16_12.27.05.csv,166,-34.1805,-34.18,-34.18,0.7845,1.991386
455,redandblack,static_B_2019.12.16_13.40.04.csv,1166,-187.3195,-187.32,-187.32,0.7841,1.959781
456,soldier,driving_B_2020.02.13_13.03.24.csv,1897,-394.3437,-394.34,-394.34,0.7836,2.047125
457,longdress,driving_B_2019.12.17_07.32.39.csv,1930,47.1633,47.16,47.16,0.7831,2.130568
458,loot,driving_B_2019.12.17_07.32.39.csv,1750,-55.2071,-55.21,-55.21,0.7826,2.164085
459,redandblack,driving_B_2020.01.16_07.26.43.csv,1744,-1.8299,-1.83,-1.83,0.7822,1.919925
460,soldier,static_B_2020.02.27_18.39.27.csv,2735,51.4893,51.49,51.49,0.7817,1.937679
461,longdress,static_B_2020.02.27_18.39.27.csv,5742,46.2470,46.25,46.25,0.7812,2.098781
462,loot,static_B_2020.02.27_18.39.27.csv,2675,8.6318,8.63,8.63,0.7807,2.240214
463,redandblack,driving_B_2020.02.27_17.30.15.csv,307,-187.7989,-187.80,-187.80,0.7803,2.197493
464,soldier,static_B_2019.12.16_13.40.04.csv,1586,51.4660,51.47,51.47,0.7798,2.059729
465,longdress,driving_B_2020.01.16_07.26.43.csv,544,-89.4421,-89.44,-89.44,0.7793,2.104007
466,loot,driving_B_2020.02.27_17.30.15.csv,7,-132.7506,-132.75,-132.75,0.7788,1.975357
467,redandblack,driving_B_2020.02.13_15.02.01.csv,1105,48.6653,48.67,48.67,0.7784,1.906048
468,soldier,static_B_2020.02.27_18.39.27.csv,1955,32.9478,32.95,32.95,0.7779,2.133910
469,longdress,static_B_2020.02.27_18.39.27.csv,3275,44.3786,44.38,44.38,0.7774,1.934696
470,loot,driving_B_2020.01.16_07.26.43.csv,604,-19.5080,-19.51,-19.51,0.7769,2.072305
471,redandblack,driving_B_2020.02.13_13.03.24.csv,2077,-369.6132,-369.61,-369.61,0.7765,2.158014
472,soldier,static_B_2020.02.27_18.39.27.csv,3155,-345.4844,-345.48,-345.48,0.7760,2.509941
473,longdress,driving_B_2020.02.14_12.58.17.csv,442,-472.1564,-472.16,-472.16,0.7755,1.991956
474,loot,static_B_2019.12.16_13.40.04.csv,1346,35.6055,35.61,35.61,0.7750,2.175276
475,redandblack,driving_B_2020.02.13_13.03.24.csv,37,-99.3813,-99.38,-99.38,0.7746,1.996452
476,soldier,driving_B_2019.12.17_07.32.39.csv,1570,-110.0492,-110.05,-110.05,0.7741,2.659602
477,longdress,static_B_2020.02.27_18.39.27.csv,2555,27.3171,27.32,27.32,0.7736,2.239292
478,loot,driving_B_2020.01.16_12.10.03.csv,8,38.5018,38.50,38.50,0.7731,2.401079
479,redandblack,static_B_2020.02.27_18.39.27.csv,875,40.3156,40.32,40.32,0.7727,2.048327
480,soldier,driving_B_2019.12.17_07.32.39.csv,1990,47.3196,47.32,47.32,0.7722,2.134584
481,longdress,driving_B_2020.02.27_17.30.15.csv,487,-255.8097,-255.81,-255.81,0.7717,2.026497
482,loot,static_B_2020.02.27_18.39.27.csv,335,51.6852,51.69,51.69,0.7712,2.017053
483,redandblack,driving_B_2020.02.14_09.38.22.csv,535,35.2290,35.23,35.23,0.7708,1.963421
484,soldier,static_B_2020.02.27_18.39.27.csv,3575,-14.1010,-14.10,-14.10,0.7703,2.217567
485,longdress,static_B_2020.02.27_18.39.27.csv,4535,25.0780,25.08,25.08,0.7698,2.087481
486,loot,driving_B_2019.12.17_07.32.39.csv,2288,50.1164,50.12,50.12,0.7693,2.469462
487,redandblack,static_B_2020.02.27_18.39.27.csv,2015,20.5181,20.52,20.52,0.7689,2.061496
488,soldier,static_B_2020.02.27_18.39.27.csv,3335,33.8253,33.83,33.83,0.7684,1.994602
489,longdress,static_B_2020.02.14_13.21.26.csv,18,1.7494,1.75,1.75,0.7679,2.474926
490,loot,driving_B_2019.12.17_07.32.39.csv,10,10.9861,10.99,10.99,0.7674,2.220390
491,redandblack,driving_B_2020.01.16_07.26.43.csv,64,-24.0763,-24.08,-24.08,0.7670,2.132531
492,soldier,static_B_2020.02.27_18.39.27.csv,4655,-297.5929,-297.59,-297.59,0.7665,2.081518
493,longdress,static_B_2020.02.27_18.39.27.csv,3395,35.2249,35.22,35.22,0.7660,2.330960
494,loot,driving_B_2020.01.16_07.26.43.csv,1770,-45.4334,-45.43,-45.43,0.7655,2.275228
495,redandblack,driving_B_2020.01.16_09.56.56.csv,1570,24.8233,24.82,24.82,0.7651,2.276484
496,soldier,static_B_2020.02.27_18.39.27.csv,3635,40.1408,40.14,40.14,0.7646,2.027751
497,longdress,static_B_2020.02.27_18.39.27.csv,3875,-41.1576,-41.16,-41.16,0.7641,2.083151
498,loot,driving_B_2020.01.16_07.26.43.csv,1504,-33.1473,-33.15,-33.15,0.7636,2.748505
499,redandblack,driving_B_2020.01.16_07.26.43.csv,1264,-35.0882,-35.09,-35.09,0.7632,2.428000
500,soldier,driving_B_2020.01.16_07.26.43.csv,1204,-100.0957,-100.10,-100.10,0.7627,2.525799
501,longdress,driving_B_2020.01.16_09.56.56.csv,1265,3.5661,3.57,3.57,0.7622,2.504930
502,loot,driving_B_2020.01.16_09.56.56.csv,5,19.8008,19.80,19.80,0.7618,2.094200
503,redandblack,driving_B_2020.01.16_07.26.43.csv,724,-19.6378,-19.64,-19.64,0.7613,2.214900
504,soldier,static_B_2020.02.27_18.39.27.csv,5135,49.7946,49.79,49.79,0.7608,2.154085
505,longdress,driving_B_2020.02.13_15.02.01.csv,2065,-71.4764,-71.48,-71.48,0.7603,2.222272
506,loot,static_B_2020.02.27_18.39.27.csv,5435,16.1207,16.12,16.12,0.7599,2.065311
507,redandblack,driving_B_2020.02.13_13.03.24.csv,1177,-37.4320,-37.43,-37.43,0.7594,2.089597
508,soldier,driving_B_2020.02.14_12.58.17.csv,262,-878.9684,-878.97,-878.97,0.7589,2.313338
509,longdress,driving_B_2020.02.13_15.02.01.csv,625,-118.7039,-118.70,-118.70,0.7584,2.233376
510,loot,static_B_2020.02.27_18.39.27.csv,4595,35.0239,35.02,35.02,0.7580,2.062082
511,redandblack,driving_B_2020.02.13_13.03.24.csv,757,-43.3320,-43.33,-43.33,0.7575,2.505176
512,soldier,driving_B_2020.02.13_15.02.01.csv,1645,-182.4890,-182.49,-182.49,0.7570,2.211448
513,longdress,driving_B_2019.12.17_07.32.39.csv,1330,24.3919,24.39,24.39,0.7565,2.154643
514,loot,driving_B_2020.02.27_17.30.15.csv,367,-122.2815,-122.28,-122.28,0.7561,2.194397
515,redandblack,driving_B_2020.01.16_07.26.43.csv,1684,-37.1000,-37.10,-37.10,0.7556,1.990494
516,soldier,static_B_2019.12.16_13.40.04.csv,986,23.3250,23.33,23.33,0.7551,2.204943
517,longdress,driving_B_2020.02.14_12.58.17.csv,562,-99.6051,-99.61,-99.61,0.7546,1.969663
518,loot,driving_B_2020.01.16_09.56.56.csv,725,49.7840,49.78,49.78,0.7542,2.004563
519,redandblack,driving_B_2020.02.13_13.03.24.csv,517,-58.0497,-58.05,-58.05,0.7537,2.461276
520,soldier,static_B_2020.02.27_18.39.27.csv,1475,16.4261,16.43,16.43,0.7532,2.305338
521,longdress,driving_B_2020.01.16_12.10.03.csv,68,44.4188,44.42,44.42,0.7527,2.240839
522,loot,static_B_2020.02.27_18.39.27.csv,215,32.0610,32.06,32.06,0.7523,1.929540
523,redandblack,driving_B_2020.02.14_09.38.22.csv,1478,-14.5062,-14.51,-14.51,0.7518,2.182759
524,soldier,driving_B_2019.12.17_07.32.39.csv,310,-35.8647,-35.86,-35.86,0.7513,2.148370
525,longdress,driving_B_2019.12.16_12.27.05.csv,886,37.2595,37.26,37.26,0.7508,2.030048
526,loot,driving_B_2020.01.16_07.26.43.csv,1384,-95.8210,-95.82,-95.82,0.7504,2.337114
527,redandblack,driving_B_2020.02.13_15.02.01.csv,445,5.4054,5.41,5.41,0.7499,2.244634
528,soldier,static_B_2020.02.27_18.39.27.csv,5075,44.3710,44.37,44.37,0.7494,2.119388
529,longdress,static_B_2020.02.27_18.39.27.csv,4355,7.9604,7.96,7.96,0.7489,2.443589
530,loot,static_B_2020.02.27_18.39.27.csv,3815,26.0514,26.05,26.05,0.7485,2.364043
531,redandblack,driving_B_2020.02.13_15.02.01.csv,1225,-4.8358,-4.84,-4.84,0.7480,2.285790
532,soldier,driving_B_2019.12.17_07.32.39.csv,1210,27.0026,27.00,27.00,0.7475,1.941784
533,longdress,driving_B_2020.01.16_07.26.43.csv,1770,-157.8267,-157.83,-157.83,0.7470,1.870918
534,loot,static_B_2020.02.27_18.39.27.csv,3455,71.9397,71.94,71.94,0.7466,2.128786
535,redandblack,static_B_2020.02.27_18.39.27.csv,5375,29.8751,29.88,29.88,0.7461,2.129025
536,soldier,static_B_2020.02.27_18.39.27.csv,635,45.1105,45.11,45.11,0.7456,2.016851
537,longdress,driving_B_2020.01.16_09.56.56.csv,545,-0.5616,-0.56,-0.56,0.7451,2.176894
538,loot,driving_B_2019.12.16_12.27.05.csv,346,16.4529,16.45,16.45,0.7447,2.152833
539,redandblack,driving_B_2020.02.13_13.03.24.csv,1357,-27.3735,-27.37,-27.37,0.7442,2.461422
540,soldier,driving_B_2020.02.13_13.03.24.csv,1717,29.4859,29.49,29.49,0.7437,2.229046
541,longdress,driving_B_2019.12.16_12.27.05.csv,1152,-5.8287,-5.83,-5.83,0.7432,2.125875
542,loot,driving_B_2019.12.17_07.32.39.csv,1390,-151.3150,-151.32,-151.32,0.7428,2.122534
543,redandblack,static_B_2019.12.16_13.40.04.csv,1706,66.2131,66.21,66.21,0.7423,2.101932
544,soldier,driving_B_2019.12.16_12.27.05.csv,46,-58.5101,-58.51,-58.51,0.7418,2.188296
545,longdress,driving_B_2020.02.13_15.02.01.csv,1765,40.2237,40.22,40.22,0.7413,2.061729
546,loot,static_B_2020.02.14_13.21.26.csv,850,34.3796,34.38,34.38,0.7409,2.091786
547,redandblack,driving_B_2020.01.16_09.56.56.csv,65,-51.3756,-51.38,-51.38,0.7404,2.455592
548,soldier,driving_B_2019.12.16_12.27.05.csv,526,-200.4442,-200.44,-200.44,0.7399,2.312057
549,longdress,driving_B_2019.12.17_07.32.39.csv,370,60.2290,60.23,60.23,0.7394,2.117907
550,loot,driving_B_2020.02.14_09.38.22.csv,1135,-28.5615,-28.56,-28.56,0.7390,2.208182
551,redandblack,driving_B_2020.02.13_15.02.01.csv,565,-3.8574,-3.86,-3.86,0.7385,2.382214
552,soldier,driving_B_2020.01.16_09.56.56.csv,1565,24.6376,24.64,24.64,0.7380,2.317538
553,longdress,driving_B_2019.12.17_07.32.39.csv,910,-67.2923,-67.29,-67.29,0.7375,2.168844
554,loot,static_B_2020.02.27_18.39.27.csv,695,40.1906,40.19,40.19,0.7371,2.055738
555,redandblack,driving_B_2020.02.13_13.03.24.csv,457,-52.1459,-52.15,-52.15,0.7366,2.346551
556,soldier,static_B_2020.02.14_13.21.26.csv,850,15.8504,15.85,15.85,0.7361,2.365091
557,longdress,driving_B_2020.02.13_15.02.01.csv,2125,48.5430,48.54,48.54,0.7356,2.299540
558,loot,driving_B_2020.01.16_09.56.56.csv,425,-37.8627,-37.86,-37.86,0.7352,2.301837
559,redandblack,driving_B_2020.01.16_07.26.43.csv,1024,-20.6368,-20.64,-20.64,0.7347,2.114914
560,soldier,static_B_2020.02.14_13.21.26.csv,618,55.6605,55.66,55.66,0.7342,2.235205
561,longdress,driving_B_2020.02.13_13.03.24.csv,937,-194.3539,-194.35,-194.35,0.7337,2.228724
562,loot,driving_B_2020.02.14_09.38.22.csv,1195,-84.1867,-84.19,-84.19,0.7333,2.273879
563,redandblack,driving_B_2020.01.16_07.26.43.csv,1564,-206.5613,-206.56,-206.56,0.7328,2.236663
564,soldier,driving_B_2020.02.13_15.02.01.csv,205,3.1214,3.12,3.12,0.7323,2.140948
565,longdress,driving_B_2020.02.27_17.30.15.csv,720,-354.8786,-354.88,-354.88,0.7318,2.476539
566,loot,driving_B_2020.02.14_09.38.22.csv,595,47.7738,47.77,47.77,0.7314,2.397300
567,redandblack,static_B_2019.12.16_13.40.04.csv,806,37.0571,37.06,37.06,0.7309,2.370289
568,soldier,static_B_2019.12.16_13.40.04.csv,86,46.2217,46.22,46.22,0.7304,2.470109
569,longdress,static_B_2020.02.27_18.39.27.csv,5015,41.1138,41.11,41.11,0.7300,2.274761
570,loot,driving_B_2020.01.16_09.56.56.csv,1325,59.4280,59.43,59.43,0.7295,2.430451
571,redandblack,static_B_2019.12.16_13.40.04.csv,1646,46.3203,46.32,46.32,0.7290,2.277425
572,soldier,driving_B_2020.02.14_12.58.17.csv,502,-174.5695,-174.57,-174.57,0.7285,2.251090
573,longdress,static_B_2019.12.16_13.40.04.csv,146,9.4199,9.42,9.42,0.7281,2.410645
574,loot,driving_B_2020.02.13_15.02.01.csv,2365,-224.6054,-224.61,-224.61,0.7276,2.135948
575,redandblack,driving_B_2020.01.16_12.10.03.csv,244,38.5546,38.55,38.55,0.7271,2.412081
576,soldier,driving_B_2020.01.16_12.10.03.csv,128,56.5695,56.57,56.57,0.7266,2.611049
577,longdress,driving_B_2020.02.13_13.03.24.csv,1837,-831.9643,-831.96,-831.96,0.7262,1.969980
578,loot,static_B_2020.02.27_18.39.27.csv,1835,-76.2338,-76.23,-76.23,0.7257,2.323052
579,redandblack,driving_B_2019.12.17_07.32.39.csv,1030,9.2728,9.27,9.27,0.7252,2.166877
580,soldier,static_B_2020.02.27_18.39.27.csv,2915,26.4965,26.50,26.50,0.7247,2.084100
581,longdress,driving_B_2019.12.17_07.32.39.csv,2288,43.4350,43.43,43.43,0.7243,2.062809
582,loot,driving_B_2020.02.13_15.02.01.csv,1705,60.8805,60.88,60.88,0.7238,2.303757
583,redandblack,driving_B_2020.02.13_13.03.24.csv,2137,-378.0671,-378.07,-378.07,0.7233,2.326592
584,soldier,static_B_2020.02.27_18.39.27.csv,3035,15.5205,15.52,15.52,0.7228,2.380735
585,longdress,static_B_2020.02.14_13.21.26.csv,498,55.6838,55.68,55.68,0.7224,2.323329
586,loot,driving_B_2020.02.14_12.58.17.csv,622,-31.5160,-31.52,-31.52,0.7219,2.303736
587,redandblack,driving_B_2019.12.17_07.32.39.csv,1270,-12.2371,-12.24,-12.24,0.7214,2.395734
588,soldier,static_B_2020.02.27_18.39.27.csv,935,50.1197,50.12,50.12,0.7209,2.366169
589,longdress,driving_B_2020.02.13_15.02.01.csv,2605,54.9599,54.96,54.96,0.7205,2.239843
590,loot,driving_B_2020.02.13_15.02.01.csv,865,17.4079,17.41,17.41,0.7200,2.257840
591,redandblack,driving_B_2020.01.16_12.10.03.csv,188,63.4168,63.42,63.42,0.7195,2.582587
592,soldier,driving_B_2020.02.13_13.03.24.csv,817,-89.7380,-89.74,-89.74,0.7190,2.255670
593,longdress,driving_B_2020.02.14_09.38.22.csv,1255,9.3690,9.37,9.37,0.7186,2.014704
594,loot,static_B_2020.02.27_18.39.27.csv,395,62.1487,62.15,62.15,0.7181,2.233251
595,redandblack,driving_B_2020.02.13_13.03.24.csv,1117,-81.4120,-81.41,-81.41,0.7176,2.248184
596,soldier,driving_B_2020.01.16_07.26.43.csv,784,17.4299,17.43,17.43,0.7171,2.443340
597,longdress,driving_B_2020.02.14_12.58.17.csv,382,-265.8687,-265.87,-265.87,0.7167,2.230128
598,loot,static_B_2019.12.16_13.40.04.csv,566,46.4356,46.44,46.44,0.7162,2.262508
599,redandblack,driving_B_2020.02.13_13.03.24.csv,337,-51.0565,-51.06,-51.06,0.7157,2.170254
600,soldier,driving_B_2019.12.17_07.32.39.csv,610,-85.1629,-85.16,-85.16,0.7152,2.158814
601,longdress,driving_B_2019.12.17_07.32.39.csv,850,-53.3966,-53.40,-53.40,0.7148,2.268255
602,loot,driving_B_2019.12.16_12.27.05.csv,286,-11.8064,-11.81,-11.81,0.7143,2.539325
603,redandblack,static_B_2020.02.27_18.39.27.csv,5315,50.1726,50.17,50.17,0.7138,2.083731
604,soldier,driving_B_2020.02.13_15.02.01.csv,2485,-159.5523,-159.55,-159.55,0.7133,2.428712
605,longdress,driving_B_2020.02.13_13.03.24.csv,1417,-74.6968,-74.70,-74.70,0.7129,2.094700
606,loot,driving_B_2020.02.14_09.38.22.csv,475,-44.7942,-44.79,-44.79,0.7124,2.519185
607,redandblack,static_B_2020.02.27_18.39.27.csv,2315,44.4605,44.46,44.46,0.7119,1.955190
608,soldier,static_B_2019.12.16_13.40.04.csv,1106,-599.2826,-599.28,-599.28,0.7114,2.467479
609,longdress,driving_B_2020.02.27_17.30.15.csv,720,-349.9941,-349.99,-349.99,0.7110,2.615081
610,loot,static_B_2019.12.16_13.40.04.csv,326,24.6279,24.63,24.63,0.7105,2.566338
611,redandblack,static_B_2020.02.27_18.39.27.csv,4415,51.6341,51.63,51.63,0.7100,2.219739
612,soldier,driving_B_2020.02.13_15.02.01.csv,2005,38.2522,38.25,38.25,0.7095,2.164810
613,longdress,static_B_2020.02.27_18.39.27.csv,4955,66.7849,66.78,66.78,0.7091,2.202262
614,loot,driving_B_2020.01.16_07.26.43.csv,364,-56.0980,-56.10,-56.10,0.7086,2.552373
615,redandblack,static_B_2020.02.14_13.21.26.csv,558,59.6240,59.62,59.62,0.7081,2.427147
616,soldier,driving_B_2020.02.13_13.03.24.csv,2188,-368.0487,-368.05,-368.05,0.7076,2.331452
617,longdress,driving_B_2020.02.13_13.03.24.csv,637,-69.8250,-69.83,-69.83,0.7072,2.467634
618,loot,driving_B_2020.02.14_12.58.17.csv,322,-424.8985,-424.90,-424.90,0.7067,2.088486
619,redandblack,driving_B_2020.02.27_17.30.15.csv,67,-356.6111,-356.61,-356.61,0.7062,2.169989
620,soldier,static_B_2020.02.27_18.39.27.csv,755,63.4791,63.48,63.48,0.7057,2.313975
621,longdress,driving_B_2020.02.14_09.38.22.csv,1478,-64.9118,-64.91,-64.91,0.7053,2.518969
622,loot,driving_B_2020.02.13_15.02.01.csv,1945,41.7041,41.70,41.70,0.7048,2.280150
623,redandblack,driving_B_2019.12.17_07.32.39.csv,1090,-26.4852,-26.49,-26.49,0.7043,2.442139
624,soldier,driving_B_2020.02.14_09.38.22.csv,1375,57.6104,57.61,57.61,0.7038,2.784696
625,longdress,static_B_2020.02.14_13.21.26.csv,78,49.9441,49.94,49.94,0.7034,2.484086
626,loot,static_B_2020.02.27_18.39.27.csv,3935,44.3135,44.31,44.31,0.7029,2.067568
627,redandblack,static_B_2020.02.14_13.21.26.csv,138,62.0373,62.04,62.04,0.7024,2.454578
628,soldier,driving_B_2020.02.14_09.38.22.csv,1075,-126.3500,-126.35,-126.35,0.7019,2.263420
629,longdress,driving_B_2020.01.16_09.56.56.csv,785,-7.6617,-7.66,-7.66,0.7015,2.812657
630,loot,static_B_2019.12.16_13.40.04.csv,506,17.9764,17.98,17.98,0.7010,2.362053
631,redandblack,driving_B_2020.01.16_09.56.56.csv,905,-50.9459,-50.95,-50.95,0.7005,2.240760
632,soldier,static_B_2020.02.27_18.39.27.csv,2375,-204.8206,-204.82,-204.82,0.7000,2.604416
633,longdress,static_B_2020.02.27_18.39.27.csv,1355,50.5858,50.59,50.59,0.6996,2.450425
634,loot,driving_B_2019.12.17_07.32.39.csv,2170,-32.9832,-32.98,-32.98,0.6991,2.632202
635,redandblack,driving_B_2020.02.13_13.03.24.csv,997,-68.3064,-68.31,-68.31,0.6986,2.583536
636,soldier,static_B_2019.12.16_13.40.04.csv,1526,58.9031,58.90,58.90,0.6982,2.340760
637,longdress,driving_B_2019.12.17_07.32.39.csv,1630,11.7897,11.79,11.79,0.6977,2.182658
638,loot,static_B_2020.02.14_13.21.26.csv,438,49.7047,49.70,49.70,0.6972,2.410458
639,redandblack,static_B_2020.02.27_18.39.27.csv,2975,51.9745,51.97,51.97,0.6967,2.486093
640,soldier,static_B_2019.12.16_13.40.04.csv,1886,-116.0706,-116.07,-116.07,0.6963,2.268471
641,longdress,driving_B_2020.02.13_13.03.24.csv,1237,-142.4357,-142.44,-142.44,0.6958,2.279559
642,loot,static_B_2019.12.16_13.40.04.csv,1826,5.1614,5.16,5.16,0.6953,2.608066
643,redandblack,driving_B_2019.12.16_12.27.05.csv,466,-14.2304,-14.23,-14.23,0.6948,2.626340
644,soldier,driving_B_2020.01.16_07.26.43.csv,844,12.6086,12.61,12.61,0.6944,2.325164
645,longdress,driving_B_2020.02.27_17.30.15.csv,187,-751.1281,-751.13,-751.13,0.6939,2.247287
646,loot,static_B_2020.02.27_18.39.27.csv,1295,33.2994,33.30,33.30,0.6934,2.523079
647,redandblack,driving_B_2020.01.16_09.56.56.csv,185,-1.8742,-1.87,-1.87,0.6929,2.543354
648,soldier,driving_B_2020.02.13_15.02.01.csv,985,-75.6636,-75.66,-75.66,0.6925,2.575329
649,longdress,driving_B_2020.02.27_17.30.15.csv,427,-410.0991,-410.10,-410.10,0.6920,2.466137
650,loot,static_B_2020.02.27_18.39.27.csv,2795,43.4530,43.45,43.45,0.6915,2.672704
651,redandblack,driving_B_2020.01.16_09.56.56.csv,845,-29.3157,-29.32,-29.32,0.6910,2.328755
652,soldier,driving_B_2020.02.14_09.38.22.csv,955,43.1101,43.11,43.11,0.6906,2.582313
653,longdress,driving_B_2020.02.14_09.38.22.csv,355,-163.7237,-163.72,-163.72,0.6901,2.267226
654,loot,driving_B_2020.01.16_07.26.43.csv,184,-24.8925,-24.89,-24.89,0.6896,2.508526
655,redandblack,static_B_2020.02.27_18.39.27.csv,5742,53.1572,53.16,53.16,0.6891,2.884092
656,soldier,static_B_2020.02.27_18.39.27.csv,2615,46.8284,46.83,46.83,0.6887,2.428789
657,longdress,driving_B_2020.01.16_07.26.43.csv,1444,-177.0488,-177.05,-177.05,0.6882,2.486150
658,loot,driving_B_2020.02.13_15.02.01.csv,1165,41.6176,41.62,41.62,0.6877,2.627268
659,redandblack,driving_B_2020.02.13_15.02.01.csv,1285,-100.5840,-100.58,-100.58,0.6872,2.678174
660,soldier,static_B_2019.12.16_13.40.04.csv,1406,22.4659,22.47,22.47,0.6868,2.302748
661,longdress,driving_B_2020.01.16_09.56.56.csv,1505,42.0549,42.05,42.05,0.6863,2.277740
662,loot,driving_B_2020.01.16_09.56.56.csv,1205,47.9330,47.93,47.93,0.6858,2.415174
663,redandblack,driving_B_2020.02.14_09.38.22.csv,1315,58.5655,58.57,58.57,0.6853,2.544595
664,soldier,driving_B_2020.02.13_13.03.24.csv,1777,-709.6328,-709.63,-709.63,0.6849,2.465335
665,longdress,static_B_2020.02.27_18.39.27.csv,2075,35.2379,35.24,35.24,0.6844,2.934893
666,loot,driving_B_2020.01.16_07.26.43.csv,1084,45.7886,45.79,45.79,0.6839,2.299003
667,redandblack,driving_B_2020.02.13_15.02.01.csv,1045,29.9574,29.96,29.96,0.6834,2.425159
668,soldier,static_B_2020.02.27_18.39.27.csv,275,40.8948,40.89,40.89,0.6830,2.522514
669,longdress,driving_B_2020.01.16_07.26.43.csv,964,-119.6556,-119.66,-119.66,0.6825,2.580451
670,loot,driving_B_2019.12.16_12.27.05.csv,1006,26.9602,26.96,26.96,0.6820,2.265168
671,redandblack,driving_B_2020.02.14_09.38.22.csv,835,48.3538,48.35,48.35,0.6815,2.318212
672,soldier,driving_B_2019.12.16_12.27.05.csv,586,-45.3365,-45.34,-45.34,0.6811,2.463766
673,longdress,driving_B_2020.02.13_15.02.01.csv,805,34.3615,34.36,34.36,0.6806,2.753291
674,loot,driving_B_2020.02.13_15.02.01.csv,2245,46.9136,46.91,46.91,0.6801,2.356637
675,redandblack,driving_B_2020.02.13_13.03.24.csv,877,-110.2335,-110.23,-110.23,0.6796,2.329654
676,soldier,static_B_2019.12.16_13.40.04.csv,1904,36.2435,36.24,36.24,0.6792,2.107382
677,longdress,static_B_2020.02.14_13.21.26.csv,198,51.4839,51.48,51.48,0.6787,2.570747
678,loot,driving_B_2020.02.14_09.38.22.csv,1478,-8.1299,-8.13,-8.13,0.6782,2.683384
679,redandblack,driving_B_2020.02.13_15.02.01.csv,1885,-9.3389,-9.34,-9.34,0.6777,2.212771
680,soldier,static_B_2020.02.27_18.39.27.csv,3515,27.0047,27.00,27.00,0.6773,2.228179
681,longdress,static_B_2020.02.27_18.39.27.csv,4115,49.8407,49.84,49.84,0.6768,2.344631
682,loot,driving_B_2019.12.16_12.27.05.csv,106,20.7036,20.70,20.70,0.6763,2.461047
683,redandblack,driving_B_2020.01.16_09.56.56.csv,1085,-22.8505,-22.85,-22.85,0.6758,2.912030
684,soldier,static_B_2020.02.27_18.39.27.csv,1535,44.9654,44.97,44.97,0.6754,2.394891
685,longdress,driving_B_2020.02.13_13.03.24.csv,1957,-244.4253,-244.43,-244.43,0.6749,2.501054
686,loot,driving_B_2019.12.16_12.27.05.csv,646,-131.3665,-131.37,-131.37,0.6744,2.169127
687,redandblack,driving_B_2019.12.17_07.32.39.csv,2050,-7.7240,-7.72,-7.72,0.6739,2.490165
688,soldier,static_B_2020.02.27_18.39.27.csv,5195,42.0236,42.02,42.02,0.6735,2.631933
689,longdress,static_B_2019.12.16_13.40.04.csv,1904,-9.9408,-9.94,-9.94,0.6730,2.312551
690,loot,static_B_2020.02.27_18.39.27.csv,1895,31.9910,31.99,31.99,0.6725,2.373048
691,redandblack,driving_B_2020.02.13_15.02.01.csv,2754,-50.1331,-50.13,-50.13,0.6720,2.287819
692,soldier,driving_B_2019.12.16_12.27.05.csv,1152,-28.8495,-28.85,-28.85,0.6716,2.218960
693,longdress,driving_B_2020.02.13_15.02.01.csv,2425,-253.1935,-253.19,-253.19,0.6711,2.398663
694,loot,static_B_2020.02.27_18.39.27.csv,4835,64.6281,64.63,64.63,0.6706,2.550812
695,redandblack,static_B_2019.12.16_13.40.04.csv,746,54.5529,54.55,54.55,0.6701,2.271304
696,soldier,static_B_2020.02.14_13.21.26.csv,678,36.1142,36.11,36.11,0.6697,2.569832
697,longdress,driving_B_2020.02.13_15.02.01.csv,1525,-211.1366,-211.14,-211.14,0.6692,2.509325
698,loot,static_B_2019.12.16_13.40.04.csv,206,49.3235,49.32,49.32,0.6687,2.431946
699,redandblack,driving_B_2020.01.16_09.56.56.csv,965,-41.0582,-41.06,-41.06,0.6682,2.491141
700,soldier,static_B_2019.12.16_13.40.04.csv,266,6.1663,6.17,6.17,0.6678,2.165826
701,longdress,driving_B_2020.02.13_13.03.24.csv,97,-75.4067,-75.41,-75.41,0.6673,2.597453
702,loot,driving_B_2019.12.16_12.27.05.csv,406,-130.3411,-130.34,-130.34,0.6668,2.454640
703,redandblack,driving_B_2019.12.17_07.32.39.csv,2230,45.7779,45.78,45.78,0.6664,2.316655
704,soldier,static_B_2020.02.27_18.39.27.csv,1175,-208.8989,-208.90,-208.90,0.6659,2.509511
705,longdress,driving_B_2020.02.13_13.03.24.csv,1477,-20.9867,-20.99,-20.99,0.6654,2.447368
706,loot,static_B_2020.02.27_18.39.27.csv,2195,52.8315,52.83,52.83,0.6649,2.488686
707,redandblack,driving_B_2020.02.14_12.58.17.csv,82,-175.4558,-175.46,-175.46,0.6645,2.725761
708,soldier,static_B_2020.02.27_18.39.27.csv,95,57.5525,57.55,57.55,0.6640,2.742639
709,longdress,driving_B_2020.01.16_09.56.56.csv,1385,8.0855,8.09,8.09,0.6635,2.539326
710,loot,driving_B_2020.01.16_09.56.56.csv,665,-66.8210,-66.82,-66.82,0.6630,2.122979
711,redandblack,static_B_2020.02.27_18.39.27.csv,5735,39.6896,39.69,39.69,0.6626,2.671141
712,soldier,driving_B_2019.12.17_07.32.39.csv,670,-23.8429,-23.84,-23.84,0.6621,2.738362
713,longdress,driving_B_2020.02.13_13.03.24.csv,577,-14.7306,-14.73,-14.73,0.6616,3.005559
714,loot,driving_B_2020.02.14_12.58.17.csv,142,1.0536,1.05,1.05,0.6611,2.817312
715,redandblack,driving_B_2019.12.17_07.32.39.csv,730,2.5249,2.52,2.52,0.6607,2.242802
716,soldier,driving_B_2019.12.17_07.32.39.csv,790,-87.3196,-87.32,-87.32,0.6602,2.798796
717,longdress,driving_B_2020.02.14_09.38.22.csv,775,-4.1565,-4.16,-4.16,0.6597,2.598520
718,loot,driving_B_2020.02.13_15.02.01.csv,505,-13.3575,-13.36,-13.36,0.6592,2.845701
719,redandblack,static_B_2020.02.27_18.39.27.csv,1055,54.4697,54.47,54.47,0.6588,2.234041
720,soldier,driving_B_2019.12.17_07.32.39.csv,1450,-45.4980,-45.50,-45.50,0.6583,2.326870
721,longdress,static_B_2020.02.27_18.39.27.csv,4295,38.8607,38.86,38.86,0.6578,2.411085
722,loot,driving_B_2020.02.13_15.02.01.csv,1345,-168.5672,-168.57,-168.57,0.6573,2.553247
723,redandblack,driving_B_2020.02.14_09.38.22.csv,55,-90.7492,-90.75,-90.75,0.6569,2.341435
724,soldier,driving_B_2020.01.16_09.56.56.csv,245,49.0539,49.05,49.05,0.6564,2.315197
725,longdress,driving_B_2020.02.13_15.02.01.csv,2185,42.9142,42.91,42.91,0.6559,3.017202
726,loot,driving_B_2019.12.16_12.27.05.csv,766,23.6822,23.68,23.68,0.6554,2.499529
727,redandblack,driving_B_2019.12.17_07.32.39.csv,490,-30.4910,-30.49,-30.49,0.6550,2.350794
728,soldier,driving_B_2020.02.13_15.02.01.csv,2545,1.7728,1.77,1.77,0.6545,2.699226
729,longdress,driving_B_2020.02.13_13.03.24.csv,697,-82.4886,-82.49,-82.49,0.6540,2.617902
730,loot,static_B_2020.02.27_18.39.27.csv,2255,44.4071,44.41,44.41,0.6535,2.607802
731,redandblack,static_B_2020.02.27_18.39.27.csv,3755,67.2910,67.29,67.29,0.6531,2.516382
732,soldier,static_B_2019.12.16_13.40.04.csv,1226,29.1069,29.11,29.11,0.6526,2.713833
733,longdress,driving_B_2019.12.17_07.32.39.csv,130,-29.5471,-29.55,-29.55,0.6521,2.719010
734,loot,static_B_2020.02.27_18.39.27.csv,1115,19.9615,19.96,19.96,0.6516,2.229902
735,redandblack,driving_B_2020.02.14_12.58.17.csv,800,-5.5723,-5.57,-5.57,0.6512,2.546304
736,soldier,static_B_2020.02.27_18.39.27.csv,5675,65.7106,65.71,65.71,0.6507,2.654649
737,longdress,driving_B_2020.02.14_09.38.22.csv,115,-167.1023,-167.10,-167.10,0.6502,2.787592
738,loot,driving_B_2020.02.14_09.38.22.csv,235,-166.1680,-166.17,-166.17,0.6497,2.697997
739,redandblack,driving_B_2019.12.17_07.32.39.csv,2110,42.0263,42.03,42.03,0.6493,2.324020
740,soldier,driving_B_2020.02.14_09.38.22.csv,175,-211.9257,-211.93,-211.93,0.6488,2.618273
741,longdress,driving_B_2020.02.13_13.03.24.csv,1597,-342.4016,-342.40,-342.40,0.6483,2.559400
742,loot,static_B_2020.02.14_13.21.26.csv,318,31.0066,31.01,31.01,0.6478,2.526073
743,redandblack,driving_B_2020.02.13_13.03.24.csv,1657,-71.4829,-71.48,-71.48,0.6474,2.418031
744,soldier,driving_B_2019.12.16_12.27.05.csv,1066,6.4319,6.43,6.43,0.6469,2.432424
745,longdress,static_B_2020.02.14_13.21.26.csv,738,76.1877,76.19,76.19,0.6464,2.875668
746,loot,driving_B_2020.02.14_09.38.22.csv,1015,-41.7921,-41.79,-41.79,0.6459,2.632753
747,redandblack,static_B_2020.02.27_18.39.27.csv,5255,41.7984,41.80,41.80,0.6455,2.365030
748,soldier,driving_B_2020.01.16_07.26.43.csv,424,-199.2609,-199.26,-199.26,0.6450,2.325675
749,longdress,static_B_2020.02.27_18.39.27.csv,815,40.2735,40.27,40.27,0.6445,2.406293
750,loot,driving_B_2020.02.13_15.02.01.csv,1465,-99.1969,-99.20,-99.20,0.6440,2.319292
751,redandblack,driving_B_2020.01.16_09.56.56.csv,1025,44.7814,44.78,44.78,0.6436,2.613579
752,soldier,static_B_2019.12.16_13.40.04.csv,926,-7.3432,-7.34,-7.34,0.6431,2.294313
753,longdress,driving_B_2020.01.16_09.56.56.csv,305,-49.5923,-49.59,-49.59,0.6426,2.366515
754,loot,driving_B_2020.02.13_15.02.01.csv,685,26.5806,26.58,26.58,0.6421,2.342217
755,redandblack,driving_B_2020.02.13_13.03.24.csv,277,0.6804,0.68,0.68,0.6417,2.433609
756,soldier,driving_B_2019.12.16_12.27.05.csv,226,-40.5826,-40.58,-40.58,0.6412,2.428816
757,longdress,static_B_2020.02.14_13.21.26.csv,798,28.4367,28.44,28.44,0.6407,2.498654
758,loot,static_B_2020.02.27_18.39.27.csv,5495,66.5706,66.57,66.57,0.6402,2.678878
759,redandblack,driving_B_2019.12.17_07.32.39.csv,70,-3.9966,-4.00,-4.00,0.6398,2.817264
760,soldier,driving_B_2020.02.13_13.03.24.csv,1537,-161.8628,-161.86,-161.86,0.6393,2.391807
761,longdress,static_B_2020.02.14_13.21.26.csv,378,39.7218,39.72,39.72,0.6388,2.005049
762,loot,driving_B_2019.12.17_07.32.39.csv,190,-0.5646,-0.56,-0.56,0.6383,2.658690
763,redandblack,driving_B_2019.12.17_07.32.39.csv,970,-78.5819,-78.58,-78.58,0.6379,2.558481
764,soldier,driving_B_2020.02.13_13.03.24.csv,1297,-77.8928,-77.89,-77.89,0.6374,2.334683
765,longdress,driving_B_2020.01.16_07.26.43.csv,1324,-5.1398,-5.14,-5.14,0.6369,2.664105
766,loot,static_B_2020.02.27_18.39.27.csv,1595,60.4933,60.49,60.49,0.6364,2.886573
767,redandblack,driving_B_2020.01.16_07.26.43.csv,664,-49.2734,-49.27,-49.27,0.6360,2.592393
768,soldier,driving_B_2020.02.13_15.02.01.csv,85,59.6310,59.63,59.63,0.6355,2.590878
769,longdress,driving_B_2020.02.14_12.58.17.csv,742,-257.8765,-257.88,-257.88,0.6350,2.359831
770,loot,static_B_2019.12.16_13.40.04.csv,446,54.3894,54.39,54.39,0.6346,2.366576
771,redandblack,driving_B_2019.12.16_12.27.05.csv,826,39.3157,39.32,39.32,0.6341,2.656976
772,soldier,static_B_2020.02.27_18.39.27.csv,155,53.0111,53.01,53.01,0.6336,2.291526
773,longdress,driving_B_2020.01.16_09.56.56.csv,485,62.7548,62.75,62.75,0.6331,2.369880
774,loot,driving_B_2020.01.16_09.56.56.csv,1445,46.6412,46.64,46.64,0.6327,2.237813
775,redandblack,driving_B_2020.01.16_07.26.43.csv,4,5.6064,5.61,5.61,0.6322,2.803836
776,soldier,driving_B_2020.02.27_17.30.15.csv,547,-106.8042,-106.80,-106.80,0.6317,2.774899
777,longdress,static_B_2020.02.27_18.39.27.csv,2135,28.9263,28.93,28.93,0.6312,2.388175
778,loot,driving_B_2020.02.14_12.58.17.csv,202,-278.3713,-278.37,-278.37,0.6308,3.054388
779,redandblack,static_B_2020.02.27_18.39.27.csv,4235,50.3972,50.40,50.40,0.6303,2.504401
780,soldier,driving_B_2020.02.14_12.58.17.csv,22,2.2570,2.26,2.26,0.6298,2.693876
781,longdress,driving_B_2020.02.13_15.02.01.csv,2665,-56.9064,-56.91,-56.91,0.6293,2.264064
782,loot,static_B_2020.02.27_18.39.27.csv,1415,53.8532,53.85,53.85,0.6289,2.930700
783,redandblack,driving_B_2020.01.16_09.56.56.csv,125,-23.5744,-23.57,-23.57,0.6284,2.191072
784,soldier,driving_B_2020.02.13_15.02.01.csv,325,46.9432,46.94,46.94,0.6279,2.431561
785,longdress,driving_B_2019.12.17_07.32.39.csv,550,-48.0835,-48.08,-48.08,0.6274,2.395213
786,loot,static_B_2020.02.27_18.39.27.csv,4895,-28.1703,-28.17,-28.17,0.6270,2.625606
787,redandblack,driving_B_2020.02.13_15.02.01.csv,385,65.0637,65.06,65.06,0.6265,2.332927
788,soldier,driving_B_2019.12.17_07.32.39.csv,1690,-150.7044,-150.70,-150.70,0.6260,2.606536
789,longdress,driving_B_2020.01.16_07.26.43.csv,124,-38.2562,-38.26,-38.26,0.6255,2.495984
790,loot,static_B_2019.12.16_13.40.04.csv,1766,52.9429,52.94,52.94,0.6251,2.391124
791,redandblack,static_B_2020.02.27_18.39.27.csv,4055,47.2007,47.20,47.20,0.6246,2.742059
792,soldier,driving_B_2019.12.17_07.32.39.csv,1810,-56.3808,-56.38,-56.38,0.6241,2.647930
793,longdress,static_B_2020.02.27_18.39.27.csv,4715,11.3612,11.36,11.36,0.6236,2.557038
794,loot,static_B_2020.02.14_13.21.26.csv,258,30.1289,30.13,30.13,0.6232,2.693438
795,redandblack,driving_B_2019.12.17_07.32.39.csv,250,-26.0009,-26.00,-26.00,0.6227,2.547867
796,soldier,driving_B_2020.02.13_15.02.01.csv,145,31.7029,31.70,31.70,0.6222,2.563424
797,longdress,driving_B_2020.01.16_09.56.56.csv,365,-51.6894,-51.69,-51.69,0.6217,2.639370
798,loot,driving_B_2019.12.16_12.27.05.csv,706,27.3606,27.36,27.36,0.6213,2.500902
799,redandblack,driving_B_2020.02.14_12.58.17.csv,682,-40.2680,-40.27,-40.27,0.6208,2.629492
800,soldier,static_B_2020.02.27_18.39.27.csv,3215,11.0283,11.03,11.03,0.6203,2.453177
801,longdress,driving_B_2020.02.13_15.02.01.csv,2754,-66.2225,-66.22,-66.22,0.6198,2.636389
802,loot,static_B_2020.02.27_18.39.27.csv,1655,47.1808,47.18,47.18,0.6194,2.560207
803,redandblack,driving_B_2020.02.14_09.38.22.csv,655,40.0976,40.10,40.10,0.6189,2.526172
804,soldier,driving_B_2020.02.14_09.38.22.csv,715,36.7422,36.74,36.74,0.6184,2.835804
805,longdress,static_B_2020.02.27_18.39.27.csv,455,34.3460,34.35,34.35,0.6179,2.410701
806,loot,driving_B_2020.02.14_09.38.22.csv,295,-92.3435,-92.34,-92.34,0.6175,2.554408
807,redandblack,driving_B_2020.02.27_17.30.15.csv,607,-127.9688,-127.97,-127.97,0.6170,2.745145
808,soldier,driving_B_2020.02.27_17.30.15.csv,667,-95.3457,-95.35,-95.35,0.6165,2.959662
809,longdress,driving_B_2020.02.13_15.02.01.csv,925,46.5943,46.59,46.59,0.6160,2.670222
810,loot,static_B_2020.02.27_18.39.27.csv,1775,35.5818,35.58,35.58,0.6156,2.432288
811,redandblack,static_B_2020.02.27_18.39.27.csv,3995,53.8737,53.87,53.87,0.6151,2.669008
812,soldier,static_B_2019.12.16_13.40.04.csv,1466,57.8766,57.88,57.88,0.6146,2.542586
813,longdress,static_B_2019.12.16_13.40.04.csv,626,-32.5717,-32.57,-32.57,0.6141,2.539661
814,loot,driving_B_2020.02.27_17.30.15.csv,247,-351.0155,-351.02,-351.02,0.6137,2.481041
815,redandblack,driving_B_2020.02.14_09.38.22.csv,415,-25.7353,-25.74,-25.74,0.6132,2.911317
816,soldier,static_B_2020.02.27_18.39.27.csv,1235,43.3976,43.40,43.40,0.6127,2.400401
817,longdress,static_B_2020.02.27_18.39.27.csv,2855,60.7799,60.78,60.78,0.6122,2.568679
818,loot,static_B_2020.02.27_18.39.27.csv,5615,43.8242,43.82,43.82,0.6118,2.495903
819,redandblack,driving_B_2020.02.13_13.03.24.csv,2188,-276.7033,-276.70,-276.70,0.6113,2.693059
820,soldier,static_B_2020.02.27_18.39.27.csv,5555,49.9114,49.91,49.91,0.6108,2.357898
821,longdress,driving_B_2020.02.13_15.02.01.csv,265,47.0257,47.03,47.03,0.6103,2.691817
822,loot,driving_B_2020.01.16_07.26.43.csv,484,-24.8032,-24.80,-24.80,0.6099,2.255695
823,redandblack,static_B_2019.12.16_13.40.04.csv,1046,38.9963,39.00,39.00,0.6094,2.588166
824,soldier,driving_B_2020.01.16_09.56.56.csv,605,72.3747,72.37,72.37,0.6089,2.708912
825,longdress,driving_B_2019.12.16_12.27.05.csv,1126,38.0732,38.07,38.07,0.6084,2.510226
826,loot,driving_B_2019.12.17_07.32.39.csv,1870,6.4696,6.47,6.47,0.6080,2.661316
827,redandblack,driving_B_2020.02.13_13.03.24.csv,2017,-103.6368,-103.64,-103.64,0.6075,2.813970
828,soldier,static_B_2020.02.27_18.39.27.csv,575,-0.3979,-0.40,-0.40,0.6070,2.592665
829,longdress,driving_B_2019.12.17_07.32.39.csv,1510,-64.8511,-64.85,-64.85,0.6065,2.760241
830,loot,static_B_2020.02.27_18.39.27.csv,4475,20.8121,20.81,20.81,0.6061,2.198550
831,redandblack,driving_B_2020.02.13_15.02.01.csv,745,13.9065,13.91,13.91,0.6056,2.855945
832,soldier,static_B_2020.02.27_18.39.27.csv,1715,37.0293,37.03,37.03,0.6051,2.386537
833,longdress,driving_B_2020.01.16_09.56.56.csv,1145,-9.6365,-9.64,-9.64,0.6046,2.516717
834,loot,static_B_2020.02.27_18.39.27.csv,515,43.4129,43.41,43.41,0.6042,2.699083
835,redandblack,driving_B_2020.02.14_12.58.17.csv,575,-51.4976,-51.50,-51.50,0.6037,2.467815
836,soldier,driving_B_2020.01.16_07.26.43.csv,700,-40.6708,-40.67,-40.67,0.6032,2.614722
837,longdress,driving_B_2020.02.14_09.38.22.csv,665,54.6353,54.64,54.64,0.6028,2.647330
838,loot,static_B_2020.02.27_18.39.27.csv,5363,44.7146,44.71,44.71,0.6023,2.539645
839,redandblack,driving_B_2020.02.14_09.38.22.csv,5,-50.9036,-50.90,-50.90,0.6018,2.708180
840,soldier,driving_B_2020.02.13_15.02.01.csv,515,-4.9636,-4.96,-4.96,0.6013,2.678039
841,longdress,driving_B_2019.12.17_07.32.39.csv,1241,-51.6902,-51.69,-51.69,0.6009,2.653419
842,loot,driving_B_2020.01.16_09.56.56.csv,1570,16.5783,16.58,16.58,0.6004,3.043756
843,redandblack,driving_B_2020.02.13_13.03.24.csv,2054,-143.3513,-143.35,-143.35,0.5999,2.577957
844,soldier,driving_B_2020.02.14_12.58.17.csv,95,-154.3318,-154.33,-154.33,0.5994,2.592844
845,longdress,static_B_2020.02.27_18.39.27.csv,3203,-100.9269,-100.93,-100.93,0.5990,2.705097
846,loot,driving_B_2020.02.13_15.02.01.csv,1115,64.3275,64.33,64.33,0.5985,2.449281
847,redandblack,static_B_2019.12.16_13.40.04.csv,19,32.4659,32.47,32.47,0.5980,2.518150
848,soldier,driving_B_2020.01.16_09.56.56.csv,296,40.6269,40.63,40.63,0.5975,2.773524
849,longdress,driving_B_2019.12.17_07.32.39.csv,2021,-162.4312,-162.43,-162.43,0.5971,2.560000
850,loot,driving_B_2020.02.13_13.03.24.csv,734,8.1156,8.12,8.12,0.5966,2.642068
851,redandblack,driving_B_2020.02.13_13.03.24.csv,434,-1.4126,-1.41,-1.41,0.5961,2.535146
852,soldier,driving_B_2019.12.16_12.27.05.csv,73,-51.4263,-51.43,-51.43,0.5956,2.615908
853,longdress,driving_B_2020.01.16_12.10.03.csv,42,31.2413,31.24,31.24,0.5952,2.491221
854,loot,static_B_2019.12.16_13.40.04.csv,379,58.5391,58.54,58.54,0.5947,2.383786
855,redandblack,static_B_2020.02.27_18.39.27.csv,2603,47.8885,47.89,47.89,0.5942,2.517946
856,soldier,static_B_2019.12.16_13.40.04.csv,1579,54.2410,54.24,54.24,0.5937,2.513569
857,longdress,static_B_2020.02.14_13.21.26.csv,80,55.9288,55.93,55.93,0.5933,2.669956
858,loot,driving_B_2020.01.16_09.56.56.csv,476,48.9011,48.90,48.90,0.5928,2.728419
859,redandblack,static_B_2020.02.27_18.39.27.csv,4883,9.9988,10.00,10.00,0.5923,2.673511
860,soldier,driving_B_2020.02.27_17.30.15.csv,626,-371.3908,-371.39,-371.39,0.5918,2.774855
861,longdress,driving_B_2019.12.16_12.27.05.csv,433,-126.8210,-126.82,-126.82,0.5914,2.548177
862,loot,driving_B_2020.02.14_09.38.22.csv,545,52.9843,52.98,52.98,0.5909,2.382928
863,redandblack,static_B_2020.02.27_18.39.27.csv,623,56.5945,56.59,56.59,0.5904,2.779247
864,soldier,static_B_2019.12.16_13.40.04.csv,919,4.6132,4.61,4.61,0.5899,2.427811
865,longdress,driving_B_2019.12.17_07.32.39.csv,1961,20.2923,20.29,20.29,0.5895,2.656994
866,loot,static_B_2020.02.27_18.39.27.csv,2963,36.5044,36.50,36.50,0.5890,2.380454
867,redandblack,driving_B_2020.02.13_13.03.24.csv,554,-35.2037,-35.20,-35.20,0.5885,2.748830
868,soldier,static_B_2020.02.27_18.39.27.csv,2843,62.6109,62.61,62.61,0.5880,2.749831
869,longdress,driving_B_2020.01.16_07.26.43.csv,1720,1.7198,1.72,1.72,0.5876,2.801193
870,loot,static_B_2019.12.16_13.40.04.csv,619,-16.4917,-16.49,-16.49,0.5871,2.663778
871,redandblack,static_B_2020.02.27_18.39.27.csv,2663,10.3907,10.39,10.39,0.5866,2.755523
872,soldier,driving_B_2020.01.16_09.56.56.csv,1556,58.9470,58.95,58.95,0.5861,3.061792
873,longdress,static_B_2020.02.27_18.39.27.csv,3803,37.0926,37.09,37.09,0.5857,2.941821
874,loot,driving_B_2020.02.13_15.02.01.csv,2015,64.2269,64.23,64.23,0.5852,2.597542
875,redandblack,driving_B_2020.02.14_12.58.17.csv,635,-3.9047,-3.90,-3.90,0.5847,2.676257
876,soldier,static_B_2020.02.27_18.39.27.csv,5723,28.9367,28.94,28.94,0.5842,2.819762
877,longdress,driving_B_2020.01.16_09.56.56.csv,1016,51.0056,51.01,51.01,0.5838,2.554376
878,loot,driving_B_2020.02.13_15.02.01.csv,275,34.7350,34.73,34.73,0.5833,2.816549
879,redandblack,driving_B_2020.01.16_07.26.43.csv,1420,-16.6227,-16.62,-16.62,0.5828,2.509847
880,soldier,static_B_2020.02.27_18.39.27.csv,3143,-94.6308,-94.63,-94.63,0.5823,2.647320
881,longdress,driving_B_2020.02.14_09.38.22.csv,245,-223.1295,-223.13,-223.13,0.5819,2.656254
882,loot,static_B_2020.02.27_18.39.27.csv,3923,55.5137,55.51,55.51,0.5814,2.624999
883,redandblack,static_B_2020.02.27_18.39.27.csv,1643,45.6976,45.70,45.70,0.5809,2.547954
884,soldier,driving_B_2019.12.16_12.27.05.csv,133,-18.5709,-18.57,-18.57,0.5804,2.535759
885,longdress,driving_B_2019.12.17_07.32.39.csv,2141,-21.3573,-21.36,-21.36,0.5800,2.872879
886,loot,driving_B_2019.12.17_07.32.39.csv,1721,-63.1969,-63.20,-63.20,0.5795,2.673057
887,redandblack,driving_B_2020.02.13_13.03.24.csv,74,4.1878,4.19,4.19,0.5790,2.634264
888,soldier,driving_B_2019.12.17_07.32.39.csv,1901,51.4997,51.50,51.50,0.5785,2.492406
889,longdress,static_B_2020.02.27_18.39.27.csv,443,40.1604,40.16,40.16,0.5781,2.491322
890,loot,static_B_2019.12.16_13.40.04.csv,739,44.1867,44.19,44.19,0.5776,2.862508
891,redandblack,static_B_2020.02.27_18.39.27.csv,2363,-273.7138,-273.71,-273.71,0.5771,2.361029
892,soldier,driving_B_2019.12.16_12.27.05.csv,313,-92.4872,-92.49,-92.49,0.5766,2.593766
893,longdress,static_B_2020.02.14_13.21.26.csv,740,47.9730,47.97,47.97,0.5762,2.764840
894,loot,static_B_2020.02.27_18.39.27.csv,4103,58.5384,58.54,58.54,0.5757,2.770513
895,redandblack,driving_B_2020.02.13_15.02.01.csv,2735,-50.1863,-50.19,-50.19,0.5752,2.623412
896,soldier,static_B_2019.12.16_13.40.04.csv,1904,-81.7952,-81.80,-81.80,0.5747,3.243288
897,longdress,driving_B_2020.02.14_09.38.22.csv,1385,-117.1855,-117.19,-117.19,0.5743,2.928408
898,loot,driving_B_2019.12.17_07.32.39.csv,461,19.4899,19.49,19.49,0.5738,3.055452
899,redandblack,static_B_2020.02.27_18.39.27.csv,743,46.6428,46.64,46.64,0.5733,2.526993
900,soldier,driving_B_2020.02.14_12.58.17.csv,800,-47.0570,-47.06,-47.06,0.5728,2.474421
901,longdress,static_B_2020.02.27_18.39.27.csv,5003,37.7144,37.71,37.71,0.5724,2.478054
902,loot,static_B_2020.02.27_18.39.27.csv,1703,27.9467,27.95,27.95,0.5719,2.452553
903,redandblack,static_B_2020.02.27_18.39.27.csv,2903,45.2060,45.21,45.21,0.5714,2.643318
904,soldier,driving_B_2020.02.13_15.02.01.csv,2195,32.1898,32.19,32.19,0.5710,2.808056
905,longdress,static_B_2019.12.16_13.40.04.csv,979,5.6991,5.70,5.70,0.5705,2.729830
906,loot,driving_B_2019.12.16_12.27.05.csv,1152,14.4257,14.43,14.43,0.5700,2.810514
907,redandblack,driving_B_2020.02.14_12.58.17.csv,395,-102.4721,-102.47,-102.47,0.5695,2.726877
908,soldier,driving_B_2020.02.13_13.03.24.csv,1214,-173.4814,-173.48,-173.48,0.5691,2.735219
909,longdress,driving_B_2020.02.14_12.58.17.csv,35,-128.0702,-128.07,-128.07,0.5686,2.652547
910,loot,static_B_2019.12.16_13.40.04.csv,1879,-135.0530,-135.05,-135.05,0.5681,2.967967
911,redandblack,driving_B_2020.01.16_07.26.43.csv,1360,-59.5261,-59.53,-59.53,0.5676,2.785074
912,soldier,driving_B_2020.01.16_09.56.56.csv,836,-82.1850,-82.18,-82.18,0.5672,2.394234
913,longdress,static_B_2020.02.27_18.39.27.csv,1103,8.7742,8.77,8.77,0.5667,2.532554
914,loot,driving_B_2020.02.14_12.58.17.csv,275,-482.9561,-482.96,-482.96,0.5662,2.428535
915,redandblack,static_B_2020.02.27_18.39.27.csv,383,60.9440,60.94,60.94,0.5657,2.625104
916,soldier,static_B_2019.12.16_13.40.04.csv,259,6.4552,6.46,6.46,0.5653,2.797301
917,longdress,driving_B_2019.12.17_07.32.39.csv,1121,39.2932,39.29,39.29,0.5648,2.496760
918,loot,driving_B_2020.01.16_07.26.43.csv,400,-14.7915,-14.79,-14.79,0.5643,2.729511
919,redandblack,driving_B_2020.02.13_13.03.24.csv,1154,-48.8495,-48.85,-48.85,0.5638,2.866847
920,soldier,driving_B_2019.12.17_07.32.39.csv,521,-126.9192,-126.92,-126.92,0.5634,2.775713
921,longdress,driving_B_2020.02.13_15.02.01.csv,2375,-227.0309,-227.03,-227.03,0.5629,2.497518
922,loot,static_B_2020.02.14_13.21.26.csv,680,39.6544,39.65,39.65,0.5624,2.861549
923,redandblack,static_B_2020.02.27_18.39.27.csv,2303,47.9030,47.90,47.90,0.5619,2.910934
924,soldier,driving_B_2020.02.14_09.38.22.csv,725,51.0603,51.06,51.06,0.5615,2.703953
925,longdress,driving_B_2020.02.14_09.38.22.csv,425,-27.8596,-27.86,-27.86,0.5610,2.714869
926,loot,driving_B_2020.02.13_15.02.01.csv,95,44.1865,44.19,44.19,0.5605,2.534329
927,redandblack,driving_B_2020.02.14_12.58.17.csv,215,-504.8037,-504.80,-504.80,0.5600,2.595219
928,soldier,driving_B_2019.12.17_07.32.39.csv,761,-28.4080,-28.41,-28.41,0.5596,2.659772
929,longdress,driving_B_2020.02.13_15.02.01.csv,875,61.2516,61.25,61.25,0.5591,2.520175
930,loot,driving_B_2020.01.16_07.26.43.csv,1600,-64.6024,-64.60,-64.60,0.5586,2.608258
931,redandblack,driving_B_2020.02.14_09.38.22.csv,1478,4.5954,4.60,4.60,0.5581,2.373406
932,soldier,driving_B_2020.02.13_15.02.01.csv,1415,-117.8283,-117.83,-117.83,0.5577,2.666310
933,longdress,driving_B_2020.02.13_13.03.24.csv,1514,-43.4706,-43.47,-43.47,0.5572,2.675571
934,loot,static_B_2020.02.27_18.39.27.csv,4943,36.6268,36.63,36.63,0.5567,2.690658
935,redandblack,driving_B_2020.02.14_09.38.22.csv,365,-111.6248,-111.62,-111.62,0.5562,3.070752
936,soldier,static_B_2020.02.27_18.39.27.csv,2243,34.2098,34.21,34.21,0.5558,2.374011
937,longdress,static_B_2020.02.14_13.21.26.csv,260,28.1012,28.10,28.10,0.5553,2.714747
938,loot,driving_B_2020.01.16_07.26.43.csv,1540,-47.3266,-47.33,-47.33,0.5548,2.443448
939,redandblack,driving_B_2019.12.16_12.27.05.csv,493,-243.2872,-243.29,-243.29,0.5543,3.251495
940,soldier,static_B_2020.02.14_13.21.26.csv,850,10.6378,10.64,10.64,0.5539,2.594795
941,longdress,driving_B_2020.02.14_09.38.22.csv,185,-196.2860,-196.29,-196.29,0.5534,2.897947
942,loot,driving_B_2020.01.16_07.26.43.csv,1770,-37.0097,-37.01,-37.01,0.5529,2.401136
943,redandblack,static_B_2020.02.27_18.39.27.csv,263,80.8313,80.83,80.83,0.5524,2.766598
944,soldier,static_B_2020.02.27_18.39.27.csv,983,55.4749,55.47,55.47,0.5520,2.524203
945,longdress,driving_B_2020.02.13_15.02.01.csv,1895,29.8491,29.85,29.85,0.5515,2.694501
946,loot,driving_B_2020.02.14_09.38.22.csv,65,-54.1475,-54.15,-54.15,0.5510,2.577252
947,redandblack,driving_B_2020.02.27_17.30.15.csv,146,-152.5587,-152.56,-152.56,0.5505,2.536644
948,soldier,driving_B_2020.02.14_09.38.22.csv,1205,-101.4470,-101.45,-101.45,0.5501,2.448267
949,longdress,driving_B_2020.02.13_15.02.01.csv,2315,-156.8539,-156.85,-156.85,0.5496,3.044453
950,loot,driving_B_2020.01.16_09.56.56.csv,716,64.0225,64.02,64.02,0.5491,2.967846
951,redandblack,driving_B_2020.01.16_07.26.43.csv,520,-45.8152,-45.82,-45.82,0.5486,3.185853
952,soldier,driving_B_2019.12.17_07.32.39.csv,701,5.9124,5.91,5.91,0.5482,2.821835
953,longdress,driving_B_2019.12.16_12.27.05.csv,13,-6.1885,-6.19,-6.19,0.5477,3.093455
954,loot,static_B_2020.02.27_18.39.27.csv,5063,46.8805,46.88,46.88,0.5472,2.790406
955,redandblack,static_B_2020.02.27_18.39.27.csv,3443,65.6109,65.61,65.61,0.5467,2.837127
956,soldier,driving_B_2020.02.27_17.30.15.csv,266,-223.5322,-223.53,-223.53,0.5463,2.830467
957,longdress,driving_B_2020.02.13_15.02.01.csv,995,-8.3768,-8.38,-8.38,0.5458,2.516171
958,loot,driving_B_2020.02.13_13.03.24.csv,2188,-127.4073,-127.41,-127.41,0.5453,3.009484
959,redandblack,driving_B_2020.02.13_15.02.01.csv,2675,-36.2416,-36.24,-36.24,0.5448,2.857921
960,soldier,driving_B_2020.02.13_15.02.01.csv,395,68.5539,68.55,68.55,0.5444,3.034390
961,longdress,static_B_2020.02.27_18.39.27.csv,1043,35.3517,35.35,35.35,0.5439,2.918461
962,loot,driving_B_2019.12.17_07.32.39.csv,641,20.2667,20.27,20.27,0.5434,2.536638
963,redandblack,driving_B_2020.01.16_07.26.43.csv,1480,-10.1039,-10.10,-10.10,0.5429,2.765082
964,soldier,driving_B_2020.02.14_09.38.22.csv,485,-48.2766,-48.28,-48.28,0.5425,2.650056
965,longdress,driving_B_2020.02.14_09.38.22.csv,905,21.0229,21.02,21.02,0.5420,2.752526
966,loot,driving_B_2020.01.16_07.26.43.csv,220,-17.8133,-17.81,-17.81,0.5415,2.753432
967,redandblack,static_B_2020.02.27_18.39.27.csv,5742,53.3111,53.31,53.31,0.5410,2.494093
968,soldier,static_B_2020.02.27_18.39.27.csv,4523,7.4232,7.42,7.42,0.5406,2.528271
969,longdress,driving_B_2020.01.16_09.56.56.csv,776,12.3438,12.34,12.34,0.5401,2.840489
970,loot,static_B_2020.02.27_18.39.27.csv,4343,44.0571,44.06,44.06,0.5396,2.815339
971,redandblack,driving_B_2019.12.17_07.32.39.csv,2201,3.5295,3.53,3.53,0.5392,2.850716
972,soldier,driving_B_2020.01.16_09.56.56.csv,356,-81.5460,-81.55,-81.55,0.5387,2.958485
973,longdress,static_B_2020.02.27_18.39.27.csv,2783,31.1202,31.12,31.12,0.5382,2.748281
974,loot,driving_B_2019.12.17_07.32.39.csv,1001,-72.7388,-72.74,-72.74,0.5377,3.238168
975,redandblack,static_B_2020.02.27_18.39.27.csv,5543,54.8200,54.82,54.82,0.5373,2.394807
976,soldier,driving_B_2020.02.13_15.02.01.csv,755,-3.6581,-3.66,-3.66,0.5368,3.008377
977,longdress,driving_B_2020.02.13_15.02.01.csv,1295,-408.4662,-408.47,-408.47,0.5363,3.046021
978,loot,driving_B_2019.12.16_12.27.05.csv,1033,55.8116,55.81,55.81,0.5358,2.764426
979,redandblack,driving_B_2019.12.16_12.27.05.csv,553,-97.8899,-97.89,-97.89,0.5354,2.636073
980,soldier,static_B_2019.12.16_13.40.04.csv,1339,29.7880,29.79,29.79,0.5349,2.812334
981,longdress,static_B_2019.12.16_13.40.04.csv,799,46.4110,46.41,46.41,0.5344,2.650877
982,loot,driving_B_2020.02.13_13.03.24.csv,1274,-71.4231,-71.42,-71.42,0.5339,2.731845
983,redandblack,driving_B_2020.01.16_07.26.43.csv,820,29.2458,29.25,29.25,0.5335,2.792627
984,soldier,static_B_2020.02.27_18.39.27.csv,3383,66.3526,66.35,66.35,0.5330,2.629520
985,longdress,driving_B_2020.02.13_15.02.01.csv,935,42.9119,42.91,42.91,0.5325,2.824686
986,loot,static_B_2020.02.27_18.39.27.csv,5243,75.8533,75.85,75.85,0.5320,2.793606
987,redandblack,driving_B_2020.02.13_13.03.24.csv,1574,-37.2756,-37.28,-37.28,0.5316,2.825676
988,soldier,static_B_2020.02.27_18.39.27.csv,5123,58.8237,58.82,58.82,0.5311,2.609713
989,longdress,static_B_2020.02.27_18.39.27.csv,83,50.0377,50.04,50.04,0.5306,3.074391
990,loot,driving_B_2020.01.16_07.26.43.csv,880,-47.7405,-47.74,-47.74,0.5301,2.982938
991,redandblack,static_B_2020.02.27_18.39.27.csv,5423,25.4763,25.48,25.48,0.5297,2.713926
992,soldier,driving_B_2020.01.16_07.26.43.csv,1060,4.1452,4.15,4.15,0.5292,2.867924
993,longdress,static_B_2019.12.16_13.40.04.csv,1759,34.0190,34.02,34.02,0.5287,2.841449
994,loot,driving_B_2020.02.13_13.03.24.csv,974,-40.1264,-40.13,-40.13,0.5282,3.004763
995,redandblack,driving_B_2019.12.16_12.27.05.csv,673,-104.0332,-104.03,-104.03,0.5278,3.155926
996,soldier,driving_B_2019.12.17_07.32.39.csv,2261,59.1242,59.12,59.12,0.5273,2.662920
997,longdress,driving_B_2020.01.16_07.26.43.csv,1000,12.7277,12.73,12.73,0.5268,2.848550
998,loot,static_B_2019.12.16_13.40.04.csv,1159,-188.8315,-188.83,-188.83,0.5263,2.950479
999,redandblack,driving_B_2020.02.14_12.58.17.csv,695,-65.0004,-65.00,-65.00,0.5259,2.914355
1000,soldier,driving_B_2020.02.13_15.02.01.csv,1355,-152.8707,-152.87,-152.87,0.5254,2.968094
1001,longdress,driving_B_2020.02.14_09.38.22.csv,125,-77.2052,-77.21,-77.21,0.5249,2.818642
1002,loot,static_B_2020.02.27_18.39.27.csv,1583,64.0869,64.09,64.09,0.5244,2.414879
1003,redandblack,driving_B_2020.01.16_09.56.56.csv,656,20.9020,20.90,20.90,0.5240,2.601680
1004,soldier,driving_B_2020.02.14_09.38.22.csv,845,42.6852,42.69,42.69,0.5235,2.786425
1005,longdress,static_B_2020.02.27_18.39.27.csv,1403,50.8231,50.82,50.82,0.5230,2.849282
1006,loot,driving_B_2019.12.17_07.32.39.csv,2081,47.5706,47.57,47.57,0.5225,2.674423
1007,redandblack,static_B_2020.02.14_13.21.26.csv,200,59.8725,59.87,59.87,0.5221,2.631134
1008,soldier,static_B_2020.02.27_18.39.27.csv,1823,-33.3294,-33.33,-33.33,0.5216,2.851906
1009,longdress,static_B_2020.02.27_18.39.27.csv,2063,29.8386,29.84,29.84,0.5211,2.819957
1010,loot,driving_B_2020.02.13_15.02.01.csv,695,28.2616,28.26,28.26,0.5206,2.614602
1011,redandblack,static_B_2019.12.16_13.40.04.csv,1639,50.1614,50.16,50.16,0.5202,2.910734
1012,soldier,driving_B_2020.02.13_13.03.24.csv,134,-36.1549,-36.15,-36.15,0.5197,3.050584
1013,longdress,driving_B_2020.01.16_09.56.56.csv,596,32.4007,32.40,32.40,0.5192,2.471485
1014,loot,driving_B_2020.01.16_07.26.43.csv,160,-178.1523,-178.15,-178.15,0.5187,2.830470
1015,redandblack,driving_B_2020.02.13_13.03.24.csv,2114,-149.0665,-149.07,-149.07,0.5183,2.904252
1016,soldier,static_B_2020.02.27_18.39.27.csv,1463,26.2484,26.25,26.25,0.5178,2.856243
1017,longdress,driving_B_2019.12.16_12.27.05.csv,193,5.2825,5.28,5.28,0.5173,2.432477
1018,loot,driving_B_2020.01.16_09.56.56.csv,1316,47.3122,47.31,47.31,0.5168,3.015044
1019,redandblack,driving_B_2020.02.13_15.02.01.csv,2754,-41.7561,-41.76,-41.76,0.5164,3.017693
1020,soldier,driving_B_2020.01.16_12.10.03.csv,222,64.7214,64.72,64.72,0.5159,2.939059
1021,longdress,driving_B_2020.02.13_15.02.01.csv,815,-69.4028,-69.40,-69.40,0.5154,2.316402
1022,loot,driving_B_2020.01.16_07.26.43.csv,460,-47.3002,-47.30,-47.30,0.5149,2.635097
1023,redandblack,static_B_2020.02.27_18.39.27.csv,5303,62.7890,62.79,62.79,0.5145,2.503526
1024,soldier,driving_B_2020.02.27_17.30.15.csv,26,-78.0068,-78.01,-78.01,0.5140,2.899024
1025,longdress,static_B_2020.02.27_18.39.27.csv,4403,47.1291,47.13,47.13,0.5135,2.666083
1026,loot,static_B_2020.02.27_18.39.27.csv,1523,68.7744,68.77,68.77,0.5130,2.864773
1027,redandblack,static_B_2020.02.27_18.39.27.csv,803,68.0493,68.05,68.05,0.5126,2.743001
1028,soldier,driving_B_2020.02.13_15.02.01.csv,2075,-63.0408,-63.04,-63.04,0.5121,2.837003
1029,longdress,driving_B_2019.12.16_12.27.05.csv,373,-310.9647,-310.96,-310.96,0.5116,3.112246
1030,loot,driving_B_2020.01.16_09.56.56.csv,1436,73.9521,73.95,73.95,0.5111,2.663224
1031,redandblack,driving_B_2020.02.13_15.02.01.csv,1475,-74.6889,-74.69,-74.69,0.5107,2.694731
1032,soldier,driving_B_2020.02.27_17.30.15.csv,686,-154.9934,-154.99,-154.99,0.5102,2.993983
1033,longdress,driving_B_2020.01.16_07.26.43.csv,280,-15.8047,-15.80,-15.80,0.5097,2.651615
1034,loot,driving_B_2020.01.16_07.26.43.csv,1120,32.9672,32.97,32.97,0.5092,2.778573
1035,redandblack,driving_B_2020.02.13_13.03.24.csv,1694,64.0589,64.06,64.06,0.5088,2.494516
1036,soldier,driving_B_2020.01.16_07.26.43.csv,40,-39.7865,-39.79,-39.79,0.5083,2.823548
1037,longdress,driving_B_2020.02.13_13.03.24.csv,614,-67.8770,-67.88,-67.88,0.5078,2.856370
1038,loot,static_B_2020.02.14_13.21.26.csv,140,62.9129,62.91,62.91,0.5074,2.708609
1039,redandblack,driving_B_2020.01.16_07.26.43.csv,100,18.3183,18.32,18.32,0.5069,2.790037
1040,soldier,driving_B_2019.12.17_07.32.39.csv,821,-47.7022,-47.70,-47.70,0.5064,2.913065
1041,longdress,static_B_2020.02.27_18.39.27.csv,4043,41.8464,41.85,41.85,0.5059,2.765575
1042,loot,driving_B_2019.12.17_07.32.39.csv,941,-27.0811,-27.08,-27.08,0.5055,2.797636
1043,redandblack,driving_B_2020.02.13_15.02.01.csv,1175,32.4482,32.45,32.45,0.5050,2.707321
1044,soldier,driving_B_2020.02.13_13.03.24.csv,1934,-201.9732,-201.97,-201.97,0.5045,2.702036
1045,longdress,static_B_2019.12.16_13.40.04.csv,1219,13.1009,13.10,13.10,0.5040,2.781509
1046,loot,driving_B_2020.02.13_15.02.01.csv,1655,-121.1792,-121.18,-121.18,0.5036,3.067985
1047,redandblack,driving_B_2020.02.13_15.02.01.csv,1715,54.0906,54.09,54.09,0.5031,2.783739
1048,soldier,driving_B_2020.02.13_13.03.24.csv,1454,-52.5529,-52.55,-52.55,0.5026,3.020777
1049,longdress,driving_B_2019.12.17_07.32.39.csv,1781,-58.6839,-58.68,-58.68,0.5021,2.551950
1050,loot,driving_B_2020.01.16_07.26.43.csv,940,-47.1249,-47.12,-47.12,0.5017,3.106861
1051,redandblack,driving_B_2019.12.17_07.32.39.csv,281,4.9378,4.94,4.94,0.5012,2.797963
1052,soldier,static_B_2019.12.16_13.40.04.csv,79,47.9630,47.96,47.96,0.5007,2.488908
1053,longdress,static_B_2020.02.27_18.39.27.csv,3863,-56.6329,-56.63,-56.63,0.5002,2.881965
1054,loot,driving_B_2019.12.17_07.32.39.csv,101,3.9347,3.93,3.93,0.4998,3.126370
1055,redandblack,driving_B_2020.02.14_09.38.22.csv,1478,-0.9977,-1.00,-1.00,0.4993,2.905872
1056,soldier,driving_B_2020.02.14_12.58.17.csv,800,-35.9374,-35.94,-35.94,0.4988,2.827150
1057,longdress,static_B_2019.12.16_13.40.04.csv,1099,-583.7167,-583.72,-583.72,0.4983,2.886863
1058,loot,driving_B_2019.12.16_12.27.05.csv,613,-244.2979,-244.30,-244.30,0.4979,2.496465
1059,redandblack,driving_B_2020.01.16_07.26.43.csv,760,38.3940,38.39,38.39,0.4974,2.891477
1060,soldier,driving_B_2019.12.17_07.32.39.csv,341,-17.1836,-17.18,-17.18,0.4969,2.384427
1061,longdress,static_B_2020.02.27_18.39.27.csv,4643,-44.5794,-44.58,-44.58,0.4964,2.783597
1062,loot,driving_B_2020.02.13_13.03.24.csv,1754,41.3223,41.32,41.32,0.4960,2.767761
1063,redandblack,driving_B_2020.02.13_13.03.24.csv,914,-46.6045,-46.60,-46.60,0.4955,2.906454
1064,soldier,driving_B_2020.02.13_15.02.01.csv,2555,21.9112,21.91,21.91,0.4950,3.030656
1065,longdress,driving_B_2020.02.27_17.30.15.csv,86,-479.7689,-479.77,-479.77,0.4945,2.867683
1066,loot,driving_B_2020.02.13_13.03.24.csv,1634,-167.3486,-167.35,-167.35,0.4941,3.097147
1067,redandblack,driving_B_2019.12.17_07.32.39.csv,1481,15.5698,15.57,15.57,0.4936,2.941906
1068,soldier,driving_B_2020.02.27_17.30.15.csv,506,-182.6669,-182.67,-182.67,0.4931,2.635977
1069,longdress,driving_B_2020.02.13_15.02.01.csv,1955,46.8597,46.86,46.86,0.4926,3.054730
1070,loot,static_B_2020.02.27_18.39.27.csv,3023,22.9534,22.95,22.95,0.4922,3.006103
1071,redandblack,driving_B_2019.12.16_12.27.05.csv,853,39.3432,39.34,39.34,0.4917,2.818142
1072,soldier,driving_B_2020.02.13_15.02.01.csv,2615,65.3885,65.39,65.39,0.4912,2.824313
1073,longdress,driving_B_2019.12.17_07.32.39.csv,1601,5.9196,5.92,5.92,0.4907,2.883873
1074,loot,static_B_2020.02.27_18.39.27.csv,3563,-17.2195,-17.22,-17.22,0.4903,2.887402
1075,redandblack,driving_B_2019.12.16_12.27.05.csv,1152,48.2293,48.23,48.23,0.4898,3.091019
1076,soldier,static_B_2020.02.14_13.21.26.csv,320,53.7959,53.80,53.80,0.4893,3.032597
1077,longdress,driving_B_2020.02.13_15.02.01.csv,1595,-427.2142,-427.21,-427.21,0.4888,2.590079
1078,loot,driving_B_2019.12.17_07.32.39.csv,881,-0.2112,-0.21,-0.21,0.4884,3.221174
1079,redandblack,driving_B_2020.01.16_07.26.43.csv,1770,-58.2543,-58.25,-58.25,0.4879,2.704040
1080,soldier,driving_B_2020.01.16_07.26.43.csv,640,-44.3492,-44.35,-44.35,0.4874,3.064839
1081,longdress,driving_B_2019.12.17_07.32.39.csv,1181,-29.7859,-29.79,-29.79,0.4869,3.195329
1082,loot,driving_B_2020.02.13_13.03.24.csv,314,24.9512,24.95,24.95,0.4865,3.164780
1083,redandblack,static_B_2019.12.16_13.40.04.csv,1459,58.3520,58.35,58.35,0.4860,2.885243
1084,soldier,driving_B_2020.02.13_15.02.01.csv,2255,61.4053,61.41,61.41,0.4855,3.072899
1085,longdress,driving_B_2019.12.17_07.32.39.csv,221,-17.8632,-17.86,-17.86,0.4850,3.034257
1086,loot,static_B_2020.02.27_18.39.27.csv,5663,67.8987,67.90,67.90,0.4846,2.959566
1087,redandblack,driving_B_2020.02.14_12.58.17.csv,335,-167.5877,-167.59,-167.59,0.4841,2.895769
1088,soldier,static_B_2019.12.16_13.40.04.csv,499,15.5991,15.60,15.60,0.4836,2.967345
1089,longdress,static_B_2019.12.16_13.40.04.csv,1819,34.8128,34.81,34.81,0.4831,2.975193
1090,loot,static_B_2020.02.27_18.39.27.csv,1943,34.0787,34.08,34.08,0.4827,2.846786
1091,redandblack,static_B_2020.02.27_18.39.27.csv,23,52.6026,52.60,52.60,0.4822,2.760563
1092,soldier,driving_B_2019.12.17_07.32.39.csv,1361,77.3703,77.37,77.37,0.4817,2.805361
1093,longdress,static_B_2019.12.16_13.40.04.csv,679,46.3091,46.31,46.31,0.4812,3.125262
1094,loot,driving_B_2020.01.16_12.10.03.csv,244,59.5712,59.57,59.57,0.4808,3.536301
1095,redandblack,driving_B_2020.01.16_07.26.43.csv,580,6.2246,6.22,6.22,0.4803,3.124899
1096,soldier,driving_B_2019.12.16_12.27.05.csv,973,73.8125,73.81,73.81,0.4798,2.880813
1097,longdress,driving_B_2020.01.16_09.56.56.csv,1376,46.3377,46.34,46.34,0.4793,3.090748
1098,loot,driving_B_2020.02.27_17.30.15.csv,720,-75.6023,-75.60,-75.60,0.4789,2.928215
1099,redandblack,driving_B_2020.01.16_09.56.56.csv,1256,17.0327,17.03,17.03,0.4784,2.698691
1100,soldier,driving_B_2019.12.17_07.32.39.csv,2288,29.8323,29.83,29.83,0.4779,2.820545
1101,longdress,static_B_2020.02.27_18.39.27.csv,4583,24.6478,24.65,24.65,0.4775,3.036728
1102,loot,static_B_2020.02.27_18.39.27.csv,1883,56.4273,56.43,56.43,0.4770,2.550524
1103,redandblack,static_B_2020.02.27_18.39.27.csv,863,54.3903,54.39,54.39,0.4765,3.298606
1104,soldier,static_B_2019.12.16_13.40.04.csv,1904,22.1185,22.12,22.12,0.4760,2.739916
1105,longdress,static_B_2020.02.27_18.39.27.csv,3263,39.2043,39.20,39.20,0.4756,3.170807
1106,loot,static_B_2020.02.27_18.39.27.csv,683,60.6468,60.65,60.65,0.4751,2.955797
1107,redandblack,driving_B_2020.01.16_09.56.56.csv,416,-7.8802,-7.88,-7.88,0.4746,3.055963
1108,soldier,static_B_2020.02.27_18.39.27.csv,3623,30.6380,30.64,30.64,0.4741,3.242798
1109,longdress,driving_B_2020.02.13_13.03.24.csv,854,-90.4184,-90.42,-90.42,0.4737,2.773170
1110,loot,static_B_2020.02.27_18.39.27.csv,2723,54.2268,54.23,54.23,0.4732,2.798971
1111,redandblack,driving_B_2020.01.16_07.26.43.csv,1240,-17.3192,-17.32,-17.32,0.4727,2.832185
1112,soldier,static_B_2020.02.14_13.21.26.csv,800,44.6175,44.62,44.62,0.4722,2.641497
1113,longdress,static_B_2020.02.27_18.39.27.csv,3743,58.2972,58.30,58.30,0.4718,2.805865
1114,loot,static_B_2019.12.16_13.40.04.csv,439,36.4957,36.50,36.50,0.4713,3.086447
1115,redandblack,driving_B_2020.02.14_09.38.22.csv,965,65.2334,65.23,65.23,0.4708,3.020048
1116,soldier,static_B_2019.12.16_13.40.04.csv,559,28.5861,28.59,28.59,0.4703,3.010140
1117,longdress,driving_B_2019.12.16_12.27.05.csv,793,19.4052,19.41,19.41,0.4699,2.929842
1118,loot,driving_B_2019.12.17_07.32.39.csv,1841,-74.6034,-74.60,-74.60,0.4694,3.139272
1119,redandblack,driving_B_2020.02.27_17.30.15.csv,720,-179.7289,-179.73,-179.73,0.4689,2.849112
1120,soldier,static_B_2019.12.16_13.40.04.csv,199,47.8537,47.85,47.85,0.4684,2.866203
1121,longdress,driving_B_2020.02.14_09.38.22.csv,1085,-65.3883,-65.39,-65.39,0.4680,2.938488
1122,loot,driving_B_2020.02.13_15.02.01.csv,2435,-91.8398,-91.84,-91.84,0.4675,2.781517
1123,redandblack,driving_B_2019.12.17_07.32.39.csv,161,6.9100,6.91,6.91,0.4670,3.170664
1124,soldier,driving_B_2020.01.16_12.10.03.csv,244,74.7823,74.78,74.78,0.4665,2.836797
1125,longdress,driving_B_2020.01.16_09.56.56.csv,176,39.8119,39.81,39.81,0.4661,2.835605
1126,loot,driving_B_2020.02.14_09.38.22.csv,785,1.2907,1.29,1.29,0.4656,2.905571
1127,redandblack,driving_B_2020.02.13_15.02.01.csv,2495,-136.4008,-136.40,-136.40,0.4651,2.945182
1128,soldier,driving_B_2020.01.16_07.26.43.csv,340,-101.6713,-101.67,-101.67,0.4646,2.901904
1129,longdress,driving_B_2019.12.17_07.32.39.csv,1301,6.0400,6.04,6.04,0.4642,2.722515
1130,loot,driving_B_2019.12.17_07.32.39.csv,401,32.6024,32.60,32.60,0.4637,2.805888
1131,redandblack,static_B_2019.12.16_13.40.04.csv,1699,70.9194,70.92,70.92,0.4632,2.825856
1132,soldier,static_B_2020.02.27_18.39.27.csv,5603,62.5409,62.54,62.54,0.4627,2.878196
1133,longdress,driving_B_2020.01.16_09.56.56.csv,1570,1.1566,1.16,1.16,0.4623,3.225576
1134,loot,static_B_2019.12.16_13.40.04.csv,139,60.0436,60.04,60.04,0.4618,2.896920
1135,redandblack,driving_B_2020.02.13_15.02.01.csv,2754,-50.7107,-50.71,-50.71,0.4613,2.958022
1136,soldier,static_B_2019.12.16_13.40.04.csv,859,42.9128,42.91,42.91,0.4608,2.982774
1137,longdress,driving_B_2020.02.13_13.03.24.csv,794,-29.9672,-29.97,-29.97,0.4604,3.195650
1138,loot,static_B_2020.02.27_18.39.27.csv,3683,65.0624,65.06,65.06,0.4599,2.916408
1139,redandblack,driving_B_2019.12.16_12.27.05.csv,253,26.7956,26.80,26.80,0.4594,2.897312
1140,soldier,driving_B_2020.02.13_15.02.01.csv,1055,61.3836,61.38,61.38,0.4589,3.546722
1141,longdress,driving_B_2019.12.16_12.27.05.csv,733,11.4699,11.47,11.47,0.4585,2.978145
1142,loot,driving_B_2020.02.14_12.58.17.csv,155,-156.3190,-156.32,-156.32,0.4580,2.943911
1143,redandblack,static_B_2019.12.16_13.40.04.csv,1519,63.3190,63.32,63.32,0.4575,2.780561
1144,soldier,driving_B_2020.01.16_09.56.56.csv,1076,-72.3137,-72.31,-72.31,0.4570,2.806852
1145,longdress,static_B_2020.02.27_18.39.27.csv,5483,73.2302,73.23,73.23,0.4566,2.996168
1146,loot,driving_B_2020.02.13_13.03.24.csv,1874,-351.4641,-351.46,-351.46,0.4561,3.178276
1147,redandblack,driving_B_2020.01.16_09.56.56.csv,1496,43.5632,43.56,43.56,0.4556,2.926129
1148,soldier,driving_B_2020.02.13_15.02.01.csv,1235,-4.8971,-4.90,-4.90,0.4551,2.655169
1149,longdress,driving_B_2020.01.16_09.56.56.csv,56,-19.8095,-19.81,-19.81,0.4547,3.023194
1150,loot,driving_B_2020.01.16_12.10.03.csv,162,40.3107,40.31,40.31,0.4542,2.751461
1151,redandblack,driving_B_2020.01.16_07.26.43.csv,1300,43.2977,43.30,43.30,0.4537,2.820718
1152,soldier,driving_B_2020.02.13_13.03.24.csv,1334,-30.8724,-30.87,-30.87,0.4532,3.188764
1153,longdress,driving_B_2020.02.14_09.38.22.csv,1325,54.4340,54.43,54.43,0.4528,3.116700
1154,loot,driving_B_2020.02.13_15.02.01.csv,35,61.1326,61.13,61.13,0.4523,2.761430
1155,redandblack,driving_B_2020.02.13_15.02.01.csv,1835,56.7762,56.78,56.78,0.4518,3.027860
1156,soldier,static_B_2020.02.14_13.21.26.csv,620,61.7359,61.74,61.74,0.4513,2.765596
1157,longdress,driving_B_2020.02.13_13.03.24.csv,194,-0.5786,-0.58,-0.58,0.4509,2.829172
1158,loot,static_B_2020.02.27_18.39.27.csv,1223,25.0387,25.04,25.04,0.4504,2.562862
1159,redandblack,driving_B_2020.02.14_09.38.22.csv,305,-96.9461,-96.95,-96.95,0.4499,2.862940
1160,soldier,driving_B_2020.01.16_09.56.56.csv,1136,14.3317,14.33,14.33,0.4494,2.981917
1161,longdress,driving_B_2020.02.13_13.03.24.csv,1034,-81.3313,-81.33,-81.33,0.4490,2.948935
1162,loot,driving_B_2020.02.13_15.02.01.csv,335,72.4580,72.46,72.46,0.4485,2.740556
1163,redandblack,driving_B_2020.02.13_13.03.24.csv,674,-39.5046,-39.50,-39.50,0.4480,2.837335
1164,soldier,static_B_2020.02.27_18.39.27.csv,143,61.2490,61.25,61.25,0.4475,2.884664
1165,longdress,static_B_2020.02.27_18.39.27.csv,5183,58.3178,58.32,58.32,0.4471,2.644755
1166,loot,static_B_2020.02.27_18.39.27.csv,503,54.3748,54.37,54.37,0.4466,2.638486
1167,redandblack,driving_B_2019.12.17_07.32.39.csv,1661,-13.8612,-13.86,-13.86,0.4461,2.708687
1168,soldier,static_B_2020.02.14_13.21.26.csv,850,30.7106,30.71,30.71,0.4457,2.940419
1169,longdress,static_B_2020.02.27_18.39.27.csv,2543,69.5945,69.59,69.59,0.4452,2.819263
1170,loot,driving_B_2020.02.14_09.38.22.csv,1025,-53.0599,-53.06,-53.06,0.4447,2.640228
1171,redandblack,driving_B_2020.02.14_09.38.22.csv,1445,26.8450,26.84,26.84,0.4442,2.954194
1172,soldier,driving_B_2020.02.13_15.02.01.csv,2135,43.7301,43.73,43.73,0.4438,2.852545
1173,longdress,driving_B_2019.12.16_12.27.05.csv,1093,26.6185,26.62,26.62,0.4433,2.757795
1174,loot,static_B_2020.02.27_18.39.27.csv,4163,50.5095,50.51,50.51,0.4428,2.946531
1175,redandblack,driving_B_2020.02.14_12.58.17.csv,755,-151.1090,-151.11,-151.11,0.4423,2.929705
1176,soldier,static_B_2020.02.27_18.39.27.csv,1163,-26.0251,-26.03,-26.03,0.4419,2.893233
1177,longdress,driving_B_2020.01.16_07.26.43.csv,1180,-30.7908,-30.79,-30.79,0.4414,2.855943
1178,loot,driving_B_2020.01.16_09.56.56.csv,116,-43.8191,-43.82,-43.82,0.4409,2.559776
1179,redandblack,driving_B_2020.02.13_15.02.01.csv,1535,8.2785,8.28,8.28,0.4404,3.024137
1180,soldier,driving_B_2020.02.13_15.02.01.csv,155,47.2409,47.24,47.24,0.4400,2.842711
1181,longdress,driving_B_2020.01.16_07.26.43.csv,1660,-28.7836,-28.78,-28.78,0.4395,2.798702
1182,loot,static_B_2020.02.27_18.39.27.csv,3983,53.1776,53.18,53.18,0.4390,2.523978
1183,redandblack,driving_B_2020.02.13_15.02.01.csv,455,-20.5088,-20.51,-20.51,0.4385,2.988950
1184,soldier,static_B_2019.12.16_13.40.04.csv,1039,37.7187,37.72,37.72,0.4381,2.885209
1185,longdress,static_B_2020.02.27_18.39.27.csv,203,64.7675,64.77,64.77,0.4376,2.923473
1186,loot,static_B_2020.02.14_13.21.26.csv,380,44.8274,44.83,44.83,0.4371,2.887706
1187,redandblack,static_B_2020.02.27_18.39.27.csv,4283,63.6981,63.70,63.70,0.4366,3.120478
1188,soldier,driving_B_2020.02.13_15.02.01.csv,635,-37.2090,-37.21,-37.21,0.4362,3.247833
1189,longdress,driving_B_2020.01.16_09.56.56.csv,536,43.2849,43.28,43.28,0.4357,2.846347
1190,loot,driving_B_2020.02.13_13.03.24.csv,1394,-19.9292,-19.93,-19.93,0.4352,3.233390
1191,redandblack,static_B_2020.02.27_18.39.27.csv,2483,57.5113,57.51,57.51,0.4347,2.700676
1192,soldier,driving_B_2020.02.13_13.03.24.csv,374,-38.8212,-38.82,-38.82,0.4343,3.019780
1193,longdress,static_B_2020.02.14_13.21.26.csv,440,67.6559,67.66,67.66,0.4338,2.980232
1194,loot,driving_B_2020.02.27_17.30.15.csv,326,-115.5602,-115.56,-115.56,0.4333,3.128605
1195,redandblack,static_B_2020.02.14_13.21.26.csv,500,50.3948,50.39,50.39,0.4328,2.998274
1196,soldier,static_B_2020.02.27_18.39.27.csv,2183,72.6892,72.69,72.69,0.4324,2.818459
1197,longdress,driving_B_2019.12.16_12.27.05.csv,913,70.2595,70.26,70.26,0.4319,2.768369
1198,loot,driving_B_2019.12.17_07.32.39.csv,41,42.2549,42.25,42.25,0.4314,3.071723
1199,redandblack,driving_B_2020.01.16_12.10.03.csv,102,41.6245,41.62,41.62,0.4309,3.111385
1200,soldier,driving_B_2020.01.16_09.56.56.csv,236,35.0099,35.01,35.01,0.4305,3.336811
1201,longdress,driving_B_2020.01.16_07.26.43.csv,1770,8.1568,8.16,8.16,0.4300,3.108914
1202,loot,static_B_2020.02.27_18.39.27.csv,3083,32.7575,32.76,32.76,0.4295,3.193361
1203,redandblack,driving_B_2020.01.16_09.56.56.csv,896,-6.7464,-6.75,-6.75,0.4290,3.158843
1204,soldier,static_B_2020.02.27_18.39.27.csv,323,49.3399,49.34,49.34,0.4286,3.331729
1205,longdress,static_B_2019.12.16_13.40.04.csv,1399,-67.1056,-67.11,-67.11,0.4281,3.157703
1206,loot,driving_B_2020.02.13_15.02.01.csv,215,65.5477,65.55,65.55,0.4276,3.259226
1207,redandblack,static_B_2020.02.27_18.39.27.csv,563,-198.0737,-198.07,-198.07,0.4271,3.060998
1208,soldier,static_B_2020.02.27_18.39.27.csv,2423,50.2073,50.21,50.21,0.4267,2.991515
1209,longdress,static_B_2020.02.27_18.39.27.csv,1763,42.0750,42.07,42.07,0.4262,2.931623
1210,loot,static_B_2020.02.14_13.21.26.csv,560,61.5359,61.54,61.54,0.4257,3.078946
1211,redandblack,driving_B_2020.02.13_13.03.24.csv,14,37.0528,37.05,37.05,0.4252,3.043032
1212,soldier,driving_B_2020.02.27_17.30.15.csv,566,-98.6350,-98.63,-98.63,0.4248,3.163756
1213,longdress,driving_B_2020.02.14_09.38.22.csv,605,50.9064,50.91,50.91,0.4243,2.830455
1214,loot,static_B_2020.02.27_18.39.27.csv,4703,-94.1719,-94.17,-94.17,0.4238,3.082453
1215,redandblack,driving_B_2020.02.13_13.03.24.csv,1094,-49.8934,-49.89,-49.89,0.4233,3.205885
1216,soldier,driving_B_2020.02.14_12.58.17.csv,515,-67.7339,-67.73,-67.73,0.4229,3.005934
1217,longdress,driving_B_2020.02.27_17.30.15.csv,386,-71.2284,-71.23,-71.23,0.4224,2.827249
1218,loot,driving_B_2020.02.27_17.30.15.csv,446,-200.6913,-200.69,-200.69,0.4219,2.983140
1219,redandblack,static_B_2020.02.27_18.39.27.csv,4823,58.9395,58.94,58.94,0.4214,3.072056
1220,soldier,driving_B_2020.02.27_17.30.15.csv,206,-508.6526,-508.65,-508.65,0.4210,2.946413
1221,longdress,driving_B_2020.02.14_09.38.22.csv,1265,-4.1405,-4.14,-4.14,0.4205,3.000121
1222,loot,driving_B_2020.02.13_13.03.24.csv,254,-7.3612,-7.36,-7.36,0.4200,3.107033
1223,redandblack,driving_B_2019.12.17_07.32.39.csv,1061,48.7482,48.75,48.75,0.4195,2.950389
1224,soldier,static_B_2020.02.27_18.39.27.csv,4763,64.3403,64.34,64.34,0.4191,2.790405
1225,longdress,static_B_2020.02.14_13.21.26.csv,20,32.2320,32.23,32.23,0.4186,3.079133
1226,loot,driving_B_2020.02.13_13.03.24.csv,494,9.0592,9.06,9.06,0.4181,3.025958
1227,redandblack,driving_B_2020.02.13_15.02.01.csv,1775,64.9547,64.95,64.95,0.4176,3.001773
1228,soldier,static_B_2020.02.27_18.39.27.csv,1343,60.0169,60.02,60.02,0.4172,2.944429
1229,longdress,static_B_2020.02.27_18.39.27.csv,3503,42.5613,42.56,42.56,0.4167,3.040425
1230,loot,static_B_2020.02.27_18.39.27.csv,3323,60.3285,60.33,60.33,0.4162,2.842809
1231,redandblack,driving_B_2020.02.13_13.03.24.csv,1814,-980.4106,-980.41,-980.41,0.4157,2.863603
1232,soldier,driving_B_2020.02.13_13.03.24.csv,2174,-334.8718,-334.87,-334.87,0.4153,2.890379
1233,longdress,driving_B_2019.12.17_07.32.39.csv,581,17.2637,17.26,17.26,0.4148,3.210606
1234,loot,driving_B_2020.01.16_09.56.56.csv,1196,60.6258,60.63,60.63,0.4143,3.233721
1235,redandblack,driving_B_2020.02.14_12.58.17.csv,455,-283.8842,-283.88,-283.88,0.4139,3.047412
1236,soldier,static_B_2020.02.27_18.39.27.csv,2003,74.2440,74.24,74.24,0.4134,2.769509
1237,longdress,static_B_2019.12.16_13.40.04.csv,1279,7.7071,7.71,7.71,0.4129,3.145224
1238,loot,static_B_2020.02.27_18.39.27.csv,4223,68.1102,68.11,68.11,0.4124,3.012440
1239,redandblack,driving_B_2020.02.13_15.02.01.csv,575,16.1148,16.11,16.11,0.4120,3.174357
1240,soldier,static_B_2020.02.27_18.39.27.csv,1283,18.7027,18.70,18.70,0.4115,2.973795
1241,longdress,static_B_2019.12.16_13.40.04.csv,319,-5.6334,-5.63,-5.63,0.4110,2.939703
1242,loot,driving_B_2019.12.17_07.32.39.csv,1421,43.0837,43.08,43.08,0.4105,2.836971
1243,redandblack,static_B_2020.02.27_18.39.27.csv,923,66.6742,66.67,66.67,0.4101,2.831443
1244,soldier,static_B_2020.02.27_18.39.27.csv,5742,60.1428,60.14,60.14,0.4096,2.918935
1245,longdress,static_B_2020.02.27_18.39.27.csv,4463,3.3008,3.30,3.30,0.4091,3.139852
1246,loot,driving_B_2020.01.16_09.56.56.csv,956,35.9827,35.98,35.98,0.4086,3.006138
1247,redandblack,driving_B_2020.02.14_09.38.22.csv,1145,13.7642,13.76,13.76,0.4082,3.267453
1248,soldier,driving_B_2020.02.13_13.03.24.csv,1994,-102.9881,-102.99,-102.99,0.4077,3.054268
1249,longdress,static_B_2020.02.27_18.39.27.csv,2123,32.7217,32.72,32.72,0.4072,3.116576
1250,loot,driving_B_2019.12.17_07.32.39.csv,1541,40.1161,40.12,40.12,0.4067,3.005936
1251,redandblack,driving_B_2019.12.17_07.32.39.csv,2288,55.7804,55.78,55.78,0.4063,2.765173
1252,soldier,static_B_2020.02.27_18.39.27.csv,1441,33.8604,33.86,33.86,0.4058,3.016305
1253,longdress,driving_B_2019.12.17_07.32.39.csv,1479,-13.8073,-13.81,-13.81,0.4053,2.881772
1254,loot,driving_B_2020.02.14_12.58.17.csv,434,-201.1369,-201.14,-201.14,0.4048,3.112426
1255,redandblack,static_B_2020.02.27_18.39.27.csv,3781,29.4362,29.44,29.44,0.4044,3.256816
1256,soldier,driving_B_2020.02.13_15.02.01.csv,2189,30.2306,30.23,30.23,0.4039,3.069645
1257,longdress,driving_B_2019.12.17_07.32.39.csv,1239,14.0409,14.04,14.04,0.4034,2.979405
1258,loot,driving_B_2019.12.17_07.32.39.csv,819,4.3790,4.38,4.38,0.4029,2.791073
1259,redandblack,driving_B_2020.02.13_13.03.24.csv,1886,-568.7033,-568.70,-568.70,0.4025,3.133048
1260,soldier,driving_B_2020.01.16_07.26.43.csv,134,-13.6896,-13.69,-13.69,0.4020,3.190336
1261,longdress,driving_B_2020.02.13_15.02.01.csv,389,51.5872,51.59,51.59,0.4015,3.088803
1262,loot,driving_B_2020.02.13_15.02.01.csv,569,19.8201,19.82,19.82,0.4010,3.217608
1263,redandblack,driving_B_2019.12.17_07.32.39.csv,1839,-52.8627,-52.86,-52.86,0.4006,3.090558
1264,soldier,driving_B_2020.02.13_15.02.01.csv,989,-31.6412,-31.64,-31.64,0.4001,3.179776
1265,longdress,driving_B_2020.01.16_07.26.43.csv,854,6.5544,6.55,6.55,0.3996,3.062113
1266,loot,driving_B_2020.02.13_15.02.01.csv,2309,4.9517,4.95,4.95,0.3991,3.335735
1267,redandblack,static_B_2020.02.27_18.39.27.csv,481,63.1040,63.10,63.10,0.3987,3.204435
1268,soldier,static_B_2019.12.16_13.40.04.csv,358,23.5533,23.55,23.55,0.3982,2.893392
1269,longdress,static_B_2020.02.27_18.39.27.csv,5281,60.1309,60.13,60.13,0.3977,2.788944
1270,loot,driving_B_2020.01.16_07.26.43.csv,254,36.0423,36.04,36.04,0.3972,3.203697
1271,redandblack,driving_B_2019.12.17_07.32.39.csv,2139,-20.4378,-20.44,-20.44,0.3968,3.413916
1272,soldier,driving_B_2020.02.13_15.02.01.csv,2754,-2.4805,-2.48,-2.48,0.3963,2.939628
1273,longdress,driving_B_2020.01.16_07.26.43.csv,734,-10.6382,-10.64,-10.64,0.3958,3.510338
1274,loot,driving_B_2020.02.13_13.03.24.csv,986,-8.0113,-8.01,-8.01,0.3953,3.227428
1275,redandblack,driving_B_2019.12.16_12.27.05.csv,878,57.5666,57.57,57.57,0.3949,3.351844
1276,soldier,driving_B_2020.01.16_09.56.56.csv,242,59.9104,59.91,59.91,0.3944,2.914106
1277,longdress,static_B_2020.02.27_18.39.27.csv,1081,23.7291,23.73,23.73,0.3939,2.795593
1278,loot,driving_B_2020.01.16_07.26.43.csv,1274,0.2904,0.29,0.29,0.3934,3.039272
1279,redandblack,driving_B_2019.12.16_12.27.05.csv,758,46.1958,46.20,46.20,0.3930,3.029983
1280,soldier,driving_B_2020.02.13_15.02.01.csv,149,44.5211,44.52,44.52,0.3925,2.944967
1281,longdress,static_B_2019.12.16_13.40.04.csv,1078,28.8886,28.89,28.89,0.3920,3.637394
1282,loot,driving_B_2020.02.14_09.38.22.csv,1079,-28.0502,-28.05,-28.05,0.3915,3.264021
1283,redandblack,static_B_2020.02.27_18.39.27.csv,241,67.3893,67.39,67.39,0.3911,3.291878
1284,soldier,driving_B_2020.01.16_07.26.43.csv,1770,-93.9794,-93.98,-93.98,0.3906,2.984512
1285,longdress,driving_B_2020.01.16_07.26.43.csv,554,0.7135,0.71,0.71,0.3901,3.055727
1286,loot,driving_B_2020.02.13_13.03.24.csv,866,-34.7282,-34.73,-34.73,0.3896,2.947870
1287,redandblack,driving_B_2020.01.16_12.10.03.csv,229,63.8738,63.87,63.87,0.3892,3.056332
1288,soldier,static_B_2020.02.27_18.39.27.csv,5101,58.9017,58.90,58.90,0.3887,3.287366
1289,longdress,driving_B_2020.02.27_17.30.15.csv,507,-109.4674,-109.47,-109.47,0.3882,3.152380
1290,loot,driving_B_2020.01.16_07.26.43.csv,194,-6.4212,-6.42,-6.42,0.3877,3.332294
1291,redandblack,static_B_2020.02.14_13.21.26.csv,49,71.5659,71.57,71.57,0.3873,3.107515
1292,soldier,driving_B_2020.02.13_13.03.24.csv,386,-23.4144,-23.41,-23.41,0.3868,2.860619
1293,longdress,driving_B_2019.12.17_07.32.39.csv,2288,45.2374,45.24,45.24,0.3863,3.019803
1294,loot,static_B_2019.12.16_13.40.04.csv,58,42.6225,42.62,42.62,0.3858,3.324725
1295,redandblack,static_B_2020.02.14_13.21.26.csv,169,75.2095,75.21,75.21,0.3854,3.088571
1296,soldier,driving_B_2019.12.17_07.32.39.csv,39,27.5302,27.53,27.53,0.3849,2.984747
1297,longdress,driving_B_2020.02.13_15.02.01.csv,1109,54.1242,54.12,54.12,0.3844,2.870771
1298,loot,static_B_2020.02.27_18.39.27.csv,2041,66.8774,66.88,66.88,0.3839,3.246315
1299,redandblack,driving_B_2020.02.13_13.03.24.csv,1406,-11.1823,-11.18,-11.18,0.3835,3.390903
1300,soldier,driving_B_2020.01.16_07.26.43.csv,1634,-14.1839,-14.18,-14.18,0.3830,2.925213
1301,longdress,static_B_2020.02.27_18.39.27.csv,1741,47.6286,47.63,47.63,0.3825,3.047463
1302,loot,driving_B_2020.02.14_09.38.22.csv,539,48.6522,48.65,48.65,0.3821,2.892287
1303,redandblack,static_B_2019.12.16_13.40.04.csv,1258,18.1353,18.14,18.14,0.3816,2.867428
1304,soldier,driving_B_2019.12.17_07.32.39.csv,459,47.2117,47.21,47.21,0.3811,3.509307
1305,longdress,driving_B_2020.02.14_12.58.17.csv,554,-46.6722,-46.67,-46.67,0.3806,2.829167
1306,loot,static_B_2019.12.16_13.40.04.csv,1618,66.4883,66.49,66.49,0.3802,3.285074
1307,redandblack,driving_B_2019.12.16_12.27.05.csv,1058,29.3120,29.31,29.31,0.3797,3.356748
1308,soldier,driving_B_2020.01.16_12.10.03.csv,49,55.8498,55.85,55.85,0.3792,2.943211
1309,longdress,driving_B_2020.02.13_13.03.24.csv,1526,-50.7015,-50.70,-50.70,0.3787,2.787106
1310,loot,static_B_2020.02.27_18.39.27.csv,2761,59.4087,59.41,59.41,0.3783,3.122041
1311,redandblack,static_B_2020.02.27_18.39.27.csv,1381,57.7715,57.77,57.77,0.3778,3.131538
1312,soldier,static_B_2020.02.27_18.39.27.csv,3361,59.8685,59.87,59.87,0.3773,2.920999
1313,longdress,driving_B_2020.01.16_09.56.56.csv,602,54.7211,54.72,54.72,0.3768,3.199282
1314,loot,driving_B_2020.02.14_09.38.22.csv,1379,40.9939,40.99,40.99,0.3764,3.063285
1315,redandblack,driving_B_2020.01.16_07.26.43.csv,674,-1.4155,-1.42,-1.42,0.3759,3.251778
1316,soldier,static_B_2020.02.27_18.39.27.csv,4141,59.9478,59.95,59.95,0.3754,3.277736
1317,longdress,driving_B_2020.02.13_15.02.01.csv,2669,-58.9312,-58.93,-58.93,0.3749,3.341076
1318,loot,driving_B_2020.02.13_13.03.24.csv,1586,-72.5582,-72.56,-72.56,0.3745,3.375657
1319,redandblack,static_B_2020.02.27_18.39.27.csv,1681,49.6098,49.61,49.61,0.3740,2.955554
1320,soldier,static_B_2020.02.27_18.39.27.csv,4921,56.9988,57.00,57.00,0.3735,3.044889
1321,longdress,driving_B_2020.02.13_15.02.01.csv,2754,-69.7093,-69.71,-69.71,0.3730,2.867009
1322,loot,driving_B_2020.02.13_13.03.24.csv,1046,-10.3844,-10.38,-10.38,0.3726,3.078867
1323,redandblack,driving_B_2020.02.13_13.03.24.csv,806,9.2861,9.29,9.29,0.3721,2.982182
1324,soldier,driving_B_2020.02.27_17.30.15.csv,567,-82.4697,-82.47,-82.47,0.3716,3.056837
1325,longdress,static_B_2020.02.27_18.39.27.csv,661,20.4860,20.49,20.49,0.3711,3.170112
1326,loot,driving_B_2020.02.13_15.02.01.csv,929,32.8808,32.88,32.88,0.3707,3.149259
1327,redandblack,driving_B_2020.02.13_13.03.24.csv,1106,-30.7615,-30.76,-30.76,0.3702,2.828856
1328,soldier,driving_B_2020.02.13_13.03.24.csv,2066,-174.6909,-174.69,-174.69,0.3697,3.007257
1329,longdress,driving_B_2019.12.16_12.27.05.csv,938,45.2876,45.29,45.29,0.3692,3.126115
1330,loot,static_B_2020.02.27_18.39.27.csv,4201,36.8211,36.82,36.82,0.3688,2.981810
1331,redandblack,static_B_2020.02.27_18.39.27.csv,1621,27.7359,27.74,27.74,0.3683,3.050807
1332,soldier,driving_B_2020.02.13_13.03.24.csv,2126,-190.4167,-190.42,-190.42,0.3678,2.777711
1333,longdress,static_B_2020.02.27_18.39.27.csv,2881,40.6928,40.69,40.69,0.3673,3.294869
1334,loot,static_B_2019.12.16_13.40.04.csv,718,63.9599,63.96,63.96,0.3669,3.233071
1335,redandblack,static_B_2020.02.27_18.39.27.csv,1801,-303.5011,-303.50,-303.50,0.3664,3.044802
1336,soldier,driving_B_2020.02.13_13.03.24.csv,26,-1.1212,-1.12,-1.12,0.3659,3.030888
1337,longdress,driving_B_2020.02.13_15.02.01.csv,2549,18.9723,18.97,18.97,0.3654,3.243627
1338,loot,driving_B_2020.02.13_13.03.24.csv,1826,-634.3855,-634.39,-634.39,0.3650,2.894747
1339,redandblack,static_B_2020.02.14_13.21.26.csv,769,70.0251,70.03,70.03,0.3645,3.300776
1340,soldier,static_B_2020.02.27_18.39.27.csv,4021,38.3410,38.34,38.34,0.3640,3.237103
1341,longdress,driving_B_2020.02.13_13.03.24.csv,506,-37.2069,-37.21,-37.21,0.3635,3.053776
1342,loot,static_B_2019.12.16_13.40.04.csv,478,-16.0884,-16.09,-16.09,0.3631,3.163468
1343,redandblack,driving_B_2020.01.16_07.26.43.csv,14,14.3631,14.36,14.36,0.3626,3.138022
1344,soldier,static_B_2020.02.27_18.39.27.csv,3241,46.2685,46.27,46.27,0.3621,3.234718
1345,longdress,driving_B_2020.02.13_13.03.24.csv,1226,-96.9052,-96.91,-96.91,0.3616,3.718451
1346,loot,static_B_2020.02.27_18.39.27.csv,5742,65.4354,65.44,65.44,0.3612,3.496879
1347,redandblack,driving_B_2019.12.17_07.32.39.csv,2288,30.7493,30.75,30.75,0.3607,3.791257
1348,soldier,static_B_2020.02.27_18.39.27.csv,4261,61.6727,61.67,61.67,0.3602,3.209807
1349,longdress,driving_B_2019.12.16_12.27.05.csv,218,-15.5674,-15.57,-15.57,0.3597,3.189771
1350,loot,driving_B_2020.01.16_07.26.43.csv,1094,49.1010,49.10,49.10,0.3593,3.057798
1351,redandblack,static_B_2020.02.27_18.39.27.csv,4741,70.3961,70.40,70.40,0.3588,3.221350
1352,soldier,static_B_2019.12.16_13.40.04.csv,1378,-131.7591,-131.76,-131.76,0.3583,3.112871
1353,longdress,static_B_2019.12.16_13.40.04.csv,1904,12.9669,12.97,12.97,0.3578,3.626581
1354,loot,static_B_2020.02.27_18.39.27.csv,3421,64.6997,64.70,64.70,0.3574,2.937005
1355,redandblack,static_B_2020.02.27_18.39.27.csv,4621,44.6618,44.66,44.66,0.3569,3.477142
1356,soldier,driving_B_2020.02.13_15.02.01.csv,1349,-132.9522,-132.95,-132.95,0.3564,3.197006
1357,longdress,driving_B_2019.12.17_07.32.39.csv,159,-5.3858,-5.39,-5.39,0.3559,3.035215
1358,loot,static_B_2020.02.27_18.39.27.csv,2941,59.1012,59.10,59.10,0.3555,3.124293
1359,redandblack,driving_B_2020.02.14_09.38.22.csv,179,-113.3333,-113.33,-113.33,0.3550,3.409196
1360,soldier,driving_B_2020.01.16_07.26.43.csv,914,-10.9556,-10.96,-10.96,0.3545,3.249996
1361,longdress,static_B_2020.02.27_18.39.27.csv,721,41.4003,41.40,41.40,0.3540,2.825804
1362,loot,driving_B_2020.01.16_09.56.56.csv,422,3.2720,3.27,3.27,0.3536,3.189384
1363,redandblack,static_B_2020.02.27_18.39.27.csv,4561,56.7248,56.72,56.72,0.3531,3.206912
1364,soldier,driving_B_2020.02.14_12.58.17.csv,794,-11.0242,-11.02,-11.02,0.3526,3.010101
1365,longdress,static_B_2020.02.27_18.39.27.csv,3121,24.0739,24.07,24.07,0.3521,3.165977
1366,loot,static_B_2019.12.16_13.40.04.csv,958,40.1399,40.14,40.14,0.3517,3.396653
1367,redandblack,driving_B_2019.12.17_07.32.39.csv,1359,70.8346,70.83,70.83,0.3512,3.143243
1368,soldier,static_B_2020.02.27_18.39.27.csv,361,71.2223,71.22,71.22,0.3507,3.063794
1369,longdress,static_B_2020.02.27_18.39.27.csv,4801,53.4935,53.49,53.49,0.3503,3.400073
1370,loot,static_B_2020.02.27_18.39.27.csv,3601,58.8925,58.89,58.89,0.3498,3.089047
1371,redandblack,driving_B_2020.02.13_15.02.01.csv,2489,-101.3089,-101.31,-101.31,0.3493,3.388059
1372,soldier,driving_B_2020.01.16_07.26.43.csv,374,-53.5409,-53.54,-53.54,0.3488,3.296524
1373,longdress,driving_B_2020.02.13_13.03.24.csv,746,-6.3081,-6.31,-6.31,0.3484,3.222642
1374,loot,driving_B_2020.01.16_09.56.56.csv,1382,67.4034,67.40,67.40,0.3479,3.024499
1375,redandblack,driving_B_2019.12.17_07.32.39.csv,99,5.9198,5.92,5.92,0.3474,3.170275
1376,soldier,driving_B_2019.12.16_12.27.05.csv,338,2.5510,2.55,2.55,0.3469,3.165265
1377,longdress,driving_B_2020.01.16_09.56.56.csv,1322,58.2763,58.28,58.28,0.3465,3.196073
1378,loot,driving_B_2019.12.17_07.32.39.csv,1119,76.7484,76.75,76.75,0.3460,3.100425
1379,redandblack,driving_B_2019.12.16_12.27.05.csv,698,24.9837,24.98,24.98,0.3455,3.116734
1380,soldier,static_B_2020.02.27_18.39.27.csv,301,15.1829,15.18,15.18,0.3450,3.228912
1381,longdress,static_B_2020.02.27_18.39.27.csv,1321,64.5667,64.57,64.57,0.3446,3.315986
1382,loot,driving_B_2020.02.14_09.38.22.csv,1478,18.5516,18.55,18.55,0.3441,3.240180
1383,redandblack,static_B_2020.02.14_13.21.26.csv,850,49.6143,49.61,49.61,0.3436,3.121837
1384,soldier,static_B_2020.02.27_18.39.27.csv,4381,39.6513,39.65,39.65,0.3431,3.062829
1385,longdress,static_B_2020.02.27_18.39.27.csv,5461,47.5974,47.60,47.60,0.3427,3.500452
1386,loot,driving_B_2020.02.13_13.03.24.csv,206,-13.2073,-13.21,-13.21,0.3422,3.207871
1387,redandblack,driving_B_2020.02.14_09.38.22.csv,299,-42.0648,-42.06,-42.06,0.3417,3.160266
1388,soldier,driving_B_2020.02.13_13.03.24.csv,86,7.4959,7.50,7.50,0.3412,3.290609
1389,longdress,driving_B_2020.01.16_07.26.43.csv,74,2.7441,2.74,2.74,0.3408,3.168987
1390,loot,driving_B_2019.12.16_12.27.05.csv,1118,10.3910,10.39,10.39,0.3403,3.116778
1391,redandblack,driving_B_2020.02.13_13.03.24.csv,1946,-229.0436,-229.04,-229.04,0.3398,3.134962
1392,soldier,driving_B_2020.01.16_09.56.56.csv,842,-40.2961,-40.30,-40.30,0.3393,3.427258
1393,longdress,driving_B_2019.12.17_07.32.39.csv,1179,-34.7553,-34.76,-34.76,0.3389,3.495007
1394,loot,static_B_2020.02.27_18.39.27.csv,5521,58.6668,58.67,58.67,0.3384,3.333906
1395,redandblack,driving_B_2020.02.14_09.38.22.csv,1139,-14.5101,-14.51,-14.51,0.3379,3.308062
1396,soldier,driving_B_2019.12.17_07.32.39.csv,879,-32.8338,-32.83,-32.83,0.3374,3.698208
1397,longdress,driving_B_2019.12.17_07.32.39.csv,2199,2.6094,2.61,2.61,0.3370,3.017728
1398,loot,driving_B_2020.02.13_15.02.01.csv,2729,-42.7386,-42.74,-42.74,0.3365,3.118200
1399,redandblack,driving_B_2020.02.13_13.03.24.csv,1286,-77.1648,-77.16,-77.16,0.3360,2.914433
1400,soldier,static_B_2020.02.27_18.39.27.csv,1021,36.1946,36.19,36.19,0.3355,3.328201
1401,longdress,static_B_2020.02.27_18.39.27.csv,3181,-163.8524,-163.85,-163.85,0.3351,3.390885
1402,loot,driving_B_2019.12.17_07.32.39.csv,1419,47.3756,47.38,47.38,0.3346,2.799477
1403,redandblack,driving_B_2020.02.14_09.38.22.csv,959,68.7851,68.79,68.79,0.3341,3.054845
1404,soldier,driving_B_2020.02.13_15.02.01.csv,269,31.4370,31.44,31.44,0.3336,3.127667
1405,longdress,driving_B_2020.02.14_09.38.22.csv,1439,3.1872,3.19,3.19,0.3332,2.885516
1406,loot,static_B_2020.02.27_18.39.27.csv,781,67.7700,67.77,67.77,0.3327,3.251107
1407,redandblack,driving_B_2020.02.13_15.02.01.csv,29,71.0623,71.06,71.06,0.3322,3.470893
1408,soldier,driving_B_2019.12.17_07.32.39.csv,219,-14.8543,-14.85,-14.85,0.3317,3.595509
1409,longdress,driving_B_2020.01.16_09.56.56.csv,302,5.4967,5.50,5.50,0.3313,2.902850
1410,loot,driving_B_2020.02.13_15.02.01.csv,449,39.3227,39.32,39.32,0.3308,3.144494
1411,redandblack,driving_B_2019.12.16_12.27.05.csv,458,-23.1728,-23.17,-23.17,0.3303,3.218747
1412,soldier,driving_B_2019.12.17_07.32.39.csv,2079,44.3279,44.33,44.33,0.3298,3.344621
1413,longdress,driving_B_2019.12.16_12.27.05.csv,1152,32.0275,32.03,32.03,0.3294,3.150090
1414,loot,static_B_2020.02.14_13.21.26.csv,649,57.7447,57.74,57.74,0.3289,3.374630
1415,redandblack,static_B_2020.02.27_18.39.27.csv,5641,66.5763,66.58,66.58,0.3284,3.560036
1416,soldier,driving_B_2020.02.13_15.02.01.csv,1829,67.2264,67.23,67.23,0.3279,3.354324
1417,longdress,static_B_2020.02.27_18.39.27.csv,3541,59.2774,59.28,59.28,0.3275,3.484440
1418,loot,driving_B_2019.12.17_07.32.39.csv,1299,49.8898,49.89,49.89,0.3270,3.036894
1419,redandblack,driving_B_2020.01.16_09.56.56.csv,902,6.6765,6.68,6.68,0.3265,3.415393
1420,soldier,static_B_2020.02.27_18.39.27.csv,1201,7.4286,7.43,7.43,0.3260,3.115850
1421,longdress,driving_B_2020.02.14_12.58.17.csv,494,-165.7302,-165.73,-165.73,0.3256,3.375413
1422,loot,driving_B_2020.02.27_17.30.15.csv,87,-118.6231,-118.62,-118.62,0.3251,3.152090
1423,redandblack,driving_B_2020.02.13_13.03.24.csv,1646,-70.5930,-70.59,-70.59,0.3246,3.205159
1424,soldier,driving_B_2019.12.17_07.32.39.csv,1539,13.7423,13.74,13.74,0.3241,3.109034
1425,longdress,driving_B_2020.01.16_07.26.43.csv,1214,-10.2643,-10.26,-10.26,0.3237,3.613452
1426,loot,driving_B_2020.02.14_12.58.17.csv,134,35.7507,35.75,35.75,0.3232,3.281371
1427,redandblack,driving_B_2020.01.16_09.56.56.csv,662,6.9987,7.00,7.00,0.3227,3.514636
1428,soldier,driving_B_2020.02.14_09.38.22.csv,479,-52.5001,-52.50,-52.50,0.3222,3.211317
1429,longdress,driving_B_2020.02.13_15.02.01.csv,2609,69.7399,69.74,69.74,0.3218,3.612227
1430,loot,static_B_2020.02.27_18.39.27.csv,841,62.3188,62.32,62.32,0.3213,2.916856
1431,redandblack,driving_B_2020.02.14_09.38.22.csv,59,3.2272,3.23,3.23,0.3208,2.968828
1432,soldier,static_B_2020.02.14_13.21.26.csv,109,62.1471,62.15,62.15,0.3203,3.261069
1433,longdress,static_B_2019.12.16_13.40.04.csv,538,55.8031,55.80,55.80,0.3199,3.294369
1434,loot,static_B_2020.02.27_18.39.27.csv,421,74.4289,74.43,74.43,0.3194,3.368542
1435,redandblack,static_B_2020.02.14_13.21.26.csv,529,75.0771,75.08,75.08,0.3189,3.406247
1436,soldier,driving_B_2020.01.16_09.56.56.csv,122,-32.3940,-32.39,-32.39,0.3185,3.315965
1437,longdress,driving_B_2020.02.14_09.38.22.csv,1319,62.8987,62.90,62.90,0.3180,3.634347
1438,loot,driving_B_2019.12.17_07.32.39.csv,999,-49.9824,-49.98,-49.98,0.3175,3.377423
1439,redandblack,driving_B_2020.02.14_09.38.22.csv,899,44.8007,44.80,44.80,0.3170,3.303326
1440,soldier,driving_B_2020.02.13_13.03.24.csv,146,-16.2147,-16.21,-16.21,0.3166,3.261645
1441,longdress,static_B_2019.12.16_13.40.04.csv,1858,35.8171,35.82,35.82,0.3161,3.371075
1442,loot,driving_B_2019.12.17_07.32.39.csv,1059,55.8239,55.82,55.82,0.3156,3.392720
1443,redandblack,driving_B_2019.12.16_12.27.05.csv,578,-2.3530,-2.35,-2.35,0.3151,3.242915
1444,soldier,driving_B_2019.12.17_07.32.39.csv,1719,-31.5316,-31.53,-31.53,0.3147,3.050208
1445,longdress,static_B_2019.12.16_13.40.04.csv,1904,-67.6518,-67.65,-67.65,0.3142,3.306749
1446,loot,driving_B_2020.02.14_12.58.17.csv,194,-201.5814,-201.58,-201.58,0.3137,3.241557
1447,redandblack,static_B_2020.02.27_18.39.27.csv,5742,56.4437,56.44,56.44,0.3132,3.075777
1448,soldier,static_B_2020.02.27_18.39.27.csv,961,50.1824,50.18,50.18,0.3128,3.252726
1449,longdress,driving_B_2020.02.13_15.02.01.csv,629,-14.9289,-14.93,-14.93,0.3123,3.093259
1450,loot,driving_B_2020.02.14_12.58.17.csv,14,31.8296,31.83,31.83,0.3118,2.932325
1451,redandblack,driving_B_2020.02.13_13.03.24.csv,2186,-235.9689,-235.97,-235.97,0.3113,2.927780
1452,soldier,driving_B_2020.02.13_13.03.24.csv,1706,37.0352,37.04,37.04,0.3109,3.373368
1453,longdress,driving_B_2020.02.14_12.58.17.csv,614,9.5554,9.56,9.56,0.3104,3.415922
1454,loot,static_B_2020.02.27_18.39.27.csv,1141,14.1475,14.15,14.15,0.3099,3.423677
1455,redandblack,static_B_2020.02.14_13.21.26.csv,229,67.8504,67.85,67.85,0.3094,3.518798
1456,soldier,driving_B_2020.02.13_15.02.01.csv,1529,-85.0032,-85.00,-85.00,0.3090,3.435178
1457,longdress,static_B_2020.02.27_18.39.27.csv,181,72.4194,72.42,72.42,0.3085,3.664279
1458,loot,driving_B_2020.01.16_12.10.03.csv,244,71.2079,71.21,71.21,0.3080,3.284608
1459,redandblack,driving_B_2020.02.27_17.30.15.csv,267,-267.0073,-267.01,-267.01,0.3075,2.929929
1460,soldier,driving_B_2019.12.17_07.32.39.csv,939,-20.3537,-20.35,-20.35,0.3071,3.057719
1461,longdress,static_B_2019.12.16_13.40.04.csv,178,49.8137,49.81,49.81,0.3066,3.309459
1462,loot,static_B_2020.02.27_18.39.27.csv,2701,63.5607,63.56,63.56,0.3061,3.267819
1463,redandblack,driving_B_2019.12.17_07.32.39.csv,2259,73.2760,73.28,73.28,0.3056,3.574382
1464,soldier,static_B_2020.02.14_13.21.26.csv,289,66.7485,66.75,66.75,0.3052,3.025034
1465,longdress,driving_B_2020.02.14_09.38.22.csv,839,31.8206,31.82,31.82,0.3047,2.913685
1466,loot,driving_B_2019.12.17_07.32.39.csv,1959,29.6604,29.66,29.66,0.3042,3.173719
1467,redandblack,driving_B_2020.02.13_15.02.01.csv,809,-7.4872,-7.49,-7.49,0.3037,3.369515
1468,soldier,driving_B_2020.02.13_15.02.01.csv,1769,73.7268,73.73,73.73,0.3033,3.435894
1469,longdress,driving_B_2020.02.13_15.02.01.csv,689,28.2875,28.29,28.29,0.3028,3.542855
1470,loot,driving_B_2019.12.16_12.27.05.csv,1152,47.8811,47.88,47.88,0.3023,3.600819
1471,redandblack,static_B_2020.02.27_18.39.27.csv,541,25.6183,25.62,25.62,0.3018,3.407734
1472,soldier,driving_B_2020.01.16_09.56.56.csv,962,-20.1383,-20.14,-20.14,0.3014,3.178615
1473,longdress,driving_B_2019.12.16_12.27.05.csv,518,-193.9735,-193.97,-193.97,0.3009,3.416687
1474,loot,driving_B_2020.02.13_15.02.01.csv,749,39.9100,39.91,39.91,0.3004,2.969378
1475,redandblack,driving_B_2020.01.16_12.10.03.csv,244,72.8090,72.81,72.81,0.2999,3.247700
1476,soldier,driving_B_2019.12.16_12.27.05.csv,818,27.6024,27.60,27.60,0.2995,3.023382
1477,longdress,static_B_2020.02.27_18.39.27.csv,5341,77.1101,77.11,77.11,0.2990,3.582936
1478,loot,driving_B_2020.01.16_09.56.56.csv,62,22.8748,22.87,22.87,0.2985,3.383257
1479,redandblack,driving_B_2020.02.27_17.30.15.csv,147,-56.6185,-56.62,-56.62,0.2980,3.538656
1480,soldier,driving_B_2020.02.27_17.30.15.csv,327,-157.8798,-157.88,-157.88,0.2976,3.396895
1481,longdress,driving_B_2019.12.17_07.32.39.csv,1599,6.1901,6.19,6.19,0.2971,3.126745
1482,loot,driving_B_2020.01.16_09.56.56.csv,1262,23.0435,23.04,23.04,0.2966,3.258689
1483,redandblack,driving_B_2020.02.14_09.38.22.csv,719,50.5607,50.56,50.56,0.2961,3.039750
1484,soldier,driving_B_2020.01.16_09.56.56.csv,1442,39.2321,39.23,39.23,0.2957,3.747289
1485,longdress,driving_B_2020.02.13_13.03.24.csv,1166,-23.6083,-23.61,-23.61,0.2952,3.494291
1486,loot,driving_B_2020.02.14_12.58.17.csv,254,-235.7818,-235.78,-235.78,0.2947,3.401061
1487,redandblack,driving_B_2019.12.16_12.27.05.csv,158,9.9355,9.94,9.94,0.2942,3.233117
1488,soldier,static_B_2020.02.27_18.39.27.csv,601,24.2967,24.30,24.30,0.2938,3.251086
1489,longdress,driving_B_2020.01.16_07.26.43.csv,1770,5.4298,5.43,5.43,0.2933,3.818466
1490,loot,static_B_2019.12.16_13.40.04.csv,1318,47.9707,47.97,47.97,0.2928,3.211357
1491,redandblack,driving_B_2020.02.13_15.02.01.csv,209,55.0658,55.07,55.07,0.2923,2.957124
1492,soldier,driving_B_2020.02.13_15.02.01.csv,1469,-14.8202,-14.82,-14.82,0.2919,3.156024
1493,longdress,driving_B_2020.02.13_15.02.01.csv,1709,58.4108,58.41,58.41,0.2914,3.174219
1494,loot,static_B_2019.12.16_13.40.04.csv,838,69.3603,69.36,69.36,0.2909,3.102549
1495,redandblack,static_B_2019.12.16_13.40.04.csv,1738,65.2178,65.22,65.22,0.2904,3.437917
1496,soldier,static_B_2020.02.27_18.39.27.csv,3301,77.0899,77.09,77.09,0.2900,3.081734
1497,longdress,static_B_2020.02.27_18.39.27.csv,3661,71.8971,71.90,71.90,0.2895,3.114131
1498,loot,driving_B_2020.01.16_07.26.43.csv,314,33.4711,33.47,33.47,0.2890,3.429221
1499,redandblack,driving_B_2020.01.16_07.26.43.csv,1394,-27.2783,-27.28,-27.28,0.2885,3.253246
1500,soldier,static_B_2020.02.27_18.39.27.csv,121,43.2905,43.29,43.29,0.2881,3.228560
1501,longdress,driving_B_2019.12.17_07.32.39.csv,579,6.3183,6.32,6.32,0.2876,3.497411
1502,loot,static_B_2020.02.27_18.39.27.csv,2581,40.2384,40.24,40.24,0.2871,3.602511
1503,redandblack,static_B_2020.02.14_13.21.26.csv,850,51.0270,51.03,51.03,0.2867,3.670894
1504,soldier,driving_B_2020.02.13_13.03.24.csv,566,-27.6978,-27.70,-27.70,0.2862,3.631131
1505,longdress,static_B_2020.02.27_18.39.27.csv,4321,52.4815,52.48,52.48,0.2857,3.397622
1506,loot,driving_B_2020.02.13_15.02.01.csv,2249,73.9617,73.96,73.96,0.2852,3.398481
1507,redandblack,static_B_2019.12.16_13.40.04.csv,1138,-219.4540,-219.45,-219.45,0.2848,3.485859
1508,soldier,static_B_2020.02.27_18.39.27.csv,5401,62.0759,62.08,62.08,0.2843,3.420939
1509,longdress,static_B_2019.12.16_13.40.04.csv,1498,82.2143,82.21,82.21,0.2838,3.312284
1510,loot,static_B_2020.02.14_13.21.26.csv,409,65.2056,65.21,65.21,0.2833,3.173114
1511,redandblack,driving_B_2019.12.17_07.32.39.csv,1899,58.4922,58.49,58.49,0.2829,3.310864
1512,soldier,driving_B_2019.12.17_07.32.39.csv,639,22.1013,22.10,22.10,0.2824,3.623158
1513,longdress,driving_B_2019.12.17_07.32.39.csv,279,21.2906,21.29,21.29,0.2819,3.432924
1514,loot,driving_B_2019.12.16_12.27.05.csv,998,57.5204,57.52,57.52,0.2814,3.324150
1515,redandblack,static_B_2020.02.27_18.39.27.csv,3481,72.7221,72.72,72.72,0.2810,3.093857
1516,soldier,driving_B_2020.02.14_09.38.22.csv,419,-26.5459,-26.55,-26.55,0.2805,3.470904
1517,longdress,driving_B_2020.01.16_07.26.43.csv,1454,-83.9200,-83.92,-83.92,0.2800,3.292201
1518,loot,static_B_2020.02.14_13.21.26.csv,349,64.4278,64.43,64.43,0.2795,3.817813
1519,redandblack,driving_B_2020.02.14_09.38.22.csv,659,52.3203,52.32,52.32,0.2791,3.099835
1520,soldier,driving_B_2020.02.14_12.58.17.csv,74,-19.9973,-20.00,-20.00,0.2786,3.331607
1521,longdress,driving_B_2020.02.14_09.38.22.csv,599,60.3450,60.34,60.34,0.2781,3.290205
1522,loot,static_B_2019.12.16_13.40.04.csv,418,13.9880,13.99,13.99,0.2776,3.467171
1523,redandblack,driving_B_2020.02.13_13.03.24.csv,1346,21.5032,21.50,21.50,0.2772,3.319489
1524,soldier,driving_B_2020.01.16_07.26.43.csv,1334,-19.4966,-19.50,-19.50,0.2767,3.188695
1525,longdress,driving_B_2020.02.14_09.38.22.csv,1019,-5.1713,-5.17,-5.17,0.2762,3.347926
1526,loot,driving_B_2020.01.16_09.56.56.csv,542,66.1493,66.15,66.15,0.2757,3.190503
1527,redandblack,static_B_2020.02.27_18.39.27.csv,901,60.9233,60.92,60.92,0.2753,3.324806
1528,soldier,driving_B_2019.12.16_12.27.05.csv,38,18.0747,18.07,18.07,0.2748,3.227782
1529,longdress,driving_B_2020.02.13_15.02.01.csv,329,70.4146,70.41,70.41,0.2743,3.752796
1530,loot,driving_B_2020.01.16_09.56.56.csv,482,70.6617,70.66,70.66,0.2738,3.523426
1531,redandblack,driving_B_2020.01.16_07.26.43.csv,1574,-108.4332,-108.43,-108.43,0.2734,3.208711
1532,soldier,driving_B_2020.01.16_07.26.43.csv,1514,8.4359,8.44,8.44,0.2729,3.468487
1533,longdress,static_B_2020.02.14_13.21.26.csv,469,75.4475,75.45,75.45,0.2724,3.409440
1534,loot,driving_B_2020.02.14_09.38.22.csv,1259,59.4421,59.44,59.44,0.2719,3.399800
1535,redandblack,driving_B_2020.02.13_15.02.01.csv,2009,61.9652,61.97,61.97,0.2715,3.426617
1536,soldier,driving_B_2020.01.16_09.56.56.csv,1142,31.2310,31.23,31.23,0.2710,3.869098
1537,longdress,static_B_2020.02.27_18.39.27.csv,4441,40.5724,40.57,40.57,0.2705,3.167707
1538,loot,driving_B_2020.02.13_15.02.01.csv,89,78.9863,78.99,78.99,0.2700,3.158650
1539,redandblack,static_B_2020.02.27_18.39.27.csv,5701,56.7011,56.70,56.70,0.2696,3.394186
1540,soldier,driving_B_2020.01.16_09.56.56.csv,1562,56.9874,56.99,56.99,0.2691,3.151791
1541,longdress,driving_B_2020.02.14_12.58.17.csv,800,-9.4593,-9.46,-9.46,0.2686,3.168468
1542,loot,static_B_2019.12.16_13.40.04.csv,1798,59.5486,59.55,59.55,0.2681,3.442532
1543,redandblack,driving_B_2020.02.14_09.38.22.csv,359,-2.8541,-2.85,-2.85,0.2677,3.328004
1544,soldier,static_B_2020.02.27_18.39.27.csv,4861,60.4043,60.40,60.40,0.2672,3.727960
1545,longdress,driving_B_2020.02.14_12.58.17.csv,374,-287.4678,-287.47,-287.47,0.2667,3.255805
1546,loot,static_B_2020.02.27_18.39.27.csv,5221,11.4541,11.45,11.45,0.2662,3.569054
1547,redandblack,static_B_2020.02.27_18.39.27.csv,4981,52.4512,52.45,52.45,0.2658,3.203561
1548,soldier,driving_B_2020.01.16_09.56.56.csv,2,30.3861,30.39,30.39,0.2653,3.382192
1549,longdress,static_B_2019.12.16_13.40.04.csv,1018,12.6216,12.62,12.62,0.2648,3.516658
1550,loot,driving_B_2019.12.17_07.32.39.csv,519,11.6625,11.66,11.66,0.2643,3.327396
1551,redandblack,driving_B_2020.02.13_15.02.01.csv,1409,4.7892,4.79,4.79,0.2639,3.399836
1552,soldier,driving_B_2020.01.16_07.26.43.csv,1154,7.5782,7.58,7.58,0.2634,3.109074
1553,longdress,static_B_2019.12.16_13.40.04.csv,1558,49.0704,49.07,49.07,0.2629,3.193112
1554,loot,static_B_2019.12.16_13.40.04.csv,118,78.3502,78.35,78.35,0.2624,3.156387
1555,redandblack,driving_B_2020.01.16_09.56.56.csv,722,72.3073,72.31,72.31,0.2620,3.471773
1556,soldier,static_B_2020.02.27_18.39.27.csv,5161,60.7004,60.70,60.70,0.2615,3.103467
1557,longdress,driving_B_2020.02.13_15.02.01.csv,1889,10.4740,10.47,10.47,0.2610,3.243304
1558,loot,static_B_2020.02.27_18.39.27.csv,2281,64.6086,64.61,64.61,0.2605,3.501643
1559,redandblack,driving_B_2019.12.17_07.32.39.csv,1779,33.2562,33.26,33.26,0.2601,3.409018
1560,soldier,driving_B_2019.12.16_12.27.05.csv,638,-53.5504,-53.55,-53.55,0.2596,3.172263
1561,longdress,driving_B_2020.01.16_09.56.56.csv,782,49.7035,49.70,49.70,0.2591,3.534360
1562,loot,driving_B_2020.01.16_07.26.43.csv,494,3.7882,3.79,3.79,0.2586,3.250143
1563,redandblack,driving_B_2020.02.13_15.02.01.csv,1289,-13.1133,-13.11,-13.11,0.2582,3.440988
1564,soldier,driving_B_2020.01.16_07.26.43.csv,974,-31.6741,-31.67,-31.67,0.2577,3.514437
1565,longdress,driving_B_2020.02.14_09.38.22.csv,1478,22.1557,22.16,22.16,0.2572,3.441854
1566,loot,static_B_2020.02.27_18.39.27.csv,1861,29.9154,29.92,29.92,0.2567,3.351600
1567,redandblack,static_B_2020.02.27_18.39.27.csv,3001,62.4478,62.45,62.45,0.2563,3.366043
1568,soldier,driving_B_2020.02.14_09.38.22.csv,1478,-28.1510,-28.15,-28.15,0.2558,3.437941
1569,longdress,driving_B_2020.02.13_13.03.24.csv,626,-12.2198,-12.22,-12.22,0.2553,3.742482
1570,loot,static_B_2019.12.16_13.40.04.csv,298,41.5846,41.58,41.58,0.2549,3.505578
1571,redandblack,driving_B_2020.02.13_13.03.24.csv,926,15.6732,15.67,15.67,0.2544,3.396621
1572,soldier,static_B_2020.02.27_18.39.27.csv,3961,74.4483,74.45,74.45,0.2539,3.497399
1573,longdress,driving_B_2019.12.16_12.27.05.csv,278,-17.4557,-17.46,-17.46,0.2534,3.339599
1574,loot,driving_B_2020.02.13_13.03.24.csv,266,7.5646,7.56,7.56,0.2530,3.320868
1575,redandblack,driving_B_2020.02.13_15.02.01.csv,869,50.0744,50.07,50.07,0.2525,3.161795
1576,soldier,driving_B_2019.12.17_07.32.39.csv,1659,15.2521,15.25,15.25,0.2520,3.140560
1577,longdress,static_B_2020.02.27_18.39.27.csv,2161,55.7936,55.79,55.79,0.2515,3.588252
1578,loot,static_B_2020.02.27_18.39.27.csv,4501,49.5307,49.53,49.53,0.2511,2.985594
1579,redandblack,driving_B_2020.02.14_09.38.22.csv,1199,4.6346,4.63,4.63,0.2506,4.001639
1580,soldier,driving_B_2020.02.13_13.03.24.csv,2188,-218.2612,-218.26,-218.26,0.2501,3.176821
1581,longdress,driving_B_2020.01.16_12.10.03.csv,169,74.0784,74.08,74.08,0.2496,3.183303
1582,loot,static_B_2020.02.27_18.39.27.csv,2461,72.7533,72.75,72.75,0.2492,3.625616
1583,redandblack,static_B_2019.12.16_13.40.04.csv,238,48.8287,48.83,48.83,0.2487,3.376764
1584,soldier,static_B_2020.02.27_18.39.27.csv,4081,70.4091,70.41,70.41,0.2482,3.647228
1585,longdress,driving_B_2019.12.17_07.32.39.csv,699,1.2508,1.25,1.25,0.2477,3.490135
1586,loot,driving_B_2020.02.27_17.30.15.csv,720,-0.7106,-0.71,-0.71,0.2473,3.623103
1587,redandblack,driving_B_2020.02.13_13.03.24.csv,686,18.3087,18.31,18.31,0.2468,3.521443
1588,soldier,driving_B_2020.02.13_15.02.01.csv,2069,-18.1352,-18.14,-18.14,0.2463,3.533185
1589,longdress,driving_B_2020.01.16_07.26.43.csv,1694,-7.4601,-7.46,-7.46,0.2458,3.639702
1590,loot,driving_B_2020.01.16_07.26.43.csv,794,45.6307,45.63,45.63,0.2454,3.550357
1591,redandblack,driving_B_2019.12.17_07.32.39.csv,339,34.4037,34.40,34.40,0.2449,3.549646
1592,soldier,driving_B_2020.02.13_15.02.01.csv,1169,46.9255,46.93,46.93,0.2444,3.068985
1593,longdress,static_B_2020.02.27_18.39.27.csv,1501,50.8509,50.85,50.85,0.2439,3.349670
1594,loot,static_B_2020.02.27_18.39.27.csv,2821,80.7946,80.79,80.79,0.2435,3.569228
1595,redandblack,driving_B_2020.01.16_09.56.56.csv,1570,32.7459,32.75,32.75,0.2430,3.466823
1596,soldier,driving_B_2020.01.16_07.26.43.csv,434,13.3738,13.37,13.37,0.2425,2.987842
1597,longdress,static_B_2019.12.16_13.40.04.csv,898,54.0362,54.04,54.04,0.2420,3.393623
1598,loot,static_B_2019.12.16_13.40.04.csv,1678,56.0501,56.05,56.05,0.2416,3.303857
1599,redandblack,static_B_2019.12.16_13.40.04.csv,1438,70.0869,70.09,70.09,0.2411,3.486648
1600,soldier,driving_B_2020.01.16_09.56.56.csv,1502,48.1535,48.15,48.15,0.2406,3.555192
1601,longdress,static_B_2020.02.27_18.39.27.csv,1921,72.1553,72.16,72.16,0.2401,3.707808
1602,loot,static_B_2020.02.14_13.21.26.csv,709,70.4466,70.45,70.45,0.2397,3.253220
1603,redandblack,driving_B_2020.02.13_15.02.01.csv,1589,-296.2896,-296.29,-296.29,0.2392,3.197330
1604,soldier,driving_B_2020.01.16_07.26.43.csv,1754,16.3522,16.35,16.35,0.2387,3.104806
1605,longdress,driving_B_2020.02.13_13.03.24.csv,326,8.7849,8.78,8.78,0.2382,3.351489
1606,loot,static_B_2020.02.27_18.39.27.csv,1981,66.5653,66.57,66.57,0.2378,3.627494
1607,redandblack,static_B_2020.02.27_18.39.27.csv,2521,50.1196,50.12,50.12,0.2373,3.192356
1608,soldier,static_B_2019.12.16_13.40.04.csv,1198,10.6079,10.61,10.61,0.2368,3.711678
1609,longdress,static_B_2020.02.27_18.39.27.csv,2401,17.7002,17.70,17.70,0.2363,3.399340
1610,loot,driving_B_2020.01.16_09.56.56.csv,1022,59.2567,59.26,59.26,0.2359,3.445378
1611,redandblack,static_B_2020.02.27_18.39.27.csv,3901,71.1612,71.16,71.16,0.2354,3.282608
1612,soldier,driving_B_2020.01.16_07.26.43.csv,1034,23.4362,23.44,23.44,0.2349,3.283854
1613,longdress,driving_B_2020.02.13_13.03.24.csv,446,-9.6421,-9.64,-9.64,0.2344,3.530017
1614,loot,driving_B_2020.02.13_15.02.01.csv,1949,66.8285,66.83,66.83,0.2340,3.561640
1615,redandblack,driving_B_2020.02.27_17.30.15.csv,387,-2.8346,-2.83,-2.83,0.2335,3.260307
1616,soldier,driving_B_2020.02.13_15.02.01.csv,1229,1.4662,1.47,1.47,0.2330,3.496414
1617,longdress,static_B_2020.02.27_18.39.27.csv,4681,-189.0014,-189.00,-189.00,0.2325,3.554710
1618,loot,driving_B_2019.12.17_07.32.39.csv,2019,57.1715,57.17,57.17,0.2321,3.430257
1619,redandblack,static_B_2019.12.16_13.40.04.csv,658,66.9780,66.98,66.98,0.2316,3.302290
1620,soldier,driving_B_2020.02.13_15.02.01.csv,509,7.2451,7.25,7.25,0.2311,3.502607
1621,longdress,driving_B_2020.02.27_17.30.15.csv,720,-13.9608,-13.96,-13.96,0.2306,3.243897
1622,loot,static_B_2020.02.27_18.39.27.csv,2221,76.4416,76.44,76.44,0.2302,3.518174
1623,redandblack,static_B_2020.02.27_18.39.27.csv,5041,44.8581,44.86,44.86,0.2297,3.063090
1624,soldier,driving_B_2020.02.13_15.02.01.csv,1049,72.1328,72.13,72.13,0.2292,3.219277
1625,longdress,driving_B_2020.02.14_09.38.22.csv,119,-48.2783,-48.28,-48.28,0.2287,3.318047
1626,loot,driving_B_2020.01.16_07.26.43.csv,614,-0.1168,-0.12,-0.12,0.2283,3.527687
1627,redandblack,driving_B_2020.02.13_15.02.01.csv,2429,-48.6522,-48.65,-48.65,0.2278,3.220422
1628,soldier,static_B_2019.12.16_13.40.04.csv,598,37.7107,37.71,37.71,0.2273,3.471627
1629,longdress,driving_B_2020.02.13_15.02.01.csv,2369,-205.9695,-205.97,-205.97,0.2268,3.752087
1630,loot,driving_B_2020.02.27_17.30.15.csv,27,-28.5073,-28.51,-28.51,0.2264,3.459387
1631,redandblack,driving_B_2020.02.14_09.38.22.csv,779,-5.3832,-5.38,-5.38,0.2259,3.625879
1632,soldier,static_B_2019.12.16_13.40.04.csv,1904,42.7661,42.77,42.77,0.2254,3.375515
1633,longdress,static_B_2020.02.27_18.39.27.csv,5581,58.1541,58.15,58.15,0.2249,3.328894
1634,loot,static_B_2020.02.27_18.39.27.csv,3841,43.2502,43.25,43.25,0.2245,3.451754
1635,redandblack,driving_B_2020.01.16_09.56.56.csv,1082,29.1912,29.19,29.19,0.2240,3.512865
1636,soldier,driving_B_2019.12.17_07.32.39.csv,399,27.9208,27.92,27.92,0.2235,3.058888
1637,longdress,static_B_2020.02.27_18.39.27.csv,1561,49.1236,49.12,49.12,0.2231,3.586547
1638,loot,driving_B_2020.01.16_09.56.56.csv,1202,59.6870,59.69,59.69,0.2226,3.400124
1639,redandblack,static_B_2020.02.27_18.39.27.csv,1,70.1530,70.15,70.15,0.2221,3.398484
1640,soldier,driving_B_2020.02.13_15.02.01.csv,1649,-83.5761,-83.58,-83.58,0.2216,3.205779
1641,longdress,driving_B_2020.02.27_17.30.15.csv,207,-129.0311,-129.03,-129.03,0.2212,3.440725
1642,loot,static_B_2020.02.27_18.39.27.csv,61,67.1136,67.11,67.11,0.2207,3.509321
1643,redandblack,static_B_2020.02.27_18.39.27.csv,3721,59.3183,59.32,59.32,0.2202,3.201662
1644,soldier,static_B_2020.02.27_18.39.27.csv,2101,47.8980,47.90,47.90,0.2197,3.496816
1645,longdress,static_B_2020.02.27_18.39.27.csv,2641,50.6194,50.62,50.62,0.2193,3.484077
1646,loot,driving_B_2020.02.27_17.30.15.csv,627,-72.1092,-72.11,-72.11,0.2188,3.757634
1647,redandblack,static_B_2020.02.27_18.39.27.csv,1261,81.8012,81.80,81.80,0.2183,3.253109
1648,soldier,static_B_2020.02.27_18.39.27.csv,2341,1.5598,1.56,1.56,0.2178,3.351018
1649,longdress,static_B_2020.02.14_13.21.26.csv,589,76.5165,76.52,76.52,0.2174,3.465348
1650,loot,driving_B_2020.02.13_13.03.24.csv,1766,59.7867,59.79,59.79,0.2169,3.630923
1651,redandblack,driving_B_2020.02.13_13.03.24.csv,2006,-0.9869,-0.99,-0.99,0.2164,3.658889
1652,soldier,driving_B_2020.02.14_12.58.17.csv,314,-236.9600,-236.96,-236.96,0.2159,3.449051
1653,longdress,driving_B_2020.02.13_13.03.24.csv,1466,-4.0039,-4.00,-4.00,0.2155,3.379618
1654,loot,static_B_2019.12.16_13.40.04.csv,778,76.7975,76.80,76.80,0.2150,3.323021
1655,redandblack,driving_B_2019.12.16_12.27.05.csv,398,-103.3881,-103.39,-103.39,0.2145,3.476581
1656,soldier,driving_B_2020.02.27_17.30.15.csv,687,-9.9912,-9.99,-9.99,0.2140,3.565844
1657,longdress,driving_B_2020.02.14_12.58.17.csv,734,-26.3111,-26.31,-26.31,0.2136,3.350905
1658,loot,driving_B_2020.01.16_12.10.03.csv,109,73.3468,73.35,73.35,0.2131,3.537295
1659,redandblack,driving_B_2019.12.16_12.27.05.csv,98,22.3666,22.37,22.37,0.2126,3.694126
1660,soldier,static_B_2020.02.27_18.39.27.csv,3061,40.3334,40.33,40.33,0.2121,3.413204
1661,longdress,driving_B_2020.01.16_09.56.56.csv,182,7.5989,7.60,7.60,0.2117,3.399980
1662,loot,driving_B_2020.02.13_15.02.01.csv,2129,75.0142,75.01,75.01,0.2112,3.598988
1663,redandblack,driving_B_2020.01.16_09.56.56.csv,362,14.1378,14.14,14.14,0.2107,3.777170
1664,soldier,driving_B_2020.02.14_12.58.17.csv,674,-19.1226,-19.12,-19.12,0.2102,3.465539
1665,longdress,driving_B_2019.12.17_07.32.39.csv,759,16.9854,16.99,16.99,0.2098,3.343910
1666,loot,driving_B_2020.02.27_17.30.15.csv,447,-325.8914,-325.89,-325.89,0.2093,3.417691
1667,redandblack,static_B_2020.02.14_13.21.26.csv,829,78.1445,78.14,78.14,0.2088,3.661374
1668,soldier,driving_B_2020.02.14_09.38.22.csv,239,-46.4703,-46.47,-46.47,0.2083,3.667758
1669,longdress,driving_B_2020.01.16_09.56.56.csv,626,36.7156,36.72,36.72,0.2079,3.630139
1670,loot,static_B_2020.02.27_18.39.27.csv,3279,72.2393,72.24,72.24,0.2074,3.705712
1671,redandblack,static_B_2020.02.27_18.39.27.csv,2859,65.7228,65.72,65.72,0.2069,3.572124
1672,soldier,static_B_2020.02.27_18.39.27.csv,2559,51.3863,51.39,51.39,0.2064,3.689336
1673,longdress,static_B_2020.02.27_18.39.27.csv,2199,56.7525,56.75,56.75,0.2060,3.427917
1674,loot,driving_B_2020.02.13_15.02.01.csv,1094,43.3660,43.37,43.37,0.2055,3.642859
1675,redandblack,static_B_2019.12.16_13.40.04.csv,1364,58.5396,58.54,58.54,0.2050,3.594395
1676,soldier,driving_B_2019.12.16_12.27.05.csv,80,-18.4642,-18.46,-18.46,0.2045,3.609282
1677,longdress,static_B_2020.02.27_18.39.27.csv,2919,35.9845,35.98,35.98,0.2041,3.730176
1678,loot,static_B_2020.02.27_18.39.27.csv,3819,56.1781,56.18,56.18,0.2036,3.922615
1679,redandblack,static_B_2019.12.16_13.40.04.csv,104,83.3387,83.34,83.34,0.2031,3.443199
1680,soldier,driving_B_2019.12.17_07.32.39.csv,1937,79.2728,79.27,79.27,0.2026,3.478171
1681,longdress,driving_B_2020.02.13_15.02.01.csv,2534,-23.7514,-23.75,-23.75,0.2022,3.303920
1682,loot,driving_B_2019.12.17_07.32.39.csv,77,26.3997,26.40,26.40,0.2017,3.455560
1683,redandblack,static_B_2020.02.27_18.39.27.csv,3699,61.1310,61.13,61.13,0.2012,3.653725
1684,soldier,driving_B_2020.02.13_13.03.24.csv,67,-27.1813,-27.18,-27.18,0.2007,3.286341
1685,longdress,static_B_2020.02.14_13.21.26.csv,706,72.7332,72.73,72.73,0.2003,3.736412
1686,loot,driving_B_2020.02.13_13.03.24.csv,2047,3.4650,3.47,3.47,0.1998,3.746866
1687,redandblack,driving_B_2020.02.13_13.03.24.csv,1687,71.6145,71.61,71.61,0.1993,3.370028
1688,soldier,driving_B_2020.02.13_15.02.01.csv,1214,54.5993,54.60,54.60,0.1988,3.425833
1689,longdress,static_B_2020.02.14_13.21.26.csv,586,66.3207,66.32,66.32,0.1984,3.372735
1690,loot,static_B_2020.02.27_18.39.27.csv,339,70.0675,70.07,70.07,0.1979,3.729496
1691,redandblack,driving_B_2019.12.17_07.32.39.csv,1217,31.5015,31.50,31.50,0.1974,3.377687
1692,soldier,driving_B_2020.02.14_09.38.22.csv,1353,70.3232,70.32,70.32,0.1969,3.174838
1693,longdress,static_B_2020.02.27_18.39.27.csv,5619,81.3406,81.34,81.34,0.1965,3.736655
1694,loot,driving_B_2020.01.16_09.56.56.csv,446,41.9959,42.00,42.00,0.1960,3.498012
1695,redandblack,driving_B_2019.12.16_12.27.05.csv,1152,42.0154,42.02,42.02,0.1955,3.501674
1696,soldier,static_B_2019.12.16_13.40.04.csv,1064,46.9672,46.97,46.97,0.1950,3.761576
1697,longdress,static_B_2020.02.27_18.39.27.csv,2499,62.6563,62.66,62.66,0.1946,3.432909
1698,loot,driving_B_2020.02.27_17.30.15.csv,671,-24.5625,-24.56,-24.56,0.1941,3.022366
1699,redandblack,static_B_2020.02.27_18.39.27.csv,3519,64.2141,64.21,64.21,0.1936,3.698470
1700,soldier,driving_B_2019.12.17_07.32.39.csv,317,13.0766,13.08,13.08,0.1931,3.918036
1701,longdress,static_B_2020.02.27_18.39.27.csv,1539,60.5013,60.50,60.50,0.1927,3.533820
1702,loot,driving_B_2020.02.14_09.38.22.csv,1173,1.0138,1.01,1.01,0.1922,3.535005
1703,redandblack,driving_B_2020.02.14_09.38.22.csv,573,76.2808,76.28,76.28,0.1917,3.770034
1704,soldier,static_B_2020.02.27_18.39.27.csv,4839,80.7758,80.78,80.78,0.1913,3.508374
1705,longdress,driving_B_2019.12.16_12.27.05.csv,320,-50.9020,-50.90,-50.90,0.1908,3.676468
1706,loot,driving_B_2019.12.17_07.32.39.csv,17,27.8102,27.81,27.81,0.1903,3.353267
1707,redandblack,static_B_2020.02.27_18.39.27.csv,5439,36.0235,36.02,36.02,0.1898,3.636576
1708,soldier,driving_B_2019.12.17_07.32.39.csv,1097,1.4877,1.49,1.49,0.1894,3.577121
1709,longdress,driving_B_2019.12.17_07.32.39.csv,1637,23.4036,23.40,23.40,0.1889,3.751539
1710,loot,driving_B_2020.02.13_15.02.01.csv,554,28.6527,28.65,28.65,0.1884,3.826499
1711,redandblack,static_B_2020.02.27_18.39.27.csv,3219,45.3483,45.35,45.35,0.1879,3.456051
1712,soldier,static_B_2020.02.14_13.21.26.csv,46,63.9846,63.98,63.98,0.1875,3.417774
1713,longdress,driving_B_2020.02.14_12.58.17.csv,358,-118.6811,-118.68,-118.68,0.1870,3.639413
1714,loot,static_B_2020.02.27_18.39.27.csv,4419,66.9842,66.98,66.98,0.1865,3.463257
1715,redandblack,driving_B_2019.12.17_07.32.39.csv,557,20.1338,20.13,20.13,0.1860,3.726476
1716,soldier,static_B_2020.02.27_18.39.27.csv,2259,54.9448,54.94,54.94,0.1856,3.734867
1717,longdress,driving_B_2020.02.14_12.58.17.csv,658,5.7174,5.72,5.72,0.1851,3.596917
1718,loot,driving_B_2020.01.16_12.10.03.csv,67,68.4954,68.50,68.50,0.1846,3.556797
1719,redandblack,driving_B_2020.01.16_07.26.43.csv,368,-6.6041,-6.60,-6.60,0.1841,3.466106
1720,soldier,driving_B_2019.12.17_07.32.39.csv,1277,11.7397,11.74,11.74,0.1837,3.451764
1721,longdress,driving_B_2020.02.14_09.38.22.csv,1478,5.5273,5.53,5.53,0.1832,3.434366
1722,loot,driving_B_2020.01.16_09.56.56.csv,1226,3.5021,3.50,3.50,0.1827,3.246247
1723,redandblack,static_B_2020.02.27_18.39.27.csv,3039,46.7021,46.70,46.70,0.1822,3.637185
1724,soldier,driving_B_2020.02.14_09.38.22.csv,1478,7.5919,7.59,7.59,0.1818,3.519987
1725,longdress,driving_B_2019.12.16_12.27.05.csv,800,18.1009,18.10,18.10,0.1813,3.367507
1726,loot,static_B_2020.02.27_18.39.27.csv,639,80.3271,80.33,80.33,0.1808,3.534966
1727,redandblack,driving_B_2020.02.14_12.58.17.csv,178,-195.6061,-195.61,-195.61,0.1803,3.547771
1728,soldier,static_B_2020.02.27_18.39.27.csv,4659,-3.8861,-3.89,-3.89,0.1799,3.578773
1729,longdress,static_B_2020.02.27_18.39.27.csv,3639,24.8068,24.81,24.81,0.1794,3.211152
1730,loot,driving_B_2020.02.27_17.30.15.csv,431,-163.8276,-163.83,-163.83,0.1789,3.495407
1731,redandblack,static_B_2019.12.16_13.40.04.csv,404,60.0715,60.07,60.07,0.1784,3.516286
1732,soldier,driving_B_2020.02.14_09.38.22.csv,213,-103.8696,-103.87,-103.87,0.1780,3.886781
1733,longdress,driving_B_2020.01.16_07.26.43.csv,908,-16.6381,-16.64,-16.64,0.1775,3.293785
1734,loot,driving_B_2020.01.16_12.10.03.csv,127,73.5541,73.55,73.55,0.1770,3.665142
1735,redandblack,driving_B_2020.02.27_17.30.15.csv,131,-107.2292,-107.23,-107.23,0.1765,3.713601
1736,soldier,driving_B_2020.02.14_12.58.17.csv,238,-60.3106,-60.31,-60.31,0.1761,3.647702
1737,longdress,static_B_2020.02.27_18.39.27.csv,1359,37.7770,37.78,37.78,0.1756,3.622458
1738,loot,driving_B_2020.02.13_13.03.24.csv,1087,-3.0725,-3.07,-3.07,0.1751,3.439735
1739,redandblack,driving_B_2020.01.16_07.26.43.csv,788,29.3252,29.33,29.33,0.1746,4.201330
1740,soldier,static_B_2020.02.27_18.39.27.csv,3759,67.7421,67.74,67.74,0.1742,3.561641
1741,longdress,static_B_2020.02.14_13.21.26.csv,850,27.6554,27.66,27.66,0.1737,3.705032
1742,loot,driving_B_2020.02.13_13.03.24.csv,967,6.6671,6.67,6.67,0.1732,3.867208
1743,redandblack,driving_B_2020.01.16_12.10.03.csv,7,73.0438,73.04,73.04,0.1727,3.372298
1744,soldier,static_B_2019.12.16_13.40.04.csv,44,41.4955,41.50,41.50,0.1723,3.608607
1745,longdress,static_B_2020.02.27_18.39.27.csv,4119,67.8471,67.85,67.85,0.1718,3.254999
1746,loot,driving_B_2020.02.14_12.58.17.csv,598,15.5719,15.57,15.57,0.1713,3.420240
1747,redandblack,driving_B_2020.01.16_07.26.43.csv,488,5.5940,5.59,5.59,0.1708,3.589799
1748,soldier,driving_B_2020.02.13_15.02.01.csv,1994,38.3168,38.32,38.32,0.1704,3.408887
1749,longdress,driving_B_2020.02.13_15.02.01.csv,2414,-44.6378,-44.64,-44.64,0.1699,3.408929
1750,loot,driving_B_2020.01.16_09.56.56.csv,1406,60.7566,60.76,60.76,0.1694,3.459771
1751,redandblack,driving_B_2020.02.14_09.38.22.csv,393,-7.3690,-7.37,-7.37,0.1689,3.372068
1752,soldier,driving_B_2020.02.13_13.03.24.csv,427,10.8662,10.87,10.87,0.1685,3.708136
1753,longdress,driving_B_2020.02.13_13.03.24.csv,487,11.3387,11.34,11.34,0.1680,3.411891
1754,loot,driving_B_2020.02.14_12.58.17.csv,800,16.5399,16.54,16.54,0.1675,3.971641
1755,redandblack,driving_B_2020.02.13_13.03.24.csv,1147,10.5103,10.51,10.51,0.1670,3.275143
1756,soldier,static_B_2020.02.27_18.39.27.csv,5199,68.4169,68.42,68.42,0.1666,3.374539
1757,longdress,driving_B_2019.12.17_07.32.39.csv,1157,-12.8566,-12.86,-12.86,0.1661,3.376320
1758,loot,driving_B_2020.02.13_15.02.01.csv,1814,73.0068,73.01,73.01,0.1656,3.361672
1759,redandblack,driving_B_2019.12.17_07.32.39.csv,797,3.8467,3.85,3.85,0.1651,4.155983
1760,soldier,driving_B_2020.02.13_13.03.24.csv,1567,-48.5389,-48.54,-48.54,0.1647,3.413094
1761,longdress,driving_B_2020.02.13_15.02.01.csv,494,-21.5799,-21.58,-21.58,0.1642,4.022689
1762,loot,driving_B_2020.02.13_13.03.24.csv,1987,-91.0674,-91.07,-91.07,0.1637,3.803716
1763,redandblack,static_B_2019.12.16_13.40.04.csv,1664,64.6063,64.61,64.61,0.1632,3.600731
1764,soldier,driving_B_2020.02.13_15.02.01.csv,374,58.4308,58.43,58.43,0.1628,3.382099
1765,longdress,static_B_2020.02.27_18.39.27.csv,5259,63.7561,63.76,63.76,0.1623,3.758778
1766,loot,static_B_2020.02.27_18.39.27.csv,1119,46.3031,46.30,46.30,0.1618,3.527280
1767,redandblack,static_B_2020.02.27_18.39.27.csv,3339,65.4127,65.41,65.41,0.1613,3.578175
1768,soldier,driving_B_2019.12.17_07.32.39.csv,1517,-12.1851,-12.19,-12.19,0.1609,3.691276
1769,longdress,static_B_2019.12.16_13.40.04.csv,1904,-57.1535,-57.15,-57.15,0.1604,3.700993
1770,loot,static_B_2020.02.27_18.39.27.csv,999,74.7324,74.73,74.73,0.1599,3.155348
1771,redandblack,static_B_2020.02.27_18.39.27.csv,699,80.2180,80.22,80.22,0.1595,3.399736
1772,soldier,driving_B_2020.01.16_07.26.43.csv,1148,23.5925,23.59,23.59,0.1590,3.527642
1773,longdress,driving_B_2020.02.14_09.38.22.csv,453,39.2029,39.20,39.20,0.1585,3.433157
1774,loot,static_B_2020.02.27_18.39.27.csv,4959,76.3651,76.37,76.37,0.1580,3.681958
1775,redandblack,static_B_2020.02.14_13.21.26.csv,766,67.5413,67.54,67.54,0.1576,3.671990
1776,soldier,driving_B_2020.02.13_15.02.01.csv,2714,-13.5497,-13.55,-13.55,0.1571,3.613023
1777,longdress,driving_B_2020.02.13_15.02.01.csv,1154,23.2527,23.25,23.25,0.1566,3.725810
1778,loot,driving_B_2019.12.17_07.32.39.csv,2288,56.7424,56.74,56.74,0.1561,3.479552
1779,redandblack,static_B_2019.12.16_13.40.04.csv,1424,64.0069,64.01,64.01,0.1557,3.425405
1780,soldier,static_B_2020.02.14_13.21.26.csv,406,73.6614,73.66,73.66,0.1552,3.562791
1781,longdress,static_B_2019.12.16_13.40.04.csv,584,38.5189,38.52,38.52,0.1547,3.354734
1782,loot,driving_B_2020.02.14_12.58.17.csv,118,19.6738,19.67,19.67,0.1542,3.854759
1783,redandblack,driving_B_2020.01.16_09.56.56.csv,1570,27.0446,27.04,27.04,0.1538,3.752796
1784,soldier,static_B_2020.02.27_18.39.27.csv,3099,8.3029,8.30,8.30,0.1533,3.659318
1785,longdress,static_B_2020.02.27_18.39.27.csv,1059,46.1214,46.12,46.12,0.1528,3.497558
1786,loot,driving_B_2019.12.16_12.27.05.csv,1152,43.4359,43.44,43.44,0.1523,3.694513
1787,redandblack,driving_B_2020.02.13_15.02.01.csv,794,32.1685,32.17,32.17,0.1519,3.142651
1788,soldier,driving_B_2020.02.14_09.38.22.csv,813,-98.3781,-98.38,-98.38,0.1514,3.525152
1789,longdress,driving_B_2020.02.13_15.02.01.csv,734,3.8953,3.90,3.90,0.1509,3.803239
1790,loot,static_B_2020.02.27_18.39.27.csv,579,27.7081,27.71,27.71,0.1504,3.702347
1791,redandblack,driving_B_2020.01.16_07.26.43.csv,608,17.1584,17.16,17.16,0.1500,3.430852
1792,soldier,static_B_2020.02.27_18.39.27.csv,1959,32.5224,32.52,32.52,0.1495,3.696721
1793,longdress,static_B_2020.02.27_18.39.27.csv,5499,56.6252,56.63,56.63,0.1490,3.451714
1794,loot,driving_B_2020.01.16_07.26.43.csv,8,27.5888,27.59,27.59,0.1485,3.668569
1795,redandblack,static_B_2020.02.27_18.39.27.csv,1839,3.2688,3.27,3.27,0.1481,3.608242
1796,soldier,driving_B_2020.02.13_15.02.01.csv,134,50.4174,50.42,50.42,0.1476,3.759701
1797,longdress,driving_B_2019.12.16_12.27.05.csv,20,17.6372,17.64,17.64,0.1471,3.646127
1798,loot,driving_B_2020.01.16_09.56.56.csv,1166,10.6679,10.67,10.67,0.1466,3.812927
1799,redandblack,static_B_2020.02.27_18.39.27.csv,459,65.9923,65.99,65.99,0.1462,3.758483
1800,soldier,static_B_2020.02.27_18.39.27.csv,4059,79.6035,79.60,79.60,0.1457,3.561912
1801,longdress,driving_B_2020.01.16_09.56.56.csv,1106,15.1679,15.17,15.17,0.1452,3.449271
1802,loot,static_B_2020.02.27_18.39.27.csv,5379,81.4710,81.47,81.47,0.1447,3.715296
1803,redandblack,driving_B_2020.01.16_07.26.43.csv,668,11.1998,11.20,11.20,0.1443,3.621898
1804,soldier,static_B_2020.02.27_18.39.27.csv,99,81.5537,81.55,81.55,0.1438,3.436072
1805,longdress,driving_B_2019.12.17_07.32.39.csv,1037,25.3262,25.33,25.33,0.1433,3.531437
1806,loot,driving_B_2019.12.17_07.32.39.csv,677,26.9966,27.00,27.00,0.1428,3.441352
1807,redandblack,static_B_2020.02.14_13.21.26.csv,226,78.6900,78.69,78.69,0.1424,3.203313
1808,soldier,static_B_2020.02.27_18.39.27.csv,2799,87.6416,87.64,87.64,0.1419,3.421193
1809,longdress,driving_B_2020.02.13_15.02.01.csv,674,28.9684,28.97,28.97,0.1414,3.698754
1810,loot,static_B_2020.02.27_18.39.27.csv,5019,78.4349,78.43,78.43,0.1409,3.663711
1811,redandblack,driving_B_2020.01.16_07.26.43.csv,308,40.2846,40.28,40.28,0.1405,3.407636
1812,soldier,static_B_2020.02.27_18.39.27.csv,2679,38.6575,38.66,38.66,0.1400,3.583072
1813,longdress,driving_B_2020.02.27_17.30.15.csv,11,-13.9921,-13.99,-13.99,0.1395,3.547486
1814,loot,driving_B_2020.02.13_13.03.24.csv,2167,-9.1929,-9.19,-9.19,0.1390,3.838775
1815,redandblack,driving_B_2020.02.13_15.02.01.csv,2354,-106.4428,-106.44,-106.44,0.1386,3.615345
1816,soldier,static_B_2020.02.27_18.39.27.csv,5739,68.2141,68.21,68.21,0.1381,3.598981
1817,longdress,driving_B_2019.12.16_12.27.05.csv,440,0.6410,0.64,0.64,0.1376,3.563916
1818,loot,driving_B_2020.01.16_09.56.56.csv,266,68.1897,68.19,68.19,0.1371,3.793967
1819,redandblack,static_B_2019.12.16_13.40.04.csv,1904,-56.4861,-56.49,-56.49,0.1367,3.478697
1820,soldier,driving_B_2020.02.27_17.30.15.csv,611,-78.5937,-78.59,-78.59,0.1362,3.630684
1821,longdress,static_B_2020.02.27_18.39.27.csv,1719,44.3323,44.33,44.33,0.1357,3.633440
1822,loot,driving_B_2019.12.16_12.27.05.csv,980,90.8909,90.89,90.89,0.1352,3.662112
1823,redandblack,static_B_2019.12.16_13.40.04.csv,884,67.4268,67.43,67.43,0.1348,3.771604
1824,soldier,static_B_2020.02.27_18.39.27.csv,2619,66.2861,66.29,66.29,0.1343,3.745923
1825,longdress,driving_B_2020.02.14_12.58.17.csv,58,0.9146,0.91,0.91,0.1338,3.595095
1826,loot,static_B_2020.02.27_18.39.27.csv,4539,52.6200,52.62,52.62,0.1333,3.620727
1827,redandblack,driving_B_2020.02.13_13.03.24.csv,1207,3.5914,3.59,3.59,0.1329,3.826098
1828,soldier,driving_B_2019.12.16_12.27.05.csv,500,-95.5354,-95.54,-95.54,0.1324,3.526258
1829,longdress,driving_B_2020.02.13_15.02.01.csv,1694,-7.5457,-7.55,-7.55,0.1319,3.944458
1830,loot,driving_B_2020.01.16_09.56.56.csv,1466,82.4153,82.42,82.42,0.1314,3.795108
1831,redandblack,driving_B_2020.02.14_09.38.22.csv,1233,-8.8188,-8.82,-8.82,0.1310,3.774006
1832,soldier,driving_B_2020.02.13_13.03.24.csv,2107,-6.8476,-6.85,-6.85,0.1305,3.548063
1833,longdress,driving_B_2020.02.14_12.58.17.csv,298,-193.3223,-193.32,-193.32,0.1300,3.686075
1834,loot,driving_B_2020.02.14_12.58.17.csv,778,-31.9928,-31.99,-31.99,0.1295,3.798759
1835,redandblack,driving_B_2020.02.13_13.03.24.csv,667,7.9849,7.98,7.98,0.1291,3.423335
1836,soldier,static_B_2019.12.16_13.40.04.csv,464,37.8516,37.85,37.85,0.1286,3.846324
1837,longdress,static_B_2019.12.16_13.40.04.csv,524,65.2715,65.27,65.27,0.1281,3.783741
1838,loot,driving_B_2020.02.13_13.03.24.csv,1327,-1.8594,-1.86,-1.86,0.1277,3.932769
1839,redandblack,driving_B_2020.02.14_09.38.22.csv,933,63.8085,63.81,63.81,0.1272,3.653376
1840,soldier,static_B_2020.02.27_18.39.27.csv,4479,9.6028,9.60,9.60,0.1267,3.663008
1841,longdress,static_B_2020.02.27_18.39.27.csv,3879,0.3873,0.39,0.39,0.1262,3.690790
1842,loot,static_B_2019.12.16_13.40.04.csv,764,68.3653,68.37,68.37,0.1258,3.627741
1843,redandblack,driving_B_2019.12.17_07.32.39.csv,2177,8.5345,8.53,8.53,0.1253,3.753057
1844,soldier,driving_B_2020.02.13_13.03.24.csv,307,9.3182,9.32,9.32,0.1248,3.832893
1845,longdress,driving_B_2020.02.13_13.03.24.csv,1387,1.2050,1.21,1.21,0.1243,3.726422
1846,loot,static_B_2020.02.27_18.39.27.csv,3939,79.5661,79.57,79.57,0.1239,3.500981
1847,redandblack,driving_B_2020.02.27_17.30.15.csv,311,-30.1202,-30.12,-30.12,0.1234,3.461734
1848,soldier,driving_B_2020.02.13_15.02.01.csv,1634,-38.6228,-38.62,-38.62,0.1229,3.650507
1849,longdress,driving_B_2020.02.13_15.02.01.csv,2754,-4.5116,-4.51,-4.51,0.1224,3.836935
1850,loot,static_B_2019.12.16_13.40.04.csv,1244,28.3420,28.34,28.34,0.1220,3.747047
1851,redandblack,static_B_2020.02.27_18.39.27.csv,5319,64.7077,64.71,64.71,0.1215,3.999104
1852,soldier,static_B_2020.02.27_18.39.27.csv,819,68.8704,68.87,68.87,0.1210,3.971427
1853,longdress,driving_B_2020.02.13_13.03.24.csv,1267,1.7248,1.72,1.72,0.1205,3.640542
1854,loot,driving_B_2020.01.16_09.56.56.csv,206,93.0690,93.07,93.07,0.1201,3.989441
1855,redandblack,static_B_2020.02.27_18.39.27.csv,4179,78.8568,78.86,78.86,0.1196,3.575797
1856,soldier,driving_B_2020.02.13_15.02.01.csv,2054,-97.7307,-97.73,-97.73,0.1191,3.849372
1857,longdress,driving_B_2019.12.17_07.32.39.csv,137,5.1108,5.11,5.11,0.1186,3.500627
1858,loot,driving_B_2019.12.17_07.32.39.csv,1877,29.0125,29.01,29.01,0.1182,3.686550
1859,redandblack,driving_B_2020.01.16_07.26.43.csv,68,17.5213,17.52,17.52,0.1177,3.964185
1860,soldier,driving_B_2020.01.16_09.56.56.csv,1570,10.6088,10.61,10.61,0.1172,3.665434
1861,longdress,driving_B_2020.01.16_07.26.43.csv,128,-8.1516,-8.15,-8.15,0.1167,3.515435
1862,loot,driving_B_2020.02.13_13.03.24.csv,1927,-88.1621,-88.16,-88.16,0.1163,3.753141
1863,redandblack,driving_B_2020.01.16_07.26.43.csv,968,8.2699,8.27,8.27,0.1158,3.635034
1864,soldier,driving_B_2020.01.16_07.26.43.csv,1688,-14.6194,-14.62,-14.62,0.1153,3.685955
1865,longdress,static_B_2020.02.14_13.21.26.csv,106,81.4206,81.42,81.42,0.1148,3.449721
1866,loot,static_B_2020.02.27_18.39.27.csv,4239,59.9034,59.90,59.90,0.1144,3.492204
1867,redandblack,driving_B_2020.01.16_09.56.56.csv,746,54.3465,54.35,54.35,0.1139,4.014032
1868,soldier,static_B_2020.02.27_18.39.27.csv,759,84.6713,84.67,84.67,0.1134,3.788468
1869,longdress,driving_B_2019.12.17_07.32.39.csv,2237,62.6153,62.62,62.62,0.1129,3.594108
1870,loot,driving_B_2020.02.13_13.03.24.csv,547,19.0998,19.10,19.10,0.1125,3.978989
1871,redandblack,driving_B_2020.02.13_13.03.24.csv,847,-0.6751,-0.68,-0.68,0.1120,3.797093
1872,soldier,driving_B_2020.02.13_15.02.01.csv,74,61.8545,61.85,61.85,0.1115,3.741247
1873,longdress,driving_B_2020.02.13_13.03.24.csv,367,13.0623,13.06,13.06,0.1110,3.689592
1874,loot,driving_B_2020.02.14_09.38.22.csv,273,-60.9560,-60.96,-60.96,0.1106,3.585272
1875,redandblack,driving_B_2020.01.16_09.56.56.csv,1046,3.9758,3.98,3.98,0.1101,3.662658
1876,soldier,static_B_2020.02.27_18.39.27.csv,279,60.9877,60.99,60.99,0.1096,3.800195
1877,longdress,static_B_2020.02.27_18.39.27.csv,4599,40.0962,40.10,40.10,0.1091,3.800979
1878,loot,driving_B_2020.02.14_09.38.22.csv,513,75.3284,75.33,75.33,0.1087,3.683017
1879,redandblack,static_B_2020.02.27_18.39.27.csv,5139,67.6542,67.65,67.65,0.1082,4.036673
1880,soldier,driving_B_2020.02.13_15.02.01.csv,2594,62.8489,62.85,62.85,0.1077,3.789656
1881,longdress,static_B_2019.12.16_13.40.04.csv,1844,39.4388,39.44,39.44,0.1072,3.646732
1882,loot,driving_B_2020.02.14_12.58.17.csv,418,-70.7594,-70.76,-70.76,0.1068,3.965531
1883,redandblack,driving_B_2020.01.16_09.56.56.csv,806,59.9031,59.90,59.90,0.1063,3.584944
1884,soldier,static_B_2020.02.27_18.39.27.csv,1659,38.0396,38.04,38.04,0.1058,3.899646
1885,longdress,static_B_2020.02.27_18.39.27.csv,1239,44.7042,44.70,44.70,0.1053,3.535187
1886,loot,driving_B_2019.12.17_07.32.39.csv,1337,47.2957,47.30,47.30,0.1049,3.599511
1887,redandblack,driving_B_2020.02.13_13.03.24.csv,1447,9.0158,9.02,9.02,0.1044,3.940683
1888,soldier,driving_B_2020.01.16_12.10.03.csv,244,49.9086,49.91,49.91,0.1039,3.239686
1889,longdress,driving_B_2020.02.14_09.38.22.csv,1053,-16.2763,-16.28,-16.28,0.1034,3.671415
1890,loot,static_B_2020.02.27_18.39.27.csv,879,68.0285,68.03,68.03,0.1030,3.820577
1891,redandblack,driving_B_2020.01.16_12.10.03.csv,187,87.9221,87.92,87.92,0.1025,3.740898
1892,soldier,driving_B_2020.02.27_17.30.15.csv,720,-20.3821,-20.38,-20.38,0.1020,4.161665
1893,longdress,driving_B_2020.01.16_09.56.56.csv,26,23.6482,23.65,23.65,0.1015,3.791588
1894,loot,driving_B_2020.01.16_07.26.43.csv,1328,24.0575,24.06,24.06,0.1011,3.526234
1895,redandblack,driving_B_2020.02.27_17.30.15.csv,720,3.5465,3.55,3.55,0.1006,3.262230
1896,soldier,driving_B_2020.02.13_13.03.24.csv,1867,-505.7391,-505.74,-505.74,0.1001,3.838870
1897,longdress,driving_B_2020.02.13_13.03.24.csv,187,-14.2926,-14.29,-14.29,0.0996,3.856207
1898,loot,static_B_2019.12.16_13.40.04.csv,344,28.1143,28.11,28.11,0.0992,3.475771
1899,redandblack,driving_B_2020.02.13_15.02.01.csv,2294,-36.1583,-36.16,-36.16,0.0987,3.920801
1900,soldier,driving_B_2019.12.17_07.32.39.csv,737,44.6211,44.62,44.62,0.0982,3.744067
1901,longdress,driving_B_2019.12.17_07.32.39.csv,497,-1.0556,-1.06,-1.06,0.0977,3.424224
1902,loot,driving_B_2020.02.13_15.02.01.csv,314,83.5477,83.55,83.55,0.0973,3.882989
1903,redandblack,static_B_2020.02.27_18.39.27.csv,519,52.5438,52.54,52.54,0.0968,3.758690
1904,soldier,driving_B_2020.02.14_09.38.22.csv,633,68.9532,68.95,68.95,0.0963,4.071915
1905,longdress,static_B_2020.02.27_18.39.27.csv,39,67.1602,67.16,67.16,0.0959,3.697335
1906,loot,driving_B_2019.12.17_07.32.39.csv,2288,55.0881,55.09,55.09,0.0954,4.031872
1907,redandblack,static_B_2020.02.27_18.39.27.csv,2379,-146.7118,-146.71,-146.71,0.0949,3.555783
1908,soldier,static_B_2019.12.16_13.40.04.csv,1604,63.9873,63.99,63.99,0.0944,3.723945
1909,longdress,driving_B_2019.12.17_07.32.39.csv,1577,4.2674,4.27,4.27,0.0940,3.645643
1910,loot,driving_B_2019.12.17_07.32.39.csv,1757,18.2443,18.24,18.24,0.0935,3.843129
1911,redandblack,driving_B_2020.02.14_12.58.17.csv,538,7.5898,7.59,7.59,0.0930,3.736646
1912,soldier,static_B_2020.02.27_18.39.27.csv,5679,66.9117,66.91,66.91,0.0925,3.693499
1913,longdress,driving_B_2020.01.16_07.26.43.csv,1628,10.8211,10.82,10.82,0.0921,3.859052
1914,loot,driving_B_2019.12.16_12.27.05.csv,140,35.8250,35.83,35.83,0.0916,3.838594
1915,redandblack,static_B_2019.12.16_13.40.04.csv,1304,69.9750,69.98,69.98,0.0911,3.479181
1916,soldier,static_B_2020.02.14_13.21.26.csv,826,87.9313,87.93,87.93,0.0906,3.878421
1917,longdress,driving_B_2019.12.17_07.32.39.csv,1997,71.4361,71.44,71.44,0.0902,3.659961
1918,loot,driving_B_2020.02.13_15.02.01.csv,194,75.8489,75.85,75.85,0.0897,4.051823
1919,redandblack,driving_B_2020.01.16_07.26.43.csv,1568,2.2122,2.21,2.21,0.0892,3.834166
1920,soldier,static_B_2019.12.16_13.40.04.csv,1184,-115.8952,-115.90,-115.90,0.0887,3.478263
1921,longdress,driving_B_2020.02.14_09.38.22.csv,753,15.9092,15.91,15.91,0.0883,3.780762
1922,loot,driving_B_2019.12.17_07.32.39.csv,377,75.2500,75.25,75.25,0.0878,3.723214
1923,redandblack,driving_B_2019.12.16_12.27.05.csv,560,4.6583,4.66,4.66,0.0873,3.830259
1924,soldier,driving_B_2020.02.14_09.38.22.csv,693,55.6865,55.69,55.69,0.0868,4.056914
1925,longdress,driving_B_2019.12.17_07.32.39.csv,617,-14.9517,-14.95,-14.95,0.0864,3.920921
1926,loot,driving_B_2020.02.13_15.02.01.csv,1274,26.3802,26.38,26.38,0.0859,3.695300
1927,redandblack,static_B_2020.02.14_13.21.26.csv,646,41.5889,41.59,41.59,0.0854,3.677369
1928,soldier,static_B_2020.02.27_18.39.27.csv,399,71.5190,71.52,71.52,0.0849,4.000118
1929,longdress,driving_B_2019.12.17_07.32.39.csv,1697,8.8973,8.90,8.90,0.0845,3.874649
1930,loot,static_B_2019.12.16_13.40.04.csv,824,74.0339,74.03,74.03,0.0840,3.704558
1931,redandblack,driving_B_2020.02.13_13.03.24.csv,787,7.9126,7.91,7.91,0.0835,3.753079
1932,soldier,driving_B_2020.01.16_09.56.56.csv,1346,54.1665,54.17,54.17,0.0830,3.715242
1933,longdress,driving_B_2020.01.16_09.56.56.csv,146,-0.1021,-0.10,-0.10,0.0826,3.558941
1934,loot,static_B_2020.02.27_18.39.27.csv,4359,68.3151,68.32,68.32,0.0821,3.793017
1935,redandblack,static_B_2019.12.16_13.40.04.csv,704,66.6903,66.69,66.69,0.0816,3.774769
1936,soldier,static_B_2020.02.14_13.21.26.csv,850,33.6061,33.61,33.61,0.0811,3.659280
1937,longdress,driving_B_2020.01.16_09.56.56.csv,1286,54.4995,54.50,54.50,0.0807,4.225909
1938,loot,static_B_2020.02.27_18.39.27.csv,939,81.4171,81.42,81.42,0.0802,3.791425
1939,redandblack,driving_B_2019.12.17_07.32.39.csv,1817,7.6177,7.62,7.62,0.0797,3.746732
1940,soldier,driving_B_2020.02.13_13.03.24.csv,2188,-215.8238,-215.82,-215.82,0.0792,3.536381
1941,longdress,static_B_2020.02.14_13.21.26.csv,466,83.8537,83.85,83.85,0.0788,3.641160
1942,loot,static_B_2019.12.16_13.40.04.csv,1724,73.4141,73.41,73.41,0.0783,3.781499
1943,redandblack,driving_B_2020.02.13_13.03.24.csv,1747,22.7395,22.74,22.74,0.0778,3.814032
1944,soldier,driving_B_2020.02.27_17.30.15.csv,551,2.1223,2.12,2.12,0.0773,3.950320
1945,longdress,driving_B_2020.02.13_13.03.24.csv,907,-6.4913,-6.49,-6.49,0.0769,3.876534
1946,loot,driving_B_2020.01.16_07.26.43.csv,1448,7.9412,7.94,7.94,0.0764,3.518625
1947,redandblack,static_B_2020.02.27_18.39.27.csv,4299,61.3061,61.31,61.31,0.0759,3.700499
1948,soldier,driving_B_2020.01.16_09.56.56.csv,686,-7.0274,-7.03,-7.03,0.0754,3.721917
1949,longdress,driving_B_2020.02.14_09.38.22.csv,1293,72.7159,72.72,72.72,0.0750,3.802546
1950,loot,static_B_2020.02.27_18.39.27.csv,4899,7.3314,7.33,7.33,0.0745,3.629184
1951,redandblack,driving_B_2019.12.16_12.27.05.csv,740,64.7500,64.75,64.75,0.0740,3.605548
1952,soldier,driving_B_2020.02.13_15.02.01.csv,1454,2.8031,2.80,2.80,0.0735,4.098755
1953,longdress,driving_B_2020.02.14_09.38.22.csv,33,1.4718,1.47,1.47,0.0731,3.666745
1954,loot,driving_B_2020.01.16_07.26.43.csv,188,-5.7336,-5.73,-5.73,0.0726,3.620067
1955,redandblack,driving_B_2020.02.14_12.58.17.csv,718,5.3346,5.33,5.33,0.0721,3.544705
1956,soldier,static_B_2020.02.27_18.39.27.csv,5742,68.0196,68.02,68.02,0.0716,3.861602
1957,longdress,static_B_2020.02.14_13.21.26.csv,526,57.3715,57.37,57.37,0.0712,3.999535
1958,loot,static_B_2020.02.14_13.21.26.csv,286,82.6355,82.64,82.64,0.0707,3.615067
1959,redandblack,driving_B_2020.02.14_09.38.22.csv,333,6.0591,6.06,6.06,0.0702,3.535064
1960,soldier,static_B_2019.12.16_13.40.04.csv,164,89.4040,89.40,89.40,0.0697,3.532337
1961,longdress,driving_B_2020.01.16_07.26.43.csv,1208,-4.3753,-4.38,-4.38,0.0693,3.527595
1962,loot,driving_B_2020.01.16_07.26.43.csv,1268,8.3167,8.32,8.32,0.0688,3.773068
1963,redandblack,driving_B_2020.02.14_09.38.22.csv,873,65.3082,65.31,65.31,0.0683,4.210167
1964,soldier,driving_B_2020.02.14_09.38.22.csv,993,-18.6810,-18.68,-18.68,0.0678,3.256184
1965,longdress,driving_B_2020.01.16_07.26.43.csv,728,33.0816,33.08,33.08,0.0674,3.782592
1966,loot,driving_B_2020.02.13_15.02.01.csv,2754,-1.2101,-1.21,-1.21,0.0669,3.580266
1967,redandblack,driving_B_2020.02.13_13.03.24.csv,1627,3.9295,3.93,3.93,0.0664,3.866597
1968,soldier,driving_B_2020.02.13_13.03.24.csv,127,6.4935,6.49,6.49,0.0659,3.468324
1969,longdress,driving_B_2020.02.13_15.02.01.csv,614,6.2829,6.28,6.28,0.0655,3.625349
1970,loot,driving_B_2019.12.16_12.27.05.csv,920,70.8332,70.83,70.83,0.0650,3.587411
1971,redandblack,driving_B_2020.01.16_07.26.43.csv,428,8.3272,8.33,8.33,0.0645,3.662976
1972,soldier,driving_B_2020.02.27_17.30.15.csv,251,-305.1333,-305.13,-305.13,0.0641,3.895186
1973,longdress,driving_B_2019.12.16_12.27.05.csv,680,-2.8427,-2.84,-2.84,0.0636,3.965098
1974,loot,driving_B_2020.01.16_09.56.56.csv,866,11.2735,11.27,11.27,0.0631,3.779446
1975,redandblack,driving_B_2020.02.13_15.02.01.csv,1034,59.1894,59.19,59.19,0.0626,3.709582
1976,soldier,static_B_2020.02.27_18.39.27.csv,1179,9.2332,9.23,9.23,0.0622,3.813936
1977,longdress,driving_B_2019.12.17_07.32.39.csv,257,-8.2855,-8.29,-8.29,0.0617,3.870011
1978,loot,driving_B_2020.01.16_07.26.43.csv,1770,4.9689,4.97,4.97,0.0612,3.970752
1979,redandblack,static_B_2020.02.27_18.39.27.csv,2439,78.3916,78.39,78.39,0.0607,3.546805
1980,soldier,driving_B_2020.01.16_07.26.43.csv,248,27.2810,27.28,27.28,0.0603,3.489699
1981,longdress,driving_B_2019.12.16_12.27.05.csv,1100,14.5985,14.60,14.60,0.0598,3.683322
1982,loot,driving_B_2019.12.17_07.32.39.csv,197,12.6268,12.63,12.63,0.0593,3.560871
1983,redandblack,static_B_2020.02.27_18.39.27.csv,3159,2.0975,2.10,2.10,0.0588,3.839549
1984,soldier,driving_B_2020.02.13_15.02.01.csv,854,-9.1122,-9.11,-9.11,0.0584,3.458687
1985,longdress,static_B_2019.12.16_13.40.04.csv,224,16.5891,16.59,16.59,0.0579,3.960728
1986,loot,static_B_2020.02.14_13.21.26.csv,166,85.3073,85.31,85.31,0.0574,3.582285
1987,redandblack,static_B_2020.02.27_18.39.27.csv,3399,83.8246,83.82,83.82,0.0569,3.762748
1988,soldier,static_B_2020.02.27_18.39.27.csv,1299,88.3918,88.39,88.39,0.0565,3.916581
1989,longdress,driving_B_2020.01.16_07.26.43.csv,1088,13.4203,13.42,13.42,0.0560,4.020848
1990,loot,driving_B_2020.01.16_07.26.43.csv,1388,-5.4780,-5.48,-5.48,0.0555,4.361651
1991,redandblack,driving_B_2019.12.16_12.27.05.csv,1040,37.8223,37.82,37.82,0.0550,3.883458
1992,soldier,driving_B_2020.02.14_12.58.17.csv,478,-37.4172,-37.42,-37.42,0.0546,3.986891
1993,longdress,driving_B_2020.02.14_09.38.22.csv,153,-34.7448,-34.74,-34.74,0.0541,3.691940
1994,loot,static_B_2020.02.27_18.39.27.csv,5079,81.2597,81.26,81.26,0.0536,3.861211
1995,redandblack,driving_B_2020.02.14_09.38.22.csv,1413,11.6476,11.65,11.65,0.0531,3.714751
1996,soldier,static_B_2020.02.27_18.39.27.csv,4719,11.1874,11.19,11.19,0.0527,4.092316
1997,longdress,driving_B_2020.02.13_13.03.24.csv,247,3.8858,3.89,3.89,0.0522,4.174230
1998,loot,driving_B_2020.02.13_15.02.01.csv,1934,46.3938,46.39,46.39,0.0517,3.810371
1999,redandblack,driving_B_2020.01.16_09.56.56.csv,566,71.9760,71.98,71.98,0.0512,3.987072
2000,soldier,driving_B_2020.02.13_13.03.24.csv,7,-8.1354,-8.14,-8.14,0.0508,3.997405
