# C:\Users\Nima\AppData\Local\Programs\Python\Python313\python.exe -u C:\Users\Nima\PointCloudStreaming\scripts\train_dqn.py --out C:\Users\Nima\PointCloudStreaming\logs/train_runs/qoe_v2_wide\sweep\screen\trial_000_s42\abr_dqn.pkl --run-dir C:\Users\Nima\PointCloudStreaming\logs/train_runs/qoe_v2_wide\sweep\screen\trial_000_s42 --batch-size 64 --coverage-stride 60 --early-stop-patience 0 --epochs 3 --eps-decay-frac 0.6 --eval-every 400 --eval-offsets 3 --eval-seeds 42,43,44 --eval-sequences longdress,loot,redandblack,soldier --gamma 1.0 --hidden 128 --lam 1.0 --lr 0.0001 --mu 4.3 --protocol configs/experiment_protocol.json --reward-spec {"rebuffer_weight": 2.0, "startup_weight": 1.0, "drop_weight": null} --seed 42 --segment-frames 5 --select-by qoe_quality --target-update 3000 --torch-threads 2 --lstm C:\Users\Nima\PointCloudStreaming\models/bandwidth_lstm_s5.pkl
==========================================================================================
🤖 DQN ABR training
   sequences: ['longdress', 'loot', 'redandblack', 'soldier'] | validation sequences: ['longdress', 'loot', 'redandblack', 'soldier']
   protocol: 4071599372abeb61 | train files: 13 | validation files: 4 | registered test files: 4 (NOT evaluated) | frames/episode: 300
   coverage stride: 60 samples -> 417 episodes/epoch x 3 epochs = 1251 episodes (~75060 env steps)
   segment: 5 frames/request (60 decisions/episode) | validation offsets/trace: 3 | validation seeds: [42, 43, 44]
   state_dim: 23 | actions: 6 | feature_spec: ['lstm_pred', 'buffer', 'last_rep_onehot', 'tput_last', 'tput_mean', 'tput_std', 'rep_bitrates', 'rep_densities']
   PyTorch CPU threads/trial: 2
   LSTM: models\bandwidth_lstm_s5.pkl
   reward = QoE: (100/N)*sum(q[fixed_log_bitrate]) - 4.3*stall_duration - 2.0*rebuffer_events - 1.0*sum|delta_segment_q| - (100/N)*dropped_frames - 1.0*startup_delay  (gamma=1.0, lr=0.0001, no learner-side scaling)
   select-by: qoe_quality | out: C:\Users\Nima\PointCloudStreaming\logs/train_runs/qoe_v2_wide\sweep\screen\trial_000_s42\abr_dqn.pkl | run-dir: C:\Users\Nima\PointCloudStreaming\logs/train_runs/qoe_v2_wide\sweep\screen\trial_000_s42
==========================================================================================
[validation @ ep 0] untrained: reward=QoE=-3153.58
[ep    1] longdress    driving_B_2020.02.13_15.02.01.csv@803   reward=QoE=   19.21 eps=0.999 loss=0.0000
[ep    2] loot         driving_B_2020.02.14_09.38.22.csv@1478  reward=QoE=  -39.73 eps=0.997 loss=0.4563
[ep    3] redandblack  driving_B_2020.01.16_09.56.56.csv@348   reward=QoE= -104.11 eps=0.996 loss=0.7039
[ep    4] soldier      driving_B_2020.01.16_09.56.56.csv@708   reward=QoE=   28.50 eps=0.995 loss=0.7952
[ep    5] longdress    driving_B_2020.02.13_15.02.01.csv@1763  reward=QoE=   28.87 eps=0.994 loss=0.6494
[ep    6] loot         static_B_2020.02.27_18.39.27.csv@4478  reward=QoE=   28.41 eps=0.992 loss=0.5732
[ep    7] redandblack  driving_B_2020.01.16_07.26.43.csv@1724  reward=QoE=  -65.61 eps=0.991 loss=0.5788
[ep    8] soldier      static_B_2019.12.16_13.40.04.csv@126   reward=QoE=   30.02 eps=0.990 loss=0.6095
[ep    9] longdress    driving_B_2020.01.16_09.56.56.csv@108   reward=QoE= -176.93 eps=0.989 loss=0.7503
[ep   10] loot         static_B_2020.02.27_18.39.27.csv@3278  reward=QoE=   26.97 eps=0.987 loss=0.7407
[ep   11] redandblack  driving_B_2020.02.14_09.38.22.csv@222   reward=QoE= -214.74 eps=0.986 loss=0.8111
[ep   12] soldier      driving_B_2020.02.13_13.03.24.csv@2188  reward=QoE= -256.84 eps=0.985 loss=1.0852
[ep   13] longdress    static_B_2020.02.14_13.21.26.csv@809   reward=QoE=   31.66 eps=0.984 loss=1.1170
[ep   14] loot         driving_B_2020.01.16_07.26.43.csv@1770  reward=QoE= -103.88 eps=0.982 loss=1.0467
[ep   15] redandblack  driving_B_2020.02.13_15.02.01.csv@623   reward=QoE=  -88.76 eps=0.981 loss=1.0224
[ep   16] soldier      driving_B_2019.12.17_07.32.39.csv@558   reward=QoE= -105.55 eps=0.980 loss=1.0618
[ep   17] longdress    driving_B_2019.12.17_07.32.39.csv@198   reward=QoE=  -71.30 eps=0.979 loss=0.9575
[ep   18] loot         driving_B_2020.01.16_12.10.03.csv@244   reward=QoE=   29.80 eps=0.977 loss=1.0268
[ep   19] redandblack  driving_B_2020.02.13_15.02.01.csv@2754  reward=QoE=  -76.44 eps=0.976 loss=0.9552
[ep   20] soldier      driving_B_2019.12.17_07.32.39.csv@438   reward=QoE=   17.55 eps=0.975 loss=1.0070
[ep   21] longdress    driving_B_2020.01.16_07.26.43.csv@704   reward=QoE=  -60.16 eps=0.973 loss=0.9496
[ep   22] loot         driving_B_2019.12.17_07.32.39.csv@978   reward=QoE= -145.99 eps=0.972 loss=0.9237
[ep   23] redandblack  driving_B_2020.02.27_17.30.15.csv@590   reward=QoE= -149.71 eps=0.971 loss=0.8901
[ep   24] soldier      static_B_2020.02.27_18.39.27.csv@1598  reward=QoE=  -14.90 eps=0.970 loss=0.9768
[ep   25] longdress    static_B_2020.02.27_18.39.27.csv@3218  reward=QoE=   -4.59 eps=0.968 loss=0.9266
[ep   26] loot         static_B_2020.02.27_18.39.27.csv@2438  reward=QoE=   25.01 eps=0.967 loss=0.8920
[ep   27] redandblack  static_B_2019.12.16_13.40.04.csv@426   reward=QoE=   -4.80 eps=0.966 loss=0.8797
[ep   28] soldier      static_B_2019.12.16_13.40.04.csv@1386  reward=QoE=  -20.28 eps=0.965 loss=0.8651
[ep   29] longdress    driving_B_2020.02.14_12.58.17.csv@284   reward=QoE= -761.62 eps=0.963 loss=1.0999
[ep   30] loot         driving_B_2020.02.14_12.58.17.csv@224   reward=QoE= -693.25 eps=0.962 loss=1.4496
[ep   31] redandblack  driving_B_2020.01.16_09.56.56.csv@468   reward=QoE=  -12.07 eps=0.961 loss=1.5226
[ep   32] soldier      driving_B_2019.12.16_12.27.05.csv@1152  reward=QoE=  -43.90 eps=0.960 loss=1.4822
[ep   33] longdress    driving_B_2020.02.13_13.03.24.csv@89    reward=QoE=  -81.29 eps=0.958 loss=1.5137
[ep   34] loot         driving_B_2020.01.16_09.56.56.csv@288   reward=QoE=   33.43 eps=0.957 loss=1.4639
[ep   35] redandblack  driving_B_2020.01.16_12.10.03.csv@244   reward=QoE=   40.58 eps=0.956 loss=1.4723
[ep   36] soldier      static_B_2020.02.27_18.39.27.csv@5378  reward=QoE=   37.51 eps=0.954 loss=1.2967
[ep   37] longdress    driving_B_2020.02.13_15.02.01.csv@83    reward=QoE=   33.95 eps=0.953 loss=1.2690
[ep   38] loot         driving_B_2020.02.13_13.03.24.csv@1349  reward=QoE=  -51.62 eps=0.952 loss=1.0688
[ep   39] redandblack  static_B_2020.02.27_18.39.27.csv@1418  reward=QoE=   28.66 eps=0.951 loss=1.2970
[ep   40] soldier      static_B_2020.02.14_13.21.26.csv@569   reward=QoE=   38.64 eps=0.949 loss=1.1803
[ep   41] longdress    driving_B_2019.12.16_12.27.05.csv@242   reward=QoE=    6.31 eps=0.948 loss=1.1814
[ep   42] loot         static_B_2020.02.27_18.39.27.csv@5138  reward=QoE=   33.96 eps=0.947 loss=1.1643
[ep   43] redandblack  driving_B_2020.02.13_15.02.01.csv@1043  reward=QoE=   31.65 eps=0.946 loss=1.0916
[ep   44] soldier      static_B_2020.02.27_18.39.27.csv@3338  reward=QoE=   26.66 eps=0.944 loss=1.1501
[ep   45] longdress    driving_B_2020.02.13_15.02.01.csv@2423  reward=QoE= -411.29 eps=0.943 loss=1.2782
[ep   46] loot         driving_B_2020.02.14_12.58.17.csv@644   reward=QoE=  -28.05 eps=0.942 loss=1.4261
[ep   47] redandblack  driving_B_2020.02.13_13.03.24.csv@1649  reward=QoE= -107.16 eps=0.941 loss=1.2779
[ep   48] soldier      driving_B_2020.01.16_09.56.56.csv@648   reward=QoE=  -33.77 eps=0.939 loss=1.2483
[ep   49] longdress    driving_B_2020.02.13_15.02.01.csv@503   reward=QoE=  -49.94 eps=0.938 loss=1.1539
[ep   50] loot         driving_B_2020.02.14_12.58.17.csv@464   reward=QoE= -266.07 eps=0.937 loss=1.2203
[ep   51] redandblack  driving_B_2020.02.13_13.03.24.csv@989   reward=QoE= -129.83 eps=0.935 loss=1.2022
[ep   52] soldier      static_B_2019.12.16_13.40.04.csv@1146  reward=QoE= -108.05 eps=0.934 loss=1.4244
[ep   53] longdress    driving_B_2020.01.16_09.56.56.csv@528   reward=QoE=    6.70 eps=0.933 loss=1.2967
[ep   54] loot         driving_B_2019.12.16_12.27.05.csv@842   reward=QoE=   26.11 eps=0.932 loss=1.2154
[ep   55] redandblack  driving_B_2020.01.16_07.26.43.csv@584   reward=QoE=  -57.40 eps=0.930 loss=1.2349
[ep   56] soldier      static_B_2020.02.14_13.21.26.csv@269   reward=QoE=   30.90 eps=0.929 loss=1.1630
[ep   57] longdress    driving_B_2019.12.17_07.32.39.csv@1158  reward=QoE= -102.95 eps=0.928 loss=1.3147
[ep   58] loot         driving_B_2020.01.16_07.26.43.csv@824   reward=QoE=    4.09 eps=0.927 loss=1.1970
[ep   59] redandblack  driving_B_2020.02.14_12.58.17.csv@704   reward=QoE= -254.38 eps=0.925 loss=1.2465
[ep   60] soldier      driving_B_2020.02.13_13.03.24.csv@1949  reward=QoE= -337.37 eps=0.924 loss=1.1300
[ep   61] longdress    static_B_2019.12.16_13.40.04.csv@846   reward=QoE=   39.78 eps=0.923 loss=1.1733
[ep   62] loot         driving_B_2019.12.16_12.27.05.csv@422   reward=QoE= -140.83 eps=0.922 loss=1.1674
[ep   63] redandblack  driving_B_2020.02.13_13.03.24.csv@1409  reward=QoE=  -69.92 eps=0.920 loss=1.2289
[ep   64] soldier      driving_B_2020.02.13_13.03.24.csv@2129  reward=QoE= -590.42 eps=0.919 loss=1.2008
[ep   65] longdress    static_B_2020.02.27_18.39.27.csv@3638  reward=QoE=   46.40 eps=0.918 loss=1.3107
[ep   66] loot         driving_B_2020.02.13_13.03.24.csv@869   reward=QoE= -155.50 eps=0.916 loss=1.3656
[ep   67] redandblack  driving_B_2020.02.14_09.38.22.csv@402   reward=QoE= -106.22 eps=0.915 loss=1.3114
[ep   68] soldier      driving_B_2020.02.13_15.02.01.csv@983   reward=QoE= -102.41 eps=0.914 loss=1.3414
[ep   69] longdress    static_B_2020.02.27_18.39.27.csv@2258  reward=QoE=   37.32 eps=0.913 loss=1.2789
[ep   70] loot         static_B_2020.02.27_18.39.27.csv@5618  reward=QoE=   27.82 eps=0.911 loss=1.3608
[ep   71] redandblack  driving_B_2019.12.16_12.27.05.csv@302   reward=QoE=  -95.15 eps=0.910 loss=1.2805
[ep   72] soldier      static_B_2020.02.27_18.39.27.csv@998   reward=QoE=   31.01 eps=0.909 loss=1.0309
[ep   73] longdress    driving_B_2020.02.13_13.03.24.csv@569   reward=QoE= -126.83 eps=0.908 loss=1.3698
[ep   74] loot         driving_B_2019.12.16_12.27.05.csv@602   reward=QoE= -312.36 eps=0.906 loss=1.3444
[ep   75] redandblack  driving_B_2019.12.16_12.27.05.csv@2     reward=QoE=   -5.14 eps=0.905 loss=1.2104
[ep   76] soldier      static_B_2020.02.27_18.39.27.csv@1778  reward=QoE= -411.09 eps=0.904 loss=1.3442
[ep   77] longdress    driving_B_2020.02.13_15.02.01.csv@323   reward=QoE=   25.53 eps=0.903 loss=1.2686
[ep   78] loot         driving_B_2020.02.13_15.02.01.csv@1703  reward=QoE=   32.72 eps=0.901 loss=1.3366
[ep   79] redandblack  driving_B_2020.02.13_15.02.01.csv@1163  reward=QoE=   11.47 eps=0.900 loss=1.3827
[ep   80] soldier      static_B_2020.02.27_18.39.27.csv@5678  reward=QoE=   37.73 eps=0.899 loss=1.2603
[ep   81] longdress    driving_B_2020.02.14_09.38.22.csv@342   reward=QoE= -245.67 eps=0.898 loss=1.2613
[ep   82] loot         driving_B_2020.02.14_09.38.22.csv@1362  reward=QoE=   40.86 eps=0.896 loss=1.1815
[ep   83] redandblack  driving_B_2020.02.14_09.38.22.csv@462   reward=QoE=  -13.31 eps=0.895 loss=1.1737
[ep   84] soldier      static_B_2019.12.16_13.40.04.csv@1206  reward=QoE=  -20.55 eps=0.894 loss=1.3339
[ep   85] longdress    driving_B_2020.02.14_09.38.22.csv@882   reward=QoE=   39.99 eps=0.892 loss=1.1831
[ep   86] loot         static_B_2020.02.27_18.39.27.csv@2558  reward=QoE=   39.30 eps=0.891 loss=1.2638
[ep   87] redandblack  static_B_2020.02.27_18.39.27.csv@5738  reward=QoE=   42.78 eps=0.890 loss=1.2883
[ep   88] soldier      driving_B_2020.02.13_13.03.24.csv@929   reward=QoE= -156.65 eps=0.889 loss=1.1246
[ep   89] longdress    driving_B_2020.02.14_09.38.22.csv@1478  reward=QoE= -117.01 eps=0.887 loss=1.2238
[ep   90] loot         driving_B_2020.02.14_09.38.22.csv@642   reward=QoE=   43.41 eps=0.886 loss=1.2435
[ep   91] redandblack  static_B_2020.02.27_18.39.27.csv@98    reward=QoE=   22.54 eps=0.885 loss=1.2105
[ep   92] soldier      static_B_2020.02.27_18.39.27.csv@1478  reward=QoE=   -6.29 eps=0.884 loss=1.3393
[ep   93] longdress    driving_B_2020.02.13_13.03.24.csv@1889  reward=QoE= -451.05 eps=0.882 loss=1.1590
[ep   94] loot         driving_B_2020.02.14_09.38.22.csv@1062  reward=QoE=  -33.06 eps=0.881 loss=1.1587
[ep   95] redandblack  driving_B_2020.02.13_13.03.24.csv@1289  reward=QoE=  -82.27 eps=0.880 loss=1.1025
[ep   96] soldier      driving_B_2020.01.16_07.26.43.csv@644   reward=QoE= -128.74 eps=0.879 loss=1.1484
[ep   97] longdress    static_B_2020.02.27_18.39.27.csv@1838  reward=QoE=  -39.68 eps=0.877 loss=1.3129
[ep   98] loot         driving_B_2020.02.14_12.58.17.csv@404   reward=QoE= -410.10 eps=0.876 loss=1.3442
[ep   99] redandblack  driving_B_2019.12.17_07.32.39.csv@2118  reward=QoE=   23.23 eps=0.875 loss=1.4178
[ep  100] soldier      static_B_2020.02.14_13.21.26.csv@89    reward=QoE=   23.73 eps=0.873 loss=1.2197
[ep  101] longdress    driving_B_2020.02.13_13.03.24.csv@209   reward=QoE= -119.20 eps=0.872 loss=1.3067
[ep  102] loot         static_B_2020.02.27_18.39.27.csv@1958  reward=QoE=   13.62 eps=0.871 loss=1.4495
[ep  103] redandblack  driving_B_2020.02.27_17.30.15.csv@720   reward=QoE= -291.76 eps=0.870 loss=1.5144
[ep  104] soldier      driving_B_2020.02.13_13.03.24.csv@269   reward=QoE=  -75.05 eps=0.868 loss=1.2373
[ep  105] longdress    driving_B_2020.01.16_07.26.43.csv@1664  reward=QoE= -123.24 eps=0.867 loss=1.2761
[ep  106] loot         driving_B_2020.02.14_09.38.22.csv@42    reward=QoE=  -58.43 eps=0.866 loss=1.2023
[ep  107] redandblack  static_B_2020.02.27_18.39.27.csv@218   reward=QoE=   38.92 eps=0.865 loss=1.2316
[ep  108] soldier      static_B_2020.02.27_18.39.27.csv@4298  reward=QoE=   27.62 eps=0.863 loss=1.3121
[ep  109] longdress    static_B_2020.02.14_13.21.26.csv@29    reward=QoE=   17.91 eps=0.862 loss=1.2028
[ep  110] loot         driving_B_2020.02.14_12.58.17.csv@584   reward=QoE=  -45.02 eps=0.861 loss=1.2739
[ep  111] redandblack  static_B_2020.02.14_13.21.26.csv@850   reward=QoE=   13.23 eps=0.860 loss=1.1907
[ep  112] soldier      driving_B_2020.02.13_13.03.24.csv@509   reward=QoE= -125.08 eps=0.858 loss=1.1541
[ep  113] longdress    static_B_2020.02.27_18.39.27.csv@4358  reward=QoE=    5.45 eps=0.857 loss=1.1131
[ep  114] loot         driving_B_2020.02.14_09.38.22.csv@1182  reward=QoE= -135.58 eps=0.856 loss=1.0364
[ep  115] redandblack  driving_B_2020.01.16_09.56.56.csv@1570  reward=QoE=   -3.47 eps=0.854 loss=1.1021
[ep  116] soldier      static_B_2020.02.14_13.21.26.csv@209   reward=QoE=   37.09 eps=0.853 loss=1.2113
[ep  117] longdress    static_B_2020.02.27_18.39.27.csv@1178  reward=QoE= -214.34 eps=0.852 loss=1.1147
[ep  118] loot         static_B_2020.02.14_13.21.26.csv@749   reward=QoE=   36.88 eps=0.851 loss=1.0430
[ep  119] redandblack  static_B_2019.12.16_13.40.04.csv@486   reward=QoE=  -14.94 eps=0.849 loss=1.0794
[ep  120] soldier      driving_B_2020.02.13_15.02.01.csv@203   reward=QoE=   -3.45 eps=0.848 loss=1.2122
[ep  121] longdress    static_B_2020.02.27_18.39.27.csv@458   reward=QoE=   40.00 eps=0.847 loss=1.3577
[ep  122] loot         static_B_2020.02.27_18.39.27.csv@2618  reward=QoE=   45.59 eps=0.846 loss=1.1783
[ep  123] redandblack  driving_B_2020.01.16_09.56.56.csv@828   reward=QoE=  -95.45 eps=0.844 loss=0.9801
[ep  124] soldier      static_B_2020.02.27_18.39.27.csv@5318  reward=QoE=   36.66 eps=0.843 loss=1.2073
[ep  125] longdress    static_B_2019.12.16_13.40.04.csv@546   reward=QoE=   44.62 eps=0.842 loss=1.1788
[ep  126] loot         driving_B_2020.01.16_07.26.43.csv@404   reward=QoE=  -73.58 eps=0.841 loss=1.1941
[ep  127] redandblack  driving_B_2020.01.16_09.56.56.csv@1428  reward=QoE=   26.28 eps=0.839 loss=1.0604
[ep  128] soldier      static_B_2019.12.16_13.40.04.csv@1086  reward=QoE=    2.95 eps=0.838 loss=1.0100
[ep  129] longdress    driving_B_2020.02.13_13.03.24.csv@2069  reward=QoE= -416.25 eps=0.837 loss=1.0995
[ep  130] loot         driving_B_2020.02.14_12.58.17.csv@344   reward=QoE= -251.09 eps=0.835 loss=0.8911
[ep  131] redandblack  driving_B_2020.02.14_09.38.22.csv@1478  reward=QoE=  -48.78 eps=0.834 loss=1.0756
[ep  132] soldier      driving_B_2020.02.13_13.03.24.csv@149   reward=QoE= -150.38 eps=0.833 loss=1.1261
[ep  133] longdress    driving_B_2019.12.17_07.32.39.csv@1458  reward=QoE= -103.67 eps=0.832 loss=1.1680
[ep  134] loot         driving_B_2020.02.13_13.03.24.csv@2009  reward=QoE= -114.62 eps=0.830 loss=1.0646
[ep  135] redandblack  driving_B_2020.02.13_15.02.01.csv@2363  reward=QoE= -270.05 eps=0.829 loss=1.1861
[ep  136] soldier      driving_B_2020.02.13_15.02.01.csv@1343  reward=QoE= -249.12 eps=0.828 loss=1.2886
[ep  137] longdress    driving_B_2019.12.17_07.32.39.csv@738   reward=QoE=  -48.49 eps=0.827 loss=1.2345
[ep  138] loot         driving_B_2020.02.13_13.03.24.csv@1049  reward=QoE=  -56.65 eps=0.825 loss=1.0852
[ep  139] redandblack  driving_B_2020.02.13_13.03.24.csv@1169  reward=QoE=  -46.24 eps=0.824 loss=1.1667
[ep  140] soldier      static_B_2019.12.16_13.40.04.csv@246   reward=QoE=   23.01 eps=0.823 loss=1.1484
[ep  141] longdress    static_B_2020.02.27_18.39.27.csv@3458  reward=QoE=   44.39 eps=0.822 loss=1.3383
[ep  142] loot         static_B_2020.02.27_18.39.27.csv@158   reward=QoE=   23.75 eps=0.820 loss=1.1211
[ep  143] redandblack  driving_B_2020.01.16_07.26.43.csv@44    reward=QoE=  -22.02 eps=0.819 loss=1.0541
[ep  144] soldier      static_B_2020.02.27_18.39.27.csv@1658  reward=QoE=   41.74 eps=0.818 loss=1.0833
[ep  145] longdress    driving_B_2020.01.16_07.26.43.csv@1004  reward=QoE=  -76.36 eps=0.817 loss=1.0933
[ep  146] loot         static_B_2020.02.27_18.39.27.csv@638   reward=QoE=   41.48 eps=0.815 loss=1.1443
[ep  147] redandblack  driving_B_2019.12.17_07.32.39.csv@1518  reward=QoE=  -56.81 eps=0.814 loss=1.1356
[ep  148] soldier      static_B_2020.02.27_18.39.27.csv@2678  reward=QoE=   -4.05 eps=0.813 loss=1.0677
[ep  149] longdress    driving_B_2020.02.14_09.38.22.csv@1422  reward=QoE=  -48.17 eps=0.811 loss=1.0399
[ep  150] loot         static_B_2020.02.27_18.39.27.csv@398   reward=QoE=   44.24 eps=0.810 loss=1.0716
[ep  151] redandblack  static_B_2020.02.27_18.39.27.csv@4658  reward=QoE= -297.77 eps=0.809 loss=1.0112
[ep  152] soldier      driving_B_2020.01.16_07.26.43.csv@1364  reward=QoE= -117.93 eps=0.808 loss=1.2622
[ep  153] longdress    driving_B_2020.01.16_09.56.56.csv@1308  reward=QoE=   41.24 eps=0.806 loss=1.2268
[ep  154] loot         static_B_2020.02.27_18.39.27.csv@2078  reward=QoE=   33.57 eps=0.805 loss=1.1338
[ep  155] redandblack  static_B_2020.02.27_18.39.27.csv@2138  reward=QoE=   34.62 eps=0.804 loss=1.1599
[ep  156] soldier      static_B_2020.02.27_18.39.27.csv@4178  reward=QoE=   44.64 eps=0.803 loss=1.2946
[ep  157] longdress    static_B_2020.02.27_18.39.27.csv@2498  reward=QoE=   57.40 eps=0.801 loss=1.1408
[ep  158] loot         static_B_2019.12.16_13.40.04.csv@1326  reward=QoE=   43.79 eps=0.800 loss=1.1807
[ep  159] redandblack  static_B_2020.02.27_18.39.27.csv@4718  reward=QoE=   19.59 eps=0.799 loss=1.1477
[ep  160] soldier      driving_B_2020.02.14_12.58.17.csv@524   reward=QoE= -102.33 eps=0.798 loss=1.1790
[ep  161] longdress    driving_B_2019.12.17_07.32.39.csv@858   reward=QoE=  -39.46 eps=0.796 loss=1.1751
[ep  162] loot         static_B_2020.02.14_13.21.26.csv@629   reward=QoE=   37.45 eps=0.795 loss=1.1414
[ep  163] redandblack  static_B_2020.02.14_13.21.26.csv@449   reward=QoE=   26.26 eps=0.794 loss=1.1366
[ep  164] soldier      static_B_2020.02.27_18.39.27.csv@278   reward=QoE=   30.49 eps=0.792 loss=0.9670
[ep  165] longdress    driving_B_2020.01.16_09.56.56.csv@1488  reward=QoE=   25.76 eps=0.791 loss=1.1066
[ep  166] loot         driving_B_2020.01.16_07.26.43.csv@1604  reward=QoE=  -70.93 eps=0.790 loss=0.9757
[ep  167] redandblack  driving_B_2019.12.16_12.27.05.csv@962   reward=QoE=   41.43 eps=0.789 loss=1.0967
[ep  168] soldier      static_B_2019.12.16_13.40.04.csv@1746  reward=QoE=   19.55 eps=0.787 loss=1.1536
[ep  169] longdress    driving_B_2020.01.16_09.56.56.csv@888   reward=QoE= -123.52 eps=0.786 loss=1.0892
[ep  170] loot         driving_B_2020.01.16_09.56.56.csv@1548  reward=QoE=   27.60 eps=0.785 loss=1.0312
[ep  171] redandblack  static_B_2020.02.27_18.39.27.csv@5198  reward=QoE=   32.09 eps=0.784 loss=1.0324
[ep  172] soldier      driving_B_2019.12.17_07.32.39.csv@1338  reward=QoE=   23.29 eps=0.782 loss=1.1346
[ep  173] longdress    static_B_2020.02.27_18.39.27.csv@878   reward=QoE=   19.66 eps=0.781 loss=1.1827
[ep  174] loot         driving_B_2019.12.16_12.27.05.csv@902   reward=QoE=   18.78 eps=0.780 loss=1.0835
[ep  175] redandblack  driving_B_2020.02.13_15.02.01.csv@1823  reward=QoE=   43.88 eps=0.779 loss=1.1667
[ep  176] soldier      static_B_2019.12.16_13.40.04.csv@726   reward=QoE=   54.70 eps=0.777 loss=1.2076
[ep  177] longdress    driving_B_2019.12.17_07.32.39.csv@1758  reward=QoE=  -97.40 eps=0.776 loss=0.9704
[ep  178] loot         static_B_2020.02.27_18.39.27.csv@2978  reward=QoE=   51.99 eps=0.775 loss=1.0879
[ep  179] redandblack  driving_B_2019.12.17_07.32.39.csv@2288  reward=QoE=   17.13 eps=0.773 loss=1.0893
[ep  180] soldier      static_B_2019.12.16_13.40.04.csv@1686  reward=QoE=   30.01 eps=0.772 loss=1.0104
[ep  181] longdress    driving_B_2019.12.17_07.32.39.csv@78    reward=QoE=  -25.36 eps=0.771 loss=1.0171
[ep  182] loot         static_B_2020.02.27_18.39.27.csv@5498  reward=QoE=   41.09 eps=0.770 loss=0.9660
[ep  183] redandblack  driving_B_2020.02.13_15.02.01.csv@1463  reward=QoE= -132.59 eps=0.768 loss=1.0922
[ep  184] soldier      driving_B_2020.02.14_12.58.17.csv@764   reward=QoE= -202.64 eps=0.767 loss=1.0617
[ep  185] longdress    driving_B_2020.02.14_09.38.22.csv@942   reward=QoE=   38.65 eps=0.766 loss=1.0668
[ep  186] loot         driving_B_2019.12.16_12.27.05.csv@362   reward=QoE=  -16.57 eps=0.765 loss=1.0118
[ep  187] redandblack  driving_B_2020.02.13_13.03.24.csv@1709  reward=QoE=   37.83 eps=0.763 loss=0.9439
[ep  188] soldier      static_B_2020.02.27_18.39.27.csv@3518  reward=QoE=   20.80 eps=0.762 loss=1.0302
[ep  189] longdress    static_B_2020.02.27_18.39.27.csv@1058  reward=QoE=   48.42 eps=0.761 loss=1.0857
[ep  190] loot         driving_B_2020.02.14_09.38.22.csv@162   reward=QoE= -122.14 eps=0.760 loss=0.9974
[ep  191] redandblack  driving_B_2020.02.14_09.38.22.csv@1122  reward=QoE=  -92.11 eps=0.758 loss=1.0525
[ep  192] soldier      static_B_2020.02.27_18.39.27.csv@578   reward=QoE=  -19.36 eps=0.757 loss=1.0932
[ep  193] longdress    static_B_2020.02.27_18.39.27.csv@3398  reward=QoE=   41.08 eps=0.756 loss=1.0099
[ep  194] loot         static_B_2020.02.27_18.39.27.csv@338   reward=QoE=   45.67 eps=0.754 loss=1.0259
[ep  195] redandblack  driving_B_2020.02.14_12.58.17.csv@104   reward=QoE=  -42.09 eps=0.753 loss=0.9152
[ep  196] soldier      static_B_2020.02.27_18.39.27.csv@5742  reward=QoE=   32.30 eps=0.752 loss=1.1128
[ep  197] longdress    driving_B_2020.01.16_09.56.56.csv@1128  reward=QoE=   -4.31 eps=0.751 loss=1.0079
[ep  198] loot         driving_B_2020.02.13_15.02.01.csv@2603  reward=QoE=   44.15 eps=0.749 loss=0.9601
[ep  199] redandblack  driving_B_2020.01.16_09.56.56.csv@1008  reward=QoE=   49.53 eps=0.748 loss=1.1090
[ep  200] soldier      driving_B_2020.02.13_13.03.24.csv@1769  reward=QoE=  -12.37 eps=0.747 loss=1.0396
[ep  201] longdress    driving_B_2020.02.13_15.02.01.csv@2243  reward=QoE=   23.44 eps=0.746 loss=0.9603
[ep  202] loot         driving_B_2020.01.16_12.10.03.csv@189   reward=QoE=   46.57 eps=0.744 loss=1.2327
[ep  203] redandblack  static_B_2020.02.27_18.39.27.csv@3578  reward=QoE=   12.83 eps=0.743 loss=1.0523
[ep  204] soldier      driving_B_2020.02.13_15.02.01.csv@1583  reward=QoE= -453.20 eps=0.742 loss=1.1688
[ep  205] longdress    static_B_2020.02.27_18.39.27.csv@4118  reward=QoE=   37.79 eps=0.741 loss=1.1123
[ep  206] loot         static_B_2020.02.27_18.39.27.csv@3158  reward=QoE= -358.70 eps=0.739 loss=1.1198
[ep  207] redandblack  driving_B_2020.02.13_15.02.01.csv@2723  reward=QoE=  -95.21 eps=0.738 loss=1.1568
[ep  208] soldier      driving_B_2020.02.14_09.38.22.csv@762   reward=QoE=  -43.35 eps=0.737 loss=1.1125
[ep  209] longdress    static_B_2020.02.27_18.39.27.csv@1358  reward=QoE=   36.10 eps=0.735 loss=1.1669
[ep  210] loot         driving_B_2020.01.16_07.26.43.csv@944   reward=QoE= -116.94 eps=0.734 loss=1.0857
[ep  211] redandblack  static_B_2019.12.16_13.40.04.csv@1026  reward=QoE=   25.94 eps=0.733 loss=0.9721
[ep  212] soldier      driving_B_2020.02.13_15.02.01.csv@383   reward=QoE=   32.52 eps=0.732 loss=1.0744
[ep  213] longdress    driving_B_2020.02.13_13.03.24.csv@1109  reward=QoE= -154.82 eps=0.730 loss=1.0934
[ep  214] loot         driving_B_2020.01.16_07.26.43.csv@764   reward=QoE=   31.36 eps=0.729 loss=1.0818
[ep  215] redandblack  driving_B_2020.02.14_12.58.17.csv@44    reward=QoE= -108.01 eps=0.728 loss=1.2921
[ep  216] soldier      static_B_2020.02.27_18.39.27.csv@2198  reward=QoE=   44.31 eps=0.727 loss=1.1584
[ep  217] longdress    driving_B_2020.01.16_12.10.03.csv@9     reward=QoE=   38.78 eps=0.725 loss=1.0393
[ep  218] loot         driving_B_2019.12.17_07.32.39.csv@1938  reward=QoE=   42.41 eps=0.724 loss=1.1905
[ep  219] redandblack  driving_B_2020.02.13_15.02.01.csv@1283  reward=QoE= -122.62 eps=0.723 loss=1.1392
[ep  220] soldier      driving_B_2019.12.16_12.27.05.csv@122   reward=QoE=  -76.12 eps=0.722 loss=1.1227
[ep  221] longdress    static_B_2019.12.16_13.40.04.csv@6     reward=QoE=   45.76 eps=0.720 loss=1.2351
[ep  222] loot         driving_B_2020.01.16_07.26.43.csv@1244  reward=QoE=   -3.58 eps=0.719 loss=1.1207
[ep  223] redandblack  static_B_2020.02.27_18.39.27.csv@3098  reward=QoE=  -29.46 eps=0.718 loss=1.0636
[ep  224] soldier      driving_B_2020.01.16_07.26.43.csv@1544  reward=QoE= -139.93 eps=0.717 loss=1.0628
[ep  225] longdress    driving_B_2020.02.13_15.02.01.csv@923   reward=QoE=   42.93 eps=0.715 loss=1.1829
[ep  226] loot         driving_B_2020.01.16_12.10.03.csv@129   reward=QoE=   45.46 eps=0.714 loss=0.8847
[ep  227] redandblack  driving_B_2019.12.16_12.27.05.csv@1082  reward=QoE=   22.93 eps=0.713 loss=1.0688
[ep  228] soldier      static_B_2020.02.27_18.39.27.csv@3938  reward=QoE=   53.94 eps=0.711 loss=0.9587
[ep  229] longdress    driving_B_2020.02.13_15.02.01.csv@23    reward=QoE=   39.05 eps=0.710 loss=0.9427
[ep  230] loot         driving_B_2020.02.14_09.38.22.csv@102   reward=QoE=  -95.85 eps=0.709 loss=0.9607
[ep  231] redandblack  driving_B_2020.01.16_07.26.43.csv@524   reward=QoE=  -47.69 eps=0.708 loss=1.0007
[ep  232] soldier      driving_B_2020.02.13_15.02.01.csv@863   reward=QoE=    7.72 eps=0.706 loss=1.0523
[ep  233] longdress    driving_B_2020.01.16_12.10.03.csv@69    reward=QoE=   37.84 eps=0.705 loss=1.0085
[ep  234] loot         driving_B_2020.01.16_07.26.43.csv@464   reward=QoE=  -87.99 eps=0.704 loss=1.0182
[ep  235] redandblack  driving_B_2019.12.17_07.32.39.csv@138   reward=QoE=  -32.94 eps=0.703 loss=1.1688
[ep  236] soldier      driving_B_2019.12.16_12.27.05.csv@662   reward=QoE= -111.49 eps=0.701 loss=1.0788
[ep  237] longdress    static_B_2020.02.14_13.21.26.csv@689   reward=QoE=   49.74 eps=0.700 loss=1.0198
[ep  238] loot         driving_B_2019.12.17_07.32.39.csv@1818  reward=QoE=  -83.79 eps=0.699 loss=1.0148
[ep  239] redandblack  driving_B_2020.01.16_07.26.43.csv@104   reward=QoE=  -11.30 eps=0.698 loss=1.0910
[ep  240] soldier      static_B_2020.02.27_18.39.27.csv@5558  reward=QoE=   45.64 eps=0.696 loss=1.0947
[ep  241] longdress    driving_B_2019.12.17_07.32.39.csv@1038  reward=QoE=  -43.71 eps=0.695 loss=1.1758
[ep  242] loot         driving_B_2020.02.13_13.03.24.csv@1229  reward=QoE=  -63.33 eps=0.694 loss=1.0760
[ep  243] redandblack  driving_B_2020.02.13_13.03.24.csv@689   reward=QoE=  -53.34 eps=0.692 loss=1.1711
[ep  244] soldier      driving_B_2019.12.17_07.32.39.csv@798   reward=QoE=  -95.85 eps=0.691 loss=1.0713
[ep  245] longdress    static_B_2020.02.27_18.39.27.csv@2018  reward=QoE=   21.18 eps=0.690 loss=0.9295
[ep  246] loot         driving_B_2020.02.27_17.30.15.csv@650   reward=QoE= -187.54 eps=0.689 loss=0.9955
[ep  247] redandblack  driving_B_2020.01.16_07.26.43.csv@1184  reward=QoE=  -57.05 eps=0.687 loss=1.1266
[ep  248] soldier      static_B_2020.02.27_18.39.27.csv@3698  reward=QoE=   53.28 eps=0.686 loss=1.1926
[ep  249] longdress    static_B_2020.02.27_18.39.27.csv@5078  reward=QoE=   49.86 eps=0.685 loss=1.0846
[ep  250] loot         driving_B_2020.02.14_12.58.17.csv@800   reward=QoE=  -67.67 eps=0.684 loss=1.0561
[ep  251] redandblack  static_B_2020.02.27_18.39.27.csv@4418  reward=QoE=   40.04 eps=0.682 loss=0.9818
[ep  252] soldier      driving_B_2020.02.27_17.30.15.csv@350   reward=QoE= -116.11 eps=0.681 loss=1.2477
[ep  253] longdress    driving_B_2019.12.17_07.32.39.csv@378   reward=QoE=   26.63 eps=0.680 loss=1.0563
[ep  254] loot         driving_B_2020.01.16_09.56.56.csv@948   reward=QoE=    3.18 eps=0.679 loss=0.9300
[ep  255] redandblack  static_B_2019.12.16_13.40.04.csv@906   reward=QoE=  -18.73 eps=0.677 loss=1.1077
[ep  256] soldier      driving_B_2020.01.16_09.56.56.csv@588   reward=QoE=   58.93 eps=0.676 loss=1.1121
[ep  257] longdress    static_B_2020.02.27_18.39.27.csv@1118  reward=QoE=  -47.07 eps=0.675 loss=1.0990
[ep  258] loot         static_B_2020.02.27_18.39.27.csv@2918  reward=QoE=   33.97 eps=0.673 loss=1.0522
[ep  259] redandblack  driving_B_2020.02.27_17.30.15.csv@710   reward=QoE= -156.64 eps=0.672 loss=1.2048
[ep  260] soldier      static_B_2020.02.27_18.39.27.csv@518   reward=QoE=  -14.18 eps=0.671 loss=1.0625
[ep  261] longdress    driving_B_2019.12.16_12.27.05.csv@182   reward=QoE=  -38.83 eps=0.670 loss=1.0898
[ep  262] loot         driving_B_2020.02.13_13.03.24.csv@29    reward=QoE=  -40.79 eps=0.668 loss=1.1278
[ep  263] redandblack  driving_B_2020.01.16_07.26.43.csv@1124  reward=QoE=    4.88 eps=0.667 loss=1.0794
[ep  264] soldier      driving_B_2020.02.13_15.02.01.csv@2123  reward=QoE=   25.85 eps=0.666 loss=1.1066
[ep  265] longdress    driving_B_2020.02.14_09.38.22.csv@1002  reward=QoE= -112.09 eps=0.665 loss=1.1457
[ep  266] loot         driving_B_2020.01.16_07.26.43.csv@344   reward=QoE=  -94.71 eps=0.663 loss=0.9679
[ep  267] redandblack  driving_B_2020.01.16_09.56.56.csv@1188  reward=QoE=   36.78 eps=0.662 loss=0.9510
[ep  268] soldier      driving_B_2020.02.13_13.03.24.csv@449   reward=QoE=  -75.87 eps=0.661 loss=1.0651
[ep  269] longdress    static_B_2019.12.16_13.40.04.csv@966   reward=QoE=   -1.43 eps=0.660 loss=1.2054
[ep  270] loot         driving_B_2019.12.17_07.32.39.csv@2178  reward=QoE=  -27.02 eps=0.658 loss=1.0279
[ep  271] redandblack  driving_B_2020.02.27_17.30.15.csv@230   reward=QoE= -518.76 eps=0.657 loss=1.0183
[ep  272] soldier      driving_B_2020.02.27_17.30.15.csv@170   reward=QoE= -475.32 eps=0.656 loss=1.0835
[ep  273] longdress    driving_B_2020.02.27_17.30.15.csv@410   reward=QoE= -600.74 eps=0.654 loss=1.0719
[ep  274] loot         driving_B_2019.12.16_12.27.05.csv@722   reward=QoE=   43.36 eps=0.653 loss=1.0516
[ep  275] redandblack  driving_B_2019.12.16_12.27.05.csv@782   reward=QoE=   26.40 eps=0.652 loss=1.0519
[ep  276] soldier      static_B_2020.02.27_18.39.27.csv@4778  reward=QoE=   43.64 eps=0.651 loss=1.1202
[ep  277] longdress    static_B_2019.12.16_13.40.04.csv@606   reward=QoE=   17.28 eps=0.649 loss=1.1120
[ep  278] loot         driving_B_2020.02.27_17.30.15.csv@110   reward=QoE= -244.76 eps=0.648 loss=1.1451
[ep  279] redandblack  static_B_2020.02.27_18.39.27.csv@2858  reward=QoE=   46.80 eps=0.647 loss=1.0743
[ep  280] soldier      static_B_2020.02.27_18.39.27.csv@3038  reward=QoE=   26.47 eps=0.646 loss=1.1858
[ep  281] longdress    driving_B_2020.01.16_09.56.56.csv@1368  reward=QoE=   19.61 eps=0.644 loss=1.1284
[ep  282] loot         driving_B_2020.02.13_15.02.01.csv@2063  reward=QoE=  -39.68 eps=0.643 loss=1.2248
[ep  283] redandblack  driving_B_2020.02.13_15.02.01.csv@1883  reward=QoE=  -21.97 eps=0.642 loss=1.2704
[ep  284] soldier      driving_B_2020.01.16_09.56.56.csv@1068  reward=QoE=  -27.01 eps=0.641 loss=1.1944
[ep  285] longdress    static_B_2019.12.16_13.40.04.csv@1266  reward=QoE=  -30.24 eps=0.639 loss=0.9689
[ep  286] loot         driving_B_2020.02.13_15.02.01.csv@683   reward=QoE=   24.82 eps=0.638 loss=1.0641
[ep  287] redandblack  driving_B_2020.01.16_09.56.56.csv@1248  reward=QoE=   14.85 eps=0.637 loss=1.0757
[ep  288] soldier      driving_B_2020.02.13_13.03.24.csv@1589  reward=QoE= -243.51 eps=0.636 loss=0.9944
[ep  289] longdress    driving_B_2020.01.16_09.56.56.csv@1570  reward=QoE=   -0.46 eps=0.634 loss=1.1997
[ep  290] loot         static_B_2019.12.16_13.40.04.csv@1904  reward=QoE=   13.59 eps=0.633 loss=1.0555
[ep  291] redandblack  driving_B_2020.01.16_09.56.56.csv@228   reward=QoE=   15.32 eps=0.632 loss=1.1480
[ep  292] soldier      driving_B_2020.01.16_07.26.43.csv@1770  reward=QoE= -103.18 eps=0.630 loss=1.0965
[ep  293] longdress    static_B_2019.12.16_13.40.04.csv@366   reward=QoE=   13.57 eps=0.629 loss=1.0665
[ep  294] loot         static_B_2020.02.27_18.39.27.csv@1898  reward=QoE=   51.57 eps=0.628 loss=1.0860
[ep  295] redandblack  driving_B_2019.12.17_07.32.39.csv@318   reward=QoE=    1.16 eps=0.627 loss=1.0516
[ep  296] soldier      driving_B_2020.02.13_15.02.01.csv@743   reward=QoE=  -27.83 eps=0.625 loss=1.1010
[ep  297] longdress    driving_B_2020.02.13_15.02.01.csv@2303  reward=QoE= -175.28 eps=0.624 loss=1.0493
[ep  298] loot         driving_B_2020.02.13_15.02.01.csv@143   reward=QoE=   41.36 eps=0.623 loss=0.9925
[ep  299] redandblack  driving_B_2020.02.13_15.02.01.csv@2663  reward=QoE=  -63.43 eps=0.622 loss=1.1809
[ep  300] soldier      driving_B_2020.02.13_13.03.24.csv@389   reward=QoE=  -55.50 eps=0.620 loss=1.0499
[ep  301] longdress    driving_B_2020.02.13_15.02.01.csv@2483  reward=QoE= -195.77 eps=0.619 loss=1.0877
[ep  302] loot         static_B_2020.02.27_18.39.27.csv@4238  reward=QoE=   42.77 eps=0.618 loss=1.1426
[ep  303] redandblack  driving_B_2020.01.16_09.56.56.csv@408   reward=QoE=   -7.03 eps=0.617 loss=1.2350
[ep  304] soldier      driving_B_2020.02.13_15.02.01.csv@2543  reward=QoE=  -10.30 eps=0.615 loss=1.1908
[ep  305] longdress    driving_B_2020.01.16_09.56.56.csv@768   reward=QoE=   27.85 eps=0.614 loss=1.0673
[ep  306] loot         driving_B_2019.12.17_07.32.39.csv@1578  reward=QoE=  -54.05 eps=0.613 loss=1.2774
[ep  307] redandblack  driving_B_2019.12.16_12.27.05.csv@1022  reward=QoE=   43.96 eps=0.611 loss=1.1603
[ep  308] soldier      static_B_2020.02.27_18.39.27.csv@2798  reward=QoE=   48.22 eps=0.610 loss=0.9953
[ep  309] longdress    driving_B_2020.02.13_15.02.01.csv@1943  reward=QoE=   16.55 eps=0.609 loss=0.9899
[ep  310] loot         driving_B_2020.02.13_15.02.01.csv@563   reward=QoE=  -14.85 eps=0.608 loss=1.1788
[ep  311] redandblack  driving_B_2020.02.14_09.38.22.csv@1242  reward=QoE=  -23.43 eps=0.606 loss=1.2247
[ep  312] soldier      driving_B_2020.02.13_13.03.24.csv@329   reward=QoE=  -90.15 eps=0.605 loss=1.2524
[ep  313] longdress    static_B_2020.02.27_18.39.27.csv@5742  reward=QoE=   42.00 eps=0.604 loss=1.0745
[ep  314] loot         static_B_2019.12.16_13.40.04.csv@186   reward=QoE=   38.80 eps=0.603 loss=1.0760
[ep  315] redandblack  driving_B_2019.12.17_07.32.39.csv@2288  reward=QoE=   36.16 eps=0.601 loss=1.1599
[ep  316] soldier      driving_B_2020.02.13_15.02.01.csv@443   reward=QoE=  -13.33 eps=0.600 loss=1.1191
[ep  317] longdress    driving_B_2019.12.16_12.27.05.csv@482   reward=QoE= -312.85 eps=0.599 loss=1.1859
[ep  318] loot         static_B_2020.02.27_18.39.27.csv@2318  reward=QoE=   46.13 eps=0.598 loss=1.0898
[ep  319] redandblack  static_B_2020.02.27_18.39.27.csv@4958  reward=QoE=   67.52 eps=0.596 loss=1.0721
[ep  320] soldier      static_B_2020.02.27_18.39.27.csv@5018  reward=QoE=   42.99 eps=0.595 loss=1.1692
[ep  321] longdress    driving_B_2019.12.16_12.27.05.csv@62    reward=QoE=  -43.92 eps=0.594 loss=1.0486
[ep  322] loot         driving_B_2020.01.16_07.26.43.csv@884   reward=QoE=  -62.78 eps=0.592 loss=1.1573
[ep  323] redandblack  driving_B_2019.12.16_12.27.05.csv@1142  reward=QoE=   -0.74 eps=0.591 loss=1.1374
[ep  324] soldier      static_B_2019.12.16_13.40.04.csv@1866  reward=QoE= -276.72 eps=0.590 loss=1.0961
[ep  325] longdress    driving_B_2020.02.14_09.38.22.csv@822   reward=QoE=  -26.43 eps=0.589 loss=1.1624
[ep  326] loot         driving_B_2020.02.14_09.38.22.csv@282   reward=QoE=  -87.52 eps=0.587 loss=1.0321
[ep  327] redandblack  static_B_2019.12.16_13.40.04.csv@306   reward=QoE=    1.46 eps=0.586 loss=1.1537
[ep  328] soldier      driving_B_2019.12.17_07.32.39.csv@2058  reward=QoE=    3.22 eps=0.585 loss=1.0124
[ep  329] longdress    driving_B_2020.02.13_13.03.24.csv@1829  reward=QoE= -936.14 eps=0.584 loss=1.3011
[ep  330] loot         static_B_2019.12.16_13.40.04.csv@1446  reward=QoE=   53.34 eps=0.582 loss=1.0950
[ep  331] redandblack  static_B_2020.02.27_18.39.27.csv@4838  reward=QoE=   49.14 eps=0.581 loss=1.2614
[ep  332] soldier      driving_B_2019.12.17_07.32.39.csv@1398  reward=QoE= -168.62 eps=0.580 loss=1.1966
[ep  333] longdress    static_B_2020.02.27_18.39.27.csv@698   reward=QoE=   63.56 eps=0.579 loss=1.3482
[ep  334] loot         static_B_2020.02.27_18.39.27.csv@4538  reward=QoE=   40.26 eps=0.577 loss=1.1690
[ep  335] redandblack  driving_B_2020.02.13_15.02.01.csv@1103  reward=QoE=   12.78 eps=0.576 loss=1.1867
[ep  336] soldier      driving_B_2019.12.17_07.32.39.csv@1278  reward=QoE=  -17.09 eps=0.575 loss=1.2273
[ep  337] longdress    static_B_2020.02.14_13.21.26.csv@329   reward=QoE=   40.86 eps=0.573 loss=1.1436
[ep  338] loot         driving_B_2020.02.13_15.02.01.csv@2754  reward=QoE=  -35.73 eps=0.572 loss=1.0661
[ep  339] redandblack  driving_B_2020.02.14_12.58.17.csv@164   reward=QoE= -428.40 eps=0.571 loss=1.1302
[ep  340] soldier      driving_B_2019.12.17_07.32.39.csv@18    reward=QoE=  -45.37 eps=0.570 loss=1.0854
[ep  341] longdress    static_B_2020.02.27_18.39.27.csv@5258  reward=QoE=   61.72 eps=0.568 loss=1.0849
[ep  342] loot         driving_B_2020.02.13_15.02.01.csv@1223  reward=QoE=   29.94 eps=0.567 loss=1.2764
[ep  343] redandblack  static_B_2020.02.27_18.39.27.csv@4598  reward=QoE=   18.99 eps=0.566 loss=1.0347
[ep  344] soldier      driving_B_2020.02.13_13.03.24.csv@1529  reward=QoE=  -86.92 eps=0.565 loss=1.2513
[ep  345] longdress    driving_B_2019.12.17_07.32.39.csv@2238  reward=QoE=   38.09 eps=0.563 loss=1.2560
[ep  346] loot         static_B_2020.02.27_18.39.27.csv@1238  reward=QoE=   51.19 eps=0.562 loss=1.2567
[ep  347] redandblack  static_B_2019.12.16_13.40.04.csv@786   reward=QoE=   41.75 eps=0.561 loss=1.2115
[ep  348] soldier      driving_B_2019.12.17_07.32.39.csv@918   reward=QoE=  -89.29 eps=0.560 loss=1.1242
[ep  349] longdress    static_B_2020.02.14_13.21.26.csv@389   reward=QoE=   54.61 eps=0.558 loss=1.2136
[ep  350] loot         static_B_2020.02.27_18.39.27.csv@1538  reward=QoE=   64.08 eps=0.557 loss=1.1819
[ep  351] redandblack  static_B_2020.02.27_18.39.27.csv@3818  reward=QoE=   32.44 eps=0.556 loss=1.2078
[ep  352] soldier      driving_B_2020.02.13_15.02.01.csv@1403  reward=QoE=  -81.60 eps=0.555 loss=1.0421
[ep  353] longdress    driving_B_2020.02.13_13.03.24.csv@629   reward=QoE=  -69.36 eps=0.553 loss=1.1990
[ep  354] loot         static_B_2019.12.16_13.40.04.csv@1904  reward=QoE=   19.96 eps=0.552 loss=1.1483
[ep  355] redandblack  static_B_2020.02.27_18.39.27.csv@3998  reward=QoE=   56.27 eps=0.551 loss=1.3434
[ep  356] soldier      driving_B_2020.02.13_13.03.24.csv@2188  reward=QoE= -181.65 eps=0.549 loss=1.0725
[ep  357] longdress    driving_B_2019.12.17_07.32.39.csv@1218  reward=QoE=   49.94 eps=0.548 loss=1.2172
[ep  358] loot         driving_B_2020.01.16_07.26.43.csv@224   reward=QoE=  -14.96 eps=0.547 loss=1.1131
[ep  359] redandblack  driving_B_2020.01.16_07.26.43.csv@1484  reward=QoE=  -16.22 eps=0.546 loss=1.2469
[ep  360] soldier      driving_B_2020.02.14_09.38.22.csv@702   reward=QoE=   48.25 eps=0.544 loss=1.0953
[ep  361] longdress    static_B_2020.02.27_18.39.27.csv@2378  reward=QoE=  -14.13 eps=0.543 loss=1.3958
[ep  362] loot         static_B_2020.02.27_18.39.27.csv@1298  reward=QoE=   57.37 eps=0.542 loss=1.1238
[ep  363] redandblack  static_B_2019.12.16_13.40.04.csv@66    reward=QoE=   42.92 eps=0.541 loss=1.1404
[ep  364] soldier      static_B_2020.02.27_18.39.27.csv@2738  reward=QoE=   65.03 eps=0.539 loss=1.0876
[ep  365] longdress    driving_B_2020.02.13_15.02.01.csv@263   reward=QoE=   58.16 eps=0.538 loss=1.2031
[ep  366] loot         static_B_2020.02.27_18.39.27.csv@758   reward=QoE=   44.76 eps=0.537 loss=1.2439
[ep  367] redandblack  driving_B_2020.02.14_09.38.22.csv@1302  reward=QoE=   60.05 eps=0.536 loss=1.1743
[ep  368] soldier      static_B_2020.02.14_13.21.26.csv@850   reward=QoE=   22.95 eps=0.534 loss=1.1738
[ep  369] longdress    driving_B_2019.12.17_07.32.39.csv@1638  reward=QoE=   14.92 eps=0.533 loss=1.0748
[ep  370] loot         static_B_2020.02.27_18.39.27.csv@3758  reward=QoE=   51.15 eps=0.532 loss=1.1478
[ep  371] redandblack  static_B_2020.02.27_18.39.27.csv@1718  reward=QoE=   48.43 eps=0.530 loss=1.0973
[ep  372] soldier      static_B_2020.02.27_18.39.27.csv@818   reward=QoE=   62.76 eps=0.529 loss=1.2969
[ep  373] longdress    static_B_2020.02.27_18.39.27.csv@938   reward=QoE=   38.04 eps=0.528 loss=1.2100
[ep  374] loot         static_B_2019.12.16_13.40.04.csv@1806  reward=QoE=   52.73 eps=0.527 loss=1.1650
[ep  375] redandblack  driving_B_2019.12.17_07.32.39.csv@1878  reward=QoE=    6.11 eps=0.525 loss=1.2242
[ep  376] soldier      static_B_2020.02.27_18.39.27.csv@5438  reward=QoE=   15.20 eps=0.524 loss=1.0425
[ep  377] longdress    driving_B_2020.02.27_17.30.15.csv@720   reward=QoE= -213.17 eps=0.523 loss=1.1660
[ep  378] loot         driving_B_2019.12.17_07.32.39.csv@1098  reward=QoE=  -27.98 eps=0.522 loss=1.1072
[ep  379] redandblack  driving_B_2020.02.13_13.03.24.csv@809   reward=QoE=   -8.11 eps=0.520 loss=1.0636
[ep  380] soldier      driving_B_2020.02.13_13.03.24.csv@1469  reward=QoE=   -4.51 eps=0.519 loss=1.1775
[ep  381] longdress    driving_B_2020.01.16_07.26.43.csv@1424  reward=QoE=  -60.42 eps=0.518 loss=1.2102
[ep  382] loot         static_B_2020.02.27_18.39.27.csv@3878  reward=QoE=  -11.57 eps=0.517 loss=1.1447
[ep  383] redandblack  driving_B_2020.01.16_09.56.56.csv@168   reward=QoE=   40.49 eps=0.515 loss=1.0707
[ep  384] soldier      driving_B_2019.12.17_07.32.39.csv@618   reward=QoE=  -69.54 eps=0.514 loss=1.0923
[ep  385] longdress    static_B_2019.12.16_13.40.04.csv@1626  reward=QoE=   54.62 eps=0.513 loss=1.1885
[ep  386] loot         driving_B_2019.12.17_07.32.39.csv@258   reward=QoE=  -26.68 eps=0.511 loss=1.1615
[ep  387] redandblack  driving_B_2019.12.17_07.32.39.csv@678   reward=QoE=   -7.90 eps=0.510 loss=1.2325
[ep  388] soldier      static_B_2020.02.27_18.39.27.csv@4898  reward=QoE=  -25.12 eps=0.509 loss=1.1161
[ep  389] longdress    driving_B_2020.01.16_09.56.56.csv@48    reward=QoE=  -46.79 eps=0.508 loss=1.2578
[ep  390] loot         static_B_2019.12.16_13.40.04.csv@1506  reward=QoE=   39.29 eps=0.506 loss=1.0787
[ep  391] redandblack  driving_B_2020.02.13_13.03.24.csv@749   reward=QoE=  -68.54 eps=0.505 loss=1.0612
[ep  392] soldier      driving_B_2020.02.27_17.30.15.csv@290   reward=QoE= -257.44 eps=0.504 loss=1.2897
[ep  393] longdress    static_B_2020.02.14_13.21.26.csv@149   reward=QoE=   49.72 eps=0.503 loss=1.2063
[ep  394] loot         driving_B_2020.02.13_15.02.01.csv@2003  reward=QoE=   59.10 eps=0.501 loss=1.0797
[ep  395] redandblack  driving_B_2020.01.16_07.26.43.csv@284   reward=QoE=   10.91 eps=0.500 loss=1.0689
[ep  396] soldier      driving_B_2020.02.14_12.58.17.csv@800   reward=QoE= -121.48 eps=0.499 loss=1.1437
[ep  397] longdress    driving_B_2020.02.27_17.30.15.csv@470   reward=QoE= -258.62 eps=0.498 loss=1.1097
[ep  398] loot         driving_B_2020.01.16_07.26.43.csv@1304  reward=QoE=   30.56 eps=0.496 loss=1.2087
[ep  399] redandblack  driving_B_2019.12.17_07.32.39.csv@1698  reward=QoE=  -80.21 eps=0.495 loss=1.1630
[ep  400] soldier      driving_B_2020.01.16_07.26.43.csv@1064  reward=QoE=    3.98 eps=0.494 loss=1.1676
    [eval @ ep 400] reward=QoE=-1080.74 mean_q=0.503 stall=258.0s  <-- best (saved)
[ep  401] longdress    driving_B_2020.02.13_15.02.01.csv@1643  reward=QoE= -150.23 eps=0.492 loss=1.1076
[ep  402] loot         driving_B_2020.01.16_07.26.43.csv@164   reward=QoE= -182.95 eps=0.491 loss=1.3521
[ep  403] redandblack  driving_B_2019.12.17_07.32.39.csv@1998  reward=QoE=   42.52 eps=0.490 loss=1.1591
[ep  404] soldier      driving_B_2019.12.17_07.32.39.csv@498   reward=QoE= -101.46 eps=0.489 loss=1.2593
[ep  405] longdress    driving_B_2020.01.16_07.26.43.csv@1770  reward=QoE=  -67.82 eps=0.487 loss=1.1755
[ep  406] loot         driving_B_2020.02.13_15.02.01.csv@2183  reward=QoE=   29.04 eps=0.486 loss=1.2389
[ep  407] redandblack  driving_B_2020.02.14_09.38.22.csv@582   reward=QoE=    3.49 eps=0.485 loss=1.0557
[ep  408] soldier      static_B_2020.02.27_18.39.27.csv@4058  reward=QoE=   56.06 eps=0.484 loss=1.1045
[ep  409] longdress    static_B_2019.12.16_13.40.04.csv@666   reward=QoE=   53.66 eps=0.482 loss=1.2250
[ep  410] loot         static_B_2020.02.27_18.39.27.csv@38    reward=QoE=   55.24 eps=0.481 loss=1.2679
[ep  411] redandblack  driving_B_2020.02.13_15.02.01.csv@1523  reward=QoE=  -50.36 eps=0.480 loss=1.2044
[ep  412] soldier      static_B_2019.12.16_13.40.04.csv@1566  reward=QoE=   65.79 eps=0.479 loss=1.2171
[ep  413] longdress    driving_B_2020.02.14_09.38.22.csv@522   reward=QoE=    9.77 eps=0.477 loss=1.2008
[ep  414] loot         driving_B_2020.02.27_17.30.15.csv@530   reward=QoE=  -92.20 eps=0.476 loss=1.3671
[ep  415] redandblack  driving_B_2019.12.16_12.27.05.csv@542   reward=QoE=  -82.15 eps=0.475 loss=1.2602
[ep  416] soldier      static_B_2020.02.14_13.21.26.csv@509   reward=QoE=   66.24 eps=0.474 loss=1.2393
[ep  417] longdress    driving_B_2020.02.27_17.30.15.csv@50    reward=QoE= -186.89 eps=0.472 loss=1.4771
[ep  418] loot         static_B_2020.02.14_13.21.26.csv@850   reward=QoE=   26.94 eps=0.471 loss=1.1530
[ep  419] redandblack  driving_B_2020.02.13_15.02.01.csv@1292  reward=QoE= -206.02 eps=0.470 loss=1.1651
[ep  420] soldier      driving_B_2020.02.13_15.02.01.csv@1412  reward=QoE=  -78.47 eps=0.468 loss=1.1187
[ep  421] longdress    driving_B_2020.02.14_09.38.22.csv@1478  reward=QoE=  -11.33 eps=0.467 loss=1.2005
[ep  422] loot         driving_B_2020.02.13_15.02.01.csv@572   reward=QoE=    9.21 eps=0.466 loss=1.0840
[ep  423] redandblack  static_B_2020.02.27_18.39.27.csv@2928  reward=QoE=   37.74 eps=0.465 loss=1.2484
[ep  424] soldier      driving_B_2020.02.14_09.38.22.csv@412   reward=QoE=  -74.11 eps=0.463 loss=1.2220
[ep  425] longdress    driving_B_2019.12.17_07.32.39.csv@2200  reward=QoE=  -75.18 eps=0.462 loss=1.0973
[ep  426] loot         driving_B_2020.02.14_09.38.22.csv@1478  reward=QoE=  -32.02 eps=0.461 loss=1.2952
[ep  427] redandblack  driving_B_2020.02.14_09.38.22.csv@1192  reward=QoE=  -28.19 eps=0.460 loss=1.1673
[ep  428] soldier      driving_B_2020.01.16_12.10.03.csv@244   reward=QoE=   57.04 eps=0.458 loss=1.1829
[ep  429] longdress    driving_B_2020.01.16_09.56.56.csv@1516  reward=QoE=   49.68 eps=0.457 loss=1.0978
[ep  430] loot         static_B_2020.02.27_18.39.27.csv@5508  reward=QoE=   61.36 eps=0.456 loss=1.3757
[ep  431] redandblack  driving_B_2019.12.17_07.32.39.csv@1660  reward=QoE=   -7.84 eps=0.455 loss=1.2534
[ep  432] soldier      driving_B_2020.01.16_07.26.43.csv@292   reward=QoE=   -0.15 eps=0.453 loss=1.1204
[ep  433] longdress    driving_B_2020.01.16_07.26.43.csv@1612  reward=QoE= -110.12 eps=0.452 loss=1.2132
[ep  434] loot         static_B_2019.12.16_13.40.04.csv@1574  reward=QoE=   63.18 eps=0.451 loss=1.1537
[ep  435] redandblack  driving_B_2020.01.16_09.56.56.csv@1276  reward=QoE=   43.14 eps=0.449 loss=1.1938
[ep  436] soldier      driving_B_2020.01.16_12.10.03.csv@104   reward=QoE=   61.62 eps=0.448 loss=1.2703
[ep  437] longdress    static_B_2019.12.16_13.40.04.csv@194   reward=QoE=   45.94 eps=0.447 loss=1.1931
[ep  438] loot         driving_B_2020.02.13_13.03.24.csv@2141  reward=QoE= -178.02 eps=0.446 loss=1.2041
[ep  439] redandblack  driving_B_2020.02.14_09.38.22.csv@952   reward=QoE=   50.36 eps=0.444 loss=1.1932
[ep  440] soldier      driving_B_2020.02.13_15.02.01.csv@632   reward=QoE=  -58.49 eps=0.443 loss=1.3115
[ep  441] longdress    driving_B_2019.12.17_07.32.39.csv@1180  reward=QoE=  -44.93 eps=0.442 loss=1.3348
[ep  442] loot         static_B_2020.02.14_13.21.26.csv@451   reward=QoE=   49.49 eps=0.441 loss=1.3344
[ep  443] redandblack  driving_B_2019.12.17_07.32.39.csv@400   reward=QoE=   41.27 eps=0.439 loss=1.1420
[ep  444] soldier      driving_B_2020.02.14_09.38.22.csv@232   reward=QoE= -134.31 eps=0.438 loss=1.2036
[ep  445] longdress    static_B_2019.12.16_13.40.04.csv@1454  reward=QoE=   63.24 eps=0.437 loss=1.1691
[ep  446] loot         driving_B_2020.02.13_13.03.24.csv@1961  reward=QoE= -178.31 eps=0.436 loss=1.3160
[ep  447] redandblack  driving_B_2019.12.17_07.32.39.csv@340   reward=QoE=   12.40 eps=0.434 loss=1.1617
[ep  448] soldier      driving_B_2019.12.17_07.32.39.csv@1000  reward=QoE=  -84.47 eps=0.433 loss=1.2457
[ep  449] longdress    static_B_2020.02.27_18.39.27.csv@888   reward=QoE=   36.19 eps=0.432 loss=1.1893
[ep  450] loot         static_B_2020.02.27_18.39.27.csv@3588  reward=QoE=   45.30 eps=0.430 loss=1.3801
[ep  451] redandblack  driving_B_2020.02.14_12.58.17.csv@273   reward=QoE= -274.49 eps=0.429 loss=1.2079
[ep  452] soldier      driving_B_2020.01.16_12.10.03.csv@244   reward=QoE=   55.46 eps=0.428 loss=1.1926
[ep  453] longdress    driving_B_2020.02.13_15.02.01.csv@2552  reward=QoE=   31.70 eps=0.427 loss=1.1033
[ep  454] loot         driving_B_2020.01.16_09.56.56.csv@1156  reward=QoE=  -17.01 eps=0.425 loss=1.2724
[ep  455] redandblack  driving_B_2020.01.16_09.56.56.csv@736   reward=QoE=   51.43 eps=0.424 loss=1.1501
[ep  456] soldier      driving_B_2020.02.13_15.02.01.csv@212   reward=QoE=   45.23 eps=0.423 loss=1.2229
[ep  457] longdress    driving_B_2020.02.14_12.58.17.csv@33    reward=QoE=   -1.93 eps=0.422 loss=1.2598
[ep  458] loot         static_B_2019.12.16_13.40.04.csv@734   reward=QoE=   47.12 eps=0.420 loss=1.1865
[ep  459] redandblack  static_B_2019.12.16_13.40.04.csv@254   reward=QoE=   45.07 eps=0.419 loss=1.2923
[ep  460] soldier      static_B_2020.02.27_18.39.27.csv@4968  reward=QoE=   45.23 eps=0.418 loss=1.2275
[ep  461] longdress    driving_B_2020.01.16_09.56.56.csv@676   reward=QoE=  -84.03 eps=0.417 loss=1.4507
[ep  462] loot         driving_B_2020.01.16_09.56.56.csv@436   reward=QoE=  -21.14 eps=0.415 loss=1.2694
[ep  463] redandblack  driving_B_2020.02.13_13.03.24.csv@641   reward=QoE=  -15.88 eps=0.414 loss=1.2839
[ep  464] soldier      driving_B_2020.02.14_09.38.22.csv@1372  reward=QoE=   62.78 eps=0.413 loss=1.2088
[ep  465] longdress    driving_B_2020.02.27_17.30.15.csv@505   reward=QoE= -185.59 eps=0.411 loss=1.2223
[ep  466] loot         static_B_2020.02.27_18.39.27.csv@4428  reward=QoE=   59.18 eps=0.410 loss=1.2120
[ep  467] redandblack  static_B_2020.02.27_18.39.27.csv@3708  reward=QoE=   61.38 eps=0.409 loss=1.1365
[ep  468] soldier      driving_B_2020.01.16_09.56.56.csv@916   reward=QoE=  -40.64 eps=0.408 loss=1.3221
[ep  469] longdress    driving_B_2020.02.13_15.02.01.csv@392   reward=QoE=   61.07 eps=0.406 loss=1.2359
[ep  470] loot         driving_B_2020.02.13_15.02.01.csv@332   reward=QoE=   56.41 eps=0.405 loss=1.3488
[ep  471] redandblack  driving_B_2019.12.17_07.32.39.csv@460   reward=QoE=   66.06 eps=0.404 loss=1.2962
[ep  472] soldier      driving_B_2019.12.17_07.32.39.csv@1120  reward=QoE=   52.99 eps=0.403 loss=1.3436
[ep  473] longdress    driving_B_2020.01.16_09.56.56.csv@1570  reward=QoE=   20.07 eps=0.401 loss=1.2100
[ep  474] loot         static_B_2020.02.14_13.21.26.csv@91    reward=QoE=   38.63 eps=0.400 loss=1.2081
[ep  475] redandblack  driving_B_2020.02.13_15.02.01.csv@992   reward=QoE=  -53.08 eps=0.399 loss=1.1899
[ep  476] soldier      driving_B_2020.01.16_09.56.56.csv@76    reward=QoE=  -38.37 eps=0.398 loss=1.1473
[ep  477] longdress    driving_B_2019.12.17_07.32.39.csv@280   reward=QoE=   12.69 eps=0.396 loss=1.0871
[ep  478] loot         static_B_2020.02.27_18.39.27.csv@2808  reward=QoE=   61.17 eps=0.395 loss=1.3681
[ep  479] redandblack  driving_B_2020.01.16_07.26.43.csv@952   reward=QoE=  -60.18 eps=0.394 loss=1.2700
[ep  480] soldier      driving_B_2020.02.13_13.03.24.csv@821   reward=QoE=  -80.71 eps=0.393 loss=1.2100
[ep  481] longdress    static_B_2020.02.14_13.21.26.csv@751   reward=QoE=   61.48 eps=0.391 loss=1.2848
[ep  482] loot         static_B_2020.02.14_13.21.26.csv@511   reward=QoE=   63.56 eps=0.390 loss=1.4450
[ep  483] redandblack  static_B_2020.02.27_18.39.27.csv@1728  reward=QoE=   41.32 eps=0.389 loss=1.2828
[ep  484] soldier      static_B_2020.02.27_18.39.27.csv@2688  reward=QoE=   23.27 eps=0.387 loss=1.2033
[ep  485] longdress    driving_B_2020.02.13_15.02.01.csv@512   reward=QoE=    1.84 eps=0.386 loss=1.1112
[ep  486] loot         driving_B_2020.02.13_15.02.01.csv@152   reward=QoE=   57.46 eps=0.385 loss=1.3294
[ep  487] redandblack  static_B_2020.02.27_18.39.27.csv@468   reward=QoE=   41.22 eps=0.384 loss=1.3375
[ep  488] soldier      driving_B_2020.01.16_07.26.43.csv@1770  reward=QoE=  -33.92 eps=0.382 loss=1.1720
[ep  489] longdress    static_B_2020.02.27_18.39.27.csv@5148  reward=QoE=   55.63 eps=0.381 loss=1.2886
[ep  490] loot         driving_B_2020.02.14_09.38.22.csv@832   reward=QoE=  -23.80 eps=0.380 loss=1.2318
[ep  491] redandblack  driving_B_2020.02.13_15.02.01.csv@1112  reward=QoE=   61.75 eps=0.379 loss=1.1664
[ep  492] soldier      driving_B_2019.12.16_12.27.05.csv@61    reward=QoE=  -30.84 eps=0.377 loss=1.2169
[ep  493] longdress    driving_B_2020.01.16_07.26.43.csv@232   reward=QoE=   -6.40 eps=0.376 loss=1.2700
[ep  494] loot         driving_B_2020.02.14_09.38.22.csv@592   reward=QoE=   43.20 eps=0.375 loss=1.3861
[ep  495] redandblack  driving_B_2020.02.13_13.03.24.csv@101   reward=QoE=  -32.08 eps=0.374 loss=1.2725
[ep  496] soldier      driving_B_2020.01.16_07.26.43.csv@472   reward=QoE=  -51.90 eps=0.372 loss=1.2159
[ep  497] longdress    driving_B_2020.02.27_17.30.15.csv@720   reward=QoE= -180.38 eps=0.371 loss=1.1945
[ep  498] loot         static_B_2020.02.27_18.39.27.csv@2568  reward=QoE=   73.61 eps=0.370 loss=1.2570
[ep  499] redandblack  static_B_2020.02.27_18.39.27.csv@4728  reward=QoE=   39.07 eps=0.368 loss=1.1856
[ep  500] soldier      static_B_2020.02.27_18.39.27.csv@4788  reward=QoE=   53.74 eps=0.367 loss=1.1516
[ep  501] longdress    driving_B_2019.12.17_07.32.39.csv@1360  reward=QoE=   68.26 eps=0.366 loss=1.1309
[ep  502] loot         driving_B_2020.02.13_13.03.24.csv@941   reward=QoE=  -20.25 eps=0.365 loss=1.2091
[ep  503] redandblack  driving_B_2020.01.16_07.26.43.csv@1770  reward=QoE=  -33.25 eps=0.363 loss=1.2411
[ep  504] soldier      driving_B_2020.01.16_07.26.43.csv@1012  reward=QoE=   -2.34 eps=0.362 loss=1.0946
[ep  505] longdress    driving_B_2020.01.16_07.26.43.csv@412   reward=QoE=  -75.67 eps=0.361 loss=1.2533
[ep  506] loot         static_B_2020.02.27_18.39.27.csv@4668  reward=QoE=  -32.71 eps=0.360 loss=1.4624
[ep  507] redandblack  driving_B_2020.02.13_15.02.01.csv@1892  reward=QoE=   22.29 eps=0.358 loss=1.0287
[ep  508] soldier      driving_B_2020.02.27_17.30.15.csv@25    reward=QoE= -100.45 eps=0.357 loss=1.2238
[ep  509] longdress    static_B_2020.02.27_18.39.27.csv@1608  reward=QoE=   -1.56 eps=0.356 loss=1.3352
[ep  510] loot         driving_B_2019.12.17_07.32.39.csv@1720  reward=QoE=  -33.88 eps=0.355 loss=1.2853
[ep  511] redandblack  driving_B_2020.02.14_12.58.17.csv@800   reward=QoE=   -9.56 eps=0.353 loss=1.1980
[ep  512] soldier      driving_B_2020.02.13_15.02.01.csv@1772  reward=QoE=   63.00 eps=0.352 loss=1.2631
[ep  513] longdress    static_B_2019.12.16_13.40.04.csv@674   reward=QoE=   67.00 eps=0.351 loss=1.2545
[ep  514] loot         driving_B_2019.12.16_12.27.05.csv@1021  reward=QoE=   44.30 eps=0.349 loss=1.2961
[ep  515] redandblack  static_B_2020.02.27_18.39.27.csv@1248  reward=QoE=   72.53 eps=0.348 loss=1.3607
[ep  516] soldier      static_B_2019.12.16_13.40.04.csv@134   reward=QoE=   61.77 eps=0.347 loss=1.2775
[ep  517] longdress    driving_B_2020.01.16_09.56.56.csv@16    reward=QoE=   15.13 eps=0.346 loss=1.2249
[ep  518] loot         driving_B_2020.02.13_15.02.01.csv@752   reward=QoE=   43.52 eps=0.344 loss=1.2295
[ep  519] redandblack  driving_B_2020.02.13_15.02.01.csv@1472  reward=QoE=  -62.42 eps=0.343 loss=1.2753
[ep  520] soldier      driving_B_2020.01.16_07.26.43.csv@652   reward=QoE=  -23.21 eps=0.342 loss=1.2320
[ep  521] longdress    static_B_2020.02.27_18.39.27.csv@5208  reward=QoE=   -9.55 eps=0.341 loss=1.3562
[ep  522] loot         driving_B_2020.02.14_09.38.22.csv@172   reward=QoE=  -65.97 eps=0.339 loss=1.2614
[ep  523] redandblack  driving_B_2020.02.13_15.02.01.csv@1652  reward=QoE= -147.24 eps=0.338 loss=1.2157
[ep  524] soldier      driving_B_2019.12.16_12.27.05.csv@1     reward=QoE=   18.09 eps=0.337 loss=1.1905
[ep  525] longdress    static_B_2020.02.27_18.39.27.csv@348   reward=QoE=   61.74 eps=0.336 loss=1.2318
[ep  526] loot         static_B_2020.02.27_18.39.27.csv@3288  reward=QoE=   72.16 eps=0.334 loss=1.2577
[ep  527] redandblack  driving_B_2020.02.14_12.58.17.csv@753   reward=QoE= -186.88 eps=0.333 loss=1.2681
[ep  528] soldier      driving_B_2020.01.16_07.26.43.csv@1312  reward=QoE=   41.61 eps=0.332 loss=1.2378
[ep  529] longdress    driving_B_2020.02.14_12.58.17.csv@453   reward=QoE= -336.82 eps=0.330 loss=1.2766
[ep  530] loot         static_B_2020.02.27_18.39.27.csv@4548  reward=QoE=   55.76 eps=0.329 loss=1.2150
[ep  531] redandblack  driving_B_2020.02.14_12.58.17.csv@513   reward=QoE= -119.60 eps=0.328 loss=1.1486
[ep  532] soldier      static_B_2020.02.27_18.39.27.csv@2988  reward=QoE=   41.03 eps=0.327 loss=1.3438
[ep  533] longdress    driving_B_2020.02.14_12.58.17.csv@573   reward=QoE=   -4.85 eps=0.325 loss=1.1263
[ep  534] loot         driving_B_2019.12.17_07.32.39.csv@2288  reward=QoE=   55.13 eps=0.324 loss=1.3434
[ep  535] redandblack  static_B_2020.02.27_18.39.27.csv@588   reward=QoE=   17.85 eps=0.323 loss=1.3127
[ep  536] soldier      driving_B_2020.02.27_17.30.15.csv@685   reward=QoE= -115.42 eps=0.322 loss=1.1971
[ep  537] longdress    static_B_2019.12.16_13.40.04.csv@1514  reward=QoE=   57.95 eps=0.320 loss=1.3356
[ep  538] loot         static_B_2020.02.14_13.21.26.csv@571   reward=QoE=   77.66 eps=0.319 loss=1.2036
[ep  539] redandblack  driving_B_2020.02.13_15.02.01.csv@1712  reward=QoE=   64.96 eps=0.318 loss=1.2815
[ep  540] soldier      driving_B_2019.12.17_07.32.39.csv@1840  reward=QoE=  -46.52 eps=0.317 loss=1.2590
[ep  541] longdress    static_B_2020.02.27_18.39.27.csv@228   reward=QoE=   64.33 eps=0.315 loss=1.1544
[ep  542] loot         driving_B_2020.02.13_15.02.01.csv@2252  reward=QoE=   64.92 eps=0.314 loss=1.2193
[ep  543] redandblack  static_B_2020.02.27_18.39.27.csv@1308  reward=QoE=   62.36 eps=0.313 loss=1.3041
[ep  544] soldier      driving_B_2020.02.13_13.03.24.csv@1781  reward=QoE= -615.61 eps=0.312 loss=1.2760
[ep  545] longdress    static_B_2020.02.27_18.39.27.csv@168   reward=QoE=   56.57 eps=0.310 loss=1.1769
[ep  546] loot         driving_B_2020.02.13_13.03.24.csv@521   reward=QoE=    4.19 eps=0.309 loss=1.1992
[ep  547] redandblack  driving_B_2019.12.16_12.27.05.csv@361   reward=QoE=   37.17 eps=0.308 loss=1.3985
[ep  548] soldier      driving_B_2019.12.17_07.32.39.csv@1300  reward=QoE=   37.94 eps=0.306 loss=1.1644
[ep  549] longdress    driving_B_2020.02.13_15.02.01.csv@92    reward=QoE=   68.18 eps=0.305 loss=1.3120
[ep  550] loot         driving_B_2020.02.13_13.03.24.csv@1001  reward=QoE=   -0.31 eps=0.304 loss=1.2569
[ep  551] redandblack  static_B_2020.02.27_18.39.27.csv@3528  reward=QoE=   69.40 eps=0.303 loss=1.2864
[ep  552] soldier      driving_B_2020.02.13_15.02.01.csv@2754  reward=QoE=  -57.25 eps=0.301 loss=1.4598
[ep  553] longdress    driving_B_2020.01.16_09.56.56.csv@1396  reward=QoE=   24.02 eps=0.300 loss=1.3997
[ep  554] loot         static_B_2020.02.27_18.39.27.csv@1968  reward=QoE=   48.41 eps=0.299 loss=1.2218
[ep  555] redandblack  driving_B_2020.02.13_15.02.01.csv@2732  reward=QoE=   -4.90 eps=0.298 loss=1.3365
[ep  556] soldier      driving_B_2020.02.14_09.38.22.csv@1478  reward=QoE=  -11.42 eps=0.296 loss=1.3392
[ep  557] longdress    driving_B_2020.01.16_09.56.56.csv@316   reward=QoE=   12.97 eps=0.295 loss=1.4600
[ep  558] loot         driving_B_2020.02.13_13.03.24.csv@1901  reward=QoE= -394.97 eps=0.294 loss=1.3705
[ep  559] redandblack  driving_B_2019.12.17_07.32.39.csv@1960  reward=QoE=   19.83 eps=0.293 loss=1.3691
[ep  560] soldier      driving_B_2019.12.16_12.27.05.csv@721   reward=QoE=   53.01 eps=0.291 loss=1.2933
[ep  561] longdress    static_B_2020.02.27_18.39.27.csv@2028  reward=QoE=   49.62 eps=0.290 loss=1.4351
[ep  562] loot         driving_B_2020.01.16_09.56.56.csv@1570  reward=QoE=   18.75 eps=0.289 loss=1.3084
[ep  563] redandblack  static_B_2020.02.27_18.39.27.csv@2328  reward=QoE=   42.73 eps=0.287 loss=1.2491
[ep  564] soldier      driving_B_2020.02.14_12.58.17.csv@213   reward=QoE= -587.57 eps=0.286 loss=1.2871
[ep  565] longdress    driving_B_2020.02.13_15.02.01.csv@2192  reward=QoE=   49.65 eps=0.285 loss=1.3374
[ep  566] loot         static_B_2019.12.16_13.40.04.csv@1904  reward=QoE=  -63.54 eps=0.284 loss=1.3700
[ep  567] redandblack  driving_B_2020.01.16_09.56.56.csv@1096  reward=QoE=   10.68 eps=0.282 loss=1.2247
[ep  568] soldier      static_B_2020.02.27_18.39.27.csv@48    reward=QoE=   64.16 eps=0.281 loss=1.3451
[ep  569] longdress    static_B_2020.02.27_18.39.27.csv@1188  reward=QoE= -162.12 eps=0.280 loss=1.3298
[ep  570] loot         driving_B_2020.01.16_07.26.43.csv@1770  reward=QoE=   -0.27 eps=0.279 loss=1.2723
[ep  571] redandblack  static_B_2020.02.27_18.39.27.csv@408   reward=QoE=   65.23 eps=0.277 loss=1.2711
[ep  572] soldier      driving_B_2020.01.16_09.56.56.csv@856   reward=QoE=  -24.51 eps=0.276 loss=1.6488
[ep  573] longdress    driving_B_2020.02.13_15.02.01.csv@2012  reward=QoE=   63.86 eps=0.275 loss=1.2546
[ep  574] loot         driving_B_2020.02.14_09.38.22.csv@652   reward=QoE=   59.60 eps=0.274 loss=1.3435
[ep  575] redandblack  driving_B_2020.02.13_15.02.01.csv@2072  reward=QoE=  -21.84 eps=0.272 loss=1.4593
[ep  576] soldier      driving_B_2019.12.17_07.32.39.csv@220   reward=QoE=  -55.85 eps=0.271 loss=1.2848
[ep  577] longdress    driving_B_2020.01.16_09.56.56.csv@1336  reward=QoE=   66.28 eps=0.270 loss=1.4374
[ep  578] loot         static_B_2020.02.27_18.39.27.csv@5688  reward=QoE=   50.14 eps=0.268 loss=1.4880
[ep  579] redandblack  driving_B_2020.01.16_07.26.43.csv@592   reward=QoE=    6.78 eps=0.267 loss=1.3006
[ep  580] soldier      static_B_2020.02.27_18.39.27.csv@3228  reward=QoE=   28.86 eps=0.266 loss=1.3109
[ep  581] longdress    static_B_2020.02.27_18.39.27.csv@1848  reward=QoE=   -5.89 eps=0.265 loss=1.2424
[ep  582] loot         static_B_2020.02.27_18.39.27.csv@4908  reward=QoE=   13.57 eps=0.263 loss=1.2933
[ep  583] redandblack  driving_B_2019.12.16_12.27.05.csv@1152  reward=QoE=   36.80 eps=0.262 loss=1.2631
[ep  584] soldier      driving_B_2020.02.14_09.38.22.csv@1432  reward=QoE=   -7.05 eps=0.261 loss=1.2801
[ep  585] longdress    static_B_2020.02.14_13.21.26.csv@850   reward=QoE=   28.77 eps=0.260 loss=1.2437
[ep  586] loot         driving_B_2020.02.13_13.03.24.csv@1121  reward=QoE=   18.57 eps=0.258 loss=1.4110
[ep  587] redandblack  driving_B_2020.02.14_12.58.17.csv@93    reward=QoE= -113.69 eps=0.257 loss=1.3482
[ep  588] soldier      driving_B_2019.12.17_07.32.39.csv@760   reward=QoE=   -0.15 eps=0.256 loss=1.2580
[ep  589] longdress    driving_B_2019.12.17_07.32.39.csv@2288  reward=QoE=   44.94 eps=0.255 loss=1.2723
[ep  590] loot         static_B_2019.12.16_13.40.04.csv@1874  reward=QoE= -234.25 eps=0.253 loss=1.2893
[ep  591] redandblack  driving_B_2020.01.16_09.56.56.csv@556   reward=QoE=   55.67 eps=0.252 loss=1.3750
[ep  592] soldier      driving_B_2020.01.16_12.10.03.csv@44    reward=QoE=   52.18 eps=0.251 loss=1.2909
[ep  593] longdress    driving_B_2019.12.16_12.27.05.csv@481   reward=QoE= -202.28 eps=0.249 loss=1.3464
[ep  594] loot         static_B_2020.02.27_18.39.27.csv@1908  reward=QoE=   68.31 eps=0.248 loss=1.3548
[ep  595] redandblack  static_B_2020.02.27_18.39.27.csv@5328  reward=QoE=   62.17 eps=0.247 loss=1.1899
[ep  596] soldier      driving_B_2020.02.13_13.03.24.csv@1181  reward=QoE=   -7.18 eps=0.246 loss=1.3251
[ep  597] longdress    driving_B_2019.12.16_12.27.05.csv@541   reward=QoE= -113.96 eps=0.244 loss=1.1994
[ep  598] loot         driving_B_2020.02.13_13.03.24.csv@1361  reward=QoE=   19.13 eps=0.243 loss=1.3531
[ep  599] redandblack  driving_B_2020.01.16_09.56.56.csv@376   reward=QoE=    8.35 eps=0.242 loss=1.3248
[ep  600] soldier      driving_B_2019.12.16_12.27.05.csv@121   reward=QoE=  -33.02 eps=0.241 loss=1.0957
[ep  601] longdress    driving_B_2020.02.14_12.58.17.csv@693   reward=QoE=  -98.55 eps=0.239 loss=1.2809
[ep  602] loot         driving_B_2019.12.17_07.32.39.csv@2020  reward=QoE=   65.29 eps=0.238 loss=1.5889
[ep  603] redandblack  static_B_2020.02.27_18.39.27.csv@4008  reward=QoE=   46.56 eps=0.237 loss=1.3227
[ep  604] soldier      driving_B_2020.01.16_07.26.43.csv@832   reward=QoE=   20.48 eps=0.236 loss=1.4155
[ep  605] longdress    static_B_2020.02.14_13.21.26.csv@331   reward=QoE=   76.77 eps=0.234 loss=1.5509
[ep  606] loot         static_B_2020.02.14_13.21.26.csv@391   reward=QoE=   70.19 eps=0.233 loss=1.4158
[ep  607] redandblack  driving_B_2020.02.13_15.02.01.csv@2432  reward=QoE= -148.18 eps=0.232 loss=1.3478
[ep  608] soldier      static_B_2019.12.16_13.40.04.csv@1034  reward=QoE=   29.85 eps=0.231 loss=1.2871
[ep  609] longdress    driving_B_2020.01.16_07.26.43.csv@1372  reward=QoE=    8.65 eps=0.229 loss=1.3372
[ep  610] loot         driving_B_2020.02.14_09.38.22.csv@1252  reward=QoE=   18.33 eps=0.228 loss=1.3533
[ep  611] redandblack  static_B_2020.02.27_18.39.27.csv@5742  reward=QoE=   55.68 eps=0.227 loss=1.3518
[ep  612] soldier      driving_B_2019.12.17_07.32.39.csv@520   reward=QoE=  -86.12 eps=0.225 loss=1.3451
[ep  613] longdress    static_B_2020.02.27_18.39.27.csv@5568  reward=QoE=   77.52 eps=0.224 loss=1.2920
[ep  614] loot         driving_B_2020.01.16_07.26.43.csv@772   reward=QoE=   45.24 eps=0.223 loss=1.4974
[ep  615] redandblack  driving_B_2019.12.17_07.32.39.csv@40    reward=QoE=   37.09 eps=0.222 loss=1.3561
[ep  616] soldier      static_B_2020.02.27_18.39.27.csv@528   reward=QoE=   30.49 eps=0.220 loss=1.5396
[ep  617] longdress    static_B_2020.02.27_18.39.27.csv@4188  reward=QoE=   26.86 eps=0.219 loss=1.3658
[ep  618] loot         driving_B_2020.01.16_07.26.43.csv@1252  reward=QoE=   31.13 eps=0.218 loss=1.3227
[ep  619] redandblack  static_B_2020.02.27_18.39.27.csv@948   reward=QoE=   75.22 eps=0.217 loss=1.4273
[ep  620] soldier      static_B_2020.02.27_18.39.27.csv@288   reward=QoE=   63.88 eps=0.215 loss=1.3520
[ep  621] longdress    static_B_2020.02.27_18.39.27.csv@5088  reward=QoE=   74.06 eps=0.214 loss=1.1600
[ep  622] loot         driving_B_2020.01.16_07.26.43.csv@1432  reward=QoE=    2.50 eps=0.213 loss=1.5211
[ep  623] redandblack  driving_B_2020.01.16_09.56.56.csv@196   reward=QoE=   45.96 eps=0.212 loss=1.2552
[ep  624] soldier      driving_B_2020.02.13_13.03.24.csv@401   reward=QoE=  -16.54 eps=0.210 loss=1.6267
[ep  625] longdress    driving_B_2020.02.13_13.03.24.csv@1421  reward=QoE=    2.82 eps=0.209 loss=1.5198
[ep  626] loot         driving_B_2020.02.13_13.03.24.csv@881   reward=QoE=  -20.58 eps=0.208 loss=1.3055
[ep  627] redandblack  driving_B_2020.01.16_09.56.56.csv@976   reward=QoE=   12.44 eps=0.206 loss=1.3876
[ep  628] soldier      driving_B_2019.12.17_07.32.39.csv@1780  reward=QoE=   10.24 eps=0.205 loss=1.1768
[ep  629] longdress    static_B_2019.12.16_13.40.04.csv@854   reward=QoE=   50.02 eps=0.204 loss=1.3063
[ep  630] loot         driving_B_2020.02.27_17.30.15.csv@265   reward=QoE= -185.27 eps=0.203 loss=1.5138
[ep  631] redandblack  static_B_2019.12.16_13.40.04.csv@314   reward=QoE=   25.57 eps=0.201 loss=1.3546
[ep  632] soldier      static_B_2019.12.16_13.40.04.csv@614   reward=QoE=   14.28 eps=0.200 loss=1.2428
[ep  633] longdress    static_B_2019.12.16_13.40.04.csv@14    reward=QoE=   61.06 eps=0.199 loss=1.2348
[ep  634] loot         static_B_2020.02.14_13.21.26.csv@151   reward=QoE=   66.81 eps=0.198 loss=1.2356
[ep  635] redandblack  static_B_2019.12.16_13.40.04.csv@1694  reward=QoE=   57.99 eps=0.196 loss=1.5388
[ep  636] soldier      static_B_2020.02.14_13.21.26.csv@31    reward=QoE=   36.48 eps=0.195 loss=1.3207
[ep  637] longdress    static_B_2020.02.27_18.39.27.csv@2088  reward=QoE=   45.50 eps=0.194 loss=1.2692
[ep  638] loot         static_B_2020.02.27_18.39.27.csv@768   reward=QoE=   77.57 eps=0.193 loss=1.3374
[ep  639] redandblack  static_B_2019.12.16_13.40.04.csv@1754  reward=QoE=   69.77 eps=0.191 loss=1.2252
[ep  640] soldier      driving_B_2020.02.13_13.03.24.csv@761   reward=QoE= -167.58 eps=0.190 loss=1.4608
[ep  641] longdress    driving_B_2020.02.13_15.02.01.csv@1232  reward=QoE=   -5.68 eps=0.189 loss=1.4923
[ep  642] loot         static_B_2019.12.16_13.40.04.csv@74    reward=QoE=   62.99 eps=0.187 loss=1.3122
[ep  643] redandblack  static_B_2020.02.14_13.21.26.csv@271   reward=QoE=   73.61 eps=0.186 loss=1.2108
[ep  644] soldier      driving_B_2020.02.13_15.02.01.csv@32    reward=QoE=   67.51 eps=0.185 loss=1.4101
[ep  645] longdress    static_B_2019.12.16_13.40.04.csv@434   reward=QoE=   41.50 eps=0.184 loss=1.3030
[ep  646] loot         driving_B_2020.01.16_07.26.43.csv@112   reward=QoE=   27.63 eps=0.182 loss=1.2193
[ep  647] redandblack  driving_B_2020.02.13_15.02.01.csv@2672  reward=QoE=    3.39 eps=0.181 loss=1.3480
[ep  648] soldier      driving_B_2020.02.27_17.30.15.csv@205   reward=QoE= -378.82 eps=0.180 loss=1.4152
[ep  649] longdress    static_B_2019.12.16_13.40.04.csv@1274  reward=QoE=   24.69 eps=0.179 loss=1.3082
[ep  650] loot         static_B_2020.02.27_18.39.27.csv@708   reward=QoE=   28.66 eps=0.177 loss=1.3659
[ep  651] redandblack  driving_B_2020.02.14_12.58.17.csv@153   reward=QoE=  -34.06 eps=0.176 loss=1.2870
[ep  652] soldier      driving_B_2020.02.14_09.38.22.csv@112   reward=QoE=  -62.40 eps=0.175 loss=1.5153
[ep  653] longdress    driving_B_2020.01.16_07.26.43.csv@1192  reward=QoE=  -29.41 eps=0.174 loss=1.5517
[ep  654] loot         driving_B_2020.02.14_12.58.17.csv@633   reward=QoE=   23.12 eps=0.172 loss=1.3898
[ep  655] redandblack  static_B_2020.02.27_18.39.27.csv@1488  reward=QoE=   51.12 eps=0.171 loss=1.4658
[ep  656] soldier      driving_B_2020.02.13_15.02.01.csv@2372  reward=QoE= -131.73 eps=0.170 loss=1.3076
[ep  657] longdress    driving_B_2020.02.14_09.38.22.csv@1312  reward=QoE=   47.95 eps=0.168 loss=1.2236
[ep  658] loot         driving_B_2020.02.13_13.03.24.csv@1481  reward=QoE=   57.81 eps=0.167 loss=1.4984
[ep  659] redandblack  driving_B_2020.02.13_15.02.01.csv@692   reward=QoE=   28.46 eps=0.166 loss=1.5205
[ep  660] soldier      driving_B_2020.02.13_15.02.01.csv@812   reward=QoE=  -14.12 eps=0.165 loss=1.3308
[ep  661] longdress    static_B_2020.02.27_18.39.27.csv@2868  reward=QoE=   77.52 eps=0.163 loss=1.3576
[ep  662] loot         static_B_2020.02.27_18.39.27.csv@3768  reward=QoE=   63.19 eps=0.162 loss=1.4580
[ep  663] redandblack  static_B_2019.12.16_13.40.04.csv@1394  reward=QoE=  -87.45 eps=0.161 loss=1.2728
[ep  664] soldier      driving_B_2019.12.17_07.32.39.csv@1060  reward=QoE=   27.80 eps=0.160 loss=1.5292
[ep  665] longdress    driving_B_2020.01.16_09.56.56.csv@496   reward=QoE=   53.43 eps=0.158 loss=1.3306
[ep  666] loot         driving_B_2019.12.16_12.27.05.csv@901   reward=QoE=   35.38 eps=0.157 loss=1.3248
[ep  667] redandblack  static_B_2019.12.16_13.40.04.csv@1904  reward=QoE=   39.59 eps=0.156 loss=1.4106
[ep  668] soldier      driving_B_2020.01.16_07.26.43.csv@1732  reward=QoE=   26.96 eps=0.155 loss=1.3868
[ep  669] longdress    driving_B_2020.01.16_07.26.43.csv@712   reward=QoE=   19.17 eps=0.153 loss=1.2636
[ep  670] loot         driving_B_2020.01.16_09.56.56.csv@796   reward=QoE=   37.08 eps=0.152 loss=1.3904
[ep  671] redandblack  driving_B_2020.01.16_12.10.03.csv@224   reward=QoE=   71.89 eps=0.151 loss=1.2551
[ep  672] soldier      static_B_2020.02.27_18.39.27.csv@4848  reward=QoE=   73.71 eps=0.150 loss=1.4809
[ep  673] longdress    driving_B_2020.01.16_07.26.43.csv@1072  reward=QoE=   50.87 eps=0.148 loss=1.4933
[ep  674] loot         static_B_2020.02.27_18.39.27.csv@1428  reward=QoE=   79.09 eps=0.147 loss=1.4784
[ep  675] redandblack  driving_B_2019.12.17_07.32.39.csv@820   reward=QoE=   37.28 eps=0.146 loss=1.3983
[ep  676] soldier      static_B_2020.02.14_13.21.26.csv@691   reward=QoE=   75.22 eps=0.144 loss=1.3331
[ep  677] longdress    static_B_2020.02.27_18.39.27.csv@2148  reward=QoE=   67.01 eps=0.143 loss=1.3465
[ep  678] loot         driving_B_2020.02.27_17.30.15.csv@565   reward=QoE=    1.46 eps=0.142 loss=1.4038
[ep  679] redandblack  static_B_2020.02.27_18.39.27.csv@1548  reward=QoE=   73.69 eps=0.141 loss=1.2959
[ep  680] soldier      driving_B_2020.02.13_15.02.01.csv@1532  reward=QoE=  -23.40 eps=0.139 loss=1.3404
[ep  681] longdress    driving_B_2019.12.17_07.32.39.csv@880   reward=QoE=   15.85 eps=0.138 loss=1.3592
[ep  682] loot         static_B_2020.02.27_18.39.27.csv@1668  reward=QoE=   59.28 eps=0.137 loss=1.3619
[ep  683] redandblack  driving_B_2020.01.16_07.26.43.csv@532   reward=QoE=   13.70 eps=0.136 loss=1.4622
[ep  684] soldier      driving_B_2020.02.13_13.03.24.csv@1601  reward=QoE=  -66.23 eps=0.134 loss=1.5257
[ep  685] longdress    driving_B_2020.02.13_15.02.01.csv@1832  reward=QoE=   60.98 eps=0.133 loss=1.3285
[ep  686] loot         driving_B_2019.12.17_07.32.39.csv@1600  reward=QoE=   26.94 eps=0.132 loss=1.3806
[ep  687] redandblack  driving_B_2020.01.16_07.26.43.csv@1492  reward=QoE=   28.49 eps=0.131 loss=1.3863
[ep  688] soldier      driving_B_2019.12.17_07.32.39.csv@160   reward=QoE=   10.17 eps=0.129 loss=1.3058
[ep  689] longdress    static_B_2019.12.16_13.40.04.csv@1154  reward=QoE= -243.03 eps=0.128 loss=1.3643
[ep  690] loot         static_B_2019.12.16_13.40.04.csv@1814  reward=QoE=   54.84 eps=0.127 loss=1.4226
[ep  691] redandblack  static_B_2019.12.16_13.40.04.csv@1094  reward=QoE=   40.46 eps=0.125 loss=1.4499
[ep  692] soldier      driving_B_2020.02.13_13.03.24.csv@461   reward=QoE=    7.99 eps=0.124 loss=1.2934
[ep  693] longdress    static_B_2020.02.27_18.39.27.csv@2448  reward=QoE=   63.48 eps=0.123 loss=1.3997
[ep  694] loot         driving_B_2019.12.17_07.32.39.csv@1540  reward=QoE=   36.39 eps=0.122 loss=1.3304
[ep  695] redandblack  static_B_2020.02.27_18.39.27.csv@3408  reward=QoE=   78.89 eps=0.120 loss=1.3958
[ep  696] soldier      driving_B_2020.01.16_09.56.56.csv@1456  reward=QoE=   67.20 eps=0.119 loss=1.5554
[ep  697] longdress    driving_B_2020.01.16_07.26.43.csv@892   reward=QoE=   -2.85 eps=0.118 loss=1.3359
[ep  698] loot         driving_B_2020.02.13_13.03.24.csv@221   reward=QoE=   32.91 eps=0.117 loss=1.3812
[ep  699] redandblack  driving_B_2020.02.13_15.02.01.csv@452   reward=QoE=   43.76 eps=0.115 loss=1.3923
[ep  700] soldier      driving_B_2020.02.14_09.38.22.csv@1132  reward=QoE=   -9.34 eps=0.114 loss=1.4159
[ep  701] longdress    driving_B_2020.01.16_07.26.43.csv@52    reward=QoE=   43.34 eps=0.113 loss=1.4824
[ep  702] loot         static_B_2020.02.27_18.39.27.csv@5448  reward=QoE=   43.04 eps=0.112 loss=1.5624
[ep  703] redandblack  static_B_2020.02.27_18.39.27.csv@2628  reward=QoE=   63.96 eps=0.110 loss=1.4567
[ep  704] soldier      driving_B_2019.12.17_07.32.39.csv@640   reward=QoE=   25.03 eps=0.109 loss=1.4117
[ep  705] longdress    static_B_2020.02.27_18.39.27.csv@828   reward=QoE=   69.32 eps=0.108 loss=1.4784
[ep  706] loot         driving_B_2020.02.27_17.30.15.csv@85    reward=QoE= -118.02 eps=0.106 loss=1.4718
[ep  707] redandblack  static_B_2019.12.16_13.40.04.csv@1214  reward=QoE=   41.96 eps=0.105 loss=1.4400
[ep  708] soldier      driving_B_2019.12.16_12.27.05.csv@241   reward=QoE=   49.22 eps=0.104 loss=1.4616
[ep  709] longdress    driving_B_2020.02.13_13.03.24.csv@1721  reward=QoE=   52.87 eps=0.103 loss=1.3546
[ep  710] loot         static_B_2020.02.27_18.39.27.csv@2208  reward=QoE=   67.47 eps=0.101 loss=1.4549
[ep  711] redandblack  static_B_2020.02.27_18.39.27.csv@4488  reward=QoE=   66.99 eps=0.100 loss=1.5337
[ep  712] soldier      driving_B_2020.02.13_13.03.24.csv@41    reward=QoE=   10.28 eps=0.099 loss=1.4695
[ep  713] longdress    static_B_2020.02.27_18.39.27.csv@2268  reward=QoE=   47.14 eps=0.098 loss=1.4524
[ep  714] loot         driving_B_2019.12.16_12.27.05.csv@181   reward=QoE=   29.09 eps=0.096 loss=1.5014
[ep  715] redandblack  static_B_2020.02.27_18.39.27.csv@4128  reward=QoE=   78.99 eps=0.095 loss=1.4363
[ep  716] soldier      driving_B_2020.02.13_15.02.01.csv@2754  reward=QoE=  -20.54 eps=0.094 loss=1.5922
[ep  717] longdress    driving_B_2020.02.14_09.38.22.csv@772   reward=QoE=   37.53 eps=0.093 loss=1.2857
[ep  718] loot         driving_B_2020.02.27_17.30.15.csv@445   reward=QoE= -157.89 eps=0.091 loss=1.4568
[ep  719] redandblack  driving_B_2020.02.27_17.30.15.csv@625   reward=QoE=    7.69 eps=0.090 loss=1.4133
[ep  720] soldier      driving_B_2020.01.16_07.26.43.csv@1132  reward=QoE=   43.99 eps=0.089 loss=1.4364
[ep  721] longdress    driving_B_2020.02.13_13.03.24.csv@2188  reward=QoE= -197.55 eps=0.087 loss=1.4024
[ep  722] loot         driving_B_2020.02.13_15.02.01.csv@872   reward=QoE=   73.98 eps=0.086 loss=1.4469
[ep  723] redandblack  driving_B_2020.01.16_09.56.56.csv@256   reward=QoE=   39.78 eps=0.085 loss=1.3681
[ep  724] soldier      driving_B_2020.02.13_13.03.24.csv@1301  reward=QoE=   19.29 eps=0.084 loss=1.4216
[ep  725] longdress    driving_B_2020.01.16_07.26.43.csv@1552  reward=QoE=   23.05 eps=0.082 loss=1.3857
[ep  726] loot         driving_B_2019.12.16_12.27.05.csv@421   reward=QoE=  -16.03 eps=0.081 loss=1.4644
[ep  727] redandblack  static_B_2020.02.27_18.39.27.csv@3168  reward=QoE=  -68.16 eps=0.080 loss=1.3849
[ep  728] soldier      driving_B_2019.12.16_12.27.05.csv@1081  reward=QoE=   40.60 eps=0.079 loss=1.6069
[ep  729] longdress    driving_B_2020.02.13_15.02.01.csv@2492  reward=QoE=  -10.52 eps=0.077 loss=1.3960
[ep  730] loot         driving_B_2020.02.13_15.02.01.csv@1952  reward=QoE=   76.63 eps=0.076 loss=1.4392
[ep  731] redandblack  driving_B_2020.02.13_13.03.24.csv@281   reward=QoE=   36.85 eps=0.075 loss=1.4686
[ep  732] soldier      driving_B_2020.02.14_12.58.17.csv@393   reward=QoE=   12.55 eps=0.074 loss=1.4924
[ep  733] longdress    static_B_2019.12.16_13.40.04.csv@794   reward=QoE=   59.72 eps=0.072 loss=1.3214
[ep  734] loot         static_B_2020.02.27_18.39.27.csv@3648  reward=QoE=   71.39 eps=0.071 loss=1.4894
[ep  735] redandblack  driving_B_2020.02.27_17.30.15.csv@385   reward=QoE=   27.60 eps=0.070 loss=1.5113
[ep  736] soldier      static_B_2020.02.27_18.39.27.csv@4368  reward=QoE=   42.36 eps=0.068 loss=1.5043
[ep  737] longdress    static_B_2020.02.14_13.21.26.csv@811   reward=QoE=   74.48 eps=0.067 loss=1.5303
[ep  738] loot         static_B_2020.02.27_18.39.27.csv@1128  reward=QoE=   39.79 eps=0.066 loss=1.3988
[ep  739] redandblack  driving_B_2020.02.13_13.03.24.csv@1241  reward=QoE=    1.67 eps=0.065 loss=1.3587
[ep  740] soldier      static_B_2020.02.27_18.39.27.csv@4068  reward=QoE=   56.68 eps=0.063 loss=1.4316
[ep  741] longdress    driving_B_2020.02.13_13.03.24.csv@2081  reward=QoE=  -42.83 eps=0.062 loss=1.3751
[ep  742] loot         static_B_2020.02.27_18.39.27.csv@4608  reward=QoE=   35.75 eps=0.061 loss=1.4716
[ep  743] redandblack  driving_B_2020.02.13_15.02.01.csv@2612  reward=QoE=   74.80 eps=0.060 loss=1.4884
[ep  744] soldier      static_B_2020.02.27_18.39.27.csv@108   reward=QoE=   68.85 eps=0.058 loss=1.3148
[ep  745] longdress    static_B_2020.02.27_18.39.27.csv@3888  reward=QoE=   25.12 eps=0.057 loss=1.3220
[ep  746] loot         driving_B_2020.02.13_13.03.24.csv@341   reward=QoE=   34.47 eps=0.056 loss=1.3628
[ep  747] redandblack  driving_B_2020.02.13_13.03.24.csv@581   reward=QoE=   30.29 eps=0.055 loss=1.3074
[ep  748] soldier      static_B_2020.02.27_18.39.27.csv@5268  reward=QoE=   75.06 eps=0.053 loss=1.3397
[ep  749] longdress    driving_B_2020.01.16_09.56.56.csv@1216  reward=QoE=   39.12 eps=0.052 loss=1.3721
[ep  750] loot         driving_B_2020.01.16_07.26.43.csv@1672  reward=QoE=   36.41 eps=0.051 loss=1.5011
[ep  751] redandblack  driving_B_2020.02.14_12.58.17.csv@333   reward=QoE=  -22.00 eps=0.050 loss=1.3170
[ep  752] soldier      static_B_2020.02.27_18.39.27.csv@5028  reward=QoE=   79.16 eps=0.050 loss=1.6430
[ep  753] longdress    static_B_2020.02.27_18.39.27.csv@3828  reward=QoE=   40.86 eps=0.050 loss=1.4654
[ep  754] loot         driving_B_2020.02.14_09.38.22.csv@892   reward=QoE=   78.94 eps=0.050 loss=1.4641
[ep  755] redandblack  driving_B_2019.12.17_07.32.39.csv@2080  reward=QoE=   51.60 eps=0.050 loss=1.4849
[ep  756] soldier      driving_B_2020.01.16_09.56.56.csv@136   reward=QoE=   36.19 eps=0.050 loss=1.5074
[ep  757] longdress    driving_B_2020.02.27_17.30.15.csv@145   reward=QoE=  -62.54 eps=0.050 loss=1.4423
[ep  758] loot         static_B_2020.02.27_18.39.27.csv@2748  reward=QoE=   72.91 eps=0.050 loss=1.4224
[ep  759] redandblack  driving_B_2020.02.14_12.58.17.csv@800   reward=QoE=   28.01 eps=0.050 loss=1.7093
[ep  760] soldier      driving_B_2019.12.17_07.32.39.csv@2140  reward=QoE=   10.26 eps=0.050 loss=1.4440
[ep  761] longdress    static_B_2020.02.27_18.39.27.csv@3948  reward=QoE=   77.42 eps=0.050 loss=1.5712
[ep  762] loot         driving_B_2020.02.14_09.38.22.csv@1012  reward=QoE=   30.22 eps=0.050 loss=1.5116
[ep  763] redandblack  static_B_2019.12.16_13.40.04.csv@1334  reward=QoE=   60.43 eps=0.050 loss=1.5478
[ep  764] soldier      driving_B_2020.02.13_15.02.01.csv@1172  reward=QoE=   40.49 eps=0.050 loss=1.4363
[ep  765] longdress    driving_B_2020.02.13_15.02.01.csv@272   reward=QoE=   43.33 eps=0.050 loss=1.3997
[ep  766] loot         driving_B_2020.02.14_09.38.22.csv@52    reward=QoE=   28.76 eps=0.050 loss=1.5823
[ep  767] redandblack  static_B_2020.02.27_18.39.27.csv@2508  reward=QoE=   66.05 eps=0.050 loss=1.3947
[ep  768] soldier      static_B_2019.12.16_13.40.04.csv@494   reward=QoE=    2.57 eps=0.050 loss=1.6405
[ep  769] longdress    driving_B_2020.01.16_09.56.56.csv@1036  reward=QoE=   28.23 eps=0.050 loss=1.4796
[ep  770] loot         driving_B_2019.12.17_07.32.39.csv@100   reward=QoE=   31.28 eps=0.050 loss=1.2579
[ep  771] redandblack  driving_B_2020.02.13_15.02.01.csv@932   reward=QoE=   58.46 eps=0.050 loss=1.3931
[ep  772] soldier      driving_B_2019.12.17_07.32.39.csv@1240  reward=QoE=   31.18 eps=0.050 loss=1.4946
[ep  773] longdress    static_B_2020.02.27_18.39.27.csv@5742  reward=QoE=   50.60 eps=0.050 loss=1.4586
[ep  774] loot         static_B_2020.02.27_18.39.27.csv@3048  reward=QoE=   48.92 eps=0.050 loss=1.4226
[ep  775] redandblack  driving_B_2020.02.13_13.03.24.csv@1661  reward=QoE=   13.35 eps=0.050 loss=1.4209
[ep  776] soldier      driving_B_2020.02.13_15.02.01.csv@2312  reward=QoE=   11.48 eps=0.050 loss=1.3419
[ep  777] longdress    static_B_2020.02.27_18.39.27.csv@648   reward=QoE=   62.60 eps=0.050 loss=1.4675
[ep  778] loot         driving_B_2020.01.16_07.26.43.csv@172   reward=QoE=  -19.96 eps=0.050 loss=1.5103
[ep  779] redandblack  driving_B_2019.12.16_12.27.05.csv@961   reward=QoE=   36.12 eps=0.050 loss=1.4751
[ep  780] soldier      driving_B_2020.02.13_13.03.24.csv@1841  reward=QoE= -575.77 eps=0.050 loss=1.5066
[ep  781] longdress    driving_B_2020.02.14_09.38.22.csv@1072  reward=QoE=   16.87 eps=0.050 loss=1.5483
[ep  782] loot         static_B_2020.02.27_18.39.27.csv@4248  reward=QoE=   52.24 eps=0.050 loss=1.3842
[ep  783] redandblack  driving_B_2019.12.16_12.27.05.csv@781   reward=QoE=   47.01 eps=0.050 loss=1.5100
[ep  784] soldier      driving_B_2020.02.13_13.03.24.csv@1541  reward=QoE=   15.65 eps=0.050 loss=1.3343
[ep  785] longdress    static_B_2019.12.16_13.40.04.csv@374   reward=QoE=   56.52 eps=0.050 loss=1.2472
[ep  786] loot         driving_B_2020.02.13_13.03.24.csv@161   reward=QoE=   23.44 eps=0.050 loss=1.6099
[ep  787] redandblack  driving_B_2020.02.13_13.03.24.csv@701   reward=QoE=   15.75 eps=0.050 loss=1.2668
[ep  788] soldier      driving_B_2020.02.14_09.38.22.csv@352   reward=QoE=    4.79 eps=0.050 loss=1.4970
[ep  789] longdress    driving_B_2019.12.16_12.27.05.csv@601   reward=QoE=  -14.95 eps=0.050 loss=1.3791
[ep  790] loot         driving_B_2019.12.17_07.32.39.csv@580   reward=QoE=   45.88 eps=0.050 loss=1.3068
[ep  791] redandblack  static_B_2020.02.27_18.39.27.csv@5388  reward=QoE=   59.98 eps=0.050 loss=1.5463
[ep  792] soldier      static_B_2020.02.14_13.21.26.csv@631   reward=QoE=   90.23 eps=0.050 loss=1.3994
[ep  793] longdress    driving_B_2019.12.16_12.27.05.csv@841   reward=QoE=   49.37 eps=0.050 loss=1.4572
[ep  794] loot         driving_B_2019.12.17_07.32.39.csv@1480  reward=QoE=   35.49 eps=0.050 loss=1.3937
[ep  795] redandblack  static_B_2020.02.27_18.39.27.csv@3348  reward=QoE=   65.54 eps=0.050 loss=1.3624
[ep  796] soldier      static_B_2020.02.27_18.39.27.csv@3108  reward=QoE=   20.71 eps=0.050 loss=1.3807
[ep  797] longdress    driving_B_2020.02.14_09.38.22.csv@712   reward=QoE=   46.25 eps=0.050 loss=1.3709
[ep  798] loot         static_B_2020.02.27_18.39.27.csv@4308  reward=QoE=   64.88 eps=0.050 loss=1.3843
[ep  799] redandblack  static_B_2019.12.16_13.40.04.csv@554   reward=QoE=   73.28 eps=0.050 loss=1.3458
[ep  800] soldier      driving_B_2020.02.14_09.38.22.csv@292   reward=QoE=    1.44 eps=0.050 loss=1.3730
    [eval @ ep 800] reward=QoE=-425.33 mean_q=0.447 stall=106.0s  <-- best (saved)
[ep  801] longdress    static_B_2020.02.27_18.39.27.csv@1368  reward=QoE=   50.27 eps=0.050 loss=1.5107
[ep  802] loot         driving_B_2020.02.13_13.03.24.csv@1061  reward=QoE=   33.53 eps=0.050 loss=1.4769
[ep  803] redandblack  driving_B_2020.02.13_15.02.01.csv@1592  reward=QoE=  -24.28 eps=0.050 loss=1.3697
[ep  804] soldier      driving_B_2020.02.13_13.03.24.csv@2188  reward=QoE= -188.33 eps=0.050 loss=1.6391
[ep  805] longdress    static_B_2019.12.16_13.40.04.csv@1634  reward=QoE=   55.61 eps=0.050 loss=1.4723
[ep  806] loot         static_B_2020.02.27_18.39.27.csv@2388  reward=QoE= -140.79 eps=0.050 loss=1.4441
[ep  807] redandblack  driving_B_2020.02.13_15.02.01.csv@1052  reward=QoE=   69.14 eps=0.050 loss=1.4240
[ep  808] soldier      driving_B_2019.12.16_12.27.05.csv@661   reward=QoE=  -71.68 eps=0.050 loss=1.5275
[ep  809] longdress    driving_B_2020.02.27_17.30.15.csv@325   reward=QoE=  -59.79 eps=0.050 loss=1.5098
[ep  810] loot         driving_B_2020.02.14_09.38.22.csv@472   reward=QoE=   33.71 eps=0.050 loss=1.4896
[ep  811] redandblack  static_B_2019.12.16_13.40.04.csv@914   reward=QoE=   43.33 eps=0.050 loss=1.3478
[ep  812] soldier      static_B_2019.12.16_13.40.04.csv@974   reward=QoE=   42.62 eps=0.050 loss=1.2746
[ep  813] longdress    static_B_2020.02.27_18.39.27.csv@5628  reward=QoE=   56.91 eps=0.050 loss=1.4739
[ep  814] loot         static_B_2020.02.27_18.39.27.csv@1068  reward=QoE=   66.90 eps=0.050 loss=1.5984
[ep  815] redandblack  static_B_2020.02.27_18.39.27.csv@3468  reward=QoE=   67.48 eps=0.050 loss=1.5626
[ep  816] soldier      driving_B_2020.01.16_09.56.56.csv@616   reward=QoE=   68.32 eps=0.050 loss=1.5347
[ep  817] longdress    driving_B_2019.12.17_07.32.39.csv@700   reward=QoE=   31.44 eps=0.050 loss=1.4188
[ep  818] loot         static_B_2020.02.27_18.39.27.csv@1788  reward=QoE=  -18.61 eps=0.050 loss=1.2664
[ep  819] redandblack  driving_B_2019.12.16_12.27.05.csv@1141  reward=QoE=   41.66 eps=0.050 loss=1.6420
[ep  820] soldier      driving_B_2020.02.14_09.38.22.csv@532   reward=QoE=   37.67 eps=0.050 loss=1.5398
[ep  821] longdress    driving_B_2019.12.17_07.32.39.csv@2260  reward=QoE=   60.32 eps=0.050 loss=1.3923
[ep  822] loot         static_B_2020.02.27_18.39.27.csv@1008  reward=QoE=   69.28 eps=0.050 loss=1.4725
[ep  823] redandblack  driving_B_2019.12.17_07.32.39.csv@940   reward=QoE=   36.50 eps=0.050 loss=1.3682
[ep  824] soldier      static_B_2020.02.14_13.21.26.csv@211   reward=QoE=   77.17 eps=0.050 loss=1.4271
[ep  825] longdress    driving_B_2020.02.27_17.30.15.csv@720   reward=QoE=   10.26 eps=0.050 loss=1.5245
[ep  826] loot         static_B_2020.02.27_18.39.27.csv@5742  reward=QoE=   65.78 eps=0.050 loss=1.3859
[ep  827] redandblack  driving_B_2020.01.16_07.26.43.csv@352   reward=QoE=   32.06 eps=0.050 loss=1.4038
[ep  828] soldier      driving_B_2019.12.17_07.32.39.csv@1420  reward=QoE=   39.35 eps=0.050 loss=1.4377
[ep  829] longdress    driving_B_2020.02.13_15.02.01.csv@2132  reward=QoE=   72.55 eps=0.050 loss=1.3442
[ep  830] loot         driving_B_2019.12.17_07.32.39.csv@1900  reward=QoE=   70.70 eps=0.050 loss=1.5056
[ep  831] redandblack  driving_B_2020.02.13_15.02.01.csv@1352  reward=QoE=  -61.49 eps=0.050 loss=1.4438
[ep  832] soldier      driving_B_2020.02.13_13.03.24.csv@2021  reward=QoE=   21.09 eps=0.050 loss=1.5997
[ep  833] longdress    driving_B_2020.01.16_12.10.03.csv@164   reward=QoE=   53.89 eps=0.050 loss=1.3693
[ep  834] loot         driving_B_2019.12.16_12.27.05.csv@301   reward=QoE=   25.01 eps=0.050 loss=1.4878
[ep  835] redandblack  static_B_2020.02.27_18.39.27.csv@465   reward=QoE=   52.43 eps=0.050 loss=1.5863
[ep  836] soldier      driving_B_2020.01.16_07.26.43.csv@1770  reward=QoE=   29.20 eps=0.050 loss=1.3276
[ep  837] longdress    driving_B_2020.01.16_07.26.43.csv@195   reward=QoE=   12.77 eps=0.050 loss=1.6345
[ep  838] loot         static_B_2020.02.27_18.39.27.csv@2385  reward=QoE= -152.30 eps=0.050 loss=1.4865
[ep  839] redandblack  driving_B_2020.02.13_13.03.24.csv@939   reward=QoE=   29.42 eps=0.050 loss=1.3994
[ep  840] soldier      driving_B_2020.02.13_13.03.24.csv@1599  reward=QoE=  -85.00 eps=0.050 loss=1.4299
[ep  841] longdress    static_B_2019.12.16_13.40.04.csv@1344  reward=QoE=   40.51 eps=0.050 loss=1.4501
[ep  842] loot         static_B_2019.12.16_13.40.04.csv@924   reward=QoE=   41.18 eps=0.050 loss=1.3040
[ep  843] redandblack  driving_B_2020.01.16_09.56.56.csv@51    reward=QoE=   41.67 eps=0.050 loss=1.2878
[ep  844] soldier      driving_B_2020.01.16_07.26.43.csv@1095  reward=QoE=   52.93 eps=0.050 loss=1.4058
[ep  845] longdress    driving_B_2020.01.16_09.56.56.csv@651   reward=QoE=   46.03 eps=0.050 loss=1.3784
[ep  846] loot         driving_B_2020.01.16_07.26.43.csv@1035  reward=QoE=   44.61 eps=0.050 loss=1.5440
[ep  847] redandblack  driving_B_2019.12.17_07.32.39.csv@241   reward=QoE=   33.51 eps=0.050 loss=1.5840
[ep  848] soldier      static_B_2020.02.14_13.21.26.csv@850   reward=QoE=   46.24 eps=0.050 loss=1.4795
[ep  849] longdress    driving_B_2020.02.14_12.58.17.csv@745   reward=QoE=    0.09 eps=0.050 loss=1.4522
[ep  850] loot         static_B_2020.02.27_18.39.27.csv@2985  reward=QoE=   61.23 eps=0.050 loss=1.4495
[ep  851] redandblack  static_B_2019.12.16_13.40.04.csv@1164  reward=QoE= -169.26 eps=0.050 loss=1.2392
[ep  852] soldier      driving_B_2020.01.16_12.10.03.csv@244   reward=QoE=   76.43 eps=0.050 loss=1.6317
[ep  853] longdress    driving_B_2020.02.13_15.02.01.csv@373   reward=QoE=   56.22 eps=0.050 loss=1.5539
[ep  854] loot         static_B_2019.12.16_13.40.04.csv@1904  reward=QoE=  -74.43 eps=0.050 loss=1.6297
[ep  855] redandblack  driving_B_2020.02.13_13.03.24.csv@159   reward=QoE=   28.34 eps=0.050 loss=1.4697
[ep  856] soldier      static_B_2020.02.27_18.39.27.csv@2145  reward=QoE=   63.24 eps=0.050 loss=1.4542
[ep  857] longdress    static_B_2019.12.16_13.40.04.csv@1884  reward=QoE=  -56.93 eps=0.050 loss=1.3519
[ep  858] loot         driving_B_2020.02.13_15.02.01.csv@2593  reward=QoE=   43.51 eps=0.050 loss=1.4296
[ep  859] redandblack  static_B_2020.02.27_18.39.27.csv@5505  reward=QoE=   76.78 eps=0.050 loss=1.4631
[ep  860] soldier      static_B_2020.02.27_18.39.27.csv@5565  reward=QoE=   81.04 eps=0.050 loss=1.4666
[ep  861] longdress    driving_B_2020.02.13_13.03.24.csv@99    reward=QoE=   19.77 eps=0.050 loss=1.5948
[ep  862] loot         driving_B_2020.02.13_15.02.01.csv@1033  reward=QoE=   79.40 eps=0.050 loss=1.4517
[ep  863] redandblack  static_B_2020.02.14_13.21.26.csv@346   reward=QoE=   61.26 eps=0.050 loss=1.5968
[ep  864] soldier      driving_B_2020.01.16_07.26.43.csv@1770  reward=QoE=   13.22 eps=0.050 loss=1.3846
[ep  865] longdress    driving_B_2020.02.13_15.02.01.csv@1273  reward=QoE=   46.88 eps=0.050 loss=1.5632
[ep  866] loot         driving_B_2020.01.16_09.56.56.csv@411   reward=QoE=   17.99 eps=0.050 loss=1.4798
[ep  867] redandblack  static_B_2020.02.27_18.39.27.csv@4005  reward=QoE=   65.59 eps=0.050 loss=1.5333
[ep  868] soldier      static_B_2020.02.27_18.39.27.csv@1125  reward=QoE=   21.87 eps=0.050 loss=1.5183
[ep  869] longdress    static_B_2020.02.27_18.39.27.csv@2445  reward=QoE=   63.43 eps=0.050 loss=1.4185
[ep  870] loot         driving_B_2020.01.16_12.10.03.csv@201   reward=QoE=   72.95 eps=0.050 loss=1.3646
[ep  871] redandblack  driving_B_2020.02.27_17.30.15.csv@532   reward=QoE=   15.63 eps=0.050 loss=1.6070
[ep  872] soldier      static_B_2019.12.16_13.40.04.csv@384   reward=QoE=   58.37 eps=0.050 loss=1.3784
[ep  873] longdress    static_B_2020.02.27_18.39.27.csv@5085  reward=QoE=   79.36 eps=0.050 loss=1.4247
[ep  874] loot         driving_B_2020.02.14_09.38.22.csv@737   reward=QoE=   27.41 eps=0.050 loss=1.4934
[ep  875] redandblack  static_B_2020.02.27_18.39.27.csv@105   reward=QoE=   76.86 eps=0.050 loss=1.6038
[ep  876] soldier      static_B_2019.12.16_13.40.04.csv@504   reward=QoE=   27.91 eps=0.050 loss=1.5251
[ep  877] longdress    driving_B_2019.12.17_07.32.39.csv@2161  reward=QoE=   31.57 eps=0.050 loss=1.4103
[ep  878] loot         static_B_2020.02.27_18.39.27.csv@2685  reward=QoE=   41.45 eps=0.050 loss=1.3559
[ep  879] redandblack  driving_B_2020.02.27_17.30.15.csv@720   reward=QoE=   26.79 eps=0.050 loss=1.4009
[ep  880] soldier      driving_B_2020.02.14_09.38.22.csv@857   reward=QoE=   74.29 eps=0.050 loss=1.3208
[ep  881] longdress    driving_B_2020.02.14_09.38.22.csv@977   reward=QoE=   33.96 eps=0.050 loss=1.4660
[ep  882] loot         static_B_2020.02.27_18.39.27.csv@4245  reward=QoE=   58.80 eps=0.050 loss=1.4346
[ep  883] redandblack  driving_B_2020.01.16_09.56.56.csv@531   reward=QoE=   42.29 eps=0.050 loss=1.5258
[ep  884] soldier      static_B_2020.02.27_18.39.27.csv@585   reward=QoE=   40.53 eps=0.050 loss=1.5295
[ep  885] longdress    driving_B_2020.02.14_09.38.22.csv@1478  reward=QoE=   33.27 eps=0.050 loss=1.4202
[ep  886] loot         driving_B_2020.02.13_15.02.01.csv@493   reward=QoE=   39.07 eps=0.050 loss=1.5304
[ep  887] redandblack  static_B_2020.02.27_18.39.27.csv@5265  reward=QoE=   78.11 eps=0.050 loss=1.4802
[ep  888] soldier      driving_B_2019.12.17_07.32.39.csv@1561  reward=QoE=   27.24 eps=0.050 loss=1.5100
[ep  889] longdress    driving_B_2020.02.13_13.03.24.csv@39    reward=QoE=   18.84 eps=0.050 loss=1.4079
[ep  890] loot         driving_B_2020.02.13_13.03.24.csv@1359  reward=QoE=   34.46 eps=0.050 loss=1.4464
[ep  891] redandblack  driving_B_2020.02.27_17.30.15.csv@52    reward=QoE=   30.46 eps=0.050 loss=1.3794
[ep  892] soldier      driving_B_2019.12.17_07.32.39.csv@1801  reward=QoE=   15.22 eps=0.050 loss=1.4258
[ep  893] longdress    static_B_2020.02.27_18.39.27.csv@2085  reward=QoE=   74.11 eps=0.050 loss=1.3879
[ep  894] loot         driving_B_2020.02.13_13.03.24.csv@2188  reward=QoE= -174.98 eps=0.050 loss=1.4706
[ep  895] redandblack  static_B_2020.02.14_13.21.26.csv@226   reward=QoE=   65.58 eps=0.050 loss=1.4027
[ep  896] soldier      driving_B_2020.01.16_07.26.43.csv@1275  reward=QoE=   31.22 eps=0.050 loss=1.4694
[ep  897] longdress    driving_B_2019.12.16_12.27.05.csv@1152  reward=QoE=   46.88 eps=0.050 loss=1.3430
[ep  898] loot         driving_B_2020.02.14_09.38.22.csv@257   reward=QoE=  -14.90 eps=0.050 loss=1.6108
[ep  899] redandblack  driving_B_2019.12.16_12.27.05.csv@884   reward=QoE=   46.75 eps=0.050 loss=1.4090
[ep  900] soldier      static_B_2020.02.14_13.21.26.csv@850   reward=QoE=   45.81 eps=0.050 loss=1.4518
[ep  901] longdress    driving_B_2020.02.27_17.30.15.csv@292   reward=QoE= -173.23 eps=0.050 loss=1.4583
[ep  902] loot         driving_B_2020.02.14_09.38.22.csv@1157  reward=QoE=   35.60 eps=0.050 loss=1.4899
[ep  903] redandblack  static_B_2020.02.27_18.39.27.csv@1365  reward=QoE=   63.44 eps=0.050 loss=1.4630
[ep  904] soldier      driving_B_2020.01.16_07.26.43.csv@255   reward=QoE=   32.52 eps=0.050 loss=1.4956
[ep  905] longdress    static_B_2020.02.27_18.39.27.csv@2925  reward=QoE=   45.38 eps=0.050 loss=1.5841
[ep  906] loot         driving_B_2020.02.13_13.03.24.csv@1839  reward=QoE= -346.62 eps=0.050 loss=1.4864
[ep  907] redandblack  driving_B_2019.12.16_12.27.05.csv@1152  reward=QoE=   48.42 eps=0.050 loss=1.6624
[ep  908] soldier      static_B_2020.02.27_18.39.27.csv@645   reward=QoE=   74.86 eps=0.050 loss=1.4559
[ep  909] longdress    driving_B_2020.02.13_15.02.01.csv@2293  reward=QoE=  -27.07 eps=0.050 loss=1.4729
[ep  910] loot         driving_B_2020.02.13_15.02.01.csv@973   reward=QoE=   42.44 eps=0.050 loss=1.5323
[ep  911] redandblack  driving_B_2020.02.14_09.38.22.csv@797   reward=QoE=   35.60 eps=0.050 loss=1.5314
[ep  912] soldier      driving_B_2020.02.14_09.38.22.csv@1478  reward=QoE=   23.39 eps=0.050 loss=1.6170
[ep  913] longdress    driving_B_2020.02.13_15.02.01.csv@193   reward=QoE=   73.30 eps=0.050 loss=1.5493
[ep  914] loot         driving_B_2020.01.16_09.56.56.csv@1131  reward=QoE=   49.46 eps=0.050 loss=1.4571
[ep  915] redandblack  static_B_2020.02.27_18.39.27.csv@3825  reward=QoE=   46.80 eps=0.050 loss=1.4238
[ep  916] soldier      static_B_2020.02.27_18.39.27.csv@4125  reward=QoE=   67.65 eps=0.050 loss=1.6018
[ep  917] longdress    driving_B_2020.02.27_17.30.15.csv@592   reward=QoE=   21.59 eps=0.050 loss=1.5212
[ep  918] loot         driving_B_2019.12.16_12.27.05.csv@1004  reward=QoE=   83.13 eps=0.050 loss=1.6137
[ep  919] redandblack  driving_B_2019.12.17_07.32.39.csv@781   reward=QoE=   48.42 eps=0.050 loss=1.4930
[ep  920] soldier      driving_B_2020.02.27_17.30.15.csv@712   reward=QoE=    3.09 eps=0.050 loss=1.6860
[ep  921] longdress    driving_B_2020.02.14_09.38.22.csv@17    reward=QoE=  -49.98 eps=0.050 loss=1.6294
[ep  922] loot         static_B_2019.12.16_13.40.04.csv@564   reward=QoE=   53.48 eps=0.050 loss=1.4864
[ep  923] redandblack  driving_B_2020.02.13_15.02.01.csv@553   reward=QoE=   41.09 eps=0.050 loss=1.5154
[ep  924] soldier      static_B_2020.02.27_18.39.27.csv@4185  reward=QoE=   45.28 eps=0.050 loss=1.5359
[ep  925] longdress    driving_B_2019.12.17_07.32.39.csv@1321  reward=QoE=   71.41 eps=0.050 loss=1.5351
[ep  926] loot         static_B_2020.02.27_18.39.27.csv@3885  reward=QoE=   32.50 eps=0.050 loss=1.5918
[ep  927] redandblack  driving_B_2020.02.14_12.58.17.csv@145   reward=QoE=   42.42 eps=0.050 loss=1.5221
[ep  928] soldier      driving_B_2020.01.16_09.56.56.csv@1071  reward=QoE=   35.49 eps=0.050 loss=1.5426
[ep  929] longdress    driving_B_2020.02.13_15.02.01.csv@2473  reward=QoE=  -54.79 eps=0.050 loss=1.4085
[ep  930] loot         static_B_2020.02.14_13.21.26.csv@706   reward=QoE=   73.13 eps=0.050 loss=1.4655
[ep  931] redandblack  driving_B_2019.12.16_12.27.05.csv@1124  reward=QoE=   54.47 eps=0.050 loss=1.6011
[ep  932] soldier      static_B_2020.02.27_18.39.27.csv@3285  reward=QoE=   65.35 eps=0.050 loss=1.4838
[ep  933] longdress    driving_B_2019.12.17_07.32.39.csv@1381  reward=QoE=   81.13 eps=0.050 loss=1.7359
[ep  934] loot         driving_B_2020.02.14_12.58.17.csv@625   reward=QoE=   15.55 eps=0.050 loss=1.5555
[ep  935] redandblack  driving_B_2019.12.17_07.32.39.csv@1021  reward=QoE=   38.78 eps=0.050 loss=1.5291
[ep  936] soldier      static_B_2020.02.27_18.39.27.csv@765   reward=QoE=   66.61 eps=0.050 loss=1.3458
[ep  937] longdress    driving_B_2020.01.16_09.56.56.csv@711   reward=QoE=   55.46 eps=0.050 loss=1.6356
[ep  938] loot         static_B_2020.02.27_18.39.27.csv@45    reward=QoE=   74.86 eps=0.050 loss=1.3952
[ep  939] redandblack  static_B_2019.12.16_13.40.04.csv@144   reward=QoE=   62.18 eps=0.050 loss=1.4491
[ep  940] soldier      driving_B_2020.02.13_13.03.24.csv@879   reward=QoE=    8.36 eps=0.050 loss=1.5616
[ep  941] longdress    static_B_2020.02.27_18.39.27.csv@405   reward=QoE=   57.25 eps=0.050 loss=1.3362
[ep  942] loot         driving_B_2020.02.13_13.03.24.csv@1179  reward=QoE=   23.09 eps=0.050 loss=1.4103
[ep  943] redandblack  static_B_2020.02.14_13.21.26.csv@586   reward=QoE=   74.73 eps=0.050 loss=1.5362
[ep  944] soldier      static_B_2020.02.27_18.39.27.csv@4365  reward=QoE=   39.59 eps=0.050 loss=1.5935
[ep  945] longdress    driving_B_2019.12.17_07.32.39.csv@2101  reward=QoE=   72.64 eps=0.050 loss=1.5063
[ep  946] loot         driving_B_2020.02.14_12.58.17.csv@205   reward=QoE=  -51.71 eps=0.050 loss=1.6086
[ep  947] redandblack  driving_B_2019.12.17_07.32.39.csv@301   reward=QoE=   42.84 eps=0.050 loss=1.6955
[ep  948] soldier      driving_B_2020.01.16_07.26.43.csv@1515  reward=QoE=   31.00 eps=0.050 loss=1.4132
[ep  949] longdress    driving_B_2020.02.13_15.02.01.csv@133   reward=QoE=   52.74 eps=0.050 loss=1.4454
[ep  950] loot         static_B_2020.02.27_18.39.27.csv@225   reward=QoE=   78.07 eps=0.050 loss=1.3938
[ep  951] redandblack  driving_B_2020.02.13_15.02.01.csv@1813  reward=QoE=   66.47 eps=0.050 loss=1.4597
[ep  952] soldier      driving_B_2020.02.13_13.03.24.csv@1719  reward=QoE=   51.58 eps=0.050 loss=1.5960
[ep  953] longdress    static_B_2019.12.16_13.40.04.csv@444   reward=QoE=   43.06 eps=0.050 loss=1.4591
[ep  954] loot         driving_B_2020.02.14_09.38.22.csv@497   reward=QoE=   16.75 eps=0.050 loss=1.5519
[ep  955] redandblack  static_B_2020.02.27_18.39.27.csv@4845  reward=QoE=   76.23 eps=0.050 loss=1.6316
[ep  956] soldier      driving_B_2020.01.16_07.26.43.csv@855   reward=QoE=   34.16 eps=0.050 loss=1.5726
[ep  957] longdress    driving_B_2019.12.17_07.32.39.csv@841   reward=QoE=   35.15 eps=0.050 loss=1.5789
[ep  958] loot         driving_B_2019.12.16_12.27.05.csv@164   reward=QoE=   28.07 eps=0.050 loss=1.4868
[ep  959] redandblack  driving_B_2020.02.13_15.02.01.csv@1093  reward=QoE=   49.92 eps=0.050 loss=1.5438
[ep  960] soldier      driving_B_2020.02.13_15.02.01.csv@1513  reward=QoE=  -25.69 eps=0.050 loss=1.5017
[ep  961] longdress    driving_B_2020.02.13_13.03.24.csv@219   reward=QoE=   23.66 eps=0.050 loss=1.5147
[ep  962] loot         static_B_2020.02.27_18.39.27.csv@4065  reward=QoE=   73.56 eps=0.050 loss=1.4347
[ep  963] redandblack  driving_B_2020.01.16_12.10.03.csv@141   reward=QoE=   85.40 eps=0.050 loss=1.4713
[ep  964] soldier      driving_B_2020.02.14_09.38.22.csv@1217  reward=QoE=    5.50 eps=0.050 loss=1.6096
[ep  965] longdress    driving_B_2020.01.16_09.56.56.csv@1251  reward=QoE=   47.51 eps=0.050 loss=1.7988
[ep  966] loot         driving_B_2020.02.13_15.02.01.csv@2113  reward=QoE=   49.90 eps=0.050 loss=1.5731
[ep  967] redandblack  static_B_2019.12.16_13.40.04.csv@624   reward=QoE=   50.69 eps=0.050 loss=1.4105
[ep  968] soldier      driving_B_2020.02.14_09.38.22.csv@137   reward=QoE=    9.54 eps=0.050 loss=1.5535
[ep  969] longdress    driving_B_2019.12.17_07.32.39.csv@481   reward=QoE=   45.36 eps=0.050 loss=1.4024
[ep  970] loot         static_B_2019.12.16_13.40.04.csv@1464  reward=QoE=   65.33 eps=0.050 loss=1.5292
[ep  971] redandblack  driving_B_2020.02.13_15.02.01.csv@2653  reward=QoE=   21.69 eps=0.050 loss=1.5855
[ep  972] soldier      static_B_2020.02.27_18.39.27.csv@3105  reward=QoE=   24.19 eps=0.050 loss=1.5137
[ep  973] longdress    driving_B_2020.01.16_09.56.56.csv@351   reward=QoE=   -6.11 eps=0.050 loss=1.5896
[ep  974] loot         driving_B_2019.12.16_12.27.05.csv@224   reward=QoE=   40.95 eps=0.050 loss=1.5185
[ep  975] redandblack  driving_B_2020.01.16_12.10.03.csv@244   reward=QoE=   67.87 eps=0.050 loss=1.5726
[ep  976] soldier      driving_B_2020.01.16_07.26.43.csv@1455  reward=QoE=   30.12 eps=0.050 loss=1.5108
[ep  977] longdress    static_B_2019.12.16_13.40.04.csv@1044  reward=QoE=   57.12 eps=0.050 loss=1.4989
[ep  978] loot         static_B_2020.02.14_13.21.26.csv@646   reward=QoE=   67.32 eps=0.050 loss=1.6913
[ep  979] redandblack  driving_B_2019.12.17_07.32.39.csv@721   reward=QoE=   43.08 eps=0.050 loss=1.4163
[ep  980] soldier      static_B_2019.12.16_13.40.04.csv@1644  reward=QoE=   47.23 eps=0.050 loss=1.4360
[ep  981] longdress    static_B_2020.02.27_18.39.27.csv@4305  reward=QoE=   46.06 eps=0.050 loss=1.6163
[ep  982] loot         driving_B_2020.01.16_07.26.43.csv@795   reward=QoE=   47.08 eps=0.050 loss=1.4540
[ep  983] redandblack  driving_B_2020.02.13_15.02.01.csv@1993  reward=QoE=   50.02 eps=0.050 loss=1.4782
[ep  984] soldier      static_B_2020.02.14_13.21.26.csv@106   reward=QoE=   84.62 eps=0.050 loss=1.5380
[ep  985] longdress    static_B_2019.12.16_13.40.04.csv@1824  reward=QoE=   31.51 eps=0.050 loss=1.6096
[ep  986] loot         driving_B_2020.02.13_13.03.24.csv@579   reward=QoE=   27.68 eps=0.050 loss=1.5013
[ep  987] redandblack  driving_B_2020.02.13_13.03.24.csv@1119  reward=QoE=   24.57 eps=0.050 loss=1.4530
[ep  988] soldier      driving_B_2020.02.14_09.38.22.csv@197   reward=QoE=   -9.95 eps=0.050 loss=1.6149
[ep  989] longdress    driving_B_2020.02.13_13.03.24.csv@399   reward=QoE=   12.43 eps=0.050 loss=1.5933
[ep  990] loot         static_B_2019.12.16_13.40.04.csv@984   reward=QoE=   46.56 eps=0.050 loss=1.5538
[ep  991] redandblack  driving_B_2020.02.14_12.58.17.csv@445   reward=QoE=  -43.49 eps=0.050 loss=1.3726
[ep  992] soldier      driving_B_2019.12.17_07.32.39.csv@1621  reward=QoE=    1.46 eps=0.050 loss=1.3169
[ep  993] longdress    driving_B_2020.02.14_12.58.17.csv@800   reward=QoE=   16.31 eps=0.050 loss=1.4191
[ep  994] loot         driving_B_2020.02.13_15.02.01.csv@1933  reward=QoE=   48.07 eps=0.050 loss=1.5421
[ep  995] redandblack  driving_B_2020.01.16_07.26.43.csv@1395  reward=QoE=    7.09 eps=0.050 loss=1.7408
[ep  996] soldier      driving_B_2020.02.13_15.02.01.csv@73    reward=QoE=   62.41 eps=0.050 loss=1.4386
[ep  997] longdress    driving_B_2020.01.16_09.56.56.csv@111   reward=QoE=   13.64 eps=0.050 loss=1.5822
[ep  998] loot         driving_B_2020.01.16_09.56.56.csv@1371  reward=QoE=   53.89 eps=0.050 loss=1.4385
[ep  999] redandblack  driving_B_2020.02.13_13.03.24.csv@699   reward=QoE=   31.26 eps=0.050 loss=1.4226
[ep 1000] soldier      driving_B_2020.02.27_17.30.15.csv@472   reward=QoE= -154.80 eps=0.050 loss=1.5591
[ep 1001] longdress    static_B_2020.02.27_18.39.27.csv@1665  reward=QoE=   36.79 eps=0.050 loss=1.4664
[ep 1002] loot         driving_B_2020.02.14_09.38.22.csv@1337  reward=QoE=   80.70 eps=0.050 loss=1.5565
[ep 1003] redandblack  driving_B_2020.02.13_15.02.01.csv@433   reward=QoE=   65.33 eps=0.050 loss=1.6364
[ep 1004] soldier      driving_B_2019.12.16_12.27.05.csv@524   reward=QoE=  -81.02 eps=0.050 loss=1.5064
[ep 1005] longdress    driving_B_2020.02.13_15.02.01.csv@1633  reward=QoE=  -22.27 eps=0.050 loss=1.5598
[ep 1006] loot         static_B_2020.02.14_13.21.26.csv@286   reward=QoE=   74.14 eps=0.050 loss=1.5954
[ep 1007] redandblack  static_B_2020.02.27_18.39.27.csv@2505  reward=QoE=   88.22 eps=0.050 loss=1.4513
[ep 1008] soldier      driving_B_2020.02.14_09.38.22.csv@617   reward=QoE=   71.03 eps=0.050 loss=1.5805
[ep 1009] longdress    static_B_2019.12.16_13.40.04.csv@84    reward=QoE=   76.09 eps=0.050 loss=1.5882
[ep 1010] loot         driving_B_2020.01.16_07.26.43.csv@1755  reward=QoE=   42.63 eps=0.050 loss=1.5942
[ep 1011] redandblack  driving_B_2020.01.16_12.10.03.csv@81    reward=QoE=   71.40 eps=0.050 loss=1.5981
[ep 1012] soldier      driving_B_2019.12.17_07.32.39.csv@661   reward=QoE=    0.38 eps=0.050 loss=1.5632
[ep 1013] longdress    driving_B_2019.12.17_07.32.39.csv@361   reward=QoE=   51.29 eps=0.050 loss=1.4847
[ep 1014] loot         static_B_2020.02.27_18.39.27.csv@2865  reward=QoE=   66.12 eps=0.050 loss=1.6265
[ep 1015] redandblack  static_B_2020.02.27_18.39.27.csv@4605  reward=QoE=   51.46 eps=0.050 loss=1.4889
[ep 1016] soldier      driving_B_2020.01.16_07.26.43.csv@615   reward=QoE=   31.59 eps=0.050 loss=1.6148
[ep 1017] longdress    static_B_2020.02.27_18.39.27.csv@2565  reward=QoE=   66.37 eps=0.050 loss=1.5698
[ep 1018] loot         driving_B_2020.02.13_15.02.01.csv@853   reward=QoE=   33.53 eps=0.050 loss=1.5372
[ep 1019] redandblack  driving_B_2020.02.27_17.30.15.csv@652   reward=QoE=  -11.49 eps=0.050 loss=1.5680
[ep 1020] soldier      static_B_2020.02.27_18.39.27.csv@4485  reward=QoE=   47.87 eps=0.050 loss=1.5310
[ep 1021] longdress    driving_B_2020.02.13_15.02.01.csv@1573  reward=QoE=  -16.97 eps=0.050 loss=1.6227
[ep 1022] loot         driving_B_2020.01.16_09.56.56.csv@591   reward=QoE=   67.07 eps=0.050 loss=1.6973
[ep 1023] redandblack  driving_B_2019.12.17_07.32.39.csv@2221  reward=QoE=   29.50 eps=0.050 loss=1.5021
[ep 1024] soldier      driving_B_2020.02.13_13.03.24.csv@1479  reward=QoE=   36.66 eps=0.050 loss=1.5714
[ep 1025] longdress    driving_B_2020.01.16_09.56.56.csv@1570  reward=QoE=   38.45 eps=0.050 loss=1.7004
[ep 1026] loot         driving_B_2020.01.16_07.26.43.csv@555   reward=QoE=   38.97 eps=0.050 loss=1.5130
[ep 1027] redandblack  static_B_2019.12.16_13.40.04.csv@1404  reward=QoE=  -38.76 eps=0.050 loss=1.6981
[ep 1028] soldier      static_B_2019.12.16_13.40.04.csv@24    reward=QoE=   71.40 eps=0.050 loss=1.5389
[ep 1029] longdress    static_B_2020.02.27_18.39.27.csv@1605  reward=QoE=   37.97 eps=0.050 loss=1.5102
[ep 1030] loot         driving_B_2020.02.14_12.58.17.csv@385   reward=QoE=   10.61 eps=0.050 loss=1.5320
[ep 1031] redandblack  static_B_2020.02.27_18.39.27.csv@5445  reward=QoE=   44.85 eps=0.050 loss=1.4619
[ep 1032] soldier      static_B_2020.02.27_18.39.27.csv@3345  reward=QoE=   70.92 eps=0.050 loss=1.5848
[ep 1033] longdress    driving_B_2020.02.13_15.02.01.csv@313   reward=QoE=   74.41 eps=0.050 loss=1.4745
[ep 1034] loot         driving_B_2020.02.13_13.03.24.csv@2019  reward=QoE=   21.21 eps=0.050 loss=1.4763
[ep 1035] redandblack  static_B_2020.02.27_18.39.27.csv@2205  reward=QoE=   60.36 eps=0.050 loss=1.5296
[ep 1036] soldier      static_B_2019.12.16_13.40.04.csv@804   reward=QoE=   60.07 eps=0.050 loss=1.6694
[ep 1037] longdress    driving_B_2020.02.13_13.03.24.csv@639   reward=QoE=   30.44 eps=0.050 loss=1.5718
[ep 1038] loot         static_B_2020.02.27_18.39.27.csv@2325  reward=QoE=   47.94 eps=0.050 loss=1.4242
[ep 1039] redandblack  driving_B_2020.02.14_12.58.17.csv@85    reward=QoE=   13.13 eps=0.050 loss=1.4530
[ep 1040] soldier      driving_B_2020.01.16_07.26.43.csv@135   reward=QoE=   28.48 eps=0.050 loss=1.4138
[ep 1041] longdress    driving_B_2020.02.13_15.02.01.csv@2413  reward=QoE=  -18.58 eps=0.050 loss=1.6833
[ep 1042] loot         driving_B_2020.01.16_09.56.56.csv@831   reward=QoE=    3.55 eps=0.050 loss=1.5981
[ep 1043] redandblack  static_B_2020.02.27_18.39.27.csv@3405  reward=QoE=   72.22 eps=0.050 loss=1.4952
[ep 1044] soldier      driving_B_2019.12.17_07.32.39.csv@1981  reward=QoE=   50.16 eps=0.050 loss=1.4844
[ep 1045] longdress    static_B_2019.12.16_13.40.04.csv@324   reward=QoE=   40.59 eps=0.050 loss=1.5708
[ep 1046] loot         static_B_2020.02.27_18.39.27.csv@5625  reward=QoE=   76.47 eps=0.050 loss=1.5993
[ep 1047] redandblack  static_B_2020.02.14_13.21.26.csv@406   reward=QoE=   71.66 eps=0.050 loss=1.4832
[ep 1048] soldier      driving_B_2020.01.16_07.26.43.csv@975   reward=QoE=  -11.23 eps=0.050 loss=1.5537
[ep 1049] longdress    driving_B_2019.12.17_07.32.39.csv@1501  reward=QoE=   -2.26 eps=0.050 loss=1.5733
[ep 1050] loot         driving_B_2020.02.13_15.02.01.csv@13    reward=QoE=   61.26 eps=0.050 loss=1.5819
[ep 1051] redandblack  driving_B_2020.01.16_07.26.43.csv@735   reward=QoE=   30.96 eps=0.050 loss=1.6503
[ep 1052] soldier      static_B_2019.12.16_13.40.04.csv@1284  reward=QoE=   40.24 eps=0.050 loss=1.7020
[ep 1053] longdress    static_B_2020.02.27_18.39.27.csv@5145  reward=QoE=   82.03 eps=0.050 loss=1.6746
[ep 1054] loot         driving_B_2020.01.16_12.10.03.csv@21    reward=QoE=   70.38 eps=0.050 loss=1.5751
[ep 1055] redandblack  static_B_2020.02.27_18.39.27.csv@2265  reward=QoE=   59.89 eps=0.050 loss=1.7107
[ep 1056] soldier      static_B_2020.02.27_18.39.27.csv@1005  reward=QoE=   60.28 eps=0.050 loss=1.6032
[ep 1057] longdress    driving_B_2020.02.27_17.30.15.csv@232   reward=QoE= -295.18 eps=0.050 loss=1.5212
[ep 1058] loot         static_B_2019.12.16_13.40.04.csv@1584  reward=QoE=   90.85 eps=0.050 loss=1.8008
[ep 1059] redandblack  driving_B_2020.02.13_15.02.01.csv@2754  reward=QoE=   28.03 eps=0.050 loss=1.5768
[ep 1060] soldier      driving_B_2020.02.13_15.02.01.csv@2233  reward=QoE=   81.93 eps=0.050 loss=1.5637
[ep 1061] longdress    static_B_2020.02.27_18.39.27.csv@1845  reward=QoE=  -18.11 eps=0.050 loss=1.7495
[ep 1062] loot         static_B_2020.02.27_18.39.27.csv@4725  reward=QoE=   40.38 eps=0.050 loss=1.6479
[ep 1063] redandblack  static_B_2020.02.27_18.39.27.csv@5685  reward=QoE=   70.27 eps=0.050 loss=1.8606
[ep 1064] soldier      static_B_2020.02.27_18.39.27.csv@2025  reward=QoE=   73.10 eps=0.050 loss=1.8196
[ep 1065] longdress    static_B_2020.02.14_13.21.26.csv@166   reward=QoE=   83.29 eps=0.050 loss=1.6250
[ep 1066] loot         static_B_2020.02.27_18.39.27.csv@3045  reward=QoE=   45.34 eps=0.050 loss=1.6045
[ep 1067] redandblack  static_B_2020.02.27_18.39.27.csv@3945  reward=QoE=   63.31 eps=0.050 loss=1.5367
[ep 1068] soldier      driving_B_2020.02.13_13.03.24.csv@519   reward=QoE=   14.91 eps=0.050 loss=1.5673
[ep 1069] longdress    driving_B_2019.12.17_07.32.39.csv@1     reward=QoE=   28.20 eps=0.050 loss=1.5463
[ep 1070] loot         static_B_2020.02.27_18.39.27.csv@3525  reward=QoE=   68.64 eps=0.050 loss=1.6187
[ep 1071] redandblack  static_B_2020.02.27_18.39.27.csv@2805  reward=QoE=   83.28 eps=0.050 loss=1.5249
[ep 1072] soldier      static_B_2020.02.27_18.39.27.csv@1245  reward=QoE=   76.00 eps=0.050 loss=1.4425
[ep 1073] longdress    static_B_2019.12.16_13.40.04.csv@1104  reward=QoE=  -55.64 eps=0.050 loss=1.5573
[ep 1074] loot         driving_B_2019.12.17_07.32.39.csv@541   reward=QoE=   18.22 eps=0.050 loss=1.5698
[ep 1075] redandblack  driving_B_2020.02.13_15.02.01.csv@2353  reward=QoE=  -47.18 eps=0.050 loss=1.5911
[ep 1076] soldier      static_B_2020.02.14_13.21.26.csv@826   reward=QoE=   86.65 eps=0.050 loss=1.6116
[ep 1077] longdress    driving_B_2020.02.13_13.03.24.csv@1239  reward=QoE=   16.94 eps=0.050 loss=1.7056
[ep 1078] loot         driving_B_2019.12.16_12.27.05.csv@284   reward=QoE=   21.19 eps=0.050 loss=1.5946
[ep 1079] redandblack  driving_B_2019.12.16_12.27.05.csv@104   reward=QoE=   46.01 eps=0.050 loss=1.7160
[ep 1080] soldier      static_B_2019.12.16_13.40.04.csv@684   reward=QoE=   88.78 eps=0.050 loss=1.5775
[ep 1081] longdress    driving_B_2020.01.16_09.56.56.csv@291   reward=QoE=   52.89 eps=0.050 loss=1.6103
[ep 1082] loot         static_B_2020.02.27_18.39.27.csv@1485  reward=QoE=   66.75 eps=0.050 loss=1.6063
[ep 1083] redandblack  static_B_2020.02.27_18.39.27.csv@345   reward=QoE=   90.72 eps=0.050 loss=1.6466
[ep 1084] soldier      static_B_2019.12.16_13.40.04.csv@1904  reward=QoE=  -53.83 eps=0.050 loss=1.5272
[ep 1085] longdress    driving_B_2020.02.13_13.03.24.csv@279   reward=QoE=   34.14 eps=0.050 loss=1.6956
[ep 1086] loot         driving_B_2020.01.16_07.26.43.csv@495   reward=QoE=   29.54 eps=0.050 loss=1.4178
[ep 1087] redandblack  driving_B_2020.02.13_15.02.01.csv@613   reward=QoE=   38.97 eps=0.050 loss=1.5943
[ep 1088] soldier      static_B_2019.12.16_13.40.04.csv@204   reward=QoE=   61.02 eps=0.050 loss=1.4831
[ep 1089] longdress    driving_B_2019.12.16_12.27.05.csv@824   reward=QoE=   42.87 eps=0.050 loss=1.5240
[ep 1090] loot         driving_B_2020.02.13_13.03.24.csv@1299  reward=QoE=   34.78 eps=0.050 loss=1.5084
[ep 1091] redandblack  static_B_2020.02.27_18.39.27.csv@4905  reward=QoE=   26.25 eps=0.050 loss=1.5344
[ep 1092] soldier      driving_B_2020.02.14_09.38.22.csv@317   reward=QoE=    0.80 eps=0.050 loss=1.5511
[ep 1093] longdress    static_B_2019.12.16_13.40.04.csv@264   reward=QoE=   24.17 eps=0.050 loss=1.5118
[ep 1094] loot         driving_B_2019.12.17_07.32.39.csv@1861  reward=QoE=    9.71 eps=0.050 loss=1.5666
[ep 1095] redandblack  driving_B_2020.01.16_09.56.56.csv@171   reward=QoE=   51.33 eps=0.050 loss=1.5499
[ep 1096] soldier      driving_B_2020.01.16_09.56.56.csv@771   reward=QoE=   48.29 eps=0.050 loss=1.6616
[ep 1097] longdress    driving_B_2020.02.13_13.03.24.csv@999   reward=QoE=   15.02 eps=0.050 loss=1.7447
[ep 1098] loot         driving_B_2019.12.17_07.32.39.csv@1441  reward=QoE=   35.27 eps=0.050 loss=1.5215
[ep 1099] redandblack  driving_B_2019.12.17_07.32.39.csv@1261  reward=QoE=   25.05 eps=0.050 loss=1.5048
[ep 1100] soldier      driving_B_2020.02.13_15.02.01.csv@1333  reward=QoE=  -43.01 eps=0.050 loss=1.7149
[ep 1101] longdress    static_B_2020.02.27_18.39.27.csv@3165  reward=QoE=  -86.04 eps=0.050 loss=1.6344
[ep 1102] loot         driving_B_2019.12.17_07.32.39.csv@1681  reward=QoE=   35.56 eps=0.050 loss=1.7139
[ep 1103] redandblack  driving_B_2019.12.16_12.27.05.csv@404   reward=QoE=  -57.12 eps=0.050 loss=1.7108
[ep 1104] soldier      static_B_2020.02.27_18.39.27.csv@3585  reward=QoE=   45.91 eps=0.050 loss=1.5733
[ep 1105] longdress    driving_B_2019.12.16_12.27.05.csv@704   reward=QoE=   25.04 eps=0.050 loss=1.7719
[ep 1106] loot         driving_B_2020.02.13_13.03.24.csv@2188  reward=QoE= -135.61 eps=0.050 loss=1.6411
[ep 1107] redandblack  driving_B_2020.01.16_07.26.43.csv@1575  reward=QoE=   19.78 eps=0.050 loss=1.6255
[ep 1108] soldier      driving_B_2020.02.27_17.30.15.csv@720   reward=QoE=   11.20 eps=0.050 loss=1.6009
[ep 1109] longdress    driving_B_2020.01.16_07.26.43.csv@1335  reward=QoE=   21.17 eps=0.050 loss=1.5844
[ep 1110] loot         driving_B_2020.02.13_15.02.01.csv@2173  reward=QoE=   76.58 eps=0.050 loss=1.8516
[ep 1111] redandblack  driving_B_2020.02.13_15.02.01.csv@733   reward=QoE=   26.36 eps=0.050 loss=1.8006
[ep 1112] soldier      driving_B_2020.02.14_12.58.17.csv@505   reward=QoE=  -99.07 eps=0.050 loss=1.4981
[ep 1113] longdress    driving_B_2020.01.16_07.26.43.csv@1155  reward=QoE=   36.37 eps=0.050 loss=1.7203
[ep 1114] loot         static_B_2020.02.14_13.21.26.csv@766   reward=QoE=   58.96 eps=0.050 loss=1.7211
[ep 1115] redandblack  driving_B_2019.12.17_07.32.39.csv@961   reward=QoE=   29.36 eps=0.050 loss=1.6659
[ep 1116] soldier      driving_B_2019.12.17_07.32.39.csv@1201  reward=QoE=   33.66 eps=0.050 loss=1.7037
[ep 1117] longdress    driving_B_2020.02.13_13.03.24.csv@2139  reward=QoE=   -3.64 eps=0.050 loss=1.5316
[ep 1118] loot         driving_B_2020.02.13_15.02.01.csv@793   reward=QoE=   24.17 eps=0.050 loss=1.5751
[ep 1119] redandblack  static_B_2020.02.27_18.39.27.csv@5385  reward=QoE=   64.79 eps=0.050 loss=1.6356
[ep 1120] soldier      driving_B_2019.12.17_07.32.39.csv@1141  reward=QoE=   28.72 eps=0.050 loss=1.5622
[ep 1121] longdress    driving_B_2020.01.16_09.56.56.csv@1011  reward=QoE=   71.59 eps=0.050 loss=1.6821
[ep 1122] loot         driving_B_2020.01.16_09.56.56.csv@1191  reward=QoE=   40.58 eps=0.050 loss=1.6850
[ep 1123] redandblack  static_B_2019.12.16_13.40.04.csv@864   reward=QoE=   64.59 eps=0.050 loss=1.6775
[ep 1124] soldier      driving_B_2020.02.13_15.02.01.csv@673   reward=QoE=   30.47 eps=0.050 loss=1.7936
[ep 1125] longdress    driving_B_2020.02.14_12.58.17.csv@800   reward=QoE=   10.37 eps=0.050 loss=1.6941
[ep 1126] loot         static_B_2020.02.27_18.39.27.csv@525   reward=QoE=   40.51 eps=0.050 loss=1.4494
[ep 1127] redandblack  driving_B_2020.01.16_07.26.43.csv@1635  reward=QoE=   35.13 eps=0.050 loss=1.7899
[ep 1128] soldier      driving_B_2019.12.16_12.27.05.csv@44    reward=QoE=   22.55 eps=0.050 loss=1.6703
[ep 1129] longdress    driving_B_2019.12.17_07.32.39.csv@1741  reward=QoE=   20.86 eps=0.050 loss=1.6635
[ep 1130] loot         driving_B_2019.12.17_07.32.39.csv@421   reward=QoE=   44.15 eps=0.050 loss=1.6930
[ep 1131] redandblack  static_B_2019.12.16_13.40.04.csv@1524  reward=QoE=   68.82 eps=0.050 loss=1.4809
[ep 1132] soldier      driving_B_2020.02.14_09.38.22.csv@77    reward=QoE=   15.47 eps=0.050 loss=1.6735
[ep 1133] longdress    static_B_2020.02.27_18.39.27.csv@1185  reward=QoE=  -54.66 eps=0.050 loss=1.5820
[ep 1134] loot         driving_B_2019.12.16_12.27.05.csv@644   reward=QoE=    9.58 eps=0.050 loss=1.7906
[ep 1135] redandblack  driving_B_2020.02.14_12.58.17.csv@565   reward=QoE=   30.88 eps=0.050 loss=1.7166
[ep 1136] soldier      driving_B_2020.02.27_17.30.15.csv@412   reward=QoE=   19.12 eps=0.050 loss=1.6513
[ep 1137] longdress    static_B_2020.02.27_18.39.27.csv@5742  reward=QoE=   61.50 eps=0.050 loss=1.5338
[ep 1138] loot         driving_B_2020.02.13_13.03.24.csv@1419  reward=QoE=   28.63 eps=0.050 loss=1.6645
[ep 1139] redandblack  driving_B_2020.02.13_15.02.01.csv@2713  reward=QoE=   17.73 eps=0.050 loss=1.6285
[ep 1140] soldier      static_B_2020.02.27_18.39.27.csv@4785  reward=QoE=   67.77 eps=0.050 loss=1.6618
[ep 1141] longdress    driving_B_2020.02.13_15.02.01.csv@1873  reward=QoE=   24.65 eps=0.050 loss=1.7314
[ep 1142] loot         static_B_2020.02.27_18.39.27.csv@165   reward=QoE=   66.54 eps=0.050 loss=1.5195
[ep 1143] redandblack  static_B_2020.02.27_18.39.27.csv@945   reward=QoE=   79.27 eps=0.050 loss=1.6048
[ep 1144] soldier      driving_B_2020.02.13_13.03.24.csv@339   reward=QoE=   32.86 eps=0.050 loss=1.5794
[ep 1145] longdress    driving_B_2020.02.14_09.38.22.csv@677   reward=QoE=   28.23 eps=0.050 loss=1.6278
[ep 1146] loot         driving_B_2020.02.14_12.58.17.csv@685   reward=QoE=   25.92 eps=0.050 loss=1.5542
[ep 1147] redandblack  driving_B_2020.01.16_07.26.43.csv@315   reward=QoE=   46.80 eps=0.050 loss=1.7086
[ep 1148] soldier      static_B_2020.02.27_18.39.27.csv@1725  reward=QoE=   40.70 eps=0.050 loss=1.5886
[ep 1149] longdress    driving_B_2020.02.14_09.38.22.csv@917   reward=QoE=   65.73 eps=0.050 loss=1.6328
[ep 1150] loot         driving_B_2019.12.16_12.27.05.csv@944   reward=QoE=   40.35 eps=0.050 loss=1.5132
[ep 1151] redandblack  static_B_2020.02.27_18.39.27.csv@5325  reward=QoE=   57.75 eps=0.050 loss=1.6427
[ep 1152] soldier      static_B_2020.02.27_18.39.27.csv@1785  reward=QoE=   15.61 eps=0.050 loss=1.6863
[ep 1153] longdress    driving_B_2020.02.14_09.38.22.csv@557   reward=QoE=   59.68 eps=0.050 loss=1.6413
[ep 1154] loot         driving_B_2020.02.14_12.58.17.csv@325   reward=QoE=  -44.08 eps=0.050 loss=1.6580
[ep 1155] redandblack  driving_B_2020.02.13_15.02.01.csv@1213  reward=QoE=   54.96 eps=0.050 loss=1.6823
[ep 1156] soldier      driving_B_2020.02.13_15.02.01.csv@913   reward=QoE=   79.29 eps=0.050 loss=1.6132
[ep 1157] longdress    driving_B_2020.01.16_09.56.56.csv@1311  reward=QoE=   58.59 eps=0.050 loss=1.6311
[ep 1158] loot         driving_B_2020.01.16_07.26.43.csv@435   reward=QoE=   30.02 eps=0.050 loss=1.7527
[ep 1159] redandblack  driving_B_2020.02.13_13.03.24.csv@1539  reward=QoE=   42.26 eps=0.050 loss=1.6606
[ep 1160] soldier      driving_B_2019.12.17_07.32.39.csv@901   reward=QoE=   15.61 eps=0.050 loss=1.6784
[ep 1161] longdress    static_B_2020.02.27_18.39.27.csv@5742  reward=QoE=   61.09 eps=0.050 loss=1.8318
[ep 1162] loot         driving_B_2020.02.13_13.03.24.csv@1659  reward=QoE=  -21.78 eps=0.050 loss=1.8790
[ep 1163] redandblack  driving_B_2020.02.14_12.58.17.csv@265   reward=QoE= -221.58 eps=0.050 loss=1.6988
[ep 1164] soldier      static_B_2020.02.27_18.39.27.csv@2625  reward=QoE=   63.13 eps=0.050 loss=1.7324
[ep 1165] longdress    driving_B_2020.02.27_17.30.15.csv@352   reward=QoE=   11.35 eps=0.050 loss=1.5441
[ep 1166] loot         driving_B_2019.12.17_07.32.39.csv@2041  reward=QoE=   21.92 eps=0.050 loss=1.7970
[ep 1167] redandblack  driving_B_2020.02.27_17.30.15.csv@172   reward=QoE=   -7.65 eps=0.050 loss=1.5666
[ep 1168] soldier      driving_B_2020.02.13_13.03.24.csv@1059  reward=QoE=   24.81 eps=0.050 loss=1.6042
[ep 1169] longdress    static_B_2020.02.27_18.39.27.csv@1065  reward=QoE=   38.14 eps=0.050 loss=1.6334
[ep 1170] loot         driving_B_2019.12.16_12.27.05.csv@584   reward=QoE=   23.37 eps=0.050 loss=1.6291
[ep 1171] redandblack  driving_B_2020.02.27_17.30.15.csv@112   reward=QoE=  -88.25 eps=0.050 loss=1.5950
[ep 1172] soldier      driving_B_2020.01.16_07.26.43.csv@1215  reward=QoE=   29.27 eps=0.050 loss=1.5030
[ep 1173] longdress    static_B_2020.02.27_18.39.27.csv@1545  reward=QoE=   60.28 eps=0.050 loss=1.7005
[ep 1174] loot         static_B_2019.12.16_13.40.04.csv@744   reward=QoE=   79.51 eps=0.050 loss=1.7364
[ep 1175] redandblack  static_B_2020.02.27_18.39.27.csv@5025  reward=QoE=   60.86 eps=0.050 loss=1.6596
[ep 1176] soldier      driving_B_2020.02.14_09.38.22.csv@1097  reward=QoE=    8.34 eps=0.050 loss=1.8692
[ep 1177] longdress    driving_B_2020.01.16_09.56.56.csv@951   reward=QoE=   23.81 eps=0.050 loss=1.5704
[ep 1178] loot         static_B_2020.02.27_18.39.27.csv@4425  reward=QoE=   77.86 eps=0.050 loss=1.5633
[ep 1179] redandblack  static_B_2019.12.16_13.40.04.csv@1764  reward=QoE=   64.31 eps=0.050 loss=1.6333
[ep 1180] soldier      driving_B_2020.01.16_09.56.56.csv@231   reward=QoE=   41.44 eps=0.050 loss=1.6939
[ep 1181] longdress    driving_B_2020.02.13_15.02.01.csv@253   reward=QoE=   83.56 eps=0.050 loss=1.5896
[ep 1182] loot         static_B_2020.02.27_18.39.27.csv@1965  reward=QoE=   49.55 eps=0.050 loss=1.7446
[ep 1183] redandblack  static_B_2020.02.27_18.39.27.csv@4545  reward=QoE=   50.47 eps=0.050 loss=1.7057
[ep 1184] soldier      driving_B_2020.02.14_12.58.17.csv@25    reward=QoE=   43.39 eps=0.050 loss=1.8273
[ep 1185] longdress    driving_B_2020.02.13_13.03.24.csv@759   reward=QoE=  -12.46 eps=0.050 loss=1.7756
[ep 1186] loot         driving_B_2019.12.16_12.27.05.csv@344   reward=QoE=   34.21 eps=0.050 loss=1.7402
[ep 1187] redandblack  driving_B_2019.12.17_07.32.39.csv@121   reward=QoE=   45.07 eps=0.050 loss=1.7143
[ep 1188] soldier      driving_B_2020.02.14_09.38.22.csv@1397  reward=QoE=   14.81 eps=0.050 loss=1.8401
[ep 1189] longdress    driving_B_2020.01.16_09.56.56.csv@1570  reward=QoE=   32.63 eps=0.050 loss=1.7042
[ep 1190] loot         static_B_2020.02.27_18.39.27.csv@825   reward=QoE=   77.13 eps=0.050 loss=1.8373
[ep 1191] redandblack  driving_B_2020.02.13_13.03.24.csv@819   reward=QoE=   34.34 eps=0.050 loss=1.5120
[ep 1192] soldier      static_B_2020.02.27_18.39.27.csv@285   reward=QoE=   61.43 eps=0.050 loss=1.8071
[ep 1193] longdress    driving_B_2020.01.16_07.26.43.csv@375   reward=QoE=    5.27 eps=0.050 loss=1.7169
[ep 1194] loot         static_B_2020.02.27_18.39.27.csv@885   reward=QoE=   58.85 eps=0.050 loss=1.7296
[ep 1195] redandblack  driving_B_2020.01.16_09.56.56.csv@1431  reward=QoE=   70.03 eps=0.050 loss=1.6328
[ep 1196] soldier      driving_B_2020.02.13_15.02.01.csv@1153  reward=QoE=   31.01 eps=0.050 loss=1.6859
[ep 1197] longdress    driving_B_2020.02.13_15.02.01.csv@1753  reward=QoE=   23.10 eps=0.050 loss=1.6290
[ep 1198] loot         driving_B_2020.02.13_13.03.24.csv@1779  reward=QoE=   -2.16 eps=0.050 loss=1.8156
[ep 1199] redandblack  driving_B_2019.12.17_07.32.39.csv@61    reward=QoE=   37.56 eps=0.050 loss=1.5694
[ep 1200] soldier      static_B_2020.02.27_18.39.27.csv@5205  reward=QoE=   32.87 eps=0.050 loss=1.7188
    [eval @ ep 1200] reward=QoE=-532.17 mean_q=0.446 stall=125.0s
[ep 1201] longdress    static_B_2020.02.27_18.39.27.csv@3705  reward=QoE=   81.26 eps=0.050 loss=1.7858
[ep 1202] loot         driving_B_2020.01.16_07.26.43.csv@75    reward=QoE=   35.61 eps=0.050 loss=1.7104
[ep 1203] redandblack  driving_B_2020.02.13_13.03.24.csv@1959  reward=QoE= -132.29 eps=0.050 loss=1.7080
[ep 1204] soldier      driving_B_2020.01.16_09.56.56.csv@1491  reward=QoE=   32.58 eps=0.050 loss=1.6484
[ep 1205] longdress    static_B_2020.02.27_18.39.27.csv@2745  reward=QoE=   70.30 eps=0.050 loss=1.6478
[ep 1206] loot         driving_B_2020.01.16_07.26.43.csv@675   reward=QoE=   28.80 eps=0.050 loss=1.7303
[ep 1207] redandblack  static_B_2020.02.27_18.39.27.csv@1905  reward=QoE=   74.58 eps=0.050 loss=1.8793
[ep 1208] soldier      driving_B_2020.02.13_15.02.01.csv@1453  reward=QoE=   28.54 eps=0.050 loss=1.6894
[ep 1209] longdress    static_B_2020.02.27_18.39.27.csv@3225  reward=QoE=   52.51 eps=0.050 loss=1.7868
[ep 1210] loot         driving_B_2020.02.14_09.38.22.csv@1277  reward=QoE=   43.62 eps=0.050 loss=1.9191
[ep 1211] redandblack  driving_B_2019.12.16_12.27.05.csv@464   reward=QoE=   26.37 eps=0.050 loss=1.7437
[ep 1212] soldier      static_B_2020.02.27_18.39.27.csv@4665  reward=QoE=    1.03 eps=0.050 loss=1.7832
[ep 1213] longdress    driving_B_2019.12.17_07.32.39.csv@181   reward=QoE=   43.04 eps=0.050 loss=1.8681
[ep 1214] loot         static_B_2020.02.27_18.39.27.csv@3645  reward=QoE=   67.19 eps=0.050 loss=1.8282
[ep 1215] redandblack  driving_B_2020.02.13_15.02.01.csv@1693  reward=QoE=   28.02 eps=0.050 loss=1.6302
[ep 1216] soldier      driving_B_2019.12.17_07.32.39.csv@2281  reward=QoE=   54.34 eps=0.050 loss=1.7768
[ep 1217] longdress    driving_B_2019.12.17_07.32.39.csv@1081  reward=QoE=   46.28 eps=0.050 loss=1.6139
[ep 1218] loot         driving_B_2020.01.16_09.56.56.csv@1551  reward=QoE=   93.58 eps=0.050 loss=1.6048
[ep 1219] redandblack  driving_B_2019.12.16_12.27.05.csv@764   reward=QoE=   38.95 eps=0.050 loss=1.5252
[ep 1220] soldier      driving_B_2020.01.16_07.26.43.csv@1695  reward=QoE=   25.01 eps=0.050 loss=1.7463
[ep 1221] longdress    driving_B_2020.01.16_09.56.56.csv@891   reward=QoE=   17.68 eps=0.050 loss=1.9007
[ep 1222] loot         driving_B_2020.02.13_15.02.01.csv@2053  reward=QoE=  -44.65 eps=0.050 loss=1.7439
[ep 1223] redandblack  driving_B_2020.02.13_15.02.01.csv@1393  reward=QoE=   29.00 eps=0.050 loss=1.9155
[ep 1224] soldier      static_B_2019.12.16_13.40.04.csv@1704  reward=QoE=   67.72 eps=0.050 loss=1.5878
[ep 1225] longdress    static_B_2020.02.27_18.39.27.csv@3465  reward=QoE=   61.10 eps=0.050 loss=1.7526
[ep 1226] loot         static_B_2019.12.16_13.40.04.csv@1224  reward=QoE=   54.67 eps=0.050 loss=1.7677
[ep 1227] redandblack  static_B_2020.02.27_18.39.27.csv@1425  reward=QoE=   76.39 eps=0.050 loss=1.6814
[ep 1228] soldier      static_B_2020.02.27_18.39.27.csv@1305  reward=QoE=   80.99 eps=0.050 loss=1.5507
[ep 1229] longdress    static_B_2020.02.27_18.39.27.csv@3765  reward=QoE=   57.53 eps=0.050 loss=1.8802
[ep 1230] loot         driving_B_2020.01.16_07.26.43.csv@915   reward=QoE=   25.20 eps=0.050 loss=1.7361
[ep 1231] redandblack  static_B_2020.02.14_13.21.26.csv@46    reward=QoE=   53.54 eps=0.050 loss=1.7029
[ep 1232] soldier      driving_B_2020.01.16_07.26.43.csv@15    reward=QoE=   29.14 eps=0.050 loss=1.5950
[ep 1233] longdress    driving_B_2020.02.14_09.38.22.csv@437   reward=QoE=   37.40 eps=0.050 loss=1.7678
[ep 1234] loot         driving_B_2020.02.13_15.02.01.csv@2533  reward=QoE=   16.02 eps=0.050 loss=1.7344
[ep 1235] redandblack  static_B_2020.02.27_18.39.27.csv@4965  reward=QoE=   74.24 eps=0.050 loss=1.6867
[ep 1236] soldier      driving_B_2020.01.16_09.56.56.csv@471   reward=QoE=   -2.91 eps=0.050 loss=1.6634
[ep 1237] longdress    driving_B_2020.02.13_13.03.24.csv@2079  reward=QoE=  -20.29 eps=0.050 loss=1.8374
[ep 1238] loot         static_B_2020.02.27_18.39.27.csv@5742  reward=QoE=   65.77 eps=0.050 loss=1.9053
[ep 1239] redandblack  driving_B_2020.02.14_09.38.22.csv@1457  reward=QoE=   45.03 eps=0.050 loss=1.7247
[ep 1240] soldier      driving_B_2019.12.17_07.32.39.csv@601   reward=QoE=   35.89 eps=0.050 loss=1.7372
[ep 1241] longdress    driving_B_2019.12.17_07.32.39.csv@1921  reward=QoE=   33.47 eps=0.050 loss=1.6758
[ep 1242] loot         static_B_2020.02.14_13.21.26.csv@466   reward=QoE=   63.28 eps=0.050 loss=1.7208
[ep 1243] redandblack  static_B_2020.02.27_18.39.27.csv@705   reward=QoE=   33.07 eps=0.050 loss=1.6184
[ep 1244] soldier      driving_B_2019.12.17_07.32.39.csv@2288  reward=QoE=   52.10 eps=0.050 loss=1.7562
[ep 1245] longdress    driving_B_2020.02.14_09.38.22.csv@377   reward=QoE=    5.85 eps=0.050 loss=1.6903
[ep 1246] loot         driving_B_2020.02.13_13.03.24.csv@459   reward=QoE=   23.79 eps=0.050 loss=1.7284
[ep 1247] redandblack  driving_B_2020.02.14_09.38.22.csv@1037  reward=QoE=   14.84 eps=0.050 loss=1.6257
[ep 1248] soldier      driving_B_2020.02.13_13.03.24.csv@1899  reward=QoE= -382.46 eps=0.050 loss=1.7462
[ep 1249] longdress    driving_B_2019.12.16_12.27.05.csv@1064  reward=QoE=   39.78 eps=0.050 loss=1.5473
[ep 1250] loot         driving_B_2020.02.13_15.02.01.csv@2754  reward=QoE=   27.17 eps=0.050 loss=1.7571
[ep 1251] redandblack  static_B_2020.02.14_13.21.26.csv@526   reward=QoE=   65.06 eps=0.050 loss=1.7354
    [eval @ final] reward=QoE=-989.23 mean_q=0.468 stall=225.9s
==========================================================================================
✅ Training done. untrained qoe_quality=-3153.58 -> final -989.23 (best=-425.33)
📦 Saved: C:\Users\Nima\PointCloudStreaming\logs/train_runs/qoe_v2_wide\sweep\screen\trial_000_s42\abr_dqn.pkl  (+ C:\Users\Nima\PointCloudStreaming\logs/train_runs/qoe_v2_wide\sweep\screen\trial_000_s42\abr_dqn_best.pkl)
🧾 History: C:\Users\Nima\PointCloudStreaming\logs/train_runs/qoe_v2_wide\sweep\screen\trial_000_s42\abr_dqn_train_history.json
🧾 Summary: C:\Users\Nima\PointCloudStreaming\logs/train_runs/qoe_v2_wide\sweep\screen\trial_000_s42\train_summary.json
