episode,sequence,file,offset,reward,qoe,qoe_quality,epsilon,mean_loss
1,longdress,driving_B_2019.12.16_12.27.05.csv,1083,135.7095,46.51,22.21,0.9999,0.000000
2,loot,static_B_2020.02.27_18.39.27.csv,5111,178.4484,98.00,48.18,0.9997,1.007075
3,redandblack,static_B_2020.02.27_18.39.27.csv,5591,94.4842,0.00,17.18,0.9996,0.987351
4,soldier,driving_B_2020.02.13_15.02.01.csv,2126,162.4946,85.59,40.26,0.9994,0.692156
5,longdress,static_B_2020.02.13_13.57.29.csv,2906,152.6234,100.00,40.11,0.9993,0.554142
6,loot,static_B_2020.02.27_18.39.27.csv,4511,168.8591,100.00,43.90,0.9991,0.343821
7,redandblack,driving_B_2020.02.13_15.02.01.csv,326,142.6590,76.00,35.68,0.9990,0.141305
8,soldier,driving_B_2020.02.13_13.03.24.csv,1703,134.2207,82.21,32.54,0.9989,0.100931
9,longdress,driving_B_2019.12.16_14.23.32.csv,1376,217.9867,100.00,62.77,0.9987,0.089366
10,loot,driving_B_2020.02.14_07.29.00.csv,1142,80.2351,0.00,-66.66,0.9986,0.096661
11,redandblack,static_B_2020.02.13_13.57.29.csv,2306,103.9542,9.87,7.92,0.9984,0.123364
12,soldier,static_B_2020.02.27_18.39.27.csv,431,180.0776,100.00,48.42,0.9983,0.123391
13,longdress,driving_B_2019.12.16_14.23.32.csv,1676,7.6428,0.00,-87.49,0.9982,0.141973
14,loot,static_B_2020.02.27_18.39.27.csv,2231,178.6586,86.47,46.37,0.9980,0.151360
15,redandblack,static_B_2020.02.27_18.39.27.csv,4571,184.3210,100.00,50.82,0.9979,0.163494
16,soldier,static_B_2020.02.27_18.39.27.csv,2891,169.6175,72.31,38.02,0.9977,0.159118
17,longdress,driving_B_2020.02.13_15.02.01.csv,1166,151.4341,75.20,31.13,0.9976,0.131804
18,loot,driving_B_2020.02.14_09.38.22.csv,1138,81.4379,0.00,-20.77,0.9974,0.135932
19,redandblack,driving_B_2020.02.14_12.58.17.csv,488,1.6848,0.00,-180.86,0.9973,0.179993
20,soldier,driving_B_2020.01.16_09.56.56.csv,1110,43.4442,0.00,-60.45,0.9972,0.196989
21,longdress,static_B_2020.02.27_18.39.27.csv,2651,125.4136,43.71,19.18,0.9970,0.205363
22,loot,driving_B_2020.01.16_07.26.43.csv,1652,82.2300,0.00,-26.98,0.9969,0.190946
23,redandblack,driving_B_2019.12.16_14.23.32.csv,1796,-11.0982,0.00,-188.70,0.9967,0.219081
24,soldier,static_B_2019.12.16_13.40.04.csv,591,115.3486,26.53,7.57,0.9966,0.209496
25,longdress,driving_B_2020.01.16_12.10.03.csv,234,181.6610,100.00,49.65,0.9964,0.215376
26,loot,driving_B_2020.02.13_13.03.24.csv,2063,-1.1891,0.00,-157.74,0.9963,0.215712
27,redandblack,driving_B_2020.02.13_15.02.01.csv,2726,10.6139,0.00,-89.40,0.9962,0.232574
28,soldier,driving_B_2020.02.13_13.03.24.csv,1943,-64.9759,0.00,-307.26,0.9960,0.259045
29,longdress,static_B_2020.02.27_18.39.27.csv,4811,202.0965,82.78,60.73,0.9959,0.231724
30,loot,driving_B_2020.02.14_09.38.22.csv,898,128.3510,39.64,17.51,0.9957,0.230533
31,redandblack,driving_B_2020.02.13_13.03.24.csv,803,70.8606,0.00,-36.67,0.9956,0.246297
32,soldier,static_B_2020.02.27_18.39.27.csv,1391,140.2024,100.00,34.42,0.9954,0.233351
33,longdress,driving_B_2019.12.16_12.27.05.csv,723,162.1347,51.72,31.06,0.9953,0.222083
34,loot,static_B_2020.02.27_18.39.27.csv,3491,136.7811,100.00,31.92,0.9952,0.228368
35,redandblack,driving_B_2020.02.14_09.38.22.csv,1438,97.5966,0.00,-17.21,0.9950,0.210583
36,soldier,static_B_2020.02.13_13.57.29.csv,266,120.8104,31.59,8.25,0.9949,0.212863
37,longdress,driving_B_2020.02.14_09.38.22.csv,538,151.5858,52.78,36.16,0.9947,0.216319
38,loot,static_B_2019.12.16_13.40.04.csv,231,152.4439,62.83,31.54,0.9946,0.204036
39,redandblack,driving_B_2020.01.16_07.26.43.csv,812,148.9585,66.16,32.89,0.9945,0.230280
40,soldier,static_B_2020.02.27_18.39.27.csv,1811,74.4827,43.26,-53.55,0.9943,0.231746
41,longdress,driving_B_2019.12.16_14.23.32.csv,1196,139.0185,72.00,29.61,0.9942,0.209764
42,loot,driving_B_2019.12.16_14.23.32.csv,2516,144.5453,18.00,38.23,0.9940,0.213737
43,redandblack,driving_B_2020.01.16_09.56.56.csv,810,179.1324,88.00,49.52,0.9939,0.204926
44,soldier,static_B_2019.12.16_13.40.04.csv,1131,51.9057,0.00,-264.04,0.9937,0.205147
45,longdress,driving_B_2019.12.16_14.23.32.csv,356,113.9775,0.00,-8.65,0.9936,0.188412
46,loot,driving_B_2019.12.16_11.49.59.csv,277,-10.7394,0.00,-135.58,0.9935,0.187914
47,redandblack,driving_B_2020.02.14_07.29.00.csv,1382,150.3493,0.00,39.24,0.9933,0.170535
48,soldier,static_B_2020.02.27_18.39.27.csv,5411,148.2997,52.00,37.00,0.9932,0.198436
49,longdress,static_B_2020.02.14_13.21.26.csv,713,134.4518,34.00,33.91,0.9930,0.188445
50,loot,driving_B_2020.02.13_13.03.24.csv,1403,54.4620,0.00,-54.72,0.9929,0.175223
51,redandblack,driving_B_2019.12.17_07.32.39.csv,706,83.3928,0.00,-18.55,0.9927,0.210107
52,soldier,driving_B_2020.02.13_15.02.01.csv,866,120.4737,37.57,15.52,0.9926,0.213210
53,longdress,driving_B_2020.02.14_09.38.22.csv,1478,18.6856,0.00,-109.62,0.9925,0.202208
54,loot,driving_B_2020.01.16_09.56.56.csv,1050,76.0723,0.00,-20.23,0.9923,0.182395
55,redandblack,driving_B_2019.12.17_07.32.39.csv,586,81.2662,19.19,-12.52,0.9922,0.191851
56,soldier,driving_B_2020.02.13_15.02.01.csv,746,96.7492,19.03,-0.82,0.9920,0.195944
57,longdress,driving_B_2019.12.16_14.23.32.csv,1436,27.2024,0.00,-80.00,0.9919,0.212071
58,loot,driving_B_2019.12.16_14.23.32.csv,2156,167.5222,76.00,44.50,0.9917,0.192412
59,redandblack,driving_B_2019.12.17_07.32.39.csv,1126,141.0442,64.00,33.16,0.9916,0.185662
60,soldier,driving_B_2019.12.16_12.27.05.csv,603,-23.4612,0.00,-386.51,0.9915,0.202126
61,longdress,driving_B_2020.01.16_07.26.43.csv,992,47.2650,0.00,-36.64,0.9913,0.216237
62,loot,driving_B_2020.02.14_09.38.22.csv,1258,193.0645,98.00,51.54,0.9912,0.202087
63,redandblack,driving_B_2019.12.16_14.23.32.csv,2616,131.6666,4.22,15.28,0.9910,0.194299
64,soldier,static_B_2020.02.13_13.57.29.csv,2006,150.9898,58.00,37.67,0.9909,0.221692
65,longdress,driving_B_2020.01.16_07.26.43.csv,452,29.4723,0.00,-125.30,0.9907,0.211170
66,loot,driving_B_2020.02.14_07.29.00.csv,1970,-1.3286,0.00,-148.69,0.9906,0.191413
67,redandblack,driving_B_2020.02.14_09.38.22.csv,778,99.5432,16.79,-5.93,0.9905,0.209597
68,soldier,driving_B_2020.02.14_09.38.22.csv,478,113.7884,0.00,-58.44,0.9903,0.197926
69,longdress,static_B_2020.02.27_18.39.27.csv,3251,134.4482,26.00,32.51,0.9902,0.201445
70,loot,static_B_2020.02.27_18.39.27.csv,2351,45.9695,0.00,-277.80,0.9900,0.203939
71,redandblack,static_B_2020.02.27_18.39.27.csv,1091,100.0092,2.76,-2.34,0.9899,0.188803
72,soldier,driving_B_2019.12.17_07.32.39.csv,2086,150.6204,84.46,36.24,0.9898,0.203057
73,longdress,static_B_2020.02.27_18.39.27.csv,671,124.3869,42.34,27.77,0.9896,0.196269
74,loot,driving_B_2020.02.14_07.29.00.csv,722,111.3942,0.00,-11.31,0.9895,0.214675
75,redandblack,driving_B_2020.02.13_13.03.24.csv,1283,39.5617,0.00,-93.10,0.9893,0.193590
76,soldier,static_B_2020.02.13_13.57.29.csv,2666,189.1252,100.00,49.29,0.9892,0.194813
77,longdress,driving_B_2020.02.13_13.03.24.csv,1883,-78.1286,0.00,-672.98,0.9890,0.209699
78,loot,driving_B_2020.01.16_07.26.43.csv,92,75.9685,32.26,2.22,0.9889,0.202208
79,redandblack,static_B_2020.02.14_13.21.26.csv,593,135.3741,0.00,34.05,0.9888,0.199811
80,soldier,driving_B_2020.02.14_09.38.22.csv,598,149.5359,80.41,35.98,0.9886,0.182651
81,longdress,driving_B_2020.02.14_07.29.00.csv,1682,191.2623,85.39,49.10,0.9885,0.414653
82,loot,driving_B_2020.02.14_09.38.22.csv,1478,41.8001,0.00,-52.63,0.9883,0.299610
83,redandblack,driving_B_2019.12.16_12.27.05.csv,1143,88.2091,58.17,10.87,0.9882,0.269663
84,soldier,static_B_2020.02.13_13.57.29.csv,1286,127.6264,75.37,24.89,0.9880,0.263038
85,longdress,driving_B_2020.02.13_13.03.24.csv,563,-2.5210,0.00,-111.35,0.9879,0.259940
86,loot,static_B_2020.02.13_13.57.29.csv,86,114.2924,43.81,14.72,0.9878,0.247681
87,redandblack,driving_B_2020.01.16_12.10.03.csv,244,181.4479,52.00,51.19,0.9876,0.275916
88,soldier,static_B_2020.02.27_18.39.27.csv,1571,134.7149,61.15,18.57,0.9875,0.259005
89,longdress,static_B_2020.02.27_18.39.27.csv,4091,169.6523,100.00,44.37,0.9873,0.244650
90,loot,driving_B_2019.12.16_12.27.05.csv,783,126.4515,50.50,20.18,0.9872,0.244070
91,redandblack,static_B_2020.02.13_13.57.29.csv,1106,134.1103,48.07,27.01,0.9870,0.257532
92,soldier,driving_B_2019.12.16_12.27.05.csv,183,84.9975,1.18,-5.89,0.9869,0.263752
93,longdress,driving_B_2019.12.16_14.23.32.csv,2616,93.9063,0.00,-10.94,0.9868,0.240682
94,loot,driving_B_2019.12.16_12.27.05.csv,3,120.3184,81.19,23.01,0.9866,0.245716
95,redandblack,driving_B_2019.12.16_14.23.32.csv,296,131.1507,60.00,33.43,0.9865,0.237329
96,soldier,driving_B_2020.02.14_07.29.00.csv,902,114.9327,34.33,17.35,0.9863,0.248915
97,longdress,driving_B_2019.12.16_14.23.32.csv,2336,139.6648,36.37,32.51,0.9862,0.236824
98,loot,driving_B_2019.12.17_07.32.39.csv,106,88.3083,0.00,-11.75,0.9860,0.237352
99,redandblack,driving_B_2020.01.16_07.26.43.csv,1770,25.5538,0.00,-99.01,0.9859,0.222253
100,soldier,static_B_2020.02.27_18.39.27.csv,311,180.9665,86.47,47.32,0.9858,0.255270
101,longdress,driving_B_2020.01.16_09.56.56.csv,750,140.1617,72.21,27.63,0.9856,0.240008
102,loot,static_B_2020.02.27_18.39.27.csv,1271,107.1209,0.00,24.03,0.9855,0.238042
103,redandblack,driving_B_2020.02.14_07.29.00.csv,122,111.5760,16.65,-3.02,0.9853,0.259848
104,soldier,static_B_2019.12.16_13.40.04.csv,1011,131.1873,7.84,-2.53,0.9852,0.234371
105,longdress,static_B_2020.02.27_18.39.27.csv,4631,70.9340,0.00,-79.63,0.9851,0.237707
106,loot,driving_B_2020.02.27_17.30.15.csv,130,-36.8810,0.00,-248.45,0.9849,0.247121
107,redandblack,static_B_2019.12.16_13.40.04.csv,291,127.2139,84.06,28.10,0.9848,0.243195
108,soldier,driving_B_2019.12.17_07.32.39.csv,2288,143.0269,45.28,29.24,0.9846,0.225919
109,longdress,driving_B_2020.02.13_13.03.24.csv,683,15.2709,0.00,-96.76,0.9845,0.228021
110,loot,driving_B_2020.02.13_13.03.24.csv,1523,80.4951,0.00,-45.09,0.9843,0.256132
111,redandblack,driving_B_2020.01.16_07.26.43.csv,392,44.5024,0.00,-46.81,0.9842,0.218645
112,soldier,static_B_2020.02.13_13.57.29.csv,866,72.2261,0.00,-41.59,0.9841,0.235471
113,longdress,driving_B_2020.01.16_09.56.56.csv,390,34.6231,0.00,-129.18,0.9839,0.227823
114,loot,driving_B_2020.02.13_13.03.24.csv,863,-7.0404,0.00,-147.00,0.9838,0.254273
115,redandblack,static_B_2020.02.27_18.39.27.csv,2411,65.7714,0.00,-2.20,0.9836,0.246747
116,soldier,driving_B_2020.01.16_07.26.43.csv,572,20.2110,0.00,-68.20,0.9835,0.249177
117,longdress,static_B_2020.02.13_13.57.29.csv,2426,85.6586,0.00,-26.74,0.9833,0.246787
118,loot,driving_B_2020.02.13_15.02.01.csv,1946,168.7489,84.32,40.75,0.9832,0.243331
119,redandblack,driving_B_2019.12.17_07.32.39.csv,1906,126.4955,8.96,8.52,0.9831,0.236885
120,soldier,driving_B_2020.02.13_15.02.01.csv,386,152.6103,76.66,38.13,0.9829,0.221389
121,longdress,driving_B_2019.12.17_07.32.39.csv,1006,72.0728,0.00,-45.70,0.9828,0.231515
122,loot,static_B_2020.02.13_13.57.29.csv,2126,114.4271,56.40,14.07,0.9826,0.237452
123,redandblack,driving_B_2019.12.16_12.27.05.csv,423,21.6858,0.00,-83.19,0.9825,0.237265
124,soldier,driving_B_2020.02.14_07.29.00.csv,542,50.6202,0.00,-117.92,0.9823,0.249984
125,longdress,static_B_2019.12.16_13.40.04.csv,1904,39.0496,0.00,-21.74,0.9822,0.246839
126,loot,driving_B_2020.02.14_12.58.17.csv,548,69.6782,0.00,-49.83,0.9821,0.264593
127,redandblack,driving_B_2020.02.14_07.29.00.csv,782,108.2524,2.42,5.83,0.9819,0.224073
128,soldier,static_B_2020.02.14_13.21.26.csv,233,137.8521,100.00,33.93,0.9818,0.218407
129,longdress,driving_B_2020.01.16_09.56.56.csv,1530,112.1662,10.00,22.68,0.9816,0.278948
130,loot,static_B_2019.12.16_13.40.04.csv,51,135.2577,52.73,24.92,0.9815,0.234800
131,redandblack,static_B_2019.12.16_13.40.04.csv,351,150.2831,36.03,20.12,0.9814,0.242089
132,soldier,driving_B_2020.02.13_15.02.01.csv,2666,11.6511,0.00,-173.99,0.9812,0.247502
133,longdress,driving_B_2019.12.16_11.49.59.csv,17,33.6618,0.00,-185.99,0.9811,0.235565
134,loot,driving_B_2020.01.16_09.56.56.csv,570,139.1249,14.00,34.47,0.9809,0.236062
135,redandblack,driving_B_2020.02.13_13.03.24.csv,983,71.1063,0.00,-85.99,0.9808,0.242955
136,soldier,driving_B_2020.01.16_07.26.43.csv,152,37.9694,0.00,-227.48,0.9806,0.237541
137,longdress,static_B_2020.02.27_18.39.27.csv,1931,164.3993,70.00,43.27,0.9805,0.233930
138,loot,driving_B_2020.02.13_13.03.24.csv,1463,103.6161,0.00,-15.96,0.9804,0.222667
139,redandblack,static_B_2020.02.13_13.57.29.csv,2846,100.5085,1.72,2.27,0.9802,0.240186
140,soldier,static_B_2020.02.27_18.39.27.csv,911,176.6273,82.24,42.56,0.9801,0.224203
141,longdress,driving_B_2020.01.16_07.26.43.csv,1770,-7.0140,0.00,-240.53,0.9799,0.239009
142,loot,driving_B_2019.12.16_14.23.32.csv,1316,62.5607,0.00,-71.70,0.9798,0.252984
143,redandblack,driving_B_2019.12.16_14.23.32.csv,2396,93.2803,0.00,-31.43,0.9796,0.246915
144,soldier,static_B_2019.12.16_13.40.04.csv,1251,88.0342,0.00,-20.83,0.9795,0.238454
145,longdress,driving_B_2020.02.13_15.02.01.csv,2186,128.2479,20.86,15.96,0.9794,0.230481
146,loot,static_B_2020.02.27_18.39.27.csv,5471,99.6267,0.00,17.65,0.9792,0.248846
147,redandblack,static_B_2020.02.14_13.21.26.csv,653,139.8046,12.00,35.89,0.9791,0.229736
148,soldier,driving_B_2020.01.16_09.56.56.csv,150,82.3758,0.00,-15.83,0.9789,0.226842
149,longdress,driving_B_2019.12.16_14.23.32.csv,896,96.9964,0.00,-30.13,0.9788,0.233536
150,loot,driving_B_2020.02.14_07.29.00.csv,1742,155.6043,73.13,34.53,0.9786,0.228949
151,redandblack,static_B_2020.02.13_13.57.29.csv,2486,119.6502,63.75,9.36,0.9785,0.227054
152,soldier,static_B_2020.02.27_18.39.27.csv,1451,166.7781,84.34,42.64,0.9784,0.246832
153,longdress,driving_B_2019.12.16_14.23.32.csv,176,158.4983,26.00,43.71,0.9782,0.226849
154,loot,driving_B_2020.02.13_13.03.24.csv,23,44.0268,0.00,-50.23,0.9781,0.236755
155,redandblack,static_B_2020.02.13_13.57.29.csv,1946,125.8307,12.00,28.19,0.9779,0.226137
156,soldier,static_B_2020.02.27_18.39.27.csv,3011,125.6107,0.00,-4.58,0.9778,0.227576
157,longdress,static_B_2020.02.13_13.57.29.csv,206,162.6074,64.66,38.10,0.9776,0.228896
158,loot,driving_B_2020.02.14_07.29.00.csv,1622,155.8007,80.00,37.62,0.9775,0.230737
159,redandblack,driving_B_2020.02.14_09.38.22.csv,178,15.7685,0.00,-178.08,0.9774,0.223454
160,soldier,driving_B_2019.12.16_12.27.05.csv,543,-22.2996,0.00,-132.29,0.9772,0.452198
161,longdress,driving_B_2020.02.13_15.02.01.csv,1886,109.0142,20.83,-3.37,0.9771,0.378987
162,loot,static_B_2020.02.27_18.39.27.csv,3071,136.7533,80.38,30.76,0.9769,0.327549
163,redandblack,static_B_2020.02.27_18.39.27.csv,4211,149.1069,70.00,37.01,0.9768,0.318167
164,soldier,static_B_2020.02.27_18.39.27.csv,3311,132.8698,24.00,31.18,0.9767,0.323111
165,longdress,driving_B_2020.02.13_15.02.01.csv,626,26.1748,0.00,-69.51,0.9765,0.308752
166,loot,driving_B_2019.12.16_14.23.32.csv,536,179.5667,100.00,47.84,0.9764,0.324720
167,redandblack,driving_B_2020.02.13_15.02.01.csv,2246,183.1320,86.53,49.07,0.9762,0.326209
168,soldier,static_B_2020.02.13_13.57.29.csv,1046,80.2400,0.00,-20.52,0.9761,0.322496
169,longdress,driving_B_2019.12.16_14.23.32.csv,2036,154.0517,59.64,35.16,0.9759,0.302296
170,loot,driving_B_2020.02.13_15.02.01.csv,1646,12.4296,0.00,-142.36,0.9758,0.289060
171,redandblack,static_B_2020.02.27_18.39.27.csv,2171,173.8244,76.00,46.18,0.9757,0.333116
172,soldier,driving_B_2019.12.16_11.49.59.csv,197,20.8443,0.00,-82.15,0.9755,0.323509
173,longdress,static_B_2020.02.14_13.21.26.csv,353,120.7106,34.10,10.55,0.9754,0.306239
174,loot,static_B_2020.02.27_18.39.27.csv,3671,93.4667,0.00,18.32,0.9752,0.312684
175,redandblack,static_B_2020.02.13_13.57.29.csv,986,59.2535,0.00,-228.68,0.9751,0.319010
176,soldier,driving_B_2020.02.14_07.29.00.csv,962,49.0216,0.00,-90.18,0.9749,0.305808
177,longdress,driving_B_2020.02.14_09.38.22.csv,118,6.1452,0.00,-337.33,0.9748,0.299137
178,loot,static_B_2020.02.27_18.39.27.csv,2771,141.2270,16.00,37.35,0.9747,0.305578
179,redandblack,static_B_2020.02.27_18.39.27.csv,371,178.8061,72.00,48.58,0.9745,0.311251
180,soldier,driving_B_2020.02.14_09.38.22.csv,1378,100.9074,0.00,-31.89,0.9744,0.286054
181,longdress,static_B_2019.12.16_13.40.04.csv,1904,130.4724,30.00,11.09,0.9742,0.289991
182,loot,driving_B_2019.12.16_12.27.05.csv,663,42.2855,0.00,-137.16,0.9741,0.290050
183,redandblack,static_B_2020.02.13_13.57.29.csv,1166,159.1292,85.71,36.66,0.9739,0.269501
184,soldier,driving_B_2020.01.16_07.26.43.csv,1712,19.4556,0.00,-47.39,0.9738,0.287726
185,longdress,static_B_2019.12.16_13.40.04.csv,111,156.9035,62.00,38.92,0.9737,0.353113
186,loot,driving_B_2020.02.13_13.03.24.csv,923,33.0945,0.00,-72.88,0.9735,0.312460
187,redandblack,driving_B_2019.12.16_12.27.05.csv,483,9.5925,0.00,-305.27,0.9734,0.298682
188,soldier,static_B_2019.12.16_13.40.04.csv,771,168.1633,85.97,41.92,0.9732,0.298231
189,longdress,driving_B_2020.01.16_09.56.56.csv,930,82.4463,0.00,-60.00,0.9731,0.323253
190,loot,driving_B_2020.02.13_13.03.24.csv,143,59.5032,0.00,-58.98,0.9730,0.307085
191,redandblack,driving_B_2020.02.14_12.58.17.csv,368,-67.8632,0.00,-460.82,0.9728,0.285251
192,soldier,static_B_2020.02.27_18.39.27.csv,1691,120.8519,34.03,8.14,0.9727,0.305216
193,longdress,driving_B_2020.02.27_17.30.15.csv,720,-45.2945,0.00,-410.86,0.9725,0.299206
194,loot,static_B_2020.02.27_18.39.27.csv,3791,156.9865,50.30,30.29,0.9724,0.299557
195,redandblack,static_B_2019.12.16_13.40.04.csv,1431,120.1758,4.00,29.55,0.9722,0.315798
196,soldier,driving_B_2020.01.16_09.56.56.csv,30,52.0720,0.00,-85.70,0.9721,0.289001
197,longdress,driving_B_2020.02.13_15.02.01.csv,206,111.4510,29.90,4.82,0.9720,0.328504
198,loot,driving_B_2020.01.16_09.56.56.csv,1570,156.0179,54.56,33.78,0.9718,0.312935
199,redandblack,driving_B_2019.12.17_07.32.39.csv,2206,76.9736,0.00,-25.93,0.9717,0.308725
200,soldier,driving_B_2019.12.17_07.32.39.csv,526,21.4282,0.00,-131.08,0.9715,0.310412
201,longdress,driving_B_2020.02.13_15.02.01.csv,566,97.5890,0.00,-25.04,0.9714,0.321947
202,loot,static_B_2020.02.27_18.39.27.csv,5742,142.2182,48.00,35.74,0.9712,0.291137
203,redandblack,static_B_2020.02.13_13.57.29.csv,2246,151.9493,71.00,34.23,0.9711,0.290883
204,soldier,driving_B_2020.02.13_13.03.24.csv,1223,-9.8610,0.00,-191.15,0.9710,0.295888
205,longdress,static_B_2020.02.13_13.57.29.csv,746,129.6955,60.18,19.63,0.9708,0.292950
206,loot,driving_B_2020.02.13_15.02.01.csv,1586,-58.6734,0.00,-428.16,0.9707,0.289368
207,redandblack,driving_B_2020.02.13_15.02.01.csv,2006,135.2559,60.00,33.13,0.9705,0.342455
208,soldier,static_B_2020.02.27_18.39.27.csv,4931,157.9048,36.00,41.87,0.9704,0.297406
209,longdress,driving_B_2020.02.14_12.58.17.csv,788,-43.3097,0.00,-350.16,0.9702,0.291409
210,loot,static_B_2020.02.27_18.39.27.csv,491,185.0144,100.00,50.17,0.9701,0.288736
211,redandblack,driving_B_2020.01.16_09.56.56.csv,1470,136.2644,34.00,33.62,0.9700,0.294653
212,soldier,driving_B_2020.02.13_13.03.24.csv,83,46.5879,0.00,-88.79,0.9698,0.296593
213,longdress,static_B_2020.02.27_18.39.27.csv,611,127.1617,34.00,26.03,0.9697,0.310938
214,loot,driving_B_2019.12.16_14.23.32.csv,956,101.5122,30.14,-1.63,0.9695,0.282886
215,redandblack,static_B_2019.12.16_13.40.04.csv,1791,163.3159,100.00,43.24,0.9694,0.312318
216,soldier,static_B_2020.02.27_18.39.27.csv,71,112.6909,24.00,24.38,0.9692,0.282797
217,longdress,driving_B_2020.02.14_07.29.00.csv,362,142.1334,88.14,34.17,0.9691,0.302430
218,loot,driving_B_2020.01.16_07.26.43.csv,872,48.4832,0.00,-72.76,0.9690,0.291575
219,redandblack,driving_B_2020.02.14_12.58.17.csv,308,-55.1932,0.00,-431.47,0.9688,0.281849
220,soldier,driving_B_2019.12.17_07.32.39.csv,1846,60.2443,0.00,-58.60,0.9687,0.307548
221,longdress,static_B_2020.02.14_13.21.26.csv,850,106.1973,40.50,11.96,0.9685,0.303872
222,loot,driving_B_2020.02.14_12.58.17.csv,8,107.1707,0.00,-4.59,0.9684,0.275307
223,redandblack,static_B_2020.02.27_18.39.27.csv,2951,149.4192,84.36,37.26,0.9683,0.281179
224,soldier,static_B_2020.02.13_13.57.29.csv,2186,97.6225,0.00,-2.43,0.9681,0.294387
225,longdress,driving_B_2020.02.14_07.29.00.csv,1562,87.9275,0.00,-98.53,0.9680,0.291122
226,loot,driving_B_2019.12.16_12.27.05.csv,1152,130.9465,40.99,13.66,0.9678,0.289189
227,redandblack,driving_B_2020.02.27_17.30.15.csv,190,-26.2869,0.00,-639.78,0.9677,0.297258
228,soldier,driving_B_2020.02.27_17.30.15.csv,370,-21.7153,0.00,-246.78,0.9675,0.276880
229,longdress,static_B_2020.02.27_18.39.27.csv,4031,145.7908,58.20,28.79,0.9674,0.288944
230,loot,driving_B_2020.02.13_15.02.01.csv,2066,22.1996,0.00,-81.78,0.9673,0.276824
231,redandblack,static_B_2020.02.13_13.57.29.csv,1526,75.9944,0.00,-24.23,0.9671,0.295204
232,soldier,driving_B_2020.02.14_07.29.00.csv,62,85.9243,0.00,1.22,0.9670,0.266109
233,longdress,static_B_2020.02.27_18.39.27.csv,5231,125.9910,26.53,8.69,0.9668,0.283777
234,loot,static_B_2020.02.27_18.39.27.csv,4391,188.7921,90.00,54.29,0.9667,0.310995
235,redandblack,driving_B_2020.01.16_09.56.56.csv,270,141.1513,36.00,36.54,0.9665,0.318124
236,soldier,static_B_2020.02.13_13.57.29.csv,686,24.2699,0.00,-118.99,0.9664,0.299024
237,longdress,driving_B_2020.02.13_15.02.01.csv,266,165.7453,46.00,45.24,0.9663,0.291943
238,loot,static_B_2020.02.27_18.39.27.csv,191,147.8208,0.00,39.73,0.9661,0.276781
239,redandblack,driving_B_2019.12.16_12.27.05.csv,123,86.6169,0.00,-14.59,0.9660,0.464665
240,soldier,static_B_2020.02.14_13.21.26.csv,473,157.4413,80.00,40.89,0.9658,0.470395
241,longdress,static_B_2019.12.16_13.40.04.csv,1611,198.0468,84.74,51.16,0.9657,0.395221
242,loot,driving_B_2019.12.17_07.32.39.csv,1606,179.4758,100.00,46.87,0.9655,0.426704
243,redandblack,driving_B_2020.02.14_12.58.17.csv,128,75.7237,1.56,-2.20,0.9654,0.379689
244,soldier,driving_B_2019.12.16_14.23.32.csv,1556,161.9259,100.00,36.85,0.9653,0.379718
245,longdress,static_B_2019.12.16_13.40.04.csv,951,89.4391,0.00,-15.10,0.9651,0.398663
246,loot,static_B_2020.02.14_13.21.26.csv,833,192.8360,87.49,54.55,0.9650,0.361116
247,redandblack,driving_B_2020.02.13_15.02.01.csv,2606,88.4405,2.00,18.19,0.9648,0.388332
248,soldier,static_B_2020.02.27_18.39.27.csv,2471,154.2713,64.00,40.17,0.9647,0.388514
249,longdress,driving_B_2020.02.14_09.38.22.csv,1198,25.8352,0.00,-153.18,0.9645,0.409088
250,loot,driving_B_2020.02.13_15.02.01.csv,1226,144.3747,59.62,25.52,0.9644,0.398171
251,redandblack,driving_B_2020.02.13_15.02.01.csv,1046,101.8540,0.00,22.63,0.9643,0.374159
252,soldier,driving_B_2020.02.14_09.38.22.csv,838,134.3409,16.00,27.14,0.9641,0.353128
253,longdress,static_B_2020.02.27_18.39.27.csv,1151,99.9030,0.00,-34.60,0.9640,0.406235
254,loot,static_B_2019.12.16_13.40.04.csv,711,139.8047,0.00,35.12,0.9638,0.334548
255,redandblack,driving_B_2020.01.16_12.10.03.csv,174,160.7806,2.00,43.05,0.9637,0.373424
256,soldier,driving_B_2020.02.14_07.29.00.csv,1022,34.1719,0.00,-112.26,0.9636,0.359292
257,longdress,driving_B_2020.02.14_07.29.00.csv,662,85.5833,0.00,-14.48,0.9634,0.372108
258,loot,driving_B_2020.02.13_15.02.01.csv,506,76.7990,0.00,-11.65,0.9633,0.394682
259,redandblack,static_B_2020.02.14_13.21.26.csv,773,107.0116,18.00,19.53,0.9631,0.382937
260,soldier,static_B_2019.12.16_13.40.04.csv,1904,67.1665,0.00,-11.71,0.9630,0.391890
261,longdress,driving_B_2020.02.13_13.03.24.csv,1343,42.0577,0.00,-46.70,0.9628,0.370115
262,loot,driving_B_2020.01.16_07.26.43.csv,332,34.0046,0.00,-102.53,0.9627,0.374239
263,redandblack,driving_B_2019.12.16_12.27.05.csv,363,24.0642,0.00,-282.15,0.9626,0.354463
264,soldier,driving_B_2020.02.14_07.29.00.csv,1922,-42.3583,0.00,-295.00,0.9624,0.370327
265,longdress,driving_B_2020.02.13_13.03.24.csv,2123,-26.6401,0.00,-505.99,0.9623,0.364387
266,loot,driving_B_2020.01.16_09.56.56.csv,1410,89.4840,0.00,18.66,0.9621,0.364210
267,redandblack,driving_B_2020.02.14_09.38.22.csv,1018,67.8531,0.00,-64.49,0.9620,0.397934
268,soldier,driving_B_2019.12.16_14.23.32.csv,1256,169.0178,48.00,45.88,0.9618,0.369421
269,longdress,driving_B_2020.02.14_12.58.17.csv,800,10.1210,0.00,-328.72,0.9617,0.338536
270,loot,driving_B_2020.01.16_07.26.43.csv,1532,29.4078,0.00,-57.80,0.9616,0.348995
271,redandblack,driving_B_2020.02.13_15.02.01.csv,1346,-20.3065,0.00,-149.31,0.9614,0.372900
272,soldier,driving_B_2020.02.14_07.29.00.csv,1970,-27.2036,0.00,-220.31,0.9613,0.387202
273,longdress,driving_B_2019.12.17_07.32.39.csv,1666,40.4153,0.00,-117.12,0.9611,0.367797
274,loot,static_B_2020.02.27_18.39.27.csv,3131,36.4366,0.00,-153.01,0.9610,0.345654
275,redandblack,driving_B_2019.12.17_07.32.39.csv,886,81.1339,0.00,-35.36,0.9608,0.396477
276,soldier,driving_B_2020.02.14_09.38.22.csv,238,-18.9733,0.00,-225.72,0.9607,0.359246
277,longdress,driving_B_2020.02.14_09.38.22.csv,1478,50.4543,0.00,-57.67,0.9606,0.361942
278,loot,driving_B_2019.12.17_07.32.39.csv,1066,134.5857,75.85,28.84,0.9604,0.358954
279,redandblack,driving_B_2020.02.13_15.02.01.csv,686,121.4711,64.55,25.35,0.9603,0.335454
280,soldier,static_B_2020.02.27_18.39.27.csv,5711,175.3974,71.74,36.91,0.9601,0.336378
281,longdress,static_B_2019.12.16_13.40.04.csv,1671,206.7355,100.00,57.94,0.9600,0.369661
282,loot,static_B_2020.02.14_13.21.26.csv,293,108.4515,0.00,21.68,0.9599,0.395937
283,redandblack,driving_B_2020.02.14_07.29.00.csv,482,77.3944,0.00,-25.30,0.9597,0.361613
284,soldier,driving_B_2019.12.17_07.32.39.csv,406,155.9946,76.58,30.72,0.9596,0.338794
285,longdress,driving_B_2020.01.16_07.26.43.csv,1592,3.3932,0.00,-131.41,0.9594,0.328760
286,loot,static_B_2020.02.27_18.39.27.csv,5531,124.0334,0.00,30.26,0.9593,0.370609
287,redandblack,driving_B_2020.02.13_13.03.24.csv,1043,28.9976,0.00,-113.30,0.9591,0.382605
288,soldier,static_B_2019.12.16_13.40.04.csv,531,148.5860,66.00,35.38,0.9590,0.342375
289,longdress,driving_B_2020.02.14_07.29.00.csv,602,57.8001,0.00,-58.73,0.9589,0.371805
290,loot,driving_B_2019.12.16_14.23.32.csv,1976,132.0293,0.00,33.13,0.9587,0.348453
291,redandblack,static_B_2020.02.13_13.57.29.csv,2366,95.7382,0.00,-9.59,0.9586,0.333061
292,soldier,driving_B_2020.02.14_12.58.17.csv,728,-39.0001,0.00,-301.57,0.9584,0.360988
293,longdress,driving_B_2020.01.16_09.56.56.csv,630,144.7705,52.92,26.58,0.9583,0.344295
294,loot,driving_B_2020.02.14_07.29.00.csv,1442,159.1226,57.08,26.18,0.9581,0.324549
295,redandblack,driving_B_2020.01.16_09.56.56.csv,510,147.0752,82.04,35.00,0.9580,0.360565
296,soldier,driving_B_2019.12.16_14.23.32.csv,776,136.9479,80.49,30.16,0.9579,0.372067
297,longdress,driving_B_2020.02.13_13.03.24.csv,2003,-59.9839,0.00,-361.00,0.9577,0.360705
298,loot,driving_B_2019.12.16_14.23.32.csv,1736,-42.6535,0.00,-389.13,0.9576,0.373402
299,redandblack,driving_B_2020.02.13_15.02.01.csv,26,174.7628,88.00,47.21,0.9574,0.358921
300,soldier,driving_B_2019.12.17_07.32.39.csv,2288,151.8278,52.58,28.02,0.9573,0.386805
301,longdress,driving_B_2020.02.13_13.03.24.csv,1103,-4.8712,0.00,-141.82,0.9571,0.348026
302,loot,driving_B_2020.02.13_15.02.01.csv,1826,154.8063,52.00,38.64,0.9570,0.348589
303,redandblack,driving_B_2020.02.14_09.38.22.csv,958,101.2796,0.00,20.14,0.9569,0.374420
304,soldier,static_B_2020.02.27_18.39.27.csv,1331,120.3633,26.00,25.14,0.9567,0.349873
305,longdress,driving_B_2020.02.13_15.02.01.csv,446,67.2902,0.00,-64.55,0.9566,0.393576
306,loot,driving_B_2020.02.13_15.02.01.csv,1286,37.3454,0.00,-174.97,0.9564,0.352415
307,redandblack,static_B_2020.02.13_13.57.29.csv,1346,117.6170,64.72,21.54,0.9563,0.363397
308,soldier,driving_B_2020.02.14_07.29.00.csv,422,40.7802,0.00,-146.32,0.9561,0.366415
309,longdress,driving_B_2020.02.13_13.03.24.csv,1823,-102.2767,0.00,-1064.16,0.9560,0.391128
310,loot,static_B_2020.02.14_13.21.26.csv,173,184.6998,78.50,49.27,0.9559,0.374525
311,redandblack,static_B_2020.02.27_18.39.27.csv,2291,164.6806,70.12,34.94,0.9557,0.360870
312,soldier,driving_B_2020.01.16_09.56.56.csv,1350,143.2196,74.53,34.99,0.9556,0.366928
313,longdress,driving_B_2020.02.13_13.03.24.csv,2188,-68.0390,0.00,-273.23,0.9554,0.351448
314,loot,driving_B_2019.12.17_07.32.39.csv,466,150.4592,61.46,23.71,0.9553,0.362747
315,redandblack,static_B_2020.02.27_18.39.27.csv,3971,121.7175,0.00,29.05,0.9552,0.371214
316,soldier,driving_B_2020.02.13_13.03.24.csv,2183,-58.1187,0.00,-267.35,0.9550,0.334084
317,longdress,driving_B_2020.02.13_15.02.01.csv,1406,23.3109,0.00,-126.64,0.9549,0.373631
318,loot,driving_B_2019.12.16_14.23.32.csv,2096,122.0410,0.00,21.44,0.9547,0.528825
319,redandblack,driving_B_2019.12.17_07.32.39.csv,646,84.1518,0.00,-40.41,0.9546,0.552359
320,soldier,driving_B_2019.12.16_11.49.59.csv,277,1.3361,0.00,-228.57,0.9544,0.479197
321,longdress,driving_B_2020.02.27_17.30.15.csv,610,-36.2096,0.00,-314.21,0.9543,0.476472
322,loot,static_B_2019.12.16_13.40.04.csv,891,185.3163,63.80,39.20,0.9542,0.468951
323,redandblack,driving_B_2020.01.16_09.56.56.csv,1570,132.9760,75.54,27.08,0.9540,0.492005
324,soldier,driving_B_2020.02.14_12.58.17.csv,608,76.9327,0.00,-67.56,0.9539,0.472609
325,longdress,driving_B_2019.12.17_07.32.39.csv,1366,113.9331,22.00,25.06,0.9537,0.464788
326,loot,driving_B_2020.02.14_07.29.00.csv,1802,183.9118,100.00,50.23,0.9536,0.487008
327,redandblack,driving_B_2020.02.14_09.38.22.csv,58,15.5224,0.00,-96.26,0.9534,0.455876
328,soldier,driving_B_2020.01.16_12.10.03.csv,244,195.9486,100.00,55.12,0.9533,0.459458
329,longdress,driving_B_2019.12.16_12.27.05.csv,303,24.0064,0.00,-120.07,0.9532,0.451236
330,loot,driving_B_2020.02.14_07.29.00.csv,1262,116.9197,0.00,26.40,0.9530,0.463693
331,redandblack,driving_B_2019.12.16_14.23.32.csv,2216,115.3329,16.91,6.71,0.9529,0.459050
332,soldier,driving_B_2020.02.13_15.02.01.csv,926,161.0157,54.87,42.42,0.9527,0.426953
333,longdress,static_B_2020.02.13_13.57.29.csv,1826,130.2506,8.00,33.13,0.9526,0.450927
334,loot,static_B_2020.02.27_18.39.27.csv,2711,124.2685,0.00,32.00,0.9524,0.415617
335,redandblack,driving_B_2020.01.16_07.26.43.csv,1472,51.2003,0.00,-63.09,0.9523,0.444630
336,soldier,driving_B_2020.02.14_07.29.00.csv,2,62.8860,0.00,-37.21,0.9522,0.452813
337,longdress,driving_B_2020.01.16_09.56.56.csv,210,131.4523,48.20,18.72,0.9520,0.474150
338,loot,driving_B_2020.02.14_07.29.00.csv,302,124.6994,0.00,30.20,0.9519,0.423278
339,redandblack,driving_B_2020.01.16_07.26.43.csv,1292,157.3332,100.00,42.11,0.9517,0.447710
340,soldier,driving_B_2019.12.17_07.32.39.csv,1426,191.9551,80.87,42.76,0.9516,0.441516
341,longdress,driving_B_2020.02.13_15.02.01.csv,2426,2.9478,0.00,-418.38,0.9515,0.479594
342,loot,driving_B_2019.12.16_14.23.32.csv,2456,160.2505,100.00,42.91,0.9513,0.471522
343,redandblack,static_B_2020.02.27_18.39.27.csv,1031,98.7339,8.04,0.58,0.9512,0.426900
344,soldier,driving_B_2019.12.16_14.23.32.csv,716,174.8246,42.00,50.77,0.9510,0.452428
345,longdress,driving_B_2019.12.16_14.23.32.csv,56,151.4470,68.35,26.32,0.9509,0.458323
346,loot,static_B_2020.02.27_18.39.27.csv,5351,102.1012,0.00,21.79,0.9507,0.456886
347,redandblack,static_B_2020.02.27_18.39.27.csv,4271,187.6657,98.00,52.71,0.9506,0.501032
348,soldier,static_B_2020.02.13_13.57.29.csv,1226,160.2924,68.00,41.06,0.9505,0.463693
349,longdress,driving_B_2019.12.16_14.23.32.csv,1496,201.3368,100.00,55.74,0.9503,0.413935
350,loot,static_B_2020.02.13_13.57.29.csv,2945,145.9156,100.00,34.04,0.9502,0.440538
351,redandblack,static_B_2020.02.27_18.39.27.csv,3431,151.2026,14.00,39.10,0.9500,0.440603
352,soldier,static_B_2020.02.13_13.57.29.csv,146,200.8002,87.66,53.86,0.9499,0.415011
353,longdress,static_B_2020.02.27_18.39.27.csv,1511,179.0666,100.00,49.74,0.9497,0.441420
354,loot,static_B_2020.02.13_13.57.29.csv,26,104.3323,0.00,23.70,0.9496,0.460795
355,redandblack,driving_B_2020.01.16_07.26.43.csv,632,38.5418,0.00,-34.17,0.9495,0.435406
356,soldier,driving_B_2020.02.13_15.02.01.csv,2546,130.4443,46.79,-3.44,0.9493,0.426029
357,longdress,driving_B_2020.01.16_09.56.56.csv,870,80.7967,0.00,-43.22,0.9492,0.434275
358,loot,driving_B_2019.12.16_12.27.05.csv,63,104.0221,0.00,1.05,0.9490,0.451777
359,redandblack,driving_B_2019.12.17_07.32.39.csv,826,34.9138,0.00,-36.50,0.9489,0.430317
360,soldier,driving_B_2020.02.13_15.02.01.csv,2754,-6.7016,0.00,-126.24,0.9487,0.430293
361,longdress,static_B_2020.02.27_18.39.27.csv,11,95.6576,7.59,-2.44,0.9486,0.417293
362,loot,driving_B_2020.01.16_09.56.56.csv,90,74.8737,0.00,-43.89,0.9485,0.441960
363,redandblack,static_B_2020.02.27_18.39.27.csv,3851,143.1062,70.83,27.60,0.9483,0.450146
364,soldier,driving_B_2020.02.14_09.38.22.csv,658,181.9095,57.79,48.37,0.9482,0.435715
365,longdress,static_B_2020.02.13_13.57.29.csv,566,177.7180,74.00,46.78,0.9480,0.415238
366,loot,static_B_2019.12.16_13.40.04.csv,411,171.4633,76.78,38.13,0.9479,0.423298
367,redandblack,static_B_2020.02.27_18.39.27.csv,4751,191.6755,83.53,51.57,0.9477,0.467284
368,soldier,driving_B_2019.12.17_07.32.39.csv,2026,28.5698,0.00,-87.31,0.9476,0.430585
369,longdress,static_B_2020.02.27_18.39.27.csv,1751,156.8634,53.91,28.56,0.9475,0.444845
370,loot,static_B_2020.02.13_13.57.29.csv,446,99.8100,21.71,7.21,0.9473,0.422450
371,redandblack,driving_B_2019.12.16_14.23.32.csv,1916,8.6125,0.00,-97.59,0.9472,0.443915
372,soldier,static_B_2020.02.27_18.39.27.csv,5742,164.6836,50.00,43.21,0.9470,0.435639
373,longdress,static_B_2020.02.13_13.57.29.csv,1586,151.9525,78.09,32.52,0.9469,0.423028
374,loot,driving_B_2020.02.13_15.02.01.csv,2486,40.4787,0.00,-148.12,0.9468,0.433303
375,redandblack,driving_B_2019.12.16_14.23.32.csv,1856,-10.3488,0.00,-138.52,0.9466,0.441290
376,soldier,driving_B_2020.02.14_12.58.17.csv,428,-35.7894,0.00,-496.59,0.9465,0.390729
377,longdress,driving_B_2020.01.16_07.26.43.csv,1412,35.6362,0.00,-129.62,0.9463,0.428274
378,loot,driving_B_2020.02.13_15.02.01.csv,1706,157.4076,100.00,37.78,0.9462,0.443393
379,redandblack,driving_B_2020.02.27_17.30.15.csv,720,-4.8479,0.00,-276.60,0.9460,0.467216
380,soldier,driving_B_2020.02.14_09.38.22.csv,418,51.6903,0.00,-65.97,0.9459,0.434981
381,longdress,driving_B_2020.02.14_07.29.00.csv,1862,-21.1949,0.00,-286.99,0.9458,0.423081
382,loot,static_B_2020.02.14_13.21.26.csv,113,141.5566,0.00,36.67,0.9456,0.409571
383,redandblack,driving_B_2020.02.14_12.58.17.csv,248,-67.6923,0.00,-636.15,0.9455,0.427094
384,soldier,driving_B_2020.02.13_15.02.01.csv,1526,-17.0387,0.00,-526.92,0.9453,0.436362
385,longdress,static_B_2020.02.27_18.39.27.csv,2831,137.9233,38.00,32.42,0.9452,0.457158
386,loot,driving_B_2020.02.27_17.30.15.csv,250,-30.0843,0.00,-447.74,0.9450,0.421613
387,redandblack,static_B_2020.02.13_13.57.29.csv,1406,181.2388,69.31,44.04,0.9449,0.449214
388,soldier,driving_B_2020.02.13_15.02.01.csv,146,142.4555,100.00,35.22,0.9448,0.426730
389,longdress,driving_B_2020.02.13_13.03.24.csv,383,1.2206,0.00,-94.07,0.9446,0.410126
390,loot,static_B_2020.02.13_13.57.29.csv,1646,121.6327,75.83,21.10,0.9445,0.448904
391,redandblack,static_B_2020.02.13_13.57.29.csv,2945,166.7029,100.00,43.56,0.9443,0.402493
392,soldier,static_B_2019.12.16_13.40.04.csv,651,151.5187,62.35,31.90,0.9442,0.453996
393,longdress,static_B_2020.02.27_18.39.27.csv,4151,113.4793,0.00,4.38,0.9440,0.428591
394,loot,static_B_2019.12.16_13.40.04.csv,1551,158.7197,69.31,31.61,0.9439,0.418990
395,redandblack,driving_B_2020.01.16_09.56.56.csv,1290,151.9670,66.00,40.79,0.9438,0.433173
396,soldier,driving_B_2019.12.16_12.27.05.csv,1023,170.9393,100.00,39.84,0.9436,0.454560
397,longdress,static_B_2019.12.16_13.40.04.csv,171,148.8683,84.28,29.53,0.9435,0.611419
398,loot,driving_B_2020.01.16_07.26.43.csv,32,107.3473,2.75,-7.28,0.9433,0.612307
399,redandblack,driving_B_2020.02.13_15.02.01.csv,1766,182.9046,100.00,49.63,0.9432,0.501661
400,soldier,driving_B_2019.12.16_14.23.32.csv,1016,145.0165,58.93,25.27,0.9430,0.555787
401,longdress,driving_B_2020.01.16_07.26.43.csv,1112,100.4331,28.81,5.32,0.9429,0.533173
402,loot,static_B_2020.02.14_13.21.26.csv,850,147.3289,78.52,28.90,0.9428,0.523508
403,redandblack,driving_B_2020.02.27_17.30.15.csv,310,-35.2328,0.00,-149.84,0.9426,0.513871
404,soldier,static_B_2020.02.27_18.39.27.csv,4991,155.7148,84.00,39.53,0.9425,0.514858
405,longdress,static_B_2020.02.27_18.39.27.csv,3731,193.1671,100.00,48.88,0.9423,0.569077
406,loot,driving_B_2020.01.16_09.56.56.csv,330,145.2523,33.46,24.04,0.9422,0.509585
407,redandblack,static_B_2020.02.27_18.39.27.csv,2051,143.7263,64.66,32.46,0.9421,0.539286
408,soldier,driving_B_2020.02.13_13.03.24.csv,323,21.5288,0.00,-79.57,0.9419,0.571968
409,longdress,static_B_2020.02.27_18.39.27.csv,5291,96.8919,16.00,18.34,0.9418,0.515862
410,loot,driving_B_2020.01.16_09.56.56.csv,1230,100.6966,31.83,7.49,0.9416,0.506455
411,redandblack,static_B_2020.02.13_13.57.29.csv,2786,174.1534,84.46,44.13,0.9415,0.520298
412,soldier,driving_B_2020.01.16_07.26.43.csv,212,56.3757,0.00,-47.93,0.9413,0.530777
413,longdress,driving_B_2019.12.17_07.32.39.csv,1486,22.9806,0.00,-109.23,0.9412,0.501751
414,loot,static_B_2020.02.13_13.57.29.csv,626,167.3578,100.00,43.49,0.9411,0.536129
415,redandblack,driving_B_2020.02.27_17.30.15.csv,430,-29.5754,0.00,-515.66,0.9409,0.504819
416,soldier,driving_B_2019.12.16_14.23.32.csv,1136,146.5137,86.00,36.13,0.9408,0.538890
417,longdress,static_B_2020.02.13_13.57.29.csv,1766,134.7401,22.00,34.74,0.9406,0.475856
418,loot,driving_B_2019.12.16_14.23.32.csv,236,123.3305,16.00,29.23,0.9405,0.531856
419,redandblack,driving_B_2020.01.16_07.26.43.csv,1172,104.8345,0.00,-3.84,0.9403,0.527981
420,soldier,static_B_2020.02.13_13.57.29.csv,386,86.9741,0.00,-19.99,0.9402,0.512250
421,longdress,static_B_2020.02.27_18.39.27.csv,4691,119.3721,76.74,-9.82,0.9401,0.517673
422,loot,driving_B_2019.12.16_14.23.32.csv,836,166.7997,100.00,43.86,0.9399,0.533565
423,redandblack,driving_B_2019.12.16_14.23.32.csv,2576,78.4176,12.84,-8.24,0.9398,0.502285
424,soldier,driving_B_2019.12.17_07.32.39.csv,1546,106.8985,22.75,7.72,0.9396,0.583511
425,longdress,driving_B_2020.01.16_07.26.43.csv,932,21.7634,0.00,-174.47,0.9395,0.511495
426,loot,driving_B_2020.02.13_13.03.24.csv,443,50.1559,0.00,-39.29,0.9393,0.511424
427,redandblack,driving_B_2019.12.17_07.32.39.csv,1966,142.3225,48.63,28.77,0.9392,0.522180
428,soldier,driving_B_2020.02.14_12.58.17.csv,188,-103.0390,0.00,-837.33,0.9391,0.515301
429,longdress,driving_B_2020.01.16_09.56.56.csv,1170,87.9770,0.00,-25.82,0.9389,0.510749
430,loot,static_B_2020.02.27_18.39.27.csv,3371,146.5923,0.00,38.56,0.9388,0.538679
431,redandblack,static_B_2019.12.16_13.40.04.csv,1371,107.7183,0.00,-207.52,0.9386,0.534214
432,soldier,driving_B_2020.02.27_17.30.15.csv,550,-20.1928,0.00,-256.86,0.9385,0.505083
433,longdress,driving_B_2019.12.16_14.23.32.csv,1076,114.8513,0.00,-99.28,0.9384,0.524655
434,loot,static_B_2020.02.27_18.39.27.csv,3611,146.6061,80.00,35.44,0.9382,0.542934
435,redandblack,static_B_2020.02.14_13.21.26.csv,53,87.2517,4.00,18.84,0.9381,0.479269
436,soldier,static_B_2020.02.27_18.39.27.csv,4331,114.8097,32.05,16.96,0.9379,0.526100
437,longdress,static_B_2020.02.27_18.39.27.csv,1631,156.6214,83.34,37.92,0.9378,0.477333
438,loot,static_B_2020.02.27_18.39.27.csv,2591,167.4717,100.00,43.71,0.9376,0.565671
439,redandblack,driving_B_2019.12.17_07.32.39.csv,1306,139.7697,36.44,18.98,0.9375,0.529605
440,soldier,driving_B_2019.12.16_12.27.05.csv,963,189.3505,81.92,49.75,0.9374,0.542574
441,longdress,driving_B_2020.02.13_15.02.01.csv,986,69.7839,0.00,-73.52,0.9372,0.518093
442,loot,driving_B_2020.01.16_09.56.56.csv,450,101.7579,27.12,10.41,0.9371,0.483645
443,redandblack,driving_B_2019.12.17_07.32.39.csv,226,76.3705,0.00,-47.03,0.9369,0.490502
444,soldier,static_B_2020.02.27_18.39.27.csv,971,155.9268,100.00,39.70,0.9368,0.508970
445,longdress,static_B_2020.02.27_18.39.27.csv,3551,50.8766,0.00,-31.03,0.9366,0.549830
446,loot,static_B_2020.02.27_18.39.27.csv,1211,119.2356,50.91,8.38,0.9365,0.506572
447,redandblack,driving_B_2020.02.13_15.02.01.csv,2306,17.9351,0.00,-92.69,0.9364,0.521173
448,soldier,driving_B_2020.02.13_13.03.24.csv,743,21.4116,0.00,-111.21,0.9362,0.572006
449,longdress,driving_B_2020.02.14_09.38.22.csv,718,168.4363,81.06,44.38,0.9361,0.502829
450,loot,static_B_2019.12.16_13.40.04.csv,1191,133.9988,59.81,11.17,0.9359,0.522906
451,redandblack,static_B_2019.12.16_13.40.04.csv,1311,184.1250,100.00,48.14,0.9358,0.554121
452,soldier,driving_B_2019.12.16_14.23.32.csv,1616,140.3588,50.00,32.30,0.9356,0.485211
453,longdress,driving_B_2019.12.17_07.32.39.csv,346,116.9728,26.99,5.80,0.9355,0.493592
454,loot,driving_B_2020.02.13_15.02.01.csv,2754,35.3913,0.00,-68.39,0.9354,0.536018
455,redandblack,driving_B_2019.12.16_14.23.32.csv,2276,50.9145,0.00,-102.96,0.9352,0.544920
456,soldier,driving_B_2019.12.16_12.27.05.csv,903,135.7959,46.43,25.84,0.9351,0.536403
457,longdress,driving_B_2020.02.13_13.03.24.csv,1643,112.1976,0.00,-45.71,0.9349,0.492825
458,loot,static_B_2020.02.27_18.39.27.csv,5651,182.9050,98.00,50.36,0.9348,0.505646
459,redandblack,static_B_2020.02.27_18.39.27.csv,4451,165.5130,77.05,39.59,0.9346,0.458736
460,soldier,driving_B_2020.02.13_13.03.24.csv,623,-24.5985,0.00,-147.95,0.9345,0.551039
461,longdress,driving_B_2019.12.16_11.49.59.csv,137,2.4304,0.00,-155.84,0.9344,0.449281
462,loot,driving_B_2020.02.14_09.38.22.csv,1078,44.8537,0.00,-87.63,0.9342,0.531950
463,redandblack,static_B_2019.12.16_13.40.04.csv,831,138.4356,81.81,33.68,0.9341,0.521258
464,soldier,driving_B_2019.12.16_12.27.05.csv,843,112.6032,59.40,13.69,0.9339,0.489069
465,longdress,driving_B_2019.12.17_07.32.39.csv,46,98.7983,24.03,7.60,0.9338,0.528473
466,loot,static_B_2020.02.27_18.39.27.csv,1871,158.9222,59.51,30.04,0.9337,0.527657
467,redandblack,driving_B_2020.02.14_12.58.17.csv,668,69.2399,0.00,-41.13,0.9335,0.528936
468,soldier,static_B_2020.02.27_18.39.27.csv,791,173.4545,85.94,47.51,0.9334,0.508489
469,longdress,driving_B_2019.12.16_14.23.32.csv,656,144.7961,60.04,31.42,0.9332,0.527155
470,loot,driving_B_2019.12.17_07.32.39.csv,1786,29.4097,0.00,-65.95,0.9331,0.510861
471,redandblack,driving_B_2020.02.27_17.30.15.csv,10,-5.8636,0.00,-146.27,0.9329,0.543628
472,soldier,static_B_2020.02.27_18.39.27.csv,731,91.0795,14.06,-0.43,0.9328,0.511888
473,longdress,driving_B_2020.02.14_07.29.00.csv,242,54.6522,0.00,-57.66,0.9327,0.520787
474,loot,driving_B_2020.02.13_13.03.24.csv,1163,32.6293,0.00,-35.46,0.9325,0.498548
475,redandblack,static_B_2020.02.27_18.39.27.csv,131,147.6588,42.00,37.52,0.9324,0.487948
476,soldier,static_B_2020.02.27_18.39.27.csv,851,154.9412,84.50,35.96,0.9322,0.724895
477,longdress,static_B_2019.12.16_13.40.04.csv,1731,173.0651,100.00,49.74,0.9321,0.556911
478,loot,driving_B_2020.02.27_17.30.15.csv,70,-3.2248,0.00,-293.23,0.9319,0.579798
479,redandblack,static_B_2020.02.13_13.57.29.csv,2606,174.2198,86.02,42.37,0.9318,0.604103
480,soldier,static_B_2020.02.13_13.57.29.csv,1886,156.2311,20.00,41.71,0.9317,0.617043
481,longdress,driving_B_2020.02.27_17.30.15.csv,490,-23.5394,0.00,-397.60,0.9315,0.630781
482,loot,driving_B_2020.02.14_07.29.00.csv,182,108.5979,25.97,7.16,0.9314,0.643078
483,redandblack,driving_B_2020.01.16_07.26.43.csv,512,53.5209,0.00,-34.94,0.9312,0.570612
484,soldier,static_B_2020.02.27_18.39.27.csv,251,202.2081,100.00,57.23,0.9311,0.576812
485,longdress,static_B_2020.02.13_13.57.29.csv,1466,129.7900,48.67,17.37,0.9309,0.597158
486,loot,driving_B_2019.12.17_07.32.39.csv,286,133.3591,49.61,26.17,0.9308,0.618089
487,redandblack,driving_B_2020.02.14_09.38.22.csv,298,14.0981,0.00,-151.70,0.9307,0.578676
488,soldier,driving_B_2020.02.13_15.02.01.csv,806,147.4062,41.92,25.50,0.9305,0.675904
489,longdress,driving_B_2020.02.14_07.29.00.csv,1322,78.3689,0.00,-31.27,0.9304,0.605965
490,loot,static_B_2020.02.13_13.57.29.csv,1706,106.8450,0.00,-4.86,0.9302,0.608178
491,redandblack,driving_B_2020.01.16_07.26.43.csv,272,118.7142,10.51,0.37,0.9301,0.613652
492,soldier,static_B_2020.02.27_18.39.27.csv,3911,109.4411,26.00,23.85,0.9299,0.602215
493,longdress,static_B_2020.02.27_18.39.27.csv,4871,43.9420,0.00,-51.39,0.9298,0.584696
494,loot,static_B_2020.02.27_18.39.27.csv,1991,123.0662,59.35,17.27,0.9297,0.631915
495,redandblack,driving_B_2020.02.13_15.02.01.csv,2366,-42.1355,0.00,-409.56,0.9295,0.640276
496,soldier,driving_B_2019.12.17_07.32.39.csv,166,37.8373,0.00,-46.78,0.9294,0.542688
497,longdress,driving_B_2019.12.17_07.32.39.csv,2146,15.3931,0.00,-99.15,0.9292,0.629386
498,loot,static_B_2020.02.13_13.57.29.csv,506,134.4538,55.90,26.77,0.9291,0.620627
499,redandblack,static_B_2019.12.16_13.40.04.csv,471,93.6781,78.00,-29.18,0.9290,0.625698
500,soldier,static_B_2019.12.16_13.40.04.csv,1491,152.0842,36.00,39.81,0.9288,0.613664
501,longdress,driving_B_2019.12.17_07.32.39.csv,766,49.4260,0.00,-67.66,0.9287,0.604683
502,loot,static_B_2020.02.27_18.39.27.csv,5051,145.2856,85.41,28.94,0.9285,0.537936
503,redandblack,driving_B_2019.12.16_14.23.32.csv,596,137.9807,28.00,34.23,0.9284,0.565878
504,soldier,driving_B_2020.02.13_15.02.01.csv,86,203.3305,88.00,57.30,0.9282,0.573713
505,longdress,driving_B_2020.02.14_07.29.00.csv,1502,90.4072,0.00,-18.48,0.9281,0.572169
506,loot,driving_B_2020.02.14_07.29.00.csv,1082,69.2593,0.00,-92.35,0.9280,0.578962
507,redandblack,driving_B_2019.12.17_07.32.39.csv,1726,12.0339,0.00,-124.37,0.9278,0.569807
508,soldier,driving_B_2020.01.16_09.56.56.csv,690,95.4618,3.47,-17.63,0.9277,0.552627
509,longdress,driving_B_2019.12.17_07.32.39.csv,2266,177.6763,100.00,49.11,0.9275,0.599424
510,loot,driving_B_2020.02.14_09.38.22.csv,358,28.9697,0.00,-61.92,0.9274,0.586901
511,redandblack,driving_B_2020.02.14_09.38.22.csv,1318,181.4926,48.00,51.58,0.9272,0.657757
512,soldier,driving_B_2020.01.16_07.26.43.csv,1052,109.1574,13.86,11.20,0.9271,0.536863
513,longdress,driving_B_2019.12.17_07.32.39.csv,946,8.4773,0.00,-172.01,0.9270,0.594937
514,loot,driving_B_2020.02.13_13.03.24.csv,263,97.4544,0.00,-28.84,0.9268,0.630499
515,redandblack,driving_B_2020.01.16_07.26.43.csv,752,138.0659,47.83,26.56,0.9267,0.584310
516,soldier,driving_B_2020.01.16_12.10.03.csv,114,155.7185,52.00,42.44,0.9265,0.595495
517,longdress,driving_B_2020.01.16_07.26.43.csv,1352,-25.6649,0.00,-197.40,0.9264,0.528166
518,loot,static_B_2020.02.27_18.39.27.csv,551,89.0422,0.00,-290.40,0.9262,0.638707
519,redandblack,static_B_2020.02.27_18.39.27.csv,5171,166.8820,100.00,44.45,0.9261,0.594568
520,soldier,driving_B_2020.02.13_13.03.24.csv,1763,131.8205,100.00,30.19,0.9260,0.586559
521,longdress,driving_B_2019.12.16_11.49.59.csv,257,-25.9656,0.00,-239.92,0.9258,0.658220
522,loot,driving_B_2020.02.13_13.03.24.csv,1583,5.8323,0.00,-194.33,0.9257,0.565749
523,redandblack,driving_B_2019.12.16_14.23.32.csv,116,187.0163,80.73,50.76,0.9255,0.632265
524,soldier,static_B_2020.02.13_13.57.29.csv,2726,109.6265,0.00,-11.68,0.9254,0.602097
525,longdress,static_B_2020.02.13_13.57.29.csv,2546,161.8301,57.55,32.58,0.9253,0.589571
526,loot,driving_B_2020.02.13_13.03.24.csv,503,40.9484,0.00,-91.87,0.9251,0.554089
527,redandblack,driving_B_2020.02.14_12.58.17.csv,68,35.4885,0.00,-144.73,0.9250,0.571743
528,soldier,driving_B_2019.12.17_07.32.39.csv,1246,26.2279,0.00,-63.84,0.9248,0.553802
529,longdress,driving_B_2020.02.14_07.29.00.csv,1202,139.1544,42.00,32.26,0.9247,0.622864
530,loot,driving_B_2020.02.13_13.03.24.csv,203,56.3626,0.00,-60.00,0.9245,0.589878
531,redandblack,static_B_2020.02.13_13.57.29.csv,926,139.2949,15.00,14.48,0.9244,0.588658
532,soldier,driving_B_2020.01.16_07.26.43.csv,1770,-17.3482,0.00,-135.44,0.9243,0.578587
533,longdress,driving_B_2020.01.16_07.26.43.csv,1232,47.7703,0.00,-44.45,0.9241,0.583353
534,loot,static_B_2019.12.16_13.40.04.csv,1071,166.9187,67.16,41.68,0.9240,0.582140
535,redandblack,static_B_2020.02.13_13.57.29.csv,806,152.7423,89.21,37.32,0.9238,0.596567
536,soldier,driving_B_2019.12.17_07.32.39.csv,1186,50.6017,0.00,-76.26,0.9237,0.633623
537,longdress,static_B_2019.12.16_13.40.04.csv,1851,120.5079,37.37,18.69,0.9235,0.588436
538,loot,driving_B_2019.12.16_14.23.32.csv,416,197.3077,100.00,52.53,0.9234,0.586745
539,redandblack,driving_B_2020.01.16_07.26.43.csv,692,67.9209,0.00,-40.51,0.9233,0.581891
540,soldier,static_B_2020.02.13_13.57.29.csv,2066,137.9358,44.35,30.97,0.9231,0.553120
541,longdress,static_B_2020.02.27_18.39.27.csv,3191,57.8422,24.18,-34.26,0.9230,0.598906
542,loot,static_B_2020.02.27_18.39.27.csv,2531,156.5784,20.00,41.49,0.9228,0.625853
543,redandblack,driving_B_2020.02.14_07.29.00.csv,842,148.8891,68.43,27.39,0.9227,0.549040
544,soldier,driving_B_2020.02.13_15.02.01.csv,1106,177.8282,79.10,46.44,0.9225,0.585567
545,longdress,static_B_2020.02.27_18.39.27.csv,2111,176.7324,81.27,46.26,0.9224,0.564189
546,loot,driving_B_2020.01.16_12.10.03.csv,54,128.7613,100.00,28.06,0.9223,0.569422
547,redandblack,driving_B_2020.01.16_09.56.56.csv,990,182.7870,72.60,39.65,0.9221,0.563760
548,soldier,driving_B_2019.12.16_14.23.32.csv,2616,114.7079,12.12,3.76,0.9220,0.615376
549,longdress,driving_B_2020.02.13_15.02.01.csv,1466,-19.2338,0.00,-210.86,0.9218,0.588159
550,loot,driving_B_2019.12.16_12.27.05.csv,243,160.1071,53.22,35.25,0.9217,0.594035
551,redandblack,static_B_2020.02.14_13.21.26.csv,413,143.0970,6.00,38.51,0.9215,0.554268
552,soldier,static_B_2020.02.13_13.57.29.csv,326,159.1304,60.69,35.13,0.9214,0.579405
553,longdress,driving_B_2019.12.16_14.23.32.csv,476,143.8976,40.00,34.80,0.9213,0.612591
554,loot,driving_B_2019.12.16_11.49.59.csv,77,112.5427,0.00,2.27,0.9211,0.570068
555,redandblack,static_B_2020.02.14_13.21.26.csv,533,162.7291,100.00,43.90,0.9210,0.801437
556,soldier,driving_B_2020.02.27_17.30.15.csv,670,-10.2128,0.00,-310.92,0.9208,0.703568
557,loot,static_B_2020.02.14_13.21.26.csv,630,145.6424,10.00,36.02,0.9207,0.689424
558,redandblack,driving_B_2020.02.13_15.02.01.csv,861,99.6544,32.33,7.99,0.9206,0.655925
559,soldier,static_B_2019.12.16_13.40.04.csv,1443,142.0842,54.00,37.34,0.9204,0.650739
560,longdress,driving_B_2020.01.16_07.26.43.csv,488,63.4173,0.00,-50.28,0.9203,0.680610
561,loot,static_B_2020.02.13_13.57.29.csv,1416,159.2166,56.50,31.02,0.9201,0.699843
562,redandblack,driving_B_2019.12.16_14.23.32.csv,1066,72.1515,0.00,-151.55,0.9200,0.702719
563,soldier,static_B_2020.02.27_18.39.27.csv,3595,143.5840,74.00,32.76,0.9198,0.706796
564,longdress,driving_B_2020.02.13_13.03.24.csv,1163,52.4881,0.00,-110.64,0.9197,0.712081
565,loot,driving_B_2020.02.27_17.30.15.csv,720,-15.6754,0.00,-219.21,0.9196,0.673338
566,redandblack,driving_B_2020.02.13_13.03.24.csv,83,92.7336,9.22,2.15,0.9194,0.668509
567,soldier,driving_B_2020.02.13_15.02.01.csv,621,16.5795,0.00,-76.10,0.9193,0.736256
568,longdress,static_B_2020.02.27_18.39.27.csv,235,184.2705,100.00,49.18,0.9191,0.645713
569,loot,driving_B_2020.01.16_09.56.56.csv,1570,147.3879,28.72,25.24,0.9190,0.625032
570,redandblack,driving_B_2020.02.13_15.02.01.csv,2001,156.5628,64.00,40.37,0.9188,0.628100
571,soldier,static_B_2020.02.27_18.39.27.csv,2455,177.8742,44.00,48.11,0.9187,0.697457
572,longdress,driving_B_2020.01.16_07.26.43.csv,848,89.8922,0.00,-17.92,0.9186,0.646567
573,loot,static_B_2020.02.13_13.57.29.csv,156,142.3546,68.00,34.51,0.9184,0.691361
574,redandblack,static_B_2020.02.13_13.57.29.csv,2196,108.7196,1.61,-0.41,0.9183,0.650287
575,soldier,static_B_2020.02.13_13.57.29.csv,2616,179.8596,44.00,50.48,0.9181,0.759095
576,longdress,static_B_2020.02.13_13.57.29.csv,1296,158.8151,75.88,36.60,0.9180,0.632207
577,loot,driving_B_2020.02.14_09.38.22.csv,238,-24.4956,0.00,-167.46,0.9178,0.645840
578,redandblack,static_B_2020.02.13_13.57.29.csv,2436,134.3444,54.75,20.64,0.9177,0.650114
579,soldier,static_B_2020.02.27_18.39.27.csv,5095,177.3211,56.00,47.65,0.9176,0.620569
580,longdress,static_B_2019.12.16_13.40.04.csv,1904,153.5388,66.00,21.07,0.9174,0.621294
581,loot,driving_B_2020.01.16_07.26.43.csv,1568,-12.7426,0.00,-192.05,0.9173,0.670737
582,redandblack,static_B_2020.02.14_13.21.26.csv,150,156.4343,49.07,39.20,0.9171,0.726197
583,soldier,static_B_2020.02.13_13.57.29.csv,1956,109.2182,0.00,-4.02,0.9170,0.645652
584,longdress,driving_B_2020.02.13_15.02.01.csv,441,59.9681,0.00,-69.07,0.9169,0.683782
585,loot,driving_B_2019.12.17_07.32.39.csv,909,41.4627,0.00,-45.20,0.9167,0.680192
586,redandblack,driving_B_2020.02.14_09.38.22.csv,118,19.0077,0.00,-154.05,0.9166,0.615994
587,soldier,static_B_2020.02.13_13.57.29.csv,1656,178.8635,57.69,35.47,0.9164,0.630835
588,longdress,static_B_2020.02.27_18.39.27.csv,1015,144.6020,53.16,23.87,0.9163,0.690178
589,loot,driving_B_2020.02.14_07.29.00.csv,1788,189.4526,70.00,54.33,0.9161,0.637169
590,redandblack,driving_B_2020.02.14_09.38.22.csv,1478,58.9232,12.13,-9.78,0.9160,0.647872
591,soldier,static_B_2020.02.13_13.57.29.csv,1476,159.0042,66.13,25.03,0.9159,0.634985
592,longdress,driving_B_2019.12.16_14.23.32.csv,2616,131.2239,0.00,1.44,0.9157,0.595924
593,loot,driving_B_2020.02.14_12.58.17.csv,163,-53.9257,0.00,-741.22,0.9156,0.674827
594,redandblack,driving_B_2020.02.14_12.58.17.csv,763,25.0417,0.00,-132.89,0.9154,0.619267
595,soldier,static_B_2019.12.16_13.40.04.csv,183,153.1747,100.00,35.61,0.9153,0.669806
596,longdress,static_B_2020.02.27_18.39.27.csv,4735,145.9303,88.46,35.94,0.9151,0.639741
597,loot,static_B_2019.12.16_13.40.04.csv,303,129.4804,46.31,17.81,0.9150,0.713706
598,redandblack,driving_B_2020.02.14_12.58.17.csv,343,-44.4167,0.00,-376.74,0.9149,0.691388
599,soldier,driving_B_2019.12.16_14.23.32.csv,2026,98.7031,16.00,19.64,0.9147,0.662385
600,longdress,driving_B_2019.12.17_07.32.39.csv,69,44.2421,0.00,-53.66,0.9146,0.743812
601,loot,static_B_2020.02.13_13.57.29.csv,1896,198.0572,76.00,56.38,0.9144,0.674818
602,redandblack,static_B_2020.02.14_13.21.26.csv,570,130.3950,16.00,33.07,0.9143,0.647640
603,soldier,driving_B_2020.02.13_13.03.24.csv,743,2.8976,0.00,-105.57,0.9141,0.638399
604,longdress,static_B_2020.02.27_18.39.27.csv,295,99.1457,26.27,-4.76,0.9140,0.651618
605,loot,driving_B_2020.02.13_13.03.24.csv,1283,17.9761,0.00,-70.93,0.9139,0.646112
606,redandblack,driving_B_2019.12.16_12.27.05.csv,293,72.5530,12.77,-10.76,0.9137,0.673003
607,soldier,driving_B_2019.12.16_12.27.05.csv,233,104.1372,4.19,-2.74,0.9136,0.636777
608,longdress,driving_B_2019.12.16_14.23.32.csv,1246,157.4957,38.00,43.55,0.9134,0.615421
609,loot,driving_B_2020.02.14_07.29.00.csv,1368,188.8180,73.38,45.97,0.9133,0.679463
610,redandblack,static_B_2019.12.16_13.40.04.csv,1143,34.0481,34.14,-73.52,0.9131,0.723178
611,soldier,driving_B_2019.12.17_07.32.39.csv,789,25.8100,0.00,-106.86,0.9130,0.661961
612,longdress,static_B_2020.02.27_18.39.27.csv,895,148.7372,60.62,29.90,0.9129,0.703477
613,loot,static_B_2019.12.16_13.40.04.csv,1503,110.9294,0.00,22.84,0.9127,0.661228
614,redandblack,static_B_2020.02.13_13.57.29.csv,1176,143.9658,55.59,23.51,0.9126,0.677977
615,soldier,driving_B_2020.02.14_09.38.22.csv,958,187.9729,87.41,53.13,0.9124,0.649957
616,longdress,driving_B_2020.02.14_07.29.00.csv,1970,-18.3122,0.00,-269.05,0.9123,0.728445
617,loot,driving_B_2019.12.16_14.23.32.csv,1546,194.3029,100.00,50.72,0.9122,0.684582
618,redandblack,driving_B_2020.02.13_15.02.01.csv,1041,181.3480,50.00,51.37,0.9120,0.616303
619,soldier,static_B_2020.02.27_18.39.27.csv,1735,126.8328,19.62,17.12,0.9119,0.657114
620,longdress,driving_B_2019.12.16_14.23.32.csv,826,144.2032,51.62,20.78,0.9117,0.717662
621,loot,static_B_2020.02.27_18.39.27.csv,5335,130.6875,2.00,32.81,0.9116,0.677697
622,redandblack,static_B_2020.02.27_18.39.27.csv,3355,153.2423,14.00,42.86,0.9114,0.600371
623,soldier,driving_B_2020.02.14_07.29.00.csv,288,127.4661,50.59,8.94,0.9113,0.710430
624,longdress,driving_B_2019.12.17_07.32.39.csv,2169,69.4866,0.00,-59.15,0.9112,0.642665
625,loot,driving_B_2019.12.16_14.23.32.csv,1966,152.1491,38.03,35.97,0.9110,0.666968
626,redandblack,driving_B_2020.01.16_09.56.56.csv,1570,133.1472,73.13,27.84,0.9109,0.657665
627,soldier,driving_B_2020.02.13_15.02.01.csv,1761,122.3904,67.74,23.17,0.9107,0.682490
628,longdress,driving_B_2020.02.14_07.29.00.csv,1008,32.7516,0.00,-141.29,0.9106,0.657710
629,loot,static_B_2019.12.16_13.40.04.csv,423,111.5021,12.46,6.62,0.9104,0.693875
630,redandblack,driving_B_2020.02.13_13.03.24.csv,323,53.7325,0.00,-35.23,0.9103,0.667044
631,soldier,driving_B_2019.12.17_07.32.39.csv,669,63.2875,0.00,-49.89,0.9102,0.639630
632,longdress,driving_B_2020.02.13_15.02.01.csv,561,85.7169,0.00,-20.65,0.9100,0.613379
633,loot,driving_B_2020.02.14_09.38.22.csv,1198,12.7593,0.00,-95.30,0.9099,0.653953
634,redandblack,static_B_2019.12.16_13.40.04.csv,1904,68.3016,0.00,-10.49,0.9097,0.878768
635,soldier,driving_B_2020.01.16_09.56.56.csv,1040,47.1642,0.00,-94.55,0.9096,0.797068
636,longdress,static_B_2020.02.14_13.21.26.csv,90,173.7691,42.00,47.51,0.9094,0.739795
637,loot,driving_B_2020.02.13_15.02.01.csv,981,66.7380,0.00,-81.26,0.9093,0.762422
638,redandblack,static_B_2020.02.13_13.57.29.csv,636,116.1324,11.63,15.17,0.9092,0.748538
639,soldier,driving_B_2019.12.16_11.49.59.csv,14,24.1246,0.00,-84.07,0.9090,0.736805
640,longdress,driving_B_2020.02.13_15.02.01.csv,1581,-21.4967,0.00,-493.09,0.9089,0.708573
641,loot,static_B_2020.02.27_18.39.27.csv,2995,175.0415,100.00,50.27,0.9087,0.779728
642,redandblack,static_B_2020.02.13_13.57.29.csv,2376,131.4358,25.60,17.85,0.9086,0.753814
643,soldier,driving_B_2020.01.16_09.56.56.csv,980,119.3364,35.62,-0.09,0.9084,0.713375
644,longdress,driving_B_2020.02.13_15.02.01.csv,1701,153.3383,72.38,34.16,0.9083,0.791233
645,loot,driving_B_2019.12.17_07.32.39.csv,249,70.4191,0.00,-30.70,0.9082,0.753598
646,redandblack,driving_B_2019.12.17_07.32.39.csv,1989,171.6045,100.00,45.89,0.9080,0.711665
647,soldier,static_B_2020.02.27_18.39.27.csv,5635,161.6449,56.00,42.45,0.9079,0.755520
648,longdress,driving_B_2020.02.14_09.38.22.csv,1478,80.6935,0.00,-31.61,0.9077,0.773342
649,loot,driving_B_2019.12.16_12.27.05.csv,1152,121.5867,34.46,1.24,0.9076,0.794606
650,redandblack,static_B_2020.02.27_18.39.27.csv,2875,179.8745,80.40,47.28,0.9075,0.678852
651,soldier,driving_B_2020.02.14_07.29.00.csv,588,75.4878,0.00,-23.01,0.9073,0.773835
652,longdress,static_B_2020.02.27_18.39.27.csv,3115,111.8468,0.00,-0.59,0.9072,0.807495
653,loot,driving_B_2019.12.17_07.32.39.csv,1929,168.3727,82.19,43.69,0.9070,0.817800
654,redandblack,driving_B_2019.12.16_14.23.32.csv,406,96.5703,10.00,23.78,0.9069,0.729881
655,soldier,driving_B_2019.12.16_14.23.32.csv,1486,198.1802,32.00,56.36,0.9067,0.740689
656,longdress,static_B_2019.12.16_13.40.04.csv,783,134.2767,24.00,30.60,0.9066,0.711470
657,loot,driving_B_2020.01.16_07.26.43.csv,248,133.7925,15.60,17.77,0.9065,0.721890
658,redandblack,driving_B_2019.12.17_07.32.39.csv,1089,102.1141,0.00,-32.87,0.9063,0.737528
659,soldier,driving_B_2020.02.13_13.03.24.csv,2123,-43.2111,0.00,-510.92,0.9062,0.680123
660,longdress,static_B_2020.02.27_18.39.27.csv,115,194.8437,94.00,53.69,0.9060,0.740012
661,loot,static_B_2020.02.13_13.57.29.csv,1356,145.2676,85.28,35.61,0.9059,0.755501
662,redandblack,driving_B_2020.01.16_07.26.43.csv,1748,95.7486,18.70,2.17,0.9057,0.774272
663,soldier,driving_B_2020.02.14_09.38.22.csv,1438,68.7306,0.00,-35.30,0.9056,0.808400
664,longdress,driving_B_2020.01.16_07.26.43.csv,1328,34.1398,0.00,-130.85,0.9055,0.741633
665,loot,static_B_2020.02.13_13.57.29.csv,2016,147.1393,66.00,34.65,0.9053,0.755923
666,redandblack,driving_B_2020.01.16_09.56.56.csv,1400,135.1418,35.46,30.06,0.9052,0.745912
667,soldier,driving_B_2020.01.16_07.26.43.csv,308,91.2718,0.00,-21.35,0.9050,0.799992
668,longdress,driving_B_2020.01.16_09.56.56.csv,920,31.3844,0.00,-63.46,0.9049,0.703496
669,loot,static_B_2020.02.13_13.57.29.csv,2556,127.2355,0.00,31.91,0.9047,0.731349
670,redandblack,driving_B_2019.12.16_14.23.32.csv,586,173.1552,70.57,35.74,0.9046,0.735324
671,soldier,static_B_2020.02.27_18.39.27.csv,4975,158.8076,94.00,40.35,0.9045,0.769762
672,longdress,static_B_2020.02.27_18.39.27.csv,175,227.5942,84.00,66.54,0.9043,0.713889
673,loot,static_B_2020.02.27_18.39.27.csv,4615,149.9853,100.00,36.80,0.9042,0.745479
674,redandblack,driving_B_2019.12.17_07.32.39.csv,549,60.4206,0.00,-21.35,0.9040,0.757692
675,soldier,static_B_2020.02.14_13.21.26.csv,850,141.0032,50.33,22.65,0.9039,0.783883
676,longdress,static_B_2020.02.27_18.39.27.csv,595,105.8383,38.00,5.03,0.9038,0.794024
677,loot,driving_B_2020.02.13_13.03.24.csv,983,47.2830,0.00,-42.52,0.9036,0.772738
678,redandblack,driving_B_2019.12.16_14.23.32.csv,1666,180.7306,80.77,48.25,0.9035,0.769746
679,soldier,driving_B_2019.12.16_12.27.05.csv,413,-28.3867,0.00,-145.02,0.9033,0.719645
680,longdress,driving_B_2019.12.16_14.23.32.csv,1786,-2.8930,0.00,-289.53,0.9032,0.712817
681,loot,static_B_2020.02.27_18.39.27.csv,415,168.2304,100.00,44.51,0.9030,0.762431
682,redandblack,static_B_2020.02.13_13.57.29.csv,2136,158.7431,86.79,37.72,0.9029,0.759876
683,soldier,static_B_2020.02.27_18.39.27.csv,3475,170.3226,100.00,43.25,0.9028,0.778669
684,longdress,static_B_2020.02.14_13.21.26.csv,690,108.9036,10.00,24.29,0.9026,0.683530
685,loot,driving_B_2019.12.16_14.23.32.csv,1606,169.3463,83.75,42.70,0.9025,0.795592
686,redandblack,driving_B_2019.12.16_12.27.05.csv,53,65.2871,0.00,-15.92,0.9023,0.752330
687,soldier,driving_B_2020.02.13_15.02.01.csv,2181,110.7914,63.31,14.04,0.9022,0.786203
688,longdress,driving_B_2020.02.14_07.29.00.csv,888,206.1621,80.00,58.13,0.9020,0.804327
689,loot,driving_B_2020.02.14_07.29.00.csv,1608,157.2337,80.00,41.49,0.9019,0.787527
690,redandblack,static_B_2019.12.16_13.40.04.csv,243,176.0187,100.00,46.45,0.9018,0.701763
691,soldier,driving_B_2020.01.16_07.26.43.csv,1448,-22.9736,0.00,-172.42,0.9016,0.754676
692,longdress,driving_B_2020.02.14_09.38.22.csv,1318,159.9375,50.00,41.46,0.9015,0.713489
693,loot,driving_B_2020.02.14_09.38.22.csv,778,82.8586,0.00,-18.40,0.9013,0.771330
694,redandblack,static_B_2020.02.27_18.39.27.csv,5575,134.5067,6.00,36.08,0.9012,0.733141
695,soldier,driving_B_2020.02.27_17.30.15.csv,227,-38.3733,0.00,-639.80,0.9010,0.782095
696,longdress,driving_B_2019.12.16_14.23.32.csv,2326,158.6942,56.46,36.65,0.9009,0.737863
697,loot,driving_B_2019.12.17_07.32.39.csv,969,36.8263,0.00,-77.39,0.9008,0.764467
698,redandblack,static_B_2019.12.16_13.40.04.csv,723,107.9619,0.00,23.92,0.9006,0.749013
699,soldier,driving_B_2020.02.13_13.03.24.csv,1103,-1.5734,0.00,-145.61,0.9005,0.843597
700,longdress,driving_B_2020.02.14_07.29.00.csv,768,84.8440,0.00,-37.52,0.9003,0.746496
701,loot,static_B_2020.02.13_13.57.29.csv,1236,125.3829,0.00,30.15,0.9002,0.743752
702,redandblack,static_B_2020.02.27_18.39.27.csv,3835,167.9325,58.93,37.01,0.9000,0.700016
703,soldier,driving_B_2020.02.13_13.03.24.csv,1343,16.9071,0.00,-119.98,0.8999,0.777112
704,longdress,driving_B_2020.02.14_07.29.00.csv,1908,-2.9814,0.00,-297.64,0.8998,0.743876
705,loot,driving_B_2019.12.16_14.23.32.csv,226,103.1390,0.00,20.94,0.8996,0.783145
706,redandblack,driving_B_2020.01.16_07.26.43.csv,1208,78.6321,3.32,-12.55,0.8995,0.744976
707,soldier,driving_B_2020.02.27_17.30.15.csv,587,-25.1601,0.00,-295.38,0.8993,0.752030
708,longdress,driving_B_2020.01.16_09.56.56.csv,1160,47.2088,0.00,-50.16,0.8992,0.701985
709,loot,driving_B_2020.01.16_12.10.03.csv,179,104.7045,0.00,23.07,0.8991,0.801731
710,redandblack,driving_B_2019.12.16_12.27.05.csv,653,33.9747,0.00,-164.89,0.8989,0.721662
711,soldier,static_B_2020.02.27_18.39.27.csv,2215,182.0127,100.00,46.57,0.8988,0.746868
712,longdress,static_B_2020.02.27_18.39.27.csv,2155,173.4187,82.23,45.24,0.8986,0.852862
713,loot,static_B_2020.02.27_18.39.27.csv,1855,124.7755,63.09,8.54,0.8985,0.920384
714,redandblack,static_B_2019.12.16_13.40.04.csv,1023,144.3843,72.27,28.65,0.8983,0.921569
715,soldier,driving_B_2020.02.13_15.02.01.csv,1461,19.4717,0.00,-100.32,0.8982,0.804238
716,longdress,driving_B_2020.02.14_12.58.17.csv,643,75.7656,0.00,-41.18,0.8981,0.875783
717,loot,static_B_2020.02.27_18.39.27.csv,2815,136.1105,100.00,33.26,0.8979,0.827047
718,redandblack,driving_B_2019.12.17_07.32.39.csv,489,59.0901,0.00,-44.12,0.8978,0.876583
719,soldier,driving_B_2020.01.16_09.56.56.csv,620,129.0514,28.00,30.50,0.8976,0.802059
720,longdress,static_B_2020.02.13_13.57.29.csv,1836,178.7015,28.00,49.50,0.8975,0.801790
721,loot,driving_B_2019.12.16_14.23.32.csv,2506,158.2383,34.00,36.72,0.8973,0.776215
722,redandblack,driving_B_2019.12.16_14.23.32.csv,2386,106.7347,0.00,-39.68,0.8972,0.786573
723,soldier,static_B_2019.12.16_13.40.04.csv,1803,191.2718,54.09,37.88,0.8971,0.829079
724,longdress,static_B_2020.02.27_18.39.27.csv,715,119.1800,20.77,13.00,0.8969,0.786299
725,loot,driving_B_2020.02.13_13.03.24.csv,203,28.1192,0.00,-51.78,0.8968,0.812485
726,redandblack,driving_B_2020.02.13_15.02.01.csv,2601,163.2508,30.00,43.52,0.8966,0.683593
727,soldier,static_B_2020.02.13_13.57.29.csv,2316,134.4266,56.47,19.42,0.8965,0.825570
728,longdress,driving_B_2020.01.16_09.56.56.csv,680,50.6477,0.00,-90.90,0.8963,0.851296
729,loot,driving_B_2020.02.13_13.03.24.csv,503,72.8753,0.00,-61.63,0.8962,0.816059
730,redandblack,static_B_2020.02.27_18.39.27.csv,4195,92.5349,2.09,-2.95,0.8961,0.788076
731,soldier,static_B_2020.02.27_18.39.27.csv,1255,136.4286,52.00,35.31,0.8959,0.799442
732,longdress,driving_B_2020.01.16_09.56.56.csv,1460,188.3407,100.00,52.70,0.8958,0.862438
733,loot,driving_B_2019.12.17_07.32.39.csv,1749,63.6393,0.00,-50.47,0.8956,0.816413
734,redandblack,driving_B_2020.01.16_07.26.43.csv,788,116.5493,3.11,8.47,0.8955,0.814863
735,soldier,static_B_2020.02.13_13.57.29.csv,456,101.7739,11.62,0.04,0.8953,0.934803
736,longdress,driving_B_2020.01.16_09.56.56.csv,80,38.7274,0.00,-90.51,0.8952,0.824072
737,loot,driving_B_2019.12.17_07.32.39.csv,1329,171.1021,100.00,44.33,0.8951,0.844093
738,redandblack,static_B_2019.12.16_13.40.04.csv,663,199.4991,58.00,58.28,0.8949,0.770549
739,soldier,static_B_2020.02.27_18.39.27.csv,2335,46.7633,0.00,-182.93,0.8948,0.894650
740,longdress,static_B_2020.02.27_18.39.27.csv,3415,132.4172,81.11,30.19,0.8946,0.802129
741,loot,static_B_2020.02.27_18.39.27.csv,2935,145.8865,79.24,33.00,0.8945,0.823364
742,redandblack,static_B_2020.02.13_13.57.29.csv,2256,165.8484,79.20,38.02,0.8944,0.829883
743,soldier,driving_B_2020.02.13_13.03.24.csv,143,20.3008,0.00,-159.20,0.8942,0.797605
744,longdress,static_B_2020.02.13_13.57.29.csv,756,92.5270,0.00,-10.58,0.8941,0.773170
745,loot,static_B_2020.02.13_13.57.29.csv,2736,139.6252,30.74,20.18,0.8939,0.810610
746,redandblack,static_B_2020.02.27_18.39.27.csv,2695,157.7906,100.00,39.55,0.8938,0.821371
747,soldier,driving_B_2020.02.13_15.02.01.csv,1881,95.5523,0.00,-36.48,0.8936,0.867123
748,longdress,driving_B_2019.12.17_07.32.39.csv,1509,3.2004,0.00,-69.22,0.8935,0.795506
749,loot,driving_B_2020.02.14_09.38.22.csv,1138,82.4147,0.00,-40.76,0.8934,0.769768
750,redandblack,static_B_2019.12.16_13.40.04.csv,1623,188.2816,100.00,51.51,0.8932,0.824048
751,soldier,driving_B_2020.02.13_13.03.24.csv,1523,22.1572,0.00,-115.32,0.8931,0.861385
752,longdress,driving_B_2020.02.14_07.29.00.csv,528,23.8577,0.00,-81.09,0.8929,0.785736
753,loot,static_B_2019.12.16_13.40.04.csv,963,167.0593,63.72,39.58,0.8928,0.818544
754,redandblack,driving_B_2020.02.14_07.29.00.csv,168,124.1368,46.96,13.46,0.8926,0.818796
755,soldier,static_B_2020.02.27_18.39.27.csv,5395,167.9324,82.06,42.60,0.8925,0.793399
756,longdress,driving_B_2019.12.17_07.32.39.csv,1029,83.8193,0.00,-9.75,0.8924,0.871693
757,loot,driving_B_2020.02.13_13.03.24.csv,1883,-48.7103,0.00,-514.24,0.8922,0.770518
758,redandblack,driving_B_2020.02.14_12.58.17.csv,223,-89.4986,0.00,-628.91,0.8921,0.755562
759,soldier,static_B_2019.12.16_13.40.04.csv,1203,108.8538,12.90,-0.49,0.8919,0.894830
760,longdress,driving_B_2020.01.16_07.26.43.csv,668,36.8010,0.00,-136.81,0.8918,0.897556
761,loot,driving_B_2020.02.14_09.38.22.csv,478,76.8937,0.00,-43.88,0.8916,0.782061
762,redandblack,driving_B_2020.01.16_09.56.56.csv,320,96.8942,6.90,2.73,0.8915,0.922116
763,soldier,driving_B_2020.02.13_15.02.01.csv,1641,89.4519,0.00,-149.12,0.8914,0.821947
764,longdress,driving_B_2019.12.16_12.27.05.csv,1073,136.6898,60.13,28.78,0.8912,0.926003
765,loot,static_B_2020.02.27_18.39.27.csv,3175,107.2707,0.00,-231.87,0.8911,0.823704
766,redandblack,static_B_2020.02.27_18.39.27.csv,2095,188.1918,100.00,51.67,0.8909,0.879447
767,soldier,static_B_2020.02.27_18.39.27.csv,5155,182.5469,100.00,49.36,0.8908,0.909003
768,longdress,driving_B_2020.02.14_09.38.22.csv,1078,2.6703,0.00,-156.79,0.8907,0.867904
769,loot,driving_B_2020.02.14_12.58.17.csv,523,24.4128,0.00,-78.78,0.8905,0.802824
770,redandblack,driving_B_2019.12.16_14.23.32.csv,2266,11.4563,0.00,-129.78,0.8904,0.846442
771,soldier,driving_B_2019.12.16_14.23.32.csv,286,189.6180,100.00,51.15,0.8902,0.829905
772,longdress,driving_B_2020.01.16_07.26.43.csv,128,35.1785,0.00,-71.26,0.8901,0.840993
773,loot,driving_B_2020.02.14_09.38.22.csv,1378,195.5368,100.00,54.52,0.8899,0.804080
774,redandblack,driving_B_2020.02.27_17.30.15.csv,467,-41.4371,0.00,-254.25,0.8898,0.833484
775,soldier,driving_B_2020.02.14_12.58.17.csv,583,47.9170,0.00,-44.11,0.8897,0.780862
776,longdress,static_B_2020.02.13_13.57.29.csv,1716,120.8191,33.16,2.60,0.8895,0.846642
777,loot,driving_B_2020.02.13_15.02.01.csv,2361,-31.0989,0.00,-311.91,0.8894,0.846458
778,redandblack,driving_B_2019.12.16_14.23.32.csv,886,120.5227,0.00,-18.33,0.8892,0.782112
779,soldier,driving_B_2020.02.14_07.29.00.csv,228,53.0471,0.00,-58.27,0.8891,0.837103
780,longdress,static_B_2020.02.27_18.39.27.csv,4435,155.8031,76.60,34.17,0.8889,0.834789
781,loot,driving_B_2020.01.16_12.10.03.csv,239,183.3371,64.00,49.76,0.8888,0.832825
782,redandblack,driving_B_2019.12.16_14.23.32.csv,526,117.1246,4.00,23.09,0.8887,0.854332
783,soldier,driving_B_2019.12.16_14.23.32.csv,646,110.2531,40.00,20.88,0.8885,0.886885
784,longdress,driving_B_2020.01.16_07.26.43.csv,188,33.8111,0.00,-67.10,0.8884,0.831811
785,loot,driving_B_2020.02.13_13.03.24.csv,1043,38.2136,0.00,-65.46,0.8882,0.790566
786,redandblack,driving_B_2020.02.13_15.02.01.csv,1281,54.9620,0.00,-74.48,0.8881,0.789613
787,soldier,static_B_2020.02.14_13.21.26.csv,210,191.0089,44.00,52.90,0.8879,0.792570
788,longdress,static_B_2020.02.27_18.39.27.csv,3715,171.7295,44.00,46.63,0.8878,0.787367
789,loot,driving_B_2020.02.14_07.29.00.csv,348,178.5483,100.00,47.30,0.8877,0.786740
790,redandblack,driving_B_2020.02.14_07.29.00.csv,1248,173.3886,88.05,43.82,0.8875,0.823769
791,soldier,static_B_2020.02.27_18.39.27.csv,3535,208.3868,80.65,58.04,0.8874,0.722441
792,longdress,driving_B_2020.02.13_15.02.01.csv,2061,85.0411,0.00,-67.77,0.8872,0.967949
793,loot,driving_B_2020.02.13_13.03.24.csv,2063,-17.4727,0.00,-176.04,0.8871,0.981885
794,redandblack,driving_B_2019.12.17_07.32.39.csv,2288,156.4530,53.48,29.12,0.8869,0.844959
795,soldier,driving_B_2019.12.17_07.32.39.csv,129,42.5840,0.00,-63.81,0.8868,0.922860
796,longdress,driving_B_2020.02.14_09.38.22.csv,1258,136.2173,33.80,15.20,0.8867,0.963107
797,loot,driving_B_2020.02.14_07.29.00.csv,1128,57.8293,0.00,-80.48,0.8865,0.899475
798,redandblack,static_B_2020.02.13_13.57.29.csv,1116,132.1960,69.56,28.27,0.8864,0.838394
799,soldier,driving_B_2019.12.16_14.23.32.csv,2446,140.5986,0.00,35.60,0.8862,0.845770
800,longdress,static_B_2020.02.27_18.39.27.csv,1675,140.2840,61.28,25.02,0.8861,0.960836
801,loot,driving_B_2020.02.14_12.58.17.csv,703,-34.8678,0.00,-107.70,0.8860,0.838960
802,redandblack,static_B_2020.02.27_18.39.27.csv,4555,180.3733,100.00,47.57,0.8858,0.914462
803,soldier,static_B_2020.02.27_18.39.27.csv,4855,130.8260,42.00,31.46,0.8857,0.878434
804,longdress,driving_B_2020.01.16_09.56.56.csv,1520,175.7934,64.00,48.53,0.8855,0.925268
805,loot,driving_B_2019.12.17_07.32.39.csv,1689,48.4975,0.00,-90.72,0.8854,0.943079
806,redandblack,static_B_2020.02.13_13.57.29.csv,2496,143.0982,63.29,24.74,0.8852,0.900033
807,soldier,driving_B_2019.12.16_14.23.32.csv,706,146.4362,10.00,36.16,0.8851,0.907779
808,longdress,driving_B_2020.02.13_13.03.24.csv,2003,12.6400,0.00,-110.88,0.8850,0.883890
809,loot,driving_B_2020.01.16_09.56.56.csv,1220,110.2711,0.00,-7.20,0.8848,0.890165
810,redandblack,static_B_2019.12.16_13.40.04.csv,3,126.9246,66.00,29.91,0.8847,0.916797
811,soldier,driving_B_2020.01.16_07.26.43.csv,608,41.9045,0.00,-81.79,0.8845,0.932505
812,longdress,driving_B_2020.02.14_07.29.00.csv,948,52.8804,0.00,-50.98,0.8844,0.971641
813,loot,driving_B_2020.02.14_09.38.22.csv,658,209.8687,86.80,57.62,0.8842,0.969409
814,redandblack,driving_B_2019.12.16_12.27.05.csv,1152,134.6489,5.29,4.42,0.8841,0.914290
815,soldier,driving_B_2020.02.13_15.02.01.csv,1941,113.2090,37.62,11.43,0.8840,0.903629
816,longdress,driving_B_2020.02.14_07.29.00.csv,1548,47.9380,0.00,-192.66,0.8838,0.860464
817,loot,static_B_2020.02.27_18.39.27.csv,1915,131.9726,0.00,33.94,0.8837,0.974662
818,redandblack,driving_B_2019.12.16_12.27.05.csv,473,9.3489,0.00,-206.27,0.8835,0.974674
819,soldier,static_B_2020.02.27_18.39.27.csv,1795,59.1165,25.94,-70.09,0.8834,1.022171
820,longdress,driving_B_2019.12.16_14.23.32.csv,2566,63.4704,0.00,-105.15,0.8832,0.835627
821,loot,static_B_2020.02.27_18.39.27.csv,4015,165.1891,73.20,32.49,0.8831,0.918559
822,redandblack,driving_B_2019.12.17_07.32.39.csv,849,79.0540,0.00,-44.16,0.8830,0.951032
823,soldier,driving_B_2020.02.27_17.30.15.csv,707,-50.1244,0.00,-430.55,0.8828,0.865867
824,longdress,driving_B_2020.02.13_15.02.01.csv,1221,115.6112,0.00,-23.76,0.8827,0.811856
825,loot,driving_B_2020.01.16_09.56.56.csv,560,185.7538,52.00,51.71,0.8825,0.901439
826,redandblack,driving_B_2020.02.13_13.03.24.csv,1763,203.5326,100.00,58.64,0.8824,1.016932
827,soldier,static_B_2019.12.16_13.40.04.csv,603,158.6675,65.01,35.75,0.8823,0.970510
828,longdress,static_B_2020.02.27_18.39.27.csv,2515,194.9066,82.00,52.65,0.8821,0.897297
829,loot,driving_B_2020.01.16_09.56.56.csv,20,124.0517,29.67,8.12,0.8820,0.919564
830,redandblack,driving_B_2020.02.14_07.29.00.csv,1428,178.8498,84.70,45.38,0.8818,0.821533
831,soldier,static_B_2020.02.27_18.39.27.csv,355,167.7204,100.00,38.81,0.8817,0.908837
832,longdress,driving_B_2019.12.16_12.27.05.csv,893,168.1737,62.00,44.96,0.8815,0.936010
833,loot,static_B_2020.02.27_18.39.27.csv,4495,188.1620,100.00,50.11,0.8814,0.925094
834,redandblack,static_B_2020.02.27_18.39.27.csv,3655,148.5661,20.00,37.29,0.8813,0.878482
835,soldier,static_B_2020.02.13_13.57.29.csv,876,101.9089,0.00,-16.09,0.8811,0.966361
836,longdress,driving_B_2020.02.14_12.58.17.csv,283,-118.7784,0.00,-723.45,0.8810,0.913481
837,loot,static_B_2020.02.13_13.57.29.csv,276,152.3161,24.43,23.45,0.8808,0.935803
838,redandblack,driving_B_2020.02.14_07.29.00.csv,1068,161.3388,52.00,41.79,0.8807,0.880485
839,soldier,static_B_2020.02.27_18.39.27.csv,3775,160.7764,100.00,41.60,0.8805,0.950927
840,longdress,static_B_2020.02.27_18.39.27.csv,1435,182.0671,100.00,49.41,0.8804,0.840845
841,loot,driving_B_2020.01.16_07.26.43.csv,1770,30.0683,0.00,-58.85,0.8803,0.882786
842,redandblack,driving_B_2019.12.16_12.27.05.csv,953,176.7973,54.00,51.47,0.8801,0.937598
843,soldier,driving_B_2020.01.16_07.26.43.csv,968,43.1466,0.00,-96.64,0.8800,0.823469
844,longdress,driving_B_2020.02.14_07.29.00.csv,1970,-16.8043,0.00,-264.82,0.8798,0.871324
845,loot,driving_B_2020.01.16_09.56.56.csv,140,106.7114,0.00,-26.78,0.8797,0.921984
846,redandblack,driving_B_2020.02.14_07.29.00.csv,408,53.5458,0.00,-46.77,0.8795,0.863509
847,soldier,driving_B_2020.02.13_15.02.01.csv,81,158.8306,30.00,38.43,0.8794,0.847124
848,longdress,static_B_2020.02.14_13.21.26.csv,810,160.5000,52.00,43.63,0.8793,0.957841
849,loot,driving_B_2019.12.17_07.32.39.csv,609,92.7784,0.00,-33.88,0.8791,0.947908
850,redandblack,static_B_2019.12.16_13.40.04.csv,903,162.7442,84.40,37.42,0.8790,0.833928
851,soldier,driving_B_2020.02.13_15.02.01.csv,1521,13.3484,0.00,-114.93,0.8788,0.857720
852,longdress,static_B_2020.02.13_13.57.29.csv,96,140.0580,40.29,13.02,0.8787,0.945223
853,loot,driving_B_2020.01.16_09.56.56.csv,260,176.3901,45.20,30.61,0.8785,0.917385
854,redandblack,static_B_2020.02.13_13.57.29.csv,516,217.0026,100.00,64.04,0.8784,0.837273
855,soldier,driving_B_2019.12.16_14.23.32.csv,466,129.6546,12.00,30.84,0.8783,0.833476
856,longdress,static_B_2020.02.27_18.39.27.csv,1975,175.9503,46.00,47.33,0.8781,0.907573
857,loot,driving_B_2020.02.14_09.38.22.csv,58,23.3854,0.00,-88.04,0.8780,0.870852
858,redandblack,static_B_2020.02.27_18.39.27.csv,535,123.3701,0.00,-318.77,0.8778,0.936114
859,soldier,driving_B_2020.01.16_07.26.43.csv,1088,110.6904,21.63,9.93,0.8777,0.859041
860,longdress,static_B_2020.02.27_18.39.27.csv,4375,175.1134,81.02,45.67,0.8776,0.936948
861,loot,driving_B_2020.02.13_13.03.24.csv,1403,80.4503,0.00,-14.89,0.8774,0.885986
862,redandblack,static_B_2020.02.27_18.39.27.csv,3055,175.5363,73.64,39.61,0.8773,0.938896
863,soldier,driving_B_2020.01.16_07.26.43.csv,1688,26.3760,0.00,-81.34,0.8771,0.889428
864,longdress,static_B_2020.02.13_13.57.29.csv,2945,188.4084,78.63,42.12,0.8770,0.876430
865,loot,driving_B_2019.12.16_14.23.32.csv,1426,109.1252,0.00,22.71,0.8768,0.858303
866,redandblack,driving_B_2019.12.16_11.49.59.csv,277,19.5555,0.00,-170.11,0.8767,0.904189
867,soldier,driving_B_2019.12.16_14.23.32.csv,1726,-33.1459,0.00,-442.26,0.8766,0.958134
868,longdress,driving_B_2020.01.16_07.26.43.csv,728,80.7342,0.00,-28.16,0.8764,0.910544
869,loot,driving_B_2020.01.16_07.26.43.csv,1148,134.9756,59.08,18.77,0.8763,0.893798
870,redandblack,driving_B_2020.01.16_09.56.56.csv,1340,157.9668,82.76,36.00,0.8761,0.936145
871,soldier,static_B_2020.02.14_13.21.26.csv,30,119.9347,38.85,17.67,0.8760,1.087295
872,longdress,driving_B_2020.02.13_13.03.24.csv,263,43.3349,0.00,-62.91,0.8758,1.039233
873,loot,driving_B_2020.01.16_07.26.43.csv,548,124.3595,40.94,17.02,0.8757,1.050192
874,redandblack,driving_B_2020.01.16_07.26.43.csv,1770,27.6562,0.00,-99.95,0.8756,1.002390
875,soldier,driving_B_2020.02.14_07.29.00.csv,1488,127.5810,27.24,16.61,0.8754,0.998535
876,longdress,driving_B_2020.01.16_07.26.43.csv,428,-46.6380,0.00,-219.81,0.8753,1.008932
877,loot,driving_B_2019.12.16_11.49.59.csv,194,68.6964,0.00,-36.20,0.8751,0.954305
878,redandblack,driving_B_2020.02.13_15.02.01.csv,1341,28.4841,0.00,-185.59,0.8750,0.988655
879,soldier,driving_B_2019.12.16_12.27.05.csv,773,102.5237,1.33,-0.64,0.8748,0.999659
880,longdress,static_B_2020.02.13_13.57.29.csv,936,55.2674,0.00,-69.77,0.8747,0.947577
881,loot,static_B_2020.02.13_13.57.29.csv,2076,112.6382,0.00,25.41,0.8746,0.891084
882,redandblack,driving_B_2020.02.27_17.30.15.csv,347,47.6315,0.00,-71.84,0.8744,0.988725
883,soldier,driving_B_2020.02.14_07.29.00.csv,1308,136.5410,52.35,25.70,0.8743,0.995176
884,longdress,static_B_2020.02.27_18.39.27.csv,5742,145.3710,70.42,27.44,0.8741,0.935994
885,loot,driving_B_2020.02.13_15.02.01.csv,2541,84.0380,0.00,-5.64,0.8740,0.934675
886,redandblack,driving_B_2020.02.14_09.38.22.csv,418,82.8185,0.00,-23.14,0.8738,1.030769
887,soldier,driving_B_2020.01.16_07.26.43.csv,8,32.7875,0.00,-45.16,0.8737,1.083344
888,longdress,static_B_2019.12.16_13.40.04.csv,483,133.3523,100.00,-11.60,0.8736,0.982653
889,loot,driving_B_2020.02.13_13.03.24.csv,1583,27.7371,0.00,-100.99,0.8734,1.092963
890,redandblack,driving_B_2019.12.17_07.32.39.csv,429,106.2668,32.43,13.81,0.8733,0.942307
891,soldier,static_B_2019.12.16_13.40.04.csv,363,111.8619,35.42,11.38,0.8731,1.046522
892,longdress,driving_B_2020.02.13_13.03.24.csv,863,-44.2330,0.00,-207.99,0.8730,0.987720
893,loot,static_B_2020.02.27_18.39.27.csv,4315,196.9674,100.00,52.79,0.8729,1.105675
894,redandblack,static_B_2020.02.14_13.21.26.csv,390,129.2624,66.00,30.34,0.8727,0.960919
895,soldier,driving_B_2019.12.16_14.23.32.csv,166,193.0256,100.00,55.21,0.8726,0.958816
896,longdress,driving_B_2019.12.16_11.49.59.csv,74,81.2002,0.00,-7.93,0.8724,0.994759
897,loot,driving_B_2020.02.13_15.02.01.csv,261,108.6438,0.00,25.24,0.8723,1.070667
898,redandblack,static_B_2020.02.14_13.21.26.csv,850,145.3520,59.62,28.90,0.8721,0.916080
899,soldier,static_B_2020.02.13_13.57.29.csv,2796,178.3843,69.03,36.26,0.8720,1.027165
900,longdress,driving_B_2019.12.16_14.23.32.csv,1846,-0.6882,0.00,-215.94,0.8719,0.976779
901,loot,driving_B_2019.12.16_12.27.05.csv,713,155.1530,32.00,39.36,0.8717,1.053383
902,redandblack,static_B_2019.12.16_13.40.04.csv,1263,135.0198,34.58,18.40,0.8716,1.005605
903,soldier,driving_B_2019.12.16_14.23.32.csv,1906,37.1084,0.00,-153.74,0.8714,0.939544
904,longdress,static_B_2020.02.13_13.57.29.csv,2945,160.8846,100.00,42.44,0.8713,1.024600
905,loot,driving_B_2020.02.27_17.30.15.csv,527,26.7384,0.00,-142.13,0.8711,0.983811
906,redandblack,driving_B_2020.02.13_13.03.24.csv,23,77.9869,0.00,-55.69,0.8710,0.948880
907,soldier,driving_B_2020.02.13_15.02.01.csv,141,157.0298,100.00,37.66,0.8709,1.006376
908,longdress,driving_B_2020.01.16_09.56.56.csv,440,60.6333,0.00,-100.95,0.8707,1.043493
909,loot,driving_B_2020.01.16_09.56.56.csv,500,153.7621,12.00,41.02,0.8706,1.063183
910,redandblack,static_B_2019.12.16_13.40.04.csv,1323,180.0546,100.00,47.96,0.8704,0.878575
911,soldier,driving_B_2020.02.13_15.02.01.csv,381,125.7569,28.00,30.01,0.8703,0.931674
912,longdress,driving_B_2020.02.14_09.38.22.csv,898,128.1076,48.37,18.85,0.8701,0.987488
913,loot,driving_B_2020.02.13_15.02.01.csv,1161,184.1020,62.94,40.78,0.8700,1.052557
914,redandblack,driving_B_2020.02.14_09.38.22.csv,358,1.6041,0.00,-94.19,0.8699,1.027683
915,soldier,driving_B_2020.02.14_07.29.00.csv,1848,16.6672,0.00,-223.31,0.8697,1.019920
916,longdress,driving_B_2019.12.17_07.32.39.csv,1389,113.1300,0.00,-163.37,0.8696,1.010820
917,loot,driving_B_2020.02.14_07.29.00.csv,648,101.6540,18.61,3.93,0.8694,1.032368
918,redandblack,driving_B_2019.12.17_07.32.39.csv,309,117.3178,8.54,6.69,0.8693,0.861212
919,soldier,driving_B_2019.12.17_07.32.39.csv,2049,63.4017,0.00,-29.94,0.8692,1.004014
920,longdress,driving_B_2020.01.16_07.26.43.csv,1508,47.7411,0.00,-46.20,0.8690,1.019174
921,loot,static_B_2020.02.27_18.39.27.csv,775,135.6824,18.00,34.44,0.8689,1.019835
922,redandblack,driving_B_2020.02.13_13.03.24.csv,563,50.8395,0.00,-50.71,0.8687,0.936864
923,soldier,driving_B_2020.01.16_09.56.56.csv,740,150.0525,78.20,37.90,0.8686,0.966681
924,longdress,static_B_2020.02.27_18.39.27.csv,5455,126.0199,52.30,13.21,0.8684,0.925160
925,loot,driving_B_2020.02.13_15.02.01.csv,801,129.0834,0.00,29.43,0.8683,1.025310
926,redandblack,static_B_2019.12.16_13.40.04.csv,843,220.6056,85.96,65.18,0.8682,0.984450
927,soldier,driving_B_2020.02.14_09.38.22.csv,538,163.0750,80.98,38.96,0.8680,1.030586
928,longdress,static_B_2019.12.16_13.40.04.csv,1863,28.2770,0.00,-287.82,0.8679,1.077670
929,loot,static_B_2020.02.27_18.39.27.csv,5275,118.7839,0.00,23.78,0.8677,0.933748
930,redandblack,driving_B_2019.12.17_07.32.39.csv,1209,109.0189,24.00,-1.02,0.8676,1.001983
931,soldier,driving_B_2019.12.16_12.27.05.csv,533,6.7496,0.00,-189.73,0.8674,1.021367
932,longdress,static_B_2020.02.27_18.39.27.csv,3295,198.5484,100.00,56.05,0.8673,0.929314
933,loot,static_B_2020.02.13_13.57.29.csv,1776,129.0322,62.00,29.95,0.8672,0.948279
934,redandblack,static_B_2020.02.13_13.57.29.csv,996,72.0160,0.00,-207.41,0.8670,1.001584
935,soldier,static_B_2020.02.27_18.39.27.csv,955,213.0167,100.00,61.11,0.8669,0.936032
936,longdress,static_B_2020.02.13_13.57.29.csv,576,168.6290,82.24,35.67,0.8667,0.969964
937,loot,driving_B_2019.12.17_07.32.39.csv,2109,116.2405,0.00,25.95,0.8666,1.023146
938,redandblack,driving_B_2020.02.14_07.29.00.csv,1188,174.7517,100.00,44.54,0.8664,1.022085
939,soldier,static_B_2020.02.27_18.39.27.csv,3955,163.1095,37.32,42.17,0.8663,0.901841
940,longdress,driving_B_2020.02.13_13.03.24.csv,683,13.9038,0.00,-104.96,0.8662,1.014105
941,loot,driving_B_2020.01.16_12.10.03.csv,59,196.3207,68.68,52.59,0.8660,0.984044
942,redandblack,static_B_2020.02.13_13.57.29.csv,696,95.5620,0.00,-15.72,0.8659,0.901205
943,soldier,static_B_2020.02.27_18.39.27.csv,1315,174.2143,100.00,44.33,0.8657,0.937293
944,longdress,driving_B_2019.12.17_07.32.39.csv,1809,-8.1626,0.00,-216.22,0.8656,1.000793
945,loot,driving_B_2020.02.27_17.30.15.csv,167,28.8987,0.00,-91.76,0.8654,1.047171
946,redandblack,driving_B_2019.12.16_14.23.32.csv,946,72.2354,0.00,-58.51,0.8653,1.004786
947,soldier,driving_B_2020.01.16_07.26.43.csv,908,24.5505,0.00,-82.47,0.8652,0.955867
948,longdress,static_B_2020.02.27_18.39.27.csv,4135,198.0104,100.00,53.18,0.8650,1.018268
949,loot,driving_B_2020.02.13_15.02.01.csv,2721,35.1793,0.00,-59.82,0.8649,0.926195
950,redandblack,static_B_2020.02.27_18.39.27.csv,4795,133.4877,0.00,35.10,0.8647,1.281366
951,soldier,driving_B_2020.02.13_15.02.01.csv,2754,24.3760,0.00,-113.20,0.8646,1.162698
952,longdress,static_B_2020.02.27_18.39.27.csv,1375,153.9353,64.00,41.43,0.8645,1.147118
953,loot,driving_B_2020.02.13_13.03.24.csv,443,57.3685,0.00,-55.13,0.8643,0.994228
954,redandblack,driving_B_2019.12.16_14.23.32.csv,2086,158.0679,0.00,-39.24,0.8642,1.102372
955,soldier,driving_B_2020.02.13_13.03.24.csv,1703,123.4792,65.12,22.14,0.8640,0.986011
956,longdress,driving_B_2019.12.17_07.32.39.csv,2229,196.3666,81.87,53.55,0.8639,0.998719
957,loot,static_B_2019.12.16_13.40.04.csv,1083,141.1330,50.14,26.33,0.8637,1.062659
958,redandblack,driving_B_2020.02.14_09.38.22.csv,1018,68.2218,0.00,-69.12,0.8636,1.099582
959,soldier,driving_B_2019.12.16_14.23.32.csv,2616,96.7591,3.80,0.49,0.8635,1.081397
960,longdress,static_B_2020.02.27_18.39.27.csv,5215,30.2299,0.00,-41.58,0.8633,1.097365
961,loot,driving_B_2020.01.16_07.26.43.csv,1388,39.9960,0.00,-65.30,0.8632,1.015360
962,redandblack,driving_B_2020.02.14_07.29.00.csv,1668,160.3558,85.41,42.41,0.8630,1.074356
963,soldier,driving_B_2019.12.16_14.23.32.csv,2616,111.6148,21.19,2.15,0.8629,1.111767
964,longdress,driving_B_2020.02.13_15.02.01.csv,2241,151.7953,45.35,34.22,0.8627,1.039670
965,loot,static_B_2020.02.14_13.21.26.csv,270,111.5511,0.00,23.14,0.8626,1.023952
966,redandblack,static_B_2020.02.13_13.57.29.csv,216,203.0831,100.00,56.02,0.8625,1.109212
967,soldier,static_B_2020.02.13_13.57.29.csv,1536,85.0388,0.00,-22.27,0.8623,1.075698
968,longdress,static_B_2020.02.14_13.21.26.csv,750,138.0172,34.00,34.09,0.8622,1.047173
969,loot,static_B_2020.02.27_18.39.27.csv,1495,175.5474,100.00,47.25,0.8620,1.099009
970,redandblack,static_B_2020.02.27_18.39.27.csv,3235,131.8626,20.00,31.17,0.8619,1.164066
971,soldier,driving_B_2019.12.16_12.27.05.csv,353,65.6838,0.00,-249.79,0.8617,1.076825
972,longdress,static_B_2019.12.16_13.40.04.csv,123,210.3195,100.00,60.75,0.8616,1.116716
973,loot,static_B_2020.02.13_13.57.29.csv,2676,181.2640,83.06,46.84,0.8615,0.997334
974,redandblack,driving_B_2020.02.13_15.02.01.csv,1401,61.9327,0.00,-28.95,0.8613,1.134299
975,soldier,static_B_2020.02.27_18.39.27.csv,1075,112.5269,0.75,-1.27,0.8612,1.090428
976,longdress,driving_B_2019.12.17_07.32.39.csv,1869,106.2329,0.00,-21.65,0.8610,1.017728
977,loot,driving_B_2020.02.13_15.02.01.csv,2421,30.6089,0.00,-123.57,0.8609,1.091050
978,redandblack,driving_B_2020.02.13_15.02.01.csv,2754,17.1797,0.00,-44.94,0.8608,1.140852
979,soldier,driving_B_2020.02.27_17.30.15.csv,647,-41.3495,0.00,-286.96,0.8606,0.988910
980,longdress,driving_B_2020.02.13_15.02.01.csv,681,132.6514,11.01,9.66,0.8605,1.062184
981,loot,driving_B_2019.12.16_14.23.32.csv,2146,142.9603,42.00,35.11,0.8603,1.118057
982,redandblack,driving_B_2019.12.16_14.23.32.csv,1126,136.1293,24.00,32.53,0.8602,1.162119
983,soldier,static_B_2019.12.16_13.40.04.csv,1563,153.6068,24.00,39.21,0.8600,1.168733
984,longdress,driving_B_2020.02.14_12.58.17.csv,43,30.1740,0.00,-277.57,0.8599,1.082192
985,loot,driving_B_2020.02.13_15.02.01.csv,2661,29.6091,0.00,-59.39,0.8598,1.070541
986,redandblack,driving_B_2020.01.16_12.10.03.csv,119,195.0996,86.12,54.65,0.8596,1.108083
987,soldier,driving_B_2020.02.27_17.30.15.csv,407,-47.3181,0.00,-521.14,0.8595,1.024299
988,longdress,driving_B_2020.02.14_09.38.22.csv,598,195.6292,100.00,49.47,0.8593,1.028803
989,loot,driving_B_2020.01.16_07.26.43.csv,1628,83.0284,0.00,-19.15,0.8592,1.244518
990,redandblack,static_B_2020.02.27_18.39.27.csv,5035,164.0110,72.99,40.30,0.8590,0.976794
991,soldier,static_B_2020.02.27_18.39.27.csv,4255,147.5385,46.00,37.71,0.8589,1.176908
992,longdress,static_B_2020.02.27_18.39.27.csv,4675,117.0992,0.00,-201.09,0.8588,1.133547
993,loot,static_B_2020.02.27_18.39.27.csv,1195,96.1018,33.56,-7.08,0.8586,1.118415
994,redandblack,static_B_2020.02.27_18.39.27.csv,55,158.0270,38.00,41.88,0.8585,1.047295
995,soldier,static_B_2020.02.13_13.57.29.csv,1596,191.4012,85.30,50.03,0.8583,1.073382
996,longdress,driving_B_2020.02.13_13.03.24.csv,1463,138.4400,3.99,-12.47,0.8582,1.047938
997,loot,driving_B_2019.12.16_12.27.05.csv,833,201.9826,82.80,54.59,0.8580,1.158233
998,redandblack,driving_B_2020.01.16_07.26.43.csv,368,3.6443,0.00,-90.87,0.8579,1.080590
999,soldier,driving_B_2020.02.13_15.02.01.csv,741,105.7967,14.67,0.56,0.8578,1.082905
1000,longdress,static_B_2020.02.27_18.39.27.csv,2575,134.9789,3.06,7.58,0.8576,1.120575
1001,loot,driving_B_2020.02.13_13.03.24.csv,383,76.7819,0.00,-27.03,0.8575,1.115288
1002,redandblack,driving_B_2019.12.17_07.32.39.csv,1449,123.0994,0.00,-23.17,0.8573,1.028738
1003,soldier,driving_B_2020.01.16_12.10.03.csv,244,180.4812,100.00,46.96,0.8572,0.971800
1004,longdress,static_B_2019.12.16_13.40.04.csv,1683,142.5170,60.04,24.79,0.8570,0.997588
1005,loot,driving_B_2019.12.16_11.49.59.csv,254,15.1940,0.00,-204.57,0.8569,1.096087
1006,redandblack,static_B_2020.02.14_13.21.26.csv,330,201.4168,62.00,57.00,0.8568,1.061410
1007,soldier,driving_B_2020.02.13_13.03.24.csv,1823,-59.2859,0.00,-943.13,0.8566,1.073424
1008,longdress,static_B_2020.02.27_18.39.27.csv,3895,158.8850,44.00,39.34,0.8565,1.103675
1009,loot,driving_B_2020.01.16_09.56.56.csv,1100,99.5433,46.17,6.86,0.8563,0.995109
1010,redandblack,static_B_2020.02.27_18.39.27.csv,4915,185.9851,100.00,49.00,0.8562,1.023412
1011,soldier,driving_B_2020.02.27_17.30.15.csv,107,-36.8481,0.00,-322.10,0.8561,1.189405
1012,longdress,driving_B_2019.12.16_14.23.32.csv,1186,149.7669,59.49,28.00,0.8559,1.120686
1013,loot,driving_B_2020.02.27_17.30.15.csv,47,53.3019,0.00,-58.80,0.8558,1.114309
1014,redandblack,static_B_2020.02.27_18.39.27.csv,5742,165.9041,46.00,42.48,0.8556,1.102933
1015,soldier,driving_B_2019.12.16_14.23.32.csv,1366,144.3876,100.00,32.90,0.8555,1.173376
1016,longdress,static_B_2020.02.27_18.39.27.csv,2755,198.4073,90.00,54.71,0.8553,1.076828
1017,loot,driving_B_2019.12.16_11.49.59.csv,134,42.4638,0.00,-56.13,0.8552,0.990925
1018,redandblack,driving_B_2020.02.14_07.29.00.csv,468,56.7214,0.00,-59.20,0.8551,1.039233
1019,soldier,static_B_2019.12.16_13.40.04.csv,543,186.9081,100.00,49.04,0.8549,1.017728
1020,longdress,static_B_2020.02.14_13.21.26.csv,510,196.5564,100.00,55.60,0.8548,1.015731
1021,loot,driving_B_2020.02.14_09.38.22.csv,178,7.8968,0.00,-192.00,0.8546,1.050581
1022,redandblack,driving_B_2020.02.14_07.29.00.csv,708,99.9234,0.00,-22.99,0.8545,1.106221
1023,soldier,driving_B_2020.02.13_13.03.24.csv,803,27.9391,0.00,-76.75,0.8543,1.181718
1024,longdress,driving_B_2019.12.17_07.32.39.csv,729,54.3253,0.00,-57.83,0.8542,1.070796
1025,loot,driving_B_2020.01.16_12.10.03.csv,244,123.7218,26.00,27.51,0.8541,1.079632
1026,redandblack,static_B_2020.02.27_18.39.27.csv,2275,161.5647,100.00,41.25,0.8539,0.933659
1027,soldier,static_B_2020.02.27_18.39.27.csv,655,190.6500,100.00,52.18,0.8538,1.001274
1028,longdress,driving_B_2020.02.13_13.03.24.csv,2183,-16.7881,0.00,-334.45,0.8536,1.143231
1029,loot,driving_B_2020.02.13_15.02.01.csv,321,179.4599,84.24,45.38,0.8535,1.202870
1030,redandblack,driving_B_2020.01.16_09.56.56.csv,200,126.4707,66.00,30.11,0.8533,1.184282
1031,soldier,driving_B_2019.12.16_14.23.32.csv,766,139.5339,43.44,14.23,0.8532,1.161781
1032,longdress,driving_B_2020.01.16_09.56.56.csv,860,95.7448,0.00,-29.56,0.8531,1.222690
1033,loot,driving_B_2019.12.17_07.32.39.csv,9,82.0303,0.00,-10.24,0.8529,1.036282
1034,redandblack,driving_B_2019.12.16_14.23.32.csv,346,143.4636,38.00,35.63,0.8528,1.213684
1035,soldier,static_B_2020.02.13_13.57.29.csv,816,105.7104,3.05,-3.40,0.8526,1.239362
1036,longdress,driving_B_2020.02.14_09.38.22.csv,838,134.2358,20.00,26.26,0.8525,1.221168
1037,loot,static_B_2020.02.27_18.39.27.csv,5515,189.5704,87.47,52.86,0.8523,1.101108
1038,redandblack,driving_B_2019.12.16_14.23.32.csv,2206,148.2223,36.00,37.71,0.8522,1.140756
1039,soldier,driving_B_2020.02.14_07.29.00.csv,108,84.9377,0.00,-16.91,0.8521,1.155463
1040,longdress,static_B_2020.02.14_13.21.26.csv,450,184.8281,77.90,49.81,0.8519,1.179117
1041,loot,driving_B_2020.02.14_09.38.22.csv,718,232.2396,100.00,68.54,0.8518,1.262498
1042,redandblack,driving_B_2019.12.16_12.27.05.csv,1013,168.7844,100.00,41.95,0.8516,1.152886
1043,soldier,driving_B_2020.02.13_13.03.24.csv,923,-9.9713,0.00,-202.40,0.8515,1.009925
1044,longdress,driving_B_2019.12.16_14.23.32.csv,1006,115.5932,0.87,-3.99,0.8514,1.058420
1045,loot,driving_B_2019.12.16_11.49.59.csv,277,1.0661,0.00,-129.65,0.8512,1.218945
1046,redandblack,static_B_2020.02.27_18.39.27.csv,2035,144.4482,22.00,37.44,0.8511,1.210026
1047,soldier,driving_B_2020.02.13_15.02.01.csv,2301,-32.6396,0.00,-382.16,0.8509,1.037977
1048,longdress,driving_B_2020.02.14_12.58.17.csv,403,-33.9055,0.00,-376.91,0.8508,1.089338
1049,loot,static_B_2020.02.27_18.39.27.csv,1615,139.4677,27.75,8.92,0.8506,1.176197
1050,redandblack,driving_B_2019.12.16_12.27.05.csv,1133,108.3605,7.84,-1.74,0.8505,1.055739
1051,soldier,static_B_2019.12.16_13.40.04.csv,63,148.7965,36.00,39.71,0.8504,1.221184
1052,longdress,driving_B_2019.12.16_14.23.32.csv,106,198.8636,100.00,53.59,0.8502,1.169593
1053,loot,driving_B_2019.12.16_12.27.05.csv,113,114.5778,0.00,-36.51,0.8501,1.160274
1054,redandblack,driving_B_2020.02.14_12.58.17.csv,800,8.0371,0.00,-154.37,0.8499,1.135190
1055,soldier,static_B_2020.02.27_18.39.27.csv,2635,173.8756,86.82,40.50,0.8498,1.197447
1056,longdress,static_B_2020.02.13_13.57.29.csv,396,139.4390,0.00,7.53,0.8496,1.149310
1057,loot,driving_B_2020.02.14_07.29.00.csv,48,116.8638,33.38,9.95,0.8495,1.150269
1058,redandblack,driving_B_2020.02.14_09.38.22.csv,1478,58.7059,0.00,-33.12,0.8494,1.207458
1059,soldier,static_B_2020.02.13_13.57.29.csv,1056,102.2955,0.00,-4.15,0.8492,1.070442
1060,longdress,static_B_2020.02.27_18.39.27.csv,5742,196.7461,86.00,53.35,0.8491,1.173099
1061,loot,driving_B_2020.02.13_15.02.01.csv,201,154.6998,43.13,22.76,0.8489,1.063028
1062,redandblack,driving_B_2020.02.13_13.03.24.csv,1223,33.3974,0.00,-84.37,0.8488,1.221406
1063,soldier,driving_B_2020.02.13_13.03.24.csv,2188,-65.8244,0.00,-208.22,0.8486,1.185869
1064,longdress,static_B_2020.02.27_18.39.27.csv,5695,181.0233,100.00,47.13,0.8485,1.221781
1065,loot,static_B_2020.02.27_18.39.27.csv,1135,81.3809,0.00,-15.18,0.8484,1.248795
1066,redandblack,driving_B_2020.02.14_12.58.17.csv,103,78.0803,0.00,-82.37,0.8482,1.123889
1067,soldier,driving_B_2020.02.13_15.02.01.csv,2121,103.2660,55.75,6.76,0.8481,1.038566
1068,longdress,driving_B_2019.12.17_07.32.39.csv,369,208.0764,100.00,60.25,0.8479,1.163790
1069,loot,static_B_2020.02.13_13.57.29.csv,36,194.3419,90.00,52.96,0.8478,1.117983
1070,redandblack,static_B_2020.02.27_18.39.27.csv,835,202.7779,100.00,57.05,0.8477,1.165658
1071,soldier,driving_B_2020.02.13_15.02.01.csv,21,195.5018,100.00,52.72,0.8475,1.186886
1072,longdress,driving_B_2020.01.16_07.26.43.csv,1028,81.5428,0.00,-12.68,0.8474,1.156900
1073,loot,driving_B_2019.12.16_14.23.32.csv,1306,173.3062,48.77,40.20,0.8472,1.152664
1074,redandblack,driving_B_2020.01.16_07.26.43.csv,1268,80.8177,0.00,-7.60,0.8471,1.170344
1075,soldier,driving_B_2020.01.16_09.56.56.csv,1280,128.8243,57.95,23.29,0.8469,1.204011
1076,longdress,static_B_2020.02.27_18.39.27.csv,475,184.7299,71.90,43.68,0.8468,1.119685
1077,loot,driving_B_2020.02.27_17.30.15.csv,287,-9.6065,0.00,-253.52,0.8467,1.165378
1078,redandblack,driving_B_2020.02.14_12.58.17.csv,800,42.1482,0.00,-57.56,0.8465,1.184125
1079,soldier,static_B_2020.02.13_13.57.29.csv,2856,160.7225,14.46,14.84,0.8464,1.120493
1080,longdress,driving_B_2020.02.13_15.02.01.csv,921,163.7225,16.00,43.89,0.8462,1.211743
1081,loot,driving_B_2020.02.14_07.29.00.csv,828,134.1685,43.98,21.79,0.8461,1.098759
1082,redandblack,driving_B_2020.02.13_15.02.01.csv,2481,38.8536,0.00,-161.25,0.8459,1.099205
1083,soldier,driving_B_2019.12.16_12.27.05.csv,593,-15.9135,0.00,-374.15,0.8458,1.183313
1084,longdress,driving_B_2019.12.17_07.32.39.csv,1269,69.7599,0.00,-12.90,0.8457,1.145811
1085,loot,static_B_2020.02.13_13.57.29.csv,2916,186.3125,100.00,50.32,0.8455,1.212317
1086,redandblack,driving_B_2020.02.14_12.58.17.csv,463,-30.1597,0.00,-267.88,0.8454,1.128244
1087,soldier,driving_B_2019.12.17_07.32.39.csv,1629,107.0227,10.41,-0.12,0.8452,1.015900
1088,longdress,driving_B_2020.01.16_07.26.43.csv,68,49.8556,0.00,-69.29,0.8451,1.201654
1089,loot,static_B_2020.02.27_18.39.27.csv,2395,113.8640,0.00,3.01,0.8449,1.142266
1090,redandblack,driving_B_2019.12.16_12.27.05.csv,173,91.7943,0.00,-27.05,0.8448,1.108313
1091,soldier,driving_B_2019.12.17_07.32.39.csv,1149,67.3467,0.00,-100.02,0.8447,1.193936
1092,longdress,driving_B_2020.02.14_09.38.22.csv,298,5.1384,0.00,-228.49,0.8445,1.234005
1093,loot,static_B_2020.02.27_18.39.27.csv,4075,209.8205,100.00,60.74,0.8444,1.049388
1094,redandblack,driving_B_2019.12.17_07.32.39.csv,189,81.5206,15.68,0.01,0.8442,1.135182
1095,soldier,driving_B_2020.02.14_07.29.00.csv,1968,-36.8398,0.00,-322.20,0.8441,1.157230
1096,longdress,static_B_2019.12.16_13.40.04.csv,1743,191.6044,83.32,51.12,0.8439,1.155552
1097,loot,driving_B_2019.12.17_07.32.39.csv,2288,148.5428,72.62,36.45,0.8438,1.179014
1098,redandblack,driving_B_2020.01.16_09.56.56.csv,800,147.8104,73.88,29.10,0.8437,1.024667
1099,soldier,driving_B_2020.02.13_13.03.24.csv,1643,105.0672,0.00,-82.88,0.8435,1.125441
1100,longdress,static_B_2019.12.16_13.40.04.csv,1383,110.0330,64.34,-12.01,0.8434,1.170873
1101,loot,driving_B_2020.02.13_13.03.24.csv,1943,-32.7168,0.00,-241.27,0.8432,1.050712
1102,redandblack,driving_B_2020.02.14_07.29.00.csv,1728,111.0641,0.00,-2.63,0.8431,1.088572
1103,soldier,driving_B_2020.02.13_15.02.01.csv,501,106.4601,0.00,-34.23,0.8430,1.210335
1104,longdress,driving_B_2020.02.13_13.03.24.csv,623,18.3907,0.00,-86.03,0.8428,1.099924
1105,loot,static_B_2020.02.13_13.57.29.csv,336,134.2747,24.84,25.24,0.8427,1.164989
1106,redandblack,static_B_2020.02.27_18.39.27.csv,1555,188.6693,100.00,50.16,0.8425,1.145215
1107,soldier,driving_B_2020.02.13_15.02.01.csv,1821,197.7137,100.00,55.85,0.8424,1.200752
1108,longdress,driving_B_2019.12.16_14.23.32.csv,46,172.3608,100.00,49.81,0.8422,1.298584
1109,loot,driving_B_2020.02.13_15.02.01.csv,1101,171.5796,46.23,25.30,0.8421,1.292912
1110,redandblack,driving_B_2020.01.16_09.56.56.csv,380,97.2619,7.11,-13.80,0.8420,1.295713
1111,soldier,driving_B_2019.12.17_07.32.39.csv,1569,52.0509,0.00,-85.28,0.8418,1.306605
1112,longdress,driving_B_2020.02.27_17.30.15.csv,720,-55.0887,0.00,-545.27,0.8417,1.217159
1113,redandblack,driving_B_2020.02.27_17.30.15.csv,212,-30.0085,0.00,-629.47,0.8415,1.301822
1114,soldier,driving_B_2019.12.16_14.23.32.csv,2182,187.2318,83.90,48.39,0.8414,1.199698
1115,longdress,driving_B_2020.02.14_07.29.00.csv,13,81.6923,0.00,-40.49,0.8412,1.291594
1116,loot,static_B_2020.02.13_13.57.29.csv,79,123.6800,47.14,19.26,0.8411,1.297624
1117,redandblack,driving_B_2020.01.16_09.56.56.csv,1566,107.5021,2.00,21.88,0.8410,1.234948
1118,soldier,driving_B_2019.12.16_12.27.05.csv,424,-23.5719,0.00,-163.03,0.8408,1.148028
1119,longdress,static_B_2019.12.16_13.40.04.csv,1548,145.2273,64.73,33.04,0.8407,1.209786
1120,loot,driving_B_2020.02.13_13.03.24.csv,7,84.9094,0.00,-14.35,0.8405,1.283952
1121,redandblack,driving_B_2020.02.14_09.38.22.csv,762,113.2029,43.58,16.22,0.8404,1.344882
1122,soldier,driving_B_2019.12.16_11.49.59.csv,173,-8.7752,0.00,-179.91,0.8402,1.225615
1123,longdress,driving_B_2020.02.13_13.03.24.csv,967,35.1356,0.00,-140.93,0.8401,1.158503
1124,loot,driving_B_2020.02.13_15.02.01.csv,799,128.2224,0.00,25.02,0.8400,1.080726
1125,redandblack,driving_B_2020.02.13_15.02.01.csv,2359,1.0124,0.00,-348.40,0.8398,1.352309
1126,soldier,static_B_2020.02.27_18.39.27.csv,5347,146.3798,34.00,33.99,0.8397,1.195841
1127,longdress,driving_B_2019.12.17_07.32.39.csv,6,71.4085,0.00,-45.29,0.8395,1.330164
1128,loot,static_B_2020.02.27_18.39.27.csv,1987,130.0049,42.48,21.15,0.8394,1.210316
1129,redandblack,static_B_2020.02.13_13.57.29.csv,679,96.1656,18.24,5.73,0.8392,1.150949
1130,soldier,driving_B_2019.12.16_14.23.32.csv,742,161.1879,48.81,22.66,0.8391,1.301172
1131,longdress,driving_B_2020.02.14_09.38.22.csv,1182,-5.5973,0.00,-119.85,0.8390,1.348529
1132,loot,static_B_2020.02.13_13.57.29.csv,1399,173.2158,78.00,44.21,0.8388,1.320292
1133,redandblack,driving_B_2019.12.16_11.49.59.csv,53,117.6167,21.58,14.90,0.8387,1.279385
1134,soldier,static_B_2020.02.27_18.39.27.csv,4687,122.0759,0.00,-164.66,0.8385,1.223705
1135,longdress,static_B_2020.02.27_18.39.27.csv,3127,45.9797,0.00,-167.84,0.8384,1.274844
1136,loot,static_B_2020.02.27_18.39.27.csv,1867,149.2896,79.23,27.42,0.8383,1.313236
1137,redandblack,static_B_2019.12.16_13.40.04.csv,1904,80.1999,0.00,-5.34,0.8381,1.264245
1138,soldier,driving_B_2019.12.16_14.23.32.csv,1462,120.7796,29.01,3.56,0.8380,1.258754
1139,longdress,driving_B_2020.02.14_07.29.00.csv,1393,126.2458,4.00,31.24,0.8378,1.355552
1140,loot,driving_B_2020.02.13_13.03.24.csv,487,51.4636,0.00,-46.92,0.8377,1.266097
1141,redandblack,driving_B_2020.02.14_12.58.17.csv,800,37.3454,0.00,-183.62,0.8375,1.234177
1142,soldier,driving_B_2020.02.13_13.03.24.csv,2047,-38.2157,0.00,-228.75,0.8374,1.224603
1143,longdress,static_B_2020.02.27_18.39.27.csv,5587,202.3551,100.00,57.91,0.8373,1.165933
1144,loot,driving_B_2020.02.13_15.02.01.csv,2659,74.6541,0.00,-54.42,0.8371,1.250229
1145,redandblack,driving_B_2019.12.17_07.32.39.csv,846,57.5677,0.00,-39.03,0.8370,1.227841
1146,soldier,driving_B_2020.02.14_09.38.22.csv,1362,147.3559,72.00,35.71,0.8368,1.247159
1147,longdress,static_B_2019.12.16_13.40.04.csv,108,199.6779,83.53,55.94,0.8367,1.260374
1148,loot,driving_B_2019.12.17_07.32.39.csv,1386,122.4291,0.00,30.41,0.8365,1.301029
1149,redandblack,static_B_2020.02.13_13.57.29.csv,439,132.3972,61.88,25.02,0.8364,1.408098
1150,soldier,driving_B_2020.02.13_15.02.01.csv,2539,108.4435,0.00,-18.52,0.8363,1.192340
1151,longdress,driving_B_2020.01.16_07.26.43.csv,1490,53.6589,0.00,-81.39,0.8361,1.270239
1152,loot,driving_B_2020.02.27_17.30.15.csv,632,-3.9609,0.00,-188.12,0.8360,1.262207
1153,redandblack,driving_B_2020.02.13_15.02.01.csv,1759,183.2617,100.00,44.15,0.8358,1.313564
1154,soldier,driving_B_2019.12.17_07.32.39.csv,1566,17.4998,0.00,-101.67,0.8357,1.128895
1155,longdress,static_B_2020.02.27_18.39.27.csv,1207,102.1808,57.59,0.91,0.8355,1.241943
1156,loot,driving_B_2020.01.16_09.56.56.csv,186,125.7271,31.73,12.81,0.8354,1.345946
1157,redandblack,static_B_2020.02.27_18.39.27.csv,4087,144.0936,20.00,38.40,0.8353,1.169629
1158,soldier,static_B_2020.02.14_13.21.26.csv,383,180.3199,86.45,47.70,0.8351,1.289784
1159,longdress,driving_B_2019.12.17_07.32.39.csv,1206,125.1227,0.00,-15.50,0.8350,1.164966
1160,loot,driving_B_2019.12.17_07.32.39.csv,906,56.9002,0.00,-43.48,0.8348,1.309634
1161,redandblack,driving_B_2020.02.14_07.29.00.csv,1970,0.5657,0.00,-116.05,0.8347,1.276562
1162,soldier,static_B_2019.12.16_13.40.04.csv,1904,100.5769,8.00,-1.33,0.8346,1.216101
1163,longdress,static_B_2020.02.13_13.57.29.csv,799,109.5250,49.94,18.21,0.8344,1.285709
1164,loot,driving_B_2020.02.14_07.29.00.csv,793,120.7968,0.00,-1.00,0.8343,1.271507
1165,redandblack,driving_B_2020.02.13_13.03.24.csv,1327,54.6382,0.00,-37.08,0.8341,1.222475
1166,soldier,static_B_2020.02.27_18.39.27.csv,3607,158.2414,46.00,42.90,0.8340,1.397480
1167,longdress,static_B_2020.02.14_13.21.26.csv,263,162.2959,63.58,36.64,0.8338,1.161447
1168,loot,driving_B_2019.12.17_07.32.39.csv,1026,148.4237,28.39,28.20,0.8337,1.222998
1169,redandblack,driving_B_2020.02.14_09.38.22.csv,942,138.7621,12.00,32.90,0.8336,1.246993
1170,soldier,driving_B_2020.01.16_09.56.56.csv,426,74.0680,0.00,-37.03,0.8334,1.266760
1171,longdress,static_B_2020.02.27_18.39.27.csv,2587,189.4918,81.59,40.51,0.8333,1.276619
1172,loot,static_B_2020.02.13_13.57.29.csv,559,185.8843,64.01,50.59,0.8331,1.169144
1173,redandblack,driving_B_2020.02.14_07.29.00.csv,1093,110.6632,24.46,3.28,0.8330,1.167135
1174,soldier,driving_B_2020.02.13_13.03.24.csv,607,2.7540,0.00,-129.11,0.8328,1.248604
1175,longdress,driving_B_2019.12.17_07.32.39.csv,1626,112.0673,0.00,-20.61,0.8327,1.274310
1176,loot,static_B_2020.02.14_13.21.26.csv,323,178.6090,0.00,51.56,0.8326,1.205423
1177,redandblack,static_B_2020.02.27_18.39.27.csv,5227,81.2672,0.03,-7.39,0.8324,1.070531
1178,soldier,driving_B_2019.12.16_14.23.32.csv,562,106.7987,41.57,6.15,0.8323,1.288562
1179,longdress,driving_B_2019.12.16_14.23.32.csv,1102,99.1696,41.73,0.04,0.8321,1.329371
1180,loot,driving_B_2020.01.16_09.56.56.csv,846,50.7728,0.00,-32.18,0.8320,1.168797
1181,redandblack,static_B_2020.02.27_18.39.27.csv,2827,164.3992,82.32,40.57,0.8318,1.247556
1182,soldier,driving_B_2020.02.14_07.29.00.csv,373,136.5017,68.00,35.92,0.8317,1.151400
1183,longdress,static_B_2020.02.27_18.39.27.csv,1267,217.4386,100.00,62.98,0.8316,1.194793
1184,loot,driving_B_2020.02.13_13.03.24.csv,1807,-36.8156,0.00,-1071.50,0.8314,1.260108
1185,redandblack,static_B_2020.02.27_18.39.27.csv,4507,179.2699,100.00,48.36,0.8313,1.154299
1186,soldier,driving_B_2020.01.16_12.10.03.csv,142,179.7402,46.00,51.41,0.8311,1.213342
1187,longdress,driving_B_2019.12.16_14.23.32.csv,1162,123.2980,0.00,8.46,0.8310,1.225638
1188,loot,static_B_2019.12.16_13.40.04.csv,348,160.8591,38.17,30.57,0.8308,1.346353
1189,redandblack,driving_B_2020.02.14_09.38.22.csv,162,45.6530,0.00,-130.71,0.8307,1.357450
1190,soldier,driving_B_2020.02.14_07.29.00.csv,973,-13.1261,0.00,-137.85,0.8306,1.284040
1191,longdress,driving_B_2019.12.16_12.27.05.csv,604,-11.7867,0.00,-370.56,0.8304,1.365203
1192,loot,driving_B_2019.12.17_07.32.39.csv,726,144.5969,70.54,24.21,0.8303,1.322594
1193,redandblack,driving_B_2019.12.17_07.32.39.csv,2286,156.2663,0.00,44.14,0.8301,1.342658
1194,soldier,driving_B_2020.02.14_12.58.17.csv,504,-12.1232,0.00,-151.02,0.8300,1.478685
1195,longdress,static_B_2019.12.16_13.40.04.csv,1068,143.7493,84.60,32.00,0.8299,1.300926
1196,loot,static_B_2020.02.27_18.39.27.csv,4807,152.2065,12.00,39.35,0.8297,1.251697
1197,redandblack,static_B_2020.02.27_18.39.27.csv,3367,187.8730,100.00,53.51,0.8296,1.238186
1198,soldier,driving_B_2020.02.14_07.29.00.csv,133,87.7540,0.00,-28.40,0.8294,1.362593
1199,longdress,static_B_2020.02.27_18.39.27.csv,3427,168.0872,100.00,44.06,0.8293,1.327688
1200,loot,driving_B_2019.12.16_14.23.32.csv,22,137.1725,22.00,36.61,0.8291,1.339361
1201,redandblack,static_B_2019.12.16_13.40.04.csv,1788,175.9920,84.25,45.53,0.8290,1.257344
1202,soldier,static_B_2019.12.16_13.40.04.csv,708,179.0508,80.00,47.51,0.8289,1.419299
1203,longdress,static_B_2020.02.14_13.21.26.csv,143,146.3239,26.00,38.11,0.8287,1.283752
1204,loot,driving_B_2019.12.16_12.27.05.csv,844,172.7665,57.83,41.72,0.8286,1.304690
1205,redandblack,driving_B_2020.02.13_15.02.01.csv,919,140.2848,6.00,35.02,0.8284,1.180514
1206,soldier,static_B_2019.12.16_13.40.04.csv,1008,120.6774,15.29,13.23,0.8283,1.240224
1207,longdress,driving_B_2020.02.13_13.03.24.csv,727,-2.2579,0.00,-143.16,0.8281,1.359293
1208,loot,static_B_2020.02.27_18.39.27.csv,187,117.4370,0.00,28.41,0.8280,1.404022
1209,redandblack,driving_B_2020.02.13_15.02.01.csv,439,138.4796,48.08,23.66,0.8279,1.297070
1210,soldier,driving_B_2020.02.13_15.02.01.csv,1339,-6.8761,0.00,-137.44,0.8277,1.245941
1211,longdress,static_B_2020.02.27_18.39.27.csv,1507,210.7635,100.00,59.95,0.8276,1.229779
1212,loot,driving_B_2020.02.14_07.29.00.csv,433,97.4604,0.00,-48.41,0.8274,1.340498
1213,redandblack,driving_B_2020.02.13_15.02.01.csv,1819,180.6785,82.00,49.42,0.8273,1.282779
1214,soldier,driving_B_2020.02.14_07.29.00.csv,1273,120.1856,21.79,11.95,0.8271,1.188837
1215,longdress,static_B_2020.02.14_13.21.26.csv,23,145.9129,17.64,10.57,0.8270,1.352591
1216,loot,static_B_2020.02.27_18.39.27.csv,2887,208.4764,100.00,58.30,0.8269,1.256978
1217,redandblack,driving_B_2019.12.16_11.49.59.csv,277,11.7387,0.00,-130.05,0.8267,1.439874
1218,soldier,driving_B_2020.01.16_07.26.43.csv,830,125.8668,42.09,15.13,0.8266,1.321421
1219,longdress,driving_B_2020.02.14_07.29.00.csv,313,176.3278,70.00,48.26,0.8264,1.326568
1220,loot,static_B_2020.02.13_13.57.29.csv,2779,169.5643,81.04,40.78,0.8263,1.213145
1221,redandblack,static_B_2020.02.27_18.39.27.csv,3667,126.3569,6.00,30.13,0.8262,1.403264
1222,soldier,driving_B_2020.02.13_13.03.24.csv,1987,3.2117,0.00,-191.63,0.8260,1.380570
1223,longdress,static_B_2020.02.27_18.39.27.csv,3847,134.8468,19.90,3.79,0.8259,1.383146
1224,loot,driving_B_2019.12.17_07.32.39.csv,2288,172.3132,48.75,40.60,0.8257,1.279820
1225,redandblack,driving_B_2019.12.16_12.27.05.csv,364,69.7683,0.00,-262.75,0.8256,1.322978
1226,soldier,static_B_2020.02.27_18.39.27.csv,3247,149.4291,40.00,35.82,0.8254,1.387331
1227,longdress,driving_B_2020.02.13_15.02.01.csv,79,182.7413,100.00,46.67,0.8253,1.306290
1228,loot,driving_B_2019.12.16_14.23.32.csv,382,176.3079,78.91,43.44,0.8252,1.325238
1229,redandblack,driving_B_2019.12.16_12.27.05.csv,1084,178.3565,83.00,42.63,0.8250,1.419886
1230,soldier,driving_B_2019.12.17_07.32.39.csv,1446,84.5729,0.00,-54.23,0.8249,1.175909
1231,longdress,static_B_2020.02.27_18.39.27.csv,847,178.2526,100.00,46.24,0.8247,1.223710
1232,loot,driving_B_2019.12.16_14.23.32.csv,1342,139.3419,23.34,12.81,0.8246,1.280668
1233,redandblack,driving_B_2020.02.14_09.38.22.csv,282,-39.2758,0.00,-177.71,0.8244,1.351153
1234,soldier,driving_B_2019.12.17_07.32.39.csv,1086,86.0054,0.00,-40.27,0.8243,1.226635
1235,longdress,static_B_2020.02.27_18.39.27.csv,5647,192.3717,100.00,54.41,0.8242,1.326653
1236,loot,driving_B_2020.02.13_15.02.01.csv,2479,4.2780,0.00,-158.11,0.8240,1.171968
1237,redandblack,driving_B_2020.01.16_09.56.56.csv,906,85.9688,0.00,-30.34,0.8239,1.430597
1238,soldier,driving_B_2020.02.27_17.30.15.csv,452,-43.4400,0.00,-331.69,0.8237,1.372212
1239,longdress,driving_B_2020.02.13_15.02.01.csv,379,212.3440,86.00,60.61,0.8236,1.318376
1240,loot,driving_B_2020.02.13_13.03.24.csv,1447,65.5463,0.00,-37.52,0.8234,1.308927
1241,redandblack,driving_B_2020.02.13_15.02.01.csv,559,80.6443,0.00,-28.71,0.8233,1.294175
1242,soldier,static_B_2020.02.27_18.39.27.csv,3787,100.7589,36.35,8.28,0.8232,1.293890
1243,longdress,driving_B_2020.02.13_15.02.01.csv,1939,136.0907,51.74,26.46,0.8230,1.350180
1244,loot,static_B_2020.02.13_13.57.29.csv,2899,149.3715,77.11,32.42,0.8229,1.428524
1245,redandblack,driving_B_2020.02.14_09.38.22.csv,342,5.3026,0.00,-105.59,0.8227,1.558660
1246,soldier,static_B_2019.12.16_13.40.04.csv,228,139.1297,40.71,19.17,0.8226,1.390529
1247,longdress,static_B_2020.02.27_18.39.27.csv,2647,152.9979,40.89,23.57,0.8224,1.396768
1248,loot,driving_B_2019.12.16_11.49.59.csv,277,11.6602,0.00,-140.12,0.8223,1.432704
1249,redandblack,driving_B_2019.12.16_11.49.59.csv,113,151.3449,24.36,25.53,0.8222,1.333835
1250,soldier,static_B_2020.02.13_13.57.29.csv,199,141.5210,28.99,19.31,0.8220,1.282484
1251,longdress,driving_B_2019.12.17_07.32.39.csv,486,54.1365,0.00,-69.69,0.8219,1.372116
1252,loot,driving_B_2019.12.17_07.32.39.csv,2226,167.0423,79.37,37.50,0.8217,1.372847
1253,redandblack,static_B_2020.02.27_18.39.27.csv,3727,168.0071,26.00,47.22,0.8216,1.337656
1254,soldier,driving_B_2020.01.16_07.26.43.csv,1670,51.3847,0.00,-89.93,0.8215,1.398625
1255,longdress,driving_B_2019.12.17_07.32.39.csv,426,114.7900,10.14,3.20,0.8213,1.446241
1256,loot,driving_B_2020.01.16_09.56.56.csv,1086,84.8021,0.00,-11.09,0.8212,1.314623
1257,redandblack,driving_B_2020.02.13_13.03.24.csv,1267,39.6875,0.00,-98.63,0.8210,1.341487
1258,soldier,driving_B_2020.01.16_07.26.43.csv,1310,157.2426,31.87,22.26,0.8209,1.307984
1259,longdress,driving_B_2019.12.17_07.32.39.csv,1266,80.6667,0.00,-25.01,0.8207,1.329703
1260,loot,driving_B_2020.02.14_12.58.17.csv,564,91.4836,30.11,6.70,0.8206,1.261141
1261,redandblack,driving_B_2020.01.16_09.56.56.csv,726,201.5158,83.74,51.49,0.8205,1.173490
1262,soldier,driving_B_2020.01.16_07.26.43.csv,1130,96.3209,17.97,-1.95,0.8203,1.236337
1263,longdress,driving_B_2020.02.14_07.29.00.csv,1333,137.6044,27.53,15.06,0.8202,1.385951
1264,loot,static_B_2020.02.13_13.57.29.csv,1939,163.4416,72.56,41.17,0.8200,1.577995
1265,redandblack,driving_B_2019.12.16_14.23.32.csv,802,136.5803,77.91,29.13,0.8199,1.218455
1266,soldier,driving_B_2020.02.14_07.29.00.csv,73,159.5711,58.30,32.01,0.8197,1.400117
1267,longdress,static_B_2020.02.27_18.39.27.csv,1027,118.5772,12.68,6.96,0.8196,1.436741
1268,loot,static_B_2019.12.16_13.40.04.csv,1728,219.8668,100.00,64.73,0.8195,1.451772
1269,redandblack,driving_B_2020.02.13_13.03.24.csv,1507,71.9958,0.00,-58.43,0.8193,1.491400
1270,soldier,driving_B_2020.02.14_07.29.00.csv,1813,201.9186,100.00,55.78,0.8192,1.539587
1271,longdress,driving_B_2020.01.16_07.26.43.csv,350,27.0332,0.00,-128.11,0.8190,1.430898
1272,loot,driving_B_2020.01.16_09.56.56.csv,1506,152.1288,14.00,38.12,0.8189,1.512913
1273,redandblack,static_B_2020.02.27_18.39.27.csv,4387,164.2230,100.00,40.60,0.8187,1.430638
1274,soldier,driving_B_2020.02.13_15.02.01.csv,1039,173.1805,82.00,45.43,0.8186,1.460824
1275,longdress,static_B_2020.02.14_13.21.26.csv,850,146.3344,45.65,27.80,0.8185,1.413870
1276,loot,driving_B_2020.02.14_12.58.17.csv,204,-75.9451,0.00,-626.02,0.8183,1.324322
1277,redandblack,static_B_2020.02.27_18.39.27.csv,1447,219.0841,100.00,64.06,0.8182,1.380266
1278,soldier,driving_B_2020.02.14_12.58.17.csv,264,-102.8020,0.00,-519.96,0.8180,1.377970
1279,longdress,driving_B_2020.02.14_12.58.17.csv,384,-19.0323,0.00,-542.62,0.8179,1.424299
1280,loot,static_B_2020.02.13_13.57.29.csv,1459,144.4688,18.73,21.23,0.8177,1.479296
1281,redandblack,driving_B_2020.02.13_15.02.01.csv,2119,171.6707,84.84,44.04,0.8176,1.441096
1282,soldier,static_B_2020.02.14_13.21.26.csv,850,107.6492,51.91,6.54,0.8175,1.427780
1283,longdress,driving_B_2020.02.13_13.03.24.csv,2167,-12.5514,0.00,-359.84,0.8173,1.405189
1284,loot,static_B_2020.02.13_13.57.29.csv,2239,209.0442,78.66,55.08,0.8172,1.388171
1285,redandblack,driving_B_2019.12.16_14.23.32.csv,322,179.9462,52.00,50.36,0.8170,1.551579
1286,soldier,driving_B_2020.02.14_12.58.17.csv,800,-23.4386,0.00,-193.64,0.8169,1.421721
1287,longdress,driving_B_2019.12.16_14.23.32.csv,622,141.7992,42.38,26.75,0.8168,1.512682
1288,loot,driving_B_2020.01.16_07.26.43.csv,1070,167.1010,54.49,39.63,0.8166,1.636756
1289,redandblack,driving_B_2020.02.14_12.58.17.csv,24,132.0519,32.24,23.13,0.8165,1.388463
1290,soldier,static_B_2020.02.13_13.57.29.csv,2945,185.7378,79.66,48.58,0.8163,1.415798
1291,longdress,static_B_2019.12.16_13.40.04.csv,1368,109.7652,0.00,-213.54,0.8162,1.438624
1292,loot,driving_B_2020.01.16_07.26.43.csv,710,128.6630,64.19,24.83,0.8160,1.375979
1293,redandblack,driving_B_2020.02.14_07.29.00.csv,1633,206.4484,100.00,61.64,0.8159,1.284399
1294,soldier,driving_B_2020.02.13_15.02.01.csv,1579,19.6191,0.00,-453.69,0.8158,1.425172
1295,longdress,driving_B_2019.12.17_07.32.39.csv,1806,1.3467,0.00,-176.86,0.8156,1.417183
1296,loot,driving_B_2019.12.16_12.27.05.csv,4,150.6216,49.76,29.99,0.8155,1.489076
1297,redandblack,static_B_2020.02.13_13.57.29.csv,979,52.9730,0.00,-254.61,0.8153,1.398358
1298,soldier,driving_B_2020.02.13_15.02.01.csv,1099,173.5371,33.65,19.04,0.8152,1.403845
1299,longdress,driving_B_2020.01.16_07.26.43.csv,1770,30.2785,0.00,-100.11,0.8150,1.483340
1300,loot,driving_B_2020.01.16_09.56.56.csv,966,84.1256,0.00,-43.30,0.8149,1.305422
1301,redandblack,driving_B_2019.12.17_07.32.39.csv,66,104.4016,7.71,-4.36,0.8148,1.381052
1302,soldier,driving_B_2020.02.14_09.38.22.csv,702,191.9978,85.50,47.71,0.8146,1.523138
1303,longdress,driving_B_2019.12.16_14.23.32.csv,82,212.9890,84.85,61.98,0.8145,1.506852
1304,loot,driving_B_2020.02.14_07.29.00.csv,193,138.4675,61.77,23.01,0.8143,1.412427
1305,redandblack,static_B_2020.02.27_18.39.27.csv,3907,207.6283,100.00,59.10,0.8142,1.436832
1306,soldier,driving_B_2019.12.16_14.23.32.csv,142,169.0863,100.00,42.07,0.8140,1.430512
1307,longdress,static_B_2020.02.14_13.21.26.csv,203,145.4923,30.00,35.45,0.8139,1.371556
1308,loot,static_B_2020.02.14_13.21.26.csv,743,146.1805,0.00,38.82,0.8138,1.464499
1309,redandblack,static_B_2020.02.13_13.57.29.csv,1699,95.7232,6.25,-2.66,0.8136,1.414770
1310,soldier,driving_B_2020.01.16_09.56.56.csv,66,50.2448,0.00,-70.29,0.8135,1.473296
1311,longdress,static_B_2020.02.14_13.21.26.csv,563,186.7043,96.00,48.92,0.8133,1.439161
1312,loot,driving_B_2019.12.16_12.27.05.csv,664,93.2060,0.00,-110.27,0.8132,1.442915
1313,redandblack,driving_B_2019.12.16_14.23.32.csv,1642,130.8181,30.00,30.61,0.8131,1.400910
1314,soldier,static_B_2020.02.27_18.39.27.csv,2707,148.5219,20.00,37.89,0.8129,1.531237
1315,longdress,static_B_2020.02.27_18.39.27.csv,967,208.4474,86.02,54.51,0.8128,1.521937
1316,loot,static_B_2020.02.27_18.39.27.csv,367,185.5553,100.00,50.70,0.8126,1.524902
1317,redandblack,driving_B_2020.01.16_07.26.43.csv,1610,54.5657,0.00,-85.67,0.8125,1.516598
1318,soldier,driving_B_2020.02.14_07.29.00.csv,1453,132.0945,39.32,21.33,0.8123,1.465117
1319,longdress,driving_B_2020.01.16_07.26.43.csv,1770,17.8016,0.00,-128.92,0.8122,1.378137
1320,loot,driving_B_2020.01.16_07.26.43.csv,1430,62.6092,0.00,-61.29,0.8121,1.351364
1321,redandblack,driving_B_2020.02.13_15.02.01.csv,139,203.9038,100.00,58.19,0.8119,1.228924
1322,soldier,driving_B_2020.01.16_07.26.43.csv,1190,21.7647,0.00,-83.67,0.8118,1.313651
1323,longdress,driving_B_2020.01.16_09.56.56.csv,1146,95.2752,0.00,-23.07,0.8116,1.342160
1324,loot,driving_B_2019.12.17_07.32.39.csv,1926,186.6671,85.78,47.43,0.8115,1.456347
1325,redandblack,driving_B_2019.12.17_07.32.39.csv,786,44.4739,0.00,-43.07,0.8113,1.288188
1326,soldier,static_B_2020.02.27_18.39.27.csv,607,167.8873,74.00,35.56,0.8112,1.506332
1327,longdress,driving_B_2020.02.14_12.58.17.csv,144,56.3337,0.00,-185.40,0.8111,1.418361
1328,loot,driving_B_2020.02.14_09.38.22.csv,42,81.2093,27.12,0.20,0.8109,1.473491
1329,redandblack,driving_B_2020.02.14_09.38.22.csv,1422,83.5911,0.00,-45.41,0.8108,1.358080
1330,soldier,driving_B_2019.12.16_12.27.05.csv,964,177.3946,100.00,46.23,0.8106,1.365547
1331,longdress,static_B_2020.02.27_18.39.27.csv,1387,161.3164,46.00,42.13,0.8105,1.330828
1332,loot,static_B_2019.12.16_13.40.04.csv,588,185.4408,81.21,49.89,0.8103,1.337068
1333,redandblack,static_B_2019.12.16_13.40.04.csv,1248,132.1676,9.01,9.08,0.8102,1.418563
1334,soldier,driving_B_2019.12.16_14.23.32.csv,1702,-16.6967,0.00,-350.68,0.8101,1.321925
1335,longdress,driving_B_2019.12.16_12.27.05.csv,184,55.6186,0.00,-32.49,0.8099,1.342444
1336,loot,driving_B_2020.01.16_07.26.43.csv,50,124.0290,0.00,-3.79,0.8098,1.245491
1337,redandblack,driving_B_2020.02.13_15.02.01.csv,1159,172.6026,85.77,40.93,0.8096,1.372051
1338,soldier,driving_B_2019.12.16_14.23.32.csv,1942,96.2101,3.34,-19.67,0.8095,1.327735
1339,longdress,driving_B_2020.01.16_09.56.56.csv,786,128.3625,0.00,-0.75,0.8093,1.436842
1340,loot,static_B_2020.02.27_18.39.27.csv,4147,199.5003,40.00,59.03,0.8092,1.312738
1341,redandblack,static_B_2020.02.13_13.57.29.csv,1879,166.2791,100.00,43.29,0.8091,1.442914
1342,soldier,driving_B_2020.02.13_15.02.01.csv,1999,201.4712,100.00,57.03,0.8089,1.340953
1343,longdress,driving_B_2020.01.16_07.26.43.csv,950,54.3620,0.00,-120.34,0.8088,1.369414
1344,loot,static_B_2019.12.16_13.40.04.csv,48,146.7502,37.14,28.37,0.8086,1.438779
1345,redandblack,static_B_2020.02.27_18.39.27.csv,5527,132.7296,44.00,31.97,0.8085,1.501694
1346,soldier,static_B_2020.02.13_13.57.29.csv,1999,178.3219,100.00,49.25,0.8084,1.509719
1347,longdress,driving_B_2020.02.14_09.38.22.csv,402,45.1049,0.00,-118.90,0.8082,1.537500
1348,loot,static_B_2019.12.16_13.40.04.csv,948,114.9001,42.30,15.24,0.8081,1.377717
1349,redandblack,static_B_2020.02.27_18.39.27.csv,1087,91.7916,0.00,-17.15,0.8079,1.472740
1350,soldier,static_B_2020.02.27_18.39.27.csv,4027,153.2327,18.75,23.05,0.8078,1.546054
1351,longdress,static_B_2020.02.27_18.39.27.csv,4627,72.5708,0.00,-51.69,0.8076,1.434900
1352,loot,static_B_2020.02.13_13.57.29.csv,2945,178.7322,100.00,48.45,0.8075,1.440498
1353,redandblack,driving_B_2020.01.16_09.56.56.csv,1326,140.6864,24.00,35.90,0.8074,1.388880
1354,soldier,static_B_2020.02.27_18.39.27.csv,3487,156.1456,83.15,37.44,0.8072,1.560165
1355,longdress,driving_B_2019.12.16_14.23.32.csv,1402,202.0166,71.54,55.00,0.8071,1.542575
1356,loot,static_B_2020.02.13_13.57.29.csv,1159,145.2407,44.77,25.97,0.8069,1.455655
1357,redandblack,driving_B_2020.02.14_07.29.00.csv,1970,-9.6101,0.00,-188.42,0.8068,1.409644
1358,soldier,driving_B_2020.01.16_12.10.03.csv,244,186.3911,100.00,49.09,0.8066,1.489225
1359,longdress,static_B_2020.02.27_18.39.27.csv,4567,182.7723,57.31,46.00,0.8065,1.566118
1360,loot,driving_B_2020.02.14_09.38.22.csv,1242,95.6854,6.45,3.19,0.8064,1.578396
1361,redandblack,driving_B_2020.02.13_15.02.01.csv,1459,43.4606,0.00,-74.96,0.8062,1.373731
1362,soldier,static_B_2020.02.27_18.39.27.csv,2527,154.6168,86.00,39.98,0.8061,1.502450
1363,longdress,static_B_2020.02.27_18.39.27.csv,5047,112.8869,28.11,17.24,0.8059,1.452514
1364,loot,static_B_2020.02.27_18.39.27.csv,4747,172.2406,83.64,40.72,0.8058,1.494691
1365,redandblack,driving_B_2019.12.17_07.32.39.csv,606,110.3480,0.00,-33.61,0.8056,1.563385
1366,soldier,static_B_2019.12.16_13.40.04.csv,888,148.0206,50.89,20.59,0.8055,1.492226
1367,longdress,driving_B_2019.12.16_14.23.32.csv,2602,66.0028,0.00,-34.13,0.8054,1.643464
1368,loot,driving_B_2020.01.16_07.26.43.csv,590,83.7537,0.00,-28.75,0.8052,1.433484
1369,redandblack,static_B_2020.02.13_13.57.29.csv,1819,190.0982,78.00,56.85,0.8051,1.348089
1370,soldier,driving_B_2020.01.16_09.56.56.csv,306,105.6194,0.00,-9.06,0.8049,1.560756
1371,longdress,static_B_2020.02.13_13.57.29.csv,1039,86.5365,0.00,-30.08,0.8048,1.398189
1372,loot,driving_B_2020.02.13_13.03.24.csv,847,45.0744,0.00,-66.37,0.8047,1.527462
1373,redandblack,static_B_2019.12.16_13.40.04.csv,1128,71.3664,0.00,-466.63,0.8045,1.538876
1374,soldier,static_B_2019.12.16_13.40.04.csv,1848,174.6037,50.03,29.96,0.8044,1.482333
1375,longdress,driving_B_2019.12.16_14.23.32.csv,1042,33.4767,0.00,-242.02,0.8042,1.435215
1376,loot,static_B_2020.02.27_18.39.27.csv,487,191.9329,100.00,51.63,0.8041,1.458268
1377,redandblack,static_B_2020.02.13_13.57.29.csv,2839,140.9824,24.75,26.34,0.8039,1.566023
1378,soldier,driving_B_2019.12.17_07.32.39.csv,1506,44.6290,0.00,-70.93,0.8038,1.546339
1379,longdress,driving_B_2020.01.16_09.56.56.csv,486,190.5013,100.00,49.80,0.8037,1.559744
1380,loot,driving_B_2020.02.13_13.03.24.csv,1867,-74.1482,0.00,-544.50,0.8035,1.565809
1381,redandblack,driving_B_2019.12.17_07.32.39.csv,1326,179.2179,100.00,42.78,0.8034,1.518191
1382,soldier,static_B_2020.02.14_13.21.26.csv,503,173.4946,74.00,46.28,0.8032,1.490431
1383,longdress,static_B_2020.02.27_18.39.27.csv,2227,198.9431,87.43,54.65,0.8031,1.450849
1384,loot,driving_B_2019.12.16_12.27.05.csv,1144,119.0414,50.33,17.64,0.8029,1.643030
1385,redandblack,driving_B_2020.02.27_17.30.15.csv,272,-16.0904,0.00,-243.06,0.8028,1.464270
1386,soldier,driving_B_2019.12.17_07.32.39.csv,2046,105.4135,0.00,-18.18,0.8027,1.564529
1387,longdress,driving_B_2020.02.13_13.03.24.csv,427,31.8931,0.00,-82.41,0.8025,1.409252
1388,loot,driving_B_2020.01.16_07.26.43.csv,1550,39.6023,0.00,-113.25,0.8024,1.479774
1389,redandblack,driving_B_2020.02.13_15.02.01.csv,19,160.6655,80.00,40.36,0.8022,1.556142
1390,soldier,driving_B_2020.02.14_09.38.22.csv,822,74.7748,0.00,-70.57,0.8021,1.469018
1391,longdress,static_B_2020.02.13_13.57.29.csv,1579,126.0481,52.77,26.43,0.8019,1.452352
1392,loot,driving_B_2020.02.14_09.38.22.csv,102,55.3608,0.00,-78.81,0.8018,1.548883
1393,redandblack,static_B_2020.02.27_18.39.27.csv,4867,200.7405,86.00,58.18,0.8017,1.350378
1394,soldier,driving_B_2019.12.16_14.23.32.csv,2002,187.1457,64.00,51.51,0.8015,1.399460
1395,longdress,driving_B_2019.12.17_07.32.39.csv,1986,166.1899,66.12,38.47,0.8014,1.506692
1396,loot,static_B_2020.02.13_13.57.29.csv,739,181.9809,70.36,45.00,0.8012,1.515667
1397,redandblack,static_B_2020.02.27_18.39.27.csv,5287,152.4079,34.00,39.85,0.8011,1.430757
1398,soldier,driving_B_2019.12.17_07.32.39.csv,366,202.8439,79.63,55.21,0.8009,1.537898
1399,longdress,static_B_2020.02.27_18.39.27.csv,787,214.0850,100.00,61.14,0.8008,1.580836
1400,loot,driving_B_2020.02.13_13.03.24.csv,1927,-73.6465,0.00,-262.68,0.8007,1.581017
1401,redandblack,static_B_2020.02.14_13.21.26.csv,683,144.8640,40.00,36.20,0.8005,1.520988
1402,soldier,driving_B_2019.12.16_14.23.32.csv,2062,143.8457,0.00,-14.87,0.8004,1.378537
1403,longdress,driving_B_2020.02.14_09.38.22.csv,582,121.5736,15.69,7.64,0.8002,1.391072
1404,loot,driving_B_2020.02.13_13.03.24.csv,1027,43.8237,0.00,-77.37,0.8001,1.487789
1405,redandblack,static_B_2019.12.16_13.40.04.csv,408,207.0353,100.00,59.59,0.8000,1.550967
1406,soldier,driving_B_2019.12.16_11.49.59.csv,277,7.8484,0.00,-190.28,0.7998,1.570002
1407,longdress,driving_B_2020.02.14_09.38.22.csv,462,65.4096,0.00,-36.16,0.7997,1.567940
1408,loot,driving_B_2020.02.27_17.30.15.csv,152,-8.4939,0.00,-126.12,0.7995,1.429869
1409,redandblack,static_B_2020.02.27_18.39.27.csv,667,172.8350,75.61,40.04,0.7994,1.516065
1410,soldier,driving_B_2019.12.16_14.23.32.csv,502,153.3119,14.00,39.99,0.7992,1.479187
1411,longdress,driving_B_2020.01.16_12.10.03.csv,22,195.3495,100.00,54.23,0.7991,1.499902
1412,loot,driving_B_2020.02.14_09.38.22.csv,882,202.6316,70.00,56.56,0.7990,1.457778
1413,redandblack,driving_B_2019.12.16_12.27.05.csv,1024,176.3593,100.00,46.05,0.7988,1.520512
1414,soldier,static_B_2020.02.13_13.57.29.csv,619,181.0972,72.14,37.73,0.7987,1.653246
1415,longdress,driving_B_2020.02.13_13.03.24.csv,1207,-2.4441,0.00,-167.62,0.7985,1.582442
1416,loot,driving_B_2019.12.17_07.32.39.csv,306,110.9630,11.07,7.36,0.7984,1.566329
1417,redandblack,driving_B_2020.01.16_09.56.56.csv,606,162.9347,0.00,44.59,0.7982,1.532409
1418,soldier,driving_B_2020.02.27_17.30.15.csv,720,-19.2438,0.00,-300.53,0.7981,1.275017
1419,longdress,static_B_2020.02.13_13.57.29.csv,1759,165.4923,28.00,44.13,0.7980,1.314953
1420,loot,static_B_2020.02.13_13.57.29.csv,379,178.0689,82.07,42.51,0.7978,1.373606
1421,redandblack,driving_B_2019.12.16_12.27.05.csv,484,16.6261,0.00,-201.95,0.7977,1.504108
1422,soldier,driving_B_2019.12.17_07.32.39.csv,126,71.6882,0.00,-51.08,0.7975,1.425717
1423,longdress,driving_B_2020.02.14_07.29.00.csv,853,149.3104,60.07,29.93,0.7974,1.598888
1424,loot,driving_B_2020.02.27_17.30.15.csv,92,-41.9782,0.00,-300.54,0.7972,1.539804
1425,redandblack,driving_B_2020.02.14_07.29.00.csv,673,123.2954,32.68,12.54,0.7971,1.411683
1426,soldier,static_B_2019.12.16_13.40.04.csv,648,149.2323,82.23,32.03,0.7970,1.560130
1427,longdress,driving_B_2020.02.27_17.30.15.csv,692,-41.5057,0.00,-453.53,0.7968,1.535583
1428,loot,static_B_2020.02.27_18.39.27.csv,3967,151.4256,10.00,41.37,0.7967,1.586299
1429,redandblack,driving_B_2020.02.27_17.30.15.csv,332,11.0513,0.00,-115.63,0.7965,1.545282
1430,soldier,driving_B_2020.02.13_15.02.01.csv,1639,21.0152,0.00,-159.03,0.7964,1.610453
1431,longdress,driving_B_2020.01.16_07.26.43.csv,1250,38.9317,0.00,-78.88,0.7962,1.687736
1432,loot,driving_B_2020.02.13_13.03.24.csv,247,84.0141,0.00,-20.60,0.7961,1.469568
1433,redandblack,static_B_2019.12.16_13.40.04.csv,1608,182.7535,100.00,49.27,0.7960,1.624771
1434,soldier,driving_B_2020.02.14_07.29.00.csv,553,18.8044,0.00,-85.34,0.7958,1.437954
1435,longdress,static_B_2020.02.27_18.39.27.csv,427,176.7998,80.02,45.78,0.7957,1.512743
1436,loot,driving_B_2020.02.13_13.03.24.csv,1087,34.2763,0.00,-97.18,0.7955,1.600161
1437,redandblack,driving_B_2019.12.16_14.23.32.csv,922,58.4790,0.00,-67.12,0.7954,1.590063
1438,soldier,static_B_2020.02.13_13.57.29.csv,859,47.5776,0.00,-56.17,0.7953,1.552950
1439,longdress,driving_B_2020.02.13_15.02.01.csv,499,58.1351,0.00,-64.23,0.7951,1.734194
1440,loot,driving_B_2020.02.13_13.03.24.csv,787,82.4421,0.00,-28.51,0.7950,1.591225
1441,redandblack,static_B_2019.12.16_13.40.04.csv,1488,139.2376,0.00,33.97,0.7948,1.528549
1442,soldier,driving_B_2020.01.16_12.10.03.csv,202,210.6423,80.00,60.66,0.7947,1.388491
1443,longdress,static_B_2020.02.13_13.57.29.csv,2359,129.8446,31.11,11.47,0.7945,1.531665
1444,loot,driving_B_2019.12.16_14.23.32.csv,442,192.0058,72.38,50.44,0.7944,1.436375
1445,redandblack,static_B_2020.02.13_13.57.29.csv,2059,128.3094,12.00,32.24,0.7943,1.421089
1446,soldier,static_B_2019.12.16_13.40.04.csv,828,183.5886,81.33,47.62,0.7941,1.658230
1447,longdress,static_B_2019.12.16_13.40.04.csv,468,154.0262,0.00,-296.54,0.7940,1.634107
1448,loot,driving_B_2020.01.16_09.56.56.csv,126,59.8931,0.00,-53.41,0.7938,1.523695
1449,redandblack,driving_B_2020.01.16_09.56.56.csv,1026,168.7459,52.00,44.60,0.7937,1.535975
1450,soldier,static_B_2020.02.27_18.39.27.csv,1327,142.3286,50.00,35.91,0.7935,1.628339
1451,longdress,static_B_2020.02.27_18.39.27.csv,5107,206.2233,100.00,58.17,0.7934,1.435562
1452,loot,driving_B_2020.02.14_09.38.22.csv,1478,117.0473,38.73,10.01,0.7933,1.694108
1453,redandblack,driving_B_2020.02.27_17.30.15.csv,512,6.3625,0.00,-178.31,0.7931,1.489004
1454,soldier,static_B_2020.02.27_18.39.27.csv,4327,144.3219,36.71,16.81,0.7930,1.530382
1455,longdress,driving_B_2020.02.14_09.38.22.csv,1122,19.2534,0.00,-114.51,0.7928,1.652656
1456,loot,static_B_2020.02.27_18.39.27.csv,7,207.0833,48.00,60.11,0.7927,1.485394
1457,redandblack,static_B_2020.02.14_13.21.26.csv,83,181.5969,50.00,49.91,0.7925,1.473288
1458,soldier,driving_B_2019.12.16_14.23.32.csv,1582,121.3721,0.00,-0.52,0.7924,1.645647
1459,longdress,driving_B_2020.02.14_07.29.00.csv,913,149.2558,41.87,24.09,0.7923,1.726843
1460,loot,driving_B_2019.12.16_14.23.32.csv,1882,24.2846,0.00,-154.87,0.7921,1.514751
1461,redandblack,driving_B_2019.12.16_11.49.59.csv,233,9.4685,0.00,-109.64,0.7920,1.430510
1462,soldier,static_B_2020.02.27_18.39.27.csv,2047,140.3698,13.87,15.17,0.7918,1.502799
1463,longdress,driving_B_2020.02.13_15.02.01.csv,2719,7.0812,0.00,-118.50,0.7917,1.510849
1464,loot,static_B_2020.02.13_13.57.29.csv,2119,137.2414,60.05,24.12,0.7916,1.515835
1465,redandblack,static_B_2020.02.13_13.57.29.csv,919,145.9339,51.24,26.53,0.7914,1.573521
1466,soldier,static_B_2020.02.27_18.39.27.csv,307,178.7950,72.14,41.44,0.7913,1.549025
1467,longdress,driving_B_2019.12.16_12.27.05.csv,1152,134.0473,23.22,0.10,0.7911,1.591103
1468,loot,driving_B_2020.02.13_13.03.24.csv,547,86.0732,0.00,-26.66,0.7910,1.597179
1469,redandblack,driving_B_2019.12.16_14.23.32.csv,262,162.0057,26.00,42.85,0.7908,1.623988
1470,soldier,driving_B_2020.02.13_15.02.01.csv,619,42.8508,0.00,-102.18,0.7907,1.662528
1471,longdress,driving_B_2019.12.17_07.32.39.csv,1146,23.9005,0.00,-47.89,0.7906,1.546377
1472,loot,static_B_2020.02.27_18.39.27.csv,5742,163.0166,53.68,40.69,0.7904,1.340623
1473,redandblack,driving_B_2020.01.16_12.10.03.csv,82,159.0956,36.00,42.16,0.7903,1.548972
1474,soldier,driving_B_2020.02.14_12.58.17.csv,84,21.3325,0.00,-154.89,0.7901,1.339558
1475,longdress,driving_B_2019.12.16_14.23.32.csv,1762,-21.3166,0.00,-216.23,0.7900,1.539773
1476,loot,driving_B_2020.01.16_07.26.43.csv,410,25.5038,0.00,-66.07,0.7898,1.566263
1477,redandblack,driving_B_2019.12.16_12.27.05.csv,724,165.0508,62.30,39.45,0.7897,1.578631
1478,soldier,driving_B_2019.12.17_07.32.39.csv,546,49.0645,0.00,-62.36,0.7896,1.590710
1479,longdress,driving_B_2020.02.13_15.02.01.csv,1519,21.0961,0.00,-119.96,0.7894,1.446925
1480,loot,static_B_2020.02.27_18.39.27.csv,5467,161.8052,58.00,42.28,0.7893,1.666705
1481,redandblack,driving_B_2020.01.16_07.26.43.csv,770,159.7468,79.96,35.07,0.7891,1.465301
1482,soldier,static_B_2019.12.16_13.40.04.csv,1904,105.5093,38.00,-0.32,0.7890,1.522648
1483,longdress,driving_B_2020.01.16_07.26.43.csv,470,3.4638,0.00,-132.89,0.7888,1.735900
1484,loot,static_B_2020.02.13_13.57.29.csv,2179,186.7562,100.00,47.80,0.7887,1.594777
1485,redandblack,static_B_2019.12.16_13.40.04.csv,528,162.5011,68.72,32.88,0.7886,1.574979
1486,soldier,driving_B_2020.02.14_09.38.22.csv,1478,42.5795,0.00,-59.58,0.7884,1.470763
1487,longdress,static_B_2020.02.27_18.39.27.csv,2467,143.4705,32.00,34.56,0.7883,1.494532
1488,loot,static_B_2020.02.13_13.57.29.csv,2419,150.7929,26.43,17.17,0.7881,1.523097
1489,redandblack,driving_B_2020.02.13_15.02.01.csv,1399,53.9879,0.00,-41.95,0.7880,1.793991
1490,soldier,driving_B_2020.02.13_15.02.01.csv,2179,115.5684,7.00,6.30,0.7878,1.556591
1491,longdress,static_B_2020.02.27_18.39.27.csv,3307,191.0659,100.00,53.80,0.7877,1.598644
1492,loot,driving_B_2020.02.13_13.03.24.csv,67,88.9015,0.00,-12.47,0.7876,1.425509
1493,redandblack,driving_B_2020.02.14_09.38.22.csv,1478,67.2381,0.00,-39.31,0.7874,1.557310
1494,soldier,static_B_2020.02.13_13.57.29.csv,259,171.2946,100.00,43.02,0.7873,1.641256
1495,longdress,driving_B_2020.02.13_13.03.24.csv,1747,105.1924,0.00,5.26,0.7871,1.497701
1496,loot,static_B_2019.12.16_13.40.04.csv,1428,186.7564,72.00,51.53,0.7870,1.515325
1497,redandblack,driving_B_2020.01.16_07.26.43.csv,650,46.6601,0.00,-51.86,0.7869,1.632912
1498,soldier,driving_B_2020.02.13_15.02.01.csv,859,165.7441,29.45,13.38,0.7867,1.467028
1499,longdress,driving_B_2020.02.14_07.29.00.csv,1033,79.0578,0.00,-44.19,0.7866,1.660794
1500,loot,static_B_2020.02.27_18.39.27.csv,4447,175.1869,88.81,46.89,0.7864,1.494171
1501,redandblack,static_B_2020.02.27_18.39.27.csv,1747,191.1359,100.00,51.02,0.7863,1.620920
1502,soldier,driving_B_2020.01.16_07.26.43.csv,1370,-8.6647,0.00,-148.75,0.7861,1.706671
1503,longdress,static_B_2020.02.13_13.57.29.csv,1519,89.1973,0.00,-6.96,0.7860,1.635268
1504,loot,static_B_2020.02.14_13.21.26.csv,803,193.2959,50.00,54.82,0.7859,1.744677
1505,redandblack,driving_B_2020.02.14_12.58.17.csv,324,-56.3432,0.00,-276.11,0.7857,1.626246
1506,soldier,driving_B_2020.02.14_12.58.17.csv,444,-53.2758,0.00,-362.20,0.7856,1.690870
1507,longdress,static_B_2020.02.14_13.21.26.csv,443,173.5682,70.00,46.85,0.7854,1.604172
1508,loot,driving_B_2020.02.13_15.02.01.csv,199,149.3813,37.15,19.77,0.7853,1.823330
1509,redandblack,driving_B_2020.01.16_07.26.43.csv,1730,93.2713,1.20,-13.37,0.7851,1.677653
1510,soldier,driving_B_2020.02.14_07.29.00.csv,1513,128.5714,44.39,22.74,0.7850,1.595019
1511,longdress,static_B_2020.02.13_13.57.29.csv,2659,203.6218,100.00,57.59,0.7849,1.691310
1512,loot,driving_B_2019.12.16_12.27.05.csv,124,93.0187,37.83,1.06,0.7847,1.702723
1513,redandblack,static_B_2020.02.27_18.39.27.csv,247,219.4026,100.00,61.79,0.7846,1.579489
1514,soldier,driving_B_2019.12.16_14.23.32.csv,2422,108.8270,0.00,-3.85,0.7844,1.564882
1515,longdress,static_B_2020.02.27_18.39.27.csv,3067,149.2271,31.46,15.72,0.7843,1.641974
1516,loot,static_B_2020.02.27_18.39.27.csv,4267,136.2267,26.00,35.54,0.7841,1.577013
1517,redandblack,driving_B_2020.02.27_17.30.15.csv,32,-0.3055,0.00,-137.15,0.7840,1.706394
1518,soldier,static_B_2020.02.27_18.39.27.csv,3007,168.9149,65.41,37.55,0.7839,1.665786
1519,longdress,driving_B_2020.02.13_15.02.01.csv,2754,59.4270,0.00,-105.50,0.7837,1.821538
1520,loot,driving_B_2019.12.17_07.32.39.csv,2166,82.8195,0.00,-40.08,0.7836,1.655837
1521,redandblack,driving_B_2020.02.13_15.02.01.csv,739,125.9430,10.77,13.21,0.7834,1.669223
1522,soldier,static_B_2020.02.13_13.57.29.csv,1219,207.7000,100.00,58.14,0.7833,1.654937
1523,longdress,driving_B_2020.02.13_15.02.01.csv,2059,74.5893,0.00,-87.74,0.7831,1.703678
1524,loot,driving_B_2020.02.27_17.30.15.csv,572,51.7928,0.00,-49.48,0.7830,1.714619
1525,redandblack,static_B_2020.02.27_18.39.27.csv,2287,157.6042,78.90,39.62,0.7829,1.808168
1526,soldier,static_B_2020.02.27_18.39.27.csv,1687,141.3367,74.90,29.42,0.7827,1.706941
1527,longdress,driving_B_2020.01.16_09.56.56.csv,6,112.6818,23.32,1.86,0.7826,1.559258
1528,loot,driving_B_2019.12.16_14.23.32.csv,2122,118.5106,54.00,0.15,0.7824,1.701284
1529,redandblack,static_B_2020.02.27_18.39.27.csv,127,215.0637,90.00,61.85,0.7823,1.665588
1530,soldier,static_B_2020.02.27_18.39.27.csv,2107,162.4105,69.81,36.26,0.7822,1.534979
1531,longdress,driving_B_2020.02.13_15.02.01.csv,2754,23.8128,0.00,-77.88,0.7820,1.891739
1532,loot,driving_B_2020.01.16_09.56.56.csv,246,190.5874,58.00,53.36,0.7819,1.721622
1533,redandblack,driving_B_2020.02.13_15.02.01.csv,2299,34.1263,0.00,-158.57,0.7817,1.837782
1534,soldier,driving_B_2019.12.16_12.27.05.csv,244,108.6764,26.29,5.48,0.7816,1.733616
1535,longdress,static_B_2019.12.16_13.40.04.csv,288,157.6348,57.32,34.62,0.7814,1.537197
1536,loot,driving_B_2019.12.17_07.32.39.csv,246,97.7012,11.14,-3.95,0.7813,1.583061
1537,redandblack,driving_B_2020.01.16_07.26.43.csv,1010,95.6053,0.00,-32.77,0.7812,1.708248
1538,soldier,driving_B_2020.02.14_07.29.00.csv,253,65.9571,0.00,-84.40,0.7810,1.563860
1539,longdress,static_B_2020.02.13_13.57.29.csv,1639,104.4324,16.76,4.52,0.7809,1.693387
1540,loot,driving_B_2020.02.13_13.03.24.csv,1387,60.4131,0.00,-43.80,0.7807,1.821053
1541,redandblack,driving_B_2019.12.16_14.23.32.csv,982,161.3167,58.35,19.61,0.7806,1.681981
1542,soldier,driving_B_2020.02.13_13.03.24.csv,667,-14.9923,0.00,-149.55,0.7804,1.643922
1543,longdress,driving_B_2020.02.14_07.29.00.csv,1873,-22.6193,0.00,-240.49,0.7803,1.659912
1544,loot,driving_B_2020.01.16_07.26.43.csv,110,132.9690,33.14,22.79,0.7802,1.769023
1545,redandblack,static_B_2020.02.14_13.21.26.csv,623,193.1822,100.00,53.07,0.7800,1.657296
1546,soldier,driving_B_2019.12.16_14.23.32.csv,202,174.2106,68.00,43.17,0.7799,1.595656
1547,longdress,driving_B_2020.02.14_07.29.00.csv,1213,183.6749,84.39,49.29,0.7797,1.754285
1548,loot,driving_B_2020.02.14_09.38.22.csv,522,171.9834,81.66,41.22,0.7796,1.656885
1549,redandblack,driving_B_2020.02.13_15.02.01.csv,1879,84.2005,0.00,-21.07,0.7794,1.609171
1550,soldier,driving_B_2020.02.13_15.02.01.csv,2239,147.7170,59.85,28.64,0.7793,1.533720
1551,longdress,static_B_2020.02.27_18.39.27.csv,2167,169.6277,100.00,43.65,0.7792,1.471872
1552,loot,driving_B_2020.02.13_15.02.01.csv,979,94.7502,0.00,-37.81,0.7790,1.726030
1553,redandblack,driving_B_2020.01.16_12.10.03.csv,244,124.0808,40.00,29.87,0.7789,1.651164
1554,soldier,driving_B_2019.12.16_12.27.05.csv,904,177.7521,54.15,39.37,0.7787,1.688693
1555,longdress,static_B_2020.02.27_18.39.27.csv,2407,171.8869,48.00,33.06,0.7786,1.622512
1556,loot,static_B_2020.02.27_18.39.27.csv,1147,191.4047,100.00,47.09,0.7785,1.651492
1557,redandblack,static_B_2020.02.13_13.57.29.csv,319,178.9207,80.45,43.62,0.7783,1.691766
1558,soldier,static_B_2019.12.16_13.40.04.csv,1308,178.7021,39.47,27.69,0.7782,1.692925
1559,longdress,driving_B_2020.02.14_09.38.22.csv,1062,39.3371,0.00,-57.69,0.7780,1.651744
1560,loot,driving_B_2019.12.16_14.23.32.csv,1822,0.3042,0.00,-133.57,0.7779,1.587439
1561,redandblack,driving_B_2020.02.14_12.58.17.csv,624,86.2299,0.00,-27.18,0.7777,1.692391
1562,soldier,driving_B_2019.12.16_14.23.32.csv,2242,176.8574,54.31,41.26,0.7776,1.810534
1563,longdress,driving_B_2019.12.16_14.23.32.csv,2542,64.9756,0.00,-80.60,0.7775,1.875100
1564,loot,driving_B_2020.02.13_13.03.24.csv,1687,195.0155,100.00,52.57,0.7773,1.688389
1565,redandblack,driving_B_2020.01.16_09.56.56.csv,366,66.1837,0.00,-23.60,0.7772,1.647462
1566,soldier,driving_B_2019.12.16_14.23.32.csv,2302,101.6396,0.00,-44.31,0.7770,1.589309
1567,longdress,driving_B_2020.01.16_07.26.43.csv,530,66.4112,0.00,-75.96,0.7769,1.576750
1568,loot,driving_B_2019.12.17_07.32.39.csv,1866,133.3470,25.19,21.76,0.7767,1.571839
1569,redandblack,driving_B_2020.01.16_07.26.43.csv,290,135.0695,21.53,21.92,0.7766,1.686557
1570,soldier,driving_B_2019.12.17_07.32.39.csv,966,8.5876,0.00,-124.06,0.7765,1.609731
1571,longdress,driving_B_2020.01.16_09.56.56.csv,1446,147.2675,86.60,33.76,0.7763,1.733716
1572,loot,driving_B_2020.02.14_09.38.22.csv,1302,181.3456,22.00,52.85,0.7762,1.644305
1573,redandblack,driving_B_2020.01.16_07.26.43.csv,170,58.3386,0.00,-165.13,0.7760,1.670537
1574,soldier,driving_B_2020.01.16_09.56.56.csv,1266,153.3924,36.90,21.28,0.7759,1.563182
1575,longdress,static_B_2020.02.27_18.39.27.csv,67,168.8378,100.00,41.69,0.7757,1.732663
1576,loot,driving_B_2020.02.13_15.02.01.csv,2419,20.8467,0.00,-274.37,0.7756,1.627520
1577,redandblack,driving_B_2020.01.16_07.26.43.csv,890,25.0696,0.00,-41.10,0.7755,1.728893
1578,soldier,driving_B_2019.12.17_07.32.39.csv,1686,-13.7737,0.00,-161.85,0.7753,1.537149
1579,longdress,driving_B_2020.02.13_13.03.24.csv,1147,29.8715,0.00,-81.03,0.7752,1.668901
1580,loot,static_B_2020.02.27_18.39.27.csv,5707,198.7020,100.00,56.35,0.7750,1.638126
1581,redandblack,static_B_2019.12.16_13.40.04.csv,1668,181.4646,100.00,50.18,0.7749,1.829703
1582,soldier,static_B_2020.02.13_13.57.29.csv,2719,207.2519,100.00,56.49,0.7747,1.791827
1583,longdress,driving_B_2020.02.14_12.58.17.csv,744,-11.1941,0.00,-213.24,0.7746,1.782657
1584,loot,driving_B_2020.02.13_15.02.01.csv,1219,196.8658,84.50,53.31,0.7745,1.700426
1585,redandblack,driving_B_2020.02.27_17.30.15.csv,720,-15.3170,0.00,-262.69,0.7743,1.728716
1586,soldier,driving_B_2020.02.13_13.03.24.csv,1627,88.5182,0.00,-130.68,0.7742,1.646429
1587,longdress,driving_B_2020.02.14_09.38.22.csv,1002,18.4878,0.00,-96.31,0.7740,1.723519
1588,loot,static_B_2020.02.27_18.39.27.csv,547,148.4517,0.00,-283.87,0.7739,1.664560
1589,redandblack,driving_B_2020.02.14_07.29.00.csv,1153,95.9444,0.00,-31.02,0.7738,1.903837
1590,soldier,driving_B_2019.12.16_12.27.05.csv,64,107.8313,25.53,-5.04,0.7736,1.625983
1591,longdress,driving_B_2020.02.14_07.29.00.csv,733,71.6274,0.00,-47.89,0.7735,1.786091
1592,loot,static_B_2020.02.13_13.57.29.csv,1099,134.1422,36.50,20.87,0.7733,1.578782
1593,redandblack,driving_B_2020.02.13_15.02.01.csv,1699,156.4328,84.00,35.20,0.7732,1.862619
1594,soldier,driving_B_2020.02.13_13.03.24.csv,1567,-10.1291,0.00,-312.57,0.7730,1.621828
1595,longdress,driving_B_2020.02.13_15.02.01.csv,2599,170.4186,100.00,43.39,0.7729,1.724840
1596,loot,static_B_2020.02.27_18.39.27.csv,2947,158.2425,100.00,40.49,0.7728,1.644324
1597,redandblack,driving_B_2020.02.13_15.02.01.csv,679,160.0431,83.18,41.31,0.7726,1.702479
1598,soldier,driving_B_2020.02.14_07.29.00.csv,1693,135.5302,29.05,19.92,0.7725,1.670697
1599,longdress,driving_B_2020.02.13_13.03.24.csv,907,-5.8700,0.00,-163.49,0.7723,1.668213
1600,loot,static_B_2020.02.27_18.39.27.csv,4987,195.8197,74.00,53.30,0.7722,1.754898
1601,redandblack,driving_B_2020.01.16_07.26.43.csv,230,123.6140,22.73,20.26,0.7720,1.805006
1602,soldier,driving_B_2019.12.16_14.23.32.csv,2482,118.0869,2.00,24.73,0.7719,1.809346
1603,longdress,static_B_2020.02.27_18.39.27.csv,907,188.8166,65.94,43.13,0.7718,1.850192
1604,loot,driving_B_2019.12.16_14.23.32.csv,2616,145.8351,42.29,28.01,0.7716,1.624340
1605,redandblack,static_B_2020.02.13_13.57.29.csv,1279,157.5908,60.84,30.85,0.7715,1.679137
1606,soldier,driving_B_2019.12.17_07.32.39.csv,1746,35.9613,0.00,-78.93,0.7713,1.725994
1607,longdress,driving_B_2019.12.16_12.27.05.csv,784,141.0830,50.46,19.31,0.7712,1.735590
1608,loot,driving_B_2019.12.16_12.27.05.csv,304,28.1833,0.00,-81.30,0.7710,1.754342
1609,redandblack,static_B_2020.02.13_13.57.29.csv,2599,208.3475,84.50,58.21,0.7709,1.672522
1610,soldier,static_B_2020.02.13_13.57.29.csv,2539,136.1941,19.60,22.07,0.7708,1.856051
1611,longdress,static_B_2019.12.16_13.40.04.csv,768,152.6243,68.05,36.26,0.7706,1.575212
1612,loot,driving_B_2019.12.16_14.23.32.csv,2616,155.6943,54.87,31.08,0.7705,1.751648
1613,redandblack,static_B_2020.02.27_18.39.27.csv,1927,162.3603,0.00,43.97,0.7703,1.798223
1614,soldier,driving_B_2020.01.16_09.56.56.csv,1386,133.3093,29.70,15.32,0.7702,1.775552
1615,longdress,static_B_2020.02.27_18.39.27.csv,4927,195.0749,60.00,53.42,0.7701,1.738370
1616,loot,driving_B_2020.01.16_09.56.56.csv,1206,189.9663,84.25,51.87,0.7699,1.656041
1617,redandblack,driving_B_2020.02.13_13.03.24.csv,127,76.4103,0.00,-43.91,0.7698,1.869159
1618,soldier,driving_B_2020.02.13_13.03.24.csv,367,54.5480,0.00,-64.76,0.7696,1.784299
1619,longdress,driving_B_2020.02.27_17.30.15.csv,392,-62.7712,0.00,-558.30,0.7695,1.669400
1620,loot,driving_B_2019.12.16_14.23.32.csv,2362,125.3549,0.00,31.04,0.7693,1.592126
1621,redandblack,driving_B_2020.02.13_13.03.24.csv,2188,26.6863,0.00,-256.38,0.7692,1.506377
1622,soldier,driving_B_2020.02.13_13.03.24.csv,2107,-25.5353,0.00,-541.66,0.7691,1.750933
1623,longdress,driving_B_2020.02.14_12.58.17.csv,684,2.8885,0.00,-236.44,0.7689,1.780459
1624,loot,driving_B_2019.12.17_07.32.39.csv,2106,185.7819,96.00,49.98,0.7688,1.692561
1625,redandblack,static_B_2020.02.13_13.57.29.csv,19,198.6798,84.71,54.72,0.7686,1.845722
1626,soldier,driving_B_2020.01.16_09.56.56.csv,1570,132.6167,10.70,11.90,0.7685,1.716193
1627,longdress,static_B_2020.02.27_18.39.27.csv,1807,48.5910,29.24,-56.24,0.7683,1.541821
1628,loot,driving_B_2020.02.14_07.29.00.csv,613,104.8195,0.00,-14.42,0.7682,1.627585
1629,redandblack,static_B_2020.02.27_18.39.27.csv,727,145.4284,60.19,30.55,0.7681,1.532664
1630,soldier,driving_B_2020.02.13_15.02.01.csv,1279,2.7086,0.00,-270.02,0.7679,1.619553
1631,longdress,driving_B_2019.12.16_14.23.32.csv,682,130.6014,44.33,25.27,0.7678,1.870846
1632,loot,static_B_2019.12.16_13.40.04.csv,168,175.8045,74.00,47.43,0.7676,1.697093
1633,redandblack,static_B_2020.02.27_18.39.27.csv,4207,151.3330,75.06,31.33,0.7675,1.672806
1634,soldier,driving_B_2020.02.14_07.29.00.csv,1573,131.2381,0.00,-40.72,0.7673,1.683840
1635,longdress,driving_B_2020.01.16_09.56.56.csv,666,47.9437,0.00,-93.38,0.7672,1.585450
1636,loot,driving_B_2020.02.14_07.29.00.csv,1933,7.9371,0.00,-144.22,0.7671,1.833848
1637,redandblack,driving_B_2020.01.16_07.26.43.csv,1770,39.6534,0.00,-101.81,0.7669,1.767399
1638,soldier,driving_B_2020.02.13_13.03.24.csv,307,90.4994,22.09,3.92,0.7668,1.657216
1639,longdress,driving_B_2020.02.13_15.02.01.csv,259,151.2397,6.00,39.90,0.7666,1.777210
1640,loot,static_B_2020.02.27_18.39.27.csv,2347,71.3708,0.00,-299.99,0.7665,1.849788
1641,redandblack,static_B_2019.12.16_13.40.04.csv,1188,109.8301,54.26,-5.26,0.7663,1.709400
1642,soldier,driving_B_2019.12.17_07.32.39.csv,186,83.8747,0.00,-38.47,0.7662,1.611459
1643,longdress,static_B_2020.02.27_18.39.27.csv,3547,174.0939,61.44,35.11,0.7661,1.702491
1644,loot,driving_B_2019.12.17_07.32.39.csv,666,95.7682,0.00,-20.30,0.7659,1.875427
1645,redandblack,static_B_2020.02.27_18.39.27.csv,5167,131.9229,0.00,31.59,0.7658,1.630768
1646,soldier,driving_B_2019.12.16_14.23.32.csv,1282,190.4222,66.77,46.00,0.7656,1.676581
1647,longdress,static_B_2020.02.27_18.39.27.csv,1567,135.9833,17.63,22.87,0.7655,1.789198
1648,loot,static_B_2020.02.13_13.57.29.csv,1339,205.9837,100.00,55.85,0.7654,1.837323
1649,redandblack,driving_B_2020.01.16_09.56.56.csv,546,146.5240,40.06,25.26,0.7652,1.804943
1650,soldier,driving_B_2019.12.16_12.27.05.csv,544,17.8749,0.00,-179.39,0.7651,1.539339
1651,longdress,static_B_2020.02.13_13.57.29.csv,139,196.2132,100.00,50.37,0.7649,1.636278
1652,loot,driving_B_2020.02.14_07.29.00.csv,1753,219.1396,83.58,63.68,0.7648,1.808989
1653,redandblack,driving_B_2020.02.14_07.29.00.csv,493,104.8700,0.00,-2.98,0.7646,1.724121
1654,soldier,driving_B_2020.02.14_09.38.22.csv,642,210.2127,100.00,59.49,0.7645,1.773682
1655,longdress,static_B_2020.02.27_18.39.27.csv,3187,153.1598,0.00,-159.67,0.7644,1.694395
1656,loot,driving_B_2020.02.13_15.02.01.csv,319,213.1764,100.00,59.87,0.7642,1.708187
1657,redandblack,driving_B_2019.12.16_14.23.32.csv,1522,119.8803,36.72,9.81,0.7641,1.703315
1658,soldier,driving_B_2019.12.16_14.23.32.csv,862,162.2253,15.57,21.86,0.7639,1.731051
1659,longdress,static_B_2020.02.13_13.57.29.csv,2479,135.0447,56.30,8.73,0.7638,1.739369
1660,loot,static_B_2020.02.13_13.57.29.csv,2299,197.9567,100.00,54.58,0.7636,1.841916
1661,redandblack,static_B_2020.02.13_13.57.29.csv,499,119.0856,32.03,17.24,0.7635,1.855289
1662,soldier,driving_B_2020.02.13_13.03.24.csv,187,56.0002,0.00,-87.83,0.7634,1.814272
1663,longdress,static_B_2020.02.27_18.39.27.csv,2767,204.2545,100.00,58.34,0.7632,1.990621
1664,loot,static_B_2020.02.27_18.39.27.csv,5742,164.8364,64.88,38.92,0.7631,1.755904
1665,redandblack,driving_B_2019.12.16_14.23.32.csv,1222,149.7001,16.00,38.43,0.7629,1.788019
1666,soldier,static_B_2020.02.27_18.39.27.csv,1627,155.1075,23.29,23.54,0.7628,1.868938
1667,longdress,static_B_2020.02.27_18.39.27.csv,5407,154.0022,34.00,41.07,0.7626,1.763936
1668,loot,driving_B_2020.02.14_09.38.22.csv,222,36.6026,0.00,-73.72,0.7625,1.761054
1669,soldier,static_B_2020.02.13_13.57.29.csv,953,49.4003,0.00,-72.95,0.7624,1.774671
1670,longdress,driving_B_2020.02.14_09.38.22.csv,434,115.7202,0.00,-5.30,0.7622,1.777780
1671,loot,driving_B_2020.02.14_12.58.17.csv,484,26.6414,0.00,-176.29,0.7621,1.832331
1672,redandblack,driving_B_2020.01.16_09.56.56.csv,1356,133.6662,0.00,34.04,0.7619,1.709084
1673,soldier,static_B_2019.12.16_13.40.04.csv,1871,158.0815,0.00,-227.32,0.7618,1.556016
1674,longdress,static_B_2019.12.16_13.40.04.csv,191,178.0141,68.96,42.18,0.7616,1.662861
1675,loot,static_B_2020.02.27_18.39.27.csv,2261,202.8220,100.00,58.09,0.7615,1.967238
1676,redandblack,static_B_2019.12.16_13.40.04.csv,851,203.7629,81.00,55.72,0.7614,1.757517
1677,soldier,driving_B_2019.12.16_12.27.05.csv,1152,119.8861,1.49,-4.72,0.7612,1.797936
1678,longdress,static_B_2020.02.14_13.21.26.csv,696,189.3035,70.00,54.91,0.7611,1.909738
1679,loot,driving_B_2019.12.16_12.27.05.csv,926,185.3081,66.85,41.51,0.7609,1.690037
1680,redandblack,driving_B_2020.02.14_12.58.17.csv,124,110.8341,3.35,3.24,0.7608,1.739287
1681,soldier,driving_B_2020.01.16_09.56.56.csv,996,176.2028,70.14,43.31,0.7607,1.932881
1682,longdress,driving_B_2020.02.13_15.02.01.csv,1285,28.1464,0.00,-379.42,0.7605,1.948986
1683,loot,static_B_2020.02.14_13.21.26.csv,156,143.7090,26.00,34.83,0.7604,1.737291
1684,redandblack,driving_B_2020.02.14_07.29.00.csv,1270,220.9450,75.46,61.89,0.7602,1.836617
1685,soldier,driving_B_2020.02.14_07.29.00.csv,1030,55.2013,0.00,-93.30,0.7601,1.764512
1686,longdress,driving_B_2019.12.17_07.32.39.csv,708,57.9727,0.00,-47.89,0.7599,1.992031
1687,loot,driving_B_2019.12.16_12.27.05.csv,26,139.6059,75.19,25.73,0.7598,1.730866
1688,redandblack,driving_B_2020.01.16_07.26.43.csv,370,29.0978,0.00,-61.92,0.7597,1.759355
1689,soldier,driving_B_2020.02.13_13.03.24.csv,1318,-6.4631,0.00,-99.04,0.7595,1.709022
1690,longdress,driving_B_2020.02.13_15.02.01.csv,1885,119.9749,30.82,1.10,0.7594,1.945583
1691,loot,driving_B_2019.12.16_12.27.05.csv,746,185.0738,87.11,50.81,0.7592,1.793799
1692,redandblack,driving_B_2019.12.16_14.23.32.csv,2616,117.3264,5.11,9.51,0.7591,1.764663
1693,soldier,driving_B_2019.12.16_14.23.32.csv,2072,114.1173,0.00,-96.79,0.7589,1.881190
1694,longdress,driving_B_2019.12.16_14.23.32.csv,1232,144.9841,29.69,28.39,0.7588,1.906054
1695,loot,driving_B_2020.02.13_15.02.01.csv,1165,160.0777,83.31,37.81,0.7587,1.918638
1696,redandblack,driving_B_2020.02.13_15.02.01.csv,1945,145.7947,60.44,29.11,0.7585,1.777100
1697,soldier,driving_B_2019.12.16_12.27.05.csv,866,170.3333,54.00,44.07,0.7584,1.799067
1698,longdress,static_B_2020.02.27_18.39.27.csv,2981,185.6027,81.03,48.76,0.7582,1.906984
1699,loot,driving_B_2019.12.17_07.32.39.csv,2288,178.6051,52.24,38.84,0.7581,1.876335
1700,redandblack,driving_B_2019.12.16_14.23.32.csv,1112,183.5026,69.25,43.59,0.7579,1.923363
1701,soldier,static_B_2020.02.27_18.39.27.csv,2861,166.4380,81.31,39.96,0.7578,1.827738
1702,longdress,driving_B_2019.12.17_07.32.39.csv,1848,57.3397,0.00,-67.50,0.7577,1.680039
1703,loot,driving_B_2019.12.16_12.27.05.csv,446,31.5814,0.00,-67.54,0.7575,1.883759
1704,redandblack,driving_B_2020.02.14_09.38.22.csv,734,146.6183,28.08,12.48,0.7574,1.730904
1705,soldier,driving_B_2020.02.14_07.29.00.csv,790,107.9434,0.00,-20.44,0.7572,1.644591
1706,longdress,static_B_2020.02.27_18.39.27.csv,1421,217.0474,100.00,61.31,0.7571,1.658575
1707,loot,static_B_2020.02.27_18.39.27.csv,3761,200.8988,100.00,59.38,0.7570,1.834160
1708,redandblack,static_B_2020.02.27_18.39.27.csv,941,158.1200,100.00,38.77,0.7568,1.938588
1709,soldier,driving_B_2020.02.13_15.02.01.csv,205,162.3528,50.70,29.87,0.7567,1.653974
1710,longdress,driving_B_2019.12.16_11.49.59.csv,221,63.3483,0.00,-106.57,0.7565,1.956703
1711,loot,static_B_2020.02.13_13.57.29.csv,1913,193.2494,87.75,54.23,0.7564,1.888798
1712,redandblack,driving_B_2019.12.16_14.23.32.csv,392,165.7197,8.00,46.36,0.7562,1.957835
1713,soldier,driving_B_2020.02.14_09.38.22.csv,134,8.9079,0.00,-181.07,0.7561,1.728334
1714,longdress,driving_B_2020.02.13_15.02.01.csv,85,153.8130,16.00,39.96,0.7560,1.749561
1715,loot,driving_B_2020.02.13_13.03.24.csv,1078,53.6437,0.00,-73.46,0.7558,1.854963
1716,redandblack,static_B_2020.02.13_13.57.29.csv,2153,121.4958,55.40,19.86,0.7557,1.789061
1717,soldier,static_B_2020.02.27_18.39.27.csv,4301,182.0081,56.02,43.52,0.7555,1.636154
1718,longdress,static_B_2020.02.27_18.39.27.csv,4841,156.3927,14.00,40.76,0.7554,1.825729
1719,loot,driving_B_2020.02.13_13.03.24.csv,1498,106.0049,15.72,2.70,0.7552,2.051048
1720,redandblack,static_B_2020.02.27_18.39.27.csv,5201,168.2414,42.07,27.45,0.7551,1.923631
1721,soldier,driving_B_2020.01.16_07.26.43.csv,430,-6.4231,0.00,-169.97,0.7550,1.767907
1722,longdress,static_B_2020.02.27_18.39.27.csv,3701,221.4516,100.00,64.47,0.7548,1.959723
1723,loot,driving_B_2020.02.14_07.29.00.csv,70,153.8103,41.94,29.45,0.7547,1.548054
1724,redandblack,driving_B_2020.02.14_09.38.22.csv,14,81.3600,0.00,-77.50,0.7545,1.867778
1725,soldier,static_B_2020.02.13_13.57.29.csv,2813,137.9356,26.89,9.06,0.7544,1.676540
1726,longdress,driving_B_2019.12.16_12.27.05.csv,506,0.7119,0.00,-206.02,0.7542,1.701054
1727,loot,static_B_2020.02.27_18.39.27.csv,1901,171.1706,68.00,45.71,0.7541,1.732112
1728,redandblack,static_B_2020.02.14_13.21.26.csv,850,169.9564,56.18,37.38,0.7540,1.671244
1729,soldier,driving_B_2019.12.16_12.27.05.csv,266,85.8409,0.00,-82.39,0.7538,1.770436
1730,longdress,static_B_2020.02.27_18.39.27.csv,1301,214.9178,100.00,61.26,0.7537,1.697633
1731,loot,static_B_2020.02.27_18.39.27.csv,1181,110.9822,0.00,-185.39,0.7535,1.862285
1732,redandblack,driving_B_2020.02.13_13.03.24.csv,958,47.7421,0.00,-65.01,0.7534,1.651549
1733,soldier,static_B_2020.02.27_18.39.27.csv,1241,167.0387,42.00,43.83,0.7532,1.869068
1734,longdress,driving_B_2020.02.14_07.29.00.csv,1630,226.2462,100.00,63.83,0.7531,1.890554
1735,loot,static_B_2020.02.27_18.39.27.csv,1961,150.3981,54.71,35.32,0.7530,1.758125
1736,redandblack,driving_B_2019.12.16_14.23.32.csv,932,36.1436,0.00,-65.64,0.7528,1.762449
1737,soldier,driving_B_2020.02.13_13.03.24.csv,1858,-174.0979,0.00,-333.58,0.7527,1.762379
1738,longdress,driving_B_2020.02.13_13.03.24.csv,778,61.5112,0.00,-94.80,0.7525,1.742117
1739,loot,static_B_2020.02.14_13.21.26.csv,816,118.8320,0.00,26.63,0.7524,1.696569
1740,redandblack,driving_B_2020.02.14_12.58.17.csv,64,11.4189,0.00,-148.94,0.7523,1.771695
1741,soldier,driving_B_2019.12.16_12.27.05.csv,566,41.3778,0.00,-108.57,0.7521,1.972057
1742,longdress,driving_B_2020.02.14_07.29.00.csv,610,82.5080,0.00,-43.96,0.7520,1.699558
1743,loot,driving_B_2020.02.13_13.03.24.csv,2188,-21.8841,0.00,-172.94,0.7518,1.910202
1744,redandblack,static_B_2020.02.27_18.39.27.csv,2621,196.4808,100.00,57.98,0.7517,1.889176
1745,soldier,driving_B_2020.02.13_15.02.01.csv,325,170.8319,62.00,45.01,0.7515,1.933493
1746,longdress,static_B_2020.02.27_18.39.27.csv,2921,157.4558,30.91,32.47,0.7514,1.838535
1747,loot,static_B_2020.02.13_13.57.29.csv,173,116.5214,0.00,29.54,0.7513,1.796980
1748,redandblack,static_B_2020.02.27_18.39.27.csv,2081,200.4118,100.00,58.28,0.7511,1.939727
1749,soldier,static_B_2020.02.27_18.39.27.csv,1781,49.8634,0.00,-391.05,0.7510,1.931892
1750,longdress,static_B_2019.12.16_13.40.04.csv,1751,156.8518,100.00,40.80,0.7508,1.904677
1751,loot,static_B_2020.02.13_13.57.29.csv,833,181.3094,86.87,49.80,0.7507,1.870879
1752,redandblack,driving_B_2019.12.17_07.32.39.csv,228,96.7414,0.00,-15.43,0.7505,1.808605
1753,soldier,driving_B_2019.12.16_14.23.32.csv,332,160.1519,26.00,39.88,0.7504,1.804533
1754,longdress,driving_B_2019.12.16_12.27.05.csv,146,97.5986,0.00,-19.75,0.7503,2.020169
1755,loot,driving_B_2020.02.13_13.03.24.csv,1978,11.6930,0.00,-147.25,0.7501,1.928824
1756,redandblack,driving_B_2020.01.16_07.26.43.csv,490,90.9263,0.00,-14.17,0.7500,1.859382
1757,soldier,driving_B_2020.02.27_17.30.15.csv,386,-50.3457,0.00,-426.78,0.7498,1.805275
1758,longdress,driving_B_2020.01.16_09.56.56.csv,696,145.9761,50.89,21.09,0.7497,1.847943
1759,loot,static_B_2020.02.27_18.39.27.csv,3101,115.5575,26.58,8.18,0.7495,1.764735
1760,redandblack,static_B_2020.02.13_13.57.29.csv,353,193.5605,81.38,50.87,0.7494,1.849758
1761,soldier,static_B_2020.02.13_13.57.29.csv,2633,191.9207,58.00,54.69,0.7493,1.896826
1762,longdress,static_B_2020.02.14_13.21.26.csv,96,224.6581,100.00,65.70,0.7491,1.807777
1763,loot,static_B_2020.02.27_18.39.27.csv,3821,188.1564,100.00,53.00,0.7490,1.868397
1764,redandblack,static_B_2020.02.27_18.39.27.csv,2501,167.6969,14.00,46.17,0.7488,2.020543
1765,soldier,static_B_2019.12.16_13.40.04.csv,1511,219.1846,100.00,56.43,0.7487,2.007603
1766,longdress,static_B_2020.02.27_18.39.27.csv,1361,171.4017,84.00,44.05,0.7485,1.830939
1767,loot,driving_B_2020.02.14_07.29.00.csv,910,170.5549,100.00,45.81,0.7484,1.802922
1768,redandblack,driving_B_2019.12.17_07.32.39.csv,2288,158.4779,50.88,35.28,0.7483,1.889292
1769,soldier,driving_B_2020.02.13_13.03.24.csv,838,25.5236,0.00,-130.20,0.7481,1.772581
1770,longdress,driving_B_2020.02.13_13.03.24.csv,658,59.8989,0.00,-62.92,0.7480,1.875151
1771,loot,driving_B_2020.01.16_09.56.56.csv,936,87.6455,15.81,-1.84,0.7478,2.027052
1772,redandblack,static_B_2020.02.13_13.57.29.csv,2273,198.2261,100.00,56.72,0.7477,1.919430
1773,soldier,static_B_2020.02.13_13.57.29.csv,593,159.9082,64.22,34.74,0.7476,1.979496
1774,longdress,static_B_2020.02.27_18.39.27.csv,401,199.0823,100.00,54.93,0.7474,1.880207
1775,loot,driving_B_2020.02.14_12.58.17.csv,724,31.1967,0.00,-186.03,0.7473,1.905174
1776,redandblack,driving_B_2019.12.16_14.23.32.csv,1892,30.5752,0.00,-66.10,0.7471,1.716204
1777,soldier,static_B_2020.02.27_18.39.27.csv,4661,83.2603,0.00,-259.82,0.7470,1.768041
1778,longdress,driving_B_2020.02.13_15.02.01.csv,805,139.7087,12.00,34.18,0.7468,1.929020
1779,loot,driving_B_2020.02.14_07.29.00.csv,1570,122.3456,0.00,-54.07,0.7467,1.829492
1780,redandblack,driving_B_2020.02.27_17.30.15.csv,326,29.0489,0.00,-133.74,0.7466,1.965990
1781,soldier,driving_B_2020.01.16_09.56.56.csv,1296,200.7853,75.84,53.71,0.7464,1.816737
1782,longdress,driving_B_2019.12.16_14.23.32.csv,1412,197.8337,100.00,55.63,0.7463,1.797784
1783,loot,driving_B_2020.02.13_13.03.24.csv,1918,-12.8259,0.00,-287.49,0.7461,1.814625
1784,redandblack,driving_B_2019.12.16_14.23.32.csv,2252,100.5533,0.00,-94.25,0.7460,1.902798
1785,soldier,driving_B_2019.12.17_07.32.39.csv,888,60.2787,0.00,-43.51,0.7458,2.054054
1786,longdress,static_B_2020.02.14_13.21.26.csv,36,126.9530,26.00,28.22,0.7457,1.884430
1787,loot,static_B_2020.02.27_18.39.27.csv,2021,175.1130,83.87,43.29,0.7456,1.860748
1788,redandblack,static_B_2020.02.27_18.39.27.csv,3341,178.7595,100.00,48.28,0.7454,1.729622
1789,soldier,driving_B_2019.12.17_07.32.39.csv,2208,109.3961,0.00,-33.60,0.7453,1.927378
1790,longdress,driving_B_2020.02.13_13.03.24.csv,478,49.8991,0.00,-39.21,0.7451,1.844255
1791,loot,driving_B_2020.01.16_12.10.03.csv,128,172.1220,30.00,48.11,0.7450,1.931868
1792,redandblack,driving_B_2020.02.13_13.03.24.csv,538,69.1499,0.00,-23.51,0.7448,1.898035
1793,soldier,driving_B_2020.02.13_15.02.01.csv,2125,188.6122,83.61,49.55,0.7447,1.886894
1794,longdress,static_B_2020.02.27_18.39.27.csv,4121,188.4089,100.00,49.37,0.7446,1.972078
1795,loot,driving_B_2019.12.17_07.32.39.csv,1608,182.5860,100.00,47.62,0.7444,1.894259
1796,redandblack,driving_B_2019.12.16_14.23.32.csv,2492,195.5991,84.70,54.33,0.7443,1.860582
1797,soldier,static_B_2020.02.27_18.39.27.csv,521,134.2744,0.00,13.10,0.7441,2.079368
1798,longdress,driving_B_2020.02.13_13.03.24.csv,898,4.6253,0.00,-165.69,0.7440,1.797953
1799,loot,driving_B_2020.01.16_09.56.56.csv,336,157.6397,61.94,31.87,0.7439,1.846895
1800,redandblack,driving_B_2020.02.13_15.02.01.csv,2665,76.9560,0.00,-37.04,0.7437,1.890399
1801,soldier,driving_B_2019.12.16_12.27.05.csv,626,-30.8393,0.00,-255.77,0.7436,1.844623
1802,longdress,static_B_2020.02.13_13.57.29.csv,1733,168.6033,85.33,42.46,0.7434,1.901672
1803,loot,static_B_2020.02.27_18.39.27.csv,761,165.0685,16.00,44.31,0.7433,1.807123
1804,redandblack,static_B_2020.02.13_13.57.29.csv,773,162.0935,50.77,27.76,0.7431,1.900260
1805,soldier,driving_B_2019.12.16_14.23.32.csv,2192,181.0312,100.00,47.35,0.7430,1.935335
1806,longdress,static_B_2020.02.27_18.39.27.csv,5561,191.0732,46.00,54.79,0.7429,1.788370
1807,loot,driving_B_2020.02.13_15.02.01.csv,745,144.2904,58.47,30.28,0.7427,1.828878
1808,redandblack,driving_B_2020.02.14_07.29.00.csv,970,79.4504,0.00,-27.40,0.7426,1.767236
1809,soldier,static_B_2020.02.13_13.57.29.csv,1433,152.6620,60.29,31.39,0.7424,1.787544
1810,longdress,driving_B_2020.02.13_13.03.24.csv,1798,-131.9087,0.00,-871.14,0.7423,1.692671
1811,loot,static_B_2020.02.27_18.39.27.csv,341,157.1311,94.00,40.75,0.7421,1.914518
1812,redandblack,driving_B_2020.01.16_09.56.56.csv,156,163.7046,58.54,29.94,0.7420,1.802467
1813,soldier,static_B_2020.02.13_13.57.29.csv,1493,144.8348,57.68,25.65,0.7419,1.812721
1814,longdress,driving_B_2019.12.17_07.32.39.csv,1368,191.0441,70.00,51.10,0.7417,1.979009
1815,loot,static_B_2020.02.27_18.39.27.csv,2441,182.4860,20.00,53.54,0.7416,2.147608
1816,redandblack,static_B_2020.02.13_13.57.29.csv,533,163.5907,52.25,29.95,0.7414,1.825000
1817,soldier,driving_B_2020.02.14_07.29.00.csv,490,78.9210,0.00,-34.01,0.7413,1.861049
1818,longdress,static_B_2020.02.27_18.39.27.csv,3581,135.1836,43.63,24.44,0.7411,2.091628
1819,loot,static_B_2019.12.16_13.40.04.csv,1271,124.6308,63.62,22.22,0.7410,1.862291
1820,redandblack,static_B_2020.02.27_18.39.27.csv,1001,208.3625,100.00,57.57,0.7409,2.052610
1821,soldier,driving_B_2019.12.16_14.23.32.csv,2432,116.1402,39.84,14.15,0.7407,1.807300
1822,longdress,static_B_2020.02.27_18.39.27.csv,3041,179.1095,82.87,45.84,0.7406,2.166691
1823,loot,static_B_2020.02.13_13.57.29.csv,1673,195.7426,53.38,51.61,0.7404,1.869668
1824,redandblack,driving_B_2019.12.16_11.49.59.csv,101,125.1014,0.85,10.04,0.7403,2.147698
1825,soldier,driving_B_2020.02.13_15.02.01.csv,1105,190.6897,100.00,46.54,0.7401,1.895367
1826,longdress,driving_B_2019.12.16_14.23.32.csv,2312,97.7709,0.00,-29.70,0.7400,2.143590
1827,loot,static_B_2020.02.13_13.57.29.csv,2945,199.3016,100.00,55.83,0.7399,1.973652
1828,redandblack,driving_B_2019.12.16_12.27.05.csv,1152,119.3248,17.92,-3.91,0.7397,1.904452
1829,soldier,driving_B_2020.02.14_09.38.22.csv,1094,15.8826,0.00,-124.98,0.7396,1.868473
1830,longdress,static_B_2020.02.27_18.39.27.csv,3881,103.7936,10.72,11.18,0.7394,1.975510
1831,loot,static_B_2020.02.27_18.39.27.csv,3521,189.0280,81.77,49.80,0.7393,1.852119
1832,redandblack,static_B_2020.02.27_18.39.27.csv,2321,210.5403,100.00,59.62,0.7392,2.053220
1833,soldier,driving_B_2020.01.16_12.10.03.csv,68,218.7080,100.00,62.75,0.7390,1.934762
1834,longdress,driving_B_2020.02.14_07.29.00.csv,1690,176.9045,22.37,23.29,0.7389,1.989340
1835,loot,driving_B_2020.01.16_07.26.43.csv,790,135.4652,21.53,15.93,0.7387,1.934573
1836,redandblack,driving_B_2020.01.16_07.26.43.csv,190,82.6958,0.00,-34.69,0.7386,1.835257
1837,soldier,driving_B_2019.12.16_14.23.32.csv,1172,134.4847,26.50,18.12,0.7384,2.034291
1838,longdress,driving_B_2019.12.16_12.27.05.csv,1046,124.1622,35.06,18.15,0.7383,2.054750
1839,loot,driving_B_2020.02.27_17.30.15.csv,626,6.9731,0.00,-176.43,0.7382,2.079165
1840,redandblack,driving_B_2020.02.27_17.30.15.csv,720,-2.1656,0.00,-234.96,0.7380,1.856746
1841,soldier,static_B_2020.02.13_13.57.29.csv,1973,181.6555,78.25,46.69,0.7379,1.876221
1842,longdress,static_B_2020.02.13_13.57.29.csv,2933,169.4596,80.68,38.26,0.7377,1.975429
1843,loot,driving_B_2019.12.16_14.23.32.csv,1292,198.4254,81.96,52.67,0.7376,2.043849
1844,redandblack,static_B_2020.02.14_13.21.26.csv,216,167.4170,24.00,46.04,0.7374,1.951651
1845,soldier,static_B_2020.02.27_18.39.27.csv,4241,147.2052,59.19,26.18,0.7373,1.922014
1846,longdress,static_B_2020.02.14_13.21.26.csv,636,161.6864,49.58,44.57,0.7372,1.968061
1847,loot,static_B_2020.02.13_13.57.29.csv,713,109.5821,0.00,-22.40,0.7370,2.103785
1848,redandblack,driving_B_2020.02.13_13.03.24.csv,1018,22.6676,0.00,-123.07,0.7369,1.789561
1849,soldier,static_B_2019.12.16_13.40.04.csv,131,184.1269,58.00,49.14,0.7367,2.097390
1850,longdress,static_B_2020.02.27_18.39.27.csv,2561,233.0676,100.00,67.62,0.7366,2.018749
1851,loot,driving_B_2020.02.27_17.30.15.csv,266,-16.4233,0.00,-278.33,0.7364,1.983442
1852,redandblack,driving_B_2020.02.13_15.02.01.csv,505,90.4123,0.00,-7.53,0.7363,2.003582
1853,soldier,static_B_2020.02.14_13.21.26.csv,756,129.6697,10.00,31.96,0.7362,1.964740
1854,longdress,driving_B_2020.02.13_13.03.24.csv,2188,-48.6810,0.00,-218.38,0.7360,2.067568
1855,loot,static_B_2020.02.27_18.39.27.csv,821,176.7074,100.00,46.82,0.7359,1.888655
1856,redandblack,driving_B_2019.12.17_07.32.39.csv,48,126.7122,29.70,16.44,0.7357,1.929262
1857,soldier,driving_B_2019.12.16_14.23.32.csv,1472,144.2286,62.97,30.28,0.7356,1.892206
1858,longdress,driving_B_2019.12.17_07.32.39.csv,408,182.8120,87.07,46.68,0.7355,2.146095
1859,loot,driving_B_2020.02.27_17.30.15.csv,146,-5.2548,0.00,-154.91,0.7353,1.976288
1860,redandblack,static_B_2020.02.13_13.57.29.csv,2945,176.6614,100.00,45.85,0.7352,1.858772
1861,soldier,static_B_2020.02.27_18.39.27.csv,5681,204.0314,100.00,56.33,0.7350,1.949908
1862,longdress,driving_B_2020.02.14_07.29.00.csv,1930,4.7630,0.00,-206.36,0.7349,1.851918
1863,loot,static_B_2020.02.13_13.57.29.csv,653,173.7910,39.12,35.03,0.7347,1.833286
1864,redandblack,driving_B_2020.02.14_07.29.00.csv,670,135.5777,52.42,23.30,0.7346,1.881488
1865,soldier,static_B_2020.02.27_18.39.27.csv,1601,95.8529,0.00,-18.39,0.7345,1.948916
1866,longdress,driving_B_2019.12.17_07.32.39.csv,2148,51.3355,0.00,-75.16,0.7343,1.954000
1867,loot,driving_B_2019.12.16_14.23.32.csv,2612,124.9570,45.27,18.27,0.7342,2.009065
1868,redandblack,driving_B_2020.02.13_15.02.01.csv,2065,67.3891,0.00,-71.07,0.7340,1.876885
1869,soldier,driving_B_2020.02.13_15.02.01.csv,925,237.3752,100.00,72.67,0.7339,2.078487
1870,longdress,static_B_2020.02.27_18.39.27.csv,4781,178.5436,50.00,48.64,0.7337,1.902727
1871,loot,static_B_2020.02.27_18.39.27.csv,641,194.6330,38.00,55.69,0.7336,1.911506
1872,redandblack,driving_B_2020.02.13_13.03.24.csv,1378,58.6460,0.00,-45.15,0.7335,2.026740
1873,soldier,driving_B_2020.02.14_12.58.17.csv,424,-14.5082,0.00,-503.53,0.7333,1.790959
1874,longdress,static_B_2020.02.27_18.39.27.csv,5741,202.5278,78.87,55.99,0.7332,1.720036
1875,loot,driving_B_2020.01.16_07.26.43.csv,1150,132.0310,11.06,9.11,0.7330,1.774854
1876,redandblack,driving_B_2020.02.14_07.29.00.csv,1970,-2.1797,0.00,-146.52,0.7329,1.984807
1877,soldier,static_B_2020.02.27_18.39.27.csv,2681,112.5445,11.84,-0.35,0.7327,1.957431
1878,longdress,driving_B_2020.02.13_13.03.24.csv,598,40.2927,0.00,-69.34,0.7326,2.214901
1879,loot,driving_B_2019.12.16_14.23.32.csv,752,172.8440,84.70,45.18,0.7325,1.750940
1880,redandblack,driving_B_2020.02.14_07.29.00.csv,1510,174.4238,45.75,36.26,0.7323,2.030336
1881,soldier,driving_B_2020.02.13_15.02.01.csv,1645,47.4141,0.00,-170.79,0.7322,2.129780
1882,longdress,static_B_2020.02.13_13.57.29.csv,473,106.6352,9.20,4.99,0.7320,1.994935
1883,loot,driving_B_2020.02.13_15.02.01.csv,865,150.3979,55.96,27.27,0.7319,1.975674
1884,redandblack,driving_B_2020.02.13_13.03.24.csv,1138,35.0381,0.00,-77.06,0.7317,1.908299
1885,soldier,static_B_2019.12.16_13.40.04.csv,1151,42.3627,7.10,-79.00,0.7316,2.073501
1886,longdress,driving_B_2020.02.14_12.58.17.csv,664,53.1333,0.00,-118.40,0.7315,1.861293
1887,loot,static_B_2019.12.16_13.40.04.csv,1031,175.5108,66.84,41.96,0.7313,2.170237
1888,redandblack,static_B_2020.02.27_18.39.27.csv,5441,154.5558,59.51,30.67,0.7312,2.003545
1889,soldier,driving_B_2020.02.13_15.02.01.csv,2005,202.3841,68.27,48.43,0.7310,2.069146
1890,longdress,driving_B_2020.01.16_09.56.56.csv,636,145.8037,10.00,36.07,0.7309,1.997640
1891,loot,driving_B_2019.12.17_07.32.39.csv,1008,129.5259,26.14,4.65,0.7308,1.677014
1892,redandblack,driving_B_2020.02.13_13.03.24.csv,1558,55.2750,0.00,-72.58,0.7306,2.122918
1893,soldier,driving_B_2020.02.13_15.02.01.csv,985,88.7992,0.00,-80.55,0.7305,1.907576
1894,longdress,driving_B_2019.12.17_07.32.39.csv,1728,45.7935,0.00,-118.36,0.7303,2.013268
1895,loot,driving_B_2019.12.16_14.23.32.csv,1052,45.6861,0.00,-183.23,0.7302,1.989027
1896,redandblack,static_B_2019.12.16_13.40.04.csv,1331,202.2811,82.01,54.43,0.7300,1.884992
1897,soldier,driving_B_2020.01.16_07.26.43.csv,910,59.5599,0.00,-79.49,0.7299,2.114639
1898,longdress,driving_B_2019.12.16_14.23.32.csv,1772,-20.6201,0.00,-278.43,0.7298,1.986426
1899,loot,static_B_2020.02.27_18.39.27.csv,701,184.7447,78.00,49.61,0.7296,1.998469
1900,redandblack,driving_B_2020.02.13_15.02.01.csv,685,154.6402,68.72,37.84,0.7295,2.173597
1901,soldier,driving_B_2020.01.16_09.56.56.csv,1536,231.6994,100.00,69.99,0.7293,2.099176
1902,longdress,driving_B_2020.01.16_09.56.56.csv,456,147.6584,0.00,-59.77,0.7292,1.914682
1903,loot,driving_B_2020.01.16_07.26.43.csv,1770,52.5827,0.00,-32.38,0.7290,2.121801
1904,redandblack,static_B_2019.12.16_13.40.04.csv,1091,176.2198,65.02,40.71,0.7289,2.100466
1905,soldier,driving_B_2020.02.13_15.02.01.csv,2605,217.1949,100.00,61.63,0.7288,2.042724
1906,longdress,static_B_2020.02.13_13.57.29.csv,293,179.4732,70.99,41.74,0.7286,2.025074
1907,loot,driving_B_2020.01.16_07.26.43.csv,1090,167.3277,82.41,41.69,0.7285,1.987080
1908,redandblack,static_B_2019.12.16_13.40.04.csv,1904,103.2627,0.00,3.13,0.7283,1.995504
1909,soldier,static_B_2020.02.13_13.57.29.csv,1073,155.8581,63.88,38.08,0.7282,1.992221
1910,longdress,driving_B_2020.02.13_15.02.01.csv,565,97.6587,0.00,-22.18,0.7280,2.177231
1911,loot,driving_B_2019.12.17_07.32.39.csv,468,139.2391,47.50,25.88,0.7279,1.945771
1912,redandblack,driving_B_2020.02.13_15.02.01.csv,1825,196.2703,100.00,54.49,0.7278,2.096649
1913,soldier,driving_B_2019.12.17_07.32.39.csv,1908,89.8916,0.00,-13.43,0.7276,1.860256
1914,longdress,driving_B_2020.02.27_17.30.15.csv,26,29.8284,0.00,-122.21,0.7275,1.963068
1915,loot,static_B_2019.12.16_13.40.04.csv,71,158.0130,2.00,40.97,0.7273,2.012282
1916,redandblack,driving_B_2020.02.13_15.02.01.csv,1705,150.0635,100.00,35.46,0.7272,2.001794
1917,soldier,driving_B_2019.12.17_07.32.39.csv,528,13.5859,0.00,-115.09,0.7270,1.998015
1918,longdress,driving_B_2020.02.14_12.58.17.csv,184,-29.7167,0.00,-910.90,0.7269,1.935713
1919,loot,driving_B_2020.02.14_09.38.22.csv,194,18.0691,0.00,-116.56,0.7268,2.160624
1920,redandblack,static_B_2020.02.27_18.39.27.csv,281,195.8512,100.00,55.73,0.7266,2.132369
1921,soldier,driving_B_2020.02.13_13.03.24.csv,1258,-16.9057,0.00,-224.92,0.7265,1.861625
1922,longdress,static_B_2020.02.27_18.39.27.csv,5141,219.2018,100.00,65.42,0.7263,1.894604
1923,loot,driving_B_2019.12.17_07.32.39.csv,588,143.0400,37.83,17.12,0.7262,1.937274
1924,redandblack,driving_B_2020.02.14_09.38.22.csv,1034,101.3921,0.00,-22.97,0.7261,2.011784
1925,soldier,driving_B_2020.02.13_13.03.24.csv,1678,184.5154,100.00,42.31,0.7259,2.117750
1926,longdress,driving_B_2020.02.14_09.38.22.csv,1478,54.2920,0.00,-38.71,0.7258,1.965862
1927,loot,driving_B_2020.02.14_09.38.22.csv,914,146.3438,38.00,39.98,0.7256,2.234594
1928,redandblack,driving_B_2019.12.16_12.27.05.csv,1106,101.8688,5.35,6.18,0.7255,2.104485
1929,soldier,driving_B_2020.02.14_09.38.22.csv,74,10.5197,0.00,-102.37,0.7253,1.881659
1930,longdress,driving_B_2020.01.16_07.26.43.csv,1750,60.8926,0.00,-47.43,0.7252,2.215690
1931,loot,driving_B_2019.12.17_07.32.39.csv,1968,157.6096,86.65,38.77,0.7251,2.255829
1932,redandblack,driving_B_2019.12.17_07.32.39.csv,1548,116.7620,36.18,10.74,0.7249,2.013538
1933,soldier,driving_B_2020.02.14_12.58.17.csv,604,70.0104,0.00,-43.02,0.7248,2.041154
1934,longdress,driving_B_2020.01.16_09.56.56.csv,1236,108.8892,25.80,6.95,0.7246,2.009340
1935,loot,driving_B_2020.02.13_15.02.01.csv,625,67.9452,0.00,-36.02,0.7245,2.228674
1936,redandblack,driving_B_2019.12.17_07.32.39.csv,828,73.4910,0.00,-11.89,0.7243,1.939139
1937,soldier,driving_B_2019.12.16_14.23.32.csv,2372,125.6178,0.96,10.13,0.7242,2.097605
1938,longdress,driving_B_2020.02.14_12.58.17.csv,784,-42.0772,0.00,-314.85,0.7241,1.888272
1939,loot,driving_B_2020.02.14_07.29.00.csv,1970,13.6820,0.00,-123.22,0.7239,2.028085
1940,redandblack,driving_B_2019.12.16_14.23.32.csv,572,173.6213,72.47,39.90,0.7238,1.941279
1941,soldier,driving_B_2019.12.17_07.32.39.csv,1188,89.0932,0.00,-32.61,0.7236,1.931415
1942,longdress,static_B_2020.02.14_13.21.26.csv,396,141.4107,52.00,32.36,0.7235,1.913929
1943,loot,driving_B_2020.02.13_15.02.01.csv,2185,163.9035,76.91,36.88,0.7233,2.231133
1944,redandblack,static_B_2020.02.27_18.39.27.csv,5081,169.2345,24.00,46.19,0.7232,2.070663
1945,soldier,driving_B_2020.01.16_09.56.56.csv,1570,136.4405,14.52,13.57,0.7231,2.045394
1946,longdress,driving_B_2020.02.13_13.03.24.csv,238,46.2866,0.00,-31.56,0.7229,2.101523
1947,loot,driving_B_2019.12.16_14.23.32.csv,992,149.9820,42.30,27.73,0.7228,2.093682
1948,redandblack,driving_B_2019.12.17_07.32.39.csv,948,50.6787,0.00,-40.76,0.7226,2.098992
1949,soldier,static_B_2020.02.27_18.39.27.csv,1481,151.8864,52.03,23.04,0.7225,2.126765
1950,longdress,driving_B_2019.12.16_14.23.32.csv,2552,83.7357,0.00,-31.39,0.7224,2.073240
1951,loot,driving_B_2020.02.14_09.38.22.csv,794,51.4047,0.00,-143.58,0.7222,2.068034
1952,redandblack,driving_B_2019.12.17_07.32.39.csv,288,134.1721,9.72,15.17,0.7221,1.973067
1953,soldier,driving_B_2020.02.13_13.03.24.csv,298,85.4733,0.00,-15.98,0.7219,1.888295
1954,longdress,static_B_2019.12.16_13.40.04.csv,1451,205.8352,92.00,60.89,0.7218,1.980650
1955,loot,driving_B_2020.02.14_12.58.17.csv,544,84.6170,0.00,-38.37,0.7216,1.966273
1956,redandblack,driving_B_2020.02.13_15.02.01.csv,1405,86.8642,0.00,-12.80,0.7215,1.965266
1957,soldier,static_B_2020.02.13_13.57.29.csv,53,102.4312,5.83,6.09,0.7214,1.984966
1958,longdress,driving_B_2020.01.16_09.56.56.csv,876,60.4859,0.00,-58.32,0.7212,2.076211
1959,loot,static_B_2020.02.14_13.21.26.csv,456,123.0356,12.00,28.69,0.7211,1.744458
1960,redandblack,driving_B_2019.12.17_07.32.39.csv,648,97.9388,0.00,-31.35,0.7209,2.219052
1961,soldier,static_B_2019.12.16_13.40.04.csv,611,111.7974,20.83,7.87,0.7208,1.764318
1962,longdress,static_B_2020.02.14_13.21.26.csv,850,142.5239,58.27,26.69,0.7206,1.903577
1963,loot,static_B_2020.02.13_13.57.29.csv,2873,198.2366,85.79,54.22,0.7205,2.193259
1964,redandblack,driving_B_2019.12.17_07.32.39.csv,168,132.6108,0.00,-2.26,0.7204,2.176984
1965,soldier,driving_B_2020.02.14_09.38.22.csv,1274,173.0930,47.42,22.04,0.7202,2.115944
1966,longdress,static_B_2020.02.13_13.57.29.csv,2333,156.0849,14.51,16.88,0.7201,1.854906
1967,loot,driving_B_2019.12.17_07.32.39.csv,1428,212.4464,65.29,42.58,0.7199,1.871386
1968,redandblack,static_B_2020.02.27_18.39.27.csv,2201,187.0954,100.00,50.61,0.7198,2.347516
1969,soldier,driving_B_2020.02.14_09.38.22.csv,1478,77.7557,0.00,-37.03,0.7196,1.888496
1970,longdress,driving_B_2019.12.16_14.23.32.csv,452,186.8717,88.00,52.68,0.7195,2.066366
1971,loot,driving_B_2019.12.16_14.23.32.csv,32,198.8594,100.00,55.58,0.7194,2.174894
1972,redandblack,driving_B_2019.12.16_12.27.05.csv,326,69.7329,0.00,-28.18,0.7192,1.825160
1973,soldier,driving_B_2020.02.14_07.29.00.csv,10,99.9956,0.00,-25.37,0.7191,1.942397
1974,longdress,driving_B_2019.12.16_12.27.05.csv,986,206.5795,100.00,57.68,0.7189,2.110741
1975,loot,driving_B_2020.02.14_07.29.00.csv,1090,113.0186,0.00,-9.13,0.7188,1.840196
1976,redandblack,driving_B_2019.12.16_12.27.05.csv,686,130.3402,0.00,-15.26,0.7186,2.243565
1977,soldier,static_B_2020.02.27_18.39.27.csv,3281,195.7200,100.00,54.71,0.7185,1.961761
1978,longdress,driving_B_2020.02.13_13.03.24.csv,58,71.5102,0.00,-58.42,0.7184,2.272208
1979,loot,driving_B_2019.12.17_07.32.39.csv,348,150.9743,44.73,30.13,0.7182,2.166940
1980,redandblack,driving_B_2020.01.16_07.26.43.csv,10,87.7673,0.00,-19.51,0.7181,2.225301
1981,soldier,static_B_2020.02.27_18.39.27.csv,3221,136.3589,26.00,18.67,0.7179,2.267295
1982,longdress,static_B_2020.02.27_18.39.27.csv,1121,60.7587,0.00,-70.64,0.7178,1.990191
1983,loot,driving_B_2020.02.13_15.02.01.csv,445,136.0286,22.71,21.09,0.7177,2.239551
1984,redandblack,driving_B_2019.12.16_12.27.05.csv,86,92.0888,0.00,-9.99,0.7175,2.007934
1985,soldier,driving_B_2020.02.13_15.02.01.csv,265,126.4792,10.00,27.80,0.7174,2.345392
1986,longdress,driving_B_2020.02.27_17.30.15.csv,720,-38.5017,0.00,-338.55,0.7172,2.022565
1987,loot,static_B_2020.02.13_13.57.29.csv,413,179.3629,81.91,47.76,0.7171,2.238448
1988,redandblack,static_B_2020.02.27_18.39.27.csv,5621,203.2460,36.00,59.20,0.7169,2.276163
1989,soldier,static_B_2020.02.13_13.57.29.csv,2453,113.7012,57.72,-18.23,0.7168,2.116243
1990,longdress,driving_B_2019.12.16_14.23.32.csv,632,157.7420,26.00,38.53,0.7167,2.083728
1991,loot,driving_B_2020.02.13_15.02.01.csv,2425,4.0468,0.00,-144.09,0.7165,2.186055
1992,redandblack,static_B_2019.12.16_13.40.04.csv,551,226.1849,100.00,67.10,0.7164,2.073024
1993,soldier,driving_B_2020.01.16_07.26.43.csv,850,93.3375,0.00,-18.32,0.7162,1.970734
1994,longdress,driving_B_2019.12.16_14.23.32.csv,272,186.1969,94.00,50.66,0.7161,2.171889
1995,loot,driving_B_2020.01.16_07.26.43.csv,670,34.2199,0.00,-76.75,0.7159,1.939748
1996,redandblack,static_B_2020.02.13_13.57.29.csv,2033,202.3365,100.00,55.85,0.7158,2.156329
1997,soldier,static_B_2020.02.27_18.39.27.csv,461,155.4548,53.47,23.85,0.7157,1.921168
1998,longdress,driving_B_2020.02.14_07.29.00.csv,1450,134.6569,19.87,12.60,0.7155,2.049010
1999,loot,static_B_2020.02.13_13.57.29.csv,1553,207.4742,100.00,58.09,0.7154,2.073827
2000,redandblack,driving_B_2020.01.16_07.26.43.csv,1630,101.0445,13.69,-1.73,0.7152,2.071227
2001,soldier,driving_B_2020.02.14_07.29.00.csv,1750,142.3518,61.77,26.91,0.7151,2.108090
2002,longdress,static_B_2020.02.27_18.39.27.csv,581,165.4094,88.00,14.83,0.7149,2.047719
2003,loot,driving_B_2019.12.17_07.32.39.csv,2268,182.8471,88.00,46.83,0.7148,2.174493
2004,redandblack,driving_B_2020.02.14_09.38.22.csv,1334,184.3783,62.00,50.94,0.7147,2.232471
2005,soldier,driving_B_2019.12.17_07.32.39.csv,108,95.2927,0.00,-26.24,0.7145,2.183710
2006,longdress,static_B_2019.12.16_13.40.04.csv,971,128.6914,66.01,23.19,0.7144,2.087785
2007,loot,driving_B_2019.12.17_07.32.39.csv,1128,146.3651,24.00,36.79,0.7142,2.143817
2008,redandblack,driving_B_2019.12.16_14.23.32.csv,2012,174.0748,22.00,46.32,0.7141,2.131778
2009,soldier,static_B_2020.02.14_13.21.26.csv,576,208.9366,60.00,62.08,0.7140,1.910224
2010,longdress,driving_B_2019.12.17_07.32.39.csv,768,55.6239,0.00,-58.79,0.7138,2.220603
2011,loot,static_B_2020.02.27_18.39.27.csv,2141,204.4176,100.00,52.57,0.7137,2.213845
2012,redandblack,driving_B_2019.12.16_11.49.59.csv,277,46.2503,0.00,-100.74,0.7135,2.291587
2013,soldier,static_B_2020.02.27_18.39.27.csv,3941,185.2824,46.00,51.30,0.7134,2.179532
2014,longdress,static_B_2020.02.27_18.39.27.csv,4961,176.6746,85.20,45.76,0.7132,2.166142
2015,loot,driving_B_2020.02.14_09.38.22.csv,494,118.2245,13.06,-14.89,0.7131,2.076276
2016,redandblack,driving_B_2020.02.14_09.38.22.csv,1154,47.0003,0.00,-56.24,0.7130,2.186915
2017,soldier,driving_B_2019.12.17_07.32.39.csv,1308,185.4997,52.88,36.99,0.7128,2.162889
2018,longdress,static_B_2020.02.27_18.39.27.csv,3461,179.9312,100.00,47.94,0.7127,2.070386
2019,loot,static_B_2020.02.14_13.21.26.csv,516,145.6600,22.00,37.83,0.7125,2.157406
2020,redandblack,static_B_2020.02.13_13.57.29.csv,1133,130.6433,5.95,13.28,0.7124,1.895028
2021,soldier,driving_B_2020.02.13_15.02.01.csv,2365,-32.2645,0.00,-391.01,0.7122,2.230514
2022,longdress,driving_B_2020.02.13_15.02.01.csv,2305,20.7436,0.00,-241.91,0.7121,2.102003
2023,loot,driving_B_2020.01.16_07.26.43.csv,1030,132.2073,28.67,12.82,0.7120,1.993641
2024,redandblack,static_B_2020.02.27_18.39.27.csv,4181,185.8115,32.00,53.37,0.7118,2.028577
2025,soldier,static_B_2019.12.16_13.40.04.csv,1811,163.9562,74.01,29.73,0.7117,2.201077
2026,longdress,static_B_2020.02.13_13.57.29.csv,1253,179.9571,100.00,47.13,0.7115,2.101052
2027,loot,driving_B_2020.01.16_07.26.43.csv,550,99.5349,14.34,11.65,0.7114,2.300850
2028,redandblack,driving_B_2019.12.16_14.23.32.csv,2132,180.7877,86.00,47.24,0.7112,2.274559
2029,soldier,driving_B_2020.01.16_07.26.43.csv,1210,29.4892,0.00,-75.27,0.7111,2.181321
2030,longdress,static_B_2020.02.27_18.39.27.csv,161,149.0062,44.00,37.99,0.7110,2.073935
2031,loot,driving_B_2020.02.13_13.03.24.csv,1438,58.2599,0.00,-43.55,0.7108,2.017715
2032,redandblack,static_B_2020.02.13_13.57.29.csv,113,120.4419,29.18,12.69,0.7107,2.152866
2033,soldier,static_B_2019.12.16_13.40.04.csv,671,189.3351,100.00,50.11,0.7105,2.171516
2034,longdress,static_B_2020.02.27_18.39.27.csv,221,224.8407,100.00,64.88,0.7104,2.205086
2035,loot,static_B_2020.02.27_18.39.27.csv,5742,218.6515,73.95,62.70,0.7102,1.947063
2036,redandblack,static_B_2019.12.16_13.40.04.csv,1631,190.3047,85.07,51.82,0.7101,2.107923
2037,soldier,static_B_2020.02.27_18.39.27.csv,2801,156.1850,78.00,39.22,0.7100,2.125891
2038,longdress,driving_B_2019.12.16_14.23.32.csv,1952,126.6096,10.25,-0.24,0.7098,2.276122
2039,loot,driving_B_2020.02.13_15.02.01.csv,25,178.3510,68.00,47.71,0.7097,2.146771
2040,redandblack,driving_B_2020.02.27_17.30.15.csv,86,-33.4731,0.00,-253.55,0.7095,2.006578
2041,soldier,driving_B_2020.02.13_13.03.24.csv,2038,7.5909,0.00,-171.82,0.7094,2.224029
2042,longdress,driving_B_2020.01.16_09.56.56.csv,576,221.2455,100.00,64.06,0.7093,2.038572
2043,loot,driving_B_2019.12.17_07.32.39.csv,1668,46.5348,0.00,-62.65,0.7091,2.142347
2044,redandblack,static_B_2020.02.27_18.39.27.csv,5501,194.4450,100.00,53.99,0.7090,2.089973
2045,soldier,driving_B_2020.01.16_09.56.56.csv,816,216.7000,75.86,59.23,0.7088,2.069169
2046,longdress,driving_B_2020.02.13_15.02.01.csv,1465,-13.3835,0.00,-129.05,0.7087,2.108012
2047,loot,driving_B_2020.02.13_13.03.24.csv,118,51.5069,0.00,-37.63,0.7085,2.003449
2048,redandblack,driving_B_2020.01.16_12.10.03.csv,8,202.9897,42.00,59.94,0.7084,2.157888
2049,soldier,static_B_2020.02.27_18.39.27.csv,101,196.2943,54.00,56.66,0.7083,2.272743
2050,longdress,driving_B_2020.02.13_13.03.24.csv,418,56.5631,0.00,-42.70,0.7081,2.187908
2051,loot,static_B_2020.02.27_18.39.27.csv,5742,167.2283,83.58,41.98,0.7080,2.348439
2052,redandblack,static_B_2020.02.13_13.57.29.csv,1193,135.6406,28.00,31.81,0.7078,2.170171
2053,soldier,driving_B_2020.02.14_07.29.00.csv,1330,135.0510,42.91,12.93,0.7077,2.190718
2054,longdress,driving_B_2019.12.16_14.23.32.csv,872,91.2168,0.00,-56.28,0.7075,2.293287
2055,loot,driving_B_2020.02.13_15.02.01.csv,1045,168.0872,14.00,46.35,0.7074,2.173851
2056,redandblack,static_B_2019.12.16_13.40.04.csv,911,104.0682,0.00,6.08,0.7073,2.222073
2057,soldier,driving_B_2020.01.16_07.26.43.csv,250,103.0732,0.00,-3.73,0.7071,2.222817
2058,longdress,driving_B_2020.02.14_09.38.22.csv,314,-3.8034,0.00,-224.95,0.7070,2.190270
2059,loot,driving_B_2019.12.16_12.27.05.csv,806,142.0969,39.91,26.61,0.7068,2.330692
2060,redandblack,driving_B_2020.01.16_09.56.56.csv,396,116.2298,22.41,11.33,0.7067,2.103518
2061,soldier,driving_B_2020.02.13_13.03.24.csv,1618,16.5218,0.00,-216.89,0.7065,2.113571
2062,longdress,driving_B_2020.02.13_15.02.01.csv,145,161.3273,58.14,32.19,0.7064,2.430997
2063,loot,driving_B_2020.01.16_07.26.43.csv,1690,61.3125,0.00,-42.59,0.7063,2.261655
2064,redandblack,static_B_2020.02.13_13.57.29.csv,1013,83.2922,30.53,-20.94,0.7061,2.254000
2065,soldier,static_B_2020.02.27_18.39.27.csv,4601,143.4095,16.36,18.19,0.7060,2.273978
2066,longdress,static_B_2020.02.27_18.39.27.csv,4721,168.5871,65.04,33.44,0.7058,2.159801
2067,loot,driving_B_2020.01.16_07.26.43.csv,1330,71.4860,0.00,-95.05,0.7057,2.190574
2068,redandblack,driving_B_2020.02.13_13.03.24.csv,178,49.3471,0.00,-54.58,0.7055,1.986585
2069,soldier,driving_B_2020.02.14_07.29.00.csv,1150,101.5004,0.00,-18.43,0.7054,2.316430
2070,longdress,driving_B_2020.02.14_09.38.22.csv,1214,16.3718,0.00,-77.87,0.7053,2.154967
2071,loot,static_B_2020.02.27_18.39.27.csv,4541,195.7643,86.73,50.32,0.7051,2.373221
2072,redandblack,driving_B_2020.01.16_07.26.43.csv,1450,16.5599,0.00,-94.28,0.7050,2.165553
2073,soldier,driving_B_2019.12.16_14.23.32.csv,812,143.2675,41.66,30.77,0.7048,2.151186
2074,longdress,driving_B_2020.02.27_17.30.15.csv,506,-8.9267,0.00,-192.03,0.7047,1.966596
2075,loot,driving_B_2020.01.16_09.56.56.csv,1176,127.7870,23.02,18.58,0.7046,2.190531
2076,redandblack,driving_B_2020.02.14_09.38.22.csv,614,141.2760,0.00,38.43,0.7044,1.983678
2077,soldier,driving_B_2020.01.16_09.56.56.csv,96,67.5415,0.00,-102.14,0.7043,2.162954
2078,longdress,driving_B_2019.12.16_14.23.32.csv,692,165.2741,71.94,35.01,0.7041,2.238345
2079,loot,driving_B_2020.02.14_07.29.00.csv,310,124.7224,10.00,30.13,0.7040,2.111592
2080,redandblack,driving_B_2020.01.16_07.26.43.csv,1510,121.0006,0.00,-1.36,0.7038,2.253274
2081,soldier,driving_B_2019.12.16_14.23.32.csv,512,161.2570,68.36,35.58,0.7037,2.149388
2082,longdress,static_B_2019.12.16_13.40.04.csv,311,120.5793,0.00,-12.28,0.7036,2.075317
2083,loot,static_B_2020.02.27_18.39.27.csv,4901,149.3362,16.76,11.75,0.7034,2.211336
2084,redandblack,static_B_2020.02.13_13.57.29.csv,2573,167.4485,22.00,45.72,0.7033,2.073819
2085,soldier,static_B_2020.02.27_18.39.27.csv,4361,167.0009,45.04,26.67,0.7031,2.024786
2086,longdress,driving_B_2020.02.13_15.02.01.csv,1765,188.6802,78.00,51.10,0.7030,2.033682
2087,loot,driving_B_2019.12.16_11.49.59.csv,41,114.8319,26.58,3.88,0.7028,2.161541
2088,redandblack,static_B_2019.12.16_13.40.04.csv,251,184.3408,79.81,49.68,0.7027,2.256130
2089,soldier,driving_B_2020.01.16_09.56.56.csv,516,156.1352,21.79,27.99,0.7026,2.136707
2090,longdress,driving_B_2020.02.14_07.29.00.csv,850,177.5078,52.70,30.30,0.7024,2.056673
2091,loot,static_B_2019.12.16_13.40.04.csv,1904,106.5408,0.00,3.42,0.7023,2.432993
2092,redandblack,driving_B_2019.12.17_07.32.39.csv,1248,95.3826,14.27,-8.40,0.7021,2.287773
2093,soldier,driving_B_2019.12.16_14.23.32.csv,1832,-2.2263,0.00,-169.70,0.7020,2.161737
2094,longdress,driving_B_2019.12.16_14.23.32.csv,1652,207.8757,84.69,62.18,0.7018,1.888964
2095,loot,driving_B_2020.02.14_12.58.17.csv,304,-59.3568,0.00,-239.36,0.7017,2.191958
2096,redandblack,static_B_2020.02.27_18.39.27.csv,5381,141.8150,2.00,35.19,0.7016,2.199019
2097,soldier,driving_B_2020.01.16_09.56.56.csv,1476,166.6751,81.71,39.81,0.7014,2.344775
2098,longdress,driving_B_2020.01.16_09.56.56.csv,1570,111.5097,18.06,11.68,0.7013,2.100311
2099,loot,static_B_2020.02.27_18.39.27.csv,1841,124.8507,55.02,-6.09,0.7011,2.063656
2100,redandblack,static_B_2020.02.13_13.57.29.csv,2393,210.8540,100.00,56.94,0.7010,2.004205
2101,soldier,static_B_2019.12.16_13.40.04.csv,1211,156.0230,41.49,27.80,0.7009,2.062139
2102,longdress,driving_B_2020.01.16_12.10.03.csv,188,197.2145,100.00,53.05,0.7007,2.283477
2103,loot,driving_B_2020.02.13_15.02.01.csv,2545,126.9459,28.92,14.36,0.7006,2.181307
2104,redandblack,static_B_2019.12.16_13.40.04.csv,1691,187.1176,100.00,49.09,0.7004,2.151588
2105,soldier,driving_B_2019.12.16_14.23.32.csv,92,108.3018,42.27,12.61,0.7003,2.097355
2106,longdress,driving_B_2020.01.16_09.56.56.csv,276,148.2930,59.95,37.84,0.7001,2.103217
2107,loot,driving_B_2020.02.13_15.02.01.csv,2725,32.6740,0.00,-75.51,0.7000,2.098884
2108,redandblack,static_B_2020.02.27_18.39.27.csv,3401,158.3594,6.00,42.18,0.6999,2.333680
2109,soldier,driving_B_2020.02.13_15.02.01.csv,1585,-15.4739,0.00,-435.77,0.6997,2.299241
2110,longdress,driving_B_2020.02.27_17.30.15.csv,206,20.9596,0.00,-686.06,0.6996,2.057570
2111,loot,static_B_2019.12.16_13.40.04.csv,491,169.1734,96.00,10.52,0.6994,2.419754
2112,redandblack,static_B_2020.02.27_18.39.27.csv,5261,172.5656,22.00,47.78,0.6993,2.080588
2113,soldier,driving_B_2020.01.16_07.26.43.csv,1570,-36.6579,0.00,-240.45,0.6991,2.109562
2114,longdress,driving_B_2020.02.14_07.29.00.csv,1870,24.2977,0.00,-98.00,0.6990,2.215064
2115,loot,driving_B_2020.02.14_07.29.00.csv,1210,165.5914,100.00,43.04,0.6989,2.239792
2116,redandblack,static_B_2020.02.27_18.39.27.csv,4481,202.8570,63.13,47.58,0.6987,2.035416
2117,soldier,static_B_2020.02.27_18.39.27.csv,4061,227.3049,100.00,68.75,0.6986,2.165354
2118,longdress,driving_B_2020.01.16_07.26.43.csv,970,59.2133,0.00,-79.72,0.6984,2.221227
2119,loot,driving_B_2020.02.13_13.03.24.csv,718,101.9485,0.00,-13.71,0.6983,2.309739
2120,redandblack,driving_B_2020.01.16_07.26.43.csv,130,73.8632,0.00,-20.17,0.6981,2.205865
2121,soldier,driving_B_2020.02.14_09.38.22.csv,854,134.8605,0.00,35.84,0.6980,2.197686
2122,longdress,static_B_2020.02.13_13.57.29.csv,2753,107.3054,0.00,-8.13,0.6979,2.189642
2123,loot,driving_B_2020.02.14_09.38.22.csv,554,171.6654,38.00,45.98,0.6977,2.189128
2124,redandblack,driving_B_2020.02.14_09.38.22.csv,974,83.4583,0.00,-80.72,0.6976,2.303061
2125,soldier,static_B_2020.02.13_13.57.29.csv,2213,146.1111,48.71,18.37,0.6974,2.255093
2126,longdress,static_B_2019.12.16_13.40.04.csv,1571,197.7244,78.45,52.64,0.6973,2.137684
2127,loot,driving_B_2020.02.14_09.38.22.csv,674,122.0644,46.72,22.29,0.6971,2.180031
2128,redandblack,driving_B_2020.01.16_07.26.43.csv,1270,113.6270,0.00,-7.62,0.6970,2.088924
2129,soldier,driving_B_2020.01.16_09.56.56.csv,216,119.3738,32.89,8.95,0.6969,2.112126
2130,longdress,static_B_2019.12.16_13.40.04.csv,731,138.4700,18.00,34.94,0.6967,2.191835
2131,loot,driving_B_2020.02.13_13.03.24.csv,2158,-13.6995,0.00,-367.25,0.6966,2.223644
2132,redandblack,static_B_2019.12.16_13.40.04.csv,11,210.0934,60.00,61.36,0.6964,2.166134
2133,soldier,static_B_2020.02.27_18.39.27.csv,1661,176.2103,60.60,33.93,0.6963,2.275757
2134,longdress,driving_B_2020.02.14_07.29.00.csv,190,117.0712,51.20,6.95,0.6962,2.026170
2135,loot,driving_B_2019.12.17_07.32.39.csv,1488,112.7411,0.00,-48.78,0.6960,2.209391
2136,redandblack,driving_B_2019.12.17_07.32.39.csv,1068,142.6434,35.21,17.14,0.6959,2.086843
2137,soldier,static_B_2020.02.13_13.57.29.csv,1313,60.8559,0.00,-37.54,0.6957,2.359591
2138,longdress,driving_B_2019.12.16_14.23.32.csv,2616,121.7152,26.69,14.64,0.6956,2.331669
2139,loot,driving_B_2020.02.14_09.38.22.csv,254,-18.4577,0.00,-137.35,0.6954,2.310168
2140,redandblack,driving_B_2020.02.14_12.58.17.csv,4,86.2622,26.14,6.18,0.6953,2.294203
2141,soldier,static_B_2020.02.27_18.39.27.csv,5321,219.1938,74.00,64.72,0.6952,2.246606
2142,longdress,static_B_2020.02.27_18.39.27.csv,881,150.0038,42.32,21.24,0.6950,2.104364
2143,loot,static_B_2020.02.27_18.39.27.csv,3641,147.7778,10.00,38.11,0.6949,2.386257
2144,redandblack,static_B_2019.12.16_13.40.04.csv,1391,154.0626,0.00,-110.79,0.6947,2.272450
2145,soldier,static_B_2020.02.27_18.39.27.csv,3161,83.5761,0.00,-334.82,0.6946,1.979877
2146,longdress,static_B_2020.02.27_18.39.27.csv,2381,159.4742,74.00,8.11,0.6944,2.208576
2147,loot,driving_B_2020.02.13_15.02.01.csv,2754,64.2692,0.00,-33.58,0.6943,2.313583
2148,redandblack,driving_B_2020.02.13_13.03.24.csv,358,87.6341,0.00,-13.22,0.6942,2.311001
2149,soldier,driving_B_2020.01.16_07.26.43.csv,70,78.7019,0.00,-28.16,0.6940,2.375521
2150,longdress,driving_B_2020.02.14_12.58.17.csv,244,-35.2985,0.00,-790.46,0.6939,2.307930
2151,loot,static_B_2020.02.27_18.39.27.csv,4421,169.1933,100.00,44.96,0.6937,2.456288
2152,redandblack,driving_B_2020.02.13_13.03.24.csv,1738,198.6377,100.00,53.37,0.6936,2.378739
2153,soldier,static_B_2020.02.13_13.57.29.csv,1793,164.5138,18.00,45.97,0.6934,2.156012
2154,longdress,driving_B_2019.12.16_14.23.32.csv,1592,100.7407,24.96,9.08,0.6933,2.353281
2155,loot,driving_B_2020.02.27_17.30.15.csv,686,-10.0156,0.00,-202.79,0.6932,2.218916
2156,redandblack,driving_B_2019.12.16_14.23.32.csv,212,139.0374,0.00,35.21,0.6930,2.383224
2157,soldier,driving_B_2019.12.16_14.23.32.csv,1712,-12.1648,0.00,-280.95,0.6929,2.508887
2158,longdress,driving_B_2019.12.17_07.32.39.csv,2088,205.3157,100.00,57.82,0.6927,2.316662
2159,loot,driving_B_2020.01.16_12.10.03.csv,244,161.9303,46.00,47.56,0.6926,2.274924
2160,redandblack,driving_B_2020.02.14_07.29.00.csv,1810,179.8842,100.00,47.90,0.6924,2.265520
2161,soldier,driving_B_2019.12.17_07.32.39.csv,2028,41.2821,0.00,-52.39,0.6923,2.514960
2162,longdress,driving_B_2020.02.14_07.29.00.csv,250,117.5466,18.41,3.41,0.6922,2.102219
2163,loot,static_B_2019.12.16_13.40.04.csv,371,208.1782,86.14,56.38,0.6920,2.279536
2164,redandblack,driving_B_2020.01.16_07.26.43.csv,610,98.5007,23.62,-5.91,0.6919,2.369719
2165,soldier,driving_B_2020.01.16_07.26.43.csv,1770,19.5644,0.00,-157.58,0.6917,2.214907
2166,longdress,driving_B_2020.02.14_07.29.00.csv,1390,144.7830,0.00,37.99,0.6916,2.165524
2167,loot,driving_B_2019.12.16_14.23.32.csv,1352,166.1044,47.90,31.72,0.6915,2.284811
2168,redandblack,static_B_2020.02.13_13.57.29.csv,1373,165.9928,83.35,41.87,0.6913,2.202924
2169,soldier,driving_B_2020.02.13_15.02.01.csv,2485,-30.8630,0.00,-170.65,0.6912,2.046622
2170,longdress,static_B_2020.02.14_13.21.26.csv,336,216.1296,85.01,62.16,0.6910,2.171532
2171,loot,static_B_2020.02.27_18.39.27.csv,1721,211.1174,77.29,56.73,0.6909,2.223393
2172,redandblack,static_B_2020.02.13_13.57.29.csv,2693,202.0634,100.00,58.81,0.6907,2.380218
2173,soldier,driving_B_2020.02.13_15.02.01.csv,2754,27.5365,0.00,-100.13,0.6906,2.257278
2174,longdress,driving_B_2020.02.14_07.29.00.csv,730,81.1065,0.00,-29.57,0.6905,2.308751
2175,loot,driving_B_2020.02.14_07.29.00.csv,550,75.0312,0.00,-44.88,0.6903,2.317243
2176,redandblack,driving_B_2020.01.16_07.26.43.csv,730,131.2984,0.99,-0.01,0.6902,2.267408
2177,soldier,driving_B_2019.12.16_11.49.59.csv,277,-11.0859,0.00,-172.09,0.6900,2.568299
2178,longdress,driving_B_2020.02.13_15.02.01.csv,1525,-43.4812,0.00,-524.14,0.6899,2.347059
2179,loot,driving_B_2020.01.16_09.56.56.csv,36,141.3590,45.37,25.08,0.6897,2.225196
2180,redandblack,driving_B_2020.02.14_12.58.17.csv,364,20.0504,0.00,-181.31,0.6896,2.384358
2181,soldier,driving_B_2019.12.16_11.49.59.csv,161,4.0098,0.00,-145.70,0.6895,2.403582
2182,longdress,static_B_2020.02.13_13.57.29.csv,2513,167.0263,12.00,47.28,0.6893,2.328659
2183,loot,driving_B_2020.02.27_17.30.15.csv,446,-38.0812,0.00,-273.11,0.6892,2.317150
2184,redandblack,static_B_2020.02.27_18.39.27.csv,2741,169.3568,20.00,43.70,0.6890,2.321210
2185,soldier,static_B_2020.02.13_13.57.29.csv,893,92.5029,0.00,-26.96,0.6889,2.144655
2186,longdress,driving_B_2020.02.14_07.29.00.csv,430,77.8073,0.00,-81.11,0.6887,2.325501
2187,loot,driving_B_2020.02.14_12.58.17.csv,800,101.4060,25.88,9.03,0.6886,2.143423
2188,redandblack,driving_B_2020.02.13_15.02.01.csv,1345,-1.7803,0.00,-162.47,0.6885,2.202550
2189,soldier,static_B_2020.02.13_13.57.29.csv,2093,137.8517,30.00,33.13,0.6883,2.329444
2190,longdress,driving_B_2020.02.14_09.38.22.csv,374,11.3536,0.00,-98.95,0.6882,2.159265
2191,loot,driving_B_2020.02.14_07.29.00.csv,130,166.7133,10.67,21.28,0.6880,2.374736
2192,redandblack,driving_B_2020.02.14_09.38.22.csv,1394,94.1631,0.00,-40.86,0.6879,2.330483
2193,soldier,static_B_2020.02.13_13.57.29.csv,233,192.0633,100.00,51.57,0.6878,2.343784
2194,longdress,static_B_2020.02.27_18.39.27.csv,5021,172.5476,73.94,34.00,0.6876,2.203309
2195,loot,driving_B_2019.12.16_14.23.32.csv,152,204.2779,86.00,55.78,0.6875,2.386532
2196,redandblack,driving_B_2020.01.16_09.56.56.csv,1056,93.8414,1.17,-9.27,0.6873,2.188338
2197,soldier,driving_B_2019.12.16_11.49.59.csv,277,5.7004,0.00,-170.25,0.6872,2.138615
2198,longdress,driving_B_2020.02.13_13.03.24.csv,1198,39.2999,0.00,-61.43,0.6870,2.287965
2199,loot,driving_B_2020.02.13_15.02.01.csv,1225,153.1823,6.03,12.76,0.6869,2.288509
2200,redandblack,driving_B_2020.02.13_13.03.24.csv,2098,2.4333,0.00,-168.38,0.6868,2.348606
2201,soldier,driving_B_2020.01.16_09.56.56.csv,1116,111.5956,0.00,-21.41,0.6866,2.506178
2202,longdress,static_B_2019.12.16_13.40.04.csv,791,169.4837,80.00,46.78,0.6865,2.190752
2203,loot,static_B_2020.02.27_18.39.27.csv,1541,179.5812,100.00,51.50,0.6863,2.200604
2204,redandblack,driving_B_2020.02.13_15.02.01.csv,2245,187.6553,100.00,55.66,0.6862,2.427109
2205,soldier,static_B_2019.12.16_13.40.04.csv,431,130.9770,55.68,24.89,0.6860,2.407116
2206,longdress,static_B_2020.02.27_18.39.27.csv,1061,161.0013,80.15,36.06,0.6859,2.388085
2207,loot,static_B_2020.02.13_13.57.29.csv,1613,197.3175,100.00,55.00,0.6858,2.269835
2208,redandblack,driving_B_2020.01.16_07.26.43.csv,1390,58.0647,0.00,-29.65,0.6856,2.126203
2209,soldier,driving_B_2020.01.16_07.26.43.csv,310,39.9645,0.00,-78.95,0.6855,2.404885
2210,longdress,driving_B_2019.12.16_12.27.05.csv,386,-26.0917,0.00,-155.56,0.6853,2.151487
2211,loot,static_B_2020.02.13_13.57.29.csv,1853,157.8028,58.37,35.19,0.6852,2.236370
2212,redandblack,static_B_2020.02.27_18.39.27.csv,4001,170.9559,36.00,44.44,0.6850,2.336687
2213,soldier,driving_B_2020.01.16_12.10.03.csv,244,216.4038,100.00,59.53,0.6849,2.737453
2214,longdress,driving_B_2020.02.27_17.30.15.csv,566,-2.1138,0.00,-138.48,0.6848,2.261356
2215,loot,static_B_2020.02.27_18.39.27.csv,41,166.5364,24.00,43.55,0.6846,2.208511
2216,redandblack,driving_B_2020.01.16_09.56.56.csv,1416,187.0677,57.01,48.71,0.6845,2.405987
2217,soldier,driving_B_2019.12.17_07.32.39.csv,1788,10.7724,0.00,-154.26,0.6843,2.453822
2218,longdress,driving_B_2020.01.16_09.56.56.csv,756,143.0927,28.67,23.57,0.6842,2.512988
2219,loot,driving_B_2019.12.16_14.23.32.csv,1532,129.9020,64.03,25.84,0.6840,2.274854
2220,redandblack,driving_B_2020.02.14_09.38.22.csv,1454,140.4760,30.26,12.62,0.6839,2.364501
2221,soldier,driving_B_2019.12.16_12.27.05.csv,206,86.9805,0.00,-27.50,0.6838,2.404039
2222,longdress,driving_B_2020.02.14_07.29.00.csv,370,188.6595,100.00,51.04,0.6836,2.305539
2223,loot,driving_B_2020.02.13_15.02.01.csv,385,183.0472,96.00,48.20,0.6835,2.516287
2224,redandblack,static_B_2020.02.14_13.21.26.csv,276,148.6360,16.00,38.69,0.6833,2.365088
2225,longdress,driving_B_2020.02.27_17.30.15.csv,205,-47.3518,0.00,-628.04,0.6832,2.293004
2226,loot,driving_B_2019.12.16_12.27.05.csv,115,124.7326,0.00,-18.20,0.6831,2.350790
2227,redandblack,driving_B_2020.02.13_15.02.01.csv,96,146.3565,4.00,37.99,0.6829,2.476963
2228,soldier,static_B_2020.02.13_13.57.29.csv,1620,214.7796,100.00,64.28,0.6828,2.429233
2229,longdress,static_B_2019.12.16_13.40.04.csv,77,210.9946,92.00,60.20,0.6826,2.413533
2230,loot,static_B_2020.02.14_13.21.26.csv,85,214.6690,80.00,62.38,0.6825,2.178580
2231,redandblack,driving_B_2019.12.17_07.32.39.csv,2288,182.0398,83.40,47.97,0.6823,2.396565
2232,soldier,static_B_2020.02.27_18.39.27.csv,1079,89.0719,0.00,-36.44,0.6822,2.414102
2233,longdress,static_B_2020.02.13_13.57.29.csv,300,160.6277,40.00,41.43,0.6821,2.143137
2234,loot,static_B_2020.02.27_18.39.27.csv,899,200.3972,86.56,52.92,0.6819,2.278864
2235,redandblack,driving_B_2019.12.17_07.32.39.csv,401,200.9910,78.27,54.09,0.6818,2.355823
2236,soldier,driving_B_2020.02.14_09.38.22.csv,892,208.7293,100.00,59.05,0.6816,2.516934
2237,longdress,static_B_2019.12.16_13.40.04.csv,1904,148.6846,0.00,-74.01,0.6815,2.320865
2238,loot,driving_B_2019.12.17_07.32.39.csv,221,83.9965,0.00,-9.91,0.6813,2.197985
2239,redandblack,driving_B_2020.02.13_15.02.01.csv,876,171.6598,30.00,46.45,0.6812,2.320714
2240,soldier,static_B_2020.02.13_13.57.29.csv,960,21.1827,0.00,-327.61,0.6811,2.258304
2241,longdress,static_B_2020.02.13_13.57.29.csv,480,125.2909,12.35,17.04,0.6809,2.426501
2242,loot,driving_B_2019.12.16_14.23.32.csv,492,178.9779,16.00,50.98,0.6808,2.166057
2243,redandblack,driving_B_2020.02.13_13.03.24.csv,516,80.2394,0.00,-36.87,0.6806,2.322974
2244,soldier,driving_B_2019.12.16_12.27.05.csv,835,173.8915,82.12,44.50,0.6805,2.289244
2245,longdress,driving_B_2020.02.14_07.29.00.csv,676,114.7576,30.18,21.99,0.6803,2.184444
2246,loot,driving_B_2020.02.13_13.03.24.csv,1716,173.0302,96.00,44.71,0.6802,2.131829
2247,redandblack,static_B_2019.12.16_13.40.04.csv,1457,225.2773,100.00,68.92,0.6801,2.223633
2248,soldier,driving_B_2019.12.16_14.23.32.csv,1692,37.7001,0.00,-143.16,0.6799,2.335785
2249,longdress,driving_B_2019.12.17_07.32.39.csv,1181,56.0527,0.00,-85.19,0.6798,2.317984
2250,loot,driving_B_2020.01.16_09.56.56.csv,384,84.1800,0.00,-23.64,0.6796,2.553630
2251,redandblack,driving_B_2020.02.14_07.29.00.csv,976,76.7668,0.00,-37.13,0.6795,2.412896
2252,soldier,driving_B_2020.01.16_09.56.56.csv,624,150.1414,2.21,28.81,0.6794,2.326046
2253,longdress,static_B_2019.12.16_13.40.04.csv,1757,161.7638,81.45,35.09,0.6792,2.312941
2254,loot,driving_B_2020.02.27_17.30.15.csv,325,-3.1478,0.00,-117.62,0.6791,2.357867
2255,redandblack,driving_B_2020.01.16_09.56.56.csv,984,143.1120,33.34,13.23,0.6789,2.389341
2256,soldier,driving_B_2020.02.13_15.02.01.csv,696,136.1887,0.00,-1.36,0.6788,2.232392
2257,longdress,static_B_2020.02.14_13.21.26.csv,565,189.9233,78.00,51.76,0.6786,2.423821
2258,loot,driving_B_2019.12.16_14.23.32.csv,852,200.4584,78.92,50.96,0.6785,2.312005
2259,redandblack,static_B_2020.02.14_13.21.26.csv,25,160.8212,79.10,38.03,0.6784,2.487516
2260,soldier,driving_B_2020.02.14_12.58.17.csv,188,-60.0559,0.00,-902.08,0.6782,2.469952
2261,longdress,driving_B_2020.02.14_09.38.22.csv,1478,80.7133,0.00,-60.07,0.6781,2.359175
2262,loot,driving_B_2019.12.16_12.27.05.csv,295,107.6817,0.00,-67.86,0.6779,2.168339
2263,redandblack,static_B_2020.02.27_18.39.27.csv,3179,124.6405,0.00,-262.99,0.6778,2.281640
2264,soldier,driving_B_2020.01.16_09.56.56.csv,564,193.9153,83.96,53.66,0.6776,2.342613
2265,longdress,driving_B_2020.01.16_07.26.43.csv,148,38.7431,0.00,-98.67,0.6775,2.463788
2266,loot,static_B_2019.12.16_13.40.04.csv,197,180.7125,100.00,47.17,0.6774,2.424187
2267,redandblack,driving_B_2020.02.14_09.38.22.csv,952,170.7937,48.00,47.67,0.6772,2.069173
2268,soldier,driving_B_2020.02.13_15.02.01.csv,1776,239.2475,100.00,69.61,0.6771,2.325448
2269,longdress,static_B_2020.02.13_13.57.29.csv,420,228.6563,92.00,68.65,0.6769,2.126074
2270,loot,driving_B_2019.12.16_14.23.32.csv,1932,80.3211,0.00,-20.70,0.6768,2.582051
2271,redandblack,static_B_2020.02.27_18.39.27.csv,3299,158.8740,56.00,39.63,0.6766,2.294731
2272,soldier,static_B_2020.02.14_13.21.26.csv,745,208.4090,100.00,59.69,0.6765,2.518415
2273,longdress,driving_B_2019.12.16_14.23.32.csv,252,179.8492,100.00,46.58,0.6764,2.435765
2274,loot,driving_B_2020.02.27_17.30.15.csv,720,-3.8070,0.00,-278.32,0.6762,2.196827
2275,redandblack,static_B_2020.02.13_13.57.29.csv,2580,137.0049,0.00,35.75,0.6761,2.255970
2276,soldier,driving_B_2020.02.13_13.03.24.csv,696,36.1394,0.00,-61.28,0.6759,2.082815
2277,longdress,driving_B_2020.01.16_07.26.43.csv,268,131.1462,17.10,27.95,0.6758,2.266540
2278,loot,driving_B_2020.02.14_09.38.22.csv,232,32.4751,0.00,-48.75,0.6756,2.164082
2279,redandblack,static_B_2020.02.13_13.57.29.csv,1020,118.0509,62.76,1.74,0.6755,2.339703
2280,soldier,driving_B_2019.12.16_12.27.05.csv,1152,136.2062,16.55,-2.00,0.6754,2.534675
2281,longdress,driving_B_2020.01.16_12.10.03.csv,96,144.5291,0.00,36.45,0.6752,2.457375
2282,loot,driving_B_2020.02.14_09.38.22.csv,1132,48.3044,0.00,-57.95,0.6751,2.184356
2283,redandblack,driving_B_2020.02.27_17.30.15.csv,505,-5.2627,0.00,-193.81,0.6749,2.438779
2284,soldier,static_B_2020.02.13_13.57.29.csv,120,155.3239,44.18,29.42,0.6748,2.252065
2285,longdress,driving_B_2019.12.16_14.23.32.csv,2472,191.1882,100.00,50.74,0.6747,2.471390
2286,loot,driving_B_2020.01.16_09.56.56.csv,1164,87.1177,0.00,-17.53,0.6745,2.314238
2287,redandblack,driving_B_2020.01.16_09.56.56.csv,84,86.3841,0.00,-35.31,0.6744,2.192993
2288,soldier,static_B_2020.02.27_18.39.27.csv,5742,162.9531,94.00,38.89,0.6742,2.383886
2289,longdress,static_B_2020.02.27_18.39.27.csv,3539,209.2952,100.00,57.19,0.6741,2.672081
2290,loot,static_B_2020.02.27_18.39.27.csv,2699,129.9031,46.00,30.74,0.6739,2.283622
2291,redandblack,static_B_2020.02.13_13.57.29.csv,240,187.8749,100.00,48.47,0.6738,2.508977
2292,soldier,static_B_2020.02.14_13.21.26.csv,385,196.6041,100.00,52.17,0.6737,2.537104
2293,longdress,driving_B_2020.02.14_12.58.17.csv,488,7.5935,0.00,-211.24,0.6735,2.644189
2294,loot,static_B_2020.02.27_18.39.27.csv,4499,197.4107,66.71,52.85,0.6734,2.334155
2295,redandblack,static_B_2020.02.27_18.39.27.csv,2519,169.5472,50.00,46.14,0.6732,2.413852
2296,soldier,driving_B_2020.02.13_15.02.01.csv,2754,11.8541,0.00,-64.34,0.6731,2.494824
2297,longdress,driving_B_2020.02.13_15.02.01.csv,2016,193.7529,60.14,47.92,0.6729,2.498596
2298,loot,static_B_2020.02.27_18.39.27.csv,5099,175.5088,82.00,49.75,0.6728,2.317857
2299,redandblack,driving_B_2020.02.27_17.30.15.csv,625,5.5604,0.00,-136.78,0.6727,2.194676
2300,soldier,static_B_2020.02.27_18.39.27.csv,779,205.3378,100.00,59.98,0.6725,2.321064
2301,longdress,static_B_2019.12.16_13.40.04.csv,137,204.8090,92.00,56.78,0.6724,2.463596
2302,loot,driving_B_2019.12.16_14.23.32.csv,372,175.5193,68.82,40.74,0.6722,2.486685
2303,redandblack,driving_B_2019.12.17_07.32.39.csv,821,100.2297,0.00,-12.98,0.6721,2.409167
2304,soldier,driving_B_2020.02.13_13.03.24.csv,816,37.0363,0.00,-73.10,0.6719,2.470292
2305,longdress,driving_B_2020.02.13_13.03.24.csv,1116,42.6581,0.00,-113.77,0.6718,2.215448
2306,loot,driving_B_2020.02.13_15.02.01.csv,1176,193.2085,81.75,52.39,0.6717,2.292998
2307,redandblack,driving_B_2020.02.13_13.03.24.csv,1656,95.1258,0.00,-44.40,0.6715,2.420247
2308,soldier,static_B_2020.02.13_13.57.29.csv,1860,145.1322,53.55,24.15,0.6714,2.272519
2309,longdress,driving_B_2019.12.16_11.49.59.csv,9,47.3069,0.00,-160.68,0.6712,2.313851
2310,loot,static_B_2020.02.14_13.21.26.csv,145,240.8713,100.00,73.25,0.6711,2.318928
2311,redandblack,driving_B_2019.12.16_12.27.05.csv,1152,146.5483,41.57,11.77,0.6709,2.455405
2312,soldier,static_B_2020.02.13_13.57.29.csv,1800,171.2251,37.21,35.30,0.6708,2.352335
2313,longdress,driving_B_2019.12.16_14.23.32.csv,12,206.4968,100.00,58.25,0.6707,2.540941
2314,loot,driving_B_2020.02.13_13.03.24.csv,1896,4.9159,0.00,-525.20,0.6705,2.349289
2315,redandblack,driving_B_2020.02.13_13.03.24.csv,876,14.1958,0.00,-104.80,0.6704,2.598524
2316,soldier,static_B_2019.12.16_13.40.04.csv,1697,167.4825,81.27,40.36,0.6702,2.304547
2317,longdress,driving_B_2020.02.27_17.30.15.csv,265,-77.5010,0.00,-243.11,0.6701,2.578159
2318,loot,driving_B_2019.12.17_07.32.39.csv,1061,201.2231,86.51,53.66,0.6700,2.622099
2319,redandblack,static_B_2020.02.27_18.39.27.csv,719,163.2550,51.83,31.23,0.6698,2.492733
2320,soldier,driving_B_2020.02.14_09.38.22.csv,1252,127.0405,37.69,19.48,0.6697,2.259741
2321,longdress,driving_B_2019.12.16_12.27.05.csv,715,194.9209,98.00,54.68,0.6695,2.446013
2322,loot,driving_B_2019.12.16_12.27.05.csv,595,31.4930,0.00,-62.42,0.6694,2.443777
2323,redandblack,static_B_2019.12.16_13.40.04.csv,1337,173.7366,68.80,29.52,0.6692,2.207434
2324,soldier,driving_B_2019.12.16_12.27.05.csv,175,85.4786,0.00,-27.94,0.6691,2.367327
2325,longdress,static_B_2020.02.27_18.39.27.csv,539,73.9388,0.00,-326.25,0.6690,2.287990
2326,loot,driving_B_2020.02.14_09.38.22.csv,172,-14.5836,0.00,-201.94,0.6688,2.369042
2327,redandblack,static_B_2020.02.27_18.39.27.csv,1499,178.3602,100.00,48.11,0.6687,2.399620
2328,soldier,driving_B_2020.02.13_15.02.01.csv,516,128.9331,0.00,-10.89,0.6685,2.369515
2329,longdress,driving_B_2020.02.13_15.02.01.csv,816,-0.2942,0.00,-119.90,0.6684,2.453790
2330,loot,driving_B_2020.01.16_09.56.56.csv,324,121.7640,36.58,21.00,0.6682,2.481768
2331,redandblack,driving_B_2020.01.16_09.56.56.csv,204,210.1202,64.00,62.43,0.6681,2.632891
2332,soldier,static_B_2020.02.13_13.57.29.csv,1380,168.4275,52.53,31.52,0.6680,2.464368
2333,longdress,static_B_2020.02.27_18.39.27.csv,2939,173.6696,85.49,39.28,0.6678,2.635679
2334,loot,static_B_2020.02.27_18.39.27.csv,2099,206.9201,100.00,61.82,0.6677,2.531076
2335,redandblack,driving_B_2020.02.14_07.29.00.csv,616,97.3784,32.53,3.55,0.6675,2.371757
2336,soldier,driving_B_2020.02.13_15.02.01.csv,1416,28.1014,0.00,-89.69,0.6674,2.523069
2337,longdress,driving_B_2019.12.16_14.23.32.csv,1272,201.0606,61.18,46.36,0.6672,2.650408
2338,loot,driving_B_2019.12.17_07.32.39.csv,1541,126.9413,49.45,16.75,0.6671,2.540136
2339,redandblack,driving_B_2020.01.16_07.26.43.csv,1408,44.4902,0.00,-69.98,0.6670,2.451411
2340,soldier,driving_B_2019.12.16_14.23.32.csv,1092,92.9832,0.00,-54.95,0.6668,2.661974
2341,longdress,static_B_2020.02.13_13.57.29.csv,2640,207.4312,100.00,54.98,0.6667,2.423234
2342,loot,driving_B_2020.01.16_07.26.43.csv,1348,65.3991,0.00,-59.77,0.6665,2.626771
2343,redandblack,driving_B_2020.02.13_13.03.24.csv,2136,27.2775,0.00,-399.60,0.6664,2.143464
2344,soldier,static_B_2019.12.16_13.40.04.csv,1637,191.7591,46.60,41.95,0.6663,2.647902
2345,longdress,driving_B_2020.02.13_15.02.01.csv,1356,11.0982,0.00,-106.04,0.6661,2.460327
2346,loot,driving_B_2019.12.16_14.23.32.csv,1992,150.1710,24.00,37.28,0.6660,2.250190
2347,redandblack,driving_B_2019.12.16_14.23.32.csv,2052,159.5617,81.26,38.05,0.6658,2.472302
2348,soldier,driving_B_2019.12.16_14.23.32.csv,1032,71.4712,0.00,-166.23,0.6657,2.269408
2349,longdress,driving_B_2019.12.17_07.32.39.csv,2081,161.0863,82.22,37.75,0.6655,2.317481
2350,loot,static_B_2020.02.27_18.39.27.csv,599,148.8739,18.00,24.48,0.6654,2.433389
2351,redandblack,driving_B_2019.12.17_07.32.39.csv,1481,148.2900,53.96,24.89,0.6653,2.456320
2352,soldier,driving_B_2020.02.13_13.03.24.csv,576,50.4302,0.00,-47.53,0.6651,2.484487
2353,longdress,driving_B_2020.02.13_15.02.01.csv,936,197.2005,100.00,55.85,0.6650,2.383834
2354,loot,driving_B_2020.02.13_15.02.01.csv,2076,98.4781,0.00,-58.56,0.6648,2.580326
2355,redandblack,static_B_2020.02.27_18.39.27.csv,1319,198.9481,4.00,59.74,0.6647,2.356837
2356,soldier,driving_B_2019.12.16_14.23.32.csv,1212,221.9203,100.00,62.83,0.6645,2.375957
2357,longdress,driving_B_2020.01.16_12.10.03.csv,36,222.5223,100.00,64.31,0.6644,2.332424
2358,loot,driving_B_2020.01.16_07.26.43.csv,988,126.1903,21.49,7.64,0.6643,2.242010
2359,redandblack,driving_B_2020.02.14_12.58.17.csv,548,59.1399,0.00,-36.41,0.6641,2.449670
2360,soldier,static_B_2020.02.27_18.39.27.csv,1379,205.2116,100.00,56.26,0.6640,2.292349
2361,longdress,static_B_2020.02.27_18.39.27.csv,5279,178.8778,60.00,49.32,0.6638,2.209188
2362,loot,driving_B_2020.02.14_12.58.17.csv,788,72.8475,0.00,-45.28,0.6637,2.473861
2363,redandblack,static_B_2020.02.13_13.57.29.csv,2700,193.3017,100.00,53.12,0.6635,2.176566
2364,soldier,static_B_2019.12.16_13.40.04.csv,977,162.2028,60.28,33.93,0.6634,2.269611
2365,longdress,static_B_2020.02.27_18.39.27.csv,3359,147.9989,10.00,36.27,0.6633,2.339199
2366,loot,static_B_2020.02.13_13.57.29.csv,360,128.3619,0.00,31.86,0.6631,2.291858
2367,redandblack,driving_B_2019.12.16_14.23.32.csv,72,186.6919,100.00,51.88,0.6630,2.359117
2368,soldier,static_B_2019.12.16_13.40.04.csv,1904,156.8947,2.00,24.16,0.6628,2.911924
2369,longdress,driving_B_2019.12.16_14.23.32.csv,1812,-7.4831,0.00,-202.64,0.6627,2.404204
2370,loot,driving_B_2019.12.17_07.32.39.csv,701,83.5302,0.00,-7.83,0.6625,2.151406
2371,redandblack,driving_B_2019.12.17_07.32.39.csv,1781,31.5276,0.00,-82.84,0.6624,2.479874
2372,soldier,static_B_2020.02.13_13.57.29.csv,1740,155.8761,54.68,27.09,0.6623,2.427043
2373,longdress,driving_B_2019.12.16_12.27.05.csv,775,135.7782,43.21,16.88,0.6621,2.272970
2374,loot,driving_B_2020.02.14_12.58.17.csv,248,-26.0679,0.00,-602.75,0.6620,2.595596
2375,redandblack,static_B_2020.02.27_18.39.27.csv,239,234.5285,100.00,69.89,0.6618,2.648773
2376,soldier,driving_B_2020.02.14_07.29.00.csv,196,86.4312,0.00,-29.93,0.6617,2.409417
2377,longdress,static_B_2020.02.27_18.39.27.csv,5699,179.6701,80.62,44.49,0.6616,2.546425
2378,loot,static_B_2020.02.27_18.39.27.csv,2819,203.3550,42.00,57.99,0.6614,2.505026
2379,redandblack,static_B_2020.02.27_18.39.27.csv,3839,194.2333,70.75,53.43,0.6613,2.567235
2380,soldier,static_B_2020.02.27_18.39.27.csv,2639,183.5710,44.36,42.79,0.6611,2.468173
2381,longdress,static_B_2020.02.14_13.21.26.csv,685,192.8457,44.00,53.46,0.6610,2.459531
2382,loot,driving_B_2019.12.16_14.23.32.csv,732,196.6847,67.17,50.36,0.6608,2.425418
2383,redandblack,static_B_2020.02.27_18.39.27.csv,1739,167.3991,67.07,41.06,0.6607,2.454376
2384,soldier,static_B_2020.02.27_18.39.27.csv,4079,177.2251,22.00,47.89,0.6606,2.340445
2385,longdress,driving_B_2020.02.13_13.03.24.csv,1356,40.3630,0.00,-74.74,0.6604,2.569313
2386,loot,driving_B_2020.02.27_17.30.15.csv,445,-7.6781,0.00,-340.84,0.6603,2.513942
2387,redandblack,driving_B_2020.01.16_07.26.43.csv,568,81.2801,0.00,-12.65,0.6601,2.226802
2388,soldier,driving_B_2020.02.14_07.29.00.csv,1816,198.7170,100.00,56.13,0.6600,2.299641
2389,longdress,static_B_2020.02.27_18.39.27.csv,479,199.9581,80.04,48.18,0.6598,2.441667
2390,loot,driving_B_2019.12.16_14.23.32.csv,2616,170.1020,71.49,40.47,0.6597,2.351989
2391,redandblack,driving_B_2020.02.14_09.38.22.csv,1478,95.3874,0.00,0.60,0.6596,2.471130
2392,soldier,driving_B_2019.12.17_07.32.39.csv,281,113.4986,0.00,-17.32,0.6594,2.556986
2393,longdress,driving_B_2020.02.14_09.38.22.csv,52,15.1194,0.00,-149.07,0.6593,2.580447
2394,loot,static_B_2020.02.27_18.39.27.csv,4559,199.5539,86.59,54.30,0.6591,2.439744
2395,redandblack,static_B_2019.12.16_13.40.04.csv,557,180.7583,100.00,48.41,0.6590,2.619882
2396,soldier,static_B_2020.02.13_13.57.29.csv,840,190.2155,85.64,51.93,0.6588,2.331231
2397,longdress,driving_B_2020.01.16_09.56.56.csv,1570,152.9738,25.87,22.57,0.6587,2.410780
2398,loot,driving_B_2020.01.16_09.56.56.csv,1104,106.9454,16.75,1.79,0.6586,2.540574
2399,redandblack,driving_B_2019.12.17_07.32.39.csv,1001,106.1651,0.00,-42.75,0.6584,2.563517
2400,soldier,static_B_2020.02.27_18.39.27.csv,2879,182.2673,79.11,45.46,0.6583,2.420829
2401,longdress,driving_B_2019.12.17_07.32.39.csv,521,53.0848,0.00,-105.07,0.6581,2.746856
2402,loot,driving_B_2019.12.17_07.32.39.csv,2021,220.2881,100.00,63.84,0.6580,2.448466
2403,redandblack,driving_B_2020.02.14_07.29.00.csv,1970,15.0324,0.00,-148.01,0.6578,2.554600
2404,soldier,static_B_2019.12.16_13.40.04.csv,797,222.9196,100.00,67.13,0.6577,2.676631
2405,longdress,driving_B_2020.02.14_09.38.22.csv,1072,21.0283,0.00,-114.50,0.6576,2.547758
2406,loot,driving_B_2019.12.17_07.32.39.csv,1661,126.1956,0.00,-4.24,0.6574,2.386201
2407,redandblack,static_B_2020.02.27_18.39.27.csv,2579,179.2536,73.45,35.50,0.6573,2.291237
2408,soldier,static_B_2020.02.27_18.39.27.csv,4259,201.4240,100.00,54.91,0.6571,2.584339
2409,longdress,driving_B_2020.02.14_09.38.22.csv,292,5.6726,0.00,-224.48,0.6570,2.533338
2410,loot,driving_B_2020.01.16_07.26.43.csv,1168,129.7963,34.07,17.29,0.6569,2.296277
2411,redandblack,driving_B_2020.02.14_07.29.00.csv,556,81.7853,0.00,-27.29,0.6567,2.684296
2412,soldier,driving_B_2020.02.14_07.29.00.csv,1876,18.5794,0.00,-143.74,0.6566,2.364909
2413,longdress,static_B_2020.02.27_18.39.27.csv,5159,183.9178,87.99,50.65,0.6564,2.381166
2414,loot,driving_B_2020.02.13_13.03.24.csv,636,72.2117,0.00,-19.42,0.6563,2.691489
2415,redandblack,driving_B_2020.02.13_13.03.24.csv,1296,73.6878,0.00,-41.96,0.6561,2.362298
2416,soldier,driving_B_2020.02.13_13.03.24.csv,1536,24.4015,0.00,-83.16,0.6560,2.512792
2417,longdress,driving_B_2020.02.13_15.02.01.csv,2316,40.1770,0.00,-187.40,0.6559,2.578427
2418,loot,driving_B_2020.02.14_07.29.00.csv,1936,53.6516,0.00,-101.37,0.6557,2.278460
2419,redandblack,static_B_2020.02.14_13.21.26.csv,805,212.1736,100.00,60.67,0.6556,2.332645
2420,soldier,static_B_2020.02.27_18.39.27.csv,3119,63.5636,0.00,-79.14,0.6554,2.449347
2421,longdress,static_B_2020.02.27_18.39.27.csv,4319,150.5217,42.35,32.05,0.6553,2.466533
2422,loot,static_B_2019.12.16_13.40.04.csv,1217,148.7538,71.36,35.23,0.6551,2.756395
2423,redandblack,static_B_2020.02.27_18.39.27.csv,2279,189.1137,82.20,49.46,0.6550,2.203070
2424,soldier,driving_B_2020.02.14_09.38.22.csv,1478,44.4208,0.00,-76.22,0.6549,2.245044
2425,longdress,driving_B_2020.02.13_15.02.01.csv,2436,11.0733,0.00,-353.27,0.6547,2.407351
2426,loot,static_B_2019.12.16_13.40.04.csv,377,163.1813,81.86,41.49,0.6546,2.541479
2427,redandblack,static_B_2019.12.16_13.40.04.csv,17,179.9239,38.00,49.83,0.6544,2.509382
2428,soldier,driving_B_2019.12.16_14.23.32.csv,192,191.3532,100.00,52.64,0.6543,2.455045
2429,longdress,driving_B_2019.12.16_11.49.59.csv,129,103.7532,0.00,-20.81,0.6541,2.453420
2430,loot,driving_B_2019.12.16_11.49.59.csv,249,22.0640,0.00,-147.18,0.6540,2.548781
2431,redandblack,driving_B_2020.02.27_17.30.15.csv,565,8.3081,0.00,-116.34,0.6539,2.528047
2432,soldier,static_B_2020.02.27_18.39.27.csv,119,195.5265,68.14,41.91,0.6537,2.458009
2433,longdress,static_B_2020.02.14_13.21.26.csv,325,149.4949,20.00,38.60,0.6536,2.552829
2434,loot,driving_B_2020.02.14_12.58.17.csv,308,-70.0140,0.00,-293.97,0.6534,2.456261
2435,redandblack,driving_B_2020.02.13_15.02.01.csv,1056,128.7954,0.00,33.72,0.6533,2.298732
2436,soldier,driving_B_2019.12.16_14.23.32.csv,1152,139.7514,19.45,19.35,0.6532,2.434221
2437,longdress,driving_B_2019.12.16_14.23.32.csv,2232,194.5979,100.00,53.58,0.6530,2.484453
2438,loot,driving_B_2020.02.13_15.02.01.csv,216,187.0501,58.00,51.76,0.6529,2.928509
2439,redandblack,driving_B_2020.02.14_07.29.00.csv,1276,196.8894,100.00,52.16,0.6527,2.325887
2440,soldier,driving_B_2020.01.16_07.26.43.csv,28,87.5849,0.00,-30.92,0.6526,2.468136
2441,longdress,static_B_2020.02.13_13.57.29.csv,2760,139.6341,3.63,7.11,0.6524,2.327139
2442,loot,static_B_2020.02.27_18.39.27.csv,5639,217.7633,96.00,64.41,0.6523,2.506287
2443,redandblack,static_B_2020.02.27_18.39.27.csv,1019,189.6715,100.00,50.27,0.6522,2.517952
2444,soldier,driving_B_2020.02.27_17.30.15.csv,685,-22.3645,0.00,-255.66,0.6520,2.307937
2445,longdress,static_B_2019.12.16_13.40.04.csv,257,170.4587,33.58,19.74,0.6519,2.255162
2446,loot,static_B_2020.02.13_13.57.29.csv,1440,175.4258,100.00,46.00,0.6517,2.512337
2447,redandblack,static_B_2019.12.16_13.40.04.csv,1097,130.2198,0.00,-85.75,0.6516,2.688720
2448,soldier,static_B_2020.02.27_18.39.27.csv,59,154.5986,42.00,37.59,0.6514,2.212268
2449,longdress,static_B_2020.02.13_13.57.29.csv,2945,195.4465,46.45,44.32,0.6513,2.304359
2450,loot,static_B_2020.02.13_13.57.29.csv,600,209.8294,100.00,57.80,0.6512,2.629437
2451,redandblack,driving_B_2020.02.13_15.02.01.csv,156,177.6855,56.00,47.85,0.6510,2.290621
2452,soldier,driving_B_2020.02.13_13.03.24.csv,276,78.7636,0.00,-50.55,0.6509,2.655124
2453,longdress,driving_B_2020.02.13_13.03.24.csv,2188,-39.4840,0.00,-238.92,0.6507,2.474387
2454,loot,static_B_2020.02.27_18.39.27.csv,5339,182.3010,40.00,51.94,0.6506,2.396903
2455,redandblack,driving_B_2019.12.17_07.32.39.csv,2261,204.9437,70.00,59.54,0.6504,2.787012
2456,soldier,driving_B_2020.01.16_07.26.43.csv,748,147.7949,21.39,18.47,0.6503,2.639064
2457,longdress,driving_B_2020.02.14_09.38.22.csv,712,154.5014,57.21,24.91,0.6502,2.457328
2458,loot,driving_B_2020.01.16_09.56.56.csv,1570,179.5929,70.85,43.50,0.6500,2.478709
2459,redandblack,driving_B_2020.02.14_07.29.00.csv,436,62.1668,0.00,-44.97,0.6499,2.402309
2460,soldier,driving_B_2019.12.16_14.23.32.csv,792,117.5293,3.02,7.50,0.6497,2.453741
2461,longdress,driving_B_2020.02.13_15.02.01.csv,1116,182.0189,98.00,49.33,0.6496,2.637608
2462,loot,driving_B_2020.02.14_07.29.00.csv,136,148.2010,50.45,27.44,0.6494,2.511747
2463,redandblack,driving_B_2019.12.16_12.27.05.csv,475,31.0623,0.00,-203.59,0.6493,2.643677
2464,soldier,driving_B_2020.02.13_13.03.24.csv,2016,9.7932,0.00,-150.49,0.6492,2.426232
2465,longdress,static_B_2020.02.27_18.39.27.csv,5579,179.0789,68.71,49.14,0.6490,2.708792
2466,loot,static_B_2020.02.13_13.57.29.csv,1320,78.8778,2.23,-12.83,0.6489,2.569350
2467,redandblack,static_B_2020.02.27_18.39.27.csv,4739,195.5414,40.00,55.81,0.6487,2.473710
2468,soldier,driving_B_2020.01.16_09.56.56.csv,804,172.8762,87.59,43.98,0.6486,2.331904
2469,longdress,driving_B_2020.02.13_15.02.01.csv,2376,-28.4991,0.00,-226.40,0.6485,2.488536
2470,loot,driving_B_2019.12.16_12.27.05.csv,955,196.8717,86.79,54.11,0.6483,2.501218
2471,redandblack,driving_B_2020.02.14_07.29.00.csv,736,143.8767,16.29,4.28,0.6482,2.468876
2472,soldier,driving_B_2020.02.13_15.02.01.csv,756,117.1777,0.00,0.36,0.6480,2.247001
2473,longdress,driving_B_2020.02.14_07.29.00.csv,1096,103.9427,24.20,9.02,0.6479,2.671473
2474,loot,driving_B_2020.01.16_09.56.56.csv,1344,174.6108,100.00,42.65,0.6477,2.515815
2475,redandblack,driving_B_2019.12.17_07.32.39.csv,881,106.2370,24.17,4.03,0.6476,2.402294
2476,soldier,driving_B_2020.02.13_13.03.24.csv,1416,64.0605,0.00,-28.07,0.6475,2.465495
2477,longdress,static_B_2020.02.27_18.39.27.csv,3659,225.2412,100.00,65.96,0.6473,2.584477
2478,loot,driving_B_2020.02.13_13.03.24.csv,1956,1.6910,0.00,-147.65,0.6472,2.573161
2479,redandblack,driving_B_2019.12.16_14.23.32.csv,2412,120.9572,15.69,11.57,0.6470,2.575084
2480,soldier,driving_B_2020.01.16_07.26.43.csv,688,88.7737,0.00,-48.40,0.6469,2.564019
2481,longdress,static_B_2020.02.27_18.39.27.csv,4199,171.7974,33.10,31.06,0.6467,2.399819
2482,loot,static_B_2020.02.27_18.39.27.csv,2159,161.7441,100.00,40.10,0.6466,2.364650
2483,redandblack,static_B_2020.02.27_18.39.27.csv,4919,208.9401,82.23,57.97,0.6465,2.656945
2484,soldier,static_B_2020.02.27_18.39.27.csv,179,163.4610,48.00,44.12,0.6463,2.481732
2485,longdress,driving_B_2020.02.14_07.29.00.csv,316,177.0919,86.00,45.83,0.6462,2.748739
2486,loot,static_B_2020.02.13_13.57.29.csv,1080,211.3782,100.00,59.53,0.6460,2.407338
2487,redandblack,static_B_2019.12.16_13.40.04.csv,677,218.4250,98.00,63.47,0.6459,2.332352
2488,soldier,driving_B_2019.12.16_14.23.32.csv,2112,151.6154,14.00,42.27,0.6457,2.504567
2489,longdress,static_B_2020.02.27_18.39.27.csv,3419,164.3075,86.09,41.21,0.6456,2.710267
2490,loot,static_B_2020.02.13_13.57.29.csv,1140,137.0461,35.64,25.13,0.6455,2.551296
2491,redandblack,driving_B_2019.12.16_11.49.59.csv,69,112.7198,42.07,16.26,0.6453,2.384623
2492,soldier,static_B_2019.12.16_13.40.04.csv,1157,68.0143,37.76,-51.86,0.6452,2.372191
2493,longdress,driving_B_2020.02.13_15.02.01.csv,2196,174.0443,63.19,39.47,0.6450,2.430784
2494,loot,driving_B_2019.12.17_07.32.39.csv,461,169.4737,22.81,7.48,0.6449,2.602858
2495,redandblack,driving_B_2019.12.16_14.23.32.csv,1332,104.0687,0.00,-16.81,0.6448,2.690392
2496,soldier,static_B_2020.02.27_18.39.27.csv,2459,206.1606,88.90,57.63,0.6446,2.803806
2497,longdress,static_B_2020.02.27_18.39.27.csv,1439,148.3630,42.27,25.44,0.6445,2.474830
2498,loot,driving_B_2020.02.14_07.29.00.csv,916,176.9915,100.00,48.27,0.6443,2.642933
2499,redandblack,driving_B_2020.02.13_15.02.01.csv,336,154.0191,42.00,36.85,0.6442,2.338814
2500,soldier,static_B_2020.02.13_13.57.29.csv,2820,139.7394,26.72,12.56,0.6440,2.431794
2501,longdress,driving_B_2020.02.13_13.03.24.csv,456,33.1458,0.00,-52.08,0.6439,2.615767
2502,loot,static_B_2020.02.27_18.39.27.csv,1559,213.4492,85.05,58.33,0.6438,2.571430
2503,redandblack,driving_B_2020.02.13_15.02.01.csv,2556,154.0013,82.53,38.37,0.6436,2.331782
2504,soldier,driving_B_2020.01.16_09.56.56.csv,924,58.9773,0.00,-39.60,0.6435,2.499493
2505,longdress,driving_B_2020.02.14_12.58.17.csv,668,71.5664,0.00,-80.32,0.6433,2.519594
2506,loot,static_B_2020.02.27_18.39.27.csv,3719,232.3084,100.00,70.78,0.6432,2.770530
2507,redandblack,static_B_2020.02.13_13.57.29.csv,60,144.7250,47.17,27.30,0.6430,2.541658
2508,soldier,driving_B_2020.02.13_15.02.01.csv,396,155.8213,46.00,39.75,0.6429,2.649791
2509,longdress,driving_B_2020.01.16_07.26.43.csv,1048,118.3205,47.74,21.50,0.6428,2.658800
2510,loot,static_B_2020.02.27_18.39.27.csv,1259,182.7963,36.00,50.35,0.6426,2.643933
2511,redandblack,driving_B_2020.01.16_07.26.43.csv,628,82.1722,0.00,-14.83,0.6425,2.649570
2512,soldier,driving_B_2020.02.27_17.30.15.csv,145,-23.2375,0.00,-161.70,0.6423,2.523430
2513,longdress,driving_B_2020.01.16_07.26.43.csv,1108,137.3730,14.80,16.99,0.6422,2.642700
2514,loot,driving_B_2020.02.14_07.29.00.csv,856,172.5448,56.14,38.15,0.6420,2.342244
2515,redandblack,driving_B_2019.12.16_14.23.32.csv,912,102.7377,22.28,2.03,0.6419,2.777261
2516,soldier,driving_B_2020.02.13_13.03.24.csv,396,39.0789,0.00,-81.89,0.6418,2.469880
2517,longdress,driving_B_2020.02.13_13.03.24.csv,1176,19.6209,0.00,-152.57,0.6416,2.598523
2518,loot,driving_B_2020.02.13_13.03.24.csv,756,63.3073,0.00,-31.15,0.6415,2.410592
2519,redandblack,driving_B_2020.02.13_15.02.01.csv,2136,129.1634,0.00,31.98,0.6413,2.827946
2520,soldier,driving_B_2019.12.17_07.32.39.csv,2288,185.5886,51.01,41.92,0.6412,2.491168
2521,longdress,static_B_2020.02.13_13.57.29.csv,900,113.7875,0.00,-13.60,0.6410,2.307740
2522,loot,driving_B_2020.02.14_12.58.17.csv,68,23.7826,0.00,-162.58,0.6409,2.634394
2523,redandblack,driving_B_2020.02.14_09.38.22.csv,352,32.0408,0.00,-81.19,0.6408,2.559718
2524,soldier,driving_B_2019.12.16_14.23.32.csv,312,213.9306,77.90,57.88,0.6406,2.717518
2525,longdress,static_B_2019.12.16_13.40.04.csv,737,149.6442,12.00,40.71,0.6405,2.406332
2526,loot,static_B_2020.02.14_13.21.26.csv,850,193.7850,76.36,47.07,0.6403,2.454240
2527,redandblack,static_B_2020.02.27_18.39.27.csv,5459,204.0565,86.46,57.14,0.6402,2.661636
2528,soldier,driving_B_2020.01.16_09.56.56.csv,144,74.3164,0.00,-38.98,0.6401,2.664448
2529,longdress,driving_B_2020.02.14_07.29.00.csv,16,117.9939,23.27,3.49,0.6399,2.877626
2530,loot,driving_B_2019.12.17_07.32.39.csv,1241,147.3084,53.18,25.95,0.6398,2.475185
2531,redandblack,driving_B_2020.02.13_15.02.01.csv,1536,21.2917,0.00,-92.66,0.6396,2.523157
2532,soldier,driving_B_2020.02.14_12.58.17.csv,800,-5.5443,0.00,-224.21,0.6395,2.362805
2533,longdress,driving_B_2020.02.13_13.03.24.csv,936,31.8401,0.00,-138.61,0.6393,2.352253
2534,loot,driving_B_2020.02.14_07.29.00.csv,1756,183.6788,86.57,48.36,0.6392,2.803208
2535,redandblack,driving_B_2020.02.14_07.29.00.csv,256,132.1573,9.91,9.41,0.6391,2.493189
2536,soldier,driving_B_2019.12.16_14.23.32.csv,1452,87.0242,0.00,-26.49,0.6389,2.418296
2537,longdress,driving_B_2020.01.16_07.26.43.csv,1708,92.1719,0.00,-6.65,0.6388,2.645111
2538,loot,driving_B_2019.12.16_12.27.05.csv,1075,205.1713,79.16,52.11,0.6386,2.523792
2539,redandblack,driving_B_2020.02.14_07.29.00.csv,1696,159.6496,60.37,35.66,0.6385,2.632772
2540,soldier,driving_B_2020.02.14_07.29.00.csv,1036,21.2099,0.00,-69.74,0.6383,2.697171
2541,longdress,driving_B_2020.02.13_15.02.01.csv,1956,203.9243,68.35,55.71,0.6382,2.623022
2542,loot,driving_B_2020.01.16_07.26.43.csv,1528,73.8258,0.00,-41.87,0.6381,2.857186
2543,redandblack,driving_B_2019.12.16_14.23.32.csv,972,120.7869,7.17,2.89,0.6379,2.488844
2544,soldier,driving_B_2020.02.14_09.38.22.csv,772,81.8470,0.00,-28.04,0.6378,2.404549
2545,longdress,driving_B_2019.12.16_12.27.05.csv,355,77.0341,0.00,-244.79,0.6376,2.752605
2546,loot,driving_B_2019.12.17_07.32.39.csv,1961,167.0208,58.72,34.20,0.6375,2.642509
2547,redandblack,static_B_2020.02.27_18.39.27.csv,1919,152.5551,22.00,39.91,0.6373,2.439793
2548,soldier,static_B_2020.02.27_18.39.27.csv,659,158.4995,29.70,22.03,0.6372,2.555108
2549,longdress,static_B_2020.02.14_13.21.26.csv,205,205.0722,100.00,56.27,0.6371,2.641665
2550,loot,driving_B_2020.02.13_15.02.01.csv,2616,163.8297,28.00,43.29,0.6369,2.639510
2551,redandblack,static_B_2020.02.27_18.39.27.csv,299,146.5941,32.82,23.48,0.6368,2.573296
2552,soldier,driving_B_2020.01.16_07.26.43.csv,1228,81.5229,0.00,-29.61,0.6366,2.592425
2553,longdress,driving_B_2020.02.13_15.02.01.csv,576,134.8845,28.22,16.21,0.6365,2.431767
2554,loot,driving_B_2019.12.17_07.32.39.csv,641,152.4294,44.64,24.46,0.6363,2.527957
2555,redandblack,driving_B_2020.01.16_07.26.43.csv,1588,54.4350,0.00,-114.56,0.6362,2.690056
2556,soldier,static_B_2019.12.16_13.40.04.csv,497,172.9417,100.00,16.64,0.6361,2.777593
2557,longdress,driving_B_2020.01.16_09.56.56.csv,1284,216.1310,80.60,56.39,0.6359,2.388557
2558,loot,driving_B_2020.02.14_09.38.22.csv,832,160.0540,54.41,13.99,0.6358,2.390133
2559,redandblack,driving_B_2019.12.16_12.27.05.csv,1015,204.9883,100.00,60.24,0.6356,2.868761
2560,soldier,static_B_2020.02.13_13.57.29.csv,1260,124.0702,18.72,12.04,0.6355,2.583888
2561,longdress,static_B_2020.02.27_18.39.27.csv,5219,109.7620,0.00,-19.68,0.6354,2.780189
2562,loot,static_B_2020.02.13_13.57.29.csv,0,158.3648,57.88,25.54,0.6352,2.576198
2563,redandblack,static_B_2020.02.13_13.57.29.csv,2280,202.1303,100.00,56.32,0.6351,2.798435
2564,soldier,driving_B_2019.12.16_12.27.05.csv,55,77.7975,0.00,-36.90,0.6349,2.397723
2565,longdress,static_B_2020.02.27_18.39.27.csv,2999,184.9823,85.32,48.45,0.6348,2.675501
2566,loot,static_B_2020.02.14_13.21.26.csv,625,121.5451,0.00,28.34,0.6346,2.489458
2567,redandblack,static_B_2020.02.14_13.21.26.csv,265,178.9250,67.69,46.51,0.6345,2.380890
2568,soldier,static_B_2020.02.27_18.39.27.csv,4139,163.7290,66.00,43.60,0.6344,2.348444
2569,longdress,driving_B_2020.01.16_09.56.56.csv,684,100.3529,9.03,-5.38,0.6342,2.570676
2570,loot,driving_B_2020.02.13_15.02.01.csv,996,125.3404,27.78,10.93,0.6341,2.743628
2571,redandblack,driving_B_2020.01.16_07.26.43.csv,1770,87.1971,0.00,-63.14,0.6339,2.498162
2572,soldier,driving_B_2020.01.16_12.10.03.csv,156,226.4928,100.00,66.23,0.6338,2.510471
2573,longdress,static_B_2019.12.16_13.40.04.csv,1577,201.9781,84.00,58.49,0.6336,2.616459
2574,loot,driving_B_2019.12.16_14.23.32.csv,1752,-1.8714,0.00,-115.17,0.6335,2.564822
2575,redandblack,driving_B_2019.12.17_07.32.39.csv,1601,134.1346,54.40,24.35,0.6334,2.687943
2576,soldier,static_B_2020.02.27_18.39.27.csv,2039,205.7536,78.00,59.64,0.6332,2.736906
2577,longdress,driving_B_2020.02.14_09.38.22.csv,592,177.1635,66.85,42.82,0.6331,2.395242
2578,loot,driving_B_2020.01.16_07.26.43.csv,1768,42.5531,0.00,-61.20,0.6329,2.605791
2579,redandblack,static_B_2019.12.16_13.40.04.csv,1277,138.5121,19.67,20.11,0.6328,2.432412
2580,soldier,driving_B_2020.02.13_13.03.24.csv,96,38.9471,0.00,-93.33,0.6326,2.722162
2581,longdress,static_B_2020.02.13_13.57.29.csv,2160,153.8596,32.85,30.30,0.6325,2.650645
2582,loot,driving_B_2020.02.14_07.29.00.csv,496,153.9771,44.97,32.86,0.6324,2.512824
2583,redandblack,static_B_2020.02.13_13.57.29.csv,2220,167.1534,77.63,38.39,0.6322,2.727288
2584,soldier,driving_B_2019.12.16_14.23.32.csv,672,207.1270,98.00,58.40,0.6321,2.497318
2585,longdress,static_B_2020.02.27_18.39.27.csv,5742,195.6092,70.00,53.96,0.6319,2.772824
2586,loot,static_B_2019.12.16_13.40.04.csv,1877,133.6104,0.00,-140.09,0.6318,2.649058
2587,redandblack,static_B_2020.02.27_18.39.27.csv,419,208.4917,86.00,58.29,0.6317,2.532756
2588,soldier,driving_B_2019.12.16_14.23.32.csv,1512,63.7600,0.00,-33.97,0.6315,2.841908
2589,longdress,driving_B_2020.02.14_07.29.00.csv,1396,161.4068,8.00,42.52,0.6314,2.473459
2590,loot,static_B_2020.02.13_13.57.29.csv,2100,164.6665,57.99,33.90,0.6312,2.808716
2591,redandblack,driving_B_2019.12.17_07.32.39.csv,1901,164.3638,75.68,33.17,0.6311,2.865337
2592,soldier,driving_B_2019.12.16_14.23.32.csv,1872,-0.3766,0.00,-134.78,0.6309,2.461918
2593,longdress,driving_B_2020.02.13_15.02.01.csv,2256,163.3283,64.00,41.87,0.6308,2.805622
2594,loot,static_B_2020.02.13_13.57.29.csv,2400,152.9784,60.42,30.04,0.6307,2.637350
2595,redandblack,driving_B_2020.02.13_13.03.24.csv,336,79.6598,0.00,-43.76,0.6305,2.597012
2596,soldier,driving_B_2019.12.17_07.32.39.csv,1841,34.6101,0.00,-80.20,0.6304,2.614304
2597,longdress,driving_B_2019.12.17_07.32.39.csv,581,113.9650,0.00,-15.95,0.6302,2.638908
2598,loot,driving_B_2020.01.16_07.26.43.csv,1648,133.8049,21.05,12.48,0.6301,2.665769
2599,redandblack,driving_B_2020.02.13_15.02.01.csv,1236,142.8379,23.93,26.59,0.6299,2.413022
2600,soldier,driving_B_2020.01.16_09.56.56.csv,1044,35.3368,0.00,-74.37,0.6298,2.776911
2601,longdress,driving_B_2020.02.13_13.03.24.csv,996,40.1924,0.00,-89.50,0.6297,2.677136
2602,loot,driving_B_2019.12.17_07.32.39.csv,1421,178.2474,78.11,44.98,0.6295,2.581820
2603,redandblack,static_B_2019.12.16_13.40.04.csv,917,127.6221,18.87,5.29,0.6294,2.717226
2604,soldier,static_B_2020.02.14_13.21.26.csv,505,169.8901,38.00,46.01,0.6292,2.541427
2605,longdress,static_B_2020.02.27_18.39.27.csv,1679,172.5910,45.60,34.36,0.6291,2.711134
2606,loot,driving_B_2019.12.16_11.49.59.csv,189,93.0896,0.00,-26.34,0.6289,2.705037
2607,redandblack,driving_B_2019.12.16_12.27.05.csv,655,70.7905,0.00,-142.93,0.6288,2.449934
2608,soldier,driving_B_2020.01.16_07.26.43.csv,88,78.3949,0.00,-3.76,0.6287,3.020194
2609,longdress,static_B_2020.02.13_13.57.29.csv,540,183.9170,86.00,47.64,0.6285,2.434158
2610,loot,driving_B_2020.02.13_13.03.24.csv,1596,-4.6429,0.00,-187.95,0.6284,2.829945
2611,redandblack,driving_B_2019.12.17_07.32.39.csv,161,122.0733,36.76,15.25,0.6282,2.679989
2612,soldier,driving_B_2019.12.16_14.23.32.csv,2616,132.2824,3.80,7.71,0.6281,2.476028
2613,longdress,driving_B_2020.02.27_17.30.15.csv,25,1.1817,0.00,-105.71,0.6279,2.491896
2614,loot,static_B_2019.12.16_13.40.04.csv,617,101.8431,7.04,-2.57,0.6278,2.493980
2615,redandblack,static_B_2020.02.27_18.39.27.csv,3479,207.6459,100.00,57.88,0.6277,2.685536
2616,soldier,driving_B_2020.02.13_15.02.01.csv,276,158.8203,45.48,37.16,0.6275,2.683946
2617,longdress,driving_B_2020.02.14_07.29.00.csv,1636,188.8601,79.68,44.30,0.6274,2.454949
2618,loot,driving_B_2019.12.17_07.32.39.csv,41,175.0202,85.47,44.88,0.6272,2.622482
2619,redandblack,driving_B_2020.02.14_12.58.17.csv,368,-0.4386,0.00,-181.58,0.6271,2.851475
2620,soldier,driving_B_2019.12.17_07.32.39.csv,1301,155.6448,44.35,17.26,0.6270,2.511711
2621,longdress,driving_B_2020.02.13_15.02.01.csv,1596,-2.1674,0.00,-429.97,0.6268,2.570498
2622,loot,driving_B_2019.12.17_07.32.39.csv,2141,72.4438,0.00,-49.01,0.6267,2.774647
2623,redandblack,static_B_2019.12.16_13.40.04.csv,437,178.5925,60.96,37.58,0.6265,2.798025
2624,soldier,driving_B_2020.02.13_15.02.01.csv,1476,-4.9879,0.00,-137.47,0.6264,2.590866
2625,longdress,driving_B_2020.02.13_13.03.24.csv,1776,113.4726,0.00,-602.26,0.6262,2.710732
2626,loot,driving_B_2020.02.14_12.58.17.csv,8,96.8597,14.82,11.60,0.6261,2.820961
2627,redandblack,static_B_2020.02.27_18.39.27.csv,1859,143.8947,59.37,18.16,0.6260,2.713332
2628,soldier,static_B_2020.02.27_18.39.27.csv,3779,126.1425,0.00,0.97,0.6258,2.671893
2629,longdress,static_B_2019.12.16_13.40.04.csv,317,107.2842,5.00,5.17,0.6257,2.649393
2630,loot,driving_B_2019.12.16_12.27.05.csv,895,215.6855,100.00,62.89,0.6255,2.558370
2631,redandblack,static_B_2020.02.27_18.39.27.csv,839,232.9416,100.00,69.04,0.6254,2.879972
2632,soldier,driving_B_2020.02.13_13.03.24.csv,216,33.5482,0.00,-48.29,0.6252,2.715314
2633,longdress,driving_B_2020.01.16_07.26.43.csv,868,39.6981,0.00,-124.93,0.6251,3.008884
2634,loot,driving_B_2019.12.16_14.23.32.csv,132,147.4851,0.00,39.62,0.6250,2.692791
2635,redandblack,driving_B_2020.02.14_09.38.22.csv,532,172.8527,61.65,42.04,0.6248,2.904983
2636,soldier,driving_B_2020.02.13_15.02.01.csv,1896,173.9710,49.99,35.75,0.6247,2.784410
2637,longdress,driving_B_2020.01.16_12.10.03.csv,244,219.3055,100.00,62.21,0.6245,2.685313
2638,loot,static_B_2020.02.13_13.57.29.csv,1500,208.2095,42.31,43.21,0.6244,2.845960
2639,redandblack,static_B_2020.02.27_18.39.27.csv,4799,182.8378,12.00,52.28,0.6242,2.727731
2640,soldier,driving_B_2020.02.14_07.29.00.csv,376,172.4253,44.55,39.79,0.6241,2.766116
2641,longdress,driving_B_2020.02.14_12.58.17.csv,608,77.6750,0.00,-42.29,0.6240,2.525486
2642,loot,driving_B_2020.01.16_09.56.56.csv,1464,177.2271,100.00,47.81,0.6238,2.745567
2643,redandblack,driving_B_2020.02.13_13.03.24.csv,36,61.5570,0.00,-58.05,0.6237,2.804512
2644,soldier,driving_B_2019.12.16_14.23.32.csv,552,114.5095,28.71,15.14,0.6235,2.785812
2645,longdress,static_B_2020.02.27_18.39.27.csv,4979,224.6082,100.00,64.34,0.6234,2.644501
2646,loot,driving_B_2020.02.13_13.03.24.csv,2076,-52.6671,0.00,-265.14,0.6233,2.705633
2647,redandblack,driving_B_2020.01.16_07.26.43.csv,328,43.5899,0.00,-90.86,0.6231,2.427443
2648,soldier,driving_B_2020.02.13_15.02.01.csv,1836,163.3642,87.99,42.64,0.6230,2.668406
2649,longdress,driving_B_2020.02.14_09.38.22.csv,472,22.9182,0.00,-67.81,0.6228,2.898596
2650,loot,driving_B_2020.01.16_07.26.43.csv,448,75.9229,0.00,-71.03,0.6227,2.527988
2651,redandblack,driving_B_2019.12.16_12.27.05.csv,1135,123.8265,21.42,14.14,0.6225,2.744242
2652,soldier,driving_B_2020.01.16_07.26.43.csv,1770,0.4813,0.00,-101.40,0.6224,2.627826
2653,longdress,static_B_2020.02.27_18.39.27.csv,5519,137.5013,50.00,32.89,0.6223,2.688545
2654,loot,static_B_2020.02.27_18.39.27.csv,4619,192.8810,49.78,45.69,0.6221,2.726551
2655,redandblack,static_B_2020.02.13_13.57.29.csv,1200,206.2986,100.00,58.60,0.6220,2.664529
2656,soldier,static_B_2020.02.27_18.39.27.csv,3959,198.0430,32.00,57.07,0.6218,2.580063
2657,longdress,driving_B_2020.02.14_12.58.17.csv,128,108.7098,12.78,3.48,0.6217,2.859344
2658,loot,static_B_2019.12.16_13.40.04.csv,1817,177.1759,100.00,46.65,0.6215,2.691676
2659,redandblack,driving_B_2020.02.13_13.03.24.csv,2188,-2.6479,0.00,-117.00,0.6214,2.732928
2660,soldier,driving_B_2020.02.14_07.29.00.csv,1336,178.7055,69.58,46.58,0.6213,2.810511
2661,longdress,static_B_2020.02.27_18.39.27.csv,959,191.0236,84.21,51.11,0.6211,2.567245
2662,loot,driving_B_2020.02.13_13.03.24.csv,1236,43.3953,0.00,-67.05,0.6210,2.765903
2663,redandblack,static_B_2020.02.13_13.57.29.csv,180,129.4895,37.26,16.75,0.6208,2.825530
2664,soldier,static_B_2020.02.13_13.57.29.csv,1980,173.3112,32.00,46.38,0.6207,2.589163
2665,longdress,driving_B_2020.02.13_15.02.01.csv,36,218.7313,100.00,61.17,0.6205,2.949246
2666,loot,driving_B_2020.02.13_15.02.01.csv,2496,60.5010,0.00,-86.17,0.6204,2.499359
2667,redandblack,driving_B_2020.01.16_07.26.43.csv,1468,20.7995,0.00,-87.92,0.6203,2.505096
2668,soldier,driving_B_2020.01.16_09.56.56.csv,864,68.2460,0.00,-64.41,0.6201,2.794226
2669,longdress,static_B_2020.02.13_13.57.29.csv,2940,203.1658,64.24,45.24,0.6200,2.678544
2670,loot,static_B_2020.02.13_13.57.29.csv,720,108.8574,37.21,-0.15,0.6198,2.753526
2671,redandblack,static_B_2019.12.16_13.40.04.csv,1037,187.5106,100.00,49.83,0.6197,2.576295
2672,soldier,driving_B_2020.02.14_12.58.17.csv,428,-49.2605,0.00,-416.39,0.6195,2.549903
2673,longdress,driving_B_2020.02.13_15.02.01.csv,2736,31.5039,0.00,-109.99,0.6194,2.725596
2674,loot,driving_B_2020.02.14_09.38.22.csv,1192,57.4464,0.00,-71.72,0.6193,2.854013
2675,redandblack,static_B_2020.02.27_18.39.27.csv,1199,156.3588,44.48,16.04,0.6191,2.514895
2676,soldier,driving_B_2019.12.16_14.23.32.csv,2172,137.6590,49.04,23.17,0.6190,2.627502
2677,longdress,static_B_2020.02.27_18.39.27.csv,5399,226.9745,100.00,65.46,0.6188,2.755798
2678,loot,driving_B_2019.12.17_07.32.39.csv,2201,148.3502,75.95,25.61,0.6187,2.765345
2679,redandblack,static_B_2020.02.27_18.39.27.csv,4379,203.7866,100.00,55.81,0.6186,2.712334
2680,soldier,driving_B_2020.02.13_15.02.01.csv,636,36.8562,0.00,-39.97,0.6184,2.587699
2681,longdress,static_B_2020.02.13_13.57.29.csv,1680,148.7328,46.56,24.01,0.6183,2.809681
2682,loot,driving_B_2019.12.16_11.49.59.csv,277,24.9266,0.00,-96.79,0.6181,2.589463
2683,redandblack,static_B_2020.02.14_13.21.26.csv,850,172.7276,65.62,41.59,0.6180,2.636650
2684,soldier,driving_B_2019.12.16_14.23.32.csv,2532,49.8957,0.00,-125.83,0.6178,2.742449
2685,longdress,driving_B_2020.02.14_07.29.00.csv,76,161.3165,52.72,31.08,0.6177,2.587476
2686,loot,driving_B_2020.02.13_15.02.01.csv,1656,45.2517,0.00,-110.99,0.6176,2.617304
2687,redandblack,driving_B_2020.01.16_09.56.56.csv,24,125.4671,41.46,21.68,0.6174,2.698334
2688,soldier,driving_B_2019.12.17_07.32.39.csv,761,107.5260,9.85,-2.52,0.6173,2.719156
2689,longdress,driving_B_2020.02.13_15.02.01.csv,1296,-6.6612,0.00,-304.45,0.6171,2.669489
2690,loot,driving_B_2019.12.16_14.23.32.csv,432,201.3867,100.00,56.11,0.6170,2.934840
2691,redandblack,driving_B_2020.02.14_07.29.00.csv,1970,31.4786,0.00,-104.10,0.6168,2.728040
2692,soldier,driving_B_2020.01.16_09.56.56.csv,504,218.7811,55.94,56.53,0.6167,2.563531
2693,longdress,driving_B_2019.12.16_14.23.32.csv,1632,196.7000,90.00,54.60,0.6166,2.757730
2694,loot,static_B_2020.02.13_13.57.29.csv,780,232.6170,100.00,69.27,0.6164,2.681445
2695,redandblack,driving_B_2020.01.16_09.56.56.csv,1524,112.3462,0.00,24.92,0.6163,2.787881
2696,soldier,static_B_2020.02.27_18.39.27.csv,359,212.1776,100.00,60.05,0.6161,2.723590
2697,longdress,driving_B_2019.12.16_12.27.05.csv,235,148.0749,9.11,24.98,0.6160,3.088231
2698,loot,driving_B_2019.12.17_07.32.39.csv,1121,191.8087,58.00,53.84,0.6158,2.753213
2699,redandblack,driving_B_2020.02.13_13.03.24.csv,1056,80.8887,0.00,-23.95,0.6157,2.714498
2700,soldier,driving_B_2019.12.16_14.23.32.csv,2592,79.4913,10.72,-20.54,0.6156,2.583217
2701,longdress,static_B_2020.02.13_13.57.29.csv,2520,217.0607,100.00,61.72,0.6154,2.659365
2702,loot,driving_B_2019.12.17_07.32.39.csv,341,143.3328,57.04,27.58,0.6153,2.884240
2703,redandblack,driving_B_2020.02.14_09.38.22.csv,412,103.2659,0.00,-33.40,0.6151,2.685090
2704,soldier,driving_B_2020.01.16_12.10.03.csv,244,225.2720,100.00,65.34,0.6150,2.843332
2705,longdress,driving_B_2020.01.16_07.26.43.csv,388,11.2860,0.00,-151.08,0.6148,2.533681
2706,loot,driving_B_2019.12.17_07.32.39.csv,1361,163.4870,20.00,44.40,0.6147,3.105007
2707,redandblack,static_B_2019.12.16_13.40.04.csv,857,188.5729,85.69,52.06,0.6146,2.646585
2708,soldier,driving_B_2020.01.16_07.26.43.csv,208,73.1813,0.00,-33.52,0.6144,2.708992
2709,longdress,driving_B_2019.12.16_14.23.32.csv,1572,144.6781,64.78,30.75,0.6143,2.608584
2710,loot,driving_B_2020.02.14_09.38.22.csv,1012,139.2943,39.12,23.49,0.6141,2.963761
2711,redandblack,static_B_2020.02.27_18.39.27.csv,2339,5.5188,0.00,-349.69,0.6140,2.682510
2712,soldier,static_B_2020.02.27_18.39.27.csv,4679,74.6176,0.00,-174.99,0.6139,2.923125
2713,longdress,driving_B_2020.02.14_09.38.22.csv,1312,185.0957,100.00,46.49,0.6137,2.546950
2714,loot,driving_B_2020.02.14_09.38.22.csv,1432,115.2335,0.00,5.94,0.6136,2.855070
2715,redandblack,driving_B_2020.02.27_17.30.15.csv,720,-19.8055,0.00,-311.87,0.6134,3.105172
2716,soldier,driving_B_2020.02.13_13.03.24.csv,1476,142.9836,39.56,24.31,0.6133,2.694596
2717,longdress,static_B_2020.02.27_18.39.27.csv,1139,121.2953,0.00,-5.13,0.6131,2.632687
2718,loot,static_B_2020.02.27_18.39.27.csv,4019,169.8866,68.80,37.00,0.6130,2.568224
2719,redandblack,driving_B_2020.01.16_07.26.43.csv,1288,183.3568,66.89,44.35,0.6129,2.878328
2720,soldier,driving_B_2019.12.17_07.32.39.csv,1721,13.0773,0.00,-142.60,0.6127,2.861732
2721,longdress,driving_B_2020.02.14_07.29.00.csv,1156,156.6120,40.21,1.23,0.6126,2.747988
2722,loot,static_B_2020.02.27_18.39.27.csv,3239,162.3122,10.00,43.81,0.6124,2.837680
2723,redandblack,driving_B_2020.02.13_15.02.01.csv,2676,63.0433,0.00,-84.00,0.6123,2.708942
2724,soldier,static_B_2020.02.27_18.39.27.csv,2219,184.4721,100.00,49.03,0.6121,2.572495
2725,longdress,driving_B_2020.02.14_07.29.00.csv,1516,136.0409,60.20,20.06,0.6120,2.924761
2726,loot,static_B_2020.02.14_13.21.26.csv,445,208.9546,34.00,63.89,0.6119,2.884742
2727,redandblack,static_B_2020.02.27_18.39.27.csv,4859,212.6115,100.00,63.00,0.6117,2.459667
2728,soldier,driving_B_2019.12.17_07.32.39.csv,941,46.8470,0.00,-99.53,0.6116,2.876020
2729,longdress,driving_B_2020.01.16_09.56.56.csv,744,208.8224,72.00,60.10,0.6114,2.733440
2730,loot,driving_B_2020.02.14_07.29.00.csv,1456,178.1443,84.17,47.72,0.6113,2.452481
2731,redandblack,driving_B_2020.02.27_17.30.15.csv,85,-33.6352,0.00,-229.73,0.6111,2.745621
2732,soldier,driving_B_2020.02.13_15.02.01.csv,456,136.1088,15.09,-8.22,0.6110,2.707292
2733,longdress,driving_B_2020.01.16_09.56.56.csv,444,60.9296,0.00,-87.77,0.6109,2.695850
2734,loot,static_B_2020.02.13_13.57.29.csv,2340,202.1850,58.66,49.42,0.6107,2.684257
2735,redandblack,driving_B_2020.02.14_07.29.00.csv,796,108.1611,0.29,1.52,0.6106,2.749280
2736,soldier,static_B_2020.02.13_13.57.29.csv,2040,180.9537,60.40,51.27,0.6104,2.816537
2737,longdress,static_B_2020.02.13_13.57.29.csv,2460,152.4757,71.65,-2.23,0.6103,2.730770
2738,loot,driving_B_2019.12.16_14.23.32.csv,1392,192.0827,100.00,51.42,0.6102,2.750646
2739,redandblack,driving_B_2020.01.16_12.10.03.csv,216,140.1409,0.00,37.02,0.6100,2.895067
2740,soldier,static_B_2020.02.13_13.57.29.csv,1920,198.8183,100.00,53.83,0.6099,2.761742
2741,longdress,static_B_2019.12.16_13.40.04.csv,1517,167.2949,100.00,40.06,0.6097,2.913817
2742,loot,static_B_2020.02.13_13.57.29.csv,2880,153.6532,76.59,38.98,0.6096,2.756563
2743,redandblack,driving_B_2019.12.16_14.23.32.csv,612,138.3704,61.13,26.15,0.6094,2.652075
2744,soldier,driving_B_2020.02.13_13.03.24.csv,1836,-171.7146,0.00,-423.10,0.6093,2.850415
2745,longdress,static_B_2020.02.27_18.39.27.csv,2399,167.8831,64.00,25.51,0.6092,2.636023
2746,loot,driving_B_2020.02.13_15.02.01.csv,1716,161.1003,74.15,30.63,0.6090,2.731390
2747,redandblack,static_B_2020.02.27_18.39.27.csv,1979,161.5643,18.00,43.87,0.6089,2.811855
2748,soldier,driving_B_2020.01.16_07.26.43.csv,508,70.5915,0.00,-74.11,0.6087,2.943587
2749,longdress,static_B_2020.02.27_18.39.27.csv,3899,168.5338,50.00,45.25,0.6086,2.627113
2750,loot,static_B_2020.02.27_18.39.27.csv,5742,178.3714,64.00,46.70,0.6084,2.892923
2751,redandblack,driving_B_2019.12.16_14.23.32.csv,2292,45.6980,0.00,-82.56,0.6083,2.667061
2752,soldier,driving_B_2020.01.16_09.56.56.csv,1224,89.8942,0.00,-28.50,0.6082,2.666477
2753,longdress,static_B_2020.02.27_18.39.27.csv,5039,139.2083,20.54,20.04,0.6080,2.867168
2754,loot,static_B_2020.02.27_18.39.27.csv,1619,163.1735,30.12,24.48,0.6079,2.872793
2755,redandblack,driving_B_2020.02.27_17.30.15.csv,385,48.4214,0.00,-45.60,0.6077,2.993871
2756,soldier,driving_B_2019.12.16_14.23.32.csv,2352,186.9929,30.00,52.26,0.6076,2.710834
2757,longdress,driving_B_2019.12.16_12.27.05.csv,535,9.1251,0.00,-130.07,0.6074,2.595915
2758,loot,driving_B_2020.02.14_09.38.22.csv,652,147.3812,14.00,36.91,0.6073,2.714980
2759,redandblack,static_B_2020.02.27_18.39.27.csv,4439,187.6867,65.41,45.91,0.6072,2.613189
2760,soldier,driving_B_2019.12.16_11.49.59.csv,277,-9.7858,0.00,-175.39,0.6070,2.832182
2761,longdress,static_B_2020.02.13_13.57.29.csv,1560,182.9231,57.97,33.48,0.6069,2.884989
2762,loot,driving_B_2019.12.17_07.32.39.csv,101,112.9223,0.00,-1.75,0.6067,2.672509
2763,redandblack,driving_B_2020.02.14_07.29.00.csv,1576,181.6292,45.57,7.20,0.6066,2.569672
2764,soldier,driving_B_2020.02.14_09.38.22.csv,1372,227.8784,100.00,66.38,0.6064,2.899201
2765,longdress,static_B_2020.02.27_18.39.27.csv,1799,74.9479,0.00,-118.71,0.6063,2.957498
2766,loot,driving_B_2020.02.14_09.38.22.csv,112,69.4753,0.00,-75.83,0.6062,2.786682
2767,redandblack,static_B_2020.02.13_13.57.29.csv,660,178.7793,67.88,44.60,0.6060,2.691930
2768,soldier,static_B_2020.02.27_18.39.27.csv,3599,178.9425,22.00,49.48,0.6059,2.750490
2769,longdress,driving_B_2019.12.16_12.27.05.csv,415,7.7892,0.00,-97.78,0.6057,2.879420
2770,loot,driving_B_2020.02.14_12.58.17.csv,728,12.7295,0.00,-150.34,0.6056,2.780339
2771,redandblack,driving_B_2020.02.14_07.29.00.csv,1216,199.0998,74.00,58.45,0.6055,2.768687
2772,soldier,driving_B_2020.01.16_09.56.56.csv,1404,148.5790,20.00,39.72,0.6053,2.775604
2773,longdress,static_B_2020.02.27_18.39.27.csv,2759,172.4410,40.00,47.14,0.6052,2.912765
2774,loot,driving_B_2020.02.13_13.03.24.csv,156,60.5905,0.00,-39.99,0.6050,2.794171
2775,redandblack,static_B_2020.02.27_18.39.27.csv,3059,170.3620,68.96,44.05,0.6049,2.719334
2776,soldier,driving_B_2020.01.16_07.26.43.csv,928,19.4821,0.00,-98.46,0.6047,2.690278
2777,longdress,driving_B_2020.01.16_07.26.43.csv,808,169.0328,71.05,40.93,0.6046,2.691692
2778,loot,driving_B_2020.02.13_15.02.01.csv,2754,83.8428,0.00,-26.48,0.6045,2.834167
2779,redandblack,driving_B_2020.01.16_09.56.56.csv,264,175.4377,82.73,41.33,0.6043,2.741036
2780,soldier,static_B_2019.12.16_13.40.04.csv,1397,163.0823,85.05,16.38,0.6042,2.821969
2781,loot,static_B_2020.02.13_13.57.29.csv,2265,184.6634,65.32,46.37,0.6040,3.064327
2782,redandblack,driving_B_2020.02.13_15.02.01.csv,2754,64.3256,0.00,-29.85,0.6039,2.837642
2783,soldier,driving_B_2020.02.27_17.30.15.csv,573,2.9381,0.00,-158.01,0.6037,2.664136
2784,longdress,driving_B_2020.02.13_13.03.24.csv,1481,147.9656,11.02,8.59,0.6036,2.693369
2785,loot,driving_B_2019.12.16_12.27.05.csv,323,56.3150,0.00,-39.97,0.6035,2.772157
2786,redandblack,driving_B_2020.02.14_09.38.22.csv,1208,32.1944,0.00,-93.00,0.6033,2.900290
2787,soldier,static_B_2019.12.16_13.40.04.csv,1636,165.1106,54.11,30.83,0.6032,2.920675
2788,longdress,driving_B_2020.02.13_15.02.01.csv,2576,216.3445,100.00,60.98,0.6030,2.904001
2789,loot,driving_B_2020.02.14_09.38.22.csv,968,147.8563,20.00,38.13,0.6029,2.739749
2790,redandblack,driving_B_2020.02.13_13.03.24.csv,581,93.2001,0.00,-24.90,0.6027,2.880519
2791,soldier,static_B_2020.02.27_18.39.27.csv,3816,170.2153,55.17,30.62,0.6026,2.789413
2792,longdress,driving_B_2020.01.16_09.56.56.csv,318,103.8893,0.64,8.83,0.6025,2.830773
2793,loot,static_B_2019.12.16_13.40.04.csv,1876,95.9703,0.00,-174.19,0.6023,2.856797
2794,redandblack,static_B_2020.02.27_18.39.27.csv,5316,192.1831,96.00,52.48,0.6022,3.212746
2795,soldier,driving_B_2020.02.13_15.02.01.csv,1256,155.4523,33.63,20.43,0.6020,2.807352
2796,longdress,driving_B_2020.02.13_13.03.24.csv,461,42.4359,0.00,-79.26,0.6019,2.974696
2797,loot,static_B_2020.02.27_18.39.27.csv,4056,159.4952,8.00,42.19,0.6017,2.784779
2798,redandblack,driving_B_2019.12.16_12.27.05.csv,923,175.6500,83.47,46.22,0.6016,2.956657
2799,soldier,driving_B_2019.12.17_07.32.39.csv,2288,212.8609,67.06,56.65,0.6015,2.677212
2800,longdress,driving_B_2020.02.13_15.02.01.csv,1496,72.0862,0.00,-49.98,0.6013,2.554307
2801,loot,driving_B_2019.12.17_07.32.39.csv,832,60.7703,0.00,-15.58,0.6012,2.457585
2802,redandblack,driving_B_2020.01.16_07.26.43.csv,1612,81.0610,0.00,-18.36,0.6010,2.729797
2803,soldier,driving_B_2019.12.17_07.32.39.csv,2212,148.2520,25.48,8.94,0.6009,3.123668
2804,longdress,static_B_2020.02.27_18.39.27.csv,96,207.2466,82.00,57.09,0.6008,2.959670
2805,loot,static_B_2020.02.27_18.39.27.csv,2256,199.9212,100.00,53.92,0.6006,2.978596
2806,redandblack,driving_B_2020.02.13_13.03.24.csv,101,60.1674,0.00,-51.14,0.6005,2.841451
2807,soldier,driving_B_2020.02.14_07.29.00.csv,866,166.4790,84.07,40.19,0.6003,2.919423
2808,longdress,static_B_2019.12.16_13.40.04.csv,1456,173.8191,32.00,50.96,0.6002,2.744374
2809,loot,static_B_2019.12.16_13.40.04.csv,1156,73.0749,0.00,-161.16,0.6000,2.774896
2810,redandblack,driving_B_2020.02.13_13.03.24.csv,1181,53.0210,0.00,-45.22,0.5999,2.640525
2811,soldier,static_B_2020.02.27_18.39.27.csv,5742,192.7424,80.00,50.83,0.5998,2.800813
2812,longdress,driving_B_2019.12.16_14.23.32.csv,1570,149.0155,79.63,33.49,0.5996,2.740664
2813,loot,driving_B_2020.01.16_09.56.56.csv,918,93.5042,0.00,-24.21,0.5995,2.813816
2814,redandblack,driving_B_2019.12.16_12.27.05.csv,83,105.2430,1.63,7.16,0.5993,2.949272
2815,soldier,driving_B_2020.02.13_15.02.01.csv,416,155.7165,30.00,41.26,0.5992,2.632519
2816,longdress,driving_B_2020.02.13_15.02.01.csv,2096,125.3120,15.20,-1.13,0.5990,2.440094
2817,loot,driving_B_2020.01.16_07.26.43.csv,52,169.2362,61.44,33.71,0.5989,2.634472
2818,redandblack,driving_B_2020.01.16_07.26.43.csv,112,134.7306,22.54,18.89,0.5988,2.898898
2819,soldier,static_B_2020.02.27_18.39.27.csv,2616,216.0125,100.00,60.57,0.5986,2.610103
2820,longdress,static_B_2020.02.13_13.57.29.csv,2865,199.2068,62.98,43.16,0.5985,2.770497
2821,loot,static_B_2020.02.13_13.57.29.csv,1125,162.8465,32.50,35.33,0.5983,2.742635
2822,redandblack,static_B_2020.02.27_18.39.27.csv,1416,192.6889,100.00,50.63,0.5982,3.028090
2823,soldier,driving_B_2020.02.13_15.02.01.csv,236,193.7105,83.21,51.60,0.5980,2.720673
2824,longdress,driving_B_2020.02.13_13.03.24.csv,761,85.9670,0.00,-176.59,0.5979,2.520985
2825,loot,driving_B_2020.01.16_07.26.43.csv,1770,56.0096,0.00,-58.41,0.5978,2.665181
2826,redandblack,driving_B_2019.12.17_07.32.39.csv,1072,164.7442,53.28,34.91,0.5976,2.723320
2827,soldier,static_B_2020.02.27_18.39.27.csv,1776,83.5383,0.00,-384.54,0.5975,2.767341
2828,longdress,static_B_2020.02.27_18.39.27.csv,4896,134.0370,13.98,-9.66,0.5973,2.613569
2829,loot,driving_B_2020.02.14_07.29.00.csv,1970,45.8104,0.00,-53.74,0.5972,2.663533
2830,redandblack,driving_B_2019.12.17_07.32.39.csv,2272,125.6820,0.00,29.73,0.5971,2.817936
2831,soldier,driving_B_2019.12.17_07.32.39.csv,892,36.0788,0.00,-58.64,0.5969,2.611941
2832,longdress,static_B_2020.02.13_13.57.29.csv,2945,163.2823,87.91,36.43,0.5968,2.697774
2833,loot,driving_B_2020.01.16_12.10.03.csv,184,183.1728,100.00,50.04,0.5966,2.972854
2834,redandblack,driving_B_2019.12.16_14.23.32.csv,610,175.1806,47.69,36.80,0.5965,2.660094
2835,soldier,driving_B_2020.02.13_15.02.01.csv,2396,-13.0664,0.00,-177.41,0.5963,2.694509
2836,longdress,static_B_2020.02.27_18.39.27.csv,5736,225.7345,78.42,61.98,0.5962,2.563599
2837,loot,driving_B_2020.02.14_09.38.22.csv,1478,94.2709,0.00,-11.91,0.5961,2.915524
2838,redandblack,driving_B_2020.02.13_15.02.01.csv,1136,114.4095,0.00,-14.66,0.5959,2.664533
2839,soldier,driving_B_2019.12.16_14.23.32.csv,70,204.5424,100.00,57.88,0.5958,2.523639
2840,longdress,static_B_2020.02.27_18.39.27.csv,2796,147.7884,12.00,37.48,0.5956,2.992812
2841,loot,driving_B_2020.02.14_07.29.00.csv,266,114.5940,0.00,-30.85,0.5955,2.628709
2842,redandblack,static_B_2020.02.13_13.57.29.csv,2945,199.2216,100.00,52.81,0.5953,2.774838
2843,soldier,static_B_2020.02.13_13.57.29.csv,2205,121.1901,0.00,-2.96,0.5952,2.632023
2844,longdress,static_B_2020.02.27_18.39.27.csv,4716,168.4261,77.39,25.04,0.5951,2.842575
2845,loot,driving_B_2020.02.13_15.02.01.csv,1916,167.2067,78.85,39.45,0.5949,2.796622
2846,redandblack,driving_B_2020.01.16_09.56.56.csv,678,85.8352,0.00,-49.22,0.5948,2.833520
2847,soldier,driving_B_2019.12.17_07.32.39.csv,1012,120.3910,46.34,0.98,0.5946,2.743380
2848,longdress,driving_B_2019.12.16_12.27.05.csv,683,115.9810,0.00,-31.04,0.5945,2.738378
2849,loot,static_B_2020.02.27_18.39.27.csv,4956,240.3215,62.00,75.25,0.5943,2.779240
2850,redandblack,static_B_2020.02.14_13.21.26.csv,442,188.7847,96.00,53.82,0.5942,2.638505
2851,soldier,driving_B_2020.02.13_13.03.24.csv,2141,-66.4408,0.00,-434.34,0.5941,2.735615
2852,longdress,driving_B_2020.02.13_13.03.24.csv,281,83.0644,0.00,-32.90,0.5939,2.836878
2853,loot,static_B_2020.02.13_13.57.29.csv,705,140.0733,42.84,16.69,0.5938,2.577339
2854,redandblack,static_B_2020.02.27_18.39.27.csv,5376,172.3178,24.00,49.29,0.5936,2.820076
2855,soldier,driving_B_2020.02.14_12.58.17.csv,123,76.7129,0.00,-31.62,0.5935,2.680922
2856,longdress,static_B_2020.02.13_13.57.29.csv,765,134.9338,0.00,3.57,0.5933,3.014401
2857,loot,driving_B_2020.01.16_07.26.43.csv,1312,151.0323,80.34,37.22,0.5932,3.075889
2858,redandblack,driving_B_2020.02.13_13.03.24.csv,641,21.1287,0.00,-62.61,0.5931,2.823352
2859,soldier,driving_B_2020.02.13_15.02.01.csv,176,194.4635,87.47,52.29,0.5929,2.704917
2860,longdress,driving_B_2020.02.13_15.02.01.csv,2216,113.0300,0.00,23.84,0.5928,2.738949
2861,loot,static_B_2020.02.13_13.57.29.csv,405,168.4937,74.16,34.71,0.5926,2.942900
2862,redandblack,driving_B_2019.12.16_14.23.32.csv,1330,58.6461,0.00,-27.05,0.5925,2.885304
2863,soldier,driving_B_2020.02.14_09.38.22.csv,668,107.5825,18.17,6.88,0.5924,2.856598
2864,longdress,driving_B_2020.02.14_07.29.00.csv,1526,-20.8906,0.00,-233.41,0.5922,3.089213
2865,loot,static_B_2020.02.13_13.57.29.csv,2625,195.3492,100.00,53.56,0.5921,2.849929
2866,redandblack,driving_B_2020.02.27_17.30.15.csv,213,-37.7354,0.00,-571.75,0.5919,2.799495
2867,soldier,driving_B_2020.02.14_12.58.17.csv,603,120.0008,58.23,20.19,0.5918,2.831908
2868,longdress,driving_B_2019.12.16_14.23.32.csv,370,112.8970,0.00,9.24,0.5916,2.918497
2869,loot,driving_B_2019.12.16_14.23.32.csv,2616,184.3270,100.00,49.76,0.5915,2.724002
2870,redandblack,static_B_2020.02.27_18.39.27.csv,5136,137.6504,58.00,35.54,0.5914,2.946494
2871,soldier,static_B_2020.02.27_18.39.27.csv,1896,198.7827,68.00,55.76,0.5912,2.886003
2872,longdress,driving_B_2020.02.14_12.58.17.csv,243,-66.1571,0.00,-545.82,0.5911,2.978726
2873,loot,static_B_2020.02.13_13.57.29.csv,165,181.0273,84.02,46.62,0.5909,2.673915
2874,redandblack,static_B_2020.02.27_18.39.27.csv,3096,97.3520,0.00,1.69,0.5908,2.801580
2875,soldier,static_B_2020.02.14_13.21.26.csv,622,198.1364,100.00,55.96,0.5906,2.725635
2876,longdress,driving_B_2020.01.16_07.26.43.csv,1492,54.1759,0.00,-35.37,0.5905,2.713000
2877,loot,driving_B_2019.12.16_14.23.32.csv,1510,176.1002,80.12,45.17,0.5904,2.860750
2878,redandblack,static_B_2020.02.27_18.39.27.csv,336,198.0942,100.00,56.13,0.5902,3.249366
2879,soldier,driving_B_2020.01.16_07.26.43.csv,1770,-3.2261,0.00,-106.51,0.5901,3.057752
2880,longdress,driving_B_2020.02.13_15.02.01.csv,2636,197.6274,100.00,52.82,0.5899,2.797272
2881,loot,static_B_2020.02.27_18.39.27.csv,1536,227.2855,100.00,67.66,0.5898,2.607119
2882,redandblack,static_B_2020.02.27_18.39.27.csv,4296,231.6248,100.00,65.49,0.5896,2.967427
2883,soldier,driving_B_2019.12.16_11.49.59.csv,277,-1.2130,0.00,-141.33,0.5895,2.827893
2884,longdress,static_B_2020.02.27_18.39.27.csv,2676,133.0390,0.00,6.97,0.5894,2.642377
2885,loot,static_B_2020.02.13_13.57.29.csv,2685,203.6098,85.54,56.63,0.5892,2.729518
2886,redandblack,static_B_2020.02.27_18.39.27.csv,936,215.5770,100.00,60.96,0.5891,2.773668
2887,soldier,static_B_2020.02.27_18.39.27.csv,4116,239.1692,100.00,70.44,0.5889,3.034377
2888,longdress,driving_B_2020.02.14_09.38.22.csv,1088,24.3549,0.00,-50.78,0.5888,3.003135
2889,loot,driving_B_2020.01.16_12.10.03.csv,244,220.3969,86.00,64.85,0.5887,3.003242
2890,redandblack,driving_B_2019.12.16_14.23.32.csv,2170,147.4176,53.49,32.64,0.5885,2.707737
2891,soldier,driving_B_2019.12.16_14.23.32.csv,1690,28.6917,0.00,-230.51,0.5884,2.777170
2892,longdress,static_B_2020.02.27_18.39.27.csv,4236,201.9898,57.69,47.31,0.5882,2.686201
2893,loot,driving_B_2020.02.14_07.29.00.csv,506,156.2807,45.88,34.18,0.5881,2.829514
2894,redandblack,driving_B_2020.01.16_09.56.56.csv,1098,104.3458,11.81,4.66,0.5879,2.601789
2895,soldier,static_B_2020.02.27_18.39.27.csv,5556,181.5964,28.00,51.91,0.5878,2.696307
2896,longdress,driving_B_2020.01.16_07.26.43.csv,892,60.5116,0.00,-73.90,0.5877,2.903739
2897,loot,driving_B_2020.02.27_17.30.15.csv,93,-37.2986,0.00,-234.66,0.5875,3.182615
2898,redandblack,static_B_2020.02.27_18.39.27.csv,2316,211.9886,100.00,58.36,0.5874,2.884494
2899,soldier,driving_B_2019.12.17_07.32.39.csv,1432,144.6737,0.00,3.34,0.5872,2.832802
2900,longdress,driving_B_2020.02.13_15.02.01.csv,1976,141.4689,43.20,23.10,0.5871,2.740330
2901,loot,driving_B_2020.02.13_15.02.01.csv,836,79.9217,0.00,-30.07,0.5869,2.573070
2902,redandblack,driving_B_2019.12.16_12.27.05.csv,503,6.9137,0.00,-213.90,0.5868,3.366151
2903,soldier,driving_B_2020.02.27_17.30.15.csv,393,-40.7057,0.00,-280.81,0.5867,3.091021
2904,longdress,static_B_2020.02.27_18.39.27.csv,4176,222.6805,100.00,63.81,0.5865,2.782641
2905,loot,driving_B_2020.02.14_09.38.22.csv,8,51.4655,0.00,-108.67,0.5864,3.088420
2906,redandblack,static_B_2020.02.14_13.21.26.csv,850,190.9668,56.22,45.38,0.5862,2.619653
2907,soldier,driving_B_2019.12.16_11.49.59.csv,183,21.3105,0.00,-63.54,0.5861,3.011161
2908,longdress,static_B_2020.02.13_13.57.29.csv,1725,151.3120,79.58,35.15,0.5859,2.904729
2909,loot,driving_B_2019.12.16_14.23.32.csv,730,194.0912,90.00,52.68,0.5858,2.640456
2910,redandblack,static_B_2020.02.27_18.39.27.csv,4776,204.8095,66.00,59.84,0.5857,2.870070
2911,soldier,driving_B_2020.02.13_13.03.24.csv,1001,-15.1270,0.00,-128.44,0.5855,2.983053
2912,longdress,driving_B_2020.02.14_09.38.22.csv,1478,32.4661,0.00,-47.52,0.5854,3.119283
2913,loot,driving_B_2019.12.16_12.27.05.csv,743,194.1266,100.00,50.43,0.5852,2.876299
2914,redandblack,static_B_2020.02.27_18.39.27.csv,1716,198.1056,87.44,54.52,0.5851,2.652305
2915,soldier,driving_B_2020.02.14_07.29.00.csv,446,25.5761,0.00,-77.30,0.5849,2.865068
2916,longdress,driving_B_2020.02.13_15.02.01.csv,2036,199.9287,41.51,43.43,0.5848,2.762082
2917,loot,driving_B_2019.12.16_14.23.32.csv,250,164.3478,32.00,44.61,0.5847,2.702227
2918,redandblack,driving_B_2019.12.17_07.32.39.csv,412,207.4935,78.48,57.85,0.5845,2.678506
2919,soldier,static_B_2020.02.27_18.39.27.csv,276,208.5740,84.31,57.29,0.5844,2.912772
2920,longdress,static_B_2020.02.27_18.39.27.csv,2496,173.0587,100.00,43.20,0.5842,2.652193
2921,loot,static_B_2020.02.27_18.39.27.csv,1236,156.3449,14.00,40.33,0.5841,2.735424
2922,redandblack,driving_B_2019.12.16_12.27.05.csv,443,1.3976,0.00,-77.84,0.5840,2.769050
2923,soldier,driving_B_2020.02.13_13.03.24.csv,1541,3.6994,0.00,-60.46,0.5838,2.995715
2924,longdress,driving_B_2020.02.13_15.02.01.csv,2456,-2.6425,0.00,-274.64,0.5837,2.832272
2925,loot,static_B_2020.02.14_13.21.26.csv,382,199.8815,83.41,55.60,0.5835,2.810363
2926,redandblack,driving_B_2019.12.17_07.32.39.csv,472,176.9549,58.75,37.38,0.5834,2.780605
2927,soldier,driving_B_2020.02.14_09.38.22.csv,548,216.5123,100.00,60.40,0.5832,3.082403
2928,longdress,static_B_2020.02.27_18.39.27.csv,5196,160.9086,26.00,44.57,0.5831,2.721742
2929,loot,driving_B_2020.02.13_15.02.01.csv,476,204.3487,100.00,57.70,0.5830,3.135415
2930,redandblack,static_B_2020.02.13_13.57.29.csv,2145,123.2833,21.20,15.59,0.5828,2.797348
2931,soldier,static_B_2019.12.16_13.40.04.csv,1336,175.6311,19.37,28.87,0.5827,3.067426
2932,longdress,driving_B_2020.01.16_07.26.43.csv,1372,86.5454,0.00,-84.89,0.5825,3.210384
2933,loot,driving_B_2020.01.16_09.56.56.csv,138,91.3579,0.00,-20.89,0.5824,2.900225
2934,redandblack,static_B_2020.02.27_18.39.27.csv,3696,177.7520,60.00,49.31,0.5822,2.829291
2935,soldier,driving_B_2020.02.14_12.58.17.csv,483,-7.1408,0.00,-265.01,0.5821,2.874726
2936,longdress,driving_B_2019.12.16_11.49.59.csv,3,41.0172,0.00,-86.19,0.5820,2.782864
2937,loot,driving_B_2019.12.16_14.23.32.csv,1810,8.2441,0.00,-138.61,0.5818,2.977198
2938,redandblack,static_B_2020.02.13_13.57.29.csv,2745,189.1240,81.86,46.45,0.5817,2.746569
2939,soldier,driving_B_2019.12.16_14.23.32.csv,2290,47.0905,0.00,-77.09,0.5815,3.180810
2940,longdress,static_B_2019.12.16_13.40.04.csv,1036,190.0093,58.54,40.31,0.5814,2.860910
2941,loot,static_B_2020.02.14_13.21.26.csv,802,196.0947,100.00,52.89,0.5812,3.036895
2942,redandblack,driving_B_2020.02.27_17.30.15.csv,153,34.9017,0.00,-70.54,0.5811,2.672235
2943,soldier,static_B_2020.02.13_13.57.29.csv,1845,129.7834,20.48,19.01,0.5810,2.688794
2944,longdress,driving_B_2020.02.14_07.29.00.csv,686,137.8004,42.25,24.55,0.5808,3.413997
2945,loot,driving_B_2019.12.17_07.32.39.csv,532,77.1965,0.00,-33.45,0.5807,2.994771
2946,redandblack,driving_B_2019.12.17_07.32.39.csv,1612,131.7970,0.00,-25.69,0.5805,2.920304
2947,soldier,driving_B_2019.12.16_14.23.32.csv,1930,92.1318,0.00,-43.71,0.5804,2.806820
2948,longdress,driving_B_2020.02.14_07.29.00.csv,146,148.4070,43.36,27.28,0.5802,3.066381
2949,loot,driving_B_2019.12.16_14.23.32.csv,1630,210.2820,94.00,59.66,0.5801,2.942446
2950,redandblack,driving_B_2020.02.13_13.03.24.csv,1361,79.3068,0.00,-43.15,0.5800,3.037698
2951,soldier,static_B_2020.02.27_18.39.27.csv,1356,188.7388,56.00,53.81,0.5798,2.691524
2952,longdress,static_B_2020.02.27_18.39.27.csv,4416,203.3810,76.84,52.22,0.5797,3.093674
2953,loot,static_B_2019.12.16_13.40.04.csv,1756,183.4240,100.00,48.40,0.5795,3.273114
2954,redandblack,driving_B_2020.01.16_09.56.56.csv,1518,185.8201,48.00,51.67,0.5794,2.915676
2955,soldier,static_B_2019.12.16_13.40.04.csv,1816,157.7267,27.38,19.22,0.5793,2.706298
2956,longdress,driving_B_2020.02.13_15.02.01.csv,2516,142.0832,0.00,-24.88,0.5791,3.029641
2957,loot,driving_B_2020.01.16_09.56.56.csv,78,102.4974,0.00,-23.74,0.5790,2.820623
2958,redandblack,static_B_2020.02.27_18.39.27.csv,456,213.4748,100.00,59.65,0.5788,3.063618
2959,soldier,driving_B_2020.01.16_09.56.56.csv,618,215.7476,70.00,64.02,0.5787,2.799377
2960,longdress,driving_B_2020.02.14_07.29.00.csv,1046,85.5337,0.00,-19.56,0.5785,2.743770
2961,loot,driving_B_2020.02.14_09.38.22.csv,908,174.3454,70.45,45.74,0.5784,2.996622
2962,redandblack,driving_B_2020.02.13_15.02.01.csv,356,178.5982,34.00,49.97,0.5783,3.175868
2963,soldier,driving_B_2019.12.16_14.23.32.csv,2410,95.2517,0.00,-7.80,0.5781,3.001973
2964,longdress,driving_B_2020.01.16_09.56.56.csv,198,222.1031,100.00,62.98,0.5780,3.297641
2965,loot,driving_B_2020.02.13_13.03.24.csv,2188,-17.8516,0.00,-119.71,0.5778,2.841482
2966,redandblack,static_B_2019.12.16_13.40.04.csv,376,191.1403,100.00,52.42,0.5777,3.054161
2967,soldier,driving_B_2020.02.13_15.02.01.csv,896,208.9389,84.00,60.72,0.5775,2.745056
2968,longdress,driving_B_2020.02.14_09.38.22.csv,128,55.1075,0.00,-129.36,0.5774,3.050158
2969,loot,static_B_2020.02.27_18.39.27.csv,996,189.1836,86.62,50.16,0.5773,2.727204
2970,redandblack,driving_B_2020.02.14_07.29.00.csv,1886,4.4564,0.00,-131.08,0.5771,2.517751
2971,soldier,driving_B_2019.12.17_07.32.39.csv,2092,213.3306,100.00,62.32,0.5770,3.210307
2972,longdress,driving_B_2020.02.27_17.30.15.csv,693,-77.1739,0.00,-442.65,0.5768,3.022686
2973,loot,static_B_2020.02.14_13.21.26.csv,82,143.9583,0.00,37.57,0.5767,2.964525
2974,redandblack,driving_B_2020.02.13_15.02.01.csv,956,121.6909,18.38,7.77,0.5765,2.831093
2975,soldier,static_B_2020.02.27_18.39.27.csv,4476,146.5484,31.83,17.51,0.5764,2.984451
2976,longdress,static_B_2020.02.27_18.39.27.csv,3636,207.3448,100.00,57.86,0.5763,2.772983
2977,loot,driving_B_2020.02.27_17.30.15.csv,333,39.5487,0.00,-104.37,0.5761,2.702464
2978,redandblack,driving_B_2020.02.13_13.03.24.csv,1721,189.9057,85.91,51.08,0.5760,2.905856
2979,soldier,driving_B_2020.02.14_07.29.00.csv,1406,236.6485,84.00,68.81,0.5758,2.757740
2980,longdress,driving_B_2019.12.17_07.32.39.csv,1672,41.5527,0.00,-197.48,0.5757,2.859437
2981,loot,driving_B_2019.12.17_07.32.39.csv,172,156.3798,63.59,31.11,0.5756,2.941221
2982,redandblack,driving_B_2019.12.16_12.27.05.csv,1043,159.2365,66.47,33.93,0.5754,2.891298
2983,soldier,static_B_2019.12.16_13.40.04.csv,16,201.9594,100.00,59.51,0.5753,2.878579
2984,longdress,driving_B_2019.12.17_07.32.39.csv,1732,39.1103,0.00,-116.19,0.5751,3.204963
2985,loot,static_B_2020.02.27_18.39.27.csv,576,113.5668,16.00,-7.07,0.5750,3.156926
2986,redandblack,static_B_2020.02.13_13.57.29.csv,1485,139.9432,31.51,28.69,0.5748,2.793549
2987,soldier,driving_B_2019.12.16_14.23.32.csv,970,95.3807,0.00,-6.12,0.5747,3.076877
2988,longdress,driving_B_2020.02.14_07.29.00.csv,1946,23.8498,0.00,-128.60,0.5746,2.689465
2989,loot,static_B_2020.02.27_18.39.27.csv,1476,151.5366,76.61,33.74,0.5744,3.035991
2990,redandblack,static_B_2020.02.27_18.39.27.csv,4836,212.3525,100.00,60.27,0.5743,2.660462
2991,soldier,static_B_2019.12.16_13.40.04.csv,616,83.7682,0.00,-3.59,0.5741,2.894638
2992,longdress,driving_B_2020.02.14_09.38.22.csv,368,10.3577,0.00,-152.20,0.5740,2.996518
2993,loot,static_B_2020.02.27_18.39.27.csv,2016,166.6472,50.28,39.25,0.5738,2.674694
2994,redandblack,driving_B_2019.12.16_14.23.32.csv,2230,194.8799,100.00,53.02,0.5737,3.198435
2995,soldier,driving_B_2020.02.14_09.38.22.csv,248,-16.9132,0.00,-206.22,0.5736,3.050890
2996,longdress,driving_B_2020.02.13_13.03.24.csv,521,102.0850,0.00,-22.06,0.5734,2.934160
2997,loot,static_B_2020.02.27_18.39.27.csv,4656,90.7835,0.00,-32.93,0.5733,2.832607
2998,redandblack,driving_B_2020.02.13_15.02.01.csv,2336,6.5703,0.00,-320.06,0.5731,2.940847
2999,soldier,driving_B_2019.12.16_14.23.32.csv,1750,-62.5354,0.00,-314.48,0.5730,3.171793
3000,longdress,driving_B_2020.02.13_15.02.01.csv,1556,-22.7985,0.00,-523.69,0.5728,2.875422
3001,loot,static_B_2019.12.16_13.40.04.csv,676,188.0893,94.00,53.24,0.5727,2.863814
3002,redandblack,static_B_2020.02.27_18.39.27.csv,3036,207.5469,76.34,54.99,0.5726,2.953390
3003,soldier,driving_B_2020.02.13_13.03.24.csv,1961,-21.7195,0.00,-214.46,0.5724,2.848062
3004,longdress,static_B_2019.12.16_13.40.04.csv,136,200.4150,100.00,54.66,0.5723,2.934464
3005,loot,driving_B_2020.02.14_09.38.22.csv,608,197.1932,42.00,58.29,0.5721,2.748879
3006,redandblack,driving_B_2020.02.14_07.29.00.csv,1970,9.0944,0.00,-99.43,0.5720,2.905161
3007,soldier,static_B_2020.02.27_18.39.27.csv,2196,249.6041,100.00,76.44,0.5718,2.661166
3008,longdress,driving_B_2020.01.16_07.26.43.csv,952,33.0559,0.00,-126.73,0.5717,2.778793
3009,loot,driving_B_2020.02.14_07.29.00.csv,1586,174.6782,55.81,19.51,0.5716,2.898476
3010,redandblack,driving_B_2020.02.14_09.38.22.csv,1148,51.8767,0.00,-50.60,0.5714,3.257649
3011,soldier,driving_B_2020.02.13_15.02.01.csv,596,161.1920,60.65,26.89,0.5713,3.196322
3012,longdress,driving_B_2020.02.13_15.02.01.csv,2276,18.5235,0.00,-127.37,0.5711,2.993919
3013,loot,driving_B_2020.01.16_09.56.56.csv,1278,204.1554,86.07,49.77,0.5710,2.864737
3014,redandblack,driving_B_2020.02.14_07.29.00.csv,986,101.9004,0.00,-32.17,0.5709,3.038925
3015,soldier,static_B_2020.02.14_13.21.26.csv,142,184.5951,62.00,52.47,0.5707,3.154320
3016,longdress,driving_B_2020.01.16_07.26.43.csv,832,149.5231,75.87,30.92,0.5706,2.890681
3017,loot,static_B_2020.02.27_18.39.27.csv,5616,199.5013,38.00,56.26,0.5704,3.060021
3018,redandblack,driving_B_2020.02.14_07.29.00.csv,26,163.3224,48.56,37.44,0.5703,3.303707
3019,soldier,driving_B_2020.02.14_09.38.22.csv,1028,57.6595,0.00,-95.56,0.5701,2.947003
3020,longdress,driving_B_2020.01.16_07.26.43.csv,1432,55.5072,0.00,-71.99,0.5700,3.181059
3021,loot,driving_B_2019.12.17_07.32.39.csv,1132,145.2279,0.00,39.23,0.5699,3.009484
3022,redandblack,driving_B_2019.12.16_11.49.59.csv,63,118.4530,13.51,4.01,0.5697,3.059479
3023,soldier,driving_B_2020.02.14_07.29.00.csv,1706,213.0883,100.00,58.95,0.5696,2.996595
3024,longdress,driving_B_2020.02.13_13.03.24.csv,881,7.2499,0.00,-199.76,0.5694,3.238750
3025,loot,driving_B_2020.01.16_09.56.56.csv,1338,159.8822,67.79,38.01,0.5693,2.914641
3026,redandblack,static_B_2019.12.16_13.40.04.csv,736,188.8229,30.00,54.25,0.5691,2.946792
3027,soldier,static_B_2020.02.27_18.39.27.csv,2976,233.3037,100.00,66.63,0.5690,2.956080
3028,longdress,static_B_2019.12.16_13.40.04.csv,196,219.2890,85.33,59.14,0.5689,2.934206
3029,loot,static_B_2020.02.27_18.39.27.csv,1116,154.6141,54.66,34.73,0.5687,2.878899
3030,redandblack,driving_B_2019.12.17_07.32.39.csv,592,119.4159,53.72,12.90,0.5686,2.784625
3031,soldier,static_B_2020.02.27_18.39.27.csv,1056,172.5217,43.10,31.92,0.5684,2.991968
3032,longdress,driving_B_2019.12.17_07.32.39.csv,1912,151.4365,8.53,1.65,0.5683,2.747316
3033,loot,driving_B_2020.02.13_13.03.24.csv,1061,93.7507,0.00,-2.97,0.5681,3.100446
3034,redandblack,driving_B_2020.02.14_09.38.22.csv,728,185.7675,100.00,49.16,0.5680,3.098420
3035,soldier,driving_B_2019.12.16_14.23.32.csv,1090,132.8198,47.07,5.00,0.5679,2.739348
3036,longdress,static_B_2020.02.27_18.39.27.csv,2916,152.2526,46.49,28.27,0.5677,2.899507
3037,loot,static_B_2020.02.13_13.57.29.csv,2505,124.7280,0.00,30.21,0.5676,2.738209
3038,redandblack,driving_B_2019.12.16_12.27.05.csv,563,75.4478,0.00,-38.08,0.5674,3.000990
3039,soldier,static_B_2020.02.27_18.39.27.csv,3936,226.1023,70.00,67.84,0.5673,2.931367
3040,longdress,static_B_2020.02.27_18.39.27.csv,2856,227.3739,79.57,60.64,0.5672,3.158404
3041,loot,static_B_2020.02.27_18.39.27.csv,876,207.6588,81.02,55.61,0.5670,3.039561
3042,redandblack,driving_B_2019.12.16_12.27.05.csv,383,-6.3145,0.00,-212.93,0.5669,3.160305
3043,soldier,driving_B_2019.12.17_07.32.39.csv,292,92.7275,11.50,-5.88,0.5667,2.838488
3044,longdress,driving_B_2020.02.14_07.29.00.csv,626,119.6464,0.00,0.63,0.5666,3.041016
3045,loot,static_B_2020.02.13_13.57.29.csv,2925,194.3614,55.35,47.15,0.5664,2.777000
3046,redandblack,driving_B_2020.01.16_07.26.43.csv,292,126.9879,57.62,22.11,0.5663,2.788122
3047,soldier,driving_B_2019.12.16_14.23.32.csv,1210,212.3992,82.00,62.04,0.5662,2.972814
3048,longdress,driving_B_2020.02.14_07.29.00.csv,1106,114.6970,34.66,22.95,0.5660,2.978886
3049,loot,driving_B_2019.12.16_11.49.59.csv,123,176.0335,80.66,44.24,0.5659,3.410695
3050,redandblack,driving_B_2020.01.16_07.26.43.csv,1192,58.7578,0.00,-37.47,0.5657,2.913670
3051,soldier,driving_B_2020.01.16_07.26.43.csv,472,65.7820,0.00,-33.13,0.5656,3.033261
3052,longdress,driving_B_2020.01.16_09.56.56.csv,438,83.6597,0.00,-94.58,0.5654,3.040846
3053,loot,driving_B_2020.02.14_07.29.00.csv,386,205.7581,100.00,58.38,0.5653,2.631834
3054,redandblack,static_B_2020.02.14_13.21.26.csv,262,157.2049,87.83,40.11,0.5652,3.171987
3055,soldier,static_B_2020.02.13_13.57.29.csv,585,183.6523,80.23,42.99,0.5650,2.993575
3056,longdress,driving_B_2019.12.16_14.23.32.csv,1150,135.7327,40.94,21.85,0.5649,2.998059
3057,loot,driving_B_2020.02.14_12.58.17.csv,303,-37.1683,0.00,-216.13,0.5647,3.198072
3058,redandblack,driving_B_2019.12.16_14.23.32.csv,850,188.4948,85.93,48.25,0.5646,3.150281
3059,soldier,static_B_2020.02.14_13.21.26.csv,22,150.4357,51.54,28.77,0.5644,2.957056
3060,longdress,static_B_2020.02.27_18.39.27.csv,1596,161.4097,33.14,27.34,0.5643,2.831166
3061,loot,driving_B_2020.01.16_09.56.56.csv,1570,192.7369,88.66,55.51,0.5642,2.849719
3062,redandblack,static_B_2020.02.13_13.57.29.csv,1785,139.8995,0.00,33.83,0.5640,2.900365
3063,soldier,driving_B_2020.01.16_12.10.03.csv,124,210.2289,64.00,63.54,0.5639,3.005509
3064,longdress,driving_B_2020.02.13_13.03.24.csv,941,-4.3640,0.00,-253.21,0.5637,3.039364
3065,loot,driving_B_2020.02.14_09.38.22.csv,488,97.5637,0.00,-26.46,0.5636,2.969830
3066,redandblack,static_B_2020.02.13_13.57.29.csv,225,211.5150,81.47,61.21,0.5634,3.072967
3067,soldier,static_B_2019.12.16_13.40.04.csv,556,205.6977,76.88,54.11,0.5633,2.892137
3068,longdress,driving_B_2020.02.14_07.29.00.csv,1466,166.9572,37.47,16.90,0.5632,2.969372
3069,loot,driving_B_2020.02.13_13.03.24.csv,1901,-40.0077,0.00,-560.25,0.5630,2.957199
3070,redandblack,driving_B_2020.01.16_09.56.56.csv,1458,224.3305,100.00,65.78,0.5629,2.912380
3071,soldier,driving_B_2019.12.16_14.23.32.csv,10,231.6296,80.00,70.71,0.5627,3.063899
3072,longdress,static_B_2020.02.27_18.39.27.csv,36,198.6707,94.00,52.77,0.5626,2.831726
3073,loot,driving_B_2020.02.13_13.03.24.csv,1301,65.5147,0.00,-32.57,0.5625,2.884055
3074,redandblack,static_B_2020.02.27_18.39.27.csv,5076,178.8234,50.00,50.67,0.5623,2.990114
3075,soldier,driving_B_2020.02.27_17.30.15.csv,633,-35.4516,0.00,-419.86,0.5622,2.694332
3076,longdress,static_B_2020.02.27_18.39.27.csv,3216,143.2222,42.00,19.93,0.5620,2.696862
3077,loot,driving_B_2020.01.16_07.26.43.csv,1252,73.7813,0.00,-23.37,0.5619,2.970805
3078,redandblack,static_B_2020.02.27_18.39.27.csv,3576,150.5306,59.92,28.30,0.5617,2.693613
3079,soldier,static_B_2020.02.13_13.57.29.csv,2025,172.1585,60.74,39.85,0.5616,2.955129
3080,longdress,driving_B_2020.02.14_07.29.00.csv,1286,129.0409,43.12,23.60,0.5615,2.927055
3081,loot,static_B_2019.12.16_13.40.04.csv,1904,113.3710,0.00,7.83,0.5613,2.976828
3082,redandblack,driving_B_2020.01.16_07.26.43.csv,1132,126.6578,41.00,26.09,0.5612,3.014764
3083,soldier,driving_B_2020.01.16_12.10.03.csv,4,147.1654,6.00,40.27,0.5610,3.021019
3084,longdress,driving_B_2020.01.16_07.26.43.csv,1072,131.4036,30.03,18.43,0.5609,3.143186
3085,loot,static_B_2020.02.13_13.57.29.csv,885,176.4439,51.87,33.45,0.5607,2.963871
3086,redandblack,driving_B_2020.01.16_09.56.56.csv,1158,100.5708,0.00,-14.23,0.5606,3.218656
3087,soldier,static_B_2020.02.13_13.57.29.csv,1665,208.2321,76.75,52.03,0.5605,2.924586
3088,longdress,driving_B_2020.02.13_15.02.01.csv,1616,-0.8205,0.00,-182.03,0.5603,3.115864
3089,loot,driving_B_2020.01.16_09.56.56.csv,558,229.2908,100.00,66.71,0.5602,2.997500
3090,redandblack,driving_B_2019.12.16_14.23.32.csv,490,185.4125,34.00,52.94,0.5600,3.061507
3091,soldier,static_B_2020.02.13_13.57.29.csv,2445,66.5813,0.00,-233.15,0.5599,3.049653
3092,longdress,driving_B_2019.12.16_11.49.59.csv,243,28.5978,0.00,-277.54,0.5597,3.156276
3093,loot,driving_B_2019.12.16_12.27.05.csv,623,46.1276,0.00,-180.12,0.5596,2.856409
3094,redandblack,driving_B_2020.02.13_15.02.01.csv,1076,147.1182,43.03,30.64,0.5595,2.971793
3095,soldier,driving_B_2020.02.13_15.02.01.csv,716,78.6721,0.00,-40.19,0.5593,3.082584
3096,longdress,static_B_2020.02.13_13.57.29.csv,1605,213.9841,89.10,59.56,0.5592,3.107359
3097,loot,driving_B_2020.02.13_13.03.24.csv,1661,135.7889,0.00,-33.63,0.5590,3.101395
3098,redandblack,static_B_2020.02.14_13.21.26.csv,502,186.3176,38.00,53.12,0.5589,3.252779
3099,soldier,driving_B_2020.01.16_09.56.56.csv,378,94.1965,0.00,-48.57,0.5587,3.038829
3100,longdress,static_B_2020.02.27_18.39.27.csv,396,191.2004,100.00,50.57,0.5586,2.935517
3101,loot,static_B_2020.02.13_13.57.29.csv,645,130.3576,13.28,20.06,0.5585,3.051379
3102,redandblack,driving_B_2020.02.14_09.38.22.csv,848,135.9141,0.00,35.30,0.5583,2.937952
3103,soldier,driving_B_2020.02.14_12.58.17.csv,363,-69.6780,0.00,-637.11,0.5582,2.776972
3104,longdress,static_B_2020.02.27_18.39.27.csv,1656,184.2623,80.24,46.89,0.5580,2.691665
3105,loot,static_B_2020.02.14_13.21.26.csv,202,143.2254,0.00,38.02,0.5579,2.869147
3106,redandblack,static_B_2020.02.27_18.39.27.csv,4536,185.1383,82.76,49.05,0.5578,3.254024
3107,soldier,static_B_2020.02.13_13.57.29.csv,1425,202.7025,63.63,44.44,0.5576,2.863330
3108,longdress,driving_B_2020.02.13_15.02.01.csv,1856,222.8306,100.00,64.65,0.5575,3.227366
3109,loot,driving_B_2020.02.14_07.29.00.csv,1826,215.5258,87.09,62.86,0.5573,3.201629
3110,redandblack,static_B_2020.02.13_13.57.29.csv,2085,217.0941,70.00,61.89,0.5572,2.718260
3111,soldier,driving_B_2020.02.14_09.38.22.csv,1268,125.5201,39.05,8.59,0.5570,3.057231
3112,longdress,driving_B_2019.12.16_14.23.32.csv,310,211.3117,100.00,59.37,0.5569,3.451883
3113,loot,driving_B_2020.02.27_17.30.15.csv,33,85.0347,0.00,-31.26,0.5568,3.173961
3114,redandblack,driving_B_2020.02.13_13.03.24.csv,1601,-0.1814,0.00,-183.79,0.5566,2.997948
3115,soldier,static_B_2020.02.14_13.21.26.csv,850,173.0983,58.78,36.32,0.5565,2.812505
3116,longdress,static_B_2020.02.27_18.39.27.csv,3396,193.2867,58.00,55.80,0.5563,3.049638
3117,loot,driving_B_2020.02.14_07.29.00.csv,86,206.5730,38.00,61.61,0.5562,2.880347
3118,redandblack,driving_B_2020.02.13_15.02.01.csv,1016,152.5177,0.00,42.33,0.5560,3.110790
3119,soldier,driving_B_2019.12.16_11.49.59.csv,277,-2.8967,0.00,-157.52,0.5559,2.899326
3120,longdress,driving_B_2020.02.14_12.58.17.csv,663,19.4058,0.00,-149.84,0.5558,3.144567
3121,loot,driving_B_2019.12.16_14.23.32.csv,1390,223.4882,80.00,64.96,0.5556,3.142370
3122,redandblack,driving_B_2020.01.16_09.56.56.csv,18,158.2335,34.17,24.73,0.5555,3.046073
3123,soldier,driving_B_2019.12.16_12.27.05.csv,143,64.6853,0.00,-16.02,0.5553,2.940344
3124,longdress,driving_B_2020.01.16_07.26.43.csv,652,90.8845,0.00,-35.94,0.5552,2.998750
3125,loot,driving_B_2019.12.17_07.32.39.csv,1972,193.6060,80.00,54.30,0.5550,3.289761
3126,redandblack,static_B_2019.12.16_13.40.04.csv,1276,157.5054,39.75,28.29,0.5549,2.925542
3127,soldier,driving_B_2020.02.13_15.02.01.csv,1376,41.1863,0.00,-78.54,0.5548,3.014055
3128,longdress,driving_B_2020.02.13_15.02.01.csv,1796,215.4692,100.00,61.55,0.5546,2.883200
3129,loot,driving_B_2020.02.13_15.02.01.csv,2754,56.7782,0.00,-35.70,0.5545,2.963483
3130,redandblack,driving_B_2020.02.13_13.03.24.csv,221,95.0123,30.16,-0.47,0.5543,2.784879
3131,soldier,driving_B_2020.02.27_17.30.15.csv,720,-64.6224,0.00,-493.88,0.5542,3.038759
3132,longdress,driving_B_2019.12.16_14.23.32.csv,1870,29.3210,0.00,-235.04,0.5541,3.145806
3133,loot,driving_B_2019.12.17_07.32.39.csv,112,137.9164,28.68,15.30,0.5539,2.895529
3134,redandblack,static_B_2019.12.16_13.40.04.csv,256,198.4275,100.00,56.08,0.5538,2.678485
3135,soldier,static_B_2020.02.27_18.39.27.csv,3756,190.5644,86.10,52.89,0.5536,3.139928
3136,longdress,static_B_2020.02.27_18.39.27.csv,2136,163.1699,60.86,33.47,0.5535,3.081440
3137,loot,static_B_2020.02.13_13.57.29.csv,1545,151.9185,38.70,35.13,0.5533,2.908352
3138,redandblack,static_B_2020.02.13_13.57.29.csv,525,180.0287,28.57,31.94,0.5532,2.969494
3139,soldier,static_B_2019.12.16_13.40.04.csv,1696,230.8402,73.78,62.00,0.5531,2.877463
3140,longdress,static_B_2020.02.27_18.39.27.csv,696,212.9111,83.17,56.36,0.5529,2.891709
3141,loot,driving_B_2019.12.16_12.27.05.csv,863,178.5204,10.00,50.53,0.5528,3.051752
3142,redandblack,driving_B_2019.12.16_12.27.05.csv,1103,103.1816,2.71,-4.26,0.5526,3.310444
3143,soldier,static_B_2020.02.27_18.39.27.csv,4596,113.9691,0.00,-7.05,0.5525,2.701331
3144,longdress,driving_B_2019.12.16_12.27.05.csv,983,227.2462,85.26,65.41,0.5523,3.069630
3145,loot,driving_B_2020.01.16_07.26.43.csv,172,67.2139,0.00,-168.34,0.5522,2.938130
3146,redandblack,driving_B_2019.12.16_12.27.05.csv,23,134.0333,31.67,17.32,0.5521,3.189686
3147,soldier,driving_B_2020.02.13_13.03.24.csv,2188,-52.8567,0.00,-223.90,0.5519,2.845762
3148,longdress,driving_B_2020.02.14_07.29.00.csv,206,98.5644,0.00,-3.08,0.5518,3.150864
3149,loot,static_B_2020.02.27_18.39.27.csv,1296,199.3785,46.00,58.49,0.5516,2.792274
3150,redandblack,driving_B_2020.01.16_09.56.56.csv,858,132.9168,0.00,-8.79,0.5515,2.648356
3151,soldier,driving_B_2020.02.13_15.02.01.csv,56,236.0103,100.00,67.31,0.5513,3.046889
3152,longdress,static_B_2019.12.16_13.40.04.csv,76,196.5816,64.00,53.89,0.5512,2.735209
3153,loot,driving_B_2020.01.16_09.56.56.csv,978,137.4629,20.52,-0.90,0.5511,3.179733
3154,redandblack,driving_B_2019.12.16_14.23.32.csv,1450,103.6972,0.00,-10.19,0.5509,2.961825
3155,soldier,static_B_2020.02.27_18.39.27.csv,1176,152.9607,0.00,-189.44,0.5508,2.844443
3156,longdress,driving_B_2020.02.27_17.30.15.csv,453,-31.2657,0.00,-225.10,0.5506,3.098045
3157,loot,driving_B_2020.02.13_13.03.24.csv,161,60.1973,0.00,-54.07,0.5505,2.688685
3158,redandblack,driving_B_2020.02.14_07.29.00.csv,1766,220.7425,100.00,66.53,0.5503,3.183239
3159,soldier,driving_B_2019.12.16_14.23.32.csv,790,119.6805,38.48,12.72,0.5502,3.363580
3160,longdress,driving_B_2020.02.14_07.29.00.csv,926,135.9796,47.41,27.76,0.5501,3.299342
3161,loot,driving_B_2020.01.16_07.26.43.csv,712,154.6276,66.17,34.27,0.5499,3.264030
3162,redandblack,driving_B_2019.12.17_07.32.39.csv,232,128.0324,33.77,3.53,0.5498,3.112071
3163,soldier,driving_B_2020.02.13_15.02.01.csv,1436,33.8017,0.00,-111.91,0.5496,3.131863
3164,longdress,driving_B_2020.01.16_07.26.43.csv,232,127.2024,17.62,18.81,0.5495,3.023243
3165,loot,static_B_2020.02.14_13.21.26.csv,322,155.3284,8.00,39.37,0.5494,3.032714
3166,redandblack,driving_B_2019.12.16_14.23.32.csv,430,209.7097,83.37,58.76,0.5492,3.119529
3167,soldier,driving_B_2020.02.14_07.29.00.csv,746,102.9472,0.00,-8.21,0.5491,3.328973
3168,longdress,driving_B_2020.02.13_15.02.01.csv,2156,210.1380,100.00,60.03,0.5489,3.160697
3169,loot,driving_B_2020.02.27_17.30.15.csv,720,-9.9419,0.00,-151.39,0.5488,3.118576
3170,redandblack,driving_B_2020.02.13_13.03.24.csv,401,113.3769,0.00,-0.20,0.5486,3.114198
3171,soldier,driving_B_2020.02.14_12.58.17.csv,783,13.2230,0.00,-163.08,0.5485,3.282232
3172,longdress,driving_B_2019.12.17_07.32.39.csv,1372,208.3058,92.00,58.73,0.5484,3.116148
3173,loot,static_B_2020.02.27_18.39.27.csv,816,205.9937,100.00,55.81,0.5482,3.111403
3174,redandblack,static_B_2020.02.27_18.39.27.csv,3516,196.1590,100.00,54.68,0.5481,3.209635
3175,soldier,static_B_2020.02.27_18.39.27.csv,2556,204.4450,75.54,54.08,0.5479,3.244190
3176,longdress,driving_B_2020.01.16_09.56.56.csv,1570,145.0793,43.52,25.55,0.5478,2.990218
3177,loot,driving_B_2020.02.14_09.38.22.csv,428,118.6611,32.07,15.32,0.5476,3.048510
3178,redandblack,static_B_2020.02.27_18.39.27.csv,3996,157.4535,0.00,44.44,0.5475,3.051780
3179,soldier,driving_B_2020.02.14_12.58.17.csv,63,-6.3380,0.00,-205.77,0.5474,3.440113
3180,longdress,driving_B_2020.02.13_15.02.01.csv,2696,42.0851,0.00,-65.45,0.5472,3.041981
3181,loot,static_B_2019.12.16_13.40.04.csv,496,185.1645,100.00,21.39,0.5471,3.310253
3182,redandblack,driving_B_2019.12.16_12.27.05.csv,1152,120.8591,26.29,11.36,0.5469,3.290033
3183,soldier,static_B_2019.12.16_13.40.04.csv,976,182.5006,41.86,36.88,0.5468,3.090824
3184,longdress,driving_B_2020.02.13_13.03.24.csv,1841,-131.9521,0.00,-412.73,0.5466,2.973503
3185,loot,static_B_2020.02.27_18.39.27.csv,3876,119.9837,12.39,3.54,0.5465,2.935288
3186,redandblack,static_B_2020.02.13_13.57.29.csv,1365,200.2074,100.00,56.65,0.5464,3.040291
3187,soldier,static_B_2020.02.27_18.39.27.csv,5742,214.8842,100.00,59.89,0.5462,3.037145
3188,longdress,driving_B_2020.02.14_09.38.22.csv,308,35.7009,0.00,-113.78,0.5461,3.012662
3189,loot,static_B_2020.02.27_18.39.27.csv,2736,153.3135,6.00,43.23,0.5459,3.326051
3190,redandblack,driving_B_2020.02.13_13.03.24.csv,341,85.0059,0.00,-31.72,0.5458,2.901834
3191,soldier,static_B_2020.02.13_13.57.29.csv,1305,152.5604,23.55,23.73,0.5456,3.333299
3192,longdress,static_B_2020.02.27_18.39.27.csv,5436,117.9176,15.36,14.44,0.5455,2.985676
3193,loot,driving_B_2020.02.13_15.02.01.csv,1196,176.3074,55.39,40.60,0.5454,3.177631
3194,redandblack,driving_B_2019.12.16_14.23.32.csv,1990,132.7736,0.00,33.61,0.5452,2.868872
3195,soldier,static_B_2019.12.16_13.40.04.csv,916,107.6114,0.00,-15.74,0.5451,3.188036
3196,longdress,driving_B_2020.02.14_07.29.00.csv,566,105.2657,0.00,-28.56,0.5449,3.091643
3197,loot,driving_B_2019.12.16_14.23.32.csv,2350,197.6288,72.00,55.78,0.5448,2.928255
3198,redandblack,driving_B_2020.02.13_15.02.01.csv,296,218.6762,100.00,62.88,0.5447,3.094695
3199,soldier,driving_B_2019.12.16_14.23.32.csv,2590,87.8338,0.00,-22.18,0.5445,2.839096
3200,longdress,driving_B_2020.02.14_12.58.17.csv,3,90.4870,0.00,-26.62,0.5444,3.138049
3201,loot,driving_B_2019.12.16_14.23.32.csv,1270,213.9338,100.00,61.19,0.5442,3.430705
3202,redandblack,driving_B_2019.12.17_07.32.39.csv,352,142.1116,61.32,28.60,0.5441,3.066079
3203,soldier,static_B_2020.02.13_13.57.29.csv,825,145.6706,48.68,20.80,0.5439,3.090255
3204,longdress,static_B_2020.02.27_18.39.27.csv,636,214.7225,100.00,60.62,0.5438,3.179647
3205,loot,static_B_2020.02.13_13.57.29.csv,285,154.7280,85.51,39.27,0.5437,3.035859
3206,redandblack,static_B_2020.02.27_18.39.27.csv,5496,171.6956,40.00,47.02,0.5435,3.377604
3207,soldier,driving_B_2020.02.13_15.02.01.csv,536,118.7970,0.00,-17.00,0.5434,3.133864
3208,longdress,static_B_2020.02.27_18.39.27.csv,5016,194.0698,80.99,46.86,0.5432,3.176837
3209,loot,driving_B_2019.12.16_14.23.32.csv,910,135.0916,48.66,26.84,0.5431,3.098861
3210,redandblack,driving_B_2020.01.16_09.56.56.csv,798,159.4964,63.53,36.85,0.5429,3.102917
3211,soldier,driving_B_2020.02.14_12.58.17.csv,543,67.1577,0.00,-35.22,0.5428,3.083569
3212,longdress,driving_B_2020.02.14_09.38.22.csv,68,67.5824,0.00,-67.53,0.5427,3.263069
3213,loot,driving_B_2020.02.13_15.02.01.csv,1316,-2.5947,0.00,-225.49,0.5425,3.162569
3214,redandblack,driving_B_2020.01.16_07.26.43.csv,1552,26.9462,0.00,-123.52,0.5424,2.930024
3215,soldier,static_B_2020.02.13_13.57.29.csv,2385,167.7407,30.95,26.57,0.5422,3.045816
3216,longdress,static_B_2020.02.13_13.57.29.csv,945,74.5480,0.00,-99.17,0.5421,2.785961
3217,loot,static_B_2020.02.13_13.57.29.csv,105,195.1167,100.00,51.11,0.5419,2.877289
3218,redandblack,driving_B_2020.02.13_13.03.24.csv,1421,129.3397,26.33,19.89,0.5418,3.157285
3219,soldier,static_B_2020.02.27_18.39.27.csv,3456,231.0302,100.00,66.75,0.5417,3.251671
3220,longdress,static_B_2020.02.27_18.39.27.csv,2076,211.4862,78.67,55.34,0.5415,3.237365
3221,loot,static_B_2020.02.13_13.57.29.csv,465,169.8533,62.71,43.56,0.5414,3.439525
3222,redandblack,static_B_2020.02.27_18.39.27.csv,3276,157.1667,10.00,43.43,0.5412,2.909460
3223,soldier,driving_B_2020.02.27_17.30.15.csv,273,-42.6506,0.00,-181.85,0.5411,3.179067
3224,longdress,static_B_2019.12.16_13.40.04.csv,1216,157.9471,39.25,29.50,0.5410,2.861099
3225,loot,static_B_2020.02.27_18.39.27.csv,516,186.3109,60.14,41.41,0.5408,2.866336
3226,redandblack,driving_B_2020.01.16_07.26.43.csv,412,54.3520,0.00,-56.68,0.5407,2.940948
3227,soldier,driving_B_2020.02.14_07.29.00.csv,806,112.9750,14.77,-2.77,0.5405,2.850737
3228,longdress,driving_B_2019.12.17_07.32.39.csv,1492,77.8888,0.00,-109.69,0.5404,3.203240
3229,loot,driving_B_2020.02.13_13.03.24.csv,1241,40.6068,0.00,-90.73,0.5402,3.320160
3230,redandblack,static_B_2020.02.13_13.57.29.csv,1905,199.6109,72.87,52.33,0.5401,3.326068
3231,soldier,driving_B_2019.12.16_14.23.32.csv,670,190.3425,100.00,51.23,0.5400,3.274651
3232,longdress,static_B_2020.02.13_13.57.29.csv,45,149.5398,83.05,38.13,0.5398,3.025686
3233,loot,driving_B_2019.12.16_12.27.05.csv,263,129.1075,19.69,10.06,0.5397,3.121862
3234,redandblack,static_B_2019.12.16_13.40.04.csv,856,195.3637,100.00,53.66,0.5395,2.931360
3235,soldier,driving_B_2019.12.16_14.23.32.csv,2616,143.0892,3.70,10.26,0.5394,3.330772
3236,longdress,driving_B_2020.02.14_09.38.22.csv,788,77.9412,0.00,-43.78,0.5392,2.970455
3237,loot,driving_B_2019.12.16_14.23.32.csv,190,154.0281,0.00,43.60,0.5391,3.098328
3238,redandblack,driving_B_2019.12.16_12.27.05.csv,203,95.3071,0.00,-7.15,0.5390,2.866487
3239,soldier,driving_B_2019.12.17_07.32.39.csv,1792,23.7569,0.00,-243.03,0.5388,2.961831
3240,longdress,driving_B_2020.02.14_07.29.00.csv,1646,179.2591,24.79,29.11,0.5387,3.301773
3241,loot,driving_B_2020.02.13_13.03.24.csv,2021,60.4027,0.00,-47.42,0.5385,3.365568
3242,redandblack,driving_B_2020.02.13_15.02.01.csv,2754,65.5390,0.00,-34.41,0.5384,3.317158
3243,soldier,static_B_2019.12.16_13.40.04.csv,1096,117.9631,0.00,-250.45,0.5382,2.890775
3244,longdress,driving_B_2020.01.16_12.10.03.csv,244,226.8970,100.00,67.21,0.5381,3.022971
3245,loot,driving_B_2019.12.17_07.32.39.csv,2288,170.6545,71.96,44.11,0.5380,3.255646
3246,redandblack,driving_B_2020.02.13_15.02.01.csv,1676,104.3819,0.00,-37.33,0.5378,3.194277
3247,soldier,static_B_2020.02.27_18.39.27.csv,1956,150.4912,0.00,15.04,0.5377,3.107051
3248,longdress,driving_B_2020.02.14_09.38.22.csv,1328,231.6748,100.00,65.82,0.5375,3.449683
3249,loot,driving_B_2020.02.13_13.03.24.csv,2081,11.5243,0.00,-129.79,0.5374,3.111436
3250,redandblack,static_B_2020.02.13_13.57.29.csv,1965,161.6388,70.55,36.16,0.5372,3.087635
3251,soldier,static_B_2020.02.13_13.57.29.csv,1245,199.1783,80.11,53.30,0.5371,3.159696
3252,longdress,driving_B_2020.02.13_13.03.24.csv,1121,40.3583,0.00,-69.52,0.5370,3.284934
3253,loot,static_B_2019.12.16_13.40.04.csv,1396,165.9719,100.00,21.89,0.5368,3.068240
3254,redandblack,driving_B_2019.12.16_12.27.05.csv,1152,136.6413,28.04,7.33,0.5367,3.171913
3255,soldier,static_B_2020.02.13_13.57.29.csv,345,118.1811,13.95,22.65,0.5365,2.963753
3256,longdress,static_B_2019.12.16_13.40.04.csv,1904,168.2551,24.00,26.69,0.5364,2.999335
3257,loot,static_B_2020.02.27_18.39.27.csv,3156,63.4480,0.00,-326.49,0.5363,3.138146
3258,redandblack,driving_B_2020.01.16_07.26.43.csv,532,91.4797,0.00,-0.32,0.5361,3.450747
3259,soldier,static_B_2020.02.27_18.39.27.csv,756,212.3856,74.00,60.10,0.5360,3.121377
3260,longdress,driving_B_2019.12.17_07.32.39.csv,652,85.5748,0.00,-25.70,0.5358,3.059537
3261,loot,driving_B_2020.02.13_15.02.01.csv,776,182.8962,59.62,36.36,0.5357,3.179232
3262,redandblack,driving_B_2020.01.16_07.26.43.csv,1770,38.2299,0.00,-54.01,0.5355,3.047343
3263,soldier,static_B_2020.02.13_13.57.29.csv,2325,152.6290,59.82,28.59,0.5354,3.222236
3264,longdress,static_B_2020.02.27_18.39.27.csv,2436,194.7349,50.00,54.80,0.5353,3.059489
3265,loot,driving_B_2019.12.17_07.32.39.csv,1192,172.1697,73.30,30.68,0.5351,3.097354
3266,redandblack,driving_B_2019.12.17_07.32.39.csv,1312,215.9380,100.00,61.28,0.5350,2.895431
3267,soldier,driving_B_2020.02.13_15.02.01.csv,1736,215.6504,100.00,63.20,0.5348,3.319667
3268,longdress,driving_B_2020.01.16_07.26.43.csv,1012,64.6466,0.00,-68.03,0.5347,2.950141
3269,loot,driving_B_2019.12.16_14.23.32.csv,2050,194.2653,66.00,56.45,0.5345,3.131629
3270,redandblack,static_B_2020.02.27_18.39.27.csv,1836,129.7682,64.42,1.16,0.5344,3.105904
3271,soldier,static_B_2020.02.27_18.39.27.csv,156,197.1007,88.72,55.74,0.5343,3.407204
3272,longdress,driving_B_2019.12.17_07.32.39.csv,772,51.2636,0.00,-83.46,0.5341,2.824346
3273,loot,driving_B_2019.12.16_14.23.32.csv,550,196.9368,82.49,54.19,0.5340,3.151949
3274,redandblack,driving_B_2020.02.14_07.29.00.csv,1226,215.9489,98.00,64.32,0.5338,3.453005
3275,soldier,driving_B_2019.12.17_07.32.39.csv,712,90.2528,0.00,-19.13,0.5337,3.145436
3276,longdress,static_B_2019.12.16_13.40.04.csv,1576,231.2036,100.00,68.43,0.5335,3.420390
3277,loot,driving_B_2019.12.16_14.23.32.csv,130,185.4180,34.00,53.13,0.5334,2.926268
3278,redandblack,driving_B_2020.01.16_09.56.56.csv,1218,136.3588,44.58,27.09,0.5333,3.003802
3279,soldier,driving_B_2020.02.14_09.38.22.csv,1448,88.9968,0.00,-1.14,0.5331,3.120442
3280,longdress,driving_B_2019.12.17_07.32.39.csv,2032,52.5650,0.00,-62.62,0.5330,3.256597
3281,loot,driving_B_2020.01.16_09.56.56.csv,258,136.5344,28.22,21.96,0.5328,3.650281
3282,redandblack,static_B_2019.12.16_13.40.04.csv,316,136.8848,42.64,22.02,0.5327,3.464394
3283,soldier,driving_B_2020.02.13_13.03.24.csv,41,55.5801,0.00,-90.80,0.5326,3.043675
3284,longdress,driving_B_2020.02.14_12.58.17.csv,183,-91.6186,0.00,-1377.79,0.5324,3.027183
3285,loot,static_B_2019.12.16_13.40.04.csv,436,181.7945,80.83,42.08,0.5323,3.073082
3286,redandblack,driving_B_2019.12.16_14.23.32.csv,2110,182.8036,18.00,52.96,0.5321,3.256240
3287,soldier,static_B_2020.02.14_13.21.26.csv,682,205.7459,82.00,58.32,0.5320,3.361909
3288,longdress,static_B_2020.02.13_13.57.29.csv,2565,195.5713,74.43,47.96,0.5318,3.627735
3289,loot,static_B_2020.02.27_18.39.27.csv,3336,189.1132,100.00,51.70,0.5317,3.464455
3290,redandblack,driving_B_2020.01.16_07.26.43.csv,592,77.5869,0.00,-11.48,0.5316,2.987447
3291,soldier,static_B_2020.02.13_13.57.29.csv,1065,163.9148,52.97,37.47,0.5314,3.125146
3292,longdress,driving_B_2019.12.16_14.23.32.csv,1030,68.8738,0.00,-63.59,0.5313,3.447790
3293,loot,static_B_2020.02.27_18.39.27.csv,2376,131.5615,0.00,-191.68,0.5311,3.209170
3294,redandblack,static_B_2020.02.14_13.21.26.csv,742,126.8530,0.00,31.64,0.5310,3.070045
3295,soldier,driving_B_2020.01.16_07.26.43.csv,352,14.1654,0.00,-244.99,0.5308,3.020559
3296,longdress,static_B_2019.12.16_13.40.04.csv,1516,180.6885,83.27,46.44,0.5307,3.528559
3297,loot,driving_B_2020.01.16_09.56.56.csv,498,178.5439,38.00,47.74,0.5306,3.521419
3298,redandblack,driving_B_2020.02.14_07.29.00.csv,326,182.7965,98.00,49.52,0.5304,3.446254
3299,soldier,static_B_2020.02.27_18.39.27.csv,5676,220.6085,100.00,61.86,0.5303,3.319523
3300,longdress,driving_B_2020.01.16_09.56.56.csv,738,227.0275,100.00,64.31,0.5301,3.225496
3301,loot,driving_B_2020.02.14_12.58.17.csv,423,-12.9218,0.00,-327.12,0.5300,3.278003
3302,redandblack,driving_B_2020.02.13_15.02.01.csv,116,207.1773,84.36,57.90,0.5298,2.976078
3303,soldier,driving_B_2020.01.16_09.56.56.csv,1398,175.5685,50.75,41.16,0.5297,3.252136
3304,longdress,static_B_2020.02.27_18.39.27.csv,4356,158.7435,52.79,27.29,0.5296,2.891370
3305,loot,static_B_2019.12.16_13.40.04.csv,796,227.7343,46.00,69.72,0.5294,2.986443
3306,redandblack,static_B_2020.02.13_13.57.29.csv,2805,147.4831,55.40,32.03,0.5293,3.175019
3307,soldier,driving_B_2020.02.13_13.03.24.csv,1781,37.7078,0.00,-1254.86,0.5291,3.023663
3308,longdress,driving_B_2019.12.16_14.23.32.csv,2530,117.2574,0.00,-78.28,0.5290,3.020775
3309,loot,driving_B_2020.02.27_17.30.15.csv,513,2.6186,0.00,-119.64,0.5288,3.014232
3310,redandblack,static_B_2020.02.14_13.21.26.csv,562,180.1815,42.00,48.82,0.5287,2.800334
3311,soldier,driving_B_2020.02.14_09.38.22.csv,1388,39.3453,0.00,-123.26,0.5286,3.143686
3312,longdress,driving_B_2019.12.16_14.23.32.csv,2470,190.7779,66.61,46.97,0.5284,3.085936
3313,loot,static_B_2020.02.27_18.39.27.csv,5256,201.6823,82.00,57.28,0.5283,3.274674
3314,redandblack,driving_B_2019.12.17_07.32.39.csv,2152,71.0616,0.00,-51.35,0.5281,3.571606
3315,soldier,driving_B_2020.01.16_12.10.03.csv,64,187.9387,83.37,50.79,0.5280,3.104128
3316,longdress,driving_B_2020.02.13_13.03.24.csv,701,78.8777,0.00,-69.03,0.5279,3.138253
3317,loot,driving_B_2020.02.14_07.29.00.csv,1346,149.5374,0.00,40.81,0.5277,3.231269
3318,redandblack,driving_B_2019.12.17_07.32.39.csv,1552,149.5029,67.15,34.01,0.5276,3.367136
3319,soldier,driving_B_2019.12.16_12.27.05.csv,803,132.9703,2.85,16.80,0.5274,3.188106
3320,longdress,static_B_2020.02.27_18.39.27.csv,216,207.7596,96.00,58.40,0.5273,3.544014
3321,loot,driving_B_2020.02.13_15.02.01.csv,656,177.0059,59.47,34.69,0.5271,3.299692
3322,redandblack,driving_B_2019.12.17_07.32.39.csv,1852,99.5226,0.00,-31.57,0.5270,3.144202
3323,soldier,driving_B_2019.12.17_07.32.39.csv,952,-38.2727,0.00,-212.14,0.5269,3.697158
3324,longdress,driving_B_2020.01.16_07.26.43.csv,772,128.2105,8.04,6.41,0.5267,2.895454
3325,loot,driving_B_2019.12.17_07.32.39.csv,52,120.1287,49.13,11.33,0.5266,2.972692
3326,redandblack,driving_B_2020.01.16_07.26.43.csv,1672,68.3984,0.00,-51.54,0.5264,3.078977
3327,soldier,driving_B_2020.02.14_12.58.17.csv,800,3.9360,0.00,-111.19,0.5263,3.168071
3328,longdress,driving_B_2020.02.13_13.03.24.csv,821,18.0488,0.00,-135.94,0.5261,3.274168
3329,loot,driving_B_2019.12.17_07.32.39.csv,1252,81.0221,0.00,-9.27,0.5260,3.364919
3330,redandblack,driving_B_2020.02.14_07.29.00.csv,1166,195.0441,51.73,30.69,0.5259,3.099215
3331,soldier,driving_B_2020.01.16_09.56.56.csv,1038,70.2532,0.00,-68.02,0.5257,3.168060
3332,longdress,driving_B_2020.01.16_07.26.43.csv,1732,77.8465,0.00,-42.92,0.5256,3.244093
3333,loot,driving_B_2020.02.14_09.38.22.csv,188,14.4985,0.00,-144.95,0.5254,3.190893
3334,redandblack,static_B_2020.02.13_13.57.29.csv,1185,146.0914,6.00,36.21,0.5253,3.164791
3335,soldier,static_B_2020.02.13_13.57.29.csv,1005,47.7041,0.00,-135.77,0.5251,2.823515
3336,longdress,driving_B_2020.02.14_12.58.17.csv,723,10.6268,0.00,-85.92,0.5250,3.342492
3337,redandblack,static_B_2020.02.27_18.39.27.csv,4086,186.8015,26.00,53.82,0.5249,3.357153
3338,soldier,static_B_2020.02.27_18.39.27.csv,3486,185.0284,66.49,44.71,0.5247,3.098877
3339,longdress,driving_B_2019.12.16_12.27.05.csv,944,236.3505,87.73,68.16,0.5246,3.080738
3340,loot,driving_B_2019.12.16_14.23.32.csv,925,92.5923,0.00,-21.13,0.5244,3.176384
3341,redandblack,driving_B_2020.02.13_13.03.24.csv,1111,78.9101,0.00,-33.91,0.5243,3.308168
3342,soldier,static_B_2020.02.27_18.39.27.csv,906,182.6136,68.46,43.25,0.5241,3.358444
3343,longdress,static_B_2020.02.27_18.39.27.csv,1566,146.3973,37.40,14.44,0.5240,3.652232
3344,loot,driving_B_2020.02.13_13.03.24.csv,1411,73.1187,0.00,-15.43,0.5239,3.303842
3345,redandblack,driving_B_2019.12.16_14.23.32.csv,25,187.8384,87.44,50.63,0.5237,3.074211
3346,soldier,driving_B_2020.02.14_09.38.22.csv,1327,218.4097,98.00,60.44,0.5236,3.337581
3347,longdress,driving_B_2019.12.16_14.23.32.csv,2005,235.5415,100.00,69.32,0.5234,3.285354
3348,loot,static_B_2019.12.16_13.40.04.csv,607,204.4064,100.00,56.92,0.5233,3.162051
3349,redandblack,static_B_2019.12.16_13.40.04.csv,367,209.3201,72.38,51.17,0.5232,3.127944
3350,soldier,static_B_2020.02.13_13.57.29.csv,1802,209.2633,78.87,56.11,0.5230,3.128536
3351,longdress,driving_B_2020.01.16_09.56.56.csv,493,208.1667,68.00,57.09,0.5229,3.096159
3352,loot,driving_B_2020.01.16_07.26.43.csv,1084,196.4782,60.94,46.65,0.5227,3.396954
3353,redandblack,driving_B_2020.01.16_07.26.43.csv,244,171.0994,53.47,29.81,0.5226,3.170230
3354,soldier,driving_B_2020.01.16_09.56.56.csv,1153,81.0245,0.00,-66.11,0.5224,3.374931
3355,longdress,static_B_2020.02.27_18.39.27.csv,4206,185.1990,86.14,48.00,0.5223,3.124702
3356,loot,driving_B_2020.01.16_09.56.56.csv,793,160.2910,46.40,32.79,0.5222,3.139388
3357,redandblack,static_B_2020.02.13_13.57.29.csv,2282,236.7853,100.00,68.62,0.5220,3.048072
3358,soldier,static_B_2020.02.27_18.39.27.csv,4506,186.9448,47.24,41.44,0.5219,3.258621
3359,longdress,driving_B_2019.12.16_12.27.05.csv,404,-14.2020,0.00,-133.00,0.5217,3.261511
3360,loot,static_B_2020.02.27_18.39.27.csv,4566,222.7475,100.00,64.54,0.5216,3.238190
3361,redandblack,driving_B_2019.12.16_14.23.32.csv,145,137.9421,0.00,34.08,0.5214,3.178177
3362,soldier,driving_B_2019.12.17_07.32.39.csv,2288,192.4475,84.98,47.25,0.5213,3.065330
3363,longdress,driving_B_2020.02.13_15.02.01.csv,1152,161.4196,48.73,31.87,0.5212,3.174970
3364,loot,driving_B_2020.01.16_12.10.03.csv,242,203.8575,72.00,57.02,0.5210,2.801526
3365,redandblack,driving_B_2019.12.17_07.32.39.csv,1964,165.7739,67.95,39.03,0.5209,3.313503
3366,soldier,driving_B_2020.02.13_15.02.01.csv,2172,152.7031,32.00,40.70,0.5207,3.793882
3367,longdress,driving_B_2020.02.13_15.02.01.csv,1512,51.3235,0.00,-131.84,0.5206,2.839906
3368,loot,driving_B_2019.12.16_14.23.32.csv,2545,105.7095,0.00,-24.67,0.5204,3.628714
3369,redandblack,driving_B_2020.02.14_07.29.00.csv,1099,101.7387,0.00,-19.53,0.5203,3.064421
3370,soldier,driving_B_2020.02.14_07.29.00.csv,1939,-18.1760,0.00,-527.29,0.5202,3.264971
3371,longdress,driving_B_2020.02.27_17.30.15.csv,134,-6.5515,0.00,-132.94,0.5200,3.353185
3372,loot,static_B_2020.02.27_18.39.27.csv,186,166.9218,0.00,46.72,0.5199,3.322980
3373,redandblack,static_B_2020.02.27_18.39.27.csv,1146,187.3677,100.00,45.84,0.5197,3.269863
3374,soldier,driving_B_2019.12.16_14.23.32.csv,1945,128.7346,5.42,-8.92,0.5196,3.077062
3375,longdress,driving_B_2019.12.16_14.23.32.csv,2425,123.0183,24.98,5.91,0.5195,3.238344
3376,loot,driving_B_2020.01.16_07.26.43.csv,904,102.1678,12.89,0.93,0.5193,3.364403
3377,redandblack,driving_B_2020.02.14_07.29.00.csv,259,126.3515,56.91,19.98,0.5192,3.402995
3378,soldier,static_B_2019.12.16_13.40.04.csv,1327,159.3321,44.02,31.59,0.5190,3.191847
3379,longdress,static_B_2020.02.27_18.39.27.csv,4386,226.6100,86.44,62.76,0.5189,3.376400
3380,loot,driving_B_2020.02.13_15.02.01.csv,912,132.1844,0.00,33.33,0.5187,3.508191
3381,redandblack,static_B_2020.02.27_18.39.27.csv,66,187.0878,42.00,53.22,0.5186,3.093873
3382,soldier,static_B_2020.02.27_18.39.27.csv,1806,102.3950,54.05,-42.69,0.5185,3.235632
3383,longdress,driving_B_2020.01.16_07.26.43.csv,4,60.4209,0.00,-89.01,0.5183,3.255499
3384,loot,static_B_2020.02.27_18.39.27.csv,846,222.5929,100.00,65.66,0.5182,3.324259
3385,redandblack,driving_B_2020.02.13_15.02.01.csv,1992,192.1462,67.11,36.11,0.5180,3.160434
3386,soldier,static_B_2020.02.27_18.39.27.csv,4746,197.6061,67.36,50.36,0.5179,3.397251
3387,longdress,driving_B_2020.01.16_12.10.03.csv,2,176.4032,16.00,47.05,0.5177,3.352635
3388,loot,driving_B_2020.02.14_07.29.00.csv,799,151.3264,43.32,21.51,0.5176,3.215337
3389,redandblack,static_B_2020.02.27_18.39.27.csv,5286,132.9877,12.00,31.30,0.5175,3.269845
3390,soldier,static_B_2020.02.14_13.21.26.csv,850,189.1837,53.94,42.55,0.5173,3.080054
3391,longdress,driving_B_2020.02.14_12.58.17.csv,262,-107.9143,0.00,-523.20,0.5172,2.838858
3392,loot,driving_B_2020.02.13_15.02.01.csv,1272,161.8838,54.64,35.23,0.5170,3.280970
3393,redandblack,driving_B_2019.12.17_07.32.39.csv,884,52.4984,0.00,-40.59,0.5169,3.155110
3394,soldier,driving_B_2019.12.17_07.32.39.csv,1424,181.5234,22.45,25.41,0.5167,3.172179
3395,longdress,driving_B_2020.02.13_13.03.24.csv,1471,167.8981,49.20,30.89,0.5166,3.067437
3396,loot,driving_B_2020.02.13_13.03.24.csv,1171,99.3244,12.71,1.09,0.5165,3.386928
3397,redandblack,driving_B_2020.02.13_13.03.24.csv,871,8.9238,0.00,-153.97,0.5163,3.377665
3398,soldier,driving_B_2020.01.16_07.26.43.csv,1204,76.8317,0.00,-78.96,0.5162,3.278806
3399,longdress,driving_B_2020.02.14_09.38.22.csv,1207,51.5739,0.00,-116.62,0.5160,3.247514
3400,loot,driving_B_2019.12.17_07.32.39.csv,404,174.3093,80.13,43.00,0.5159,3.439893
3401,redandblack,driving_B_2020.01.16_07.26.43.csv,484,99.1365,6.65,-4.02,0.5157,3.492869
3402,soldier,driving_B_2020.02.13_15.02.01.csv,792,133.6059,50.82,24.82,0.5156,3.422831
3403,longdress,driving_B_2020.01.16_09.56.56.csv,13,115.3875,7.59,3.47,0.5155,3.310578
3404,loot,driving_B_2020.02.13_15.02.01.csv,1032,143.0403,0.00,38.67,0.5153,3.152583
3405,redandblack,static_B_2019.12.16_13.40.04.csv,1507,197.1172,100.00,54.13,0.5152,3.383849
3406,soldier,driving_B_2020.02.14_07.29.00.csv,1219,227.2296,100.00,63.37,0.5150,3.052012
3407,longdress,static_B_2019.12.16_13.40.04.csv,547,199.4370,100.00,52.35,0.5149,3.294704
3408,loot,driving_B_2020.01.16_07.26.43.csv,1144,169.0340,78.02,44.00,0.5148,3.375078
3409,redandblack,driving_B_2020.01.16_07.26.43.csv,1264,87.4231,0.00,-19.80,0.5146,3.130293
3410,soldier,driving_B_2020.02.13_13.03.24.csv,31,53.6988,0.00,-61.64,0.5145,3.241143
3411,longdress,static_B_2020.02.27_18.39.27.csv,1986,125.5651,39.86,13.49,0.5143,3.332203
3412,loot,driving_B_2019.12.16_14.23.32.csv,2605,126.3768,14.27,12.41,0.5142,3.047606
3413,redandblack,driving_B_2019.12.16_11.49.59.csv,156,46.3554,0.00,-80.00,0.5140,3.414993
3414,soldier,driving_B_2020.02.13_15.02.01.csv,252,199.3007,100.00,54.66,0.5139,3.219188
3415,longdress,static_B_2019.12.16_13.40.04.csv,1627,189.1987,84.65,48.47,0.5138,3.169837
3416,loot,driving_B_2020.02.13_13.03.24.csv,2011,44.2256,0.00,-66.86,0.5136,3.229314
3417,redandblack,driving_B_2020.02.13_15.02.01.csv,12,202.0476,100.00,56.12,0.5135,3.410978
3418,soldier,static_B_2019.12.16_13.40.04.csv,1207,142.6787,41.95,22.96,0.5133,3.219826
3419,longdress,driving_B_2019.12.16_14.23.32.csv,1165,115.6632,16.01,15.19,0.5132,3.243593
3420,loot,static_B_2020.02.27_18.39.27.csv,3966,191.6494,68.00,54.34,0.5130,3.317352
3421,redandblack,static_B_2020.02.27_18.39.27.csv,1446,226.8896,100.00,65.60,0.5129,3.476472
3422,soldier,driving_B_2020.02.14_09.38.22.csv,1478,35.5919,0.00,-73.47,0.5128,3.342841
3423,longdress,static_B_2020.02.27_18.39.27.csv,2526,244.3060,100.00,71.96,0.5126,3.487029
3424,loot,driving_B_2019.12.16_12.27.05.csv,584,130.3829,16.96,3.37,0.5125,3.333576
3425,redandblack,driving_B_2019.12.16_12.27.05.csv,1064,193.3872,68.95,50.35,0.5123,3.351725
3426,soldier,static_B_2020.02.27_18.39.27.csv,3606,193.7236,70.00,57.97,0.5122,3.383404
3427,longdress,driving_B_2020.02.14_09.38.22.csv,487,171.9386,0.00,-15.21,0.5120,2.977210
3428,loot,static_B_2020.02.27_18.39.27.csv,2166,183.6437,100.00,47.92,0.5119,3.035594
3429,redandblack,driving_B_2020.02.13_15.02.01.csv,1692,175.4119,84.55,39.59,0.5118,3.497829
3430,soldier,static_B_2020.02.27_18.39.27.csv,3666,166.7245,14.00,46.41,0.5116,3.646613
3431,longdress,driving_B_2020.01.16_07.26.43.csv,304,122.3760,11.03,10.47,0.5115,3.401585
3432,loot,driving_B_2019.12.17_07.32.39.csv,2288,156.5079,88.03,39.01,0.5113,3.353041
3433,redandblack,static_B_2020.02.14_13.21.26.csv,342,149.3029,20.00,38.66,0.5112,3.405332
3434,soldier,static_B_2020.02.13_13.57.29.csv,2462,162.0358,74.59,7.68,0.5110,3.226224
3435,longdress,static_B_2020.02.27_18.39.27.csv,2046,145.7594,51.17,26.84,0.5109,2.994448
3436,loot,static_B_2020.02.13_13.57.29.csv,2042,199.4756,12.00,59.78,0.5108,3.339641
3437,redandblack,driving_B_2019.12.16_12.27.05.csv,344,122.4593,29.67,6.41,0.5106,3.142067
3438,soldier,driving_B_2020.01.16_09.56.56.csv,1453,201.2963,80.35,55.50,0.5105,3.062864
3439,longdress,driving_B_2020.02.13_15.02.01.csv,972,78.3123,0.00,-2.63,0.5103,3.346080
3440,loot,driving_B_2020.02.13_15.02.01.csv,2652,206.3758,78.41,56.10,0.5102,3.079312
3441,redandblack,static_B_2020.02.27_18.39.27.csv,3786,127.9351,32.19,24.50,0.5101,3.250244
3442,soldier,driving_B_2020.02.13_13.03.24.csv,2071,-31.9658,0.00,-404.26,0.5099,3.280959
3443,longdress,driving_B_2020.02.13_13.03.24.csv,1531,25.4049,0.00,-122.02,0.5098,3.288058
3444,loot,static_B_2020.02.27_18.39.27.csv,3426,211.0297,56.00,63.37,0.5096,3.230665
3445,redandblack,static_B_2020.02.27_18.39.27.csv,366,208.0484,100.00,59.64,0.5095,3.126366
3446,soldier,driving_B_2020.02.13_15.02.01.csv,1632,86.2017,0.00,-110.19,0.5093,3.167813
3447,longdress,static_B_2020.02.27_18.39.27.csv,1086,101.0353,0.00,-11.15,0.5092,3.093486
3448,loot,static_B_2020.02.27_18.39.27.csv,3186,145.3819,0.00,-171.04,0.5091,3.403099
3449,redandblack,driving_B_2020.01.16_09.56.56.csv,553,156.3273,74.83,35.66,0.5089,3.468644
3450,soldier,driving_B_2020.02.13_15.02.01.csv,552,60.6152,0.00,-44.14,0.5088,3.201307
3451,longdress,driving_B_2020.02.13_13.03.24.csv,511,59.1466,0.00,-63.06,0.5086,3.509719
3452,loot,driving_B_2020.01.16_12.10.03.csv,244,229.6162,94.00,67.77,0.5085,3.264205
3453,redandblack,static_B_2020.02.27_18.39.27.csv,5046,146.8395,61.78,28.77,0.5083,2.979932
3454,soldier,driving_B_2020.02.27_17.30.15.csv,720,-55.3693,0.00,-1203.33,0.5082,3.290064
3455,longdress,driving_B_2019.12.16_14.23.32.csv,2485,175.6784,12.00,47.54,0.5081,3.208432
3456,loot,driving_B_2020.02.14_07.29.00.csv,619,135.9874,29.20,13.42,0.5079,3.483923
3457,redandblack,driving_B_2019.12.16_14.23.32.csv,1465,137.7388,29.25,28.47,0.5078,3.215587
3458,soldier,static_B_2020.02.27_18.39.27.csv,3906,169.0535,30.00,44.58,0.5076,3.466362
3459,longdress,driving_B_2020.02.27_17.30.15.csv,254,-57.6859,0.00,-298.79,0.5075,3.400747
3460,loot,driving_B_2020.01.16_09.56.56.csv,1570,157.8569,69.74,39.77,0.5073,3.294953
3461,redandblack,static_B_2020.02.13_13.57.29.csv,2402,178.2193,59.34,40.33,0.5072,3.090461
3462,soldier,static_B_2020.02.27_18.39.27.csv,2766,216.8087,85.61,62.55,0.5071,3.451544
3463,longdress,static_B_2019.12.16_13.40.04.csv,1904,165.1678,44.00,25.68,0.5069,3.333504
3464,loot,driving_B_2019.12.16_14.23.32.csv,385,163.9507,78.00,40.64,0.5068,3.391449
3465,redandblack,static_B_2020.02.13_13.57.29.csv,362,217.1110,84.63,62.28,0.5066,3.193822
3466,soldier,driving_B_2020.02.14_07.29.00.csv,1159,151.3082,13.22,-8.35,0.5065,3.263739
3467,longdress,driving_B_2019.12.17_07.32.39.csv,1004,114.7696,52.17,10.48,0.5064,3.735963
3468,loot,static_B_2019.12.16_13.40.04.csv,667,239.5213,100.00,73.54,0.5062,3.127495
3469,redandblack,static_B_2020.02.13_13.57.29.csv,62,150.7641,72.50,36.98,0.5061,3.322535
3470,soldier,driving_B_2020.02.14_07.29.00.csv,1639,195.4555,100.00,51.47,0.5059,3.275213
3471,longdress,driving_B_2019.12.17_07.32.39.csv,1364,165.2601,50.00,45.72,0.5058,3.283521
3472,loot,static_B_2020.02.27_18.39.27.csv,5586,167.8513,8.00,46.52,0.5056,3.339445
3473,redandblack,driving_B_2019.12.17_07.32.39.csv,584,126.8195,34.28,12.49,0.5055,3.055250
3474,soldier,driving_B_2019.12.16_14.23.32.csv,865,108.0089,0.00,-39.75,0.5054,3.312786
3475,longdress,driving_B_2020.02.13_13.03.24.csv,751,4.8237,0.00,-317.46,0.5052,3.274276
3476,loot,static_B_2020.02.13_13.57.29.csv,1502,219.9088,100.00,66.78,0.5051,3.321094
3477,redandblack,driving_B_2020.02.13_15.02.01.csv,2754,35.0537,0.00,-43.61,0.5049,3.296421
3478,soldier,static_B_2019.12.16_13.40.04.csv,427,109.3863,36.15,7.08,0.5048,3.305196
3479,longdress,driving_B_2019.12.17_07.32.39.csv,1184,82.1725,0.00,-66.63,0.5046,3.449172
3480,loot,static_B_2020.02.27_18.39.27.csv,4026,193.6785,82.99,51.24,0.5045,3.301062
3481,redandblack,static_B_2020.02.27_18.39.27.csv,2466,171.0933,0.00,49.90,0.5044,3.184968
3482,soldier,driving_B_2020.02.13_13.03.24.csv,631,47.8810,0.00,-42.84,0.5042,3.385262
3483,longdress,static_B_2020.02.13_13.57.29.csv,1322,134.0043,30.57,8.81,0.5041,3.085792
3484,loot,static_B_2020.02.27_18.39.27.csv,4866,184.7447,8.00,54.00,0.5039,3.193655
3485,redandblack,static_B_2020.02.13_13.57.29.csv,962,105.3740,0.00,-3.49,0.5038,3.229588
3486,soldier,static_B_2020.02.27_18.39.27.csv,2286,189.6579,37.51,37.73,0.5036,3.239631
3487,longdress,driving_B_2019.12.17_07.32.39.csv,224,54.0138,5.54,-21.75,0.5035,3.368238
3488,loot,static_B_2020.02.13_13.57.29.csv,2,150.0294,49.18,27.72,0.5034,3.283409
3489,redandblack,driving_B_2020.02.13_15.02.01.csv,2532,117.1557,0.63,-5.08,0.5032,3.260577
3490,soldier,static_B_2019.12.16_13.40.04.csv,1747,187.9459,78.43,49.48,0.5031,3.363058
3491,longdress,static_B_2020.02.27_18.39.27.csv,3006,194.9787,81.67,52.62,0.5029,3.390352
3492,loot,driving_B_2020.01.16_09.56.56.csv,1213,180.7998,68.34,35.03,0.5028,3.429684
3493,redandblack,driving_B_2019.12.17_07.32.39.csv,644,111.5397,0.00,-9.81,0.5026,3.398772
3494,soldier,driving_B_2020.02.14_09.38.22.csv,187,-14.7735,0.00,-282.82,0.5025,3.194271
3495,longdress,driving_B_2019.12.16_14.23.32.csv,1825,-3.7085,0.00,-254.69,0.5024,3.324542
3496,loot,driving_B_2020.02.13_15.02.01.csv,1932,194.2997,68.03,48.00,0.5022,3.134244
3497,redandblack,driving_B_2020.01.16_09.56.56.csv,613,215.6533,100.00,60.30,0.5021,3.347244
3498,soldier,driving_B_2019.12.16_14.23.32.csv,1285,208.4775,79.13,55.78,0.5019,3.525802
3499,longdress,driving_B_2020.02.14_12.58.17.csv,382,-8.5569,0.00,-667.25,0.5018,3.074228
3500,loot,static_B_2020.02.13_13.57.29.csv,2522,193.7610,54.00,56.48,0.5017,3.235477
3501,redandblack,static_B_2020.02.27_18.39.27.csv,1266,178.8096,80.00,48.36,0.5015,3.348187
3502,soldier,static_B_2020.02.14_13.21.26.csv,462,166.2713,42.00,42.87,0.5014,3.224705
3503,longdress,driving_B_2020.02.13_15.02.01.csv,732,86.0528,0.00,-27.56,0.5012,3.368746
3504,loot,driving_B_2020.01.16_07.26.43.csv,1564,20.4683,0.00,-172.40,0.5011,3.431926
3505,redandblack,static_B_2020.02.27_18.39.27.csv,3366,142.3681,0.00,38.62,0.5009,3.600016
3506,soldier,static_B_2020.02.27_18.39.27.csv,3546,173.4047,70.98,36.23,0.5008,3.243214
3507,longdress,static_B_2019.12.16_13.40.04.csv,1867,163.0767,0.00,-244.82,0.5007,3.404619
3508,loot,driving_B_2020.02.14_09.38.22.csv,607,215.7668,100.00,64.64,0.5005,3.319054
3509,redandblack,static_B_2020.02.14_13.21.26.csv,402,221.3313,100.00,64.61,0.5004,3.601068
3510,soldier,static_B_2020.02.14_13.21.26.csv,850,180.7424,57.62,40.80,0.5002,3.492958
3511,longdress,driving_B_2020.02.14_07.29.00.csv,379,201.0957,61.93,48.52,0.5001,3.258613
3512,loot,driving_B_2020.01.16_09.56.56.csv,673,95.9820,0.00,-50.98,0.4999,3.160929
3513,redandblack,static_B_2020.02.27_18.39.27.csv,606,155.1213,22.00,33.80,0.4998,3.341212
3514,soldier,driving_B_2020.01.16_09.56.56.csv,853,77.3711,0.00,-51.58,0.4997,3.362579
3515,longdress,static_B_2020.02.27_18.39.27.csv,3066,173.1467,15.48,24.35,0.4995,3.185493
3516,loot,driving_B_2020.01.16_07.26.43.csv,1624,83.0493,2.05,-2.74,0.4994,3.432422
3517,redandblack,static_B_2020.02.14_13.21.26.csv,582,227.9163,100.00,67.91,0.4992,3.275354
3518,soldier,driving_B_2019.12.16_14.23.32.csv,1585,128.0396,0.00,-0.74,0.4991,3.093379
3519,longdress,driving_B_2019.12.16_14.23.32.csv,325,191.7782,66.00,53.25,0.4989,3.401465
3520,loot,driving_B_2019.12.16_12.27.05.csv,764,157.8088,73.87,35.94,0.4988,3.000842
3521,redandblack,static_B_2020.02.27_18.39.27.csv,2226,210.0943,100.00,62.69,0.4987,3.317012
3522,soldier,static_B_2020.02.27_18.39.27.csv,5106,224.6247,100.00,64.75,0.4985,3.074435
3523,longdress,driving_B_2020.02.13_13.03.24.csv,1351,90.4600,17.32,-16.03,0.4984,3.513902
3524,loot,driving_B_2020.02.13_15.02.01.csv,1092,160.6460,69.51,34.29,0.4982,3.397708
3525,redandblack,static_B_2020.02.27_18.39.27.csv,2106,228.0062,84.05,64.75,0.4981,3.226220
3526,soldier,driving_B_2020.02.14_07.29.00.csv,979,65.2442,0.00,-91.99,0.4980,3.415957
3527,longdress,static_B_2020.02.27_18.39.27.csv,2646,193.3785,45.86,42.28,0.4978,3.166982
3528,loot,driving_B_2020.02.13_13.03.24.csv,331,135.5672,46.40,26.59,0.4977,3.205242
3529,redandblack,driving_B_2020.01.16_07.26.43.csv,784,159.2347,53.71,31.39,0.4975,3.395349
3530,soldier,driving_B_2019.12.16_12.27.05.csv,284,37.5187,0.00,-120.88,0.4974,3.373071
3531,longdress,static_B_2019.12.16_13.40.04.csv,1447,226.9598,86.00,67.72,0.4972,3.542019
3532,loot,driving_B_2020.02.13_13.03.24.csv,1231,58.9886,0.00,-39.69,0.4971,3.212512
3533,redandblack,static_B_2020.02.27_18.39.27.csv,1626,188.0876,70.73,41.33,0.4970,2.830637
3534,soldier,driving_B_2019.12.17_07.32.39.csv,944,-22.3049,0.00,-238.08,0.4968,3.355508
3535,longdress,static_B_2020.02.27_18.39.27.csv,1326,214.3373,100.00,61.68,0.4967,3.339818
3536,loot,driving_B_2020.02.13_15.02.01.csv,2412,-4.6286,0.00,-272.19,0.4965,3.196622
3537,redandblack,driving_B_2020.02.14_07.29.00.csv,1459,149.0277,65.79,30.97,0.4964,3.521732
3538,soldier,driving_B_2020.02.13_13.03.24.csv,1051,17.7470,0.00,-203.99,0.4962,3.451402
3539,longdress,driving_B_2020.02.13_13.03.24.csv,151,-7.6147,0.00,-260.00,0.4961,3.087313
3540,loot,static_B_2020.02.27_18.39.27.csv,5406,190.6607,20.00,54.66,0.4960,3.495608
3541,redandblack,driving_B_2020.02.27_17.30.15.csv,614,37.4348,0.00,-249.92,0.4958,3.462889
3542,soldier,driving_B_2020.02.14_09.38.22.csv,1147,-27.9023,0.00,-321.51,0.4957,3.045143
3543,longdress,static_B_2020.02.27_18.39.27.csv,1686,156.7725,58.48,34.39,0.4955,3.215429
3544,loot,driving_B_2020.02.14_09.38.22.csv,787,119.0713,41.61,16.19,0.4954,3.440036
3545,redandblack,driving_B_2020.02.14_09.38.22.csv,967,180.4753,50.00,52.71,0.4952,3.421508
3546,soldier,driving_B_2020.02.14_07.29.00.csv,19,127.0923,0.00,-6.05,0.4951,3.494642
3547,longdress,driving_B_2020.01.16_07.26.43.csv,724,145.6804,78.78,32.41,0.4950,3.174793
3548,loot,driving_B_2019.12.16_14.23.32.csv,1105,162.1534,82.83,34.53,0.4948,3.279290
3549,redandblack,driving_B_2020.01.16_09.56.56.csv,433,119.6147,0.00,-3.08,0.4947,3.231479
3550,soldier,driving_B_2020.02.14_07.29.00.csv,1039,105.1418,0.00,-20.11,0.4945,3.138818
3551,longdress,driving_B_2020.01.16_07.26.43.csv,1770,-6.7398,0.00,-272.49,0.4944,3.710132
3552,loot,static_B_2020.02.13_13.57.29.csv,842,187.4516,79.62,49.98,0.4942,3.557783
3553,redandblack,driving_B_2020.01.16_07.26.43.csv,1324,152.3872,37.28,17.20,0.4941,3.590924
3554,soldier,static_B_2020.02.13_13.57.29.csv,902,107.5800,0.00,-17.22,0.4940,3.452216
3555,longdress,static_B_2019.12.16_13.40.04.csv,127,181.6181,36.00,49.72,0.4938,3.241519
3556,loot,driving_B_2020.02.27_17.30.15.csv,194,3.9280,0.00,-667.03,0.4937,3.204517
3557,redandblack,static_B_2020.02.13_13.57.29.csv,2642,232.5459,100.00,67.29,0.4935,3.284245
3558,soldier,driving_B_2019.12.16_12.27.05.csv,1124,145.5527,26.03,9.65,0.4934,3.249221
3559,longdress,static_B_2020.02.27_18.39.27.csv,2346,132.0776,0.00,-315.27,0.4933,3.370403
3560,loot,driving_B_2019.12.17_07.32.39.csv,344,166.1704,44.09,35.55,0.4931,3.209613
3561,redandblack,static_B_2019.12.16_13.40.04.csv,1567,158.2460,18.00,42.86,0.4930,3.277308
3562,soldier,static_B_2019.12.16_13.40.04.csv,1267,90.2694,0.00,-18.17,0.4928,3.559498
3563,longdress,static_B_2020.02.13_13.57.29.csv,2942,193.9775,77.69,48.32,0.4927,3.383164
3564,loot,static_B_2019.12.16_13.40.04.csv,1027,194.0073,78.62,45.57,0.4925,3.653002
3565,redandblack,static_B_2020.02.27_18.39.27.csv,1026,150.9051,53.04,31.61,0.4924,3.485355
3566,soldier,driving_B_2019.12.17_07.32.39.csv,1544,80.1933,0.00,-19.53,0.4923,3.274451
3567,longdress,driving_B_2020.02.13_13.03.24.csv,1591,76.4363,0.00,-331.85,0.4921,3.344567
3568,loot,static_B_2020.02.27_18.39.27.csv,3246,193.3166,46.00,52.90,0.4920,3.394721
3569,redandblack,static_B_2020.02.27_18.39.27.csv,486,211.6824,100.00,62.09,0.4918,3.395814
3570,soldier,static_B_2020.02.27_18.39.27.csv,4446,146.2409,17.92,18.94,0.4917,3.518028
3571,longdress,driving_B_2020.02.13_15.02.01.csv,2292,-47.5936,0.00,-808.09,0.4915,3.639934
3572,loot,driving_B_2020.01.16_09.56.56.csv,253,144.8645,17.09,13.76,0.4914,3.447092
3573,redandblack,static_B_2019.12.16_13.40.04.csv,787,172.1063,6.00,48.44,0.4913,3.457978
3574,soldier,driving_B_2020.02.14_12.58.17.csv,800,-18.9121,0.00,-658.98,0.4911,3.556650
3575,longdress,driving_B_2019.12.16_14.23.32.csv,505,225.5357,100.00,64.49,0.4910,3.338526
3576,loot,static_B_2020.02.13_13.57.29.csv,2102,138.3796,45.65,20.65,0.4908,3.571742
3577,redandblack,driving_B_2020.02.14_12.58.17.csv,562,31.9023,0.00,-99.40,0.4907,3.399202
3578,soldier,driving_B_2019.12.16_12.27.05.csv,164,56.0947,0.00,-75.93,0.4905,3.520740
3579,longdress,static_B_2020.02.13_13.57.29.csv,1562,161.3203,38.53,20.04,0.4904,3.245897
3580,loot,static_B_2020.02.13_13.57.29.csv,242,218.1935,100.00,63.21,0.4903,3.243320
3581,redandblack,static_B_2020.02.13_13.57.29.csv,1202,227.8770,100.00,65.79,0.4901,3.127360
3582,soldier,driving_B_2020.02.13_15.02.01.csv,1752,171.3125,55.30,32.79,0.4900,3.470240
3583,longdress,driving_B_2020.02.27_17.30.15.csv,494,-62.9177,0.00,-590.54,0.4898,3.264025
3584,loot,driving_B_2020.02.27_17.30.15.csv,554,30.0225,0.00,-142.04,0.4897,3.382598
3585,redandblack,driving_B_2020.02.13_15.02.01.csv,192,163.6575,6.00,46.40,0.4895,3.266399
3586,soldier,static_B_2020.02.14_13.21.26.csv,42,202.7435,60.00,56.86,0.4894,3.562313
3587,longdress,driving_B_2020.01.16_09.56.56.csv,733,201.3194,57.90,50.12,0.4893,3.147720
3588,loot,static_B_2020.02.27_18.39.27.csv,666,193.4848,82.29,50.47,0.4891,3.384366
3589,redandblack,driving_B_2020.02.27_17.30.15.csv,374,-9.1330,0.00,-591.08,0.4890,3.445997
3590,soldier,driving_B_2020.02.14_07.29.00.csv,859,181.2383,46.00,46.85,0.4888,3.143973
3591,longdress,driving_B_2019.12.16_14.23.32.csv,265,204.9329,85.72,56.98,0.4887,3.561925
3592,loot,driving_B_2019.12.16_14.23.32.csv,1705,-9.5213,0.00,-366.22,0.4886,3.221764
3593,redandblack,driving_B_2020.02.14_07.29.00.csv,199,170.6204,51.87,29.27,0.4884,3.396180
3594,soldier,driving_B_2020.02.14_09.38.22.csv,1387,-5.3206,0.00,-136.56,0.4883,3.279620
3595,longdress,static_B_2020.02.13_13.57.29.csv,2162,189.5443,61.42,42.26,0.4881,3.227788
3596,loot,driving_B_2020.01.16_07.26.43.csv,1504,140.6650,56.88,25.56,0.4880,3.401532
3597,redandblack,static_B_2019.12.16_13.40.04.csv,847,250.4536,100.00,77.01,0.4878,3.419877
3598,soldier,static_B_2020.02.27_18.39.27.csv,2826,200.9676,80.37,53.30,0.4877,3.352121
3599,longdress,driving_B_2020.02.14_07.29.00.csv,439,45.7452,0.00,-178.62,0.4876,3.349724
3600,loot,driving_B_2020.02.14_12.58.17.csv,82,68.0659,0.00,-153.96,0.4874,3.414758
3601,redandblack,driving_B_2020.02.14_07.29.00.csv,1399,198.8722,14.00,59.20,0.4873,3.470783
3602,soldier,static_B_2019.12.16_13.40.04.csv,67,204.8787,92.00,57.85,0.4871,3.191574
3603,longdress,static_B_2020.02.27_18.39.27.csv,4926,241.7063,86.00,71.29,0.4870,3.370832
3604,loot,driving_B_2019.12.16_14.23.32.csv,1525,151.1749,83.88,31.25,0.4868,3.524709
3605,redandblack,driving_B_2019.12.17_07.32.39.csv,164,145.8859,54.03,22.52,0.4867,3.275406
3606,soldier,driving_B_2020.02.14_12.58.17.csv,682,-56.6539,0.00,-457.34,0.4866,3.446726
3607,longdress,driving_B_2019.12.16_12.27.05.csv,884,238.1761,100.00,68.73,0.4864,3.400223
3608,loot,driving_B_2019.12.16_14.23.32.csv,2616,164.5536,18.21,30.48,0.4863,3.418356
3609,redandblack,driving_B_2019.12.17_07.32.39.csv,2144,61.9607,0.00,-62.42,0.4861,3.811806
3610,soldier,driving_B_2020.02.14_07.29.00.csv,739,57.1009,0.00,-38.85,0.4860,3.455908
3611,longdress,static_B_2020.02.27_18.39.27.csv,5466,167.4956,24.00,43.91,0.4858,3.124087
3612,loot,driving_B_2019.12.16_12.27.05.csv,704,199.9281,79.17,53.52,0.4857,3.192248
3613,redandblack,static_B_2020.02.13_13.57.29.csv,2882,161.8986,66.80,39.88,0.4856,3.443947
3614,soldier,driving_B_2020.01.16_09.56.56.csv,313,137.8520,4.01,10.28,0.4854,3.606806
3615,longdress,static_B_2020.02.27_18.39.27.csv,4686,161.5409,62.46,6.72,0.4853,3.475281
3616,loot,driving_B_2019.12.17_07.32.39.csv,2264,228.7341,100.00,67.53,0.4851,3.284518
3617,redandblack,driving_B_2020.02.13_15.02.01.csv,2754,49.4950,0.00,-44.56,0.4850,3.469040
3618,soldier,driving_B_2020.01.16_09.56.56.csv,913,26.8326,0.00,-84.03,0.4849,3.683018
3619,longdress,driving_B_2020.02.13_13.03.24.csv,1951,-66.1678,0.00,-750.81,0.4847,3.321085
3620,loot,driving_B_2020.01.16_07.26.43.csv,424,44.6480,0.00,-62.10,0.4846,3.253945
3621,redandblack,driving_B_2020.02.14_07.29.00.csv,559,53.6944,0.00,-37.49,0.4844,3.624705
3622,soldier,driving_B_2020.02.14_12.58.17.csv,322,-60.6278,0.00,-938.26,0.4843,3.321890
3623,longdress,driving_B_2020.01.16_12.10.03.csv,122,175.6129,38.00,46.87,0.4841,3.311797
3624,loot,static_B_2019.12.16_13.40.04.csv,1807,205.6315,83.46,55.86,0.4840,3.732086
3625,redandblack,driving_B_2020.01.16_07.26.43.csv,1684,72.4126,0.00,-42.40,0.4839,3.287647
3626,soldier,driving_B_2020.01.16_07.26.43.csv,664,56.2347,0.00,-126.92,0.4837,3.204565
3627,longdress,static_B_2020.02.13_13.57.29.csv,2342,126.8398,0.00,-1.75,0.4836,3.328643
3628,loot,driving_B_2020.02.13_15.02.01.csv,2472,56.2494,0.00,-178.20,0.4834,3.384891
3629,redandblack,driving_B_2019.12.17_07.32.39.csv,524,62.9148,0.00,-78.99,0.4833,3.438848
3630,soldier,driving_B_2020.02.14_09.38.22.csv,547,215.4527,100.00,58.49,0.4831,3.371062
3631,longdress,static_B_2020.02.13_13.57.29.csv,1742,190.5712,72.28,45.79,0.4830,3.612230
3632,loot,driving_B_2020.02.13_13.03.24.csv,1831,-81.3128,0.00,-649.23,0.4829,3.310279
3633,redandblack,driving_B_2020.02.14_07.29.00.csv,1879,-28.0087,0.00,-304.92,0.4827,3.125156
3634,soldier,driving_B_2020.02.27_17.30.15.csv,674,-75.3317,0.00,-592.80,0.4826,3.327153
3635,longdress,static_B_2020.02.27_18.39.27.csv,2406,149.8761,60.00,20.37,0.4824,3.163305
3636,loot,static_B_2020.02.13_13.57.29.csv,182,155.6488,44.66,28.42,0.4823,3.430640
3637,redandblack,driving_B_2019.12.17_07.32.39.csv,1664,99.5786,0.00,-68.60,0.4821,3.772517
3638,soldier,driving_B_2019.12.16_12.27.05.csv,1004,159.9924,12.00,43.01,0.4820,3.438493
3639,longdress,driving_B_2019.12.16_14.23.32.csv,1405,215.6090,87.40,63.95,0.4819,3.454275
3640,loot,static_B_2020.02.13_13.57.29.csv,1262,154.6624,19.69,24.06,0.4817,3.391706
3641,redandblack,static_B_2019.12.16_13.40.04.csv,1687,196.0732,100.00,51.57,0.4816,3.733551
3642,soldier,static_B_2020.02.14_13.21.26.csv,642,258.7759,100.00,79.01,0.4814,3.584704
3643,longdress,driving_B_2020.02.14_07.29.00.csv,1759,216.2221,100.00,61.11,0.4813,3.706702
3644,loot,static_B_2020.02.13_13.57.29.csv,2762,186.8216,55.96,38.99,0.4811,3.612277
3645,redandblack,driving_B_2019.12.16_14.23.32.csv,2245,183.5163,100.00,45.82,0.4810,3.355960
3646,soldier,static_B_2020.02.14_13.21.26.csv,522,172.8273,70.00,46.17,0.4809,3.608275
3647,longdress,driving_B_2019.12.16_14.23.32.csv,2365,206.0342,100.00,56.34,0.4807,3.224570
3648,loot,driving_B_2020.02.13_13.03.24.csv,1891,-63.0826,0.00,-419.96,0.4806,3.447394
3649,redandblack,driving_B_2020.02.13_13.03.24.csv,931,27.3695,0.00,-172.55,0.4804,3.639568
3650,soldier,driving_B_2019.12.16_14.23.32.csv,1765,-36.3314,0.00,-545.00,0.4803,3.543227
3651,longdress,driving_B_2020.02.14_09.38.22.csv,367,36.1494,0.00,-230.33,0.4802,3.411233
3652,loot,driving_B_2019.12.17_07.32.39.csv,1304,167.1065,56.92,35.08,0.4800,3.542124
3653,redandblack,driving_B_2020.02.14_07.29.00.csv,919,154.2884,56.99,31.95,0.4799,3.381568
3654,soldier,static_B_2020.02.27_18.39.27.csv,4146,211.7933,66.06,56.44,0.4797,3.364790
3655,longdress,driving_B_2020.02.13_13.03.24.csv,211,49.5099,0.00,-63.42,0.4796,3.450263
3656,loot,driving_B_2020.02.13_15.02.01.csv,852,106.5525,0.00,-1.81,0.4794,3.182590
3657,redandblack,driving_B_2020.02.13_15.02.01.csv,612,68.7622,0.00,-66.99,0.4793,3.459179
3658,soldier,static_B_2020.02.13_13.57.29.csv,2222,193.1169,75.85,38.55,0.4792,3.221079
3659,longdress,static_B_2020.02.27_18.39.27.csv,4806,217.2411,100.00,61.37,0.4790,3.604389
3660,loot,driving_B_2020.02.13_13.03.24.csv,2131,-15.8050,0.00,-527.82,0.4789,3.475120
3661,redandblack,driving_B_2020.02.14_09.38.22.csv,307,35.3373,0.00,-144.91,0.4787,3.508203
3662,soldier,static_B_2020.02.13_13.57.29.csv,1142,120.8031,24.77,12.10,0.4786,3.262593
3663,longdress,static_B_2020.02.27_18.39.27.csv,4326,173.3368,36.63,31.78,0.4784,3.264337
3664,loot,static_B_2020.02.27_18.39.27.csv,6,201.3921,22.00,59.64,0.4783,3.615180
3665,redandblack,driving_B_2019.12.17_07.32.39.csv,284,152.7330,66.98,25.32,0.4782,3.526203
3666,soldier,static_B_2020.02.13_13.57.29.csv,1382,197.8182,55.69,48.00,0.4780,3.571673
3667,longdress,driving_B_2019.12.16_12.27.05.csv,1152,147.7035,0.00,-3.87,0.4779,3.325333
3668,loot,static_B_2020.02.13_13.57.29.csv,782,208.1541,100.00,56.30,0.4777,2.911115
3669,redandblack,driving_B_2019.12.16_14.23.32.csv,745,176.9066,46.77,33.04,0.4776,3.552952
3670,soldier,static_B_2020.02.13_13.57.29.csv,2945,200.2370,83.24,57.01,0.4774,3.293204
3671,longdress,driving_B_2020.01.16_09.56.56.csv,973,170.6484,0.00,-26.45,0.4773,3.548221
3672,loot,driving_B_2020.02.14_09.38.22.csv,1027,104.4970,0.00,-45.52,0.4772,3.490020
3673,redandblack,driving_B_2020.01.16_07.26.43.csv,1384,27.2444,0.00,-87.22,0.4770,3.422254
3674,soldier,static_B_2020.02.13_13.57.29.csv,602,187.0231,60.50,43.73,0.4769,3.781747
3675,longdress,driving_B_2020.01.16_09.56.56.csv,1033,25.0499,0.00,-122.41,0.4767,3.585771
3676,loot,driving_B_2020.02.13_15.02.01.csv,2592,194.0209,82.17,54.99,0.4766,3.701199
3677,redandblack,driving_B_2020.02.14_07.29.00.csv,1970,-36.0138,0.00,-256.26,0.4765,3.639524
3678,soldier,static_B_2020.02.13_13.57.29.csv,1442,165.8472,41.67,26.15,0.4763,3.577700
3679,longdress,driving_B_2019.12.16_14.23.32.csv,685,199.7123,65.24,37.82,0.4762,3.334768
3680,loot,driving_B_2020.01.16_09.56.56.csv,373,100.4071,0.00,-23.25,0.4760,3.350062
3681,redandblack,static_B_2020.02.14_13.21.26.csv,702,177.1531,24.00,49.25,0.4759,3.161855
3682,soldier,static_B_2020.02.27_18.39.27.csv,4266,217.1918,100.00,63.42,0.4757,3.444796
3683,longdress,driving_B_2019.12.17_07.32.39.csv,764,51.5114,0.00,-80.60,0.4756,3.379253
3684,loot,static_B_2020.02.13_13.57.29.csv,1922,214.9753,85.15,60.76,0.4755,3.265380
3685,redandblack,static_B_2020.02.27_18.39.27.csv,2706,205.5227,58.67,59.68,0.4753,3.582630
3686,soldier,static_B_2019.12.16_13.40.04.csv,907,44.4750,0.00,-52.87,0.4752,3.300466
3687,longdress,driving_B_2020.02.14_09.38.22.csv,727,201.5776,100.00,55.75,0.4750,3.369836
3688,loot,driving_B_2019.12.16_14.23.32.csv,85,190.4526,4.00,57.65,0.4749,3.420514
3689,redandblack,static_B_2019.12.16_13.40.04.csv,307,151.4797,13.83,15.84,0.4747,3.527095
3690,soldier,driving_B_2020.01.16_09.56.56.csv,193,182.0872,68.27,37.27,0.4746,3.361361
3691,longdress,driving_B_2020.02.14_09.38.22.csv,847,155.3369,6.00,39.32,0.4745,3.429000
3692,loot,static_B_2020.02.27_18.39.27.csv,4626,195.3038,81.92,53.89,0.4743,3.050559
3693,redandblack,driving_B_2020.02.14_12.58.17.csv,622,92.0813,0.00,-46.56,0.4742,3.652059
3694,soldier,driving_B_2020.02.13_15.02.01.csv,312,232.0420,100.00,68.48,0.4740,3.378191
3695,longdress,driving_B_2020.02.13_13.03.24.csv,91,12.3667,0.00,-151.38,0.4739,3.312726
3696,loot,driving_B_2020.02.14_07.29.00.csv,1519,151.4526,18.87,20.63,0.4737,3.177000
3697,redandblack,static_B_2019.12.16_13.40.04.csv,1147,96.4477,0.00,-187.43,0.4736,3.293397
3698,soldier,driving_B_2019.12.17_07.32.39.csv,1784,-15.4547,0.00,-290.48,0.4735,3.581348
3699,longdress,driving_B_2020.02.13_13.03.24.csv,1651,135.1794,0.00,-44.42,0.4733,3.403763
3700,loot,driving_B_2020.01.16_09.56.56.csv,1570,174.8228,49.05,33.49,0.4732,3.107399
3701,redandblack,static_B_2020.02.13_13.57.29.csv,1082,153.3514,25.64,26.22,0.4730,3.665261
3702,soldier,driving_B_2019.12.16_14.23.32.csv,1645,233.7933,100.00,68.09,0.4729,3.569451
3703,longdress,static_B_2020.02.27_18.39.27.csv,5346,190.1582,56.00,52.71,0.4727,3.317125
3704,loot,driving_B_2020.02.14_07.29.00.csv,1279,219.2059,100.00,63.33,0.4726,3.236942
3705,redandblack,driving_B_2019.12.17_07.32.39.csv,824,94.6189,0.00,-20.84,0.4725,3.095700
3706,soldier,static_B_2020.02.27_18.39.27.csv,546,145.2182,0.00,-297.20,0.4723,3.402361
3707,longdress,driving_B_2020.02.14_07.29.00.csv,1819,217.5713,78.00,59.51,0.4722,3.232667
3708,loot,driving_B_2020.02.14_09.38.22.csv,67,51.0956,0.00,-54.24,0.4720,3.454645
3709,redandblack,driving_B_2020.02.14_12.58.17.csv,800,25.9874,0.00,-65.17,0.4719,3.207165
3710,soldier,driving_B_2020.02.13_13.03.24.csv,451,8.0781,0.00,-105.93,0.4718,3.791413
3711,longdress,driving_B_2020.02.27_17.30.15.csv,14,-3.2859,0.00,-444.26,0.4716,3.709960
3712,loot,static_B_2020.02.27_18.39.27.csv,966,223.0144,100.00,62.94,0.4715,3.560493
3713,redandblack,driving_B_2019.12.16_14.23.32.csv,805,211.0809,100.00,59.58,0.4713,3.473669
3714,soldier,driving_B_2020.02.14_09.38.22.csv,7,47.3088,0.00,-133.88,0.4712,3.568600
3715,longdress,static_B_2020.02.27_18.39.27.csv,5646,248.3062,100.00,73.57,0.4710,3.910435
3716,loot,static_B_2019.12.16_13.40.04.csv,1087,199.7574,78.64,45.99,0.4709,3.593330
3717,redandblack,static_B_2020.02.27_18.39.27.csv,5526,218.8702,92.00,64.21,0.4708,3.625737
3718,soldier,driving_B_2020.01.16_07.26.43.csv,364,-35.6979,0.00,-267.02,0.4706,3.678816
3719,longdress,driving_B_2020.02.13_15.02.01.csv,1212,170.1650,60.33,33.24,0.4705,3.848515
3720,loot,static_B_2020.02.27_18.39.27.csv,5226,107.5818,22.13,0.87,0.4703,3.461531
3721,redandblack,driving_B_2020.02.13_13.03.24.csv,2188,-31.5668,0.00,-230.41,0.4702,3.544936
3722,soldier,static_B_2020.02.14_13.21.26.csv,282,202.2093,40.00,58.09,0.4700,3.710003
3723,longdress,driving_B_2020.02.13_15.02.01.csv,2112,181.8232,83.72,44.64,0.4699,3.664485
3724,loot,driving_B_2019.12.16_14.23.32.csv,2616,150.9758,54.53,33.94,0.4698,3.639681
3725,redandblack,driving_B_2019.12.17_07.32.39.csv,1604,215.7762,100.00,59.65,0.4696,3.725245
3726,soldier,static_B_2020.02.27_18.39.27.csv,2946,223.0211,68.05,58.80,0.4695,3.319524
3727,longdress,static_B_2020.02.13_13.57.29.csv,482,142.8706,53.56,32.50,0.4693,3.476304
3728,loot,driving_B_2019.12.16_12.27.05.csv,824,180.1225,58.48,42.35,0.4692,3.611024
3729,redandblack,driving_B_2020.01.16_09.56.56.csv,73,103.4216,0.00,-50.18,0.4690,3.298467
3730,soldier,static_B_2020.02.13_13.57.29.csv,302,202.1295,74.00,59.28,0.4689,3.302148
3731,longdress,static_B_2020.02.27_18.39.27.csv,3126,57.9934,0.00,-486.69,0.4688,3.441733
3732,loot,driving_B_2020.02.13_15.02.01.csv,372,203.7307,100.00,57.27,0.4686,3.242662
3733,redandblack,driving_B_2019.12.16_12.27.05.csv,644,98.2611,0.00,-191.83,0.4685,3.443956
3734,soldier,static_B_2020.02.14_13.21.26.csv,162,166.9195,4.00,45.82,0.4683,3.648852
3735,longdress,driving_B_2019.12.16_14.23.32.csv,445,222.9768,73.66,64.36,0.4682,3.693137
3736,loot,driving_B_2020.02.13_13.03.24.csv,1771,192.3676,86.63,51.84,0.4680,3.422668
3737,redandblack,static_B_2020.02.13_13.57.29.csv,122,180.9438,65.09,44.87,0.4679,3.365559
3738,soldier,static_B_2020.02.13_13.57.29.csv,2702,227.0456,100.00,64.58,0.4678,3.589892
3739,longdress,static_B_2020.02.27_18.39.27.csv,726,120.2212,22.65,10.87,0.4676,3.446421
3740,loot,driving_B_2019.12.16_11.49.59.csv,277,46.5585,0.00,-122.46,0.4675,3.781077
3741,redandblack,driving_B_2020.01.16_12.10.03.csv,182,256.7291,100.00,78.99,0.4673,3.469603
3742,soldier,driving_B_2019.12.16_12.27.05.csv,224,119.2089,0.00,-7.74,0.4672,3.481929
3743,longdress,driving_B_2020.01.16_09.56.56.csv,133,85.5468,0.00,-65.45,0.4671,3.327398
3744,loot,driving_B_2020.02.27_17.30.15.csv,74,30.2039,0.00,-450.91,0.4669,3.412157
3745,redandblack,driving_B_2019.12.16_14.23.32.csv,2065,156.0858,29.10,12.66,0.4668,3.404352
3746,soldier,driving_B_2020.01.16_09.56.56.csv,1393,194.6839,53.23,43.91,0.4666,3.486109
3747,longdress,driving_B_2019.12.16_14.23.32.csv,205,179.1241,85.37,44.68,0.4665,3.044395
3748,loot,driving_B_2020.02.14_09.38.22.csv,127,64.2080,0.00,-87.59,0.4663,3.447372
3749,redandblack,driving_B_2020.02.14_12.58.17.csv,202,-23.5003,0.00,-797.53,0.4662,3.498778
3750,soldier,static_B_2020.02.13_13.57.29.csv,422,222.0459,100.00,64.50,0.4661,3.541705
3751,longdress,static_B_2019.12.16_13.40.04.csv,487,159.7020,86.64,0.16,0.4659,3.681868
3752,loot,static_B_2020.02.13_13.57.29.csv,722,139.2900,46.07,19.76,0.4658,3.559049
3753,redandblack,driving_B_2020.01.16_07.26.43.csv,64,145.2062,21.56,11.91,0.4656,3.450412
3754,soldier,static_B_2019.12.16_13.40.04.csv,1387,149.4792,85.78,7.70,0.4655,3.420573
3755,longdress,driving_B_2019.12.17_07.32.39.csv,2024,80.1142,0.00,-146.47,0.4653,3.472358
3756,loot,driving_B_2020.02.13_15.02.01.csv,1812,212.0372,100.00,62.26,0.4652,3.248111
3757,redandblack,driving_B_2019.12.17_07.32.39.csv,704,73.1659,0.00,-31.44,0.4651,3.629254
3758,soldier,driving_B_2019.12.16_11.49.59.csv,216,30.3042,0.00,-275.61,0.4649,3.536881
3759,longdress,static_B_2020.02.27_18.39.27.csv,2586,221.1067,84.99,64.45,0.4648,3.155314
3760,loot,driving_B_2019.12.17_07.32.39.csv,1124,204.7691,85.77,58.78,0.4646,3.057637
3761,redandblack,static_B_2020.02.27_18.39.27.csv,426,219.1762,87.63,65.40,0.4645,3.613296
3762,soldier,static_B_2020.02.27_18.39.27.csv,1386,223.7418,100.00,64.88,0.4643,3.576849
3763,longdress,driving_B_2019.12.16_11.49.59.csv,277,22.1767,0.00,-200.96,0.4642,3.641897
3764,loot,static_B_2020.02.27_18.39.27.csv,5742,215.3310,62.00,63.04,0.4641,3.534030
3765,redandblack,driving_B_2020.02.13_15.02.01.csv,1452,22.2051,0.00,-118.59,0.4639,3.502072
3766,soldier,driving_B_2019.12.16_14.23.32.csv,1225,237.8305,98.00,70.46,0.4638,3.379406
3767,longdress,driving_B_2019.12.16_14.23.32.csv,1885,28.0079,0.00,-211.01,0.4636,3.266970
3768,loot,static_B_2020.02.27_18.39.27.csv,786,189.8014,70.00,53.86,0.4635,3.201614
3769,redandblack,driving_B_2019.12.17_07.32.39.csv,2204,123.2687,0.00,-18.85,0.4634,3.208260
3770,soldier,driving_B_2019.12.16_14.23.32.csv,985,103.4146,0.00,-35.98,0.4632,3.606844
3771,longdress,static_B_2020.02.13_13.57.29.csv,2822,160.4926,31.71,33.24,0.4631,3.553926
3772,loot,driving_B_2020.02.14_12.58.17.csv,442,-53.6434,0.00,-369.61,0.4629,3.790908
3773,redandblack,driving_B_2020.02.14_07.29.00.csv,1579,127.7119,0.00,-37.98,0.4628,3.212386
3774,soldier,static_B_2019.12.16_13.40.04.csv,727,244.7161,100.00,73.33,0.4626,3.257624
3775,longdress,driving_B_2019.12.16_12.27.05.csv,44,90.0654,0.00,-40.47,0.4625,3.503847
3776,loot,driving_B_2019.12.17_07.32.39.csv,1244,116.8058,0.00,-15.54,0.4624,3.212089
3777,redandblack,static_B_2020.02.27_18.39.27.csv,1506,242.2064,100.00,72.49,0.4622,3.739656
3778,soldier,driving_B_2019.12.17_07.32.39.csv,464,90.0446,0.00,-47.80,0.4621,3.500426
3779,longdress,driving_B_2020.02.13_15.02.01.csv,432,170.3590,51.83,43.43,0.4619,3.433178
3780,loot,driving_B_2020.02.13_13.03.24.csv,1711,206.7714,100.00,56.73,0.4618,3.430671
3781,redandblack,driving_B_2020.02.13_15.02.01.csv,1572,-24.4997,0.00,-432.28,0.4616,3.884590
3782,soldier,driving_B_2020.02.14_07.29.00.csv,1699,206.6423,86.40,55.13,0.4615,3.425353
3783,longdress,driving_B_2020.02.13_13.03.24.csv,2188,-21.7652,0.00,-256.70,0.4614,3.300264
3784,loot,driving_B_2020.01.16_09.56.56.csv,1273,196.7499,81.41,51.96,0.4612,3.183252
3785,redandblack,driving_B_2019.12.16_14.23.32.csv,2305,116.4762,0.00,-22.71,0.4611,3.290205
3786,soldier,driving_B_2019.12.16_12.27.05.csv,104,85.2448,0.00,-45.92,0.4609,3.487782
3787,longdress,static_B_2019.12.16_13.40.04.csv,7,200.4057,87.35,56.40,0.4608,3.652191
3788,loot,driving_B_2020.02.13_15.02.01.csv,72,212.9751,88.00,59.90,0.4606,3.459459
3789,redandblack,driving_B_2020.02.14_07.29.00.csv,1339,204.9213,100.00,57.49,0.4605,3.484638
3790,soldier,static_B_2020.02.13_13.57.29.csv,662,174.4866,81.99,41.15,0.4604,3.336991
3791,longdress,static_B_2020.02.27_18.39.27.csv,1746,161.3316,44.99,32.14,0.4602,3.223574
3792,loot,driving_B_2020.02.14_07.29.00.csv,139,168.3515,87.55,41.71,0.4601,3.336253
3793,redandblack,driving_B_2019.12.16_14.23.32.csv,625,171.7962,76.12,38.24,0.4599,3.812685
3794,soldier,driving_B_2020.02.14_07.29.00.csv,1970,-29.0575,0.00,-939.23,0.4598,3.615590
3795,longdress,driving_B_2019.12.17_07.32.39.csv,104,51.4069,0.00,-39.88,0.4596,3.774432
3796,loot,driving_B_2020.02.13_15.02.01.csv,492,80.7475,0.00,-7.32,0.4595,3.761783
3797,redandblack,static_B_2020.02.27_18.39.27.csv,1926,192.6713,6.00,56.92,0.4594,3.685166
3798,soldier,driving_B_2019.12.17_07.32.39.csv,1724,17.7915,0.00,-136.98,0.4592,3.807944
3799,longdress,static_B_2020.02.27_18.39.27.csv,1866,196.2684,65.61,43.49,0.4591,3.472246
3800,loot,driving_B_2020.01.16_09.56.56.csv,1333,223.4820,62.00,67.20,0.4589,3.881966
3801,redandblack,static_B_2020.02.27_18.39.27.csv,3846,218.1848,100.00,62.19,0.4588,3.627745
3802,soldier,driving_B_2020.01.16_07.26.43.csv,1024,89.9813,0.00,-40.62,0.4587,3.338934
3803,longdress,static_B_2020.02.27_18.39.27.csv,4986,230.2791,100.00,67.30,0.4585,3.733855
3804,loot,static_B_2019.12.16_13.40.04.csv,1904,86.9867,0.00,-2.32,0.4584,3.407862
3805,redandblack,static_B_2020.02.14_13.21.26.csv,822,211.0839,100.00,61.16,0.4582,3.653388
3806,soldier,static_B_2020.02.27_18.39.27.csv,306,197.8230,57.07,45.96,0.4581,3.583072
3807,longdress,driving_B_2020.02.13_13.03.24.csv,1291,33.6593,0.00,-170.81,0.4579,3.437795
3808,loot,driving_B_2020.01.16_12.10.03.csv,62,242.8661,100.00,73.31,0.4578,3.521812
3809,redandblack,driving_B_2019.12.16_11.49.59.csv,96,148.6486,25.60,27.29,0.4577,3.318216
3810,soldier,driving_B_2020.02.14_07.29.00.csv,679,157.6537,60.57,34.16,0.4575,3.583750
3811,longdress,driving_B_2020.02.14_07.29.00.csv,79,192.2403,83.22,49.33,0.4574,3.500028
3812,loot,driving_B_2020.02.14_12.58.17.csv,742,36.0502,0.00,-184.15,0.4572,3.491029
3813,redandblack,static_B_2020.02.13_13.57.29.csv,1022,122.9936,50.90,-3.94,0.4571,3.424607
3814,soldier,driving_B_2020.01.16_07.26.43.csv,844,123.4380,51.66,21.06,0.4569,3.470590
3815,longdress,driving_B_2019.12.16_12.27.05.csv,1152,128.1630,26.75,0.48,0.4568,3.595229
3816,loot,static_B_2019.12.16_13.40.04.csv,967,191.2996,66.75,53.18,0.4567,3.540238
3817,redandblack,driving_B_2020.02.14_09.38.22.csv,1447,149.5092,47.42,34.92,0.4565,3.950326
3818,soldier,driving_B_2019.12.17_07.32.39.csv,1484,84.5626,0.00,-85.51,0.4564,3.392609
3819,longdress,driving_B_2019.12.17_07.32.39.csv,1844,83.1237,0.00,-60.44,0.4562,3.580791
3820,loot,driving_B_2020.02.13_15.02.01.csv,1332,15.1396,0.00,-194.34,0.4561,3.623460
3821,redandblack,driving_B_2019.12.16_11.49.59.csv,276,51.7100,0.00,-104.84,0.4559,3.675391
3822,soldier,static_B_2020.02.14_13.21.26.csv,222,207.9799,52.00,59.33,0.4558,3.558320
3823,longdress,driving_B_2020.02.14_07.29.00.csv,319,185.1077,77.17,43.21,0.4557,3.681674
3824,loot,driving_B_2020.01.16_07.26.43.csv,1444,39.7112,0.00,-111.52,0.4555,3.695126
3825,redandblack,driving_B_2020.02.13_13.03.24.csv,991,48.8313,0.00,-107.93,0.4554,3.636802
3826,soldier,driving_B_2020.02.27_17.30.15.csv,314,-55.8124,0.00,-688.75,0.4552,3.560935
3827,longdress,static_B_2020.02.13_13.57.29.csv,1862,159.7237,56.94,33.61,0.4551,3.589811
3828,loot,driving_B_2020.02.13_15.02.01.csv,1872,120.7241,0.00,-7.45,0.4549,3.445266
3829,redandblack,driving_B_2020.02.14_09.38.22.csv,1267,136.0797,15.39,21.65,0.4548,3.480196
3830,soldier,driving_B_2020.01.16_07.26.43.csv,184,36.9486,0.00,-72.08,0.4547,3.227759
3831,longdress,driving_B_2019.12.16_14.23.32.csv,2185,205.5727,100.00,55.97,0.4545,3.588952
3832,loot,static_B_2020.02.14_13.21.26.csv,762,198.0594,24.00,59.18,0.4544,3.522205
3833,redandblack,driving_B_2019.12.16_12.27.05.csv,524,43.9585,0.00,-221.22,0.4542,3.516938
3834,soldier,driving_B_2019.12.16_14.23.32.csv,1345,145.6014,64.76,17.65,0.4541,3.749969
3835,longdress,driving_B_2020.02.14_07.29.00.csv,499,103.1018,0.00,-37.50,0.4540,3.734681
3836,loot,driving_B_2019.12.17_07.32.39.csv,1064,190.4013,57.78,40.53,0.4538,3.402512
3837,redandblack,driving_B_2020.02.13_13.03.24.csv,571,66.6732,0.00,-35.43,0.4537,3.275602
3838,soldier,driving_B_2020.02.14_09.38.22.csv,247,-38.8267,0.00,-433.01,0.4535,3.398401
3839,longdress,driving_B_2019.12.16_14.23.32.csv,1045,75.9248,0.00,-231.89,0.4534,3.518026
3840,loot,driving_B_2020.01.16_07.26.43.csv,604,133.7559,51.64,18.05,0.4532,3.521663
3841,redandblack,static_B_2020.02.13_13.57.29.csv,1982,176.9026,0.00,50.73,0.4531,3.513764
3842,soldier,static_B_2020.02.27_18.39.27.csv,5742,217.9017,100.00,61.25,0.4530,3.597914
3843,longdress,static_B_2020.02.13_13.57.29.csv,1622,190.5863,84.17,48.52,0.4528,3.610823
3844,loot,static_B_2020.02.27_18.39.27.csv,2886,226.4041,86.89,67.33,0.4527,3.204999
3845,redandblack,driving_B_2020.02.14_12.58.17.csv,22,158.1502,64.44,37.06,0.4525,3.600477
3846,soldier,static_B_2020.02.13_13.57.29.csv,2582,191.7253,40.00,51.99,0.4524,3.343685
3847,longdress,static_B_2020.02.27_18.39.27.csv,246,214.6507,100.00,59.79,0.4522,3.830797
3848,loot,driving_B_2019.12.16_12.27.05.csv,464,68.8225,0.00,-123.85,0.4521,3.488896
3849,redandblack,static_B_2020.02.27_18.39.27.csv,5166,209.5013,16.00,63.22,0.4520,3.483307
3850,soldier,driving_B_2020.01.16_07.26.43.csv,544,26.6886,0.00,-108.79,0.4518,3.703035
3851,longdress,driving_B_2020.02.14_09.38.22.csv,427,100.6322,0.00,-18.19,0.4517,3.550200
3852,loot,static_B_2020.02.13_13.57.29.csv,542,173.6365,14.00,47.94,0.4515,3.615201
3853,redandblack,static_B_2020.02.27_18.39.27.csv,3726,216.4423,26.00,65.79,0.4514,3.258572
3854,soldier,driving_B_2020.02.14_09.38.22.csv,667,124.7547,30.77,16.91,0.4512,3.552890
3855,longdress,driving_B_2020.02.13_15.02.01.csv,132,204.6673,85.45,52.85,0.4511,3.585317
3856,loot,static_B_2020.02.27_18.39.27.csv,5706,207.0022,100.00,56.67,0.4510,3.564999
3857,redandblack,driving_B_2020.02.13_13.03.24.csv,811,108.2712,0.00,-14.08,0.4508,3.357021
3858,soldier,static_B_2020.02.27_18.39.27.csv,1206,161.4247,70.75,22.63,0.4507,3.798575
3859,longdress,driving_B_2020.01.16_09.56.56.csv,1513,220.3892,100.00,60.71,0.4505,3.667080
3860,loot,driving_B_2019.12.16_11.49.59.csv,36,160.0071,72.06,19.65,0.4504,3.631964
3861,redandblack,driving_B_2020.02.27_17.30.15.csv,720,-8.5887,0.00,-429.99,0.4503,3.561948
3862,soldier,driving_B_2020.02.13_13.03.24.csv,691,30.5076,0.00,-147.51,0.4501,3.484631
3863,longdress,driving_B_2020.02.14_12.58.17.csv,502,14.0693,0.00,-179.73,0.4500,3.417612
3864,loot,driving_B_2020.01.16_07.26.43.csv,124,95.9230,0.00,-12.87,0.4498,3.643061
3865,redandblack,driving_B_2019.12.16_14.23.32.csv,565,138.9019,51.22,26.55,0.4497,3.809285
3866,soldier,driving_B_2019.12.17_07.32.39.csv,44,102.4153,19.48,7.07,0.4495,3.262338
3867,longdress,driving_B_2019.12.16_14.23.32.csv,2125,185.2925,100.00,27.07,0.4494,3.695532
3868,loot,driving_B_2020.02.13_15.02.01.csv,2052,79.9204,0.00,-85.94,0.4493,3.725756
3869,redandblack,static_B_2019.12.16_13.40.04.csv,187,237.8774,100.00,72.36,0.4491,3.611672
3870,soldier,driving_B_2020.02.14_09.38.22.csv,907,229.4590,100.00,64.01,0.4490,3.502642
3871,longdress,static_B_2020.02.13_13.57.29.csv,1682,140.6864,17.50,18.01,0.4488,3.643910
3872,loot,driving_B_2020.02.13_15.02.01.csv,1392,62.9031,0.00,-42.71,0.4487,3.602152
3873,redandblack,driving_B_2020.02.27_17.30.15.csv,434,-35.0890,0.00,-557.60,0.4485,3.645637
3874,soldier,driving_B_2020.02.13_15.02.01.csv,2712,32.7355,0.00,-180.06,0.4484,3.396296
3875,longdress,static_B_2020.02.27_18.39.27.csv,3306,196.0026,92.00,53.36,0.4483,3.359204
3876,loot,driving_B_2020.01.16_07.26.43.csv,964,69.4802,0.00,-68.28,0.4481,3.431431
3877,redandblack,static_B_2019.12.16_13.40.04.csv,247,229.1749,76.93,59.77,0.4480,3.329203
3878,soldier,static_B_2020.02.27_18.39.27.csv,126,238.7444,100.00,70.62,0.4478,3.672966
3879,longdress,driving_B_2020.02.13_15.02.01.csv,672,170.5622,31.08,27.54,0.4477,3.387310
3880,loot,driving_B_2020.02.14_12.58.17.csv,142,98.9817,0.00,-108.77,0.4475,3.366189
3881,redandblack,driving_B_2020.02.13_15.02.01.csv,2352,-9.2247,0.00,-293.34,0.4474,3.607214
3882,soldier,driving_B_2019.12.17_07.32.39.csv,2084,224.0940,88.00,62.84,0.4473,3.637795
3883,longdress,driving_B_2020.02.14_09.38.22.csv,1087,-11.5466,0.00,-269.53,0.4471,3.096058
3884,loot,driving_B_2020.01.16_07.26.43.csv,1744,105.5847,0.00,-13.12,0.4470,3.271759
3885,redandblack,driving_B_2020.02.13_15.02.01.csv,2232,235.7577,90.00,70.68,0.4468,3.434277
3886,soldier,driving_B_2020.02.13_13.03.24.csv,391,14.4115,0.00,-135.88,0.4467,3.738587
3887,longdress,driving_B_2020.01.16_07.26.43.csv,1770,62.5571,14.52,-16.81,0.4465,3.494126
3888,loot,driving_B_2020.02.14_09.38.22.csv,1478,101.6569,0.00,-8.27,0.4464,3.465563
3889,redandblack,driving_B_2020.02.13_13.03.24.csv,271,95.8152,0.00,-20.83,0.4463,3.375442
3890,soldier,static_B_2020.02.14_13.21.26.csv,102,207.0225,44.00,59.62,0.4461,3.236973
3891,longdress,driving_B_2020.01.16_09.56.56.csv,1093,59.8319,0.00,-85.86,0.4460,3.498092
3892,loot,driving_B_2019.12.17_07.32.39.csv,1904,116.6627,0.00,-4.21,0.4458,3.622869
3893,soldier,driving_B_2019.12.16_12.27.05.csv,1065,186.4244,56.72,35.22,0.4457,3.770483
3894,longdress,driving_B_2019.12.16_14.23.32.csv,1289,200.3238,75.57,48.22,0.4456,3.414823
3895,loot,driving_B_2020.01.16_07.26.43.csv,617,93.0790,0.00,-15.31,0.4454,3.352369
3896,redandblack,driving_B_2020.02.13_15.02.01.csv,2130,205.2901,100.00,57.90,0.4453,3.838688
3897,soldier,driving_B_2019.12.17_07.32.39.csv,1921,213.0888,58.58,51.04,0.4451,3.492387
3898,longdress,driving_B_2019.12.16_12.27.05.csv,525,27.9974,0.00,-161.17,0.4450,3.645814
3899,loot,driving_B_2020.01.16_09.56.56.csv,313,152.0023,31.41,18.94,0.4448,3.859937
3900,redandblack,static_B_2020.02.27_18.39.27.csv,3015,153.8336,11.40,14.78,0.4447,3.692857
3901,soldier,driving_B_2019.12.17_07.32.39.csv,1,54.0836,0.00,-58.64,0.4446,3.427482
3902,longdress,driving_B_2019.12.17_07.32.39.csv,601,116.4941,14.67,7.15,0.4444,3.563007
3903,loot,driving_B_2020.01.16_09.56.56.csv,1033,61.7174,0.00,-63.61,0.4443,3.859824
3904,redandblack,static_B_2020.02.27_18.39.27.csv,3555,144.4623,30.76,12.00,0.4441,4.570962
3905,soldier,static_B_2020.02.27_18.39.27.csv,5115,246.4661,100.00,74.84,0.4440,3.728736
3906,longdress,driving_B_2020.02.13_13.03.24.csv,1528,52.9257,0.00,-100.53,0.4438,3.373644
3907,loot,driving_B_2019.12.16_14.23.32.csv,2616,165.0046,49.56,35.18,0.4437,3.549814
3908,redandblack,driving_B_2020.02.13_15.02.01.csv,2730,41.9276,0.00,-42.57,0.4436,3.758998
3909,soldier,static_B_2020.02.27_18.39.27.csv,2115,183.2323,66.84,41.46,0.4434,3.832825
3910,longdress,static_B_2020.02.27_18.39.27.csv,5715,201.5052,63.29,47.46,0.4433,3.378089
3911,loot,driving_B_2019.12.16_12.27.05.csv,225,139.3296,13.75,12.73,0.4431,3.988978
3912,redandblack,driving_B_2020.02.14_09.38.22.csv,1118,4.4472,0.00,-174.38,0.4430,3.674063
3913,soldier,static_B_2020.02.27_18.39.27.csv,2295,178.3542,77.19,42.95,0.4428,3.501492
3914,longdress,driving_B_2020.01.16_07.26.43.csv,1457,16.5765,0.00,-193.31,0.4427,3.750400
3915,loot,static_B_2020.02.14_13.21.26.csv,758,207.1417,38.00,60.13,0.4426,3.696716
3916,redandblack,driving_B_2020.01.16_09.56.56.csv,493,211.2638,83.87,62.16,0.4424,3.612481
3917,soldier,driving_B_2020.02.13_13.03.24.csv,1468,107.1116,43.32,7.99,0.4423,3.601146
3918,longdress,driving_B_2020.02.14_09.38.22.csv,278,15.6359,0.00,-183.45,0.4421,3.618443
3919,loot,static_B_2020.02.27_18.39.27.csv,4815,151.5802,12.00,40.70,0.4420,3.555046
3920,redandblack,static_B_2020.02.27_18.39.27.csv,3495,199.3559,82.70,53.29,0.4419,3.629223
3921,soldier,driving_B_2020.02.27_17.30.15.csv,705,-56.2018,0.00,-1289.97,0.4417,3.315417
3922,longdress,driving_B_2020.02.27_17.30.15.csv,345,-11.9564,0.00,-758.61,0.4416,3.652943
3923,loot,driving_B_2020.02.14_09.38.22.csv,1478,83.8658,0.00,-29.89,0.4414,3.307378
3924,redandblack,driving_B_2020.02.13_15.02.01.csv,1170,216.7844,80.59,57.95,0.4413,3.612133
3925,soldier,driving_B_2019.12.17_07.32.39.csv,1741,20.7491,0.00,-119.00,0.4411,3.450568
3926,longdress,driving_B_2020.02.14_07.29.00.csv,622,102.4263,0.00,-32.69,0.4410,3.778229
3927,loot,static_B_2020.02.27_18.39.27.csv,4755,193.2845,40.00,54.48,0.4409,3.945338
3928,redandblack,driving_B_2019.12.16_12.27.05.csv,1125,217.6091,63.67,58.43,0.4407,3.172684
3929,soldier,driving_B_2020.02.13_15.02.01.csv,750,147.0263,26.42,25.61,0.4406,3.597610
3930,longdress,static_B_2019.12.16_13.40.04.csv,554,185.0520,75.82,42.08,0.4404,3.704436
3931,loot,static_B_2020.02.27_18.39.27.csv,1695,200.1328,74.93,52.20,0.4403,3.703936
3932,redandblack,static_B_2020.02.27_18.39.27.csv,3975,145.0167,0.00,38.84,0.4401,3.741761
3933,soldier,static_B_2020.02.27_18.39.27.csv,4155,176.1726,53.16,30.68,0.4400,3.848605
3934,longdress,static_B_2020.02.27_18.39.27.csv,255,223.6830,82.86,63.08,0.4399,3.352914
3935,loot,static_B_2020.02.13_13.57.29.csv,2625,239.4110,100.00,73.06,0.4397,3.902931
3936,redandblack,static_B_2020.02.27_18.39.27.csv,1215,159.5674,38.00,27.48,0.4396,3.729079
3937,soldier,static_B_2019.12.16_13.40.04.csv,14,194.6284,58.00,52.42,0.4394,3.567833
3938,longdress,driving_B_2020.01.16_07.26.43.csv,1157,41.4576,0.00,-99.20,0.4393,3.909012
3939,loot,static_B_2020.02.27_18.39.27.csv,3855,84.2104,0.00,-25.04,0.4391,3.340879
3940,redandblack,static_B_2020.02.27_18.39.27.csv,1035,198.7004,72.71,44.22,0.4390,4.096053
3941,soldier,driving_B_2020.02.13_13.03.24.csv,1708,193.7305,100.00,46.41,0.4389,3.562542
3942,longdress,driving_B_2020.02.13_15.02.01.csv,1290,1.8143,0.00,-515.86,0.4387,3.395238
3943,loot,driving_B_2020.02.13_13.03.24.csv,808,86.3934,0.00,-53.52,0.4386,3.717349
3944,redandblack,static_B_2020.02.27_18.39.27.csv,1155,148.4126,0.00,-12.08,0.4384,3.657043
3945,soldier,static_B_2020.02.27_18.39.27.csv,3195,128.3927,34.00,-1.95,0.4383,3.873501
3946,longdress,static_B_2020.02.14_13.21.26.csv,338,208.9557,88.22,59.66,0.4381,3.744176
3947,loot,static_B_2020.02.27_18.39.27.csv,5055,218.9094,88.00,63.66,0.4380,3.703789
3948,redandblack,driving_B_2020.02.13_13.03.24.csv,1648,131.5172,0.00,-29.98,0.4379,3.175690
3949,soldier,driving_B_2019.12.16_12.27.05.csv,1152,127.3703,6.68,4.09,0.4377,3.627470
3950,longdress,driving_B_2020.02.14_12.58.17.csv,626,58.8729,0.00,-63.40,0.4376,3.506426
3951,loot,static_B_2019.12.16_13.40.04.csv,1454,219.9324,36.00,66.16,0.4374,3.784880
3952,redandblack,driving_B_2020.01.16_09.56.56.csv,1213,184.0275,53.08,32.78,0.4373,3.735821
3953,soldier,driving_B_2020.01.16_07.26.43.csv,317,6.1912,0.00,-251.76,0.4372,3.535660
3954,longdress,static_B_2019.12.16_13.40.04.csv,614,116.1292,22.26,10.57,0.4370,3.890593
3955,loot,static_B_2020.02.27_18.39.27.csv,135,174.3725,62.65,39.48,0.4369,3.593790
3956,redandblack,static_B_2020.02.13_13.57.29.csv,2945,211.7053,100.00,60.18,0.4367,3.499075
3957,soldier,driving_B_2020.02.14_07.29.00.csv,502,119.4421,3.02,8.82,0.4366,3.537003
3958,longdress,static_B_2020.02.27_18.39.27.csv,3675,220.6416,100.00,62.65,0.4364,3.620215
3959,loot,driving_B_2020.01.16_07.26.43.csv,557,132.0206,12.55,10.42,0.4363,3.458454
3960,redandblack,driving_B_2020.02.13_15.02.01.csv,1410,56.2219,0.00,-30.44,0.4362,3.553227
3961,soldier,static_B_2020.02.13_13.57.29.csv,1905,130.6432,49.31,24.26,0.4360,3.928490
3962,longdress,driving_B_2020.02.14_09.38.22.csv,878,193.8902,28.00,55.67,0.4359,3.822528
3963,loot,static_B_2020.02.27_18.39.27.csv,3435,218.0463,80.00,63.71,0.4357,3.657768
3964,redandblack,static_B_2020.02.13_13.57.29.csv,405,133.2571,56.22,29.22,0.4356,3.840696
3965,soldier,static_B_2020.02.27_18.39.27.csv,4335,170.9102,50.94,41.06,0.4354,4.156713
3966,longdress,driving_B_2020.02.27_17.30.15.csv,165,42.6776,0.00,-132.32,0.4353,3.819670
3967,loot,driving_B_2020.02.14_09.38.22.csv,218,47.0433,0.00,-48.56,0.4352,3.756724
3968,redandblack,driving_B_2019.12.16_14.23.32.csv,2429,157.8652,52.19,26.36,0.4350,3.594357
3969,soldier,static_B_2020.02.27_18.39.27.csv,2655,183.8955,57.54,36.88,0.4349,3.926893
3970,longdress,driving_B_2020.02.14_07.29.00.csv,442,42.2341,0.00,-99.70,0.4347,3.866708
3971,loot,static_B_2020.02.13_13.57.29.csv,2385,177.4467,61.70,44.17,0.4346,3.773760
3972,redandblack,driving_B_2020.02.27_17.30.15.csv,720,40.9812,0.00,-39.47,0.4344,3.807360
3973,soldier,driving_B_2019.12.16_12.27.05.csv,1152,162.4571,23.17,1.17,0.4343,3.620918
3974,longdress,static_B_2020.02.27_18.39.27.csv,735,155.2808,77.16,32.31,0.4342,3.676793
3975,loot,driving_B_2020.02.14_07.29.00.csv,322,206.1887,100.00,57.42,0.4340,3.489608
3976,redandblack,driving_B_2020.02.13_13.03.24.csv,1048,93.9009,0.00,-24.80,0.4339,3.740008
3977,soldier,static_B_2020.02.27_18.39.27.csv,5535,216.1892,100.00,60.37,0.4337,3.546598
3978,longdress,static_B_2020.02.13_13.57.29.csv,1725,211.2767,100.00,58.83,0.4336,3.739332
3979,loot,driving_B_2020.02.13_13.03.24.csv,1948,-21.8731,0.00,-180.85,0.4334,3.621948
3980,redandblack,driving_B_2020.01.16_07.26.43.csv,1770,88.2526,0.00,-16.89,0.4333,3.658841
3981,soldier,driving_B_2020.02.13_13.03.24.csv,628,-3.9853,0.00,-75.28,0.4332,3.459874
3982,longdress,driving_B_2019.12.16_14.23.32.csv,929,18.9864,0.00,-57.85,0.4330,3.543736
3983,loot,static_B_2020.02.13_13.57.29.csv,2745,225.5794,100.00,66.29,0.4329,3.824151
3984,redandblack,static_B_2020.02.13_13.57.29.csv,285,148.0899,49.62,30.07,0.4327,3.646730
3985,soldier,driving_B_2020.02.14_09.38.22.csv,98,27.0064,0.00,-111.24,0.4326,3.453626
3986,longdress,driving_B_2020.02.14_07.29.00.csv,1970,-27.7995,0.00,-360.67,0.4325,3.786632
3987,loot,driving_B_2019.12.17_07.32.39.csv,901,116.4933,0.00,-15.58,0.4323,3.736040
3988,redandblack,driving_B_2020.02.14_07.29.00.csv,22,171.6935,52.20,30.32,0.4322,3.248547
3989,soldier,static_B_2020.02.27_18.39.27.csv,5742,269.9357,100.00,82.80,0.4320,3.749393
3990,longdress,driving_B_2020.02.14_09.38.22.csv,1358,214.5921,100.00,61.26,0.4319,3.654055
3991,loot,driving_B_2019.12.16_14.23.32.csv,569,188.2121,70.58,38.95,0.4317,3.776749
3992,redandblack,driving_B_2019.12.16_14.23.32.csv,89,188.2606,100.00,52.30,0.4316,3.372097
3993,soldier,driving_B_2020.01.16_09.56.56.csv,433,96.4670,0.00,-20.72,0.4315,3.743742
3994,longdress,static_B_2020.02.14_13.21.26.csv,278,207.9769,100.00,57.39,0.4313,3.799968
3995,loot,static_B_2019.12.16_13.40.04.csv,1034,194.8723,79.68,48.36,0.4312,3.494829
3996,redandblack,driving_B_2020.02.13_15.02.01.csv,450,112.1494,0.00,-14.04,0.4310,3.431309
3997,soldier,static_B_2020.02.27_18.39.27.csv,4515,135.2087,50.71,16.50,0.4309,3.681025
3998,longdress,static_B_2020.02.13_13.57.29.csv,2205,94.0067,20.54,-11.56,0.4307,3.684703
3999,loot,driving_B_2020.02.14_07.29.00.csv,262,117.9036,0.00,3.53,0.4306,3.813719
4000,redandblack,driving_B_2020.02.14_07.29.00.csv,562,94.6915,0.00,-18.44,0.4305,3.711544
4001,soldier,static_B_2020.02.27_18.39.27.csv,4875,50.0089,0.00,-91.82,0.4303,3.649257
4002,longdress,driving_B_2020.02.14_07.29.00.csv,202,90.8457,2.20,-12.06,0.4302,3.562480
4003,loot,driving_B_2020.02.13_15.02.01.csv,2070,86.4231,0.00,-38.88,0.4300,3.538532
4004,redandblack,static_B_2020.02.27_18.39.27.csv,615,200.6924,38.00,57.43,0.4299,3.784944
4005,soldier,driving_B_2019.12.17_07.32.39.csv,421,122.3852,20.95,3.84,0.4297,3.454122
4006,longdress,driving_B_2020.01.16_07.26.43.csv,1697,56.9868,0.00,-72.59,0.4296,3.685086
4007,loot,driving_B_2019.12.16_14.23.32.csv,269,217.8048,54.00,63.54,0.4295,3.600619
4008,redandblack,static_B_2020.02.13_13.57.29.csv,2265,191.3320,64.76,47.24,0.4293,3.534533
4009,soldier,static_B_2020.02.13_13.57.29.csv,1485,172.2768,38.55,30.20,0.4292,3.537084
4010,longdress,driving_B_2020.02.14_12.58.17.csv,566,35.1080,0.00,-72.42,0.4290,3.276927
4011,loot,driving_B_2019.12.16_14.23.32.csv,1769,6.1042,0.00,-171.08,0.4289,3.578908
4012,redandblack,static_B_2020.02.13_13.57.29.csv,1425,235.5525,100.00,70.81,0.4288,3.631210
4013,soldier,driving_B_2020.01.16_09.56.56.csv,1570,143.4762,58.55,21.21,0.4286,3.708175
4014,longdress,driving_B_2019.12.17_07.32.39.csv,1201,102.2159,0.00,-17.92,0.4285,3.869066
4015,loot,driving_B_2019.12.16_14.23.32.csv,629,210.7983,79.69,58.88,0.4283,3.430099
4016,redandblack,driving_B_2020.01.16_07.26.43.csv,737,134.7798,31.41,11.98,0.4282,3.837914
4017,soldier,driving_B_2019.12.17_07.32.39.csv,661,46.3791,0.00,-74.01,0.4280,3.640304
4018,longdress,driving_B_2020.01.16_12.10.03.csv,100,147.2024,0.00,39.42,0.4279,3.450375
4019,loot,driving_B_2020.02.14_09.38.22.csv,1238,101.1491,8.65,-14.34,0.4278,3.643073
4020,redandblack,driving_B_2019.12.16_14.23.32.csv,1469,174.2775,64.49,37.32,0.4276,3.774183
4021,soldier,static_B_2020.02.13_13.57.29.csv,765,116.0184,22.13,-0.34,0.4275,3.239297
4022,longdress,static_B_2020.02.13_13.57.29.csv,105,193.9093,63.80,46.75,0.4273,3.710036
4023,loot,driving_B_2020.02.13_15.02.01.csv,2490,33.2246,0.00,-131.01,0.4272,3.486665
4024,redandblack,driving_B_2019.12.17_07.32.39.csv,1141,48.3055,0.00,-46.06,0.4270,3.732058
4025,soldier,static_B_2020.02.27_18.39.27.csv,1935,173.3939,62.63,36.38,0.4269,3.578867
4026,longdress,driving_B_2019.12.16_14.23.32.csv,1889,46.1124,0.00,-199.51,0.4268,3.763896
4027,loot,static_B_2020.02.13_13.57.29.csv,225,208.2252,100.00,62.52,0.4266,3.745062
4028,redandblack,driving_B_2020.02.14_09.38.22.csv,398,33.7835,0.00,-101.30,0.4265,3.735572
4029,soldier,driving_B_2020.02.14_07.29.00.csv,1822,230.4067,76.26,59.69,0.4263,3.741114
4030,longdress,driving_B_2019.12.16_12.27.05.csv,405,-21.0921,0.00,-185.30,0.4262,3.665737
4031,loot,driving_B_2020.02.14_07.29.00.csv,1882,4.8191,0.00,-72.05,0.4260,3.347005
4032,redandblack,driving_B_2020.02.14_09.38.22.csv,518,205.5566,100.00,57.85,0.4259,3.696017
4033,soldier,driving_B_2020.02.14_07.29.00.csv,1102,72.9693,43.99,-1.25,0.4258,3.732818
4034,longdress,driving_B_2020.01.16_07.26.43.csv,1217,27.5048,2.31,-42.72,0.4256,3.563853
4035,loot,driving_B_2020.01.16_07.26.43.csv,437,-24.5591,0.00,-176.10,0.4255,3.565196
4036,redandblack,driving_B_2020.02.14_09.38.22.csv,158,3.4145,0.00,-165.87,0.4253,3.875995
4037,soldier,static_B_2020.02.13_13.57.29.csv,165,233.5133,86.48,68.33,0.4252,3.466204
4038,longdress,static_B_2020.02.13_13.57.29.csv,825,144.3838,53.45,26.71,0.4250,3.441979
4039,loot,static_B_2020.02.27_18.39.27.csv,2055,191.9616,69.77,48.48,0.4249,3.901750
4040,redandblack,static_B_2020.02.27_18.39.27.csv,5235,198.3219,77.84,51.26,0.4248,3.664221
4041,soldier,static_B_2020.02.27_18.39.27.csv,2355,141.1976,0.00,-158.81,0.4246,3.707035
4042,longdress,static_B_2020.02.13_13.57.29.csv,45,174.0959,67.88,40.14,0.4245,3.887646
4043,loot,driving_B_2020.02.13_13.03.24.csv,2188,-16.6972,0.00,-110.56,0.4243,3.669496
4044,redandblack,driving_B_2019.12.16_14.23.32.csv,2549,112.8031,0.00,-23.83,0.4242,3.700994
4045,soldier,static_B_2020.02.13_13.57.29.csv,1665,193.9799,87.94,48.78,0.4241,3.809398
4046,longdress,driving_B_2020.02.13_15.02.01.csv,1230,102.3077,0.00,-19.05,0.4239,3.849733
4047,loot,static_B_2020.02.13_13.57.29.csv,1845,147.4633,64.10,31.58,0.4238,3.524382
4048,redandblack,driving_B_2020.02.27_17.30.15.csv,105,-17.2571,0.00,-184.79,0.4236,3.806493
4049,soldier,driving_B_2020.01.16_09.56.56.csv,793,150.6637,28.65,19.02,0.4235,3.848988
4050,longdress,static_B_2020.02.13_13.57.29.csv,1125,29.2042,0.00,-66.20,0.4233,3.771638
4051,loot,driving_B_2019.12.16_14.23.32.csv,2069,147.2031,0.00,-74.97,0.4232,3.528637
4052,redandblack,driving_B_2019.12.17_07.32.39.csv,1261,93.1218,0.00,-19.55,0.4231,3.771152
4053,soldier,driving_B_2020.02.27_17.30.15.csv,45,-17.2047,0.00,-451.99,0.4229,3.629819
4054,longdress,static_B_2020.02.13_13.57.29.csv,2865,215.8398,87.79,56.41,0.4228,3.809178
4055,loot,driving_B_2019.12.16_11.49.59.csv,55,77.4409,0.00,-25.02,0.4226,3.487029
4056,redandblack,static_B_2020.02.13_13.57.29.csv,1245,237.0208,100.00,71.81,0.4225,4.188455
4057,soldier,static_B_2019.12.16_13.40.04.csv,134,212.1881,85.68,60.71,0.4223,3.563934
4058,longdress,static_B_2019.12.16_13.40.04.csv,794,205.9763,60.00,60.38,0.4222,3.874750
4059,loot,static_B_2020.02.13_13.57.29.csv,945,127.2883,13.15,6.39,0.4221,4.112616
4060,redandblack,driving_B_2020.02.13_15.02.01.csv,2670,64.1054,0.00,-55.71,0.4219,3.640935
4061,soldier,driving_B_2020.01.16_09.56.56.csv,1333,186.7333,84.00,51.89,0.4218,3.797249
4062,longdress,driving_B_2020.01.16_07.26.43.csv,917,-6.9917,0.00,-218.87,0.4216,4.021409
4063,loot,static_B_2020.02.13_13.57.29.csv,1785,176.5878,0.00,49.72,0.4215,3.646107
4064,redandblack,driving_B_2020.02.13_15.02.01.csv,1350,-25.0141,0.00,-150.51,0.4213,3.481677
4065,soldier,driving_B_2019.12.17_07.32.39.csv,1621,120.1461,44.57,10.11,0.4212,3.478907
4066,longdress,driving_B_2019.12.16_12.27.05.csv,705,188.8264,74.76,45.33,0.4211,3.670429
4067,loot,driving_B_2020.02.14_07.29.00.csv,682,191.6538,58.98,36.98,0.4209,3.456073
4068,redandblack,static_B_2020.02.27_18.39.27.csv,1335,201.3193,34.00,58.68,0.4208,3.611841
4069,soldier,static_B_2019.12.16_13.40.04.csv,1394,187.6989,65.36,25.19,0.4206,3.498127
4070,longdress,static_B_2020.02.27_18.39.27.csv,1875,181.6291,70.01,43.61,0.4205,3.718587
4071,loot,driving_B_2020.01.16_07.26.43.csv,857,114.2304,0.00,-1.27,0.4203,3.481805
4072,redandblack,static_B_2019.12.16_13.40.04.csv,1334,195.7437,85.29,48.19,0.4202,3.968335
4073,soldier,static_B_2020.02.27_18.39.27.csv,2595,261.2560,100.00,79.37,0.4201,4.079144
4074,longdress,driving_B_2019.12.16_14.23.32.csv,2189,232.2643,100.00,66.47,0.4199,3.706162
4075,loot,static_B_2020.02.27_18.39.27.csv,2175,221.1464,100.00,65.39,0.4198,3.297157
4076,redandblack,driving_B_2020.02.13_15.02.01.csv,210,187.1926,100.00,50.87,0.4196,3.723951
4077,soldier,static_B_2020.02.27_18.39.27.csv,5742,224.1597,100.00,64.62,0.4195,3.520431
4078,longdress,driving_B_2019.12.17_07.32.39.csv,1981,192.6445,68.84,46.40,0.4194,3.369579
4079,loot,driving_B_2020.02.13_15.02.01.csv,570,145.5683,45.23,17.19,0.4192,3.866509
4080,redandblack,static_B_2020.02.13_13.57.29.csv,2505,152.1364,6.00,38.97,0.4191,3.227752
4081,soldier,static_B_2020.02.14_13.21.26.csv,458,207.4278,100.00,56.58,0.4189,3.343601
4082,longdress,driving_B_2020.02.14_07.29.00.csv,142,70.5148,0.00,-28.05,0.4188,4.003510
4083,loot,driving_B_2020.02.14_07.29.00.csv,1342,226.1216,68.00,68.20,0.4186,3.592593
4084,redandblack,driving_B_2019.12.16_14.23.32.csv,2009,177.2757,74.00,48.89,0.4185,3.603579
4085,soldier,driving_B_2020.02.13_15.02.01.csv,1890,167.1095,60.74,31.59,0.4184,4.152163
4086,longdress,static_B_2020.02.27_18.39.27.csv,1395,222.4905,100.00,63.81,0.4182,3.842479
4087,loot,driving_B_2019.12.16_14.23.32.csv,809,210.7358,82.02,56.90,0.4181,3.849351
4088,redandblack,driving_B_2020.01.16_07.26.43.csv,1770,19.1906,0.00,-81.13,0.4179,3.433813
4089,soldier,driving_B_2020.02.14_09.38.22.csv,458,74.5101,17.92,-10.33,0.4178,4.006498
4090,longdress,driving_B_2020.01.16_09.56.56.csv,1393,123.5909,59.88,18.93,0.4176,3.716713
4091,loot,static_B_2020.02.27_18.39.27.csv,1755,169.2721,64.39,39.88,0.4175,3.827416
4092,redandblack,driving_B_2019.12.16_14.23.32.csv,689,198.6983,73.31,48.30,0.4174,3.614056
4093,soldier,driving_B_2019.12.17_07.32.39.csv,1501,19.3869,0.00,-73.02,0.4172,3.844034
4094,longdress,driving_B_2019.12.17_07.32.39.csv,541,28.4200,0.00,-45.04,0.4171,3.748032
4095,loot,driving_B_2020.01.16_09.56.56.csv,1273,162.8681,81.35,38.65,0.4169,3.374243
4096,redandblack,driving_B_2020.02.13_15.02.01.csv,2550,147.5831,55.13,24.27,0.4168,3.570398
4097,soldier,driving_B_2019.12.16_14.23.32.csv,1649,207.4150,100.00,55.23,0.4166,3.708911
4098,longdress,driving_B_2020.02.13_13.03.24.csv,2068,-30.0499,0.00,-763.54,0.4165,3.730237
4099,loot,driving_B_2019.12.16_11.49.59.csv,277,-12.8407,0.00,-131.60,0.4164,3.952632
4100,redandblack,static_B_2020.02.27_18.39.27.csv,1815,101.7860,64.45,-26.37,0.4162,3.672382
4101,soldier,static_B_2019.12.16_13.40.04.csv,1814,186.4795,66.15,40.86,0.4161,3.789741
4102,longdress,static_B_2020.02.27_18.39.27.csv,855,199.3893,60.87,44.41,0.4159,3.761050
4103,loot,static_B_2019.12.16_13.40.04.csv,1514,236.3655,100.00,71.18,0.4158,3.778554
4104,redandblack,static_B_2019.12.16_13.40.04.csv,1094,155.7936,0.00,-65.58,0.4157,3.571272
4105,soldier,driving_B_2019.12.17_07.32.39.csv,1321,258.1943,100.00,78.12,0.4155,3.979705
4106,longdress,driving_B_2019.12.16_14.23.32.csv,449,180.3453,42.00,48.90,0.4154,3.464030
4107,loot,static_B_2020.02.27_18.39.27.csv,2235,231.1268,100.00,68.26,0.4152,3.914852
4108,redandblack,static_B_2020.02.13_13.57.29.csv,1305,183.4527,49.96,32.99,0.4151,3.866463
4109,soldier,driving_B_2020.02.14_09.38.22.csv,1298,239.7518,100.00,69.36,0.4149,3.517934
4110,longdress,static_B_2019.12.16_13.40.04.csv,494,170.8255,86.09,9.34,0.4148,3.881347
4111,loot,driving_B_2020.02.13_13.03.24.csv,928,27.6916,0.00,-127.06,0.4147,3.821258
4112,redandblack,static_B_2020.02.14_13.21.26.csv,98,196.0227,48.00,55.14,0.4145,3.656276
4113,soldier,driving_B_2020.02.14_07.29.00.csv,82,219.2939,82.78,61.29,0.4144,4.177479
4114,longdress,static_B_2020.02.14_13.21.26.csv,818,214.5034,86.79,61.65,0.4142,4.005394
4115,loot,driving_B_2020.02.13_15.02.01.csv,2430,12.2043,0.00,-297.38,0.4141,3.539735
4116,redandblack,driving_B_2019.12.17_07.32.39.csv,61,144.3971,60.11,29.20,0.4139,3.884070
4117,soldier,driving_B_2020.01.16_09.56.56.csv,673,63.6087,0.00,-91.36,0.4138,3.637286
4118,longdress,driving_B_2020.02.13_15.02.01.csv,1110,236.9395,100.00,69.57,0.4137,3.687781
4119,loot,driving_B_2020.02.14_07.29.00.csv,382,209.5353,86.06,58.40,0.4135,3.775292
4120,redandblack,driving_B_2020.01.16_07.26.43.csv,1277,112.4519,19.95,11.44,0.4134,3.670347
4121,soldier,driving_B_2020.02.13_13.03.24.csv,508,18.5717,0.00,-74.37,0.4132,4.195950
4122,longdress,driving_B_2019.12.16_14.23.32.csv,869,84.1050,0.00,-37.13,0.4131,3.782281
4123,loot,driving_B_2019.12.17_07.32.39.csv,1801,9.1744,0.00,-135.56,0.4129,3.816287
4124,redandblack,static_B_2020.02.27_18.39.27.csv,3375,177.4842,20.00,50.59,0.4128,3.920729
4125,soldier,static_B_2020.02.13_13.57.29.csv,2325,166.4532,65.75,36.20,0.4127,4.160342
4126,longdress,driving_B_2020.01.16_09.56.56.csv,193,189.8998,64.13,37.08,0.4125,4.036838
4127,loot,static_B_2020.02.13_13.57.29.csv,2925,185.9346,60.40,45.66,0.4124,3.909804
4128,redandblack,driving_B_2019.12.16_11.49.59.csv,115,104.2951,3.89,-15.34,0.4122,3.572536
4129,soldier,driving_B_2020.02.13_15.02.01.csv,690,152.7285,58.92,28.43,0.4121,3.822317
4130,longdress,driving_B_2019.12.16_12.27.05.csv,765,147.0116,66.67,17.94,0.4119,3.780062
4131,loot,static_B_2020.02.27_18.39.27.csv,1995,187.6811,82.03,45.98,0.4118,3.569282
4132,redandblack,static_B_2020.02.27_18.39.27.csv,5655,233.3025,100.00,69.14,0.4117,3.949362
4133,soldier,driving_B_2019.12.16_11.49.59.csv,175,11.1993,0.00,-104.94,0.4115,3.821700
4134,longdress,driving_B_2020.01.16_09.56.56.csv,973,120.9488,0.00,-36.01,0.4114,3.505331
4135,loot,static_B_2020.02.27_18.39.27.csv,5595,130.7953,0.00,34.60,0.4112,3.808480
4136,redandblack,driving_B_2020.02.14_09.38.22.csv,818,123.5189,10.68,-24.91,0.4111,3.803952
4137,soldier,static_B_2020.02.13_13.57.29.csv,2685,207.4508,74.15,52.70,0.4110,4.062352
4138,longdress,driving_B_2020.02.13_15.02.01.csv,2370,-43.5519,0.00,-484.41,0.4108,3.854437
4139,loot,static_B_2020.02.27_18.39.27.csv,4395,247.1647,100.00,73.88,0.4107,3.874786
4140,redandblack,driving_B_2020.02.13_15.02.01.csv,2754,32.4177,0.00,-88.01,0.4105,3.885668
4141,soldier,static_B_2020.02.13_13.57.29.csv,1605,228.9838,100.00,67.27,0.4104,3.712418
4142,longdress,driving_B_2020.02.27_17.30.15.csv,465,-74.7727,0.00,-278.99,0.4102,3.678501
4143,loot,driving_B_2020.02.13_13.03.24.csv,1768,202.5070,63.30,50.07,0.4101,3.679957
4144,redandblack,static_B_2020.02.27_18.39.27.csv,3075,158.8600,53.01,31.94,0.4100,3.739576
4145,soldier,driving_B_2020.01.16_09.56.56.csv,133,76.1744,0.00,-61.45,0.4098,4.109589
4146,longdress,driving_B_2019.12.16_12.27.05.csv,345,76.8456,0.00,-40.42,0.4097,3.789779
4147,loot,static_B_2020.02.13_13.57.29.csv,2025,191.5338,63.65,47.76,0.4095,4.079268
4148,redandblack,static_B_2020.02.27_18.39.27.csv,495,238.9082,100.00,71.51,0.4094,3.880798
4149,soldier,driving_B_2019.12.16_12.27.05.csv,165,50.7779,0.00,-64.40,0.4092,3.827444
4150,longdress,driving_B_2020.02.14_07.29.00.csv,1582,191.0090,67.01,30.99,0.4091,3.538817
4151,loot,static_B_2019.12.16_13.40.04.csv,194,226.6733,85.51,65.62,0.4090,3.754005
4152,redandblack,driving_B_2019.12.17_07.32.39.csv,1561,71.0535,0.00,-66.72,0.4088,3.955099
4153,soldier,static_B_2020.02.13_13.57.29.csv,585,176.6113,100.00,42.29,0.4087,3.556223
4154,longdress,driving_B_2019.12.17_07.32.39.csv,2281,167.9768,0.00,48.60,0.4085,3.913698
4155,loot,static_B_2020.02.27_18.39.27.csv,3735,167.7281,68.00,42.62,0.4084,3.790426
4156,redandblack,driving_B_2020.02.13_15.02.01.csv,930,141.4804,0.00,37.10,0.4082,3.317163
4157,soldier,static_B_2020.02.27_18.39.27.csv,4455,84.1406,20.91,-3.18,0.4081,3.891491
4158,longdress,static_B_2020.02.14_13.21.26.csv,218,207.9202,92.00,59.96,0.4080,4.332390
4159,loot,driving_B_2019.12.16_14.23.32.csv,1229,202.4045,60.00,58.64,0.4078,3.912817
4160,redandblack,driving_B_2020.02.14_07.29.00.csv,1970,-0.0785,0.00,-87.33,0.4077,3.521213
4161,soldier,driving_B_2019.12.16_11.49.59.csv,235,-28.0298,0.00,-327.74,0.4075,3.807015
4162,longdress,static_B_2020.02.27_18.39.27.csv,1515,194.0371,100.00,51.51,0.4074,3.979428
4163,loot,driving_B_2020.01.16_12.10.03.csv,40,226.0839,87.41,65.48,0.4073,4.043363
4164,redandblack,driving_B_2020.01.16_07.26.43.csv,1517,38.7370,0.00,-67.75,0.4071,3.981308
4165,soldier,driving_B_2020.01.16_09.56.56.csv,253,98.4379,31.91,-3.35,0.4070,3.376293
4166,longdress,static_B_2020.02.27_18.39.27.csv,5355,191.7952,85.90,50.99,0.4068,4.276520
4167,loot,driving_B_2020.01.16_09.56.56.csv,1513,201.0263,79.71,53.57,0.4067,3.676565
4168,redandblack,static_B_2020.02.13_13.57.29.csv,645,108.2416,25.06,-1.94,0.4065,3.832989
4169,soldier,static_B_2020.02.27_18.39.27.csv,555,176.4650,100.00,0.69,0.4064,3.462689
4170,longdress,driving_B_2020.02.14_07.29.00.csv,862,216.2387,100.00,60.56,0.4063,3.929591
4171,loot,static_B_2020.02.27_18.39.27.csv,2895,212.9249,100.00,61.40,0.4061,3.485047
4172,redandblack,static_B_2020.02.27_18.39.27.csv,3135,19.3742,0.00,-403.58,0.4060,3.615133
4173,soldier,driving_B_2020.02.14_07.29.00.csv,1762,211.7857,81.82,57.72,0.4058,3.955902
4174,longdress,driving_B_2020.02.14_07.29.00.csv,802,79.4529,3.58,-21.97,0.4057,3.925699
4175,loot,driving_B_2020.01.16_07.26.43.csv,1637,76.7576,10.40,-13.14,0.4055,3.898275
4176,redandblack,driving_B_2020.01.16_07.26.43.csv,1097,196.0551,58.73,43.10,0.4054,3.510466
4177,soldier,driving_B_2020.02.13_13.03.24.csv,1108,-37.8388,0.00,-156.85,0.4053,3.687256
4178,longdress,static_B_2020.02.27_18.39.27.csv,2955,218.4391,77.30,60.17,0.4051,4.170044
4179,loot,static_B_2020.02.27_18.39.27.csv,4275,245.2671,100.00,74.39,0.4050,3.769247
4180,redandblack,driving_B_2019.12.17_07.32.39.csv,1861,81.5667,9.88,-11.09,0.4048,3.605725
4181,soldier,driving_B_2019.12.17_07.32.39.csv,2161,51.7874,0.00,-112.21,0.4047,3.956787
4182,longdress,driving_B_2020.01.16_09.56.56.csv,733,141.8714,84.62,30.96,0.4045,3.982705
4183,loot,driving_B_2020.02.13_15.02.01.csv,90,173.7371,18.00,49.46,0.4044,3.611758
4184,redandblack,driving_B_2019.12.16_14.23.32.csv,749,218.5827,83.02,60.28,0.4043,3.915502
4185,soldier,driving_B_2020.02.13_15.02.01.csv,1710,192.4509,78.73,50.15,0.4041,3.731777
4186,longdress,driving_B_2020.02.14_07.29.00.csv,1282,158.5438,58.50,28.88,0.4040,3.688585
4187,loot,driving_B_2020.02.14_09.38.22.csv,1418,63.6622,0.00,-43.05,0.4038,4.098676
4188,redandblack,driving_B_2020.02.13_15.02.01.csv,2010,208.8498,87.91,56.36,0.4037,3.659535
4189,soldier,static_B_2020.02.27_18.39.27.csv,2415,238.3735,100.00,62.77,0.4035,3.678366
4190,longdress,static_B_2020.02.14_13.21.26.csv,698,236.2331,82.00,70.35,0.4034,3.816639
4191,loot,static_B_2020.02.14_13.21.26.csv,850,165.6826,52.35,30.75,0.4033,3.794643
4192,redandblack,driving_B_2020.02.27_17.30.15.csv,285,24.6217,0.00,-254.87,0.4031,3.648613
4193,soldier,driving_B_2020.02.13_15.02.01.csv,2754,29.7334,0.00,-143.55,0.4030,3.946608
4194,longdress,static_B_2020.02.13_13.57.29.csv,1965,194.7533,85.77,52.14,0.4028,3.683789
4195,loot,driving_B_2020.01.16_12.10.03.csv,220,161.8384,0.00,46.00,0.4027,3.945346
4196,redandblack,static_B_2020.02.13_13.57.29.csv,1005,79.9883,0.00,-51.14,0.4026,3.845510
4197,soldier,driving_B_2020.02.14_07.29.00.csv,1942,-33.0394,0.00,-546.90,0.4024,3.809482
4198,longdress,static_B_2020.02.27_18.39.27.csv,3615,182.2798,70.60,44.42,0.4023,4.159107
4199,loot,driving_B_2020.02.14_09.38.22.csv,338,-3.2147,0.00,-147.68,0.4021,3.834878
4200,redandblack,driving_B_2019.12.16_12.27.05.csv,1005,222.9972,86.00,66.18,0.4020,3.788258
4201,soldier,driving_B_2020.01.16_09.56.56.csv,373,87.7480,0.00,-43.32,0.4018,3.636335
4202,longdress,static_B_2019.12.16_13.40.04.csv,434,169.8977,20.90,24.53,0.4017,3.975625
4203,loot,driving_B_2020.02.13_13.03.24.csv,748,61.9925,0.00,-39.53,0.4016,3.748855
4204,redandblack,static_B_2019.12.16_13.40.04.csv,1634,246.6843,100.00,75.67,0.4014,3.797901
4205,soldier,driving_B_2019.12.16_14.23.32.csv,1529,150.3125,7.31,10.13,0.4013,3.755230
4206,longdress,static_B_2020.02.14_13.21.26.csv,38,219.2593,84.00,65.18,0.4011,3.648331
4207,loot,driving_B_2020.02.13_13.03.24.csv,448,84.7703,0.00,-31.25,0.4010,3.386407
4208,redandblack,driving_B_2019.12.16_14.23.32.csv,1109,211.1298,77.89,50.24,0.4008,3.937253
4209,soldier,driving_B_2019.12.16_12.27.05.csv,645,136.0039,0.00,-162.81,0.4007,3.788719
4210,longdress,driving_B_2020.02.14_07.29.00.csv,1702,213.6997,100.00,58.18,0.4006,3.967987
4211,loot,driving_B_2020.01.16_09.56.56.csv,553,197.6065,71.20,45.12,0.4004,3.771581
4212,redandblack,static_B_2020.02.13_13.57.29.csv,885,186.0253,58.52,36.36,0.4003,3.690882
4213,soldier,static_B_2020.02.27_18.39.27.csv,375,245.7898,80.36,70.44,0.4001,3.926523
4214,longdress,driving_B_2020.01.16_07.26.43.csv,377,70.4586,0.00,-66.53,0.4000,4.037621
4215,loot,static_B_2020.02.27_18.39.27.csv,4935,237.4419,96.00,72.49,0.3998,3.657099
4216,redandblack,static_B_2019.12.16_13.40.04.csv,974,227.4560,100.00,67.88,0.3997,3.853740
4217,soldier,static_B_2019.12.16_13.40.04.csv,1904,179.0854,32.00,30.73,0.3996,3.626793
4218,longdress,static_B_2019.12.16_13.40.04.csv,1694,201.4994,71.80,48.25,0.3994,4.224656
4219,loot,static_B_2020.02.13_13.57.29.csv,2945,245.5658,100.00,70.55,0.3993,4.434674
4220,redandblack,driving_B_2020.02.13_15.02.01.csv,2310,86.9613,0.00,-25.19,0.3991,3.708152
4221,soldier,static_B_2020.02.14_13.21.26.csv,518,218.1843,100.00,62.21,0.3990,4.388618
4222,longdress,driving_B_2020.02.27_17.30.15.csv,405,-7.3907,0.00,-657.36,0.3988,3.713140
4223,loot,driving_B_2020.02.14_09.38.22.csv,38,104.6246,0.00,-14.94,0.3987,3.573199
4224,redandblack,driving_B_2020.02.13_15.02.01.csv,2190,189.5134,82.59,42.72,0.3986,3.618672
4225,soldier,static_B_2020.02.13_13.57.29.csv,1065,184.9922,35.76,41.03,0.3984,4.038500
4226,longdress,static_B_2020.02.14_13.21.26.csv,398,218.5476,100.00,61.26,0.3983,3.961210
4227,loot,driving_B_2020.02.14_09.38.22.csv,638,174.4085,0.00,51.11,0.3981,3.826823
4228,redandblack,driving_B_2020.02.27_17.30.15.csv,225,-90.9534,0.00,-398.15,0.3980,3.749918
4229,soldier,static_B_2020.02.13_13.57.29.csv,2805,124.7340,0.00,11.59,0.3979,3.810649
4230,longdress,driving_B_2020.02.13_13.03.24.csv,1588,90.5044,0.00,-339.33,0.3977,3.864802
4231,loot,driving_B_2019.12.16_14.23.32.csv,1169,172.2259,82.04,43.34,0.3976,3.860898
4232,redandblack,driving_B_2020.02.13_15.02.01.csv,30,247.6476,100.00,77.15,0.3974,3.910756
4233,soldier,static_B_2020.02.14_13.21.26.csv,850,177.3419,61.82,39.50,0.3973,3.873667
4234,longdress,driving_B_2019.12.16_14.23.32.csv,209,219.6303,100.00,64.61,0.3971,4.047113
4235,loot,driving_B_2020.01.16_07.26.43.csv,1037,180.8136,60.97,38.30,0.3970,4.173684
4236,redandblack,static_B_2020.02.13_13.57.29.csv,1365,211.4468,75.26,55.46,0.3969,3.609186
4237,soldier,static_B_2020.02.27_18.39.27.csv,2775,221.9054,82.14,63.73,0.3967,4.169112
4238,longdress,driving_B_2019.12.16_14.23.32.csv,1409,207.7505,100.00,58.19,0.3966,4.066277
4239,loot,driving_B_2020.02.13_13.03.24.csv,688,64.2677,0.00,-65.07,0.3964,3.684316
4240,redandblack,driving_B_2020.02.14_12.58.17.csv,686,-13.8210,0.00,-277.40,0.3963,4.014950
4241,soldier,driving_B_2020.02.13_13.03.24.csv,1348,57.3255,0.00,-74.35,0.3961,4.324821
4242,longdress,static_B_2019.12.16_13.40.04.csv,1274,91.2586,32.18,-5.13,0.3960,3.777155
4243,loot,driving_B_2020.02.14_07.29.00.csv,1042,130.2517,1.55,-1.97,0.3959,3.496311
4244,redandblack,static_B_2020.02.27_18.39.27.csv,3795,182.0297,81.10,46.54,0.3957,3.969868
4245,soldier,static_B_2020.02.27_18.39.27.csv,1635,215.1657,70.52,48.96,0.3956,3.992513
4246,longdress,static_B_2019.12.16_13.40.04.csv,1154,83.6283,41.42,-43.61,0.3954,3.618569
4247,loot,driving_B_2019.12.16_12.27.05.csv,105,166.9039,62.76,38.75,0.3953,3.746337
4248,redandblack,driving_B_2020.02.13_13.03.24.csv,28,70.3786,0.00,-43.55,0.3951,4.051514
4249,soldier,driving_B_2020.02.13_15.02.01.csv,990,147.2819,29.39,-1.25,0.3950,3.833715
4250,longdress,driving_B_2020.02.27_17.30.15.csv,645,-41.8465,0.00,-1221.05,0.3949,3.442182
4251,loot,driving_B_2019.12.17_07.32.39.csv,181,129.1066,8.70,6.25,0.3947,3.569920
4252,redandblack,driving_B_2020.01.16_12.10.03.csv,244,224.1068,100.00,63.34,0.3946,3.729147
4253,soldier,driving_B_2019.12.17_07.32.39.csv,1081,145.6718,61.08,27.74,0.3944,3.812121
4254,longdress,driving_B_2020.02.13_15.02.01.csv,870,234.4873,100.00,66.36,0.3943,3.807581
4255,loot,static_B_2019.12.16_13.40.04.csv,1904,138.0112,0.00,16.51,0.3942,3.691567
4256,redandblack,driving_B_2020.02.13_15.02.01.csv,390,179.1721,32.00,50.24,0.3940,3.824477
4257,soldier,static_B_2020.02.13_13.57.29.csv,2145,107.5627,19.15,-3.82,0.3939,3.580303
4258,longdress,static_B_2019.12.16_13.40.04.csv,74,218.1012,70.00,63.40,0.3937,3.555363
4259,loot,driving_B_2020.02.13_13.03.24.csv,2008,-16.9623,0.00,-308.12,0.3936,4.047621
4260,redandblack,driving_B_2020.02.14_09.38.22.csv,578,234.5562,100.00,71.40,0.3934,3.685173
4261,soldier,static_B_2020.02.27_18.39.27.csv,2535,232.9234,78.00,68.72,0.3933,4.008984
4262,longdress,driving_B_2019.12.17_07.32.39.csv,1021,57.4060,0.00,-67.70,0.3932,3.500879
4263,loot,driving_B_2020.02.14_09.38.22.csv,998,95.0311,0.00,-27.76,0.3930,4.040172
4264,redandblack,driving_B_2019.12.17_07.32.39.csv,481,186.3843,77.06,47.04,0.3929,3.935838
4265,soldier,driving_B_2020.01.16_07.26.43.csv,497,44.1120,0.00,-93.90,0.3927,3.783777
4266,longdress,static_B_2020.02.27_18.39.27.csv,4995,194.3477,77.48,49.89,0.3926,4.095858
4267,loot,static_B_2020.02.27_18.39.27.csv,4635,78.9562,0.00,-83.42,0.3924,3.855546
4268,redandblack,driving_B_2019.12.16_14.23.32.csv,1049,75.3878,0.00,-200.25,0.3923,3.711635
4269,soldier,static_B_2020.02.27_18.39.27.csv,5475,234.1046,100.00,70.59,0.3922,4.020127
4270,longdress,driving_B_2020.01.16_09.56.56.csv,913,24.7800,0.00,-109.08,0.3920,4.044470
4271,loot,driving_B_2020.02.14_07.29.00.csv,742,133.6374,0.00,-11.13,0.3919,4.167803
4272,redandblack,driving_B_2019.12.16_12.27.05.csv,285,37.5561,0.00,-106.63,0.3917,3.696381
4273,soldier,driving_B_2019.12.16_11.49.59.csv,277,28.6131,0.00,-136.32,0.3916,4.058008
4274,longdress,driving_B_2019.12.16_14.23.32.csv,2369,120.6630,0.00,-5.16,0.3914,3.961229
4275,loot,static_B_2020.02.27_18.39.27.csv,2835,234.2111,52.00,71.61,0.3913,3.797814
4276,redandblack,driving_B_2019.12.17_07.32.39.csv,721,154.8573,50.29,28.40,0.3912,3.924213
4277,soldier,static_B_2020.02.27_18.39.27.csv,4095,240.3303,100.00,71.93,0.3910,3.954058
4278,longdress,static_B_2019.12.16_13.40.04.csv,254,183.9531,56.14,26.60,0.3909,3.999280
4279,loot,driving_B_2020.01.16_07.26.43.csv,77,93.7776,0.00,-56.98,0.3907,4.027193
4280,redandblack,driving_B_2020.02.13_13.03.24.csv,1408,51.6313,0.00,-122.43,0.3906,3.984591
4281,soldier,driving_B_2020.02.14_12.58.17.csv,386,-47.2160,0.00,-749.49,0.3904,3.909061
4282,longdress,driving_B_2019.12.16_14.23.32.csv,2249,49.0347,0.00,-222.00,0.3903,3.973205
4283,loot,driving_B_2019.12.16_14.23.32.csv,1829,-20.7853,0.00,-270.93,0.3902,3.768480
4284,redandblack,driving_B_2019.12.16_14.23.32.csv,1709,-8.0756,0.00,-394.62,0.3900,4.164040
4285,soldier,static_B_2020.02.27_18.39.27.csv,5295,238.9595,100.00,70.93,0.3899,3.929686
4286,longdress,driving_B_2019.12.17_07.32.39.csv,1441,79.2865,0.00,-30.47,0.3897,3.880925
4287,loot,driving_B_2019.12.17_07.32.39.csv,2041,97.5570,0.00,-30.52,0.3896,3.604008
4288,redandblack,driving_B_2019.12.16_14.23.32.csv,29,225.1044,100.00,64.76,0.3895,3.686265
4289,soldier,static_B_2020.02.27_18.39.27.csv,5175,241.9929,100.00,72.36,0.3893,3.862380
4290,longdress,driving_B_2020.02.13_15.02.01.csv,1830,199.8285,77.97,51.61,0.3892,4.016184
4291,loot,driving_B_2020.02.14_07.29.00.csv,1222,196.2307,76.00,53.16,0.3890,3.739901
4292,redandblack,driving_B_2020.01.16_07.26.43.csv,257,160.8143,18.75,23.80,0.3889,3.871792
4293,soldier,driving_B_2020.02.13_13.03.24.csv,148,-26.1654,0.00,-243.12,0.3887,4.267428
4294,longdress,static_B_2020.02.27_18.39.27.csv,5415,211.7864,100.00,57.37,0.3886,3.952040
4295,loot,driving_B_2019.12.16_14.23.32.csv,389,178.4659,0.00,53.32,0.3885,3.793435
4296,redandblack,static_B_2019.12.16_13.40.04.csv,914,117.5604,0.00,-20.78,0.3883,4.003195
4297,soldier,driving_B_2020.02.13_15.02.01.csv,810,24.2266,0.00,-164.72,0.3882,3.822933
4298,longdress,driving_B_2019.12.17_07.32.39.csv,2101,197.3009,72.00,56.04,0.3880,3.647586
4299,loot,driving_B_2019.12.16_14.23.32.csv,149,238.1355,50.00,72.61,0.3879,3.935166
4300,redandblack,driving_B_2020.02.13_15.02.01.csv,1770,218.5393,87.10,63.80,0.3877,4.084395
4301,soldier,driving_B_2019.12.17_07.32.39.csv,841,54.3108,0.00,-92.40,0.3876,3.954007
4302,longdress,static_B_2019.12.16_13.40.04.csv,1574,238.9396,100.00,69.46,0.3875,3.901358
4303,loot,driving_B_2020.02.27_17.30.15.csv,525,-3.9668,0.00,-156.52,0.3873,3.839330
4304,redandblack,driving_B_2019.12.16_12.27.05.csv,465,19.3542,0.00,-170.36,0.3872,3.853630
4305,soldier,static_B_2019.12.16_13.40.04.csv,1874,131.4872,16.00,-7.93,0.3870,4.338729
4306,longdress,driving_B_2020.02.13_15.02.01.csv,1650,87.5400,0.00,-143.06,0.3869,4.010999
4307,loot,driving_B_2020.02.14_09.38.22.csv,1478,97.5904,0.00,-39.28,0.3867,3.773029
4308,redandblack,driving_B_2020.02.14_12.58.17.csv,26,66.8812,0.00,-36.61,0.3866,3.968125
4309,soldier,driving_B_2020.02.13_13.03.24.csv,1288,-10.9333,0.00,-166.07,0.3865,3.764290
4310,longdress,driving_B_2020.02.13_15.02.01.csv,1590,-25.9808,0.00,-243.81,0.3863,3.780509
4311,loot,driving_B_2020.01.16_07.26.43.csv,1577,41.0562,0.00,-206.95,0.3862,3.588753
4312,redandblack,static_B_2020.02.27_18.39.27.csv,1575,219.1381,73.14,57.67,0.3860,3.888150
4313,soldier,static_B_2020.02.14_13.21.26.csv,158,236.3037,87.99,70.87,0.3859,3.958806
4314,longdress,driving_B_2020.02.14_12.58.17.csv,446,22.3055,0.00,-528.04,0.3858,4.195199
4315,loot,static_B_2020.02.27_18.39.27.csv,4035,201.1177,61.62,52.28,0.3856,4.076935
4316,redandblack,static_B_2020.02.27_18.39.27.csv,3915,199.6182,50.00,56.95,0.3855,3.918635
4317,soldier,static_B_2020.02.27_18.39.27.csv,795,221.1265,100.00,63.73,0.3853,3.990295
4318,longdress,driving_B_2020.01.16_07.26.43.csv,1397,-2.5873,0.00,-321.86,0.3852,3.803851
4319,loot,driving_B_2020.02.13_13.03.24.csv,328,45.0978,0.00,-109.75,0.3850,3.784743
4320,redandblack,driving_B_2020.02.13_15.02.01.csv,1050,228.1327,100.00,69.38,0.3849,4.007875
4321,soldier,driving_B_2020.01.16_09.56.56.csv,1453,225.5136,100.00,63.53,0.3848,3.879341
4322,longdress,driving_B_2020.01.16_07.26.43.csv,17,9.6937,0.00,-158.83,0.3846,3.540285
4323,loot,static_B_2020.02.27_18.39.27.csv,1095,193.0374,22.83,31.35,0.3845,4.001519
4324,redandblack,driving_B_2020.02.13_15.02.01.csv,330,230.0164,78.00,68.60,0.3843,3.899806
4325,soldier,driving_B_2020.02.14_12.58.17.csv,326,-99.2717,0.00,-841.86,0.3842,3.778145
4326,longdress,static_B_2020.02.13_13.57.29.csv,525,147.1534,26.37,5.28,0.3840,3.959627
4327,loot,driving_B_2020.02.14_07.29.00.csv,922,188.4882,11.40,33.86,0.3839,4.222768
4328,redandblack,static_B_2020.02.27_18.39.27.csv,975,236.5785,86.88,70.94,0.3838,3.945220
4329,soldier,driving_B_2020.02.27_17.30.15.csv,720,-26.3844,0.00,-1113.31,0.3836,3.889241
4330,longdress,driving_B_2020.01.16_09.56.56.csv,1570,130.3986,43.76,7.45,0.3835,4.096461
4331,loot,static_B_2020.02.13_13.57.29.csv,345,185.6482,24.06,31.23,0.3833,4.050289
4332,redandblack,driving_B_2020.02.14_12.58.17.csv,506,38.5158,0.00,-96.73,0.3832,4.124743
4333,soldier,driving_B_2019.12.17_07.32.39.csv,961,-7.5535,0.00,-197.83,0.3830,4.406856
4334,longdress,driving_B_2020.01.16_09.56.56.csv,1153,77.9275,0.00,-62.57,0.3829,4.134848
4335,loot,driving_B_2019.12.17_07.32.39.csv,2221,206.8069,82.39,53.22,0.3828,4.350435
4336,redandblack,driving_B_2020.02.13_15.02.01.csv,1950,204.5233,100.00,55.19,0.3826,3.959841
4337,soldier,static_B_2020.02.27_18.39.27.csv,3315,238.0901,100.00,70.25,0.3825,4.144553
4338,longdress,driving_B_2020.02.13_13.03.24.csv,2128,-32.5479,0.00,-1015.94,0.3823,3.872298
4339,loot,driving_B_2019.12.17_07.32.39.csv,241,61.3803,0.00,-75.87,0.3822,3.821179
4340,redandblack,static_B_2019.12.16_13.40.04.csv,374,198.0868,81.94,50.15,0.3820,3.935810
4341,soldier,static_B_2020.02.27_18.39.27.csv,3255,236.6654,100.00,73.60,0.3819,3.511313
4342,longdress,driving_B_2020.02.13_15.02.01.csv,630,109.4939,0.00,-58.22,0.3818,3.873367
4343,loot,driving_B_2020.02.13_15.02.01.csv,270,176.7062,37.17,33.67,0.3816,3.757891
4344,redandblack,driving_B_2019.12.16_14.23.32.csv,2129,217.1466,100.00,60.74,0.3815,3.740672
4345,soldier,static_B_2019.12.16_13.40.04.csv,674,208.4751,100.00,58.26,0.3813,3.629798
4346,longdress,driving_B_2020.01.16_12.10.03.csv,244,207.7666,100.00,57.95,0.3812,4.057868
4347,loot,static_B_2020.02.27_18.39.27.csv,915,225.7007,84.65,65.51,0.3811,3.979009
4348,redandblack,driving_B_2020.02.14_07.29.00.csv,1402,191.5110,10.00,56.31,0.3809,3.765348
4349,soldier,driving_B_2020.01.16_09.56.56.csv,613,219.0473,100.00,61.65,0.3808,3.881823
4350,longdress,driving_B_2019.12.17_07.32.39.csv,1381,209.9654,100.00,60.28,0.3806,3.793287
4351,loot,static_B_2019.12.16_13.40.04.csv,1754,235.3639,100.00,69.87,0.3805,4.006263
4352,redandblack,driving_B_2019.12.16_14.23.32.csv,2616,134.6882,51.79,24.42,0.3803,3.595385
4353,soldier,static_B_2019.12.16_13.40.04.csv,1214,130.9472,41.25,18.17,0.3802,3.662851
4354,longdress,driving_B_2019.12.16_14.23.32.csv,509,179.6723,53.01,42.10,0.3801,3.696341
4355,loot,driving_B_2020.02.13_15.02.01.csv,1530,18.2174,0.00,-84.93,0.3799,4.157735
4356,redandblack,static_B_2020.02.13_13.57.29.csv,465,183.2720,47.53,48.61,0.3798,3.742813
4357,soldier,static_B_2020.02.27_18.39.27.csv,4695,171.3188,78.45,13.58,0.3796,4.071368
4358,longdress,driving_B_2020.02.14_09.38.22.csv,758,56.2006,0.00,-32.35,0.3795,4.131018
4359,loot,driving_B_2020.02.13_13.03.24.csv,268,83.0535,0.00,-22.18,0.3793,3.641277
4360,redandblack,driving_B_2020.01.16_09.56.56.csv,13,105.8548,30.21,11.11,0.3792,4.044910
4361,soldier,driving_B_2020.02.14_12.58.17.csv,746,-3.0523,0.00,-411.41,0.3791,4.192801
4362,longdress,driving_B_2020.01.16_07.26.43.csv,677,61.2045,0.00,-109.24,0.3789,4.164952
4363,loot,driving_B_2020.02.14_09.38.22.csv,1058,117.3793,27.49,-0.22,0.3788,4.037498
4364,redandblack,driving_B_2020.02.13_13.03.24.csv,568,62.9483,0.00,-38.57,0.3786,3.737976
4365,soldier,driving_B_2019.12.16_14.23.32.csv,2489,209.2808,100.00,60.17,0.3785,3.919241
4366,longdress,driving_B_2020.02.13_13.03.24.csv,2188,-24.5306,0.00,-162.86,0.3783,3.880668
4367,loot,driving_B_2020.02.13_13.03.24.csv,868,31.0940,0.00,-58.58,0.3782,3.514423
4368,redandblack,driving_B_2020.01.16_09.56.56.csv,853,117.4847,21.30,10.26,0.3781,4.125638
4369,soldier,static_B_2020.02.13_13.57.29.csv,1185,189.7247,48.00,51.97,0.3779,4.057422
4370,longdress,driving_B_2020.02.13_15.02.01.csv,1470,-15.4828,0.00,-164.71,0.3778,3.919810
4371,loot,driving_B_2019.12.16_12.27.05.csv,945,239.9239,83.17,71.00,0.3776,4.094579
4372,redandblack,static_B_2019.12.16_13.40.04.csv,314,131.8759,42.24,17.48,0.3775,3.773647
4373,soldier,static_B_2020.02.27_18.39.27.csv,2475,207.5142,100.00,56.13,0.3773,4.028255
4374,longdress,driving_B_2019.12.17_07.32.39.csv,361,198.3519,78.98,53.75,0.3772,4.074147
4375,loot,driving_B_2020.01.16_09.56.56.csv,1093,107.4094,0.00,-11.67,0.3771,3.881985
4376,redandblack,driving_B_2020.02.13_15.02.01.csv,510,112.4985,35.62,4.89,0.3769,4.191319
4377,soldier,static_B_2020.02.13_13.57.29.csv,2445,103.7072,0.00,-230.12,0.3768,3.764788
4378,longdress,driving_B_2019.12.16_12.27.05.csv,45,20.5320,0.00,-68.18,0.3766,3.586290
4379,loot,static_B_2020.02.27_18.39.27.csv,75,203.8852,18.00,60.27,0.3765,4.408915
4380,redandblack,driving_B_2020.02.14_07.29.00.csv,1462,184.4434,59.68,43.24,0.3764,3.825993
4381,soldier,driving_B_2020.02.14_09.38.22.csv,698,216.8249,82.79,58.87,0.3762,4.197406
4382,longdress,driving_B_2020.01.16_07.26.43.csv,197,26.7134,0.00,-80.95,0.3761,4.085072
4383,loot,driving_B_2020.02.13_13.03.24.csv,988,14.7446,0.00,-79.58,0.3759,4.194247
4384,redandblack,driving_B_2019.12.17_07.32.39.csv,121,43.6582,0.00,-39.85,0.3758,4.017145
4385,soldier,driving_B_2020.02.14_07.29.00.csv,1162,157.6049,52.51,9.34,0.3756,3.708775
4386,longdress,driving_B_2020.01.16_09.56.56.csv,73,39.6255,0.00,-68.21,0.3755,3.656378
4387,loot,driving_B_2020.02.14_12.58.17.csv,800,69.3324,0.00,-71.15,0.3754,3.944097
4388,redandblack,driving_B_2020.02.14_12.58.17.csv,206,-73.6765,0.00,-625.08,0.3752,3.934135
4389,soldier,driving_B_2020.01.16_12.10.03.csv,160,150.9412,2.00,40.34,0.3751,4.184620
4390,longdress,driving_B_2020.02.13_15.02.01.csv,2250,200.6180,100.00,55.56,0.3749,4.048946
4391,loot,driving_B_2020.01.16_07.26.43.csv,1757,81.0242,39.06,-6.54,0.3748,3.861315
4392,redandblack,driving_B_2019.12.16_12.27.05.csv,885,183.5719,50.00,49.65,0.3746,4.233467
4393,soldier,static_B_2020.02.27_18.39.27.csv,15,161.2727,34.49,27.36,0.3745,3.999663
4394,longdress,driving_B_2019.12.17_07.32.39.csv,301,38.0193,0.00,-43.66,0.3744,3.795530
4395,loot,driving_B_2020.02.14_12.58.17.csv,800,35.4614,0.00,-52.86,0.3742,3.892567
4396,redandblack,driving_B_2019.12.16_14.23.32.csv,329,210.2044,66.00,60.96,0.3741,3.865546
4397,soldier,driving_B_2020.01.16_07.26.43.csv,797,143.9137,0.00,1.27,0.3739,3.668681
4398,longdress,driving_B_2019.12.16_14.23.32.csv,2309,86.1762,0.00,-35.17,0.3738,4.117259
4399,loot,driving_B_2019.12.16_14.23.32.csv,2609,143.7014,22.46,18.26,0.3736,3.842404
4400,redandblack,static_B_2020.02.27_18.39.27.csv,1275,167.5155,12.00,47.63,0.3735,3.712073
4401,soldier,static_B_2020.02.27_18.39.27.csv,675,191.6346,52.00,52.92,0.3734,4.310552
4402,longdress,driving_B_2020.02.14_09.38.22.csv,1478,42.4794,0.00,-49.67,0.3732,3.583523
4403,loot,static_B_2020.02.27_18.39.27.csv,315,222.5397,87.98,64.89,0.3731,3.954923
4404,redandblack,driving_B_2020.02.13_13.03.24.csv,208,65.8771,0.00,-37.84,0.3729,4.168066
4405,soldier,driving_B_2020.01.16_07.26.43.csv,977,61.8483,0.00,-48.46,0.3728,3.945478
4406,longdress,driving_B_2019.12.16_14.23.32.csv,1589,89.4827,3.46,-14.63,0.3727,4.090932
4407,loot,driving_B_2019.12.17_07.32.39.csv,781,76.8444,0.00,-34.54,0.3725,3.958131
4408,redandblack,driving_B_2020.02.13_15.02.01.csv,2610,223.6069,100.00,68.33,0.3724,3.830836
4409,soldier,driving_B_2020.01.16_07.26.43.csv,1337,-7.1688,0.00,-124.28,0.3722,3.627780
4410,longdress,static_B_2020.02.27_18.39.27.csv,435,193.7632,72.03,46.31,0.3721,4.073689
4411,loot,driving_B_2019.12.17_07.32.39.csv,1681,54.1878,0.00,-36.08,0.3719,3.968729
4412,redandblack,static_B_2020.02.13_13.57.29.csv,2565,169.3555,83.35,42.66,0.3718,3.986512
4413,soldier,static_B_2020.02.14_13.21.26.csv,578,169.8134,16.00,48.27,0.3717,3.830253
4414,longdress,driving_B_2020.02.13_15.02.01.csv,150,209.6752,84.98,57.66,0.3715,4.066181
4415,loot,static_B_2019.12.16_13.40.04.csv,854,191.3611,84.05,51.16,0.3714,3.879389
4416,redandblack,driving_B_2020.02.14_09.38.22.csv,1178,17.8587,0.00,-168.23,0.3712,3.712734
4417,soldier,driving_B_2020.02.13_13.03.24.csv,88,22.4256,0.00,-86.54,0.3711,4.206366
4418,longdress,driving_B_2020.02.14_07.29.00.csv,1642,179.2989,46.02,31.19,0.3709,3.774963
4419,loot,driving_B_2020.02.27_17.30.15.csv,585,6.2471,0.00,-65.93,0.3708,4.149300
4420,redandblack,static_B_2019.12.16_13.40.04.csv,734,195.6608,12.00,57.16,0.3707,4.060286
4421,soldier,static_B_2020.02.13_13.57.29.csv,705,29.6552,0.00,-59.51,0.3705,3.820271
4422,longdress,static_B_2020.02.27_18.39.27.csv,4575,185.7463,84.07,42.83,0.3704,3.846198
4423,loot,driving_B_2019.12.16_12.27.05.csv,825,189.7090,50.20,48.35,0.3702,3.845399
4424,redandblack,driving_B_2019.12.16_14.23.32.csv,989,130.8259,4.63,3.72,0.3701,3.869941
4425,soldier,static_B_2020.02.13_13.57.29.csv,1545,157.8246,49.55,19.69,0.3699,4.095363
4426,longdress,driving_B_2020.02.14_07.29.00.csv,1522,55.4588,0.00,-6.49,0.3698,4.463571
4427,loot,driving_B_2019.12.16_14.23.32.csv,1349,188.3742,68.14,39.31,0.3697,4.097691
4428,redandblack,driving_B_2019.12.16_14.23.32.csv,1949,118.0064,27.38,1.95,0.3695,4.134341
4429,soldier,driving_B_2020.01.16_07.26.43.csv,137,-8.4959,0.00,-297.17,0.3694,3.958129
4430,longdress,driving_B_2020.02.14_07.29.00.csv,982,13.6505,0.00,-194.91,0.3692,4.137478
4431,loot,driving_B_2019.12.16_11.49.59.csv,277,55.6708,0.00,-150.22,0.3691,3.923475
4432,redandblack,driving_B_2020.02.13_13.03.24.csv,1168,47.7506,0.00,-31.35,0.3689,4.246457
4433,soldier,driving_B_2020.02.14_12.58.17.csv,146,20.0891,0.00,-1095.10,0.3688,3.795088
4434,longdress,driving_B_2019.12.16_12.27.05.csv,585,6.4047,0.00,-297.74,0.3687,4.313361
4435,loot,driving_B_2020.02.13_13.03.24.csv,1228,36.8812,0.00,-56.08,0.3685,4.027828
4436,redandblack,static_B_2020.02.14_13.21.26.csv,638,222.7285,52.00,66.26,0.3684,3.960683
4437,soldier,static_B_2020.02.27_18.39.27.csv,195,171.7096,20.00,47.19,0.3682,3.969156
4438,longdress,driving_B_2020.02.14_09.38.22.csv,938,155.7238,10.00,43.49,0.3681,4.030933
4439,loot,static_B_2020.02.27_18.39.27.csv,2715,189.4911,16.00,56.02,0.3680,4.143883
4440,redandblack,driving_B_2020.02.13_13.03.24.csv,1888,-96.8794,0.00,-380.07,0.3678,3.897247
4441,soldier,static_B_2020.02.27_18.39.27.csv,1455,185.6785,86.00,46.99,0.3677,3.856240
4442,longdress,driving_B_2020.02.14_12.58.17.csv,266,-75.6489,0.00,-334.97,0.3675,3.947379
4443,loot,driving_B_2020.02.14_12.58.17.csv,86,53.3600,0.00,-118.02,0.3674,3.956818
4444,redandblack,static_B_2020.02.27_18.39.27.csv,4215,210.8850,84.00,61.67,0.3672,4.049039
4445,soldier,driving_B_2020.02.13_13.03.24.csv,1828,-166.8032,0.00,-406.65,0.3671,3.960915
4446,longdress,driving_B_2019.12.17_07.32.39.csv,2288,212.8821,85.66,57.75,0.3670,4.023708
4447,loot,driving_B_2020.02.13_13.03.24.csv,388,58.6005,0.00,-38.99,0.3668,3.890693
4448,redandblack,static_B_2020.02.13_13.57.29.csv,2085,218.9917,100.00,65.71,0.3667,4.131612
4449,longdress,driving_B_2020.02.13_15.02.01.csv,606,8.6200,0.00,-116.75,0.3665,4.144140
4450,loot,driving_B_2020.02.14_07.29.00.csv,938,163.9797,48.20,30.55,0.3664,4.109657
4451,redandblack,static_B_2020.02.27_18.39.27.csv,3294,254.4462,100.00,77.78,0.3662,4.303421
4452,soldier,driving_B_2019.12.17_07.32.39.csv,118,114.8341,0.00,-27.00,0.3661,3.704952
4453,longdress,static_B_2020.02.27_18.39.27.csv,3174,114.0051,44.00,-22.36,0.3660,4.043428
4454,loot,driving_B_2019.12.16_12.27.05.csv,208,140.1798,32.05,25.29,0.3658,3.662176
4455,redandblack,driving_B_2019.12.17_07.32.39.csv,58,138.8368,38.47,18.05,0.3657,3.850027
4456,soldier,static_B_2019.12.16_13.40.04.csv,1904,156.7911,32.00,21.22,0.3655,4.337067
4457,longdress,driving_B_2020.02.13_15.02.01.csv,726,59.5670,0.00,-39.51,0.3654,4.159376
4458,loot,driving_B_2019.12.16_14.23.32.csv,146,140.5692,0.00,38.16,0.3652,3.765247
4459,redandblack,static_B_2020.02.13_13.57.29.csv,2899,215.6021,79.22,61.23,0.3651,3.866792
4460,soldier,static_B_2020.02.27_18.39.27.csv,2154,204.8984,77.67,53.89,0.3650,3.749720
4461,longdress,driving_B_2020.02.14_07.29.00.csv,38,152.0087,80.20,32.71,0.3648,4.202678
4462,loot,static_B_2019.12.16_13.40.04.csv,875,193.9524,83.34,54.30,0.3647,3.653344
4463,redandblack,driving_B_2020.02.14_09.38.22.csv,383,56.5434,0.00,-32.25,0.3645,4.199993
4464,soldier,static_B_2019.12.16_13.40.04.csv,635,147.5077,36.27,21.98,0.3644,4.064416
4465,longdress,driving_B_2020.01.16_07.26.43.csv,1535,14.4479,0.00,-120.73,0.3642,3.911695
4466,loot,driving_B_2019.12.17_07.32.39.csv,1558,184.1491,79.60,44.24,0.3641,3.864956
4467,redandblack,driving_B_2020.02.14_07.29.00.csv,1598,224.8728,100.00,64.48,0.3640,3.653859
4468,soldier,driving_B_2020.02.13_15.02.01.csv,1986,133.0335,59.92,25.72,0.3638,3.893125
4469,longdress,driving_B_2020.02.14_12.58.17.csv,334,-38.0028,0.00,-447.34,0.3637,4.085292
4470,loot,static_B_2019.12.16_13.40.04.csv,695,190.6840,24.00,55.45,0.3635,4.120154
4471,redandblack,static_B_2020.02.14_13.21.26.csv,168,195.5779,28.00,57.36,0.3634,3.938037
4472,soldier,driving_B_2020.02.14_07.29.00.csv,1718,158.1037,59.86,27.78,0.3633,4.022013
4473,longdress,static_B_2020.02.14_13.21.26.csv,468,195.8455,56.00,58.58,0.3631,4.437638
4474,loot,driving_B_2020.02.14_12.58.17.csv,514,51.6120,22.03,-29.86,0.3630,4.208660
4475,redandblack,driving_B_2020.01.16_09.56.56.csv,1426,226.1697,88.00,63.05,0.3628,3.821954
4476,soldier,static_B_2020.02.13_13.57.29.csv,919,135.2752,28.79,9.26,0.3627,3.860253
4477,longdress,driving_B_2020.01.16_09.56.56.csv,226,120.9698,51.73,13.95,0.3625,3.798940
4478,loot,driving_B_2020.02.14_12.58.17.csv,34,144.6729,36.88,21.71,0.3624,4.083580
4479,redandblack,driving_B_2019.12.16_12.27.05.csv,808,189.3166,61.82,45.36,0.3623,3.814873
4480,soldier,driving_B_2020.01.16_09.56.56.csv,1486,181.2807,66.39,44.54,0.3621,3.891679
4481,longdress,driving_B_2020.02.13_13.03.24.csv,1304,17.7415,0.00,-157.07,0.3620,4.051236
4482,loot,driving_B_2020.01.16_09.56.56.csv,286,200.5189,87.90,54.00,0.3618,4.012571
4483,redandblack,static_B_2020.02.27_18.39.27.csv,534,171.1023,51.91,32.02,0.3617,3.948968
4484,soldier,driving_B_2020.01.16_07.26.43.csv,575,46.1666,0.00,-48.17,0.3615,3.624928
4485,longdress,driving_B_2020.02.13_15.02.01.csv,186,220.1541,100.00,62.50,0.3614,4.297746
4486,loot,static_B_2020.02.13_13.57.29.csv,1219,227.3551,100.00,67.63,0.3613,3.962488
4487,redandblack,driving_B_2019.12.16_14.23.32.csv,2306,77.3530,0.00,-16.72,0.3611,4.091860
4488,soldier,driving_B_2019.12.16_14.23.32.csv,1166,140.8495,40.39,27.40,0.3610,4.044028
4489,longdress,static_B_2020.02.27_18.39.27.csv,1614,134.4958,58.47,20.97,0.3608,4.037690
4490,loot,driving_B_2019.12.17_07.32.39.csv,298,149.8939,20.42,28.67,0.3607,3.846542
4491,redandblack,driving_B_2019.12.17_07.32.39.csv,238,103.7884,60.48,6.23,0.3605,3.940946
4492,soldier,static_B_2020.02.13_13.57.29.csv,499,93.0003,62.40,8.00,0.3604,4.286987
4493,longdress,static_B_2020.02.27_18.39.27.csv,2934,219.5995,71.95,54.86,0.3603,4.207523
4494,loot,static_B_2020.02.27_18.39.27.csv,2214,209.1084,83.24,61.73,0.3601,3.735787
4495,redandblack,driving_B_2020.02.14_09.38.22.csv,923,202.0462,36.00,56.68,0.3600,3.811237
4496,soldier,driving_B_2019.12.17_07.32.39.csv,2158,32.4361,80.99,-5.51,0.3598,4.127125
4497,longdress,static_B_2020.02.27_18.39.27.csv,3654,216.6595,64.00,63.42,0.3597,4.122566
4498,loot,static_B_2020.02.13_13.57.29.csv,679,97.5525,0.00,-28.09,0.3596,3.965780
4499,redandblack,driving_B_2020.02.14_12.58.17.csv,214,-20.9262,0.00,-887.37,0.3594,4.079732
4500,soldier,static_B_2020.02.13_13.57.29.csv,1819,225.2758,54.00,67.23,0.3593,3.641446
4501,longdress,driving_B_2019.12.17_07.32.39.csv,1138,92.1114,31.56,-2.44,0.3591,4.102372
4502,loot,driving_B_2019.12.16_14.23.32.csv,26,242.7128,100.00,71.42,0.3590,4.172088
4503,redandblack,static_B_2020.02.27_18.39.27.csv,4914,226.6367,100.00,64.90,0.3588,4.121588
4504,soldier,driving_B_2019.12.16_14.23.32.csv,2426,155.7693,18.25,15.85,0.3587,3.906101
4505,longdress,driving_B_2019.12.16_14.23.32.csv,206,226.8020,83.25,64.12,0.3586,4.222035
4506,loot,driving_B_2020.02.13_13.03.24.csv,44,62.4976,0.00,-76.17,0.3584,3.984538
4507,redandblack,driving_B_2020.02.14_07.29.00.csv,218,144.4458,15.40,13.92,0.3583,3.783955
4508,soldier,driving_B_2020.02.13_13.03.24.csv,464,74.9622,0.00,-31.63,0.3581,4.516409
4509,longdress,static_B_2020.02.27_18.39.27.csv,1314,233.8950,100.00,68.19,0.3580,4.495228
4510,loot,static_B_2020.02.27_18.39.27.csv,414,231.3823,100.00,66.26,0.3578,4.045168
4511,redandblack,static_B_2020.02.27_18.39.27.csv,834,221.0976,100.00,65.38,0.3577,4.104654
4512,soldier,driving_B_2020.01.16_12.10.03.csv,70,255.6815,100.00,77.17,0.3576,3.851802
4513,longdress,driving_B_2020.01.16_07.26.43.csv,1355,-7.0315,0.00,-210.75,0.3574,4.167536
4514,loot,driving_B_2020.02.13_13.03.24.csv,1124,58.0871,0.00,-123.73,0.3573,4.189605
4515,redandblack,driving_B_2019.12.16_14.23.32.csv,266,220.6148,85.66,63.37,0.3571,3.872220
4516,soldier,driving_B_2020.02.27_17.30.15.csv,134,-65.7143,0.00,-998.83,0.3570,4.051645
4517,longdress,static_B_2020.02.27_18.39.27.csv,1734,154.0316,24.64,16.26,0.3568,3.879580
4518,loot,driving_B_2020.01.16_09.56.56.csv,1306,225.9095,85.70,66.35,0.3567,3.858297
4519,redandblack,static_B_2020.02.27_18.39.27.csv,234,237.2964,83.29,71.66,0.3566,4.308650
4520,soldier,driving_B_2019.12.17_07.32.39.csv,178,118.4906,0.00,-3.51,0.3564,4.298266
4521,longdress,static_B_2019.12.16_13.40.04.csv,35,157.1504,43.81,26.17,0.3563,3.921196
4522,loot,driving_B_2020.02.14_07.29.00.csv,458,103.6497,9.93,-13.99,0.3561,4.179899
4523,redandblack,static_B_2019.12.16_13.40.04.csv,1595,226.9731,100.00,64.25,0.3560,4.067718
4524,soldier,static_B_2020.02.27_18.39.27.csv,1254,246.8642,100.00,73.59,0.3558,3.695413
4525,longdress,driving_B_2020.02.13_13.03.24.csv,284,56.3683,0.00,-66.72,0.3557,4.051130
4526,loot,driving_B_2019.12.16_12.27.05.csv,748,189.5833,41.43,42.54,0.3556,4.000315
4527,redandblack,driving_B_2020.01.16_07.26.43.csv,1475,10.4351,0.00,-131.23,0.3554,4.533535
4528,soldier,static_B_2020.02.13_13.57.29.csv,1699,88.1733,0.00,-37.43,0.3553,3.910038
4529,longdress,driving_B_2019.12.16_14.23.32.csv,806,216.8214,78.43,55.24,0.3551,4.034704
4530,loot,driving_B_2020.02.13_13.03.24.csv,944,72.6418,0.00,-87.88,0.3550,4.067893
4531,redandblack,driving_B_2019.12.16_12.27.05.csv,1048,189.3618,59.92,42.20,0.3549,3.841610
4532,soldier,driving_B_2020.02.13_15.02.01.csv,1146,144.6692,33.24,14.08,0.3547,3.854770
4533,longdress,driving_B_2019.12.16_14.23.32.csv,2186,237.0714,86.20,70.09,0.3546,3.968057
4534,loot,static_B_2019.12.16_13.40.04.csv,935,219.3641,79.92,58.02,0.3544,4.252374
4535,redandblack,static_B_2020.02.27_18.39.27.csv,4194,140.8426,0.00,-1.84,0.3543,4.139665
4536,soldier,driving_B_2019.12.17_07.32.39.csv,1498,40.3741,0.00,-98.42,0.3541,4.180163
4537,longdress,driving_B_2019.12.17_07.32.39.csv,778,96.8889,0.00,-61.21,0.3540,4.078763
4538,loot,static_B_2019.12.16_13.40.04.csv,1535,202.2597,69.34,54.62,0.3539,4.060929
4539,redandblack,driving_B_2020.01.16_12.10.03.csv,190,224.5867,100.00,64.64,0.3537,3.940693
4540,soldier,static_B_2020.02.27_18.39.27.csv,3474,198.7297,83.59,55.18,0.3536,4.068341
4541,longdress,driving_B_2019.12.17_07.32.39.csv,1258,73.0165,0.00,-41.51,0.3534,4.643700
4542,loot,driving_B_2019.12.17_07.32.39.csv,1738,78.3407,0.00,-32.49,0.3533,4.452020
4543,redandblack,driving_B_2019.12.17_07.32.39.csv,1678,86.1941,0.00,-39.80,0.3531,3.996406
4544,soldier,driving_B_2019.12.17_07.32.39.csv,1198,93.2278,0.00,-20.23,0.3530,4.004063
4545,longdress,driving_B_2020.02.13_15.02.01.csv,1806,217.9695,87.59,62.46,0.3529,3.810297
4546,loot,driving_B_2020.01.16_09.56.56.csv,1570,158.8627,62.86,35.67,0.3527,3.665949
4547,redandblack,driving_B_2019.12.17_07.32.39.csv,1618,162.9369,47.16,23.28,0.3526,3.853722
4548,soldier,driving_B_2019.12.17_07.32.39.csv,2288,196.4028,87.62,48.50,0.3524,3.928050
4549,longdress,static_B_2019.12.16_13.40.04.csv,1295,241.2793,100.00,68.62,0.3523,4.455518
4550,loot,static_B_2020.02.14_13.21.26.csv,850,197.0767,60.55,48.25,0.3521,4.103065
4551,redandblack,driving_B_2019.12.16_12.27.05.csv,88,114.3121,0.00,-3.18,0.3520,3.916811
4552,soldier,driving_B_2020.02.27_17.30.15.csv,194,-49.1496,0.00,-1162.73,0.3519,4.418989
4553,longdress,driving_B_2020.02.14_09.38.22.csv,1223,117.9639,0.00,-52.48,0.3517,3.951893
4554,loot,driving_B_2020.02.13_13.03.24.csv,884,43.7302,0.00,-121.75,0.3516,3.960241
4555,redandblack,driving_B_2020.02.13_13.03.24.csv,1004,41.5332,0.00,-157.24,0.3514,3.965605
4556,soldier,driving_B_2019.12.17_07.32.39.csv,538,14.5396,0.00,-137.23,0.3513,4.227656
4557,longdress,driving_B_2020.02.13_13.03.24.csv,1604,124.6605,0.00,-214.92,0.3512,4.017377
4558,loot,driving_B_2019.12.17_07.32.39.csv,1378,233.5440,66.00,69.93,0.3510,4.094962
4559,redandblack,static_B_2020.02.27_18.39.27.csv,5742,239.9373,68.00,71.76,0.3509,3.990788
4560,soldier,static_B_2020.02.13_13.57.29.csv,1519,45.6726,0.00,-73.97,0.3507,4.160679
4561,longdress,driving_B_2020.02.13_15.02.01.csv,666,178.1834,55.76,32.64,0.3506,4.141480
4562,loot,static_B_2019.12.16_13.40.04.csv,1475,245.9946,52.00,76.98,0.3504,4.271198
4563,redandblack,static_B_2019.12.16_13.40.04.csv,1715,206.0137,100.00,57.70,0.3503,3.897960
4564,soldier,static_B_2019.12.16_13.40.04.csv,995,197.5046,62.83,49.71,0.3502,4.077571
4565,longdress,driving_B_2019.12.16_14.23.32.csv,1526,135.0396,0.00,0.34,0.3500,4.054931
4566,loot,static_B_2019.12.16_13.40.04.csv,155,219.1029,81.51,60.54,0.3499,3.860882
4567,redandblack,driving_B_2020.02.14_07.29.00.csv,1418,177.6170,28.00,50.67,0.3497,4.111152
4568,soldier,driving_B_2020.02.13_13.03.24.csv,1904,-88.7347,0.00,-385.13,0.3496,3.821266
4569,longdress,static_B_2020.02.27_18.39.27.csv,4734,238.4212,70.00,70.95,0.3494,4.365650
4570,loot,driving_B_2020.02.13_13.03.24.csv,1544,62.8413,0.00,-120.84,0.3493,4.107686
4571,redandblack,driving_B_2020.02.14_12.58.17.csv,634,83.5664,0.00,-35.68,0.3492,3.982114
4572,soldier,static_B_2020.02.27_18.39.27.csv,2634,216.1468,78.30,57.58,0.3490,4.177140
4573,longdress,driving_B_2020.01.16_09.56.56.csv,1066,37.4343,0.00,-83.19,0.3489,4.006308
4574,loot,static_B_2019.12.16_13.40.04.csv,1355,217.5741,81.44,63.21,0.3487,4.178965
4575,redandblack,static_B_2020.02.13_13.57.29.csv,2945,219.7393,83.90,64.42,0.3486,4.162577
4576,soldier,driving_B_2020.02.14_09.38.22.csv,1478,39.6237,0.00,-74.41,0.3484,3.894643
4577,longdress,driving_B_2019.12.16_14.23.32.csv,2246,85.4473,0.00,-158.93,0.3483,4.440027
4578,loot,static_B_2019.12.16_13.40.04.csv,1415,238.8348,100.00,59.44,0.3482,3.837974
4579,redandblack,static_B_2020.02.27_18.39.27.csv,4374,241.4761,77.76,71.47,0.3480,4.272702
4580,soldier,driving_B_2020.02.13_15.02.01.csv,246,206.1592,42.00,59.93,0.3479,4.080592
4581,longdress,driving_B_2020.01.16_09.56.56.csv,526,190.5704,28.32,36.72,0.3477,3.999094
4582,loot,static_B_2020.02.27_18.39.27.csv,4254,254.2273,94.00,78.54,0.3476,3.737985
4583,redandblack,driving_B_2019.12.17_07.32.39.csv,1438,138.7456,2.48,1.64,0.3474,3.818982
4584,soldier,driving_B_2019.12.17_07.32.39.csv,598,74.1621,0.00,-58.38,0.3473,4.157385
4585,longdress,driving_B_2019.12.17_07.32.39.csv,1018,125.3853,0.00,-27.06,0.3472,4.291456
4586,loot,driving_B_2019.12.16_11.49.59.csv,277,38.0001,0.00,-162.36,0.3470,4.355104
4587,redandblack,static_B_2020.02.13_13.57.29.csv,1999,262.4625,100.00,81.33,0.3469,3.981451
4588,soldier,driving_B_2020.02.27_17.30.15.csv,434,-53.4425,0.00,-870.77,0.3467,4.237367
4589,longdress,driving_B_2019.12.17_07.32.39.csv,958,28.3221,0.00,-264.19,0.3466,4.156438
4590,loot,driving_B_2020.02.27_17.30.15.csv,374,-6.9818,0.00,-448.51,0.3465,4.212935
4591,redandblack,static_B_2020.02.13_13.57.29.csv,2779,190.3492,81.05,47.31,0.3463,3.970940
4592,soldier,driving_B_2019.12.16_14.23.32.csv,1406,239.1337,100.00,69.87,0.3462,4.158520
4593,longdress,driving_B_2019.12.16_14.23.32.csv,686,178.5149,78.92,43.61,0.3460,3.957685
4594,loot,static_B_2020.02.27_18.39.27.csv,1794,110.6184,0.00,-196.53,0.3459,4.021173
4595,redandblack,driving_B_2019.12.17_07.32.39.csv,898,29.6057,0.00,-170.15,0.3457,4.486756
4596,soldier,driving_B_2020.02.14_09.38.22.csv,1283,260.7666,100.00,78.82,0.3456,3.883410
4597,longdress,driving_B_2020.02.13_13.03.24.csv,1484,70.0421,0.00,-40.06,0.3455,4.074605
4598,loot,driving_B_2020.01.16_12.10.03.csv,244,223.4502,100.00,64.45,0.3453,4.017193
4599,redandblack,static_B_2020.02.13_13.57.29.csv,319,179.8348,59.88,40.82,0.3452,3.740188
4600,soldier,driving_B_2020.02.14_09.38.22.csv,443,64.5995,0.00,-61.15,0.3450,3.798170
4601,longdress,static_B_2020.02.27_18.39.27.csv,5742,220.2219,100.00,61.91,0.3449,3.958714
4602,loot,driving_B_2019.12.17_07.32.39.csv,418,136.9346,0.00,5.69,0.3447,4.007225
4603,redandblack,static_B_2020.02.27_18.39.27.csv,354,227.4936,100.00,67.47,0.3446,3.832984
4604,soldier,driving_B_2019.12.16_12.27.05.csv,568,57.1976,0.00,-172.76,0.3445,4.406073
4605,longdress,driving_B_2020.01.16_09.56.56.csv,166,186.0190,85.60,50.82,0.3443,3.702612
4606,loot,driving_B_2019.12.17_07.32.39.csv,2278,178.1527,86.43,46.05,0.3442,4.062892
4607,redandblack,static_B_2020.02.14_13.21.26.csv,588,221.3590,34.00,66.36,0.3440,3.956373
4608,soldier,driving_B_2019.12.16_14.23.32.csv,986,102.7332,0.00,-46.42,0.3439,4.241405
4609,longdress,driving_B_2019.12.16_14.23.32.csv,2126,199.5736,81.52,33.54,0.3437,4.103750
4610,loot,driving_B_2020.01.16_07.26.43.csv,1235,93.6358,0.00,-36.25,0.3436,4.240396
4611,redandblack,driving_B_2019.12.16_12.27.05.csv,868,180.3990,24.00,52.76,0.3435,4.238382
4612,soldier,driving_B_2019.12.16_12.27.05.csv,268,15.9210,0.00,-245.87,0.3433,4.188800
4613,longdress,driving_B_2019.12.16_14.23.32.csv,1346,188.7954,44.76,31.74,0.3432,4.376514
4614,loot,driving_B_2020.02.14_07.29.00.csv,698,143.8125,27.54,16.06,0.3430,4.212358
4615,redandblack,driving_B_2019.12.16_14.23.32.csv,2616,173.5734,34.37,19.71,0.3429,4.099015
4616,soldier,driving_B_2020.02.27_17.30.15.csv,254,-40.1586,0.00,-145.90,0.3427,4.468384
4617,longdress,driving_B_2020.02.14_07.29.00.csv,1838,221.8224,79.52,57.17,0.3426,3.556066
4618,loot,static_B_2020.02.27_18.39.27.csv,3714,209.0781,28.00,61.71,0.3425,3.823474
4619,redandblack,driving_B_2019.12.16_11.49.59.csv,277,53.1483,0.00,-125.43,0.3423,4.507100
4620,soldier,driving_B_2020.01.16_09.56.56.csv,1186,172.8367,32.81,26.77,0.3422,3.883322
4621,longdress,driving_B_2020.02.14_12.58.17.csv,274,-42.7516,0.00,-1024.85,0.3420,4.152304
4622,loot,static_B_2019.12.16_13.40.04.csv,515,196.9809,100.00,38.97,0.3419,4.364930
4623,redandblack,driving_B_2020.01.16_07.26.43.csv,1770,87.6478,0.00,-12.43,0.3418,4.173221
4624,soldier,static_B_2020.02.27_18.39.27.csv,3234,204.2963,70.00,59.35,0.3416,3.970978
4625,longdress,driving_B_2020.02.13_15.02.01.csv,1446,2.0348,0.00,-319.51,0.3415,4.292097
4626,loot,static_B_2020.02.27_18.39.27.csv,3594,241.8351,64.00,74.53,0.3413,3.498848
4627,redandblack,static_B_2019.12.16_13.40.04.csv,755,224.9601,54.00,65.74,0.3412,4.173985
4628,soldier,static_B_2020.02.27_18.39.27.csv,4494,187.5985,37.86,36.65,0.3410,4.221515
4629,longdress,static_B_2020.02.27_18.39.27.csv,3114,86.1279,0.00,-131.16,0.3409,3.930936
4630,loot,driving_B_2020.02.14_12.58.17.csv,694,9.7233,0.00,-361.32,0.3408,4.042758
4631,redandblack,driving_B_2020.02.14_09.38.22.csv,683,222.1836,100.00,58.84,0.3406,4.385998
4632,soldier,driving_B_2020.02.13_13.03.24.csv,1844,-186.4722,0.00,-902.01,0.3405,3.894059
4633,longdress,driving_B_2020.02.13_15.02.01.csv,2226,210.0844,100.00,57.65,0.3403,4.108417
4634,loot,static_B_2019.12.16_13.40.04.csv,1895,122.3409,0.00,4.30,0.3402,3.901268
4635,redandblack,driving_B_2020.02.13_13.03.24.csv,344,54.9256,0.00,-83.96,0.3400,4.058543
4636,soldier,driving_B_2020.01.16_07.26.43.csv,815,117.3368,0.00,-15.21,0.3399,3.990381
4637,longdress,static_B_2019.12.16_13.40.04.csv,455,178.0515,0.00,-303.85,0.3398,4.627803
4638,loot,static_B_2020.02.27_18.39.27.csv,1014,221.2704,55.28,59.71,0.3396,4.057980
4639,redandblack,driving_B_2020.01.16_07.26.43.csv,515,123.3394,0.00,-16.40,0.3395,4.227159
4640,soldier,static_B_2020.02.13_13.57.29.csv,379,146.3977,0.00,-2.15,0.3393,4.189490
4641,longdress,driving_B_2020.01.16_07.26.43.csv,1715,67.1916,0.00,-82.28,0.3392,4.296517
4642,loot,driving_B_2019.12.16_14.23.32.csv,2546,93.4632,0.00,-69.66,0.3390,3.976142
4643,redandblack,static_B_2020.02.27_18.39.27.csv,5574,248.6851,100.00,76.16,0.3389,3.955714
4644,soldier,driving_B_2019.12.16_14.23.32.csv,2616,119.1857,61.10,19.77,0.3388,3.915546
4645,longdress,driving_B_2020.02.13_13.03.24.csv,1244,9.4000,0.00,-280.45,0.3386,3.803452
4646,loot,static_B_2019.12.16_13.40.04.csv,1175,108.7688,10.09,-32.22,0.3385,4.137431
4647,redandblack,driving_B_2020.02.13_13.03.24.csv,1064,45.5964,0.00,-182.46,0.3383,3.810350
4648,soldier,driving_B_2019.12.16_11.49.59.csv,176,5.0016,0.00,-183.45,0.3382,3.990384
4649,longdress,driving_B_2020.01.16_09.56.56.csv,946,152.9816,14.22,1.47,0.3381,4.555891
4650,loot,static_B_2020.02.13_13.57.29.csv,619,256.9044,100.00,77.96,0.3379,3.839707
4651,redandblack,static_B_2020.02.27_18.39.27.csv,5514,234.2930,86.05,70.17,0.3378,4.075861
4652,soldier,static_B_2020.02.27_18.39.27.csv,894,184.4558,61.53,37.87,0.3376,4.232663
4653,longdress,driving_B_2020.02.13_15.02.01.csv,486,65.5411,8.89,-13.37,0.3375,4.245273
4654,loot,driving_B_2020.02.13_15.02.01.csv,2166,208.7795,78.56,53.75,0.3373,4.263458
4655,redandblack,static_B_2020.02.27_18.39.27.csv,2874,216.4350,84.02,61.83,0.3372,4.034766
4656,soldier,driving_B_2020.02.13_15.02.01.csv,2346,-59.1158,0.00,-455.75,0.3371,4.194244
4657,longdress,static_B_2020.02.27_18.39.27.csv,3054,175.8823,46.06,28.76,0.3369,3.991037
4658,loot,driving_B_2019.12.16_14.23.32.csv,626,215.9270,75.25,56.57,0.3368,3.616053
4659,redandblack,driving_B_2020.02.27_17.30.15.csv,720,-41.7455,0.00,-636.25,0.3366,4.314751
4660,soldier,driving_B_2020.02.14_12.58.17.csv,394,2.5805,0.00,-665.47,0.3365,3.992958
4661,longdress,static_B_2020.02.27_18.39.27.csv,1554,202.3881,86.07,53.98,0.3363,4.274143
4662,loot,driving_B_2020.01.16_07.26.43.csv,1770,84.9080,0.00,-25.49,0.3362,4.185310
4663,redandblack,driving_B_2020.02.13_15.02.01.csv,1566,-26.3560,0.00,-488.00,0.3361,4.007325
4664,soldier,driving_B_2019.12.16_11.49.59.csv,277,1.0069,0.00,-155.74,0.3359,4.354228
4665,longdress,driving_B_2019.12.16_12.27.05.csv,28,58.2079,0.00,-26.32,0.3358,4.175770
4666,loot,driving_B_2019.12.17_07.32.39.csv,1078,169.3796,64.25,36.78,0.3356,4.414662
4667,redandblack,driving_B_2020.02.14_07.29.00.csv,878,187.5574,84.87,48.86,0.3355,4.246954
4668,soldier,driving_B_2020.02.13_15.02.01.csv,2286,28.4820,0.00,-113.11,0.3353,3.975406
4669,longdress,static_B_2020.02.13_13.57.29.csv,1399,228.8123,100.00,66.41,0.3352,4.113593
4670,loot,static_B_2020.02.27_18.39.27.csv,5742,237.1686,72.00,70.50,0.3351,3.876667
4671,redandblack,driving_B_2020.02.13_13.03.24.csv,164,44.9182,0.00,-38.12,0.3349,4.284037
4672,soldier,driving_B_2019.12.16_11.49.59.csv,236,15.0359,0.00,-92.54,0.3348,3.990938
4673,longdress,driving_B_2019.12.17_07.32.39.csv,718,95.8330,40.25,3.45,0.3346,4.181131
4674,loot,static_B_2020.02.13_13.57.29.csv,1639,150.9837,55.33,30.95,0.3345,4.140861
4675,redandblack,static_B_2020.02.13_13.57.29.csv,1339,224.7272,86.12,65.47,0.3343,4.187358
4676,soldier,static_B_2020.02.13_13.57.29.csv,2359,107.1516,0.21,2.40,0.3342,3.969538
4677,longdress,driving_B_2020.02.27_17.30.15.csv,494,-38.0818,0.00,-171.99,0.3341,3.890600
4678,loot,static_B_2019.12.16_13.40.04.csv,1655,215.0643,76.98,59.46,0.3339,3.943710
4679,redandblack,driving_B_2020.02.13_15.02.01.csv,2106,182.2912,81.55,43.03,0.3338,3.948537
4680,soldier,static_B_2020.02.27_18.39.27.csv,2034,183.3607,42.00,50.82,0.3336,3.913458
4681,longdress,driving_B_2020.02.14_09.38.22.csv,143,35.3779,0.00,-64.49,0.3335,4.149688
4682,loot,driving_B_2019.12.16_14.23.32.csv,2486,155.3024,0.00,44.20,0.3334,4.450485
4683,redandblack,static_B_2020.02.14_13.21.26.csv,768,205.5755,50.00,60.11,0.3332,4.066117
4684,soldier,driving_B_2020.02.13_15.02.01.csv,2586,221.3308,70.93,54.95,0.3331,4.101394
4685,longdress,driving_B_2019.12.16_12.27.05.csv,1108,108.2690,0.00,-18.18,0.3329,4.056023
4686,loot,driving_B_2019.12.16_14.23.32.csv,1826,21.0219,0.00,-83.18,0.3328,4.256703
4687,redandblack,static_B_2019.12.16_13.40.04.csv,1775,234.0750,100.00,66.25,0.3326,4.217057
4688,soldier,driving_B_2019.12.16_14.23.32.csv,1286,209.4918,80.76,56.02,0.3325,4.182394
4689,longdress,driving_B_2020.02.13_13.03.24.csv,824,49.5016,52.42,-15.76,0.3324,3.649160
4690,loot,driving_B_2020.02.14_09.38.22.csv,323,-11.2225,0.00,-98.19,0.3322,4.496190
4691,redandblack,driving_B_2020.02.14_07.29.00.csv,398,137.5236,52.08,19.78,0.3321,4.201585
4692,soldier,static_B_2020.02.27_18.39.27.csv,1434,201.5274,55.98,41.31,0.3319,4.323233
4693,longdress,driving_B_2020.02.13_13.03.24.csv,644,17.0768,0.00,-60.10,0.3318,4.031801
4694,loot,driving_B_2019.12.16_14.23.32.csv,1226,219.5605,42.00,65.63,0.3316,3.594358
4695,redandblack,driving_B_2019.12.16_14.23.32.csv,2366,205.9547,100.00,57.82,0.3315,4.322186
4696,soldier,static_B_2020.02.27_18.39.27.csv,3834,159.5954,40.03,33.38,0.3314,4.180459
4697,longdress,driving_B_2020.01.16_07.26.43.csv,395,1.0885,0.00,-119.10,0.3312,4.108148
4698,loot,driving_B_2020.02.27_17.30.15.csv,554,8.7221,0.00,-76.84,0.3311,4.020657
4699,redandblack,driving_B_2020.02.14_07.29.00.csv,1778,261.7959,100.00,82.27,0.3309,4.319197
4700,soldier,static_B_2020.02.27_18.39.27.csv,714,143.8673,0.00,16.75,0.3308,4.036468
4701,longdress,static_B_2020.02.13_13.57.29.csv,19,197.1062,85.58,54.25,0.3306,3.888048
4702,loot,driving_B_2020.02.14_07.29.00.csv,1058,142.0172,86.38,32.33,0.3305,4.277223
4703,redandblack,driving_B_2019.12.16_12.27.05.csv,1152,152.8985,44.35,23.90,0.3304,3.830980
4704,soldier,driving_B_2020.02.14_09.38.22.csv,743,57.3519,0.00,-54.05,0.3302,3.739374
4705,longdress,driving_B_2020.01.16_09.56.56.csv,706,228.8500,78.22,64.89,0.3301,4.370111
4706,loot,driving_B_2020.01.16_09.56.56.csv,46,142.5435,32.39,18.39,0.3299,4.145663
4707,redandblack,static_B_2020.02.27_18.39.27.csv,5094,170.8239,28.00,47.61,0.3298,3.768276
4708,soldier,driving_B_2020.02.14_07.29.00.csv,638,87.1511,0.00,-19.49,0.3297,4.030203
4709,longdress,static_B_2020.02.27_18.39.27.csv,4614,175.2134,15.16,38.15,0.3295,4.449527
4710,loot,static_B_2019.12.16_13.40.04.csv,275,191.5948,83.75,46.16,0.3294,4.148360
4711,redandblack,driving_B_2020.02.13_13.03.24.csv,1724,207.6053,82.56,55.98,0.3292,3.754798
4712,soldier,driving_B_2020.02.13_15.02.01.csv,1386,5.3483,0.00,-67.68,0.3291,4.069338
4713,longdress,driving_B_2019.12.16_12.27.05.csv,448,27.9227,0.00,-68.19,0.3289,4.406142
4714,loot,static_B_2020.02.27_18.39.27.csv,5394,239.1189,88.74,72.93,0.3288,3.873951
4715,redandblack,driving_B_2019.12.16_11.49.59.csv,116,157.3373,65.02,33.47,0.3287,4.193517
4716,soldier,driving_B_2020.02.14_07.29.00.csv,338,221.4493,100.00,62.69,0.3285,4.265537
4717,longdress,static_B_2019.12.16_13.40.04.csv,815,253.7591,100.00,75.42,0.3284,4.332994
4718,loot,driving_B_2019.12.17_07.32.39.csv,1858,136.6261,0.00,-7.10,0.3282,3.825731
4719,redandblack,driving_B_2020.02.13_13.03.24.csv,404,74.7269,19.73,-3.30,0.3281,4.658409
4720,soldier,driving_B_2020.02.13_13.03.24.csv,524,36.8590,0.00,-61.10,0.3279,3.696385
4721,longdress,static_B_2020.02.13_13.57.29.csv,739,182.6655,67.07,42.10,0.3278,4.238526
4722,loot,driving_B_2020.02.14_09.38.22.csv,503,182.7941,77.66,46.65,0.3277,4.137310
4723,redandblack,static_B_2020.02.13_13.57.29.csv,2599,210.1697,100.00,60.30,0.3275,4.236560
4724,soldier,driving_B_2019.12.16_14.23.32.csv,1586,113.4349,18.12,3.75,0.3274,3.983272
4725,longdress,static_B_2019.12.16_13.40.04.csv,1055,170.4445,47.84,20.22,0.3272,4.144905
4726,loot,driving_B_2020.01.16_09.56.56.csv,466,145.1109,31.34,5.57,0.3271,4.162559
4727,redandblack,driving_B_2020.02.13_13.03.24.csv,1664,173.0268,44.98,7.91,0.3269,4.189564
4728,soldier,static_B_2020.02.13_13.57.29.csv,1939,253.2921,98.00,76.89,0.3268,3.953891
4729,longdress,driving_B_2020.02.14_07.29.00.csv,818,92.6853,0.00,-23.47,0.3267,4.153583
4730,loot,static_B_2020.02.27_18.39.27.csv,774,222.1884,62.00,67.35,0.3265,4.195608
4731,redandblack,driving_B_2020.01.16_07.26.43.csv,1770,44.8848,0.00,-64.72,0.3264,4.307349
4732,soldier,driving_B_2020.01.16_07.26.43.csv,455,-28.5643,0.00,-111.97,0.3262,3.861023
4733,longdress,static_B_2020.02.27_18.39.27.csv,5214,55.1330,0.00,-36.51,0.3261,4.021796
4734,loot,driving_B_2020.01.16_09.56.56.csv,106,60.2167,0.00,-71.06,0.3259,4.201515
4735,redandblack,driving_B_2019.12.16_12.27.05.csv,1152,150.5580,26.07,14.66,0.3258,4.425725
4736,soldier,driving_B_2020.01.16_07.26.43.csv,335,-24.2413,0.00,-117.24,0.3257,3.988294
4737,longdress,driving_B_2019.12.16_12.27.05.csv,148,64.1205,0.00,-30.09,0.3255,3.957078
4738,loot,static_B_2020.02.13_13.57.29.csv,2659,232.4850,80.00,70.49,0.3254,3.984243
4739,redandblack,driving_B_2020.01.16_07.26.43.csv,155,89.6122,0.00,-177.83,0.3252,4.166813
4740,soldier,driving_B_2019.12.17_07.32.39.csv,838,37.5545,0.00,-67.37,0.3251,4.347347
4741,longdress,static_B_2020.02.13_13.57.29.csv,2945,211.0935,73.55,55.35,0.3250,4.155482
4742,loot,static_B_2020.02.27_18.39.27.csv,3414,222.6834,100.00,63.37,0.3248,4.024993
4743,redandblack,static_B_2019.12.16_13.40.04.csv,1235,242.5497,80.35,68.47,0.3247,3.876269
4744,soldier,driving_B_2020.02.14_07.29.00.csv,1358,197.2065,43.53,37.70,0.3245,4.195302
4745,longdress,driving_B_2020.02.13_15.02.01.csv,126,232.5375,84.47,61.61,0.3244,4.284042
4746,loot,driving_B_2019.12.16_14.23.32.csv,1766,-16.5164,0.00,-365.21,0.3242,4.419925
4747,redandblack,driving_B_2020.01.16_12.10.03.csv,244,242.2110,100.00,71.43,0.3241,3.946299
4748,soldier,driving_B_2020.02.13_15.02.01.csv,2754,42.9280,0.00,-104.95,0.3240,3.924282
4749,longdress,static_B_2019.12.16_13.40.04.csv,1835,193.7550,61.39,40.76,0.3238,4.289993
4750,loot,driving_B_2020.01.16_09.56.56.csv,646,158.6518,21.91,27.29,0.3237,3.799603
4751,redandblack,static_B_2020.02.27_18.39.27.csv,5274,188.7887,26.00,55.14,0.3235,4.256135
4752,soldier,driving_B_2020.02.13_13.03.24.csv,764,12.8342,0.00,-240.42,0.3234,4.191811
4753,longdress,static_B_2020.02.27_18.39.27.csv,1974,281.9230,98.00,89.42,0.3232,4.394359
4754,loot,driving_B_2020.02.14_12.58.17.csv,800,21.1482,0.00,-208.34,0.3231,4.023131
4755,redandblack,driving_B_2019.12.16_11.49.59.csv,56,99.4107,0.00,-19.22,0.3230,4.274291
4756,soldier,static_B_2020.02.13_13.57.29.csv,859,49.7419,0.00,-62.79,0.3228,4.453667
4757,longdress,driving_B_2020.01.16_07.26.43.csv,1415,20.1681,0.00,-236.28,0.3227,4.712969
4758,loot,static_B_2020.02.27_18.39.27.csv,4674,162.2305,0.00,-172.55,0.3225,4.208281
4759,redandblack,driving_B_2020.02.13_15.02.01.csv,1266,144.6222,12.39,10.64,0.3224,3.776540
4760,soldier,static_B_2020.02.27_18.39.27.csv,2754,226.4650,62.00,66.94,0.3222,3.825924
4761,longdress,static_B_2020.02.13_13.57.29.csv,559,234.6122,84.41,71.61,0.3221,4.571488
4762,loot,driving_B_2020.02.14_07.29.00.csv,1658,251.5574,100.00,74.10,0.3220,4.272555
4763,redandblack,driving_B_2020.01.16_07.26.43.csv,995,76.7679,0.00,-72.26,0.3218,4.160390
4764,soldier,driving_B_2019.12.17_07.32.39.csv,2288,175.6677,49.46,33.83,0.3217,4.093315
4765,longdress,static_B_2020.02.14_13.21.26.csv,850,209.2612,67.86,47.74,0.3215,4.287892
4766,loot,static_B_2020.02.27_18.39.27.csv,3534,240.6456,100.00,70.06,0.3214,4.694799
4767,redandblack,static_B_2020.02.27_18.39.27.csv,2334,78.9109,0.00,-361.09,0.3212,3.914088
4768,soldier,static_B_2020.02.13_13.57.29.csv,439,102.5081,0.00,-36.42,0.3211,3.936980
4769,longdress,static_B_2020.02.13_13.57.29.csv,979,30.3421,0.00,-258.91,0.3210,4.143153
4770,loot,static_B_2020.02.13_13.57.29.csv,199,172.7699,31.57,33.11,0.3208,4.096032
4771,redandblack,driving_B_2020.02.13_15.02.01.csv,1746,179.8802,0.00,51.89,0.3207,4.218608
4772,soldier,driving_B_2020.02.14_09.38.22.csv,1103,-5.3843,0.00,-168.76,0.3205,4.305168
4773,longdress,driving_B_2019.12.16_14.23.32.csv,326,245.4962,100.00,75.21,0.3204,3.890111
4774,loot,driving_B_2020.02.13_15.02.01.csv,966,80.9771,0.00,-106.53,0.3203,4.561870
4775,redandblack,static_B_2020.02.27_18.39.27.csv,3774,246.0218,100.00,74.86,0.3201,3.950900
4776,soldier,static_B_2020.02.13_13.57.29.csv,259,222.1224,87.34,63.49,0.3200,4.144404
4777,longdress,static_B_2020.02.14_13.21.26.csv,108,212.5958,100.00,63.85,0.3198,4.110326
4778,loot,driving_B_2020.02.14_07.29.00.csv,1238,255.5591,100.00,75.37,0.3197,3.619724
4779,redandblack,driving_B_2019.12.16_14.23.32.csv,746,219.8542,82.01,57.89,0.3195,4.520843
4780,soldier,driving_B_2020.02.14_09.38.22.csv,563,242.0166,80.38,71.38,0.3194,4.103147
4781,longdress,driving_B_2020.02.13_15.02.01.csv,1086,114.6457,0.00,-24.47,0.3193,3.874322
4782,loot,static_B_2020.02.14_13.21.26.csv,648,154.9472,0.00,41.16,0.3191,3.970481
4783,redandblack,driving_B_2019.12.17_07.32.39.csv,1318,235.0067,62.00,70.75,0.3190,4.240668
4784,soldier,static_B_2020.02.27_18.39.27.csv,3894,204.8536,48.00,58.06,0.3188,4.073209
4785,longdress,driving_B_2020.02.14_07.29.00.csv,998,80.8795,0.00,-192.26,0.3187,4.005677
4786,loot,static_B_2020.02.13_13.57.29.csv,1459,175.2640,18.02,30.24,0.3185,4.181295
4787,redandblack,static_B_2020.02.27_18.39.27.csv,294,108.0823,5.15,-3.91,0.3184,3.900074
4788,soldier,static_B_2020.02.27_18.39.27.csv,1674,182.3091,50.91,34.30,0.3183,4.124754
4789,longdress,driving_B_2020.02.27_17.30.15.csv,14,-6.9273,0.00,-104.72,0.3181,4.199465
4790,loot,driving_B_2020.02.14_07.29.00.csv,1478,175.3720,39.15,33.67,0.3180,3.867152
4791,redandblack,static_B_2020.02.13_13.57.29.csv,1039,99.5128,0.00,-33.67,0.3178,4.190815
4792,soldier,static_B_2020.02.27_18.39.27.csv,2094,213.4739,60.88,49.56,0.3177,4.197794
4793,longdress,driving_B_2019.12.16_12.27.05.csv,688,151.4605,0.00,-27.68,0.3175,4.423240
4794,loot,driving_B_2020.02.14_12.58.17.csv,574,95.9330,0.00,-55.72,0.3174,4.616369
4795,redandblack,driving_B_2020.02.13_15.02.01.csv,2466,48.9337,0.00,-268.27,0.3173,4.061183
4796,soldier,static_B_2020.02.27_18.39.27.csv,1914,200.9197,76.00,55.48,0.3171,4.627156
4797,longdress,static_B_2020.02.27_18.39.27.csv,4434,192.7029,59.04,41.23,0.3170,4.021381
4798,loot,driving_B_2020.02.13_13.03.24.csv,2084,-10.4523,0.00,-629.69,0.3168,4.363396
4799,redandblack,static_B_2019.12.16_13.40.04.csv,215,192.4602,27.96,33.04,0.3167,4.087664
4800,soldier,driving_B_2020.02.14_07.29.00.csv,518,30.0497,0.00,-141.36,0.3166,4.345832
4801,longdress,driving_B_2020.02.13_15.02.01.csv,786,178.6602,17.34,13.82,0.3164,4.959093
4802,loot,driving_B_2020.01.16_07.26.43.csv,275,157.3641,0.00,-20.57,0.3163,4.235674
4803,redandblack,static_B_2020.02.27_18.39.27.csv,2694,225.7511,66.26,63.06,0.3161,4.198290
4804,soldier,driving_B_2019.12.16_14.23.32.csv,1466,191.8931,43.00,42.55,0.3160,4.374379
4805,longdress,driving_B_2020.02.14_07.29.00.csv,1898,-39.1709,0.00,-666.90,0.3158,4.141266
4806,loot,driving_B_2019.12.16_14.23.32.csv,386,196.9011,14.00,58.57,0.3157,4.033376
4807,redandblack,driving_B_2020.02.13_13.03.24.csv,104,56.4783,0.00,-120.23,0.3156,3.966263
4808,soldier,driving_B_2020.02.14_07.29.00.csv,578,62.0427,0.00,-55.27,0.3154,4.224701
4809,longdress,driving_B_2019.12.17_07.32.39.csv,358,226.8138,77.93,54.22,0.3153,4.334146
4810,loot,driving_B_2020.02.14_07.29.00.csv,1538,9.7276,0.00,-189.71,0.3151,4.243680
4811,redandblack,driving_B_2019.12.16_14.23.32.csv,1046,96.2132,0.00,-204.48,0.3150,4.125268
4812,soldier,static_B_2020.02.27_18.39.27.csv,5154,245.2168,100.00,72.04,0.3148,4.047810
4813,longdress,driving_B_2020.02.14_12.58.17.csv,154,-2.2558,0.00,-1036.60,0.3147,3.627115
4814,loot,static_B_2020.02.13_13.57.29.csv,2479,187.8593,75.25,28.49,0.3146,4.215119
4815,redandblack,static_B_2019.12.16_13.40.04.csv,335,99.1370,0.00,-41.37,0.3144,4.377221
4816,soldier,driving_B_2020.02.13_13.03.24.csv,1784,-180.1232,0.00,-697.25,0.3143,3.954675
4817,longdress,driving_B_2020.01.16_09.56.56.csv,1126,91.8073,0.00,-64.27,0.3141,4.109639
4818,loot,static_B_2019.12.16_13.40.04.csv,1115,86.4936,0.00,-489.14,0.3140,3.895729
4819,redandblack,driving_B_2020.01.16_07.26.43.csv,755,185.2592,9.58,36.76,0.3138,4.283688
4820,soldier,driving_B_2019.12.16_12.27.05.csv,628,29.9981,0.00,-205.09,0.3137,4.469943
4821,longdress,driving_B_2020.02.14_09.38.22.csv,803,188.6231,0.00,-113.05,0.3136,4.601794
4822,loot,driving_B_2020.02.27_17.30.15.csv,614,-5.8182,0.00,-251.49,0.3134,4.119710
4823,redandblack,static_B_2020.02.27_18.39.27.csv,4554,214.9109,85.35,56.92,0.3133,4.197758
4824,soldier,driving_B_2019.12.17_07.32.39.csv,2098,247.9024,80.00,76.14,0.3131,4.097611
4825,longdress,driving_B_2019.12.17_07.32.39.csv,658,42.3710,0.00,-75.35,0.3130,3.875517
4826,loot,driving_B_2019.12.17_07.32.39.csv,478,174.1703,20.18,23.02,0.3128,3.976244
4827,redandblack,static_B_2020.02.13_13.57.29.csv,2419,134.4121,0.00,-3.20,0.3127,4.214181
4828,soldier,static_B_2019.12.16_13.40.04.csv,95,215.3238,83.07,59.11,0.3126,4.137882
4829,longdress,driving_B_2019.12.16_14.23.32.csv,1646,239.3191,100.00,71.04,0.3124,3.915455
4830,loot,driving_B_2020.02.13_15.02.01.csv,1866,111.9334,0.00,-26.90,0.3123,3.867885
4831,redandblack,driving_B_2020.02.14_09.38.22.csv,1478,75.6422,0.00,-80.06,0.3121,3.964485
4832,soldier,driving_B_2020.02.13_13.03.24.csv,2188,-102.1439,0.00,-1068.54,0.3120,4.692404
4833,longdress,driving_B_2020.02.27_17.30.15.csv,314,-47.9208,0.00,-712.65,0.3119,4.375397
4834,loot,driving_B_2020.01.16_12.10.03.csv,10,241.4906,76.10,67.05,0.3117,4.160797
4835,redandblack,static_B_2020.02.13_13.57.29.csv,1279,218.6641,74.52,55.10,0.3116,4.294948
4836,soldier,driving_B_2020.02.14_07.29.00.csv,1118,73.8987,0.00,-155.15,0.3114,4.066989
4837,longdress,driving_B_2020.02.13_15.02.01.csv,2706,67.3989,0.00,-39.22,0.3113,4.296656
4838,loot,driving_B_2020.02.13_13.03.24.csv,1184,70.1645,0.00,-70.50,0.3111,4.505299
4839,redandblack,driving_B_2020.02.13_15.02.01.csv,1506,-10.5683,0.00,-132.30,0.3110,4.285161
4840,soldier,static_B_2020.02.14_13.21.26.csv,288,257.1659,100.00,77.59,0.3109,3.803177
4841,longdress,static_B_2020.02.13_13.57.29.csv,2119,135.5152,0.00,10.11,0.3107,4.633400
4842,loot,driving_B_2019.12.16_14.23.32.csv,2006,177.0413,24.00,49.01,0.3106,4.549658
4843,redandblack,static_B_2020.02.27_18.39.27.csv,2274,218.9872,76.60,57.38,0.3104,4.176366
4844,soldier,driving_B_2020.02.13_15.02.01.csv,306,209.2245,83.30,59.92,0.3103,3.941748
4845,longdress,driving_B_2020.02.14_09.38.22.csv,263,9.1964,0.00,-419.89,0.3101,4.083093
4846,loot,static_B_2020.02.27_18.39.27.csv,2394,157.5622,14.00,20.99,0.3100,4.111665
4847,redandblack,static_B_2020.02.27_18.39.27.csv,654,251.9947,100.00,76.50,0.3099,4.346453
4848,soldier,driving_B_2020.02.14_09.38.22.csv,623,162.0298,43.87,28.22,0.3097,4.265881
4849,longdress,static_B_2020.02.27_18.39.27.csv,1854,170.0934,46.96,10.23,0.3096,4.477872
4850,loot,driving_B_2019.12.16_12.27.05.csv,508,31.1659,0.00,-211.13,0.3094,4.489458
4851,redandblack,driving_B_2019.12.17_07.32.39.csv,2218,209.8752,77.87,53.20,0.3093,4.312780
4852,soldier,static_B_2020.02.27_18.39.27.csv,54,255.4137,100.00,77.91,0.3091,4.117397
4853,longdress,static_B_2019.12.16_13.40.04.csv,395,228.6892,82.27,60.21,0.3090,4.349409
4854,loot,driving_B_2020.02.13_15.02.01.csv,2526,128.3443,0.00,-22.00,0.3089,4.333213
4855,redandblack,driving_B_2020.02.13_15.02.01.csv,6,236.0837,82.44,68.12,0.3087,3.896738
4856,soldier,driving_B_2020.02.13_13.03.24.csv,1424,32.4672,0.00,-24.89,0.3086,3.965533
4857,longdress,static_B_2020.02.13_13.57.29.csv,2179,151.8662,14.69,18.58,0.3084,4.507784
4858,loot,static_B_2020.02.13_13.57.29.csv,1579,188.3828,38.23,42.83,0.3083,4.299414
4859,redandblack,driving_B_2020.02.14_09.38.22.csv,23,45.4729,0.00,-74.39,0.3081,4.248084
4860,soldier,driving_B_2020.01.16_09.56.56.csv,1006,268.6148,100.00,82.36,0.3080,4.210816
4861,longdress,static_B_2020.02.27_18.39.27.csv,1074,104.7613,0.00,-38.67,0.3079,4.213915
4862,loot,driving_B_2019.12.16_14.23.32.csv,926,51.9413,0.00,-125.28,0.3077,4.069926
4863,redandblack,driving_B_2019.12.16_14.23.32.csv,1886,41.3637,0.00,-197.51,0.3076,4.316456
4864,soldier,driving_B_2019.12.16_14.23.32.csv,86,185.5772,39.79,35.85,0.3074,4.027356
4865,longdress,static_B_2020.02.27_18.39.27.csv,2814,221.0759,98.00,61.56,0.3073,4.192155
4866,loot,driving_B_2020.02.13_13.03.24.csv,704,68.4925,0.00,-144.99,0.3072,4.243317
4867,redandblack,driving_B_2020.02.14_07.29.00.csv,158,146.0837,0.00,2.01,0.3070,4.309980
4868,soldier,driving_B_2019.12.17_07.32.39.csv,1978,175.0088,24.35,35.02,0.3069,4.206866
4869,longdress,static_B_2020.02.27_18.39.27.csv,3954,193.6794,38.28,55.71,0.3067,3.902549
4870,loot,driving_B_2020.02.14_12.58.17.csv,754,-6.3040,0.00,-342.18,0.3066,3.826713
4871,redandblack,driving_B_2020.02.27_17.30.15.csv,74,21.6539,0.00,-410.51,0.3064,3.944257
4872,soldier,driving_B_2020.02.14_09.38.22.csv,1163,-6.1921,0.00,-280.22,0.3063,4.312907
4873,longdress,driving_B_2020.01.16_07.26.43.csv,1655,21.1586,0.00,-140.07,0.3062,4.108638
4874,loot,driving_B_2020.02.14_09.38.22.csv,83,18.4519,0.00,-181.19,0.3060,4.052080
4875,redandblack,static_B_2020.02.13_13.57.29.csv,2719,250.9300,100.00,76.69,0.3059,4.372123
4876,soldier,static_B_2020.02.27_18.39.27.csv,5634,241.2512,100.00,71.13,0.3057,4.211825
4877,longdress,driving_B_2020.02.14_07.29.00.csv,1970,3.6899,0.00,-206.24,0.3056,4.019298
4878,loot,driving_B_2020.02.13_15.02.01.csv,546,118.7554,0.00,-15.32,0.3054,4.303336
4879,redandblack,driving_B_2019.12.16_12.27.05.csv,988,203.5778,56.00,59.97,0.3053,4.386320
4880,soldier,driving_B_2020.02.13_15.02.01.csv,1026,212.0212,10.00,64.53,0.3052,4.715881
4881,longdress,driving_B_2019.12.17_07.32.39.csv,2038,93.8113,0.00,-43.00,0.3050,3.960990
4882,loot,static_B_2020.02.27_18.39.27.csv,3354,245.2983,100.00,74.78,0.3049,4.391600
4883,redandblack,static_B_2020.02.27_18.39.27.csv,174,208.9323,30.00,61.99,0.3047,4.293036
4884,soldier,driving_B_2020.01.16_07.26.43.csv,35,58.9575,0.00,-79.85,0.3046,4.504956
4885,longdress,static_B_2020.02.27_18.39.27.csv,5034,145.7516,0.00,7.12,0.3044,4.270917
4886,loot,static_B_2020.02.14_13.21.26.csv,228,185.0499,12.00,53.77,0.3043,4.030476
4887,redandblack,driving_B_2020.02.14_09.38.22.csv,1043,119.9378,0.00,-7.45,0.3042,4.000476
4888,soldier,driving_B_2019.12.16_14.23.32.csv,506,244.3205,88.68,72.66,0.3040,4.109940
4889,longdress,driving_B_2020.02.13_13.03.24.csv,584,34.2484,0.00,-102.28,0.3039,4.122994
4890,loot,static_B_2020.02.13_13.57.29.csv,2539,180.4250,13.63,38.85,0.3037,4.128286
4891,redandblack,driving_B_2020.01.16_07.26.43.csv,1175,98.3471,0.00,-59.83,0.3036,4.651179
4892,soldier,driving_B_2020.02.14_07.29.00.csv,278,189.6762,0.00,-1.75,0.3035,4.199049
4893,longdress,static_B_2020.02.27_18.39.27.csv,4134,250.9833,100.00,76.15,0.3033,4.357668
4894,loot,driving_B_2020.01.16_07.26.43.csv,95,72.5920,0.00,-60.08,0.3032,4.141794
4895,redandblack,driving_B_2019.12.16_14.23.32.csv,1946,192.3396,16.13,12.70,0.3030,3.894222
4896,soldier,driving_B_2020.01.16_09.56.56.csv,766,149.7626,0.00,-14.18,0.3029,4.032812
4897,longdress,driving_B_2020.01.16_07.26.43.csv,695,104.0298,0.00,-61.81,0.3027,4.720885
4898,loot,static_B_2020.02.27_18.39.27.csv,1374,218.8909,50.00,64.79,0.3026,4.274533
4899,redandblack,static_B_2020.02.27_18.39.27.csv,474,238.3538,100.00,64.02,0.3025,4.246951
4900,soldier,static_B_2020.02.13_13.57.29.csv,2839,145.7814,0.00,7.61,0.3023,4.301885
4901,longdress,driving_B_2019.12.16_14.23.32.csv,2606,97.2906,14.76,-13.95,0.3022,4.271031
4902,loot,driving_B_2020.02.27_17.30.15.csv,674,28.3316,0.00,-207.90,0.3020,4.266013
4903,redandblack,static_B_2019.12.16_13.40.04.csv,1904,178.0832,0.00,-56.15,0.3019,4.491728
4904,soldier,static_B_2020.02.13_13.57.29.csv,139,228.4242,75.63,63.35,0.3017,4.603123
4905,longdress,static_B_2020.02.13_13.57.29.csv,79,118.1182,0.00,-23.87,0.3016,4.441189
4906,loot,driving_B_2020.01.16_07.26.43.csv,1055,143.6798,0.00,8.72,0.3015,4.372537
4907,redandblack,static_B_2020.02.14_13.21.26.csv,48,231.9816,74.00,68.35,0.3013,4.722227
4908,soldier,driving_B_2020.02.13_13.03.24.csv,2024,-15.1960,0.00,-465.05,0.3012,4.427800
4909,longdress,driving_B_2020.01.16_09.56.56.csv,1570,170.0410,24.15,21.96,0.3010,4.250998
4910,loot,driving_B_2020.02.13_13.03.24.csv,2188,-45.1958,0.00,-226.41,0.3009,4.491095
4911,redandblack,driving_B_2020.02.13_15.02.01.csv,2646,236.8359,96.00,71.34,0.3007,4.349531
4912,soldier,driving_B_2020.02.13_13.03.24.csv,224,82.8744,0.00,-36.39,0.3006,4.061796
4913,longdress,driving_B_2020.01.16_07.26.43.csv,215,104.3731,38.20,5.34,0.3005,4.348092
4914,loot,static_B_2020.02.27_18.39.27.csv,1494,241.8807,84.20,70.40,0.3003,4.173441
4915,redandblack,driving_B_2020.01.16_09.56.56.csv,886,98.2567,0.00,-18.46,0.3002,4.499824
4916,soldier,driving_B_2020.01.16_09.56.56.csv,826,51.0073,0.00,-129.87,0.3000,4.553400
4917,longdress,static_B_2020.02.27_18.39.27.csv,4074,220.2232,84.60,63.28,0.2999,4.480378
4918,loot,static_B_2020.02.27_18.39.27.csv,2514,153.0830,0.00,41.78,0.2997,4.246829
4919,redandblack,static_B_2020.02.13_13.57.29.csv,2059,222.9226,64.00,66.11,0.2996,4.232566
4920,soldier,static_B_2020.02.13_13.57.29.csv,1759,143.8990,0.00,36.83,0.2995,4.348928
4921,longdress,driving_B_2020.01.16_07.26.43.csv,875,16.3010,0.00,-209.64,0.2993,3.893629
4922,loot,driving_B_2020.02.14_12.58.17.csv,800,24.5964,0.00,-200.89,0.2992,3.842925
4923,redandblack,driving_B_2020.01.16_07.26.43.csv,1595,23.7087,0.00,-111.87,0.2990,4.082332
4924,soldier,driving_B_2020.02.14_09.38.22.csv,983,68.7517,0.00,-123.19,0.2989,4.034710
4925,longdress,static_B_2020.02.27_18.39.27.csv,114,226.5469,100.00,64.97,0.2988,4.619245
4926,loot,driving_B_2020.02.13_15.02.01.csv,2046,106.0913,0.00,-112.41,0.2986,4.367942
4927,redandblack,static_B_2020.02.14_13.21.26.csv,348,235.9212,85.36,67.60,0.2985,4.221248
4928,soldier,driving_B_2020.02.14_12.58.17.csv,94,87.6930,0.00,-112.31,0.2983,4.073133
4929,longdress,driving_B_2020.02.13_15.02.01.csv,66,209.6753,76.67,49.62,0.2982,3.841335
4930,loot,static_B_2020.02.27_18.39.27.csv,4794,263.2375,100.00,81.80,0.2980,4.269372
4931,redandblack,driving_B_2019.12.16_12.27.05.csv,328,127.7593,19.56,-10.90,0.2979,4.126283
4932,soldier,driving_B_2020.01.16_09.56.56.csv,406,94.6227,0.00,-22.55,0.2978,4.089808
4933,longdress,driving_B_2020.02.14_09.38.22.csv,863,211.7202,36.00,62.84,0.2976,4.190659
4934,loot,driving_B_2020.02.13_15.02.01.csv,846,128.0498,3.48,3.95,0.2975,4.715150
4935,redandblack,driving_B_2020.02.13_15.02.01.csv,1206,213.9496,42.64,56.26,0.2973,4.339205
4936,soldier,driving_B_2020.01.16_07.26.43.csv,1295,154.4223,0.00,7.28,0.2972,3.834145
4937,longdress,driving_B_2019.12.16_14.23.32.csv,866,124.7521,0.00,-34.52,0.2970,4.408184
4938,loot,static_B_2020.02.14_13.21.26.csv,828,241.7775,76.00,73.03,0.2969,4.800630
4939,redandblack,driving_B_2020.01.16_07.26.43.csv,935,51.8271,0.00,-143.24,0.2968,4.344708
4940,soldier,driving_B_2020.02.14_09.38.22.csv,1403,36.7702,0.00,-96.19,0.2966,4.492562
4941,longdress,driving_B_2019.12.17_07.32.39.csv,1918,147.6521,54.50,27.57,0.2965,4.447297
4942,loot,driving_B_2020.02.13_13.03.24.csv,1964,-5.9780,0.00,-262.79,0.2963,4.124829
4943,redandblack,driving_B_2020.02.13_15.02.01.csv,1686,141.6918,4.37,6.51,0.2962,3.905206
4944,soldier,driving_B_2020.02.13_13.03.24.csv,2144,-37.1060,0.00,-410.60,0.2960,4.364723
4945,longdress,driving_B_2020.02.14_12.58.17.csv,454,-9.9789,0.00,-326.87,0.2959,4.400644
4946,loot,static_B_2020.02.13_13.57.29.csv,1099,187.5457,2.81,31.99,0.2958,4.177103
4947,redandblack,static_B_2020.02.13_13.57.29.csv,1159,151.2509,31.58,32.96,0.2956,4.089710
4948,soldier,static_B_2019.12.16_13.40.04.csv,575,200.5198,51.58,38.81,0.2955,4.395988
4949,longdress,static_B_2020.02.13_13.57.29.csv,799,132.8476,0.00,17.24,0.2953,4.078806
4950,loot,static_B_2020.02.13_13.57.29.csv,2299,229.3105,83.10,64.81,0.2952,4.084870
4951,redandblack,driving_B_2019.12.16_14.23.32.csv,566,200.8769,40.98,38.48,0.2951,3.982445
4952,soldier,static_B_2020.02.27_18.39.27.csv,4314,190.2629,21.28,36.15,0.2949,4.599565
4953,longdress,driving_B_2020.02.13_13.03.24.csv,1364,68.9997,0.00,-84.09,0.2948,4.208641
4954,loot,driving_B_2020.02.14_09.38.22.csv,203,43.3029,0.00,-56.25,0.2946,4.401533
4955,redandblack,driving_B_2020.01.16_09.56.56.csv,586,235.0854,100.00,70.30,0.2945,4.150640
4956,soldier,driving_B_2020.02.13_15.02.01.csv,2754,46.0779,0.00,-129.85,0.2943,4.475641
4957,longdress,static_B_2020.02.27_18.39.27.csv,5454,190.6993,100.00,47.69,0.2942,4.978296
4958,loot,driving_B_2020.02.13_15.02.01.csv,1326,26.0228,0.00,-245.03,0.2941,4.652450
4959,redandblack,driving_B_2019.12.16_14.23.32.csv,1706,-1.2006,0.00,-362.51,0.2939,4.328632
4960,soldier,driving_B_2020.01.16_07.26.43.csv,1115,106.2134,0.00,-26.33,0.2938,3.943623
4961,longdress,driving_B_2020.02.13_15.02.01.csv,2406,25.8416,0.00,-390.41,0.2936,3.867780
4962,loot,driving_B_2020.01.16_09.56.56.csv,1546,257.4561,100.00,78.99,0.2935,4.111925
4963,redandblack,driving_B_2020.01.16_09.56.56.csv,346,116.4313,0.00,-58.95,0.2933,4.059375
4964,soldier,static_B_2020.02.27_18.39.27.csv,2574,181.5473,20.26,18.97,0.2932,4.296982
4965,longdress,driving_B_2020.02.14_07.29.00.csv,1298,140.3910,1.65,13.60,0.2931,4.346093
4966,loot,static_B_2020.02.27_18.39.27.csv,1134,150.3054,0.00,1.44,0.2929,4.362551
4967,redandblack,driving_B_2019.12.16_12.27.05.csv,928,155.6643,0.00,9.55,0.2928,4.265620
4968,soldier,driving_B_2020.02.13_15.02.01.csv,366,214.9758,76.00,62.16,0.2926,4.075008
4969,longdress,driving_B_2020.02.14_07.29.00.csv,1178,185.9583,38.59,27.09,0.2925,4.276946
4970,loot,static_B_2020.02.27_18.39.27.csv,4854,228.6187,52.00,68.77,0.2923,4.170432
4971,redandblack,driving_B_2020.01.16_12.10.03.csv,130,235.5450,96.00,72.85,0.2922,4.520947
4972,soldier,driving_B_2020.02.14_07.29.00.csv,1970,7.0474,0.00,-417.73,0.2921,4.416720
4973,longdress,static_B_2020.02.14_13.21.26.csv,408,206.3292,87.60,57.17,0.2919,4.221341
4974,loot,static_B_2020.02.27_18.39.27.csv,5694,230.9274,100.00,67.10,0.2918,4.505238
4975,redandblack,driving_B_2020.02.14_09.38.22.csv,1343,200.5046,58.00,58.18,0.2916,4.156247
4976,soldier,driving_B_2020.02.14_07.29.00.csv,758,77.9258,0.00,-69.11,0.2915,4.606785
4977,longdress,static_B_2020.02.27_18.39.27.csv,954,249.0920,77.89,63.32,0.2913,4.439012
4978,loot,driving_B_2020.02.27_17.30.15.csv,720,-41.5058,0.00,-603.80,0.2912,4.390553
4979,redandblack,static_B_2020.02.27_18.39.27.csv,2994,237.8852,100.00,70.96,0.2911,3.673187
4980,soldier,static_B_2020.02.27_18.39.27.csv,4974,256.5550,100.00,78.40,0.2909,4.259098
4981,longdress,driving_B_2019.12.16_14.23.32.csv,446,135.9239,0.00,33.46,0.2908,4.373822
4982,loot,static_B_2020.02.27_18.39.27.csv,594,203.2705,50.00,42.34,0.2906,4.090360
4983,redandblack,static_B_2020.02.27_18.39.27.csv,4014,169.2920,9.67,17.09,0.2905,4.415860
4984,soldier,driving_B_2019.12.17_07.32.39.csv,1798,36.8756,0.00,-236.71,0.2904,4.245523
4985,longdress,static_B_2020.02.27_18.39.27.csv,2454,261.9484,100.00,80.96,0.2902,4.377412
4986,loot,driving_B_2019.12.16_12.27.05.csv,388,-53.2611,0.00,-315.73,0.2901,4.220326
4987,redandblack,driving_B_2019.12.16_14.23.32.csv,1106,183.3415,57.52,36.48,0.2899,4.429976
4988,soldier,driving_B_2020.02.13_15.02.01.csv,426,261.2802,100.00,77.11,0.2898,4.951638
4989,longdress,driving_B_2020.02.13_15.02.01.csv,1626,47.1370,0.00,-191.61,0.2896,4.381706
4990,loot,driving_B_2020.02.13_15.02.01.csv,906,141.9244,0.00,37.73,0.2895,4.493536
4991,redandblack,static_B_2020.02.14_13.21.26.csv,708,241.6246,100.00,73.04,0.2894,4.322952
4992,soldier,driving_B_2020.02.14_09.38.22.csv,1463,66.9490,0.00,-34.73,0.2892,4.079576
4993,longdress,driving_B_2020.02.14_07.29.00.csv,98,165.8605,0.00,10.56,0.2891,4.556793
4994,loot,driving_B_2020.02.14_07.29.00.csv,1958,-24.6650,0.00,-304.70,0.2889,4.307692
4995,redandblack,static_B_2020.02.27_18.39.27.csv,5334,233.9146,56.00,70.16,0.2888,4.545807
4996,soldier,static_B_2020.02.13_13.57.29.csv,2239,167.8342,42.96,25.88,0.2886,4.487334
4997,longdress,driving_B_2020.01.16_09.56.56.csv,1366,193.4033,42.59,36.62,0.2885,4.761524
4998,loot,driving_B_2020.01.16_09.56.56.csv,1246,186.1911,5.36,11.00,0.2884,4.243609
4999,redandblack,static_B_2020.02.13_13.57.29.csv,1879,219.0336,100.00,61.29,0.2882,4.733596
5000,soldier,static_B_2020.02.14_13.21.26.csv,528,223.1597,48.00,66.55,0.2881,4.309437
5001,longdress,driving_B_2020.02.13_15.02.01.csv,1926,161.9729,9.27,27.72,0.2879,4.546553
5002,loot,driving_B_2019.12.16_14.23.32.csv,2066,179.0095,23.66,18.58,0.2878,4.076836
5003,redandblack,static_B_2020.02.27_18.39.27.csv,1194,151.6051,26.00,13.76,0.2876,4.634956
5004,soldier,driving_B_2020.01.16_07.26.43.csv,635,21.5741,0.00,-252.78,0.2875,4.633452
5005,loot,driving_B_2020.02.13_15.02.01.csv,2115,209.9408,17.68,46.63,0.2874,4.111934
5006,redandblack,driving_B_2020.02.13_15.02.01.csv,2415,61.5219,0.00,-412.33,0.2872,4.272544
5007,soldier,driving_B_2020.02.13_13.03.24.csv,1761,141.5946,0.00,-148.24,0.2871,4.389967
5008,longdress,static_B_2019.12.16_13.40.04.csv,1003,171.2757,56.56,37.52,0.2869,4.573931
5009,loot,static_B_2020.02.13_13.57.29.csv,71,117.2040,0.00,-14.13,0.2868,4.584498
5010,redandblack,driving_B_2020.02.14_07.29.00.csv,1970,-17.4338,0.00,-299.75,0.2866,4.494446
5011,soldier,driving_B_2019.12.16_12.27.05.csv,1024,227.2607,83.16,66.06,0.2865,4.529704
5012,longdress,driving_B_2019.12.17_07.32.39.csv,1067,67.4197,0.00,-108.36,0.2864,3.884758
5013,loot,static_B_2020.02.13_13.57.29.csv,2891,202.8776,36.27,37.04,0.2862,4.388307
5014,redandblack,driving_B_2019.12.17_07.32.39.csv,1787,10.2951,0.00,-204.98,0.2861,4.629466
5015,soldier,static_B_2020.02.27_18.39.27.csv,1473,205.5142,39.57,30.62,0.2859,4.405578
5016,longdress,driving_B_2019.12.16_14.23.32.csv,766,154.5181,25.13,18.41,0.2858,4.357006
5017,loot,driving_B_2020.02.13_15.02.01.csv,2715,29.3694,0.00,-152.28,0.2857,4.560054
5018,redandblack,static_B_2020.02.27_18.39.27.csv,993,246.8518,100.00,71.58,0.2855,4.203476
5019,soldier,static_B_2020.02.27_18.39.27.csv,1233,213.2663,60.00,59.69,0.2854,4.279117
5020,longdress,driving_B_2020.01.16_09.56.56.csv,1313,218.0385,60.92,56.99,0.2852,4.273586
5021,loot,driving_B_2019.12.17_07.32.39.csv,1547,121.0110,0.00,-27.51,0.2851,4.307754
5022,redandblack,static_B_2020.02.14_13.21.26.csv,188,203.9769,100.00,54.75,0.2849,4.384683
5023,soldier,driving_B_2020.02.13_15.02.01.csv,2655,65.0570,0.00,-191.85,0.2848,4.082021
5024,longdress,driving_B_2019.12.16_14.23.32.csv,1246,179.9890,28.00,49.01,0.2847,4.401384
5025,loot,static_B_2020.02.13_13.57.29.csv,251,227.1769,44.00,69.57,0.2845,4.301416
5026,redandblack,driving_B_2020.02.14_07.29.00.csv,17,129.0756,0.00,-23.36,0.2844,4.078495
5027,soldier,static_B_2020.02.27_18.39.27.csv,213,229.1436,100.00,66.83,0.2842,4.698257
5028,longdress,driving_B_2020.02.27_17.30.15.csv,577,-51.0030,0.00,-879.59,0.2841,4.219962
5029,loot,driving_B_2019.12.16_14.23.32.csv,1966,220.8772,38.00,65.09,0.2839,4.258203
5030,redandblack,driving_B_2020.01.16_12.10.03.csv,15,222.9660,64.06,60.63,0.2838,4.389506
5031,soldier,driving_B_2020.02.14_07.29.00.csv,1217,216.7553,65.99,61.01,0.2837,3.836333
5032,longdress,static_B_2020.02.27_18.39.27.csv,5733,226.8847,75.46,60.97,0.2835,4.429241
5033,loot,driving_B_2019.12.17_07.32.39.csv,587,129.8409,0.00,-35.59,0.2834,3.950198
5034,redandblack,driving_B_2020.01.16_09.56.56.csv,1553,245.7476,100.00,74.64,0.2832,4.256353
5035,soldier,driving_B_2020.02.27_17.30.15.csv,337,-32.9338,0.00,-715.92,0.2831,3.984391
5036,longdress,static_B_2020.02.27_18.39.27.csv,4053,189.7422,48.00,51.81,0.2829,4.557197
5037,loot,driving_B_2020.01.16_07.26.43.csv,347,22.0979,0.00,-220.32,0.2828,4.486118
5038,redandblack,driving_B_2020.02.13_13.03.24.csv,1521,45.6975,0.00,-171.81,0.2827,4.385506
5039,soldier,driving_B_2019.12.16_12.27.05.csv,184,34.0352,0.00,-127.13,0.2825,4.296675
5040,longdress,driving_B_2019.12.17_07.32.39.csv,2288,227.8817,59.59,59.89,0.2824,4.666975
5041,loot,driving_B_2020.02.14_12.58.17.csv,622,70.7735,0.00,-72.34,0.2822,4.404209
5042,redandblack,driving_B_2019.12.16_14.23.32.csv,2266,48.2562,0.00,-136.48,0.2821,4.525240
5043,soldier,static_B_2020.02.27_18.39.27.csv,693,237.4484,84.76,71.34,0.2820,4.377025
5044,longdress,driving_B_2019.12.16_12.27.05.csv,844,154.4858,0.00,9.17,0.2818,4.273119
5045,loot,driving_B_2020.02.13_13.03.24.csv,561,51.2530,0.00,-120.74,0.2817,4.240864
5046,redandblack,driving_B_2020.02.14_12.58.17.csv,142,21.1091,0.00,-853.07,0.2815,4.395269
5047,soldier,static_B_2020.02.27_18.39.27.csv,3873,153.1941,0.00,-14.39,0.2814,4.604877
5048,longdress,static_B_2020.02.14_13.21.26.csv,488,219.6901,82.00,64.12,0.2812,3.927133
5049,loot,driving_B_2020.02.14_12.58.17.csv,502,25.4818,0.00,-178.43,0.2811,4.450916
5050,redandblack,static_B_2020.02.27_18.39.27.csv,3153,151.1704,0.00,-321.71,0.2810,4.558314
5051,soldier,driving_B_2020.02.13_13.03.24.csv,21,3.7772,0.00,-156.89,0.2808,4.474827
5052,longdress,static_B_2020.02.13_13.57.29.csv,1931,231.2414,77.71,61.15,0.2807,4.253039
5053,loot,driving_B_2020.02.14_09.38.22.csv,1478,70.4235,0.00,-29.88,0.2805,3.982501
5054,redandblack,static_B_2020.02.13_13.57.29.csv,611,180.0574,36.01,38.19,0.2804,4.376783
5055,soldier,driving_B_2020.02.13_13.03.24.csv,681,7.8672,0.00,-83.60,0.2802,4.323131
5056,longdress,static_B_2020.02.27_18.39.27.csv,633,205.6177,100.00,55.87,0.2801,4.071996
5057,loot,driving_B_2019.12.16_14.23.32.csv,1786,-15.9049,0.00,-307.32,0.2800,4.485951
5058,redandblack,static_B_2020.02.27_18.39.27.csv,1773,90.8951,0.00,-412.99,0.2798,4.106536
5059,soldier,driving_B_2020.02.14_07.29.00.csv,257,107.7837,0.00,-14.68,0.2797,4.333504
5060,longdress,static_B_2020.02.27_18.39.27.csv,5553,227.8456,100.00,67.12,0.2795,4.794988
5061,loot,driving_B_2020.01.16_12.10.03.csv,195,251.4465,100.00,77.23,0.2794,4.387627
5062,redandblack,static_B_2020.02.27_18.39.27.csv,2973,221.0265,85.56,65.29,0.2792,4.773154
5063,soldier,driving_B_2020.01.16_07.26.43.csv,587,50.8072,0.00,-46.60,0.2791,4.813435
5064,longdress,driving_B_2020.02.27_17.30.15.csv,637,-24.3952,0.00,-564.62,0.2790,4.485321
5065,loot,driving_B_2019.12.16_14.23.32.csv,2506,207.9950,50.00,56.34,0.2788,4.035334
5066,redandblack,driving_B_2020.02.13_13.03.24.csv,1041,66.9545,0.00,-82.98,0.2787,4.462168
5067,soldier,driving_B_2019.12.17_07.32.39.csv,527,81.2988,0.00,-112.75,0.2785,4.437648
5068,longdress,driving_B_2019.12.16_14.23.32.csv,706,207.6921,42.00,62.29,0.2784,4.713320
5069,loot,driving_B_2020.02.13_15.02.01.csv,1695,179.1669,41.36,37.00,0.2782,4.192080
5070,redandblack,driving_B_2019.12.16_12.27.05.csv,1152,180.0383,27.36,14.95,0.2781,4.582498
5071,soldier,driving_B_2019.12.16_12.27.05.csv,64,92.5879,0.00,-35.25,0.2780,4.438648
5072,longdress,static_B_2020.02.13_13.57.29.csv,11,195.8811,68.92,49.90,0.2778,4.520905
5073,loot,static_B_2020.02.27_18.39.27.csv,4713,214.6007,86.74,50.82,0.2777,5.047326
5074,redandblack,static_B_2020.02.13_13.57.29.csv,1271,176.8743,33.24,34.87,0.2775,4.553656
5075,soldier,driving_B_2019.12.17_07.32.39.csv,1727,-5.1871,0.00,-200.94,0.2774,4.411919
5076,longdress,driving_B_2019.12.16_12.27.05.csv,544,22.4553,0.00,-394.88,0.2773,4.077374
5077,loot,driving_B_2019.12.16_11.49.59.csv,277,31.7580,0.00,-129.09,0.2771,4.539122
5078,redandblack,driving_B_2020.02.13_13.03.24.csv,1401,92.8063,0.00,-17.67,0.2770,4.574678
5079,soldier,driving_B_2019.12.16_12.27.05.csv,904,215.7154,81.18,60.43,0.2768,4.409839
5080,longdress,static_B_2020.02.13_13.57.29.csv,431,211.8268,44.00,64.24,0.2767,4.206465
5081,loot,driving_B_2020.02.14_07.29.00.csv,497,123.2862,0.00,-20.20,0.2765,4.403095
5082,redandblack,driving_B_2020.02.14_07.29.00.csv,1637,241.2341,82.82,71.39,0.2764,4.381645
5083,soldier,driving_B_2019.12.17_07.32.39.csv,1367,252.5312,98.00,75.95,0.2763,4.403723
5084,longdress,driving_B_2020.01.16_07.26.43.csv,107,65.9616,0.00,-73.46,0.2761,4.404750
5085,loot,driving_B_2020.01.16_07.26.43.csv,827,170.7333,43.74,33.06,0.2760,4.288019
5086,redandblack,driving_B_2020.02.14_09.38.22.csv,1270,175.2956,56.67,39.77,0.2758,4.194913
5087,soldier,driving_B_2020.02.14_09.38.22.csv,1150,9.8427,0.00,-242.62,0.2757,4.187106
5088,longdress,static_B_2020.02.14_13.21.26.csv,308,259.6977,100.00,79.09,0.2755,4.545657
5089,loot,driving_B_2020.02.13_13.03.24.csv,1641,133.3804,0.00,-63.23,0.2754,4.613420
5090,redandblack,driving_B_2020.02.14_07.29.00.csv,737,158.8634,18.74,22.93,0.2753,4.543912
5091,soldier,driving_B_2020.02.13_15.02.01.csv,2754,9.4624,0.00,-152.01,0.2751,4.320596
5092,longdress,driving_B_2019.12.16_14.23.32.csv,1426,139.8421,0.00,-18.57,0.2750,4.105031
5093,loot,static_B_2020.02.13_13.57.29.csv,731,201.2464,65.57,49.29,0.2748,4.137807
5094,redandblack,static_B_2020.02.14_13.21.26.csv,728,274.7290,100.00,87.01,0.2747,4.643207
5095,soldier,driving_B_2020.02.13_13.03.24.csv,1161,7.1060,0.00,-159.60,0.2745,4.340524
5096,longdress,driving_B_2020.02.14_07.29.00.csv,1097,132.3263,57.83,20.16,0.2744,4.239997
5097,loot,driving_B_2020.01.16_09.56.56.csv,533,233.8826,100.00,67.31,0.2743,4.416371
5098,redandblack,driving_B_2019.12.17_07.32.39.csv,2288,190.7941,59.76,47.93,0.2741,4.301870
5099,soldier,static_B_2020.02.27_18.39.27.csv,2553,230.0444,70.37,57.67,0.2740,3.973719
5100,longdress,driving_B_2020.01.16_07.26.43.csv,1667,50.7068,0.00,-127.84,0.2738,4.477687
5101,loot,static_B_2020.02.13_13.57.29.csv,491,170.8574,8.28,20.61,0.2737,4.225820
5102,redandblack,driving_B_2020.02.14_12.58.17.csv,82,71.7369,0.00,-168.92,0.2735,4.881761
5103,soldier,driving_B_2019.12.16_14.23.32.csv,466,228.7726,44.00,69.58,0.2734,4.146900
5104,longdress,static_B_2019.12.16_13.40.04.csv,283,216.5428,84.01,59.47,0.2733,4.369902
5105,loot,driving_B_2020.02.13_15.02.01.csv,1035,141.6797,0.00,41.28,0.2731,4.506277
5106,redandblack,driving_B_2020.02.13_15.02.01.csv,1455,55.4817,0.00,-76.98,0.2730,4.208742
5107,soldier,static_B_2020.02.13_13.57.29.csv,2411,91.2357,0.00,-23.68,0.2728,4.221175
5108,longdress,static_B_2020.02.13_13.57.29.csv,1871,213.2755,100.00,60.00,0.2727,4.626572
5109,loot,driving_B_2020.01.16_09.56.56.csv,1013,261.2374,100.00,80.84,0.2726,4.685496
5110,redandblack,static_B_2020.02.14_13.21.26.csv,548,246.6260,72.00,75.26,0.2724,4.269254
5111,soldier,static_B_2020.02.27_18.39.27.csv,1893,215.5343,54.00,64.00,0.2723,4.703320
5112,longdress,driving_B_2019.12.16_11.49.59.csv,272,11.7230,0.00,-251.63,0.2721,4.412230
5113,loot,driving_B_2020.02.13_13.03.24.csv,2061,-12.0025,0.00,-390.50,0.2720,4.035517
5114,redandblack,driving_B_2020.02.14_09.38.22.csv,310,-31.2783,0.00,-291.80,0.2718,4.500919
5115,soldier,static_B_2020.02.27_18.39.27.csv,1173,161.0129,0.00,-192.60,0.2717,4.349371
5116,longdress,driving_B_2019.12.16_14.23.32.csv,2616,122.5617,19.73,3.16,0.2716,4.218534
5117,loot,driving_B_2019.12.16_14.23.32.csv,226,229.9013,36.00,71.06,0.2714,4.169106
5118,redandblack,driving_B_2020.02.14_07.29.00.csv,317,241.8728,81.61,71.62,0.2713,4.555262
5119,soldier,driving_B_2019.12.16_14.23.32.csv,646,212.0350,70.00,59.63,0.2711,4.362702
5120,longdress,static_B_2020.02.13_13.57.29.csv,2351,150.8597,42.77,26.93,0.2710,4.124453
5121,loot,driving_B_2020.02.14_09.38.22.csv,130,57.8662,0.00,-89.98,0.2708,4.453262
5122,redandblack,driving_B_2019.12.16_12.27.05.csv,244,127.3836,0.00,-23.06,0.2707,4.146900
5123,soldier,driving_B_2019.12.16_14.23.32.csv,2566,71.3685,0.00,-108.38,0.2706,4.262888
5124,longdress,driving_B_2019.12.17_07.32.39.csv,347,181.6526,55.32,37.60,0.2704,4.841376
5125,loot,static_B_2020.02.13_13.57.29.csv,371,206.5487,10.44,37.85,0.2703,4.575092
5126,redandblack,driving_B_2019.12.16_14.23.32.csv,2086,243.7212,0.00,-3.72,0.2701,4.023378
5127,soldier,driving_B_2020.02.14_12.58.17.csv,262,-135.0296,0.00,-939.28,0.2700,4.744748
5128,longdress,driving_B_2020.02.13_13.03.24.csv,1281,5.0184,0.00,-251.32,0.2698,4.533691
5129,loot,driving_B_2019.12.16_11.49.59.csv,277,38.4906,0.00,-124.94,0.2697,4.447636
5130,redandblack,static_B_2020.02.13_13.57.29.csv,1091,153.5599,6.69,15.60,0.2696,4.708126
5131,soldier,static_B_2019.12.16_13.40.04.csv,943,91.3574,0.00,-13.90,0.2694,4.241545
5132,longdress,driving_B_2019.12.17_07.32.39.csv,1667,11.4686,0.00,-148.89,0.2693,4.613596
5133,loot,static_B_2020.02.27_18.39.27.csv,3093,132.8556,0.00,-10.52,0.2691,4.322022
5134,redandblack,static_B_2020.02.27_18.39.27.csv,2433,258.0598,100.00,79.29,0.2690,4.653708
5135,soldier,driving_B_2019.12.16_12.27.05.csv,4,72.8174,0.00,-51.00,0.2689,4.986252
5136,longdress,driving_B_2020.02.13_13.03.24.csv,2001,-24.0589,0.00,-458.66,0.2687,4.428245
5137,loot,driving_B_2020.02.13_15.02.01.csv,2055,99.6696,0.00,-102.60,0.2686,4.678575
5138,redandblack,driving_B_2020.02.14_09.38.22.csv,190,10.6129,0.00,-259.33,0.2684,4.444910
5139,soldier,static_B_2019.12.16_13.40.04.csv,583,197.4523,44.81,43.38,0.2683,4.425473
5140,longdress,driving_B_2020.02.13_13.03.24.csv,1101,12.0779,0.00,-297.03,0.2681,4.845299
5141,loot,driving_B_2020.02.13_15.02.01.csv,1335,19.3163,0.00,-211.73,0.2680,4.249266
5142,redandblack,driving_B_2020.01.16_09.56.56.csv,773,148.3613,0.00,18.23,0.2679,4.656082
5143,soldier,static_B_2020.02.13_13.57.29.csv,311,199.9210,28.00,56.99,0.2677,4.674281
5144,longdress,driving_B_2020.02.14_07.29.00.csv,437,73.6965,0.00,-77.31,0.2676,4.106620
5145,loot,static_B_2020.02.27_18.39.27.csv,1593,215.6057,84.19,55.71,0.2674,4.259974
5146,redandblack,static_B_2020.02.27_18.39.27.csv,513,191.4303,66.76,40.46,0.2673,4.311184
5147,soldier,driving_B_2019.12.17_07.32.39.csv,467,117.9133,0.00,-25.07,0.2671,4.416865
5148,longdress,static_B_2019.12.16_13.40.04.csv,1123,121.8376,0.00,-501.93,0.2670,4.218398
5149,loot,driving_B_2020.02.14_09.38.22.csv,370,30.7096,0.00,-166.55,0.2669,4.561748
5150,redandblack,driving_B_2020.02.14_07.29.00.csv,1397,179.3004,42.00,51.09,0.2667,4.861683
5151,soldier,static_B_2020.02.27_18.39.27.csv,1653,220.0123,82.92,60.22,0.2666,4.517636
5152,longdress,driving_B_2020.02.14_09.38.22.csv,850,215.2536,28.00,63.79,0.2664,4.249653
5153,loot,static_B_2020.02.27_18.39.27.csv,2673,156.6012,4.94,19.81,0.2663,4.263818
5154,redandblack,static_B_2019.12.16_13.40.04.csv,1243,181.9288,43.97,43.75,0.2661,4.283648
5155,soldier,driving_B_2020.02.13_13.03.24.csv,2121,27.0310,0.00,-428.04,0.2660,4.770548
5156,longdress,static_B_2020.02.13_13.57.29.csv,191,173.2433,80.47,44.06,0.2659,4.277437
5157,loot,static_B_2020.02.27_18.39.27.csv,2613,246.3284,100.00,74.45,0.2657,4.441195
5158,redandblack,driving_B_2019.12.17_07.32.39.csv,1127,148.0489,0.00,39.36,0.2656,5.128496
5159,soldier,driving_B_2020.01.16_12.10.03.csv,244,242.0852,100.00,71.49,0.2654,4.543118
5160,longdress,driving_B_2020.02.13_15.02.01.csv,1515,32.4562,0.00,-90.33,0.2653,4.197775
5161,loot,driving_B_2020.02.14_07.29.00.csv,1517,124.4177,0.00,-27.74,0.2651,4.440332
5162,redandblack,static_B_2020.02.27_18.39.27.csv,5493,191.8902,26.00,56.35,0.2650,4.636498
5163,soldier,driving_B_2020.01.16_07.26.43.csv,1127,107.7881,0.00,-23.20,0.2649,4.894790
5164,longdress,driving_B_2020.02.13_13.03.24.csv,441,51.3528,0.00,-109.93,0.2647,4.692606
5165,loot,driving_B_2020.02.13_13.03.24.csv,981,94.8575,0.00,-34.74,0.2646,4.488668
5166,redandblack,driving_B_2019.12.17_07.32.39.csv,1007,86.8561,0.00,-37.30,0.2644,4.718666
5167,soldier,static_B_2019.12.16_13.40.04.csv,1483,268.9741,100.00,84.06,0.2643,4.860096
5168,longdress,static_B_2020.02.27_18.39.27.csv,453,226.6532,100.00,59.39,0.2642,4.548026
5169,loot,static_B_2020.02.13_13.57.29.csv,851,185.9210,66.80,46.20,0.2640,4.503943
5170,redandblack,static_B_2019.12.16_13.40.04.csv,883,211.3084,78.92,55.82,0.2639,4.463915
5171,soldier,driving_B_2019.12.16_14.23.32.csv,1306,59.2604,0.00,-106.18,0.2637,4.483410
5172,longdress,driving_B_2019.12.16_14.23.32.csv,1726,30.3799,0.00,-356.03,0.2636,4.495093
5173,loot,static_B_2020.02.27_18.39.27.csv,1533,256.5223,100.00,78.50,0.2634,4.655026
5174,redandblack,driving_B_2020.01.16_09.56.56.csv,593,244.3149,100.00,76.69,0.2633,4.203388
5175,soldier,driving_B_2020.01.16_09.56.56.csv,233,181.3956,80.82,45.83,0.2632,4.260428
5176,longdress,driving_B_2020.01.16_09.56.56.csv,1433,210.6902,49.65,51.46,0.2630,4.428126
5177,loot,driving_B_2019.12.16_14.23.32.csv,2386,122.4711,0.00,-18.22,0.2629,4.531206
5178,redandblack,driving_B_2020.02.27_17.30.15.csv,720,-20.5251,0.00,-531.48,0.2627,4.751048
5179,soldier,static_B_2020.02.13_13.57.29.csv,1811,222.7212,50.00,66.62,0.2626,4.239192
5180,longdress,driving_B_2019.12.16_12.27.05.csv,484,25.5613,0.00,-338.50,0.2624,4.798531
5181,loot,static_B_2019.12.16_13.40.04.csv,463,199.5294,0.00,-277.97,0.2623,4.660727
5182,redandblack,driving_B_2019.12.17_07.32.39.csv,227,111.2914,1.90,-5.81,0.2622,4.604690
5183,soldier,driving_B_2020.02.13_15.02.01.csv,1995,211.1752,63.87,48.31,0.2620,4.393166
5184,longdress,static_B_2020.02.27_18.39.27.csv,1353,249.6565,100.00,74.99,0.2619,4.442362
5185,loot,driving_B_2019.12.16_14.23.32.csv,2206,237.6997,100.00,71.99,0.2617,4.014333
5186,redandblack,driving_B_2019.12.17_07.32.39.csv,167,143.6058,31.12,22.76,0.2616,4.665150
5187,soldier,driving_B_2020.02.14_09.38.22.csv,610,195.9772,2.00,56.56,0.2614,4.759635
5188,longdress,driving_B_2020.02.14_07.29.00.csv,1337,233.7059,100.00,65.76,0.2613,4.380643
5189,loot,static_B_2020.02.27_18.39.27.csv,1113,94.3939,0.00,-37.30,0.2612,4.275817
5190,redandblack,driving_B_2020.02.27_17.30.15.csv,697,12.4690,0.00,-401.16,0.2610,4.993152
5191,soldier,driving_B_2020.02.14_07.29.00.csv,197,107.3298,0.00,-16.30,0.2609,4.323886
5192,longdress,driving_B_2020.02.13_13.03.24.csv,201,69.2966,43.79,-10.90,0.2607,4.508808
5193,loot,static_B_2020.02.27_18.39.27.csv,2913,215.6103,100.00,60.32,0.2606,4.854337
5194,redandblack,driving_B_2020.02.13_15.02.01.csv,255,246.0165,100.00,77.29,0.2605,4.487933
5195,soldier,static_B_2020.02.27_18.39.27.csv,3753,254.9909,100.00,77.92,0.2603,4.223423
5196,longdress,driving_B_2020.02.14_09.38.22.csv,10,68.4544,0.00,-77.33,0.2602,4.338257
5197,loot,driving_B_2020.02.14_07.29.00.csv,617,116.4071,0.96,-4.13,0.2600,4.428856
5198,redandblack,driving_B_2020.02.27_17.30.15.csv,157,50.0432,0.00,-138.61,0.2599,4.531033
5199,soldier,driving_B_2020.01.16_07.26.43.csv,287,132.3827,0.34,8.95,0.2597,4.582633
5200,longdress,driving_B_2020.02.13_15.02.01.csv,2175,193.5057,100.00,49.45,0.2596,4.204977
5201,loot,static_B_2020.02.13_13.57.29.csv,2711,233.0564,83.85,71.46,0.2595,4.412941
5202,redandblack,driving_B_2019.12.16_14.23.32.csv,2616,175.9792,43.02,42.08,0.2593,4.770670
5203,soldier,static_B_2020.02.14_13.21.26.csv,428,263.6205,100.00,80.79,0.2592,4.107073
5204,longdress,driving_B_2020.02.14_12.58.17.csv,202,-7.4435,0.00,-111.71,0.2590,4.360213
5205,loot,static_B_2019.12.16_13.40.04.csv,1183,142.2102,63.28,1.48,0.2589,4.712362
5206,redandblack,static_B_2020.02.27_18.39.27.csv,4173,251.2662,80.00,76.19,0.2587,4.445943
5207,soldier,driving_B_2019.12.16_14.23.32.csv,1666,233.5485,82.27,63.67,0.2586,4.233763
5208,longdress,static_B_2020.02.27_18.39.27.csv,4293,212.8314,70.15,56.44,0.2585,4.082015
5209,loot,static_B_2020.02.27_18.39.27.csv,4893,125.6435,0.00,-5.66,0.2583,4.766354
5210,redandblack,driving_B_2019.12.17_07.32.39.csv,1187,137.9764,0.00,-31.61,0.2582,4.635748
5211,soldier,driving_B_2019.12.16_14.23.32.csv,526,199.1987,40.00,57.08,0.2580,4.198147
5212,longdress,static_B_2020.02.13_13.57.29.csv,671,110.5098,5.61,2.04,0.2579,4.398675
5213,loot,driving_B_2019.12.16_12.27.05.csv,124,87.7256,0.00,-31.43,0.2577,4.683276
5214,redandblack,driving_B_2020.02.13_13.03.24.csv,1581,55.2267,0.00,-80.89,0.2576,4.909902
5215,soldier,driving_B_2019.12.16_12.27.05.csv,1144,131.7316,2.95,5.44,0.2575,4.655126
5216,longdress,static_B_2020.02.27_18.39.27.csv,3513,188.6957,46.88,42.62,0.2573,4.412972
5217,loot,static_B_2020.02.13_13.57.29.csv,2051,227.2152,80.54,63.38,0.2572,4.298837
5218,redandblack,driving_B_2020.01.16_09.56.56.csv,953,155.6421,52.69,26.90,0.2570,4.279555
5219,soldier,static_B_2020.02.27_18.39.27.csv,813,221.9731,81.40,61.32,0.2569,4.382049
5220,longdress,static_B_2020.02.14_13.21.26.csv,248,193.2071,54.00,55.71,0.2567,4.855752
5221,loot,static_B_2020.02.27_18.39.27.csv,4773,217.3974,86.40,64.70,0.2566,4.889400
5222,redandblack,static_B_2020.02.27_18.39.27.csv,4413,232.7128,85.16,67.84,0.2565,4.592568
5223,soldier,static_B_2020.02.27_18.39.27.csv,3213,143.3325,6.00,16.80,0.2563,4.784216
5224,longdress,driving_B_2020.02.14_12.58.17.csv,800,55.3555,8.75,-31.74,0.2562,4.505243
5225,loot,driving_B_2020.02.13_15.02.01.csv,1275,90.2416,0.00,-70.33,0.2560,4.825687
5226,redandblack,driving_B_2020.02.13_13.03.24.csv,141,72.9948,0.00,-81.65,0.2559,4.607085
5227,soldier,driving_B_2020.02.13_15.02.01.csv,195,165.4880,8.67,10.90,0.2558,4.249269
5228,longdress,driving_B_2020.02.13_15.02.01.csv,1635,53.1009,0.00,-164.46,0.2556,4.294388
5229,loot,static_B_2020.02.27_18.39.27.csv,4233,231.4379,100.00,66.37,0.2555,4.187724
5230,redandblack,driving_B_2020.02.14_09.38.22.csv,550,248.7224,100.00,74.39,0.2553,4.923784
5231,soldier,static_B_2020.02.13_13.57.29.csv,2111,132.4093,0.00,-21.96,0.2552,4.815245
5232,longdress,driving_B_2020.02.14_12.58.17.csv,682,-1.9454,0.00,-413.09,0.2550,4.447083
5233,loot,static_B_2020.02.13_13.57.29.csv,131,250.1172,72.00,77.09,0.2549,4.552317
5234,redandblack,static_B_2020.02.27_18.39.27.csv,3813,186.0041,57.18,42.01,0.2548,4.302883
5235,soldier,driving_B_2020.01.16_07.26.43.csv,47,143.7138,19.13,9.42,0.2546,4.464403
5236,longdress,driving_B_2020.02.13_15.02.01.csv,675,158.4689,26.10,22.51,0.2545,4.385837
5237,loot,static_B_2020.02.13_13.57.29.csv,2471,192.6813,69.68,19.68,0.2543,4.693354
5238,redandblack,driving_B_2020.01.16_07.26.43.csv,1770,34.1363,0.00,-155.22,0.2542,4.982654
5239,soldier,static_B_2020.02.27_18.39.27.csv,3453,247.6184,100.00,70.87,0.2540,4.402066
5240,longdress,driving_B_2020.02.13_13.03.24.csv,261,72.3300,0.00,-66.65,0.2539,4.524938
5241,loot,static_B_2020.02.13_13.57.29.csv,1151,191.2953,73.74,48.73,0.2538,4.389859
5242,redandblack,static_B_2019.12.16_13.40.04.csv,1783,211.1709,78.80,56.17,0.2536,4.799230
5243,soldier,driving_B_2020.01.16_12.10.03.csv,75,233.7102,100.00,68.81,0.2535,4.838509
5244,longdress,driving_B_2020.02.13_13.03.24.csv,1821,-24.9773,0.00,-705.59,0.2533,4.065443
5245,loot,driving_B_2020.02.13_15.02.01.csv,2595,217.6568,66.45,61.31,0.2532,4.092040
5246,redandblack,driving_B_2020.02.13_15.02.01.csv,2235,256.3027,100.00,79.43,0.2530,4.853936
5247,soldier,static_B_2020.02.27_18.39.27.csv,5613,242.8268,88.25,73.35,0.2529,4.465135
5248,longdress,driving_B_2020.02.14_09.38.22.csv,1330,259.4911,100.00,77.86,0.2528,4.627390
5249,loot,static_B_2020.02.13_13.57.29.csv,1751,220.5211,46.00,66.37,0.2526,4.372105
5250,redandblack,driving_B_2020.02.27_17.30.15.csv,517,15.5887,0.00,-123.18,0.2525,5.237144
5251,soldier,static_B_2019.12.16_13.40.04.csv,1063,147.9160,0.00,5.22,0.2523,5.099997
5252,longdress,driving_B_2019.12.16_14.23.32.csv,826,150.9354,0.00,10.48,0.2522,4.620564
5253,loot,driving_B_2020.02.13_13.03.24.csv,1461,143.1568,0.00,4.36,0.2520,4.998412
5254,redandblack,static_B_2020.02.14_13.21.26.csv,668,270.0108,100.00,85.02,0.2519,4.217631
5255,soldier,driving_B_2020.01.16_07.26.43.csv,1067,114.6901,0.00,-6.24,0.2518,4.283602
5256,longdress,static_B_2020.02.27_18.39.27.csv,5013,219.4178,81.27,56.72,0.2516,4.234655
5257,loot,driving_B_2019.12.16_14.23.32.csv,1126,228.2944,66.00,68.59,0.2515,4.752751
5258,redandblack,driving_B_2020.02.13_15.02.01.csv,315,267.5014,100.00,83.67,0.2513,4.633187
5259,soldier,driving_B_2019.12.17_07.32.39.csv,2207,120.1316,0.00,-13.33,0.2512,4.576370
5260,longdress,driving_B_2020.02.13_15.02.01.csv,1755,203.2753,76.33,51.06,0.2511,4.353069
5261,loot,driving_B_2019.12.16_14.23.32.csv,886,125.2259,0.00,-3.45,0.2509,4.352616
5262,redandblack,driving_B_2019.12.16_14.23.32.csv,286,214.0216,48.00,62.94,0.2508,4.521440
5263,soldier,static_B_2020.02.27_18.39.27.csv,2373,167.7316,86.00,5.18,0.2506,4.619361
5264,longdress,static_B_2020.02.13_13.57.29.csv,1031,67.4405,0.00,-57.61,0.2505,4.676381
5265,loot,static_B_2020.02.13_13.57.29.csv,1691,211.0943,66.96,58.59,0.2503,4.410911
5266,redandblack,static_B_2020.02.14_13.21.26.csv,8,144.1226,10.75,10.87,0.2502,4.035255
5267,soldier,static_B_2020.02.27_18.39.27.csv,2733,229.2087,80.00,67.25,0.2501,4.556372
5268,longdress,driving_B_2020.02.13_15.02.01.csv,435,144.6678,86.75,34.42,0.2499,4.294685
5269,loot,driving_B_2020.02.14_07.29.00.csv,917,166.0379,0.00,27.90,0.2498,4.569723
5270,redandblack,driving_B_2020.02.13_15.02.01.csv,2535,173.3868,23.91,14.90,0.2496,4.228887
5271,soldier,driving_B_2020.01.16_09.56.56.csv,1570,155.2130,17.36,13.51,0.2495,4.439348
5272,longdress,driving_B_2019.12.16_12.27.05.csv,784,143.5734,45.55,14.31,0.2493,4.345822
5273,loot,static_B_2020.02.27_18.39.27.csv,2133,230.2998,72.27,66.30,0.2492,4.718259
5274,redandblack,driving_B_2020.01.16_07.26.43.csv,1727,101.3158,0.00,-28.32,0.2491,4.476625
5275,soldier,static_B_2020.02.13_13.57.29.csv,911,94.5629,0.00,-63.84,0.2489,4.410820
5276,longdress,driving_B_2019.12.16_14.23.32.csv,1906,67.0832,0.00,-98.59,0.2488,4.616094
5277,loot,static_B_2020.02.27_18.39.27.csv,3633,249.8252,82.47,74.98,0.2486,4.107268
5278,redandblack,driving_B_2020.02.13_15.02.01.csv,1155,186.3697,53.29,44.32,0.2485,4.610526
5279,soldier,driving_B_2020.02.13_13.03.24.csv,861,28.5370,0.00,-161.14,0.2483,4.342140
5280,longdress,static_B_2020.02.27_18.39.27.csv,1413,234.2256,79.96,68.12,0.2482,4.652668
5281,loot,static_B_2019.12.16_13.40.04.csv,1904,137.9683,0.00,18.49,0.2481,4.746206
5282,redandblack,static_B_2020.02.27_18.39.27.csv,5133,264.6245,100.00,83.45,0.2479,4.493717
5283,soldier,driving_B_2020.01.16_07.26.43.csv,1770,24.0985,0.00,-226.20,0.2478,4.688079
5284,longdress,static_B_2019.12.16_13.40.04.csv,1723,212.8342,84.27,61.60,0.2476,4.598165
5285,loot,driving_B_2020.02.13_15.02.01.csv,2355,10.3343,0.00,-344.66,0.2475,4.383234
5286,redandblack,driving_B_2020.02.14_09.38.22.csv,790,60.8722,0.00,-103.34,0.2474,4.149079
5287,soldier,driving_B_2020.02.14_07.29.00.csv,1817,235.4524,100.00,66.91,0.2472,4.734195
5288,longdress,static_B_2020.02.14_13.21.26.csv,848,207.3657,74.82,46.68,0.2471,4.410384
5289,loot,driving_B_2020.02.13_15.02.01.csv,75,225.0366,100.00,65.54,0.2469,4.465223
5290,redandblack,driving_B_2019.12.16_12.27.05.csv,304,97.0844,0.00,-42.88,0.2468,4.416073
5291,soldier,driving_B_2020.02.13_13.03.24.csv,1941,-85.0160,0.00,-756.44,0.2466,4.384064
5292,longdress,static_B_2019.12.16_13.40.04.csv,103,253.1571,100.00,76.43,0.2465,4.831464
5293,loot,driving_B_2020.01.16_07.26.43.csv,1487,77.7993,0.00,-104.47,0.2464,4.925513
5294,redandblack,driving_B_2019.12.17_07.32.39.csv,107,58.9069,0.00,-87.81,0.2462,4.365762
5295,soldier,driving_B_2020.01.16_09.56.56.csv,113,60.8509,0.00,-145.59,0.2461,4.513508
5296,longdress,static_B_2019.12.16_13.40.04.csv,1363,141.6728,0.00,-220.33,0.2459,4.415586
5297,loot,driving_B_2020.02.13_15.02.01.csv,975,78.2169,0.00,-72.39,0.2458,4.684679
5298,redandblack,driving_B_2020.02.13_15.02.01.csv,915,172.7680,22.00,47.25,0.2456,4.672457
5299,soldier,driving_B_2019.12.17_07.32.39.csv,2027,108.5270,0.00,-57.96,0.2455,4.719103
5300,longdress,driving_B_2019.12.16_11.49.59.csv,212,23.3001,0.00,-394.24,0.2454,4.106642
5301,loot,static_B_2019.12.16_13.40.04.csv,403,220.3184,100.00,64.06,0.2452,4.457163
5302,redandblack,driving_B_2020.02.14_07.29.00.csv,77,219.4149,54.37,56.39,0.2451,4.359541
5303,soldier,driving_B_2020.01.16_09.56.56.csv,353,47.6328,0.00,-194.08,0.2449,4.569963
5304,longdress,driving_B_2020.02.13_13.03.24.csv,1221,53.1539,0.00,-81.20,0.2448,4.443226
5305,loot,static_B_2020.02.13_13.57.29.csv,2651,268.2525,100.00,83.52,0.2446,4.834856
5306,redandblack,driving_B_2020.02.14_09.38.22.csv,1210,68.1296,0.00,-103.52,0.2445,4.509574
5307,soldier,driving_B_2019.12.16_12.27.05.csv,364,31.1379,0.00,-429.66,0.2444,4.435231
5308,longdress,driving_B_2020.02.13_15.02.01.csv,15,245.2465,100.00,72.68,0.2442,4.189798
5309,loot,driving_B_2020.01.16_09.56.56.csv,1493,184.8319,42.08,39.43,0.2441,4.386352
5310,redandblack,driving_B_2020.02.13_13.03.24.csv,2181,24.7841,0.00,-124.61,0.2439,4.081335
5311,soldier,driving_B_2020.01.16_07.26.43.csv,1770,22.1719,0.00,-158.85,0.2438,4.333714
5312,longdress,driving_B_2020.01.16_09.56.56.csv,473,204.6494,50.00,47.07,0.2436,4.919854
5313,loot,driving_B_2020.02.13_13.03.24.csv,621,10.8455,0.00,-163.82,0.2435,4.874722
5314,redandblack,static_B_2019.12.16_13.40.04.csv,1663,217.9958,87.69,63.07,0.2434,4.619149
5315,soldier,static_B_2019.12.16_13.40.04.csv,1423,235.9102,80.59,64.42,0.2432,4.478025
5316,longdress,driving_B_2019.12.16_14.23.32.csv,46,179.2757,25.62,31.73,0.2431,4.764117
5317,loot,static_B_2020.02.14_13.21.26.csv,128,231.7959,54.00,71.15,0.2429,4.264802
5318,redandblack,static_B_2019.12.16_13.40.04.csv,1904,165.4172,0.00,27.66,0.2428,4.398469
5319,soldier,static_B_2020.02.27_18.39.27.csv,2073,223.1315,83.97,64.10,0.2427,4.397595
5320,longdress,static_B_2020.02.27_18.39.27.csv,4533,184.6236,18.93,22.50,0.2425,4.463545
5321,loot,driving_B_2019.12.17_07.32.39.csv,2147,71.5427,0.00,-106.80,0.2424,4.297643
5322,redandblack,static_B_2020.02.27_18.39.27.csv,5742,247.1640,84.00,73.77,0.2422,4.755085
5323,soldier,driving_B_2020.02.13_15.02.01.csv,375,268.7409,92.00,82.22,0.2421,4.606946
5324,longdress,driving_B_2020.01.16_07.26.43.csv,647,33.7034,34.90,-20.29,0.2419,4.833654
5325,loot,static_B_2020.02.27_18.39.27.csv,5073,231.8296,30.00,70.90,0.2418,5.023447
5326,redandblack,driving_B_2019.12.17_07.32.39.csv,2267,196.4739,48.79,55.79,0.2417,4.651412
5327,soldier,driving_B_2020.02.27_17.30.15.csv,37,-0.6520,0.00,-522.82,0.2415,4.750987
5328,longdress,driving_B_2020.01.16_07.26.43.csv,767,101.7124,0.00,-26.36,0.2414,4.540842
5329,loot,driving_B_2020.02.14_12.58.17.csv,22,101.8882,0.00,-33.81,0.2412,4.479315
5330,redandblack,driving_B_2020.02.14_07.29.00.csv,377,236.0853,63.95,63.52,0.2411,4.522148
5331,soldier,driving_B_2019.12.17_07.32.39.csv,1427,140.1683,0.00,-12.21,0.2409,4.785620
5332,longdress,driving_B_2019.12.17_07.32.39.csv,827,39.1231,0.00,-72.50,0.2408,4.143353
5333,loot,driving_B_2020.02.13_15.02.01.csv,1215,211.1532,80.80,56.96,0.2407,4.658305
5334,redandblack,driving_B_2020.02.14_12.58.17.csv,322,-51.4896,0.00,-401.17,0.2405,4.431753
5335,soldier,driving_B_2020.01.16_07.26.43.csv,707,79.4502,0.00,-66.12,0.2404,4.727372
5336,longdress,driving_B_2019.12.16_14.23.32.csv,166,186.9826,36.00,53.68,0.2402,4.200881
5337,loot,static_B_2020.02.13_13.57.29.csv,2945,239.0707,100.00,72.27,0.2401,4.573937
5338,redandblack,static_B_2020.02.14_13.21.26.csv,368,220.4491,50.00,65.30,0.2399,4.548532
5339,soldier,driving_B_2020.02.14_07.29.00.csv,137,109.7009,51.67,4.28,0.2398,4.848485
5340,longdress,static_B_2020.02.27_18.39.27.csv,333,227.9917,100.00,66.96,0.2397,4.475328
5341,loot,driving_B_2020.02.13_13.03.24.csv,381,152.4833,43.90,18.14,0.2395,4.393160
5342,redandblack,driving_B_2020.02.14_07.29.00.csv,1577,138.0175,0.00,-5.38,0.2394,4.545380
5343,soldier,static_B_2020.02.27_18.39.27.csv,3393,234.0469,76.00,69.67,0.2392,4.846819
5344,longdress,driving_B_2020.02.14_12.58.17.csv,562,71.8376,38.74,-21.82,0.2391,4.695057
5345,loot,static_B_2019.12.16_13.40.04.csv,343,163.5824,54.72,30.61,0.2390,4.772148
5346,redandblack,driving_B_2020.01.16_12.10.03.csv,135,181.0711,24.00,52.97,0.2388,4.697789
5347,soldier,driving_B_2020.02.13_15.02.01.csv,1815,238.5471,100.00,69.64,0.2387,4.653685
5348,longdress,static_B_2020.02.27_18.39.27.csv,873,222.8699,79.38,56.84,0.2385,4.838364
5349,loot,static_B_2020.02.27_18.39.27.csv,5253,198.7430,26.00,58.41,0.2384,4.847969
5350,redandblack,static_B_2020.02.27_18.39.27.csv,4473,206.7595,25.58,38.95,0.2382,4.520270
5351,soldier,driving_B_2019.12.17_07.32.39.csv,947,37.5384,0.00,-90.78,0.2381,4.904365
5352,longdress,driving_B_2020.02.13_15.02.01.csv,735,137.3667,29.47,1.58,0.2380,4.510271
5353,loot,driving_B_2020.01.16_07.26.43.csv,407,75.6531,0.00,-41.27,0.2378,4.501879
5354,redandblack,driving_B_2020.01.16_09.56.56.csv,1373,216.5851,81.84,57.67,0.2377,4.631421
5355,soldier,driving_B_2020.02.14_07.29.00.csv,1277,196.5079,51.67,41.23,0.2375,4.486775
5356,longdress,static_B_2020.02.27_18.39.27.csv,3933,252.1650,96.00,76.86,0.2374,4.511500
5357,loot,driving_B_2019.12.17_07.32.39.csv,647,67.2592,0.00,-65.28,0.2372,4.792495
5358,redandblack,static_B_2020.02.27_18.39.27.csv,273,261.8336,100.00,79.60,0.2371,4.732559
5359,soldier,static_B_2020.02.27_18.39.27.csv,2853,254.1941,84.07,74.18,0.2370,4.556311
5360,longdress,driving_B_2020.01.16_07.26.43.csv,1607,38.0489,0.00,-65.19,0.2368,4.982511
5361,loot,driving_B_2020.01.16_07.26.43.csv,1247,81.5551,0.00,-92.79,0.2367,4.940769
5362,redandblack,static_B_2019.12.16_13.40.04.csv,43,176.7162,0.00,16.44,0.2365,4.461665
5363,soldier,driving_B_2020.01.16_09.56.56.csv,173,69.9679,0.00,-29.12,0.2364,4.674274
5364,longdress,static_B_2020.02.27_18.39.27.csv,2013,155.0693,57.67,29.27,0.2362,4.462568
5365,loot,driving_B_2020.02.14_07.29.00.csv,857,245.7087,43.52,72.63,0.2361,4.459491
5366,redandblack,static_B_2020.02.13_13.57.29.csv,551,254.6958,100.00,77.83,0.2360,4.599989
5367,soldier,driving_B_2020.02.14_09.38.22.csv,490,176.3583,68.49,25.06,0.2358,4.361882
5368,longdress,driving_B_2020.02.13_15.02.01.csv,2754,66.4783,0.00,-73.16,0.2357,4.366419
5369,loot,driving_B_2020.02.13_13.03.24.csv,921,47.2705,0.00,-157.69,0.2355,4.793833
5370,redandblack,driving_B_2019.12.16_14.23.32.csv,406,216.9533,42.00,66.37,0.2354,4.511578
5371,soldier,static_B_2020.02.27_18.39.27.csv,153,200.5882,54.00,60.04,0.2352,4.180063
5372,longdress,static_B_2020.02.27_18.39.27.csv,3573,127.1659,10.84,10.75,0.2351,4.044116
5373,loot,static_B_2020.02.27_18.39.27.csv,753,254.4406,100.00,78.86,0.2350,4.875460
5374,redandblack,driving_B_2019.12.17_07.32.39.csv,1247,76.7134,0.00,-58.92,0.2348,4.942032
5375,soldier,static_B_2020.02.13_13.57.29.csv,1451,117.3602,0.00,-22.47,0.2347,4.910690
5376,longdress,driving_B_2020.02.14_12.58.17.csv,382,18.7293,0.00,-598.08,0.2345,4.844438
5377,loot,driving_B_2020.02.13_15.02.01.csv,1575,16.3720,0.00,-417.91,0.2344,4.742166
5378,redandblack,driving_B_2020.02.14_07.29.00.csv,1877,85.2074,47.29,0.75,0.2343,4.573226
5379,soldier,driving_B_2020.02.13_13.03.24.csv,1701,188.9037,59.04,44.74,0.2341,4.710291
5380,longdress,static_B_2020.02.27_18.39.27.csv,2493,256.7971,100.00,78.21,0.2340,4.623667
5381,loot,driving_B_2020.02.14_09.38.22.csv,1478,96.3414,0.00,-7.90,0.2338,4.476909
5382,redandblack,driving_B_2020.02.13_13.03.24.csv,801,90.6077,0.00,-33.43,0.2337,4.536461
5383,soldier,driving_B_2020.02.14_07.29.00.csv,557,36.1081,0.00,-50.30,0.2335,4.409604
5384,longdress,static_B_2020.02.27_18.39.27.csv,2193,231.7833,100.00,69.00,0.2334,4.535914
5385,loot,driving_B_2019.12.16_14.23.32.csv,1366,244.0290,100.00,74.69,0.2333,5.065493
5386,redandblack,driving_B_2020.02.13_15.02.01.csv,615,46.6228,0.00,-87.43,0.2331,4.740943
5387,soldier,driving_B_2019.12.16_12.27.05.csv,1084,191.0335,44.03,38.36,0.2330,4.628407
5388,longdress,static_B_2020.02.13_13.57.29.csv,1511,113.1192,46.42,15.93,0.2328,4.412217
5389,loot,driving_B_2019.12.16_14.23.32.csv,1486,167.2117,16.00,47.74,0.2327,5.237316
5390,redandblack,static_B_2020.02.13_13.57.29.csv,2831,222.4196,84.99,61.41,0.2325,4.939765
5391,soldier,static_B_2020.02.13_13.57.29.csv,1991,233.2786,100.00,67.33,0.2324,5.019015
5392,longdress,static_B_2020.02.13_13.57.29.csv,2531,178.9807,0.00,30.95,0.2323,4.837661
5393,loot,driving_B_2020.02.13_13.03.24.csv,321,71.2050,0.00,-63.56,0.2321,4.750784
5394,redandblack,driving_B_2019.12.16_14.23.32.csv,2326,224.1446,67.74,61.87,0.2320,4.950900
5395,soldier,driving_B_2019.12.17_07.32.39.csv,2087,234.8936,100.00,67.29,0.2318,4.567941
5396,longdress,driving_B_2020.02.14_09.38.22.csv,430,102.1012,0.00,-43.05,0.2317,4.507030
5397,loot,driving_B_2020.01.16_09.56.56.csv,1133,189.0200,0.00,37.77,0.2315,4.673565
5398,redandblack,driving_B_2020.02.14_07.29.00.csv,1757,230.2877,84.46,68.82,0.2314,4.387096
5399,soldier,driving_B_2020.02.14_07.29.00.csv,1037,104.3523,11.20,-17.10,0.2313,4.866887
5400,longdress,static_B_2020.02.27_18.39.27.csv,5313,257.6383,100.00,80.12,0.2311,4.621694
5401,loot,static_B_2020.02.27_18.39.27.csv,933,257.2486,100.00,79.58,0.2310,4.777700
5402,redandblack,driving_B_2019.12.17_07.32.39.csv,707,81.4271,0.00,-30.21,0.2308,4.528648
5403,soldier,static_B_2020.02.27_18.39.27.csv,4353,184.0412,65.16,44.30,0.2307,4.569341
5404,longdress,driving_B_2020.02.14_07.29.00.csv,1970,9.4545,0.00,-87.24,0.2305,4.928363
5405,loot,driving_B_2019.12.16_14.23.32.csv,1006,202.1593,32.78,36.41,0.2304,4.332519
5406,redandblack,static_B_2019.12.16_13.40.04.csv,523,235.8191,100.00,61.92,0.2303,4.441091
5407,soldier,static_B_2019.12.16_13.40.04.csv,1303,189.9943,50.02,43.59,0.2301,4.639438
5408,longdress,driving_B_2020.02.14_09.38.22.csv,670,185.9614,0.00,22.72,0.2300,4.728542
5409,loot,static_B_2020.02.27_18.39.27.csv,3273,211.0382,22.00,62.51,0.2298,4.447331
5410,redandblack,static_B_2020.02.27_18.39.27.csv,3693,225.0923,98.00,67.36,0.2297,4.444232
5411,soldier,driving_B_2020.01.16_09.56.56.csv,893,43.1144,0.00,-69.28,0.2296,4.528547
5412,longdress,static_B_2020.02.14_13.21.26.csv,68,241.6512,83.58,72.80,0.2294,4.636542
5413,loot,driving_B_2019.12.16_14.23.32.csv,946,62.2940,0.00,-50.03,0.2293,4.678734
5414,redandblack,driving_B_2020.02.13_15.02.01.csv,1095,184.7247,16.34,25.58,0.2291,4.366695
5415,soldier,driving_B_2020.01.16_07.26.43.csv,1007,66.7253,0.00,-26.92,0.2290,4.704773
5416,longdress,driving_B_2019.12.16_14.23.32.csv,1186,187.3410,58.48,37.51,0.2288,5.110313
5417,loot,static_B_2020.02.13_13.57.29.csv,1331,213.6069,64.78,46.41,0.2287,4.661368
5418,redandblack,static_B_2020.02.27_18.39.27.csv,5742,232.4797,78.00,68.38,0.2286,4.237593
5419,soldier,driving_B_2019.12.17_07.32.39.csv,1967,217.1225,75.89,57.25,0.2284,4.710939
5420,longdress,driving_B_2020.02.13_13.03.24.csv,1341,-10.7543,0.00,-91.94,0.2283,4.152289
5421,loot,static_B_2020.02.27_18.39.27.csv,5673,281.2323,100.00,89.73,0.2281,4.264525
5422,redandblack,static_B_2019.12.16_13.40.04.csv,223,185.5693,7.15,28.41,0.2280,4.836180
5423,soldier,static_B_2020.02.27_18.39.27.csv,4593,152.8793,0.00,10.04,0.2278,4.805433
5424,longdress,static_B_2020.02.27_18.39.27.csv,5373,272.4822,98.00,85.79,0.2277,5.111120
5425,loot,driving_B_2020.02.13_13.03.24.csv,2188,-25.7408,0.00,-302.78,0.2276,4.700506
5426,redandblack,driving_B_2020.02.14_09.38.22.csv,910,213.7794,62.00,61.56,0.2274,4.695022
5427,soldier,driving_B_2019.12.17_07.32.39.csv,407,184.5519,32.97,33.45,0.2273,4.663739
5428,longdress,driving_B_2020.01.16_07.26.43.csv,1427,-12.5052,0.00,-167.31,0.2271,4.645750
5429,loot,static_B_2020.02.27_18.39.27.csv,4653,92.6409,0.00,-261.27,0.2270,4.300774
5430,redandblack,driving_B_2019.12.16_14.23.32.csv,2616,144.0073,16.10,15.23,0.2268,4.470266
5431,soldier,static_B_2020.02.13_13.57.29.csv,791,119.5781,0.00,-7.58,0.2267,4.775569
5432,longdress,driving_B_2020.01.16_07.26.43.csv,1187,7.2120,0.00,-98.88,0.2266,4.758216
5433,loot,driving_B_2019.12.16_12.27.05.csv,664,172.1835,0.00,-42.84,0.2264,4.497852
5434,redandblack,driving_B_2020.02.13_15.02.01.csv,2295,22.9458,0.00,-103.75,0.2263,4.837782
5435,soldier,driving_B_2020.02.14_12.58.17.csv,742,1.0300,0.00,-174.02,0.2261,4.790486
5436,longdress,driving_B_2019.12.16_14.23.32.csv,1606,234.3712,82.76,67.67,0.2260,4.679222
5437,loot,driving_B_2019.12.16_12.27.05.csv,724,216.3366,50.97,51.91,0.2259,4.867084
5438,redandblack,static_B_2020.02.27_18.39.27.csv,93,250.6655,100.00,77.32,0.2257,4.466137
5439,soldier,static_B_2020.02.14_13.21.26.csv,850,203.7167,69.56,45.39,0.2256,4.692281
5440,longdress,driving_B_2020.02.14_12.58.17.csv,800,28.2101,0.00,-108.68,0.2254,5.114168
5441,loot,static_B_2020.02.27_18.39.27.csv,4833,237.8637,100.00,70.39,0.2253,4.472209
5442,redandblack,driving_B_2019.12.16_14.23.32.csv,1066,23.7671,0.00,-126.22,0.2251,4.654442
5443,soldier,driving_B_2020.01.16_07.26.43.csv,947,-0.5979,0.00,-107.50,0.2250,4.927668
5444,longdress,static_B_2020.02.13_13.57.29.csv,1631,119.2301,0.00,-7.97,0.2249,4.599469
5445,loot,driving_B_2020.02.14_12.58.17.csv,442,-42.2150,0.00,-373.55,0.2247,4.017646
5446,redandblack,driving_B_2020.01.16_09.56.56.csv,653,109.7196,0.00,-78.52,0.2246,4.789639
5447,soldier,driving_B_2020.02.14_09.38.22.csv,730,185.5367,0.00,-3.10,0.2244,4.615215
5448,longdress,static_B_2020.02.13_13.57.29.csv,2171,215.9604,82.47,55.76,0.2243,4.682770
5449,loot,driving_B_2019.12.16_12.27.05.csv,604,4.6606,0.00,-324.89,0.2241,4.559884
5450,redandblack,driving_B_2020.01.16_09.56.56.csv,1570,157.4423,3.11,15.47,0.2240,4.686477
5451,soldier,driving_B_2020.01.16_09.56.56.csv,413,36.8889,0.00,-61.15,0.2239,4.545454
5452,longdress,static_B_2019.12.16_13.40.04.csv,1543,179.1510,0.00,26.06,0.2237,4.707705
5453,loot,driving_B_2020.02.14_07.29.00.csv,1937,-15.4042,0.00,-306.56,0.2236,4.325897
5454,redandblack,static_B_2020.02.13_13.57.29.csv,2771,190.1269,35.52,40.55,0.2234,4.343315
5455,soldier,driving_B_2020.01.16_09.56.56.csv,833,23.6356,0.00,-175.11,0.2233,5.075406
5456,longdress,static_B_2020.02.13_13.57.29.csv,1571,170.5640,0.00,13.76,0.2231,4.601469
5457,loot,static_B_2020.02.14_13.21.26.csv,788,196.6212,48.00,54.77,0.2230,4.940163
5458,redandblack,driving_B_2020.02.13_15.02.01.csv,1395,70.5022,0.00,-67.79,0.2229,4.381106
5459,soldier,driving_B_2019.12.16_11.49.59.csv,32,65.4478,0.00,-93.96,0.2227,4.863906
5460,longdress,static_B_2020.02.13_13.57.29.csv,2945,199.6636,47.99,47.05,0.2226,4.279539
5461,loot,static_B_2020.02.27_18.39.27.csv,2253,246.3794,100.00,72.23,0.2224,4.537815
5462,redandblack,driving_B_2020.02.14_09.38.22.csv,1390,44.3706,0.00,-133.28,0.2223,4.731696
5463,soldier,static_B_2020.02.27_18.39.27.csv,2313,218.7203,71.31,53.87,0.2221,4.584721
5464,longdress,static_B_2020.02.27_18.39.27.csv,1953,167.0626,10.28,16.14,0.2220,4.532000
5465,loot,static_B_2020.02.27_18.39.27.csv,5193,206.9880,18.00,63.31,0.2219,4.532177
5466,redandblack,driving_B_2019.12.16_14.23.32.csv,2026,193.6911,0.00,57.03,0.2217,4.604416
5467,soldier,driving_B_2020.02.27_17.30.15.csv,457,-79.1982,0.00,-633.02,0.2216,4.851614
5468,longdress,static_B_2020.02.27_18.39.27.csv,3333,177.3866,41.88,38.43,0.2214,4.906421
5469,loot,driving_B_2020.02.13_15.02.01.csv,135,260.4041,100.00,80.05,0.2213,4.527567
5470,redandblack,static_B_2020.02.27_18.39.27.csv,3993,222.0943,38.00,66.92,0.2212,4.468817
5471,soldier,driving_B_2019.12.17_07.32.39.csv,287,63.6843,0.00,-63.23,0.2210,4.765878
5472,longdress,driving_B_2020.02.14_09.38.22.csv,1450,39.2904,0.00,-49.39,0.2209,4.908330
5473,loot,static_B_2019.12.16_13.40.04.csv,703,262.6277,83.08,80.79,0.2207,4.831908
5474,redandblack,driving_B_2020.01.16_07.26.43.csv,227,103.6376,0.00,-56.18,0.2206,4.708579
5475,soldier,driving_B_2020.02.13_15.02.01.csv,855,219.8526,19.88,37.27,0.2204,5.128243
5476,longdress,driving_B_2020.02.14_07.29.00.csv,677,71.6232,0.00,-97.04,0.2203,4.987733
5477,loot,driving_B_2020.02.14_07.29.00.csv,1457,216.3349,54.51,54.06,0.2202,4.760367
5478,redandblack,driving_B_2020.02.27_17.30.15.csv,397,-3.1469,0.00,-568.50,0.2200,4.511038
5479,soldier,driving_B_2020.02.14_09.38.22.csv,970,115.4079,0.00,-97.48,0.2199,4.396111
5480,longdress,driving_B_2020.02.13_13.03.24.csv,1881,-64.1995,14.51,-171.25,0.2197,4.965693
5481,loot,driving_B_2020.02.13_15.02.01.csv,1875,142.4893,0.00,-19.50,0.2196,4.766661
5482,redandblack,driving_B_2020.01.16_09.56.56.csv,1193,219.5516,51.39,54.31,0.2194,4.505360
5483,soldier,driving_B_2020.01.16_07.26.43.csv,1367,-14.3007,0.00,-378.23,0.2193,4.482924
5484,longdress,static_B_2020.02.27_18.39.27.csv,1293,264.1185,100.00,80.53,0.2192,4.744793
5485,loot,static_B_2019.12.16_13.40.04.csv,163,251.8197,76.00,77.82,0.2190,4.656266
5486,redandblack,static_B_2020.02.27_18.39.27.csv,5433,192.6572,22.40,28.66,0.2189,4.339207
5487,soldier,static_B_2020.02.27_18.39.27.csv,393,252.5510,100.00,77.52,0.2187,4.304296
5488,longdress,static_B_2020.02.13_13.57.29.csv,2291,212.6604,85.73,63.90,0.2186,4.513748
5489,loot,driving_B_2020.02.14_07.29.00.csv,977,59.2474,0.00,-114.14,0.2184,4.800020
5490,redandblack,driving_B_2020.02.13_13.03.24.csv,501,67.3057,0.00,-72.13,0.2183,4.647119
5491,soldier,driving_B_2020.02.14_07.29.00.csv,797,98.5904,0.00,-35.33,0.2182,4.659244
5492,longdress,driving_B_2020.01.16_09.56.56.csv,713,240.0681,100.00,69.19,0.2180,4.595451
5493,loot,static_B_2020.02.13_13.57.29.csv,971,90.2063,0.00,-325.84,0.2179,5.193872
5494,redandblack,static_B_2019.12.16_13.40.04.csv,1843,224.3562,65.24,57.59,0.2177,4.971710
5495,soldier,driving_B_2019.12.16_11.49.59.csv,152,17.6205,0.00,-147.41,0.2176,4.443820
5496,longdress,driving_B_2019.12.16_12.27.05.csv,964,233.4358,83.47,66.09,0.2174,4.653026
5497,loot,static_B_2020.02.27_18.39.27.csv,1053,233.7239,85.11,68.34,0.2173,4.417528
5498,redandblack,driving_B_2020.02.27_17.30.15.csv,277,-43.6616,0.00,-344.21,0.2172,4.216748
5499,soldier,static_B_2019.12.16_13.40.04.csv,1903,178.3690,52.00,28.45,0.2170,4.676259
5500,longdress,static_B_2019.12.16_13.40.04.csv,643,200.8556,27.13,39.04,0.2169,4.948704
5501,loot,driving_B_2020.02.27_17.30.15.csv,97,-49.4185,0.00,-843.74,0.2167,4.941199
5502,redandblack,driving_B_2019.12.17_07.32.39.csv,1607,162.6856,0.00,-23.63,0.2166,4.910469
5503,soldier,driving_B_2019.12.17_07.32.39.csv,1307,245.4176,58.10,55.97,0.2165,4.632757
5504,longdress,driving_B_2020.01.16_09.56.56.csv,1253,122.7761,0.00,-23.74,0.2163,4.738540
5505,loot,driving_B_2020.02.13_15.02.01.csv,1935,176.1006,0.00,26.89,0.2162,4.517076
5506,redandblack,driving_B_2019.12.16_14.23.32.csv,1846,-0.7675,0.00,-319.09,0.2160,4.849263
5507,soldier,driving_B_2019.12.17_07.32.39.csv,1487,67.4553,0.00,-153.04,0.2159,4.546120
5508,longdress,static_B_2020.02.27_18.39.27.csv,2793,224.4446,78.00,66.74,0.2157,4.330810
5509,loot,driving_B_2020.02.13_15.02.01.csv,555,111.2804,0.00,-22.76,0.2156,4.732726
5510,redandblack,driving_B_2019.12.16_14.23.32.csv,586,222.9553,81.31,61.89,0.2155,5.151745
5511,soldier,driving_B_2020.02.13_13.03.24.csv,741,38.8376,0.00,-132.14,0.2153,4.909202
5512,longdress,static_B_2019.12.16_13.40.04.csv,1603,213.8488,85.80,58.29,0.2152,4.856290
5513,loot,driving_B_2019.12.17_07.32.39.csv,887,28.8969,0.00,-137.43,0.2150,5.191863
5514,redandblack,driving_B_2020.01.16_09.56.56.csv,1073,50.5165,0.00,-121.63,0.2149,4.920497
5515,soldier,static_B_2020.02.27_18.39.27.csv,3033,204.7056,50.91,42.60,0.2147,4.933113
5516,longdress,driving_B_2020.01.16_07.26.43.csv,1307,76.6327,0.00,-100.59,0.2146,4.893766
5517,loot,driving_B_2020.02.13_15.02.01.csv,495,117.1449,0.00,-36.10,0.2145,5.385284
5518,redandblack,driving_B_2019.12.17_07.32.39.csv,767,74.0002,0.00,-130.35,0.2143,4.987523
5519,soldier,static_B_2020.02.14_13.21.26.csv,608,259.5902,68.00,80.34,0.2142,4.460059
5520,longdress,driving_B_2020.01.16_07.26.43.csv,467,22.8240,0.00,-186.20,0.2140,4.809037
5521,loot,driving_B_2020.01.16_07.26.43.csv,887,4.3822,0.00,-172.44,0.2139,4.692227
5522,redandblack,driving_B_2020.02.14_09.38.22.csv,70,-2.1330,0.00,-205.60,0.2137,4.618515
5523,soldier,driving_B_2020.02.27_17.30.15.csv,217,-118.4005,0.00,-1058.96,0.2136,4.795470
5524,longdress,static_B_2020.02.27_18.39.27.csv,1713,192.3826,8.15,28.53,0.2135,4.994620
5525,loot,driving_B_2020.02.27_17.30.15.csv,720,-36.0061,0.00,-447.97,0.2133,4.764352
5526,redandblack,static_B_2020.02.27_18.39.27.csv,4113,266.9674,100.00,82.30,0.2132,5.213787
5527,soldier,static_B_2019.12.16_13.40.04.csv,763,270.0097,100.00,84.87,0.2130,4.543633
5528,longdress,driving_B_2020.02.14_07.29.00.csv,1157,184.9419,20.85,7.02,0.2129,4.585165
5529,loot,static_B_2020.02.27_18.39.27.csv,4953,241.0139,56.00,73.63,0.2128,4.783657
5530,redandblack,driving_B_2019.12.16_14.23.32.csv,2446,151.9915,0.00,42.09,0.2126,4.571762
5531,soldier,static_B_2020.02.13_13.57.29.csv,2231,167.3516,0.00,18.68,0.2125,4.893310
5532,longdress,static_B_2020.02.13_13.57.29.csv,1211,210.2910,65.80,55.81,0.2123,4.633494
5533,loot,driving_B_2019.12.17_07.32.39.csv,1907,126.1289,0.00,4.97,0.2122,4.900518
5534,redandblack,driving_B_2019.12.16_14.23.32.csv,346,258.8217,100.00,78.52,0.2120,5.091265
5535,soldier,static_B_2020.02.27_18.39.27.csv,1833,169.7009,38.17,-2.59,0.2119,4.660647
5536,longdress,driving_B_2019.12.17_07.32.39.csv,1847,136.0159,0.00,-69.90,0.2118,5.193644
5537,loot,static_B_2020.02.13_13.57.29.csv,2591,202.2158,43.45,49.79,0.2116,4.948884
5538,redandblack,static_B_2020.02.27_18.39.27.csv,33,248.7905,98.00,74.99,0.2115,4.319576
5539,soldier,driving_B_2020.02.14_09.38.22.csv,250,-11.6539,0.00,-434.94,0.2113,4.368250
5540,longdress,driving_B_2019.12.16_14.23.32.csv,1546,175.4160,29.50,37.64,0.2112,5.101247
5541,loot,driving_B_2019.12.16_14.23.32.csv,2146,246.3173,74.00,75.65,0.2110,4.953675
5542,redandblack,driving_B_2020.01.16_09.56.56.csv,293,246.4358,100.00,74.54,0.2109,4.962307
5543,soldier,driving_B_2019.12.16_11.49.59.csv,92,106.2492,0.00,-26.07,0.2108,4.971100
5544,longdress,static_B_2020.02.27_18.39.27.csv,573,211.6082,100.00,26.91,0.2106,4.506166
5545,loot,driving_B_2019.12.17_07.32.39.csv,47,122.1339,0.00,-42.93,0.2105,4.567803
5546,redandblack,static_B_2020.02.13_13.57.29.csv,1391,261.8468,100.00,80.14,0.2103,5.000854
5547,soldier,driving_B_2020.02.13_15.02.01.csv,795,235.4305,66.79,58.19,0.2102,4.393368
5548,longdress,driving_B_2019.12.16_12.27.05.csv,424,51.2022,0.00,-49.75,0.2100,4.817016
5549,loot,driving_B_2020.01.16_09.56.56.csv,53,65.7566,0.00,-93.54,0.2099,4.840992
5550,redandblack,driving_B_2020.02.13_13.03.24.csv,81,53.3162,0.00,-124.41,0.2098,4.680334
5551,soldier,driving_B_2020.01.16_07.26.43.csv,167,14.4827,0.00,-172.16,0.2096,4.248662
5552,longdress,driving_B_2020.02.14_07.29.00.csv,1697,233.2865,76.58,56.08,0.2095,4.679054
5553,loot,static_B_2019.12.16_13.40.04.csv,823,275.4992,100.00,86.47,0.2093,4.713564
5554,redandblack,driving_B_2020.01.16_07.26.43.csv,1547,10.1725,0.00,-349.83,0.2092,4.929746
5555,soldier,driving_B_2020.02.14_09.38.22.csv,1030,15.1595,0.00,-290.68,0.2090,4.421653
5556,longdress,driving_B_2020.02.14_09.38.22.csv,1090,-9.8242,0.00,-437.63,0.2089,4.470125
5557,loot,driving_B_2019.12.16_14.23.32.csv,106,218.9921,54.00,64.78,0.2088,4.748743
5558,redandblack,driving_B_2020.01.16_12.10.03.csv,244,253.1550,100.00,77.02,0.2086,5.069027
5559,soldier,driving_B_2020.02.13_15.02.01.csv,2475,97.5309,0.00,-189.90,0.2085,4.929115
5560,longdress,driving_B_2020.01.16_07.26.43.csv,527,121.8411,0.00,-20.44,0.2083,4.721964
5561,redandblack,driving_B_2020.02.13_15.02.01.csv,2694,51.8805,0.00,-149.08,0.2082,4.973294
5562,soldier,driving_B_2020.02.14_07.29.00.csv,269,193.7672,0.00,-18.59,0.2081,4.765445
5563,longdress,static_B_2019.12.16_13.40.04.csv,1831,162.9535,32.04,23.49,0.2079,4.898413
5564,loot,driving_B_2020.02.14_07.29.00.csv,1109,76.4172,0.00,-129.10,0.2078,4.682430
5565,redandblack,static_B_2020.02.27_18.39.27.csv,4474,178.4625,21.74,28.19,0.2076,4.108103
5566,soldier,driving_B_2020.02.13_15.02.01.csv,2214,204.1628,24.00,60.25,0.2075,5.201276
5567,longdress,driving_B_2019.12.17_07.32.39.csv,312,90.5469,0.00,-56.79,0.2073,4.902349
5568,loot,driving_B_2019.12.16_14.23.32.csv,566,220.1353,41.94,48.74,0.2072,4.356677
5569,redandblack,driving_B_2019.12.16_14.23.32.csv,1346,194.8169,34.87,33.90,0.2071,4.538591
5570,soldier,driving_B_2020.02.27_17.30.15.csv,720,-18.2590,0.00,-834.37,0.2069,4.717782
5571,longdress,static_B_2020.02.27_18.39.27.csv,1774,91.5622,0.00,-424.97,0.2068,4.858780
5572,loot,driving_B_2020.02.13_13.03.24.csv,653,0.7364,0.00,-184.08,0.2066,4.915548
5573,redandblack,static_B_2020.02.27_18.39.27.csv,814,237.7908,86.14,71.24,0.2065,4.847668
5574,soldier,static_B_2020.02.27_18.39.27.csv,4654,114.5935,0.00,-274.24,0.2063,4.959535
5575,longdress,static_B_2020.02.27_18.39.27.csv,5742,255.1257,100.00,75.67,0.2062,5.019788
5576,loot,static_B_2020.02.27_18.39.27.csv,2074,242.7007,100.00,72.74,0.2061,4.771047
5577,redandblack,static_B_2019.12.16_13.40.04.csv,991,221.1608,74.86,62.53,0.2059,5.185410
5578,soldier,driving_B_2020.02.13_15.02.01.csv,654,163.2935,0.00,0.49,0.2058,4.763019
5579,longdress,static_B_2019.12.16_13.40.04.csv,151,201.4023,57.14,46.04,0.2056,5.045357
5580,loot,driving_B_2020.02.13_15.02.01.csv,474,227.9425,81.76,66.30,0.2055,5.213269
5581,redandblack,static_B_2020.02.13_13.57.29.csv,221,213.1339,86.71,61.99,0.2053,4.971316
5582,soldier,driving_B_2020.01.16_07.26.43.csv,127,38.8489,0.00,-327.32,0.2052,4.429289
5583,longdress,static_B_2020.02.27_18.39.27.csv,4234,197.9215,47.14,37.00,0.2051,5.026157
5584,loot,static_B_2020.02.27_18.39.27.csv,3574,169.4944,0.00,6.77,0.2049,4.898072
5585,redandblack,driving_B_2019.12.17_07.32.39.csv,2172,103.4971,0.00,-43.22,0.2048,4.756703
5586,soldier,static_B_2020.02.27_18.39.27.csv,274,233.4379,88.55,67.49,0.2046,4.667667
5587,longdress,driving_B_2020.02.27_17.30.15.csv,97,-22.1077,0.00,-857.86,0.2045,4.625028
5588,loot,static_B_2020.02.27_18.39.27.csv,3814,208.6947,50.84,43.88,0.2044,4.745515
5589,redandblack,driving_B_2020.02.13_13.03.24.csv,473,97.7497,0.00,-24.05,0.2042,4.596871
5590,soldier,static_B_2020.02.27_18.39.27.csv,1234,236.6214,70.00,68.94,0.2041,5.296578
5591,longdress,driving_B_2019.12.16_12.27.05.csv,615,40.6742,0.00,-221.59,0.2039,4.809406
5592,loot,driving_B_2020.02.13_13.03.24.csv,1553,56.1375,0.00,-203.73,0.2038,4.900495
5593,redandblack,driving_B_2020.02.14_07.29.00.csv,149,98.6853,0.00,-63.82,0.2036,4.533075
5594,soldier,driving_B_2019.12.16_14.23.32.csv,1946,187.3310,36.15,26.38,0.2035,4.602846
5595,longdress,driving_B_2020.01.16_12.10.03.csv,244,237.9853,84.27,66.30,0.2034,4.598438
5596,loot,driving_B_2019.12.16_11.49.59.csv,277,40.8853,0.00,-147.03,0.2032,4.501450
5597,redandblack,static_B_2020.02.27_18.39.27.csv,4114,230.8202,74.00,68.47,0.2031,4.746700
5598,soldier,driving_B_2020.01.16_09.56.56.csv,1570,177.0637,0.00,13.81,0.2029,4.877632
5599,longdress,driving_B_2020.02.13_15.02.01.csv,1974,164.7762,0.00,-2.78,0.2028,4.289489
5600,loot,static_B_2020.02.13_13.57.29.csv,881,147.8546,9.02,-0.68,0.2026,4.679386
5601,redandblack,driving_B_2020.02.14_07.29.00.csv,29,131.4979,0.00,-14.31,0.2025,4.623300
5602,soldier,driving_B_2020.01.16_09.56.56.csv,668,63.1843,0.00,-69.91,0.2024,4.274481
5603,longdress,static_B_2020.02.14_13.21.26.csv,850,226.9921,60.85,48.37,0.2022,4.410243
5604,loot,static_B_2020.02.27_18.39.27.csv,2134,215.0631,44.77,57.27,0.2021,5.115055
5605,redandblack,driving_B_2019.12.16_14.23.32.csv,2546,66.5133,0.00,-121.42,0.2019,4.578935
5606,soldier,driving_B_2020.02.14_07.29.00.csv,569,64.1445,34.98,-18.49,0.2018,5.037105
5607,longdress,driving_B_2020.01.16_07.26.43.csv,1387,79.2176,0.00,-54.62,0.2016,4.695467
5608,loot,static_B_2020.02.27_18.39.27.csv,874,212.2797,64.70,52.52,0.2015,4.526673
5609,redandblack,driving_B_2020.02.27_17.30.15.csv,217,-46.2415,0.00,-291.66,0.2014,4.773805
5610,soldier,driving_B_2019.12.16_12.27.05.csv,795,72.8853,0.00,-65.39,0.2012,4.946805
5611,longdress,driving_B_2020.01.16_07.26.43.csv,247,85.0590,0.00,-66.31,0.2011,4.876995
5612,loot,static_B_2020.02.27_18.39.27.csv,5194,230.5154,44.00,70.01,0.2009,4.554316
5613,redandblack,driving_B_2019.12.17_07.32.39.csv,1992,216.1812,40.00,65.37,0.2008,4.776435
5614,soldier,driving_B_2020.02.27_17.30.15.csv,157,41.8589,0.00,-73.55,0.2006,5.220913
5615,longdress,driving_B_2020.02.13_15.02.01.csv,2754,67.9973,28.20,-24.63,0.2005,5.103603
5616,loot,driving_B_2020.02.13_15.02.01.csv,1494,21.9061,0.00,-193.88,0.2004,4.670425
5617,redandblack,driving_B_2019.12.16_14.23.32.csv,266,228.3013,85.39,67.26,0.2002,4.911918
5618,soldier,driving_B_2020.02.13_13.03.24.csv,2153,4.7967,0.00,-301.09,0.2001,5.281723
5619,longdress,driving_B_2020.02.14_09.38.22.csv,1478,37.6918,0.00,-86.90,0.1999,4.814649
5620,loot,static_B_2019.12.16_13.40.04.csv,1411,243.4525,80.83,58.81,0.1998,4.704841
5621,redandblack,driving_B_2019.12.17_07.32.39.csv,972,57.7346,0.00,-186.16,0.1997,4.744216
5622,soldier,static_B_2019.12.16_13.40.04.csv,211,152.7898,0.00,3.54,0.1995,4.113599
5623,longdress,driving_B_2020.01.16_07.26.43.csv,607,77.8900,54.25,4.41,0.1994,4.707497
5624,loot,driving_B_2019.12.16_11.49.59.csv,46,92.3721,0.00,-50.49,0.1992,4.984913
5625,redandblack,static_B_2020.02.27_18.39.27.csv,1174,198.8725,0.00,-176.72,0.1991,4.851064
5626,soldier,driving_B_2019.12.17_07.32.39.csv,732,88.4692,32.94,-11.66,0.1989,5.266376
5627,longdress,driving_B_2020.02.13_15.02.01.csv,354,268.2278,100.00,82.83,0.1988,4.678790
5628,loot,static_B_2020.02.13_13.57.29.csv,1361,246.3379,82.08,70.77,0.1987,4.694802
5629,redandblack,static_B_2020.02.13_13.57.29.csv,1961,189.3455,22.34,37.69,0.1985,5.031385
5630,soldier,driving_B_2020.02.13_15.02.01.csv,1134,72.8992,7.26,-24.83,0.1984,5.079797
5631,longdress,static_B_2020.02.14_13.21.26.csv,306,254.3986,100.00,76.81,0.1982,4.422515
5632,loot,driving_B_2020.01.16_09.56.56.csv,1208,167.8317,48.41,34.73,0.1981,4.418101
5633,redandblack,driving_B_2019.12.16_14.23.32.csv,2606,145.0247,0.00,-9.81,0.1979,4.514980
5634,soldier,driving_B_2020.02.14_07.29.00.csv,629,88.3328,0.00,-32.13,0.1978,5.015742
5635,longdress,static_B_2020.02.27_18.39.27.csv,2974,259.9177,100.00,75.40,0.1977,4.873884
5636,loot,static_B_2020.02.14_13.21.26.csv,66,223.3958,22.00,67.94,0.1975,4.905526
5637,redandblack,driving_B_2020.02.13_13.03.24.csv,1793,-77.5435,0.00,-727.01,0.1974,5.085268
5638,soldier,driving_B_2019.12.16_14.23.32.csv,2306,103.2121,100.00,20.91,0.1972,4.713487
5639,longdress,driving_B_2020.02.14_07.29.00.csv,1589,218.8546,68.23,53.35,0.1971,4.983035
5640,loot,driving_B_2020.02.13_15.02.01.csv,2034,235.3472,78.01,65.34,0.1969,4.846265
5641,redandblack,driving_B_2019.12.16_14.23.32.csv,1286,236.7123,80.77,68.30,0.1968,5.199658
5642,soldier,driving_B_2020.01.16_09.56.56.csv,1508,254.2071,80.18,75.76,0.1967,4.369847
5643,longdress,driving_B_2020.02.14_09.38.22.csv,1159,94.9389,60.01,19.48,0.1965,4.986604
5644,loot,static_B_2020.02.27_18.39.27.csv,994,235.5005,100.00,68.79,0.1964,5.089442
5645,redandblack,driving_B_2020.02.14_07.29.00.csv,1349,274.0923,100.00,83.10,0.1962,4.701035
5646,soldier,static_B_2020.02.13_13.57.29.csv,1841,103.5066,0.00,-45.41,0.1961,5.015492
5647,longdress,driving_B_2019.12.16_12.27.05.csv,15,51.4868,0.00,-100.26,0.1959,5.310701
5648,loot,driving_B_2020.01.16_09.56.56.csv,1568,224.8295,55.19,57.44,0.1958,4.618686
5649,redandblack,driving_B_2019.12.17_07.32.39.csv,672,70.6632,0.00,-31.06,0.1957,5.018832
5650,soldier,static_B_2020.02.13_13.57.29.csv,2201,129.7723,0.00,-30.46,0.1955,4.569077
5651,longdress,static_B_2019.12.16_13.40.04.csv,631,148.9593,55.77,14.19,0.1954,4.641236
5652,loot,driving_B_2020.01.16_09.56.56.csv,248,186.4581,4.18,24.13,0.1952,4.797892
5653,redandblack,driving_B_2020.02.14_12.58.17.csv,27,85.3588,0.00,-43.80,0.1951,4.643902
5654,soldier,driving_B_2019.12.16_11.49.59.csv,106,75.8571,0.00,-79.49,0.1950,4.726330
5655,longdress,driving_B_2019.12.17_07.32.39.csv,1632,109.5429,0.00,-25.73,0.1948,4.612399
5656,loot,driving_B_2019.12.16_12.27.05.csv,1152,195.8908,5.39,17.44,0.1947,4.561671
5657,redandblack,static_B_2020.02.27_18.39.27.csv,4774,196.6168,75.27,52.74,0.1945,4.832718
5658,soldier,driving_B_2020.02.14_07.29.00.csv,329,246.6559,87.87,73.45,0.1944,4.511930
5659,longdress,driving_B_2020.01.16_09.56.56.csv,1328,214.3858,53.68,57.15,0.1942,4.570287
5660,loot,driving_B_2020.02.14_12.58.17.csv,447,16.0441,0.00,-368.52,0.1941,4.722167
5661,redandblack,driving_B_2020.02.14_07.29.00.csv,1889,24.3946,36.28,-48.32,0.1940,4.947209
5662,soldier,static_B_2019.12.16_13.40.04.csv,451,187.0350,0.00,-314.50,0.1938,4.608439
5663,longdress,static_B_2020.02.27_18.39.27.csv,5014,234.8846,74.66,61.03,0.1937,4.595001
5664,loot,static_B_2020.02.27_18.39.27.csv,2794,231.3152,10.00,72.21,0.1935,5.540454
5665,redandblack,driving_B_2020.02.13_13.03.24.csv,593,72.1189,0.00,-70.11,0.1934,4.529590
5666,soldier,driving_B_2019.12.16_14.23.32.csv,146,270.1652,92.00,86.41,0.1932,5.153766
5667,longdress,static_B_2020.02.27_18.39.27.csv,394,214.8372,85.75,63.60,0.1931,4.897049
5668,loot,static_B_2020.02.13_13.57.29.csv,2945,224.5415,84.25,63.58,0.1930,4.879279
5669,redandblack,driving_B_2020.01.16_07.26.43.csv,1770,52.2458,0.00,-92.12,0.1928,4.960011
5670,soldier,static_B_2020.02.27_18.39.27.csv,514,98.0681,0.00,-15.09,0.1927,4.853481
5671,longdress,driving_B_2019.12.17_07.32.39.csv,252,49.7967,0.00,-53.17,0.1925,4.936371
5672,loot,driving_B_2020.02.13_13.03.24.csv,713,76.8567,0.00,-42.84,0.1924,5.184543
5673,redandblack,static_B_2020.02.27_18.39.27.csv,5254,252.9081,100.00,76.75,0.1922,4.860610
5674,soldier,driving_B_2020.02.14_09.38.22.csv,739,76.2241,0.10,-34.06,0.1921,5.582702
5675,longdress,driving_B_2020.02.13_15.02.01.csv,1014,158.5427,0.00,43.66,0.1920,4.696745
5676,loot,driving_B_2019.12.16_14.23.32.csv,1886,24.1491,0.00,-197.77,0.1918,5.287638
5677,redandblack,driving_B_2020.01.16_07.26.43.csv,1267,85.2015,34.58,-5.69,0.1917,4.411089
5678,soldier,driving_B_2019.12.17_07.32.39.csv,1272,71.7567,100.00,17.03,0.1915,4.787988
5679,longdress,driving_B_2020.02.13_15.02.01.csv,2394,7.7004,0.00,-319.04,0.1914,4.803406
5680,loot,driving_B_2019.12.16_14.23.32.csv,2366,189.4550,22.66,30.48,0.1913,4.820560
5681,redandblack,static_B_2020.02.13_13.57.29.csv,2921,216.3203,55.01,57.67,0.1911,4.650040
5682,soldier,static_B_2020.02.13_13.57.29.csv,2945,207.0138,36.15,44.72,0.1910,4.416088
5683,longdress,driving_B_2019.12.16_14.23.32.csv,206,258.3257,86.43,77.92,0.1908,4.946291
5684,loot,static_B_2020.02.13_13.57.29.csv,941,95.9800,0.00,-37.11,0.1907,5.185305
5685,redandblack,driving_B_2020.02.13_13.03.24.csv,353,57.6929,0.00,-66.07,0.1905,4.818207
5686,soldier,driving_B_2020.01.16_07.26.43.csv,907,57.3888,0.00,-49.96,0.1904,4.709848
5687,longdress,static_B_2020.02.27_18.39.27.csv,4294,209.5153,79.14,53.89,0.1903,5.072943
5688,loot,driving_B_2019.12.17_07.32.39.csv,192,85.1920,0.00,-55.15,0.1901,4.854449
5689,redandblack,driving_B_2020.02.27_17.30.15.csv,697,59.7758,0.00,-67.71,0.1900,5.090860
5690,soldier,static_B_2019.12.16_13.40.04.csv,1711,199.9081,59.86,43.26,0.1898,4.835610
5691,longdress,driving_B_2020.02.13_15.02.01.csv,594,147.6006,16.07,1.40,0.1897,5.212749
5692,loot,driving_B_2019.12.16_14.23.32.csv,2186,255.9166,100.00,77.62,0.1895,5.173617
5693,redandblack,static_B_2020.02.13_13.57.29.csv,341,171.9201,35.04,35.64,0.1894,4.445197
5694,soldier,driving_B_2019.12.16_14.23.32.csv,866,94.6746,0.00,-62.28,0.1893,4.833232
5695,longdress,driving_B_2019.12.16_14.23.32.csv,1166,156.0788,84.94,37.60,0.1891,4.550534
5696,loot,static_B_2020.02.13_13.57.29.csv,1121,185.2286,10.97,31.59,0.1890,4.483932
5697,redandblack,static_B_2020.02.27_18.39.27.csv,2434,246.0328,100.00,75.00,0.1888,5.138990
5698,soldier,driving_B_2020.02.14_07.29.00.csv,1949,8.6970,0.00,-130.94,0.1887,4.662969
5699,longdress,static_B_2020.02.27_18.39.27.csv,2494,224.6512,94.00,67.09,0.1885,4.673233
5700,loot,static_B_2019.12.16_13.40.04.csv,1531,248.5238,81.22,72.04,0.1884,4.806423
5701,redandblack,driving_B_2020.02.27_17.30.15.csv,397,9.7421,0.00,-62.76,0.1883,4.413979
5702,soldier,static_B_2020.02.27_18.39.27.csv,574,197.1042,100.00,21.67,0.1881,4.600546
5703,longdress,static_B_2019.12.16_13.40.04.csv,811,248.0604,85.29,74.89,0.1880,4.581451
5704,loot,static_B_2020.02.13_13.57.29.csv,1661,235.5026,75.82,64.23,0.1878,4.765547
5705,redandblack,driving_B_2019.12.17_07.32.39.csv,2288,202.1685,81.95,52.31,0.1877,4.495347
5706,soldier,driving_B_2020.01.16_09.56.56.csv,308,106.3212,69.67,8.45,0.1875,4.740381
5707,longdress,driving_B_2020.02.13_13.03.24.csv,413,71.5660,77.58,11.47,0.1874,4.679074
5708,loot,static_B_2020.02.27_18.39.27.csv,1474,194.9718,11.93,36.43,0.1873,5.033129
5709,redandblack,driving_B_2019.12.16_12.27.05.csv,1095,149.4082,0.00,-10.84,0.1871,5.091849
5710,soldier,driving_B_2020.01.16_09.56.56.csv,128,66.3650,0.00,-62.60,0.1870,5.084738
5711,longdress,driving_B_2019.12.17_07.32.39.csv,12,83.4063,0.00,-20.57,0.1868,4.677897
5712,loot,driving_B_2019.12.16_14.23.32.csv,2426,162.5008,3.50,15.32,0.1867,5.380322
5713,redandblack,static_B_2019.12.16_13.40.04.csv,691,232.2845,62.00,69.60,0.1866,5.079932
5714,soldier,driving_B_2020.02.14_07.29.00.csv,689,97.9325,0.00,-12.23,0.1864,4.503708
5715,longdress,driving_B_2020.01.16_07.26.43.csv,1447,5.0339,5.52,-29.38,0.1863,4.426779
5716,loot,driving_B_2020.02.27_17.30.15.csv,637,62.5988,0.00,-62.65,0.1861,5.146560
5717,redandblack,static_B_2019.12.16_13.40.04.csv,511,228.2109,100.00,48.16,0.1860,5.126229
5718,soldier,driving_B_2020.01.16_09.56.56.csv,68,53.3431,12.37,-11.85,0.1858,4.533291
5719,longdress,static_B_2020.02.27_18.39.27.csv,3934,248.1255,94.00,75.49,0.1857,4.499976
5720,loot,driving_B_2020.02.13_13.03.24.csv,113,104.0656,0.00,0.29,0.1856,5.246111
5721,redandblack,driving_B_2020.01.16_07.26.43.csv,667,71.1923,34.36,-2.58,0.1854,4.949056
5722,soldier,driving_B_2020.02.14_07.29.00.csv,1049,61.5469,33.91,-12.75,0.1853,4.555654
5723,longdress,driving_B_2019.12.16_14.23.32.csv,986,80.8935,0.00,-44.90,0.1851,5.082983
5724,loot,driving_B_2020.02.27_17.30.15.csv,457,-74.6914,0.00,-254.06,0.1850,4.269100
5725,redandblack,driving_B_2020.02.13_15.02.01.csv,2094,164.7419,0.00,3.82,0.1848,4.914815
5726,soldier,static_B_2020.02.27_18.39.27.csv,754,254.4964,86.69,78.37,0.1847,4.748391
5727,longdress,driving_B_2019.12.16_14.23.32.csv,326,254.7515,100.00,80.85,0.1846,4.850391
5728,loot,driving_B_2020.01.16_07.26.43.csv,1327,76.9686,0.00,-27.98,0.1844,5.503130
5729,redandblack,driving_B_2020.02.13_13.03.24.csv,2188,-0.4153,13.52,-72.25,0.1843,5.163387
5730,soldier,static_B_2020.02.27_18.39.27.csv,5434,109.7074,44.38,8.95,0.1841,4.659542
5731,longdress,static_B_2020.02.27_18.39.27.csv,334,252.6243,84.67,74.84,0.1840,4.682292
5732,loot,driving_B_2020.02.13_13.03.24.csv,1373,78.5252,30.35,-4.16,0.1838,4.700312
5733,redandblack,driving_B_2020.02.14_07.29.00.csv,989,113.8520,33.20,15.10,0.1837,4.747663
5734,soldier,driving_B_2020.01.16_09.56.56.csv,908,83.0096,0.00,-18.40,0.1836,5.116548
5735,longdress,static_B_2020.02.27_18.39.27.csv,5374,244.0367,84.00,73.74,0.1834,4.907495
5736,loot,driving_B_2020.02.13_15.02.01.csv,2754,101.0590,0.00,-25.52,0.1833,4.832651
5737,redandblack,static_B_2020.02.27_18.39.27.csv,3334,223.2088,67.85,59.07,0.1831,5.237149
5738,soldier,static_B_2020.02.27_18.39.27.csv,1654,230.7251,100.00,64.84,0.1830,5.163585
5739,longdress,driving_B_2020.02.14_07.29.00.csv,209,38.2953,0.00,-53.75,0.1828,4.859654
5740,loot,static_B_2019.12.16_13.40.04.csv,1904,142.8765,0.00,18.74,0.1827,4.704683
5741,redandblack,static_B_2020.02.27_18.39.27.csv,2194,258.9434,100.00,79.51,0.1826,4.846334
5742,soldier,static_B_2020.02.27_18.39.27.csv,2914,177.5676,30.66,28.27,0.1824,4.712400
5743,longdress,static_B_2020.02.14_13.21.26.csv,246,266.5672,100.00,82.75,0.1823,5.164296
5744,loot,static_B_2020.02.13_13.57.29.csv,1301,243.7692,78.34,61.96,0.1821,5.038522
5745,redandblack,driving_B_2019.12.16_14.23.32.csv,1586,152.5404,0.00,13.48,0.1820,5.070944
5746,soldier,static_B_2020.02.27_18.39.27.csv,5734,225.8355,76.58,63.05,0.1819,4.812687
5747,longdress,static_B_2020.02.27_18.39.27.csv,3094,77.4853,0.00,-33.07,0.1817,4.708806
5748,loot,static_B_2019.12.16_13.40.04.csv,91,203.6063,34.00,59.91,0.1816,5.062846
5749,redandblack,static_B_2020.02.13_13.57.29.csv,2081,260.5755,76.00,81.87,0.1814,4.936835
5750,soldier,driving_B_2020.02.14_09.38.22.csv,19,9.5995,0.00,-50.96,0.1813,5.038679
5751,longdress,driving_B_2020.02.14_09.38.22.csv,199,19.2583,0.00,-119.73,0.1811,4.985196
5752,loot,driving_B_2019.12.16_14.23.32.csv,626,215.3970,60.58,56.86,0.1810,4.362905
5753,redandblack,static_B_2020.02.27_18.39.27.csv,5742,252.1180,96.00,75.28,0.1809,4.977711
5754,soldier,driving_B_2020.02.13_15.02.01.csv,1074,151.9559,44.51,27.62,0.1807,4.931060
5755,longdress,static_B_2019.12.16_13.40.04.csv,331,42.9646,0.00,-29.23,0.1806,4.642998
5756,loot,static_B_2020.02.13_13.57.29.csv,2021,265.0057,100.00,82.48,0.1804,4.694803
5757,redandblack,driving_B_2019.12.17_07.32.39.csv,912,11.2236,0.00,-89.12,0.1803,4.731262
5758,soldier,driving_B_2020.02.14_07.29.00.csv,449,-49.6846,0.00,-93.62,0.1801,5.228192
5759,longdress,driving_B_2020.02.13_13.03.24.csv,293,62.0215,7.12,-13.46,0.1800,5.109936
5760,loot,driving_B_2020.02.13_15.02.01.csv,114,272.3848,100.00,85.73,0.1799,4.994380
5761,redandblack,static_B_2020.02.13_13.57.29.csv,521,192.6269,6.97,33.14,0.1797,5.106566
5762,soldier,driving_B_2020.02.14_07.29.00.csv,1769,249.6359,100.00,71.11,0.1796,5.401305
5763,longdress,static_B_2020.02.13_13.57.29.csv,2141,86.2197,0.00,-25.52,0.1794,4.836148
5764,loot,driving_B_2020.02.14_09.38.22.csv,379,61.6633,0.00,-44.14,0.1793,5.196616
5765,redandblack,driving_B_2020.02.13_13.03.24.csv,1133,-22.2200,0.00,-98.59,0.1791,5.055605
5766,soldier,driving_B_2020.02.13_15.02.01.csv,1614,-49.2395,0.00,-211.76,0.1790,5.087212
5767,longdress,driving_B_2020.02.14_09.38.22.csv,1478,51.6175,0.00,-40.42,0.1789,4.882099
5768,loot,driving_B_2019.12.16_14.23.32.csv,2246,115.6636,0.00,-108.17,0.1787,4.841150
5769,redandblack,driving_B_2020.02.13_15.02.01.csv,2574,223.9771,58.00,67.00,0.1786,4.696126
5770,soldier,driving_B_2020.02.13_13.03.24.csv,1433,30.0526,0.00,-79.61,0.1784,4.819947
5771,longdress,static_B_2020.02.13_13.57.29.csv,2501,235.3363,79.00,68.17,0.1783,4.478610
5772,loot,static_B_2020.02.27_18.39.27.csv,2674,168.1313,0.00,10.75,0.1782,5.104439
5773,redandblack,static_B_2019.12.16_13.40.04.csv,871,226.2704,68.24,55.56,0.1780,4.471307
5774,soldier,static_B_2020.02.27_18.39.27.csv,3274,244.9092,92.00,75.52,0.1779,4.920345
5775,longdress,driving_B_2020.02.13_13.03.24.csv,1193,46.1338,0.00,-61.08,0.1777,4.574518
5776,loot,driving_B_2020.02.27_17.30.15.csv,577,78.6366,0.00,-53.08,0.1776,4.666846
5777,redandblack,driving_B_2019.12.16_11.49.59.csv,277,46.0115,0.00,-63.24,0.1774,4.727250
5778,soldier,driving_B_2020.02.14_09.38.22.csv,1459,129.6511,27.48,18.28,0.1773,5.046254
5779,longdress,driving_B_2020.02.27_17.30.15.csv,37,53.8431,0.00,-61.54,0.1772,4.845955
5780,loot,static_B_2020.02.13_13.57.29.csv,41,209.0696,66.34,55.48,0.1770,4.790597
5781,redandblack,static_B_2020.02.14_13.21.26.csv,126,237.6043,54.00,73.01,0.1769,4.969570
5782,soldier,static_B_2020.02.27_18.39.27.csv,2374,193.2568,100.00,17.70,0.1767,4.427368
5783,longdress,driving_B_2020.02.13_15.02.01.csv,1254,131.4468,0.00,-25.43,0.1766,4.503107
5784,loot,driving_B_2019.12.17_07.32.39.csv,432,245.8866,72.97,64.86,0.1764,5.398431
5785,redandblack,static_B_2020.02.13_13.57.29.csv,1421,251.8453,100.00,76.86,0.1763,4.694248
5786,soldier,static_B_2020.02.14_13.21.26.csv,6,131.4092,0.00,-33.16,0.1762,4.691034
5787,longdress,static_B_2020.02.14_13.21.26.csv,726,266.8689,100.00,82.19,0.1760,4.584670
5788,loot,driving_B_2020.02.13_15.02.01.csv,1734,285.8871,100.00,91.20,0.1759,4.716822
5789,redandblack,driving_B_2020.02.14_09.38.22.csv,799,113.8172,0.00,-126.31,0.1757,4.818748
5790,soldier,driving_B_2020.01.16_07.26.43.csv,1507,71.0780,10.89,-5.90,0.1756,4.813402
5791,longdress,driving_B_2020.02.14_09.38.22.csv,1219,55.3257,0.00,-55.85,0.1754,5.217904
5792,loot,driving_B_2020.02.27_17.30.15.csv,517,-7.3964,0.00,-83.93,0.1753,4.612259
5793,redandblack,driving_B_2020.01.16_09.56.56.csv,188,184.4900,73.38,40.23,0.1752,4.699744
5794,soldier,static_B_2020.02.13_13.57.29.csv,1601,228.2567,85.28,69.32,0.1750,4.663872
5795,longdress,driving_B_2020.02.13_13.03.24.csv,1673,223.0189,66.22,52.18,0.1749,4.862598
5796,loot,driving_B_2020.02.27_17.30.15.csv,337,57.0238,0.00,-87.60,0.1747,4.827081
5797,redandblack,driving_B_2019.12.16_12.27.05.csv,855,208.6576,48.00,45.82,0.1746,4.809012
5798,soldier,driving_B_2020.02.14_12.58.17.csv,747,25.6877,1.47,-56.55,0.1744,5.051216
5799,longdress,driving_B_2019.12.16_14.23.32.csv,506,247.8236,74.27,70.67,0.1743,5.386637
5800,loot,driving_B_2020.02.13_15.02.01.csv,174,248.1698,100.00,73.18,0.1742,5.246490
5801,redandblack,driving_B_2020.02.14_07.29.00.csv,929,194.1267,61.85,49.13,0.1740,5.098951
5802,soldier,driving_B_2020.02.13_15.02.01.csv,834,67.2083,5.28,-24.55,0.1739,5.097521
5803,longdress,driving_B_2020.01.16_09.56.56.csv,488,221.5905,80.55,63.84,0.1737,4.306837
5804,loot,static_B_2020.02.27_18.39.27.csv,5494,224.5415,48.00,69.61,0.1736,4.485247
5805,redandblack,driving_B_2020.02.14_09.38.22.csv,259,24.9530,0.00,-73.04,0.1735,4.979873
5806,soldier,driving_B_2019.12.16_14.23.32.csv,446,261.2495,84.19,80.94,0.1733,4.496947
5807,longdress,driving_B_2019.12.17_07.32.39.csv,612,77.3812,0.00,-34.73,0.1732,4.684774
5808,loot,driving_B_2020.01.16_12.10.03.csv,107,219.2557,0.00,68.24,0.1730,4.640656
5809,redandblack,static_B_2020.02.27_18.39.27.csv,214,251.0671,66.00,78.60,0.1729,4.912330
5810,soldier,driving_B_2020.02.14_12.58.17.csv,687,60.9201,37.15,-9.03,0.1727,4.575969
5811,longdress,static_B_2020.02.27_18.39.27.csv,3634,224.8060,54.28,62.99,0.1726,4.646150
5812,loot,driving_B_2020.01.16_07.26.43.csv,307,149.0320,1.02,21.91,0.1725,4.590784
5813,redandblack,static_B_2020.02.27_18.39.27.csv,1294,227.0208,100.00,67.25,0.1723,4.853674
5814,soldier,driving_B_2020.01.16_07.26.43.csv,787,100.4933,0.00,-5.43,0.1722,5.110894
5815,longdress,driving_B_2020.02.14_12.58.17.csv,800,68.8399,16.04,-11.67,0.1720,4.784553
5816,loot,static_B_2020.02.27_18.39.27.csv,694,265.3924,100.00,82.82,0.1719,5.133230
5817,redandblack,driving_B_2020.02.14_09.38.22.csv,1399,47.8173,0.00,-16.72,0.1717,4.517794
5818,soldier,static_B_2020.02.13_13.57.29.csv,101,161.9470,60.17,40.56,0.1716,4.994457
5819,longdress,driving_B_2020.01.16_07.26.43.csv,487,96.6275,67.46,21.09,0.1715,4.903501
5820,loot,driving_B_2020.02.13_15.02.01.csv,1554,26.7554,0.00,-425.58,0.1713,4.916182
5821,redandblack,driving_B_2020.02.14_12.58.17.csv,800,141.5305,26.12,15.13,0.1712,4.786582
5822,soldier,driving_B_2020.02.13_15.02.01.csv,714,98.3322,0.00,-11.79,0.1710,4.835133
5823,longdress,driving_B_2019.12.17_07.32.39.csv,2288,244.1669,53.22,61.46,0.1709,5.143577
5824,loot,driving_B_2020.02.14_07.29.00.csv,509,127.2823,0.00,5.95,0.1707,5.108378
5825,redandblack,driving_B_2019.12.16_12.27.05.csv,735,227.8054,59.36,62.41,0.1706,4.617527
5826,soldier,driving_B_2019.12.16_14.23.32.csv,2066,158.5175,0.00,-76.43,0.1705,4.747573
5827,longdress,static_B_2019.12.16_13.40.04.csv,1471,260.0474,100.00,79.35,0.1703,4.783271
5828,loot,static_B_2019.12.16_13.40.04.csv,1771,255.9380,81.88,76.36,0.1702,5.388852
5829,redandblack,static_B_2020.02.13_13.57.29.csv,2861,219.7052,47.72,48.52,0.1700,4.928670
5830,soldier,driving_B_2020.02.14_07.29.00.csv,869,185.4904,33.08,30.68,0.1699,4.713940
5831,longdress,driving_B_2019.12.16_14.23.32.csv,2616,138.5009,23.29,18.27,0.1698,4.932194
5832,loot,driving_B_2019.12.16_14.23.32.csv,686,234.6552,53.55,59.41,0.1696,5.017026
5833,redandblack,driving_B_2019.12.16_12.27.05.csv,315,83.2255,0.00,-32.60,0.1695,4.928192
5834,soldier,static_B_2020.02.27_18.39.27.csv,1594,199.0232,37.93,42.52,0.1693,4.562249
5835,longdress,static_B_2020.02.13_13.57.29.csv,461,181.3647,62.32,41.64,0.1692,4.900064
5836,loot,static_B_2020.02.14_13.21.26.csv,846,203.8258,33.22,45.95,0.1690,4.742856
5837,redandblack,static_B_2019.12.16_13.40.04.csv,571,231.3551,75.02,61.60,0.1689,5.196037
5838,soldier,static_B_2020.02.27_18.39.27.csv,3694,259.5208,100.00,82.64,0.1688,5.152439
5839,longdress,driving_B_2019.12.16_14.23.32.csv,746,210.1958,100.00,55.79,0.1686,4.669764
5840,loot,static_B_2020.02.14_13.21.26.csv,606,217.8379,32.00,66.23,0.1685,4.945868
5841,redandblack,driving_B_2020.02.14_07.29.00.csv,1169,212.0527,65.55,52.25,0.1683,4.996229
5842,soldier,driving_B_2020.01.16_07.26.43.csv,847,126.2178,34.05,12.68,0.1682,5.194482
5843,longdress,driving_B_2020.02.13_13.03.24.csv,2033,31.7274,0.00,-94.04,0.1680,5.166340
5844,loot,driving_B_2019.12.17_07.32.39.csv,492,132.8246,9.82,8.63,0.1679,4.887438
5845,redandblack,static_B_2020.02.14_13.21.26.csv,546,228.6084,86.38,68.64,0.1678,5.035352
5846,soldier,driving_B_2020.01.16_09.56.56.csv,8,153.0161,46.99,36.22,0.1676,4.650813
5847,longdress,driving_B_2019.12.16_12.27.05.csv,675,101.7708,0.00,-33.98,0.1675,4.796879
5848,loot,driving_B_2019.12.16_11.49.59.csv,226,52.3416,0.00,-71.10,0.1673,5.275438
5849,redandblack,static_B_2020.02.27_18.39.27.csv,3994,263.6798,68.00,83.40,0.1672,4.904304
5850,soldier,driving_B_2019.12.17_07.32.39.csv,552,77.5195,0.00,-34.51,0.1670,5.137523
5851,longdress,driving_B_2020.01.16_09.56.56.csv,428,82.2857,0.00,-36.71,0.1669,4.890358
5852,loot,driving_B_2020.02.14_12.58.17.csv,627,68.2213,0.00,-60.63,0.1668,4.909280
5853,redandblack,driving_B_2019.12.16_12.27.05.csv,435,83.8681,0.00,-26.47,0.1666,4.606307
5854,soldier,driving_B_2020.02.13_15.02.01.csv,234,189.5771,37.03,40.19,0.1665,5.064194
5855,longdress,static_B_2020.02.27_18.39.27.csv,3214,232.3006,100.00,50.44,0.1663,4.968799
5856,loot,static_B_2019.12.16_13.40.04.csv,1111,107.0090,0.00,-485.26,0.1662,5.069830
5857,redandblack,static_B_2020.02.27_18.39.27.csv,4054,249.6822,72.00,76.40,0.1660,5.068717
5858,soldier,driving_B_2019.12.16_12.27.05.csv,975,271.8771,88.85,84.97,0.1659,5.158551
5859,longdress,driving_B_2019.12.16_14.23.32.csv,2006,258.4126,86.35,80.90,0.1658,4.954638
5860,loot,static_B_2020.02.27_18.39.27.csv,4594,192.4533,0.00,30.75,0.1656,4.845470
5861,redandblack,driving_B_2019.12.17_07.32.39.csv,1452,131.0390,0.00,-3.31,0.1655,4.974152
5862,soldier,driving_B_2019.12.16_14.23.32.csv,386,243.4658,66.00,75.90,0.1653,5.113507
5863,longdress,driving_B_2019.12.17_07.32.39.csv,1872,163.3437,52.35,33.16,0.1652,5.336138
5864,loot,static_B_2020.02.27_18.39.27.csv,3754,248.3683,100.00,74.86,0.1651,5.016673
5865,redandblack,driving_B_2020.01.16_09.56.56.csv,968,107.9800,0.00,-23.09,0.1649,5.167020
5866,soldier,static_B_2020.02.13_13.57.29.csv,2381,190.4157,11.51,34.95,0.1648,4.530651
5867,longdress,driving_B_2020.01.16_07.26.43.csv,727,115.0487,0.00,-9.84,0.1646,4.730258
5868,loot,driving_B_2020.02.13_13.03.24.csv,53,108.7870,0.00,-19.46,0.1645,4.948817
5869,redandblack,static_B_2020.02.13_13.57.29.csv,2561,198.5275,10.00,59.46,0.1643,4.750999
5870,soldier,static_B_2020.02.27_18.39.27.csv,5674,255.8396,85.02,75.70,0.1642,4.975097
5871,longdress,driving_B_2020.02.14_09.38.22.csv,859,255.5303,85.06,76.35,0.1641,4.839067
5872,loot,static_B_2020.02.13_13.57.29.csv,2621,201.5411,0.00,63.55,0.1639,5.255658
5873,redandblack,driving_B_2019.12.16_12.27.05.csv,495,-26.5685,0.00,-170.98,0.1638,5.298803
5874,soldier,driving_B_2020.02.13_13.03.24.csv,1493,26.4331,0.00,-79.56,0.1636,4.741591
5875,longdress,static_B_2020.02.13_13.57.29.csv,1241,250.5896,100.00,76.01,0.1635,5.026976
5876,loot,driving_B_2019.12.17_07.32.39.csv,2052,171.5936,0.00,7.33,0.1633,4.840823
5877,redandblack,driving_B_2020.02.13_13.03.24.csv,1073,74.7158,0.00,-30.26,0.1632,4.930878
5878,soldier,driving_B_2020.01.16_12.10.03.csv,47,264.9532,76.00,82.95,0.1631,4.911977
5879,longdress,static_B_2019.12.16_13.40.04.csv,751,237.7320,100.00,71.35,0.1629,4.927845
5880,loot,driving_B_2020.02.14_12.58.17.csv,87,85.0393,0.00,-116.80,0.1628,4.745961
5881,redandblack,driving_B_2020.02.13_15.02.01.csv,294,236.3415,83.49,68.76,0.1626,4.563207
5882,soldier,driving_B_2019.12.17_07.32.39.csv,132,70.2547,0.00,-38.51,0.1625,5.102803
5883,longdress,driving_B_2020.02.13_15.02.01.csv,414,257.6984,72.00,79.88,0.1623,4.695410
5884,loot,driving_B_2020.01.16_07.26.43.csv,367,26.2515,0.00,-65.08,0.1622,5.471422
5885,redandblack,static_B_2020.02.27_18.39.27.csv,3454,255.0701,86.62,78.88,0.1621,5.125859
5886,soldier,driving_B_2019.12.16_14.23.32.csv,1226,255.9264,77.25,74.00,0.1619,4.870175
5887,longdress,static_B_2020.02.13_13.57.29.csv,2321,183.8024,0.00,27.08,0.1618,4.851639
5888,loot,static_B_2020.02.14_13.21.26.csv,366,240.0627,36.00,74.40,0.1616,5.009149
5889,redandblack,driving_B_2020.02.14_09.38.22.csv,559,265.5400,82.23,81.41,0.1615,4.990240
5890,soldier,static_B_2020.02.27_18.39.27.csv,34,270.0034,100.00,83.85,0.1613,4.652373
5891,longdress,static_B_2019.12.16_13.40.04.csv,1231,251.6987,100.00,69.62,0.1612,5.039767
5892,loot,driving_B_2020.02.13_15.02.01.csv,1794,225.0922,66.00,68.10,0.1611,4.667866
5893,redandblack,driving_B_2020.02.14_09.38.22.csv,139,91.5520,0.00,-40.30,0.1609,5.011905
5894,soldier,driving_B_2020.01.16_09.56.56.csv,368,103.5459,24.22,-11.14,0.1608,5.012365
5895,longdress,driving_B_2020.02.13_13.03.24.csv,2188,16.5135,0.00,-103.98,0.1606,4.680738
5896,loot,driving_B_2020.02.13_13.03.24.csv,1853,-108.3282,0.00,-332.79,0.1605,4.751953
5897,redandblack,driving_B_2020.01.16_09.56.56.csv,788,187.7018,6.88,28.92,0.1604,4.354874
5898,soldier,driving_B_2020.02.13_13.03.24.csv,533,66.6599,0.00,-16.14,0.1602,5.240896
5899,longdress,driving_B_2019.12.17_07.32.39.csv,1752,90.0825,58.43,10.42,0.1601,4.927719
5900,loot,static_B_2020.02.13_13.57.29.csv,701,107.7640,0.00,-29.47,0.1599,5.055380
5901,redandblack,driving_B_2020.01.16_07.26.43.csv,7,102.6515,0.00,-52.70,0.1598,5.280426
5902,soldier,driving_B_2020.02.27_17.30.15.csv,277,-4.4016,0.00,-115.04,0.1596,4.815879
5903,longdress,static_B_2020.02.27_18.39.27.csv,3154,40.2274,0.00,-314.95,0.1595,4.590587
5904,loot,driving_B_2020.01.16_07.26.43.csv,967,98.0841,0.00,-94.76,0.1594,4.666759
5905,redandblack,static_B_2020.02.14_13.21.26.csv,666,242.6564,62.00,74.90,0.1592,4.779128
5906,soldier,static_B_2020.02.27_18.39.27.csv,454,210.9196,64.91,50.33,0.1591,4.873465
5907,longdress,driving_B_2019.12.16_14.23.32.csv,1106,215.0266,51.43,45.59,0.1589,4.968113
5908,loot,driving_B_2020.02.14_07.29.00.csv,1409,145.5086,0.00,39.88,0.1588,4.844699
5909,redandblack,driving_B_2020.02.13_13.03.24.csv,1973,68.4259,0.00,-111.30,0.1586,4.824148
5910,soldier,driving_B_2019.12.16_14.23.32.csv,1466,158.0712,32.34,31.05,0.1585,5.019783
5911,longdress,driving_B_2020.02.14_07.29.00.csv,1970,44.6254,0.00,-58.13,0.1584,4.971255
5912,loot,driving_B_2020.01.16_12.10.03.csv,244,265.3432,100.00,83.87,0.1582,4.800562
5913,redandblack,driving_B_2020.02.13_13.03.24.csv,833,85.2396,9.46,-18.93,0.1581,4.655895
5914,soldier,driving_B_2020.01.16_07.26.43.csv,1087,89.5085,0.00,-28.51,0.1579,5.477786
5915,longdress,static_B_2019.12.16_13.40.04.csv,1351,68.2061,0.00,-239.10,0.1578,5.117250
5916,loot,driving_B_2020.02.13_15.02.01.csv,2154,253.3348,86.00,77.58,0.1576,5.014369
5917,redandblack,driving_B_2020.01.16_09.56.56.csv,1448,259.9686,100.00,80.61,0.1575,4.633387
5918,soldier,static_B_2020.02.27_18.39.27.csv,5614,267.9763,100.00,82.47,0.1574,5.149272
5919,longdress,driving_B_2019.12.16_12.27.05.csv,75,98.6024,20.46,-4.44,0.1572,5.053426
5920,loot,static_B_2020.02.27_18.39.27.csv,1834,168.5057,56.95,6.99,0.1571,4.825813
5921,redandblack,driving_B_2020.02.13_13.03.24.csv,2093,-10.4988,0.00,-286.97,0.1569,4.635566
5922,soldier,driving_B_2020.02.14_09.38.22.csv,319,14.6097,0.00,-85.56,0.1568,4.812123
5923,longdress,driving_B_2020.02.13_13.03.24.csv,1733,238.3040,82.08,68.69,0.1567,4.862511
5924,loot,driving_B_2020.01.16_09.56.56.csv,548,211.1614,38.71,52.36,0.1565,4.741502
5925,redandblack,driving_B_2020.02.14_07.29.00.csv,1970,53.8543,0.00,-39.95,0.1564,4.982953
5926,soldier,static_B_2020.02.27_18.39.27.csv,3034,201.5113,55.36,44.07,0.1562,4.684406
5927,longdress,driving_B_2020.02.13_13.03.24.csv,1253,53.6767,0.00,-34.71,0.1561,4.319858
5928,loot,static_B_2020.02.27_18.39.27.csv,2854,257.6254,100.00,78.44,0.1559,4.905423
5929,redandblack,driving_B_2020.02.13_15.02.01.csv,1314,-57.6905,0.00,-190.66,0.1558,5.203816
5930,soldier,driving_B_2019.12.16_12.27.05.csv,915,257.8983,100.00,79.18,0.1557,4.673337
5931,longdress,static_B_2020.02.27_18.39.27.csv,5134,249.9800,84.88,77.41,0.1555,4.804084
5932,loot,static_B_2020.02.27_18.39.27.csv,4534,217.6948,61.92,58.24,0.1554,5.293225
5933,redandblack,driving_B_2020.02.14_12.58.17.csv,507,55.3165,0.00,-53.06,0.1552,5.188947
5934,soldier,driving_B_2020.02.14_09.38.22.csv,1039,97.3048,0.00,-57.37,0.1551,4.570732
5935,longdress,driving_B_2020.02.13_15.02.01.csv,1854,224.5346,23.17,17.05,0.1549,4.960185
5936,loot,driving_B_2020.02.13_15.02.01.csv,2754,102.3439,0.00,-2.19,0.1548,5.539006
5937,redandblack,driving_B_2019.12.16_12.27.05.csv,255,84.6968,0.00,-36.61,0.1547,5.340229
5938,soldier,driving_B_2020.01.16_07.26.43.csv,547,118.9592,0.03,7.97,0.1545,4.700245
5939,longdress,static_B_2020.02.13_13.57.29.csv,1061,165.4614,47.38,35.42,0.1544,4.972481
5940,loot,driving_B_2019.12.17_07.32.39.csv,1812,106.9804,0.00,-5.61,0.1542,4.599428
5941,redandblack,driving_B_2020.02.13_13.03.24.csv,1913,-28.7605,0.00,-222.10,0.1541,4.911088
5942,soldier,driving_B_2019.12.17_07.32.39.csv,2232,229.6263,79.66,63.50,0.1539,4.243507
5943,longdress,driving_B_2020.02.13_15.02.01.csv,2454,30.2557,0.00,-269.99,0.1538,4.878969
5944,loot,static_B_2020.02.27_18.39.27.csv,1714,233.4994,79.41,63.00,0.1537,5.111872
5945,redandblack,driving_B_2020.02.14_07.29.00.csv,1469,182.0041,0.00,18.25,0.1535,4.922736
5946,soldier,driving_B_2020.02.14_09.38.22.csv,1279,258.9450,100.00,78.06,0.1534,5.327837
5947,longdress,static_B_2020.02.27_18.39.27.csv,94,264.1833,100.00,80.67,0.1532,4.427966
5948,loot,driving_B_2020.02.14_09.38.22.csv,679,226.0000,63.33,59.24,0.1531,4.985313
5949,redandblack,driving_B_2019.12.17_07.32.39.csv,1572,101.5997,0.00,-49.22,0.1529,5.166934
5950,soldier,static_B_2020.02.13_13.57.29.csv,641,144.4127,20.32,20.77,0.1528,5.350476
5951,longdress,driving_B_2020.02.14_12.58.17.csv,327,-28.0434,0.00,-277.49,0.1527,4.727918
5952,loot,static_B_2020.02.27_18.39.27.csv,4354,239.6532,77.09,62.19,0.1525,4.980144
5953,redandblack,driving_B_2020.02.13_15.02.01.csv,1914,194.9667,52.98,42.61,0.1524,4.965848
5954,soldier,static_B_2020.02.27_18.39.27.csv,4174,235.1518,100.00,68.11,0.1522,5.074260
5955,longdress,driving_B_2019.12.16_11.49.59.csv,166,62.3876,0.00,-25.12,0.1521,4.936844
5956,loot,driving_B_2020.02.14_12.58.17.csv,207,-66.7875,0.00,-490.52,0.1520,4.627077
5957,redandblack,driving_B_2019.12.16_14.23.32.csv,86,191.5024,30.00,55.54,0.1518,4.863818
5958,soldier,driving_B_2020.02.14_07.29.00.csv,1289,200.1716,20.43,42.25,0.1517,5.098675
5959,longdress,driving_B_2020.01.16_09.56.56.csv,1088,126.4996,53.36,18.05,0.1515,4.892273
5960,loot,static_B_2020.02.13_13.57.29.csv,1181,232.1368,77.33,65.74,0.1514,5.129010
5961,redandblack,driving_B_2020.02.13_15.02.01.csv,1194,211.1519,56.31,39.16,0.1512,5.068412
5962,soldier,static_B_2020.02.27_18.39.27.csv,3394,268.3026,100.00,84.20,0.1511,4.972724
5963,longdress,static_B_2020.02.13_13.57.29.csv,821,148.2915,0.00,-1.97,0.1510,5.022795
5964,loot,static_B_2020.02.27_18.39.27.csv,1894,204.3721,0.00,62.48,0.1508,5.350040
5965,redandblack,static_B_2020.02.13_13.57.29.csv,1781,207.8020,44.00,61.13,0.1507,4.951482
5966,soldier,static_B_2020.02.13_13.57.29.csv,2801,165.9455,65.93,39.11,0.1505,4.960967
5967,longdress,driving_B_2020.01.16_07.26.43.csv,1747,123.3133,37.06,16.20,0.1504,5.203770
5968,loot,driving_B_2020.02.13_15.02.01.csv,2334,-28.0807,0.00,-149.45,0.1502,4.909344
5969,redandblack,static_B_2020.02.13_13.57.29.csv,1901,227.6495,83.81,66.60,0.1501,4.586244
5970,soldier,driving_B_2020.01.16_07.26.43.csv,187,68.9693,0.00,-47.30,0.1500,5.390866
5971,longdress,driving_B_2020.02.13_13.03.24.csv,233,90.8397,15.19,-16.10,0.1498,4.703413
5972,loot,static_B_2020.02.14_13.21.26.csv,786,269.2120,78.00,84.85,0.1497,5.044579
5973,redandblack,driving_B_2020.01.16_07.26.43.csv,427,117.4195,0.48,7.09,0.1495,5.509394
5974,soldier,driving_B_2020.02.14_07.29.00.csv,749,135.3416,69.26,22.90,0.1494,5.062842
5975,longdress,driving_B_2019.12.16_12.27.05.csv,135,144.8166,34.16,18.38,0.1492,4.724859
5976,loot,driving_B_2019.12.16_12.27.05.csv,1152,145.2987,18.27,17.24,0.1491,4.630576
5977,redandblack,static_B_2020.02.27_18.39.27.csv,5554,201.2702,38.00,57.99,0.1490,5.077382
5978,soldier,driving_B_2020.02.13_15.02.01.csv,1434,80.9334,0.00,-28.40,0.1488,4.883920
5979,longdress,driving_B_2020.02.14_07.29.00.csv,1709,227.9688,60.21,55.51,0.1487,4.843670
5980,loot,driving_B_2019.12.16_14.23.32.csv,1646,235.4909,78.00,72.82,0.1485,5.191235
5981,redandblack,driving_B_2020.02.27_17.30.15.csv,720,54.1588,0.00,-56.24,0.1484,4.545278
5982,soldier,driving_B_2020.02.13_15.02.01.csv,54,244.2254,85.22,75.85,0.1483,4.998399
5983,longdress,driving_B_2020.02.14_09.38.22.csv,619,184.5546,100.00,52.21,0.1481,4.803632
5984,loot,static_B_2020.02.13_13.57.29.csv,2741,164.7084,0.00,24.28,0.1480,5.123904
5985,redandblack,static_B_2020.02.27_18.39.27.csv,1054,225.8371,84.12,66.30,0.1478,5.329651
5986,soldier,driving_B_2020.02.13_13.03.24.csv,893,40.8566,0.00,-50.92,0.1477,4.800512
5987,longdress,driving_B_2020.01.16_07.26.43.csv,1687,95.3499,0.00,-32.62,0.1475,5.189888
5988,loot,driving_B_2019.12.16_11.49.59.csv,277,60.0839,0.00,-55.10,0.1474,4.975226
5989,redandblack,static_B_2020.02.27_18.39.27.csv,1354,262.4860,85.84,82.21,0.1473,4.995116
5990,soldier,driving_B_2020.01.16_07.26.43.csv,67,135.6874,15.73,19.30,0.1471,4.830216
5991,longdress,static_B_2020.02.27_18.39.27.csv,3874,120.6328,45.85,18.80,0.1470,4.936994
5992,loot,driving_B_2019.12.16_14.23.32.csv,1526,170.3774,5.43,24.69,0.1468,5.016363
5993,redandblack,driving_B_2020.02.13_13.03.24.csv,1313,92.7429,0.00,-42.34,0.1467,5.055318
5994,soldier,driving_B_2020.01.16_07.26.43.csv,1147,134.2245,0.00,-9.01,0.1465,5.020070
5995,longdress,driving_B_2019.12.17_07.32.39.csv,1512,85.6354,0.00,-15.65,0.1464,5.018626
5996,loot,driving_B_2020.02.13_15.02.01.csv,534,164.5742,30.91,36.88,0.1463,4.945059
5997,redandblack,static_B_2020.02.13_13.57.29.csv,1481,192.0288,68.11,51.10,0.1461,5.477085
5998,soldier,driving_B_2019.12.17_07.32.39.csv,1032,186.2947,72.52,47.90,0.1460,5.201880
5999,longdress,driving_B_2020.02.14_09.38.22.csv,1099,112.9318,84.14,19.65,0.1458,5.554504
6000,loot,driving_B_2020.01.16_09.56.56.csv,728,213.0736,38.84,50.07,0.1457,4.919420
6001,redandblack,static_B_2019.12.16_13.40.04.csv,1591,247.1875,100.00,74.10,0.1455,4.738944
6002,soldier,driving_B_2020.01.16_09.56.56.csv,608,244.9641,100.00,70.03,0.1454,4.591481
6003,longdress,static_B_2019.12.16_13.40.04.csv,1651,186.6160,49.50,39.94,0.1453,5.114585
6004,loot,static_B_2020.02.27_18.39.27.csv,634,255.6319,84.00,78.96,0.1451,4.606102
6005,redandblack,static_B_2020.02.27_18.39.27.csv,1954,210.9446,34.76,49.22,0.1450,4.635459
6006,soldier,static_B_2020.02.27_18.39.27.csv,4834,242.8808,83.11,72.51,0.1448,4.866520
6007,longdress,driving_B_2020.02.13_15.02.01.csv,2634,256.3909,80.54,77.64,0.1447,5.074805
6008,loot,driving_B_2019.12.17_07.32.39.csv,1092,167.5150,0.00,-9.80,0.1445,5.142255
6009,redandblack,driving_B_2020.02.14_09.38.22.csv,79,112.7721,17.41,4.37,0.1444,4.957579
6010,soldier,driving_B_2020.02.14_07.29.00.csv,1649,176.4001,59.18,40.56,0.1443,5.102246
6011,longdress,driving_B_2020.02.14_09.38.22.csv,439,151.7214,0.00,-2.38,0.1441,5.117575
6012,loot,static_B_2020.02.27_18.39.27.csv,154,256.4141,96.00,79.94,0.1440,5.032206
6013,redandblack,static_B_2019.12.16_13.40.04.csv,931,182.8030,36.80,41.17,0.1438,5.109591
6014,soldier,driving_B_2020.02.14_07.29.00.csv,1229,204.5345,42.76,40.59,0.1437,5.261738
6015,longdress,driving_B_2020.02.13_15.02.01.csv,1674,75.4743,26.04,-12.27,0.1436,4.612585
6016,loot,static_B_2020.02.14_13.21.26.csv,486,273.7838,85.37,86.44,0.1434,4.703757
6017,redandblack,static_B_2019.12.16_13.40.04.csv,31,227.3642,81.15,62.58,0.1433,5.240457
6018,soldier,driving_B_2020.02.14_07.29.00.csv,1829,232.3062,100.00,67.41,0.1431,5.025771
6019,longdress,driving_B_2019.12.17_07.32.39.csv,1152,101.5971,9.71,-6.77,0.1430,4.769968
6020,loot,driving_B_2019.12.17_07.32.39.csv,1932,207.1335,30.00,61.25,0.1428,4.790020
6021,redandblack,static_B_2020.02.13_13.57.29.csv,761,164.2229,24.73,27.95,0.1427,5.081184
6022,soldier,static_B_2020.02.27_18.39.27.csv,4954,284.7378,100.00,89.89,0.1426,4.774735
6023,longdress,static_B_2020.02.14_13.21.26.csv,186,235.5265,87.27,69.09,0.1424,4.605190
6024,loot,static_B_2019.12.16_13.40.04.csv,1051,177.6507,0.00,22.70,0.1423,4.421158
6025,redandblack,driving_B_2020.02.14_12.58.17.csv,147,124.7486,26.67,8.50,0.1421,4.676563
6026,soldier,static_B_2020.02.27_18.39.27.csv,934,238.0297,81.03,69.15,0.1420,4.996256
6027,longdress,static_B_2020.02.27_18.39.27.csv,1414,240.2999,81.30,68.75,0.1418,5.284245
6028,loot,static_B_2020.02.27_18.39.27.csv,2254,238.1004,85.36,70.94,0.1417,4.889309
6029,redandblack,driving_B_2019.12.16_12.27.05.csv,1035,158.1729,0.00,16.10,0.1416,4.959739
6030,soldier,driving_B_2020.02.13_15.02.01.csv,2514,34.6508,0.00,-57.55,0.1414,5.286668
6031,longdress,driving_B_2019.12.16_14.23.32.csv,926,95.5708,74.97,12.00,0.1413,5.240964
6032,loot,static_B_2019.12.16_13.40.04.csv,391,242.7135,82.00,72.25,0.1411,4.639864
6033,redandblack,driving_B_2020.02.14_07.29.00.csv,809,125.9547,0.00,-35.93,0.1410,5.211870
6034,soldier,driving_B_2020.01.16_09.56.56.csv,1268,175.2510,0.00,27.17,0.1408,4.850303
6035,longdress,driving_B_2019.12.16_12.27.05.csv,375,52.7052,0.00,-141.78,0.1407,5.139602
6036,loot,static_B_2019.12.16_13.40.04.csv,271,212.2565,26.90,40.12,0.1406,4.886393
6037,redandblack,static_B_2020.02.14_13.21.26.csv,426,235.8340,77.15,68.52,0.1404,4.915297
6038,soldier,driving_B_2019.12.16_14.23.32.csv,1406,271.5738,100.00,84.42,0.1403,4.861557
6039,longdress,driving_B_2020.02.14_12.58.17.csv,567,63.8300,0.00,-85.55,0.1401,4.767511
6040,loot,static_B_2020.02.27_18.39.27.csv,2734,238.8696,28.00,75.30,0.1400,4.822327
6041,redandblack,static_B_2020.02.27_18.39.27.csv,3514,227.8611,56.38,55.37,0.1398,4.839528
6042,soldier,driving_B_2020.02.14_07.29.00.csv,389,100.2141,0.00,-54.87,0.1397,5.303063
6043,longdress,driving_B_2019.12.17_07.32.39.csv,372,263.2306,100.00,80.96,0.1396,5.055862
6044,loot,driving_B_2020.01.16_12.10.03.csv,167,150.0142,0.00,42.13,0.1394,5.252113
6045,redandblack,driving_B_2020.02.13_13.03.24.csv,773,73.9422,0.00,-79.93,0.1393,5.440335
6046,soldier,driving_B_2020.01.16_12.10.03.csv,227,284.2028,100.00,90.49,0.1391,4.985967
6047,longdress,driving_B_2020.01.16_07.26.43.csv,1770,51.8664,0.00,-97.21,0.1390,4.916291
6048,loot,driving_B_2020.02.14_07.29.00.csv,89,252.8365,82.00,77.62,0.1389,5.492802
6049,redandblack,driving_B_2019.12.17_07.32.39.csv,1392,133.7467,0.00,-169.60,0.1387,4.903276
6050,soldier,driving_B_2020.02.14_09.38.22.csv,919,240.4402,73.31,67.14,0.1386,4.904927
6051,longdress,driving_B_2019.12.16_14.23.32.csv,2126,226.0037,79.17,41.40,0.1384,4.813884
6052,loot,static_B_2019.12.16_13.40.04.csv,1904,170.7742,0.00,30.83,0.1383,4.880057
6053,redandblack,static_B_2020.02.13_13.57.29.csv,281,177.5630,3.45,25.78,0.1381,4.911968
6054,soldier,driving_B_2019.12.17_07.32.39.csv,1212,166.0528,50.67,30.18,0.1380,5.095821
6055,longdress,driving_B_2020.02.13_15.02.01.csv,1374,37.8013,0.00,-110.78,0.1379,5.170280
6056,loot,driving_B_2020.02.14_12.58.17.csv,387,-51.7179,0.00,-505.58,0.1377,5.111800
6057,redandblack,static_B_2020.02.27_18.39.27.csv,4714,229.5684,81.30,53.25,0.1376,5.224134
6058,soldier,driving_B_2019.12.16_14.23.32.csv,806,153.3390,0.00,4.42,0.1374,5.079656
6059,longdress,static_B_2020.02.27_18.39.27.csv,2614,254.0434,81.93,73.47,0.1373,5.360370
6060,loot,driving_B_2020.02.13_13.03.24.csv,1013,34.8247,0.00,-134.16,0.1371,4.963015
6061,redandblack,driving_B_2020.02.13_13.03.24.csv,1613,111.2287,0.00,-189.77,0.1370,4.888129
6062,soldier,driving_B_2019.12.16_12.27.05.csv,195,81.3318,0.00,-45.73,0.1369,5.172543
6063,longdress,driving_B_2019.12.16_14.23.32.csv,2616,143.5292,0.00,10.89,0.1367,5.207495
6064,loot,static_B_2020.02.13_13.57.29.csv,2441,165.5752,0.00,-208.86,0.1366,5.027684
6065,redandblack,driving_B_2020.02.14_12.58.17.csv,267,-25.3719,0.00,-446.10,0.1364,5.193718
6066,soldier,driving_B_2019.12.16_12.27.05.csv,555,12.1698,0.00,-353.55,0.1363,4.921551
6067,longdress,driving_B_2020.02.14_09.38.22.csv,1339,258.1500,100.00,76.83,0.1361,5.194557
6068,loot,static_B_2020.02.13_13.57.29.csv,161,263.5643,83.88,81.07,0.1360,4.886802
6069,redandblack,driving_B_2019.12.17_07.32.39.csv,72,94.4273,0.00,-56.97,0.1359,5.063077
6070,soldier,driving_B_2020.02.13_13.03.24.csv,173,9.7946,0.00,-158.02,0.1357,4.811320
6071,longdress,static_B_2020.02.27_18.39.27.csv,1114,88.2494,0.00,-46.43,0.1356,4.887664
6072,loot,driving_B_2020.01.16_07.26.43.csv,1567,37.7128,0.00,-228.09,0.1354,5.392645
6073,redandblack,driving_B_2020.02.13_15.02.01.csv,894,218.9805,20.00,66.61,0.1353,4.864367
6074,soldier,driving_B_2020.02.13_15.02.01.csv,954,104.7337,100.00,22.59,0.1352,5.070635
6075,longdress,static_B_2020.02.27_18.39.27.csv,2014,205.2421,48.13,45.59,0.1350,4.769574
6076,loot,driving_B_2019.12.16_14.23.32.csv,2486,184.4950,0.00,54.97,0.1349,5.138184
6077,redandblack,driving_B_2019.12.16_14.23.32.csv,1826,17.8026,0.00,-121.06,0.1347,5.005614
6078,soldier,static_B_2020.02.13_13.57.29.csv,2261,203.1090,30.84,41.41,0.1346,4.680535
6079,longdress,static_B_2020.02.13_13.57.29.csv,581,229.7689,57.90,63.44,0.1344,5.261361
6080,loot,driving_B_2020.01.16_09.56.56.csv,848,117.5143,0.00,-40.45,0.1343,5.107880
6081,redandblack,static_B_2020.02.27_18.39.27.csv,2554,210.9702,76.35,56.88,0.1342,4.897301
6082,soldier,driving_B_2020.01.16_09.56.56.csv,1388,164.2311,30.73,26.88,0.1340,4.827278
6083,longdress,driving_B_2020.02.13_13.03.24.csv,953,89.4876,55.95,-4.17,0.1339,4.521607
6084,loot,static_B_2020.02.27_18.39.27.csv,2314,220.2443,76.47,61.18,0.1337,5.348671
6085,redandblack,driving_B_2019.12.16_14.23.32.csv,1046,103.7825,0.00,-202.54,0.1336,5.275923
6086,soldier,static_B_2019.12.16_13.40.04.csv,1171,117.5277,27.24,-31.25,0.1334,5.068326
6087,longdress,driving_B_2019.12.16_14.23.32.csv,26,264.5377,100.00,79.02,0.1333,4.632301
6088,loot,driving_B_2019.12.16_14.23.32.csv,1706,13.3309,0.00,-367.18,0.1332,4.948800
6089,redandblack,driving_B_2020.01.16_07.26.43.csv,1627,92.8934,0.00,-31.37,0.1330,5.069219
6090,soldier,driving_B_2020.02.14_09.38.22.csv,499,236.4021,66.03,56.81,0.1329,5.195781
6091,longdress,driving_B_2019.12.17_07.32.39.csv,1332,204.4155,32.05,35.10,0.1327,5.134108
6092,loot,static_B_2020.02.13_13.57.29.csv,1541,197.4968,16.55,31.48,0.1326,4.994823
6093,redandblack,driving_B_2020.01.16_07.26.43.csv,1027,118.9921,0.00,-27.65,0.1324,4.698595
6094,soldier,driving_B_2020.01.16_09.56.56.csv,1028,110.1993,0.00,-68.65,0.1323,5.121532
6095,longdress,driving_B_2019.12.17_07.32.39.csv,2112,229.6272,84.00,70.60,0.1322,5.212605
6096,loot,static_B_2020.02.27_18.39.27.csv,4894,172.0527,0.00,-1.51,0.1320,5.449434
6097,redandblack,driving_B_2019.12.17_07.32.39.csv,852,55.2738,0.00,-112.52,0.1319,4.902312
6098,soldier,driving_B_2020.02.14_09.38.22.csv,979,13.0509,0.00,-218.55,0.1317,4.933468
6099,longdress,driving_B_2020.01.16_09.56.56.csv,1148,71.6984,0.00,-75.31,0.1316,5.150376
6100,loot,driving_B_2019.12.17_07.32.39.csv,1692,39.3014,0.00,-175.44,0.1314,4.941071
6101,redandblack,driving_B_2019.12.16_14.23.32.csv,1766,-19.4690,0.00,-372.63,0.1313,4.976132
6102,soldier,static_B_2019.12.16_13.40.04.csv,1291,227.0275,76.20,61.00,0.1312,5.019828
6103,longdress,static_B_2019.12.16_13.40.04.csv,1891,220.8681,0.00,-96.20,0.1310,4.779448
6104,loot,driving_B_2020.02.13_15.02.01.csv,2274,25.7221,0.00,-381.75,0.1309,5.207786
6105,redandblack,driving_B_2020.02.14_07.29.00.csv,1529,93.4276,0.00,-228.16,0.1307,4.971265
6106,soldier,static_B_2020.02.27_18.39.27.csv,1534,222.1747,100.00,62.91,0.1306,5.135560
6107,longdress,static_B_2020.02.13_13.57.29.csv,1001,68.3734,0.00,-50.89,0.1305,5.067820
6108,loot,driving_B_2020.02.13_15.02.01.csv,774,171.4360,0.00,6.75,0.1303,5.734999
6109,redandblack,static_B_2020.02.13_13.57.29.csv,2681,247.9755,85.54,75.03,0.1302,4.862249
6110,soldier,static_B_2020.02.13_13.57.29.csv,1721,216.0229,66.74,54.55,0.1300,4.950704
6111,longdress,static_B_2020.02.27_18.39.27.csv,4414,221.7485,63.86,59.89,0.1299,5.599534
6112,loot,driving_B_2019.12.17_07.32.39.csv,792,68.7516,0.00,-74.29,0.1297,5.203167
6113,redandblack,static_B_2020.02.27_18.39.27.csv,5074,260.0096,80.00,80.92,0.1296,4.955984
6114,soldier,driving_B_2020.01.16_07.26.43.csv,1207,55.3554,0.00,-94.61,0.1295,4.719860
6115,longdress,static_B_2020.02.13_13.57.29.csv,401,220.9019,40.66,44.39,0.1293,5.084191
6116,loot,static_B_2020.02.27_18.39.27.csv,5314,259.8163,86.00,80.72,0.1292,4.878587
6117,soldier,driving_B_2020.02.14_09.38.22.csv,144,-11.1435,0.00,-470.43,0.1290,4.612383
6118,longdress,static_B_2020.02.27_18.39.27.csv,3718,235.0880,62.20,68.23,0.1289,5.214066
6119,loot,driving_B_2020.02.13_15.02.01.csv,462,248.0338,82.75,69.50,0.1287,4.765766
6120,redandblack,driving_B_2019.12.17_07.32.39.csv,1013,123.3469,0.00,-22.47,0.1286,5.378721
6121,soldier,static_B_2020.02.14_13.21.26.csv,850,230.4615,59.44,48.52,0.1285,5.454499
6122,longdress,driving_B_2020.02.13_13.03.24.csv,180,22.7243,0.00,-267.43,0.1283,4.886994
6123,loot,driving_B_2020.02.13_13.03.24.csv,720,99.3463,0.00,-49.78,0.1282,5.317535
6124,redandblack,driving_B_2020.02.13_15.02.01.csv,222,171.6184,0.00,-1.13,0.1280,4.847995
6125,soldier,static_B_2020.02.13_13.57.29.csv,2597,168.0425,11.32,22.25,0.1279,5.252714
6126,longdress,driving_B_2019.12.16_12.27.05.csv,1152,160.6246,0.00,-15.23,0.1277,5.148964
6127,loot,driving_B_2020.02.14_09.38.22.csv,744,123.7492,0.00,-48.02,0.1276,4.789032
6128,redandblack,driving_B_2020.02.13_13.03.24.csv,540,32.8818,0.00,-150.59,0.1275,4.930692
6129,soldier,driving_B_2020.01.16_07.26.43.csv,1012,69.4431,0.00,-108.78,0.1273,5.555789
6130,longdress,driving_B_2020.02.13_13.03.24.csv,960,47.6615,0.00,-209.77,0.1272,4.877516
6131,loot,driving_B_2020.01.16_09.56.56.csv,1476,284.4584,100.00,89.51,0.1270,5.380777
6132,redandblack,static_B_2019.12.16_13.40.04.csv,299,121.7130,0.00,-31.93,0.1269,5.198587
6133,soldier,driving_B_2019.12.17_07.32.39.csv,653,27.7371,0.00,-173.30,0.1267,4.798960
6134,longdress,driving_B_2019.12.16_14.23.32.csv,1895,59.4068,0.00,-179.95,0.1266,5.223324
6135,loot,static_B_2019.12.16_13.40.04.csv,1799,228.6636,78.57,67.61,0.1265,5.111423
6136,redandblack,driving_B_2020.02.13_15.02.01.csv,102,243.2782,32.00,76.79,0.1263,5.909421
6137,soldier,driving_B_2019.12.17_07.32.39.csv,1433,107.7137,0.00,-94.35,0.1262,5.043302
6138,longdress,driving_B_2019.12.17_07.32.39.csv,2288,234.6920,57.21,59.38,0.1260,5.110843
6139,loot,driving_B_2019.12.16_14.23.32.csv,1535,204.3102,31.32,42.66,0.1259,5.081820
6140,redandblack,static_B_2020.02.13_13.57.29.csv,1337,194.5998,22.35,34.92,0.1258,5.095390
6141,soldier,static_B_2020.02.14_13.21.26.csv,677,278.0104,100.00,87.02,0.1256,4.485670
6142,longdress,driving_B_2019.12.17_07.32.39.csv,1253,89.5233,0.00,-65.90,0.1255,5.074271
6143,loot,driving_B_2020.01.16_07.26.43.csv,292,120.7977,0.00,-26.12,0.1253,5.497394
6144,redandblack,static_B_2020.02.27_18.39.27.csv,1618,199.5239,32.71,29.25,0.1252,5.175665
6145,soldier,static_B_2020.02.14_13.21.26.csv,437,275.8229,100.00,86.88,0.1250,4.781773
6146,longdress,driving_B_2020.01.16_09.56.56.csv,1356,245.5960,54.93,62.41,0.1249,5.249522
6147,loot,static_B_2020.02.27_18.39.27.csv,2098,243.5750,81.00,71.44,0.1248,5.058561
6148,redandblack,driving_B_2019.12.16_12.27.05.csv,158,113.8505,0.00,-39.64,0.1246,4.754131
6149,soldier,driving_B_2020.01.16_07.26.43.csv,172,26.6593,0.00,-120.12,0.1245,4.971008
6150,longdress,driving_B_2019.12.17_07.32.39.csv,1853,129.1638,0.00,-58.67,0.1243,5.360404
6151,loot,driving_B_2020.02.14_09.38.22.csv,444,153.0938,0.00,-0.13,0.1242,4.714438
6152,redandblack,static_B_2020.02.27_18.39.27.csv,1438,227.9700,64.28,55.86,0.1240,5.542204
6153,soldier,static_B_2020.02.27_18.39.27.csv,658,196.9209,4.60,36.41,0.1239,5.689597
6154,longdress,static_B_2020.02.27_18.39.27.csv,5398,252.2355,100.00,75.43,0.1238,5.197652
6155,loot,driving_B_2020.02.14_07.29.00.csv,886,277.7603,100.00,87.56,0.1236,5.297292
6156,redandblack,static_B_2020.02.27_18.39.27.csv,5518,253.5266,68.00,78.85,0.1235,5.062944
6157,soldier,static_B_2019.12.16_13.40.04.csv,1739,244.5822,76.36,70.44,0.1233,4.659514
6158,longdress,driving_B_2020.02.14_12.58.17.csv,439,24.4867,0.00,-246.58,0.1232,5.260816
6159,loot,driving_B_2020.02.14_09.38.22.csv,1344,247.2808,70.00,76.63,0.1230,5.204579
6160,redandblack,static_B_2020.02.27_18.39.27.csv,1858,208.2781,59.37,40.15,0.1229,5.343302
6161,soldier,driving_B_2019.12.16_14.23.32.csv,575,248.1381,84.72,75.40,0.1228,4.939898
6162,longdress,static_B_2020.02.27_18.39.27.csv,5742,261.5899,100.00,79.26,0.1226,5.393638
6163,loot,static_B_2020.02.13_13.57.29.csv,737,235.0385,68.50,63.18,0.1225,5.286873
6164,redandblack,driving_B_2020.01.16_07.26.43.csv,1252,114.1315,0.00,-2.19,0.1223,5.146902
6165,soldier,static_B_2019.12.16_13.40.04.csv,1139,64.0829,23.75,-78.39,0.1222,4.922994
6166,longdress,static_B_2020.02.27_18.39.27.csv,2998,236.3861,70.89,66.45,0.1221,4.867966
6167,loot,driving_B_2020.02.27_17.30.15.csv,702,26.1428,0.00,-136.09,0.1219,4.927884
6168,redandblack,driving_B_2019.12.17_07.32.39.csv,1493,125.2542,0.00,-28.48,0.1218,5.393278
6169,soldier,static_B_2020.02.27_18.39.27.csv,4318,163.9255,0.00,11.70,0.1216,5.165203
6170,longdress,driving_B_2020.01.16_07.26.43.csv,1312,113.2126,0.00,-26.42,0.1215,4.992161
6171,loot,static_B_2020.02.27_18.39.27.csv,838,259.5336,100.00,80.66,0.1213,4.958877
6172,redandblack,driving_B_2020.02.13_13.03.24.csv,300,164.6805,64.81,43.02,0.1212,5.159186
6173,soldier,static_B_2019.12.16_13.40.04.csv,779,229.3653,81.14,67.69,0.1211,5.301737
6174,longdress,driving_B_2019.12.16_14.23.32.csv,2375,133.4785,60.87,20.53,0.1209,5.074742
6175,loot,static_B_2020.02.13_13.57.29.csv,1757,254.0931,98.00,77.52,0.1208,5.143058
6176,redandblack,driving_B_2020.01.16_07.26.43.csv,1770,75.2952,0.00,-84.23,0.1206,5.233567
6177,soldier,static_B_2019.12.16_13.40.04.csv,1904,239.1486,94.00,53.96,0.1205,5.153491
6178,longdress,static_B_2020.02.13_13.57.29.csv,1277,191.7569,75.50,47.94,0.1203,5.372316
6179,loot,driving_B_2020.02.13_13.03.24.csv,480,137.8513,28.41,23.82,0.1202,5.627225
6180,redandblack,static_B_2019.12.16_13.40.04.csv,1379,105.2150,0.00,-79.84,0.1201,4.745995
6181,soldier,driving_B_2020.01.16_07.26.43.csv,112,113.6698,3.04,2.37,0.1199,5.089854
6182,longdress,driving_B_2019.12.17_07.32.39.csv,1193,166.0424,100.00,46.05,0.1198,5.205394
6183,loot,static_B_2019.12.16_13.40.04.csv,1679,237.1980,83.71,70.94,0.1196,5.189780
6184,redandblack,driving_B_2019.12.16_14.23.32.csv,2616,178.3498,51.99,41.24,0.1195,4.470550
6185,soldier,static_B_2019.12.16_13.40.04.csv,1499,279.3928,92.00,88.24,0.1193,4.826173
6186,longdress,static_B_2020.02.27_18.39.27.csv,1078,188.1993,86.67,45.34,0.1192,4.873676
6187,loot,static_B_2020.02.27_18.39.27.csv,58,267.8564,100.00,84.26,0.1191,5.404842
6188,redandblack,static_B_2020.02.27_18.39.27.csv,178,260.6627,100.00,80.67,0.1189,4.813157
6189,soldier,driving_B_2020.02.14_12.58.17.csv,79,69.4728,53.74,5.04,0.1188,4.746292
6190,longdress,static_B_2019.12.16_13.40.04.csv,239,194.0185,34.63,38.86,0.1186,4.864204
6191,loot,driving_B_2020.02.27_17.30.15.csv,222,-22.4194,0.00,-416.21,0.1185,4.959398
6192,redandblack,driving_B_2019.12.17_07.32.39.csv,1733,65.4283,0.00,-26.41,0.1183,5.111555
6193,soldier,driving_B_2019.12.16_11.49.59.csv,56,132.6998,26.76,13.55,0.1182,4.865377
6194,longdress,static_B_2020.02.27_18.39.27.csv,4258,272.2675,100.00,84.52,0.1181,4.904125
6195,loot,static_B_2020.02.13_13.57.29.csv,1577,173.6930,45.25,43.11,0.1179,5.292326
6196,redandblack,driving_B_2020.01.16_09.56.56.csv,816,250.2529,100.00,76.61,0.1178,4.907528
6197,soldier,static_B_2020.02.13_13.57.29.csv,617,237.1764,100.00,66.31,0.1176,4.975615
6198,longdress,static_B_2020.02.27_18.39.27.csv,5278,248.3896,100.00,74.92,0.1175,5.578393
6199,loot,static_B_2020.02.27_18.39.27.csv,3598,213.4033,22.00,64.11,0.1174,5.169572
6200,redandblack,static_B_2020.02.27_18.39.27.csv,3118,106.5833,0.00,-36.47,0.1172,5.161035
6201,soldier,static_B_2020.02.13_13.57.29.csv,1157,175.8055,77.21,42.45,0.1171,5.319458
6202,longdress,driving_B_2019.12.17_07.32.39.csv,1613,154.5109,0.00,-54.11,0.1169,5.079059
6203,loot,driving_B_2019.12.17_07.32.39.csv,833,176.7683,78.59,41.80,0.1168,5.241368
6204,redandblack,driving_B_2019.12.16_11.49.59.csv,116,154.0120,3.93,12.20,0.1166,5.436251
6205,soldier,static_B_2020.02.27_18.39.27.csv,5098,244.3774,96.00,73.15,0.1165,5.092514
6206,longdress,driving_B_2019.12.16_14.23.32.csv,335,273.8788,100.00,85.96,0.1164,5.317749
6207,loot,static_B_2020.02.27_18.39.27.csv,4138,274.0180,88.00,86.19,0.1162,4.867311
6208,redandblack,driving_B_2020.02.13_13.03.24.csv,1800,-28.3532,0.00,-1006.81,0.1161,5.111582
6209,soldier,driving_B_2020.02.13_15.02.01.csv,1782,254.8414,84.34,77.93,0.1159,4.883364
6210,longdress,driving_B_2020.02.13_15.02.01.csv,2142,152.8888,0.00,42.43,0.1158,5.037427
6211,loot,static_B_2020.02.13_13.57.29.csv,257,138.4775,0.00,38.99,0.1156,5.045575
6212,redandblack,driving_B_2020.01.16_09.56.56.csv,1236,159.8226,60.79,34.91,0.1155,4.743876
6213,soldier,static_B_2019.12.16_13.40.04.csv,359,177.3007,81.68,45.09,0.1154,5.118053
6214,longdress,static_B_2020.02.13_13.57.29.csv,2297,178.1214,41.71,26.95,0.1152,4.985118
6215,loot,driving_B_2019.12.16_14.23.32.csv,155,144.3440,0.00,39.86,0.1151,5.000766
6216,redandblack,driving_B_2019.12.16_12.27.05.csv,878,225.6352,73.46,58.16,0.1149,4.926694
6217,soldier,driving_B_2020.02.14_09.38.22.csv,624,161.0095,56.96,36.24,0.1148,4.938235
6218,longdress,driving_B_2020.02.14_09.38.22.csv,504,186.9897,78.44,50.07,0.1146,4.906666
6219,loot,static_B_2019.12.16_13.40.04.csv,1319,218.4520,62.88,58.03,0.1145,4.896874
6220,redandblack,driving_B_2019.12.17_07.32.39.csv,1373,262.5706,100.00,82.18,0.1144,5.434265
6221,soldier,driving_B_2020.02.14_07.29.00.csv,1366,247.2176,77.53,70.16,0.1142,5.228552
6222,longdress,static_B_2020.02.13_13.57.29.csv,2837,119.7967,100.00,32.52,0.1141,5.202388
6223,loot,static_B_2020.02.27_18.39.27.csv,2818,276.7585,88.00,87.38,0.1139,5.476629
6224,redandblack,driving_B_2020.02.14_09.38.22.csv,1284,241.1369,82.00,72.69,0.1138,5.422312
6225,soldier,driving_B_2020.01.16_12.10.03.csv,226,273.3768,100.00,85.16,0.1137,5.262999
6226,longdress,driving_B_2019.12.16_12.27.05.csv,638,46.8697,0.00,-150.21,0.1135,4.805733
6227,loot,driving_B_2020.02.14_09.38.22.csv,564,271.9451,100.00,86.16,0.1134,5.278237
6228,redandblack,driving_B_2020.02.13_15.02.01.csv,2502,40.8676,0.00,-49.73,0.1132,5.016350
6229,soldier,driving_B_2019.12.17_07.32.39.csv,1673,78.4055,46.09,-0.65,0.1131,5.183612
6230,longdress,driving_B_2020.02.14_09.38.22.csv,1104,87.3890,45.84,7.06,0.1129,4.852184
6231,loot,driving_B_2020.02.14_09.38.22.csv,1464,169.8786,31.50,27.06,0.1128,5.092423
6232,redandblack,static_B_2019.12.16_13.40.04.csv,1439,246.2292,56.00,77.32,0.1127,4.381658
6233,soldier,static_B_2020.02.27_18.39.27.csv,4858,255.0743,100.00,77.44,0.1125,5.172108
6234,longdress,static_B_2020.02.27_18.39.27.csv,3418,204.2599,100.00,61.49,0.1124,4.468664
6235,loot,static_B_2020.02.27_18.39.27.csv,5578,241.1577,32.00,75.00,0.1122,5.217443
6236,redandblack,static_B_2020.02.27_18.39.27.csv,1498,254.2091,100.00,78.80,0.1121,5.396765
6237,soldier,driving_B_2020.02.13_13.03.24.csv,1140,56.3321,0.00,-40.35,0.1119,5.354547
6238,longdress,driving_B_2019.12.16_14.23.32.csv,635,214.0620,42.00,64.76,0.1118,4.981784
6239,loot,driving_B_2019.12.16_11.49.59.csv,277,18.2147,0.00,-137.49,0.1117,5.220897
6240,redandblack,driving_B_2020.02.27_17.30.15.csv,102,-2.9905,0.00,-189.12,0.1115,5.095332
6241,soldier,driving_B_2020.01.16_09.56.56.csv,1570,159.0646,53.72,34.46,0.1114,5.255437
6242,longdress,driving_B_2020.01.16_07.26.43.csv,352,86.0320,60.58,13.49,0.1112,4.856153
6243,loot,driving_B_2020.02.14_07.29.00.csv,706,172.5227,65.35,44.22,0.1111,5.234240
6244,redandblack,driving_B_2019.12.16_12.27.05.csv,938,193.7381,67.03,52.45,0.1109,5.104679
6245,soldier,driving_B_2020.02.14_12.58.17.csv,139,142.7191,15.82,30.60,0.1108,5.259446
6246,longdress,driving_B_2019.12.16_14.23.32.csv,2075,218.7117,0.00,-21.63,0.1107,5.239802
6247,loot,static_B_2020.02.27_18.39.27.csv,5698,240.4996,87.81,73.36,0.1105,4.306266
6248,redandblack,driving_B_2019.12.16_12.27.05.csv,758,183.0166,58.55,41.65,0.1104,5.320746
6249,soldier,driving_B_2019.12.17_07.32.39.csv,2273,242.5483,74.55,67.98,0.1102,4.964868
6250,longdress,driving_B_2020.01.16_09.56.56.csv,996,234.8031,85.23,67.13,0.1101,5.154282
6251,loot,static_B_2020.02.13_13.57.29.csv,317,258.3677,84.00,80.23,0.1099,4.797640
6252,redandblack,static_B_2020.02.27_18.39.27.csv,1378,253.7290,85.19,78.18,0.1098,5.302195
6253,soldier,static_B_2020.02.27_18.39.27.csv,2938,239.1495,80.13,58.48,0.1097,5.236276
6254,longdress,driving_B_2020.02.13_15.02.01.csv,1662,72.7952,0.00,-52.74,0.1095,5.379724
6255,loot,driving_B_2020.01.16_07.26.43.csv,592,138.7751,0.00,2.62,0.1094,4.968637
6256,redandblack,driving_B_2019.12.17_07.32.39.csv,473,183.4654,67.02,45.69,0.1092,5.259815
6257,soldier,driving_B_2020.01.16_12.10.03.csv,166,230.8143,78.00,70.15,0.1091,5.316853
6258,longdress,static_B_2020.02.13_13.57.29.csv,1877,224.7780,82.00,65.58,0.1090,4.981624
6259,loot,driving_B_2020.01.16_07.26.43.csv,892,117.1467,8.09,5.37,0.1088,5.139530
6260,redandblack,driving_B_2020.02.13_15.02.01.csv,1002,196.1239,48.54,39.80,0.1087,5.315515
6261,soldier,driving_B_2020.01.16_09.56.56.csv,936,112.3112,0.00,-52.31,0.1085,4.739481
6262,longdress,driving_B_2020.02.13_13.03.24.csv,660,96.9873,27.13,-9.12,0.1084,5.200305
6263,loot,driving_B_2019.12.16_14.23.32.csv,2195,268.2300,100.00,83.22,0.1082,5.395739
6264,redandblack,static_B_2020.02.27_18.39.27.csv,3478,249.7832,100.00,74.93,0.1081,5.463923
6265,soldier,static_B_2020.02.27_18.39.27.csv,4438,187.5890,52.32,38.39,0.1080,5.135901
6266,longdress,driving_B_2020.02.27_17.30.15.csv,462,-45.7106,0.00,-298.65,0.1078,4.900090
6267,loot,driving_B_2020.02.14_12.58.17.csv,799,34.8191,0.00,-180.21,0.1077,5.344703
6268,redandblack,static_B_2020.02.13_13.57.29.csv,137,219.4423,78.99,61.00,0.1075,4.826634
6269,soldier,static_B_2020.02.14_13.21.26.csv,797,219.8800,82.08,62.11,0.1074,5.258471
6270,longdress,driving_B_2020.02.13_13.03.24.csv,1380,97.2200,100.00,24.45,0.1072,5.447505
6271,loot,static_B_2020.02.27_18.39.27.csv,1258,261.1332,70.00,82.05,0.1071,4.800499
6272,redandblack,driving_B_2019.12.16_14.23.32.csv,515,227.8803,44.72,50.92,0.1070,4.778949
6273,soldier,driving_B_2019.12.17_07.32.39.csv,413,144.8019,0.00,6.19,0.1068,5.099869
6274,longdress,static_B_2020.02.27_18.39.27.csv,1978,225.9674,100.00,65.25,0.1067,5.322973
6275,loot,driving_B_2020.02.14_12.58.17.csv,259,-61.3451,0.00,-710.51,0.1065,5.368367
6276,redandblack,driving_B_2019.12.17_07.32.39.csv,1973,271.4196,92.00,86.05,0.1064,5.368886
6277,soldier,static_B_2020.02.13_13.57.29.csv,2417,114.7626,0.00,-291.37,0.1062,4.968734
6278,longdress,driving_B_2020.02.13_15.02.01.csv,2754,102.8374,41.31,-2.39,0.1061,5.259322
6279,loot,driving_B_2020.02.13_15.02.01.csv,1902,270.3109,100.00,83.81,0.1060,5.305339
6280,redandblack,static_B_2020.02.27_18.39.27.csv,5338,255.8999,70.00,80.21,0.1058,4.922714
6281,soldier,static_B_2019.12.16_13.40.04.csv,1199,168.0658,14.21,7.46,0.1057,5.170860
6282,longdress,driving_B_2019.12.17_07.32.39.csv,1133,175.1569,73.94,42.14,0.1055,4.977531
6283,loot,driving_B_2020.02.13_13.03.24.csv,1920,-43.1292,0.00,-309.82,0.1054,5.035174
6284,redandblack,driving_B_2020.02.13_15.02.01.csv,1362,81.6619,0.00,-29.49,0.1052,4.413640
6285,soldier,static_B_2020.02.27_18.39.27.csv,1918,266.0500,100.00,80.73,0.1051,4.896174
6286,longdress,driving_B_2019.12.17_07.32.39.csv,893,123.2786,44.23,17.31,0.1050,5.070843
6287,loot,driving_B_2020.02.13_13.03.24.csv,1500,100.2367,0.00,-51.78,0.1048,4.609471
6288,redandblack,driving_B_2020.02.14_12.58.17.csv,19,143.8621,0.00,-2.85,0.1047,5.485629
6289,soldier,static_B_2020.02.27_18.39.27.csv,3898,251.9053,82.00,76.85,0.1045,5.401196
6290,longdress,driving_B_2020.01.16_07.26.43.csv,1770,68.8285,0.00,-45.41,0.1044,5.457329
6291,loot,driving_B_2020.02.13_15.02.01.csv,2562,244.7397,84.89,73.84,0.1043,5.069467
6292,redandblack,static_B_2020.02.13_13.57.29.csv,557,242.9238,84.91,73.12,0.1041,4.962309
6293,soldier,static_B_2020.02.13_13.57.29.csv,1697,127.2360,0.00,-27.47,0.1040,4.985010
6294,longdress,driving_B_2020.02.14_07.29.00.csv,1970,52.2613,0.00,-116.59,0.1038,5.153805
6295,loot,driving_B_2020.01.16_07.26.43.csv,1192,79.1745,0.00,-59.09,0.1037,5.665100
6296,redandblack,driving_B_2020.01.16_07.26.43.csv,1552,34.2122,0.00,-249.81,0.1035,4.960979
6297,soldier,static_B_2019.12.16_13.40.04.csv,839,236.9784,80.97,69.55,0.1034,5.305968
6298,longdress,driving_B_2020.02.27_17.30.15.csv,282,-7.5623,0.00,-155.82,0.1033,5.131697
6299,loot,driving_B_2020.01.16_09.56.56.csv,1570,164.0198,0.00,20.87,0.1031,4.937018
6300,redandblack,driving_B_2019.12.16_14.23.32.csv,1655,271.3552,100.00,84.60,0.1030,4.806591
6301,soldier,driving_B_2020.02.14_07.29.00.csv,946,144.6787,2.09,13.12,0.1028,5.017796
6302,longdress,static_B_2020.02.27_18.39.27.csv,4558,165.0093,0.00,25.73,0.1027,5.298963
6303,loot,driving_B_2020.02.13_15.02.01.csv,1422,78.7805,0.00,-44.29,0.1025,5.653604
6304,redandblack,driving_B_2020.02.14_12.58.17.csv,499,51.1899,0.00,-81.63,0.1024,5.242084
6305,soldier,driving_B_2020.02.13_13.03.24.csv,780,59.4743,28.88,-11.47,0.1023,4.956635
6306,longdress,driving_B_2020.02.13_15.02.01.csv,1962,269.5635,100.00,85.00,0.1021,5.007968
6307,loot,static_B_2020.02.13_13.57.29.csv,1997,271.1706,100.00,85.39,0.1020,4.900937
6308,redandblack,static_B_2020.02.13_13.57.29.csv,2717,237.7896,100.00,72.12,0.1018,5.088190
6309,soldier,driving_B_2020.02.13_13.03.24.csv,1680,238.2390,64.77,65.86,0.1017,5.172319
6310,longdress,driving_B_2020.02.13_15.02.01.csv,1122,136.0151,28.64,13.98,0.1015,4.757877
6311,loot,static_B_2020.02.27_18.39.27.csv,5218,143.9262,19.11,14.99,0.1014,4.784586
6312,redandblack,driving_B_2020.01.16_07.26.43.csv,1770,122.5260,1.74,14.04,0.1013,5.253742
6313,soldier,driving_B_2020.02.14_07.29.00.csv,1006,73.7373,49.82,-3.95,0.1011,5.093241
6314,longdress,driving_B_2019.12.17_07.32.39.csv,293,143.5526,62.27,34.57,0.1010,5.211133
6315,loot,driving_B_2020.01.16_07.26.43.csv,652,166.8263,67.58,41.03,0.1008,5.082403
6316,redandblack,static_B_2020.02.27_18.39.27.csv,4618,164.2143,14.53,28.79,0.1007,5.596648
6317,soldier,driving_B_2020.02.14_07.29.00.csv,1546,75.0095,0.00,-61.76,0.1006,5.326868
6318,longdress,static_B_2020.02.13_13.57.29.csv,1457,171.2650,72.72,39.18,0.1004,4.786598
6319,loot,driving_B_2020.02.14_09.38.22.csv,924,243.4059,46.00,74.83,0.1003,5.152177
6320,redandblack,driving_B_2019.12.17_07.32.39.csv,593,154.1481,25.78,30.27,0.1001,4.671421
6321,soldier,static_B_2019.12.16_13.40.04.csv,1619,266.2865,100.00,77.11,0.1000,4.943710
6322,longdress,driving_B_2019.12.17_07.32.39.csv,233,73.0550,13.34,-23.15,0.0998,4.652698
6323,loot,driving_B_2020.01.16_07.26.43.csv,1372,129.1166,10.92,2.39,0.0997,5.114336
6324,redandblack,driving_B_2020.02.13_13.03.24.csv,1020,50.6059,0.00,-72.32,0.0996,5.423770
6325,soldier,static_B_2020.02.27_18.39.27.csv,358,261.9368,84.15,76.59,0.0994,5.175634
6326,longdress,driving_B_2020.02.13_13.03.24.csv,1080,50.7500,32.47,-19.78,0.0993,5.131674
6327,loot,static_B_2020.02.27_18.39.27.csv,538,162.7594,0.00,-308.53,0.0991,5.070066
6328,redandblack,static_B_2020.02.27_18.39.27.csv,778,261.9188,100.00,82.58,0.0990,5.683566
6329,soldier,driving_B_2020.02.14_09.38.22.csv,804,197.1738,0.00,-80.88,0.0988,5.418054
6330,longdress,static_B_2019.12.16_13.40.04.csv,1904,193.8848,46.00,36.10,0.0987,4.911182
6331,loot,driving_B_2020.02.13_15.02.01.csv,2754,98.8129,0.00,-11.05,0.0986,4.865212
6332,redandblack,driving_B_2019.12.16_12.27.05.csv,1152,166.6752,49.71,29.78,0.0984,5.670107
6333,soldier,static_B_2019.12.16_13.40.04.csv,1559,235.3688,100.00,72.10,0.0983,5.115593
6334,longdress,driving_B_2020.02.13_13.03.24.csv,1560,30.3641,0.00,-188.27,0.0981,4.988585
6335,loot,static_B_2020.02.13_13.57.29.csv,2945,249.3707,85.70,76.40,0.0980,5.369361
6336,redandblack,driving_B_2020.02.27_17.30.15.csv,402,-2.4360,0.00,-530.97,0.0978,5.161806
6337,soldier,static_B_2020.02.14_13.21.26.csv,17,164.3565,34.86,29.80,0.0977,5.090042
6338,longdress,driving_B_2019.12.16_14.23.32.csv,215,239.8393,81.99,73.03,0.0976,5.088570
6339,loot,driving_B_2020.02.13_13.03.24.csv,600,68.1915,0.00,-47.02,0.0974,5.854835
6340,redandblack,static_B_2020.02.27_18.39.27.csv,5742,273.0084,100.00,84.81,0.0973,5.035303
6341,soldier,static_B_2020.02.14_13.21.26.csv,377,239.0256,100.00,71.70,0.0971,5.226326
6342,longdress,driving_B_2020.02.13_13.03.24.csv,1860,-88.8530,0.00,-328.50,0.0970,5.356751
6343,loot,driving_B_2019.12.17_07.32.39.csv,533,85.1067,0.00,-12.20,0.0968,5.092856
6344,redandblack,driving_B_2020.02.13_13.03.24.csv,60,134.3651,29.31,15.69,0.0967,5.334390
6345,soldier,driving_B_2020.02.13_15.02.01.csv,1302,-8.7381,0.00,-318.96,0.0966,5.011910
6346,longdress,driving_B_2020.01.16_09.56.56.csv,636,225.7186,34.00,67.98,0.0964,5.084044
6347,loot,driving_B_2020.02.14_07.29.00.csv,1906,68.2638,0.00,-108.50,0.0963,5.327021
6348,redandblack,static_B_2020.02.27_18.39.27.csv,1678,219.4308,68.28,53.15,0.0961,4.989499
6349,soldier,static_B_2020.02.27_18.39.27.csv,5742,251.7651,100.00,75.86,0.0960,5.275340
6350,longdress,driving_B_2020.02.13_15.02.01.csv,162,251.1917,86.80,78.24,0.0959,5.385323
6351,loot,driving_B_2020.01.16_07.26.43.csv,952,91.0844,0.00,-62.62,0.0957,4.800853
6352,redandblack,static_B_2020.02.27_18.39.27.csv,3538,231.0251,100.00,66.31,0.0956,5.038033
6353,soldier,static_B_2020.02.27_18.39.27.csv,3358,172.8503,0.00,50.56,0.0954,4.908899
6354,longdress,static_B_2020.02.14_13.21.26.csv,197,276.0648,92.00,86.57,0.0953,5.443707
6355,loot,driving_B_2020.01.16_09.56.56.csv,456,187.2391,0.00,-31.95,0.0951,5.457088
6356,redandblack,driving_B_2020.02.13_15.02.01.csv,2382,1.4033,0.00,-457.20,0.0950,5.136994
6357,soldier,driving_B_2020.02.13_15.02.01.csv,762,127.0980,22.79,10.89,0.0949,5.322586
6358,longdress,driving_B_2019.12.17_07.32.39.csv,113,45.0672,64.22,-11.33,0.0947,4.736361
6359,loot,driving_B_2020.02.13_15.02.01.csv,2442,15.9918,0.00,-287.20,0.0946,4.708858
6360,redandblack,static_B_2020.02.27_18.39.27.csv,598,194.0147,38.00,43.63,0.0944,5.441033
6361,soldier,static_B_2019.12.16_13.40.04.csv,539,265.7129,100.00,81.68,0.0943,4.870392
6362,longdress,static_B_2020.02.13_13.57.29.csv,1217,242.1210,85.27,74.12,0.0941,4.630562
6363,loot,driving_B_2020.02.13_15.02.01.csv,1482,68.2225,0.00,-101.91,0.0940,5.350979
6364,redandblack,static_B_2020.02.27_18.39.27.csv,718,149.1754,0.00,2.30,0.0939,4.941361
6365,soldier,driving_B_2019.12.17_07.32.39.csv,713,143.0152,22.95,17.37,0.0937,4.822639
6366,longdress,static_B_2020.02.27_18.39.27.csv,3958,176.3506,6.00,52.44,0.0936,5.360337
6367,loot,static_B_2020.02.27_18.39.27.csv,2638,248.6335,80.69,75.93,0.0934,5.527974
6368,redandblack,static_B_2020.02.13_13.57.29.csv,797,185.4843,83.23,47.01,0.0933,4.985788
6369,soldier,driving_B_2020.02.13_15.02.01.csv,582,172.4724,0.00,23.18,0.0931,5.023384
6370,longdress,static_B_2020.02.14_13.21.26.csv,557,246.8261,82.35,73.89,0.0930,5.035114
6371,loot,static_B_2020.02.27_18.39.27.csv,3238,234.2489,62.00,70.86,0.0929,5.172322
6372,redandblack,driving_B_2020.02.14_07.29.00.csv,526,127.3958,30.11,13.37,0.0927,5.182466
6373,soldier,driving_B_2019.12.17_07.32.39.csv,2288,233.6341,86.26,65.90,0.0926,4.772946
6374,longdress,driving_B_2019.12.16_14.23.32.csv,1055,132.2073,0.00,-155.77,0.0924,5.127707
6375,loot,driving_B_2019.12.16_14.23.32.csv,875,152.8047,0.00,9.02,0.0923,5.095780
6376,redandblack,driving_B_2020.02.13_15.02.01.csv,1182,218.8228,79.39,62.48,0.0922,5.618295
6377,soldier,driving_B_2020.02.13_13.03.24.csv,1620,120.7197,0.00,-195.81,0.0920,5.066017
6378,longdress,driving_B_2020.02.14_09.38.22.csv,324,81.1762,33.23,-23.45,0.0919,5.115243
6379,loot,driving_B_2020.02.14_07.29.00.csv,1786,279.3949,100.00,88.87,0.0917,4.989169
6380,redandblack,driving_B_2020.02.13_15.02.01.csv,402,251.5753,56.00,78.60,0.0916,5.343364
6381,soldier,static_B_2019.12.16_13.40.04.csv,1859,157.1600,53.54,32.84,0.0914,5.014570
6382,longdress,driving_B_2020.02.27_17.30.15.csv,342,49.2115,0.00,-72.47,0.0913,5.520953
6383,loot,driving_B_2020.02.14_12.58.17.csv,679,57.8423,0.00,-64.68,0.0912,4.875231
6384,redandblack,driving_B_2019.12.17_07.32.39.csv,953,106.6702,3.21,-1.60,0.0910,5.050898
6385,soldier,static_B_2020.02.27_18.39.27.csv,2278,198.7025,29.95,31.27,0.0909,5.328059
6386,longdress,driving_B_2019.12.16_14.23.32.csv,455,252.9740,77.31,76.02,0.0907,5.266221
6387,loot,driving_B_2019.12.17_07.32.39.csv,1913,182.0018,22.75,28.70,0.0906,5.382233
6388,redandblack,static_B_2020.02.27_18.39.27.csv,2038,260.3320,100.00,80.80,0.0904,5.101976
6389,soldier,static_B_2020.02.13_13.57.29.csv,77,166.1914,75.48,38.98,0.0903,5.010778
6390,longdress,static_B_2020.02.27_18.39.27.csv,1318,273.3433,100.00,85.42,0.0902,4.972816
6391,loot,driving_B_2020.02.13_15.02.01.csv,282,249.1210,80.66,75.60,0.0900,4.795120
6392,redandblack,static_B_2020.02.27_18.39.27.csv,4078,249.5526,64.00,77.34,0.0899,4.853025
6393,soldier,driving_B_2019.12.16_14.23.32.csv,1715,-14.9792,0.00,-170.69,0.0897,4.989023
6394,longdress,driving_B_2020.01.16_09.56.56.csv,276,259.7831,100.00,80.29,0.0896,4.807149
6395,loot,driving_B_2020.01.16_07.26.43.csv,52,134.6192,0.00,-1.33,0.0894,5.179525
6396,redandblack,driving_B_2020.01.16_12.10.03.csv,106,197.2558,48.00,57.99,0.0893,5.383533
6397,soldier,static_B_2020.02.27_18.39.27.csv,4378,240.4487,76.80,68.66,0.0892,4.616750
6398,longdress,driving_B_2020.01.16_07.26.43.csv,1432,103.5890,51.92,11.17,0.0890,5.341731
6399,loot,driving_B_2020.02.13_15.02.01.csv,2682,126.0956,0.36,13.82,0.0889,4.786910
6400,redandblack,driving_B_2020.02.13_13.03.24.csv,900,42.7658,0.00,-162.74,0.0887,4.982599
6401,soldier,static_B_2020.02.13_13.57.29.csv,2117,168.5317,59.85,36.97,0.0886,5.024220
6402,longdress,driving_B_2020.01.16_09.56.56.csv,396,105.2637,0.00,-45.25,0.0884,5.110525
6403,loot,driving_B_2020.01.16_09.56.56.csv,696,199.7976,47.79,43.83,0.0883,5.730254
6404,redandblack,driving_B_2020.02.14_12.58.17.csv,739,36.4531,0.00,-187.95,0.0882,5.544219
6405,soldier,driving_B_2020.02.14_07.29.00.csv,1606,242.0394,84.49,73.62,0.0880,5.311565
6406,longdress,driving_B_2019.12.17_07.32.39.csv,173,102.7921,5.41,2.31,0.0879,5.061236
6407,loot,driving_B_2020.02.14_07.29.00.csv,466,117.9445,4.61,4.29,0.0877,5.563256
6408,redandblack,driving_B_2020.02.14_12.58.17.csv,800,30.4878,0.00,-188.02,0.0876,5.291304
6409,soldier,driving_B_2019.12.16_14.23.32.csv,395,225.1046,100.00,64.15,0.0875,5.169180
6410,longdress,driving_B_2020.02.27_17.30.15.csv,720,-0.7430,0.00,-635.73,0.0873,5.229803
6411,loot,driving_B_2020.02.14_07.29.00.csv,1066,261.8256,100.00,79.44,0.0872,4.935378
6412,redandblack,static_B_2020.02.13_13.57.29.csv,2537,226.1091,63.20,62.13,0.0870,4.994463
6413,soldier,driving_B_2019.12.16_14.23.32.csv,1595,165.9019,84.60,37.13,0.0869,5.087778
6414,longdress,driving_B_2019.12.17_07.32.39.csv,2153,101.2264,0.00,-28.86,0.0867,5.389311
6415,loot,static_B_2019.12.16_13.40.04.csv,419,179.2415,64.49,44.31,0.0866,5.180980
6416,redandblack,driving_B_2020.02.13_13.03.24.csv,1200,90.1410,0.00,-13.62,0.0865,5.036002
6417,soldier,driving_B_2020.02.14_07.29.00.csv,826,134.6833,0.00,-2.20,0.0863,4.878086
6418,longdress,static_B_2020.02.27_18.39.27.csv,4798,163.0897,0.00,47.12,0.0862,4.918891
6419,loot,driving_B_2019.12.17_07.32.39.csv,1553,105.7792,0.00,-44.10,0.0860,5.129358
6420,redandblack,driving_B_2019.12.16_14.23.32.csv,815,189.7587,27.42,32.29,0.0859,5.379177
6421,soldier,static_B_2019.12.16_13.40.04.csv,1259,152.6038,52.93,25.61,0.0857,5.144075
6422,longdress,driving_B_2020.02.13_15.02.01.csv,702,171.4781,29.22,25.60,0.0856,4.688969
6423,loot,driving_B_2020.02.13_15.02.01.csv,1542,-21.1932,0.00,-429.86,0.0855,5.381357
6424,redandblack,static_B_2020.02.13_13.57.29.csv,497,194.7587,68.37,46.41,0.0853,5.478878
6425,soldier,driving_B_2019.12.17_07.32.39.csv,2033,42.4798,39.26,-35.13,0.0852,5.508495
6426,longdress,static_B_2020.02.27_18.39.27.csv,4738,161.8259,0.00,46.74,0.0850,4.962617
6427,loot,static_B_2020.02.27_18.39.27.csv,3178,179.7285,0.00,-178.15,0.0849,5.032721
6428,redandblack,driving_B_2019.12.16_14.23.32.csv,2315,163.4699,0.00,4.52,0.0847,4.902828
6429,soldier,driving_B_2020.02.13_13.03.24.csv,2188,16.9477,0.00,-108.60,0.0846,5.145679
6430,longdress,static_B_2020.02.27_18.39.27.csv,3838,224.7178,54.69,55.49,0.0845,5.436374
6431,loot,driving_B_2020.02.14_09.38.22.csv,1044,124.8265,0.00,-25.97,0.0843,4.975551
6432,redandblack,static_B_2020.02.27_18.39.27.csv,5158,234.1376,88.28,71.55,0.0842,5.495674
6433,soldier,driving_B_2020.02.13_13.03.24.csv,2160,-53.1375,0.00,-457.45,0.0840,4.715052
6434,longdress,driving_B_2019.12.16_14.23.32.csv,1115,226.0966,54.05,58.44,0.0839,5.234781
6435,loot,driving_B_2019.12.16_12.27.05.csv,578,162.9680,53.16,22.62,0.0837,5.225264
6436,redandblack,static_B_2019.12.16_13.40.04.csv,59,209.1551,83.87,60.12,0.0836,4.733270
6437,soldier,driving_B_2020.02.14_07.29.00.csv,286,209.4414,72.21,47.08,0.0835,4.847266
6438,longdress,driving_B_2019.12.16_14.23.32.csv,695,271.9248,100.00,84.33,0.0833,5.273243
6439,loot,static_B_2020.02.27_18.39.27.csv,4978,269.8278,84.00,85.18,0.0832,5.259556
6440,redandblack,driving_B_2020.01.16_09.56.56.csv,96,86.3367,0.00,-82.81,0.0830,5.581997
6441,soldier,driving_B_2020.02.14_07.29.00.csv,1246,246.2148,83.66,71.73,0.0829,5.139729
6442,longdress,static_B_2020.02.13_13.57.29.csv,1937,249.9412,80.63,75.81,0.0828,5.033708
6443,loot,driving_B_2020.02.14_09.38.22.csv,1478,121.7519,23.26,13.50,0.0826,5.183360
6444,redandblack,driving_B_2019.12.16_14.23.32.csv,995,143.4459,1.26,10.55,0.0825,4.927270
6445,soldier,static_B_2020.02.13_13.57.29.csv,2945,217.9203,38.03,50.56,0.0823,5.006061
6446,longdress,static_B_2020.02.14_13.21.26.csv,77,263.2859,100.00,82.32,0.0822,4.817251
6447,loot,static_B_2020.02.27_18.39.27.csv,3658,198.8127,0.00,61.15,0.0820,4.730002
6448,redandblack,driving_B_2019.12.16_12.27.05.csv,338,123.4147,0.00,-20.93,0.0819,4.835029
6449,soldier,driving_B_2020.02.13_13.03.24.csv,840,13.3553,0.00,-122.91,0.0818,5.260642
6450,longdress,driving_B_2020.01.16_09.56.56.csv,36,178.5382,81.88,47.32,0.0816,5.106131
6451,loot,driving_B_2019.12.16_12.27.05.csv,38,129.7997,0.00,-2.22,0.0815,5.071853
6452,redandblack,driving_B_2019.12.16_14.23.32.csv,2015,210.2787,24.00,64.62,0.0813,4.872554
6453,soldier,static_B_2020.02.14_13.21.26.csv,497,266.7431,100.00,82.24,0.0812,5.029999
6454,longdress,driving_B_2020.02.14_09.38.22.csv,1164,100.3638,69.57,16.81,0.0810,5.129562
6455,loot,driving_B_2019.12.16_12.27.05.csv,818,168.4599,0.00,22.70,0.0809,4.992415
6456,redandblack,driving_B_2019.12.16_14.23.32.csv,1175,186.3402,21.03,36.70,0.0808,4.855510
6457,soldier,driving_B_2019.12.16_14.23.32.csv,1415,263.2157,100.00,78.38,0.0806,5.027284
6458,longdress,driving_B_2020.01.16_07.26.43.csv,1732,42.4932,0.00,-80.43,0.0805,5.300982
6459,loot,driving_B_2019.12.16_14.23.32.csv,1235,235.0170,47.89,66.42,0.0803,5.123211
6460,redandblack,driving_B_2020.02.13_15.02.01.csv,1242,151.5894,0.00,8.09,0.0802,5.387058
6461,soldier,static_B_2020.02.27_18.39.27.csv,298,163.7581,24.20,32.34,0.0800,4.851977
6462,longdress,driving_B_2020.02.14_09.38.22.csv,264,0.6522,0.00,-200.83,0.0799,4.713647
6463,loot,driving_B_2020.01.16_12.10.03.csv,244,265.3524,100.00,82.48,0.0798,5.638649
6464,redandblack,static_B_2020.02.13_13.57.29.csv,857,108.8626,0.00,-21.30,0.0796,4.785259
6465,soldier,driving_B_2019.12.16_12.27.05.csv,218,88.6410,0.00,-32.78,0.0795,5.463150
6466,longdress,static_B_2020.02.27_18.39.27.csv,418,251.6448,100.00,75.00,0.0793,5.647068
6467,loot,driving_B_2020.02.14_09.38.22.csv,864,196.0906,8.00,60.01,0.0792,5.095766
6468,redandblack,static_B_2020.02.27_18.39.27.csv,238,273.1322,100.00,86.36,0.0791,5.459220
6469,soldier,driving_B_2019.12.16_14.23.32.csv,1775,14.8132,0.00,-182.63,0.0789,4.755175
6470,longdress,driving_B_2020.02.14_12.58.17.csv,619,72.0513,24.21,-21.07,0.0788,5.088421
6471,loot,driving_B_2019.12.16_11.49.59.csv,176,67.7432,0.00,-44.74,0.0786,5.038992
6472,redandblack,driving_B_2020.02.14_07.29.00.csv,1726,165.9005,39.69,36.02,0.0785,4.998522
6473,soldier,static_B_2020.02.27_18.39.27.csv,2878,249.3148,78.20,65.87,0.0783,5.174605
6474,longdress,static_B_2020.02.13_13.57.29.csv,2237,196.9482,30.64,34.95,0.0782,5.107113
6475,loot,static_B_2019.12.16_13.40.04.csv,479,206.0198,100.00,17.52,0.0781,5.104205
6476,redandblack,static_B_2019.12.16_13.40.04.csv,1904,156.1174,6.00,25.27,0.0779,5.392831
6477,soldier,driving_B_2020.02.27_17.30.15.csv,720,-11.0581,0.00,-137.82,0.0778,5.576859
6478,longdress,static_B_2020.02.27_18.39.27.csv,1738,166.5721,0.00,13.81,0.0776,4.608563
6479,loot,driving_B_2019.12.16_12.27.05.csv,518,51.5393,0.00,-119.01,0.0775,4.771961
6480,redandblack,driving_B_2019.12.17_07.32.39.csv,1313,274.4388,100.00,84.94,0.0773,4.537946
6481,soldier,static_B_2020.02.13_13.57.29.csv,17,250.0739,100.00,74.27,0.0772,5.211173
6482,longdress,static_B_2020.02.27_18.39.27.csv,1138,102.3908,0.11,-22.50,0.0771,4.983558
6483,loot,driving_B_2020.01.16_07.26.43.csv,1612,27.5416,0.00,-57.06,0.0769,5.197650
6484,redandblack,driving_B_2020.01.16_09.56.56.csv,156,227.4329,65.47,59.44,0.0768,5.317008
6485,soldier,driving_B_2020.02.13_13.03.24.csv,1260,34.5927,32.60,-39.74,0.0766,5.070273
6486,longdress,driving_B_2020.02.14_12.58.17.csv,559,83.7228,61.45,0.88,0.0765,4.916757
6487,loot,static_B_2020.02.27_18.39.27.csv,3058,221.6861,34.07,51.96,0.0763,5.448590
6488,redandblack,driving_B_2020.01.16_07.26.43.csv,1132,119.1803,0.00,-5.30,0.0762,5.345049
6489,soldier,driving_B_2020.02.14_12.58.17.csv,199,-41.1231,0.00,-706.99,0.0761,5.119382
6490,longdress,driving_B_2019.12.17_07.32.39.csv,2093,277.6520,100.00,86.22,0.0759,4.904345
6491,loot,driving_B_2020.02.13_15.02.01.csv,2202,272.4443,88.00,85.87,0.0758,5.383500
6492,redandblack,static_B_2020.02.27_18.39.27.csv,2338,60.2080,0.00,-104.60,0.0756,4.520666
6493,soldier,driving_B_2020.02.14_12.58.17.csv,319,-4.4568,0.00,-184.64,0.0755,5.367352
6494,longdress,static_B_2020.02.27_18.39.27.csv,4918,222.0306,79.32,62.81,0.0753,5.084418
6495,loot,driving_B_2020.02.14_12.58.17.csv,379,-3.4926,0.00,-250.69,0.0752,5.202493
6496,redandblack,driving_B_2020.02.14_07.29.00.csv,106,97.6609,0.00,-50.79,0.0751,5.320238
6497,soldier,driving_B_2020.02.14_09.38.22.csv,204,-2.2077,0.00,-181.22,0.0749,5.439430
6498,longdress,driving_B_2020.02.13_15.02.01.csv,522,114.3884,46.04,7.54,0.0748,5.476792
6499,loot,driving_B_2020.02.13_15.02.01.csv,2022,253.3451,68.50,74.50,0.0746,5.396291
6500,redandblack,driving_B_2020.02.14_09.38.22.csv,684,240.3032,69.32,69.24,0.0745,4.886680
6501,soldier,static_B_2020.02.27_18.39.27.csv,2398,240.9096,100.00,52.94,0.0744,5.121295
6502,longdress,driving_B_2020.01.16_07.26.43.csv,1492,83.5731,43.19,-12.03,0.0742,5.162692
6503,loot,static_B_2020.02.27_18.39.27.csv,898,241.2164,78.90,69.18,0.0741,5.048090
6504,redandblack,static_B_2020.02.27_18.39.27.csv,5458,249.1743,100.00,73.94,0.0739,4.822834
6505,soldier,driving_B_2019.12.16_12.27.05.csv,278,43.2849,75.91,-0.45,0.0738,5.067243
6506,longdress,driving_B_2020.02.27_17.30.15.csv,522,49.1535,0.00,-138.12,0.0736,5.163474
6507,loot,driving_B_2020.02.14_07.29.00.csv,646,113.6971,0.00,-29.98,0.0735,5.431090
6508,redandblack,static_B_2020.02.27_18.39.27.csv,4678,127.8799,0.00,-171.74,0.0734,5.540171
6509,soldier,driving_B_2020.02.14_09.38.22.csv,84,102.5184,87.89,23.25,0.0732,4.905142
6510,longdress,static_B_2020.02.13_13.57.29.csv,437,20.4283,12.00,0.50,0.0731,4.767949
6511,loot,driving_B_2020.01.16_07.26.43.csv,1672,36.3421,0.00,-86.17,0.0729,5.449374
6512,redandblack,static_B_2020.02.13_13.57.29.csv,2057,270.7610,100.00,85.19,0.0728,5.088553
6513,soldier,driving_B_2020.02.13_15.02.01.csv,1722,175.0771,60.75,44.01,0.0726,5.441152
6514,longdress,static_B_2020.02.13_13.57.29.csv,197,157.6640,29.17,22.60,0.0725,4.924058
6515,loot,driving_B_2020.02.13_13.03.24.csv,1980,3.6166,0.00,-207.65,0.0724,5.266221
6516,redandblack,driving_B_2020.02.14_07.29.00.csv,1970,70.7664,0.00,-90.72,0.0722,5.055715
6517,soldier,driving_B_2019.12.16_14.23.32.csv,95,188.4867,71.79,51.27,0.0721,4.951801
6518,longdress,static_B_2020.02.14_13.21.26.csv,137,268.1925,100.00,83.50,0.0719,5.217654
6519,loot,driving_B_2019.12.16_11.49.59.csv,277,41.5653,0.00,-151.26,0.0718,5.002649
6520,redandblack,driving_B_2019.12.16_12.27.05.csv,458,74.9639,19.32,-26.92,0.0716,4.769659
6521,soldier,driving_B_2020.02.14_09.38.22.csv,1478,40.7537,84.00,4.27,0.0715,5.334480
6522,longdress,driving_B_2019.12.16_12.27.05.csv,1058,126.8037,8.99,5.59,0.0714,4.842758
6523,loot,static_B_2019.12.16_13.40.04.csv,899,220.3684,51.60,51.25,0.0712,4.909705
6524,redandblack,static_B_2020.02.13_13.57.29.csv,2777,188.8229,60.42,40.56,0.0711,4.951212
6525,soldier,driving_B_2020.02.14_07.29.00.csv,1966,38.8540,0.00,-268.43,0.0709,5.615212
6526,longdress,static_B_2020.02.27_18.39.27.csv,2758,259.3088,100.00,79.20,0.0708,5.469020
6527,loot,driving_B_2020.02.14_07.29.00.csv,226,85.1270,0.00,-17.53,0.0706,5.002741
6528,redandblack,driving_B_2019.12.16_14.23.32.csv,275,271.8447,100.00,85.77,0.0705,4.933934
6529,soldier,driving_B_2019.12.16_14.23.32.csv,2255,32.9983,0.00,-95.95,0.0704,5.269562
6530,longdress,driving_B_2020.01.16_09.56.56.csv,1176,116.9643,0.00,-6.28,0.0702,5.086603
6531,loot,driving_B_2020.01.16_07.26.43.csv,712,127.1118,0.00,-32.33,0.0701,5.497020
6532,redandblack,static_B_2020.02.27_18.39.27.csv,2458,255.2768,100.00,80.65,0.0699,5.267499
6533,soldier,static_B_2019.12.16_13.40.04.csv,959,93.5111,55.87,5.52,0.0698,5.064397
6534,longdress,driving_B_2019.12.16_14.23.32.csv,1295,211.2527,60.26,50.88,0.0697,5.004457
6535,loot,static_B_2020.02.27_18.39.27.csv,2578,208.1189,35.10,47.27,0.0695,4.986032
6536,redandblack,static_B_2020.02.27_18.39.27.csv,118,230.5640,65.87,67.11,0.0694,5.468971
6537,soldier,driving_B_2019.12.16_14.23.32.csv,2615,152.3130,14.34,21.08,0.0692,5.061277
6538,longdress,static_B_2020.02.13_13.57.29.csv,1097,128.6177,3.04,-0.59,0.0691,5.173462
6539,loot,static_B_2020.02.14_13.21.26.csv,737,256.9738,60.00,81.12,0.0689,5.321721
6540,redandblack,driving_B_2020.02.14_07.29.00.csv,1846,75.0887,0.00,-131.25,0.0688,4.685023
6541,soldier,static_B_2020.02.27_18.39.27.csv,958,257.1883,77.91,76.11,0.0687,5.411432
6542,longdress,static_B_2020.02.13_13.57.29.csv,2177,122.2938,0.00,-17.83,0.0685,5.315290
6543,loot,static_B_2020.02.13_13.57.29.csv,377,201.6062,12.98,41.43,0.0684,5.621146
6544,redandblack,static_B_2020.02.13_13.57.29.csv,2657,261.1325,100.00,80.39,0.0682,5.249817
6545,soldier,static_B_2020.02.14_13.21.26.csv,850,211.3345,52.12,50.96,0.0681,5.204292
6546,longdress,static_B_2020.02.14_13.21.26.csv,257,179.3020,33.43,36.37,0.0679,5.116245
6547,loot,driving_B_2019.12.16_14.23.32.csv,35,246.9951,87.64,75.47,0.0678,5.250525
6548,redandblack,driving_B_2019.12.16_14.23.32.csv,1475,252.9713,80.39,73.45,0.0677,5.322157
6549,soldier,static_B_2020.02.13_13.57.29.csv,1637,86.1509,52.97,6.22,0.0675,5.105703
6550,longdress,driving_B_2020.02.14_07.29.00.csv,406,39.0772,26.00,3.93,0.0674,5.203211
6551,loot,driving_B_2020.01.16_09.56.56.csv,876,94.2259,0.00,-14.81,0.0672,5.166946
6552,redandblack,static_B_2020.02.27_18.39.27.csv,3778,148.8751,5.99,15.94,0.0671,5.252131
6553,soldier,driving_B_2019.12.16_12.27.05.csv,98,57.5042,0.00,-94.36,0.0669,5.162586
6554,longdress,driving_B_2019.12.16_12.27.05.csv,1118,141.1396,0.00,-13.88,0.0668,4.730464
6555,loot,driving_B_2020.02.13_13.03.24.csv,1740,228.5310,44.61,58.73,0.0667,4.989860
6556,redandblack,driving_B_2019.12.16_14.23.32.csv,935,52.4140,0.00,-97.15,0.0665,5.506280
6557,soldier,driving_B_2020.02.14_09.38.22.csv,1404,28.2067,0.00,-128.13,0.0664,5.169077
6558,longdress,static_B_2020.02.27_18.39.27.csv,478,229.8057,79.50,60.74,0.0662,4.642810
6559,loot,driving_B_2019.12.16_14.23.32.csv,1835,42.0756,0.00,-117.16,0.0661,4.952918
6560,redandblack,driving_B_2020.02.13_15.02.01.csv,2082,180.5949,0.00,-1.10,0.0660,5.173652
6561,soldier,static_B_2020.02.27_18.39.27.csv,2518,281.2431,100.00,84.94,0.0658,5.053572
6562,longdress,driving_B_2019.12.16_12.27.05.csv,398,33.1185,14.51,-81.08,0.0657,4.918649
6563,loot,driving_B_2020.01.16_12.10.03.csv,244,283.2976,100.00,90.66,0.0655,5.115164
6564,redandblack,static_B_2020.02.13_13.57.29.csv,677,139.0334,37.18,14.19,0.0654,5.523482
6565,soldier,driving_B_2020.02.13_15.02.01.csv,822,17.3816,64.00,-4.58,0.0652,5.047132
6566,longdress,driving_B_2020.02.14_07.29.00.csv,1426,130.4250,0.00,-28.98,0.0651,5.367971
6567,loot,static_B_2019.12.16_13.40.04.csv,119,250.9391,42.00,79.40,0.0650,4.950839
6568,redandblack,driving_B_2020.02.13_15.02.01.csv,1842,221.4979,59.42,59.61,0.0648,5.315976
6569,soldier,driving_B_2020.02.27_17.30.15.csv,642,-21.1392,0.00,-1054.04,0.0647,5.112341
6570,longdress,static_B_2020.02.13_13.57.29.csv,1037,28.3529,49.41,-25.55,0.0645,5.294905
6571,loot,driving_B_2020.01.16_07.26.43.csv,412,33.9610,0.00,-196.60,0.0644,5.303247
6572,redandblack,driving_B_2019.12.16_12.27.05.csv,998,177.7098,2.00,53.08,0.0642,4.667843
6573,soldier,driving_B_2020.02.27_17.30.15.csv,162,64.4290,0.00,-367.92,0.0641,4.999486
6574,longdress,driving_B_2020.02.14_07.29.00.csv,346,281.7608,100.00,88.54,0.0640,5.281778
6575,loot,static_B_2020.02.27_18.39.27.csv,1198,180.0367,28.00,28.41,0.0638,5.067918
6576,redandblack,driving_B_2020.02.14_07.29.00.csv,1186,237.5429,66.14,66.75,0.0637,5.460694
6577,soldier,driving_B_2019.12.17_07.32.39.csv,1073,43.2809,56.00,3.51,0.0635,4.992112
6578,longdress,static_B_2020.02.27_18.39.27.csv,2158,217.8481,53.26,51.08,0.0634,4.897741
6579,loot,driving_B_2020.02.14_07.29.00.csv,1126,98.5129,0.00,-113.16,0.0632,4.960640
6580,redandblack,driving_B_2019.12.16_14.23.32.csv,1355,229.2330,100.00,67.23,0.0631,5.343468
6581,soldier,driving_B_2020.01.16_09.56.56.csv,1416,257.8226,47.89,53.30,0.0630,4.984084
6582,longdress,driving_B_2020.02.13_13.03.24.csv,420,85.4258,0.00,-32.15,0.0628,4.885272
6583,loot,static_B_2020.02.27_18.39.27.csv,4018,187.8607,0.00,27.65,0.0627,5.030019
6584,redandblack,static_B_2020.02.13_13.57.29.csv,917,131.7461,0.00,-11.10,0.0625,5.131394
6585,soldier,driving_B_2020.02.13_13.03.24.csv,1440,105.9415,100.00,25.18,0.0624,5.344121
6586,longdress,driving_B_2020.02.13_13.03.24.csv,240,18.1388,24.00,-3.56,0.0622,5.145178
6587,loot,driving_B_2019.12.16_14.23.32.csv,2495,258.6214,68.48,72.53,0.0621,5.166520
6588,redandblack,driving_B_2020.01.16_07.26.43.csv,772,122.9214,0.00,-4.46,0.0620,5.653438
6589,soldier,driving_B_2020.02.14_09.38.22.csv,384,47.8870,0.00,-97.08,0.0618,5.127443
6590,longdress,static_B_2019.12.16_13.40.04.csv,1019,52.7638,38.00,12.05,0.0617,5.063182
6591,loot,static_B_2020.02.27_18.39.27.csv,5038,171.2102,0.00,26.24,0.0615,4.955726
6592,redandblack,driving_B_2020.02.27_17.30.15.csv,582,17.2700,0.00,-323.00,0.0614,5.081644
6593,soldier,static_B_2020.02.13_13.57.29.csv,1397,276.3875,100.00,85.67,0.0613,5.615979
6594,longdress,driving_B_2020.02.13_15.02.01.csv,642,100.8574,79.54,19.32,0.0611,5.538553
6595,loot,driving_B_2020.01.16_09.56.56.csv,1116,148.0336,0.00,-12.48,0.0610,4.885123
6596,redandblack,static_B_2020.02.27_18.39.27.csv,1798,105.8773,0.00,-283.32,0.0608,4.956526
6597,soldier,driving_B_2019.12.17_07.32.39.csv,353,217.2570,100.00,55.35,0.0607,5.409957
6598,longdress,static_B_2020.02.13_13.57.29.csv,2357,94.8014,22.53,3.18,0.0605,5.159656
6599,loot,driving_B_2020.01.16_09.56.56.csv,216,183.4919,0.34,24.99,0.0604,5.018358
6600,redandblack,static_B_2019.12.16_13.40.04.csv,599,213.7058,22.25,38.95,0.0603,4.859433
6601,soldier,driving_B_2020.02.13_13.03.24.csv,120,91.4817,69.78,9.33,0.0601,5.483808
6602,longdress,static_B_2019.12.16_13.40.04.csv,719,271.3053,92.00,84.83,0.0600,5.103949
6603,loot,driving_B_2020.01.16_09.56.56.csv,1536,278.6561,92.00,89.01,0.0598,5.276738
6604,redandblack,driving_B_2020.02.13_13.03.24.csv,2040,14.1487,0.00,-251.06,0.0597,5.130204
6605,soldier,driving_B_2019.12.16_11.49.59.csv,236,5.7341,0.00,-388.50,0.0595,5.209026
6606,longdress,driving_B_2019.12.16_14.23.32.csv,2435,185.6640,66.88,38.49,0.0594,5.475861
6607,loot,driving_B_2020.02.14_07.29.00.csv,1486,167.5945,0.00,16.74,0.0593,5.257111
6608,redandblack,driving_B_2020.02.14_07.29.00.csv,1306,181.8069,0.00,9.84,0.0591,5.567022
6609,soldier,driving_B_2020.01.16_09.56.56.csv,336,197.0412,0.00,0.15,0.0590,5.068747
6610,longdress,driving_B_2019.12.16_14.23.32.csv,755,184.3762,43.06,33.40,0.0588,5.042582
6611,loot,driving_B_2020.01.16_09.56.56.csv,756,176.1191,4.11,33.15,0.0587,5.018937
6612,redandblack,static_B_2020.02.13_13.57.29.csv,1517,100.3990,0.37,-6.17,0.0585,5.304020
6613,soldier,driving_B_2020.02.14_09.38.22.csv,1224,89.0138,71.16,3.51,0.0584,5.459012
6614,longdress,static_B_2020.02.13_13.57.29.csv,977,-5.4533,10.00,-14.32,0.0583,4.694173
6615,loot,driving_B_2019.12.16_12.27.05.csv,698,233.9209,76.67,62.50,0.0581,4.959909
6616,redandblack,static_B_2020.02.27_18.39.27.csv,4198,194.1579,27.91,36.67,0.0580,5.263012
6617,soldier,driving_B_2020.02.14_07.29.00.csv,766,82.3035,31.14,-10.73,0.0578,5.094575
6618,longdress,driving_B_2019.12.16_14.23.32.csv,2555,76.9656,0.00,-55.15,0.0577,5.271673
6619,loot,driving_B_2019.12.17_07.32.39.csv,773,85.9227,0.00,-62.16,0.0576,5.138097
6620,redandblack,driving_B_2020.02.13_15.02.01.csv,342,273.5260,88.00,86.97,0.0574,5.560907
6621,soldier,static_B_2020.02.27_18.39.27.csv,1018,194.8452,66.93,36.67,0.0573,5.092529
6622,longdress,driving_B_2020.02.14_07.29.00.csv,586,68.6695,0.00,-29.38,0.0571,4.773138
6623,loot,static_B_2020.02.27_18.39.27.csv,4498,215.2282,71.18,52.08,0.0570,4.791217
6624,redandblack,driving_B_2020.02.13_13.03.24.csv,360,78.2763,50.44,3.28,0.0568,5.067155
6625,soldier,driving_B_2020.01.16_07.26.43.csv,532,33.6043,0.00,-127.59,0.0567,5.007345
6626,longdress,driving_B_2020.02.27_17.30.15.csv,42,66.1614,0.00,-63.84,0.0566,5.050072
6627,loot,driving_B_2020.01.16_07.26.43.csv,232,128.0189,0.00,-19.98,0.0564,5.615340
6628,redandblack,driving_B_2020.01.16_07.26.43.csv,1072,149.7641,0.00,-3.27,0.0563,5.507537
6629,soldier,driving_B_2020.02.14_07.29.00.csv,46,104.2871,62.96,10.47,0.0561,4.886815
6630,longdress,static_B_2020.02.13_13.57.29.csv,1817,264.1400,82.91,81.18,0.0560,5.075660
6631,loot,driving_B_2020.01.16_12.10.03.csv,46,206.3944,22.00,62.13,0.0558,5.330504
6632,redandblack,driving_B_2020.01.16_09.56.56.csv,1056,96.1968,8.93,-13.97,0.0557,4.925182
6633,soldier,driving_B_2019.12.16_11.49.59.csv,277,58.6826,37.00,-24.15,0.0556,5.480041
6634,longdress,static_B_2020.02.13_13.57.29.csv,2897,212.4040,78.12,51.82,0.0554,5.545850
6635,loot,static_B_2020.02.13_13.57.29.csv,2477,215.0374,71.49,33.48,0.0553,4.585676
6636,redandblack,static_B_2020.02.14_13.21.26.csv,317,271.5216,92.00,85.07,0.0551,5.011412
6637,soldier,driving_B_2020.02.14_07.29.00.csv,166,111.2885,98.00,29.02,0.0550,5.575799
6638,longdress,driving_B_2019.12.17_07.32.39.csv,2213,207.5896,50.40,35.70,0.0548,5.576182
6639,loot,driving_B_2020.01.16_09.56.56.csv,516,206.3836,11.89,38.76,0.0547,5.220499
6640,redandblack,driving_B_2020.02.13_13.03.24.csv,1320,102.9445,0.00,-27.56,0.0546,5.031069
6641,soldier,driving_B_2020.02.13_15.02.01.csv,2322,80.8319,46.09,-10.07,0.0544,4.985732
6642,longdress,driving_B_2020.02.14_09.38.22.csv,24,82.1479,100.00,12.76,0.0543,4.997618
6643,loot,driving_B_2020.02.13_13.03.24.csv,2100,51.1551,0.00,-25.52,0.0541,4.979309
6644,redandblack,driving_B_2020.01.16_09.56.56.csv,576,275.1478,100.00,87.29,0.0540,5.044129
6645,soldier,static_B_2020.02.27_18.39.27.csv,2698,268.1848,86.03,83.54,0.0538,5.046499
6646,longdress,static_B_2019.12.16_13.40.04.csv,1079,152.1231,62.25,32.81,0.0537,5.330695
6647,loot,driving_B_2020.02.13_15.02.01.csv,942,271.7966,85.17,83.26,0.0536,5.116854
6648,redandblack,driving_B_2020.02.13_15.02.01.csv,42,277.5025,100.00,88.27,0.0534,5.381401
6649,soldier,driving_B_2020.02.13_13.03.24.csv,0,100.8680,60.46,8.82,0.0533,5.461791
6650,longdress,driving_B_2020.02.13_15.02.01.csv,2622,254.1310,75.25,74.55,0.0531,5.146028
6651,loot,driving_B_2020.02.14_07.29.00.csv,1666,286.4093,100.00,90.93,0.0530,5.120341
6652,redandblack,driving_B_2019.12.17_07.32.39.csv,53,117.0829,22.24,6.79,0.0529,5.254928
6653,soldier,driving_B_2019.12.17_07.32.39.csv,1793,80.4434,32.83,-20.94,0.0527,5.292717
6654,longdress,driving_B_2019.12.16_14.23.32.csv,2135,262.0430,76.02,74.66,0.0526,4.934816
6655,loot,driving_B_2019.12.16_14.23.32.csv,1955,204.5872,36.86,40.28,0.0524,5.603164
6656,redandblack,driving_B_2020.02.13_15.02.01.csv,1602,8.2279,0.00,-169.06,0.0523,4.908638
6657,soldier,driving_B_2020.02.13_15.02.01.csv,1062,114.5874,0.00,-10.38,0.0521,5.412322
6658,longdress,driving_B_2020.01.16_07.26.43.csv,832,165.5616,47.07,32.94,0.0520,5.314098
6659,loot,static_B_2020.02.14_13.21.26.csv,617,280.5698,86.00,90.24,0.0519,5.136117
6660,redandblack,static_B_2020.02.27_18.39.27.csv,1558,216.2071,68.93,49.56,0.0517,5.133578
6661,soldier,driving_B_2020.02.13_15.02.01.csv,2262,86.7956,2.45,-14.34,0.0516,5.008884
6662,longdress,static_B_2020.02.27_18.39.27.csv,5638,261.8828,79.65,79.91,0.0514,5.159167
6663,loot,static_B_2019.12.16_13.40.04.csv,179,258.0956,83.63,78.36,0.0513,5.529624
6664,redandblack,driving_B_2020.01.16_07.26.43.csv,472,119.8224,0.00,-8.32,0.0511,5.514229
6665,soldier,static_B_2020.02.27_18.39.27.csv,3298,287.7199,100.00,92.33,0.0510,5.446953
6666,longdress,static_B_2020.02.27_18.39.27.csv,2218,224.2403,45.23,54.88,0.0509,4.793250
6667,loot,driving_B_2019.12.16_14.23.32.csv,2616,150.0248,8.78,21.96,0.0507,5.339692
6668,redandblack,driving_B_2020.01.16_09.56.56.csv,1296,217.6784,62.68,59.95,0.0506,5.057976
6669,soldier,static_B_2019.12.16_13.40.04.csv,659,276.1566,100.00,86.38,0.0504,5.296863
6670,longdress,driving_B_2020.02.13_15.02.01.csv,2742,82.0800,39.02,-2.04,0.0503,5.275350
6671,loot,driving_B_2020.02.14_09.38.22.csv,984,93.1929,0.00,-68.91,0.0501,5.209233
6672,redandblack,driving_B_2020.02.13_15.02.01.csv,882,253.5659,100.00,77.33,0.0500,5.179336
6673,longdress,driving_B_2020.01.16_07.26.43.csv,413,98.6934,38.00,-2.70,0.0500,5.482955
6674,loot,static_B_2020.02.14_13.21.26.csv,846,194.2848,27.86,45.90,0.0500,5.276291
6675,redandblack,driving_B_2019.12.16_14.23.32.csv,1329,108.5875,0.00,-38.30,0.0500,5.011384
6676,soldier,driving_B_2020.02.13_15.02.01.csv,1020,262.5985,72.00,83.52,0.0500,5.014591
6677,longdress,driving_B_2020.01.16_07.26.43.csv,1770,55.5934,0.00,-66.65,0.0500,5.499749
6678,loot,static_B_2020.02.27_18.39.27.csv,3652,255.9029,74.98,77.93,0.0500,5.120175
6679,redandblack,driving_B_2020.02.14_09.38.22.csv,357,111.0589,100.00,30.51,0.0500,5.364913
6680,soldier,static_B_2020.02.27_18.39.27.csv,3412,260.3430,73.56,74.47,0.0500,5.440233
6681,longdress,static_B_2020.02.27_18.39.27.csv,3172,210.2083,0.00,-172.05,0.0500,5.712233
6682,loot,static_B_2020.02.13_13.57.29.csv,295,243.1626,50.00,74.34,0.0500,5.220706
6683,redandblack,driving_B_2020.02.14_12.58.17.csv,172,-11.1627,0.00,-938.73,0.0500,5.271641
6684,soldier,driving_B_2020.01.16_09.56.56.csv,1357,242.0601,84.00,73.81,0.0500,5.014423
6685,longdress,static_B_2019.12.16_13.40.04.csv,1870,141.8026,0.00,-214.63,0.0500,5.225725
6686,loot,driving_B_2020.01.16_07.26.43.csv,773,171.2994,0.00,15.42,0.0500,5.271315
6687,redandblack,static_B_2020.02.27_18.39.27.csv,2392,231.8840,80.00,46.31,0.0500,5.441887
6688,soldier,driving_B_2020.02.13_15.02.01.csv,1320,42.9763,0.00,-162.77,0.0500,5.435798
6689,longdress,driving_B_2020.01.16_09.56.56.csv,337,232.2454,86.19,65.84,0.0500,5.454249
6690,loot,driving_B_2019.12.16_14.23.32.csv,1869,96.7634,72.77,15.71,0.0500,5.204000
6691,redandblack,driving_B_2020.02.14_07.29.00.csv,343,278.2421,100.00,88.39,0.0500,5.488922
6692,soldier,driving_B_2020.02.13_13.03.24.csv,522,104.9622,100.00,31.02,0.0500,5.153528
6693,longdress,driving_B_2019.12.16_14.23.32.csv,309,249.2140,57.09,65.16,0.0500,5.172912
6694,loot,driving_B_2020.02.13_13.03.24.csv,942,79.7738,0.00,-106.78,0.0500,4.915927
6695,redandblack,driving_B_2019.12.17_07.32.39.csv,1623,133.1489,0.00,-30.35,0.0500,5.062166
6696,soldier,driving_B_2020.01.16_07.26.43.csv,473,82.5182,78.23,12.85,0.0500,5.189315
6697,longdress,driving_B_2020.01.16_07.26.43.csv,1313,158.4079,7.92,17.04,0.0500,5.134233
6698,loot,driving_B_2020.02.14_07.29.00.csv,1663,278.9055,100.00,87.12,0.0500,5.585290
6699,redandblack,static_B_2020.02.27_18.39.27.csv,2812,266.8673,100.00,83.19,0.0500,4.932108
6700,soldier,static_B_2020.02.27_18.39.27.csv,5452,188.8589,80.58,44.47,0.0500,4.910321
6701,longdress,static_B_2020.02.27_18.39.27.csv,4492,172.6602,0.00,26.39,0.0500,5.350727
6702,loot,driving_B_2020.02.14_07.29.00.csv,1543,121.1160,68.17,28.94,0.0500,5.404563
6703,redandblack,static_B_2020.02.27_18.39.27.csv,5332,258.3055,84.00,79.62,0.0500,5.079981
6704,soldier,driving_B_2020.02.14_12.58.17.csv,52,64.0883,0.00,-83.40,0.0500,5.323721
6705,longdress,driving_B_2020.01.16_09.56.56.csv,757,100.3852,34.00,27.04,0.0500,5.373663
6706,loot,driving_B_2020.02.14_09.38.22.csv,1317,269.4884,98.00,83.76,0.0500,5.063942
6707,redandblack,driving_B_2020.01.16_07.26.43.csv,53,98.4123,0.00,-23.98,0.0500,5.321090
6708,soldier,driving_B_2020.02.13_15.02.01.csv,600,94.8492,0.00,-53.35,0.0500,4.858920
6709,longdress,driving_B_2020.02.14_09.38.22.csv,1197,89.1931,55.42,-3.60,0.0500,4.972709
6710,loot,driving_B_2019.12.17_07.32.39.csv,963,111.8883,100.00,33.30,0.0500,5.275484
6711,redandblack,driving_B_2020.02.13_15.02.01.csv,2700,43.3047,0.00,-167.19,0.0500,5.439357
6712,soldier,driving_B_2020.01.16_07.26.43.csv,1613,68.8331,25.67,-23.42,0.0500,5.180755
6713,longdress,driving_B_2020.02.14_09.38.22.csv,1077,105.1582,100.00,26.23,0.0500,5.154858
6714,loot,driving_B_2019.12.17_07.32.39.csv,2283,102.6529,0.00,26.34,0.0500,4.841634
6715,redandblack,static_B_2020.02.27_18.39.27.csv,472,257.3402,83.87,78.92,0.0500,5.264212
6716,soldier,driving_B_2020.02.13_15.02.01.csv,1680,76.1320,42.71,-5.91,0.0500,5.235031
6717,longdress,driving_B_2020.01.16_12.10.03.csv,244,249.4238,84.80,71.79,0.0500,5.531323
6718,loot,static_B_2020.02.27_18.39.27.csv,652,274.5582,100.00,86.18,0.0500,5.376196
6719,redandblack,driving_B_2020.02.14_07.29.00.csv,1603,258.1853,100.00,78.10,0.0500,5.453955
6720,soldier,static_B_2020.02.13_13.57.29.csv,1075,282.6276,100.00,89.32,0.0500,4.806698
6721,longdress,driving_B_2020.01.16_09.56.56.csv,937,111.5182,100.00,31.29,0.0500,5.495094
6722,loot,driving_B_2020.02.14_09.38.22.csv,297,99.9925,37.59,-10.75,0.0500,5.033663
6723,redandblack,static_B_2019.12.16_13.40.04.csv,250,251.9836,100.00,68.16,0.0500,5.125180
6724,soldier,driving_B_2019.12.17_07.32.39.csv,123,116.6797,100.00,33.10,0.0500,5.373323
6725,longdress,static_B_2020.02.27_18.39.27.csv,4372,226.9139,75.65,55.54,0.0500,5.174375
6726,loot,driving_B_2020.02.27_17.30.15.csv,720,-15.4807,0.00,-735.82,0.0500,5.421091
6727,redandblack,driving_B_2019.12.16_11.49.59.csv,277,73.1665,0.00,-49.87,0.0500,5.520915
6728,soldier,driving_B_2020.02.14_09.38.22.csv,537,244.2615,65.35,56.85,0.0500,4.966238
6729,longdress,driving_B_2020.02.13_15.02.01.csv,2220,280.5836,100.00,88.15,0.0500,5.373817
6730,loot,static_B_2020.02.14_13.21.26.csv,786,281.8198,92.00,89.44,0.0500,5.297645
6731,redandblack,driving_B_2020.01.16_09.56.56.csv,1237,135.8902,0.00,-10.97,0.0500,5.029567
6732,soldier,static_B_2020.02.27_18.39.27.csv,2872,230.8033,39.10,53.97,0.0500,5.369169
6733,longdress,static_B_2020.02.27_18.39.27.csv,5742,284.4552,100.00,89.06,0.0500,5.043231
6734,loot,static_B_2020.02.27_18.39.27.csv,1252,284.9142,92.00,91.53,0.0500,5.227865
6735,redandblack,driving_B_2020.02.13_13.03.24.csv,2188,-11.5661,0.00,-144.60,0.0500,4.803594
6736,soldier,static_B_2020.02.13_13.57.29.csv,2455,179.0044,81.30,13.68,0.0500,5.230687
6737,longdress,driving_B_2020.02.14_09.38.22.csv,237,67.8975,0.00,-158.44,0.0500,5.149104
6738,loot,static_B_2020.02.13_13.57.29.csv,235,250.3930,82.66,74.20,0.0500,4.836677
6739,redandblack,driving_B_2020.01.16_09.56.56.csv,577,271.0648,100.00,84.87,0.0500,5.537744
6740,soldier,driving_B_2019.12.16_14.23.32.csv,2229,247.8031,100.00,67.40,0.0500,5.413208
6741,longdress,static_B_2020.02.27_18.39.27.csv,4912,240.6807,76.33,61.91,0.0500,5.436773
6742,loot,static_B_2020.02.13_13.57.29.csv,2935,247.5405,81.12,73.84,0.0500,5.105165
6743,redandblack,driving_B_2020.02.14_07.29.00.csv,1303,220.6611,42.26,53.62,0.0500,5.268576
6744,soldier,driving_B_2019.12.16_14.23.32.csv,2049,186.4015,0.00,25.83,0.0500,4.916052
6745,longdress,driving_B_2019.12.17_07.32.39.csv,783,78.0076,0.00,-53.98,0.0500,5.013267
6746,loot,static_B_2019.12.16_13.40.04.csv,790,288.7818,100.00,92.70,0.0500,5.470259
6747,redandblack,driving_B_2020.02.27_17.30.15.csv,198,-16.0231,0.00,-785.79,0.0500,5.533210
6748,soldier,driving_B_2019.12.16_14.23.32.csv,789,170.3233,15.33,28.94,0.0500,5.555200
6749,longdress,driving_B_2020.01.16_09.56.56.csv,1117,162.6256,47.14,13.52,0.0500,5.192655
6750,loot,static_B_2020.02.27_18.39.27.csv,292,175.6931,37.17,39.20,0.0500,5.033780
6751,redandblack,driving_B_2019.12.16_14.23.32.csv,729,231.1073,60.59,64.77,0.0500,5.350388
6752,soldier,driving_B_2019.12.16_12.27.05.csv,594,68.7914,0.00,-211.93,0.0500,5.163867
6753,longdress,static_B_2020.02.27_18.39.27.csv,712,101.3165,0.00,-35.09,0.0500,5.631355
6754,loot,driving_B_2020.02.13_15.02.01.csv,2160,239.6989,64.67,66.96,0.0500,5.055988
6755,redandblack,driving_B_2020.02.13_15.02.01.csv,2520,96.1304,66.62,8.51,0.0500,4.965716
6756,soldier,static_B_2020.02.13_13.57.29.csv,1015,126.5466,45.92,-2.49,0.0500,5.421365
6757,longdress,driving_B_2019.12.16_14.23.32.csv,1029,114.0542,0.00,-34.55,0.0500,5.370324
6758,loot,driving_B_2020.02.13_13.03.24.csv,642,110.4689,0.00,-0.81,0.0500,5.306606
6759,redandblack,driving_B_2020.02.13_15.02.01.csv,1080,127.5810,100.00,34.34,0.0500,5.228398
6760,soldier,driving_B_2020.01.16_07.26.43.csv,233,141.0962,2.38,-1.96,0.0500,5.297444
6761,longdress,driving_B_2020.02.13_15.02.01.csv,300,249.4171,82.76,75.25,0.0500,5.116158
6762,loot,static_B_2020.02.13_13.57.29.csv,2275,279.5544,100.00,87.83,0.0500,5.688688
6763,redandblack,driving_B_2019.12.17_07.32.39.csv,1863,115.0701,0.00,-17.86,0.0500,5.002633
6764,soldier,static_B_2020.02.13_13.57.29.csv,2155,144.9054,19.66,10.25,0.0500,5.305826
6765,longdress,driving_B_2020.02.13_13.03.24.csv,822,112.1210,100.00,29.75,0.0500,5.772662
6766,loot,driving_B_2019.12.16_12.27.05.csv,54,108.4154,0.00,-20.20,0.0500,5.418053
6767,redandblack,driving_B_2019.12.16_14.23.32.csv,2109,255.8048,56.00,80.89,0.0500,4.815611
6768,soldier,driving_B_2019.12.16_14.23.32.csv,2529,105.4252,0.00,-171.26,0.0500,5.159737
6769,longdress,driving_B_2020.01.16_09.56.56.csv,37,128.2885,73.32,27.82,0.0500,4.893663
6770,loot,static_B_2019.12.16_13.40.04.csv,130,244.5646,44.00,77.90,0.0500,5.566668
6771,redandblack,static_B_2020.02.27_18.39.27.csv,4072,281.6889,100.00,88.08,0.0500,5.494510
6772,soldier,static_B_2020.02.27_18.39.27.csv,2632,240.0754,77.27,63.52,0.0500,4.694192
6773,longdress,driving_B_2020.02.13_15.02.01.csv,1980,136.9685,50.98,23.52,0.0500,5.393440
6774,loot,static_B_2020.02.13_13.57.29.csv,1795,180.9051,20.68,38.09,0.0500,5.108323
6775,redandblack,driving_B_2020.02.14_07.29.00.csv,763,97.0138,0.00,-44.72,0.0500,5.074426
6776,soldier,static_B_2020.02.13_13.57.29.csv,595,222.9834,45.75,56.16,0.0500,4.750470
6777,longdress,driving_B_2019.12.16_14.23.32.csv,549,146.1996,30.25,16.44,0.0500,5.552973
6778,loot,static_B_2020.02.27_18.39.27.csv,2272,257.4504,78.36,75.88,0.0500,4.999569
6779,redandblack,static_B_2020.02.27_18.39.27.csv,5632,281.4770,96.00,89.99,0.0500,5.477882
6780,soldier,driving_B_2019.12.16_11.49.59.csv,44,79.8139,0.00,-44.81,0.0500,4.916676
6781,longdress,driving_B_2020.02.13_15.02.01.csv,1740,267.8180,80.00,83.90,0.0500,5.224576
6782,loot,driving_B_2020.02.13_15.02.01.csv,360,272.1340,74.00,86.37,0.0500,5.197580
6783,redandblack,driving_B_2019.12.16_14.23.32.csv,669,262.0888,100.00,79.55,0.0500,5.397433
6784,soldier,static_B_2020.02.27_18.39.27.csv,5272,287.0054,100.00,90.76,0.0500,5.194967
6785,longdress,static_B_2019.12.16_13.40.04.csv,1810,130.5731,0.00,-19.50,0.0500,4.743521
6786,loot,driving_B_2020.02.14_07.29.00.csv,1783,279.9683,100.00,89.40,0.0500,5.391670
6787,redandblack,driving_B_2020.02.13_15.02.01.csv,2280,9.6709,0.00,-199.99,0.0500,4.975788
6788,soldier,static_B_2020.02.27_18.39.27.csv,2932,229.5938,51.47,51.15,0.0500,5.525326
6789,longdress,driving_B_2020.01.16_07.26.43.csv,1770,92.4267,0.00,-54.26,0.0500,5.703865
6790,loot,static_B_2019.12.16_13.40.04.csv,1150,99.3398,15.56,-59.28,0.0500,5.175539
6791,redandblack,driving_B_2020.02.14_09.38.22.csv,657,246.9248,88.00,74.53,0.0500,5.200279
6792,soldier,static_B_2020.02.13_13.57.29.csv,2695,238.9911,80.09,71.58,0.0500,5.222446
6793,longdress,static_B_2020.02.27_18.39.27.csv,3352,274.2931,100.00,86.45,0.0500,5.534912
6794,loot,static_B_2020.02.13_13.57.29.csv,1675,120.0350,26.63,3.92,0.0500,5.243206
6795,redandblack,driving_B_2020.02.14_12.58.17.csv,772,60.3867,21.20,-32.96,0.0500,5.252714
6796,soldier,driving_B_2020.02.13_15.02.01.csv,1200,169.2476,19.82,15.08,0.0500,5.438574
6797,longdress,static_B_2020.02.14_13.21.26.csv,606,269.3425,83.87,82.66,0.0500,4.869233
6798,loot,static_B_2019.12.16_13.40.04.csv,430,165.4198,33.14,27.85,0.0500,5.209587
6799,redandblack,driving_B_2020.02.13_15.02.01.csv,420,211.0296,40.00,65.73,0.0500,5.218669
6800,soldier,static_B_2020.02.27_18.39.27.csv,2572,115.3390,18.72,5.20,0.0500,4.995792
6801,longdress,driving_B_2019.12.17_07.32.39.csv,363,235.2889,76.71,68.43,0.0500,5.118989
6802,loot,driving_B_2020.02.14_07.29.00.csv,1843,238.7667,73.19,61.86,0.0500,4.916319
6803,redandblack,driving_B_2020.02.13_13.03.24.csv,162,20.9984,0.00,-195.63,0.0500,5.044914
6804,soldier,static_B_2020.02.27_18.39.27.csv,412,240.9648,82.76,69.66,0.0500,5.580186
6805,longdress,driving_B_2020.01.16_07.26.43.csv,833,168.0453,100.00,39.12,0.0500,5.269468
6806,loot,driving_B_2019.12.16_14.23.32.csv,1389,271.9921,100.00,84.92,0.0500,5.274039
6807,redandblack,driving_B_2020.02.13_13.03.24.csv,282,92.4504,0.00,-19.74,0.0500,5.519464
6808,soldier,driving_B_2020.02.14_07.29.00.csv,1243,218.8409,81.56,61.04,0.0500,5.517300
6809,longdress,driving_B_2019.12.17_07.32.39.csv,1443,166.4737,76.58,35.91,0.0500,5.186165
6810,loot,driving_B_2020.02.27_17.30.15.csv,678,65.0813,0.00,-114.21,0.0500,5.348126
6811,redandblack,driving_B_2020.01.16_09.56.56.csv,1177,106.2516,100.00,26.55,0.0500,5.276462
6812,soldier,static_B_2020.02.27_18.39.27.csv,5692,242.6686,100.00,74.08,0.0500,4.875120
6813,longdress,driving_B_2020.02.27_17.30.15.csv,618,100.0399,100.00,20.68,0.0500,5.046463
6814,loot,static_B_2019.12.16_13.40.04.csv,910,144.3192,41.11,27.70,0.0500,5.031707
6815,redandblack,driving_B_2019.12.16_14.23.32.csv,2469,248.9559,66.71,72.01,0.0500,5.594500
6816,soldier,static_B_2020.02.13_13.57.29.csv,1855,86.1985,78.91,2.09,0.0500,5.562045
6817,longdress,static_B_2020.02.27_18.39.27.csv,532,79.4959,33.24,-13.73,0.0500,5.124137
6818,loot,static_B_2020.02.27_18.39.27.csv,1132,134.1766,0.00,-0.83,0.0500,4.904631
6819,redandblack,static_B_2020.02.27_18.39.27.csv,2512,262.3268,68.00,83.42,0.0500,4.882042
6820,soldier,static_B_2020.02.14_13.21.26.csv,486,264.1533,87.62,82.87,0.0500,4.951043
6821,longdress,driving_B_2020.02.27_17.30.15.csv,720,39.3657,0.00,-290.62,0.0500,5.913646
6822,loot,driving_B_2020.02.13_15.02.01.csv,2754,125.5272,0.00,-17.77,0.0500,5.299814
6823,redandblack,static_B_2020.02.13_13.57.29.csv,475,192.8974,85.08,47.51,0.0500,5.246025
6824,soldier,static_B_2020.02.27_18.39.27.csv,4432,226.1001,86.15,63.06,0.0500,4.652022
6825,longdress,driving_B_2020.02.14_09.38.22.csv,777,105.0522,69.68,13.80,0.0500,5.015781
6826,loot,static_B_2019.12.16_13.40.04.csv,1390,204.0574,66.31,30.35,0.0500,5.377185
6827,redandblack,driving_B_2020.02.13_15.02.01.csv,180,236.9303,83.96,72.01,0.0500,4.691784
6828,soldier,static_B_2020.02.27_18.39.27.csv,3532,255.5548,76.09,75.16,0.0500,5.520052
6829,longdress,driving_B_2020.01.16_07.26.43.csv,113,115.8010,65.00,20.38,0.0500,5.150908
6830,loot,driving_B_2020.01.16_12.10.03.csv,99,215.2250,0.00,67.45,0.0500,4.799523
6831,redandblack,driving_B_2020.02.13_13.03.24.csv,582,99.7401,73.80,20.44,0.0500,5.078256
6832,soldier,driving_B_2020.02.14_09.38.22.csv,477,78.8272,0.00,-51.42,0.0500,5.043203
6833,longdress,driving_B_2020.01.16_09.56.56.csv,157,189.0009,71.77,42.74,0.0500,5.282935
6834,loot,static_B_2020.02.14_13.21.26.csv,546,269.9267,85.66,85.24,0.0500,5.430560
6835,redandblack,static_B_2019.12.16_13.40.04.csv,190,238.6294,85.83,70.65,0.0500,5.444191
6836,soldier,driving_B_2020.02.27_17.30.15.csv,378,87.1852,58.56,-0.19,0.0500,5.380683
6837,longdress,static_B_2020.02.27_18.39.27.csv,172,273.7003,100.00,85.57,0.0500,5.115562
6838,loot,static_B_2019.12.16_13.40.04.csv,490,226.1650,100.00,33.79,0.0500,5.272941
6839,redandblack,driving_B_2020.02.13_15.02.01.csv,2100,225.0083,56.57,55.48,0.0500,5.118361
6840,soldier,driving_B_2019.12.16_14.23.32.csv,1269,248.3448,100.00,65.98,0.0500,5.198843
6841,longdress,driving_B_2020.02.14_09.38.22.csv,1377,89.6570,0.00,-37.97,0.0500,5.074246
6842,loot,driving_B_2020.01.16_09.56.56.csv,637,198.9716,0.00,58.92,0.0500,5.163234
6843,redandblack,driving_B_2020.02.13_15.02.01.csv,1620,40.1864,0.00,-87.32,0.0500,5.112311
6844,soldier,static_B_2020.02.13_13.57.29.csv,2875,141.8891,31.57,18.53,0.0500,4.960561
6845,longdress,static_B_2020.02.14_13.21.26.csv,666,269.3082,100.00,83.29,0.0500,5.370816
6846,loot,driving_B_2019.12.16_11.49.59.csv,277,65.6333,0.00,-91.43,0.0500,5.216990
6847,redandblack,driving_B_2019.12.16_12.27.05.csv,1134,99.1938,0.00,-10.96,0.0500,5.214120
6848,soldier,driving_B_2020.02.14_07.29.00.csv,1363,242.0411,79.67,68.40,0.0500,5.207473
6849,longdress,driving_B_2020.02.14_09.38.22.csv,417,90.1013,73.86,8.69,0.0500,5.788244
6850,loot,driving_B_2020.02.13_13.03.24.csv,1602,46.8480,0.00,-217.40,0.0500,5.133619
6851,redandblack,static_B_2019.12.16_13.40.04.csv,1450,247.8330,50.00,78.35,0.0500,4.964134
6852,soldier,driving_B_2020.01.16_12.10.03.csv,159,240.5668,62.00,73.98,0.0500,5.696939
6853,longdress,driving_B_2019.12.16_14.23.32.csv,2409,91.2528,44.16,-1.02,0.0500,5.479917
6854,loot,static_B_2020.02.27_18.39.27.csv,892,251.8686,100.00,77.43,0.0500,5.246618
6855,redandblack,driving_B_2020.02.13_15.02.01.csv,0,269.7033,100.00,84.47,0.0500,5.884363
6856,soldier,driving_B_2020.01.16_07.26.43.csv,1373,112.9805,100.00,32.12,0.0500,5.549092
6857,longdress,driving_B_2019.12.17_07.32.39.csv,2223,228.9089,100.00,63.77,0.0500,5.208042
6858,loot,driving_B_2019.12.17_07.32.39.csv,1323,263.6037,68.00,84.52,0.0500,4.891705
6859,redandblack,static_B_2020.02.27_18.39.27.csv,2032,247.0601,48.00,78.24,0.0500,5.081020
6860,soldier,driving_B_2020.02.14_09.38.22.csv,717,245.6761,100.00,71.42,0.0500,5.356633
6861,longdress,driving_B_2019.12.16_14.23.32.csv,1089,199.8620,48.52,27.19,0.0500,5.189437
6862,loot,driving_B_2019.12.16_14.23.32.csv,1689,104.4214,0.00,-38.20,0.0500,4.877373
6863,redandblack,driving_B_2020.02.14_07.29.00.csv,523,117.4814,0.00,-27.19,0.0500,5.155425
6864,soldier,driving_B_2020.02.13_13.03.24.csv,1002,65.0762,0.00,-63.05,0.0500,5.257413
6865,longdress,static_B_2019.12.16_13.40.04.csv,670,270.5422,100.00,84.38,0.0500,4.760560
6866,loot,static_B_2020.02.27_18.39.27.csv,2752,261.6502,85.38,82.30,0.0500,5.227074
6867,redandblack,driving_B_2020.02.14_12.58.17.csv,532,70.9063,0.00,-20.70,0.0500,5.583911
6868,soldier,static_B_2019.12.16_13.40.04.csv,1090,173.3139,0.00,-69.13,0.0500,5.381450
6869,longdress,driving_B_2020.01.16_07.26.43.csv,653,115.1166,100.00,31.35,0.0500,5.052381
6870,loot,static_B_2020.02.27_18.39.27.csv,4252,259.5150,80.00,80.49,0.0500,5.300612
6871,redandblack,driving_B_2019.12.17_07.32.39.csv,1503,103.3371,52.33,-3.51,0.0500,5.029161
6872,soldier,driving_B_2019.12.16_14.23.32.csv,969,87.2056,57.21,6.96,0.0500,5.403476
6873,longdress,static_B_2020.02.13_13.57.29.csv,1735,101.9933,63.38,6.46,0.0500,5.152184
6874,loot,static_B_2020.02.13_13.57.29.csv,1495,202.2396,84.67,47.16,0.0500,5.210883
6875,redandblack,driving_B_2020.02.14_07.29.00.csv,703,131.4765,0.00,-10.00,0.0500,5.245956
6876,soldier,driving_B_2020.02.13_13.03.24.csv,222,108.2303,100.00,29.94,0.0500,5.449192
6877,longdress,driving_B_2019.12.17_07.32.39.csv,843,109.2260,100.00,31.11,0.0500,5.300762
6878,loot,driving_B_2020.01.16_07.26.43.csv,1073,169.5779,39.34,35.91,0.0500,5.331999
6879,redandblack,driving_B_2020.02.14_12.58.17.csv,292,46.2161,100.00,-37.64,0.0500,5.183423
6880,soldier,driving_B_2020.02.14_09.38.22.csv,897,113.1397,58.23,12.18,0.0500,5.419962
6881,longdress,static_B_2020.02.27_18.39.27.csv,5742,267.3842,100.00,83.23,0.0500,5.227824
6882,loot,driving_B_2019.12.16_14.23.32.csv,1749,8.4039,0.00,-297.52,0.0500,5.015011
6883,redandblack,driving_B_2019.12.16_14.23.32.csv,489,268.9280,92.00,84.51,0.0500,5.352349
6884,soldier,driving_B_2020.02.14_09.38.22.csv,1478,106.7347,69.45,19.18,0.0500,5.575056
6885,longdress,static_B_2020.02.27_18.39.27.csv,3952,246.7795,85.22,74.60,0.0500,5.280233
6886,loot,driving_B_2019.12.16_14.23.32.csv,1929,100.9934,0.00,-60.43,0.0500,5.421983
6887,redandblack,static_B_2019.12.16_13.40.04.csv,1690,204.2018,47.26,51.77,0.0500,5.057727
6888,soldier,driving_B_2019.12.16_14.23.32.csv,1209,286.9564,100.00,91.26,0.0500,5.723232
6889,longdress,static_B_2020.02.13_13.57.29.csv,1135,106.6793,29.67,8.51,0.0500,5.397833
6890,loot,driving_B_2020.02.13_15.02.01.csv,2340,24.7942,0.00,-438.38,0.0500,5.417098
6891,redandblack,static_B_2019.12.16_13.40.04.csv,730,251.3513,52.00,78.35,0.0500,4.460090
6892,soldier,static_B_2019.12.16_13.40.04.csv,610,156.2035,44.99,29.35,0.0500,4.764271
6893,longdress,driving_B_2019.12.17_07.32.39.csv,183,115.2397,47.78,15.28,0.0500,5.146969
6894,loot,driving_B_2019.12.17_07.32.39.csv,1143,149.1209,30.18,17.06,0.0500,5.403579
6895,redandblack,driving_B_2020.01.16_07.26.43.csv,1253,119.4391,4.72,-1.59,0.0500,5.771856
6896,soldier,driving_B_2019.12.17_07.32.39.csv,1083,180.8619,71.14,43.75,0.0500,5.028798
6897,longdress,driving_B_2019.12.17_07.32.39.csv,2288,120.9411,100.00,30.53,0.0500,5.450983
6898,loot,driving_B_2020.02.13_15.02.01.csv,900,234.2638,23.55,72.52,0.0500,5.528989
6899,redandblack,driving_B_2020.02.13_13.03.24.csv,1782,-50.6168,0.00,-1074.00,0.0500,4.960875
6900,soldier,driving_B_2020.02.14_07.29.00.csv,163,110.6118,71.94,17.20,0.0500,5.119845
6901,longdress,static_B_2019.12.16_13.40.04.csv,1750,222.4300,53.13,48.58,0.0500,5.471316
6902,loot,static_B_2020.02.27_18.39.27.csv,5032,236.7634,44.00,72.84,0.0500,5.431171
6903,redandblack,driving_B_2020.02.13_13.03.24.csv,1422,87.6130,0.00,-30.30,0.0500,5.235026
6904,soldier,driving_B_2020.02.14_07.29.00.csv,403,64.0621,0.00,-54.23,0.0500,5.162981
6905,longdress,static_B_2020.02.14_13.21.26.csv,186,247.4895,82.80,71.61,0.0500,5.402988
6906,loot,static_B_2020.02.14_13.21.26.csv,246,246.2982,70.00,76.00,0.0500,5.339920
6907,redandblack,static_B_2020.02.27_18.39.27.csv,1012,211.1175,63.29,44.82,0.0500,5.659465
6908,soldier,driving_B_2020.02.13_15.02.01.csv,720,102.6252,0.00,-15.68,0.0500,5.409316
6909,longdress,driving_B_2019.12.16_12.27.05.csv,294,78.4044,0.00,-65.12,0.0500,5.513369
6910,loot,static_B_2020.02.27_18.39.27.csv,1072,224.3635,63.05,66.27,0.0500,5.117621
6911,redandblack,driving_B_2019.12.16_12.27.05.csv,654,62.3585,0.00,-142.26,0.0500,5.403379
6912,soldier,static_B_2020.02.13_13.57.29.csv,175,108.0270,51.31,5.28,0.0500,5.220936
6913,longdress,static_B_2020.02.13_13.57.29.csv,2335,158.6238,49.32,18.89,0.0500,5.218917
6914,loot,static_B_2020.02.13_13.57.29.csv,775,204.8646,75.09,48.84,0.0500,5.489106
6915,redandblack,driving_B_2019.12.16_12.27.05.csv,714,269.5095,100.00,83.68,0.0500,5.047191
6916,soldier,driving_B_2020.01.16_09.56.56.csv,277,290.1969,100.00,92.30,0.0500,4.703226
6917,longdress,driving_B_2020.02.13_15.02.01.csv,1560,88.8198,65.56,15.52,0.0500,5.071162
6918,loot,static_B_2020.02.13_13.57.29.csv,1555,241.8760,78.87,66.32,0.0500,5.243297
6919,redandblack,driving_B_2020.02.14_07.29.00.csv,1063,246.5650,82.13,75.76,0.0500,5.277657
6920,soldier,driving_B_2020.01.16_09.56.56.csv,697,220.9353,66.76,49.71,0.0500,5.482382
6921,longdress,static_B_2019.12.16_13.40.04.csv,70,279.6648,100.00,87.54,0.0500,5.591722
6922,loot,static_B_2020.02.27_18.39.27.csv,4972,228.0565,58.17,70.80,0.0500,5.307916
6923,redandblack,static_B_2020.02.27_18.39.27.csv,592,227.2465,74.00,49.75,0.0500,5.402237
6924,soldier,static_B_2020.02.14_13.21.26.csv,850,189.6390,75.25,41.10,0.0500,5.560002
6925,longdress,static_B_2020.02.27_18.39.27.csv,1192,233.6177,100.00,42.09,0.0500,5.128854
6926,loot,driving_B_2020.01.16_07.26.43.csv,1673,145.1053,10.51,14.46,0.0500,5.037387
6927,redandblack,driving_B_2019.12.17_07.32.39.csv,243,117.9001,21.87,4.81,0.0500,4.947856
6928,soldier,static_B_2020.02.27_18.39.27.csv,1972,277.8856,88.00,87.20,0.0500,5.136497
6929,longdress,driving_B_2019.12.16_12.27.05.csv,234,150.3763,55.86,30.88,0.0500,5.263526
6930,loot,driving_B_2020.01.16_09.56.56.csv,397,133.1252,0.00,-19.43,0.0500,5.411717
6931,redandblack,driving_B_2020.02.14_07.29.00.csv,1903,59.6727,0.00,-113.96,0.0500,4.952709
6932,soldier,driving_B_2019.12.16_14.23.32.csv,2616,168.4486,58.63,34.90,0.0500,5.594872
6933,longdress,static_B_2020.02.13_13.57.29.csv,1315,143.3154,56.41,21.73,0.0500,4.783474
6934,loot,driving_B_2019.12.16_14.23.32.csv,2589,84.3834,0.00,-19.99,0.0500,5.423487
6935,redandblack,static_B_2020.02.13_13.57.29.csv,715,130.5456,0.00,0.67,0.0500,5.751854
6936,soldier,static_B_2019.12.16_13.40.04.csv,550,251.2184,82.43,69.06,0.0500,6.348922
6937,longdress,static_B_2020.02.27_18.39.27.csv,3772,213.9752,60.76,52.17,0.0500,5.169397
6938,loot,driving_B_2020.01.16_07.26.43.csv,293,130.5749,0.00,8.13,0.0500,5.062436
6939,redandblack,static_B_2020.02.27_18.39.27.csv,5572,272.0103,100.00,85.21,0.0500,5.344756
6940,soldier,driving_B_2020.02.13_15.02.01.csv,60,260.1658,100.00,72.35,0.0500,5.109310
6941,longdress,driving_B_2019.12.17_07.32.39.csv,1923,212.0466,61.49,53.46,0.0500,5.563848
6942,loot,driving_B_2020.02.14_07.29.00.csv,223,128.6253,0.00,-14.08,0.0500,5.096986
6943,redandblack,static_B_2020.02.27_18.39.27.csv,4852,237.4098,56.00,72.54,0.0500,5.477722
6944,soldier,static_B_2020.02.27_18.39.27.csv,1672,167.4419,0.00,12.30,0.0500,5.121135
6945,longdress,static_B_2020.02.13_13.57.29.csv,2515,257.3627,75.82,73.28,0.0500,5.132393
6946,loot,driving_B_2020.02.14_09.38.22.csv,1437,147.2732,43.31,26.99,0.0500,5.104805
6947,redandblack,static_B_2019.12.16_13.40.04.csv,970,204.6358,82.14,59.70,0.0500,5.272534
6948,soldier,static_B_2020.02.13_13.57.29.csv,1375,215.4417,50.12,43.97,0.0500,5.458912
6949,longdress,driving_B_2020.02.13_13.03.24.csv,1482,96.3795,26.69,-5.80,0.0500,5.311277
6950,loot,static_B_2020.02.14_13.21.26.csv,366,261.0402,66.00,81.54,0.0500,5.466298
6951,redandblack,driving_B_2020.02.14_07.29.00.csv,1483,164.6041,0.00,17.14,0.0500,5.690902
6952,soldier,static_B_2020.02.27_18.39.27.csv,1312,260.8227,86.74,78.14,0.0500,5.204688
6953,longdress,driving_B_2020.02.27_17.30.15.csv,498,57.9957,52.13,-34.74,0.0500,5.709087
6954,loot,static_B_2019.12.16_13.40.04.csv,310,131.3123,0.00,-5.32,0.0500,5.144379
6955,redandblack,static_B_2020.02.27_18.39.27.csv,2332,101.9975,0.00,-367.56,0.0500,5.218469
6956,soldier,static_B_2020.02.27_18.39.27.csv,1792,58.9425,39.89,-66.99,0.0500,5.469267
6957,longdress,driving_B_2020.02.14_12.58.17.csv,712,76.7362,0.00,-61.29,0.0500,5.686327
6958,loot,driving_B_2020.01.16_07.26.43.csv,953,91.6435,0.00,-72.20,0.0500,5.130618
6959,redandblack,driving_B_2019.12.16_11.49.59.csv,164,126.2685,56.67,10.01,0.0500,4.869169
6960,soldier,static_B_2020.02.13_13.57.29.csv,535,252.5321,84.82,74.03,0.0500,5.421994
6961,longdress,driving_B_2019.12.17_07.32.39.csv,303,122.3376,14.94,10.90,0.0500,4.947222
6962,loot,static_B_2019.12.16_13.40.04.csv,1904,186.3608,0.00,35.67,0.0500,5.524292
6963,redandblack,driving_B_2019.12.16_14.23.32.csv,369,183.9652,0.00,24.37,0.0500,4.824636
6964,soldier,driving_B_2019.12.16_12.27.05.csv,894,155.9282,39.15,34.90,0.0500,5.060246
6965,longdress,driving_B_2020.02.13_13.03.24.csv,762,64.6684,0.00,-83.87,0.0500,5.326346
6966,loot,static_B_2020.02.27_18.39.27.csv,352,274.9617,100.00,86.34,0.0500,5.263891
6967,redandblack,driving_B_2020.02.14_07.29.00.csv,103,99.5840,0.00,-29.81,0.0500,5.034130
6968,soldier,driving_B_2020.02.13_13.03.24.csv,1242,104.2912,88.88,22.99,0.0500,5.522564
6969,longdress,static_B_2020.02.27_18.39.27.csv,3472,215.6799,29.89,51.62,0.0500,5.319711
6970,loot,driving_B_2019.12.16_12.27.05.csv,474,22.5108,0.00,-378.95,0.0500,5.262937
6971,redandblack,driving_B_2019.12.17_07.32.39.csv,483,141.2537,0.00,-14.63,0.0500,4.981508
6972,soldier,static_B_2019.12.16_13.40.04.csv,10,277.2282,100.00,85.36,0.0500,4.982155
6973,longdress,driving_B_2020.01.16_07.26.43.csv,533,94.8227,75.72,17.30,0.0500,4.882950
6974,loot,driving_B_2019.12.17_07.32.39.csv,1203,172.8958,0.00,6.66,0.0500,5.322112
6975,redandblack,driving_B_2019.12.17_07.32.39.csv,663,116.0900,100.00,28.63,0.0500,5.224769
6976,soldier,static_B_2020.02.27_18.39.27.csv,1372,278.3248,100.00,87.80,0.0500,5.700612
6977,longdress,driving_B_2020.02.14_09.38.22.csv,57,110.6078,100.00,26.25,0.0500,5.443005
6978,loot,driving_B_2019.12.17_07.32.39.csv,1743,99.2347,55.08,1.35,0.0500,5.408367
6979,redandblack,driving_B_2019.12.16_12.27.05.csv,1014,242.1390,78.57,65.91,0.0500,5.637137
6980,soldier,driving_B_2020.02.13_15.02.01.csv,1920,139.0347,0.00,-11.46,0.0500,5.170877
6981,longdress,static_B_2019.12.16_13.40.04.csv,1904,214.6777,80.00,43.82,0.0500,5.565645
6982,loot,driving_B_2020.02.13_15.02.01.csv,660,232.6085,52.85,53.76,0.0500,5.320468
6983,redandblack,static_B_2020.02.27_18.39.27.csv,4612,179.5884,6.08,33.36,0.0500,5.355283
6984,soldier,driving_B_2019.12.17_07.32.39.csv,1563,91.8254,68.01,12.45,0.0500,5.201311
6985,longdress,static_B_2020.02.27_18.39.27.csv,832,237.8473,82.01,61.65,0.0500,5.633639
6986,loot,driving_B_2019.12.17_07.32.39.csv,3,95.8774,0.00,-30.93,0.0500,5.455232
6987,redandblack,driving_B_2020.02.14_12.58.17.csv,232,21.2909,0.00,-602.16,0.0500,5.442777
6988,soldier,static_B_2020.02.27_18.39.27.csv,2452,277.5990,90.00,87.60,0.0500,5.406978
6989,longdress,static_B_2020.02.13_13.57.29.csv,955,35.4251,0.00,-334.80,0.0500,5.331893
6990,loot,driving_B_2020.01.16_07.26.43.csv,353,18.8525,0.00,-207.90,0.0500,5.655735
6991,redandblack,driving_B_2020.02.13_15.02.01.csv,2400,28.4975,0.00,-444.60,0.0500,4.900841
6992,soldier,driving_B_2019.12.17_07.32.39.csv,1263,101.6838,0.00,-49.63,0.0500,5.425051
6993,longdress,driving_B_2020.01.16_07.26.43.csv,1013,98.4025,58.58,6.60,0.0500,5.527718
6994,loot,driving_B_2020.01.16_09.56.56.csv,1537,291.1828,100.00,93.77,0.0500,5.505142
6995,redandblack,static_B_2020.02.27_18.39.27.csv,5742,271.6712,100.00,84.25,0.0500,5.360895
6996,soldier,driving_B_2020.02.27_17.30.15.csv,18,63.0468,0.00,-84.90,0.0500,5.163195
6997,longdress,static_B_2019.12.16_13.40.04.csv,1630,249.7408,100.00,65.48,0.0500,5.140636
6998,loot,driving_B_2019.12.16_12.27.05.csv,414,66.6980,11.94,-42.63,0.0500,5.304698
6999,redandblack,driving_B_2020.02.13_15.02.01.csv,1860,136.6949,0.00,-39.33,0.0500,4.948300
7000,soldier,static_B_2020.02.27_18.39.27.csv,3232,255.2770,74.00,75.89,0.0500,5.104178
7001,longdress,static_B_2020.02.27_18.39.27.csv,1912,172.2169,26.00,49.08,0.0500,5.245769
7002,loot,driving_B_2020.02.13_15.02.01.csv,2640,282.6776,98.00,90.04,0.0500,5.214581
7003,redandblack,static_B_2020.02.27_18.39.27.csv,5212,57.3386,0.00,-31.68,0.0500,4.997389
7004,soldier,driving_B_2019.12.16_12.27.05.csv,834,177.1652,3.77,28.76,0.0500,5.363028
7005,longdress,driving_B_2019.12.16_12.27.05.csv,954,134.8138,65.80,31.44,0.0500,5.410831
7006,loot,driving_B_2019.12.16_14.23.32.csv,1989,206.4944,0.00,63.24,0.0500,5.745167
7007,redandblack,driving_B_2020.02.14_07.29.00.csv,943,100.2034,0.00,-33.30,0.0500,5.044273
7008,soldier,static_B_2020.02.14_13.21.26.csv,126,273.6886,100.00,84.99,0.0500,4.964153
7009,longdress,driving_B_2020.02.14_12.58.17.csv,472,5.5487,0.00,-136.60,0.0500,5.382255
7010,loot,driving_B_2020.02.13_15.02.01.csv,2580,252.8553,87.39,74.71,0.0500,5.406779
7011,redandblack,static_B_2020.02.27_18.39.27.csv,5092,278.7878,92.00,88.97,0.0500,4.789889
7012,soldier,driving_B_2020.02.14_09.38.22.csv,117,60.9616,0.00,-106.56,0.0500,5.081273
7013,longdress,driving_B_2019.12.16_11.49.59.csv,224,105.5105,100.00,24.18,0.0500,5.456075
7014,loot,driving_B_2020.02.13_13.03.24.csv,1362,77.7711,44.61,2.06,0.0500,5.385180
7015,redandblack,driving_B_2020.01.16_09.56.56.csv,817,198.5816,82.89,56.93,0.0500,4.919587
7016,soldier,static_B_2020.02.27_18.39.27.csv,2212,242.2804,71.99,59.16,0.0500,5.499018
7017,longdress,driving_B_2020.02.14_07.29.00.csv,43,140.0003,53.77,15.94,0.0500,5.680534
7018,loot,driving_B_2020.01.16_09.56.56.csv,97,67.9059,0.00,-118.69,0.0500,5.133349
7019,redandblack,driving_B_2020.01.16_12.10.03.csv,244,267.2085,100.00,83.69,0.0500,5.103992
7020,soldier,static_B_2020.02.27_18.39.27.csv,3892,196.8154,50.82,46.61,0.0500,5.431419
7021,longdress,static_B_2020.02.13_13.57.29.csv,355,270.0677,100.00,84.01,0.0500,5.552586
7022,loot,driving_B_2019.12.17_07.32.39.csv,2163,95.1943,19.67,-12.51,0.0500,5.394253
7023,redandblack,driving_B_2019.12.17_07.32.39.csv,723,108.9377,57.16,17.78,0.0500,5.953154
7024,soldier,driving_B_2020.01.16_12.10.03.csv,39,208.6326,57.99,54.96,0.0500,5.555657
7025,longdress,static_B_2020.02.13_13.57.29.csv,655,140.9718,0.00,-9.19,0.0500,5.528489
7026,loot,driving_B_2019.12.16_12.27.05.csv,1152,182.0358,0.00,19.06,0.0500,5.386575
7027,redandblack,static_B_2020.02.27_18.39.27.csv,1612,157.3334,24.17,24.46,0.0500,5.668808
7028,soldier,static_B_2020.02.13_13.57.29.csv,2395,159.1924,0.00,-24.16,0.0500,5.278523
7029,longdress,driving_B_2019.12.17_07.32.39.csv,1023,72.0178,0.00,-81.27,0.0500,5.481295
7030,loot,static_B_2020.02.27_18.39.27.csv,3832,227.7527,33.66,56.16,0.0500,5.269289
7031,redandblack,static_B_2020.02.27_18.39.27.csv,1432,265.1200,100.00,81.31,0.0500,5.343888
7032,soldier,driving_B_2019.12.16_14.23.32.csv,2616,166.1315,4.55,12.02,0.0500,4.886510
7033,longdress,static_B_2020.02.13_13.57.29.csv,1915,243.7833,100.00,72.40,0.0500,5.497275
7034,loot,static_B_2020.02.27_18.39.27.csv,232,277.9258,100.00,88.00,0.0500,5.515721
7035,redandblack,driving_B_2020.02.14_09.38.22.csv,177,53.6680,0.00,-115.87,0.0500,5.246411
7036,soldier,static_B_2020.02.27_18.39.27.csv,772,281.4514,100.00,89.43,0.0500,5.580348
7037,longdress,driving_B_2019.12.16_12.27.05.csv,354,92.4580,0.00,-297.04,0.0500,5.316887
7038,loot,driving_B_2020.01.16_09.56.56.csv,217,205.5070,54.57,50.12,0.0500,5.419612
7039,redandblack,driving_B_2020.01.16_07.26.43.csv,1433,105.3989,0.00,-36.04,0.0500,5.195618
7040,soldier,static_B_2020.02.13_13.57.29.csv,1615,281.8677,100.00,87.92,0.0500,5.156433
7041,longdress,static_B_2020.02.13_13.57.29.csv,55,101.0906,74.30,-0.75,0.0500,5.130700
7042,loot,static_B_2020.02.13_13.57.29.csv,2945,252.1941,83.37,77.00,0.0500,5.129296
7043,redandblack,driving_B_2020.02.13_13.03.24.csv,1122,39.0436,0.00,-170.08,0.0500,5.654917
7044,soldier,driving_B_2020.01.16_07.26.43.csv,1133,173.1345,87.11,42.36,0.0500,5.129420
7045,longdress,driving_B_2019.12.16_14.23.32.csv,9,265.3135,100.00,81.24,0.0500,5.815483
7046,loot,driving_B_2020.02.13_13.03.24.csv,1722,257.8283,81.00,75.67,0.0500,5.387635
7047,redandblack,static_B_2020.02.13_13.57.29.csv,2945,234.4298,67.86,67.33,0.0500,5.593344
7048,soldier,driving_B_2020.01.16_09.56.56.csv,1570,162.5636,40.18,31.30,0.0500,5.615160
7049,longdress,driving_B_2019.12.16_14.23.32.csv,1809,63.4245,0.00,-112.13,0.0500,5.604927
7050,loot,static_B_2020.02.13_13.57.29.csv,1975,216.5319,36.00,62.85,0.0500,5.595767
7051,redandblack,static_B_2020.02.27_18.39.27.csv,3112,98.1183,0.00,-127.05,0.0500,5.380273
7052,soldier,static_B_2020.02.13_13.57.29.csv,2575,255.0881,83.51,77.20,0.0500,5.553060
7053,longdress,static_B_2020.02.13_13.57.29.csv,2095,156.5804,0.00,12.99,0.0500,5.290237
7054,loot,driving_B_2020.02.27_17.30.15.csv,138,-39.9583,0.00,-767.07,0.0500,5.437876
7055,redandblack,driving_B_2019.12.17_07.32.39.csv,1383,273.2124,100.00,86.28,0.0500,4.855081
7056,soldier,driving_B_2020.02.13_13.03.24.csv,2022,87.6259,38.10,-18.23,0.0500,4.735276
7057,longdress,driving_B_2020.02.13_15.02.01.csv,480,107.1276,60.98,15.84,0.0500,5.232700
7058,loot,driving_B_2020.02.13_15.02.01.csv,2754,90.8047,0.00,-50.14,0.0500,6.086828
7059,redandblack,static_B_2020.02.27_18.39.27.csv,4012,158.3699,0.00,3.60,0.0500,6.017957
7060,soldier,driving_B_2020.02.14_07.29.00.csv,1970,25.8106,0.00,-392.51,0.0500,5.394698
7061,longdress,driving_B_2020.02.13_13.03.24.csv,2188,47.6548,44.61,-58.22,0.0500,4.792250
7062,loot,driving_B_2019.12.17_07.32.39.csv,63,122.0548,0.00,-3.69,0.0500,5.364696
7063,redandblack,driving_B_2020.02.14_09.38.22.csv,1257,178.1705,30.11,32.51,0.0500,5.223928
7064,soldier,static_B_2020.02.27_18.39.27.csv,4132,280.1359,100.00,88.00,0.0500,5.470545
7065,longdress,driving_B_2020.01.16_07.26.43.csv,1770,89.5423,40.82,-9.69,0.0500,4.845506
7066,loot,driving_B_2020.01.16_07.26.43.csv,1733,162.2304,59.47,33.64,0.0500,5.424019
7067,redandblack,driving_B_2019.12.16_14.23.32.csv,2349,272.3381,100.00,85.96,0.0500,5.092756
7068,soldier,driving_B_2020.01.16_09.56.56.csv,1297,214.7899,55.33,53.79,0.0500,5.185376
7069,longdress,static_B_2020.02.27_18.39.27.csv,5392,261.3742,77.28,78.17,0.0500,4.949863
7070,loot,driving_B_2019.12.17_07.32.39.csv,1803,26.8346,0.00,-165.60,0.0500,5.295099
7071,redandblack,driving_B_2020.01.16_07.26.43.csv,1553,10.9856,0.00,-168.62,0.0500,5.174755
7072,soldier,driving_B_2020.02.13_15.02.01.csv,2460,26.9909,0.00,-219.17,0.0500,5.564738
7073,longdress,driving_B_2020.01.16_09.56.56.csv,1570,142.4578,33.28,13.94,0.0500,4.969284
7074,loot,driving_B_2020.01.16_09.56.56.csv,1057,149.5140,29.64,19.05,0.0500,5.889402
7075,redandblack,static_B_2020.02.27_18.39.27.csv,4312,219.9122,61.41,56.52,0.0500,5.337820
7076,soldier,static_B_2020.02.27_18.39.27.csv,4732,254.4531,80.84,76.69,0.0500,5.057842
7077,longdress,static_B_2020.02.13_13.57.29.csv,2215,168.5868,2.76,15.16,0.0500,5.319011
7078,loot,driving_B_2020.01.16_07.26.43.csv,893,49.6216,0.00,-91.67,0.0500,5.078874
7079,redandblack,driving_B_2019.12.16_14.23.32.csv,1149,164.7314,19.98,30.85,0.0500,5.069810
7080,soldier,driving_B_2019.12.16_14.23.32.csv,609,196.2459,70.25,41.94,0.0500,5.750193
7081,longdress,static_B_2020.02.27_18.39.27.csv,4192,175.2068,70.74,41.24,0.0500,5.092172
7082,loot,driving_B_2019.12.16_14.23.32.csv,909,112.4140,0.00,-19.65,0.0500,6.098500
7083,redandblack,driving_B_2020.02.13_15.02.01.csv,1800,267.6246,100.00,82.75,0.0500,5.437217
7084,soldier,driving_B_2020.02.13_13.03.24.csv,702,86.5044,66.32,8.44,0.0500,4.849258
7085,longdress,driving_B_2019.12.16_11.49.59.csv,104,152.4612,74.32,26.51,0.0500,5.220592
7086,loot,driving_B_2020.02.13_15.02.01.csv,780,225.0090,75.62,61.89,0.0500,4.932997
7087,redandblack,driving_B_2020.02.13_13.03.24.csv,42,55.0300,0.00,-87.10,0.0500,5.279823
7088,soldier,driving_B_2020.02.13_13.03.24.csv,1182,104.0811,100.00,27.91,0.0500,5.235372
7089,longdress,static_B_2019.12.16_13.40.04.csv,1210,202.5722,69.86,38.71,0.0500,5.471056
7090,loot,driving_B_2020.01.16_09.56.56.csv,877,142.4827,1.09,9.50,0.0500,5.623504
7091,redandblack,driving_B_2019.12.16_12.27.05.csv,534,56.4888,0.00,-92.21,0.0500,5.432790
7092,soldier,driving_B_2019.12.16_14.23.32.csv,1509,128.0951,0.00,-10.11,0.0500,5.575233
7093,longdress,static_B_2020.02.27_18.39.27.csv,952,235.8937,83.45,66.17,0.0500,5.625685
7094,loot,static_B_2020.02.13_13.57.29.csv,1195,223.7334,85.53,65.59,0.0500,5.059616
7095,redandblack,static_B_2019.12.16_13.40.04.csv,1330,203.5621,44.98,48.59,0.0500,5.235941
7096,soldier,static_B_2020.02.13_13.57.29.csv,2815,157.5126,37.37,27.23,0.0500,5.012080
7097,longdress,static_B_2020.02.27_18.39.27.csv,1552,221.0027,86.04,58.40,0.0500,5.481956
7098,loot,driving_B_2020.02.27_17.30.15.csv,438,-26.2921,0.00,-449.04,0.0500,5.044283
7099,redandblack,driving_B_2020.02.27_17.30.15.csv,558,54.6244,0.00,-103.39,0.0500,5.114133
7100,soldier,driving_B_2019.12.16_12.27.05.csv,1152,162.9304,0.00,-2.21,0.0500,5.498006
7101,longdress,driving_B_2019.12.16_14.23.32.csv,69,229.9265,48.48,49.96,0.0500,5.308926
7102,loot,driving_B_2020.01.16_09.56.56.csv,1477,276.0749,88.00,87.65,0.0500,4.987358
7103,redandblack,driving_B_2020.02.14_07.29.00.csv,643,152.5237,20.81,21.00,0.0500,5.182923
7104,soldier,driving_B_2020.02.13_15.02.01.csv,960,98.3850,0.00,-16.02,0.0500,5.225573
7105,longdress,driving_B_2020.02.14_07.29.00.csv,1970,51.0652,0.00,-280.53,0.0500,5.152555
7106,loot,driving_B_2019.12.17_07.32.39.csv,603,111.4757,0.00,-52.12,0.0500,5.285317
7107,redandblack,driving_B_2020.02.14_09.38.22.csv,597,276.9092,100.00,85.90,0.0500,4.943663
7108,soldier,static_B_2020.02.13_13.57.29.csv,415,271.8992,100.00,84.96,0.0500,5.327696
7109,longdress,driving_B_2019.12.17_07.32.39.csv,543,107.9704,100.00,26.36,0.0500,6.110615
7110,loot,driving_B_2020.02.13_13.03.24.csv,1302,56.0017,0.00,-91.40,0.0500,5.657213
7111,redandblack,static_B_2020.02.14_13.21.26.csv,6,142.0063,76.19,36.93,0.0500,5.331574
7112,soldier,static_B_2020.02.27_18.39.27.csv,5512,238.9228,80.99,70.05,0.0500,5.286461
7113,longdress,driving_B_2020.02.14_12.58.17.csv,352,21.4488,0.00,-466.50,0.0500,5.847131
7114,loot,driving_B_2020.01.16_07.26.43.csv,713,116.9103,0.00,-3.66,0.0500,5.244783
7115,redandblack,static_B_2020.02.13_13.57.29.csv,2635,255.0970,77.29,76.01,0.0500,5.574933
7116,soldier,driving_B_2020.02.13_13.03.24.csv,2142,66.4510,80.02,-14.06,0.0500,5.644133
7117,longdress,static_B_2020.02.27_18.39.27.csv,2152,202.5622,33.26,36.74,0.0500,5.570949
7118,loot,driving_B_2020.02.14_09.38.22.csv,1017,88.9761,0.00,-65.99,0.0500,5.150624
7119,redandblack,driving_B_2020.02.13_15.02.01.csv,1140,154.8041,49.34,26.11,0.0500,5.097299
7120,soldier,driving_B_2019.12.16_12.27.05.csv,114,90.4840,0.00,-33.94,0.0500,5.266161
7121,longdress,static_B_2020.02.14_13.21.26.csv,726,278.5464,100.00,88.02,0.0500,5.143194
7122,loot,static_B_2020.02.27_18.39.27.csv,3592,273.0454,100.00,84.64,0.0500,5.077801
7123,redandblack,static_B_2020.02.27_18.39.27.csv,3292,265.4848,78.00,84.97,0.0500,5.619118
7124,soldier,static_B_2019.12.16_13.40.04.csv,370,219.2596,68.83,47.33,0.0500,5.464359
7125,longdress,driving_B_2020.02.13_13.03.24.csv,342,95.7362,72.54,15.02,0.0500,5.803408
7126,loot,driving_B_2020.01.16_09.56.56.csv,1417,246.9326,46.50,61.27,0.0500,5.506778
7127,redandblack,driving_B_2020.02.14_09.38.22.csv,1137,65.5271,0.00,-31.70,0.0500,5.227429
7128,soldier,static_B_2019.12.16_13.40.04.csv,1270,99.2571,100.00,26.35,0.0500,5.271139
7129,longdress,driving_B_2020.02.14_07.29.00.csv,1723,98.6456,22.48,12.16,0.0500,5.717087
7130,loot,driving_B_2019.12.17_07.32.39.csv,2103,256.9641,54.00,81.31,0.0500,5.581459
7131,redandblack,driving_B_2020.02.14_07.29.00.csv,1123,101.2443,46.44,-4.60,0.0500,5.733631
7132,soldier,driving_B_2020.01.16_09.56.56.csv,517,167.6441,13.62,28.14,0.0500,5.356914
7133,longdress,driving_B_2020.01.16_09.56.56.csv,457,74.3014,18.09,-32.23,0.0500,5.620160
7134,loot,static_B_2020.02.27_18.39.27.csv,4792,287.8503,94.00,92.75,0.0500,5.597997
7135,redandblack,driving_B_2020.02.14_07.29.00.csv,1423,229.4466,85.72,63.18,0.0500,5.294188
7136,soldier,driving_B_2019.12.17_07.32.39.csv,903,85.5106,54.70,9.31,0.0500,5.862439
7137,longdress,driving_B_2020.01.16_07.26.43.csv,173,79.1216,0.00,-110.37,0.0500,5.705631
7138,loot,driving_B_2020.01.16_12.10.03.csv,219,81.7058,0.00,19.12,0.0500,5.404213
7139,redandblack,static_B_2020.02.13_13.57.29.csv,2755,142.6911,32.94,21.87,0.0500,5.484127
7140,soldier,driving_B_2020.02.14_07.29.00.csv,463,81.9846,40.20,-4.48,0.0500,4.838649
7141,longdress,driving_B_2019.12.16_12.27.05.csv,174,108.8780,100.00,31.16,0.0500,5.559278
7142,loot,static_B_2020.02.14_13.21.26.csv,66,207.5906,4.00,63.17,0.0500,5.170029
7143,redandblack,static_B_2020.02.14_13.21.26.csv,306,280.7912,92.00,89.41,0.0500,4.968513
7144,soldier,driving_B_2020.02.14_07.29.00.csv,1963,99.4159,100.00,9.57,0.0500,5.744345
7145,longdress,driving_B_2020.02.13_15.02.01.csv,1260,108.8684,2.52,-15.46,0.0500,5.292666
7146,loot,driving_B_2020.02.13_13.03.24.csv,402,84.0301,0.00,-42.64,0.0500,5.509558
7147,redandblack,driving_B_2019.12.17_07.32.39.csv,2043,95.4229,26.10,-9.94,0.0500,4.891882
7148,soldier,static_B_2020.02.13_13.57.29.csv,835,148.6914,0.00,-2.61,0.0500,5.829470
7149,longdress,static_B_2020.02.27_18.39.27.csv,112,237.8725,65.01,62.32,0.0500,5.128637
7150,loot,driving_B_2020.02.14_12.58.17.csv,652,128.1353,0.00,5.24,0.0500,5.508384
7151,redandblack,static_B_2020.02.27_18.39.27.csv,5152,262.6143,70.00,83.71,0.0500,5.408132
7152,soldier,driving_B_2020.02.27_17.30.15.csv,318,56.1005,58.74,-26.95,0.0500,4.888949
7153,longdress,static_B_2019.12.16_13.40.04.csv,1510,255.8889,100.00,77.47,0.0500,5.356729
7154,loot,static_B_2020.02.13_13.57.29.csv,1435,217.0853,54.31,49.83,0.0500,5.099282
7155,redandblack,driving_B_2020.02.14_07.29.00.csv,1183,213.2503,46.64,52.51,0.0500,5.420355
7156,soldier,driving_B_2020.02.14_07.29.00.csv,283,119.4963,44.88,16.98,0.0500,5.319943
7157,longdress,driving_B_2020.02.13_13.03.24.csv,1662,217.9195,85.56,45.73,0.0500,4.578450
7158,loot,driving_B_2019.12.16_14.23.32.csv,429,222.9491,44.99,56.28,0.0500,5.746576
7159,redandblack,driving_B_2020.02.13_13.03.24.csv,1902,-17.2198,0.00,-179.14,0.0500,5.920518
7160,soldier,driving_B_2019.12.16_14.23.32.csv,129,273.6027,100.00,86.02,0.0500,5.630881
7161,longdress,driving_B_2019.12.16_14.23.32.csv,189,255.0540,82.98,76.69,0.0500,5.327964
7162,loot,driving_B_2019.12.16_12.27.05.csv,1074,189.1101,18.37,37.06,0.0500,5.321260
7163,redandblack,driving_B_2020.02.13_15.02.01.csv,2040,227.1982,55.88,58.20,0.0500,5.485756
7164,soldier,driving_B_2019.12.16_14.23.32.csv,1569,81.9698,0.00,-29.71,0.0500,5.448274
7165,longdress,static_B_2020.02.27_18.39.27.csv,1492,223.1350,63.74,56.85,0.0500,5.477702
7166,loot,driving_B_2020.02.13_15.02.01.csv,1440,74.2228,0.00,-53.82,0.0500,5.462333
7167,redandblack,driving_B_2020.02.14_09.38.22.csv,957,256.5036,80.47,77.87,0.0500,5.609397
7168,soldier,driving_B_2019.12.16_11.49.59.csv,277,49.5169,0.00,-81.89,0.0500,5.477790
7169,longdress,static_B_2020.02.27_18.39.27.csv,2692,215.6322,60.70,56.91,0.0500,5.212885
7170,loot,driving_B_2020.02.14_12.58.17.csv,800,106.7865,0.34,-6.24,0.0500,5.431868
7171,redandblack,driving_B_2020.01.16_07.26.43.csv,593,131.3340,6.25,-2.38,0.0500,5.509083
7172,soldier,static_B_2020.02.27_18.39.27.csv,2092,211.2658,100.00,53.95,0.0500,5.696803
7173,longdress,driving_B_2020.02.13_13.03.24.csv,1842,-90.4152,0.00,-329.97,0.0500,5.550566
7174,loot,driving_B_2020.01.16_07.26.43.csv,1493,81.5890,0.00,-51.02,0.0500,5.390002
7175,redandblack,static_B_2020.02.13_13.57.29.csv,115,180.9032,14.01,36.59,0.0500,5.028283
7176,soldier,driving_B_2020.02.14_07.29.00.csv,1003,59.1734,0.00,-89.91,0.0500,5.271131
7177,longdress,static_B_2020.02.27_18.39.27.csv,1852,178.8825,75.89,18.23,0.0500,5.358580
7178,loot,driving_B_2019.12.16_14.23.32.csv,2169,178.8599,4.35,32.30,0.0500,5.806742
7179,redandblack,static_B_2019.12.16_13.40.04.csv,1030,213.9469,62.99,45.10,0.0500,4.954789
7180,soldier,driving_B_2020.02.13_15.02.01.csv,240,260.4381,85.79,75.19,0.0500,5.462162
7181,longdress,driving_B_2019.12.16_14.23.32.csv,1629,258.4942,86.64,80.74,0.0500,5.487119
7182,loot,static_B_2020.02.27_18.39.27.csv,1732,223.5497,31.88,50.47,0.0500,4.907204
7183,redandblack,static_B_2020.02.27_18.39.27.csv,4672,107.6680,0.00,-187.01,0.0500,5.539593
7184,soldier,static_B_2020.02.13_13.57.29.csv,895,110.0037,100.00,30.35,0.0500,5.288860
7185,longdress,driving_B_2020.02.13_15.02.01.csv,840,74.1375,34.86,-8.54,0.0500,5.517694
7186,loot,driving_B_2020.02.14_07.29.00.csv,883,267.4093,83.28,81.88,0.0500,5.590872
7187,redandblack,driving_B_2020.02.14_12.58.17.csv,412,-36.2198,0.00,-415.75,0.0500,5.290817
7188,soldier,driving_B_2020.02.13_15.02.01.csv,540,84.8159,0.00,-11.09,0.0500,5.706601
7189,longdress,driving_B_2020.02.13_13.03.24.csv,1542,21.9245,0.00,-169.96,0.0500,5.378631
7190,loot,static_B_2020.02.13_13.57.29.csv,1255,245.9557,60.26,68.35,0.0500,4.941277
7191,redandblack,driving_B_2020.02.27_17.30.15.csv,258,-54.2345,0.00,-229.32,0.0500,5.677416
7192,soldier,static_B_2020.02.27_18.39.27.csv,52,283.4105,100.00,89.85,0.0500,5.378697
7193,longdress,driving_B_2020.02.13_13.03.24.csv,882,67.1914,0.00,-60.95,0.0500,5.226842
7194,loot,driving_B_2019.12.17_07.32.39.csv,423,182.3534,15.20,31.68,0.0500,5.652094
7195,redandblack,driving_B_2020.02.13_13.03.24.csv,2082,28.9719,0.00,-342.31,0.0500,5.546516
7196,soldier,driving_B_2020.02.13_15.02.01.csv,120,217.0068,39.45,47.36,0.0500,5.328969
7197,longdress,driving_B_2020.02.13_13.03.24.csv,102,108.4130,100.00,29.00,0.0500,5.207465
7198,loot,driving_B_2020.02.14_07.29.00.csv,583,115.1569,0.00,-25.74,0.0500,5.386045
7199,redandblack,driving_B_2019.12.16_14.23.32.csv,249,272.0019,100.00,85.86,0.0500,5.402054
7200,soldier,driving_B_2020.02.14_09.38.22.csv,1478,24.4665,0.00,-123.68,0.0500,5.280957
7201,longdress,driving_B_2020.02.13_15.02.01.csv,1500,104.4378,30.62,-15.30,0.0500,5.611883
7202,loot,driving_B_2020.02.13_13.03.24.csv,1962,28.8814,0.00,-174.98,0.0500,5.649392
7203,redandblack,static_B_2019.12.16_13.40.04.csv,1570,248.8136,81.84,76.71,0.0500,5.961363
7204,soldier,driving_B_2020.02.27_17.30.15.csv,78,36.2932,0.00,-369.74,0.0500,6.134318
7205,longdress,driving_B_2019.12.16_14.23.32.csv,1449,121.4714,0.00,-30.69,0.0500,5.894512
7206,loot,driving_B_2019.12.17_07.32.39.csv,1983,254.7242,79.01,74.14,0.0500,5.552062
7207,redandblack,static_B_2020.02.27_18.39.27.csv,4552,238.4319,60.62,62.85,0.0500,4.836064
7208,soldier,driving_B_2020.01.16_09.56.56.csv,997,253.3387,82.94,67.85,0.0500,5.042738
7209,longdress,static_B_2020.02.27_18.39.27.csv,2992,246.7501,84.23,64.97,0.0500,4.938055
7210,loot,driving_B_2019.12.17_07.32.39.csv,1683,43.7673,0.00,-108.83,0.0500,4.942347
7211,redandblack,driving_B_2020.02.14_12.58.17.csv,112,87.9770,0.00,-45.22,0.0500,5.363002
7212,soldier,static_B_2020.02.27_18.39.27.csv,3712,260.7154,100.00,79.08,0.0500,5.901684
7213,longdress,static_B_2020.02.13_13.57.29.csv,2035,247.8307,75.57,68.57,0.0500,4.932413
7214,loot,driving_B_2019.12.16_14.23.32.csv,2289,111.4112,43.74,-0.89,0.0500,4.739925
7215,redandblack,static_B_2020.02.27_18.39.27.csv,3052,201.2512,16.11,38.99,0.0500,5.255673
7216,soldier,driving_B_2020.02.13_13.03.24.csv,462,92.8903,82.62,20.57,0.0500,5.438382
7217,longdress,driving_B_2019.12.16_12.27.05.csv,774,115.0021,0.00,-8.38,0.0500,4.841325
7218,loot,driving_B_2020.02.13_13.03.24.csv,1062,10.0181,0.00,-144.34,0.0500,5.509154
7219,redandblack,driving_B_2020.02.14_12.58.17.csv,592,127.1573,0.00,-9.16,0.0500,5.716655
7220,soldier,driving_B_2019.12.16_14.23.32.csv,849,186.5558,9.85,30.69,0.0500,5.838836
7221,longdress,driving_B_2020.02.14_09.38.22.csv,837,220.0075,40.35,31.46,0.0500,5.058279
7222,loot,static_B_2019.12.16_13.40.04.csv,850,249.1590,78.94,71.71,0.0500,5.295085
7223,redandblack,driving_B_2020.02.14_12.58.17.csv,800,34.8110,0.00,-184.79,0.0500,4.887784
7224,soldier,driving_B_2020.01.16_07.26.43.csv,1193,88.4387,74.76,14.77,0.0500,5.038953
7225,longdress,static_B_2020.02.14_13.21.26.csv,426,231.8524,85.28,66.24,0.0500,5.520037
7226,loot,driving_B_2020.02.14_07.29.00.csv,823,149.1696,0.00,-1.67,0.0500,5.435526
7227,redandblack,driving_B_2020.02.14_09.38.22.csv,1478,110.0050,13.63,-3.07,0.0500,5.064251
7228,soldier,driving_B_2020.02.13_15.02.01.csv,1380,86.4603,45.57,-6.56,0.0500,5.635968
7229,loot,static_B_2019.12.16_13.40.04.csv,117,281.4382,86.00,90.69,0.0500,5.387470
7230,redandblack,driving_B_2019.12.16_11.49.59.csv,277,-0.7774,0.00,-171.79,0.0500,5.092011
7231,soldier,driving_B_2019.12.17_07.32.39.csv,1966,219.6842,78.78,63.10,0.0500,5.407720
7232,longdress,static_B_2020.02.27_18.39.27.csv,1799,111.5976,41.00,-36.34,0.0500,5.346546
7233,loot,driving_B_2019.12.16_14.23.32.csv,672,251.1094,56.00,78.83,0.0500,5.515586
7234,redandblack,static_B_2020.02.27_18.39.27.csv,4739,271.5329,84.00,85.93,0.0500,5.660340
7235,soldier,driving_B_2020.01.16_09.56.56.csv,93,76.2715,31.41,-0.97,0.0500,5.768969
7236,longdress,driving_B_2020.01.16_09.56.56.csv,573,264.0516,100.00,80.87,0.0500,5.399353
7237,loot,static_B_2020.02.27_18.39.27.csv,779,266.6210,87.71,82.85,0.0500,5.247633
7238,redandblack,static_B_2020.02.27_18.39.27.csv,1019,231.4943,88.10,67.77,0.0500,5.402028
7239,soldier,driving_B_2020.01.16_09.56.56.csv,453,141.5798,0.00,-48.58,0.0500,5.537785
7240,longdress,driving_B_2020.01.16_07.26.43.csv,393,76.7159,14.99,-26.26,0.0500,5.644442
7241,loot,static_B_2020.02.27_18.39.27.csv,2039,267.9590,81.12,81.91,0.0500,5.266961
7242,redandblack,driving_B_2020.01.16_07.26.43.csv,453,65.5149,0.00,-63.38,0.0500,5.330344
7243,soldier,driving_B_2020.02.27_17.30.15.csv,249,2.8718,0.00,-149.37,0.0500,5.363919
7244,longdress,static_B_2020.02.13_13.57.29.csv,305,263.0829,84.48,81.24,0.0500,5.266515
7245,loot,static_B_2020.02.13_13.57.29.csv,1565,243.2623,81.72,66.86,0.0500,5.530424
7246,redandblack,driving_B_2019.12.17_07.32.39.csv,166,109.4191,0.00,-42.67,0.0500,5.594572
7247,soldier,static_B_2019.12.16_13.40.04.csv,1437,277.0582,100.00,86.55,0.0500,5.567330
7248,longdress,driving_B_2020.02.13_13.03.24.csv,1279,70.0922,4.69,-37.60,0.0500,5.577340
7249,loot,static_B_2020.02.27_18.39.27.csv,2939,265.3195,100.00,80.99,0.0500,5.092811
7250,redandblack,static_B_2020.02.27_18.39.27.csv,3539,280.5187,100.00,88.30,0.0500,5.465624
7251,soldier,driving_B_2020.02.14_07.29.00.csv,1350,229.4626,61.07,68.37,0.0500,5.443027
7252,longdress,driving_B_2020.01.16_07.26.43.csv,1233,99.7617,67.07,11.45,0.0500,5.409475
7253,loot,static_B_2020.02.27_18.39.27.csv,3839,262.4122,71.41,75.01,0.0500,6.031545
7254,redandblack,static_B_2020.02.27_18.39.27.csv,2819,250.7717,72.00,76.35,0.0500,5.525134
7255,soldier,driving_B_2020.02.13_13.03.24.csv,799,40.6561,0.00,-76.89,0.0500,5.138249
7256,longdress,static_B_2020.02.13_13.57.29.csv,1145,76.6962,0.00,-30.17,0.0500,5.081622
7257,loot,driving_B_2020.02.13_15.02.01.csv,170,273.6163,100.00,86.18,0.0500,5.310927
7258,redandblack,driving_B_2020.02.13_15.02.01.csv,650,145.6528,8.06,9.93,0.0500,5.624412
7259,soldier,driving_B_2020.01.16_09.56.56.csv,993,243.1708,83.31,69.04,0.0500,5.184493
7260,longdress,static_B_2020.02.13_13.57.29.csv,1265,135.2305,0.00,-1.17,0.0500,4.972628
7261,loot,static_B_2020.02.14_13.21.26.csv,456,267.1467,86.00,83.68,0.0500,5.596739
7262,redandblack,static_B_2020.02.14_13.21.26.csv,336,273.2820,100.00,86.89,0.0500,5.600269
7263,soldier,driving_B_2020.02.14_09.38.22.csv,1264,139.6825,47.37,21.54,0.0500,5.444920
7264,longdress,driving_B_2020.02.27_17.30.15.csv,549,80.7816,27.35,-29.94,0.0500,5.423197
7265,loot,driving_B_2020.01.16_09.56.56.csv,753,168.7188,2.61,24.01,0.0500,5.726395
7266,redandblack,driving_B_2019.12.17_07.32.39.csv,466,134.4731,0.00,-21.29,0.0500,5.578971
7267,soldier,driving_B_2019.12.16_14.23.32.csv,612,182.2442,78.95,46.26,0.0500,5.295384
7268,longdress,static_B_2020.02.13_13.57.29.csv,185,124.4196,65.69,19.32,0.0500,5.611304
7269,loot,static_B_2020.02.13_13.57.29.csv,2945,244.6478,85.35,73.22,0.0500,5.772965
7270,redandblack,static_B_2019.12.16_13.40.04.csv,1904,203.0687,28.00,40.85,0.0500,4.956507
7271,soldier,static_B_2019.12.16_13.40.04.csv,1904,249.1368,94.00,57.11,0.0500,5.328296
7272,longdress,driving_B_2020.02.13_15.02.01.csv,1310,58.4208,0.00,-178.01,0.0500,5.651053
7273,loot,static_B_2020.02.13_13.57.29.csv,2045,231.5782,0.00,73.26,0.0500,5.128397
7274,redandblack,driving_B_2020.02.14_12.58.17.csv,658,148.8215,41.19,32.35,0.0500,5.005882
7275,soldier,static_B_2019.12.16_13.40.04.csv,1077,123.4399,0.00,7.84,0.0500,5.699750
7276,longdress,driving_B_2019.12.16_14.23.32.csv,2352,266.4876,90.00,82.96,0.0500,5.697375
7277,loot,static_B_2020.02.27_18.39.27.csv,59,269.1645,82.00,85.23,0.0500,5.424187
7278,redandblack,driving_B_2020.02.14_09.38.22.csv,604,274.5979,100.00,85.82,0.0500,5.276532
7279,soldier,driving_B_2020.02.14_09.38.22.csv,1478,59.3998,0.00,-100.76,0.0500,5.678376
7280,longdress,driving_B_2020.01.16_12.10.03.csv,244,257.4762,84.33,74.25,0.0500,5.234282
7281,loot,driving_B_2020.01.16_12.10.03.csv,89,102.6419,0.00,22.61,0.0500,5.182082
7282,redandblack,driving_B_2020.02.14_09.38.22.csv,1478,84.4494,0.00,-21.95,0.0500,5.793623
7283,soldier,driving_B_2020.02.13_15.02.01.csv,530,103.0723,0.00,-31.08,0.0500,5.421618
7284,longdress,driving_B_2020.02.14_12.58.17.csv,538,104.6154,100.00,25.54,0.0500,5.380928
7285,loot,driving_B_2020.02.14_09.38.22.csv,1144,117.7406,42.23,7.08,0.0500,5.201617
7286,redandblack,driving_B_2020.02.14_07.29.00.csv,390,156.0886,28.31,24.19,0.0500,5.861907
7287,soldier,driving_B_2019.12.16_14.23.32.csv,2112,260.4708,76.00,80.96,0.0500,5.198919
7288,longdress,driving_B_2020.02.14_12.58.17.csv,800,81.0873,29.61,-10.31,0.0500,4.652581
7289,loot,driving_B_2019.12.16_14.23.32.csv,2616,176.2388,41.72,36.85,0.0500,5.705506
7290,redandblack,driving_B_2020.02.13_15.02.01.csv,290,276.1262,100.00,87.62,0.0500,5.128873
7291,soldier,driving_B_2020.01.16_12.10.03.csv,149,276.0986,90.00,87.18,0.0500,5.442802
7292,longdress,static_B_2020.02.27_18.39.27.csv,2579,182.4632,72.83,43.01,0.0500,5.834156
7293,loot,driving_B_2020.02.14_07.29.00.csv,150,147.9732,0.00,9.40,0.0500,5.373184
7294,redandblack,driving_B_2019.12.16_14.23.32.csv,2052,192.1050,34.85,36.65,0.0500,4.923372
7295,soldier,static_B_2020.02.27_18.39.27.csv,4199,168.8168,74.49,36.88,0.0500,4.840143
7296,longdress,static_B_2020.02.14_13.21.26.csv,576,281.5624,100.00,89.43,0.0500,5.427380
7297,loot,static_B_2020.02.27_18.39.27.csv,2279,257.5754,78.27,73.07,0.0500,5.401604
7298,redandblack,driving_B_2020.02.13_13.03.24.csv,379,141.7415,37.80,27.28,0.0500,5.472233
7299,soldier,static_B_2020.02.27_18.39.27.csv,5039,171.1160,57.49,43.47,0.0500,5.713344
7300,longdress,driving_B_2020.01.16_09.56.56.csv,1053,89.3131,55.74,4.05,0.0500,4.959566
7301,loot,static_B_2019.12.16_13.40.04.csv,1017,167.2146,63.91,39.24,0.0500,5.288972
7302,redandblack,driving_B_2020.02.13_13.03.24.csv,1939,12.6082,0.00,-221.77,0.0500,5.225981
7303,soldier,static_B_2020.02.13_13.57.29.csv,545,247.4402,73.54,65.01,0.0500,5.861509
7304,longdress,driving_B_2020.02.13_15.02.01.csv,2270,127.8319,72.70,25.63,0.0500,5.223753
7305,loot,driving_B_2019.12.16_12.27.05.csv,90,161.2730,67.86,36.58,0.0500,5.220805
7306,redandblack,static_B_2020.02.13_13.57.29.csv,2165,207.9555,80.68,56.87,0.0500,5.029805
7307,soldier,static_B_2020.02.13_13.57.29.csv,2645,279.0460,100.00,88.16,0.0500,6.067681
7308,longdress,driving_B_2020.01.16_09.56.56.csv,693,181.0257,63.63,47.30,0.0500,5.422025
7309,loot,static_B_2020.02.27_18.39.27.csv,5519,215.8958,0.00,66.06,0.0500,5.617860
7310,redandblack,driving_B_2020.02.13_15.02.01.csv,2390,60.6490,0.00,-108.15,0.0500,5.630161
7311,soldier,driving_B_2020.02.13_13.03.24.csv,1639,112.1193,0.00,-72.69,0.0500,5.358999
7312,longdress,driving_B_2019.12.16_12.27.05.csv,930,160.3632,79.76,41.14,0.0500,5.521586
7313,loot,driving_B_2019.12.17_07.32.39.csv,286,139.1973,0.00,18.12,0.0500,5.904157
7314,redandblack,static_B_2020.02.27_18.39.27.csv,1619,168.0766,0.00,18.07,0.0500,5.300241
7315,soldier,static_B_2020.02.27_18.39.27.csv,5742,275.5817,100.00,85.32,0.0500,5.946001
7316,longdress,driving_B_2019.12.17_07.32.39.csv,706,113.7741,86.97,31.98,0.0500,5.672988
7317,loot,static_B_2020.02.27_18.39.27.csv,659,183.7546,17.91,33.52,0.0500,6.011951
7318,redandblack,driving_B_2019.12.16_14.23.32.csv,552,145.3411,0.00,15.16,0.0500,5.543506
7319,soldier,driving_B_2020.01.16_07.26.43.csv,1113,204.9606,100.00,52.78,0.0500,5.293195
7320,longdress,driving_B_2019.12.16_14.23.32.csv,2592,110.5261,100.00,29.11,0.0500,5.112222
7321,loot,static_B_2020.02.27_18.39.27.csv,3959,208.4677,0.00,64.64,0.0500,5.591080
7322,redandblack,driving_B_2020.01.16_12.10.03.csv,209,254.9533,84.80,79.29,0.0500,5.184080
7323,soldier,driving_B_2020.02.14_09.38.22.csv,1084,71.9293,0.00,-47.96,0.0500,5.055573
7324,longdress,driving_B_2020.02.13_15.02.01.csv,350,281.9816,100.00,88.55,0.0500,5.253331
7325,loot,driving_B_2019.12.16_14.23.32.csv,2172,175.8076,43.09,32.38,0.0500,5.370839
7326,redandblack,driving_B_2019.12.16_11.49.59.csv,101,183.0882,76.56,50.13,0.0500,5.346253
7327,soldier,driving_B_2020.02.13_15.02.01.csv,590,149.9061,41.59,13.48,0.0500,5.654619
7328,longdress,static_B_2020.02.14_13.21.26.csv,276,267.9255,85.08,83.64,0.0500,5.409794
7329,loot,driving_B_2020.01.16_09.56.56.csv,1233,166.9663,59.28,36.45,0.0500,5.402084
7330,redandblack,driving_B_2020.02.13_13.03.24.csv,319,140.5736,8.37,4.01,0.0500,5.841410
7331,soldier,static_B_2019.12.16_13.40.04.csv,537,254.3149,79.57,74.73,0.0500,5.625875
7332,longdress,driving_B_2020.02.14_07.29.00.csv,1410,267.3223,100.00,82.26,0.0500,5.105580
7333,loot,driving_B_2020.02.14_12.58.17.csv,58,32.6590,0.00,-188.04,0.0500,5.349436
7334,redandblack,driving_B_2019.12.16_14.23.32.csv,132,239.7607,64.00,73.45,0.0500,5.458466
7335,soldier,static_B_2020.02.13_13.57.29.csv,2885,145.0760,17.39,19.66,0.0500,5.503715
7336,longdress,driving_B_2020.01.16_07.26.43.csv,1713,115.2668,47.98,13.00,0.0500,5.000709
7337,loot,driving_B_2019.12.17_07.32.39.csv,106,97.1243,0.00,-24.09,0.0500,4.952774
7338,redandblack,driving_B_2020.01.16_07.26.43.csv,993,92.9105,15.98,-12.89,0.0500,5.573529
7339,soldier,static_B_2020.02.27_18.39.27.csv,4559,171.8791,61.25,30.76,0.0500,5.489957
7340,longdress,driving_B_2020.02.27_17.30.15.csv,9,92.8554,65.07,3.63,0.0500,5.660279
7341,loot,static_B_2019.12.16_13.40.04.csv,1797,246.7135,78.25,72.28,0.0500,5.729293
7342,redandblack,driving_B_2020.02.14_07.29.00.csv,1170,215.1781,56.42,39.75,0.0500,5.288540
7343,soldier,static_B_2020.02.27_18.39.27.csv,899,217.6414,43.60,51.98,0.0500,5.577375
7344,longdress,driving_B_2020.02.14_12.58.17.csv,800,102.3840,100.00,27.73,0.0500,5.044127
7345,loot,driving_B_2020.02.14_09.38.22.csv,1024,113.9998,0.00,-30.71,0.0500,5.511608
7346,redandblack,driving_B_2020.02.14_07.29.00.csv,450,72.0028,0.00,-56.24,0.0500,5.168772
7347,soldier,driving_B_2020.02.13_13.03.24.csv,1159,65.6319,0.00,-81.90,0.0500,5.474185
7348,longdress,driving_B_2020.02.13_13.03.24.csv,1099,-6.0798,0.00,-310.75,0.0500,5.558186
7349,loot,driving_B_2020.02.13_15.02.01.csv,1850,277.9386,100.00,87.98,0.0500,5.668117
7350,redandblack,static_B_2020.02.27_18.39.27.csv,2699,260.0234,66.00,82.80,0.0500,5.397579
7351,soldier,driving_B_2020.02.27_17.30.15.csv,669,-16.2932,0.00,-391.54,0.0500,5.236509
7352,longdress,driving_B_2019.12.16_14.23.32.csv,792,178.7539,19.98,24.15,0.0500,5.124696
7353,loot,driving_B_2020.02.14_07.29.00.csv,210,128.7206,0.00,-13.73,0.0500,5.093484
7354,redandblack,driving_B_2019.12.16_12.27.05.csv,810,104.1161,0.00,-9.97,0.0500,4.855805
7355,soldier,driving_B_2020.01.16_09.56.56.csv,813,204.0816,0.00,-15.51,0.0500,5.681116
7356,longdress,driving_B_2020.02.14_12.58.17.csv,778,92.1616,100.00,9.23,0.0500,5.278281
7357,loot,static_B_2020.02.13_13.57.29.csv,2405,136.0915,0.00,3.89,0.0500,5.634921
7358,redandblack,static_B_2020.02.13_13.57.29.csv,905,103.9764,0.82,-10.31,0.0500,5.156987
7359,soldier,driving_B_2019.12.16_14.23.32.csv,1332,112.0004,62.49,15.19,0.0500,5.299367
7360,longdress,driving_B_2020.01.16_09.56.56.csv,393,139.7823,100.00,32.20,0.0500,5.735772
7361,loot,driving_B_2020.01.16_09.56.56.csv,153,216.1651,63.77,52.16,0.0500,5.164344
7362,redandblack,static_B_2020.02.14_13.21.26.csv,516,272.1302,88.00,86.15,0.0500,5.543074
7363,soldier,driving_B_2019.12.16_14.23.32.csv,1152,74.2413,0.00,-26.61,0.0500,5.239970
7364,longdress,driving_B_2020.02.14_07.29.00.csv,1050,154.1364,41.07,12.28,0.0500,5.901706
7365,loot,driving_B_2020.02.13_13.03.24.csv,2188,-79.4685,0.00,-223.21,0.0500,5.281934
7366,redandblack,static_B_2020.02.27_18.39.27.csv,4319,192.2455,41.07,39.90,0.0500,5.572897
7367,soldier,static_B_2020.02.27_18.39.27.csv,5742,264.5519,100.00,80.37,0.0500,5.458165
7368,longdress,driving_B_2020.02.13_15.02.01.csv,470,244.1885,100.00,68.24,0.0500,5.206128
7369,loot,driving_B_2020.02.14_12.58.17.csv,238,-59.3732,0.00,-803.87,0.0500,5.068892
7370,redandblack,driving_B_2020.02.14_12.58.17.csv,598,68.7662,0.00,-58.44,0.0500,5.091517
7371,soldier,driving_B_2019.12.16_12.27.05.csv,1110,131.1318,8.95,-5.86,0.0500,5.454453
7372,longdress,driving_B_2020.02.14_07.29.00.csv,1230,186.0594,11.88,27.81,0.0500,5.690929
7373,loot,driving_B_2020.01.16_09.56.56.csv,33,85.0240,0.00,-12.12,0.0500,5.805890
7374,redandblack,driving_B_2020.02.14_07.29.00.csv,1970,-9.5900,0.00,-350.99,0.0500,5.656794
7375,soldier,static_B_2020.02.13_13.57.29.csv,2705,250.5591,73.95,66.92,0.0500,5.750180
7376,longdress,driving_B_2020.01.16_07.26.43.csv,333,57.5287,0.00,-98.61,0.0500,4.723003
7377,loot,driving_B_2019.12.17_07.32.39.csv,1186,137.1180,0.00,-26.37,0.0500,5.231625
7378,redandblack,driving_B_2020.02.14_09.38.22.csv,544,245.6808,76.87,69.32,0.0500,4.873567
7379,soldier,driving_B_2020.02.13_15.02.01.csv,2754,19.3125,0.00,-143.96,0.0500,4.889240
7380,longdress,driving_B_2019.12.17_07.32.39.csv,1786,102.7098,72.60,17.65,0.0500,5.114157
7381,loot,static_B_2020.02.13_13.57.29.csv,2825,244.7604,67.43,66.26,0.0500,5.441459
7382,redandblack,driving_B_2020.02.14_07.29.00.csv,870,195.3538,62.75,38.38,0.0500,4.971340
7383,soldier,static_B_2020.02.27_18.39.27.csv,1859,195.2969,31.01,21.84,0.0500,5.703049
7384,longdress,driving_B_2020.01.16_07.26.43.csv,1053,100.6559,0.00,-41.01,0.0500,5.932131
7385,loot,static_B_2020.02.27_18.39.27.csv,4799,201.5695,0.00,61.12,0.0500,5.236647
7386,redandblack,static_B_2020.02.27_18.39.27.csv,4379,273.2266,100.00,84.95,0.0500,4.837820
7387,soldier,driving_B_2020.02.14_07.29.00.csv,330,260.4989,86.30,79.75,0.0500,4.753633
7388,longdress,driving_B_2019.12.16_14.23.32.csv,1812,9.4035,0.00,-491.58,0.0500,5.256431
7389,loot,driving_B_2020.02.14_09.38.22.csv,1384,28.5916,0.00,-94.57,0.0500,5.115140
7390,redandblack,driving_B_2020.02.14_09.38.22.csv,124,15.9325,0.00,-155.02,0.0500,5.501067
7391,soldier,static_B_2020.02.13_13.57.29.csv,725,110.9224,0.00,-5.13,0.0500,5.013903
7392,longdress,static_B_2020.02.27_18.39.27.csv,5639,274.9030,100.00,84.95,0.0500,6.222358
7393,loot,driving_B_2020.02.13_13.03.24.csv,139,41.7114,0.00,-137.48,0.0500,5.626793
7394,redandblack,static_B_2019.12.16_13.40.04.csv,1904,131.3360,0.00,14.35,0.0500,5.099721
7395,soldier,static_B_2019.12.16_13.40.04.csv,897,168.6075,39.84,24.59,0.0500,5.678252
7396,longdress,static_B_2020.02.14_13.21.26.csv,850,209.8857,74.73,52.99,0.0500,5.682345
7397,loot,driving_B_2020.02.27_17.30.15.csv,489,-45.3149,0.00,-257.62,0.0500,5.514790
7398,redandblack,driving_B_2019.12.16_12.27.05.csv,510,2.6056,0.00,-167.83,0.0500,5.648971
7399,soldier,driving_B_2019.12.16_14.23.32.csv,12,282.7621,100.00,90.65,0.0500,4.989203
7400,longdress,driving_B_2019.12.17_07.32.39.csv,2146,34.9269,0.00,-109.47,0.0500,5.704163
7401,loot,driving_B_2019.12.16_14.23.32.csv,732,205.4447,0.00,35.84,0.0500,5.318733
7402,redandblack,driving_B_2020.02.14_07.29.00.csv,1530,28.0019,0.00,-248.77,0.0500,5.693146
7403,soldier,driving_B_2019.12.16_12.27.05.csv,210,64.4183,0.00,-47.91,0.0500,5.807396
7404,longdress,driving_B_2020.02.13_15.02.01.csv,1730,231.1577,59.68,64.05,0.0500,5.408199
7405,loot,driving_B_2019.12.17_07.32.39.csv,586,138.8003,0.00,-10.47,0.0500,5.388548
7406,redandblack,driving_B_2019.12.16_14.23.32.csv,2232,269.4889,100.00,82.86,0.0500,5.725227
7407,soldier,driving_B_2020.02.13_13.03.24.csv,979,-47.6374,0.00,-306.61,0.0500,5.157477
7408,longdress,static_B_2020.02.13_13.57.29.csv,1985,265.3670,100.00,80.95,0.0500,5.691290
7409,loot,driving_B_2019.12.16_14.23.32.csv,1392,280.5158,100.00,89.82,0.0500,4.998112
7410,redandblack,driving_B_2019.12.16_12.27.05.csv,1152,136.3996,14.49,-0.53,0.0500,5.482489
7411,soldier,driving_B_2020.02.14_07.29.00.csv,1770,251.5822,84.53,75.73,0.0500,5.704693
7412,longdress,driving_B_2020.02.13_15.02.01.csv,1790,270.9700,100.00,83.10,0.0500,5.103744
7413,loot,driving_B_2019.12.16_14.23.32.csv,912,70.9558,0.00,-24.80,0.0500,5.794094
7414,redandblack,driving_B_2020.02.27_17.30.15.csv,720,58.4358,0.00,-159.56,0.0500,5.369604
7415,soldier,static_B_2020.02.27_18.39.27.csv,299,165.9182,47.83,22.69,0.0500,5.814252
7416,longdress,driving_B_2020.02.13_13.03.24.csv,1579,66.1921,0.00,-96.21,0.0500,5.724442
7417,loot,driving_B_2019.12.16_14.23.32.csv,1452,68.5965,0.00,-33.94,0.0500,5.002780
7418,redandblack,driving_B_2019.12.17_07.32.39.csv,766,73.5253,0.00,-45.13,0.0500,5.134403
7419,soldier,driving_B_2019.12.17_07.32.39.csv,2266,246.8580,84.00,73.32,0.0500,5.333925
7420,longdress,static_B_2020.02.27_18.39.27.csv,3719,245.1304,79.27,71.29,0.0500,4.930904
7421,loot,driving_B_2019.12.16_14.23.32.csv,252,273.8777,100.00,86.01,0.0500,5.527974
7422,redandblack,driving_B_2020.02.13_13.03.24.csv,1339,52.0496,0.00,-86.68,0.0500,5.158195
7423,soldier,driving_B_2020.01.16_09.56.56.csv,1353,243.9774,32.00,77.06,0.0500,5.396444
7424,longdress,driving_B_2019.12.17_07.32.39.csv,1666,1.3896,0.00,-310.88,0.0500,5.492393
7425,loot,static_B_2020.02.27_18.39.27.csv,4679,190.7497,0.00,-160.98,0.0500,5.415453
7426,redandblack,driving_B_2020.02.13_15.02.01.csv,2330,16.0767,0.00,-625.25,0.0500,5.719176
7427,soldier,static_B_2020.02.13_13.57.29.csv,785,117.7101,44.69,15.44,0.0500,5.528775
7428,longdress,static_B_2019.12.16_13.40.04.csv,1857,148.3248,94.00,41.00,0.0500,5.250163
7429,loot,driving_B_2019.12.16_14.23.32.csv,852,224.3293,25.22,49.07,0.0500,6.006128
7430,redandblack,static_B_2019.12.16_13.40.04.csv,1617,250.4572,84.09,70.23,0.0500,5.223354
7431,soldier,driving_B_2020.02.14_07.29.00.csv,1110,49.4710,0.00,-160.41,0.0500,5.491781
7432,longdress,driving_B_2020.02.13_13.03.24.csv,1879,-75.1018,0.00,-215.03,0.0500,5.190918
7433,loot,static_B_2020.02.13_13.57.29.csv,665,237.7296,52.53,51.04,0.0500,5.194271
7434,redandblack,driving_B_2020.01.16_07.26.43.csv,1653,130.9676,6.37,-2.37,0.0500,5.421433
7435,soldier,static_B_2020.02.13_13.57.29.csv,1805,272.2399,100.00,82.63,0.0500,5.160962
7436,longdress,driving_B_2020.02.13_13.03.24.csv,1519,109.8126,100.00,25.07,0.0500,5.343381
7437,loot,driving_B_2019.12.16_14.23.32.csv,1752,30.5692,0.00,-175.35,0.0500,5.584309
7438,redandblack,static_B_2019.12.16_13.40.04.csv,837,260.8105,74.61,75.25,0.0500,5.222283
7439,soldier,static_B_2020.02.27_18.39.27.csv,2219,228.8624,73.20,53.63,0.0500,5.856399
7440,longdress,driving_B_2020.02.14_12.58.17.csv,418,-31.8752,0.00,-600.96,0.0500,5.419975
7441,loot,driving_B_2020.02.13_13.03.24.csv,559,44.6710,0.00,-81.78,0.0500,5.237670
7442,redandblack,driving_B_2020.01.16_07.26.43.csv,93,72.7435,0.00,-72.41,0.0500,5.162179
7443,soldier,static_B_2020.02.27_18.39.27.csv,599,258.7066,100.00,65.82,0.0500,5.646609
7444,longdress,static_B_2020.02.27_18.39.27.csv,5579,278.0726,100.00,86.62,0.0500,5.239529
7445,loot,driving_B_2020.01.16_07.26.43.csv,1473,74.4849,0.00,-39.98,0.0500,5.388945
7446,redandblack,static_B_2020.02.27_18.39.27.csv,4079,257.6588,72.00,80.19,0.0500,5.114209
7447,soldier,driving_B_2020.02.14_09.38.22.csv,1324,279.2942,100.00,85.79,0.0500,5.128735
7448,longdress,static_B_2020.02.27_18.39.27.csv,2339,205.5449,0.00,-286.75,0.0500,5.960965
7449,loot,driving_B_2020.01.16_09.56.56.csv,933,129.4412,26.40,15.38,0.0500,6.007503
7450,redandblack,static_B_2020.02.27_18.39.27.csv,5699,251.2064,83.16,74.93,0.0500,5.204099
7451,soldier,driving_B_2020.02.14_07.29.00.csv,690,82.2374,0.00,-86.76,0.0500,4.823531
7452,longdress,driving_B_2019.12.16_12.27.05.csv,690,237.6634,71.98,52.37,0.0500,5.460602
7453,loot,driving_B_2019.12.16_12.27.05.csv,270,53.7737,0.00,-138.47,0.0500,5.375407
7454,redandblack,driving_B_2019.12.17_07.32.39.csv,1846,84.8118,0.00,-76.95,0.0500,5.370105
7455,soldier,driving_B_2019.12.16_14.23.32.csv,1032,86.5064,0.00,-283.23,0.0500,5.050698
7456,longdress,driving_B_2020.02.13_13.03.24.csv,499,36.9737,0.00,-177.26,0.0500,5.494620
7457,loot,static_B_2020.02.14_13.21.26.csv,696,283.8372,100.00,90.47,0.0500,4.888460
7458,redandblack,driving_B_2020.02.13_13.03.24.csv,439,51.8353,0.00,-108.85,0.0500,5.354703
7459,soldier,static_B_2020.02.27_18.39.27.csv,5099,274.9361,100.00,86.16,0.0500,5.142923
7460,longdress,driving_B_2019.12.17_07.32.39.csv,226,96.4773,70.14,11.47,0.0500,5.052999
7461,loot,driving_B_2020.01.16_12.10.03.csv,244,272.3085,100.00,84.91,0.0500,5.913156
7462,redandblack,driving_B_2020.02.13_13.03.24.csv,259,65.6593,0.00,-94.54,0.0500,5.555507
7463,soldier,static_B_2020.02.27_18.39.27.csv,239,254.4576,82.20,70.75,0.0500,5.943128
7464,longdress,driving_B_2019.12.16_11.49.59.csv,277,34.5300,0.00,-144.24,0.0500,5.386045
7465,loot,static_B_2020.02.27_18.39.27.csv,5742,278.3697,86.00,87.30,0.0500,5.299941
7466,redandblack,driving_B_2020.02.13_13.03.24.csv,2119,-3.4244,0.00,-651.96,0.0500,5.189976
7467,soldier,driving_B_2019.12.16_12.27.05.csv,990,266.2471,68.00,84.33,0.0500,5.641488
7468,longdress,driving_B_2020.02.13_15.02.01.csv,2570,268.1821,100.00,82.16,0.0500,5.022847
7469,loot,driving_B_2019.12.17_07.32.39.csv,1486,101.0074,0.00,-49.15,0.0500,5.256894
7470,redandblack,driving_B_2020.02.13_15.02.01.csv,710,93.9085,0.00,-43.49,0.0500,5.145612
7471,soldier,driving_B_2019.12.17_07.32.39.csv,886,78.8406,0.00,-33.49,0.0500,5.664773
7472,longdress,driving_B_2020.01.16_09.56.56.csv,1570,139.7837,78.57,33.67,0.0500,5.343676
7473,loot,static_B_2020.02.27_18.39.27.csv,3779,153.9849,0.00,18.12,0.0500,5.210831
7474,redandblack,driving_B_2020.02.14_09.38.22.csv,244,-1.7706,0.00,-390.01,0.0500,5.435761
7475,soldier,driving_B_2020.01.16_07.26.43.csv,153,63.5423,0.00,-249.30,0.0500,4.999109
7476,longdress,driving_B_2020.02.14_07.29.00.csv,630,130.5124,100.00,33.04,0.0500,5.317532
7477,loot,driving_B_2020.02.14_09.38.22.csv,904,252.0464,66.61,65.53,0.0500,5.181736
7478,redandblack,static_B_2019.12.16_13.40.04.csv,1497,279.0627,100.00,88.85,0.0500,5.538930
7479,soldier,driving_B_2020.02.14_12.58.17.csv,478,3.5331,0.00,-106.87,0.0500,5.108146
7480,longdress,static_B_2019.12.16_13.40.04.csv,777,258.9508,72.83,74.44,0.0500,5.537924
7481,loot,driving_B_2019.12.16_14.23.32.csv,1992,273.7437,100.00,85.63,0.0500,5.855773
7482,redandblack,driving_B_2020.02.14_09.38.22.csv,304,120.0838,81.42,31.84,0.0500,5.387893
7483,soldier,static_B_2020.02.14_13.21.26.csv,36,260.7569,100.00,79.44,0.0500,5.606174
7484,longdress,static_B_2019.12.16_13.40.04.csv,1257,118.1722,59.66,15.59,0.0500,4.982599
7485,loot,static_B_2020.02.13_13.57.29.csv,1445,128.5191,0.00,-18.53,0.0500,5.335289
7486,redandblack,static_B_2020.02.13_13.57.29.csv,1505,135.9573,0.00,-14.66,0.0500,5.474106
7487,soldier,driving_B_2019.12.17_07.32.39.csv,946,80.4414,0.00,-64.64,0.0500,5.288111
7488,longdress,static_B_2020.02.13_13.57.29.csv,1025,81.0426,28.21,-31.46,0.0500,4.907134
7489,loot,driving_B_2019.12.17_07.32.39.csv,1366,284.5969,90.00,90.88,0.0500,5.802096
7490,redandblack,driving_B_2019.12.16_11.49.59.csv,277,19.2164,0.00,-184.38,0.0500,5.851760
7491,soldier,static_B_2019.12.16_13.40.04.csv,357,118.2456,50.01,17.23,0.0500,5.626522
7492,longdress,driving_B_2020.02.14_12.58.17.csv,718,61.7370,0.00,-195.87,0.0500,5.653947
7493,loot,driving_B_2020.02.14_07.29.00.csv,1590,251.7278,86.00,62.94,0.0500,5.105088
7494,redandblack,driving_B_2020.02.13_15.02.01.csv,1250,116.5881,0.00,-38.84,0.0500,5.322935
7495,soldier,driving_B_2019.12.16_14.23.32.csv,1092,218.2728,46.17,35.56,0.0500,5.722395
7496,longdress,static_B_2020.02.27_18.39.27.csv,1319,281.1672,100.00,87.99,0.0500,5.360407
7497,loot,static_B_2020.02.14_13.21.26.csv,756,271.4101,100.00,85.07,0.0500,5.218005
7498,redandblack,driving_B_2020.02.14_09.38.22.csv,844,242.7609,50.00,72.80,0.0500,5.440427
7499,soldier,driving_B_2020.02.13_13.03.24.csv,1819,-215.2574,0.00,-946.33,0.0500,5.287149
7500,longdress,driving_B_2020.02.14_07.29.00.csv,1470,119.3540,0.00,-32.63,0.0500,5.315024
7501,loot,static_B_2020.02.27_18.39.27.csv,2399,117.5564,16.00,3.51,0.0500,5.154574
7502,redandblack,driving_B_2019.12.16_14.23.32.csv,432,218.3768,32.14,49.52,0.0500,5.176042
7503,soldier,static_B_2019.12.16_13.40.04.csv,597,165.5616,8.85,6.13,0.0500,5.251826
7504,longdress,static_B_2020.02.13_13.57.29.csv,125,258.1429,100.00,79.74,0.0500,4.981180
7505,loot,static_B_2019.12.16_13.40.04.csv,1317,222.1479,76.65,59.00,0.0500,5.774384
7506,redandblack,driving_B_2019.12.16_14.23.32.csv,2532,97.7308,0.00,-111.11,0.0500,5.690190
7507,soldier,driving_B_2020.02.13_15.02.01.csv,2750,74.7531,0.22,-32.75,0.0500,5.164106
7508,longdress,static_B_2020.02.13_13.57.29.csv,2345,151.2078,27.79,16.29,0.0500,5.266183
7509,loot,driving_B_2020.02.27_17.30.15.csv,429,-17.3423,0.00,-507.32,0.0500,5.069055
7510,redandblack,static_B_2020.02.27_18.39.27.csv,1679,185.0849,78.58,40.33,0.0500,5.196755
7511,soldier,driving_B_2020.02.13_15.02.01.csv,2090,161.8553,47.35,16.43,0.0500,5.179597
7512,longdress,driving_B_2020.01.16_09.56.56.csv,1173,105.7322,92.00,28.68,0.0500,5.156457
7513,loot,driving_B_2020.02.14_09.38.22.csv,64,82.0661,0.00,-62.01,0.0500,5.607871
7514,redandblack,driving_B_2020.02.13_15.02.01.csv,410,253.7011,100.00,75.69,0.0500,5.337430
7515,soldier,driving_B_2020.01.16_09.56.56.csv,1473,265.8236,77.59,80.73,0.0500,5.457659
7516,longdress,driving_B_2019.12.16_12.27.05.csv,750,139.1328,44.24,18.08,0.0500,5.366216
7517,loot,driving_B_2020.02.27_17.30.15.csv,369,66.2868,0.00,-67.76,0.0500,5.281400
7518,redandblack,driving_B_2019.12.17_07.32.39.csv,346,167.6240,62.18,43.10,0.0500,5.506997
7519,soldier,static_B_2019.12.16_13.40.04.csv,1197,136.6645,63.79,12.44,0.0500,5.281003
7520,longdress,driving_B_2020.02.13_13.03.24.csv,199,76.4937,32.65,-10.61,0.0500,5.403809
7521,loot,driving_B_2020.02.13_13.03.24.csv,2179,48.6771,0.00,-289.04,0.0500,5.528997
7522,redandblack,static_B_2020.02.14_13.21.26.csv,396,236.9507,60.00,72.44,0.0500,5.480402
7523,soldier,driving_B_2020.02.27_17.30.15.csv,720,-23.2816,0.00,-1004.20,0.0500,5.979978
7524,longdress,static_B_2020.02.14_13.21.26.csv,816,276.8814,100.00,85.06,0.0500,5.385223
7525,loot,driving_B_2019.12.17_07.32.39.csv,526,76.6066,0.00,-60.94,0.0500,5.693056
7526,redandblack,driving_B_2019.12.17_07.32.39.csv,2026,114.4658,16.50,-13.81,0.0500,5.857491
7527,soldier,driving_B_2020.02.14_07.29.00.csv,1970,50.2856,0.00,-127.42,0.0500,5.693802
7528,longdress,static_B_2020.02.13_13.57.29.csv,2105,170.9000,74.87,41.05,0.0500,5.274857
7529,loot,driving_B_2020.02.14_09.38.22.csv,1444,135.8648,0.00,9.44,0.0500,5.054362
7530,redandblack,static_B_2020.02.27_18.39.27.csv,5459,257.4189,78.54,78.00,0.0500,5.369671
7531,soldier,driving_B_2019.12.16_14.23.32.csv,1632,286.1101,100.00,91.12,0.0500,5.354062
7532,longdress,static_B_2020.02.27_18.39.27.csv,3899,278.7692,100.00,87.57,0.0500,5.288646
7533,loot,static_B_2020.02.13_13.57.29.csv,2585,196.5465,0.00,59.26,0.0500,5.211194
7534,redandblack,driving_B_2020.01.16_09.56.56.csv,1570,128.9108,0.94,4.02,0.0500,5.422283
7535,soldier,driving_B_2019.12.17_07.32.39.csv,1906,111.4582,13.74,10.73,0.0500,5.299377
7536,longdress,static_B_2020.02.27_18.39.27.csv,3359,272.9670,98.00,85.46,0.0500,5.350868
7537,loot,driving_B_2020.02.13_13.03.24.csv,1039,105.3240,0.00,-35.86,0.0500,5.132184
7538,redandblack,driving_B_2020.01.16_07.26.43.csv,1353,95.4454,0.00,-68.44,0.0500,5.397568
7539,soldier,driving_B_2020.02.13_15.02.01.csv,1550,105.1964,100.00,25.55,0.0500,5.108548
7540,longdress,driving_B_2020.01.16_07.26.43.csv,933,109.8371,100.00,31.74,0.0500,4.908309
7541,loot,driving_B_2019.12.16_14.23.32.csv,972,165.1823,6.08,16.87,0.0500,5.612061
7542,redandblack,driving_B_2020.02.14_07.29.00.csv,1950,28.6757,0.00,-203.89,0.0500,5.336996
7543,soldier,driving_B_2019.12.17_07.32.39.csv,1246,80.6959,0.00,-24.31,0.0500,5.651447
7544,longdress,static_B_2019.12.16_13.40.04.csv,57,245.3578,80.77,70.48,0.0500,5.404805
7545,loot,driving_B_2019.12.16_14.23.32.csv,1212,143.1969,26.00,35.67,0.0500,5.474227
7546,redandblack,driving_B_2020.02.13_15.02.01.csv,1190,208.3405,43.43,35.81,0.0500,5.035937
7547,soldier,static_B_2020.02.13_13.57.29.csv,365,163.8960,37.33,28.74,0.0500,5.023661
7548,longdress,static_B_2020.02.27_18.39.27.csv,4439,192.1810,62.57,37.58,0.0500,5.057913
7549,loot,driving_B_2020.02.14_09.38.22.csv,184,44.5506,0.00,-80.17,0.0500,5.593847
7550,redandblack,static_B_2019.12.16_13.40.04.csv,1557,220.4804,64.82,59.70,0.0500,5.330483
7551,soldier,driving_B_2020.02.14_09.38.22.csv,424,76.8750,0.00,-53.25,0.0500,5.062192
7552,longdress,driving_B_2020.01.16_09.56.56.csv,1113,64.2110,0.00,-29.04,0.0500,5.886388
7553,loot,static_B_2020.02.27_18.39.27.csv,4139,256.3932,58.00,80.90,0.0500,5.572126
7554,redandblack,static_B_2020.02.27_18.39.27.csv,2459,268.4163,100.00,84.94,0.0500,5.487073
7555,soldier,static_B_2020.02.27_18.39.27.csv,539,154.8148,0.00,-307.15,0.0500,5.886040
7556,longdress,driving_B_2020.02.13_13.03.24.csv,1399,89.2735,25.29,-16.48,0.0500,5.439224
7557,loot,driving_B_2020.02.14_09.38.22.csv,784,99.0034,0.00,-56.70,0.0500,5.269392
7558,redandblack,driving_B_2020.02.14_09.38.22.csv,484,112.0594,0.00,-18.33,0.0500,5.203448
7559,soldier,driving_B_2019.12.16_14.23.32.csv,1872,25.9351,0.00,-268.94,0.0500,5.381612
7560,longdress,driving_B_2019.12.17_07.32.39.csv,826,96.3111,62.05,11.62,0.0500,5.575582
7561,loot,static_B_2020.02.13_13.57.29.csv,245,283.7877,100.00,91.15,0.0500,5.416081
7562,redandblack,static_B_2019.12.16_13.40.04.csv,957,152.7055,58.31,28.35,0.0500,5.116013
7563,soldier,static_B_2020.02.27_18.39.27.csv,4919,237.3010,79.63,69.55,0.0500,5.284624
7564,longdress,driving_B_2019.12.16_14.23.32.csv,1932,129.7065,0.00,-9.05,0.0500,5.173781
7565,loot,static_B_2019.12.16_13.40.04.csv,1137,65.6368,0.00,-204.72,0.0500,5.484137
7566,redandblack,driving_B_2020.02.27_17.30.15.csv,69,10.3035,0.00,-305.99,0.0500,4.968467
7567,soldier,driving_B_2020.01.16_09.56.56.csv,513,122.7872,81.91,18.51,0.0500,5.573610
7568,longdress,driving_B_2019.12.17_07.32.39.csv,406,178.5312,39.47,33.04,0.0500,5.579781
7569,loot,static_B_2020.02.27_18.39.27.csv,3479,265.7635,100.00,81.05,0.0500,5.231022
7570,redandblack,driving_B_2020.02.13_15.02.01.csv,1070,121.1967,0.00,3.73,0.0500,5.594543
7571,soldier,driving_B_2020.02.14_07.29.00.csv,1830,219.1070,81.63,57.23,0.0500,4.928310
7572,longdress,driving_B_2019.12.16_12.27.05.csv,1050,176.6532,37.86,24.99,0.0500,5.902791
7573,loot,static_B_2020.02.13_13.57.29.csv,425,255.5262,83.65,78.40,0.0500,6.015152
7574,redandblack,driving_B_2020.02.13_15.02.01.csv,1370,103.1888,0.00,-36.94,0.0500,5.017257
7575,soldier,driving_B_2019.12.16_11.49.59.csv,161,86.5879,0.12,-36.90,0.0500,5.435897
7576,longdress,driving_B_2020.02.13_15.02.01.csv,890,256.6332,90.00,77.37,0.0500,5.345112
7577,loot,driving_B_2020.01.16_07.26.43.csv,693,120.7674,0.00,-18.21,0.0500,5.435086
7578,redandblack,static_B_2020.02.27_18.39.27.csv,3179,54.1848,34.00,-41.46,0.0500,4.943631
7579,soldier,static_B_2020.02.27_18.39.27.csv,959,243.8478,77.35,64.28,0.0500,5.289481
7580,longdress,driving_B_2020.02.14_07.29.00.csv,930,104.1218,0.00,-36.54,0.0500,5.441236
7581,loot,driving_B_2020.01.16_07.26.43.csv,1293,211.2149,100.00,54.68,0.0500,5.227209
7582,redandblack,driving_B_2020.02.14_12.58.17.csv,118,119.2005,0.00,-8.69,0.0500,4.726567
7583,soldier,driving_B_2020.01.16_09.56.56.csv,213,124.6027,44.45,15.61,0.0500,5.589881
7584,longdress,driving_B_2019.12.16_14.23.32.csv,2292,99.4884,79.75,14.89,0.0500,4.780019
7585,loot,driving_B_2020.02.14_09.38.22.csv,1204,80.0576,0.00,-60.59,0.0500,5.437516
7586,redandblack,driving_B_2019.12.16_12.27.05.csv,1152,130.5608,30.10,-3.07,0.0500,5.204324
7587,soldier,static_B_2020.02.27_18.39.27.csv,1379,271.9415,100.00,84.19,0.0500,6.131053
7588,longdress,driving_B_2020.02.14_07.29.00.csv,30,86.7816,45.24,-6.84,0.0500,5.541360
7589,loot,driving_B_2020.01.16_09.56.56.csv,1413,265.7353,100.00,82.59,0.0500,5.214953
7590,redandblack,driving_B_2019.12.16_14.23.32.csv,192,243.0648,85.16,71.22,0.0500,5.158102
7591,soldier,static_B_2020.02.27_18.39.27.csv,3299,282.2158,100.00,88.96,0.0500,5.536243
7592,longdress,driving_B_2020.02.27_17.30.15.csv,189,77.7141,26.83,-20.39,0.0500,5.221662
7593,loot,driving_B_2020.02.14_09.38.22.csv,724,255.7986,84.32,80.08,0.0500,5.807755
7594,redandblack,driving_B_2019.12.16_14.23.32.csv,2472,230.0181,100.00,66.41,0.0500,5.767013
7595,soldier,driving_B_2020.02.13_13.03.24.csv,619,106.6340,100.00,26.58,0.0500,5.070742
7596,longdress,driving_B_2020.02.13_15.02.01.csv,1490,99.0560,100.00,24.48,0.0500,5.543696
7597,loot,static_B_2020.02.13_13.57.29.csv,1205,177.8943,68.41,36.36,0.0500,5.751737
7598,redandblack,driving_B_2019.12.16_11.49.59.csv,41,89.7378,69.74,4.77,0.0500,5.578576
7599,soldier,static_B_2020.02.13_13.57.29.csv,965,107.2823,100.00,28.06,0.0500,5.269723
7600,longdress,static_B_2020.02.13_13.57.29.csv,1625,159.2159,9.87,32.46,0.0500,5.596287
7601,loot,static_B_2020.02.27_18.39.27.csv,179,281.2315,100.00,89.66,0.0500,4.876384
7602,redandblack,driving_B_2020.02.13_13.03.24.csv,1219,53.3338,0.00,-92.49,0.0500,5.227887
7603,soldier,static_B_2019.12.16_13.40.04.csv,177,226.4141,81.48,66.17,0.0500,5.551408
7604,longdress,static_B_2020.02.14_13.21.26.csv,156,271.3184,100.00,85.56,0.0500,4.856855
7605,loot,driving_B_2020.02.13_15.02.01.csv,50,274.1159,100.00,87.09,0.0500,5.248531
7606,redandblack,driving_B_2020.02.13_15.02.01.csv,1970,197.7322,81.19,49.49,0.0500,5.679432
7607,soldier,driving_B_2020.01.16_07.26.43.csv,1533,44.1527,0.00,-36.90,0.0500,5.152076
7608,longdress,driving_B_2020.01.16_07.26.43.csv,633,116.7596,100.00,29.77,0.0500,5.129675
7609,loot,driving_B_2020.02.13_15.02.01.csv,2690,25.1875,0.00,-58.80,0.0500,5.456420
7610,redandblack,static_B_2020.02.13_13.57.29.csv,485,120.6735,52.23,14.92,0.0500,4.943747
7611,soldier,driving_B_2020.02.14_07.29.00.csv,1290,161.5700,29.78,25.90,0.0500,5.702584
7612,longdress,static_B_2020.02.27_18.39.27.csv,1439,178.0399,78.93,41.41,0.0500,5.060841
7613,loot,driving_B_2019.12.17_07.32.39.csv,1546,105.4418,100.00,11.89,0.0500,4.879797
7614,redandblack,driving_B_2020.02.13_13.03.24.csv,679,108.1321,100.00,27.24,0.0500,4.519626
7615,soldier,static_B_2020.02.27_18.39.27.csv,5219,106.0528,47.78,9.84,0.0500,5.509735
7616,longdress,driving_B_2019.12.16_14.23.32.csv,1572,122.3819,47.16,16.32,0.0500,5.225327
7617,loot,static_B_2020.02.14_13.21.26.csv,216,286.0107,92.00,92.31,0.0500,5.107826
7618,redandblack,driving_B_2020.02.13_13.03.24.csv,1459,146.4930,0.00,6.13,0.0500,5.556802
7619,soldier,driving_B_2020.01.16_07.26.43.csv,1593,40.4217,0.00,-61.54,0.0500,5.570500
7620,longdress,static_B_2020.02.14_13.21.26.csv,96,256.1057,82.21,77.91,0.0500,5.399423
7621,loot,driving_B_2020.02.14_09.38.22.csv,4,73.5390,0.00,-92.05,0.0500,5.538261
7622,redandblack,driving_B_2020.02.13_13.03.24.csv,2059,34.5085,0.00,-125.43,0.0500,5.495179
7623,soldier,static_B_2020.02.14_13.21.26.csv,636,268.6318,94.00,82.94,0.0500,5.456189
7624,longdress,static_B_2020.02.14_13.21.26.csv,850,198.8294,63.66,49.45,0.0500,5.286702
7625,loot,driving_B_2020.01.16_07.26.43.csv,873,39.3185,0.00,-62.40,0.0500,5.770216
7626,redandblack,driving_B_2019.12.17_07.32.39.csv,1426,228.5064,100.00,65.39,0.0500,5.759148
7627,soldier,driving_B_2019.12.17_07.32.39.csv,2206,95.8971,62.16,16.48,0.0500,5.195545
7628,longdress,driving_B_2020.02.13_15.02.01.csv,2754,61.2869,0.00,-41.31,0.0500,5.560684
7629,loot,driving_B_2020.02.13_13.03.24.csv,919,31.2592,0.00,-73.87,0.0500,5.054217
7630,redandblack,driving_B_2019.12.16_14.23.32.csv,492,262.4036,100.00,81.37,0.0500,5.397001
7631,soldier,driving_B_2020.02.13_15.02.01.csv,1610,-5.3293,0.00,-203.98,0.0500,5.164570
7632,longdress,driving_B_2019.12.17_07.32.39.csv,46,80.7371,20.06,-4.10,0.0500,5.044652
7633,loot,static_B_2020.02.27_18.39.27.csv,5159,253.3563,68.00,77.80,0.0500,5.271280
7634,redandblack,driving_B_2020.01.16_07.26.43.csv,33,63.7757,45.41,-13.42,0.0500,5.908349
7635,soldier,driving_B_2019.12.17_07.32.39.csv,1066,108.7796,52.98,-3.63,0.0500,4.946325
7636,longdress,static_B_2020.02.13_13.57.29.csv,1925,246.5394,79.08,74.86,0.0500,5.366452
7637,loot,driving_B_2020.01.16_09.56.56.csv,873,128.7441,0.00,-4.39,0.0500,5.493343
7638,redandblack,static_B_2020.02.13_13.57.29.csv,1745,267.6490,100.00,82.18,0.0500,5.184446
7639,soldier,static_B_2020.02.13_13.57.29.csv,2525,190.0505,21.26,32.05,0.0500,5.468464
7640,longdress,static_B_2020.02.27_18.39.27.csv,4619,162.6625,11.29,31.63,0.0500,5.062060
7641,loot,driving_B_2019.12.16_14.23.32.csv,1512,145.4299,7.18,18.85,0.0500,5.221277
7642,redandblack,static_B_2020.02.13_13.57.29.csv,1385,245.0999,81.65,71.91,0.0500,5.340889
7643,soldier,driving_B_2020.01.16_07.26.43.csv,573,66.0817,0.00,-57.86,0.0500,5.498466
7644,longdress,static_B_2020.02.27_18.39.27.csv,4979,254.7284,81.49,75.97,0.0500,5.904981
7645,loot,driving_B_2020.01.16_09.56.56.csv,1293,276.0382,88.10,87.03,0.0500,4.995892
7646,redandblack,driving_B_2020.01.16_07.26.43.csv,273,162.1971,16.40,19.88,0.0500,5.080538
7647,soldier,static_B_2020.02.27_18.39.27.csv,3119,78.2202,0.00,-67.92,0.0500,5.578529
7648,longdress,driving_B_2019.12.16_12.27.05.csv,870,229.2889,81.08,61.85,0.0500,5.278598
7649,loot,driving_B_2019.12.16_12.27.05.csv,150,117.3306,46.90,12.04,0.0500,5.497442
7650,redandblack,static_B_2020.02.27_18.39.27.csv,4019,189.1678,46.05,43.92,0.0500,5.405736
7651,soldier,static_B_2020.02.27_18.39.27.csv,1259,272.6884,100.00,85.84,0.0500,5.110806
7652,longdress,static_B_2020.02.13_13.57.29.csv,605,87.2492,22.41,-3.49,0.0500,5.797334
7653,loot,static_B_2020.02.27_18.39.27.csv,5399,260.4180,74.00,81.63,0.0500,6.079550
7654,redandblack,static_B_2020.02.27_18.39.27.csv,5339,255.4608,86.00,79.72,0.0500,5.441806
7655,soldier,driving_B_2020.02.13_15.02.01.csv,2150,264.1578,100.00,80.74,0.0500,5.441750
7656,longdress,static_B_2020.02.27_18.39.27.csv,2639,219.6997,82.14,57.85,0.0500,5.162786
7657,loot,static_B_2020.02.13_13.57.29.csv,2285,281.2144,100.00,89.60,0.0500,5.636767
7658,redandblack,driving_B_2019.12.16_12.27.05.csv,30,141.2013,50.46,24.82,0.0500,5.607188
7659,soldier,driving_B_2020.02.14_12.58.17.csv,358,8.1286,0.00,-425.85,0.0500,5.076633
7660,longdress,driving_B_2020.02.13_13.03.24.csv,1759,102.9098,0.00,-3.79,0.0500,5.357428
7661,loot,static_B_2019.12.16_13.40.04.csv,417,84.6197,0.08,-9.46,0.0500,5.676069
7662,redandblack,driving_B_2019.12.17_07.32.39.csv,646,104.7695,26.11,-0.48,0.0500,5.317243
7663,soldier,static_B_2019.12.16_13.40.04.csv,717,278.1218,98.00,87.28,0.0500,5.619332
7664,longdress,static_B_2020.02.27_18.39.27.csv,359,237.8623,79.28,64.30,0.0500,5.442848
7665,loot,driving_B_2020.02.13_13.03.24.csv,1999,67.5232,0.00,-72.47,0.0500,5.484309
7666,redandblack,static_B_2020.02.27_18.39.27.csv,1199,198.0921,74.00,33.81,0.0500,5.437777
7667,soldier,driving_B_2020.01.16_09.56.56.csv,633,168.0888,13.01,44.76,0.0500,5.583657
7668,longdress,driving_B_2020.01.16_12.10.03.csv,29,275.2805,100.00,87.73,0.0500,5.800996
7669,loot,driving_B_2020.01.16_09.56.56.csv,333,184.6289,38.76,40.20,0.0500,5.567243
7670,redandblack,driving_B_2019.12.16_12.27.05.csv,570,142.4918,0.00,-23.89,0.0500,5.288228
7671,soldier,driving_B_2020.02.14_12.58.17.csv,178,-32.0907,0.00,-1559.24,0.0500,5.145024
7672,longdress,static_B_2020.02.27_18.39.27.csv,839,236.4134,85.95,60.45,0.0500,5.182245
7673,loot,static_B_2020.02.27_18.39.27.csv,2519,285.5501,100.00,91.59,0.0500,5.067645
7674,redandblack,static_B_2020.02.27_18.39.27.csv,1919,267.1637,100.00,83.10,0.0500,5.377375
7675,soldier,driving_B_2019.12.17_07.32.39.csv,1126,259.4423,70.00,79.40,0.0500,5.671258
7676,longdress,static_B_2020.02.27_18.39.27.csv,1739,133.7059,0.00,3.98,0.0500,5.574047
7677,loot,driving_B_2020.02.14_07.29.00.csv,570,94.2528,1.97,-10.40,0.0500,5.893963
7678,redandblack,static_B_2020.02.27_18.39.27.csv,1139,87.0658,0.00,-55.32,0.0500,5.037286
7679,soldier,driving_B_2020.02.13_15.02.01.csv,110,231.1635,54.42,56.03,0.0500,5.402275
7680,longdress,driving_B_2020.01.16_09.56.56.csv,273,260.2368,100.00,74.90,0.0500,5.036788
7681,loot,driving_B_2020.02.14_07.29.00.csv,750,114.0631,0.00,-5.85,0.0500,5.129400
7682,redandblack,static_B_2020.02.27_18.39.27.csv,1499,234.8084,82.74,67.01,0.0500,4.870202
7683,soldier,static_B_2020.02.13_13.57.29.csv,1085,68.7024,0.00,-29.90,0.0500,5.323067
7684,longdress,static_B_2020.02.27_18.39.27.csv,119,249.8868,80.10,71.33,0.0500,5.615196
7685,loot,driving_B_2020.02.13_13.03.24.csv,79,87.8195,0.00,-34.15,0.0500,5.413882
7686,redandblack,driving_B_2020.02.13_13.03.24.csv,1699,262.3247,75.75,74.35,0.0500,5.181448
7687,soldier,driving_B_2020.02.14_07.29.00.csv,510,110.6892,0.00,-41.81,0.0500,5.548473
7688,longdress,static_B_2020.02.13_13.57.29.csv,2465,203.1495,74.99,25.44,0.0500,5.739549
7689,loot,driving_B_2020.01.16_09.56.56.csv,1533,89.4011,0.00,15.24,0.0500,5.227573
7690,redandblack,driving_B_2020.01.16_07.26.43.csv,1770,-25.9776,0.00,-198.30,0.0500,5.455499
7691,soldier,static_B_2019.12.16_13.40.04.csv,297,127.2303,0.00,-6.97,0.0500,5.794016
7692,longdress,driving_B_2020.01.16_07.26.43.csv,1173,102.1349,0.00,-40.70,0.0500,5.714267
7693,loot,static_B_2020.02.13_13.57.29.csv,1865,222.3598,68.27,63.94,0.0500,5.217835
7694,redandblack,driving_B_2020.01.16_07.26.43.csv,813,129.8162,0.00,4.95,0.0500,5.107528
7695,soldier,static_B_2020.02.27_18.39.27.csv,3599,244.0353,48.00,76.09,0.0500,5.621775
7696,longdress,static_B_2020.02.13_13.57.29.csv,2225,200.4353,53.91,39.85,0.0500,5.308064
7697,loot,static_B_2020.02.13_13.57.29.csv,5,192.5288,32.81,37.64,0.0500,5.558926
7698,redandblack,driving_B_2020.02.13_15.02.01.csv,1130,113.8303,0.00,-21.75,0.0500,5.798603
7699,soldier,driving_B_2019.12.17_07.32.39.csv,2288,238.7319,100.00,69.54,0.0500,5.529074
7700,longdress,static_B_2020.02.27_18.39.27.csv,1079,116.3655,0.00,-6.56,0.0500,5.550907
7701,loot,static_B_2020.02.27_18.39.27.csv,3059,177.9384,45.31,34.13,0.0500,5.739384
7702,redandblack,driving_B_2019.12.16_14.23.32.csv,72,275.3262,100.00,87.63,0.0500,5.239022
7703,soldier,static_B_2020.02.27_18.39.27.csv,2879,216.1943,55.08,52.60,0.0500,6.146017
7704,longdress,driving_B_2020.02.13_15.02.01.csv,2450,76.5966,0.00,-248.19,0.0500,5.779057
7705,loot,static_B_2019.12.16_13.40.04.csv,477,209.5011,100.00,17.13,0.0500,5.686469
7706,redandblack,driving_B_2020.02.13_15.02.01.csv,1430,53.8986,0.00,-96.30,0.0500,5.125290
7707,soldier,driving_B_2020.02.14_07.29.00.csv,1650,236.1086,56.56,58.88,0.0500,5.601963
7708,longdress,driving_B_2020.02.13_13.03.24.csv,19,78.6948,0.00,-63.97,0.0500,5.524169
7709,loot,driving_B_2020.02.13_15.02.01.csv,830,29.5771,3.96,-26.38,0.0500,5.228780
7710,redandblack,driving_B_2020.02.14_12.58.17.csv,298,-89.6928,0.00,-834.00,0.0500,5.411468
7711,soldier,static_B_2020.02.27_18.39.27.csv,1559,152.5347,73.91,24.34,0.0500,5.386125
7712,longdress,driving_B_2019.12.16_14.23.32.csv,312,253.6360,75.87,69.68,0.0500,6.224390
7713,loot,driving_B_2020.01.16_07.26.43.csv,1770,19.8465,0.00,-133.29,0.0500,5.043648
7714,redandblack,driving_B_2020.02.14_07.29.00.csv,90,272.0797,100.00,85.81,0.0500,5.617553
7715,soldier,driving_B_2019.12.17_07.32.39.csv,2086,261.0448,82.58,78.86,0.0500,5.418817
7716,longdress,driving_B_2019.12.16_12.27.05.csv,390,11.0867,0.00,-130.60,0.0500,5.312812
7717,loot,static_B_2020.02.27_18.39.27.csv,2159,237.6536,83.02,64.30,0.0500,5.830172
7718,redandblack,driving_B_2019.12.16_12.27.05.csv,450,-3.2232,0.00,-387.80,0.0500,5.082734
7719,soldier,driving_B_2019.12.17_07.32.39.csv,2288,251.1627,77.79,70.06,0.0500,5.130957
7720,longdress,static_B_2019.12.16_13.40.04.csv,657,283.7909,100.00,89.71,0.0500,5.369030
7721,loot,static_B_2020.02.27_18.39.27.csv,1979,247.4776,60.00,76.32,0.0500,5.122341
7722,redandblack,driving_B_2020.01.16_07.26.43.csv,1770,75.2066,50.23,-4.79,0.0500,5.511771
7723,soldier,static_B_2020.02.27_18.39.27.csv,3659,247.6054,57.88,76.29,0.0500,5.112269
7724,longdress,driving_B_2020.02.14_09.38.22.csv,964,274.9098,100.00,86.24,0.0500,5.621993
7725,loot,driving_B_2020.02.14_07.29.00.csv,990,77.4664,0.00,-25.60,0.0500,5.742003
7726,redandblack,driving_B_2019.12.16_14.23.32.csv,2616,146.2999,45.93,27.03,0.0500,4.861847
7727,soldier,static_B_2020.02.27_18.39.27.csv,5279,261.5024,86.64,78.89,0.0500,5.437376
7728,longdress,driving_B_2020.02.14_07.29.00.csv,810,53.9629,7.55,-34.13,0.0500,4.778194
7729,loot,static_B_2019.12.16_13.40.04.csv,1737,286.3557,100.00,91.30,0.0500,5.856126
7730,redandblack,static_B_2020.02.27_18.39.27.csv,479,234.7968,86.07,67.51,0.0500,4.917683
7731,soldier,static_B_2019.12.16_13.40.04.csv,1677,188.4677,49.61,31.73,0.0500,5.696121
7732,longdress,driving_B_2019.12.17_07.32.39.csv,1306,218.3679,45.64,45.81,0.0500,5.458689
7733,loot,static_B_2019.12.16_13.40.04.csv,1377,165.9934,80.14,5.22,0.0500,5.262356
7734,redandblack,static_B_2020.02.13_13.57.29.csv,65,91.2840,0.00,-19.08,0.0500,5.532411
7735,soldier,static_B_2020.02.27_18.39.27.csv,419,278.2535,100.00,80.40,0.0500,5.116825
7736,longdress,driving_B_2020.02.13_15.02.01.csv,770,89.8665,0.00,-24.63,0.0500,5.670989
7737,loot,driving_B_2020.02.13_15.02.01.csv,2630,285.9012,96.00,91.49,0.0500,5.478782
7738,redandblack,driving_B_2020.02.14_07.29.00.csv,1890,-39.3027,0.00,-305.96,0.0500,5.224158
7739,soldier,driving_B_2019.12.17_07.32.39.csv,1006,45.0711,1.42,-40.24,0.0500,5.728026
7740,longdress,static_B_2020.02.13_13.57.29.csv,845,71.1596,0.00,-74.63,0.0500,5.377170
7741,loot,static_B_2019.12.16_13.40.04.csv,237,225.6479,75.05,59.77,0.0500,5.241351
7742,redandblack,driving_B_2020.02.13_15.02.01.csv,2210,249.9640,92.00,77.97,0.0500,5.156246
7743,soldier,static_B_2020.02.27_18.39.27.csv,719,191.9761,40.99,41.17,0.0500,5.705930
7744,longdress,driving_B_2020.01.16_07.26.43.csv,513,61.8143,0.00,-68.21,0.0500,5.672268
7745,loot,driving_B_2020.02.13_15.02.01.csv,2510,111.4991,0.00,-45.85,0.0500,5.556755
7746,redandblack,driving_B_2020.02.14_09.38.22.csv,364,34.0707,0.00,-99.71,0.0500,5.442066
7747,soldier,driving_B_2020.02.13_15.02.01.csv,2030,236.3297,61.44,56.69,0.0500,5.634365
7748,longdress,static_B_2020.02.27_18.39.27.csv,3419,270.1399,100.00,84.33,0.0500,5.553925
7749,loot,driving_B_2019.12.16_14.23.32.csv,1272,272.7666,100.00,83.18,0.0500,5.144646
7750,redandblack,driving_B_2020.02.13_15.02.01.csv,1910,208.7480,63.37,51.76,0.0500,4.944973
7751,soldier,driving_B_2020.02.13_13.03.24.csv,859,61.0325,0.00,-80.69,0.0500,5.443536
7752,longdress,driving_B_2020.02.27_17.30.15.csv,609,69.3828,11.52,-31.79,0.0500,5.339731
7753,loot,driving_B_2020.01.16_07.26.43.csv,1413,96.4805,0.00,-43.91,0.0500,4.874839
7754,redandblack,static_B_2020.02.27_18.39.27.csv,4499,218.2249,62.72,58.00,0.0500,5.556822
7755,soldier,driving_B_2019.12.16_11.49.59.csv,221,-0.2773,0.00,-149.85,0.0500,5.238897
7756,longdress,static_B_2020.02.27_18.39.27.csv,3239,264.6612,100.00,82.07,0.0500,5.601242
7757,loot,driving_B_2019.12.16_14.23.32.csv,372,198.4286,30.87,48.22,0.0500,5.200047
7758,redandblack,driving_B_2020.02.13_13.03.24.csv,739,50.1810,0.00,-66.05,0.0500,5.557584
7759,soldier,static_B_2020.02.27_18.39.27.csv,2099,206.4672,54.89,46.71,0.0500,5.276917
7760,longdress,driving_B_2019.12.17_07.32.39.csv,1606,198.1339,24.29,16.76,0.0500,5.273046
7761,loot,driving_B_2020.02.13_15.02.01.csv,230,209.6148,67.88,49.47,0.0500,5.822480
7762,redandblack,driving_B_2019.12.16_12.27.05.csv,630,39.1648,0.00,-114.09,0.0500,5.424080
7763,soldier,static_B_2020.02.27_18.39.27.csv,4259,281.3353,100.00,88.77,0.0500,5.475675
7764,longdress,driving_B_2020.02.14_07.29.00.csv,270,142.3191,0.00,-8.99,0.0500,5.437299
7765,loot,static_B_2020.02.27_18.39.27.csv,4859,272.5658,100.00,85.30,0.0500,5.722954
7766,redandblack,driving_B_2020.02.27_17.30.15.csv,309,22.4898,0.00,-161.81,0.0500,5.533431
7767,soldier,static_B_2020.02.13_13.57.29.csv,1325,148.8982,36.01,21.25,0.0500,5.458480
7768,longdress,driving_B_2019.12.16_14.23.32.csv,1692,60.9290,0.00,-74.51,0.0500,5.393943
7769,loot,static_B_2020.02.27_18.39.27.csv,2999,253.3663,83.52,76.87,0.0500,5.380751
7770,redandblack,driving_B_2019.12.17_07.32.39.csv,1726,19.1575,0.00,-74.33,0.0500,4.756408
7771,soldier,static_B_2020.02.13_13.57.29.csv,2945,239.3340,80.86,67.89,0.0500,5.524946
7772,longdress,static_B_2020.02.27_18.39.27.csv,2759,277.8151,100.00,86.98,0.0500,5.434451
7773,loot,driving_B_2020.01.16_07.26.43.csv,753,192.1613,34.72,42.59,0.0500,5.426735
7774,redandblack,driving_B_2019.12.16_14.23.32.csv,2412,127.3060,5.40,2.02,0.0500,5.860795
7775,soldier,driving_B_2020.02.27_17.30.15.csv,129,32.3347,0.00,-86.91,0.0500,5.771972
7776,longdress,driving_B_2020.02.13_15.02.01.csv,1010,263.8357,100.00,80.16,0.0500,5.021226
7777,loot,driving_B_2020.02.14_07.29.00.csv,1710,288.1326,100.00,92.77,0.0500,5.025057
7778,redandblack,driving_B_2020.02.13_15.02.01.csv,1670,126.0472,0.00,-37.93,0.0500,5.157671
7779,soldier,driving_B_2020.01.16_07.26.43.csv,213,70.0362,0.00,-35.23,0.0500,5.438812
7780,longdress,static_B_2020.02.13_13.57.29.csv,1685,161.5580,28.12,31.81,0.0500,5.375061
7781,loot,static_B_2020.02.13_13.57.29.csv,2765,185.1854,69.03,41.59,0.0500,5.959379
7782,redandblack,driving_B_2020.02.13_15.02.01.csv,950,108.9143,0.00,-25.18,0.0500,5.263814
7783,soldier,driving_B_2020.02.14_09.38.22.csv,664,187.9029,15.61,26.25,0.0500,5.623798
7784,longdress,driving_B_2019.12.16_12.27.05.csv,330,100.9326,56.26,0.59,0.0500,5.521969
7785,redandblack,driving_B_2020.01.16_09.56.56.csv,550,208.0320,60.17,54.44,0.0500,4.872568
7786,soldier,driving_B_2019.12.16_14.23.32.csv,2612,131.2808,0.00,8.35,0.0500,5.552138
7787,longdress,driving_B_2020.02.13_15.02.01.csv,830,67.1264,0.00,-89.12,0.0500,5.033265
7788,loot,static_B_2020.02.27_18.39.27.csv,4717,236.2757,84.32,58.90,0.0500,5.688865
7789,redandblack,static_B_2019.12.16_13.40.04.csv,770,244.4649,84.89,72.43,0.0500,5.077910
7790,soldier,static_B_2020.02.13_13.57.29.csv,519,159.6135,0.00,13.36,0.0500,5.158195
7791,longdress,driving_B_2020.01.16_07.26.43.csv,1159,95.4339,0.00,-20.14,0.0500,5.415924
7792,loot,driving_B_2019.12.17_07.32.39.csv,2217,220.4319,51.93,49.50,0.0500,5.202672
7793,redandblack,driving_B_2020.02.14_07.29.00.csv,475,111.8585,0.00,2.01,0.0500,5.626355
7794,soldier,static_B_2020.02.13_13.57.29.csv,2199,106.2592,0.00,-5.44,0.0500,5.762407
7795,longdress,driving_B_2020.02.14_07.29.00.csv,1915,29.9507,0.00,-183.24,0.0500,5.729689
7796,loot,driving_B_2020.02.13_13.03.24.csv,1462,201.4149,3.67,20.13,0.0500,5.640543
7797,redandblack,driving_B_2020.01.16_09.56.56.csv,1450,265.2610,83.91,83.52,0.0500,5.595327
7798,soldier,static_B_2020.02.27_18.39.27.csv,217,246.8280,82.44,73.03,0.0500,5.991349
7799,longdress,static_B_2020.02.27_18.39.27.csv,1417,239.7584,82.41,68.28,0.0500,5.040931
7800,loot,static_B_2020.02.27_18.39.27.csv,5557,151.9947,10.00,39.98,0.0500,5.219974
7801,redandblack,driving_B_2019.12.16_11.49.59.csv,89,182.1032,12.15,38.83,0.0500,5.668235
7802,soldier,static_B_2020.02.13_13.57.29.csv,1839,249.5189,82.10,72.44,0.0500,5.116201
7803,longdress,driving_B_2019.12.16_12.27.05.csv,1152,149.6339,0.00,14.30,0.0500,5.882840
7804,loot,driving_B_2020.02.14_09.38.22.csv,1478,107.4083,0.00,-13.22,0.0500,5.244779
7805,redandblack,driving_B_2019.12.17_07.32.39.csv,1317,258.8208,70.00,82.33,0.0500,5.846726
7806,soldier,static_B_2020.02.13_13.57.29.csv,1179,252.0469,76.92,73.16,0.0500,5.099795
7807,longdress,static_B_2020.02.13_13.57.29.csv,579,224.8737,58.86,53.66,0.0500,5.360738
7808,loot,static_B_2020.02.27_18.39.27.csv,2077,254.3527,87.01,77.12,0.0500,5.364328
7809,redandblack,static_B_2020.02.27_18.39.27.csv,5017,268.4884,100.00,86.51,0.0500,5.177646
7810,soldier,driving_B_2020.02.13_15.02.01.csv,710,91.8443,0.00,-14.18,0.0500,5.613556
7811,longdress,driving_B_2019.12.17_07.32.39.csv,297,165.9109,53.58,31.13,0.0500,6.175652
7812,loot,static_B_2020.02.27_18.39.27.csv,337,270.4539,100.00,84.66,0.0500,5.483788
7813,redandblack,static_B_2020.02.13_13.57.29.csv,1239,271.7236,88.00,86.29,0.0500,5.321936
7814,soldier,driving_B_2020.02.13_15.02.01.csv,470,239.2056,100.00,65.91,0.0500,5.667881
7815,longdress,static_B_2019.12.16_13.40.04.csv,710,144.5774,38.00,32.61,0.0500,5.199497
7816,loot,driving_B_2020.02.13_13.03.24.csv,1582,18.0774,0.00,-103.21,0.0500,5.414346
7817,redandblack,driving_B_2020.02.13_15.02.01.csv,1370,61.8174,0.00,-58.03,0.0500,5.442485
7818,soldier,static_B_2020.02.27_18.39.27.csv,4057,279.1781,100.00,87.99,0.0500,5.337081
7819,longdress,static_B_2020.02.13_13.57.29.csv,2559,255.1133,90.00,78.01,0.0500,5.099930
7820,loot,driving_B_2020.01.16_07.26.43.csv,799,143.1265,0.00,15.59,0.0500,5.486072
7821,redandblack,driving_B_2020.02.14_09.38.22.csv,907,277.5834,100.00,85.99,0.0500,5.651520
7822,soldier,static_B_2019.12.16_13.40.04.csv,230,152.4707,0.00,4.05,0.0500,5.224649
7823,longdress,driving_B_2020.01.16_07.26.43.csv,1770,-28.6286,0.00,-409.36,0.0500,4.864266
7824,loot,driving_B_2019.12.16_14.23.32.csv,512,203.4638,23.28,34.81,0.0500,5.652265
7825,redandblack,driving_B_2019.12.17_07.32.39.csv,1857,66.8133,0.00,-58.07,0.0500,5.427550
7826,soldier,driving_B_2020.02.14_09.38.22.csv,847,243.8392,62.00,72.75,0.0500,5.453078
7827,longdress,static_B_2020.02.13_13.57.29.csv,2945,196.0912,64.71,47.99,0.0500,6.156597
7828,loot,static_B_2020.02.27_18.39.27.csv,2137,234.6452,61.22,63.60,0.0500,5.651983
7829,redandblack,static_B_2020.02.27_18.39.27.csv,5257,256.5340,64.00,80.29,0.0500,5.391998
7830,soldier,driving_B_2019.12.16_14.23.32.csv,2012,282.4001,100.00,88.38,0.0500,5.038020
7831,longdress,driving_B_2020.02.14_07.29.00.csv,595,41.7383,0.00,-105.85,0.0500,5.378731
7832,loot,driving_B_2019.12.16_14.23.32.csv,2072,218.2155,0.00,-25.13,0.0500,5.679091
7833,redandblack,driving_B_2020.02.14_09.38.22.csv,1267,238.6179,50.65,44.27,0.0500,5.733068
7834,soldier,static_B_2020.02.27_18.39.27.csv,1237,264.1995,86.00,81.88,0.0500,5.583235
7835,longdress,driving_B_2020.02.27_17.30.15.csv,314,-54.9092,0.00,-1010.60,0.0500,5.565470
7836,loot,static_B_2020.02.27_18.39.27.csv,157,224.2977,12.00,67.55,0.0500,5.541000
7837,redandblack,driving_B_2019.12.16_14.23.32.csv,1532,168.5007,37.48,25.90,0.0500,5.648035
7838,soldier,driving_B_2019.12.16_14.23.32.csv,992,85.0498,0.00,-58.78,0.0500,5.557039
7839,longdress,static_B_2020.02.27_18.39.27.csv,2377,219.8509,100.00,29.40,0.0500,5.148231
7840,loot,static_B_2020.02.14_13.21.26.csv,717,281.9054,100.00,89.66,0.0500,5.364829
7841,redandblack,static_B_2020.02.27_18.39.27.csv,5617,268.3404,94.00,83.55,0.0500,4.936086
7842,soldier,static_B_2020.02.13_13.57.29.csv,1359,192.0869,31.40,31.02,0.0500,5.267540
7843,longdress,static_B_2020.02.13_13.57.29.csv,339,63.0701,7.76,-25.53,0.0500,5.869622
7844,loot,static_B_2020.02.27_18.39.27.csv,2497,259.6319,100.00,80.64,0.0500,4.852550
7845,redandblack,driving_B_2020.01.16_07.26.43.csv,1699,30.0230,0.00,-74.88,0.0500,5.443574
7846,soldier,driving_B_2019.12.17_07.32.39.csv,837,17.5376,0.00,-118.75,0.0500,5.138559
7847,longdress,static_B_2019.12.16_13.40.04.csv,1250,67.4433,0.00,-53.21,0.0500,5.151820
7848,loot,static_B_2020.02.13_13.57.29.csv,39,211.7924,29.67,42.64,0.0500,5.772463
7849,redandblack,driving_B_2020.01.16_07.26.43.csv,439,35.9405,0.00,-178.31,0.0500,5.439671
7850,soldier,static_B_2020.02.27_18.39.27.csv,5137,281.3342,100.00,88.15,0.0500,5.011357
7851,longdress,driving_B_2020.02.14_07.29.00.csv,175,75.8462,5.20,-23.76,0.0500,5.575614
7852,loot,driving_B_2019.12.17_07.32.39.csv,657,16.2477,0.00,-86.33,0.0500,5.384411
7853,redandblack,driving_B_2020.02.14_09.38.22.csv,787,85.9444,0.00,-180.12,0.0500,5.657631
7854,soldier,static_B_2020.02.13_13.57.29.csv,2439,82.5070,0.00,-237.56,0.0500,5.112802
7855,longdress,driving_B_2020.02.13_15.02.01.csv,1010,262.5346,86.00,79.46,0.0500,5.372941
7856,loot,driving_B_2019.12.16_12.27.05.csv,161,68.4673,0.00,-47.96,0.0500,5.225903
7857,redandblack,driving_B_2020.02.14_12.58.17.csv,424,-7.9380,0.00,-510.07,0.0500,5.843793
7858,soldier,driving_B_2020.02.14_12.58.17.csv,244,-112.8488,0.00,-1076.80,0.0500,5.561981
7859,longdress,driving_B_2019.12.16_14.23.32.csv,452,258.0426,77.20,75.51,0.0500,5.165759
7860,loot,driving_B_2019.12.17_07.32.39.csv,957,18.8872,0.00,-189.39,0.0500,6.010964
7861,redandblack,driving_B_2020.01.16_07.26.43.csv,619,33.4556,0.00,-66.36,0.0500,5.660277
7862,soldier,static_B_2020.02.27_18.39.27.csv,757,289.4789,100.00,91.66,0.0500,5.662885
7863,longdress,driving_B_2020.02.13_15.02.01.csv,1730,255.9213,76.03,72.58,0.0500,5.300221
7864,loot,driving_B_2019.12.16_14.23.32.csv,2616,171.5876,14.97,18.83,0.0500,5.808324
7865,redandblack,static_B_2020.02.27_18.39.27.csv,5437,189.0495,0.00,14.92,0.0500,5.415990
7866,soldier,static_B_2020.02.27_18.39.27.csv,3697,265.8616,74.00,83.27,0.0500,5.592932
7867,longdress,driving_B_2020.02.13_15.02.01.csv,770,116.8449,0.00,-37.60,0.0500,5.201754
7868,loot,static_B_2020.02.27_18.39.27.csv,37,267.5750,74.00,84.63,0.0500,5.823372
7869,redandblack,driving_B_2020.02.14_09.38.22.csv,1447,82.2526,0.00,-22.55,0.0500,5.321022
7870,soldier,static_B_2020.02.27_18.39.27.csv,4417,247.5934,100.00,68.08,0.0500,5.206936
7871,longdress,static_B_2020.02.27_18.39.27.csv,2977,230.6664,73.06,53.87,0.0500,5.445961
7872,loot,static_B_2020.02.27_18.39.27.csv,277,257.0695,100.00,76.18,0.0500,5.751438
7873,redandblack,static_B_2020.02.13_13.57.29.csv,2019,273.0084,85.82,83.86,0.0500,5.754538
7874,soldier,driving_B_2020.02.13_15.02.01.csv,1550,48.7621,0.00,-629.64,0.0500,5.623352
7875,longdress,static_B_2020.02.13_13.57.29.csv,2319,148.9285,48.28,16.39,0.0500,5.553337
7876,loot,driving_B_2020.02.27_17.30.15.csv,720,-25.6150,0.00,-331.68,0.0500,5.790266
7877,redandblack,driving_B_2019.12.16_14.23.32.csv,1652,265.5117,100.00,82.42,0.0500,5.356736
7878,soldier,driving_B_2020.02.13_13.03.24.csv,1702,214.9113,53.86,48.76,0.0500,4.832872
7879,longdress,driving_B_2020.02.27_17.30.15.csv,674,-44.6020,0.00,-1445.70,0.0500,4.307600
7880,loot,driving_B_2020.01.16_12.10.03.csv,83,233.4167,24.00,73.31,0.0500,5.659684
7881,redandblack,driving_B_2019.12.17_07.32.39.csv,1737,19.8990,0.00,-114.37,0.0500,5.108755
7882,soldier,static_B_2020.02.27_18.39.27.csv,2437,255.9032,66.00,79.30,0.0500,5.178459
7883,longdress,static_B_2019.12.16_13.40.04.csv,350,73.3059,0.00,-27.46,0.0500,5.317675
7884,loot,driving_B_2020.02.13_15.02.01.csv,170,273.8420,100.00,83.45,0.0500,5.373811
7885,redandblack,driving_B_2020.02.13_13.03.24.csv,2188,-45.4490,0.00,-236.17,0.0500,4.788292
7886,soldier,driving_B_2019.12.17_07.32.39.csv,357,236.8700,77.64,56.08,0.0500,5.239593
7887,longdress,static_B_2020.02.13_13.57.29.csv,279,119.3735,0.00,-5.62,0.0500,5.325708
7888,loot,static_B_2020.02.27_18.39.27.csv,3097,113.4642,0.00,-16.73,0.0500,5.689360
7889,redandblack,driving_B_2019.12.17_07.32.39.csv,57,41.5017,0.00,-54.19,0.0500,5.444676
7890,soldier,static_B_2020.02.27_18.39.27.csv,1357,275.2898,100.00,85.48,0.0500,5.423411
7891,longdress,driving_B_2020.01.16_12.10.03.csv,244,249.8865,86.50,76.18,0.0500,4.818296
7892,loot,driving_B_2020.02.14_09.38.22.csv,1027,56.3616,0.00,-88.07,0.0500,5.613737
7893,redandblack,driving_B_2019.12.16_14.23.32.csv,392,270.3587,100.00,82.29,0.0500,5.176102
7894,soldier,driving_B_2019.12.17_07.32.39.csv,897,2.1645,0.00,-324.10,0.0500,5.584382
7895,longdress,driving_B_2020.01.16_07.26.43.csv,559,21.2948,0.00,-207.66,0.0500,5.079410
7896,loot,driving_B_2020.02.14_12.58.17.csv,784,-0.2406,0.00,-368.03,0.0500,6.180910
7897,redandblack,static_B_2020.02.27_18.39.27.csv,1957,219.2520,22.02,46.49,0.0500,5.603611
7898,soldier,driving_B_2020.01.16_07.26.43.csv,259,117.3602,0.00,-6.02,0.0500,5.208724
7899,longdress,static_B_2020.02.13_13.57.29.csv,2379,163.5609,4.18,16.39,0.0500,6.373773
7900,loot,driving_B_2019.12.16_11.49.59.csv,149,62.7481,0.00,-105.84,0.0500,6.417938
7901,redandblack,driving_B_2019.12.16_14.23.32.csv,212,274.5137,96.00,86.99,0.0500,5.340369
7902,soldier,driving_B_2020.02.13_15.02.01.csv,290,263.0614,80.16,79.97,0.0500,5.937114
7903,longdress,driving_B_2019.12.16_14.23.32.csv,272,257.9146,76.05,72.98,0.0500,5.693517
7904,loot,driving_B_2020.01.16_07.26.43.csv,1219,177.4087,68.82,44.67,0.0500,5.435429
7905,redandblack,static_B_2020.02.14_13.21.26.csv,177,228.2671,58.35,63.08,0.0500,6.362906
7906,soldier,driving_B_2020.01.16_09.56.56.csv,1570,176.2677,72.94,40.47,0.0500,5.977116
7907,longdress,driving_B_2020.02.13_13.03.24.csv,1822,-69.8719,0.00,-684.37,0.0500,5.482425
7908,loot,static_B_2020.02.14_13.21.26.csv,357,226.7134,36.22,54.48,0.0500,5.601909
7909,redandblack,static_B_2020.02.27_18.39.27.csv,4237,201.2202,59.37,43.46,0.0500,5.455481
7910,soldier,static_B_2020.02.27_18.39.27.csv,2617,257.3143,80.71,71.09,0.0500,5.339326
7911,longdress,driving_B_2020.02.13_13.03.24.csv,2182,81.4551,0.00,-203.37,0.0500,5.471639
7912,loot,driving_B_2019.12.16_14.23.32.csv,2252,80.2595,0.00,-180.49,0.0500,5.166085
7913,redandblack,driving_B_2019.12.16_14.23.32.csv,1952,196.6518,5.80,24.42,0.0500,5.563395
7914,soldier,driving_B_2020.02.13_15.02.01.csv,1070,168.1443,64.81,44.38,0.0500,5.410862
7915,longdress,driving_B_2020.01.16_07.26.43.csv,1039,101.0469,0.00,-10.13,0.0500,5.681037
7916,loot,static_B_2020.02.27_18.39.27.csv,697,291.1536,100.00,93.42,0.0500,5.550418
7917,redandblack,static_B_2020.02.13_13.57.29.csv,1959,151.3095,0.00,23.62,0.0500,5.729958
7918,soldier,driving_B_2019.12.16_14.23.32.csv,2616,174.9468,0.00,14.73,0.0500,5.603258
7919,longdress,driving_B_2020.02.13_15.02.01.csv,1310,23.3183,0.00,-270.81,0.0500,5.540059
7920,loot,static_B_2020.02.27_18.39.27.csv,3937,244.6232,60.00,75.31,0.0500,5.615602
7921,redandblack,static_B_2019.12.16_13.40.04.csv,1190,180.8005,46.07,14.20,0.0500,5.587457
7922,soldier,driving_B_2020.02.13_15.02.01.csv,1130,96.1104,0.00,-23.59,0.0500,5.154846
7923,longdress,driving_B_2020.02.14_07.29.00.csv,1555,134.1193,0.00,-80.83,0.0500,5.737414
7924,loot,driving_B_2020.02.13_15.02.01.csv,2390,28.1453,0.00,-220.40,0.0500,5.706481
7925,redandblack,static_B_2020.02.13_13.57.29.csv,1479,188.4614,52.31,45.93,0.0500,5.736010
7926,soldier,driving_B_2019.12.16_12.27.05.csv,701,249.5548,69.46,64.94,0.0500,5.857477
7927,longdress,static_B_2019.12.16_13.40.04.csv,1904,237.4236,100.00,51.25,0.0500,5.084372
7928,loot,driving_B_2020.02.14_09.38.22.csv,7,67.6368,0.00,-97.69,0.0500,5.193912
7929,redandblack,driving_B_2019.12.16_14.23.32.csv,632,164.3084,6.00,43.34,0.0500,5.367929
7930,soldier,static_B_2020.02.13_13.57.29.csv,1419,240.6205,71.63,59.21,0.0500,6.260037
7931,longdress,static_B_2020.02.14_13.21.26.csv,777,264.9743,80.82,81.18,0.0500,5.825267
7932,loot,driving_B_2020.02.13_13.03.24.csv,1342,108.8494,0.00,-12.10,0.0500,5.118475
7933,redandblack,driving_B_2019.12.16_12.27.05.csv,341,136.4647,0.00,-0.05,0.0500,5.244144
7934,soldier,driving_B_2020.02.14_09.38.22.csv,67,68.8039,0.00,-32.27,0.0500,4.951089
7935,longdress,static_B_2020.02.13_13.57.29.csv,2945,214.3841,38.94,48.72,0.0500,5.227855
7936,loot,static_B_2020.02.27_18.39.27.csv,2557,257.1401,71.33,73.63,0.0500,6.742958
7937,redandblack,static_B_2020.02.27_18.39.27.csv,457,254.5768,82.31,72.49,0.0500,5.915464
7938,soldier,driving_B_2020.01.16_09.56.56.csv,10,173.6819,64.97,42.50,0.0500,5.918890
7939,longdress,driving_B_2019.12.16_14.23.32.csv,1832,70.3359,1.91,-45.70,0.0500,5.621851
7940,loot,static_B_2020.02.14_13.21.26.csv,297,205.7856,2.00,61.84,0.0500,5.618262
7941,redandblack,driving_B_2019.12.16_12.27.05.csv,401,-7.6730,0.00,-139.27,0.0500,5.672594
7942,soldier,driving_B_2020.02.13_13.03.24.csv,382,112.2347,16.90,2.84,0.0500,5.752410
7943,longdress,driving_B_2019.12.16_11.49.59.csv,277,73.3234,13.60,-37.42,0.0500,5.670936
7944,loot,static_B_2020.02.27_18.39.27.csv,517,160.2263,0.00,15.54,0.0500,5.693140
7945,redandblack,driving_B_2020.02.13_15.02.01.csv,530,121.5930,0.00,-10.94,0.0500,5.164598
7946,soldier,driving_B_2020.01.16_09.56.56.csv,190,205.1172,56.00,49.48,0.0500,5.171290
7947,longdress,driving_B_2020.02.27_17.30.15.csv,720,-27.4863,0.00,-1342.76,0.0500,5.269331
7948,loot,static_B_2020.02.27_18.39.27.csv,3217,159.8217,0.00,26.37,0.0500,5.261975
7949,redandblack,driving_B_2020.02.14_07.29.00.csv,1615,274.4605,100.00,86.25,0.0500,5.648884
7950,soldier,static_B_2020.02.27_18.39.27.csv,5742,284.0854,100.00,88.70,0.0500,5.871953
7951,longdress,driving_B_2019.12.16_14.23.32.csv,32,237.2797,67.02,60.82,0.0500,4.578592
7952,loot,driving_B_2020.02.14_07.29.00.csv,1495,147.8571,0.00,21.96,0.0500,5.560074
7953,redandblack,driving_B_2020.02.13_15.02.01.csv,2090,209.5470,32.17,18.82,0.0500,5.573261
7954,soldier,static_B_2019.12.16_13.40.04.csv,650,227.9091,52.96,55.73,0.0500,5.200759
7955,longdress,driving_B_2020.01.16_09.56.56.csv,1510,240.7728,67.82,63.99,0.0500,4.724135
7956,loot,static_B_2020.02.14_13.21.26.csv,657,289.1810,100.00,93.13,0.0500,5.655532
7957,redandblack,driving_B_2020.02.13_15.02.01.csv,1250,126.4252,0.00,-23.00,0.0500,5.213314
7958,soldier,static_B_2020.02.27_18.39.27.csv,877,192.0257,1.09,32.76,0.0500,5.417809
7959,longdress,driving_B_2020.02.14_07.29.00.csv,835,147.8444,0.00,-6.13,0.0500,5.869035
7960,loot,driving_B_2019.12.16_14.23.32.csv,1472,241.8543,67.01,67.61,0.0500,5.289796
7961,redandblack,driving_B_2019.12.16_14.23.32.csv,1412,272.6072,100.00,86.14,0.0500,5.239623
7962,soldier,driving_B_2020.02.14_07.29.00.csv,295,284.5880,100.00,88.89,0.0500,5.496462
7963,longdress,static_B_2020.02.27_18.39.27.csv,637,284.2045,100.00,90.39,0.0500,5.557674
7964,loot,driving_B_2019.12.17_07.32.39.csv,2288,215.7568,44.09,57.46,0.0500,5.595991
7965,redandblack,driving_B_2020.02.13_13.03.24.csv,1102,78.4616,0.00,-18.55,0.0500,5.875893
7966,soldier,driving_B_2020.01.16_07.26.43.csv,1399,90.2918,40.60,5.13,0.0500,5.496537
7967,longdress,driving_B_2020.01.16_09.56.56.csv,790,152.2633,24.41,21.83,0.0500,5.714851
7968,loot,driving_B_2019.12.16_14.23.32.csv,572,257.1348,75.02,70.44,0.0500,5.529175
7969,redandblack,driving_B_2020.02.14_07.29.00.csv,655,163.2790,25.52,30.28,0.0500,5.258938
7970,soldier,driving_B_2020.02.13_15.02.01.csv,230,182.0991,20.93,32.45,0.0500,5.144913
7971,longdress,static_B_2020.02.13_13.57.29.csv,2619,269.6737,84.00,84.78,0.0500,5.299599
7972,loot,driving_B_2020.02.14_09.38.22.csv,967,276.2271,88.00,87.93,0.0500,5.538493
7973,redandblack,driving_B_2020.01.16_09.56.56.csv,310,108.4517,0.00,-13.52,0.0500,5.502121
7974,soldier,static_B_2019.12.16_13.40.04.csv,1490,280.3121,100.00,87.99,0.0500,6.302513
7975,longdress,driving_B_2020.02.13_13.03.24.csv,1642,149.2964,0.00,-51.99,0.0500,5.653884
7976,loot,static_B_2019.12.16_13.40.04.csv,1010,158.7156,14.30,33.10,0.0500,5.178163
7977,redandblack,driving_B_2020.01.16_07.26.43.csv,1579,68.0443,0.00,-195.67,0.0500,6.052188
7978,soldier,driving_B_2020.02.13_13.03.24.csv,1282,41.7107,0.00,-108.51,0.0500,5.560450
7979,longdress,driving_B_2020.01.16_09.56.56.csv,370,84.5423,36.39,-12.30,0.0500,5.857573
7980,loot,static_B_2020.02.13_13.57.29.csv,399,169.4363,15.82,29.85,0.0500,5.605103
7981,redandblack,driving_B_2020.02.14_09.38.22.csv,247,-4.6617,0.00,-397.04,0.0500,5.740629
7982,soldier,static_B_2020.02.27_18.39.27.csv,2317,208.1344,53.01,39.85,0.0500,5.430908
7983,longdress,driving_B_2020.02.13_13.03.24.csv,2002,87.2030,83.78,4.02,0.0500,5.375643
7984,loot,driving_B_2020.02.13_15.02.01.csv,410,217.3112,58.34,63.85,0.0500,5.842696
7985,redandblack,driving_B_2020.02.13_13.03.24.csv,22,90.0367,0.00,-63.11,0.0500,5.815690
7986,soldier,driving_B_2019.12.16_14.23.32.csv,692,280.3485,100.00,87.10,0.0500,5.397715
7987,longdress,driving_B_2020.01.16_09.56.56.csv,1210,64.3860,0.00,-50.48,0.0500,5.411033
7988,loot,static_B_2020.02.27_18.39.27.csv,4117,274.2725,100.00,86.87,0.0500,5.644169
7989,redandblack,driving_B_2020.01.16_07.26.43.csv,859,79.8377,0.00,-101.67,0.0500,5.096086
7990,soldier,static_B_2020.02.27_18.39.27.csv,3157,120.3948,0.00,-312.03,0.0500,5.463624
7991,longdress,driving_B_2020.01.16_09.56.56.csv,430,69.5884,0.00,-145.37,0.0500,5.588688
7992,loot,static_B_2020.02.13_13.57.29.csv,1719,200.7329,34.09,44.88,0.0500,5.621996
7993,redandblack,driving_B_2020.02.13_15.02.01.csv,2690,19.4058,0.00,-127.86,0.0500,5.371682
7994,soldier,static_B_2020.02.13_13.57.29.csv,99,136.8038,0.00,9.89,0.0500,5.043646
7995,longdress,driving_B_2020.01.16_07.26.43.csv,19,55.8294,0.00,-47.47,0.0500,5.840214
7996,loot,static_B_2020.02.27_18.39.27.csv,4537,191.3683,56.13,45.62,0.0500,5.329173
7997,redandblack,static_B_2020.02.13_13.57.29.csv,759,84.0423,0.00,-22.82,0.0500,5.519159
7998,soldier,static_B_2019.12.16_13.40.04.csv,1850,107.0788,0.00,-299.21,0.0500,5.688853
7999,longdress,static_B_2020.02.13_13.57.29.csv,2739,87.9456,0.00,-20.13,0.0500,5.389479
8000,loot,driving_B_2020.02.13_15.02.01.csv,1610,-24.0337,0.00,-196.49,0.0500,5.912246
8001,redandblack,static_B_2020.02.27_18.39.27.csv,5497,273.8655,100.00,86.51,0.0500,5.112772
8002,soldier,static_B_2019.12.16_13.40.04.csv,530,264.4912,75.83,74.93,0.0500,5.218406
8003,longdress,static_B_2020.02.27_18.39.27.csv,3877,219.1483,28.53,37.33,0.0500,5.861006
8004,loot,driving_B_2019.12.16_12.27.05.csv,521,43.8398,0.00,-167.56,0.0500,5.422965
8005,redandblack,static_B_2020.02.27_18.39.27.csv,2737,253.1416,100.00,78.55,0.0500,5.798560
8006,soldier,driving_B_2020.02.14_09.38.22.csv,1087,48.4196,0.00,-139.78,0.0500,5.308113
8007,longdress,driving_B_2020.02.14_07.29.00.csv,55,145.3416,12.84,15.07,0.0500,6.111229
8008,loot,driving_B_2020.01.16_09.56.56.csv,910,76.2626,0.00,-98.19,0.0500,5.619417
8009,redandblack,static_B_2019.12.16_13.40.04.csv,170,270.3465,100.00,79.83,0.0500,5.359181
8010,soldier,driving_B_2019.12.16_12.27.05.csv,41,30.6815,0.00,-96.45,0.0500,5.972916
8011,longdress,static_B_2020.02.27_18.39.27.csv,997,232.9330,86.46,60.91,0.0500,5.278934
8012,loot,driving_B_2020.01.16_09.56.56.csv,730,211.2645,59.65,51.14,0.0500,5.540547
8013,redandblack,driving_B_2020.01.16_09.56.56.csv,670,91.9158,0.00,-79.29,0.0500,5.773730
8014,soldier,driving_B_2020.02.14_12.58.17.csv,724,-25.4824,0.00,-494.64,0.0500,5.073174
8015,longdress,driving_B_2019.12.16_14.23.32.csv,1052,142.9912,0.00,-123.73,0.0500,5.361562
8016,loot,driving_B_2020.02.27_17.30.15.csv,614,-2.3710,0.00,-323.22,0.0500,5.777296
8017,redandblack,static_B_2019.12.16_13.40.04.csv,1790,244.1176,78.02,67.09,0.0500,5.051881
8018,soldier,driving_B_2020.02.14_07.29.00.csv,1675,260.8515,100.00,71.63,0.0500,5.964538
8019,longdress,static_B_2020.02.13_13.57.29.csv,2079,255.4213,84.00,79.01,0.0500,6.249557
8020,loot,driving_B_2020.02.13_15.02.01.csv,2754,63.2668,0.00,-76.31,0.0500,6.346952
8021,redandblack,driving_B_2020.02.13_15.02.01.csv,2754,59.0495,0.00,-68.38,0.0500,5.499089
8022,soldier,driving_B_2019.12.17_07.32.39.csv,237,-8.7280,0.00,-98.66,0.0500,5.923646
8023,longdress,static_B_2020.02.27_18.39.27.csv,4477,165.2264,39.43,25.63,0.0500,5.524948
8024,loot,static_B_2020.02.27_18.39.27.csv,3817,195.8719,23.07,30.19,0.0500,5.501194
8025,redandblack,driving_B_2020.02.14_09.38.22.csv,1207,30.0761,0.00,-106.21,0.0500,5.408038
8026,soldier,driving_B_2020.02.27_17.30.15.csv,14,-38.9276,0.00,-727.57,0.0500,6.077785
8027,longdress,static_B_2020.02.27_18.39.27.csv,1057,225.9551,66.85,59.89,0.0500,5.511259
8028,loot,static_B_2020.02.27_18.39.27.csv,4897,175.0476,9.38,14.78,0.0500,5.835292
8029,redandblack,static_B_2019.12.16_13.40.04.csv,1550,205.4105,33.90,46.14,0.0500,5.871809
8030,soldier,static_B_2019.12.16_13.40.04.csv,830,281.9295,100.00,80.94,0.0500,5.181304
8031,longdress,driving_B_2020.02.14_12.58.17.csv,4,57.3802,0.00,-83.94,0.0500,5.271510
8032,loot,driving_B_2019.12.16_14.23.32.csv,1292,253.3472,81.56,69.55,0.0500,5.839066
8033,redandblack,static_B_2020.02.14_13.21.26.csv,117,248.4180,74.00,77.69,0.0500,5.364444
8034,soldier,static_B_2019.12.16_13.40.04.csv,1730,252.7791,81.01,74.22,0.0500,5.633972
8035,longdress,static_B_2020.02.27_18.39.27.csv,3037,224.7882,100.00,61.29,0.0500,5.812655
8036,loot,driving_B_2020.02.14_09.38.22.csv,1387,41.1323,0.00,-53.37,0.0500,5.452045
8037,redandblack,driving_B_2019.12.17_07.32.39.csv,1137,51.5185,0.00,-46.46,0.0500,5.607858
8038,soldier,static_B_2020.02.27_18.39.27.csv,1177,190.2304,0.00,-169.76,0.0500,5.830720
8039,longdress,driving_B_2019.12.16_14.23.32.csv,752,184.0336,53.47,35.41,0.0500,5.434926
8040,loot,driving_B_2020.02.14_07.29.00.csv,235,118.9119,0.00,-7.13,0.0500,5.389274
8041,redandblack,driving_B_2020.02.13_15.02.01.csv,350,261.5630,84.00,81.55,0.0500,5.600062
8042,soldier,driving_B_2020.02.13_13.03.24.csv,562,28.9829,0.00,-101.45,0.0500,5.730311
8043,longdress,driving_B_2019.12.17_07.32.39.csv,1797,8.0906,0.00,-271.43,0.0500,5.508534
8044,loot,driving_B_2020.02.14_12.58.17.csv,800,45.5370,0.00,-187.16,0.0500,5.714467
8045,redandblack,driving_B_2019.12.17_07.32.39.csv,2277,178.9178,40.83,45.27,0.0500,5.194262
8046,soldier,driving_B_2020.02.27_17.30.15.csv,494,-45.0581,0.00,-389.58,0.0500,5.803306
8047,longdress,static_B_2020.02.27_18.39.27.csv,3277,259.0817,100.00,79.40,0.0500,5.482059
8048,loot,driving_B_2019.12.16_14.23.32.csv,1172,177.8149,18.05,30.87,0.0500,5.053100
8049,redandblack,driving_B_2020.02.14_07.29.00.csv,415,85.4764,0.00,-106.55,0.0500,5.606535
8050,soldier,static_B_2020.02.13_13.57.29.csv,1779,243.0434,77.24,70.68,0.0500,5.656638
8051,longdress,driving_B_2020.02.13_15.02.01.csv,2570,281.3192,100.00,88.85,0.0500,5.663961
8052,loot,driving_B_2020.01.16_07.26.43.csv,139,58.9129,0.00,-195.76,0.0500,5.050487
8053,redandblack,driving_B_2020.01.16_09.56.56.csv,130,151.7704,0.00,-39.70,0.0500,5.749395
8054,soldier,driving_B_2020.02.13_15.02.01.csv,1430,61.0251,0.00,-33.84,0.0500,5.496142
8055,longdress,driving_B_2020.02.13_15.02.01.csv,2330,-8.8231,0.00,-588.10,0.0500,5.285529
8056,loot,driving_B_2019.12.16_12.27.05.csv,1121,219.9580,56.83,48.95,0.0500,5.303996
8057,redandblack,driving_B_2020.02.14_07.29.00.csv,115,135.4368,0.00,-14.89,0.0500,5.722936
8058,soldier,driving_B_2019.12.17_07.32.39.csv,717,141.3839,26.42,14.73,0.0500,5.302768
8059,longdress,driving_B_2020.02.14_12.58.17.csv,304,-56.2897,0.00,-899.90,0.0500,5.739115
8060,loot,driving_B_2020.02.14_07.29.00.csv,715,123.1321,0.00,-51.70,0.0500,6.128858
8061,redandblack,driving_B_2020.02.13_13.03.24.csv,1162,88.1340,0.00,-38.91,0.0500,5.692521
8062,soldier,driving_B_2020.01.16_09.56.56.csv,70,92.2399,0.00,-41.76,0.0500,6.401171
8063,longdress,driving_B_2020.01.16_09.56.56.csv,1030,94.1474,0.00,-66.63,0.0500,5.647776
8064,loot,driving_B_2020.02.14_09.38.22.csv,307,42.7577,0.00,-189.98,0.0500,6.014731
8065,redandblack,driving_B_2020.02.14_09.38.22.csv,127,52.3414,0.00,-128.76,0.0500,5.298577
8066,soldier,driving_B_2020.02.14_07.29.00.csv,1855,25.9759,0.00,-192.18,0.0500,5.767897
8067,longdress,driving_B_2020.02.13_13.03.24.csv,2062,-22.2661,0.00,-724.92,0.0500,5.208200
8068,loot,driving_B_2020.01.16_09.56.56.csv,1150,127.5554,0.00,-38.72,0.0500,5.624938
8069,redandblack,static_B_2019.12.16_13.40.04.csv,1904,187.0442,4.00,35.12,0.0500,5.776591
8070,soldier,static_B_2020.02.27_18.39.27.csv,2797,283.5560,100.00,90.17,0.0500,5.685291
8071,longdress,static_B_2020.02.27_18.39.27.csv,4357,203.4091,41.54,36.61,0.0500,5.531672
8072,loot,static_B_2020.02.13_13.57.29.csv,639,122.6442,0.00,-0.49,0.0500,5.802936
8073,redandblack,driving_B_2019.12.16_12.27.05.csv,281,65.7964,0.00,-97.17,0.0500,5.112169
8074,soldier,driving_B_2020.02.14_07.29.00.csv,1075,10.4788,0.00,-200.77,0.0500,5.367039
8075,longdress,driving_B_2019.12.17_07.32.39.csv,1197,153.8728,0.00,-19.03,0.0500,6.134500
8076,loot,static_B_2020.02.13_13.57.29.csv,999,95.6524,0.00,-71.29,0.0500,4.973501
8077,redandblack,driving_B_2020.01.16_09.56.56.csv,1090,76.3974,0.00,-66.66,0.0500,6.147159
8078,soldier,driving_B_2019.12.17_07.32.39.csv,597,90.3823,0.00,-55.45,0.0500,5.108316
8079,longdress,static_B_2020.02.27_18.39.27.csv,2197,254.8050,77.00,70.44,0.0500,5.227783
8080,loot,driving_B_2020.02.14_07.29.00.csv,895,191.0078,25.68,39.05,0.0500,5.316078
8081,redandblack,static_B_2020.02.27_18.39.27.csv,5077,262.5724,78.00,83.21,0.0500,5.977539
8082,soldier,driving_B_2020.01.16_09.56.56.csv,1390,197.5241,63.26,50.18,0.0500,5.238182
8083,longdress,static_B_2020.02.27_18.39.27.csv,1657,245.2310,74.05,59.93,0.0500,5.306931
8084,loot,static_B_2020.02.13_13.57.29.csv,1059,163.1430,15.20,26.90,0.0500,5.891473
8085,redandblack,driving_B_2020.02.13_15.02.01.csv,2030,229.4623,59.77,62.97,0.0500,5.513513
8086,soldier,driving_B_2020.02.14_12.58.17.csv,664,125.7740,51.81,20.23,0.0500,5.491563
8087,longdress,static_B_2019.12.16_13.40.04.csv,1130,39.0026,0.00,-101.43,0.0500,5.257050
8088,loot,static_B_2020.02.27_18.39.27.csv,3337,238.9019,71.96,66.10,0.0500,5.590348
8089,redandblack,driving_B_2020.02.13_13.03.24.csv,742,0.3790,0.00,-128.33,0.0500,5.964407
8090,soldier,driving_B_2020.02.13_15.02.01.csv,2270,-21.6208,0.00,-623.98,0.0500,5.715884
8091,longdress,static_B_2019.12.16_13.40.04.csv,1904,185.4602,34.00,34.22,0.0500,5.958114
8092,loot,driving_B_2020.02.14_09.38.22.csv,607,201.6573,42.52,58.84,0.0500,5.754196
8093,redandblack,driving_B_2020.01.16_07.26.43.csv,979,140.6922,0.00,-1.23,0.0500,5.641541
8094,soldier,static_B_2020.02.27_18.39.27.csv,3517,215.0106,38.19,46.35,0.0500,5.782286
8095,longdress,driving_B_2020.02.13_13.03.24.csv,1522,93.3713,0.00,-23.32,0.0500,5.643716
8096,loot,static_B_2020.02.14_13.21.26.csv,537,257.8816,100.00,73.47,0.0500,5.769985
8097,redandblack,driving_B_2020.02.13_13.03.24.csv,1762,177.6901,0.00,25.17,0.0500,5.599182
8098,soldier,driving_B_2019.12.16_11.49.59.csv,29,133.2054,28.62,-0.14,0.0500,5.639914
8099,longdress,driving_B_2019.12.17_07.32.39.csv,1017,102.7007,0.00,-30.15,0.0500,5.884387
8100,loot,driving_B_2020.01.16_07.26.43.csv,199,75.2516,0.00,-32.41,0.0500,5.790806
8101,redandblack,driving_B_2020.02.13_15.02.01.csv,2510,113.7256,0.00,-26.68,0.0500,5.815587
8102,soldier,driving_B_2020.02.14_07.29.00.csv,1015,54.8554,0.00,-76.83,0.0500,5.367895
8103,longdress,driving_B_2019.12.16_12.27.05.csv,101,22.8568,0.00,-83.35,0.0500,5.966943
8104,loot,driving_B_2020.02.13_15.02.01.csv,2450,12.2170,0.00,-262.20,0.0500,6.042480
8105,redandblack,driving_B_2020.02.13_15.02.01.csv,590,221.8585,64.88,42.49,0.0500,5.682304
8106,soldier,driving_B_2019.12.16_12.27.05.csv,761,165.5886,32.44,27.85,0.0500,5.178051
8107,longdress,driving_B_2019.12.17_07.32.39.csv,777,79.0509,0.00,-76.47,0.0500,5.781308
8108,loot,static_B_2019.12.16_13.40.04.csv,1610,276.8558,100.00,87.25,0.0500,5.220068
8109,redandblack,driving_B_2020.02.13_15.02.01.csv,1970,156.5335,0.00,10.64,0.0500,5.881665
8110,soldier,driving_B_2019.12.16_14.23.32.csv,1232,201.6243,46.22,50.05,0.0500,5.931876
8111,longdress,driving_B_2020.02.13_15.02.01.csv,2150,271.8907,100.00,83.26,0.0500,5.218562
8112,loot,driving_B_2019.12.16_14.23.32.csv,932,81.8978,0.00,-85.73,0.0500,5.715922
8113,redandblack,driving_B_2020.01.16_09.56.56.csv,850,128.0441,0.00,-40.80,0.0500,5.201075
8114,soldier,driving_B_2020.02.13_13.03.24.csv,982,83.5371,0.00,-65.14,0.0500,5.248834
8115,longdress,driving_B_2020.02.14_09.38.22.csv,427,80.8604,0.00,-62.08,0.0500,5.505203
8116,loot,driving_B_2020.02.14_09.38.22.csv,727,248.9148,100.00,74.45,0.0500,5.402741
8117,redandblack,driving_B_2020.02.13_13.03.24.csv,682,107.9859,0.00,-17.07,0.0500,5.374410
8118,soldier,driving_B_2020.02.27_17.30.15.csv,194,-45.0580,0.00,-873.63,0.0500,5.554187
8119,longdress,driving_B_2019.12.16_14.23.32.csv,92,186.6712,78.09,52.37,0.0500,5.679698
8120,loot,driving_B_2020.02.27_17.30.15.csv,554,11.7909,0.00,-194.06,0.0500,5.670633
8121,redandblack,driving_B_2019.12.16_14.23.32.csv,1892,50.3198,0.00,-153.81,0.0500,5.268062
8122,soldier,static_B_2020.02.27_18.39.27.csv,3397,274.4709,100.00,85.59,0.0500,5.358589
8123,longdress,driving_B_2020.02.27_17.30.15.csv,74,-18.1179,0.00,-1147.65,0.0500,5.328144
8124,loot,static_B_2020.02.27_18.39.27.csv,4297,243.5971,63.92,66.84,0.0500,5.124173
8125,redandblack,static_B_2020.02.27_18.39.27.csv,5737,259.0547,80.24,78.64,0.0500,5.429575
8126,soldier,driving_B_2019.12.16_14.23.32.csv,872,92.2566,0.00,-39.96,0.0500,5.410414
8127,longdress,static_B_2019.12.16_13.40.04.csv,950,146.9261,11.84,16.77,0.0500,5.447826
8128,loot,static_B_2020.02.27_18.39.27.csv,3637,266.4331,84.00,82.93,0.0500,5.758044
8129,redandblack,static_B_2020.02.13_13.57.29.csv,2259,229.8287,73.99,55.15,0.0500,5.539386
8130,soldier,driving_B_2019.12.16_12.27.05.csv,1061,164.1850,12.63,25.32,0.0500,5.310614
8131,longdress,driving_B_2020.01.16_12.10.03.csv,23,257.2712,84.87,79.03,0.0500,5.393884
8132,loot,driving_B_2020.01.16_07.26.43.csv,1459,50.5522,0.00,-104.03,0.0500,5.147534
8133,redandblack,driving_B_2020.02.14_12.58.17.csv,544,114.7036,0.00,-13.60,0.0500,5.316058
8134,soldier,driving_B_2019.12.17_07.32.39.csv,417,139.6280,18.77,22.41,0.0500,5.434279
8135,longdress,driving_B_2019.12.17_07.32.39.csv,1977,194.4201,13.50,40.21,0.0500,5.976268
8136,loot,driving_B_2020.01.16_09.56.56.csv,490,262.3081,100.00,79.72,0.0500,6.178905
8137,redandblack,driving_B_2020.02.13_15.02.01.csv,1190,211.0077,38.93,35.42,0.0500,5.424847
8138,soldier,static_B_2020.02.27_18.39.27.csv,1477,176.6820,8.73,24.51,0.0500,5.413865
8139,longdress,static_B_2020.02.27_18.39.27.csv,4957,259.4962,78.42,74.80,0.0500,5.213437
8140,loot,driving_B_2020.01.16_09.56.56.csv,970,150.1966,0.00,-12.36,0.0500,5.463786
8141,redandblack,driving_B_2020.01.16_07.26.43.csv,499,103.3175,0.00,-49.91,0.0500,5.766635
8142,soldier,driving_B_2020.01.16_09.56.56.csv,250,119.3817,0.00,-4.84,0.0500,5.481150
8143,longdress,driving_B_2020.02.14_07.29.00.csv,535,26.8401,0.00,-151.57,0.0500,6.089860
8144,loot,driving_B_2020.02.14_07.29.00.csv,1195,256.0626,82.49,76.37,0.0500,5.415842
8145,redandblack,driving_B_2020.02.13_15.02.01.csv,650,155.1702,0.00,1.91,0.0500,5.719491
8146,soldier,driving_B_2020.01.16_12.10.03.csv,143,272.5877,81.52,86.28,0.0500,6.093158
8147,longdress,static_B_2020.02.27_18.39.27.csv,4177,250.1938,80.67,70.99,0.0500,5.523130
8148,loot,driving_B_2020.02.14_09.38.22.csv,1147,46.2945,0.00,-163.20,0.0500,5.518064
8149,redandblack,driving_B_2019.12.16_12.27.05.csv,221,99.3972,0.00,-26.80,0.0500,5.263427
8150,soldier,static_B_2020.02.13_13.57.29.csv,2919,222.6241,49.72,52.14,0.0500,5.409523
8151,longdress,driving_B_2020.02.13_15.02.01.csv,1790,272.6005,84.05,83.61,0.0500,6.013117
8152,loot,driving_B_2020.01.16_07.26.43.csv,919,67.0762,0.00,-178.53,0.0500,5.336299
8153,redandblack,static_B_2020.02.14_13.21.26.csv,57,270.0934,84.00,85.54,0.0500,5.697915
8154,soldier,static_B_2019.12.16_13.40.04.csv,50,203.9181,31.02,44.28,0.0500,5.873674
8155,longdress,driving_B_2019.12.17_07.32.39.csv,1077,123.3930,0.00,-71.62,0.0500,5.990633
8156,loot,driving_B_2020.01.16_07.26.43.csv,739,125.3124,0.00,-0.39,0.0500,5.133876
8157,redandblack,driving_B_2019.12.16_14.23.32.csv,152,259.8682,100.00,79.30,0.0500,5.769007
8158,soldier,static_B_2020.02.27_18.39.27.csv,1297,290.3556,100.00,92.60,0.0500,5.693905
8159,longdress,static_B_2020.02.27_18.39.27.csv,5377,254.5294,78.64,75.43,0.0500,5.467698
8160,loot,static_B_2020.02.14_13.21.26.csv,850,246.4888,53.46,67.17,0.0500,5.443781
8161,redandblack,static_B_2020.02.27_18.39.27.csv,3757,274.5520,100.00,86.24,0.0500,5.736192
8162,soldier,driving_B_2020.02.14_09.38.22.csv,1327,272.0408,100.00,83.80,0.0500,5.864539
8163,longdress,driving_B_2020.02.14_07.29.00.csv,1255,264.0595,79.69,80.17,0.0500,5.622435
8164,loot,driving_B_2020.02.14_12.58.17.csv,184,-41.4701,0.00,-857.84,0.0500,6.713263
8165,redandblack,static_B_2020.02.13_13.57.29.csv,1659,251.8922,71.40,66.94,0.0500,5.495476
8166,soldier,driving_B_2020.02.14_12.58.17.csv,364,-16.6319,0.00,-695.20,0.0500,5.513446
8167,longdress,static_B_2020.02.27_18.39.27.csv,1777,66.3250,0.00,-420.24,0.0500,5.834830
8168,loot,driving_B_2020.02.14_07.29.00.csv,1135,93.8817,0.00,-75.33,0.0500,5.581477
8169,redandblack,static_B_2020.02.27_18.39.27.csv,1897,264.7386,100.00,82.17,0.0500,5.165911
8170,soldier,driving_B_2020.02.13_13.03.24.csv,202,22.2015,0.00,-169.87,0.0500,5.939790
8171,longdress,driving_B_2019.12.17_07.32.39.csv,1497,27.6017,0.00,-121.26,0.0500,5.497134
8172,loot,driving_B_2019.12.17_07.32.39.csv,1917,224.0460,51.21,49.39,0.0500,5.266426
8173,redandblack,driving_B_2020.01.16_09.56.56.csv,1570,165.0561,2.32,16.03,0.0500,5.285834
8174,soldier,static_B_2019.12.16_13.40.04.csv,1370,176.0186,0.00,-198.96,0.0500,5.979453
8175,longdress,static_B_2020.02.27_18.39.27.csv,2257,239.2487,73.04,59.41,0.0500,6.121368
8176,loot,driving_B_2019.12.17_07.32.39.csv,1437,117.8056,0.00,-40.08,0.0500,5.208656
8177,redandblack,driving_B_2020.02.14_12.58.17.csv,64,53.7253,0.00,-219.28,0.0500,5.345638
8178,soldier,static_B_2020.02.27_18.39.27.csv,577,222.6240,100.00,34.78,0.0500,5.580045
8179,longdress,driving_B_2019.12.16_14.23.32.csv,2432,203.0742,50.93,45.17,0.0500,5.664280
8180,loot,static_B_2020.02.13_13.57.29.csv,2499,241.7759,77.99,67.80,0.0500,5.377807
8181,redandblack,driving_B_2020.02.14_07.29.00.csv,955,97.4838,0.00,-70.26,0.0500,5.382849
8182,soldier,static_B_2020.02.13_13.57.29.csv,2139,139.9204,0.00,-11.70,0.0500,5.587755
8183,longdress,static_B_2020.02.13_13.57.29.csv,1539,146.1211,1.47,-3.56,0.0500,6.320630
8184,loot,static_B_2020.02.27_18.39.27.csv,4597,186.8989,22.68,25.46,0.0500,5.399991
8185,redandblack,driving_B_2020.02.13_15.02.01.csv,2750,10.1335,0.00,-109.28,0.0500,5.667641
8186,soldier,driving_B_2019.12.17_07.32.39.csv,2157,21.3544,0.00,-195.29,0.0500,6.301726
8187,longdress,driving_B_2020.02.13_15.02.01.csv,950,0.9175,0.00,-186.94,0.0500,5.730276
8188,loot,driving_B_2019.12.16_11.49.59.csv,209,29.8857,0.00,-179.16,0.0500,5.286551
8189,redandblack,static_B_2020.02.13_13.57.29.csv,2799,139.5784,0.00,11.30,0.0500,5.800055
8190,soldier,static_B_2020.02.27_18.39.27.csv,4777,260.6626,98.00,79.69,0.0500,5.720125
8191,longdress,driving_B_2020.02.13_13.03.24.csv,1042,-7.3820,0.00,-462.65,0.0500,5.605392
8192,loot,static_B_2020.02.27_18.39.27.csv,4657,111.6251,0.00,-270.74,0.0500,5.899413
8193,redandblack,driving_B_2019.12.16_14.23.32.csv,332,275.7744,100.00,86.48,0.0500,5.493832
8194,soldier,driving_B_2020.02.14_07.29.00.csv,1970,-34.7967,0.00,-965.08,0.0500,5.579081
8195,longdress,driving_B_2019.12.16_14.23.32.csv,2372,53.4965,0.00,-99.39,0.0500,5.519215
8196,loot,driving_B_2019.12.16_14.23.32.csv,2312,173.7259,0.00,10.32,0.0500,5.557842
8197,redandblack,driving_B_2019.12.17_07.32.39.csv,1677,21.4172,0.00,-95.72,0.0500,5.547845
8198,soldier,driving_B_2020.01.16_07.26.43.csv,1339,-18.4825,0.00,-419.81,0.0500,5.569438
8199,longdress,driving_B_2020.01.16_09.56.56.csv,1270,194.8456,23.69,29.77,0.0500,5.648095
8200,loot,static_B_2020.02.27_18.39.27.csv,97,286.3745,92.00,91.62,0.0500,5.370807
8201,redandblack,driving_B_2019.12.16_14.23.32.csv,2492,258.4281,77.58,77.77,0.0500,5.471322
8202,soldier,driving_B_2020.02.13_15.02.01.csv,2630,263.3720,79.79,80.12,0.0500,4.975307
8203,longdress,driving_B_2020.02.13_15.02.01.csv,1670,147.4188,0.00,-19.51,0.0500,5.042729
8204,loot,static_B_2019.12.16_13.40.04.csv,290,224.0101,47.78,46.07,0.0500,5.647526
8205,redandblack,static_B_2020.02.14_13.21.26.csv,417,262.7471,92.00,82.57,0.0500,5.118311
8206,soldier,static_B_2019.12.16_13.40.04.csv,470,208.5593,100.00,9.21,0.0500,5.291951
8207,longdress,static_B_2019.12.16_13.40.04.csv,1070,114.5655,0.00,-158.77,0.0500,5.018897
8208,loot,static_B_2020.02.27_18.39.27.csv,5677,280.2339,100.00,87.81,0.0500,5.561577
8209,redandblack,static_B_2019.12.16_13.40.04.csv,1310,206.1734,71.48,45.53,0.0500,5.340739
8210,soldier,driving_B_2020.02.13_13.03.24.csv,862,15.8171,0.00,-226.64,0.0500,5.683676
8211,longdress,static_B_2020.02.14_13.21.26.csv,850,206.9643,55.05,45.23,0.0500,5.162330
8212,loot,static_B_2020.02.13_13.57.29.csv,2859,221.3335,33.87,51.33,0.0500,5.492635
8213,redandblack,static_B_2019.12.16_13.40.04.csv,890,205.7159,64.84,43.68,0.0500,5.535735
8214,soldier,static_B_2020.02.13_13.57.29.csv,939,130.8465,33.73,8.35,0.0500,5.621915
8215,longdress,driving_B_2020.02.13_15.02.01.csv,110,225.2756,50.23,49.08,0.0500,5.909779
8216,loot,driving_B_2019.12.16_12.27.05.csv,641,52.6180,0.00,-197.90,0.0500,6.182330
8217,redandblack,static_B_2020.02.14_13.21.26.csv,237,250.5075,60.00,78.44,0.0500,5.407403
8218,soldier,driving_B_2020.01.16_07.26.43.csv,1759,114.6720,32.72,0.38,0.0500,5.533156
8219,longdress,driving_B_2019.12.16_14.23.32.csv,1712,98.1856,62.63,9.25,0.0500,5.528610
8220,loot,driving_B_2020.02.13_13.03.24.csv,442,52.2030,0.00,-53.67,0.0500,5.554205
8221,redandblack,driving_B_2020.02.13_13.03.24.csv,502,57.3723,0.00,-75.82,0.0500,5.745406
8222,soldier,driving_B_2020.01.16_12.10.03.csv,203,265.0176,100.00,81.38,0.0500,5.937801
8223,longdress,driving_B_2020.01.16_07.26.43.csv,379,4.5929,0.00,-175.75,0.0500,5.389312
8224,loot,driving_B_2020.02.14_07.29.00.csv,1970,-15.9811,0.00,-209.26,0.0500,5.608909
8225,redandblack,driving_B_2019.12.17_07.32.39.csv,1257,133.3158,0.00,-8.75,0.0500,5.930987
8226,soldier,driving_B_2020.02.14_09.38.22.csv,547,277.1631,82.66,83.39,0.0500,5.139530
8227,longdress,driving_B_2020.02.14_09.38.22.csv,187,-24.8121,0.00,-378.47,0.0500,5.652944
8228,loot,driving_B_2019.12.16_12.27.05.csv,821,187.5757,20.41,38.36,0.0500,5.720543
8229,redandblack,static_B_2020.02.13_13.57.29.csv,819,185.6557,47.64,34.11,0.0500,4.981617
8230,soldier,driving_B_2020.02.13_13.03.24.csv,802,115.4116,42.00,18.98,0.0500,5.602573
8231,longdress,driving_B_2020.02.13_13.03.24.csv,82,59.2124,0.00,-120.38,0.0500,5.990595
8232,loot,static_B_2020.02.14_13.21.26.csv,477,275.0774,82.00,87.36,0.0500,5.618329
8233,redandblack,driving_B_2020.02.14_07.29.00.csv,1435,172.5675,2.05,16.68,0.0500,5.096055
8234,soldier,static_B_2019.12.16_13.40.04.csv,410,141.1559,0.00,-22.19,0.0500,5.580701
8235,longdress,driving_B_2019.12.17_07.32.39.csv,177,89.3687,0.00,-23.08,0.0500,5.925810
8236,loot,driving_B_2020.02.14_07.29.00.csv,1735,183.3319,30.64,29.97,0.0500,5.759839
8237,redandblack,driving_B_2020.02.13_15.02.01.csv,1490,55.4175,0.00,-63.71,0.0500,5.804860
8238,soldier,driving_B_2020.01.16_07.26.43.csv,1519,8.3583,0.00,-205.73,0.0500,5.388980
8239,longdress,driving_B_2020.01.16_07.26.43.csv,679,100.7840,72.85,14.34,0.0500,4.965491
8240,loot,driving_B_2020.02.14_07.29.00.csv,1375,210.0346,34.00,62.56,0.0500,5.183625
8241,redandblack,static_B_2020.02.27_18.39.27.csv,5742,273.8003,98.00,85.04,0.0500,5.906314
8242,soldier,driving_B_2019.12.17_07.32.39.csv,1617,117.8603,0.00,-47.94,0.0500,5.606632
8243,longdress,driving_B_2019.12.16_14.23.32.csv,1352,239.7402,48.15,51.13,0.0500,6.444454
8244,loot,driving_B_2019.12.17_07.32.39.csv,2097,263.5460,58.00,83.39,0.0500,5.486106
8245,redandblack,driving_B_2019.12.16_14.23.32.csv,2192,272.9778,100.00,85.48,0.0500,5.457174
8246,soldier,driving_B_2020.01.16_07.26.43.csv,1639,111.5307,0.00,-6.56,0.0500,5.250294
8247,longdress,driving_B_2020.02.14_07.29.00.csv,1315,126.2137,0.00,-0.49,0.0500,4.609319
8248,loot,driving_B_2019.12.17_07.32.39.csv,1377,261.8909,82.73,79.15,0.0500,5.654688
8249,redandblack,driving_B_2020.01.16_09.56.56.csv,610,221.7813,82.80,63.84,0.0500,5.649672
8250,soldier,driving_B_2020.02.14_07.29.00.csv,1970,-5.5166,0.00,-366.08,0.0500,5.761548
8251,longdress,driving_B_2020.02.27_17.30.15.csv,434,-27.0270,0.00,-261.71,0.0500,5.301037
8252,loot,static_B_2020.02.27_18.39.27.csv,3457,284.3891,100.00,91.39,0.0500,5.509636
8253,redandblack,driving_B_2020.02.13_15.02.01.csv,50,275.1294,100.00,87.12,0.0500,5.851111
8254,soldier,driving_B_2020.02.13_13.03.24.csv,1222,1.4174,0.00,-195.56,0.0500,5.603846
8255,longdress,static_B_2020.02.27_18.39.27.csv,1537,243.8225,100.00,68.21,0.0500,6.124211
8256,loot,static_B_2020.02.27_18.39.27.csv,1597,231.1500,58.42,60.56,0.0500,6.271296
8257,redandblack,static_B_2020.02.27_18.39.27.csv,3577,179.9030,17.52,34.27,0.0500,5.956584
8258,soldier,driving_B_2019.12.16_12.27.05.csv,941,245.8137,81.74,72.14,0.0500,5.002077
8259,longdress,static_B_2019.12.16_13.40.04.csv,110,259.9259,100.00,78.92,0.0500,5.552057
8260,loot,driving_B_2020.02.13_13.03.24.csv,322,57.5652,0.00,-36.42,0.0500,5.728830
8261,redandblack,static_B_2020.02.14_13.21.26.csv,837,246.8670,71.11,73.73,0.0500,5.574038
8262,soldier,static_B_2019.12.16_13.40.04.csv,1670,204.8630,41.57,43.82,0.0500,5.579889
8263,longdress,static_B_2020.02.13_13.57.29.csv,459,181.0092,37.34,35.66,0.0500,5.654049
8264,loot,driving_B_2019.12.17_07.32.39.csv,537,73.8639,0.00,-63.26,0.0500,5.070984
8265,redandblack,driving_B_2020.02.27_17.30.15.csv,374,37.2181,0.00,-124.46,0.0500,5.770631
8266,soldier,driving_B_2019.12.16_14.23.32.csv,1592,173.6849,24.69,34.02,0.0500,5.807174
8267,longdress,driving_B_2020.02.14_09.38.22.csv,1478,98.4079,0.00,-23.78,0.0500,5.478416
8268,loot,driving_B_2020.02.14_07.29.00.csv,775,103.6118,0.00,-9.37,0.0500,5.279006
8269,redandblack,static_B_2020.02.14_13.21.26.csv,597,281.0362,100.00,89.82,0.0500,5.356751
8270,soldier,driving_B_2019.12.17_07.32.39.csv,2288,229.2829,60.54,60.52,0.0500,5.897474
8271,longdress,driving_B_2020.01.16_09.56.56.csv,1330,273.4783,100.00,82.37,0.0500,5.081478
8272,loot,static_B_2020.02.27_18.39.27.csv,817,287.4081,100.00,91.99,0.0500,4.918526
8273,redandblack,driving_B_2019.12.16_12.27.05.csv,881,228.5634,67.26,58.52,0.0500,5.559115
8274,soldier,driving_B_2020.02.13_15.02.01.csv,1910,116.7548,0.00,-8.64,0.0500,6.005498
8275,longdress,static_B_2020.02.27_18.39.27.csv,397,261.1534,81.46,77.06,0.0500,5.176592
8276,loot,driving_B_2019.12.16_12.27.05.csv,1152,171.8765,3.90,13.62,0.0500,5.756666
8277,redandblack,driving_B_2020.02.13_13.03.24.csv,622,44.5982,0.00,-93.98,0.0500,5.792434
8278,soldier,driving_B_2020.02.14_07.29.00.csv,355,262.9620,68.90,72.16,0.0500,5.622747
8279,longdress,static_B_2020.02.13_13.57.29.csv,2679,231.0420,72.03,53.29,0.0500,5.916168
8280,loot,driving_B_2020.02.13_15.02.01.csv,890,188.8565,0.00,54.56,0.0500,5.213583
8281,redandblack,driving_B_2019.12.17_07.32.39.csv,117,50.7087,0.00,-40.31,0.0500,5.327153
8282,soldier,driving_B_2019.12.16_11.49.59.csv,277,50.0681,45.40,-3.42,0.0500,5.799401
8283,longdress,static_B_2020.02.27_18.39.27.csv,2857,247.4039,77.05,66.42,0.0500,5.633622
8284,loot,driving_B_2020.01.16_07.26.43.csv,1279,139.1008,16.83,9.28,0.0500,5.092053
8285,redandblack,driving_B_2019.12.16_14.23.32.csv,812,193.7517,39.19,39.64,0.0500,5.958625
8286,soldier,driving_B_2020.02.14_09.38.22.csv,487,185.8743,0.00,-5.98,0.0500,6.206409
8287,longdress,driving_B_2020.02.13_13.03.24.csv,262,87.8428,0.00,-56.88,0.0500,5.358849
8288,loot,static_B_2020.02.27_18.39.27.csv,5197,268.0642,100.00,84.61,0.0500,5.329433
8289,redandblack,driving_B_2019.12.17_07.32.39.csv,477,133.3362,0.00,-27.68,0.0500,6.035003
8290,soldier,driving_B_2020.02.14_12.58.17.csv,124,112.6407,8.27,-2.32,0.0500,5.848503
8291,longdress,driving_B_2020.02.13_15.02.01.csv,2210,203.4028,57.95,52.05,0.0500,5.624855
8292,loot,static_B_2020.02.13_13.57.29.csv,699,111.0064,0.00,-25.36,0.0500,5.370110
8293,redandblack,driving_B_2019.12.16_14.23.32.csv,1112,231.6949,56.42,60.19,0.0500,5.709657
8294,soldier,driving_B_2020.02.14_07.29.00.csv,1795,272.2017,100.00,84.69,0.0500,5.403830
8295,longdress,driving_B_2020.01.16_07.26.43.csv,79,181.7596,81.75,47.67,0.0500,5.281474
8296,loot,static_B_2020.02.27_18.39.27.csv,5317,279.4154,100.00,89.09,0.0500,6.010856
8297,redandblack,driving_B_2019.12.16_14.23.32.csv,2552,109.2395,0.00,-44.29,0.0500,5.725542
8298,soldier,static_B_2020.02.13_13.57.29.csv,1299,197.9198,45.98,31.09,0.0500,5.766488
8299,longdress,driving_B_2020.01.16_07.26.43.csv,1770,17.9516,0.00,-207.23,0.0500,5.713541
8300,loot,static_B_2019.12.16_13.40.04.csv,590,190.9253,41.85,31.65,0.0500,5.890440
8301,redandblack,driving_B_2019.12.16_12.27.05.csv,1001,192.6677,34.00,55.24,0.0500,5.413933
8302,soldier,static_B_2020.02.13_13.57.29.csv,879,94.1513,0.00,-44.81,0.0500,5.540585
8303,longdress,driving_B_2019.12.16_12.27.05.csv,581,99.9661,0.00,-9.93,0.0500,5.968468
8304,loot,static_B_2020.02.27_18.39.27.csv,1837,162.1316,52.87,3.72,0.0500,5.382574
8305,redandblack,static_B_2020.02.27_18.39.27.csv,937,244.0652,83.65,69.77,0.0500,5.232396
8306,soldier,driving_B_2020.02.14_09.38.22.csv,367,46.1054,0.00,-55.58,0.0500,5.119785
8307,longdress,static_B_2020.02.27_18.39.27.csv,2677,137.5764,1.77,9.61,0.0500,5.336402
8308,loot,static_B_2020.02.27_18.39.27.csv,2917,194.7893,49.64,42.77,0.0500,5.573859
8309,redandblack,static_B_2020.02.27_18.39.27.csv,4837,283.1143,100.00,90.04,0.0500,5.331273
8310,soldier,driving_B_2020.02.13_15.02.01.csv,1850,285.8100,100.00,91.11,0.0500,5.274120
8311,longdress,driving_B_2020.02.13_13.03.24.csv,1942,-13.3684,0.00,-316.31,0.0500,5.277368
8312,loot,driving_B_2020.02.27_17.30.15.csv,134,37.1029,0.00,-92.77,0.0500,5.566131
8313,redandblack,driving_B_2020.02.14_09.38.22.csv,667,141.5398,9.69,15.91,0.0500,5.625659
8314,soldier,driving_B_2020.02.27_17.30.15.csv,254,-22.6733,0.00,-193.90,0.0500,5.546362
8315,longdress,driving_B_2019.12.17_07.32.39.csv,1557,170.8333,73.98,36.26,0.0500,4.777924
8316,loot,driving_B_2019.12.16_14.23.32.csv,2132,281.6089,100.00,89.98,0.0500,5.430205
8317,redandblack,static_B_2020.02.13_13.57.29.csv,1599,238.7126,84.51,67.82,0.0500,5.618454
8318,soldier,static_B_2020.02.13_13.57.29.csv,1899,236.3378,48.25,56.59,0.0500,5.560372
8319,longdress,driving_B_2020.02.14_12.58.17.csv,604,186.6554,82.59,50.45,0.0500,5.474770
8320,loot,static_B_2020.02.27_18.39.27.csv,3997,189.8086,0.00,58.37,0.0500,5.049176
8321,redandblack,static_B_2019.12.16_13.40.04.csv,1430,273.2829,100.00,86.61,0.0500,5.353101
8322,soldier,static_B_2020.02.27_18.39.27.csv,1117,117.5135,0.00,-20.83,0.0500,5.602961
8323,longdress,static_B_2020.02.27_18.39.27.csv,2017,235.2330,100.00,66.29,0.0500,5.097816
8324,loot,driving_B_2019.12.16_14.23.32.csv,1772,30.5225,0.00,-211.10,0.0500,5.588601
8325,redandblack,static_B_2020.02.13_13.57.29.csv,1119,190.6761,47.34,43.94,0.0500,5.550307
8326,soldier,driving_B_2020.02.13_13.03.24.csv,142,100.8596,0.00,-2.91,0.0500,5.058243
8327,longdress,driving_B_2020.01.16_07.26.43.csv,1099,175.6784,48.49,38.79,0.0500,5.211244
8328,loot,driving_B_2019.12.16_12.27.05.csv,461,99.4879,0.00,-24.22,0.0500,5.645936
8329,redandblack,static_B_2020.02.13_13.57.29.csv,219,260.2590,82.04,79.88,0.0500,5.421670
8330,soldier,driving_B_2020.02.13_13.03.24.csv,2122,-26.8447,0.00,-440.12,0.0500,5.655692
8331,longdress,driving_B_2020.01.16_07.26.43.csv,319,57.8253,0.00,-177.66,0.0500,5.639966
8332,loot,driving_B_2019.12.16_11.49.59.csv,269,27.7415,0.00,-178.22,0.0500,5.327668
8333,redandblack,driving_B_2020.02.13_13.03.24.csv,922,95.3372,0.00,-72.36,0.0500,5.575816
8334,soldier,driving_B_2020.02.13_13.03.24.csv,1402,78.2463,0.00,-47.11,0.0500,5.600020
8335,longdress,static_B_2020.02.13_13.57.29.csv,159,248.4177,78.70,70.51,0.0500,5.612043
8336,loot,driving_B_2020.02.14_12.58.17.csv,484,61.7390,0.00,-163.29,0.0500,5.613886
8337,redandblack,static_B_2020.02.27_18.39.27.csv,1717,210.2532,72.08,44.79,0.0500,5.567501
8338,soldier,driving_B_2020.01.16_12.10.03.csv,244,265.4161,86.22,80.49,0.0500,5.921739
8339,longdress,driving_B_2020.02.13_13.03.24.csv,1882,-85.7828,0.00,-233.14,0.0500,5.426079
8340,loot,driving_B_2019.12.17_07.32.39.csv,2037,127.2093,32.81,5.48,0.0500,5.870357
8341,soldier,driving_B_2020.02.13_15.02.01.csv,544,137.8288,27.98,20.68,0.0500,5.226258
8342,longdress,driving_B_2020.02.14_09.38.22.csv,697,227.6473,81.41,62.07,0.0500,5.935619
8343,loot,driving_B_2019.12.16_14.23.32.csv,2484,249.3927,58.00,79.09,0.0500,5.632461
8344,redandblack,static_B_2020.02.13_13.57.29.csv,2270,236.6649,70.76,66.62,0.0500,5.164865
8345,soldier,static_B_2020.02.13_13.57.29.csv,290,229.4741,77.11,64.07,0.0500,5.354560
8346,longdress,static_B_2020.02.13_13.57.29.csv,2750,137.8026,0.00,-3.76,0.0500,5.639162
8347,loot,static_B_2020.02.13_13.57.29.csv,1490,168.7292,43.30,31.89,0.0500,5.334353
8348,redandblack,static_B_2020.02.27_18.39.27.csv,1295,264.2748,100.00,81.77,0.0500,5.208888
8349,soldier,driving_B_2020.02.14_12.58.17.csv,8,93.9854,0.00,-20.64,0.0500,5.490986
8350,longdress,driving_B_2020.02.14_09.38.22.csv,1417,76.5529,0.00,-78.90,0.0500,5.733093
8351,loot,static_B_2020.02.27_18.39.27.csv,155,278.8398,100.00,88.57,0.0500,5.798104
8352,redandblack,driving_B_2020.02.13_15.02.01.csv,2044,150.8825,0.00,-92.90,0.0500,5.263378
8353,soldier,static_B_2020.02.27_18.39.27.csv,1595,189.2336,29.66,32.89,0.0500,5.493140
8354,longdress,driving_B_2020.02.13_13.03.24.csv,216,108.8924,0.00,-17.01,0.0500,5.634177
8355,loot,driving_B_2019.12.17_07.32.39.csv,1840,100.1194,0.00,-51.32,0.0500,5.226087
8356,redandblack,driving_B_2019.12.16_11.49.59.csv,43,165.7256,29.23,21.04,0.0500,5.467910
8357,soldier,driving_B_2020.02.13_15.02.01.csv,1924,153.6981,0.00,17.92,0.0500,5.824171
8358,longdress,driving_B_2020.01.16_07.26.43.csv,1042,174.9446,58.58,41.28,0.0500,5.677070
8359,loot,static_B_2019.12.16_13.40.04.csv,1093,201.6407,74.90,45.90,0.0500,5.440222
8360,redandblack,driving_B_2020.02.14_12.58.17.csv,800,149.1652,31.18,17.34,0.0500,5.711599
8361,soldier,driving_B_2020.02.13_13.03.24.csv,2188,-48.0248,0.00,-511.02,0.0500,5.701654
8362,longdress,driving_B_2020.02.14_09.38.22.csv,217,30.6546,0.00,-272.73,0.0500,5.794757
8363,loot,static_B_2020.02.14_13.21.26.csv,638,252.5112,52.00,78.57,0.0500,5.299217
8364,redandblack,static_B_2020.02.27_18.39.27.csv,1835,152.7135,54.97,-0.29,0.0500,5.755102
8365,soldier,driving_B_2020.01.16_09.56.56.csv,1570,189.0005,85.11,51.34,0.0500,5.751046
8366,longdress,driving_B_2020.02.13_15.02.01.csv,1684,167.1799,48.40,21.02,0.0500,5.780466
8367,loot,static_B_2020.02.14_13.21.26.csv,158,249.4781,100.00,78.33,0.0500,5.908541
8368,redandblack,static_B_2019.12.16_13.40.04.csv,253,241.3667,100.00,70.19,0.0500,5.628943
8369,soldier,driving_B_2020.02.13_15.02.01.csv,1144,130.1566,7.22,3.52,0.0500,5.464174
8370,longdress,static_B_2020.02.13_13.57.29.csv,2945,197.5725,52.06,45.24,0.0500,5.877188
8371,loot,driving_B_2019.12.17_07.32.39.csv,1300,178.4254,20.69,31.57,0.0500,5.713814
8372,redandblack,driving_B_2020.02.14_07.29.00.csv,1367,231.4144,77.30,66.06,0.0500,5.498996
8373,soldier,driving_B_2020.02.14_12.58.17.csv,68,74.0463,0.00,-156.34,0.0500,5.540128
8374,longdress,driving_B_2019.12.17_07.32.39.csv,1720,81.8444,0.00,-91.54,0.0500,5.117495
8375,loot,static_B_2019.12.16_13.40.04.csv,673,281.8977,90.00,90.50,0.0500,5.473159
8376,redandblack,driving_B_2019.12.16_14.23.32.csv,1584,116.0919,21.03,4.71,0.0500,4.989495
8377,soldier,static_B_2020.02.27_18.39.27.csv,2015,215.0511,81.64,59.85,0.0500,5.754338
8378,longdress,static_B_2019.12.16_13.40.04.csv,73,254.1702,100.00,76.92,0.0500,5.707733
8379,loot,driving_B_2020.02.14_09.38.22.csv,757,136.5079,19.75,0.97,0.0500,5.409475
8380,redandblack,driving_B_2020.02.13_15.02.01.csv,424,242.7347,81.57,70.25,0.0500,4.811129
8381,soldier,driving_B_2020.02.13_15.02.01.csv,964,122.8758,1.41,0.60,0.0500,5.386408
8382,longdress,driving_B_2020.02.13_13.03.24.csv,876,55.4601,0.00,-37.96,0.0500,5.863530
8383,loot,static_B_2020.02.27_18.39.27.csv,3155,119.6899,0.00,-315.85,0.0500,5.421870
8384,redandblack,driving_B_2019.12.16_14.23.32.csv,2364,167.9585,38.16,24.78,0.0500,5.759912
8385,soldier,driving_B_2019.12.16_14.23.32.csv,264,260.7193,80.58,79.64,0.0500,5.311852
8386,longdress,static_B_2020.02.27_18.39.27.csv,5435,131.8203,0.00,-6.74,0.0500,5.925850
8387,loot,driving_B_2019.12.16_14.23.32.csv,1104,179.8023,77.76,28.32,0.0500,5.703784
8388,redandblack,driving_B_2019.12.16_12.27.05.csv,695,203.5060,53.84,46.80,0.0500,5.280992
8389,soldier,driving_B_2020.02.27_17.30.15.csv,720,-25.7380,0.00,-1021.98,0.0500,5.637416
8390,longdress,driving_B_2020.02.14_12.58.17.csv,788,100.6161,0.00,2.41,0.0500,5.489584
8391,loot,driving_B_2020.02.13_15.02.01.csv,784,190.2521,43.34,31.69,0.0500,5.494963
8392,redandblack,driving_B_2020.02.13_15.02.01.csv,1384,108.6495,0.00,-1.19,0.0500,5.602848
8393,soldier,driving_B_2019.12.17_07.32.39.csv,1180,72.1583,0.00,-45.16,0.0500,5.587785
8394,longdress,driving_B_2020.02.13_13.03.24.csv,36,77.3053,0.00,-36.98,0.0500,5.453959
8395,loot,driving_B_2020.02.14_07.29.00.csv,107,126.9300,0.00,-7.06,0.0500,5.959413
8396,redandblack,static_B_2020.02.27_18.39.27.csv,1415,267.0725,85.26,83.30,0.0500,5.572693
8397,soldier,driving_B_2020.01.16_12.10.03.csv,244,266.2267,86.17,78.87,0.0500,5.731300
8398,longdress,driving_B_2019.12.16_11.49.59.csv,277,44.3050,0.00,-64.44,0.0500,5.717972
8399,loot,driving_B_2019.12.16_14.23.32.csv,144,133.5931,0.00,35.27,0.0500,5.829357
8400,redandblack,driving_B_2020.01.16_07.26.43.csv,1762,146.2801,44.19,30.13,0.0500,5.409033
8401,soldier,driving_B_2019.12.16_14.23.32.csv,2244,62.1501,0.00,-222.92,0.0500,5.258542
8402,longdress,static_B_2020.02.27_18.39.27.csv,1055,254.5725,100.00,75.37,0.0500,6.100714
8403,loot,driving_B_2020.02.13_13.03.24.csv,1236,92.1616,0.00,-4.60,0.0500,5.813688
8404,redandblack,static_B_2020.02.13_13.57.29.csv,2330,165.9802,83.62,35.15,0.0500,5.564186
8405,soldier,driving_B_2019.12.16_12.27.05.csv,635,-10.9527,0.00,-195.73,0.0500,5.445807
8406,longdress,driving_B_2019.12.16_14.23.32.csv,564,143.6984,42.93,24.82,0.0500,4.936722
8407,loot,driving_B_2020.01.16_07.26.43.csv,1522,141.3338,17.33,28.03,0.0500,5.191140
8408,redandblack,driving_B_2019.12.16_14.23.32.csv,384,203.0998,85.89,54.33,0.0500,6.044851
8409,soldier,driving_B_2020.02.14_07.29.00.csv,827,49.2225,100.00,4.13,0.0500,5.079505
8410,longdress,static_B_2020.02.27_18.39.27.csv,335,260.8175,84.36,81.17,0.0500,5.250304
8411,loot,driving_B_2020.01.16_07.26.43.csv,1162,78.6679,19.01,-9.54,0.0500,5.603057
8412,redandblack,driving_B_2019.12.16_14.23.32.csv,1524,95.5638,0.00,-0.51,0.0500,5.463692
8413,soldier,static_B_2020.02.13_13.57.29.csv,230,282.8602,100.00,90.04,0.0500,5.194348
8414,longdress,static_B_2020.02.13_13.57.29.csv,1550,172.4318,61.46,33.47,0.0500,5.049233
8415,loot,static_B_2019.12.16_13.40.04.csv,1813,227.0445,81.63,64.11,0.0500,5.188582
8416,redandblack,driving_B_2020.02.14_09.38.22.csv,517,261.0810,100.00,79.34,0.0500,5.706515
8417,soldier,driving_B_2019.12.16_14.23.32.csv,984,123.8829,0.00,1.02,0.0500,6.095799
8418,longdress,driving_B_2020.02.27_17.30.15.csv,40,65.3947,0.00,-39.98,0.0500,5.647882
8419,loot,driving_B_2020.02.13_15.02.01.csv,724,179.6360,72.91,38.25,0.0500,5.626296
8420,redandblack,driving_B_2020.02.14_07.29.00.csv,767,141.7786,24.53,5.20,0.0500,5.931469
8421,soldier,static_B_2020.02.27_18.39.27.csv,875,205.3306,73.20,40.83,0.0500,5.389651
8422,longdress,driving_B_2020.02.13_15.02.01.csv,1204,139.6291,0.00,-3.35,0.0500,5.742905
8423,loot,driving_B_2019.12.16_14.23.32.csv,2304,118.4418,0.00,-11.63,0.0500,5.443425
8424,redandblack,static_B_2019.12.16_13.40.04.csv,613,147.9893,22.06,21.25,0.0500,5.568950
8425,soldier,static_B_2020.02.13_13.57.29.csv,2030,237.0180,72.94,56.85,0.0500,5.592425
8426,longdress,driving_B_2019.12.16_14.23.32.csv,2616,143.6225,65.55,29.68,0.0500,5.498754
8427,loot,static_B_2020.02.13_13.57.29.csv,950,84.6432,2.07,-14.47,0.0500,6.450259
8428,redandblack,driving_B_2019.12.17_07.32.39.csv,2260,257.5723,100.00,78.73,0.0500,5.369438
8429,soldier,static_B_2020.02.27_18.39.27.csv,4235,190.2195,36.47,34.45,0.0500,5.497717
8430,longdress,driving_B_2020.02.13_13.03.24.csv,456,118.9533,38.88,19.02,0.0500,5.765419
8431,loot,static_B_2020.02.13_13.57.29.csv,1610,269.1296,80.84,82.13,0.0500,5.213482
8432,redandblack,static_B_2020.02.27_18.39.27.csv,2195,283.0331,100.00,90.29,0.0500,5.647017
8433,soldier,driving_B_2019.12.16_14.23.32.csv,1644,275.1782,100.00,85.62,0.0500,5.766874
8434,longdress,driving_B_2020.01.16_09.56.56.csv,1364,170.2937,48.74,26.10,0.0500,5.753251
8435,loot,driving_B_2019.12.17_07.32.39.csv,400,204.8240,75.88,51.69,0.0500,5.680413
8436,redandblack,static_B_2020.02.14_13.21.26.csv,518,258.1972,92.00,81.90,0.0500,5.731796
8437,soldier,driving_B_2019.12.17_07.32.39.csv,2288,201.5429,48.95,44.02,0.0500,6.244168
8438,longdress,driving_B_2020.02.13_15.02.01.csv,4,250.1643,65.89,58.52,0.0500,5.702210
8439,loot,driving_B_2020.01.16_07.26.43.csv,1282,170.3570,29.07,20.80,0.0500,5.263748
8440,redandblack,driving_B_2019.12.16_12.27.05.csv,215,90.8347,0.00,-21.25,0.0500,5.447179
8441,soldier,static_B_2019.12.16_13.40.04.csv,313,168.3765,62.28,38.54,0.0500,5.843781
8442,longdress,driving_B_2020.02.13_15.02.01.csv,2644,261.5954,74.42,77.16,0.0500,5.485503
8443,loot,static_B_2020.02.27_18.39.27.csv,4535,189.5267,63.28,43.60,0.0500,5.932435
8444,redandblack,driving_B_2020.02.14_09.38.22.csv,1237,112.4709,0.00,13.91,0.0500,5.381987
8445,soldier,driving_B_2020.02.13_15.02.01.csv,664,167.1696,26.03,20.33,0.0500,5.221435
8446,longdress,static_B_2019.12.16_13.40.04.csv,1873,112.8804,0.00,-197.01,0.0500,6.136377
8447,loot,driving_B_2020.02.27_17.30.15.csv,460,-41.4591,0.00,-172.01,0.0500,5.354411
8448,redandblack,driving_B_2019.12.16_12.27.05.csv,935,133.4825,25.15,18.11,0.0500,5.872349
8449,soldier,static_B_2019.12.16_13.40.04.csv,193,237.2426,76.95,59.06,0.0500,5.635512
8450,longdress,driving_B_2020.01.16_09.56.56.csv,1064,74.6835,0.00,-76.30,0.0500,5.369456
8451,loot,static_B_2020.02.27_18.39.27.csv,1895,179.1993,0.00,50.69,0.0500,5.400567
8452,redandblack,driving_B_2020.02.13_13.03.24.csv,1776,20.8363,0.00,-1306.51,0.0500,5.929200
8453,soldier,driving_B_2019.12.16_14.23.32.csv,924,37.3069,0.00,-162.59,0.0500,5.651482
8454,longdress,static_B_2019.12.16_13.40.04.csv,1273,114.2546,0.00,-11.45,0.0500,5.433535
8455,loot,driving_B_2019.12.16_12.27.05.csv,995,256.7918,77.92,75.60,0.0500,6.102815
8456,redandblack,static_B_2020.02.27_18.39.27.csv,5742,256.2572,78.00,78.27,0.0500,6.034430
8457,soldier,driving_B_2020.02.13_13.03.24.csv,756,33.2346,0.00,-363.25,0.0500,6.443006
8458,longdress,driving_B_2020.02.14_09.38.22.csv,1478,28.6043,0.00,-130.93,0.0500,5.663837
8459,loot,driving_B_2020.01.16_07.26.43.csv,442,-8.3648,0.00,-127.89,0.0500,5.742767
8460,redandblack,static_B_2020.02.27_18.39.27.csv,5255,279.3296,100.00,87.15,0.0500,5.218938
8461,soldier,driving_B_2020.02.27_17.30.15.csv,580,-8.6941,0.00,-553.59,0.0500,5.724122
8462,longdress,driving_B_2019.12.16_12.27.05.csv,815,148.4286,0.00,6.21,0.0500,5.651190
8463,loot,driving_B_2020.02.13_13.03.24.csv,96,29.0427,0.00,-111.79,0.0500,5.563264
8464,redandblack,static_B_2020.02.27_18.39.27.csv,1655,235.6332,100.00,69.62,0.0500,5.723036
8465,soldier,driving_B_2020.02.13_13.03.24.csv,1596,67.1159,0.00,-297.40,0.0500,5.567104
8466,longdress,driving_B_2019.12.16_11.49.59.csv,277,22.9344,0.00,-180.90,0.0500,5.608289
8467,loot,driving_B_2020.02.13_15.02.01.csv,2224,276.3808,100.00,87.39,0.0500,5.464076
8468,redandblack,driving_B_2020.01.16_07.26.43.csv,862,49.5401,0.00,-110.68,0.0500,5.366011
8469,soldier,driving_B_2020.02.14_09.38.22.csv,877,153.9355,0.00,40.80,0.0500,6.233872
8470,longdress,static_B_2020.02.13_13.57.29.csv,1790,225.4383,58.00,66.44,0.0500,5.331954
8471,loot,static_B_2020.02.27_18.39.27.csv,2615,288.0511,100.00,92.63,0.0500,5.773459
8472,redandblack,driving_B_2020.02.13_15.02.01.csv,1804,283.2808,100.00,89.95,0.0500,5.469638
8473,soldier,static_B_2020.02.27_18.39.27.csv,5742,286.4515,100.00,89.70,0.0500,5.468691
8474,longdress,static_B_2020.02.14_13.21.26.csv,758,269.6184,96.00,83.02,0.0500,5.786304
8475,loot,driving_B_2020.01.16_12.10.03.csv,16,255.0320,81.93,75.42,0.0500,4.882046
8476,redandblack,driving_B_2020.02.13_15.02.01.csv,2524,143.8345,0.00,-21.92,0.0500,5.180185
8477,soldier,driving_B_2020.02.13_15.02.01.csv,2344,-30.9088,0.00,-677.82,0.0500,5.399110
8478,longdress,static_B_2020.02.27_18.39.27.csv,3635,279.0548,100.00,85.93,0.0500,5.634460
8479,loot,static_B_2020.02.13_13.57.29.csv,1310,94.0719,0.00,-11.88,0.0500,5.754077
8480,redandblack,driving_B_2019.12.16_12.27.05.csv,155,70.0294,0.00,-36.78,0.0500,6.234656
8481,soldier,static_B_2020.02.27_18.39.27.csv,1115,62.1920,0.00,-94.09,0.0500,5.618036
8482,longdress,driving_B_2020.02.13_15.02.01.csv,1744,234.9358,46.00,71.02,0.0500,5.775112
8483,loot,static_B_2020.02.14_13.21.26.csv,458,284.2170,100.00,90.55,0.0500,5.247007
8484,redandblack,driving_B_2020.02.14_07.29.00.csv,1127,38.0480,0.00,-42.17,0.0500,5.169322
8485,soldier,driving_B_2020.02.14_07.29.00.csv,707,27.2830,0.00,-58.47,0.0500,5.683341
8486,longdress,driving_B_2019.12.16_12.27.05.csv,1152,102.2877,0.00,-35.88,0.0500,5.808044
8487,loot,driving_B_2019.12.17_07.32.39.csv,520,-1.9185,52.93,-19.83,0.0500,5.765357
8488,redandblack,static_B_2020.02.27_18.39.27.csv,1355,280.4705,96.00,88.72,0.0500,5.525249
8489,soldier,static_B_2020.02.27_18.39.27.csv,2435,242.5468,66.00,73.00,0.0500,5.381962
8490,longdress,static_B_2020.02.27_18.39.27.csv,4295,169.1884,15.82,24.85,0.0500,5.795451
8491,loot,static_B_2020.02.27_18.39.27.csv,4775,259.6920,80.00,78.77,0.0500,6.099537
8492,redandblack,static_B_2020.02.13_13.57.29.csv,170,248.9954,46.00,78.38,0.0500,5.603249
8493,soldier,driving_B_2019.12.16_14.23.32.csv,804,124.8238,0.00,-15.55,0.0500,6.116729
8494,longdress,driving_B_2020.02.14_09.38.22.csv,997,5.8324,0.00,-101.03,0.0500,5.627490
8495,loot,static_B_2020.02.27_18.39.27.csv,4895,184.8545,0.00,12.28,0.0500,6.155895
8496,redandblack,driving_B_2020.01.16_07.26.43.csv,802,137.2443,0.00,11.00,0.0500,5.799559
8497,soldier,driving_B_2020.01.16_07.26.43.csv,142,9.2034,0.00,-297.24,0.0500,5.984596
8498,longdress,driving_B_2020.02.14_09.38.22.csv,457,38.6582,0.00,-115.83,0.0500,6.111422
8499,loot,driving_B_2019.12.16_12.27.05.csv,575,20.9413,0.00,-247.83,0.0500,5.631113
8500,redandblack,driving_B_2020.02.14_07.29.00.csv,167,85.6461,0.00,-27.96,0.0500,5.748500
8501,soldier,static_B_2020.02.27_18.39.27.csv,5015,238.9365,72.28,61.00,0.0500,5.515190
8502,longdress,driving_B_2020.02.13_15.02.01.csv,1864,30.2887,57.55,-30.38,0.0500,5.680939
8503,loot,static_B_2020.02.13_13.57.29.csv,2870,235.0795,61.49,62.72,0.0500,5.272567
8504,redandblack,static_B_2020.02.27_18.39.27.csv,3275,275.6543,90.00,87.49,0.0500,5.308899
8505,soldier,static_B_2020.02.27_18.39.27.csv,1955,163.6300,9.49,10.81,0.0500,5.502803
8506,longdress,driving_B_2019.12.17_07.32.39.csv,1000,42.2258,0.00,-75.18,0.0500,6.058209
8507,loot,driving_B_2020.02.14_07.29.00.csv,1970,-18.9251,0.00,-274.67,0.0500,5.488430
8508,redandblack,driving_B_2019.12.16_14.23.32.csv,444,240.4371,54.87,71.78,0.0500,5.912417
8509,soldier,driving_B_2020.01.16_07.26.43.csv,1702,53.4548,0.00,-35.70,0.0500,5.766908
8510,longdress,driving_B_2019.12.17_07.32.39.csv,2140,7.3025,33.25,-45.81,0.0500,5.030442
8511,loot,static_B_2020.02.13_13.57.29.csv,590,252.2345,80.93,72.21,0.0500,5.819296
8512,redandblack,static_B_2020.02.27_18.39.27.csv,2735,272.1758,100.00,85.43,0.0500,5.341545
8513,soldier,driving_B_2020.02.13_13.03.24.csv,2136,-32.8280,0.00,-601.68,0.0500,5.871383
8514,longdress,driving_B_2019.12.17_07.32.39.csv,880,-15.2896,0.00,-129.03,0.0500,6.206747
8515,loot,driving_B_2020.02.13_13.03.24.csv,1296,24.1202,0.00,-108.91,0.0500,5.522085
8516,redandblack,driving_B_2020.01.16_07.26.43.csv,1462,-1.4694,0.00,-114.69,0.0500,5.369155
8517,soldier,static_B_2020.02.13_13.57.29.csv,1010,13.5787,0.00,-80.47,0.0500,5.573350
8518,longdress,driving_B_2019.12.16_14.23.32.csv,864,76.2219,0.00,-72.04,0.0500,5.361067
8519,loot,driving_B_2020.02.14_07.29.00.csv,1007,-2.2473,0.00,-112.94,0.0500,5.530599
8520,redandblack,driving_B_2020.02.14_07.29.00.csv,227,74.7153,0.00,-36.55,0.0500,5.150495
8521,soldier,driving_B_2020.02.27_17.30.15.csv,640,-44.2756,0.00,-614.47,0.0500,5.501154
8522,longdress,static_B_2020.02.27_18.39.27.csv,3515,187.6943,54.14,30.90,0.0500,5.640077
8523,loot,driving_B_2019.12.17_07.32.39.csv,1780,29.2695,0.00,-111.94,0.0500,5.513287
8524,redandblack,static_B_2020.02.27_18.39.27.csv,2795,242.1504,52.00,75.19,0.0500,5.682192
8525,soldier,static_B_2020.02.13_13.57.29.csv,2930,229.8332,66.04,48.23,0.0500,5.503727
8526,longdress,static_B_2020.02.27_18.39.27.csv,5495,254.0528,82.21,73.86,0.0500,5.550548
8527,loot,driving_B_2019.12.17_07.32.39.csv,820,48.4599,0.00,-40.59,0.0500,5.614428
8528,redandblack,driving_B_2019.12.16_14.23.32.csv,1284,245.8353,100.00,69.56,0.0500,6.075204
8529,soldier,static_B_2020.02.27_18.39.27.csv,3575,123.3161,8.93,2.19,0.0500,5.556353
8530,longdress,driving_B_2020.02.14_09.38.22.csv,1297,279.0676,100.00,87.14,0.0500,5.697358
8531,loot,driving_B_2019.12.17_07.32.39.csv,1960,221.9793,32.95,51.24,0.0500,5.929855
8532,redandblack,static_B_2020.02.27_18.39.27.csv,4835,266.8264,78.47,81.10,0.0500,5.267393
8533,soldier,driving_B_2019.12.16_14.23.32.csv,2004,289.5976,100.00,92.24,0.0500,5.427408
8534,longdress,driving_B_2020.02.13_15.02.01.csv,1624,84.7243,0.00,-123.64,0.0500,5.553627
8535,loot,driving_B_2019.12.16_14.23.32.csv,504,278.4617,84.00,89.07,0.0500,5.475456
8536,redandblack,static_B_2020.02.27_18.39.27.csv,2375,188.4098,37.87,-10.61,0.0500,5.289405
8537,soldier,driving_B_2020.02.14_12.58.17.csv,428,-38.2498,0.00,-515.58,0.0500,5.964826
8538,longdress,driving_B_2020.02.14_09.38.22.csv,1357,264.3186,84.60,78.96,0.0500,4.986900
8539,loot,static_B_2020.02.27_18.39.27.csv,5195,245.0679,34.00,76.76,0.0500,5.995249
8540,redandblack,driving_B_2019.12.17_07.32.39.csv,700,45.4118,0.00,-58.91,0.0500,5.691284
8541,soldier,static_B_2020.02.27_18.39.27.csv,2075,258.0624,64.49,66.34,0.0500,5.587075
8542,longdress,driving_B_2020.02.13_13.03.24.csv,1896,-175.9052,0.00,-745.73,0.0500,5.837401
8543,loot,driving_B_2020.02.13_15.02.01.csv,1444,48.4862,0.00,-111.34,0.0500,5.518373
8544,redandblack,static_B_2020.02.13_13.57.29.csv,2690,276.0763,100.00,83.70,0.0500,5.583481
8545,soldier,driving_B_2019.12.16_14.23.32.csv,2604,46.9787,0.00,-37.46,0.0500,5.630473
8546,longdress,static_B_2019.12.16_13.40.04.csv,133,254.9306,75.46,74.03,0.0500,5.732662
8547,loot,static_B_2020.02.13_13.57.29.csv,2090,259.0105,50.00,81.68,0.0500,5.903287
8548,redandblack,driving_B_2019.12.16_14.23.32.csv,744,224.8666,63.10,57.50,0.0500,5.440780
8549,soldier,static_B_2020.02.27_18.39.27.csv,3215,235.0360,76.00,53.04,0.0500,5.953728
8550,longdress,driving_B_2020.01.16_09.56.56.csv,344,97.6979,0.00,-172.98,0.0500,4.986725
8551,loot,driving_B_2020.02.27_17.30.15.csv,220,-53.7664,0.00,-566.84,0.0500,5.981702
8552,redandblack,static_B_2020.02.27_18.39.27.csv,815,255.1938,83.15,78.24,0.0500,5.529037
8553,soldier,driving_B_2020.02.13_13.03.24.csv,516,1.4363,0.00,-115.31,0.0500,5.502111
8554,longdress,driving_B_2020.02.14_09.38.22.csv,97,-6.3235,0.00,-262.72,0.0500,5.481133
8555,loot,driving_B_2020.01.16_07.26.43.csv,22,117.0963,0.00,-22.10,0.0500,6.022339
8556,redandblack,static_B_2020.02.14_13.21.26.csv,218,282.5397,100.00,90.34,0.0500,5.861068
8557,soldier,driving_B_2020.02.13_13.03.24.csv,576,10.8460,0.00,-189.59,0.0500,5.517781
8558,longdress,driving_B_2020.02.14_12.58.17.csv,368,-30.0726,0.00,-677.58,0.0500,5.680338
8559,loot,driving_B_2020.02.13_13.03.24.csv,1656,199.8107,25.63,-1.63,0.0500,5.781328
8560,redandblack,driving_B_2020.02.14_09.38.22.csv,1478,73.8555,0.00,-64.29,0.0500,5.924200
8561,soldier,driving_B_2019.12.16_12.27.05.csv,455,9.9790,0.00,-389.56,0.0500,6.074962
8562,longdress,static_B_2020.02.13_13.57.29.csv,1250,212.9543,31.99,33.40,0.0500,6.098789
8563,loot,driving_B_2020.02.14_07.29.00.csv,1607,270.3280,81.10,79.60,0.0500,6.253435
8564,redandblack,driving_B_2020.01.16_09.56.56.csv,1424,267.1116,100.00,79.92,0.0500,5.534759
8565,soldier,static_B_2020.02.13_13.57.29.csv,50,187.2140,48.58,39.99,0.0500,5.955500
8566,longdress,static_B_2020.02.27_18.39.27.csv,575,227.0692,100.00,34.59,0.0500,5.753794
8567,loot,driving_B_2020.02.13_13.03.24.csv,1836,-80.1939,0.00,-649.92,0.0500,5.819640
8568,redandblack,driving_B_2020.02.13_13.03.24.csv,1176,112.8185,0.00,0.62,0.0500,5.684119
8569,soldier,static_B_2020.02.27_18.39.27.csv,635,288.1337,100.00,91.75,0.0500,5.394869
8570,longdress,driving_B_2019.12.17_07.32.39.csv,1120,248.1811,67.61,67.52,0.0500,5.650907
8571,loot,driving_B_2020.01.16_09.56.56.csv,704,247.3643,79.90,73.45,0.0500,6.118684
8572,redandblack,static_B_2020.02.14_13.21.26.csv,98,264.9909,84.12,82.85,0.0500,5.669896
8573,soldier,static_B_2020.02.27_18.39.27.csv,3935,289.0580,100.00,92.41,0.0500,5.567335
8574,longdress,driving_B_2020.02.13_15.02.01.csv,1264,44.7316,0.00,-435.08,0.0500,5.542633
8575,loot,driving_B_2019.12.16_14.23.32.csv,1404,270.7862,82.60,83.64,0.0500,5.393512
8576,redandblack,static_B_2020.02.27_18.39.27.csv,5615,260.5304,87.25,81.17,0.0500,5.372943
8577,soldier,driving_B_2020.02.13_13.03.24.csv,1056,40.8925,0.00,-62.86,0.0500,5.974487
8578,longdress,static_B_2019.12.16_13.40.04.csv,1453,273.9355,100.00,84.91,0.0500,5.662768
8579,loot,driving_B_2019.12.16_12.27.05.csv,275,88.5038,0.00,-52.79,0.0500,5.609161
8580,redandblack,static_B_2020.02.27_18.39.27.csv,215,269.2349,96.00,84.50,0.0500,5.790503
8581,soldier,driving_B_2020.02.14_07.29.00.csv,1427,134.4149,0.00,-12.46,0.0500,6.024635
8582,longdress,static_B_2020.02.27_18.39.27.csv,4115,270.2191,79.05,72.97,0.0500,5.307491
8583,loot,driving_B_2019.12.16_14.23.32.csv,1344,180.4430,27.67,31.08,0.0500,5.828350
8584,redandblack,static_B_2020.02.14_13.21.26.csv,338,260.5074,85.19,79.66,0.0500,5.872111
8585,soldier,static_B_2020.02.27_18.39.27.csv,2975,274.2151,100.00,75.20,0.0500,5.876331
8586,longdress,driving_B_2019.12.16_12.27.05.csv,875,214.2165,37.11,37.90,0.0500,5.289730
8587,loot,static_B_2020.02.27_18.39.27.csv,95,275.9231,78.00,87.84,0.0500,5.594628
8588,redandblack,driving_B_2020.02.13_15.02.01.csv,2584,228.9068,72.58,56.01,0.0500,5.892314
8589,soldier,driving_B_2020.01.16_12.10.03.csv,244,268.9492,85.66,80.52,0.0500,5.886623
8590,longdress,static_B_2020.02.27_18.39.27.csv,3035,150.8890,0.00,10.85,0.0500,5.491007
8591,loot,static_B_2020.02.27_18.39.27.csv,1475,193.3309,48.96,33.30,0.0500,5.897470
8592,redandblack,driving_B_2020.01.16_07.26.43.csv,382,-6.0955,0.00,-132.76,0.0500,5.574858
8593,soldier,static_B_2020.02.27_18.39.27.csv,2495,282.2169,100.00,89.13,0.0500,5.813842
8594,longdress,driving_B_2020.02.13_13.03.24.csv,996,-18.2142,0.00,-258.06,0.0500,5.969193
8595,loot,static_B_2020.02.13_13.57.29.csv,350,229.3694,74.01,58.91,0.0500,6.254596
8596,redandblack,driving_B_2020.02.14_09.38.22.csv,1057,39.5030,0.00,-98.75,0.0500,5.776613
8597,soldier,static_B_2020.02.13_13.57.29.csv,1970,230.0178,55.91,62.74,0.0500,5.747950
8598,longdress,driving_B_2020.02.27_17.30.15.csv,700,-48.4729,0.00,-793.75,0.0500,5.256568
8599,loot,driving_B_2020.02.14_07.29.00.csv,1847,123.0076,0.00,-77.46,0.0500,5.655811
8600,redandblack,driving_B_2020.02.13_13.03.24.csv,1956,-21.2410,0.00,-288.35,0.0500,5.690759
8601,soldier,driving_B_2020.01.16_07.26.43.csv,1342,21.9628,0.00,-190.39,0.0500,5.809418
8602,longdress,driving_B_2019.12.17_07.32.39.csv,340,194.8529,22.47,29.03,0.0500,5.402364
8603,loot,driving_B_2020.02.13_15.02.01.csv,364,225.7401,2.00,69.47,0.0500,5.909936
8604,redandblack,static_B_2020.02.27_18.39.27.csv,5555,271.9843,92.00,85.87,0.0500,5.639239
8605,soldier,static_B_2020.02.27_18.39.27.csv,395,267.1140,100.00,79.78,0.0500,5.701284
8606,longdress,driving_B_2019.12.17_07.32.39.csv,1060,114.2489,0.00,-15.78,0.0500,5.719974
8607,loot,driving_B_2020.01.16_09.56.56.csv,764,180.2237,25.13,31.99,0.0500,5.865328
8608,redandblack,driving_B_2019.12.16_12.27.05.csv,515,-8.8200,0.00,-242.01,0.0500,5.758651
8609,soldier,static_B_2020.02.27_18.39.27.csv,4955,276.5400,82.95,84.97,0.0500,5.600602
8610,longdress,driving_B_2020.02.13_13.03.24.csv,936,47.2359,0.00,-207.36,0.0500,5.490103
8611,loot,driving_B_2020.01.16_07.26.43.csv,322,43.8749,0.00,-168.09,0.0500,5.606939
8612,redandblack,driving_B_2020.02.14_09.38.22.csv,37,7.6577,0.00,-81.97,0.0500,5.635000
8613,soldier,driving_B_2020.02.13_13.03.24.csv,2188,-94.0231,0.00,-1059.29,0.0500,5.609654
8614,longdress,driving_B_2019.12.16_14.23.32.csv,324,285.6456,100.00,90.83,0.0500,5.070137
8615,loot,driving_B_2019.12.16_14.23.32.csv,684,215.2982,34.94,50.71,0.0500,5.297658
8616,redandblack,driving_B_2020.02.14_07.29.00.csv,1487,139.2613,0.00,-0.70,0.0500,6.474663
8617,soldier,static_B_2020.02.27_18.39.27.csv,5735,264.4551,72.55,72.91,0.0500,6.140021
8618,longdress,driving_B_2020.02.14_07.29.00.csv,1667,248.8447,74.68,63.02,0.0500,5.621071
8619,loot,driving_B_2019.12.16_14.23.32.csv,1824,-25.3286,0.00,-278.26,0.0500,6.118490
8620,redandblack,driving_B_2020.01.16_09.56.56.csv,1244,152.2059,0.00,-7.69,0.0500,5.841075
8621,soldier,static_B_2020.02.13_13.57.29.csv,410,280.6556,100.00,85.71,0.0500,5.935177
8622,longdress,driving_B_2020.02.14_09.38.22.csv,397,39.6948,0.00,-189.93,0.0500,6.069090
8623,loot,static_B_2020.02.13_13.57.29.csv,1130,125.6992,0.00,-11.00,0.0500,5.660185
8624,redandblack,static_B_2020.02.13_13.57.29.csv,2570,272.4923,96.00,84.76,0.0500,5.290489
8625,soldier,driving_B_2020.02.14_07.29.00.csv,527,40.3330,0.00,-149.16,0.0500,5.670080
8626,longdress,driving_B_2020.02.13_13.03.24.csv,336,24.4623,0.00,-204.25,0.0500,5.460599
8627,loot,static_B_2020.02.27_18.39.27.csv,4055,266.4276,66.00,84.46,0.0500,5.940490
8628,redandblack,driving_B_2019.12.17_07.32.39.csv,2020,146.4245,0.00,-124.08,0.0500,5.398009
8629,soldier,driving_B_2020.02.27_17.30.15.csv,160,-43.9424,0.00,-1094.15,0.0500,5.920531
8630,longdress,driving_B_2020.02.14_09.38.22.csv,277,-22.7299,0.00,-532.29,0.0500,5.764362
8631,loot,static_B_2020.02.27_18.39.27.csv,1235,252.1536,48.00,77.93,0.0500,5.299344
8632,redandblack,driving_B_2019.12.16_14.23.32.csv,1764,18.7232,0.00,-290.51,0.0500,5.279382
8633,soldier,driving_B_2020.01.16_09.56.56.csv,1004,259.8433,100.00,71.16,0.0500,5.652850
8634,longdress,driving_B_2019.12.16_11.49.59.csv,103,20.9102,0.00,-127.01,0.0500,5.996371
8635,loot,driving_B_2020.02.14_07.29.00.csv,1967,0.5266,0.00,-277.60,0.0500,5.615630
8636,redandblack,driving_B_2020.01.16_09.56.56.csv,1124,104.6712,0.00,-48.84,0.0500,5.395024
8637,soldier,driving_B_2020.02.13_15.02.01.csv,844,82.1797,0.00,-25.99,0.0500,5.893833
8638,longdress,driving_B_2020.02.13_15.02.01.csv,1504,-33.0769,0.00,-790.99,0.0500,5.298533
8639,loot,driving_B_2019.12.16_14.23.32.csv,1704,-3.7233,0.00,-370.55,0.0500,6.035520
8640,redandblack,driving_B_2020.02.13_13.03.24.csv,1536,11.1989,0.00,-143.56,0.0500,5.896154
8641,soldier,driving_B_2020.02.14_07.29.00.csv,587,66.9540,0.00,-84.10,0.0500,5.740324
8642,longdress,static_B_2020.02.27_18.39.27.csv,4475,121.4430,0.00,-1.44,0.0500,5.630040
8643,loot,driving_B_2020.01.16_09.56.56.csv,944,139.2933,0.00,-6.50,0.0500,5.840040
8644,redandblack,driving_B_2019.12.17_07.32.39.csv,1600,228.4690,74.22,55.56,0.0500,5.603976
8645,soldier,static_B_2019.12.16_13.40.04.csv,1393,196.3377,47.19,27.81,0.0500,5.960192
8646,longdress,driving_B_2019.12.17_07.32.39.csv,40,28.8146,0.00,-88.52,0.0500,5.261435
8647,loot,driving_B_2020.02.27_17.30.15.csv,400,-22.7600,0.00,-594.78,0.0500,5.405051
8648,redandblack,driving_B_2019.12.16_11.49.59.csv,163,68.4020,0.00,-83.48,0.0500,6.241410
8649,soldier,driving_B_2020.02.27_17.30.15.csv,520,-44.5687,0.00,-525.47,0.0500,5.834523
8650,longdress,driving_B_2020.02.13_15.02.01.csv,1324,60.7901,0.00,-204.50,0.0500,5.479570
8651,loot,static_B_2020.02.27_18.39.27.csv,755,269.0214,85.53,84.34,0.0500,5.414135
8652,redandblack,static_B_2020.02.27_18.39.27.csv,2915,196.3733,17.70,38.86,0.0500,5.475936
8653,soldier,driving_B_2020.02.14_12.58.17.csv,548,90.5139,0.00,-55.46,0.0500,5.752772
8654,longdress,driving_B_2020.02.13_15.02.01.csv,1084,157.2714,0.00,3.75,0.0500,5.797299
8655,loot,static_B_2020.02.27_18.39.27.csv,35,285.6132,100.00,91.31,0.0500,5.538191
8656,redandblack,static_B_2020.02.27_18.39.27.csv,455,261.3931,84.96,71.13,0.0500,6.021070
8657,soldier,static_B_2019.12.16_13.40.04.csv,1153,78.6872,0.00,-232.93,0.0500,5.357354
8658,longdress,driving_B_2020.02.14_07.29.00.csv,1187,236.5347,58.49,61.22,0.0500,6.062979
8659,loot,driving_B_2019.12.16_14.23.32.csv,204,249.8852,80.55,71.67,0.0500,5.495694
8660,redandblack,driving_B_2020.01.16_09.56.56.csv,1484,285.3977,100.00,91.65,0.0500,5.959390
8661,soldier,static_B_2020.02.13_13.57.29.csv,2210,155.9018,32.98,14.61,0.0500,5.490659
8662,longdress,static_B_2020.02.14_13.21.26.csv,850,220.0069,66.27,47.68,0.0500,5.668376
8663,loot,static_B_2020.02.27_18.39.27.csv,3815,193.9776,53.95,35.93,0.0500,6.110816
8664,redandblack,driving_B_2019.12.16_12.27.05.csv,335,129.9760,0.00,5.49,0.0500,5.916908
8665,soldier,driving_B_2020.01.16_12.10.03.csv,136,276.4895,100.00,86.86,0.0500,5.757497
8666,longdress,driving_B_2020.02.14_12.58.17.csv,668,60.4654,0.00,-438.34,0.0500,5.099888
8667,loot,driving_B_2019.12.16_14.23.32.csv,1944,179.0128,4.95,13.56,0.0500,5.760764
8668,redandblack,static_B_2019.12.16_13.40.04.csv,1693,240.8683,73.41,62.32,0.0500,5.285801
8669,soldier,static_B_2020.02.27_18.39.27.csv,3695,241.2274,46.00,74.45,0.0500,5.938318
8670,longdress,driving_B_2020.02.13_15.02.01.csv,2704,-0.6007,0.00,-201.49,0.0500,5.926126
8671,loot,static_B_2020.02.27_18.39.27.csv,995,272.7982,100.00,82.68,0.0500,5.939803
8672,redandblack,driving_B_2020.02.14_12.58.17.csv,188,-48.5107,0.00,-867.04,0.0500,5.912050
8673,soldier,driving_B_2020.02.14_07.29.00.csv,347,280.0985,100.00,87.79,0.0500,5.836364
8674,longdress,driving_B_2020.01.16_09.56.56.csv,524,198.9482,29.12,39.06,0.0500,5.805249
8675,loot,static_B_2020.02.27_18.39.27.csv,1535,268.4270,100.00,83.67,0.0500,6.216777
8676,redandblack,static_B_2020.02.14_13.21.26.csv,398,284.6906,100.00,91.23,0.0500,6.082107
8677,soldier,driving_B_2019.12.17_07.32.39.csv,1900,157.7929,0.00,-6.32,0.0500,5.324894
8678,longdress,driving_B_2020.01.16_07.26.43.csv,1582,-3.3913,0.00,-132.77,0.0500,6.005410
8679,loot,static_B_2020.02.13_13.57.29.csv,710,102.8728,0.00,-36.55,0.0500,5.690043
8680,redandblack,static_B_2020.02.13_13.57.29.csv,2150,150.9232,0.00,9.69,0.0500,5.442119
8681,soldier,driving_B_2019.12.17_07.32.39.csv,1240,77.2136,0.00,-45.35,0.0500,5.805334
8682,longdress,static_B_2020.02.14_13.21.26.csv,698,273.8270,100.00,85.26,0.0500,5.828902
8683,loot,driving_B_2020.02.27_17.30.15.csv,720,-0.4412,0.00,-402.28,0.0500,5.669897
8684,redandblack,driving_B_2020.01.16_07.26.43.csv,982,84.9481,0.00,-50.55,0.0500,5.895404
8685,soldier,driving_B_2019.12.17_07.32.39.csv,760,64.9931,0.00,-85.84,0.0500,6.026246
8686,longdress,static_B_2020.02.13_13.57.29.csv,1910,234.3716,69.09,53.63,0.0500,5.732740
8687,loot,driving_B_2020.02.14_07.29.00.csv,407,77.7757,0.00,-106.18,0.0500,6.126276
8688,redandblack,driving_B_2020.02.14_07.29.00.csv,287,207.1454,26.85,34.59,0.0500,5.782187
8689,soldier,static_B_2020.02.27_18.39.27.csv,5135,282.7471,100.00,89.36,0.0500,5.731242
8690,longdress,driving_B_2020.01.16_09.56.56.csv,1304,231.7065,67.70,52.56,0.0500,5.468016
8691,loot,driving_B_2019.12.16_12.27.05.csv,1152,162.0502,12.96,7.20,0.0500,5.787514
8692,redandblack,driving_B_2019.12.16_11.49.59.csv,277,55.2979,0.00,-93.06,0.0500,5.352117
8693,soldier,driving_B_2020.01.16_09.56.56.csv,884,96.4461,0.00,-58.93,0.0500,5.300664
8694,longdress,driving_B_2020.01.16_07.26.43.csv,262,156.1339,46.48,28.37,0.0500,5.895838
8695,loot,static_B_2020.02.13_13.57.29.csv,1070,238.0583,76.05,66.00,0.0500,5.842968
8696,redandblack,driving_B_2020.02.13_15.02.01.csv,2164,213.2208,78.01,58.17,0.0500,6.071636
8697,soldier,static_B_2019.12.16_13.40.04.csv,913,146.9273,47.97,28.39,0.0500,5.559830
8698,longdress,static_B_2020.02.13_13.57.29.csv,2450,130.5525,0.00,-188.55,0.0500,5.564735
8699,loot,driving_B_2019.12.16_14.23.32.csv,2424,134.0922,0.00,6.47,0.0500,6.199519
8700,redandblack,driving_B_2020.02.14_12.58.17.csv,728,33.3061,0.00,-238.19,0.0500,5.852447
8701,soldier,static_B_2020.02.13_13.57.29.csv,650,118.1350,4.71,11.39,0.0500,6.012075
8702,longdress,driving_B_2019.12.16_14.23.32.csv,2124,219.4872,73.41,28.00,0.0500,5.888460
8703,loot,static_B_2020.02.27_18.39.27.csv,2315,252.1178,79.66,72.34,0.0500,5.926960
8704,redandblack,static_B_2020.02.13_13.57.29.csv,530,198.3891,36.13,46.22,0.0500,5.635655
8705,soldier,driving_B_2019.12.16_12.27.05.csv,395,54.3470,38.70,-51.71,0.0500,5.603311
8706,longdress,driving_B_2020.02.14_09.38.22.csv,1177,51.1606,0.00,-131.38,0.0500,5.878515
8707,loot,driving_B_2020.01.16_07.26.43.csv,622,132.0055,7.04,19.17,0.0500,5.885025
8708,redandblack,driving_B_2020.02.14_07.29.00.csv,1247,252.1480,74.37,72.26,0.0500,5.300147
8709,soldier,driving_B_2020.02.13_13.03.24.csv,636,87.2841,0.00,-24.57,0.0500,5.520997
8710,longdress,driving_B_2019.12.17_07.32.39.csv,460,151.6034,0.00,-63.69,0.0500,5.534807
8711,loot,driving_B_2019.12.16_14.23.32.csv,624,226.0061,57.28,57.80,0.0500,6.020093
8712,redandblack,static_B_2020.02.27_18.39.27.csv,4355,189.0418,47.37,31.58,0.0500,6.065930
8713,soldier,driving_B_2020.01.16_07.26.43.csv,82,178.1671,66.74,42.79,0.0500,5.673832
8714,longdress,static_B_2020.02.14_13.21.26.csv,278,251.2999,78.69,75.08,0.0500,5.586707
8715,loot,driving_B_2019.12.16_12.27.05.csv,1115,180.9741,16.93,21.86,0.0500,5.980557
8716,redandblack,static_B_2019.12.16_13.40.04.csv,373,217.2985,80.71,53.56,0.0500,5.752017
8717,soldier,static_B_2020.02.13_13.57.29.csv,1730,214.6014,48.90,46.79,0.0500,5.717911
8718,longdress,driving_B_2019.12.17_07.32.39.csv,220,101.0569,10.05,-5.44,0.0500,6.152446
8719,loot,static_B_2020.02.27_18.39.27.csv,935,262.0107,100.00,77.87,0.0500,5.509952
8720,redandblack,driving_B_2020.02.13_15.02.01.csv,1024,196.7166,0.00,58.86,0.0500,6.639110
8721,soldier,driving_B_2020.01.16_07.26.43.csv,922,68.5268,0.00,-53.07,0.0500,5.548329
8722,longdress,driving_B_2020.02.13_15.02.01.csv,304,246.2288,77.34,69.31,0.0500,5.975433
8723,loot,static_B_2020.02.13_13.57.29.csv,1190,250.2100,56.00,78.86,0.0500,5.757637
8724,redandblack,static_B_2019.12.16_13.40.04.csv,1513,253.8768,87.16,70.72,0.0500,5.859170
8725,soldier,static_B_2019.12.16_13.40.04.csv,493,217.2682,75.03,22.51,0.0500,6.187405
8726,longdress,driving_B_2020.01.16_07.26.43.csv,1222,149.5082,34.14,31.04,0.0500,5.634744
8727,loot,driving_B_2019.12.16_14.23.32.csv,1044,48.2713,0.00,-217.63,0.0500,5.923320
8728,redandblack,driving_B_2019.12.17_07.32.39.csv,100,98.8915,0.00,-10.75,0.0500,5.683773
8729,soldier,static_B_2020.02.14_13.21.26.csv,38,271.1743,100.00,84.23,0.0500,5.656542
8730,longdress,static_B_2020.02.27_18.39.27.csv,5075,250.2563,82.00,75.69,0.0500,5.240632
8731,loot,static_B_2020.02.13_13.57.29.csv,1370,217.1915,62.37,56.79,0.0500,6.391885
8732,redandblack,static_B_2019.12.16_13.40.04.csv,793,261.3092,87.52,81.48,0.0500,5.504712
8733,soldier,driving_B_2020.02.13_13.03.24.csv,1116,-3.2241,0.00,-201.08,0.0500,6.098097
8734,longdress,driving_B_2020.02.14_07.29.00.csv,1970,-3.5917,0.00,-426.36,0.0500,5.804567
8735,loot,static_B_2020.02.14_13.21.26.csv,818,223.1593,26.00,69.59,0.0500,6.159654
8736,redandblack,driving_B_2019.12.17_07.32.39.csv,1540,109.4141,0.00,2.44,0.0500,6.007508
8737,soldier,static_B_2020.02.27_18.39.27.csv,4715,228.0966,77.09,50.73,0.0500,5.776513
8738,longdress,static_B_2020.02.27_18.39.27.csv,5675,250.6365,82.45,66.89,0.0500,6.713580
8739,loot,driving_B_2020.01.16_09.56.56.csv,44,99.2093,0.00,-20.50,0.0500,5.914535
8740,redandblack,driving_B_2020.02.14_09.38.22.csv,637,204.5479,0.00,62.03,0.0500,5.905745
8741,soldier,driving_B_2020.02.13_13.03.24.csv,696,61.8289,0.00,-49.94,0.0500,5.432284
8742,longdress,driving_B_2020.01.16_09.56.56.csv,644,86.1773,0.00,-52.04,0.0500,5.917002
8743,loot,driving_B_2020.02.14_12.58.17.csv,308,-2.2051,0.00,-254.71,0.0500,5.991771
8744,redandblack,static_B_2020.02.27_18.39.27.csv,4595,157.8944,0.00,7.52,0.0500,5.699359
8745,soldier,driving_B_2020.02.14_09.38.22.csv,337,66.7154,0.00,-88.25,0.0500,6.197770
8746,longdress,driving_B_2020.02.27_17.30.15.csv,280,-4.4290,0.00,-159.29,0.0500,5.381948
8747,loot,driving_B_2020.02.13_13.03.24.csv,2016,102.7452,0.00,-4.50,0.0500,5.836831
8748,redandblack,static_B_2020.02.13_13.57.29.csv,2810,136.0239,0.00,6.20,0.0500,5.786013
8749,soldier,driving_B_2020.01.16_07.26.43.csv,1770,66.6682,0.00,-39.20,0.0500,4.973376
8750,longdress,driving_B_2019.12.17_07.32.39.csv,2080,180.4852,83.66,47.07,0.0500,5.445681
8751,loot,static_B_2020.02.27_18.39.27.csv,275,279.8176,100.00,88.77,0.0500,5.285481
8752,redandblack,static_B_2020.02.27_18.39.27.csv,4655,85.6946,0.00,-262.40,0.0500,6.042984
8753,soldier,driving_B_2020.02.14_07.29.00.csv,1547,114.6724,0.00,-172.90,0.0500,5.531655
8754,longdress,driving_B_2019.12.16_14.23.32.csv,2184,259.5378,78.21,73.58,0.0500,5.129407
8755,loot,static_B_2020.02.13_13.57.29.csv,1430,219.9636,52.45,53.32,0.0500,5.796711
8756,redandblack,driving_B_2019.12.17_07.32.39.csv,940,113.6239,0.00,3.68,0.0500,5.606294
8757,soldier,static_B_2020.02.14_13.21.26.csv,850,181.8290,75.16,38.81,0.0500,5.835469
8758,longdress,static_B_2019.12.16_13.40.04.csv,1753,233.2909,79.56,60.73,0.0500,5.932065
8759,loot,static_B_2020.02.27_18.39.27.csv,3395,240.5996,44.00,74.80,0.0500,6.209479
8760,redandblack,driving_B_2020.02.13_15.02.01.csv,904,199.3021,0.00,58.59,0.0500,5.573094
8761,soldier,driving_B_2020.02.13_13.03.24.csv,1716,178.9670,8.62,13.25,0.0500,5.466890
8762,longdress,driving_B_2019.12.16_12.27.05.csv,755,168.3011,59.33,39.18,0.0500,5.525619
8763,loot,static_B_2020.02.27_18.39.27.csv,1175,188.5116,0.00,-176.96,0.0500,5.758064
8764,redandblack,driving_B_2019.12.16_14.23.32.csv,1884,44.5120,0.00,-231.82,0.0500,5.803131
8765,soldier,driving_B_2020.02.13_15.02.01.csv,1564,60.4037,0.00,-585.45,0.0500,5.484059
8766,longdress,driving_B_2020.01.16_09.56.56.csv,1570,127.4357,0.00,5.34,0.0500,5.745509
8767,loot,driving_B_2019.12.16_14.23.32.csv,1224,286.6884,90.00,92.29,0.0500,6.316657
8768,redandblack,static_B_2020.02.13_13.57.29.csv,890,123.7221,0.00,-16.15,0.0500,6.116727
8769,soldier,static_B_2020.02.13_13.57.29.csv,2390,141.6495,0.00,-7.23,0.0500,5.890685
8770,longdress,driving_B_2020.02.13_15.02.01.csv,2464,100.2515,0.00,-213.91,0.0500,6.325592
8771,loot,static_B_2020.02.27_18.39.27.csv,515,160.0350,0.00,5.92,0.0500,6.032845
8772,redandblack,static_B_2020.02.13_13.57.29.csv,2510,207.6583,24.00,60.74,0.0500,5.191845
8773,soldier,static_B_2020.02.13_13.57.29.csv,470,167.7690,0.00,16.96,0.0500,6.898111
8774,longdress,driving_B_2019.12.16_12.27.05.csv,35,48.3736,0.00,-105.55,0.0500,5.893137
8775,loot,static_B_2019.12.16_13.40.04.csv,973,219.7989,40.17,50.30,0.0500,5.060978
8776,redandblack,static_B_2019.12.16_13.40.04.csv,1904,192.4152,18.00,37.79,0.0500,5.801460
8777,soldier,driving_B_2020.01.16_07.26.43.csv,562,63.8313,0.00,-115.99,0.0500,6.461657
8778,longdress,static_B_2019.12.16_13.40.04.csv,13,282.2061,100.00,88.10,0.0500,5.787671
8779,loot,static_B_2020.02.27_18.39.27.csv,2855,274.2036,100.00,85.44,0.0500,5.422429
8780,redandblack,driving_B_2020.02.13_13.03.24.csv,1476,176.0601,0.00,-18.92,0.0500,5.886028
8781,soldier,driving_B_2020.01.16_07.26.43.csv,1770,-2.2957,0.00,-549.12,0.0500,6.075000
8782,longdress,driving_B_2020.01.16_09.56.56.csv,464,215.4076,36.92,31.51,0.0500,5.926952
8783,loot,static_B_2020.02.13_13.57.29.csv,2630,214.9201,22.00,64.08,0.0500,5.937326
8784,redandblack,driving_B_2020.02.14_07.29.00.csv,887,262.9680,94.00,82.48,0.0500,5.986226
8785,soldier,driving_B_2020.02.14_09.38.22.csv,577,194.7215,0.45,16.62,0.0500,5.491285
8786,longdress,driving_B_2019.12.17_07.32.39.csv,1480,101.4282,0.00,-87.48,0.0500,5.500292
8787,loot,driving_B_2019.12.16_12.27.05.csv,1055,172.4137,25.84,34.44,0.0500,5.920871
8788,redandblack,driving_B_2020.01.16_07.26.43.csv,1102,116.8940,0.00,-8.84,0.0500,5.704440
8789,soldier,driving_B_2020.01.16_12.10.03.csv,76,266.3474,76.30,77.62,0.0500,5.881470
8790,longdress,driving_B_2019.12.17_07.32.39.csv,280,118.5462,0.00,-11.05,0.0500,5.723649
8791,loot,static_B_2019.12.16_13.40.04.csv,433,189.1175,44.43,35.07,0.0500,5.694063
8792,redandblack,static_B_2020.02.13_13.57.29.csv,1670,217.7508,60.37,57.91,0.0500,5.485506
8793,soldier,driving_B_2020.02.13_15.02.01.csv,2104,126.1390,0.00,-1.64,0.0500,6.275840
8794,longdress,driving_B_2020.02.13_15.02.01.csv,2754,87.3759,0.00,-44.83,0.0500,5.607774
8795,loot,driving_B_2019.12.16_14.23.32.csv,84,182.8473,10.00,52.21,0.0500,5.803552
8796,redandblack,static_B_2020.02.27_18.39.27.csv,3455,284.7424,100.00,87.38,0.0500,5.870579
8797,soldier,driving_B_2020.01.16_07.26.43.csv,742,98.6125,0.00,-5.87,0.0500,5.634198
8798,longdress,driving_B_2020.02.14_12.58.17.csv,248,-98.2728,0.00,-1010.53,0.0500,5.402373
8799,loot,static_B_2020.02.27_18.39.27.csv,3335,220.8467,69.61,58.82,0.0500,5.569434
8800,redandblack,driving_B_2020.02.13_15.02.01.csv,124,241.2523,85.11,65.67,0.0500,5.522595
8801,soldier,static_B_2020.02.27_18.39.27.csv,3755,260.6547,85.72,71.84,0.0500,5.540006
8802,longdress,driving_B_2019.12.16_12.27.05.csv,95,97.9779,0.00,-81.01,0.0500,5.454443
8803,loot,driving_B_2020.01.16_07.26.43.csv,682,74.1796,0.00,-68.09,0.0500,5.477161
8804,redandblack,driving_B_2020.02.13_13.03.24.csv,1356,145.8252,13.43,6.85,0.0500,5.315307
8805,soldier,static_B_2020.02.27_18.39.27.csv,2675,111.6155,0.00,-16.40,0.0500,5.907384
8806,longdress,driving_B_2020.02.14_07.29.00.csv,947,56.6339,0.00,-106.43,0.0500,5.923906
8807,loot,driving_B_2020.01.16_09.56.56.csv,1184,190.7645,75.60,43.90,0.0500,6.131579
8808,redandblack,driving_B_2020.01.16_09.56.56.csv,284,221.3316,76.16,59.46,0.0500,5.458175
8809,soldier,driving_B_2020.02.13_15.02.01.csv,2404,-0.7234,0.00,-482.66,0.0500,6.164785
8810,longdress,static_B_2020.02.13_13.57.29.csv,830,153.0298,42.01,22.86,0.0500,5.151849
8811,loot,driving_B_2020.02.13_15.02.01.csv,64,271.9810,85.43,83.88,0.0500,5.914549
8812,redandblack,static_B_2020.02.13_13.57.29.csv,110,136.5294,0.00,9.39,0.0500,5.877924
8813,soldier,static_B_2020.02.27_18.39.27.csv,2555,258.2482,67.66,72.39,0.0500,5.774017
8814,longdress,driving_B_2020.02.13_15.02.01.csv,184,279.2226,100.00,86.83,0.0500,5.456688
8815,loot,static_B_2019.12.16_13.40.04.csv,1573,285.3533,94.00,90.99,0.0500,5.594293
8816,redandblack,driving_B_2020.02.14_09.38.22.csv,1117,64.4662,0.00,-116.39,0.0500,6.397035
8817,soldier,driving_B_2020.02.14_07.29.00.csv,1307,124.5359,0.00,-48.32,0.0500,5.466108
8818,longdress,driving_B_2019.12.17_07.32.39.csv,2200,146.0757,0.00,-32.39,0.0500,6.509385
8819,loot,driving_B_2020.02.14_07.29.00.csv,1727,122.6891,0.00,-0.80,0.0500,5.023590
8820,redandblack,driving_B_2019.12.17_07.32.39.csv,580,143.5035,0.00,-23.11,0.0500,6.003972
8821,soldier,driving_B_2020.02.13_15.02.01.csv,2284,10.8412,0.00,-474.56,0.0500,6.533578
8822,longdress,driving_B_2020.02.27_17.30.15.csv,340,-2.0977,0.00,-324.68,0.0500,6.192673
8823,loot,driving_B_2020.01.16_09.56.56.csv,1544,275.8579,100.00,86.60,0.0500,5.749015
8824,redandblack,driving_B_2020.02.14_07.29.00.csv,1067,245.5781,0.00,-49.46,0.0500,5.788404
8825,soldier,driving_B_2019.12.16_14.23.32.csv,2616,153.7386,8.28,17.23,0.0500,5.039551
8826,longdress,static_B_2019.12.16_13.40.04.csv,1213,174.0572,40.68,19.62,0.0500,5.321042
8827,loot,driving_B_2020.01.16_07.26.43.csv,1642,75.0803,0.00,-18.75,0.0500,6.156137
8828,redandblack,driving_B_2019.12.16_14.23.32.csv,24,263.2250,83.37,77.26,0.0500,6.325814
8829,soldier,driving_B_2020.02.27_17.30.15.csv,100,-83.2993,0.00,-884.66,0.0500,5.998129
8830,longdress,driving_B_2020.02.14_07.29.00.csv,1907,-29.0021,0.00,-627.08,0.0500,6.114325
8831,loot,driving_B_2020.02.13_13.03.24.csv,2076,-12.6296,0.00,-384.48,0.0500,5.830652
8832,redandblack,driving_B_2020.02.14_12.58.17.csv,608,92.1968,0.00,-27.16,0.0500,5.980120
8833,soldier,static_B_2020.02.27_18.39.27.csv,4175,267.0728,100.00,82.50,0.0500,5.778170
8834,longdress,driving_B_2020.01.16_09.56.56.csv,224,136.9450,32.79,7.37,0.0500,6.300585
8835,loot,static_B_2020.02.27_18.39.27.csv,2255,219.2559,85.57,61.40,0.0500,5.669798
8836,redandblack,driving_B_2020.02.14_09.38.22.csv,817,188.0918,17.75,1.39,0.0500,5.865201
8837,soldier,driving_B_2019.12.16_14.23.32.csv,2064,209.0673,0.00,-76.87,0.0500,6.151944
8838,longdress,driving_B_2020.02.14_07.29.00.csv,467,39.0643,0.00,-81.27,0.0500,6.025330
8839,loot,static_B_2020.02.27_18.39.27.csv,1715,204.6029,79.29,45.98,0.0500,5.901190
8840,redandblack,static_B_2020.02.27_18.39.27.csv,3095,179.1155,58.42,36.31,0.0500,4.713770
8841,soldier,driving_B_2020.02.14_07.29.00.csv,1787,256.8755,78.64,68.92,0.0500,5.509216
8842,longdress,static_B_2020.02.27_18.39.27.csv,3995,254.4604,68.00,79.50,0.0500,5.749598
8843,loot,driving_B_2020.02.13_13.03.24.csv,156,73.4441,0.00,-29.50,0.0500,5.961487
8844,redandblack,driving_B_2019.12.16_11.49.59.csv,223,54.9766,0.00,-172.90,0.0500,5.818638
8845,soldier,driving_B_2020.01.16_09.56.56.csv,104,56.9923,0.00,-55.74,0.0500,5.902704
8846,longdress,driving_B_2020.01.16_07.26.43.csv,202,140.7504,21.93,13.76,0.0500,5.834037
8847,loot,driving_B_2020.01.16_12.10.03.csv,196,267.3804,100.00,82.18,0.0500,5.201223
8848,redandblack,static_B_2019.12.16_13.40.04.csv,1333,171.6464,39.74,27.98,0.0500,6.118051
8849,soldier,static_B_2020.02.13_13.57.29.csv,770,165.6083,35.69,26.82,0.0500,4.954306
8850,longdress,static_B_2019.12.16_13.40.04.csv,553,172.1424,39.06,30.50,0.0500,5.489498
8851,loot,driving_B_2020.02.13_13.03.24.csv,1416,96.0028,0.00,-13.58,0.0500,6.145274
8852,redandblack,static_B_2020.02.13_13.57.29.csv,1850,88.9365,0.00,-19.43,0.0500,5.931018
8853,soldier,static_B_2020.02.14_13.21.26.csv,578,236.8872,44.00,72.88,0.0500,6.053840
8854,longdress,driving_B_2020.01.16_09.56.56.csv,824,77.5200,0.00,-107.40,0.0500,5.710210
8855,loot,driving_B_2020.02.14_07.29.00.csv,47,113.2855,52.84,-0.82,0.0500,6.441660
8856,redandblack,driving_B_2020.02.13_15.02.01.csv,1984,141.5314,9.85,12.65,0.0500,5.735669
8857,soldier,driving_B_2020.02.14_09.38.22.csv,157,-10.3366,0.00,-250.78,0.0500,5.703769
8858,longdress,driving_B_2020.02.14_09.38.22.csv,1477,58.8161,0.00,-42.10,0.0500,5.323583
8859,loot,driving_B_2020.02.13_13.03.24.csv,396,23.0277,0.00,-46.95,0.0500,5.941178
8860,redandblack,driving_B_2020.02.14_12.58.17.csv,128,94.6015,51.69,-8.38,0.0500,5.822126
8861,soldier,driving_B_2020.01.16_09.56.56.csv,584,239.9685,100.00,69.02,0.0500,5.806300
8862,longdress,driving_B_2019.12.17_07.32.39.csv,2288,217.6283,80.25,55.64,0.0500,6.028285
8863,loot,driving_B_2019.12.16_14.23.32.csv,1164,135.3774,4.77,14.43,0.0500,6.452558
8864,redandblack,driving_B_2020.01.16_09.56.56.csv,404,105.4114,6.57,-8.42,0.0500,5.896139
8865,soldier,driving_B_2020.02.13_15.02.01.csv,604,33.6242,0.00,-75.86,0.0500,6.079725
8866,longdress,static_B_2020.02.27_18.39.27.csv,5375,267.8221,100.00,83.53,0.0500,5.497508
8867,loot,driving_B_2020.02.13_15.02.01.csv,484,77.2254,0.00,-27.14,0.0500,5.494614
8868,redandblack,static_B_2020.02.13_13.57.29.csv,2945,207.3795,81.74,52.89,0.0500,5.994105
8869,soldier,static_B_2019.12.16_13.40.04.csv,1904,182.1430,16.00,33.64,0.0500,6.082860
8870,longdress,driving_B_2020.02.13_15.02.01.csv,2754,95.6266,35.10,-5.03,0.0500,5.661939
8871,loot,driving_B_2019.12.16_14.23.32.csv,2544,71.5724,0.00,-54.40,0.0500,5.766167
8872,redandblack,driving_B_2020.02.14_07.29.00.csv,647,120.0959,54.76,10.87,0.0500,5.460486
8873,soldier,static_B_2019.12.16_13.40.04.csv,1033,167.9767,65.17,27.21,0.0500,5.894186
8874,longdress,driving_B_2020.02.13_13.03.24.csv,276,131.7854,5.79,-5.68,0.0500,5.604128
8875,loot,driving_B_2019.12.17_07.32.39.csv,1420,205.9756,74.57,41.25,0.0500,5.514864
8876,redandblack,static_B_2019.12.16_13.40.04.csv,733,231.7668,38.00,70.42,0.0500,5.751558
8877,soldier,static_B_2019.12.16_13.40.04.csv,1633,212.2739,62.14,45.47,0.0500,5.876613
8878,longdress,driving_B_2019.12.17_07.32.39.csv,1660,65.0755,0.00,-129.21,0.0500,5.624165
8879,loot,static_B_2020.02.27_18.39.27.csv,5315,271.3165,100.00,85.30,0.0500,5.330090
8880,redandblack,driving_B_2019.12.16_14.23.32.csv,1464,154.1904,26.65,13.16,0.0500,5.832655
8881,soldier,driving_B_2020.02.14_12.58.17.csv,488,2.2007,0.00,-187.21,0.0500,6.097776
8882,longdress,driving_B_2020.02.13_13.03.24.csv,816,20.4376,0.00,-96.96,0.0500,6.195736
8883,loot,driving_B_2019.12.17_07.32.39.csv,640,100.4835,0.00,-41.85,0.0500,5.641332
8884,redandblack,driving_B_2019.12.17_07.32.39.csv,160,120.2906,0.00,3.46,0.0500,6.401252
8885,soldier,driving_B_2020.02.14_09.38.22.csv,937,222.0759,20.00,68.25,0.0500,5.020031
8886,longdress,static_B_2020.02.27_18.39.27.csv,695,228.1436,42.46,46.17,0.0500,5.714188
8887,loot,static_B_2020.02.27_18.39.27.csv,1775,105.7922,0.00,-385.07,0.0500,5.944725
8888,redandblack,static_B_2020.02.27_18.39.27.csv,3875,121.6920,0.00,6.37,0.0500,5.615591
8889,soldier,driving_B_2020.01.16_09.56.56.csv,164,205.1222,50.47,48.03,0.0500,5.545710
8890,longdress,static_B_2020.02.27_18.39.27.csv,2135,199.2017,71.01,39.72,0.0500,5.712353
8891,loot,driving_B_2019.12.17_07.32.39.csv,1360,287.0875,100.00,92.04,0.0500,6.016591
8892,redandblack,static_B_2019.12.16_13.40.04.csv,853,221.8960,78.16,56.71,0.0500,6.116269
8893,soldier,driving_B_2020.01.16_07.26.43.csv,1402,50.1334,0.00,-61.68,0.0500,5.509687
8894,longdress,static_B_2020.02.27_18.39.27.csv,4415,244.6700,75.81,62.19,0.0500,5.886642
8895,loot,driving_B_2020.01.16_07.26.43.csv,502,96.3673,0.00,-23.10,0.0500,5.536924
8896,redandblack,driving_B_2020.02.13_15.02.01.csv,244,250.3826,100.00,77.31,0.0500,6.172984
8897,longdress,static_B_2020.02.27_18.39.27.csv,1009,175.1751,32.74,20.71,0.0500,5.808494
8898,loot,static_B_2019.12.16_13.40.04.csv,1850,144.5200,6.39,15.22,0.0500,6.432093
8899,redandblack,static_B_2020.02.27_18.39.27.csv,3949,247.1734,78.00,76.36,0.0500,5.929327
8900,soldier,driving_B_2019.12.16_11.49.59.csv,241,9.1926,0.00,-295.57,0.0500,5.740725
8901,longdress,driving_B_2020.02.13_13.03.24.csv,80,141.0173,36.37,23.65,0.0500,5.826238
8902,loot,static_B_2020.02.27_18.39.27.csv,5209,115.1233,25.88,14.30,0.0500,6.093632
8903,redandblack,driving_B_2020.02.27_17.30.15.csv,83,-27.8531,0.00,-328.21,0.0500,5.840106
8904,soldier,driving_B_2020.02.14_07.29.00.csv,1430,119.3303,0.00,-22.65,0.0500,5.499885
8905,longdress,driving_B_2020.02.13_15.02.01.csv,2754,58.2908,0.00,-97.02,0.0500,5.592041
8906,loot,driving_B_2020.01.16_07.26.43.csv,949,-3.1732,0.00,-93.36,0.0500,6.133121
8907,redandblack,driving_B_2020.02.14_09.38.22.csv,869,233.7101,98.00,69.43,0.0500,5.717029
8908,soldier,driving_B_2019.12.16_14.23.32.csv,1578,72.8746,0.00,-17.78,0.0500,5.614935
8909,longdress,static_B_2020.02.13_13.57.29.csv,243,237.2632,82.13,68.22,0.0500,5.984344
8910,loot,driving_B_2019.12.17_07.32.39.csv,980,17.4769,0.00,-50.65,0.0500,6.471386
8911,redandblack,static_B_2020.02.14_13.21.26.csv,238,266.2396,86.00,83.61,0.0500,6.036636
8912,soldier,driving_B_2020.02.27_17.30.15.csv,23,0.1060,0.00,-475.17,0.0500,5.428653
8913,longdress,static_B_2020.02.13_13.57.29.csv,1923,231.9747,72.02,60.63,0.0500,5.949138
8914,loot,driving_B_2020.01.16_12.10.03.csv,194,286.5780,100.00,90.96,0.0500,5.711317
8915,redandblack,driving_B_2020.02.27_17.30.15.csv,683,-14.7590,0.00,-169.22,0.0500,6.227544
8916,soldier,driving_B_2020.02.14_09.38.22.csv,929,267.5856,100.00,83.04,0.0500,6.257645
8917,longdress,driving_B_2020.02.13_15.02.01.csv,2172,220.8591,79.64,60.64,0.0500,5.369376
8918,loot,driving_B_2019.12.17_07.32.39.csv,1880,156.0297,32.21,17.26,0.0500,5.585427
8919,redandblack,static_B_2020.02.13_13.57.29.csv,2763,102.4051,65.69,5.43,0.0500,5.322278
8920,soldier,driving_B_2020.01.16_07.26.43.csv,289,58.6383,34.38,-23.92,0.0500,6.206538
8921,longdress,driving_B_2020.02.13_15.02.01.csv,1872,82.8933,0.00,-48.58,0.0500,5.660380
8922,loot,driving_B_2020.02.14_09.38.22.csv,449,137.6031,36.17,13.86,0.0500,6.020633
8923,redandblack,driving_B_2019.12.16_14.23.32.csv,798,165.3363,40.73,27.16,0.0500,5.895623
8924,soldier,static_B_2020.02.13_13.57.29.csv,2883,124.8452,0.00,0.48,0.0500,5.369611
8925,longdress,static_B_2020.02.27_18.39.27.csv,2869,243.0225,66.79,55.46,0.0500,5.888486
8926,loot,static_B_2020.02.27_18.39.27.csv,5449,217.5138,43.89,41.40,0.0500,5.954221
8927,redandblack,driving_B_2020.02.14_12.58.17.csv,340,-50.2000,0.00,-699.83,0.0500,5.493095
8928,soldier,static_B_2020.02.13_13.57.29.csv,2103,76.7680,0.00,-22.99,0.0500,5.694737
8929,longdress,static_B_2020.02.27_18.39.27.csv,3829,173.4524,27.37,23.41,0.0500,5.860384
8930,loot,static_B_2020.02.27_18.39.27.csv,3409,272.6834,88.00,86.06,0.0500,5.812653
8931,redandblack,driving_B_2019.12.16_12.27.05.csv,832,200.1223,47.24,50.21,0.0500,5.738108
8932,soldier,static_B_2019.12.16_13.40.04.csv,1010,121.9813,0.00,-13.13,0.0500,6.357065
8933,longdress,static_B_2020.02.27_18.39.27.csv,5389,279.4795,100.00,87.92,0.0500,6.050697
8934,loot,static_B_2020.02.27_18.39.27.csv,5569,229.8446,48.00,71.23,0.0500,6.090387
8935,redandblack,static_B_2020.02.27_18.39.27.csv,109,280.1732,100.00,88.81,0.0500,5.875541
8936,soldier,driving_B_2020.02.27_17.30.15.csv,383,-30.1027,0.00,-662.30,0.0500,5.744597
8937,longdress,driving_B_2020.02.13_15.02.01.csv,672,140.7260,0.00,-1.09,0.0500,6.223061
8938,loot,driving_B_2019.12.16_14.23.32.csv,2616,130.4853,3.47,5.31,0.0500,6.049053
8939,redandblack,driving_B_2020.02.13_15.02.01.csv,2412,-11.1225,0.00,-372.92,0.0500,5.765924
8940,soldier,driving_B_2020.01.16_07.26.43.csv,1489,55.8567,0.00,-86.13,0.0500,5.380095
8941,longdress,static_B_2020.02.27_18.39.27.csv,2389,228.1176,100.00,41.56,0.0500,5.704295
8942,loot,static_B_2020.02.13_13.57.29.csv,363,192.2979,13.10,37.40,0.0500,5.476746
8943,redandblack,static_B_2019.12.16_13.40.04.csv,1370,154.6514,0.00,-197.19,0.0500,5.988361
8944,soldier,driving_B_2019.12.16_14.23.32.csv,1278,216.7868,83.34,53.94,0.0500,6.079278
8945,longdress,driving_B_2020.01.16_12.10.03.csv,14,232.0628,88.41,66.81,0.0500,5.746965
8946,loot,static_B_2019.12.16_13.40.04.csv,1730,273.7344,100.00,85.03,0.0500,5.821623
8947,redandblack,driving_B_2020.02.13_13.03.24.csv,620,37.7698,0.00,-124.29,0.0500,6.212482
8948,soldier,driving_B_2020.02.14_07.29.00.csv,50,89.8964,0.00,-33.21,0.0500,5.636614
8949,longdress,static_B_2020.02.27_18.39.27.csv,709,100.8198,0.00,-18.37,0.0500,6.008760
8950,loot,driving_B_2020.01.16_07.26.43.csv,709,126.0071,0.00,-2.95,0.0500,5.611437
8951,redandblack,driving_B_2019.12.17_07.32.39.csv,2180,74.8249,0.00,-79.06,0.0500,5.455535
8952,soldier,driving_B_2020.02.13_15.02.01.csv,852,125.3741,0.00,0.78,0.0500,5.523825
8953,longdress,driving_B_2020.02.14_09.38.22.csv,629,259.2269,100.00,75.82,0.0500,5.548772
8954,loot,driving_B_2020.02.27_17.30.15.csv,263,-68.6964,0.00,-315.65,0.0500,5.786332
8955,redandblack,driving_B_2020.02.14_12.58.17.csv,800,28.5224,0.00,-338.60,0.0500,6.333820
8956,soldier,driving_B_2019.12.17_07.32.39.csv,1640,121.3313,0.00,-13.02,0.0500,5.245140
8957,longdress,static_B_2020.02.27_18.39.27.csv,4849,277.2149,100.00,86.93,0.0500,6.151905
8958,loot,static_B_2020.02.27_18.39.27.csv,4489,237.5370,85.46,69.60,0.0500,5.520220
8959,redandblack,driving_B_2020.02.13_15.02.01.csv,1512,66.9597,0.00,-101.77,0.0500,5.710447
8960,soldier,static_B_2020.02.14_13.21.26.csv,478,233.6693,40.00,72.97,0.0500,5.835649
8961,longdress,static_B_2020.02.13_13.57.29.csv,1323,144.8164,11.19,9.94,0.0500,6.282839
8962,loot,driving_B_2019.12.17_07.32.39.csv,380,257.0111,81.99,76.51,0.0500,5.320683
8963,redandblack,static_B_2020.02.13_13.57.29.csv,2283,270.3852,100.00,84.24,0.0500,6.111314
8964,soldier,static_B_2019.12.16_13.40.04.csv,590,154.7979,11.00,14.30,0.0500,5.490728
8965,longdress,static_B_2019.12.16_13.40.04.csv,1190,145.4089,46.27,1.71,0.0500,5.348249
8966,loot,static_B_2019.12.16_13.40.04.csv,50,166.2806,22.63,30.65,0.0500,5.512099
8967,redandblack,driving_B_2019.12.17_07.32.39.csv,1760,73.1432,0.00,-81.81,0.0500,5.775110
8968,soldier,driving_B_2019.12.16_12.27.05.csv,1152,134.0566,0.00,-17.64,0.0500,5.396421
8969,longdress,driving_B_2019.12.16_14.23.32.csv,2298,79.4904,0.00,-46.71,0.0500,5.685261
8970,loot,static_B_2020.02.27_18.39.27.csv,1069,273.8176,83.81,82.98,0.0500,5.739777
8971,redandblack,static_B_2019.12.16_13.40.04.csv,890,197.3286,59.88,33.54,0.0500,6.009180
8972,soldier,driving_B_2019.12.16_14.23.32.csv,198,263.6091,82.00,81.71,0.0500,5.889533
8973,longdress,driving_B_2019.12.17_07.32.39.csv,1220,201.0060,0.00,2.06,0.0500,6.007299
8974,loot,driving_B_2020.02.14_07.29.00.csv,1970,3.5922,0.00,-266.55,0.0500,6.365354
8975,redandblack,driving_B_2020.02.13_15.02.01.csv,2352,-30.2641,0.00,-607.52,0.0500,5.756119
8976,soldier,static_B_2019.12.16_13.40.04.csv,710,251.1231,76.00,75.93,0.0500,6.379399
8977,longdress,driving_B_2019.12.16_12.27.05.csv,1132,83.4073,0.00,-70.42,0.0500,6.172492
8978,loot,driving_B_2019.12.17_07.32.39.csv,560,98.7960,0.00,-34.26,0.0500,5.635708
8979,redandblack,static_B_2020.02.27_18.39.27.csv,3349,242.9916,68.00,75.07,0.0500,5.993301
8980,soldier,static_B_2020.02.27_18.39.27.csv,3289,272.0180,92.00,85.41,0.0500,6.055240
8981,longdress,static_B_2020.02.27_18.39.27.csv,3469,225.0500,65.63,54.49,0.0500,5.615306
8982,loot,static_B_2020.02.27_18.39.27.csv,3649,230.2753,78.48,63.42,0.0500,5.787623
8983,redandblack,driving_B_2020.01.16_09.56.56.csv,1157,115.1190,0.00,8.57,0.0500,5.600962
8984,soldier,static_B_2019.12.16_13.40.04.csv,110,258.3222,100.00,78.23,0.0500,5.623182
8985,longdress,driving_B_2020.02.27_17.30.15.csv,563,-31.0582,0.00,-582.73,0.0500,6.078877
8986,loot,driving_B_2020.02.13_15.02.01.csv,252,268.8093,62.00,86.06,0.0500,5.461948
8987,redandblack,driving_B_2019.12.16_12.27.05.csv,1012,270.9840,100.00,86.09,0.0500,6.392187
8988,soldier,driving_B_2020.02.14_12.58.17.csv,100,33.8013,0.00,-151.79,0.0500,5.616896
8989,longdress,driving_B_2020.02.14_12.58.17.csv,220,-60.6027,0.00,-998.13,0.0500,6.067151
8990,loot,driving_B_2020.02.14_09.38.22.csv,809,173.8676,0.00,-23.10,0.0500,5.925181
8991,redandblack,driving_B_2020.02.13_15.02.01.csv,432,223.7033,70.20,62.40,0.0500,5.388666
8992,soldier,static_B_2020.02.27_18.39.27.csv,469,226.4478,60.43,53.31,0.0500,5.634435
8993,longdress,driving_B_2020.02.13_15.02.01.csv,1572,72.7366,0.00,-484.57,0.0500,5.788414
8994,loot,static_B_2019.12.16_13.40.04.csv,350,90.7380,0.00,-8.40,0.0500,5.566545
8995,redandblack,static_B_2019.12.16_13.40.04.csv,530,279.4707,100.00,87.65,0.0500,5.627583
8996,soldier,driving_B_2020.02.13_15.02.01.csv,2592,260.9873,67.74,70.75,0.0500,5.231806
8997,longdress,static_B_2020.02.27_18.39.27.csv,4909,198.2128,59.76,46.24,0.0500,5.606137
8998,loot,driving_B_2019.12.16_11.49.59.csv,1,101.6390,0.00,-63.73,0.0500,5.915204
8999,redandblack,static_B_2020.02.14_13.21.26.csv,298,281.3588,100.00,89.73,0.0500,6.306753
9000,soldier,driving_B_2020.02.14_07.29.00.csv,1610,253.2723,81.52,76.28,0.0500,5.919791
9001,longdress,static_B_2019.12.16_13.40.04.csv,1790,208.8779,77.68,48.22,0.0500,5.599133
9002,loot,static_B_2020.02.13_13.57.29.csv,1623,282.4836,100.00,90.18,0.0500,6.168551
9003,redandblack,driving_B_2020.02.13_15.02.01.csv,972,83.5233,0.00,-99.19,0.0500,5.662951
9004,soldier,driving_B_2019.12.17_07.32.39.csv,1160,113.4932,0.00,8.12,0.0500,6.143354
9005,longdress,static_B_2019.12.16_13.40.04.csv,950,162.3847,61.71,36.60,0.0500,6.134132
9006,loot,driving_B_2020.02.14_07.29.00.csv,1310,141.7481,0.00,-20.13,0.0500,6.152520
9007,redandblack,driving_B_2020.02.13_13.03.24.csv,2188,-30.4430,0.00,-196.95,0.0500,5.798399
9008,soldier,driving_B_2019.12.16_14.23.32.csv,2598,123.1188,9.55,9.93,0.0500,6.127780
9009,longdress,driving_B_2020.02.27_17.30.15.csv,203,-27.7042,0.00,-667.09,0.0500,6.211907
9010,loot,driving_B_2019.12.17_07.32.39.csv,500,127.7647,13.88,12.36,0.0500,5.530282
9011,redandblack,driving_B_2019.12.16_11.49.59.csv,277,65.5647,0.00,-48.65,0.0500,6.580205
9012,soldier,driving_B_2020.02.13_13.03.24.csv,1520,16.1517,0.00,-117.51,0.0500,6.023924
9013,longdress,static_B_2020.02.13_13.57.29.csv,903,181.9222,80.68,45.41,0.0500,6.342321
9014,loot,driving_B_2020.01.16_07.26.43.csv,1069,127.1861,0.05,9.19,0.0500,5.581596
9015,redandblack,driving_B_2020.01.16_09.56.56.csv,1337,192.3524,57.55,44.45,0.0500,5.663667
9016,soldier,driving_B_2020.02.13_13.03.24.csv,1100,38.9106,0.00,-50.50,0.0500,5.904216
9017,longdress,driving_B_2020.02.13_15.02.01.csv,2754,109.1100,0.00,-3.93,0.0500,6.132994
9018,loot,driving_B_2020.02.14_09.38.22.csv,1349,271.4999,100.00,85.07,0.0500,5.655257
9019,redandblack,driving_B_2019.12.16_14.23.32.csv,78,216.2489,59.22,56.26,0.0500,6.449516
9020,soldier,static_B_2020.02.13_13.57.29.csv,1863,231.6959,62.47,51.86,0.0500,5.551667
9021,longdress,driving_B_2019.12.17_07.32.39.csv,1580,120.6120,9.56,8.97,0.0500,5.650694
9022,loot,static_B_2020.02.13_13.57.29.csv,303,287.0349,100.00,92.30,0.0500,5.631682
9023,redandblack,driving_B_2019.12.17_07.32.39.csv,2288,231.1637,61.59,64.79,0.0500,5.867132
9024,soldier,driving_B_2020.02.27_17.30.15.csv,720,-14.0824,0.00,-92.17,0.0500,5.720282
9025,longdress,static_B_2020.02.27_18.39.27.csv,3889,231.6218,72.17,60.16,0.0500,5.753188
9026,loot,driving_B_2020.02.14_12.58.17.csv,760,41.8660,0.00,-80.82,0.0500,5.790642
9027,redandblack,static_B_2020.02.27_18.39.27.csv,3769,266.7097,100.00,83.33,0.0500,6.350579
9028,soldier,driving_B_2020.01.16_07.26.43.csv,1249,105.3658,0.00,-0.21,0.0500,5.912884
9029,longdress,driving_B_2020.02.14_12.58.17.csv,460,41.2807,0.00,-236.08,0.0500,5.895579
9030,loot,driving_B_2020.01.16_09.56.56.csv,1037,124.9958,0.00,-1.51,0.0500,5.834198
9031,redandblack,static_B_2020.02.27_18.39.27.csv,5509,267.2671,80.00,84.95,0.0500,5.473158
9032,soldier,driving_B_2020.01.16_07.26.43.csv,1729,110.8893,9.30,4.15,0.0500,5.694875
9033,longdress,driving_B_2020.02.14_07.29.00.csv,1010,40.6698,0.00,-135.32,0.0500,5.844980
9034,loot,static_B_2020.02.27_18.39.27.csv,2449,202.0987,0.00,61.15,0.0500,5.709698
9035,redandblack,static_B_2019.12.16_13.40.04.csv,770,251.3295,82.56,75.19,0.0500,5.401448
9036,soldier,driving_B_2020.02.13_15.02.01.csv,912,234.0112,64.00,70.54,0.0500,6.441911
9037,longdress,driving_B_2020.02.14_07.29.00.csv,170,177.3152,66.60,46.75,0.0500,6.079412
9038,loot,driving_B_2020.01.16_07.26.43.csv,1189,100.0880,0.00,1.68,0.0500,5.521110
9039,redandblack,static_B_2020.02.27_18.39.27.csv,4069,260.6484,100.00,79.52,0.0500,5.744312
9040,soldier,static_B_2020.02.13_13.57.29.csv,1803,234.0651,62.57,62.52,0.0500,6.527485
9041,longdress,static_B_2020.02.27_18.39.27.csv,2749,259.4021,82.80,79.79,0.0500,5.572442
9042,loot,static_B_2020.02.27_18.39.27.csv,2509,247.3719,100.00,74.98,0.0500,5.724057
9043,redandblack,static_B_2020.02.27_18.39.27.csv,829,281.4564,100.00,87.32,0.0500,5.768251
9044,soldier,driving_B_2020.02.13_15.02.01.csv,1392,79.4603,0.00,-35.21,0.0500,5.839352
9045,longdress,driving_B_2020.02.13_13.03.24.csv,1880,-101.5391,0.00,-333.92,0.0500,6.227519
9046,loot,driving_B_2020.02.14_07.29.00.csv,530,97.5810,0.00,-20.12,0.0500,5.831133
9047,redandblack,driving_B_2019.12.16_14.23.32.csv,738,215.4096,37.07,42.41,0.0500,5.162906
9048,soldier,driving_B_2020.02.14_07.29.00.csv,1550,167.1982,0.00,-121.28,0.0500,5.941706
9049,longdress,driving_B_2020.01.16_09.56.56.csv,197,269.1682,100.00,79.44,0.0500,5.687313
9050,loot,driving_B_2020.02.14_07.29.00.csv,770,135.2289,0.00,9.05,0.0500,6.270364
9051,redandblack,driving_B_2019.12.17_07.32.39.csv,1340,250.4374,79.17,73.06,0.0500,6.068082
9052,soldier,driving_B_2020.02.14_07.29.00.csv,1670,249.3434,73.81,63.37,0.0500,5.549854
9053,longdress,driving_B_2020.01.16_09.56.56.csv,797,198.6186,26.09,31.69,0.0500,5.986286
9054,loot,static_B_2020.02.27_18.39.27.csv,1669,212.5730,52.61,45.40,0.0500,6.324514
9055,redandblack,driving_B_2019.12.16_12.27.05.csv,712,279.4059,100.00,88.12,0.0500,5.976828
9056,soldier,driving_B_2020.02.13_15.02.01.csv,612,80.3248,0.00,-21.35,0.0500,5.897401
9057,longdress,static_B_2020.02.27_18.39.27.csv,1549,200.7283,50.27,35.03,0.0500,6.514608
9058,loot,static_B_2020.02.13_13.57.29.csv,2943,245.4344,82.40,71.11,0.0500,5.977117
9059,redandblack,driving_B_2020.02.13_13.03.24.csv,500,103.0359,0.00,-11.27,0.0500,5.695889
9060,soldier,driving_B_2019.12.17_07.32.39.csv,260,116.5252,2.34,13.54,0.0500,6.367327
9061,longdress,driving_B_2020.02.13_15.02.01.csv,1932,138.6744,0.00,-5.05,0.0500,5.743256
9062,loot,driving_B_2019.12.17_07.32.39.csv,740,117.3796,0.00,-14.59,0.0500,5.941218
9063,redandblack,static_B_2020.02.27_18.39.27.csv,889,206.6346,65.33,51.99,0.0500,5.467616
9064,soldier,static_B_2020.02.27_18.39.27.csv,2029,280.6248,100.00,88.25,0.0500,6.624807
9065,longdress,driving_B_2019.12.17_07.32.39.csv,20,126.9771,6.86,5.00,0.0500,5.806605
9066,loot,driving_B_2020.02.13_15.02.01.csv,1152,192.9803,19.97,38.10,0.0500,5.603054
9067,redandblack,static_B_2020.02.13_13.57.29.csv,1743,248.8284,76.73,71.51,0.0500,6.566322
9068,soldier,static_B_2020.02.13_13.57.29.csv,3,168.2114,40.38,36.78,0.0500,5.852363
9069,longdress,static_B_2020.02.13_13.57.29.csv,2945,201.0935,42.41,42.07,0.0500,5.984421
9070,loot,driving_B_2020.01.16_07.26.43.csv,1669,72.7608,0.00,-54.07,0.0500,5.790692
9071,redandblack,driving_B_2019.12.17_07.32.39.csv,80,60.0788,0.00,-33.15,0.0500,5.707838
9072,soldier,driving_B_2019.12.16_14.23.32.csv,558,146.7263,1.75,13.62,0.0500,5.802862
9073,longdress,driving_B_2020.02.14_12.58.17.csv,700,55.6915,0.00,-47.89,0.0500,6.205221
9074,loot,static_B_2020.02.27_18.39.27.csv,4429,260.9934,81.07,79.95,0.0500,5.750320
9075,redandblack,driving_B_2019.12.16_12.27.05.csv,352,44.9049,0.00,-271.90,0.0500,5.830691
9076,soldier,driving_B_2020.02.13_15.02.01.csv,192,189.7858,0.00,19.49,0.0500,5.826253
9077,longdress,static_B_2020.02.27_18.39.27.csv,2929,211.2564,39.11,33.69,0.0500,5.254470
9078,loot,driving_B_2020.02.14_09.38.22.csv,689,268.9854,100.00,82.43,0.0500,6.260775
9079,redandblack,driving_B_2019.12.16_14.23.32.csv,2478,99.4318,0.00,22.87,0.0500,6.494422
9080,soldier,static_B_2020.02.27_18.39.27.csv,4369,235.7795,75.68,62.91,0.0500,6.285836
9081,longdress,static_B_2020.02.27_18.39.27.csv,2209,235.8615,68.06,55.93,0.0500,6.815791
9082,loot,driving_B_2020.01.16_09.56.56.csv,257,196.1611,13.27,36.40,0.0500,5.562902
9083,redandblack,driving_B_2019.12.17_07.32.39.csv,1460,109.3082,0.00,1.17,0.0500,5.699630
9084,soldier,driving_B_2020.02.13_13.03.24.csv,1580,26.8000,0.00,-93.42,0.0500,6.206976
9085,longdress,driving_B_2019.12.17_07.32.39.csv,680,144.1382,34.55,25.45,0.0500,6.196779
9086,loot,driving_B_2020.02.13_15.02.01.csv,12,262.1209,85.16,80.66,0.0500,5.788369
9087,redandblack,driving_B_2019.12.16_14.23.32.csv,1458,130.1068,0.00,5.98,0.0500,5.918947
9088,soldier,static_B_2020.02.27_18.39.27.csv,49,281.4272,100.00,89.34,0.0500,5.516337
9089,longdress,static_B_2020.02.27_18.39.27.csv,2569,157.9733,13.41,19.78,0.0500,5.894413
9090,loot,static_B_2020.02.27_18.39.27.csv,2329,105.1964,0.00,-46.53,0.0500,6.662101
9091,redandblack,driving_B_2020.02.14_09.38.22.csv,1289,272.5045,100.00,85.78,0.0500,6.051596
9092,soldier,static_B_2020.02.27_18.39.27.csv,1729,153.4578,7.26,10.21,0.0500,6.221561
9093,longdress,driving_B_2020.02.13_15.02.01.csv,1632,70.1562,0.00,-153.19,0.0500,5.298726
9094,loot,static_B_2020.02.13_13.57.29.csv,2343,182.0098,49.10,33.18,0.0500,5.532011
9095,redandblack,static_B_2020.02.27_18.39.27.csv,2689,203.4468,35.32,44.14,0.0500,6.020903
9096,soldier,static_B_2020.02.27_18.39.27.csv,1489,165.9197,35.65,24.26,0.0500,6.141650
9097,longdress,static_B_2020.02.13_13.57.29.csv,1683,110.8574,0.00,-16.18,0.0500,6.544180
9098,loot,static_B_2020.02.13_13.57.29.csv,783,184.8410,31.52,37.55,0.0500,5.553255
9099,redandblack,driving_B_2020.01.16_07.26.43.csv,1609,32.0818,0.00,-81.11,0.0500,5.691322
9100,soldier,driving_B_2019.12.16_11.49.59.csv,277,58.4536,0.00,-96.26,0.0500,5.830157
9101,longdress,driving_B_2020.01.16_12.10.03.csv,244,255.7883,83.50,73.23,0.0500,6.190706
9102,loot,driving_B_2019.12.17_07.32.39.csv,2120,285.8201,100.00,91.07,0.0500,6.133257
9103,redandblack,driving_B_2020.02.14_07.29.00.csv,1910,21.4701,0.00,-187.30,0.0500,6.249872
9104,soldier,driving_B_2020.01.16_07.26.43.csv,589,106.8822,0.00,0.18,0.0500,5.858671
9105,longdress,driving_B_2020.01.16_12.10.03.csv,244,256.5151,85.24,77.53,0.0500,5.982821
9106,loot,driving_B_2020.01.16_07.26.43.csv,1129,140.3545,0.00,14.55,0.0500,5.870713
9107,redandblack,driving_B_2019.12.16_14.23.32.csv,2178,213.1790,60.58,55.22,0.0500,5.600532
9108,soldier,static_B_2019.12.16_13.40.04.csv,290,166.7892,0.00,10.47,0.0500,6.371364
9109,longdress,driving_B_2020.01.16_12.10.03.csv,74,256.7082,78.09,72.97,0.0500,6.276895
9110,loot,driving_B_2020.01.16_09.56.56.csv,1397,218.4706,59.90,50.80,0.0500,6.552551
9111,redandblack,driving_B_2020.02.14_07.29.00.csv,650,90.6663,0.00,-13.86,0.0500,6.356878
9112,soldier,driving_B_2020.02.14_09.38.22.csv,269,17.2023,0.00,-66.09,0.0500,6.030057
9113,longdress,static_B_2020.02.27_18.39.27.csv,4669,-27.8868,0.00,-235.36,0.0500,6.627759
9114,loot,driving_B_2020.02.14_07.29.00.csv,1370,201.7573,61.39,54.01,0.0500,5.961812
9115,redandblack,driving_B_2019.12.16_12.27.05.csv,472,145.3819,17.37,18.01,0.0500,6.356503
9116,soldier,driving_B_2020.02.13_13.03.24.csv,200,37.0411,0.00,-39.65,0.0500,5.902870
9117,longdress,static_B_2020.02.13_13.57.29.csv,843,120.6967,0.00,-16.46,0.0500,5.891045
9118,loot,driving_B_2020.01.16_09.56.56.csv,917,88.5531,0.00,-8.56,0.0500,6.459318
9119,redandblack,static_B_2020.02.27_18.39.27.csv,589,228.0605,70.00,47.76,0.0500,5.948069
9120,soldier,static_B_2020.02.14_13.21.26.csv,838,153.4699,0.00,10.10,0.0500,5.970885
9121,longdress,driving_B_2019.12.16_14.23.32.csv,1938,189.8718,10.86,3.43,0.0500,5.245685
9122,loot,driving_B_2020.02.14_09.38.22.csv,89,22.2951,0.00,-42.76,0.0500,6.098092
9123,redandblack,static_B_2019.12.16_13.40.04.csv,1130,60.7595,0.00,-355.49,0.0500,6.740617
9124,soldier,driving_B_2020.02.13_13.03.24.csv,440,55.5355,54.99,-19.96,0.0500,6.366261
9125,longdress,static_B_2020.02.27_18.39.27.csv,5089,277.6158,100.00,87.38,0.0500,5.811719
9126,loot,static_B_2020.02.27_18.39.27.csv,1789,92.7339,0.00,-349.62,0.0500,6.055539
9127,redandblack,driving_B_2020.01.16_07.26.43.csv,1369,63.5572,44.19,-12.57,0.0500,6.099561
9128,soldier,driving_B_2019.12.16_14.23.32.csv,1398,221.0472,80.01,54.70,0.0500,5.603606
9129,longdress,driving_B_2020.02.13_13.03.24.csv,140,61.5372,0.00,-25.51,0.0500,6.259507
9130,loot,driving_B_2020.01.16_07.26.43.csv,769,141.4698,0.00,9.70,0.0500,5.869142
9131,redandblack,driving_B_2020.02.14_09.38.22.csv,1478,117.7137,4.02,4.08,0.0500,6.166850
9132,soldier,static_B_2020.02.14_13.21.26.csv,538,201.9823,65.63,47.86,0.0500,5.652821
9133,longdress,driving_B_2020.02.13_13.03.24.csv,1640,169.4781,30.98,3.70,0.0500,6.124758
9134,loot,static_B_2020.02.27_18.39.27.csv,5742,263.3881,84.00,80.68,0.0500,5.731436
9135,redandblack,driving_B_2020.02.13_13.03.24.csv,800,93.6626,0.00,-27.83,0.0500,6.002973
9136,soldier,driving_B_2020.02.14_09.38.22.csv,1169,-2.4325,0.00,-60.34,0.0500,5.989027
9137,longdress,driving_B_2020.02.14_07.29.00.csv,350,273.5382,100.00,85.96,0.0500,5.357367
9138,loot,static_B_2019.12.16_13.40.04.csv,170,263.9791,100.00,77.83,0.0500,5.912130
9139,redandblack,static_B_2020.02.27_18.39.27.csv,1969,250.0157,77.26,74.28,0.0500,6.179791
9140,soldier,driving_B_2020.02.14_09.38.22.csv,389,24.1840,0.00,-73.64,0.0500,6.076537
9141,longdress,driving_B_2020.02.13_15.02.01.csv,1812,272.6497,100.00,79.25,0.0500,6.462217
9142,loot,driving_B_2020.02.14_07.29.00.csv,1970,58.1009,0.00,-116.02,0.0500,6.023354
9143,redandblack,driving_B_2019.12.16_12.27.05.csv,892,131.2890,0.00,36.10,0.0500,6.022284
9144,soldier,static_B_2020.02.14_13.21.26.csv,118,218.0391,36.00,65.35,0.0500,6.426383
9145,longdress,driving_B_2020.01.16_07.26.43.csv,1309,51.0793,0.00,-89.22,0.0500,6.350990
9146,loot,driving_B_2020.01.16_07.26.43.csv,1429,79.3402,0.00,-39.59,0.0500,5.937360
9147,redandblack,driving_B_2019.12.16_14.23.32.csv,498,215.0478,81.94,60.70,0.0500,6.252268
9148,soldier,driving_B_2019.12.17_07.32.39.csv,2288,241.1502,72.30,61.91,0.0500,5.732751
9149,longdress,driving_B_2019.12.17_07.32.39.csv,200,128.8132,14.03,5.96,0.0500,6.209786
9150,loot,driving_B_2020.01.16_09.56.56.csv,677,111.1942,0.00,-60.31,0.0500,5.901840
9151,redandblack,driving_B_2020.01.16_07.26.43.csv,49,119.0263,0.00,-13.83,0.0500,5.689305
9152,soldier,driving_B_2020.02.13_15.02.01.csv,792,189.7056,45.58,35.64,0.0500,6.008168
9153,longdress,static_B_2020.02.13_13.57.29.csv,2223,185.0488,53.66,27.08,0.0500,6.052222
9154,loot,static_B_2020.02.27_18.39.27.csv,4729,216.3897,81.12,57.90,0.0500,6.311997
9155,redandblack,static_B_2019.12.16_13.40.04.csv,470,203.7308,0.00,-172.76,0.0500,5.871819
9156,soldier,driving_B_2020.01.16_07.26.43.csv,889,17.6706,47.71,-23.55,0.0500,5.698826
9157,longdress,static_B_2020.02.27_18.39.27.csv,1189,212.4129,94.00,32.47,0.0500,6.401459
9158,loot,driving_B_2019.12.17_07.32.39.csv,2240,218.9733,82.29,58.98,0.0500,6.627522
9159,redandblack,static_B_2020.02.27_18.39.27.csv,4249,274.3352,100.00,85.75,0.0500,6.346145
9160,soldier,driving_B_2020.01.16_07.26.43.csv,409,71.4507,60.34,4.15,0.0500,5.870560
9161,longdress,driving_B_2020.01.16_07.26.43.csv,1770,97.5429,0.00,-31.89,0.0500,6.306462
9162,loot,driving_B_2019.12.16_14.23.32.csv,1698,5.8717,0.00,-301.85,0.0500,5.923885
9163,redandblack,static_B_2020.02.27_18.39.27.csv,1609,106.0733,24.25,1.72,0.0500,5.838603
9164,soldier,static_B_2020.02.13_13.57.29.csv,1203,217.2826,47.47,47.11,0.0500,5.809161
9165,longdress,driving_B_2019.12.16_14.23.32.csv,2238,215.7198,63.00,56.11,0.0500,5.399909
9166,loot,static_B_2020.02.13_13.57.29.csv,2403,143.8154,0.00,0.03,0.0500,5.530212
9167,redandblack,driving_B_2020.01.16_09.56.56.csv,1517,263.0815,96.00,80.53,0.0500,5.848452
9168,soldier,static_B_2020.02.27_18.39.27.csv,1369,239.1119,52.00,73.28,0.0500,5.648386
9169,longdress,driving_B_2020.02.13_15.02.01.csv,2652,139.0182,0.00,-74.76,0.0500,6.604078
9170,loot,static_B_2020.02.27_18.39.27.csv,5269,238.1247,100.00,71.77,0.0500,6.028237
9171,redandblack,static_B_2020.02.14_13.21.26.csv,358,199.0254,54.56,46.06,0.0500,5.725486
9172,soldier,static_B_2019.12.16_13.40.04.csv,1610,239.9937,80.18,59.85,0.0500,5.797474
9173,longdress,driving_B_2020.02.14_09.38.22.csv,509,272.4705,100.00,82.98,0.0500,5.300831
9174,loot,driving_B_2020.02.13_15.02.01.csv,1992,225.7008,54.34,57.32,0.0500,5.798024
9175,redandblack,static_B_2020.02.13_13.57.29.csv,1083,112.6007,0.00,-3.82,0.0500,5.855461
9176,soldier,driving_B_2019.12.16_12.27.05.csv,232,85.5831,0.00,-11.84,0.0500,5.877673
9177,longdress,driving_B_2020.01.16_09.56.56.csv,617,228.9756,82.00,66.21,0.0500,5.896340
9178,loot,static_B_2020.02.27_18.39.27.csv,1129,141.9169,0.00,-19.50,0.0500,6.296079
9179,redandblack,driving_B_2020.01.16_09.56.56.csv,137,110.8528,0.00,-35.93,0.0500,6.149492
9180,soldier,static_B_2020.02.27_18.39.27.csv,4309,133.2568,9.24,14.41,0.0500,6.071809
9181,longdress,driving_B_2019.12.16_14.23.32.csv,858,160.8710,28.64,14.30,0.0500,5.951305
9182,loot,driving_B_2020.02.13_13.03.24.csv,2000,-0.7531,0.00,-164.22,0.0500,6.183456
9183,redandblack,driving_B_2020.01.16_09.56.56.csv,77,44.7522,0.00,-71.21,0.0500,6.235562
9184,soldier,static_B_2020.02.13_13.57.29.csv,543,247.8951,77.22,67.03,0.0500,6.512113
9185,longdress,driving_B_2020.01.16_09.56.56.csv,977,161.3603,0.00,-11.00,0.0500,6.502652
9186,loot,driving_B_2020.02.13_15.02.01.csv,1452,10.6507,0.00,-81.72,0.0500,6.269681
9187,redandblack,driving_B_2019.12.16_14.23.32.csv,918,83.5845,2.97,-6.41,0.0500,5.973320
9188,soldier,static_B_2020.02.13_13.57.29.csv,1263,120.9187,40.22,14.94,0.0500,6.320198
9189,longdress,static_B_2020.02.27_18.39.27.csv,2809,270.3560,100.00,84.99,0.0500,6.569781
9190,loot,driving_B_2020.02.14_07.29.00.csv,830,159.5062,0.00,9.01,0.0500,5.659108
9191,redandblack,static_B_2019.12.16_13.40.04.csv,1904,183.0074,16.00,34.44,0.0500,6.547288
9192,soldier,static_B_2020.02.13_13.57.29.csv,1563,156.8624,20.61,9.84,0.0500,6.096130
9193,longdress,driving_B_2020.02.13_13.03.24.csv,2180,-77.6783,0.00,-185.91,0.0500,5.939679
9194,loot,driving_B_2020.02.13_15.02.01.csv,1692,165.4216,33.59,24.80,0.0500,5.815732
9195,redandblack,driving_B_2019.12.16_14.23.32.csv,1158,113.5148,0.00,1.09,0.0500,5.776020
9196,soldier,static_B_2020.02.27_18.39.27.csv,3589,284.6370,100.00,87.77,0.0500,6.360745
9197,longdress,static_B_2020.02.27_18.39.27.csv,2149,246.0793,72.83,61.94,0.0500,6.350500
9198,loot,static_B_2020.02.13_13.57.29.csv,183,122.4935,0.00,-3.85,0.0500,6.052788
9199,redandblack,driving_B_2019.12.16_12.27.05.csv,652,27.1976,0.00,-146.25,0.0500,5.647886
9200,soldier,static_B_2020.02.13_13.57.29.csv,2523,211.4263,48.26,46.73,0.0500,5.709972
9201,longdress,static_B_2020.02.13_13.57.29.csv,1983,277.0795,100.00,87.71,0.0500,6.334034
9202,loot,driving_B_2020.02.27_17.30.15.csv,323,-19.2189,0.00,-224.53,0.0500,5.724469
9203,redandblack,driving_B_2020.02.14_07.29.00.csv,1790,258.1306,85.05,79.75,0.0500,6.238892
9204,soldier,driving_B_2020.02.13_15.02.01.csv,312,275.3398,100.00,85.78,0.0500,5.937796
9205,longdress,static_B_2020.02.13_13.57.29.csv,1023,44.7336,14.82,-39.90,0.0500,6.586991
9206,loot,driving_B_2020.01.16_07.26.43.csv,1549,3.4041,0.00,-97.87,0.0500,5.990194
9207,redandblack,driving_B_2019.12.17_07.32.39.csv,620,49.3849,24.47,-17.59,0.0500,5.688620
9208,soldier,static_B_2020.02.27_18.39.27.csv,4189,58.3217,20.21,-21.25,0.0500,5.706845
9209,longdress,driving_B_2019.12.17_07.32.39.csv,920,4.0841,0.00,-41.35,0.0500,5.855925
9210,loot,static_B_2020.02.13_13.57.29.csv,1143,135.8831,17.54,13.45,0.0500,6.028529
9211,redandblack,driving_B_2020.02.14_07.29.00.csv,1250,283.6190,100.00,90.24,0.0500,6.188298
9212,soldier,driving_B_2019.12.17_07.32.39.csv,1820,-12.2387,0.00,-163.01,0.0500,6.426500
9213,longdress,static_B_2020.02.27_18.39.27.csv,3709,232.4792,96.00,66.39,0.0500,5.837479
9214,loot,driving_B_2020.02.14_12.58.17.csv,800,66.9776,0.00,-174.27,0.0500,6.206324
9215,redandblack,static_B_2020.02.13_13.57.29.csv,2163,167.6928,58.58,29.87,0.0500,6.614013
9216,soldier,driving_B_2020.02.14_07.29.00.csv,1130,74.1107,0.00,-97.27,0.0500,6.490827
9217,longdress,driving_B_2019.12.16_12.27.05.csv,1152,127.8660,15.43,7.05,0.0500,5.966075
9218,loot,driving_B_2020.02.27_17.30.15.csv,503,4.4768,0.00,-159.74,0.0500,5.717511
9219,redandblack,driving_B_2020.02.13_13.03.24.csv,20,41.6683,0.00,-47.67,0.0500,5.687440
9220,soldier,static_B_2019.12.16_13.40.04.csv,1904,172.3221,64.00,24.64,0.0500,6.234296
9221,longdress,static_B_2020.02.27_18.39.27.csv,5629,256.9435,100.00,77.78,0.0500,6.044908
9222,loot,driving_B_2020.02.13_13.03.24.csv,320,75.7871,0.00,-36.51,0.0500,6.417799
9223,redandblack,static_B_2020.02.13_13.57.29.csv,1383,233.6870,48.69,57.83,0.0500,6.371338
9224,soldier,driving_B_2020.02.14_07.29.00.csv,230,57.9108,0.00,-31.92,0.0500,5.784673
9225,longdress,driving_B_2020.02.13_13.03.24.csv,680,-26.6483,0.00,-119.38,0.0500,6.430229
9226,loot,driving_B_2020.02.14_12.58.17.csv,160,-57.9539,0.00,-882.08,0.0500,5.164527
9227,redandblack,driving_B_2020.01.16_09.56.56.csv,377,64.4340,0.00,-48.87,0.0500,6.554834
9228,soldier,driving_B_2020.02.13_13.03.24.csv,1400,1.4429,0.00,-87.98,0.0500,5.611032
9229,longdress,driving_B_2020.02.27_17.30.15.csv,720,-29.4254,0.00,-106.08,0.0500,6.318890
9230,loot,static_B_2020.02.27_18.39.27.csv,409,284.8654,100.00,90.86,0.0500,6.198372
9231,redandblack,driving_B_2019.12.17_07.32.39.csv,1400,82.3679,30.48,-35.22,0.0500,5.897540
9232,soldier,driving_B_2020.02.13_15.02.01.csv,2112,130.1100,2.55,13.21,0.0500,6.069908
9233,longdress,driving_B_2020.02.13_15.02.01.csv,2472,16.5218,0.00,-227.48,0.0500,5.673220
9234,loot,static_B_2020.02.13_13.57.29.csv,2823,240.9810,66.21,56.33,0.0500,6.570130
9235,redandblack,static_B_2020.02.27_18.39.27.csv,3109,152.3960,0.00,3.85,0.0500,6.653220
9236,soldier,driving_B_2020.01.16_07.26.43.csv,469,-38.4255,0.00,-113.59,0.0500,5.739047
9237,longdress,static_B_2020.02.27_18.39.27.csv,5029,261.8131,100.00,80.58,0.0500,5.702069
9238,loot,driving_B_2020.02.14_09.38.22.csv,149,6.8116,0.00,-168.17,0.0500,6.148869
9239,redandblack,driving_B_2019.12.16_14.23.32.csv,978,103.8691,0.00,-13.75,0.0500,5.886006
9240,soldier,static_B_2020.02.27_18.39.27.csv,3229,265.9363,98.00,75.41,0.0500,5.352895
9241,longdress,driving_B_2019.12.16_11.49.59.csv,181,4.0371,0.00,-301.60,0.0500,6.019714
9242,loot,driving_B_2020.01.16_09.56.56.csv,317,146.6871,0.00,6.02,0.0500,5.728061
9243,redandblack,static_B_2020.02.27_18.39.27.csv,949,263.6900,79.07,80.16,0.0500,6.367663
9244,soldier,driving_B_2020.02.14_07.29.00.csv,470,48.1790,0.00,-136.57,0.0500,5.669799
9245,longdress,driving_B_2020.02.14_07.29.00.csv,890,220.5454,39.97,54.06,0.0500,6.201138
9246,loot,driving_B_2020.02.14_07.29.00.csv,1070,196.7120,0.00,-85.31,0.0500,5.952855
9247,redandblack,driving_B_2019.12.16_14.23.32.csv,378,237.4430,56.48,61.86,0.0500,6.048055
9248,soldier,driving_B_2020.02.13_15.02.01.csv,1272,17.1761,0.00,-541.55,0.0500,6.101029
9249,longdress,driving_B_2020.01.16_09.56.56.csv,1570,170.4572,0.00,9.30,0.0500,5.781760
9250,loot,static_B_2020.02.13_13.57.29.csv,2463,196.0215,71.60,15.94,0.0500,6.141126
9251,redandblack,static_B_2020.02.27_18.39.27.csv,229,280.8365,100.00,88.40,0.0500,6.618199
9252,soldier,driving_B_2020.02.14_07.29.00.csv,1970,-22.4033,0.00,-459.38,0.0500,6.076501
9253,longdress,driving_B_2020.02.13_15.02.01.csv,2532,185.6825,0.00,-0.71,0.0500,6.147938
9254,loot,static_B_2020.02.13_13.57.29.csv,663,240.5759,77.84,59.99,0.0500,6.108694
9255,redandblack,driving_B_2020.02.14_12.58.17.csv,280,-90.9799,0.00,-882.82,0.0500,5.598338
9256,soldier,driving_B_2020.02.14_07.29.00.csv,950,35.8329,0.00,-168.77,0.0500,5.968965
9257,longdress,driving_B_2020.02.14_12.58.17.csv,40,50.5307,0.00,-330.11,0.0500,6.052335
9258,loot,driving_B_2019.12.17_07.32.39.csv,1100,215.3051,26.13,27.22,0.0500,6.282950
9259,redandblack,static_B_2020.02.13_13.57.29.csv,723,132.8616,0.00,-1.65,0.0500,6.731932
9260,soldier,driving_B_2020.01.16_09.56.56.csv,1570,165.7073,0.00,11.89,0.0500,6.253688
9261,longdress,driving_B_2020.02.27_17.30.15.csv,623,-38.0070,0.00,-1317.56,0.0500,6.405713
9262,loot,driving_B_2020.01.16_07.26.43.csv,169,58.7020,0.00,-226.71,0.0500,5.850175
9263,redandblack,driving_B_2020.01.16_07.26.43.csv,1009,98.5059,0.00,-58.41,0.0500,6.076323
9264,soldier,driving_B_2020.02.13_15.02.01.csv,552,71.9677,0.00,-66.57,0.0500,5.605013
9265,longdress,static_B_2019.12.16_13.40.04.csv,230,131.9463,0.00,-9.12,0.0500,5.884112
9266,loot,driving_B_2019.12.16_14.23.32.csv,1998,133.1398,0.00,35.25,0.0500,6.215984
9267,redandblack,static_B_2020.02.13_13.57.29.csv,1503,123.1151,0.00,-12.28,0.0500,5.827279
9268,soldier,static_B_2020.02.13_13.57.29.csv,1443,92.5778,0.00,-42.23,0.0500,6.051735
9269,longdress,driving_B_2020.02.27_17.30.15.csv,143,-67.4406,0.00,-973.21,0.0500,5.825641
9270,loot,driving_B_2019.12.17_07.32.39.csv,440,265.0285,71.97,80.34,0.0500,6.284678
9271,redandblack,driving_B_2020.02.14_09.38.22.csv,1478,54.5495,0.00,-71.14,0.0500,6.205987
9272,soldier,static_B_2020.02.13_13.57.29.csv,63,147.9267,25.68,20.62,0.0500,6.539202
9273,longdress,driving_B_2019.12.16_14.23.32.csv,138,265.1975,100.00,83.20,0.0500,5.843436
9274,loot,driving_B_2019.12.17_07.32.39.csv,860,93.9282,0.00,-23.55,0.0500,6.323702
9275,redandblack,static_B_2020.02.27_18.39.27.csv,4969,240.7691,83.01,70.85,0.0500,6.141095
9276,soldier,static_B_2020.02.13_13.57.29.csv,423,256.6920,77.06,75.68,0.0500,6.099167
9277,longdress,driving_B_2020.02.14_12.58.17.csv,580,51.0628,0.00,-144.72,0.0500,5.890376
9278,loot,driving_B_2020.02.13_15.02.01.csv,492,116.2475,0.00,-46.16,0.0500,6.354464
9279,redandblack,static_B_2020.02.27_18.39.27.csv,649,273.2900,100.00,85.96,0.0500,6.448384
9280,soldier,static_B_2020.02.13_13.57.29.csv,2703,234.7602,62.55,56.85,0.0500,6.116315
9281,longdress,driving_B_2019.12.16_12.27.05.csv,292,48.0063,0.00,-183.40,0.0500,5.925330
9282,loot,static_B_2020.02.14_13.21.26.csv,850,233.8205,55.55,61.42,0.0500,5.671171
9283,redandblack,driving_B_2019.12.16_12.27.05.csv,592,20.6028,0.00,-405.85,0.0500,6.125419
9284,soldier,static_B_2019.12.16_13.40.04.csv,1310,167.3879,12.42,19.60,0.0500,6.829020
9285,longdress,driving_B_2020.02.13_13.03.24.csv,860,-0.4173,0.00,-340.32,0.0500,5.405684
9286,loot,driving_B_2020.01.16_09.56.56.csv,497,262.1574,86.00,81.23,0.0500,6.049014
9287,redandblack,static_B_2020.02.27_18.39.27.csv,1909,265.4004,84.11,83.14,0.0500,5.982490
9288,soldier,static_B_2020.02.13_13.57.29.csv,2043,248.8510,62.00,76.47,0.0500,6.332173
9289,longdress,driving_B_2020.02.14_09.38.22.csv,1229,97.0538,0.00,-77.86,0.0500,6.401886
9290,loot,driving_B_2020.02.13_13.03.24.csv,1340,101.7455,0.00,-17.06,0.0500,6.379029
9291,redandblack,driving_B_2020.02.14_09.38.22.csv,989,54.0027,0.00,-130.13,0.0500,6.058868
9292,soldier,driving_B_2019.12.17_07.32.39.csv,1280,116.0271,0.00,-36.06,0.0500,5.680778
9293,longdress,driving_B_2020.02.14_12.58.17.csv,640,26.5040,0.00,-132.51,0.0500,5.532845
9294,loot,static_B_2020.02.27_18.39.27.csv,349,277.3451,100.00,87.32,0.0500,6.564734
9295,redandblack,static_B_2020.02.13_13.57.29.csv,603,171.9972,0.00,17.60,0.0500,6.170301
9296,soldier,driving_B_2020.02.13_13.03.24.csv,2060,-38.8852,0.00,-921.52,0.0500,6.000739
9297,longdress,driving_B_2019.12.16_12.27.05.csv,112,27.3048,0.00,-132.93,0.0500,5.902046
9298,loot,driving_B_2020.01.16_07.26.43.csv,349,21.7288,0.00,-179.87,0.0500,6.232125
9299,redandblack,driving_B_2020.02.13_15.02.01.csv,2232,286.5703,100.00,91.88,0.0500,6.242082
9300,soldier,driving_B_2020.02.13_15.02.01.csv,2052,123.0421,0.00,-183.53,0.0500,6.161450
9301,longdress,static_B_2020.02.27_18.39.27.csv,3049,144.6321,0.00,12.20,0.0500,5.916146
9302,loot,driving_B_2019.12.17_07.32.39.csv,800,61.6412,0.00,-68.01,0.0500,6.034093
9303,redandblack,static_B_2020.02.27_18.39.27.csv,1849,193.4215,57.72,27.57,0.0500,6.405855
9304,soldier,driving_B_2019.12.16_14.23.32.csv,678,204.2200,16.47,36.01,0.0500,6.043823
9305,longdress,driving_B_2020.02.13_13.03.24.csv,980,38.0002,0.00,-174.52,0.0500,6.422501
9306,loot,driving_B_2019.12.17_07.32.39.csv,140,107.7651,0.00,-27.67,0.0500,5.723188
9307,redandblack,driving_B_2020.02.14_09.38.22.csv,1409,52.7557,0.00,-63.88,0.0500,5.927683
9308,soldier,driving_B_2019.12.17_07.32.39.csv,2000,212.5590,37.43,51.30,0.0500,6.109159
9309,longdress,driving_B_2020.01.16_07.26.43.csv,649,86.0291,0.00,-69.05,0.0500,6.149473
9310,loot,driving_B_2019.12.16_14.23.32.csv,2616,171.4951,5.33,21.20,0.0500,5.968372
9311,redandblack,driving_B_2019.12.16_14.23.32.csv,1338,182.7788,13.42,22.27,0.0500,6.105362
9312,soldier,driving_B_2020.01.16_09.56.56.csv,557,254.6728,61.78,73.99,0.0500,6.197392
9313,longdress,driving_B_2020.02.13_13.03.24.csv,560,39.2327,0.00,-133.09,0.0500,6.374468
9314,loot,driving_B_2019.12.16_14.23.32.csv,2538,107.0138,0.00,-81.14,0.0500,5.425909
9315,redandblack,static_B_2020.02.13_13.57.29.csv,2643,275.8868,100.00,86.52,0.0500,6.510015
9316,soldier,driving_B_2020.02.13_13.03.24.csv,1160,14.3061,0.00,-225.24,0.0500,6.129091
9317,longdress,driving_B_2019.12.16_14.23.32.csv,1218,269.8510,100.00,82.72,0.0500,5.671835
9318,loot,static_B_2020.02.27_18.39.27.csv,4609,180.8308,11.86,28.01,0.0500,6.193751
9319,redandblack,static_B_2020.02.27_18.39.27.csv,4009,164.9267,0.00,16.83,0.0500,5.770362
9320,soldier,driving_B_2020.02.13_13.03.24.csv,1460,135.4636,0.00,-60.98,0.0500,6.019767
9321,longdress,static_B_2020.02.27_18.39.27.csv,2629,228.0420,65.34,52.02,0.0500,6.551147
9322,loot,driving_B_2020.01.16_07.26.43.csv,829,166.0756,0.00,23.23,0.0500,5.569328
9323,redandblack,static_B_2020.02.14_13.21.26.csv,418,244.4720,70.00,75.90,0.0500,5.669868
9324,soldier,driving_B_2020.01.16_09.56.56.csv,1277,215.0854,40.01,46.99,0.0500,5.958127
9325,longdress,static_B_2020.02.27_18.39.27.csv,3169,98.8919,0.00,-244.21,0.0500,6.249293
9326,loot,static_B_2019.12.16_13.40.04.csv,650,203.8422,60.42,45.29,0.0500,5.928270
9327,redandblack,driving_B_2020.01.16_09.56.56.csv,1457,269.2021,81.50,84.27,0.0500,6.197529
9328,soldier,static_B_2020.02.14_13.21.26.csv,658,269.1375,100.00,82.13,0.0500,5.693958
9329,longdress,driving_B_2020.01.16_09.56.56.csv,737,282.1283,100.00,88.02,0.0500,6.561776
9330,loot,driving_B_2020.02.13_15.02.01.csv,1212,198.5811,58.93,40.75,0.0500,6.470868
9331,redandblack,driving_B_2020.02.14_09.38.22.csv,1049,52.3173,0.00,-112.81,0.0500,5.865358
9332,soldier,static_B_2020.02.27_18.39.27.csv,5329,280.9163,100.00,87.32,0.0500,6.426425
9333,longdress,static_B_2020.02.27_18.39.27.csv,2989,261.4695,100.00,80.99,0.0500,5.939869
9334,loot,static_B_2020.02.14_13.21.26.csv,178,243.0927,64.65,73.37,0.0500,6.223712
9335,redandblack,static_B_2020.02.27_18.39.27.csv,3529,275.8258,100.00,86.61,0.0500,6.682244
9336,soldier,driving_B_2020.01.16_07.26.43.csv,109,45.1772,0.00,-101.27,0.0500,5.975033
9337,longdress,driving_B_2019.12.16_14.23.32.csv,318,270.4375,84.49,83.62,0.0500,5.968488
9338,loot,driving_B_2020.02.14_07.29.00.csv,710,133.3293,0.00,-29.24,0.0500,6.318443
9339,redandblack,driving_B_2019.12.16_11.49.59.csv,61,84.7046,0.00,-28.10,0.0500,5.631474
9340,soldier,driving_B_2020.01.16_12.10.03.csv,134,270.1008,100.00,84.05,0.0500,6.420192
9341,longdress,static_B_2019.12.16_13.40.04.csv,1670,191.4469,52.87,33.08,0.0500,6.431949
9342,loot,driving_B_2020.02.14_09.38.22.csv,29,68.6085,0.00,-89.97,0.0500,6.007569
9343,redandblack,static_B_2019.12.16_13.40.04.csv,1490,266.7714,80.00,84.27,0.0500,5.830725
9344,soldier,driving_B_2020.01.16_09.56.56.csv,857,62.6940,0.00,-108.08,0.0500,5.857784
9345,longdress,driving_B_2019.12.16_14.23.32.csv,1518,75.7575,0.00,-27.33,0.0500,5.735484
9346,loot,driving_B_2019.12.16_14.23.32.csv,258,281.8890,90.00,90.17,0.0500,6.379153
9347,redandblack,static_B_2020.02.13_13.57.29.csv,2583,267.3943,86.00,84.34,0.0500,6.012248
9348,soldier,driving_B_2020.01.16_09.56.56.csv,437,21.9023,0.00,-102.59,0.0500,6.614956
9349,longdress,driving_B_2020.02.14_12.58.17.csv,520,96.6708,0.00,-37.29,0.0500,6.162843
9350,loot,driving_B_2020.02.13_13.03.24.csv,260,93.9291,0.00,-33.00,0.0500,6.352391
9351,redandblack,driving_B_2020.02.13_13.03.24.csv,740,35.7849,0.00,-184.53,0.0500,5.742755
9352,soldier,driving_B_2019.12.16_12.27.05.csv,772,99.5621,0.00,-28.68,0.0500,5.471534
9353,longdress,driving_B_2019.12.16_14.23.32.csv,438,211.0273,46.21,52.34,0.0500,6.111745
9354,loot,static_B_2020.02.27_18.39.27.csv,1249,126.7969,0.00,34.53,0.0500,5.996305
9355,redandblack,driving_B_2020.02.14_09.38.22.csv,749,89.6320,0.00,-54.93,0.0500,6.398720
9356,soldier,static_B_2020.02.27_18.39.27.csv,4789,245.5753,46.00,77.78,0.0500,6.273148
9357,longdress,driving_B_2020.02.14_07.29.00.csv,1490,79.5523,0.00,-33.73,0.0500,5.963724
9358,loot,driving_B_2020.02.13_15.02.01.csv,1752,197.7985,29.90,39.80,0.0500,5.549779
9359,redandblack,driving_B_2019.12.16_14.23.32.csv,618,169.8441,22.41,31.81,0.0500,5.783519
9360,soldier,driving_B_2020.02.14_07.29.00.csv,590,78.4245,0.00,-94.17,0.0500,6.117231
9361,longdress,static_B_2020.02.27_18.39.27.csv,4129,276.3282,100.00,86.51,0.0500,6.256726
9362,loot,driving_B_2020.02.14_07.29.00.csv,1850,11.5808,0.00,-256.01,0.0500,6.268258
9363,redandblack,static_B_2020.02.14_13.21.26.csv,598,242.5207,70.00,75.59,0.0500,6.322225
9364,soldier,driving_B_2020.01.16_07.26.43.csv,1770,85.9492,45.56,11.30,0.0500,6.142281
9365,longdress,driving_B_2020.02.14_07.29.00.csv,110,51.4884,0.00,-78.57,0.0500,6.054936
9366,loot,driving_B_2019.12.16_12.27.05.csv,52,74.5262,0.00,-38.44,0.0500,6.050089
9367,redandblack,driving_B_2020.02.13_13.03.24.csv,2120,-29.3881,0.00,-607.27,0.0500,6.765751
9368,soldier,driving_B_2019.12.17_07.32.39.csv,2060,227.3256,48.97,53.19,0.0500,5.785810
9369,longdress,driving_B_2019.12.17_07.32.39.csv,1520,26.1200,0.00,-59.39,0.0500,5.488171
9370,loot,static_B_2020.02.27_18.39.27.csv,2269,262.8344,100.00,80.49,0.0500,5.792998
9371,redandblack,driving_B_2019.12.17_07.32.39.csv,1700,22.7776,0.00,-227.15,0.0500,6.044506
9372,soldier,driving_B_2020.02.14_09.38.22.csv,1469,85.3101,0.00,-45.47,0.0500,6.644498
9373,longdress,static_B_2019.12.16_13.40.04.csv,830,261.1940,100.00,70.36,0.0500,5.713856
9374,loot,driving_B_2020.02.27_17.30.15.csv,443,-55.4809,0.00,-432.42,0.0500,6.870644
9375,redandblack,static_B_2020.02.14_13.21.26.csv,850,224.6204,57.07,57.36,0.0500,5.878406
9376,soldier,static_B_2019.12.16_13.40.04.csv,410,95.7228,0.00,-26.61,0.0500,6.598082
9377,longdress,driving_B_2020.02.13_13.03.24.csv,1280,-15.5806,0.00,-254.04,0.0500,6.362865
9378,loot,static_B_2020.02.27_18.39.27.csv,5689,258.4708,79.52,77.77,0.0500,6.143026
9379,redandblack,driving_B_2019.12.16_12.27.05.csv,532,75.0757,0.00,-119.96,0.0500,5.741235
9380,soldier,static_B_2020.02.27_18.39.27.csv,1429,231.1224,71.43,59.05,0.0500,6.301161
9381,longdress,driving_B_2019.12.17_07.32.39.csv,1940,129.3683,0.00,-55.49,0.0500,6.206505
9382,loot,static_B_2019.12.16_13.40.04.csv,1550,188.4343,30.06,44.41,0.0500,6.461530
9383,redandblack,driving_B_2020.02.14_12.58.17.csv,400,3.1645,0.00,-604.18,0.0500,6.656988
9384,soldier,driving_B_2020.02.13_15.02.01.csv,2292,-10.6735,0.00,-313.60,0.0500,6.307207
9385,longdress,static_B_2020.02.14_13.21.26.csv,778,263.7170,76.34,78.05,0.0500,6.271871
9386,loot,static_B_2020.02.13_13.57.29.csv,483,168.3497,19.49,22.84,0.0500,6.222249
9387,redandblack,driving_B_2020.02.13_13.03.24.csv,1760,172.6422,49.52,27.32,0.0500,5.427830
9388,soldier,driving_B_2020.02.13_13.03.24.csv,1220,-15.4590,0.00,-283.14,0.0500,5.928522
9389,longdress,driving_B_2019.12.16_14.23.32.csv,2358,254.8111,98.00,78.00,0.0500,6.103462
9390,loot,driving_B_2020.02.14_07.29.00.csv,290,237.4061,65.79,56.18,0.0500,6.406299
9391,redandblack,static_B_2019.12.16_13.40.04.csv,1250,112.5026,0.00,-13.38,0.0500,6.147415
9392,soldier,driving_B_2020.02.13_15.02.01.csv,2712,-0.0202,0.00,-115.63,0.0500,5.918714
9393,longdress,driving_B_2020.01.16_09.56.56.csv,1217,80.0499,0.00,-64.75,0.0500,6.110699
9394,loot,driving_B_2020.02.13_13.03.24.csv,1700,268.9046,72.22,78.04,0.0500,6.572386
9395,redandblack,driving_B_2020.02.13_13.03.24.csv,920,18.9099,0.00,-76.09,0.0500,5.910682
9396,soldier,static_B_2019.12.16_13.40.04.csv,1904,234.3057,88.00,50.97,0.0500,6.468549
9397,longdress,driving_B_2020.02.13_13.03.24.csv,1820,-228.4457,0.00,-708.59,0.0500,6.282239
9398,loot,driving_B_2020.02.13_15.02.01.csv,732,142.4388,0.00,0.13,0.0500,6.356322
9399,redandblack,static_B_2020.02.13_13.57.29.csv,963,79.6180,0.00,-315.32,0.0500,6.566217
9400,soldier,driving_B_2020.02.13_15.02.01.csv,72,254.5741,67.03,63.82,0.0500,6.463932
9401,longdress,driving_B_2020.02.14_07.29.00.csv,1730,140.6367,0.00,-3.06,0.0500,5.892686
9402,loot,driving_B_2019.12.16_11.49.59.csv,121,109.0814,0.00,-13.87,0.0500,5.908524
9403,redandblack,driving_B_2020.01.16_09.56.56.csv,1097,95.8997,0.00,-45.79,0.0500,6.862716
9404,soldier,driving_B_2020.02.13_15.02.01.csv,1332,-27.8557,0.00,-204.21,0.0500,5.589298
9405,longdress,driving_B_2020.02.13_15.02.01.csv,1092,171.8791,10.04,12.49,0.0500,6.291436
9406,loot,static_B_2020.02.27_18.39.27.csv,289,227.3220,37.25,52.68,0.0500,6.031542
9407,redandblack,driving_B_2019.12.16_14.23.32.csv,2118,114.6433,0.00,29.99,0.0500,6.189701
9408,soldier,static_B_2020.02.27_18.39.27.csv,1309,281.9161,100.00,88.99,0.0500,5.924373
9409,longdress,static_B_2020.02.14_13.21.26.csv,718,272.9509,100.00,80.40,0.0500,6.173640
9410,loot,driving_B_2019.12.16_14.23.32.csv,2058,230.2999,62.28,62.70,0.0500,6.526154
9411,redandblack,static_B_2020.02.27_18.39.27.csv,5149,262.7259,74.00,82.78,0.0500,5.625726
9412,soldier,driving_B_2019.12.16_14.23.32.csv,2418,114.3404,0.00,-2.94,0.0500,6.235758
9413,longdress,static_B_2020.02.27_18.39.27.csv,2089,170.6056,22.40,19.80,0.0500,5.621711
9414,loot,driving_B_2020.02.14_09.38.22.csv,209,-8.3702,0.00,-274.89,0.0500,5.939043
9415,redandblack,driving_B_2019.12.16_14.23.32.csv,1758,-34.1756,0.00,-400.16,0.0500,6.361896
9416,soldier,driving_B_2020.01.16_07.26.43.csv,229,111.2046,0.00,-17.29,0.0500,5.743981
9417,longdress,driving_B_2019.12.16_14.23.32.csv,1638,276.9402,100.00,85.18,0.0500,6.308878
9418,loot,static_B_2020.02.27_18.39.27.csv,529,158.8549,2.90,10.26,0.0500,6.528113
9419,redandblack,driving_B_2019.12.16_14.23.32.csv,1878,34.5421,0.00,-233.58,0.0500,6.504060
9420,soldier,driving_B_2019.12.17_07.32.39.csv,1040,122.7809,0.00,-9.72,0.0500,6.370317
9421,longdress,static_B_2019.12.16_13.40.04.csv,1430,270.3216,82.10,84.37,0.0500,6.265524
9422,loot,static_B_2020.02.14_13.21.26.csv,58,140.1797,2.00,39.16,0.0500,5.554941
9423,redandblack,driving_B_2019.12.16_14.23.32.csv,1098,147.7758,34.95,17.35,0.0500,6.430009
9424,soldier,driving_B_2020.02.14_09.38.22.csv,569,279.0418,100.00,87.86,0.0500,6.156441
9425,longdress,driving_B_2019.12.16_12.27.05.csv,412,45.7677,0.00,-109.24,0.0500,6.805721
9426,loot,driving_B_2020.02.13_15.02.01.csv,372,228.9502,79.79,66.63,0.0500,5.978570
9427,redandblack,driving_B_2019.12.16_12.27.05.csv,1072,168.9936,63.88,32.77,0.0500,6.183006
9428,soldier,driving_B_2020.01.16_07.26.43.csv,1770,44.4180,0.00,-135.17,0.0500,6.379756
9429,longdress,driving_B_2020.02.13_13.03.24.csv,1940,10.6783,0.00,-143.55,0.0500,6.123762
9430,loot,driving_B_2020.02.14_09.38.22.csv,329,5.0050,0.00,-219.04,0.0500,6.491129
9431,redandblack,driving_B_2019.12.16_14.23.32.csv,1038,81.8539,0.00,-252.92,0.0500,6.218048
9432,soldier,static_B_2020.02.27_18.39.27.csv,4549,190.0626,41.33,34.04,0.0500,6.239354
9433,longdress,driving_B_2019.12.17_07.32.39.csv,320,121.7217,0.00,-13.19,0.0500,5.511844
9434,loot,driving_B_2019.12.16_12.27.05.csv,172,143.3923,0.00,-12.07,0.0500,6.188076
9435,redandblack,driving_B_2020.02.13_13.03.24.csv,1040,81.9907,0.00,-84.41,0.0500,6.344725
9436,soldier,driving_B_2020.02.13_15.02.01.csv,132,236.3317,57.02,62.20,0.0500,5.674809
9437,longdress,static_B_2020.02.27_18.39.27.csv,5742,276.6933,100.00,85.61,0.0500,5.755311
9438,loot,driving_B_2019.12.16_14.23.32.csv,18,280.3820,100.00,88.87,0.0500,6.219522
9439,redandblack,driving_B_2020.02.13_13.03.24.csv,380,62.4049,0.00,-87.76,0.0500,5.704776
9440,soldier,driving_B_2020.02.14_07.29.00.csv,1190,252.3150,73.25,64.66,0.0500,6.362808
9441,longdress,static_B_2020.02.27_18.39.27.csv,769,261.6449,100.00,79.86,0.0500,5.803493
9442,loot,static_B_2020.02.13_13.57.29.csv,123,249.9392,76.55,68.76,0.0500,6.316596
9443,redandblack,driving_B_2020.01.16_07.26.43.csv,529,110.7291,0.00,-5.94,0.0500,6.333687
9444,soldier,driving_B_2020.02.14_07.29.00.csv,410,106.1587,0.00,-36.44,0.0500,6.206389
9445,longdress,static_B_2020.02.27_18.39.27.csv,169,267.9839,100.00,82.77,0.0500,6.504240
9446,loot,driving_B_2020.02.14_09.38.22.csv,1109,78.9251,0.00,-68.69,0.0500,5.713417
9447,redandblack,driving_B_2020.01.16_09.56.56.csv,17,106.3081,0.00,-15.62,0.0500,6.338089
9448,soldier,driving_B_2019.12.16_12.27.05.csv,952,198.9314,33.51,40.07,0.0500,6.514171
9449,longdress,driving_B_2020.02.13_15.02.01.csv,1032,244.7284,84.00,73.73,0.0500,5.931469
9450,loot,static_B_2019.12.16_13.40.04.csv,1070,163.5823,38.47,29.08,0.0500,6.932330
9451,redandblack,static_B_2020.02.27_18.39.27.csv,5742,272.8663,92.00,84.79,0.0500,6.421092
9452,soldier,driving_B_2019.12.16_14.23.32.csv,1818,-12.3040,0.00,-352.25,0.0500,6.255813
9453,loot,driving_B_2020.02.14_07.29.00.csv,1952,-18.9388,0.00,-324.36,0.0500,5.907845
9454,redandblack,driving_B_2020.02.14_07.29.00.csv,632,127.9107,0.00,-18.68,0.0500,5.753177
9455,soldier,driving_B_2020.01.16_07.26.43.csv,1000,72.7897,0.00,-79.16,0.0500,6.060495
9456,longdress,driving_B_2019.12.16_14.23.32.csv,844,178.6954,68.08,26.58,0.0500,5.893533
9457,loot,static_B_2020.02.27_18.39.27.csv,488,232.6947,76.77,60.51,0.0500,6.014439
9458,redandblack,driving_B_2019.12.17_07.32.39.csv,2288,235.8061,61.69,64.85,0.0500,6.374898
9459,soldier,static_B_2020.02.27_18.39.27.csv,1748,141.1517,0.00,6.36,0.0500,6.127301
9460,longdress,driving_B_2019.12.16_14.23.32.csv,1924,62.4757,0.00,-113.25,0.0500,6.768482
9461,loot,driving_B_2019.12.17_07.32.39.csv,325,162.1171,0.00,20.06,0.0500,6.351192
9462,redandblack,driving_B_2020.02.14_07.29.00.csv,1052,189.2609,26.43,32.76,0.0500,5.255979
9463,soldier,static_B_2020.02.27_18.39.27.csv,968,240.5773,57.68,64.17,0.0500,6.703326
9464,longdress,static_B_2020.02.13_13.57.29.csv,2779,187.9813,37.19,35.00,0.0500,6.340016
9465,loot,driving_B_2020.02.14_09.38.22.csv,52,62.8504,0.00,-101.21,0.0500,6.536158
9466,redandblack,driving_B_2020.02.13_15.02.01.csv,1395,25.3627,0.00,-118.85,0.0500,6.153158
9467,soldier,driving_B_2020.02.14_12.58.17.csv,363,-21.4421,0.00,-682.83,0.0500,6.124303
9468,longdress,driving_B_2020.01.16_09.56.56.csv,1045,57.5732,0.00,-114.96,0.0500,5.588793
9469,loot,driving_B_2019.12.16_14.23.32.csv,784,131.7583,19.46,12.65,0.0500,6.630325
9470,redandblack,driving_B_2020.02.14_09.38.22.csv,472,139.9863,0.00,-55.73,0.0500,5.958853
9471,soldier,static_B_2020.02.13_13.57.29.csv,2479,218.8140,72.31,40.54,0.0500,5.822682
9472,longdress,static_B_2019.12.16_13.40.04.csv,1827,136.9431,0.00,-6.88,0.0500,6.320850
9473,loot,static_B_2020.02.27_18.39.27.csv,1688,195.1163,52.00,36.56,0.0500,6.396200
9474,redandblack,static_B_2020.02.13_13.57.29.csv,2119,148.3428,0.00,17.08,0.0500,5.918181
9475,soldier,driving_B_2020.01.16_09.56.56.csv,1570,102.3848,0.00,-5.30,0.0500,6.191330
9476,longdress,driving_B_2019.12.17_07.32.39.csv,565,53.2933,0.00,-121.39,0.0500,6.157549
9477,loot,driving_B_2019.12.16_11.49.59.csv,264,29.9927,0.00,-185.76,0.0500,6.022758
9478,redandblack,driving_B_2019.12.16_14.23.32.csv,1384,275.7474,100.00,87.24,0.0500,6.010341
9479,soldier,driving_B_2020.02.13_15.02.01.csv,2235,221.0474,56.31,58.35,0.0500,7.019026
9480,longdress,driving_B_2019.12.17_07.32.39.csv,145,157.2204,17.28,9.24,0.0500,6.284784
9481,loot,driving_B_2020.02.13_13.03.24.csv,205,73.7861,0.00,-65.89,0.0500,6.310709
9482,redandblack,static_B_2020.02.14_13.21.26.csv,630,283.8658,100.00,91.12,0.0500,5.929383
9483,soldier,driving_B_2019.12.16_12.27.05.csv,582,109.3874,0.00,-4.62,0.0500,6.454485
9484,longdress,driving_B_2019.12.16_14.23.32.csv,664,249.0842,74.74,70.48,0.0500,6.401884
9485,loot,static_B_2020.02.27_18.39.27.csv,4988,275.2803,100.00,86.77,0.0500,6.243683
9486,redandblack,static_B_2020.02.13_13.57.29.csv,1579,188.6425,46.58,46.88,0.0500,6.488137
9487,soldier,static_B_2020.02.14_13.21.26.csv,390,251.7618,88.00,75.97,0.0500,6.019032
9488,longdress,driving_B_2020.02.27_17.30.15.csv,265,-67.6427,0.00,-324.69,0.0500,6.279229
9489,loot,driving_B_2020.02.13_13.03.24.csv,1885,-91.3765,0.00,-399.48,0.0500,6.220071
9490,redandblack,static_B_2020.02.27_18.39.27.csv,728,185.0857,12.85,35.61,0.0500,6.576551
9491,soldier,static_B_2020.02.27_18.39.27.csv,4928,283.6316,100.00,88.88,0.0500,6.328253
9492,longdress,driving_B_2020.02.14_09.38.22.csv,1478,134.5641,56.26,21.69,0.0500,5.847680
9493,loot,driving_B_2019.12.16_11.49.59.csv,277,35.6539,0.00,-117.50,0.0500,6.543350
9494,redandblack,driving_B_2020.02.14_09.38.22.csv,532,222.6642,43.25,56.57,0.0500,6.459240
9495,soldier,static_B_2019.12.16_13.40.04.csv,27,277.8515,90.00,88.11,0.0500,6.342207
9496,longdress,driving_B_2019.12.16_14.23.32.csv,1504,228.5816,47.46,43.34,0.0500,6.021533
9497,loot,driving_B_2020.02.13_13.03.24.csv,745,80.9413,0.00,-48.69,0.0500,6.124489
9498,redandblack,driving_B_2020.02.13_13.03.24.csv,1645,160.5451,0.00,-49.75,0.0500,6.257070
9499,soldier,driving_B_2020.02.14_12.58.17.csv,183,-41.8613,0.00,-935.83,0.0500,6.151558
9500,longdress,static_B_2020.02.27_18.39.27.csv,2468,266.2456,84.56,78.14,0.0500,6.607488
9501,loot,static_B_2020.02.13_13.57.29.csv,1999,283.8491,100.00,90.56,0.0500,6.526550
9502,redandblack,static_B_2019.12.16_13.40.04.csv,1587,267.4328,100.00,83.46,0.0500,6.146712
9503,soldier,static_B_2020.02.27_18.39.27.csv,5348,277.3006,98.00,86.25,0.0500,5.954864
9504,longdress,driving_B_2020.02.14_12.58.17.csv,483,-6.8889,0.00,-237.83,0.0500,5.732082
9505,loot,driving_B_2019.12.16_14.23.32.csv,184,207.5740,100.00,51.81,0.0500,6.219422
9506,redandblack,static_B_2020.02.27_18.39.27.csv,3428,258.3369,84.72,79.21,0.0500,6.499385
9507,soldier,static_B_2020.02.27_18.39.27.csv,1868,199.8104,75.79,38.76,0.0500,6.508912
9508,longdress,driving_B_2020.01.16_07.26.43.csv,1540,29.5917,0.00,-71.42,0.0500,6.729315
9509,loot,static_B_2020.02.27_18.39.27.csv,3128,81.7615,0.00,-76.55,0.0500,6.414755
9510,redandblack,static_B_2019.12.16_13.40.04.csv,1887,166.8539,52.00,12.10,0.0500,5.752721
9511,soldier,driving_B_2020.02.27_17.30.15.csv,385,56.5639,0.00,-35.62,0.0500,6.610104
9512,longdress,driving_B_2020.02.14_07.29.00.csv,212,97.2117,0.00,-48.38,0.0500,6.312772
9513,loot,static_B_2020.02.27_18.39.27.csv,2768,289.9269,100.00,92.83,0.0500,5.551669
9514,redandblack,driving_B_2020.02.13_13.03.24.csv,1045,80.8617,0.00,-49.18,0.0500,6.679710
9515,soldier,driving_B_2020.02.14_09.38.22.csv,1252,193.5921,0.00,-0.99,0.0500,6.290473
9516,longdress,static_B_2020.02.13_13.57.29.csv,1519,128.7523,0.00,-5.65,0.0500,6.025994
9517,loot,driving_B_2020.01.16_07.26.43.csv,1120,108.1180,0.00,-9.84,0.0500,5.934629
9518,redandblack,driving_B_2019.12.16_12.27.05.csv,222,146.2488,10.52,16.84,0.0500,6.368323
9519,soldier,driving_B_2020.02.13_15.02.01.csv,495,73.1378,0.00,-39.17,0.0500,6.089019
9520,longdress,driving_B_2020.02.14_09.38.22.csv,952,260.9122,72.57,75.55,0.0500,6.101859
9521,loot,driving_B_2020.02.13_13.03.24.csv,2188,-25.7170,0.00,-190.08,0.0500,6.117008
9522,redandblack,static_B_2020.02.13_13.57.29.csv,1699,125.6018,0.00,-9.19,0.0500,6.073958
9523,soldier,driving_B_2019.12.17_07.32.39.csv,865,124.4698,0.00,7.59,0.0500,5.956403
9524,longdress,driving_B_2020.01.16_07.26.43.csv,520,89.4332,0.00,-60.69,0.0500,6.494813
9525,loot,driving_B_2019.12.16_14.23.32.csv,1864,66.8478,0.00,-64.06,0.0500,6.610584
9526,redandblack,driving_B_2019.12.16_12.27.05.csv,342,146.7622,40.42,28.14,0.0500,6.688249
9527,soldier,static_B_2020.02.13_13.57.29.csv,1279,196.6835,65.40,38.07,0.0500,6.288652
9528,longdress,driving_B_2019.12.16_14.23.32.csv,2344,249.8601,80.00,75.85,0.0500,5.853144
9529,loot,driving_B_2019.12.17_07.32.39.csv,745,128.5407,0.00,10.69,0.0500,6.109819
9530,redandblack,static_B_2020.02.13_13.57.29.csv,439,111.2530,0.00,-5.80,0.0500,6.182910
9531,soldier,driving_B_2020.02.13_13.03.24.csv,1585,40.8090,0.00,-340.60,0.0500,6.305467
9532,longdress,driving_B_2020.02.13_15.02.01.csv,795,221.9831,63.15,58.00,0.0500,6.405379
9533,loot,driving_B_2019.12.16_14.23.32.csv,2284,74.6335,0.00,-74.76,0.0500,6.027393
9534,redandblack,driving_B_2020.01.16_07.26.43.csv,160,79.8811,0.00,-173.24,0.0500,6.163812
9535,soldier,driving_B_2020.02.13_13.03.24.csv,1765,114.1485,0.00,-154.09,0.0500,6.247226
9536,longdress,driving_B_2019.12.17_07.32.39.csv,985,84.6048,0.00,-117.67,0.0500,6.490406
9537,loot,driving_B_2019.12.17_07.32.39.csv,85,132.8872,0.00,-5.48,0.0500,6.208062
9538,redandblack,static_B_2019.12.16_13.40.04.csv,567,209.6753,82.95,49.76,0.0500,6.148225
9539,soldier,static_B_2020.02.13_13.57.29.csv,619,201.9699,34.33,33.91,0.0500,6.039980
9540,longdress,driving_B_2019.12.16_14.23.32.csv,964,89.0360,0.00,-35.54,0.0500,6.084215
9541,loot,driving_B_2020.02.13_15.02.01.csv,735,158.9066,26.35,18.61,0.0500,6.490664
9542,redandblack,driving_B_2020.02.14_07.29.00.csv,1292,224.5714,62.26,58.31,0.0500,6.508622
9543,soldier,static_B_2020.02.27_18.39.27.csv,2588,256.2988,83.14,74.29,0.0500,6.358914
9544,longdress,driving_B_2019.12.16_12.27.05.csv,162,105.6216,0.00,-22.87,0.0500,6.054403
9545,loot,driving_B_2020.02.14_07.29.00.csv,1472,167.8975,8.91,20.79,0.0500,5.837460
9546,redandblack,driving_B_2019.12.17_07.32.39.csv,385,279.4342,100.00,87.78,0.0500,6.179041
9547,soldier,driving_B_2020.02.14_07.29.00.csv,512,109.6905,0.00,-14.55,0.0500,6.132395
9548,longdress,static_B_2020.02.13_13.57.29.csv,859,165.4452,41.12,29.38,0.0500,6.133145
9549,loot,driving_B_2020.02.13_15.02.01.csv,1575,-6.4937,0.00,-478.21,0.0500,6.640092
9550,redandblack,static_B_2020.02.13_13.57.29.csv,2299,192.7021,50.05,36.64,0.0500,6.890280
9551,soldier,static_B_2020.02.27_18.39.27.csv,4148,145.8743,0.00,8.82,0.0500,6.402707
9552,longdress,driving_B_2020.02.13_13.03.24.csv,565,111.7310,0.52,4.22,0.0500,6.114015
9553,loot,driving_B_2019.12.16_14.23.32.csv,1084,141.0897,0.00,-76.49,0.0500,6.075810
9554,redandblack,driving_B_2020.02.13_15.02.01.csv,2175,167.9093,5.99,21.12,0.0500,6.542231
9555,soldier,driving_B_2020.02.14_09.38.22.csv,592,215.2459,45.78,57.64,0.0500,6.395773
9556,longdress,driving_B_2020.02.14_09.38.22.csv,832,255.1345,100.00,69.01,0.0500,6.268451
9557,loot,driving_B_2020.01.16_07.26.43.csv,1660,52.4241,0.00,-101.72,0.0500,5.941360
9558,redandblack,driving_B_2020.01.16_09.56.56.csv,565,241.0008,78.92,67.81,0.0500,6.270653
9559,soldier,driving_B_2020.02.13_15.02.01.csv,15,264.9207,82.25,76.27,0.0500,6.262116
9560,longdress,static_B_2020.02.13_13.57.29.csv,1219,251.2271,77.49,71.19,0.0500,6.247114
9561,loot,static_B_2020.02.27_18.39.27.csv,1508,280.4174,100.00,88.87,0.0500,6.551911
9562,redandblack,static_B_2020.02.13_13.57.29.csv,2719,204.5562,41.58,39.10,0.0500,6.836764
9563,soldier,static_B_2020.02.13_13.57.29.csv,2239,162.4752,21.39,14.97,0.0500,6.370101
9564,longdress,static_B_2020.02.27_18.39.27.csv,4088,260.9003,83.50,80.05,0.0500,6.365883
9565,loot,static_B_2020.02.13_13.57.29.csv,1159,199.3394,40.91,46.41,0.0500,6.224884
9566,redandblack,driving_B_2019.12.16_14.23.32.csv,244,278.4554,96.00,88.14,0.0500,5.803189
9567,soldier,driving_B_2020.02.13_15.02.01.csv,2055,128.1452,0.00,-77.68,0.0500,6.217616
9568,longdress,static_B_2019.12.16_13.40.04.csv,1287,186.7820,67.26,40.02,0.0500,6.167830
9569,loot,static_B_2019.12.16_13.40.04.csv,687,280.3920,100.00,89.41,0.0500,6.246809
9570,redandblack,driving_B_2020.01.16_07.26.43.csv,820,145.7056,0.00,2.68,0.0500,6.494591
9571,soldier,static_B_2019.12.16_13.40.04.csv,507,220.5477,78.84,36.99,0.0500,6.210253
9572,longdress,driving_B_2020.02.13_15.02.01.csv,2655,-6.3582,0.00,-297.56,0.0500,6.582393
9573,loot,driving_B_2020.02.14_07.29.00.csv,992,49.2408,0.00,-172.02,0.0500,6.434452
9574,redandblack,driving_B_2020.02.13_13.03.24.csv,1225,2.1948,0.00,-248.73,0.0500,6.184348
9575,soldier,driving_B_2020.02.14_12.58.17.csv,723,13.4293,0.00,-296.82,0.0500,6.158174
9576,longdress,driving_B_2020.02.13_13.03.24.csv,145,27.0139,0.00,-217.14,0.0500,6.565678
9577,loot,static_B_2019.12.16_13.40.04.csv,447,180.7410,57.38,36.48,0.0500,5.960493
9578,redandblack,driving_B_2020.02.14_07.29.00.csv,1772,274.3071,88.30,86.50,0.0500,6.148743
9579,soldier,static_B_2020.02.27_18.39.27.csv,4868,51.7516,0.00,-69.22,0.0500,6.808489
9580,longdress,static_B_2020.02.13_13.57.29.csv,2359,114.5694,0.00,-46.22,0.0500,6.619820
9581,loot,driving_B_2020.01.16_09.56.56.csv,205,280.4017,92.00,89.46,0.0500,6.917286
9582,redandblack,static_B_2020.02.13_13.57.29.csv,139,263.7599,80.74,80.65,0.0500,6.407534
9583,soldier,static_B_2019.12.16_13.40.04.csv,327,82.9062,0.00,-46.84,0.0500,6.126403
9584,longdress,driving_B_2020.01.16_09.56.56.csv,1105,48.2881,0.00,-88.58,0.0500,6.325751
9585,loot,driving_B_2019.12.16_14.23.32.csv,304,265.1331,82.54,78.10,0.0500,6.424765
9586,redandblack,driving_B_2020.02.13_15.02.01.csv,375,225.7304,46.00,67.65,0.0500,5.962338
9587,soldier,driving_B_2020.01.16_09.56.56.csv,505,121.9061,0.00,-20.19,0.0500,6.587655
9588,longdress,driving_B_2020.01.16_07.26.43.csv,580,36.4194,0.00,-120.13,0.0500,6.417969
9589,loot,driving_B_2020.01.16_07.26.43.csv,400,-1.4176,0.00,-203.28,0.0500,6.643137
9590,redandblack,driving_B_2019.12.17_07.32.39.csv,1885,242.8851,64.15,59.78,0.0500,6.173791
9591,soldier,static_B_2020.02.27_18.39.27.csv,2168,262.9211,76.50,70.57,0.0500,6.311931
9592,longdress,static_B_2019.12.16_13.40.04.csv,627,173.8141,61.49,27.74,0.0500,6.173959
9593,loot,static_B_2020.02.27_18.39.27.csv,5708,212.5910,74.26,47.36,0.0500,5.973773
9594,redandblack,driving_B_2020.01.16_07.26.43.csv,940,42.3443,0.00,-156.57,0.0500,5.938954
9595,soldier,static_B_2020.02.27_18.39.27.csv,5288,281.3786,100.00,89.59,0.0500,6.117587
9596,longdress,static_B_2020.02.27_18.39.27.csv,1808,119.7473,15.84,-50.60,0.0500,6.438167
9597,loot,static_B_2020.02.27_18.39.27.csv,848,241.1988,81.68,64.06,0.0500,6.210167
9598,redandblack,static_B_2019.12.16_13.40.04.csv,1407,226.0681,68.73,51.35,0.0500,6.264056
9599,soldier,static_B_2020.02.27_18.39.27.csv,4328,136.0735,0.00,3.79,0.0500,6.666086
9600,longdress,driving_B_2020.01.16_09.56.56.csv,145,128.4388,0.00,-31.28,0.0500,6.569047
9601,loot,static_B_2019.12.16_13.40.04.csv,1904,125.7012,0.00,8.90,0.0500,6.230491
9602,redandblack,driving_B_2020.01.16_09.56.56.csv,325,141.0396,10.88,15.94,0.0500,6.535731
9603,soldier,static_B_2020.02.27_18.39.27.csv,4568,151.9731,5.75,20.72,0.0500,6.045692
9604,longdress,driving_B_2020.02.27_17.30.15.csv,85,-95.6557,0.00,-1036.29,0.0500,5.985092
9605,loot,driving_B_2020.01.16_07.26.43.csv,1240,65.2124,0.00,-65.15,0.0500,6.399593
9606,redandblack,driving_B_2019.12.16_12.27.05.csv,1152,178.3833,21.88,8.09,0.0500,5.888092
9607,soldier,static_B_2020.02.13_13.57.29.csv,1459,136.3562,5.58,0.70,0.0500,6.505901
9608,longdress,driving_B_2020.01.16_07.26.43.csv,760,111.5604,0.00,-12.40,0.0500,6.218815
9609,loot,driving_B_2020.02.13_13.03.24.csv,1405,82.5007,0.00,-81.41,0.0500,6.098187
9610,redandblack,driving_B_2020.01.16_09.56.56.csv,265,251.2464,62.55,71.71,0.0500,5.967320
9611,soldier,driving_B_2019.12.17_07.32.39.csv,805,97.8596,87.68,25.20,0.0500,6.840151
9612,longdress,static_B_2020.02.27_18.39.27.csv,1928,269.6410,100.00,84.62,0.0500,6.286255
9613,loot,driving_B_2020.02.13_15.02.01.csv,195,163.0142,0.00,18.14,0.0500,6.309709
9614,redandblack,driving_B_2020.02.13_15.02.01.csv,2754,33.0879,0.00,-99.14,0.0500,6.868833
9615,soldier,driving_B_2019.12.16_14.23.32.csv,1324,93.9283,39.01,-10.16,0.0500,6.140029
9616,longdress,driving_B_2019.12.16_14.23.32.csv,2224,223.4065,56.55,41.95,0.0500,6.155584
9617,loot,static_B_2020.02.27_18.39.27.csv,908,260.7343,80.88,70.33,0.0500,5.995435
9618,redandblack,driving_B_2020.01.16_09.56.56.csv,1345,228.9820,82.49,63.87,0.0500,6.050849
9619,soldier,driving_B_2020.02.13_13.03.24.csv,385,45.1203,0.00,-118.97,0.0500,6.003482
9620,longdress,driving_B_2019.12.17_07.32.39.csv,1585,121.2748,0.00,-117.41,0.0500,6.470245
9621,loot,driving_B_2020.01.16_07.26.43.csv,1060,151.5984,2.03,20.08,0.0500,5.907441
9622,redandblack,driving_B_2020.02.13_15.02.01.csv,975,120.3763,0.00,-83.12,0.0500,6.077807
9623,soldier,driving_B_2020.02.13_13.03.24.csv,1465,125.8788,0.00,-83.46,0.0500,6.398837
9624,longdress,static_B_2020.02.13_13.57.29.csv,1339,166.8669,0.00,-5.71,0.0500,6.421158
9625,loot,driving_B_2020.02.14_09.38.22.csv,1012,94.8233,0.00,-65.83,0.0500,6.614963
9626,redandblack,driving_B_2019.12.16_12.27.05.csv,642,113.6126,0.00,-165.46,0.0500,6.857743
9627,soldier,driving_B_2020.02.14_09.38.22.csv,712,238.4342,69.83,56.05,0.0500,5.872619
9628,longdress,driving_B_2020.02.13_13.03.24.csv,445,73.3352,0.00,-67.77,0.0500,6.251193
9629,loot,static_B_2020.02.14_13.21.26.csv,330,282.5750,100.00,90.26,0.0500,5.942753
9630,redandblack,static_B_2020.02.13_13.57.29.csv,19,284.0630,100.00,89.57,0.0500,6.268608
9631,soldier,static_B_2020.02.14_13.21.26.csv,750,249.7003,68.00,76.09,0.0500,6.277289
9632,longdress,driving_B_2020.02.13_15.02.01.csv,255,234.9204,66.00,69.73,0.0500,6.102772
9633,loot,driving_B_2019.12.17_07.32.39.csv,2125,66.7092,0.00,-146.15,0.0500,5.976920
9634,redandblack,static_B_2020.02.13_13.57.29.csv,79,99.7412,0.00,-8.11,0.0500,6.324951
9635,soldier,driving_B_2020.02.13_15.02.01.csv,2595,288.2530,100.00,90.87,0.0500,5.862183
9636,longdress,driving_B_2020.02.13_15.02.01.csv,435,70.1809,0.00,-53.03,0.0500,5.706673
9637,loot,static_B_2020.02.27_18.39.27.csv,128,257.1613,78.00,80.00,0.0500,6.384351
9638,redandblack,driving_B_2020.01.16_09.56.56.csv,25,95.0406,0.00,-29.14,0.0500,6.058456
9639,soldier,static_B_2020.02.27_18.39.27.csv,2828,275.8405,100.00,84.37,0.0500,6.427765
9640,longdress,driving_B_2019.12.17_07.32.39.csv,925,57.3237,0.00,-76.39,0.0500,6.551862
9641,loot,driving_B_2019.12.17_07.32.39.csv,2185,100.0633,0.00,-81.98,0.0500,6.243845
9642,redandblack,static_B_2019.12.16_13.40.04.csv,747,216.4912,50.00,63.22,0.0500,6.014361
9643,soldier,driving_B_2020.02.14_07.29.00.csv,1112,88.0906,33.04,-2.73,0.0500,6.385521
9644,longdress,static_B_2019.12.16_13.40.04.csv,807,253.8536,84.05,70.19,0.0500,6.355388
9645,loot,driving_B_2020.02.14_07.29.00.csv,1532,29.1751,0.00,-214.23,0.0500,5.836828
9646,redandblack,static_B_2020.02.27_18.39.27.csv,68,221.0441,73.59,64.42,0.0500,6.139558
9647,soldier,driving_B_2019.12.16_11.49.59.csv,204,9.4130,0.00,-304.05,0.0500,5.892814
9648,longdress,driving_B_2020.02.13_13.03.24.csv,925,57.7538,0.00,-73.97,0.0500,6.417684
9649,loot,driving_B_2020.02.13_15.02.01.csv,75,270.9852,79.37,83.78,0.0500,6.843639
9650,redandblack,static_B_2019.12.16_13.40.04.csv,267,184.7938,11.56,30.25,0.0500,6.399642
9651,soldier,static_B_2019.12.16_13.40.04.csv,147,218.1105,57.37,55.13,0.0500,6.268170
9652,longdress,driving_B_2020.01.16_09.56.56.csv,745,247.1714,82.03,70.17,0.0500,6.721118
9653,loot,driving_B_2020.01.16_12.10.03.csv,79,264.3497,83.39,82.22,0.0500,6.905667
9654,redandblack,driving_B_2020.02.13_13.03.24.csv,25,40.3248,0.00,-100.98,0.0500,6.867682
9655,soldier,driving_B_2020.01.16_12.10.03.csv,19,267.5278,86.83,80.77,0.0500,5.928682
9656,longdress,static_B_2020.02.27_18.39.27.csv,3188,216.0868,100.00,26.58,0.0500,5.577323
9657,loot,driving_B_2019.12.16_12.27.05.csv,402,-8.9638,0.00,-241.39,0.0500,6.174446
9658,redandblack,driving_B_2019.12.17_07.32.39.csv,1465,47.2511,0.00,-124.10,0.0500,6.626645
9659,soldier,driving_B_2020.01.16_09.56.56.csv,985,174.5018,64.62,37.58,0.0500,6.002051
9660,longdress,static_B_2020.02.27_18.39.27.csv,5468,268.7438,100.00,83.10,0.0500,6.218082
9661,loot,static_B_2020.02.27_18.39.27.csv,608,241.7888,70.00,67.34,0.0500,6.505228
9662,redandblack,driving_B_2019.12.16_12.27.05.csv,882,235.2407,65.53,59.52,0.0500,6.110132
9663,soldier,driving_B_2019.12.16_11.49.59.csv,84,121.5257,0.26,-0.86,0.0500,6.129474
9664,longdress,driving_B_2020.02.14_12.58.17.csv,303,-1.1111,0.00,-197.21,0.0500,6.662019
9665,loot,driving_B_2019.12.17_07.32.39.csv,1285,185.4585,19.52,35.13,0.0500,6.337450
9666,redandblack,driving_B_2019.12.17_07.32.39.csv,505,39.9948,0.00,-159.94,0.0500,7.121086
9667,soldier,driving_B_2020.02.13_13.03.24.csv,505,44.2965,0.00,-111.07,0.0500,6.085562
9668,longdress,driving_B_2020.02.13_13.03.24.csv,985,21.6655,0.00,-237.27,0.0500,6.227263
9669,loot,driving_B_2020.01.16_07.26.43.csv,1770,11.0415,0.00,-148.03,0.0500,6.931383
9670,redandblack,driving_B_2020.02.14_09.38.22.csv,772,102.0577,0.00,-39.71,0.0500,6.359061
9671,soldier,driving_B_2020.02.13_13.03.24.csv,1345,86.9481,63.88,7.84,0.0500,6.296662
9672,longdress,static_B_2019.12.16_13.40.04.csv,387,206.9261,56.03,39.38,0.0500,5.823340
9673,loot,static_B_2020.02.13_13.57.29.csv,2599,226.3055,80.80,60.06,0.0500,6.130751
9674,redandblack,driving_B_2020.01.16_07.26.43.csv,1720,70.7920,0.00,-41.35,0.0500,6.032775
9675,soldier,driving_B_2020.02.14_09.38.22.csv,1478,43.2418,0.00,-110.92,0.0500,6.293625
9676,longdress,driving_B_2019.12.16_14.23.32.csv,544,240.4158,55.80,64.24,0.0500,6.074252
9677,loot,driving_B_2020.02.13_13.03.24.csv,2065,-19.2730,0.00,-300.43,0.0500,5.981145
9678,redandblack,static_B_2020.02.27_18.39.27.csv,5408,268.1736,80.00,84.93,0.0500,6.780347
9679,soldier,driving_B_2020.02.13_15.02.01.csv,1695,208.4383,57.27,43.95,0.0500,6.135085
9680,longdress,static_B_2020.02.27_18.39.27.csv,3368,262.9928,86.00,81.03,0.0500,6.889166
9681,loot,static_B_2020.02.13_13.57.29.csv,679,119.5060,0.00,-31.13,0.0500,6.138095
9682,redandblack,driving_B_2020.01.16_09.56.56.csv,1465,279.4526,100.00,88.37,0.0500,6.277744
9683,soldier,driving_B_2020.02.13_15.02.01.csv,2754,23.9842,0.00,-149.98,0.0500,6.595325
9684,longdress,driving_B_2019.12.17_07.32.39.csv,1345,266.7316,100.00,82.20,0.0500,5.963194
9685,loot,static_B_2020.02.27_18.39.27.csv,2108,216.7357,64.73,55.29,0.0500,5.783076
9686,redandblack,static_B_2020.02.14_13.21.26.csv,270,281.9444,100.00,89.78,0.0500,6.142364
9687,soldier,driving_B_2020.02.14_07.29.00.csv,332,264.6331,100.00,82.20,0.0500,6.471596
9688,longdress,static_B_2020.02.13_13.57.29.csv,319,145.3437,0.00,3.05,0.0500,6.054059
9689,loot,static_B_2020.02.27_18.39.27.csv,368,272.5578,100.00,82.79,0.0500,5.992239
9690,redandblack,driving_B_2019.12.17_07.32.39.csv,1165,76.4056,0.00,-62.41,0.0500,6.631652
9691,soldier,driving_B_2020.02.14_07.29.00.csv,92,247.4945,54.91,62.61,0.0500,6.415779
9692,longdress,static_B_2020.02.13_13.57.29.csv,499,174.0364,19.50,20.82,0.0500,6.081418
9693,loot,static_B_2019.12.16_13.40.04.csv,1527,280.9610,100.00,89.28,0.0500,6.204115
9694,redandblack,driving_B_2020.01.16_07.26.43.csv,1420,17.8776,0.00,-195.75,0.0500,5.724426
9695,soldier,driving_B_2019.12.16_14.23.32.csv,2584,63.4649,0.00,-44.73,0.0500,6.699618
9696,longdress,static_B_2019.12.16_13.40.04.csv,207,138.0484,0.00,-10.67,0.0500,6.520016
9697,loot,static_B_2020.02.27_18.39.27.csv,3608,255.4508,76.00,79.28,0.0500,6.047307
9698,redandblack,static_B_2020.02.27_18.39.27.csv,3908,238.0999,68.00,74.39,0.0500,6.200941
9699,soldier,static_B_2020.02.27_18.39.27.csv,248,281.4349,100.00,86.28,0.0500,5.710696
9700,longdress,static_B_2020.02.27_18.39.27.csv,2648,145.0898,13.41,12.68,0.0500,6.738989
9701,loot,driving_B_2020.02.14_12.58.17.csv,603,72.4520,0.00,-56.49,0.0500,6.233881
9702,redandblack,driving_B_2019.12.16_12.27.05.csv,102,90.0469,0.00,-72.51,0.0500,6.770594
9703,soldier,driving_B_2020.02.14_09.38.22.csv,1372,238.1853,29.21,42.96,0.0500,6.237808
9704,longdress,driving_B_2019.12.16_11.49.59.csv,24,53.0876,0.00,-102.64,0.0500,6.503845
9705,loot,driving_B_2020.01.16_09.56.56.csv,445,112.4366,0.00,-76.72,0.0500,6.060340
9706,redandblack,driving_B_2020.01.16_12.10.03.csv,199,272.6508,100.00,85.11,0.0500,5.871877
9707,soldier,static_B_2019.12.16_13.40.04.csv,1904,225.0398,86.00,46.63,0.0500,6.397949
9708,longdress,driving_B_2019.12.17_07.32.39.csv,1045,88.1647,0.00,-49.76,0.0500,6.104827
9709,loot,driving_B_2019.12.16_12.27.05.csv,1002,139.9463,0.00,38.69,0.0500,5.717093
9710,redandblack,driving_B_2020.02.27_17.30.15.csv,145,-67.3086,0.00,-702.76,0.0500,6.315236
9711,soldier,driving_B_2020.01.16_07.26.43.csv,700,61.4729,0.00,-33.27,0.0500,6.228812
9712,longdress,static_B_2020.02.13_13.57.29.csv,1639,98.6999,0.00,-3.00,0.0500,6.185472
9713,loot,driving_B_2019.12.16_14.23.32.csv,364,177.7721,37.70,30.52,0.0500,6.843170
9714,redandblack,static_B_2019.12.16_13.40.04.csv,1767,261.5248,100.00,76.98,0.0500,6.600252
9715,soldier,driving_B_2020.01.16_07.26.43.csv,100,53.2125,0.00,-71.95,0.0500,6.462106
9716,longdress,static_B_2020.02.14_13.21.26.csv,150,268.2025,100.00,80.87,0.0500,6.849964
9717,loot,driving_B_2020.01.16_09.56.56.csv,1225,105.6645,0.00,-13.01,0.0500,5.719790
9718,redandblack,driving_B_2019.12.17_07.32.39.csv,25,118.7404,0.00,3.30,0.0500,6.107523
9719,soldier,static_B_2020.02.27_18.39.27.csv,1328,269.3762,82.46,84.10,0.0500,6.095829
9720,longdress,static_B_2020.02.14_13.21.26.csv,810,272.1474,100.00,84.50,0.0500,6.262641
9721,loot,driving_B_2020.01.16_07.26.43.csv,220,102.9012,0.00,-25.00,0.0500,6.070065
9722,redandblack,driving_B_2019.12.16_14.23.32.csv,1684,67.1730,0.00,-99.42,0.0500,6.134800
9723,soldier,static_B_2020.02.27_18.39.27.csv,308,193.1417,65.23,40.94,0.0500,6.315269
9724,longdress,driving_B_2019.12.17_07.32.39.csv,2288,226.3312,76.53,59.32,0.0500,6.513659
9725,loot,driving_B_2020.02.13_13.03.24.csv,1165,96.6191,0.00,-2.94,0.0500,6.380214
9726,redandblack,driving_B_2020.01.16_07.26.43.csv,40,106.9375,0.00,-9.42,0.0500,6.655761
9727,soldier,driving_B_2020.01.16_07.26.43.csv,280,71.9531,0.00,-44.33,0.0500,6.106856
9728,longdress,driving_B_2020.01.16_07.26.43.csv,880,74.9479,5.88,-19.87,0.0500,5.794363
9729,loot,static_B_2019.12.16_13.40.04.csv,927,183.7921,15.10,34.05,0.0500,6.083824
9730,redandblack,driving_B_2020.02.27_17.30.15.csv,505,-16.5629,0.00,-210.73,0.0500,6.355215
9731,soldier,driving_B_2020.02.13_13.03.24.csv,1285,57.7161,0.00,-59.81,0.0500,6.362886
9732,longdress,static_B_2020.02.27_18.39.27.csv,3548,55.3409,0.00,-94.91,0.0500,6.387570
9733,loot,driving_B_2020.02.13_15.02.01.csv,615,70.8020,0.00,-90.64,0.0500,6.855720
9734,redandblack,driving_B_2020.02.13_15.02.01.csv,2115,185.8471,22.70,37.08,0.0500,5.948642
9735,soldier,driving_B_2019.12.16_14.23.32.csv,2104,248.5718,78.00,74.85,0.0500,6.405062
9736,longdress,driving_B_2020.01.16_07.26.43.csv,1180,84.4580,37.93,-8.52,0.0500,6.466694
9737,loot,static_B_2019.12.16_13.40.04.csv,987,254.1725,69.34,73.76,0.0500,6.274359
9738,redandblack,driving_B_2019.12.16_11.49.59.csv,144,-14.9344,0.00,-138.24,0.0500,6.415880
9739,soldier,driving_B_2020.02.13_15.02.01.csv,1515,78.4294,30.26,-14.77,0.0500,5.882105
9740,longdress,driving_B_2020.02.27_17.30.15.csv,720,78.4424,5.48,-51.95,0.0500,6.466406
9741,loot,driving_B_2020.02.13_15.02.01.csv,1815,287.6240,100.00,92.26,0.0500,6.246513
9742,redandblack,static_B_2019.12.16_13.40.04.csv,1467,278.8927,100.00,87.52,0.0500,6.349355
9743,soldier,static_B_2020.02.14_13.21.26.csv,850,181.8930,47.97,38.62,0.0500,6.793351
9744,longdress,driving_B_2020.02.14_07.29.00.csv,452,106.0243,100.00,25.43,0.0500,6.500657
9745,loot,driving_B_2020.02.13_13.03.24.csv,85,89.8610,0.00,-44.32,0.0500,6.394937
9746,redandblack,driving_B_2019.12.17_07.32.39.csv,2005,174.3157,24.64,35.93,0.0500,6.087564
9747,soldier,driving_B_2019.12.17_07.32.39.csv,2065,193.7503,69.87,39.19,0.0500,6.359834
9748,longdress,driving_B_2020.01.16_07.26.43.csv,340,11.1106,0.00,-123.84,0.0500,6.504058
9749,loot,driving_B_2020.02.14_07.29.00.csv,272,165.9727,0.00,-8.52,0.0500,6.230327
9750,redandblack,static_B_2020.02.27_18.39.27.csv,2948,241.3694,83.47,66.85,0.0500,6.296889
9751,soldier,static_B_2020.02.27_18.39.27.csv,4208,260.8461,86.80,78.70,0.0500,6.518922
9752,longdress,driving_B_2020.02.13_15.02.01.csv,1335,10.4982,0.00,-178.94,0.0500,6.331010
9753,loot,driving_B_2019.12.16_14.23.32.csv,2404,132.0240,0.00,-0.19,0.0500,6.152697
9754,redandblack,driving_B_2020.02.13_15.02.01.csv,675,185.3836,45.71,25.72,0.0500,6.317171
9755,soldier,driving_B_2020.02.14_07.29.00.csv,572,61.3006,0.00,-87.87,0.0500,5.878860
9756,longdress,driving_B_2020.02.13_15.02.01.csv,1215,129.4913,0.00,-26.00,0.0500,6.263611
9757,loot,static_B_2020.02.27_18.39.27.csv,2408,94.2581,0.00,8.24,0.0500,6.055106
9758,redandblack,driving_B_2019.12.17_07.32.39.csv,625,86.8540,0.00,-46.65,0.0500,6.888468
9759,soldier,driving_B_2019.12.17_07.32.39.csv,205,56.1925,0.00,-32.36,0.0500,6.037215
9760,longdress,driving_B_2020.02.27_17.30.15.csv,720,78.0973,22.34,-38.82,0.0500,6.448948
9761,loot,driving_B_2019.12.16_14.23.32.csv,904,96.0915,0.00,-29.61,0.0500,5.686927
9762,redandblack,driving_B_2020.01.16_12.10.03.csv,139,211.5065,52.00,63.79,0.0500,6.442616
9763,soldier,static_B_2020.02.27_18.39.27.csv,4508,138.8793,0.00,-2.16,0.0500,6.004853
9764,longdress,driving_B_2020.02.14_07.29.00.csv,1892,83.0843,42.37,5.55,0.0500,6.290207
9765,loot,driving_B_2019.12.16_14.23.32.csv,1024,152.1526,7.19,7.78,0.0500,6.599757
9766,redandblack,driving_B_2020.02.14_09.38.22.csv,652,241.2993,67.80,69.01,0.0500,6.252210
9767,soldier,static_B_2020.02.14_13.21.26.csv,30,222.0873,61.32,57.71,0.0500,5.945396
9768,longdress,driving_B_2020.02.13_15.02.01.csv,1155,162.3357,28.40,20.99,0.0500,6.314127
9769,loot,static_B_2020.02.27_18.39.27.csv,4448,205.3113,56.10,50.83,0.0500,6.375703
9770,redandblack,static_B_2020.02.13_13.57.29.csv,1879,256.3516,100.00,78.12,0.0500,6.614389
9771,soldier,driving_B_2019.12.17_07.32.39.csv,1705,69.9297,0.00,-104.69,0.0500,6.479129
9772,longdress,driving_B_2020.02.13_13.03.24.csv,2125,63.9838,0.00,-143.33,0.0500,6.316322
9773,loot,static_B_2020.02.27_18.39.27.csv,4748,250.1216,84.04,73.64,0.0500,6.358547
9774,redandblack,driving_B_2020.02.14_12.58.17.csv,423,-0.7184,0.00,-469.71,0.0500,6.362345
9775,soldier,static_B_2020.02.13_13.57.29.csv,2539,187.6013,32.18,33.76,0.0500,6.402883
9776,longdress,driving_B_2019.12.16_14.23.32.csv,604,103.3276,0.00,-9.16,0.0500,6.093693
9777,loot,driving_B_2020.02.13_15.02.01.csv,1875,90.5096,0.00,-31.48,0.0500,6.547687
9778,redandblack,static_B_2020.02.13_13.57.29.csv,199,203.5470,53.08,42.62,0.0500,6.583785
9779,soldier,driving_B_2020.01.16_09.56.56.csv,625,172.7864,27.56,29.38,0.0500,6.102908
9780,longdress,driving_B_2020.01.16_07.26.43.csv,1600,-33.9819,0.00,-110.34,0.0500,6.335048
9781,loot,driving_B_2019.12.16_12.27.05.csv,522,17.7510,0.00,-190.08,0.0500,6.785257
9782,redandblack,driving_B_2019.12.17_07.32.39.csv,1525,79.9547,0.00,-35.15,0.0500,6.448717
9783,soldier,driving_B_2020.02.14_07.29.00.csv,1592,222.7403,64.86,48.67,0.0500,6.732522
9784,longdress,driving_B_2020.02.14_07.29.00.csv,1352,261.4672,100.00,79.35,0.0500,6.761417
9785,loot,driving_B_2020.02.13_15.02.01.csv,1095,185.2789,19.61,25.34,0.0500,6.242892
9786,redandblack,static_B_2020.02.27_18.39.27.csv,2528,284.2439,100.00,91.13,0.0500,6.014849
9787,soldier,driving_B_2020.02.13_13.03.24.csv,2005,86.0531,83.77,9.38,0.0500,6.251929
9788,longdress,driving_B_2020.02.14_09.38.22.csv,1072,70.1617,0.00,-51.89,0.0500,6.527479
9789,loot,static_B_2020.02.27_18.39.27.csv,1448,244.9785,79.30,66.55,0.0500,6.059000
9790,redandblack,driving_B_2019.12.16_11.49.59.csv,277,35.9325,0.00,-152.02,0.0500,6.165322
9791,soldier,static_B_2020.02.27_18.39.27.csv,4028,122.8387,20.32,8.82,0.0500,6.091328
9792,longdress,driving_B_2020.02.27_17.30.15.csv,625,16.5304,0.00,-248.19,0.0500,6.343383
9793,loot,driving_B_2020.02.13_15.02.01.csv,1935,177.1093,28.41,26.82,0.0500,6.553593
9794,redandblack,driving_B_2019.12.17_07.32.39.csv,1945,142.7682,0.00,-12.82,0.0500,5.849843
9795,soldier,static_B_2020.02.27_18.39.27.csv,5228,202.7415,40.00,30.62,0.0500,6.667280
9796,longdress,driving_B_2020.02.14_07.29.00.csv,1652,248.4508,71.19,59.07,0.0500,6.026010
9797,loot,static_B_2019.12.16_13.40.04.csv,1107,80.6977,0.00,-513.78,0.0500,6.001070
9798,redandblack,driving_B_2020.02.13_13.03.24.csv,805,33.4923,0.00,-133.28,0.0500,6.475069
9799,soldier,driving_B_2020.01.16_12.10.03.csv,244,260.5846,83.90,77.01,0.0500,6.733608
9800,longdress,driving_B_2020.02.13_15.02.01.csv,555,64.2803,0.00,-66.69,0.0500,6.708141
9801,loot,driving_B_2019.12.16_14.23.32.csv,1804,-27.5662,0.00,-304.59,0.0500,6.582968
9802,redandblack,driving_B_2020.02.14_09.38.22.csv,172,-18.6677,0.00,-422.99,0.0500,5.395399
9803,soldier,driving_B_2020.01.16_09.56.56.csv,85,29.0770,0.00,-229.88,0.0500,6.405406
9804,longdress,static_B_2020.02.27_18.39.27.csv,5048,217.3281,65.00,56.83,0.0500,6.362306
9805,loot,static_B_2019.12.16_13.40.04.csv,1347,179.4342,60.46,32.60,0.0500,6.795032
9806,redandblack,driving_B_2019.12.16_14.23.32.csv,1744,-42.2896,0.00,-486.63,0.0500,6.452194
9807,soldier,driving_B_2020.02.14_12.58.17.csv,783,-16.4602,0.00,-761.60,0.0500,5.935152
9808,longdress,driving_B_2020.02.27_17.30.15.csv,565,-34.9474,0.00,-950.52,0.0500,6.768628
9809,loot,static_B_2020.02.27_18.39.27.csv,3308,169.4009,34.00,50.13,0.0500,6.092693
9810,redandblack,driving_B_2020.02.14_07.29.00.csv,752,90.9497,0.00,-44.89,0.0500,5.999541
9811,soldier,driving_B_2020.01.16_09.56.56.csv,925,49.9420,0.00,-159.77,0.0500,6.809120
9812,longdress,driving_B_2020.02.27_17.30.15.csv,25,-48.1087,0.00,-695.96,0.0500,5.954840
9813,loot,static_B_2020.02.14_13.21.26.csv,210,94.9595,0.00,22.56,0.0500,5.910669
9814,redandblack,driving_B_2019.12.17_07.32.39.csv,1645,155.7193,23.90,13.91,0.0500,6.169043
9815,soldier,driving_B_2020.01.16_09.56.56.csv,1525,258.0163,78.66,76.44,0.0500,6.124236
9816,longdress,driving_B_2019.12.17_07.32.39.csv,2245,234.9526,46.91,57.78,0.0500,6.068896
9817,loot,static_B_2020.02.14_13.21.26.csv,570,279.6004,100.00,89.67,0.0500,6.814187
9818,redandblack,static_B_2020.02.13_13.57.29.csv,1759,150.4746,0.00,41.80,0.0500,6.192505
9819,soldier,static_B_2020.02.27_18.39.27.csv,2348,216.1157,0.00,-213.00,0.0500,6.381156
9820,longdress,driving_B_2019.12.16_12.27.05.csv,822,128.8873,0.00,-4.52,0.0500,6.054382
9821,loot,driving_B_2020.02.13_15.02.01.csv,2295,-9.2538,0.00,-447.42,0.0500,6.282155
9822,redandblack,driving_B_2020.02.14_12.58.17.csv,63,47.2823,0.00,-208.94,0.0500,5.747722
9823,soldier,driving_B_2020.02.27_17.30.15.csv,325,-22.1832,0.00,-120.90,0.0500,6.271447
9824,longdress,driving_B_2020.02.13_13.03.24.csv,625,16.4345,0.00,-153.68,0.0500,6.255750
9825,loot,static_B_2020.02.27_18.39.27.csv,5742,249.3914,82.00,75.53,0.0500,6.235908
9826,redandblack,driving_B_2020.02.13_15.02.01.csv,1995,259.8203,87.63,78.69,0.0500,6.687776
9827,soldier,static_B_2020.02.13_13.57.29.csv,379,114.5831,0.00,-24.72,0.0500,5.643501
9828,longdress,driving_B_2020.02.13_15.02.01.csv,135,243.3287,100.00,68.78,0.0500,6.122840
9829,loot,static_B_2019.12.16_13.40.04.csv,1047,152.0450,0.00,12.83,0.0500,6.071472
9830,redandblack,driving_B_2019.12.16_12.27.05.csv,1062,166.7786,40.65,26.42,0.0500,5.965598
9831,soldier,driving_B_2020.02.13_15.02.01.csv,2715,-1.3524,23.93,-42.06,0.0500,6.018033
9832,longdress,driving_B_2019.12.16_14.23.32.csv,2464,197.6226,36.00,56.77,0.0500,6.563881
9833,loot,static_B_2020.02.27_18.39.27.csv,5168,154.8327,0.00,40.34,0.0500,6.215375
9834,redandblack,driving_B_2020.02.13_15.02.01.csv,2415,39.4668,0.00,-425.81,0.0500,6.305229
9835,soldier,driving_B_2020.02.14_07.29.00.csv,872,187.8979,36.06,32.85,0.0500,6.629935
9836,longdress,driving_B_2020.02.14_09.38.22.csv,1132,-5.1390,0.00,-330.91,0.0500,6.705909
9837,loot,static_B_2020.02.13_13.57.29.csv,2419,122.1966,0.00,-16.94,0.0500,6.181981
9838,redandblack,static_B_2020.02.27_18.39.27.csv,3728,271.1458,100.00,85.27,0.0500,6.318851
9839,soldier,driving_B_2020.02.14_07.29.00.csv,1412,286.4065,100.00,90.97,0.0500,6.695612
9840,longdress,driving_B_2020.02.14_12.58.17.csv,663,-11.1989,0.00,-520.55,0.0500,5.730377
9841,loot,driving_B_2020.02.14_09.38.22.csv,1312,270.1259,100.00,83.06,0.0500,5.800416
9842,redandblack,driving_B_2020.02.14_07.29.00.csv,1172,235.7526,60.88,48.52,0.0500,6.362798
9843,soldier,driving_B_2019.12.16_12.27.05.csv,282,43.9781,0.00,-199.46,0.0500,6.527311
9844,longdress,static_B_2020.02.27_18.39.27.csv,3068,99.4457,0.00,-43.09,0.0500,6.312765
9845,loot,static_B_2020.02.13_13.57.29.csv,979,87.7998,0.00,-258.72,0.0500,6.634643
9846,redandblack,driving_B_2019.12.16_14.23.32.csv,1204,257.2583,83.14,78.96,0.0500,6.496526
9847,soldier,driving_B_2020.02.13_15.02.01.csv,1455,-24.6448,0.00,-378.18,0.0500,6.510983
9848,longdress,driving_B_2020.02.27_17.30.15.csv,445,-81.5197,0.00,-611.53,0.0500,6.648581
9849,loot,driving_B_2020.02.14_07.29.00.csv,392,81.0503,0.00,-69.29,0.0500,6.383894
9850,redandblack,driving_B_2020.02.13_13.03.24.csv,1525,21.0146,0.00,-181.41,0.0500,7.067382
9851,soldier,static_B_2020.02.13_13.57.29.csv,2945,204.2483,44.65,44.59,0.0500,5.993369
9852,longdress,driving_B_2020.02.13_15.02.01.csv,1275,31.9577,0.00,-546.08,0.0500,6.337426
9853,loot,static_B_2020.02.27_18.39.27.csv,428,263.1357,79.72,81.36,0.0500,7.014284
9854,redandblack,static_B_2020.02.14_13.21.26.csv,850,219.7253,54.97,57.51,0.0500,6.765001
9855,soldier,static_B_2020.02.27_18.39.27.csv,1568,180.5383,28.74,23.62,0.0500,6.544570
9856,longdress,driving_B_2020.02.13_15.02.01.csv,2475,84.2070,0.00,-129.00,0.0500,6.705919
9857,loot,static_B_2020.02.27_18.39.27.csv,4688,176.2037,64.67,12.93,0.0500,6.773428
9858,redandblack,driving_B_2019.12.16_14.23.32.csv,1984,139.3369,0.00,37.76,0.0500,6.229811
9859,soldier,static_B_2020.02.27_18.39.27.csv,1088,119.8558,0.00,-46.05,0.0500,6.070967
9860,longdress,static_B_2020.02.13_13.57.29.csv,2839,84.5601,0.00,-47.03,0.0500,6.684798
9861,loot,driving_B_2019.12.16_14.23.32.csv,1444,120.3346,0.00,-28.44,0.0500,6.378863
9862,redandblack,driving_B_2020.01.16_07.26.43.csv,1300,171.8240,17.11,26.87,0.0500,6.199815
9863,soldier,static_B_2020.02.13_13.57.29.csv,2945,192.4079,42.56,39.37,0.0500,6.193042
9864,longdress,driving_B_2019.12.16_12.27.05.csv,942,254.6452,82.59,74.53,0.0500,6.284922
9865,loot,driving_B_2019.12.16_14.23.32.csv,4,158.7230,2.00,39.72,0.0500,6.245516
9866,redandblack,driving_B_2019.12.16_12.27.05.csv,1152,186.7376,0.00,13.62,0.0500,6.725917
9867,soldier,driving_B_2019.12.16_14.23.32.csv,2164,134.0479,0.00,5.67,0.0500,6.220312
9868,longdress,driving_B_2020.02.14_09.38.22.csv,352,8.2072,0.00,-292.78,0.0500,6.502290
9869,loot,driving_B_2020.02.14_12.58.17.csv,123,113.6984,0.00,-18.12,0.0500,6.516236
9870,redandblack,driving_B_2019.12.17_07.32.39.csv,1825,50.0655,0.00,-157.51,0.0500,6.289372
9871,soldier,static_B_2020.02.27_18.39.27.csv,1628,172.1327,16.64,23.57,0.0500,6.444598
9872,longdress,static_B_2020.02.27_18.39.27.csv,3788,134.1448,0.00,-1.99,0.0500,6.523572
9873,loot,driving_B_2019.12.16_14.23.32.csv,2524,205.1233,56.00,58.83,0.0500,6.342296
9874,redandblack,driving_B_2019.12.16_14.23.32.csv,484,281.2919,100.00,89.81,0.0500,6.350701
9875,soldier,driving_B_2019.12.17_07.32.39.csv,1405,103.7388,0.00,-26.24,0.0500,6.957850
9876,longdress,driving_B_2019.12.17_07.32.39.csv,1105,225.9928,56.30,52.52,0.0500,6.331781
9877,loot,static_B_2020.02.27_18.39.27.csv,1988,190.3123,16.72,33.73,0.0500,6.355534
9878,redandblack,static_B_2020.02.27_18.39.27.csv,2888,202.0921,68.61,46.79,0.0500,6.287880
9879,soldier,static_B_2020.02.13_13.57.29.csv,1039,85.8309,0.00,-25.46,0.0500,6.493914
9880,longdress,driving_B_2019.12.17_07.32.39.csv,445,239.2114,22.69,36.65,0.0500,6.435080
9881,loot,driving_B_2020.02.14_09.38.22.csv,292,11.0984,0.00,-207.30,0.0500,6.286788
9882,redandblack,driving_B_2020.02.14_09.38.22.csv,232,-12.0032,0.00,-274.04,0.0500,6.573827
9883,soldier,driving_B_2020.02.13_13.03.24.csv,1825,-133.4756,0.00,-599.60,0.0500,6.196268
9884,longdress,driving_B_2020.02.14_09.38.22.csv,892,209.7178,16.41,34.43,0.0500,6.285491
9885,loot,static_B_2020.02.27_18.39.27.csv,668,220.7691,81.65,61.39,0.0500,6.421248
9886,redandblack,driving_B_2020.02.14_07.29.00.csv,32,136.1392,0.00,-3.84,0.0500,6.551323
9887,soldier,static_B_2020.02.14_13.21.26.csv,510,284.6164,100.00,90.41,0.0500,6.339310
9888,longdress,static_B_2020.02.14_13.21.26.csv,90,229.2861,72.00,67.34,0.0500,6.459044
9889,loot,static_B_2020.02.27_18.39.27.csv,1148,129.8673,0.00,-16.22,0.0500,6.656930
9890,redandblack,static_B_2019.12.16_13.40.04.csv,87,231.1035,56.00,70.75,0.0500,6.139631
9891,soldier,static_B_2020.02.27_18.39.27.csv,2288,182.8229,0.00,25.45,0.0500,6.498430
9892,longdress,static_B_2020.02.13_13.57.29.csv,2659,256.6659,68.66,66.04,0.0500,6.159086
9893,loot,driving_B_2019.12.16_14.23.32.csv,1144,131.7413,0.00,5.58,0.0500,6.297797
9894,redandblack,static_B_2020.02.13_13.57.29.csv,259,263.9725,85.97,82.11,0.0500,5.857146
9895,soldier,driving_B_2019.12.16_14.23.32.csv,424,153.6384,0.00,17.29,0.0500,6.058114
9896,longdress,static_B_2020.02.27_18.39.27.csv,3968,227.2434,56.00,66.97,0.0500,7.322715
9897,loot,static_B_2019.12.16_13.40.04.csv,1227,249.3425,81.49,73.86,0.0500,6.121667
9898,redandblack,static_B_2019.12.16_13.40.04.csv,1167,100.7418,13.44,-51.80,0.0500,6.556872
9899,soldier,driving_B_2020.02.13_13.03.24.csv,325,35.0645,0.00,-114.03,0.0500,6.897785
9900,longdress,static_B_2020.02.27_18.39.27.csv,788,254.0019,70.58,67.08,0.0500,5.994063
9901,loot,driving_B_2019.12.16_14.23.32.csv,124,147.0191,0.00,41.91,0.0500,6.327848
9902,redandblack,static_B_2020.02.13_13.57.29.csv,1399,268.3184,100.00,82.82,0.0500,6.279187
9903,soldier,driving_B_2020.02.27_17.30.15.csv,685,30.1520,0.00,-71.94,0.0500,6.532140
9904,longdress,driving_B_2020.02.13_13.03.24.csv,1105,55.7523,0.00,-43.85,0.0500,6.143953
9905,loot,static_B_2020.02.13_13.57.29.csv,1099,181.7315,3.97,31.84,0.0500,6.828991
9906,redandblack,static_B_2020.02.27_18.39.27.csv,5648,278.4990,100.00,86.80,0.0500,6.539849
9907,soldier,driving_B_2020.01.16_09.56.56.csv,1165,77.0378,0.00,-22.38,0.0500,6.840183
9908,longdress,driving_B_2020.02.14_09.38.22.csv,412,67.9127,0.00,-35.52,0.0500,5.583332
9909,loot,driving_B_2020.01.16_09.56.56.csv,1285,252.6295,83.80,75.36,0.0500,6.337321
9910,redandblack,driving_B_2020.02.14_07.29.00.csv,1712,207.3399,36.83,44.57,0.0500,6.351453
9911,soldier,driving_B_2020.01.16_09.56.56.csv,685,40.7241,54.83,-25.71,0.0500,6.738485
9912,longdress,driving_B_2020.01.16_09.56.56.csv,1570,126.8765,0.00,-2.31,0.0500,6.926317
9913,loot,driving_B_2019.12.16_14.23.32.csv,1564,165.4611,16.61,22.15,0.0500,6.546755
9914,redandblack,driving_B_2020.02.13_15.02.01.csv,855,179.6716,3.78,11.97,0.0500,6.551951
9915,soldier,driving_B_2020.02.14_07.29.00.csv,812,60.3421,0.00,-79.97,0.0500,5.741834
9916,longdress,driving_B_2020.02.13_13.03.24.csv,865,65.2116,100.00,12.06,0.0500,7.056062
9917,loot,driving_B_2020.02.14_07.29.00.csv,692,136.4858,10.00,7.49,0.0500,6.314474
9918,redandblack,driving_B_2020.01.16_09.56.56.csv,805,265.6125,85.78,82.17,0.0500,6.641739
9919,soldier,static_B_2020.02.13_13.57.29.csv,2059,266.0041,78.59,80.53,0.0500,7.000184
9920,longdress,static_B_2020.02.27_18.39.27.csv,1208,203.0606,76.00,39.25,0.0500,6.335701
9921,loot,driving_B_2020.02.13_13.03.24.csv,265,55.3035,67.10,0.96,0.0500,6.297784
9922,redandblack,driving_B_2019.12.17_07.32.39.csv,1765,42.5985,0.20,-32.50,0.0500,6.603507
9923,soldier,driving_B_2020.01.16_09.56.56.csv,865,134.3280,0.00,-0.07,0.0500,6.190580
9924,longdress,driving_B_2020.02.14_07.29.00.csv,152,58.6741,0.00,-57.49,0.0500,6.796238
9925,loot,driving_B_2020.02.14_12.58.17.csv,800,43.8118,68.53,-7.27,0.0500,7.235183
9926,redandblack,driving_B_2019.12.16_14.23.32.csv,64,271.0491,100.00,79.01,0.0500,6.292697
9927,soldier,driving_B_2019.12.16_14.23.32.csv,2616,100.8643,22.02,-5.04,0.0500,7.033815
9928,longdress,static_B_2020.02.27_18.39.27.csv,3248,275.6880,100.00,85.81,0.0500,6.315331
9929,loot,driving_B_2019.12.17_07.32.39.csv,265,87.7820,0.00,-26.75,0.0500,5.924692
9930,redandblack,driving_B_2020.02.14_07.29.00.csv,1970,-6.0389,0.00,-229.16,0.0500,7.048743
9931,soldier,static_B_2019.12.16_13.40.04.csv,867,165.2943,12.68,20.77,0.0500,6.704534
9932,longdress,driving_B_2020.02.13_15.02.01.csv,915,255.2182,100.00,77.36,0.0500,6.319683
9933,loot,static_B_2020.02.14_13.21.26.csv,450,285.4404,100.00,89.09,0.0500,6.614213
9934,redandblack,static_B_2020.02.27_18.39.27.csv,2228,244.4610,65.18,64.31,0.0500,6.259296
9935,soldier,driving_B_2020.02.14_12.58.17.csv,243,-108.3476,0.00,-324.90,0.0500,6.450077
9936,longdress,static_B_2020.02.27_18.39.27.csv,548,230.0060,0.00,-265.06,0.0500,6.863177
9937,loot,static_B_2020.02.27_18.39.27.csv,5742,285.0641,100.00,89.58,0.0500,7.002090
9938,redandblack,driving_B_2020.02.13_15.02.01.csv,1635,20.4054,0.00,-166.79,0.0500,6.148472
9939,soldier,driving_B_2020.01.16_07.26.43.csv,1770,-19.2396,0.00,-322.30,0.0500,6.443795
9940,longdress,static_B_2020.02.13_13.57.29.csv,2179,95.4378,0.00,-14.94,0.0500,6.223933
9941,loot,driving_B_2020.02.13_15.02.01.csv,1755,220.5886,66.44,55.56,0.0500,6.503068
9942,redandblack,driving_B_2019.12.16_12.27.05.csv,762,126.1957,0.00,-4.13,0.0500,6.813252
9943,soldier,driving_B_2019.12.16_14.23.32.csv,2616,100.7115,4.83,-9.33,0.0500,6.619305
9944,longdress,driving_B_2020.01.16_09.56.56.csv,1405,164.5759,22.00,41.35,0.0500,6.218703
9945,loot,static_B_2020.02.27_18.39.27.csv,2708,189.3497,28.00,55.22,0.0500,6.891351
9946,redandblack,static_B_2020.02.27_18.39.27.csv,3848,130.1665,0.00,-22.09,0.0500,5.696532
9947,soldier,static_B_2020.02.13_13.57.29.csv,2899,247.4388,71.33,64.65,0.0500,6.596632
9948,longdress,static_B_2020.02.27_18.39.27.csv,5108,261.1706,80.93,78.65,0.0500,6.373792
9949,loot,static_B_2020.02.27_18.39.27.csv,3008,217.6272,40.74,47.11,0.0500,6.048105
9950,redandblack,driving_B_2020.02.14_09.38.22.csv,1432,134.3922,0.00,-1.96,0.0500,7.046342
9951,soldier,driving_B_2020.01.16_09.56.56.csv,385,42.9116,0.00,-178.78,0.0500,7.163415
9952,longdress,driving_B_2020.01.16_07.26.43.csv,1480,23.5748,0.00,-173.44,0.0500,6.436297
9953,loot,static_B_2020.02.27_18.39.27.csv,1388,286.0315,100.00,91.65,0.0500,6.304759
9954,redandblack,driving_B_2020.02.14_07.29.00.csv,1832,266.8564,100.00,77.04,0.0500,5.922179
9955,soldier,static_B_2020.02.27_18.39.27.csv,3488,225.7315,80.09,56.98,0.0500,6.477514
9956,longdress,driving_B_2020.01.16_07.26.43.csv,1770,-2.7598,0.00,-337.32,0.0500,6.439476
9957,loot,driving_B_2020.02.14_07.29.00.csv,932,177.7121,38.65,28.10,0.0500,5.986907
9958,redandblack,static_B_2020.02.14_13.21.26.csv,690,245.7359,74.00,74.85,0.0500,6.624057
9959,soldier,driving_B_2020.01.16_07.26.43.csv,640,28.5745,0.00,-157.24,0.0500,6.463616
9960,longdress,driving_B_2019.12.17_07.32.39.csv,685,54.4189,0.00,-103.18,0.0500,6.328266
9961,loot,driving_B_2020.02.13_13.03.24.csv,1705,255.0206,67.47,68.61,0.0500,6.267163
9962,redandblack,driving_B_2019.12.16_14.23.32.csv,1264,215.2098,74.96,50.07,0.0500,6.204329
9963,soldier,driving_B_2020.02.13_13.03.24.csv,1945,-82.4403,0.00,-478.20,0.0500,6.088856
9964,longdress,static_B_2019.12.16_13.40.04.csv,1707,214.3228,62.22,51.64,0.0500,6.729261
9965,loot,driving_B_2019.12.16_14.23.32.csv,2044,259.1427,84.95,80.15,0.0500,6.174673
9966,redandblack,driving_B_2020.02.13_15.02.01.csv,315,278.0432,100.00,88.47,0.0500,6.651678
9967,soldier,static_B_2020.02.27_18.39.27.csv,1028,182.5126,16.11,21.52,0.0500,6.450286
9968,longdress,driving_B_2020.02.14_09.38.22.csv,112,-2.6726,0.00,-282.74,0.0500,6.640968
9969,loot,driving_B_2020.02.13_15.02.01.csv,2355,-35.3246,0.00,-583.73,0.0500,6.680216
9970,redandblack,static_B_2020.02.27_18.39.27.csv,4388,265.1845,81.47,80.97,0.0500,6.202804
9971,soldier,static_B_2020.02.13_13.57.29.csv,1939,226.2004,56.00,65.46,0.0500,6.488110
9972,longdress,driving_B_2020.02.14_07.29.00.csv,1232,224.3682,29.54,33.73,0.0500,6.233510
9973,loot,driving_B_2019.12.16_12.27.05.csv,42,88.7061,0.00,-50.88,0.0500,6.944841
9974,redandblack,static_B_2020.02.13_13.57.29.csv,1819,182.5204,34.00,51.98,0.0500,6.370818
9975,soldier,static_B_2020.02.13_13.57.29.csv,799,132.1292,0.00,-2.95,0.0500,6.007357
9976,longdress,static_B_2020.02.27_18.39.27.csv,5588,263.8431,100.00,80.53,0.0500,6.198398
9977,loot,driving_B_2020.02.13_15.02.01.csv,2535,154.8714,0.00,-3.44,0.0500,6.482550
9978,redandblack,driving_B_2019.12.16_14.23.32.csv,1624,224.4456,48.00,69.93,0.0500,6.959834
9979,soldier,driving_B_2020.02.14_09.38.22.csv,1478,37.0137,0.00,-145.29,0.0500,5.961879
9980,longdress,static_B_2020.02.27_18.39.27.csv,5528,172.1919,16.00,44.33,0.0500,6.182886
9981,loot,driving_B_2019.12.16_12.27.05.csv,462,19.7960,0.00,-341.45,0.0500,6.267364
9982,redandblack,static_B_2020.02.27_18.39.27.csv,4808,259.9222,100.00,80.01,0.0500,6.607070
9983,soldier,driving_B_2020.02.13_13.03.24.csv,2185,-95.4398,0.00,-851.24,0.0500,6.196438
9984,longdress,static_B_2020.02.27_18.39.27.csv,4268,267.7007,100.00,77.61,0.0500,6.515063
9985,loot,static_B_2020.02.13_13.57.29.csv,919,130.3093,1.61,-5.84,0.0500,6.649789
9986,redandblack,static_B_2020.02.13_13.57.29.csv,559,275.1987,100.00,86.88,0.0500,6.113760
9987,soldier,driving_B_2020.02.14_07.29.00.csv,1970,-32.4075,0.00,-663.85,0.0500,6.577816
9988,longdress,driving_B_2020.02.14_09.38.22.csv,1192,96.6774,0.00,-183.36,0.0500,6.190546
9989,loot,static_B_2020.02.27_18.39.27.csv,1268,229.7347,98.00,70.61,0.0500,6.976052
9990,redandblack,driving_B_2020.01.16_07.26.43.csv,1360,9.1290,0.00,-185.81,0.0500,6.499504
9991,soldier,driving_B_2019.12.16_12.27.05.csv,1122,96.3211,0.00,-37.58,0.0500,6.242928
9992,longdress,driving_B_2020.01.16_12.10.03.csv,244,259.2478,84.64,76.35,0.0500,5.599082
9993,loot,driving_B_2020.01.16_07.26.43.csv,460,28.2934,0.00,-126.71,0.0500,6.136821
9994,redandblack,static_B_2020.02.27_18.39.27.csv,8,208.6461,34.73,46.29,0.0500,6.506673
9995,soldier,driving_B_2020.02.14_12.58.17.csv,3,117.1382,0.00,-19.96,0.0500,6.469487
9996,longdress,driving_B_2020.02.27_17.30.15.csv,205,-75.0785,0.00,-1166.98,0.0500,6.412441
9997,loot,driving_B_2020.02.13_15.02.01.csv,1035,265.6244,100.00,83.21,0.0500,6.675076
9998,redandblack,static_B_2020.02.27_18.39.27.csv,188,193.2024,14.00,57.50,0.0500,6.926651
9999,soldier,driving_B_2019.12.16_14.23.32.csv,724,238.4491,47.14,55.44,0.0500,6.479009
10000,longdress,driving_B_2019.12.16_12.27.05.csv,702,276.1032,100.00,79.69,0.0500,6.219127
10001,loot,static_B_2020.02.27_18.39.27.csv,4628,102.7404,0.00,-67.70,0.0500,6.927403
10002,redandblack,driving_B_2020.02.14_12.58.17.csv,543,29.1447,0.00,-125.66,0.0500,6.609680
10003,soldier,driving_B_2020.02.13_13.03.24.csv,685,17.7352,0.00,-187.90,0.0500,6.322092
10004,longdress,static_B_2020.02.27_18.39.27.csv,3668,205.3337,38.00,60.23,0.0500,6.481523
10005,loot,static_B_2020.02.27_18.39.27.csv,2048,198.2897,25.73,47.58,0.0500,6.649153
10006,redandblack,static_B_2019.12.16_13.40.04.csv,1647,269.4833,100.00,85.09,0.0500,6.676917
10007,soldier,static_B_2020.02.13_13.57.29.csv,739,123.4008,0.00,0.34,0.0500,6.380213
10008,longdress,driving_B_2019.12.17_07.32.39.csv,1225,192.9011,0.00,-6.67,0.0500,6.455077
10009,redandblack,driving_B_2020.02.14_12.58.17.csv,681,-12.8213,0.00,-407.84,0.0500,6.630323
10010,soldier,driving_B_2019.12.16_12.27.05.csv,63,58.9437,0.00,-93.52,0.0500,6.398401
10011,longdress,driving_B_2020.01.16_09.56.56.csv,1570,175.3942,13.32,16.60,0.0500,6.609085
10012,loot,driving_B_2019.12.16_14.23.32.csv,649,249.4119,54.00,78.35,0.0500,6.473617
10013,redandblack,driving_B_2019.12.16_14.23.32.csv,1849,-13.4599,0.00,-323.56,0.0500,6.143433
10014,soldier,static_B_2020.02.13_13.57.29.csv,2945,205.3852,43.60,44.69,0.0500,6.486499
10015,longdress,driving_B_2020.02.14_07.29.00.csv,1065,181.8194,0.00,-105.36,0.0500,6.990938
10016,loot,driving_B_2019.12.16_14.23.32.csv,589,208.3781,78.00,60.18,0.0500,6.536309
10017,redandblack,driving_B_2020.02.13_13.03.24.csv,1798,-164.5971,0.00,-845.83,0.0500,6.293339
10018,soldier,driving_B_2019.12.16_14.23.32.csv,1369,285.8979,100.00,89.41,0.0500,6.484976
10019,longdress,driving_B_2020.02.13_13.03.24.csv,1738,163.6024,0.00,3.29,0.0500,5.996889
10020,loot,driving_B_2020.02.14_07.29.00.csv,1605,260.6146,83.05,80.71,0.0500,6.596067
10021,redandblack,static_B_2020.02.27_18.39.27.csv,1076,104.9139,0.00,-33.66,0.0500,6.525466
10022,soldier,driving_B_2020.02.14_12.58.17.csv,441,-16.1239,0.00,-486.36,0.0500,7.310006
10023,longdress,driving_B_2020.01.16_12.10.03.csv,129,251.1538,100.00,75.19,0.0500,6.648864
10024,loot,driving_B_2019.12.17_07.32.39.csv,1587,171.7865,0.00,8.59,0.0500,6.488490
10025,redandblack,static_B_2020.02.27_18.39.27.csv,1136,117.6387,0.00,-52.59,0.0500,5.807839
10026,soldier,driving_B_2020.02.13_15.02.01.csv,1151,153.2260,11.07,13.58,0.0500,6.628539
10027,longdress,driving_B_2020.02.13_15.02.01.csv,131,241.4790,63.81,62.82,0.0500,7.009899
10028,loot,static_B_2020.02.27_18.39.27.csv,2396,86.7884,0.00,-2.16,0.0500,6.305950
10029,redandblack,static_B_2020.02.13_13.57.29.csv,2149,141.3810,7.05,15.28,0.0500,6.425495
10030,soldier,static_B_2020.02.27_18.39.27.csv,836,253.4976,82.31,74.30,0.0500,6.893328
10031,longdress,static_B_2020.02.27_18.39.27.csv,4076,257.2867,83.97,78.63,0.0500,6.660986
10032,loot,driving_B_2019.12.16_14.23.32.csv,2269,21.1183,0.00,-114.51,0.0500,6.372858
10033,redandblack,driving_B_2020.02.13_13.03.24.csv,1618,23.7269,100.00,-0.77,0.0500,6.323221
10034,soldier,driving_B_2020.01.16_09.56.56.csv,694,38.1318,86.00,0.64,0.0500,6.432120
10035,longdress,driving_B_2019.12.16_14.23.32.csv,1909,38.1547,85.44,1.52,0.0500,6.061576
10036,loot,driving_B_2019.12.16_14.23.32.csv,2329,221.6930,85.66,56.85,0.0500,6.632336
10037,redandblack,driving_B_2020.01.16_12.10.03.csv,189,265.4070,100.00,83.09,0.0500,6.153027
10038,soldier,static_B_2020.02.27_18.39.27.csv,4196,22.9745,72.00,-3.06,0.0500,6.302534
10039,longdress,static_B_2019.12.16_13.40.04.csv,1566,-0.9049,0.00,-7.56,0.0500,6.680656
10040,loot,driving_B_2020.01.16_07.26.43.csv,1576,-3.7514,0.00,-177.79,0.0500,6.472321
10041,redandblack,static_B_2020.02.27_18.39.27.csv,5156,261.9539,100.00,81.45,0.0500,6.782278
10042,soldier,static_B_2019.12.16_13.40.04.csv,126,228.2768,50.00,68.92,0.0500,6.627215
10043,longdress,driving_B_2020.01.16_07.26.43.csv,1336,31.1493,100.00,-2.79,0.0500,5.966848
10044,loot,driving_B_2020.02.14_07.29.00.csv,45,102.3751,2.21,5.65,0.0500,6.222181
10045,redandblack,driving_B_2020.02.14_07.29.00.csv,705,97.5971,0.00,-51.07,0.0500,6.763257
10046,soldier,static_B_2020.02.27_18.39.27.csv,56,271.6895,100.00,82.02,0.0500,6.541860
10047,longdress,driving_B_2019.12.16_12.27.05.csv,483,25.3358,0.00,-141.45,0.0500,6.325239
10048,loot,static_B_2020.02.27_18.39.27.csv,416,263.9023,86.81,82.28,0.0500,6.385996
10049,redandblack,driving_B_2019.12.17_07.32.39.csv,27,97.7368,2.74,-6.25,0.0500,6.312592
10050,soldier,driving_B_2020.02.13_15.02.01.csv,1391,12.2705,11.84,-37.27,0.0500,6.077141
10051,longdress,driving_B_2020.02.14_07.29.00.csv,1245,260.7844,69.04,66.81,0.0500,6.606810
10052,loot,driving_B_2020.01.16_07.26.43.csv,76,81.7143,0.00,-25.41,0.0500,5.986392
10053,redandblack,driving_B_2020.02.14_07.29.00.csv,225,83.0941,0.00,-28.46,0.0500,6.284250
10054,soldier,driving_B_2020.02.13_15.02.01.csv,251,270.9057,100.00,84.22,0.0500,6.549047
10055,longdress,driving_B_2020.02.13_15.02.01.csv,191,186.1599,1.41,17.22,0.0500,6.405491
10056,loot,static_B_2019.12.16_13.40.04.csv,1266,95.1167,0.00,-11.48,0.0500,6.695668
10057,redandblack,driving_B_2020.02.27_17.30.15.csv,16,-19.0747,0.00,-110.76,0.0500,6.135751
10058,soldier,static_B_2019.12.16_13.40.04.csv,66,265.8909,100.00,82.20,0.0500,6.491129
10059,longdress,driving_B_2020.02.14_07.29.00.csv,1425,139.0058,0.00,-7.72,0.0500,6.340652
10060,loot,driving_B_2020.02.27_17.30.15.csv,720,-7.9024,57.27,-17.38,0.0500,6.392477
10061,redandblack,static_B_2020.02.27_18.39.27.csv,5696,261.0023,100.00,80.62,0.0500,6.059253
10062,soldier,driving_B_2019.12.16_12.27.05.csv,303,4.7949,50.09,-34.32,0.0500,6.697110
10063,longdress,static_B_2020.02.27_18.39.27.csv,4736,159.6627,24.00,37.25,0.0500,6.724005
10064,loot,static_B_2020.02.27_18.39.27.csv,3716,257.8201,70.00,80.74,0.0500,7.052285
10065,redandblack,static_B_2020.02.13_13.57.29.csv,1429,200.8225,55.22,47.43,0.0500,6.320255
10066,soldier,driving_B_2019.12.17_07.32.39.csv,927,23.5444,0.00,-111.73,0.0500,6.084194
10067,longdress,driving_B_2020.01.16_09.56.56.csv,1174,109.1695,0.00,-23.61,0.0500,6.232420
10068,loot,static_B_2019.12.16_13.40.04.csv,366,218.3803,60.71,58.33,0.0500,6.612869
10069,redandblack,driving_B_2020.02.14_09.38.22.csv,802,27.0880,28.35,-42.35,0.0500,6.882664
10070,soldier,static_B_2020.02.27_18.39.27.csv,5276,258.1156,100.00,78.54,0.0500,6.789082
10071,longdress,driving_B_2020.02.14_07.29.00.csv,345,269.5966,84.62,84.71,0.0500,6.027436
10072,loot,driving_B_2019.12.16_11.49.59.csv,24,73.1137,0.00,-35.52,0.0500,6.951515
10073,redandblack,static_B_2019.12.16_13.40.04.csv,426,71.9741,75.85,7.72,0.0500,5.897406
10074,soldier,static_B_2020.02.27_18.39.27.csv,536,42.4294,38.45,-20.07,0.0500,6.534813
10075,longdress,driving_B_2019.12.17_07.32.39.csv,387,218.3297,37.40,42.85,0.0500,6.200465
10076,loot,driving_B_2020.01.16_09.56.56.csv,574,258.9087,72.00,82.46,0.0500,6.100992
10077,redandblack,driving_B_2020.02.13_13.03.24.csv,1678,255.6598,100.00,72.85,0.0500,6.282779
10078,soldier,driving_B_2020.02.14_07.29.00.csv,1485,103.0245,0.00,-13.90,0.0500,6.549149
10079,longdress,static_B_2019.12.16_13.40.04.csv,1146,59.7438,16.78,-82.17,0.0500,6.088353
10080,loot,driving_B_2020.01.16_09.56.56.csv,634,142.0408,5.81,33.43,0.0500,6.849842
10081,redandblack,driving_B_2020.02.14_09.38.22.csv,1162,36.1744,100.00,4.81,0.0500,6.864270
10082,soldier,driving_B_2020.02.14_09.38.22.csv,1462,47.4621,82.97,0.50,0.0500,6.536441
10083,longdress,static_B_2020.02.27_18.39.27.csv,1736,144.0516,12.63,12.42,0.0500,6.538041
10084,loot,driving_B_2019.12.16_14.23.32.csv,1969,122.3467,0.00,31.25,0.0500,5.970341
10085,redandblack,static_B_2020.02.27_18.39.27.csv,2576,163.1485,31.10,26.56,0.0500,6.562076
10086,soldier,static_B_2020.02.27_18.39.27.csv,2756,276.0704,100.00,85.81,0.0500,6.535492
10087,longdress,driving_B_2020.01.16_12.10.03.csv,244,246.7601,84.78,73.04,0.0500,6.360802
10088,loot,static_B_2020.02.13_13.57.29.csv,1129,103.5451,0.00,-13.64,0.0500,6.486740
10089,redandblack,static_B_2020.02.13_13.57.29.csv,2449,41.4375,0.00,-226.44,0.0500,6.461281
10090,soldier,driving_B_2020.02.13_13.03.24.csv,58,11.5575,90.00,-3.39,0.0500,6.277575
10091,longdress,static_B_2020.02.27_18.39.27.csv,1016,94.1142,100.00,22.87,0.0500,6.940343
10092,loot,driving_B_2020.01.16_09.56.56.csv,514,155.0269,80.37,24.75,0.0500,6.745400
10093,redandblack,driving_B_2020.02.13_13.03.24.csv,538,31.9387,82.36,1.41,0.0500,6.783537
10094,soldier,driving_B_2020.02.13_13.03.24.csv,1078,15.2067,69.69,-14.68,0.0500,6.283632
10095,longdress,driving_B_2019.12.16_14.23.32.csv,2616,170.1554,6.00,9.11,0.0500,6.525208
10096,loot,driving_B_2019.12.16_12.27.05.csv,783,101.4011,3.12,-1.79,0.0500,6.338214
10097,redandblack,driving_B_2019.12.17_07.32.39.csv,507,52.3718,100.00,5.15,0.0500,5.998744
10098,soldier,driving_B_2020.02.14_12.58.17.csv,21,55.5844,36.38,-13.65,0.0500,6.135537
10099,longdress,static_B_2020.02.13_13.57.29.csv,829,102.9801,60.62,11.36,0.0500,6.417369
10100,loot,driving_B_2020.02.27_17.30.15.csv,316,-13.9384,18.84,-67.32,0.0500,6.172136
10101,redandblack,static_B_2020.02.13_13.57.29.csv,1189,243.0482,68.00,75.08,0.0500,6.423322
10102,soldier,static_B_2020.02.27_18.39.27.csv,4376,241.6281,76.36,62.60,0.0500,6.478472
10103,longdress,driving_B_2020.02.14_07.29.00.csv,1970,-2.3483,0.00,-254.53,0.0500,6.565865
10104,loot,driving_B_2020.02.14_12.58.17.csv,741,-0.3046,0.00,-145.01,0.0500,6.274113
10105,redandblack,static_B_2020.02.27_18.39.27.csv,2936,244.9388,100.00,66.04,0.0500,6.607707
10106,soldier,driving_B_2020.02.13_13.03.24.csv,2158,-23.9090,0.00,-480.06,0.0500,5.838803
10107,longdress,static_B_2020.02.27_18.39.27.csv,3056,156.6156,11.75,18.81,0.0500,6.288327
10108,loot,driving_B_2020.02.14_07.29.00.csv,1305,222.1273,78.47,56.42,0.0500,6.289486
10109,redandblack,static_B_2020.02.13_13.57.29.csv,2929,223.5221,49.52,61.35,0.0500,6.733584
10110,soldier,static_B_2020.02.27_18.39.27.csv,2876,229.0511,77.13,54.02,0.0500,6.367571
10111,longdress,driving_B_2020.01.16_07.26.43.csv,376,92.4552,1.60,3.07,0.0500,6.699902
10112,loot,driving_B_2020.01.16_09.56.56.csv,1054,89.6289,0.00,-32.63,0.0500,7.129176
10113,redandblack,driving_B_2019.12.16_14.23.32.csv,2149,264.7920,81.63,81.92,0.0500,6.192774
10114,soldier,driving_B_2020.01.16_07.26.43.csv,496,129.8308,12.36,12.91,0.0500,6.845021
10115,longdress,driving_B_2020.01.16_07.26.43.csv,916,59.8243,38.05,-0.08,0.0500,6.994547
10116,loot,driving_B_2019.12.16_11.49.59.csv,84,106.6023,0.00,-7.03,0.0500,6.755695
10117,redandblack,static_B_2020.02.13_13.57.29.csv,2029,227.4597,85.07,62.86,0.0500,7.212942
10118,soldier,static_B_2020.02.27_18.39.27.csv,4556,193.9786,62.81,43.59,0.0500,6.658739
10119,longdress,driving_B_2020.02.13_13.03.24.csv,898,76.8960,0.00,-49.46,0.0500,6.470633
10120,loot,static_B_2020.02.27_18.39.27.csv,236,276.1274,100.00,86.93,0.0500,6.367059
10121,redandblack,static_B_2020.02.14_13.21.26.csv,684,244.3196,76.80,70.41,0.0500,6.804870
10122,soldier,static_B_2020.02.13_13.57.29.csv,1009,31.1820,0.00,-82.46,0.0500,6.623340
10123,longdress,static_B_2019.12.16_13.40.04.csv,1386,168.4842,42.32,9.50,0.0500,6.767752
10124,loot,driving_B_2019.12.17_07.32.39.csv,627,103.4812,0.00,-46.97,0.0500,6.816724
10125,redandblack,static_B_2020.02.13_13.57.29.csv,2389,219.9508,78.00,55.30,0.0500,6.506382
10126,soldier,driving_B_2020.02.14_07.29.00.csv,285,211.9002,61.83,42.00,0.0500,6.731066
10127,longdress,driving_B_2020.01.16_07.26.43.csv,556,91.9958,84.15,19.77,0.0500,6.453553
10128,loot,driving_B_2020.02.14_09.38.22.csv,742,128.6438,0.00,-27.48,0.0500,6.281103
10129,redandblack,driving_B_2020.01.16_09.56.56.csv,154,208.8815,39.27,47.61,0.0500,6.510468
10130,soldier,driving_B_2019.12.16_14.23.32.csv,469,277.7816,100.00,87.25,0.0500,6.354455
10131,longdress,driving_B_2020.02.14_09.38.22.csv,1102,85.0031,0.00,-31.25,0.0500,6.430409
10132,loot,driving_B_2020.02.13_13.03.24.csv,1318,62.5160,0.00,-58.90,0.0500,6.175276
10133,redandblack,driving_B_2020.01.16_07.26.43.csv,16,54.6510,0.00,-45.36,0.0500,6.608040
10134,soldier,static_B_2020.02.27_18.39.27.csv,1856,177.2375,52.87,12.36,0.0500,6.103640
10135,longdress,driving_B_2020.01.16_07.26.43.csv,1276,39.6521,100.00,5.81,0.0500,6.622171
10136,loot,driving_B_2020.01.16_09.56.56.csv,1234,76.4439,20.32,-11.23,0.0500,6.550810
10137,redandblack,static_B_2020.02.27_18.39.27.csv,1556,238.0389,62.39,63.36,0.0500,6.313289
10138,soldier,driving_B_2020.02.13_13.03.24.csv,178,51.6184,1.49,-21.66,0.0500,6.690990
10139,longdress,static_B_2020.02.27_18.39.27.csv,1796,-8.6297,0.00,-246.51,0.0500,6.359836
10140,loot,driving_B_2019.12.17_07.32.39.csv,987,74.3700,0.00,-57.53,0.0500,6.862457
10141,redandblack,driving_B_2019.12.16_11.49.59.csv,204,53.7502,10.54,-17.17,0.0500,6.227064
10142,soldier,driving_B_2020.02.14_09.38.22.csv,862,230.5307,68.00,69.46,0.0500,7.159326
10143,longdress,driving_B_2020.02.13_15.02.01.csv,2651,138.7509,0.00,-74.06,0.0500,6.747812
10144,loot,driving_B_2019.12.16_14.23.32.csv,709,141.0106,0.00,38.48,0.0500,6.343322
10145,redandblack,driving_B_2020.02.13_15.02.01.csv,1271,82.9743,0.00,-111.25,0.0500,6.999889
10146,soldier,static_B_2020.02.27_18.39.27.csv,3596,263.8976,100.00,80.91,0.0500,6.848482
10147,longdress,driving_B_2019.12.17_07.32.39.csv,1467,105.4996,84.53,22.17,0.0500,6.768997
10148,loot,driving_B_2020.02.14_09.38.22.csv,142,40.2477,0.00,-118.47,0.0500,6.318370
10149,redandblack,driving_B_2020.01.16_07.26.43.csv,1636,68.1010,0.00,-47.62,0.0500,7.255403
10150,soldier,driving_B_2020.01.16_09.56.56.csv,214,133.1603,0.00,-3.21,0.0500,6.514646
10151,longdress,static_B_2020.02.27_18.39.27.csv,2216,255.1379,85.79,71.15,0.0500,6.040598
10152,loot,driving_B_2019.12.17_07.32.39.csv,1827,55.6538,0.00,-65.52,0.0500,6.736826
10153,redandblack,static_B_2020.02.13_13.57.29.csv,889,176.4114,19.69,21.24,0.0500,6.563772
10154,soldier,static_B_2019.12.16_13.40.04.csv,666,281.4012,100.00,87.98,0.0500,6.365190
10155,longdress,driving_B_2020.01.16_07.26.43.csv,1156,158.6754,48.92,32.55,0.0500,6.533844
10156,loot,driving_B_2019.12.16_12.27.05.csv,543,39.8071,0.00,-110.36,0.0500,6.067220
10157,redandblack,static_B_2020.02.27_18.39.27.csv,3116,104.8965,0.00,-87.50,0.0500,7.032161
10158,soldier,driving_B_2019.12.16_11.49.59.csv,264,20.3349,0.00,-94.45,0.0500,6.371530
10159,longdress,driving_B_2020.01.16_07.26.43.csv,1216,154.9208,46.94,34.42,0.0500,6.489354
10160,loot,static_B_2020.02.27_18.39.27.csv,5456,240.7451,82.09,69.49,0.0500,7.472911
10161,redandblack,static_B_2020.02.13_13.57.29.csv,2329,223.6634,65.08,56.46,0.0500,6.504582
10162,soldier,driving_B_2020.02.13_15.02.01.csv,911,194.0278,54.00,53.52,0.0500,7.018874
10163,longdress,static_B_2020.02.13_13.57.29.csv,1969,196.2732,61.61,47.66,0.0500,6.734094
10164,loot,static_B_2020.02.27_18.39.27.csv,176,168.2674,2.00,48.65,0.0500,6.597306
10165,redandblack,static_B_2020.02.13_13.57.29.csv,2809,104.5000,0.00,-6.60,0.0500,6.772996
10166,soldier,driving_B_2020.02.14_09.38.22.csv,1342,279.6275,100.00,86.95,0.0500,6.873869
10167,longdress,static_B_2020.02.27_18.39.27.csv,1916,280.1400,100.00,88.64,0.0500,7.091820
10168,loot,driving_B_2019.12.17_07.32.39.csv,867,90.0505,0.00,-10.76,0.0500,6.649943
10169,redandblack,driving_B_2020.02.13_15.02.01.csv,611,59.2085,100.00,9.17,0.0500,6.540367
10170,soldier,driving_B_2020.02.13_15.02.01.csv,971,56.0981,40.58,-16.30,0.0500,6.646344
10171,longdress,driving_B_2020.02.14_07.29.00.csv,105,63.7656,0.00,-62.08,0.0500,6.194565
10172,loot,static_B_2020.02.27_18.39.27.csv,3476,259.9965,100.00,76.57,0.0500,6.563976
10173,redandblack,driving_B_2020.02.14_07.29.00.csv,885,271.4403,100.00,85.11,0.0500,6.584573
10174,soldier,driving_B_2019.12.17_07.32.39.csv,1527,98.6922,0.00,-1.99,0.0500,6.497386
10175,longdress,driving_B_2020.02.14_12.58.17.csv,321,-21.7058,0.00,-196.49,0.0500,6.695286
10176,loot,driving_B_2020.02.14_07.29.00.csv,765,136.7552,0.00,-3.85,0.0500,6.319360
10177,redandblack,static_B_2019.12.16_13.40.04.csv,1506,267.7464,100.00,82.07,0.0500,6.755888
10178,soldier,driving_B_2020.02.14_07.29.00.csv,1845,88.6289,0.00,-104.26,0.0500,6.905258
10179,longdress,driving_B_2019.12.16_14.23.32.csv,229,237.2602,86.30,70.45,0.0500,6.237653
10180,loot,driving_B_2020.01.16_09.56.56.csv,1414,177.0019,72.00,53.36,0.0500,6.940390
10181,redandblack,driving_B_2020.01.16_07.26.43.csv,436,41.0442,0.00,-77.92,0.0500,6.899866
10182,soldier,driving_B_2020.02.27_17.30.15.csv,496,-11.5518,0.00,-115.26,0.0500,5.899285
10183,longdress,driving_B_2020.02.13_15.02.01.csv,2754,47.8664,100.00,4.64,0.0500,6.400759
10184,loot,driving_B_2020.02.14_07.29.00.csv,1725,98.4278,0.00,-8.52,0.0500,6.240708
10185,redandblack,driving_B_2020.02.14_07.29.00.csv,585,84.8634,41.82,-4.91,0.0500,6.142379
10186,soldier,driving_B_2020.01.16_07.26.43.csv,1096,83.7390,0.00,-23.74,0.0500,6.665537
10187,longdress,driving_B_2020.01.16_09.56.56.csv,874,12.6374,0.00,-132.06,0.0500,6.874943
10188,loot,driving_B_2020.01.16_07.26.43.csv,856,107.6943,0.00,-105.56,0.0500,6.742839
10189,redandblack,static_B_2020.02.14_13.21.26.csv,384,279.1162,100.00,88.90,0.0500,6.426339
10190,soldier,static_B_2020.02.27_18.39.27.csv,476,236.7370,77.55,58.36,0.0500,6.363907
10191,longdress,driving_B_2020.02.13_13.03.24.csv,1378,-2.2261,0.00,-58.45,0.0500,6.235713
10192,loot,driving_B_2020.02.14_09.38.22.csv,262,-0.3620,40.45,-47.42,0.0500,6.707150
10193,redandblack,driving_B_2019.12.16_12.27.05.csv,843,147.4216,11.76,19.06,0.0500,7.077245
10194,soldier,driving_B_2020.02.13_15.02.01.csv,2471,-15.0001,0.00,-162.73,0.0500,5.960004
10195,longdress,static_B_2020.02.13_13.57.29.csv,649,134.1515,0.00,-4.62,0.0500,6.073903
10196,loot,driving_B_2020.02.13_13.03.24.csv,1198,3.8056,0.00,-150.31,0.0500,7.202761
10197,redandblack,static_B_2020.02.14_13.21.26.csv,850,221.5883,54.10,55.83,0.0500,6.761849
10198,soldier,driving_B_2019.12.16_14.23.32.csv,1009,125.9707,0.00,-1.55,0.0500,6.510845
10199,longdress,static_B_2020.02.13_13.57.29.csv,469,161.6050,0.00,4.97,0.0500,6.656992
10200,loot,static_B_2020.02.13_13.57.29.csv,229,257.1011,64.00,81.15,0.0500,6.767613
10201,redandblack,driving_B_2020.02.13_15.02.01.csv,11,256.0091,84.84,77.45,0.0500,6.172034
10202,soldier,driving_B_2019.12.17_07.32.39.csv,1647,87.9729,44.00,-1.09,0.0500,6.384738
10203,longdress,driving_B_2019.12.17_07.32.39.csv,207,25.3666,0.00,-92.75,0.0500,6.487783
10204,loot,static_B_2020.02.27_18.39.27.csv,1676,213.1074,53.99,44.44,0.0500,6.497062
10205,redandblack,static_B_2019.12.16_13.40.04.csv,966,179.7053,40.05,37.20,0.0500,6.616676
10206,soldier,driving_B_2020.02.14_12.58.17.csv,141,21.6849,4.11,-28.08,0.0500,7.148429
10207,longdress,driving_B_2019.12.16_14.23.32.csv,349,240.8013,43.56,39.70,0.0500,7.336336
10208,loot,static_B_2020.02.27_18.39.27.csv,4316,214.0012,67.10,51.25,0.0500,6.364134
10209,redandblack,driving_B_2020.01.16_07.26.43.csv,316,45.2726,0.00,-111.42,0.0500,5.874612
10210,soldier,driving_B_2019.12.17_07.32.39.csv,2288,241.3650,73.14,64.54,0.0500,6.660621
10211,longdress,driving_B_2020.02.14_07.29.00.csv,1125,-7.3240,0.00,-155.43,0.0500,6.401141
10212,loot,static_B_2020.02.27_18.39.27.csv,3536,263.7999,80.55,82.25,0.0500,6.211440
10213,redandblack,driving_B_2020.01.16_07.26.43.csv,1036,120.7301,0.00,-3.01,0.0500,6.494654
10214,soldier,driving_B_2020.02.14_12.58.17.csv,261,-43.9468,0.00,-362.48,0.0500,6.680284
10215,longdress,driving_B_2020.02.13_15.02.01.csv,2591,247.6643,66.26,64.56,0.0500,6.346242
10216,loot,static_B_2020.02.14_13.21.26.csv,204,161.3753,0.00,46.06,0.0500,6.498490
10217,redandblack,static_B_2020.02.27_18.39.27.csv,3656,249.8780,62.00,78.56,0.0500,6.568098
10218,soldier,static_B_2020.02.27_18.39.27.csv,4136,278.5103,100.00,87.42,0.0500,6.280021
10219,longdress,driving_B_2020.01.16_07.26.43.csv,1756,108.7295,14.99,-11.93,0.0500,6.447306
10220,loot,driving_B_2020.02.13_13.03.24.csv,718,78.2251,0.00,-87.50,0.0500,6.457944
10221,redandblack,static_B_2020.02.27_18.39.27.csv,5576,252.3610,85.87,78.61,0.0500,6.700956
10222,soldier,driving_B_2019.12.16_12.27.05.csv,903,213.7178,52.77,47.56,0.0500,6.433679
10223,longdress,driving_B_2020.02.27_17.30.15.csv,256,-23.9582,0.00,-232.99,0.0500,6.042650
10224,loot,static_B_2020.02.27_18.39.27.csv,4676,185.8305,0.00,-156.56,0.0500,6.952287
10225,redandblack,driving_B_2020.02.13_13.03.24.csv,1918,-84.7880,0.00,-456.32,0.0500,6.711633
10226,soldier,static_B_2020.02.27_18.39.27.csv,776,270.3884,100.00,82.34,0.0500,6.902374
10227,longdress,driving_B_2020.02.13_15.02.01.csv,71,239.4969,67.10,59.40,0.0500,6.654157
10228,loot,driving_B_2020.02.14_12.58.17.csv,201,-34.9444,0.00,-896.68,0.0500,6.720319
10229,redandblack,driving_B_2020.02.27_17.30.15.csv,76,-23.3909,0.00,-847.72,0.0500,6.500129
10230,soldier,driving_B_2020.01.16_09.56.56.csv,454,178.7570,0.00,-48.45,0.0500,6.592687
10231,longdress,static_B_2020.02.13_13.57.29.csv,2629,229.9166,94.00,67.12,0.0500,5.920842
10232,loot,driving_B_2020.02.13_15.02.01.csv,1511,-0.9723,0.00,-222.22,0.0500,6.218446
10233,redandblack,driving_B_2020.02.13_15.02.01.csv,731,115.4013,0.00,-23.46,0.0500,7.139843
10234,soldier,driving_B_2019.12.16_11.49.59.csv,277,16.4055,0.00,-103.75,0.0500,6.998505
10235,longdress,driving_B_2019.12.16_14.23.32.csv,2616,104.6769,0.00,-10.29,0.0500,6.512071
10236,loot,static_B_2020.02.27_18.39.27.csv,1316,233.0248,80.00,70.51,0.0500,6.273564
10237,redandblack,driving_B_2019.12.16_14.23.32.csv,2616,133.5480,0.00,4.37,0.0500,6.765111
10238,soldier,driving_B_2020.02.27_17.30.15.csv,136,-69.5156,0.00,-813.58,0.0500,6.613028
10239,longdress,static_B_2020.02.13_13.57.29.csv,109,127.8716,0.00,-3.70,0.0500,6.483300
10240,loot,driving_B_2019.12.16_14.23.32.csv,1069,125.5786,0.00,-125.91,0.0500,6.400068
10241,redandblack,driving_B_2019.12.16_14.23.32.csv,1489,234.9081,56.00,72.58,0.0500,6.066624
10242,soldier,static_B_2019.12.16_13.40.04.csv,1446,226.7875,32.00,68.99,0.0500,6.988377
10243,longdress,driving_B_2020.02.14_09.38.22.csv,622,192.1826,29.80,36.77,0.0500,6.903786
10244,loot,driving_B_2019.12.16_14.23.32.csv,949,76.3403,0.00,-71.88,0.0500,6.528932
10245,redandblack,driving_B_2020.01.16_12.10.03.csv,9,229.2506,62.94,64.75,0.0500,6.652053
10246,soldier,driving_B_2020.01.16_07.26.43.csv,1770,-9.1488,0.00,-290.51,0.0500,6.281403
10247,longdress,static_B_2020.02.27_18.39.27.csv,2336,135.2308,0.00,-366.77,0.0500,6.814760
10248,loot,static_B_2020.02.27_18.39.27.csv,2636,274.9661,83.23,84.52,0.0500,6.515136
10249,redandblack,driving_B_2019.12.17_07.32.39.csv,447,226.8236,57.58,63.16,0.0500,6.343995
10250,soldier,driving_B_2019.12.16_14.23.32.csv,1429,18.5109,0.00,-92.19,0.0500,6.554014
10251,longdress,static_B_2020.02.27_18.39.27.csv,2096,184.4469,0.00,28.13,0.0500,5.854603
10252,loot,static_B_2020.02.27_18.39.27.csv,5742,272.7393,84.00,85.02,0.0500,6.437427
10253,redandblack,driving_B_2019.12.16_12.27.05.csv,1143,120.4192,0.00,-22.71,0.0500,6.600628
10254,soldier,static_B_2019.12.16_13.40.04.csv,6,246.0885,67.86,64.14,0.0500,6.363894
10255,longdress,driving_B_2019.12.17_07.32.39.csv,147,68.0357,0.00,-61.60,0.0500,5.989268
10256,loot,driving_B_2020.02.13_13.03.24.csv,778,40.5873,0.00,-92.74,0.0500,6.624897
10257,redandblack,static_B_2020.02.13_13.57.29.csv,169,229.1892,56.00,70.99,0.0500,6.786100
10258,soldier,static_B_2020.02.13_13.57.29.csv,589,243.1871,47.08,58.16,0.0500,5.733450
10259,longdress,static_B_2019.12.16_13.40.04.csv,1686,191.7578,39.57,38.34,0.0500,6.011453
10260,loot,static_B_2020.02.27_18.39.27.csv,2276,252.2424,81.05,72.02,0.0500,6.419905
10261,redandblack,driving_B_2020.02.13_13.03.24.csv,238,41.3283,0.00,-84.57,0.0500,6.451863
10262,soldier,static_B_2020.02.27_18.39.27.csv,3416,260.1270,100.00,78.03,0.0500,6.556588
10263,longdress,static_B_2020.02.13_13.57.29.csv,2869,187.2581,16.24,24.52,0.0500,6.353715
10264,loot,driving_B_2020.01.16_12.10.03.csv,244,279.7031,100.00,88.57,0.0500,6.304370
10265,redandblack,driving_B_2020.01.16_09.56.56.csv,1570,130.4062,0.00,8.60,0.0500,7.018770
10266,soldier,driving_B_2019.12.16_12.27.05.csv,963,245.7089,75.81,67.21,0.0500,7.127585
10267,longdress,driving_B_2020.01.16_07.26.43.csv,136,67.5074,0.00,-258.48,0.0500,6.757960
10268,loot,static_B_2020.02.14_13.21.26.csv,804,270.5076,100.00,83.25,0.0500,6.485629
10269,redandblack,static_B_2020.02.13_13.57.29.csv,2269,244.3363,62.11,65.71,0.0500,7.306451
10270,soldier,static_B_2020.02.27_18.39.27.csv,2456,192.1775,16.00,58.11,0.0500,7.118653
10271,longdress,driving_B_2020.02.14_07.29.00.csv,1365,218.5703,84.08,60.17,0.0500,6.473206
10272,loot,static_B_2020.02.13_13.57.29.csv,709,115.3764,0.00,-37.08,0.0500,6.744289
10273,redandblack,driving_B_2019.12.17_07.32.39.csv,1887,234.3508,79.66,66.40,0.0500,6.628841
10274,soldier,driving_B_2020.02.13_15.02.01.csv,1451,67.5910,0.00,-50.25,0.0500,6.800005
10275,longdress,driving_B_2019.12.16_14.23.32.csv,109,254.4380,79.88,76.67,0.0500,6.505650
10276,loot,driving_B_2020.01.16_09.56.56.csv,1294,276.4980,88.10,87.04,0.0500,6.789454
10277,redandblack,static_B_2020.02.27_18.39.27.csv,5516,199.9413,24.00,60.29,0.0500,7.386961
10278,soldier,driving_B_2020.02.14_07.29.00.csv,1185,230.2175,68.91,51.62,0.0500,6.517396
10279,longdress,static_B_2020.02.14_13.21.26.csv,324,206.9432,40.00,61.57,0.0500,6.899081
10280,loot,static_B_2020.02.27_18.39.27.csv,4976,246.2933,74.00,75.94,0.0500,6.253983
10281,redandblack,driving_B_2020.02.14_09.38.22.csv,982,66.1820,0.00,-153.82,0.0500,6.290112
10282,soldier,static_B_2020.02.27_18.39.27.csv,3356,182.1922,22.00,49.95,0.0500,6.314017
10283,longdress,driving_B_2020.02.14_09.38.22.csv,82,46.9769,0.00,-173.72,0.0500,6.896790
10284,loot,driving_B_2020.02.14_07.29.00.csv,165,132.0034,0.00,5.61,0.0500,7.006833
10285,redandblack,driving_B_2019.12.16_14.23.32.csv,2029,120.2616,0.00,31.01,0.0500,7.000006
10286,soldier,static_B_2019.12.16_13.40.04.csv,1904,126.5717,0.00,13.00,0.0500,6.647697
10287,longdress,static_B_2020.02.13_13.57.29.csv,1249,248.6268,64.42,61.27,0.0500,7.107619
10288,loot,static_B_2019.12.16_13.40.04.csv,786,187.9833,18.00,55.96,0.0500,6.494240
10289,redandblack,static_B_2020.02.27_18.39.27.csv,4856,261.4601,100.00,81.26,0.0500,6.613687
10290,soldier,driving_B_2020.02.13_13.03.24.csv,1258,29.0276,0.00,-90.53,0.0500,6.360115
10291,longdress,driving_B_2019.12.16_14.23.32.csv,169,145.2983,0.00,39.16,0.0500,6.066672
10292,loot,driving_B_2019.12.17_07.32.39.csv,2067,226.3535,61.76,61.90,0.0500,6.801305
10293,redandblack,driving_B_2020.02.13_15.02.01.csv,1031,126.3712,0.00,32.98,0.0500,6.416413
10294,soldier,driving_B_2020.02.13_15.02.01.csv,1691,169.9603,31.74,26.23,0.0500,6.663320
10295,longdress,driving_B_2020.02.14_07.29.00.csv,1545,44.0055,0.00,-121.96,0.0500,6.264467
10296,loot,driving_B_2020.02.13_15.02.01.csv,2351,-16.0791,0.00,-446.49,0.0500,7.154375
10297,redandblack,static_B_2020.02.27_18.39.27.csv,1376,275.6824,100.00,87.22,0.0500,6.281926
10298,soldier,static_B_2020.02.13_13.57.29.csv,1069,235.0053,68.93,67.99,0.0500,6.723622
10299,longdress,driving_B_2019.12.17_07.32.39.csv,687,101.7005,0.00,-19.71,0.0500,6.645606
10300,loot,static_B_2020.02.14_13.21.26.csv,264,243.3509,63.67,70.81,0.0500,6.446642
10301,redandblack,driving_B_2019.12.16_14.23.32.csv,49,194.4885,19.66,22.93,0.0500,6.347598
10302,soldier,driving_B_2020.02.13_13.03.24.csv,958,37.6120,0.00,-152.49,0.0500,6.267035
10303,longdress,static_B_2020.02.27_18.39.27.csv,4016,115.1039,0.00,-7.83,0.0500,6.712285
10304,loot,driving_B_2019.12.16_14.23.32.csv,1789,4.8787,0.00,-301.32,0.0500,6.699935
10305,redandblack,driving_B_2020.01.16_07.26.43.csv,616,71.5042,0.00,-59.97,0.0500,6.717461
10306,soldier,driving_B_2020.01.16_12.10.03.csv,69,283.6718,100.00,89.60,0.0500,6.716662
10307,longdress,static_B_2020.02.13_13.57.29.csv,1849,157.9216,44.33,37.01,0.0500,5.906271
10308,loot,static_B_2020.02.27_18.39.27.csv,1196,122.7037,10.00,5.90,0.0500,6.582705
10309,redandblack,driving_B_2020.02.14_07.29.00.csv,1970,51.7593,0.00,-81.38,0.0500,6.766822
10310,soldier,driving_B_2019.12.17_07.32.39.csv,1167,86.2699,17.87,-13.52,0.0500,7.163711
10311,longdress,driving_B_2019.12.16_14.23.32.csv,1129,237.5515,83.96,68.46,0.0500,6.590030
10312,loot,driving_B_2020.02.14_07.29.00.csv,825,147.3316,0.00,-2.25,0.0500,6.773329
10313,redandblack,driving_B_2020.02.13_15.02.01.csv,551,95.9399,0.00,-38.31,0.0500,7.110606
10314,soldier,driving_B_2020.02.14_07.29.00.csv,945,65.6077,0.00,-94.54,0.0500,6.745128
10315,longdress,driving_B_2019.12.16_12.27.05.csv,123,82.8940,0.00,-38.52,0.0500,6.551181
10316,loot,driving_B_2020.02.27_17.30.15.csv,556,-19.7894,0.00,-225.10,0.0500,6.292242
10317,redandblack,driving_B_2020.02.14_07.29.00.csv,465,86.2900,0.00,-64.52,0.0500,5.957714
10318,soldier,static_B_2020.02.13_13.57.29.csv,769,132.4047,42.55,24.57,0.0500,6.898917
10319,longdress,driving_B_2019.12.16_12.27.05.csv,603,16.9719,0.00,-378.81,0.0500,6.679988
10320,loot,driving_B_2020.02.13_13.03.24.csv,1018,19.5038,0.00,-116.45,0.0500,6.505917
10321,redandblack,driving_B_2019.12.17_07.32.39.csv,1707,-1.0539,0.00,-189.92,0.0500,6.238947
10322,soldier,driving_B_2020.02.13_15.02.01.csv,1931,104.8009,0.00,-9.55,0.0500,6.606897
10323,longdress,driving_B_2019.12.17_07.32.39.csv,2247,208.6411,51.82,52.99,0.0500,6.970961
10324,loot,static_B_2020.02.13_13.57.29.csv,289,201.2251,56.36,49.58,0.0500,6.612672
10325,redandblack,driving_B_2020.02.14_12.58.17.csv,81,78.4109,0.00,-185.48,0.0500,7.276880
10326,soldier,driving_B_2020.02.14_09.38.22.csv,502,251.4682,65.80,61.09,0.0500,6.002983
10327,longdress,driving_B_2019.12.16_14.23.32.csv,1249,140.8847,0.00,39.78,0.0500,6.747362
10328,loot,driving_B_2020.02.14_12.58.17.csv,381,-12.3925,0.00,-604.66,0.0500,6.076298
10329,redandblack,static_B_2020.02.27_18.39.27.csv,596,187.2074,50.00,38.43,0.0500,7.108667
10330,soldier,static_B_2020.02.27_18.39.27.csv,4436,187.9134,34.51,33.58,0.0500,6.643613
10331,longdress,driving_B_2019.12.16_14.23.32.csv,289,150.4716,0.00,39.90,0.0500,6.914061
10332,loot,driving_B_2020.01.16_07.26.43.csv,1770,-1.3496,0.00,-168.17,0.0500,6.259729
10333,redandblack,driving_B_2020.01.16_07.26.43.csv,796,123.5643,0.00,2.79,0.0500,7.454026
10334,soldier,driving_B_2020.02.13_15.02.01.csv,1871,121.5577,0.00,-33.06,0.0500,6.679540
10335,longdress,driving_B_2019.12.16_14.23.32.csv,1549,201.1169,53.47,38.35,0.0500,5.757512
10336,loot,driving_B_2020.02.13_15.02.01.csv,851,140.9917,0.00,-4.78,0.0500,6.636153
10337,redandblack,driving_B_2019.12.17_07.32.39.csv,807,34.1779,0.00,-90.80,0.0500,6.510630
10338,soldier,driving_B_2020.02.27_17.30.15.csv,196,-46.7553,0.00,-592.01,0.0500,6.522756
10339,longdress,driving_B_2020.01.16_07.26.43.csv,1456,60.3158,0.00,-119.75,0.0500,6.661759
10340,loot,driving_B_2020.02.13_13.03.24.csv,418,100.6519,0.00,-51.87,0.0500,7.211272
10341,redandblack,static_B_2020.02.27_18.39.27.csv,296,164.1569,25.39,19.33,0.0500,5.965434
10342,soldier,driving_B_2019.12.16_14.23.32.csv,769,199.9203,52.04,47.82,0.0500,6.032368
10343,longdress,driving_B_2020.02.14_12.58.17.csv,561,128.6716,18.30,13.87,0.0500,6.182488
10344,loot,driving_B_2020.02.13_15.02.01.csv,1331,23.5489,0.00,-214.32,0.0500,6.463007
10345,redandblack,driving_B_2020.01.16_09.56.56.csv,1354,228.0199,46.00,69.95,0.0500,6.405659
10346,soldier,driving_B_2019.12.16_12.27.05.csv,1083,139.8588,0.00,3.79,0.0500,6.364334
10347,longdress,static_B_2020.02.13_13.57.29.csv,2569,272.2423,100.00,84.34,0.0500,6.580972
10348,loot,driving_B_2020.02.14_12.58.17.csv,800,-2.3158,0.00,-340.97,0.0500,6.732627
10349,redandblack,static_B_2020.02.27_18.39.27.csv,3896,231.9998,42.00,71.26,0.0500,6.634182
10350,soldier,static_B_2020.02.13_13.57.29.csv,1729,216.8114,45.32,48.20,0.0500,7.228080
10351,longdress,static_B_2019.12.16_13.40.04.csv,726,266.9334,100.00,81.74,0.0500,6.029090
10352,loot,static_B_2020.02.27_18.39.27.csv,116,253.7616,82.90,77.32,0.0500,6.152705
10353,redandblack,driving_B_2019.12.16_14.23.32.csv,409,229.3310,56.79,59.33,0.0500,6.940095
10354,soldier,static_B_2020.02.14_13.21.26.csv,144,256.5446,76.47,73.97,0.0500,6.617712
10355,longdress,static_B_2020.02.13_13.57.29.csv,1909,218.1260,48.95,44.31,0.0500,6.691067
10356,loot,driving_B_2020.02.13_13.03.24.csv,2098,-21.4717,0.00,-592.32,0.0500,6.438234
10357,redandblack,driving_B_2019.12.17_07.32.39.csv,1227,264.6368,96.00,82.95,0.0500,6.202080
10358,soldier,static_B_2020.02.13_13.57.29.csv,2689,257.0732,75.69,63.38,0.0500,6.561766
10359,longdress,driving_B_2020.01.16_07.26.43.csv,736,56.1444,0.00,-38.20,0.0500,6.686688
10360,loot,static_B_2019.12.16_13.40.04.csv,1026,191.0449,51.01,33.48,0.0500,5.751598
10361,redandblack,driving_B_2020.02.13_13.03.24.csv,358,37.1734,0.00,-116.54,0.0500,6.324134
10362,soldier,static_B_2020.02.14_13.21.26.csv,850,226.5019,52.54,53.71,0.0500,6.024104
10363,longdress,driving_B_2019.12.16_14.23.32.csv,1189,185.6058,35.12,36.54,0.0500,6.830254
10364,loot,driving_B_2019.12.16_12.27.05.csv,363,29.3543,0.00,-381.73,0.0500,6.329633
10365,redandblack,static_B_2020.02.13_13.57.29.csv,2509,146.8783,0.00,43.85,0.0500,6.815690
10366,soldier,static_B_2020.02.27_18.39.27.csv,5742,286.1203,100.00,89.74,0.0500,7.134117
10367,longdress,driving_B_2020.02.14_09.38.22.csv,922,263.7418,100.00,79.63,0.0500,7.201843
10368,loot,driving_B_2019.12.17_07.32.39.csv,1767,37.5055,0.00,-122.28,0.0500,7.012750
10369,redandblack,driving_B_2019.12.17_07.32.39.csv,1287,162.3434,38.71,23.34,0.0500,6.839377
10370,soldier,driving_B_2020.01.16_09.56.56.csv,394,71.0597,0.00,-138.43,0.0500,6.652465
10371,longdress,static_B_2019.12.16_13.40.04.csv,546,254.4759,84.10,76.56,0.0500,6.457651
10372,loot,static_B_2019.12.16_13.40.04.csv,906,86.8052,0.00,-18.31,0.0500,6.519507
10373,redandblack,static_B_2020.02.14_13.21.26.csv,564,264.7989,86.00,82.18,0.0500,6.406793
10374,soldier,driving_B_2020.01.16_07.26.43.csv,1696,33.0724,0.00,-80.88,0.0500,6.985010
10375,longdress,driving_B_2020.02.13_15.02.01.csv,1091,173.1426,0.00,6.19,0.0500,6.253492
10376,loot,driving_B_2020.01.16_09.56.56.csv,94,51.4202,0.00,-173.40,0.0500,6.304786
10377,redandblack,static_B_2020.02.27_18.39.27.csv,4616,160.5356,5.66,24.94,0.0500,6.507087
10378,soldier,static_B_2020.02.14_13.21.26.csv,624,222.7615,42.00,68.10,0.0500,6.611614
10379,longdress,driving_B_2020.02.13_15.02.01.csv,671,130.8666,0.00,-20.16,0.0500,6.339466
10380,loot,driving_B_2020.02.13_15.02.01.csv,371,247.2625,83.01,76.44,0.0500,6.140017
10381,redandblack,driving_B_2020.01.16_07.26.43.csv,676,61.0368,0.00,-86.11,0.0500,6.483238
10382,soldier,driving_B_2019.12.16_14.23.32.csv,2089,161.4499,0.00,34.72,0.0500,6.567851
10383,longdress,driving_B_2020.02.14_07.29.00.csv,1905,-14.7859,0.00,-609.02,0.0500,6.554471
10384,loot,static_B_2020.02.27_18.39.27.csv,2516,153.2682,0.00,43.34,0.0500,6.848306
10385,redandblack,driving_B_2019.12.16_14.23.32.csv,1729,-39.6249,0.00,-556.43,0.0500,6.095198
10386,soldier,driving_B_2019.12.16_12.27.05.csv,243,63.5330,0.00,-46.93,0.0500,6.390741
10387,longdress,driving_B_2020.02.13_15.02.01.csv,1991,240.6238,50.18,51.10,0.0500,6.313263
10388,loot,static_B_2020.02.27_18.39.27.csv,4796,231.5930,71.55,71.16,0.0500,6.497227
10389,redandblack,static_B_2019.12.16_13.40.04.csv,306,92.6913,0.00,-34.22,0.0500,6.138572
10390,soldier,driving_B_2020.02.14_07.29.00.csv,1965,-34.4382,0.00,-608.19,0.0500,6.297116
10391,longdress,driving_B_2020.02.14_12.58.17.csv,800,-36.2242,0.00,-474.66,0.0500,6.452715
10392,loot,driving_B_2019.12.16_14.23.32.csv,2209,270.2620,100.00,84.74,0.0500,6.226932
10393,redandblack,driving_B_2020.02.27_17.30.15.csv,676,-33.1183,0.00,-472.26,0.0500,6.899613
10394,soldier,driving_B_2020.01.16_09.56.56.csv,1534,275.4946,100.00,86.05,0.0500,6.691078
10395,longdress,driving_B_2019.12.17_07.32.39.csv,747,85.9820,0.00,-36.42,0.0500,7.471393
10396,loot,driving_B_2020.02.13_13.03.24.csv,478,20.5414,0.00,-85.89,0.0500,6.994514
10397,redandblack,driving_B_2020.02.13_15.02.01.csv,2531,144.3438,0.00,-20.48,0.0500,6.687573
10398,soldier,driving_B_2020.02.13_13.03.24.csv,1438,94.1543,0.00,-69.31,0.0500,6.266941
10399,longdress,static_B_2020.02.27_18.39.27.csv,716,100.0377,0.00,-22.60,0.0500,6.555461
10400,loot,driving_B_2019.12.16_14.23.32.csv,529,183.9002,6.00,54.01,0.0500,6.963723
10401,redandblack,driving_B_2020.01.16_09.56.56.csv,754,143.2708,0.00,12.14,0.0500,6.486701
10402,soldier,driving_B_2020.02.13_15.02.01.csv,2411,39.8973,0.00,-468.94,0.0500,6.628419
10403,longdress,static_B_2020.02.27_18.39.27.csv,5742,265.2833,100.00,80.68,0.0500,6.337442
10404,loot,driving_B_2020.02.13_13.03.24.csv,838,12.8593,0.00,-97.66,0.0500,7.341117
10405,redandblack,static_B_2020.02.27_18.39.27.csv,956,266.3729,100.00,83.20,0.0500,6.884961
10406,soldier,driving_B_2019.12.17_07.32.39.csv,1047,92.4377,0.00,-45.19,0.0500,6.730204
10407,longdress,static_B_2020.02.27_18.39.27.csv,1616,120.6144,0.00,-4.60,0.0500,6.401170
10408,loot,driving_B_2020.02.14_07.29.00.csv,1005,44.0566,0.00,-130.29,0.0500,5.893387
10409,redandblack,static_B_2020.02.27_18.39.27.csv,3956,164.7765,0.00,47.72,0.0500,6.455927
10410,soldier,static_B_2020.02.13_13.57.29.csv,409,226.1348,73.55,59.55,0.0500,6.891513
10411,longdress,static_B_2020.02.14_13.21.26.csv,84,271.7647,100.00,85.00,0.0500,6.821808
10412,loot,driving_B_2019.12.16_12.27.05.csv,1023,274.4428,100.00,84.62,0.0500,6.975078
10413,redandblack,driving_B_2020.02.14_09.38.22.csv,1478,19.8944,0.00,-71.44,0.0500,6.725334
10414,soldier,driving_B_2019.12.16_14.23.32.csv,2509,250.4674,64.14,62.13,0.0500,6.498662
10415,longdress,driving_B_2019.12.17_07.32.39.csv,2127,1.3437,0.00,-256.05,0.0500,6.179634
10416,loot,static_B_2020.02.13_13.57.29.csv,529,195.0953,26.21,36.68,0.0500,7.141065
10417,redandblack,driving_B_2019.12.16_12.27.05.csv,183,55.6022,0.00,-56.00,0.0500,6.859301
10418,soldier,driving_B_2019.12.16_12.27.05.csv,723,187.2527,0.00,19.39,0.0500,6.149131
10419,longdress,driving_B_2020.02.13_13.03.24.csv,598,-20.7419,0.00,-231.35,0.0500,6.947919
10420,loot,driving_B_2020.02.13_15.02.01.csv,1751,202.8796,47.37,39.12,0.0500,6.597310
10421,redandblack,static_B_2020.02.27_18.39.27.csv,896,230.5940,76.20,61.42,0.0500,6.166079
10422,soldier,static_B_2019.12.16_13.40.04.csv,1904,115.3338,0.00,6.60,0.0500,6.711074
10423,longdress,driving_B_2020.02.13_15.02.01.csv,431,194.9822,52.29,39.39,0.0500,6.589855
10424,loot,static_B_2020.02.27_18.39.27.csv,5036,168.5302,12.48,24.38,0.0500,6.841595
10425,redandblack,static_B_2020.02.27_18.39.27.csv,3236,135.1032,0.00,34.54,0.0500,6.538018
10426,soldier,driving_B_2019.12.16_14.23.32.csv,2389,67.8757,0.00,-70.73,0.0500,6.108758
10427,longdress,driving_B_2020.02.13_13.03.24.csv,1978,8.7627,0.00,-255.64,0.0500,6.847467
10428,loot,driving_B_2020.02.14_12.58.17.csv,501,14.7054,0.00,-141.72,0.0500,6.278488
10429,redandblack,static_B_2019.12.16_13.40.04.csv,1866,113.9132,0.00,-247.90,0.0500,6.319908
10430,soldier,driving_B_2019.12.17_07.32.39.csv,267,74.3599,5.07,-20.14,0.0500,7.261503
10431,longdress,driving_B_2020.02.14_09.38.22.csv,562,261.2156,78.65,74.51,0.0500,6.957636
10432,loot,driving_B_2020.01.16_09.56.56.csv,814,265.5262,78.55,80.95,0.0500,6.566043
10433,redandblack,driving_B_2020.02.13_13.03.24.csv,1858,-165.1939,0.00,-596.79,0.0500,6.567975
10434,soldier,static_B_2020.02.27_18.39.27.csv,2816,265.8361,100.00,80.73,0.0500,6.924703
10435,longdress,driving_B_2020.01.16_09.56.56.csv,1114,81.1951,0.00,-45.63,0.0500,6.388077
10436,loot,static_B_2020.02.14_13.21.26.csv,24,154.1975,2.14,24.40,0.0500,6.653136
10437,redandblack,static_B_2020.02.13_13.57.29.csv,1609,251.7534,81.21,75.72,0.0500,6.987588
10438,soldier,static_B_2020.02.13_13.57.29.csv,1369,204.4660,27.85,36.83,0.0500,6.420081
10439,longdress,driving_B_2020.02.13_15.02.01.csv,2111,162.9694,1.26,17.01,0.0500,6.788842
10440,loot,driving_B_2020.01.16_09.56.56.csv,334,207.2194,40.92,48.96,0.0500,7.362328
10441,redandblack,static_B_2019.12.16_13.40.04.csv,1806,215.3193,39.08,45.91,0.0500,6.370796
10442,soldier,static_B_2020.02.27_18.39.27.csv,3836,199.0748,7.53,19.06,0.0500,6.239294
10443,longdress,driving_B_2020.02.13_15.02.01.csv,2231,279.4894,100.00,88.48,0.0500,6.291244
10444,loot,driving_B_2020.02.13_13.03.24.csv,2188,-57.9855,0.00,-237.97,0.0500,6.705463
10445,redandblack,driving_B_2020.02.13_15.02.01.csv,2171,171.5833,26.71,48.83,0.0500,6.794695
10446,soldier,driving_B_2020.02.13_13.03.24.csv,1138,26.2973,0.00,-116.42,0.0500,6.545956
10447,longdress,driving_B_2019.12.16_14.23.32.csv,1309,52.8851,0.00,-130.35,0.0500,7.199880
10448,loot,driving_B_2020.02.13_15.02.01.csv,2291,4.6132,0.00,-376.50,0.0500,6.460652
10449,redandblack,static_B_2020.02.27_18.39.27.csv,3296,258.2465,100.00,79.00,0.0500,6.286977
10450,soldier,static_B_2020.02.27_18.39.27.csv,1436,194.0152,30.93,33.90,0.0500,6.582352
10451,longdress,static_B_2020.02.13_13.57.29.csv,349,194.4292,70.01,42.10,0.0500,6.848333
10452,loot,static_B_2020.02.13_13.57.29.csv,49,181.9802,18.93,32.49,0.0500,6.319301
10453,redandblack,driving_B_2019.12.17_07.32.39.csv,2007,208.5648,39.51,51.02,0.0500,6.047106
10454,soldier,driving_B_2020.02.27_17.30.15.csv,616,5.8951,0.00,-271.87,0.0500,6.288727
10455,longdress,driving_B_2020.02.14_09.38.22.csv,1282,270.0827,100.00,82.88,0.0500,6.928821
10456,loot,driving_B_2020.02.14_09.38.22.csv,442,147.4427,0.00,0.83,0.0500,6.399428
10457,redandblack,driving_B_2020.02.14_09.38.22.csv,1478,39.7445,0.00,-72.23,0.0500,6.669215
10458,soldier,driving_B_2020.02.13_15.02.01.csv,1811,284.7171,100.00,87.30,0.0500,6.983528
10459,longdress,driving_B_2020.01.16_07.26.43.csv,976,45.4223,0.00,-61.72,0.0500,6.730550
10460,loot,static_B_2019.12.16_13.40.04.csv,1206,165.9940,18.59,23.03,0.0500,6.735455
10461,redandblack,driving_B_2019.12.17_07.32.39.csv,567,84.1210,0.00,-52.00,0.0500,6.126144
10462,soldier,driving_B_2019.12.17_07.32.39.csv,2288,233.3574,74.63,62.13,0.0500,6.445182
10463,longdress,driving_B_2019.12.16_14.23.32.csv,889,52.9893,0.00,-52.14,0.0500,6.736564
10464,loot,static_B_2020.02.13_13.57.29.csv,1489,159.7498,25.10,25.49,0.0500,6.358285
10465,redandblack,driving_B_2019.12.17_07.32.39.csv,1107,242.8409,79.78,64.70,0.0500,6.144230
10466,soldier,static_B_2020.02.27_18.39.27.csv,2996,236.3053,64.16,60.00,0.0500,6.945263
10467,longdress,driving_B_2020.02.13_13.03.24.csv,2038,93.8140,38.87,-13.21,0.0500,6.268113
10468,loot,static_B_2019.12.16_13.40.04.csv,1326,215.9711,81.42,50.38,0.0500,6.898451
10469,redandblack,static_B_2020.02.27_18.39.27.csv,3176,141.1681,0.00,-177.79,0.0500,7.332429
10470,soldier,static_B_2020.02.27_18.39.27.csv,2156,234.0125,59.05,52.65,0.0500,6.482323
10471,longdress,static_B_2020.02.13_13.57.29.csv,1549,141.7523,0.00,6.17,0.0500,6.535815
10472,loot,driving_B_2019.12.16_11.49.59.csv,277,15.1868,0.00,-143.78,0.0500,6.044999
10473,redandblack,driving_B_2020.02.13_13.03.24.csv,1498,47.4883,0.00,-102.76,0.0500,7.255144
10474,soldier,static_B_2020.02.27_18.39.27.csv,4496,184.1444,20.91,26.59,0.0500,6.836818
10475,longdress,static_B_2019.12.16_13.40.04.csv,246,125.2979,0.00,-29.94,0.0500,6.380854
10476,loot,driving_B_2020.02.14_12.58.17.csv,621,73.0347,0.00,-71.16,0.0500,6.425781
10477,redandblack,static_B_2020.02.27_18.39.27.csv,1256,275.3349,100.00,87.12,0.0500,6.438515
10478,soldier,driving_B_2020.02.27_17.30.15.csv,436,-12.0123,0.00,-460.78,0.0500,6.368643
10479,longdress,static_B_2020.02.27_18.39.27.csv,2696,262.7912,82.72,78.58,0.0500,6.971172
10480,loot,driving_B_2020.01.16_09.56.56.csv,994,258.2956,100.00,78.09,0.0500,6.204015
10481,redandblack,driving_B_2020.01.16_07.26.43.csv,1516,23.1345,0.00,-70.16,0.0500,6.300966
10482,soldier,driving_B_2020.01.16_07.26.43.csv,196,55.6432,0.00,-56.71,0.0500,6.739396
10483,longdress,driving_B_2020.02.27_17.30.15.csv,376,57.1104,0.00,-111.94,0.0500,6.910549
10484,loot,driving_B_2019.12.16_14.23.32.csv,1609,284.4147,100.00,90.73,0.0500,6.453097
10485,redandblack,static_B_2020.02.13_13.57.29.csv,1789,142.8857,0.00,39.44,0.0500,6.926241
10486,soldier,static_B_2020.02.13_13.57.29.csv,2089,244.7120,78.00,73.50,0.0500,6.206337
10487,longdress,driving_B_2019.12.17_07.32.39.csv,1407,97.9936,0.00,-47.13,0.0500,7.127279
10488,loot,driving_B_2020.02.13_15.02.01.csv,1211,167.9380,27.82,20.92,0.0500,6.376948
10489,redandblack,driving_B_2020.01.16_09.56.56.csv,934,80.0480,0.00,-43.21,0.0500,6.781508
10490,soldier,driving_B_2019.12.17_07.32.39.csv,87,32.1762,0.00,-52.86,0.0500,6.730313
10491,longdress,driving_B_2019.12.16_12.27.05.csv,663,179.2920,0.00,-45.27,0.0500,6.597056
10492,loot,driving_B_2020.02.13_13.03.24.csv,1558,9.3701,0.00,-195.43,0.0500,6.561040
10493,redandblack,static_B_2020.02.13_13.57.29.csv,1669,197.2032,29.33,37.68,0.0500,7.104155
10494,soldier,static_B_2020.02.27_18.39.27.csv,656,171.1895,0.00,16.57,0.0500,6.225756
10495,longdress,driving_B_2020.01.16_09.56.56.csv,1474,251.0329,77.72,73.83,0.0500,7.400646
10496,loot,static_B_2020.02.13_13.57.29.csv,2209,62.2397,57.67,-0.27,0.0500,6.163233
10497,redandblack,driving_B_2020.01.16_07.26.43.csv,1396,93.5887,0.00,-42.81,0.0500,6.026126
10498,soldier,driving_B_2019.12.16_11.49.59.csv,144,66.7105,62.75,4.62,0.0500,6.431904
10499,longdress,driving_B_2020.02.14_07.29.00.csv,1785,248.6200,79.71,66.83,0.0500,6.563131
10500,loot,driving_B_2020.02.27_17.30.15.csv,720,-60.4440,0.00,-361.82,0.0500,7.135108
10501,redandblack,static_B_2020.02.27_18.39.27.csv,5216,118.7965,0.00,-14.40,0.0500,6.465663
10502,soldier,static_B_2020.02.27_18.39.27.csv,1496,242.8808,76.23,62.42,0.0500,6.670457
10503,longdress,static_B_2019.12.16_13.40.04.csv,486,188.2056,72.69,6.00,0.0500,7.271862
10504,loot,driving_B_2020.02.13_15.02.01.csv,2754,36.7364,0.00,-47.72,0.0500,6.798937
10505,redandblack,static_B_2020.02.13_13.57.29.csv,949,71.4465,0.00,-87.05,0.0500,6.724273
10506,soldier,static_B_2019.12.16_13.40.04.csv,606,96.8232,0.00,-37.89,0.0500,6.517529
10507,longdress,driving_B_2020.02.14_09.38.22.csv,22,-5.4074,0.00,-216.78,0.0500,6.856875
10508,loot,driving_B_2020.01.16_09.56.56.csv,274,268.0209,81.35,83.47,0.0500,6.361587
10509,redandblack,driving_B_2020.02.14_09.38.22.csv,682,233.0939,88.35,62.77,0.0500,6.490032
10510,soldier,driving_B_2020.02.14_07.29.00.csv,1665,250.9618,72.23,61.76,0.0500,6.880740
10511,longdress,static_B_2020.02.27_18.39.27.csv,4916,228.5885,76.89,60.20,0.0500,6.822769
10512,loot,driving_B_2019.12.16_14.23.32.csv,829,204.9830,58.55,42.26,0.0500,5.972134
10513,redandblack,static_B_2019.12.16_13.40.04.csv,846,251.7881,59.69,64.46,0.0500,6.775889
10514,soldier,driving_B_2019.12.16_14.23.32.csv,2569,23.0169,0.00,-133.47,0.0500,6.770190
10515,longdress,driving_B_2020.02.14_09.38.22.csv,1222,81.1057,0.00,-116.97,0.0500,7.180773
10516,loot,static_B_2020.02.13_13.57.29.csv,2945,261.1798,81.58,74.47,0.0500,5.842693
10517,redandblack,static_B_2020.02.13_13.57.29.csv,2749,129.5082,0.00,-14.36,0.0500,6.809182
10518,soldier,static_B_2020.02.13_13.57.29.csv,1309,88.8505,0.00,-52.39,0.0500,6.730918
10519,longdress,driving_B_2020.02.13_15.02.01.csv,311,262.9745,72.07,74.48,0.0500,6.416142
10520,loot,static_B_2020.02.14_13.21.26.csv,744,255.9531,58.00,81.75,0.0500,6.216247
10521,redandblack,driving_B_2020.02.13_15.02.01.csv,791,215.1572,66.24,49.68,0.0500,6.281358
10522,soldier,static_B_2020.02.27_18.39.27.csv,2036,223.0335,44.35,50.81,0.0500,6.897949
10523,longdress,driving_B_2019.12.17_07.32.39.csv,1347,183.2453,26.00,51.26,0.0500,7.033855
10524,loot,driving_B_2020.02.13_15.02.01.csv,491,91.4711,0.00,-64.21,0.0500,5.887569
10525,redandblack,driving_B_2020.02.13_15.02.01.csv,1631,103.7846,0.00,-116.77,0.0500,6.844175
10526,soldier,static_B_2020.02.27_18.39.27.csv,3776,157.1336,0.00,3.05,0.0500,6.934722
10527,longdress,driving_B_2019.12.16_12.27.05.csv,1152,117.0044,0.00,-28.86,0.0500,6.613688
10528,loot,static_B_2019.12.16_13.40.04.csv,1626,265.0089,81.80,79.39,0.0500,6.393392
10529,redandblack,static_B_2020.02.27_18.39.27.csv,4256,272.0286,100.00,83.74,0.0500,6.607540
10530,soldier,driving_B_2020.02.13_13.03.24.csv,2188,-26.4542,0.00,-416.93,0.0500,6.401191
10531,longdress,static_B_2020.02.27_18.39.27.csv,5096,156.8005,0.00,41.94,0.0500,6.310122
10532,loot,driving_B_2019.12.16_12.27.05.csv,423,15.3183,0.00,-121.08,0.0500,6.729419
10533,redandblack,driving_B_2020.02.14_09.38.22.csv,1402,33.8107,0.00,-80.13,0.0500,6.655191
10534,soldier,static_B_2019.12.16_13.40.04.csv,1086,54.6951,0.00,-625.53,0.0500,6.667299
10535,longdress,driving_B_2020.01.16_07.26.43.csv,256,43.3365,0.00,-83.36,0.0500,6.674460
10536,loot,driving_B_2019.12.17_07.32.39.csv,2187,72.6100,0.00,-58.64,0.0500,6.629025
10537,redandblack,static_B_2019.12.16_13.40.04.csv,186,242.8467,79.97,68.88,0.0500,6.484746
10538,soldier,driving_B_2020.02.13_15.02.01.csv,2051,132.7110,0.00,-172.22,0.0500,7.101188
10539,longdress,driving_B_2020.02.13_13.03.24.csv,658,3.8926,0.00,-178.87,0.0500,6.867805
10540,loot,static_B_2020.02.14_13.21.26.csv,504,274.0984,82.00,87.56,0.0500,6.323815
10541,redandblack,driving_B_2020.02.14_07.29.00.csv,525,78.6373,0.00,-45.12,0.0500,6.884857
10542,soldier,driving_B_2019.12.16_14.23.32.csv,2449,139.3259,0.00,39.41,0.0500,6.898332
10543,longdress,driving_B_2019.12.16_12.27.05.csv,3,41.6364,0.00,-66.06,0.0500,6.552573
10544,loot,driving_B_2020.02.14_09.38.22.csv,1042,104.3822,0.00,-60.48,0.0500,6.952443
10545,redandblack,driving_B_2019.12.17_07.32.39.csv,327,111.0195,0.00,-14.97,0.0500,6.524133
10546,soldier,driving_B_2020.02.13_15.02.01.csv,2711,41.1869,0.00,-92.60,0.0500,6.562697
10547,longdress,driving_B_2020.01.16_09.56.56.csv,34,4.3662,0.00,-158.41,0.0500,6.670942
10548,loot,static_B_2020.02.27_18.39.27.csv,5396,199.0669,46.00,57.11,0.0500,6.779565
10549,redandblack,driving_B_2020.02.13_13.03.24.csv,298,69.6541,0.00,-53.78,0.0500,6.551937
10550,soldier,static_B_2020.02.14_13.21.26.csv,444,264.1389,77.43,77.98,0.0500,5.846951
10551,longdress,static_B_2020.02.27_18.39.27.csv,5636,268.4462,100.00,79.87,0.0500,6.589846
10552,loot,driving_B_2020.02.14_09.38.22.csv,382,32.2999,0.00,-166.71,0.0500,6.657836
10553,redandblack,static_B_2019.12.16_13.40.04.csv,1746,255.3651,79.52,70.93,0.0500,6.290595
10554,soldier,driving_B_2020.02.14_09.38.22.csv,322,15.6964,0.00,-231.88,0.0500,6.460852
10555,longdress,static_B_2020.02.27_18.39.27.csv,356,270.5486,100.00,75.34,0.0500,6.544742
10556,loot,driving_B_2020.02.13_13.03.24.csv,118,73.0421,0.00,-75.24,0.0500,6.902129
10557,redandblack,static_B_2020.02.27_18.39.27.csv,5336,245.2926,60.00,77.97,0.0500,6.504044
10558,soldier,driving_B_2019.12.16_14.23.32.csv,1669,167.1541,0.00,-7.68,0.0500,6.866335
10559,longdress,static_B_2020.02.27_18.39.27.csv,1976,157.4159,4.00,40.91,0.0500,6.634571
10560,loot,driving_B_2020.02.14_07.29.00.csv,405,81.4364,0.00,-90.18,0.0500,6.628630
10561,redandblack,driving_B_2020.02.14_09.38.22.csv,202,-43.6984,0.00,-324.26,0.0500,6.633673
10562,soldier,driving_B_2019.12.17_07.32.39.csv,1947,172.4955,0.00,-1.16,0.0500,7.547416
10563,longdress,driving_B_2020.02.14_07.29.00.csv,645,23.1001,0.00,-95.06,0.0500,6.899532
10564,loot,driving_B_2020.02.13_15.02.01.csv,1571,30.0789,0.00,-499.38,0.0500,6.671024
10565,soldier,driving_B_2020.01.16_07.26.43.csv,1741,23.2377,0.00,-123.22,0.0500,6.566107
10566,longdress,static_B_2019.12.16_13.40.04.csv,985,200.9231,27.79,36.07,0.0500,6.990861
10567,loot,static_B_2020.02.27_18.39.27.csv,3862,108.5203,0.00,-46.23,0.0500,6.352211
10568,redandblack,static_B_2020.02.27_18.39.27.csv,4942,166.3086,18.00,47.31,0.0500,6.359687
10569,soldier,driving_B_2020.01.16_07.26.43.csv,1681,49.1675,0.00,-95.84,0.0500,6.744755
10570,longdress,driving_B_2020.02.14_07.29.00.csv,1666,239.1838,69.61,55.71,0.0500,5.783416
10571,loot,static_B_2020.02.13_13.57.29.csv,1770,251.0490,84.18,76.89,0.0500,6.398027
10572,redandblack,driving_B_2020.01.16_07.26.43.csv,1261,82.8300,0.00,-59.85,0.0500,6.896451
10573,soldier,driving_B_2020.02.13_15.02.01.csv,971,46.1640,0.00,-118.35,0.0500,6.305813
10574,longdress,driving_B_2020.01.16_12.10.03.csv,70,268.3384,100.00,82.37,0.0500,6.690886
10575,loot,driving_B_2019.12.16_14.23.32.csv,2183,250.3236,84.81,72.76,0.0500,6.504120
10576,redandblack,driving_B_2019.12.16_14.23.32.csv,1643,247.1404,76.00,75.71,0.0500,6.939100
10577,soldier,driving_B_2020.02.14_07.29.00.csv,1970,-11.8440,0.00,-368.30,0.0500,6.907522
10578,longdress,static_B_2020.02.13_13.57.29.csv,570,205.3411,17.03,30.55,0.0500,6.385998
10579,loot,static_B_2020.02.13_13.57.29.csv,150,264.2687,83.82,81.13,0.0500,6.286152
10580,redandblack,static_B_2020.02.27_18.39.27.csv,5422,158.8940,0.00,0.68,0.0500,6.695508
10581,soldier,driving_B_2019.12.16_14.23.32.csv,743,172.7265,0.00,-0.56,0.0500,6.450085
10582,longdress,static_B_2020.02.27_18.39.27.csv,3802,170.2899,0.72,18.62,0.0500,6.467963
10583,loot,driving_B_2020.02.13_13.03.24.csv,1859,-103.9979,0.00,-420.91,0.0500,6.317062
10584,redandblack,static_B_2020.02.13_13.57.29.csv,1710,149.1085,17.13,7.98,0.0500,6.609814
10585,soldier,driving_B_2020.02.14_12.58.17.csv,285,-75.4925,0.00,-306.10,0.0500,7.501957
10586,longdress,driving_B_2019.12.17_07.32.39.csv,2273,214.2167,77.14,57.39,0.0500,7.460212
10587,loot,driving_B_2019.12.17_07.32.39.csv,1253,89.2467,0.00,-53.02,0.0500,6.455704
10588,redandblack,driving_B_2020.01.16_09.56.56.csv,105,54.5403,0.00,-157.75,0.0500,5.889643
10589,soldier,static_B_2020.02.13_13.57.29.csv,990,39.8872,0.00,-277.80,0.0500,6.886926
10590,longdress,static_B_2019.12.16_13.40.04.csv,1765,173.7305,23.25,28.21,0.0500,6.792218
10591,loot,driving_B_2020.01.16_07.26.43.csv,421,21.0108,0.00,-161.94,0.0500,6.631140
10592,redandblack,static_B_2020.02.27_18.39.27.csv,742,271.2297,100.00,83.88,0.0500,6.353189
10593,soldier,static_B_2020.02.13_13.57.29.csv,1350,158.7506,0.00,2.65,0.0500,7.193022
10594,longdress,static_B_2020.02.13_13.57.29.csv,1230,259.5905,100.00,80.07,0.0500,6.428876
10595,loot,static_B_2020.02.27_18.39.27.csv,2122,212.5524,58.85,46.64,0.0500,6.567592
10596,redandblack,driving_B_2019.12.16_11.49.59.csv,122,97.3025,0.00,-7.64,0.0500,6.098881
10597,soldier,driving_B_2019.12.17_07.32.39.csv,2213,157.1061,31.40,22.04,0.0500,6.371261
10598,longdress,static_B_2019.12.16_13.40.04.csv,1904,117.6508,2.00,6.40,0.0500,6.270787
10599,loot,static_B_2020.02.27_18.39.27.csv,202,235.0161,54.00,71.15,0.0500,7.017455
10600,redandblack,static_B_2020.02.27_18.39.27.csv,82,163.7923,8.00,45.63,0.0500,6.208285
10601,soldier,static_B_2020.02.27_18.39.27.csv,3742,279.2212,100.00,85.14,0.0500,6.146282
10602,longdress,driving_B_2019.12.17_07.32.39.csv,533,39.9650,0.00,-110.44,0.0500,6.735910
10603,loot,driving_B_2020.02.14_07.29.00.csv,1606,256.0400,80.39,76.84,0.0500,6.693530
10604,redandblack,driving_B_2020.02.13_13.03.24.csv,1799,-77.0694,0.00,-1036.25,0.0500,7.235471
10605,soldier,static_B_2020.02.13_13.57.29.csv,2310,114.9143,0.00,-18.79,0.0500,6.023678
10606,longdress,driving_B_2020.01.16_07.26.43.csv,1770,19.2106,0.00,-143.31,0.0500,6.178803
10607,loot,static_B_2020.02.27_18.39.27.csv,2542,289.1360,100.00,93.08,0.0500,6.636020
10608,redandblack,driving_B_2019.12.17_07.32.39.csv,1673,48.8987,0.00,-137.94,0.0500,6.651993
10609,soldier,driving_B_2020.02.27_17.30.15.csv,537,33.6647,0.00,-141.62,0.0500,6.618000
10610,longdress,driving_B_2019.12.17_07.32.39.csv,1973,272.2587,85.27,83.30,0.0500,5.940455
10611,loot,driving_B_2019.12.16_12.27.05.csv,236,152.1113,30.95,27.24,0.0500,6.108037
10612,redandblack,driving_B_2020.02.14_07.29.00.csv,286,239.6465,62.88,53.17,0.0500,6.956612
10613,soldier,static_B_2020.02.27_18.39.27.csv,142,230.1557,75.38,61.61,0.0500,6.863282
10614,longdress,driving_B_2020.02.14_12.58.17.csv,165,-50.8356,0.00,-968.89,0.0500,6.617657
10615,loot,static_B_2020.02.27_18.39.27.csv,5242,265.7891,100.00,84.15,0.0500,6.652853
10616,redandblack,driving_B_2020.01.16_09.56.56.csv,945,91.7046,0.00,-56.08,0.0500,6.819281
10617,soldier,driving_B_2020.02.13_13.03.24.csv,839,19.0873,0.00,-90.53,0.0500,7.145903
10618,longdress,driving_B_2020.02.14_09.38.22.csv,173,44.5120,0.00,-223.44,0.0500,7.219066
10619,loot,driving_B_2019.12.16_14.23.32.csv,2303,133.7002,0.00,-28.33,0.0500,7.033338
10620,redandblack,static_B_2020.02.27_18.39.27.csv,2902,253.5918,100.00,68.57,0.0500,7.341144
10621,soldier,driving_B_2020.02.14_12.58.17.csv,345,-27.4146,0.00,-340.13,0.0500,6.644386
10622,longdress,driving_B_2020.02.13_15.02.01.csv,1691,184.8799,24.35,34.09,0.0500,6.439764
10623,loot,driving_B_2020.02.14_07.29.00.csv,1246,254.9219,79.40,74.76,0.0500,6.348333
10624,redandblack,static_B_2020.02.13_13.57.29.csv,1590,273.4159,83.52,73.45,0.0500,6.110725
10625,soldier,driving_B_2019.12.17_07.32.39.csv,353,227.1488,75.32,51.41,0.0500,6.591118
10626,longdress,driving_B_2020.02.14_07.29.00.csv,1906,30.1479,0.00,-179.97,0.0500,6.450244
10627,loot,driving_B_2020.02.13_15.02.01.csv,11,252.7505,82.58,75.21,0.0500,6.057347
10628,redandblack,driving_B_2020.02.27_17.30.15.csv,477,-54.3944,0.00,-250.35,0.0500,6.681081
10629,soldier,static_B_2020.02.13_13.57.29.csv,690,80.4006,0.00,-65.47,0.0500,6.857794
10630,longdress,driving_B_2019.12.16_12.27.05.csv,1016,225.5478,70.62,51.14,0.0500,6.195895
10631,loot,driving_B_2020.01.16_12.10.03.csv,130,185.8147,36.00,55.41,0.0500,6.581930
10632,redandblack,driving_B_2019.12.16_12.27.05.csv,1076,165.5521,29.31,30.09,0.0500,7.127334
10633,soldier,static_B_2020.02.27_18.39.27.csv,5302,274.6737,100.00,85.87,0.0500,6.532073
10634,longdress,driving_B_2020.02.14_07.29.00.csv,1966,34.3832,0.00,-142.49,0.0500,6.022061
10635,loot,driving_B_2020.02.27_17.30.15.csv,297,-23.4988,0.00,-268.59,0.0500,6.583396
10636,redandblack,static_B_2020.02.27_18.39.27.csv,3382,279.2584,90.00,89.13,0.0500,6.577150
10637,soldier,driving_B_2020.01.16_09.56.56.csv,585,239.9554,63.54,58.89,0.0500,7.114131
10638,longdress,driving_B_2020.02.14_12.58.17.csv,800,7.8841,0.00,-407.43,0.0500,6.891987
10639,loot,driving_B_2020.02.13_15.02.01.csv,2291,42.7489,0.00,-111.71,0.0500,7.229717
10640,redandblack,driving_B_2019.12.17_07.32.39.csv,713,61.4206,0.00,-34.35,0.0500,6.859734
10641,soldier,driving_B_2019.12.16_14.23.32.csv,2363,142.7978,0.00,0.62,0.0500,6.465848
10642,longdress,driving_B_2019.12.16_11.49.59.csv,62,73.4709,0.00,-49.37,0.0500,7.008338
10643,loot,static_B_2020.02.27_18.39.27.csv,4462,95.3352,0.00,-13.24,0.0500,6.378270
10644,redandblack,driving_B_2019.12.16_14.23.32.csv,1043,94.9705,0.00,-228.20,0.0500,6.862634
10645,soldier,driving_B_2020.02.14_07.29.00.csv,1726,103.2707,0.00,-11.11,0.0500,6.488455
10646,longdress,static_B_2019.12.16_13.40.04.csv,1705,209.1031,36.32,42.69,0.0500,6.464926
10647,loot,static_B_2020.02.13_13.57.29.csv,1830,163.3662,0.00,46.28,0.0500,6.653185
10648,redandblack,driving_B_2019.12.17_07.32.39.csv,1133,157.7758,0.00,47.34,0.0500,6.205324
10649,soldier,driving_B_2020.02.14_09.38.22.csv,533,206.8160,40.69,33.55,0.0500,6.361762
10650,longdress,driving_B_2020.02.14_12.58.17.csv,525,83.0137,0.00,-51.39,0.0500,6.894237
10651,loot,static_B_2020.02.27_18.39.27.csv,1042,274.1620,100.00,81.49,0.0500,7.003920
10652,redandblack,driving_B_2020.02.13_13.03.24.csv,1139,9.2636,0.00,-138.55,0.0500,6.511229
10653,soldier,driving_B_2019.12.17_07.32.39.csv,233,100.5659,0.00,-8.78,0.0500,6.780490
10654,longdress,driving_B_2019.12.16_14.23.32.csv,203,232.9011,79.03,66.04,0.0500,6.294158
10655,loot,driving_B_2020.02.13_15.02.01.csv,71,275.5214,85.62,87.12,0.0500,6.891365
10656,redandblack,static_B_2019.12.16_13.40.04.csv,25,254.5780,100.00,76.01,0.0500,6.417103
10657,soldier,driving_B_2019.12.17_07.32.39.csv,2288,240.1115,77.30,64.66,0.0500,6.590815
10658,longdress,driving_B_2020.02.13_15.02.01.csv,1511,50.6605,0.00,-113.94,0.0500,6.370471
10659,loot,driving_B_2020.02.27_17.30.15.csv,177,-18.5996,0.00,-708.57,0.0500,6.859266
10660,redandblack,driving_B_2020.02.13_15.02.01.csv,2591,254.1074,68.54,64.97,0.0500,6.426295
10661,soldier,driving_B_2020.02.14_09.38.22.csv,233,-9.4248,0.00,-293.55,0.0500,6.472106
10662,longdress,driving_B_2019.12.17_07.32.39.csv,113,62.3604,0.00,-85.06,0.0500,6.513805
10663,loot,driving_B_2020.02.14_07.29.00.csv,226,103.1028,0.00,-25.48,0.0500,6.993308
10664,redandblack,static_B_2020.02.27_18.39.27.csv,1162,117.3760,0.00,-233.53,0.0500,6.493423
10665,soldier,driving_B_2019.12.16_14.23.32.csv,2063,189.7330,0.00,-83.57,0.0500,6.723175
10666,longdress,driving_B_2020.01.16_09.56.56.csv,285,192.2985,0.00,17.76,0.0500,6.878564
10667,loot,driving_B_2020.02.13_15.02.01.csv,1391,30.1354,0.00,-87.35,0.0500,7.078077
10668,redandblack,driving_B_2020.02.14_07.29.00.csv,766,84.1392,0.00,-42.70,0.0500,6.652102
10669,soldier,static_B_2020.02.27_18.39.27.csv,5742,268.2609,100.00,81.58,0.0500,6.547412
10670,longdress,driving_B_2019.12.17_07.32.39.csv,1553,24.8987,0.00,-120.64,0.0500,6.627806
10671,loot,static_B_2020.02.13_13.57.29.csv,1170,251.8826,64.28,72.92,0.0500,6.528627
10672,redandblack,driving_B_2020.02.13_15.02.01.csv,2754,46.4534,0.00,-93.93,0.0500,6.387627
10673,soldier,static_B_2020.02.13_13.57.29.csv,1290,204.6682,16.08,40.32,0.0500,6.536620
10674,longdress,static_B_2020.02.13_13.57.29.csv,1530,83.5319,0.00,-41.32,0.0500,6.884184
10675,loot,static_B_2020.02.13_13.57.29.csv,2610,200.1463,57.23,48.71,0.0500,6.998281
10676,redandblack,driving_B_2019.12.16_14.23.32.csv,323,277.3846,92.00,88.64,0.0500,6.122139
10677,soldier,static_B_2020.02.27_18.39.27.csv,2002,230.2691,57.59,57.66,0.0500,6.603650
10678,longdress,driving_B_2020.01.16_09.56.56.csv,1305,246.6306,73.70,62.72,0.0500,6.597216
10679,loot,static_B_2020.02.13_13.57.29.csv,90,165.4255,12.11,18.27,0.0500,6.066735
10680,redandblack,driving_B_2020.02.14_09.38.22.csv,953,278.6608,100.00,88.82,0.0500,6.460691
10681,soldier,driving_B_2020.01.16_12.10.03.csv,190,268.4637,80.24,75.04,0.0500,7.087899
10682,longdress,driving_B_2020.02.13_15.02.01.csv,2111,114.4621,12.02,6.17,0.0500,6.393071
10683,loot,static_B_2020.02.13_13.57.29.csv,270,121.0237,0.00,6.70,0.0500,6.509856
10684,redandblack,static_B_2020.02.13_13.57.29.csv,2430,105.0606,0.00,-242.41,0.0500,6.779384
10685,soldier,driving_B_2020.02.13_15.02.01.csv,1091,139.4246,3.95,-2.63,0.0500,7.055832
10686,longdress,driving_B_2019.12.16_14.23.32.csv,1943,167.7641,1.71,5.65,0.0500,7.174294
10687,loot,static_B_2020.02.27_18.39.27.csv,2722,276.9635,92.00,87.80,0.0500,6.887169
10688,redandblack,static_B_2020.02.27_18.39.27.csv,22,266.5748,84.72,81.67,0.0500,6.958712
10689,soldier,static_B_2020.02.27_18.39.27.csv,1102,152.8148,0.00,-21.59,0.0500,6.657956
10690,longdress,static_B_2020.02.27_18.39.27.csv,442,224.0957,38.40,46.14,0.0500,6.088643
10691,loot,static_B_2020.02.27_18.39.27.csv,1822,149.8917,55.12,-10.74,0.0500,6.542829
10692,redandblack,driving_B_2020.02.14_09.38.22.csv,473,95.7862,0.00,-68.13,0.0500,6.598138
10693,soldier,driving_B_2020.02.13_13.03.24.csv,359,21.9146,0.00,-115.84,0.0500,6.921105
10694,longdress,driving_B_2020.01.16_07.26.43.csv,1561,-5.5658,0.00,-276.15,0.0500,6.663535
10695,loot,static_B_2020.02.27_18.39.27.csv,1882,247.7816,76.98,70.10,0.0500,6.662520
10696,redandblack,static_B_2020.02.27_18.39.27.csv,4162,270.2650,100.00,82.69,0.0500,6.643998
10697,soldier,static_B_2020.02.27_18.39.27.csv,5182,267.4085,83.41,82.81,0.0500,7.052092
10698,longdress,driving_B_2020.02.13_15.02.01.csv,2051,110.4301,0.00,-186.98,0.0500,6.545486
10699,loot,static_B_2020.02.14_13.21.26.csv,311,276.0327,100.00,87.14,0.0500,6.983297
10700,redandblack,static_B_2020.02.27_18.39.27.csv,3202,99.3949,0.00,-6.53,0.0500,6.750676
10701,soldier,driving_B_2019.12.16_14.23.32.csv,1523,81.5351,0.00,-20.64,0.0500,6.547238
10702,longdress,driving_B_2019.12.17_07.32.39.csv,593,60.5377,0.00,-121.03,0.0500,6.682494
10703,loot,driving_B_2020.02.13_15.02.01.csv,791,182.4565,25.58,38.07,0.0500,6.688079
10704,redandblack,driving_B_2019.12.17_07.32.39.csv,833,60.4697,0.00,-75.90,0.0500,6.874649
10705,soldier,driving_B_2020.01.16_07.26.43.csv,1770,-24.7818,0.00,-316.55,0.0500,6.236811
10706,longdress,static_B_2020.02.27_18.39.27.csv,1582,204.2559,44.53,35.38,0.0500,6.891388
10707,loot,driving_B_2019.12.16_12.27.05.csv,176,76.2745,5.42,-12.35,0.0500,6.368098
10708,redandblack,static_B_2020.02.13_13.57.29.csv,210,263.4503,80.64,75.98,0.0500,6.615669
10709,soldier,driving_B_2019.12.16_14.23.32.csv,803,154.9458,24.22,19.75,0.0500,6.721287
10710,longdress,driving_B_2020.01.16_07.26.43.csv,1081,84.4282,0.00,-21.77,0.0500,6.851453
10711,loot,static_B_2020.02.27_18.39.27.csv,3682,230.4106,62.00,70.61,0.0500,6.360620
10712,redandblack,driving_B_2020.02.13_15.02.01.csv,911,139.3710,0.00,37.55,0.0500,6.782833
10713,soldier,driving_B_2020.01.16_09.56.56.csv,825,36.2391,0.00,-161.98,0.0500,7.022074
10714,longdress,driving_B_2020.01.16_12.10.03.csv,244,240.2016,82.65,69.21,0.0500,6.559832
10715,loot,driving_B_2020.02.14_07.29.00.csv,1306,219.7728,77.78,54.50,0.0500,7.007214
10716,redandblack,driving_B_2019.12.16_14.23.32.csv,143,202.7467,20.00,61.90,0.0500,6.812339
10717,soldier,driving_B_2020.02.13_15.02.01.csv,251,214.3282,56.00,63.63,0.0500,6.515608
10718,longdress,static_B_2020.02.13_13.57.29.csv,1110,169.0354,0.00,4.23,0.0500,6.769968
10719,loot,static_B_2020.02.27_18.39.27.csv,3502,236.8343,80.67,57.46,0.0500,6.856234
10720,redandblack,static_B_2020.02.13_13.57.29.csv,870,147.7321,0.00,-5.37,0.0500,7.262491
10721,soldier,static_B_2020.02.14_13.21.26.csv,491,278.3512,100.00,88.07,0.0500,6.432673
10722,longdress,static_B_2020.02.27_18.39.27.csv,1942,152.8408,1.70,11.27,0.0500,6.353154
10723,loot,driving_B_2020.01.16_12.10.03.csv,244,283.7072,100.00,91.08,0.0500,7.430062
10724,redandblack,driving_B_2019.12.17_07.32.39.csv,413,158.5854,0.00,7.48,0.0500,6.920709
10725,soldier,static_B_2020.02.27_18.39.27.csv,5482,164.8635,0.00,46.10,0.0500,6.792330
10726,longdress,driving_B_2019.12.17_07.32.39.csv,1613,79.4853,0.00,-84.07,0.0500,7.216219
10727,loot,static_B_2020.02.27_18.39.27.csv,3622,174.0614,21.02,30.43,0.0500,7.131784
10728,redandblack,static_B_2020.02.27_18.39.27.csv,4882,69.3978,0.00,-59.52,0.0500,6.797522
10729,soldier,driving_B_2020.02.14_09.38.22.csv,53,-19.7432,0.00,-215.96,0.0500,6.359678
10730,longdress,driving_B_2020.02.14_09.38.22.csv,833,181.0609,44.00,42.42,0.0500,7.119153
10731,loot,static_B_2020.02.14_13.21.26.csv,131,279.2898,100.00,88.42,0.0500,6.686054
10732,redandblack,driving_B_2019.12.16_11.49.59.csv,242,-24.0690,0.00,-295.21,0.0500,6.937701
10733,soldier,static_B_2020.02.27_18.39.27.csv,562,219.5143,100.00,24.81,0.0500,6.810510
10734,longdress,driving_B_2019.12.17_07.32.39.csv,1853,87.7820,0.00,-74.25,0.0500,6.818174
10735,loot,driving_B_2020.02.13_15.02.01.csv,371,273.2410,100.00,84.81,0.0500,6.664542
10736,redandblack,driving_B_2020.02.13_13.03.24.csv,1979,-25.5500,0.00,-304.32,0.0500,6.784121
10737,soldier,static_B_2019.12.16_13.40.04.csv,565,184.7441,8.41,35.85,0.0500,6.913708
10738,longdress,driving_B_2020.01.16_09.56.56.csv,1005,251.2113,78.32,63.49,0.0500,7.295183
10739,loot,driving_B_2020.02.13_15.02.01.csv,1571,-8.9340,0.00,-513.61,0.0500,6.038301
10740,redandblack,driving_B_2020.02.13_15.02.01.csv,2351,-11.8279,0.00,-579.45,0.0500,6.828287
10741,soldier,driving_B_2019.12.16_14.23.32.csv,263,271.9999,82.70,84.90,0.0500,7.003044
10742,longdress,driving_B_2020.02.13_15.02.01.csv,2754,19.4286,0.00,-140.82,0.0500,6.576541
10743,loot,static_B_2020.02.27_18.39.27.csv,4402,277.0921,100.00,86.84,0.0500,6.098225
10744,redandblack,driving_B_2020.02.13_15.02.01.csv,671,183.0445,8.66,21.93,0.0500,6.932421
10745,soldier,static_B_2020.02.13_13.57.29.csv,2850,159.3704,0.00,1.37,0.0500,6.782000
10746,longdress,driving_B_2019.12.16_14.23.32.csv,2483,182.1890,24.00,51.07,0.0500,6.291893
10747,loot,driving_B_2020.01.16_07.26.43.csv,1441,10.8472,0.00,-137.13,0.0500,6.447429
10748,redandblack,static_B_2020.02.13_13.57.29.csv,2250,225.7274,57.42,53.84,0.0500,7.111270
10749,soldier,static_B_2020.02.14_13.21.26.csv,71,244.8536,96.00,71.44,0.0500,6.985311
10750,longdress,driving_B_2020.01.16_09.56.56.csv,405,34.0831,0.00,-221.50,0.0500,7.721782
10751,loot,static_B_2020.02.13_13.57.29.csv,330,183.2951,17.40,33.92,0.0500,6.888842
10752,redandblack,driving_B_2020.02.14_09.38.22.csv,653,238.4388,65.20,69.49,0.0500,6.020897
10753,soldier,driving_B_2020.02.13_13.03.24.csv,659,14.9738,0.00,-109.43,0.0500,6.940149
10754,longdress,driving_B_2019.12.16_14.23.32.csv,563,191.9666,39.46,28.39,0.0500,7.008329
10755,loot,driving_B_2019.12.16_14.23.32.csv,383,183.5686,41.53,51.86,0.0500,6.467356
10756,redandblack,driving_B_2019.12.17_07.32.39.csv,893,6.4571,0.00,-117.19,0.0500,7.061922
10757,soldier,driving_B_2020.02.13_13.03.24.csv,239,77.4580,10.06,-14.80,0.0500,7.237630
10758,longdress,driving_B_2020.01.16_07.26.43.csv,781,46.9251,0.00,-59.23,0.0500,6.511307
10759,loot,driving_B_2020.01.16_09.56.56.csv,885,86.4349,0.00,-47.22,0.0500,6.814566
10760,redandblack,static_B_2020.02.27_18.39.27.csv,4042,279.8790,100.00,88.39,0.0500,6.901789
10761,soldier,static_B_2020.02.27_18.39.27.csv,1222,179.9260,52.00,38.40,0.0500,7.368283
10762,longdress,driving_B_2019.12.16_14.23.32.csv,923,51.7523,0.00,-144.39,0.0500,6.566247
10763,loot,driving_B_2020.02.13_15.02.01.csv,1271,119.6052,0.00,-37.57,0.0500,6.279797
10764,redandblack,static_B_2019.12.16_13.40.04.csv,1885,145.7958,42.00,5.27,0.0500,6.901623
10765,soldier,driving_B_2020.02.14_07.29.00.csv,886,282.4011,100.00,88.71,0.0500,6.931599
10766,longdress,driving_B_2019.12.16_11.49.59.csv,182,25.3267,0.00,-177.22,0.0500,7.158319
10767,loot,static_B_2020.02.27_18.39.27.csv,2962,261.8544,76.59,73.35,0.0500,7.113603
10768,redandblack,driving_B_2020.01.16_09.56.56.csv,1065,64.1872,0.00,-84.63,0.0500,6.197868
10769,soldier,driving_B_2020.02.13_15.02.01.csv,2471,59.4796,0.00,-221.99,0.0500,6.736930
10770,longdress,driving_B_2020.02.14_09.38.22.csv,1013,43.5625,0.00,-165.22,0.0500,6.255432
10771,loot,driving_B_2020.02.14_07.29.00.csv,1486,157.0947,10.28,19.66,0.0500,6.782246
10772,redandblack,driving_B_2019.12.17_07.32.39.csv,1073,110.9040,0.00,-10.98,0.0500,7.042544
10773,soldier,static_B_2020.02.27_18.39.27.csv,1522,227.5969,51.82,49.79,0.0500,7.201886
10774,longdress,driving_B_2019.12.16_14.23.32.csv,2603,110.7808,0.00,-27.91,0.0500,6.659398
10775,loot,static_B_2019.12.16_13.40.04.csv,325,95.6308,0.00,-21.97,0.0500,7.007498
10776,redandblack,driving_B_2020.02.14_07.29.00.csv,1970,-16.2767,0.00,-299.83,0.0500,6.799202
10777,soldier,driving_B_2020.02.14_09.38.22.csv,713,228.7515,44.41,50.60,0.0500,6.766959
10778,longdress,driving_B_2020.02.14_07.29.00.csv,46,60.9062,0.00,-51.51,0.0500,6.648188
10779,loot,static_B_2019.12.16_13.40.04.csv,925,141.0319,0.00,14.55,0.0500,6.954092
10780,redandblack,static_B_2020.02.13_13.57.29.csv,1410,169.7570,22.34,24.92,0.0500,7.392229
10781,soldier,static_B_2020.02.27_18.39.27.csv,5602,218.5646,70.00,64.34,0.0500,6.878423
10782,longdress,driving_B_2020.02.14_12.58.17.csv,585,7.8917,0.00,-121.08,0.0500,6.668633
10783,loot,driving_B_2019.12.16_12.27.05.csv,416,14.8956,0.00,-116.30,0.0500,7.110583
10784,redandblack,driving_B_2020.02.13_13.03.24.csv,179,80.8246,0.00,-47.32,0.0500,6.201122
10785,soldier,static_B_2020.02.27_18.39.27.csv,2422,266.3191,100.00,79.55,0.0500,6.719059
10786,longdress,static_B_2020.02.27_18.39.27.csv,4822,145.7519,4.00,37.58,0.0500,6.661630
10787,loot,driving_B_2019.12.16_12.27.05.csv,896,162.8651,16.71,26.58,0.0500,6.520483
10788,redandblack,driving_B_2020.02.13_15.02.01.csv,1331,-6.6486,0.00,-255.46,0.0500,6.707707
10789,soldier,static_B_2019.12.16_13.40.04.csv,505,224.1643,73.91,34.81,0.0500,6.586593
10790,longdress,static_B_2020.02.27_18.39.27.csv,5002,239.1316,59.37,62.73,0.0500,6.427407
10791,loot,static_B_2019.12.16_13.40.04.csv,1465,282.8748,90.00,90.84,0.0500,7.124080
10792,redandblack,static_B_2020.02.27_18.39.27.csv,1702,128.5765,0.00,6.45,0.0500,7.022457
10793,soldier,driving_B_2020.01.16_09.56.56.csv,45,87.6439,0.00,-21.23,0.0500,6.895276
10794,longdress,driving_B_2019.12.17_07.32.39.csv,173,31.3246,0.00,-82.50,0.0500,6.817848
10795,loot,driving_B_2019.12.16_14.23.32.csv,1343,198.0217,24.49,33.12,0.0500,6.729586
10796,redandblack,static_B_2019.12.16_13.40.04.csv,625,91.5937,0.00,-18.79,0.0500,6.240998
10797,soldier,driving_B_2020.01.16_07.26.43.csv,1321,73.6017,0.00,-74.93,0.0500,7.439118
10798,longdress,driving_B_2020.01.16_07.26.43.csv,301,91.5985,0.00,-24.18,0.0500,6.940187
10799,loot,driving_B_2020.02.14_09.38.22.csv,353,-1.8451,0.00,-175.03,0.0500,6.861034
10800,redandblack,driving_B_2020.02.14_12.58.17.csv,225,-53.7074,0.00,-794.92,0.0500,7.421560
10801,soldier,driving_B_2020.02.14_07.29.00.csv,106,-0.7791,0.00,-78.71,0.0500,7.025088
10802,longdress,driving_B_2019.12.17_07.32.39.csv,1313,265.6385,100.00,80.37,0.0500,6.660460
10803,loot,driving_B_2020.02.13_13.03.24.csv,1259,20.7795,0.00,-163.00,0.0500,6.785625
10804,redandblack,driving_B_2019.12.16_14.23.32.csv,1823,-8.5424,0.00,-274.97,0.0500,6.271407
10805,soldier,driving_B_2020.02.14_09.38.22.csv,113,-4.6773,0.00,-193.50,0.0500,6.989649
10806,longdress,static_B_2020.02.27_18.39.27.csv,5742,277.2274,100.00,86.06,0.0500,6.186468
10807,loot,driving_B_2020.01.16_07.26.43.csv,901,29.4932,0.00,-104.72,0.0500,6.388809
10808,redandblack,driving_B_2019.12.16_11.49.59.csv,277,9.2182,0.00,-162.97,0.0500,6.682350
10809,soldier,static_B_2020.02.27_18.39.27.csv,4702,177.8585,77.43,21.63,0.0500,6.441925
10810,longdress,driving_B_2020.02.14_07.29.00.csv,646,46.9651,0.00,-75.19,0.0500,6.900288
10811,loot,driving_B_2019.12.16_14.23.32.csv,1463,188.7169,19.12,28.61,0.0500,7.200026
10812,redandblack,driving_B_2020.02.13_15.02.01.csv,131,241.1532,64.14,64.30,0.0500,6.522594
10813,soldier,static_B_2020.02.27_18.39.27.csv,4222,287.5055,100.00,89.78,0.0500,6.971232
10814,longdress,static_B_2020.02.27_18.39.27.csv,3082,55.3394,0.00,-73.80,0.0500,6.891658
10815,loot,static_B_2020.02.13_13.57.29.csv,2790,287.4672,100.00,91.62,0.0500,6.702831
10816,redandblack,driving_B_2020.01.16_07.26.43.csv,241,46.5398,0.00,-27.42,0.0500,6.543302
10817,soldier,driving_B_2019.12.17_07.32.39.csv,1913,200.6619,14.52,32.90,0.0500,6.862741
10818,longdress,driving_B_2020.01.16_07.26.43.csv,361,55.0235,0.00,-90.08,0.0500,6.590895
10819,loot,driving_B_2020.01.16_09.56.56.csv,525,199.2751,72.17,38.93,0.0500,6.540095
10820,redandblack,static_B_2020.02.13_13.57.29.csv,2945,242.9095,78.88,62.48,0.0500,6.829384
10821,soldier,static_B_2020.02.27_18.39.27.csv,382,268.1318,100.00,75.31,0.0500,6.786092
10822,longdress,driving_B_2020.02.14_12.58.17.csv,800,-3.9713,0.00,-460.08,0.0500,6.400123
10823,loot,driving_B_2019.12.16_14.23.32.csv,1223,241.0223,66.00,73.98,0.0500,7.355614
10824,redandblack,driving_B_2020.02.27_17.30.15.csv,657,-3.2325,0.00,-238.58,0.0500,7.201256
10825,soldier,driving_B_2020.01.16_07.26.43.csv,1,73.9002,0.00,-86.46,0.0500,6.759437
10826,longdress,driving_B_2020.02.27_17.30.15.csv,117,-44.1355,0.00,-819.25,0.0500,6.727007
10827,loot,driving_B_2020.02.27_17.30.15.csv,720,-53.7249,0.00,-402.86,0.0500,6.868249
10828,redandblack,driving_B_2019.12.16_14.23.32.csv,2123,239.7653,100.00,47.32,0.0500,6.719961
10829,soldier,static_B_2020.02.27_18.39.27.csv,1762,115.7589,0.00,-412.69,0.0500,6.721408
10830,longdress,static_B_2020.02.27_18.39.27.csv,2362,146.8160,0.00,-210.61,0.0500,6.857548
10831,loot,static_B_2019.12.16_13.40.04.csv,145,182.3421,22.39,37.41,0.0500,6.919724
10832,redandblack,driving_B_2019.12.16_14.23.32.csv,983,119.9458,0.00,-37.64,0.0500,7.203216
10833,soldier,static_B_2020.02.27_18.39.27.csv,1462,129.8402,0.00,-5.97,0.0500,6.464700
10834,longdress,driving_B_2020.02.13_13.03.24.csv,59,84.4938,0.00,-54.96,0.0500,7.289892
10835,loot,static_B_2020.02.27_18.39.27.csv,5122,223.2420,70.00,67.27,0.0500,6.792469
10836,redandblack,driving_B_2019.12.16_14.23.32.csv,503,166.7080,10.00,47.05,0.0500,6.951667
10837,soldier,driving_B_2019.12.16_12.27.05.csv,1136,109.4636,0.00,-46.95,0.0500,6.744338
10838,longdress,static_B_2020.02.14_13.21.26.csv,611,142.1649,0.00,38.28,0.0500,7.223279
10839,loot,static_B_2019.12.16_13.40.04.csv,1165,108.4319,0.00,-139.64,0.0500,6.938132
10840,redandblack,driving_B_2020.02.13_15.02.01.csv,731,111.6956,0.00,-23.11,0.0500,6.240229
10841,soldier,driving_B_2020.02.14_09.38.22.csv,593,247.5950,78.87,68.43,0.0500,6.755815
10842,longdress,driving_B_2019.12.17_07.32.39.csv,1493,70.5992,0.00,-99.13,0.0500,6.928335
10843,loot,static_B_2020.02.14_13.21.26.csv,431,179.9844,6.00,54.66,0.0500,6.058345
10844,redandblack,driving_B_2019.12.16_14.23.32.csv,1703,-5.0057,0.00,-515.12,0.0500,7.160838
10845,soldier,static_B_2020.02.27_18.39.27.csv,3922,123.0645,0.00,26.67,0.0500,6.599324
10846,longdress,driving_B_2020.01.16_09.56.56.csv,225,193.0569,28.73,34.89,0.0500,7.163338
10847,loot,driving_B_2020.02.14_09.38.22.csv,1478,98.2342,0.00,-50.81,0.0500,6.593351
10848,redandblack,driving_B_2020.02.14_12.58.17.csv,105,77.0674,0.00,-54.80,0.0500,6.568350
10849,soldier,driving_B_2020.02.13_15.02.01.csv,1871,71.3000,0.00,-32.09,0.0500,7.122917
10850,longdress,driving_B_2020.02.14_07.29.00.csv,166,93.0397,0.00,-44.25,0.0500,7.187282
10851,loot,static_B_2019.12.16_13.40.04.csv,85,206.9315,20.00,64.37,0.0500,6.438700
10852,redandblack,static_B_2020.02.14_13.21.26.csv,11,119.8190,0.00,-8.12,0.0500,7.178751
10853,soldier,driving_B_2020.02.14_07.29.00.csv,1546,13.2266,0.00,-155.42,0.0500,6.179751
10854,longdress,driving_B_2020.02.13_13.03.24.csv,1499,78.2278,0.00,-55.66,0.0500,6.155152
10855,loot,driving_B_2020.01.16_07.26.43.csv,961,67.1833,0.00,-89.82,0.0500,6.520885
10856,redandblack,driving_B_2020.01.16_07.26.43.csv,181,30.6270,0.00,-128.98,0.0500,6.386296
10857,soldier,driving_B_2020.02.13_15.02.01.csv,2231,268.9002,100.00,84.80,0.0500,6.861038
10858,longdress,driving_B_2019.12.16_14.23.32.csv,2616,172.6289,10.73,22.81,0.0500,6.449993
10859,loot,driving_B_2020.01.16_07.26.43.csv,481,71.2714,0.00,-89.87,0.0500,6.207064
10860,redandblack,driving_B_2020.02.13_13.03.24.csv,479,47.7983,0.00,-123.53,0.0500,6.788763
10861,soldier,driving_B_2019.12.16_14.23.32.csv,83,137.4933,20.00,31.83,0.0500,6.561590
10862,longdress,driving_B_2019.12.17_07.32.39.csv,2288,242.3353,73.45,65.70,0.0500,6.918884
10863,loot,driving_B_2019.12.17_07.32.39.csv,2033,94.1991,0.00,-42.30,0.0500,6.517369
10864,redandblack,driving_B_2020.02.13_13.03.24.csv,419,53.9940,0.00,-84.79,0.0500,7.347734
10865,soldier,static_B_2020.02.13_13.57.29.csv,2730,127.6258,5.91,18.06,0.0500,7.033137
10866,longdress,driving_B_2020.02.13_13.03.24.csv,1439,83.3778,0.00,-71.21,0.0500,6.229117
10867,loot,driving_B_2020.02.14_09.38.22.csv,1373,268.7507,80.00,85.10,0.0500,7.112923
10868,redandblack,driving_B_2020.01.16_09.56.56.csv,645,114.8142,0.00,-92.40,0.0500,7.183169
10869,soldier,driving_B_2020.01.16_07.26.43.csv,1621,85.9481,0.00,-32.08,0.0500,6.628341
10870,longdress,driving_B_2019.12.16_14.23.32.csv,683,196.7154,26.31,35.88,0.0500,6.711157
10871,loot,static_B_2020.02.27_18.39.27.csv,1642,266.4578,100.00,75.63,0.0500,6.473129
10872,redandblack,driving_B_2019.12.16_14.23.32.csv,1583,127.7584,0.00,-1.07,0.0500,7.150806
10873,soldier,driving_B_2019.12.17_07.32.39.csv,2153,29.8731,0.00,-96.27,0.0500,6.312027
10874,longdress,static_B_2020.02.13_13.57.29.csv,510,246.2034,82.09,66.49,0.0500,7.132738
10875,loot,static_B_2020.02.13_13.57.29.csv,2490,192.3959,40.12,40.84,0.0500,6.666035
10876,redandblack,driving_B_2020.01.16_07.26.43.csv,601,55.7164,0.00,-72.28,0.0500,6.428866
10877,soldier,driving_B_2019.12.16_12.27.05.csv,596,42.8666,0.00,-320.20,0.0500,7.236179
10878,longdress,driving_B_2019.12.16_14.23.32.csv,2243,61.7209,0.00,-257.34,0.0500,6.666256
10879,loot,driving_B_2020.02.27_17.30.15.csv,597,-2.5499,0.00,-318.88,0.0500,6.332150
10880,redandblack,static_B_2020.02.14_13.21.26.csv,731,277.7149,100.00,87.70,0.0500,6.746373
10881,soldier,driving_B_2020.02.13_15.02.01.csv,611,84.8521,0.00,-70.87,0.0500,6.761141
10882,longdress,static_B_2020.02.13_13.57.29.csv,810,111.1008,0.00,-29.07,0.0500,6.673757
10883,loot,driving_B_2020.02.14_09.38.22.csv,1133,24.1207,0.00,-164.07,0.0500,6.913793
10884,redandblack,driving_B_2020.01.16_09.56.56.csv,1570,146.4562,0.00,11.57,0.0500,6.613634
10885,soldier,driving_B_2020.02.13_15.02.01.csv,491,82.7940,0.00,-21.74,0.0500,7.086860
10886,longdress,driving_B_2020.02.13_13.03.24.csv,1379,132.8276,0.00,-2.77,0.0500,7.137580
10887,loot,driving_B_2020.02.13_15.02.01.csv,2411,21.4532,0.00,-438.36,0.0500,6.827865
10888,redandblack,driving_B_2020.02.13_15.02.01.csv,551,91.0082,0.00,-42.47,0.0500,6.964160
10889,soldier,static_B_2020.02.13_13.57.29.csv,630,134.7382,6.91,7.33,0.0500,6.205264
10890,longdress,driving_B_2020.02.13_15.02.01.csv,1931,139.4609,0.00,-0.71,0.0500,6.979674
10891,loot,driving_B_2020.02.14_07.29.00.csv,1786,279.3435,100.00,87.74,0.0500,6.419336
10892,redandblack,driving_B_2020.02.27_17.30.15.csv,720,-44.0465,0.00,-543.00,0.0500,6.713762
10893,soldier,driving_B_2019.12.17_07.32.39.csv,2093,201.7969,52.00,58.75,0.0500,6.674188
10894,longdress,driving_B_2020.02.13_15.02.01.csv,191,243.7257,69.53,63.61,0.0500,7.507588
10895,loot,static_B_2020.02.14_13.21.26.csv,251,205.7810,36.00,62.53,0.0500,7.115367
10896,redandblack,static_B_2019.12.16_13.40.04.csv,265,183.4425,19.04,22.29,0.0500,6.177710
10897,soldier,driving_B_2020.02.13_15.02.01.csv,2651,131.0194,0.00,-105.72,0.0500,7.021826
10898,longdress,static_B_2020.02.14_13.21.26.csv,850,225.3971,50.34,54.16,0.0500,6.956458
10899,loot,driving_B_2020.02.14_07.29.00.csv,826,135.7923,0.00,-7.27,0.0500,6.388838
10900,redandblack,driving_B_2020.02.14_09.38.22.csv,1253,158.6136,0.00,-0.23,0.0500,7.396778
10901,soldier,static_B_2020.02.27_18.39.27.csv,2842,271.2563,75.43,76.07,0.0500,7.068984
10902,longdress,static_B_2020.02.27_18.39.27.csv,2182,244.0066,61.93,64.04,0.0500,6.834079
10903,loot,static_B_2020.02.27_18.39.27.csv,2242,230.6209,61.70,59.39,0.0500,6.851404
10904,redandblack,static_B_2020.02.27_18.39.27.csv,4642,61.7762,0.00,-324.98,0.0500,6.143059
10905,soldier,driving_B_2020.02.14_12.58.17.csv,705,4.0230,0.00,-298.51,0.0500,6.823375
10906,longdress,driving_B_2019.12.16_12.27.05.csv,476,34.5890,0.00,-333.07,0.0500,6.403125
10907,loot,static_B_2019.12.16_13.40.04.csv,1825,149.4315,0.00,6.03,0.0500,7.284786
10908,redandblack,driving_B_2020.02.13_13.03.24.csv,539,31.5436,0.00,-89.87,0.0500,6.520872
10909,soldier,driving_B_2020.02.14_09.38.22.csv,293,28.9904,0.00,-163.38,0.0500,7.057673
10910,longdress,driving_B_2020.01.16_09.56.56.csv,1365,199.8775,23.32,35.79,0.0500,6.344541
10911,loot,driving_B_2020.02.13_13.03.24.csv,2159,1.0589,0.00,-356.52,0.0500,6.739153
10912,redandblack,driving_B_2019.12.17_07.32.39.csv,293,79.3039,0.00,-27.38,0.0500,7.042346
10913,soldier,static_B_2020.02.27_18.39.27.csv,5722,241.4629,55.46,57.18,0.0500,7.161123
10914,longdress,driving_B_2020.02.13_15.02.01.csv,1811,258.5955,83.32,76.57,0.0500,7.132249
10915,loot,driving_B_2020.01.16_07.26.43.csv,1141,150.3061,0.00,10.78,0.0500,6.887406
10916,redandblack,static_B_2019.12.16_13.40.04.csv,1105,78.1824,0.00,-523.16,0.0500,6.392404
10917,soldier,driving_B_2020.02.13_13.03.24.csv,1679,237.7547,57.77,57.57,0.0500,7.199324
10918,longdress,driving_B_2019.12.16_14.23.32.csv,1103,181.9282,37.62,29.63,0.0500,7.039188
10919,loot,driving_B_2019.12.16_14.23.32.csv,863,145.8822,0.15,17.13,0.0500,6.535689
10920,redandblack,driving_B_2020.02.13_13.03.24.csv,2099,-1.7336,0.00,-488.96,0.0500,7.188348
10921,soldier,driving_B_2020.01.16_07.26.43.csv,1201,98.1667,0.00,-3.56,0.0500,7.028390
10922,longdress,static_B_2020.02.27_18.39.27.csv,3262,257.5784,100.00,80.65,0.0500,6.532330
10923,loot,static_B_2020.02.27_18.39.27.csv,3142,91.2930,0.00,-370.67,0.0500,6.830717
10924,redandblack,driving_B_2020.01.16_09.56.56.csv,1125,122.0513,0.00,-42.03,0.0500,7.213785
10925,soldier,driving_B_2020.01.16_09.56.56.csv,765,85.6912,0.00,-28.81,0.0500,7.716728
10926,longdress,driving_B_2020.02.14_09.38.22.csv,1073,49.8760,0.00,-110.91,0.0500,6.508238
10927,loot,driving_B_2020.02.14_09.38.22.csv,893,205.8943,24.00,64.17,0.0500,6.964741
10928,redandblack,driving_B_2020.02.14_07.29.00.csv,1186,232.3911,75.66,57.08,0.0500,7.404507
10929,soldier,static_B_2020.02.27_18.39.27.csv,2782,254.3297,90.00,79.33,0.0500,6.379439
10930,longdress,static_B_2019.12.16_13.40.04.csv,865,152.3282,0.00,10.29,0.0500,6.990110
10931,loot,static_B_2020.02.27_18.39.27.csv,1402,277.7475,85.28,87.95,0.0500,7.008483
10932,redandblack,driving_B_2020.02.13_15.02.01.csv,2711,4.0212,0.00,-72.50,0.0500,6.998431
10933,soldier,driving_B_2020.01.16_07.26.43.csv,1381,67.7971,0.00,-81.42,0.0500,7.251511
10934,longdress,static_B_2020.02.27_18.39.27.csv,682,273.2336,100.00,84.59,0.0500,6.701204
10935,loot,driving_B_2020.01.16_07.26.43.csv,1021,95.1558,0.00,-17.81,0.0500,7.203371
10936,redandblack,static_B_2020.02.13_13.57.29.csv,2910,243.9786,73.92,65.94,0.0500,6.809902
10937,soldier,driving_B_2020.02.14_07.29.00.csv,466,49.8109,0.00,-73.83,0.0500,6.559183
10938,longdress,driving_B_2020.02.14_12.58.17.csv,765,34.0785,0.00,-259.65,0.0500,7.191906
10939,loot,driving_B_2020.02.14_09.38.22.csv,1433,79.3269,0.00,-42.74,0.0500,6.524034
10940,redandblack,static_B_2020.02.13_13.57.29.csv,2130,231.6459,55.67,54.51,0.0500,6.417773
10941,soldier,driving_B_2020.02.14_09.38.22.csv,773,25.2513,0.00,-240.08,0.0500,6.946420
10942,longdress,driving_B_2019.12.17_07.32.39.csv,1373,252.2675,72.31,71.62,0.0500,6.819292
10943,loot,driving_B_2019.12.16_14.23.32.csv,1883,14.9446,0.00,-199.39,0.0500,6.954221
10944,redandblack,driving_B_2020.02.13_13.03.24.csv,899,-2.0302,0.00,-176.24,0.0500,7.173156
10945,soldier,static_B_2019.12.16_13.40.04.csv,745,237.8614,72.00,72.22,0.0500,6.956119
10946,longdress,static_B_2020.02.13_13.57.29.csv,2190,55.5673,0.00,-62.97,0.0500,6.668966
10947,loot,driving_B_2019.12.17_07.32.39.csv,953,38.9681,0.00,-43.00,0.0500,7.285268
10948,redandblack,static_B_2019.12.16_13.40.04.csv,685,264.5661,86.00,83.04,0.0500,6.335011
10949,soldier,driving_B_2020.02.14_07.29.00.csv,406,41.1131,0.00,-142.42,0.0500,7.200311
10950,longdress,static_B_2020.02.27_18.39.27.csv,2062,231.3497,34.47,49.86,0.0500,6.812849
10951,loot,driving_B_2020.01.16_12.10.03.csv,10,233.4159,63.08,68.00,0.0500,7.245571
10952,redandblack,static_B_2020.02.27_18.39.27.csv,5062,279.4628,100.00,89.44,0.0500,6.870600
10953,soldier,driving_B_2020.02.14_12.58.17.csv,645,111.1824,0.00,-22.16,0.0500,6.562271
10954,longdress,driving_B_2019.12.17_07.32.39.csv,773,52.8002,0.00,-77.09,0.0500,7.351410
10955,loot,driving_B_2020.02.13_13.03.24.csv,1619,100.0549,0.00,-196.56,0.0500,5.973969
10956,redandblack,static_B_2020.02.27_18.39.27.csv,262,282.2217,100.00,87.96,0.0500,6.255804
10957,soldier,static_B_2020.02.27_18.39.27.csv,5542,182.1762,30.00,50.41,0.0500,6.531517
10958,longdress,static_B_2020.02.14_13.21.26.csv,850,225.3159,51.54,50.86,0.0500,6.548538
10959,loot,static_B_2019.12.16_13.40.04.csv,805,272.9460,100.00,82.82,0.0500,6.598404
10960,redandblack,driving_B_2019.12.17_07.32.39.csv,1013,72.0644,0.00,-43.03,0.0500,6.492052
10961,soldier,static_B_2020.02.27_18.39.27.csv,2602,260.7778,66.94,68.23,0.0500,7.054659
10962,longdress,driving_B_2019.12.16_14.23.32.csv,2616,123.3821,0.00,-1.63,0.0500,6.868884
10963,loot,static_B_2020.02.13_13.57.29.csv,2670,267.1023,74.91,78.94,0.0500,6.790320
10964,redandblack,static_B_2020.02.27_18.39.27.csv,4522,205.9261,42.05,44.97,0.0500,6.635158
10965,soldier,driving_B_2020.02.13_15.02.01.csv,1991,240.0277,50.05,54.12,0.0500,7.032603
10966,longdress,driving_B_2020.02.14_07.29.00.csv,1846,32.1096,0.00,-329.60,0.0500,6.751548
10967,loot,static_B_2020.02.27_18.39.27.csv,322,282.6755,100.00,90.36,0.0500,6.292968
10968,redandblack,static_B_2020.02.13_13.57.29.csv,1950,222.1411,64.30,58.56,0.0500,6.887941
10969,soldier,driving_B_2020.02.14_07.29.00.csv,706,43.3122,0.00,-76.30,0.0500,6.160588
10970,longdress,driving_B_2020.02.14_12.58.17.csv,465,35.9983,0.00,-257.40,0.0500,7.333654
10971,loot,driving_B_2019.12.16_14.23.32.csv,1403,256.6133,82.63,75.93,0.0500,7.190582
10972,redandblack,driving_B_2020.02.13_13.03.24.csv,119,16.3809,0.00,-94.13,0.0500,7.311711
10973,soldier,driving_B_2020.01.16_09.56.56.csv,1485,184.9990,23.37,29.84,0.0500,6.855976
10974,longdress,static_B_2020.02.27_18.39.27.csv,4102,247.3603,100.00,74.77,0.0500,6.986522
10975,loot,driving_B_2020.02.14_12.58.17.csv,405,-21.6114,0.00,-183.96,0.0500,7.017765
10976,redandblack,driving_B_2020.02.14_07.29.00.csv,946,103.1030,0.00,-31.90,0.0500,6.927012
10977,soldier,driving_B_2020.02.13_13.03.24.csv,959,5.8353,0.00,-203.60,0.0500,6.775023
10978,longdress,driving_B_2020.02.27_17.30.15.csv,717,-14.9435,0.00,-570.20,0.0500,6.707407
10979,loot,driving_B_2019.12.16_12.27.05.csv,776,136.2936,4.92,10.22,0.0500,7.099303
10980,redandblack,driving_B_2020.02.13_15.02.01.csv,311,280.5785,100.00,89.47,0.0500,6.768765
10981,soldier,driving_B_2020.01.16_09.56.56.csv,705,266.9752,75.01,73.16,0.0500,6.980620
10982,longdress,driving_B_2019.12.17_07.32.39.csv,53,21.3532,0.00,-96.36,0.0500,7.080742
10983,loot,driving_B_2020.02.13_15.02.01.csv,1211,201.6075,32.51,39.02,0.0500,6.996619
10984,redandblack,driving_B_2020.02.14_09.38.22.csv,1478,68.8634,0.00,-65.25,0.0500,6.709818
10985,soldier,driving_B_2019.12.16_11.49.59.csv,277,-6.4491,0.00,-191.54,0.0500,6.184687
10986,longdress,driving_B_2020.02.13_15.02.01.csv,1151,130.4050,0.00,7.38,0.0500,6.914524
10987,loot,driving_B_2019.12.16_12.27.05.csv,716,266.0364,92.00,83.81,0.0500,6.419875
10988,redandblack,driving_B_2019.12.16_14.23.32.csv,2003,264.2074,84.00,82.92,0.0500,6.593584
10989,soldier,static_B_2020.02.27_18.39.27.csv,1342,285.4748,100.00,90.77,0.0500,6.545164
10990,longdress,driving_B_2020.02.13_15.02.01.csv,1451,7.2758,0.00,-248.89,0.0500,7.210902
10991,loot,driving_B_2020.02.13_15.02.01.csv,2531,166.1232,0.00,-5.23,0.0500,6.045043
10992,redandblack,static_B_2020.02.13_13.57.29.csv,2010,270.9852,84.51,84.97,0.0500,6.477699
10993,soldier,static_B_2020.02.13_13.57.29.csv,450,80.7725,10.75,-14.72,0.0500,6.872382
10994,longdress,driving_B_2020.02.13_13.03.24.csv,779,0.0168,0.00,-123.48,0.0500,7.217618
10995,loot,driving_B_2019.12.16_14.23.32.csv,2543,112.0321,0.00,-39.52,0.0500,7.439253
10996,redandblack,driving_B_2020.01.16_07.26.43.csv,661,18.7306,0.00,-114.75,0.0500,7.124116
10997,soldier,driving_B_2019.12.16_12.27.05.csv,356,38.6514,0.00,-352.92,0.0500,6.873557
10998,longdress,static_B_2020.02.13_13.57.29.csv,2370,90.0126,0.00,-25.87,0.0500,6.577911
10999,loot,driving_B_2020.01.16_09.56.56.csv,165,246.4236,81.30,72.30,0.0500,6.602787
11000,redandblack,driving_B_2020.02.13_13.03.24.csv,1199,-14.0426,0.00,-179.80,0.0500,6.756336
11001,soldier,static_B_2020.02.27_18.39.27.csv,4282,264.2482,100.00,73.04,0.0500,7.048030
11002,longdress,driving_B_2020.02.14_07.29.00.csv,1366,219.9873,73.57,56.76,0.0500,6.733351
11003,loot,driving_B_2019.12.16_14.23.32.csv,623,209.4921,59.38,49.58,0.0500,6.865298
11004,redandblack,driving_B_2020.02.13_13.03.24.csv,1739,214.9639,51.72,49.90,0.0500,6.647863
11005,soldier,static_B_2019.12.16_13.40.04.csv,385,209.3931,24.40,40.59,0.0500,6.753740
11006,longdress,driving_B_2019.12.16_12.27.05.csv,956,185.7626,18.78,26.79,0.0500,6.727314
11007,loot,driving_B_2020.02.14_07.29.00.csv,526,75.4537,0.00,-38.79,0.0500,6.727250
11008,redandblack,driving_B_2019.12.17_07.32.39.csv,1793,-16.2013,0.00,-222.45,0.0500,6.634040
11009,soldier,static_B_2020.02.13_13.57.29.csv,750,57.7900,20.05,-17.66,0.0500,7.182703
11010,longdress,driving_B_2020.02.14_09.38.22.csv,1193,65.0617,0.00,-151.40,0.0500,7.101119
11011,loot,driving_B_2020.01.16_09.56.56.csv,345,149.0494,0.00,-46.97,0.0500,6.641173
11012,redandblack,driving_B_2020.01.16_09.56.56.csv,1425,258.5964,100.00,76.08,0.0500,6.559887
11013,soldier,driving_B_2019.12.16_12.27.05.csv,1152,42.7029,8.01,-21.49,0.0500,6.428437
11014,longdress,driving_B_2019.12.16_14.23.32.csv,1763,-17.7568,0.00,-412.82,0.0500,6.769218
11015,loot,driving_B_2019.12.16_12.27.05.csv,296,63.7854,0.00,-115.95,0.0500,7.056132
11016,redandblack,driving_B_2020.02.14_07.29.00.csv,1426,200.9470,53.09,43.55,0.0500,6.893277
11017,soldier,driving_B_2020.02.14_07.29.00.csv,1126,62.8282,0.00,-122.60,0.0500,7.654415
11018,longdress,driving_B_2020.02.13_13.03.24.csv,1019,15.7110,0.00,-197.41,0.0500,6.925884
11019,loot,driving_B_2020.01.16_09.56.56.csv,1570,131.9673,2.29,12.02,0.0500,7.101506
11020,redandblack,driving_B_2019.12.16_11.49.59.csv,2,9.7606,0.00,-78.78,0.0500,6.635930
11021,soldier,static_B_2020.02.13_13.57.29.csv,2550,227.3214,82.79,62.90,0.0500,7.161811
11022,longdress,driving_B_2020.02.27_17.30.15.csv,357,-18.4213,0.00,-740.01,0.0500,6.575710
11023,loot,static_B_2019.12.16_13.40.04.csv,1225,201.4314,68.98,49.47,0.0500,7.371266
11024,redandblack,static_B_2020.02.27_18.39.27.csv,2302,206.9373,45.97,46.02,0.0500,7.072269
11025,soldier,static_B_2019.12.16_13.40.04.csv,1285,180.2824,20.63,33.92,0.0500,6.765846
11026,longdress,static_B_2020.02.13_13.57.29.csv,1050,52.2539,0.00,-35.84,0.0500,7.198950
11027,loot,driving_B_2020.01.16_09.56.56.csv,1185,258.7549,100.00,75.62,0.0500,6.384527
11028,redandblack,driving_B_2020.01.16_07.26.43.csv,61,62.1047,0.00,-20.00,0.0500,6.871894
11029,soldier,driving_B_2019.12.17_07.32.39.csv,1733,-23.0990,0.00,-233.51,0.0500,6.883968
11030,longdress,driving_B_2020.02.14_07.29.00.csv,346,262.5763,100.00,80.08,0.0500,6.360893
11031,loot,driving_B_2019.12.17_07.32.39.csv,473,187.2718,45.54,25.44,0.0500,6.768369
11032,redandblack,static_B_2020.02.27_18.39.27.csv,922,285.8473,100.00,91.12,0.0500,6.298581
11033,soldier,static_B_2020.02.27_18.39.27.csv,4582,112.6020,0.00,-14.59,0.0500,6.581829
11034,longdress,driving_B_2020.01.16_09.56.56.csv,1545,256.9056,68.91,72.78,0.0500,6.725462
11035,loot,driving_B_2019.12.17_07.32.39.csv,1193,78.9208,0.00,-20.68,0.0500,7.007553
11036,redandblack,driving_B_2020.02.13_13.03.24.csv,2188,-25.3384,0.00,-166.82,0.0500,6.275827
11037,soldier,static_B_2019.12.16_13.40.04.csv,205,174.2767,3.05,16.39,0.0500,6.658843
11038,longdress,driving_B_2020.02.14_12.58.17.csv,45,84.0150,0.00,-250.92,0.0500,7.026145
11039,loot,static_B_2020.02.27_18.39.27.csv,2662,196.8131,61.83,32.62,0.0500,6.983276
11040,redandblack,driving_B_2019.12.16_12.27.05.csv,56,61.4804,0.00,-46.87,0.0500,6.729083
11041,soldier,static_B_2019.12.16_13.40.04.csv,1045,123.5049,0.00,-17.62,0.0500,7.457136
11042,longdress,driving_B_2020.02.13_13.03.24.csv,1079,5.0886,0.00,-245.12,0.0500,7.446780
11043,loot,driving_B_2019.12.17_07.32.39.csv,653,39.0107,0.00,-49.03,0.0500,6.609074
11044,redandblack,driving_B_2019.12.16_14.23.32.csv,23,266.6872,100.00,83.07,0.0500,6.180854
11045,soldier,static_B_2020.02.27_18.39.27.csv,1282,114.5450,17.10,7.55,0.0500,6.457239
11046,longdress,static_B_2020.02.13_13.57.29.csv,390,80.9920,0.00,-30.80,0.0500,7.351062
11047,loot,static_B_2020.02.27_18.39.27.csv,4762,227.5676,56.00,69.32,0.0500,6.894958
11048,redandblack,driving_B_2020.02.14_09.38.22.csv,1313,239.5904,96.00,70.91,0.0500,6.688065
11049,soldier,driving_B_2020.02.14_07.29.00.csv,1066,199.7533,0.00,-103.31,0.0500,6.665348
11050,longdress,driving_B_2020.02.13_13.03.24.csv,2039,9.9300,0.00,-265.57,0.0500,6.575171
11051,loot,static_B_2020.02.27_18.39.27.csv,3982,150.6333,0.00,41.02,0.0500,6.971790
11052,redandblack,static_B_2019.12.16_13.40.04.csv,445,179.9692,36.75,30.46,0.0500,7.200978
11053,soldier,static_B_2020.02.13_13.57.29.csv,1650,171.2867,29.95,22.52,0.0500,7.364519
11054,longdress,driving_B_2019.12.16_12.27.05.csv,116,46.4575,0.00,-107.02,0.0500,6.311942
11055,loot,static_B_2020.02.13_13.57.29.csv,1890,120.5738,0.00,31.16,0.0500,6.936317
11056,redandblack,driving_B_2020.01.16_09.56.56.csv,1245,177.3479,19.50,18.63,0.0500,6.962194
11057,soldier,driving_B_2019.12.16_12.27.05.csv,1152,110.6424,0.00,-30.53,0.0500,7.288180
11058,longdress,driving_B_2019.12.16_12.27.05.csv,836,138.7813,0.00,7.98,0.0500,6.382694
11059,loot,static_B_2020.02.27_18.39.27.csv,5662,271.8788,83.89,85.52,0.0500,6.732372
11060,redandblack,static_B_2020.02.27_18.39.27.csv,622,267.6214,100.00,84.21,0.0500,6.648661
11061,soldier,driving_B_2020.02.13_15.02.01.csv,1031,157.8810,0.00,44.35,0.0500,6.199075
11062,longdress,static_B_2020.02.27_18.39.27.csv,502,191.6685,24.46,35.88,0.0500,6.798419
11063,loot,static_B_2020.02.27_18.39.27.csv,3022,154.3020,0.00,14.01,0.0500,6.911470
11064,redandblack,driving_B_2020.02.13_15.02.01.csv,851,185.5658,0.00,5.66,0.0500,7.064443
11065,soldier,static_B_2020.02.14_13.21.26.csv,551,187.2787,12.00,54.19,0.0500,6.932311
11066,longdress,static_B_2020.02.13_13.57.29.csv,30,228.6878,31.67,44.73,0.0500,6.298138
11067,loot,driving_B_2020.02.13_15.02.01.csv,1631,67.5829,0.00,-138.13,0.0500,6.357348
11068,redandblack,driving_B_2020.01.16_07.26.43.csv,121,24.4917,0.00,-148.65,0.0500,6.951494
11069,soldier,static_B_2020.02.13_13.57.29.csv,1470,170.5843,8.47,20.84,0.0500,6.753786
11070,longdress,driving_B_2020.01.16_09.56.56.csv,465,213.5320,41.53,36.30,0.0500,6.881050
11071,loot,static_B_2020.02.14_13.21.26.csv,791,275.6666,80.00,87.96,0.0500,7.214663
11072,redandblack,static_B_2020.02.14_13.21.26.csv,371,274.4023,88.00,87.24,0.0500,7.269081
11073,soldier,static_B_2020.02.13_13.57.29.csv,2070,206.2177,28.00,63.01,0.0500,6.648522
11074,longdress,driving_B_2020.02.14_07.29.00.csv,586,68.2616,0.00,-80.12,0.0500,6.003009
11075,loot,driving_B_2020.02.13_15.02.01.csv,431,184.4296,2.00,56.07,0.0500,6.374786
11076,redandblack,static_B_2020.02.27_18.39.27.csv,3442,284.5857,100.00,91.19,0.0500,6.858796
11077,soldier,static_B_2020.02.14_13.21.26.csv,191,250.3001,79.25,70.67,0.0500,6.709787
11078,longdress,static_B_2019.12.16_13.40.04.csv,1645,177.7329,0.00,28.56,0.0500,6.805448
11079,loot,driving_B_2020.01.16_07.26.43.csv,1501,74.6873,0.00,-64.34,0.0500,6.496049
11080,redandblack,static_B_2020.02.27_18.39.27.csv,982,268.3233,78.42,70.27,0.0500,7.201836
11081,soldier,static_B_2020.02.14_13.21.26.csv,671,260.2720,100.00,79.74,0.0500,7.081742
11082,longdress,driving_B_2020.02.13_13.03.24.csv,1919,-98.1206,0.00,-444.51,0.0500,6.338951
11083,loot,driving_B_2019.12.16_14.23.32.csv,443,218.2753,78.67,60.74,0.0500,6.817255
11084,redandblack,driving_B_2020.02.13_13.03.24.csv,1559,-7.6365,0.00,-309.58,0.0500,6.956763
11085,soldier,static_B_2020.02.27_18.39.27.csv,862,193.2239,37.95,34.81,0.0500,7.100046
11086,longdress,driving_B_2020.02.13_13.03.24.csv,719,85.2737,0.00,-76.68,0.0500,6.729610
11087,loot,static_B_2020.02.13_13.57.29.csv,930,105.0088,0.00,-48.98,0.0500,6.183079
11088,redandblack,driving_B_2020.02.13_13.03.24.csv,299,112.4490,0.00,-30.77,0.0500,7.151060
11089,soldier,driving_B_2020.02.27_17.30.15.csv,57,-13.9996,0.00,-294.44,0.0500,7.195913
11090,longdress,static_B_2020.02.27_18.39.27.csv,2482,247.9745,72.88,64.52,0.0500,6.678726
11091,loot,driving_B_2019.12.16_14.23.32.csv,2423,142.3047,0.00,8.87,0.0500,6.504286
11092,redandblack,static_B_2020.02.13_13.57.29.csv,2945,243.7004,79.40,65.61,0.0500,6.698879
11093,soldier,driving_B_2019.12.17_07.32.39.csv,1433,113.8339,0.00,-84.10,0.0500,7.006165
11094,longdress,driving_B_2020.02.13_13.03.24.csv,1319,61.3070,0.00,-100.96,0.0500,6.866237
11095,loot,driving_B_2019.12.16_12.27.05.csv,656,123.7297,0.00,-124.65,0.0500,6.555473
11096,redandblack,static_B_2020.02.27_18.39.27.csv,802,254.9048,82.22,71.70,0.0500,7.053716
11097,soldier,driving_B_2020.02.14_09.38.22.csv,413,97.7369,0.00,-48.55,0.0500,6.601711
11098,longdress,driving_B_2020.02.13_13.03.24.csv,599,34.5072,0.00,-117.16,0.0500,6.471489
11099,loot,driving_B_2020.02.14_09.38.22.csv,1478,81.4052,0.00,-60.77,0.0500,6.947585
11100,redandblack,static_B_2019.12.16_13.40.04.csv,1525,277.9771,85.89,83.16,0.0500,6.397014
11101,soldier,driving_B_2020.02.13_15.02.01.csv,1751,218.4214,28.04,35.26,0.0500,6.731436
11102,longdress,static_B_2020.02.27_18.39.27.csv,3322,281.7533,100.00,89.27,0.0500,6.269285
11103,loot,driving_B_2019.12.16_14.23.32.csv,1163,152.6812,0.52,16.84,0.0500,6.846044
11104,redandblack,driving_B_2020.01.16_07.26.43.csv,841,107.2847,0.00,-11.55,0.0500,7.366792
11105,soldier,driving_B_2020.01.16_07.26.43.csv,721,98.7827,0.00,-49.98,0.0500,6.654582
11106,longdress,static_B_2019.12.16_13.40.04.csv,1405,213.6652,60.87,42.90,0.0500,7.199038
11107,loot,static_B_2019.12.16_13.40.04.csv,1904,97.3794,0.00,1.29,0.0500,7.036954
11108,redandblack,static_B_2020.02.27_18.39.27.csv,5362,252.3273,82.00,77.68,0.0500,6.713558
11109,soldier,driving_B_2019.12.16_14.23.32.csv,1283,220.8372,39.39,49.93,0.0500,6.937732
11110,longdress,driving_B_2019.12.16_12.27.05.csv,536,-29.9984,0.00,-432.67,0.0500,7.659048
11111,loot,static_B_2020.02.27_18.39.27.csv,4342,217.7472,80.13,52.04,0.0500,7.061336
11112,redandblack,static_B_2020.02.27_18.39.27.csv,3562,96.7835,0.00,-34.72,0.0500,7.472154
11113,soldier,driving_B_2020.02.14_07.29.00.csv,1006,6.5940,0.00,-151.99,0.0500,6.761711
11114,longdress,driving_B_2020.01.16_07.26.43.csv,541,60.4064,0.00,-51.87,0.0500,6.623327
11115,loot,driving_B_2020.02.27_17.30.15.csv,417,-21.1803,0.00,-579.88,0.0500,6.814521
11116,redandblack,static_B_2019.12.16_13.40.04.csv,1345,175.1032,37.39,29.87,0.0500,7.374534
11117,soldier,driving_B_2020.02.13_13.03.24.csv,2188,-82.3194,0.00,-669.30,0.0500,7.067824
11118,longdress,static_B_2019.12.16_13.40.04.csv,1585,284.9002,100.00,89.43,0.0500,7.034692
11119,loot,driving_B_2020.02.13_15.02.01.csv,2171,188.7684,34.00,53.91,0.0500,6.736411
11120,redandblack,driving_B_2020.02.27_17.30.15.csv,237,-102.5977,0.00,-415.05,0.0500,7.086014
