# C:\Users\Nima\AppData\Local\Programs\Python\Python313\python.exe -u C:\Users\Nima\PointCloudStreaming\scripts\train_dqn.py --out C:\Users\Nima\PointCloudStreaming\logs/train_runs/qoe_v2_wide\sweep\confirm\trial_017_s44\abr_dqn.pkl --run-dir C:\Users\Nima\PointCloudStreaming\logs/train_runs/qoe_v2_wide\sweep\confirm\trial_017_s44 --batch-size 64 --coverage-stride 60 --early-stop-patience 3 --epochs 8 --eps-decay-frac 0.7 --eval-every 400 --eval-offsets 3 --eval-seeds 42,43,44 --eval-sequences longdress,loot,redandblack,soldier --gamma 1.0 --hidden 128 --lam 1.0 --lr 0.0003 --mu 4.3 --protocol configs/experiment_protocol.json --reward-spec {"rebuffer_weight": 2.0, "startup_weight": 1.0, "drop_weight": null} --seed 44 --segment-frames 15 --select-by qoe_quality --target-update 1500 --torch-threads 2 --lstm C:\Users\Nima\PointCloudStreaming\models/bandwidth_lstm_s15.pkl
==========================================================================================
🤖 DQN ABR training
   sequences: ['longdress', 'loot', 'redandblack', 'soldier'] | validation sequences: ['longdress', 'loot', 'redandblack', 'soldier']
   protocol: 4071599372abeb61 | train files: 13 | validation files: 4 | registered test files: 4 (NOT evaluated) | frames/episode: 300
   coverage stride: 60 samples -> 417 episodes/epoch x 8 epochs = 3336 episodes (~66720 env steps)
   segment: 15 frames/request (20 decisions/episode) | validation offsets/trace: 3 | validation seeds: [42, 43, 44]
   state_dim: 23 | actions: 6 | feature_spec: ['lstm_pred', 'buffer', 'last_rep_onehot', 'tput_last', 'tput_mean', 'tput_std', 'rep_bitrates', 'rep_densities']
   PyTorch CPU threads/trial: 2
   LSTM: models\bandwidth_lstm_s15.pkl
   reward = QoE: (100/N)*sum(q[fixed_log_bitrate]) - 4.3*stall_duration - 2.0*rebuffer_events - 1.0*sum|delta_segment_q| - (100/N)*dropped_frames - 1.0*startup_delay  (gamma=1.0, lr=0.0003, no learner-side scaling)
   select-by: qoe_quality | out: C:\Users\Nima\PointCloudStreaming\logs/train_runs/qoe_v2_wide\sweep\confirm\trial_017_s44\abr_dqn.pkl | run-dir: C:\Users\Nima\PointCloudStreaming\logs/train_runs/qoe_v2_wide\sweep\confirm\trial_017_s44
==========================================================================================
[validation @ ep 0] untrained: reward=QoE=-5099.90
[ep    1] longdress    static_B_2020.02.27_18.39.27.csv@5178  reward=QoE=   18.34 eps=1.000 loss=0.0000
[ep    2] loot         driving_B_2019.12.17_07.32.39.csv@1166  reward=QoE=   17.85 eps=0.999 loss=0.0000
[ep    3] redandblack  driving_B_2019.12.17_07.32.39.csv@2246  reward=QoE=   38.18 eps=0.999 loss=0.0000
[ep    4] soldier      static_B_2020.02.27_18.39.27.csv@4518  reward=QoE=   13.28 eps=0.998 loss=1.8262
[ep    5] longdress    driving_B_2020.01.16_07.26.43.csv@211   reward=QoE= -113.86 eps=0.998 loss=2.1931
[ep    6] loot         driving_B_2020.02.14_09.38.22.csv@421   reward=QoE=  -37.33 eps=0.998 loss=2.3244
[ep    7] redandblack  driving_B_2020.01.16_09.56.56.csv@1570  reward=QoE=   29.53 eps=0.997 loss=2.2821
[ep    8] soldier      driving_B_2020.02.13_15.02.01.csv@81    reward=QoE=   23.89 eps=0.997 loss=1.9688
[ep    9] longdress    static_B_2019.12.16_13.40.04.csv@240   reward=QoE=   46.67 eps=0.996 loss=1.9118
[ep   10] loot         driving_B_2020.01.16_07.26.43.csv@31    reward=QoE=    1.58 eps=0.996 loss=1.7535
[ep   11] redandblack  static_B_2020.02.27_18.39.27.csv@1818  reward=QoE=  -50.11 eps=0.996 loss=1.8706
[ep   12] soldier      driving_B_2019.12.17_07.32.39.csv@2066  reward=QoE=   31.61 eps=0.995 loss=2.1685
[ep   13] longdress    static_B_2020.02.27_18.39.27.csv@318   reward=QoE=   34.34 eps=0.995 loss=1.9564
[ep   14] loot         static_B_2020.02.27_18.39.27.csv@3558  reward=QoE=   10.94 eps=0.994 loss=1.7549
[ep   15] redandblack  driving_B_2020.02.13_13.03.24.csv@1879  reward=QoE= -555.57 eps=0.994 loss=2.6532
[ep   16] soldier      static_B_2020.02.27_18.39.27.csv@378   reward=QoE=   51.42 eps=0.994 loss=3.7924
[ep   17] longdress    driving_B_2020.02.13_15.02.01.csv@741   reward=QoE=  -11.85 eps=0.993 loss=3.0732
[ep   18] loot         static_B_2020.02.27_18.39.27.csv@2538  reward=QoE=   22.10 eps=0.993 loss=2.5371
[ep   19] redandblack  static_B_2020.02.14_13.21.26.csv@367   reward=QoE=   24.45 eps=0.992 loss=3.6252
[ep   20] soldier      driving_B_2020.02.27_17.30.15.csv@150   reward=QoE= -771.61 eps=0.992 loss=3.8071
[ep   21] longdress    driving_B_2019.12.17_07.32.39.csv@2288  reward=QoE=   27.91 eps=0.991 loss=5.1644
[ep   22] loot         driving_B_2020.02.13_13.03.24.csv@1519  reward=QoE=  -32.81 eps=0.991 loss=3.9272
[ep   23] redandblack  static_B_2020.02.27_18.39.27.csv@2838  reward=QoE=   33.38 eps=0.991 loss=4.1696
[ep   24] soldier      driving_B_2020.02.13_15.02.01.csv@261   reward=QoE=   21.99 eps=0.990 loss=4.7568
[ep   25] longdress    driving_B_2020.01.16_07.26.43.csv@1171  reward=QoE=  -58.36 eps=0.990 loss=3.7716
[ep   26] loot         driving_B_2020.02.27_17.30.15.csv@720   reward=QoE= -245.50 eps=0.989 loss=3.6865
[ep   27] redandblack  driving_B_2020.02.13_13.03.24.csv@1099  reward=QoE= -136.86 eps=0.989 loss=4.4882
[ep   28] soldier      driving_B_2020.01.16_09.56.56.csv@76    reward=QoE= -154.05 eps=0.989 loss=4.8098
[ep   29] longdress    static_B_2020.02.14_13.21.26.csv@667   reward=QoE=   28.12 eps=0.988 loss=5.0453
[ep   30] loot         driving_B_2020.01.16_07.26.43.csv@871   reward=QoE=  -62.37 eps=0.988 loss=3.6892
[ep   31] redandblack  driving_B_2019.12.16_12.27.05.csv@377   reward=QoE= -333.64 eps=0.987 loss=4.7371
[ep   32] soldier      static_B_2019.12.16_13.40.04.csv@480   reward=QoE=  -44.99 eps=0.987 loss=4.5209
[ep   33] longdress    driving_B_2020.01.16_09.56.56.csv@136   reward=QoE=  -71.09 eps=0.987 loss=6.0866
[ep   34] loot         static_B_2020.02.27_18.39.27.csv@4038  reward=QoE=   41.03 eps=0.986 loss=4.8811
[ep   35] redandblack  static_B_2020.02.27_18.39.27.csv@2238  reward=QoE=   58.33 eps=0.986 loss=4.5652
[ep   36] soldier      static_B_2020.02.27_18.39.27.csv@3918  reward=QoE=   38.76 eps=0.985 loss=5.4487
[ep   37] longdress    driving_B_2019.12.16_12.27.05.csv@437   reward=QoE= -362.64 eps=0.985 loss=4.2234
[ep   38] loot         driving_B_2020.01.16_07.26.43.csv@571   reward=QoE=  -13.47 eps=0.985 loss=4.5720
[ep   39] redandblack  static_B_2020.02.27_18.39.27.csv@5058  reward=QoE=   39.00 eps=0.984 loss=4.7141
[ep   40] soldier      static_B_2019.12.16_13.40.04.csv@60    reward=QoE=   28.59 eps=0.984 loss=4.3427
[ep   41] longdress    driving_B_2020.02.13_13.03.24.csv@1579  reward=QoE= -371.30 eps=0.983 loss=4.3713
[ep   42] loot         static_B_2020.02.14_13.21.26.csv@307   reward=QoE=   15.47 eps=0.983 loss=4.6290
[ep   43] redandblack  static_B_2019.12.16_13.40.04.csv@1904  reward=QoE=   -5.43 eps=0.983 loss=5.0533
[ep   44] soldier      static_B_2020.02.27_18.39.27.csv@4938  reward=QoE=   22.21 eps=0.982 loss=4.8874
[ep   45] longdress    static_B_2020.02.27_18.39.27.csv@3018  reward=QoE=  -24.71 eps=0.982 loss=5.0318
[ep   46] loot         driving_B_2019.12.17_07.32.39.csv@1226  reward=QoE=   24.74 eps=0.981 loss=4.8806
[ep   47] redandblack  driving_B_2020.02.13_15.02.01.csv@1341  reward=QoE= -167.79 eps=0.981 loss=5.1339
[ep   48] soldier      static_B_2019.12.16_13.40.04.csv@1440  reward=QoE=   33.88 eps=0.980 loss=4.1931
[ep   49] longdress    driving_B_2020.02.14_09.38.22.csv@961   reward=QoE=   25.88 eps=0.980 loss=4.3800
[ep   50] loot         static_B_2019.12.16_13.40.04.csv@1320  reward=QoE=   36.37 eps=0.980 loss=4.6500
[ep   51] redandblack  driving_B_2019.12.17_07.32.39.csv@1826  reward=QoE= -137.20 eps=0.979 loss=5.0880
[ep   52] soldier      driving_B_2020.02.13_15.02.01.csv@2481  reward=QoE= -194.97 eps=0.979 loss=3.9956
[ep   53] longdress    driving_B_2020.02.13_15.02.01.csv@2301  reward=QoE= -604.62 eps=0.978 loss=4.8767
[ep   54] loot         static_B_2020.02.27_18.39.27.csv@2058  reward=QoE=   31.50 eps=0.978 loss=4.6367
[ep   55] redandblack  static_B_2019.12.16_13.40.04.csv@780   reward=QoE=   43.59 eps=0.978 loss=6.0608
[ep   56] soldier      driving_B_2019.12.17_07.32.39.csv@446   reward=QoE=   37.91 eps=0.977 loss=5.4664
[ep   57] longdress    driving_B_2020.01.16_09.56.56.csv@1096  reward=QoE=  -57.59 eps=0.977 loss=5.5800
[ep   58] loot         driving_B_2020.02.13_15.02.01.csv@981   reward=QoE=  -50.72 eps=0.976 loss=4.5955
[ep   59] redandblack  driving_B_2020.02.13_13.03.24.csv@1759  reward=QoE=   29.39 eps=0.976 loss=5.3076
[ep   60] soldier      static_B_2020.02.27_18.39.27.csv@5238  reward=QoE=   30.87 eps=0.976 loss=4.2077
[ep   61] longdress    static_B_2020.02.27_18.39.27.csv@1878  reward=QoE=   38.61 eps=0.975 loss=5.4564
[ep   62] loot         static_B_2020.02.27_18.39.27.csv@1698  reward=QoE=   15.43 eps=0.975 loss=4.6743
[ep   63] redandblack  driving_B_2020.02.27_17.30.15.csv@720   reward=QoE= -372.84 eps=0.974 loss=4.9774
[ep   64] soldier      static_B_2020.02.27_18.39.27.csv@1578  reward=QoE=   36.73 eps=0.974 loss=5.0543
[ep   65] longdress    driving_B_2020.02.13_15.02.01.csv@501   reward=QoE=  -62.51 eps=0.974 loss=4.6698
[ep   66] loot         driving_B_2020.01.16_07.26.43.csv@1770  reward=QoE=  -72.71 eps=0.973 loss=4.0416
[ep   67] redandblack  driving_B_2019.12.17_07.32.39.csv@146   reward=QoE=   -7.74 eps=0.973 loss=4.9729
[ep   68] soldier      static_B_2020.02.27_18.39.27.csv@4758  reward=QoE=   11.39 eps=0.972 loss=4.3336
[ep   69] longdress    driving_B_2019.12.16_12.27.05.csv@1152  reward=QoE=  -10.70 eps=0.972 loss=3.9336
[ep   70] loot         static_B_2020.02.14_13.21.26.csv@187   reward=QoE=   38.92 eps=0.972 loss=4.3930
[ep   71] redandblack  driving_B_2020.01.16_12.10.03.csv@65    reward=QoE=   37.77 eps=0.971 loss=4.1992
[ep   72] soldier      driving_B_2020.02.14_09.38.22.csv@781   reward=QoE= -223.40 eps=0.971 loss=3.8128
[ep   73] longdress    driving_B_2020.02.13_15.02.01.csv@1161  reward=QoE=   36.13 eps=0.970 loss=3.7727
[ep   74] loot         driving_B_2020.02.13_15.02.01.csv@561   reward=QoE=   -0.10 eps=0.970 loss=4.0572
[ep   75] redandblack  driving_B_2020.02.14_12.58.17.csv@484   reward=QoE= -254.87 eps=0.970 loss=4.0409
[ep   76] soldier      static_B_2020.02.27_18.39.27.csv@1398  reward=QoE=   39.26 eps=0.969 loss=4.4098
[ep   77] longdress    driving_B_2020.02.14_09.38.22.csv@1478  reward=QoE=  -60.02 eps=0.969 loss=4.1904
[ep   78] loot         driving_B_2020.01.16_07.26.43.csv@151   reward=QoE= -221.65 eps=0.968 loss=4.2947
[ep   79] redandblack  driving_B_2020.02.14_09.38.22.csv@541   reward=QoE=   25.83 eps=0.968 loss=4.2595
[ep   80] soldier      driving_B_2020.01.16_07.26.43.csv@1291  reward=QoE=   27.94 eps=0.967 loss=4.5819
[ep   81] longdress    driving_B_2020.02.13_15.02.01.csv@2661  reward=QoE= -170.47 eps=0.967 loss=5.2573
[ep   82] loot         driving_B_2020.01.16_07.26.43.csv@1471  reward=QoE=  -38.24 eps=0.967 loss=4.4534
[ep   83] redandblack  driving_B_2020.02.13_13.03.24.csv@259   reward=QoE=  -73.72 eps=0.966 loss=4.8495
[ep   84] soldier      driving_B_2020.02.14_09.38.22.csv@1381  reward=QoE= -134.31 eps=0.966 loss=3.9436
[ep   85] longdress    driving_B_2020.02.14_09.38.22.csv@721   reward=QoE=   53.69 eps=0.965 loss=4.8645
[ep   86] loot         static_B_2020.02.27_18.39.27.csv@1998  reward=QoE=   51.39 eps=0.965 loss=4.5110
[ep   87] redandblack  static_B_2020.02.27_18.39.27.csv@5538  reward=QoE=   57.98 eps=0.965 loss=3.3606
[ep   88] soldier      driving_B_2019.12.17_07.32.39.csv@1586  reward=QoE=  -20.09 eps=0.964 loss=4.0991
[ep   89] longdress    driving_B_2020.02.13_15.02.01.csv@1401  reward=QoE= -115.32 eps=0.964 loss=4.0349
[ep   90] loot         static_B_2020.02.14_13.21.26.csv@427   reward=QoE=   38.03 eps=0.963 loss=5.3369
[ep   91] redandblack  static_B_2020.02.27_18.39.27.csv@5118  reward=QoE=   34.15 eps=0.963 loss=3.5016
[ep   92] soldier      driving_B_2020.01.16_09.56.56.csv@496   reward=QoE=   34.91 eps=0.963 loss=4.2990
[ep   93] longdress    driving_B_2019.12.17_07.32.39.csv@866   reward=QoE=  -55.34 eps=0.962 loss=4.0372
[ep   94] loot         driving_B_2020.02.13_13.03.24.csv@799   reward=QoE=  -31.89 eps=0.962 loss=4.2760
[ep   95] redandblack  driving_B_2019.12.17_07.32.39.csv@1766  reward=QoE= -125.51 eps=0.961 loss=4.2937
[ep   96] soldier      driving_B_2020.02.27_17.30.15.csv@270   reward=QoE= -409.43 eps=0.961 loss=4.4087
[ep   97] longdress    driving_B_2019.12.16_12.27.05.csv@797   reward=QoE=  -21.64 eps=0.961 loss=4.9390
[ep   98] loot         driving_B_2020.01.16_09.56.56.csv@1516  reward=QoE=   21.46 eps=0.960 loss=4.4841
[ep   99] redandblack  static_B_2020.02.27_18.39.27.csv@2718  reward=QoE=   38.27 eps=0.960 loss=4.0367
[ep  100] soldier      static_B_2020.02.27_18.39.27.csv@4278  reward=QoE=   56.58 eps=0.959 loss=3.5938
[ep  101] longdress    driving_B_2019.12.17_07.32.39.csv@2006  reward=QoE=   26.78 eps=0.959 loss=4.5197
[ep  102] loot         driving_B_2020.01.16_09.56.56.csv@1276  reward=QoE=   50.69 eps=0.959 loss=4.0411
[ep  103] redandblack  static_B_2019.12.16_13.40.04.csv@1200  reward=QoE=   20.81 eps=0.958 loss=3.7066
[ep  104] soldier      driving_B_2020.01.16_07.26.43.csv@811   reward=QoE=   34.90 eps=0.958 loss=3.5176
[ep  105] longdress    driving_B_2020.02.13_15.02.01.csv@1101  reward=QoE=   14.77 eps=0.957 loss=3.5482
[ep  106] loot         driving_B_2019.12.17_07.32.39.csv@86    reward=QoE=   -8.40 eps=0.957 loss=4.0197
[ep  107] redandblack  driving_B_2020.01.16_07.26.43.csv@991   reward=QoE=   11.88 eps=0.956 loss=4.2924
[ep  108] soldier      static_B_2020.02.27_18.39.27.csv@5298  reward=QoE=   21.65 eps=0.956 loss=3.9621
[ep  109] longdress    driving_B_2020.01.16_09.56.56.csv@196   reward=QoE=   56.38 eps=0.956 loss=3.9680
[ep  110] loot         driving_B_2020.02.14_12.58.17.csv@184   reward=QoE= -682.85 eps=0.955 loss=4.3007
[ep  111] redandblack  driving_B_2020.01.16_07.26.43.csv@331   reward=QoE= -135.90 eps=0.955 loss=4.0635
[ep  112] soldier      driving_B_2020.01.16_07.26.43.csv@1231  reward=QoE=  -18.41 eps=0.954 loss=3.8016
[ep  113] longdress    driving_B_2020.01.16_09.56.56.csv@616   reward=QoE=    5.43 eps=0.954 loss=3.5726
[ep  114] loot         driving_B_2020.02.13_13.03.24.csv@319   reward=QoE=    0.41 eps=0.954 loss=3.2238
[ep  115] redandblack  static_B_2020.02.27_18.39.27.csv@858   reward=QoE=   52.21 eps=0.953 loss=4.0655
[ep  116] soldier      static_B_2020.02.27_18.39.27.csv@558   reward=QoE=  -30.47 eps=0.953 loss=3.7705
[ep  117] longdress    static_B_2020.02.27_18.39.27.csv@4878  reward=QoE=  -73.64 eps=0.952 loss=3.8423
[ep  118] loot         driving_B_2020.02.13_15.02.01.csv@2241  reward=QoE=   26.82 eps=0.952 loss=4.9737
[ep  119] redandblack  driving_B_2020.02.13_15.02.01.csv@621   reward=QoE=  -45.77 eps=0.952 loss=3.6873
[ep  120] soldier      driving_B_2020.02.13_15.02.01.csv@681   reward=QoE=   -3.46 eps=0.951 loss=3.6360
[ep  121] longdress    static_B_2020.02.27_18.39.27.csv@918   reward=QoE=   48.71 eps=0.951 loss=4.5075
[ep  122] loot         driving_B_2020.01.16_12.10.03.csv@5     reward=QoE=   27.02 eps=0.950 loss=3.7711
[ep  123] redandblack  static_B_2020.02.27_18.39.27.csv@1938  reward=QoE=   39.43 eps=0.950 loss=4.3089
[ep  124] soldier      static_B_2019.12.16_13.40.04.csv@1380  reward=QoE=  -18.98 eps=0.950 loss=4.2853
[ep  125] longdress    driving_B_2020.02.14_09.38.22.csv@301   reward=QoE= -167.33 eps=0.949 loss=4.3095
[ep  126] loot         driving_B_2020.02.27_17.30.15.csv@390   reward=QoE= -303.51 eps=0.949 loss=4.0148
[ep  127] redandblack  driving_B_2020.02.13_15.02.01.csv@21    reward=QoE=   60.61 eps=0.948 loss=4.4915
[ep  128] soldier      static_B_2020.02.27_18.39.27.csv@738   reward=QoE=   44.22 eps=0.948 loss=3.5833
[ep  129] longdress    driving_B_2020.02.14_09.38.22.csv@121   reward=QoE= -163.39 eps=0.948 loss=3.8689
[ep  130] loot         static_B_2020.02.27_18.39.27.csv@4458  reward=QoE=   35.88 eps=0.947 loss=4.0787
[ep  131] redandblack  driving_B_2020.01.16_09.56.56.csv@1216  reward=QoE=   13.91 eps=0.947 loss=3.6464
[ep  132] soldier      static_B_2020.02.27_18.39.27.csv@2478  reward=QoE=   43.21 eps=0.946 loss=3.9571
[ep  133] longdress    static_B_2020.02.27_18.39.27.csv@4158  reward=QoE=   23.03 eps=0.946 loss=3.6295
[ep  134] loot         driving_B_2019.12.17_07.32.39.csv@326   reward=QoE=   16.76 eps=0.946 loss=3.7669
[ep  135] redandblack  driving_B_2019.12.16_12.27.05.csv@557   reward=QoE=  -72.95 eps=0.945 loss=4.4554
[ep  136] soldier      driving_B_2020.01.16_07.26.43.csv@1770  reward=QoE= -260.19 eps=0.945 loss=3.6417
[ep  137] longdress    static_B_2020.02.27_18.39.27.csv@678   reward=QoE=   22.51 eps=0.944 loss=3.9665
[ep  138] loot         driving_B_2020.01.16_07.26.43.csv@271   reward=QoE=   28.97 eps=0.944 loss=3.8143
[ep  139] redandblack  static_B_2020.02.27_18.39.27.csv@3978  reward=QoE=   53.51 eps=0.943 loss=3.7926
[ep  140] soldier      driving_B_2020.01.16_09.56.56.csv@436   reward=QoE= -113.96 eps=0.943 loss=3.3475
[ep  141] longdress    static_B_2020.02.27_18.39.27.csv@3078  reward=QoE=  -30.99 eps=0.943 loss=4.0953
[ep  142] loot         driving_B_2020.02.13_13.03.24.csv@1159  reward=QoE=  -44.61 eps=0.942 loss=3.4053
[ep  143] redandblack  driving_B_2019.12.17_07.32.39.csv@1106  reward=QoE=   21.48 eps=0.942 loss=3.6525
[ep  144] soldier      driving_B_2020.01.16_12.10.03.csv@244   reward=QoE=   18.71 eps=0.941 loss=3.5413
[ep  145] longdress    driving_B_2020.02.13_13.03.24.csv@1339  reward=QoE=  -42.24 eps=0.941 loss=4.3409
[ep  146] loot         static_B_2020.02.27_18.39.27.csv@2958  reward=QoE=   35.91 eps=0.941 loss=3.9835
[ep  147] redandblack  driving_B_2020.02.13_15.02.01.csv@921   reward=QoE=   11.90 eps=0.940 loss=3.5153
[ep  148] soldier      static_B_2019.12.16_13.40.04.csv@900   reward=QoE=   44.06 eps=0.940 loss=3.7923
[ep  149] longdress    static_B_2020.02.14_13.21.26.csv@67    reward=QoE=   37.88 eps=0.939 loss=3.6312
[ep  150] loot         driving_B_2020.02.13_13.03.24.csv@379   reward=QoE=  -44.30 eps=0.939 loss=3.4722
[ep  151] redandblack  driving_B_2019.12.17_07.32.39.csv@1706  reward=QoE=  -52.04 eps=0.939 loss=3.8676
[ep  152] soldier      static_B_2019.12.16_13.40.04.csv@1904  reward=QoE=  -12.44 eps=0.938 loss=2.9599
[ep  153] longdress    static_B_2020.02.27_18.39.27.csv@2178  reward=QoE=   59.07 eps=0.938 loss=4.1372
[ep  154] loot         driving_B_2020.02.13_13.03.24.csv@139   reward=QoE=  -34.68 eps=0.937 loss=4.7261
[ep  155] redandblack  static_B_2020.02.27_18.39.27.csv@3258  reward=QoE=   42.40 eps=0.937 loss=4.5286
[ep  156] soldier      driving_B_2020.02.14_12.58.17.csv@124   reward=QoE= -245.36 eps=0.937 loss=3.8391
[ep  157] longdress    driving_B_2020.02.27_17.30.15.csv@210   reward=QoE= -806.81 eps=0.936 loss=4.8937
[ep  158] loot         static_B_2020.02.27_18.39.27.csv@1638  reward=QoE=   44.09 eps=0.936 loss=3.5888
[ep  159] redandblack  driving_B_2020.02.13_13.03.24.csv@499   reward=QoE=  -61.65 eps=0.935 loss=4.2421
[ep  160] soldier      driving_B_2020.01.16_09.56.56.csv@1396  reward=QoE=   31.43 eps=0.935 loss=3.6001
[ep  161] longdress    driving_B_2020.02.14_09.38.22.csv@601   reward=QoE=   63.40 eps=0.935 loss=3.8381
[ep  162] loot         driving_B_2020.02.27_17.30.15.csv@570   reward=QoE= -115.16 eps=0.934 loss=4.2586
[ep  163] redandblack  static_B_2019.12.16_13.40.04.csv@600   reward=QoE=   51.16 eps=0.934 loss=3.5350
[ep  164] soldier      static_B_2020.02.27_18.39.27.csv@5742  reward=QoE=   41.50 eps=0.933 loss=3.8336
[ep  165] longdress    driving_B_2020.01.16_07.26.43.csv@691   reward=QoE=  -31.60 eps=0.933 loss=3.2796
[ep  166] loot         driving_B_2020.02.13_13.03.24.csv@559   reward=QoE=  -10.48 eps=0.932 loss=3.7316
[ep  167] redandblack  driving_B_2020.01.16_12.10.03.csv@125   reward=QoE=   27.58 eps=0.932 loss=4.2336
[ep  168] soldier      static_B_2019.12.16_13.40.04.csv@1860  reward=QoE= -267.28 eps=0.932 loss=3.7052
[ep  169] longdress    driving_B_2020.02.14_12.58.17.csv@364   reward=QoE= -613.97 eps=0.931 loss=4.1747
[ep  170] loot         driving_B_2020.01.16_09.56.56.csv@796   reward=QoE=   33.98 eps=0.931 loss=4.3579
[ep  171] redandblack  driving_B_2019.12.16_12.27.05.csv@197   reward=QoE=    3.16 eps=0.930 loss=4.2130
[ep  172] soldier      driving_B_2020.02.13_15.02.01.csv@441   reward=QoE=  -49.20 eps=0.930 loss=4.3456
[ep  173] longdress    static_B_2020.02.27_18.39.27.csv@5358  reward=QoE=   13.11 eps=0.930 loss=3.8436
[ep  174] loot         driving_B_2020.02.14_12.58.17.csv@604   reward=QoE=   25.14 eps=0.929 loss=4.1156
[ep  175] redandblack  static_B_2020.02.27_18.39.27.csv@4338  reward=QoE=   32.69 eps=0.929 loss=4.9149
[ep  176] soldier      static_B_2019.12.16_13.40.04.csv@420   reward=QoE=  -24.44 eps=0.928 loss=4.4137
[ep  177] longdress    driving_B_2020.01.16_09.56.56.csv@1156  reward=QoE=  -59.35 eps=0.928 loss=3.7974
[ep  178] loot         driving_B_2020.01.16_07.26.43.csv@1411  reward=QoE=  -27.45 eps=0.928 loss=3.8200
[ep  179] redandblack  static_B_2020.02.27_18.39.27.csv@5598  reward=QoE=   25.54 eps=0.927 loss=3.9370
[ep  180] soldier      driving_B_2020.02.13_15.02.01.csv@2181  reward=QoE=    8.86 eps=0.927 loss=4.4223
[ep  181] longdress    driving_B_2020.01.16_09.56.56.csv@736   reward=QoE=   42.19 eps=0.926 loss=4.2449
[ep  182] loot         driving_B_2020.02.14_09.38.22.csv@841   reward=QoE=   23.41 eps=0.926 loss=4.0434
[ep  183] redandblack  driving_B_2019.12.16_12.27.05.csv@737   reward=QoE=   42.51 eps=0.926 loss=3.3621
[ep  184] soldier      driving_B_2020.01.16_12.10.03.csv@244   reward=QoE=   62.85 eps=0.925 loss=3.7639
[ep  185] longdress    driving_B_2020.02.14_12.58.17.csv@784   reward=QoE= -176.55 eps=0.925 loss=3.3827
[ep  186] loot         static_B_2020.02.27_18.39.27.csv@5742  reward=QoE=   30.81 eps=0.924 loss=3.9248
[ep  187] redandblack  driving_B_2019.12.17_07.32.39.csv@206   reward=QoE=   -0.06 eps=0.924 loss=3.8369
[ep  188] soldier      static_B_2019.12.16_13.40.04.csv@360   reward=QoE=   10.22 eps=0.924 loss=3.8486
[ep  189] longdress    driving_B_2019.12.17_07.32.39.csv@1946  reward=QoE=  -20.40 eps=0.923 loss=3.8318
[ep  190] loot         driving_B_2019.12.16_12.27.05.csv@257   reward=QoE=    1.05 eps=0.923 loss=4.3039
[ep  191] redandblack  driving_B_2019.12.17_07.32.39.csv@2186  reward=QoE=  -30.73 eps=0.922 loss=3.7205
[ep  192] soldier      driving_B_2020.02.14_12.58.17.csv@544   reward=QoE=  -78.82 eps=0.922 loss=3.9623
[ep  193] longdress    static_B_2019.12.16_13.40.04.csv@1680  reward=QoE=   39.73 eps=0.922 loss=4.5001
[ep  194] loot         static_B_2020.02.27_18.39.27.csv@978   reward=QoE=   49.86 eps=0.921 loss=4.4928
[ep  195] redandblack  static_B_2020.02.14_13.21.26.csv@787   reward=QoE=   31.97 eps=0.921 loss=3.9020
[ep  196] soldier      driving_B_2020.01.16_07.26.43.csv@1591  reward=QoE= -157.29 eps=0.920 loss=3.7600
[ep  197] longdress    static_B_2020.02.27_18.39.27.csv@1458  reward=QoE=   22.15 eps=0.920 loss=3.9572
[ep  198] loot         driving_B_2020.02.14_12.58.17.csv@800   reward=QoE= -113.93 eps=0.919 loss=3.2312
[ep  199] redandblack  static_B_2020.02.27_18.39.27.csv@5718  reward=QoE=   38.50 eps=0.919 loss=3.4815
[ep  200] soldier      static_B_2020.02.27_18.39.27.csv@3618  reward=QoE=   24.03 eps=0.919 loss=3.5339
[ep  201] longdress    driving_B_2020.02.14_12.58.17.csv@64    reward=QoE= -215.22 eps=0.918 loss=4.0131
[ep  202] loot         driving_B_2020.02.14_12.58.17.csv@4     reward=QoE=   -0.29 eps=0.918 loss=3.8357
[ep  203] redandblack  driving_B_2020.02.27_17.30.15.csv@330   reward=QoE= -171.21 eps=0.917 loss=3.8525
[ep  204] soldier      static_B_2019.12.16_13.40.04.csv@660   reward=QoE=    9.20 eps=0.917 loss=4.1489
[ep  205] longdress    driving_B_2020.01.16_07.26.43.csv@631   reward=QoE=  -79.66 eps=0.917 loss=3.7993
[ep  206] loot         static_B_2020.02.27_18.39.27.csv@2658  reward=QoE=   46.51 eps=0.916 loss=4.1513
[ep  207] redandblack  driving_B_2020.02.13_15.02.01.csv@141   reward=QoE=   26.84 eps=0.916 loss=3.5051
[ep  208] soldier      static_B_2019.12.16_13.40.04.csv@1740  reward=QoE=   41.69 eps=0.915 loss=3.7593
[ep  209] longdress    driving_B_2020.02.14_09.38.22.csv@1321  reward=QoE=   42.89 eps=0.915 loss=3.8731
[ep  210] loot         static_B_2020.02.27_18.39.27.csv@138   reward=QoE=   33.31 eps=0.915 loss=3.9031
[ep  211] redandblack  driving_B_2020.02.14_12.58.17.csv@424   reward=QoE= -352.81 eps=0.914 loss=3.9832
[ep  212] soldier      driving_B_2020.02.14_12.58.17.csv@664   reward=QoE= -149.87 eps=0.914 loss=4.3783
[ep  213] longdress    driving_B_2020.02.14_09.38.22.csv@481   reward=QoE=  -44.42 eps=0.913 loss=3.8325
[ep  214] loot         driving_B_2020.02.13_15.02.01.csv@1641  reward=QoE= -157.10 eps=0.913 loss=4.0074
[ep  215] redandblack  driving_B_2020.02.13_13.03.24.csv@1999  reward=QoE= -102.21 eps=0.913 loss=4.5354
[ep  216] soldier      driving_B_2020.02.14_09.38.22.csv@1081  reward=QoE= -129.94 eps=0.912 loss=3.7683
[ep  217] longdress    driving_B_2020.02.13_15.02.01.csv@321   reward=QoE=   32.82 eps=0.912 loss=4.2105
[ep  218] loot         driving_B_2020.02.13_13.03.24.csv@619   reward=QoE=  -40.12 eps=0.911 loss=4.1307
[ep  219] redandblack  static_B_2020.02.14_13.21.26.csv@727   reward=QoE=   44.72 eps=0.911 loss=3.9801
[ep  220] soldier      driving_B_2020.02.14_09.38.22.csv@181   reward=QoE= -131.39 eps=0.911 loss=5.6879
[ep  221] longdress    static_B_2020.02.14_13.21.26.csv@547   reward=QoE=   31.25 eps=0.910 loss=3.2275
[ep  222] loot         driving_B_2020.02.13_15.02.01.csv@2361  reward=QoE= -229.32 eps=0.910 loss=4.3248
[ep  223] redandblack  driving_B_2020.02.13_13.03.24.csv@1279  reward=QoE= -109.16 eps=0.909 loss=3.6230
[ep  224] soldier      driving_B_2020.02.13_13.03.24.csv@1699  reward=QoE=   71.16 eps=0.909 loss=3.9239
[ep  225] longdress    driving_B_2020.02.14_09.38.22.csv@1261  reward=QoE=    5.99 eps=0.908 loss=3.3532
[ep  226] loot         static_B_2020.02.27_18.39.27.csv@3198  reward=QoE=  -22.83 eps=0.908 loss=2.9745
[ep  227] redandblack  static_B_2020.02.27_18.39.27.csv@3738  reward=QoE=   29.59 eps=0.908 loss=3.7245
[ep  228] soldier      driving_B_2020.02.13_13.03.24.csv@1819  reward=QoE= -736.49 eps=0.907 loss=4.1404
[ep  229] longdress    driving_B_2020.02.13_13.03.24.csv@1459  reward=QoE=  -16.64 eps=0.907 loss=5.4381
[ep  230] loot         static_B_2019.12.16_13.40.04.csv@180   reward=QoE=   53.51 eps=0.906 loss=4.5907
[ep  231] redandblack  driving_B_2020.02.13_15.02.01.csv@381   reward=QoE=   46.77 eps=0.906 loss=4.4668
[ep  232] soldier      static_B_2020.02.27_18.39.27.csv@5418  reward=QoE=   48.26 eps=0.906 loss=3.6954
[ep  233] longdress    driving_B_2020.02.13_15.02.01.csv@1521  reward=QoE= -166.28 eps=0.905 loss=4.7680
[ep  234] loot         driving_B_2020.02.27_17.30.15.csv@90    reward=QoE= -292.69 eps=0.905 loss=4.7093
[ep  235] redandblack  driving_B_2020.01.16_09.56.56.csv@676   reward=QoE=  -73.47 eps=0.904 loss=5.1929
[ep  236] soldier      driving_B_2019.12.16_12.27.05.csv@137   reward=QoE=  -33.22 eps=0.904 loss=4.9686
[ep  237] longdress    driving_B_2019.12.17_07.32.39.csv@2126  reward=QoE=  -48.50 eps=0.904 loss=4.5458
[ep  238] loot         static_B_2019.12.16_13.40.04.csv@1080  reward=QoE=   39.11 eps=0.903 loss=4.5513
[ep  239] redandblack  driving_B_2020.01.16_09.56.56.csv@376   reward=QoE=  -27.87 eps=0.903 loss=4.7508
[ep  240] soldier      driving_B_2019.12.17_07.32.39.csv@986   reward=QoE= -129.31 eps=0.902 loss=4.5574
[ep  241] longdress    driving_B_2020.02.13_13.03.24.csv@859   reward=QoE= -188.02 eps=0.902 loss=4.6169
[ep  242] loot         driving_B_2020.02.14_09.38.22.csv@61    reward=QoE=  -78.71 eps=0.902 loss=4.1406
[ep  243] redandblack  driving_B_2019.12.16_12.27.05.csv@1152  reward=QoE=    1.33 eps=0.901 loss=4.1726
[ep  244] soldier      driving_B_2020.01.16_07.26.43.csv@451   reward=QoE= -147.98 eps=0.901 loss=4.3948
[ep  245] longdress    driving_B_2020.02.13_15.02.01.csv@801   reward=QoE=   16.14 eps=0.900 loss=4.5315
[ep  246] loot         driving_B_2020.02.14_12.58.17.csv@244   reward=QoE= -456.08 eps=0.900 loss=4.9738
[ep  247] redandblack  driving_B_2020.01.16_07.26.43.csv@1770  reward=QoE= -122.49 eps=0.900 loss=4.5114
[ep  248] soldier      driving_B_2019.12.17_07.32.39.csv@26    reward=QoE=   20.05 eps=0.899 loss=4.4833
[ep  249] longdress    static_B_2019.12.16_13.40.04.csv@960   reward=QoE=    8.21 eps=0.899 loss=4.0536
[ep  250] loot         driving_B_2020.01.16_09.56.56.csv@256   reward=QoE=    9.32 eps=0.898 loss=4.1929
[ep  251] redandblack  driving_B_2020.02.14_09.38.22.csv@1     reward=QoE= -120.38 eps=0.898 loss=4.2095
[ep  252] soldier      driving_B_2020.01.16_07.26.43.csv@91    reward=QoE=  -44.52 eps=0.898 loss=3.9677
[ep  253] longdress    driving_B_2020.01.16_09.56.56.csv@316   reward=QoE=  -26.07 eps=0.897 loss=4.6811
[ep  254] loot         static_B_2020.02.14_13.21.26.csv@247   reward=QoE=   21.20 eps=0.897 loss=5.2484
[ep  255] redandblack  driving_B_2020.02.27_17.30.15.csv@450   reward=QoE= -292.75 eps=0.896 loss=4.6363
[ep  256] soldier      static_B_2019.12.16_13.40.04.csv@1140  reward=QoE=  -86.67 eps=0.896 loss=4.7017
[ep  257] longdress    driving_B_2020.02.14_09.38.22.csv@1441  reward=QoE=  -19.84 eps=0.895 loss=4.2761
[ep  258] loot         driving_B_2020.02.13_15.02.01.csv@2541  reward=QoE=   17.17 eps=0.895 loss=4.0303
[ep  259] redandblack  driving_B_2019.12.17_07.32.39.csv@386   reward=QoE=   29.84 eps=0.895 loss=4.0587
[ep  260] soldier      static_B_2019.12.16_13.40.04.csv@1260  reward=QoE=  -42.38 eps=0.894 loss=4.4328
[ep  261] longdress    driving_B_2020.02.14_09.38.22.csv@1021  reward=QoE= -118.50 eps=0.894 loss=4.8021
[ep  262] loot         driving_B_2020.02.13_13.03.24.csv@2059  reward=QoE=  -86.57 eps=0.893 loss=4.1985
[ep  263] redandblack  driving_B_2020.02.13_13.03.24.csv@1039  reward=QoE=  -64.64 eps=0.893 loss=4.1777
[ep  264] soldier      driving_B_2020.02.13_15.02.01.csv@1461  reward=QoE= -144.91 eps=0.893 loss=4.5350
[ep  265] longdress    driving_B_2019.12.17_07.32.39.csv@1346  reward=QoE=   22.97 eps=0.892 loss=4.3007
[ep  266] loot         static_B_2020.02.27_18.39.27.csv@498   reward=QoE=   55.60 eps=0.892 loss=3.9975
[ep  267] redandblack  static_B_2020.02.27_18.39.27.csv@1518  reward=QoE=   56.21 eps=0.891 loss=4.6926
[ep  268] soldier      static_B_2020.02.14_13.21.26.csv@487   reward=QoE=   38.77 eps=0.891 loss=4.6160
[ep  269] longdress    driving_B_2020.01.16_09.56.56.csv@1456  reward=QoE=   56.28 eps=0.891 loss=4.6670
[ep  270] loot         static_B_2019.12.16_13.40.04.csv@720   reward=QoE=   28.97 eps=0.890 loss=4.2494
[ep  271] redandblack  static_B_2020.02.27_18.39.27.csv@4578  reward=QoE=   45.86 eps=0.890 loss=4.2990
[ep  272] soldier      driving_B_2020.02.14_09.38.22.csv@1478  reward=QoE=  -55.72 eps=0.889 loss=4.0136
[ep  273] longdress    driving_B_2019.12.16_12.27.05.csv@1037  reward=QoE=   -2.26 eps=0.889 loss=4.4445
[ep  274] loot         driving_B_2020.02.13_15.02.01.csv@2754  reward=QoE=  -48.66 eps=0.889 loss=4.6192
[ep  275] redandblack  driving_B_2019.12.16_12.27.05.csv@17    reward=QoE=   -7.77 eps=0.888 loss=3.9431
[ep  276] soldier      static_B_2020.02.27_18.39.27.csv@1038  reward=QoE=   22.40 eps=0.888 loss=4.4248
[ep  277] longdress    static_B_2019.12.16_13.40.04.csv@1620  reward=QoE=   50.07 eps=0.887 loss=3.7192
[ep  278] loot         driving_B_2020.01.16_09.56.56.csv@1036  reward=QoE=  -55.63 eps=0.887 loss=4.3769
[ep  279] redandblack  static_B_2020.02.27_18.39.27.csv@2598  reward=QoE=   14.66 eps=0.887 loss=3.7112
[ep  280] soldier      driving_B_2020.02.13_15.02.01.csv@1281  reward=QoE= -268.33 eps=0.886 loss=3.9993
[ep  281] longdress    static_B_2020.02.27_18.39.27.csv@1758  reward=QoE=   27.67 eps=0.886 loss=4.0280
[ep  282] loot         driving_B_2020.01.16_09.56.56.csv@1570  reward=QoE=   36.69 eps=0.885 loss=4.3938
[ep  283] redandblack  static_B_2020.02.27_18.39.27.csv@2118  reward=QoE=   38.76 eps=0.885 loss=4.0035
[ep  284] soldier      static_B_2020.02.27_18.39.27.csv@4398  reward=QoE=   45.96 eps=0.884 loss=3.4595
[ep  285] longdress    driving_B_2019.12.17_07.32.39.csv@926   reward=QoE= -136.80 eps=0.884 loss=4.8575
[ep  286] loot         driving_B_2019.12.16_12.27.05.csv@917   reward=QoE=   32.83 eps=0.884 loss=4.2273
[ep  287] redandblack  static_B_2019.12.16_13.40.04.csv@0     reward=QoE=   40.83 eps=0.883 loss=4.5162
[ep  288] soldier      static_B_2019.12.16_13.40.04.csv@1560  reward=QoE=   16.53 eps=0.883 loss=4.1156
[ep  289] longdress    driving_B_2020.02.13_15.02.01.csv@1701  reward=QoE=   40.15 eps=0.882 loss=4.0622
[ep  290] loot         static_B_2020.02.27_18.39.27.csv@438   reward=QoE=   48.08 eps=0.882 loss=4.3221
[ep  291] redandblack  driving_B_2020.02.13_15.02.01.csv@1821  reward=QoE=   32.74 eps=0.882 loss=4.1523
[ep  292] soldier      static_B_2020.02.27_18.39.27.csv@3438  reward=QoE=   40.01 eps=0.881 loss=4.5447
[ep  293] longdress    driving_B_2020.02.13_15.02.01.csv@2061  reward=QoE= -105.88 eps=0.881 loss=3.9270
[ep  294] loot         driving_B_2020.02.14_09.38.22.csv@901   reward=QoE=   33.00 eps=0.880 loss=4.3400
[ep  295] redandblack  driving_B_2019.12.17_07.32.39.csv@1286  reward=QoE=   47.57 eps=0.880 loss=4.4758
[ep  296] soldier      driving_B_2020.01.16_07.26.43.csv@1351  reward=QoE= -129.54 eps=0.880 loss=4.0496
[ep  297] longdress    driving_B_2020.02.13_15.02.01.csv@2121  reward=QoE=   41.25 eps=0.879 loss=3.7878
[ep  298] loot         driving_B_2020.01.16_07.26.43.csv@391   reward=QoE=  -22.17 eps=0.879 loss=4.4711
[ep  299] redandblack  driving_B_2019.12.17_07.32.39.csv@746   reward=QoE=    6.73 eps=0.878 loss=3.8063
[ep  300] soldier      driving_B_2019.12.17_07.32.39.csv@1526  reward=QoE=   -1.50 eps=0.878 loss=3.9024
[ep  301] longdress    driving_B_2019.12.17_07.32.39.csv@686   reward=QoE=  -23.90 eps=0.878 loss=4.5236
[ep  302] loot         driving_B_2020.01.16_09.56.56.csv@976   reward=QoE=  -12.52 eps=0.877 loss=4.0631
[ep  303] redandblack  driving_B_2020.01.16_07.26.43.csv@1711  reward=QoE=  -15.91 eps=0.877 loss=3.3879
[ep  304] soldier      static_B_2020.02.27_18.39.27.csv@4098  reward=QoE=   27.29 eps=0.876 loss=5.5937
[ep  305] longdress    driving_B_2020.02.14_12.58.17.csv@304   reward=QoE= -818.54 eps=0.876 loss=4.7369
[ep  306] loot         driving_B_2020.02.13_13.03.24.csv@439   reward=QoE=  -41.08 eps=0.876 loss=4.8895
[ep  307] redandblack  static_B_2020.02.14_13.21.26.csv@127   reward=QoE=   56.04 eps=0.875 loss=4.7816
[ep  308] soldier      driving_B_2019.12.16_12.27.05.csv@677   reward=QoE=  -59.13 eps=0.875 loss=4.7288
[ep  309] longdress    driving_B_2020.01.16_07.26.43.csv@931   reward=QoE= -195.26 eps=0.874 loss=4.8870
[ep  310] loot         static_B_2020.02.27_18.39.27.csv@1338  reward=QoE=   45.43 eps=0.874 loss=5.1124
[ep  311] redandblack  static_B_2020.02.27_18.39.27.csv@4998  reward=QoE=   58.60 eps=0.874 loss=5.4309
[ep  312] soldier      driving_B_2020.01.16_09.56.56.csv@1336  reward=QoE=   27.91 eps=0.873 loss=4.4320
[ep  313] longdress    driving_B_2020.02.27_17.30.15.csv@630   reward=QoE= -308.55 eps=0.873 loss=4.2515
[ep  314] loot         driving_B_2020.01.16_12.10.03.csv@185   reward=QoE=   35.48 eps=0.872 loss=4.4845
[ep  315] redandblack  driving_B_2020.02.13_13.03.24.csv@679   reward=QoE=  -77.40 eps=0.872 loss=5.5220
[ep  316] soldier      static_B_2020.02.27_18.39.27.csv@3858  reward=QoE=  -67.53 eps=0.871 loss=4.1535
[ep  317] longdress    driving_B_2020.01.16_09.56.56.csv@556   reward=QoE=   18.50 eps=0.871 loss=5.0681
[ep  318] loot         driving_B_2020.02.14_09.38.22.csv@661   reward=QoE=   41.58 eps=0.871 loss=4.3163
[ep  319] redandblack  driving_B_2020.02.14_09.38.22.csv@1141  reward=QoE=  -77.64 eps=0.870 loss=4.1870
[ep  320] soldier      driving_B_2020.02.13_13.03.24.csv@919   reward=QoE= -115.00 eps=0.870 loss=5.0219
[ep  321] longdress    static_B_2020.02.27_18.39.27.csv@3378  reward=QoE=   59.98 eps=0.869 loss=4.3898
[ep  322] loot         driving_B_2020.02.13_15.02.01.csv@1221  reward=QoE=   50.61 eps=0.869 loss=4.3969
[ep  323] redandblack  static_B_2019.12.16_13.40.04.csv@1500  reward=QoE=   14.76 eps=0.869 loss=4.4559
[ep  324] soldier      static_B_2020.02.27_18.39.27.csv@1278  reward=QoE=   47.79 eps=0.868 loss=4.0611
[ep  325] longdress    driving_B_2019.12.16_12.27.05.csv@77    reward=QoE=   -6.46 eps=0.868 loss=4.4464
[ep  326] loot         driving_B_2019.12.17_07.32.39.csv@1886  reward=QoE=   18.23 eps=0.867 loss=4.7187
[ep  327] redandblack  driving_B_2020.02.13_15.02.01.csv@2421  reward=QoE= -175.28 eps=0.867 loss=3.9605
[ep  328] soldier      driving_B_2019.12.17_07.32.39.csv@266   reward=QoE=  -32.39 eps=0.867 loss=4.7958
[ep  329] longdress    driving_B_2020.02.13_13.03.24.csv@979   reward=QoE= -235.88 eps=0.866 loss=4.7249
[ep  330] loot         static_B_2020.02.14_13.21.26.csv@850   reward=QoE=   33.78 eps=0.866 loss=4.5001
[ep  331] redandblack  driving_B_2019.12.16_12.27.05.csv@317   reward=QoE=  -42.47 eps=0.865 loss=4.2737
[ep  332] soldier      driving_B_2020.01.16_09.56.56.csv@16    reward=QoE=  -21.66 eps=0.865 loss=4.4228
[ep  333] longdress    driving_B_2020.01.16_07.26.43.csv@1531  reward=QoE= -395.66 eps=0.865 loss=5.1999
[ep  334] loot         driving_B_2020.02.13_13.03.24.csv@1639  reward=QoE=  -75.27 eps=0.864 loss=4.8144
[ep  335] redandblack  static_B_2020.02.27_18.39.27.csv@3798  reward=QoE=   58.06 eps=0.864 loss=4.4660
[ep  336] soldier      driving_B_2020.02.13_13.03.24.csv@1219  reward=QoE= -111.75 eps=0.863 loss=5.1066
[ep  337] longdress    driving_B_2020.02.27_17.30.15.csv@690   reward=QoE= -463.19 eps=0.863 loss=4.5281
[ep  338] loot         static_B_2020.02.27_18.39.27.csv@198   reward=QoE=   24.19 eps=0.863 loss=4.6107
[ep  339] redandblack  static_B_2020.02.27_18.39.27.csv@1098  reward=QoE=   27.86 eps=0.862 loss=4.7492
[ep  340] soldier      static_B_2019.12.16_13.40.04.csv@540   reward=QoE=   49.83 eps=0.862 loss=4.1400
[ep  341] longdress    static_B_2020.02.27_18.39.27.csv@4638  reward=QoE=  -71.52 eps=0.861 loss=4.3509
[ep  342] loot         driving_B_2019.12.16_12.27.05.csv@857   reward=QoE=   40.54 eps=0.861 loss=4.4312
[ep  343] redandblack  static_B_2020.02.27_18.39.27.csv@4818  reward=QoE=   30.04 eps=0.860 loss=4.2422
[ep  344] soldier      driving_B_2020.02.27_17.30.15.csv@510   reward=QoE= -105.07 eps=0.860 loss=4.3114
[ep  345] longdress    driving_B_2019.12.17_07.32.39.csv@626   reward=QoE=  -66.60 eps=0.860 loss=5.3626
[ep  346] loot         driving_B_2020.02.13_15.02.01.csv@1881  reward=QoE=    3.03 eps=0.859 loss=4.4652
[ep  347] redandblack  static_B_2019.12.16_13.40.04.csv@1020  reward=QoE=   42.35 eps=0.859 loss=4.9666
[ep  348] soldier      driving_B_2019.12.17_07.32.39.csv@1406  reward=QoE=  -23.75 eps=0.858 loss=4.7524
[ep  349] longdress    static_B_2019.12.16_13.40.04.csv@840   reward=QoE=   38.94 eps=0.858 loss=4.3738
[ep  350] loot         driving_B_2020.02.14_09.38.22.csv@1201  reward=QoE=  -83.32 eps=0.858 loss=4.5645
[ep  351] redandblack  static_B_2019.12.16_13.40.04.csv@1800  reward=QoE=   55.03 eps=0.857 loss=4.4458
[ep  352] soldier      static_B_2020.02.27_18.39.27.csv@4698  reward=QoE=    0.35 eps=0.857 loss=4.5986
[ep  353] longdress    driving_B_2020.02.13_15.02.01.csv@1761  reward=QoE=   55.78 eps=0.856 loss=4.0824
[ep  354] loot         driving_B_2020.02.13_15.02.01.csv@1941  reward=QoE=   44.95 eps=0.856 loss=4.5177
[ep  355] redandblack  driving_B_2020.02.13_15.02.01.csv@2754  reward=QoE=  -62.70 eps=0.856 loss=4.6676
[ep  356] soldier      static_B_2020.02.27_18.39.27.csv@2778  reward=QoE=   39.54 eps=0.855 loss=4.7571
[ep  357] longdress    driving_B_2020.02.13_13.03.24.csv@1399  reward=QoE=  -41.53 eps=0.855 loss=4.2867
[ep  358] loot         driving_B_2020.02.14_09.38.22.csv@241   reward=QoE= -171.16 eps=0.854 loss=4.2768
[ep  359] redandblack  static_B_2020.02.27_18.39.27.csv@5478  reward=QoE=   27.60 eps=0.854 loss=4.7411
[ep  360] soldier      driving_B_2020.02.27_17.30.15.csv@30    reward=QoE= -403.47 eps=0.854 loss=4.2525
[ep  361] longdress    driving_B_2020.02.13_13.03.24.csv@19    reward=QoE= -133.92 eps=0.853 loss=4.9784
[ep  362] loot         driving_B_2019.12.16_12.27.05.csv@497   reward=QoE= -159.62 eps=0.853 loss=4.1553
[ep  363] redandblack  static_B_2020.02.27_18.39.27.csv@78    reward=QoE=   36.73 eps=0.852 loss=4.5780
[ep  364] soldier      driving_B_2020.01.16_07.26.43.csv@1111  reward=QoE=   16.95 eps=0.852 loss=4.7030
[ep  365] longdress    driving_B_2020.02.13_15.02.01.csv@861   reward=QoE=   33.06 eps=0.852 loss=4.0163
[ep  366] loot         driving_B_2020.01.16_09.56.56.csv@856   reward=QoE=   11.62 eps=0.851 loss=4.3825
[ep  367] redandblack  driving_B_2020.02.13_15.02.01.csv@1581  reward=QoE= -383.21 eps=0.851 loss=5.0684
[ep  368] soldier      driving_B_2020.02.14_12.58.17.csv@724   reward=QoE= -232.28 eps=0.850 loss=4.5150
[ep  369] longdress    driving_B_2019.12.17_07.32.39.csv@566   reward=QoE=   -2.92 eps=0.850 loss=4.1049
[ep  370] loot         static_B_2020.02.27_18.39.27.csv@1218  reward=QoE=   -4.90 eps=0.849 loss=4.2675
[ep  371] redandblack  static_B_2020.02.14_13.21.26.csv@7     reward=QoE=   22.52 eps=0.849 loss=5.0555
[ep  372] soldier      driving_B_2020.02.13_13.03.24.csv@199   reward=QoE=  -61.99 eps=0.849 loss=4.9580
[ep  373] longdress    static_B_2020.02.27_18.39.27.csv@618   reward=QoE=   38.13 eps=0.848 loss=4.6546
[ep  374] loot         static_B_2020.02.27_18.39.27.csv@2418  reward=QoE=   36.64 eps=0.848 loss=4.7926
[ep  375] redandblack  static_B_2020.02.14_13.21.26.csv@847   reward=QoE=   35.96 eps=0.847 loss=4.1285
[ep  376] soldier      static_B_2020.02.27_18.39.27.csv@3318  reward=QoE=   19.83 eps=0.847 loss=4.8064
[ep  377] longdress    static_B_2020.02.27_18.39.27.csv@258   reward=QoE=   40.74 eps=0.847 loss=4.5140
[ep  378] loot         static_B_2019.12.16_13.40.04.csv@300   reward=QoE=   25.32 eps=0.846 loss=4.0608
[ep  379] redandblack  static_B_2020.02.27_18.39.27.csv@1158  reward=QoE=  -20.34 eps=0.846 loss=5.3407
[ep  380] soldier      static_B_2019.12.16_13.40.04.csv@120   reward=QoE=    8.80 eps=0.845 loss=4.6936
[ep  381] longdress    static_B_2020.02.27_18.39.27.csv@2298  reward=QoE=   42.33 eps=0.845 loss=5.0298
[ep  382] loot         driving_B_2020.02.13_15.02.01.csv@2001  reward=QoE=   20.33 eps=0.845 loss=4.8921
[ep  383] redandblack  driving_B_2020.02.13_13.03.24.csv@2119  reward=QoE= -488.61 eps=0.844 loss=5.3167
[ep  384] soldier      driving_B_2020.02.13_15.02.01.csv@201   reward=QoE=    4.66 eps=0.844 loss=4.9912
[ep  385] longdress    driving_B_2019.12.16_12.27.05.csv@617   reward=QoE= -345.57 eps=0.843 loss=4.2490
[ep  386] loot         driving_B_2019.12.17_07.32.39.csv@1466  reward=QoE=   -7.94 eps=0.843 loss=4.7398
[ep  387] redandblack  driving_B_2020.02.13_15.02.01.csv@2721  reward=QoE=  -65.72 eps=0.843 loss=5.3218
[ep  388] soldier      driving_B_2019.12.17_07.32.39.csv@1646  reward=QoE=    7.51 eps=0.842 loss=4.7988
[ep  389] longdress    driving_B_2020.02.13_13.03.24.csv@2179  reward=QoE= -349.35 eps=0.842 loss=5.4427
[ep  390] loot         static_B_2020.02.27_18.39.27.csv@3138  reward=QoE= -398.82 eps=0.841 loss=5.7034
[ep  391] redandblack  driving_B_2020.02.13_15.02.01.csv@1041  reward=QoE=   45.84 eps=0.841 loss=5.2721
[ep  392] soldier      driving_B_2020.02.13_13.03.24.csv@79    reward=QoE= -109.67 eps=0.841 loss=4.6139
[ep  393] longdress    driving_B_2020.02.13_13.03.24.csv@2188  reward=QoE= -169.01 eps=0.840 loss=5.0689
[ep  394] loot         driving_B_2020.01.16_07.26.43.csv@1651  reward=QoE=    2.67 eps=0.840 loss=5.0635
[ep  395] redandblack  driving_B_2019.12.16_12.27.05.csv@977   reward=QoE=   42.82 eps=0.839 loss=4.8810
[ep  396] soldier      driving_B_2019.12.17_07.32.39.csv@506   reward=QoE= -139.13 eps=0.839 loss=5.1277
[ep  397] longdress    static_B_2020.02.27_18.39.27.csv@2358  reward=QoE= -228.22 eps=0.839 loss=4.9025
[ep  398] loot         driving_B_2020.01.16_07.26.43.csv@751   reward=QoE=   43.32 eps=0.838 loss=5.1768
[ep  399] redandblack  driving_B_2020.02.13_15.02.01.csv@2601  reward=QoE=   58.93 eps=0.838 loss=4.9977
[ep  400] soldier      static_B_2020.02.14_13.21.26.csv@607   reward=QoE=   42.33 eps=0.837 loss=4.9174
    [eval @ ep 400] reward=QoE=-1093.97 mean_q=0.532 stall=248.1s  <-- best (saved)
[ep  401] longdress    driving_B_2019.12.17_07.32.39.csv@1046  reward=QoE=  -21.13 eps=0.837 loss=4.7956
[ep  402] loot         driving_B_2020.02.14_09.38.22.csv@361   reward=QoE=  -42.36 eps=0.836 loss=4.8750
[ep  403] redandblack  static_B_2020.02.27_18.39.27.csv@2898  reward=QoE=   52.49 eps=0.836 loss=5.3996
[ep  404] soldier      static_B_2020.02.27_18.39.27.csv@4218  reward=QoE=   47.50 eps=0.836 loss=5.1660
[ep  405] longdress    driving_B_2020.01.16_09.56.56.csv@916   reward=QoE=  -64.40 eps=0.835 loss=5.0567
[ep  406] loot         driving_B_2020.01.16_07.26.43.csv@1051  reward=QoE=   22.76 eps=0.835 loss=5.1380
[ep  407] redandblack  static_B_2020.02.27_18.39.27.csv@3498  reward=QoE=   39.18 eps=0.834 loss=4.9173
[ep  408] soldier      driving_B_2020.02.13_13.03.24.csv@739   reward=QoE=  -75.17 eps=0.834 loss=5.5088
[ep  409] longdress    driving_B_2020.01.16_07.26.43.csv@511   reward=QoE= -114.85 eps=0.834 loss=4.8913
[ep  410] loot         driving_B_2019.12.17_07.32.39.csv@806   reward=QoE=  -12.51 eps=0.833 loss=5.3514
[ep  411] redandblack  static_B_2020.02.27_18.39.27.csv@18    reward=QoE=   30.98 eps=0.833 loss=4.5251
[ep  412] soldier      driving_B_2019.12.16_12.27.05.csv@1097  reward=QoE=   29.25 eps=0.832 loss=5.3037
[ep  413] longdress    static_B_2020.02.27_18.39.27.csv@798   reward=QoE=   57.48 eps=0.832 loss=4.4253
[ep  414] loot         static_B_2020.02.27_18.39.27.csv@3678  reward=QoE=   31.81 eps=0.832 loss=5.2913
[ep  415] redandblack  driving_B_2020.02.13_13.03.24.csv@1939  reward=QoE= -249.44 eps=0.831 loss=4.6375
[ep  416] soldier      driving_B_2019.12.17_07.32.39.csv@2288  reward=QoE=   30.63 eps=0.831 loss=4.3437
[ep  417] longdress    static_B_2020.02.27_18.39.27.csv@5658  reward=QoE=   46.02 eps=0.830 loss=4.7189
[ep  418] loot         static_B_2020.02.27_18.39.27.csv@4723  reward=QoE=   39.22 eps=0.830 loss=4.4714
[ep  419] redandblack  static_B_2020.02.27_18.39.27.csv@2323  reward=QoE=   53.06 eps=0.830 loss=4.8391
[ep  420] soldier      driving_B_2019.12.17_07.32.39.csv@1154  reward=QoE=  -16.93 eps=0.829 loss=5.6980
[ep  421] longdress    driving_B_2019.12.17_07.32.39.csv@1094  reward=QoE=  -24.24 eps=0.829 loss=5.0742
[ep  422] loot         static_B_2020.02.27_18.39.27.csv@4423  reward=QoE=   32.68 eps=0.828 loss=4.4105
[ep  423] redandblack  driving_B_2019.12.17_07.32.39.csv@1634  reward=QoE=   42.61 eps=0.828 loss=4.9042
[ep  424] soldier      driving_B_2020.01.16_07.26.43.csv@936   reward=QoE= -186.02 eps=0.828 loss=4.9513
[ep  425] longdress    driving_B_2020.02.14_09.38.22.csv@728   reward=QoE=   11.04 eps=0.827 loss=4.9544
[ep  426] loot         driving_B_2020.01.16_07.26.43.csv@1536  reward=QoE=  -97.76 eps=0.827 loss=4.9433
[ep  427] redandblack  static_B_2020.02.27_18.39.27.csv@3163  reward=QoE= -309.06 eps=0.826 loss=5.5594
[ep  428] soldier      driving_B_2020.01.16_07.26.43.csv@156   reward=QoE= -224.58 eps=0.826 loss=4.8542
[ep  429] longdress    driving_B_2020.02.14_09.38.22.csv@1478  reward=QoE=  -17.69 eps=0.825 loss=4.7005
[ep  430] loot         driving_B_2020.02.13_15.02.01.csv@2699  reward=QoE=  -59.79 eps=0.825 loss=4.8210
[ep  431] redandblack  driving_B_2020.01.16_09.56.56.csv@867   reward=QoE=  -20.04 eps=0.825 loss=4.6879
[ep  432] soldier      driving_B_2020.01.16_07.26.43.csv@1770  reward=QoE=  -83.34 eps=0.824 loss=5.4019
[ep  433] longdress    static_B_2020.02.27_18.39.27.csv@1183  reward=QoE=  -18.87 eps=0.824 loss=4.4890
[ep  434] loot         driving_B_2019.12.16_12.27.05.csv@1116  reward=QoE=   31.53 eps=0.823 loss=5.2102
[ep  435] redandblack  static_B_2020.02.14_13.21.26.csv@196   reward=QoE=   42.45 eps=0.823 loss=4.6144
[ep  436] soldier      driving_B_2019.12.17_07.32.39.csv@1514  reward=QoE=  -78.92 eps=0.823 loss=5.2133
[ep  437] longdress    static_B_2020.02.27_18.39.27.csv@4843  reward=QoE=   31.91 eps=0.822 loss=4.7124
[ep  438] loot         static_B_2020.02.27_18.39.27.csv@2143  reward=QoE=   56.87 eps=0.822 loss=4.7637
[ep  439] redandblack  static_B_2020.02.27_18.39.27.csv@2023  reward=QoE=   39.79 eps=0.821 loss=5.0024
[ep  440] soldier      static_B_2019.12.16_13.40.04.csv@1039  reward=QoE=   42.81 eps=0.821 loss=4.6304
[ep  441] longdress    driving_B_2020.02.13_13.03.24.csv@1212  reward=QoE=  -95.43 eps=0.821 loss=4.6623
[ep  442] loot         driving_B_2020.01.16_09.56.56.csv@1347  reward=QoE=   57.62 eps=0.820 loss=4.4131
[ep  443] redandblack  static_B_2019.12.16_13.40.04.csv@379   reward=QoE=   38.34 eps=0.820 loss=4.7612
[ep  444] soldier      driving_B_2019.12.17_07.32.39.csv@2054  reward=QoE=  -25.10 eps=0.819 loss=4.7248
[ep  445] longdress    driving_B_2020.02.14_09.38.22.csv@668   reward=QoE=   -2.82 eps=0.819 loss=4.6545
[ep  446] loot         driving_B_2020.02.27_17.30.15.csv@530   reward=QoE=  -80.44 eps=0.819 loss=5.3539
[ep  447] redandblack  driving_B_2020.02.13_15.02.01.csv@1919  reward=QoE=   38.62 eps=0.818 loss=4.6192
[ep  448] soldier      driving_B_2019.12.17_07.32.39.csv@1574  reward=QoE=  -60.87 eps=0.818 loss=4.9798
[ep  449] longdress    driving_B_2020.02.13_15.02.01.csv@2519  reward=QoE=  -38.81 eps=0.817 loss=4.6928
[ep  450] loot         static_B_2019.12.16_13.40.04.csv@1399  reward=QoE=   20.25 eps=0.817 loss=4.9638
[ep  451] redandblack  driving_B_2020.02.13_13.03.24.csv@1872  reward=QoE= -525.52 eps=0.817 loss=4.7863
[ep  452] soldier      driving_B_2019.12.16_12.27.05.csv@1056  reward=QoE=   33.92 eps=0.816 loss=4.8759
[ep  453] longdress    driving_B_2019.12.16_12.27.05.csv@456   reward=QoE= -271.64 eps=0.816 loss=5.2553
[ep  454] loot         driving_B_2020.02.13_13.03.24.csv@972   reward=QoE=  -47.96 eps=0.815 loss=5.7964
[ep  455] redandblack  static_B_2020.02.27_18.39.27.csv@3583  reward=QoE=   38.61 eps=0.815 loss=6.0923
[ep  456] soldier      driving_B_2020.01.16_07.26.43.csv@1056  reward=QoE=   23.46 eps=0.815 loss=5.2827
[ep  457] longdress    static_B_2020.02.27_18.39.27.csv@5503  reward=QoE=    6.34 eps=0.814 loss=5.5557
[ep  458] loot         driving_B_2020.02.13_13.03.24.csv@192   reward=QoE=  -64.89 eps=0.814 loss=5.1402
[ep  459] redandblack  driving_B_2020.02.27_17.30.15.csv@290   reward=QoE= -258.32 eps=0.813 loss=4.8795
[ep  460] soldier      driving_B_2020.01.16_09.56.56.csv@807   reward=QoE=   39.98 eps=0.813 loss=5.6867
[ep  461] longdress    driving_B_2020.02.13_15.02.01.csv@2339  reward=QoE= -485.01 eps=0.812 loss=4.5749
[ep  462] loot         driving_B_2020.01.16_09.56.56.csv@87    reward=QoE=  -51.60 eps=0.812 loss=4.6079
[ep  463] redandblack  driving_B_2020.02.13_15.02.01.csv@899   reward=QoE=   42.19 eps=0.812 loss=5.6419
[ep  464] soldier      driving_B_2019.12.17_07.32.39.csv@2288  reward=QoE=   56.81 eps=0.811 loss=5.8636
[ep  465] longdress    driving_B_2020.01.16_07.26.43.csv@1770  reward=QoE= -196.73 eps=0.811 loss=5.9024
[ep  466] loot         driving_B_2020.01.16_09.56.56.csv@1107  reward=QoE=  -26.04 eps=0.810 loss=5.1943
[ep  467] redandblack  driving_B_2020.01.16_12.10.03.csv@244   reward=QoE=   73.65 eps=0.810 loss=5.2532
[ep  468] soldier      static_B_2020.02.27_18.39.27.csv@3643  reward=QoE=   17.09 eps=0.810 loss=4.6936
[ep  469] longdress    driving_B_2020.02.13_15.02.01.csv@2754  reward=QoE= -108.20 eps=0.809 loss=5.2724
[ep  470] loot         driving_B_2020.02.13_13.03.24.csv@792   reward=QoE=   -3.65 eps=0.809 loss=5.2805
[ep  471] redandblack  static_B_2020.02.14_13.21.26.csv@256   reward=QoE=   29.50 eps=0.808 loss=4.9821
[ep  472] soldier      static_B_2019.12.16_13.40.04.csv@979   reward=QoE=   38.64 eps=0.808 loss=6.1120
[ep  473] longdress    driving_B_2020.02.13_15.02.01.csv@59    reward=QoE=   51.33 eps=0.808 loss=5.2936
[ep  474] loot         driving_B_2019.12.17_07.32.39.csv@74    reward=QoE=   10.90 eps=0.807 loss=4.6151
[ep  475] redandblack  driving_B_2020.02.13_15.02.01.csv@359   reward=QoE=   59.73 eps=0.807 loss=5.5938
[ep  476] soldier      driving_B_2020.02.13_13.03.24.csv@1332  reward=QoE=  -70.72 eps=0.806 loss=5.3353
[ep  477] longdress    static_B_2019.12.16_13.40.04.csv@1579  reward=QoE=   64.64 eps=0.806 loss=6.0989
[ep  478] loot         static_B_2020.02.27_18.39.27.csv@5683  reward=QoE=   53.41 eps=0.806 loss=5.0710
[ep  479] redandblack  driving_B_2020.01.16_09.56.56.csv@387   reward=QoE=  -24.20 eps=0.805 loss=5.2877
[ep  480] soldier      driving_B_2019.12.17_07.32.39.csv@974   reward=QoE= -158.82 eps=0.805 loss=5.5806
[ep  481] longdress    driving_B_2020.02.13_15.02.01.csv@659   reward=QoE=   35.06 eps=0.804 loss=4.9842
[ep  482] loot         static_B_2020.02.27_18.39.27.csv@43    reward=QoE=   33.65 eps=0.804 loss=4.7166
[ep  483] redandblack  driving_B_2020.02.13_13.03.24.csv@1812  reward=QoE=-1023.05 eps=0.804 loss=5.3050
[ep  484] soldier      driving_B_2020.02.13_13.03.24.csv@2188  reward=QoE= -219.00 eps=0.803 loss=5.6289
[ep  485] longdress    static_B_2020.02.27_18.39.27.csv@583   reward=QoE=   -6.42 eps=0.803 loss=5.2555
[ep  486] loot         static_B_2020.02.27_18.39.27.csv@2743  reward=QoE=   30.71 eps=0.802 loss=5.6107
[ep  487] redandblack  driving_B_2020.01.16_07.26.43.csv@996   reward=QoE=   11.93 eps=0.802 loss=4.7182
[ep  488] soldier      driving_B_2019.12.16_12.27.05.csv@96    reward=QoE=  -98.09 eps=0.801 loss=5.2865
[ep  489] longdress    driving_B_2019.12.17_07.32.39.csv@1394  reward=QoE= -165.24 eps=0.801 loss=5.2640
[ep  490] loot         static_B_2020.02.14_13.21.26.csv@796   reward=QoE=   38.52 eps=0.801 loss=5.1016
[ep  491] redandblack  driving_B_2020.02.14_09.38.22.csv@608   reward=QoE=   42.99 eps=0.800 loss=5.5707
[ep  492] soldier      static_B_2019.12.16_13.40.04.csv@259   reward=QoE=   20.02 eps=0.800 loss=5.5414
[ep  493] longdress    driving_B_2019.12.17_07.32.39.csv@614   reward=QoE=  -17.48 eps=0.799 loss=5.7313
[ep  494] loot         driving_B_2020.02.13_15.02.01.csv@1679  reward=QoE=  -19.43 eps=0.799 loss=5.8211
[ep  495] redandblack  driving_B_2020.01.16_07.26.43.csv@636   reward=QoE=  -24.91 eps=0.799 loss=4.8923
[ep  496] soldier      driving_B_2019.12.16_12.27.05.csv@1152  reward=QoE=   -3.24 eps=0.798 loss=5.0808
[ep  497] longdress    driving_B_2020.02.14_09.38.22.csv@188   reward=QoE= -380.81 eps=0.798 loss=4.5601
[ep  498] loot         driving_B_2020.01.16_09.56.56.csv@1047  reward=QoE=  -53.65 eps=0.797 loss=4.9635
[ep  499] redandblack  driving_B_2020.01.16_09.56.56.csv@507   reward=QoE=   40.09 eps=0.797 loss=5.6055
[ep  500] soldier      driving_B_2020.02.13_15.02.01.csv@2279  reward=QoE= -113.53 eps=0.797 loss=5.0218
[ep  501] longdress    driving_B_2020.01.16_09.56.56.csv@1570  reward=QoE=    9.64 eps=0.796 loss=5.2007
[ep  502] loot         driving_B_2020.01.16_07.26.43.csv@396   reward=QoE=  -76.65 eps=0.796 loss=5.3437
[ep  503] redandblack  static_B_2020.02.14_13.21.26.csv@136   reward=QoE=   44.45 eps=0.795 loss=4.4641
[ep  504] soldier      driving_B_2020.01.16_07.26.43.csv@816   reward=QoE=   32.59 eps=0.795 loss=5.0077
[ep  505] longdress    driving_B_2020.02.13_15.02.01.csv@1979  reward=QoE=    6.80 eps=0.795 loss=4.9810
[ep  506] loot         static_B_2020.02.27_18.39.27.csv@463   reward=QoE=   41.82 eps=0.794 loss=4.8877
[ep  507] redandblack  driving_B_2020.02.13_13.03.24.csv@912   reward=QoE=  -94.40 eps=0.794 loss=5.0719
[ep  508] soldier      static_B_2019.12.16_13.40.04.csv@139   reward=QoE=   62.59 eps=0.793 loss=4.8827
[ep  509] longdress    driving_B_2020.02.14_12.58.17.csv@167   reward=QoE= -796.45 eps=0.793 loss=5.1332
[ep  510] loot         driving_B_2020.02.14_09.38.22.csv@548   reward=QoE=   52.01 eps=0.793 loss=5.2119
[ep  511] redandblack  driving_B_2019.12.17_07.32.39.csv@1274  reward=QoE=   12.98 eps=0.792 loss=4.2440
[ep  512] soldier      driving_B_2020.02.13_15.02.01.csv@2579  reward=QoE=   52.79 eps=0.792 loss=5.0250
[ep  513] longdress    static_B_2020.02.27_18.39.27.csv@643   reward=QoE=   59.74 eps=0.791 loss=5.2358
[ep  514] loot         static_B_2019.12.16_13.40.04.csv@739   reward=QoE=   24.80 eps=0.791 loss=5.1845
[ep  515] redandblack  driving_B_2020.02.14_09.38.22.csv@368   reward=QoE= -136.03 eps=0.791 loss=4.9336
[ep  516] soldier      static_B_2020.02.27_18.39.27.csv@4183  reward=QoE=   30.94 eps=0.790 loss=5.5045
[ep  517] longdress    static_B_2020.02.27_18.39.27.csv@5263  reward=QoE=   49.42 eps=0.790 loss=5.6044
[ep  518] loot         driving_B_2019.12.16_12.27.05.csv@756   reward=QoE=    3.45 eps=0.789 loss=5.9393
[ep  519] redandblack  driving_B_2019.12.17_07.32.39.csv@1934  reward=QoE=   35.75 eps=0.789 loss=5.8929
[ep  520] soldier      driving_B_2020.02.13_15.02.01.csv@1019  reward=QoE=   41.08 eps=0.788 loss=5.4677
[ep  521] longdress    driving_B_2020.01.16_09.56.56.csv@927   reward=QoE=   -1.32 eps=0.788 loss=4.8237
[ep  522] loot         static_B_2020.02.27_18.39.27.csv@1303  reward=QoE=   43.35 eps=0.788 loss=4.9800
[ep  523] redandblack  driving_B_2020.02.14_09.38.22.csv@1028  reward=QoE=  -17.73 eps=0.787 loss=5.0732
[ep  524] soldier      static_B_2020.02.27_18.39.27.csv@3763  reward=QoE=   51.41 eps=0.787 loss=5.6824
[ep  525] longdress    driving_B_2020.02.13_15.02.01.csv@2639  reward=QoE=   63.46 eps=0.786 loss=4.7921
[ep  526] loot         static_B_2020.02.14_13.21.26.csv@76    reward=QoE=   35.05 eps=0.786 loss=4.7790
[ep  527] redandblack  static_B_2020.02.27_18.39.27.csv@3943  reward=QoE=   27.69 eps=0.786 loss=5.0730
[ep  528] soldier      driving_B_2020.01.16_07.26.43.csv@1176  reward=QoE= -110.86 eps=0.785 loss=5.5206
[ep  529] longdress    driving_B_2020.01.16_07.26.43.csv@36    reward=QoE=    7.92 eps=0.785 loss=6.2561
[ep  530] loot         static_B_2020.02.27_18.39.27.csv@2263  reward=QoE=   29.59 eps=0.784 loss=5.5078
[ep  531] redandblack  driving_B_2020.02.13_13.03.24.csv@1572  reward=QoE=  -29.02 eps=0.784 loss=6.5356
[ep  532] soldier      static_B_2020.02.27_18.39.27.csv@5023  reward=QoE=   34.77 eps=0.784 loss=5.8716
[ep  533] longdress    static_B_2020.02.27_18.39.27.csv@3703  reward=QoE=   51.45 eps=0.783 loss=4.9951
[ep  534] loot         driving_B_2020.02.14_12.58.17.csv@527   reward=QoE=  -81.30 eps=0.783 loss=5.6686
[ep  535] redandblack  driving_B_2020.02.13_15.02.01.csv@1319  reward=QoE= -264.49 eps=0.782 loss=5.9687
[ep  536] soldier      static_B_2020.02.14_13.21.26.csv@16    reward=QoE=    6.88 eps=0.782 loss=5.5856
[ep  537] longdress    driving_B_2020.02.13_13.03.24.csv@1032  reward=QoE= -108.68 eps=0.782 loss=5.2405
[ep  538] loot         driving_B_2019.12.17_07.32.39.csv@734   reward=QoE=   24.91 eps=0.781 loss=5.4452
[ep  539] redandblack  driving_B_2019.12.17_07.32.39.csv@494   reward=QoE=  -25.67 eps=0.781 loss=4.8795
[ep  540] soldier      driving_B_2019.12.16_12.27.05.csv@1152  reward=QoE=   30.39 eps=0.780 loss=5.2666
[ep  541] longdress    static_B_2019.12.16_13.40.04.csv@1639  reward=QoE=   48.40 eps=0.780 loss=5.6103
[ep  542] loot         driving_B_2020.02.13_15.02.01.csv@1499  reward=QoE=  -31.66 eps=0.780 loss=5.0571
[ep  543] redandblack  driving_B_2020.01.16_07.26.43.csv@756   reward=QoE=   30.35 eps=0.779 loss=5.1993
[ep  544] soldier      driving_B_2020.02.13_13.03.24.csv@672   reward=QoE= -131.28 eps=0.779 loss=5.0350
[ep  545] longdress    driving_B_2020.02.14_09.38.22.csv@1388  reward=QoE= -114.87 eps=0.778 loss=5.8817
[ep  546] loot         static_B_2019.12.16_13.40.04.csv@1159  reward=QoE= -180.35 eps=0.778 loss=5.9359
[ep  547] redandblack  static_B_2019.12.16_13.40.04.csv@1819  reward=QoE=   47.86 eps=0.777 loss=5.5467
[ep  548] soldier      static_B_2020.02.27_18.39.27.csv@103   reward=QoE=   63.72 eps=0.777 loss=5.3497
[ep  549] longdress    driving_B_2020.02.13_15.02.01.csv@539   reward=QoE=  -16.61 eps=0.777 loss=5.4277
[ep  550] loot         driving_B_2020.02.13_13.03.24.csv@1452  reward=QoE=  -20.41 eps=0.776 loss=5.7191
[ep  551] redandblack  driving_B_2020.02.13_15.02.01.csv@2039  reward=QoE=   33.04 eps=0.776 loss=5.2370
[ep  552] soldier      driving_B_2019.12.17_07.32.39.csv@2174  reward=QoE=  -84.11 eps=0.775 loss=5.7488
[ep  553] longdress    static_B_2020.02.27_18.39.27.csv@823   reward=QoE=   48.42 eps=0.775 loss=5.9288
[ep  554] loot         driving_B_2020.01.16_07.26.43.csv@876   reward=QoE=  -33.73 eps=0.775 loss=5.9341
[ep  555] redandblack  static_B_2019.12.16_13.40.04.csv@619   reward=QoE=    1.36 eps=0.774 loss=5.6473
[ep  556] soldier      driving_B_2019.12.16_12.27.05.csv@36    reward=QoE=  -51.58 eps=0.774 loss=5.0004
[ep  557] longdress    driving_B_2020.02.13_15.02.01.csv@1199  reward=QoE=   22.96 eps=0.773 loss=4.7204
[ep  558] loot         driving_B_2020.02.13_15.02.01.csv@1379  reward=QoE=  -52.06 eps=0.773 loss=5.9622
[ep  559] redandblack  driving_B_2020.02.13_13.03.24.csv@1272  reward=QoE=  -71.69 eps=0.773 loss=5.9683
[ep  560] soldier      driving_B_2020.02.13_13.03.24.csv@132   reward=QoE=  -44.41 eps=0.772 loss=5.8109
[ep  561] longdress    driving_B_2020.02.13_15.02.01.csv@1259  reward=QoE=   16.57 eps=0.772 loss=5.7032
[ep  562] loot         static_B_2019.12.16_13.40.04.csv@1904  reward=QoE=   -0.82 eps=0.771 loss=6.1969
[ep  563] redandblack  static_B_2020.02.27_18.39.27.csv@3223  reward=QoE=   21.40 eps=0.771 loss=6.0142
[ep  564] soldier      driving_B_2020.02.14_12.58.17.csv@707   reward=QoE= -232.09 eps=0.771 loss=6.3414
[ep  565] longdress    driving_B_2020.02.13_13.03.24.csv@2052  reward=QoE= -515.69 eps=0.770 loss=6.2613
[ep  566] loot         static_B_2020.02.27_18.39.27.csv@1603  reward=QoE=    6.37 eps=0.770 loss=5.7830
[ep  567] redandblack  driving_B_2019.12.16_12.27.05.csv@996   reward=QoE=   57.53 eps=0.769 loss=4.8646
[ep  568] soldier      driving_B_2019.12.16_12.27.05.csv@696   reward=QoE=    6.58 eps=0.769 loss=5.0751
[ep  569] longdress    driving_B_2020.01.16_09.56.56.csv@627   reward=QoE=   25.32 eps=0.769 loss=6.1382
[ep  570] loot         driving_B_2019.12.16_12.27.05.csv@516   reward=QoE= -151.59 eps=0.768 loss=5.5027
[ep  571] redandblack  static_B_2020.02.27_18.39.27.csv@1003  reward=QoE=   59.05 eps=0.768 loss=5.9804
[ep  572] soldier      static_B_2020.02.27_18.39.27.csv@4543  reward=QoE=   22.23 eps=0.767 loss=5.3126
[ep  573] longdress    driving_B_2020.01.16_09.56.56.csv@567   reward=QoE=   44.60 eps=0.767 loss=5.4887
[ep  574] loot         driving_B_2019.12.17_07.32.39.csv@314   reward=QoE=   20.21 eps=0.767 loss=5.4342
[ep  575] redandblack  driving_B_2020.02.13_15.02.01.csv@299   reward=QoE=   24.23 eps=0.766 loss=6.3885
[ep  576] soldier      static_B_2020.02.27_18.39.27.csv@283   reward=QoE=   41.97 eps=0.766 loss=5.0869
[ep  577] longdress    driving_B_2020.02.13_13.03.24.csv@1992  reward=QoE=  -85.59 eps=0.765 loss=5.2250
[ep  578] loot         driving_B_2020.01.16_07.26.43.csv@276   reward=QoE=   16.59 eps=0.765 loss=5.6910
[ep  579] redandblack  static_B_2019.12.16_13.40.04.csv@319   reward=QoE=   11.23 eps=0.764 loss=5.6321
[ep  580] soldier      driving_B_2020.02.14_12.58.17.csv@287   reward=QoE= -412.56 eps=0.764 loss=5.6792
[ep  581] longdress    static_B_2020.02.27_18.39.27.csv@2443  reward=QoE=   44.95 eps=0.764 loss=4.8411
[ep  582] loot         static_B_2020.02.27_18.39.27.csv@2683  reward=QoE=   34.72 eps=0.763 loss=5.7595
[ep  583] redandblack  driving_B_2020.01.16_09.56.56.csv@1227  reward=QoE=    7.32 eps=0.763 loss=6.2559
[ep  584] soldier      driving_B_2020.02.14_09.38.22.csv@1148  reward=QoE=  -28.90 eps=0.762 loss=5.3426
[ep  585] longdress    driving_B_2020.02.13_13.03.24.csv@12    reward=QoE=  -88.63 eps=0.762 loss=5.3707
[ep  586] loot         driving_B_2020.01.16_09.56.56.csv@1570  reward=QoE=   39.33 eps=0.762 loss=5.6261
[ep  587] redandblack  driving_B_2020.02.13_15.02.01.csv@2219  reward=QoE=   30.93 eps=0.761 loss=5.7486
[ep  588] soldier      driving_B_2020.02.13_15.02.01.csv@1139  reward=QoE=  -10.40 eps=0.761 loss=5.1654
[ep  589] longdress    driving_B_2020.01.16_12.10.03.csv@244   reward=QoE=   58.54 eps=0.760 loss=5.6188
[ep  590] loot         static_B_2020.02.27_18.39.27.csv@3343  reward=QoE=   55.18 eps=0.760 loss=5.9446
[ep  591] redandblack  driving_B_2019.12.17_07.32.39.csv@1214  reward=QoE=   12.15 eps=0.760 loss=5.5013
[ep  592] soldier      static_B_2020.02.27_18.39.27.csv@1903  reward=QoE=   34.89 eps=0.759 loss=5.2606
[ep  593] longdress    driving_B_2020.01.16_09.56.56.csv@327   reward=QoE=    5.51 eps=0.759 loss=5.2273
[ep  594] loot         static_B_2020.02.27_18.39.27.csv@1543  reward=QoE=   56.64 eps=0.758 loss=5.5388
[ep  595] redandblack  static_B_2020.02.14_13.21.26.csv@436   reward=QoE=   42.21 eps=0.758 loss=5.6391
[ep  596] soldier      driving_B_2020.02.27_17.30.15.csv@720   reward=QoE= -268.05 eps=0.758 loss=4.9372
[ep  597] longdress    static_B_2020.02.27_18.39.27.csv@763   reward=QoE=   40.55 eps=0.757 loss=5.1619
[ep  598] loot         static_B_2020.02.14_13.21.26.csv@850   reward=QoE=   42.65 eps=0.757 loss=5.4421
[ep  599] redandblack  driving_B_2019.12.17_07.32.39.csv@1694  reward=QoE=  -65.26 eps=0.756 loss=5.6162
[ep  600] soldier      driving_B_2019.12.17_07.32.39.csv@914   reward=QoE= -112.46 eps=0.756 loss=5.4810
[ep  601] longdress    static_B_2019.12.16_13.40.04.csv@1759  reward=QoE=   47.99 eps=0.756 loss=5.5857
[ep  602] loot         driving_B_2019.12.17_07.32.39.csv@2234  reward=QoE=   69.40 eps=0.755 loss=5.1444
[ep  603] redandblack  static_B_2020.02.27_18.39.27.csv@4783  reward=QoE=   53.01 eps=0.755 loss=5.1736
[ep  604] soldier      static_B_2020.02.27_18.39.27.csv@2923  reward=QoE=   26.47 eps=0.754 loss=7.1259
[ep  605] longdress    static_B_2020.02.27_18.39.27.csv@3043  reward=QoE=   21.38 eps=0.754 loss=6.0322
[ep  606] loot         driving_B_2020.02.14_09.38.22.csv@1208  reward=QoE=  -53.90 eps=0.753 loss=5.8763
[ep  607] redandblack  driving_B_2020.01.16_12.10.03.csv@32    reward=QoE=   41.30 eps=0.753 loss=6.4373
[ep  608] soldier      driving_B_2020.02.13_13.03.24.csv@492   reward=QoE= -122.60 eps=0.753 loss=6.2774
[ep  609] longdress    driving_B_2020.02.13_15.02.01.csv@2399  reward=QoE= -317.61 eps=0.752 loss=5.6830
[ep  610] loot         driving_B_2020.02.13_15.02.01.csv@2754  reward=QoE=  -33.20 eps=0.752 loss=6.1081
[ep  611] redandblack  static_B_2020.02.27_18.39.27.csv@4663  reward=QoE= -247.96 eps=0.751 loss=5.9001
[ep  612] soldier      driving_B_2019.12.17_07.32.39.csv@374   reward=QoE=   22.90 eps=0.751 loss=6.6268
[ep  613] longdress    driving_B_2020.02.13_13.03.24.csv@312   reward=QoE=  -80.87 eps=0.751 loss=5.1609
[ep  614] loot         driving_B_2020.01.16_07.26.43.csv@1296  reward=QoE=   54.97 eps=0.750 loss=5.5207
[ep  615] redandblack  driving_B_2020.02.14_12.58.17.csv@800   reward=QoE=    8.20 eps=0.750 loss=5.6136
[ep  616] soldier      static_B_2020.02.27_18.39.27.csv@2203  reward=QoE=   44.39 eps=0.749 loss=5.5964
[ep  617] longdress    driving_B_2020.01.16_07.26.43.csv@96    reward=QoE=  -50.34 eps=0.749 loss=5.7665
[ep  618] loot         static_B_2020.02.27_18.39.27.csv@1363  reward=QoE=   61.84 eps=0.749 loss=6.3026
[ep  619] redandblack  static_B_2019.12.16_13.40.04.csv@859   reward=QoE=   40.21 eps=0.748 loss=5.7016
[ep  620] soldier      driving_B_2019.12.17_07.32.39.csv@14    reward=QoE=  -46.05 eps=0.748 loss=6.1293
[ep  621] longdress    static_B_2020.02.27_18.39.27.csv@1783  reward=QoE= -386.66 eps=0.747 loss=5.3932
[ep  622] loot         driving_B_2020.02.13_15.02.01.csv@419   reward=QoE=   39.60 eps=0.747 loss=5.5341
[ep  623] redandblack  driving_B_2020.01.16_09.56.56.csv@747   reward=QoE=   36.40 eps=0.747 loss=5.5828
[ep  624] soldier      driving_B_2020.02.14_12.58.17.csv@407   reward=QoE= -560.62 eps=0.746 loss=5.9214
[ep  625] longdress    driving_B_2020.02.13_13.03.24.csv@2172  reward=QoE= -366.48 eps=0.746 loss=6.0618
[ep  626] loot         driving_B_2019.12.17_07.32.39.csv@674   reward=QoE=    8.19 eps=0.745 loss=5.8541
[ep  627] redandblack  driving_B_2020.02.14_09.38.22.csv@248   reward=QoE= -208.14 eps=0.745 loss=6.2127
[ep  628] soldier      driving_B_2020.02.13_13.03.24.csv@552   reward=QoE=  -57.49 eps=0.745 loss=5.3387
[ep  629] longdress    driving_B_2019.12.17_07.32.39.csv@1034  reward=QoE=    9.69 eps=0.744 loss=5.8333
[ep  630] loot         static_B_2020.02.14_13.21.26.csv@316   reward=QoE=   40.43 eps=0.744 loss=6.1125
[ep  631] redandblack  static_B_2020.02.27_18.39.27.csv@3463  reward=QoE=   48.60 eps=0.743 loss=5.5411
[ep  632] soldier      driving_B_2020.02.13_13.03.24.csv@1752  reward=QoE=   31.95 eps=0.743 loss=5.2483
[ep  633] longdress    static_B_2020.02.27_18.39.27.csv@703   reward=QoE=   37.28 eps=0.743 loss=5.8747
[ep  634] loot         driving_B_2020.02.13_13.03.24.csv@1392  reward=QoE=  -11.63 eps=0.742 loss=5.6967
[ep  635] redandblack  driving_B_2019.12.17_07.32.39.csv@2114  reward=QoE=   23.17 eps=0.742 loss=5.3821
[ep  636] soldier      driving_B_2020.02.13_15.02.01.csv@1079  reward=QoE=   40.21 eps=0.741 loss=5.4199
[ep  637] longdress    static_B_2020.02.27_18.39.27.csv@2083  reward=QoE=   66.23 eps=0.741 loss=5.6879
[ep  638] loot         driving_B_2019.12.17_07.32.39.csv@254   reward=QoE=    3.72 eps=0.740 loss=5.7696
[ep  639] redandblack  driving_B_2020.02.13_15.02.01.csv@239   reward=QoE=   42.27 eps=0.740 loss=5.5181
[ep  640] soldier      driving_B_2020.02.27_17.30.15.csv@470   reward=QoE= -185.73 eps=0.740 loss=6.1444
[ep  641] longdress    driving_B_2019.12.16_12.27.05.csv@636   reward=QoE= -218.94 eps=0.739 loss=6.5943
[ep  642] loot         driving_B_2020.02.14_12.58.17.csv@347   reward=QoE= -141.38 eps=0.739 loss=5.9369
[ep  643] redandblack  driving_B_2019.12.17_07.32.39.csv@1994  reward=QoE=   40.89 eps=0.738 loss=5.5986
[ep  644] soldier      driving_B_2020.02.13_13.03.24.csv@1932  reward=QoE= -334.67 eps=0.738 loss=6.1914
[ep  645] longdress    driving_B_2019.12.16_12.27.05.csv@276   reward=QoE=  -17.77 eps=0.738 loss=6.1107
[ep  646] loot         static_B_2020.02.27_18.39.27.csv@2623  reward=QoE=   41.13 eps=0.737 loss=6.4657
[ep  647] redandblack  static_B_2019.12.16_13.40.04.csv@1879  reward=QoE= -115.79 eps=0.737 loss=5.8058
[ep  648] soldier      static_B_2019.12.16_13.40.04.csv@1459  reward=QoE=   57.93 eps=0.736 loss=5.8571
[ep  649] longdress    static_B_2020.02.27_18.39.27.csv@5742  reward=QoE=   28.20 eps=0.736 loss=5.8205
[ep  650] loot         driving_B_2020.02.14_09.38.22.csv@128   reward=QoE=  -71.81 eps=0.736 loss=4.9194
[ep  651] redandblack  driving_B_2020.02.14_09.38.22.csv@908   reward=QoE=   40.54 eps=0.735 loss=5.7994
[ep  652] soldier      static_B_2020.02.27_18.39.27.csv@5443  reward=QoE=   16.03 eps=0.735 loss=6.2292
[ep  653] longdress    static_B_2020.02.27_18.39.27.csv@883   reward=QoE=   47.36 eps=0.734 loss=6.0412
[ep  654] loot         driving_B_2020.01.16_09.56.56.csv@207   reward=QoE=   35.21 eps=0.734 loss=5.3242
[ep  655] redandblack  driving_B_2020.02.14_12.58.17.csv@107   reward=QoE=    2.03 eps=0.734 loss=5.8424
[ep  656] soldier      static_B_2020.02.27_18.39.27.csv@1063  reward=QoE=   52.50 eps=0.733 loss=5.7772
[ep  657] longdress    static_B_2019.12.16_13.40.04.csv@1099  reward=QoE= -404.15 eps=0.733 loss=5.6000
[ep  658] loot         static_B_2019.12.16_13.40.04.csv@19    reward=QoE=   40.42 eps=0.732 loss=5.4105
[ep  659] redandblack  static_B_2020.02.27_18.39.27.csv@5742  reward=QoE=   41.96 eps=0.732 loss=4.9805
[ep  660] soldier      driving_B_2020.01.16_07.26.43.csv@1770  reward=QoE= -153.81 eps=0.732 loss=7.6459
[ep  661] longdress    driving_B_2020.02.14_09.38.22.csv@968   reward=QoE=  -81.78 eps=0.731 loss=5.9769
[ep  662] loot         static_B_2019.12.16_13.40.04.csv@79    reward=QoE=   16.43 eps=0.731 loss=5.5711
[ep  663] redandblack  driving_B_2020.01.16_07.26.43.csv@1596  reward=QoE=  -64.32 eps=0.730 loss=5.7969
[ep  664] soldier      driving_B_2020.01.16_07.26.43.csv@1356  reward=QoE= -135.19 eps=0.730 loss=5.7593
[ep  665] longdress    driving_B_2019.12.17_07.32.39.csv@1754  reward=QoE=  -26.53 eps=0.729 loss=6.2583
[ep  666] loot         static_B_2020.02.14_13.21.26.csv@736   reward=QoE=   25.37 eps=0.729 loss=5.9746
[ep  667] redandblack  driving_B_2019.12.17_07.32.39.csv@554   reward=QoE=  -11.06 eps=0.729 loss=5.6529
[ep  668] soldier      driving_B_2020.02.14_09.38.22.csv@308   reward=QoE= -275.37 eps=0.728 loss=5.3060
[ep  669] longdress    driving_B_2019.12.16_12.27.05.csv@336   reward=QoE=  -40.40 eps=0.728 loss=5.1054
[ep  670] loot         driving_B_2020.02.13_15.02.01.csv@1559  reward=QoE= -109.43 eps=0.727 loss=5.4219
[ep  671] redandblack  static_B_2020.02.27_18.39.27.csv@5563  reward=QoE=   46.16 eps=0.727 loss=6.6294
[ep  672] soldier      static_B_2020.02.27_18.39.27.csv@1483  reward=QoE=   23.27 eps=0.727 loss=5.5346
[ep  673] longdress    static_B_2020.02.27_18.39.27.csv@2983  reward=QoE=   25.27 eps=0.726 loss=5.5772
[ep  674] loot         driving_B_2019.12.17_07.32.39.csv@194   reward=QoE=   16.98 eps=0.726 loss=6.1656
[ep  675] redandblack  driving_B_2020.02.14_09.38.22.csv@1448  reward=QoE=   10.73 eps=0.725 loss=5.8066
[ep  676] soldier      driving_B_2020.02.27_17.30.15.csv@650   reward=QoE= -302.39 eps=0.725 loss=5.9017
[ep  677] longdress    driving_B_2020.01.16_09.56.56.csv@447   reward=QoE= -107.36 eps=0.725 loss=5.9314
[ep  678] loot         static_B_2020.02.14_13.21.26.csv@376   reward=QoE=   31.23 eps=0.724 loss=5.3123
[ep  679] redandblack  static_B_2020.02.27_18.39.27.csv@523   reward=QoE=   30.85 eps=0.724 loss=7.0679
[ep  680] soldier      driving_B_2020.02.13_13.03.24.csv@1632  reward=QoE= -126.10 eps=0.723 loss=6.2064
[ep  681] longdress    static_B_2020.02.27_18.39.27.csv@3883  reward=QoE=   33.10 eps=0.723 loss=6.7104
[ep  682] loot         static_B_2020.02.27_18.39.27.csv@5623  reward=QoE=   37.06 eps=0.723 loss=6.1031
[ep  683] redandblack  static_B_2020.02.27_18.39.27.csv@5323  reward=QoE=   48.27 eps=0.722 loss=6.7980
[ep  684] soldier      driving_B_2020.02.27_17.30.15.csv@230   reward=QoE= -556.23 eps=0.722 loss=5.6759
[ep  685] longdress    static_B_2020.02.27_18.39.27.csv@3523  reward=QoE=   38.54 eps=0.721 loss=6.4303
[ep  686] loot         driving_B_2019.12.16_12.27.05.csv@396   reward=QoE= -131.99 eps=0.721 loss=6.2668
[ep  687] redandblack  driving_B_2020.02.13_13.03.24.csv@732   reward=QoE=  -18.16 eps=0.721 loss=5.6091
[ep  688] soldier      driving_B_2020.02.27_17.30.15.csv@350   reward=QoE= -113.49 eps=0.720 loss=6.6482
[ep  689] longdress    driving_B_2020.01.16_09.56.56.csv@147   reward=QoE=    2.48 eps=0.720 loss=6.8489
[ep  690] loot         static_B_2019.12.16_13.40.04.csv@1519  reward=QoE=   52.28 eps=0.719 loss=6.0510
[ep  691] redandblack  driving_B_2020.01.16_07.26.43.csv@1476  reward=QoE=  -19.03 eps=0.719 loss=6.5987
[ep  692] soldier      static_B_2020.02.27_18.39.27.csv@4303  reward=QoE=   43.19 eps=0.719 loss=5.4445
[ep  693] longdress    static_B_2020.02.14_13.21.26.csv@850   reward=QoE=   37.52 eps=0.718 loss=6.4320
[ep  694] loot         driving_B_2020.02.13_15.02.01.csv@1619  reward=QoE= -199.74 eps=0.718 loss=6.5381
[ep  695] redandblack  driving_B_2020.02.13_15.02.01.csv@179   reward=QoE=   55.10 eps=0.717 loss=6.4240
[ep  696] soldier      static_B_2019.12.16_13.40.04.csv@1904  reward=QoE=  -11.39 eps=0.717 loss=6.4087
[ep  697] longdress    static_B_2019.12.16_13.40.04.csv@799   reward=QoE=   44.33 eps=0.716 loss=6.8459
[ep  698] loot         driving_B_2019.12.17_07.32.39.csv@1334  reward=QoE=   33.50 eps=0.716 loss=6.5137
[ep  699] redandblack  static_B_2020.02.27_18.39.27.csv@4363  reward=QoE=   31.53 eps=0.716 loss=5.8896
[ep  700] soldier      driving_B_2020.01.16_07.26.43.csv@1716  reward=QoE=  -51.98 eps=0.715 loss=5.7194
[ep  701] longdress    driving_B_2019.12.17_07.32.39.csv@854   reward=QoE=  -34.72 eps=0.715 loss=6.1319
[ep  702] loot         static_B_2019.12.16_13.40.04.csv@679   reward=QoE=   43.09 eps=0.714 loss=6.3357
[ep  703] redandblack  driving_B_2020.02.13_15.02.01.csv@2159  reward=QoE=   52.62 eps=0.714 loss=6.6930
[ep  704] soldier      driving_B_2020.01.16_07.26.43.csv@516   reward=QoE=  -63.82 eps=0.714 loss=6.7700
[ep  705] longdress    driving_B_2020.01.16_07.26.43.csv@456   reward=QoE=  -92.43 eps=0.713 loss=5.9992
[ep  706] loot         driving_B_2020.02.13_15.02.01.csv@779   reward=QoE=   29.95 eps=0.713 loss=5.6180
[ep  707] redandblack  driving_B_2020.02.13_15.02.01.csv@2099  reward=QoE=   28.20 eps=0.712 loss=6.7166
[ep  708] soldier      driving_B_2019.12.17_07.32.39.csv@134   reward=QoE=  -26.66 eps=0.712 loss=7.0068
[ep  709] longdress    driving_B_2020.01.16_07.26.43.csv@1116  reward=QoE=  -17.62 eps=0.712 loss=6.1345
[ep  710] loot         driving_B_2019.12.17_07.32.39.csv@794   reward=QoE=  -30.04 eps=0.711 loss=6.1989
[ep  711] redandblack  driving_B_2020.01.16_12.10.03.csv@92    reward=QoE=   43.44 eps=0.711 loss=6.2595
[ep  712] soldier      static_B_2020.02.27_18.39.27.csv@4963  reward=QoE=   34.96 eps=0.710 loss=5.3915
[ep  713] longdress    static_B_2020.02.27_18.39.27.csv@2383  reward=QoE=   16.62 eps=0.710 loss=6.5435
[ep  714] loot         driving_B_2020.01.16_12.10.03.csv@152   reward=QoE=   40.56 eps=0.710 loss=5.8629
[ep  715] redandblack  static_B_2019.12.16_13.40.04.csv@499   reward=QoE=  -23.84 eps=0.709 loss=5.9283
[ep  716] soldier      driving_B_2020.02.13_13.03.24.csv@612   reward=QoE=  -77.38 eps=0.709 loss=6.2374
[ep  717] longdress    driving_B_2019.12.17_07.32.39.csv@1814  reward=QoE=  -29.10 eps=0.708 loss=5.9505
[ep  718] loot         static_B_2020.02.27_18.39.27.csv@4123  reward=QoE=   63.47 eps=0.708 loss=6.6591
[ep  719] redandblack  static_B_2020.02.27_18.39.27.csv@4243  reward=QoE=   45.25 eps=0.708 loss=5.5861
[ep  720] soldier      static_B_2020.02.14_13.21.26.csv@556   reward=QoE=   34.30 eps=0.707 loss=6.8701
[ep  721] longdress    driving_B_2020.01.16_07.26.43.csv@216   reward=QoE=    1.55 eps=0.707 loss=6.2733
[ep  722] loot         static_B_2020.02.27_18.39.27.csv@163   reward=QoE=   31.60 eps=0.706 loss=5.9321
[ep  723] redandblack  driving_B_2020.02.14_09.38.22.csv@1328  reward=QoE=   36.31 eps=0.706 loss=6.2503
[ep  724] soldier      driving_B_2020.01.16_07.26.43.csv@336   reward=QoE=  -95.10 eps=0.705 loss=6.6877
[ep  725] longdress    static_B_2020.02.27_18.39.27.csv@4903  reward=QoE=    3.27 eps=0.705 loss=6.3332
[ep  726] loot         driving_B_2019.12.16_12.27.05.csv@816   reward=QoE=   35.04 eps=0.705 loss=6.2527
[ep  727] redandblack  driving_B_2020.02.13_15.02.01.csv@119   reward=QoE=   49.54 eps=0.704 loss=6.4168
[ep  728] soldier      static_B_2020.02.27_18.39.27.csv@1843  reward=QoE=  -16.92 eps=0.704 loss=5.9298
[ep  729] longdress    driving_B_2020.02.13_13.03.24.csv@252   reward=QoE=  -81.80 eps=0.703 loss=5.6601
[ep  730] loot         driving_B_2019.12.17_07.32.39.csv@2288  reward=QoE=   47.73 eps=0.703 loss=5.6238
[ep  731] redandblack  static_B_2020.02.27_18.39.27.csv@3823  reward=QoE=   49.67 eps=0.703 loss=6.2733
[ep  732] soldier      driving_B_2020.02.13_15.02.01.csv@839   reward=QoE=  -80.76 eps=0.702 loss=5.5206
[ep  733] longdress    driving_B_2020.01.16_07.26.43.csv@696   reward=QoE=  -38.29 eps=0.702 loss=6.0869
[ep  734] loot         static_B_2020.02.27_18.39.27.csv@4483  reward=QoE=   62.62 eps=0.701 loss=5.8399
[ep  735] redandblack  driving_B_2020.02.13_13.03.24.csv@852   reward=QoE=  -93.76 eps=0.701 loss=7.0249
[ep  736] soldier      driving_B_2020.02.14_12.58.17.csv@47    reward=QoE= -129.56 eps=0.701 loss=6.5092
[ep  737] longdress    driving_B_2020.02.27_17.30.15.csv@110   reward=QoE= -357.89 eps=0.700 loss=6.0713
[ep  738] loot         static_B_2019.12.16_13.40.04.csv@919   reward=QoE=    1.37 eps=0.700 loss=5.5520
[ep  739] redandblack  driving_B_2020.02.13_13.03.24.csv@1092  reward=QoE= -107.46 eps=0.699 loss=6.2504
[ep  740] soldier      static_B_2020.02.27_18.39.27.csv@3283  reward=QoE=   46.36 eps=0.699 loss=6.3914
[ep  741] longdress    driving_B_2020.02.14_09.38.22.csv@788   reward=QoE=  -27.38 eps=0.699 loss=6.7367
[ep  742] loot         driving_B_2020.02.13_15.02.01.csv@959   reward=QoE=  -14.06 eps=0.698 loss=5.9033
[ep  743] redandblack  driving_B_2020.02.13_15.02.01.csv@1799  reward=QoE=   19.11 eps=0.698 loss=6.1953
[ep  744] soldier      static_B_2020.02.14_13.21.26.csv@676   reward=QoE=   55.79 eps=0.697 loss=6.2662
[ep  745] longdress    static_B_2020.02.27_18.39.27.csv@223   reward=QoE=   41.81 eps=0.697 loss=6.3629
[ep  746] loot         driving_B_2020.02.13_13.03.24.csv@72    reward=QoE=  -11.93 eps=0.697 loss=6.4560
[ep  747] redandblack  driving_B_2020.01.16_09.56.56.csv@267   reward=QoE=   32.16 eps=0.696 loss=6.7989
[ep  748] soldier      static_B_2020.02.14_13.21.26.csv@616   reward=QoE=   46.89 eps=0.696 loss=6.0468
[ep  749] longdress    static_B_2020.02.27_18.39.27.csv@5742  reward=QoE=   57.70 eps=0.695 loss=5.7733
[ep  750] loot         driving_B_2020.02.27_17.30.15.csv@710   reward=QoE= -136.78 eps=0.695 loss=6.0846
[ep  751] redandblack  driving_B_2019.12.17_07.32.39.csv@1874  reward=QoE=   23.40 eps=0.695 loss=7.3309
[ep  752] soldier      driving_B_2020.02.13_15.02.01.csv@2459  reward=QoE= -288.02 eps=0.694 loss=5.9854
[ep  753] longdress    driving_B_2020.01.16_09.56.56.csv@1167  reward=QoE=   -3.80 eps=0.694 loss=6.5282
[ep  754] loot         driving_B_2020.02.14_09.38.22.csv@8     reward=QoE=  -36.07 eps=0.693 loss=6.6835
[ep  755] redandblack  driving_B_2019.12.16_12.27.05.csv@936   reward=QoE=   40.23 eps=0.693 loss=6.6533
[ep  756] soldier      static_B_2020.02.27_18.39.27.csv@2563  reward=QoE=   42.63 eps=0.692 loss=6.0990
[ep  757] longdress    driving_B_2020.02.13_15.02.01.csv@479   reward=QoE=  -32.00 eps=0.692 loss=5.8697
[ep  758] loot         driving_B_2020.02.14_09.38.22.csv@428   reward=QoE=    9.21 eps=0.692 loss=6.5946
[ep  759] redandblack  driving_B_2020.02.13_15.02.01.csv@719   reward=QoE=  -19.27 eps=0.691 loss=6.7189
[ep  760] soldier      driving_B_2020.01.16_09.56.56.csv@27    reward=QoE=   -2.17 eps=0.691 loss=6.6353
[ep  761] longdress    driving_B_2020.02.14_09.38.22.csv@68    reward=QoE=  -94.59 eps=0.690 loss=6.1119
[ep  762] loot         driving_B_2020.02.14_12.58.17.csv@767   reward=QoE=  -92.14 eps=0.690 loss=6.6792
[ep  763] redandblack  static_B_2020.02.27_18.39.27.csv@1123  reward=QoE=   -6.79 eps=0.690 loss=5.6072
[ep  764] soldier      static_B_2020.02.27_18.39.27.csv@1723  reward=QoE=   35.58 eps=0.689 loss=6.1655
[ep  765] longdress    driving_B_2020.02.27_17.30.15.csv@720   reward=QoE= -530.91 eps=0.689 loss=6.8769
[ep  766] loot         static_B_2020.02.27_18.39.27.csv@343   reward=QoE=   59.26 eps=0.688 loss=6.5033
[ep  767] redandblack  driving_B_2020.02.13_13.03.24.csv@2112  reward=QoE= -267.76 eps=0.688 loss=6.9455
[ep  768] soldier      driving_B_2020.01.16_12.10.03.csv@212   reward=QoE=   45.88 eps=0.688 loss=6.0663
[ep  769] longdress    driving_B_2020.02.14_12.58.17.csv@647   reward=QoE=  -11.30 eps=0.687 loss=6.7604
[ep  770] loot         driving_B_2019.12.17_07.32.39.csv@434   reward=QoE=   23.92 eps=0.687 loss=7.0764
[ep  771] redandblack  static_B_2020.02.27_18.39.27.csv@3403  reward=QoE=   52.85 eps=0.686 loss=6.5311
[ep  772] soldier      static_B_2020.02.27_18.39.27.csv@3103  reward=QoE=  -21.93 eps=0.686 loss=6.4486
[ep  773] longdress    static_B_2019.12.16_13.40.04.csv@199   reward=QoE=   66.87 eps=0.686 loss=6.5330
[ep  774] loot         static_B_2019.12.16_13.40.04.csv@559   reward=QoE=   45.60 eps=0.685 loss=6.3929
[ep  775] redandblack  driving_B_2020.02.14_09.38.22.csv@848   reward=QoE=   49.68 eps=0.685 loss=6.4967
[ep  776] soldier      driving_B_2019.12.16_12.27.05.csv@156   reward=QoE=  -53.19 eps=0.684 loss=6.4712
[ep  777] longdress    driving_B_2020.02.13_13.03.24.csv@432   reward=QoE= -102.54 eps=0.684 loss=6.6663
[ep  778] loot         driving_B_2020.02.13_15.02.01.csv@1859  reward=QoE=   10.69 eps=0.684 loss=6.6455
[ep  779] redandblack  driving_B_2020.01.16_09.56.56.csv@1467  reward=QoE=   45.42 eps=0.683 loss=6.5972
[ep  780] soldier      driving_B_2020.02.14_09.38.22.csv@488   reward=QoE=  -45.06 eps=0.683 loss=6.7388
[ep  781] longdress    driving_B_2020.02.13_15.02.01.csv@2754  reward=QoE=  -51.82 eps=0.682 loss=5.9177
[ep  782] loot         static_B_2019.12.16_13.40.04.csv@1279  reward=QoE=   37.92 eps=0.682 loss=6.0617
[ep  783] redandblack  static_B_2020.02.27_18.39.27.csv@5203  reward=QoE=    7.53 eps=0.681 loss=6.1448
[ep  784] soldier      static_B_2020.02.27_18.39.27.csv@4063  reward=QoE=   71.40 eps=0.681 loss=6.3296
[ep  785] longdress    driving_B_2020.02.13_15.02.01.csv@1739  reward=QoE=   52.66 eps=0.681 loss=6.4326
[ep  786] loot         driving_B_2020.02.14_09.38.22.csv@1088  reward=QoE=  -60.46 eps=0.680 loss=6.3178
[ep  787] redandblack  driving_B_2020.02.14_12.58.17.csv@467   reward=QoE= -369.68 eps=0.680 loss=6.5008
[ep  788] soldier      driving_B_2020.02.14_12.58.17.csv@227   reward=QoE= -544.35 eps=0.679 loss=6.6154
[ep  789] longdress    static_B_2020.02.14_13.21.26.csv@496   reward=QoE=   57.39 eps=0.679 loss=6.2314
[ep  790] loot         driving_B_2020.02.13_13.03.24.csv@1152  reward=QoE=  -42.05 eps=0.679 loss=6.5248
[ep  791] redandblack  driving_B_2020.01.16_09.56.56.csv@1527  reward=QoE=   53.00 eps=0.678 loss=6.4322
[ep  792] soldier      driving_B_2020.01.16_07.26.43.csv@576   reward=QoE=  -10.64 eps=0.678 loss=6.6181
[ep  793] longdress    static_B_2020.02.27_18.39.27.csv@403   reward=QoE=   41.61 eps=0.677 loss=6.1135
[ep  794] loot         driving_B_2020.02.27_17.30.15.csv@50    reward=QoE=  -60.74 eps=0.677 loss=6.4347
[ep  795] redandblack  driving_B_2020.01.16_07.26.43.csv@1416  reward=QoE=  -37.16 eps=0.677 loss=6.1768
[ep  796] soldier      static_B_2019.12.16_13.40.04.csv@1339  reward=QoE=   20.30 eps=0.676 loss=6.2115
[ep  797] longdress    driving_B_2020.01.16_07.26.43.csv@1236  reward=QoE=  -27.58 eps=0.676 loss=6.1876
[ep  798] loot         static_B_2020.02.27_18.39.27.csv@943   reward=QoE=   55.79 eps=0.675 loss=6.4096
[ep  799] redandblack  static_B_2019.12.16_13.40.04.csv@1699  reward=QoE=   60.87 eps=0.675 loss=5.6794
[ep  800] soldier      driving_B_2020.01.16_09.56.56.csv@1287  reward=QoE=   48.10 eps=0.675 loss=6.3281
    [eval @ ep 800] reward=QoE=-620.36 mean_q=0.468 stall=123.8s  <-- best (saved)
[ep  801] longdress    static_B_2020.02.27_18.39.27.csv@5383  reward=QoE=   51.30 eps=0.674 loss=6.6867
[ep  802] loot         static_B_2020.02.27_18.39.27.csv@2803  reward=QoE=   36.22 eps=0.674 loss=6.1055
[ep  803] redandblack  static_B_2019.12.16_13.40.04.csv@439   reward=QoE=   30.97 eps=0.673 loss=5.7355
[ep  804] soldier      driving_B_2020.02.13_13.03.24.csv@1692  reward=QoE=   62.76 eps=0.673 loss=7.1608
[ep  805] longdress    static_B_2020.02.27_18.39.27.csv@1963  reward=QoE=   24.71 eps=0.673 loss=6.9989
[ep  806] loot         static_B_2020.02.27_18.39.27.csv@4603  reward=QoE=   40.11 eps=0.672 loss=7.1262
[ep  807] redandblack  driving_B_2020.02.14_09.38.22.csv@1268  reward=QoE=   13.00 eps=0.672 loss=6.1662
[ep  808] soldier      static_B_2019.12.16_13.40.04.csv@1219  reward=QoE=   25.59 eps=0.671 loss=6.4961
[ep  809] longdress    static_B_2020.02.27_18.39.27.csv@2503  reward=QoE=   34.74 eps=0.671 loss=6.1252
[ep  810] loot         static_B_2020.02.27_18.39.27.csv@2863  reward=QoE=   49.52 eps=0.670 loss=6.2965
[ep  811] redandblack  driving_B_2020.01.16_09.56.56.csv@987   reward=QoE=   24.82 eps=0.670 loss=6.9072
[ep  812] soldier      driving_B_2020.02.14_12.58.17.csv@587   reward=QoE=  -43.32 eps=0.670 loss=6.2316
[ep  813] longdress    driving_B_2020.01.16_09.56.56.csv@1407  reward=QoE=   40.27 eps=0.669 loss=6.1271
[ep  814] loot         driving_B_2019.12.17_07.32.39.csv@1454  reward=QoE=   -0.13 eps=0.669 loss=6.4165
[ep  815] redandblack  driving_B_2020.02.13_13.03.24.csv@372   reward=QoE=  -19.24 eps=0.668 loss=5.8775
[ep  816] soldier      driving_B_2020.02.27_17.30.15.csv@410   reward=QoE= -446.38 eps=0.668 loss=6.3578
[ep  817] longdress    static_B_2020.02.27_18.39.27.csv@5083  reward=QoE=   49.41 eps=0.668 loss=5.9416
[ep  818] loot         static_B_2020.02.27_18.39.27.csv@4003  reward=QoE=   48.29 eps=0.667 loss=6.4386
[ep  819] redandblack  static_B_2020.02.27_18.39.27.csv@1243  reward=QoE=   32.53 eps=0.667 loss=6.6856
[ep  820] soldier      driving_B_2020.01.16_09.56.56.csv@687   reward=QoE=    6.52 eps=0.666 loss=5.7435
[ep  821] longdress    driving_B_2020.02.13_15.02.01.csv@599   reward=QoE= -122.15 eps=0.666 loss=6.6476
[ep  822] loot         driving_B_2019.12.16_12.27.05.csv@876   reward=QoE=   54.89 eps=0.666 loss=6.8476
[ep  823] redandblack  driving_B_2020.02.27_17.30.15.csv@170   reward=QoE=  -86.64 eps=0.665 loss=7.2316
[ep  824] soldier      driving_B_2020.02.14_09.38.22.csv@1478  reward=QoE=   23.47 eps=0.665 loss=5.9989
[ep  825] longdress    static_B_2020.02.27_18.39.27.csv@1663  reward=QoE=   20.63 eps=0.664 loss=6.6953
[ep  826] loot         driving_B_2020.01.16_07.26.43.csv@1656  reward=QoE=  -41.61 eps=0.664 loss=5.9521
[ep  827] redandblack  driving_B_2019.12.16_12.27.05.csv@576   reward=QoE= -154.69 eps=0.664 loss=6.2599
[ep  828] soldier      driving_B_2020.02.27_17.30.15.csv@590   reward=QoE=  -94.93 eps=0.663 loss=6.2065
[ep  829] longdress    static_B_2020.02.27_18.39.27.csv@1423  reward=QoE=   54.76 eps=0.663 loss=7.4567
[ep  830] loot         driving_B_2020.02.14_12.58.17.csv@800   reward=QoE=    1.56 eps=0.662 loss=6.2961
[ep  831] redandblack  driving_B_2019.12.16_12.27.05.csv@216   reward=QoE=  -17.91 eps=0.662 loss=7.0151
[ep  832] soldier      driving_B_2020.02.13_15.02.01.csv@1439  reward=QoE=  -90.32 eps=0.662 loss=7.3838
[ep  833] longdress    static_B_2020.02.27_18.39.27.csv@5143  reward=QoE=   53.72 eps=0.661 loss=7.3312
[ep  834] loot         driving_B_2020.02.13_13.03.24.csv@1512  reward=QoE=   -9.37 eps=0.661 loss=6.3508
[ep  835] redandblack  driving_B_2020.02.13_15.02.01.csv@246   reward=QoE=   54.16 eps=0.660 loss=7.2213
[ep  836] soldier      driving_B_2020.02.14_12.58.17.csv@657   reward=QoE=   -8.39 eps=0.660 loss=6.3815
[ep  837] longdress    driving_B_2020.02.13_13.03.24.csv@746   reward=QoE= -360.82 eps=0.660 loss=6.4715
[ep  838] loot         static_B_2020.02.27_18.39.27.csv@2248  reward=QoE=   68.51 eps=0.659 loss=6.6246
[ep  839] redandblack  static_B_2020.02.27_18.39.27.csv@3148  reward=QoE= -339.06 eps=0.659 loss=5.9656
[ep  840] soldier      driving_B_2020.02.13_15.02.01.csv@2526  reward=QoE=  -36.42 eps=0.658 loss=6.7134
[ep  841] longdress    static_B_2020.02.27_18.39.27.csv@2428  reward=QoE=   78.79 eps=0.658 loss=7.0757
[ep  842] loot         driving_B_2020.02.13_15.02.01.csv@2106  reward=QoE=   42.68 eps=0.657 loss=6.9400
[ep  843] redandblack  static_B_2020.02.27_18.39.27.csv@1588  reward=QoE=   52.80 eps=0.657 loss=6.9146
[ep  844] soldier      driving_B_2020.02.13_15.02.01.csv@1866  reward=QoE=  -57.98 eps=0.657 loss=6.9218
[ep  845] longdress    static_B_2020.02.27_18.39.27.csv@5368  reward=QoE=   29.34 eps=0.656 loss=6.7806
[ep  846] loot         driving_B_2020.02.27_17.30.15.csv@420   reward=QoE= -423.49 eps=0.656 loss=6.6584
[ep  847] redandblack  static_B_2020.02.27_18.39.27.csv@5742  reward=QoE=   49.16 eps=0.655 loss=6.6156
[ep  848] soldier      driving_B_2020.02.13_13.03.24.csv@2126  reward=QoE= -229.66 eps=0.655 loss=7.0081
[ep  849] longdress    driving_B_2019.12.17_07.32.39.csv@163   reward=QoE=  -32.46 eps=0.655 loss=6.3121
[ep  850] loot         driving_B_2020.01.16_07.26.43.csv@1755  reward=QoE=   13.98 eps=0.654 loss=6.5147
[ep  851] redandblack  static_B_2020.02.27_18.39.27.csv@4708  reward=QoE=   16.41 eps=0.654 loss=6.9102
[ep  852] soldier      driving_B_2020.02.13_13.03.24.csv@1406  reward=QoE=  -68.83 eps=0.653 loss=5.9861
[ep  853] longdress    static_B_2020.02.14_13.21.26.csv@410   reward=QoE=   40.08 eps=0.653 loss=6.2931
[ep  854] loot         driving_B_2020.01.16_09.56.56.csv@588   reward=QoE=   36.56 eps=0.653 loss=6.8476
[ep  855] redandblack  driving_B_2020.02.13_13.03.24.csv@986   reward=QoE=  -49.26 eps=0.652 loss=6.1080
[ep  856] soldier      static_B_2020.02.27_18.39.27.csv@448   reward=QoE=   61.92 eps=0.652 loss=7.3507
[ep  857] longdress    driving_B_2020.02.13_13.03.24.csv@326   reward=QoE=  -74.60 eps=0.651 loss=6.6240
[ep  858] loot         driving_B_2020.02.13_15.02.01.csv@1926  reward=QoE=   56.44 eps=0.651 loss=5.9998
[ep  859] redandblack  driving_B_2019.12.17_07.32.39.csv@2083  reward=QoE=   62.59 eps=0.651 loss=6.7318
[ep  860] soldier      static_B_2020.02.27_18.39.27.csv@2308  reward=QoE=   32.22 eps=0.650 loss=6.2208
[ep  861] longdress    driving_B_2019.12.17_07.32.39.csv@43    reward=QoE=   26.24 eps=0.650 loss=7.3679
[ep  862] loot         driving_B_2019.12.17_07.32.39.csv@2203  reward=QoE=   14.08 eps=0.649 loss=6.9149
[ep  863] redandblack  driving_B_2019.12.17_07.32.39.csv@523   reward=QoE=   -8.12 eps=0.649 loss=6.3317
[ep  864] soldier      static_B_2020.02.27_18.39.27.csv@1408  reward=QoE=   56.71 eps=0.649 loss=7.6588
[ep  865] longdress    driving_B_2019.12.17_07.32.39.csv@583   reward=QoE=  -41.10 eps=0.648 loss=6.1681
[ep  866] loot         static_B_2019.12.16_13.40.04.csv@908   reward=QoE=   22.54 eps=0.648 loss=6.6466
[ep  867] redandblack  static_B_2019.12.16_13.40.04.csv@1448  reward=QoE=   33.58 eps=0.647 loss=6.6553
[ep  868] soldier      static_B_2020.02.27_18.39.27.csv@748   reward=QoE=   46.92 eps=0.647 loss=6.6110
[ep  869] longdress    driving_B_2020.02.14_09.38.22.csv@1368  reward=QoE=   60.30 eps=0.646 loss=6.5102
[ep  870] loot         driving_B_2019.12.17_07.32.39.csv@1843  reward=QoE=  -69.66 eps=0.646 loss=7.1390
[ep  871] redandblack  static_B_2019.12.16_13.40.04.csv@1388  reward=QoE= -136.53 eps=0.646 loss=6.4046
[ep  872] soldier      static_B_2020.02.27_18.39.27.csv@3568  reward=QoE=  -13.03 eps=0.645 loss=6.7252
[ep  873] longdress    driving_B_2020.01.16_07.26.43.csv@135   reward=QoE= -261.60 eps=0.645 loss=6.9407
[ep  874] loot         driving_B_2020.01.16_09.56.56.csv@1488  reward=QoE=   59.35 eps=0.644 loss=6.9184
[ep  875] redandblack  driving_B_2020.02.14_12.58.17.csv@297   reward=QoE= -327.44 eps=0.644 loss=6.4770
[ep  876] soldier      driving_B_2020.01.16_09.56.56.csv@168   reward=QoE=   24.58 eps=0.644 loss=7.4558
[ep  877] longdress    driving_B_2020.02.13_15.02.01.csv@1146  reward=QoE=    4.37 eps=0.643 loss=7.2039
[ep  878] loot         driving_B_2020.01.16_07.26.43.csv@1335  reward=QoE=  -90.17 eps=0.643 loss=7.1819
[ep  879] redandblack  static_B_2020.02.27_18.39.27.csv@1108  reward=QoE=   18.29 eps=0.642 loss=6.8263
[ep  880] soldier      static_B_2020.02.14_13.21.26.csv@650   reward=QoE=   42.44 eps=0.642 loss=7.0583
[ep  881] longdress    driving_B_2019.12.17_07.32.39.csv@1603  reward=QoE=   27.52 eps=0.642 loss=6.7798
[ep  882] loot         driving_B_2020.01.16_09.56.56.csv@948   reward=QoE=    9.51 eps=0.641 loss=7.1213
[ep  883] redandblack  driving_B_2020.01.16_07.26.43.csv@255   reward=QoE=   17.21 eps=0.641 loss=6.5071
[ep  884] soldier      driving_B_2019.12.17_07.32.39.csv@1303  reward=QoE=   21.44 eps=0.640 loss=7.3004
[ep  885] longdress    driving_B_2020.02.13_15.02.01.csv@906   reward=QoE=   31.12 eps=0.640 loss=7.2973
[ep  886] loot         static_B_2020.02.27_18.39.27.csv@2908  reward=QoE=   55.44 eps=0.640 loss=7.0020
[ep  887] redandblack  static_B_2020.02.27_18.39.27.csv@268   reward=QoE=   59.34 eps=0.639 loss=6.3003
[ep  888] soldier      driving_B_2020.02.14_09.38.22.csv@168   reward=QoE= -235.60 eps=0.639 loss=6.7224
[ep  889] longdress    driving_B_2020.01.16_07.26.43.csv@195   reward=QoE=    5.66 eps=0.638 loss=6.7356
[ep  890] loot         static_B_2019.12.16_13.40.04.csv@1088  reward=QoE=   50.35 eps=0.638 loss=6.7262
[ep  891] redandblack  driving_B_2020.01.16_07.26.43.csv@1275  reward=QoE=    1.61 eps=0.638 loss=7.2638
[ep  892] soldier      driving_B_2019.12.16_12.27.05.csv@743   reward=QoE=   22.72 eps=0.637 loss=6.8106
[ep  893] longdress    static_B_2020.02.27_18.39.27.csv@5068  reward=QoE=   71.30 eps=0.637 loss=6.5740
[ep  894] loot         static_B_2020.02.27_18.39.27.csv@3208  reward=QoE=    5.56 eps=0.636 loss=6.4850
[ep  895] redandblack  driving_B_2020.02.13_15.02.01.csv@2226  reward=QoE=   46.32 eps=0.636 loss=6.9287
[ep  896] soldier      static_B_2019.12.16_13.40.04.csv@1028  reward=QoE=   38.18 eps=0.636 loss=6.2253
[ep  897] longdress    static_B_2019.12.16_13.40.04.csv@668   reward=QoE=   45.81 eps=0.635 loss=6.9772
[ep  898] loot         driving_B_2020.01.16_09.56.56.csv@288   reward=QoE=   52.66 eps=0.635 loss=7.3712
[ep  899] redandblack  driving_B_2019.12.16_12.27.05.csv@203   reward=QoE=   -8.89 eps=0.634 loss=7.0745
[ep  900] soldier      driving_B_2020.02.27_17.30.15.csv@0     reward=QoE= -120.19 eps=0.634 loss=6.3899
[ep  901] longdress    static_B_2020.02.27_18.39.27.csv@1648  reward=QoE=   47.26 eps=0.633 loss=6.2539
[ep  902] loot         driving_B_2020.01.16_07.26.43.csv@975   reward=QoE=    8.28 eps=0.633 loss=6.9539
[ep  903] redandblack  static_B_2020.02.27_18.39.27.csv@1768  reward=QoE=   48.42 eps=0.633 loss=8.2263
[ep  904] soldier      static_B_2020.02.27_18.39.27.csv@4048  reward=QoE=   64.62 eps=0.632 loss=7.4447
[ep  905] longdress    driving_B_2020.01.16_12.10.03.csv@244   reward=QoE=   70.26 eps=0.632 loss=7.7657
[ep  906] loot         static_B_2020.02.27_18.39.27.csv@5728  reward=QoE=   51.12 eps=0.631 loss=7.1767
[ep  907] redandblack  static_B_2019.12.16_13.40.04.csv@188   reward=QoE=   65.04 eps=0.631 loss=7.7097
[ep  908] soldier      static_B_2019.12.16_13.40.04.csv@1268  reward=QoE=   -2.98 eps=0.631 loss=7.7170
[ep  909] longdress    static_B_2019.12.16_13.40.04.csv@428   reward=QoE=   33.93 eps=0.630 loss=7.4582
[ep  910] loot         driving_B_2020.02.14_09.38.22.csv@1478  reward=QoE=   14.19 eps=0.630 loss=7.1500
[ep  911] redandblack  static_B_2020.02.27_18.39.27.csv@508   reward=QoE=   44.68 eps=0.629 loss=7.4956
[ep  912] soldier      driving_B_2020.01.16_09.56.56.csv@828   reward=QoE=  -89.67 eps=0.629 loss=8.0079
[ep  913] longdress    driving_B_2019.12.17_07.32.39.csv@1903  reward=QoE=  -17.93 eps=0.629 loss=6.7449
[ep  914] loot         driving_B_2020.02.13_15.02.01.csv@1206  reward=QoE=   51.47 eps=0.628 loss=6.9569
[ep  915] redandblack  static_B_2020.02.27_18.39.27.csv@3448  reward=QoE=   52.59 eps=0.628 loss=7.6044
[ep  916] soldier      static_B_2019.12.16_13.40.04.csv@1904  reward=QoE=   10.85 eps=0.627 loss=6.7259
[ep  917] longdress    static_B_2020.02.27_18.39.27.csv@2968  reward=QoE=   56.82 eps=0.627 loss=7.2961
[ep  918] loot         static_B_2020.02.27_18.39.27.csv@2848  reward=QoE=   48.96 eps=0.627 loss=7.5243
[ep  919] redandblack  driving_B_2019.12.16_12.27.05.csv@1152  reward=QoE=    6.60 eps=0.626 loss=6.8356
[ep  920] soldier      static_B_2020.02.27_18.39.27.csv@4228  reward=QoE=   51.61 eps=0.626 loss=7.1126
[ep  921] longdress    driving_B_2020.02.13_13.03.24.csv@1766  reward=QoE=   28.43 eps=0.625 loss=7.2621
[ep  922] loot         driving_B_2020.02.13_15.02.01.csv@2346  reward=QoE= -214.03 eps=0.625 loss=7.2918
[ep  923] redandblack  driving_B_2020.02.13_15.02.01.csv@6     reward=QoE=   27.21 eps=0.625 loss=7.1440
[ep  924] soldier      driving_B_2020.02.13_15.02.01.csv@306   reward=QoE=   72.51 eps=0.624 loss=7.6723
[ep  925] longdress    driving_B_2020.01.16_07.26.43.csv@855   reward=QoE=  -18.94 eps=0.624 loss=7.4415
[ep  926] loot         driving_B_2020.02.13_15.02.01.csv@2466  reward=QoE= -204.76 eps=0.623 loss=7.7491
[ep  927] redandblack  driving_B_2020.02.13_15.02.01.csv@2166  reward=QoE=   51.09 eps=0.623 loss=7.5385
[ep  928] soldier      driving_B_2020.01.16_07.26.43.csv@915   reward=QoE=  -63.00 eps=0.622 loss=7.0128
[ep  929] longdress    driving_B_2020.02.14_09.38.22.csv@468   reward=QoE=   -7.63 eps=0.622 loss=7.3156
[ep  930] loot         static_B_2020.02.27_18.39.27.csv@4648  reward=QoE=  -47.33 eps=0.622 loss=7.1447
[ep  931] redandblack  driving_B_2020.02.13_15.02.01.csv@1986  reward=QoE=   19.13 eps=0.621 loss=7.7138
[ep  932] soldier      static_B_2020.02.27_18.39.27.csv@3628  reward=QoE=   47.77 eps=0.621 loss=7.7650
[ep  933] longdress    driving_B_2020.02.13_15.02.01.csv@1746  reward=QoE=   32.81 eps=0.620 loss=7.4791
[ep  934] loot         driving_B_2020.02.27_17.30.15.csv@540   reward=QoE=  -40.09 eps=0.620 loss=7.4091
[ep  935] redandblack  driving_B_2020.02.13_15.02.01.csv@2706  reward=QoE=   -5.76 eps=0.620 loss=7.1522
[ep  936] soldier      driving_B_2020.02.13_13.03.24.csv@2006  reward=QoE=  -70.92 eps=0.619 loss=7.0724
[ep  937] longdress    static_B_2019.12.16_13.40.04.csv@8     reward=QoE=   50.24 eps=0.619 loss=6.9103
[ep  938] loot         driving_B_2020.02.13_15.02.01.csv@2286  reward=QoE=  -67.44 eps=0.618 loss=6.9372
[ep  939] redandblack  driving_B_2020.02.27_17.30.15.csv@600   reward=QoE=  -89.26 eps=0.618 loss=7.5114
[ep  940] soldier      static_B_2020.02.27_18.39.27.csv@568   reward=QoE=  -12.23 eps=0.618 loss=6.5994
[ep  941] longdress    static_B_2020.02.27_18.39.27.csv@2068  reward=QoE=   57.08 eps=0.617 loss=6.6136
[ep  942] loot         static_B_2020.02.14_13.21.26.csv@50    reward=QoE=   23.76 eps=0.617 loss=7.0455
[ep  943] redandblack  driving_B_2019.12.16_12.27.05.csv@83    reward=QoE=  -23.80 eps=0.616 loss=7.0428
[ep  944] soldier      driving_B_2020.02.13_13.03.24.csv@1346  reward=QoE=  -86.37 eps=0.616 loss=7.3843
[ep  945] longdress    static_B_2020.02.27_18.39.27.csv@1828  reward=QoE=  -33.47 eps=0.616 loss=6.8090
[ep  946] loot         driving_B_2020.02.14_09.38.22.csv@1128  reward=QoE=  -14.61 eps=0.615 loss=7.7782
[ep  947] redandblack  static_B_2019.12.16_13.40.04.csv@308   reward=QoE=   20.00 eps=0.615 loss=7.4197
[ep  948] soldier      driving_B_2020.02.27_17.30.15.csv@660   reward=QoE= -193.42 eps=0.614 loss=7.0779
[ep  949] longdress    static_B_2020.02.14_13.21.26.csv@170   reward=QoE=   66.24 eps=0.614 loss=7.3090
[ep  950] loot         driving_B_2020.01.16_09.56.56.csv@1308  reward=QoE=   72.67 eps=0.614 loss=6.9084
[ep  951] redandblack  driving_B_2020.02.13_15.02.01.csv@606   reward=QoE=  -30.20 eps=0.613 loss=7.1985
[ep  952] soldier      driving_B_2019.12.16_12.27.05.csv@683   reward=QoE=  -37.62 eps=0.613 loss=6.7208
[ep  953] longdress    driving_B_2019.12.16_12.27.05.csv@443   reward=QoE=  -87.08 eps=0.612 loss=7.2384
[ep  954] loot         driving_B_2020.02.14_12.58.17.csv@597   reward=QoE=   27.88 eps=0.612 loss=7.9161
[ep  955] redandblack  static_B_2019.12.16_13.40.04.csv@1508  reward=QoE=   72.79 eps=0.612 loss=7.0731
[ep  956] soldier      static_B_2020.02.27_18.39.27.csv@3868  reward=QoE=  -29.49 eps=0.611 loss=7.4541
[ep  957] longdress    driving_B_2020.01.16_09.56.56.csv@1548  reward=QoE=   62.47 eps=0.611 loss=7.3739
[ep  958] loot         driving_B_2020.02.13_15.02.01.csv@426   reward=QoE=   51.52 eps=0.610 loss=6.7410
[ep  959] redandblack  driving_B_2019.12.17_07.32.39.csv@763   reward=QoE=    8.14 eps=0.610 loss=6.7976
[ep  960] soldier      driving_B_2020.01.16_07.26.43.csv@1155  reward=QoE=  -22.26 eps=0.609 loss=7.9534
[ep  961] longdress    driving_B_2020.02.14_09.38.22.csv@48    reward=QoE=  -31.51 eps=0.609 loss=7.2121
[ep  962] loot         driving_B_2020.02.27_17.30.15.csv@300   reward=QoE= -139.04 eps=0.609 loss=7.3614
[ep  963] redandblack  static_B_2020.02.27_18.39.27.csv@5008  reward=QoE=   71.69 eps=0.608 loss=7.4859
[ep  964] soldier      driving_B_2020.01.16_09.56.56.csv@1128  reward=QoE=    2.81 eps=0.608 loss=7.3297
[ep  965] longdress    driving_B_2020.02.13_15.02.01.csv@1686  reward=QoE=  -32.31 eps=0.607 loss=7.0811
[ep  966] loot         driving_B_2020.02.13_15.02.01.csv@2046  reward=QoE=  -25.23 eps=0.607 loss=7.0173
[ep  967] redandblack  driving_B_2020.01.16_09.56.56.csv@648   reward=QoE=   37.57 eps=0.607 loss=7.1766
[ep  968] soldier      static_B_2019.12.16_13.40.04.csv@788   reward=QoE=   47.50 eps=0.606 loss=7.2277
[ep  969] longdress    driving_B_2020.01.16_09.56.56.csv@1188  reward=QoE=    9.62 eps=0.606 loss=6.6138
[ep  970] loot         driving_B_2020.02.14_12.58.17.csv@177   reward=QoE= -299.73 eps=0.605 loss=6.3313
[ep  971] redandblack  driving_B_2020.02.13_13.03.24.csv@446   reward=QoE=  -23.26 eps=0.605 loss=6.9936
[ep  972] soldier      driving_B_2020.02.14_09.38.22.csv@1008  reward=QoE=  -81.15 eps=0.605 loss=6.8383
[ep  973] longdress    static_B_2020.02.27_18.39.27.csv@5488  reward=QoE=   58.15 eps=0.604 loss=6.6899
[ep  974] loot         static_B_2020.02.27_18.39.27.csv@3748  reward=QoE=   64.62 eps=0.604 loss=7.4062
[ep  975] redandblack  driving_B_2020.01.16_07.26.43.csv@435   reward=QoE= -118.46 eps=0.603 loss=7.1815
[ep  976] soldier      static_B_2020.02.27_18.39.27.csv@4468  reward=QoE=   18.06 eps=0.603 loss=7.1335
[ep  977] longdress    driving_B_2020.02.14_09.38.22.csv@528   reward=QoE=   22.68 eps=0.603 loss=6.7659
[ep  978] loot         driving_B_2020.02.14_12.58.17.csv@417   reward=QoE=  -41.99 eps=0.602 loss=7.3813
[ep  979] redandblack  driving_B_2020.02.13_13.03.24.csv@626   reward=QoE=  -13.81 eps=0.602 loss=8.3260
[ep  980] soldier      static_B_2020.02.27_18.39.27.csv@5308  reward=QoE=   48.16 eps=0.601 loss=8.0797
[ep  981] longdress    static_B_2020.02.27_18.39.27.csv@5548  reward=QoE=   41.60 eps=0.601 loss=7.6664
[ep  982] loot         static_B_2020.02.27_18.39.27.csv@5248  reward=QoE=   36.22 eps=0.601 loss=7.4808
[ep  983] redandblack  static_B_2019.12.16_13.40.04.csv@848   reward=QoE=   74.02 eps=0.600 loss=7.6822
[ep  984] soldier      static_B_2020.02.27_18.39.27.csv@3088  reward=QoE=   15.01 eps=0.600 loss=6.8961
[ep  985] longdress    static_B_2020.02.14_13.21.26.csv@850   reward=QoE=   32.14 eps=0.599 loss=7.1785
[ep  986] loot         static_B_2020.02.27_18.39.27.csv@328   reward=QoE=   70.87 eps=0.599 loss=7.9031
[ep  987] redandblack  driving_B_2019.12.17_07.32.39.csv@2288  reward=QoE=   46.43 eps=0.598 loss=6.9550
[ep  988] soldier      static_B_2020.02.27_18.39.27.csv@1528  reward=QoE=   43.86 eps=0.598 loss=7.1119
[ep  989] longdress    driving_B_2020.02.14_12.58.17.csv@477   reward=QoE= -150.21 eps=0.598 loss=7.6306
[ep  990] loot         driving_B_2019.12.17_07.32.39.csv@283   reward=QoE=   35.35 eps=0.597 loss=7.4903
[ep  991] redandblack  driving_B_2020.02.13_13.03.24.csv@1586  reward=QoE=  -30.59 eps=0.597 loss=7.8731
[ep  992] soldier      driving_B_2020.02.14_09.38.22.csv@588   reward=QoE=   29.98 eps=0.596 loss=7.5763
[ep  993] longdress    driving_B_2020.02.14_12.58.17.csv@800   reward=QoE= -118.08 eps=0.596 loss=8.0340
[ep  994] loot         static_B_2020.02.27_18.39.27.csv@4108  reward=QoE=   39.70 eps=0.596 loss=8.6195
[ep  995] redandblack  driving_B_2020.02.14_09.38.22.csv@1308  reward=QoE=   58.72 eps=0.595 loss=7.5264
[ep  996] soldier      driving_B_2019.12.16_12.27.05.csv@383   reward=QoE= -147.89 eps=0.595 loss=7.5469
[ep  997] longdress    static_B_2020.02.27_18.39.27.csv@3808  reward=QoE=   31.58 eps=0.594 loss=7.3943
[ep  998] loot         driving_B_2020.02.13_15.02.01.csv@546   reward=QoE=  -13.64 eps=0.594 loss=8.5614
[ep  999] redandblack  driving_B_2020.02.13_15.02.01.csv@1806  reward=QoE=   29.03 eps=0.594 loss=8.5056
[ep 1000] soldier      driving_B_2020.01.16_07.26.43.csv@1770  reward=QoE=  -26.25 eps=0.593 loss=7.0564
[ep 1001] longdress    static_B_2020.02.14_13.21.26.csv@230   reward=QoE=   56.00 eps=0.593 loss=8.6124
[ep 1002] loot         driving_B_2020.02.13_15.02.01.csv@2754  reward=QoE=  -40.47 eps=0.592 loss=7.0610
[ep 1003] redandblack  driving_B_2020.01.16_09.56.56.csv@48    reward=QoE=   13.19 eps=0.592 loss=7.0561
[ep 1004] soldier      driving_B_2019.12.16_12.27.05.csv@1152  reward=QoE=   -6.69 eps=0.592 loss=6.9346
[ep 1005] longdress    driving_B_2020.02.13_13.03.24.csv@266   reward=QoE=  -33.22 eps=0.591 loss=7.7924
[ep 1006] loot         driving_B_2019.12.17_07.32.39.csv@1963  reward=QoE=   46.52 eps=0.591 loss=8.2251
[ep 1007] redandblack  driving_B_2020.01.16_07.26.43.csv@1395  reward=QoE=  -45.47 eps=0.590 loss=7.4416
[ep 1008] soldier      driving_B_2019.12.16_12.27.05.csv@863   reward=QoE=   35.29 eps=0.590 loss=7.7727
[ep 1009] longdress    static_B_2020.02.27_18.39.27.csv@688   reward=QoE=   77.32 eps=0.590 loss=7.7581
[ep 1010] loot         driving_B_2020.02.13_15.02.01.csv@1446  reward=QoE=  -39.29 eps=0.589 loss=7.6962
[ep 1011] redandblack  driving_B_2019.12.16_12.27.05.csv@923   reward=QoE=   46.89 eps=0.589 loss=7.8816
[ep 1012] soldier      driving_B_2020.02.13_13.03.24.csv@686   reward=QoE=  -11.21 eps=0.588 loss=6.8208
[ep 1013] longdress    driving_B_2020.02.14_09.38.22.csv@768   reward=QoE=   -9.89 eps=0.588 loss=7.7708
[ep 1014] loot         driving_B_2020.02.27_17.30.15.csv@60    reward=QoE= -195.44 eps=0.588 loss=7.4624
[ep 1015] redandblack  driving_B_2019.12.17_07.32.39.csv@1663  reward=QoE=  -31.51 eps=0.587 loss=6.5196
[ep 1016] soldier      driving_B_2020.02.13_15.02.01.csv@2586  reward=QoE=   40.96 eps=0.587 loss=7.1781
[ep 1017] longdress    static_B_2020.02.27_18.39.27.csv@2608  reward=QoE=   59.21 eps=0.586 loss=7.9592
[ep 1018] loot         driving_B_2020.02.13_15.02.01.csv@786   reward=QoE=   20.17 eps=0.586 loss=7.3623
[ep 1019] redandblack  static_B_2020.02.14_13.21.26.csv@110   reward=QoE=   61.66 eps=0.585 loss=7.5583
[ep 1020] soldier      static_B_2020.02.27_18.39.27.csv@3328  reward=QoE=   54.20 eps=0.585 loss=7.4364
[ep 1021] longdress    static_B_2019.12.16_13.40.04.csv@128   reward=QoE=   36.11 eps=0.585 loss=7.1944
[ep 1022] loot         static_B_2020.02.27_18.39.27.csv@4888  reward=QoE=  -18.11 eps=0.584 loss=7.3078
[ep 1023] redandblack  static_B_2020.02.27_18.39.27.csv@1708  reward=QoE=   48.56 eps=0.584 loss=7.4591
[ep 1024] soldier      driving_B_2020.01.16_12.10.03.csv@49    reward=QoE=   49.70 eps=0.583 loss=7.1822
[ep 1025] longdress    driving_B_2020.02.13_15.02.01.csv@1566  reward=QoE= -555.04 eps=0.583 loss=7.8734
[ep 1026] loot         driving_B_2020.02.14_12.58.17.csv@237   reward=QoE= -474.62 eps=0.583 loss=8.1034
[ep 1027] redandblack  static_B_2020.02.27_18.39.27.csv@3508  reward=QoE=   39.85 eps=0.582 loss=8.5365
[ep 1028] soldier      static_B_2020.02.27_18.39.27.csv@208   reward=QoE=   62.23 eps=0.582 loss=7.2342
[ep 1029] longdress    driving_B_2020.01.16_09.56.56.csv@348   reward=QoE=  -50.34 eps=0.581 loss=7.1066
[ep 1030] loot         driving_B_2020.02.13_13.03.24.csv@146   reward=QoE=   -9.01 eps=0.581 loss=7.5459
[ep 1031] redandblack  driving_B_2020.01.16_09.56.56.csv@708   reward=QoE=   40.68 eps=0.581 loss=7.5370
[ep 1032] soldier      driving_B_2020.02.27_17.30.15.csv@720   reward=QoE= -353.86 eps=0.580 loss=8.0992
[ep 1033] longdress    static_B_2020.02.27_18.39.27.csv@628   reward=QoE=   40.09 eps=0.580 loss=7.8458
[ep 1034] loot         driving_B_2020.02.14_09.38.22.csv@288   reward=QoE=  -28.99 eps=0.579 loss=7.1906
[ep 1035] redandblack  driving_B_2019.12.17_07.32.39.csv@1483  reward=QoE=   18.39 eps=0.579 loss=7.5515
[ep 1036] soldier      static_B_2019.12.16_13.40.04.csv@488   reward=QoE=  -38.87 eps=0.579 loss=7.4895
[ep 1037] longdress    static_B_2019.12.16_13.40.04.csv@1148  reward=QoE=  -94.75 eps=0.578 loss=6.8065
[ep 1038] loot         driving_B_2020.02.13_13.03.24.csv@1706  reward=QoE=   57.97 eps=0.578 loss=7.8327
[ep 1039] redandblack  driving_B_2020.02.13_15.02.01.csv@1266  reward=QoE=   30.20 eps=0.577 loss=7.5243
[ep 1040] soldier      driving_B_2019.12.17_07.32.39.csv@343   reward=QoE=   14.65 eps=0.577 loss=8.5625
[ep 1041] longdress    static_B_2020.02.27_18.39.27.csv@88    reward=QoE=   68.90 eps=0.577 loss=8.1352
[ep 1042] loot         static_B_2020.02.14_13.21.26.csv@830   reward=QoE=   51.42 eps=0.576 loss=7.5002
[ep 1043] redandblack  driving_B_2019.12.16_12.27.05.csv@983   reward=QoE=   65.50 eps=0.576 loss=7.2379
[ep 1044] soldier      driving_B_2020.02.13_15.02.01.csv@726   reward=QoE=  -12.66 eps=0.575 loss=7.4489
[ep 1045] longdress    driving_B_2020.01.16_07.26.43.csv@735   reward=QoE=  -37.21 eps=0.575 loss=7.6596
[ep 1046] loot         static_B_2019.12.16_13.40.04.csv@728   reward=QoE=   43.11 eps=0.574 loss=7.6039
[ep 1047] redandblack  driving_B_2020.02.13_15.02.01.csv@186   reward=QoE=   53.99 eps=0.574 loss=7.2894
[ep 1048] soldier      static_B_2020.02.27_18.39.27.csv@1288  reward=QoE=   49.17 eps=0.574 loss=7.9628
[ep 1049] longdress    driving_B_2019.12.17_07.32.39.csv@1363  reward=QoE=   37.05 eps=0.573 loss=7.3847
[ep 1050] loot         driving_B_2019.12.16_12.27.05.csv@143   reward=QoE=   18.87 eps=0.573 loss=7.7062
[ep 1051] redandblack  driving_B_2019.12.17_07.32.39.csv@1123  reward=QoE=   44.45 eps=0.572 loss=7.9475
[ep 1052] soldier      driving_B_2020.02.14_09.38.22.csv@828   reward=QoE=   28.39 eps=0.572 loss=7.6090
[ep 1053] longdress    static_B_2019.12.16_13.40.04.csv@1568  reward=QoE=   42.81 eps=0.572 loss=7.5835
[ep 1054] loot         driving_B_2020.02.13_13.03.24.csv@926   reward=QoE=   11.41 eps=0.571 loss=7.8093
[ep 1055] redandblack  driving_B_2020.01.16_07.26.43.csv@1455  reward=QoE= -116.49 eps=0.571 loss=8.0204
[ep 1056] soldier      driving_B_2019.12.17_07.32.39.csv@703   reward=QoE=  -58.27 eps=0.570 loss=8.5849
[ep 1057] longdress    static_B_2020.02.27_18.39.27.csv@4168  reward=QoE=   53.77 eps=0.570 loss=7.6713
[ep 1058] loot         driving_B_2020.01.16_07.26.43.csv@375   reward=QoE=  -39.30 eps=0.570 loss=7.8485
[ep 1059] redandblack  driving_B_2020.02.13_13.03.24.csv@206   reward=QoE=  -35.57 eps=0.569 loss=8.0094
[ep 1060] soldier      static_B_2020.02.27_18.39.27.csv@2788  reward=QoE=   62.71 eps=0.569 loss=8.0278
[ep 1061] longdress    driving_B_2019.12.17_07.32.39.csv@1423  reward=QoE=   32.83 eps=0.568 loss=8.9658
[ep 1062] loot         static_B_2019.12.16_13.40.04.csv@1628  reward=QoE=   80.48 eps=0.568 loss=8.0178
[ep 1063] redandblack  driving_B_2020.02.13_13.03.24.csv@1526  reward=QoE=   -2.43 eps=0.568 loss=7.4483
[ep 1064] soldier      driving_B_2020.02.14_12.58.17.csv@57    reward=QoE= -116.94 eps=0.567 loss=7.7081
[ep 1065] longdress    static_B_2019.12.16_13.40.04.csv@1904  reward=QoE=    3.59 eps=0.567 loss=7.9419
[ep 1066] loot         static_B_2020.02.27_18.39.27.csv@2368  reward=QoE= -242.31 eps=0.566 loss=7.6175
[ep 1067] redandblack  driving_B_2020.02.13_13.03.24.csv@2186  reward=QoE=  -53.75 eps=0.566 loss=7.9890
[ep 1068] soldier      driving_B_2020.02.14_09.38.22.csv@1478  reward=QoE=   24.41 eps=0.566 loss=7.9425
[ep 1069] longdress    driving_B_2020.02.13_13.03.24.csv@1166  reward=QoE=   10.77 eps=0.565 loss=8.5539
[ep 1070] loot         driving_B_2020.02.13_13.03.24.csv@386   reward=QoE=   14.74 eps=0.565 loss=8.4364
[ep 1071] redandblack  static_B_2020.02.27_18.39.27.csv@2188  reward=QoE=   62.90 eps=0.564 loss=8.0058
[ep 1072] soldier      static_B_2020.02.27_18.39.27.csv@4588  reward=QoE=    9.85 eps=0.564 loss=8.0996
[ep 1073] longdress    static_B_2019.12.16_13.40.04.csv@1808  reward=QoE=   28.68 eps=0.564 loss=8.0223
[ep 1074] loot         driving_B_2020.02.13_13.03.24.csv@1286  reward=QoE=    9.19 eps=0.563 loss=8.2003
[ep 1075] redandblack  driving_B_2020.01.16_12.10.03.csv@229   reward=QoE=   35.44 eps=0.563 loss=7.7796
[ep 1076] soldier      driving_B_2020.01.16_12.10.03.csv@169   reward=QoE=   66.75 eps=0.562 loss=7.8503
[ep 1077] longdress    static_B_2020.02.27_18.39.27.csv@4348  reward=QoE=   32.45 eps=0.562 loss=7.8099
[ep 1078] loot         static_B_2020.02.27_18.39.27.csv@5742  reward=QoE=   46.07 eps=0.561 loss=8.0005
[ep 1079] redandblack  driving_B_2019.12.16_12.27.05.csv@563   reward=QoE=  -31.51 eps=0.561 loss=7.3912
[ep 1080] soldier      driving_B_2020.02.27_17.30.15.csv@480   reward=QoE= -199.20 eps=0.561 loss=7.9460
[ep 1081] longdress    driving_B_2020.01.16_07.26.43.csv@555   reward=QoE=  -20.43 eps=0.560 loss=8.1641
[ep 1082] loot         driving_B_2020.02.13_13.03.24.csv@26    reward=QoE=  -18.47 eps=0.560 loss=7.4223
[ep 1083] redandblack  static_B_2020.02.27_18.39.27.csv@1468  reward=QoE=   47.16 eps=0.559 loss=8.5564
[ep 1084] soldier      driving_B_2020.02.13_13.03.24.csv@1826  reward=QoE= -610.59 eps=0.559 loss=7.9196
[ep 1085] longdress    static_B_2020.02.27_18.39.27.csv@928   reward=QoE=   43.39 eps=0.559 loss=8.6390
[ep 1086] loot         driving_B_2020.02.13_13.03.24.csv@2188  reward=QoE= -106.18 eps=0.558 loss=8.3104
[ep 1087] redandblack  driving_B_2020.01.16_07.26.43.csv@1095  reward=QoE=   42.15 eps=0.558 loss=7.9134
[ep 1088] soldier      driving_B_2020.01.16_07.26.43.csv@1035  reward=QoE=    7.24 eps=0.557 loss=8.1040
[ep 1089] longdress    driving_B_2020.02.13_15.02.01.csv@666   reward=QoE=   21.97 eps=0.557 loss=7.8311
[ep 1090] loot         driving_B_2020.02.14_09.38.22.csv@1248  reward=QoE=   21.61 eps=0.557 loss=8.2972
[ep 1091] redandblack  driving_B_2019.12.16_12.27.05.csv@1043  reward=QoE=   46.72 eps=0.556 loss=7.9194
[ep 1092] soldier      driving_B_2020.02.14_09.38.22.csv@348   reward=QoE= -142.72 eps=0.556 loss=7.6945
[ep 1093] longdress    static_B_2020.02.27_18.39.27.csv@5188  reward=QoE=   55.76 eps=0.555 loss=8.1187
[ep 1094] loot         driving_B_2020.01.16_07.26.43.csv@1695  reward=QoE=    8.89 eps=0.555 loss=7.7443
[ep 1095] redandblack  driving_B_2020.01.16_09.56.56.csv@1570  reward=QoE=   28.03 eps=0.555 loss=8.4078
[ep 1096] soldier      static_B_2020.02.27_18.39.27.csv@868   reward=QoE=   38.33 eps=0.554 loss=8.7985
[ep 1097] longdress    driving_B_2019.12.17_07.32.39.csv@883   reward=QoE=   -6.56 eps=0.554 loss=8.4241
[ep 1098] loot         driving_B_2020.02.13_15.02.01.csv@1326  reward=QoE= -179.68 eps=0.553 loss=8.0237
[ep 1099] redandblack  static_B_2019.12.16_13.40.04.csv@1688  reward=QoE=   60.59 eps=0.553 loss=7.7560
[ep 1100] soldier      driving_B_2019.12.17_07.32.39.csv@1783  reward=QoE=  -18.54 eps=0.553 loss=7.7783
[ep 1101] longdress    static_B_2019.12.16_13.40.04.csv@968   reward=QoE=   21.78 eps=0.552 loss=8.2328
[ep 1102] loot         driving_B_2019.12.17_07.32.39.csv@463   reward=QoE=   -0.93 eps=0.552 loss=8.4632
[ep 1103] redandblack  driving_B_2020.02.13_15.02.01.csv@366   reward=QoE=   35.48 eps=0.551 loss=7.9542
[ep 1104] soldier      driving_B_2020.01.16_07.26.43.csv@1215  reward=QoE=  -37.41 eps=0.551 loss=8.2419
[ep 1105] longdress    driving_B_2019.12.16_12.27.05.csv@1103  reward=QoE=   28.18 eps=0.550 loss=8.2491
[ep 1106] loot         static_B_2020.02.27_18.39.27.csv@3688  reward=QoE=   42.59 eps=0.550 loss=7.8794
[ep 1107] redandblack  driving_B_2020.02.13_15.02.01.csv@486   reward=QoE=   -8.72 eps=0.550 loss=8.0818
[ep 1108] soldier      static_B_2020.02.27_18.39.27.csv@1168  reward=QoE=  -33.46 eps=0.549 loss=8.3227
[ep 1109] longdress    driving_B_2020.01.16_09.56.56.csv@1368  reward=QoE=   24.19 eps=0.549 loss=7.9787
[ep 1110] loot         driving_B_2019.12.17_07.32.39.csv@1723  reward=QoE=  -70.70 eps=0.548 loss=8.0610
[ep 1111] redandblack  static_B_2019.12.16_13.40.04.csv@1208  reward=QoE=   23.13 eps=0.548 loss=7.9907
[ep 1112] soldier      driving_B_2019.12.17_07.32.39.csv@2263  reward=QoE=   42.04 eps=0.548 loss=7.8306
[ep 1113] longdress    driving_B_2020.02.13_13.03.24.csv@1886  reward=QoE= -645.42 eps=0.547 loss=8.0508
[ep 1114] loot         driving_B_2020.02.13_15.02.01.csv@2754  reward=QoE=   -6.89 eps=0.547 loss=8.1314
[ep 1115] redandblack  driving_B_2020.02.13_13.03.24.csv@1466  reward=QoE=   25.62 eps=0.546 loss=8.1352
[ep 1116] soldier      static_B_2020.02.27_18.39.27.csv@1228  reward=QoE=   41.48 eps=0.546 loss=7.2959
[ep 1117] longdress    driving_B_2020.01.16_09.56.56.csv@228   reward=QoE=   30.67 eps=0.546 loss=7.7983
[ep 1118] loot         static_B_2020.02.27_18.39.27.csv@5128  reward=QoE=   40.91 eps=0.545 loss=8.3580
[ep 1119] redandblack  driving_B_2019.12.16_12.27.05.csv@323   reward=QoE=  -25.85 eps=0.545 loss=8.1256
[ep 1120] soldier      driving_B_2020.02.14_09.38.22.csv@1188  reward=QoE= -165.13 eps=0.544 loss=8.1603
[ep 1121] longdress    static_B_2020.02.27_18.39.27.csv@1048  reward=QoE=   37.30 eps=0.544 loss=8.3027
[ep 1122] loot         driving_B_2020.02.13_15.02.01.csv@1026  reward=QoE=   23.79 eps=0.544 loss=7.7330
[ep 1123] redandblack  driving_B_2020.02.13_13.03.24.csv@1106  reward=QoE=    1.10 eps=0.543 loss=7.8430
[ep 1124] soldier      static_B_2020.02.27_18.39.27.csv@3928  reward=QoE=   53.62 eps=0.543 loss=7.8372
[ep 1125] longdress    driving_B_2020.01.16_07.26.43.csv@315   reward=QoE=   29.58 eps=0.542 loss=7.6241
[ep 1126] loot         driving_B_2020.02.14_12.58.17.csv@357   reward=QoE=  -44.62 eps=0.542 loss=8.1962
[ep 1127] redandblack  static_B_2020.02.27_18.39.27.csv@5608  reward=QoE=   53.66 eps=0.542 loss=7.5032
[ep 1128] soldier      static_B_2020.02.27_18.39.27.csv@4408  reward=QoE=   68.61 eps=0.541 loss=8.2110
[ep 1129] longdress    static_B_2020.02.27_18.39.27.csv@28    reward=QoE=   58.14 eps=0.541 loss=8.2590
[ep 1130] loot         driving_B_2019.12.17_07.32.39.csv@1063  reward=QoE=   33.89 eps=0.540 loss=7.9960
[ep 1131] redandblack  static_B_2019.12.16_13.40.04.csv@68    reward=QoE=   69.43 eps=0.540 loss=8.7939
[ep 1132] soldier      driving_B_2020.01.16_07.26.43.csv@795   reward=QoE=    5.69 eps=0.540 loss=8.6665
[ep 1133] longdress    driving_B_2020.02.14_09.38.22.csv@1068  reward=QoE= -122.30 eps=0.539 loss=7.9960
[ep 1134] loot         static_B_2020.02.14_13.21.26.csv@290   reward=QoE=   61.73 eps=0.539 loss=9.0904
[ep 1135] redandblack  driving_B_2020.02.13_15.02.01.csv@846   reward=QoE=  -38.93 eps=0.538 loss=8.1851
[ep 1136] soldier      static_B_2020.02.27_18.39.27.csv@1348  reward=QoE=   69.48 eps=0.538 loss=7.8802
[ep 1137] longdress    driving_B_2020.01.16_07.26.43.csv@1575  reward=QoE= -179.75 eps=0.537 loss=8.2134
[ep 1138] loot         static_B_2020.02.27_18.39.27.csv@3028  reward=QoE=   42.67 eps=0.537 loss=8.1108
[ep 1139] redandblack  driving_B_2019.12.17_07.32.39.csv@103   reward=QoE=   28.82 eps=0.537 loss=8.6240
[ep 1140] soldier      static_B_2020.02.27_18.39.27.csv@808   reward=QoE=   46.84 eps=0.536 loss=8.3207
[ep 1141] longdress    driving_B_2020.01.16_07.26.43.csv@75    reward=QoE=    7.80 eps=0.536 loss=8.6139
[ep 1142] loot         static_B_2020.02.27_18.39.27.csv@2548  reward=QoE=   73.79 eps=0.535 loss=7.7055
[ep 1143] redandblack  static_B_2019.12.16_13.40.04.csv@1748  reward=QoE=   68.52 eps=0.535 loss=8.7856
[ep 1144] soldier      driving_B_2020.02.14_09.38.22.csv@648   reward=QoE=   73.70 eps=0.535 loss=8.8897
[ep 1145] longdress    driving_B_2020.02.27_17.30.15.csv@180   reward=QoE=  -79.62 eps=0.534 loss=8.1253
[ep 1146] loot         static_B_2020.02.27_18.39.27.csv@2728  reward=QoE=   38.41 eps=0.534 loss=8.3984
[ep 1147] redandblack  driving_B_2020.02.13_15.02.01.csv@2646  reward=QoE=   64.85 eps=0.533 loss=8.9860
[ep 1148] soldier      static_B_2020.02.27_18.39.27.csv@3268  reward=QoE=   58.62 eps=0.533 loss=8.3150
[ep 1149] longdress    driving_B_2020.02.13_13.03.24.csv@1046  reward=QoE=  -46.08 eps=0.533 loss=8.1515
[ep 1150] loot         static_B_2020.02.27_18.39.27.csv@2128  reward=QoE=   44.14 eps=0.532 loss=8.3594
[ep 1151] redandblack  driving_B_2020.01.16_12.10.03.csv@109   reward=QoE=   69.08 eps=0.532 loss=7.9487
[ep 1152] soldier      static_B_2020.02.27_18.39.27.csv@4288  reward=QoE=   40.83 eps=0.531 loss=9.0367
[ep 1153] longdress    driving_B_2019.12.17_07.32.39.csv@943   reward=QoE=  -60.70 eps=0.531 loss=8.6329
[ep 1154] loot         static_B_2020.02.14_13.21.26.csv@710   reward=QoE=   57.20 eps=0.531 loss=8.7422
[ep 1155] redandblack  driving_B_2020.02.13_15.02.01.csv@1626  reward=QoE= -167.65 eps=0.530 loss=8.9872
[ep 1156] soldier      driving_B_2020.01.16_09.56.56.csv@1570  reward=QoE=    3.55 eps=0.530 loss=8.8487
[ep 1157] longdress    driving_B_2020.01.16_07.26.43.csv@1515  reward=QoE=  -45.54 eps=0.529 loss=8.3381
[ep 1158] loot         static_B_2020.02.27_18.39.27.csv@1888  reward=QoE=   63.54 eps=0.529 loss=8.0959
[ep 1159] redandblack  driving_B_2020.02.13_13.03.24.csv@866   reward=QoE=  -32.41 eps=0.529 loss=7.7581
[ep 1160] soldier      driving_B_2019.12.16_12.27.05.csv@623   reward=QoE= -267.93 eps=0.528 loss=8.1194
[ep 1161] longdress    static_B_2020.02.14_13.21.26.csv@770   reward=QoE=   65.24 eps=0.528 loss=8.7292
[ep 1162] loot         driving_B_2020.02.13_15.02.01.csv@1086  reward=QoE=   55.22 eps=0.527 loss=8.2836
[ep 1163] redandblack  driving_B_2020.02.13_13.03.24.csv@806   reward=QoE=   15.23 eps=0.527 loss=7.7924
[ep 1164] soldier      driving_B_2019.12.17_07.32.39.csv@2143  reward=QoE=  -64.74 eps=0.526 loss=8.1712
[ep 1165] longdress    static_B_2020.02.27_18.39.27.csv@1948  reward=QoE=   21.50 eps=0.526 loss=7.8786
[ep 1166] loot         static_B_2020.02.27_18.39.27.csv@5428  reward=QoE=   36.25 eps=0.526 loss=8.6712
[ep 1167] redandblack  static_B_2020.02.27_18.39.27.csv@4828  reward=QoE=   37.52 eps=0.525 loss=7.9855
[ep 1168] soldier      static_B_2020.02.14_13.21.26.csv@590   reward=QoE=   59.68 eps=0.525 loss=8.0310
[ep 1169] longdress    static_B_2020.02.14_13.21.26.csv@350   reward=QoE=    5.30 eps=0.524 loss=8.8772
[ep 1170] loot         driving_B_2020.02.13_13.03.24.csv@566   reward=QoE=  -25.20 eps=0.524 loss=8.2054
[ep 1171] redandblack  driving_B_2020.02.13_15.02.01.csv@66    reward=QoE=   63.27 eps=0.524 loss=8.9664
[ep 1172] soldier      driving_B_2020.02.14_12.58.17.csv@800   reward=QoE=  -20.59 eps=0.523 loss=7.9372
[ep 1173] longdress    driving_B_2020.01.16_07.26.43.csv@1635  reward=QoE=  -37.97 eps=0.523 loss=7.5988
[ep 1174] loot         static_B_2020.02.27_18.39.27.csv@3388  reward=QoE=   23.25 eps=0.522 loss=8.1712
[ep 1175] redandblack  static_B_2020.02.27_18.39.27.csv@2488  reward=QoE=   42.87 eps=0.522 loss=8.0632
[ep 1176] soldier      driving_B_2020.02.13_15.02.01.csv@1506  reward=QoE=  -41.15 eps=0.522 loss=7.9866
[ep 1177] longdress    driving_B_2020.01.16_07.26.43.csv@1770  reward=QoE= -154.84 eps=0.521 loss=7.9541
[ep 1178] loot         driving_B_2020.02.13_13.03.24.csv@2066  reward=QoE=  -72.44 eps=0.521 loss=7.9161
[ep 1179] redandblack  driving_B_2020.01.16_09.56.56.csv@1248  reward=QoE=   54.03 eps=0.520 loss=8.0345
[ep 1180] soldier      driving_B_2020.02.14_09.38.22.csv@888   reward=QoE=   37.90 eps=0.520 loss=7.8393
[ep 1181] longdress    static_B_2020.02.27_18.39.27.csv@988   reward=QoE=   24.37 eps=0.520 loss=7.5829
[ep 1182] loot         driving_B_2020.01.16_07.26.43.csv@495   reward=QoE=   -3.45 eps=0.519 loss=7.9966
[ep 1183] redandblack  static_B_2020.02.27_18.39.27.csv@148   reward=QoE=   63.31 eps=0.519 loss=8.0322
[ep 1184] soldier      driving_B_2019.12.17_07.32.39.csv@1003  reward=QoE=  -90.30 eps=0.518 loss=8.4710
[ep 1185] longdress    driving_B_2020.02.13_13.03.24.csv@86    reward=QoE=  -21.50 eps=0.518 loss=8.6965
[ep 1186] loot         driving_B_2020.02.13_13.03.24.csv@1646  reward=QoE=  -88.31 eps=0.518 loss=8.7835
[ep 1187] redandblack  driving_B_2020.02.27_17.30.15.csv@720   reward=QoE=    1.60 eps=0.517 loss=8.1366
[ep 1188] soldier      driving_B_2020.01.16_09.56.56.csv@108   reward=QoE=  -48.43 eps=0.517 loss=7.7603
[ep 1189] longdress    driving_B_2020.01.16_09.56.56.csv@1008  reward=QoE=   57.51 eps=0.516 loss=8.6159
[ep 1190] loot         static_B_2019.12.16_13.40.04.csv@1868  reward=QoE= -252.12 eps=0.516 loss=7.9290
[ep 1191] redandblack  driving_B_2019.12.17_07.32.39.csv@403   reward=QoE=   52.24 eps=0.516 loss=7.8364
[ep 1192] soldier      driving_B_2020.02.13_15.02.01.csv@1386  reward=QoE=  -45.94 eps=0.515 loss=8.3882
[ep 1193] longdress    driving_B_2019.12.17_07.32.39.csv@1243  reward=QoE=  -57.20 eps=0.515 loss=7.8843
[ep 1194] loot         static_B_2020.02.27_18.39.27.csv@388   reward=QoE=   67.74 eps=0.514 loss=7.3869
[ep 1195] redandblack  driving_B_2020.02.13_15.02.01.csv@2406  reward=QoE=  -35.02 eps=0.514 loss=8.0595
[ep 1196] soldier      driving_B_2020.01.16_09.56.56.csv@1068  reward=QoE=  -18.37 eps=0.513 loss=9.2595
[ep 1197] longdress    static_B_2020.02.27_18.39.27.csv@3988  reward=QoE=   67.24 eps=0.513 loss=8.1140
[ep 1198] loot         driving_B_2020.02.27_17.30.15.csv@240   reward=QoE= -216.74 eps=0.513 loss=8.1428
[ep 1199] redandblack  driving_B_2019.12.17_07.32.39.csv@223   reward=QoE=   10.01 eps=0.512 loss=8.2006
[ep 1200] soldier      static_B_2020.02.14_13.21.26.csv@470   reward=QoE=   77.02 eps=0.512 loss=8.1333
    [eval @ ep 1200] reward=QoE=-554.06 mean_q=0.395 stall=79.6s  <-- best (saved)
[ep 1201] longdress    static_B_2020.02.27_18.39.27.csv@4948  reward=QoE=   61.91 eps=0.511 loss=8.8332
[ep 1202] loot         driving_B_2020.02.13_15.02.01.csv@126   reward=QoE=   67.67 eps=0.511 loss=8.7408
[ep 1203] redandblack  driving_B_2020.02.14_09.38.22.csv@708   reward=QoE=   54.17 eps=0.511 loss=8.5464
[ep 1204] soldier      driving_B_2020.02.14_12.58.17.csv@717   reward=QoE= -102.89 eps=0.510 loss=9.4099
[ep 1205] longdress    driving_B_2020.01.16_09.56.56.csv@528   reward=QoE=   30.71 eps=0.510 loss=8.6914
[ep 1206] loot         driving_B_2020.02.13_13.03.24.csv@1226  reward=QoE=  -83.90 eps=0.509 loss=8.3121
[ep 1207] redandblack  static_B_2019.12.16_13.40.04.csv@248   reward=QoE=   48.74 eps=0.509 loss=9.3481
[ep 1208] soldier      driving_B_2020.01.16_09.56.56.csv@408   reward=QoE=  -42.81 eps=0.509 loss=8.8267
[ep 1209] longdress    static_B_2020.02.14_13.21.26.csv@850   reward=QoE=   41.95 eps=0.508 loss=9.2174
[ep 1210] loot         static_B_2019.12.16_13.40.04.csv@368   reward=QoE=   47.00 eps=0.508 loss=8.3047
[ep 1211] redandblack  static_B_2020.02.27_18.39.27.csv@2008  reward=QoE=   30.67 eps=0.507 loss=8.7949
[ep 1212] soldier      static_B_2020.02.27_18.39.27.csv@2668  reward=QoE=   14.09 eps=0.507 loss=9.2176
[ep 1213] longdress    driving_B_2020.02.27_17.30.15.csv@120   reward=QoE= -136.82 eps=0.507 loss=8.1050
[ep 1214] loot         driving_B_2019.12.17_07.32.39.csv@2288  reward=QoE=   54.13 eps=0.506 loss=9.0086
[ep 1215] redandblack  driving_B_2019.12.17_07.32.39.csv@2023  reward=QoE=   40.47 eps=0.506 loss=9.0006
[ep 1216] soldier      driving_B_2020.02.14_09.38.22.csv@948   reward=QoE=   33.91 eps=0.505 loss=8.4573
[ep 1217] longdress    driving_B_2020.02.14_12.58.17.csv@537   reward=QoE=  -41.14 eps=0.505 loss=8.9664
[ep 1218] loot         driving_B_2020.01.16_12.10.03.csv@244   reward=QoE=   79.77 eps=0.505 loss=8.6534
[ep 1219] redandblack  driving_B_2019.12.17_07.32.39.csv@823   reward=QoE=   14.32 eps=0.504 loss=7.9768
[ep 1220] soldier      driving_B_2019.12.17_07.32.39.csv@1183  reward=QoE=   -0.39 eps=0.504 loss=8.7864
[ep 1221] longdress    driving_B_2020.01.16_09.56.56.csv@1428  reward=QoE=   67.91 eps=0.503 loss=7.9651
[ep 1222] loot         driving_B_2020.02.14_09.38.22.csv@1428  reward=QoE=   -3.86 eps=0.503 loss=9.0069
[ep 1223] redandblack  driving_B_2020.02.13_13.03.24.csv@506   reward=QoE=  -35.44 eps=0.502 loss=8.3827
[ep 1224] soldier      driving_B_2019.12.17_07.32.39.csv@1543  reward=QoE=   -7.74 eps=0.502 loss=8.6283
[ep 1225] longdress    driving_B_2020.01.16_09.56.56.csv@468   reward=QoE=  -14.14 eps=0.502 loss=8.4260
[ep 1226] loot         driving_B_2020.02.14_12.58.17.csv@117   reward=QoE=   18.94 eps=0.501 loss=8.8100
[ep 1227] redandblack  driving_B_2020.02.14_09.38.22.csv@228   reward=QoE=  -42.92 eps=0.501 loss=8.8329
[ep 1228] soldier      driving_B_2019.12.17_07.32.39.csv@643   reward=QoE=   -3.89 eps=0.500 loss=8.6705
[ep 1229] longdress    driving_B_2020.02.14_09.38.22.csv@1478  reward=QoE=    4.79 eps=0.500 loss=8.5360
[ep 1230] loot         driving_B_2019.12.16_12.27.05.csv@23    reward=QoE=    8.87 eps=0.500 loss=9.1113
[ep 1231] redandblack  static_B_2020.02.27_18.39.27.csv@4768  reward=QoE=   55.35 eps=0.499 loss=8.8064
[ep 1232] soldier      static_B_2020.02.14_13.21.26.csv@530   reward=QoE=   65.39 eps=0.499 loss=8.6883
[ep 1233] longdress    static_B_2019.12.16_13.40.04.csv@548   reward=QoE=   45.81 eps=0.498 loss=8.5887
[ep 1234] loot         driving_B_2020.01.16_09.56.56.csv@888   reward=QoE=   -4.32 eps=0.498 loss=8.5752
[ep 1235] redandblack  driving_B_2020.01.16_09.56.56.csv@768   reward=QoE=   48.41 eps=0.498 loss=8.2129
[ep 1236] soldier      driving_B_2020.01.16_07.26.43.csv@675   reward=QoE=  -38.01 eps=0.497 loss=9.5011
[ep 1237] longdress    driving_B_2020.01.16_07.26.43.csv@15    reward=QoE=   27.62 eps=0.497 loss=8.2646
[ep 1238] loot         driving_B_2020.02.14_12.58.17.csv@777   reward=QoE=  -26.32 eps=0.496 loss=8.4781
[ep 1239] redandblack  static_B_2020.02.27_18.39.27.csv@4528  reward=QoE=   51.82 eps=0.496 loss=8.5188
[ep 1240] soldier      driving_B_2019.12.16_12.27.05.csv@263   reward=QoE=  -25.92 eps=0.496 loss=8.5062
[ep 1241] longdress    driving_B_2020.01.16_07.26.43.csv@615   reward=QoE=  -56.60 eps=0.495 loss=8.4523
[ep 1242] loot         driving_B_2020.02.13_13.03.24.csv@1946  reward=QoE= -184.00 eps=0.495 loss=8.4632
[ep 1243] redandblack  static_B_2020.02.27_18.39.27.csv@5668  reward=QoE=   62.95 eps=0.494 loss=9.1647
[ep 1244] soldier      static_B_2019.12.16_13.40.04.csv@1328  reward=QoE=   31.83 eps=0.494 loss=8.6147
[ep 1245] longdress    driving_B_2020.02.14_09.38.22.csv@408   reward=QoE=  -90.93 eps=0.494 loss=8.9457
[ep 1246] loot         driving_B_2019.12.16_12.27.05.csv@803   reward=QoE=   55.17 eps=0.493 loss=7.9138
[ep 1247] redandblack  driving_B_2020.02.27_17.30.15.csv@360   reward=QoE=  -56.40 eps=0.493 loss=8.6327
[ep 1248] soldier      driving_B_2020.02.13_15.02.01.csv@966   reward=QoE=  -15.36 eps=0.492 loss=8.6646
[ep 1249] longdress    static_B_2019.12.16_13.40.04.csv@608   reward=QoE=   10.34 eps=0.492 loss=7.7361
[ep 1250] loot         driving_B_2020.02.14_09.38.22.csv@108   reward=QoE=  -50.80 eps=0.491 loss=9.3377
[ep 1251] redandblack  driving_B_2019.12.16_12.27.05.csv@503   reward=QoE= -108.06 eps=0.491 loss=8.3809
[ep 1252] soldier      driving_B_2020.02.13_15.02.01.csv@2122  reward=QoE=   48.18 eps=0.491 loss=8.1837
[ep 1253] longdress    static_B_2020.02.27_18.39.27.csv@374   reward=QoE=   59.24 eps=0.490 loss=8.7922
[ep 1254] loot         driving_B_2020.02.27_17.30.15.csv@500   reward=QoE= -115.47 eps=0.490 loss=8.1614
[ep 1255] redandblack  driving_B_2019.12.17_07.32.39.csv@2169  reward=QoE=    7.64 eps=0.489 loss=8.1355
[ep 1256] soldier      static_B_2020.02.27_18.39.27.csv@5742  reward=QoE=   68.98 eps=0.489 loss=8.1706
[ep 1257] longdress    driving_B_2020.01.16_09.56.56.csv@97    reward=QoE=  -29.19 eps=0.489 loss=9.1582
[ep 1258] loot         driving_B_2019.12.17_07.32.39.csv@789   reward=QoE=  -16.09 eps=0.488 loss=8.4617
[ep 1259] redandblack  driving_B_2020.02.13_15.02.01.csv@562   reward=QoE=   36.22 eps=0.488 loss=8.3590
[ep 1260] soldier      driving_B_2020.02.14_09.38.22.csv@1057  reward=QoE=  -27.55 eps=0.487 loss=7.9705
[ep 1261] longdress    driving_B_2020.02.13_15.02.01.csv@2062  reward=QoE=  -57.15 eps=0.487 loss=8.9042
[ep 1262] loot         driving_B_2020.02.14_12.58.17.csv@298   reward=QoE= -239.23 eps=0.487 loss=8.3060
[ep 1263] redandblack  driving_B_2020.02.13_15.02.01.csv@862   reward=QoE=   50.14 eps=0.486 loss=8.6641
[ep 1264] soldier      driving_B_2020.01.16_09.56.56.csv@1057  reward=QoE=  -15.73 eps=0.486 loss=8.0142
[ep 1265] longdress    static_B_2019.12.16_13.40.04.csv@1878  reward=QoE=  -35.80 eps=0.485 loss=8.5557
[ep 1266] loot         driving_B_2020.02.13_13.03.24.csv@1993  reward=QoE=  -61.88 eps=0.485 loss=8.2260
[ep 1267] redandblack  static_B_2020.02.27_18.39.27.csv@4214  reward=QoE=   25.69 eps=0.485 loss=7.5492
[ep 1268] soldier      driving_B_2020.02.14_09.38.22.csv@877   reward=QoE=   51.19 eps=0.484 loss=8.2750
[ep 1269] longdress    driving_B_2020.01.16_07.26.43.csv@1765  reward=QoE=  -81.62 eps=0.484 loss=8.4115
[ep 1270] loot         driving_B_2020.01.16_09.56.56.csv@577   reward=QoE=   64.86 eps=0.483 loss=8.5743
[ep 1271] redandblack  driving_B_2020.02.13_13.03.24.csv@1393  reward=QoE=  -30.18 eps=0.483 loss=8.5958
[ep 1272] soldier      static_B_2020.02.27_18.39.27.csv@4094  reward=QoE=   61.26 eps=0.483 loss=8.2790
[ep 1273] longdress    static_B_2020.02.27_18.39.27.csv@1694  reward=QoE=   21.79 eps=0.482 loss=8.7765
[ep 1274] loot         static_B_2019.12.16_13.40.04.csv@78    reward=QoE=   50.54 eps=0.482 loss=8.6743
[ep 1275] redandblack  driving_B_2019.12.17_07.32.39.csv@1689  reward=QoE= -154.32 eps=0.481 loss=8.6662
[ep 1276] soldier      static_B_2019.12.16_13.40.04.csv@1818  reward=QoE=    8.97 eps=0.481 loss=7.6756
[ep 1277] longdress    static_B_2020.02.27_18.39.27.csv@1274  reward=QoE=   72.92 eps=0.481 loss=9.5002
[ep 1278] loot         static_B_2020.02.27_18.39.27.csv@3914  reward=QoE=   49.27 eps=0.480 loss=8.7479
[ep 1279] redandblack  driving_B_2020.02.14_12.58.17.csv@658   reward=QoE=   25.51 eps=0.480 loss=9.5762
[ep 1280] soldier      driving_B_2019.12.17_07.32.39.csv@609   reward=QoE=  -72.53 eps=0.479 loss=9.0111
[ep 1281] longdress    static_B_2020.02.27_18.39.27.csv@5174  reward=QoE=   46.17 eps=0.479 loss=9.5775
[ep 1282] loot         driving_B_2020.02.13_15.02.01.csv@1162  reward=QoE=   42.42 eps=0.478 loss=9.6236
[ep 1283] redandblack  static_B_2020.02.14_13.21.26.csv@200   reward=QoE=   55.07 eps=0.478 loss=8.3689
[ep 1284] soldier      driving_B_2020.01.16_09.56.56.csv@817   reward=QoE=  -43.01 eps=0.478 loss=9.8912
[ep 1285] longdress    driving_B_2020.01.16_07.26.43.csv@625   reward=QoE=   -2.38 eps=0.477 loss=8.9019
[ep 1286] loot         static_B_2019.12.16_13.40.04.csv@498   reward=QoE=   16.64 eps=0.477 loss=9.0076
[ep 1287] redandblack  driving_B_2020.01.16_07.26.43.csv@1045  reward=QoE=   52.65 eps=0.476 loss=9.3243
[ep 1288] soldier      static_B_2020.02.27_18.39.27.csv@3314  reward=QoE=   67.21 eps=0.476 loss=7.9468
[ep 1289] longdress    driving_B_2020.02.13_13.03.24.csv@493   reward=QoE= -108.17 eps=0.476 loss=8.6375
[ep 1290] loot         static_B_2020.02.27_18.39.27.csv@3074  reward=QoE=   48.59 eps=0.475 loss=9.6822
[ep 1291] redandblack  driving_B_2019.12.17_07.32.39.csv@1149  reward=QoE=   -4.78 eps=0.475 loss=8.4094
[ep 1292] soldier      driving_B_2020.02.14_12.58.17.csv@358   reward=QoE= -229.53 eps=0.474 loss=8.8793
[ep 1293] longdress    static_B_2020.02.27_18.39.27.csv@3494  reward=QoE=   37.91 eps=0.474 loss=8.9151
[ep 1294] loot         static_B_2020.02.27_18.39.27.csv@674   reward=QoE=   59.49 eps=0.474 loss=8.7599
[ep 1295] redandblack  static_B_2020.02.14_13.21.26.csv@740   reward=QoE=   50.30 eps=0.473 loss=8.2765
[ep 1296] soldier      static_B_2020.02.27_18.39.27.csv@3014  reward=QoE=   30.71 eps=0.473 loss=9.1217
[ep 1297] longdress    driving_B_2020.01.16_07.26.43.csv@565   reward=QoE=  -56.83 eps=0.472 loss=8.4189
[ep 1298] loot         static_B_2019.12.16_13.40.04.csv@1904  reward=QoE=   15.78 eps=0.472 loss=9.1176
[ep 1299] redandblack  static_B_2020.02.27_18.39.27.csv@3614  reward=QoE=   28.90 eps=0.472 loss=9.4433
[ep 1300] soldier      driving_B_2020.02.13_15.02.01.csv@1342  reward=QoE= -110.82 eps=0.471 loss=8.8299
[ep 1301] longdress    driving_B_2020.02.13_13.03.24.csv@13    reward=QoE=  -31.67 eps=0.471 loss=9.2822
[ep 1302] loot         driving_B_2020.01.16_09.56.56.csv@1477  reward=QoE=   58.90 eps=0.470 loss=9.1727
[ep 1303] redandblack  static_B_2020.02.27_18.39.27.csv@3794  reward=QoE=   51.58 eps=0.470 loss=9.1839
[ep 1304] soldier      driving_B_2020.01.16_07.26.43.csv@1645  reward=QoE=   -7.13 eps=0.470 loss=8.4849
[ep 1305] longdress    driving_B_2020.01.16_09.56.56.csv@1537  reward=QoE=   47.49 eps=0.469 loss=9.5989
[ep 1306] loot         driving_B_2019.12.17_07.32.39.csv@2288  reward=QoE=   42.69 eps=0.469 loss=9.3712
[ep 1307] redandblack  driving_B_2019.12.17_07.32.39.csv@9     reward=QoE=   27.67 eps=0.468 loss=8.7222
[ep 1308] soldier      driving_B_2020.02.14_12.58.17.csv@718   reward=QoE=  -46.33 eps=0.468 loss=9.2685
[ep 1309] longdress    driving_B_2020.02.13_13.03.24.csv@73    reward=QoE=  -27.94 eps=0.467 loss=8.9937
[ep 1310] loot         driving_B_2020.02.13_15.02.01.csv@622   reward=QoE=  -18.79 eps=0.467 loss=8.8952
[ep 1311] redandblack  driving_B_2020.02.13_15.02.01.csv@2602  reward=QoE=   42.30 eps=0.467 loss=8.7166
[ep 1312] soldier      driving_B_2020.02.14_12.58.17.csv@238   reward=QoE= -566.09 eps=0.466 loss=9.0663
[ep 1313] longdress    driving_B_2020.02.14_09.38.22.csv@1297  reward=QoE=   69.23 eps=0.466 loss=9.3518
[ep 1314] loot         driving_B_2020.01.16_07.26.43.csv@1770  reward=QoE=   21.52 eps=0.465 loss=9.4698
[ep 1315] redandblack  driving_B_2020.02.14_09.38.22.csv@37    reward=QoE=   25.26 eps=0.465 loss=9.1538
[ep 1316] soldier      static_B_2020.02.27_18.39.27.csv@1814  reward=QoE=  -61.16 eps=0.465 loss=9.3436
[ep 1317] longdress    static_B_2020.02.14_13.21.26.csv@850   reward=QoE=   61.28 eps=0.464 loss=9.8064
[ep 1318] loot         driving_B_2019.12.17_07.32.39.csv@69    reward=QoE=   15.74 eps=0.464 loss=8.4724
[ep 1319] redandblack  static_B_2019.12.16_13.40.04.csv@198   reward=QoE=   81.67 eps=0.463 loss=8.0185
[ep 1320] soldier      driving_B_2020.01.16_09.56.56.csv@1297  reward=QoE=   40.13 eps=0.463 loss=9.2697
[ep 1321] longdress    static_B_2020.02.27_18.39.27.csv@2714  reward=QoE=   57.70 eps=0.463 loss=8.5075
[ep 1322] loot         static_B_2020.02.27_18.39.27.csv@4754  reward=QoE=   29.01 eps=0.462 loss=8.3474
[ep 1323] redandblack  driving_B_2020.02.13_15.02.01.csv@2482  reward=QoE=  -99.73 eps=0.462 loss=8.8338
[ep 1324] soldier      static_B_2019.12.16_13.40.04.csv@798   reward=QoE=   43.07 eps=0.461 loss=8.1969
[ep 1325] longdress    driving_B_2020.02.13_15.02.01.csv@2422  reward=QoE= -363.02 eps=0.461 loss=8.4755
[ep 1326] loot         driving_B_2020.02.13_13.03.24.csv@313   reward=QoE=   48.60 eps=0.461 loss=8.7132
[ep 1327] redandblack  driving_B_2020.01.16_09.56.56.csv@1237  reward=QoE=   32.27 eps=0.460 loss=8.5472
[ep 1328] soldier      driving_B_2020.01.16_12.10.03.csv@244   reward=QoE=   66.73 eps=0.460 loss=8.3909
[ep 1329] longdress    driving_B_2019.12.16_12.27.05.csv@132   reward=QoE=    7.83 eps=0.459 loss=8.4461
[ep 1330] loot         driving_B_2020.02.13_13.03.24.csv@853   reward=QoE=  -18.02 eps=0.459 loss=8.6077
[ep 1331] redandblack  static_B_2020.02.27_18.39.27.csv@1574  reward=QoE=   41.74 eps=0.459 loss=8.9925
[ep 1332] soldier      driving_B_2019.12.17_07.32.39.csv@1209  reward=QoE=    4.62 eps=0.458 loss=8.9823
[ep 1333] longdress    driving_B_2020.02.13_15.02.01.csv@2182  reward=QoE=   34.18 eps=0.458 loss=8.7354
[ep 1334] loot         static_B_2020.02.27_18.39.27.csv@4394  reward=QoE=   65.37 eps=0.457 loss=8.9678
[ep 1335] redandblack  driving_B_2020.01.16_09.56.56.csv@877   reward=QoE=   31.55 eps=0.457 loss=9.3180
[ep 1336] soldier      static_B_2020.02.27_18.39.27.csv@2594  reward=QoE=   53.95 eps=0.457 loss=9.0794
[ep 1337] longdress    driving_B_2020.02.14_09.38.22.csv@1417  reward=QoE=  -65.40 eps=0.456 loss=9.0386
[ep 1338] loot         static_B_2020.02.27_18.39.27.csv@254   reward=QoE=   71.09 eps=0.456 loss=8.6882
[ep 1339] redandblack  driving_B_2020.02.13_13.03.24.csv@1273  reward=QoE=  -40.14 eps=0.455 loss=8.6641
[ep 1340] soldier      driving_B_2020.02.14_12.58.17.csv@58    reward=QoE= -115.07 eps=0.455 loss=8.6345
[ep 1341] longdress    driving_B_2020.02.27_17.30.15.csv@720   reward=QoE= -124.90 eps=0.454 loss=8.0210
[ep 1342] loot         static_B_2020.02.27_18.39.27.csv@1034  reward=QoE=   26.70 eps=0.454 loss=8.8617
[ep 1343] redandblack  static_B_2019.12.16_13.40.04.csv@138   reward=QoE=   47.74 eps=0.454 loss=8.8738
[ep 1344] soldier      driving_B_2019.12.17_07.32.39.csv@729   reward=QoE=   12.26 eps=0.453 loss=8.8946
[ep 1345] longdress    driving_B_2019.12.16_12.27.05.csv@372   reward=QoE= -278.33 eps=0.453 loss=8.3802
[ep 1346] loot         driving_B_2020.02.13_13.03.24.csv@913   reward=QoE=  -15.98 eps=0.452 loss=9.9470
[ep 1347] redandblack  driving_B_2020.02.13_15.02.01.csv@1942  reward=QoE=   39.04 eps=0.452 loss=8.7999
[ep 1348] soldier      driving_B_2020.02.13_13.03.24.csv@1573  reward=QoE=  -94.66 eps=0.452 loss=9.3631
[ep 1349] longdress    driving_B_2020.02.13_15.02.01.csv@2242  reward=QoE=   38.62 eps=0.451 loss=9.6340
[ep 1350] loot         static_B_2019.12.16_13.40.04.csv@1578  reward=QoE=   54.24 eps=0.451 loss=9.2900
[ep 1351] redandblack  driving_B_2020.02.27_17.30.15.csv@20    reward=QoE=  -19.12 eps=0.450 loss=8.5504
[ep 1352] soldier      driving_B_2020.02.14_12.58.17.csv@598   reward=QoE=   21.95 eps=0.450 loss=8.6809
[ep 1353] longdress    driving_B_2020.02.13_13.03.24.csv@2053  reward=QoE=  -28.44 eps=0.450 loss=8.7860
[ep 1354] loot         driving_B_2019.12.17_07.32.39.csv@2288  reward=QoE=   44.26 eps=0.449 loss=10.7228
[ep 1355] redandblack  static_B_2020.02.27_18.39.27.csv@854   reward=QoE=   63.73 eps=0.449 loss=9.6962
[ep 1356] soldier      driving_B_2020.02.13_15.02.01.csv@1582  reward=QoE= -316.41 eps=0.448 loss=9.5546
[ep 1357] longdress    driving_B_2019.12.17_07.32.39.csv@1749  reward=QoE=  -70.57 eps=0.448 loss=9.8695
[ep 1358] loot         driving_B_2019.12.17_07.32.39.csv@489   reward=QoE=    2.70 eps=0.448 loss=9.6610
[ep 1359] redandblack  driving_B_2020.01.16_07.26.43.csv@1465  reward=QoE=  -53.94 eps=0.447 loss=9.8057
[ep 1360] soldier      static_B_2020.02.27_18.39.27.csv@2954  reward=QoE=   72.51 eps=0.447 loss=9.2819
[ep 1361] longdress    driving_B_2019.12.16_12.27.05.csv@72    reward=QoE=    6.77 eps=0.446 loss=9.1715
[ep 1362] loot         driving_B_2020.02.14_09.38.22.csv@997   reward=QoE=   15.68 eps=0.446 loss=9.4525
[ep 1363] redandblack  static_B_2020.02.27_18.39.27.csv@1214  reward=QoE=    8.58 eps=0.446 loss=9.1855
[ep 1364] soldier      driving_B_2020.02.13_13.03.24.csv@1093  reward=QoE=  -46.21 eps=0.445 loss=9.7726
[ep 1365] longdress    driving_B_2020.02.13_13.03.24.csv@973   reward=QoE=  -60.47 eps=0.445 loss=9.3293
[ep 1366] loot         static_B_2020.02.27_18.39.27.csv@314   reward=QoE=   59.17 eps=0.444 loss=10.1374
[ep 1367] redandblack  static_B_2019.12.16_13.40.04.csv@978   reward=QoE=   61.18 eps=0.444 loss=9.0974
[ep 1368] soldier      driving_B_2020.02.13_13.03.24.csv@1813  reward=QoE= -956.90 eps=0.443 loss=9.8664
[ep 1369] longdress    driving_B_2020.01.16_07.26.43.csv@1165  reward=QoE=    3.29 eps=0.443 loss=8.8321
[ep 1370] loot         driving_B_2019.12.16_12.27.05.csv@612   reward=QoE=  -86.69 eps=0.443 loss=9.6153
[ep 1371] redandblack  static_B_2019.12.16_13.40.04.csv@678   reward=QoE=   67.73 eps=0.442 loss=9.0759
[ep 1372] soldier      driving_B_2020.02.14_09.38.22.csv@1478  reward=QoE=    3.09 eps=0.442 loss=8.9942
[ep 1373] longdress    static_B_2019.12.16_13.40.04.csv@558   reward=QoE=   40.40 eps=0.441 loss=9.4016
[ep 1374] loot         driving_B_2020.02.13_13.03.24.csv@2188  reward=QoE= -111.10 eps=0.441 loss=8.9329
[ep 1375] redandblack  static_B_2019.12.16_13.40.04.csv@738   reward=QoE=   53.15 eps=0.441 loss=8.4300
[ep 1376] soldier      driving_B_2020.01.16_09.56.56.csv@1177  reward=QoE=   30.07 eps=0.440 loss=9.1637
[ep 1377] longdress    static_B_2020.02.27_18.39.27.csv@1094  reward=QoE=    6.59 eps=0.440 loss=9.3491
[ep 1378] loot         driving_B_2020.02.13_15.02.01.csv@1822  reward=QoE=   68.16 eps=0.439 loss=9.5957
[ep 1379] redandblack  driving_B_2020.02.13_13.03.24.csv@613   reward=QoE=  -25.12 eps=0.439 loss=8.5834
[ep 1380] soldier      driving_B_2020.02.13_13.03.24.csv@373   reward=QoE=  -34.63 eps=0.439 loss=9.5964
[ep 1381] longdress    driving_B_2020.02.13_13.03.24.csv@1213  reward=QoE=  -26.10 eps=0.438 loss=9.3659
[ep 1382] loot         driving_B_2020.02.13_13.03.24.csv@1033  reward=QoE=  -32.29 eps=0.438 loss=9.0198
[ep 1383] redandblack  driving_B_2020.01.16_07.26.43.csv@1525  reward=QoE=    8.52 eps=0.437 loss=9.5238
[ep 1384] soldier      static_B_2020.02.27_18.39.27.csv@2534  reward=QoE=   59.36 eps=0.437 loss=9.3721
[ep 1385] longdress    driving_B_2020.02.14_12.58.17.csv@118   reward=QoE=    2.68 eps=0.437 loss=9.2595
[ep 1386] loot         driving_B_2020.01.16_12.10.03.csv@244   reward=QoE=   61.92 eps=0.436 loss=10.1993
[ep 1387] redandblack  driving_B_2020.02.13_15.02.01.csv@2754  reward=QoE=  -45.25 eps=0.436 loss=8.6325
[ep 1388] soldier      static_B_2020.02.27_18.39.27.csv@5474  reward=QoE=   78.50 eps=0.435 loss=9.4763
[ep 1389] longdress    static_B_2020.02.27_18.39.27.csv@4514  reward=QoE=    7.71 eps=0.435 loss=10.0830
[ep 1390] loot         driving_B_2020.02.13_15.02.01.csv@82    reward=QoE=   52.11 eps=0.435 loss=9.5296
[ep 1391] redandblack  static_B_2020.02.27_18.39.27.csv@914   reward=QoE=   64.90 eps=0.434 loss=8.2438
[ep 1392] soldier      driving_B_2020.02.13_13.03.24.csv@1753  reward=QoE=   36.32 eps=0.434 loss=9.3314
[ep 1393] longdress    driving_B_2020.02.14_09.38.22.csv@577   reward=QoE=   35.64 eps=0.433 loss=9.3012
[ep 1394] loot         driving_B_2020.02.13_15.02.01.csv@922   reward=QoE=   40.96 eps=0.433 loss=9.2945
[ep 1395] redandblack  driving_B_2020.02.14_09.38.22.csv@757   reward=QoE=   16.72 eps=0.433 loss=8.9685
[ep 1396] soldier      driving_B_2020.02.13_15.02.01.csv@442   reward=QoE=    1.72 eps=0.432 loss=8.3881
[ep 1397] longdress    static_B_2019.12.16_13.40.04.csv@1158  reward=QoE= -217.77 eps=0.432 loss=9.0386
[ep 1398] loot         static_B_2020.02.27_18.39.27.csv@3254  reward=QoE=   42.49 eps=0.431 loss=8.2889
[ep 1399] redandblack  driving_B_2020.01.16_09.56.56.csv@1570  reward=QoE=   49.95 eps=0.431 loss=9.5321
[ep 1400] soldier      driving_B_2020.01.16_07.26.43.csv@1345  reward=QoE=  -38.55 eps=0.430 loss=9.3280
[ep 1401] longdress    driving_B_2020.02.14_09.38.22.csv@97    reward=QoE=  -17.60 eps=0.430 loss=9.0512
[ep 1402] loot         driving_B_2020.02.13_15.02.01.csv@1102  reward=QoE=   23.94 eps=0.430 loss=9.4942
[ep 1403] redandblack  driving_B_2020.02.13_15.02.01.csv@682   reward=QoE=   36.23 eps=0.429 loss=8.7509
[ep 1404] soldier      driving_B_2020.01.16_07.26.43.csv@1705  reward=QoE=    5.06 eps=0.429 loss=9.3413
[ep 1405] longdress    static_B_2020.02.14_13.21.26.csv@620   reward=QoE=   62.39 eps=0.428 loss=8.2693
[ep 1406] loot         static_B_2020.02.27_18.39.27.csv@2654  reward=QoE=   48.79 eps=0.428 loss=9.4682
[ep 1407] redandblack  static_B_2019.12.16_13.40.04.csv@1638  reward=QoE=   62.09 eps=0.428 loss=9.1274
[ep 1408] soldier      driving_B_2020.01.16_09.56.56.csv@1570  reward=QoE=   33.98 eps=0.427 loss=9.2442
[ep 1409] longdress    static_B_2020.02.27_18.39.27.csv@3554  reward=QoE=  -25.06 eps=0.427 loss=9.1962
[ep 1410] loot         driving_B_2020.02.13_15.02.01.csv@1702  reward=QoE=   58.94 eps=0.426 loss=9.5542
[ep 1411] redandblack  driving_B_2019.12.17_07.32.39.csv@1089  reward=QoE=   48.08 eps=0.426 loss=10.4854
[ep 1412] soldier      driving_B_2020.02.13_15.02.01.csv@1222  reward=QoE=   35.33 eps=0.426 loss=9.1766
[ep 1413] longdress    static_B_2020.02.27_18.39.27.csv@974   reward=QoE=   37.22 eps=0.425 loss=10.3583
[ep 1414] loot         static_B_2020.02.27_18.39.27.csv@5354  reward=QoE=   71.11 eps=0.425 loss=9.2401
[ep 1415] redandblack  static_B_2020.02.27_18.39.27.csv@4034  reward=QoE=   51.48 eps=0.424 loss=8.5570
[ep 1416] soldier      static_B_2019.12.16_13.40.04.csv@1758  reward=QoE=   50.91 eps=0.424 loss=9.5550
[ep 1417] longdress    static_B_2020.02.27_18.39.27.csv@4874  reward=QoE=    8.41 eps=0.424 loss=8.8239
[ep 1418] loot         driving_B_2020.02.14_09.38.22.csv@1357  reward=QoE=   57.70 eps=0.423 loss=9.3129
[ep 1419] redandblack  driving_B_2020.01.16_07.26.43.csv@805   reward=QoE=   53.79 eps=0.423 loss=9.6823
[ep 1420] soldier      driving_B_2020.02.14_09.38.22.csv@337   reward=QoE=  -84.55 eps=0.422 loss=8.7963
[ep 1421] longdress    driving_B_2020.02.13_15.02.01.csv@2754  reward=QoE=  -61.42 eps=0.422 loss=7.9283
[ep 1422] loot         static_B_2020.02.27_18.39.27.csv@2114  reward=QoE=   57.58 eps=0.422 loss=10.9655
[ep 1423] redandblack  static_B_2020.02.27_18.39.27.csv@1454  reward=QoE=   65.70 eps=0.421 loss=10.1079
[ep 1424] soldier      static_B_2020.02.14_13.21.26.csv@850   reward=QoE=   31.80 eps=0.421 loss=9.0032
[ep 1425] longdress    driving_B_2020.01.16_07.26.43.csv@1225  reward=QoE=   12.82 eps=0.420 loss=9.1389
[ep 1426] loot         driving_B_2020.02.13_15.02.01.csv@1882  reward=QoE=   19.74 eps=0.420 loss=9.6354
[ep 1427] redandblack  driving_B_2020.01.16_07.26.43.csv@25    reward=QoE=   18.46 eps=0.419 loss=9.5443
[ep 1428] soldier      driving_B_2020.01.16_07.26.43.csv@1105  reward=QoE=   16.27 eps=0.419 loss=9.5058
[ep 1429] longdress    driving_B_2020.02.13_15.02.01.csv@1042  reward=QoE=   36.25 eps=0.419 loss=9.1138
[ep 1430] loot         static_B_2020.02.27_18.39.27.csv@1394  reward=QoE=   71.17 eps=0.418 loss=9.0942
[ep 1431] redandblack  static_B_2020.02.27_18.39.27.csv@3734  reward=QoE=   50.04 eps=0.418 loss=9.3792
[ep 1432] soldier      driving_B_2019.12.17_07.32.39.csv@1629  reward=QoE=   11.68 eps=0.417 loss=9.2340
[ep 1433] longdress    static_B_2020.02.27_18.39.27.csv@194   reward=QoE=   68.08 eps=0.417 loss=9.0149
[ep 1434] loot         driving_B_2020.01.16_12.10.03.csv@188   reward=QoE=   79.88 eps=0.417 loss=10.3794
[ep 1435] redandblack  static_B_2020.02.14_13.21.26.csv@560   reward=QoE=   37.76 eps=0.416 loss=9.9614
[ep 1436] soldier      static_B_2019.12.16_13.40.04.csv@1218  reward=QoE=   29.11 eps=0.416 loss=9.5040
[ep 1437] longdress    static_B_2020.02.27_18.39.27.csv@2834  reward=QoE=   60.14 eps=0.415 loss=9.1720
[ep 1438] loot         static_B_2019.12.16_13.40.04.csv@1698  reward=QoE=   74.57 eps=0.415 loss=10.5513
[ep 1439] redandblack  driving_B_2020.02.14_12.58.17.csv@800   reward=QoE=  -58.78 eps=0.415 loss=10.2267
[ep 1440] soldier      driving_B_2020.01.16_09.56.56.csv@637   reward=QoE=   47.70 eps=0.414 loss=9.1010
[ep 1441] longdress    static_B_2019.12.16_13.40.04.csv@1278  reward=QoE=   -2.06 eps=0.414 loss=10.1001
[ep 1442] loot         driving_B_2020.02.14_09.38.22.csv@397   reward=QoE=  -75.97 eps=0.413 loss=9.7919
[ep 1443] redandblack  driving_B_2020.02.14_09.38.22.csv@277   reward=QoE=  -18.20 eps=0.413 loss=9.9027
[ep 1444] soldier      static_B_2020.02.27_18.39.27.csv@1154  reward=QoE=  -15.26 eps=0.413 loss=9.5630
[ep 1445] longdress    driving_B_2020.02.13_15.02.01.csv@1402  reward=QoE=  -22.46 eps=0.412 loss=9.1007
[ep 1446] loot         driving_B_2020.02.14_09.38.22.csv@1117  reward=QoE=  -16.66 eps=0.412 loss=9.8832
[ep 1447] redandblack  static_B_2020.02.27_18.39.27.csv@4814  reward=QoE=   62.49 eps=0.411 loss=9.8048
[ep 1448] soldier      static_B_2020.02.27_18.39.27.csv@3374  reward=QoE=   74.05 eps=0.411 loss=9.7788
[ep 1449] longdress    driving_B_2020.01.16_07.26.43.csv@745   reward=QoE=   23.95 eps=0.411 loss=9.6678
[ep 1450] loot         driving_B_2020.01.16_07.26.43.csv@1770  reward=QoE=  -34.63 eps=0.410 loss=10.1524
[ep 1451] redandblack  static_B_2020.02.27_18.39.27.csv@2174  reward=QoE=   66.74 eps=0.410 loss=8.1965
[ep 1452] soldier      static_B_2020.02.27_18.39.27.csv@2294  reward=QoE=   24.72 eps=0.409 loss=10.3599
[ep 1453] longdress    driving_B_2019.12.17_07.32.39.csv@1269  reward=QoE=  -15.11 eps=0.409 loss=10.2816
[ep 1454] loot         driving_B_2020.02.13_15.02.01.csv@1762  reward=QoE=   66.43 eps=0.409 loss=9.4433
[ep 1455] redandblack  driving_B_2019.12.17_07.32.39.csv@909   reward=QoE=   -9.20 eps=0.408 loss=10.3281
[ep 1456] soldier      static_B_2020.02.27_18.39.27.csv@794   reward=QoE=   69.17 eps=0.408 loss=8.8305
[ep 1457] longdress    static_B_2019.12.16_13.40.04.csv@1038  reward=QoE=   24.56 eps=0.407 loss=9.7223
[ep 1458] loot         driving_B_2020.01.16_09.56.56.csv@1417  reward=QoE=   47.19 eps=0.407 loss=8.8858
[ep 1459] redandblack  driving_B_2020.02.13_13.03.24.csv@1333  reward=QoE=    1.15 eps=0.406 loss=9.0541
[ep 1460] soldier      static_B_2020.02.14_13.21.26.csv@380   reward=QoE=   16.16 eps=0.406 loss=9.2614
[ep 1461] longdress    static_B_2020.02.27_18.39.27.csv@74    reward=QoE=   58.22 eps=0.406 loss=9.5615
[ep 1462] loot         static_B_2020.02.14_13.21.26.csv@260   reward=QoE=   40.14 eps=0.405 loss=8.5403
[ep 1463] redandblack  driving_B_2020.02.14_09.38.22.csv@937   reward=QoE=   25.47 eps=0.405 loss=9.6536
[ep 1464] soldier      driving_B_2020.02.13_15.02.01.csv@2722  reward=QoE=  -57.93 eps=0.404 loss=9.7303
[ep 1465] longdress    driving_B_2019.12.17_07.32.39.csv@309   reward=QoE=   29.15 eps=0.404 loss=8.6650
[ep 1466] loot         driving_B_2020.02.14_12.58.17.csv@800   reward=QoE=   -6.27 eps=0.404 loss=9.6337
[ep 1467] redandblack  driving_B_2020.01.16_09.56.56.csv@457   reward=QoE=  -55.77 eps=0.403 loss=10.0653
[ep 1468] soldier      driving_B_2019.12.16_12.27.05.csv@912   reward=QoE=   60.06 eps=0.403 loss=9.2872
[ep 1469] longdress    static_B_2019.12.16_13.40.04.csv@318   reward=QoE=  -16.64 eps=0.402 loss=9.8971
[ep 1470] loot         driving_B_2019.12.16_12.27.05.csv@552   reward=QoE=  -56.76 eps=0.402 loss=9.7885
[ep 1471] redandblack  static_B_2020.02.27_18.39.27.csv@5742  reward=QoE=   52.83 eps=0.402 loss=8.7905
[ep 1472] soldier      driving_B_2019.12.16_12.27.05.csv@852   reward=QoE=   33.95 eps=0.401 loss=9.2343
[ep 1473] longdress    driving_B_2020.02.27_17.30.15.csv@320   reward=QoE= -162.31 eps=0.401 loss=10.4022
[ep 1474] loot         driving_B_2020.01.16_09.56.56.csv@1357  reward=QoE=   45.79 eps=0.400 loss=9.5451
[ep 1475] redandblack  static_B_2020.02.14_13.21.26.csv@500   reward=QoE=   58.40 eps=0.400 loss=9.3554
[ep 1476] soldier      driving_B_2020.02.13_13.03.24.csv@433   reward=QoE=  -39.57 eps=0.400 loss=9.2227
[ep 1477] longdress    driving_B_2020.01.16_09.56.56.csv@37    reward=QoE=    4.11 eps=0.399 loss=9.5842
[ep 1478] loot         driving_B_2020.02.13_13.03.24.csv@253   reward=QoE=   26.03 eps=0.399 loss=9.8340
[ep 1479] redandblack  driving_B_2020.01.16_07.26.43.csv@385   reward=QoE=   -0.55 eps=0.398 loss=9.3765
[ep 1480] soldier      static_B_2020.02.27_18.39.27.csv@2774  reward=QoE=   57.47 eps=0.398 loss=8.6611
[ep 1481] longdress    driving_B_2019.12.17_07.32.39.csv@2229  reward=QoE=   50.46 eps=0.398 loss=9.5693
[ep 1482] loot         driving_B_2020.02.14_09.38.22.csv@217   reward=QoE=   12.45 eps=0.397 loss=9.6528
[ep 1483] redandblack  static_B_2020.02.14_13.21.26.csv@20    reward=QoE=   46.19 eps=0.397 loss=9.1153
[ep 1484] soldier      static_B_2020.02.27_18.39.27.csv@1514  reward=QoE=   57.31 eps=0.396 loss=9.8238
[ep 1485] longdress    static_B_2020.02.27_18.39.27.csv@5714  reward=QoE=    8.97 eps=0.396 loss=8.7121
[ep 1486] loot         driving_B_2019.12.17_07.32.39.csv@669   reward=QoE=   34.12 eps=0.395 loss=9.3828
[ep 1487] redandblack  driving_B_2020.01.16_07.26.43.csv@445   reward=QoE=   -1.08 eps=0.395 loss=9.0824
[ep 1488] soldier      driving_B_2020.02.27_17.30.15.csv@720   reward=QoE=  -77.29 eps=0.395 loss=9.2017
[ep 1489] longdress    driving_B_2020.02.13_15.02.01.csv@22    reward=QoE=   56.52 eps=0.394 loss=9.2505
[ep 1490] loot         static_B_2019.12.16_13.40.04.csv@1398  reward=QoE=  -63.02 eps=0.394 loss=9.3446
[ep 1491] redandblack  static_B_2020.02.27_18.39.27.csv@1994  reward=QoE=   42.72 eps=0.393 loss=8.5531
[ep 1492] soldier      driving_B_2020.02.13_15.02.01.csv@2362  reward=QoE= -172.77 eps=0.393 loss=8.8867
[ep 1493] longdress    static_B_2020.02.27_18.39.27.csv@4154  reward=QoE=   32.82 eps=0.393 loss=8.9736
[ep 1494] loot         driving_B_2020.01.16_07.26.43.csv@325   reward=QoE=    7.52 eps=0.392 loss=9.9825
[ep 1495] redandblack  driving_B_2019.12.17_07.32.39.csv@1869  reward=QoE=   30.43 eps=0.392 loss=10.0751
[ep 1496] soldier      driving_B_2020.02.27_17.30.15.csv@200   reward=QoE= -395.24 eps=0.391 loss=9.5619
[ep 1497] longdress    driving_B_2020.01.16_07.26.43.csv@85    reward=QoE=   10.15 eps=0.391 loss=9.0271
[ep 1498] loot         driving_B_2020.02.14_09.38.22.csv@1177  reward=QoE=  -71.15 eps=0.391 loss=9.1591
[ep 1499] redandblack  driving_B_2020.02.14_09.38.22.csv@1478  reward=QoE=  -14.00 eps=0.390 loss=9.3021
[ep 1500] soldier      static_B_2020.02.27_18.39.27.csv@2474  reward=QoE=   43.68 eps=0.390 loss=10.2908
[ep 1501] longdress    static_B_2020.02.27_18.39.27.csv@3194  reward=QoE= -171.67 eps=0.389 loss=9.2946
[ep 1502] loot         driving_B_2020.02.13_13.03.24.csv@2113  reward=QoE=  -52.40 eps=0.389 loss=9.0043
[ep 1503] redandblack  driving_B_2020.02.13_13.03.24.csv@1513  reward=QoE=  -36.83 eps=0.389 loss=9.1756
[ep 1504] soldier      driving_B_2019.12.17_07.32.39.csv@969   reward=QoE=    5.20 eps=0.388 loss=11.1438
[ep 1505] longdress    static_B_2020.02.27_18.39.27.csv@4454  reward=QoE=   44.72 eps=0.388 loss=9.6823
[ep 1506] loot         driving_B_2019.12.17_07.32.39.csv@1509  reward=QoE=  -37.97 eps=0.387 loss=9.1248
[ep 1507] redandblack  static_B_2019.12.16_13.40.04.csv@1518  reward=QoE=   71.20 eps=0.387 loss=10.3489
[ep 1508] soldier      driving_B_2020.01.16_07.26.43.csv@1585  reward=QoE=  -41.69 eps=0.387 loss=10.4291
[ep 1509] longdress    driving_B_2020.01.16_09.56.56.csv@337   reward=QoE=   47.70 eps=0.386 loss=9.9903
[ep 1510] loot         driving_B_2020.01.16_07.26.43.csv@505   reward=QoE=   32.53 eps=0.386 loss=9.9214
[ep 1511] redandblack  driving_B_2019.12.17_07.32.39.csv@1029  reward=QoE=   31.15 eps=0.385 loss=10.5605
[ep 1512] soldier      driving_B_2020.02.14_12.58.17.csv@478   reward=QoE= -167.61 eps=0.385 loss=9.2787
[ep 1513] longdress    static_B_2019.12.16_13.40.04.csv@1098  reward=QoE= -108.73 eps=0.385 loss=9.3535
[ep 1514] loot         driving_B_2019.12.16_12.27.05.csv@252   reward=QoE=   44.01 eps=0.384 loss=9.8910
[ep 1515] redandblack  static_B_2020.02.27_18.39.27.csv@614   reward=QoE=   38.79 eps=0.384 loss=10.4155
[ep 1516] soldier      static_B_2020.02.14_13.21.26.csv@80    reward=QoE=   68.36 eps=0.383 loss=9.8670
[ep 1517] longdress    driving_B_2020.01.16_07.26.43.csv@265   reward=QoE=   29.10 eps=0.383 loss=10.0395
[ep 1518] loot         static_B_2020.02.27_18.39.27.csv@134   reward=QoE=   51.58 eps=0.382 loss=9.4267
[ep 1519] redandblack  static_B_2020.02.27_18.39.27.csv@3134  reward=QoE=  -34.64 eps=0.382 loss=10.2281
[ep 1520] soldier      static_B_2020.02.27_18.39.27.csv@5294  reward=QoE=   34.70 eps=0.382 loss=9.9343
[ep 1521] longdress    driving_B_2020.02.14_09.38.22.csv@637   reward=QoE=   50.28 eps=0.381 loss=9.7160
[ep 1522] loot         driving_B_2020.02.14_12.58.17.csv@538   reward=QoE=  -21.82 eps=0.381 loss=10.4899
[ep 1523] redandblack  driving_B_2020.02.27_17.30.15.csv@620   reward=QoE=  -44.87 eps=0.380 loss=10.3879
[ep 1524] soldier      driving_B_2020.01.16_07.26.43.csv@985   reward=QoE=   10.70 eps=0.380 loss=10.1545
[ep 1525] longdress    driving_B_2019.12.16_12.27.05.csv@1152  reward=QoE=   -2.59 eps=0.380 loss=9.6486
[ep 1526] loot         static_B_2020.02.27_18.39.27.csv@434   reward=QoE=   69.48 eps=0.379 loss=9.5361
[ep 1527] redandblack  driving_B_2020.02.13_15.02.01.csv@502   reward=QoE=   10.68 eps=0.379 loss=9.2643
[ep 1528] soldier      static_B_2020.02.27_18.39.27.csv@4694  reward=QoE=    6.28 eps=0.378 loss=9.7735
[ep 1529] longdress    driving_B_2019.12.16_12.27.05.csv@792   reward=QoE=   45.40 eps=0.378 loss=9.5907
[ep 1530] loot         driving_B_2019.12.17_07.32.39.csv@1389  reward=QoE= -143.54 eps=0.378 loss=8.9256
[ep 1531] redandblack  driving_B_2020.02.13_13.03.24.csv@733   reward=QoE=    4.79 eps=0.377 loss=9.7167
[ep 1532] soldier      static_B_2019.12.16_13.40.04.csv@1458  reward=QoE=   70.36 eps=0.377 loss=10.5078
[ep 1533] longdress    static_B_2020.02.27_18.39.27.csv@2054  reward=QoE=   32.85 eps=0.376 loss=10.1941
[ep 1534] loot         driving_B_2019.12.16_12.27.05.csv@1092  reward=QoE=   37.25 eps=0.376 loss=9.6020
[ep 1535] redandblack  driving_B_2020.02.14_09.38.22.csv@517   reward=QoE=   81.21 eps=0.376 loss=10.5973
[ep 1536] soldier      driving_B_2020.01.16_07.26.43.csv@925   reward=QoE=  -22.93 eps=0.375 loss=9.0958
[ep 1537] longdress    driving_B_2019.12.16_12.27.05.csv@192   reward=QoE=    7.93 eps=0.375 loss=10.3196
[ep 1538] loot         static_B_2020.02.14_13.21.26.csv@140   reward=QoE=   35.28 eps=0.374 loss=11.0048
[ep 1539] redandblack  static_B_2020.02.27_18.39.27.csv@4994  reward=QoE=   83.58 eps=0.374 loss=10.0807
[ep 1540] soldier      driving_B_2020.02.13_15.02.01.csv@1522  reward=QoE=  -15.69 eps=0.374 loss=10.1977
[ep 1541] longdress    static_B_2020.02.27_18.39.27.csv@5534  reward=QoE=   53.25 eps=0.373 loss=10.3577
[ep 1542] loot         static_B_2019.12.16_13.40.04.csv@918   reward=QoE=   27.04 eps=0.373 loss=10.6419
[ep 1543] redandblack  static_B_2019.12.16_13.40.04.csv@378   reward=QoE=   56.04 eps=0.372 loss=10.3421
[ep 1544] soldier      driving_B_2020.01.16_09.56.56.csv@397   reward=QoE=    6.24 eps=0.372 loss=10.5172
[ep 1545] longdress    driving_B_2019.12.17_07.32.39.csv@1449  reward=QoE=   39.88 eps=0.371 loss=9.6177
[ep 1546] loot         driving_B_2020.02.14_09.38.22.csv@817   reward=QoE=  -31.28 eps=0.371 loss=9.3504
[ep 1547] redandblack  static_B_2020.02.27_18.39.27.csv@2234  reward=QoE=   75.19 eps=0.371 loss=9.0218
[ep 1548] soldier      static_B_2020.02.27_18.39.27.csv@14    reward=QoE=   28.60 eps=0.370 loss=9.8304
[ep 1549] longdress    driving_B_2020.02.13_13.03.24.csv@1693  reward=QoE=   58.25 eps=0.370 loss=9.9822
[ep 1550] loot         driving_B_2019.12.17_07.32.39.csv@1329  reward=QoE=   51.50 eps=0.369 loss=8.5630
[ep 1551] redandblack  driving_B_2019.12.17_07.32.39.csv@2109  reward=QoE=   46.43 eps=0.369 loss=8.8068
[ep 1552] soldier      driving_B_2020.02.27_17.30.15.csv@680   reward=QoE= -113.40 eps=0.369 loss=10.3653
[ep 1553] longdress    driving_B_2020.02.13_15.02.01.csv@142   reward=QoE=   61.95 eps=0.368 loss=10.7841
[ep 1554] loot         static_B_2020.02.27_18.39.27.csv@1754  reward=QoE=   48.44 eps=0.368 loss=9.8278
[ep 1555] redandblack  driving_B_2020.02.13_13.03.24.csv@1633  reward=QoE= -169.36 eps=0.367 loss=10.0371
[ep 1556] soldier      static_B_2020.02.27_18.39.27.csv@4274  reward=QoE=   62.05 eps=0.367 loss=8.7976
[ep 1557] longdress    driving_B_2019.12.17_07.32.39.csv@129   reward=QoE=    0.10 eps=0.367 loss=9.0310
[ep 1558] loot         static_B_2020.02.27_18.39.27.csv@1874  reward=QoE=   69.32 eps=0.366 loss=10.5076
[ep 1559] redandblack  driving_B_2020.02.14_12.58.17.csv@418   reward=QoE= -242.88 eps=0.366 loss=10.1803
[ep 1560] soldier      driving_B_2020.01.16_09.56.56.csv@217   reward=QoE=   30.91 eps=0.365 loss=10.2844
[ep 1561] longdress    driving_B_2020.01.16_12.10.03.csv@128   reward=QoE=   49.71 eps=0.365 loss=10.5794
[ep 1562] loot         driving_B_2020.02.27_17.30.15.csv@140   reward=QoE= -107.39 eps=0.365 loss=9.2511
[ep 1563] redandblack  driving_B_2019.12.16_12.27.05.csv@312   reward=QoE=  -49.72 eps=0.364 loss=9.4564
[ep 1564] soldier      driving_B_2020.02.13_15.02.01.csv@1282  reward=QoE=   12.82 eps=0.364 loss=8.5740
[ep 1565] longdress    driving_B_2020.02.27_17.30.15.csv@440   reward=QoE= -165.27 eps=0.363 loss=10.3045
[ep 1566] loot         static_B_2020.02.27_18.39.27.csv@4634  reward=QoE=   40.20 eps=0.363 loss=9.7875
[ep 1567] redandblack  static_B_2019.12.16_13.40.04.csv@858   reward=QoE=   74.37 eps=0.363 loss=10.0196
[ep 1568] soldier      driving_B_2019.12.16_12.27.05.csv@492   reward=QoE= -151.20 eps=0.362 loss=9.9948
[ep 1569] longdress    driving_B_2020.02.13_13.03.24.csv@2173  reward=QoE= -220.66 eps=0.362 loss=10.2705
[ep 1570] loot         driving_B_2020.02.13_15.02.01.csv@2302  reward=QoE=   -9.77 eps=0.361 loss=9.6996
[ep 1571] redandblack  driving_B_2019.12.17_07.32.39.csv@429   reward=QoE=   44.85 eps=0.361 loss=10.6229
[ep 1572] soldier      driving_B_2020.02.13_15.02.01.csv@802   reward=QoE=   31.88 eps=0.361 loss=10.9396
[ep 1573] longdress    driving_B_2020.02.13_13.03.24.csv@1873  reward=QoE= -208.24 eps=0.360 loss=9.1848
[ep 1574] loot         static_B_2019.12.16_13.40.04.csv@438   reward=QoE=   55.02 eps=0.360 loss=8.6149
[ep 1575] redandblack  driving_B_2019.12.17_07.32.39.csv@369   reward=QoE=   41.58 eps=0.359 loss=9.3503
[ep 1576] soldier      driving_B_2020.02.13_13.03.24.csv@1933  reward=QoE= -214.62 eps=0.359 loss=9.8365
[ep 1577] longdress    driving_B_2020.01.16_09.56.56.csv@517   reward=QoE=   55.32 eps=0.358 loss=9.0578
[ep 1578] loot         driving_B_2019.12.17_07.32.39.csv@249   reward=QoE=   30.10 eps=0.358 loss=10.3341
[ep 1579] redandblack  static_B_2020.02.27_18.39.27.csv@5234  reward=QoE=   51.23 eps=0.358 loss=10.2486
[ep 1580] soldier      driving_B_2020.02.14_12.58.17.csv@778   reward=QoE=  -26.96 eps=0.357 loss=10.5653
[ep 1581] longdress    driving_B_2020.01.16_07.26.43.csv@1285  reward=QoE=   36.87 eps=0.357 loss=10.7268
[ep 1582] loot         driving_B_2020.01.16_09.56.56.csv@1117  reward=QoE=   32.45 eps=0.356 loss=10.4838
[ep 1583] redandblack  driving_B_2020.02.13_13.03.24.csv@1153  reward=QoE=  -17.20 eps=0.356 loss=10.8072
[ep 1584] soldier      driving_B_2020.02.14_09.38.22.csv@1477  reward=QoE=  -41.96 eps=0.356 loss=9.6820
[ep 1585] longdress    driving_B_2019.12.17_07.32.39.csv@2049  reward=QoE=   -1.01 eps=0.355 loss=9.6484
[ep 1586] loot         driving_B_2020.02.13_15.02.01.csv@2662  reward=QoE=   13.06 eps=0.355 loss=10.2131
[ep 1587] redandblack  static_B_2020.02.27_18.39.27.csv@3674  reward=QoE=   36.31 eps=0.354 loss=9.6735
[ep 1588] soldier      static_B_2020.02.27_18.39.27.csv@1334  reward=QoE=   66.57 eps=0.354 loss=10.1510
[ep 1589] longdress    static_B_2020.02.27_18.39.27.csv@2354  reward=QoE= -287.32 eps=0.354 loss=10.3541
[ep 1590] loot         driving_B_2020.01.16_12.10.03.csv@68    reward=QoE=   69.76 eps=0.353 loss=8.8536
[ep 1591] redandblack  driving_B_2020.02.13_15.02.01.csv@742   reward=QoE=   23.67 eps=0.353 loss=9.8587
[ep 1592] soldier      driving_B_2020.02.27_17.30.15.csv@260   reward=QoE= -205.21 eps=0.352 loss=10.3531
[ep 1593] longdress    static_B_2019.12.16_13.40.04.csv@18    reward=QoE=   48.33 eps=0.352 loss=9.8842
[ep 1594] loot         static_B_2020.02.27_18.39.27.csv@2894  reward=QoE=   67.25 eps=0.352 loss=10.2028
[ep 1595] redandblack  static_B_2020.02.27_18.39.27.csv@5414  reward=QoE=   67.70 eps=0.351 loss=10.6569
[ep 1596] soldier      driving_B_2020.02.13_13.03.24.csv@133   reward=QoE= -122.80 eps=0.351 loss=10.2856
[ep 1597] longdress    driving_B_2020.02.13_15.02.01.csv@322   reward=QoE=   38.47 eps=0.350 loss=9.2323
[ep 1598] loot         driving_B_2020.02.14_09.38.22.csv@1237  reward=QoE=   16.95 eps=0.350 loss=10.9750
[ep 1599] redandblack  static_B_2020.02.27_18.39.27.csv@734   reward=QoE=   37.89 eps=0.350 loss=10.2740
[ep 1600] soldier      driving_B_2019.12.17_07.32.39.csv@1989  reward=QoE=   62.07 eps=0.349 loss=9.7305
    [eval @ ep 1600] reward=QoE=-876.41 mean_q=0.499 stall=138.9s
[ep 1601] longdress    driving_B_2020.02.13_13.03.24.csv@673   reward=QoE=  -30.44 eps=0.349 loss=9.1215
[ep 1602] loot         driving_B_2020.02.13_15.02.01.csv@382   reward=QoE=   39.34 eps=0.348 loss=10.1756
[ep 1603] redandblack  static_B_2020.02.27_18.39.27.csv@3974  reward=QoE=   72.94 eps=0.348 loss=10.3751
[ep 1604] soldier      driving_B_2019.12.17_07.32.39.csv@189   reward=QoE=   -2.82 eps=0.347 loss=10.9815
[ep 1605] longdress    driving_B_2020.02.27_17.30.15.csv@80    reward=QoE= -216.53 eps=0.347 loss=10.1359
[ep 1606] loot         driving_B_2019.12.17_07.32.39.csv@849   reward=QoE=  -22.44 eps=0.347 loss=9.9961
[ep 1607] redandblack  driving_B_2020.02.13_15.02.01.csv@1642  reward=QoE= -122.02 eps=0.346 loss=9.8816
[ep 1608] soldier      driving_B_2020.01.16_07.26.43.csv@205   reward=QoE=   13.24 eps=0.346 loss=9.7581
[ep 1609] longdress    static_B_2020.02.27_18.39.27.csv@554   reward=QoE=  -81.79 eps=0.345 loss=9.8149
[ep 1610] loot         driving_B_2020.01.16_09.56.56.csv@757   reward=QoE=   44.99 eps=0.345 loss=9.7609
[ep 1611] redandblack  static_B_2020.02.27_18.39.27.csv@5594  reward=QoE=   43.79 eps=0.345 loss=10.2833
[ep 1612] soldier      driving_B_2019.12.16_12.27.05.csv@1152  reward=QoE=   30.84 eps=0.344 loss=9.5533
[ep 1613] longdress    driving_B_2020.01.16_09.56.56.csv@697   reward=QoE=   12.26 eps=0.344 loss=9.4535
[ep 1614] loot         static_B_2020.02.14_13.21.26.csv@800   reward=QoE=   68.61 eps=0.343 loss=11.4192
[ep 1615] redandblack  driving_B_2019.12.16_12.27.05.csv@432   reward=QoE=   11.60 eps=0.343 loss=9.5287
[ep 1616] soldier      driving_B_2019.12.16_12.27.05.csv@672   reward=QoE=  -31.19 eps=0.343 loss=10.6456
[ep 1617] longdress    driving_B_2019.12.17_07.32.39.csv@1929  reward=QoE=   42.54 eps=0.342 loss=10.5622
[ep 1618] loot         driving_B_2020.02.13_13.03.24.csv@793   reward=QoE=    8.77 eps=0.342 loss=9.5782
[ep 1619] redandblack  driving_B_2020.02.13_15.02.01.csv@2002  reward=QoE=   80.37 eps=0.341 loss=9.2190
[ep 1620] soldier      driving_B_2019.12.17_07.32.39.csv@1809  reward=QoE=  -27.74 eps=0.341 loss=10.4452
[ep 1621] longdress    static_B_2020.02.14_13.21.26.csv@680   reward=QoE=   74.03 eps=0.341 loss=9.5878
[ep 1622] loot         driving_B_2020.02.13_15.02.01.csv@262   reward=QoE=   50.94 eps=0.340 loss=9.6751
[ep 1623] redandblack  driving_B_2020.02.13_15.02.01.csv@1462  reward=QoE=   -2.37 eps=0.340 loss=9.6175
[ep 1624] soldier      driving_B_2019.12.16_12.27.05.csv@732   reward=QoE=   44.78 eps=0.339 loss=10.2618
[ep 1625] longdress    static_B_2020.02.27_18.39.27.csv@2414  reward=QoE=   55.57 eps=0.339 loss=10.4176
[ep 1626] loot         static_B_2020.02.27_18.39.27.csv@5654  reward=QoE=   66.33 eps=0.339 loss=9.5416
[ep 1627] redandblack  driving_B_2020.01.16_09.56.56.csv@937   reward=QoE=    4.59 eps=0.338 loss=10.0666
[ep 1628] soldier      driving_B_2020.01.16_07.26.43.csv@865   reward=QoE=   16.03 eps=0.338 loss=9.7617
[ep 1629] longdress    driving_B_2020.02.14_09.38.22.csv@697   reward=QoE=   39.81 eps=0.337 loss=9.6617
[ep 1630] loot         driving_B_2020.02.13_15.02.01.csv@982   reward=QoE=   17.34 eps=0.337 loss=9.3055
[ep 1631] redandblack  driving_B_2019.12.16_12.27.05.csv@972   reward=QoE=   73.83 eps=0.337 loss=10.4946
[ep 1632] soldier      driving_B_2020.02.27_17.30.15.csv@560   reward=QoE= -198.10 eps=0.336 loss=9.8683
[ep 1633] longdress    driving_B_2020.01.16_09.56.56.csv@997   reward=QoE=   49.01 eps=0.336 loss=10.9259
[ep 1634] loot         static_B_2020.02.27_18.39.27.csv@5054  reward=QoE=   52.99 eps=0.335 loss=10.2017
[ep 1635] redandblack  driving_B_2020.02.13_13.03.24.csv@193   reward=QoE=   16.32 eps=0.335 loss=11.2561
[ep 1636] soldier      driving_B_2020.01.16_09.56.56.csv@277   reward=QoE=   84.90 eps=0.334 loss=10.4483
[ep 1637] longdress    static_B_2019.12.16_13.40.04.csv@618   reward=QoE=   11.56 eps=0.334 loss=10.1876
[ep 1638] loot         driving_B_2019.12.17_07.32.39.csv@549   reward=QoE=    2.97 eps=0.334 loss=10.0731
[ep 1639] redandblack  driving_B_2020.02.13_15.02.01.csv@2542  reward=QoE=   16.93 eps=0.333 loss=10.8201
[ep 1640] soldier      static_B_2020.02.27_18.39.27.csv@4574  reward=QoE=   56.62 eps=0.333 loss=10.3871
[ep 1641] longdress    static_B_2020.02.27_18.39.27.csv@1634  reward=QoE=   42.34 eps=0.332 loss=10.9259
[ep 1642] loot         driving_B_2020.01.16_07.26.43.csv@1405  reward=QoE=   -2.55 eps=0.332 loss=9.6985
[ep 1643] redandblack  driving_B_2020.02.14_09.38.22.csv@457   reward=QoE=   40.45 eps=0.332 loss=10.1909
[ep 1644] soldier      driving_B_2020.01.16_09.56.56.csv@157   reward=QoE=   36.56 eps=0.331 loss=9.9164
[ep 1645] longdress    driving_B_2020.02.13_13.03.24.csv@553   reward=QoE=  -13.49 eps=0.331 loss=9.9483
[ep 1646] loot         static_B_2020.02.27_18.39.27.csv@5114  reward=QoE=   55.80 eps=0.330 loss=9.0533
[ep 1647] redandblack  driving_B_2019.12.16_12.27.05.csv@1032  reward=QoE=   58.23 eps=0.330 loss=10.5276
[ep 1648] soldier      static_B_2020.02.27_18.39.27.csv@1934  reward=QoE=   48.15 eps=0.330 loss=10.6155
[ep 1649] longdress    driving_B_2020.01.16_07.26.43.csv@685   reward=QoE=  -45.10 eps=0.329 loss=10.0087
[ep 1650] loot         driving_B_2019.12.16_12.27.05.csv@12    reward=QoE=   48.59 eps=0.329 loss=10.0810
[ep 1651] redandblack  driving_B_2020.02.14_09.38.22.csv@157   reward=QoE=  -24.20 eps=0.328 loss=10.0670
[ep 1652] soldier      static_B_2020.02.27_18.39.27.csv@494   reward=QoE=   42.50 eps=0.328 loss=10.8493
[ep 1653] longdress    static_B_2020.02.14_13.21.26.csv@320   reward=QoE=   64.83 eps=0.328 loss=10.4705
[ep 1654] loot         driving_B_2020.02.27_17.30.15.csv@380   reward=QoE=   -2.92 eps=0.327 loss=10.2078
[ep 1655] redandblack  static_B_2020.02.27_18.39.27.csv@4934  reward=QoE=   76.25 eps=0.327 loss=10.2217
[ep 1656] soldier      driving_B_2020.01.16_07.26.43.csv@145   reward=QoE= -256.50 eps=0.326 loss=9.9634
[ep 1657] longdress    static_B_2019.12.16_13.40.04.csv@1904  reward=QoE=   25.42 eps=0.326 loss=10.4989
[ep 1658] loot         driving_B_2019.12.17_07.32.39.csv@1569  reward=QoE=   21.15 eps=0.326 loss=10.3129
[ep 1659] redandblack  static_B_2019.12.16_13.40.04.csv@1338  reward=QoE=   40.21 eps=0.325 loss=9.9439
[ep 1660] soldier      static_B_2020.02.27_18.39.27.csv@4334  reward=QoE=   30.82 eps=0.325 loss=10.3932
[ep 1661] longdress    driving_B_2020.02.13_13.03.24.csv@1453  reward=QoE=  -11.24 eps=0.324 loss=10.3048
[ep 1662] loot         driving_B_2020.02.14_12.58.17.csv@178   reward=QoE= -271.36 eps=0.324 loss=10.3565
[ep 1663] redandblack  driving_B_2020.02.13_15.02.01.csv@202   reward=QoE=   47.32 eps=0.323 loss=11.3480
[ep 1664] soldier      static_B_2020.02.27_18.39.27.csv@3434  reward=QoE=   64.43 eps=0.323 loss=10.8612
[ep 1665] longdress    driving_B_2020.01.16_12.10.03.csv@8     reward=QoE=   53.00 eps=0.323 loss=10.6111
[ep 1666] loot         static_B_2020.02.14_13.21.26.csv@440   reward=QoE=   40.61 eps=0.322 loss=10.2762
[ep 1667] redandblack  static_B_2020.02.27_18.39.27.csv@3854  reward=QoE=   11.64 eps=0.322 loss=10.0804
[ep 1668] soldier      static_B_2019.12.16_13.40.04.csv@258   reward=QoE=   -4.87 eps=0.321 loss=9.7495
[ep 1669] longdress    static_B_2020.02.27_18.39.27.csv@5742  reward=QoE=   71.04 eps=0.321 loss=9.9728
[ep 1670] loot         driving_B_2020.02.13_13.03.24.csv@0     reward=QoE=    1.70 eps=0.321 loss=10.4921
[ep 1671] redandblack  driving_B_2020.02.13_15.02.01.csv@2181  reward=QoE=   46.93 eps=0.320 loss=10.7570
[ep 1672] soldier      driving_B_2020.02.27_17.30.15.csv@410   reward=QoE= -102.35 eps=0.320 loss=10.4115
[ep 1673] longdress    driving_B_2020.02.13_15.02.01.csv@1821  reward=QoE=   73.61 eps=0.319 loss=10.7100
[ep 1674] loot         driving_B_2019.12.16_12.27.05.csv@1152  reward=QoE=   21.74 eps=0.319 loss=9.3958
[ep 1675] redandblack  driving_B_2020.01.16_09.56.56.csv@257   reward=QoE=   27.02 eps=0.319 loss=9.8139
[ep 1676] soldier      static_B_2020.02.27_18.39.27.csv@2486  reward=QoE=   52.22 eps=0.318 loss=10.4257
[ep 1677] longdress    driving_B_2019.12.17_07.32.39.csv@2211  reward=QoE=  -14.80 eps=0.318 loss=9.8325
[ep 1678] loot         driving_B_2019.12.17_07.32.39.csv@1851  reward=QoE=   -0.87 eps=0.317 loss=9.8151
[ep 1679] redandblack  static_B_2019.12.16_13.40.04.csv@38    reward=QoE=   54.09 eps=0.317 loss=9.8391
[ep 1680] soldier      driving_B_2020.01.16_07.26.43.csv@697   reward=QoE=   12.88 eps=0.317 loss=10.1003
[ep 1681] longdress    driving_B_2019.12.17_07.32.39.csv@531   reward=QoE=  -39.41 eps=0.316 loss=10.6436
[ep 1682] loot         static_B_2020.02.27_18.39.27.csv@86    reward=QoE=   36.67 eps=0.316 loss=10.6973
[ep 1683] redandblack  driving_B_2019.12.17_07.32.39.csv@2288  reward=QoE=   40.90 eps=0.315 loss=10.2880
[ep 1684] soldier      driving_B_2020.02.13_13.03.24.csv@1680  reward=QoE=   55.66 eps=0.315 loss=9.3604
[ep 1685] longdress    driving_B_2019.12.17_07.32.39.csv@1251  reward=QoE=   13.04 eps=0.315 loss=11.1138
[ep 1686] loot         static_B_2020.02.27_18.39.27.csv@1586  reward=QoE=   60.67 eps=0.314 loss=10.7572
[ep 1687] redandblack  static_B_2019.12.16_13.40.04.csv@698   reward=QoE=   27.92 eps=0.314 loss=9.9269
[ep 1688] soldier      driving_B_2020.02.13_13.03.24.csv@60    reward=QoE=  -17.10 eps=0.313 loss=10.9147
[ep 1689] longdress    driving_B_2020.02.13_15.02.01.csv@1641  reward=QoE= -113.93 eps=0.313 loss=9.8980
[ep 1690] loot         driving_B_2020.02.13_15.02.01.csv@1221  reward=QoE=   57.96 eps=0.312 loss=9.4009
[ep 1691] redandblack  static_B_2019.12.16_13.40.04.csv@1904  reward=QoE=   14.87 eps=0.312 loss=9.9420
[ep 1692] soldier      driving_B_2019.12.16_12.27.05.csv@1152  reward=QoE=    5.38 eps=0.312 loss=8.9913
[ep 1693] longdress    static_B_2020.02.27_18.39.27.csv@5742  reward=QoE=   43.48 eps=0.311 loss=10.6272
[ep 1694] loot         driving_B_2020.02.13_15.02.01.csv@1041  reward=QoE=   51.96 eps=0.311 loss=10.2220
[ep 1695] redandblack  static_B_2020.02.14_13.21.26.csv@335   reward=QoE=   73.89 eps=0.310 loss=10.6798
[ep 1696] soldier      driving_B_2020.02.14_12.58.17.csv@611   reward=QoE=  -10.50 eps=0.310 loss=10.5733
[ep 1697] longdress    static_B_2020.02.14_13.21.26.csv@275   reward=QoE=   74.31 eps=0.310 loss=8.9109
[ep 1698] loot         driving_B_2020.02.14_09.38.22.csv@1222  reward=QoE=  -50.70 eps=0.309 loss=10.4475
[ep 1699] redandblack  static_B_2020.02.27_18.39.27.csv@3086  reward=QoE=   33.46 eps=0.309 loss=11.5061
[ep 1700] soldier      driving_B_2020.02.13_15.02.01.csv@261   reward=QoE=   49.78 eps=0.308 loss=9.9689
[ep 1701] longdress    static_B_2019.12.16_13.40.04.csv@1598  reward=QoE=   65.43 eps=0.308 loss=10.3018
[ep 1702] loot         driving_B_2020.02.13_13.03.24.csv@1320  reward=QoE=  -22.49 eps=0.308 loss=9.7801
[ep 1703] redandblack  static_B_2020.02.27_18.39.27.csv@1766  reward=QoE=   43.85 eps=0.307 loss=10.0523
[ep 1704] soldier      static_B_2020.02.27_18.39.27.csv@146   reward=QoE=   67.35 eps=0.307 loss=10.1630
[ep 1705] longdress    driving_B_2020.01.16_09.56.56.csv@377   reward=QoE=    4.87 eps=0.306 loss=10.3960
[ep 1706] loot         static_B_2019.12.16_13.40.04.csv@158   reward=QoE=   63.72 eps=0.306 loss=10.8792
[ep 1707] redandblack  driving_B_2020.01.16_12.10.03.csv@196   reward=QoE=   76.13 eps=0.306 loss=10.4486
[ep 1708] soldier      driving_B_2020.02.13_13.03.24.csv@1020  reward=QoE=  -50.43 eps=0.305 loss=9.8300
[ep 1709] longdress    driving_B_2020.01.16_09.56.56.csv@977   reward=QoE=   -8.73 eps=0.305 loss=9.3077
[ep 1710] loot         static_B_2020.02.27_18.39.27.csv@2186  reward=QoE=   61.14 eps=0.304 loss=9.8497
[ep 1711] redandblack  driving_B_2020.02.13_13.03.24.csv@660   reward=QoE=  -51.49 eps=0.304 loss=10.0626
[ep 1712] soldier      static_B_2020.02.27_18.39.27.csv@4046  reward=QoE=   81.76 eps=0.304 loss=9.3267
[ep 1713] longdress    driving_B_2020.01.16_09.56.56.csv@1570  reward=QoE=   33.92 eps=0.303 loss=9.8372
[ep 1714] loot         driving_B_2020.02.27_17.30.15.csv@50    reward=QoE=    8.38 eps=0.303 loss=10.4367
[ep 1715] redandblack  driving_B_2019.12.17_07.32.39.csv@951   reward=QoE=    5.29 eps=0.302 loss=11.1137
[ep 1716] soldier      driving_B_2020.01.16_09.56.56.csv@197   reward=QoE=   72.41 eps=0.302 loss=9.6087
[ep 1717] longdress    driving_B_2019.12.17_07.32.39.csv@1971  reward=QoE=   59.08 eps=0.302 loss=9.7026
[ep 1718] loot         driving_B_2020.02.13_13.03.24.csv@1620  reward=QoE=  -63.56 eps=0.301 loss=11.3218
[ep 1719] redandblack  static_B_2020.02.27_18.39.27.csv@2426  reward=QoE=   27.57 eps=0.301 loss=10.1888
[ep 1720] soldier      static_B_2019.12.16_13.40.04.csv@878   reward=QoE=   20.61 eps=0.300 loss=9.9583
[ep 1721] longdress    driving_B_2020.01.16_07.26.43.csv@37    reward=QoE=   16.78 eps=0.300 loss=10.7456
[ep 1722] loot         static_B_2020.02.27_18.39.27.csv@1706  reward=QoE=   41.58 eps=0.299 loss=10.2015
[ep 1723] redandblack  driving_B_2019.12.16_12.27.05.csv@298   reward=QoE=  -23.80 eps=0.299 loss=10.0721
[ep 1724] soldier      driving_B_2020.02.13_15.02.01.csv@741   reward=QoE=   14.99 eps=0.299 loss=10.2415
[ep 1725] longdress    driving_B_2020.01.16_09.56.56.csv@737   reward=QoE=   52.95 eps=0.298 loss=10.6322
[ep 1726] loot         driving_B_2020.02.14_12.58.17.csv@491   reward=QoE= -104.08 eps=0.298 loss=10.1124
[ep 1727] redandblack  static_B_2020.02.27_18.39.27.csv@5126  reward=QoE=   53.73 eps=0.297 loss=11.1139
[ep 1728] soldier      driving_B_2020.02.27_17.30.15.csv@290   reward=QoE= -109.70 eps=0.297 loss=10.7356
[ep 1729] longdress    static_B_2020.02.14_13.21.26.csv@575   reward=QoE=   56.09 eps=0.297 loss=10.6165
[ep 1730] loot         driving_B_2019.12.17_07.32.39.csv@591   reward=QoE=   26.23 eps=0.296 loss=11.0219
[ep 1731] redandblack  driving_B_2020.01.16_09.56.56.csv@857   reward=QoE=   24.15 eps=0.296 loss=10.5417
[ep 1732] soldier      driving_B_2019.12.16_12.27.05.csv@238   reward=QoE=   27.57 eps=0.295 loss=10.7554
[ep 1733] longdress    driving_B_2020.02.13_15.02.01.csv@2754  reward=QoE=  -24.79 eps=0.295 loss=11.4252
[ep 1734] loot         driving_B_2019.12.17_07.32.39.csv@471   reward=QoE=   43.61 eps=0.295 loss=10.8229
[ep 1735] redandblack  static_B_2019.12.16_13.40.04.csv@338   reward=QoE=   11.28 eps=0.294 loss=10.8342
[ep 1736] soldier      driving_B_2019.12.16_12.27.05.csv@778   reward=QoE=    7.18 eps=0.294 loss=9.9938
[ep 1737] longdress    driving_B_2020.02.27_17.30.15.csv@720   reward=QoE=  -26.54 eps=0.293 loss=10.3712
[ep 1738] loot         driving_B_2020.01.16_09.56.56.csv@437   reward=QoE=    4.66 eps=0.293 loss=10.9456
[ep 1739] redandblack  static_B_2020.02.27_18.39.27.csv@2066  reward=QoE=   69.11 eps=0.293 loss=9.8229
[ep 1740] soldier      driving_B_2019.12.17_07.32.39.csv@1611  reward=QoE=  -70.03 eps=0.292 loss=10.6210
[ep 1741] longdress    driving_B_2020.02.13_15.02.01.csv@801   reward=QoE=   60.16 eps=0.292 loss=10.5057
[ep 1742] loot         driving_B_2020.02.13_13.03.24.csv@600   reward=QoE=   22.24 eps=0.291 loss=11.0282
[ep 1743] redandblack  driving_B_2019.12.16_12.27.05.csv@538   reward=QoE=  -31.71 eps=0.291 loss=10.7398
[ep 1744] soldier      driving_B_2020.02.14_09.38.22.csv@1462  reward=QoE=   21.47 eps=0.291 loss=11.0161
[ep 1745] longdress    driving_B_2020.01.16_09.56.56.csv@1037  reward=QoE=  -36.83 eps=0.290 loss=10.5776
[ep 1746] loot         driving_B_2020.02.14_09.38.22.csv@682   reward=QoE=   69.50 eps=0.290 loss=11.0481
[ep 1747] redandblack  driving_B_2020.02.14_12.58.17.csv@71    reward=QoE=  -21.56 eps=0.289 loss=9.7060
[ep 1748] soldier      driving_B_2020.02.27_17.30.15.csv@650   reward=QoE=  -21.11 eps=0.289 loss=10.7860
[ep 1749] longdress    driving_B_2020.02.14_12.58.17.csv@551   reward=QoE=  -16.57 eps=0.288 loss=9.5725
[ep 1750] loot         driving_B_2020.02.13_15.02.01.csv@621   reward=QoE=  -22.10 eps=0.288 loss=10.7344
[ep 1751] redandblack  static_B_2020.02.27_18.39.27.csv@26    reward=QoE=   63.74 eps=0.288 loss=9.5723
[ep 1752] soldier      static_B_2019.12.16_13.40.04.csv@458   reward=QoE= -306.65 eps=0.287 loss=10.8982
[ep 1753] longdress    driving_B_2019.12.16_12.27.05.csv@358   reward=QoE=   19.40 eps=0.287 loss=10.6739
[ep 1754] loot         static_B_2020.02.27_18.39.27.csv@5486  reward=QoE=   76.81 eps=0.286 loss=10.5135
[ep 1755] redandblack  driving_B_2020.02.13_15.02.01.csv@2661  reward=QoE=    0.16 eps=0.286 loss=9.9887
[ep 1756] soldier      static_B_2020.02.27_18.39.27.csv@1946  reward=QoE=   24.89 eps=0.286 loss=10.3890
[ep 1757] longdress    driving_B_2019.12.17_07.32.39.csv@1551  reward=QoE=   31.09 eps=0.285 loss=10.4515
[ep 1758] loot         static_B_2020.02.27_18.39.27.csv@5726  reward=QoE=   59.97 eps=0.285 loss=10.9288
[ep 1759] redandblack  driving_B_2020.01.16_07.26.43.csv@877   reward=QoE=  -10.32 eps=0.284 loss=10.3611
[ep 1760] soldier      driving_B_2020.02.14_12.58.17.csv@671   reward=QoE=  -51.78 eps=0.284 loss=11.5211
[ep 1761] longdress    static_B_2020.02.14_13.21.26.csv@395   reward=QoE=   67.97 eps=0.284 loss=10.4989
[ep 1762] loot         driving_B_2020.02.13_13.03.24.csv@1440  reward=QoE=   26.85 eps=0.283 loss=10.6668
[ep 1763] redandblack  static_B_2020.02.27_18.39.27.csv@4826  reward=QoE=   65.15 eps=0.283 loss=10.4637
[ep 1764] soldier      driving_B_2020.01.16_12.10.03.csv@244   reward=QoE=   64.32 eps=0.282 loss=11.2583
[ep 1765] longdress    static_B_2020.02.14_13.21.26.csv@215   reward=QoE=   74.41 eps=0.282 loss=10.6693
[ep 1766] loot         static_B_2020.02.27_18.39.27.csv@1346  reward=QoE=   74.84 eps=0.282 loss=9.8941
[ep 1767] redandblack  static_B_2019.12.16_13.40.04.csv@1778  reward=QoE=   39.11 eps=0.281 loss=10.0058
[ep 1768] soldier      static_B_2020.02.27_18.39.27.csv@2726  reward=QoE=   72.03 eps=0.281 loss=10.4391
[ep 1769] longdress    driving_B_2019.12.16_12.27.05.csv@1018  reward=QoE=   52.23 eps=0.280 loss=11.1690
[ep 1770] loot         driving_B_2020.02.13_15.02.01.csv@321   reward=QoE=   67.97 eps=0.280 loss=11.6369
[ep 1771] redandblack  static_B_2019.12.16_13.40.04.csv@398   reward=QoE=   65.23 eps=0.280 loss=9.7201
[ep 1772] soldier      static_B_2019.12.16_13.40.04.csv@818   reward=QoE=   66.76 eps=0.279 loss=10.4195
[ep 1773] longdress    driving_B_2020.01.16_07.26.43.csv@577   reward=QoE=    9.35 eps=0.279 loss=10.5814
[ep 1774] loot         driving_B_2019.12.17_07.32.39.csv@1671  reward=QoE=   -8.40 eps=0.278 loss=9.9980
[ep 1775] redandblack  static_B_2019.12.16_13.40.04.csv@1358  reward=QoE=   42.42 eps=0.278 loss=10.7093
[ep 1776] soldier      static_B_2020.02.27_18.39.27.csv@4526  reward=QoE=   33.16 eps=0.278 loss=10.5762
[ep 1777] longdress    driving_B_2019.12.17_07.32.39.csv@2288  reward=QoE=   51.60 eps=0.277 loss=11.1786
[ep 1778] loot         driving_B_2020.02.13_13.03.24.csv@2100  reward=QoE=  -92.78 eps=0.277 loss=10.9825
[ep 1779] redandblack  static_B_2020.02.27_18.39.27.csv@206   reward=QoE=   51.85 eps=0.276 loss=9.8601
[ep 1780] soldier      static_B_2020.02.27_18.39.27.csv@4346  reward=QoE=   41.56 eps=0.276 loss=9.9813
[ep 1781] longdress    driving_B_2020.02.13_13.03.24.csv@180   reward=QoE= -138.60 eps=0.275 loss=10.1683
[ep 1782] loot         static_B_2020.02.27_18.39.27.csv@626   reward=QoE=   36.60 eps=0.275 loss=12.1652
[ep 1783] redandblack  driving_B_2020.01.16_09.56.56.csv@1457  reward=QoE=   72.67 eps=0.275 loss=10.5353
[ep 1784] soldier      static_B_2019.12.16_13.40.04.csv@1238  reward=QoE=   10.55 eps=0.274 loss=10.6957
[ep 1785] longdress    driving_B_2020.02.14_09.38.22.csv@622   reward=QoE=   32.72 eps=0.274 loss=11.6629
[ep 1786] loot         driving_B_2020.01.16_09.56.56.csv@557   reward=QoE=   68.41 eps=0.273 loss=10.6134
[ep 1787] redandblack  driving_B_2019.12.17_07.32.39.csv@1491  reward=QoE=  -36.50 eps=0.273 loss=9.7576
[ep 1788] soldier      driving_B_2019.12.16_12.27.05.csv@598   reward=QoE= -105.92 eps=0.273 loss=11.3041
[ep 1789] longdress    static_B_2020.02.27_18.39.27.csv@2786  reward=QoE=   88.17 eps=0.272 loss=10.0068
[ep 1790] loot         driving_B_2020.01.16_07.26.43.csv@757   reward=QoE=   52.11 eps=0.272 loss=10.0684
[ep 1791] redandblack  driving_B_2020.01.16_07.26.43.csv@1177  reward=QoE=   30.10 eps=0.271 loss=10.7720
[ep 1792] soldier      static_B_2019.12.16_13.40.04.csv@1898  reward=QoE=   22.27 eps=0.271 loss=9.9841
[ep 1793] longdress    driving_B_2019.12.16_12.27.05.csv@178   reward=QoE=  -22.42 eps=0.271 loss=10.6928
[ep 1794] loot         static_B_2020.02.27_18.39.27.csv@746   reward=QoE=   70.94 eps=0.270 loss=10.6261
[ep 1795] redandblack  driving_B_2019.12.17_07.32.39.csv@831   reward=QoE=   29.46 eps=0.270 loss=9.6971
[ep 1796] soldier      static_B_2020.02.27_18.39.27.csv@2966  reward=QoE=   57.45 eps=0.269 loss=10.3321
[ep 1797] longdress    driving_B_2020.02.13_13.03.24.csv@1380  reward=QoE=  -26.04 eps=0.269 loss=10.0859
[ep 1798] loot         driving_B_2020.02.14_09.38.22.csv@322   reward=QoE=   -5.53 eps=0.269 loss=10.6550
[ep 1799] redandblack  driving_B_2020.02.13_13.03.24.csv@420   reward=QoE=   14.74 eps=0.268 loss=10.9704
[ep 1800] soldier      driving_B_2019.12.16_12.27.05.csv@718   reward=QoE=   29.91 eps=0.268 loss=10.0616
[ep 1801] longdress    driving_B_2020.02.14_12.58.17.csv@191   reward=QoE= -206.62 eps=0.267 loss=9.4729
[ep 1802] loot         static_B_2020.02.27_18.39.27.csv@3686  reward=QoE=   55.70 eps=0.267 loss=10.2329
[ep 1803] redandblack  static_B_2020.02.27_18.39.27.csv@2606  reward=QoE=   70.66 eps=0.267 loss=10.5715
[ep 1804] soldier      driving_B_2019.12.17_07.32.39.csv@2271  reward=QoE=   74.94 eps=0.266 loss=10.8131
[ep 1805] longdress    static_B_2020.02.27_18.39.27.csv@1466  reward=QoE=   37.38 eps=0.266 loss=11.4581
[ep 1806] loot         static_B_2020.02.27_18.39.27.csv@3746  reward=QoE=   79.01 eps=0.265 loss=10.0653
[ep 1807] redandblack  driving_B_2020.02.13_15.02.01.csv@501   reward=QoE=   22.66 eps=0.265 loss=10.4284
[ep 1808] soldier      static_B_2020.02.27_18.39.27.csv@4946  reward=QoE=   71.98 eps=0.264 loss=11.6902
[ep 1809] longdress    static_B_2020.02.14_13.21.26.csv@95    reward=QoE=   65.45 eps=0.264 loss=10.9911
[ep 1810] loot         driving_B_2020.01.16_07.26.43.csv@1297  reward=QoE=   52.12 eps=0.264 loss=10.5422
[ep 1811] redandblack  static_B_2020.02.27_18.39.27.csv@5546  reward=QoE=   60.34 eps=0.263 loss=12.1083
[ep 1812] soldier      driving_B_2020.02.13_13.03.24.csv@1260  reward=QoE= -139.89 eps=0.263 loss=11.1949
[ep 1813] longdress    driving_B_2020.02.14_09.38.22.csv@202   reward=QoE=  -91.26 eps=0.262 loss=10.7621
[ep 1814] loot         static_B_2020.02.27_18.39.27.csv@4646  reward=QoE=   27.58 eps=0.262 loss=10.1315
[ep 1815] redandblack  driving_B_2020.02.14_12.58.17.csv@800   reward=QoE=    5.64 eps=0.262 loss=11.6279
[ep 1816] soldier      static_B_2020.02.27_18.39.27.csv@446   reward=QoE=   51.66 eps=0.261 loss=10.9147
[ep 1817] longdress    driving_B_2020.02.13_15.02.01.csv@1761  reward=QoE=   54.48 eps=0.261 loss=10.6681
[ep 1818] loot         driving_B_2020.01.16_07.26.43.csv@1770  reward=QoE=   -8.49 eps=0.260 loss=10.4152
[ep 1819] redandblack  driving_B_2020.01.16_09.56.56.csv@137   reward=QoE=   18.30 eps=0.260 loss=10.4676
[ep 1820] soldier      static_B_2020.02.27_18.39.27.csv@4586  reward=QoE=   32.84 eps=0.260 loss=10.9684
[ep 1821] longdress    static_B_2020.02.27_18.39.27.csv@4766  reward=QoE=   84.20 eps=0.259 loss=10.8415
[ep 1822] loot         driving_B_2020.02.14_09.38.22.csv@1478  reward=QoE=   32.45 eps=0.259 loss=10.4350
[ep 1823] redandblack  driving_B_2020.02.13_15.02.01.csv@201   reward=QoE=   27.56 eps=0.258 loss=11.4597
[ep 1824] soldier      driving_B_2019.12.17_07.32.39.csv@1791  reward=QoE=  -17.85 eps=0.258 loss=10.1612
[ep 1825] longdress    driving_B_2020.01.16_09.56.56.csv@77    reward=QoE=  -14.73 eps=0.258 loss=11.0470
[ep 1826] loot         driving_B_2020.02.13_13.03.24.csv@1740  reward=QoE=   59.71 eps=0.257 loss=10.2341
[ep 1827] redandblack  static_B_2020.02.27_18.39.27.csv@2846  reward=QoE=   71.22 eps=0.257 loss=11.5798
[ep 1828] soldier      driving_B_2019.12.17_07.32.39.csv@171   reward=QoE=   14.52 eps=0.256 loss=11.4078
[ep 1829] longdress    driving_B_2020.01.16_07.26.43.csv@817   reward=QoE=   26.89 eps=0.256 loss=10.7581
[ep 1830] loot         driving_B_2020.02.14_09.38.22.csv@1282  reward=QoE=   72.79 eps=0.256 loss=10.7128
[ep 1831] redandblack  driving_B_2020.01.16_12.10.03.csv@16    reward=QoE=   68.61 eps=0.255 loss=11.2908
[ep 1832] soldier      driving_B_2020.02.13_15.02.01.csv@81    reward=QoE=   54.94 eps=0.255 loss=10.4235
[ep 1833] longdress    driving_B_2020.01.16_07.26.43.csv@997   reward=QoE=   30.93 eps=0.254 loss=11.3963
[ep 1834] loot         driving_B_2020.02.13_13.03.24.csv@840   reward=QoE=  -16.29 eps=0.254 loss=10.0367
[ep 1835] redandblack  driving_B_2019.12.16_12.27.05.csv@838   reward=QoE=   51.30 eps=0.254 loss=11.2340
[ep 1836] soldier      driving_B_2020.02.14_09.38.22.csv@262   reward=QoE=  -42.60 eps=0.253 loss=11.6645
[ep 1837] longdress    driving_B_2020.02.14_09.38.22.csv@1402  reward=QoE=  -27.80 eps=0.253 loss=11.2785
[ep 1838] loot         static_B_2019.12.16_13.40.04.csv@998   reward=QoE=   56.81 eps=0.252 loss=10.0781
[ep 1839] redandblack  driving_B_2020.02.14_12.58.17.csv@11    reward=QoE=   41.13 eps=0.252 loss=12.7807
[ep 1840] soldier      driving_B_2020.01.16_07.26.43.csv@97    reward=QoE=   20.89 eps=0.251 loss=10.9683
[ep 1841] longdress    driving_B_2020.01.16_07.26.43.csv@1770  reward=QoE=  -77.12 eps=0.251 loss=9.8762
[ep 1842] loot         driving_B_2020.02.27_17.30.15.csv@470   reward=QoE= -224.84 eps=0.251 loss=9.6334
[ep 1843] redandblack  static_B_2020.02.27_18.39.27.csv@5366  reward=QoE=   75.29 eps=0.250 loss=11.6714
[ep 1844] soldier      driving_B_2020.02.13_15.02.01.csv@561   reward=QoE=  -11.08 eps=0.250 loss=11.3441
[ep 1845] longdress    driving_B_2020.02.13_15.02.01.csv@981   reward=QoE=  -36.42 eps=0.249 loss=10.3173
[ep 1846] loot         driving_B_2020.01.16_09.56.56.csv@1570  reward=QoE=   46.95 eps=0.249 loss=11.5056
[ep 1847] redandblack  driving_B_2020.01.16_07.26.43.csv@1477  reward=QoE=   21.77 eps=0.249 loss=11.1855
[ep 1848] soldier      driving_B_2020.02.13_15.02.01.csv@1101  reward=QoE=   46.49 eps=0.248 loss=11.6102
[ep 1849] longdress    driving_B_2020.02.27_17.30.15.csv@170   reward=QoE=  -72.63 eps=0.248 loss=10.9252
[ep 1850] loot         static_B_2020.02.27_18.39.27.csv@2906  reward=QoE=   58.83 eps=0.247 loss=11.2175
[ep 1851] redandblack  driving_B_2020.02.13_15.02.01.csv@2241  reward=QoE=   47.34 eps=0.247 loss=10.5399
[ep 1852] soldier      static_B_2020.02.27_18.39.27.csv@4286  reward=QoE=   60.15 eps=0.247 loss=12.4436
[ep 1853] longdress    driving_B_2020.02.13_15.02.01.csv@681   reward=QoE=   24.27 eps=0.246 loss=11.1564
[ep 1854] loot         driving_B_2019.12.17_07.32.39.csv@351   reward=QoE=   39.23 eps=0.246 loss=10.1055
[ep 1855] redandblack  static_B_2020.02.14_13.21.26.csv@635   reward=QoE=   56.86 eps=0.245 loss=10.9568
[ep 1856] soldier      driving_B_2020.01.16_07.26.43.csv@1597  reward=QoE=  -47.54 eps=0.245 loss=10.2212
[ep 1857] longdress    static_B_2020.02.27_18.39.27.csv@3446  reward=QoE=   57.31 eps=0.245 loss=11.8561
[ep 1858] loot         static_B_2020.02.27_18.39.27.csv@3506  reward=QoE=   65.46 eps=0.244 loss=10.3787
[ep 1859] redandblack  driving_B_2020.02.13_15.02.01.csv@1941  reward=QoE=   52.51 eps=0.244 loss=11.2142
[ep 1860] soldier      static_B_2020.02.27_18.39.27.csv@3986  reward=QoE=   48.05 eps=0.243 loss=10.8769
[ep 1861] longdress    driving_B_2019.12.17_07.32.39.csv@231   reward=QoE=   19.40 eps=0.243 loss=11.0023
[ep 1862] loot         driving_B_2020.02.14_12.58.17.csv@251   reward=QoE= -425.62 eps=0.243 loss=11.3956
[ep 1863] redandblack  driving_B_2020.02.13_15.02.01.csv@441   reward=QoE=   54.75 eps=0.242 loss=9.6052
[ep 1864] soldier      driving_B_2020.02.13_13.03.24.csv@1920  reward=QoE= -190.11 eps=0.242 loss=10.4546
[ep 1865] longdress    static_B_2020.02.27_18.39.27.csv@986   reward=QoE=   32.45 eps=0.241 loss=10.1424
[ep 1866] loot         driving_B_2019.12.16_12.27.05.csv@418   reward=QoE=  -17.68 eps=0.241 loss=10.0269
[ep 1867] redandblack  driving_B_2020.02.14_09.38.22.csv@982   reward=QoE=  -68.66 eps=0.240 loss=10.7095
[ep 1868] soldier      driving_B_2020.01.16_12.10.03.csv@76    reward=QoE=   73.77 eps=0.240 loss=10.8862
[ep 1869] longdress    static_B_2020.02.27_18.39.27.csv@566   reward=QoE=   -9.82 eps=0.240 loss=10.3477
[ep 1870] loot         static_B_2020.02.27_18.39.27.csv@3626  reward=QoE=   50.89 eps=0.239 loss=10.4175
[ep 1871] redandblack  driving_B_2019.12.16_12.27.05.csv@658   reward=QoE= -101.40 eps=0.239 loss=11.0698
[ep 1872] soldier      driving_B_2019.12.17_07.32.39.csv@1911  reward=QoE=    3.81 eps=0.238 loss=11.9744
[ep 1873] longdress    driving_B_2020.02.13_15.02.01.csv@1341  reward=QoE= -105.01 eps=0.238 loss=11.1841
[ep 1874] loot         static_B_2020.02.14_13.21.26.csv@850   reward=QoE=   51.37 eps=0.238 loss=10.6314
[ep 1875] redandblack  driving_B_2020.02.13_15.02.01.csv@1881  reward=QoE=   -4.33 eps=0.237 loss=11.6382
[ep 1876] soldier      driving_B_2020.02.14_09.38.22.csv@802   reward=QoE= -132.98 eps=0.237 loss=10.0773
[ep 1877] longdress    static_B_2019.12.16_13.40.04.csv@938   reward=QoE=   37.00 eps=0.236 loss=10.4807
[ep 1878] loot         static_B_2020.02.27_18.39.27.csv@4166  reward=QoE=   62.33 eps=0.236 loss=11.4000
[ep 1879] redandblack  driving_B_2020.02.13_15.02.01.csv@2061  reward=QoE=  -22.90 eps=0.236 loss=11.0290
[ep 1880] soldier      static_B_2019.12.16_13.40.04.csv@758   reward=QoE=   65.22 eps=0.235 loss=12.5019
[ep 1881] longdress    driving_B_2020.02.14_12.58.17.csv@131   reward=QoE=   19.66 eps=0.235 loss=11.6692
[ep 1882] loot         driving_B_2020.02.13_15.02.01.csv@2754  reward=QoE=  -12.60 eps=0.234 loss=11.2294
[ep 1883] redandblack  driving_B_2020.02.13_15.02.01.csv@21    reward=QoE=   83.76 eps=0.234 loss=11.5651
[ep 1884] soldier      static_B_2019.12.16_13.40.04.csv@1058  reward=QoE=   45.60 eps=0.234 loss=10.9708
[ep 1885] longdress    static_B_2020.02.27_18.39.27.csv@4466  reward=QoE=   21.23 eps=0.233 loss=11.1861
[ep 1886] loot         static_B_2020.02.27_18.39.27.csv@5006  reward=QoE=   67.43 eps=0.233 loss=11.0806
[ep 1887] redandblack  driving_B_2019.12.17_07.32.39.csv@1731  reward=QoE=  -31.93 eps=0.232 loss=10.3594
[ep 1888] soldier      static_B_2020.02.27_18.39.27.csv@3386  reward=QoE=   70.94 eps=0.232 loss=12.0807
[ep 1889] longdress    driving_B_2020.01.16_09.56.56.csv@17    reward=QoE=   31.40 eps=0.232 loss=10.9735
[ep 1890] loot         driving_B_2019.12.17_07.32.39.csv@1311  reward=QoE=   78.11 eps=0.231 loss=10.7266
[ep 1891] redandblack  static_B_2020.02.27_18.39.27.csv@5186  reward=QoE=   56.92 eps=0.231 loss=10.0580
[ep 1892] soldier      static_B_2020.02.14_13.21.26.csv@155   reward=QoE=   70.35 eps=0.230 loss=10.8832
[ep 1893] longdress    driving_B_2020.01.16_07.26.43.csv@217   reward=QoE=    0.87 eps=0.230 loss=11.0249
[ep 1894] loot         driving_B_2020.02.14_12.58.17.csv@311   reward=QoE= -188.97 eps=0.230 loss=11.0689
[ep 1895] redandblack  driving_B_2020.01.16_07.26.43.csv@277   reward=QoE=   19.93 eps=0.229 loss=11.8908
[ep 1896] soldier      static_B_2020.02.27_18.39.27.csv@3266  reward=QoE=   71.58 eps=0.229 loss=10.5843
[ep 1897] longdress    static_B_2019.12.16_13.40.04.csv@1178  reward=QoE=  -16.46 eps=0.228 loss=10.9247
[ep 1898] loot         static_B_2020.02.27_18.39.27.csv@686   reward=QoE=   61.98 eps=0.228 loss=11.5212
[ep 1899] redandblack  driving_B_2020.01.16_07.26.43.csv@157   reward=QoE= -178.65 eps=0.227 loss=11.2872
[ep 1900] soldier      static_B_2020.02.27_18.39.27.csv@5306  reward=QoE=   27.88 eps=0.227 loss=11.6123
[ep 1901] longdress    driving_B_2020.02.13_15.02.01.csv@1461  reward=QoE=  -20.12 eps=0.227 loss=11.5997
[ep 1902] loot         driving_B_2019.12.16_12.27.05.csv@1078  reward=QoE=   65.01 eps=0.226 loss=12.0141
[ep 1903] redandblack  static_B_2020.02.27_18.39.27.csv@2666  reward=QoE=   25.16 eps=0.226 loss=11.2246
[ep 1904] soldier      driving_B_2020.02.14_12.58.17.csv@731   reward=QoE=  -26.28 eps=0.225 loss=10.4949
[ep 1905] longdress    driving_B_2020.02.13_15.02.01.csv@2121  reward=QoE=   52.36 eps=0.225 loss=11.6313
[ep 1906] loot         static_B_2020.02.27_18.39.27.csv@3566  reward=QoE=   21.48 eps=0.225 loss=11.3289
[ep 1907] redandblack  static_B_2019.12.16_13.40.04.csv@1718  reward=QoE=   68.45 eps=0.224 loss=10.7709
[ep 1908] soldier      driving_B_2019.12.17_07.32.39.csv@2031  reward=QoE=  -33.29 eps=0.224 loss=10.7593
[ep 1909] longdress    driving_B_2020.02.27_17.30.15.csv@590   reward=QoE=  -56.56 eps=0.223 loss=11.5961
[ep 1910] loot         driving_B_2020.02.27_17.30.15.csv@230   reward=QoE= -217.14 eps=0.223 loss=10.7507
[ep 1911] redandblack  driving_B_2020.01.16_09.56.56.csv@1337  reward=QoE=   42.76 eps=0.223 loss=12.2847
[ep 1912] soldier      driving_B_2020.01.16_07.26.43.csv@1417  reward=QoE=  -16.76 eps=0.222 loss=11.6565
[ep 1913] longdress    static_B_2019.12.16_13.40.04.csv@1478  reward=QoE=   77.09 eps=0.222 loss=11.3677
[ep 1914] loot         driving_B_2020.02.13_15.02.01.csv@1161  reward=QoE=   57.33 eps=0.221 loss=11.0788
[ep 1915] redandblack  static_B_2020.02.27_18.39.27.csv@1646  reward=QoE=   66.64 eps=0.221 loss=10.3941
[ep 1916] soldier      driving_B_2020.02.14_09.38.22.csv@82    reward=QoE=  -42.11 eps=0.221 loss=9.5948
[ep 1917] longdress    driving_B_2020.02.13_13.03.24.csv@240   reward=QoE=  -12.46 eps=0.220 loss=12.0757
[ep 1918] loot         static_B_2019.12.16_13.40.04.csv@578   reward=QoE=   74.39 eps=0.220 loss=11.0267
[ep 1919] redandblack  driving_B_2019.12.17_07.32.39.csv@111   reward=QoE=   36.32 eps=0.219 loss=11.6569
[ep 1920] soldier      static_B_2020.02.27_18.39.27.csv@4706  reward=QoE=   37.82 eps=0.219 loss=12.3217
[ep 1921] longdress    driving_B_2020.02.14_09.38.22.csv@22    reward=QoE=  -17.67 eps=0.219 loss=10.8563
[ep 1922] loot         driving_B_2020.02.13_13.03.24.csv@1200  reward=QoE=  -14.08 eps=0.218 loss=11.5663
[ep 1923] redandblack  driving_B_2020.02.13_15.02.01.csv@1281  reward=QoE=   35.25 eps=0.218 loss=10.9341
[ep 1924] soldier      driving_B_2019.12.17_07.32.39.csv@2091  reward=QoE=   66.66 eps=0.217 loss=11.9240
[ep 1925] longdress    driving_B_2020.01.16_09.56.56.csv@1157  reward=QoE=   -0.90 eps=0.217 loss=11.6362
[ep 1926] loot         static_B_2020.02.27_18.39.27.csv@1526  reward=QoE=   67.82 eps=0.216 loss=10.5051
[ep 1927] redandblack  static_B_2020.02.27_18.39.27.csv@3866  reward=QoE=   12.41 eps=0.216 loss=12.1874
[ep 1928] soldier      driving_B_2020.02.14_09.38.22.csv@502   reward=QoE=   24.86 eps=0.216 loss=11.6943
[ep 1929] longdress    driving_B_2019.12.17_07.32.39.csv@2151  reward=QoE= -100.30 eps=0.215 loss=10.6751
[ep 1930] loot         driving_B_2020.01.16_09.56.56.csv@1097  reward=QoE=   12.20 eps=0.215 loss=10.8035
[ep 1931] redandblack  driving_B_2019.12.16_12.27.05.csv@58    reward=QoE=   25.14 eps=0.214 loss=10.6443
[ep 1932] soldier      static_B_2020.02.27_18.39.27.csv@5426  reward=QoE=   34.97 eps=0.214 loss=10.3782
[ep 1933] longdress    driving_B_2020.02.13_13.03.24.csv@120   reward=QoE=  -28.69 eps=0.214 loss=10.9952
[ep 1934] loot         driving_B_2020.02.13_15.02.01.csv@1401  reward=QoE=   28.79 eps=0.213 loss=11.0886
[ep 1935] redandblack  driving_B_2020.02.13_13.03.24.csv@2160  reward=QoE= -258.52 eps=0.213 loss=11.5113
[ep 1936] soldier      driving_B_2020.02.13_15.02.01.csv@2481  reward=QoE= -100.34 eps=0.212 loss=10.1244
[ep 1937] longdress    driving_B_2020.02.13_13.03.24.csv@2040  reward=QoE=    8.68 eps=0.212 loss=10.9708
[ep 1938] loot         driving_B_2019.12.16_12.27.05.csv@1138  reward=QoE=   29.95 eps=0.212 loss=11.4836
[ep 1939] redandblack  static_B_2020.02.27_18.39.27.csv@3806  reward=QoE=   63.94 eps=0.211 loss=10.8474
[ep 1940] soldier      static_B_2020.02.27_18.39.27.csv@2306  reward=QoE=   29.10 eps=0.211 loss=11.3725
[ep 1941] longdress    static_B_2020.02.27_18.39.27.csv@926   reward=QoE=   69.34 eps=0.210 loss=11.4603
[ep 1942] loot         driving_B_2020.02.14_12.58.17.csv@791   reward=QoE=    5.96 eps=0.210 loss=11.3328
[ep 1943] redandblack  driving_B_2019.12.17_07.32.39.csv@711   reward=QoE=   31.09 eps=0.210 loss=11.2837
[ep 1944] soldier      driving_B_2020.01.16_07.26.43.csv@517   reward=QoE=  -34.84 eps=0.209 loss=10.7654
[ep 1945] longdress    static_B_2020.02.14_13.21.26.csv@850   reward=QoE=   54.49 eps=0.209 loss=11.7335
[ep 1946] loot         driving_B_2020.02.13_13.03.24.csv@780   reward=QoE=  -13.10 eps=0.208 loss=10.9515
[ep 1947] redandblack  driving_B_2019.12.17_07.32.39.csv@411   reward=QoE=   44.09 eps=0.208 loss=10.8151
[ep 1948] soldier      driving_B_2020.02.13_15.02.01.csv@921   reward=QoE=   72.81 eps=0.208 loss=11.7362
[ep 1949] longdress    driving_B_2020.02.13_13.03.24.csv@960   reward=QoE=  -46.36 eps=0.207 loss=11.5830
[ep 1950] loot         driving_B_2020.02.13_13.03.24.csv@480   reward=QoE=   41.29 eps=0.207 loss=11.0362
[ep 1951] redandblack  driving_B_2019.12.16_12.27.05.csv@958   reward=QoE=   49.07 eps=0.206 loss=10.8570
[ep 1952] soldier      driving_B_2020.01.16_09.56.56.csv@917   reward=QoE=    7.47 eps=0.206 loss=11.5554
[ep 1953] longdress    driving_B_2020.02.13_13.03.24.csv@1980  reward=QoE=  -56.38 eps=0.206 loss=11.4494
[ep 1954] loot         driving_B_2020.01.16_07.26.43.csv@337   reward=QoE=  -39.09 eps=0.205 loss=11.2673
[ep 1955] redandblack  driving_B_2020.01.16_09.56.56.csv@1277  reward=QoE=   54.62 eps=0.205 loss=10.9597
[ep 1956] soldier      static_B_2019.12.16_13.40.04.csv@1538  reward=QoE=   69.78 eps=0.204 loss=12.1261
[ep 1957] longdress    static_B_2020.02.27_18.39.27.csv@5066  reward=QoE=   78.05 eps=0.204 loss=11.5716
[ep 1958] loot         driving_B_2020.02.14_09.38.22.csv@1342  reward=QoE=   68.05 eps=0.203 loss=12.4997
[ep 1959] redandblack  driving_B_2020.01.16_07.26.43.csv@1117  reward=QoE=   35.55 eps=0.203 loss=12.6230
[ep 1960] soldier      driving_B_2019.12.16_12.27.05.csv@118   reward=QoE=   15.18 eps=0.203 loss=11.2538
[ep 1961] longdress    static_B_2020.02.14_13.21.26.csv@755   reward=QoE=   62.98 eps=0.202 loss=11.8839
[ep 1962] loot         driving_B_2019.12.17_07.32.39.csv@1191  reward=QoE=   46.76 eps=0.202 loss=12.3902
[ep 1963] redandblack  driving_B_2020.01.16_09.56.56.csv@677   reward=QoE=   -0.37 eps=0.201 loss=11.4123
[ep 1964] soldier      static_B_2020.02.27_18.39.27.csv@2126  reward=QoE=   39.37 eps=0.201 loss=12.4867
[ep 1965] longdress    driving_B_2020.02.14_09.38.22.csv@562   reward=QoE=   72.48 eps=0.201 loss=10.8792
[ep 1966] loot         driving_B_2020.02.14_09.38.22.csv@382   reward=QoE=  -24.53 eps=0.200 loss=11.7818
[ep 1967] redandblack  driving_B_2020.02.14_09.38.22.csv@862   reward=QoE=   53.88 eps=0.200 loss=10.9363
[ep 1968] soldier      static_B_2019.12.16_13.40.04.csv@1838  reward=QoE=   28.68 eps=0.199 loss=10.6246
[ep 1969] longdress    static_B_2020.02.27_18.39.27.csv@2546  reward=QoE=   72.02 eps=0.199 loss=10.7118
[ep 1970] loot         static_B_2020.02.27_18.39.27.csv@5666  reward=QoE=   77.56 eps=0.199 loss=11.6447
[ep 1971] redandblack  driving_B_2020.01.16_07.26.43.csv@937   reward=QoE=   12.98 eps=0.198 loss=11.2743
[ep 1972] soldier      driving_B_2020.01.16_12.10.03.csv@136   reward=QoE=   68.25 eps=0.198 loss=11.6300
[ep 1973] longdress    static_B_2019.12.16_13.40.04.csv@1118  reward=QoE= -302.79 eps=0.197 loss=11.4798
[ep 1974] loot         static_B_2020.02.27_18.39.27.csv@4406  reward=QoE=   76.34 eps=0.197 loss=11.4091
[ep 1975] redandblack  driving_B_2020.01.16_09.56.56.csv@1217  reward=QoE=   29.11 eps=0.197 loss=10.9453
[ep 1976] soldier      static_B_2020.02.14_13.21.26.csv@695   reward=QoE=   85.35 eps=0.196 loss=11.9409
[ep 1977] longdress    driving_B_2020.02.13_13.03.24.csv@1800  reward=QoE= -574.17 eps=0.196 loss=12.6364
[ep 1978] loot         driving_B_2020.02.13_13.03.24.csv@1860  reward=QoE= -347.11 eps=0.195 loss=11.1759
[ep 1979] redandblack  driving_B_2019.12.17_07.32.39.csv@291   reward=QoE=   39.28 eps=0.195 loss=13.3619
[ep 1980] soldier      driving_B_2020.01.16_07.26.43.csv@1357  reward=QoE=    2.03 eps=0.195 loss=12.0250
[ep 1981] longdress    driving_B_2020.01.16_07.26.43.csv@397   reward=QoE=   -3.87 eps=0.194 loss=11.5915
[ep 1982] loot         driving_B_2020.02.27_17.30.15.csv@720   reward=QoE=  -81.91 eps=0.194 loss=11.5784
[ep 1983] redandblack  static_B_2020.02.27_18.39.27.csv@1886  reward=QoE=   58.13 eps=0.193 loss=11.3653
[ep 1984] soldier      static_B_2020.02.14_13.21.26.csv@455   reward=QoE=   69.96 eps=0.193 loss=12.2054
[ep 1985] longdress    static_B_2019.12.16_13.40.04.csv@518   reward=QoE=   41.46 eps=0.192 loss=11.6715
[ep 1986] loot         driving_B_2020.02.13_15.02.01.csv@1701  reward=QoE=   65.03 eps=0.192 loss=10.8084
[ep 1987] redandblack  static_B_2019.12.16_13.40.04.csv@218   reward=QoE=   38.77 eps=0.192 loss=11.3527
[ep 1988] soldier      static_B_2019.12.16_13.40.04.csv@638   reward=QoE=   27.75 eps=0.191 loss=11.9969
[ep 1989] longdress    static_B_2020.02.27_18.39.27.csv@1826  reward=QoE=  -18.09 eps=0.191 loss=11.2061
[ep 1990] loot         driving_B_2020.02.14_12.58.17.csv@431   reward=QoE= -178.16 eps=0.190 loss=10.7334
[ep 1991] redandblack  static_B_2020.02.27_18.39.27.csv@2006  reward=QoE=   47.37 eps=0.190 loss=11.4708
[ep 1992] soldier      driving_B_2020.02.14_12.58.17.csv@371   reward=QoE=  -44.59 eps=0.190 loss=10.7707
[ep 1993] longdress    driving_B_2020.02.13_13.03.24.csv@900   reward=QoE=   -7.45 eps=0.189 loss=12.2128
[ep 1994] loot         driving_B_2020.02.13_15.02.01.csv@2721  reward=QoE=   -1.25 eps=0.189 loss=11.1160
[ep 1995] redandblack  driving_B_2020.02.14_09.38.22.csv@1162  reward=QoE=   -2.01 eps=0.188 loss=11.2244
[ep 1996] soldier      driving_B_2020.02.13_15.02.01.csv@141   reward=QoE=   75.33 eps=0.188 loss=12.0731
[ep 1997] longdress    driving_B_2020.02.14_09.38.22.csv@922   reward=QoE=   56.37 eps=0.188 loss=11.9800
[ep 1998] loot         driving_B_2020.01.16_12.10.03.csv@244   reward=QoE=   72.21 eps=0.187 loss=11.0059
[ep 1999] redandblack  driving_B_2020.02.13_15.02.01.csv@2301  reward=QoE=   19.61 eps=0.187 loss=11.8410
[ep 2000] soldier      driving_B_2019.12.16_12.27.05.csv@478   reward=QoE=  -64.24 eps=0.186 loss=12.2406
    [eval @ ep 2000] reward=QoE=-2055.35 mean_q=0.551 stall=410.7s
[ep 2001] longdress    static_B_2019.12.16_13.40.04.csv@98    reward=QoE=   79.88 eps=0.186 loss=12.1258
[ep 2002] loot         driving_B_2019.12.17_07.32.39.csv@1011  reward=QoE=   33.25 eps=0.186 loss=11.4698
[ep 2003] redandblack  driving_B_2019.12.17_07.32.39.csv@1431  reward=QoE=   36.54 eps=0.185 loss=11.9897
[ep 2004] soldier      static_B_2020.02.27_18.39.27.csv@1286  reward=QoE=   40.86 eps=0.185 loss=12.0908
[ep 2005] longdress    static_B_2020.02.27_18.39.27.csv@4886  reward=QoE=   10.53 eps=0.184 loss=11.6726
[ep 2006] loot         driving_B_2020.02.13_13.03.24.csv@1500  reward=QoE=   30.47 eps=0.184 loss=11.7721
[ep 2007] redandblack  driving_B_2020.02.13_15.02.01.csv@2001  reward=QoE=   78.32 eps=0.184 loss=12.1075
[ep 2008] soldier      driving_B_2020.02.27_17.30.15.csv@530   reward=QoE=  -39.99 eps=0.183 loss=12.0527
[ep 2009] longdress    driving_B_2020.01.16_07.26.43.csv@637   reward=QoE=   22.08 eps=0.183 loss=10.9939
[ep 2010] loot         static_B_2019.12.16_13.40.04.csv@1658  reward=QoE=   59.03 eps=0.182 loss=11.0895
[ep 2011] redandblack  driving_B_2020.01.16_07.26.43.csv@1057  reward=QoE=   56.48 eps=0.182 loss=11.5874
[ep 2012] soldier      static_B_2020.02.27_18.39.27.csv@3926  reward=QoE=   80.03 eps=0.182 loss=11.5672
[ep 2013] longdress    static_B_2020.02.14_13.21.26.csv@35    reward=QoE=   43.18 eps=0.181 loss=11.0488
[ep 2014] loot         driving_B_2020.02.13_15.02.01.csv@1581  reward=QoE= -285.99 eps=0.181 loss=10.2496
[ep 2015] redandblack  static_B_2020.02.14_13.21.26.csv@815   reward=QoE=   44.77 eps=0.180 loss=10.8664
[ep 2016] soldier      driving_B_2020.01.16_07.26.43.csv@1770  reward=QoE=    5.99 eps=0.180 loss=12.2077
[ep 2017] longdress    driving_B_2020.02.13_13.03.24.csv@540   reward=QoE=    4.15 eps=0.179 loss=11.1657
[ep 2018] loot         driving_B_2019.12.17_07.32.39.csv@651   reward=QoE=    7.72 eps=0.179 loss=10.9934
[ep 2019] redandblack  driving_B_2020.01.16_09.56.56.csv@317   reward=QoE=   19.83 eps=0.179 loss=11.9778
[ep 2020] soldier      driving_B_2020.01.16_07.26.43.csv@1717  reward=QoE=   32.77 eps=0.178 loss=11.9438
[ep 2021] longdress    static_B_2020.02.27_18.39.27.csv@1046  reward=QoE=   48.93 eps=0.178 loss=10.9905
[ep 2022] loot         driving_B_2020.01.16_07.26.43.csv@457   reward=QoE=    4.54 eps=0.177 loss=11.7115
[ep 2023] redandblack  static_B_2020.02.27_18.39.27.csv@326   reward=QoE=   64.20 eps=0.177 loss=11.2744
[ep 2024] soldier      static_B_2020.02.27_18.39.27.csv@3206  reward=QoE=   31.62 eps=0.177 loss=11.6457
[ep 2025] longdress    static_B_2020.02.27_18.39.27.csv@866   reward=QoE=   59.40 eps=0.176 loss=10.8555
[ep 2026] loot         static_B_2020.02.27_18.39.27.csv@5246  reward=QoE=   51.65 eps=0.176 loss=12.3481
[ep 2027] redandblack  driving_B_2020.01.16_09.56.56.csv@1517  reward=QoE=   44.93 eps=0.175 loss=11.7207
[ep 2028] soldier      driving_B_2019.12.17_07.32.39.csv@1371  reward=QoE=   70.82 eps=0.175 loss=10.4856
[ep 2029] longdress    driving_B_2020.02.13_15.02.01.csv@2541  reward=QoE=   31.70 eps=0.175 loss=12.6068
[ep 2030] loot         static_B_2020.02.27_18.39.27.csv@266   reward=QoE=   85.28 eps=0.174 loss=11.1855
[ep 2031] redandblack  driving_B_2020.01.16_07.26.43.csv@1237  reward=QoE=   39.79 eps=0.174 loss=12.1816
[ep 2032] soldier      driving_B_2020.02.14_09.38.22.csv@1102  reward=QoE=   -9.95 eps=0.173 loss=11.9706
[ep 2033] longdress    static_B_2020.02.14_13.21.26.csv@515   reward=QoE=   46.64 eps=0.173 loss=13.2606
[ep 2034] loot         static_B_2019.12.16_13.40.04.csv@278   reward=QoE=   76.18 eps=0.173 loss=12.2782
[ep 2035] redandblack  driving_B_2020.02.13_13.03.24.csv@720   reward=QoE=   37.18 eps=0.172 loss=10.8175
[ep 2036] soldier      driving_B_2020.02.13_13.03.24.csv@1560  reward=QoE=  -43.05 eps=0.172 loss=12.0710
[ep 2037] longdress    driving_B_2020.02.13_15.02.01.csv@381   reward=QoE=   64.07 eps=0.171 loss=11.5205
[ep 2038] loot         driving_B_2019.12.17_07.32.39.csv@891   reward=QoE=   30.44 eps=0.171 loss=12.5523
[ep 2039] redandblack  driving_B_2020.02.14_09.38.22.csv@1042  reward=QoE=   24.29 eps=0.171 loss=12.3008
[ep 2040] soldier      static_B_2020.02.27_18.39.27.csv@1226  reward=QoE=   42.80 eps=0.170 loss=11.8571
[ep 2041] longdress    driving_B_2019.12.17_07.32.39.csv@51    reward=QoE=   23.90 eps=0.170 loss=12.3379
[ep 2042] loot         driving_B_2020.02.27_17.30.15.csv@110   reward=QoE=  -69.22 eps=0.169 loss=10.8722
[ep 2043] redandblack  driving_B_2020.02.13_15.02.01.csv@861   reward=QoE=   50.79 eps=0.169 loss=11.3469
[ep 2044] soldier      driving_B_2020.02.14_09.38.22.csv@142   reward=QoE=  -64.67 eps=0.168 loss=12.8655
[ep 2045] longdress    static_B_2020.02.27_18.39.27.csv@2366  reward=QoE= -170.47 eps=0.168 loss=12.3288
[ep 2046] loot         driving_B_2020.02.27_17.30.15.csv@710   reward=QoE= -126.20 eps=0.168 loss=10.6939
[ep 2047] redandblack  static_B_2020.02.27_18.39.27.csv@3326  reward=QoE=   64.13 eps=0.167 loss=13.2154
[ep 2048] soldier      static_B_2020.02.27_18.39.27.csv@386   reward=QoE=   69.90 eps=0.167 loss=11.9092
[ep 2049] longdress    driving_B_2020.01.16_07.26.43.csv@1537  reward=QoE=  -34.27 eps=0.166 loss=12.1085
[ep 2050] loot         static_B_2020.02.27_18.39.27.csv@506   reward=QoE=   65.16 eps=0.166 loss=12.1195
[ep 2051] redandblack  static_B_2020.02.27_18.39.27.csv@5606  reward=QoE=   66.31 eps=0.166 loss=11.5540
[ep 2052] soldier      static_B_2020.02.27_18.39.27.csv@4226  reward=QoE=   56.58 eps=0.165 loss=11.3592
[ep 2053] longdress    static_B_2020.02.27_18.39.27.csv@1406  reward=QoE=   74.67 eps=0.165 loss=10.4769
[ep 2054] loot         driving_B_2019.12.17_07.32.39.csv@1131  reward=QoE=   47.50 eps=0.164 loss=11.7768
[ep 2055] redandblack  static_B_2019.12.16_13.40.04.csv@1418  reward=QoE=   52.52 eps=0.164 loss=12.0924
[ep 2056] soldier      static_B_2020.02.27_18.39.27.csv@1166  reward=QoE=   30.90 eps=0.164 loss=11.4291
[ep 2057] longdress    driving_B_2020.01.16_09.56.56.csv@1397  reward=QoE=   33.53 eps=0.163 loss=11.4307
[ep 2058] loot         driving_B_2020.02.13_13.03.24.csv@1080  reward=QoE=  -43.78 eps=0.163 loss=11.1482
[ep 2059] redandblack  driving_B_2020.01.16_09.56.56.csv@797   reward=QoE=   48.33 eps=0.162 loss=12.3829
[ep 2060] soldier      static_B_2020.02.27_18.39.27.csv@1106  reward=QoE=   28.69 eps=0.162 loss=10.2860
[ep 2061] longdress    driving_B_2020.02.13_15.02.01.csv@2361  reward=QoE= -163.90 eps=0.162 loss=12.1785
[ep 2062] loot         driving_B_2020.02.13_13.03.24.csv@360   reward=QoE=   30.09 eps=0.161 loss=12.1357
[ep 2063] redandblack  driving_B_2019.12.17_07.32.39.csv@1071  reward=QoE=   49.68 eps=0.161 loss=11.6147
[ep 2064] soldier      static_B_2020.02.27_18.39.27.csv@4106  reward=QoE=   76.87 eps=0.160 loss=10.9900
[ep 2065] longdress    static_B_2019.12.16_13.40.04.csv@1298  reward=QoE=   60.66 eps=0.160 loss=12.2689
[ep 2066] loot         driving_B_2020.02.13_15.02.01.csv@2421  reward=QoE=  -12.64 eps=0.160 loss=11.6523
[ep 2067] redandblack  driving_B_2020.02.13_13.03.24.csv@2188  reward=QoE=  -76.07 eps=0.159 loss=11.5549
[ep 2068] soldier      driving_B_2020.02.13_13.03.24.csv@1140  reward=QoE=  -22.24 eps=0.159 loss=11.3590
[ep 2069] longdress    driving_B_2020.01.16_09.56.56.csv@617   reward=QoE=   74.29 eps=0.158 loss=11.7796
[ep 2070] loot         driving_B_2020.02.14_09.38.22.csv@442   reward=QoE=   40.08 eps=0.158 loss=11.7736
[ep 2071] redandblack  driving_B_2019.12.17_07.32.39.csv@771   reward=QoE=   33.12 eps=0.158 loss=11.9759
[ep 2072] soldier      driving_B_2020.02.13_15.02.01.csv@2601  reward=QoE=   72.20 eps=0.157 loss=11.6429
[ep 2073] longdress    static_B_2019.12.16_13.40.04.csv@1904  reward=QoE=   34.69 eps=0.157 loss=11.6945
[ep 2074] loot         driving_B_2020.01.16_07.26.43.csv@1657  reward=QoE=   34.39 eps=0.156 loss=11.5422
[ep 2075] redandblack  static_B_2020.02.27_18.39.27.csv@806   reward=QoE=   79.76 eps=0.156 loss=11.4963
[ep 2076] soldier      driving_B_2020.02.14_09.38.22.csv@1478  reward=QoE=   14.54 eps=0.155 loss=12.8705
[ep 2077] longdress    driving_B_2020.02.13_15.02.01.csv@1521  reward=QoE=   -2.11 eps=0.155 loss=12.3740
[ep 2078] loot         static_B_2020.02.27_18.39.27.csv@3146  reward=QoE=  -71.15 eps=0.155 loss=11.6256
[ep 2079] redandblack  driving_B_2020.02.14_09.38.22.csv@742   reward=QoE=    7.48 eps=0.154 loss=10.7945
[ep 2080] soldier      driving_B_2020.02.27_17.30.15.csv@350   reward=QoE=  -37.80 eps=0.154 loss=12.5857
[ep 2081] longdress    driving_B_2019.12.16_12.27.05.csv@898   reward=QoE=   45.26 eps=0.153 loss=12.7317
[ep 2082] loot         driving_B_2020.01.16_09.56.56.csv@497   reward=QoE=   66.75 eps=0.153 loss=13.4094
[ep 2083] redandblack  driving_B_2020.02.13_13.03.24.csv@300   reward=QoE=   10.89 eps=0.153 loss=12.9743
[ep 2084] soldier      static_B_2020.02.27_18.39.27.csv@3026  reward=QoE=   11.90 eps=0.152 loss=11.5671
[ep 2085] longdress    static_B_2020.02.27_18.39.27.csv@2246  reward=QoE=   54.07 eps=0.152 loss=12.2893
[ep 2086] loot         driving_B_2020.02.14_09.38.22.csv@250   reward=QoE=  -54.18 eps=0.151 loss=12.1564
[ep 2087] redandblack  driving_B_2020.01.16_07.26.43.csv@1061  reward=QoE=   44.85 eps=0.151 loss=11.4013
[ep 2088] soldier      static_B_2020.02.27_18.39.27.csv@3906  reward=QoE=   63.59 eps=0.151 loss=12.0840
[ep 2089] longdress    driving_B_2019.12.17_07.32.39.csv@1843  reward=QoE=  -46.23 eps=0.150 loss=11.6263
[ep 2090] loot         static_B_2020.02.27_18.39.27.csv@5526  reward=QoE=   49.88 eps=0.150 loss=12.9352
[ep 2091] redandblack  driving_B_2019.12.16_12.27.05.csv@767   reward=QoE=   45.99 eps=0.149 loss=12.2008
[ep 2092] soldier      static_B_2019.12.16_13.40.04.csv@46    reward=QoE=   36.54 eps=0.149 loss=11.1651
[ep 2093] longdress    static_B_2019.12.16_13.40.04.csv@1904  reward=QoE=  -32.94 eps=0.149 loss=10.5128
[ep 2094] loot         driving_B_2019.12.17_07.32.39.csv@403   reward=QoE=   53.49 eps=0.148 loss=12.6753
[ep 2095] redandblack  driving_B_2020.02.13_13.03.24.csv@1063  reward=QoE=   23.02 eps=0.148 loss=11.9452
[ep 2096] soldier      static_B_2020.02.27_18.39.27.csv@366   reward=QoE=   65.45 eps=0.147 loss=11.8189
[ep 2097] longdress    static_B_2019.12.16_13.40.04.csv@886   reward=QoE=   31.27 eps=0.147 loss=12.2996
[ep 2098] loot         driving_B_2020.01.16_07.26.43.csv@1541  reward=QoE=   14.11 eps=0.147 loss=11.0679
[ep 2099] redandblack  driving_B_2020.02.14_09.38.22.csv@970   reward=QoE=   63.59 eps=0.146 loss=12.1103
[ep 2100] soldier      driving_B_2020.01.16_07.26.43.csv@41    reward=QoE=   25.23 eps=0.146 loss=11.7542
[ep 2101] longdress    static_B_2019.12.16_13.40.04.csv@1666  reward=QoE=   57.56 eps=0.145 loss=11.2199
[ep 2102] loot         static_B_2020.02.27_18.39.27.csv@4386  reward=QoE=   82.69 eps=0.145 loss=12.6551
[ep 2103] redandblack  static_B_2020.02.27_18.39.27.csv@4746  reward=QoE=   70.83 eps=0.144 loss=12.2418
[ep 2104] soldier      driving_B_2020.02.27_17.30.15.csv@80    reward=QoE= -272.58 eps=0.144 loss=11.8611
[ep 2105] longdress    driving_B_2020.02.14_09.38.22.csv@1450  reward=QoE=   29.15 eps=0.144 loss=12.3055
[ep 2106] loot         driving_B_2020.02.27_17.30.15.csv@560   reward=QoE=   11.03 eps=0.143 loss=12.1101
[ep 2107] redandblack  driving_B_2020.02.13_15.02.01.csv@1396  reward=QoE=    5.48 eps=0.143 loss=11.3234
[ep 2108] soldier      driving_B_2020.01.16_09.56.56.csv@426   reward=QoE=    5.78 eps=0.142 loss=10.8580
[ep 2109] longdress    driving_B_2020.02.13_15.02.01.csv@2476  reward=QoE=   -2.70 eps=0.142 loss=12.7701
[ep 2110] loot         driving_B_2020.02.14_09.38.22.csv@130   reward=QoE=  -29.27 eps=0.142 loss=12.4230
[ep 2111] redandblack  driving_B_2019.12.16_12.27.05.csv@1127  reward=QoE=   44.92 eps=0.141 loss=11.7693
[ep 2112] soldier      driving_B_2020.02.13_13.03.24.csv@2083  reward=QoE=  -74.62 eps=0.141 loss=13.0185
[ep 2113] longdress    driving_B_2020.02.13_15.02.01.csv@436   reward=QoE=   35.80 eps=0.140 loss=11.6921
[ep 2114] loot         driving_B_2019.12.16_12.27.05.csv@1007  reward=QoE=   81.55 eps=0.140 loss=12.2410
[ep 2115] redandblack  driving_B_2020.02.27_17.30.15.csv@200   reward=QoE= -365.74 eps=0.140 loss=12.7225
[ep 2116] soldier      driving_B_2020.02.14_09.38.22.csv@1090  reward=QoE=  -37.83 eps=0.139 loss=10.9617
[ep 2117] longdress    driving_B_2020.01.16_07.26.43.csv@1241  reward=QoE=   14.85 eps=0.139 loss=11.5589
[ep 2118] loot         driving_B_2019.12.17_07.32.39.csv@223   reward=QoE=   27.75 eps=0.138 loss=12.3169
[ep 2119] redandblack  driving_B_2020.02.13_15.02.01.csv@2236  reward=QoE=   49.32 eps=0.138 loss=11.9452
[ep 2120] soldier      driving_B_2019.12.17_07.32.39.csv@1603  reward=QoE=   -4.52 eps=0.138 loss=11.7655
[ep 2121] longdress    driving_B_2019.12.17_07.32.39.csv@43    reward=QoE=   54.28 eps=0.137 loss=11.8483
[ep 2122] loot         driving_B_2020.02.13_15.02.01.csv@1096  reward=QoE=   20.56 eps=0.137 loss=12.3554
[ep 2123] redandblack  driving_B_2020.02.14_12.58.17.csv@530   reward=QoE=    7.41 eps=0.136 loss=12.5562
[ep 2124] soldier      static_B_2020.02.27_18.39.27.csv@1146  reward=QoE=   29.67 eps=0.136 loss=12.3703
[ep 2125] longdress    static_B_2020.02.27_18.39.27.csv@2706  reward=QoE=   63.96 eps=0.136 loss=12.4482
[ep 2126] loot         driving_B_2020.02.13_15.02.01.csv@856   reward=QoE=   12.79 eps=0.135 loss=11.7526
[ep 2127] redandblack  driving_B_2019.12.17_07.32.39.csv@283   reward=QoE=   42.46 eps=0.135 loss=12.3633
[ep 2128] soldier      driving_B_2019.12.17_07.32.39.csv@703   reward=QoE=   -3.36 eps=0.134 loss=12.2726
[ep 2129] longdress    driving_B_2020.02.13_13.03.24.csv@1423  reward=QoE=   30.82 eps=0.134 loss=11.4422
[ep 2130] loot         driving_B_2020.02.13_15.02.01.csv@1696  reward=QoE=   44.38 eps=0.133 loss=11.8413
[ep 2131] redandblack  driving_B_2020.02.13_15.02.01.csv@2716  reward=QoE=    4.55 eps=0.133 loss=11.5722
[ep 2132] soldier      driving_B_2020.02.14_09.38.22.csv@1270  reward=QoE=   24.11 eps=0.133 loss=12.4861
[ep 2133] longdress    driving_B_2019.12.16_12.27.05.csv@887   reward=QoE=   53.54 eps=0.132 loss=13.0329
[ep 2134] loot         driving_B_2020.02.14_09.38.22.csv@1390  reward=QoE=    4.85 eps=0.132 loss=11.7613
[ep 2135] redandblack  static_B_2019.12.16_13.40.04.csv@1366  reward=QoE= -204.22 eps=0.131 loss=13.4969
[ep 2136] soldier      driving_B_2020.02.13_13.03.24.csv@1123  reward=QoE=  -51.44 eps=0.131 loss=12.3161
[ep 2137] longdress    driving_B_2019.12.17_07.32.39.csv@1423  reward=QoE=   69.31 eps=0.131 loss=13.4468
[ep 2138] loot         driving_B_2020.02.14_12.58.17.csv@470   reward=QoE= -148.73 eps=0.130 loss=12.0293
[ep 2139] redandblack  driving_B_2020.02.14_09.38.22.csv@310   reward=QoE=  -23.18 eps=0.130 loss=11.9915
[ep 2140] soldier      driving_B_2020.02.13_13.03.24.csv@103   reward=QoE=  -14.79 eps=0.129 loss=11.4559
[ep 2141] longdress    driving_B_2020.02.14_12.58.17.csv@800   reward=QoE=   -4.53 eps=0.129 loss=12.1883
[ep 2142] loot         static_B_2020.02.14_13.21.26.csv@196   reward=QoE=   48.04 eps=0.129 loss=11.7594
[ep 2143] redandblack  static_B_2019.12.16_13.40.04.csv@1726  reward=QoE=   72.98 eps=0.128 loss=12.2073
[ep 2144] soldier      static_B_2020.02.27_18.39.27.csv@5106  reward=QoE=   75.42 eps=0.128 loss=12.1690
[ep 2145] longdress    static_B_2020.02.27_18.39.27.csv@1926  reward=QoE=   82.98 eps=0.127 loss=12.6691
[ep 2146] loot         driving_B_2020.01.16_12.10.03.csv@129   reward=QoE=   53.15 eps=0.127 loss=11.5735
[ep 2147] redandblack  driving_B_2020.02.14_09.38.22.csv@850   reward=QoE=   68.15 eps=0.127 loss=10.9771
[ep 2148] soldier      driving_B_2019.12.16_12.27.05.csv@647   reward=QoE=  -16.18 eps=0.126 loss=12.2391
[ep 2149] longdress    driving_B_2020.02.13_13.03.24.csv@1483  reward=QoE=   -3.15 eps=0.126 loss=12.8347
[ep 2150] loot         driving_B_2019.12.17_07.32.39.csv@1363  reward=QoE=   64.79 eps=0.125 loss=12.1853
[ep 2151] redandblack  driving_B_2019.12.16_12.27.05.csv@47    reward=QoE=   34.65 eps=0.125 loss=12.3138
[ep 2152] soldier      static_B_2020.02.27_18.39.27.csv@2586  reward=QoE=   53.65 eps=0.125 loss=13.3703
[ep 2153] longdress    static_B_2020.02.27_18.39.27.csv@3006  reward=QoE=   46.20 eps=0.124 loss=12.0198
[ep 2154] loot         driving_B_2020.02.13_13.03.24.csv@763   reward=QoE= -102.72 eps=0.124 loss=11.6311
[ep 2155] redandblack  driving_B_2020.02.13_13.03.24.csv@943   reward=QoE=    0.55 eps=0.123 loss=12.4297
[ep 2156] soldier      driving_B_2020.02.13_13.03.24.csv@403   reward=QoE=    8.34 eps=0.123 loss=12.9398
[ep 2157] longdress    static_B_2020.02.14_13.21.26.csv@676   reward=QoE=   48.89 eps=0.123 loss=11.7449
[ep 2158] loot         static_B_2020.02.27_18.39.27.csv@5046  reward=QoE=   44.21 eps=0.122 loss=12.2216
[ep 2159] redandblack  driving_B_2020.02.14_12.58.17.csv@410   reward=QoE=  -41.59 eps=0.122 loss=10.7109
[ep 2160] soldier      static_B_2019.12.16_13.40.04.csv@586   reward=QoE=   48.30 eps=0.121 loss=10.7947
[ep 2161] longdress    static_B_2020.02.14_13.21.26.csv@556   reward=QoE=   79.74 eps=0.121 loss=12.1984
[ep 2162] loot         static_B_2020.02.27_18.39.27.csv@1326  reward=QoE=   64.55 eps=0.120 loss=11.6309
[ep 2163] redandblack  static_B_2020.02.27_18.39.27.csv@1506  reward=QoE=   78.33 eps=0.120 loss=10.5031
[ep 2164] soldier      driving_B_2020.01.16_07.26.43.csv@1770  reward=QoE=  -10.95 eps=0.120 loss=11.5653
[ep 2165] longdress    driving_B_2020.02.13_13.03.24.csv@583   reward=QoE=   19.42 eps=0.119 loss=11.2777
[ep 2166] loot         driving_B_2019.12.16_12.27.05.csv@527   reward=QoE=  -84.99 eps=0.119 loss=11.7723
[ep 2167] redandblack  static_B_2019.12.16_13.40.04.csv@346   reward=QoE=   24.02 eps=0.118 loss=12.2997
[ep 2168] soldier      driving_B_2020.01.16_09.56.56.csv@246   reward=QoE=   24.82 eps=0.118 loss=11.6224
[ep 2169] longdress    driving_B_2020.01.16_09.56.56.csv@1446  reward=QoE=   61.57 eps=0.118 loss=12.4486
[ep 2170] loot         static_B_2020.02.27_18.39.27.csv@3306  reward=QoE=   70.23 eps=0.117 loss=13.0165
[ep 2171] redandblack  driving_B_2019.12.16_12.27.05.csv@587   reward=QoE=   29.17 eps=0.117 loss=12.2788
[ep 2172] soldier      static_B_2019.12.16_13.40.04.csv@1126  reward=QoE= -457.13 eps=0.116 loss=11.9115
[ep 2173] longdress    driving_B_2020.02.13_15.02.01.csv@1756  reward=QoE=   64.83 eps=0.116 loss=11.6553
[ep 2174] loot         driving_B_2020.02.14_09.38.22.csv@610   reward=QoE=   54.62 eps=0.116 loss=11.5261
[ep 2175] redandblack  driving_B_2020.02.13_13.03.24.csv@883   reward=QoE=  -31.09 eps=0.115 loss=12.5219
[ep 2176] soldier      static_B_2019.12.16_13.40.04.csv@526   reward=QoE=   56.79 eps=0.115 loss=11.3000
[ep 2177] longdress    static_B_2020.02.27_18.39.27.csv@186   reward=QoE=   61.09 eps=0.114 loss=11.7598
[ep 2178] loot         static_B_2020.02.27_18.39.27.csv@5286  reward=QoE=   60.16 eps=0.114 loss=12.2053
[ep 2179] redandblack  driving_B_2020.02.13_13.03.24.csv@1723  reward=QoE=   57.45 eps=0.114 loss=11.7105
[ep 2180] soldier      static_B_2020.02.27_18.39.27.csv@3426  reward=QoE=   72.32 eps=0.113 loss=11.3647
[ep 2181] longdress    driving_B_2020.02.27_17.30.15.csv@680   reward=QoE=  -21.59 eps=0.113 loss=12.4439
[ep 2182] loot         driving_B_2020.01.16_07.26.43.csv@1181  reward=QoE=   42.84 eps=0.112 loss=12.9103
[ep 2183] redandblack  driving_B_2020.02.13_15.02.01.csv@2056  reward=QoE=  -19.36 eps=0.112 loss=12.9749
[ep 2184] soldier      driving_B_2019.12.16_12.27.05.csv@467   reward=QoE=    2.57 eps=0.112 loss=12.7602
[ep 2185] longdress    static_B_2020.02.27_18.39.27.csv@5226  reward=QoE=   33.84 eps=0.111 loss=12.3759
[ep 2186] loot         static_B_2020.02.27_18.39.27.csv@846   reward=QoE=   79.23 eps=0.111 loss=12.7317
[ep 2187] redandblack  driving_B_2020.02.13_13.03.24.csv@283   reward=QoE=   22.15 eps=0.110 loss=12.9901
[ep 2188] soldier      static_B_2019.12.16_13.40.04.csv@1426  reward=QoE=   75.02 eps=0.110 loss=12.5399
[ep 2189] longdress    static_B_2019.12.16_13.40.04.csv@946   reward=QoE=   24.28 eps=0.109 loss=12.2679
[ep 2190] loot         driving_B_2020.01.16_07.26.43.csv@1421  reward=QoE=   13.37 eps=0.109 loss=12.2120
[ep 2191] redandblack  static_B_2020.02.27_18.39.27.csv@786   reward=QoE=   86.02 eps=0.109 loss=12.6835
[ep 2192] soldier      driving_B_2020.01.16_07.26.43.csv@761   reward=QoE=   48.70 eps=0.108 loss=12.9345
[ep 2193] longdress    driving_B_2020.02.13_15.02.01.csv@1156  reward=QoE=   45.00 eps=0.108 loss=12.4508
[ep 2194] loot         driving_B_2020.02.13_15.02.01.csv@1936  reward=QoE=   63.59 eps=0.107 loss=12.4102
[ep 2195] redandblack  driving_B_2019.12.17_07.32.39.csv@2203  reward=QoE=   42.72 eps=0.107 loss=12.2894
[ep 2196] soldier      driving_B_2020.02.13_13.03.24.csv@1243  reward=QoE=   -3.13 eps=0.107 loss=12.7841
[ep 2197] longdress    static_B_2019.12.16_13.40.04.csv@106   reward=QoE=   73.09 eps=0.106 loss=13.8543
[ep 2198] loot         driving_B_2020.01.16_09.56.56.csv@786   reward=QoE=   51.72 eps=0.106 loss=13.1461
[ep 2199] redandblack  driving_B_2020.01.16_09.56.56.csv@1570  reward=QoE=   50.61 eps=0.105 loss=12.0616
[ep 2200] soldier      driving_B_2020.02.13_13.03.24.csv@163   reward=QoE=  -56.40 eps=0.105 loss=12.0569
[ep 2201] longdress    driving_B_2019.12.17_07.32.39.csv@883   reward=QoE=   12.27 eps=0.105 loss=10.9424
[ep 2202] loot         static_B_2020.02.27_18.39.27.csv@3726  reward=QoE=   63.70 eps=0.104 loss=12.2215
[ep 2203] redandblack  driving_B_2020.02.14_09.38.22.csv@10    reward=QoE=  -59.92 eps=0.104 loss=13.2246
[ep 2204] soldier      driving_B_2020.01.16_12.10.03.csv@69    reward=QoE=   72.32 eps=0.103 loss=12.4494
[ep 2205] longdress    static_B_2020.02.27_18.39.27.csv@2826  reward=QoE=   63.54 eps=0.103 loss=12.2524
[ep 2206] loot         static_B_2020.02.27_18.39.27.csv@2466  reward=QoE=   65.35 eps=0.103 loss=12.4836
[ep 2207] redandblack  static_B_2020.02.27_18.39.27.csv@1686  reward=QoE=   58.45 eps=0.102 loss=12.3733
[ep 2208] soldier      driving_B_2020.01.16_09.56.56.csv@726   reward=QoE=   49.96 eps=0.102 loss=12.2913
[ep 2209] longdress    static_B_2020.02.27_18.39.27.csv@3246  reward=QoE=   86.08 eps=0.101 loss=13.0901
[ep 2210] loot         static_B_2019.12.16_13.40.04.csv@1246  reward=QoE=   40.08 eps=0.101 loss=12.3046
[ep 2211] redandblack  driving_B_2020.02.13_13.03.24.csv@223   reward=QoE=    7.36 eps=0.101 loss=11.9087
[ep 2212] soldier      driving_B_2020.02.27_17.30.15.csv@20    reward=QoE=  -16.56 eps=0.100 loss=12.0949
[ep 2213] longdress    static_B_2020.02.27_18.39.27.csv@306   reward=QoE=   50.13 eps=0.100 loss=12.2823
[ep 2214] loot         driving_B_2020.02.13_13.03.24.csv@2023  reward=QoE=    4.27 eps=0.099 loss=11.3430
[ep 2215] redandblack  driving_B_2020.01.16_07.26.43.csv@281   reward=QoE=   32.75 eps=0.099 loss=12.1756
[ep 2216] soldier      driving_B_2020.02.13_13.03.24.csv@1183  reward=QoE=    1.32 eps=0.099 loss=13.8730
[ep 2217] longdress    driving_B_2020.01.16_09.56.56.csv@1206  reward=QoE=   44.73 eps=0.098 loss=12.2744
[ep 2218] loot         static_B_2020.02.27_18.39.27.csv@2046  reward=QoE=   47.13 eps=0.098 loss=12.7025
[ep 2219] redandblack  static_B_2019.12.16_13.40.04.csv@766   reward=QoE=   51.36 eps=0.097 loss=11.7405
[ep 2220] soldier      driving_B_2020.02.13_13.03.24.csv@2143  reward=QoE=  -38.78 eps=0.097 loss=13.1520
[ep 2221] longdress    driving_B_2020.01.16_09.56.56.csv@1566  reward=QoE=   24.18 eps=0.096 loss=12.5260
[ep 2222] loot         driving_B_2019.12.17_07.32.39.csv@463   reward=QoE=   25.49 eps=0.096 loss=12.1093
[ep 2223] redandblack  driving_B_2020.02.13_15.02.01.csv@1456  reward=QoE=  -14.00 eps=0.096 loss=12.1280
[ep 2224] soldier      driving_B_2020.02.13_13.03.24.csv@1303  reward=QoE=  -24.13 eps=0.095 loss=12.1258
[ep 2225] longdress    driving_B_2020.02.13_13.03.24.csv@1783  reward=QoE= -130.05 eps=0.095 loss=11.2142
[ep 2226] loot         static_B_2020.02.27_18.39.27.csv@4026  reward=QoE=   51.01 eps=0.094 loss=11.7983
[ep 2227] redandblack  static_B_2020.02.27_18.39.27.csv@666   reward=QoE=   65.55 eps=0.094 loss=12.9587
[ep 2228] soldier      driving_B_2020.01.16_09.56.56.csv@1026  reward=QoE=   21.04 eps=0.094 loss=12.2194
[ep 2229] longdress    static_B_2020.02.27_18.39.27.csv@4566  reward=QoE=   59.49 eps=0.093 loss=12.3898
[ep 2230] loot         static_B_2020.02.27_18.39.27.csv@1986  reward=QoE=   53.48 eps=0.093 loss=13.6204
[ep 2231] redandblack  driving_B_2020.02.14_09.38.22.csv@790   reward=QoE=   14.28 eps=0.092 loss=11.7051
[ep 2232] soldier      driving_B_2019.12.17_07.32.39.csv@583   reward=QoE=   -4.34 eps=0.092 loss=12.3087
[ep 2233] longdress    static_B_2020.02.27_18.39.27.csv@2346  reward=QoE=   -6.55 eps=0.092 loss=12.3812
[ep 2234] loot         static_B_2020.02.27_18.39.27.csv@246   reward=QoE=   81.45 eps=0.091 loss=14.2513
[ep 2235] redandblack  static_B_2020.02.27_18.39.27.csv@4206  reward=QoE=   52.07 eps=0.091 loss=13.5143
[ep 2236] soldier      driving_B_2020.01.16_09.56.56.csv@1506  reward=QoE=   74.45 eps=0.090 loss=12.9122
[ep 2237] longdress    static_B_2020.02.27_18.39.27.csv@5346  reward=QoE=   73.52 eps=0.090 loss=13.1124
[ep 2238] loot         static_B_2020.02.27_18.39.27.csv@906   reward=QoE=   80.19 eps=0.090 loss=12.1780
[ep 2239] redandblack  driving_B_2020.02.13_15.02.01.csv@1876  reward=QoE=   19.33 eps=0.089 loss=11.7742
[ep 2240] soldier      driving_B_2020.02.13_15.02.01.csv@76    reward=QoE=   59.51 eps=0.089 loss=12.5947
[ep 2241] longdress    driving_B_2020.02.14_12.58.17.csv@50    reward=QoE=  -69.55 eps=0.088 loss=11.0506
[ep 2242] loot         driving_B_2020.02.14_12.58.17.csv@590   reward=QoE=   26.73 eps=0.088 loss=12.4580
[ep 2243] redandblack  static_B_2020.02.14_13.21.26.csv@736   reward=QoE=   75.59 eps=0.088 loss=11.8933
[ep 2244] soldier      driving_B_2019.12.17_07.32.39.csv@103   reward=QoE=   34.86 eps=0.087 loss=12.0047
[ep 2245] longdress    driving_B_2019.12.16_12.27.05.csv@287   reward=QoE=   24.27 eps=0.087 loss=11.7397
[ep 2246] loot         driving_B_2020.02.13_15.02.01.csv@1336  reward=QoE= -100.05 eps=0.086 loss=11.3642
[ep 2247] redandblack  static_B_2020.02.27_18.39.27.csv@546   reward=QoE=  -53.70 eps=0.086 loss=12.5204
[ep 2248] soldier      driving_B_2019.12.17_07.32.39.csv@343   reward=QoE=   31.77 eps=0.085 loss=10.6185
[ep 2249] longdress    driving_B_2020.02.13_15.02.01.csv@556   reward=QoE=   21.02 eps=0.085 loss=12.5843
[ep 2250] loot         static_B_2020.02.27_18.39.27.csv@2646  reward=QoE=   74.84 eps=0.085 loss=12.5052
[ep 2251] redandblack  driving_B_2020.02.14_09.38.22.csv@490   reward=QoE=   -3.62 eps=0.084 loss=11.8114
[ep 2252] soldier      driving_B_2020.01.16_09.56.56.csv@1146  reward=QoE=   15.68 eps=0.084 loss=12.4929
[ep 2253] longdress    driving_B_2020.02.27_17.30.15.csv@380   reward=QoE=  -40.25 eps=0.083 loss=12.3212
[ep 2254] loot         driving_B_2020.02.13_15.02.01.csv@916   reward=QoE=   63.96 eps=0.083 loss=13.6412
[ep 2255] redandblack  driving_B_2019.12.17_07.32.39.csv@1903  reward=QoE=   37.21 eps=0.083 loss=14.0732
[ep 2256] soldier      driving_B_2020.02.13_13.03.24.csv@1003  reward=QoE=    1.58 eps=0.082 loss=11.7776
[ep 2257] longdress    driving_B_2020.02.13_15.02.01.csv@2416  reward=QoE=  -22.89 eps=0.082 loss=13.9733
[ep 2258] loot         driving_B_2019.12.16_12.27.05.csv@167   reward=QoE=   28.97 eps=0.081 loss=12.0875
[ep 2259] redandblack  static_B_2020.02.27_18.39.27.csv@1086  reward=QoE=   36.49 eps=0.081 loss=13.7075
[ep 2260] soldier      static_B_2020.02.27_18.39.27.csv@5166  reward=QoE=   70.41 eps=0.081 loss=13.3565
[ep 2261] longdress    driving_B_2020.02.13_13.03.24.csv@43    reward=QoE=   24.25 eps=0.080 loss=12.2206
[ep 2262] loot         driving_B_2020.02.14_12.58.17.csv@350   reward=QoE=  -77.59 eps=0.080 loss=12.5651
[ep 2263] redandblack  static_B_2019.12.16_13.40.04.csv@1606  reward=QoE=   73.58 eps=0.079 loss=13.1633
[ep 2264] soldier      static_B_2020.02.27_18.39.27.csv@5742  reward=QoE=   82.64 eps=0.079 loss=13.1099
[ep 2265] longdress    static_B_2020.02.27_18.39.27.csv@6     reward=QoE=   22.27 eps=0.079 loss=11.7145
[ep 2266] loot         driving_B_2019.12.17_07.32.39.csv@1303  reward=QoE=   35.04 eps=0.078 loss=13.4666
[ep 2267] redandblack  driving_B_2020.01.16_07.26.43.csv@221   reward=QoE=   25.24 eps=0.078 loss=13.0531
[ep 2268] soldier      static_B_2020.02.27_18.39.27.csv@5706  reward=QoE=   54.50 eps=0.077 loss=12.2968
[ep 2269] longdress    driving_B_2020.01.16_07.26.43.csv@1121  reward=QoE=   46.31 eps=0.077 loss=12.1336
[ep 2270] loot         driving_B_2019.12.17_07.32.39.csv@1723  reward=QoE=    3.12 eps=0.077 loss=13.6631
[ep 2271] redandblack  driving_B_2020.01.16_09.56.56.csv@846   reward=QoE=   24.92 eps=0.076 loss=12.3989
[ep 2272] soldier      static_B_2019.12.16_13.40.04.csv@706   reward=QoE=   82.68 eps=0.076 loss=13.0274
[ep 2273] longdress    driving_B_2019.12.16_12.27.05.csv@407   reward=QoE=  -28.19 eps=0.075 loss=13.0413
[ep 2274] loot         driving_B_2020.02.14_12.58.17.csv@230   reward=QoE= -316.02 eps=0.075 loss=12.9638
[ep 2275] redandblack  driving_B_2020.01.16_12.10.03.csv@9     reward=QoE=   64.55 eps=0.075 loss=12.9727
[ep 2276] soldier      driving_B_2020.02.13_13.03.24.csv@1903  reward=QoE= -221.40 eps=0.074 loss=12.8646
[ep 2277] longdress    driving_B_2020.01.16_07.26.43.csv@941   reward=QoE=    4.51 eps=0.074 loss=13.4009
[ep 2278] loot         driving_B_2020.01.16_09.56.56.csv@1266  reward=QoE=   41.14 eps=0.073 loss=12.6854
[ep 2279] redandblack  driving_B_2020.02.14_09.38.22.csv@1150  reward=QoE=   33.33 eps=0.073 loss=13.4442
[ep 2280] soldier      static_B_2020.02.27_18.39.27.csv@3486  reward=QoE=   56.35 eps=0.072 loss=11.2952
[ep 2281] longdress    static_B_2020.02.27_18.39.27.csv@3606  reward=QoE=   50.76 eps=0.072 loss=12.9709
[ep 2282] loot         static_B_2020.02.27_18.39.27.csv@3366  reward=QoE=   64.14 eps=0.072 loss=12.7067
[ep 2283] redandblack  driving_B_2020.02.27_17.30.15.csv@620   reward=QoE=  -50.04 eps=0.071 loss=13.6795
[ep 2284] soldier      driving_B_2020.02.27_17.30.15.csv@720   reward=QoE=  -12.29 eps=0.071 loss=14.2945
[ep 2285] longdress    static_B_2019.12.16_13.40.04.csv@826   reward=QoE=   54.91 eps=0.070 loss=11.9298
[ep 2286] loot         static_B_2020.02.14_13.21.26.csv@76    reward=QoE=   74.10 eps=0.070 loss=12.6550
[ep 2287] redandblack  driving_B_2020.02.13_13.03.24.csv@1963  reward=QoE= -127.03 eps=0.070 loss=13.2789
[ep 2288] soldier      driving_B_2019.12.17_07.32.39.csv@1003  reward=QoE=  -41.84 eps=0.069 loss=12.8954
[ep 2289] longdress    driving_B_2020.01.16_07.26.43.csv@1770  reward=QoE=   10.28 eps=0.069 loss=12.9021
[ep 2290] loot         driving_B_2020.01.16_09.56.56.csv@126   reward=QoE=  -27.41 eps=0.068 loss=12.1062
[ep 2291] redandblack  driving_B_2020.02.14_09.38.22.csv@70    reward=QoE=   -6.26 eps=0.068 loss=12.0105
[ep 2292] soldier      driving_B_2020.02.14_09.38.22.csv@910   reward=QoE=   85.29 eps=0.068 loss=11.2409
[ep 2293] longdress    static_B_2020.02.27_18.39.27.csv@126   reward=QoE=   62.01 eps=0.067 loss=12.7537
[ep 2294] loot         static_B_2020.02.27_18.39.27.csv@5406  reward=QoE=   59.13 eps=0.067 loss=10.9545
[ep 2295] redandblack  driving_B_2019.12.17_07.32.39.csv@523   reward=QoE=   16.07 eps=0.066 loss=11.6676
[ep 2296] soldier      static_B_2020.02.27_18.39.27.csv@4986  reward=QoE=   67.91 eps=0.066 loss=12.9539
[ep 2297] longdress    driving_B_2019.12.17_07.32.39.csv@2083  reward=QoE=   62.57 eps=0.066 loss=13.1231
[ep 2298] loot         static_B_2019.12.16_13.40.04.csv@1786  reward=QoE=   68.72 eps=0.065 loss=12.5231
[ep 2299] redandblack  static_B_2019.12.16_13.40.04.csv@406   reward=QoE=   65.03 eps=0.065 loss=13.2942
[ep 2300] soldier      driving_B_2020.02.14_09.38.22.csv@1030  reward=QoE=  -12.06 eps=0.064 loss=13.8392
[ep 2301] longdress    driving_B_2020.02.13_13.03.24.csv@703   reward=QoE=   10.54 eps=0.064 loss=12.5808
[ep 2302] loot         static_B_2020.02.27_18.39.27.csv@2226  reward=QoE=   82.11 eps=0.064 loss=12.4886
[ep 2303] redandblack  static_B_2019.12.16_13.40.04.csv@1846  reward=QoE=   50.51 eps=0.063 loss=13.3456
[ep 2304] soldier      driving_B_2020.02.13_15.02.01.csv@2656  reward=QoE=  -40.30 eps=0.063 loss=13.0869
[ep 2305] longdress    static_B_2020.02.27_18.39.27.csv@1866  reward=QoE=   33.73 eps=0.062 loss=11.7209
[ep 2306] loot         driving_B_2020.02.13_15.02.01.csv@16    reward=QoE=   81.03 eps=0.062 loss=13.3787
[ep 2307] redandblack  driving_B_2020.02.13_15.02.01.csv@1276  reward=QoE=   37.40 eps=0.061 loss=12.5321
[ep 2308] soldier      static_B_2020.02.14_13.21.26.csv@850   reward=QoE=   25.02 eps=0.061 loss=11.8672
[ep 2309] longdress    driving_B_2019.12.17_07.32.39.csv@2143  reward=QoE=  -10.00 eps=0.061 loss=13.1225
[ep 2310] loot         static_B_2020.02.27_18.39.27.csv@3846  reward=QoE=   30.58 eps=0.060 loss=13.0989
[ep 2311] redandblack  static_B_2020.02.14_13.21.26.csv@796   reward=QoE=   54.47 eps=0.060 loss=12.4108
[ep 2312] soldier      driving_B_2020.01.16_09.56.56.csv@966   reward=QoE=    2.53 eps=0.059 loss=13.0678
[ep 2313] longdress    static_B_2020.02.27_18.39.27.csv@966   reward=QoE=   44.92 eps=0.059 loss=11.9819
[ep 2314] loot         static_B_2020.02.14_13.21.26.csv@496   reward=QoE=   90.16 eps=0.059 loss=12.3451
[ep 2315] redandblack  static_B_2020.02.27_18.39.27.csv@1626  reward=QoE=   62.68 eps=0.058 loss=12.2088
[ep 2316] soldier      driving_B_2019.12.17_07.32.39.csv@2288  reward=QoE=   40.99 eps=0.058 loss=12.0439
[ep 2317] longdress    static_B_2019.12.16_13.40.04.csv@286   reward=QoE=   38.30 eps=0.057 loss=13.5361
[ep 2318] loot         driving_B_2020.02.13_15.02.01.csv@1216  reward=QoE=   60.89 eps=0.057 loss=11.9112
[ep 2319] redandblack  driving_B_2020.02.27_17.30.15.csv@260   reward=QoE= -113.99 eps=0.057 loss=13.4031
[ep 2320] soldier      driving_B_2020.01.16_09.56.56.csv@1086  reward=QoE=    6.33 eps=0.056 loss=11.6175
[ep 2321] longdress    static_B_2019.12.16_13.40.04.csv@646   reward=QoE=   54.14 eps=0.056 loss=13.1291
[ep 2322] loot         static_B_2020.02.27_18.39.27.csv@3666  reward=QoE=   53.63 eps=0.055 loss=12.5358
[ep 2323] redandblack  driving_B_2020.02.27_17.30.15.csv@320   reward=QoE=  -26.67 eps=0.055 loss=13.0955
[ep 2324] soldier      driving_B_2019.12.16_12.27.05.csv@1152  reward=QoE=    3.95 eps=0.055 loss=12.4379
[ep 2325] longdress    driving_B_2020.02.13_15.02.01.csv@976   reward=QoE=   19.49 eps=0.054 loss=11.6156
[ep 2326] loot         static_B_2020.02.27_18.39.27.csv@426   reward=QoE=   72.56 eps=0.054 loss=12.5852
[ep 2327] redandblack  driving_B_2020.01.16_07.26.43.csv@521   reward=QoE=   14.92 eps=0.053 loss=11.6178
[ep 2328] soldier      static_B_2020.02.27_18.39.27.csv@2526  reward=QoE=   75.53 eps=0.053 loss=13.0506
[ep 2329] longdress    static_B_2020.02.14_13.21.26.csv@316   reward=QoE=   81.68 eps=0.053 loss=11.4454
[ep 2330] loot         driving_B_2019.12.17_07.32.39.csv@1183  reward=QoE=   18.38 eps=0.052 loss=13.1103
[ep 2331] redandblack  driving_B_2020.01.16_09.56.56.csv@186   reward=QoE=   42.20 eps=0.052 loss=11.5867
[ep 2332] soldier      driving_B_2020.02.13_15.02.01.csv@676   reward=QoE=   51.47 eps=0.051 loss=12.3479
[ep 2333] longdress    static_B_2020.02.27_18.39.27.csv@726   reward=QoE=   50.18 eps=0.051 loss=13.5760
[ep 2334] loot         driving_B_2020.02.13_15.02.01.csv@796   reward=QoE=   46.44 eps=0.051 loss=13.9108
[ep 2335] redandblack  driving_B_2020.02.13_15.02.01.csv@496   reward=QoE=   16.80 eps=0.050 loss=13.2973
[ep 2336] soldier      driving_B_2020.02.13_15.02.01.csv@1576  reward=QoE= -291.14 eps=0.050 loss=12.6982
[ep 2337] longdress    driving_B_2020.01.16_09.56.56.csv@606   reward=QoE=   63.94 eps=0.050 loss=12.8610
[ep 2338] loot         static_B_2020.02.27_18.39.27.csv@66    reward=QoE=   86.61 eps=0.050 loss=12.9986
[ep 2339] redandblack  driving_B_2020.02.14_09.38.22.csv@190   reward=QoE=  -43.86 eps=0.050 loss=14.1543
[ep 2340] soldier      driving_B_2019.12.17_07.32.39.csv@1783  reward=QoE=  -10.49 eps=0.050 loss=12.5791
[ep 2341] longdress    driving_B_2020.01.16_07.26.43.csv@401   reward=QoE=    4.74 eps=0.050 loss=13.2356
[ep 2342] loot         static_B_2020.02.14_13.21.26.csv@136   reward=QoE=   74.31 eps=0.050 loss=12.4689
[ep 2343] redandblack  static_B_2020.02.27_18.39.27.csv@3546  reward=QoE=   42.72 eps=0.050 loss=13.3746
[ep 2344] soldier      static_B_2020.02.27_18.39.27.csv@486   reward=QoE=   48.00 eps=0.050 loss=13.7426
[ep 2345] longdress    driving_B_2020.02.13_15.02.01.csv@2296  reward=QoE=  -35.38 eps=0.050 loss=12.2572
[ep 2346] loot         driving_B_2020.02.13_15.02.01.csv@2356  reward=QoE= -169.06 eps=0.050 loss=13.8519
[ep 2347] redandblack  static_B_2020.02.14_13.21.26.csv@436   reward=QoE=   85.94 eps=0.050 loss=12.5134
[ep 2348] soldier      static_B_2020.02.27_18.39.27.csv@1386  reward=QoE=   84.53 eps=0.050 loss=13.0028
[ep 2349] longdress    static_B_2019.12.16_13.40.04.csv@466   reward=QoE= -268.24 eps=0.050 loss=12.7809
[ep 2350] loot         driving_B_2020.02.14_09.38.22.csv@1210  reward=QoE=    4.18 eps=0.050 loss=12.9256
[ep 2351] redandblack  driving_B_2019.12.17_07.32.39.csv@1483  reward=QoE=   38.01 eps=0.050 loss=12.1407
[ep 2352] soldier      driving_B_2019.12.17_07.32.39.csv@643   reward=QoE=  -33.62 eps=0.050 loss=11.9870
[ep 2353] longdress    driving_B_2020.01.16_07.26.43.csv@1301  reward=QoE=   45.44 eps=0.050 loss=12.9974
[ep 2354] loot         driving_B_2020.01.16_07.26.43.csv@101   reward=QoE=   10.75 eps=0.050 loss=12.4985
[ep 2355] redandblack  driving_B_2020.02.13_15.02.01.csv@376   reward=QoE=   76.53 eps=0.050 loss=12.5066
[ep 2356] soldier      driving_B_2020.02.13_13.03.24.csv@523   reward=QoE=    0.37 eps=0.050 loss=13.6376
[ep 2357] longdress    driving_B_2020.01.16_12.10.03.csv@244   reward=QoE=   67.89 eps=0.050 loss=12.6916
[ep 2358] loot         driving_B_2020.01.16_07.26.43.csv@1361  reward=QoE=   19.28 eps=0.050 loss=12.8098
[ep 2359] redandblack  static_B_2019.12.16_13.40.04.csv@1486  reward=QoE=   62.10 eps=0.050 loss=12.8135
[ep 2360] soldier      driving_B_2020.02.13_15.02.01.csv@2596  reward=QoE=   78.71 eps=0.050 loss=13.1985
[ep 2361] longdress    driving_B_2020.01.16_07.26.43.csv@881   reward=QoE=   -8.62 eps=0.050 loss=13.8820
[ep 2362] loot         static_B_2020.02.27_18.39.27.csv@1446  reward=QoE=   71.60 eps=0.050 loss=12.9769
[ep 2363] redandblack  driving_B_2020.02.13_15.02.01.csv@2176  reward=QoE=   48.15 eps=0.050 loss=13.1725
[ep 2364] soldier      driving_B_2020.02.13_13.03.24.csv@1843  reward=QoE= -347.60 eps=0.050 loss=12.5590
[ep 2365] longdress    driving_B_2020.01.16_07.26.43.csv@581   reward=QoE=   28.16 eps=0.050 loss=11.8924
[ep 2366] loot         static_B_2019.12.16_13.40.04.csv@166   reward=QoE=   72.39 eps=0.050 loss=14.0418
[ep 2367] redandblack  driving_B_2020.01.16_09.56.56.csv@666   reward=QoE=  -40.79 eps=0.050 loss=13.2916
[ep 2368] soldier      driving_B_2020.01.16_07.26.43.csv@1721  reward=QoE=   20.80 eps=0.050 loss=13.5196
[ep 2369] longdress    driving_B_2020.02.27_17.30.15.csv@720   reward=QoE=   -7.21 eps=0.050 loss=13.6007
[ep 2370] loot         driving_B_2020.02.13_13.03.24.csv@2188  reward=QoE=  -37.87 eps=0.050 loss=12.7094
[ep 2371] redandblack  driving_B_2019.12.16_12.27.05.csv@227   reward=QoE=   39.90 eps=0.050 loss=13.9885
[ep 2372] soldier      driving_B_2020.02.13_13.03.24.csv@343   reward=QoE=   -7.55 eps=0.050 loss=13.1950
[ep 2373] longdress    driving_B_2020.01.16_12.10.03.csv@244   reward=QoE=   76.22 eps=0.050 loss=13.8237
[ep 2374] loot         static_B_2020.02.27_18.39.27.csv@1746  reward=QoE=   72.66 eps=0.050 loss=13.6023
[ep 2375] redandblack  driving_B_2020.02.13_15.02.01.csv@256   reward=QoE=   60.16 eps=0.050 loss=12.7816
[ep 2376] soldier      static_B_2020.02.27_18.39.27.csv@4266  reward=QoE=   70.06 eps=0.050 loss=13.0144
[ep 2377] longdress    static_B_2020.02.27_18.39.27.csv@4506  reward=QoE=   54.26 eps=0.050 loss=11.7288
[ep 2378] loot         driving_B_2020.01.16_09.56.56.csv@1386  reward=QoE=   35.55 eps=0.050 loss=13.5903
[ep 2379] redandblack  driving_B_2020.02.14_12.58.17.csv@770   reward=QoE=  -24.08 eps=0.050 loss=13.2270
[ep 2380] soldier      driving_B_2020.02.13_15.02.01.csv@196   reward=QoE=   35.64 eps=0.050 loss=13.5372
[ep 2381] longdress    driving_B_2020.01.16_07.26.43.csv@821   reward=QoE=   29.34 eps=0.050 loss=12.7396
[ep 2382] loot         driving_B_2020.02.14_12.58.17.csv@110   reward=QoE=    6.07 eps=0.050 loss=12.4144
[ep 2383] redandblack  static_B_2020.02.27_18.39.27.csv@3186  reward=QoE=   -0.99 eps=0.050 loss=12.3426
[ep 2384] soldier      driving_B_2020.02.13_15.02.01.csv@2536  reward=QoE=    7.07 eps=0.050 loss=13.0499
[ep 2385] longdress    static_B_2019.12.16_13.40.04.csv@1904  reward=QoE=   47.07 eps=0.050 loss=12.4430
[ep 2386] loot         static_B_2020.02.27_18.39.27.csv@4866  reward=QoE=   51.95 eps=0.050 loss=12.7940
[ep 2387] redandblack  driving_B_2019.12.16_12.27.05.csv@827   reward=QoE=   61.34 eps=0.050 loss=13.7485
[ep 2388] soldier      driving_B_2020.02.27_17.30.15.csv@500   reward=QoE=  -23.19 eps=0.050 loss=13.2817
[ep 2389] longdress    driving_B_2020.02.14_12.58.17.csv@170   reward=QoE=  -11.70 eps=0.050 loss=13.7456
[ep 2390] loot         driving_B_2019.12.17_07.32.39.csv@763   reward=QoE=    5.86 eps=0.050 loss=12.5634
[ep 2391] redandblack  static_B_2020.02.27_18.39.27.csv@3066  reward=QoE=   63.69 eps=0.050 loss=12.4862
[ep 2392] soldier      driving_B_2019.12.17_07.32.39.csv@1243  reward=QoE=    0.09 eps=0.050 loss=11.9554
[ep 2393] longdress    driving_B_2020.02.14_09.38.22.csv@550   reward=QoE=   69.98 eps=0.050 loss=13.1889
[ep 2394] loot         driving_B_2020.01.16_12.10.03.csv@189   reward=QoE=   87.00 eps=0.050 loss=13.4839
[ep 2395] redandblack  static_B_2020.02.27_18.39.27.csv@1266  reward=QoE=   76.52 eps=0.050 loss=13.8623
[ep 2396] soldier      driving_B_2020.01.16_09.56.56.csv@366   reward=QoE=  -65.40 eps=0.050 loss=13.5976
[ep 2397] longdress    static_B_2020.02.27_18.39.27.csv@2286  reward=QoE=   53.54 eps=0.050 loss=12.6123
[ep 2398] loot         static_B_2020.02.27_18.39.27.csv@1206  reward=QoE=   26.08 eps=0.050 loss=13.0189
[ep 2399] redandblack  driving_B_2020.01.16_09.56.56.csv@546   reward=QoE=   44.81 eps=0.050 loss=12.7939
[ep 2400] soldier      static_B_2019.12.16_13.40.04.csv@1546  reward=QoE=   29.29 eps=0.050 loss=11.9698
    [eval @ ep 2400] reward=QoE=-3933.04 mean_q=0.554 stall=851.2s
    [early stop] no validation improvement for 3 checks
==========================================================================================
✅ Training done. untrained qoe_quality=-5099.90 -> final -3933.04 (best=-554.06)
📦 Saved: C:\Users\Nima\PointCloudStreaming\logs/train_runs/qoe_v2_wide\sweep\confirm\trial_017_s44\abr_dqn.pkl  (+ C:\Users\Nima\PointCloudStreaming\logs/train_runs/qoe_v2_wide\sweep\confirm\trial_017_s44\abr_dqn_best.pkl)
🧾 History: C:\Users\Nima\PointCloudStreaming\logs/train_runs/qoe_v2_wide\sweep\confirm\trial_017_s44\abr_dqn_train_history.json
🧾 Summary: C:\Users\Nima\PointCloudStreaming\logs/train_runs/qoe_v2_wide\sweep\confirm\trial_017_s44\train_summary.json
