episode,sequence,file,offset,reward,qoe,qoe_quality,epsilon,mean_loss
1,longdress,driving_B_2020.02.13_15.02.01.csv,1639,28.7405,0.00,-172.37,0.9995,0.000000
2,loot,static_B_2020.02.14_13.21.26.csv,850,190.6095,74.57,41.41,0.9991,0.649334
3,redandblack,driving_B_2020.01.16_07.26.43.csv,428,12.7895,0.00,-142.94,0.9986,0.601851
4,soldier,static_B_2020.02.27_18.39.27.csv,3387,130.4346,46.00,32.03,0.9981,0.499942
5,longdress,static_B_2020.02.27_18.39.27.csv,2487,117.7142,20.62,24.79,0.9976,0.460773
6,loot,driving_B_2019.12.16_12.27.05.csv,1055,155.0960,84.89,37.29,0.9972,0.382856
7,redandblack,driving_B_2020.01.16_07.26.43.csv,1748,79.7947,0.00,-7.14,0.9967,0.303533
8,soldier,driving_B_2020.01.16_09.56.56.csv,695,136.6491,42.42,12.32,0.9962,0.293393
9,longdress,driving_B_2020.02.14_12.58.17.csv,800,-42.2685,0.00,-246.72,0.9957,0.293014
10,loot,driving_B_2019.12.17_07.32.39.csv,740,132.4982,51.77,17.84,0.9953,0.303831
11,redandblack,driving_B_2020.01.16_09.56.56.csv,35,121.7266,16.94,2.82,0.9948,0.309191
12,soldier,static_B_2019.12.16_13.40.04.csv,465,136.0798,0.00,-298.43,0.9943,0.286955
13,longdress,driving_B_2020.01.16_07.26.43.csv,308,63.3661,0.00,-16.67,0.9938,0.284899
14,loot,static_B_2020.02.27_18.39.27.csv,1107,158.8127,76.82,31.15,0.9934,0.276410
15,redandblack,driving_B_2020.01.16_07.26.43.csv,68,86.7642,13.66,-12.98,0.9929,0.273287
16,soldier,driving_B_2020.02.13_13.03.24.csv,1774,58.7433,0.00,-1047.69,0.9924,0.279181
17,longdress,static_B_2020.02.27_18.39.27.csv,2607,134.4129,78.37,25.19,0.9919,0.289130
18,loot,static_B_2020.02.14_13.21.26.csv,48,158.3696,68.00,42.51,0.9915,0.270047
19,redandblack,static_B_2020.02.27_18.39.27.csv,4227,111.1314,0.00,24.03,0.9910,0.261230
20,soldier,driving_B_2020.01.16_07.26.43.csv,668,-1.1603,0.00,-129.35,0.9905,0.256009
21,longdress,driving_B_2020.02.14_09.38.22.csv,770,74.0091,15.81,-12.88,0.9900,0.267256
22,loot,driving_B_2020.02.13_15.02.01.csv,1039,149.2710,40.00,38.07,0.9896,0.255642
23,redandblack,driving_B_2020.02.14_09.38.22.csv,1250,69.0148,19.25,-8.05,0.9891,0.260631
24,soldier,driving_B_2020.02.27_17.30.15.csv,612,-54.0741,0.00,-432.31,0.9886,0.262845
25,longdress,static_B_2020.02.27_18.39.27.csv,1947,116.8791,57.14,18.88,0.9881,0.257147
26,loot,static_B_2020.02.14_13.21.26.csv,648,133.7638,0.00,34.53,0.9877,0.260885
27,redandblack,driving_B_2020.02.13_15.02.01.csv,559,72.3973,0.00,-32.35,0.9872,0.270261
28,soldier,static_B_2020.02.27_18.39.27.csv,1287,136.6878,50.85,27.94,0.9867,0.274151
29,longdress,static_B_2019.12.16_13.40.04.csv,1845,147.7995,40.79,21.85,0.9862,0.275886
30,loot,static_B_2020.02.27_18.39.27.csv,3507,177.4860,100.00,47.08,0.9858,0.255235
31,redandblack,driving_B_2020.02.13_15.02.01.csv,979,61.6031,0.00,-81.54,0.9853,0.261044
32,soldier,static_B_2020.02.27_18.39.27.csv,5127,123.8283,20.00,30.37,0.9848,0.265624
33,longdress,driving_B_2020.01.16_12.10.03.csv,244,198.2717,100.00,55.26,0.9843,0.255203
34,loot,static_B_2019.12.16_13.40.04.csv,825,135.9416,44.00,31.60,0.9839,0.255144
35,redandblack,driving_B_2020.02.13_15.02.01.csv,1579,-53.0929,0.00,-472.41,0.9834,0.251062
36,soldier,static_B_2020.02.14_13.21.26.csv,588,100.5465,0.00,21.46,0.9829,0.245771
37,longdress,driving_B_2020.02.13_15.02.01.csv,1879,93.8742,0.00,-29.56,0.9825,0.264269
38,loot,driving_B_2019.12.16_12.27.05.csv,695,102.1749,58.22,6.62,0.9820,0.259481
39,redandblack,driving_B_2020.02.13_15.02.01.csv,679,162.4893,100.00,38.77,0.9815,0.280712
40,soldier,static_B_2020.02.27_18.39.27.csv,1167,57.7055,0.00,-235.19,0.9810,0.249952
41,longdress,driving_B_2020.02.14_12.58.17.csv,272,-55.6252,0.00,-792.37,0.9806,0.265052
42,loot,driving_B_2020.01.16_12.10.03.csv,165,98.4337,0.00,21.98,0.9801,0.252996
43,redandblack,static_B_2020.02.27_18.39.27.csv,627,100.9776,0.00,21.39,0.9796,0.262770
44,soldier,static_B_2019.12.16_13.40.04.csv,1545,188.5227,89.42,50.39,0.9791,0.262696
45,longdress,driving_B_2019.12.16_12.27.05.csv,275,62.4003,0.00,-48.06,0.9787,0.257218
46,loot,driving_B_2020.02.13_15.02.01.csv,1279,111.1722,8.06,0.82,0.9782,0.252779
47,redandblack,static_B_2019.12.16_13.40.04.csv,345,91.8413,21.97,3.54,0.9777,0.264015
48,soldier,driving_B_2020.02.14_12.58.17.csv,572,21.9945,0.00,-85.99,0.9772,0.263181
49,longdress,driving_B_2020.02.14_09.38.22.csv,950,177.6390,94.00,48.78,0.9768,0.256404
50,loot,static_B_2020.02.27_18.39.27.csv,2007,154.3478,32.01,27.85,0.9763,0.252890
51,redandblack,driving_B_2020.01.16_07.26.43.csv,728,118.3537,1.23,-7.61,0.9758,0.239263
52,soldier,driving_B_2020.01.16_09.56.56.csv,215,108.9773,47.21,12.61,0.9753,0.257719
53,longdress,driving_B_2019.12.17_07.32.39.csv,1820,15.0521,0.00,-141.83,0.9749,0.256935
54,loot,static_B_2020.02.27_18.39.27.csv,4947,158.8033,58.00,41.58,0.9744,0.259081
55,redandblack,static_B_2020.02.27_18.39.27.csv,3987,171.2382,0.00,47.90,0.9739,0.234573
56,soldier,driving_B_2019.12.16_12.27.05.csv,155,52.4960,0.00,-60.82,0.9734,0.248743
57,longdress,driving_B_2020.01.16_07.26.43.csv,1028,89.9057,0.00,-29.22,0.9730,0.229830
58,loot,driving_B_2020.02.13_15.02.01.csv,739,102.7736,50.65,6.78,0.9725,0.255213
59,redandblack,driving_B_2020.02.13_15.02.01.csv,79,150.6509,80.00,39.55,0.9720,0.250430
60,soldier,static_B_2020.02.14_13.21.26.csv,168,170.1692,72.00,46.20,0.9715,0.245618
61,longdress,static_B_2020.02.27_18.39.27.csv,2787,159.4688,68.00,40.90,0.9711,0.235489
62,loot,driving_B_2020.01.16_09.56.56.csv,1235,120.3162,7.18,0.40,0.9706,0.239346
63,redandblack,driving_B_2020.02.13_13.03.24.csv,274,86.5418,0.00,-33.55,0.9701,0.238656
64,soldier,static_B_2020.02.27_18.39.27.csv,3207,168.5875,74.00,20.43,0.9696,0.243189
65,longdress,static_B_2020.02.27_18.39.27.csv,2367,113.1989,0.00,-222.94,0.9692,0.241129
66,loot,static_B_2019.12.16_13.40.04.csv,1305,180.1553,100.00,49.82,0.9687,0.223285
67,redandblack,static_B_2020.02.27_18.39.27.csv,447,189.2134,100.00,53.65,0.9682,0.226854
68,soldier,static_B_2020.02.27_18.39.27.csv,1467,119.4064,63.38,18.16,0.9677,0.210927
69,longdress,static_B_2020.02.27_18.39.27.csv,147,147.4599,34.00,37.33,0.9673,0.223744
70,loot,driving_B_2020.02.27_17.30.15.csv,720,-46.8054,0.00,-318.44,0.9668,0.216511
71,redandblack,driving_B_2020.01.16_07.26.43.csv,1508,83.3312,0.00,-5.96,0.9663,0.222430
72,soldier,static_B_2020.02.27_18.39.27.csv,2127,134.5008,55.12,21.33,0.9658,0.230713
73,longdress,driving_B_2020.02.13_15.02.01.csv,799,117.4429,8.00,22.03,0.9654,0.222124
74,loot,static_B_2020.02.27_18.39.27.csv,4047,130.0635,6.00,30.91,0.9649,0.223761
75,redandblack,static_B_2020.02.14_13.21.26.csv,108,201.6017,100.00,56.26,0.9644,0.220085
76,soldier,driving_B_2020.02.13_13.03.24.csv,1714,177.5899,100.00,47.10,0.9639,0.208504
77,longdress,static_B_2020.02.27_18.39.27.csv,2547,182.9251,100.00,49.11,0.9635,0.208101
78,loot,driving_B_2020.01.16_12.10.03.csv,244,175.3231,66.00,46.60,0.9630,0.206833
79,redandblack,driving_B_2020.02.13_15.02.01.csv,1099,131.5020,39.60,8.10,0.9625,0.194793
80,soldier,static_B_2019.12.16_13.40.04.csv,645,175.3132,71.84,40.96,0.9620,0.193771
81,longdress,driving_B_2020.02.14_09.38.22.csv,170,-11.8284,0.00,-255.29,0.9616,0.471329
82,loot,static_B_2020.02.27_18.39.27.csv,3027,123.4379,26.73,13.13,0.9611,0.360490
83,redandblack,driving_B_2019.12.17_07.32.39.csv,1340,180.1503,100.00,44.51,0.9606,0.295236
84,soldier,driving_B_2019.12.17_07.32.39.csv,1160,60.4945,0.00,-77.76,0.9601,0.280866
85,longdress,static_B_2020.02.27_18.39.27.csv,3747,135.1771,40.00,31.68,0.9597,0.269411
86,loot,static_B_2020.02.27_18.39.27.csv,987,201.7684,88.00,56.57,0.9592,0.264678
87,redandblack,static_B_2020.02.14_13.21.26.csv,850,147.7074,57.07,27.07,0.9587,0.289829
88,soldier,driving_B_2020.02.13_13.03.24.csv,214,38.5505,0.00,-64.49,0.9582,0.266361
89,longdress,driving_B_2020.01.16_09.56.56.csv,95,27.9064,0.00,-130.75,0.9578,0.251893
90,loot,driving_B_2020.02.13_15.02.01.csv,1519,-4.6642,0.00,-93.92,0.9573,0.254052
91,redandblack,driving_B_2019.12.17_07.32.39.csv,1100,160.4233,32.67,8.87,0.9568,0.265178
92,soldier,static_B_2020.02.27_18.39.27.csv,5187,124.7792,20.00,26.31,0.9563,0.264321
93,longdress,driving_B_2020.02.13_13.03.24.csv,1594,-16.8527,0.00,-327.02,0.9559,0.269065
94,loot,static_B_2020.02.27_18.39.27.csv,3267,186.6673,26.00,54.24,0.9554,0.242831
95,redandblack,static_B_2020.02.27_18.39.27.csv,5547,125.2177,8.00,30.34,0.9549,0.255290
96,soldier,driving_B_2020.02.14_09.38.22.csv,1430,45.7250,0.00,-52.77,0.9544,0.244383
97,longdress,static_B_2020.02.27_18.39.27.csv,2967,167.0093,100.00,42.02,0.9540,0.256277
98,loot,driving_B_2020.02.13_15.02.01.csv,2479,11.1785,0.00,-154.88,0.9535,0.248731
99,redandblack,static_B_2020.02.27_18.39.27.csv,1347,213.3676,92.00,62.45,0.9530,0.255590
100,soldier,driving_B_2020.01.16_07.26.43.csv,1268,65.9087,0.00,-42.58,0.9525,0.237492
101,longdress,driving_B_2020.02.14_09.38.22.csv,1478,35.4151,0.00,-120.91,0.9521,0.235866
102,loot,driving_B_2020.02.13_13.03.24.csv,1114,21.2376,0.00,-96.57,0.9516,0.231864
103,redandblack,driving_B_2020.01.16_09.56.56.csv,1570,132.4947,100.00,33.38,0.9511,0.248729
104,soldier,driving_B_2020.02.13_15.02.01.csv,2659,14.3073,0.00,-188.40,0.9507,0.231559
105,longdress,driving_B_2020.02.13_15.02.01.csv,1819,145.0599,56.00,35.05,0.9502,0.246528
106,loot,driving_B_2020.02.27_17.30.15.csv,672,-15.0570,0.00,-130.69,0.9497,0.239010
107,redandblack,driving_B_2020.01.16_09.56.56.csv,455,85.1711,0.00,-57.35,0.9492,0.244800
108,soldier,driving_B_2020.02.14_12.58.17.csv,512,-8.3951,0.00,-196.40,0.9488,0.250464
109,longdress,static_B_2020.02.27_18.39.27.csv,4467,111.7452,14.08,5.24,0.9483,0.248892
110,loot,driving_B_2020.01.16_07.26.43.csv,1148,128.9935,27.57,13.11,0.9478,0.234539
111,redandblack,driving_B_2020.02.13_15.02.01.csv,2179,120.9614,42.96,17.53,0.9473,0.246083
112,soldier,driving_B_2020.02.13_15.02.01.csv,1999,164.3316,76.00,43.31,0.9469,0.255064
113,longdress,driving_B_2019.12.17_07.32.39.csv,1220,145.8912,85.62,32.37,0.9464,0.238697
114,loot,static_B_2020.02.27_18.39.27.csv,3147,27.5591,0.00,-146.78,0.9459,0.229565
115,redandblack,driving_B_2020.01.16_09.56.56.csv,755,151.3270,28.51,24.26,0.9454,0.235108
116,soldier,driving_B_2019.12.17_07.32.39.csv,800,27.1478,0.00,-60.22,0.9450,0.243105
117,longdress,driving_B_2020.02.27_17.30.15.csv,252,-61.3178,0.00,-317.19,0.9445,0.234927
118,loot,driving_B_2019.12.17_07.32.39.csv,1880,146.5234,28.32,14.95,0.9440,0.228620
119,redandblack,driving_B_2020.02.13_13.03.24.csv,154,29.1900,0.00,-54.91,0.9435,0.240375
120,soldier,driving_B_2020.02.13_15.02.01.csv,1459,-17.8477,0.00,-180.25,0.9431,0.231502
121,longdress,driving_B_2020.01.16_07.26.43.csv,1770,-0.6329,0.00,-209.70,0.9426,0.245240
122,loot,static_B_2020.02.27_18.39.27.csv,2187,165.0395,66.00,42.20,0.9421,0.241562
123,redandblack,driving_B_2020.02.13_15.02.01.csv,19,168.0261,86.00,46.20,0.9416,0.236859
124,soldier,driving_B_2020.02.14_09.38.22.csv,830,148.8670,4.91,4.90,0.9412,0.232233
125,longdress,static_B_2020.02.27_18.39.27.csv,3627,154.8465,59.29,28.15,0.9407,0.228703
126,loot,static_B_2020.02.14_13.21.26.csv,468,126.8442,0.00,33.71,0.9402,0.233633
127,redandblack,driving_B_2020.01.16_07.26.43.csv,908,76.8614,27.03,-10.41,0.9397,0.240665
128,soldier,static_B_2019.12.16_13.40.04.csv,1904,136.2640,22.00,12.86,0.9393,0.232752
129,longdress,static_B_2020.02.27_18.39.27.csv,4347,154.1724,47.48,26.73,0.9388,0.226252
130,loot,driving_B_2020.02.13_13.03.24.csv,1654,120.0541,0.00,-58.71,0.9383,0.230393
131,redandblack,driving_B_2019.12.16_12.27.05.csv,1152,130.9512,37.03,6.53,0.9378,0.208778
132,soldier,static_B_2020.02.27_18.39.27.csv,27,139.0272,52.00,36.56,0.9374,0.228262
133,longdress,driving_B_2020.02.13_13.03.24.csv,1954,-24.1187,0.00,-382.39,0.9369,0.212939
134,loot,driving_B_2020.02.13_13.03.24.csv,394,73.6624,0.00,-52.59,0.9364,0.219941
135,redandblack,driving_B_2020.01.16_09.56.56.csv,995,196.9655,100.00,55.07,0.9359,0.206393
136,soldier,driving_B_2020.02.14_09.38.22.csv,890,204.4422,100.00,57.41,0.9355,0.233069
137,longdress,driving_B_2020.01.16_07.26.43.csv,188,-5.7719,0.00,-119.41,0.9350,0.229906
138,loot,driving_B_2020.01.16_07.26.43.csv,8,83.1787,0.00,-21.22,0.9345,0.220055
139,redandblack,driving_B_2020.02.14_09.38.22.csv,1130,7.1684,0.00,-110.12,0.9340,0.240249
140,soldier,driving_B_2020.01.16_09.56.56.csv,935,41.3845,0.00,-53.74,0.9336,0.220573
141,longdress,driving_B_2020.02.14_09.38.22.csv,350,13.9436,0.00,-218.95,0.9331,0.219555
142,loot,driving_B_2020.02.27_17.30.15.csv,132,-19.7768,0.00,-213.92,0.9326,0.228991
143,redandblack,driving_B_2020.02.13_15.02.01.csv,1159,174.7476,47.65,39.07,0.9321,0.228689
144,soldier,static_B_2020.02.14_13.21.26.csv,348,204.6046,98.00,57.61,0.9317,0.241812
145,longdress,static_B_2020.02.27_18.39.27.csv,687,205.4259,70.00,60.81,0.9312,0.215643
146,loot,static_B_2019.12.16_13.40.04.csv,1245,143.0901,13.63,14.95,0.9307,0.211076
147,redandblack,driving_B_2020.02.14_09.38.22.csv,1370,158.7101,34.00,42.65,0.9302,0.229999
148,soldier,driving_B_2019.12.17_07.32.39.csv,1940,140.5453,40.00,35.13,0.9298,0.225653
149,longdress,static_B_2020.02.27_18.39.27.csv,1827,100.7590,52.24,-24.78,0.9293,0.212685
150,loot,driving_B_2020.02.13_15.02.01.csv,2599,153.8749,46.00,39.19,0.9288,0.218542
151,redandblack,driving_B_2020.02.14_12.58.17.csv,332,-40.2569,0.00,-218.06,0.9283,0.223661
152,soldier,driving_B_2020.02.13_13.03.24.csv,1534,4.2602,0.00,-133.49,0.9279,0.218749
153,longdress,driving_B_2020.02.13_13.03.24.csv,694,19.1974,0.00,-109.85,0.9274,0.224654
154,loot,driving_B_2020.02.13_13.03.24.csv,1474,144.5230,53.78,23.14,0.9269,0.228892
155,redandblack,driving_B_2020.02.13_15.02.01.csv,2719,29.3111,0.00,-94.00,0.9264,0.228139
156,soldier,driving_B_2020.02.14_09.38.22.csv,530,134.9739,42.96,20.70,0.9260,0.219922
157,longdress,driving_B_2020.02.14_09.38.22.csv,1310,169.5668,79.36,43.70,0.9255,0.212442
158,loot,driving_B_2019.12.17_07.32.39.csv,2288,191.2286,83.90,48.17,0.9250,0.215878
159,redandblack,driving_B_2019.12.17_07.32.39.csv,1460,76.4479,0.00,-31.07,0.9245,0.216552
160,soldier,driving_B_2020.02.27_17.30.15.csv,492,-56.3834,0.00,-247.57,0.9241,0.427017
161,longdress,driving_B_2020.02.13_13.03.24.csv,994,15.3565,0.00,-169.88,0.9236,0.386553
162,loot,static_B_2020.02.27_18.39.27.csv,2667,153.7977,35.05,25.99,0.9231,0.334706
163,redandblack,static_B_2019.12.16_13.40.04.csv,885,195.3780,100.00,53.60,0.9226,0.314360
164,soldier,driving_B_2020.01.16_07.26.43.csv,1628,59.5959,0.00,-22.74,0.9222,0.322444
165,longdress,static_B_2020.02.27_18.39.27.csv,4407,173.2264,100.00,43.34,0.9217,0.349792
166,loot,driving_B_2020.02.27_17.30.15.csv,720,-40.1255,0.00,-317.14,0.9212,0.311480
167,redandblack,driving_B_2020.02.13_15.02.01.csv,859,130.4029,25.49,8.16,0.9208,0.318215
168,soldier,static_B_2020.02.14_13.21.26.csv,768,121.4230,28.00,29.22,0.9203,0.296594
169,longdress,driving_B_2020.02.13_15.02.01.csv,139,156.9233,100.00,41.28,0.9198,0.283799
170,loot,driving_B_2019.12.16_12.27.05.csv,1152,139.7970,23.77,3.89,0.9193,0.302561
171,redandblack,static_B_2019.12.16_13.40.04.csv,1665,190.8906,100.00,50.24,0.9189,0.293807
172,soldier,driving_B_2019.12.17_07.32.39.csv,380,132.8882,61.28,27.55,0.9184,0.266773
173,longdress,driving_B_2019.12.17_07.32.39.csv,500,2.8526,0.00,-106.27,0.9179,0.307218
174,loot,driving_B_2020.02.13_15.02.01.csv,2359,-38.8245,0.00,-227.08,0.9174,0.308368
175,redandblack,static_B_2020.02.27_18.39.27.csv,2427,145.6921,6.00,38.01,0.9170,0.261048
176,soldier,static_B_2020.02.27_18.39.27.csv,1887,157.3247,84.15,37.53,0.9165,0.286535
177,longdress,driving_B_2020.02.13_15.02.01.csv,1699,126.6805,41.32,20.77,0.9160,0.315479
178,loot,driving_B_2019.12.17_07.32.39.csv,260,101.7400,0.00,-12.33,0.9155,0.274220
179,redandblack,driving_B_2020.02.27_17.30.15.csv,432,-39.7648,0.00,-454.90,0.9151,0.300022
180,soldier,static_B_2020.02.27_18.39.27.csv,1767,125.1668,12.57,12.94,0.9146,0.284701
181,longdress,driving_B_2020.02.14_12.58.17.csv,632,65.9332,0.00,-57.06,0.9141,0.278469
182,loot,driving_B_2019.12.16_12.27.05.csv,935,132.0882,69.44,24.53,0.9136,0.291117
183,redandblack,static_B_2019.12.16_13.40.04.csv,1125,82.3391,0.00,-479.38,0.9132,0.307443
184,soldier,static_B_2020.02.27_18.39.27.csv,4587,145.5793,13.67,14.12,0.9127,0.289193
185,longdress,driving_B_2019.12.17_07.32.39.csv,2180,59.6817,0.00,-78.54,0.9122,0.283717
186,loot,static_B_2020.02.14_13.21.26.csv,228,143.7147,4.00,37.05,0.9117,0.291559
187,redandblack,driving_B_2019.12.17_07.32.39.csv,320,116.1405,21.80,9.87,0.9113,0.295622
188,soldier,driving_B_2020.01.16_09.56.56.csv,155,146.8170,65.17,27.82,0.9108,0.284926
189,longdress,driving_B_2020.02.13_13.03.24.csv,34,-2.1069,0.00,-120.08,0.9103,0.289751
190,loot,driving_B_2020.02.13_13.03.24.csv,1894,-61.9240,0.00,-431.04,0.9098,0.281934
191,redandblack,driving_B_2020.02.27_17.30.15.csv,72,-1.2316,0.00,-401.40,0.9094,0.294417
192,soldier,static_B_2020.02.27_18.39.27.csv,5427,113.7040,0.00,-12.87,0.9089,0.282116
193,longdress,driving_B_2019.12.16_12.27.05.csv,755,75.5856,0.00,-35.64,0.9084,0.309056
194,loot,static_B_2020.02.14_13.21.26.csv,828,131.6059,2.00,34.20,0.9079,0.253033
195,redandblack,driving_B_2020.02.13_15.02.01.csv,619,27.3285,0.00,-71.51,0.9075,0.293275
196,soldier,static_B_2020.02.27_18.39.27.csv,87,174.6906,18.00,49.26,0.9070,0.280478
197,longdress,driving_B_2020.02.13_13.03.24.csv,934,-10.2056,0.00,-175.86,0.9065,0.294657
198,loot,driving_B_2020.02.14_12.58.17.csv,152,-8.7295,0.00,-336.58,0.9060,0.279405
199,redandblack,driving_B_2020.02.27_17.30.15.csv,552,7.5357,0.00,-111.20,0.9056,0.286867
200,soldier,driving_B_2020.02.27_17.30.15.csv,192,-55.1457,0.00,-736.60,0.9051,0.309591
201,longdress,driving_B_2020.02.13_13.03.24.csv,814,39.2774,0.00,-116.56,0.9046,0.299613
202,loot,driving_B_2020.01.16_07.26.43.csv,1568,4.9369,0.00,-175.51,0.9041,0.283374
203,redandblack,driving_B_2020.02.13_15.02.01.csv,319,168.8600,88.08,40.69,0.9037,0.322262
204,soldier,static_B_2020.02.27_18.39.27.csv,5607,189.6110,72.00,51.80,0.9032,0.291123
205,longdress,driving_B_2019.12.17_07.32.39.csv,1280,106.1351,18.32,2.82,0.9027,0.287593
206,loot,driving_B_2020.02.14_12.58.17.csv,692,-13.8503,0.00,-143.22,0.9022,0.290641
207,redandblack,driving_B_2020.02.13_15.02.01.csv,1219,161.1410,82.06,36.20,0.9018,0.303801
208,soldier,driving_B_2020.02.13_13.03.24.csv,574,15.2842,0.00,-86.06,0.9013,0.315784
209,longdress,driving_B_2020.01.16_07.26.43.csv,1770,-17.2238,0.00,-232.03,0.9008,0.293628
210,loot,driving_B_2019.12.16_12.27.05.csv,575,34.7093,0.00,-55.37,0.9003,0.297084
211,redandblack,driving_B_2020.02.14_09.38.22.csv,50,68.0729,0.00,-59.14,0.8999,0.296251
212,soldier,driving_B_2020.01.16_07.26.43.csv,1448,-0.6955,0.00,-138.53,0.8994,0.255036
213,longdress,driving_B_2020.02.14_12.58.17.csv,212,-57.6916,0.00,-760.72,0.8989,0.278430
214,loot,driving_B_2020.01.16_09.56.56.csv,635,126.0259,20.20,26.19,0.8984,0.287876
215,redandblack,driving_B_2019.12.17_07.32.39.csv,1580,79.6400,0.00,-29.82,0.8980,0.279685
216,soldier,driving_B_2019.12.16_12.27.05.csv,515,-30.7362,0.00,-242.21,0.8975,0.288868
217,longdress,driving_B_2019.12.17_07.32.39.csv,1760,52.3521,0.00,-73.82,0.8970,0.283916
218,loot,driving_B_2019.12.17_07.32.39.csv,560,107.4130,5.74,0.62,0.8965,0.267406
219,redandblack,static_B_2020.02.27_18.39.27.csv,3447,181.8688,80.00,49.66,0.8961,0.313437
220,soldier,driving_B_2020.02.13_13.03.24.csv,1294,13.6361,0.00,-154.04,0.8956,0.280051
221,longdress,static_B_2020.02.27_18.39.27.csv,1707,91.8014,47.58,9.32,0.8951,0.277063
222,loot,driving_B_2020.01.16_09.56.56.csv,815,160.2950,72.29,40.06,0.8946,0.287964
223,redandblack,driving_B_2020.01.16_09.56.56.csv,1475,166.8640,100.00,42.79,0.8942,0.296078
224,soldier,static_B_2020.02.27_18.39.27.csv,2067,171.7494,77.61,42.56,0.8937,0.297741
225,longdress,driving_B_2019.12.16_12.27.05.csv,215,65.1679,0.00,-31.76,0.8932,0.296820
226,loot,driving_B_2020.02.14_12.58.17.csv,392,-7.5942,0.00,-365.59,0.8927,0.279870
227,redandblack,static_B_2020.02.14_13.21.26.csv,288,143.5287,4.00,36.52,0.8923,0.280210
228,soldier,static_B_2020.02.27_18.39.27.csv,3867,55.9905,0.00,-56.29,0.8918,0.299731
229,longdress,driving_B_2020.01.16_07.26.43.csv,788,64.4027,0.00,-22.34,0.8913,0.295332
230,loot,static_B_2019.12.16_13.40.04.csv,1065,165.2564,81.75,41.66,0.8908,0.271998
231,redandblack,driving_B_2020.01.16_07.26.43.csv,968,85.1156,0.00,-46.13,0.8904,0.276251
232,soldier,driving_B_2020.02.13_15.02.01.csv,259,108.9200,4.00,22.85,0.8899,0.283135
233,longdress,static_B_2020.02.27_18.39.27.csv,3087,63.3871,0.00,-36.78,0.8894,0.271263
234,loot,driving_B_2020.01.16_09.56.56.csv,1570,194.8771,100.00,57.17,0.8890,0.306176
235,redandblack,static_B_2020.02.27_18.39.27.csv,387,153.9000,62.00,40.01,0.8885,0.281633
236,soldier,static_B_2020.02.27_18.39.27.csv,4107,160.2249,34.00,42.29,0.8880,0.290163
237,longdress,driving_B_2020.02.13_13.03.24.csv,1174,34.6885,0.00,-86.87,0.8875,0.284540
238,loot,driving_B_2020.01.16_09.56.56.csv,1415,172.3008,100.00,47.13,0.8871,0.285511
239,redandblack,driving_B_2020.02.13_13.03.24.csv,94,69.1385,0.00,-81.62,0.8866,0.467434
240,soldier,driving_B_2020.02.13_15.02.01.csv,1939,128.4515,0.00,14.16,0.8861,0.455868
241,longdress,driving_B_2020.02.13_13.03.24.csv,634,16.0327,0.00,-129.59,0.8856,0.396661
242,loot,driving_B_2020.01.16_09.56.56.csv,275,189.6299,81.66,50.71,0.8852,0.441160
243,redandblack,driving_B_2020.02.13_15.02.01.csv,1759,202.5206,100.00,53.96,0.8847,0.397348
244,soldier,static_B_2019.12.16_13.40.04.csv,225,121.2469,15.14,11.89,0.8842,0.365034
245,longdress,driving_B_2019.12.17_07.32.39.csv,140,71.5453,0.00,-39.18,0.8837,0.376202
246,loot,driving_B_2020.02.13_15.02.01.csv,2754,46.7859,0.00,-62.74,0.8833,0.377307
247,redandblack,static_B_2020.02.27_18.39.27.csv,4707,149.6561,83.32,20.30,0.8828,0.389769
248,soldier,driving_B_2019.12.17_07.32.39.csv,620,62.1411,0.00,-68.45,0.8823,0.387969
249,longdress,static_B_2019.12.16_13.40.04.csv,1005,143.0317,62.46,30.56,0.8818,0.356028
250,loot,driving_B_2020.02.13_15.02.01.csv,2754,24.1243,0.00,-46.60,0.8814,0.354723
251,redandblack,driving_B_2019.12.17_07.32.39.csv,1040,85.5128,0.00,-15.72,0.8809,0.352703
252,soldier,driving_B_2020.02.13_13.03.24.csv,1834,-158.9991,0.00,-765.50,0.8804,0.338297
253,longdress,driving_B_2020.02.13_13.03.24.csv,2074,-15.9127,0.00,-383.61,0.8799,0.407374
254,loot,driving_B_2020.01.16_07.26.43.csv,608,81.0182,0.00,-26.55,0.8795,0.348877
255,redandblack,static_B_2019.12.16_13.40.04.csv,1904,130.7858,16.00,12.96,0.8790,0.375492
256,soldier,static_B_2020.02.27_18.39.27.csv,1647,175.4093,83.83,39.93,0.8785,0.359046
257,longdress,driving_B_2020.02.13_15.02.01.csv,2059,27.7192,0.00,-147.44,0.8780,0.348235
258,loot,static_B_2019.12.16_13.40.04.csv,525,163.7447,82.00,34.67,0.8776,0.361962
259,redandblack,static_B_2020.02.27_18.39.27.csv,4827,130.7896,14.00,32.95,0.8771,0.362609
260,soldier,driving_B_2019.12.17_07.32.39.csv,80,74.7342,0.00,-17.95,0.8766,0.361567
261,longdress,static_B_2019.12.16_13.40.04.csv,585,187.3315,45.26,40.24,0.8761,0.370238
262,loot,static_B_2019.12.16_13.40.04.csv,45,154.8569,59.09,33.51,0.8757,0.378226
263,redandblack,driving_B_2020.01.16_09.56.56.csv,395,93.8323,0.12,-7.55,0.8752,0.378642
264,soldier,driving_B_2020.02.13_13.03.24.csv,2188,-47.4829,0.00,-321.81,0.8747,0.372398
265,longdress,driving_B_2020.02.13_13.03.24.csv,454,39.4652,0.00,-71.21,0.8742,0.347926
266,loot,driving_B_2020.01.16_12.10.03.csv,45,177.4208,82.12,44.48,0.8738,0.355872
267,redandblack,driving_B_2020.01.16_07.26.43.csv,488,59.1382,0.00,-35.22,0.8733,0.356085
268,soldier,driving_B_2019.12.17_07.32.39.csv,2000,155.9374,20.00,40.84,0.8728,0.336465
269,longdress,driving_B_2020.01.16_09.56.56.csv,875,59.9415,0.00,-51.43,0.8723,0.343716
270,loot,static_B_2020.02.27_18.39.27.csv,4647,52.6737,0.00,-51.14,0.8719,0.362106
271,redandblack,static_B_2020.02.27_18.39.27.csv,3687,135.5807,0.00,34.55,0.8714,0.360855
272,soldier,driving_B_2019.12.17_07.32.39.csv,860,86.1996,0.00,-20.32,0.8709,0.360242
273,longdress,driving_B_2019.12.17_07.32.39.csv,200,98.5027,17.70,3.44,0.8704,0.360062
274,loot,driving_B_2020.01.16_07.26.43.csv,128,54.3040,0.00,-27.83,0.8700,0.363347
275,redandblack,static_B_2020.02.27_18.39.27.csv,1407,161.3748,86.31,43.98,0.8695,0.340354
276,soldier,driving_B_2020.02.14_09.38.22.csv,1478,42.6957,0.00,-40.63,0.8690,0.342283
277,longdress,driving_B_2020.01.16_09.56.56.csv,1535,143.6419,14.00,37.57,0.8685,0.362299
278,loot,static_B_2020.02.14_13.21.26.csv,708,199.5266,94.00,55.35,0.8681,0.362872
279,redandblack,static_B_2020.02.27_18.39.27.csv,4527,168.2716,78.55,40.97,0.8676,0.372636
280,soldier,driving_B_2020.02.13_15.02.01.csv,2299,-51.1289,0.00,-308.52,0.8671,0.335450
281,longdress,driving_B_2020.02.13_13.03.24.csv,2014,-42.9227,0.00,-299.22,0.8666,0.370126
282,loot,driving_B_2019.12.16_12.27.05.csv,635,3.6655,0.00,-192.02,0.8662,0.335008
283,redandblack,static_B_2020.02.27_18.39.27.csv,3807,166.1807,100.00,42.06,0.8657,0.368931
284,soldier,driving_B_2019.12.16_12.27.05.csv,1115,130.5693,50.45,9.26,0.8652,0.348902
285,longdress,driving_B_2020.02.14_09.38.22.csv,290,-8.2202,0.00,-164.51,0.8647,0.351516
286,loot,static_B_2019.12.16_13.40.04.csv,405,185.2560,100.00,49.58,0.8643,0.360720
287,redandblack,driving_B_2020.02.13_15.02.01.csv,2239,134.2016,58.00,33.46,0.8638,0.369774
288,soldier,driving_B_2019.12.16_12.27.05.csv,995,139.2299,16.00,38.05,0.8633,0.354723
289,longdress,static_B_2020.02.27_18.39.27.csv,3327,212.1895,85.06,58.64,0.8628,0.373633
290,loot,driving_B_2020.01.16_12.10.03.csv,225,162.4961,100.00,41.15,0.8624,0.327279
291,redandblack,driving_B_2020.01.16_09.56.56.csv,515,169.5503,67.60,37.20,0.8619,0.327259
292,soldier,driving_B_2019.12.17_07.32.39.csv,920,31.2163,0.00,-126.53,0.8614,0.363233
293,longdress,driving_B_2020.01.16_09.56.56.csv,1055,40.1246,0.00,-124.24,0.8609,0.353263
294,loot,static_B_2020.02.27_18.39.27.csv,207,144.9901,58.00,36.55,0.8605,0.357270
295,redandblack,driving_B_2020.02.14_12.58.17.csv,452,-20.2603,0.00,-345.02,0.8600,0.357593
296,soldier,driving_B_2019.12.17_07.32.39.csv,1400,75.2946,0.00,-160.53,0.8595,0.347451
297,longdress,driving_B_2020.02.14_09.38.22.csv,1070,6.6098,0.00,-146.67,0.8590,0.340906
298,loot,static_B_2020.02.27_18.39.27.csv,2727,141.7716,20.00,39.22,0.8586,0.348340
299,redandblack,driving_B_2020.02.14_09.38.22.csv,710,200.7590,100.00,56.61,0.8581,0.347827
300,soldier,static_B_2020.02.27_18.39.27.csv,5247,184.8065,78.00,50.84,0.8576,0.355610
301,longdress,driving_B_2020.02.14_09.38.22.csv,1010,27.8502,0.00,-63.69,0.8572,0.332931
302,loot,driving_B_2019.12.17_07.32.39.csv,1520,61.1615,0.00,-17.17,0.8567,0.342016
303,redandblack,static_B_2020.02.27_18.39.27.csv,5487,156.1718,18.00,43.62,0.8562,0.328156
304,soldier,driving_B_2020.02.13_15.02.01.csv,379,175.2540,48.00,47.95,0.8557,0.355981
305,longdress,driving_B_2019.12.16_12.27.05.csv,95,84.8270,0.00,-24.49,0.8553,0.328148
306,loot,static_B_2020.02.27_18.39.27.csv,4887,91.9045,0.00,-12.42,0.8548,0.372407
307,redandblack,static_B_2020.02.27_18.39.27.csv,2847,161.3895,64.00,43.50,0.8543,0.327911
308,soldier,static_B_2020.02.27_18.39.27.csv,3927,147.4756,34.00,38.35,0.8538,0.323205
309,longdress,driving_B_2019.12.17_07.32.39.csv,20,65.2014,0.00,-17.39,0.8534,0.361727
310,loot,driving_B_2020.02.13_13.03.24.csv,1414,77.3330,0.00,-4.77,0.8529,0.352855
311,redandblack,static_B_2019.12.16_13.40.04.csv,165,128.5964,24.00,30.41,0.8524,0.312838
312,soldier,driving_B_2020.02.14_09.38.22.csv,1190,-1.9783,0.00,-140.19,0.8519,0.350379
313,longdress,driving_B_2019.12.16_12.27.05.csv,395,-0.7958,0.00,-163.03,0.8515,0.355428
314,loot,static_B_2020.02.27_18.39.27.csv,5727,181.0541,100.00,48.13,0.8510,0.347720
315,redandblack,static_B_2019.12.16_13.40.04.csv,1605,170.8066,100.00,45.55,0.8505,0.348741
316,soldier,driving_B_2020.02.13_15.02.01.csv,2119,138.9876,62.96,32.14,0.8500,0.361710
317,longdress,static_B_2019.12.16_13.40.04.csv,765,191.8802,74.00,54.21,0.8496,0.341101
318,loot,static_B_2019.12.16_13.40.04.csv,105,137.1820,32.00,32.71,0.8491,0.522767
319,redandblack,static_B_2019.12.16_13.40.04.csv,1365,148.4592,100.00,35.93,0.8486,0.460374
320,soldier,driving_B_2020.02.14_09.38.22.csv,590,140.6180,56.75,22.42,0.8481,0.492690
321,longdress,static_B_2019.12.16_13.40.04.csv,1725,172.8750,82.50,45.51,0.8477,0.490693
322,loot,static_B_2020.02.27_18.39.27.csv,2907,162.3002,100.00,42.01,0.8472,0.438822
323,redandblack,driving_B_2020.01.16_07.26.43.csv,1208,64.8221,0.00,-20.65,0.8467,0.434276
324,soldier,static_B_2020.02.27_18.39.27.csv,867,164.7823,56.22,36.84,0.8462,0.410243
325,longdress,static_B_2020.02.27_18.39.27.csv,567,107.6181,66.00,-17.24,0.8458,0.432719
326,loot,static_B_2020.02.27_18.39.27.csv,5742,174.1088,80.75,44.39,0.8453,0.438240
327,redandblack,static_B_2020.02.27_18.39.27.csv,3567,78.7701,0.00,-10.30,0.8448,0.423610
328,soldier,static_B_2020.02.27_18.39.27.csv,327,165.2084,100.00,42.19,0.8443,0.409549
329,longdress,driving_B_2020.01.16_09.56.56.csv,1295,162.2951,63.25,28.06,0.8439,0.436474
330,loot,static_B_2019.12.16_13.40.04.csv,1185,120.5645,0.00,-106.33,0.8434,0.420320
331,redandblack,driving_B_2020.02.14_09.38.22.csv,1478,47.4097,0.00,-44.77,0.8429,0.413849
332,soldier,driving_B_2020.01.16_09.56.56.csv,335,125.6539,55.37,20.86,0.8424,0.438913
333,longdress,static_B_2020.02.27_18.39.27.csv,1587,188.4988,71.79,43.24,0.8420,0.437165
334,loot,static_B_2020.02.27_18.39.27.csv,5067,178.5151,44.00,49.60,0.8415,0.426131
335,redandblack,driving_B_2020.02.13_13.03.24.csv,334,67.8992,0.00,-65.77,0.8410,0.386676
336,soldier,static_B_2020.02.14_13.21.26.csv,408,201.5270,100.00,57.17,0.8405,0.387548
337,longdress,driving_B_2020.02.14_09.38.22.csv,410,23.4788,0.00,-96.00,0.8401,0.395703
338,loot,driving_B_2020.02.14_12.58.17.csv,32,105.3419,0.00,-101.49,0.8396,0.488529
339,redandblack,driving_B_2020.02.13_15.02.01.csv,2539,116.5002,0.00,-14.56,0.8391,0.433250
340,soldier,static_B_2020.02.27_18.39.27.csv,507,171.8646,74.14,43.76,0.8386,0.416063
341,longdress,static_B_2019.12.16_13.40.04.csv,1785,150.0089,78.86,27.45,0.8382,0.392459
342,loot,driving_B_2019.12.16_12.27.05.csv,35,110.8675,18.60,6.45,0.8377,0.422277
343,redandblack,driving_B_2020.02.13_13.03.24.csv,2134,-11.6072,0.00,-423.32,0.8372,0.427034
344,soldier,driving_B_2020.02.14_09.38.22.csv,110,16.7427,0.00,-153.19,0.8367,0.418694
345,longdress,static_B_2020.02.27_18.39.27.csv,4767,135.9559,18.00,33.75,0.8363,0.453399
346,loot,driving_B_2020.02.13_15.02.01.csv,1399,82.6264,0.00,-28.76,0.8358,0.436134
347,redandblack,driving_B_2019.12.16_12.27.05.csv,335,70.8399,0.00,-31.08,0.8353,0.452515
348,soldier,driving_B_2019.12.17_07.32.39.csv,2120,206.8705,100.00,60.59,0.8348,0.421188
349,longdress,driving_B_2020.02.14_09.38.22.csv,470,39.6245,0.00,-91.91,0.8344,0.411845
350,loot,driving_B_2020.02.13_13.03.24.csv,2188,-35.4208,0.00,-141.41,0.8339,0.408865
351,redandblack,static_B_2020.02.27_18.39.27.csv,1227,124.3854,20.00,18.67,0.8334,0.431565
352,soldier,static_B_2019.12.16_13.40.04.csv,285,180.7602,81.00,46.34,0.8329,0.421149
353,longdress,static_B_2020.02.27_18.39.27.csv,5007,185.9838,100.00,51.30,0.8325,0.436276
354,loot,driving_B_2020.02.13_15.02.01.csv,199,140.8931,40.73,20.50,0.8320,0.406315
355,redandblack,driving_B_2020.01.16_07.26.43.csv,848,127.1301,59.29,16.91,0.8315,0.425203
356,soldier,driving_B_2020.01.16_09.56.56.csv,1355,175.9223,14.00,49.24,0.8310,0.432600
357,longdress,driving_B_2019.12.17_07.32.39.csv,2240,190.0188,66.48,47.71,0.8306,0.474979
358,loot,driving_B_2019.12.17_07.32.39.csv,2288,179.3341,72.33,46.24,0.8301,0.406936
359,redandblack,static_B_2020.02.27_18.39.27.csv,2247,203.8239,100.00,59.80,0.8296,0.463081
360,soldier,driving_B_2020.02.14_12.58.17.csv,800,-27.8093,0.00,-309.60,0.8291,0.417157
361,longdress,static_B_2019.12.16_13.40.04.csv,1904,102.6774,18.00,-0.57,0.8287,0.404017
362,loot,static_B_2020.02.27_18.39.27.csv,4167,190.0624,56.00,54.68,0.8282,0.401681
363,redandblack,static_B_2019.12.16_13.40.04.csv,1485,212.3213,98.00,60.70,0.8277,0.382225
364,soldier,driving_B_2020.02.13_13.03.24.csv,1234,0.6845,0.00,-206.67,0.8272,0.441263
365,longdress,driving_B_2019.12.17_07.32.39.csv,1700,-14.3185,0.00,-217.38,0.8268,0.413502
366,loot,driving_B_2020.02.13_15.02.01.csv,1339,0.4413,0.00,-165.49,0.8263,0.415740
367,redandblack,driving_B_2019.12.16_12.27.05.csv,815,139.3068,55.76,27.99,0.8258,0.416984
368,soldier,driving_B_2020.02.13_13.03.24.csv,874,-17.4336,0.00,-161.48,0.8254,0.411964
369,longdress,static_B_2020.02.14_13.21.26.csv,528,141.3804,30.00,35.60,0.8249,0.398977
370,loot,driving_B_2020.02.13_15.02.01.csv,2419,25.2574,0.00,-154.15,0.8244,0.419237
371,redandblack,driving_B_2020.01.16_09.56.56.csv,575,182.2561,52.00,50.67,0.8239,0.405267
372,soldier,driving_B_2020.01.16_07.26.43.csv,1688,57.0881,0.00,-54.01,0.8235,0.424117
373,longdress,driving_B_2020.02.14_09.38.22.csv,650,194.4791,78.00,54.91,0.8230,0.423188
374,loot,static_B_2020.02.27_18.39.27.csv,927,155.3183,74.00,41.45,0.8225,0.396830
375,redandblack,driving_B_2020.02.13_15.02.01.csv,919,183.0255,48.00,52.10,0.8220,0.420162
376,soldier,driving_B_2020.01.16_07.26.43.csv,548,22.3332,0.00,-79.86,0.8216,0.430291
377,longdress,static_B_2020.02.27_18.39.27.csv,267,170.4960,100.00,42.99,0.8211,0.413995
378,loot,driving_B_2020.02.13_13.03.24.csv,1054,71.6769,0.00,-23.12,0.8206,0.413164
379,redandblack,static_B_2019.12.16_13.40.04.csv,1425,174.7422,82.02,44.13,0.8201,0.422088
380,soldier,driving_B_2019.12.16_12.27.05.csv,455,15.0339,0.00,-126.76,0.8197,0.438118
381,longdress,static_B_2020.02.27_18.39.27.csv,747,192.4075,82.00,51.97,0.8192,0.397705
382,loot,driving_B_2020.02.13_13.03.24.csv,514,107.1220,0.00,-28.58,0.8187,0.414663
383,redandblack,driving_B_2020.02.13_13.03.24.csv,754,41.6238,0.00,-83.48,0.8182,0.426309
384,soldier,driving_B_2020.01.16_12.10.03.csv,105,167.4133,54.00,44.24,0.8178,0.412787
385,longdress,driving_B_2019.12.17_07.32.39.csv,1640,144.4015,58.71,27.86,0.8173,0.406982
386,loot,driving_B_2020.02.13_15.02.01.csv,439,145.5946,4.66,15.26,0.8168,0.413182
387,redandblack,static_B_2020.02.27_18.39.27.csv,5307,150.6544,44.00,37.57,0.8163,0.392956
388,soldier,driving_B_2020.02.13_15.02.01.csv,499,81.6374,0.00,-51.39,0.8159,0.411044
389,longdress,driving_B_2020.02.13_13.03.24.csv,1354,56.2853,0.00,-82.29,0.8154,0.443856
390,loot,static_B_2019.12.16_13.40.04.csv,705,166.0260,100.00,42.79,0.8149,0.421148
391,redandblack,static_B_2020.02.27_18.39.27.csv,2307,173.4593,100.00,46.44,0.8144,0.442487
392,soldier,driving_B_2019.12.17_07.32.39.csv,440,206.9439,86.96,58.92,0.8140,0.383801
393,longdress,driving_B_2020.01.16_07.26.43.csv,248,83.4177,0.00,-10.88,0.8135,0.418727
394,loot,driving_B_2020.01.16_07.26.43.csv,1328,65.9463,0.00,-63.38,0.8130,0.451150
395,redandblack,static_B_2020.02.27_18.39.27.csv,1527,188.5545,80.99,49.56,0.8125,0.456162
396,soldier,driving_B_2020.02.27_17.30.15.csv,12,-3.2105,0.00,-144.78,0.8121,0.402020
397,longdress,driving_B_2020.01.16_07.26.43.csv,368,20.3034,0.00,-116.92,0.8116,0.661747
398,loot,driving_B_2019.12.17_07.32.39.csv,680,107.7560,0.00,-3.65,0.8111,0.542550
399,redandblack,driving_B_2020.02.14_09.38.22.csv,230,35.9974,0.00,-70.37,0.8106,0.475765
400,soldier,driving_B_2019.12.17_07.32.39.csv,980,11.1780,0.00,-128.43,0.8102,0.513081
401,longdress,driving_B_2019.12.16_12.27.05.csv,875,182.8420,100.00,48.73,0.8097,0.498699
402,loot,static_B_2020.02.27_18.39.27.csv,5367,124.1021,24.00,27.81,0.8092,0.470221
403,redandblack,driving_B_2020.02.14_12.58.17.csv,92,50.4586,0.00,-139.05,0.8087,0.474957
404,soldier,static_B_2020.02.27_18.39.27.csv,5742,165.7575,75.37,38.92,0.8083,0.511026
405,longdress,driving_B_2020.02.27_17.30.15.csv,312,-21.7173,0.00,-227.55,0.8078,0.506517
406,loot,static_B_2019.12.16_13.40.04.csv,945,169.5543,78.06,41.86,0.8073,0.502717
407,redandblack,driving_B_2020.02.27_17.30.15.csv,372,0.2383,0.00,-161.53,0.8068,0.539958
408,soldier,static_B_2020.02.27_18.39.27.csv,4287,167.4663,88.78,40.32,0.8064,0.483406
409,longdress,driving_B_2020.01.16_09.56.56.csv,1115,105.4568,0.00,-22.16,0.8059,0.494515
410,loot,driving_B_2020.01.16_09.56.56.csv,1175,132.1449,17.99,18.97,0.8054,0.520623
411,redandblack,static_B_2020.02.27_18.39.27.csv,807,203.1727,100.00,57.49,0.8049,0.494885
412,soldier,driving_B_2020.02.14_12.58.17.csv,752,8.7576,0.00,-221.52,0.8045,0.466539
413,longdress,driving_B_2019.12.17_07.32.39.csv,2060,153.5467,31.75,26.10,0.8040,0.486623
414,loot,static_B_2020.02.27_18.39.27.csv,1047,205.5996,100.00,57.42,0.8035,0.500481
415,redandblack,static_B_2020.02.27_18.39.27.csv,5667,175.7705,85.22,47.94,0.8030,0.465378
416,soldier,driving_B_2020.01.16_07.26.43.csv,1088,147.4949,31.45,24.97,0.8026,0.527781
417,longdress,driving_B_2020.01.16_07.26.43.csv,1388,20.7060,0.00,-69.87,0.8021,0.533467
418,loot,static_B_2019.12.16_13.40.04.csv,1481,140.7084,6.00,35.89,0.8016,0.515637
419,redandblack,static_B_2020.02.27_18.39.27.csv,2849,141.6709,78.00,34.12,0.8011,0.447667
420,soldier,static_B_2020.02.27_18.39.27.csv,1349,193.6005,100.00,52.12,0.8007,0.466581
421,longdress,driving_B_2019.12.16_12.27.05.csv,247,105.0419,11.58,-2.06,0.8002,0.490684
422,loot,driving_B_2020.01.16_09.56.56.csv,288,166.1787,83.63,41.00,0.7997,0.447166
423,redandblack,driving_B_2019.12.16_12.27.05.csv,127,116.5643,36.49,5.88,0.7992,0.487470
424,soldier,driving_B_2019.12.16_12.27.05.csv,547,17.5270,0.00,-129.60,0.7988,0.519868
425,longdress,driving_B_2020.02.27_17.30.15.csv,667,-39.4814,0.00,-299.43,0.7983,0.475183
426,loot,driving_B_2020.02.13_13.03.24.csv,1421,81.3675,17.09,-4.51,0.7978,0.492004
427,redandblack,static_B_2020.02.14_13.21.26.csv,616,169.2509,32.00,47.69,0.7973,0.489483
428,soldier,driving_B_2020.01.16_07.26.43.csv,601,21.9605,0.00,-62.89,0.7969,0.465676
429,longdress,driving_B_2020.02.14_09.38.22.csv,1416,60.7430,0.00,-91.15,0.7964,0.523094
430,loot,static_B_2020.02.27_18.39.27.csv,3449,155.7968,58.00,41.80,0.7959,0.508773
431,redandblack,driving_B_2020.02.13_13.03.24.csv,1361,67.8754,0.00,-28.54,0.7954,0.491448
432,soldier,static_B_2019.12.16_13.40.04.csv,1361,99.0041,0.00,-230.23,0.7950,0.457624
433,longdress,driving_B_2019.12.17_07.32.39.csv,568,68.5676,0.00,-53.62,0.7945,0.489646
434,loot,driving_B_2019.12.17_07.32.39.csv,1348,154.3221,0.00,40.37,0.7940,0.470284
435,redandblack,driving_B_2020.02.13_15.02.01.csv,12,184.6066,87.31,47.49,0.7936,0.501147
436,soldier,driving_B_2020.02.13_15.02.01.csv,432,131.7890,60.00,31.16,0.7931,0.460581
437,longdress,driving_B_2020.02.27_17.30.15.csv,607,-36.1801,0.00,-280.58,0.7926,0.530338
438,loot,driving_B_2020.02.14_12.58.17.csv,411,-28.4720,0.00,-372.09,0.7921,0.508563
439,redandblack,driving_B_2020.02.13_13.03.24.csv,401,69.5552,0.00,-40.38,0.7917,0.482430
440,soldier,driving_B_2020.02.13_15.02.01.csv,2712,19.2484,0.00,-180.15,0.7912,0.518967
441,longdress,driving_B_2020.02.14_09.38.22.csv,336,6.1888,0.00,-230.45,0.7907,0.473190
442,loot,driving_B_2019.12.16_12.27.05.csv,7,139.3505,67.80,29.60,0.7902,0.497113
443,redandblack,driving_B_2020.02.13_13.03.24.csv,461,56.8288,0.00,-27.83,0.7898,0.510176
444,soldier,static_B_2020.02.27_18.39.27.csv,4529,177.4715,100.00,45.43,0.7893,0.464908
445,longdress,static_B_2020.02.27_18.39.27.csv,1589,141.4833,43.99,25.72,0.7888,0.519832
446,loot,static_B_2020.02.27_18.39.27.csv,5129,160.2960,0.00,42.94,0.7883,0.498633
447,redandblack,static_B_2019.12.16_13.40.04.csv,461,145.1219,0.00,-293.77,0.7879,0.479881
448,soldier,driving_B_2020.01.16_09.56.56.csv,168,159.7696,81.26,32.26,0.7874,0.477290
449,longdress,driving_B_2019.12.17_07.32.39.csv,1588,108.1103,6.36,4.70,0.7869,0.480075
450,loot,static_B_2020.02.27_18.39.27.csv,2909,188.0324,75.24,42.27,0.7864,0.441304
451,redandblack,driving_B_2020.02.13_15.02.01.csv,1392,44.9190,0.00,-57.31,0.7860,0.470401
452,soldier,static_B_2019.12.16_13.40.04.csv,581,180.7210,69.54,43.68,0.7855,0.452795
453,longdress,driving_B_2020.02.13_13.03.24.csv,2141,-32.4857,0.00,-515.25,0.7850,0.490678
454,loot,static_B_2020.02.27_18.39.27.csv,209,137.4426,31.98,32.07,0.7845,0.462815
455,redandblack,driving_B_2020.01.16_09.56.56.csv,948,131.9970,15.87,11.67,0.7841,0.506440
456,soldier,driving_B_2019.12.17_07.32.39.csv,688,51.6893,0.00,-58.13,0.7836,0.471593
457,longdress,static_B_2020.02.27_18.39.27.csv,3929,194.3965,96.00,53.33,0.7831,0.511998
458,loot,static_B_2020.02.27_18.39.27.csv,4049,153.1172,8.00,39.81,0.7826,0.500443
459,redandblack,driving_B_2020.02.14_09.38.22.csv,396,-5.0485,0.00,-98.88,0.7822,0.497081
460,soldier,static_B_2020.02.27_18.39.27.csv,4829,187.2160,58.00,51.23,0.7817,0.516754
461,longdress,static_B_2020.02.27_18.39.27.csv,3509,165.0332,60.49,35.10,0.7812,0.496141
462,loot,driving_B_2020.02.27_17.30.15.csv,7,10.1249,0.00,-143.90,0.7807,0.461097
463,redandblack,driving_B_2020.01.16_09.56.56.csv,468,137.2432,0.00,-9.11,0.7803,0.451191
464,soldier,driving_B_2020.01.16_07.26.43.csv,1770,5.0743,0.00,-147.00,0.7798,0.500552
465,longdress,static_B_2020.02.27_18.39.27.csv,3989,194.7550,92.00,52.20,0.7793,0.536470
466,loot,driving_B_2019.12.17_07.32.39.csv,1948,87.7539,0.00,-9.30,0.7788,0.495778
467,redandblack,driving_B_2019.12.17_07.32.39.csv,988,38.3228,0.00,-106.44,0.7784,0.496722
468,soldier,driving_B_2020.02.27_17.30.15.csv,67,-26.9198,0.00,-443.56,0.7779,0.516053
469,longdress,static_B_2020.02.27_18.39.27.csv,5189,187.4961,46.00,51.11,0.7774,0.506453
470,loot,driving_B_2020.02.13_15.02.01.csv,72,184.1804,85.49,49.78,0.7769,0.495852
471,redandblack,static_B_2019.12.16_13.40.04.csv,1241,166.3941,100.00,44.20,0.7765,0.465051
472,soldier,driving_B_2020.02.14_12.58.17.csv,291,-91.9937,0.00,-514.46,0.7760,0.460020
473,longdress,static_B_2020.02.27_18.39.27.csv,3209,122.4648,34.00,4.21,0.7755,0.537636
474,loot,driving_B_2020.01.16_09.56.56.csv,1548,165.7317,60.00,41.96,0.7750,0.434587
475,redandblack,driving_B_2020.01.16_09.56.56.csv,1570,152.0527,62.33,32.61,0.7746,0.436417
476,soldier,static_B_2020.02.14_13.21.26.csv,850,155.0498,48.63,30.19,0.7741,0.680404
477,longdress,driving_B_2020.02.14_12.58.17.csv,711,-10.9715,0.00,-343.15,0.7736,0.612354
478,loot,driving_B_2020.01.16_09.56.56.csv,1570,122.6418,8.56,16.50,0.7731,0.584819
479,redandblack,driving_B_2020.01.16_07.26.43.csv,721,125.7353,0.00,-13.88,0.7727,0.589125
480,soldier,static_B_2020.02.27_18.39.27.csv,3869,91.5881,0.00,-27.88,0.7722,0.580561
481,longdress,driving_B_2020.01.16_07.26.43.csv,1741,67.7390,0.00,-62.91,0.7717,0.547238
482,loot,driving_B_2020.02.13_15.02.01.csv,1632,24.3708,0.00,-161.29,0.7712,0.567272
483,redandblack,driving_B_2019.12.16_12.27.05.csv,667,51.1776,0.00,-112.27,0.7708,0.605488
484,soldier,static_B_2020.02.27_18.39.27.csv,3269,191.3031,100.00,53.84,0.7703,0.574857
485,longdress,driving_B_2020.01.16_07.26.43.csv,1501,92.6138,0.00,-56.86,0.7698,0.520949
486,loot,driving_B_2020.02.14_09.38.22.csv,516,185.4719,44.00,53.04,0.7693,0.574708
487,redandblack,static_B_2019.12.16_13.40.04.csv,1901,99.0129,10.00,-3.54,0.7689,0.562135
488,soldier,static_B_2019.12.16_13.40.04.csv,221,127.1744,20.67,10.02,0.7684,0.589832
489,longdress,driving_B_2020.01.16_07.26.43.csv,841,101.1723,0.00,4.44,0.7679,0.569955
490,loot,driving_B_2020.02.13_15.02.01.csv,1572,-27.3228,0.00,-454.56,0.7674,0.565399
491,redandblack,driving_B_2019.12.16_12.27.05.csv,847,146.2888,57.36,30.27,0.7670,0.557921
492,soldier,driving_B_2019.12.16_12.27.05.csv,1147,96.6033,0.00,-20.98,0.7665,0.606230
493,longdress,driving_B_2019.12.17_07.32.39.csv,2008,137.5999,52.99,21.68,0.7660,0.575227
494,loot,driving_B_2020.02.13_15.02.01.csv,1452,31.9812,0.00,-83.77,0.7655,0.558947
495,redandblack,driving_B_2020.01.16_07.26.43.csv,1770,60.0341,0.00,-62.39,0.7651,0.573541
496,soldier,driving_B_2020.02.14_09.38.22.csv,1478,48.3787,0.00,-59.43,0.7646,0.578412
497,longdress,static_B_2020.02.27_18.39.27.csv,2069,213.5085,87.51,57.43,0.7641,0.561300
498,loot,static_B_2020.02.27_18.39.27.csv,2249,199.0876,100.00,56.71,0.7636,0.609391
499,redandblack,driving_B_2020.02.13_13.03.24.csv,1601,35.8646,0.00,-148.86,0.7632,0.627094
500,soldier,driving_B_2020.02.13_15.02.01.csv,732,98.5008,0.00,-15.41,0.7627,0.625062
501,longdress,driving_B_2019.12.17_07.32.39.csv,448,187.5738,51.85,42.22,0.7622,0.602758
502,loot,static_B_2020.02.27_18.39.27.csv,3569,123.6534,0.00,5.54,0.7618,0.560622
503,redandblack,driving_B_2019.12.16_12.27.05.csv,367,-8.7826,0.00,-290.36,0.7613,0.533280
504,soldier,driving_B_2020.02.13_15.02.01.csv,492,72.8457,0.00,-63.03,0.7608,0.595236
505,longdress,driving_B_2019.12.17_07.32.39.csv,148,60.1483,0.00,-19.82,0.7603,0.555981
506,loot,driving_B_2020.02.13_15.02.01.csv,1092,161.0828,7.05,14.26,0.7599,0.579577
507,redandblack,driving_B_2020.02.13_15.02.01.csv,1212,178.7575,100.00,45.44,0.7594,0.544404
508,soldier,static_B_2019.12.16_13.40.04.csv,881,175.2134,69.26,33.43,0.7589,0.571475
509,longdress,static_B_2020.02.27_18.39.27.csv,1109,125.2972,0.00,-9.63,0.7584,0.552783
510,loot,driving_B_2019.12.17_07.32.39.csv,628,63.0589,9.95,-10.59,0.7580,0.555048
511,redandblack,driving_B_2020.02.14_09.38.22.csv,816,111.8455,0.00,-86.47,0.7575,0.606089
512,soldier,driving_B_2020.02.14_09.38.22.csv,1056,44.5463,0.00,-58.14,0.7570,0.521243
513,longdress,driving_B_2020.01.16_07.26.43.csv,241,98.8663,0.00,-15.74,0.7565,0.586442
514,loot,driving_B_2020.01.16_07.26.43.csv,181,80.2115,0.00,-30.04,0.7561,0.559637
515,redandblack,driving_B_2020.01.16_07.26.43.csv,1441,25.0651,0.00,-110.74,0.7556,0.599357
516,soldier,driving_B_2020.02.13_15.02.01.csv,672,144.6988,62.29,28.90,0.7551,0.575805
517,longdress,driving_B_2020.02.13_13.03.24.csv,2081,-27.3249,0.00,-373.53,0.7546,0.539895
518,loot,driving_B_2020.02.13_13.03.24.csv,581,90.8239,0.00,-17.33,0.7542,0.509991
519,redandblack,driving_B_2020.02.14_09.38.22.csv,576,186.5524,38.00,53.91,0.7537,0.534113
520,soldier,static_B_2020.02.27_18.39.27.csv,3629,151.2213,42.06,31.35,0.7532,0.542232
521,longdress,driving_B_2020.02.13_15.02.01.csv,552,60.5362,0.00,-45.08,0.7527,0.582722
522,loot,driving_B_2020.02.27_17.30.15.csv,487,-6.3461,0.00,-191.88,0.7523,0.562271
523,redandblack,static_B_2020.02.27_18.39.27.csv,3089,101.5741,0.00,-9.56,0.7518,0.536640
524,soldier,driving_B_2020.02.13_13.03.24.csv,1841,-97.6043,0.00,-753.21,0.7513,0.591486
525,longdress,static_B_2020.02.27_18.39.27.csv,1649,171.7054,75.98,37.32,0.7508,0.565674
526,loot,static_B_2020.02.14_13.21.26.csv,196,172.5026,98.00,45.03,0.7504,0.600753
527,redandblack,driving_B_2020.02.14_12.58.17.csv,651,103.1226,15.95,11.99,0.7499,0.582407
528,soldier,driving_B_2020.02.14_12.58.17.csv,351,-56.9910,0.00,-568.05,0.7494,0.523798
529,longdress,static_B_2020.02.27_18.39.27.csv,2009,115.5189,21.71,11.09,0.7489,0.584018
530,loot,driving_B_2020.02.13_13.03.24.csv,101,66.4242,0.00,-50.88,0.7485,0.552714
531,redandblack,driving_B_2020.01.16_09.56.56.csv,708,191.4660,100.00,53.27,0.7480,0.530780
532,soldier,driving_B_2019.12.17_07.32.39.csv,2288,174.7647,70.72,35.17,0.7475,0.612832
533,longdress,driving_B_2020.02.27_17.30.15.csv,307,8.6643,0.00,-104.29,0.7470,0.569573
534,loot,static_B_2019.12.16_13.40.04.csv,1601,189.1614,100.00,52.27,0.7466,0.597309
535,redandblack,driving_B_2020.01.16_09.56.56.csv,1248,157.5541,79.23,36.38,0.7461,0.496090
536,soldier,static_B_2020.02.27_18.39.27.csv,4109,212.2918,86.00,61.03,0.7456,0.490784
537,longdress,driving_B_2020.01.16_09.56.56.csv,408,63.3973,0.00,-67.26,0.7451,0.626566
538,loot,driving_B_2020.02.27_17.30.15.csv,187,51.1095,0.00,-171.03,0.7447,0.554979
539,redandblack,static_B_2020.02.27_18.39.27.csv,2669,105.0427,42.27,8.65,0.7442,0.602804
540,soldier,driving_B_2020.02.14_09.38.22.csv,1296,151.4958,84.15,38.51,0.7437,0.559616
541,longdress,driving_B_2020.02.13_15.02.01.csv,2172,167.5182,26.00,44.37,0.7432,0.605555
542,loot,static_B_2020.02.27_18.39.27.csv,1889,180.7233,83.11,48.65,0.7428,0.578788
543,redandblack,driving_B_2020.01.16_07.26.43.csv,1261,57.9911,0.00,-40.38,0.7423,0.548412
544,soldier,driving_B_2020.01.16_09.56.56.csv,228,130.4207,29.67,11.65,0.7418,0.577688
545,longdress,driving_B_2020.01.16_07.26.43.csv,1381,22.7223,0.00,-92.30,0.7413,0.583883
546,loot,static_B_2020.02.27_18.39.27.csv,4649,46.7325,0.00,-115.08,0.7409,0.581089
547,redandblack,driving_B_2019.12.17_07.32.39.csv,388,204.8594,100.00,58.10,0.7404,0.565817
548,soldier,driving_B_2019.12.17_07.32.39.csv,508,-12.1437,0.00,-160.10,0.7399,0.521568
549,longdress,driving_B_2020.02.13_13.03.24.csv,1001,49.8113,0.00,-140.15,0.7394,0.572432
550,loot,driving_B_2019.12.16_12.27.05.csv,787,138.2144,19.58,18.22,0.7390,0.566642
551,redandblack,static_B_2020.02.27_18.39.27.csv,1049,217.4624,100.00,64.94,0.7385,0.497678
552,soldier,static_B_2020.02.27_18.39.27.csv,2129,137.2194,12.54,20.95,0.7380,0.594086
553,longdress,driving_B_2020.02.13_15.02.01.csv,1692,128.3941,33.04,0.54,0.7375,0.577754
554,loot,static_B_2020.02.27_18.39.27.csv,2729,205.9422,100.00,59.00,0.7371,0.583815
555,redandblack,driving_B_2020.01.16_07.26.43.csv,61,94.1318,4.20,-7.93,0.7366,0.743775
556,soldier,driving_B_2020.01.16_07.26.43.csv,481,23.5186,0.00,-74.14,0.7361,0.629054
557,longdress,static_B_2019.12.16_13.40.04.csv,401,183.4468,100.00,46.27,0.7356,0.685054
558,loot,driving_B_2020.02.13_13.03.24.csv,941,27.6417,0.00,-88.78,0.7352,0.645415
559,redandblack,static_B_2020.02.27_18.39.27.csv,4709,156.1598,61.15,21.87,0.7347,0.665762
560,soldier,driving_B_2020.02.13_15.02.01.csv,912,181.4849,54.00,49.42,0.7342,0.620250
561,longdress,driving_B_2020.02.14_09.38.22.csv,96,76.9929,0.00,-99.11,0.7337,0.639512
562,loot,driving_B_2020.02.14_12.58.17.csv,171,-40.8399,0.00,-340.77,0.7333,0.654553
563,redandblack,driving_B_2019.12.17_07.32.39.csv,928,69.2166,0.00,-70.60,0.7328,0.674825
564,soldier,driving_B_2020.01.16_07.26.43.csv,781,119.0906,0.00,0.78,0.7323,0.636493
565,longdress,driving_B_2020.02.27_17.30.15.csv,127,-16.7475,0.00,-763.78,0.7318,0.626457
566,loot,driving_B_2020.02.13_15.02.01.csv,2754,73.4320,0.00,-24.20,0.7314,0.704519
567,redandblack,driving_B_2020.02.13_15.02.01.csv,1812,192.6611,86.05,54.21,0.7309,0.657188
568,soldier,driving_B_2020.02.13_15.02.01.csv,2592,164.8198,68.20,26.40,0.7304,0.696026
569,longdress,driving_B_2020.02.13_13.03.24.csv,1301,20.9177,0.00,-162.88,0.7300,0.654057
570,loot,driving_B_2020.01.16_07.26.43.csv,541,109.2648,0.00,-8.23,0.7295,0.630143
571,redandblack,static_B_2020.02.27_18.39.27.csv,2369,139.7056,0.00,-191.68,0.7290,0.604959
572,soldier,static_B_2020.02.27_18.39.27.csv,5309,195.2822,66.00,54.52,0.7285,0.676076
573,longdress,static_B_2020.02.14_13.21.26.csv,76,205.5077,72.00,59.35,0.7281,0.618850
574,loot,driving_B_2020.02.13_13.03.24.csv,1961,5.8617,0.00,-188.26,0.7276,0.622810
575,redandblack,driving_B_2019.12.17_07.32.39.csv,1048,147.8386,44.12,17.22,0.7271,0.662606
576,soldier,driving_B_2020.02.14_09.38.22.csv,1356,201.2065,98.00,55.20,0.7266,0.613867
577,longdress,driving_B_2020.02.14_09.38.22.csv,276,8.6767,0.00,-185.08,0.7262,0.702678
578,loot,static_B_2020.02.27_18.39.27.csv,5609,154.2319,18.00,40.01,0.7257,0.615831
579,redandblack,driving_B_2020.01.16_07.26.43.csv,1561,-10.8410,0.00,-239.06,0.7252,0.702632
580,soldier,static_B_2020.02.27_18.39.27.csv,4349,111.6417,46.91,18.41,0.7247,0.664702
581,longdress,static_B_2020.02.14_13.21.26.csv,376,144.2464,71.15,34.73,0.7243,0.658947
582,loot,driving_B_2020.02.14_12.58.17.csv,231,-53.2913,0.00,-654.46,0.7238,0.650869
583,redandblack,driving_B_2019.12.17_07.32.39.csv,28,156.0240,17.47,21.74,0.7233,0.648348
584,soldier,static_B_2019.12.16_13.40.04.csv,341,107.7748,0.00,-12.20,0.7228,0.672183
585,longdress,static_B_2019.12.16_13.40.04.csv,1121,103.4935,0.00,-489.71,0.7224,0.648664
586,loot,driving_B_2020.01.16_09.56.56.csv,1128,148.7200,25.14,24.59,0.7219,0.754102
587,redandblack,static_B_2020.02.27_18.39.27.csv,4889,64.5411,0.00,-47.43,0.7214,0.614331
588,soldier,driving_B_2020.02.14_12.58.17.csv,800,-24.7896,0.00,-262.67,0.7209,0.637888
589,longdress,driving_B_2020.02.13_15.02.01.csv,132,186.9792,75.96,42.71,0.7205,0.619434
590,loot,driving_B_2020.02.13_15.02.01.csv,372,207.7362,74.00,61.88,0.7200,0.666818
591,redandblack,static_B_2020.02.27_18.39.27.csv,1949,203.3225,84.07,55.75,0.7195,0.664147
592,soldier,driving_B_2019.12.16_12.27.05.csv,1027,175.8759,100.00,46.40,0.7190,0.673366
593,longdress,driving_B_2020.02.13_15.02.01.csv,1032,136.0790,22.00,31.64,0.7186,0.685822
594,loot,static_B_2020.02.27_18.39.27.csv,2789,210.1599,78.00,60.96,0.7181,0.625576
595,redandblack,static_B_2020.02.27_18.39.27.csv,1169,154.0598,27.23,26.67,0.7176,0.610511
596,soldier,driving_B_2020.01.16_09.56.56.csv,1368,152.7842,35.17,23.58,0.7171,0.582343
597,longdress,driving_B_2019.12.17_07.32.39.csv,808,73.0897,0.00,-29.28,0.7167,0.613476
598,loot,driving_B_2020.01.16_07.26.43.csv,1621,97.4284,0.00,-17.73,0.7162,0.643579
599,redandblack,static_B_2020.02.27_18.39.27.csv,989,178.0493,80.01,43.02,0.7157,0.628617
600,soldier,driving_B_2020.02.14_09.38.22.csv,1116,33.6521,0.00,-93.29,0.7152,0.614333
601,longdress,static_B_2020.02.27_18.39.27.csv,5742,196.9162,73.78,49.60,0.7148,0.667656
602,loot,static_B_2020.02.27_18.39.27.csv,2969,220.8561,100.00,64.12,0.7143,0.631618
603,redandblack,static_B_2020.02.27_18.39.27.csv,4409,208.8199,100.00,58.71,0.7138,0.658044
604,soldier,driving_B_2020.02.13_13.03.24.csv,1121,9.1305,0.00,-106.91,0.7133,0.651154
605,longdress,driving_B_2020.02.13_15.02.01.csv,1272,93.5805,0.00,-17.81,0.7129,0.667720
606,loot,driving_B_2020.02.14_09.38.22.csv,1476,87.9383,0.00,-20.23,0.7124,0.651759
607,redandblack,driving_B_2020.02.13_13.03.24.csv,341,67.0397,0.00,-51.19,0.7119,0.621706
608,soldier,driving_B_2020.02.27_17.30.15.csv,427,-27.4441,0.00,-437.57,0.7114,0.703336
609,longdress,driving_B_2020.02.13_13.03.24.csv,161,51.9142,0.00,-96.41,0.7110,0.680018
610,loot,driving_B_2020.01.16_07.26.43.csv,901,83.9198,0.00,-21.22,0.7105,0.640206
611,redandblack,driving_B_2020.02.13_13.03.24.csv,641,63.9834,0.00,-48.14,0.7100,0.655509
612,soldier,driving_B_2020.02.13_15.02.01.csv,2472,-5.7303,0.00,-232.84,0.7095,0.662553
613,longdress,static_B_2020.02.27_18.39.27.csv,4169,216.8337,100.00,64.50,0.7091,0.637638
614,loot,static_B_2020.02.27_18.39.27.csv,3389,134.4792,16.00,35.04,0.7086,0.677050
615,redandblack,driving_B_2019.12.17_07.32.39.csv,748,124.7965,10.44,4.86,0.7081,0.670456
616,soldier,driving_B_2020.02.14_12.58.17.csv,800,30.8055,0.00,-206.25,0.7076,0.644837
617,longdress,driving_B_2019.12.17_07.32.39.csv,1888,131.8725,74.08,19.81,0.7072,0.632708
618,loot,static_B_2020.02.14_13.21.26.csv,736,144.1472,6.00,36.79,0.7067,0.607871
619,redandblack,driving_B_2020.02.14_12.58.17.csv,591,110.0160,0.62,-1.97,0.7062,0.570327
620,soldier,driving_B_2020.02.13_13.03.24.csv,701,67.2901,0.00,-57.22,0.7057,0.661023
621,longdress,static_B_2020.02.27_18.39.27.csv,2609,166.9283,71.79,43.36,0.7053,0.689857
622,loot,driving_B_2020.02.13_13.03.24.csv,2021,9.7418,0.00,-47.88,0.7048,0.687700
623,redandblack,driving_B_2019.12.17_07.32.39.csv,1468,99.7573,0.00,-12.72,0.7043,0.640149
624,soldier,driving_B_2020.02.13_15.02.01.csv,612,26.9476,0.00,-106.86,0.7038,0.612168
625,longdress,driving_B_2020.02.13_15.02.01.csv,2352,-21.1170,0.00,-333.41,0.7034,0.662355
626,loot,driving_B_2019.12.16_12.27.05.csv,607,26.7069,0.00,-167.38,0.7029,0.629741
627,redandblack,driving_B_2020.02.13_15.02.01.csv,1752,189.9850,65.05,37.21,0.7024,0.633010
628,soldier,static_B_2020.02.27_18.39.27.csv,2489,188.6950,42.00,54.39,0.7019,0.653583
629,longdress,driving_B_2019.12.17_07.32.39.csv,88,79.5403,0.00,-30.86,0.7015,0.580016
630,loot,driving_B_2020.02.27_17.30.15.csv,367,15.3286,0.00,-82.58,0.7010,0.629804
631,redandblack,static_B_2020.02.27_18.39.27.csv,5009,213.6470,86.22,61.80,0.7005,0.611240
632,soldier,driving_B_2020.01.16_09.56.56.csv,1008,162.9071,100.00,42.03,0.7000,0.693372
633,longdress,driving_B_2019.12.17_07.32.39.csv,2248,177.8894,64.08,41.57,0.6996,0.611211
634,loot,static_B_2020.02.27_18.39.27.csv,689,170.9634,34.00,46.86,0.6991,0.822109
635,redandblack,driving_B_2020.02.14_09.38.22.csv,876,145.5816,0.00,37.97,0.6986,0.784406
636,soldier,static_B_2020.02.27_18.39.27.csv,5249,177.9967,56.00,48.95,0.6982,0.736004
637,longdress,static_B_2020.02.27_18.39.27.csv,329,209.8978,86.08,61.33,0.6977,0.763067
638,loot,static_B_2019.12.16_13.40.04.csv,641,162.2221,64.68,35.94,0.6972,0.757814
639,redandblack,static_B_2020.02.27_18.39.27.csv,809,188.4225,100.00,50.53,0.6967,0.767434
640,soldier,static_B_2020.02.14_13.21.26.csv,496,183.4471,100.00,47.66,0.6963,0.679657
641,longdress,static_B_2020.02.27_18.39.27.csv,4469,117.8181,5.12,2.08,0.6958,0.711331
642,loot,driving_B_2020.02.13_13.03.24.csv,281,123.3839,0.00,-10.38,0.6953,0.682371
643,redandblack,static_B_2020.02.27_18.39.27.csv,5429,165.9902,40.04,24.91,0.6948,0.737848
644,soldier,driving_B_2020.02.13_13.03.24.csv,1241,-14.1103,0.00,-166.92,0.6944,0.738278
645,longdress,static_B_2020.02.27_18.39.27.csv,3029,146.1269,47.52,18.50,0.6939,0.761584
646,loot,driving_B_2020.01.16_09.56.56.csv,348,92.1267,0.00,-64.83,0.6934,0.766646
647,redandblack,driving_B_2020.02.14_12.58.17.csv,51,47.4624,0.00,-228.78,0.6929,0.684645
648,soldier,static_B_2020.02.27_18.39.27.csv,5069,224.0928,100.00,66.56,0.6925,0.730399
649,longdress,static_B_2019.12.16_13.40.04.csv,1781,138.4765,43.41,21.11,0.6920,0.759747
650,loot,driving_B_2020.02.13_15.02.01.csv,312,193.5832,50.00,54.46,0.6915,0.693227
651,redandblack,static_B_2020.02.27_18.39.27.csv,5489,215.3736,100.00,65.87,0.6910,0.746554
652,soldier,driving_B_2020.01.16_09.56.56.csv,528,145.9473,36.90,26.00,0.6906,0.712702
653,longdress,static_B_2020.02.27_18.39.27.csv,2549,202.3726,100.00,53.79,0.6901,0.789222
654,loot,static_B_2020.02.27_18.39.27.csv,3689,168.1401,20.00,45.27,0.6896,0.675630
655,redandblack,driving_B_2020.01.16_07.26.43.csv,661,78.2092,0.00,-41.83,0.6891,0.722718
656,soldier,static_B_2020.02.27_18.39.27.csv,1229,204.0194,66.02,54.10,0.6887,0.690203
657,longdress,static_B_2020.02.27_18.39.27.csv,149,220.1911,100.00,63.87,0.6882,0.741027
658,loot,static_B_2020.02.14_13.21.26.csv,556,130.8769,6.00,31.12,0.6877,0.719877
659,redandblack,static_B_2020.02.27_18.39.27.csv,569,100.4773,22.00,-17.09,0.6872,0.675929
660,soldier,static_B_2020.02.27_18.39.27.csv,4949,209.5783,86.11,59.54,0.6868,0.698435
661,longdress,driving_B_2020.02.13_15.02.01.csv,2412,-22.4091,0.00,-291.47,0.6863,0.712252
662,loot,driving_B_2020.01.16_07.26.43.csv,1081,192.8018,82.52,49.00,0.6858,0.730034
663,redandblack,driving_B_2020.02.13_13.03.24.csv,221,87.7674,0.00,-15.17,0.6853,0.705023
664,soldier,driving_B_2020.02.13_13.03.24.csv,2188,-74.1876,0.00,-207.52,0.6849,0.784815
665,longdress,driving_B_2020.02.13_15.02.01.csv,2754,45.4267,0.00,-67.09,0.6844,0.742687
666,loot,driving_B_2020.02.14_12.58.17.csv,771,22.5103,0.00,-77.28,0.6839,0.747528
667,redandblack,static_B_2020.02.27_18.39.27.csv,89,174.4548,26.00,50.55,0.6834,0.794715
668,soldier,driving_B_2020.02.14_09.38.22.csv,1176,-7.1466,0.00,-183.19,0.6830,0.706508
669,longdress,driving_B_2020.02.27_17.30.15.csv,247,-57.9831,0.00,-359.08,0.6825,0.770978
670,loot,driving_B_2019.12.17_07.32.39.csv,1108,187.3049,81.49,46.65,0.6820,0.757814
671,redandblack,static_B_2019.12.16_13.40.04.csv,101,196.3205,84.33,55.67,0.6815,0.734831
672,soldier,static_B_2020.02.27_18.39.27.csv,3329,210.1171,82.76,57.48,0.6811,0.731591
673,longdress,static_B_2020.02.27_18.39.27.csv,1769,166.6782,74.90,40.02,0.6806,0.670683
674,loot,driving_B_2020.02.14_09.38.22.csv,936,154.7379,18.00,41.48,0.6801,0.634232
675,redandblack,static_B_2020.02.27_18.39.27.csv,2429,201.2995,48.00,58.81,0.6796,0.735226
676,soldier,static_B_2020.02.27_18.39.27.csv,869,178.9806,63.85,42.45,0.6792,0.699592
677,longdress,static_B_2020.02.27_18.39.27.csv,389,193.2085,84.50,51.00,0.6787,0.729111
678,loot,static_B_2020.02.27_18.39.27.csv,2189,200.9253,100.00,57.11,0.6782,0.676196
679,redandblack,driving_B_2019.12.16_12.27.05.csv,1087,200.1510,100.00,52.71,0.6777,0.775203
680,soldier,static_B_2019.12.16_13.40.04.csv,821,206.6732,100.00,56.95,0.6773,0.678070
681,longdress,driving_B_2019.12.17_07.32.39.csv,2188,67.0486,0.00,-23.03,0.6768,0.714709
682,loot,driving_B_2020.02.13_13.03.24.csv,1661,140.1158,0.00,-32.03,0.6763,0.756187
683,redandblack,driving_B_2019.12.17_07.32.39.csv,1708,52.6294,0.00,-35.36,0.6758,0.619636
684,soldier,static_B_2020.02.14_13.21.26.csv,136,173.8454,64.00,44.26,0.6754,0.771508
685,longdress,driving_B_2019.12.16_12.27.05.csv,487,-48.5447,0.00,-302.84,0.6749,0.734556
686,loot,driving_B_2020.01.16_07.26.43.csv,361,41.0273,0.00,-89.70,0.6744,0.732142
687,redandblack,driving_B_2020.02.13_13.03.24.csv,41,93.8094,0.00,-21.84,0.6739,0.777481
688,soldier,driving_B_2020.02.13_13.03.24.csv,1901,-48.5099,0.00,-506.37,0.6735,0.739216
689,longdress,static_B_2020.02.27_18.39.27.csv,5729,173.5552,76.45,43.47,0.6730,0.764863
690,loot,driving_B_2019.12.17_07.32.39.csv,328,129.0797,0.00,3.29,0.6725,0.709733
691,redandblack,driving_B_2020.01.16_09.56.56.csv,1308,210.9768,100.00,60.80,0.6720,0.699055
692,soldier,driving_B_2019.12.17_07.32.39.csv,1288,126.6665,34.85,16.82,0.6716,0.699251
693,longdress,driving_B_2019.12.17_07.32.39.csv,1648,126.7500,5.99,13.38,0.6711,0.751239
694,loot,driving_B_2020.01.16_07.26.43.csv,961,75.6492,0.00,-44.52,0.6706,0.688411
695,redandblack,driving_B_2020.01.16_07.26.43.csv,1681,79.0070,0.00,-19.67,0.6701,0.709621
696,soldier,static_B_2019.12.16_13.40.04.csv,1301,201.9176,61.61,49.69,0.6697,0.693363
697,longdress,driving_B_2020.01.16_09.56.56.csv,1428,216.1877,100.00,60.99,0.6692,0.655135
698,loot,driving_B_2020.02.13_13.03.24.csv,1541,87.4206,0.00,-26.49,0.6687,0.792911
699,redandblack,driving_B_2019.12.16_12.27.05.csv,907,157.7115,61.93,33.86,0.6682,0.726112
700,soldier,driving_B_2020.01.16_12.10.03.csv,44,163.8123,68.08,40.64,0.6678,0.666480
701,longdress,driving_B_2020.02.27_17.30.15.csv,720,-12.2674,0.00,-283.75,0.6673,0.742262
702,loot,static_B_2019.12.16_13.40.04.csv,1421,218.6571,100.00,59.04,0.6668,0.739669
703,redandblack,driving_B_2019.12.17_07.32.39.csv,1828,65.5224,0.00,-81.99,0.6664,0.717005
704,soldier,static_B_2019.12.16_13.40.04.csv,1661,161.4451,29.50,32.60,0.6659,0.651965
705,longdress,static_B_2020.02.27_18.39.27.csv,3809,158.1970,38.11,26.62,0.6654,0.659906
706,loot,static_B_2019.12.16_13.40.04.csv,1001,184.1253,85.32,46.68,0.6649,0.707922
707,redandblack,driving_B_2020.02.13_15.02.01.csv,792,121.1577,46.04,12.64,0.6645,0.662401
708,soldier,driving_B_2020.02.13_15.02.01.csv,2052,60.2286,0.00,-165.53,0.6640,0.778002
709,longdress,driving_B_2020.02.27_17.30.15.csv,720,-27.7097,0.00,-460.94,0.6635,0.739522
710,loot,driving_B_2020.02.13_13.03.24.csv,2188,-6.8352,0.00,-158.92,0.6630,0.760005
711,redandblack,static_B_2020.02.27_18.39.27.csv,2309,198.5522,100.00,56.53,0.6626,0.690325
712,soldier,driving_B_2020.01.16_09.56.56.csv,108,47.1541,0.00,-153.79,0.6621,0.718732
713,longdress,static_B_2020.02.14_13.21.26.csv,676,170.5673,44.00,46.22,0.6616,0.931356
714,loot,driving_B_2020.01.16_07.26.43.csv,1021,112.2350,0.00,-8.84,0.6611,0.859742
715,redandblack,static_B_2019.12.16_13.40.04.csv,1181,106.0852,0.00,-143.19,0.6607,0.815546
716,soldier,driving_B_2020.02.13_15.02.01.csv,1992,151.6475,55.51,30.21,0.6602,0.824414
717,longdress,driving_B_2020.02.13_15.02.01.csv,2532,71.3873,0.00,-27.89,0.6597,0.688306
718,loot,driving_B_2020.01.16_09.56.56.csv,828,46.9140,0.00,-46.58,0.6592,0.860514
719,redandblack,static_B_2020.02.14_13.21.26.csv,256,189.6898,86.18,53.05,0.6588,0.813680
720,soldier,static_B_2020.02.27_18.39.27.csv,5549,171.3653,46.00,47.63,0.6583,0.808582
721,longdress,driving_B_2020.02.14_09.38.22.csv,1478,88.0779,0.00,-42.31,0.6578,0.832502
722,loot,static_B_2020.02.27_18.39.27.csv,929,214.6228,100.00,62.45,0.6573,0.795311
723,redandblack,driving_B_2020.02.14_09.38.22.csv,1236,71.2775,0.00,-18.19,0.6569,0.806218
724,soldier,driving_B_2019.12.16_12.27.05.csv,1152,63.9985,0.00,-15.22,0.6564,0.732406
725,longdress,static_B_2020.02.27_18.39.27.csv,4229,200.7934,62.00,58.82,0.6559,0.751777
726,loot,driving_B_2020.02.13_15.02.01.csv,2292,34.9796,0.00,-84.02,0.6554,0.743013
727,redandblack,driving_B_2020.02.13_13.03.24.csv,881,43.7580,0.00,-87.70,0.6550,0.813881
728,soldier,driving_B_2020.02.13_13.03.24.csv,1181,46.1568,0.00,-65.53,0.6545,0.813404
729,longdress,static_B_2020.02.27_18.39.27.csv,5669,187.4850,100.00,51.19,0.6540,0.782212
730,loot,driving_B_2020.01.16_09.56.56.csv,768,182.3969,100.00,49.01,0.6535,0.782271
731,redandblack,driving_B_2020.02.13_13.03.24.csv,521,115.3878,1.09,-6.64,0.6531,0.825555
732,soldier,driving_B_2020.01.16_09.56.56.csv,1488,156.6209,38.26,28.16,0.6526,0.813088
733,longdress,driving_B_2020.02.13_15.02.01.csv,1932,144.2486,59.96,27.69,0.6521,0.792845
734,loot,driving_B_2020.02.14_09.38.22.csv,636,112.7933,0.00,26.87,0.6516,0.771693
735,redandblack,driving_B_2020.02.13_15.02.01.csv,2232,213.6927,100.00,59.79,0.6512,0.778929
736,soldier,static_B_2019.12.16_13.40.04.csv,41,136.2805,18.31,24.96,0.6507,0.760335
737,longdress,driving_B_2020.01.16_09.56.56.csv,48,67.0048,0.00,-37.98,0.6502,0.758119
738,loot,driving_B_2020.02.14_09.38.22.csv,36,121.9755,2.96,0.35,0.6497,0.738211
739,redandblack,static_B_2019.12.16_13.40.04.csv,281,181.3279,100.00,42.53,0.6493,0.778898
740,soldier,driving_B_2019.12.16_12.27.05.csv,427,0.6910,0.00,-178.15,0.6488,0.765058
741,longdress,driving_B_2020.02.13_15.02.01.csv,852,75.6903,0.00,-17.61,0.6483,0.791333
742,loot,driving_B_2020.02.13_13.03.24.csv,1721,228.7377,100.00,63.25,0.6478,0.729439
743,redandblack,static_B_2020.02.27_18.39.27.csv,1709,182.2591,66.35,45.90,0.6474,0.811856
744,soldier,driving_B_2020.01.16_12.10.03.csv,244,206.5079,100.00,56.51,0.6469,0.803875
745,longdress,driving_B_2020.02.13_13.03.24.csv,1781,26.0554,0.00,-1068.48,0.6464,0.771113
746,loot,driving_B_2020.02.13_13.03.24.csv,1481,207.6514,100.00,57.31,0.6459,0.781832
747,redandblack,driving_B_2020.01.16_07.26.43.csv,121,94.6363,0.00,-21.05,0.6455,0.810631
748,soldier,static_B_2020.02.27_18.39.27.csv,1289,159.0538,80.23,38.67,0.6450,0.798868
749,longdress,static_B_2020.02.27_18.39.27.csv,1529,185.2332,77.07,41.86,0.6445,0.833162
750,loot,static_B_2020.02.27_18.39.27.csv,749,151.9346,18.00,40.00,0.6440,0.864584
751,redandblack,static_B_2020.02.27_18.39.27.csv,509,197.4791,80.88,51.37,0.6436,0.717177
752,soldier,driving_B_2020.02.13_15.02.01.csv,192,180.5724,66.00,49.24,0.6431,0.768803
753,longdress,static_B_2019.12.16_13.40.04.csv,1904,127.3450,40.00,9.81,0.6426,0.821498
754,loot,static_B_2019.12.16_13.40.04.csv,1841,213.1187,100.00,60.44,0.6421,0.763328
755,redandblack,driving_B_2020.02.14_12.58.17.csv,531,49.8642,0.00,-26.94,0.6417,0.838993
756,soldier,driving_B_2019.12.17_07.32.39.csv,1528,71.5500,0.00,-14.88,0.6412,0.814431
757,longdress,static_B_2019.12.16_13.40.04.csv,1541,201.6493,100.00,54.06,0.6407,0.746316
758,loot,static_B_2019.12.16_13.40.04.csv,1061,188.9114,57.62,51.18,0.6402,0.839442
759,redandblack,static_B_2020.02.27_18.39.27.csv,4589,170.8497,48.17,40.22,0.6398,0.824479
760,soldier,static_B_2020.02.27_18.39.27.csv,29,171.8734,66.00,44.28,0.6393,0.751913
761,longdress,driving_B_2019.12.17_07.32.39.csv,2068,186.5779,75.66,46.38,0.6388,0.782183
762,loot,static_B_2020.02.27_18.39.27.csv,4289,203.1042,100.00,60.69,0.6383,0.786914
763,redandblack,driving_B_2020.02.13_15.02.01.csv,1872,92.4794,0.00,-19.41,0.6379,0.799100
764,soldier,driving_B_2020.02.13_15.02.01.csv,1152,146.0917,7.40,15.89,0.6374,0.833271
765,longdress,driving_B_2020.02.13_15.02.01.csv,2112,152.1841,26.53,26.87,0.6369,0.842220
766,loot,driving_B_2020.01.16_09.56.56.csv,588,185.5518,78.00,49.63,0.6364,0.811759
767,redandblack,static_B_2020.02.27_18.39.27.csv,1469,175.6899,84.20,43.55,0.6360,0.789910
768,soldier,static_B_2019.12.16_13.40.04.csv,941,121.1661,21.07,13.15,0.6355,0.806158
769,longdress,static_B_2020.02.27_18.39.27.csv,5742,202.0749,79.26,55.96,0.6350,0.813505
770,loot,driving_B_2020.02.13_15.02.01.csv,1332,-9.5509,0.00,-190.09,0.6346,0.778493
771,redandblack,static_B_2020.02.27_18.39.27.csv,449,229.8175,100.00,68.27,0.6341,0.761749
772,soldier,static_B_2019.12.16_13.40.04.csv,761,182.9826,74.00,53.08,0.6336,0.862968
773,longdress,driving_B_2020.02.14_09.38.22.csv,696,185.2560,64.69,42.73,0.6331,0.854546
774,loot,driving_B_2020.01.16_09.56.56.csv,1188,172.6510,100.00,44.04,0.6327,0.765750
775,redandblack,static_B_2020.02.27_18.39.27.csv,269,172.2523,72.00,45.91,0.6322,0.762418
776,soldier,driving_B_2020.01.16_07.26.43.csv,421,4.4375,0.00,-176.23,0.6317,0.737122
777,longdress,static_B_2020.02.14_13.21.26.csv,16,149.6894,17.62,17.43,0.6312,0.789612
778,loot,driving_B_2020.02.14_09.38.22.csv,216,34.4335,0.00,-62.19,0.6308,0.786416
779,redandblack,static_B_2020.02.27_18.39.27.csv,4769,176.5010,26.00,50.10,0.6303,0.757575
780,soldier,driving_B_2019.12.17_07.32.39.csv,2128,52.2583,0.00,-119.47,0.6298,0.779837
781,longdress,driving_B_2020.01.16_09.56.56.csv,648,118.4707,0.00,5.52,0.6293,0.815373
782,loot,driving_B_2020.02.14_12.58.17.csv,471,-29.7225,0.00,-176.27,0.6289,0.790359
783,redandblack,driving_B_2019.12.16_12.27.05.csv,967,193.0075,73.39,53.21,0.6284,0.797399
784,soldier,driving_B_2020.01.16_09.56.56.csv,1068,50.2641,0.00,-54.83,0.6279,0.764964
785,longdress,driving_B_2020.02.14_09.38.22.csv,156,4.6968,0.00,-208.34,0.6274,0.791774
786,loot,driving_B_2020.02.13_15.02.01.csv,2652,186.5423,83.66,47.82,0.6270,0.774889
787,redandblack,driving_B_2020.01.16_12.10.03.csv,244,218.1342,100.00,62.98,0.6265,0.797397
788,soldier,static_B_2019.12.16_13.40.04.csv,1721,181.2242,76.48,47.46,0.6260,0.716606
789,longdress,driving_B_2019.12.16_12.27.05.csv,307,72.5376,0.00,-90.85,0.6255,0.761109
790,loot,driving_B_2019.12.17_07.32.39.csv,208,165.7051,41.39,32.36,0.6251,0.800664
791,redandblack,driving_B_2020.01.16_07.26.43.csv,1321,176.7265,57.27,36.91,0.6246,0.832885
792,soldier,driving_B_2020.01.16_07.26.43.csv,1,59.0703,0.00,-44.59,0.6241,1.053774
793,longdress,driving_B_2019.12.16_12.27.05.csv,67,88.0904,0.00,-12.35,0.6236,0.899790
794,loot,driving_B_2020.01.16_07.26.43.csv,1141,175.4110,82.46,44.21,0.6232,0.892257
795,redandblack,driving_B_2020.02.14_09.38.22.csv,456,116.2185,2.21,2.69,0.6227,0.957759
796,soldier,static_B_2020.02.27_18.39.27.csv,629,183.4295,46.00,49.88,0.6222,0.851660
797,longdress,driving_B_2020.02.13_15.02.01.csv,252,216.7155,100.00,63.16,0.6217,0.822600
798,loot,static_B_2020.02.27_18.39.27.csv,3149,9.7891,0.00,-373.43,0.6213,0.847814
799,redandblack,driving_B_2020.02.13_13.03.24.csv,1061,54.8322,0.00,-42.01,0.6208,0.880280
800,soldier,driving_B_2019.12.17_07.32.39.csv,868,80.5182,0.00,-17.01,0.6203,0.888462
801,longdress,driving_B_2020.01.16_07.26.43.csv,1201,21.6434,0.00,-82.84,0.6198,0.902963
802,loot,driving_B_2019.12.17_07.32.39.csv,268,80.5202,0.00,-12.17,0.6194,0.840222
803,redandblack,driving_B_2020.01.16_09.56.56.csv,888,109.2867,0.00,-1.98,0.6189,0.894453
804,soldier,driving_B_2020.02.27_17.30.15.csv,547,7.8033,0.00,-144.04,0.6184,0.836724
805,longdress,static_B_2020.02.27_18.39.27.csv,1829,99.8387,62.85,-18.53,0.6179,0.912146
806,loot,driving_B_2020.02.14_09.38.22.csv,996,120.1362,0.00,-2.98,0.6175,0.843664
807,redandblack,driving_B_2020.02.13_15.02.01.csv,1512,49.6373,0.00,-47.12,0.6170,0.891039
808,soldier,static_B_2020.02.14_13.21.26.csv,850,151.7509,53.27,28.15,0.6165,0.895008
809,longdress,static_B_2019.12.16_13.40.04.csv,701,229.6156,100.00,68.03,0.6160,0.834973
810,loot,static_B_2019.12.16_13.40.04.csv,1904,130.4075,0.00,13.88,0.6156,0.806114
811,redandblack,driving_B_2019.12.17_07.32.39.csv,1168,113.1547,0.00,-27.57,0.6151,0.906135
812,soldier,static_B_2020.02.27_18.39.27.csv,1409,223.7740,100.00,64.01,0.6146,0.898675
813,longdress,driving_B_2019.12.17_07.32.39.csv,2288,187.3649,86.60,51.25,0.6141,0.914272
814,loot,driving_B_2019.12.17_07.32.39.csv,1768,72.0453,0.00,-50.69,0.6137,0.936879
815,redandblack,static_B_2020.02.14_13.21.26.csv,796,199.7670,86.27,54.33,0.6132,0.862436
816,soldier,driving_B_2019.12.16_12.27.05.csv,727,166.7852,48.17,28.87,0.6127,0.783055
817,longdress,driving_B_2019.12.16_12.27.05.csv,187,71.4429,0.00,-38.33,0.6122,0.809055
818,loot,driving_B_2020.02.14_09.38.22.csv,756,111.6640,0.33,2.35,0.6118,0.851883
819,redandblack,driving_B_2020.01.16_07.26.43.csv,301,167.8456,16.67,25.75,0.6113,0.873178
820,soldier,driving_B_2020.02.13_15.02.01.csv,972,83.9174,0.00,-91.80,0.6108,0.964888
821,longdress,static_B_2019.12.16_13.40.04.csv,521,213.6372,100.00,48.43,0.6103,0.901497
822,loot,static_B_2019.12.16_13.40.04.csv,161,205.9823,48.00,60.95,0.6099,0.908559
823,redandblack,driving_B_2020.01.16_12.10.03.csv,104,188.9786,44.00,54.46,0.6094,0.859026
824,soldier,driving_B_2020.02.13_13.03.24.csv,821,20.5975,0.00,-122.38,0.6089,0.973761
825,longdress,driving_B_2020.02.13_13.03.24.csv,761,34.7525,0.00,-170.38,0.6084,0.925688
826,loot,driving_B_2020.01.16_12.10.03.csv,164,174.4072,0.00,50.35,0.6080,0.888666
827,redandblack,driving_B_2020.01.16_12.10.03.csv,224,221.3525,100.00,66.22,0.6075,0.878203
828,soldier,static_B_2020.02.27_18.39.27.csv,5369,226.2687,100.00,65.87,0.6070,0.830133
829,longdress,driving_B_2019.12.17_07.32.39.csv,1408,76.7821,57.59,-20.27,0.6065,0.883016
830,loot,driving_B_2020.02.14_12.58.17.csv,111,123.1937,47.69,3.43,0.6061,0.954020
831,redandblack,static_B_2020.02.27_18.39.27.csv,3749,197.0868,78.00,56.18,0.6056,0.930122
832,soldier,static_B_2020.02.14_13.21.26.csv,316,229.6170,85.55,67.32,0.6051,0.846255
833,longdress,driving_B_2019.12.17_07.32.39.csv,1228,174.9486,92.00,48.44,0.6046,0.939130
834,loot,static_B_2020.02.14_13.21.26.csv,436,222.8627,100.00,65.62,0.6042,0.815649
835,redandblack,driving_B_2019.12.16_12.27.05.csv,66,135.5578,79.82,27.24,0.6037,0.877202
836,soldier,driving_B_2020.02.14_09.38.22.csv,184,5.8849,0.00,-225.83,0.6032,0.830947
837,longdress,driving_B_2019.12.17_07.32.39.csv,690,76.3328,0.00,-45.79,0.6028,0.949887
838,loot,driving_B_2020.02.13_13.03.24.csv,341,74.4301,0.00,-44.62,0.6023,0.891873
839,redandblack,driving_B_2020.02.14_09.38.22.csv,1444,73.4554,0.00,-18.24,0.6018,0.892528
840,soldier,static_B_2020.02.27_18.39.27.csv,3194,142.3476,72.14,0.31,0.6013,0.903404
841,longdress,static_B_2019.12.16_13.40.04.csv,1478,153.1761,82.00,38.58,0.6009,0.888743
842,loot,driving_B_2020.02.14_09.38.22.csv,964,205.6103,96.00,56.42,0.6004,0.831781
843,redandblack,static_B_2019.12.16_13.40.04.csv,1418,180.3001,81.75,39.02,0.5999,0.825219
844,soldier,driving_B_2020.02.13_15.02.01.csv,166,195.6033,100.00,54.21,0.5994,0.924993
845,longdress,driving_B_2020.02.13_15.02.01.csv,406,174.5602,58.00,47.39,0.5990,0.811760
846,loot,driving_B_2020.02.14_12.58.17.csv,394,32.0433,0.00,-146.74,0.5985,0.936948
847,redandblack,driving_B_2020.02.14_09.38.22.csv,844,154.1463,24.00,36.64,0.5980,0.910107
848,soldier,driving_B_2020.02.13_15.02.01.csv,2626,231.7174,100.00,66.66,0.5975,0.783390
849,longdress,driving_B_2020.01.16_09.56.56.csv,192,153.9706,59.02,31.09,0.5971,0.862521
850,loot,driving_B_2020.02.27_17.30.15.csv,329,26.9366,0.00,-96.97,0.5966,0.857823
851,redandblack,driving_B_2019.12.17_07.32.39.csv,1290,139.1077,48.48,26.21,0.5961,0.906681
852,soldier,driving_B_2020.02.13_13.03.24.csv,1781,-15.3972,0.00,-1171.62,0.5956,0.891653
853,longdress,static_B_2020.02.14_13.21.26.csv,850,153.5436,40.53,33.08,0.5952,0.920973
854,loot,driving_B_2019.12.17_07.32.39.csv,2190,118.9192,9.68,3.75,0.5947,0.877321
855,redandblack,driving_B_2019.12.17_07.32.39.csv,750,123.3887,34.93,9.81,0.5942,0.891394
856,soldier,static_B_2019.12.16_13.40.04.csv,1238,202.1080,47.00,37.52,0.5937,0.891142
857,longdress,driving_B_2020.02.13_13.03.24.csv,101,37.6113,0.00,-69.45,0.5933,0.925919
858,loot,driving_B_2019.12.17_07.32.39.csv,150,142.2520,18.24,6.68,0.5928,0.840662
859,redandblack,static_B_2020.02.27_18.39.27.csv,5654,207.8806,100.00,56.74,0.5923,0.856212
860,soldier,static_B_2020.02.27_18.39.27.csv,5414,197.3471,87.20,53.51,0.5918,0.857450
861,longdress,driving_B_2020.01.16_07.26.43.csv,1199,60.1352,0.00,-64.42,0.5914,0.938826
862,loot,static_B_2020.02.27_18.39.27.csv,2234,198.2270,100.00,54.12,0.5909,0.942720
863,redandblack,driving_B_2019.12.16_12.27.05.csv,846,179.1065,71.35,44.57,0.5904,0.838679
864,soldier,driving_B_2020.02.13_15.02.01.csv,1126,71.9251,0.00,-39.24,0.5899,0.911546
865,longdress,driving_B_2020.02.13_15.02.01.csv,586,186.3339,27.25,35.70,0.5895,0.909906
866,loot,static_B_2020.02.27_18.39.27.csv,3014,168.4711,49.41,32.11,0.5890,0.903041
867,redandblack,driving_B_2020.02.27_17.30.15.csv,149,7.9742,0.00,-132.51,0.5885,0.928495
868,soldier,driving_B_2020.02.14_12.58.17.csv,800,7.7173,0.00,-205.64,0.5880,0.957506
869,longdress,driving_B_2020.02.13_13.03.24.csv,1901,-20.6718,0.00,-571.72,0.5876,0.914972
870,loot,driving_B_2020.01.16_09.56.56.csv,1570,165.4891,67.41,38.78,0.5871,0.933578
871,redandblack,static_B_2020.02.27_18.39.27.csv,3914,157.1255,34.00,43.45,0.5866,1.112276
872,soldier,static_B_2020.02.27_18.39.27.csv,4094,228.5236,86.00,67.94,0.5861,1.032448
873,longdress,driving_B_2020.02.13_15.02.01.csv,2146,161.9268,20.00,44.26,0.5857,0.878850
874,loot,driving_B_2020.02.27_17.30.15.csv,720,9.7881,0.00,-163.95,0.5852,0.924280
875,redandblack,static_B_2020.02.14_13.21.26.csv,405,228.9073,100.00,67.57,0.5847,1.036945
876,soldier,static_B_2020.02.27_18.39.27.csv,3674,235.6219,100.00,69.00,0.5842,0.986689
877,longdress,driving_B_2020.02.13_15.02.01.csv,526,138.0992,41.80,22.62,0.5838,0.990711
878,loot,driving_B_2020.02.27_17.30.15.csv,509,1.7847,0.00,-136.60,0.5833,0.986917
879,redandblack,static_B_2020.02.27_18.39.27.csv,2474,174.8976,100.00,46.70,0.5828,0.988119
880,soldier,driving_B_2020.02.13_15.02.01.csv,1726,155.9101,44.79,23.24,0.5823,0.912844
881,longdress,static_B_2020.02.27_18.39.27.csv,1094,155.1144,28.57,20.29,0.5819,1.002524
882,loot,driving_B_2019.12.17_07.32.39.csv,1050,142.9849,54.30,25.63,0.5814,0.822017
883,redandblack,static_B_2020.02.27_18.39.27.csv,854,184.6498,84.05,51.25,0.5809,1.007179
884,soldier,static_B_2019.12.16_13.40.04.csv,98,204.3434,100.00,55.69,0.5804,0.940203
885,longdress,static_B_2020.02.27_18.39.27.csv,4514,89.3248,16.34,-8.94,0.5800,0.979098
886,loot,static_B_2020.02.27_18.39.27.csv,5054,199.7942,87.36,54.87,0.5795,0.968476
887,redandblack,static_B_2020.02.27_18.39.27.csv,4154,168.3114,49.34,35.87,0.5790,0.938419
888,soldier,driving_B_2019.12.16_12.27.05.csv,546,30.8312,0.00,-124.39,0.5785,0.925401
889,longdress,driving_B_2020.01.16_07.26.43.csv,1770,41.5031,0.00,-103.01,0.5781,0.983860
890,loot,driving_B_2020.01.16_07.26.43.csv,1679,86.8758,0.00,-23.88,0.5776,0.988887
891,redandblack,driving_B_2020.01.16_07.26.43.csv,599,103.7072,0.00,-5.21,0.5771,0.896784
892,soldier,driving_B_2019.12.16_12.27.05.csv,1146,116.1933,3.31,10.70,0.5766,0.941773
893,longdress,static_B_2020.02.27_18.39.27.csv,14,137.4141,54.05,25.48,0.5762,0.884585
894,loot,static_B_2020.02.14_13.21.26.csv,765,187.1643,22.00,53.08,0.5757,1.007581
895,redandblack,static_B_2020.02.14_13.21.26.csv,645,153.1053,34.00,40.32,0.5752,0.953872
896,soldier,static_B_2020.02.27_18.39.27.csv,3134,41.5547,0.00,-460.55,0.5747,1.019666
897,longdress,driving_B_2020.02.13_15.02.01.csv,2686,64.7995,0.00,-53.70,0.5743,0.970409
898,loot,driving_B_2019.12.17_07.32.39.csv,2010,158.0790,79.28,36.46,0.5738,0.909614
899,redandblack,driving_B_2020.02.14_12.58.17.csv,214,-75.5366,0.00,-597.24,0.5733,0.997024
900,soldier,driving_B_2019.12.17_07.32.39.csv,870,88.2034,0.00,-7.63,0.5728,0.935256
901,longdress,driving_B_2019.12.17_07.32.39.csv,510,70.2903,0.00,-52.14,0.5724,0.958646
902,loot,driving_B_2020.01.16_07.26.43.csv,59,102.2755,0.00,-1.91,0.5719,1.004476
903,redandblack,driving_B_2020.02.13_15.02.01.csv,466,164.3439,88.21,38.61,0.5714,1.005041
904,soldier,driving_B_2020.02.13_13.03.24.csv,1421,97.8574,0.00,-12.73,0.5710,0.892081
905,longdress,static_B_2020.02.27_18.39.27.csv,1274,229.1189,100.00,65.68,0.5705,0.916680
906,loot,static_B_2020.02.27_18.39.27.csv,3974,156.5269,14.00,41.67,0.5700,0.921064
907,redandblack,driving_B_2020.02.13_15.02.01.csv,1666,57.5171,0.00,-88.93,0.5695,1.020197
908,soldier,driving_B_2020.02.13_13.03.24.csv,701,61.5503,0.00,-60.83,0.5691,0.957734
909,longdress,static_B_2019.12.16_13.40.04.csv,1298,180.3772,30.93,38.70,0.5686,0.857688
910,loot,driving_B_2020.02.14_09.38.22.csv,1324,175.2040,100.00,46.13,0.5681,0.920275
911,redandblack,static_B_2020.02.27_18.39.27.csv,4334,174.0756,82.91,44.03,0.5676,0.987964
912,soldier,driving_B_2020.01.16_07.26.43.csv,1499,53.9527,0.00,-66.39,0.5672,0.933244
913,longdress,driving_B_2019.12.17_07.32.39.csv,1950,113.7609,12.89,-10.71,0.5667,0.924051
914,loot,driving_B_2019.12.16_12.27.05.csv,1152,129.6028,0.00,-0.13,0.5662,0.972852
915,redandblack,driving_B_2020.01.16_07.26.43.csv,719,152.2872,3.95,16.12,0.5657,0.942700
916,soldier,driving_B_2020.02.14_12.58.17.csv,514,19.0684,0.00,-123.32,0.5653,0.954714
917,longdress,static_B_2020.02.27_18.39.27.csv,3794,174.7594,55.02,35.68,0.5648,0.977831
918,loot,static_B_2020.02.27_18.39.27.csv,614,190.0429,26.00,52.68,0.5643,1.037682
919,redandblack,static_B_2019.12.16_13.40.04.csv,638,166.1799,30.34,36.89,0.5638,0.909245
920,soldier,static_B_2019.12.16_13.40.04.csv,758,204.0566,80.00,58.12,0.5634,0.847905
921,longdress,driving_B_2020.02.13_15.02.01.csv,1246,119.5914,0.00,4.66,0.5629,0.893654
922,loot,driving_B_2020.02.13_13.03.24.csv,1961,12.4603,0.00,-189.45,0.5624,0.925383
923,redandblack,driving_B_2020.02.14_12.58.17.csv,800,86.0045,0.00,-36.78,0.5619,0.919557
924,soldier,static_B_2020.02.27_18.39.27.csv,5742,208.4690,73.73,55.62,0.5615,0.988185
925,longdress,driving_B_2020.01.16_12.10.03.csv,186,243.9613,100.00,73.12,0.5610,0.974232
926,loot,static_B_2020.02.27_18.39.27.csv,674,184.3498,18.00,51.48,0.5605,0.856624
927,redandblack,static_B_2020.02.27_18.39.27.csv,1154,138.3330,0.00,-0.38,0.5600,0.961072
928,soldier,driving_B_2020.02.14_09.38.22.csv,664,216.2814,86.47,60.84,0.5596,0.927250
929,longdress,static_B_2020.02.27_18.39.27.csv,1514,200.3917,71.26,52.45,0.5591,0.952390
930,loot,driving_B_2020.02.13_13.03.24.csv,161,51.7736,0.00,-47.63,0.5586,0.925287
931,redandblack,driving_B_2020.02.13_15.02.01.csv,2086,109.4669,0.00,-18.73,0.5581,0.935388
932,soldier,driving_B_2020.01.16_07.26.43.csv,899,60.3089,0.00,-17.55,0.5577,0.950202
933,longdress,static_B_2020.02.27_18.39.27.csv,1754,148.3492,41.01,30.56,0.5572,0.919045
934,loot,driving_B_2019.12.17_07.32.39.csv,1470,115.0099,0.00,-2.14,0.5567,0.969745
935,redandblack,static_B_2020.02.27_18.39.27.csv,5742,204.0833,71.22,55.12,0.5562,1.071497
936,soldier,driving_B_2019.12.16_12.27.05.csv,786,109.3230,0.00,-9.52,0.5558,0.987369
937,longdress,driving_B_2020.02.13_13.03.24.csv,1301,24.5918,0.00,-73.73,0.5553,0.984010
938,loot,driving_B_2019.12.16_12.27.05.csv,1086,189.0520,78.59,49.51,0.5548,0.958871
939,redandblack,driving_B_2020.02.27_17.30.15.csv,449,-71.8689,0.00,-258.60,0.5543,0.974312
940,soldier,driving_B_2020.01.16_09.56.56.csv,612,220.1598,100.00,60.90,0.5539,0.896339
941,longdress,driving_B_2020.02.13_15.02.01.csv,1186,197.8172,46.13,47.24,0.5534,0.894207
942,loot,driving_B_2020.02.13_13.03.24.csv,581,112.2713,0.00,-2.06,0.5529,0.944967
943,redandblack,driving_B_2020.02.13_13.03.24.csv,1061,79.9316,0.00,-20.11,0.5524,0.929554
944,soldier,driving_B_2019.12.16_12.27.05.csv,306,50.3748,0.00,-97.82,0.5520,0.830292
945,longdress,static_B_2019.12.16_13.40.04.csv,1358,164.0396,0.00,-38.38,0.5515,1.003079
946,loot,driving_B_2020.01.16_09.56.56.csv,1152,114.7142,0.00,-15.87,0.5510,0.972103
947,redandblack,static_B_2020.02.27_18.39.27.csv,1694,171.4561,69.46,39.90,0.5505,0.878078
948,soldier,static_B_2020.02.27_18.39.27.csv,74,173.4601,46.00,46.64,0.5501,0.948689
949,longdress,driving_B_2020.01.16_12.10.03.csv,244,238.0968,100.00,73.10,0.5496,0.952013
950,loot,driving_B_2020.02.27_17.30.15.csv,689,18.3273,0.00,-154.19,0.5491,1.298769
951,redandblack,driving_B_2020.01.16_07.26.43.csv,419,67.3256,0.00,-37.49,0.5486,1.055608
952,soldier,driving_B_2019.12.16_12.27.05.csv,606,-6.9569,0.00,-346.10,0.5482,1.085345
953,longdress,driving_B_2020.02.13_15.02.01.csv,46,199.7378,100.00,55.96,0.5477,1.057214
954,loot,static_B_2020.02.27_18.39.27.csv,2294,226.7642,100.00,68.25,0.5472,1.067470
955,redandblack,driving_B_2020.02.13_15.02.01.csv,2754,81.9288,0.00,-34.96,0.5467,1.031331
956,soldier,driving_B_2019.12.16_12.27.05.csv,486,-7.9539,0.00,-275.52,0.5463,0.958794
957,longdress,driving_B_2020.02.14_12.58.17.csv,694,31.1848,0.00,-115.42,0.5458,1.020007
958,loot,static_B_2020.02.27_18.39.27.csv,3734,192.1176,83.44,53.58,0.5453,0.994438
959,redandblack,driving_B_2020.01.16_07.26.43.csv,179,89.9268,0.00,-130.89,0.5448,0.967951
960,soldier,static_B_2020.02.14_13.21.26.csv,225,177.8412,52.00,47.41,0.5444,1.053837
961,longdress,static_B_2020.02.27_18.39.27.csv,1394,207.5245,100.00,58.52,0.5439,1.143257
962,loot,driving_B_2020.01.16_07.26.43.csv,1139,184.7706,65.59,41.92,0.5434,1.048992
963,redandblack,static_B_2020.02.27_18.39.27.csv,4274,216.5422,100.00,63.62,0.5429,1.023685
964,soldier,static_B_2020.02.27_18.39.27.csv,5534,252.7281,100.00,77.02,0.5425,0.959212
965,longdress,driving_B_2020.02.14_12.58.17.csv,334,-43.4436,0.00,-466.32,0.5420,1.051852
966,loot,driving_B_2020.01.16_12.10.03.csv,244,221.4904,84.00,65.93,0.5415,1.036602
967,redandblack,driving_B_2020.01.16_09.56.56.csv,1032,83.4239,0.00,-57.90,0.5410,1.014440
968,soldier,static_B_2020.02.27_18.39.27.csv,2534,209.4102,84.31,60.37,0.5406,1.057245
969,longdress,driving_B_2020.02.13_13.03.24.csv,941,21.2429,0.00,-126.49,0.5401,1.010125
970,loot,static_B_2019.12.16_13.40.04.csv,1904,137.6586,0.00,15.62,0.5396,0.952688
971,redandblack,static_B_2020.02.27_18.39.27.csv,5174,179.6915,46.00,48.65,0.5392,0.972612
972,soldier,driving_B_2020.02.13_13.03.24.csv,1241,26.7281,0.00,-105.13,0.5387,1.110274
973,longdress,driving_B_2020.01.16_09.56.56.csv,1392,171.9521,56.10,33.31,0.5382,1.051333
974,loot,driving_B_2019.12.17_07.32.39.csv,1170,110.9525,0.00,-18.59,0.5377,1.013746
975,redandblack,driving_B_2020.01.16_09.56.56.csv,372,84.0119,0.00,-18.13,0.5373,1.133192
976,soldier,driving_B_2020.02.27_17.30.15.csv,389,28.9032,0.00,-109.59,0.5368,1.007794
977,longdress,static_B_2020.02.27_18.39.27.csv,3434,209.4186,100.00,60.45,0.5363,0.950556
978,loot,driving_B_2020.02.13_15.02.01.csv,1006,168.5937,37.18,27.70,0.5358,1.080013
979,redandblack,driving_B_2019.12.17_07.32.39.csv,2130,83.8363,0.00,-110.44,0.5354,1.082963
980,soldier,driving_B_2020.02.14_12.58.17.csv,574,55.4353,0.00,-38.59,0.5349,1.127974
981,longdress,driving_B_2020.02.13_13.03.24.csv,2021,23.6413,0.00,-122.90,0.5344,1.169932
982,loot,driving_B_2020.01.16_09.56.56.csv,1272,182.1046,77.38,43.45,0.5339,1.041520
983,redandblack,driving_B_2020.01.16_09.56.56.csv,12,158.2797,11.58,22.43,0.5335,1.079916
984,soldier,static_B_2020.02.14_13.21.26.csv,165,208.6140,48.00,60.93,0.5330,0.918820
985,longdress,driving_B_2020.02.14_12.58.17.csv,634,79.4574,0.00,-37.34,0.5325,1.101226
986,loot,static_B_2020.02.14_13.21.26.csv,705,197.7483,38.00,55.95,0.5320,0.994458
987,redandblack,static_B_2019.12.16_13.40.04.csv,878,201.2877,74.21,45.65,0.5316,1.000520
988,soldier,driving_B_2020.01.16_09.56.56.csv,252,137.7362,0.00,0.21,0.5311,0.948569
989,longdress,static_B_2020.02.27_18.39.27.csv,4454,116.2874,17.98,12.05,0.5306,0.999356
990,loot,static_B_2020.02.14_13.21.26.csv,345,194.5633,42.00,54.40,0.5301,1.019387
991,redandblack,static_B_2020.02.14_13.21.26.csv,585,215.8611,90.00,62.47,0.5297,1.032580
992,soldier,static_B_2020.02.27_18.39.27.csv,5714,203.8288,67.06,44.44,0.5292,1.117662
993,longdress,static_B_2020.02.27_18.39.27.csv,4754,216.4200,100.00,60.37,0.5287,1.151876
994,loot,driving_B_2020.02.14_12.58.17.csv,274,-80.6629,0.00,-461.27,0.5282,0.976159
995,redandblack,driving_B_2019.12.17_07.32.39.csv,2070,181.3651,80.98,47.27,0.5278,1.025317
996,soldier,driving_B_2020.02.14_09.38.22.csv,4,57.6493,0.00,-76.67,0.5273,0.990237
997,longdress,driving_B_2020.01.16_09.56.56.csv,1332,213.9275,100.00,62.37,0.5268,1.102580
998,loot,driving_B_2020.02.13_15.02.01.csv,226,178.6181,36.36,21.99,0.5263,1.093299
999,redandblack,driving_B_2020.02.13_13.03.24.csv,1181,69.3817,0.00,-26.10,0.5259,1.046732
1000,soldier,driving_B_2019.12.17_07.32.39.csv,30,149.0120,36.16,23.75,0.5254,1.050889
1001,longdress,driving_B_2020.01.16_07.26.43.csv,959,44.8592,0.00,-76.59,0.5249,1.018906
1002,loot,driving_B_2020.02.13_13.03.24.csv,1601,12.6466,0.00,-158.10,0.5244,1.019910
1003,redandblack,driving_B_2019.12.16_12.27.05.csv,246,158.2217,38.61,23.21,0.5240,0.950653
1004,soldier,driving_B_2020.02.13_15.02.01.csv,1786,242.1779,85.18,72.45,0.5235,1.062981
1005,longdress,driving_B_2020.01.16_12.10.03.csv,66,211.5163,75.38,56.00,0.5230,1.147508
1006,loot,static_B_2020.02.27_18.39.27.csv,2414,176.7697,36.00,39.21,0.5225,1.165096
1007,redandblack,driving_B_2020.01.16_07.26.43.csv,539,91.7685,0.00,-9.88,0.5221,1.010559
1008,soldier,driving_B_2020.01.16_07.26.43.csv,479,53.8287,0.00,-55.98,0.5216,1.009428
1009,longdress,static_B_2020.02.27_18.39.27.csv,3854,56.1793,0.00,-59.84,0.5211,1.051891
1010,loot,driving_B_2020.02.13_13.03.24.csv,641,71.9853,0.00,-36.14,0.5206,1.029862
1011,redandblack,driving_B_2020.02.13_13.03.24.csv,1001,70.9374,0.00,-36.09,0.5202,1.034173
1012,soldier,static_B_2019.12.16_13.40.04.csv,1838,151.1706,22.51,21.00,0.5197,1.003399
1013,longdress,static_B_2020.02.27_18.39.27.csv,4574,194.1681,56.17,49.87,0.5192,0.963984
1014,loot,static_B_2020.02.27_18.39.27.csv,5294,219.8528,100.00,63.79,0.5187,1.095123
1015,redandblack,static_B_2020.02.27_18.39.27.csv,5594,194.8822,44.00,55.45,0.5183,0.984955
1016,soldier,driving_B_2020.01.16_07.26.43.csv,1619,62.1407,0.00,-38.90,0.5178,0.982486
1017,longdress,static_B_2020.02.27_18.39.27.csv,2054,148.3642,38.44,22.05,0.5173,1.093963
1018,loot,static_B_2020.02.27_18.39.27.csv,5234,158.1717,57.51,33.08,0.5168,1.014735
1019,redandblack,driving_B_2020.02.27_17.30.15.csv,720,9.4046,0.00,-246.98,0.5164,1.134970
1020,soldier,driving_B_2019.12.16_12.27.05.csv,966,207.5321,83.19,55.51,0.5159,1.018485
1021,longdress,driving_B_2020.02.13_15.02.01.csv,2326,30.5435,0.00,-303.79,0.5154,1.107373
1022,loot,driving_B_2019.12.16_12.27.05.csv,726,159.8563,48.34,37.31,0.5149,1.049714
1023,redandblack,driving_B_2020.02.14_09.38.22.csv,1084,89.4846,0.00,-55.66,0.5145,1.017852
1024,soldier,driving_B_2020.02.13_15.02.01.csv,346,249.2724,83.91,75.87,0.5140,1.052391
1025,longdress,static_B_2020.02.27_18.39.27.csv,974,172.8957,63.34,41.21,0.5135,1.062805
1026,loot,static_B_2020.02.27_18.39.27.csv,554,165.8363,0.00,-244.77,0.5130,1.032903
1027,redandblack,driving_B_2020.02.13_15.02.01.csv,1966,241.0555,100.00,73.33,0.5126,0.940450
1028,soldier,driving_B_2020.01.16_07.26.43.csv,239,104.8222,0.00,-6.36,0.5121,1.090897
1029,longdress,static_B_2020.02.27_18.39.27.csv,254,213.4182,85.19,60.04,0.5116,1.230410
1030,loot,driving_B_2019.12.17_07.32.39.csv,2288,193.1105,100.00,52.64,0.5111,1.145241
1031,redandblack,driving_B_2020.02.13_15.02.01.csv,706,166.5932,70.29,31.52,0.5107,1.076701
1032,soldier,driving_B_2019.12.16_12.27.05.csv,126,99.4496,0.00,-11.21,0.5102,1.059741
1033,longdress,driving_B_2020.02.13_13.03.24.csv,1361,29.9684,0.00,-116.38,0.5097,1.066789
1034,loot,static_B_2020.02.27_18.39.27.csv,4634,120.8291,0.00,-34.36,0.5092,1.076695
1035,redandblack,driving_B_2019.12.17_07.32.39.csv,1890,196.9541,86.78,52.66,0.5088,1.086349
1036,soldier,driving_B_2020.01.16_09.56.56.csv,432,67.1191,0.00,-82.68,0.5083,1.122710
1037,longdress,driving_B_2020.01.16_07.26.43.csv,1439,43.2708,0.00,-127.71,0.5078,1.030066
1038,loot,static_B_2019.12.16_13.40.04.csv,518,188.9516,100.00,39.08,0.5074,1.087649
1039,redandblack,static_B_2019.12.16_13.40.04.csv,1658,151.7208,69.69,35.48,0.5069,1.090025
1040,soldier,driving_B_2020.02.14_12.58.17.csv,754,1.2309,0.00,-189.47,0.5064,1.208921
1041,longdress,driving_B_2020.02.13_13.03.24.csv,2141,-12.9685,0.00,-411.10,0.5059,1.084309
1042,loot,static_B_2020.02.27_18.39.27.csv,2654,211.6422,79.51,59.31,0.5055,1.148298
1043,redandblack,static_B_2020.02.27_18.39.27.csv,434,231.5299,81.43,66.84,0.5050,1.074024
1044,soldier,driving_B_2020.02.14_09.38.22.csv,1478,89.0147,0.00,-43.22,0.5045,1.108156
1045,longdress,driving_B_2020.02.13_13.03.24.csv,1541,23.2707,0.00,-107.72,0.5040,1.137129
1046,loot,driving_B_2020.02.14_09.38.22.csv,1384,92.4017,0.00,-16.55,0.5036,1.124807
1047,redandblack,static_B_2020.02.27_18.39.27.csv,2954,215.3759,100.00,62.56,0.5031,1.016861
1048,soldier,driving_B_2020.01.16_09.56.56.csv,132,67.7000,0.00,-49.76,0.5026,1.187708
1049,longdress,driving_B_2020.01.16_09.56.56.csv,972,110.0111,0.00,-22.80,0.5021,1.017188
1050,loot,driving_B_2020.02.14_09.38.22.csv,484,74.6422,0.00,-34.24,0.5017,1.030127
1051,redandblack,driving_B_2020.02.14_09.38.22.csv,304,57.2840,0.00,-77.08,0.5012,1.156153
1052,soldier,driving_B_2020.02.13_15.02.01.csv,1066,139.3867,15.59,20.40,0.5007,1.012847
1053,longdress,driving_B_2020.02.27_17.30.15.csv,29,44.7764,0.00,-100.38,0.5002,1.134091
1054,loot,static_B_2019.12.16_13.40.04.csv,818,230.2196,100.00,68.39,0.4998,1.101552
1055,redandblack,driving_B_2020.02.14_09.38.22.csv,604,190.1441,50.00,53.97,0.4993,1.069726
1056,soldier,driving_B_2020.01.16_09.56.56.csv,72,55.4825,0.00,-67.35,0.4988,1.048424
1057,longdress,driving_B_2020.01.16_07.26.43.csv,1770,42.5363,0.00,-60.51,0.4983,1.009086
1058,loot,static_B_2020.02.14_13.21.26.csv,465,199.4226,24.00,57.30,0.4979,1.172235
1059,redandblack,driving_B_2020.02.13_13.03.24.csv,761,91.0636,0.00,-129.96,0.4974,1.111984
1060,soldier,static_B_2020.02.27_18.39.27.csv,3374,201.0931,60.00,56.98,0.4969,1.138234
1061,longdress,driving_B_2020.01.16_07.26.43.csv,1079,132.4526,14.35,14.59,0.4964,1.120093
1062,loot,static_B_2019.12.16_13.40.04.csv,1718,236.0606,80.06,66.22,0.4960,1.304035
1063,redandblack,driving_B_2019.12.16_12.27.05.csv,6,165.3059,82.20,43.48,0.4955,1.120338
1064,soldier,driving_B_2020.02.14_09.38.22.csv,1264,129.0804,14.64,6.68,0.4950,1.115663
1065,longdress,driving_B_2020.01.16_12.10.03.csv,126,188.0451,66.00,51.03,0.4945,1.124667
1066,loot,static_B_2020.02.27_18.39.27.csv,5114,207.4153,50.00,60.75,0.4941,1.118640
1067,redandblack,driving_B_2020.02.14_09.38.22.csv,1024,84.8942,0.00,-35.38,0.4936,1.152687
1068,soldier,static_B_2020.02.27_18.39.27.csv,194,241.7437,100.00,73.72,0.4931,1.035766
1069,longdress,driving_B_2020.01.16_07.26.43.csv,1379,41.5019,0.00,-108.48,0.4926,1.119710
1070,loot,driving_B_2020.02.13_13.03.24.csv,41,84.7995,0.00,-9.91,0.4922,1.129084
1071,redandblack,driving_B_2019.12.16_12.27.05.csv,366,29.6122,0.00,-208.15,0.4917,1.152852
1072,soldier,static_B_2020.02.14_13.21.26.csv,105,221.0617,68.00,66.15,0.4912,1.066813
1073,longdress,driving_B_2020.01.16_12.10.03.csv,6,227.3448,66.00,67.75,0.4907,1.190407
1074,loot,driving_B_2020.02.13_13.03.24.csv,1661,186.4617,0.00,-16.16,0.4903,1.100949
1075,redandblack,driving_B_2020.02.13_15.02.01.csv,286,182.9246,40.00,49.70,0.4898,1.101730
1076,soldier,driving_B_2020.01.16_07.26.43.csv,779,146.7018,13.05,15.44,0.4893,1.183474
1077,longdress,static_B_2020.02.27_18.39.27.csv,2354,86.1234,0.00,-266.76,0.4888,1.091402
1078,loot,driving_B_2020.02.13_13.03.24.csv,1481,216.5891,100.00,62.03,0.4884,1.024473
1079,redandblack,driving_B_2020.02.27_17.30.15.csv,629,7.4704,0.00,-167.01,0.4879,1.151978
1080,soldier,static_B_2020.02.27_18.39.27.csv,2594,213.4356,82.66,62.22,0.4874,1.064071
1081,longdress,driving_B_2020.02.13_15.02.01.csv,1366,59.9246,0.00,-89.82,0.4869,1.062632
1082,loot,static_B_2020.02.27_18.39.27.csv,4694,138.9080,0.00,-88.13,0.4865,1.164832
1083,redandblack,driving_B_2019.12.17_07.32.39.csv,1590,126.9423,0.00,13.89,0.4860,1.025510
1084,soldier,static_B_2019.12.16_13.40.04.csv,278,170.5622,84.03,42.22,0.4855,1.157647
1085,longdress,driving_B_2020.02.13_13.03.24.csv,2188,-12.0766,0.00,-187.74,0.4850,1.105874
1086,loot,driving_B_2020.02.13_13.03.24.csv,881,62.4059,0.00,-87.95,0.4846,1.136128
1087,redandblack,driving_B_2019.12.17_07.32.39.csv,330,122.7631,12.11,13.90,0.4841,1.072979
1088,soldier,driving_B_2019.12.17_07.32.39.csv,930,78.8785,0.00,-63.81,0.4836,0.989535
1089,longdress,driving_B_2020.02.14_09.38.22.csv,124,-4.0298,0.00,-116.54,0.4831,1.102214
1090,loot,driving_B_2020.02.13_13.03.24.csv,1841,-13.3928,0.00,-857.53,0.4827,1.118142
1091,redandblack,static_B_2019.12.16_13.40.04.csv,218,170.2612,43.37,36.68,0.4822,1.132759
1092,soldier,driving_B_2020.02.27_17.30.15.csv,209,-14.0809,0.00,-636.80,0.4817,1.003257
1093,longdress,static_B_2019.12.16_13.40.04.csv,338,133.6961,15.69,18.56,0.4812,1.023445
1094,loot,static_B_2020.02.27_18.39.27.csv,4034,170.8992,64.20,38.00,0.4808,1.063729
1095,redandblack,driving_B_2020.01.16_09.56.56.csv,852,129.5035,0.00,-11.83,0.4803,1.052524
1096,soldier,driving_B_2020.02.13_15.02.01.csv,1546,6.5011,0.00,-174.25,0.4798,1.113008
1097,longdress,driving_B_2020.02.13_13.03.24.csv,2081,-22.1503,0.00,-563.25,0.4793,1.141975
1098,loot,static_B_2019.12.16_13.40.04.csv,698,200.4163,46.00,58.08,0.4789,1.134378
1099,redandblack,static_B_2019.12.16_13.40.04.csv,1778,198.9171,85.31,51.59,0.4784,1.107792
1100,soldier,static_B_2020.02.14_13.21.26.csv,525,236.9206,76.00,72.92,0.4779,1.030867
1101,longdress,driving_B_2020.02.14_12.58.17.csv,34,73.0815,0.00,-106.90,0.4775,1.182735
1102,loot,driving_B_2020.02.13_15.02.01.csv,646,127.0381,16.35,5.98,0.4770,1.115520
1103,redandblack,driving_B_2020.01.16_07.26.43.csv,659,118.5533,31.21,9.48,0.4765,1.089417
1104,soldier,static_B_2020.02.27_18.39.27.csv,5354,198.6280,72.00,57.78,0.4760,1.102644
1105,longdress,driving_B_2020.01.16_07.26.43.csv,1259,87.3440,0.00,-55.77,0.4756,1.118917
1106,loot,static_B_2019.12.16_13.40.04.csv,1898,137.1124,14.00,8.35,0.4751,1.054661
1107,redandblack,driving_B_2019.12.16_12.27.05.csv,666,98.8179,0.00,-49.97,0.4746,1.087974
1108,soldier,static_B_2020.02.27_18.39.27.csv,1874,164.8946,79.75,37.58,0.4741,1.263613
1109,longdress,static_B_2020.02.27_18.39.27.csv,1454,186.6360,79.81,47.56,0.4737,1.323690
1110,loot,static_B_2020.02.27_18.39.27.csv,1574,227.2246,75.89,62.85,0.4732,1.153793
1111,redandblack,driving_B_2020.02.13_15.02.01.csv,2754,100.2218,0.00,-34.38,0.4727,1.169910
1112,soldier,static_B_2020.02.14_13.21.26.csv,850,141.5697,44.48,28.82,0.4722,1.194384
1113,longdress,driving_B_2020.02.13_13.03.24.csv,281,112.9060,0.00,2.00,0.4718,1.127257
1114,loot,static_B_2020.02.27_18.39.27.csv,4934,242.2724,98.00,74.70,0.4713,1.141505
1115,redandblack,driving_B_2020.01.16_07.26.43.csv,839,170.8663,66.01,36.21,0.4708,1.267933
1116,soldier,driving_B_2020.02.14_09.38.22.csv,724,209.6508,77.48,50.81,0.4703,1.223643
1117,longdress,driving_B_2020.01.16_07.26.43.csv,1559,6.0759,0.00,-223.22,0.4699,1.163039
1118,loot,driving_B_2020.02.14_09.38.22.csv,364,93.5486,0.00,-10.90,0.4694,1.214342
1119,redandblack,driving_B_2020.01.16_07.26.43.csv,1319,220.0987,100.00,59.84,0.4689,1.181281
1120,soldier,driving_B_2019.12.17_07.32.39.csv,210,83.9872,0.00,-22.37,0.4684,1.154598
1121,longdress,static_B_2020.02.27_18.39.27.csv,1334,214.6804,82.00,60.59,0.4680,1.196497
1122,loot,static_B_2019.12.16_13.40.04.csv,38,184.3953,46.67,39.33,0.4675,1.065054
1123,redandblack,driving_B_2020.02.13_15.02.01.csv,766,150.1616,28.73,26.99,0.4670,1.246758
1124,soldier,driving_B_2019.12.17_07.32.39.csv,2288,192.4130,79.38,51.21,0.4665,1.132785
1125,longdress,static_B_2020.02.27_18.39.27.csv,1994,174.2204,81.41,41.36,0.4661,1.166923
1126,loot,driving_B_2019.12.17_07.32.39.csv,990,90.1128,0.00,-82.76,0.4656,1.176137
1127,redandblack,driving_B_2020.02.14_09.38.22.csv,64,75.1135,0.00,-41.61,0.4651,1.288145
1128,soldier,static_B_2020.02.27_18.39.27.csv,3074,146.1722,0.00,7.07,0.4646,1.311918
1129,longdress,driving_B_2020.01.16_09.56.56.csv,1512,202.1294,82.30,56.72,0.4642,1.229267
1130,loot,driving_B_2020.02.13_13.03.24.csv,221,113.0730,20.11,8.31,0.4637,1.283854
1131,redandblack,static_B_2020.02.27_18.39.27.csv,1214,190.3601,80.84,39.03,0.4632,1.164191
1132,soldier,driving_B_2020.02.13_15.02.01.csv,2506,48.6380,0.00,-96.64,0.4627,1.119170
1133,longdress,static_B_2020.02.27_18.39.27.csv,794,216.0976,86.22,61.73,0.4623,1.119463
1134,loot,static_B_2020.02.27_18.39.27.csv,5474,233.1824,62.00,71.43,0.4618,1.296430
1135,redandblack,static_B_2020.02.27_18.39.27.csv,2834,190.3335,32.00,56.59,0.4613,1.197034
1136,soldier,static_B_2020.02.27_18.39.27.csv,2174,236.3033,81.66,68.17,0.4608,1.100352
1137,longdress,driving_B_2019.12.17_07.32.39.csv,630,61.8466,0.00,-44.14,0.4604,1.251314
1138,loot,driving_B_2020.02.13_15.02.01.csv,1306,-37.2693,0.00,-156.68,0.4599,1.088099
1139,redandblack,driving_B_2020.01.16_09.56.56.csv,312,145.3136,64.28,30.75,0.4594,1.072330
1140,soldier,static_B_2020.02.27_18.39.27.csv,1634,172.6272,33.78,28.80,0.4589,1.154560
1141,longdress,driving_B_2020.01.16_09.56.56.csv,552,203.5468,49.94,47.98,0.4585,1.298175
1142,loot,driving_B_2020.02.13_13.03.24.csv,521,129.5345,4.20,-1.31,0.4580,1.100231
1143,redandblack,driving_B_2020.02.14_09.38.22.csv,244,17.3401,0.00,-89.57,0.4575,1.127231
1144,soldier,static_B_2020.02.27_18.39.27.csv,734,166.9661,51.67,29.85,0.4570,1.304875
1145,longdress,driving_B_2020.02.14_09.38.22.csv,1144,63.0017,0.00,-44.05,0.4566,1.165441
1146,loot,static_B_2020.02.27_18.39.27.csv,3614,204.9355,70.11,55.06,0.4561,1.165418
1147,redandblack,driving_B_2019.12.17_07.32.39.csv,1410,134.6591,58.89,0.92,0.4556,1.220672
1148,soldier,driving_B_2020.02.13_13.03.24.csv,1721,170.0645,45.78,24.19,0.4551,1.172480
1149,longdress,driving_B_2020.02.13_15.02.01.csv,1906,138.2514,31.98,20.50,0.4547,1.085906
1150,loot,driving_B_2020.02.13_13.03.24.csv,461,97.2793,0.00,-0.86,0.4542,1.291336
1151,redandblack,static_B_2019.12.16_13.40.04.csv,1598,228.2429,100.00,68.94,0.4537,1.135120
1152,soldier,driving_B_2020.02.13_13.03.24.csv,401,74.4135,0.00,-55.02,0.4532,1.148572
1153,longdress,static_B_2020.02.14_13.21.26.csv,45,228.9933,100.00,68.38,0.4528,1.088448
1154,loot,static_B_2020.02.27_18.39.27.csv,4214,236.8595,100.00,71.15,0.4523,1.186005
1155,redandblack,static_B_2019.12.16_13.40.04.csv,1058,159.1758,45.49,36.93,0.4518,1.073000
1156,soldier,driving_B_2020.02.13_15.02.01.csv,2566,199.2603,76.94,50.98,0.4513,1.089249
1157,longdress,static_B_2020.02.27_18.39.27.csv,1934,207.5663,100.00,59.63,0.4509,1.309848
1158,loot,static_B_2020.02.27_18.39.27.csv,4994,245.3968,86.00,75.86,0.4504,1.364368
1159,redandblack,driving_B_2020.02.13_15.02.01.csv,1846,215.9146,85.96,60.46,0.4499,1.272856
1160,soldier,driving_B_2020.02.14_09.38.22.csv,424,100.3226,0.00,-30.16,0.4494,1.102172
1161,longdress,static_B_2019.12.16_13.40.04.csv,578,177.1666,56.26,42.93,0.4490,1.155230
1162,loot,driving_B_2020.02.13_15.02.01.csv,2026,243.9187,100.00,70.71,0.4485,1.221423
1163,redandblack,driving_B_2020.02.14_12.58.17.csv,454,-12.5280,0.00,-326.47,0.4480,1.162040
1164,soldier,driving_B_2020.01.16_09.56.56.csv,1452,226.2712,80.48,66.59,0.4475,1.242984
1165,longdress,static_B_2020.02.27_18.39.27.csv,914,191.8868,80.10,47.84,0.4471,1.140083
1166,loot,static_B_2019.12.16_13.40.04.csv,938,202.7384,65.92,51.81,0.4466,1.130241
1167,redandblack,driving_B_2019.12.17_07.32.39.csv,450,181.4464,66.22,41.48,0.4461,1.128907
1168,soldier,static_B_2019.12.16_13.40.04.csv,458,147.2644,0.00,-307.20,0.4457,1.233431
1169,longdress,static_B_2019.12.16_13.40.04.csv,1178,111.7801,0.00,-100.16,0.4452,1.340023
1170,loot,driving_B_2019.12.17_07.32.39.csv,2250,206.9759,84.65,54.24,0.4447,1.173949
1171,redandblack,driving_B_2020.02.13_13.03.24.csv,1121,66.6864,0.00,-56.78,0.4442,1.217835
1172,soldier,driving_B_2019.12.17_07.32.39.csv,1110,174.6095,67.60,41.89,0.4438,1.099588
1173,longdress,driving_B_2020.02.13_15.02.01.csv,886,185.0824,76.43,47.70,0.4433,1.155149
1174,loot,driving_B_2019.12.17_07.32.39.csv,1650,198.0647,51.86,44.34,0.4428,1.180961
1175,redandblack,driving_B_2020.02.14_09.38.22.csv,1478,115.7100,11.44,8.75,0.4423,1.071629
1176,soldier,driving_B_2020.01.16_09.56.56.csv,672,78.5647,0.00,-64.49,0.4419,1.187492
1177,longdress,static_B_2020.02.27_18.39.27.csv,1814,63.5008,28.79,-43.83,0.4414,1.231458
1178,loot,driving_B_2020.02.13_13.03.24.csv,2188,13.4169,0.00,-177.95,0.4409,1.085692
1179,redandblack,static_B_2019.12.16_13.40.04.csv,158,178.2120,71.65,49.01,0.4404,1.257436
1180,soldier,static_B_2020.02.27_18.39.27.csv,1034,150.4536,23.84,19.13,0.4400,1.325958
1181,longdress,driving_B_2020.02.14_12.58.17.csv,154,41.0868,0.00,-160.14,0.4395,1.167422
1182,loot,static_B_2019.12.16_13.40.04.csv,1538,218.6747,100.00,61.97,0.4390,1.215277
1183,redandblack,static_B_2020.02.27_18.39.27.csv,4394,232.4637,80.77,69.53,0.4385,1.201739
1184,soldier,driving_B_2019.12.17_07.32.39.csv,390,207.4147,64.44,47.41,0.4381,1.233366
1185,longdress,driving_B_2020.01.16_07.26.43.csv,1770,36.1609,0.00,-105.67,0.4376,1.172169
1186,loot,static_B_2019.12.16_13.40.04.csv,1118,66.6319,0.00,-459.93,0.4371,1.211543
1187,redandblack,static_B_2020.02.27_18.39.27.csv,134,161.7150,14.93,27.63,0.4366,1.238379
1188,soldier,driving_B_2020.02.13_13.03.24.csv,821,72.8647,0.00,-59.34,0.4362,1.169309
1189,longdress,static_B_2020.02.27_18.39.27.csv,2894,172.6392,50.83,39.73,0.4357,1.285329
1190,loot,static_B_2020.02.27_18.39.27.csv,3494,252.4736,100.00,78.17,0.4352,1.264298
1191,redandblack,driving_B_2020.02.14_09.38.22.csv,904,206.6218,56.91,51.77,0.4347,1.157245
1192,soldier,static_B_2020.02.27_18.39.27.csv,2114,182.2059,81.40,41.81,0.4343,1.188994
1193,longdress,static_B_2020.02.27_18.39.27.csv,3254,208.6741,100.00,59.51,0.4338,1.355804
1194,loot,driving_B_2020.02.13_15.02.01.csv,2266,67.9463,0.00,-61.83,0.4333,1.335070
1195,redandblack,static_B_2020.02.27_18.39.27.csv,4874,115.5840,2.40,12.02,0.4328,1.388555
1196,soldier,driving_B_2020.02.13_15.02.01.csv,1426,60.9779,0.00,-117.86,0.4324,1.374388
1197,longdress,driving_B_2020.02.14_09.38.22.csv,1204,73.3604,0.00,-105.26,0.4319,1.210899
1198,loot,driving_B_2020.01.16_09.56.56.csv,1212,204.3798,81.58,51.75,0.4314,1.191975
1199,redandblack,driving_B_2020.01.16_09.56.56.csv,792,129.3920,43.78,22.38,0.4309,1.208108
1200,soldier,driving_B_2019.12.17_07.32.39.csv,1350,248.0808,100.00,76.99,0.4305,1.201433
1201,longdress,driving_B_2020.02.13_15.02.01.csv,826,84.5588,0.00,-14.24,0.4300,1.293097
1202,loot,driving_B_2019.12.16_12.27.05.csv,1026,214.0287,100.00,60.43,0.4295,1.217189
1203,redandblack,static_B_2020.02.27_18.39.27.csv,314,208.1427,78.47,54.68,0.4290,1.290971
1204,soldier,driving_B_2019.12.17_07.32.39.csv,1530,128.8507,0.00,-4.10,0.4286,1.392161
1205,longdress,static_B_2019.12.16_13.40.04.csv,1904,199.7315,84.00,36.59,0.4281,1.251427
1206,loot,driving_B_2019.12.16_12.27.05.csv,906,204.3790,64.22,54.27,0.4276,1.119379
1207,redandblack,driving_B_2020.01.16_09.56.56.csv,1570,190.2799,33.38,37.55,0.4271,1.164352
1208,soldier,driving_B_2020.02.13_15.02.01.csv,1486,36.9765,0.00,-97.74,0.4267,1.139393
1209,longdress,driving_B_2019.12.17_07.32.39.csv,1230,166.0620,27.76,13.62,0.4262,1.155915
1210,loot,static_B_2019.12.16_13.40.04.csv,398,230.8354,100.00,69.05,0.4257,1.332386
1211,redandblack,static_B_2020.02.27_18.39.27.csv,4814,222.7744,54.00,67.59,0.4252,1.363656
1212,soldier,driving_B_2020.01.16_07.26.43.csv,1019,110.5992,0.00,-10.10,0.4248,1.235520
1213,longdress,driving_B_2019.12.17_07.32.39.csv,90,145.0675,51.86,25.66,0.4243,1.216931
1214,loot,static_B_2020.02.27_18.39.27.csv,3554,155.7951,30.67,28.52,0.4238,1.310797
1215,redandblack,static_B_2020.02.14_13.21.26.csv,825,181.6034,24.00,50.00,0.4233,1.224740
1216,soldier,driving_B_2019.12.17_07.32.39.csv,810,66.3571,0.00,-34.32,0.4229,1.341114
1217,longdress,driving_B_2019.12.17_07.32.39.csv,1710,24.0145,0.00,-148.42,0.4224,1.207778
1218,loot,driving_B_2019.12.16_12.27.05.csv,186,154.0245,14.80,27.99,0.4219,1.233508
1219,redandblack,driving_B_2020.01.16_07.26.43.csv,299,154.0126,24.54,28.09,0.4214,1.336163
1220,soldier,static_B_2020.02.14_13.21.26.csv,285,252.0310,86.00,77.56,0.4210,1.310555
1221,longdress,driving_B_2020.01.16_09.56.56.csv,1092,62.0461,0.00,-47.54,0.4205,1.232263
1222,loot,driving_B_2020.01.16_09.56.56.csv,492,231.7843,100.00,66.89,0.4200,1.240605
1223,redandblack,driving_B_2019.12.17_07.32.39.csv,570,145.8240,15.93,8.48,0.4195,1.214759
1224,soldier,driving_B_2020.02.13_15.02.01.csv,946,223.1320,100.00,65.71,0.4191,1.236385
1225,longdress,driving_B_2020.01.16_09.56.56.csv,912,79.4423,0.00,-51.30,0.4186,1.239643
1226,loot,static_B_2020.02.27_18.39.27.csv,494,205.7305,86.15,57.70,0.4181,1.182323
1227,redandblack,driving_B_2020.02.14_09.38.22.csv,544,228.2057,76.78,64.83,0.4176,1.297066
1228,soldier,driving_B_2020.02.27_17.30.15.csv,269,-8.5026,0.00,-325.81,0.4172,1.337198
1229,longdress,driving_B_2020.02.13_15.02.01.csv,2746,59.9940,0.00,-30.64,0.4167,1.193349
1230,loot,static_B_2020.02.27_18.39.27.csv,2774,230.1514,66.00,71.26,0.4162,1.210700
1231,redandblack,static_B_2020.02.27_18.39.27.csv,374,234.1813,100.00,70.19,0.4157,1.233235
1232,soldier,driving_B_2020.02.27_17.30.15.csv,89,-48.0455,0.00,-293.31,0.4153,1.307548
1233,longdress,driving_B_2020.02.14_12.58.17.csv,94,60.4363,0.00,-100.91,0.4148,1.281449
1234,loot,driving_B_2019.12.16_12.27.05.csv,426,37.9509,0.00,-65.12,0.4143,1.286855
1235,redandblack,driving_B_2020.02.13_15.02.01.csv,2386,16.1868,0.00,-221.08,0.4139,1.160273
1236,soldier,static_B_2019.12.16_13.40.04.csv,998,181.3561,53.58,38.50,0.4134,1.217909
1237,longdress,driving_B_2020.01.16_07.26.43.csv,359,40.3724,0.00,-99.19,0.4129,1.360162
1238,loot,driving_B_2020.01.16_09.56.56.csv,732,215.8375,83.14,59.12,0.4124,1.297799
1239,redandblack,driving_B_2020.02.14_09.38.22.csv,784,135.8799,0.00,13.10,0.4120,1.188566
1240,soldier,driving_B_2019.12.17_07.32.39.csv,1770,40.5144,0.00,-98.16,0.4115,1.297678
1241,longdress,driving_B_2020.02.13_15.02.01.csv,2446,-13.6712,0.00,-232.93,0.4110,1.253386
1242,loot,driving_B_2020.01.16_07.26.43.csv,119,126.3551,0.00,13.15,0.4105,1.333025
1243,redandblack,driving_B_2020.02.27_17.30.15.csv,569,56.7064,0.00,-70.93,0.4101,1.215130
1244,soldier,driving_B_2019.12.17_07.32.39.csv,1830,36.3362,0.00,-108.79,0.4096,1.180953
1245,longdress,driving_B_2019.12.17_07.32.39.csv,270,140.7931,24.80,14.01,0.4091,1.224028
1246,loot,driving_B_2020.01.16_07.26.43.csv,1739,109.5141,34.59,9.18,0.4086,1.189759
1247,redandblack,static_B_2020.02.27_18.39.27.csv,3314,201.0845,64.00,56.43,0.4082,1.138736
1248,soldier,driving_B_2020.02.13_15.02.01.csv,1606,-34.2565,0.00,-204.33,0.4077,1.187414
1249,longdress,driving_B_2020.02.13_15.02.01.csv,106,196.5826,80.47,51.83,0.4072,1.213001
1250,loot,static_B_2020.02.27_18.39.27.csv,2714,194.6462,32.00,57.95,0.4067,1.228874
1251,redandblack,driving_B_2020.02.13_15.02.01.csv,2206,233.6858,74.00,71.41,0.4063,1.311186
1252,soldier,static_B_2019.12.16_13.40.04.csv,1483,243.3178,100.00,73.37,0.4058,1.240991
1253,longdress,driving_B_2020.02.13_15.02.01.csv,2670,100.6507,0.00,-27.85,0.4053,1.266737
1254,loot,static_B_2019.12.16_13.40.04.csv,403,227.8135,82.41,64.97,0.4048,1.191141
1255,redandblack,driving_B_2020.01.16_07.26.43.csv,349,64.9549,0.00,-47.11,0.4044,1.360302
1256,soldier,static_B_2020.02.27_18.39.27.csv,397,242.9071,100.00,74.45,0.4039,1.383587
1257,longdress,driving_B_2019.12.17_07.32.39.csv,704,94.2061,0.00,-34.68,0.4034,1.208213
1258,loot,driving_B_2020.02.13_15.02.01.csv,1350,51.4396,0.00,-110.45,0.4029,1.220033
1259,redandblack,static_B_2020.02.27_18.39.27.csv,3217,233.2869,100.00,55.03,0.4025,1.181279
1260,soldier,static_B_2019.12.16_13.40.04.csv,1543,233.4430,100.00,69.71,0.4020,1.143806
1261,longdress,driving_B_2020.02.13_13.03.24.csv,134,100.9202,0.00,2.11,0.4015,1.279490
1262,loot,static_B_2020.02.27_18.39.27.csv,3877,133.4868,20.92,21.74,0.4010,1.211023
1263,redandblack,static_B_2020.02.27_18.39.27.csv,3097,139.6323,66.10,32.60,0.4006,1.229698
1264,soldier,static_B_2020.02.14_13.21.26.csv,251,263.8721,98.00,82.75,0.4001,1.177276
1265,longdress,driving_B_2019.12.17_07.32.39.csv,2288,222.6058,58.79,50.59,0.3996,1.289740
1266,loot,driving_B_2020.02.14_12.58.17.csv,52,109.6503,0.00,-101.48,0.3991,1.272254
1267,redandblack,driving_B_2020.02.13_15.02.01.csv,1410,99.3674,0.00,-14.00,0.3987,1.342849
1268,soldier,static_B_2020.02.27_18.39.27.csv,3157,94.9306,0.00,-328.87,0.3982,1.294711
1269,longdress,driving_B_2020.02.13_15.02.01.csv,2250,225.5847,81.78,64.89,0.3977,1.386700
1270,loot,driving_B_2020.01.16_09.56.56.csv,577,246.4236,96.00,75.07,0.3972,1.263493
1271,redandblack,static_B_2020.02.14_13.21.26.csv,611,200.4196,48.00,57.51,0.3968,1.247564
1272,soldier,static_B_2020.02.27_18.39.27.csv,817,193.6185,100.00,48.90,0.3963,1.479365
1273,longdress,static_B_2020.02.27_18.39.27.csv,4777,220.1771,100.00,64.84,0.3958,1.424045
1274,loot,driving_B_2020.01.16_12.10.03.csv,244,251.5089,100.00,77.92,0.3953,1.484115
1275,redandblack,driving_B_2020.02.14_12.58.17.csv,352,11.8414,0.00,-110.42,0.3949,1.225155
1276,soldier,driving_B_2019.12.16_12.27.05.csv,1152,135.7123,0.00,7.02,0.3944,1.403612
1277,longdress,driving_B_2020.02.13_15.02.01.csv,2310,65.5967,0.00,-34.25,0.3939,1.312209
1278,loot,static_B_2020.02.27_18.39.27.csv,1057,191.5457,100.00,52.09,0.3934,1.232569
1279,redandblack,driving_B_2019.12.17_07.32.39.csv,644,161.9511,61.87,31.72,0.3930,1.236558
1280,soldier,driving_B_2020.02.27_17.30.15.csv,183,-33.2604,0.00,-461.80,0.3925,1.298750
1281,longdress,driving_B_2020.02.13_15.02.01.csv,1050,222.5178,84.02,64.83,0.3920,1.293545
1282,loot,static_B_2019.12.16_13.40.04.csv,1123,108.8622,0.00,-465.24,0.3915,1.414140
1283,redandblack,driving_B_2020.02.13_13.03.24.csv,1214,98.5196,0.00,-25.81,0.3911,1.452548
1284,soldier,driving_B_2020.02.14_12.58.17.csv,112,95.6551,25.41,-9.64,0.3906,1.268159
1285,longdress,driving_B_2020.01.16_07.26.43.csv,1429,69.1625,0.00,-79.12,0.3901,1.292135
1286,loot,driving_B_2020.02.13_15.02.01.csv,1710,277.0708,100.00,86.92,0.3896,1.281236
1287,redandblack,static_B_2019.12.16_13.40.04.csv,1003,192.8452,58.91,46.02,0.3892,1.402230
1288,soldier,static_B_2019.12.16_13.40.04.csv,1663,173.5479,46.43,38.26,0.3887,1.354621
1289,longdress,driving_B_2020.02.13_13.03.24.csv,1334,79.0351,0.00,-15.81,0.3882,1.292797
1290,loot,driving_B_2020.01.16_09.56.56.csv,757,179.9690,62.34,41.48,0.3877,1.267468
1291,redandblack,driving_B_2020.02.13_13.03.24.csv,2054,42.6573,0.00,-81.15,0.3873,1.386279
1292,soldier,driving_B_2020.01.16_09.56.56.csv,1417,201.2195,43.76,40.31,0.3868,1.240011
1293,longdress,driving_B_2020.02.13_15.02.01.csv,2190,196.6312,64.89,46.16,0.3863,1.192860
1294,loot,static_B_2020.02.27_18.39.27.csv,5317,235.2243,88.00,72.21,0.3858,1.435352
1295,redandblack,static_B_2020.02.27_18.39.27.csv,2797,196.6106,6.00,58.45,0.3854,1.353371
1296,soldier,driving_B_2019.12.16_12.27.05.csv,613,-18.9115,0.00,-301.85,0.3849,1.393540
1297,longdress,static_B_2020.02.14_13.21.26.csv,191,204.9828,78.31,54.17,0.3844,1.301346
1298,loot,static_B_2020.02.27_18.39.27.csv,517,185.2981,56.09,41.20,0.3839,1.454519
1299,redandblack,driving_B_2019.12.17_07.32.39.csv,104,138.1745,25.58,13.41,0.3835,1.368852
1300,soldier,driving_B_2020.01.16_09.56.56.csv,217,141.7144,22.51,11.37,0.3830,1.265926
1301,longdress,static_B_2019.12.16_13.40.04.csv,1183,105.6417,0.00,-148.11,0.3825,1.457641
1302,loot,static_B_2020.02.27_18.39.27.csv,3937,196.5424,50.00,56.16,0.3821,1.230785
1303,redandblack,driving_B_2020.01.16_09.56.56.csv,337,189.2845,67.07,47.70,0.3816,1.448597
1304,soldier,static_B_2019.12.16_13.40.04.csv,43,115.7835,15.68,10.04,0.3811,1.431082
1305,longdress,static_B_2020.02.27_18.39.27.csv,1597,199.2955,41.92,37.18,0.3806,1.324226
1306,loot,static_B_2019.12.16_13.40.04.csv,463,154.6029,0.00,-286.60,0.3802,1.255133
1307,redandblack,driving_B_2020.02.14_09.38.22.csv,940,220.9117,52.00,68.19,0.3797,1.178166
1308,soldier,driving_B_2020.01.16_12.10.03.csv,188,227.5345,100.00,66.96,0.3792,1.348931
1309,longdress,driving_B_2020.02.13_13.03.24.csv,314,135.8125,11.41,4.06,0.3787,1.315578
1310,loot,driving_B_2020.02.13_15.02.01.csv,2130,226.9977,72.00,67.57,0.3783,1.388027
1311,redandblack,driving_B_2020.02.13_15.02.01.csv,1830,219.3111,100.00,62.67,0.3778,1.428179
1312,soldier,driving_B_2020.02.14_09.38.22.csv,1420,71.7327,0.00,-47.04,0.3773,1.426455
1313,longdress,static_B_2020.02.27_18.39.27.csv,4297,181.8650,31.59,42.99,0.3768,1.372738
1314,loot,driving_B_2019.12.17_07.32.39.csv,1484,137.7437,0.00,-3.83,0.3764,1.455429
1315,redandblack,driving_B_2019.12.16_12.27.05.csv,73,142.5647,33.71,21.42,0.3759,1.312156
1316,soldier,driving_B_2020.01.16_07.26.43.csv,1770,57.9358,0.00,-51.29,0.3754,1.345219
1317,longdress,driving_B_2020.02.14_09.38.22.csv,640,242.6721,94.00,74.89,0.3749,1.092926
1318,loot,driving_B_2020.02.13_15.02.01.csv,2754,123.8725,0.00,-3.73,0.3745,1.268621
1319,redandblack,driving_B_2019.12.17_07.32.39.csv,344,179.0737,83.12,48.19,0.3740,1.366705
1320,soldier,static_B_2019.12.16_13.40.04.csv,1303,204.5265,55.12,54.14,0.3735,1.343196
1321,longdress,static_B_2020.02.27_18.39.27.csv,1717,185.6859,52.00,43.57,0.3730,1.416368
1322,loot,static_B_2020.02.14_13.21.26.csv,551,208.2011,34.00,62.70,0.3726,1.194680
1323,redandblack,static_B_2020.02.27_18.39.27.csv,997,227.9984,100.00,63.48,0.3721,1.276460
1324,soldier,driving_B_2019.12.17_07.32.39.csv,464,147.2059,26.70,17.59,0.3716,1.323632
1325,longdress,static_B_2020.02.27_18.39.27.csv,277,221.5363,80.11,62.45,0.3711,1.209739
1326,loot,driving_B_2019.12.17_07.32.39.csv,1784,110.2841,30.10,5.87,0.3707,1.337617
1327,redandblack,driving_B_2020.02.13_13.03.24.csv,734,104.9922,0.00,-7.65,0.3702,1.328395
1328,soldier,driving_B_2020.01.16_07.26.43.csv,1729,71.3347,0.00,-46.51,0.3697,1.204570
1329,longdress,driving_B_2019.12.16_12.27.05.csv,253,129.3939,0.00,4.72,0.3692,1.315738
1330,loot,driving_B_2019.12.16_12.27.05.csv,853,193.7677,73.85,46.96,0.3688,1.327376
1331,redandblack,driving_B_2020.01.16_09.56.56.csv,697,155.3071,52.70,32.14,0.3683,1.336107
1332,soldier,static_B_2019.12.16_13.40.04.csv,703,236.0640,100.00,71.45,0.3678,1.257573
1333,longdress,static_B_2019.12.16_13.40.04.csv,583,183.5347,59.15,40.18,0.3673,1.269818
1334,loot,driving_B_2020.02.13_15.02.01.csv,2070,87.8610,0.00,-43.35,0.3669,1.306237
1335,redandblack,driving_B_2020.02.14_12.58.17.csv,172,-43.0425,0.00,-474.70,0.3664,1.368610
1336,soldier,driving_B_2020.02.13_15.02.01.csv,2754,74.3199,0.00,-38.26,0.3659,1.294408
1337,longdress,static_B_2020.02.27_18.39.27.csv,2557,196.4217,78.13,51.87,0.3654,1.342758
1338,loot,static_B_2020.02.27_18.39.27.csv,5257,222.0607,92.00,63.37,0.3650,1.291307
1339,redandblack,driving_B_2020.01.16_07.26.43.csv,109,144.8334,22.25,16.16,0.3645,1.382383
1340,soldier,static_B_2020.02.27_18.39.27.csv,2497,253.8674,100.00,78.40,0.3640,1.375830
1341,longdress,static_B_2019.12.16_13.40.04.csv,943,144.9428,23.89,26.07,0.3635,1.355804
1342,loot,driving_B_2020.01.16_07.26.43.csv,169,69.0295,0.00,-148.91,0.3631,1.383051
1343,redandblack,driving_B_2020.02.13_15.02.01.csv,1530,64.6039,0.00,-34.29,0.3626,1.334460
1344,soldier,driving_B_2020.02.27_17.30.15.csv,483,-28.5811,0.00,-269.49,0.3621,1.314718
1345,longdress,static_B_2019.12.16_13.40.04.csv,343,145.8399,49.87,36.62,0.3616,1.399675
1346,loot,driving_B_2019.12.17_07.32.39.csv,1724,70.8833,0.00,-41.33,0.3612,1.500177
1347,redandblack,driving_B_2020.02.13_13.03.24.csv,1994,26.2168,0.00,-145.95,0.3607,1.436679
1348,soldier,driving_B_2019.12.17_07.32.39.csv,524,47.8328,0.00,-90.36,0.3602,1.429493
1349,longdress,static_B_2020.02.27_18.39.27.csv,5617,216.5837,100.00,63.15,0.3597,1.300304
1350,loot,driving_B_2020.02.14_12.58.17.csv,412,-7.2440,0.00,-284.48,0.3593,1.479848
1351,redandblack,driving_B_2019.12.17_07.32.39.csv,1064,195.5339,75.26,43.13,0.3588,1.445644
1352,soldier,static_B_2019.12.16_13.40.04.csv,103,247.2836,100.00,75.41,0.3583,1.428862
1353,longdress,driving_B_2020.02.14_09.38.22.csv,400,41.3499,0.00,-82.04,0.3578,1.405516
1354,loot,static_B_2020.02.27_18.39.27.csv,1777,163.7377,83.89,39.45,0.3574,1.330784
1355,redandblack,driving_B_2019.12.17_07.32.39.csv,284,162.4680,67.65,42.27,0.3569,1.373958
1356,soldier,driving_B_2020.02.14_09.38.22.csv,1060,107.8734,11.96,3.33,0.3564,1.345599
1357,longdress,static_B_2020.02.27_18.39.27.csv,4837,237.2789,100.00,74.11,0.3559,1.480967
1358,loot,static_B_2019.12.16_13.40.04.csv,223,166.3324,52.40,39.07,0.3555,1.304530
1359,redandblack,driving_B_2020.01.16_07.26.43.csv,889,87.7676,0.00,-16.56,0.3550,1.423781
1360,soldier,driving_B_2020.02.13_15.02.01.csv,1770,208.2091,84.76,58.55,0.3545,1.369085
1361,longdress,driving_B_2020.02.27_17.30.15.csv,543,33.1525,0.00,-70.36,0.3540,1.559803
1362,loot,static_B_2020.02.27_18.39.27.csv,1177,159.6552,0.00,-169.06,0.3536,1.354969
1363,redandblack,static_B_2020.02.27_18.39.27.csv,757,228.1611,86.75,69.52,0.3531,1.364646
1364,soldier,static_B_2020.02.27_18.39.27.csv,1957,159.5798,57.86,35.45,0.3526,1.409211
1365,longdress,static_B_2019.12.16_13.40.04.csv,1723,217.8841,58.24,52.38,0.3521,1.261000
1366,loot,driving_B_2020.01.16_07.26.43.csv,709,160.0710,61.77,32.84,0.3517,1.376438
1367,redandblack,static_B_2020.02.27_18.39.27.csv,3277,194.2507,50.00,56.13,0.3512,1.267486
1368,soldier,static_B_2020.02.27_18.39.27.csv,4537,179.2386,63.97,41.33,0.3507,1.428726
1369,longdress,driving_B_2019.12.16_12.27.05.csv,913,221.5231,100.00,63.83,0.3503,1.349308
1370,loot,static_B_2019.12.16_13.40.04.csv,883,226.6736,100.00,58.78,0.3498,1.336930
1371,redandblack,driving_B_2020.01.16_09.56.56.csv,1057,135.5577,18.24,4.51,0.3493,1.439209
1372,soldier,static_B_2020.02.27_18.39.27.csv,1897,249.8552,100.00,77.06,0.3488,1.331441
1373,longdress,static_B_2020.02.14_13.21.26.csv,371,208.7360,80.00,60.48,0.3484,1.513861
1374,loot,driving_B_2020.01.16_07.26.43.csv,1770,91.6273,0.00,-28.60,0.3479,1.392243
1375,redandblack,static_B_2020.02.27_18.39.27.csv,2377,166.0104,0.00,-139.11,0.3474,1.548859
1376,soldier,driving_B_2019.12.17_07.32.39.csv,44,158.1805,19.26,23.29,0.3469,1.403182
1377,longdress,driving_B_2020.02.13_13.03.24.csv,494,81.4184,0.00,-62.21,0.3465,1.464022
1378,loot,driving_B_2020.02.13_13.03.24.csv,374,109.2419,0.00,-2.37,0.3460,1.268909
1379,redandblack,driving_B_2020.02.14_09.38.22.csv,1120,91.2980,0.00,-33.16,0.3455,1.341881
1380,soldier,static_B_2020.02.27_18.39.27.csv,5437,153.1007,50.46,30.75,0.3450,1.297355
1381,longdress,driving_B_2020.02.13_15.02.01.csv,330,227.2017,100.00,66.26,0.3446,1.488038
1382,loot,driving_B_2019.12.17_07.32.39.csv,1604,217.2121,81.69,62.77,0.3441,1.367316
1383,redandblack,static_B_2020.02.27_18.39.27.csv,697,251.7225,100.00,77.58,0.3436,1.380022
1384,soldier,static_B_2020.02.27_18.39.27.csv,3997,223.2546,66.00,67.08,0.3431,1.395857
1385,longdress,static_B_2019.12.16_13.40.04.csv,1603,217.8209,100.00,63.21,0.3427,1.368605
1386,loot,driving_B_2019.12.17_07.32.39.csv,1244,145.2415,44.98,31.03,0.3422,1.448286
1387,redandblack,static_B_2020.02.27_18.39.27.csv,3577,168.8671,49.25,38.23,0.3417,1.363628
1388,soldier,driving_B_2020.02.27_17.30.15.csv,603,-4.4927,0.00,-171.71,0.3412,1.409976
1389,longdress,driving_B_2020.01.16_07.26.43.csv,529,120.1087,0.00,-17.25,0.3408,1.398635
1390,loot,driving_B_2020.02.13_15.02.01.csv,2430,35.9078,0.00,-177.18,0.3403,1.461207
1391,redandblack,driving_B_2020.02.14_09.38.22.csv,160,91.8385,0.00,-77.77,0.3398,1.309657
1392,soldier,driving_B_2020.02.13_15.02.01.csv,570,146.7116,16.17,19.63,0.3393,1.388607
1393,longdress,static_B_2019.12.16_13.40.04.csv,283,197.3800,50.34,42.11,0.3389,1.346072
1394,loot,driving_B_2020.02.13_15.02.01.csv,2730,90.2607,0.00,-13.54,0.3384,1.387196
1395,redandblack,static_B_2020.02.27_18.39.27.csv,157,244.2292,83.85,73.02,0.3379,1.383158
1396,soldier,driving_B_2020.02.13_15.02.01.csv,1470,40.1390,0.00,-80.25,0.3374,1.301568
1397,longdress,driving_B_2020.02.14_09.38.22.csv,1478,96.8170,0.00,-18.92,0.3370,1.347191
1398,loot,static_B_2020.02.27_18.39.27.csv,1417,255.2824,100.00,76.64,0.3365,1.371360
1399,redandblack,driving_B_2019.12.17_07.32.39.csv,884,113.5722,34.25,10.89,0.3360,1.387188
1400,soldier,driving_B_2020.01.16_07.26.43.csv,1369,46.4870,0.00,-92.59,0.3355,1.298447
1401,longdress,static_B_2020.02.27_18.39.27.csv,457,210.6602,64.94,49.98,0.3351,1.423842
1402,loot,driving_B_2020.01.16_12.10.03.csv,244,237.3084,100.00,72.10,0.3346,1.344733
1403,redandblack,driving_B_2020.01.16_09.56.56.csv,1117,123.6803,8.18,11.93,0.3341,1.452195
1404,soldier,driving_B_2019.12.17_07.32.39.csv,224,59.9186,0.00,-45.02,0.3336,1.464731
1405,longdress,driving_B_2019.12.17_07.32.39.csv,2084,202.5839,84.89,60.20,0.3332,1.534999
1406,loot,driving_B_2020.02.13_15.02.01.csv,2550,171.1104,58.72,36.94,0.3327,1.497368
1407,redandblack,driving_B_2020.02.13_13.03.24.csv,674,91.3157,0.00,-20.56,0.3322,1.589782
1408,soldier,driving_B_2020.02.13_13.03.24.csv,1034,65.9638,0.00,-58.28,0.3317,1.334126
1409,longdress,driving_B_2020.02.27_17.30.15.csv,720,-6.3686,0.00,-246.61,0.3313,1.364195
1410,loot,driving_B_2020.02.14_09.38.22.csv,220,103.6049,2.60,-12.94,0.3308,1.371169
1411,redandblack,driving_B_2020.02.14_12.58.17.csv,592,136.2954,26.40,23.39,0.3303,1.392965
1412,soldier,driving_B_2020.01.16_07.26.43.csv,769,164.9871,55.04,34.31,0.3298,1.412349
1413,longdress,static_B_2020.02.27_18.39.27.csv,5197,236.2494,100.00,70.18,0.3294,1.325591
1414,loot,static_B_2020.02.27_18.39.27.csv,5677,236.3162,100.00,72.08,0.3289,1.439389
1415,redandblack,static_B_2020.02.14_13.21.26.csv,850,186.1054,80.55,53.27,0.3284,1.445949
1416,soldier,driving_B_2020.02.13_13.03.24.csv,1094,16.1951,0.00,-101.11,0.3279,1.391753
1417,longdress,static_B_2020.02.27_18.39.27.csv,4477,152.7097,60.64,39.79,0.3275,1.466723
1418,loot,static_B_2020.02.14_13.21.26.csv,850,157.7531,64.71,37.30,0.3270,1.337998
1419,redandblack,driving_B_2019.12.17_07.32.39.csv,1664,135.5638,0.00,-15.85,0.3265,1.363592
1420,soldier,driving_B_2020.02.13_13.03.24.csv,554,82.9806,0.00,-20.97,0.3260,1.355381
1421,longdress,driving_B_2020.02.13_15.02.01.csv,630,89.3537,0.00,-12.64,0.3256,1.437930
1422,loot,driving_B_2020.01.16_09.56.56.csv,517,198.1366,84.03,50.74,0.3251,1.282828
1423,redandblack,driving_B_2020.01.16_07.26.43.csv,949,86.7069,0.00,-39.86,0.3246,1.513075
1424,soldier,driving_B_2019.12.17_07.32.39.csv,1544,145.6794,51.00,29.87,0.3241,1.510095
1425,longdress,driving_B_2019.12.17_07.32.39.csv,764,121.7095,21.46,8.24,0.3237,1.563528
1426,loot,driving_B_2020.02.13_15.02.01.csv,150,255.2831,84.42,76.78,0.3232,1.497229
1427,redandblack,static_B_2020.02.27_18.39.27.csv,2317,204.4218,77.16,55.18,0.3227,1.646707
1428,soldier,driving_B_2020.01.16_12.10.03.csv,128,263.0483,84.00,84.46,0.3222,1.479837
1429,longdress,static_B_2019.12.16_13.40.04.csv,1063,178.7387,55.01,39.49,0.3218,1.480823
1430,loot,static_B_2020.02.14_13.21.26.csv,791,235.5852,78.00,71.40,0.3213,1.542361
1431,redandblack,driving_B_2020.01.16_09.56.56.csv,817,237.8878,100.00,71.12,0.3208,1.337855
1432,soldier,driving_B_2020.01.16_09.56.56.csv,997,239.0346,83.93,69.26,0.3203,1.642615
1433,longdress,driving_B_2020.02.13_13.03.24.csv,254,112.6213,0.00,-4.99,0.3199,1.386467
1434,loot,driving_B_2019.12.16_12.27.05.csv,433,72.3570,0.00,-48.81,0.3194,1.630804
1435,redandblack,driving_B_2020.01.16_12.10.03.csv,8,236.8206,64.00,74.05,0.3189,1.308303
1436,soldier,driving_B_2020.02.27_17.30.15.csv,363,18.3837,0.00,-149.04,0.3185,1.479583
1437,longdress,static_B_2020.02.27_18.39.27.csv,577,181.0932,100.00,19.05,0.3180,1.461268
1438,loot,static_B_2020.02.27_18.39.27.csv,5742,245.4777,76.48,72.72,0.3175,1.376784
1439,redandblack,driving_B_2020.02.27_17.30.15.csv,303,3.5660,0.00,-147.23,0.3170,1.519691
1440,soldier,driving_B_2019.12.17_07.32.39.csv,944,38.7848,0.00,-71.95,0.3166,1.411370
1441,longdress,static_B_2020.02.14_13.21.26.csv,131,211.9480,76.76,56.91,0.3161,1.357460
1442,loot,driving_B_2020.01.16_09.56.56.csv,397,140.0192,0.00,-4.82,0.3156,1.535580
1443,redandblack,static_B_2019.12.16_13.40.04.csv,1423,226.5934,100.00,62.82,0.3151,1.400810
1444,soldier,static_B_2020.02.27_18.39.27.csv,2077,223.7309,77.10,58.39,0.3147,1.438636
1445,longdress,driving_B_2020.02.13_15.02.01.csv,510,113.7968,14.92,11.16,0.3142,1.335213
1446,loot,driving_B_2019.12.17_07.32.39.csv,1844,93.7499,0.00,-45.45,0.3137,1.334956
1447,redandblack,driving_B_2020.01.16_07.26.43.csv,229,132.0143,39.93,21.75,0.3132,1.546202
1448,soldier,static_B_2020.02.27_18.39.27.csv,2977,233.7185,85.35,61.70,0.3128,1.635115
1449,longdress,driving_B_2020.02.13_15.02.01.csv,2490,73.3705,0.00,-124.41,0.3123,1.381165
1450,loot,static_B_2020.02.27_18.39.27.csv,637,255.5189,76.00,80.50,0.3118,1.380849
1451,redandblack,driving_B_2020.02.14_09.38.22.csv,820,162.5758,11.52,-6.08,0.3113,1.337795
1452,soldier,driving_B_2020.01.16_07.26.43.csv,1189,98.9317,0.00,-16.02,0.3109,1.445776
1453,longdress,static_B_2020.02.27_18.39.27.csv,4237,195.8664,69.34,50.02,0.3104,1.634508
1454,loot,driving_B_2020.02.13_15.02.01.csv,1890,179.3011,40.79,40.03,0.3099,1.521947
1455,redandblack,driving_B_2020.02.14_09.38.22.csv,1478,120.2491,1.16,2.25,0.3094,1.387104
1456,soldier,driving_B_2020.01.16_12.10.03.csv,68,248.7279,100.00,74.07,0.3090,1.327494
1457,longdress,static_B_2020.02.27_18.39.27.csv,2737,250.8259,100.00,77.81,0.3085,1.550852
1458,loot,driving_B_2020.02.13_13.03.24.csv,1574,76.2391,0.00,-20.76,0.3080,1.499637
1459,redandblack,static_B_2020.02.27_18.39.27.csv,4597,189.2156,74.82,42.73,0.3075,1.459979
1460,soldier,static_B_2020.02.27_18.39.27.csv,4957,239.5838,100.00,70.78,0.3071,1.514595
1461,longdress,driving_B_2020.02.13_13.03.24.csv,1754,185.3745,79.52,48.18,0.3066,1.523041
1462,loot,static_B_2020.02.27_18.39.27.csv,1537,245.9481,100.00,75.35,0.3061,1.440178
1463,redandblack,driving_B_2020.01.16_09.56.56.csv,1177,161.7777,48.70,39.53,0.3056,1.563972
1464,soldier,driving_B_2020.02.13_15.02.01.csv,2610,246.9602,86.39,76.73,0.3052,1.522054
1465,longdress,driving_B_2020.02.13_15.02.01.csv,2010,245.1338,100.00,72.63,0.3047,1.435555
1466,loot,driving_B_2020.01.16_09.56.56.csv,1570,191.2850,72.88,46.49,0.3042,1.461920
1467,redandblack,driving_B_2020.01.16_07.26.43.csv,1129,198.5087,71.08,51.41,0.3037,1.539386
1468,soldier,driving_B_2020.01.16_09.56.56.csv,1477,267.5906,100.00,82.55,0.3033,1.512441
1469,longdress,static_B_2019.12.16_13.40.04.csv,1243,152.5998,0.00,10.64,0.3028,1.523662
1470,loot,driving_B_2020.02.13_13.03.24.csv,1694,250.0320,81.76,75.87,0.3023,1.457694
1471,redandblack,driving_B_2019.12.17_07.32.39.csv,1184,159.2619,8.90,18.03,0.3018,1.442703
1472,soldier,driving_B_2020.02.13_15.02.01.csv,2370,-21.2644,0.00,-348.20,0.3014,1.397128
1473,longdress,driving_B_2020.02.13_15.02.01.csv,270,163.3500,35.28,28.07,0.3009,1.386264
1474,loot,driving_B_2020.02.13_13.03.24.csv,434,108.7052,0.00,6.02,0.3004,1.482978
1475,redandblack,driving_B_2020.01.16_09.56.56.csv,637,170.3705,0.00,47.16,0.2999,1.568130
1476,soldier,driving_B_2020.02.27_17.30.15.csv,63,-8.2653,0.00,-277.93,0.2995,1.477732
1477,longdress,driving_B_2020.02.27_17.30.15.csv,720,7.2339,0.00,-205.55,0.2990,1.448834
1478,loot,driving_B_2020.02.13_13.03.24.csv,2114,16.7190,0.00,-173.05,0.2985,1.556037
1479,redandblack,static_B_2019.12.16_13.40.04.csv,823,223.5317,100.00,65.48,0.2980,1.383804
1480,soldier,driving_B_2020.02.13_13.03.24.csv,854,38.5903,0.00,-111.51,0.2976,1.495974
1481,longdress,static_B_2020.02.27_18.39.27.csv,2257,205.9196,79.60,45.98,0.2971,1.455613
1482,loot,driving_B_2020.02.14_09.38.22.csv,340,78.2841,0.00,-33.49,0.2966,1.467913
1483,redandblack,static_B_2020.02.27_18.39.27.csv,3397,209.4997,62.00,60.99,0.2961,1.563845
1484,soldier,driving_B_2020.02.14_09.38.22.csv,1360,264.9032,100.00,82.55,0.2957,1.556763
1485,longdress,static_B_2020.02.27_18.39.27.csv,2437,254.3960,100.00,77.77,0.2952,1.636597
1486,loot,driving_B_2019.12.16_12.27.05.csv,493,24.9144,0.00,-183.87,0.2947,1.414827
1487,redandblack,static_B_2019.12.16_13.40.04.csv,1904,166.6753,40.00,26.18,0.2942,1.449051
1488,soldier,driving_B_2020.01.16_09.56.56.csv,1297,208.8293,54.07,48.64,0.2938,1.569111
1489,longdress,driving_B_2020.01.16_07.26.43.csv,1609,73.3514,0.00,-39.62,0.2933,1.416376
1490,loot,driving_B_2020.02.13_15.02.01.csv,810,88.0282,0.00,-10.57,0.2928,1.425243
1491,redandblack,driving_B_2020.02.27_17.30.15.csv,3,83.3467,0.00,-14.96,0.2923,1.500492
1492,soldier,driving_B_2020.01.16_09.56.56.csv,877,91.3462,0.00,-8.84,0.2919,1.423317
1493,longdress,driving_B_2020.02.13_15.02.01.csv,210,225.7876,68.90,50.21,0.2914,1.500162
1494,loot,driving_B_2020.01.16_07.26.43.csv,1309,195.3708,65.41,46.99,0.2909,1.533149
1495,redandblack,driving_B_2020.01.16_09.56.56.csv,1357,206.3287,26.00,62.10,0.2904,1.663443
1496,soldier,static_B_2020.02.27_18.39.27.csv,3817,186.0987,61.33,42.04,0.2900,1.492456
1497,longdress,driving_B_2019.12.16_12.27.05.csv,313,60.7519,0.00,-70.23,0.2895,1.392441
1498,loot,driving_B_2020.02.14_12.58.17.csv,652,125.1877,26.25,13.31,0.2890,1.469078
1499,redandblack,driving_B_2020.02.27_17.30.15.csv,123,15.6317,0.00,-128.34,0.2885,1.485146
1500,soldier,static_B_2020.02.27_18.39.27.csv,217,244.9263,82.09,72.96,0.2881,1.439419
1501,longdress,driving_B_2020.01.16_07.26.43.csv,649,120.4249,0.00,-7.49,0.2876,1.390733
1502,loot,static_B_2020.02.27_18.39.27.csv,1357,227.2095,46.00,68.64,0.2871,1.495201
1503,redandblack,driving_B_2019.12.17_07.32.39.csv,1424,203.9359,81.66,53.04,0.2867,1.586291
1504,soldier,static_B_2020.02.27_18.39.27.csv,3697,251.6433,88.00,78.06,0.2862,1.486489
1505,longdress,driving_B_2019.12.16_12.27.05.csv,133,152.7710,68.62,24.96,0.2857,1.505935
1506,loot,driving_B_2020.01.16_07.26.43.csv,589,121.8562,0.00,11.66,0.2852,1.606570
1507,redandblack,driving_B_2020.02.13_13.03.24.csv,1814,-64.5485,0.00,-812.28,0.2848,1.605041
1508,soldier,driving_B_2020.02.14_09.38.22.csv,1300,259.2555,100.00,79.78,0.2843,1.569377
1509,longdress,driving_B_2020.01.16_09.56.56.csv,937,98.0445,0.00,-18.16,0.2838,1.450289
1510,loot,static_B_2020.02.14_13.21.26.csv,491,246.9033,66.00,76.28,0.2833,1.486258
1511,redandblack,driving_B_2019.12.17_07.32.39.csv,2144,88.5634,0.00,-17.44,0.2829,1.628031
1512,soldier,static_B_2020.02.27_18.39.27.csv,97,215.5674,78.00,62.77,0.2824,1.564205
1513,longdress,driving_B_2020.01.16_07.26.43.csv,49,131.3361,35.45,19.79,0.2819,1.513289
1514,loot,driving_B_2020.02.14_12.58.17.csv,292,-44.6201,0.00,-315.47,0.2814,1.638611
1515,redandblack,driving_B_2020.02.13_15.02.01.csv,1950,220.6623,83.53,63.73,0.2810,1.588507
1516,soldier,driving_B_2020.01.16_07.26.43.csv,1770,49.1963,0.00,-43.80,0.2805,1.692001
1517,longdress,driving_B_2019.12.16_12.27.05.csv,793,146.6866,47.12,26.66,0.2800,1.451334
1518,loot,driving_B_2020.02.13_13.03.24.csv,2174,25.8513,0.00,-250.57,0.2795,1.641007
1519,redandblack,static_B_2020.02.27_18.39.27.csv,3457,255.9062,100.00,79.19,0.2791,1.546704
1520,soldier,driving_B_2020.01.16_09.56.56.csv,1237,158.3456,21.75,21.79,0.2786,1.482186
1521,longdress,driving_B_2020.02.14_12.58.17.csv,712,0.4694,0.00,-186.75,0.2781,1.450709
1522,loot,driving_B_2020.02.14_09.38.22.csv,880,208.3798,0.00,65.27,0.2776,1.534764
1523,redandblack,driving_B_2020.01.16_07.26.43.csv,1069,166.5823,28.83,32.96,0.2772,1.410276
1524,soldier,driving_B_2020.02.14_09.38.22.csv,1240,87.4426,0.00,-15.67,0.2767,1.355638
1525,longdress,driving_B_2020.02.13_13.03.24.csv,194,82.1649,0.00,-59.40,0.2762,1.546585
1526,loot,driving_B_2019.12.17_07.32.39.csv,1004,122.9504,0.00,-30.10,0.2757,1.573080
1527,redandblack,driving_B_2020.02.13_13.03.24.csv,1274,47.6180,0.00,-44.41,0.2753,1.701009
1528,soldier,driving_B_2020.02.13_13.03.24.csv,1874,-98.6863,0.00,-416.42,0.2748,1.510087
1529,longdress,driving_B_2019.12.17_07.32.39.csv,1364,231.9984,86.08,69.95,0.2743,1.490159
1530,loot,driving_B_2019.12.17_07.32.39.csv,1304,193.9173,56.62,40.01,0.2738,1.755199
1531,redandblack,driving_B_2020.01.16_09.56.56.csv,1570,176.4492,49.35,44.41,0.2734,1.426891
1532,soldier,static_B_2020.02.27_18.39.27.csv,4717,189.3867,62.23,39.09,0.2729,1.562049
1533,longdress,driving_B_2020.01.16_07.26.43.csv,1489,111.2152,0.00,-2.10,0.2724,1.615402
1534,loot,driving_B_2020.01.16_09.56.56.csv,1537,221.9589,44.00,67.65,0.2719,1.561156
1535,redandblack,driving_B_2019.12.17_07.32.39.csv,1904,145.6437,0.00,13.29,0.2715,1.469124
1536,soldier,static_B_2020.02.27_18.39.27.csv,937,204.4923,69.84,54.02,0.2710,1.516702
1537,longdress,driving_B_2020.02.13_15.02.01.csv,30,238.2440,80.17,68.12,0.2705,1.423358
1538,loot,driving_B_2020.02.13_15.02.01.csv,390,224.7675,58.00,66.46,0.2700,1.581078
1539,redandblack,driving_B_2020.01.16_09.56.56.csv,457,60.7771,0.00,-42.21,0.2696,1.494757
1540,soldier,driving_B_2019.12.16_12.27.05.csv,1152,133.4321,25.86,14.68,0.2691,1.526744
1541,longdress,static_B_2020.02.27_18.39.27.csv,5077,236.0238,92.00,71.49,0.2686,1.579220
1542,loot,static_B_2020.02.27_18.39.27.csv,3037,188.2632,77.53,46.71,0.2681,1.372524
1543,redandblack,driving_B_2019.12.17_07.32.39.csv,2264,238.8126,80.34,67.67,0.2677,1.604037
1544,soldier,driving_B_2019.12.17_07.32.39.csv,164,108.7438,0.00,-10.48,0.2672,1.579948
1545,longdress,driving_B_2020.02.13_15.02.01.csv,1110,247.7501,70.40,62.95,0.2667,1.586087
1546,loot,static_B_2020.02.14_13.21.26.csv,311,255.2977,78.00,79.92,0.2662,1.565809
1547,redandblack,driving_B_2020.01.16_07.26.43.csv,1669,152.9019,13.65,13.58,0.2658,1.442152
1548,soldier,driving_B_2020.02.13_13.03.24.csv,14,132.0007,5.76,4.53,0.2653,1.422957
1549,longdress,driving_B_2020.01.16_09.56.56.csv,37,105.4676,0.00,-21.01,0.2648,1.698495
1550,loot,driving_B_2020.02.13_15.02.01.csv,90,225.8102,100.00,64.51,0.2643,1.455395
1551,redandblack,driving_B_2020.01.16_07.26.43.csv,829,172.8319,61.97,40.75,0.2639,1.412842
1552,soldier,driving_B_2020.02.14_09.38.22.csv,520,179.3579,21.36,25.50,0.2634,1.593661
1553,longdress,driving_B_2020.02.13_13.03.24.csv,1394,97.0086,0.00,6.81,0.2629,1.772400
1554,loot,static_B_2019.12.16_13.40.04.csv,1904,161.2253,12.00,25.13,0.2624,1.464817
1555,redandblack,driving_B_2020.02.13_13.03.24.csv,1154,112.2704,0.54,0.27,0.2620,1.577536
1556,soldier,driving_B_2020.02.13_15.02.01.csv,1230,128.3159,5.20,5.51,0.2615,1.667703
1557,longdress,driving_B_2019.12.16_12.27.05.csv,673,131.2274,0.00,-33.40,0.2610,1.604735
1558,loot,driving_B_2019.12.17_07.32.39.csv,824,156.0341,46.66,33.75,0.2605,1.562786
1559,redandblack,static_B_2020.02.27_18.39.27.csv,4897,84.0401,0.00,-1.29,0.2601,1.674390
1560,soldier,driving_B_2020.02.14_09.38.22.csv,580,167.5460,53.77,35.41,0.2596,1.562954
1561,longdress,driving_B_2020.02.13_13.03.24.csv,2188,32.4353,0.00,-240.89,0.2591,1.477675
1562,loot,driving_B_2019.12.16_12.27.05.csv,13,149.2141,22.74,24.82,0.2586,1.429083
1563,redandblack,driving_B_2020.02.14_09.38.22.csv,760,165.3091,56.97,29.76,0.2582,1.379847
1564,soldier,static_B_2020.02.14_13.21.26.csv,671,274.9997,100.00,86.26,0.2577,1.513416
1565,longdress,static_B_2020.02.14_13.21.26.csv,71,225.8069,82.78,66.49,0.2572,1.546515
1566,loot,static_B_2020.02.27_18.39.27.csv,3337,216.9748,71.07,56.89,0.2567,1.585459
1567,redandblack,driving_B_2019.12.16_12.27.05.csv,1033,238.8324,86.00,73.77,0.2563,1.515913
1568,soldier,static_B_2020.02.27_18.39.27.csv,4417,224.8794,57.04,52.09,0.2558,1.454010
1569,longdress,driving_B_2020.02.14_12.58.17.csv,800,98.9937,0.00,-1.13,0.2553,1.513349
1570,loot,static_B_2020.02.27_18.39.27.csv,3637,241.2003,80.00,73.33,0.2549,1.547406
1571,redandblack,driving_B_2020.02.13_13.03.24.csv,614,105.8176,0.00,-12.53,0.2544,1.733492
1572,soldier,driving_B_2020.02.14_09.38.22.csv,100,42.1241,0.00,-80.41,0.2539,1.554762
1573,longdress,driving_B_2019.12.17_07.32.39.csv,2288,210.3021,55.28,53.91,0.2534,1.629720
1574,loot,static_B_2020.02.27_18.39.27.csv,2197,255.7581,100.00,79.14,0.2530,1.558541
1575,redandblack,driving_B_2020.02.14_12.58.17.csv,800,128.2773,19.06,9.01,0.2525,1.663333
1576,soldier,driving_B_2020.01.16_09.56.56.csv,277,259.4227,100.00,78.07,0.2520,1.429437
1577,longdress,driving_B_2020.02.13_13.03.24.csv,914,54.3708,0.00,-58.64,0.2515,1.525837
1578,loot,driving_B_2020.01.16_07.26.43.csv,469,97.9521,0.00,-8.68,0.2511,1.528541
1579,redandblack,driving_B_2020.02.13_15.02.01.csv,1590,25.5959,0.00,-330.22,0.2506,1.790053
1580,soldier,static_B_2020.02.27_18.39.27.csv,1297,245.3994,100.00,75.35,0.2501,1.539603
1581,longdress,driving_B_2020.02.13_15.02.01.csv,930,222.6478,66.00,68.45,0.2496,1.582231
1582,loot,driving_B_2019.12.16_12.27.05.csv,373,-6.2837,0.00,-212.66,0.2492,1.682965
1583,redandblack,static_B_2019.12.16_13.40.04.csv,523,232.4246,100.00,56.96,0.2487,1.494854
1584,soldier,driving_B_2020.02.13_13.03.24.csv,1454,108.4977,0.00,-24.94,0.2482,1.628650
1585,longdress,static_B_2020.02.14_13.21.26.csv,731,224.6434,100.00,64.05,0.2477,1.585066
1586,loot,driving_B_2020.01.16_07.26.43.csv,1249,146.5572,36.81,25.87,0.2473,1.563744
1587,redandblack,static_B_2020.02.27_18.39.27.csv,2917,195.1541,59.54,46.04,0.2468,1.536087
1588,soldier,driving_B_2019.12.16_12.27.05.csv,553,60.6135,0.00,-70.05,0.2463,1.444187
1589,longdress,static_B_2020.02.27_18.39.27.csv,5737,218.2212,75.99,56.80,0.2458,1.626180
1590,loot,static_B_2020.02.27_18.39.27.csv,1837,142.1248,43.02,-0.05,0.2454,1.669074
1591,redandblack,static_B_2020.02.27_18.39.27.csv,5017,243.8981,100.00,74.50,0.2449,1.509206
1592,soldier,static_B_2019.12.16_13.40.04.csv,163,231.8241,100.00,67.98,0.2444,1.634905
1593,longdress,driving_B_2020.01.16_07.26.43.csv,1549,69.3325,0.00,-82.38,0.2439,1.570755
1594,loot,driving_B_2020.02.13_15.02.01.csv,870,222.3728,83.52,61.57,0.2435,1.468950
1595,redandblack,static_B_2020.02.27_18.39.27.csv,2857,247.0500,100.00,75.40,0.2430,1.580951
1596,soldier,static_B_2020.02.27_18.39.27.csv,4177,263.6936,82.00,82.98,0.2425,1.578929
1597,longdress,driving_B_2020.01.16_09.56.56.csv,157,173.6110,34.44,33.99,0.2420,1.669352
1598,loot,static_B_2019.12.16_13.40.04.csv,643,222.0178,81.57,55.92,0.2416,1.758804
1599,redandblack,driving_B_2019.12.17_07.32.39.csv,2024,166.6975,0.00,-62.67,0.2411,1.635570
1600,soldier,static_B_2019.12.16_13.40.04.csv,1843,214.1445,55.80,48.94,0.2406,1.580929
1601,longdress,driving_B_2019.12.16_12.27.05.csv,193,127.4625,34.58,22.49,0.2401,1.760337
1602,loot,static_B_2020.02.27_18.39.27.csv,1237,172.1044,12.00,45.34,0.2397,1.549842
1603,redandblack,static_B_2020.02.27_18.39.27.csv,37,231.9977,80.00,70.05,0.2392,1.634304
1604,soldier,driving_B_2020.02.14_09.38.22.csv,700,209.8716,48.35,49.18,0.2387,1.566129
1605,longdress,static_B_2019.12.16_13.40.04.csv,1903,178.9660,70.00,29.16,0.2382,1.489050
1606,loot,driving_B_2020.02.13_15.02.01.csv,690,198.8782,75.97,45.49,0.2378,1.793816
1607,redandblack,static_B_2020.02.27_18.39.27.csv,4057,229.5512,72.00,69.32,0.2373,1.610034
1608,soldier,driving_B_2020.02.13_15.02.01.csv,1290,-17.2773,0.00,-359.96,0.2368,1.536370
1609,longdress,driving_B_2020.02.14_12.58.17.csv,772,24.4675,0.00,-79.73,0.2363,1.685243
1610,loot,driving_B_2020.02.13_13.03.24.csv,74,118.2455,5.42,17.20,0.2359,1.502703
1611,redandblack,static_B_2020.02.27_18.39.27.csv,1477,210.2504,59.47,48.78,0.2354,1.594464
1612,soldier,driving_B_2020.01.16_07.26.43.csv,1009,129.6255,2.52,14.95,0.2349,1.694304
1613,longdress,driving_B_2019.12.17_07.32.39.csv,404,163.0564,0.00,19.44,0.2344,1.599754
1614,loot,static_B_2020.02.27_18.39.27.csv,4657,94.8410,0.00,-31.13,0.2340,1.529308
1615,redandblack,driving_B_2020.02.13_15.02.01.csv,750,188.0555,57.09,43.21,0.2335,1.645861
1616,soldier,driving_B_2019.12.17_07.32.39.csv,584,117.3838,4.08,7.96,0.2330,1.611152
1617,longdress,static_B_2020.02.27_18.39.27.csv,5742,225.8346,73.61,62.39,0.2325,1.458694
1618,loot,driving_B_2020.02.14_09.38.22.csv,460,141.6284,29.69,25.51,0.2321,1.665433
1619,redandblack,driving_B_2020.02.14_12.58.17.csv,532,100.4879,0.00,-18.14,0.2316,1.563030
1620,soldier,driving_B_2020.02.27_17.30.15.csv,243,-56.4976,0.00,-296.19,0.2311,1.416646
1621,longdress,static_B_2019.12.16_13.40.04.csv,1783,209.0241,55.60,47.52,0.2306,1.545576
1622,loot,driving_B_2020.02.13_13.03.24.csv,794,117.1763,0.00,2.68,0.2302,1.524923
1623,redandblack,static_B_2020.02.27_18.39.27.csv,337,248.8047,100.00,77.76,0.2297,1.568740
1624,soldier,driving_B_2020.02.14_09.38.22.csv,1180,39.6435,0.00,-95.96,0.2292,1.603242
1625,longdress,driving_B_2020.02.27_17.30.15.csv,423,0.9035,0.00,-411.18,0.2287,1.639357
1626,loot,static_B_2020.02.14_13.21.26.csv,431,256.8006,90.00,79.07,0.2283,1.587758
1627,redandblack,static_B_2020.02.27_18.39.27.csv,877,229.4680,77.86,59.88,0.2278,1.495494
1628,soldier,static_B_2020.02.27_18.39.27.csv,5557,247.0601,80.00,76.64,0.2273,1.628609
1629,longdress,static_B_2020.02.27_18.39.27.csv,5497,247.8400,81.71,73.93,0.2268,1.712252
1630,loot,driving_B_2020.02.14_12.58.17.csv,232,-68.1656,0.00,-492.35,0.2264,1.666097
1631,redandblack,driving_B_2020.02.13_13.03.24.csv,1634,56.8175,0.00,-72.59,0.2259,1.619802
1632,soldier,driving_B_2020.02.13_15.02.01.csv,1650,74.6816,0.00,-105.00,0.2254,1.536288
1633,longdress,driving_B_2020.02.13_13.03.24.csv,1514,89.1499,0.00,-29.79,0.2249,1.571302
1634,loot,driving_B_2020.02.27_17.30.15.csv,663,68.7828,0.00,-56.99,0.2245,1.502253
1635,redandblack,static_B_2020.02.27_18.39.27.csv,5137,239.5458,66.00,74.98,0.2240,1.487078
1636,soldier,driving_B_2020.02.13_15.02.01.csv,1170,194.4822,41.09,41.68,0.2235,1.635471
1637,longdress,static_B_2020.02.27_18.39.27.csv,1117,148.2417,22.62,14.10,0.2231,1.620378
1638,loot,driving_B_2020.02.14_09.38.22.csv,1000,134.4213,45.44,23.62,0.2226,1.584393
1639,redandblack,static_B_2020.02.27_18.39.27.csv,4357,179.9678,32.57,29.69,0.2221,1.618029
1640,soldier,static_B_2020.02.27_18.39.27.csv,2137,186.5528,24.28,39.10,0.2216,1.652862
1641,longdress,static_B_2020.02.14_13.21.26.csv,11,178.6071,81.43,50.11,0.2212,1.516915
1642,loot,static_B_2020.02.27_18.39.27.csv,3757,248.9899,100.00,75.25,0.2207,1.730185
1643,redandblack,driving_B_2019.12.16_12.27.05.csv,1093,191.8996,44.03,42.33,0.2202,1.557375
1644,soldier,driving_B_2020.01.16_07.26.43.csv,409,47.7686,0.00,-68.54,0.2197,1.682190
1645,longdress,static_B_2020.02.27_18.39.27.csv,4117,256.2767,100.00,79.21,0.2193,1.455839
1646,loot,driving_B_2019.12.17_07.32.39.csv,1964,198.8246,57.66,49.20,0.2188,1.535771
1647,redandblack,static_B_2020.02.27_18.39.27.csv,3517,213.6207,47.19,54.89,0.2183,1.609531
1648,soldier,driving_B_2020.01.16_07.26.43.csv,289,158.5936,43.66,32.28,0.2178,1.721359
1649,longdress,static_B_2020.02.27_18.39.27.csv,2677,171.4984,58.62,39.29,0.2174,1.465871
1650,loot,static_B_2020.02.27_18.39.27.csv,5377,243.4933,62.00,75.78,0.2169,1.580274
1651,redandblack,driving_B_2019.12.16_12.27.05.csv,973,251.2045,100.00,76.16,0.2164,1.708408
1652,soldier,driving_B_2020.02.14_09.38.22.csv,280,24.0545,0.00,-87.20,0.2159,1.445402
1653,longdress,driving_B_2019.12.17_07.32.39.csv,1124,213.6209,80.96,59.31,0.2155,1.692761
1654,loot,driving_B_2020.02.13_15.02.01.csv,990,124.7907,0.00,-18.74,0.2150,1.658849
1655,redandblack,static_B_2020.02.27_18.39.27.csv,2017,196.6271,66.27,50.32,0.2145,1.599980
1656,soldier,driving_B_2020.02.13_13.03.24.csv,1934,-22.1929,0.00,-194.60,0.2140,1.494903
1657,longdress,driving_B_2020.02.14_09.38.22.csv,40,125.1792,30.14,18.79,0.2136,1.483596
1658,loot,static_B_2020.02.27_18.39.27.csv,1657,236.9570,100.00,68.76,0.2131,1.603900
1659,redandblack,driving_B_2020.02.13_13.03.24.csv,974,101.6120,0.00,-22.43,0.2126,1.459889
1660,soldier,static_B_2020.02.27_18.39.27.csv,2617,239.9100,68.40,64.04,0.2121,1.736142
1661,longdress,driving_B_2019.12.16_12.27.05.csv,733,179.1906,0.00,5.06,0.2117,1.682366
1662,loot,driving_B_2020.02.14_09.38.22.csv,1478,161.0185,24.58,22.77,0.2112,1.769999
1663,redandblack,driving_B_2020.01.16_09.56.56.csv,97,122.7414,0.00,-27.71,0.2107,1.626225
1664,soldier,driving_B_2020.02.13_15.02.01.csv,450,98.1964,0.00,-19.40,0.2102,1.609417
1665,longdress,static_B_2019.12.16_13.40.04.csv,763,272.6153,100.00,86.39,0.2098,1.720142
1666,loot,static_B_2019.12.16_13.40.04.csv,1363,161.6321,0.00,-197.18,0.2093,1.643930
1667,redandblack,driving_B_2019.12.17_07.32.39.csv,2204,116.8837,0.00,-7.33,0.2088,1.661303
1668,soldier,driving_B_2020.02.14_12.58.17.csv,472,0.2944,0.00,-201.45,0.2083,1.589847
1669,longdress,static_B_2020.02.27_18.39.27.csv,3936,263.1351,100.00,82.17,0.2079,1.530131
1670,loot,static_B_2020.02.27_18.39.27.csv,996,248.7513,85.96,72.48,0.2074,1.748163
1671,redandblack,driving_B_2020.02.14_12.58.17.csv,63,76.8709,0.00,-62.56,0.2069,1.501170
1672,soldier,driving_B_2020.01.16_07.26.43.csv,223,105.0812,0.00,-12.87,0.2064,1.690402
1673,longdress,driving_B_2020.02.13_13.03.24.csv,127,125.2867,1.92,5.16,0.2060,1.662635
1674,loot,static_B_2020.02.27_18.39.27.csv,2856,268.5348,100.00,84.47,0.2055,1.540126
1675,redandblack,driving_B_2020.02.27_17.30.15.csv,381,59.8936,0.00,-83.48,0.2050,1.655475
1676,soldier,driving_B_2020.02.14_12.58.17.csv,243,-63.2888,0.00,-604.79,0.2045,1.730023
1677,longdress,static_B_2019.12.16_13.40.04.csv,89,277.8643,100.00,88.90,0.2041,1.706105
1678,loot,driving_B_2020.02.13_13.03.24.csv,727,129.2275,0.37,1.24,0.2036,1.557504
1679,redandblack,driving_B_2020.02.13_15.02.01.csv,1653,32.0130,0.00,-88.49,0.2031,1.720086
1680,soldier,static_B_2020.02.14_13.21.26.csv,768,267.6973,100.00,83.91,0.2026,1.673691
1681,longdress,driving_B_2019.12.17_07.32.39.csv,646,165.0950,71.00,40.85,0.2022,1.699908
1682,loot,driving_B_2020.02.13_15.02.01.csv,993,125.3493,0.00,-16.20,0.2017,1.651702
1683,redandblack,driving_B_2020.02.13_15.02.01.csv,393,231.6658,84.00,69.98,0.2012,1.717958
1684,soldier,driving_B_2020.02.14_09.38.22.csv,1388,50.3016,0.00,-28.14,0.2007,1.762281
1685,longdress,driving_B_2020.02.13_13.03.24.csv,907,100.5998,0.00,-4.52,0.2003,1.725407
1686,loot,driving_B_2020.02.13_15.02.01.csv,2553,206.0884,58.88,50.16,0.1998,1.629117
1687,redandblack,driving_B_2019.12.17_07.32.39.csv,1546,191.8934,100.00,53.97,0.1993,1.855941
1688,soldier,driving_B_2020.02.13_15.02.01.csv,1953,246.4603,68.68,68.16,0.1988,1.630542
1689,longdress,driving_B_2020.02.27_17.30.15.csv,441,-25.7586,0.00,-413.88,0.1984,1.545959
1690,loot,static_B_2020.02.27_18.39.27.csv,5496,273.3979,100.00,87.15,0.1979,1.577095
1691,redandblack,driving_B_2020.02.13_13.03.24.csv,847,117.1960,0.00,-10.37,0.1974,1.647348
1692,soldier,driving_B_2020.02.27_17.30.15.csv,321,7.5346,0.00,-99.23,0.1969,1.560689
1693,longdress,driving_B_2020.02.13_13.03.24.csv,667,99.2937,0.00,-26.42,0.1965,1.667998
1694,loot,static_B_2020.02.27_18.39.27.csv,4656,120.5341,0.00,3.07,0.1960,1.892862
1695,redandblack,static_B_2020.02.27_18.39.27.csv,3756,263.7686,85.60,79.84,0.1955,1.581597
1696,soldier,driving_B_2020.02.14_09.38.22.csv,1478,100.2014,0.00,-7.15,0.1950,1.791190
1697,longdress,driving_B_2020.02.13_13.03.24.csv,7,147.0270,14.07,6.27,0.1946,1.703624
1698,loot,static_B_2020.02.27_18.39.27.csv,3876,103.4976,5.40,2.51,0.1941,1.730773
1699,redandblack,driving_B_2019.12.16_12.27.05.csv,748,206.8417,62.64,43.50,0.1936,1.647764
1700,soldier,static_B_2020.02.27_18.39.27.csv,4776,244.4092,100.00,72.86,0.1931,1.546307
1701,longdress,driving_B_2020.02.14_09.38.22.csv,1268,174.4941,57.72,40.94,0.1927,1.709207
1702,loot,driving_B_2019.12.16_12.27.05.csv,988,265.3564,100.00,82.71,0.1922,1.752175
1703,redandblack,driving_B_2020.02.13_13.03.24.csv,1387,118.2239,2.35,4.08,0.1917,1.548118
1704,soldier,driving_B_2020.02.13_15.02.01.csv,153,250.5312,88.10,74.05,0.1913,1.546254
1705,longdress,static_B_2020.02.27_18.39.27.csv,2376,180.4693,0.00,-135.25,0.1908,1.767580
1706,loot,static_B_2020.02.27_18.39.27.csv,3156,22.4203,0.00,-311.46,0.1903,1.630605
1707,redandblack,driving_B_2020.02.14_12.58.17.csv,783,73.4906,0.00,-31.63,0.1898,1.694159
1708,soldier,driving_B_2020.01.16_07.26.43.csv,1423,69.8510,0.00,-46.54,0.1894,1.497208
1709,longdress,driving_B_2019.12.17_07.32.39.csv,2206,131.4783,0.00,-21.28,0.1889,1.614575
1710,loot,static_B_2020.02.27_18.39.27.csv,5556,205.2622,24.00,60.11,0.1884,1.582378
1711,redandblack,driving_B_2020.02.13_13.03.24.csv,1807,-57.1849,0.00,-832.51,0.1879,1.769002
1712,soldier,static_B_2020.02.27_18.39.27.csv,936,225.0674,64.03,57.31,0.1875,1.775591
1713,longdress,static_B_2020.02.27_18.39.27.csv,4596,190.9022,40.61,38.64,0.1870,1.729499
1714,loot,driving_B_2019.12.16_12.27.05.csv,508,3.2199,0.00,-138.73,0.1865,1.655855
1715,redandblack,driving_B_2020.02.13_13.03.24.csv,607,94.1505,0.00,-3.74,0.1860,1.600519
1716,soldier,driving_B_2020.02.14_09.38.22.csv,428,84.4617,0.00,-5.65,0.1856,1.744625
1717,longdress,driving_B_2019.12.16_12.27.05.csv,148,168.5355,70.65,44.98,0.1851,1.834161
1718,loot,static_B_2019.12.16_13.40.04.csv,1469,268.5317,100.00,84.95,0.1846,1.625269
1719,redandblack,driving_B_2020.02.13_13.03.24.csv,787,74.1946,0.00,-15.55,0.1841,1.694804
1720,soldier,driving_B_2019.12.16_12.27.05.csv,868,270.8399,87.26,84.02,0.1837,1.511221
1721,longdress,static_B_2020.02.27_18.39.27.csv,3996,222.5077,74.00,64.87,0.1832,1.718574
1722,loot,static_B_2019.12.16_13.40.04.csv,929,170.9395,61.13,44.46,0.1827,1.586981
1723,redandblack,static_B_2020.02.27_18.39.27.csv,396,246.0624,100.00,74.58,0.1822,1.530700
1724,soldier,driving_B_2020.02.14_12.58.17.csv,423,-44.8895,0.00,-366.07,0.1818,1.715888
1725,longdress,static_B_2020.02.14_13.21.26.csv,828,238.6085,65.46,66.30,0.1813,1.664096
1726,loot,static_B_2019.12.16_13.40.04.csv,689,273.7548,100.00,87.39,0.1808,1.796352
1727,redandblack,driving_B_2020.02.13_15.02.01.csv,2754,101.1986,0.00,-0.41,0.1803,1.795930
1728,soldier,driving_B_2020.02.13_13.03.24.csv,1327,91.8436,0.00,-8.10,0.1799,1.535369
1729,longdress,driving_B_2020.02.13_15.02.01.csv,573,127.3798,0.00,10.89,0.1794,1.636836
1730,loot,driving_B_2020.01.16_12.10.03.csv,190,275.9635,100.00,88.79,0.1789,1.719374
1731,redandblack,driving_B_2020.02.13_13.03.24.csv,2107,39.3931,0.00,-84.72,0.1784,1.781223
1732,soldier,driving_B_2020.01.16_07.26.43.csv,1770,34.9671,0.00,-81.07,0.1780,1.704002
1733,longdress,driving_B_2020.02.14_12.58.17.csv,3,140.0632,14.20,14.53,0.1775,1.631035
1734,loot,driving_B_2020.01.16_09.56.56.csv,479,248.7196,100.00,75.19,0.1770,1.696003
1735,redandblack,driving_B_2020.02.14_12.58.17.csv,543,117.0603,53.13,16.64,0.1765,1.644542
1736,soldier,driving_B_2019.12.17_07.32.39.csv,2026,131.3821,0.00,-116.82,0.1761,1.648283
1737,longdress,driving_B_2020.02.13_13.03.24.csv,67,95.2454,0.00,-17.58,0.1756,1.776124
1738,loot,driving_B_2020.02.14_12.58.17.csv,123,156.8690,59.09,34.66,0.1751,1.740519
1739,redandblack,driving_B_2019.12.17_07.32.39.csv,706,123.7495,22.44,9.38,0.1746,1.719531
1740,soldier,driving_B_2019.12.17_07.32.39.csv,226,78.3734,0.00,-26.14,0.1742,1.857320
1741,longdress,driving_B_2020.02.13_15.02.01.csv,1533,75.3840,0.00,-51.61,0.1737,1.712081
1742,loot,static_B_2019.12.16_13.40.04.csv,1049,181.7543,49.26,41.28,0.1732,1.693342
1743,redandblack,static_B_2019.12.16_13.40.04.csv,1229,244.4299,79.60,70.87,0.1727,1.760217
1744,soldier,static_B_2020.02.27_18.39.27.csv,5376,273.3386,100.00,86.39,0.1723,1.799601
1745,longdress,driving_B_2019.12.16_12.27.05.csv,268,121.6697,2.95,-5.87,0.1718,1.567722
1746,loot,static_B_2019.12.16_13.40.04.csv,1409,216.4214,83.83,46.56,0.1713,1.809903
1747,redandblack,driving_B_2020.01.16_09.56.56.csv,1019,241.7084,88.00,74.23,0.1708,1.796742
1748,soldier,driving_B_2020.02.13_13.03.24.csv,1867,-73.5650,0.00,-556.33,0.1704,1.904016
1749,longdress,static_B_2020.02.27_18.39.27.csv,2256,238.7086,67.92,63.67,0.1699,1.755452
1750,loot,static_B_2020.02.27_18.39.27.csv,3036,219.5534,79.13,57.96,0.1694,1.902142
1751,redandblack,static_B_2020.02.27_18.39.27.csv,2676,191.0911,64.26,44.35,0.1689,1.882705
1752,soldier,static_B_2020.02.27_18.39.27.csv,4476,180.6526,64.25,45.09,0.1685,1.632186
1753,longdress,static_B_2020.02.27_18.39.27.csv,2736,244.6519,100.00,73.72,0.1680,1.827640
1754,loot,driving_B_2020.02.27_17.30.15.csv,681,77.4043,0.00,-44.38,0.1675,1.664247
1755,redandblack,static_B_2020.02.27_18.39.27.csv,5616,239.6521,74.00,72.68,0.1670,1.674759
1756,soldier,driving_B_2020.01.16_07.26.43.csv,943,46.2843,0.00,-96.15,0.1666,1.678456
1757,longdress,driving_B_2020.02.13_15.02.01.csv,693,178.9749,55.24,41.68,0.1661,1.752654
1758,loot,static_B_2020.02.27_18.39.27.csv,1596,226.7718,72.95,56.79,0.1656,1.594418
1759,redandblack,driving_B_2020.01.16_09.56.56.csv,659,120.5242,0.00,0.57,0.1651,1.815038
1760,soldier,driving_B_2020.01.16_07.26.43.csv,1303,168.5777,51.91,39.05,0.1647,1.746568
1761,longdress,static_B_2020.02.27_18.39.27.csv,1056,224.4220,59.97,55.98,0.1642,1.880578
1762,loot,static_B_2020.02.27_18.39.27.csv,5196,217.7539,48.00,64.68,0.1637,1.753161
1763,redandblack,driving_B_2020.01.16_09.56.56.csv,179,166.3005,58.83,40.35,0.1632,1.705330
1764,soldier,static_B_2020.02.27_18.39.27.csv,2316,202.2555,36.91,38.73,0.1628,1.675364
1765,longdress,static_B_2020.02.27_18.39.27.csv,4896,103.7558,0.00,-9.99,0.1623,1.816269
1766,loot,driving_B_2019.12.17_07.32.39.csv,1306,194.3024,59.43,47.32,0.1618,1.697209
1767,redandblack,driving_B_2020.02.13_15.02.01.csv,2193,199.5778,53.21,52.14,0.1613,1.703089
1768,soldier,static_B_2020.02.27_18.39.27.csv,1536,251.7186,82.10,67.57,0.1609,1.685227
1769,longdress,driving_B_2019.12.17_07.32.39.csv,1726,57.0603,0.00,-65.25,0.1604,1.781630
1770,loot,driving_B_2019.12.16_12.27.05.csv,1152,154.3436,42.29,18.00,0.1599,1.747168
1771,redandblack,static_B_2020.02.27_18.39.27.csv,3456,236.7933,100.00,69.71,0.1595,1.653066
1772,soldier,driving_B_2020.02.14_09.38.22.csv,968,239.5170,100.00,70.37,0.1590,1.457751
1773,longdress,driving_B_2019.12.17_07.32.39.csv,1366,250.7511,100.00,76.54,0.1585,1.567448
1774,loot,driving_B_2020.01.16_07.26.43.csv,1483,109.9460,0.06,11.05,0.1580,1.806220
1775,redandblack,driving_B_2019.12.17_07.32.39.csv,286,172.2363,82.48,50.93,0.1576,1.811674
1776,soldier,driving_B_2020.02.14_09.38.22.csv,128,54.2316,0.00,-81.53,0.1571,1.662006
1777,longdress,static_B_2020.02.27_18.39.27.csv,816,216.7730,35.12,53.31,0.1566,1.770194
1778,loot,static_B_2020.02.27_18.39.27.csv,4716,207.9765,82.67,49.67,0.1561,1.816800
1779,redandblack,driving_B_2020.02.13_13.03.24.csv,427,140.1857,30.65,17.69,0.1557,1.816729
1780,soldier,driving_B_2020.02.14_09.38.22.csv,308,28.2311,0.00,-63.26,0.1552,1.809841
1781,longdress,driving_B_2020.01.16_07.26.43.csv,1543,77.7658,0.00,-40.47,0.1547,1.605368
1782,loot,driving_B_2020.02.13_15.02.01.csv,1233,145.5454,45.79,24.35,0.1542,1.749033
1783,redandblack,driving_B_2020.02.13_15.02.01.csv,2373,32.2128,0.00,-146.31,0.1538,1.793501
1784,soldier,driving_B_2020.02.14_09.38.22.csv,788,99.8389,0.00,-11.62,0.1533,1.668983
1785,longdress,static_B_2019.12.16_13.40.04.csv,1589,243.7060,83.13,71.54,0.1528,1.672547
1786,loot,static_B_2020.02.27_18.39.27.csv,2556,230.2571,76.27,65.69,0.1523,1.729924
1787,redandblack,static_B_2019.12.16_13.40.04.csv,1904,165.1256,0.00,26.90,0.1519,1.563706
1788,soldier,driving_B_2020.01.16_09.56.56.csv,839,80.8322,0.00,-17.90,0.1514,1.853477
1789,longdress,driving_B_2020.01.16_09.56.56.csv,1079,100.6486,0.00,1.65,0.1509,1.765478
1790,loot,driving_B_2020.02.13_15.02.01.csv,1053,218.1192,34.00,65.98,0.1504,1.670240
1791,redandblack,static_B_2020.02.14_13.21.26.csv,528,257.0398,80.00,81.27,0.1500,1.736799
1792,soldier,static_B_2020.02.27_18.39.27.csv,3576,166.3761,59.12,36.57,0.1495,1.679522
1793,longdress,driving_B_2020.02.27_17.30.15.csv,501,4.0120,0.00,-105.43,0.1490,1.909738
1794,loot,driving_B_2020.02.13_13.03.24.csv,487,144.8072,21.98,12.33,0.1485,1.730769
1795,redandblack,driving_B_2020.01.16_07.26.43.csv,643,135.6955,25.78,24.54,0.1481,1.793696
1796,soldier,static_B_2020.02.27_18.39.27.csv,576,225.4241,100.00,36.29,0.1476,1.579687
1797,longdress,driving_B_2020.01.16_09.56.56.csv,1559,257.8766,100.00,79.49,0.1471,1.847150
1798,loot,driving_B_2020.02.13_15.02.01.csv,33,241.1858,100.00,74.02,0.1466,1.731113
1799,redandblack,static_B_2020.02.27_18.39.27.csv,5736,262.5139,100.00,82.53,0.1462,1.834756
1800,soldier,driving_B_2019.12.16_12.27.05.csv,1048,166.0713,30.28,28.99,0.1457,1.872914
1801,longdress,driving_B_2020.01.16_12.10.03.csv,10,219.6455,73.01,59.42,0.1452,1.852871
1802,loot,driving_B_2020.02.13_15.02.01.csv,513,152.3843,48.64,19.74,0.1447,1.712407
1803,redandblack,driving_B_2020.02.14_12.58.17.csv,183,-55.8238,0.00,-197.26,0.1443,1.713540
1804,soldier,static_B_2020.02.27_18.39.27.csv,1656,224.2424,57.46,53.54,0.1438,1.862411
1805,longdress,static_B_2020.02.27_18.39.27.csv,4296,195.4313,51.85,52.61,0.1433,1.809323
1806,loot,static_B_2020.02.27_18.39.27.csv,4536,238.2738,84.40,66.49,0.1428,1.711658
1807,redandblack,driving_B_2020.02.27_17.30.15.csv,561,90.5916,0.00,-23.63,0.1424,1.715355
1808,soldier,driving_B_2020.02.27_17.30.15.csv,261,-19.8916,0.00,-216.01,0.1419,1.715083
1809,longdress,driving_B_2020.02.13_15.02.01.csv,1473,89.1660,0.00,-51.58,0.1414,1.720912
1810,loot,driving_B_2019.12.17_07.32.39.csv,2266,262.0819,100.00,79.04,0.1409,1.871541
1811,redandblack,driving_B_2019.12.17_07.32.39.csv,1006,153.2815,0.28,-8.70,0.1405,1.537510
1812,soldier,static_B_2020.02.27_18.39.27.csv,2076,238.2729,79.12,60.43,0.1400,1.753919
1813,longdress,driving_B_2020.02.14_09.38.22.csv,1028,143.5647,4.46,-10.05,0.1395,1.863138
1814,loot,static_B_2020.02.27_18.39.27.csv,276,261.0455,100.00,82.68,0.1390,1.817372
1815,redandblack,static_B_2020.02.14_13.21.26.csv,228,251.2962,84.00,78.07,0.1386,1.722155
1816,soldier,driving_B_2020.02.14_12.58.17.csv,723,-0.0051,0.00,-199.09,0.1381,1.688732
1817,longdress,driving_B_2020.01.16_07.26.43.csv,343,89.8165,0.00,-18.35,0.1376,1.811595
1818,loot,driving_B_2020.02.13_15.02.01.csv,1293,-13.9144,0.00,-160.14,0.1371,1.930464
1819,redandblack,static_B_2020.02.27_18.39.27.csv,696,258.5004,100.00,80.09,0.1367,1.843850
1820,soldier,static_B_2020.02.27_18.39.27.csv,2196,240.6272,78.51,67.95,0.1362,1.866542
1821,longdress,static_B_2020.02.27_18.39.27.csv,216,249.1676,100.00,74.92,0.1357,1.727968
1822,loot,static_B_2020.02.27_18.39.27.csv,1896,223.1182,0.00,70.79,0.1352,1.844499
1823,redandblack,driving_B_2019.12.17_07.32.39.csv,46,168.4515,0.00,23.00,0.1348,1.905255
1824,soldier,driving_B_2019.12.17_07.32.39.csv,2288,235.8779,43.06,57.71,0.1343,1.853797
1825,longdress,driving_B_2020.02.14_12.58.17.csv,483,10.2882,0.00,-159.48,0.1338,1.895379
1826,loot,driving_B_2020.02.13_15.02.01.csv,2493,56.3878,0.00,-88.79,0.1333,1.888367
1827,redandblack,static_B_2020.02.27_18.39.27.csv,4056,252.4622,68.00,79.10,0.1329,1.830124
1828,soldier,static_B_2020.02.27_18.39.27.csv,5316,258.0102,100.00,78.63,0.1324,1.838580
1829,longdress,static_B_2020.02.27_18.39.27.csv,3096,170.7172,65.70,43.50,0.1319,1.817810
1830,loot,static_B_2020.02.27_18.39.27.csv,5742,246.4645,74.48,72.34,0.1314,1.705906
1831,redandblack,driving_B_2020.02.13_13.03.24.csv,1927,-8.9472,0.00,-184.32,0.1310,1.756216
1832,soldier,driving_B_2020.01.16_07.26.43.csv,1243,129.9901,23.78,20.02,0.1305,1.883732
1833,longdress,driving_B_2019.12.16_12.27.05.csv,328,104.5938,0.00,-1.03,0.1300,1.842039
1834,loot,static_B_2020.02.27_18.39.27.csv,36,274.3251,100.00,87.39,0.1295,1.772487
1835,redandblack,driving_B_2020.02.13_13.03.24.csv,187,141.9534,24.84,15.34,0.1291,1.717748
1836,soldier,driving_B_2020.02.13_15.02.01.csv,2433,-13.4366,0.00,-230.72,0.1286,1.770267
1837,longdress,driving_B_2020.01.16_09.56.56.csv,1319,241.3481,84.48,72.80,0.1281,1.778054
1838,loot,driving_B_2020.01.16_07.26.43.csv,1363,130.3580,19.73,16.27,0.1277,1.813307
1839,redandblack,driving_B_2020.01.16_09.56.56.csv,779,221.2352,85.48,59.74,0.1272,1.771128
1840,soldier,static_B_2020.02.27_18.39.27.csv,1836,135.1742,51.98,4.44,0.1267,1.814179
1841,longdress,driving_B_2020.02.14_09.38.22.csv,1328,262.4103,100.00,80.18,0.1262,1.790687
1842,loot,static_B_2019.12.16_13.40.04.csv,1769,267.8809,85.04,79.30,0.1258,1.764157
1843,redandblack,static_B_2020.02.27_18.39.27.csv,3396,261.4562,88.00,82.47,0.1253,1.860953
1844,soldier,static_B_2020.02.27_18.39.27.csv,1416,252.3633,59.22,67.83,0.1248,1.703090
1845,longdress,driving_B_2020.01.16_07.26.43.csv,1723,104.1090,0.00,-3.74,0.1243,1.694164
1846,loot,driving_B_2020.02.14_09.38.22.csv,668,184.2380,38.79,43.81,0.1239,1.913564
1847,redandblack,driving_B_2020.01.16_07.26.43.csv,1663,153.1848,43.33,28.37,0.1234,1.605355
1848,soldier,static_B_2020.02.27_18.39.27.csv,96,275.5750,98.00,86.98,0.1229,1.731593
1849,longdress,static_B_2020.02.27_18.39.27.csv,4956,264.7067,100.00,82.86,0.1224,1.654070
1850,loot,static_B_2020.02.27_18.39.27.csv,3516,229.2875,71.73,61.51,0.1220,1.891030
1851,redandblack,static_B_2020.02.14_13.21.26.csv,850,187.5393,78.27,50.90,0.1215,1.923778
1852,soldier,static_B_2020.02.27_18.39.27.csv,5136,276.7474,100.00,87.60,0.1210,1.720733
1853,longdress,driving_B_2020.01.16_07.26.43.csv,1770,70.4978,0.00,-44.02,0.1205,1.774902
1854,loot,driving_B_2020.01.16_07.26.43.csv,163,42.4744,0.00,-151.10,0.1201,1.858779
1855,redandblack,driving_B_2019.12.17_07.32.39.csv,766,172.9783,69.49,38.82,0.1196,1.874530
1856,soldier,driving_B_2020.01.16_12.10.03.csv,244,259.4103,86.22,80.85,0.1191,1.773717
1857,longdress,driving_B_2019.12.16_12.27.05.csv,208,112.2320,0.00,-0.78,0.1186,1.800311
1858,loot,static_B_2020.02.27_18.39.27.csv,1776,149.5882,0.00,-4.79,0.1182,1.812466
1859,redandblack,static_B_2019.12.16_13.40.04.csv,989,240.6409,72.45,68.02,0.1177,1.722571
1860,soldier,driving_B_2020.01.16_07.26.43.csv,1003,147.6825,44.89,31.63,0.1172,1.879690
1861,longdress,driving_B_2020.02.27_17.30.15.csv,141,30.5687,0.00,-69.82,0.1167,1.702790
1862,loot,driving_B_2020.02.13_15.02.01.csv,1833,273.3718,100.00,86.60,0.1163,1.695044
1863,redandblack,static_B_2020.02.14_13.21.26.csv,48,258.3967,100.00,78.34,0.1158,1.857492
1864,soldier,driving_B_2020.02.13_15.02.01.csv,2073,102.5368,0.00,-42.79,0.1153,1.885599
1865,longdress,driving_B_2020.01.16_07.26.43.csv,1063,199.4121,100.00,62.48,0.1148,1.884131
1866,loot,static_B_2019.12.16_13.40.04.csv,869,261.6207,78.87,68.00,0.1144,1.813603
1867,redandblack,static_B_2020.02.27_18.39.27.csv,1236,265.5939,84.00,83.20,0.1139,1.938817
1868,soldier,driving_B_2019.12.17_07.32.39.csv,1666,52.6527,0.00,-81.25,0.1134,1.734011
1869,longdress,driving_B_2020.02.13_15.02.01.csv,2253,243.4686,87.75,74.61,0.1129,1.791561
1870,loot,driving_B_2020.02.13_15.02.01.csv,933,213.1516,2.00,64.98,0.1125,1.905145
1871,redandblack,static_B_2020.02.14_13.21.26.csv,408,265.1217,100.00,83.42,0.1120,1.761032
1872,soldier,driving_B_2020.02.14_09.38.22.csv,248,10.1403,0.00,-158.81,0.1115,1.842564
1873,longdress,driving_B_2020.02.13_15.02.01.csv,213,203.8317,20.99,25.19,0.1110,1.662258
1874,loot,driving_B_2019.12.17_07.32.39.csv,1906,165.8850,52.06,31.18,0.1106,1.686719
1875,redandblack,static_B_2020.02.27_18.39.27.csv,1296,274.3248,100.00,87.68,0.1101,1.635514
1876,soldier,driving_B_2019.12.17_07.32.39.csv,1846,90.8643,0.00,-34.62,0.1096,1.668340
1877,longdress,driving_B_2020.02.27_17.30.15.csv,720,21.3943,0.00,-76.49,0.1091,1.716033
1878,loot,driving_B_2020.02.13_15.02.01.csv,1893,204.5468,86.60,56.74,0.1087,1.939220
1879,redandblack,driving_B_2020.02.27_17.30.15.csv,720,51.3747,0.00,-38.81,0.1082,1.700330
1880,soldier,static_B_2019.12.16_13.40.04.csv,1904,250.1827,98.00,58.51,0.1077,1.893601
1881,longdress,driving_B_2019.12.17_07.32.39.csv,2086,214.2851,100.00,68.45,0.1072,1.721976
1882,loot,driving_B_2020.01.16_09.56.56.csv,1499,220.4690,100.00,69.26,0.1068,1.687912
1883,redandblack,driving_B_2019.12.17_07.32.39.csv,1186,169.9272,43.17,29.18,0.1063,1.918974
1884,soldier,static_B_2020.02.14_13.21.26.csv,850,191.0357,60.92,46.96,0.1058,1.795965
1885,longdress,static_B_2020.02.27_18.39.27.csv,2916,186.4529,20.77,36.49,0.1053,1.676252
1886,loot,static_B_2020.02.27_18.39.27.csv,4176,256.1507,100.00,81.29,0.1049,1.675506
1887,redandblack,driving_B_2020.02.13_13.03.24.csv,1267,64.2862,0.00,-35.88,0.1044,1.689494
1888,soldier,driving_B_2019.12.17_07.32.39.csv,406,186.4407,15.81,33.69,0.1039,1.749620
1889,longdress,driving_B_2020.02.13_15.02.01.csv,1593,3.2604,0.00,-342.59,0.1034,1.844803
1890,loot,static_B_2020.02.14_13.21.26.csv,108,271.9791,100.00,86.83,0.1030,1.809693
1891,redandblack,static_B_2020.02.27_18.39.27.csv,1356,252.6546,72.00,79.37,0.1025,1.799178
1892,soldier,static_B_2020.02.27_18.39.27.csv,3336,208.6683,67.76,55.05,0.1020,1.748803
1893,longdress,driving_B_2020.01.16_09.56.56.csv,59,113.3683,0.00,-11.41,0.1015,1.722058
1894,loot,driving_B_2020.02.14_12.58.17.csv,663,170.0833,48.96,43.03,0.1011,1.856430
1895,redandblack,driving_B_2019.12.16_12.27.05.csv,28,191.1735,73.39,52.37,0.1006,1.921072
1896,soldier,static_B_2020.02.27_18.39.27.csv,1176,175.1937,0.00,-174.65,0.1001,1.957564
1897,longdress,static_B_2019.12.16_13.40.04.csv,629,154.9790,40.96,29.18,0.0996,1.745063
1898,loot,static_B_2019.12.16_13.40.04.csv,149,211.6736,73.47,57.62,0.0992,1.742644
1899,redandblack,driving_B_2020.02.14_09.38.22.csv,68,93.7740,0.00,-12.34,0.0987,1.820208
1900,soldier,driving_B_2020.02.27_17.30.15.csv,81,-40.9921,0.00,-314.87,0.0982,1.759311
1901,longdress,driving_B_2020.02.14_09.38.22.csv,188,24.6245,0.00,-86.52,0.0977,1.859791
1902,loot,driving_B_2019.12.17_07.32.39.csv,106,174.2106,63.25,39.37,0.0973,1.731143
1903,redandblack,driving_B_2020.02.14_09.38.22.csv,1208,91.1490,0.00,-39.11,0.0968,1.917806
1904,soldier,static_B_2019.12.16_13.40.04.csv,29,271.9647,100.00,87.95,0.0963,1.787491
1905,longdress,driving_B_2020.02.13_15.02.01.csv,753,205.0160,100.00,62.14,0.0959,1.784591
1906,loot,static_B_2019.12.16_13.40.04.csv,1169,115.0534,0.00,-142.21,0.0954,1.808155
1907,redandblack,driving_B_2020.02.13_13.03.24.csv,1507,129.0166,0.00,-14.94,0.0949,1.975035
1908,soldier,static_B_2020.02.27_18.39.27.csv,1716,192.2556,29.88,42.21,0.0944,1.956563
1909,longdress,static_B_2020.02.27_18.39.27.csv,2436,263.0271,100.00,82.91,0.0940,1.842686
1910,loot,driving_B_2019.12.16_12.27.05.csv,1152,182.9171,19.09,19.72,0.0935,1.927682
1911,redandblack,static_B_2020.02.27_18.39.27.csv,5256,279.1994,100.00,89.96,0.0930,2.014753
1912,soldier,driving_B_2020.02.14_12.58.17.csv,363,-15.7331,0.00,-167.74,0.0925,1.817748
1913,longdress,driving_B_2020.02.13_15.02.01.csv,93,269.2685,94.00,85.19,0.0921,1.869286
1914,loot,static_B_2019.12.16_13.40.04.csv,1709,261.5423,100.00,80.70,0.0916,1.825179
1915,redandblack,driving_B_2020.01.16_07.26.43.csv,883,107.7433,0.00,-18.78,0.0911,1.769231
1916,soldier,driving_B_2019.12.17_07.32.39.csv,1786,64.5621,0.00,-79.63,0.0906,1.806491
1917,longdress,driving_B_2020.01.16_09.56.56.csv,1199,206.9775,58.36,51.31,0.0902,1.904228
1918,loot,driving_B_2020.02.13_15.02.01.csv,453,135.6312,14.99,8.38,0.0897,1.795005
1919,redandblack,driving_B_2020.02.13_15.02.01.csv,813,130.5189,3.63,8.70,0.0892,2.005129
1920,soldier,static_B_2020.02.27_18.39.27.csv,3276,273.6054,88.00,87.35,0.0887,1.883780
1921,longdress,driving_B_2019.12.17_07.32.39.csv,1126,247.6392,100.00,74.78,0.0883,1.710192
1922,loot,static_B_2019.12.16_13.40.04.csv,509,248.8018,100.00,57.12,0.0878,1.803311
1923,redandblack,driving_B_2020.01.16_09.56.56.csv,719,280.3568,100.00,90.51,0.0873,1.847943
1924,soldier,driving_B_2020.02.13_13.03.24.csv,1987,22.5196,0.00,-145.51,0.0868,1.787273
1925,longdress,driving_B_2019.12.16_12.27.05.csv,88,139.2304,23.03,14.74,0.0864,1.836278
1926,loot,driving_B_2019.12.16_12.27.05.csv,388,7.0723,0.00,-139.03,0.0859,1.843949
1927,redandblack,driving_B_2020.01.16_09.56.56.csv,539,268.6707,90.00,85.57,0.0854,1.787565
1928,soldier,driving_B_2019.12.16_12.27.05.csv,628,17.3023,0.00,-188.57,0.0849,1.779255
1929,longdress,driving_B_2020.02.14_09.38.22.csv,1088,28.8490,0.00,-49.69,0.0845,1.796116
1930,loot,static_B_2019.12.16_13.40.04.csv,1829,170.1690,32.66,30.75,0.0840,1.904447
1931,redandblack,static_B_2019.12.16_13.40.04.csv,389,239.4990,77.54,62.69,0.0835,1.908058
1932,soldier,driving_B_2020.02.13_13.03.24.csv,967,58.2576,0.00,-73.27,0.0830,2.031457
1933,longdress,driving_B_2019.12.17_07.32.39.csv,1426,188.0963,30.56,30.85,0.0826,1.928499
1934,loot,driving_B_2019.12.17_07.32.39.csv,526,97.4526,0.00,-10.28,0.0821,1.835320
1935,redandblack,driving_B_2020.02.14_09.38.22.csv,728,252.9964,80.39,77.21,0.0816,1.849708
1936,soldier,static_B_2020.02.27_18.39.27.csv,5016,244.8404,74.91,65.70,0.0811,1.799116
1937,longdress,driving_B_2020.02.14_09.38.22.csv,848,283.4687,100.00,90.34,0.0807,1.790113
1938,loot,static_B_2020.02.27_18.39.27.csv,2796,224.6723,22.00,70.07,0.0802,1.894944
1939,redandblack,driving_B_2020.02.27_17.30.15.csv,21,82.7657,0.00,-65.87,0.0797,1.970676
1940,soldier,driving_B_2020.01.16_07.26.43.csv,403,62.5186,0.00,-32.22,0.0792,1.831062
1941,longdress,driving_B_2020.01.16_12.10.03.csv,70,272.4548,100.00,83.71,0.0788,1.786207
1942,loot,driving_B_2020.02.14_12.58.17.csv,603,198.8021,86.21,55.79,0.0783,1.957895
1943,redandblack,driving_B_2020.02.14_09.38.22.csv,608,249.4630,40.00,79.23,0.0778,1.815679
1944,soldier,driving_B_2020.01.16_07.26.43.csv,283,136.0568,0.00,2.99,0.0773,2.030805
1945,longdress,static_B_2020.02.27_18.39.27.csv,4416,237.2261,66.35,65.15,0.0769,1.953315
1946,loot,driving_B_2020.01.16_07.26.43.csv,103,152.8542,45.61,33.95,0.0764,1.907514
1947,redandblack,driving_B_2020.01.16_09.56.56.csv,1439,225.1503,62.04,63.56,0.0759,1.731738
1948,soldier,static_B_2020.02.27_18.39.27.csv,2976,256.8697,89.12,68.40,0.0754,1.690501
1949,longdress,driving_B_2020.01.16_07.26.43.csv,1603,89.9583,0.00,-27.76,0.0750,1.839243
1950,loot,driving_B_2019.12.16_12.27.05.csv,808,196.4647,48.58,48.76,0.0745,1.967264
1951,redandblack,driving_B_2020.01.16_07.26.43.csv,43,145.9050,2.99,20.86,0.0740,1.818273
1952,soldier,static_B_2019.12.16_13.40.04.csv,809,254.1223,100.00,66.45,0.0735,1.800122
1953,longdress,static_B_2019.12.16_13.40.04.csv,269,167.4956,0.00,23.48,0.0731,1.710364
1954,loot,driving_B_2020.02.14_09.38.22.csv,488,130.2504,5.33,12.01,0.0726,1.793426
1955,redandblack,driving_B_2020.02.13_15.02.01.csv,1413,120.8170,11.05,2.41,0.0721,1.794257
1956,soldier,driving_B_2020.02.13_15.02.01.csv,1353,45.1779,0.00,-97.11,0.0716,1.889691
1957,longdress,static_B_2020.02.27_18.39.27.csv,456,211.7442,50.41,44.86,0.0712,1.814124
1958,loot,static_B_2020.02.27_18.39.27.csv,156,285.0507,100.00,92.32,0.0707,1.755202
1959,redandblack,static_B_2020.02.14_13.21.26.csv,168,268.2928,98.00,85.05,0.0702,1.964281
1960,soldier,static_B_2020.02.27_18.39.27.csv,5742,276.8654,100.00,87.01,0.0697,2.029987
1961,longdress,driving_B_2020.02.13_15.02.01.csv,1773,263.9339,80.72,74.21,0.0693,1.885162
1962,loot,driving_B_2019.12.17_07.32.39.csv,586,128.0504,15.89,20.48,0.0688,1.865492
1963,redandblack,driving_B_2020.01.16_09.56.56.csv,959,176.8715,43.81,29.76,0.0683,2.002249
1964,soldier,driving_B_2019.12.17_07.32.39.csv,1246,86.9541,0.00,-31.57,0.0678,1.702096
1965,longdress,driving_B_2020.02.13_13.03.24.csv,2188,18.1819,0.00,-79.83,0.0674,1.524877
1966,loot,static_B_2019.12.16_13.40.04.csv,449,233.0078,85.21,63.05,0.0669,1.771834
1967,redandblack,driving_B_2019.12.17_07.32.39.csv,166,183.4988,65.37,47.34,0.0664,1.834275
1968,soldier,driving_B_2020.02.14_09.38.22.csv,908,274.4288,100.00,86.77,0.0659,1.655892
1969,longdress,driving_B_2020.02.13_15.02.01.csv,1113,249.2546,67.24,62.88,0.0655,1.767182
1970,loot,static_B_2020.02.27_18.39.27.csv,2496,274.5672,100.00,87.58,0.0650,1.974366
1971,redandblack,driving_B_2020.02.13_15.02.01.csv,2673,135.2504,17.69,17.23,0.0645,1.892511
1972,soldier,driving_B_2020.01.16_09.56.56.csv,419,92.6556,0.00,-27.10,0.0641,1.841647
1973,longdress,driving_B_2020.02.13_15.02.01.csv,1173,203.8484,64.14,54.95,0.0636,1.888178
1974,loot,driving_B_2020.01.16_07.26.43.csv,463,75.4864,0.00,-27.12,0.0631,1.929511
1975,redandblack,driving_B_2020.02.13_13.03.24.csv,547,143.5132,26.70,26.64,0.0626,1.949633
1976,soldier,static_B_2020.02.14_13.21.26.csv,348,235.8550,66.60,63.19,0.0622,2.185756
1977,longdress,static_B_2019.12.16_13.40.04.csv,1889,215.7500,0.00,-79.72,0.0617,1.862412
1978,loot,driving_B_2020.02.27_17.30.15.csv,201,2.5791,0.00,-353.60,0.0612,1.975591
1979,redandblack,driving_B_2020.01.16_09.56.56.csv,599,245.7184,100.00,73.49,0.0607,1.990856
1980,soldier,driving_B_2020.01.16_07.26.43.csv,703,157.6259,56.76,32.12,0.0603,1.853162
1981,longdress,driving_B_2020.02.13_13.03.24.csv,1567,107.9146,0.00,-26.69,0.0598,1.989069
1982,loot,driving_B_2020.02.13_13.03.24.csv,247,157.3345,45.19,36.76,0.0593,2.003883
1983,redandblack,driving_B_2020.01.16_09.56.56.csv,1570,189.3835,74.79,45.80,0.0588,1.845529
1984,soldier,driving_B_2020.02.14_09.38.22.csv,1478,113.9974,0.00,6.39,0.0584,1.860173
1985,longdress,driving_B_2019.12.17_07.32.39.csv,886,140.3561,2.64,6.01,0.0579,1.893415
1986,loot,driving_B_2020.02.13_15.02.01.csv,633,146.8317,31.06,30.35,0.0574,2.086686
1987,redandblack,static_B_2019.12.16_13.40.04.csv,209,188.7592,16.89,36.60,0.0569,2.009965
1988,soldier,driving_B_2019.12.17_07.32.39.csv,1606,149.5363,0.00,-32.60,0.0565,1.892567
1989,longdress,static_B_2020.02.27_18.39.27.csv,4836,248.9174,79.77,75.59,0.0560,1.974290
1990,loot,driving_B_2020.01.16_12.10.03.csv,244,275.4132,100.00,87.85,0.0555,2.101178
1991,redandblack,driving_B_2020.01.16_12.10.03.csv,130,254.0438,100.00,79.11,0.0550,1.830435
1992,soldier,driving_B_2020.02.13_13.03.24.csv,1027,58.1673,0.00,-67.07,0.0546,1.708035
1993,longdress,driving_B_2020.01.16_09.56.56.csv,1570,182.8788,81.68,47.92,0.0541,2.097514
1994,loot,driving_B_2019.12.16_12.27.05.csv,928,200.1434,81.69,49.54,0.0536,1.956037
1995,redandblack,static_B_2019.12.16_13.40.04.csv,1349,222.2765,66.88,57.53,0.0531,1.726165
1996,soldier,driving_B_2020.01.16_07.26.43.csv,1123,143.0337,0.00,-1.33,0.0527,1.827986
1997,longdress,driving_B_2019.12.17_07.32.39.csv,946,76.1861,0.00,-50.76,0.0522,1.999423
1998,loot,driving_B_2020.02.14_09.38.22.csv,8,92.5710,0.00,-43.89,0.0517,1.770986
1999,redandblack,driving_B_2020.01.16_09.56.56.csv,1379,275.8429,100.00,86.19,0.0512,1.920948
2000,soldier,driving_B_2019.12.16_12.27.05.csv,688,226.1714,7.24,22.24,0.0508,1.819195
2001,longdress,driving_B_2020.01.16_09.56.56.csv,1139,132.6408,0.00,-13.17,0.0503,2.015582
2002,loot,driving_B_2020.01.16_07.26.43.csv,583,141.9000,14.74,20.88,0.0500,1.886780
2003,redandblack,static_B_2020.02.27_18.39.27.csv,336,277.6664,100.00,88.79,0.0500,1.967506
2004,soldier,driving_B_2020.01.16_09.56.56.csv,299,137.4759,0.00,5.96,0.0500,1.995704
2005,longdress,driving_B_2020.02.13_15.02.01.csv,2313,-55.7623,0.00,-411.48,0.0500,1.694139
2006,loot,driving_B_2020.02.13_13.03.24.csv,1747,202.4632,100.00,56.26,0.0500,2.129180
2007,redandblack,driving_B_2019.12.17_07.32.39.csv,346,203.5868,100.00,63.61,0.0500,1.672449
2008,soldier,static_B_2019.12.16_13.40.04.csv,1649,236.1582,46.10,49.20,0.0500,1.954182
2009,longdress,driving_B_2020.01.16_09.56.56.csv,119,115.8500,0.00,-28.28,0.0500,1.980911
2010,loot,driving_B_2019.12.17_07.32.39.csv,2288,231.7651,71.73,63.81,0.0500,2.040128
2011,redandblack,driving_B_2020.02.14_12.58.17.csv,303,-44.4240,0.00,-279.51,0.0500,1.917425
2012,soldier,static_B_2019.12.16_13.40.04.csv,329,137.4351,22.54,18.39,0.0500,1.754248
2013,longdress,static_B_2020.02.27_18.39.27.csv,5436,177.4581,64.10,47.24,0.0500,1.883915
2014,loot,static_B_2020.02.27_18.39.27.csv,3636,263.4218,81.32,82.39,0.0500,2.006631
2015,redandblack,driving_B_2020.02.14_09.38.22.csv,548,275.2150,100.00,86.83,0.0500,1.984291
2016,soldier,driving_B_2020.02.13_15.02.01.csv,2133,270.0489,86.25,84.64,0.0500,1.900749
2017,longdress,static_B_2020.02.27_18.39.27.csv,2616,233.8128,49.67,63.67,0.0500,1.934250
2018,loot,driving_B_2020.02.13_13.03.24.csv,1147,72.3514,0.00,-54.12,0.0500,1.961637
2019,redandblack,driving_B_2020.01.16_09.56.56.csv,239,226.1918,84.49,69.35,0.0500,1.793491
2020,soldier,static_B_2020.02.14_13.21.26.csv,588,270.8666,90.00,85.43,0.0500,2.053410
2021,longdress,driving_B_2019.12.16_12.27.05.csv,568,7.2536,0.00,-425.71,0.0500,1.745797
2022,loot,driving_B_2020.02.13_15.02.01.csv,273,210.9989,64.63,49.90,0.0500,1.783763
2023,redandblack,static_B_2020.02.27_18.39.27.csv,1476,210.5973,78.09,53.10,0.0500,1.960475
2024,soldier,driving_B_2020.01.16_09.56.56.csv,359,130.6606,0.00,-12.49,0.0500,1.771985
2025,longdress,static_B_2020.02.27_18.39.27.csv,3696,235.3905,54.00,73.54,0.0500,1.815844
2026,loot,driving_B_2020.02.13_13.03.24.csv,1207,64.0415,0.00,-73.99,0.0500,1.982990
2027,redandblack,driving_B_2019.12.17_07.32.39.csv,826,138.6703,8.64,15.73,0.0500,1.759298
2028,soldier,static_B_2020.02.27_18.39.27.csv,5076,282.0247,100.00,90.71,0.0500,1.985210
2029,longdress,static_B_2020.02.27_18.39.27.csv,3816,172.9489,11.67,27.55,0.0500,2.064450
2030,loot,driving_B_2020.02.13_13.03.24.csv,1687,247.6345,100.00,72.98,0.0500,1.864752
2031,redandblack,driving_B_2020.02.14_09.38.22.csv,1148,96.1985,0.00,-17.12,0.0500,1.792608
2032,soldier,static_B_2020.02.27_18.39.27.csv,516,155.3909,6.12,18.95,0.0500,1.760943
2033,longdress,driving_B_2020.02.13_13.03.24.csv,1447,109.3563,0.00,-7.67,0.0500,1.924058
2034,loot,driving_B_2020.02.13_15.02.01.csv,2013,269.6839,100.00,83.21,0.0500,1.880401
2035,redandblack,driving_B_2020.01.16_07.26.43.csv,1183,141.0841,19.41,20.53,0.0500,2.102769
2036,soldier,static_B_2020.02.14_13.21.26.csv,288,265.7306,100.00,83.04,0.0500,1.846292
2037,longdress,static_B_2020.02.27_18.39.27.csv,3216,247.1845,100.00,59.47,0.0500,1.938551
2038,loot,static_B_2020.02.27_18.39.27.csv,1956,212.9900,59.98,53.90,0.0500,1.869274
2039,redandblack,driving_B_2020.02.13_15.02.01.csv,2733,112.2824,0.00,-3.49,0.0500,2.068894
2040,soldier,static_B_2020.02.27_18.39.27.csv,2136,210.4550,84.71,56.53,0.0500,1.900094
2041,longdress,static_B_2020.02.27_18.39.27.csv,636,261.9542,100.00,81.97,0.0500,1.699944
2042,loot,driving_B_2020.02.13_15.02.01.csv,2754,106.5648,0.00,6.70,0.0500,1.805973
2043,redandblack,driving_B_2020.02.13_13.03.24.csv,1627,-30.0260,0.00,-162.75,0.0500,2.072920
2044,soldier,static_B_2020.02.14_13.21.26.csv,468,262.9328,84.00,82.49,0.0500,1.981778
2045,longdress,static_B_2020.02.27_18.39.27.csv,4236,210.8020,68.28,54.01,0.0500,1.900211
2046,loot,driving_B_2020.02.13_15.02.01.csv,2613,276.4557,90.00,89.41,0.0500,2.108617
2047,redandblack,static_B_2020.02.27_18.39.27.csv,756,273.8878,100.00,86.42,0.0500,1.884549
2048,soldier,driving_B_2019.12.17_07.32.39.csv,466,171.3013,38.60,35.20,0.0500,2.055806
2049,longdress,driving_B_2020.01.16_09.56.56.csv,1259,174.1917,62.30,36.75,0.0500,2.021066
2050,loot,static_B_2019.12.16_13.40.04.csv,569,263.0562,100.00,81.03,0.0500,1.959904
2051,redandblack,driving_B_2019.12.16_12.27.05.csv,448,113.1749,0.00,6.82,0.0500,1.750480
2052,soldier,static_B_2020.02.27_18.39.27.csv,4116,277.5157,100.00,88.56,0.0500,1.917871
2053,longdress,driving_B_2020.01.16_07.26.43.csv,763,196.0106,65.39,51.21,0.0500,1.895395
2054,loot,static_B_2019.12.16_13.40.04.csv,1289,254.8068,100.00,75.41,0.0500,1.890365
2055,redandblack,static_B_2020.02.14_13.21.26.csv,708,277.3835,100.00,89.16,0.0500,1.945423
2056,soldier,driving_B_2020.01.16_07.26.43.csv,823,163.5691,29.88,25.22,0.0500,1.878425
2057,longdress,driving_B_2020.02.13_15.02.01.csv,873,271.5208,100.00,83.51,0.0500,1.896427
2058,loot,driving_B_2020.02.14_12.58.17.csv,800,113.9542,0.00,2.02,0.0500,2.007775
2059,redandblack,static_B_2019.12.16_13.40.04.csv,749,280.2455,94.00,90.41,0.0500,2.096710
2060,soldier,static_B_2019.12.16_13.40.04.csv,1109,37.7913,0.00,-482.25,0.0500,2.299752
2061,longdress,driving_B_2020.02.13_15.02.01.csv,1713,181.1172,23.44,32.03,0.0500,2.087460
2062,loot,static_B_2019.12.16_13.40.04.csv,1529,279.3564,100.00,89.75,0.0500,2.024251
2063,redandblack,static_B_2020.02.14_13.21.26.csv,648,268.1452,100.00,84.30,0.0500,2.082686
2064,soldier,driving_B_2020.02.14_09.38.22.csv,368,47.7266,0.00,-56.74,0.0500,2.167995
2065,longdress,driving_B_2020.02.13_13.03.24.csv,1087,57.9793,0.00,-89.45,0.0500,2.024102
2066,loot,driving_B_2019.12.17_07.32.39.csv,1066,202.4338,81.65,56.58,0.0500,1.981918
2067,redandblack,driving_B_2019.12.17_07.32.39.csv,2146,119.6866,2.01,6.69,0.0500,1.914390
2068,soldier,driving_B_2020.02.13_13.03.24.csv,367,90.1485,0.00,-16.95,0.0500,1.854863
2069,longdress,static_B_2020.02.27_18.39.27.csv,2016,184.5226,84.59,52.20,0.0500,2.155314
2070,loot,driving_B_2020.02.13_13.03.24.csv,307,180.1311,78.58,47.60,0.0500,1.913823
2071,redandblack,driving_B_2020.01.16_09.56.56.csv,899,169.1479,56.86,34.20,0.0500,2.059897
2072,soldier,static_B_2020.02.27_18.39.27.csv,4356,190.3543,42.41,40.77,0.0500,1.940925
2073,longdress,static_B_2020.02.27_18.39.27.csv,876,226.7502,100.00,67.75,0.0500,1.944730
2074,loot,driving_B_2019.12.17_07.32.39.csv,1966,197.9624,73.79,52.97,0.0500,1.959079
2075,redandblack,driving_B_2019.12.17_07.32.39.csv,1486,192.4089,54.74,25.76,0.0500,2.010905
2076,soldier,driving_B_2020.02.13_13.03.24.csv,2047,15.6571,0.00,-124.56,0.0500,2.031440
2077,longdress,driving_B_2020.01.16_07.26.43.csv,1770,98.0856,0.00,-1.48,0.0500,1.908540
2078,loot,static_B_2020.02.27_18.39.27.csv,5676,283.2165,100.00,92.22,0.0500,1.960165
2079,redandblack,driving_B_2020.02.27_17.30.15.csv,621,21.3130,0.00,-82.53,0.0500,1.943942
2080,soldier,static_B_2020.02.27_18.39.27.csv,1116,138.8316,16.59,23.83,0.0500,2.070904
2081,longdress,driving_B_2020.02.13_15.02.01.csv,333,264.4409,87.68,83.30,0.0500,1.955310
2082,loot,driving_B_2019.12.16_12.27.05.csv,1108,159.2251,43.13,38.31,0.0500,1.994784
2083,redandblack,driving_B_2020.02.13_13.03.24.csv,2167,39.8607,0.00,-231.32,0.0500,1.716777
2084,soldier,driving_B_2020.01.16_07.26.43.csv,523,35.8757,0.00,-101.20,0.0500,2.230405
2085,longdress,driving_B_2020.02.14_09.38.22.csv,1448,149.2268,43.34,29.85,0.0500,1.962936
2086,loot,driving_B_2020.01.16_07.26.43.csv,1770,116.9335,3.98,13.74,0.0500,2.051068
2087,redandblack,driving_B_2019.12.17_07.32.39.csv,1908,151.9645,39.05,30.62,0.0500,1.900891
2088,soldier,driving_B_2020.02.13_15.02.01.csv,858,147.2432,28.02,31.23,0.0500,2.052519
2089,longdress,static_B_2020.02.27_18.39.27.csv,2021,243.8693,100.00,76.92,0.0500,1.883798
2090,loot,static_B_2020.02.27_18.39.27.csv,641,276.9540,86.00,89.62,0.0500,2.155910
2091,redandblack,static_B_2019.12.16_13.40.04.csv,61,241.6418,100.00,75.90,0.0500,2.066865
2092,soldier,driving_B_2019.12.17_07.32.39.csv,2268,255.3810,100.00,82.19,0.0500,2.005732
2093,longdress,static_B_2020.02.27_18.39.27.csv,2321,221.2967,68.77,54.32,0.0500,2.055863
2094,loot,static_B_2019.12.16_13.40.04.csv,1621,275.6064,100.00,88.05,0.0500,1.951712
2095,redandblack,driving_B_2020.02.14_09.38.22.csv,1121,115.5347,0.00,5.67,0.0500,2.070542
2096,soldier,static_B_2020.02.27_18.39.27.csv,5201,171.3971,0.00,14.70,0.0500,1.888505
2097,longdress,driving_B_2020.02.13_13.03.24.csv,1517,116.3340,0.00,-11.08,0.0500,2.054130
2098,loot,driving_B_2020.01.16_07.26.43.csv,1369,155.3832,45.77,32.35,0.0500,2.050535
2099,redandblack,driving_B_2020.02.27_17.30.15.csv,114,11.2465,0.00,-160.76,0.0500,2.078173
2100,soldier,driving_B_2019.12.17_07.32.39.csv,468,189.0380,67.09,45.68,0.0500,1.958879
2101,longdress,driving_B_2020.01.16_12.10.03.csv,244,263.7362,79.62,77.24,0.0500,1.979697
2102,loot,driving_B_2020.02.13_13.03.24.csv,1937,5.0727,0.00,-165.23,0.0500,1.816757
2103,redandblack,driving_B_2020.02.13_13.03.24.csv,1757,202.3836,100.00,57.34,0.0500,1.907127
2104,soldier,static_B_2020.02.27_18.39.27.csv,4841,284.2053,98.00,91.80,0.0500,1.891745
2105,longdress,driving_B_2020.01.16_09.56.56.csv,701,194.2173,50.18,50.96,0.0500,1.950438
2106,loot,static_B_2020.02.27_18.39.27.csv,5381,258.7229,80.22,80.38,0.0500,1.759491
2107,redandblack,driving_B_2020.02.14_12.58.17.csv,162,-19.3806,0.00,-188.65,0.0500,2.115908
2108,soldier,driving_B_2019.12.16_12.27.05.csv,273,117.6515,0.00,9.90,0.0500,1.763464
2109,longdress,driving_B_2020.01.16_07.26.43.csv,1489,99.1646,0.00,-23.78,0.0500,2.103006
2110,loot,driving_B_2019.12.16_12.27.05.csv,753,195.9259,71.31,51.05,0.0500,1.799650
2111,redandblack,driving_B_2020.02.13_15.02.01.csv,1218,212.7265,82.19,65.02,0.0500,1.994300
2112,soldier,driving_B_2020.02.13_13.03.24.csv,1697,222.3611,38.50,55.70,0.0500,2.219336
2113,longdress,driving_B_2020.02.14_09.38.22.csv,41,137.2978,7.86,8.47,0.0500,2.059752
2114,loot,driving_B_2019.12.17_07.32.39.csv,2288,230.4803,74.88,64.20,0.0500,1.830811
2115,redandblack,static_B_2019.12.16_13.40.04.csv,121,262.7516,100.00,82.33,0.0500,1.999664
2116,soldier,driving_B_2020.02.13_13.03.24.csv,377,112.5857,0.00,-6.06,0.0500,2.029726
2117,longdress,driving_B_2020.02.27_17.30.15.csv,54,53.8089,0.00,-44.61,0.0500,1.873886
2118,loot,driving_B_2020.02.13_15.02.01.csv,2178,200.3449,100.00,64.28,0.0500,1.843825
2119,redandblack,driving_B_2019.12.16_12.27.05.csv,1152,169.6197,48.60,35.19,0.0500,1.910588
2120,soldier,static_B_2020.02.27_18.39.27.csv,2981,237.3142,55.30,59.26,0.0500,1.785428
2121,longdress,static_B_2020.02.27_18.39.27.csv,2681,193.0265,83.06,50.48,0.0500,1.987967
2122,loot,static_B_2020.02.27_18.39.27.csv,4601,218.6449,100.00,63.35,0.0500,1.990215
2123,redandblack,driving_B_2019.12.16_12.27.05.csv,453,116.1885,0.00,13.99,0.0500,2.051813
2124,soldier,driving_B_2019.12.16_12.27.05.csv,1053,193.7450,74.85,46.71,0.0500,2.036452
2125,longdress,driving_B_2020.02.13_15.02.01.csv,1998,259.0405,100.00,78.55,0.0500,1.855858
2126,loot,driving_B_2020.02.13_15.02.01.csv,1818,286.8528,100.00,93.12,0.0500,1.969893
2127,redandblack,driving_B_2019.12.17_07.32.39.csv,168,185.0141,82.42,57.25,0.0500,2.028833
2128,soldier,static_B_2020.02.27_18.39.27.csv,3821,210.6847,100.00,64.20,0.0500,2.012198
2129,longdress,static_B_2019.12.16_13.40.04.csv,1861,201.2392,100.00,63.65,0.0500,1.911021
2130,loot,driving_B_2020.02.13_15.02.01.csv,2058,108.4187,0.00,-21.77,0.0500,1.885836
2131,redandblack,driving_B_2020.02.13_15.02.01.csv,1518,162.2882,43.38,30.80,0.0500,1.915034
2132,soldier,static_B_2019.12.16_13.40.04.csv,661,263.9267,100.00,82.71,0.0500,2.065360
2133,longdress,driving_B_2020.02.13_13.03.24.csv,1337,131.7007,12.74,21.74,0.0500,1.764801
2134,loot,driving_B_2020.02.14_09.38.22.csv,221,125.1854,15.23,14.07,0.0500,2.280741
2135,redandblack,driving_B_2019.12.17_07.32.39.csv,1548,200.7179,100.00,63.75,0.0500,2.088886
2136,soldier,driving_B_2019.12.17_07.32.39.csv,108,133.5830,17.41,20.31,0.0500,2.083881
2137,longdress,static_B_2020.02.27_18.39.27.csv,521,172.0780,39.50,35.01,0.0500,2.093471
2138,loot,driving_B_2020.02.13_15.02.01.csv,618,84.4864,0.00,-27.05,0.0500,2.118032
2139,redandblack,static_B_2019.12.16_13.40.04.csv,421,160.8491,58.78,37.70,0.0500,1.873057
2140,soldier,driving_B_2019.12.17_07.32.39.csv,2148,37.3066,0.00,-116.13,0.0500,2.115178
2141,longdress,driving_B_2019.12.17_07.32.39.csv,1608,159.9165,0.00,-9.87,0.0500,2.096761
2142,loot,static_B_2020.02.27_18.39.27.csv,5441,221.8149,77.85,56.56,0.0500,2.043904
2143,redandblack,static_B_2020.02.27_18.39.27.csv,3041,236.2217,69.38,61.28,0.0500,1.987541
2144,soldier,driving_B_2020.01.16_09.56.56.csv,1001,247.3669,80.38,67.15,0.0500,2.122564
2145,longdress,driving_B_2019.12.17_07.32.39.csv,1308,217.4173,48.35,50.35,0.0500,2.092548
2146,loot,driving_B_2019.12.16_12.27.05.csv,213,166.3286,62.74,44.03,0.0500,1.986176
2147,redandblack,driving_B_2020.02.14_09.38.22.csv,1421,121.0509,4.27,12.03,0.0500,2.158774
2148,soldier,static_B_2019.12.16_13.40.04.csv,1801,209.0457,58.30,47.96,0.0500,2.057912
2149,longdress,driving_B_2020.02.14_12.58.17.csv,342,5.5312,0.00,-183.28,0.0500,1.976823
2150,loot,static_B_2019.12.16_13.40.04.csv,961,208.1940,63.51,49.62,0.0500,2.091940
2151,redandblack,static_B_2020.02.27_18.39.27.csv,821,267.3914,84.20,76.53,0.0500,1.957055
2152,soldier,static_B_2020.02.27_18.39.27.csv,5742,256.2694,100.00,78.99,0.0500,1.898037
2153,longdress,driving_B_2020.01.16_07.26.43.csv,409,76.7256,0.00,-23.66,0.0500,1.990593
2154,loot,driving_B_2020.02.14_09.38.22.csv,1301,286.5918,98.00,92.90,0.0500,1.967038
2155,redandblack,driving_B_2020.01.16_09.56.56.csv,461,120.5187,0.00,-16.72,0.0500,2.060529
2156,soldier,driving_B_2020.02.13_15.02.01.csv,198,168.4863,59.97,40.22,0.0500,2.021629
2157,longdress,static_B_2020.02.27_18.39.27.csv,401,251.4594,54.94,61.66,0.0500,2.193470
2158,loot,driving_B_2020.02.14_09.38.22.csv,161,109.6818,0.00,-37.35,0.0500,1.908234
2159,redandblack,driving_B_2019.12.16_12.27.05.csv,93,147.3000,33.27,26.32,0.0500,2.303281
2160,soldier,driving_B_2020.02.13_15.02.01.csv,2538,141.5491,0.00,5.41,0.0500,2.224195
2161,longdress,driving_B_2020.02.13_15.02.01.csv,1878,123.7388,6.57,11.39,0.0500,2.090975
2162,loot,driving_B_2020.01.16_09.56.56.csv,1241,193.0357,77.46,51.67,0.0500,2.181143
2163,redandblack,static_B_2020.02.27_18.39.27.csv,461,241.4614,76.68,66.32,0.0500,2.055458
2164,soldier,static_B_2020.02.27_18.39.27.csv,4721,237.3290,80.23,60.74,0.0500,2.210080
2165,longdress,static_B_2020.02.27_18.39.27.csv,1901,259.4695,64.62,69.57,0.0500,2.047245
2166,loot,static_B_2020.02.27_18.39.27.csv,3281,276.7926,100.00,88.34,0.0500,2.208712
2167,redandblack,driving_B_2019.12.17_07.32.39.csv,2288,232.9379,71.88,62.45,0.0500,1.966032
2168,soldier,driving_B_2020.02.14_09.38.22.csv,281,11.2392,0.00,-106.93,0.0500,2.049333
2169,longdress,driving_B_2020.02.13_15.02.01.csv,258,275.7918,98.00,87.28,0.0500,2.076208
2170,loot,static_B_2020.02.27_18.39.27.csv,2621,273.3647,86.56,87.13,0.0500,1.911101
2171,redandblack,driving_B_2020.01.16_12.10.03.csv,244,271.6937,100.00,86.50,0.0500,1.933844
2172,soldier,driving_B_2019.12.17_07.32.39.csv,1728,40.9339,0.00,-79.60,0.0500,2.138239
2173,longdress,static_B_2020.02.27_18.39.27.csv,4781,276.5582,100.00,88.35,0.0500,2.047334
2174,loot,static_B_2020.02.27_18.39.27.csv,1721,240.2707,79.65,66.02,0.0500,2.199749
2175,redandblack,driving_B_2020.02.13_15.02.01.csv,2118,210.6070,83.98,56.43,0.0500,2.130050
2176,soldier,driving_B_2019.12.16_12.27.05.csv,333,114.8963,0.00,5.18,0.0500,1.992669
2177,longdress,driving_B_2020.01.16_07.26.43.csv,1729,134.5953,24.45,20.67,0.0500,2.190271
2178,loot,driving_B_2020.02.13_13.03.24.csv,1037,103.0626,0.00,4.67,0.0500,2.105596
2179,redandblack,driving_B_2020.02.13_15.02.01.csv,78,258.1376,71.52,74.42,0.0500,2.321443
2180,soldier,driving_B_2020.02.13_13.03.24.csv,977,41.0225,0.00,-88.48,0.0500,2.100122
2181,longdress,driving_B_2020.02.14_09.38.22.csv,461,143.5840,13.48,18.46,0.0500,2.116736
2182,loot,static_B_2020.02.14_13.21.26.csv,48,275.3586,100.00,87.78,0.0500,2.040544
2183,redandblack,driving_B_2020.02.13_13.03.24.csv,2117,14.6260,0.00,-147.48,0.0500,1.840933
2184,soldier,driving_B_2019.12.17_07.32.39.csv,1068,153.0966,0.00,10.73,0.0500,1.866334
2185,longdress,driving_B_2020.02.13_13.03.24.csv,77,142.3860,24.13,18.17,0.0500,2.081318
2186,loot,static_B_2020.02.14_13.21.26.csv,108,266.1364,100.00,84.15,0.0500,2.197277
2187,redandblack,static_B_2020.02.27_18.39.27.csv,1961,201.2760,100.00,62.35,0.0500,2.151710
2188,soldier,driving_B_2020.02.14_09.38.22.csv,401,37.5572,0.00,-84.14,0.0500,2.082535
2189,longdress,driving_B_2020.02.14_12.58.17.csv,42,80.1076,0.00,-121.99,0.0500,2.194606
2190,loot,static_B_2020.02.14_13.21.26.csv,588,261.5825,54.00,84.19,0.0500,2.308842
2191,redandblack,driving_B_2020.01.16_09.56.56.csv,1570,175.3322,20.97,35.91,0.0500,2.028995
2192,soldier,driving_B_2020.02.13_13.03.24.csv,437,7.8996,0.00,-118.07,0.0500,2.045207
2193,longdress,static_B_2019.12.16_13.40.04.csv,1561,244.2267,100.00,76.97,0.0500,2.232008
2194,loot,static_B_2020.02.27_18.39.27.csv,881,269.3082,100.00,75.74,0.0500,2.202448
2195,redandblack,driving_B_2020.02.27_17.30.15.csv,720,39.5306,0.00,-81.77,0.0500,2.194013
2196,soldier,driving_B_2020.02.14_09.38.22.csv,941,251.0891,54.00,79.51,0.0500,2.026358
2197,longdress,static_B_2020.02.14_13.21.26.csv,288,268.7675,100.00,84.29,0.0500,2.116071
2198,loot,driving_B_2020.02.14_12.58.17.csv,642,172.6952,51.73,34.49,0.0500,2.269231
2199,redandblack,driving_B_2019.12.17_07.32.39.csv,288,193.4922,80.76,50.07,0.0500,2.020302
2200,soldier,static_B_2020.02.27_18.39.27.csv,4061,275.7216,100.00,86.00,0.0500,2.028496
2201,longdress,driving_B_2020.02.14_12.58.17.csv,282,-59.4537,0.00,-374.27,0.0500,1.986674
2202,loot,static_B_2020.02.27_18.39.27.csv,581,209.8484,56.00,35.18,0.0500,1.960405
2203,redandblack,driving_B_2020.02.13_15.02.01.csv,1458,47.4288,0.00,-66.44,0.0500,2.021550
2204,soldier,driving_B_2020.02.13_15.02.01.csv,438,102.3394,0.00,-47.26,0.0500,2.118695
2205,longdress,driving_B_2020.02.13_15.02.01.csv,1578,66.4845,0.00,-475.31,0.0500,2.210961
2206,loot,driving_B_2020.01.16_09.56.56.csv,761,199.5924,71.87,59.47,0.0500,1.996818
2207,redandblack,static_B_2020.02.27_18.39.27.csv,2141,229.1268,100.00,69.29,0.0500,1.931029
2208,soldier,driving_B_2020.01.16_09.56.56.csv,1121,142.0225,22.31,12.32,0.0500,2.134029
2209,longdress,driving_B_2019.12.17_07.32.39.csv,48,130.3917,0.00,7.04,0.0500,2.153132
2210,loot,driving_B_2020.01.16_07.26.43.csv,169,87.1090,0.00,-134.02,0.0500,2.176822
2211,redandblack,static_B_2020.02.27_18.39.27.csv,5681,279.4896,100.00,82.39,0.0500,2.140545
2212,soldier,static_B_2020.02.27_18.39.27.csv,2081,234.6825,53.91,56.39,0.0500,2.204750
2213,longdress,static_B_2020.02.27_18.39.27.csv,1841,139.5095,66.31,11.52,0.0500,2.392788
2214,loot,static_B_2020.02.27_18.39.27.csv,1601,168.0538,3.13,31.85,0.0500,2.020380
2215,redandblack,static_B_2020.02.27_18.39.27.csv,1241,268.6050,90.00,85.75,0.0500,2.096356
2216,soldier,driving_B_2019.12.17_07.32.39.csv,888,41.2280,0.00,-148.04,0.0500,2.209913
2217,longdress,static_B_2019.12.16_13.40.04.csv,1501,284.9236,100.00,91.37,0.0500,2.176370
2218,loot,static_B_2020.02.27_18.39.27.csv,221,255.0421,82.57,79.42,0.0500,2.299487
2219,redandblack,driving_B_2019.12.17_07.32.39.csv,828,85.1793,0.00,-35.59,0.0500,2.345323
2220,soldier,static_B_2020.02.27_18.39.27.csv,101,282.5499,100.00,90.24,0.0500,2.093239
2221,longdress,driving_B_2020.02.14_09.38.22.csv,641,280.5883,100.00,87.21,0.0500,2.187800
2222,loot,driving_B_2020.01.16_09.56.56.csv,1301,254.3840,84.20,71.90,0.0500,2.128202
2223,redandblack,driving_B_2019.12.17_07.32.39.csv,1428,187.4574,14.83,30.62,0.0500,2.157091
2224,soldier,driving_B_2020.01.16_09.56.56.csv,221,172.7624,0.00,16.41,0.0500,1.988939
2225,longdress,driving_B_2020.02.27_17.30.15.csv,234,-114.7311,0.00,-795.06,0.0500,2.048781
2226,loot,driving_B_2019.12.16_12.27.05.csv,1113,187.3891,34.98,25.70,0.0500,2.134776
2227,redandblack,driving_B_2020.02.13_15.02.01.csv,1338,40.0349,0.00,-155.66,0.0500,1.982497
2228,soldier,driving_B_2019.12.17_07.32.39.csv,2208,167.0374,0.00,-19.16,0.0500,2.245020
2229,longdress,driving_B_2020.02.14_09.38.22.csv,881,254.2325,71.58,71.61,0.0500,2.248693
2230,loot,driving_B_2020.01.16_09.56.56.csv,881,116.4400,0.00,-8.13,0.0500,2.266560
2231,redandblack,driving_B_2020.01.16_09.56.56.csv,401,105.8504,0.00,-13.02,0.0500,2.107228
2232,soldier,driving_B_2020.01.16_12.10.03.csv,49,273.6044,81.37,82.96,0.0500,2.206415
2233,longdress,static_B_2020.02.27_18.39.27.csv,5741,258.4655,73.76,76.49,0.0500,2.239149
2234,loot,static_B_2020.02.27_18.39.27.csv,4421,237.9367,100.00,76.34,0.0500,2.086511
2235,redandblack,driving_B_2020.02.13_13.03.24.csv,677,27.7477,0.00,-74.05,0.0500,2.290294
2236,soldier,driving_B_2019.12.17_07.32.39.csv,1248,91.5029,0.00,-73.19,0.0500,2.263602
2237,longdress,driving_B_2020.01.16_07.26.43.csv,1069,127.8743,0.00,0.72,0.0500,2.248718
2238,loot,static_B_2019.12.16_13.40.04.csv,901,228.0128,52.62,49.96,0.0500,2.110421
2239,redandblack,driving_B_2020.01.16_09.56.56.csv,1570,172.0323,34.90,35.48,0.0500,2.077200
2240,soldier,driving_B_2020.02.13_13.03.24.csv,2177,-57.1092,0.00,-469.84,0.0500,2.161986
2241,longdress,driving_B_2020.02.13_13.03.24.csv,557,28.7654,0.00,-72.96,0.0500,2.119684
2242,loot,driving_B_2020.01.16_07.26.43.csv,349,79.3377,0.00,-48.09,0.0500,2.102290
2243,redandblack,static_B_2020.02.27_18.39.27.csv,5621,275.0823,100.00,88.18,0.0500,2.212127
2244,soldier,driving_B_2020.02.13_13.03.24.csv,1997,-58.6650,0.00,-408.33,0.0500,2.257764
2245,longdress,static_B_2020.02.27_18.39.27.csv,1361,267.8536,84.17,84.40,0.0500,2.168482
2246,loot,driving_B_2020.02.13_13.03.24.csv,1877,-9.5287,0.00,-465.47,0.0500,2.063073
2247,redandblack,static_B_2020.02.27_18.39.27.csv,41,269.7725,90.00,86.49,0.0500,2.109340
2248,soldier,driving_B_2020.02.27_17.30.15.csv,654,9.4778,0.00,-189.05,0.0500,2.163620
2249,longdress,static_B_2020.02.27_18.39.27.csv,3161,62.1019,0.00,-312.85,0.0500,2.050887
2250,loot,static_B_2019.12.16_13.40.04.csv,721,259.3762,48.00,83.29,0.0500,2.016510
2251,redandblack,static_B_2020.02.27_18.39.27.csv,4961,266.2416,81.96,81.87,0.0500,2.117645
2252,soldier,driving_B_2020.01.16_09.56.56.csv,1541,267.0473,80.54,83.01,0.0500,2.024810
2253,longdress,static_B_2019.12.16_13.40.04.csv,841,229.4512,35.23,49.72,0.0500,2.255791
2254,loot,driving_B_2020.01.16_07.26.43.csv,289,158.9024,17.10,22.24,0.0500,2.241218
2255,redandblack,static_B_2020.02.27_18.39.27.csv,4001,278.0117,92.00,89.49,0.0500,1.955880
2256,soldier,static_B_2020.02.27_18.39.27.csv,1781,69.6634,0.00,-382.02,0.0500,2.147956
2257,longdress,driving_B_2019.12.17_07.32.39.csv,1128,274.4045,100.00,86.30,0.0500,2.024390
2258,loot,driving_B_2020.02.13_13.03.24.csv,257,102.8439,0.00,-16.56,0.0500,2.215081
2259,redandblack,driving_B_2020.02.13_15.02.01.csv,18,283.8483,100.00,89.66,0.0500,2.318604
2260,soldier,static_B_2019.12.16_13.40.04.csv,481,185.9731,79.77,1.68,0.0500,1.868852
2261,longdress,driving_B_2020.01.16_07.26.43.csv,1249,60.3775,0.00,-86.22,0.0500,2.120341
2262,loot,static_B_2020.02.27_18.39.27.csv,3401,259.0656,84.00,81.81,0.0500,2.076920
2263,redandblack,driving_B_2020.02.14_09.38.22.csv,101,88.5925,0.00,3.35,0.0500,2.151937
2264,soldier,static_B_2019.12.16_13.40.04.csv,1681,208.3292,61.05,48.12,0.0500,2.131624
2265,longdress,driving_B_2019.12.16_12.27.05.csv,633,49.5285,0.00,-209.72,0.0500,2.079330
2266,loot,driving_B_2020.02.13_15.02.01.csv,318,262.9703,85.48,82.06,0.0500,2.221817
2267,redandblack,static_B_2020.02.27_18.39.27.csv,281,253.2412,85.17,77.25,0.0500,2.132411
2268,soldier,static_B_2020.02.27_18.39.27.csv,4121,255.2605,82.14,78.20,0.0500,2.267787
2269,longdress,static_B_2020.02.27_18.39.27.csv,3341,261.8557,84.39,79.52,0.0500,2.208343
2270,loot,driving_B_2020.01.16_09.56.56.csv,161,226.0163,70.16,61.84,0.0500,2.044222
2271,redandblack,static_B_2020.02.27_18.39.27.csv,3641,260.5639,90.00,82.01,0.0500,2.150754
2272,soldier,driving_B_2019.12.17_07.32.39.csv,1368,285.4213,100.00,91.29,0.0500,2.262303
2273,longdress,driving_B_2019.12.17_07.32.39.csv,648,65.2581,0.00,-60.47,0.0500,1.865908
2274,loot,driving_B_2020.02.27_17.30.15.csv,174,-34.4807,0.00,-415.14,0.0500,2.203889
2275,redandblack,static_B_2019.12.16_13.40.04.csv,361,176.0941,44.38,39.20,0.0500,2.133125
2276,soldier,driving_B_2020.02.14_12.58.17.csv,402,-58.1129,0.00,-595.22,0.0500,2.287807
2277,longdress,driving_B_2020.01.16_07.26.43.csv,1609,24.9201,0.00,-84.69,0.0500,2.278784
2278,loot,driving_B_2019.12.16_12.27.05.csv,513,4.4585,0.00,-194.42,0.0500,2.083896
2279,redandblack,driving_B_2020.02.13_13.03.24.csv,137,56.9530,0.00,-48.31,0.0500,2.347462
2280,soldier,driving_B_2019.12.17_07.32.39.csv,228,22.7221,0.00,-125.23,0.0500,2.170878
2281,longdress,driving_B_2020.02.14_12.58.17.csv,582,76.4001,0.00,-49.28,0.0500,2.147682
2282,loot,static_B_2020.02.27_18.39.27.csv,2861,268.1724,84.47,84.07,0.0500,2.159365
2283,redandblack,driving_B_2020.02.13_15.02.01.csv,1698,200.3197,61.31,45.81,0.0500,2.024700
2284,soldier,static_B_2020.02.27_18.39.27.csv,1061,222.3742,79.16,57.02,0.0500,2.273200
2285,longdress,driving_B_2020.02.13_15.02.01.csv,2598,279.1775,100.00,88.22,0.0500,2.095289
2286,loot,static_B_2020.02.14_13.21.26.csv,768,249.7750,36.00,80.13,0.0500,2.199934
2287,redandblack,static_B_2020.02.27_18.39.27.csv,701,241.2157,59.98,66.20,0.0500,2.067626
2288,soldier,static_B_2020.02.27_18.39.27.csv,3461,265.3350,84.55,77.07,0.0500,2.173903
2289,longdress,driving_B_2020.02.14_12.58.17.csv,462,-40.4563,0.00,-322.78,0.0500,2.253041
2290,loot,driving_B_2020.02.14_09.38.22.csv,1478,113.6593,0.00,4.58,0.0500,2.220457
2291,redandblack,driving_B_2020.02.27_17.30.15.csv,534,0.6057,0.00,-124.98,0.0500,2.031191
2292,soldier,driving_B_2020.02.13_13.03.24.csv,737,-15.3592,0.00,-136.13,0.0500,2.075825
2293,longdress,driving_B_2020.02.13_15.02.01.csv,2238,213.2574,76.91,55.70,0.0500,2.361273
2294,loot,driving_B_2020.01.16_09.56.56.csv,101,150.5868,24.35,20.24,0.0500,1.972838
2295,redandblack,static_B_2020.02.27_18.39.27.csv,4541,230.5522,100.00,68.05,0.0500,1.945518
2296,soldier,static_B_2020.02.27_18.39.27.csv,1481,206.4223,100.00,61.80,0.0500,2.262329
2297,longdress,driving_B_2020.01.16_07.26.43.csv,1009,148.8040,44.22,30.07,0.0500,2.232021
2298,loot,static_B_2020.02.27_18.39.27.csv,2441,251.5340,52.00,80.02,0.0500,2.377018
2299,redandblack,driving_B_2020.02.13_13.03.24.csv,617,87.7372,0.00,-5.56,0.0500,2.072899
2300,soldier,static_B_2020.02.27_18.39.27.csv,5141,278.1373,100.00,88.32,0.0500,2.238955
2301,longdress,driving_B_2020.01.16_12.10.03.csv,229,274.4157,100.00,86.91,0.0500,2.251306
2302,loot,driving_B_2020.02.13_15.02.01.csv,2358,-17.4597,0.00,-166.79,0.0500,2.227067
2303,redandblack,driving_B_2020.02.13_13.03.24.csv,1577,89.4991,0.00,-6.57,0.0500,2.252154
2304,soldier,driving_B_2020.02.13_15.02.01.csv,2658,32.4516,0.00,-89.39,0.0500,2.234465
2305,longdress,driving_B_2020.01.16_07.26.43.csv,1429,-21.2686,0.00,-103.11,0.0500,2.006275
2306,loot,driving_B_2020.02.13_13.03.24.csv,2057,23.2040,0.00,-128.43,0.0500,2.282876
2307,redandblack,static_B_2019.12.16_13.40.04.csv,1381,164.6031,0.00,-105.20,0.0500,2.124346
2308,soldier,static_B_2020.02.27_18.39.27.csv,1001,238.4825,83.35,61.86,0.0500,2.389892
2309,longdress,static_B_2019.12.16_13.40.04.csv,1021,192.7413,81.92,47.59,0.0500,2.202843
2310,loot,driving_B_2020.02.14_09.38.22.csv,1181,86.4601,0.00,-28.90,0.0500,2.029732
2311,redandblack,static_B_2020.02.27_18.39.27.csv,761,273.9563,92.00,88.68,0.0500,2.061363
2312,soldier,driving_B_2020.02.14_09.38.22.csv,521,179.2373,50.67,47.91,0.0500,2.192239
2313,longdress,driving_B_2020.02.13_15.02.01.csv,1278,174.3818,100.00,47.24,0.0500,2.339425
2314,loot,driving_B_2020.02.13_15.02.01.csv,978,140.4140,25.98,25.92,0.0500,2.095405
2315,redandblack,static_B_2020.02.27_18.39.27.csv,3221,227.0070,80.00,54.01,0.0500,2.521787
2316,soldier,driving_B_2020.02.14_09.38.22.csv,581,163.3880,56.57,34.89,0.0500,2.367752
2317,longdress,driving_B_2019.12.17_07.32.39.csv,768,156.1380,52.66,37.52,0.0500,2.342903
2318,loot,driving_B_2019.12.17_07.32.39.csv,408,245.9006,100.00,77.65,0.0500,2.300265
2319,redandblack,driving_B_2020.02.13_13.03.24.csv,857,75.1247,0.00,-35.49,0.0500,2.133686
2320,soldier,driving_B_2020.01.16_09.56.56.csv,821,84.8110,0.00,-44.64,0.0500,2.144483
2321,longdress,driving_B_2020.02.13_15.02.01.csv,558,151.1636,40.52,30.61,0.0500,2.300624
2322,loot,driving_B_2020.01.16_09.56.56.csv,1481,280.0084,98.00,90.67,0.0500,2.278291
2323,redandblack,driving_B_2020.01.16_09.56.56.csv,341,243.6929,100.00,76.70,0.0500,2.182156
2324,soldier,static_B_2020.02.27_18.39.27.csv,4181,231.1457,74.16,66.52,0.0500,2.251088
2325,longdress,driving_B_2020.02.13_13.03.24.csv,1397,77.7498,8.64,-9.87,0.0500,2.080297
2326,loot,driving_B_2019.12.16_12.27.05.csv,153,180.9859,69.08,49.06,0.0500,2.081504
2327,redandblack,static_B_2020.02.14_13.21.26.csv,850,194.3205,82.50,57.10,0.0500,2.202784
2328,soldier,static_B_2020.02.27_18.39.27.csv,2381,94.6350,34.20,-35.28,0.0500,2.467515
2329,longdress,static_B_2019.12.16_13.40.04.csv,301,178.5200,68.68,37.30,0.0500,2.181795
2330,loot,driving_B_2020.01.16_07.26.43.csv,529,154.6028,33.56,27.37,0.0500,2.102164
2331,redandblack,driving_B_2019.12.17_07.32.39.csv,1848,41.2046,0.00,-33.68,0.0500,2.419630
2332,soldier,static_B_2020.02.14_13.21.26.csv,850,201.6261,80.58,57.90,0.0500,2.261868
2333,longdress,driving_B_2020.02.14_09.38.22.csv,1361,253.8718,78.15,76.14,0.0500,2.348290
2334,loot,static_B_2020.02.14_13.21.26.csv,648,245.2505,42.00,77.09,0.0500,2.138616
2335,redandblack,driving_B_2019.12.17_07.32.39.csv,1188,193.7986,69.62,46.10,0.0500,1.904463
2336,soldier,static_B_2020.02.27_18.39.27.csv,5261,231.6799,62.00,71.50,0.0500,2.307767
2337,longdress,driving_B_2020.02.14_09.38.22.csv,1241,97.1105,31.46,-3.38,0.0500,2.318767
2338,loot,driving_B_2020.01.16_09.56.56.csv,1421,246.2979,46.45,61.60,0.0500,2.309458
2339,redandblack,static_B_2020.02.27_18.39.27.csv,5742,249.0896,74.69,72.69,0.0500,2.151831
2340,soldier,driving_B_2020.02.13_13.03.24.csv,317,130.0001,26.19,11.49,0.0500,2.254959
2341,longdress,static_B_2020.02.27_18.39.27.csv,3701,272.2658,100.00,86.61,0.0500,2.161407
2342,loot,static_B_2020.02.27_18.39.27.csv,2261,250.2298,82.47,74.37,0.0500,2.044314
2343,redandblack,driving_B_2020.02.13_15.02.01.csv,678,239.3827,88.79,72.14,0.0500,2.061462
2344,soldier,driving_B_2020.02.13_13.03.24.csv,1097,-53.1672,0.00,-122.79,0.0500,2.175229
2345,longdress,static_B_2019.12.16_13.40.04.csv,1261,141.1356,1.06,15.87,0.0500,2.258903
2346,loot,static_B_2019.12.16_13.40.04.csv,1321,251.6198,100.00,69.86,0.0500,2.321030
2347,redandblack,driving_B_2020.01.16_07.26.43.csv,589,133.1539,19.06,21.27,0.0500,2.324672
2348,soldier,driving_B_2019.12.17_07.32.39.csv,2028,58.4491,0.00,-38.43,0.0500,2.299270
2349,longdress,driving_B_2020.02.13_13.03.24.csv,1157,-31.9501,0.00,-83.72,0.0500,2.255363
2350,loot,static_B_2020.02.27_18.39.27.csv,2561,272.8958,94.00,85.92,0.0500,2.293095
2351,redandblack,static_B_2019.12.16_13.40.04.csv,1081,189.5322,77.86,47.43,0.0500,2.318234
2352,soldier,driving_B_2020.01.16_09.56.56.csv,1061,142.8492,39.58,23.21,0.0500,2.085871
2353,longdress,driving_B_2020.02.13_13.03.24.csv,1637,94.0098,0.00,-101.05,0.0500,2.260883
2354,loot,static_B_2020.02.27_18.39.27.csv,3941,288.1843,100.00,93.45,0.0500,2.185603
2355,redandblack,driving_B_2019.12.17_07.32.39.csv,708,140.0471,29.71,30.90,0.0500,2.450162
2356,soldier,driving_B_2020.02.13_15.02.01.csv,2754,0.5980,0.00,-46.89,0.0500,2.169774
2357,longdress,driving_B_2020.01.16_09.56.56.csv,641,259.9580,98.00,81.45,0.0500,2.003409
2358,loot,driving_B_2020.02.13_13.03.24.csv,197,96.3921,0.00,-5.29,0.0500,2.106131
2359,redandblack,driving_B_2020.02.13_13.03.24.csv,917,131.4405,10.59,10.21,0.0500,2.311989
2360,soldier,driving_B_2020.01.16_07.26.43.csv,49,164.0986,54.49,27.77,0.0500,2.087649
2361,longdress,driving_B_2020.01.16_07.26.43.csv,469,14.7894,0.00,-64.57,0.0500,2.258437
2362,loot,driving_B_2020.02.13_13.03.24.csv,2188,11.7488,0.00,-78.52,0.0500,2.015942
2363,redandblack,static_B_2020.02.14_13.21.26.csv,408,264.5781,100.00,82.94,0.0500,2.084940
2364,soldier,driving_B_2020.02.13_15.02.01.csv,2754,51.0723,0.00,-36.35,0.0500,2.245064
2365,longdress,driving_B_2020.02.27_17.30.15.csv,714,2.1368,32.88,-36.15,0.0500,2.253311
2366,loot,static_B_2020.02.14_13.21.26.csv,468,253.7996,68.00,79.87,0.0500,2.329591
2367,redandblack,driving_B_2019.12.17_07.32.39.csv,948,118.6214,12.96,14.53,0.0500,2.263178
2368,soldier,driving_B_2020.01.16_12.10.03.csv,169,276.5068,100.00,88.24,0.0500,2.185598
2369,longdress,static_B_2020.02.27_18.39.27.csv,2801,269.5376,86.85,86.24,0.0500,2.216110
2370,loot,driving_B_2019.12.17_07.32.39.csv,528,97.3406,0.00,-6.78,0.0500,2.465102
2371,redandblack,driving_B_2019.12.16_12.27.05.csv,1152,170.9345,41.62,31.65,0.0500,2.458989
2372,soldier,driving_B_2020.02.13_15.02.01.csv,2718,-5.7451,0.00,-139.15,0.0500,2.190477
2373,longdress,driving_B_2020.02.14_12.58.17.csv,800,-1.4130,0.00,-198.27,0.0500,2.307987
2374,loot,static_B_2020.02.27_18.39.27.csv,1181,181.7314,0.00,-156.89,0.0500,2.275318
2375,redandblack,static_B_2020.02.27_18.39.27.csv,5021,251.1948,81.32,77.76,0.0500,2.479591
2376,soldier,static_B_2020.02.27_18.39.27.csv,4661,142.6648,0.00,-242.66,0.0500,2.339446
2377,longdress,driving_B_2020.02.14_12.58.17.csv,522,-15.8839,0.00,-137.62,0.0500,2.284842
2378,loot,driving_B_2020.02.13_13.03.24.csv,1817,-48.0480,0.00,-926.68,0.0500,2.211134
2379,redandblack,driving_B_2020.02.14_12.58.17.csv,222,-37.2649,0.00,-734.62,0.0500,2.216569
2380,soldier,static_B_2020.02.27_18.39.27.csv,2501,275.2430,88.85,86.43,0.0500,2.383930
2381,longdress,driving_B_2020.02.13_15.02.01.csv,498,136.1039,0.00,-27.33,0.0500,2.235205
2382,loot,static_B_2020.02.27_18.39.27.csv,5501,276.0467,85.30,88.36,0.0500,2.221344
2383,redandblack,driving_B_2020.01.16_09.56.56.csv,941,166.7479,0.00,9.90,0.0500,2.344320
2384,soldier,driving_B_2020.01.16_09.56.56.csv,581,248.5912,67.87,68.81,0.0500,2.251565
2385,longdress,driving_B_2020.01.16_07.26.43.csv,1129,128.6998,0.00,-4.00,0.0500,2.346306
2386,loot,driving_B_2019.12.16_12.27.05.csv,933,187.9927,43.91,41.45,0.0500,2.406072
2387,redandblack,driving_B_2019.12.16_12.27.05.csv,33,116.3067,0.00,-8.51,0.0500,2.428262
2388,soldier,static_B_2020.02.27_18.39.27.csv,3101,98.6687,0.00,-11.86,0.0500,2.414888
2389,longdress,static_B_2020.02.27_18.39.27.csv,2201,254.2107,76.77,66.43,0.0500,2.154109
2390,loot,driving_B_2020.01.16_07.26.43.csv,1770,27.2303,0.00,-130.79,0.0500,2.209683
2391,redandblack,driving_B_2020.02.13_13.03.24.csv,1217,28.5965,0.00,-103.87,0.0500,2.281347
2392,soldier,driving_B_2020.02.13_13.03.24.csv,1457,143.5885,0.00,-20.18,0.0500,2.443442
2393,longdress,driving_B_2020.02.27_17.30.15.csv,474,-70.3093,0.00,-354.60,0.0500,2.445646
2394,loot,driving_B_2020.02.14_09.38.22.csv,1478,83.6331,0.00,-18.42,0.0500,2.301911
2395,redandblack,driving_B_2020.01.16_07.26.43.csv,1770,1.5240,0.00,-163.24,0.0500,2.141421
2396,soldier,driving_B_2020.01.16_09.56.56.csv,1181,181.1137,35.70,30.42,0.0500,2.142246
2397,longdress,static_B_2020.02.14_13.21.26.csv,828,258.0272,72.40,74.04,0.0500,2.314349
2398,loot,driving_B_2020.01.16_07.26.43.csv,769,214.8715,77.69,51.11,0.0500,1.996328
2399,redandblack,static_B_2019.12.16_13.40.04.csv,541,261.3047,100.00,81.56,0.0500,2.300053
2400,soldier,driving_B_2020.02.13_13.03.24.csv,1277,-15.1200,0.00,-262.82,0.0500,2.140454
2401,longdress,driving_B_2020.01.16_07.26.43.csv,1669,40.8963,0.00,-145.73,0.0500,2.311106
2402,loot,static_B_2020.02.27_18.39.27.csv,3521,239.9779,80.27,68.06,0.0500,2.145149
2403,redandblack,driving_B_2020.02.13_13.03.24.csv,17,101.1054,0.00,-60.25,0.0500,2.151198
2404,soldier,driving_B_2020.01.16_09.56.56.csv,281,245.4276,56.35,69.30,0.0500,2.362737
2405,longdress,driving_B_2020.02.13_13.03.24.csv,797,39.7384,0.00,-143.73,0.0500,2.120416
2406,loot,driving_B_2020.02.14_12.58.17.csv,762,-9.2742,0.00,-155.78,0.0500,2.341927
2407,redandblack,static_B_2020.02.27_18.39.27.csv,5561,272.1188,100.00,86.50,0.0500,2.162691
2408,soldier,driving_B_2020.01.16_07.26.43.csv,1309,176.6557,2.73,31.63,0.0500,2.424524
2409,longdress,driving_B_2020.02.13_15.02.01.csv,1758,231.3495,67.38,63.78,0.0500,2.232611
2410,loot,driving_B_2020.02.14_09.38.22.csv,821,225.3208,11.84,3.49,0.0500,2.233006
2411,redandblack,static_B_2020.02.27_18.39.27.csv,2741,271.8312,87.68,86.20,0.0500,2.295078
2412,soldier,driving_B_2020.01.16_09.56.56.csv,521,177.2495,19.11,32.85,0.0500,2.344227
2413,longdress,driving_B_2019.12.17_07.32.39.csv,1488,54.9058,0.00,-145.38,0.0500,2.355504
2414,loot,driving_B_2020.02.27_17.30.15.csv,294,-8.2868,0.00,-227.51,0.0500,2.191776
2415,redandblack,driving_B_2020.01.16_09.56.56.csv,41,111.9039,0.00,-24.15,0.0500,2.532930
2416,soldier,static_B_2019.12.16_13.40.04.csv,601,188.7207,17.58,31.64,0.0500,2.344717
2417,longdress,driving_B_2020.01.16_07.26.43.csv,109,34.0112,0.00,-99.56,0.0500,2.106705
2418,loot,driving_B_2020.02.13_15.02.01.csv,138,270.9096,100.00,86.28,0.0500,2.342742
2419,redandblack,static_B_2019.12.16_13.40.04.csv,181,248.0116,81.87,75.17,0.0500,2.200393
2420,soldier,driving_B_2020.01.16_07.26.43.csv,1189,29.8749,0.00,-164.05,0.0500,2.195850
2421,longdress,driving_B_2020.02.27_17.30.15.csv,354,-61.1551,0.00,-449.98,0.0500,2.175153
2422,loot,static_B_2020.02.27_18.39.27.csv,941,254.6035,100.00,77.71,0.0500,2.402031
2423,redandblack,driving_B_2020.02.13_15.02.01.csv,1638,22.9698,0.00,-142.11,0.0500,2.247573
2424,soldier,driving_B_2019.12.16_12.27.05.csv,993,264.1440,72.00,83.95,0.0500,2.368700
2425,longdress,driving_B_2020.02.13_15.02.01.csv,1158,195.1625,40.09,42.13,0.0500,2.291101
2426,loot,driving_B_2020.01.16_12.10.03.csv,109,268.8949,70.00,86.36,0.0500,2.294061
2427,redandblack,driving_B_2020.01.16_07.26.43.csv,709,164.1847,23.57,25.98,0.0500,2.119122
2428,soldier,static_B_2020.02.27_18.39.27.csv,4301,231.0457,47.47,56.34,0.0500,2.257102
2429,longdress,driving_B_2019.12.16_12.27.05.csv,813,129.0420,0.00,8.23,0.0500,2.426211
2430,loot,driving_B_2020.02.13_15.02.01.csv,2478,34.5141,0.00,-155.05,0.0500,2.261748
2431,redandblack,driving_B_2020.02.27_17.30.15.csv,594,-24.1635,0.00,-278.58,0.0500,2.110148
2432,soldier,driving_B_2019.12.17_07.32.39.csv,348,213.7274,27.21,41.45,0.0500,2.033699
2433,longdress,driving_B_2020.02.14_09.38.22.csv,701,226.2849,64.95,58.42,0.0500,2.220283
2434,loot,static_B_2020.02.27_18.39.27.csv,3581,198.1356,48.31,46.58,0.0500,2.190201
2435,redandblack,static_B_2020.02.14_13.21.26.csv,228,263.6417,90.00,82.84,0.0500,2.147321
2436,soldier,driving_B_2020.02.14_09.38.22.csv,341,-16.9356,0.00,-317.16,0.0500,2.140589
2437,longdress,static_B_2020.02.27_18.39.27.csv,4241,235.2398,76.82,57.17,0.0500,2.333332
2438,loot,static_B_2020.02.27_18.39.27.csv,5321,283.0269,92.00,91.28,0.0500,2.482032
2439,redandblack,static_B_2020.02.27_18.39.27.csv,1421,274.9668,100.00,84.48,0.0500,2.216482
2440,soldier,driving_B_2020.02.14_09.38.22.csv,1001,66.2076,0.00,-101.02,0.0500,2.403451
2441,longdress,driving_B_2020.01.16_07.26.43.csv,649,20.7345,0.00,-133.91,0.0500,2.277529
2442,loot,driving_B_2019.12.17_07.32.39.csv,588,163.2049,16.34,26.90,0.0500,2.260506
2443,redandblack,static_B_2019.12.16_13.40.04.csv,781,258.1384,80.53,80.26,0.0500,2.130912
2444,soldier,static_B_2020.02.27_18.39.27.csv,1121,89.8713,0.00,-55.89,0.0500,2.304415
2445,longdress,static_B_2020.02.27_18.39.27.csv,341,256.9682,82.32,72.98,0.0500,2.275604
2446,loot,static_B_2020.02.14_13.21.26.csv,348,285.3789,100.00,92.10,0.0500,2.156146
2447,redandblack,driving_B_2020.02.13_15.02.01.csv,1098,191.1508,24.12,34.49,0.0500,2.310328
2448,soldier,static_B_2019.12.16_13.40.04.csv,1741,253.9847,75.27,68.49,0.0500,2.232723
2449,longdress,static_B_2019.12.16_13.40.04.csv,1141,77.7524,0.00,-208.93,0.0500,2.127393
2450,loot,static_B_2020.02.14_13.21.26.csv,168,259.7591,52.00,83.34,0.0500,2.310358
2451,redandblack,driving_B_2019.12.16_12.27.05.csv,693,191.0713,46.16,37.57,0.0500,2.486413
2452,soldier,driving_B_2020.02.13_15.02.01.csv,378,286.4136,100.00,92.03,0.0500,2.375293
2453,longdress,driving_B_2019.12.17_07.32.39.csv,1968,233.3558,82.13,67.17,0.0500,2.428007
2454,loot,driving_B_2020.02.14_12.58.17.csv,102,114.4644,14.85,-9.12,0.0500,2.492676
2455,redandblack,driving_B_2020.01.16_07.26.43.csv,229,146.1581,33.16,27.69,0.0500,2.323688
2456,soldier,driving_B_2020.02.14_09.38.22.csv,761,141.4046,0.00,2.49,0.0500,2.233297
2457,longdress,driving_B_2019.12.17_07.32.39.csv,1008,123.6982,13.41,1.21,0.0500,2.431725
2458,loot,driving_B_2020.02.13_15.02.01.csv,918,261.6747,62.00,84.09,0.0500,2.344180
2459,redandblack,driving_B_2020.02.13_15.02.01.csv,2418,5.9974,0.00,-199.63,0.0500,2.272798
2460,soldier,driving_B_2020.02.14_12.58.17.csv,702,-46.9846,0.00,-159.76,0.0500,2.527640
2461,longdress,static_B_2019.12.16_13.40.04.csv,1904,241.5210,98.00,54.92,0.0500,2.281257
2462,loot,driving_B_2020.01.16_09.56.56.csv,1361,223.4624,83.58,60.31,0.0500,2.297478
2463,redandblack,static_B_2020.02.27_18.39.27.csv,5081,279.1000,100.00,89.88,0.0500,2.503430
2464,soldier,driving_B_2019.12.16_12.27.05.csv,873,220.1290,64.54,58.08,0.0500,2.661778
2465,longdress,static_B_2020.02.27_18.39.27.csv,161,281.5074,100.00,90.58,0.0500,2.270647
2466,loot,driving_B_2020.02.13_15.02.01.csv,798,199.7434,19.63,55.98,0.0500,2.209711
2467,redandblack,driving_B_2019.12.16_12.27.05.csv,393,-75.0880,0.00,-124.42,0.0500,2.442798
2468,soldier,static_B_2020.02.27_18.39.27.csv,4481,218.7885,62.80,56.71,0.0500,2.392711
2469,longdress,static_B_2020.02.27_18.39.27.csv,4901,117.1751,10.15,9.16,0.0500,2.446933
2470,loot,static_B_2020.02.27_18.39.27.csv,1661,245.0054,75.45,71.64,0.0500,2.311062
2471,redandblack,driving_B_2020.02.13_15.02.01.csv,738,150.0923,36.47,21.87,0.0500,2.249539
2472,soldier,static_B_2020.02.14_13.21.26.csv,528,279.2411,96.00,88.95,0.0500,2.610704
2473,longdress,driving_B_2020.02.13_15.02.01.csv,1938,189.4025,61.39,42.70,0.0500,2.436297
2474,loot,static_B_2019.12.16_13.40.04.csv,1201,197.2317,62.26,45.15,0.0500,2.351664
2475,redandblack,static_B_2019.12.16_13.40.04.csv,1,257.9722,100.00,81.13,0.0500,2.289620
2476,soldier,driving_B_2020.02.27_17.30.15.csv,720,-87.2307,0.00,-329.12,0.0500,2.486460
2477,longdress,driving_B_2020.02.13_13.03.24.csv,497,16.7409,0.00,-78.37,0.0500,2.323068
2478,loot,driving_B_2020.02.14_09.38.22.csv,1478,98.7279,0.00,-6.29,0.0500,2.344715
2479,redandblack,driving_B_2020.01.16_07.26.43.csv,1549,58.2121,0.00,-69.72,0.0500,2.435051
2480,soldier,static_B_2020.02.27_18.39.27.csv,3881,170.8968,28.08,31.35,0.0500,2.318700
2481,longdress,static_B_2019.12.16_13.40.04.csv,1904,235.7340,86.00,53.20,0.0500,2.402718
2482,loot,driving_B_2020.01.16_07.26.43.csv,949,93.2103,0.00,-71.21,0.0500,2.293342
2483,redandblack,static_B_2020.02.27_18.39.27.csv,1301,267.2976,94.00,85.16,0.0500,2.423620
2484,soldier,static_B_2020.02.27_18.39.27.csv,2921,198.3291,64.19,48.01,0.0500,2.258805
2485,longdress,driving_B_2019.12.17_07.32.39.csv,2088,253.4496,81.20,77.06,0.0500,2.416897
2486,loot,driving_B_2020.02.13_15.02.01.csv,1038,282.4968,100.00,90.86,0.0500,2.552686
2487,redandblack,driving_B_2020.02.14_09.38.22.csv,1061,127.0987,13.05,10.02,0.0500,2.336010
2488,soldier,driving_B_2020.02.27_17.30.15.csv,414,-47.6375,0.00,-581.43,0.0500,2.401951
2489,longdress,driving_B_2019.12.16_12.27.05.csv,573,7.2444,0.00,-212.80,0.0500,2.271635
2490,loot,static_B_2020.02.27_18.39.27.csv,4361,235.3422,79.23,71.96,0.0500,2.291120
2491,redandblack,driving_B_2020.02.13_15.02.01.csv,2298,46.2306,0.00,-68.58,0.0500,2.689101
2492,soldier,driving_B_2020.02.14_12.58.17.csv,800,10.2811,0.00,-167.83,0.0500,2.399770
2493,longdress,driving_B_2020.01.16_07.26.43.csv,889,19.2547,0.00,-45.92,0.0500,2.284256
2494,loot,static_B_2019.12.16_13.40.04.csv,1441,250.4889,66.00,79.04,0.0500,2.344313
2495,redandblack,driving_B_2019.12.17_07.32.39.csv,1788,44.0020,0.00,-51.97,0.0500,2.298892
2496,soldier,static_B_2020.02.27_18.39.27.csv,1541,262.2283,100.00,78.68,0.0500,2.463165
2497,longdress,driving_B_2020.02.13_15.02.01.csv,1398,46.9490,0.00,-67.66,0.0500,2.353592
2498,loot,static_B_2019.12.16_13.40.04.csv,241,229.4234,84.57,64.00,0.0500,2.348816
2499,redandblack,static_B_2020.02.27_18.39.27.csv,3761,267.5562,100.00,84.59,0.0500,2.567568
2500,soldier,driving_B_2019.12.17_07.32.39.csv,1668,-6.3146,0.00,-79.29,0.0500,2.310239
2501,longdress,driving_B_2020.01.16_07.26.43.csv,829,178.0156,17.34,33.50,0.0500,2.100387
2502,loot,static_B_2020.02.14_13.21.26.csv,708,262.6798,100.00,82.15,0.0500,2.427965
2503,redandblack,driving_B_2020.02.14_09.38.22.csv,304,40.0631,0.00,-73.96,0.0500,2.300798
2504,soldier,driving_B_2020.01.16_07.26.43.csv,449,1.3696,0.00,-137.99,0.0500,2.391657
2505,longdress,driving_B_2020.01.16_09.56.56.csv,1072,79.6395,0.00,-41.72,0.0500,2.368659
2506,loot,static_B_2019.12.16_13.40.04.csv,974,245.0089,85.42,72.03,0.0500,2.480207
2507,redandblack,static_B_2020.02.27_18.39.27.csv,5742,246.7577,77.67,74.33,0.0500,2.576002
2508,soldier,driving_B_2020.02.13_15.02.01.csv,404,252.4312,68.00,78.95,0.0500,2.207934
2509,longdress,static_B_2020.02.27_18.39.27.csv,3714,271.7658,100.00,85.95,0.0500,2.461748
2510,loot,driving_B_2019.12.17_07.32.39.csv,846,103.7036,0.00,-7.97,0.0500,2.160060
2511,redandblack,static_B_2019.12.16_13.40.04.csv,554,258.9334,100.00,78.04,0.0500,2.289129
2512,soldier,driving_B_2019.12.16_12.27.05.csv,810,165.5742,9.43,22.86,0.0500,2.058523
2513,longdress,driving_B_2020.02.14_12.58.17.csv,114,119.3893,0.00,-10.61,0.0500,2.555127
2514,loot,static_B_2020.02.27_18.39.27.csv,5154,257.6086,58.00,82.04,0.0500,2.483712
2515,redandblack,driving_B_2020.02.13_15.02.01.csv,2024,242.2043,100.00,73.88,0.0500,2.392164
2516,soldier,driving_B_2019.12.16_12.27.05.csv,510,-50.0676,0.00,-233.94,0.0500,2.243214
2517,longdress,driving_B_2020.02.13_15.02.01.csv,764,136.6981,0.00,10.97,0.0500,2.514785
2518,loot,driving_B_2020.01.16_09.56.56.csv,652,197.6891,52.93,41.11,0.0500,2.475998
2519,redandblack,driving_B_2020.02.13_13.03.24.csv,1959,-6.8848,0.00,-186.49,0.0500,2.291853
2520,soldier,driving_B_2019.12.17_07.32.39.csv,186,100.2822,0.00,-15.97,0.0500,2.353683
2521,longdress,driving_B_2020.01.16_07.26.43.csv,1709,123.9305,13.74,14.72,0.0500,2.421408
2522,loot,driving_B_2020.01.16_07.26.43.csv,1769,55.2746,0.00,-44.80,0.0500,2.424921
2523,redandblack,driving_B_2020.02.13_13.03.24.csv,1179,103.0269,0.00,1.65,0.0500,2.276899
2524,soldier,driving_B_2020.02.13_15.02.01.csv,2444,-70.7505,0.00,-289.76,0.0500,2.583233
2525,longdress,driving_B_2020.01.16_07.26.43.csv,1349,23.1914,0.00,-89.87,0.0500,2.471454
2526,loot,static_B_2020.02.27_18.39.27.csv,2754,260.1956,100.00,81.31,0.0500,2.277130
2527,redandblack,driving_B_2020.01.16_09.56.56.csv,472,228.5249,73.84,62.21,0.0500,2.341817
2528,soldier,driving_B_2020.02.27_17.30.15.csv,229,-92.3294,0.00,-401.88,0.0500,2.359321
2529,longdress,driving_B_2020.01.16_07.26.43.csv,1589,40.0483,0.00,-122.41,0.0500,2.485222
2530,loot,static_B_2020.02.27_18.39.27.csv,774,273.3531,86.00,87.71,0.0500,2.609036
2531,redandblack,driving_B_2020.02.13_15.02.01.csv,884,256.4927,81.15,78.02,0.0500,2.508049
2532,soldier,driving_B_2020.02.13_15.02.01.csv,944,250.4665,100.00,79.66,0.0500,2.491250
2533,longdress,static_B_2020.02.27_18.39.27.csv,2514,281.8138,100.00,90.30,0.0500,2.324144
2534,loot,static_B_2020.02.27_18.39.27.csv,4914,252.7714,86.27,79.65,0.0500,2.518414
2535,redandblack,driving_B_2020.02.14_12.58.17.csv,174,-57.0897,0.00,-401.77,0.0500,2.351259
2536,soldier,static_B_2019.12.16_13.40.04.csv,1094,185.0425,0.00,-50.63,0.0500,2.448082
2537,longdress,driving_B_2020.02.14_09.38.22.csv,1204,8.0286,0.00,-114.83,0.0500,2.235718
2538,loot,driving_B_2019.12.17_07.32.39.csv,6,179.7223,65.13,49.39,0.0500,2.420478
2539,redandblack,driving_B_2020.02.13_15.02.01.csv,584,200.5194,80.49,55.72,0.0500,2.403368
2540,soldier,driving_B_2019.12.16_12.27.05.csv,90,94.2865,4.16,7.44,0.0500,2.582737
2541,longdress,driving_B_2019.12.16_12.27.05.csv,1152,141.4605,24.58,18.90,0.0500,2.479061
2542,loot,static_B_2020.02.27_18.39.27.csv,1734,230.3276,100.00,70.14,0.0500,2.159501
2543,redandblack,driving_B_2019.12.16_12.27.05.csv,750,193.2080,60.36,44.84,0.0500,2.469934
2544,soldier,driving_B_2020.01.16_09.56.56.csv,172,150.2822,44.08,25.99,0.0500,2.513721
2545,longdress,driving_B_2020.02.13_15.02.01.csv,2384,-49.0694,0.00,-143.44,0.0500,2.541978
2546,loot,static_B_2020.02.27_18.39.27.csv,1134,130.8171,3.16,8.49,0.0500,2.417281
2547,redandblack,driving_B_2019.12.17_07.32.39.csv,1866,150.8329,28.89,25.17,0.0500,2.504433
2548,soldier,driving_B_2020.01.16_09.56.56.csv,1570,142.3315,45.54,25.80,0.0500,2.233358
2549,longdress,driving_B_2020.02.14_09.38.22.csv,904,199.7753,80.04,60.58,0.0500,2.295899
2550,loot,static_B_2020.02.27_18.39.27.csv,5454,217.2076,77.55,59.12,0.0500,2.438608
2551,redandblack,static_B_2020.02.27_18.39.27.csv,1854,164.1233,84.35,34.40,0.0500,2.451203
2552,soldier,static_B_2020.02.27_18.39.27.csv,4134,282.0995,100.00,90.70,0.0500,2.310475
2553,longdress,static_B_2019.12.16_13.40.04.csv,674,270.4044,85.44,86.10,0.0500,2.481001
2554,loot,driving_B_2020.02.13_15.02.01.csv,104,225.1332,0.00,71.80,0.0500,2.434980
2555,redandblack,driving_B_2020.02.14_12.58.17.csv,414,-71.2557,0.00,-304.37,0.0500,2.303030
2556,soldier,driving_B_2020.01.16_09.56.56.csv,1012,258.0849,85.15,79.18,0.0500,2.386590
2557,longdress,driving_B_2020.02.14_09.38.22.csv,784,170.4437,63.74,39.65,0.0500,2.389249
2558,loot,driving_B_2020.01.16_12.10.03.csv,80,250.1603,84.45,77.57,0.0500,2.572827
2559,redandblack,driving_B_2020.02.14_12.58.17.csv,354,-45.4220,0.00,-196.05,0.0500,2.415050
2560,soldier,static_B_2020.02.27_18.39.27.csv,2274,212.5794,52.33,56.40,0.0500,2.361036
2561,longdress,driving_B_2019.12.17_07.32.39.csv,426,166.7005,63.80,44.99,0.0500,2.525717
2562,loot,driving_B_2020.02.13_15.02.01.csv,284,275.8793,98.00,88.79,0.0500,2.286765
2563,redandblack,driving_B_2020.02.13_15.02.01.csv,1184,223.5102,77.79,59.15,0.0500,2.451324
2564,soldier,static_B_2019.12.16_13.40.04.csv,1334,206.7348,85.28,60.54,0.0500,2.471025
2565,longdress,static_B_2020.02.27_18.39.27.csv,4374,238.8398,75.36,60.56,0.0500,2.402391
2566,loot,static_B_2020.02.27_18.39.27.csv,2394,209.7391,60.00,39.61,0.0500,2.364251
2567,redandblack,driving_B_2019.12.17_07.32.39.csv,1206,113.0014,9.67,4.15,0.0500,2.613271
2568,soldier,driving_B_2019.12.17_07.32.39.csv,606,92.9684,0.00,-19.79,0.0500,2.442128
2569,longdress,static_B_2020.02.27_18.39.27.csv,1074,194.4550,68.53,51.92,0.0500,2.611280
2570,loot,driving_B_2019.12.16_12.27.05.csv,270,129.7788,0.00,6.58,0.0500,2.151526
2571,redandblack,driving_B_2020.02.13_13.03.24.csv,1359,117.0151,0.00,-1.52,0.0500,2.431224
2572,soldier,driving_B_2019.12.17_07.32.39.csv,1086,166.2128,49.00,36.52,0.0500,2.414495
2573,longdress,driving_B_2020.02.13_15.02.01.csv,2744,21.8390,0.00,-70.10,0.0500,2.323227
2574,loot,driving_B_2020.01.16_09.56.56.csv,52,151.7577,37.70,34.92,0.0500,2.566624
2575,redandblack,driving_B_2020.02.13_13.03.24.csv,2079,40.2651,0.00,-50.73,0.0500,2.471341
2576,soldier,static_B_2020.02.27_18.39.27.csv,534,180.3782,71.57,42.21,0.0500,2.226208
2577,longdress,static_B_2020.02.27_18.39.27.csv,1974,267.5525,86.00,85.49,0.0500,2.400219
2578,loot,driving_B_2020.02.13_13.03.24.csv,99,112.6474,0.00,-19.32,0.0500,2.633672
2579,redandblack,driving_B_2020.02.13_15.02.01.csv,2684,95.1379,0.00,-10.90,0.0500,2.526849
2580,soldier,driving_B_2019.12.16_12.27.05.csv,1110,140.2724,19.73,-5.63,0.0500,2.415238
2581,longdress,driving_B_2020.01.16_12.10.03.csv,200,263.6026,100.00,83.21,0.0500,2.469870
2582,loot,driving_B_2019.12.17_07.32.39.csv,1806,122.3303,0.00,7.67,0.0500,2.292016
2583,redandblack,driving_B_2020.01.16_09.56.56.csv,112,87.6538,0.00,-40.03,0.0500,2.118145
2584,soldier,static_B_2020.02.27_18.39.27.csv,4074,268.1989,82.31,82.54,0.0500,2.402055
2585,longdress,static_B_2020.02.27_18.39.27.csv,2154,227.2793,60.74,57.03,0.0500,2.553766
2586,loot,driving_B_2020.02.14_09.38.22.csv,64,53.2906,0.00,-52.33,0.0500,2.554481
2587,redandblack,driving_B_2020.02.13_15.02.01.csv,1844,219.6782,71.61,58.08,0.0500,2.447681
2588,soldier,driving_B_2020.02.27_17.30.15.csv,169,-87.1660,0.00,-474.26,0.0500,2.382644
2589,longdress,driving_B_2020.02.14_09.38.22.csv,1264,182.1244,8.60,21.38,0.0500,2.382373
2590,loot,static_B_2020.02.27_18.39.27.csv,894,242.3486,73.51,68.35,0.0500,2.381906
2591,redandblack,static_B_2020.02.27_18.39.27.csv,4674,120.5901,0.00,-173.95,0.0500,2.453471
2592,soldier,driving_B_2020.01.16_07.26.43.csv,89,137.7832,79.02,34.94,0.0500,2.383059
2593,longdress,driving_B_2020.01.16_09.56.56.csv,232,189.1161,84.21,54.47,0.0500,2.600290
2594,loot,driving_B_2020.01.16_07.26.43.csv,1529,111.5010,0.00,7.17,0.0500,2.223192
2595,redandblack,driving_B_2020.02.14_09.38.22.csv,1324,248.1862,81.55,76.39,0.0500,2.592474
2596,soldier,static_B_2020.02.14_13.21.26.csv,744,282.3268,100.00,90.61,0.0500,2.322157
2597,longdress,static_B_2020.02.27_18.39.27.csv,3954,261.6079,84.91,82.01,0.0500,2.443073
2598,loot,static_B_2019.12.16_13.40.04.csv,1904,190.4742,0.00,38.19,0.0500,2.294092
2599,redandblack,static_B_2020.02.27_18.39.27.csv,2694,219.1585,100.00,62.59,0.0500,2.434358
2600,soldier,driving_B_2020.02.14_09.38.22.csv,124,-29.7916,0.00,-119.99,0.0500,2.498422
2601,longdress,driving_B_2020.02.13_15.02.01.csv,2754,53.6192,0.00,-66.86,0.0500,2.268963
2602,loot,driving_B_2020.02.13_13.03.24.csv,2139,38.2637,0.00,-103.20,0.0500,2.496245
2603,redandblack,static_B_2020.02.27_18.39.27.csv,2334,128.9550,0.00,-20.09,0.0500,2.430133
2604,soldier,driving_B_2019.12.16_12.27.05.csv,630,14.7706,0.00,-214.86,0.0500,2.241064
2605,longdress,static_B_2019.12.16_13.40.04.csv,1904,240.3333,100.00,53.83,0.0500,2.506252
2606,loot,driving_B_2019.12.17_07.32.39.csv,1566,187.1586,78.89,48.96,0.0500,2.317360
2607,redandblack,driving_B_2020.02.13_13.03.24.csv,1719,214.1775,83.95,58.25,0.0500,2.402658
2608,soldier,static_B_2020.02.27_18.39.27.csv,3594,274.2428,100.00,87.25,0.0500,2.480167
2609,longdress,static_B_2020.02.27_18.39.27.csv,4974,278.7651,100.00,88.94,0.0500,2.458527
2610,loot,static_B_2020.02.27_18.39.27.csv,4614,233.9349,100.00,64.91,0.0500,2.362877
2611,redandblack,driving_B_2020.02.14_09.38.22.csv,604,266.2190,100.00,83.70,0.0500,2.288994
2612,soldier,driving_B_2020.01.16_09.56.56.csv,592,223.2202,63.39,60.22,0.0500,2.541786
2613,longdress,driving_B_2020.01.16_09.56.56.csv,712,256.5520,78.12,78.32,0.0500,2.614514
2614,loot,static_B_2020.02.27_18.39.27.csv,3414,276.2607,100.00,87.64,0.0500,2.199867
2615,redandblack,static_B_2020.02.14_13.21.26.csv,804,262.0602,100.00,81.37,0.0500,2.271246
2616,soldier,static_B_2019.12.16_13.40.04.csv,314,125.5034,0.00,-2.60,0.0500,2.530125
2617,longdress,static_B_2020.02.27_18.39.27.csv,5514,247.5100,80.18,75.18,0.0500,2.210029
2618,loot,driving_B_2020.02.14_09.38.22.csv,1084,57.3617,0.00,-55.28,0.0500,2.504313
2619,redandblack,driving_B_2020.02.13_13.03.24.csv,159,79.5425,0.00,-42.73,0.0500,2.465996
2620,soldier,static_B_2020.02.27_18.39.27.csv,834,243.8705,82.90,73.80,0.0500,2.370629
2621,longdress,driving_B_2020.02.13_13.03.24.csv,999,-20.1264,0.00,-73.73,0.0500,2.486766
2622,loot,driving_B_2020.02.13_15.02.01.csv,824,100.5753,0.00,-15.68,0.0500,2.565303
2623,redandblack,static_B_2019.12.16_13.40.04.csv,134,265.2937,100.00,83.65,0.0500,2.409687
2624,soldier,driving_B_2020.01.16_07.26.43.csv,1109,140.4418,0.00,16.75,0.0500,2.188089
2625,longdress,static_B_2019.12.16_13.40.04.csv,1394,181.5747,66.14,23.79,0.0500,2.681859
2626,loot,driving_B_2020.02.14_09.38.22.csv,1384,92.9094,0.00,-19.12,0.0500,2.269520
2627,redandblack,driving_B_2020.02.13_15.02.01.csv,2504,68.0245,0.00,-72.90,0.0500,2.630903
2628,soldier,driving_B_2020.02.14_09.38.22.csv,184,-44.1147,0.00,-206.28,0.0500,2.651951
2629,longdress,static_B_2020.02.14_13.21.26.csv,324,273.2165,100.00,86.75,0.0500,2.506490
2630,loot,static_B_2020.02.27_18.39.27.csv,4494,255.0278,100.00,78.20,0.0500,2.462970
2631,redandblack,driving_B_2020.02.13_13.03.24.csv,879,29.4699,0.00,-104.69,0.0500,2.531344
2632,soldier,driving_B_2019.12.17_07.32.39.csv,1626,128.1019,14.81,11.87,0.0500,2.546579
2633,longdress,static_B_2020.02.27_18.39.27.csv,5574,270.9523,100.00,84.47,0.0500,2.521158
2634,loot,driving_B_2020.02.14_09.38.22.csv,724,261.0434,81.80,81.89,0.0500,2.351605
2635,redandblack,driving_B_2020.02.27_17.30.15.csv,720,-60.3164,0.00,-182.00,0.0500,2.331717
2636,soldier,static_B_2019.12.16_13.40.04.csv,494,226.6006,100.00,32.76,0.0500,2.541052
2637,longdress,driving_B_2020.01.16_09.56.56.csv,952,149.1344,8.08,16.38,0.0500,2.616874
2638,loot,driving_B_2020.01.16_09.56.56.csv,352,89.1877,0.00,-28.83,0.0500,2.599910
2639,redandblack,driving_B_2019.12.16_12.27.05.csv,450,63.6653,0.00,-54.42,0.0500,2.288058
2640,soldier,driving_B_2020.01.16_07.26.43.csv,689,89.8702,0.00,-50.34,0.0500,2.568642
2641,longdress,driving_B_2020.01.16_07.26.43.csv,1049,163.5559,26.41,32.47,0.0500,2.629293
2642,loot,driving_B_2019.12.17_07.32.39.csv,1386,264.1481,100.00,82.69,0.0500,2.677525
2643,redandblack,driving_B_2020.02.13_15.02.01.csv,344,281.9622,100.00,91.15,0.0500,2.393261
2644,soldier,driving_B_2020.02.14_09.38.22.csv,4,27.4873,0.00,-128.86,0.0500,2.468384
2645,longdress,static_B_2020.02.27_18.39.27.csv,714,202.3294,41.45,48.21,0.0500,2.456556
2646,loot,driving_B_2020.02.13_13.03.24.csv,279,154.0315,0.00,14.43,0.0500,2.669028
2647,redandblack,static_B_2019.12.16_13.40.04.csv,74,272.8319,90.00,87.26,0.0500,2.285203
2648,soldier,static_B_2020.02.27_18.39.27.csv,414,250.4063,82.86,74.57,0.0500,2.451637
2649,longdress,static_B_2020.02.14_13.21.26.csv,24,164.6760,19.91,31.47,0.0500,2.507703
2650,loot,driving_B_2020.02.14_12.58.17.csv,774,72.5695,0.00,-54.55,0.0500,2.524595
2651,redandblack,static_B_2020.02.14_13.21.26.csv,564,273.6492,88.00,87.11,0.0500,2.659210
2652,soldier,static_B_2020.02.27_18.39.27.csv,5034,206.6248,46.34,54.85,0.0500,2.595640
2653,longdress,driving_B_2020.02.13_15.02.01.csv,2204,263.9036,100.00,82.17,0.0500,2.372467
2654,loot,static_B_2019.12.16_13.40.04.csv,734,234.4120,2.00,74.77,0.0500,2.630994
2655,redandblack,static_B_2020.02.27_18.39.27.csv,5394,257.4433,83.02,80.29,0.0500,2.407706
2656,soldier,static_B_2020.02.27_18.39.27.csv,3114,172.4190,30.32,23.17,0.0500,2.503372
2657,longdress,static_B_2020.02.27_18.39.27.csv,1434,248.7605,100.00,69.24,0.0500,2.399042
2658,loot,driving_B_2020.02.13_15.02.01.csv,1304,-12.1015,0.00,-264.63,0.0500,2.615336
2659,redandblack,static_B_2020.02.27_18.39.27.csv,5694,267.7691,100.00,84.86,0.0500,2.464089
2660,soldier,driving_B_2020.01.16_07.26.43.csv,329,-57.6221,0.00,-152.67,0.0500,2.496995
2661,longdress,driving_B_2019.12.16_12.27.05.csv,570,83.2248,0.00,-39.69,0.0500,2.651438
2662,loot,driving_B_2020.02.13_13.03.24.csv,519,158.5936,23.60,17.88,0.0500,2.590837
2663,redandblack,driving_B_2019.12.17_07.32.39.csv,66,106.5249,0.00,-14.10,0.0500,2.654419
2664,soldier,driving_B_2020.02.13_15.02.01.csv,464,223.4219,79.41,57.34,0.0500,2.384533
2665,longdress,static_B_2020.02.27_18.39.27.csv,1914,281.1448,100.00,90.15,0.0500,2.369289
2666,loot,static_B_2019.12.16_13.40.04.csv,1154,113.1613,0.00,-161.76,0.0500,2.408952
2667,redandblack,driving_B_2020.01.16_07.26.43.csv,989,161.8509,13.66,23.92,0.0500,2.230662
2668,soldier,driving_B_2019.12.17_07.32.39.csv,2286,238.6787,71.00,63.18,0.0500,2.404104
2669,longdress,static_B_2020.02.27_18.39.27.csv,1374,268.3606,85.10,85.19,0.0500,2.703592
2670,loot,driving_B_2020.01.16_07.26.43.csv,269,186.1964,13.30,30.97,0.0500,2.250098
2671,redandblack,driving_B_2020.01.16_09.56.56.csv,832,62.9646,0.00,-35.91,0.0500,2.559490
2672,soldier,driving_B_2020.02.14_12.58.17.csv,800,-23.6499,0.00,-201.98,0.0500,2.439023
2673,longdress,static_B_2020.02.27_18.39.27.csv,4194,149.2260,0.00,9.81,0.0500,2.764485
2674,loot,driving_B_2020.02.13_15.02.01.csv,524,242.9574,80.30,71.00,0.0500,2.336354
2675,redandblack,driving_B_2020.02.27_17.30.15.csv,649,-18.2649,0.00,-192.51,0.0500,2.362517
2676,soldier,driving_B_2020.01.16_07.26.43.csv,209,102.4557,0.00,-20.51,0.0500,2.609879
2677,longdress,driving_B_2020.02.13_15.02.01.csv,1904,222.2037,53.41,57.56,0.0500,2.578819
2678,loot,static_B_2020.02.14_13.21.26.csv,444,237.7018,52.00,73.60,0.0500,2.290467
2679,redandblack,driving_B_2020.02.13_15.02.01.csv,2754,90.5471,0.00,-39.04,0.0500,2.487809
2680,soldier,driving_B_2019.12.17_07.32.39.csv,1986,259.3937,86.61,77.15,0.0500,2.717592
2681,longdress,static_B_2020.02.27_18.39.27.csv,3174,138.5654,0.00,-245.55,0.0500,2.774057
2682,loot,static_B_2020.02.27_18.39.27.csv,3654,271.7505,100.00,85.89,0.0500,2.489879
2683,redandblack,driving_B_2020.01.16_07.26.43.csv,149,97.9479,0.00,-39.27,0.0500,2.482028
2684,soldier,driving_B_2020.02.14_12.58.17.csv,654,92.8690,0.00,-37.94,0.0500,2.491964
2685,longdress,static_B_2020.02.27_18.39.27.csv,5742,266.6789,100.00,82.64,0.0500,2.230799
2686,loot,static_B_2020.02.27_18.39.27.csv,1794,104.4327,0.00,-291.07,0.0500,2.375842
2687,redandblack,driving_B_2020.02.13_13.03.24.csv,2188,-18.5320,0.00,-137.84,0.0500,2.630626
2688,soldier,driving_B_2020.01.16_07.26.43.csv,749,187.3938,70.94,51.05,0.0500,2.672947
2689,longdress,driving_B_2020.01.16_07.26.43.csv,29,150.7886,26.86,18.19,0.0500,2.391051
2690,loot,driving_B_2019.12.17_07.32.39.csv,2166,143.8774,20.43,15.34,0.0500,2.324633
2691,redandblack,driving_B_2020.01.16_09.56.56.csv,1192,213.1769,59.20,51.79,0.0500,2.583010
2692,soldier,driving_B_2020.02.14_12.58.17.csv,714,-36.9861,0.00,-286.93,0.0500,2.414214
2693,longdress,driving_B_2020.01.16_09.56.56.csv,892,145.3630,36.35,24.83,0.0500,2.430171
2694,loot,driving_B_2019.12.16_12.27.05.csv,390,34.1204,0.00,-113.53,0.0500,2.502394
2695,redandblack,static_B_2020.02.27_18.39.27.csv,3294,263.4213,100.00,83.71,0.0500,2.818435
2696,soldier,driving_B_2020.02.13_13.03.24.csv,39,95.6821,0.00,-5.81,0.0500,2.536604
2697,longdress,static_B_2020.02.27_18.39.27.csv,5214,128.5436,11.19,14.58,0.0500,2.517659
2698,loot,static_B_2020.02.27_18.39.27.csv,354,268.7840,84.35,86.03,0.0500,2.690047
2699,redandblack,driving_B_2020.02.13_13.03.24.csv,1299,132.1759,18.02,19.56,0.0500,2.481416
2700,soldier,driving_B_2020.02.14_12.58.17.csv,534,79.7580,0.00,-36.15,0.0500,2.583179
2701,longdress,driving_B_2020.01.16_09.56.56.csv,1570,185.3162,65.72,46.78,0.0500,2.432480
2702,loot,driving_B_2020.02.13_15.02.01.csv,1004,211.1073,55.63,43.53,0.0500,2.411756
2703,redandblack,static_B_2020.02.14_13.21.26.csv,684,259.3929,74.15,76.34,0.0500,2.644427
2704,soldier,static_B_2020.02.14_13.21.26.csv,204,275.5644,100.00,87.78,0.0500,2.704174
2705,longdress,driving_B_2020.02.13_13.03.24.csv,2019,87.8439,0.00,-5.38,0.0500,2.489780
2706,loot,driving_B_2020.01.16_09.56.56.csv,1372,211.7640,85.85,65.88,0.0500,2.568057
2707,redandblack,static_B_2020.02.27_18.39.27.csv,1014,227.2062,72.81,55.60,0.0500,2.427630
2708,soldier,static_B_2019.12.16_13.40.04.csv,1634,215.2697,48.92,54.86,0.0500,2.306551
2709,longdress,driving_B_2020.02.13_15.02.01.csv,1784,262.6521,78.96,76.58,0.0500,2.596021
2710,loot,driving_B_2020.02.27_17.30.15.csv,289,0.9416,0.00,-159.79,0.0500,2.692960
2711,redandblack,static_B_2020.02.27_18.39.27.csv,54,275.0422,96.00,88.70,0.0500,2.628575
2712,soldier,driving_B_2019.12.17_07.32.39.csv,126,102.3651,0.00,-9.16,0.0500,2.395695
2713,longdress,static_B_2019.12.16_13.40.04.csv,14,281.4107,100.00,90.20,0.0500,2.645528
2714,loot,driving_B_2020.01.16_09.56.56.csv,772,210.4896,100.00,66.08,0.0500,2.543580
2715,redandblack,driving_B_2020.02.13_15.02.01.csv,2564,243.9211,80.57,72.63,0.0500,2.493682
2716,soldier,driving_B_2020.02.14_09.38.22.csv,484,112.3036,0.00,-13.70,0.0500,2.680579
2717,longdress,driving_B_2020.01.16_07.26.43.csv,1649,169.2908,58.33,34.45,0.0500,2.325182
2718,loot,driving_B_2020.02.13_13.03.24.csv,1839,-86.3840,0.00,-595.18,0.0500,2.754251
2719,redandblack,driving_B_2019.12.16_12.27.05.csv,990,253.7427,70.00,80.12,0.0500,2.695535
2720,soldier,driving_B_2020.02.14_12.58.17.csv,54,94.5640,0.00,-134.21,0.0500,2.466635
2721,longdress,driving_B_2020.01.16_07.26.43.csv,389,112.0457,0.00,6.45,0.0500,2.614071
2722,loot,driving_B_2019.12.17_07.32.39.csv,366,252.1138,80.17,77.03,0.0500,2.573916
2723,redandblack,driving_B_2020.02.27_17.30.15.csv,589,69.7293,0.00,-20.92,0.0500,2.346641
2724,soldier,driving_B_2019.12.17_07.32.39.csv,1746,84.0669,0.00,-26.80,0.0500,2.630532
2725,longdress,driving_B_2020.02.27_17.30.15.csv,49,88.7179,0.00,-25.29,0.0500,2.586201
2726,loot,driving_B_2020.01.16_12.10.03.csv,140,284.3184,96.00,92.29,0.0500,2.481238
2727,redandblack,driving_B_2020.02.13_15.02.01.csv,704,208.8102,100.00,64.29,0.0500,2.657187
2728,soldier,static_B_2019.12.16_13.40.04.csv,1814,206.7811,85.69,56.70,0.0500,2.607242
2729,longdress,driving_B_2019.12.17_07.32.39.csv,1026,197.1296,100.00,61.54,0.0500,2.649778
2730,loot,driving_B_2019.12.17_07.32.39.csv,666,156.7484,43.01,32.02,0.0500,2.544536
2731,redandblack,static_B_2020.02.27_18.39.27.csv,174,260.8955,74.00,83.34,0.0500,2.544747
2732,soldier,static_B_2019.12.16_13.40.04.csv,434,194.7575,82.69,54.50,0.0500,2.405371
2733,longdress,driving_B_2020.02.13_15.02.01.csv,224,177.1722,59.69,36.17,0.0500,2.636695
2734,loot,driving_B_2020.02.27_17.30.15.csv,109,-9.5905,0.00,-171.94,0.0500,3.082947
2735,redandblack,driving_B_2020.02.14_09.38.22.csv,1444,173.0573,67.12,47.89,0.0500,2.461125
2736,soldier,driving_B_2020.01.16_07.26.43.csv,869,129.4661,0.00,-26.84,0.0500,2.723037
2737,longdress,static_B_2020.02.27_18.39.27.csv,594,243.2473,100.00,57.70,0.0500,2.463820
2738,loot,driving_B_2019.12.17_07.32.39.csv,1146,125.7225,0.00,-0.69,0.0500,2.431367
2739,redandblack,driving_B_2020.02.13_13.03.24.csv,399,136.1339,14.42,15.15,0.0500,2.562013
2740,soldier,static_B_2019.12.16_13.40.04.csv,794,285.9098,100.00,91.47,0.0500,2.497853
2741,longdress,static_B_2019.12.16_13.40.04.csv,1274,141.8172,19.33,23.88,0.0500,2.278890
2742,loot,driving_B_2020.01.16_12.10.03.csv,20,274.6243,100.00,84.98,0.0500,2.281972
2743,redandblack,driving_B_2019.12.16_12.27.05.csv,210,140.2737,21.73,23.78,0.0500,2.750128
2744,soldier,driving_B_2020.02.14_09.38.22.csv,544,253.2476,68.58,67.90,0.0500,2.581109
2745,longdress,driving_B_2020.01.16_07.26.43.csv,1770,101.6513,0.00,-3.42,0.0500,2.423003
2746,loot,driving_B_2020.01.16_07.26.43.csv,929,162.0581,57.90,37.91,0.0500,2.558999
2747,redandblack,static_B_2020.02.27_18.39.27.csv,2214,249.5722,74.23,64.58,0.0500,2.452722
2748,soldier,driving_B_2020.02.13_13.03.24.csv,579,110.3082,0.00,6.64,0.0500,2.451488
2749,longdress,driving_B_2020.02.13_13.03.24.csv,1239,89.9909,0.00,-11.30,0.0500,2.555675
2750,loot,driving_B_2019.12.17_07.32.39.csv,2288,223.6427,63.15,65.80,0.0500,2.550610
2751,redandblack,driving_B_2020.01.16_07.26.43.csv,1469,100.8048,0.00,-6.22,0.0500,2.639605
2752,soldier,driving_B_2020.02.13_15.02.01.csv,1424,98.3415,0.00,-26.60,0.0500,2.423914
2753,longdress,static_B_2020.02.27_18.39.27.csv,2634,219.1647,49.56,52.58,0.0500,2.725167
2754,loot,driving_B_2020.02.14_12.58.17.csv,800,139.2509,24.09,25.14,0.0500,2.449431
2755,redandblack,static_B_2019.12.16_13.40.04.csv,194,248.7516,81.34,67.59,0.0500,2.765875
2756,soldier,driving_B_2020.01.16_07.26.43.csv,809,169.0598,48.75,36.59,0.0500,2.520364
2757,longdress,static_B_2020.02.27_18.39.27.csv,2454,259.1432,100.00,80.22,0.0500,2.705187
2758,loot,driving_B_2020.02.13_13.03.24.csv,1119,89.1913,0.00,-8.93,0.0500,2.781862
2759,redandblack,static_B_2019.12.16_13.40.04.csv,854,223.4306,83.23,67.43,0.0500,2.503724
2760,soldier,driving_B_2019.12.17_07.32.39.csv,2226,240.3829,100.00,64.68,0.0500,2.570698
2761,longdress,driving_B_2020.02.13_15.02.01.csv,164,251.4962,100.00,80.49,0.0500,2.497170
2762,loot,driving_B_2019.12.16_12.27.05.csv,1050,208.9117,56.48,51.58,0.0500,2.626730
2763,redandblack,driving_B_2020.02.13_15.02.01.csv,1064,189.8458,85.13,55.35,0.0500,2.532468
2764,soldier,static_B_2020.02.27_18.39.27.csv,2874,217.2275,43.04,51.71,0.0500,2.565649
2765,longdress,static_B_2019.12.16_13.40.04.csv,1454,276.9721,100.00,88.38,0.0500,2.460453
2766,loot,driving_B_2020.01.16_07.26.43.csv,1289,221.2320,80.62,59.00,0.0500,2.716190
2767,redandblack,driving_B_2020.02.13_13.03.24.csv,1479,200.9139,14.55,30.43,0.0500,2.756436
2768,soldier,static_B_2019.12.16_13.40.04.csv,1694,234.5827,65.45,66.41,0.0500,2.570624
2769,longdress,driving_B_2019.12.17_07.32.39.csv,1326,164.0146,6.77,26.15,0.0500,2.510390
2770,loot,driving_B_2020.02.13_15.02.01.csv,1484,55.3674,0.00,-86.21,0.0500,2.364861
2771,redandblack,driving_B_2020.01.16_09.56.56.csv,1432,281.1831,100.00,90.58,0.0500,2.709318
2772,soldier,driving_B_2019.12.16_12.27.05.csv,930,138.0562,0.00,9.58,0.0500,2.578449
2773,longdress,driving_B_2019.12.17_07.32.39.csv,486,27.7613,0.00,-127.40,0.0500,2.631803
2774,loot,driving_B_2020.02.14_12.58.17.csv,294,-65.1689,0.00,-416.09,0.0500,2.861468
2775,redandblack,static_B_2020.02.27_18.39.27.csv,1614,126.5543,0.00,12.15,0.0500,2.710333
2776,soldier,driving_B_2020.01.16_09.56.56.csv,1552,280.3169,100.00,86.94,0.0500,2.549836
2777,longdress,driving_B_2019.12.17_07.32.39.csv,726,121.8529,0.00,-5.59,0.0500,2.442003
2778,loot,driving_B_2020.02.27_17.30.15.csv,349,12.3677,0.00,-109.16,0.0500,2.642025
2779,redandblack,static_B_2020.02.27_18.39.27.csv,4254,281.1171,100.00,90.57,0.0500,2.638566
2780,soldier,driving_B_2020.02.13_15.02.01.csv,1724,200.6611,37.88,46.18,0.0500,2.659490
2781,longdress,driving_B_2020.02.14_09.38.22.csv,844,277.8020,100.00,85.89,0.0500,2.609691
2782,loot,static_B_2020.02.27_18.39.27.csv,3354,278.1499,100.00,88.86,0.0500,2.777450
2783,redandblack,static_B_2020.02.27_18.39.27.csv,5742,270.3991,100.00,83.50,0.0500,2.778490
2784,soldier,static_B_2020.02.14_13.21.26.csv,850,213.5132,53.89,49.53,0.0500,2.487683
2785,longdress,driving_B_2020.01.16_07.26.43.csv,629,30.3909,0.00,-83.71,0.0500,2.671552
2786,loot,driving_B_2019.12.16_12.27.05.csv,30,144.6607,4.95,20.17,0.0500,2.744456
2787,redandblack,driving_B_2019.12.17_07.32.39.csv,1686,57.7700,0.00,-71.19,0.0500,2.595480
2788,soldier,driving_B_2020.02.13_15.02.01.csv,44,271.7732,100.00,81.97,0.0500,2.766981
2789,longdress,driving_B_2020.02.14_09.38.22.csv,964,270.5908,100.00,84.05,0.0500,2.334253
2790,loot,driving_B_2020.02.13_15.02.01.csv,2324,5.6805,0.00,-301.36,0.0500,2.698345
2791,redandblack,driving_B_2020.02.13_13.03.24.csv,759,61.4790,0.00,-151.40,0.0500,2.531656
2792,soldier,static_B_2020.02.27_18.39.27.csv,2934,223.5751,69.92,50.41,0.0500,2.731464
2793,longdress,driving_B_2020.02.13_15.02.01.csv,1604,-11.0446,0.00,-209.16,0.0500,2.731946
2794,loot,driving_B_2020.02.13_13.03.24.csv,1539,73.8328,0.00,-63.38,0.0500,2.768407
2795,redandblack,static_B_2019.12.16_13.40.04.csv,614,157.0049,0.00,13.63,0.0500,2.405492
2796,soldier,static_B_2019.12.16_13.40.04.csv,1034,218.4144,54.14,48.98,0.0500,2.712609
2797,longdress,driving_B_2019.12.16_12.27.05.csv,1152,181.8137,11.00,13.61,0.0500,2.672793
2798,loot,static_B_2020.02.27_18.39.27.csv,3534,273.7907,100.00,85.75,0.0500,2.788624
2799,redandblack,static_B_2020.02.14_13.21.26.csv,384,274.5172,100.00,87.05,0.0500,2.379841
2800,soldier,driving_B_2019.12.17_07.32.39.csv,786,32.4194,0.00,-117.31,0.0500,2.694328
2801,longdress,driving_B_2020.01.16_12.10.03.csv,244,253.3154,85.93,73.91,0.0500,2.371178
2802,loot,driving_B_2020.01.16_07.26.43.csv,1229,104.0534,0.00,-9.01,0.0500,2.798522
2803,redandblack,driving_B_2020.02.14_09.38.22.csv,664,195.2777,0.00,60.22,0.0500,3.059626
2804,soldier,driving_B_2020.02.13_15.02.01.csv,1964,258.9851,71.80,70.38,0.0500,2.803974
2805,longdress,driving_B_2020.02.13_13.03.24.csv,219,54.5637,0.00,-56.49,0.0500,2.332061
2806,loot,driving_B_2019.12.17_07.32.39.csv,1446,184.1288,45.78,33.75,0.0500,2.650756
2807,redandblack,static_B_2020.02.27_18.39.27.csv,5334,271.0145,86.00,85.74,0.0500,2.828590
2808,soldier,static_B_2020.02.27_18.39.27.csv,294,125.8056,0.00,7.58,0.0500,2.562149
2809,longdress,driving_B_2020.02.14_09.38.22.csv,364,-22.2268,0.00,-249.95,0.0500,2.654989
2810,loot,driving_B_2020.02.14_09.38.22.csv,1478,88.1765,0.00,-20.81,0.0500,2.341678
2811,redandblack,static_B_2020.02.27_18.39.27.csv,4014,194.5588,52.02,40.69,0.0500,2.566441
2812,soldier,driving_B_2020.02.13_13.03.24.csv,1599,30.0866,0.00,-256.66,0.0500,2.391394
2813,longdress,driving_B_2020.02.14_12.58.17.csv,234,-95.1986,0.00,-888.59,0.0500,2.327213
2814,loot,driving_B_2020.01.16_07.26.43.csv,1770,42.3613,0.00,-74.78,0.0500,2.447587
2815,redandblack,driving_B_2020.02.14_09.38.22.csv,244,-7.6998,0.00,-203.56,0.0500,2.494244
2816,soldier,driving_B_2020.02.13_13.03.24.csv,1899,-128.5362,0.00,-420.71,0.0500,2.844625
2817,longdress,driving_B_2019.12.17_07.32.39.csv,906,1.8011,0.00,-129.22,0.0500,2.495609
2818,loot,static_B_2020.02.14_13.21.26.csv,84,281.7979,100.00,90.69,0.0500,2.971266
2819,redandblack,driving_B_2020.02.13_13.03.24.csv,699,84.9185,0.00,-30.27,0.0500,2.626993
2820,soldier,driving_B_2020.01.16_09.56.56.csv,1492,197.8295,43.88,49.00,0.0500,2.885192
2821,longdress,static_B_2020.02.27_18.39.27.csv,3834,189.9825,42.55,39.54,0.0500,2.626181
2822,loot,driving_B_2020.02.13_15.02.01.csv,644,114.2433,0.00,1.35,0.0500,2.674115
2823,redandblack,static_B_2020.02.27_18.39.27.csv,3894,248.7571,78.57,73.68,0.0500,2.598450
2824,soldier,static_B_2020.02.27_18.39.27.csv,1554,185.6330,24.35,37.40,0.0500,2.741721
2825,longdress,driving_B_2020.02.13_13.03.24.csv,819,9.2109,0.00,-184.92,0.0500,2.628245
2826,loot,driving_B_2019.12.16_12.27.05.csv,330,110.2133,0.00,-15.78,0.0500,2.447015
2827,redandblack,static_B_2020.02.14_13.21.26.csv,624,253.3848,68.00,79.71,0.0500,2.622667
2828,soldier,driving_B_2019.12.17_07.32.39.csv,966,12.3980,0.00,-180.83,0.0500,2.414809
2829,longdress,driving_B_2020.01.16_07.26.43.csv,509,34.7463,0.00,-106.56,0.0500,2.603944
2830,loot,static_B_2019.12.16_13.40.04.csv,1514,269.5505,100.00,85.05,0.0500,2.268528
2831,redandblack,driving_B_2020.02.13_15.02.01.csv,1364,41.9156,0.00,-68.88,0.0500,2.538890
2832,soldier,static_B_2020.02.27_18.39.27.csv,2034,284.5461,100.00,90.79,0.0500,2.674674
2833,longdress,driving_B_2020.01.16_07.26.43.csv,1409,3.8341,0.00,-163.04,0.0500,2.573980
2834,loot,driving_B_2020.02.14_09.38.22.csv,1024,102.4606,0.00,-32.34,0.0500,2.654492
2835,redandblack,static_B_2019.12.16_13.40.04.csv,1874,149.2884,0.00,-178.02,0.0500,2.876116
2836,soldier,static_B_2020.02.27_18.39.27.csv,234,280.3718,100.00,79.32,0.0500,2.489923
2837,longdress,driving_B_2020.01.16_07.26.43.csv,569,54.9335,0.00,-65.45,0.0500,2.762671
2838,loot,static_B_2020.02.27_18.39.27.csv,4854,281.0430,92.00,90.66,0.0500,2.522306
2839,redandblack,driving_B_2020.01.16_09.56.56.csv,1252,215.9145,43.10,34.45,0.0500,2.509120
2840,soldier,driving_B_2020.02.13_15.02.01.csv,2144,247.6738,70.00,77.58,0.0500,2.407126
2841,longdress,static_B_2019.12.16_13.40.04.csv,914,113.8043,0.00,-21.12,0.0500,2.725126
2842,loot,driving_B_2020.02.13_15.02.01.csv,1544,-5.7977,0.00,-210.70,0.0500,2.648837
2843,redandblack,static_B_2019.12.16_13.40.04.csv,254,252.0545,100.00,68.85,0.0500,2.481021
2844,soldier,driving_B_2020.01.16_09.56.56.csv,412,41.5956,0.00,-156.42,0.0500,2.677487
2845,longdress,static_B_2020.02.14_13.21.26.csv,850,191.2613,83.61,55.08,0.0500,3.044480
2846,loot,driving_B_2020.02.27_17.30.15.csv,409,-45.6722,0.00,-404.82,0.0500,2.527902
2847,redandblack,static_B_2020.02.14_13.21.26.csv,504,275.4645,96.00,88.20,0.0500,2.733942
2848,soldier,static_B_2020.02.27_18.39.27.csv,4794,280.1590,100.00,89.53,0.0500,2.812578
2849,longdress,static_B_2020.02.27_18.39.27.csv,1254,251.6024,87.99,77.32,0.0500,2.607728
2850,loot,driving_B_2020.02.14_12.58.17.csv,594,161.0532,33.67,26.34,0.0500,2.500728
2851,redandblack,driving_B_2019.12.17_07.32.39.csv,1926,253.7593,73.18,71.38,0.0500,2.615101
2852,soldier,driving_B_2020.02.14_09.38.22.csv,424,45.5587,0.00,-39.91,0.0500,2.869434
2853,longdress,static_B_2020.02.27_18.39.27.csv,4434,201.5599,67.32,52.61,0.0500,2.547642
2854,loot,static_B_2020.02.27_18.39.27.csv,2094,248.5521,100.00,73.93,0.0500,2.669242
2855,redandblack,driving_B_2020.01.16_12.10.03.csv,244,273.5637,100.00,87.05,0.0500,2.943187
2856,soldier,driving_B_2020.02.13_15.02.01.csv,1664,-11.7873,0.00,-76.78,0.0500,2.616938
2857,longdress,driving_B_2020.02.13_13.03.24.csv,339,68.6420,39.72,-2.40,0.0500,2.598090
2858,loot,static_B_2020.02.27_18.39.27.csv,114,276.4667,100.00,88.71,0.0500,2.551930
2859,redandblack,driving_B_2019.12.17_07.32.39.csv,546,103.1650,0.00,-8.29,0.0500,2.765993
2860,soldier,driving_B_2019.12.17_07.32.39.csv,306,116.3174,28.15,7.49,0.0500,2.708233
2861,longdress,driving_B_2020.02.13_15.02.01.csv,1244,204.7495,100.00,64.66,0.0500,2.468833
2862,loot,driving_B_2020.02.14_09.38.22.csv,1144,121.7878,26.22,9.86,0.0500,2.542620
2863,redandblack,static_B_2020.02.27_18.39.27.csv,2574,195.4112,50.70,32.68,0.0500,2.897987
2864,soldier,static_B_2020.02.27_18.39.27.csv,474,235.0903,84.64,65.17,0.0500,2.707705
2865,longdress,static_B_2020.02.27_18.39.27.csv,3474,234.8694,78.67,60.82,0.0500,2.420942
2866,loot,static_B_2020.02.27_18.39.27.csv,654,285.1457,100.00,92.41,0.0500,2.686772
2867,redandblack,driving_B_2020.01.16_09.56.56.csv,1132,165.1094,49.07,34.15,0.0500,2.720617
2868,soldier,driving_B_2020.01.16_09.56.56.csv,1312,211.1477,78.65,56.80,0.0500,2.690055
2869,longdress,driving_B_2019.12.17_07.32.39.csv,2106,260.6195,85.21,81.14,0.0500,2.450858
2870,loot,driving_B_2020.02.14_09.38.22.csv,1478,110.2894,0.00,7.09,0.0500,2.755672
2871,redandblack,driving_B_2020.02.14_12.58.17.csv,474,45.0063,51.29,-20.14,0.0500,2.469783
2872,soldier,static_B_2020.02.27_18.39.27.csv,3234,259.7479,100.00,79.53,0.0500,2.654257
2873,longdress,driving_B_2020.02.27_17.30.15.csv,709,87.6463,81.92,16.88,0.0500,2.570464
2874,loot,static_B_2020.02.27_18.39.27.csv,5274,240.9781,36.00,76.20,0.0500,2.879326
2875,redandblack,static_B_2019.12.16_13.40.04.csv,1754,262.2489,100.00,82.91,0.0500,2.414477
2876,soldier,driving_B_2019.12.17_07.32.39.csv,2046,57.5380,100.00,12.49,0.0500,2.768122
2877,longdress,driving_B_2020.02.27_17.30.15.csv,720,45.2932,0.00,-68.92,0.0500,2.907757
2878,loot,driving_B_2019.12.17_07.32.39.csv,1506,72.7307,55.20,12.02,0.0500,2.845822
2879,redandblack,driving_B_2020.02.13_15.02.01.csv,2624,239.1552,81.48,72.49,0.0500,2.885452
2880,soldier,driving_B_2020.02.13_13.03.24.csv,1419,91.0777,43.62,11.82,0.0500,2.696831
2881,longdress,static_B_2020.02.27_18.39.27.csv,1314,250.2574,82.74,76.01,0.0500,2.665976
2882,loot,driving_B_2019.12.17_07.32.39.csv,246,99.3581,49.04,18.19,0.0500,2.924193
2883,redandblack,static_B_2020.02.27_18.39.27.csv,1194,190.4294,80.32,28.19,0.0500,2.768618
2884,soldier,static_B_2019.12.16_13.40.04.csv,374,220.6178,78.45,55.72,0.0500,2.923786
2885,longdress,static_B_2020.02.27_18.39.27.csv,5094,277.2571,100.00,88.61,0.0500,2.548922
2886,loot,driving_B_2020.01.16_09.56.56.csv,292,255.1316,100.00,79.96,0.0500,2.723615
2887,redandblack,static_B_2020.02.27_18.39.27.csv,5634,279.5371,98.00,90.30,0.0500,2.607391
2888,soldier,static_B_2020.02.27_18.39.27.csv,2994,244.5770,81.08,60.58,0.0500,2.814052
2889,longdress,driving_B_2020.02.27_17.30.15.csv,469,-66.9302,0.00,-209.86,0.0500,2.759695
2890,loot,static_B_2020.02.27_18.39.27.csv,2814,267.0409,87.15,84.30,0.0500,2.545963
2891,redandblack,static_B_2020.02.27_18.39.27.csv,4554,235.6111,100.00,61.72,0.0500,2.670251
2892,soldier,driving_B_2020.02.13_13.03.24.csv,639,61.8304,67.40,9.05,0.0500,2.313536
2893,longdress,static_B_2020.02.14_13.21.26.csv,264,193.7838,73.85,55.33,0.0500,2.603357
2894,loot,static_B_2020.02.27_18.39.27.csv,3054,206.6309,100.00,59.66,0.0500,2.641063
2895,redandblack,driving_B_2019.12.16_12.27.05.csv,870,261.5665,100.00,80.85,0.0500,2.889769
2896,soldier,driving_B_2019.12.16_12.27.05.csv,690,81.8460,46.73,3.83,0.0500,2.785668
2897,longdress,static_B_2020.02.27_18.39.27.csv,954,238.2794,81.81,66.19,0.0500,2.654185
2898,loot,driving_B_2020.01.16_07.26.43.csv,1169,164.5935,37.39,31.07,0.0500,2.754234
2899,redandblack,driving_B_2020.02.13_13.03.24.csv,1059,116.4443,82.76,25.50,0.0500,2.733800
2900,soldier,driving_B_2020.02.13_13.03.24.csv,2188,-54.3872,0.00,-130.54,0.0500,2.791857
2901,longdress,static_B_2019.12.16_13.40.04.csv,1214,164.3913,59.23,36.43,0.0500,2.662229
2902,loot,static_B_2020.02.27_18.39.27.csv,4314,237.6352,100.00,69.98,0.0500,2.616214
2903,redandblack,driving_B_2020.02.13_15.02.01.csv,2264,120.5141,8.46,13.80,0.0500,2.598169
2904,soldier,driving_B_2020.02.13_13.03.24.csv,459,42.9967,5.88,-19.46,0.0500,2.666671
2905,longdress,driving_B_2019.12.16_12.27.05.csv,150,157.0261,100.00,42.98,0.0500,2.670319
2906,loot,static_B_2019.12.16_13.40.04.csv,1574,274.4654,100.00,87.56,0.0500,2.824814
2907,redandblack,static_B_2020.02.27_18.39.27.csv,4734,223.2406,82.56,64.93,0.0500,2.815246
2908,soldier,driving_B_2020.02.13_15.02.01.csv,2084,24.4303,43.10,-24.12,0.0500,2.865103
2909,longdress,static_B_2020.02.27_18.39.27.csv,1674,173.2938,82.34,44.48,0.0500,2.316333
2910,loot,driving_B_2019.12.17_07.32.39.csv,1266,117.0869,27.79,18.86,0.0500,2.519985
2911,redandblack,driving_B_2020.01.16_09.56.56.csv,532,215.1679,86.73,66.28,0.0500,2.639522
2912,soldier,driving_B_2020.02.13_13.03.24.csv,1659,3.6130,0.00,-38.65,0.0500,2.654709
2913,longdress,static_B_2020.02.27_18.39.27.csv,1494,234.1012,100.00,68.92,0.0500,2.600525
2914,loot,driving_B_2020.02.13_15.02.01.csv,1124,142.5416,21.07,22.01,0.0500,2.651406
2915,redandblack,driving_B_2020.02.27_17.30.15.csv,529,48.9932,29.57,-11.56,0.0500,2.787716
2916,soldier,static_B_2020.02.14_13.21.26.csv,144,273.3569,87.02,86.65,0.0500,2.717736
2917,longdress,driving_B_2020.02.13_13.03.24.csv,1779,123.4878,0.00,-114.47,0.0500,2.927693
2918,loot,static_B_2020.02.27_18.39.27.csv,3774,272.1208,100.00,87.44,0.0500,2.839304
2919,redandblack,driving_B_2020.02.13_13.03.24.csv,939,75.9721,53.26,11.20,0.0500,2.604634
2920,soldier,driving_B_2020.02.14_09.38.22.csv,38,89.9308,61.39,15.39,0.0500,2.751909
2921,longdress,static_B_2020.02.27_18.39.27.csv,3705,258.1759,100.00,80.89,0.0500,2.752348
2922,loot,static_B_2019.12.16_13.40.04.csv,1904,190.6728,0.00,38.75,0.0500,2.676850
2923,redandblack,static_B_2019.12.16_13.40.04.csv,873,222.6153,79.66,57.80,0.0500,2.903974
2924,soldier,static_B_2020.02.14_13.21.26.csv,601,284.3443,100.00,91.64,0.0500,2.495555
2925,longdress,driving_B_2020.01.16_09.56.56.csv,917,111.6320,0.00,-6.35,0.0500,2.743022
2926,loot,static_B_2020.02.27_18.39.27.csv,5265,273.7317,80.00,88.40,0.0500,2.893459
2927,redandblack,driving_B_2020.01.16_09.56.56.csv,797,186.0284,83.24,58.18,0.0500,2.922063
2928,soldier,static_B_2020.02.27_18.39.27.csv,225,277.6535,100.00,88.30,0.0500,2.667758
2929,longdress,driving_B_2020.01.16_07.26.43.csv,306,168.1945,53.08,39.78,0.0500,2.648079
2930,loot,driving_B_2020.02.14_09.38.22.csv,998,115.4752,27.24,18.22,0.0500,2.478486
2931,redandblack,driving_B_2019.12.16_12.27.05.csv,477,112.4709,0.00,-12.38,0.0500,2.625662
2932,soldier,static_B_2020.02.27_18.39.27.csv,3945,284.7168,100.00,92.01,0.0500,2.549849
2933,longdress,driving_B_2020.02.14_09.38.22.csv,1238,130.6865,17.12,16.91,0.0500,2.689303
2934,loot,static_B_2020.02.27_18.39.27.csv,3585,213.1863,100.00,60.44,0.0500,2.945451
2935,redandblack,driving_B_2020.01.16_09.56.56.csv,737,231.7108,82.19,69.22,0.0500,2.761970
2936,soldier,static_B_2020.02.27_18.39.27.csv,5205,127.7924,0.00,4.69,0.0500,3.044044
2937,longdress,driving_B_2020.01.16_07.26.43.csv,1506,155.3319,84.25,38.62,0.0500,2.890179
2938,loot,driving_B_2020.02.13_13.03.24.csv,1325,113.8278,0.00,-4.85,0.0500,2.804806
2939,redandblack,driving_B_2020.02.13_13.03.24.csv,965,91.4895,0.00,-31.56,0.0500,2.543110
2940,soldier,driving_B_2020.02.13_15.02.01.csv,1712,223.1117,74.93,59.80,0.0500,2.663912
2941,longdress,static_B_2020.02.14_13.21.26.csv,121,272.4228,100.00,87.14,0.0500,2.724166
2942,loot,driving_B_2020.02.13_13.03.24.csv,5,160.4319,40.23,29.72,0.0500,2.761759
2943,redandblack,driving_B_2020.02.13_13.03.24.csv,1025,86.5823,0.00,-10.33,0.0500,2.579992
2944,soldier,driving_B_2019.12.16_12.27.05.csv,237,197.1071,100.00,56.03,0.0500,2.781285
2945,longdress,static_B_2020.02.27_18.39.27.csv,1965,194.3607,86.51,61.07,0.0500,2.870090
2946,loot,driving_B_2020.02.13_13.03.24.csv,1865,-60.8500,0.00,-491.94,0.0500,2.871911
2947,redandblack,driving_B_2020.02.14_09.38.22.csv,638,205.4210,0.00,65.14,0.0500,2.757553
2948,soldier,static_B_2020.02.27_18.39.27.csv,2865,267.4761,100.00,78.38,0.0500,2.661837
2949,longdress,driving_B_2020.02.13_15.02.01.csv,572,166.8581,52.67,36.09,0.0500,2.745830
2950,loot,static_B_2020.02.27_18.39.27.csv,1605,186.5338,81.31,55.05,0.0500,2.665295
2951,redandblack,static_B_2020.02.14_13.21.26.csv,721,265.1115,100.00,83.29,0.0500,2.551485
2952,soldier,driving_B_2019.12.16_12.27.05.csv,1152,158.6330,41.02,25.73,0.0500,2.582967
2953,longdress,driving_B_2020.01.16_09.56.56.csv,437,146.7246,31.50,20.38,0.0500,2.708238
2954,loot,static_B_2020.02.27_18.39.27.csv,2025,254.5966,84.00,82.32,0.0500,2.569616
2955,redandblack,driving_B_2020.02.13_15.02.01.csv,2432,79.0427,0.00,-62.63,0.0500,2.686392
2956,soldier,driving_B_2020.02.14_12.58.17.csv,747,7.5943,0.00,-137.98,0.0500,2.754939
2957,longdress,driving_B_2020.02.13_15.02.01.csv,212,223.8228,18.54,23.54,0.0500,2.868738
2958,loot,static_B_2020.02.27_18.39.27.csv,5025,254.8019,82.81,79.35,0.0500,2.895559
2959,redandblack,driving_B_2020.02.27_17.30.15.csv,582,109.0748,0.00,-1.07,0.0500,2.864322
2960,soldier,static_B_2019.12.16_13.40.04.csv,1353,190.9122,78.03,51.81,0.0500,2.619497
2961,longdress,static_B_2020.02.27_18.39.27.csv,2505,253.6098,82.74,74.70,0.0500,2.897986
2962,loot,static_B_2020.02.27_18.39.27.csv,165,258.9517,80.00,82.11,0.0500,2.707833
2963,redandblack,driving_B_2020.02.14_09.38.22.csv,818,152.9218,0.00,-26.37,0.0500,2.701320
2964,soldier,static_B_2020.02.27_18.39.27.csv,4545,191.8557,81.95,55.32,0.0500,2.506912
2965,longdress,driving_B_2020.02.13_15.02.01.csv,1892,195.1806,100.00,58.68,0.0500,2.563521
2966,loot,driving_B_2020.02.13_13.03.24.csv,1445,148.5664,39.92,30.01,0.0500,2.737067
2967,redandblack,static_B_2020.02.27_18.39.27.csv,1425,269.8387,100.00,84.99,0.0500,2.562198
2968,soldier,static_B_2020.02.27_18.39.27.csv,5685,240.4039,78.35,66.25,0.0500,2.723266
2969,longdress,static_B_2020.02.27_18.39.27.csv,1185,196.9456,0.00,-134.98,0.0500,2.894774
2970,loot,driving_B_2020.02.13_13.03.24.csv,1145,136.8192,40.38,21.66,0.0500,2.651048
2971,redandblack,driving_B_2020.02.14_12.58.17.csv,327,-31.2984,0.00,-101.14,0.0500,2.647021
2972,soldier,driving_B_2020.01.16_07.26.43.csv,1266,95.8544,0.00,-8.62,0.0500,2.682876
2973,longdress,driving_B_2019.12.16_12.27.05.csv,177,167.2896,41.72,25.30,0.0500,2.742659
2974,loot,static_B_2020.02.27_18.39.27.csv,2805,273.6255,86.00,87.61,0.0500,2.725216
2975,redandblack,static_B_2020.02.27_18.39.27.csv,4785,261.1332,84.55,81.62,0.0500,2.362179
2976,soldier,driving_B_2020.02.14_09.38.22.csv,758,162.8287,50.88,29.50,0.0500,2.715502
2977,longdress,driving_B_2020.01.16_07.26.43.csv,426,82.5212,1.41,-13.88,0.0500,2.773755
2978,loot,static_B_2019.12.16_13.40.04.csv,1893,202.6705,0.00,-85.75,0.0500,2.672364
2979,redandblack,driving_B_2020.02.13_15.02.01.csv,932,219.2989,0.00,70.09,0.0500,2.629759
2980,soldier,driving_B_2019.12.17_07.32.39.csv,407,199.1014,83.66,55.29,0.0500,2.692725
2981,longdress,static_B_2020.02.27_18.39.27.csv,1845,147.5589,74.44,16.03,0.0500,2.719911
2982,loot,driving_B_2020.02.27_17.30.15.csv,42,122.9686,10.65,12.95,0.0500,2.697692
2983,redandblack,driving_B_2020.01.16_07.26.43.csv,606,146.7542,44.33,31.38,0.0500,2.669564
2984,soldier,driving_B_2019.12.17_07.32.39.csv,47,184.3314,69.21,53.84,0.0500,2.845155
2985,longdress,driving_B_2020.02.14_12.58.17.csv,800,120.3392,36.02,11.55,0.0500,2.602439
2986,loot,static_B_2020.02.27_18.39.27.csv,5505,267.6212,68.00,85.92,0.0500,2.570712
2987,redandblack,driving_B_2020.02.14_09.38.22.csv,158,144.1830,21.19,11.89,0.0500,2.646880
2988,soldier,driving_B_2020.01.16_07.26.43.csv,1746,134.3029,13.19,24.28,0.0500,2.531660
2989,longdress,static_B_2020.02.27_18.39.27.csv,4245,234.8579,100.00,69.69,0.0500,2.706572
2990,loot,static_B_2020.02.27_18.39.27.csv,2145,280.4493,100.00,90.86,0.0500,2.676597
2991,redandblack,driving_B_2020.02.14_09.38.22.csv,518,255.7318,84.18,80.42,0.0500,2.628242
2992,soldier,driving_B_2020.01.16_09.56.56.csv,497,283.8429,100.00,91.45,0.0500,2.946332
2993,longdress,driving_B_2019.12.17_07.32.39.csv,1607,166.6018,0.00,-16.66,0.0500,2.666780
2994,loot,static_B_2020.02.27_18.39.27.csv,3765,270.9626,100.00,83.56,0.0500,2.639578
2995,redandblack,driving_B_2020.02.13_15.02.01.csv,1232,160.7238,53.68,35.04,0.0500,2.563315
2996,soldier,static_B_2020.02.27_18.39.27.csv,1365,259.3300,82.58,80.24,0.0500,2.459489
2997,longdress,driving_B_2020.01.16_07.26.43.csv,1770,74.3586,0.00,-15.67,0.0500,2.611727
2998,loot,driving_B_2020.02.13_15.02.01.csv,992,121.6075,0.00,-9.23,0.0500,2.964581
2999,redandblack,driving_B_2020.02.14_12.58.17.csv,567,151.9079,33.17,32.67,0.0500,2.898423
3000,soldier,driving_B_2020.02.13_13.03.24.csv,365,121.2932,0.00,-12.98,0.0500,2.926931
3001,longdress,static_B_2020.02.27_18.39.27.csv,3285,279.5364,100.00,89.94,0.0500,2.598653
3002,loot,driving_B_2020.02.27_17.30.15.csv,282,-1.8995,0.00,-166.78,0.0500,2.918433
3003,redandblack,driving_B_2020.01.16_07.26.43.csv,546,108.9283,0.00,5.03,0.0500,2.854592
3004,soldier,driving_B_2020.01.16_09.56.56.csv,677,127.7976,0.00,-43.28,0.0500,2.878340
3005,longdress,driving_B_2020.02.14_09.38.22.csv,578,186.8291,19.08,29.97,0.0500,2.887546
3006,loot,driving_B_2019.12.16_12.27.05.csv,777,192.8988,48.87,42.42,0.0500,2.659606
3007,redandblack,driving_B_2020.02.13_15.02.01.csv,1652,56.1921,0.00,-121.60,0.0500,2.591929
3008,soldier,static_B_2020.02.27_18.39.27.csv,3645,258.2434,79.89,78.09,0.0500,2.948824
3009,longdress,static_B_2019.12.16_13.40.04.csv,573,232.3761,80.75,60.59,0.0500,2.940230
3010,loot,static_B_2019.12.16_13.40.04.csv,993,246.5195,77.86,71.61,0.0500,2.987847
3011,redandblack,driving_B_2020.01.16_09.56.56.csv,1457,266.2638,100.00,83.53,0.0500,2.884753
3012,soldier,static_B_2019.12.16_13.40.04.csv,1293,234.2186,82.47,63.29,0.0500,2.920006
3013,longdress,driving_B_2019.12.17_07.32.39.csv,2288,230.2329,45.36,57.05,0.0500,2.683124
3014,loot,static_B_2020.02.27_18.39.27.csv,465,235.8586,83.02,68.49,0.0500,2.737539
3015,redandblack,driving_B_2020.02.13_13.03.24.csv,545,72.6776,0.00,-28.44,0.0500,2.699021
3016,soldier,static_B_2020.02.27_18.39.27.csv,2385,234.1247,100.00,41.46,0.0500,2.787563
3017,longdress,static_B_2019.12.16_13.40.04.csv,1653,209.6179,56.95,47.60,0.0500,2.794182
3018,loot,driving_B_2020.02.13_13.03.24.csv,1685,266.5716,100.00,83.63,0.0500,2.901368
3019,redandblack,driving_B_2019.12.17_07.32.39.csv,1667,41.9820,0.00,-82.28,0.0500,2.798524
3020,soldier,driving_B_2020.02.13_13.03.24.csv,1505,24.7208,0.00,-186.73,0.0500,2.937322
3021,longdress,driving_B_2020.01.16_07.26.43.csv,1446,-1.7014,0.00,-173.91,0.0500,2.669769
3022,loot,static_B_2019.12.16_13.40.04.csv,933,199.8125,44.81,49.57,0.0500,2.654689
3023,redandblack,static_B_2019.12.16_13.40.04.csv,1593,272.4254,100.00,82.24,0.0500,2.654592
3024,soldier,driving_B_2019.12.16_12.27.05.csv,537,-14.9382,0.00,-383.39,0.0500,3.083266
3025,longdress,driving_B_2020.01.16_07.26.43.csv,1086,162.9595,18.58,33.08,0.0500,2.862475
3026,loot,static_B_2019.12.16_13.40.04.csv,453,222.0943,79.65,63.35,0.0500,2.936279
3027,redandblack,driving_B_2020.01.16_09.56.56.csv,1037,88.2079,0.00,-48.87,0.0500,2.628759
3028,soldier,driving_B_2020.02.13_15.02.01.csv,2312,-19.8525,0.00,-429.36,0.0500,2.893297
3029,longdress,driving_B_2020.01.16_12.10.03.csv,150,258.0375,80.00,80.74,0.0500,2.968623
3030,loot,driving_B_2020.02.14_12.58.17.csv,207,-47.9437,0.00,-752.47,0.0500,2.698379
3031,redandblack,static_B_2019.12.16_13.40.04.csv,1473,261.1335,80.00,81.59,0.0500,2.810520
3032,soldier,driving_B_2020.02.13_15.02.01.csv,332,285.4237,100.00,90.44,0.0500,2.857634
3033,longdress,driving_B_2020.01.16_07.26.43.csv,1146,111.2693,0.00,-14.16,0.0500,2.649721
3034,loot,driving_B_2020.02.13_13.03.24.csv,1265,16.1041,0.00,-107.83,0.0500,2.713599
3035,redandblack,driving_B_2019.12.16_12.27.05.csv,117,105.3496,0.00,-34.16,0.0500,2.584616
3036,soldier,static_B_2020.02.27_18.39.27.csv,4125,277.3964,100.00,86.84,0.0500,3.095375
3037,longdress,driving_B_2020.02.14_09.38.22.csv,878,191.0101,16.00,57.41,0.0500,3.148581
3038,loot,driving_B_2020.02.13_15.02.01.csv,2072,135.9116,0.00,-37.28,0.0500,2.725648
3039,redandblack,static_B_2020.02.27_18.39.27.csv,1245,236.6953,38.00,74.89,0.0500,2.847798
3040,soldier,driving_B_2019.12.17_07.32.39.csv,1367,271.0236,100.00,84.22,0.0500,2.962244
3041,longdress,driving_B_2019.12.17_07.32.39.csv,1907,133.4412,0.00,-0.77,0.0500,2.790303
3042,loot,driving_B_2020.02.14_12.58.17.csv,267,-44.1250,0.00,-545.83,0.0500,2.875922
3043,redandblack,driving_B_2020.01.16_09.56.56.csv,257,166.2144,7.32,26.76,0.0500,2.866823
3044,soldier,driving_B_2019.12.17_07.32.39.csv,1067,145.2636,2.69,18.33,0.0500,3.160108
3045,longdress,driving_B_2019.12.16_12.27.05.csv,1137,100.6516,0.00,-22.83,0.0500,2.976686
3046,loot,driving_B_2020.02.14_09.38.22.csv,1118,60.7842,0.00,-39.53,0.0500,2.808829
3047,redandblack,driving_B_2019.12.17_07.32.39.csv,1847,117.1993,0.00,-26.56,0.0500,2.775354
3048,soldier,driving_B_2020.02.13_15.02.01.csv,692,181.4600,33.65,28.42,0.0500,2.960204
3049,longdress,driving_B_2020.02.27_17.30.15.csv,162,-35.8963,0.00,-758.15,0.0500,2.854882
3050,loot,static_B_2020.02.27_18.39.27.csv,2445,221.9244,4.00,69.63,0.0500,3.020292
3051,redandblack,static_B_2019.12.16_13.40.04.csv,1773,245.3013,100.00,72.07,0.0500,2.763739
3052,soldier,driving_B_2019.12.17_07.32.39.csv,827,46.7906,0.00,-90.66,0.0500,2.859509
3053,longdress,static_B_2020.02.27_18.39.27.csv,3345,274.2258,100.00,86.33,0.0500,2.889946
3054,loot,static_B_2019.12.16_13.40.04.csv,93,267.7515,100.00,83.69,0.0500,3.020665
3055,redandblack,driving_B_2019.12.17_07.32.39.csv,107,113.4030,0.00,3.18,0.0500,2.759603
3056,soldier,static_B_2019.12.16_13.40.04.csv,693,277.4823,100.00,86.98,0.0500,2.877656
3057,longdress,driving_B_2020.02.13_15.02.01.csv,752,213.7663,100.00,64.09,0.0500,2.725961
3058,loot,driving_B_2020.02.14_09.38.22.csv,98,43.4472,0.00,-106.10,0.0500,3.065856
3059,redandblack,driving_B_2019.12.17_07.32.39.csv,647,127.6659,0.00,-14.41,0.0500,2.723641
3060,soldier,static_B_2020.02.27_18.39.27.csv,585,245.4345,100.00,50.99,0.0500,3.003187
3061,longdress,driving_B_2019.12.17_07.32.39.csv,1127,255.7162,76.00,79.95,0.0500,2.807209
3062,loot,driving_B_2020.02.13_15.02.01.csv,512,179.6719,25.11,28.59,0.0500,2.592275
3063,redandblack,static_B_2020.02.14_13.21.26.csv,841,212.5150,68.98,57.25,0.0500,2.582502
3064,soldier,driving_B_2020.01.16_09.56.56.csv,197,270.4559,100.00,82.61,0.0500,2.640131
3065,longdress,driving_B_2020.01.16_09.56.56.csv,317,109.1576,0.00,1.02,0.0500,2.766788
3066,loot,driving_B_2019.12.17_07.32.39.csv,887,87.5497,0.00,-23.32,0.0500,3.069380
3067,redandblack,driving_B_2020.02.13_13.03.24.csv,245,70.7269,0.00,-36.88,0.0500,2.920528
3068,soldier,driving_B_2020.02.27_17.30.15.csv,102,-71.6086,0.00,-933.55,0.0500,2.803805
3069,longdress,driving_B_2020.01.16_07.26.43.csv,1326,47.3128,0.00,-133.88,0.0500,2.582858
3070,loot,driving_B_2020.01.16_07.26.43.csv,366,33.8081,0.00,-71.35,0.0500,2.800663
3071,redandblack,driving_B_2020.02.13_15.02.01.csv,1472,25.4011,0.00,-104.81,0.0500,2.802836
3072,soldier,driving_B_2020.02.13_15.02.01.csv,32,264.9319,82.98,81.71,0.0500,2.732492
3073,longdress,driving_B_2019.12.17_07.32.39.csv,1547,101.3276,0.00,-11.74,0.0500,3.044417
3074,loot,driving_B_2020.02.13_15.02.01.csv,1292,-21.6898,0.00,-353.08,0.0500,2.631569
3075,redandblack,static_B_2020.02.27_18.39.27.csv,4845,257.3219,94.00,79.99,0.0500,2.489414
3076,soldier,driving_B_2020.02.13_13.03.24.csv,665,0.3439,0.00,-159.73,0.0500,2.748074
3077,longdress,driving_B_2020.02.13_15.02.01.csv,1112,266.1358,85.48,79.61,0.0500,2.709527
3078,loot,driving_B_2020.02.14_09.38.22.csv,338,4.2064,0.00,-100.53,0.0500,3.100049
3079,redandblack,driving_B_2020.02.27_17.30.15.csv,702,-40.0802,0.00,-359.23,0.0500,3.006694
3080,soldier,driving_B_2020.02.13_15.02.01.csv,2612,283.5042,100.00,90.26,0.0500,2.713070
3081,longdress,static_B_2020.02.27_18.39.27.csv,705,162.5825,35.13,28.43,0.0500,2.646879
3082,loot,driving_B_2019.12.16_12.27.05.csv,717,274.2898,90.00,87.56,0.0500,2.678410
3083,redandblack,static_B_2020.02.27_18.39.27.csv,2925,223.5938,83.03,65.12,0.0500,2.729931
3084,soldier,driving_B_2020.02.13_15.02.01.csv,1052,263.1964,90.00,82.87,0.0500,2.991123
3085,longdress,static_B_2019.12.16_13.40.04.csv,333,133.1285,0.00,16.23,0.0500,2.534192
3086,loot,static_B_2020.02.27_18.39.27.csv,645,263.2124,100.00,83.92,0.0500,2.569419
3087,redandblack,static_B_2020.02.27_18.39.27.csv,5625,277.9339,100.00,89.64,0.0500,3.118006
3088,soldier,driving_B_2019.12.17_07.32.39.csv,227,43.4362,0.00,-62.73,0.0500,2.789395
3089,longdress,driving_B_2019.12.17_07.32.39.csv,527,70.4588,0.00,-74.12,0.0500,2.774268
3090,loot,driving_B_2020.01.16_09.56.56.csv,17,163.1747,48.88,36.79,0.0500,2.763600
3091,redandblack,driving_B_2020.02.27_17.30.15.csv,342,44.0029,0.00,-91.47,0.0500,2.847350
3092,soldier,driving_B_2020.01.16_07.26.43.csv,1206,56.6917,0.00,-56.34,0.0500,3.155954
3093,longdress,driving_B_2020.02.14_12.58.17.csv,800,14.4754,0.00,-147.03,0.0500,3.085049
3094,loot,driving_B_2019.12.16_12.27.05.csv,1077,234.8165,100.00,71.93,0.0500,2.792096
3095,redandblack,static_B_2020.02.27_18.39.27.csv,1725,226.9587,100.00,65.53,0.0500,2.927493
3096,soldier,static_B_2020.02.27_18.39.27.csv,1065,236.0854,82.76,62.49,0.0500,2.790770
3097,longdress,static_B_2020.02.14_13.21.26.csv,181,232.7561,77.90,68.05,0.0500,2.736028
3098,loot,driving_B_2020.02.14_12.58.17.csv,447,5.8069,0.00,-341.15,0.0500,2.850261
3099,redandblack,driving_B_2020.01.16_07.26.43.csv,846,153.0018,11.05,21.31,0.0500,2.799675
3100,soldier,driving_B_2020.01.16_09.56.56.csv,857,100.8806,0.00,-22.46,0.0500,2.872887
3101,longdress,driving_B_2020.01.16_07.26.43.csv,726,157.6042,27.16,16.72,0.0500,3.028018
3102,loot,driving_B_2020.02.13_13.03.24.csv,1805,-57.7475,0.00,-850.95,0.0500,2.859416
3103,redandblack,driving_B_2019.12.17_07.32.39.csv,1247,85.5847,0.00,-18.52,0.0500,3.153048
3104,soldier,driving_B_2020.01.16_09.56.56.csv,1397,227.7290,57.13,62.83,0.0500,2.743832
3105,longdress,driving_B_2020.02.27_17.30.15.csv,402,-6.0842,0.00,-333.88,0.0500,2.774303
3106,loot,static_B_2020.02.27_18.39.27.csv,3165,139.0248,0.00,-271.24,0.0500,3.012153
3107,redandblack,driving_B_2020.01.16_09.56.56.csv,1217,157.9578,38.73,28.72,0.0500,2.896887
3108,soldier,driving_B_2020.02.13_15.02.01.csv,1832,235.7309,58.67,67.17,0.0500,3.174977
3109,longdress,driving_B_2020.02.13_15.02.01.csv,2252,249.7562,83.30,76.53,0.0500,2.881438
3110,loot,driving_B_2019.12.17_07.32.39.csv,2207,136.0359,0.00,2.76,0.0500,2.565506
3111,redandblack,static_B_2019.12.16_13.40.04.csv,1413,224.0640,100.00,55.89,0.0500,2.737743
3112,soldier,static_B_2020.02.14_13.21.26.csv,781,249.0554,78.14,73.81,0.0500,3.065117
3113,longdress,driving_B_2020.02.13_15.02.01.csv,1172,214.1142,80.00,53.83,0.0500,3.018170
3114,loot,driving_B_2019.12.17_07.32.39.csv,947,70.3827,0.00,-34.77,0.0500,2.782226
3115,redandblack,driving_B_2020.02.14_12.58.17.csv,147,134.8867,0.00,-20.40,0.0500,2.843114
3116,soldier,static_B_2020.02.27_18.39.27.csv,4725,225.4459,82.78,58.05,0.0500,2.935386
3117,longdress,driving_B_2020.02.13_15.02.01.csv,632,74.3740,0.00,-21.76,0.0500,3.213857
3118,loot,driving_B_2020.02.13_15.02.01.csv,1592,-16.1684,0.00,-342.72,0.0500,2.980257
3119,redandblack,driving_B_2020.02.14_09.38.22.csv,1418,32.9995,0.00,-31.07,0.0500,2.782622
3120,soldier,driving_B_2020.02.14_12.58.17.csv,687,32.6559,0.00,-40.92,0.0500,3.007477
3121,longdress,driving_B_2020.01.16_09.56.56.csv,1570,142.6614,23.83,24.86,0.0500,2.690840
3122,loot,driving_B_2020.02.14_09.38.22.csv,1478,103.5230,0.00,-10.03,0.0500,2.762582
3123,redandblack,static_B_2020.02.14_13.21.26.csv,61,268.5953,100.00,84.81,0.0500,2.739827
3124,soldier,static_B_2020.02.27_18.39.27.csv,5385,272.1588,92.00,86.38,0.0500,2.863699
3125,longdress,driving_B_2019.12.17_07.32.39.csv,2027,83.6801,0.00,-121.69,0.0500,2.644283
3126,loot,driving_B_2020.01.16_07.26.43.csv,66,126.1945,7.02,15.95,0.0500,2.821740
3127,redandblack,driving_B_2020.01.16_07.26.43.csv,966,82.9178,0.00,-53.45,0.0500,2.918291
3128,soldier,static_B_2019.12.16_13.40.04.csv,813,261.8340,84.32,79.15,0.0500,2.696746
3129,longdress,driving_B_2020.01.16_07.26.43.csv,1026,112.2536,83.89,27.17,0.0500,2.525411
3130,loot,static_B_2020.02.27_18.39.27.csv,5565,268.0995,100.00,84.27,0.0500,2.730426
3131,redandblack,driving_B_2020.02.13_13.03.24.csv,125,100.3094,14.69,5.89,0.0500,3.028703
3132,soldier,driving_B_2020.01.16_09.56.56.csv,557,276.8864,100.00,85.62,0.0500,2.744349
3133,longdress,driving_B_2020.02.14_09.38.22.csv,1358,276.8202,100.00,88.81,0.0500,2.701737
3134,loot,driving_B_2020.01.16_09.56.56.csv,137,66.9729,0.00,-28.81,0.0500,2.897636
3135,redandblack,driving_B_2019.12.16_12.27.05.csv,837,235.1179,84.32,66.86,0.0500,2.950332
3136,soldier,driving_B_2020.02.13_15.02.01.csv,2372,-6.4032,0.00,-222.38,0.0500,2.791551
3137,longdress,driving_B_2019.12.17_07.32.39.csv,587,123.8471,26.03,12.98,0.0500,2.934586
3138,loot,static_B_2019.12.16_13.40.04.csv,273,187.9412,42.75,45.81,0.0500,2.932643
3139,redandblack,driving_B_2020.01.16_12.10.03.csv,30,280.2952,100.00,90.42,0.0500,2.947322
3140,soldier,static_B_2020.02.27_18.39.27.csv,2085,216.2747,77.27,54.02,0.0500,3.015710
3141,longdress,driving_B_2020.02.14_09.38.22.csv,218,41.5709,0.00,-48.55,0.0500,2.621434
3142,loot,static_B_2020.02.27_18.39.27.csv,3405,249.7589,79.18,75.36,0.0500,2.891842
3143,redandblack,static_B_2020.02.27_18.39.27.csv,4485,235.1977,85.97,66.94,0.0500,2.739594
3144,soldier,driving_B_2020.02.13_13.03.24.csv,845,46.9293,0.00,-83.30,0.0500,2.839168
3145,longdress,static_B_2020.02.27_18.39.27.csv,3885,137.8370,45.64,28.91,0.0500,2.787713
3146,loot,static_B_2020.02.14_13.21.26.csv,541,246.5230,83.37,69.77,0.0500,2.658213
3147,redandblack,driving_B_2020.02.13_15.02.01.csv,2012,265.0556,100.00,82.99,0.0500,2.638050
3148,soldier,driving_B_2020.02.14_12.58.17.csv,507,52.8374,30.25,-30.39,0.0500,3.043817
3149,longdress,driving_B_2020.02.13_13.03.24.csv,605,68.2054,0.00,-22.71,0.0500,3.017234
3150,loot,driving_B_2019.12.17_07.32.39.csv,1787,98.6148,41.56,11.62,0.0500,2.876789
3151,redandblack,driving_B_2020.02.14_09.38.22.csv,1478,93.5214,0.00,-14.74,0.0500,3.171760
3152,soldier,driving_B_2020.01.16_09.56.56.csv,77,52.5554,0.00,-55.20,0.0500,3.159987
3153,longdress,driving_B_2020.02.13_15.02.01.csv,1352,0.0730,0.00,-41.35,0.0500,2.561434
3154,loot,static_B_2019.12.16_13.40.04.csv,1113,40.8217,0.00,-477.12,0.0500,2.927109
3155,redandblack,driving_B_2019.12.16_12.27.05.csv,957,210.7863,53.16,49.04,0.0500,2.921346
3156,soldier,static_B_2020.02.14_13.21.26.csv,301,275.4878,84.92,87.47,0.0500,2.834282
3157,longdress,driving_B_2019.12.17_07.32.39.csv,767,136.1054,62.02,32.91,0.0500,2.825088
3158,loot,static_B_2020.02.27_18.39.27.csv,1545,269.1841,100.00,84.45,0.0500,2.710786
3159,redandblack,static_B_2020.02.27_18.39.27.csv,2985,232.2196,77.25,66.07,0.0500,3.079923
3160,soldier,driving_B_2019.12.17_07.32.39.csv,2288,209.0446,60.42,57.59,0.0500,2.814565
3161,longdress,driving_B_2020.02.14_12.58.17.csv,87,68.5580,0.00,-151.63,0.0500,3.048239
3162,loot,driving_B_2020.01.16_07.26.43.csv,1626,105.6657,0.00,-12.14,0.0500,3.083071
3163,redandblack,static_B_2019.12.16_13.40.04.csv,33,219.2486,55.95,59.10,0.0500,2.673215
3164,soldier,static_B_2020.02.27_18.39.27.csv,765,260.2410,100.00,80.78,0.0500,3.052523
3165,longdress,static_B_2019.12.16_13.40.04.csv,393,253.5665,100.00,75.51,0.0500,2.952150
3166,loot,static_B_2020.02.14_13.21.26.csv,1,164.7147,41.52,30.36,0.0500,3.126949
3167,redandblack,static_B_2020.02.14_13.21.26.csv,850,195.0468,83.73,59.37,0.0500,3.031937
3168,soldier,driving_B_2020.02.13_15.02.01.csv,2552,203.6088,59.13,44.79,0.0500,2.884670
3169,longdress,static_B_2019.12.16_13.40.04.csv,753,274.4868,88.14,88.02,0.0500,2.695954
3170,loot,driving_B_2020.01.16_07.26.43.csv,126,93.3434,0.00,-33.35,0.0500,2.820575
3171,redandblack,static_B_2020.02.14_13.21.26.csv,481,275.3721,92.00,88.39,0.0500,2.827035
3172,soldier,driving_B_2020.02.14_09.38.22.csv,1178,-3.6800,0.00,-209.27,0.0500,2.642345
3173,longdress,static_B_2019.12.16_13.40.04.csv,1713,230.6668,72.63,57.22,0.0500,2.859483
3174,loot,driving_B_2020.01.16_07.26.43.csv,666,59.2261,0.00,-76.92,0.0500,2.576797
3175,redandblack,static_B_2020.02.27_18.39.27.csv,5445,211.5603,62.79,49.76,0.0500,3.174830
3176,soldier,driving_B_2020.02.14_09.38.22.csv,398,32.5241,0.00,-118.24,0.0500,3.051783
3177,longdress,driving_B_2019.12.16_12.27.05.csv,297,55.6294,0.00,-78.29,0.0500,3.025237
3178,loot,static_B_2020.02.14_13.21.26.csv,661,269.1011,84.00,86.13,0.0500,2.895844
3179,redandblack,static_B_2020.02.27_18.39.27.csv,2565,278.1699,96.00,89.56,0.0500,2.838052
3180,soldier,driving_B_2020.01.16_07.26.43.csv,186,36.8019,0.00,-89.89,0.0500,2.776007
3181,longdress,driving_B_2020.02.13_15.02.01.csv,1532,-36.3027,0.00,-515.69,0.0500,3.205960
3182,loot,static_B_2019.12.16_13.40.04.csv,1904,181.0156,0.00,34.21,0.0500,2.895166
3183,redandblack,static_B_2020.02.27_18.39.27.csv,2265,240.4632,84.54,73.15,0.0500,2.921646
3184,soldier,driving_B_2020.01.16_07.26.43.csv,1686,40.7940,0.00,-91.25,0.0500,2.817743
3185,longdress,static_B_2020.02.27_18.39.27.csv,405,237.0109,73.59,65.38,0.0500,3.114412
3186,loot,static_B_2020.02.27_18.39.27.csv,4365,230.9432,76.66,64.12,0.0500,3.217677
3187,redandblack,driving_B_2020.02.13_13.03.24.csv,905,4.2367,0.00,-84.60,0.0500,2.991961
3188,soldier,driving_B_2019.12.17_07.32.39.csv,2267,254.9311,100.00,76.85,0.0500,2.913199
3189,longdress,driving_B_2020.01.16_12.10.03.csv,210,246.7988,79.04,73.61,0.0500,3.022028
3190,loot,static_B_2019.12.16_13.40.04.csv,153,247.3074,67.59,73.98,0.0500,2.864283
3191,redandblack,static_B_2020.02.14_13.21.26.csv,361,228.3677,77.08,62.83,0.0500,3.019598
3192,soldier,driving_B_2020.02.13_15.02.01.csv,2192,190.2287,40.10,39.25,0.0500,2.762028
3193,longdress,driving_B_2020.02.14_09.38.22.csv,278,-41.0713,0.00,-337.34,0.0500,2.876126
3194,loot,static_B_2020.02.27_18.39.27.csv,105,279.1694,100.00,89.18,0.0500,3.247345
3195,redandblack,driving_B_2019.12.17_07.32.39.csv,167,154.9903,0.00,1.20,0.0500,3.148190
3196,soldier,static_B_2020.02.27_18.39.27.csv,5145,273.2797,84.21,86.51,0.0500,3.253102
3197,longdress,driving_B_2020.01.16_07.26.43.csv,486,27.2366,0.00,-47.24,0.0500,3.001105
3198,loot,static_B_2020.02.27_18.39.27.csv,1125,86.4048,0.00,-38.49,0.0500,2.779780
3199,redandblack,driving_B_2020.01.16_07.26.43.csv,906,37.7040,0.00,-38.12,0.0500,2.911576
3200,soldier,driving_B_2019.12.16_12.27.05.csv,417,-55.4691,0.00,-132.65,0.0500,2.934258
3201,longdress,static_B_2020.02.27_18.39.27.csv,1485,189.7772,61.49,41.59,0.0500,2.951155
3202,loot,static_B_2020.02.27_18.39.27.csv,3105,171.7932,27.30,26.81,0.0500,2.843829
3203,redandblack,driving_B_2020.02.13_15.02.01.csv,2132,276.1978,100.00,88.37,0.0500,2.966055
3204,soldier,static_B_2019.12.16_13.40.04.csv,513,240.8642,100.00,54.19,0.0500,2.944438
3205,longdress,driving_B_2019.12.17_07.32.39.csv,1727,32.4905,100.00,-1.10,0.0500,3.220317
3206,loot,static_B_2020.02.27_18.39.27.csv,4005,194.5125,63.24,46.06,0.0500,2.791329
3207,redandblack,driving_B_2020.02.13_13.03.24.csv,2105,-38.1541,0.00,-247.45,0.0500,2.825099
3208,soldier,driving_B_2019.12.16_12.27.05.csv,1017,233.5941,80.13,62.68,0.0500,2.894006
3209,longdress,driving_B_2020.01.16_07.26.43.csv,246,163.2518,51.28,36.64,0.0500,3.059001
3210,loot,static_B_2020.02.27_18.39.27.csv,945,284.5821,100.00,91.85,0.0500,3.234195
3211,redandblack,driving_B_2020.02.13_13.03.24.csv,1625,12.0493,0.00,-195.48,0.0500,2.895442
3212,soldier,driving_B_2020.01.16_09.56.56.csv,1337,194.7777,45.43,48.50,0.0500,2.901929
3213,longdress,driving_B_2020.01.16_12.10.03.csv,244,258.1686,88.31,81.20,0.0500,3.023894
3214,loot,driving_B_2020.02.14_09.38.22.csv,458,127.4625,0.00,4.78,0.0500,3.009663
3215,redandblack,static_B_2020.02.27_18.39.27.csv,5742,260.3182,100.00,79.73,0.0500,3.052964
3216,soldier,driving_B_2020.02.14_09.38.22.csv,1298,285.4782,100.00,91.24,0.0500,2.582249
3217,longdress,driving_B_2020.02.13_13.03.24.csv,425,53.4167,0.00,-54.44,0.0500,2.882405
3218,loot,driving_B_2020.02.13_15.02.01.csv,392,276.1302,82.00,89.02,0.0500,2.820350
3219,redandblack,driving_B_2020.02.13_13.03.24.csv,2045,-11.9407,0.00,-158.99,0.0500,3.178116
3220,soldier,driving_B_2020.02.14_12.58.17.csv,27,91.1135,0.00,-127.15,0.0500,2.883840
3221,longdress,driving_B_2020.02.13_13.03.24.csv,485,28.8219,0.00,-91.04,0.0500,2.737316
3222,loot,static_B_2020.02.27_18.39.27.csv,2205,279.3446,100.00,88.59,0.0500,2.998046
3223,redandblack,static_B_2020.02.27_18.39.27.csv,885,234.4588,79.12,68.35,0.0500,3.035770
3224,soldier,driving_B_2019.12.17_07.32.39.csv,2147,43.6734,0.00,-144.25,0.0500,3.022030
3225,longdress,driving_B_2020.01.16_09.56.56.csv,1277,206.0424,68.43,53.74,0.0500,2.994586
3226,loot,driving_B_2020.02.13_15.02.01.csv,1772,264.4404,100.00,82.83,0.0500,2.785089
3227,redandblack,driving_B_2020.02.13_15.02.01.csv,812,47.6506,0.00,-58.15,0.0500,2.971867
3228,soldier,driving_B_2020.01.16_07.26.43.csv,1386,12.9353,0.00,-124.19,0.0500,2.998402
3229,longdress,static_B_2019.12.16_13.40.04.csv,633,153.6068,37.56,29.44,0.0500,3.020186
3230,loot,static_B_2020.02.27_18.39.27.csv,2625,279.0999,100.00,89.83,0.0500,2.983297
3231,redandblack,driving_B_2019.12.17_07.32.39.csv,1187,137.3620,0.00,4.00,0.0500,3.085106
3232,soldier,driving_B_2020.02.27_17.30.15.csv,720,-63.2722,0.00,-427.69,0.0500,2.812573
3233,longdress,driving_B_2020.02.13_13.03.24.csv,725,6.1170,0.00,-75.30,0.0500,3.080670
3234,loot,static_B_2020.02.27_18.39.27.csv,3465,266.7905,100.00,84.64,0.0500,3.065924
3235,redandblack,driving_B_2020.02.13_13.03.24.csv,1085,3.1149,0.00,-128.80,0.0500,2.807420
3236,soldier,driving_B_2019.12.16_12.27.05.csv,357,50.3610,0.00,-284.43,0.0500,2.929607
3237,longdress,driving_B_2019.12.17_07.32.39.csv,1307,209.8587,53.38,47.39,0.0500,3.280386
3238,loot,driving_B_2020.01.16_07.26.43.csv,6,108.8167,0.00,-12.37,0.0500,3.071576
3239,redandblack,static_B_2020.02.27_18.39.27.csv,5742,261.3642,100.00,79.73,0.0500,2.866061
3240,soldier,static_B_2020.02.27_18.39.27.csv,1005,261.2195,100.00,74.62,0.0500,3.411596
3241,longdress,static_B_2020.02.27_18.39.27.csv,2745,281.9488,100.00,90.74,0.0500,3.103397
3242,loot,driving_B_2020.02.13_15.02.01.csv,872,273.5899,100.00,86.90,0.0500,2.843580
3243,redandblack,driving_B_2019.12.17_07.32.39.csv,467,171.7683,60.24,33.69,0.0500,3.081697
3244,soldier,static_B_2020.02.27_18.39.27.csv,4425,255.1769,80.77,73.29,0.0500,3.005503
3245,longdress,driving_B_2020.02.14_09.38.22.csv,938,272.3244,86.00,87.08,0.0500,3.113975
3246,loot,driving_B_2020.02.13_15.02.01.csv,452,145.3816,33.16,14.87,0.0500,2.901385
3247,redandblack,driving_B_2020.01.16_12.10.03.csv,90,198.8375,22.00,60.12,0.0500,3.045552
3248,soldier,driving_B_2020.02.13_15.02.01.csv,1412,72.1464,0.00,-28.84,0.0500,2.667382
3249,longdress,driving_B_2020.01.16_09.56.56.csv,617,268.4156,100.00,84.44,0.0500,2.968785
3250,loot,driving_B_2020.02.13_13.03.24.csv,1745,187.6869,85.13,54.63,0.0500,2.827343
3251,redandblack,driving_B_2020.02.13_13.03.24.csv,785,123.2712,17.27,-0.32,0.0500,3.011565
3252,soldier,static_B_2019.12.16_13.40.04.csv,1053,139.2904,60.22,28.96,0.0500,2.865323
3253,longdress,driving_B_2019.12.16_12.27.05.csv,897,185.6044,80.11,53.37,0.0500,3.051598
3254,loot,driving_B_2020.02.13_13.03.24.csv,1385,144.5203,25.26,19.39,0.0500,2.989263
3255,redandblack,static_B_2019.12.16_13.40.04.csv,1233,239.2754,83.92,71.99,0.0500,2.933123
3256,soldier,driving_B_2020.01.16_07.26.43.csv,1770,0.3319,0.00,-170.79,0.0500,2.808507
3257,longdress,driving_B_2020.01.16_09.56.56.csv,1157,101.7928,0.00,-25.69,0.0500,3.050255
3258,loot,static_B_2020.02.27_18.39.27.csv,4305,240.0319,100.00,71.33,0.0500,2.932840
3259,redandblack,static_B_2020.02.27_18.39.27.csv,2685,209.9717,100.00,59.51,0.0500,2.752705
3260,soldier,driving_B_2020.02.13_15.02.01.csv,2492,69.9535,0.00,-122.08,0.0500,3.128401
3261,longdress,static_B_2020.02.27_18.39.27.csv,3045,199.4980,70.85,49.22,0.0500,3.041600
3262,loot,driving_B_2019.12.17_07.32.39.csv,1967,220.7996,78.85,58.51,0.0500,3.193376
3263,redandblack,driving_B_2020.02.13_13.03.24.csv,2188,-38.8390,0.00,-177.61,0.0500,2.763468
3264,soldier,driving_B_2019.12.17_07.32.39.csv,1487,77.8696,0.00,-52.81,0.0500,3.139040
3265,longdress,driving_B_2020.02.14_12.58.17.csv,387,-14.7371,0.00,-588.14,0.0500,3.092533
3266,loot,static_B_2020.02.27_18.39.27.csv,345,283.4296,100.00,91.06,0.0500,2.872375
3267,redandblack,static_B_2019.12.16_13.40.04.csv,1173,145.5750,0.00,-135.70,0.0500,2.963357
3268,soldier,driving_B_2020.01.16_09.56.56.csv,1570,150.8100,17.13,30.98,0.0500,3.479854
3269,longdress,driving_B_2019.12.16_12.27.05.csv,597,4.2294,0.00,-297.57,0.0500,2.970276
3270,loot,driving_B_2019.12.17_07.32.39.csv,1007,120.1957,0.00,-2.31,0.0500,2.999793
3271,redandblack,static_B_2020.02.27_18.39.27.csv,1905,270.6484,100.00,86.04,0.0500,2.852568
3272,soldier,static_B_2020.02.27_18.39.27.csv,5742,260.3775,100.00,80.19,0.0500,3.097602
3273,longdress,static_B_2020.02.14_13.21.26.csv,241,279.3096,100.00,89.68,0.0500,3.096389
3274,loot,driving_B_2020.02.13_15.02.01.csv,92,263.0647,86.00,83.17,0.0500,2.959525
3275,redandblack,static_B_2019.12.16_13.40.04.csv,1533,243.5253,84.68,73.02,0.0500,2.943739
3276,soldier,static_B_2020.02.27_18.39.27.csv,4185,129.3198,0.00,9.53,0.0500,3.200371
3277,longdress,driving_B_2020.02.13_15.02.01.csv,2754,38.4760,0.00,-74.34,0.0500,2.971493
3278,loot,driving_B_2020.02.13_13.03.24.csv,1565,40.3886,0.00,-49.84,0.0500,3.318068
3279,redandblack,driving_B_2020.02.14_09.38.22.csv,698,243.3092,86.10,75.36,0.0500,2.998414
3280,soldier,driving_B_2020.01.16_07.26.43.csv,1566,-19.8073,0.00,-236.82,0.0500,3.146833
3281,longdress,driving_B_2020.02.13_13.03.24.csv,1925,-91.1106,0.00,-308.74,0.0500,2.795228
3282,loot,driving_B_2020.02.13_15.02.01.csv,1952,258.7618,100.00,81.09,0.0500,3.186110
3283,redandblack,driving_B_2020.02.27_17.30.15.csv,222,-53.8791,0.00,-439.97,0.0500,2.988125
3284,soldier,driving_B_2020.02.13_15.02.01.csv,2672,61.9277,0.00,-50.51,0.0500,2.908174
3285,longdress,static_B_2020.02.27_18.39.27.csv,4665,114.6799,0.00,-237.69,0.0500,3.202515
3286,loot,driving_B_2020.02.13_13.03.24.csv,305,185.8680,79.32,44.97,0.0500,3.012696
3287,redandblack,static_B_2020.02.27_18.39.27.csv,1305,259.8598,84.67,82.03,0.0500,2.850483
3288,soldier,driving_B_2019.12.16_12.27.05.csv,1152,163.8051,41.12,22.11,0.0500,3.078475
3289,longdress,static_B_2019.12.16_13.40.04.csv,213,208.8515,100.00,62.42,0.0500,2.710184
3290,loot,driving_B_2020.02.13_15.02.01.csv,2754,90.7298,20.20,-2.22,0.0500,2.570368
3291,redandblack,driving_B_2020.02.27_17.30.15.csv,642,-17.5560,0.00,-253.40,0.0500,3.111301
3292,soldier,driving_B_2020.02.13_13.03.24.csv,185,58.3078,0.00,-63.75,0.0500,2.567664
3293,longdress,static_B_2020.02.27_18.39.27.csv,4065,236.1859,83.97,66.98,0.0500,3.096021
3294,loot,driving_B_2020.02.13_13.03.24.csv,65,112.4187,0.00,-11.89,0.0500,2.848922
3295,redandblack,driving_B_2020.02.13_13.03.24.csv,1985,25.6344,0.00,-142.52,0.0500,2.964112
3296,soldier,static_B_2020.02.27_18.39.27.csv,4965,242.2449,85.90,69.88,0.0500,3.001102
3297,longdress,driving_B_2020.02.27_17.30.15.csv,462,-55.7946,0.00,-276.98,0.0500,2.901208
3298,loot,static_B_2020.02.27_18.39.27.csv,45,284.7686,100.00,92.37,0.0500,2.996277
3299,redandblack,static_B_2020.02.27_18.39.27.csv,5325,258.3323,72.00,82.28,0.0500,3.545768
3300,soldier,driving_B_2020.02.14_09.38.22.csv,1478,99.5926,0.00,-14.15,0.0500,2.974688
3301,longdress,driving_B_2020.02.13_15.02.01.csv,272,201.1017,100.00,63.96,0.0500,3.141241
3302,loot,static_B_2020.02.27_18.39.27.csv,5085,264.1136,100.00,83.40,0.0500,2.916072
3303,redandblack,driving_B_2019.12.17_07.32.39.csv,2087,255.8490,100.00,80.21,0.0500,2.691137
3304,soldier,driving_B_2019.12.17_07.32.39.csv,1427,195.9402,49.44,35.53,0.0500,3.192947
3305,longdress,driving_B_2020.02.13_15.02.01.csv,152,254.5471,84.71,77.58,0.0500,3.262245
3306,loot,static_B_2020.02.27_18.39.27.csv,4605,212.0849,77.36,58.60,0.0500,2.908287
3307,redandblack,static_B_2020.02.27_18.39.27.csv,1665,235.8306,77.87,64.41,0.0500,2.979409
3308,soldier,static_B_2020.02.27_18.39.27.csv,3825,189.9849,76.64,46.27,0.0500,3.227555
3309,longdress,driving_B_2020.02.14_09.38.22.csv,1058,162.0026,56.83,38.90,0.0500,2.934129
3310,loot,driving_B_2020.02.14_12.58.17.csv,627,156.6239,26.65,22.48,0.0500,3.009452
3311,redandblack,driving_B_2020.01.16_12.10.03.csv,244,264.6340,100.00,83.86,0.0500,2.892021
3312,soldier,driving_B_2020.01.16_09.56.56.csv,1517,271.9331,100.00,84.96,0.0500,2.807365
3313,longdress,static_B_2020.02.27_18.39.27.csv,825,246.1775,84.40,76.32,0.0500,3.103181
3314,loot,driving_B_2020.01.16_09.56.56.csv,1097,153.6642,26.77,25.42,0.0500,3.178134
3315,redandblack,driving_B_2020.01.16_07.26.43.csv,786,183.6633,75.65,50.68,0.0500,3.060526
3316,soldier,static_B_2020.02.27_18.39.27.csv,1785,59.1693,0.00,-356.81,0.0500,3.171922
3317,longdress,driving_B_2020.02.13_13.03.24.csv,2165,5.5587,0.00,-276.87,0.0500,3.128652
3318,loot,driving_B_2019.12.17_07.32.39.csv,707,99.0417,0.00,-10.35,0.0500,3.209723
3319,redandblack,driving_B_2019.12.17_07.32.39.csv,287,171.7101,40.95,34.03,0.0500,2.814454
3320,soldier,static_B_2020.02.27_18.39.27.csv,2325,204.4190,76.34,54.15,0.0500,2.832146
3321,longdress,driving_B_2019.12.16_12.27.05.csv,657,42.5876,0.00,-108.04,0.0500,2.993210
3322,loot,driving_B_2019.12.17_07.32.39.csv,347,196.4369,67.06,47.89,0.0500,3.032825
3323,redandblack,driving_B_2020.02.13_15.02.01.csv,2732,74.0200,0.00,-26.65,0.0500,3.117752
3324,soldier,driving_B_2019.12.16_12.27.05.csv,57,148.4766,38.77,28.25,0.0500,3.415407
3325,longdress,static_B_2020.02.14_13.21.26.csv,421,215.0119,84.98,61.89,0.0500,3.125452
3326,loot,driving_B_2020.02.13_13.03.24.csv,1205,104.2678,0.00,-19.79,0.0500,3.061546
3327,redandblack,static_B_2020.02.27_18.39.27.csv,4905,191.8251,37.61,30.83,0.0500,3.195988
3328,soldier,driving_B_2020.01.16_09.56.56.csv,377,102.1285,0.00,-28.53,0.0500,3.082566
3329,longdress,static_B_2020.02.27_18.39.27.csv,285,243.0081,100.00,67.62,0.0500,2.906082
3330,loot,static_B_2020.02.27_18.39.27.csv,3225,212.9683,4.00,56.06,0.0500,2.843193
3331,redandblack,driving_B_2020.02.27_17.30.15.csv,720,42.5467,0.00,-61.42,0.0500,3.318441
3332,soldier,driving_B_2020.01.16_09.56.56.csv,977,144.0619,16.61,10.96,0.0500,3.229140
3333,longdress,driving_B_2020.02.27_17.30.15.csv,522,38.1973,0.00,-88.23,0.0500,2.958832
3334,loot,static_B_2020.02.27_18.39.27.csv,525,185.0797,45.26,44.23,0.0500,3.309739
3335,redandblack,static_B_2020.02.27_18.39.27.csv,3525,232.0241,100.00,69.58,0.0500,3.136784
3336,soldier,static_B_2019.12.16_13.40.04.csv,1833,151.4597,60.01,37.50,0.0500,2.858612
