episode,sequence,file,window_id,block_id,start_time_s,reward,qoe,qoe_quality,request_pacing_s,epsilon,mean_loss
1,longdress,driving_B_2020.02.14_12.58.17.csv,train/driving_B_2020.02.14_12.58.17.csv#block-002@time-536.000s,block-002,536.000,-315.2191,-315.22,-315.22,0.0000,0.9988,0.000000
2,loot,driving_B_2020.01.16_12.10.03.csv,train/driving_B_2020.01.16_12.10.03.csv#block-000@time-180.000s,block-000,180.000,43.0169,43.02,43.02,0.8320,0.9975,0.000000
3,redandblack,driving_B_2020.02.14_12.58.17.csv,train/driving_B_2020.02.14_12.58.17.csv#block-000@time-0.000s,block-000,0.000,-32.4134,-32.41,-32.41,0.0000,0.9962,4.796736
4,soldier,driving_B_2020.02.13_15.02.01.csv,train/driving_B_2020.02.13_15.02.01.csv#block-000@time-2640.000s,block-000,2640.000,-578.8575,-578.86,-578.86,0.0000,0.9950,6.535491
5,longdress,driving_B_2019.12.16_12.27.05.csv,train/driving_B_2019.12.16_12.27.05.csv#block-000@time-300.000s,block-000,300.000,-108.4505,-108.45,-108.45,0.0000,0.9937,7.035911
6,loot,driving_B_2020.02.13_15.02.01.csv,train/driving_B_2020.02.13_15.02.01.csv#block-000@time-2220.000s,block-000,2220.000,30.7765,30.78,30.78,0.0000,0.9924,6.700015
7,redandblack,driving_B_2020.01.16_07.26.43.csv,train/driving_B_2020.01.16_07.26.43.csv#block-000@time-1740.000s,block-000,1740.000,-187.5994,-187.60,-187.60,0.0000,0.9912,6.196537
8,soldier,driving_B_2020.02.14_12.58.17.csv,train/driving_B_2020.02.14_12.58.17.csv#block-002@time-656.000s,block-002,656.000,-77.9118,-77.91,-77.91,0.0000,0.9899,5.879321
9,longdress,driving_B_2020.02.27_17.30.15.csv,train/driving_B_2020.02.27_17.30.15.csv#block-002@time-293.000s,block-002,293.000,-464.9341,-464.93,-464.93,0.0000,0.9886,7.008164
10,loot,driving_B_2020.02.13_13.03.24.csv,train/driving_B_2020.02.13_13.03.24.csv#block-000@time-480.000s,block-000,480.000,-44.7448,-44.74,-44.74,0.0000,0.9874,6.036979
11,redandblack,static_B_2019.12.16_13.40.04.csv,train/static_B_2019.12.16_13.40.04.csv#block-005@time-1766.000s,block-005,1766.000,38.1711,38.17,38.17,2.4933,0.9861,5.602225
12,soldier,driving_B_2019.12.17_07.32.39.csv,train/driving_B_2019.12.17_07.32.39.csv#block-003@time-1714.000s,block-003,1714.000,-64.9398,-64.94,-64.94,0.0000,0.9848,5.595576
13,longdress,driving_B_2020.02.14_09.38.22.csv,train/driving_B_2020.02.14_09.38.22.csv#block-000@time-660.000s,block-000,660.000,5.2502,5.25,5.25,0.0000,0.9835,5.117114
14,loot,driving_B_2020.01.16_07.26.43.csv,train/driving_B_2020.01.16_07.26.43.csv#block-000@time-1680.000s,block-000,1680.000,-72.0496,-72.05,-72.05,0.0000,0.9823,4.831449
15,redandblack,driving_B_2019.12.17_07.32.39.csv,train/driving_B_2019.12.17_07.32.39.csv#block-000@time-900.000s,block-000,900.000,-56.0654,-56.07,-56.07,0.0000,0.9810,4.887233
16,soldier,driving_B_2020.01.16_12.10.03.csv,train/driving_B_2020.01.16_12.10.03.csv#block-000@time-60.000s,block-000,60.000,25.1451,25.15,25.15,0.0000,0.9797,4.112363
17,longdress,driving_B_2020.01.16_07.26.43.csv,train/driving_B_2020.01.16_07.26.43.csv#block-000@time-300.000s,block-000,300.000,-45.5084,-45.51,-45.51,0.0000,0.9785,4.224906
18,loot,driving_B_2020.01.16_12.10.03.csv,train/driving_B_2020.01.16_12.10.03.csv#block-000@time-60.000s,block-000,60.000,32.9408,32.94,32.94,0.0000,0.9772,3.799655
19,redandblack,driving_B_2020.01.16_09.56.56.csv,train/driving_B_2020.01.16_09.56.56.csv#block-001@time-1239.000s,block-001,1239.000,-7.6304,-7.63,-7.63,0.0000,0.9759,3.920133
20,soldier,driving_B_2020.02.13_13.03.24.csv,train/driving_B_2020.02.13_13.03.24.csv#block-001@time-1214.000s,block-001,1214.000,-126.3193,-126.32,-126.32,0.0000,0.9747,4.029974
21,longdress,static_B_2019.12.16_13.40.04.csv,train/static_B_2019.12.16_13.40.04.csv#block-000@time-120.000s,block-000,120.000,50.2024,50.20,50.20,1.1024,0.9734,3.681679
22,loot,static_B_2019.12.16_13.40.04.csv,train/static_B_2019.12.16_13.40.04.csv#block-001@time-835.000s,block-001,835.000,22.3878,22.39,22.39,2.5806,0.9721,3.450313
23,redandblack,driving_B_2020.02.13_15.02.01.csv,train/driving_B_2020.02.13_15.02.01.csv#block-000@time-540.000s,block-000,540.000,-18.0462,-18.05,-18.05,0.0000,0.9709,3.220102
24,soldier,driving_B_2020.02.13_15.02.01.csv,train/driving_B_2020.02.13_15.02.01.csv#block-000@time-240.000s,block-000,240.000,44.8978,44.90,44.90,0.1617,0.9696,3.569605
25,longdress,driving_B_2020.01.16_09.56.56.csv,train/driving_B_2020.01.16_09.56.56.csv#block-001@time-1599.000s,block-001,1599.000,37.5517,37.55,37.55,1.7990,0.9683,3.411281
26,loot,driving_B_2019.12.17_07.32.39.csv,train/driving_B_2019.12.17_07.32.39.csv#block-004@time-2357.000s,block-004,2357.000,-76.9821,-76.98,-76.98,0.0000,0.9671,3.158905
27,redandblack,static_B_2019.12.16_13.40.04.csv,train/static_B_2019.12.16_13.40.04.csv#block-005@time-1346.000s,block-005,1346.000,2.4411,2.44,2.44,0.0000,0.9658,3.035850
28,soldier,driving_B_2019.12.16_12.27.05.csv,train/driving_B_2019.12.16_12.27.05.csv#block-000@time-900.000s,block-000,900.000,52.5959,52.60,52.60,2.0596,0.9645,3.150581
29,longdress,static_B_2019.12.16_13.40.04.csv,train/static_B_2019.12.16_13.40.04.csv#block-005@time-1526.000s,block-005,1526.000,32.0335,32.03,32.03,0.0000,0.9633,2.963079
30,loot,driving_B_2020.01.16_09.56.56.csv,train/driving_B_2020.01.16_09.56.56.csv#block-000@time-360.000s,block-000,360.000,21.0309,21.03,21.03,0.0000,0.9620,3.290887
31,redandblack,driving_B_2020.02.13_13.03.24.csv,train/driving_B_2020.02.13_13.03.24.csv#block-001@time-914.000s,block-001,914.000,-173.2380,-173.24,-173.24,0.0000,0.9607,2.732036
32,soldier,driving_B_2020.01.16_09.56.56.csv,train/driving_B_2020.01.16_09.56.56.csv#block-000@time-60.000s,block-000,60.000,-78.2696,-78.27,-78.27,0.0000,0.9594,3.320914
33,longdress,driving_B_2020.02.14_09.38.22.csv,train/driving_B_2020.02.14_09.38.22.csv#block-000@time-840.000s,block-000,840.000,-45.1580,-45.16,-45.16,0.0000,0.9582,3.028750
34,loot,driving_B_2020.02.13_13.03.24.csv,train/driving_B_2020.02.13_13.03.24.csv#block-001@time-1514.000s,block-001,1514.000,-127.6963,-127.70,-127.70,0.0000,0.9569,3.020497
35,redandblack,driving_B_2020.01.16_07.26.43.csv,train/driving_B_2020.01.16_07.26.43.csv#block-000@time-480.000s,block-000,480.000,-178.0254,-178.03,-178.03,0.0000,0.9556,2.901822
36,soldier,driving_B_2020.01.16_09.56.56.csv,train/driving_B_2020.01.16_09.56.56.csv#block-000@time-120.000s,block-000,120.000,-163.7431,-163.74,-163.74,0.0000,0.9544,3.050353
37,longdress,driving_B_2020.02.27_17.30.15.csv,train/driving_B_2020.02.27_17.30.15.csv#block-002@time-473.000s,block-002,473.000,-505.5001,-505.50,-505.50,0.0000,0.9531,3.106945
38,loot,driving_B_2020.01.16_12.10.03.csv,train/driving_B_2020.01.16_12.10.03.csv#block-000@time-300.000s,block-000,300.000,23.1711,23.17,23.17,0.0000,0.9518,2.920194
39,redandblack,driving_B_2020.02.13_13.03.24.csv,train/driving_B_2020.02.13_13.03.24.csv#block-000@time-600.000s,block-000,600.000,-37.1946,-37.19,-37.19,0.0000,0.9506,3.112329
40,soldier,driving_B_2019.12.16_12.27.05.csv,train/driving_B_2019.12.16_12.27.05.csv#block-000@time-960.000s,block-000,960.000,51.5010,51.50,51.50,1.0445,0.9493,3.124190
41,longdress,driving_B_2020.02.13_13.03.24.csv,train/driving_B_2020.02.13_13.03.24.csv#block-001@time-1814.000s,block-001,1814.000,-241.3101,-241.31,-241.31,0.0000,0.9480,3.182269
42,loot,driving_B_2019.12.17_07.32.39.csv,train/driving_B_2019.12.17_07.32.39.csv#block-003@time-1834.000s,block-003,1834.000,-84.1023,-84.10,-84.10,0.0000,0.9468,2.934681
43,redandblack,static_B_2020.02.14_13.21.26.csv,train/static_B_2020.02.14_13.21.26.csv#block-000@time-0.000s,block-000,0.000,20.3821,20.38,20.38,0.0000,0.9455,3.426412
44,soldier,driving_B_2020.02.14_12.58.17.csv,train/driving_B_2020.02.14_12.58.17.csv#block-002@time-536.000s,block-002,536.000,-261.0624,-261.06,-261.06,0.0000,0.9442,3.116579
45,longdress,driving_B_2020.02.13_15.02.01.csv,train/driving_B_2020.02.13_15.02.01.csv#block-000@time-420.000s,block-000,420.000,54.9852,54.99,54.99,2.1921,0.9430,3.019251
46,loot,driving_B_2020.01.16_07.26.43.csv,train/driving_B_2020.01.16_07.26.43.csv#block-000@time-1380.000s,block-000,1380.000,-20.4330,-20.43,-20.43,0.0000,0.9417,2.834933
47,redandblack,static_B_2019.12.16_13.40.04.csv,train/static_B_2019.12.16_13.40.04.csv#block-001@time-1075.000s,block-001,1075.000,29.8323,29.83,29.83,0.0000,0.9404,3.029420
48,soldier,static_B_2019.12.16_13.40.04.csv,train/static_B_2019.12.16_13.40.04.csv#block-000@time-360.000s,block-000,360.000,-18.0685,-18.07,-18.07,0.0000,0.9391,2.705402
49,longdress,static_B_2020.02.14_13.21.26.csv,train/static_B_2020.02.14_13.21.26.csv#block-000@time-60.000s,block-000,60.000,55.4304,55.43,55.43,1.4429,0.9379,2.770779
50,loot,driving_B_2020.01.16_07.26.43.csv,train/driving_B_2020.01.16_07.26.43.csv#block-000@time-1020.000s,block-000,1020.000,-117.7934,-117.79,-117.79,0.0000,0.9366,2.878147
51,redandblack,driving_B_2020.02.13_13.03.24.csv,train/driving_B_2020.02.13_13.03.24.csv#block-001@time-1454.000s,block-001,1454.000,-208.8021,-208.80,-208.80,0.0000,0.9353,3.230490
52,soldier,driving_B_2020.02.27_17.30.15.csv,train/driving_B_2020.02.27_17.30.15.csv#block-002@time-533.000s,block-002,533.000,-334.6542,-334.65,-334.65,0.0000,0.9341,2.748412
53,longdress,driving_B_2020.02.13_15.02.01.csv,train/driving_B_2020.02.13_15.02.01.csv#block-000@time-660.000s,block-000,660.000,-76.9115,-76.91,-76.91,0.0000,0.9328,2.874288
54,loot,driving_B_2020.02.13_15.02.01.csv,train/driving_B_2020.02.13_15.02.01.csv#block-000@time-120.000s,block-000,120.000,45.9538,45.95,45.95,2.0727,0.9315,2.917065
55,redandblack,driving_B_2020.02.27_17.30.15.csv,train/driving_B_2020.02.27_17.30.15.csv#block-002@time-353.000s,block-002,353.000,-120.0354,-120.04,-120.04,0.0000,0.9303,3.243114
56,soldier,driving_B_2020.02.14_09.38.22.csv,train/driving_B_2020.02.14_09.38.22.csv#block-000@time-1500.000s,block-000,1500.000,-141.8675,-141.87,-141.87,0.0000,0.9290,3.046677
57,longdress,driving_B_2020.01.16_12.10.03.csv,train/driving_B_2020.01.16_12.10.03.csv#block-000@time-120.000s,block-000,120.000,46.5666,46.57,46.57,1.3215,0.9277,2.835681
58,loot,driving_B_2020.01.16_09.56.56.csv,train/driving_B_2020.01.16_09.56.56.csv#block-001@time-699.000s,block-001,699.000,56.8449,56.84,56.84,1.7071,0.9265,2.884549
59,redandblack,driving_B_2019.12.17_07.32.39.csv,train/driving_B_2019.12.17_07.32.39.csv#block-003@time-2134.000s,block-003,2134.000,24.1600,24.16,24.16,0.0000,0.9252,2.783869
60,soldier,driving_B_2020.02.14_09.38.22.csv,train/driving_B_2020.02.14_09.38.22.csv#block-000@time-840.000s,block-000,840.000,-62.6606,-62.66,-62.66,0.0000,0.9239,2.815003
61,longdress,static_B_2020.02.27_18.39.27.csv,train/static_B_2020.02.27_18.39.27.csv#block-001@time-4452.000s,block-001,4452.000,34.6380,34.64,34.64,0.3470,0.9227,2.996680
62,loot,driving_B_2020.02.27_17.30.15.csv,train/driving_B_2020.02.27_17.30.15.csv#block-002@time-413.000s,block-002,413.000,-192.1328,-192.13,-192.13,0.0000,0.9214,2.855123
63,redandblack,driving_B_2020.02.14_12.58.17.csv,train/driving_B_2020.02.14_12.58.17.csv#block-002@time-596.000s,block-002,596.000,-57.9117,-57.91,-57.91,0.0000,0.9201,2.672699
64,soldier,driving_B_2019.12.17_07.32.39.csv,train/driving_B_2019.12.17_07.32.39.csv#block-000@time-1260.000s,block-000,1260.000,-64.7596,-64.76,-64.76,0.0000,0.9188,2.895586
65,longdress,static_B_2020.02.27_18.39.27.csv,train/static_B_2020.02.27_18.39.27.csv#block-001@time-5952.000s,block-001,5952.000,17.7756,17.78,17.78,0.0000,0.9176,3.018753
66,loot,driving_B_2019.12.16_12.27.05.csv,train/driving_B_2019.12.16_12.27.05.csv#block-000@time-0.000s,block-000,0.000,27.7723,27.77,27.77,0.0000,0.9163,2.515240
67,redandblack,driving_B_2020.01.16_07.26.43.csv,train/driving_B_2020.01.16_07.26.43.csv#block-000@time-1200.000s,block-000,1200.000,19.0634,19.06,19.06,0.0000,0.9150,2.747700
68,soldier,static_B_2019.12.16_13.40.04.csv,train/static_B_2019.12.16_13.40.04.csv#block-005@time-1886.000s,block-005,1886.000,42.7687,42.77,42.77,0.0000,0.9138,3.011507
69,longdress,static_B_2019.12.16_13.40.04.csv,train/static_B_2019.12.16_13.40.04.csv#block-005@time-1466.000s,block-005,1466.000,33.2518,33.25,33.25,0.0000,0.9125,2.582741
70,loot,driving_B_2020.02.13_13.03.24.csv,train/driving_B_2020.02.13_13.03.24.csv#block-001@time-1574.000s,block-001,1574.000,-45.6447,-45.64,-45.64,0.0000,0.9112,2.282092
71,redandblack,driving_B_2020.01.16_12.10.03.csv,train/driving_B_2020.01.16_12.10.03.csv#block-000@time-0.000s,block-000,0.000,44.9021,44.90,44.90,2.2782,0.9100,2.525705
72,soldier,driving_B_2020.01.16_07.26.43.csv,train/driving_B_2020.01.16_07.26.43.csv#block-000@time-660.000s,block-000,660.000,-129.3125,-129.31,-129.31,0.0000,0.9087,2.580372
73,longdress,driving_B_2020.02.13_13.03.24.csv,train/driving_B_2020.02.13_13.03.24.csv#block-000@time-180.000s,block-000,180.000,-226.7459,-226.75,-226.75,0.0000,0.9074,2.611225
74,loot,driving_B_2020.01.16_07.26.43.csv,train/driving_B_2020.01.16_07.26.43.csv#block-000@time-1860.000s,block-000,1860.000,-46.1975,-46.20,-46.20,0.0000,0.9062,2.477924
75,redandblack,driving_B_2020.02.14_09.38.22.csv,train/driving_B_2020.02.14_09.38.22.csv#block-000@time-780.000s,block-000,780.000,44.7430,44.74,44.74,0.0000,0.9049,2.670368
76,soldier,static_B_2019.12.16_13.40.04.csv,train/static_B_2019.12.16_13.40.04.csv#block-000@time-420.000s,block-000,420.000,41.2566,41.26,41.26,0.0000,0.9036,2.441038
77,longdress,driving_B_2020.02.13_15.02.01.csv,train/driving_B_2020.02.13_15.02.01.csv#block-000@time-1320.000s,block-000,1320.000,39.6014,39.60,39.60,0.0000,0.9024,2.516126
78,loot,static_B_2020.02.14_13.21.26.csv,train/static_B_2020.02.14_13.21.26.csv#block-000@time-1020.000s,block-000,1020.000,46.9511,46.95,46.95,2.4456,0.9011,2.526922
79,redandblack,static_B_2019.12.16_13.40.04.csv,train/static_B_2019.12.16_13.40.04.csv#block-006@time-2232.000s,block-006,2232.000,49.2149,49.21,49.21,2.3908,0.8998,2.072011
80,soldier,driving_B_2020.02.14_09.38.22.csv,train/driving_B_2020.02.14_09.38.22.csv#block-000@time-1020.000s,block-000,1020.000,46.9455,46.95,46.95,0.7225,0.8985,2.286133
81,longdress,driving_B_2020.02.13_13.03.24.csv,train/driving_B_2020.02.13_13.03.24.csv#block-000@time-420.000s,block-000,420.000,-114.1714,-114.17,-114.17,0.0000,0.8973,2.681884
82,loot,driving_B_2019.12.16_12.27.05.csv,train/driving_B_2019.12.16_12.27.05.csv#block-000@time-240.000s,block-000,240.000,-18.2838,-18.28,-18.28,0.0000,0.8960,2.602439
83,redandblack,driving_B_2020.02.13_15.02.01.csv,train/driving_B_2020.02.13_15.02.01.csv#block-000@time-180.000s,block-000,180.000,36.6466,36.65,36.65,0.0000,0.8947,2.171388
84,soldier,static_B_2020.02.14_13.21.26.csv,train/static_B_2020.02.14_13.21.26.csv#block-000@time-780.000s,block-000,780.000,50.0725,50.07,50.07,1.7750,0.8935,2.379302
85,longdress,driving_B_2020.01.16_07.26.43.csv,train/driving_B_2020.01.16_07.26.43.csv#block-000@time-1500.000s,block-000,1500.000,-150.1666,-150.17,-150.17,0.0000,0.8922,2.506474
86,loot,driving_B_2019.12.16_12.27.05.csv,train/driving_B_2019.12.16_12.27.05.csv#block-000@time-1200.000s,block-000,1200.000,14.5057,14.51,14.51,0.0000,0.8909,2.159353
87,redandblack,driving_B_2020.01.16_07.26.43.csv,train/driving_B_2020.01.16_07.26.43.csv#block-000@time-1620.000s,block-000,1620.000,-59.4727,-59.47,-59.47,0.0000,0.8897,2.474649
88,soldier,driving_B_2020.01.16_07.26.43.csv,train/driving_B_2020.01.16_07.26.43.csv#block-000@time-780.000s,block-000,780.000,-34.8645,-34.86,-34.86,0.0000,0.8884,2.446897
89,longdress,driving_B_2020.01.16_12.10.03.csv,train/driving_B_2020.01.16_12.10.03.csv#block-000@time-180.000s,block-000,180.000,41.1549,41.15,41.15,1.7351,0.8871,2.374122
90,loot,static_B_2020.02.14_13.21.26.csv,train/static_B_2020.02.14_13.21.26.csv#block-000@time-900.000s,block-000,900.000,60.3618,60.36,60.36,0.9238,0.8859,2.370972
91,redandblack,driving_B_2020.01.16_07.26.43.csv,train/driving_B_2020.01.16_07.26.43.csv#block-000@time-720.000s,block-000,720.000,-38.4724,-38.47,-38.47,0.0000,0.8846,2.103788
92,soldier,driving_B_2020.01.16_07.26.43.csv,train/driving_B_2020.01.16_07.26.43.csv#block-000@time-600.000s,block-000,600.000,-101.2070,-101.21,-101.21,0.0000,0.8833,2.144547
93,longdress,driving_B_2020.02.13_13.03.24.csv,train/driving_B_2020.02.13_13.03.24.csv#block-000@time-300.000s,block-000,300.000,-57.1517,-57.15,-57.15,0.0000,0.8821,2.462987
94,loot,driving_B_2020.02.27_17.30.15.csv,train/driving_B_2020.02.27_17.30.15.csv#block-002@time-533.000s,block-002,533.000,-171.4424,-171.44,-171.44,0.0000,0.8808,1.920120
95,redandblack,driving_B_2020.02.13_13.03.24.csv,train/driving_B_2020.02.13_13.03.24.csv#block-001@time-1934.000s,block-001,1934.000,28.4124,28.41,28.41,0.0000,0.8795,2.495698
96,soldier,static_B_2020.02.27_18.39.27.csv,train/static_B_2020.02.27_18.39.27.csv#block-001@time-4512.000s,block-001,4512.000,45.0739,45.07,45.07,1.8850,0.8782,2.114038
97,longdress,driving_B_2020.01.16_12.10.03.csv,train/driving_B_2020.01.16_12.10.03.csv#block-000@time-240.000s,block-000,240.000,47.2614,47.26,47.26,1.5522,0.8770,2.200582
98,loot,driving_B_2020.02.13_15.02.01.csv,train/driving_B_2020.02.13_15.02.01.csv#block-000@time-780.000s,block-000,780.000,-27.0985,-27.10,-27.10,0.0000,0.8757,1.878168
99,redandblack,static_B_2020.02.27_18.39.27.csv,train/static_B_2020.02.27_18.39.27.csv#block-001@time-2772.000s,block-001,2772.000,45.9773,45.98,45.98,1.9855,0.8744,2.104334
100,soldier,driving_B_2020.02.27_17.30.15.csv,train/driving_B_2020.02.27_17.30.15.csv#block-002@time-293.000s,block-002,293.000,-304.1612,-304.16,-304.16,0.0000,0.8732,2.135825
101,longdress,driving_B_2020.02.13_15.02.01.csv,train/driving_B_2020.02.13_15.02.01.csv#block-000@time-720.000s,block-000,720.000,20.2279,20.23,20.23,0.0000,0.8719,2.115970
102,loot,driving_B_2020.01.16_09.56.56.csv,train/driving_B_2020.01.16_09.56.56.csv#block-001@time-1719.000s,block-001,1719.000,47.2547,47.25,47.25,0.0000,0.8706,2.142099
103,redandblack,static_B_2020.02.27_18.39.27.csv,train/static_B_2020.02.27_18.39.27.csv#block-001@time-2292.000s,block-001,2292.000,32.3479,32.35,32.35,0.0000,0.8694,2.683587
104,soldier,driving_B_2020.02.14_09.38.22.csv,train/driving_B_2020.02.14_09.38.22.csv#block-000@time-600.000s,block-000,600.000,32.3109,32.31,32.31,0.0000,0.8681,2.647352
105,longdress,static_B_2019.12.16_13.40.04.csv,train/static_B_2019.12.16_13.40.04.csv#block-001@time-1015.000s,block-001,1015.000,-29.7804,-29.78,-29.78,0.0000,0.8668,2.328920
106,loot,driving_B_2020.01.16_09.56.56.csv,train/driving_B_2020.01.16_09.56.56.csv#block-001@time-1539.000s,block-001,1539.000,34.9060,34.91,34.91,2.2708,0.8656,2.393657
107,redandblack,static_B_2020.02.27_18.39.27.csv,train/static_B_2020.02.27_18.39.27.csv#block-001@time-5472.000s,block-001,5472.000,56.0773,56.08,56.08,2.0069,0.8643,2.255161
108,soldier,driving_B_2020.01.16_12.10.03.csv,train/driving_B_2020.01.16_12.10.03.csv#block-000@time-60.000s,block-000,60.000,48.6668,48.67,48.67,0.0000,0.8630,2.371484
109,longdress,driving_B_2020.02.14_09.38.22.csv,train/driving_B_2020.02.14_09.38.22.csv#block-000@time-1380.000s,block-000,1380.000,9.5201,9.52,9.52,0.0000,0.8618,2.017865
110,loot,static_B_2020.02.14_13.21.26.csv,train/static_B_2020.02.14_13.21.26.csv#block-000@time-360.000s,block-000,360.000,42.6159,42.62,42.62,1.0009,0.8605,2.119926
111,redandblack,driving_B_2020.01.16_12.10.03.csv,train/driving_B_2020.01.16_12.10.03.csv#block-000@time-240.000s,block-000,240.000,45.6029,45.60,45.60,1.7250,0.8592,1.791714
112,soldier,driving_B_2020.02.13_15.02.01.csv,train/driving_B_2020.02.13_15.02.01.csv#block-000@time-1860.000s,block-000,1860.000,-47.0792,-47.08,-47.08,0.0000,0.8579,2.217518
113,longdress,driving_B_2020.01.16_12.10.03.csv,train/driving_B_2020.01.16_12.10.03.csv#block-000@time-300.000s,block-000,300.000,9.2179,9.22,9.22,0.0000,0.8567,1.967437
114,loot,driving_B_2020.02.13_15.02.01.csv,train/driving_B_2020.02.13_15.02.01.csv#block-000@time-840.000s,block-000,840.000,7.2263,7.23,7.23,0.0000,0.8554,2.498491
115,redandblack,driving_B_2019.12.17_07.32.39.csv,train/driving_B_2019.12.17_07.32.39.csv#block-003@time-1954.000s,block-003,1954.000,-66.6149,-66.61,-66.61,0.0000,0.8541,2.267247
116,soldier,driving_B_2020.02.14_09.38.22.csv,train/driving_B_2020.02.14_09.38.22.csv#block-000@time-480.000s,block-000,480.000,-47.1690,-47.17,-47.17,0.0000,0.8529,2.481460
117,longdress,driving_B_2020.02.13_13.03.24.csv,train/driving_B_2020.02.13_13.03.24.csv#block-001@time-1154.000s,block-001,1154.000,-146.2668,-146.27,-146.27,0.0000,0.8516,1.974479
118,loot,static_B_2019.12.16_13.40.04.csv,train/static_B_2019.12.16_13.40.04.csv#block-001@time-895.000s,block-001,895.000,43.0261,43.03,43.03,0.0000,0.8503,2.014444
119,redandblack,static_B_2020.02.27_18.39.27.csv,train/static_B_2020.02.27_18.39.27.csv#block-001@time-672.000s,block-001,672.000,10.3813,10.38,10.38,2.2989,0.8491,1.982466
120,soldier,static_B_2020.02.27_18.39.27.csv,train/static_B_2020.02.27_18.39.27.csv#block-001@time-2532.000s,block-001,2532.000,51.6344,51.63,51.63,0.0000,0.8478,2.260764
121,longdress,static_B_2020.02.14_13.21.26.csv,train/static_B_2020.02.14_13.21.26.csv#block-000@time-540.000s,block-000,540.000,45.9286,45.93,45.93,1.5404,0.8465,1.852370
122,loot,driving_B_2019.12.16_12.27.05.csv,train/driving_B_2019.12.16_12.27.05.csv#block-000@time-900.000s,block-000,900.000,60.1956,60.20,60.20,2.1338,0.8453,2.056154
123,redandblack,driving_B_2019.12.17_07.32.39.csv,train/driving_B_2019.12.17_07.32.39.csv#block-000@time-420.000s,block-000,420.000,20.6453,20.65,20.65,0.0000,0.8440,2.022022
124,soldier,driving_B_2019.12.17_07.32.39.csv,train/driving_B_2019.12.17_07.32.39.csv#block-004@time-2237.000s,block-004,2237.000,-40.0392,-40.04,-40.04,0.0000,0.8427,2.209696
125,longdress,driving_B_2020.02.13_15.02.01.csv,train/driving_B_2020.02.13_15.02.01.csv#block-000@time-3000.000s,block-000,3000.000,-98.6712,-98.67,-98.67,0.0000,0.8415,1.914838
126,loot,driving_B_2019.12.16_12.27.05.csv,train/driving_B_2019.12.16_12.27.05.csv#block-000@time-720.000s,block-000,720.000,-41.6507,-41.65,-41.65,0.0000,0.8402,1.962906
127,redandblack,driving_B_2020.02.13_13.03.24.csv,train/driving_B_2020.02.13_13.03.24.csv#block-001@time-1634.000s,block-001,1634.000,-64.5850,-64.58,-64.58,0.0000,0.8389,2.072351
128,soldier,driving_B_2020.01.16_09.56.56.csv,train/driving_B_2020.01.16_09.56.56.csv#block-001@time-1359.000s,block-001,1359.000,-14.9716,-14.97,-14.97,0.0000,0.8376,1.843183
129,longdress,driving_B_2019.12.16_12.27.05.csv,train/driving_B_2019.12.16_12.27.05.csv#block-000@time-600.000s,block-000,600.000,-283.2527,-283.25,-283.25,0.0000,0.8364,1.900628
130,loot,driving_B_2020.02.27_17.30.15.csv,train/driving_B_2020.02.27_17.30.15.csv#block-002@time-533.000s,block-002,533.000,-247.6987,-247.70,-247.70,0.0000,0.8351,2.241471
131,redandblack,driving_B_2020.02.14_12.58.17.csv,train/driving_B_2020.02.14_12.58.17.csv#block-000@time-0.000s,block-000,0.000,-16.3758,-16.38,-16.38,0.0000,0.8338,2.225100
132,soldier,static_B_2020.02.14_13.21.26.csv,train/static_B_2020.02.14_13.21.26.csv#block-000@time-360.000s,block-000,360.000,52.6018,52.60,52.60,0.9886,0.8326,1.783036
133,longdress,driving_B_2020.02.27_17.30.15.csv,train/driving_B_2020.02.27_17.30.15.csv#block-002@time-293.000s,block-002,293.000,-293.3937,-293.39,-293.39,0.0000,0.8313,1.731067
134,loot,driving_B_2019.12.17_07.32.39.csv,train/driving_B_2019.12.17_07.32.39.csv#block-000@time-60.000s,block-000,60.000,4.5808,4.58,4.58,0.0000,0.8300,2.135843
135,redandblack,driving_B_2020.02.13_13.03.24.csv,train/driving_B_2020.02.13_13.03.24.csv#block-000@time-0.000s,block-000,0.000,-22.9855,-22.99,-22.99,0.0000,0.8288,2.251798
136,soldier,driving_B_2020.01.16_09.56.56.csv,train/driving_B_2020.01.16_09.56.56.csv#block-001@time-579.000s,block-001,579.000,23.0759,23.08,23.08,0.0000,0.8275,2.094074
137,longdress,driving_B_2020.02.14_09.38.22.csv,train/driving_B_2020.02.14_09.38.22.csv#block-000@time-0.000s,block-000,0.000,-177.6184,-177.62,-177.62,0.0000,0.8262,2.269833
138,loot,driving_B_2019.12.17_07.32.39.csv,train/driving_B_2019.12.17_07.32.39.csv#block-003@time-1654.000s,block-003,1654.000,-36.1875,-36.19,-36.19,0.0000,0.8250,2.065435
139,redandblack,static_B_2020.02.14_13.21.26.csv,train/static_B_2020.02.14_13.21.26.csv#block-000@time-840.000s,block-000,840.000,57.9374,57.94,57.94,2.2945,0.8237,1.902212
140,soldier,static_B_2019.12.16_13.40.04.csv,train/static_B_2019.12.16_13.40.04.csv#block-001@time-775.000s,block-001,775.000,57.3545,57.35,57.35,0.5950,0.8224,1.804402
141,longdress,driving_B_2020.02.14_12.58.17.csv,train/driving_B_2020.02.14_12.58.17.csv#block-002@time-716.000s,block-002,716.000,-75.6166,-75.62,-75.62,0.0000,0.8212,2.114388
142,loot,static_B_2020.02.27_18.39.27.csv,train/static_B_2020.02.27_18.39.27.csv#block-001@time-3492.000s,block-001,3492.000,28.6824,28.68,28.68,0.0000,0.8199,2.051135
143,redandblack,driving_B_2020.02.13_13.03.24.csv,train/driving_B_2020.02.13_13.03.24.csv#block-001@time-1754.000s,block-001,1754.000,-22.8408,-22.84,-22.84,0.0000,0.8186,1.730410
144,soldier,driving_B_2020.02.14_09.38.22.csv,train/driving_B_2020.02.14_09.38.22.csv#block-000@time-1020.000s,block-000,1020.000,45.2434,45.24,45.24,0.6926,0.8173,1.792862
145,longdress,driving_B_2020.01.16_12.10.03.csv,train/driving_B_2020.01.16_12.10.03.csv#block-000@time-180.000s,block-000,180.000,38.0974,38.10,38.10,0.2753,0.8161,1.984993
146,loot,driving_B_2020.01.16_09.56.56.csv,train/driving_B_2020.01.16_09.56.56.csv#block-001@time-1659.000s,block-001,1659.000,38.7246,38.72,38.72,2.0752,0.8148,2.037671
147,redandblack,driving_B_2020.01.16_12.10.03.csv,train/driving_B_2020.01.16_12.10.03.csv#block-000@time-360.000s,block-000,360.000,32.8049,32.80,32.80,0.0000,0.8135,1.750450
148,soldier,driving_B_2020.01.16_09.56.56.csv,train/driving_B_2020.01.16_09.56.56.csv#block-001@time-939.000s,block-001,939.000,-54.6349,-54.63,-54.63,0.0000,0.8123,2.024932
149,longdress,driving_B_2020.02.27_17.30.15.csv,train/driving_B_2020.02.27_17.30.15.csv#block-002@time-353.000s,block-002,353.000,-257.4304,-257.43,-257.43,0.0000,0.8110,1.936573
150,loot,driving_B_2020.02.13_15.02.01.csv,train/driving_B_2020.02.13_15.02.01.csv#block-000@time-2100.000s,block-000,2100.000,-0.2909,-0.29,-0.29,0.0000,0.8097,1.986534
151,redandblack,driving_B_2019.12.16_12.27.05.csv,train/driving_B_2019.12.16_12.27.05.csv#block-000@time-1020.000s,block-000,1020.000,54.5173,54.52,54.52,0.0000,0.8085,2.013042
152,soldier,driving_B_2020.02.14_09.38.22.csv,train/driving_B_2020.02.14_09.38.22.csv#block-000@time-60.000s,block-000,60.000,-81.9625,-81.96,-81.96,0.0000,0.8072,1.992178
153,longdress,driving_B_2019.12.17_07.32.39.csv,train/driving_B_2019.12.17_07.32.39.csv#block-000@time-540.000s,block-000,540.000,-168.2663,-168.27,-168.27,0.0000,0.8059,2.042860
154,loot,driving_B_2020.01.16_07.26.43.csv,train/driving_B_2020.01.16_07.26.43.csv#block-000@time-180.000s,block-000,180.000,-176.2443,-176.24,-176.24,0.0000,0.8047,1.746632
155,redandblack,driving_B_2020.02.14_09.38.22.csv,train/driving_B_2020.02.14_09.38.22.csv#block-000@time-1320.000s,block-000,1320.000,-72.0194,-72.02,-72.02,0.0000,0.8034,2.006729
156,soldier,driving_B_2020.02.14_12.58.17.csv,train/driving_B_2020.02.14_12.58.17.csv#block-002@time-536.000s,block-002,536.000,-285.4286,-285.43,-285.43,0.0000,0.8021,2.116215
157,longdress,driving_B_2019.12.16_12.27.05.csv,train/driving_B_2019.12.16_12.27.05.csv#block-000@time-660.000s,block-000,660.000,-279.4497,-279.45,-279.45,0.0000,0.8009,2.154388
158,loot,driving_B_2020.02.27_17.30.15.csv,train/driving_B_2020.02.27_17.30.15.csv#block-002@time-533.000s,block-002,533.000,-222.6333,-222.63,-222.63,0.0000,0.7996,2.143726
159,redandblack,driving_B_2020.02.14_12.58.17.csv,train/driving_B_2020.02.14_12.58.17.csv#block-002@time-656.000s,block-002,656.000,16.8187,16.82,16.82,0.0000,0.7983,2.040355
160,soldier,driving_B_2020.01.16_09.56.56.csv,train/driving_B_2020.01.16_09.56.56.csv#block-001@time-1179.000s,block-001,1179.000,-50.7184,-50.72,-50.72,0.0000,0.7971,2.099252
161,longdress,static_B_2019.12.16_13.40.04.csv,train/static_B_2019.12.16_13.40.04.csv#block-006@time-2172.000s,block-006,2172.000,49.7636,49.76,49.76,1.3443,0.7958,1.936343
162,loot,driving_B_2020.02.14_12.58.17.csv,train/driving_B_2020.02.14_12.58.17.csv#block-002@time-716.000s,block-002,716.000,-16.4353,-16.44,-16.44,0.0000,0.7945,2.213133
163,redandblack,static_B_2019.12.16_13.40.04.csv,train/static_B_2019.12.16_13.40.04.csv#block-001@time-595.000s,block-001,595.000,34.7474,34.75,34.75,1.2386,0.7932,1.826458
164,soldier,driving_B_2019.12.17_07.32.39.csv,train/driving_B_2019.12.17_07.32.39.csv#block-000@time-720.000s,block-000,720.000,-72.7515,-72.75,-72.75,0.0000,0.7920,2.133859
165,longdress,driving_B_2020.02.13_13.03.24.csv,train/driving_B_2020.02.13_13.03.24.csv#block-001@time-1394.000s,block-001,1394.000,-67.8216,-67.82,-67.82,0.0000,0.7907,2.092206
166,loot,driving_B_2020.02.14_12.58.17.csv,train/driving_B_2020.02.14_12.58.17.csv#block-002@time-656.000s,block-002,656.000,30.3666,30.37,30.37,0.0000,0.7894,2.042734
167,redandblack,driving_B_2020.02.27_17.30.15.csv,train/driving_B_2020.02.27_17.30.15.csv#block-002@time-413.000s,block-002,413.000,-131.4001,-131.40,-131.40,0.0000,0.7882,1.812438
168,soldier,static_B_2019.12.16_13.40.04.csv,train/static_B_2019.12.16_13.40.04.csv#block-005@time-1706.000s,block-005,1706.000,56.7737,56.77,56.77,0.0000,0.7869,1.842229
169,longdress,driving_B_2020.02.14_12.58.17.csv,train/driving_B_2020.02.14_12.58.17.csv#block-000@time-0.000s,block-000,0.000,-56.5630,-56.56,-56.56,0.0000,0.7856,2.022995
170,loot,driving_B_2020.02.13_15.02.01.csv,train/driving_B_2020.02.13_15.02.01.csv#block-000@time-2820.000s,block-000,2820.000,45.4472,45.45,45.45,0.0000,0.7844,2.254021
171,redandblack,static_B_2020.02.14_13.21.26.csv,train/static_B_2020.02.14_13.21.26.csv#block-000@time-720.000s,block-000,720.000,53.0531,53.05,53.05,0.2287,0.7831,1.962208
172,soldier,static_B_2020.02.27_18.39.27.csv,train/static_B_2020.02.27_18.39.27.csv#block-001@time-6312.000s,block-001,6312.000,50.0188,50.02,50.02,0.0000,0.7818,1.907517
173,longdress,driving_B_2020.01.16_12.10.03.csv,train/driving_B_2020.01.16_12.10.03.csv#block-000@time-60.000s,block-000,60.000,29.8760,29.88,29.88,0.0000,0.7806,2.025300
174,loot,driving_B_2020.02.13_13.03.24.csv,train/driving_B_2020.02.13_13.03.24.csv#block-001@time-1694.000s,block-001,1694.000,-62.1458,-62.15,-62.15,0.0000,0.7793,1.753143
175,redandblack,driving_B_2020.02.27_17.30.15.csv,train/driving_B_2020.02.27_17.30.15.csv#block-002@time-533.000s,block-002,533.000,-156.6403,-156.64,-156.64,0.0000,0.7780,2.054952
176,soldier,driving_B_2020.02.14_09.38.22.csv,train/driving_B_2020.02.14_09.38.22.csv#block-000@time-180.000s,block-000,180.000,-159.8435,-159.84,-159.84,0.0000,0.7768,2.039069
177,longdress,driving_B_2020.02.27_17.30.15.csv,train/driving_B_2020.02.27_17.30.15.csv#block-002@time-353.000s,block-002,353.000,-206.5862,-206.59,-206.59,0.0000,0.7755,2.117112
178,loot,static_B_2019.12.16_13.40.04.csv,train/static_B_2019.12.16_13.40.04.csv#block-005@time-2006.000s,block-005,2006.000,34.0614,34.06,34.06,0.0000,0.7742,1.898915
179,redandblack,driving_B_2020.02.14_09.38.22.csv,train/driving_B_2020.02.14_09.38.22.csv#block-000@time-300.000s,block-000,300.000,-202.7414,-202.74,-202.74,0.0000,0.7729,1.809984
180,soldier,driving_B_2020.02.13_13.03.24.csv,train/driving_B_2020.02.13_13.03.24.csv#block-000@time-60.000s,block-000,60.000,-101.9647,-101.96,-101.96,0.0000,0.7717,1.768289
181,longdress,driving_B_2020.02.27_17.30.15.csv,train/driving_B_2020.02.27_17.30.15.csv#block-002@time-413.000s,block-002,413.000,-341.5012,-341.50,-341.50,0.0000,0.7704,1.902607
182,loot,driving_B_2020.01.16_07.26.43.csv,train/driving_B_2020.01.16_07.26.43.csv#block-000@time-240.000s,block-000,240.000,7.8139,7.81,7.81,0.0000,0.7691,2.060588
183,redandblack,driving_B_2020.02.27_17.30.15.csv,train/driving_B_2020.02.27_17.30.15.csv#block-002@time-473.000s,block-002,473.000,-430.0012,-430.00,-430.00,0.0000,0.7679,1.956356
184,soldier,driving_B_2020.01.16_07.26.43.csv,train/driving_B_2020.01.16_07.26.43.csv#block-000@time-540.000s,block-000,540.000,-81.3894,-81.39,-81.39,0.0000,0.7666,2.092961
185,longdress,driving_B_2019.12.16_12.27.05.csv,train/driving_B_2019.12.16_12.27.05.csv#block-000@time-540.000s,block-000,540.000,-204.7357,-204.74,-204.74,0.0000,0.7653,1.907031
186,loot,driving_B_2020.01.16_09.56.56.csv,train/driving_B_2020.01.16_09.56.56.csv#block-000@time-180.000s,block-000,180.000,70.3395,70.34,70.34,0.0000,0.7641,2.140946
187,redandblack,driving_B_2019.12.17_07.32.39.csv,train/driving_B_2019.12.17_07.32.39.csv#block-000@time-120.000s,block-000,120.000,-5.1004,-5.10,-5.10,0.0000,0.7628,2.284820
188,soldier,driving_B_2020.01.16_07.26.43.csv,train/driving_B_2020.01.16_07.26.43.csv#block-000@time-1260.000s,block-000,1260.000,-45.5791,-45.58,-45.58,0.0000,0.7615,1.902824
189,longdress,driving_B_2020.02.14_09.38.22.csv,train/driving_B_2020.02.14_09.38.22.csv#block-000@time-120.000s,block-000,120.000,-168.6988,-168.70,-168.70,0.0000,0.7603,1.988912
190,loot,driving_B_2019.12.17_07.32.39.csv,train/driving_B_2019.12.17_07.32.39.csv#block-000@time-0.000s,block-000,0.000,9.9098,9.91,9.91,0.0000,0.7590,2.060218
191,redandblack,driving_B_2020.02.13_15.02.01.csv,train/driving_B_2020.02.13_15.02.01.csv#block-000@time-2760.000s,block-000,2760.000,-86.0723,-86.07,-86.07,0.0000,0.7577,2.237377
192,soldier,driving_B_2020.02.14_12.58.17.csv,train/driving_B_2020.02.14_12.58.17.csv#block-000@time-0.000s,block-000,0.000,-37.7968,-37.80,-37.80,0.0000,0.7565,2.046761
193,longdress,driving_B_2020.02.27_17.30.15.csv,train/driving_B_2020.02.27_17.30.15.csv#block-002@time-533.000s,block-002,533.000,-196.4050,-196.40,-196.40,0.0000,0.7552,1.910781
194,loot,driving_B_2019.12.17_07.32.39.csv,train/driving_B_2019.12.17_07.32.39.csv#block-000@time-360.000s,block-000,360.000,17.6626,17.66,17.66,0.0000,0.7539,2.033126
195,redandblack,driving_B_2019.12.17_07.32.39.csv,train/driving_B_2019.12.17_07.32.39.csv#block-000@time-1140.000s,block-000,1140.000,16.2783,16.28,16.28,0.0000,0.7526,2.103371
196,soldier,driving_B_2020.02.13_15.02.01.csv,train/driving_B_2020.02.13_15.02.01.csv#block-000@time-2160.000s,block-000,2160.000,12.6103,12.61,12.61,0.0000,0.7514,1.773578
197,longdress,driving_B_2020.02.14_12.58.17.csv,train/driving_B_2020.02.14_12.58.17.csv#block-002@time-596.000s,block-002,596.000,-49.2680,-49.27,-49.27,0.0000,0.7501,2.066878
198,loot,driving_B_2020.01.16_12.10.03.csv,train/driving_B_2020.01.16_12.10.03.csv#block-000@time-240.000s,block-000,240.000,51.7429,51.74,51.74,2.1671,0.7488,1.994851
199,redandblack,driving_B_2019.12.16_12.27.05.csv,train/driving_B_2019.12.16_12.27.05.csv#block-000@time-720.000s,block-000,720.000,-42.4001,-42.40,-42.40,0.0000,0.7476,2.104388
200,soldier,driving_B_2019.12.17_07.32.39.csv,train/driving_B_2019.12.17_07.32.39.csv#block-000@time-660.000s,block-000,660.000,-32.2123,-32.21,-32.21,0.0000,0.7463,1.923202
201,longdress,static_B_2019.12.16_13.40.04.csv,train/static_B_2019.12.16_13.40.04.csv#block-005@time-1646.000s,block-005,1646.000,45.4401,45.44,45.44,1.1909,0.7450,2.058198
202,loot,static_B_2020.02.14_13.21.26.csv,train/static_B_2020.02.14_13.21.26.csv#block-000@time-300.000s,block-000,300.000,37.1137,37.11,37.11,0.0000,0.7438,1.937549
203,redandblack,driving_B_2020.02.14_09.38.22.csv,train/driving_B_2020.02.14_09.38.22.csv#block-000@time-1560.000s,block-000,1560.000,25.0262,25.03,25.03,0.0000,0.7425,2.506427
204,soldier,static_B_2020.02.14_13.21.26.csv,train/static_B_2020.02.14_13.21.26.csv#block-000@time-480.000s,block-000,480.000,49.0043,49.00,49.00,1.6363,0.7412,2.218753
205,longdress,driving_B_2019.12.17_07.32.39.csv,train/driving_B_2019.12.17_07.32.39.csv#block-000@time-1020.000s,block-000,1020.000,-118.6919,-118.69,-118.69,0.0000,0.7400,2.110074
206,loot,driving_B_2020.01.16_07.26.43.csv,train/driving_B_2020.01.16_07.26.43.csv#block-000@time-1140.000s,block-000,1140.000,39.4523,39.45,39.45,0.0000,0.7387,2.095491
207,redandblack,static_B_2020.02.14_13.21.26.csv,train/static_B_2020.02.14_13.21.26.csv#block-000@time-960.000s,block-000,960.000,5.2165,5.22,5.22,0.0000,0.7374,2.186464
208,soldier,static_B_2020.02.14_13.21.26.csv,train/static_B_2020.02.14_13.21.26.csv#block-000@time-420.000s,block-000,420.000,52.3948,52.39,52.39,1.1776,0.7362,2.042301
209,longdress,driving_B_2020.02.27_17.30.15.csv,train/driving_B_2020.02.27_17.30.15.csv#block-002@time-413.000s,block-002,413.000,-196.0066,-196.01,-196.01,0.0000,0.7349,2.262837
210,loot,driving_B_2019.12.16_12.27.05.csv,train/driving_B_2019.12.16_12.27.05.csv#block-000@time-60.000s,block-000,60.000,-8.4825,-8.48,-8.48,0.0000,0.7336,2.064046
211,redandblack,driving_B_2020.01.16_12.10.03.csv,train/driving_B_2020.01.16_12.10.03.csv#block-000@time-180.000s,block-000,180.000,72.0876,72.09,72.09,0.0000,0.7323,1.874239
212,soldier,driving_B_2020.01.16_12.10.03.csv,train/driving_B_2020.01.16_12.10.03.csv#block-000@time-0.000s,block-000,0.000,46.8373,46.84,46.84,1.6503,0.7311,2.203721
213,longdress,static_B_2020.02.14_13.21.26.csv,train/static_B_2020.02.14_13.21.26.csv#block-000@time-960.000s,block-000,960.000,5.2346,5.23,5.23,0.0000,0.7298,1.774159
214,loot,driving_B_2019.12.17_07.32.39.csv,train/driving_B_2019.12.17_07.32.39.csv#block-000@time-240.000s,block-000,240.000,-32.1103,-32.11,-32.11,0.0000,0.7285,2.052882
215,redandblack,driving_B_2020.02.14_12.58.17.csv,train/driving_B_2020.02.14_12.58.17.csv#block-002@time-716.000s,block-002,716.000,-15.7175,-15.72,-15.72,0.0000,0.7273,1.933812
216,soldier,driving_B_2020.02.13_15.02.01.csv,train/driving_B_2020.02.13_15.02.01.csv#block-000@time-300.000s,block-000,300.000,54.0457,54.05,54.05,1.0035,0.7260,1.895228
217,longdress,driving_B_2020.02.27_17.30.15.csv,train/driving_B_2020.02.27_17.30.15.csv#block-002@time-473.000s,block-002,473.000,-348.1350,-348.13,-348.13,0.0000,0.7247,2.329640
218,loot,static_B_2019.12.16_13.40.04.csv,train/static_B_2019.12.16_13.40.04.csv#block-000@time-60.000s,block-000,60.000,29.8627,29.86,29.86,0.0000,0.7235,1.910020
219,redandblack,driving_B_2020.02.14_12.58.17.csv,train/driving_B_2020.02.14_12.58.17.csv#block-002@time-596.000s,block-002,596.000,-55.9751,-55.98,-55.98,0.0000,0.7222,1.961895
220,soldier,static_B_2020.02.14_13.21.26.csv,train/static_B_2020.02.14_13.21.26.csv#block-000@time-840.000s,block-000,840.000,57.8635,57.86,57.86,1.7300,0.7209,1.807235
221,longdress,driving_B_2019.12.17_07.32.39.csv,train/driving_B_2019.12.17_07.32.39.csv#block-000@time-480.000s,block-000,480.000,32.9225,32.92,32.92,0.0000,0.7197,2.088604
222,loot,driving_B_2020.01.16_07.26.43.csv,train/driving_B_2020.01.16_07.26.43.csv#block-000@time-1080.000s,block-000,1080.000,34.1419,34.14,34.14,0.0000,0.7184,2.081325
223,redandblack,driving_B_2020.01.16_12.10.03.csv,train/driving_B_2020.01.16_12.10.03.csv#block-000@time-300.000s,block-000,300.000,13.9525,13.95,13.95,0.0000,0.7171,1.858810
224,soldier,driving_B_2019.12.16_12.27.05.csv,train/driving_B_2019.12.16_12.27.05.csv#block-000@time-180.000s,block-000,180.000,-62.4071,-62.41,-62.41,0.0000,0.7159,1.972988
225,longdress,driving_B_2020.02.13_13.03.24.csv,train/driving_B_2020.02.13_13.03.24.csv#block-000@time-540.000s,block-000,540.000,-145.9363,-145.94,-145.94,0.0000,0.7146,1.863580
226,loot,driving_B_2020.02.14_09.38.22.csv,train/driving_B_2020.02.14_09.38.22.csv#block-000@time-1440.000s,block-000,1440.000,69.3985,69.40,69.40,1.3330,0.7133,1.898647
227,redandblack,driving_B_2020.02.27_17.30.15.csv,train/driving_B_2020.02.27_17.30.15.csv#block-002@time-293.000s,block-002,293.000,-344.0717,-344.07,-344.07,0.0000,0.7120,2.080691
228,soldier,driving_B_2020.01.16_12.10.03.csv,train/driving_B_2020.01.16_12.10.03.csv#block-000@time-240.000s,block-000,240.000,27.0610,27.06,27.06,0.9674,0.7108,2.388507
229,longdress,driving_B_2020.01.16_12.10.03.csv,train/driving_B_2020.01.16_12.10.03.csv#block-000@time-120.000s,block-000,120.000,54.0943,54.09,54.09,0.7079,0.7095,1.926687
230,loot,driving_B_2020.01.16_07.26.43.csv,train/driving_B_2020.01.16_07.26.43.csv#block-000@time-1320.000s,block-000,1320.000,-37.2750,-37.27,-37.27,0.0000,0.7082,2.410186
231,redandblack,driving_B_2019.12.16_12.27.05.csv,train/driving_B_2019.12.16_12.27.05.csv#block-000@time-540.000s,block-000,540.000,-179.7617,-179.76,-179.76,0.0000,0.7070,2.064269
232,soldier,static_B_2020.02.27_18.39.27.csv,train/static_B_2020.02.27_18.39.27.csv#block-001@time-6252.000s,block-001,6252.000,51.2891,51.29,51.29,0.0000,0.7057,2.033218
233,longdress,driving_B_2020.01.16_09.56.56.csv,train/driving_B_2020.01.16_09.56.56.csv#block-001@time-1059.000s,block-001,1059.000,-63.0098,-63.01,-63.01,0.0000,0.7044,1.911476
234,loot,driving_B_2020.02.13_15.02.01.csv,train/driving_B_2020.02.13_15.02.01.csv#block-000@time-2940.000s,block-000,2940.000,-16.0086,-16.01,-16.01,0.0000,0.7032,2.109210
235,redandblack,driving_B_2019.12.17_07.32.39.csv,train/driving_B_2019.12.17_07.32.39.csv#block-000@time-1200.000s,block-000,1200.000,53.1273,53.13,53.13,2.2809,0.7019,2.029925
236,soldier,driving_B_2020.02.13_15.02.01.csv,train/driving_B_2020.02.13_15.02.01.csv#block-000@time-2580.000s,block-000,2580.000,-383.3845,-383.38,-383.38,0.0000,0.7006,2.236561
237,longdress,driving_B_2020.02.27_17.30.15.csv,train/driving_B_2020.02.27_17.30.15.csv#block-002@time-353.000s,block-002,353.000,-176.4041,-176.40,-176.40,0.0000,0.6994,2.268625
238,loot,driving_B_2020.02.13_15.02.01.csv,train/driving_B_2020.02.13_15.02.01.csv#block-000@time-2280.000s,block-000,2280.000,40.8192,40.82,40.82,0.0000,0.6981,2.107542
239,redandblack,driving_B_2020.01.16_12.10.03.csv,train/driving_B_2020.01.16_12.10.03.csv#block-000@time-240.000s,block-000,240.000,52.8321,52.83,52.83,2.2212,0.6968,2.086407
240,soldier,driving_B_2020.02.13_13.03.24.csv,train/driving_B_2020.02.13_13.03.24.csv#block-000@time-240.000s,block-000,240.000,-75.1594,-75.16,-75.16,0.0000,0.6956,2.398453
241,longdress,driving_B_2020.01.16_12.10.03.csv,train/driving_B_2020.01.16_12.10.03.csv#block-000@time-180.000s,block-000,180.000,54.8819,54.88,54.88,0.0000,0.6943,2.113088
242,loot,driving_B_2020.02.13_15.02.01.csv,train/driving_B_2020.02.13_15.02.01.csv#block-000@time-2520.000s,block-000,2520.000,-32.9138,-32.91,-32.91,0.0000,0.6930,2.094593
243,redandblack,driving_B_2019.12.17_07.32.39.csv,train/driving_B_2019.12.17_07.32.39.csv#block-000@time-1080.000s,block-000,1080.000,-11.5484,-11.55,-11.55,0.0000,0.6917,2.231355
244,soldier,static_B_2020.02.27_18.39.27.csv,train/static_B_2020.02.27_18.39.27.csv#block-001@time-732.000s,block-001,732.000,47.7704,47.77,47.77,0.0000,0.6905,1.931359
245,longdress,static_B_2020.02.14_13.21.26.csv,train/static_B_2020.02.14_13.21.26.csv#block-000@time-540.000s,block-000,540.000,52.1281,52.13,52.13,0.0000,0.6892,2.155033
246,loot,static_B_2020.02.14_13.21.26.csv,train/static_B_2020.02.14_13.21.26.csv#block-000@time-480.000s,block-000,480.000,54.9308,54.93,54.93,2.4021,0.6879,2.194269
247,redandblack,driving_B_2020.02.13_13.03.24.csv,train/driving_B_2020.02.13_13.03.24.csv#block-001@time-1274.000s,block-001,1274.000,-59.6968,-59.70,-59.70,0.0000,0.6867,1.725415
248,soldier,driving_B_2020.01.16_09.56.56.csv,train/driving_B_2020.01.16_09.56.56.csv#block-001@time-759.000s,block-001,759.000,18.0927,18.09,18.09,0.0000,0.6854,1.945891
249,longdress,static_B_2020.02.14_13.21.26.csv,train/static_B_2020.02.14_13.21.26.csv#block-000@time-240.000s,block-000,240.000,50.3009,50.30,50.30,1.6608,0.6841,1.976216
250,loot,static_B_2020.02.27_18.39.27.csv,train/static_B_2020.02.27_18.39.27.csv#block-001@time-4332.000s,block-001,4332.000,44.0361,44.04,44.04,0.0000,0.6829,2.025205
251,redandblack,driving_B_2020.01.16_12.10.03.csv,train/driving_B_2020.01.16_12.10.03.csv#block-000@time-120.000s,block-000,120.000,66.9997,67.00,67.00,1.0316,0.6816,1.767047
252,soldier,static_B_2020.02.27_18.39.27.csv,train/static_B_2020.02.27_18.39.27.csv#block-001@time-1152.000s,block-001,1152.000,57.6790,57.68,57.68,0.0000,0.6803,1.844982
253,longdress,driving_B_2020.01.16_12.10.03.csv,train/driving_B_2020.01.16_12.10.03.csv#block-000@time-360.000s,block-000,360.000,59.9044,59.90,59.90,0.0000,0.6791,2.127917
254,loot,driving_B_2020.01.16_07.26.43.csv,train/driving_B_2020.01.16_07.26.43.csv#block-000@time-840.000s,block-000,840.000,30.6127,30.61,30.61,0.0000,0.6778,2.179242
255,redandblack,driving_B_2020.02.13_13.03.24.csv,train/driving_B_2020.02.13_13.03.24.csv#block-001@time-1094.000s,block-001,1094.000,-88.3585,-88.36,-88.36,0.0000,0.6765,1.835216
256,soldier,driving_B_2020.02.13_15.02.01.csv,train/driving_B_2020.02.13_15.02.01.csv#block-000@time-1440.000s,block-000,1440.000,-397.3922,-397.39,-397.39,0.0000,0.6753,2.104644
257,longdress,static_B_2020.02.14_13.21.26.csv,train/static_B_2020.02.14_13.21.26.csv#block-000@time-660.000s,block-000,660.000,48.5100,48.51,48.51,0.2552,0.6740,1.997247
258,loot,driving_B_2020.01.16_09.56.56.csv,train/driving_B_2020.01.16_09.56.56.csv#block-001@time-1239.000s,block-001,1239.000,28.6189,28.62,28.62,0.0000,0.6727,2.039073
259,redandblack,driving_B_2020.02.13_13.03.24.csv,train/driving_B_2020.02.13_13.03.24.csv#block-001@time-974.000s,block-001,974.000,1.8681,1.87,1.87,0.0000,0.6714,1.912448
260,soldier,static_B_2020.02.27_18.39.27.csv,train/static_B_2020.02.27_18.39.27.csv#block-001@time-852.000s,block-001,852.000,30.9382,30.94,30.94,0.0000,0.6702,2.196015
261,longdress,driving_B_2020.02.14_12.58.17.csv,train/driving_B_2020.02.14_12.58.17.csv#block-002@time-656.000s,block-002,656.000,17.3421,17.34,17.34,0.0000,0.6689,1.923383
262,loot,driving_B_2019.12.16_12.27.05.csv,train/driving_B_2019.12.16_12.27.05.csv#block-000@time-780.000s,block-000,780.000,36.9606,36.96,36.96,0.0000,0.6676,1.878090
263,redandblack,driving_B_2020.01.16_09.56.56.csv,train/driving_B_2020.01.16_09.56.56.csv#block-001@time-1299.000s,block-001,1299.000,32.6343,32.63,32.63,0.0000,0.6664,1.944342
264,soldier,driving_B_2020.02.14_12.58.17.csv,train/driving_B_2020.02.14_12.58.17.csv#block-002@time-716.000s,block-002,716.000,-9.8852,-9.89,-9.89,0.0000,0.6651,1.772056
265,longdress,driving_B_2019.12.17_07.32.39.csv,train/driving_B_2019.12.17_07.32.39.csv#block-000@time-840.000s,block-000,840.000,-64.2890,-64.29,-64.29,0.0000,0.6638,1.904298
266,loot,driving_B_2020.02.13_15.02.01.csv,train/driving_B_2020.02.13_15.02.01.csv#block-000@time-1620.000s,block-000,1620.000,-54.8783,-54.88,-54.88,0.0000,0.6626,1.926344
267,redandblack,driving_B_2020.02.13_15.02.01.csv,train/driving_B_2020.02.13_15.02.01.csv#block-000@time-1500.000s,block-000,1500.000,-128.8891,-128.89,-128.89,0.0000,0.6613,2.022572
268,soldier,driving_B_2020.02.27_17.30.15.csv,train/driving_B_2020.02.27_17.30.15.csv#block-002@time-473.000s,block-002,473.000,-381.5554,-381.56,-381.56,0.0000,0.6600,2.067972
269,longdress,driving_B_2020.01.16_09.56.56.csv,train/driving_B_2020.01.16_09.56.56.csv#block-000@time-0.000s,block-000,0.000,9.2741,9.27,9.27,0.0000,0.6588,1.733033
270,loot,driving_B_2020.01.16_07.26.43.csv,train/driving_B_2020.01.16_07.26.43.csv#block-000@time-1440.000s,block-000,1440.000,30.9616,30.96,30.96,0.0000,0.6575,1.842576
271,redandblack,driving_B_2020.02.27_17.30.15.csv,train/driving_B_2020.02.27_17.30.15.csv#block-002@time-413.000s,block-002,413.000,-318.0714,-318.07,-318.07,0.0000,0.6562,1.694034
272,soldier,static_B_2020.02.14_13.21.26.csv,train/static_B_2020.02.14_13.21.26.csv#block-000@time-120.000s,block-000,120.000,45.6426,45.64,45.64,1.5866,0.6550,1.916004
273,longdress,driving_B_2019.12.17_07.32.39.csv,train/driving_B_2019.12.17_07.32.39.csv#block-000@time-600.000s,block-000,600.000,-14.5499,-14.55,-14.55,0.0000,0.6537,2.385940
274,loot,driving_B_2020.02.14_09.38.22.csv,train/driving_B_2020.02.14_09.38.22.csv#block-000@time-540.000s,block-000,540.000,-70.4814,-70.48,-70.48,0.0000,0.6524,2.353610
275,redandblack,driving_B_2019.12.17_07.32.39.csv,train/driving_B_2019.12.17_07.32.39.csv#block-003@time-1594.000s,block-003,1594.000,-4.5859,-4.59,-4.59,0.0000,0.6512,1.987810
276,soldier,driving_B_2020.02.13_13.03.24.csv,train/driving_B_2020.02.13_13.03.24.csv#block-001@time-1994.000s,block-001,1994.000,52.6498,52.65,52.65,0.0000,0.6499,1.850703
277,longdress,driving_B_2020.02.27_17.30.15.csv,train/driving_B_2020.02.27_17.30.15.csv#block-002@time-353.000s,block-002,353.000,-195.8601,-195.86,-195.86,0.0000,0.6486,1.892111
278,loot,driving_B_2020.02.14_09.38.22.csv,train/driving_B_2020.02.14_09.38.22.csv#block-000@time-720.000s,block-000,720.000,46.6240,46.62,46.62,2.8302,0.6473,2.072538
279,redandblack,driving_B_2020.01.16_12.10.03.csv,train/driving_B_2020.01.16_12.10.03.csv#block-000@time-0.000s,block-000,0.000,50.1871,50.19,50.19,2.1256,0.6461,2.144965
280,soldier,static_B_2020.02.27_18.39.27.csv,train/static_B_2020.02.27_18.39.27.csv#block-001@time-5592.000s,block-001,5592.000,19.0597,19.06,19.06,0.0000,0.6448,1.876653
281,longdress,driving_B_2020.01.16_07.26.43.csv,train/driving_B_2020.01.16_07.26.43.csv#block-000@time-420.000s,block-000,420.000,-90.1814,-90.18,-90.18,0.0000,0.6435,1.942927
282,loot,driving_B_2019.12.16_12.27.05.csv,train/driving_B_2019.12.16_12.27.05.csv#block-000@time-1020.000s,block-000,1020.000,70.7420,70.74,70.74,0.0000,0.6423,2.013344
283,redandblack,static_B_2020.02.27_18.39.27.csv,train/static_B_2020.02.27_18.39.27.csv#block-001@time-4692.000s,block-001,4692.000,53.8553,53.86,53.86,0.8301,0.6410,2.118478
284,soldier,static_B_2019.12.16_13.40.04.csv,train/static_B_2019.12.16_13.40.04.csv#block-005@time-1406.000s,block-005,1406.000,50.4901,50.49,50.49,0.0000,0.6397,1.935167
285,longdress,driving_B_2020.02.14_12.58.17.csv,train/driving_B_2020.02.14_12.58.17.csv#block-002@time-536.000s,block-002,536.000,-254.0372,-254.04,-254.04,0.0000,0.6385,1.952631
286,loot,driving_B_2020.01.16_09.56.56.csv,train/driving_B_2020.01.16_09.56.56.csv#block-001@time-519.000s,block-001,519.000,20.5550,20.56,20.56,0.0223,0.6372,1.572671
287,redandblack,driving_B_2020.01.16_07.26.43.csv,train/driving_B_2020.01.16_07.26.43.csv#block-000@time-1560.000s,block-000,1560.000,-37.1505,-37.15,-37.15,0.0000,0.6359,1.869193
288,soldier,static_B_2019.12.16_13.40.04.csv,train/static_B_2019.12.16_13.40.04.csv#block-000@time-0.000s,block-000,0.000,48.7363,48.74,48.74,0.0000,0.6347,2.087066
289,longdress,driving_B_2020.02.13_15.02.01.csv,train/driving_B_2020.02.13_15.02.01.csv#block-000@time-1140.000s,block-000,1140.000,51.2836,51.28,51.28,0.0000,0.6334,1.911001
290,loot,static_B_2019.12.16_13.40.04.csv,train/static_B_2019.12.16_13.40.04.csv#block-005@time-1586.000s,block-005,1586.000,26.9839,26.98,26.98,0.0000,0.6321,2.064598
291,redandblack,driving_B_2020.01.16_09.56.56.csv,train/driving_B_2020.01.16_09.56.56.csv#block-000@time-300.000s,block-000,300.000,57.0902,57.09,57.09,0.6682,0.6309,1.865376
292,soldier,driving_B_2019.12.16_12.27.05.csv,train/driving_B_2019.12.16_12.27.05.csv#block-000@time-420.000s,block-000,420.000,-148.3966,-148.40,-148.40,0.0000,0.6296,2.182621
293,longdress,driving_B_2020.01.16_12.10.03.csv,train/driving_B_2020.01.16_12.10.03.csv#block-000@time-300.000s,block-000,300.000,15.4129,15.41,15.41,0.0000,0.6283,1.903940
294,loot,driving_B_2020.02.13_13.03.24.csv,train/driving_B_2020.02.13_13.03.24.csv#block-001@time-1874.000s,block-001,1874.000,-215.3012,-215.30,-215.30,0.0000,0.6270,2.012113
295,redandblack,driving_B_2019.12.16_12.27.05.csv,train/driving_B_2019.12.16_12.27.05.csv#block-000@time-1080.000s,block-000,1080.000,51.7069,51.71,51.71,0.0139,0.6258,1.691217
296,soldier,driving_B_2020.01.16_09.56.56.csv,train/driving_B_2020.01.16_09.56.56.csv#block-001@time-819.000s,block-001,819.000,36.9285,36.93,36.93,0.0000,0.6245,1.994958
297,longdress,driving_B_2020.01.16_09.56.56.csv,train/driving_B_2020.01.16_09.56.56.csv#block-001@time-579.000s,block-001,579.000,29.5613,29.56,29.56,0.0000,0.6232,1.948075
298,loot,driving_B_2020.02.27_17.30.15.csv,train/driving_B_2020.02.27_17.30.15.csv#block-002@time-473.000s,block-002,473.000,-230.4813,-230.48,-230.48,0.0000,0.6220,1.854970
299,redandblack,static_B_2020.02.27_18.39.27.csv,train/static_B_2020.02.27_18.39.27.csv#block-001@time-2352.000s,block-001,2352.000,59.6225,59.62,59.62,0.0000,0.6207,2.133082
300,soldier,driving_B_2020.02.14_12.58.17.csv,train/driving_B_2020.02.14_12.58.17.csv#block-002@time-536.000s,block-002,536.000,-206.1045,-206.10,-206.10,0.0000,0.6194,1.988579
301,longdress,static_B_2019.12.16_13.40.04.csv,train/static_B_2019.12.16_13.40.04.csv#block-001@time-955.000s,block-001,955.000,57.6929,57.69,57.69,0.0000,0.6182,2.069496
302,loot,driving_B_2020.01.16_09.56.56.csv,train/driving_B_2020.01.16_09.56.56.csv#block-001@time-1539.000s,block-001,1539.000,57.4666,57.47,57.47,0.0000,0.6169,1.942296
303,redandblack,driving_B_2019.12.16_12.27.05.csv,train/driving_B_2019.12.16_12.27.05.csv#block-000@time-840.000s,block-000,840.000,26.0000,26.00,26.00,0.0000,0.6156,2.528388
304,soldier,static_B_2020.02.27_18.39.27.csv,train/static_B_2020.02.27_18.39.27.csv#block-001@time-3012.000s,block-001,3012.000,42.7856,42.79,42.79,0.0000,0.6144,1.945554
305,longdress,static_B_2020.02.14_13.21.26.csv,train/static_B_2020.02.14_13.21.26.csv#block-000@time-600.000s,block-000,600.000,58.1760,58.18,58.18,0.6046,0.6131,2.344926
306,loot,driving_B_2019.12.16_12.27.05.csv,train/driving_B_2019.12.16_12.27.05.csv#block-000@time-660.000s,block-000,660.000,-205.0006,-205.00,-205.00,0.0000,0.6118,2.159803
307,redandblack,driving_B_2019.12.17_07.32.39.csv,train/driving_B_2019.12.17_07.32.39.csv#block-000@time-300.000s,block-000,300.000,13.7557,13.76,13.76,0.0000,0.6106,2.080362
308,soldier,driving_B_2019.12.16_12.27.05.csv,train/driving_B_2019.12.16_12.27.05.csv#block-000@time-600.000s,block-000,600.000,-249.0424,-249.04,-249.04,0.0000,0.6093,2.072154
309,longdress,driving_B_2020.02.13_15.02.01.csv,train/driving_B_2020.02.13_15.02.01.csv#block-000@time-1200.000s,block-000,1200.000,0.1656,0.17,0.17,0.0000,0.6080,2.243621
310,loot,driving_B_2019.12.16_12.27.05.csv,train/driving_B_2019.12.16_12.27.05.csv#block-000@time-120.000s,block-000,120.000,-31.6199,-31.62,-31.62,0.0000,0.6067,2.191715
311,redandblack,driving_B_2020.02.14_09.38.22.csv,train/driving_B_2020.02.14_09.38.22.csv#block-000@time-900.000s,block-000,900.000,-136.7156,-136.72,-136.72,0.0000,0.6055,2.196478
312,soldier,static_B_2020.02.27_18.39.27.csv,train/static_B_2020.02.27_18.39.27.csv#block-001@time-4752.000s,block-001,4752.000,56.1054,56.11,56.11,0.0000,0.6042,2.215740
313,longdress,driving_B_2020.02.13_15.02.01.csv,train/driving_B_2020.02.13_15.02.01.csv#block-000@time-2340.000s,block-000,2340.000,21.5814,21.58,21.58,0.0000,0.6029,2.077402
314,loot,driving_B_2019.12.17_07.32.39.csv,train/driving_B_2019.12.17_07.32.39.csv#block-004@time-2477.000s,block-004,2477.000,51.6769,51.68,51.68,0.0000,0.6017,2.380228
315,redandblack,driving_B_2020.01.16_07.26.43.csv,train/driving_B_2020.01.16_07.26.43.csv#block-000@time-120.000s,block-000,120.000,22.8807,22.88,22.88,0.0000,0.6004,2.101480
316,soldier,driving_B_2020.02.27_17.30.15.csv,train/driving_B_2020.02.27_17.30.15.csv#block-002@time-473.000s,block-002,473.000,-183.1862,-183.19,-183.19,0.0000,0.5991,2.004330
317,longdress,driving_B_2020.01.16_12.10.03.csv,train/driving_B_2020.01.16_12.10.03.csv#block-000@time-120.000s,block-000,120.000,61.8574,61.86,61.86,0.2199,0.5979,2.040036
318,loot,driving_B_2020.01.16_12.10.03.csv,train/driving_B_2020.01.16_12.10.03.csv#block-000@time-360.000s,block-000,360.000,61.5982,61.60,61.60,0.0000,0.5966,2.087090
319,redandblack,static_B_2020.02.14_13.21.26.csv,train/static_B_2020.02.14_13.21.26.csv#block-000@time-60.000s,block-000,60.000,52.2022,52.20,52.20,1.8527,0.5953,2.041222
320,soldier,static_B_2020.02.14_13.21.26.csv,train/static_B_2020.02.14_13.21.26.csv#block-000@time-600.000s,block-000,600.000,50.8009,50.80,50.80,1.7294,0.5941,1.980995
321,longdress,driving_B_2020.02.14_12.58.17.csv,train/driving_B_2020.02.14_12.58.17.csv#block-002@time-596.000s,block-002,596.000,-49.9517,-49.95,-49.95,0.0000,0.5928,2.193767
322,loot,static_B_2020.02.14_13.21.26.csv,train/static_B_2020.02.14_13.21.26.csv#block-000@time-120.000s,block-000,120.000,64.5928,64.59,64.59,1.9224,0.5915,2.200850
323,redandblack,driving_B_2020.02.14_09.38.22.csv,train/driving_B_2020.02.14_09.38.22.csv#block-000@time-0.000s,block-000,0.000,-10.3933,-10.39,-10.39,0.0000,0.5903,2.187290
324,soldier,driving_B_2020.02.14_09.38.22.csv,train/driving_B_2020.02.14_09.38.22.csv#block-000@time-960.000s,block-000,960.000,46.9044,46.90,46.90,0.0000,0.5890,2.418424
325,longdress,driving_B_2020.02.14_09.38.22.csv,train/driving_B_2020.02.14_09.38.22.csv#block-000@time-60.000s,block-000,60.000,-100.2621,-100.26,-100.26,0.0000,0.5877,2.003061
326,loot,driving_B_2020.02.14_09.38.22.csv,train/driving_B_2020.02.14_09.38.22.csv#block-000@time-1260.000s,block-000,1260.000,-32.1941,-32.19,-32.19,0.0000,0.5864,2.210588
327,redandblack,static_B_2020.02.14_13.21.26.csv,train/static_B_2020.02.14_13.21.26.csv#block-000@time-1080.000s,block-000,1080.000,69.5221,69.52,69.52,0.0000,0.5852,2.184855
328,soldier,driving_B_2020.02.14_12.58.17.csv,train/driving_B_2020.02.14_12.58.17.csv#block-002@time-716.000s,block-002,716.000,3.5775,3.58,3.58,0.0000,0.5839,2.113422
329,longdress,driving_B_2020.02.14_09.38.22.csv,train/driving_B_2020.02.14_09.38.22.csv#block-000@time-660.000s,block-000,660.000,16.4499,16.45,16.45,0.0000,0.5826,2.075556
330,loot,driving_B_2020.01.16_12.10.03.csv,train/driving_B_2020.01.16_12.10.03.csv#block-000@time-0.000s,block-000,0.000,60.7084,60.71,60.71,2.1399,0.5814,2.065445
331,redandblack,driving_B_2020.01.16_07.26.43.csv,train/driving_B_2020.01.16_07.26.43.csv#block-000@time-360.000s,block-000,360.000,-117.4047,-117.40,-117.40,0.0000,0.5801,1.996289
332,soldier,driving_B_2020.02.14_09.38.22.csv,train/driving_B_2020.02.14_09.38.22.csv#block-000@time-240.000s,block-000,240.000,-160.7786,-160.78,-160.78,0.0000,0.5788,2.033296
333,longdress,driving_B_2020.02.13_15.02.01.csv,train/driving_B_2020.02.13_15.02.01.csv#block-000@time-60.000s,block-000,60.000,60.8472,60.85,60.85,0.0000,0.5776,1.966570
334,loot,driving_B_2020.02.14_12.58.17.csv,train/driving_B_2020.02.14_12.58.17.csv#block-002@time-536.000s,block-002,536.000,-172.0600,-172.06,-172.06,0.0000,0.5763,1.939720
335,redandblack,static_B_2020.02.27_18.39.27.csv,train/static_B_2020.02.27_18.39.27.csv#block-001@time-1812.000s,block-001,1812.000,44.9719,44.97,44.97,0.0000,0.5750,2.149654
336,soldier,driving_B_2020.02.13_13.03.24.csv,train/driving_B_2020.02.13_13.03.24.csv#block-001@time-1334.000s,block-001,1334.000,-116.1514,-116.15,-116.15,0.0000,0.5738,2.124195
337,longdress,driving_B_2019.12.16_12.27.05.csv,train/driving_B_2019.12.16_12.27.05.csv#block-000@time-180.000s,block-000,180.000,-20.3564,-20.36,-20.36,0.0000,0.5725,2.383759
338,loot,driving_B_2020.02.14_12.58.17.csv,train/driving_B_2020.02.14_12.58.17.csv#block-002@time-656.000s,block-002,656.000,38.6109,38.61,38.61,0.0000,0.5712,2.102597
339,redandblack,driving_B_2020.01.16_09.56.56.csv,train/driving_B_2020.01.16_09.56.56.csv#block-001@time-639.000s,block-001,639.000,50.4308,50.43,50.43,0.0000,0.5700,2.307139
340,soldier,driving_B_2020.01.16_07.26.43.csv,train/driving_B_2020.01.16_07.26.43.csv#block-000@time-900.000s,block-000,900.000,16.9086,16.91,16.91,0.0000,0.5687,2.134114
341,longdress,static_B_2020.02.27_18.39.27.csv,train/static_B_2020.02.27_18.39.27.csv#block-001@time-5292.000s,block-001,5292.000,-76.0292,-76.03,-76.03,0.0000,0.5674,2.259920
342,loot,driving_B_2020.01.16_09.56.56.csv,train/driving_B_2020.01.16_09.56.56.csv#block-000@time-240.000s,block-000,240.000,20.4975,20.50,20.50,0.0000,0.5661,2.067968
343,redandblack,static_B_2020.02.27_18.39.27.csv,train/static_B_2020.02.27_18.39.27.csv#block-001@time-1572.000s,block-001,1572.000,62.6121,62.61,62.61,1.5724,0.5649,1.920596
344,soldier,static_B_2019.12.16_13.40.04.csv,train/static_B_2019.12.16_13.40.04.csv#block-001@time-715.000s,block-001,715.000,18.2232,18.22,18.22,0.0000,0.5636,1.931640
345,longdress,static_B_2020.02.27_18.39.27.csv,train/static_B_2020.02.27_18.39.27.csv#block-001@time-4212.000s,block-001,4212.000,46.1161,46.12,46.12,1.5908,0.5623,2.344046
346,loot,static_B_2019.12.16_13.40.04.csv,train/static_B_2019.12.16_13.40.04.csv#block-000@time-240.000s,block-000,240.000,50.0089,50.01,50.01,0.0000,0.5611,2.050739
347,redandblack,driving_B_2020.02.14_09.38.22.csv,train/driving_B_2020.02.14_09.38.22.csv#block-000@time-360.000s,block-000,360.000,-59.8705,-59.87,-59.87,0.0000,0.5598,1.908135
348,soldier,driving_B_2020.02.14_12.58.17.csv,train/driving_B_2020.02.14_12.58.17.csv#block-000@time-0.000s,block-000,0.000,-21.3039,-21.30,-21.30,0.0000,0.5585,2.090941
349,longdress,static_B_2020.02.14_13.21.26.csv,train/static_B_2020.02.14_13.21.26.csv#block-000@time-660.000s,block-000,660.000,68.8144,68.81,68.81,0.3674,0.5573,2.208187
350,loot,driving_B_2020.02.14_12.58.17.csv,train/driving_B_2020.02.14_12.58.17.csv#block-002@time-596.000s,block-002,596.000,-12.8460,-12.85,-12.85,0.0000,0.5560,2.133899
351,redandblack,driving_B_2020.01.16_07.26.43.csv,train/driving_B_2020.01.16_07.26.43.csv#block-000@time-0.000s,block-000,0.000,-4.5122,-4.51,-4.51,0.0000,0.5547,2.080165
352,soldier,driving_B_2019.12.17_07.32.39.csv,train/driving_B_2019.12.17_07.32.39.csv#block-004@time-2537.000s,block-004,2537.000,54.6399,54.64,54.64,0.9181,0.5535,1.890341
353,longdress,driving_B_2020.02.14_12.58.17.csv,train/driving_B_2020.02.14_12.58.17.csv#block-002@time-596.000s,block-002,596.000,-23.6889,-23.69,-23.69,0.0000,0.5522,2.094693
354,loot,driving_B_2020.02.13_13.03.24.csv,train/driving_B_2020.02.13_13.03.24.csv#block-000@time-660.000s,block-000,660.000,-3.3430,-3.34,-3.34,0.0000,0.5509,2.250872
355,redandblack,static_B_2020.02.27_18.39.27.csv,train/static_B_2020.02.27_18.39.27.csv#block-001@time-612.000s,block-001,612.000,-233.1331,-233.13,-233.13,0.0000,0.5497,2.113368
356,soldier,static_B_2019.12.16_13.40.04.csv,train/static_B_2019.12.16_13.40.04.csv#block-000@time-300.000s,block-000,300.000,14.6554,14.66,14.66,0.0000,0.5484,1.889112
357,longdress,driving_B_2020.01.16_09.56.56.csv,train/driving_B_2020.01.16_09.56.56.csv#block-001@time-1719.000s,block-001,1719.000,42.8255,42.83,42.83,0.0000,0.5471,1.983966
358,loot,static_B_2020.02.14_13.21.26.csv,train/static_B_2020.02.14_13.21.26.csv#block-000@time-1020.000s,block-000,1020.000,56.5796,56.58,56.58,1.5936,0.5458,2.354125
359,redandblack,driving_B_2020.01.16_07.26.43.csv,train/driving_B_2020.01.16_07.26.43.csv#block-000@time-1800.000s,block-000,1800.000,9.0299,9.03,9.03,0.0000,0.5446,1.940398
360,soldier,driving_B_2019.12.17_07.32.39.csv,train/driving_B_2019.12.17_07.32.39.csv#block-003@time-1774.000s,block-003,1774.000,29.7682,29.77,29.77,0.0000,0.5433,1.827892
361,longdress,static_B_2019.12.16_13.40.04.csv,train/static_B_2019.12.16_13.40.04.csv#block-005@time-1826.000s,block-005,1826.000,47.2423,47.24,47.24,0.0000,0.5420,1.922318
362,loot,driving_B_2020.02.13_15.02.01.csv,train/driving_B_2020.02.13_15.02.01.csv#block-000@time-2460.000s,block-000,2460.000,59.5433,59.54,59.54,0.0000,0.5408,1.979385
363,redandblack,static_B_2020.02.27_18.39.27.csv,train/static_B_2020.02.27_18.39.27.csv#block-001@time-5112.000s,block-001,5112.000,47.9889,47.99,47.99,0.0000,0.5395,2.434564
364,soldier,static_B_2019.12.16_13.40.04.csv,train/static_B_2019.12.16_13.40.04.csv#block-005@time-1946.000s,block-005,1946.000,56.3050,56.31,56.31,0.0000,0.5382,1.970022
365,longdress,driving_B_2020.01.16_07.26.43.csv,train/driving_B_2020.01.16_07.26.43.csv#block-000@time-60.000s,block-000,60.000,2.2817,2.28,2.28,0.0000,0.5370,2.066014
366,loot,static_B_2020.02.14_13.21.26.csv,train/static_B_2020.02.14_13.21.26.csv#block-000@time-0.000s,block-000,0.000,33.9644,33.96,33.96,0.0000,0.5357,1.974549
367,redandblack,static_B_2020.02.27_18.39.27.csv,train/static_B_2020.02.27_18.39.27.csv#block-001@time-6492.000s,block-001,6492.000,54.2055,54.21,54.21,0.0000,0.5344,2.161154
368,soldier,driving_B_2020.01.16_07.26.43.csv,train/driving_B_2020.01.16_07.26.43.csv#block-000@time-960.000s,block-000,960.000,-128.8870,-128.89,-128.89,0.0000,0.5332,2.163595
369,longdress,driving_B_2019.12.16_12.27.05.csv,train/driving_B_2019.12.16_12.27.05.csv#block-000@time-480.000s,block-000,480.000,-49.2454,-49.25,-49.25,0.0000,0.5319,2.030270
370,loot,driving_B_2020.02.27_17.30.15.csv,train/driving_B_2020.02.27_17.30.15.csv#block-002@time-353.000s,block-002,353.000,-117.1855,-117.19,-117.19,0.0000,0.5306,1.838162
371,redandblack,driving_B_2020.02.14_09.38.22.csv,train/driving_B_2020.02.14_09.38.22.csv#block-000@time-1140.000s,block-000,1140.000,-28.9904,-28.99,-28.99,0.0000,0.5294,2.028137
372,soldier,driving_B_2020.02.27_17.30.15.csv,train/driving_B_2020.02.27_17.30.15.csv#block-002@time-293.000s,block-002,293.000,-300.4528,-300.45,-300.45,0.0000,0.5281,2.110467
373,longdress,driving_B_2020.01.16_09.56.56.csv,train/driving_B_2020.01.16_09.56.56.csv#block-001@time-1419.000s,block-001,1419.000,42.4788,42.48,42.48,0.0000,0.5268,2.071097
374,loot,static_B_2020.02.14_13.21.26.csv,train/static_B_2020.02.14_13.21.26.csv#block-000@time-180.000s,block-000,180.000,62.4909,62.49,62.49,0.4320,0.5255,2.434579
375,redandblack,driving_B_2019.12.17_07.32.39.csv,train/driving_B_2019.12.17_07.32.39.csv#block-000@time-1440.000s,block-000,1440.000,61.2764,61.28,61.28,1.6695,0.5243,2.058118
376,soldier,static_B_2019.12.16_13.40.04.csv,train/static_B_2019.12.16_13.40.04.csv#block-001@time-655.000s,block-001,655.000,36.4131,36.41,36.41,0.0000,0.5230,2.177794
377,longdress,driving_B_2020.02.27_17.30.15.csv,train/driving_B_2020.02.27_17.30.15.csv#block-002@time-413.000s,block-002,413.000,-581.7322,-581.73,-581.73,0.0000,0.5217,2.103093
378,loot,driving_B_2019.12.16_12.27.05.csv,train/driving_B_2019.12.16_12.27.05.csv#block-000@time-480.000s,block-000,480.000,-35.5818,-35.58,-35.58,0.0000,0.5205,2.186238
379,redandblack,static_B_2020.02.27_18.39.27.csv,train/static_B_2020.02.27_18.39.27.csv#block-001@time-2832.000s,block-001,2832.000,51.3986,51.40,51.40,1.8205,0.5192,2.213417
380,soldier,driving_B_2020.01.16_09.56.56.csv,train/driving_B_2020.01.16_09.56.56.csv#block-001@time-879.000s,block-001,879.000,58.6057,58.61,58.61,0.0000,0.5179,1.821865
381,longdress,driving_B_2020.02.27_17.30.15.csv,train/driving_B_2020.02.27_17.30.15.csv#block-002@time-353.000s,block-002,353.000,-118.4641,-118.46,-118.46,0.0000,0.5167,2.132174
382,loot,driving_B_2019.12.16_12.27.05.csv,train/driving_B_2019.12.16_12.27.05.csv#block-000@time-1140.000s,block-000,1140.000,43.7346,43.73,43.73,0.0000,0.5154,2.068312
383,redandblack,driving_B_2020.02.14_09.38.22.csv,train/driving_B_2020.02.14_09.38.22.csv#block-000@time-1080.000s,block-000,1080.000,57.3478,57.35,57.35,1.4668,0.5141,1.882120
384,soldier,static_B_2020.02.14_13.21.26.csv,train/static_B_2020.02.14_13.21.26.csv#block-000@time-780.000s,block-000,780.000,54.3391,54.34,54.34,0.4735,0.5129,2.061370
385,longdress,driving_B_2019.12.16_12.27.05.csv,train/driving_B_2019.12.16_12.27.05.csv#block-000@time-1260.000s,block-000,1260.000,60.8950,60.90,60.90,0.6371,0.5116,1.674109
386,loot,driving_B_2020.01.16_09.56.56.csv,train/driving_B_2020.01.16_09.56.56.csv#block-001@time-1119.000s,block-001,1119.000,70.1609,70.16,70.16,1.6449,0.5103,1.853855
387,redandblack,driving_B_2020.02.13_15.02.01.csv,train/driving_B_2020.02.13_15.02.01.csv#block-000@time-2880.000s,block-000,2880.000,32.7529,32.75,32.75,0.0000,0.5091,2.189586
388,soldier,driving_B_2020.02.27_17.30.15.csv,train/driving_B_2020.02.27_17.30.15.csv#block-002@time-533.000s,block-002,533.000,-145.3665,-145.37,-145.37,0.0000,0.5078,2.039858
389,longdress,driving_B_2020.01.16_12.10.03.csv,train/driving_B_2020.01.16_12.10.03.csv#block-000@time-360.000s,block-000,360.000,63.3006,63.30,63.30,0.0000,0.5065,2.275854
390,loot,driving_B_2020.02.14_12.58.17.csv,train/driving_B_2020.02.14_12.58.17.csv#block-002@time-536.000s,block-002,536.000,-198.6341,-198.63,-198.63,0.0000,0.5053,2.176511
391,redandblack,driving_B_2020.02.27_17.30.15.csv,train/driving_B_2020.02.27_17.30.15.csv#block-002@time-293.000s,block-002,293.000,-144.7214,-144.72,-144.72,0.0000,0.5040,2.505968
392,soldier,driving_B_2020.02.13_13.03.24.csv,train/driving_B_2020.02.13_13.03.24.csv#block-007@time-2290.000s,block-007,2290.000,-227.3957,-227.40,-227.40,0.0000,0.5027,2.131430
393,longdress,static_B_2019.12.16_13.40.04.csv,train/static_B_2019.12.16_13.40.04.csv#block-001@time-1135.000s,block-001,1135.000,40.2338,40.23,40.23,0.0000,0.5014,2.146485
394,loot,driving_B_2020.02.13_13.03.24.csv,train/driving_B_2020.02.13_13.03.24.csv#block-000@time-360.000s,block-000,360.000,-7.2524,-7.25,-7.25,0.0000,0.5002,2.154148
395,redandblack,static_B_2020.02.27_18.39.27.csv,train/static_B_2020.02.27_18.39.27.csv#block-001@time-3132.000s,block-001,3132.000,59.8841,59.88,59.88,1.2791,0.4989,2.085242
396,soldier,static_B_2020.02.27_18.39.27.csv,train/static_B_2020.02.27_18.39.27.csv#block-001@time-312.000s,block-001,312.000,47.8577,47.86,47.86,0.0000,0.4976,2.216874
397,longdress,driving_B_2020.01.16_12.10.03.csv,train/driving_B_2020.01.16_12.10.03.csv#block-000@time-360.000s,block-000,360.000,50.9978,51.00,51.00,0.0000,0.4964,1.997481
398,loot,driving_B_2019.12.17_07.32.39.csv,train/driving_B_2019.12.17_07.32.39.csv#block-003@time-1534.000s,block-003,1534.000,39.3089,39.31,39.31,0.0000,0.4951,1.991695
399,redandblack,driving_B_2019.12.16_12.27.05.csv,train/driving_B_2019.12.16_12.27.05.csv#block-000@time-1200.000s,block-000,1200.000,25.4561,25.46,25.46,0.0000,0.4938,2.327421
400,soldier,static_B_2020.02.14_13.21.26.csv,train/static_B_2020.02.14_13.21.26.csv#block-000@time-420.000s,block-000,420.000,62.5366,62.54,62.54,0.7811,0.4926,2.029511
401,longdress,driving_B_2020.02.13_13.03.24.csv,train/driving_B_2020.02.13_13.03.24.csv#block-000@time-120.000s,block-000,120.000,-35.1712,-35.17,-35.17,0.0000,0.4913,2.259072
402,loot,driving_B_2020.02.14_09.38.22.csv,train/driving_B_2020.02.14_09.38.22.csv#block-000@time-1200.000s,block-000,1200.000,-47.5449,-47.54,-47.54,0.0000,0.4900,1.916751
403,redandblack,driving_B_2019.12.16_12.27.05.csv,train/driving_B_2019.12.16_12.27.05.csv#block-000@time-420.000s,block-000,420.000,-217.3960,-217.40,-217.40,0.0000,0.4888,2.856024
404,soldier,driving_B_2020.02.14_09.38.22.csv,train/driving_B_2020.02.14_09.38.22.csv#block-000@time-420.000s,block-000,420.000,-221.2297,-221.23,-221.23,0.0000,0.4875,2.550174
405,longdress,static_B_2019.12.16_13.40.04.csv,train/static_B_2019.12.16_13.40.04.csv#block-000@time-180.000s,block-000,180.000,56.7929,56.79,56.79,0.0000,0.4862,2.545271
406,loot,driving_B_2019.12.16_12.27.05.csv,train/driving_B_2019.12.16_12.27.05.csv#block-000@time-360.000s,block-000,360.000,1.2053,1.21,1.21,0.0000,0.4850,2.450685
407,redandblack,static_B_2020.02.27_18.39.27.csv,train/static_B_2020.02.27_18.39.27.csv#block-001@time-4632.000s,block-001,4632.000,61.6917,61.69,61.69,0.0000,0.4837,2.455944
408,soldier,driving_B_2020.01.16_09.56.56.csv,train/driving_B_2020.01.16_09.56.56.csv#block-001@time-999.000s,block-001,999.000,-58.8675,-58.87,-58.87,0.0000,0.4824,2.404413
409,longdress,driving_B_2020.02.13_13.03.24.csv,train/driving_B_2020.02.13_13.03.24.csv#block-001@time-1034.000s,block-001,1034.000,-81.7678,-81.77,-81.77,0.0000,0.4811,2.243128
410,loot,driving_B_2020.02.14_12.58.17.csv,train/driving_B_2020.02.14_12.58.17.csv#block-002@time-656.000s,block-002,656.000,29.7797,29.78,29.78,0.0000,0.4799,2.081280
411,redandblack,driving_B_2020.01.16_09.56.56.csv,train/driving_B_2020.01.16_09.56.56.csv#block-001@time-1479.000s,block-001,1479.000,51.2760,51.28,51.28,0.0000,0.4786,2.381925
412,soldier,driving_B_2020.01.16_12.10.03.csv,train/driving_B_2020.01.16_12.10.03.csv#block-000@time-120.000s,block-000,120.000,79.1355,79.14,79.14,0.2661,0.4773,2.102436
413,longdress,driving_B_2020.02.14_12.58.17.csv,train/driving_B_2020.02.14_12.58.17.csv#block-000@time-0.000s,block-000,0.000,-13.6412,-13.64,-13.64,0.0000,0.4761,2.303946
414,loot,static_B_2020.02.27_18.39.27.csv,train/static_B_2020.02.27_18.39.27.csv#block-001@time-1512.000s,block-001,1512.000,64.6487,64.65,64.65,0.1519,0.4748,2.123879
415,redandblack,driving_B_2020.02.14_12.58.17.csv,train/driving_B_2020.02.14_12.58.17.csv#block-002@time-656.000s,block-002,656.000,22.0806,22.08,22.08,0.0000,0.4735,2.285124
416,soldier,driving_B_2020.02.14_12.58.17.csv,train/driving_B_2020.02.14_12.58.17.csv#block-002@time-716.000s,block-002,716.000,-56.6776,-56.68,-56.68,0.0000,0.4723,2.328080
417,loot,driving_B_2020.02.27_17.30.15.csv,train/driving_B_2020.02.27_17.30.15.csv#block-002@time-353.000s,block-002,353.000,-87.9425,-87.94,-87.94,0.0000,0.4710,2.197250
418,redandblack,driving_B_2020.02.27_17.30.15.csv,train/driving_B_2020.02.27_17.30.15.csv#block-002@time-293.000s,block-002,293.000,-125.7501,-125.75,-125.75,0.0000,0.4697,2.259708
419,soldier,driving_B_2019.12.16_12.27.05.csv,train/driving_B_2019.12.16_12.27.05.csv#block-000@time-1200.000s,block-000,1200.000,-8.0299,-8.03,-8.03,0.0000,0.4685,2.149365
420,longdress,driving_B_2020.01.16_07.26.43.csv,train/driving_B_2020.01.16_07.26.43.csv#block-000@time-300.000s,block-000,300.000,2.6130,2.61,2.61,0.0000,0.4672,2.574468
421,loot,driving_B_2020.02.13_13.03.24.csv,train/driving_B_2020.02.13_13.03.24.csv#block-001@time-1814.000s,block-001,1814.000,-17.7422,-17.74,-17.74,0.0000,0.4659,2.201431
422,redandblack,static_B_2020.02.14_13.21.26.csv,train/static_B_2020.02.14_13.21.26.csv#block-000@time-780.000s,block-000,780.000,61.6137,61.61,61.61,0.6686,0.4647,2.195642
423,soldier,driving_B_2020.02.14_09.38.22.csv,train/driving_B_2020.02.14_09.38.22.csv#block-000@time-540.000s,block-000,540.000,-54.3077,-54.31,-54.31,0.0000,0.4634,2.345547
424,longdress,driving_B_2020.02.14_09.38.22.csv,train/driving_B_2020.02.14_09.38.22.csv#block-000@time-1380.000s,block-000,1380.000,26.6709,26.67,26.67,0.0000,0.4621,2.348545
425,loot,static_B_2020.02.14_13.21.26.csv,train/static_B_2020.02.14_13.21.26.csv#block-000@time-900.000s,block-000,900.000,61.6847,61.68,61.68,0.8359,0.4608,1.980038
426,redandblack,driving_B_2019.12.16_12.27.05.csv,train/driving_B_2019.12.16_12.27.05.csv#block-000@time-240.000s,block-000,240.000,8.1929,8.19,8.19,0.0000,0.4596,2.296763
427,soldier,driving_B_2020.01.16_09.56.56.csv,train/driving_B_2020.01.16_09.56.56.csv#block-001@time-1479.000s,block-001,1479.000,28.1289,28.13,28.13,0.0000,0.4583,2.160538
428,longdress,static_B_2020.02.14_13.21.26.csv,train/static_B_2020.02.14_13.21.26.csv#block-000@time-480.000s,block-000,480.000,66.6369,66.64,66.64,0.4719,0.4570,1.932811
429,loot,static_B_2019.12.16_13.40.04.csv,train/static_B_2019.12.16_13.40.04.csv#block-000@time-120.000s,block-000,120.000,72.7664,72.77,72.77,0.9350,0.4558,2.360129
430,redandblack,driving_B_2020.01.16_12.10.03.csv,train/driving_B_2020.01.16_12.10.03.csv#block-000@time-180.000s,block-000,180.000,74.4168,74.42,74.42,0.0000,0.4545,2.233646
431,soldier,driving_B_2020.01.16_07.26.43.csv,train/driving_B_2020.01.16_07.26.43.csv#block-000@time-1560.000s,block-000,1560.000,-83.9330,-83.93,-83.93,0.0000,0.4532,2.254527
432,longdress,driving_B_2019.12.16_12.27.05.csv,train/driving_B_2019.12.16_12.27.05.csv#block-000@time-600.000s,block-000,600.000,-51.7929,-51.79,-51.79,0.0000,0.4520,2.230904
433,loot,driving_B_2020.02.13_13.03.24.csv,train/driving_B_2020.02.13_13.03.24.csv#block-001@time-1574.000s,block-001,1574.000,6.9326,6.93,6.93,0.0000,0.4507,2.258298
434,redandblack,driving_B_2020.02.14_09.38.22.csv,train/driving_B_2020.02.14_09.38.22.csv#block-000@time-300.000s,block-000,300.000,-53.6848,-53.68,-53.68,0.0000,0.4494,2.037964
435,soldier,driving_B_2020.02.13_15.02.01.csv,train/driving_B_2020.02.13_15.02.01.csv#block-000@time-1020.000s,block-000,1020.000,67.9129,67.91,67.91,1.1519,0.4482,2.278454
436,longdress,driving_B_2020.01.16_12.10.03.csv,train/driving_B_2020.01.16_12.10.03.csv#block-000@time-300.000s,block-000,300.000,16.1634,16.16,16.16,0.0000,0.4469,2.179121
437,loot,driving_B_2020.02.14_09.38.22.csv,train/driving_B_2020.02.14_09.38.22.csv#block-000@time-840.000s,block-000,840.000,-1.8373,-1.84,-1.84,0.0000,0.4456,2.142645
438,redandblack,static_B_2020.02.14_13.21.26.csv,train/static_B_2020.02.14_13.21.26.csv#block-000@time-120.000s,block-000,120.000,68.7405,68.74,68.74,1.8473,0.4444,2.379453
439,soldier,static_B_2019.12.16_13.40.04.csv,train/static_B_2019.12.16_13.40.04.csv#block-001@time-1075.000s,block-001,1075.000,33.9044,33.90,33.90,0.0000,0.4431,2.165189
440,longdress,static_B_2019.12.16_13.40.04.csv,train/static_B_2019.12.16_13.40.04.csv#block-001@time-775.000s,block-001,775.000,54.6403,54.64,54.64,1.4637,0.4418,1.990465
441,loot,driving_B_2019.12.17_07.32.39.csv,train/driving_B_2019.12.17_07.32.39.csv#block-003@time-2074.000s,block-003,2074.000,49.2310,49.23,49.23,0.1123,0.4405,2.124343
442,redandblack,driving_B_2020.01.16_12.10.03.csv,train/driving_B_2020.01.16_12.10.03.csv#block-000@time-240.000s,block-000,240.000,74.8487,74.85,74.85,1.1218,0.4393,2.193971
443,soldier,driving_B_2020.02.14_09.38.22.csv,train/driving_B_2020.02.14_09.38.22.csv#block-000@time-240.000s,block-000,240.000,-181.7441,-181.74,-181.74,0.0000,0.4380,2.165077
444,longdress,driving_B_2019.12.17_07.32.39.csv,train/driving_B_2019.12.17_07.32.39.csv#block-003@time-1774.000s,block-003,1774.000,23.5034,23.50,23.50,0.0000,0.4367,2.377643
445,loot,driving_B_2019.12.17_07.32.39.csv,train/driving_B_2019.12.17_07.32.39.csv#block-003@time-1654.000s,block-003,1654.000,18.2064,18.21,18.21,0.0000,0.4355,2.098907
446,redandblack,driving_B_2020.02.27_17.30.15.csv,train/driving_B_2020.02.27_17.30.15.csv#block-002@time-473.000s,block-002,473.000,-301.0302,-301.03,-301.03,0.0000,0.4342,2.137781
447,soldier,driving_B_2019.12.16_12.27.05.csv,train/driving_B_2019.12.16_12.27.05.csv#block-000@time-0.000s,block-000,0.000,1.5522,1.55,1.55,0.0000,0.4329,1.836514
448,longdress,static_B_2020.02.27_18.39.27.csv,train/static_B_2020.02.27_18.39.27.csv#block-001@time-4512.000s,block-001,4512.000,58.8405,58.84,58.84,1.3078,0.4317,2.451759
449,loot,driving_B_2020.02.14_09.38.22.csv,train/driving_B_2020.02.14_09.38.22.csv#block-000@time-1560.000s,block-000,1560.000,27.1482,27.15,27.15,0.0000,0.4304,2.379262
450,redandblack,driving_B_2020.01.16_07.26.43.csv,train/driving_B_2020.01.16_07.26.43.csv#block-000@time-1440.000s,block-000,1440.000,25.5166,25.52,25.52,0.0000,0.4291,2.481868
451,soldier,static_B_2020.02.14_13.21.26.csv,train/static_B_2020.02.14_13.21.26.csv#block-000@time-720.000s,block-000,720.000,56.9051,56.91,56.91,0.9819,0.4279,2.213697
452,longdress,driving_B_2020.02.13_13.03.24.csv,train/driving_B_2020.02.13_13.03.24.csv#block-001@time-1934.000s,block-001,1934.000,1.3623,1.36,1.36,0.0000,0.4266,2.263186
453,loot,driving_B_2019.12.16_12.27.05.csv,train/driving_B_2019.12.16_12.27.05.csv#block-000@time-660.000s,block-000,660.000,-66.0416,-66.04,-66.04,0.0000,0.4253,2.215146
454,redandblack,driving_B_2020.02.13_13.03.24.csv,train/driving_B_2020.02.13_13.03.24.csv#block-000@time-180.000s,block-000,180.000,1.5501,1.55,1.55,0.0000,0.4241,2.058590
455,soldier,driving_B_2020.02.14_12.58.17.csv,train/driving_B_2020.02.14_12.58.17.csv#block-002@time-716.000s,block-002,716.000,-49.2057,-49.21,-49.21,0.0000,0.4228,2.318564
456,longdress,driving_B_2020.01.16_09.56.56.csv,train/driving_B_2020.01.16_09.56.56.csv#block-001@time-699.000s,block-001,699.000,59.1739,59.17,59.17,1.8161,0.4215,2.192996
457,loot,driving_B_2020.02.14_12.58.17.csv,train/driving_B_2020.02.14_12.58.17.csv#block-002@time-596.000s,block-002,596.000,-10.1355,-10.14,-10.14,0.0000,0.4202,2.353952
458,redandblack,driving_B_2020.02.14_09.38.22.csv,train/driving_B_2020.02.14_09.38.22.csv#block-000@time-360.000s,block-000,360.000,-57.9442,-57.94,-57.94,0.0000,0.4190,2.356388
459,soldier,driving_B_2019.12.16_12.27.05.csv,train/driving_B_2019.12.16_12.27.05.csv#block-000@time-480.000s,block-000,480.000,-27.4111,-27.41,-27.41,0.0000,0.4177,2.373854
460,longdress,driving_B_2020.01.16_09.56.56.csv,train/driving_B_2020.01.16_09.56.56.csv#block-001@time-999.000s,block-001,999.000,-25.4593,-25.46,-25.46,0.0000,0.4164,2.148930
461,loot,driving_B_2020.02.27_17.30.15.csv,train/driving_B_2020.02.27_17.30.15.csv#block-002@time-353.000s,block-002,353.000,-23.1350,-23.14,-23.14,0.0000,0.4152,2.103251
462,redandblack,static_B_2020.02.27_18.39.27.csv,train/static_B_2020.02.27_18.39.27.csv#block-001@time-2592.000s,block-001,2592.000,52.1206,52.12,52.12,0.0000,0.4139,2.431670
463,soldier,static_B_2020.02.14_13.21.26.csv,train/static_B_2020.02.14_13.21.26.csv#block-000@time-960.000s,block-000,960.000,16.4711,16.47,16.47,0.0000,0.4126,2.063552
464,longdress,driving_B_2020.02.14_12.58.17.csv,train/driving_B_2020.02.14_12.58.17.csv#block-002@time-716.000s,block-002,716.000,-60.3059,-60.31,-60.31,0.0000,0.4114,2.031172
465,loot,driving_B_2020.02.13_15.02.01.csv,train/driving_B_2020.02.13_15.02.01.csv#block-000@time-2940.000s,block-000,2940.000,4.0032,4.00,4.00,0.0000,0.4101,2.204815
466,redandblack,driving_B_2020.02.14_09.38.22.csv,train/driving_B_2020.02.14_09.38.22.csv#block-000@time-1320.000s,block-000,1320.000,-14.0345,-14.03,-14.03,0.0000,0.4088,1.908981
467,soldier,driving_B_2020.02.13_13.03.24.csv,train/driving_B_2020.02.13_13.03.24.csv#block-000@time-300.000s,block-000,300.000,14.3371,14.34,14.34,0.0000,0.4076,2.110000
468,longdress,static_B_2020.02.14_13.21.26.csv,train/static_B_2020.02.14_13.21.26.csv#block-000@time-360.000s,block-000,360.000,60.5543,60.55,60.55,0.0000,0.4063,1.945128
469,loot,driving_B_2020.02.13_15.02.01.csv,train/driving_B_2020.02.13_15.02.01.csv#block-000@time-2100.000s,block-000,2100.000,3.9422,3.94,3.94,0.0000,0.4050,2.570959
470,redandblack,driving_B_2020.02.14_12.58.17.csv,train/driving_B_2020.02.14_12.58.17.csv#block-002@time-596.000s,block-002,596.000,-36.2294,-36.23,-36.23,0.0000,0.4038,1.987015
471,soldier,driving_B_2020.02.14_09.38.22.csv,train/driving_B_2020.02.14_09.38.22.csv#block-000@time-780.000s,block-000,780.000,61.8098,61.81,61.81,0.0000,0.4025,2.265490
472,longdress,static_B_2019.12.16_13.40.04.csv,train/static_B_2019.12.16_13.40.04.csv#block-005@time-1526.000s,block-005,1526.000,47.4020,47.40,47.40,0.0000,0.4012,1.948135
473,loot,driving_B_2020.01.16_07.26.43.csv,train/driving_B_2020.01.16_07.26.43.csv#block-000@time-1380.000s,block-000,1380.000,4.8999,4.90,4.90,0.0000,0.3999,2.083793
474,redandblack,static_B_2020.02.27_18.39.27.csv,train/static_B_2020.02.27_18.39.27.csv#block-001@time-2712.000s,block-001,2712.000,-27.7276,-27.73,-27.73,0.6469,0.3987,2.132439
475,soldier,driving_B_2020.01.16_07.26.43.csv,train/driving_B_2020.01.16_07.26.43.csv#block-000@time-900.000s,block-000,900.000,11.8885,11.89,11.89,0.0000,0.3974,2.069166
476,longdress,static_B_2020.02.14_13.21.26.csv,train/static_B_2020.02.14_13.21.26.csv#block-000@time-960.000s,block-000,960.000,32.9939,32.99,32.99,0.0000,0.3961,1.959634
477,loot,driving_B_2020.02.14_09.38.22.csv,train/driving_B_2020.02.14_09.38.22.csv#block-000@time-300.000s,block-000,300.000,-111.5512,-111.55,-111.55,0.0000,0.3949,1.978090
478,redandblack,driving_B_2019.12.16_12.27.05.csv,train/driving_B_2019.12.16_12.27.05.csv#block-000@time-120.000s,block-000,120.000,-13.1437,-13.14,-13.14,0.0000,0.3936,1.905531
479,soldier,driving_B_2020.02.14_09.38.22.csv,train/driving_B_2020.02.14_09.38.22.csv#block-000@time-120.000s,block-000,120.000,-136.3317,-136.33,-136.33,0.0000,0.3923,2.248828
480,longdress,driving_B_2020.02.14_12.58.17.csv,train/driving_B_2020.02.14_12.58.17.csv#block-000@time-0.000s,block-000,0.000,-12.9006,-12.90,-12.90,0.0000,0.3911,2.181558
481,loot,static_B_2019.12.16_13.40.04.csv,train/static_B_2019.12.16_13.40.04.csv#block-000@time-180.000s,block-000,180.000,67.1354,67.14,67.14,0.0000,0.3898,1.898889
482,redandblack,driving_B_2020.01.16_12.10.03.csv,train/driving_B_2020.01.16_12.10.03.csv#block-000@time-180.000s,block-000,180.000,76.4550,76.46,76.46,0.0000,0.3885,2.155428
483,soldier,static_B_2020.02.27_18.39.27.csv,train/static_B_2020.02.27_18.39.27.csv#block-001@time-3612.000s,block-001,3612.000,-296.9561,-296.96,-296.96,0.0000,0.3873,2.144793
484,longdress,static_B_2020.02.27_18.39.27.csv,train/static_B_2020.02.27_18.39.27.csv#block-001@time-5172.000s,block-001,5172.000,29.0729,29.07,29.07,0.0000,0.3860,2.288011
485,loot,driving_B_2019.12.17_07.32.39.csv,train/driving_B_2019.12.17_07.32.39.csv#block-000@time-780.000s,block-000,780.000,29.5873,29.59,29.59,0.0000,0.3847,2.264877
486,redandblack,driving_B_2019.12.16_12.27.05.csv,train/driving_B_2019.12.16_12.27.05.csv#block-000@time-120.000s,block-000,120.000,35.0381,35.04,35.04,0.0000,0.3835,2.110484
487,soldier,static_B_2020.02.14_13.21.26.csv,train/static_B_2020.02.14_13.21.26.csv#block-000@time-420.000s,block-000,420.000,62.6552,62.66,62.66,0.0000,0.3822,2.291307
488,longdress,driving_B_2020.01.16_09.56.56.csv,train/driving_B_2020.01.16_09.56.56.csv#block-001@time-819.000s,block-001,819.000,31.7757,31.78,31.78,0.0000,0.3809,2.261189
489,loot,static_B_2019.12.16_13.40.04.csv,train/static_B_2019.12.16_13.40.04.csv#block-005@time-1826.000s,block-005,1826.000,64.8053,64.81,64.81,0.0000,0.3796,2.199834
490,redandblack,driving_B_2020.01.16_12.10.03.csv,train/driving_B_2020.01.16_12.10.03.csv#block-000@time-60.000s,block-000,60.000,57.4033,57.40,57.40,0.0000,0.3784,2.076701
491,soldier,driving_B_2020.02.27_17.30.15.csv,train/driving_B_2020.02.27_17.30.15.csv#block-002@time-353.000s,block-002,353.000,-118.3441,-118.34,-118.34,0.0000,0.3771,2.050037
492,longdress,driving_B_2020.02.13_15.02.01.csv,train/driving_B_2020.02.13_15.02.01.csv#block-000@time-1860.000s,block-000,1860.000,-71.7123,-71.71,-71.71,0.0000,0.3758,2.300453
493,loot,driving_B_2019.12.16_12.27.05.csv,train/driving_B_2019.12.16_12.27.05.csv#block-000@time-240.000s,block-000,240.000,30.6502,30.65,30.65,0.0000,0.3746,2.158298
494,redandblack,static_B_2020.02.27_18.39.27.csv,train/static_B_2020.02.27_18.39.27.csv#block-001@time-1632.000s,block-001,1632.000,61.9079,61.91,61.91,0.0000,0.3733,2.037362
495,soldier,static_B_2019.12.16_13.40.04.csv,train/static_B_2019.12.16_13.40.04.csv#block-001@time-715.000s,block-001,715.000,22.4422,22.44,22.44,0.0000,0.3720,2.095914
496,longdress,driving_B_2020.02.27_17.30.15.csv,train/driving_B_2020.02.27_17.30.15.csv#block-002@time-293.000s,block-002,293.000,-232.8021,-232.80,-232.80,0.0000,0.3708,2.193474
497,loot,static_B_2020.02.14_13.21.26.csv,train/static_B_2020.02.14_13.21.26.csv#block-000@time-120.000s,block-000,120.000,68.3287,68.33,68.33,1.7393,0.3695,1.879089
498,redandblack,driving_B_2019.12.17_07.32.39.csv,train/driving_B_2019.12.17_07.32.39.csv#block-004@time-2357.000s,block-004,2357.000,-0.6281,-0.63,-0.63,0.0000,0.3682,1.954408
499,soldier,static_B_2019.12.16_13.40.04.csv,train/static_B_2019.12.16_13.40.04.csv#block-006@time-2232.000s,block-006,2232.000,77.0187,77.02,77.02,0.0000,0.3670,2.347356
500,longdress,static_B_2020.02.14_13.21.26.csv,train/static_B_2020.02.14_13.21.26.csv#block-000@time-60.000s,block-000,60.000,77.6542,77.65,77.65,0.0000,0.3657,2.165877
501,loot,driving_B_2020.02.14_12.58.17.csv,train/driving_B_2020.02.14_12.58.17.csv#block-000@time-0.000s,block-000,0.000,17.7478,17.75,17.75,0.0000,0.3644,1.825850
502,redandblack,driving_B_2020.02.14_09.38.22.csv,train/driving_B_2020.02.14_09.38.22.csv#block-000@time-1200.000s,block-000,1200.000,-5.2710,-5.27,-5.27,0.0000,0.3632,2.055164
503,soldier,driving_B_2020.01.16_12.10.03.csv,train/driving_B_2020.01.16_12.10.03.csv#block-000@time-240.000s,block-000,240.000,73.5977,73.60,73.60,0.0000,0.3619,2.576900
504,longdress,driving_B_2020.02.14_12.58.17.csv,train/driving_B_2020.02.14_12.58.17.csv#block-002@time-716.000s,block-002,716.000,18.3580,18.36,18.36,0.0000,0.3606,2.202631
505,loot,static_B_2020.02.14_13.21.26.csv,train/static_B_2020.02.14_13.21.26.csv#block-000@time-660.000s,block-000,660.000,59.5842,59.58,59.58,2.0034,0.3594,2.274491
506,redandblack,driving_B_2020.02.14_09.38.22.csv,train/driving_B_2020.02.14_09.38.22.csv#block-000@time-420.000s,block-000,420.000,-44.4935,-44.49,-44.49,0.0000,0.3581,2.653514
507,soldier,driving_B_2020.02.13_15.02.01.csv,train/driving_B_2020.02.13_15.02.01.csv#block-000@time-2160.000s,block-000,2160.000,35.4056,35.41,35.41,0.0000,0.3568,2.666579
508,longdress,driving_B_2019.12.17_07.32.39.csv,train/driving_B_2019.12.17_07.32.39.csv#block-000@time-1140.000s,block-000,1140.000,40.5129,40.51,40.51,0.0000,0.3555,2.497844
509,loot,driving_B_2020.02.13_15.02.01.csv,train/driving_B_2020.02.13_15.02.01.csv#block-000@time-1980.000s,block-000,1980.000,59.1277,59.13,59.13,0.4042,0.3543,2.123813
510,redandblack,driving_B_2020.02.13_15.02.01.csv,train/driving_B_2020.02.13_15.02.01.csv#block-000@time-2820.000s,block-000,2820.000,65.0589,65.06,65.06,0.0000,0.3530,2.355859
511,soldier,driving_B_2020.01.16_12.10.03.csv,train/driving_B_2020.01.16_12.10.03.csv#block-000@time-360.000s,block-000,360.000,66.9057,66.91,66.91,0.0000,0.3517,2.168528
512,longdress,driving_B_2020.02.14_12.58.17.csv,train/driving_B_2020.02.14_12.58.17.csv#block-002@time-536.000s,block-002,536.000,-171.0935,-171.09,-171.09,0.0000,0.3505,2.086586
513,loot,driving_B_2019.12.17_07.32.39.csv,train/driving_B_2019.12.17_07.32.39.csv#block-000@time-360.000s,block-000,360.000,37.8733,37.87,37.87,0.0000,0.3492,2.553488
514,redandblack,static_B_2020.02.14_13.21.26.csv,train/static_B_2020.02.14_13.21.26.csv#block-000@time-600.000s,block-000,600.000,64.5217,64.52,64.52,1.9353,0.3479,2.213024
515,soldier,driving_B_2020.02.13_15.02.01.csv,train/driving_B_2020.02.13_15.02.01.csv#block-000@time-840.000s,block-000,840.000,14.6766,14.68,14.68,0.0000,0.3467,2.320703
516,longdress,driving_B_2019.12.16_12.27.05.csv,train/driving_B_2019.12.16_12.27.05.csv#block-000@time-1020.000s,block-000,1020.000,57.8495,57.85,57.85,0.0000,0.3454,2.343561
517,loot,driving_B_2020.02.27_17.30.15.csv,train/driving_B_2020.02.27_17.30.15.csv#block-002@time-413.000s,block-002,413.000,-37.8909,-37.89,-37.89,0.0000,0.3441,2.436580
518,redandblack,driving_B_2020.02.14_12.58.17.csv,train/driving_B_2020.02.14_12.58.17.csv#block-002@time-536.000s,block-002,536.000,-161.8198,-161.82,-161.82,0.0000,0.3429,2.298658
519,soldier,driving_B_2020.02.14_12.58.17.csv,train/driving_B_2020.02.14_12.58.17.csv#block-002@time-656.000s,block-002,656.000,14.2880,14.29,14.29,0.0000,0.3416,2.154747
520,longdress,driving_B_2020.02.13_15.02.01.csv,train/driving_B_2020.02.13_15.02.01.csv#block-000@time-1080.000s,block-000,1080.000,-41.5741,-41.57,-41.57,0.0000,0.3403,2.192754
521,loot,driving_B_2020.02.14_09.38.22.csv,train/driving_B_2020.02.14_09.38.22.csv#block-000@time-840.000s,block-000,840.000,1.2569,1.26,1.26,0.0000,0.3391,2.173580
522,redandblack,static_B_2020.02.14_13.21.26.csv,train/static_B_2020.02.14_13.21.26.csv#block-000@time-600.000s,block-000,600.000,70.2229,70.22,70.22,1.6842,0.3378,2.091018
523,soldier,static_B_2020.02.14_13.21.26.csv,train/static_B_2020.02.14_13.21.26.csv#block-000@time-780.000s,block-000,780.000,60.4056,60.41,60.41,0.0000,0.3365,2.337477
524,longdress,driving_B_2020.01.16_12.10.03.csv,train/driving_B_2020.01.16_12.10.03.csv#block-000@time-0.000s,block-000,0.000,59.2252,59.23,59.23,0.9863,0.3352,2.282448
525,loot,driving_B_2020.02.13_13.03.24.csv,train/driving_B_2020.02.13_13.03.24.csv#block-001@time-1094.000s,block-001,1094.000,-7.0879,-7.09,-7.09,0.0000,0.3340,2.281937
526,redandblack,driving_B_2020.01.16_09.56.56.csv,train/driving_B_2020.01.16_09.56.56.csv#block-001@time-1659.000s,block-001,1659.000,70.1011,70.10,70.10,1.3338,0.3327,2.169761
527,soldier,driving_B_2020.02.13_13.03.24.csv,train/driving_B_2020.02.13_13.03.24.csv#block-001@time-1634.000s,block-001,1634.000,-19.7329,-19.73,-19.73,0.0000,0.3314,2.365736
528,longdress,driving_B_2019.12.16_12.27.05.csv,train/driving_B_2019.12.16_12.27.05.csv#block-000@time-960.000s,block-000,960.000,75.2083,75.21,75.21,0.0000,0.3302,2.402252
529,loot,driving_B_2019.12.16_12.27.05.csv,train/driving_B_2019.12.16_12.27.05.csv#block-000@time-180.000s,block-000,180.000,13.4719,13.47,13.47,0.0000,0.3289,2.248094
530,redandblack,driving_B_2020.02.14_09.38.22.csv,train/driving_B_2020.02.14_09.38.22.csv#block-000@time-420.000s,block-000,420.000,-13.3827,-13.38,-13.38,0.0000,0.3276,2.085482
531,soldier,driving_B_2020.02.14_12.58.17.csv,train/driving_B_2020.02.14_12.58.17.csv#block-002@time-536.000s,block-002,536.000,-223.0217,-223.02,-223.02,0.0000,0.3264,2.339041
532,longdress,static_B_2019.12.16_13.40.04.csv,train/static_B_2019.12.16_13.40.04.csv#block-005@time-1886.000s,block-005,1886.000,26.7570,26.76,26.76,0.0000,0.3251,2.545916
533,loot,static_B_2019.12.16_13.40.04.csv,train/static_B_2019.12.16_13.40.04.csv#block-001@time-955.000s,block-001,955.000,70.6170,70.62,70.62,0.0000,0.3238,2.104308
534,redandblack,driving_B_2020.02.13_13.03.24.csv,train/driving_B_2020.02.13_13.03.24.csv#block-000@time-360.000s,block-000,360.000,1.6574,1.66,1.66,0.0000,0.3226,2.564330
535,soldier,driving_B_2019.12.17_07.32.39.csv,train/driving_B_2019.12.17_07.32.39.csv#block-004@time-2417.000s,block-004,2417.000,-11.8625,-11.86,-11.86,0.0000,0.3213,2.175357
536,longdress,driving_B_2020.01.16_09.56.56.csv,train/driving_B_2020.01.16_09.56.56.csv#block-001@time-1299.000s,block-001,1299.000,34.8055,34.81,34.81,0.0000,0.3200,2.382534
537,loot,static_B_2020.02.27_18.39.27.csv,train/static_B_2020.02.27_18.39.27.csv#block-001@time-372.000s,block-001,372.000,72.6021,72.60,72.60,0.0000,0.3188,2.092484
538,redandblack,driving_B_2020.02.14_12.58.17.csv,train/driving_B_2020.02.14_12.58.17.csv#block-002@time-656.000s,block-002,656.000,31.5640,31.56,31.56,0.0000,0.3175,2.167578
539,soldier,driving_B_2020.01.16_09.56.56.csv,train/driving_B_2020.01.16_09.56.56.csv#block-001@time-1059.000s,block-001,1059.000,-60.9569,-60.96,-60.96,0.0000,0.3162,2.189861
540,longdress,driving_B_2020.02.14_09.38.22.csv,train/driving_B_2020.02.14_09.38.22.csv#block-000@time-720.000s,block-000,720.000,78.0789,78.08,78.08,0.2328,0.3149,2.228414
541,loot,static_B_2020.02.14_13.21.26.csv,train/static_B_2020.02.14_13.21.26.csv#block-000@time-1080.000s,block-000,1080.000,78.5737,78.57,78.57,0.0937,0.3137,2.257726
542,redandblack,driving_B_2020.02.13_13.03.24.csv,train/driving_B_2020.02.13_13.03.24.csv#block-001@time-1454.000s,block-001,1454.000,-31.6553,-31.66,-31.66,0.0000,0.3124,2.096649
543,soldier,driving_B_2020.01.16_07.26.43.csv,train/driving_B_2020.01.16_07.26.43.csv#block-000@time-720.000s,block-000,720.000,-59.8200,-59.82,-59.82,0.0000,0.3111,2.227409
544,longdress,driving_B_2020.02.13_13.03.24.csv,train/driving_B_2020.02.13_13.03.24.csv#block-001@time-1274.000s,block-001,1274.000,3.7162,3.72,3.72,0.0000,0.3099,2.160330
545,loot,driving_B_2020.02.13_15.02.01.csv,train/driving_B_2020.02.13_15.02.01.csv#block-000@time-2280.000s,block-000,2280.000,47.2798,47.28,47.28,0.0000,0.3086,2.087063
546,redandblack,driving_B_2020.01.16_07.26.43.csv,train/driving_B_2020.01.16_07.26.43.csv#block-000@time-360.000s,block-000,360.000,-49.1673,-49.17,-49.17,0.0000,0.3073,2.305534
547,soldier,driving_B_2019.12.17_07.32.39.csv,train/driving_B_2019.12.17_07.32.39.csv#block-000@time-1440.000s,block-000,1440.000,76.9701,76.97,76.97,0.0783,0.3061,2.454099
548,longdress,static_B_2019.12.16_13.40.04.csv,train/static_B_2019.12.16_13.40.04.csv#block-000@time-420.000s,block-000,420.000,41.1797,41.18,41.18,0.0000,0.3048,2.451841
549,loot,static_B_2020.02.27_18.39.27.csv,train/static_B_2020.02.27_18.39.27.csv#block-001@time-6552.000s,block-001,6552.000,54.7970,54.80,54.80,0.9998,0.3035,2.224143
550,redandblack,driving_B_2020.01.16_07.26.43.csv,train/driving_B_2020.01.16_07.26.43.csv#block-000@time-780.000s,block-000,780.000,14.2273,14.23,14.23,0.0000,0.3023,2.263817
551,soldier,driving_B_2020.01.16_09.56.56.csv,train/driving_B_2020.01.16_09.56.56.csv#block-000@time-240.000s,block-000,240.000,8.6317,8.63,8.63,0.0000,0.3010,2.116420
552,longdress,static_B_2020.02.14_13.21.26.csv,train/static_B_2020.02.14_13.21.26.csv#block-000@time-840.000s,block-000,840.000,80.8599,80.86,80.86,0.0000,0.2997,2.078831
553,loot,driving_B_2019.12.16_12.27.05.csv,train/driving_B_2019.12.16_12.27.05.csv#block-000@time-300.000s,block-000,300.000,24.3376,24.34,24.34,0.0000,0.2985,2.282510
554,redandblack,driving_B_2020.02.13_13.03.24.csv,train/driving_B_2020.02.13_13.03.24.csv#block-001@time-1514.000s,block-001,1514.000,-34.0185,-34.02,-34.02,0.0000,0.2972,2.255363
555,soldier,driving_B_2020.01.16_12.10.03.csv,train/driving_B_2020.01.16_12.10.03.csv#block-000@time-0.000s,block-000,0.000,56.8468,56.85,56.85,1.3649,0.2959,2.434161
556,longdress,driving_B_2020.01.16_09.56.56.csv,train/driving_B_2020.01.16_09.56.56.csv#block-000@time-120.000s,block-000,120.000,-36.9704,-36.97,-36.97,0.0000,0.2946,2.313401
557,loot,static_B_2020.02.14_13.21.26.csv,train/static_B_2020.02.14_13.21.26.csv#block-000@time-840.000s,block-000,840.000,80.6066,80.61,80.61,1.4702,0.2934,2.022361
558,redandblack,driving_B_2019.12.17_07.32.39.csv,train/driving_B_2019.12.17_07.32.39.csv#block-004@time-2477.000s,block-004,2477.000,60.5479,60.55,60.55,0.0000,0.2921,2.330800
559,soldier,static_B_2020.02.27_18.39.27.csv,train/static_B_2020.02.27_18.39.27.csv#block-001@time-4812.000s,block-001,4812.000,77.7748,77.77,77.77,0.0000,0.2908,2.206315
560,longdress,driving_B_2020.02.14_09.38.22.csv,train/driving_B_2020.02.14_09.38.22.csv#block-000@time-960.000s,block-000,960.000,55.4256,55.43,55.43,0.0000,0.2896,2.452072
561,loot,driving_B_2020.02.13_13.03.24.csv,train/driving_B_2020.02.13_13.03.24.csv#block-000@time-660.000s,block-000,660.000,13.7517,13.75,13.75,0.0000,0.2883,2.413053
562,redandblack,static_B_2020.02.27_18.39.27.csv,train/static_B_2020.02.27_18.39.27.csv#block-001@time-2652.000s,block-001,2652.000,23.9040,23.90,23.90,0.0000,0.2870,2.099045
563,soldier,static_B_2020.02.27_18.39.27.csv,train/static_B_2020.02.27_18.39.27.csv#block-001@time-612.000s,block-001,612.000,2.9918,2.99,2.99,0.0000,0.2858,2.215684
564,longdress,driving_B_2020.02.27_17.30.15.csv,train/driving_B_2020.02.27_17.30.15.csv#block-002@time-473.000s,block-002,473.000,-296.5303,-296.53,-296.53,0.0000,0.2845,2.195456
565,loot,driving_B_2020.02.27_17.30.15.csv,train/driving_B_2020.02.27_17.30.15.csv#block-002@time-533.000s,block-002,533.000,-93.6812,-93.68,-93.68,0.0000,0.2832,2.119556
566,redandblack,static_B_2020.02.27_18.39.27.csv,train/static_B_2020.02.27_18.39.27.csv#block-001@time-4152.000s,block-001,4152.000,79.2940,79.29,79.29,1.0262,0.2820,2.415009
567,soldier,static_B_2019.12.16_13.40.04.csv,train/static_B_2019.12.16_13.40.04.csv#block-000@time-60.000s,block-000,60.000,29.6990,29.70,29.70,0.0000,0.2807,2.279654
568,longdress,driving_B_2020.02.13_15.02.01.csv,train/driving_B_2020.02.13_15.02.01.csv#block-000@time-960.000s,block-000,960.000,64.8685,64.87,64.87,0.0000,0.2794,2.032500
569,loot,driving_B_2019.12.16_12.27.05.csv,train/driving_B_2019.12.16_12.27.05.csv#block-000@time-300.000s,block-000,300.000,-2.3790,-2.38,-2.38,0.0000,0.2782,2.133513
570,redandblack,driving_B_2019.12.17_07.32.39.csv,train/driving_B_2019.12.17_07.32.39.csv#block-000@time-900.000s,block-000,900.000,12.3510,12.35,12.35,0.0000,0.2769,2.246661
571,soldier,driving_B_2020.02.13_13.03.24.csv,train/driving_B_2020.02.13_13.03.24.csv#block-000@time-60.000s,block-000,60.000,-49.6011,-49.60,-49.60,0.0000,0.2756,2.101046
572,longdress,driving_B_2020.01.16_12.10.03.csv,train/driving_B_2020.01.16_12.10.03.csv#block-000@time-60.000s,block-000,60.000,58.0221,58.02,58.02,0.0000,0.2743,2.298112
573,loot,driving_B_2020.01.16_07.26.43.csv,train/driving_B_2020.01.16_07.26.43.csv#block-000@time-1500.000s,block-000,1500.000,7.6794,7.68,7.68,0.0000,0.2731,2.321496
574,redandblack,static_B_2020.02.27_18.39.27.csv,train/static_B_2020.02.27_18.39.27.csv#block-001@time-312.000s,block-001,312.000,63.2695,63.27,63.27,0.0000,0.2718,1.989034
575,soldier,driving_B_2020.02.14_12.58.17.csv,train/driving_B_2020.02.14_12.58.17.csv#block-002@time-656.000s,block-002,656.000,19.1804,19.18,19.18,0.0000,0.2705,2.122158
576,longdress,driving_B_2020.02.27_17.30.15.csv,train/driving_B_2020.02.27_17.30.15.csv#block-002@time-533.000s,block-002,533.000,-117.5082,-117.51,-117.51,0.0000,0.2693,2.291753
577,loot,driving_B_2020.02.13_13.03.24.csv,train/driving_B_2020.02.13_13.03.24.csv#block-000@time-0.000s,block-000,0.000,-3.6433,-3.64,-3.64,0.0000,0.2680,2.145797
578,redandblack,driving_B_2020.02.13_13.03.24.csv,train/driving_B_2020.02.13_13.03.24.csv#block-001@time-974.000s,block-001,974.000,18.6424,18.64,18.64,0.0000,0.2667,2.484852
579,soldier,static_B_2020.02.14_13.21.26.csv,train/static_B_2020.02.14_13.21.26.csv#block-000@time-900.000s,block-000,900.000,61.3951,61.40,61.40,0.0000,0.2655,2.457304
580,longdress,driving_B_2020.02.13_13.03.24.csv,train/driving_B_2020.02.13_13.03.24.csv#block-001@time-1214.000s,block-001,1214.000,-24.3799,-24.38,-24.38,0.0000,0.2642,2.367026
581,loot,driving_B_2020.02.14_09.38.22.csv,train/driving_B_2020.02.14_09.38.22.csv#block-000@time-1320.000s,block-000,1320.000,16.6357,16.64,16.64,0.0000,0.2629,2.052308
582,redandblack,driving_B_2020.02.13_13.03.24.csv,train/driving_B_2020.02.13_13.03.24.csv#block-001@time-1874.000s,block-001,1874.000,-12.7409,-12.74,-12.74,0.0000,0.2617,2.168229
583,soldier,driving_B_2020.02.14_09.38.22.csv,train/driving_B_2020.02.14_09.38.22.csv#block-000@time-0.000s,block-000,0.000,-17.6986,-17.70,-17.70,0.0000,0.2604,2.323841
584,longdress,driving_B_2020.01.16_09.56.56.csv,train/driving_B_2020.01.16_09.56.56.csv#block-001@time-1179.000s,block-001,1179.000,-4.7227,-4.72,-4.72,0.0000,0.2591,2.281035
585,loot,static_B_2020.02.27_18.39.27.csv,train/static_B_2020.02.27_18.39.27.csv#block-001@time-1872.000s,block-001,1872.000,50.8950,50.90,50.90,0.0000,0.2579,2.148566
586,redandblack,static_B_2020.02.14_13.21.26.csv,train/static_B_2020.02.14_13.21.26.csv#block-000@time-360.000s,block-000,360.000,63.0196,63.02,63.02,0.2039,0.2566,2.215624
587,soldier,static_B_2020.02.27_18.39.27.csv,train/static_B_2020.02.27_18.39.27.csv#block-001@time-6132.000s,block-001,6132.000,71.6410,71.64,71.64,0.0000,0.2553,2.303636
588,longdress,driving_B_2020.02.14_09.38.22.csv,train/driving_B_2020.02.14_09.38.22.csv#block-000@time-900.000s,block-000,900.000,-15.7460,-15.75,-15.75,0.0000,0.2540,2.404700
589,loot,driving_B_2020.01.16_12.10.03.csv,train/driving_B_2020.01.16_12.10.03.csv#block-000@time-360.000s,block-000,360.000,71.9334,71.93,71.93,0.0000,0.2528,2.338151
590,redandblack,driving_B_2020.01.16_07.26.43.csv,train/driving_B_2020.01.16_07.26.43.csv#block-000@time-420.000s,block-000,420.000,-16.9089,-16.91,-16.91,0.0000,0.2515,2.319677
591,soldier,driving_B_2020.01.16_12.10.03.csv,train/driving_B_2020.01.16_12.10.03.csv#block-000@time-240.000s,block-000,240.000,74.5217,74.52,74.52,0.0000,0.2502,2.096591
592,longdress,driving_B_2019.12.16_12.27.05.csv,train/driving_B_2019.12.16_12.27.05.csv#block-000@time-420.000s,block-000,420.000,-98.7481,-98.75,-98.75,0.0000,0.2490,2.292490
593,loot,driving_B_2020.01.16_07.26.43.csv,train/driving_B_2020.01.16_07.26.43.csv#block-000@time-0.000s,block-000,0.000,13.1224,13.12,13.12,0.0000,0.2477,2.141896
594,redandblack,static_B_2020.02.14_13.21.26.csv,train/static_B_2020.02.14_13.21.26.csv#block-000@time-660.000s,block-000,660.000,76.3386,76.34,76.34,1.5537,0.2464,2.048615
595,soldier,driving_B_2020.02.13_15.02.01.csv,train/driving_B_2020.02.13_15.02.01.csv#block-000@time-2340.000s,block-000,2340.000,5.0896,5.09,5.09,0.0000,0.2452,1.883707
596,longdress,driving_B_2020.01.16_07.26.43.csv,train/driving_B_2020.01.16_07.26.43.csv#block-000@time-840.000s,block-000,840.000,42.0569,42.06,42.06,0.0000,0.2439,2.008330
597,loot,driving_B_2019.12.16_12.27.05.csv,train/driving_B_2019.12.16_12.27.05.csv#block-000@time-360.000s,block-000,360.000,0.8866,0.89,0.89,0.0000,0.2426,2.164481
598,redandblack,driving_B_2019.12.17_07.32.39.csv,train/driving_B_2019.12.17_07.32.39.csv#block-000@time-180.000s,block-000,180.000,22.2082,22.21,22.21,0.0000,0.2414,1.828108
599,soldier,static_B_2019.12.16_13.40.04.csv,train/static_B_2019.12.16_13.40.04.csv#block-005@time-1406.000s,block-005,1406.000,24.9306,24.93,24.93,0.0000,0.2401,2.120762
600,longdress,driving_B_2020.02.27_17.30.15.csv,train/driving_B_2020.02.27_17.30.15.csv#block-002@time-473.000s,block-002,473.000,-326.3329,-326.33,-326.33,0.0000,0.2388,2.246836
601,loot,driving_B_2019.12.17_07.32.39.csv,train/driving_B_2019.12.17_07.32.39.csv#block-000@time-1320.000s,block-000,1320.000,30.9589,30.96,30.96,0.0000,0.2376,2.290906
602,redandblack,driving_B_2020.02.13_15.02.01.csv,train/driving_B_2020.02.13_15.02.01.csv#block-000@time-2880.000s,block-000,2880.000,66.6178,66.62,66.62,0.0000,0.2363,2.351209
603,soldier,driving_B_2020.01.16_09.56.56.csv,train/driving_B_2020.01.16_09.56.56.csv#block-001@time-1419.000s,block-001,1419.000,36.3194,36.32,36.32,0.0000,0.2350,2.721646
604,longdress,driving_B_2020.01.16_09.56.56.csv,train/driving_B_2020.01.16_09.56.56.csv#block-001@time-579.000s,block-001,579.000,46.4390,46.44,46.44,0.0000,0.2337,2.374161
605,loot,driving_B_2020.02.14_12.58.17.csv,train/driving_B_2020.02.14_12.58.17.csv#block-002@time-596.000s,block-002,596.000,-0.3055,-0.31,-0.31,0.0000,0.2325,2.675204
606,redandblack,driving_B_2020.02.27_17.30.15.csv,train/driving_B_2020.02.27_17.30.15.csv#block-002@time-473.000s,block-002,473.000,-336.2522,-336.25,-336.25,0.0000,0.2312,2.275976
607,soldier,driving_B_2020.02.13_15.02.01.csv,train/driving_B_2020.02.13_15.02.01.csv#block-000@time-2400.000s,block-000,2400.000,82.6436,82.64,82.64,0.0000,0.2299,2.279862
608,longdress,driving_B_2019.12.16_12.27.05.csv,train/driving_B_2019.12.16_12.27.05.csv#block-000@time-1140.000s,block-000,1140.000,41.5436,41.54,41.54,0.0000,0.2287,2.414896
609,loot,driving_B_2019.12.17_07.32.39.csv,train/driving_B_2019.12.17_07.32.39.csv#block-000@time-1080.000s,block-000,1080.000,21.4927,21.49,21.49,0.0000,0.2274,2.530827
610,redandblack,driving_B_2020.02.27_17.30.15.csv,train/driving_B_2020.02.27_17.30.15.csv#block-002@time-293.000s,block-002,293.000,-163.8187,-163.82,-163.82,0.0000,0.2261,2.283928
611,soldier,static_B_2019.12.16_13.40.04.csv,train/static_B_2019.12.16_13.40.04.csv#block-005@time-1586.000s,block-005,1586.000,30.8429,30.84,30.84,0.0000,0.2249,2.297420
612,longdress,driving_B_2020.01.16_09.56.56.csv,train/driving_B_2020.01.16_09.56.56.csv#block-000@time-180.000s,block-000,180.000,3.8892,3.89,3.89,0.0000,0.2236,1.985926
613,loot,driving_B_2020.01.16_09.56.56.csv,train/driving_B_2020.01.16_09.56.56.csv#block-001@time-1059.000s,block-001,1059.000,32.3020,32.30,32.30,0.0000,0.2223,2.336608
614,redandblack,driving_B_2020.01.16_09.56.56.csv,train/driving_B_2020.01.16_09.56.56.csv#block-001@time-1599.000s,block-001,1599.000,75.9582,75.96,75.96,0.0000,0.2211,2.630197
615,soldier,driving_B_2020.01.16_12.10.03.csv,train/driving_B_2020.01.16_12.10.03.csv#block-000@time-0.000s,block-000,0.000,72.0266,72.03,72.03,1.3135,0.2198,2.271941
616,longdress,static_B_2019.12.16_13.40.04.csv,train/static_B_2019.12.16_13.40.04.csv#block-005@time-1466.000s,block-005,1466.000,54.5065,54.51,54.51,0.0000,0.2185,2.783127
617,loot,driving_B_2020.02.14_09.38.22.csv,train/driving_B_2020.02.14_09.38.22.csv#block-000@time-1140.000s,block-000,1140.000,-18.8034,-18.80,-18.80,0.0000,0.2173,2.380007
618,redandblack,driving_B_2020.02.14_12.58.17.csv,train/driving_B_2020.02.14_12.58.17.csv#block-002@time-656.000s,block-002,656.000,41.8266,41.83,41.83,0.0000,0.2160,2.037949
619,soldier,driving_B_2019.12.17_07.32.39.csv,train/driving_B_2019.12.17_07.32.39.csv#block-000@time-300.000s,block-000,300.000,42.1226,42.12,42.12,0.0000,0.2147,2.210000
620,longdress,driving_B_2020.01.16_12.10.03.csv,train/driving_B_2020.01.16_12.10.03.csv#block-000@time-240.000s,block-000,240.000,76.6374,76.64,76.64,0.0000,0.2135,2.435073
621,loot,driving_B_2020.02.27_17.30.15.csv,train/driving_B_2020.02.27_17.30.15.csv#block-002@time-413.000s,block-002,413.000,-17.3284,-17.33,-17.33,0.0000,0.2122,2.303878
622,redandblack,driving_B_2019.12.17_07.32.39.csv,train/driving_B_2019.12.17_07.32.39.csv#block-004@time-2297.000s,block-004,2297.000,77.9504,77.95,77.95,0.0000,0.2109,2.367776
623,soldier,driving_B_2020.01.16_12.10.03.csv,train/driving_B_2020.01.16_12.10.03.csv#block-000@time-240.000s,block-000,240.000,75.2832,75.28,75.28,0.3494,0.2096,2.362874
624,longdress,driving_B_2020.01.16_09.56.56.csv,train/driving_B_2020.01.16_09.56.56.csv#block-001@time-1539.000s,block-001,1539.000,41.1132,41.11,41.11,0.0000,0.2084,2.381744
625,loot,driving_B_2019.12.17_07.32.39.csv,train/driving_B_2019.12.17_07.32.39.csv#block-000@time-120.000s,block-000,120.000,48.6726,48.67,48.67,0.0000,0.2071,1.994668
626,redandblack,driving_B_2020.02.13_15.02.01.csv,train/driving_B_2020.02.13_15.02.01.csv#block-000@time-2760.000s,block-000,2760.000,-72.4522,-72.45,-72.45,0.0000,0.2058,2.653568
627,soldier,driving_B_2020.02.14_12.58.17.csv,train/driving_B_2020.02.14_12.58.17.csv#block-002@time-656.000s,block-002,656.000,23.7412,23.74,23.74,0.0000,0.2046,2.540040
628,longdress,driving_B_2020.02.13_15.02.01.csv,train/driving_B_2020.02.13_15.02.01.csv#block-000@time-2460.000s,block-000,2460.000,67.1730,67.17,67.17,0.0000,0.2033,2.175550
629,loot,driving_B_2020.01.16_07.26.43.csv,train/driving_B_2020.01.16_07.26.43.csv#block-000@time-1320.000s,block-000,1320.000,23.2943,23.29,23.29,0.0000,0.2020,2.476170
630,redandblack,static_B_2020.02.27_18.39.27.csv,train/static_B_2020.02.27_18.39.27.csv#block-001@time-1992.000s,block-001,1992.000,68.9530,68.95,68.95,0.0000,0.2008,2.320791
631,soldier,driving_B_2019.12.17_07.32.39.csv,train/driving_B_2019.12.17_07.32.39.csv#block-003@time-1894.000s,block-003,1894.000,-23.7375,-23.74,-23.74,0.0000,0.1995,2.406532
632,longdress,driving_B_2020.02.13_13.03.24.csv,train/driving_B_2020.02.13_13.03.24.csv#block-000@time-120.000s,block-000,120.000,-27.4797,-27.48,-27.48,0.0000,0.1982,2.539715
633,loot,driving_B_2020.02.13_13.03.24.csv,train/driving_B_2020.02.13_13.03.24.csv#block-000@time-240.000s,block-000,240.000,18.6881,18.69,18.69,0.0000,0.1970,2.197185
634,redandblack,driving_B_2020.02.13_15.02.01.csv,train/driving_B_2020.02.13_15.02.01.csv#block-000@time-1740.000s,block-000,1740.000,-92.4794,-92.48,-92.48,0.0000,0.1957,2.276829
635,soldier,driving_B_2020.02.13_15.02.01.csv,train/driving_B_2020.02.13_15.02.01.csv#block-000@time-900.000s,block-000,900.000,-32.0027,-32.00,-32.00,0.0000,0.1944,1.963734
636,longdress,static_B_2020.02.14_13.21.26.csv,train/static_B_2020.02.14_13.21.26.csv#block-000@time-0.000s,block-000,0.000,38.0189,38.02,38.02,0.0000,0.1932,2.233371
637,loot,driving_B_2020.02.27_17.30.15.csv,train/driving_B_2020.02.27_17.30.15.csv#block-002@time-353.000s,block-002,353.000,-28.5093,-28.51,-28.51,0.0000,0.1919,2.039152
638,redandblack,driving_B_2020.02.14_12.58.17.csv,train/driving_B_2020.02.14_12.58.17.csv#block-002@time-716.000s,block-002,716.000,17.6305,17.63,17.63,0.0000,0.1906,2.466701
639,soldier,driving_B_2020.02.27_17.30.15.csv,train/driving_B_2020.02.27_17.30.15.csv#block-002@time-473.000s,block-002,473.000,-221.3124,-221.31,-221.31,0.0000,0.1893,2.331252
640,longdress,driving_B_2019.12.17_07.32.39.csv,train/driving_B_2019.12.17_07.32.39.csv#block-000@time-1200.000s,block-000,1200.000,63.7162,63.72,63.72,0.1081,0.1881,2.463404
641,loot,static_B_2020.02.27_18.39.27.csv,train/static_B_2020.02.27_18.39.27.csv#block-001@time-4572.000s,block-001,4572.000,43.5333,43.53,43.53,0.0000,0.1868,2.428447
642,redandblack,driving_B_2020.02.14_12.58.17.csv,train/driving_B_2020.02.14_12.58.17.csv#block-000@time-0.000s,block-000,0.000,23.4207,23.42,23.42,0.0000,0.1855,2.361420
643,soldier,driving_B_2020.02.13_13.03.24.csv,train/driving_B_2020.02.13_13.03.24.csv#block-001@time-1754.000s,block-001,1754.000,-1.5833,-1.58,-1.58,0.0000,0.1843,2.215084
644,longdress,static_B_2019.12.16_13.40.04.csv,train/static_B_2019.12.16_13.40.04.csv#block-000@time-360.000s,block-000,360.000,28.8417,28.84,28.84,0.0000,0.1830,2.281646
645,loot,driving_B_2020.01.16_12.10.03.csv,train/driving_B_2020.01.16_12.10.03.csv#block-000@time-360.000s,block-000,360.000,74.3501,74.35,74.35,0.0000,0.1817,2.379774
646,redandblack,driving_B_2020.01.16_09.56.56.csv,train/driving_B_2020.01.16_09.56.56.csv#block-000@time-0.000s,block-000,0.000,47.0574,47.06,47.06,0.0000,0.1805,2.103083
647,soldier,driving_B_2020.02.27_17.30.15.csv,train/driving_B_2020.02.27_17.30.15.csv#block-002@time-413.000s,block-002,413.000,-11.7866,-11.79,-11.79,0.0000,0.1792,2.054647
648,longdress,static_B_2020.02.14_13.21.26.csv,train/static_B_2020.02.14_13.21.26.csv#block-000@time-1020.000s,block-000,1020.000,79.1107,79.11,79.11,0.0000,0.1779,2.124922
649,loot,driving_B_2019.12.16_12.27.05.csv,train/driving_B_2019.12.16_12.27.05.csv#block-000@time-1080.000s,block-000,1080.000,81.6292,81.63,81.63,0.0000,0.1767,2.096165
650,redandblack,driving_B_2020.02.14_12.58.17.csv,train/driving_B_2020.02.14_12.58.17.csv#block-000@time-0.000s,block-000,0.000,30.8198,30.82,30.82,0.0000,0.1754,2.386768
651,soldier,driving_B_2020.02.14_09.38.22.csv,train/driving_B_2020.02.14_09.38.22.csv#block-000@time-1500.000s,block-000,1500.000,-4.9577,-4.96,-4.96,0.0000,0.1741,2.331456
652,longdress,static_B_2019.12.16_13.40.04.csv,train/static_B_2019.12.16_13.40.04.csv#block-001@time-655.000s,block-001,655.000,44.9805,44.98,44.98,0.0000,0.1729,2.284293
653,loot,driving_B_2020.01.16_09.56.56.csv,train/driving_B_2020.01.16_09.56.56.csv#block-001@time-1119.000s,block-001,1119.000,72.4078,72.41,72.41,1.4885,0.1716,2.130469
654,redandblack,driving_B_2020.02.13_15.02.01.csv,train/driving_B_2020.02.13_15.02.01.csv#block-000@time-2220.000s,block-000,2220.000,49.7870,49.79,49.79,0.0000,0.1703,2.408387
655,soldier,driving_B_2020.02.14_12.58.17.csv,train/driving_B_2020.02.14_12.58.17.csv#block-002@time-536.000s,block-002,536.000,-182.0433,-182.04,-182.04,0.0000,0.1690,2.380640
656,longdress,driving_B_2020.02.27_17.30.15.csv,train/driving_B_2020.02.27_17.30.15.csv#block-002@time-533.000s,block-002,533.000,-109.5231,-109.52,-109.52,0.0000,0.1678,2.279098
657,loot,static_B_2020.02.27_18.39.27.csv,train/static_B_2020.02.27_18.39.27.csv#block-001@time-4752.000s,block-001,4752.000,72.9908,72.99,72.99,0.0000,0.1665,2.167293
658,redandblack,driving_B_2020.02.14_12.58.17.csv,train/driving_B_2020.02.14_12.58.17.csv#block-000@time-0.000s,block-000,0.000,33.6238,33.62,33.62,0.0000,0.1652,2.088217
659,soldier,static_B_2019.12.16_13.40.04.csv,train/static_B_2019.12.16_13.40.04.csv#block-000@time-240.000s,block-000,240.000,36.3228,36.32,36.32,0.0000,0.1640,2.204929
660,longdress,driving_B_2020.01.16_07.26.43.csv,train/driving_B_2020.01.16_07.26.43.csv#block-000@time-1740.000s,block-000,1740.000,-25.2697,-25.27,-25.27,0.0000,0.1627,2.372060
661,loot,driving_B_2020.01.16_09.56.56.csv,train/driving_B_2020.01.16_09.56.56.csv#block-001@time-1719.000s,block-001,1719.000,70.7736,70.77,70.77,0.0000,0.1614,2.487656
662,redandblack,driving_B_2019.12.17_07.32.39.csv,train/driving_B_2019.12.17_07.32.39.csv#block-000@time-600.000s,block-000,600.000,40.3641,40.36,40.36,0.0000,0.1602,2.567740
663,soldier,static_B_2020.02.27_18.39.27.csv,train/static_B_2020.02.27_18.39.27.csv#block-001@time-2472.000s,block-001,2472.000,71.0726,71.07,71.07,0.0000,0.1589,2.419629
664,longdress,static_B_2020.02.27_18.39.27.csv,train/static_B_2020.02.27_18.39.27.csv#block-001@time-5532.000s,block-001,5532.000,82.9095,82.91,82.91,0.0000,0.1576,2.162872
665,loot,driving_B_2020.01.16_12.10.03.csv,train/driving_B_2020.01.16_12.10.03.csv#block-000@time-0.000s,block-000,0.000,81.7778,81.78,81.78,1.6810,0.1564,2.365997
666,redandblack,driving_B_2019.12.16_12.27.05.csv,train/driving_B_2019.12.16_12.27.05.csv#block-000@time-60.000s,block-000,60.000,27.7428,27.74,27.74,0.0000,0.1551,2.063040
667,soldier,static_B_2020.02.27_18.39.27.csv,train/static_B_2020.02.27_18.39.27.csv#block-001@time-4032.000s,block-001,4032.000,58.0150,58.01,58.01,0.0000,0.1538,2.276387
668,longdress,driving_B_2020.02.14_12.58.17.csv,train/driving_B_2020.02.14_12.58.17.csv#block-002@time-536.000s,block-002,536.000,-157.4859,-157.49,-157.49,0.0000,0.1526,2.413443
669,loot,driving_B_2019.12.17_07.32.39.csv,train/driving_B_2019.12.17_07.32.39.csv#block-000@time-420.000s,block-000,420.000,44.9538,44.95,44.95,0.0000,0.1513,2.495040
670,redandblack,driving_B_2020.02.14_09.38.22.csv,train/driving_B_2020.02.14_09.38.22.csv#block-000@time-1260.000s,block-000,1260.000,35.8976,35.90,35.90,0.0000,0.1500,2.284246
671,soldier,driving_B_2020.01.16_07.26.43.csv,train/driving_B_2020.01.16_07.26.43.csv#block-000@time-480.000s,block-000,480.000,-26.8043,-26.80,-26.80,0.0000,0.1487,2.263812
672,longdress,driving_B_2020.02.13_15.02.01.csv,train/driving_B_2020.02.13_15.02.01.csv#block-000@time-2640.000s,block-000,2640.000,-95.5352,-95.54,-95.54,0.0000,0.1475,2.159471
673,loot,driving_B_2020.01.16_07.26.43.csv,train/driving_B_2020.01.16_07.26.43.csv#block-000@time-1860.000s,block-000,1860.000,21.1640,21.16,21.16,0.0000,0.1462,2.373889
674,redandblack,driving_B_2020.01.16_07.26.43.csv,train/driving_B_2020.01.16_07.26.43.csv#block-000@time-180.000s,block-000,180.000,-1.4401,-1.44,-1.44,0.0000,0.1449,2.285462
675,soldier,static_B_2020.02.27_18.39.27.csv,train/static_B_2020.02.27_18.39.27.csv#block-001@time-5232.000s,block-001,5232.000,39.9259,39.93,39.93,0.0000,0.1437,2.352075
676,longdress,static_B_2020.02.14_13.21.26.csv,train/static_B_2020.02.14_13.21.26.csv#block-000@time-540.000s,block-000,540.000,81.1995,81.20,81.20,0.0000,0.1424,2.394909
677,loot,driving_B_2020.01.16_12.10.03.csv,train/driving_B_2020.01.16_12.10.03.csv#block-000@time-300.000s,block-000,300.000,34.9795,34.98,34.98,0.0000,0.1411,2.334686
678,redandblack,static_B_2019.12.16_13.40.04.csv,train/static_B_2019.12.16_13.40.04.csv#block-005@time-1346.000s,block-005,1346.000,12.6862,12.69,12.69,0.0000,0.1399,2.494812
679,soldier,driving_B_2020.01.16_09.56.56.csv,train/driving_B_2020.01.16_09.56.56.csv#block-001@time-939.000s,block-001,939.000,20.0469,20.05,20.05,0.0000,0.1386,2.364222
680,longdress,driving_B_2020.01.16_07.26.43.csv,train/driving_B_2020.01.16_07.26.43.csv#block-000@time-1020.000s,block-000,1020.000,-4.7272,-4.73,-4.73,0.0000,0.1373,2.370451
681,loot,driving_B_2020.01.16_07.26.43.csv,train/driving_B_2020.01.16_07.26.43.csv#block-000@time-1080.000s,block-000,1080.000,47.6346,47.63,47.63,0.0000,0.1361,2.223468
682,redandblack,driving_B_2020.02.14_12.58.17.csv,train/driving_B_2020.02.14_12.58.17.csv#block-002@time-596.000s,block-002,596.000,27.5572,27.56,27.56,0.0000,0.1348,2.313200
683,soldier,driving_B_2020.01.16_09.56.56.csv,train/driving_B_2020.01.16_09.56.56.csv#block-001@time-1179.000s,block-001,1179.000,-32.8208,-32.82,-32.82,0.0000,0.1335,2.325677
684,longdress,driving_B_2019.12.17_07.32.39.csv,train/driving_B_2019.12.17_07.32.39.csv#block-000@time-720.000s,block-000,720.000,13.0682,13.07,13.07,0.0000,0.1323,2.441064
685,loot,driving_B_2020.02.13_15.02.01.csv,train/driving_B_2020.02.13_15.02.01.csv#block-000@time-540.000s,block-000,540.000,21.9816,21.98,21.98,0.0000,0.1310,2.169343
686,redandblack,driving_B_2020.01.16_07.26.43.csv,train/driving_B_2020.01.16_07.26.43.csv#block-000@time-1800.000s,block-000,1800.000,43.0922,43.09,43.09,0.0000,0.1297,2.257240
687,soldier,static_B_2019.12.16_13.40.04.csv,train/static_B_2019.12.16_13.40.04.csv#block-006@time-2172.000s,block-006,2172.000,84.2196,84.22,84.22,1.2052,0.1284,2.079431
688,longdress,driving_B_2020.02.27_17.30.15.csv,train/driving_B_2020.02.27_17.30.15.csv#block-002@time-533.000s,block-002,533.000,-73.0566,-73.06,-73.06,0.0000,0.1272,2.220763
689,loot,driving_B_2020.01.16_12.10.03.csv,train/driving_B_2020.01.16_12.10.03.csv#block-000@time-300.000s,block-000,300.000,37.6384,37.64,37.64,0.0000,0.1259,2.452079
690,redandblack,driving_B_2020.02.13_13.03.24.csv,train/driving_B_2020.02.13_13.03.24.csv#block-001@time-914.000s,block-001,914.000,-141.6212,-141.62,-141.62,0.0000,0.1246,2.223079
691,soldier,driving_B_2019.12.17_07.32.39.csv,train/driving_B_2019.12.17_07.32.39.csv#block-004@time-2537.000s,block-004,2537.000,70.6573,70.66,70.66,0.3790,0.1234,2.413688
692,longdress,driving_B_2020.02.14_09.38.22.csv,train/driving_B_2020.02.14_09.38.22.csv#block-000@time-600.000s,block-000,600.000,56.0711,56.07,56.07,0.0000,0.1221,2.218456
693,loot,driving_B_2019.12.16_12.27.05.csv,train/driving_B_2019.12.16_12.27.05.csv#block-000@time-180.000s,block-000,180.000,26.0886,26.09,26.09,0.0000,0.1208,2.169309
694,redandblack,driving_B_2020.02.14_12.58.17.csv,train/driving_B_2020.02.14_12.58.17.csv#block-000@time-0.000s,block-000,0.000,24.9954,25.00,25.00,0.0000,0.1196,2.180844
695,soldier,driving_B_2020.02.13_13.03.24.csv,train/driving_B_2020.02.13_13.03.24.csv#block-000@time-420.000s,block-000,420.000,18.9674,18.97,18.97,0.0000,0.1183,2.235254
696,longdress,driving_B_2020.02.27_17.30.15.csv,train/driving_B_2020.02.27_17.30.15.csv#block-002@time-533.000s,block-002,533.000,-87.6941,-87.69,-87.69,0.0000,0.1170,2.572250
697,loot,driving_B_2020.02.14_12.58.17.csv,train/driving_B_2020.02.14_12.58.17.csv#block-002@time-596.000s,block-002,596.000,34.2019,34.20,34.20,0.0000,0.1158,2.434115
698,redandblack,driving_B_2020.01.16_07.26.43.csv,train/driving_B_2020.01.16_07.26.43.csv#block-000@time-1140.000s,block-000,1140.000,46.1740,46.17,46.17,0.0000,0.1145,2.337235
699,soldier,static_B_2020.02.27_18.39.27.csv,train/static_B_2020.02.27_18.39.27.csv#block-001@time-3552.000s,block-001,3552.000,25.6353,25.64,25.64,0.0000,0.1132,2.070845
700,longdress,driving_B_2020.02.14_12.58.17.csv,train/driving_B_2020.02.14_12.58.17.csv#block-002@time-536.000s,block-002,536.000,-115.4328,-115.43,-115.43,0.0000,0.1120,2.344463
701,loot,driving_B_2019.12.17_07.32.39.csv,train/driving_B_2019.12.17_07.32.39.csv#block-000@time-240.000s,block-000,240.000,32.6548,32.65,32.65,0.0000,0.1107,2.177697
702,redandblack,static_B_2020.02.14_13.21.26.csv,train/static_B_2020.02.14_13.21.26.csv#block-000@time-240.000s,block-000,240.000,78.5051,78.51,78.51,1.1980,0.1094,2.573164
703,soldier,static_B_2019.12.16_13.40.04.csv,train/static_B_2019.12.16_13.40.04.csv#block-005@time-2006.000s,block-005,2006.000,44.0206,44.02,44.02,0.0000,0.1081,2.539433
704,longdress,driving_B_2020.01.16_09.56.56.csv,train/driving_B_2020.01.16_09.56.56.csv#block-001@time-1239.000s,block-001,1239.000,29.5504,29.55,29.55,0.0000,0.1069,2.575630
705,loot,driving_B_2020.02.13_15.02.01.csv,train/driving_B_2020.02.13_15.02.01.csv#block-000@time-480.000s,block-000,480.000,82.9420,82.94,82.94,0.0000,0.1056,2.435963
706,redandblack,driving_B_2020.02.27_17.30.15.csv,train/driving_B_2020.02.27_17.30.15.csv#block-002@time-293.000s,block-002,293.000,-80.4882,-80.49,-80.49,0.0000,0.1043,2.368974
707,soldier,driving_B_2019.12.17_07.32.39.csv,train/driving_B_2019.12.17_07.32.39.csv#block-003@time-1834.000s,block-003,1834.000,-11.9947,-11.99,-11.99,0.0000,0.1031,2.438299
708,longdress,driving_B_2020.02.27_17.30.15.csv,train/driving_B_2020.02.27_17.30.15.csv#block-002@time-293.000s,block-002,293.000,-46.6703,-46.67,-46.67,0.0000,0.1018,2.677626
709,loot,static_B_2020.02.14_13.21.26.csv,train/static_B_2020.02.14_13.21.26.csv#block-000@time-540.000s,block-000,540.000,89.1512,89.15,89.15,0.1657,0.1005,2.270289
710,redandblack,driving_B_2020.02.13_13.03.24.csv,train/driving_B_2020.02.13_13.03.24.csv#block-000@time-540.000s,block-000,540.000,34.3271,34.33,34.33,0.0000,0.0993,2.114822
711,soldier,driving_B_2020.01.16_12.10.03.csv,train/driving_B_2020.01.16_12.10.03.csv#block-000@time-120.000s,block-000,120.000,80.7485,80.75,80.75,0.0000,0.0980,2.476719
712,longdress,static_B_2020.02.27_18.39.27.csv,train/static_B_2020.02.27_18.39.27.csv#block-001@time-492.000s,block-001,492.000,36.2313,36.23,36.23,0.0000,0.0967,2.342476
713,loot,driving_B_2020.02.13_15.02.01.csv,train/driving_B_2020.02.13_15.02.01.csv#block-000@time-1500.000s,block-000,1500.000,-79.3461,-79.35,-79.35,0.0000,0.0955,2.422068
714,redandblack,driving_B_2019.12.17_07.32.39.csv,train/driving_B_2019.12.17_07.32.39.csv#block-000@time-1380.000s,block-000,1380.000,59.9410,59.94,59.94,0.0000,0.0942,2.506293
715,soldier,driving_B_2020.02.13_15.02.01.csv,train/driving_B_2020.02.13_15.02.01.csv#block-000@time-2520.000s,block-000,2520.000,11.8856,11.89,11.89,0.0000,0.0929,2.543840
716,longdress,driving_B_2020.01.16_07.26.43.csv,train/driving_B_2020.01.16_07.26.43.csv#block-000@time-60.000s,block-000,60.000,30.0005,30.00,30.00,0.0000,0.0917,2.509492
717,loot,driving_B_2020.02.14_09.38.22.csv,train/driving_B_2020.02.14_09.38.22.csv#block-000@time-1440.000s,block-000,1440.000,86.3245,86.32,86.32,1.2106,0.0904,2.531487
718,redandblack,driving_B_2020.02.13_13.03.24.csv,train/driving_B_2020.02.13_13.03.24.csv#block-001@time-1394.000s,block-001,1394.000,32.8079,32.81,32.81,0.0000,0.0891,2.388704
719,soldier,driving_B_2020.02.14_09.38.22.csv,train/driving_B_2020.02.14_09.38.22.csv#block-000@time-660.000s,block-000,660.000,21.9974,22.00,22.00,0.0000,0.0878,2.718414
720,longdress,static_B_2020.02.27_18.39.27.csv,train/static_B_2020.02.27_18.39.27.csv#block-001@time-852.000s,block-001,852.000,43.8446,43.84,43.84,0.0000,0.0866,2.487284
721,loot,driving_B_2019.12.16_12.27.05.csv,train/driving_B_2019.12.16_12.27.05.csv#block-000@time-720.000s,block-000,720.000,3.8009,3.80,3.80,0.0000,0.0853,2.376831
722,redandblack,driving_B_2020.01.16_09.56.56.csv,train/driving_B_2020.01.16_09.56.56.csv#block-000@time-360.000s,block-000,360.000,57.8932,57.89,57.89,0.0000,0.0840,2.416938
723,soldier,driving_B_2020.01.16_12.10.03.csv,train/driving_B_2020.01.16_12.10.03.csv#block-000@time-120.000s,block-000,120.000,71.4490,71.45,71.45,0.1529,0.0828,2.301724
724,longdress,driving_B_2020.02.13_15.02.01.csv,train/driving_B_2020.02.13_15.02.01.csv#block-000@time-360.000s,block-000,360.000,56.9734,56.97,56.97,0.0000,0.0815,2.294641
725,loot,driving_B_2020.02.14_12.58.17.csv,train/driving_B_2020.02.14_12.58.17.csv#block-000@time-0.000s,block-000,0.000,26.9495,26.95,26.95,0.0000,0.0802,2.449248
726,redandblack,driving_B_2020.02.27_17.30.15.csv,train/driving_B_2020.02.27_17.30.15.csv#block-002@time-413.000s,block-002,413.000,31.2570,31.26,31.26,0.0000,0.0790,2.369205
727,soldier,driving_B_2020.01.16_07.26.43.csv,train/driving_B_2020.01.16_07.26.43.csv#block-000@time-240.000s,block-000,240.000,20.9888,20.99,20.99,0.0000,0.0777,2.450770
728,longdress,driving_B_2020.02.13_13.03.24.csv,train/driving_B_2020.02.13_13.03.24.csv#block-007@time-2290.000s,block-007,2290.000,-119.3354,-119.34,-119.34,0.0000,0.0764,2.301614
729,loot,driving_B_2020.02.13_13.03.24.csv,train/driving_B_2020.02.13_13.03.24.csv#block-000@time-480.000s,block-000,480.000,25.7428,25.74,25.74,0.0000,0.0752,2.471442
730,redandblack,static_B_2020.02.14_13.21.26.csv,train/static_B_2020.02.14_13.21.26.csv#block-000@time-0.000s,block-000,0.000,53.7250,53.73,53.73,0.0000,0.0739,2.531534
731,soldier,driving_B_2020.01.16_12.10.03.csv,train/driving_B_2020.01.16_12.10.03.csv#block-000@time-360.000s,block-000,360.000,63.2729,63.27,63.27,0.0000,0.0726,2.334532
732,longdress,driving_B_2020.01.16_12.10.03.csv,train/driving_B_2020.01.16_12.10.03.csv#block-000@time-120.000s,block-000,120.000,82.7487,82.75,82.75,0.0000,0.0714,2.368819
733,loot,driving_B_2020.02.27_17.30.15.csv,train/driving_B_2020.02.27_17.30.15.csv#block-002@time-533.000s,block-002,533.000,-76.7792,-76.78,-76.78,0.0000,0.0701,2.295483
734,redandblack,static_B_2019.12.16_13.40.04.csv,train/static_B_2019.12.16_13.40.04.csv#block-000@time-0.000s,block-000,0.000,70.7303,70.73,70.73,0.0000,0.0688,2.313389
735,soldier,driving_B_2020.02.13_13.03.24.csv,train/driving_B_2020.02.13_13.03.24.csv#block-001@time-1034.000s,block-001,1034.000,-18.1011,-18.10,-18.10,0.0000,0.0676,2.382537
736,longdress,static_B_2019.12.16_13.40.04.csv,train/static_B_2019.12.16_13.40.04.csv#block-005@time-1706.000s,block-005,1706.000,49.2113,49.21,49.21,0.0000,0.0663,2.354770
737,loot,driving_B_2020.02.14_09.38.22.csv,train/driving_B_2020.02.14_09.38.22.csv#block-000@time-540.000s,block-000,540.000,24.1743,24.17,24.17,0.0000,0.0650,2.437725
738,redandblack,static_B_2019.12.16_13.40.04.csv,train/static_B_2019.12.16_13.40.04.csv#block-000@time-300.000s,block-000,300.000,40.8292,40.83,40.83,0.0000,0.0637,2.321792
739,soldier,driving_B_2020.01.16_12.10.03.csv,train/driving_B_2020.01.16_12.10.03.csv#block-000@time-120.000s,block-000,120.000,82.9600,82.96,82.96,0.0000,0.0625,2.306704
740,longdress,driving_B_2020.01.16_07.26.43.csv,train/driving_B_2020.01.16_07.26.43.csv#block-000@time-660.000s,block-000,660.000,29.4211,29.42,29.42,0.0000,0.0612,2.033625
741,loot,driving_B_2020.01.16_07.26.43.csv,train/driving_B_2020.01.16_07.26.43.csv#block-000@time-1680.000s,block-000,1680.000,12.7011,12.70,12.70,0.0000,0.0599,2.252747
742,redandblack,driving_B_2019.12.17_07.32.39.csv,train/driving_B_2019.12.17_07.32.39.csv#block-003@time-1714.000s,block-003,1714.000,1.8446,1.84,1.84,0.0000,0.0587,2.172957
743,soldier,static_B_2019.12.16_13.40.04.csv,train/static_B_2019.12.16_13.40.04.csv#block-005@time-1946.000s,block-005,1946.000,58.9961,59.00,59.00,0.0000,0.0574,2.451199
744,longdress,driving_B_2020.02.13_15.02.01.csv,train/driving_B_2020.02.13_15.02.01.csv#block-000@time-1380.000s,block-000,1380.000,45.3391,45.34,45.34,0.0000,0.0561,2.596443
745,loot,driving_B_2020.01.16_07.26.43.csv,train/driving_B_2020.01.16_07.26.43.csv#block-000@time-1200.000s,block-000,1200.000,55.2128,55.21,55.21,0.0000,0.0549,2.382420
746,redandblack,driving_B_2020.01.16_12.10.03.csv,train/driving_B_2020.01.16_12.10.03.csv#block-000@time-60.000s,block-000,60.000,56.5268,56.53,56.53,0.0000,0.0536,2.500705
747,soldier,static_B_2020.02.27_18.39.27.csv,train/static_B_2020.02.27_18.39.27.csv#block-001@time-12.000s,block-001,12.000,78.8941,78.89,78.89,0.7820,0.0523,2.347632
748,longdress,driving_B_2020.02.27_17.30.15.csv,train/driving_B_2020.02.27_17.30.15.csv#block-002@time-413.000s,block-002,413.000,26.0982,26.10,26.10,0.0000,0.0511,2.298943
749,loot,driving_B_2020.01.16_07.26.43.csv,train/driving_B_2020.01.16_07.26.43.csv#block-000@time-960.000s,block-000,960.000,11.9380,11.94,11.94,0.0000,0.0500,2.409230
750,redandblack,static_B_2020.02.14_13.21.26.csv,train/static_B_2020.02.14_13.21.26.csv#block-000@time-60.000s,block-000,60.000,87.6822,87.68,87.68,0.8329,0.0500,2.363090
751,soldier,driving_B_2019.12.17_07.32.39.csv,train/driving_B_2019.12.17_07.32.39.csv#block-003@time-1534.000s,block-003,1534.000,43.3527,43.35,43.35,0.0000,0.0500,2.335333
752,longdress,static_B_2019.12.16_13.40.04.csv,train/static_B_2019.12.16_13.40.04.csv#block-001@time-895.000s,block-001,895.000,50.9009,50.90,50.90,0.0000,0.0500,2.410262
753,loot,driving_B_2020.01.16_09.56.56.csv,train/driving_B_2020.01.16_09.56.56.csv#block-001@time-879.000s,block-001,879.000,61.7997,61.80,61.80,0.0000,0.0500,2.336778
754,redandblack,static_B_2020.02.27_18.39.27.csv,train/static_B_2020.02.27_18.39.27.csv#block-001@time-2832.000s,block-001,2832.000,74.4847,74.48,74.48,0.0000,0.0500,2.236373
755,soldier,driving_B_2020.01.16_09.56.56.csv,train/driving_B_2020.01.16_09.56.56.csv#block-001@time-1119.000s,block-001,1119.000,76.7044,76.70,76.70,0.4562,0.0500,2.313271
756,longdress,driving_B_2020.02.27_17.30.15.csv,train/driving_B_2020.02.27_17.30.15.csv#block-002@time-353.000s,block-002,353.000,-67.9514,-67.95,-67.95,0.0000,0.0500,2.243834
757,loot,driving_B_2020.02.13_13.03.24.csv,train/driving_B_2020.02.13_13.03.24.csv#block-000@time-600.000s,block-000,600.000,33.3821,33.38,33.38,0.0000,0.0500,2.025798
758,redandblack,driving_B_2020.01.16_09.56.56.csv,train/driving_B_2020.01.16_09.56.56.csv#block-000@time-60.000s,block-000,60.000,32.7662,32.77,32.77,0.0000,0.0500,2.297552
759,soldier,driving_B_2020.02.14_09.38.22.csv,train/driving_B_2020.02.14_09.38.22.csv#block-000@time-1080.000s,block-000,1080.000,78.2824,78.28,78.28,0.0000,0.0500,2.525896
760,longdress,driving_B_2019.12.17_07.32.39.csv,train/driving_B_2019.12.17_07.32.39.csv#block-003@time-1594.000s,block-003,1594.000,19.0502,19.05,19.05,0.0000,0.0500,2.413846
761,loot,driving_B_2020.02.13_15.02.01.csv,train/driving_B_2020.02.13_15.02.01.csv#block-000@time-1680.000s,block-000,1680.000,28.8023,28.80,28.80,0.0000,0.0500,2.244985
762,redandblack,driving_B_2020.01.16_12.10.03.csv,train/driving_B_2020.01.16_12.10.03.csv#block-000@time-120.000s,block-000,120.000,82.0422,82.04,82.04,1.4086,0.0500,2.380726
763,soldier,driving_B_2019.12.16_12.27.05.csv,train/driving_B_2019.12.16_12.27.05.csv#block-000@time-360.000s,block-000,360.000,16.8711,16.87,16.87,0.0000,0.0500,2.263028
764,longdress,driving_B_2020.02.14_09.38.22.csv,train/driving_B_2020.02.14_09.38.22.csv#block-000@time-1020.000s,block-000,1020.000,80.7776,80.78,80.78,0.0000,0.0500,2.212862
765,loot,driving_B_2020.01.16_12.10.03.csv,train/driving_B_2020.01.16_12.10.03.csv#block-000@time-300.000s,block-000,300.000,38.9565,38.96,38.96,0.0000,0.0500,2.421746
766,redandblack,static_B_2019.12.16_13.40.04.csv,train/static_B_2019.12.16_13.40.04.csv#block-001@time-595.000s,block-001,595.000,76.9846,76.98,76.98,0.0000,0.0500,2.597272
767,soldier,driving_B_2020.01.16_09.56.56.csv,train/driving_B_2020.01.16_09.56.56.csv#block-001@time-519.000s,block-001,519.000,37.0314,37.03,37.03,0.0000,0.0500,2.494040
768,longdress,driving_B_2019.12.16_12.27.05.csv,train/driving_B_2019.12.16_12.27.05.csv#block-000@time-1260.000s,block-000,1260.000,67.8599,67.86,67.86,1.5631,0.0500,2.375929
769,loot,driving_B_2020.02.14_12.58.17.csv,train/driving_B_2020.02.14_12.58.17.csv#block-002@time-716.000s,block-002,716.000,37.7126,37.71,37.71,0.0000,0.0500,2.427885
770,redandblack,driving_B_2019.12.16_12.27.05.csv,train/driving_B_2019.12.16_12.27.05.csv#block-000@time-540.000s,block-000,540.000,10.3961,10.40,10.40,0.0000,0.0500,2.427694
771,soldier,static_B_2020.02.14_13.21.26.csv,train/static_B_2020.02.14_13.21.26.csv#block-000@time-300.000s,block-000,300.000,43.9624,43.96,43.96,0.0000,0.0500,2.324362
772,longdress,driving_B_2020.02.14_09.38.22.csv,train/driving_B_2020.02.14_09.38.22.csv#block-000@time-60.000s,block-000,60.000,29.3600,29.36,29.36,0.0000,0.0500,2.190334
773,loot,driving_B_2020.02.14_09.38.22.csv,train/driving_B_2020.02.14_09.38.22.csv#block-000@time-180.000s,block-000,180.000,9.5787,9.58,9.58,0.0000,0.0500,2.537796
774,redandblack,driving_B_2020.01.16_09.56.56.csv,train/driving_B_2020.01.16_09.56.56.csv#block-000@time-300.000s,block-000,300.000,85.6045,85.60,85.60,0.0000,0.0500,2.720313
775,soldier,static_B_2020.02.27_18.39.27.csv,train/static_B_2020.02.27_18.39.27.csv#block-001@time-132.000s,block-001,132.000,71.6347,71.63,71.63,0.0000,0.0500,2.224370
776,longdress,driving_B_2020.02.13_15.02.01.csv,train/driving_B_2020.02.13_15.02.01.csv#block-000@time-2700.000s,block-000,2700.000,3.4559,3.46,3.46,0.0000,0.0500,2.620439
777,loot,driving_B_2020.02.14_12.58.17.csv,train/driving_B_2020.02.14_12.58.17.csv#block-002@time-716.000s,block-002,716.000,39.2347,39.23,39.23,0.0000,0.0500,2.140409
778,redandblack,driving_B_2019.12.16_12.27.05.csv,train/driving_B_2019.12.16_12.27.05.csv#block-000@time-1260.000s,block-000,1260.000,86.7632,86.76,86.76,1.4219,0.0500,2.241904
779,soldier,driving_B_2020.02.13_15.02.01.csv,train/driving_B_2020.02.13_15.02.01.csv#block-000@time-180.000s,block-000,180.000,58.6168,58.62,58.62,0.0000,0.0500,2.510421
780,longdress,static_B_2020.02.27_18.39.27.csv,train/static_B_2020.02.27_18.39.27.csv#block-001@time-6612.000s,block-001,6612.000,79.3773,79.38,79.38,0.0000,0.0500,2.544937
781,loot,driving_B_2020.02.13_15.02.01.csv,train/driving_B_2020.02.13_15.02.01.csv#block-000@time-1320.000s,block-000,1320.000,49.4349,49.43,49.43,0.0000,0.0500,2.474458
782,redandblack,static_B_2020.02.27_18.39.27.csv,train/static_B_2020.02.27_18.39.27.csv#block-001@time-6072.000s,block-001,6072.000,86.6211,86.62,86.62,1.3270,0.0500,2.369527
783,soldier,driving_B_2019.12.17_07.32.39.csv,train/driving_B_2019.12.17_07.32.39.csv#block-000@time-60.000s,block-000,60.000,29.2178,29.22,29.22,0.0000,0.0500,2.507036
784,longdress,driving_B_2020.01.16_07.26.43.csv,train/driving_B_2020.01.16_07.26.43.csv#block-000@time-600.000s,block-000,600.000,28.3644,28.36,28.36,0.0000,0.0500,2.305305
785,loot,driving_B_2020.02.13_13.03.24.csv,train/driving_B_2020.02.13_13.03.24.csv#block-001@time-1154.000s,block-001,1154.000,17.4437,17.44,17.44,0.0000,0.0500,2.425552
786,redandblack,static_B_2019.12.16_13.40.04.csv,train/static_B_2019.12.16_13.40.04.csv#block-005@time-1766.000s,block-005,1766.000,87.6744,87.67,87.67,0.4928,0.0500,2.468707
787,soldier,driving_B_2020.01.16_12.10.03.csv,train/driving_B_2020.01.16_12.10.03.csv#block-000@time-180.000s,block-000,180.000,82.6651,82.67,82.67,0.0000,0.0500,2.402094
788,longdress,driving_B_2020.02.14_12.58.17.csv,train/driving_B_2020.02.14_12.58.17.csv#block-002@time-536.000s,block-002,536.000,-43.2378,-43.24,-43.24,0.0000,0.0500,2.163771
789,loot,driving_B_2020.02.14_12.58.17.csv,train/driving_B_2020.02.14_12.58.17.csv#block-002@time-656.000s,block-002,656.000,42.7458,42.75,42.75,0.0000,0.0500,2.290851
790,redandblack,driving_B_2020.02.14_09.38.22.csv,train/driving_B_2020.02.14_09.38.22.csv#block-000@time-480.000s,block-000,480.000,21.1116,21.11,21.11,0.0000,0.0500,2.235094
791,soldier,driving_B_2020.01.16_09.56.56.csv,train/driving_B_2020.01.16_09.56.56.csv#block-001@time-999.000s,block-001,999.000,-15.3016,-15.30,-15.30,0.0000,0.0500,2.406838
792,longdress,driving_B_2020.01.16_12.10.03.csv,train/driving_B_2020.01.16_12.10.03.csv#block-000@time-60.000s,block-000,60.000,41.6550,41.65,41.65,0.0000,0.0500,2.149275
793,loot,driving_B_2020.01.16_09.56.56.csv,train/driving_B_2020.01.16_09.56.56.csv#block-001@time-1359.000s,block-001,1359.000,35.0045,35.00,35.00,0.0000,0.0500,2.129861
794,redandblack,driving_B_2020.01.16_07.26.43.csv,train/driving_B_2020.01.16_07.26.43.csv#block-000@time-120.000s,block-000,120.000,39.9827,39.98,39.98,0.0000,0.0500,2.376722
795,soldier,static_B_2019.12.16_13.40.04.csv,train/static_B_2019.12.16_13.40.04.csv#block-001@time-1135.000s,block-001,1135.000,42.9695,42.97,42.97,0.0000,0.0500,2.308224
796,longdress,static_B_2020.02.27_18.39.27.csv,train/static_B_2020.02.27_18.39.27.csv#block-001@time-2952.000s,block-001,2952.000,62.6586,62.66,62.66,0.0000,0.0500,2.192311
797,loot,driving_B_2020.01.16_12.10.03.csv,train/driving_B_2020.01.16_12.10.03.csv#block-000@time-360.000s,block-000,360.000,75.8350,75.84,75.84,0.0000,0.0500,2.293400
798,redandblack,driving_B_2019.12.17_07.32.39.csv,train/driving_B_2019.12.17_07.32.39.csv#block-000@time-1020.000s,block-000,1020.000,33.9550,33.95,33.95,0.0000,0.0500,2.293252
799,soldier,driving_B_2020.02.27_17.30.15.csv,train/driving_B_2020.02.27_17.30.15.csv#block-002@time-533.000s,block-002,533.000,-57.2633,-57.26,-57.26,0.0000,0.0500,2.400313
800,longdress,driving_B_2019.12.16_12.27.05.csv,train/driving_B_2019.12.16_12.27.05.csv#block-000@time-780.000s,block-000,780.000,29.5714,29.57,29.57,0.0000,0.0500,2.238638
801,loot,driving_B_2020.01.16_07.26.43.csv,train/driving_B_2020.01.16_07.26.43.csv#block-000@time-1260.000s,block-000,1260.000,44.3185,44.32,44.32,0.0000,0.0500,2.051175
802,redandblack,static_B_2020.02.14_13.21.26.csv,train/static_B_2020.02.14_13.21.26.csv#block-000@time-300.000s,block-000,300.000,56.2985,56.30,56.30,0.0000,0.0500,2.235249
803,soldier,driving_B_2020.01.16_07.26.43.csv,train/driving_B_2020.01.16_07.26.43.csv#block-000@time-540.000s,block-000,540.000,7.2813,7.28,7.28,0.0000,0.0500,3.099471
804,longdress,driving_B_2020.02.27_17.30.15.csv,train/driving_B_2020.02.27_17.30.15.csv#block-002@time-473.000s,block-002,473.000,9.7812,9.78,9.78,0.0000,0.0500,2.587487
805,loot,driving_B_2020.01.16_07.26.43.csv,train/driving_B_2020.01.16_07.26.43.csv#block-000@time-1620.000s,block-000,1620.000,26.0412,26.04,26.04,0.0000,0.0500,2.480305
806,redandblack,driving_B_2020.01.16_09.56.56.csv,train/driving_B_2020.01.16_09.56.56.csv#block-001@time-639.000s,block-001,639.000,79.6357,79.64,79.64,0.0000,0.0500,2.779745
807,soldier,driving_B_2019.12.16_12.27.05.csv,train/driving_B_2019.12.16_12.27.05.csv#block-000@time-960.000s,block-000,960.000,87.2280,87.23,87.23,0.0000,0.0500,2.536737
808,longdress,static_B_2019.12.16_13.40.04.csv,train/static_B_2019.12.16_13.40.04.csv#block-001@time-1015.000s,block-001,1015.000,38.3038,38.30,38.30,0.0000,0.0500,2.464336
809,loot,driving_B_2020.02.13_15.02.01.csv,train/driving_B_2020.02.13_15.02.01.csv#block-000@time-780.000s,block-000,780.000,42.1420,42.14,42.14,0.0000,0.0500,2.738419
810,redandblack,driving_B_2019.12.16_12.27.05.csv,train/driving_B_2019.12.16_12.27.05.csv#block-000@time-840.000s,block-000,840.000,50.9301,50.93,50.93,0.0000,0.0500,2.297492
811,soldier,driving_B_2019.12.16_12.27.05.csv,train/driving_B_2019.12.16_12.27.05.csv#block-000@time-900.000s,block-000,900.000,82.6704,82.67,82.67,0.2796,0.0500,2.457500
812,longdress,driving_B_2020.01.16_12.10.03.csv,train/driving_B_2020.01.16_12.10.03.csv#block-000@time-60.000s,block-000,60.000,47.4875,47.49,47.49,0.0000,0.0500,2.318654
813,loot,driving_B_2020.02.13_13.03.24.csv,train/driving_B_2020.02.13_13.03.24.csv#block-001@time-1694.000s,block-001,1694.000,28.0771,28.08,28.08,0.0000,0.0500,2.442651
814,redandblack,driving_B_2020.02.13_13.03.24.csv,train/driving_B_2020.02.13_13.03.24.csv#block-001@time-1994.000s,block-001,1994.000,59.4187,59.42,59.42,0.0000,0.0500,2.326998
815,soldier,driving_B_2020.02.27_17.30.15.csv,train/driving_B_2020.02.27_17.30.15.csv#block-002@time-413.000s,block-002,413.000,24.3847,24.38,24.38,0.0000,0.0500,2.368779
816,longdress,driving_B_2020.02.27_17.30.15.csv,train/driving_B_2020.02.27_17.30.15.csv#block-002@time-473.000s,block-002,473.000,-74.8506,-74.85,-74.85,0.0000,0.0500,2.540373
817,loot,driving_B_2019.12.17_07.32.39.csv,train/driving_B_2019.12.17_07.32.39.csv#block-000@time-840.000s,block-000,840.000,30.6490,30.65,30.65,0.0000,0.0500,2.375798
818,redandblack,driving_B_2020.02.27_17.30.15.csv,train/driving_B_2020.02.27_17.30.15.csv#block-002@time-353.000s,block-002,353.000,9.4834,9.48,9.48,0.0000,0.0500,2.368365
819,soldier,static_B_2020.02.14_13.21.26.csv,train/static_B_2020.02.14_13.21.26.csv#block-000@time-180.000s,block-000,180.000,76.2602,76.26,76.26,0.1950,0.0500,2.572851
820,longdress,driving_B_2020.01.16_09.56.56.csv,train/driving_B_2020.01.16_09.56.56.csv#block-001@time-759.000s,block-001,759.000,36.4271,36.43,36.43,0.0000,0.0500,2.223183
821,loot,static_B_2019.12.16_13.40.04.csv,train/static_B_2019.12.16_13.40.04.csv#block-005@time-1646.000s,block-005,1646.000,87.9641,87.96,87.96,0.4216,0.0500,2.336611
822,redandblack,driving_B_2020.02.13_13.03.24.csv,train/driving_B_2020.02.13_13.03.24.csv#block-001@time-1334.000s,block-001,1334.000,30.8286,30.83,30.83,0.0000,0.0500,2.519113
823,soldier,static_B_2020.02.14_13.21.26.csv,train/static_B_2020.02.14_13.21.26.csv#block-000@time-1080.000s,block-000,1080.000,79.3094,79.31,79.31,0.0000,0.0500,2.293855
824,longdress,static_B_2019.12.16_13.40.04.csv,train/static_B_2019.12.16_13.40.04.csv#block-001@time-835.000s,block-001,835.000,85.4498,85.45,85.45,0.0000,0.0500,2.550957
825,loot,static_B_2020.02.27_18.39.27.csv,train/static_B_2020.02.27_18.39.27.csv#block-001@time-5412.000s,block-001,5412.000,78.3982,78.40,78.40,0.0000,0.0500,2.366706
826,redandblack,driving_B_2019.12.16_12.27.05.csv,train/driving_B_2019.12.16_12.27.05.csv#block-000@time-1140.000s,block-000,1140.000,53.2809,53.28,53.28,0.0000,0.0500,2.631429
827,soldier,driving_B_2020.02.14_12.58.17.csv,train/driving_B_2020.02.14_12.58.17.csv#block-002@time-596.000s,block-002,596.000,19.5043,19.50,19.50,0.0000,0.0500,2.453318
828,longdress,driving_B_2020.01.16_12.10.03.csv,train/driving_B_2020.01.16_12.10.03.csv#block-000@time-180.000s,block-000,180.000,86.2554,86.26,86.26,0.0000,0.0500,2.381735
829,loot,driving_B_2019.12.16_12.27.05.csv,train/driving_B_2019.12.16_12.27.05.csv#block-000@time-1200.000s,block-000,1200.000,33.6661,33.67,33.67,0.0000,0.0500,2.466549
830,redandblack,driving_B_2020.02.13_15.02.01.csv,train/driving_B_2020.02.13_15.02.01.csv#block-000@time-1200.000s,block-000,1200.000,56.1547,56.15,56.15,0.0000,0.0500,2.496574
831,soldier,driving_B_2020.02.27_17.30.15.csv,train/driving_B_2020.02.27_17.30.15.csv#block-002@time-293.000s,block-002,293.000,-93.8738,-93.87,-93.87,0.0000,0.0500,2.531912
832,longdress,driving_B_2019.12.16_12.27.05.csv,train/driving_B_2019.12.16_12.27.05.csv#block-000@time-600.000s,block-000,600.000,14.6187,14.62,14.62,0.0000,0.0500,2.360281
833,redandblack,driving_B_2020.02.13_15.02.01.csv,train/driving_B_2020.02.13_15.02.01.csv#block-000@time-1620.000s,block-000,1620.000,29.6244,29.62,29.62,0.0000,0.0500,2.427599
834,soldier,static_B_2020.02.14_13.21.26.csv,train/static_B_2020.02.14_13.21.26.csv#block-000@time-60.000s,block-000,60.000,78.1690,78.17,78.17,0.4008,0.0500,2.421168
835,longdress,driving_B_2020.01.16_12.10.03.csv,train/driving_B_2020.01.16_12.10.03.csv#block-000@time-60.000s,block-000,60.000,42.2394,42.24,42.24,0.0000,0.0500,2.420527
836,loot,static_B_2019.12.16_13.40.04.csv,train/static_B_2019.12.16_13.40.04.csv#block-000@time-300.000s,block-000,300.000,46.6426,46.64,46.64,0.0000,0.0500,2.512240
837,redandblack,driving_B_2020.01.16_12.10.03.csv,train/driving_B_2020.01.16_12.10.03.csv#block-000@time-60.000s,block-000,60.000,54.7510,54.75,54.75,0.0000,0.0500,2.195861
838,soldier,driving_B_2020.01.16_07.26.43.csv,train/driving_B_2020.01.16_07.26.43.csv#block-000@time-780.000s,block-000,780.000,26.9166,26.92,26.92,0.0000,0.0500,2.560069
839,longdress,driving_B_2020.02.14_12.58.17.csv,train/driving_B_2020.02.14_12.58.17.csv#block-002@time-596.000s,block-002,596.000,25.5309,25.53,25.53,0.0000,0.0500,2.369030
840,loot,driving_B_2020.02.14_09.38.22.csv,train/driving_B_2020.02.14_09.38.22.csv#block-000@time-300.000s,block-000,300.000,17.7892,17.79,17.79,0.0000,0.0500,2.258367
841,redandblack,driving_B_2020.01.16_07.26.43.csv,train/driving_B_2020.01.16_07.26.43.csv#block-000@time-1020.000s,block-000,1020.000,4.4893,4.49,4.49,0.0000,0.0500,2.523918
842,soldier,driving_B_2019.12.16_12.27.05.csv,train/driving_B_2019.12.16_12.27.05.csv#block-000@time-1020.000s,block-000,1020.000,77.9627,77.96,77.96,0.0000,0.0500,2.268632
843,longdress,driving_B_2020.02.14_12.58.17.csv,train/driving_B_2020.02.14_12.58.17.csv#block-002@time-596.000s,block-002,596.000,30.4754,30.48,30.48,0.0000,0.0500,2.474812
844,loot,static_B_2019.12.16_13.40.04.csv,train/static_B_2019.12.16_13.40.04.csv#block-000@time-240.000s,block-000,240.000,60.3299,60.33,60.33,0.0000,0.0500,2.656613
845,redandblack,driving_B_2020.02.13_13.03.24.csv,train/driving_B_2020.02.13_13.03.24.csv#block-000@time-660.000s,block-000,660.000,26.1767,26.18,26.18,0.0000,0.0500,2.443436
846,soldier,driving_B_2020.01.16_12.10.03.csv,train/driving_B_2020.01.16_12.10.03.csv#block-000@time-120.000s,block-000,120.000,87.2695,87.27,87.27,0.0000,0.0500,2.344193
847,longdress,driving_B_2020.01.16_09.56.56.csv,train/driving_B_2020.01.16_09.56.56.csv#block-001@time-1299.000s,block-001,1299.000,52.7048,52.70,52.70,0.0000,0.0500,2.146385
848,loot,static_B_2020.02.27_18.39.27.csv,train/static_B_2020.02.27_18.39.27.csv#block-001@time-3612.000s,block-001,3612.000,-64.6410,-64.64,-64.64,0.0000,0.0500,2.435788
849,redandblack,driving_B_2020.02.14_09.38.22.csv,train/driving_B_2020.02.14_09.38.22.csv#block-000@time-360.000s,block-000,360.000,11.0260,11.03,11.03,0.0000,0.0500,2.313817
850,soldier,driving_B_2020.02.27_17.30.15.csv,train/driving_B_2020.02.27_17.30.15.csv#block-002@time-293.000s,block-002,293.000,-93.0503,-93.05,-93.05,0.0000,0.0500,2.142383
851,longdress,static_B_2020.02.14_13.21.26.csv,train/static_B_2020.02.14_13.21.26.csv#block-000@time-540.000s,block-000,540.000,79.6849,79.68,79.68,0.0000,0.0500,2.413618
852,loot,driving_B_2019.12.17_07.32.39.csv,train/driving_B_2019.12.17_07.32.39.csv#block-000@time-1320.000s,block-000,1320.000,40.0788,40.08,40.08,0.0000,0.0500,2.566230
853,redandblack,driving_B_2020.02.13_15.02.01.csv,train/driving_B_2020.02.13_15.02.01.csv#block-000@time-1320.000s,block-000,1320.000,52.2949,52.29,52.29,0.0000,0.0500,2.436810
854,soldier,driving_B_2020.01.16_07.26.43.csv,train/driving_B_2020.01.16_07.26.43.csv#block-000@time-900.000s,block-000,900.000,38.8338,38.83,38.83,0.0000,0.0500,2.481375
855,longdress,driving_B_2020.02.13_13.03.24.csv,train/driving_B_2020.02.13_13.03.24.csv#block-001@time-1754.000s,block-001,1754.000,27.1217,27.12,27.12,0.0000,0.0500,2.491261
856,loot,static_B_2020.02.27_18.39.27.csv,train/static_B_2020.02.27_18.39.27.csv#block-001@time-4152.000s,block-001,4152.000,86.9050,86.90,86.90,0.6971,0.0500,2.419430
857,redandblack,driving_B_2020.01.16_09.56.56.csv,train/driving_B_2020.01.16_09.56.56.csv#block-001@time-1239.000s,block-001,1239.000,50.6849,50.68,50.68,0.0000,0.0500,2.472818
858,soldier,driving_B_2019.12.17_07.32.39.csv,train/driving_B_2019.12.17_07.32.39.csv#block-003@time-1774.000s,block-003,1774.000,27.2316,27.23,27.23,0.0000,0.0500,2.349708
859,longdress,driving_B_2020.02.14_09.38.22.csv,train/driving_B_2020.02.14_09.38.22.csv#block-000@time-1020.000s,block-000,1020.000,74.6795,74.68,74.68,0.0000,0.0500,2.423669
860,loot,driving_B_2020.02.14_12.58.17.csv,train/driving_B_2020.02.14_12.58.17.csv#block-000@time-0.000s,block-000,0.000,28.0342,28.03,28.03,0.0000,0.0500,2.195236
861,redandblack,driving_B_2020.02.14_12.58.17.csv,train/driving_B_2020.02.14_12.58.17.csv#block-000@time-0.000s,block-000,0.000,41.7410,41.74,41.74,0.0000,0.0500,2.228741
862,soldier,static_B_2020.02.27_18.39.27.csv,train/static_B_2020.02.27_18.39.27.csv#block-001@time-132.000s,block-001,132.000,77.3232,77.32,77.32,0.0000,0.0500,2.487153
863,longdress,static_B_2020.02.14_13.21.26.csv,train/static_B_2020.02.14_13.21.26.csv#block-000@time-840.000s,block-000,840.000,84.5414,84.54,84.54,0.0000,0.0500,2.323990
864,loot,driving_B_2020.01.16_12.10.03.csv,train/driving_B_2020.01.16_12.10.03.csv#block-000@time-240.000s,block-000,240.000,89.9832,89.98,89.98,0.7367,0.0500,2.330543
865,redandblack,driving_B_2020.01.16_09.56.56.csv,train/driving_B_2020.01.16_09.56.56.csv#block-000@time-60.000s,block-000,60.000,7.2712,7.27,7.27,0.0000,0.0500,2.604134
866,soldier,driving_B_2020.02.27_17.30.15.csv,train/driving_B_2020.02.27_17.30.15.csv#block-002@time-293.000s,block-002,293.000,-123.4762,-123.48,-123.48,0.0000,0.0500,2.312464
867,longdress,static_B_2020.02.27_18.39.27.csv,train/static_B_2020.02.27_18.39.27.csv#block-001@time-5772.000s,block-001,5772.000,78.7018,78.70,78.70,0.0000,0.0500,2.494392
868,loot,driving_B_2020.02.13_13.03.24.csv,train/driving_B_2020.02.13_13.03.24.csv#block-000@time-420.000s,block-000,420.000,28.9789,28.98,28.98,0.0000,0.0500,2.301308
869,redandblack,driving_B_2020.01.16_12.10.03.csv,train/driving_B_2020.01.16_12.10.03.csv#block-000@time-60.000s,block-000,60.000,55.1118,55.11,55.11,0.0000,0.0500,2.498798
870,soldier,static_B_2020.02.27_18.39.27.csv,train/static_B_2020.02.27_18.39.27.csv#block-001@time-2172.000s,block-001,2172.000,77.8593,77.86,77.86,0.0000,0.0500,2.258667
871,longdress,static_B_2019.12.16_13.40.04.csv,train/static_B_2019.12.16_13.40.04.csv#block-001@time-595.000s,block-001,595.000,76.5249,76.52,76.52,0.0000,0.0500,2.330716
872,loot,static_B_2020.02.14_13.21.26.csv,train/static_B_2020.02.14_13.21.26.csv#block-000@time-480.000s,block-000,480.000,80.7354,80.74,80.74,1.3151,0.0500,2.226705
873,redandblack,driving_B_2020.02.14_09.38.22.csv,train/driving_B_2020.02.14_09.38.22.csv#block-000@time-540.000s,block-000,540.000,30.9185,30.92,30.92,0.0000,0.0500,2.634895
874,soldier,driving_B_2019.12.17_07.32.39.csv,train/driving_B_2019.12.17_07.32.39.csv#block-003@time-1654.000s,block-003,1654.000,18.3043,18.30,18.30,0.0000,0.0500,2.385722
875,longdress,driving_B_2020.01.16_09.56.56.csv,train/driving_B_2020.01.16_09.56.56.csv#block-001@time-1659.000s,block-001,1659.000,76.1363,76.14,76.14,0.6122,0.0500,2.195441
876,loot,driving_B_2019.12.17_07.32.39.csv,train/driving_B_2019.12.17_07.32.39.csv#block-000@time-600.000s,block-000,600.000,47.7565,47.76,47.76,0.0000,0.0500,2.556099
877,redandblack,driving_B_2020.01.16_09.56.56.csv,train/driving_B_2020.01.16_09.56.56.csv#block-001@time-1239.000s,block-001,1239.000,53.2100,53.21,53.21,0.0000,0.0500,2.601949
878,soldier,driving_B_2020.02.13_13.03.24.csv,train/driving_B_2020.02.13_13.03.24.csv#block-001@time-1094.000s,block-001,1094.000,20.2761,20.28,20.28,0.0000,0.0500,2.627599
879,longdress,static_B_2019.12.16_13.40.04.csv,train/static_B_2019.12.16_13.40.04.csv#block-001@time-835.000s,block-001,835.000,82.7316,82.73,82.73,0.0000,0.0500,2.332770
880,loot,driving_B_2020.01.16_07.26.43.csv,train/driving_B_2020.01.16_07.26.43.csv#block-000@time-240.000s,block-000,240.000,12.1154,12.12,12.12,0.0000,0.0500,2.235441
881,redandblack,driving_B_2020.01.16_07.26.43.csv,train/driving_B_2020.01.16_07.26.43.csv#block-000@time-1500.000s,block-000,1500.000,35.5036,35.50,35.50,0.0000,0.0500,2.121780
882,soldier,static_B_2020.02.14_13.21.26.csv,train/static_B_2020.02.14_13.21.26.csv#block-000@time-720.000s,block-000,720.000,82.6533,82.65,82.65,0.0000,0.0500,2.381588
883,longdress,driving_B_2020.01.16_09.56.56.csv,train/driving_B_2020.01.16_09.56.56.csv#block-000@time-360.000s,block-000,360.000,48.7764,48.78,48.78,0.0000,0.0500,2.791238
884,loot,driving_B_2020.01.16_12.10.03.csv,train/driving_B_2020.01.16_12.10.03.csv#block-000@time-60.000s,block-000,60.000,57.0674,57.07,57.07,0.0000,0.0500,2.363977
885,redandblack,driving_B_2020.02.14_12.58.17.csv,train/driving_B_2020.02.14_12.58.17.csv#block-002@time-536.000s,block-002,536.000,-27.9101,-27.91,-27.91,0.0000,0.0500,2.192958
886,soldier,static_B_2020.02.14_13.21.26.csv,train/static_B_2020.02.14_13.21.26.csv#block-000@time-240.000s,block-000,240.000,77.7245,77.72,77.72,0.2742,0.0500,2.299715
887,longdress,driving_B_2020.02.13_15.02.01.csv,train/driving_B_2020.02.13_15.02.01.csv#block-000@time-180.000s,block-000,180.000,58.1910,58.19,58.19,0.0000,0.0500,2.196289
888,loot,driving_B_2019.12.16_12.27.05.csv,train/driving_B_2019.12.16_12.27.05.csv#block-000@time-540.000s,block-000,540.000,7.3729,7.37,7.37,0.0000,0.0500,2.203113
889,redandblack,driving_B_2019.12.16_12.27.05.csv,train/driving_B_2019.12.16_12.27.05.csv#block-000@time-1080.000s,block-000,1080.000,79.0312,79.03,79.03,0.0000,0.0500,2.185843
890,soldier,driving_B_2020.02.27_17.30.15.csv,train/driving_B_2020.02.27_17.30.15.csv#block-002@time-533.000s,block-002,533.000,-34.5040,-34.50,-34.50,0.0000,0.0500,2.154134
891,longdress,driving_B_2020.01.16_12.10.03.csv,train/driving_B_2020.01.16_12.10.03.csv#block-000@time-0.000s,block-000,0.000,75.8225,75.82,75.82,0.4488,0.0500,2.313509
892,loot,driving_B_2020.02.14_12.58.17.csv,train/driving_B_2020.02.14_12.58.17.csv#block-000@time-0.000s,block-000,0.000,39.6984,39.70,39.70,0.0000,0.0500,2.304583
893,redandblack,static_B_2019.12.16_13.40.04.csv,train/static_B_2019.12.16_13.40.04.csv#block-006@time-2172.000s,block-006,2172.000,88.2421,88.24,88.24,1.1444,0.0500,2.001729
894,soldier,driving_B_2020.01.16_09.56.56.csv,train/driving_B_2020.01.16_09.56.56.csv#block-001@time-1599.000s,block-001,1599.000,71.9161,71.92,71.92,0.0000,0.0500,2.342422
895,longdress,driving_B_2020.01.16_09.56.56.csv,train/driving_B_2020.01.16_09.56.56.csv#block-001@time-1119.000s,block-001,1119.000,77.4062,77.41,77.41,0.0000,0.0500,2.450185
896,loot,driving_B_2020.01.16_12.10.03.csv,train/driving_B_2020.01.16_12.10.03.csv#block-000@time-360.000s,block-000,360.000,73.8775,73.88,73.88,0.0000,0.0500,2.463531
897,redandblack,driving_B_2020.01.16_09.56.56.csv,train/driving_B_2020.01.16_09.56.56.csv#block-000@time-300.000s,block-000,300.000,81.8954,81.90,81.90,0.0000,0.0500,2.510850
898,soldier,driving_B_2020.02.13_13.03.24.csv,train/driving_B_2020.02.13_13.03.24.csv#block-000@time-600.000s,block-000,600.000,20.6430,20.64,20.64,0.0000,0.0500,2.277904
899,longdress,static_B_2020.02.14_13.21.26.csv,train/static_B_2020.02.14_13.21.26.csv#block-000@time-360.000s,block-000,360.000,77.9824,77.98,77.98,0.0000,0.0500,2.333620
900,loot,driving_B_2019.12.17_07.32.39.csv,train/driving_B_2019.12.17_07.32.39.csv#block-000@time-900.000s,block-000,900.000,21.4643,21.46,21.46,0.0000,0.0500,2.234763
901,redandblack,driving_B_2019.12.16_12.27.05.csv,train/driving_B_2019.12.16_12.27.05.csv#block-000@time-720.000s,block-000,720.000,34.1406,34.14,34.14,0.0000,0.0500,2.429501
902,soldier,driving_B_2020.02.27_17.30.15.csv,train/driving_B_2020.02.27_17.30.15.csv#block-002@time-293.000s,block-002,293.000,-181.6780,-181.68,-181.68,0.0000,0.0500,2.479738
903,longdress,driving_B_2019.12.17_07.32.39.csv,train/driving_B_2019.12.17_07.32.39.csv#block-003@time-1894.000s,block-003,1894.000,-10.7287,-10.73,-10.73,0.0000,0.0500,2.754787
904,loot,driving_B_2020.02.27_17.30.15.csv,train/driving_B_2020.02.27_17.30.15.csv#block-002@time-353.000s,block-002,353.000,-15.0383,-15.04,-15.04,0.0000,0.0500,2.640364
905,redandblack,driving_B_2020.01.16_07.26.43.csv,train/driving_B_2020.01.16_07.26.43.csv#block-000@time-1860.000s,block-000,1860.000,31.2139,31.21,31.21,0.0000,0.0500,2.395519
906,soldier,driving_B_2019.12.16_12.27.05.csv,train/driving_B_2019.12.16_12.27.05.csv#block-000@time-480.000s,block-000,480.000,28.4768,28.48,28.48,0.0000,0.0500,2.501938
907,longdress,driving_B_2020.01.16_12.10.03.csv,train/driving_B_2020.01.16_12.10.03.csv#block-000@time-360.000s,block-000,360.000,69.0059,69.01,69.01,0.0000,0.0500,2.546053
908,loot,driving_B_2020.01.16_07.26.43.csv,train/driving_B_2020.01.16_07.26.43.csv#block-000@time-480.000s,block-000,480.000,28.4170,28.42,28.42,0.0000,0.0500,2.685555
909,redandblack,driving_B_2020.01.16_12.10.03.csv,train/driving_B_2020.01.16_12.10.03.csv#block-000@time-60.000s,block-000,60.000,55.1152,55.12,55.12,0.0000,0.0500,2.280863
910,soldier,driving_B_2020.01.16_12.10.03.csv,train/driving_B_2020.01.16_12.10.03.csv#block-000@time-360.000s,block-000,360.000,65.5074,65.51,65.51,0.0000,0.0500,2.452081
911,longdress,driving_B_2020.02.13_15.02.01.csv,train/driving_B_2020.02.13_15.02.01.csv#block-000@time-1920.000s,block-000,1920.000,43.3618,43.36,43.36,0.0000,0.0500,2.631766
912,loot,static_B_2019.12.16_13.40.04.csv,train/static_B_2019.12.16_13.40.04.csv#block-005@time-1766.000s,block-005,1766.000,89.6194,89.62,89.62,0.9519,0.0500,2.637930
913,redandblack,static_B_2020.02.27_18.39.27.csv,train/static_B_2020.02.27_18.39.27.csv#block-001@time-1032.000s,block-001,1032.000,63.7708,63.77,63.77,0.0000,0.0500,2.373956
914,soldier,driving_B_2020.02.27_17.30.15.csv,train/driving_B_2020.02.27_17.30.15.csv#block-002@time-353.000s,block-002,353.000,-40.7001,-40.70,-40.70,0.0000,0.0500,2.814197
915,longdress,driving_B_2020.01.16_07.26.43.csv,train/driving_B_2020.01.16_07.26.43.csv#block-000@time-120.000s,block-000,120.000,32.8299,32.83,32.83,0.0000,0.0500,2.740673
916,loot,driving_B_2019.12.16_12.27.05.csv,train/driving_B_2019.12.16_12.27.05.csv#block-000@time-840.000s,block-000,840.000,58.2852,58.29,58.29,0.0000,0.0500,2.364884
917,redandblack,static_B_2020.02.27_18.39.27.csv,train/static_B_2020.02.27_18.39.27.csv#block-001@time-3492.000s,block-001,3492.000,46.8700,46.87,46.87,0.0000,0.0500,2.439226
918,soldier,driving_B_2020.02.27_17.30.15.csv,train/driving_B_2020.02.27_17.30.15.csv#block-002@time-353.000s,block-002,353.000,-43.9930,-43.99,-43.99,0.0000,0.0500,2.478554
919,longdress,driving_B_2019.12.17_07.32.39.csv,train/driving_B_2019.12.17_07.32.39.csv#block-004@time-2537.000s,block-004,2537.000,81.8487,81.85,81.85,0.1820,0.0500,2.328336
920,loot,driving_B_2020.02.13_15.02.01.csv,train/driving_B_2020.02.13_15.02.01.csv#block-000@time-3000.000s,block-000,3000.000,18.7453,18.75,18.75,0.0000,0.0500,2.626836
921,redandblack,driving_B_2020.02.14_12.58.17.csv,train/driving_B_2020.02.14_12.58.17.csv#block-002@time-596.000s,block-002,596.000,24.8063,24.81,24.81,0.0000,0.0500,2.425319
922,soldier,static_B_2019.12.16_13.40.04.csv,train/static_B_2019.12.16_13.40.04.csv#block-000@time-120.000s,block-000,120.000,87.3907,87.39,87.39,0.0000,0.0500,2.666214
923,longdress,driving_B_2019.12.16_12.27.05.csv,train/driving_B_2019.12.16_12.27.05.csv#block-000@time-1260.000s,block-000,1260.000,74.6916,74.69,74.69,0.3238,0.0500,2.659929
924,loot,static_B_2020.02.27_18.39.27.csv,train/static_B_2020.02.27_18.39.27.csv#block-001@time-3012.000s,block-001,3012.000,69.4280,69.43,69.43,0.0000,0.0500,2.538205
925,redandblack,driving_B_2020.01.16_09.56.56.csv,train/driving_B_2020.01.16_09.56.56.csv#block-001@time-1059.000s,block-001,1059.000,36.9525,36.95,36.95,0.0000,0.0500,2.420842
926,soldier,static_B_2020.02.14_13.21.26.csv,train/static_B_2020.02.14_13.21.26.csv#block-000@time-1020.000s,block-000,1020.000,75.8745,75.87,75.87,0.0000,0.0500,2.625814
927,longdress,static_B_2020.02.27_18.39.27.csv,train/static_B_2020.02.27_18.39.27.csv#block-001@time-4752.000s,block-001,4752.000,70.6390,70.64,70.64,0.0000,0.0500,2.352334
928,loot,driving_B_2020.02.14_09.38.22.csv,train/driving_B_2020.02.14_09.38.22.csv#block-000@time-1140.000s,block-000,1140.000,6.5251,6.53,6.53,0.0000,0.0500,2.333498
929,redandblack,driving_B_2020.01.16_09.56.56.csv,train/driving_B_2020.01.16_09.56.56.csv#block-001@time-879.000s,block-001,879.000,48.1006,48.10,48.10,0.0000,0.0500,2.421382
930,soldier,driving_B_2020.02.27_17.30.15.csv,train/driving_B_2020.02.27_17.30.15.csv#block-002@time-473.000s,block-002,473.000,-199.0506,-199.05,-199.05,0.0000,0.0500,2.458528
931,longdress,driving_B_2020.02.14_12.58.17.csv,train/driving_B_2020.02.14_12.58.17.csv#block-002@time-536.000s,block-002,536.000,-66.5511,-66.55,-66.55,0.0000,0.0500,2.459423
932,loot,driving_B_2020.01.16_07.26.43.csv,train/driving_B_2020.01.16_07.26.43.csv#block-000@time-600.000s,block-000,600.000,29.5178,29.52,29.52,0.0000,0.0500,2.495376
933,redandblack,driving_B_2020.02.13_15.02.01.csv,train/driving_B_2020.02.13_15.02.01.csv#block-000@time-2400.000s,block-000,2400.000,89.4906,89.49,89.49,0.0000,0.0500,2.408131
934,soldier,driving_B_2020.02.27_17.30.15.csv,train/driving_B_2020.02.27_17.30.15.csv#block-002@time-473.000s,block-002,473.000,-92.7939,-92.79,-92.79,0.0000,0.0500,2.477547
935,longdress,driving_B_2020.01.16_09.56.56.csv,train/driving_B_2020.01.16_09.56.56.csv#block-001@time-1539.000s,block-001,1539.000,72.1119,72.11,72.11,0.0000,0.0500,2.413626
936,loot,driving_B_2020.01.16_12.10.03.csv,train/driving_B_2020.01.16_12.10.03.csv#block-000@time-180.000s,block-000,180.000,89.6658,89.67,89.67,0.0000,0.0500,2.231565
937,redandblack,static_B_2020.02.27_18.39.27.csv,train/static_B_2020.02.27_18.39.27.csv#block-001@time-2772.000s,block-001,2772.000,83.9868,83.99,83.99,0.4335,0.0500,2.421070
938,soldier,driving_B_2020.01.16_07.26.43.csv,train/driving_B_2020.01.16_07.26.43.csv#block-000@time-180.000s,block-000,180.000,-30.4100,-30.41,-30.41,0.0000,0.0500,2.872569
939,longdress,driving_B_2020.02.14_09.38.22.csv,train/driving_B_2020.02.14_09.38.22.csv#block-000@time-660.000s,block-000,660.000,35.2091,35.21,35.21,0.0000,0.0500,2.309812
940,loot,driving_B_2019.12.16_12.27.05.csv,train/driving_B_2019.12.16_12.27.05.csv#block-000@time-240.000s,block-000,240.000,39.1695,39.17,39.17,0.0000,0.0500,2.530918
941,redandblack,static_B_2019.12.16_13.40.04.csv,train/static_B_2019.12.16_13.40.04.csv#block-000@time-60.000s,block-000,60.000,57.1880,57.19,57.19,0.0000,0.0500,2.501790
942,soldier,driving_B_2020.02.14_09.38.22.csv,train/driving_B_2020.02.14_09.38.22.csv#block-000@time-1020.000s,block-000,1020.000,86.3516,86.35,86.35,0.0000,0.0500,2.479848
943,longdress,driving_B_2020.02.14_09.38.22.csv,train/driving_B_2020.02.14_09.38.22.csv#block-000@time-180.000s,block-000,180.000,17.5056,17.51,17.51,0.0000,0.0500,2.378632
944,loot,driving_B_2019.12.16_12.27.05.csv,train/driving_B_2019.12.16_12.27.05.csv#block-000@time-420.000s,block-000,420.000,-91.1585,-91.16,-91.16,0.0000,0.0500,2.300487
945,redandblack,driving_B_2020.02.13_13.03.24.csv,train/driving_B_2020.02.13_13.03.24.csv#block-001@time-1814.000s,block-001,1814.000,24.4589,24.46,24.46,0.0000,0.0500,2.356892
946,soldier,static_B_2020.02.14_13.21.26.csv,train/static_B_2020.02.14_13.21.26.csv#block-000@time-960.000s,block-000,960.000,50.9133,50.91,50.91,0.0000,0.0500,2.543759
947,longdress,driving_B_2020.02.14_12.58.17.csv,train/driving_B_2020.02.14_12.58.17.csv#block-002@time-596.000s,block-002,596.000,25.1501,25.15,25.15,0.0000,0.0500,2.584110
948,loot,static_B_2020.02.14_13.21.26.csv,train/static_B_2020.02.14_13.21.26.csv#block-000@time-300.000s,block-000,300.000,60.7457,60.75,60.75,0.0000,0.0500,2.701313
949,redandblack,driving_B_2020.02.13_13.03.24.csv,train/driving_B_2020.02.13_13.03.24.csv#block-001@time-1634.000s,block-001,1634.000,27.9677,27.97,27.97,0.0000,0.0500,2.527414
950,soldier,driving_B_2019.12.16_12.27.05.csv,train/driving_B_2019.12.16_12.27.05.csv#block-000@time-60.000s,block-000,60.000,-0.0091,-0.01,-0.01,0.0000,0.0500,2.320914
951,longdress,driving_B_2019.12.16_12.27.05.csv,train/driving_B_2019.12.16_12.27.05.csv#block-000@time-360.000s,block-000,360.000,29.5692,29.57,29.57,0.0000,0.0500,2.188438
952,loot,driving_B_2019.12.17_07.32.39.csv,train/driving_B_2019.12.17_07.32.39.csv#block-004@time-2297.000s,block-004,2297.000,74.2466,74.25,74.25,0.0000,0.0500,2.573298
953,redandblack,static_B_2019.12.16_13.40.04.csv,train/static_B_2019.12.16_13.40.04.csv#block-000@time-0.000s,block-000,0.000,73.3869,73.39,73.39,0.0000,0.0500,2.491528
954,soldier,driving_B_2020.02.14_12.58.17.csv,train/driving_B_2020.02.14_12.58.17.csv#block-002@time-656.000s,block-002,656.000,39.2356,39.24,39.24,0.0000,0.0500,2.457015
955,longdress,driving_B_2020.02.13_15.02.01.csv,train/driving_B_2020.02.13_15.02.01.csv#block-000@time-1020.000s,block-000,1020.000,85.2444,85.24,85.24,0.9495,0.0500,2.562248
956,loot,driving_B_2020.01.16_07.26.43.csv,train/driving_B_2020.01.16_07.26.43.csv#block-000@time-1800.000s,block-000,1800.000,42.3287,42.33,42.33,0.0000,0.0500,2.151926
957,redandblack,driving_B_2019.12.16_12.27.05.csv,train/driving_B_2019.12.16_12.27.05.csv#block-000@time-780.000s,block-000,780.000,58.5545,58.55,58.55,0.0000,0.0500,2.408779
958,soldier,driving_B_2020.02.13_13.03.24.csv,train/driving_B_2020.02.13_13.03.24.csv#block-001@time-1874.000s,block-001,1874.000,11.4263,11.43,11.43,0.0000,0.0500,2.417506
959,longdress,driving_B_2020.01.16_09.56.56.csv,train/driving_B_2020.01.16_09.56.56.csv#block-001@time-819.000s,block-001,819.000,55.4433,55.44,55.44,0.0000,0.0500,2.578959
960,loot,driving_B_2020.02.13_13.03.24.csv,train/driving_B_2020.02.13_13.03.24.csv#block-000@time-60.000s,block-000,60.000,25.4629,25.46,25.46,0.0000,0.0500,2.591229
961,redandblack,driving_B_2020.02.13_13.03.24.csv,train/driving_B_2020.02.13_13.03.24.csv#block-000@time-360.000s,block-000,360.000,23.0190,23.02,23.02,0.0000,0.0500,2.538755
962,soldier,driving_B_2020.02.14_12.58.17.csv,train/driving_B_2020.02.14_12.58.17.csv#block-002@time-716.000s,block-002,716.000,16.7585,16.76,16.76,0.0000,0.0500,2.719432
963,longdress,driving_B_2020.01.16_07.26.43.csv,train/driving_B_2020.01.16_07.26.43.csv#block-000@time-540.000s,block-000,540.000,-4.3521,-4.35,-4.35,0.0000,0.0500,2.375939
964,loot,driving_B_2020.01.16_12.10.03.csv,train/driving_B_2020.01.16_12.10.03.csv#block-000@time-240.000s,block-000,240.000,83.3587,83.36,83.36,0.8716,0.0500,2.289699
965,redandblack,driving_B_2020.02.14_12.58.17.csv,train/driving_B_2020.02.14_12.58.17.csv#block-002@time-596.000s,block-002,596.000,28.4519,28.45,28.45,0.0000,0.0500,2.714437
966,soldier,driving_B_2019.12.17_07.32.39.csv,train/driving_B_2019.12.17_07.32.39.csv#block-003@time-2074.000s,block-003,2074.000,-1.8678,-1.87,-1.87,0.0000,0.0500,2.312598
967,longdress,driving_B_2020.02.13_15.02.01.csv,train/driving_B_2020.02.13_15.02.01.csv#block-000@time-420.000s,block-000,420.000,80.0663,80.07,80.07,0.0700,0.0500,2.487842
968,loot,driving_B_2020.01.16_09.56.56.csv,train/driving_B_2020.01.16_09.56.56.csv#block-001@time-759.000s,block-001,759.000,44.1697,44.17,44.17,0.0000,0.0500,2.616650
969,redandblack,driving_B_2020.02.27_17.30.15.csv,train/driving_B_2020.02.27_17.30.15.csv#block-002@time-473.000s,block-002,473.000,-246.6330,-246.63,-246.63,0.0000,0.0500,2.658568
970,soldier,driving_B_2020.01.16_07.26.43.csv,train/driving_B_2020.01.16_07.26.43.csv#block-000@time-1080.000s,block-000,1080.000,31.5022,31.50,31.50,0.0000,0.0500,2.610281
971,longdress,static_B_2020.02.27_18.39.27.csv,train/static_B_2020.02.27_18.39.27.csv#block-001@time-6252.000s,block-001,6252.000,81.3181,81.32,81.32,0.0000,0.0500,2.639628
972,loot,driving_B_2019.12.17_07.32.39.csv,train/driving_B_2019.12.17_07.32.39.csv#block-003@time-1594.000s,block-003,1594.000,31.8089,31.81,31.81,0.0000,0.0500,2.418582
973,redandblack,driving_B_2020.02.14_09.38.22.csv,train/driving_B_2020.02.14_09.38.22.csv#block-000@time-1200.000s,block-000,1200.000,-11.7138,-11.71,-11.71,0.0000,0.0500,2.356385
974,soldier,driving_B_2020.02.14_09.38.22.csv,train/driving_B_2020.02.14_09.38.22.csv#block-000@time-840.000s,block-000,840.000,-11.7684,-11.77,-11.77,0.0000,0.0500,2.483320
975,longdress,driving_B_2020.02.13_15.02.01.csv,train/driving_B_2020.02.13_15.02.01.csv#block-000@time-2580.000s,block-000,2580.000,11.1729,11.17,11.17,0.0000,0.0500,2.413920
976,loot,driving_B_2020.01.16_12.10.03.csv,train/driving_B_2020.01.16_12.10.03.csv#block-000@time-0.000s,block-000,0.000,83.0963,83.10,83.10,1.4740,0.0500,2.411372
977,redandblack,static_B_2020.02.27_18.39.27.csv,train/static_B_2020.02.27_18.39.27.csv#block-001@time-6492.000s,block-001,6492.000,64.4435,64.44,64.44,0.0000,0.0500,2.380555
978,soldier,driving_B_2019.12.17_07.32.39.csv,train/driving_B_2019.12.17_07.32.39.csv#block-004@time-2477.000s,block-004,2477.000,64.7398,64.74,64.74,0.0000,0.0500,2.407450
979,longdress,driving_B_2020.01.16_09.56.56.csv,train/driving_B_2020.01.16_09.56.56.csv#block-001@time-639.000s,block-001,639.000,62.5980,62.60,62.60,0.0000,0.0500,2.254713
980,loot,driving_B_2019.12.17_07.32.39.csv,train/driving_B_2019.12.17_07.32.39.csv#block-004@time-2357.000s,block-004,2357.000,21.6655,21.67,21.67,0.0000,0.0500,2.419237
981,redandblack,driving_B_2020.02.14_12.58.17.csv,train/driving_B_2020.02.14_12.58.17.csv#block-000@time-0.000s,block-000,0.000,37.6016,37.60,37.60,0.0000,0.0500,2.405623
982,soldier,driving_B_2020.02.13_15.02.01.csv,train/driving_B_2020.02.13_15.02.01.csv#block-000@time-1740.000s,block-000,1740.000,-28.4292,-28.43,-28.43,0.0000,0.0500,2.318052
983,longdress,driving_B_2020.01.16_12.10.03.csv,train/driving_B_2020.01.16_12.10.03.csv#block-000@time-300.000s,block-000,300.000,41.9226,41.92,41.92,0.0000,0.0500,2.610562
984,loot,driving_B_2020.02.14_09.38.22.csv,train/driving_B_2020.02.14_09.38.22.csv#block-000@time-60.000s,block-000,60.000,31.8992,31.90,31.90,0.0000,0.0500,2.462116
985,redandblack,driving_B_2020.02.13_15.02.01.csv,train/driving_B_2020.02.13_15.02.01.csv#block-000@time-2700.000s,block-000,2700.000,-33.6603,-33.66,-33.66,0.0000,0.0500,2.471688
986,soldier,driving_B_2020.02.14_09.38.22.csv,train/driving_B_2020.02.14_09.38.22.csv#block-000@time-1080.000s,block-000,1080.000,79.3061,79.31,79.31,0.0000,0.0500,2.402136
987,longdress,driving_B_2019.12.17_07.32.39.csv,train/driving_B_2019.12.17_07.32.39.csv#block-000@time-1140.000s,block-000,1140.000,38.1121,38.11,38.11,0.0000,0.0500,2.446406
988,loot,static_B_2019.12.16_13.40.04.csv,train/static_B_2019.12.16_13.40.04.csv#block-005@time-1646.000s,block-005,1646.000,89.3300,89.33,89.33,0.0000,0.0500,2.302247
989,redandblack,driving_B_2020.01.16_09.56.56.csv,train/driving_B_2020.01.16_09.56.56.csv#block-000@time-180.000s,block-000,180.000,47.5087,47.51,47.51,0.0000,0.0500,2.175903
990,soldier,driving_B_2020.01.16_07.26.43.csv,train/driving_B_2020.01.16_07.26.43.csv#block-000@time-660.000s,block-000,660.000,23.6221,23.62,23.62,0.0000,0.0500,2.409561
991,longdress,driving_B_2020.02.13_13.03.24.csv,train/driving_B_2020.02.13_13.03.24.csv#block-001@time-914.000s,block-001,914.000,12.7186,12.72,12.72,0.0000,0.0500,2.759842
992,loot,static_B_2020.02.14_13.21.26.csv,train/static_B_2020.02.14_13.21.26.csv#block-000@time-0.000s,block-000,0.000,52.7231,52.72,52.72,0.0000,0.0500,2.413874
993,redandblack,driving_B_2020.02.13_15.02.01.csv,train/driving_B_2020.02.13_15.02.01.csv#block-000@time-2940.000s,block-000,2940.000,28.2920,28.29,28.29,0.0000,0.0500,2.683491
994,soldier,static_B_2019.12.16_13.40.04.csv,train/static_B_2019.12.16_13.40.04.csv#block-005@time-1526.000s,block-005,1526.000,48.3714,48.37,48.37,0.0000,0.0500,2.647777
995,longdress,static_B_2020.02.14_13.21.26.csv,train/static_B_2020.02.14_13.21.26.csv#block-000@time-540.000s,block-000,540.000,82.7129,82.71,82.71,0.0000,0.0500,2.540805
996,loot,driving_B_2019.12.16_12.27.05.csv,train/driving_B_2019.12.16_12.27.05.csv#block-000@time-780.000s,block-000,780.000,55.6347,55.63,55.63,0.0000,0.0500,2.371081
997,redandblack,driving_B_2019.12.17_07.32.39.csv,train/driving_B_2019.12.17_07.32.39.csv#block-000@time-720.000s,block-000,720.000,32.8060,32.81,32.81,0.0000,0.0500,2.618739
998,soldier,driving_B_2019.12.16_12.27.05.csv,train/driving_B_2019.12.16_12.27.05.csv#block-000@time-900.000s,block-000,900.000,76.8977,76.90,76.90,0.0000,0.0500,2.294083
999,longdress,driving_B_2020.01.16_12.10.03.csv,train/driving_B_2020.01.16_12.10.03.csv#block-000@time-360.000s,block-000,360.000,63.2085,63.21,63.21,0.0000,0.0500,2.753827
1000,loot,driving_B_2020.01.16_07.26.43.csv,train/driving_B_2020.01.16_07.26.43.csv#block-000@time-840.000s,block-000,840.000,53.2781,53.28,53.28,0.0000,0.0500,2.387307
1001,redandblack,driving_B_2019.12.16_12.27.05.csv,train/driving_B_2019.12.16_12.27.05.csv#block-000@time-0.000s,block-000,0.000,47.3377,47.34,47.34,0.0000,0.0500,2.600031
1002,soldier,driving_B_2020.02.13_15.02.01.csv,train/driving_B_2020.02.13_15.02.01.csv#block-000@time-2100.000s,block-000,2100.000,-7.9952,-8.00,-8.00,0.0000,0.0500,2.319041
1003,longdress,driving_B_2020.02.14_09.38.22.csv,train/driving_B_2020.02.14_09.38.22.csv#block-000@time-1380.000s,block-000,1380.000,25.8551,25.86,25.86,0.0000,0.0500,3.229453
1004,loot,static_B_2020.02.27_18.39.27.csv,train/static_B_2020.02.27_18.39.27.csv#block-001@time-2712.000s,block-001,2712.000,-111.1111,-111.11,-111.11,0.0000,0.0500,2.626142
1005,redandblack,driving_B_2020.01.16_07.26.43.csv,train/driving_B_2020.01.16_07.26.43.csv#block-000@time-1620.000s,block-000,1620.000,32.2986,32.30,32.30,0.0000,0.0500,2.328139
1006,soldier,driving_B_2020.02.13_13.03.24.csv,train/driving_B_2020.02.13_13.03.24.csv#block-007@time-2290.000s,block-007,2290.000,-55.3094,-55.31,-55.31,0.0000,0.0500,2.584691
1007,longdress,static_B_2020.02.27_18.39.27.csv,train/static_B_2020.02.27_18.39.27.csv#block-001@time-792.000s,block-001,792.000,84.2279,84.23,84.23,0.0000,0.0500,2.748536
1008,loot,driving_B_2020.01.16_07.26.43.csv,train/driving_B_2020.01.16_07.26.43.csv#block-000@time-300.000s,block-000,300.000,54.7939,54.79,54.79,0.0000,0.0500,2.529259
1009,redandblack,driving_B_2020.02.27_17.30.15.csv,train/driving_B_2020.02.27_17.30.15.csv#block-002@time-413.000s,block-002,413.000,12.5539,12.55,12.55,0.0000,0.0500,2.605569
1010,soldier,static_B_2020.02.14_13.21.26.csv,train/static_B_2020.02.14_13.21.26.csv#block-000@time-480.000s,block-000,480.000,82.6558,82.66,82.66,0.0000,0.0500,2.779035
1011,longdress,driving_B_2020.02.13_15.02.01.csv,train/driving_B_2020.02.13_15.02.01.csv#block-000@time-2880.000s,block-000,2880.000,66.6782,66.68,66.68,0.0000,0.0500,2.748817
1012,loot,static_B_2019.12.16_13.40.04.csv,train/static_B_2019.12.16_13.40.04.csv#block-005@time-1706.000s,block-005,1706.000,79.2588,79.26,79.26,0.0000,0.0500,2.513591
1013,redandblack,static_B_2020.02.14_13.21.26.csv,train/static_B_2020.02.14_13.21.26.csv#block-000@time-1080.000s,block-000,1080.000,80.4122,80.41,80.41,0.0000,0.0500,2.433606
1014,soldier,driving_B_2019.12.17_07.32.39.csv,train/driving_B_2019.12.17_07.32.39.csv#block-000@time-1440.000s,block-000,1440.000,85.9227,85.92,85.92,0.0000,0.0500,2.678919
1015,longdress,driving_B_2020.02.27_17.30.15.csv,train/driving_B_2020.02.27_17.30.15.csv#block-002@time-413.000s,block-002,413.000,29.8592,29.86,29.86,0.0000,0.0500,2.482502
1016,loot,driving_B_2020.01.16_07.26.43.csv,train/driving_B_2020.01.16_07.26.43.csv#block-000@time-420.000s,block-000,420.000,30.7712,30.77,30.77,0.0000,0.0500,2.596682
1017,redandblack,static_B_2020.02.27_18.39.27.csv,train/static_B_2020.02.27_18.39.27.csv#block-001@time-5112.000s,block-001,5112.000,66.7271,66.73,66.73,0.0000,0.0500,2.642346
1018,soldier,driving_B_2020.01.16_09.56.56.csv,train/driving_B_2020.01.16_09.56.56.csv#block-001@time-519.000s,block-001,519.000,33.3960,33.40,33.40,0.0000,0.0500,2.207088
1019,longdress,driving_B_2020.01.16_09.56.56.csv,train/driving_B_2020.01.16_09.56.56.csv#block-000@time-120.000s,block-000,120.000,27.9296,27.93,27.93,0.0000,0.0500,2.756224
1020,loot,driving_B_2020.02.14_12.58.17.csv,train/driving_B_2020.02.14_12.58.17.csv#block-002@time-716.000s,block-002,716.000,34.7320,34.73,34.73,0.0000,0.0500,2.540430
1021,redandblack,driving_B_2019.12.17_07.32.39.csv,train/driving_B_2019.12.17_07.32.39.csv#block-000@time-660.000s,block-000,660.000,32.0732,32.07,32.07,0.0000,0.0500,2.433317
1022,soldier,driving_B_2019.12.16_12.27.05.csv,train/driving_B_2019.12.16_12.27.05.csv#block-000@time-240.000s,block-000,240.000,29.4534,29.45,29.45,0.0000,0.0500,2.685313
1023,longdress,driving_B_2020.01.16_09.56.56.csv,train/driving_B_2020.01.16_09.56.56.csv#block-001@time-1719.000s,block-001,1719.000,45.2452,45.25,45.25,0.0000,0.0500,2.703056
1024,loot,driving_B_2019.12.16_12.27.05.csv,train/driving_B_2019.12.16_12.27.05.csv#block-000@time-180.000s,block-000,180.000,35.0189,35.02,35.02,0.0000,0.0500,2.516188
1025,redandblack,driving_B_2020.02.14_09.38.22.csv,train/driving_B_2020.02.14_09.38.22.csv#block-000@time-780.000s,block-000,780.000,84.8053,84.81,84.81,0.0000,0.0500,2.798584
1026,soldier,driving_B_2020.02.13_13.03.24.csv,train/driving_B_2020.02.13_13.03.24.csv#block-001@time-1574.000s,block-001,1574.000,21.6336,21.63,21.63,0.0000,0.0500,2.876471
1027,longdress,driving_B_2019.12.16_12.27.05.csv,train/driving_B_2019.12.16_12.27.05.csv#block-000@time-1080.000s,block-000,1080.000,67.8454,67.85,67.85,0.0000,0.0500,2.603846
1028,loot,static_B_2020.02.14_13.21.26.csv,train/static_B_2020.02.14_13.21.26.csv#block-000@time-120.000s,block-000,120.000,83.7918,83.79,83.79,1.2889,0.0500,2.262623
1029,redandblack,driving_B_2020.01.16_12.10.03.csv,train/driving_B_2020.01.16_12.10.03.csv#block-000@time-0.000s,block-000,0.000,81.4203,81.42,81.42,1.3255,0.0500,2.864850
1030,soldier,static_B_2020.02.27_18.39.27.csv,train/static_B_2020.02.27_18.39.27.csv#block-001@time-4272.000s,block-001,4272.000,87.2493,87.25,87.25,0.0000,0.0500,2.757338
1031,longdress,driving_B_2020.02.14_09.38.22.csv,train/driving_B_2020.02.14_09.38.22.csv#block-000@time-900.000s,block-000,900.000,18.5551,18.56,18.56,0.0000,0.0500,2.213086
1032,loot,driving_B_2019.12.17_07.32.39.csv,train/driving_B_2019.12.17_07.32.39.csv#block-000@time-240.000s,block-000,240.000,27.1349,27.13,27.13,0.0000,0.0500,2.607373
1033,redandblack,static_B_2020.02.27_18.39.27.csv,train/static_B_2020.02.27_18.39.27.csv#block-001@time-852.000s,block-001,852.000,52.8153,52.82,52.82,0.0000,0.0500,2.448631
1034,soldier,static_B_2020.02.27_18.39.27.csv,train/static_B_2020.02.27_18.39.27.csv#block-001@time-5652.000s,block-001,5652.000,63.8016,63.80,63.80,0.0000,0.0500,2.550675
1035,longdress,static_B_2019.12.16_13.40.04.csv,train/static_B_2019.12.16_13.40.04.csv#block-001@time-655.000s,block-001,655.000,46.0232,46.02,46.02,0.0000,0.0500,2.618580
1036,loot,static_B_2019.12.16_13.40.04.csv,train/static_B_2019.12.16_13.40.04.csv#block-000@time-360.000s,block-000,360.000,45.3984,45.40,45.40,0.0000,0.0500,2.593092
1037,redandblack,driving_B_2020.01.16_12.10.03.csv,train/driving_B_2020.01.16_12.10.03.csv#block-000@time-240.000s,block-000,240.000,90.5398,90.54,90.54,0.7462,0.0500,2.831676
1038,soldier,static_B_2019.12.16_13.40.04.csv,train/static_B_2019.12.16_13.40.04.csv#block-000@time-180.000s,block-000,180.000,61.6693,61.67,61.67,0.0000,0.0500,2.699438
1039,longdress,driving_B_2019.12.17_07.32.39.csv,train/driving_B_2019.12.17_07.32.39.csv#block-004@time-2237.000s,block-004,2237.000,24.9019,24.90,24.90,0.0000,0.0500,2.631176
1040,loot,driving_B_2020.01.16_12.10.03.csv,train/driving_B_2020.01.16_12.10.03.csv#block-000@time-300.000s,block-000,300.000,42.3532,42.35,42.35,0.0000,0.0500,2.472180
1041,redandblack,driving_B_2020.01.16_07.26.43.csv,train/driving_B_2020.01.16_07.26.43.csv#block-000@time-1440.000s,block-000,1440.000,53.0051,53.01,53.01,0.0000,0.0500,2.868337
1042,soldier,driving_B_2020.02.14_09.38.22.csv,train/driving_B_2020.02.14_09.38.22.csv#block-000@time-120.000s,block-000,120.000,3.1693,3.17,3.17,0.0000,0.0500,2.586724
1043,longdress,driving_B_2020.01.16_09.56.56.csv,train/driving_B_2020.01.16_09.56.56.csv#block-001@time-1479.000s,block-001,1479.000,57.0130,57.01,57.01,0.0000,0.0500,2.443578
1044,loot,driving_B_2020.02.13_13.03.24.csv,train/driving_B_2020.02.13_13.03.24.csv#block-000@time-540.000s,block-000,540.000,33.8033,33.80,33.80,0.0000,0.0500,2.450734
1045,redandblack,driving_B_2020.02.27_17.30.15.csv,train/driving_B_2020.02.27_17.30.15.csv#block-002@time-533.000s,block-002,533.000,-44.2883,-44.29,-44.29,0.0000,0.0500,2.762220
1046,soldier,driving_B_2019.12.16_12.27.05.csv,train/driving_B_2019.12.16_12.27.05.csv#block-000@time-1140.000s,block-000,1140.000,42.6672,42.67,42.67,0.0000,0.0500,2.821931
1047,longdress,driving_B_2020.01.16_07.26.43.csv,train/driving_B_2020.01.16_07.26.43.csv#block-000@time-1140.000s,block-000,1140.000,51.0874,51.09,51.09,0.0000,0.0500,3.034542
1048,loot,driving_B_2020.02.13_15.02.01.csv,train/driving_B_2020.02.13_15.02.01.csv#block-000@time-1440.000s,block-000,1440.000,1.5356,1.54,1.54,0.0000,0.0500,2.743658
1049,redandblack,driving_B_2020.02.14_12.58.17.csv,train/driving_B_2020.02.14_12.58.17.csv#block-002@time-716.000s,block-002,716.000,33.2883,33.29,33.29,0.0000,0.0500,2.749222
1050,soldier,driving_B_2019.12.16_12.27.05.csv,train/driving_B_2019.12.16_12.27.05.csv#block-000@time-720.000s,block-000,720.000,23.6478,23.65,23.65,0.0000,0.0500,2.425129
1051,longdress,driving_B_2020.02.13_13.03.24.csv,train/driving_B_2020.02.13_13.03.24.csv#block-000@time-480.000s,block-000,480.000,31.4217,31.42,31.42,0.0000,0.0500,2.515363
1052,loot,driving_B_2020.02.14_09.38.22.csv,train/driving_B_2020.02.14_09.38.22.csv#block-000@time-960.000s,block-000,960.000,64.1865,64.19,64.19,0.0000,0.0500,2.592609
1053,redandblack,driving_B_2020.02.14_09.38.22.csv,train/driving_B_2020.02.14_09.38.22.csv#block-000@time-780.000s,block-000,780.000,83.7392,83.74,83.74,0.0000,0.0500,2.486419
1054,soldier,driving_B_2020.02.27_17.30.15.csv,train/driving_B_2020.02.27_17.30.15.csv#block-002@time-353.000s,block-002,353.000,-53.9702,-53.97,-53.97,0.0000,0.0500,2.397250
1055,longdress,driving_B_2020.02.14_09.38.22.csv,train/driving_B_2020.02.14_09.38.22.csv#block-000@time-480.000s,block-000,480.000,6.2173,6.22,6.22,0.0000,0.0500,2.776473
1056,loot,driving_B_2019.12.17_07.32.39.csv,train/driving_B_2019.12.17_07.32.39.csv#block-000@time-480.000s,block-000,480.000,71.7481,71.75,71.75,0.0000,0.0500,2.561666
1057,redandblack,static_B_2019.12.16_13.40.04.csv,train/static_B_2019.12.16_13.40.04.csv#block-005@time-1886.000s,block-005,1886.000,74.4435,74.44,74.44,0.0000,0.0500,2.582078
1058,soldier,driving_B_2020.01.16_09.56.56.csv,train/driving_B_2020.01.16_09.56.56.csv#block-001@time-879.000s,block-001,879.000,57.3848,57.38,57.38,0.0000,0.0500,2.526454
1059,longdress,driving_B_2020.01.16_09.56.56.csv,train/driving_B_2020.01.16_09.56.56.csv#block-001@time-1599.000s,block-001,1599.000,76.0024,76.00,76.00,0.0000,0.0500,2.782322
1060,loot,driving_B_2020.02.14_12.58.17.csv,train/driving_B_2020.02.14_12.58.17.csv#block-002@time-536.000s,block-002,536.000,-4.7044,-4.70,-4.70,0.0000,0.0500,2.665934
1061,redandblack,static_B_2019.12.16_13.40.04.csv,train/static_B_2019.12.16_13.40.04.csv#block-005@time-1946.000s,block-005,1946.000,81.0591,81.06,81.06,0.0000,0.0500,2.317379
1062,soldier,driving_B_2020.01.16_09.56.56.csv,train/driving_B_2020.01.16_09.56.56.csv#block-001@time-1359.000s,block-001,1359.000,16.4723,16.47,16.47,0.0000,0.0500,2.746644
1063,longdress,static_B_2020.02.14_13.21.26.csv,train/static_B_2020.02.14_13.21.26.csv#block-000@time-1080.000s,block-000,1080.000,82.7020,82.70,82.70,0.0000,0.0500,2.694966
1064,loot,driving_B_2020.02.14_12.58.17.csv,train/driving_B_2020.02.14_12.58.17.csv#block-002@time-536.000s,block-002,536.000,-132.9722,-132.97,-132.97,0.0000,0.0500,2.503060
1065,redandblack,driving_B_2020.01.16_12.10.03.csv,train/driving_B_2020.01.16_12.10.03.csv#block-000@time-300.000s,block-000,300.000,41.9551,41.96,41.96,0.0000,0.0500,2.705181
1066,soldier,static_B_2020.02.14_13.21.26.csv,train/static_B_2020.02.14_13.21.26.csv#block-000@time-600.000s,block-000,600.000,87.2818,87.28,87.28,0.0000,0.0500,2.627104
1067,longdress,driving_B_2019.12.17_07.32.39.csv,train/driving_B_2019.12.17_07.32.39.csv#block-000@time-1020.000s,block-000,1020.000,-13.7318,-13.73,-13.73,0.0000,0.0500,2.563416
1068,loot,driving_B_2020.01.16_12.10.03.csv,train/driving_B_2020.01.16_12.10.03.csv#block-000@time-240.000s,block-000,240.000,84.5910,84.59,84.59,1.0152,0.0500,2.569649
1069,redandblack,driving_B_2020.01.16_09.56.56.csv,train/driving_B_2020.01.16_09.56.56.csv#block-001@time-939.000s,block-001,939.000,37.0683,37.07,37.07,0.0000,0.0500,2.387209
1070,soldier,driving_B_2020.02.13_13.03.24.csv,train/driving_B_2020.02.13_13.03.24.csv#block-001@time-1154.000s,block-001,1154.000,-9.9712,-9.97,-9.97,0.0000,0.0500,2.332407
1071,longdress,static_B_2019.12.16_13.40.04.csv,train/static_B_2019.12.16_13.40.04.csv#block-005@time-2006.000s,block-005,2006.000,50.9374,50.94,50.94,0.0000,0.0500,2.795731
1072,loot,driving_B_2020.02.13_15.02.01.csv,train/driving_B_2020.02.13_15.02.01.csv#block-000@time-2640.000s,block-000,2640.000,-63.4496,-63.45,-63.45,0.0000,0.0500,2.608727
1073,redandblack,driving_B_2020.01.16_12.10.03.csv,train/driving_B_2020.01.16_12.10.03.csv#block-000@time-0.000s,block-000,0.000,81.3982,81.40,81.40,1.3213,0.0500,2.495943
1074,soldier,driving_B_2019.12.17_07.32.39.csv,train/driving_B_2019.12.17_07.32.39.csv#block-000@time-1200.000s,block-000,1200.000,71.5217,71.52,71.52,0.0000,0.0500,2.630740
1075,longdress,driving_B_2020.02.13_13.03.24.csv,train/driving_B_2020.02.13_13.03.24.csv#block-000@time-180.000s,block-000,180.000,28.3408,28.34,28.34,0.0000,0.0500,2.459733
1076,loot,driving_B_2020.02.14_12.58.17.csv,train/driving_B_2020.02.14_12.58.17.csv#block-002@time-536.000s,block-002,536.000,-7.3617,-7.36,-7.36,0.0000,0.0500,2.284761
1077,redandblack,static_B_2019.12.16_13.40.04.csv,train/static_B_2019.12.16_13.40.04.csv#block-001@time-1075.000s,block-001,1075.000,54.0025,54.00,54.00,0.0000,0.0500,2.659547
1078,soldier,driving_B_2020.02.14_12.58.17.csv,train/driving_B_2020.02.14_12.58.17.csv#block-002@time-656.000s,block-002,656.000,42.1254,42.13,42.13,0.0000,0.0500,2.637757
1079,longdress,driving_B_2020.02.27_17.30.15.csv,train/driving_B_2020.02.27_17.30.15.csv#block-002@time-533.000s,block-002,533.000,-29.0058,-29.01,-29.01,0.0000,0.0500,2.547963
1080,loot,static_B_2019.12.16_13.40.04.csv,train/static_B_2019.12.16_13.40.04.csv#block-001@time-1015.000s,block-001,1015.000,44.4851,44.49,44.49,0.0000,0.0500,2.612773
1081,redandblack,driving_B_2020.02.13_15.02.01.csv,train/driving_B_2020.02.13_15.02.01.csv#block-000@time-1080.000s,block-000,1080.000,25.3220,25.32,25.32,0.0000,0.0500,2.671929
1082,soldier,driving_B_2020.02.13_13.03.24.csv,train/driving_B_2020.02.13_13.03.24.csv#block-001@time-1394.000s,block-001,1394.000,30.3126,30.31,30.31,0.0000,0.0500,2.631062
1083,longdress,driving_B_2020.02.13_13.03.24.csv,train/driving_B_2020.02.13_13.03.24.csv#block-000@time-120.000s,block-000,120.000,19.5398,19.54,19.54,0.0000,0.0500,2.479601
1084,loot,driving_B_2020.01.16_09.56.56.csv,train/driving_B_2020.01.16_09.56.56.csv#block-001@time-1419.000s,block-001,1419.000,54.8844,54.88,54.88,0.0000,0.0500,2.482316
1085,redandblack,static_B_2019.12.16_13.40.04.csv,train/static_B_2019.12.16_13.40.04.csv#block-001@time-715.000s,block-001,715.000,54.0749,54.07,54.07,0.0000,0.0500,2.549755
1086,soldier,driving_B_2020.02.14_12.58.17.csv,train/driving_B_2020.02.14_12.58.17.csv#block-000@time-0.000s,block-000,0.000,26.7775,26.78,26.78,0.0000,0.0500,2.678909
1087,longdress,static_B_2019.12.16_13.40.04.csv,train/static_B_2019.12.16_13.40.04.csv#block-005@time-1826.000s,block-005,1826.000,67.3365,67.34,67.34,0.0000,0.0500,2.657017
1088,loot,driving_B_2020.02.14_09.38.22.csv,train/driving_B_2020.02.14_09.38.22.csv#block-000@time-1320.000s,block-000,1320.000,18.7955,18.80,18.80,0.0000,0.0500,2.842985
1089,redandblack,static_B_2019.12.16_13.40.04.csv,train/static_B_2019.12.16_13.40.04.csv#block-005@time-1586.000s,block-005,1586.000,34.8775,34.88,34.88,0.0000,0.0500,2.695935
1090,soldier,static_B_2019.12.16_13.40.04.csv,train/static_B_2019.12.16_13.40.04.csv#block-005@time-1466.000s,block-005,1466.000,61.2748,61.27,61.27,0.0000,0.0500,2.469441
1091,longdress,driving_B_2019.12.17_07.32.39.csv,train/driving_B_2019.12.17_07.32.39.csv#block-003@time-1534.000s,block-003,1534.000,52.5792,52.58,52.58,0.0000,0.0500,2.428042
1092,loot,driving_B_2020.02.13_13.03.24.csv,train/driving_B_2020.02.13_13.03.24.csv#block-001@time-1214.000s,block-001,1214.000,19.9192,19.92,19.92,0.0000,0.0500,2.589751
1093,redandblack,static_B_2020.02.14_13.21.26.csv,train/static_B_2020.02.14_13.21.26.csv#block-000@time-240.000s,block-000,240.000,83.5791,83.58,83.58,1.4098,0.0500,2.615609
1094,soldier,driving_B_2020.02.14_09.38.22.csv,train/driving_B_2020.02.14_09.38.22.csv#block-000@time-180.000s,block-000,180.000,-20.6268,-20.63,-20.63,0.0000,0.0500,2.630076
1095,longdress,static_B_2019.12.16_13.40.04.csv,train/static_B_2019.12.16_13.40.04.csv#block-006@time-2232.000s,block-006,2232.000,88.2052,88.21,88.21,0.0000,0.0500,2.465687
1096,loot,static_B_2020.02.27_18.39.27.csv,train/static_B_2020.02.27_18.39.27.csv#block-001@time-1872.000s,block-001,1872.000,65.5991,65.60,65.60,0.0000,0.0500,2.422970
1097,redandblack,static_B_2020.02.14_13.21.26.csv,train/static_B_2020.02.14_13.21.26.csv#block-000@time-180.000s,block-000,180.000,87.2482,87.25,87.25,0.0000,0.0500,2.531575
1098,soldier,driving_B_2020.02.13_13.03.24.csv,train/driving_B_2020.02.13_13.03.24.csv#block-001@time-1274.000s,block-001,1274.000,11.6140,11.61,11.61,0.0000,0.0500,2.591173
1099,longdress,driving_B_2020.02.14_09.38.22.csv,train/driving_B_2020.02.14_09.38.22.csv#block-000@time-240.000s,block-000,240.000,13.4847,13.48,13.48,0.0000,0.0500,2.584636
1100,loot,static_B_2019.12.16_13.40.04.csv,train/static_B_2019.12.16_13.40.04.csv#block-001@time-1135.000s,block-001,1135.000,69.7113,69.71,69.71,0.0000,0.0500,2.486987
1101,redandblack,driving_B_2020.02.14_12.58.17.csv,train/driving_B_2020.02.14_12.58.17.csv#block-002@time-656.000s,block-002,656.000,49.1462,49.15,49.15,0.0000,0.0500,2.732539
1102,soldier,driving_B_2020.02.14_09.38.22.csv,train/driving_B_2020.02.14_09.38.22.csv#block-000@time-600.000s,block-000,600.000,56.7163,56.72,56.72,0.0000,0.0500,2.472051
1103,longdress,driving_B_2020.02.14_09.38.22.csv,train/driving_B_2020.02.14_09.38.22.csv#block-000@time-1440.000s,block-000,1440.000,87.5293,87.53,87.53,0.0000,0.0500,3.100289
1104,loot,driving_B_2020.01.16_07.26.43.csv,train/driving_B_2020.01.16_07.26.43.csv#block-000@time-1560.000s,block-000,1560.000,8.1999,8.20,8.20,0.0000,0.0500,2.598237
1105,redandblack,driving_B_2020.02.14_09.38.22.csv,train/driving_B_2020.02.14_09.38.22.csv#block-000@time-1500.000s,block-000,1500.000,31.6246,31.62,31.62,0.0000,0.0500,2.566818
1106,soldier,static_B_2020.02.27_18.39.27.csv,train/static_B_2020.02.27_18.39.27.csv#block-001@time-2112.000s,block-001,2112.000,15.5897,15.59,15.59,0.0000,0.0500,2.639887
1107,longdress,driving_B_2019.12.16_12.27.05.csv,train/driving_B_2019.12.16_12.27.05.csv#block-000@time-300.000s,block-000,300.000,26.7194,26.72,26.72,0.0000,0.0500,2.682381
1108,loot,driving_B_2020.02.13_15.02.01.csv,train/driving_B_2020.02.13_15.02.01.csv#block-000@time-1680.000s,block-000,1680.000,28.5322,28.53,28.53,0.0000,0.0500,3.052994
1109,redandblack,static_B_2019.12.16_13.40.04.csv,train/static_B_2019.12.16_13.40.04.csv#block-001@time-775.000s,block-001,775.000,80.0679,80.07,80.07,1.5366,0.0500,2.753787
1110,soldier,driving_B_2020.02.13_13.03.24.csv,train/driving_B_2020.02.13_13.03.24.csv#block-000@time-0.000s,block-000,0.000,4.8499,4.85,4.85,0.0000,0.0500,2.566769
1111,longdress,driving_B_2020.01.16_09.56.56.csv,train/driving_B_2020.01.16_09.56.56.csv#block-001@time-699.000s,block-001,699.000,83.0988,83.10,83.10,1.1767,0.0500,2.696553
1112,loot,static_B_2019.12.16_13.40.04.csv,train/static_B_2019.12.16_13.40.04.csv#block-005@time-1346.000s,block-005,1346.000,24.3370,24.34,24.34,0.0000,0.0500,2.839775
1113,redandblack,driving_B_2020.01.16_09.56.56.csv,train/driving_B_2020.01.16_09.56.56.csv#block-000@time-0.000s,block-000,0.000,51.8724,51.87,51.87,0.0000,0.0500,2.929556
1114,soldier,driving_B_2020.01.16_07.26.43.csv,train/driving_B_2020.01.16_07.26.43.csv#block-000@time-1200.000s,block-000,1200.000,44.3898,44.39,44.39,0.0000,0.0500,2.347498
1115,longdress,driving_B_2020.01.16_12.10.03.csv,train/driving_B_2020.01.16_12.10.03.csv#block-000@time-180.000s,block-000,180.000,75.3902,75.39,75.39,0.0000,0.0500,2.729201
1116,loot,driving_B_2020.01.16_12.10.03.csv,train/driving_B_2020.01.16_12.10.03.csv#block-000@time-300.000s,block-000,300.000,38.3582,38.36,38.36,0.0000,0.0500,2.798923
1117,redandblack,driving_B_2020.02.27_17.30.15.csv,train/driving_B_2020.02.27_17.30.15.csv#block-002@time-293.000s,block-002,293.000,-149.6710,-149.67,-149.67,0.0000,0.0500,2.914719
1118,soldier,static_B_2020.02.14_13.21.26.csv,train/static_B_2020.02.14_13.21.26.csv#block-000@time-0.000s,block-000,0.000,37.8183,37.82,37.82,0.0000,0.0500,2.739660
1119,longdress,driving_B_2020.02.14_09.38.22.csv,train/driving_B_2020.02.14_09.38.22.csv#block-000@time-0.000s,block-000,0.000,26.4293,26.43,26.43,0.0000,0.0500,2.676068
1120,loot,driving_B_2019.12.16_12.27.05.csv,train/driving_B_2019.12.16_12.27.05.csv#block-000@time-600.000s,block-000,600.000,-10.6002,-10.60,-10.60,0.0000,0.0500,2.819246
1121,redandblack,static_B_2020.02.14_13.21.26.csv,train/static_B_2020.02.14_13.21.26.csv#block-000@time-600.000s,block-000,600.000,77.7052,77.71,77.71,1.3856,0.0500,2.757009
1122,soldier,driving_B_2020.02.27_17.30.15.csv,train/driving_B_2020.02.27_17.30.15.csv#block-002@time-533.000s,block-002,533.000,-55.2587,-55.26,-55.26,0.0000,0.0500,2.796316
1123,longdress,driving_B_2020.01.16_12.10.03.csv,train/driving_B_2020.01.16_12.10.03.csv#block-000@time-120.000s,block-000,120.000,83.9401,83.94,83.94,0.0000,0.0500,2.775931
1124,loot,driving_B_2019.12.17_07.32.39.csv,train/driving_B_2019.12.17_07.32.39.csv#block-000@time-1080.000s,block-000,1080.000,34.5820,34.58,34.58,0.0000,0.0500,2.819816
1125,redandblack,static_B_2020.02.14_13.21.26.csv,train/static_B_2020.02.14_13.21.26.csv#block-000@time-900.000s,block-000,900.000,70.9976,71.00,71.00,0.0000,0.0500,3.245664
1126,soldier,static_B_2020.02.14_13.21.26.csv,train/static_B_2020.02.14_13.21.26.csv#block-000@time-300.000s,block-000,300.000,49.4330,49.43,49.43,0.0000,0.0500,2.585360
1127,longdress,driving_B_2020.02.27_17.30.15.csv,train/driving_B_2020.02.27_17.30.15.csv#block-002@time-413.000s,block-002,413.000,-8.5329,-8.53,-8.53,0.0000,0.0500,2.913688
1128,loot,driving_B_2020.02.13_15.02.01.csv,train/driving_B_2020.02.13_15.02.01.csv#block-000@time-60.000s,block-000,60.000,81.8953,81.90,81.90,0.2286,0.0500,2.819929
1129,redandblack,driving_B_2019.12.17_07.32.39.csv,train/driving_B_2019.12.17_07.32.39.csv#block-000@time-420.000s,block-000,420.000,23.4019,23.40,23.40,0.0000,0.0500,2.697319
1130,soldier,driving_B_2019.12.17_07.32.39.csv,train/driving_B_2019.12.17_07.32.39.csv#block-003@time-1714.000s,block-003,1714.000,5.2206,5.22,5.22,0.0000,0.0500,2.833488
1131,longdress,static_B_2020.02.14_13.21.26.csv,train/static_B_2020.02.14_13.21.26.csv#block-000@time-660.000s,block-000,660.000,76.8147,76.81,76.81,0.0000,0.0500,2.781935
1132,loot,static_B_2020.02.27_18.39.27.csv,train/static_B_2020.02.27_18.39.27.csv#block-001@time-5232.000s,block-001,5232.000,59.1044,59.10,59.10,0.0000,0.0500,2.869742
1133,redandblack,driving_B_2020.01.16_12.10.03.csv,train/driving_B_2020.01.16_12.10.03.csv#block-000@time-120.000s,block-000,120.000,87.2936,87.29,87.29,0.9281,0.0500,2.571192
1134,soldier,driving_B_2020.02.14_09.38.22.csv,train/driving_B_2020.02.14_09.38.22.csv#block-000@time-420.000s,block-000,420.000,-1.3724,-1.37,-1.37,0.0000,0.0500,2.925843
1135,longdress,driving_B_2020.02.14_09.38.22.csv,train/driving_B_2020.02.14_09.38.22.csv#block-000@time-720.000s,block-000,720.000,83.1802,83.18,83.18,0.0000,0.0500,2.595799
1136,loot,static_B_2020.02.14_13.21.26.csv,train/static_B_2020.02.14_13.21.26.csv#block-000@time-720.000s,block-000,720.000,86.8660,86.87,86.87,0.0000,0.0500,2.509500
1137,redandblack,driving_B_2020.01.16_07.26.43.csv,train/driving_B_2020.01.16_07.26.43.csv#block-000@time-1260.000s,block-000,1260.000,41.6145,41.61,41.61,0.0000,0.0500,2.758770
1138,soldier,driving_B_2020.02.27_17.30.15.csv,train/driving_B_2020.02.27_17.30.15.csv#block-002@time-353.000s,block-002,353.000,-8.0933,-8.09,-8.09,0.0000,0.0500,2.737908
1139,longdress,static_B_2019.12.16_13.40.04.csv,train/static_B_2019.12.16_13.40.04.csv#block-000@time-420.000s,block-000,420.000,66.1922,66.19,66.19,0.0000,0.0500,2.746997
1140,loot,driving_B_2020.02.14_09.38.22.csv,train/driving_B_2020.02.14_09.38.22.csv#block-000@time-1560.000s,block-000,1560.000,56.9842,56.98,56.98,0.0000,0.0500,2.717559
1141,redandblack,driving_B_2020.02.14_09.38.22.csv,train/driving_B_2020.02.14_09.38.22.csv#block-000@time-1260.000s,block-000,1260.000,32.6477,32.65,32.65,0.0000,0.0500,3.034158
1142,soldier,static_B_2019.12.16_13.40.04.csv,train/static_B_2019.12.16_13.40.04.csv#block-001@time-895.000s,block-001,895.000,54.9750,54.97,54.97,0.0000,0.0500,2.580585
1143,longdress,driving_B_2020.02.14_12.58.17.csv,train/driving_B_2020.02.14_12.58.17.csv#block-002@time-596.000s,block-002,596.000,7.9107,7.91,7.91,0.0000,0.0500,2.994933
1144,loot,driving_B_2019.12.16_12.27.05.csv,train/driving_B_2019.12.16_12.27.05.csv#block-000@time-1200.000s,block-000,1200.000,28.6775,28.68,28.68,0.0000,0.0500,2.699187
1145,redandblack,driving_B_2020.02.13_15.02.01.csv,train/driving_B_2020.02.13_15.02.01.csv#block-000@time-240.000s,block-000,240.000,79.0448,79.04,79.04,0.0000,0.0500,2.695167
1146,soldier,driving_B_2020.01.16_12.10.03.csv,train/driving_B_2020.01.16_12.10.03.csv#block-000@time-180.000s,block-000,180.000,82.1127,82.11,82.11,0.0000,0.0500,2.763951
1147,longdress,driving_B_2020.02.13_15.02.01.csv,train/driving_B_2020.02.13_15.02.01.csv#block-000@time-360.000s,block-000,360.000,56.2780,56.28,56.28,0.0000,0.0500,2.736986
1148,loot,driving_B_2019.12.16_12.27.05.csv,train/driving_B_2019.12.16_12.27.05.csv#block-000@time-300.000s,block-000,300.000,31.2884,31.29,31.29,0.0000,0.0500,2.624989
1149,redandblack,driving_B_2020.01.16_12.10.03.csv,train/driving_B_2020.01.16_12.10.03.csv#block-000@time-0.000s,block-000,0.000,83.2410,83.24,83.24,1.1687,0.0500,2.702964
1150,soldier,driving_B_2020.02.13_15.02.01.csv,train/driving_B_2020.02.13_15.02.01.csv#block-000@time-120.000s,block-000,120.000,83.2343,83.23,83.23,0.7753,0.0500,2.666237
1151,longdress,static_B_2020.02.27_18.39.27.csv,train/static_B_2020.02.27_18.39.27.csv#block-001@time-4692.000s,block-001,4692.000,84.3654,84.37,84.37,0.0000,0.0500,2.543686
1152,loot,driving_B_2020.02.13_13.03.24.csv,train/driving_B_2020.02.13_13.03.24.csv#block-000@time-300.000s,block-000,300.000,26.8840,26.88,26.88,0.0000,0.0500,2.923560
1153,redandblack,driving_B_2020.01.16_07.26.43.csv,train/driving_B_2020.01.16_07.26.43.csv#block-000@time-0.000s,block-000,0.000,28.4345,28.43,28.43,0.0000,0.0500,2.640719
1154,soldier,static_B_2020.02.27_18.39.27.csv,train/static_B_2020.02.27_18.39.27.csv#block-001@time-4932.000s,block-001,4932.000,50.5605,50.56,50.56,0.0000,0.0500,2.824930
1155,longdress,driving_B_2020.02.14_12.58.17.csv,train/driving_B_2020.02.14_12.58.17.csv#block-002@time-536.000s,block-002,536.000,-7.5564,-7.56,-7.56,0.0000,0.0500,2.635906
1156,loot,driving_B_2020.01.16_12.10.03.csv,train/driving_B_2020.01.16_12.10.03.csv#block-000@time-120.000s,block-000,120.000,88.6652,88.67,88.67,1.2864,0.0500,2.468081
1157,redandblack,driving_B_2020.01.16_07.26.43.csv,train/driving_B_2020.01.16_07.26.43.csv#block-000@time-1740.000s,block-000,1740.000,13.6749,13.67,13.67,0.0000,0.0500,2.624317
1158,soldier,driving_B_2020.02.13_13.03.24.csv,train/driving_B_2020.02.13_13.03.24.csv#block-001@time-1934.000s,block-001,1934.000,-9.0058,-9.01,-9.01,0.0000,0.0500,2.806900
1159,longdress,driving_B_2020.02.14_12.58.17.csv,train/driving_B_2020.02.14_12.58.17.csv#block-000@time-0.000s,block-000,0.000,26.3447,26.34,26.34,0.1203,0.0500,2.821632
1160,loot,static_B_2020.02.14_13.21.26.csv,train/static_B_2020.02.14_13.21.26.csv#block-000@time-840.000s,block-000,840.000,89.2431,89.24,89.24,1.2255,0.0500,2.569222
1161,redandblack,driving_B_2019.12.16_12.27.05.csv,train/driving_B_2019.12.16_12.27.05.csv#block-000@time-120.000s,block-000,120.000,33.5232,33.52,33.52,0.0000,0.0500,2.340935
1162,soldier,driving_B_2020.01.16_07.26.43.csv,train/driving_B_2020.01.16_07.26.43.csv#block-000@time-1380.000s,block-000,1380.000,25.1749,25.17,25.17,0.0000,0.0500,2.678445
1163,longdress,driving_B_2020.01.16_07.26.43.csv,train/driving_B_2020.01.16_07.26.43.csv#block-000@time-60.000s,block-000,60.000,32.8086,32.81,32.81,0.0000,0.0500,2.577466
1164,loot,driving_B_2020.02.13_15.02.01.csv,train/driving_B_2020.02.13_15.02.01.csv#block-000@time-2760.000s,block-000,2760.000,-0.4948,-0.49,-0.49,0.0000,0.0500,2.814445
1165,redandblack,driving_B_2020.02.27_17.30.15.csv,train/driving_B_2020.02.27_17.30.15.csv#block-002@time-473.000s,block-002,473.000,-75.3042,-75.30,-75.30,0.0000,0.0500,2.320343
1166,soldier,static_B_2020.02.14_13.21.26.csv,train/static_B_2020.02.14_13.21.26.csv#block-000@time-180.000s,block-000,180.000,73.6296,73.63,73.63,0.0000,0.0500,2.737463
1167,longdress,driving_B_2020.02.14_12.58.17.csv,train/driving_B_2020.02.14_12.58.17.csv#block-002@time-656.000s,block-002,656.000,44.7813,44.78,44.78,0.0000,0.0500,2.714424
1168,loot,driving_B_2020.02.14_12.58.17.csv,train/driving_B_2020.02.14_12.58.17.csv#block-002@time-716.000s,block-002,716.000,36.5885,36.59,36.59,0.0000,0.0500,2.543104
1169,redandblack,driving_B_2020.02.13_15.02.01.csv,train/driving_B_2020.02.13_15.02.01.csv#block-000@time-1260.000s,block-000,1260.000,39.5353,39.54,39.54,0.0000,0.0500,2.680050
1170,soldier,driving_B_2019.12.17_07.32.39.csv,train/driving_B_2019.12.17_07.32.39.csv#block-003@time-2134.000s,block-003,2134.000,46.3353,46.34,46.34,0.0000,0.0500,2.472229
1171,longdress,driving_B_2019.12.16_12.27.05.csv,train/driving_B_2019.12.16_12.27.05.csv#block-000@time-960.000s,block-000,960.000,57.4250,57.42,57.42,0.0000,0.0500,2.617060
1172,loot,driving_B_2020.02.27_17.30.15.csv,train/driving_B_2020.02.27_17.30.15.csv#block-002@time-473.000s,block-002,473.000,-96.3696,-96.37,-96.37,0.0000,0.0500,2.582323
1173,redandblack,driving_B_2020.02.13_13.03.24.csv,train/driving_B_2020.02.13_13.03.24.csv#block-001@time-1994.000s,block-001,1994.000,76.1172,76.12,76.12,0.0000,0.0500,2.435796
1174,soldier,driving_B_2019.12.16_12.27.05.csv,train/driving_B_2019.12.16_12.27.05.csv#block-000@time-540.000s,block-000,540.000,-33.4862,-33.49,-33.49,0.0000,0.0500,2.759678
1175,longdress,driving_B_2020.02.13_15.02.01.csv,train/driving_B_2020.02.13_15.02.01.csv#block-000@time-1800.000s,block-000,1800.000,-103.9810,-103.98,-103.98,0.0000,0.0500,2.468300
1176,loot,driving_B_2020.02.27_17.30.15.csv,train/driving_B_2020.02.27_17.30.15.csv#block-002@time-413.000s,block-002,413.000,29.2450,29.24,29.24,0.0000,0.0500,2.956021
1177,redandblack,driving_B_2020.02.27_17.30.15.csv,train/driving_B_2020.02.27_17.30.15.csv#block-002@time-413.000s,block-002,413.000,28.0923,28.09,28.09,0.0000,0.0500,2.665558
1178,soldier,static_B_2020.02.27_18.39.27.csv,train/static_B_2020.02.27_18.39.27.csv#block-001@time-3732.000s,block-001,3732.000,78.3726,78.37,78.37,0.0000,0.0500,2.754326
1179,longdress,static_B_2020.02.14_13.21.26.csv,train/static_B_2020.02.14_13.21.26.csv#block-000@time-420.000s,block-000,420.000,77.2473,77.25,77.25,0.0000,0.0500,2.538331
1180,loot,driving_B_2020.02.14_12.58.17.csv,train/driving_B_2020.02.14_12.58.17.csv#block-002@time-536.000s,block-002,536.000,-86.6848,-86.68,-86.68,0.0000,0.0500,2.850395
1181,redandblack,static_B_2020.02.27_18.39.27.csv,train/static_B_2020.02.27_18.39.27.csv#block-001@time-5052.000s,block-001,5052.000,79.3722,79.37,79.37,0.0000,0.0500,2.511535
1182,soldier,driving_B_2019.12.17_07.32.39.csv,train/driving_B_2019.12.17_07.32.39.csv#block-000@time-180.000s,block-000,180.000,27.3489,27.35,27.35,0.0000,0.0500,2.601833
1183,longdress,driving_B_2020.02.14_09.38.22.csv,train/driving_B_2020.02.14_09.38.22.csv#block-000@time-1380.000s,block-000,1380.000,27.8804,27.88,27.88,0.0000,0.0500,2.969508
1184,loot,driving_B_2020.02.13_15.02.01.csv,train/driving_B_2020.02.13_15.02.01.csv#block-000@time-1380.000s,block-000,1380.000,54.0596,54.06,54.06,0.0000,0.0500,2.506919
1185,redandblack,driving_B_2020.01.16_09.56.56.csv,train/driving_B_2020.01.16_09.56.56.csv#block-001@time-999.000s,block-001,999.000,18.8781,18.88,18.88,0.0000,0.0500,2.745808
1186,soldier,driving_B_2020.02.13_15.02.01.csv,train/driving_B_2020.02.13_15.02.01.csv#block-000@time-2460.000s,block-000,2460.000,69.4845,69.48,69.48,0.0000,0.0500,2.806006
1187,longdress,static_B_2020.02.27_18.39.27.csv,train/static_B_2020.02.27_18.39.27.csv#block-001@time-2652.000s,block-001,2652.000,44.3910,44.39,44.39,0.0000,0.0500,2.582271
1188,loot,driving_B_2020.01.16_09.56.56.csv,train/driving_B_2020.01.16_09.56.56.csv#block-000@time-240.000s,block-000,240.000,51.0697,51.07,51.07,0.0000,0.0500,2.624372
1189,redandblack,driving_B_2020.02.13_15.02.01.csv,train/driving_B_2020.02.13_15.02.01.csv#block-000@time-2340.000s,block-000,2340.000,33.3423,33.34,33.34,0.0000,0.0500,2.757601
1190,soldier,driving_B_2020.02.14_12.58.17.csv,train/driving_B_2020.02.14_12.58.17.csv#block-002@time-656.000s,block-002,656.000,36.2960,36.30,36.30,0.0000,0.0500,2.705980
1191,longdress,driving_B_2020.02.14_09.38.22.csv,train/driving_B_2020.02.14_09.38.22.csv#block-000@time-900.000s,block-000,900.000,-72.5530,-72.55,-72.55,0.0000,0.0500,2.464842
1192,loot,driving_B_2019.12.16_12.27.05.csv,train/driving_B_2019.12.16_12.27.05.csv#block-000@time-360.000s,block-000,360.000,30.4513,30.45,30.45,0.0000,0.0500,2.809505
1193,redandblack,driving_B_2020.01.16_07.26.43.csv,train/driving_B_2020.01.16_07.26.43.csv#block-000@time-360.000s,block-000,360.000,26.0566,26.06,26.06,0.0000,0.0500,2.626321
1194,soldier,static_B_2020.02.27_18.39.27.csv,train/static_B_2020.02.27_18.39.27.csv#block-001@time-2472.000s,block-001,2472.000,80.4955,80.50,80.50,0.0000,0.0500,2.843613
1195,longdress,driving_B_2020.01.16_07.26.43.csv,train/driving_B_2020.01.16_07.26.43.csv#block-000@time-1680.000s,block-000,1680.000,30.8171,30.82,30.82,0.0000,0.0500,2.677352
1196,loot,driving_B_2020.02.14_12.58.17.csv,train/driving_B_2020.02.14_12.58.17.csv#block-002@time-716.000s,block-002,716.000,34.3385,34.34,34.34,0.0000,0.0500,2.891796
1197,redandblack,driving_B_2019.12.17_07.32.39.csv,train/driving_B_2019.12.17_07.32.39.csv#block-000@time-360.000s,block-000,360.000,47.5180,47.52,47.52,0.0000,0.0500,2.493545
1198,soldier,driving_B_2020.01.16_12.10.03.csv,train/driving_B_2020.01.16_12.10.03.csv#block-000@time-240.000s,block-000,240.000,85.7474,85.75,85.75,0.0000,0.0500,2.657772
1199,longdress,driving_B_2019.12.16_12.27.05.csv,train/driving_B_2019.12.16_12.27.05.csv#block-000@time-60.000s,block-000,60.000,30.3468,30.35,30.35,0.0000,0.0500,2.785339
1200,loot,static_B_2019.12.16_13.40.04.csv,train/static_B_2019.12.16_13.40.04.csv#block-001@time-955.000s,block-001,955.000,80.6360,80.64,80.64,0.0000,0.0500,2.483438
1201,redandblack,driving_B_2020.02.27_17.30.15.csv,train/driving_B_2020.02.27_17.30.15.csv#block-002@time-533.000s,block-002,533.000,-17.8676,-17.87,-17.87,0.0000,0.0500,2.626001
1202,soldier,driving_B_2020.02.27_17.30.15.csv,train/driving_B_2020.02.27_17.30.15.csv#block-002@time-473.000s,block-002,473.000,-305.7221,-305.72,-305.72,0.0000,0.0500,2.639531
1203,longdress,driving_B_2020.01.16_09.56.56.csv,train/driving_B_2020.01.16_09.56.56.csv#block-001@time-939.000s,block-001,939.000,32.6318,32.63,32.63,0.0000,0.0500,3.266745
1204,loot,static_B_2020.02.27_18.39.27.csv,train/static_B_2020.02.27_18.39.27.csv#block-001@time-2952.000s,block-001,2952.000,85.6085,85.61,85.61,0.0000,0.0500,2.939802
1205,redandblack,driving_B_2020.01.16_09.56.56.csv,train/driving_B_2020.01.16_09.56.56.csv#block-001@time-1179.000s,block-001,1179.000,28.0464,28.05,28.05,0.0000,0.0500,2.602019
1206,soldier,static_B_2020.02.14_13.21.26.csv,train/static_B_2020.02.14_13.21.26.csv#block-000@time-780.000s,block-000,780.000,70.9649,70.96,70.96,0.1170,0.0500,2.993594
1207,longdress,static_B_2020.02.14_13.21.26.csv,train/static_B_2020.02.14_13.21.26.csv#block-000@time-660.000s,block-000,660.000,81.1430,81.14,81.14,0.0000,0.0500,2.924675
1208,loot,driving_B_2020.02.27_17.30.15.csv,train/driving_B_2020.02.27_17.30.15.csv#block-002@time-413.000s,block-002,413.000,-4.3286,-4.33,-4.33,0.0000,0.0500,2.911592
1209,redandblack,driving_B_2020.01.16_12.10.03.csv,train/driving_B_2020.01.16_12.10.03.csv#block-000@time-180.000s,block-000,180.000,90.5049,90.50,90.50,0.0000,0.0500,2.627848
1210,soldier,driving_B_2020.02.13_13.03.24.csv,train/driving_B_2020.02.13_13.03.24.csv#block-001@time-974.000s,block-001,974.000,-11.9915,-11.99,-11.99,0.0000,0.0500,2.784574
1211,longdress,driving_B_2020.02.14_12.58.17.csv,train/driving_B_2020.02.14_12.58.17.csv#block-002@time-596.000s,block-002,596.000,26.3634,26.36,26.36,0.0000,0.0500,2.953259
1212,loot,driving_B_2020.02.13_13.03.24.csv,train/driving_B_2020.02.13_13.03.24.csv#block-001@time-1454.000s,block-001,1454.000,31.8360,31.84,31.84,0.0000,0.0500,2.610969
1213,redandblack,driving_B_2020.02.14_12.58.17.csv,train/driving_B_2020.02.14_12.58.17.csv#block-002@time-656.000s,block-002,656.000,47.5833,47.58,47.58,0.0000,0.0500,2.981130
1214,soldier,driving_B_2019.12.17_07.32.39.csv,train/driving_B_2019.12.17_07.32.39.csv#block-000@time-1380.000s,block-000,1380.000,34.1720,34.17,34.17,0.0000,0.0500,2.701500
1215,longdress,static_B_2020.02.27_18.39.27.csv,train/static_B_2020.02.27_18.39.27.csv#block-001@time-1692.000s,block-001,1692.000,53.7761,53.78,53.78,0.0000,0.0500,2.714006
1216,loot,driving_B_2020.02.27_17.30.15.csv,train/driving_B_2020.02.27_17.30.15.csv#block-002@time-293.000s,block-002,293.000,-33.5225,-33.52,-33.52,0.0000,0.0500,3.005551
1217,redandblack,driving_B_2019.12.17_07.32.39.csv,train/driving_B_2019.12.17_07.32.39.csv#block-003@time-1954.000s,block-003,1954.000,6.7798,6.78,6.78,0.0000,0.0500,2.532402
1218,soldier,driving_B_2019.12.16_12.27.05.csv,train/driving_B_2019.12.16_12.27.05.csv#block-000@time-960.000s,block-000,960.000,84.6828,84.68,84.68,0.0000,0.0500,3.016034
1219,longdress,static_B_2020.02.14_13.21.26.csv,train/static_B_2020.02.14_13.21.26.csv#block-000@time-780.000s,block-000,780.000,82.0399,82.04,82.04,0.0000,0.0500,3.069351
1220,loot,driving_B_2019.12.17_07.32.39.csv,train/driving_B_2019.12.17_07.32.39.csv#block-000@time-780.000s,block-000,780.000,41.4748,41.47,41.47,0.0000,0.0500,2.478916
1221,redandblack,driving_B_2020.02.27_17.30.15.csv,train/driving_B_2020.02.27_17.30.15.csv#block-002@time-533.000s,block-002,533.000,-15.5819,-15.58,-15.58,0.0000,0.0500,2.738907
1222,soldier,driving_B_2019.12.16_12.27.05.csv,train/driving_B_2019.12.16_12.27.05.csv#block-000@time-1200.000s,block-000,1200.000,15.9449,15.94,15.94,0.0000,0.0500,3.007987
1223,longdress,driving_B_2020.02.14_12.58.17.csv,train/driving_B_2020.02.14_12.58.17.csv#block-002@time-716.000s,block-002,716.000,19.2943,19.29,19.29,0.0000,0.0500,2.392537
1224,loot,driving_B_2019.12.17_07.32.39.csv,train/driving_B_2019.12.17_07.32.39.csv#block-003@time-1834.000s,block-003,1834.000,25.8570,25.86,25.86,0.0000,0.0500,2.981704
1225,redandblack,driving_B_2019.12.16_12.27.05.csv,train/driving_B_2019.12.16_12.27.05.csv#block-000@time-660.000s,block-000,660.000,-44.0838,-44.08,-44.08,0.0000,0.0500,2.879773
1226,soldier,driving_B_2020.02.13_13.03.24.csv,train/driving_B_2020.02.13_13.03.24.csv#block-001@time-1694.000s,block-001,1694.000,26.8740,26.87,26.87,0.0000,0.0500,2.809341
1227,longdress,driving_B_2020.01.16_07.26.43.csv,train/driving_B_2020.01.16_07.26.43.csv#block-000@time-1320.000s,block-000,1320.000,28.5139,28.51,28.51,0.0000,0.0500,2.821790
1228,loot,driving_B_2020.02.27_17.30.15.csv,train/driving_B_2020.02.27_17.30.15.csv#block-002@time-413.000s,block-002,413.000,14.7147,14.71,14.71,0.0000,0.0500,2.701058
1229,redandblack,driving_B_2020.02.13_15.02.01.csv,train/driving_B_2020.02.13_15.02.01.csv#block-000@time-2220.000s,block-000,2220.000,54.3029,54.30,54.30,0.0000,0.0500,2.735381
1230,soldier,static_B_2020.02.27_18.39.27.csv,train/static_B_2020.02.27_18.39.27.csv#block-001@time-5712.000s,block-001,5712.000,63.6577,63.66,63.66,0.0000,0.0500,2.556971
1231,longdress,driving_B_2020.02.13_13.03.24.csv,train/driving_B_2020.02.13_13.03.24.csv#block-000@time-240.000s,block-000,240.000,22.2826,22.28,22.28,0.0000,0.0500,2.797094
1232,loot,driving_B_2020.02.27_17.30.15.csv,train/driving_B_2020.02.27_17.30.15.csv#block-002@time-293.000s,block-002,293.000,-40.3876,-40.39,-40.39,0.0000,0.0500,2.797757
1233,redandblack,driving_B_2020.01.16_09.56.56.csv,train/driving_B_2020.01.16_09.56.56.csv#block-001@time-579.000s,block-001,579.000,50.5415,50.54,50.54,0.0000,0.0500,2.942312
1234,soldier,driving_B_2020.01.16_07.26.43.csv,train/driving_B_2020.01.16_07.26.43.csv#block-000@time-720.000s,block-000,720.000,25.2796,25.28,25.28,0.0000,0.0500,2.836046
1235,longdress,driving_B_2020.02.27_17.30.15.csv,train/driving_B_2020.02.27_17.30.15.csv#block-002@time-353.000s,block-002,353.000,-7.0092,-7.01,-7.01,0.0000,0.0500,2.887233
1236,loot,driving_B_2020.02.13_13.03.24.csv,train/driving_B_2020.02.13_13.03.24.csv#block-001@time-1034.000s,block-001,1034.000,25.0008,25.00,25.00,0.0000,0.0500,2.717658
1237,redandblack,driving_B_2020.02.13_15.02.01.csv,train/driving_B_2020.02.13_15.02.01.csv#block-000@time-300.000s,block-000,300.000,86.2009,86.20,86.20,1.3427,0.0500,2.842222
1238,soldier,driving_B_2020.02.13_15.02.01.csv,train/driving_B_2020.02.13_15.02.01.csv#block-000@time-840.000s,block-000,840.000,35.4770,35.48,35.48,0.0000,0.0500,2.676390
1239,longdress,driving_B_2020.01.16_07.26.43.csv,train/driving_B_2020.01.16_07.26.43.csv#block-000@time-960.000s,block-000,960.000,-6.5732,-6.57,-6.57,0.0000,0.0500,2.729660
1240,loot,driving_B_2020.02.13_15.02.01.csv,train/driving_B_2020.02.13_15.02.01.csv#block-000@time-2280.000s,block-000,2280.000,52.7826,52.78,52.78,0.0000,0.0500,2.435376
1241,redandblack,driving_B_2020.01.16_12.10.03.csv,train/driving_B_2020.01.16_12.10.03.csv#block-000@time-120.000s,block-000,120.000,80.8608,80.86,80.86,1.3118,0.0500,2.776133
1242,soldier,driving_B_2020.02.27_17.30.15.csv,train/driving_B_2020.02.27_17.30.15.csv#block-002@time-473.000s,block-002,473.000,-38.2954,-38.30,-38.30,0.0000,0.0500,2.971855
1243,longdress,static_B_2020.02.27_18.39.27.csv,train/static_B_2020.02.27_18.39.27.csv#block-001@time-12.000s,block-001,12.000,81.9499,81.95,81.95,0.0000,0.0500,2.952958
1244,loot,static_B_2020.02.14_13.21.26.csv,train/static_B_2020.02.14_13.21.26.csv#block-000@time-360.000s,block-000,360.000,82.4530,82.45,82.45,0.0000,0.0500,2.950530
1245,redandblack,driving_B_2020.02.13_13.03.24.csv,train/driving_B_2020.02.13_13.03.24.csv#block-001@time-1334.000s,block-001,1334.000,30.3049,30.30,30.30,0.0000,0.0500,2.788944
1246,soldier,static_B_2020.02.27_18.39.27.csv,train/static_B_2020.02.27_18.39.27.csv#block-001@time-2292.000s,block-001,2292.000,53.4991,53.50,53.50,0.0000,0.0500,3.100907
1247,longdress,static_B_2019.12.16_13.40.04.csv,train/static_B_2019.12.16_13.40.04.csv#block-005@time-1406.000s,block-005,1406.000,41.2886,41.29,41.29,0.0000,0.0500,2.937203
1248,loot,driving_B_2020.02.13_13.03.24.csv,train/driving_B_2020.02.13_13.03.24.csv#block-001@time-1514.000s,block-001,1514.000,19.9153,19.92,19.92,0.0000,0.0500,2.586352
