# C:\Users\Nima\AppData\Local\Programs\Python\Python313\python.exe -u C:\Users\Nima\PointCloudStreaming\train_dqn.py --out C:\Users\Nima\PointCloudStreaming\logs\train_runs\20260711_130607_full\sweep\trial_001_s46\abr_dqn.pkl --run-dir C:\Users\Nima\PointCloudStreaming\logs\train_runs\20260711_130607_full\sweep\trial_001_s46 --coverage-stride 60 --epochs 8 --eval-every 100 --eval-seeds 42,43,44 --lam 1.0 --lr 0.0001 --mu 4.3 --playback-rate-min 0.9 --reward-spec {"stall_mode": "bounded", "stall_cap_s": 2.0, "event_penalty": 2.0} --seed 46 --segment-frames 8 --select-by qoe_quality --target-update 3000
==========================================================================================
🤖 DQN ABR training
   sequences: ['longdress', 'loot', 'redandblack', 'soldier'] | eval sequence: longdress
   train files: 4 | test files: 1 | frames/episode: 300
   coverage stride: 60 samples -> 237 episodes/epoch x 8 epochs = 1896 episodes (~72048 env steps)
   segment: 8 frames/request (38 decisions/episode) | playback-rate-min: 0.9 | eval seeds: [42, 43, 44]
   state_dim: 23 | actions: 6 | feature_spec: ['lstm_pred', 'buffer', 'last_rep_onehot', 'tput_last', 'tput_mean', 'tput_std', 'rep_bitrates', 'rep_densities']
   reward: q[log_density] - 4.3*min(stall,2.0) + 2.0*new_event - 1.0*|dq|  (gamma=0.99, lr=0.0001, reward_norm=True, reward_scale=1.0)
   select-by: qoe_quality | out: C:\Users\Nima\PointCloudStreaming\logs\train_runs\20260711_130607_full\sweep\trial_001_s46\abr_dqn.pkl | run-dir: C:\Users\Nima\PointCloudStreaming\logs\train_runs\20260711_130607_full\sweep\trial_001_s46
==========================================================================================
[eval @ ep 0] untrained: reward=186.84 qoe=7.5 qoe_q=38.3
[ep    1] longdress    static_B_2020.02.13_13.57.29.csv@1647  reward=  115.26 qoe=   0.0 qoe_q=  -34.3 eps=0.999 loss=0.0000
[ep    2] loot         static_B_2020.01.16_10.43.34.csv@364   reward=  171.76 qoe=  26.0 qoe_q=   47.1 eps=0.998 loss=0.9467
[ep    3] redandblack  static_B_2020.02.13_13.57.29.csv@1047  reward=  127.02 qoe=  21.0 qoe_q=   18.5 eps=0.998 loss=0.8576
[ep    4] soldier      static_B_2020.01.16_10.43.34.csv@184   reward=  151.17 qoe=  54.0 qoe_q=   38.4 eps=0.997 loss=0.6868
[ep    5] longdress    static_B_2020.01.16_10.43.34.csv@484   reward=  152.59 qoe=  76.3 qoe_q=   32.1 eps=0.996 loss=0.6088
[ep    6] loot         static_B_2020.01.16_10.43.34.csv@2404  reward=  182.54 qoe=   8.0 qoe_q=   50.9 eps=0.995 loss=0.3782
[ep    7] redandblack  static_B_2020.01.16_10.43.34.csv@2824  reward=  142.00 qoe= 100.0 qoe_q=   38.3 eps=0.994 loss=0.1714
[ep    8] soldier      static_B_2020.02.27_18.39.27.csv@1355  reward=  142.46 qoe=  71.9 qoe_q=   28.9 eps=0.993 loss=0.1188
[ep    9] longdress    static_B_2020.02.27_18.39.27.csv@5255  reward=  152.74 qoe=  88.0 qoe_q=   41.0 eps=0.993 loss=0.1015
[ep   10] loot         static_B_2020.02.27_18.39.27.csv@2555  reward=  209.07 qoe=  54.5 qoe_q=   36.1 eps=0.992 loss=0.0871
[ep   11] redandblack  static_B_2020.02.27_18.39.27.csv@1895  reward=  164.78 qoe=   0.0 qoe_q=   45.3 eps=0.991 loss=0.0948
[ep   12] soldier      static_B_2020.02.27_18.39.27.csv@5742  reward=  199.29 qoe=  72.0 qoe_q=   57.0 eps=0.990 loss=0.0922
[ep   13] longdress    static_B_2020.02.27_18.39.27.csv@2135  reward=  117.98 qoe=  49.6 qoe_q=   24.6 eps=0.989 loss=0.0771
[ep   14] loot         static_B_2020.02.27_18.39.27.csv@695   reward=  181.40 qoe=  52.0 qoe_q=   51.9 eps=0.988 loss=0.1025
[ep   15] redandblack  static_B_2020.02.27_18.39.27.csv@1175  reward=  113.65 qoe=   0.0 qoe_q= -231.3 eps=0.987 loss=0.0919
[ep   16] soldier      static_B_2020.02.13_13.57.29.csv@387   reward=   89.27 qoe=   0.0 qoe_q=  -69.1 eps=0.987 loss=0.1190
[ep   17] longdress    static_B_2020.02.27_18.39.27.csv@1955  reward=  153.05 qoe=   8.9 qoe_q=    9.8 eps=0.986 loss=0.1276
[ep   18] loot         static_B_2020.01.16_10.43.34.csv@3004  reward=  169.10 qoe=   0.0 qoe_q=   32.8 eps=0.985 loss=0.1419
[ep   19] redandblack  static_B_2020.01.16_10.43.34.csv@2224  reward=  160.66 qoe= 100.0 qoe_q=   42.7 eps=0.984 loss=0.1252
[ep   20] soldier      static_B_2020.02.27_18.39.27.csv@755   reward=  168.74 qoe=  64.3 qoe_q=   45.7 eps=0.983 loss=0.1318
[ep   21] longdress    static_B_2020.02.27_18.39.27.csv@1415  reward=  174.22 qoe= 100.0 qoe_q=   48.1 eps=0.982 loss=0.1145
[ep   22] loot         static_B_2020.02.27_18.39.27.csv@4895  reward=   95.91 qoe=   0.0 qoe_q=  -31.6 eps=0.982 loss=0.1167
[ep   23] redandblack  static_B_2019.12.16_13.40.04.csv@1222  reward=  168.40 qoe=  75.1 qoe_q=   38.6 eps=0.981 loss=0.1493
[ep   24] soldier      static_B_2020.02.13_13.57.29.csv@1227  reward=  210.52 qoe=  46.0 qoe_q=   62.1 eps=0.980 loss=0.1254
[ep   25] longdress    static_B_2020.02.27_18.39.27.csv@2495  reward=  199.41 qoe=  40.0 qoe_q=   57.9 eps=0.979 loss=0.1262
[ep   26] loot         static_B_2020.02.27_18.39.27.csv@155   reward=  173.66 qoe=  54.0 qoe_q=   47.7 eps=0.978 loss=0.1273
[ep   27] redandblack  static_B_2020.01.16_10.43.34.csv@664   reward=  179.33 qoe=  48.0 qoe_q=   50.3 eps=0.977 loss=0.1224
[ep   28] soldier      static_B_2020.02.27_18.39.27.csv@1835  reward=  170.13 qoe=  61.9 qoe_q=   29.2 eps=0.977 loss=0.1071
[ep   29] longdress    static_B_2020.01.16_10.43.34.csv@1024  reward=  182.11 qoe=  58.4 qoe_q=   28.5 eps=0.976 loss=0.1119
[ep   30] loot         static_B_2020.02.13_13.57.29.csv@987   reward=   64.49 qoe=   0.0 qoe_q= -280.2 eps=0.975 loss=0.1268
[ep   31] redandblack  static_B_2019.12.16_13.40.04.csv@862   reward=  194.01 qoe= 100.0 qoe_q=   56.5 eps=0.974 loss=0.1089
[ep   32] soldier      static_B_2020.02.27_18.39.27.csv@3395  reward=  138.35 qoe=  12.0 qoe_q=   34.1 eps=0.973 loss=0.1318
[ep   33] longdress    static_B_2020.02.27_18.39.27.csv@5315  reward=  181.30 qoe= 100.0 qoe_q=   49.7 eps=0.972 loss=0.1179
[ep   34] loot         static_B_2020.01.16_10.43.34.csv@1384  reward=  134.14 qoe=  75.5 qoe_q=   26.4 eps=0.972 loss=0.1194
[ep   35] redandblack  static_B_2020.01.16_10.43.34.csv@2464  reward=  172.49 qoe=   0.0 qoe_q=   46.4 eps=0.971 loss=0.1193
[ep   36] soldier      static_B_2020.02.13_13.57.29.csv@687   reward=   50.11 qoe=   0.0 qoe_q= -132.3 eps=0.970 loss=0.1110
[ep   37] longdress    static_B_2020.02.27_18.39.27.csv@1235  reward=  209.01 qoe= 100.0 qoe_q=   61.3 eps=0.969 loss=0.1189
[ep   38] loot         static_B_2020.01.16_10.43.34.csv@1084  reward=  202.31 qoe= 100.0 qoe_q=   60.1 eps=0.968 loss=0.1429
[ep   39] redandblack  static_B_2019.12.16_13.40.04.csv@1102  reward=   91.75 qoe=   0.0 qoe_q= -570.8 eps=0.967 loss=0.1192
[ep   40] soldier      static_B_2020.01.16_10.43.34.csv@904   reward=  135.70 qoe=  52.3 qoe_q=   22.0 eps=0.967 loss=0.1365
[ep   41] longdress    static_B_2020.02.27_18.39.27.csv@815   reward=  172.69 qoe=  82.5 qoe_q=   45.9 eps=0.966 loss=0.1300
[ep   42] loot         static_B_2020.02.13_13.57.29.csv@2307  reward=   98.20 qoe=  16.0 qoe_q=    3.1 eps=0.965 loss=0.1358
[ep   43] redandblack  static_B_2019.12.16_13.40.04.csv@1642  reward=  158.76 qoe= 100.0 qoe_q=   44.2 eps=0.964 loss=0.1300
[ep   44] soldier      static_B_2020.02.27_18.39.27.csv@2315  reward=  175.03 qoe=  61.7 qoe_q=   31.2 eps=0.963 loss=0.1282
[ep   45] longdress    static_B_2020.01.16_10.43.34.csv@724   reward=  147.71 qoe=   0.0 qoe_q=   25.3 eps=0.962 loss=0.1229
[ep   46] loot         static_B_2020.01.16_10.43.34.csv@424   reward=  117.59 qoe=   0.0 qoe_q=  -44.7 eps=0.962 loss=0.1391
[ep   47] redandblack  static_B_2020.02.27_18.39.27.csv@2015  reward=  144.96 qoe=  52.2 qoe_q=   12.9 eps=0.961 loss=0.1254
[ep   48] soldier      static_B_2020.02.13_13.57.29.csv@1887  reward=  207.37 qoe=   8.0 qoe_q=   61.1 eps=0.960 loss=0.1371
[ep   49] longdress    static_B_2020.02.27_18.39.27.csv@3095  reward=   65.97 qoe=   0.0 qoe_q=  -51.1 eps=0.959 loss=0.1308
[ep   50] loot         static_B_2019.12.16_13.40.04.csv@262   reward=  139.40 qoe=  57.6 qoe_q=   26.1 eps=0.958 loss=0.1344
[ep   51] redandblack  static_B_2020.02.13_13.57.29.csv@1467  reward=  154.81 qoe=  60.2 qoe_q=   32.3 eps=0.957 loss=0.1332
[ep   52] soldier      static_B_2020.01.16_10.43.34.csv@3109  reward=  154.33 qoe=  88.0 qoe_q=   40.7 eps=0.957 loss=0.1235
[ep   53] longdress    static_B_2019.12.16_13.40.04.csv@1882  reward=  200.79 qoe=  32.0 qoe_q=   57.0 eps=0.956 loss=0.1342
[ep   54] loot         static_B_2020.01.16_10.43.34.csv@2524  reward=  199.47 qoe=  38.0 qoe_q=   57.7 eps=0.955 loss=0.1460
[ep   55] redandblack  static_B_2020.02.13_13.57.29.csv@2427  reward=  122.11 qoe=   0.0 qoe_q=  -29.3 eps=0.954 loss=0.1445
[ep   56] soldier      static_B_2020.01.16_10.43.34.csv@124   reward=  115.55 qoe=   0.0 qoe_q=  -31.6 eps=0.953 loss=0.1378
[ep   57] longdress    static_B_2020.02.13_13.57.29.csv@87    reward=  125.45 qoe=   0.0 qoe_q=   -4.2 eps=0.952 loss=0.1536
[ep   58] loot         static_B_2020.02.13_13.57.29.csv@927   reward=  139.55 qoe=  52.7 qoe_q=   25.1 eps=0.952 loss=0.1457
[ep   59] redandblack  static_B_2020.01.16_10.43.34.csv@1504  reward=  193.92 qoe=  10.0 qoe_q=   56.6 eps=0.951 loss=0.1336
[ep   60] soldier      static_B_2020.02.27_18.39.27.csv@5075  reward=  168.70 qoe=  38.0 qoe_q=   46.4 eps=0.950 loss=0.1421
[ep   61] longdress    static_B_2020.01.16_10.43.34.csv@2584  reward=  125.01 qoe=  14.3 qoe_q=   -5.8 eps=0.949 loss=0.1391
[ep   62] loot         static_B_2020.02.27_18.39.27.csv@5742  reward=  170.87 qoe=   5.3 qoe_q=   32.5 eps=0.948 loss=0.1373
[ep   63] redandblack  static_B_2020.01.16_10.43.34.csv@64    reward=  178.98 qoe=  58.0 qoe_q=   50.0 eps=0.947 loss=0.1375
[ep   64] soldier      static_B_2020.02.27_18.39.27.csv@4595  reward=  151.30 qoe=  51.4 qoe_q=   26.6 eps=0.947 loss=0.1516
[ep   65] longdress    static_B_2020.02.27_18.39.27.csv@2915  reward=  154.97 qoe=  65.8 qoe_q=   36.2 eps=0.946 loss=0.1304
[ep   66] loot         static_B_2020.02.27_18.39.27.csv@1475  reward=  157.12 qoe= 100.0 qoe_q=   42.8 eps=0.945 loss=0.1269
[ep   67] redandblack  static_B_2020.02.27_18.39.27.csv@2075  reward=  171.09 qoe=  92.0 qoe_q=   47.1 eps=0.944 loss=0.1328
[ep   68] soldier      static_B_2020.01.16_10.43.34.csv@2884  reward=   71.44 qoe=   0.0 qoe_q=  -24.5 eps=0.943 loss=0.1359
[ep   69] longdress    static_B_2020.01.16_10.43.34.csv@2644  reward=  185.41 qoe=  80.5 qoe_q=   51.0 eps=0.942 loss=0.1468
[ep   70] loot         static_B_2020.01.16_10.43.34.csv@304   reward=  181.53 qoe=   0.0 qoe_q=   51.2 eps=0.942 loss=0.1469
[ep   71] redandblack  static_B_2020.01.16_10.43.34.csv@2164  reward=  147.43 qoe=  81.3 qoe_q=   37.5 eps=0.941 loss=0.1449
[ep   72] soldier      static_B_2020.02.27_18.39.27.csv@5135  reward=  225.24 qoe=  46.0 qoe_q=   68.5 eps=0.940 loss=0.1406
[ep   73] longdress    static_B_2020.02.27_18.39.27.csv@3215  reward=  207.83 qoe=  46.0 qoe_q=   61.2 eps=0.939 loss=0.1250
[ep   74] loot         static_B_2019.12.16_13.40.04.csv@682   reward=  185.75 qoe=   8.0 qoe_q=   54.2 eps=0.938 loss=0.1232
[ep   75] redandblack  static_B_2020.02.27_18.39.27.csv@4775  reward=  175.50 qoe=  82.0 qoe_q=   47.4 eps=0.937 loss=0.1384
[ep   76] soldier      static_B_2020.02.13_13.57.29.csv@867   reward=   66.47 qoe=   0.0 qoe_q=  -47.2 eps=0.937 loss=0.1537
[ep   77] longdress    static_B_2020.01.16_10.43.34.csv@844   reward=  198.58 qoe=  68.9 qoe_q=   47.8 eps=0.936 loss=0.1236
[ep   78] loot         static_B_2019.12.16_13.40.04.csv@442   reward=  149.76 qoe=  68.8 qoe_q=   36.2 eps=0.935 loss=0.1368
[ep   79] redandblack  static_B_2019.12.16_13.40.04.csv@1822  reward=  153.07 qoe=   1.9 qoe_q=    0.2 eps=0.934 loss=0.1476
[ep   80] soldier      static_B_2020.02.13_13.57.29.csv@507   reward=  139.29 qoe=  61.7 qoe_q=   27.3 eps=0.933 loss=0.1433
[ep   81] longdress    static_B_2020.02.27_18.39.27.csv@4475  reward=  113.56 qoe=  24.7 qoe_q=   13.8 eps=0.932 loss=0.5693
[ep   82] loot         static_B_2020.01.16_10.43.34.csv@2104  reward=  203.58 qoe=  63.3 qoe_q=   39.3 eps=0.932 loss=0.2905
[ep   83] redandblack  static_B_2020.02.27_18.39.27.csv@635   reward=  206.71 qoe=  94.0 qoe_q=   60.8 eps=0.931 loss=0.2216
[ep   84] soldier      static_B_2020.02.27_18.39.27.csv@4235  reward=  151.95 qoe=  46.1 qoe_q=   18.5 eps=0.930 loss=0.1943
[ep   85] longdress    static_B_2020.02.27_18.39.27.csv@3155  reward=  118.64 qoe=   0.0 qoe_q= -332.0 eps=0.929 loss=0.2028
[ep   86] loot         static_B_2019.12.16_13.40.04.csv@82    reward=  206.38 qoe= 100.0 qoe_q=   62.1 eps=0.928 loss=0.1828
[ep   87] redandblack  static_B_2020.02.27_18.39.27.csv@3515  reward=  153.05 qoe=  86.4 qoe_q=   39.3 eps=0.927 loss=0.1995
[ep   88] soldier      static_B_2020.02.13_13.57.29.csv@2945  reward=  180.23 qoe=  60.2 qoe_q=   28.3 eps=0.927 loss=0.1954
[ep   89] longdress    static_B_2020.02.27_18.39.27.csv@2435  reward=  179.45 qoe=  72.0 qoe_q=   47.8 eps=0.926 loss=0.2031
[ep   90] loot         static_B_2020.02.27_18.39.27.csv@4415  reward=  175.72 qoe=  70.0 qoe_q=   48.7 eps=0.925 loss=0.2141
[ep   91] redandblack  static_B_2020.01.16_10.43.34.csv@1744  reward=  183.31 qoe=  16.0 qoe_q=   49.9 eps=0.924 loss=0.1894
[ep   92] soldier      static_B_2020.02.13_13.57.29.csv@1827  reward=  203.24 qoe=   6.0 qoe_q=   59.8 eps=0.923 loss=0.2015
[ep   93] longdress    static_B_2020.02.13_13.57.29.csv@2487  reward=  172.74 qoe=   0.0 qoe_q=   -2.3 eps=0.922 loss=0.2096
[ep   94] loot         static_B_2020.02.27_18.39.27.csv@5675  reward=  186.07 qoe=  78.0 qoe_q=   51.7 eps=0.922 loss=0.2051
[ep   95] redandblack  static_B_2020.02.27_18.39.27.csv@3755  reward=  200.27 qoe= 100.0 qoe_q=   58.9 eps=0.921 loss=0.2179
[ep   96] soldier      static_B_2020.02.13_13.57.29.csv@1587  reward=  142.32 qoe=  60.0 qoe_q=   17.8 eps=0.920 loss=0.2031
[ep   97] longdress    static_B_2020.02.27_18.39.27.csv@1295  reward=  185.87 qoe=  46.0 qoe_q=   51.0 eps=0.919 loss=0.1900
[ep   98] loot         static_B_2019.12.16_13.40.04.csv@1904  reward=  177.03 qoe=   0.0 qoe_q=   49.6 eps=0.918 loss=0.1983
[ep   99] redandblack  static_B_2020.02.27_18.39.27.csv@4655  reward=   88.78 qoe=   0.0 qoe_q= -271.9 eps=0.917 loss=0.1859
[ep  100] soldier      static_B_2020.01.16_10.43.34.csv@784   reward=  131.75 qoe=  29.2 qoe_q=   17.5 eps=0.917 loss=0.1932
    [eval @ ep 100] reward=159.54 qoe=0.0 qoe_q=-70.3 mean_q=0.978 stall=38.9s  <-- best (saved)
[ep  101] longdress    static_B_2020.02.13_13.57.29.csv@2847  reward=   94.22 qoe=   0.0 qoe_q=  -21.5 eps=0.916 loss=0.1987
[ep  102] loot         static_B_2020.02.27_18.39.27.csv@3575  reward=  135.59 qoe=   0.0 qoe_q=  -12.9 eps=0.915 loss=0.2178
[ep  103] redandblack  static_B_2019.12.16_13.40.04.csv@922   reward=   59.70 qoe=   0.0 qoe_q=  -28.3 eps=0.914 loss=0.1952
[ep  104] soldier      static_B_2020.01.16_10.43.34.csv@2944  reward=  148.64 qoe=  60.1 qoe_q=   30.7 eps=0.913 loss=0.2125
[ep  105] longdress    static_B_2020.02.27_18.39.27.csv@5015  reward=  134.75 qoe=  76.0 qoe_q=   28.9 eps=0.912 loss=0.1947
[ep  106] loot         static_B_2020.02.27_18.39.27.csv@1055  reward=  180.75 qoe= 100.0 qoe_q=   46.9 eps=0.912 loss=0.2015
[ep  107] redandblack  static_B_2020.01.16_10.43.34.csv@4     reward=  180.91 qoe=  30.0 qoe_q=   50.1 eps=0.911 loss=0.2256
[ep  108] soldier      static_B_2019.12.16_13.40.04.csv@802   reward=  156.72 qoe=  78.3 qoe_q=   38.4 eps=0.910 loss=0.2073
[ep  109] longdress    static_B_2020.02.27_18.39.27.csv@3335  reward=  149.98 qoe=  62.9 qoe_q=   20.6 eps=0.909 loss=0.1966
[ep  110] loot         static_B_2020.02.13_13.57.29.csv@2787  reward=  140.26 qoe=  67.5 qoe_q=   23.0 eps=0.908 loss=0.1996
[ep  111] redandblack  static_B_2020.01.16_10.43.34.csv@604   reward=  157.11 qoe=  20.0 qoe_q=   42.6 eps=0.907 loss=0.2015
[ep  112] soldier      static_B_2020.01.16_10.43.34.csv@2284  reward=  139.88 qoe=  41.6 qoe_q=   25.6 eps=0.906 loss=0.2010
[ep  113] longdress    static_B_2020.02.27_18.39.27.csv@5495  reward=  162.62 qoe=  56.0 qoe_q=   44.9 eps=0.906 loss=0.2000
[ep  114] loot         static_B_2020.02.27_18.39.27.csv@1595  reward=  186.73 qoe=  84.8 qoe_q=   51.4 eps=0.905 loss=0.2017
[ep  115] redandblack  static_B_2019.12.16_13.40.04.csv@1042  reward=  174.96 qoe=  94.0 qoe_q=   50.4 eps=0.904 loss=0.2024
[ep  116] soldier      static_B_2019.12.16_13.40.04.csv@742   reward=  150.56 qoe=  20.8 qoe_q=    3.4 eps=0.903 loss=0.1894
[ep  117] longdress    static_B_2019.12.16_13.40.04.csv@982   reward=  179.67 qoe=  55.2 qoe_q=   28.5 eps=0.902 loss=0.2186
[ep  118] loot         static_B_2020.02.27_18.39.27.csv@2975  reward=  134.17 qoe=  66.5 qoe_q=   20.2 eps=0.901 loss=0.2070
[ep  119] redandblack  static_B_2020.02.13_13.57.29.csv@1767  reward=  160.01 qoe=   0.0 qoe_q=   41.9 eps=0.901 loss=0.2050
[ep  120] soldier      static_B_2020.02.27_18.39.27.csv@4295  reward=  190.05 qoe= 100.0 qoe_q=   53.0 eps=0.900 loss=0.1972
[ep  121] longdress    static_B_2019.12.16_13.40.04.csv@1342  reward=  149.90 qoe=  35.3 qoe_q=   20.5 eps=0.899 loss=0.2042
[ep  122] loot         static_B_2019.12.16_13.40.04.csv@1402  reward=  178.30 qoe=  88.2 qoe_q=   49.2 eps=0.898 loss=0.1775
[ep  123] redandblack  static_B_2020.02.13_13.57.29.csv@2367  reward=  109.85 qoe=   0.0 qoe_q=   -6.3 eps=0.897 loss=0.2036
[ep  124] soldier      static_B_2020.02.13_13.57.29.csv@1347  reward=  159.79 qoe=  37.5 qoe_q=   21.1 eps=0.896 loss=0.2149
[ep  125] longdress    static_B_2020.02.13_13.57.29.csv@2067  reward=  187.42 qoe=   8.0 qoe_q=   52.4 eps=0.896 loss=0.1883
[ep  126] loot         static_B_2020.02.13_13.57.29.csv@2247  reward=  177.97 qoe=  85.2 qoe_q=   43.0 eps=0.895 loss=0.2126
[ep  127] redandblack  static_B_2020.02.27_18.39.27.csv@3695  reward=  175.25 qoe=  80.0 qoe_q=   49.4 eps=0.894 loss=0.2067
[ep  128] soldier      static_B_2020.02.13_13.57.29.csv@27    reward=  174.90 qoe=  26.0 qoe_q=   47.3 eps=0.893 loss=0.1887
[ep  129] longdress    static_B_2020.01.16_10.43.34.csv@1204  reward=  173.76 qoe=  84.0 qoe_q=   47.9 eps=0.892 loss=0.1972
[ep  130] loot         static_B_2020.01.16_10.43.34.csv@1684  reward=  163.95 qoe=   0.0 qoe_q=   43.2 eps=0.891 loss=0.2109
[ep  131] redandblack  static_B_2019.12.16_13.40.04.csv@322   reward=  114.21 qoe=   0.0 qoe_q=  -13.8 eps=0.891 loss=0.1928
[ep  132] soldier      static_B_2020.02.27_18.39.27.csv@4535  reward=  152.66 qoe=  63.0 qoe_q=   35.3 eps=0.890 loss=0.1909
[ep  133] longdress    static_B_2020.02.27_18.39.27.csv@2195  reward=  148.13 qoe=  48.1 qoe_q=    9.7 eps=0.889 loss=0.1951
[ep  134] loot         static_B_2020.02.27_18.39.27.csv@5435  reward=  150.64 qoe=  36.8 qoe_q=   23.2 eps=0.888 loss=0.1820
[ep  135] redandblack  static_B_2020.02.27_18.39.27.csv@4955  reward=  216.50 qoe=  32.0 qoe_q=   64.4 eps=0.887 loss=0.1958
[ep  136] soldier      static_B_2020.02.27_18.39.27.csv@3935  reward=  178.91 qoe=  32.0 qoe_q=   48.6 eps=0.886 loss=0.2124
[ep  137] longdress    static_B_2020.02.13_13.57.29.csv@327   reward=  165.26 qoe=  46.2 qoe_q=   37.0 eps=0.886 loss=0.1894
[ep  138] loot         static_B_2020.02.13_13.57.29.csv@1407  reward=  170.84 qoe=  72.1 qoe_q=   40.3 eps=0.885 loss=0.2026
[ep  139] redandblack  static_B_2020.02.13_13.57.29.csv@2007  reward=  176.65 qoe=  54.0 qoe_q=   48.1 eps=0.884 loss=0.1988
[ep  140] soldier      static_B_2020.02.27_18.39.27.csv@4715  reward=  210.14 qoe=  67.5 qoe_q=   48.1 eps=0.883 loss=0.2125
[ep  141] longdress    static_B_2020.02.27_18.39.27.csv@2735  reward=  195.97 qoe=  50.0 qoe_q=   55.7 eps=0.882 loss=0.1852
[ep  142] loot         static_B_2020.01.16_10.43.34.csv@2044  reward=  157.48 qoe= 100.0 qoe_q=   41.6 eps=0.881 loss=0.1917
[ep  143] redandblack  static_B_2019.12.16_13.40.04.csv@1162  reward=  126.93 qoe=   0.0 qoe_q= -134.2 eps=0.881 loss=0.1996
[ep  144] soldier      static_B_2019.12.16_13.40.04.csv@1282  reward=  137.86 qoe=  16.2 qoe_q=    2.3 eps=0.880 loss=0.1946
[ep  145] longdress    static_B_2020.02.27_18.39.27.csv@95    reward=  183.01 qoe=  63.7 qoe_q=   36.0 eps=0.879 loss=0.2042
[ep  146] loot         static_B_2020.01.16_10.43.34.csv@544   reward=  205.98 qoe= 100.0 qoe_q=   60.7 eps=0.878 loss=0.1924
[ep  147] redandblack  static_B_2019.12.16_13.40.04.csv@202   reward=  191.79 qoe= 100.0 qoe_q=   54.7 eps=0.877 loss=0.2018
[ep  148] soldier      static_B_2020.02.27_18.39.27.csv@4055  reward=  176.64 qoe=  12.0 qoe_q=   49.5 eps=0.876 loss=0.1947
[ep  149] longdress    static_B_2020.01.16_10.43.34.csv@244   reward=  150.71 qoe=  55.4 qoe_q=   30.8 eps=0.876 loss=0.1831
[ep  150] loot         static_B_2020.02.27_18.39.27.csv@5195  reward=  173.31 qoe=   0.0 qoe_q=   47.0 eps=0.875 loss=0.1918
[ep  151] redandblack  static_B_2020.02.27_18.39.27.csv@2615  reward=  170.90 qoe= 100.0 qoe_q=   47.1 eps=0.874 loss=0.1939
[ep  152] soldier      static_B_2020.02.13_13.57.29.csv@2187  reward=  133.26 qoe=  51.9 qoe_q=   19.4 eps=0.873 loss=0.1881
[ep  153] longdress    static_B_2020.02.13_13.57.29.csv@567   reward=  182.73 qoe=  46.0 qoe_q=   52.3 eps=0.872 loss=0.2027
[ep  154] loot         static_B_2020.01.16_10.43.34.csv@1144  reward=   95.90 qoe=   0.0 qoe_q=  -85.3 eps=0.871 loss=0.2191
[ep  155] redandblack  static_B_2019.12.16_13.40.04.csv@1762  reward=  160.88 qoe=  62.1 qoe_q=   27.9 eps=0.871 loss=0.1878
[ep  156] soldier      static_B_2020.02.27_18.39.27.csv@995   reward=  160.05 qoe= 100.0 qoe_q=   41.8 eps=0.870 loss=0.1878
[ep  157] longdress    static_B_2020.01.16_10.43.34.csv@1324  reward=  144.04 qoe=  20.3 qoe_q=   -1.1 eps=0.869 loss=0.1762
[ep  158] loot         static_B_2020.02.13_13.57.29.csv@2667  reward=  152.85 qoe=  48.0 qoe_q=   41.1 eps=0.868 loss=0.1780
[ep  159] redandblack  static_B_2020.02.27_18.39.27.csv@1715  reward=  141.85 qoe= 100.0 qoe_q=   36.3 eps=0.867 loss=0.1938
[ep  160] soldier      static_B_2020.02.13_13.57.29.csv@807   reward=  147.52 qoe=  56.5 qoe_q=   14.4 eps=0.866 loss=0.5610
[ep  161] longdress    static_B_2020.02.27_18.39.27.csv@1535  reward=  187.67 qoe= 100.0 qoe_q=   54.4 eps=0.866 loss=0.3182
[ep  162] loot         static_B_2020.01.16_10.43.34.csv@2704  reward=  158.45 qoe=  73.7 qoe_q=   37.5 eps=0.865 loss=0.2480
[ep  163] redandblack  static_B_2020.02.27_18.39.27.csv@4835  reward=  180.83 qoe=  70.5 qoe_q=   45.1 eps=0.864 loss=0.2783
[ep  164] soldier      static_B_2020.02.27_18.39.27.csv@5375  reward=  214.04 qoe=  18.0 qoe_q=   63.6 eps=0.863 loss=0.2620
[ep  165] longdress    static_B_2020.02.27_18.39.27.csv@335   reward=  153.39 qoe=  60.0 qoe_q=   39.5 eps=0.862 loss=0.2592
[ep  166] loot         static_B_2020.02.13_13.57.29.csv@2907  reward=  177.32 qoe=  60.0 qoe_q=   50.1 eps=0.861 loss=0.2716
[ep  167] redandblack  static_B_2020.02.27_18.39.27.csv@4115  reward=  209.97 qoe=  38.0 qoe_q=   62.3 eps=0.861 loss=0.2490
[ep  168] soldier      static_B_2020.01.16_10.43.34.csv@1924  reward=  178.75 qoe=  84.1 qoe_q=   50.3 eps=0.860 loss=0.2583
[ep  169] longdress    static_B_2020.02.27_18.39.27.csv@3455  reward=  189.25 qoe= 100.0 qoe_q=   51.9 eps=0.859 loss=0.2525
[ep  170] loot         static_B_2020.02.27_18.39.27.csv@3275  reward=  187.26 qoe=   2.0 qoe_q=   53.7 eps=0.858 loss=0.2361
[ep  171] redandblack  static_B_2020.01.16_10.43.34.csv@2344  reward=  201.02 qoe=   0.0 qoe_q=    8.1 eps=0.857 loss=0.2736
[ep  172] soldier      static_B_2020.02.27_18.39.27.csv@3635  reward=  184.95 qoe=  13.5 qoe_q=   10.4 eps=0.856 loss=0.3017
[ep  173] longdress    static_B_2020.02.27_18.39.27.csv@935   reward=  180.59 qoe= 100.0 qoe_q=   49.0 eps=0.856 loss=0.2481
[ep  174] loot         static_B_2020.02.13_13.57.29.csv@1107  reward=  149.26 qoe=  64.2 qoe_q=   35.4 eps=0.855 loss=0.2612
[ep  175] redandblack  static_B_2019.12.16_13.40.04.csv@1702  reward=  184.58 qoe= 100.0 qoe_q=   50.7 eps=0.854 loss=0.2375
[ep  176] soldier      static_B_2020.02.13_13.57.29.csv@1947  reward=  175.23 qoe=  14.0 qoe_q=   49.1 eps=0.853 loss=0.2503
[ep  177] longdress    static_B_2020.01.16_10.43.34.csv@1264  reward=  226.40 qoe= 100.0 qoe_q=   67.6 eps=0.852 loss=0.2455
[ep  178] loot         static_B_2020.02.27_18.39.27.csv@3035  reward=  164.27 qoe=  78.3 qoe_q=   41.5 eps=0.851 loss=0.2132
[ep  179] redandblack  static_B_2020.02.27_18.39.27.csv@2375  reward=  172.83 qoe=   0.0 qoe_q= -164.8 eps=0.851 loss=0.2596
[ep  180] soldier      static_B_2020.02.27_18.39.27.csv@4355  reward=  136.59 qoe=  56.8 qoe_q=   28.8 eps=0.850 loss=0.2557
[ep  181] longdress    static_B_2020.02.27_18.39.27.csv@1655  reward=  157.86 qoe=  81.2 qoe_q=   35.1 eps=0.849 loss=0.2506
[ep  182] loot         static_B_2019.12.16_13.40.04.csv@1462  reward=  186.32 qoe=   0.0 qoe_q=   53.2 eps=0.848 loss=0.2405
[ep  183] redandblack  static_B_2020.01.16_10.43.34.csv@1804  reward=  187.11 qoe=  38.0 qoe_q=   53.2 eps=0.847 loss=0.2272
[ep  184] soldier      static_B_2020.02.13_13.57.29.csv@2945  reward=  180.67 qoe=  48.9 qoe_q=   31.6 eps=0.846 loss=0.2390
[ep  185] longdress    static_B_2020.02.13_13.57.29.csv@2547  reward=  140.72 qoe=  29.3 qoe_q=   16.6 eps=0.846 loss=0.2231
[ep  186] loot         static_B_2020.02.27_18.39.27.csv@5555  reward=  181.63 qoe=   0.0 qoe_q=   49.8 eps=0.845 loss=0.2856
[ep  187] redandblack  static_B_2020.02.27_18.39.27.csv@575   reward=  213.67 qoe=  20.0 qoe_q=   63.4 eps=0.844 loss=0.2728
[ep  188] soldier      static_B_2020.02.13_13.57.29.csv@267   reward=  108.69 qoe=   0.0 qoe_q=    5.7 eps=0.843 loss=0.2223
[ep  189] longdress    static_B_2019.12.16_13.40.04.csv@1522  reward=  165.23 qoe=  73.0 qoe_q=   43.7 eps=0.842 loss=0.2631
[ep  190] loot         static_B_2020.01.16_10.43.34.csv@3064  reward=  210.26 qoe=   2.0 qoe_q=   62.3 eps=0.841 loss=0.2292
[ep  191] redandblack  static_B_2019.12.16_13.40.04.csv@1904  reward=  212.77 qoe=   0.0 qoe_q=   63.1 eps=0.841 loss=0.2378
[ep  192] soldier      static_B_2019.12.16_13.40.04.csv@562   reward=  170.11 qoe=  66.1 qoe_q=   43.1 eps=0.840 loss=0.2593
[ep  193] longdress    static_B_2020.02.27_18.39.27.csv@2855  reward=  173.04 qoe= 100.0 qoe_q=   47.3 eps=0.839 loss=0.2618
[ep  194] loot         static_B_2020.02.27_18.39.27.csv@3995  reward=  213.01 qoe=   0.0 qoe_q=   61.7 eps=0.838 loss=0.2570
[ep  195] redandblack  static_B_2020.01.16_10.43.34.csv@964   reward=  191.18 qoe=  35.3 qoe_q=   28.6 eps=0.837 loss=0.2376
[ep  196] soldier      static_B_2020.02.27_18.39.27.csv@515   reward=  120.07 qoe=   0.0 qoe_q=    0.5 eps=0.836 loss=0.2505
[ep  197] longdress    static_B_2020.02.27_18.39.27.csv@215   reward=  231.48 qoe= 100.0 qoe_q=   70.9 eps=0.836 loss=0.2718
[ep  198] loot         static_B_2020.02.27_18.39.27.csv@5735  reward=  194.51 qoe=  64.0 qoe_q=   56.4 eps=0.835 loss=0.2677
[ep  199] redandblack  static_B_2020.02.27_18.39.27.csv@875   reward=  168.13 qoe=   0.0 qoe_q=  -12.6 eps=0.834 loss=0.2505
[ep  200] soldier      static_B_2020.02.13_13.57.29.csv@147   reward=  177.23 qoe=  56.0 qoe_q=   47.8 eps=0.833 loss=0.2462
    [eval @ ep 200] reward=186.84 qoe=7.5 qoe_q=38.3 mean_q=0.854 stall=9.2s  <-- best (saved)
[ep  201] longdress    static_B_2020.02.27_18.39.27.csv@2255  reward=  180.18 qoe= 100.0 qoe_q=   49.3 eps=0.832 loss=0.2724
[ep  202] loot         static_B_2020.02.27_18.39.27.csv@2675  reward=  120.21 qoe=  19.2 qoe_q=   13.4 eps=0.831 loss=0.2591
[ep  203] redandblack  static_B_2020.02.13_13.57.29.csv@447   reward=  118.61 qoe=  25.1 qoe_q=   15.7 eps=0.830 loss=0.2345
[ep  204] soldier      static_B_2020.02.27_18.39.27.csv@275   reward=  190.20 qoe=  87.4 qoe_q=   52.9 eps=0.830 loss=0.2332
[ep  205] longdress    static_B_2019.12.16_13.40.04.csv@502   reward=  188.06 qoe=  87.5 qoe_q=   52.8 eps=0.829 loss=0.2616
[ep  206] loot         static_B_2020.01.16_10.43.34.csv@1624  reward=  162.35 qoe=  83.6 qoe_q=   42.6 eps=0.828 loss=0.2515
[ep  207] redandblack  static_B_2020.02.13_13.57.29.csv@1527  reward=   71.92 qoe=   0.0 qoe_q=  -29.1 eps=0.827 loss=0.2662
[ep  208] soldier      static_B_2020.02.13_13.57.29.csv@207   reward=  159.97 qoe=  17.2 qoe_q=   -3.7 eps=0.826 loss=0.2429
[ep  209] longdress    static_B_2020.02.27_18.39.27.csv@5615  reward=  139.93 qoe=  68.6 qoe_q=   21.9 eps=0.825 loss=0.2596
[ep  210] loot         static_B_2020.02.13_13.57.29.csv@2727  reward=  144.47 qoe=  39.7 qoe_q=   26.1 eps=0.825 loss=0.2459
[ep  211] redandblack  static_B_2020.01.16_10.43.34.csv@1564  reward=  193.42 qoe=  44.0 qoe_q=   53.9 eps=0.824 loss=0.2440
[ep  212] soldier      static_B_2020.01.16_10.43.34.csv@1444  reward=  230.83 qoe=  98.0 qoe_q=   70.4 eps=0.823 loss=0.2528
[ep  213] longdress    static_B_2020.02.13_13.57.29.csv@1287  reward=  180.27 qoe=  82.1 qoe_q=   47.7 eps=0.822 loss=0.2196
[ep  214] loot         static_B_2020.02.27_18.39.27.csv@395   reward=  164.48 qoe=  74.0 qoe_q=   44.7 eps=0.821 loss=0.2591
[ep  215] redandblack  static_B_2020.01.16_10.43.34.csv@2764  reward=  190.10 qoe=  80.3 qoe_q=   50.9 eps=0.820 loss=0.2500
[ep  216] soldier      static_B_2020.02.27_18.39.27.csv@4175  reward=  178.31 qoe=  24.0 qoe_q=   49.2 eps=0.820 loss=0.2532
[ep  217] longdress    static_B_2019.12.16_13.40.04.csv@142   reward=  166.49 qoe=  61.7 qoe_q=   35.9 eps=0.819 loss=0.2492
[ep  218] loot         static_B_2020.02.27_18.39.27.csv@35    reward=  169.17 qoe=  48.2 qoe_q=   45.4 eps=0.818 loss=0.2250
[ep  219] redandblack  static_B_2020.02.27_18.39.27.csv@2795  reward=  221.95 qoe=  30.0 qoe_q=   66.6 eps=0.817 loss=0.2456
[ep  220] soldier      static_B_2020.02.13_13.57.29.csv@2127  reward=  155.77 qoe=  50.1 qoe_q=   29.8 eps=0.816 loss=0.2259
[ep  221] longdress    static_B_2020.02.27_18.39.27.csv@3815  reward=  140.26 qoe=  55.9 qoe_q=   16.0 eps=0.815 loss=0.2274
[ep  222] loot         static_B_2020.01.16_10.43.34.csv@1984  reward=  215.14 qoe=  38.0 qoe_q=   62.9 eps=0.815 loss=0.2228
[ep  223] redandblack  static_B_2019.12.16_13.40.04.csv@22    reward=  195.78 qoe=  68.0 qoe_q=   56.5 eps=0.814 loss=0.2478
[ep  224] soldier      static_B_2019.12.16_13.40.04.csv@1582  reward=  224.24 qoe= 100.0 qoe_q=   68.8 eps=0.813 loss=0.2413
[ep  225] longdress    static_B_2019.12.16_13.40.04.csv@382   reward=  167.60 qoe=  79.9 qoe_q=   40.9 eps=0.812 loss=0.2515
[ep  226] loot         static_B_2020.02.27_18.39.27.csv@1775  reward=  142.24 qoe=   5.2 qoe_q=   -5.4 eps=0.811 loss=0.2643
[ep  227] redandblack  static_B_2020.02.13_13.57.29.csv@1167  reward=  184.95 qoe= 100.0 qoe_q=   49.1 eps=0.810 loss=0.2482
[ep  228] soldier      static_B_2020.02.27_18.39.27.csv@3875  reward=   92.18 qoe=   0.0 qoe_q=  -61.1 eps=0.810 loss=0.2404
[ep  229] longdress    static_B_2019.12.16_13.40.04.csv@622   reward=  123.69 qoe=   0.0 qoe_q=  -19.6 eps=0.809 loss=0.2281
[ep  230] loot         static_B_2020.02.27_18.39.27.csv@1115  reward=  133.35 qoe=  45.8 qoe_q=   25.1 eps=0.808 loss=0.2692
[ep  231] redandblack  static_B_2020.02.13_13.57.29.csv@747   reward=  194.24 qoe= 100.0 qoe_q=   55.8 eps=0.807 loss=0.2368
[ep  232] soldier      static_B_2020.02.13_13.57.29.csv@627   reward=   99.77 qoe=   0.0 qoe_q=  -70.8 eps=0.806 loss=0.2407
[ep  233] longdress    static_B_2020.02.13_13.57.29.csv@2607  reward=  125.77 qoe=  33.9 qoe_q=   15.1 eps=0.805 loss=0.2248
[ep  234] loot         static_B_2020.01.16_10.43.34.csv@1864  reward=  199.41 qoe=  74.0 qoe_q=   56.7 eps=0.805 loss=0.2565
[ep  235] redandblack  static_B_2020.01.16_10.43.34.csv@3109  reward=  185.08 qoe=  72.0 qoe_q=   52.1 eps=0.804 loss=0.2437
[ep  236] soldier      static_B_2020.02.27_18.39.27.csv@455   reward=  189.47 qoe= 100.0 qoe_q=   53.1 eps=0.803 loss=0.2513
[ep  237] longdress    static_B_2020.02.13_13.57.29.csv@1707  reward=  137.98 qoe=   0.0 qoe_q=  -25.6 eps=0.802 loss=0.2224
[ep  238] loot         static_B_2020.02.27_18.39.27.csv@5539  reward=  137.26 qoe=  54.8 qoe_q=   10.2 eps=0.801 loss=0.2718
[ep  239] redandblack  static_B_2020.02.27_18.39.27.csv@1939  reward=  176.25 qoe=  85.2 qoe_q=   44.8 eps=0.800 loss=0.5487
[ep  240] soldier      static_B_2020.02.27_18.39.27.csv@3619  reward=  139.17 qoe=   8.8 qoe_q=   22.6 eps=0.800 loss=0.3663
[ep  241] longdress    static_B_2020.01.16_10.43.34.csv@1472  reward=  127.62 qoe=  12.5 qoe_q=    1.9 eps=0.799 loss=0.3011
[ep  242] loot         static_B_2020.02.27_18.39.27.csv@3139  reward=   15.90 qoe=   0.0 qoe_q= -381.5 eps=0.798 loss=0.3234
[ep  243] redandblack  static_B_2020.02.27_18.39.27.csv@3319  reward=  206.23 qoe=  60.3 qoe_q=   61.2 eps=0.797 loss=0.3568
[ep  244] soldier      static_B_2020.01.16_10.43.34.csv@872   reward=   60.97 qoe=   0.0 qoe_q=  -53.8 eps=0.796 loss=0.3780
[ep  245] longdress    static_B_2020.02.27_18.39.27.csv@439   reward=  153.54 qoe=  83.6 qoe_q=   35.9 eps=0.795 loss=0.3222
[ep  246] loot         static_B_2020.02.27_18.39.27.csv@1579  reward=  188.36 qoe=  82.3 qoe_q=   53.7 eps=0.795 loss=0.3004
[ep  247] redandblack  static_B_2020.01.16_10.43.34.csv@272   reward=  200.44 qoe=   2.0 qoe_q=   57.4 eps=0.794 loss=0.3180
[ep  248] soldier      static_B_2020.02.13_13.57.29.csv@1011  reward=  150.58 qoe=  35.3 qoe_q=   25.9 eps=0.793 loss=0.3267
[ep  249] longdress    static_B_2019.12.16_13.40.04.csv@1026  reward=  182.71 qoe=  63.8 qoe_q=   42.5 eps=0.792 loss=0.3103
[ep  250] loot         static_B_2020.02.13_13.57.29.csv@1671  reward=  144.27 qoe=  32.0 qoe_q=   39.1 eps=0.791 loss=0.3287
[ep  251] redandblack  static_B_2020.02.13_13.57.29.csv@171   reward=  207.67 qoe=   8.0 qoe_q=   62.0 eps=0.790 loss=0.3464
[ep  252] soldier      static_B_2020.01.16_10.43.34.csv@1112  reward=  142.16 qoe=   0.0 qoe_q=    4.4 eps=0.790 loss=0.3381
[ep  253] longdress    static_B_2020.02.27_18.39.27.csv@5719  reward=  191.26 qoe= 100.0 qoe_q=   53.7 eps=0.789 loss=0.3082
[ep  254] loot         static_B_2020.02.27_18.39.27.csv@19    reward=  178.63 qoe=  63.3 qoe_q=   44.9 eps=0.788 loss=0.3470
[ep  255] redandblack  static_B_2020.02.27_18.39.27.csv@4879  reward=  100.15 qoe=   0.0 qoe_q=  -17.8 eps=0.787 loss=0.3445
[ep  256] soldier      static_B_2020.01.16_10.43.34.csv@1532  reward=  206.49 qoe=  65.2 qoe_q=   59.8 eps=0.786 loss=0.3064
[ep  257] longdress    static_B_2020.02.27_18.39.27.csv@5299  reward=  209.09 qoe=  78.0 qoe_q=   61.7 eps=0.785 loss=0.3046
[ep  258] loot         static_B_2020.02.13_13.57.29.csv@51    reward=  169.34 qoe=  12.5 qoe_q=   25.6 eps=0.785 loss=0.3253
[ep  259] redandblack  static_B_2020.02.27_18.39.27.csv@919   reward=  201.78 qoe= 100.0 qoe_q=   57.4 eps=0.784 loss=0.3581
[ep  260] soldier      static_B_2019.12.16_13.40.04.csv@1446  reward=  225.80 qoe=  48.0 qoe_q=   68.9 eps=0.783 loss=0.3209
[ep  261] longdress    static_B_2020.01.16_10.43.34.csv@3032  reward=  173.98 qoe=  85.9 qoe_q=   46.2 eps=0.782 loss=0.3239
[ep  262] loot         static_B_2019.12.16_13.40.04.csv@1904  reward=  190.10 qoe=   0.0 qoe_q=   52.1 eps=0.781 loss=0.3185
[ep  263] redandblack  static_B_2020.01.16_10.43.34.csv@2312  reward=   78.73 qoe=   0.0 qoe_q= -207.4 eps=0.780 loss=0.3156
[ep  264] soldier      static_B_2020.01.16_10.43.34.csv@32    reward=  113.77 qoe=   0.0 qoe_q=  -15.8 eps=0.780 loss=0.2926
[ep  265] longdress    static_B_2020.02.13_13.57.29.csv@2271  reward=  191.70 qoe=  82.8 qoe_q=   54.4 eps=0.779 loss=0.3204
[ep  266] loot         static_B_2019.12.16_13.40.04.csv@1746  reward=  194.62 qoe=  44.0 qoe_q=   24.4 eps=0.778 loss=0.3105
[ep  267] redandblack  static_B_2020.02.13_13.57.29.csv@1611  reward=  194.92 qoe= 100.0 qoe_q=   54.6 eps=0.777 loss=0.3345
[ep  268] soldier      static_B_2020.01.16_10.43.34.csv@1232  reward=  206.68 qoe=  70.0 qoe_q=   51.5 eps=0.776 loss=0.2862
[ep  269] longdress    static_B_2020.02.27_18.39.27.csv@5742  reward=  207.26 qoe=  56.0 qoe_q=   60.6 eps=0.775 loss=0.3128
[ep  270] loot         static_B_2020.02.13_13.57.29.csv@2511  reward=  205.48 qoe=   0.0 qoe_q=   60.4 eps=0.775 loss=0.3269
[ep  271] redandblack  static_B_2020.02.27_18.39.27.csv@5479  reward=  189.66 qoe=   2.0 qoe_q=   56.0 eps=0.774 loss=0.3247
[ep  272] soldier      static_B_2020.02.13_13.57.29.csv@1431  reward=  187.78 qoe=  54.8 qoe_q=   30.2 eps=0.773 loss=0.3039
[ep  273] longdress    static_B_2020.02.27_18.39.27.csv@2359  reward=  167.48 qoe=   0.0 qoe_q= -223.3 eps=0.772 loss=0.3066
[ep  274] loot         static_B_2019.12.16_13.40.04.csv@1266  reward=  130.15 qoe=   0.0 qoe_q=   12.4 eps=0.771 loss=0.3330
[ep  275] redandblack  static_B_2020.01.16_10.43.34.csv@1352  reward=  203.40 qoe= 100.0 qoe_q=   60.1 eps=0.770 loss=0.3247
[ep  276] soldier      static_B_2020.01.16_10.43.34.csv@932   reward=  200.07 qoe=  86.9 qoe_q=   58.9 eps=0.770 loss=0.3514
[ep  277] longdress    static_B_2020.02.27_18.39.27.csv@4999  reward=  185.28 qoe=  63.1 qoe_q=   38.7 eps=0.769 loss=0.2941
[ep  278] loot         static_B_2019.12.16_13.40.04.csv@126   reward=  196.02 qoe=   0.0 qoe_q=   58.1 eps=0.768 loss=0.3098
[ep  279] redandblack  static_B_2019.12.16_13.40.04.csv@366   reward=  155.21 qoe=  73.6 qoe_q=   31.4 eps=0.767 loss=0.3160
[ep  280] soldier      static_B_2020.02.27_18.39.27.csv@4579  reward=  145.40 qoe=  22.3 qoe_q=   21.5 eps=0.766 loss=0.3355
[ep  281] longdress    static_B_2020.02.13_13.57.29.csv@2151  reward=  141.52 qoe=  14.5 qoe_q=   17.7 eps=0.765 loss=0.3489
[ep  282] loot         static_B_2020.02.27_18.39.27.csv@859   reward=  206.61 qoe= 100.0 qoe_q=   60.1 eps=0.765 loss=0.3041
[ep  283] redandblack  static_B_2020.02.27_18.39.27.csv@4339  reward=  189.42 qoe=  65.1 qoe_q=   48.5 eps=0.764 loss=0.3281
[ep  284] soldier      static_B_2020.01.16_10.43.34.csv@2372  reward=  211.07 qoe=  30.0 qoe_q=   63.1 eps=0.763 loss=0.2981
[ep  285] longdress    static_B_2020.01.16_10.43.34.csv@3109  reward=  199.18 qoe=  88.2 qoe_q=   56.5 eps=0.762 loss=0.3092
[ep  286] loot         static_B_2020.02.27_18.39.27.csv@1759  reward=  177.92 qoe= 100.0 qoe_q=   48.0 eps=0.761 loss=0.3392
[ep  287] redandblack  static_B_2020.02.27_18.39.27.csv@3679  reward=  185.46 qoe=  34.0 qoe_q=   54.2 eps=0.760 loss=0.2978
[ep  288] soldier      static_B_2020.01.16_10.43.34.csv@1772  reward=  196.55 qoe=  56.1 qoe_q=   34.8 eps=0.760 loss=0.3001
[ep  289] longdress    static_B_2020.02.13_13.57.29.csv@411   reward=  161.41 qoe=  59.5 qoe_q=   25.2 eps=0.759 loss=0.3213
[ep  290] loot         static_B_2020.02.27_18.39.27.csv@5742  reward=  218.47 qoe=  32.0 qoe_q=   66.2 eps=0.758 loss=0.3076
[ep  291] redandblack  static_B_2020.02.27_18.39.27.csv@2599  reward=  190.16 qoe=  20.0 qoe_q=   54.7 eps=0.757 loss=0.3234
[ep  292] soldier      static_B_2020.02.27_18.39.27.csv@4279  reward=  169.25 qoe= 100.0 qoe_q=   45.2 eps=0.756 loss=0.3087
[ep  293] longdress    static_B_2020.01.16_10.43.34.csv@212   reward=  176.45 qoe=  40.0 qoe_q=   47.5 eps=0.755 loss=0.3071
[ep  294] loot         static_B_2020.01.16_10.43.34.csv@2132  reward=  160.29 qoe=  40.9 qoe_q=   32.1 eps=0.755 loss=0.2929
[ep  295] redandblack  static_B_2020.02.27_18.39.27.csv@2119  reward=  188.12 qoe= 100.0 qoe_q=   49.4 eps=0.754 loss=0.3144
[ep  296] soldier      static_B_2019.12.16_13.40.04.csv@246   reward=  141.61 qoe=   0.7 qoe_q=  -16.2 eps=0.753 loss=0.3197
[ep  297] longdress    static_B_2020.01.16_10.43.34.csv@1652  reward=  164.78 qoe=  58.6 qoe_q=   41.8 eps=0.752 loss=0.2861
[ep  298] loot         static_B_2020.02.27_18.39.27.csv@1159  reward=  131.91 qoe=   0.0 qoe_q=   -2.7 eps=0.751 loss=0.2920
[ep  299] redandblack  static_B_2020.02.27_18.39.27.csv@4939  reward=  232.87 qoe=   2.0 qoe_q=   71.6 eps=0.750 loss=0.2890
[ep  300] soldier      static_B_2020.02.27_18.39.27.csv@5059  reward=  203.79 qoe= 100.0 qoe_q=   57.4 eps=0.749 loss=0.3257
    [eval @ ep 300] reward=139.54 qoe=0.0 qoe_q=-8.0 mean_q=0.919 stall=22.2s
[ep  301] longdress    static_B_2020.02.27_18.39.27.csv@499   reward=  162.75 qoe=  48.7 qoe_q=   35.4 eps=0.749 loss=0.3141
[ep  302] loot         static_B_2020.02.27_18.39.27.csv@2419  reward=  196.94 qoe=  14.0 qoe_q=   56.1 eps=0.748 loss=0.2959
[ep  303] redandblack  static_B_2020.02.13_13.57.29.csv@2945  reward=  180.27 qoe=  67.0 qoe_q=   38.1 eps=0.747 loss=0.3046
[ep  304] soldier      static_B_2020.02.27_18.39.27.csv@4399  reward=  190.48 qoe= 100.0 qoe_q=   54.2 eps=0.746 loss=0.3182
[ep  305] longdress    static_B_2020.02.27_18.39.27.csv@2719  reward=  191.03 qoe=  72.0 qoe_q=   54.7 eps=0.745 loss=0.3027
[ep  306] loot         static_B_2019.12.16_13.40.04.csv@1206  reward=  160.91 qoe=  30.3 qoe_q=   29.1 eps=0.744 loss=0.3012
[ep  307] redandblack  static_B_2019.12.16_13.40.04.csv@486   reward=  171.66 qoe=  46.0 qoe_q=   46.0 eps=0.744 loss=0.3218
[ep  308] soldier      static_B_2020.02.27_18.39.27.csv@2839  reward=  202.49 qoe= 100.0 qoe_q=   59.4 eps=0.743 loss=0.3267
[ep  309] longdress    static_B_2020.02.13_13.57.29.csv@1971  reward=  153.06 qoe=  50.7 qoe_q=   26.3 eps=0.742 loss=0.3092
[ep  310] loot         static_B_2020.01.16_10.43.34.csv@812   reward=  204.01 qoe=   4.0 qoe_q=   59.2 eps=0.741 loss=0.2961
[ep  311] redandblack  static_B_2020.01.16_10.43.34.csv@2192  reward=  187.58 qoe=  84.7 qoe_q=   50.6 eps=0.740 loss=0.3059
[ep  312] soldier      static_B_2020.02.27_18.39.27.csv@3919  reward=  193.58 qoe=  39.8 qoe_q=   22.1 eps=0.739 loss=0.3024
[ep  313] longdress    static_B_2020.02.27_18.39.27.csv@2239  reward=  163.05 qoe=  61.2 qoe_q=   38.2 eps=0.739 loss=0.3136
[ep  314] loot         static_B_2020.02.27_18.39.27.csv@5179  reward=  178.91 qoe=  36.0 qoe_q=   50.2 eps=0.738 loss=0.3100
[ep  315] redandblack  static_B_2020.02.27_18.39.27.csv@319   reward=  192.67 qoe= 100.0 qoe_q=   54.4 eps=0.737 loss=0.3222
[ep  316] soldier      static_B_2020.02.27_18.39.27.csv@2539  reward=  192.87 qoe=  78.0 qoe_q=   55.8 eps=0.736 loss=0.3274
[ep  317] longdress    static_B_2020.01.16_10.43.34.csv@2672  reward=  205.00 qoe=  68.7 qoe_q=   56.9 eps=0.735 loss=0.3403
[ep  318] loot         static_B_2020.01.16_10.43.34.csv@1052  reward=  149.86 qoe=   0.0 qoe_q=   27.5 eps=0.734 loss=0.5926
[ep  319] redandblack  static_B_2019.12.16_13.40.04.csv@1806  reward=  203.20 qoe= 100.0 qoe_q=   53.5 eps=0.734 loss=0.4756
[ep  320] soldier      static_B_2020.02.13_13.57.29.csv@1131  reward=   93.40 qoe=   0.0 qoe_q=  -32.3 eps=0.733 loss=0.4064
[ep  321] longdress    static_B_2020.02.13_13.57.29.csv@2871  reward=  166.04 qoe= 100.0 qoe_q=   45.8 eps=0.732 loss=0.4035
[ep  322] loot         static_B_2020.01.16_10.43.34.csv@152   reward=  192.52 qoe=  68.0 qoe_q=   45.6 eps=0.731 loss=0.4214
[ep  323] redandblack  static_B_2020.02.27_18.39.27.csv@3499  reward=  172.13 qoe=  77.5 qoe_q=   37.8 eps=0.730 loss=0.3778
[ep  324] soldier      static_B_2020.01.16_10.43.34.csv@2252  reward=  187.55 qoe=  81.5 qoe_q=   51.2 eps=0.729 loss=0.3750
[ep  325] longdress    static_B_2020.02.27_18.39.27.csv@3799  reward=  173.53 qoe=   0.0 qoe_q=  -31.7 eps=0.729 loss=0.3738
[ep  326] loot         static_B_2020.02.27_18.39.27.csv@2959  reward=  211.12 qoe= 100.0 qoe_q=   61.0 eps=0.728 loss=0.4029
[ep  327] redandblack  static_B_2020.02.13_13.57.29.csv@351   reward=  193.05 qoe=  61.5 qoe_q=   51.9 eps=0.727 loss=0.3992
[ep  328] soldier      static_B_2020.02.27_18.39.27.csv@3739  reward=  205.07 qoe=  92.0 qoe_q=   58.9 eps=0.726 loss=0.4173
[ep  329] longdress    static_B_2020.02.27_18.39.27.csv@4099  reward=  172.06 qoe=  74.0 qoe_q=   45.6 eps=0.725 loss=0.3996
[ep  330] loot         static_B_2020.02.13_13.57.29.csv@2811  reward=  133.69 qoe=   0.0 qoe_q=  -18.3 eps=0.724 loss=0.3806
[ep  331] redandblack  static_B_2020.02.27_18.39.27.csv@1699  reward=  158.04 qoe=  28.1 qoe_q=   26.8 eps=0.724 loss=0.4495
[ep  332] soldier      static_B_2020.02.13_13.57.29.csv@2691  reward=  192.12 qoe= 100.0 qoe_q=   54.8 eps=0.723 loss=0.4091
[ep  333] longdress    static_B_2020.01.16_10.43.34.csv@2912  reward=   89.27 qoe=   0.0 qoe_q=  -85.6 eps=0.722 loss=0.3556
[ep  334] loot         static_B_2020.01.16_10.43.34.csv@1952  reward=  211.68 qoe=  65.4 qoe_q=   61.0 eps=0.721 loss=0.3769
[ep  335] redandblack  static_B_2019.12.16_13.40.04.csv@1686  reward=  210.08 qoe= 100.0 qoe_q=   59.2 eps=0.720 loss=0.4350
[ep  336] soldier      static_B_2020.02.27_18.39.27.csv@5419  reward=  161.69 qoe=  60.4 qoe_q=   32.1 eps=0.719 loss=0.3499
[ep  337] longdress    static_B_2020.02.27_18.39.27.csv@1339  reward=  216.68 qoe=  94.0 qoe_q=   64.8 eps=0.719 loss=0.3194
[ep  338] loot         static_B_2020.01.16_10.43.34.csv@2732  reward=  193.49 qoe= 100.0 qoe_q=   55.9 eps=0.718 loss=0.3427
[ep  339] redandblack  static_B_2020.02.27_18.39.27.csv@3379  reward=  180.70 qoe=  14.0 qoe_q=   52.2 eps=0.717 loss=0.3982
[ep  340] soldier      static_B_2019.12.16_13.40.04.csv@186   reward=  207.48 qoe=  80.3 qoe_q=   55.1 eps=0.716 loss=0.4094
[ep  341] longdress    static_B_2020.02.27_18.39.27.csv@739   reward=  165.97 qoe=  49.9 qoe_q=   14.4 eps=0.715 loss=0.3883
[ep  342] loot         static_B_2019.12.16_13.40.04.csv@666   reward=  225.58 qoe=  62.0 qoe_q=   68.1 eps=0.714 loss=0.3608
[ep  343] redandblack  static_B_2020.02.27_18.39.27.csv@4219  reward=  203.03 qoe=  44.1 qoe_q=   28.7 eps=0.714 loss=0.3818
[ep  344] soldier      static_B_2020.02.27_18.39.27.csv@2479  reward=  177.62 qoe= 100.0 qoe_q=   46.4 eps=0.713 loss=0.3395
[ep  345] longdress    static_B_2019.12.16_13.40.04.csv@1904  reward=  217.55 qoe=  26.0 qoe_q=   65.2 eps=0.712 loss=0.3804
[ep  346] loot         static_B_2019.12.16_13.40.04.csv@786   reward=  176.26 qoe=  38.0 qoe_q=   49.1 eps=0.711 loss=0.3718
[ep  347] redandblack  static_B_2020.02.13_13.57.29.csv@1371  reward=  163.78 qoe=  61.2 qoe_q=   34.3 eps=0.710 loss=0.3638
[ep  348] soldier      static_B_2020.01.16_10.43.34.csv@2972  reward=  111.75 qoe=   0.0 qoe_q=  -22.2 eps=0.709 loss=0.4355
[ep  349] longdress    static_B_2020.01.16_10.43.34.csv@512   reward=  203.11 qoe=  75.5 qoe_q=   53.0 eps=0.709 loss=0.4575
[ep  350] loot         static_B_2020.01.16_10.43.34.csv@1712  reward=  190.71 qoe=  72.9 qoe_q=   51.0 eps=0.708 loss=0.3490
[ep  351] redandblack  static_B_2020.02.13_13.57.29.csv@231   reward=  223.71 qoe=  84.0 qoe_q=   67.2 eps=0.707 loss=0.3925
[ep  352] soldier      static_B_2019.12.16_13.40.04.csv@966   reward=  134.97 qoe=   8.4 qoe_q=   20.7 eps=0.706 loss=0.3841
[ep  353] longdress    static_B_2019.12.16_13.40.04.csv@546   reward=  183.35 qoe=  38.5 qoe_q=   11.4 eps=0.705 loss=0.4489
[ep  354] loot         static_B_2020.02.27_18.39.27.csv@2779  reward=  167.55 qoe=   6.0 qoe_q=   43.4 eps=0.704 loss=0.4040
[ep  355] redandblack  static_B_2020.02.13_13.57.29.csv@2331  reward=  211.36 qoe=  82.6 qoe_q=   60.5 eps=0.704 loss=0.4169
[ep  356] soldier      static_B_2020.01.16_10.43.34.csv@392   reward=  120.84 qoe=   0.0 qoe_q=    3.7 eps=0.703 loss=0.4244
[ep  357] longdress    static_B_2019.12.16_13.40.04.csv@1506  reward=  165.70 qoe=  80.0 qoe_q=   43.5 eps=0.702 loss=0.3699
[ep  358] loot         static_B_2020.02.27_18.39.27.csv@139   reward=  167.92 qoe=  74.3 qoe_q=   34.7 eps=0.701 loss=0.4068
[ep  359] redandblack  static_B_2020.02.27_18.39.27.csv@79    reward=  207.99 qoe=  32.0 qoe_q=   63.5 eps=0.700 loss=0.3992
[ep  360] soldier      static_B_2020.01.16_10.43.34.csv@1292  reward=  206.98 qoe= 100.0 qoe_q=   55.3 eps=0.699 loss=0.4333
[ep  361] longdress    static_B_2020.01.16_10.43.34.csv@452   reward=   75.26 qoe=   0.0 qoe_q=  -40.6 eps=0.699 loss=0.3816
[ep  362] loot         static_B_2020.01.16_10.43.34.csv@1832  reward=  241.57 qoe=   0.0 qoe_q=   75.9 eps=0.698 loss=0.3946
[ep  363] redandblack  static_B_2020.02.27_18.39.27.csv@2299  reward=  194.95 qoe=  80.6 qoe_q=   54.9 eps=0.697 loss=0.4405
[ep  364] soldier      static_B_2020.01.16_10.43.34.csv@992   reward=  161.82 qoe=  53.6 qoe_q=   26.8 eps=0.696 loss=0.3888
[ep  365] longdress    static_B_2020.02.27_18.39.27.csv@5359  reward=  214.07 qoe=  80.0 qoe_q=   63.2 eps=0.695 loss=0.4056
[ep  366] loot         static_B_2020.02.27_18.39.27.csv@3259  reward=  219.53 qoe=  20.0 qoe_q=   64.4 eps=0.694 loss=0.3978
[ep  367] redandblack  static_B_2020.02.13_13.57.29.csv@2031  reward=  209.88 qoe=  82.7 qoe_q=   61.0 eps=0.694 loss=0.3973
[ep  368] soldier      static_B_2020.02.27_18.39.27.csv@1519  reward=  196.74 qoe=  85.2 qoe_q=   51.6 eps=0.693 loss=0.4509
[ep  369] longdress    static_B_2020.01.16_10.43.34.csv@632   reward=  221.27 qoe=  78.0 qoe_q=   65.7 eps=0.692 loss=0.3582
[ep  370] loot         static_B_2020.02.13_13.57.29.csv@2931  reward=  195.21 qoe= 100.0 qoe_q=   57.6 eps=0.691 loss=0.4021
[ep  371] redandblack  static_B_2020.02.27_18.39.27.csv@2059  reward=  208.48 qoe= 100.0 qoe_q=   61.0 eps=0.690 loss=0.3725
[ep  372] soldier      static_B_2020.02.13_13.57.29.csv@1191  reward=  188.35 qoe=  56.0 qoe_q=   53.6 eps=0.689 loss=0.3771
[ep  373] longdress    static_B_2019.12.16_13.40.04.csv@1326  reward=  160.37 qoe=  71.5 qoe_q=   27.4 eps=0.689 loss=0.3736
[ep  374] loot         static_B_2020.02.27_18.39.27.csv@3019  reward=  130.33 qoe=   0.0 qoe_q=   17.8 eps=0.688 loss=0.3320
[ep  375] redandblack  static_B_2020.02.13_13.57.29.csv@891   reward=  137.56 qoe=  35.9 qoe_q=   16.9 eps=0.687 loss=0.3987
[ep  376] soldier      static_B_2020.02.13_13.57.29.csv@2571  reward=  244.71 qoe= 100.0 qoe_q=   76.2 eps=0.686 loss=0.4112
[ep  377] longdress    static_B_2020.02.27_18.39.27.csv@2899  reward=  201.35 qoe=  82.7 qoe_q=   55.3 eps=0.685 loss=0.3740
[ep  378] loot         static_B_2020.02.13_13.57.29.csv@471   reward=  227.64 qoe=  56.0 qoe_q=   68.9 eps=0.684 loss=0.3796
[ep  379] redandblack  static_B_2020.02.13_13.57.29.csv@1731  reward=  210.92 qoe=  88.0 qoe_q=   64.0 eps=0.684 loss=0.3769
[ep  380] soldier      static_B_2020.02.27_18.39.27.csv@2659  reward=  145.14 qoe=   0.0 qoe_q=  -18.1 eps=0.683 loss=0.3650
[ep  381] longdress    static_B_2020.02.13_13.57.29.csv@651   reward=  126.11 qoe=   0.0 qoe_q=  -25.8 eps=0.682 loss=0.3839
[ep  382] loot         static_B_2020.02.27_18.39.27.csv@4639  reward=   46.58 qoe=   0.0 qoe_q= -324.5 eps=0.681 loss=0.3912
[ep  383] redandblack  static_B_2020.02.13_13.57.29.csv@711   reward=  112.73 qoe=   0.0 qoe_q=  -48.1 eps=0.680 loss=0.3958
[ep  384] soldier      static_B_2020.02.27_18.39.27.csv@259   reward=  178.66 qoe= 100.0 qoe_q=   48.3 eps=0.679 loss=0.3959
[ep  385] longdress    static_B_2019.12.16_13.40.04.csv@1086  reward=   92.77 qoe=   0.0 qoe_q= -622.6 eps=0.679 loss=0.3508
[ep  386] loot         static_B_2020.01.16_10.43.34.csv@92    reward=  150.98 qoe=   0.0 qoe_q=   -1.4 eps=0.678 loss=0.3673
[ep  387] redandblack  static_B_2019.12.16_13.40.04.csv@66    reward=  237.88 qoe=  58.0 qoe_q=   73.1 eps=0.677 loss=0.3827
[ep  388] soldier      static_B_2020.02.13_13.57.29.csv@831   reward=  168.62 qoe=  39.6 qoe_q=   35.0 eps=0.676 loss=0.4198
[ep  389] longdress    static_B_2020.02.27_18.39.27.csv@1459  reward=  155.18 qoe=  24.3 qoe_q=   29.2 eps=0.675 loss=0.3986
[ep  390] loot         static_B_2020.02.27_18.39.27.csv@1639  reward=  203.42 qoe=  58.0 qoe_q=   41.2 eps=0.674 loss=0.3660
[ep  391] redandblack  static_B_2020.01.16_10.43.34.csv@1412  reward=  138.42 qoe=   0.0 qoe_q= -199.0 eps=0.673 loss=0.3741
[ep  392] soldier      static_B_2019.12.16_13.40.04.csv@906   reward=  124.62 qoe=   0.0 qoe_q=  -71.8 eps=0.673 loss=0.3815
[ep  393] longdress    static_B_2020.02.13_13.57.29.csv@1071  reward=  181.07 qoe=  79.8 qoe_q=   47.0 eps=0.672 loss=0.3847
[ep  394] loot         static_B_2020.02.13_13.57.29.csv@2211  reward=  167.82 qoe=  38.5 qoe_q=   22.6 eps=0.671 loss=0.4171
[ep  395] redandblack  static_B_2019.12.16_13.40.04.csv@1146  reward=  121.58 qoe=   0.0 qoe_q=  -94.8 eps=0.670 loss=0.3761
[ep  396] soldier      static_B_2020.02.27_18.39.27.csv@1279  reward=  193.12 qoe=  47.8 qoe_q=   52.1 eps=0.669 loss=0.4245
[ep  397] longdress    static_B_2020.02.27_18.39.27.csv@1039  reward=  180.97 qoe=  50.1 qoe_q=   21.7 eps=0.668 loss=0.7518
[ep  398] loot         static_B_2020.01.16_10.43.34.csv@752   reward=  130.50 qoe=   0.0 qoe_q=   -2.6 eps=0.668 loss=0.4590
[ep  399] redandblack  static_B_2019.12.16_13.40.04.csv@606   reward=  130.87 qoe=   0.0 qoe_q=   -9.6 eps=0.667 loss=0.4829
[ep  400] soldier      static_B_2020.02.13_13.57.29.csv@531   reward=  169.14 qoe=  61.8 qoe_q=   26.4 eps=0.666 loss=0.5262
    [eval @ ep 400] reward=186.84 qoe=7.5 qoe_q=38.3 mean_q=0.854 stall=9.2s
[ep  401] longdress    static_B_2020.01.16_10.43.34.csv@692   reward=  217.23 qoe=  42.0 qoe_q=   65.3 eps=0.665 loss=0.4416
[ep  402] loot         static_B_2020.02.27_18.39.27.csv@2179  reward=  195.56 qoe=  82.8 qoe_q=   56.8 eps=0.664 loss=0.5407
[ep  403] redandblack  static_B_2020.02.27_18.39.27.csv@3199  reward=  205.86 qoe=  52.0 qoe_q=   59.9 eps=0.663 loss=0.3893
[ep  404] soldier      static_B_2020.02.13_13.57.29.csv@1851  reward=  114.21 qoe=   0.0 qoe_q=  -35.8 eps=0.663 loss=0.4970
[ep  405] longdress    static_B_2020.02.27_18.39.27.csv@5239  reward=  196.74 qoe=  69.0 qoe_q=   52.8 eps=0.662 loss=0.4671
[ep  406] loot         static_B_2020.02.27_18.39.27.csv@1879  reward=  179.67 qoe=  87.3 qoe_q=   47.5 eps=0.661 loss=0.4498
[ep  407] redandblack  static_B_2020.02.27_18.39.27.csv@679   reward=  181.33 qoe=  79.1 qoe_q=   48.9 eps=0.660 loss=0.4425
[ep  408] soldier      static_B_2020.02.27_18.39.27.csv@799   reward=  192.47 qoe= 100.0 qoe_q=   55.4 eps=0.659 loss=0.4802
[ep  409] longdress    static_B_2020.02.13_13.57.29.csv@591   reward=  178.30 qoe=  75.9 qoe_q=   41.1 eps=0.658 loss=0.3990
[ep  410] loot         static_B_2020.02.27_18.39.27.csv@3859  reward=  103.42 qoe=   0.0 qoe_q=  -44.4 eps=0.658 loss=0.5240
[ep  411] redandblack  static_B_2020.02.27_18.39.27.csv@979   reward=  226.21 qoe= 100.0 qoe_q=   69.0 eps=0.657 loss=0.5191
[ep  412] soldier      static_B_2019.12.16_13.40.04.csv@306   reward=   76.19 qoe=   0.0 qoe_q=  -64.2 eps=0.656 loss=0.5223
[ep  413] longdress    static_B_2020.02.27_18.39.27.csv@199   reward=  209.01 qoe=  74.0 qoe_q=   61.4 eps=0.655 loss=0.5221
[ep  414] loot         static_B_2020.01.16_10.43.34.csv@2792  reward=  203.77 qoe=  98.0 qoe_q=   58.8 eps=0.654 loss=0.4497
[ep  415] redandblack  static_B_2020.01.16_10.43.34.csv@2012  reward=  141.05 qoe=   0.0 qoe_q=  -56.8 eps=0.653 loss=0.4841
[ep  416] soldier      static_B_2020.02.13_13.57.29.csv@2631  reward=  232.40 qoe=  68.0 qoe_q=   70.4 eps=0.653 loss=0.5038
[ep  417] longdress    static_B_2020.02.27_18.39.27.csv@379   reward=  170.62 qoe=  60.1 qoe_q=   28.0 eps=0.652 loss=0.4971
[ep  418] loot         static_B_2020.02.13_13.57.29.csv@2451  reward=  139.25 qoe=   0.0 qoe_q= -236.4 eps=0.651 loss=0.4912
[ep  419] redandblack  static_B_2020.01.16_10.43.34.csv@1592  reward=  169.70 qoe=  12.2 qoe_q=    2.6 eps=0.650 loss=0.4752
[ep  420] soldier      static_B_2020.02.27_18.39.27.csv@5119  reward=  242.25 qoe=  84.9 qoe_q=   75.0 eps=0.649 loss=0.4758
[ep  421] longdress    static_B_2020.02.13_13.57.29.csv@2391  reward=  196.30 qoe=  80.3 qoe_q=   53.8 eps=0.648 loss=0.4611
[ep  422] loot         static_B_2020.01.16_10.43.34.csv@3109  reward=  221.25 qoe= 100.0 qoe_q=   65.8 eps=0.648 loss=0.4271
[ep  423] redandblack  static_B_2020.02.27_18.39.27.csv@3439  reward=  156.49 qoe=  80.6 qoe_q=   37.9 eps=0.647 loss=0.4920
[ep  424] soldier      static_B_2020.01.16_10.43.34.csv@572   reward=  158.96 qoe=  37.8 qoe_q=   27.4 eps=0.646 loss=0.4799
[ep  425] longdress    static_B_2019.12.16_13.40.04.csv@1866  reward=  144.30 qoe=   0.0 qoe_q= -262.4 eps=0.645 loss=0.4383
[ep  426] loot         static_B_2020.01.16_10.43.34.csv@2612  reward=  202.38 qoe=  44.0 qoe_q=   57.1 eps=0.644 loss=0.4627
[ep  427] redandblack  static_B_2019.12.16_13.40.04.csv@1566  reward=  183.85 qoe=  14.0 qoe_q=   51.1 eps=0.643 loss=0.4535
[ep  428] soldier      static_B_2020.01.16_10.43.34.csv@2492  reward=  233.64 qoe= 100.0 qoe_q=   72.1 eps=0.643 loss=0.4291
[ep  429] longdress    static_B_2020.02.27_18.39.27.csv@5659  reward=  198.88 qoe= 100.0 qoe_q=   57.3 eps=0.642 loss=0.4464
[ep  430] loot         static_B_2020.02.27_18.39.27.csv@1099  reward=  153.47 qoe=  51.6 qoe_q=   30.0 eps=0.641 loss=0.3965
[ep  431] redandblack  static_B_2020.02.27_18.39.27.csv@3979  reward=  216.87 qoe=  14.0 qoe_q=   64.8 eps=0.640 loss=0.4049
[ep  432] soldier      static_B_2020.02.13_13.57.29.csv@2751  reward=  103.80 qoe=   0.0 qoe_q=   -5.8 eps=0.639 loss=0.4170
[ep  433] longdress    static_B_2020.02.13_13.57.29.csv@1791  reward=  207.96 qoe=  18.0 qoe_q=   59.8 eps=0.638 loss=0.4580
[ep  434] loot         static_B_2020.02.13_13.57.29.csv@1251  reward=  157.15 qoe=  10.0 qoe_q=   33.8 eps=0.638 loss=0.3899
[ep  435] redandblack  static_B_2019.12.16_13.40.04.csv@426   reward=  178.43 qoe=   0.0 qoe_q=    6.8 eps=0.637 loss=0.5148
[ep  436] soldier      static_B_2019.12.16_13.40.04.csv@6     reward=  212.75 qoe=  72.2 qoe_q=   57.1 eps=0.636 loss=0.4921
[ep  437] longdress    static_B_2020.02.13_13.57.29.csv@2091  reward=  192.35 qoe= 100.0 qoe_q=   53.3 eps=0.635 loss=0.4673
[ep  438] loot         static_B_2020.02.27_18.39.27.csv@559   reward=  204.06 qoe=   0.0 qoe_q= -193.9 eps=0.634 loss=0.4039
[ep  439] redandblack  static_B_2020.01.16_10.43.34.csv@332   reward=  193.56 qoe=   6.0 qoe_q=   54.2 eps=0.633 loss=0.4469
[ep  440] soldier      static_B_2020.02.27_18.39.27.csv@4819  reward=  226.13 qoe= 100.0 qoe_q=   67.8 eps=0.633 loss=0.4217
[ep  441] longdress    static_B_2020.02.27_18.39.27.csv@1999  reward=  199.42 qoe= 100.0 qoe_q=   57.0 eps=0.632 loss=0.4921
[ep  442] loot         static_B_2020.01.16_10.43.34.csv@2852  reward=  228.75 qoe=  85.4 qoe_q=   70.1 eps=0.631 loss=0.4899
[ep  443] redandblack  static_B_2020.02.13_13.57.29.csv@1491  reward=  169.43 qoe=  20.2 qoe_q=   32.6 eps=0.630 loss=0.4225
[ep  444] soldier      static_B_2020.02.27_18.39.27.csv@3559  reward=   99.64 qoe=   0.0 qoe_q=  -36.3 eps=0.629 loss=0.4377
[ep  445] longdress    static_B_2020.02.13_13.57.29.csv@1551  reward=  163.35 qoe=  60.2 qoe_q=   37.0 eps=0.628 loss=0.4127
[ep  446] loot         static_B_2020.01.16_10.43.34.csv@2552  reward=  190.63 qoe=  71.2 qoe_q=   53.8 eps=0.628 loss=0.4180
[ep  447] redandblack  static_B_2020.02.27_18.39.27.csv@1819  reward=  184.79 qoe=   0.0 qoe_q=   -4.6 eps=0.627 loss=0.4679
[ep  448] soldier      static_B_2020.02.13_13.57.29.csv@1911  reward=  193.82 qoe=  48.2 qoe_q=   37.8 eps=0.626 loss=0.4456
[ep  449] longdress    static_B_2020.02.27_18.39.27.csv@4459  reward=  118.08 qoe=   0.0 qoe_q=    2.0 eps=0.625 loss=0.5028
[ep  450] loot         static_B_2020.01.16_10.43.34.csv@2432  reward=  154.14 qoe=   0.0 qoe_q=  -25.6 eps=0.624 loss=0.4743
[ep  451] redandblack  static_B_2020.01.16_10.43.34.csv@1172  reward=  158.10 qoe=  45.0 qoe_q=   32.5 eps=0.623 loss=0.5062
[ep  452] soldier      static_B_2020.01.16_10.43.34.csv@1892  reward=  214.99 qoe=  60.0 qoe_q=   64.1 eps=0.623 loss=0.4438
[ep  453] longdress    static_B_2020.01.16_10.43.34.csv@2072  reward=  158.35 qoe=   0.0 qoe_q=   13.0 eps=0.622 loss=0.5195
[ep  454] loot         static_B_2020.02.27_18.39.27.csv@4039  reward=  193.62 qoe=  77.9 qoe_q=   52.1 eps=0.621 loss=0.4684
[ep  455] redandblack  static_B_2020.02.27_18.39.27.csv@1399  reward=  203.97 qoe=  54.0 qoe_q=   59.8 eps=0.620 loss=0.4559
[ep  456] soldier      static_B_2020.02.13_13.57.29.csv@771   reward=  145.55 qoe=  25.7 qoe_q=   17.2 eps=0.619 loss=0.4643
[ep  457] longdress    static_B_2019.12.16_13.40.04.csv@846   reward=  231.41 qoe= 100.0 qoe_q=   69.7 eps=0.618 loss=0.4744
[ep  458] loot         static_B_2020.02.27_18.39.27.csv@619   reward=  210.81 qoe=  42.0 qoe_q=   60.4 eps=0.618 loss=0.4663
[ep  459] redandblack  static_B_2020.02.13_13.57.29.csv@111   reward=  169.82 qoe=  73.4 qoe_q=   42.8 eps=0.617 loss=0.4234
[ep  460] soldier      static_B_2019.12.16_13.40.04.csv@726   reward=  203.34 qoe=  20.0 qoe_q=   61.3 eps=0.616 loss=0.4984
[ep  461] longdress    static_B_2020.02.27_18.39.27.csv@5599  reward=  206.20 qoe=  50.7 qoe_q=   31.9 eps=0.615 loss=0.5426
[ep  462] loot         static_B_2020.02.13_13.57.29.csv@1311  reward=  116.86 qoe=   0.0 qoe_q=    5.1 eps=0.614 loss=0.5583
[ep  463] redandblack  static_B_2020.02.27_18.39.27.csv@3079  reward=  147.66 qoe=  41.3 qoe_q=   25.7 eps=0.613 loss=0.4542
[ep  464] soldier      static_B_2020.02.27_18.39.27.csv@1219  reward=  232.15 qoe=  85.3 qoe_q=   71.3 eps=0.613 loss=0.4786
[ep  465] longdress    static_B_2020.02.27_18.39.27.csv@4759  reward=  242.10 qoe= 100.0 qoe_q=   74.4 eps=0.612 loss=0.5201
[ep  466] loot         static_B_2019.12.16_13.40.04.csv@1386  reward=  189.39 qoe=   0.0 qoe_q=  -71.8 eps=0.611 loss=0.5181
[ep  467] redandblack  static_B_2020.02.27_18.39.27.csv@4159  reward=  195.43 qoe=  56.1 qoe_q=   33.8 eps=0.610 loss=0.4838
[ep  468] soldier      static_B_2019.12.16_13.40.04.csv@1626  reward=  186.36 qoe=  32.7 qoe_q=    9.6 eps=0.609 loss=0.4548
[ep  469] longdress    static_B_2020.02.27_18.39.27.csv@4699  reward=  168.86 qoe=  53.3 qoe_q=   35.0 eps=0.608 loss=0.4434
[ep  470] loot         static_B_2020.02.13_13.57.29.csv@291   reward=  202.20 qoe=  49.7 qoe_q=   44.0 eps=0.608 loss=0.5289
[ep  471] redandblack  static_B_2020.02.27_18.39.27.csv@4519  reward=  186.42 qoe=  37.5 qoe_q=   28.7 eps=0.607 loss=0.4490
[ep  472] soldier      static_B_2020.02.13_13.57.29.csv@2945  reward=  170.31 qoe=  62.1 qoe_q=   29.4 eps=0.606 loss=0.4686
[ep  473] longdress    static_B_2020.01.16_10.43.34.csv@3092  reward=  221.27 qoe=  86.4 qoe_q=   64.9 eps=0.605 loss=0.4375
[ep  474] loot         static_B_2020.02.13_13.57.29.csv@951   reward=  139.93 qoe=   0.0 qoe_q=   -6.0 eps=0.604 loss=0.4020
[ep  475] redandblack  static_B_2020.02.27_18.39.27.csv@5519  reward=  237.69 qoe=  30.0 qoe_q=   73.3 eps=0.603 loss=0.4747
[ep  476] soldier      static_B_2020.02.13_13.57.29.csv@1687  reward=  101.61 qoe=   0.0 qoe_q=  -87.1 eps=0.603 loss=0.7800
[ep  477] longdress    static_B_2020.01.16_10.43.34.csv@393   reward=  124.36 qoe=   0.0 qoe_q=    4.0 eps=0.602 loss=0.5725
[ep  478] loot         static_B_2019.12.16_13.40.04.csv@1244  reward=  142.78 qoe=  47.1 qoe_q=   27.7 eps=0.601 loss=0.6268
[ep  479] redandblack  static_B_2020.02.13_13.57.29.csv@2827  reward=  184.32 qoe=  23.1 qoe_q=   14.0 eps=0.600 loss=0.5535
[ep  480] soldier      static_B_2020.02.27_18.39.27.csv@4259  reward=  227.97 qoe= 100.0 qoe_q=   68.6 eps=0.599 loss=0.5160
[ep  481] longdress    static_B_2020.01.16_10.43.34.csv@3109  reward=  223.02 qoe= 100.0 qoe_q=   66.7 eps=0.598 loss=0.5832
[ep  482] loot         static_B_2019.12.16_13.40.04.csv@164   reward=  231.73 qoe=  70.0 qoe_q=   70.1 eps=0.598 loss=0.4657
[ep  483] redandblack  static_B_2020.01.16_10.43.34.csv@1713  reward=  165.77 qoe=  67.2 qoe_q=   37.6 eps=0.597 loss=0.5797
[ep  484] soldier      static_B_2020.02.13_13.57.29.csv@2587  reward=  216.61 qoe=  44.0 qoe_q=   64.5 eps=0.596 loss=0.5031
[ep  485] longdress    static_B_2020.01.16_10.43.34.csv@1773  reward=  159.59 qoe=  68.0 qoe_q=   32.1 eps=0.595 loss=0.5234
[ep  486] loot         static_B_2019.12.16_13.40.04.csv@1544  reward=  220.80 qoe=  48.0 qoe_q=   67.6 eps=0.594 loss=0.5547
[ep  487] redandblack  static_B_2020.02.27_18.39.27.csv@3239  reward=  225.31 qoe=  28.0 qoe_q=   67.8 eps=0.593 loss=0.5709
[ep  488] soldier      static_B_2020.02.13_13.57.29.csv@1807  reward=  170.83 qoe=  21.7 qoe_q=    9.5 eps=0.592 loss=0.5674
[ep  489] longdress    static_B_2019.12.16_13.40.04.csv@1304  reward=  168.75 qoe=  46.8 qoe_q=   24.5 eps=0.592 loss=0.5294
[ep  490] loot         static_B_2020.02.27_18.39.27.csv@4079  reward=  269.74 qoe=  42.0 qoe_q=   86.9 eps=0.591 loss=0.4904
[ep  491] redandblack  static_B_2020.02.13_13.57.29.csv@1027  reward=  141.44 qoe=  19.2 qoe_q=   19.9 eps=0.590 loss=0.5562
[ep  492] soldier      static_B_2020.02.27_18.39.27.csv@2519  reward=  199.19 qoe= 100.0 qoe_q=   59.2 eps=0.589 loss=0.5043
[ep  493] longdress    static_B_2020.02.27_18.39.27.csv@1679  reward=  173.79 qoe=  38.7 qoe_q=   31.6 eps=0.588 loss=0.5258
[ep  494] loot         static_B_2020.01.16_10.43.34.csv@2793  reward=  222.91 qoe=  94.0 qoe_q=   69.1 eps=0.587 loss=0.5001
[ep  495] redandblack  static_B_2020.01.16_10.43.34.csv@573   reward=  188.55 qoe=  73.5 qoe_q=   42.6 eps=0.587 loss=0.5250
[ep  496] soldier      static_B_2020.02.27_18.39.27.csv@2699  reward=  187.03 qoe= 100.0 qoe_q=   49.5 eps=0.586 loss=0.5830
[ep  497] longdress    static_B_2019.12.16_13.40.04.csv@1424  reward=  183.16 qoe=  58.6 qoe_q=   43.8 eps=0.585 loss=0.4724
[ep  498] loot         static_B_2019.12.16_13.40.04.csv@944   reward=  186.56 qoe=  44.3 qoe_q=   42.6 eps=0.584 loss=0.5328
[ep  499] redandblack  static_B_2020.02.27_18.39.27.csv@1379  reward=  185.87 qoe=  66.3 qoe_q=   40.0 eps=0.583 loss=0.4716
[ep  500] soldier      static_B_2020.02.27_18.39.27.csv@2099  reward=  163.54 qoe=  59.8 qoe_q=   37.5 eps=0.582 loss=0.5940
    [eval @ ep 500] reward=186.84 qoe=7.5 qoe_q=38.3 mean_q=0.854 stall=9.2s
[ep  501] longdress    static_B_2020.02.13_13.57.29.csv@1627  reward=  126.01 qoe=   0.0 qoe_q=   11.3 eps=0.582 loss=0.5010
[ep  502] loot         static_B_2020.01.16_10.43.34.csv@1413  reward=  125.22 qoe=   0.0 qoe_q= -183.7 eps=0.581 loss=0.4999
[ep  503] redandblack  static_B_2020.02.27_18.39.27.csv@2339  reward=   57.23 qoe=   0.0 qoe_q= -378.3 eps=0.580 loss=0.5452
[ep  504] soldier      static_B_2020.01.16_10.43.34.csv@3033  reward=  243.92 qoe= 100.0 qoe_q=   74.5 eps=0.579 loss=0.5423
[ep  505] longdress    static_B_2019.12.16_13.40.04.csv@824   reward=  192.94 qoe=  84.8 qoe_q=   54.7 eps=0.578 loss=0.6336
[ep  506] loot         static_B_2020.01.16_10.43.34.csv@2313  reward=  145.13 qoe=   0.0 qoe_q= -143.6 eps=0.577 loss=0.4835
[ep  507] redandblack  static_B_2020.02.27_18.39.27.csv@899   reward=  221.20 qoe=  78.0 qoe_q=   59.4 eps=0.577 loss=0.5623
[ep  508] soldier      static_B_2020.01.16_10.43.34.csv@2913  reward=  139.84 qoe=   0.0 qoe_q=  -65.5 eps=0.576 loss=0.5429
[ep  509] longdress    static_B_2020.02.27_18.39.27.csv@719   reward=  165.40 qoe=   0.0 qoe_q=  -14.8 eps=0.575 loss=0.5464
[ep  510] loot         static_B_2020.02.13_13.57.29.csv@1327  reward=  172.88 qoe=  21.1 qoe_q=   24.2 eps=0.574 loss=0.5576
[ep  511] redandblack  static_B_2020.01.16_10.43.34.csv@753   reward=  134.45 qoe=   0.0 qoe_q=  -10.2 eps=0.573 loss=0.5470
[ep  512] soldier      static_B_2020.01.16_10.43.34.csv@1653  reward=  160.01 qoe=  68.1 qoe_q=   38.5 eps=0.572 loss=0.4728
[ep  513] longdress    static_B_2020.02.27_18.39.27.csv@2459  reward=  210.70 qoe=  79.3 qoe_q=   60.4 eps=0.572 loss=0.5262
[ep  514] loot         static_B_2020.01.16_10.43.34.csv@1953  reward=  230.22 qoe=  82.0 qoe_q=   66.8 eps=0.571 loss=0.5344
[ep  515] redandblack  static_B_2020.01.16_10.43.34.csv@693   reward=  233.88 qoe=   0.0 qoe_q=   72.1 eps=0.570 loss=0.5534
[ep  516] soldier      static_B_2020.02.27_18.39.27.csv@4019  reward=  151.44 qoe=   0.0 qoe_q=   22.1 eps=0.569 loss=0.5192
[ep  517] longdress    static_B_2020.02.27_18.39.27.csv@3959  reward=  216.77 qoe=  48.0 qoe_q=   63.9 eps=0.568 loss=0.6377
[ep  518] loot         static_B_2019.12.16_13.40.04.csv@644   reward=  197.56 qoe=  80.7 qoe_q=   52.8 eps=0.567 loss=0.6097
[ep  519] redandblack  static_B_2020.01.16_10.43.34.csv@1593  reward=  202.41 qoe=  67.4 qoe_q=   47.5 eps=0.567 loss=0.5623
[ep  520] soldier      static_B_2020.02.13_13.57.29.csv@67    reward=  121.33 qoe=   0.0 qoe_q= -101.2 eps=0.566 loss=0.5241
[ep  521] longdress    static_B_2020.02.27_18.39.27.csv@1019  reward=  153.78 qoe=   0.0 qoe_q=  -11.6 eps=0.565 loss=0.4906
[ep  522] loot         static_B_2019.12.16_13.40.04.csv@1904  reward=  224.84 qoe=   0.0 qoe_q=   68.2 eps=0.564 loss=0.5520
[ep  523] redandblack  static_B_2020.02.27_18.39.27.csv@479   reward=  212.96 qoe= 100.0 qoe_q=   59.3 eps=0.563 loss=0.5729
[ep  524] soldier      static_B_2020.02.27_18.39.27.csv@4679  reward=  150.40 qoe=   0.0 qoe_q= -177.2 eps=0.562 loss=0.5361
[ep  525] longdress    static_B_2019.12.16_13.40.04.csv@1604  reward=  216.78 qoe= 100.0 qoe_q=   64.5 eps=0.562 loss=0.5914
[ep  526] loot         static_B_2020.02.13_13.57.29.csv@1387  reward=  262.43 qoe= 100.0 qoe_q=   83.1 eps=0.561 loss=0.5886
[ep  527] redandblack  static_B_2020.02.27_18.39.27.csv@5399  reward=  226.71 qoe=  54.0 qoe_q=   69.4 eps=0.560 loss=0.6155
[ep  528] soldier      static_B_2020.01.16_10.43.34.csv@2013  reward=  123.92 qoe=   0.0 qoe_q=  -68.3 eps=0.559 loss=0.5069
[ep  529] longdress    static_B_2020.02.27_18.39.27.csv@4619  reward=  160.65 qoe=  52.4 qoe_q=   36.0 eps=0.558 loss=0.5634
[ep  530] loot         static_B_2020.02.13_13.57.29.csv@967   reward=   82.38 qoe=   0.0 qoe_q= -327.0 eps=0.557 loss=0.6051
[ep  531] redandblack  static_B_2020.02.27_18.39.27.csv@4319  reward=  208.98 qoe= 100.0 qoe_q=   56.1 eps=0.557 loss=0.5491
[ep  532] soldier      static_B_2020.01.16_10.43.34.csv@2193  reward=  206.89 qoe=   0.0 qoe_q=    8.2 eps=0.556 loss=0.4886
[ep  533] longdress    static_B_2019.12.16_13.40.04.csv@464   reward=  152.48 qoe=   0.0 qoe_q= -307.1 eps=0.555 loss=0.5556
[ep  534] loot         static_B_2020.02.27_18.39.27.csv@1739  reward=  194.67 qoe=  58.1 qoe_q=   34.2 eps=0.554 loss=0.4699
[ep  535] redandblack  static_B_2020.02.27_18.39.27.csv@539   reward=  159.84 qoe=   0.0 qoe_q= -330.6 eps=0.553 loss=0.6007
[ep  536] soldier      static_B_2020.02.27_18.39.27.csv@2579  reward=  173.57 qoe=  34.2 qoe_q=   15.3 eps=0.552 loss=0.5135
[ep  537] longdress    static_B_2020.02.13_13.57.29.csv@1747  reward=  196.62 qoe=  16.4 qoe_q=   15.8 eps=0.552 loss=0.5955
[ep  538] loot         static_B_2020.02.27_18.39.27.csv@299   reward=  130.21 qoe=  26.2 qoe_q=   22.6 eps=0.551 loss=0.4747
[ep  539] redandblack  static_B_2019.12.16_13.40.04.csv@1844  reward=  189.47 qoe=  46.6 qoe_q=   20.6 eps=0.550 loss=0.5276
[ep  540] soldier      static_B_2020.02.13_13.57.29.csv@2767  reward=  149.18 qoe=  35.9 qoe_q=   25.0 eps=0.549 loss=0.5158
[ep  541] longdress    static_B_2020.02.27_18.39.27.csv@179   reward=  227.88 qoe=  81.6 qoe_q=   69.1 eps=0.548 loss=0.5559
[ep  542] loot         static_B_2020.02.27_18.39.27.csv@5099  reward=  236.86 qoe=   0.0 qoe_q=   71.7 eps=0.547 loss=0.5687
[ep  543] redandblack  static_B_2019.12.16_13.40.04.csv@1904  reward=  212.62 qoe=  20.0 qoe_q=   62.9 eps=0.547 loss=0.5105
[ep  544] soldier      static_B_2020.02.27_18.39.27.csv@1919  reward=  205.21 qoe= 100.0 qoe_q=   60.3 eps=0.546 loss=0.5335
[ep  545] longdress    static_B_2020.02.27_18.39.27.csv@1499  reward=  166.98 qoe=  31.7 qoe_q=    2.2 eps=0.545 loss=0.5656
[ep  546] loot         static_B_2020.02.13_13.57.29.csv@1267  reward=  158.37 qoe=  11.6 qoe_q=   31.6 eps=0.544 loss=0.4998
[ep  547] redandblack  static_B_2019.12.16_13.40.04.csv@1184  reward=  171.13 qoe=  23.0 qoe_q=   34.9 eps=0.543 loss=0.5527
[ep  548] soldier      static_B_2020.02.27_18.39.27.csv@59    reward=  211.82 qoe=  96.0 qoe_q=   64.1 eps=0.542 loss=0.4492
[ep  549] longdress    static_B_2020.02.27_18.39.27.csv@5159  reward=  214.13 qoe=  63.5 qoe_q=   49.2 eps=0.542 loss=0.5618
[ep  550] loot         static_B_2020.02.27_18.39.27.csv@3659  reward=  247.60 qoe=  36.0 qoe_q=   78.6 eps=0.541 loss=0.5323
[ep  551] redandblack  static_B_2020.02.13_13.57.29.csv@487   reward=  148.95 qoe=   0.0 qoe_q=   -8.5 eps=0.540 loss=0.5341
[ep  552] soldier      static_B_2020.02.27_18.39.27.csv@119   reward=  206.27 qoe=  58.9 qoe_q=   40.9 eps=0.539 loss=0.5040
[ep  553] longdress    static_B_2020.02.27_18.39.27.csv@839   reward=  211.30 qoe=  79.6 qoe_q=   57.7 eps=0.538 loss=0.5374
[ep  554] loot         static_B_2020.02.13_13.57.29.csv@2527  reward=  188.48 qoe=  47.3 qoe_q=   46.5 eps=0.537 loss=0.5507
[ep  555] redandblack  static_B_2020.02.27_18.39.27.csv@3119  reward=   87.30 qoe=   0.0 qoe_q=  -95.6 eps=0.537 loss=0.8309
[ep  556] soldier      static_B_2020.02.27_18.39.27.csv@3359  reward=  223.03 qoe=  18.0 qoe_q=   67.3 eps=0.536 loss=0.6531
[ep  557] longdress    static_B_2020.01.16_10.43.34.csv@2253  reward=  200.08 qoe=  79.5 qoe_q=   48.9 eps=0.535 loss=0.6451
[ep  558] loot         static_B_2020.02.27_18.39.27.csv@1439  reward=  207.06 qoe=  77.4 qoe_q=   57.2 eps=0.534 loss=0.6245
[ep  559] redandblack  static_B_2020.02.13_13.57.29.csv@2107  reward=  143.45 qoe=   0.0 qoe_q=   13.6 eps=0.533 loss=0.5953
[ep  560] soldier      static_B_2020.02.13_13.57.29.csv@1867  reward=  172.40 qoe=  50.8 qoe_q=   19.9 eps=0.532 loss=0.5669
[ep  561] longdress    static_B_2020.01.16_10.43.34.csv@2373  reward=  241.66 qoe=  52.0 qoe_q=   75.1 eps=0.532 loss=0.7130
[ep  562] loot         static_B_2020.02.27_18.39.27.csv@5579  reward=  203.05 qoe=   0.0 qoe_q=   58.6 eps=0.531 loss=0.6566
[ep  563] redandblack  static_B_2020.02.27_18.39.27.csv@779   reward=  213.16 qoe=  82.9 qoe_q=   63.4 eps=0.530 loss=0.6006
[ep  564] soldier      static_B_2020.01.16_10.43.34.csv@213   reward=  204.24 qoe=  44.0 qoe_q=   57.9 eps=0.529 loss=0.6373
[ep  565] longdress    static_B_2020.02.27_18.39.27.csv@5339  reward=  211.85 qoe=  78.2 qoe_q=   59.3 eps=0.528 loss=0.6222
[ep  566] loot         static_B_2020.02.13_13.57.29.csv@667   reward=  181.06 qoe=  19.0 qoe_q=   37.9 eps=0.527 loss=0.5866
[ep  567] redandblack  static_B_2020.02.27_18.39.27.csv@2939  reward=  216.61 qoe= 100.0 qoe_q=   63.7 eps=0.527 loss=0.6239
[ep  568] soldier      static_B_2020.02.13_13.57.29.csv@127   reward=  208.25 qoe=  54.5 qoe_q=   53.3 eps=0.526 loss=0.6220
[ep  569] longdress    static_B_2020.02.13_13.57.29.csv@2407  reward=  132.96 qoe=  30.1 qoe_q=   11.3 eps=0.525 loss=0.5704
[ep  570] loot         static_B_2020.01.16_10.43.34.csv@813   reward=  225.24 qoe=   4.0 qoe_q=   68.0 eps=0.524 loss=0.6130
[ep  571] redandblack  static_B_2020.01.16_10.43.34.csv@1173  reward=  167.08 qoe=  40.6 qoe_q=   38.6 eps=0.523 loss=0.5625
[ep  572] soldier      static_B_2019.12.16_13.40.04.csv@1904  reward=  247.66 qoe=  76.0 qoe_q=   76.1 eps=0.522 loss=0.5708
[ep  573] longdress    static_B_2020.02.13_13.57.29.csv@2047  reward=  209.69 qoe=  76.9 qoe_q=   53.0 eps=0.522 loss=0.6093
[ep  574] loot         static_B_2020.02.13_13.57.29.csv@787   reward=  152.63 qoe=   0.0 qoe_q=    6.9 eps=0.521 loss=0.5974
[ep  575] redandblack  static_B_2020.01.16_10.43.34.csv@513   reward=  213.51 qoe=  80.6 qoe_q=   62.0 eps=0.520 loss=0.6716
[ep  576] soldier      static_B_2020.02.13_13.57.29.csv@247   reward=  210.64 qoe= 100.0 qoe_q=   61.1 eps=0.519 loss=0.6604
[ep  577] longdress    static_B_2020.02.27_18.39.27.csv@2159  reward=  199.48 qoe=  76.8 qoe_q=   51.0 eps=0.518 loss=0.6227
[ep  578] loot         static_B_2020.02.27_18.39.27.csv@1859  reward=  198.36 qoe=  71.6 qoe_q=   49.3 eps=0.517 loss=0.5766
[ep  579] redandblack  static_B_2020.02.13_13.57.29.csv@2167  reward=  215.19 qoe=  55.9 qoe_q=   40.7 eps=0.516 loss=0.6466
[ep  580] soldier      static_B_2020.01.16_10.43.34.csv@1353  reward=  190.61 qoe=  61.9 qoe_q=   35.0 eps=0.516 loss=0.5657
[ep  581] longdress    static_B_2020.01.16_10.43.34.csv@2673  reward=  183.07 qoe=  51.3 qoe_q=   40.0 eps=0.515 loss=0.5590
[ep  582] loot         static_B_2020.02.27_18.39.27.csv@2399  reward=  228.25 qoe=  48.0 qoe_q=   68.5 eps=0.514 loss=0.5773
[ep  583] redandblack  static_B_2020.01.16_10.43.34.csv@333   reward=  221.65 qoe=  14.0 qoe_q=   65.9 eps=0.513 loss=0.6058
[ep  584] soldier      static_B_2020.02.13_13.57.29.csv@187   reward=  130.53 qoe=   0.0 qoe_q=    2.5 eps=0.512 loss=0.7524
[ep  585] longdress    static_B_2020.02.27_18.39.27.csv@3479  reward=  201.50 qoe=  86.3 qoe_q=   53.7 eps=0.511 loss=0.7501
[ep  586] loot         static_B_2020.01.16_10.43.34.csv@273   reward=  241.84 qoe=   0.0 qoe_q=   75.8 eps=0.511 loss=0.5817
[ep  587] redandblack  static_B_2020.02.13_13.57.29.csv@2467  reward=  173.02 qoe=   1.9 qoe_q=   -2.0 eps=0.510 loss=0.6310
[ep  588] soldier      static_B_2019.12.16_13.40.04.csv@284   reward=  209.04 qoe=  63.2 qoe_q=   54.6 eps=0.509 loss=0.6522
[ep  589] longdress    static_B_2020.01.16_10.43.34.csv@633   reward=  230.97 qoe= 100.0 qoe_q=   69.6 eps=0.508 loss=0.5993
[ep  590] loot         static_B_2020.02.27_18.39.27.csv@3719  reward=  232.17 qoe=  83.2 qoe_q=   70.5 eps=0.507 loss=0.6562
[ep  591] redandblack  static_B_2020.02.27_18.39.27.csv@1079  reward=  131.19 qoe=   0.0 qoe_q=   21.4 eps=0.506 loss=0.5111
[ep  592] soldier      static_B_2020.02.13_13.57.29.csv@1507  reward=   89.13 qoe=   0.0 qoe_q=  -18.3 eps=0.506 loss=0.5559
[ep  593] longdress    static_B_2020.01.16_10.43.34.csv@2853  reward=  206.30 qoe=  33.3 qoe_q=   34.4 eps=0.505 loss=0.5905
[ep  594] loot         static_B_2020.02.27_18.39.27.csv@1799  reward=  125.88 qoe=   0.0 qoe_q= -221.9 eps=0.504 loss=0.6069
[ep  595] redandblack  static_B_2020.02.27_18.39.27.csv@419   reward=  216.22 qoe=  85.9 qoe_q=   63.0 eps=0.503 loss=0.6319
[ep  596] soldier      static_B_2020.01.16_10.43.34.csv@93    reward=  128.99 qoe=   0.0 qoe_q=  -13.9 eps=0.502 loss=0.5953
[ep  597] longdress    static_B_2020.02.27_18.39.27.csv@2999  reward=  208.96 qoe=  68.1 qoe_q=   47.2 eps=0.501 loss=0.6589
[ep  598] loot         static_B_2019.12.16_13.40.04.csv@1484  reward=  202.83 qoe=  72.3 qoe_q=   50.8 eps=0.501 loss=0.5952
[ep  599] redandblack  static_B_2020.01.16_10.43.34.csv@1533  reward=  220.16 qoe=  82.3 qoe_q=   64.3 eps=0.500 loss=0.5571
[ep  600] soldier      static_B_2020.02.13_13.57.29.csv@547   reward=  216.46 qoe=  68.8 qoe_q=   51.2 eps=0.499 loss=0.6683
    [eval @ ep 600] reward=175.92 qoe=0.9 qoe_q=36.9 mean_q=0.858 stall=9.8s
[ep  601] longdress    static_B_2020.02.27_18.39.27.csv@3899  reward=  215.83 qoe=  54.0 qoe_q=   65.0 eps=0.498 loss=0.6634
[ep  602] loot         static_B_2020.02.13_13.57.29.csv@607   reward=  172.37 qoe=   0.0 qoe_q=    1.8 eps=0.497 loss=0.5904
[ep  603] redandblack  static_B_2020.02.13_13.57.29.csv@2647  reward=  204.52 qoe=  32.0 qoe_q=   57.5 eps=0.496 loss=0.5630
[ep  604] soldier      static_B_2020.02.27_18.39.27.csv@3779  reward=  131.75 qoe=   0.0 qoe_q=  -27.1 eps=0.496 loss=0.6564
[ep  605] longdress    static_B_2019.12.16_13.40.04.csv@44    reward=  165.08 qoe=   0.0 qoe_q=    9.4 eps=0.495 loss=0.6259
[ep  606] loot         static_B_2020.02.27_18.39.27.csv@4199  reward=  169.81 qoe=   0.0 qoe_q=   -4.0 eps=0.494 loss=0.6739
[ep  607] redandblack  static_B_2020.02.27_18.39.27.csv@5039  reward=  181.22 qoe=  56.5 qoe_q=   42.1 eps=0.493 loss=0.5273
[ep  608] soldier      static_B_2020.01.16_10.43.34.csv@2733  reward=  211.06 qoe=  62.3 qoe_q=   53.9 eps=0.492 loss=0.6174
[ep  609] longdress    static_B_2019.12.16_13.40.04.csv@344   reward=  108.35 qoe=   0.0 qoe_q=  -23.7 eps=0.491 loss=0.5624
[ep  610] loot         static_B_2019.12.16_13.40.04.csv@1664  reward=  210.35 qoe= 100.0 qoe_q=   62.0 eps=0.491 loss=0.6493
[ep  611] redandblack  static_B_2020.02.27_18.39.27.csv@5219  reward=   84.32 qoe=   0.0 qoe_q=  -17.0 eps=0.490 loss=0.8082
[ep  612] soldier      static_B_2020.02.27_18.39.27.csv@3539  reward=  204.18 qoe= 100.0 qoe_q=   58.5 eps=0.489 loss=0.6760
[ep  613] longdress    static_B_2020.02.13_13.57.29.csv@2945  reward=  202.08 qoe=   3.9 qoe_q=   11.9 eps=0.488 loss=0.6818
[ep  614] loot         static_B_2020.02.27_18.39.27.csv@5459  reward=  213.44 qoe= 100.0 qoe_q=   62.0 eps=0.487 loss=0.5256
[ep  615] redandblack  static_B_2020.02.27_18.39.27.csv@2219  reward=  219.97 qoe= 100.0 qoe_q=   68.1 eps=0.486 loss=0.6142
[ep  616] soldier      static_B_2019.12.16_13.40.04.csv@584   reward=  194.98 qoe=  48.5 qoe_q=   46.3 eps=0.486 loss=0.5356
[ep  617] longdress    static_B_2020.02.13_13.57.29.csv@847   reward=  116.04 qoe=  26.6 qoe_q=    7.5 eps=0.485 loss=0.6119
[ep  618] loot         static_B_2020.01.16_10.43.34.csv@3093  reward=  223.61 qoe=  98.0 qoe_q=   67.3 eps=0.484 loss=0.6028
[ep  619] redandblack  static_B_2020.02.27_18.39.27.csv@599   reward=  223.33 qoe=  44.0 qoe_q=   67.8 eps=0.483 loss=0.6261
[ep  620] soldier      static_B_2020.02.27_18.39.27.csv@3839  reward=  204.55 qoe=  73.4 qoe_q=   55.2 eps=0.482 loss=0.5464
[ep  621] longdress    static_B_2020.02.13_13.57.29.csv@427   reward=  269.67 qoe=  82.0 qoe_q=   87.1 eps=0.481 loss=0.7062
[ep  622] loot         static_B_2020.02.27_18.39.27.csv@659   reward=  201.26 qoe=  67.9 qoe_q=   51.8 eps=0.481 loss=0.6648
[ep  623] redandblack  static_B_2020.01.16_10.43.34.csv@1233  reward=  198.58 qoe= 100.0 qoe_q=   58.5 eps=0.480 loss=0.5465
[ep  624] soldier      static_B_2020.02.13_13.57.29.csv@2887  reward=  116.36 qoe=   0.0 qoe_q=  -36.3 eps=0.479 loss=0.6582
[ep  625] longdress    static_B_2020.01.16_10.43.34.csv@1833  reward=  237.27 qoe=  44.0 qoe_q=   72.9 eps=0.478 loss=0.6516
[ep  626] loot         static_B_2019.12.16_13.40.04.csv@224   reward=  218.41 qoe=  57.5 qoe_q=   44.9 eps=0.477 loss=0.6093
[ep  627] redandblack  static_B_2020.02.27_18.39.27.csv@2879  reward=  215.52 qoe= 100.0 qoe_q=   64.1 eps=0.476 loss=0.5583
[ep  628] soldier      static_B_2019.12.16_13.40.04.csv@1784  reward=  199.50 qoe=   0.0 qoe_q=  -10.5 eps=0.476 loss=0.5300
[ep  629] longdress    static_B_2020.02.27_18.39.27.csv@4499  reward=  193.22 qoe=  58.1 qoe_q=   48.2 eps=0.475 loss=0.6174
[ep  630] loot         static_B_2020.01.16_10.43.34.csv@2493  reward=  241.65 qoe= 100.0 qoe_q=   74.9 eps=0.474 loss=0.6699
[ep  631] redandblack  static_B_2020.02.27_18.39.27.csv@5742  reward=  182.35 qoe=  66.9 qoe_q=   37.2 eps=0.473 loss=0.5968
[ep  632] soldier      static_B_2020.02.13_13.57.29.csv@1927  reward=  231.70 qoe= 100.0 qoe_q=   70.5 eps=0.472 loss=0.5162
[ep  633] longdress    static_B_2020.02.27_18.39.27.csv@3299  reward=  224.84 qoe= 100.0 qoe_q=   66.5 eps=0.471 loss=0.6523
[ep  634] loot         static_B_2020.02.27_18.39.27.csv@2639  reward=  214.71 qoe=  42.0 qoe_q=   26.8 eps=0.471 loss=0.7397
[ep  635] redandblack  static_B_2020.01.16_10.43.34.csv@1113  reward=  187.33 qoe=  53.5 qoe_q=   42.8 eps=0.470 loss=0.5933
[ep  636] soldier      static_B_2020.02.27_18.39.27.csv@5279  reward=  217.91 qoe= 100.0 qoe_q=   64.2 eps=0.469 loss=0.6625
[ep  637] longdress    static_B_2020.02.27_18.39.27.csv@1619  reward=  143.42 qoe=   0.0 qoe_q=  -31.6 eps=0.468 loss=0.6557
[ep  638] loot         static_B_2020.01.16_10.43.34.csv@2073  reward=  200.68 qoe=  62.3 qoe_q=   44.1 eps=0.467 loss=0.7380
[ep  639] redandblack  static_B_2020.02.13_13.57.29.csv@1987  reward=  214.14 qoe=  50.6 qoe_q=   37.5 eps=0.466 loss=0.6478
[ep  640] soldier      static_B_2019.12.16_13.40.04.csv@1004  reward=  165.30 qoe=  49.5 qoe_q=   14.1 eps=0.466 loss=0.5860
[ep  641] longdress    static_B_2019.12.16_13.40.04.csv@1064  reward=  175.66 qoe=  47.4 qoe_q=   38.9 eps=0.465 loss=0.6275
[ep  642] loot         static_B_2020.02.13_13.57.29.csv@1447  reward=  147.13 qoe=   0.0 qoe_q=  -26.9 eps=0.464 loss=0.8128
[ep  643] redandblack  static_B_2020.01.16_10.43.34.csv@3109  reward=  241.96 qoe= 100.0 qoe_q=   75.8 eps=0.463 loss=0.8387
[ep  644] soldier      static_B_2020.02.27_18.39.27.csv@5699  reward=  209.23 qoe=  81.5 qoe_q=   58.2 eps=0.462 loss=0.5741
[ep  645] longdress    static_B_2020.02.27_18.39.27.csv@1259  reward=  267.35 qoe= 100.0 qoe_q=   86.7 eps=0.461 loss=0.6872
[ep  646] loot         static_B_2020.02.27_18.39.27.csv@4979  reward=  219.05 qoe=  48.0 qoe_q=   64.7 eps=0.461 loss=0.6340
[ep  647] redandblack  static_B_2019.12.16_13.40.04.csv@1364  reward=  107.21 qoe=   0.0 qoe_q= -212.5 eps=0.460 loss=0.7503
[ep  648] soldier      static_B_2020.02.13_13.57.29.csv@2707  reward=  204.55 qoe=  75.9 qoe_q=   55.2 eps=0.459 loss=0.8219
[ep  649] longdress    static_B_2020.02.13_13.57.29.csv@307   reward=  231.26 qoe= 100.0 qoe_q=   70.0 eps=0.458 loss=0.6592
[ep  650] loot         static_B_2020.02.13_13.57.29.csv@1087  reward=  161.24 qoe=   0.0 qoe_q=    9.1 eps=0.457 loss=0.7781
[ep  651] redandblack  static_B_2020.01.16_10.43.34.csv@873   reward=  106.74 qoe=   0.0 qoe_q=   -3.9 eps=0.456 loss=0.6501
[ep  652] soldier      static_B_2020.02.13_13.57.29.csv@727   reward=  152.85 qoe=   8.8 qoe_q=   15.7 eps=0.456 loss=0.7715
[ep  653] longdress    static_B_2020.02.27_18.39.27.csv@5639  reward=  194.09 qoe=   0.0 qoe_q=    1.2 eps=0.455 loss=0.6867
[ep  654] loot         static_B_2019.12.16_13.40.04.csv@884   reward=  221.68 qoe= 100.0 qoe_q=   67.9 eps=0.454 loss=0.6833
[ep  655] redandblack  static_B_2020.02.13_13.57.29.csv@907   reward=  183.18 qoe=  40.3 qoe_q=   40.3 eps=0.453 loss=0.7298
[ep  656] soldier      static_B_2020.01.16_10.43.34.csv@2133  reward=  172.74 qoe=  27.7 qoe_q=   33.6 eps=0.452 loss=0.7139
[ep  657] longdress    static_B_2020.02.27_18.39.27.csv@5742  reward=  206.75 qoe=  63.2 qoe_q=   44.8 eps=0.451 loss=0.6767
[ep  658] loot         static_B_2020.02.13_13.57.29.csv@2227  reward=  229.47 qoe=  75.9 qoe_q=   61.9 eps=0.451 loss=0.8276
[ep  659] redandblack  static_B_2020.02.27_18.39.27.csv@2279  reward=  195.50 qoe=  86.3 qoe_q=   57.3 eps=0.450 loss=0.6662
[ep  660] soldier      static_B_2020.02.27_18.39.27.csv@2759  reward=  223.46 qoe=  62.0 qoe_q=   66.5 eps=0.449 loss=0.7339
[ep  661] longdress    static_B_2020.02.27_18.39.27.csv@359   reward=  217.37 qoe=   0.0 qoe_q=    5.4 eps=0.448 loss=0.6115
[ep  662] loot         static_B_2020.02.27_18.39.27.csv@2819  reward=  225.35 qoe=  52.0 qoe_q=   67.9 eps=0.447 loss=0.7049
[ep  663] redandblack  static_B_2020.02.27_18.39.27.csv@4739  reward=  226.67 qoe=  22.0 qoe_q=   68.9 eps=0.446 loss=0.6849
[ep  664] soldier      static_B_2020.02.27_18.39.27.csv@4439  reward=  196.99 qoe=  56.7 qoe_q=   45.0 eps=0.446 loss=0.6693
[ep  665] longdress    static_B_2020.02.13_13.57.29.csv@2347  reward=  162.71 qoe=  36.2 qoe_q=   30.7 eps=0.445 loss=0.6800
[ep  666] loot         static_B_2020.02.27_18.39.27.csv@4379  reward=  202.57 qoe=  64.7 qoe_q=   46.4 eps=0.444 loss=0.6487
[ep  667] redandblack  static_B_2020.02.27_18.39.27.csv@3419  reward=  224.63 qoe=  22.0 qoe_q=   68.6 eps=0.443 loss=0.6866
[ep  668] soldier      static_B_2020.02.13_13.57.29.csv@1207  reward=  185.42 qoe=  79.8 qoe_q=   46.1 eps=0.442 loss=0.6740
[ep  669] longdress    static_B_2019.12.16_13.40.04.csv@1724  reward=  221.46 qoe= 100.0 qoe_q=   67.1 eps=0.441 loss=0.6962
[ep  670] loot         static_B_2020.02.13_13.57.29.csv@1147  reward=  159.26 qoe=   0.0 qoe_q=   20.9 eps=0.441 loss=0.6729
[ep  671] redandblack  static_B_2020.02.27_18.39.27.csv@4799  reward=  264.24 qoe=  46.0 qoe_q=   84.9 eps=0.440 loss=0.6338
[ep  672] soldier      static_B_2020.02.27_18.39.27.csv@4919  reward=  209.36 qoe=  58.7 qoe_q=   38.6 eps=0.439 loss=0.7027
[ep  673] longdress    static_B_2020.02.27_18.39.27.csv@4859  reward=  214.61 qoe=  65.8 qoe_q=   49.9 eps=0.438 loss=0.7612
[ep  674] loot         static_B_2020.01.16_10.43.34.csv@2613  reward=  260.67 qoe=  52.0 qoe_q=   83.7 eps=0.437 loss=0.6784
[ep  675] redandblack  static_B_2020.02.27_18.39.27.csv@3059  reward=  205.08 qoe=  64.3 qoe_q=   55.0 eps=0.436 loss=0.6606
[ep  676] soldier      static_B_2019.12.16_13.40.04.csv@524   reward=  220.45 qoe=  82.1 qoe_q=   67.0 eps=0.435 loss=0.5818
[ep  677] longdress    static_B_2020.02.27_18.39.27.csv@1139  reward=  139.50 qoe=   0.0 qoe_q=  -16.2 eps=0.435 loss=0.7395
[ep  678] loot         static_B_2020.02.13_13.57.29.csv@1567  reward=  223.21 qoe= 100.0 qoe_q=   66.2 eps=0.434 loss=0.8223
[ep  679] redandblack  static_B_2020.01.16_10.43.34.csv@1053  reward=  139.85 qoe=   0.0 qoe_q=   22.5 eps=0.433 loss=0.6749
[ep  680] soldier      static_B_2020.01.16_10.43.34.csv@33    reward=  122.27 qoe=   0.0 qoe_q=    2.1 eps=0.432 loss=0.6327
[ep  681] longdress    static_B_2020.02.27_18.39.27.csv@4139  reward=  239.55 qoe= 100.0 qoe_q=   73.8 eps=0.431 loss=0.5674
[ep  682] loot         static_B_2020.02.13_13.57.29.csv@367   reward=  203.20 qoe=  32.0 qoe_q=   31.2 eps=0.430 loss=0.6810
[ep  683] redandblack  static_B_2020.01.16_10.43.34.csv@1293  reward=  234.81 qoe= 100.0 qoe_q=   72.0 eps=0.430 loss=0.7031
[ep  684] soldier      static_B_2020.02.27_18.39.27.csv@239   reward=  218.90 qoe= 100.0 qoe_q=   65.9 eps=0.429 loss=0.7122
[ep  685] longdress    static_B_2020.01.16_10.43.34.csv@933   reward=  252.31 qoe= 100.0 qoe_q=   77.5 eps=0.428 loss=0.7744
[ep  686] loot         static_B_2020.02.13_13.57.29.csv@7     reward=  231.39 qoe=  48.8 qoe_q=   57.1 eps=0.427 loss=0.6696
[ep  687] redandblack  static_B_2020.01.16_10.43.34.csv@1893  reward=  248.86 qoe=  32.0 qoe_q=   79.1 eps=0.426 loss=0.6755
[ep  688] soldier      static_B_2019.12.16_13.40.04.csv@104   reward=  252.41 qoe= 100.0 qoe_q=   79.2 eps=0.425 loss=0.6854
[ep  689] longdress    static_B_2020.02.27_18.39.27.csv@1979  reward=  218.12 qoe=  58.0 qoe_q=   65.3 eps=0.425 loss=0.6451
[ep  690] loot         static_B_2020.02.27_18.39.27.csv@1199  reward=  228.56 qoe=  42.0 qoe_q=   69.6 eps=0.424 loss=0.6740
[ep  691] redandblack  static_B_2020.02.27_18.39.27.csv@1559  reward=  208.29 qoe=  80.4 qoe_q=   50.6 eps=0.423 loss=0.6844
[ep  692] soldier      static_B_2019.12.16_13.40.04.csv@704   reward=  225.17 qoe=  68.3 qoe_q=   67.4 eps=0.422 loss=0.8181
[ep  693] longdress    static_B_2020.01.16_10.43.34.csv@2553  reward=  253.79 qoe=  92.0 qoe_q=   81.1 eps=0.421 loss=0.6936
[ep  694] loot         static_B_2020.02.27_18.39.27.csv@959   reward=  211.13 qoe= 100.0 qoe_q=   62.1 eps=0.420 loss=0.6649
[ep  695] redandblack  static_B_2020.02.27_18.39.27.csv@4559  reward=  205.02 qoe=  82.6 qoe_q=   57.5 eps=0.420 loss=0.5917
[ep  696] soldier      static_B_2020.02.27_18.39.27.csv@3179  reward=  217.70 qoe=  60.9 qoe_q=   60.7 eps=0.419 loss=0.6352
[ep  697] longdress    static_B_2019.12.16_13.40.04.csv@764   reward=  234.70 qoe=  96.0 qoe_q=   72.7 eps=0.418 loss=0.7105
[ep  698] loot         static_B_2019.12.16_13.40.04.csv@1124  reward=  122.61 qoe=   0.0 qoe_q= -456.4 eps=0.417 loss=0.6535
[ep  699] redandblack  static_B_2020.01.16_10.43.34.csv@2433  reward=  181.32 qoe=   0.0 qoe_q=  -25.5 eps=0.416 loss=0.7286
[ep  700] soldier      static_B_2020.02.27_18.39.27.csv@3599  reward=  254.53 qoe=  86.0 qoe_q=   79.5 eps=0.415 loss=0.6753
    [eval @ ep 700] reward=174.89 qoe=1.1 qoe_q=36.9 mean_q=0.856 stall=9.8s
[ep  701] longdress    static_B_2020.01.16_10.43.34.csv@453   reward=  131.25 qoe=   0.0 qoe_q=    8.5 eps=0.415 loss=0.6627
[ep  702] loot         static_B_2020.02.27_18.39.27.csv@2039  reward=  246.18 qoe=  74.0 qoe_q=   75.7 eps=0.414 loss=0.7836
[ep  703] redandblack  static_B_2020.01.16_10.43.34.csv@153   reward=  195.20 qoe=  54.8 qoe_q=   35.8 eps=0.413 loss=0.7045
[ep  704] soldier      static_B_2020.01.16_10.43.34.csv@2973  reward=  157.86 qoe=   0.0 qoe_q=    0.2 eps=0.412 loss=0.6207
[ep  705] longdress    static_B_2020.02.13_13.57.29.csv@2287  reward=  227.99 qoe= 100.0 qoe_q=   66.4 eps=0.411 loss=0.7333
[ep  706] loot         static_B_2020.02.13_13.57.29.csv@2945  reward=  191.70 qoe=  70.5 qoe_q=   45.9 eps=0.410 loss=0.6715
[ep  707] redandblack  static_B_2019.12.16_13.40.04.csv@404   reward=  172.01 qoe=  16.7 qoe_q=   19.4 eps=0.410 loss=0.8011
[ep  708] soldier      static_B_2020.02.27_18.39.27.csv@1319  reward=  234.51 qoe=  86.0 qoe_q=   72.2 eps=0.409 loss=0.7289
[ep  709] longdress    static_B_2020.01.16_10.43.34.csv@993   reward=  173.36 qoe=  60.5 qoe_q=   42.7 eps=0.408 loss=0.6046
[ep  710] loot         static_B_2020.01.16_10.43.34.csv@1473  reward=  186.12 qoe=  23.0 qoe_q=   29.8 eps=0.407 loss=0.7215
[ep  711] redandblack  static_B_2020.02.27_18.39.27.csv@5742  reward=  241.46 qoe=  60.0 qoe_q=   74.8 eps=0.406 loss=0.6534
[ep  712] soldier      static_B_2020.02.13_13.57.29.csv@832   reward=  212.68 qoe=  70.9 qoe_q=   50.5 eps=0.405 loss=0.7067
[ep  713] longdress    static_B_2020.02.13_13.57.29.csv@1252  reward=  223.65 qoe= 100.0 qoe_q=   68.3 eps=0.405 loss=0.9457
[ep  714] loot         static_B_2020.02.27_18.39.27.csv@5517  reward=  221.47 qoe=  20.0 qoe_q=   65.4 eps=0.404 loss=0.9036
[ep  715] redandblack  static_B_2020.02.13_13.57.29.csv@1672  reward=  179.39 qoe=  44.3 qoe_q=   42.1 eps=0.403 loss=0.7024
[ep  716] soldier      static_B_2020.01.16_10.43.34.csv@2380  reward=  230.88 qoe=  74.0 qoe_q=   69.4 eps=0.402 loss=0.9345
[ep  717] longdress    static_B_2019.12.16_13.40.04.csv@1343  reward=  199.23 qoe=  54.1 qoe_q=   44.2 eps=0.401 loss=0.7290
[ep  718] loot         static_B_2020.02.13_13.57.29.csv@1132  reward=  156.56 qoe=   0.0 qoe_q=    5.9 eps=0.400 loss=0.8066
[ep  719] redandblack  static_B_2019.12.16_13.40.04.csv@1043  reward=  241.31 qoe=  75.2 qoe_q=   69.3 eps=0.400 loss=0.8555
[ep  720] soldier      static_B_2019.12.16_13.40.04.csv@1883  reward=  241.18 qoe=  74.0 qoe_q=   74.2 eps=0.399 loss=0.7673
[ep  721] longdress    static_B_2019.12.16_13.40.04.csv@1583  reward=  227.42 qoe=  85.7 qoe_q=   67.3 eps=0.398 loss=0.7768
[ep  722] loot         static_B_2019.12.16_13.40.04.csv@383   reward=  230.25 qoe= 100.0 qoe_q=   71.0 eps=0.397 loss=0.6837
[ep  723] redandblack  static_B_2020.01.16_10.43.34.csv@1060  reward=  173.09 qoe=  29.3 qoe_q=   40.7 eps=0.396 loss=0.7442
[ep  724] soldier      static_B_2020.02.27_18.39.27.csv@5037  reward=  127.95 qoe=   5.5 qoe_q=   12.2 eps=0.395 loss=0.6720
[ep  725] longdress    static_B_2020.02.27_18.39.27.csv@777   reward=  224.26 qoe=  68.3 qoe_q=   56.7 eps=0.395 loss=0.7392
[ep  726] loot         static_B_2019.12.16_13.40.04.csv@263   reward=  149.09 qoe=   0.0 qoe_q=    4.4 eps=0.394 loss=0.7588
[ep  727] redandblack  static_B_2020.02.27_18.39.27.csv@2457  reward=  217.92 qoe=  44.0 qoe_q=   65.9 eps=0.393 loss=0.7711
[ep  728] soldier      static_B_2019.12.16_13.40.04.csv@503   reward=  247.43 qoe=  74.9 qoe_q=   73.1 eps=0.392 loss=0.7815
[ep  729] longdress    static_B_2020.02.13_13.57.29.csv@2332  reward=  175.66 qoe=  21.9 qoe_q=   34.7 eps=0.391 loss=0.7835
[ep  730] loot         static_B_2019.12.16_13.40.04.csv@203   reward=  260.92 qoe= 100.0 qoe_q=   83.6 eps=0.390 loss=0.8273
[ep  731] redandblack  static_B_2020.02.13_13.57.29.csv@892   reward=  127.44 qoe=   0.0 qoe_q=    2.0 eps=0.390 loss=0.7053
[ep  732] soldier      static_B_2020.02.27_18.39.27.csv@2937  reward=  177.91 qoe=  74.4 qoe_q=   40.2 eps=0.389 loss=0.8358
[ep  733] longdress    static_B_2019.12.16_13.40.04.csv@863   reward=  226.58 qoe=  54.8 qoe_q=   43.3 eps=0.388 loss=0.9005
[ep  734] loot         static_B_2020.02.13_13.57.29.csv@2945  reward=  215.06 qoe=  67.7 qoe_q=   54.2 eps=0.387 loss=0.8190
[ep  735] redandblack  static_B_2020.02.27_18.39.27.csv@5637  reward=  239.88 qoe=  72.0 qoe_q=   74.6 eps=0.386 loss=0.7042
[ep  736] soldier      static_B_2020.02.27_18.39.27.csv@1317  reward=  233.23 qoe=  63.5 qoe_q=   56.4 eps=0.385 loss=0.8144
[ep  737] longdress    static_B_2020.02.27_18.39.27.csv@3777  reward=  177.08 qoe=  17.8 qoe_q=   34.4 eps=0.385 loss=0.7398
[ep  738] loot         static_B_2019.12.16_13.40.04.csv@1403  reward=  237.28 qoe= 100.0 qoe_q=   68.4 eps=0.384 loss=0.7440
[ep  739] redandblack  static_B_2020.01.16_10.43.34.csv@40    reward=  161.47 qoe=  10.5 qoe_q=   29.0 eps=0.383 loss=0.8640
[ep  740] soldier      static_B_2020.02.27_18.39.27.csv@1677  reward=  197.87 qoe=  55.6 qoe_q=   45.8 eps=0.382 loss=0.8088
[ep  741] longdress    static_B_2019.12.16_13.40.04.csv@323   reward=  121.08 qoe=   0.0 qoe_q=  -35.9 eps=0.381 loss=0.8780
[ep  742] loot         static_B_2020.01.16_10.43.34.csv@2800  reward=  212.29 qoe=  83.2 qoe_q=   62.6 eps=0.380 loss=0.8923
[ep  743] redandblack  static_B_2019.12.16_13.40.04.csv@1223  reward=  206.99 qoe=  41.5 qoe_q=   41.1 eps=0.380 loss=0.7934
[ep  744] soldier      static_B_2020.02.27_18.39.27.csv@2037  reward=  248.70 qoe= 100.0 qoe_q=   77.6 eps=0.379 loss=0.7000
[ep  745] longdress    static_B_2020.01.16_10.43.34.csv@520   reward=  229.88 qoe=  84.9 qoe_q=   68.5 eps=0.378 loss=0.7190
[ep  746] loot         static_B_2020.01.16_10.43.34.csv@1000  reward=  234.68 qoe= 100.0 qoe_q=   70.3 eps=0.377 loss=0.7049
[ep  747] redandblack  static_B_2020.02.27_18.39.27.csv@1437  reward=  213.42 qoe=  72.4 qoe_q=   55.1 eps=0.376 loss=0.8046
[ep  748] soldier      static_B_2020.02.27_18.39.27.csv@537   reward=  203.88 qoe=   0.0 qoe_q= -320.4 eps=0.375 loss=0.7601
[ep  749] longdress    static_B_2020.02.13_13.57.29.csv@1732  reward=  185.22 qoe=   0.0 qoe_q=   -1.7 eps=0.375 loss=0.7763
[ep  750] loot         static_B_2019.12.16_13.40.04.csv@1103  reward=  105.96 qoe=   0.0 qoe_q= -568.3 eps=0.374 loss=0.8545
[ep  751] redandblack  static_B_2020.02.13_13.57.29.csv@2392  reward=  239.22 qoe=  86.8 qoe_q=   71.4 eps=0.373 loss=0.7104
[ep  752] soldier      static_B_2019.12.16_13.40.04.csv@983   reward=  212.62 qoe=  57.4 qoe_q=   43.6 eps=0.372 loss=0.6913
[ep  753] longdress    static_B_2020.02.27_18.39.27.csv@1077  reward=  103.10 qoe=   0.0 qoe_q=  -34.8 eps=0.371 loss=0.7473
[ep  754] loot         static_B_2020.02.27_18.39.27.csv@2337  reward=   44.01 qoe=   0.0 qoe_q= -373.3 eps=0.370 loss=0.7065
[ep  755] redandblack  static_B_2020.02.13_13.57.29.csv@1432  reward=  202.24 qoe=  58.1 qoe_q=   39.3 eps=0.370 loss=0.6764
[ep  756] soldier      static_B_2020.01.16_10.43.34.csv@1360  reward=  209.35 qoe=  55.2 qoe_q=   36.8 eps=0.369 loss=0.7348
[ep  757] longdress    static_B_2019.12.16_13.40.04.csv@83    reward=  255.91 qoe=  86.2 qoe_q=   80.6 eps=0.368 loss=0.7707
[ep  758] loot         static_B_2020.02.13_13.57.29.csv@1912  reward=  214.52 qoe=  72.7 qoe_q=   55.9 eps=0.367 loss=0.7890
[ep  759] redandblack  static_B_2020.01.16_10.43.34.csv@1600  reward=  241.85 qoe=  42.0 qoe_q=   75.3 eps=0.366 loss=0.7377
[ep  760] soldier      static_B_2019.12.16_13.40.04.csv@743   reward=  202.83 qoe=   7.7 qoe_q=   12.8 eps=0.365 loss=0.7788
[ep  761] longdress    static_B_2020.02.27_18.39.27.csv@4557  reward=  199.46 qoe=  80.6 qoe_q=   52.2 eps=0.365 loss=0.6986
[ep  762] loot         static_B_2020.02.13_13.57.29.csv@1192  reward=  233.33 qoe=  64.0 qoe_q=   69.6 eps=0.364 loss=0.8177
[ep  763] redandblack  static_B_2020.02.27_18.39.27.csv@1737  reward=  215.74 qoe=  57.0 qoe_q=   37.5 eps=0.363 loss=0.7605
[ep  764] soldier      static_B_2020.02.27_18.39.27.csv@4917  reward=  228.96 qoe=  60.4 qoe_q=   46.9 eps=0.362 loss=0.8304
[ep  765] longdress    static_B_2020.02.13_13.57.29.csv@2452  reward=  212.09 qoe=   0.0 qoe_q=    8.2 eps=0.361 loss=0.8270
[ep  766] loot         static_B_2019.12.16_13.40.04.csv@1283  reward=  212.62 qoe=  60.3 qoe_q=   47.3 eps=0.360 loss=0.7052
[ep  767] redandblack  static_B_2020.01.16_10.43.34.csv@460   reward=  151.37 qoe=   0.0 qoe_q=   16.9 eps=0.359 loss=0.8613
[ep  768] soldier      static_B_2020.02.27_18.39.27.csv@2277  reward=  203.51 qoe=  67.5 qoe_q=   52.7 eps=0.359 loss=0.7606
[ep  769] longdress    static_B_2020.01.16_10.43.34.csv@1240  reward=  218.90 qoe= 100.0 qoe_q=   64.6 eps=0.358 loss=0.7682
[ep  770] loot         static_B_2020.02.27_18.39.27.csv@4257  reward=  252.81 qoe= 100.0 qoe_q=   80.4 eps=0.357 loss=0.7015
[ep  771] redandblack  static_B_2020.01.16_10.43.34.csv@2560  reward=  241.53 qoe= 100.0 qoe_q=   73.2 eps=0.356 loss=0.8435
[ep  772] soldier      static_B_2020.01.16_10.43.34.csv@3109  reward=  266.08 qoe= 100.0 qoe_q=   84.8 eps=0.355 loss=0.7163
[ep  773] longdress    static_B_2020.02.27_18.39.27.csv@2997  reward=  217.13 qoe=  67.9 qoe_q=   53.7 eps=0.354 loss=0.7413
[ep  774] loot         static_B_2020.02.27_18.39.27.csv@2217  reward=  215.63 qoe=  60.7 qoe_q=   46.4 eps=0.354 loss=0.7589
[ep  775] redandblack  static_B_2020.01.16_10.43.34.csv@2620  reward=  228.84 qoe=  83.4 qoe_q=   68.8 eps=0.353 loss=0.7859
[ep  776] soldier      static_B_2020.01.16_10.43.34.csv@160   reward=  204.15 qoe=   0.0 qoe_q=  -13.1 eps=0.352 loss=0.9476
[ep  777] longdress    static_B_2020.02.27_18.39.27.csv@3897  reward=  264.84 qoe= 100.0 qoe_q=   84.2 eps=0.351 loss=0.6966
[ep  778] loot         static_B_2020.01.16_10.43.34.csv@2020  reward=  175.14 qoe=   0.0 qoe_q=  -33.2 eps=0.350 loss=0.8502
[ep  779] redandblack  static_B_2020.02.27_18.39.27.csv@957   reward=  255.88 qoe= 100.0 qoe_q=   82.3 eps=0.349 loss=0.7278
[ep  780] soldier      static_B_2020.01.16_10.43.34.csv@2740  reward=  212.51 qoe=   4.9 qoe_q=   19.6 eps=0.349 loss=0.8050
[ep  781] longdress    static_B_2020.02.27_18.39.27.csv@417   reward=  229.10 qoe=  81.3 qoe_q=   66.6 eps=0.348 loss=0.8548
[ep  782] loot         static_B_2020.02.13_13.57.29.csv@172   reward=  248.59 qoe=   2.0 qoe_q=   78.3 eps=0.347 loss=0.7244
[ep  783] redandblack  static_B_2019.12.16_13.40.04.csv@1904  reward=  236.30 qoe=   6.0 qoe_q=   72.5 eps=0.346 loss=0.7418
[ep  784] soldier      static_B_2020.02.13_13.57.29.csv@2092  reward=  255.79 qoe=  58.0 qoe_q=   80.3 eps=0.345 loss=0.7876
[ep  785] longdress    static_B_2020.01.16_10.43.34.csv@2680  reward=  206.84 qoe=  55.3 qoe_q=   52.8 eps=0.344 loss=0.6546
[ep  786] loot         static_B_2019.12.16_13.40.04.csv@1904  reward=  248.54 qoe=   0.0 qoe_q=   77.3 eps=0.344 loss=0.6540
[ep  787] redandblack  static_B_2020.02.13_13.57.29.csv@2032  reward=  248.73 qoe= 100.0 qoe_q=   77.2 eps=0.343 loss=0.7582
[ep  788] soldier      static_B_2020.02.27_18.39.27.csv@657   reward=  188.75 qoe=  39.1 qoe_q=   44.1 eps=0.342 loss=0.7681
[ep  789] longdress    static_B_2020.02.27_18.39.27.csv@5397  reward=  257.11 qoe= 100.0 qoe_q=   80.9 eps=0.341 loss=0.7740
[ep  790] loot         static_B_2019.12.16_13.40.04.csv@443   reward=  208.97 qoe=  78.6 qoe_q=   54.4 eps=0.340 loss=0.8363
[ep  791] redandblack  static_B_2020.02.13_13.57.29.csv@772   reward=  189.13 qoe=  36.0 qoe_q=   43.9 eps=0.339 loss=0.8261
[ep  792] soldier      static_B_2020.01.16_10.43.34.csv@1660  reward=  204.34 qoe=   0.0 qoe_q=   21.5 eps=0.339 loss=0.9468
[ep  793] longdress    static_B_2020.02.27_18.39.27.csv@4017  reward=  133.21 qoe=   0.0 qoe_q=   13.8 eps=0.338 loss=0.8636
[ep  794] loot         static_B_2020.02.27_18.39.27.csv@5742  reward=  200.08 qoe=  67.2 qoe_q=   46.1 eps=0.337 loss=0.8712
[ep  795] redandblack  static_B_2020.02.27_18.39.27.csv@4677  reward=  171.77 qoe=   0.0 qoe_q= -164.8 eps=0.336 loss=0.8185
[ep  796] soldier      static_B_2020.02.27_18.39.27.csv@1137  reward=  139.27 qoe=   0.0 qoe_q=   -7.8 eps=0.335 loss=0.7785
[ep  797] longdress    static_B_2020.02.13_13.57.29.csv@1852  reward=  143.20 qoe=   0.0 qoe_q=  -19.6 eps=0.334 loss=0.8791
[ep  798] loot         static_B_2020.02.27_18.39.27.csv@3417  reward=  228.06 qoe=  80.6 qoe_q=   68.6 eps=0.334 loss=0.7830
[ep  799] redandblack  static_B_2020.02.27_18.39.27.csv@4497  reward=  222.81 qoe=  67.6 qoe_q=   61.3 eps=0.333 loss=0.8228
[ep  800] soldier      static_B_2020.02.27_18.39.27.csv@3117  reward=  127.50 qoe=   0.0 qoe_q=  -55.9 eps=0.332 loss=0.8768
    [eval @ ep 800] reward=186.84 qoe=7.5 qoe_q=38.3 mean_q=0.854 stall=9.2s
[ep  801] longdress    static_B_2020.02.13_13.57.29.csv@412   reward=  224.46 qoe=  55.0 qoe_q=   45.1 eps=0.331 loss=0.8321
[ep  802] loot         static_B_2020.02.13_13.57.29.csv@52    reward=  182.13 qoe=  17.7 qoe_q=   32.1 eps=0.330 loss=0.7754
[ep  803] redandblack  static_B_2020.02.27_18.39.27.csv@3837  reward=  216.93 qoe=  61.0 qoe_q=   60.8 eps=0.329 loss=0.7903
[ep  804] soldier      static_B_2019.12.16_13.40.04.csv@923   reward=  150.37 qoe=   0.0 qoe_q=    4.6 eps=0.329 loss=0.8306
[ep  805] longdress    static_B_2020.01.16_10.43.34.csv@820   reward=  214.83 qoe=  64.1 qoe_q=   49.6 eps=0.328 loss=0.7632
[ep  806] loot         static_B_2020.02.27_18.39.27.csv@5337  reward=  238.60 qoe=  62.0 qoe_q=   73.9 eps=0.327 loss=0.7673
[ep  807] redandblack  static_B_2020.02.27_18.39.27.csv@3537  reward=  245.67 qoe=  73.4 qoe_q=   71.9 eps=0.326 loss=0.8321
[ep  808] soldier      static_B_2020.02.13_13.57.29.csv@1492  reward=  148.75 qoe=  32.0 qoe_q=   32.4 eps=0.325 loss=1.0219
[ep  809] longdress    static_B_2020.01.16_10.43.34.csv@2260  reward=  206.11 qoe=  78.1 qoe_q=   54.4 eps=0.324 loss=0.8070
[ep  810] loot         static_B_2020.02.27_18.39.27.csv@4977  reward=  255.57 qoe=  64.0 qoe_q=   81.3 eps=0.324 loss=0.7820
[ep  811] redandblack  static_B_2020.02.13_13.57.29.csv@2752  reward=  148.05 qoe=   0.0 qoe_q=   17.2 eps=0.323 loss=0.8196
[ep  812] soldier      static_B_2020.02.13_13.57.29.csv@1372  reward=  225.16 qoe=  61.4 qoe_q=   58.3 eps=0.322 loss=0.8962
[ep  813] longdress    static_B_2020.01.16_10.43.34.csv@3100  reward=  258.36 qoe=  94.0 qoe_q=   81.8 eps=0.321 loss=0.8883
[ep  814] loot         static_B_2020.01.16_10.43.34.csv@2860  reward=  119.89 qoe=   0.0 qoe_q=  -16.7 eps=0.320 loss=0.7928
[ep  815] redandblack  static_B_2020.02.27_18.39.27.csv@3177  reward=  217.77 qoe=   0.0 qoe_q= -188.2 eps=0.319 loss=0.8424
[ep  816] soldier      static_B_2019.12.16_13.40.04.csv@1643  reward=  234.32 qoe=  81.2 qoe_q=   66.3 eps=0.319 loss=0.8640
[ep  817] longdress    static_B_2019.12.16_13.40.04.csv@683   reward=  242.18 qoe= 100.0 qoe_q=   74.6 eps=0.318 loss=0.8220
[ep  818] loot         static_B_2020.02.13_13.57.29.csv@2692  reward=  260.53 qoe= 100.0 qoe_q=   82.8 eps=0.317 loss=0.8674
[ep  819] redandblack  static_B_2020.02.27_18.39.27.csv@717   reward=  165.49 qoe=   0.0 qoe_q=  -56.1 eps=0.316 loss=0.8451
[ep  820] soldier      static_B_2020.02.27_18.39.27.csv@2637  reward=  209.19 qoe=   0.0 qoe_q=   -5.6 eps=0.315 loss=0.7916
[ep  821] longdress    static_B_2020.02.13_13.57.29.csv@1312  reward=  113.31 qoe=   0.0 qoe_q=   -5.1 eps=0.314 loss=0.8795
[ep  822] loot         static_B_2020.02.27_18.39.27.csv@2157  reward=  260.53 qoe= 100.0 qoe_q=   82.2 eps=0.314 loss=0.6961
[ep  823] redandblack  static_B_2020.01.16_10.43.34.csv@280   reward=  217.25 qoe=  67.7 qoe_q=   52.8 eps=0.313 loss=0.8598
[ep  824] soldier      static_B_2020.02.13_13.57.29.csv@2572  reward=  237.77 qoe=  71.7 qoe_q=   65.2 eps=0.312 loss=0.8399
[ep  825] longdress    static_B_2020.02.13_13.57.29.csv@1552  reward=  202.77 qoe=  69.7 qoe_q=   55.8 eps=0.311 loss=0.7973
[ep  826] loot         static_B_2020.02.27_18.39.27.csv@5097  reward=  255.92 qoe= 100.0 qoe_q=   81.1 eps=0.310 loss=0.8880
[ep  827] redandblack  static_B_2020.02.27_18.39.27.csv@1617  reward=  153.98 qoe=   0.0 qoe_q=  -31.8 eps=0.309 loss=0.8650
[ep  828] soldier      static_B_2020.02.27_18.39.27.csv@1377  reward=  207.17 qoe=  68.2 qoe_q=   48.8 eps=0.309 loss=0.7999
[ep  829] longdress    static_B_2020.02.13_13.57.29.csv@652   reward=  156.00 qoe=   0.0 qoe_q=   -5.2 eps=0.308 loss=0.7817
[ep  830] loot         static_B_2020.02.27_18.39.27.csv@5742  reward=  205.41 qoe=  68.9 qoe_q=   49.0 eps=0.307 loss=0.8476
[ep  831] redandblack  static_B_2019.12.16_13.40.04.csv@143   reward=  206.44 qoe=  39.3 qoe_q=   52.0 eps=0.306 loss=0.8452
[ep  832] soldier      static_B_2020.02.27_18.39.27.csv@57    reward=  255.75 qoe= 100.0 qoe_q=   79.8 eps=0.305 loss=0.6999
[ep  833] longdress    static_B_2020.01.16_10.43.34.csv@880   reward=  148.03 qoe=   0.0 qoe_q=    4.2 eps=0.304 loss=0.8594
[ep  834] loot         static_B_2020.02.13_13.57.29.csv@2512  reward=  252.30 qoe=   8.0 qoe_q=   78.9 eps=0.304 loss=0.7517
[ep  835] redandblack  static_B_2020.02.13_13.57.29.csv@2212  reward=  177.22 qoe=   6.7 qoe_q=   16.0 eps=0.303 loss=0.6999
[ep  836] soldier      static_B_2020.02.27_18.39.27.csv@2517  reward=  251.75 qoe= 100.0 qoe_q=   80.6 eps=0.302 loss=0.7311
[ep  837] longdress    static_B_2020.02.13_13.57.29.csv@2812  reward=  178.96 qoe=   0.0 qoe_q=   -6.7 eps=0.301 loss=0.8478
[ep  838] loot         static_B_2019.12.16_13.40.04.csv@1523  reward=  183.02 qoe=  18.0 qoe_q=    5.1 eps=0.300 loss=0.9089
[ep  839] redandblack  static_B_2020.01.16_10.43.34.csv@1300  reward=  263.03 qoe= 100.0 qoe_q=   82.3 eps=0.299 loss=0.8910
[ep  840] soldier      static_B_2020.01.16_10.43.34.csv@2140  reward=  242.14 qoe= 100.0 qoe_q=   72.3 eps=0.299 loss=0.8063
[ep  841] longdress    static_B_2020.02.27_18.39.27.csv@297   reward=  148.18 qoe=   0.0 qoe_q=   19.0 eps=0.298 loss=0.7995
[ep  842] loot         static_B_2020.02.27_18.39.27.csv@237   reward=  223.44 qoe= 100.0 qoe_q=   66.2 eps=0.297 loss=1.0542
[ep  843] redandblack  static_B_2020.02.27_18.39.27.csv@897   reward=  193.48 qoe=  52.4 qoe_q=   50.6 eps=0.296 loss=0.7821
[ep  844] soldier      static_B_2020.02.27_18.39.27.csv@2577  reward=  213.79 qoe=  32.5 qoe_q=   30.3 eps=0.295 loss=0.8540
[ep  845] longdress    static_B_2020.02.27_18.39.27.csv@5277  reward=  274.93 qoe= 100.0 qoe_q=   89.2 eps=0.294 loss=0.8191
[ep  846] loot         static_B_2020.02.27_18.39.27.csv@3597  reward=  258.89 qoe= 100.0 qoe_q=   82.0 eps=0.294 loss=0.8034
[ep  847] redandblack  static_B_2020.02.27_18.39.27.csv@1557  reward=  249.58 qoe=  89.9 qoe_q=   74.5 eps=0.293 loss=0.6756
[ep  848] soldier      static_B_2020.01.16_10.43.34.csv@760   reward=  145.76 qoe=   0.0 qoe_q=   15.7 eps=0.292 loss=0.8285
[ep  849] longdress    static_B_2020.02.27_18.39.27.csv@3297  reward=  258.90 qoe= 100.0 qoe_q=   82.3 eps=0.291 loss=0.8144
[ep  850] loot         static_B_2019.12.16_13.40.04.csv@1763  reward=  248.57 qoe= 100.0 qoe_q=   78.2 eps=0.290 loss=0.9175
[ep  851] redandblack  static_B_2020.02.27_18.39.27.csv@4437  reward=  197.96 qoe=  57.4 qoe_q=   48.9 eps=0.289 loss=0.9008
[ep  852] soldier      static_B_2020.02.13_13.57.29.csv@1612  reward=  232.80 qoe=  80.9 qoe_q=   62.3 eps=0.289 loss=0.8414
[ep  853] longdress    static_B_2020.01.16_10.43.34.csv@2500  reward=  253.49 qoe= 100.0 qoe_q=   79.3 eps=0.288 loss=0.7989
[ep  854] loot         static_B_2020.02.27_18.39.27.csv@4137  reward=  267.09 qoe= 100.0 qoe_q=   85.7 eps=0.287 loss=0.8950
[ep  855] redandblack  static_B_2019.12.16_13.40.04.csv@563   reward=  243.44 qoe=  82.2 qoe_q=   71.4 eps=0.286 loss=0.9283
[ep  856] soldier      static_B_2020.02.27_18.39.27.csv@2877  reward=  240.74 qoe=  88.3 qoe_q=   67.2 eps=0.285 loss=0.8980
[ep  857] longdress    static_B_2020.01.16_10.43.34.csv@1840  reward=  265.02 qoe=  94.0 qoe_q=   84.7 eps=0.284 loss=0.7958
[ep  858] loot         static_B_2020.01.16_10.43.34.csv@2440  reward=  253.26 qoe= 100.0 qoe_q=   79.3 eps=0.284 loss=0.8172
[ep  859] redandblack  static_B_2020.01.16_10.43.34.csv@1420  reward=  179.80 qoe=   0.0 qoe_q= -131.3 eps=0.283 loss=0.8484
[ep  860] soldier      static_B_2020.02.13_13.57.29.csv@2932  reward=  215.79 qoe=  39.7 qoe_q=   38.6 eps=0.282 loss=0.9190
[ep  861] longdress    static_B_2020.02.13_13.57.29.csv@472   reward=  139.35 qoe=   0.0 qoe_q=   -5.8 eps=0.281 loss=0.8499
[ep  862] loot         static_B_2020.02.13_13.57.29.csv@532   reward=  208.63 qoe=  49.7 qoe_q=   46.3 eps=0.280 loss=0.9656
[ep  863] redandblack  static_B_2019.12.16_13.40.04.csv@1823  reward=  164.24 qoe=   0.0 qoe_q=    1.7 eps=0.279 loss=0.9138
[ep  864] soldier      static_B_2020.02.13_13.57.29.csv@232   reward=  231.92 qoe= 100.0 qoe_q=   69.6 eps=0.278 loss=0.9188
[ep  865] longdress    static_B_2020.02.27_18.39.27.csv@177   reward=  264.95 qoe= 100.0 qoe_q=   85.1 eps=0.278 loss=0.7287
[ep  866] loot         static_B_2020.02.27_18.39.27.csv@4617  reward=  192.50 qoe=  69.7 qoe_q=   52.4 eps=0.277 loss=0.8128
[ep  867] redandblack  static_B_2020.02.27_18.39.27.csv@3357  reward=  261.98 qoe=  50.0 qoe_q=   83.8 eps=0.276 loss=0.8735
[ep  868] soldier      static_B_2020.02.13_13.57.29.csv@712   reward=  110.29 qoe=   0.0 qoe_q=  -63.8 eps=0.275 loss=0.7127
[ep  869] longdress    static_B_2020.02.27_18.39.27.csv@837   reward=  239.72 qoe= 100.0 qoe_q=   72.6 eps=0.274 loss=0.8423
[ep  870] loot         static_B_2020.01.16_10.43.34.csv@2200  reward=  193.33 qoe=   0.0 qoe_q=    9.2 eps=0.273 loss=0.9809
[ep  871] redandblack  static_B_2020.01.16_10.43.34.csv@1180  reward=  195.89 qoe=  50.3 qoe_q=   40.5 eps=0.273 loss=1.0064
[ep  872] soldier      static_B_2020.02.27_18.39.27.csv@597   reward=  263.69 qoe= 100.0 qoe_q=   85.1 eps=0.272 loss=1.0233
[ep  873] longdress    static_B_2020.02.13_13.57.29.csv@2632  reward=  259.71 qoe= 100.0 qoe_q=   82.1 eps=0.271 loss=1.0283
[ep  874] loot         static_B_2020.01.16_10.43.34.csv@100   reward=  192.76 qoe=  24.0 qoe_q=   43.7 eps=0.270 loss=1.0370
[ep  875] redandblack  static_B_2019.12.16_13.40.04.csv@1463  reward=  266.38 qoe=  50.0 qoe_q=   86.0 eps=0.269 loss=0.9203
[ep  876] soldier      static_B_2020.02.27_18.39.27.csv@5457  reward=  248.71 qoe=  84.6 qoe_q=   76.5 eps=0.268 loss=0.8480
[ep  877] longdress    static_B_2019.12.16_13.40.04.csv@1163  reward=  153.05 qoe=  29.8 qoe_q=   31.9 eps=0.268 loss=0.8768
[ep  878] loot         static_B_2020.02.27_18.39.27.csv@5217  reward=  111.90 qoe=   0.0 qoe_q=   -3.5 eps=0.267 loss=0.8596
[ep  879] redandblack  static_B_2020.02.27_18.39.27.csv@117   reward=  225.33 qoe=  73.0 qoe_q=   62.3 eps=0.266 loss=1.0154
[ep  880] soldier      static_B_2020.01.16_10.43.34.csv@2980  reward=  186.43 qoe=  26.1 qoe_q=   30.0 eps=0.265 loss=1.0727
[ep  881] longdress    static_B_2020.02.13_13.57.29.csv@1972  reward=  248.78 qoe=  49.3 qoe_q=   64.5 eps=0.264 loss=0.8943
[ep  882] loot         static_B_2019.12.16_13.40.04.csv@803   reward=  237.54 qoe=  70.3 qoe_q=   65.7 eps=0.263 loss=0.9866
[ep  883] redandblack  static_B_2020.02.13_13.57.29.csv@952   reward=  144.32 qoe=   0.0 qoe_q=   -4.3 eps=0.263 loss=0.9893
[ep  884] soldier      static_B_2020.01.16_10.43.34.csv@940   reward=  239.05 qoe= 100.0 qoe_q=   74.1 eps=0.262 loss=0.8125
[ep  885] longdress    static_B_2020.01.16_10.43.34.csv@580   reward=  223.68 qoe=  56.9 qoe_q=   59.4 eps=0.261 loss=0.9295
[ep  886] loot         static_B_2020.02.27_18.39.27.csv@1017  reward=  260.54 qoe= 100.0 qoe_q=   83.0 eps=0.260 loss=0.7733
[ep  887] redandblack  static_B_2020.02.13_13.57.29.csv@2272  reward=  254.46 qoe= 100.0 qoe_q=   78.4 eps=0.259 loss=0.9300
[ep  888] soldier      static_B_2020.01.16_10.43.34.csv@640   reward=  208.68 qoe=  33.5 qoe_q=   29.9 eps=0.258 loss=0.9680
[ep  889] longdress    static_B_2020.02.13_13.57.29.csv@592   reward=  212.57 qoe=  63.8 qoe_q=   60.6 eps=0.258 loss=0.8231
[ep  890] loot         static_B_2020.02.13_13.57.29.csv@352   reward=  248.23 qoe=  79.9 qoe_q=   74.4 eps=0.257 loss=0.9937
[ep  891] redandblack  static_B_2020.02.27_18.39.27.csv@5157  reward=  231.63 qoe=  73.7 qoe_q=   66.4 eps=0.256 loss=1.0028
[ep  892] soldier      static_B_2020.01.16_10.43.34.csv@1780  reward=  241.78 qoe= 100.0 qoe_q=   74.0 eps=0.255 loss=0.8673
[ep  893] longdress    static_B_2020.02.27_18.39.27.csv@2757  reward=  259.36 qoe=  98.0 qoe_q=   83.5 eps=0.254 loss=1.0482
[ep  894] loot         static_B_2020.02.27_18.39.27.csv@4317  reward=  223.89 qoe= 100.0 qoe_q=   63.9 eps=0.253 loss=0.9632
[ep  895] redandblack  static_B_2020.02.27_18.39.27.csv@3057  reward=  200.15 qoe=  79.3 qoe_q=   51.5 eps=0.253 loss=0.8844
[ep  896] soldier      static_B_2020.02.27_18.39.27.csv@2817  reward=  268.99 qoe= 100.0 qoe_q=   86.9 eps=0.252 loss=0.9660
[ep  897] longdress    static_B_2020.02.27_18.39.27.csv@1497  reward=  228.38 qoe=  83.7 qoe_q=   65.6 eps=0.251 loss=0.9680
[ep  898] loot         static_B_2020.02.27_18.39.27.csv@4797  reward=  266.23 qoe=  54.0 qoe_q=   85.1 eps=0.250 loss=1.0409
[ep  899] redandblack  static_B_2020.02.27_18.39.27.csv@3717  reward=  237.56 qoe=  68.0 qoe_q=   72.4 eps=0.249 loss=0.8054
[ep  900] soldier      static_B_2020.02.27_18.39.27.csv@5697  reward=  234.17 qoe=  82.1 qoe_q=   66.6 eps=0.248 loss=0.9660
    [eval @ ep 900] reward=186.84 qoe=7.5 qoe_q=38.3 mean_q=0.854 stall=9.2s
[ep  901] longdress    static_B_2020.02.13_13.57.29.csv@2945  reward=  206.81 qoe=  58.4 qoe_q=   37.0 eps=0.248 loss=0.8691
[ep  902] loot         static_B_2020.01.16_10.43.34.csv@1480  reward=  219.49 qoe=  67.7 qoe_q=   62.4 eps=0.247 loss=0.8836
[ep  903] redandblack  static_B_2020.02.27_18.39.27.csv@357   reward=  219.54 qoe= 100.0 qoe_q=   67.3 eps=0.246 loss=0.8385
[ep  904] soldier      static_B_2020.02.27_18.39.27.csv@4197  reward=  181.32 qoe=   0.0 qoe_q=  -38.9 eps=0.245 loss=0.8839
[ep  905] longdress    static_B_2020.02.27_18.39.27.csv@4737  reward=  259.92 qoe= 100.0 qoe_q=   83.1 eps=0.244 loss=0.8726
[ep  906] loot         static_B_2020.02.27_18.39.27.csv@4377  reward=  244.56 qoe=  64.8 qoe_q=   63.6 eps=0.243 loss=0.9367
[ep  907] redandblack  static_B_2020.02.13_13.57.29.csv@292   reward=  219.59 qoe=  64.2 qoe_q=   49.3 eps=0.243 loss=0.9805
[ep  908] soldier      static_B_2020.02.27_18.39.27.csv@3657  reward=  250.15 qoe=  54.8 qoe_q=   52.8 eps=0.242 loss=0.8436
[ep  909] longdress    static_B_2020.01.16_10.43.34.csv@340   reward=  172.61 qoe=   3.4 qoe_q=   15.6 eps=0.241 loss=0.9137
[ep  910] loot         static_B_2020.02.27_18.39.27.csv@5742  reward=  261.55 qoe=  68.0 qoe_q=   83.2 eps=0.240 loss=0.8819
[ep  911] redandblack  static_B_2020.02.13_13.57.29.csv@2872  reward=  241.93 qoe=  80.2 qoe_q=   74.2 eps=0.239 loss=0.8994
[ep  912] soldier      static_B_2020.02.27_18.39.27.csv@3477  reward=  255.11 qoe=  84.6 qoe_q=   74.3 eps=0.238 loss=0.8222
[ep  913] longdress    static_B_2020.02.27_18.39.27.csv@2397  reward=  239.28 qoe= 100.0 qoe_q=   73.0 eps=0.238 loss=0.8805
[ep  914] loot         static_B_2020.02.13_13.57.29.csv@1792  reward=  275.50 qoe=   0.0 qoe_q=   90.0 eps=0.237 loss=0.9318
[ep  915] redandblack  static_B_2020.01.16_10.43.34.csv@1720  reward=  222.69 qoe=  42.4 qoe_q=   48.7 eps=0.236 loss=1.0244
[ep  916] soldier      static_B_2020.02.27_18.39.27.csv@1917  reward=  236.71 qoe= 100.0 qoe_q=   71.5 eps=0.235 loss=0.9185
[ep  917] longdress    static_B_2020.01.16_10.43.34.csv@2320  reward=  206.71 qoe=   0.0 qoe_q=  -41.1 eps=0.234 loss=0.8788
[ep  918] loot         static_B_2020.01.16_10.43.34.csv@1540  reward=  272.76 qoe=   0.0 qoe_q=   89.0 eps=0.233 loss=0.9397
[ep  919] redandblack  static_B_2020.02.27_18.39.27.csv@1257  reward=  250.49 qoe= 100.0 qoe_q=   78.8 eps=0.233 loss=0.9394
[ep  920] soldier      static_B_2020.01.16_10.43.34.csv@700   reward=  234.67 qoe=  67.3 qoe_q=   62.6 eps=0.232 loss=0.8843
[ep  921] longdress    static_B_2020.02.27_18.39.27.csv@1977  reward=  271.22 qoe=  98.0 qoe_q=   87.8 eps=0.231 loss=0.8461
[ep  922] loot         static_B_2020.01.16_10.43.34.csv@1120  reward=  219.89 qoe=  67.9 qoe_q=   57.9 eps=0.230 loss=0.8255
[ep  923] redandblack  static_B_2019.12.16_13.40.04.csv@1703  reward=  230.85 qoe= 100.0 qoe_q=   70.5 eps=0.229 loss=1.0543
[ep  924] soldier      static_B_2020.02.27_18.39.27.csv@1797  reward=  245.63 qoe=  61.5 qoe_q=   61.2 eps=0.228 loss=0.9544
[ep  925] longdress    static_B_2020.02.13_13.57.29.csv@1012  reward=  187.08 qoe=  16.3 qoe_q=   42.5 eps=0.228 loss=0.9271
[ep  926] loot         static_B_2020.01.16_10.43.34.csv@3040  reward=  223.84 qoe=  52.0 qoe_q=   57.1 eps=0.227 loss=0.9141
[ep  927] redandblack  static_B_2020.01.16_10.43.34.csv@1900  reward=  216.15 qoe=  84.0 qoe_q=   63.1 eps=0.226 loss=1.0099
[ep  928] soldier      static_B_2020.01.16_10.43.34.csv@2080  reward=  128.84 qoe=   0.0 qoe_q=    3.9 eps=0.225 loss=0.8553
[ep  929] longdress    static_B_2020.02.27_18.39.27.csv@5577  reward=  223.82 qoe=  64.4 qoe_q=   54.0 eps=0.224 loss=0.9662
[ep  930] loot         static_B_2020.01.16_10.43.34.csv@2920  reward=  177.03 qoe=   9.5 qoe_q=   30.4 eps=0.223 loss=0.8294
[ep  931] redandblack  static_B_2020.02.27_18.39.27.csv@2697  reward=  258.52 qoe= 100.0 qoe_q=   80.7 eps=0.223 loss=0.8891
[ep  932] soldier      static_B_2020.02.13_13.57.29.csv@2152  reward=  147.44 qoe=   0.0 qoe_q=   -4.7 eps=0.222 loss=0.8928
[ep  933] longdress    static_B_2020.02.13_13.57.29.csv@1072  reward=  239.10 qoe=  84.3 qoe_q=   74.6 eps=0.221 loss=0.9951
[ep  934] loot         static_B_2020.02.27_18.39.27.csv@4077  reward=  241.56 qoe= 100.0 qoe_q=   74.4 eps=0.220 loss=0.8927
[ep  935] redandblack  static_B_2020.02.27_18.39.27.csv@3957  reward=  265.29 qoe=  36.0 qoe_q=   85.5 eps=0.219 loss=0.8362
[ep  936] soldier      static_B_2019.12.16_13.40.04.csv@623   reward=  151.40 qoe=   0.0 qoe_q=   -6.5 eps=0.218 loss=0.8154
[ep  937] longdress    static_B_2020.02.27_18.39.27.csv@4857  reward=  220.34 qoe=  77.3 qoe_q=   63.5 eps=0.218 loss=0.9785
[ep  938] loot         static_B_2020.02.27_18.39.27.csv@1197  reward=  246.37 qoe=  34.5 qoe_q=   38.7 eps=0.217 loss=0.8289
[ep  939] redandblack  static_B_2020.01.16_10.43.34.csv@400   reward=  203.00 qoe=  33.9 qoe_q=   48.6 eps=0.216 loss=1.0629
[ep  940] soldier      static_B_2020.02.13_13.57.29.csv@112   reward=  165.61 qoe=   0.0 qoe_q=  -14.9 eps=0.215 loss=1.0027
[ep  941] longdress    static_B_2020.01.16_10.43.34.csv@1960  reward=  272.33 qoe= 100.0 qoe_q=   88.0 eps=0.214 loss=1.0458
[ep  942] loot         static_B_2019.12.16_13.40.04.csv@23    reward=  268.68 qoe= 100.0 qoe_q=   84.3 eps=0.213 loss=0.9214
[ep  943] redandblack  static_B_2020.01.16_10.43.34.csv@220   reward=  231.88 qoe=  80.9 qoe_q=   68.2 eps=0.213 loss=0.9213
[ep  944] soldier      static_B_2020.02.27_18.39.27.csv@3237  reward=  266.07 qoe=  82.0 qoe_q=   84.9 eps=0.212 loss=0.8308
[ep  945] longdress    static_B_2020.02.27_18.39.27.csv@477   reward=  236.80 qoe=  82.7 qoe_q=   70.2 eps=0.211 loss=0.8996
[ep  946] loot         static_B_2020.02.27_18.39.27.csv@2097  reward=  246.94 qoe=  84.6 qoe_q=   75.6 eps=0.210 loss=0.8502
[ep  947] redandblack  static_B_2020.02.27_18.39.27.csv@1857  reward=  237.77 qoe=  62.2 qoe_q=   58.9 eps=0.209 loss=0.9308
[ep  948] soldier      static_B_2020.01.16_10.43.34.csv@3109  reward=  271.26 qoe= 100.0 qoe_q=   87.7 eps=0.208 loss=0.8601
[ep  949] longdress    static_B_2020.02.27_18.39.27.csv@4759  reward=  275.95 qoe= 100.0 qoe_q=   89.7 eps=0.208 loss=1.0965
[ep  950] loot         static_B_2019.12.16_13.40.04.csv@1043  reward=  231.82 qoe= 100.0 qoe_q=   71.6 eps=0.207 loss=1.3298
[ep  951] redandblack  static_B_2020.01.16_10.43.34.csv@3074  reward=  245.37 qoe=  87.4 qoe_q=   77.0 eps=0.206 loss=1.0354
[ep  952] soldier      static_B_2020.01.16_10.43.34.csv@2474  reward=  254.21 qoe= 100.0 qoe_q=   77.6 eps=0.205 loss=0.9506
[ep  953] longdress    static_B_2020.01.16_10.43.34.csv@554   reward=  238.49 qoe= 100.0 qoe_q=   74.2 eps=0.204 loss=1.0528
[ep  954] loot         static_B_2020.01.16_10.43.34.csv@2054  reward=  263.32 qoe=  88.3 qoe_q=   83.1 eps=0.203 loss=0.9152
[ep  955] redandblack  static_B_2020.01.16_10.43.34.csv@614   reward=  213.41 qoe=  42.3 qoe_q=   57.5 eps=0.202 loss=0.8981
[ep  956] soldier      static_B_2020.02.27_18.39.27.csv@5659  reward=  251.03 qoe=  62.0 qoe_q=   65.6 eps=0.202 loss=0.9068
[ep  957] longdress    static_B_2020.02.27_18.39.27.csv@5419  reward=  192.30 qoe=  19.3 qoe_q=   40.2 eps=0.201 loss=0.9883
[ep  958] loot         static_B_2020.01.16_10.43.34.csv@3014  reward=  254.92 qoe=  68.6 qoe_q=   70.5 eps=0.200 loss=1.0138
[ep  959] redandblack  static_B_2020.02.27_18.39.27.csv@4519  reward=  199.67 qoe=  37.3 qoe_q=   36.1 eps=0.199 loss=1.0093
[ep  960] soldier      static_B_2020.02.27_18.39.27.csv@2419  reward=  286.70 qoe= 100.0 qoe_q=   93.2 eps=0.198 loss=1.0444
[ep  961] longdress    static_B_2020.02.27_18.39.27.csv@859   reward=  187.61 qoe=   0.0 qoe_q=  -41.9 eps=0.197 loss=1.0719
[ep  962] loot         static_B_2020.02.13_13.57.29.csv@1439  reward=  246.96 qoe=  84.6 qoe_q=   77.4 eps=0.197 loss=0.9274
[ep  963] redandblack  static_B_2020.02.27_18.39.27.csv@619   reward=  268.36 qoe=  84.0 qoe_q=   86.5 eps=0.196 loss=1.1586
[ep  964] soldier      static_B_2020.02.27_18.39.27.csv@559   reward=  278.38 qoe= 100.0 qoe_q=   90.6 eps=0.195 loss=0.9945
[ep  965] longdress    static_B_2020.02.13_13.57.29.csv@1079  reward=  236.43 qoe=  57.6 qoe_q=   67.4 eps=0.194 loss=0.9853
[ep  966] loot         static_B_2020.02.27_18.39.27.csv@4219  reward=  220.00 qoe=  12.8 qoe_q=   26.1 eps=0.193 loss=1.0832
[ep  967] redandblack  static_B_2020.02.27_18.39.27.csv@5742  reward=  246.77 qoe=  63.2 qoe_q=   63.0 eps=0.192 loss=0.8977
[ep  968] soldier      static_B_2020.02.13_13.57.29.csv@659   reward=  202.43 qoe=  40.7 qoe_q=   33.5 eps=0.192 loss=1.0743
[ep  969] longdress    static_B_2020.02.13_13.57.29.csv@2639  reward=  238.22 qoe= 100.0 qoe_q=   72.5 eps=0.191 loss=1.0181
[ep  970] loot         static_B_2020.02.27_18.39.27.csv@1159  reward=  173.07 qoe=   0.0 qoe_q=   14.9 eps=0.190 loss=0.9977
[ep  971] redandblack  static_B_2020.02.13_13.57.29.csv@2945  reward=  188.25 qoe=  63.3 qoe_q=   37.1 eps=0.189 loss=1.1072
[ep  972] soldier      static_B_2020.02.13_13.57.29.csv@479   reward=  171.25 qoe=   0.0 qoe_q=  -11.7 eps=0.188 loss=1.1015
[ep  973] longdress    static_B_2020.02.27_18.39.27.csv@739   reward=  233.30 qoe=  59.1 qoe_q=   54.2 eps=0.187 loss=1.0399
[ep  974] loot         static_B_2020.02.13_13.57.29.csv@2519  reward=  263.07 qoe= 100.0 qoe_q=   84.5 eps=0.187 loss=1.1432
[ep  975] redandblack  static_B_2020.02.27_18.39.27.csv@1099  reward=  199.30 qoe=  36.5 qoe_q=   47.7 eps=0.186 loss=0.9308
[ep  976] soldier      static_B_2020.02.27_18.39.27.csv@3319  reward=  260.85 qoe= 100.0 qoe_q=   83.2 eps=0.185 loss=1.0517
[ep  977] longdress    static_B_2020.02.27_18.39.27.csv@5359  reward=  238.30 qoe=  84.6 qoe_q=   73.0 eps=0.184 loss=0.9973
[ep  978] loot         static_B_2020.02.13_13.57.29.csv@179   reward=  157.44 qoe=  17.4 qoe_q=   31.1 eps=0.183 loss=0.8317
[ep  979] redandblack  static_B_2020.01.16_10.43.34.csv@2414  reward=  251.63 qoe=  32.7 qoe_q=   34.9 eps=0.182 loss=0.9567
[ep  980] soldier      static_B_2020.02.27_18.39.27.csv@259   reward=  257.48 qoe=  69.5 qoe_q=   72.8 eps=0.182 loss=1.0432
[ep  981] longdress    static_B_2020.01.16_10.43.34.csv@1154  reward=  219.30 qoe=  45.0 qoe_q=   59.3 eps=0.181 loss=0.9351
[ep  982] loot         static_B_2020.02.27_18.39.27.csv@1039  reward=  244.59 qoe=  51.0 qoe_q=   49.4 eps=0.180 loss=1.0986
[ep  983] redandblack  static_B_2020.02.27_18.39.27.csv@2479  reward=  226.49 qoe= 100.0 qoe_q=   65.5 eps=0.179 loss=0.9327
[ep  984] soldier      static_B_2020.02.13_13.57.29.csv@599   reward=  209.83 qoe=  42.5 qoe_q=   52.2 eps=0.178 loss=0.9981
[ep  985] longdress    static_B_2020.01.16_10.43.34.csv@2114  reward=  213.82 qoe=  76.3 qoe_q=   54.1 eps=0.177 loss=1.0219
[ep  986] loot         static_B_2019.12.16_13.40.04.csv@203   reward=  263.21 qoe= 100.0 qoe_q=   84.1 eps=0.177 loss=0.8463
[ep  987] redandblack  static_B_2020.02.13_13.57.29.csv@1259  reward=  176.90 qoe=  29.0 qoe_q=   31.6 eps=0.176 loss=0.9331
[ep  988] soldier      static_B_2020.02.27_18.39.27.csv@1399  reward=  251.77 qoe=  65.9 qoe_q=   67.5 eps=0.175 loss=0.9476
[ep  989] longdress    static_B_2019.12.16_13.40.04.csv@743   reward=  228.94 qoe=   1.2 qoe_q=   18.4 eps=0.174 loss=1.1512
[ep  990] loot         static_B_2019.12.16_13.40.04.csv@1163  reward=  178.89 qoe=   0.0 qoe_q=  -53.0 eps=0.173 loss=0.8658
[ep  991] redandblack  static_B_2020.01.16_10.43.34.csv@734   reward=  254.85 qoe=  44.0 qoe_q=   80.7 eps=0.172 loss=1.0845
[ep  992] soldier      static_B_2020.02.27_18.39.27.csv@5599  reward=  243.86 qoe=   9.3 qoe_q=   28.5 eps=0.172 loss=0.9318
[ep  993] longdress    static_B_2020.01.16_10.43.34.csv@1514  reward=  256.74 qoe=  82.4 qoe_q=   77.5 eps=0.171 loss=1.1031
[ep  994] loot         static_B_2020.02.13_13.57.29.csv@1859  reward=  191.10 qoe=   0.0 qoe_q=    9.0 eps=0.170 loss=1.1387
[ep  995] redandblack  static_B_2020.02.13_13.57.29.csv@719   reward=  172.03 qoe=   0.0 qoe_q=   -0.7 eps=0.169 loss=1.0633
[ep  996] soldier      static_B_2019.12.16_13.40.04.csv@983   reward=  217.99 qoe=  41.1 qoe_q=   37.1 eps=0.168 loss=1.0581
[ep  997] longdress    static_B_2019.12.16_13.40.04.csv@23    reward=  239.15 qoe=  75.6 qoe_q=   69.2 eps=0.167 loss=0.9983
[ep  998] loot         static_B_2020.02.27_18.39.27.csv@3619  reward=  209.80 qoe=  49.1 qoe_q=   56.4 eps=0.167 loss=1.0793
[ep  999] redandblack  static_B_2019.12.16_13.40.04.csv@923   reward=  190.18 qoe=  18.9 qoe_q=   28.5 eps=0.166 loss=1.0407
[ep 1000] soldier      static_B_2020.02.27_18.39.27.csv@3499  reward=  203.32 qoe=  60.2 qoe_q=   51.4 eps=0.165 loss=1.1299
    [eval @ ep 1000] reward=174.89 qoe=1.1 qoe_q=36.9 mean_q=0.856 stall=9.8s
[ep 1001] longdress    static_B_2020.02.27_18.39.27.csv@2599  reward=  263.12 qoe= 100.0 qoe_q=   84.0 eps=0.164 loss=0.8772
[ep 1002] loot         static_B_2020.02.13_13.57.29.csv@419   reward=  248.19 qoe=   8.0 qoe_q=   76.9 eps=0.163 loss=0.9955
[ep 1003] redandblack  static_B_2020.02.27_18.39.27.csv@1759  reward=  236.04 qoe=  78.2 qoe_q=   66.8 eps=0.162 loss=0.9395
[ep 1004] soldier      static_B_2020.02.27_18.39.27.csv@5119  reward=  252.28 qoe=  80.0 qoe_q=   78.5 eps=0.162 loss=0.9059
[ep 1005] longdress    static_B_2020.02.13_13.57.29.csv@1979  reward=  261.86 qoe=  96.0 qoe_q=   84.4 eps=0.161 loss=0.9565
[ep 1006] loot         static_B_2019.12.16_13.40.04.csv@443   reward=  223.52 qoe=  67.3 qoe_q=   64.2 eps=0.160 loss=0.8925
[ep 1007] redandblack  static_B_2020.02.13_13.57.29.csv@1919  reward=  236.63 qoe=  81.1 qoe_q=   71.2 eps=0.159 loss=0.9904
[ep 1008] soldier      static_B_2020.02.27_18.39.27.csv@1879  reward=  237.17 qoe=  39.9 qoe_q=   49.4 eps=0.158 loss=0.9137
[ep 1009] longdress    static_B_2020.02.27_18.39.27.csv@4099  reward=  271.05 qoe= 100.0 qoe_q=   88.9 eps=0.157 loss=0.9027
[ep 1010] loot         static_B_2020.02.27_18.39.27.csv@979   reward=  239.36 qoe=  79.8 qoe_q=   72.7 eps=0.157 loss=0.8858
[ep 1011] redandblack  static_B_2020.02.27_18.39.27.csv@5179  reward=  276.68 qoe=  84.0 qoe_q=   90.3 eps=0.156 loss=0.9308
[ep 1012] soldier      static_B_2019.12.16_13.40.04.csv@1904  reward=  264.17 qoe=  72.0 qoe_q=   84.9 eps=0.155 loss=0.9448
[ep 1013] longdress    static_B_2019.12.16_13.40.04.csv@1403  reward=  213.62 qoe=  48.6 qoe_q=   50.2 eps=0.154 loss=0.9225
[ep 1014] loot         static_B_2020.02.27_18.39.27.csv@2299  reward=  247.99 qoe=  78.9 qoe_q=   75.4 eps=0.153 loss=1.1758
[ep 1015] redandblack  static_B_2020.01.16_10.43.34.csv@1094  reward=  138.03 qoe=   0.0 qoe_q=   10.9 eps=0.152 loss=0.9267
[ep 1016] soldier      static_B_2020.01.16_10.43.34.csv@1994  reward=  273.55 qoe=  80.0 qoe_q=   88.5 eps=0.152 loss=1.0504
[ep 1017] longdress    static_B_2019.12.16_13.40.04.csv@1703  reward=  262.16 qoe= 100.0 qoe_q=   84.8 eps=0.151 loss=0.7937
[ep 1018] loot         static_B_2020.02.27_18.39.27.csv@2959  reward=  250.34 qoe=  41.1 qoe_q=   45.3 eps=0.150 loss=0.9804
[ep 1019] redandblack  static_B_2020.02.13_13.57.29.csv@2459  reward=  230.84 qoe=  12.6 qoe_q=   25.7 eps=0.149 loss=0.9357
[ep 1020] soldier      static_B_2019.12.16_13.40.04.csv@1103  reward=  106.42 qoe=   0.0 qoe_q= -582.1 eps=0.148 loss=0.9876
[ep 1021] longdress    static_B_2020.01.16_10.43.34.csv@1214  reward=  228.42 qoe=  61.5 qoe_q=   51.6 eps=0.147 loss=0.9572
[ep 1022] loot         static_B_2020.02.27_18.39.27.csv@4339  reward=  237.08 qoe=  83.8 qoe_q=   67.3 eps=0.147 loss=1.0050
[ep 1023] redandblack  static_B_2020.02.27_18.39.27.csv@5299  reward=  257.86 qoe=  76.0 qoe_q=   82.8 eps=0.146 loss=0.9527
[ep 1024] soldier      static_B_2020.02.27_18.39.27.csv@4399  reward=  231.12 qoe=  62.6 qoe_q=   52.5 eps=0.145 loss=1.0504
[ep 1025] longdress    static_B_2020.02.27_18.39.27.csv@2119  reward=  219.15 qoe=  62.0 qoe_q=   58.1 eps=0.144 loss=0.9640
[ep 1026] loot         static_B_2019.12.16_13.40.04.csv@263   reward=  191.24 qoe=   0.0 qoe_q=   15.0 eps=0.143 loss=1.0312
[ep 1027] redandblack  static_B_2020.02.27_18.39.27.csv@5479  reward=  257.09 qoe=  88.0 qoe_q=   81.6 eps=0.142 loss=1.0073
[ep 1028] soldier      static_B_2020.02.13_13.57.29.csv@1199  reward=  239.79 qoe=  63.8 qoe_q=   69.9 eps=0.142 loss=0.9891
[ep 1029] longdress    static_B_2020.02.13_13.57.29.csv@1019  reward=  178.11 qoe=  16.6 qoe_q=   37.7 eps=0.141 loss=1.2898
[ep 1030] loot         static_B_2020.02.27_18.39.27.csv@439   reward=  249.88 qoe=  85.1 qoe_q=   79.2 eps=0.140 loss=1.0330
[ep 1031] redandblack  static_B_2020.02.13_13.57.29.csv@2099  reward=  163.61 qoe=   0.0 qoe_q=   17.0 eps=0.139 loss=1.0434
[ep 1032] soldier      static_B_2020.02.13_13.57.29.csv@59    reward=  137.85 qoe=   0.0 qoe_q=  -83.6 eps=0.138 loss=1.1532
[ep 1033] longdress    static_B_2020.02.13_13.57.29.csv@539   reward=  246.43 qoe=  86.7 qoe_q=   77.0 eps=0.137 loss=1.1587
[ep 1034] loot         static_B_2020.02.27_18.39.27.csv@3379  reward=  271.43 qoe=  42.0 qoe_q=   87.8 eps=0.137 loss=1.0636
[ep 1035] redandblack  static_B_2020.01.16_10.43.34.csv@3109  reward=  268.60 qoe= 100.0 qoe_q=   87.5 eps=0.136 loss=1.0180
[ep 1036] soldier      static_B_2020.02.13_13.57.29.csv@1319  reward=  142.70 qoe=   0.0 qoe_q=    6.1 eps=0.135 loss=1.0399
[ep 1037] longdress    static_B_2020.01.16_10.43.34.csv@1454  reward=  214.47 qoe=  43.8 qoe_q=   43.8 eps=0.134 loss=0.9789
[ep 1038] loot         static_B_2020.01.16_10.43.34.csv@194   reward=  246.69 qoe=  67.9 qoe_q=   67.9 eps=0.133 loss=0.9731
[ep 1039] redandblack  static_B_2019.12.16_13.40.04.csv@1823  reward=  173.46 qoe=   0.0 qoe_q=    7.5 eps=0.132 loss=0.9846
[ep 1040] soldier      static_B_2020.01.16_10.43.34.csv@314   reward=  267.38 qoe=  87.6 qoe_q=   84.1 eps=0.132 loss=0.9858
[ep 1041] longdress    static_B_2020.02.27_18.39.27.csv@4939  reward=  264.43 qoe=  78.0 qoe_q=   80.0 eps=0.131 loss=1.0332
[ep 1042] loot         static_B_2020.02.27_18.39.27.csv@1219  reward=  276.67 qoe= 100.0 qoe_q=   89.8 eps=0.130 loss=0.9883
[ep 1043] redandblack  static_B_2019.12.16_13.40.04.csv@323   reward=  155.04 qoe=   0.0 qoe_q=    2.9 eps=0.129 loss=1.1211
[ep 1044] soldier      static_B_2020.02.27_18.39.27.csv@2359  reward=  217.71 qoe=   0.0 qoe_q= -239.2 eps=0.128 loss=0.9812
[ep 1045] longdress    static_B_2020.02.13_13.57.29.csv@839   reward=  246.17 qoe=  78.8 qoe_q=   73.0 eps=0.127 loss=1.1666
[ep 1046] loot         static_B_2020.02.27_18.39.27.csv@4159  reward=  239.73 qoe=  53.8 qoe_q=   51.3 eps=0.127 loss=1.0733
[ep 1047] redandblack  static_B_2020.01.16_10.43.34.csv@2774  reward=  229.45 qoe=  21.3 qoe_q=   35.0 eps=0.126 loss=1.0230
[ep 1048] soldier      static_B_2020.02.27_18.39.27.csv@3439  reward=  271.71 qoe= 100.0 qoe_q=   88.7 eps=0.125 loss=1.0625
[ep 1049] longdress    static_B_2020.02.13_13.57.29.csv@359   reward=  249.44 qoe=  55.3 qoe_q=   60.5 eps=0.124 loss=1.0211
[ep 1050] loot         static_B_2020.01.16_10.43.34.csv@254   reward=  260.28 qoe=  72.6 qoe_q=   76.2 eps=0.123 loss=1.0479
[ep 1051] redandblack  static_B_2020.01.16_10.43.34.csv@2954  reward=  210.94 qoe=  50.0 qoe_q=   52.3 eps=0.122 loss=1.0013
[ep 1052] soldier      static_B_2020.02.27_18.39.27.csv@3079  reward=  145.12 qoe=   0.0 qoe_q=    0.8 eps=0.121 loss=1.0693
[ep 1053] longdress    static_B_2020.01.16_10.43.34.csv@2654  reward=  241.19 qoe=  75.4 qoe_q=   72.5 eps=0.121 loss=1.0384
[ep 1054] loot         static_B_2020.02.27_18.39.27.csv@1519  reward=  261.65 qoe= 100.0 qoe_q=   84.1 eps=0.120 loss=0.9660
[ep 1055] redandblack  static_B_2019.12.16_13.40.04.csv@1643  reward=  238.23 qoe=  86.1 qoe_q=   73.4 eps=0.119 loss=0.9819
[ep 1056] soldier      static_B_2020.02.13_13.57.29.csv@2399  reward=  200.47 qoe=  13.6 qoe_q=   32.5 eps=0.118 loss=0.9367
[ep 1057] longdress    static_B_2020.01.16_10.43.34.csv@2594  reward=  273.73 qoe= 100.0 qoe_q=   88.9 eps=0.117 loss=1.2129
[ep 1058] loot         static_B_2020.02.13_13.57.29.csv@1379  reward=  259.48 qoe=  40.0 qoe_q=   42.8 eps=0.116 loss=0.9421
[ep 1059] redandblack  static_B_2020.02.13_13.57.29.csv@2159  reward=  214.46 qoe=  39.6 qoe_q=   42.2 eps=0.116 loss=1.0420
[ep 1060] soldier      static_B_2020.02.13_13.57.29.csv@779   reward=  232.24 qoe=  69.7 qoe_q=   59.8 eps=0.115 loss=1.0515
[ep 1061] longdress    static_B_2020.02.13_13.57.29.csv@2279  reward=  250.34 qoe=  84.4 qoe_q=   77.6 eps=0.114 loss=1.1258
[ep 1062] loot         static_B_2020.01.16_10.43.34.csv@1814  reward=  275.79 qoe= 100.0 qoe_q=   90.1 eps=0.113 loss=0.9862
[ep 1063] redandblack  static_B_2020.01.16_10.43.34.csv@1034  reward=  227.85 qoe=  55.4 qoe_q=   63.7 eps=0.112 loss=0.9462
[ep 1064] soldier      static_B_2019.12.16_13.40.04.csv@1883  reward=  276.84 qoe=  64.0 qoe_q=   90.5 eps=0.111 loss=1.1227
[ep 1065] longdress    static_B_2020.02.27_18.39.27.csv@3019  reward=  164.04 qoe=   0.0 qoe_q=   15.7 eps=0.111 loss=1.1531
[ep 1066] loot         static_B_2020.02.27_18.39.27.csv@379   reward=  240.05 qoe=  68.7 qoe_q=   65.0 eps=0.110 loss=1.0771
[ep 1067] redandblack  static_B_2019.12.16_13.40.04.csv@83    reward=  264.88 qoe=  85.8 qoe_q=   84.8 eps=0.109 loss=1.1840
[ep 1068] soldier      static_B_2020.02.27_18.39.27.csv@2179  reward=  268.08 qoe= 100.0 qoe_q=   87.2 eps=0.108 loss=0.9389
[ep 1069] longdress    static_B_2020.02.27_18.39.27.csv@1459  reward=  235.27 qoe=  79.0 qoe_q=   61.5 eps=0.107 loss=0.8998
[ep 1070] loot         static_B_2020.02.27_18.39.27.csv@4999  reward=  230.36 qoe=   0.0 qoe_q=   17.3 eps=0.106 loss=1.0790
[ep 1071] redandblack  static_B_2020.02.13_13.57.29.csv@119   reward=  211.47 qoe=  14.3 qoe_q=   18.3 eps=0.106 loss=1.1529
[ep 1072] soldier      static_B_2020.02.13_13.57.29.csv@1499  reward=  208.68 qoe=  28.4 qoe_q=   42.9 eps=0.105 loss=1.0450
[ep 1073] longdress    static_B_2020.02.27_18.39.27.csv@3919  reward=  253.25 qoe=  35.1 qoe_q=   42.6 eps=0.104 loss=1.0351
[ep 1074] loot         static_B_2020.02.27_18.39.27.csv@319   reward=  266.58 qoe= 100.0 qoe_q=   85.2 eps=0.103 loss=1.0877
[ep 1075] redandblack  static_B_2020.02.27_18.39.27.csv@1639  reward=  235.00 qoe=  57.2 qoe_q=   52.3 eps=0.102 loss=1.0609
[ep 1076] soldier      static_B_2020.02.27_18.39.27.csv@799   reward=  253.05 qoe=  80.8 qoe_q=   73.9 eps=0.101 loss=0.9821
[ep 1077] longdress    static_B_2020.01.16_10.43.34.csv@854   reward=  236.27 qoe=  70.0 qoe_q=   60.8 eps=0.101 loss=0.9410
[ep 1078] loot         static_B_2020.02.13_13.57.29.csv@2759  reward=  195.64 qoe=  33.7 qoe_q=   44.1 eps=0.100 loss=1.0336
[ep 1079] redandblack  static_B_2020.02.27_18.39.27.csv@3679  reward=  268.02 qoe=  88.0 qoe_q=   86.2 eps=0.099 loss=0.9430
[ep 1080] soldier      static_B_2020.02.27_18.39.27.csv@4819  reward=  270.03 qoe=  83.3 qoe_q=   87.2 eps=0.098 loss=1.0404
[ep 1081] longdress    static_B_2020.02.27_18.39.27.csv@5719  reward=  251.87 qoe=  49.5 qoe_q=   55.3 eps=0.097 loss=1.0563
[ep 1082] loot         static_B_2020.01.16_10.43.34.csv@2714  reward=  229.54 qoe=  56.5 qoe_q=   61.8 eps=0.096 loss=0.9952
[ep 1083] redandblack  static_B_2020.02.27_18.39.27.csv@3199  reward=  275.25 qoe=  80.0 qoe_q=   89.7 eps=0.096 loss=0.9374
[ep 1084] soldier      static_B_2020.02.27_18.39.27.csv@2839  reward=  259.21 qoe=  62.1 qoe_q=   67.8 eps=0.095 loss=1.0589
[ep 1085] longdress    static_B_2020.01.16_10.43.34.csv@14    reward=  260.44 qoe=  31.6 qoe_q=   28.9 eps=0.094 loss=1.0263
[ep 1086] loot         static_B_2020.01.16_10.43.34.csv@134   reward=  256.34 qoe=  82.2 qoe_q=   78.2 eps=0.093 loss=1.0488
[ep 1087] redandblack  static_B_2020.02.27_18.39.27.csv@2779  reward=  281.70 qoe=  76.0 qoe_q=   92.6 eps=0.092 loss=1.0703
[ep 1088] soldier      static_B_2020.01.16_10.43.34.csv@974   reward=  239.05 qoe=  49.8 qoe_q=   63.3 eps=0.091 loss=1.1257
[ep 1089] longdress    static_B_2020.01.16_10.43.34.csv@2534  reward=  276.90 qoe= 100.0 qoe_q=   90.4 eps=0.091 loss=1.0274
[ep 1090] loot         static_B_2020.02.27_18.39.27.csv@3799  reward=  247.53 qoe=  32.3 qoe_q=   30.9 eps=0.090 loss=1.0113
[ep 1091] redandblack  static_B_2020.02.27_18.39.27.csv@2659  reward=  220.98 qoe=  33.2 qoe_q=   40.3 eps=0.089 loss=1.0928
[ep 1092] soldier      static_B_2020.02.27_18.39.27.csv@3979  reward=  263.93 qoe=  63.2 qoe_q=   70.4 eps=0.088 loss=1.1182
[ep 1093] longdress    static_B_2019.12.16_13.40.04.csv@1343  reward=  220.94 qoe=  55.5 qoe_q=   56.3 eps=0.087 loss=1.1152
[ep 1094] loot         static_B_2020.02.27_18.39.27.csv@919   reward=  258.18 qoe= 100.0 qoe_q=   82.1 eps=0.086 loss=1.0364
[ep 1095] redandblack  static_B_2020.02.27_18.39.27.csv@1699  reward=  211.82 qoe=  42.9 qoe_q=   52.3 eps=0.086 loss=1.0700
[ep 1096] soldier      static_B_2019.12.16_13.40.04.csv@623   reward=  162.27 qoe=   0.0 qoe_q=   -0.5 eps=0.085 loss=1.0854
[ep 1097] longdress    static_B_2020.01.16_10.43.34.csv@2354  reward=  257.99 qoe=  31.0 qoe_q=   40.0 eps=0.084 loss=1.2294
[ep 1098] loot         static_B_2019.12.16_13.40.04.csv@1583  reward=  270.77 qoe= 100.0 qoe_q=   87.8 eps=0.083 loss=1.1169
[ep 1099] redandblack  static_B_2020.02.27_18.39.27.csv@4459  reward=  182.95 qoe=  17.4 qoe_q=   38.1 eps=0.082 loss=1.0230
[ep 1100] soldier      static_B_2020.01.16_10.43.34.csv@674   reward=  263.76 qoe=  80.3 qoe_q=   83.7 eps=0.081 loss=1.0253
    [eval @ ep 1100] reward=186.84 qoe=7.5 qoe_q=38.3 mean_q=0.854 stall=9.2s
[ep 1101] longdress    static_B_2020.02.27_18.39.27.csv@4579  reward=  225.38 qoe=  61.5 qoe_q=   61.5 eps=0.081 loss=1.0256
[ep 1102] loot         static_B_2019.12.16_13.40.04.csv@863   reward=  253.63 qoe=  65.8 qoe_q=   69.1 eps=0.080 loss=0.9837
[ep 1103] redandblack  static_B_2020.02.27_18.39.27.csv@4699  reward=  238.76 qoe=  71.2 qoe_q=   63.6 eps=0.079 loss=1.0193
[ep 1104] soldier      static_B_2019.12.16_13.40.04.csv@1223  reward=  212.16 qoe=  25.5 qoe_q=   40.5 eps=0.078 loss=1.0409
[ep 1105] longdress    static_B_2020.01.16_10.43.34.csv@494   reward=  246.92 qoe=  58.9 qoe_q=   60.8 eps=0.077 loss=1.0549
[ep 1106] loot         static_B_2020.02.27_18.39.27.csv@2059  reward=  270.90 qoe= 100.0 qoe_q=   89.0 eps=0.076 loss=1.1270
[ep 1107] redandblack  static_B_2020.02.13_13.57.29.csv@299   reward=  285.20 qoe=  34.0 qoe_q=   94.2 eps=0.076 loss=1.1538
[ep 1108] soldier      static_B_2020.01.16_10.43.34.csv@2234  reward=  253.00 qoe=  83.1 qoe_q=   75.1 eps=0.075 loss=1.3166
[ep 1109] longdress    static_B_2020.02.27_18.39.27.csv@5059  reward=  288.69 qoe= 100.0 qoe_q=   95.6 eps=0.074 loss=1.0192
[ep 1110] loot         static_B_2020.02.13_13.57.29.csv@2699  reward=  246.40 qoe=  79.7 qoe_q=   76.0 eps=0.073 loss=1.0863
[ep 1111] redandblack  static_B_2020.01.16_10.43.34.csv@1934  reward=  249.45 qoe=  78.2 qoe_q=   72.5 eps=0.072 loss=0.9189
[ep 1112] soldier      static_B_2019.12.16_13.40.04.csv@1463  reward=  286.58 qoe= 100.0 qoe_q=   95.3 eps=0.071 loss=1.0551
[ep 1113] longdress    static_B_2020.02.27_18.39.27.csv@1279  reward=  231.89 qoe=  53.7 qoe_q=   61.7 eps=0.071 loss=1.0894
[ep 1114] loot         static_B_2020.02.27_18.39.27.csv@1819  reward=  234.05 qoe=   0.0 qoe_q=   14.1 eps=0.070 loss=1.0425
[ep 1115] redandblack  static_B_2020.02.27_18.39.27.csv@5742  reward=  263.87 qoe=  63.2 qoe_q=   70.7 eps=0.069 loss=1.2323
[ep 1116] soldier      static_B_2020.02.27_18.39.27.csv@1579  reward=  214.01 qoe=  41.0 qoe_q=   48.7 eps=0.068 loss=1.2102
[ep 1117] longdress    static_B_2020.02.27_18.39.27.csv@79    reward=  268.01 qoe=  64.9 qoe_q=   74.0 eps=0.067 loss=1.2631
[ep 1118] loot         static_B_2020.01.16_10.43.34.csv@2894  reward=  188.89 qoe=  19.5 qoe_q=   40.0 eps=0.066 loss=1.0605
[ep 1119] redandblack  static_B_2020.02.27_18.39.27.csv@4639  reward=   74.93 qoe=   0.0 qoe_q= -142.7 eps=0.066 loss=0.9914
[ep 1120] soldier      static_B_2020.02.27_18.39.27.csv@3559  reward=  148.45 qoe=   0.0 qoe_q=  -16.4 eps=0.065 loss=0.9488
[ep 1121] longdress    static_B_2020.01.16_10.43.34.csv@1694  reward=  279.46 qoe= 100.0 qoe_q=   92.3 eps=0.064 loss=1.1999
[ep 1122] loot         static_B_2020.01.16_10.43.34.csv@74    reward=  176.25 qoe=   0.0 qoe_q=   -2.7 eps=0.063 loss=1.0422
[ep 1123] redandblack  static_B_2019.12.16_13.40.04.csv@503   reward=  266.61 qoe= 100.0 qoe_q=   85.9 eps=0.062 loss=0.9809
[ep 1124] soldier      static_B_2020.01.16_10.43.34.csv@1394  reward=  103.63 qoe=   0.0 qoe_q= -266.7 eps=0.061 loss=0.9372
[ep 1125] longdress    static_B_2020.02.27_18.39.27.csv@2539  reward=  287.78 qoe= 100.0 qoe_q=   95.3 eps=0.061 loss=0.9247
[ep 1126] loot         static_B_2020.01.16_10.43.34.csv@1334  reward=  268.32 qoe=  86.7 qoe_q=   84.1 eps=0.060 loss=1.0528
[ep 1127] redandblack  static_B_2019.12.16_13.40.04.csv@1763  reward=  261.04 qoe=  87.8 qoe_q=   80.5 eps=0.059 loss=1.0414
[ep 1128] soldier      static_B_2020.02.27_18.39.27.csv@3859  reward=  155.35 qoe=   0.0 qoe_q=  -78.1 eps=0.058 loss=1.1679
[ep 1129] longdress    static_B_2020.01.16_10.43.34.csv@3109  reward=  277.21 qoe= 100.0 qoe_q=   89.9 eps=0.057 loss=0.9366
[ep 1130] loot         static_B_2020.01.16_10.43.34.csv@1874  reward=  274.20 qoe=  82.7 qoe_q=   88.9 eps=0.056 loss=1.1627
[ep 1131] redandblack  static_B_2020.02.13_13.57.29.csv@1799  reward=  211.51 qoe=   4.0 qoe_q=   23.8 eps=0.056 loss=1.0388
[ep 1132] soldier      static_B_2020.02.27_18.39.27.csv@3139  reward=  112.36 qoe=   0.0 qoe_q= -357.2 eps=0.055 loss=1.0423
[ep 1133] longdress    static_B_2020.02.13_13.57.29.csv@2579  reward=  282.27 qoe= 100.0 qoe_q=   92.8 eps=0.054 loss=1.2783
[ep 1134] loot         static_B_2020.02.13_13.57.29.csv@2339  reward=  225.82 qoe=  55.3 qoe_q=   56.9 eps=0.053 loss=1.1179
[ep 1135] redandblack  static_B_2020.02.27_18.39.27.csv@4039  reward=  246.60 qoe=  80.2 qoe_q=   74.6 eps=0.052 loss=1.0474
[ep 1136] soldier      static_B_2020.02.27_18.39.27.csv@3739  reward=  267.94 qoe= 100.0 qoe_q=   86.6 eps=0.051 loss=1.1399
[ep 1137] longdress    static_B_2020.01.16_10.43.34.csv@914   reward=  208.51 qoe=  57.2 qoe_q=   54.5 eps=0.051 loss=1.1833
[ep 1138] loot         static_B_2020.01.16_10.43.34.csv@2834  reward=  186.26 qoe=   0.0 qoe_q=   21.2 eps=0.050 loss=1.0457
[ep 1139] redandblack  static_B_2020.02.27_18.39.27.csv@1939  reward=  217.08 qoe=  51.2 qoe_q=   60.5 eps=0.050 loss=1.0751
[ep 1140] soldier      static_B_2020.02.27_18.39.27.csv@5239  reward=  267.26 qoe= 100.0 qoe_q=   85.8 eps=0.050 loss=1.2699
[ep 1141] longdress    static_B_2020.01.16_10.43.34.csv@1634  reward=  213.47 qoe=  46.9 qoe_q=   57.9 eps=0.050 loss=1.1459
[ep 1142] loot         static_B_2020.01.16_10.43.34.csv@374   reward=  271.25 qoe=  42.7 qoe_q=   56.1 eps=0.050 loss=1.0495
[ep 1143] redandblack  static_B_2020.01.16_10.43.34.csv@434   reward=  178.66 qoe=   0.0 qoe_q=   21.8 eps=0.050 loss=1.0473
[ep 1144] soldier      static_B_2020.02.27_18.39.27.csv@679   reward=  268.50 qoe=  63.2 qoe_q=   72.8 eps=0.050 loss=1.1772
[ep 1145] longdress    static_B_2020.02.13_13.57.29.csv@2219  reward=  215.21 qoe=  29.9 qoe_q=   35.7 eps=0.050 loss=1.0678
[ep 1146] loot         static_B_2020.02.13_13.57.29.csv@2945  reward=  254.14 qoe=  57.4 qoe_q=   59.3 eps=0.050 loss=1.2139
[ep 1147] redandblack  static_B_2020.02.13_13.57.29.csv@1619  reward=  262.24 qoe= 100.0 qoe_q=   83.8 eps=0.050 loss=0.9748
[ep 1148] soldier      static_B_2020.02.27_18.39.27.csv@19    reward=  221.44 qoe=  59.4 qoe_q=   61.4 eps=0.050 loss=1.0743
[ep 1149] longdress    static_B_2020.02.27_18.39.27.csv@5539  reward=  246.95 qoe=  13.1 qoe_q=   37.2 eps=0.050 loss=1.0271
[ep 1150] loot         static_B_2020.02.27_18.39.27.csv@199   reward=  291.90 qoe=  62.0 qoe_q=   96.9 eps=0.050 loss=0.9908
[ep 1151] redandblack  static_B_2019.12.16_13.40.04.csv@1523  reward=  233.21 qoe=  17.8 qoe_q=   26.3 eps=0.050 loss=1.0715
[ep 1152] soldier      static_B_2020.02.13_13.57.29.csv@2819  reward=  205.14 qoe=  22.3 qoe_q=   36.2 eps=0.050 loss=1.2869
[ep 1153] longdress    static_B_2020.02.13_13.57.29.csv@2939  reward=  218.72 qoe=  42.1 qoe_q=   42.3 eps=0.050 loss=1.2021
[ep 1154] loot         static_B_2020.02.13_13.57.29.csv@1679  reward=  182.71 qoe=   3.9 qoe_q=   40.5 eps=0.050 loss=1.0931
[ep 1155] redandblack  static_B_2020.02.27_18.39.27.csv@1999  reward=  265.90 qoe=  85.8 qoe_q=   84.3 eps=0.050 loss=1.1457
[ep 1156] soldier      static_B_2020.02.13_13.57.29.csv@899   reward=  137.73 qoe=   0.0 qoe_q=   -7.1 eps=0.050 loss=1.0284
[ep 1157] longdress    static_B_2019.12.16_13.40.04.csv@683   reward=  270.41 qoe= 100.0 qoe_q=   87.2 eps=0.050 loss=1.1954
[ep 1158] loot         static_B_2020.01.16_10.43.34.csv@1754  reward=  283.10 qoe=  78.0 qoe_q=   92.8 eps=0.050 loss=1.0519
[ep 1159] redandblack  static_B_2020.01.16_10.43.34.csv@794   reward=  263.05 qoe=  70.7 qoe_q=   77.4 eps=0.050 loss=1.1168
[ep 1160] soldier      static_B_2020.02.13_13.57.29.csv@1559  reward=  220.67 qoe=  54.7 qoe_q=   54.2 eps=0.050 loss=1.0719
[ep 1161] longdress    static_B_2020.02.13_13.57.29.csv@959   reward=   80.35 qoe=   0.0 qoe_q= -374.4 eps=0.050 loss=1.1185
[ep 1162] loot         static_B_2020.02.27_18.39.27.csv@2899  reward=  257.86 qoe= 100.0 qoe_q=   76.3 eps=0.050 loss=1.0633
[ep 1163] redandblack  static_B_2019.12.16_13.40.04.csv@1904  reward=  284.53 qoe=  46.0 qoe_q=   93.9 eps=0.050 loss=1.1139
[ep 1164] soldier      static_B_2020.02.27_18.39.27.csv@2719  reward=  277.22 qoe= 100.0 qoe_q=   91.3 eps=0.050 loss=1.1272
[ep 1165] longdress    static_B_2019.12.16_13.40.04.csv@1283  reward=  251.02 qoe=  84.0 qoe_q=   72.7 eps=0.050 loss=1.1245
[ep 1166] loot         static_B_2020.02.27_18.39.27.csv@4279  reward=  274.29 qoe= 100.0 qoe_q=   90.0 eps=0.050 loss=1.1221
[ep 1167] redandblack  static_B_2019.12.16_13.40.04.csv@803   reward=  248.57 qoe=  61.2 qoe_q=   63.0 eps=0.050 loss=0.9061
[ep 1168] soldier      static_B_2020.02.27_18.39.27.csv@4879  reward=   97.31 qoe=   0.0 qoe_q=  -50.2 eps=0.050 loss=1.0654
[ep 1169] longdress    static_B_2020.02.13_13.57.29.csv@1739  reward=  224.46 qoe=   0.0 qoe_q=  -21.6 eps=0.050 loss=1.0405
[ep 1170] loot         static_B_2020.01.16_10.43.34.csv@1574  reward=  284.28 qoe=  84.0 qoe_q=   93.3 eps=0.050 loss=1.0488
[ep 1171] redandblack  static_B_2020.02.13_13.57.29.csv@2879  reward=  166.34 qoe=   0.0 qoe_q=   29.0 eps=0.050 loss=1.2669
[ep 1172] soldier      static_B_2020.02.27_18.39.27.csv@3259  reward=  267.85 qoe=  45.5 qoe_q=   57.5 eps=0.050 loss=1.1013
[ep 1173] longdress    static_B_2020.02.13_13.57.29.csv@1139  reward=  152.47 qoe=   0.0 qoe_q=   13.4 eps=0.050 loss=1.0859
[ep 1174] loot         static_B_2020.02.27_18.39.27.csv@139   reward=  224.96 qoe=  60.8 qoe_q=   61.8 eps=0.050 loss=1.0026
[ep 1175] redandblack  static_B_2020.01.16_10.43.34.csv@2174  reward=  248.38 qoe=  73.4 qoe_q=   72.0 eps=0.050 loss=1.1901
[ep 1176] soldier      static_B_2020.01.16_10.43.34.csv@2294  reward=  112.21 qoe=   0.0 qoe_q= -269.9 eps=0.050 loss=1.1617
[ep 1177] longdress    static_B_2020.02.27_18.39.27.csv@1339  reward=  247.59 qoe=  44.0 qoe_q=   46.7 eps=0.050 loss=1.0570
[ep 1178] loot         static_B_2019.12.16_13.40.04.csv@143   reward=  228.87 qoe=  52.8 qoe_q=   60.3 eps=0.050 loss=1.1876
[ep 1179] redandblack  static_B_2020.02.13_13.57.29.csv@239   reward=  275.49 qoe= 100.0 qoe_q=   90.3 eps=0.050 loss=1.1505
[ep 1180] soldier      static_B_2019.12.16_13.40.04.csv@383   reward=  248.49 qoe=  74.6 qoe_q=   65.2 eps=0.050 loss=1.0170
[ep 1181] longdress    static_B_2020.02.13_13.57.29.csv@2039  reward=  283.21 qoe= 100.0 qoe_q=   91.4 eps=0.050 loss=1.0081
[ep 1182] loot         static_B_2020.02.27_18.39.27.csv@499   reward=  268.89 qoe= 100.0 qoe_q=   87.7 eps=0.050 loss=1.0142
[ep 1183] redandblack  static_B_2020.02.27_18.39.27.csv@2239  reward=  243.09 qoe=  83.1 qoe_q=   74.6 eps=0.050 loss=1.1046
[ep 1184] soldier      static_B_2020.01.16_10.43.34.csv@1274  reward=  259.82 qoe=  81.0 qoe_q=   78.6 eps=0.050 loss=0.9880
[ep 1185] longdress    static_B_2019.12.16_13.40.04.csv@563   reward=  234.00 qoe=  82.7 qoe_q=   65.5 eps=0.050 loss=1.1264
[ep 1186] loot         static_B_2020.02.27_18.39.27.csv@3565  reward=  172.94 qoe=   0.0 qoe_q=  -12.1 eps=0.050 loss=1.1582
[ep 1187] redandblack  static_B_2020.02.13_13.57.29.csv@2109  reward=  150.84 qoe=   0.0 qoe_q=   21.3 eps=0.050 loss=1.2984
[ep 1188] soldier      static_B_2020.02.27_18.39.27.csv@4525  reward=  233.10 qoe=  80.0 qoe_q=   61.6 eps=0.050 loss=1.1149
[ep 1189] longdress    static_B_2020.01.16_10.43.34.csv@2116  reward=  216.68 qoe=  58.0 qoe_q=   54.6 eps=0.050 loss=1.1419
[ep 1190] loot         static_B_2020.01.16_10.43.34.csv@1396  reward=  111.50 qoe=   0.0 qoe_q= -107.1 eps=0.050 loss=1.2770
[ep 1191] redandblack  static_B_2019.12.16_13.40.04.csv@1304  reward=  245.51 qoe=  57.8 qoe_q=   52.3 eps=0.050 loss=1.0950
[ep 1192] soldier      static_B_2020.02.27_18.39.27.csv@2545  reward=  275.95 qoe=  84.6 qoe_q=   88.0 eps=0.050 loss=1.0901
[ep 1193] longdress    static_B_2020.02.27_18.39.27.csv@445   reward=  257.82 qoe=  79.5 qoe_q=   72.4 eps=0.050 loss=1.1162
[ep 1194] loot         static_B_2020.01.16_10.43.34.csv@1756  reward=  289.44 qoe=  96.0 qoe_q=   95.7 eps=0.050 loss=1.2624
[ep 1195] redandblack  static_B_2020.02.27_18.39.27.csv@4045  reward=  275.06 qoe=  76.0 qoe_q=   89.5 eps=0.050 loss=1.1668
[ep 1196] soldier      static_B_2020.02.27_18.39.27.csv@3445  reward=  265.39 qoe=  35.0 qoe_q=   47.9 eps=0.050 loss=1.0948
[ep 1197] longdress    static_B_2020.01.16_10.43.34.csv@316   reward=  267.14 qoe=  84.6 qoe_q=   84.2 eps=0.050 loss=1.0713
[ep 1198] loot         static_B_2020.01.16_10.43.34.csv@3109  reward=  282.20 qoe= 100.0 qoe_q=   92.3 eps=0.050 loss=1.2634
[ep 1199] redandblack  static_B_2019.12.16_13.40.04.csv@464   reward=  221.77 qoe=   0.0 qoe_q= -274.3 eps=0.050 loss=1.2543
[ep 1200] soldier      static_B_2020.01.16_10.43.34.csv@2236  reward=  253.71 qoe=  83.5 qoe_q=   75.4 eps=0.050 loss=1.1222
    [eval @ ep 1200] reward=179.73 qoe=2.0 qoe_q=37.6 mean_q=0.859 stall=9.6s
[ep 1201] longdress    static_B_2020.01.16_10.43.34.csv@2836  reward=  197.19 qoe=   4.5 qoe_q=   24.5 eps=0.050 loss=1.0224
[ep 1202] loot         static_B_2020.02.27_18.39.27.csv@1765  reward=  239.61 qoe=  69.6 qoe_q=   70.6 eps=0.050 loss=1.1655
[ep 1203] redandblack  static_B_2020.01.16_10.43.34.csv@2896  reward=  196.60 qoe=  23.3 qoe_q=   48.2 eps=0.050 loss=1.2231
[ep 1204] soldier      static_B_2020.02.13_13.57.29.csv@2945  reward=  239.41 qoe=  57.1 qoe_q=   47.4 eps=0.050 loss=1.4080
[ep 1205] longdress    static_B_2020.02.27_18.39.27.csv@505   reward=  229.68 qoe=  60.4 qoe_q=   61.0 eps=0.050 loss=1.1164
[ep 1206] loot         static_B_2020.01.16_10.43.34.csv@1816  reward=  279.36 qoe= 100.0 qoe_q=   91.4 eps=0.050 loss=1.2717
[ep 1207] redandblack  static_B_2020.02.27_18.39.27.csv@1225  reward=  286.22 qoe= 100.0 qoe_q=   94.7 eps=0.050 loss=1.1854
[ep 1208] soldier      static_B_2020.02.13_13.57.29.csv@429   reward=  276.17 qoe=  94.0 qoe_q=   89.5 eps=0.050 loss=1.1417
[ep 1209] longdress    static_B_2020.02.27_18.39.27.csv@925   reward=  240.27 qoe=  74.8 qoe_q=   70.2 eps=0.050 loss=1.1147
[ep 1210] loot         static_B_2020.01.16_10.43.34.csv@1096  reward=  162.92 qoe=   0.0 qoe_q=   19.1 eps=0.050 loss=1.2729
[ep 1211] redandblack  static_B_2019.12.16_13.40.04.csv@1544  reward=  274.04 qoe=  78.4 qoe_q=   84.5 eps=0.050 loss=1.2346
[ep 1212] soldier      static_B_2020.02.27_18.39.27.csv@3085  reward=  101.25 qoe=   0.0 qoe_q=  -33.4 eps=0.050 loss=1.1790
[ep 1213] longdress    static_B_2019.12.16_13.40.04.csv@1724  reward=  269.65 qoe= 100.0 qoe_q=   86.6 eps=0.050 loss=1.1133
[ep 1214] loot         static_B_2019.12.16_13.40.04.csv@344   reward=  170.94 qoe=   0.0 qoe_q=    8.4 eps=0.050 loss=1.1699
[ep 1215] redandblack  static_B_2020.02.27_18.39.27.csv@5485  reward=  287.31 qoe=  96.0 qoe_q=   95.2 eps=0.050 loss=1.1516
[ep 1216] soldier      static_B_2020.02.27_18.39.27.csv@1465  reward=  180.91 qoe=   0.0 qoe_q=   -7.6 eps=0.050 loss=1.1643
[ep 1217] longdress    static_B_2020.02.13_13.57.29.csv@1029  reward=  181.83 qoe=  17.8 qoe_q=   39.2 eps=0.050 loss=1.0332
[ep 1218] loot         static_B_2020.01.16_10.43.34.csv@1576  reward=  292.03 qoe= 100.0 qoe_q=   97.0 eps=0.050 loss=1.2711
[ep 1219] redandblack  static_B_2020.01.16_10.43.34.csv@256   reward=  215.08 qoe=  16.4 qoe_q=   23.4 eps=0.050 loss=1.1490
[ep 1220] soldier      static_B_2020.02.27_18.39.27.csv@5245  reward=  273.48 qoe= 100.0 qoe_q=   85.3 eps=0.050 loss=1.1826
[ep 1221] longdress    static_B_2019.12.16_13.40.04.csv@1244  reward=  171.89 qoe=   0.0 qoe_q=    1.6 eps=0.050 loss=1.0879
[ep 1222] loot         static_B_2020.02.27_18.39.27.csv@4645  reward=   86.79 qoe=   0.0 qoe_q= -268.0 eps=0.050 loss=1.0416
[ep 1223] redandblack  static_B_2020.01.16_10.43.34.csv@2536  reward=  276.65 qoe= 100.0 qoe_q=   91.2 eps=0.050 loss=1.1307
[ep 1224] soldier      static_B_2019.12.16_13.40.04.csv@884   reward=  230.06 qoe=  37.3 qoe_q=   42.6 eps=0.050 loss=0.9784
[ep 1225] longdress    static_B_2020.02.13_13.57.29.csv@1749  reward=  263.05 qoe=  72.2 qoe_q=   77.0 eps=0.050 loss=1.1876
[ep 1226] loot         static_B_2020.02.27_18.39.27.csv@985   reward=  269.53 qoe=  42.7 qoe_q=   50.7 eps=0.050 loss=1.1671
[ep 1227] redandblack  static_B_2020.02.13_13.57.29.csv@1629  reward=  190.53 qoe=   7.9 qoe_q=   41.8 eps=0.050 loss=1.2354
[ep 1228] soldier      static_B_2020.01.16_10.43.34.csv@1216  reward=  271.80 qoe= 100.0 qoe_q=   85.9 eps=0.050 loss=1.1618
[ep 1229] longdress    static_B_2020.01.16_10.43.34.csv@2956  reward=  167.08 qoe=   0.0 qoe_q=  -27.2 eps=0.050 loss=0.9961
[ep 1230] loot         static_B_2019.12.16_13.40.04.csv@944   reward=  207.26 qoe=  30.2 qoe_q=   53.4 eps=0.050 loss=0.9853
[ep 1231] redandblack  static_B_2020.02.13_13.57.29.csv@1089  reward=  169.75 qoe=   0.0 qoe_q=    4.7 eps=0.050 loss=1.2010
[ep 1232] soldier      static_B_2019.12.16_13.40.04.csv@704   reward=  250.61 qoe=  63.1 qoe_q=   74.7 eps=0.050 loss=1.0512
[ep 1233] longdress    static_B_2020.02.27_18.39.27.csv@1705  reward=  185.75 qoe=  23.5 qoe_q=   41.7 eps=0.050 loss=1.2008
[ep 1234] loot         static_B_2020.02.27_18.39.27.csv@865   reward=  208.14 qoe=   0.0 qoe_q=  -38.2 eps=0.050 loss=1.1628
[ep 1235] redandblack  static_B_2019.12.16_13.40.04.csv@1424  reward=  244.97 qoe=  59.0 qoe_q=   70.6 eps=0.050 loss=1.0630
[ep 1236] soldier      static_B_2020.02.27_18.39.27.csv@4345  reward=  204.04 qoe=  20.8 qoe_q=   45.7 eps=0.050 loss=1.1931
[ep 1237] longdress    static_B_2020.01.16_10.43.34.csv@376   reward=  172.37 qoe=   0.0 qoe_q=  -14.3 eps=0.050 loss=1.3523
[ep 1238] loot         static_B_2019.12.16_13.40.04.csv@644   reward=  235.58 qoe=  67.1 qoe_q=   69.1 eps=0.050 loss=1.1692
[ep 1239] redandblack  static_B_2020.01.16_10.43.34.csv@136   reward=  247.11 qoe=  83.0 qoe_q=   74.2 eps=0.050 loss=1.3454
[ep 1240] soldier      static_B_2020.02.27_18.39.27.csv@3145  reward=  119.24 qoe=   0.0 qoe_q= -344.7 eps=0.050 loss=1.1412
[ep 1241] longdress    static_B_2020.02.13_13.57.29.csv@2409  reward=  175.14 qoe=   0.0 qoe_q=  -15.6 eps=0.050 loss=1.1480
[ep 1242] loot         static_B_2020.01.16_10.43.34.csv@556   reward=  253.39 qoe=  72.6 qoe_q=   74.6 eps=0.050 loss=1.0650
[ep 1243] redandblack  static_B_2020.02.27_18.39.27.csv@2845  reward=  271.58 qoe= 100.0 qoe_q=   88.2 eps=0.050 loss=1.1074
[ep 1244] soldier      static_B_2020.02.13_13.57.29.csv@669   reward=  191.35 qoe=   7.0 qoe_q=   33.4 eps=0.050 loss=1.3402
[ep 1245] longdress    static_B_2019.12.16_13.40.04.csv@1904  reward=  279.78 qoe=  84.0 qoe_q=   92.2 eps=0.050 loss=1.2397
[ep 1246] loot         static_B_2020.02.27_18.39.27.csv@3925  reward=  289.33 qoe=  34.0 qoe_q=   95.7 eps=0.050 loss=1.1254
[ep 1247] redandblack  static_B_2020.02.27_18.39.27.csv@265   reward=  280.97 qoe= 100.0 qoe_q=   93.1 eps=0.050 loss=1.1910
[ep 1248] soldier      static_B_2020.02.27_18.39.27.csv@4765  reward=  293.74 qoe= 100.0 qoe_q=   97.7 eps=0.050 loss=1.0189
[ep 1249] longdress    static_B_2019.12.16_13.40.04.csv@164   reward=  266.75 qoe=  75.5 qoe_q=   81.8 eps=0.050 loss=1.1537
[ep 1250] loot         static_B_2019.12.16_13.40.04.csv@1604  reward=  282.70 qoe= 100.0 qoe_q=   92.6 eps=0.050 loss=1.0652
[ep 1251] redandblack  static_B_2020.02.27_18.39.27.csv@4405  reward=  256.41 qoe=  60.4 qoe_q=   64.9 eps=0.050 loss=1.1199
[ep 1252] soldier      static_B_2020.02.27_18.39.27.csv@1945  reward=  214.23 qoe=  51.0 qoe_q=   51.6 eps=0.050 loss=1.1753
[ep 1253] longdress    static_B_2020.02.27_18.39.27.csv@5545  reward=  281.73 qoe= 100.0 qoe_q=   92.4 eps=0.050 loss=1.1257
[ep 1254] loot         static_B_2020.02.13_13.57.29.csv@909   reward=  203.74 qoe=  28.3 qoe_q=   40.8 eps=0.050 loss=1.2130
[ep 1255] redandblack  static_B_2020.01.16_10.43.34.csv@1996  reward=  262.96 qoe=  74.8 qoe_q=   77.7 eps=0.050 loss=1.0819
[ep 1256] soldier      static_B_2020.02.27_18.39.27.csv@1585  reward=  231.59 qoe=  50.2 qoe_q=   54.9 eps=0.050 loss=1.1189
[ep 1257] longdress    static_B_2020.02.13_13.57.29.csv@69    reward=  173.33 qoe=   0.0 qoe_q=  -74.9 eps=0.050 loss=1.1233
[ep 1258] loot         static_B_2020.02.13_13.57.29.csv@129   reward=  273.79 qoe=  86.9 qoe_q=   88.1 eps=0.050 loss=1.0403
[ep 1259] redandblack  static_B_2020.02.27_18.39.27.csv@325   reward=  274.95 qoe=  43.5 qoe_q=   54.5 eps=0.050 loss=1.1523
[ep 1260] soldier      static_B_2020.02.27_18.39.27.csv@745   reward=  264.85 qoe= 100.0 qoe_q=   84.2 eps=0.050 loss=1.2123
[ep 1261] longdress    static_B_2019.12.16_13.40.04.csv@104   reward=  269.93 qoe=  79.7 qoe_q=   85.5 eps=0.050 loss=1.1288
[ep 1262] loot         static_B_2019.12.16_13.40.04.csv@1904  reward=  281.64 qoe=   0.0 qoe_q=   92.1 eps=0.050 loss=1.2289
[ep 1263] redandblack  static_B_2020.01.16_10.43.34.csv@616   reward=  191.88 qoe=  27.8 qoe_q=   49.0 eps=0.050 loss=1.0708
[ep 1264] soldier      static_B_2019.12.16_13.40.04.csv@764   reward=  294.33 qoe= 100.0 qoe_q=   97.9 eps=0.050 loss=1.2921
[ep 1265] longdress    static_B_2020.02.13_13.57.29.csv@1329  reward=  216.89 qoe=  49.8 qoe_q=   47.9 eps=0.050 loss=1.2676
[ep 1266] loot         static_B_2020.02.13_13.57.29.csv@2529  reward=  234.39 qoe=  31.3 qoe_q=   55.1 eps=0.050 loss=1.2014
[ep 1267] redandblack  static_B_2020.02.27_18.39.27.csv@2425  reward=  272.30 qoe=  92.0 qoe_q=   88.2 eps=0.050 loss=1.2244
[ep 1268] soldier      static_B_2020.01.16_10.43.34.csv@436   reward=  137.26 qoe=   0.0 qoe_q=  -10.0 eps=0.050 loss=1.1497
[ep 1269] longdress    static_B_2020.02.27_18.39.27.csv@1045  reward=  241.91 qoe=  76.7 qoe_q=   66.8 eps=0.050 loss=1.2298
[ep 1270] loot         static_B_2020.02.27_18.39.27.csv@3265  reward=  286.61 qoe=  74.0 qoe_q=   94.3 eps=0.050 loss=1.2999
[ep 1271] redandblack  static_B_2020.01.16_10.43.34.csv@2056  reward=  256.81 qoe=  79.5 qoe_q=   78.6 eps=0.050 loss=1.2351
[ep 1272] soldier      static_B_2020.01.16_10.43.34.csv@2716  reward=  182.15 qoe=   0.0 qoe_q=   24.6 eps=0.050 loss=1.2546
[ep 1273] longdress    static_B_2020.02.27_18.39.27.csv@2905  reward=  228.23 qoe=  63.4 qoe_q=   62.3 eps=0.050 loss=1.0543
[ep 1274] loot         static_B_2020.02.27_18.39.27.csv@3745  reward=  287.79 qoe= 100.0 qoe_q=   93.4 eps=0.050 loss=1.3651
[ep 1275] redandblack  static_B_2020.01.16_10.43.34.csv@16    reward=  287.33 qoe= 100.0 qoe_q=   95.3 eps=0.050 loss=1.2873
[ep 1276] soldier      static_B_2020.02.27_18.39.27.csv@4105  reward=  287.88 qoe= 100.0 qoe_q=   94.9 eps=0.050 loss=1.2884
[ep 1277] longdress    static_B_2020.02.13_13.57.29.csv@1989  reward=  272.64 qoe= 100.0 qoe_q=   85.4 eps=0.050 loss=1.1324
[ep 1278] loot         static_B_2020.02.13_13.57.29.csv@1929  reward=  277.24 qoe= 100.0 qoe_q=   90.5 eps=0.050 loss=1.3865
[ep 1279] redandblack  static_B_2020.02.13_13.57.29.csv@1269  reward=  195.19 qoe=  25.4 qoe_q=   48.2 eps=0.050 loss=1.1219
[ep 1280] soldier      static_B_2020.02.27_18.39.27.csv@2485  reward=  267.73 qoe=  79.4 qoe_q=   83.5 eps=0.050 loss=1.3180
[ep 1281] longdress    static_B_2019.12.16_13.40.04.csv@1124  reward=  137.72 qoe=   0.0 qoe_q= -467.2 eps=0.050 loss=1.1823
[ep 1282] loot         static_B_2020.02.13_13.57.29.csv@1569  reward=  232.30 qoe=   0.0 qoe_q=    3.5 eps=0.050 loss=1.3379
[ep 1283] redandblack  static_B_2020.02.13_13.57.29.csv@2169  reward=  246.00 qoe=  59.5 qoe_q=   55.4 eps=0.050 loss=1.3041
[ep 1284] soldier      static_B_2020.02.13_13.57.29.csv@789   reward=  178.28 qoe=   0.0 qoe_q=  -12.5 eps=0.050 loss=1.1344
[ep 1285] longdress    static_B_2020.02.27_18.39.27.csv@625   reward=  288.24 qoe= 100.0 qoe_q=   94.0 eps=0.050 loss=1.0824
[ep 1286] loot         static_B_2019.12.16_13.40.04.csv@1844  reward=  254.67 qoe= 100.0 qoe_q=   80.8 eps=0.050 loss=1.1072
[ep 1287] redandblack  static_B_2019.12.16_13.40.04.csv@1064  reward=  228.05 qoe=  62.6 qoe_q=   63.6 eps=0.050 loss=1.2304
[ep 1288] soldier      static_B_2020.01.16_10.43.34.csv@2176  reward=  251.89 qoe=  85.5 qoe_q=   76.2 eps=0.050 loss=1.1533
[ep 1289] longdress    static_B_2020.02.27_18.39.27.csv@5365  reward=  252.98 qoe=  82.9 qoe_q=   79.8 eps=0.050 loss=1.2902
[ep 1290] loot         static_B_2020.01.16_10.43.34.csv@2356  reward=  265.07 qoe=  29.8 qoe_q=   40.6 eps=0.050 loss=1.0125
[ep 1291] redandblack  static_B_2019.12.16_13.40.04.csv@1784  reward=  235.73 qoe=  61.5 qoe_q=   55.0 eps=0.050 loss=1.3770
[ep 1292] soldier      static_B_2020.02.27_18.39.27.csv@1405  reward=  274.37 qoe=  79.7 qoe_q=   88.3 eps=0.050 loss=1.2562
[ep 1293] longdress    static_B_2020.02.13_13.57.29.csv@2945  reward=  229.84 qoe=  38.7 qoe_q=   41.8 eps=0.050 loss=1.1983
[ep 1294] loot         static_B_2020.02.27_18.39.27.csv@2065  reward=  259.26 qoe=  79.4 qoe_q=   82.1 eps=0.050 loss=1.1989
[ep 1295] redandblack  static_B_2020.02.27_18.39.27.csv@3865  reward=  155.75 qoe=   0.0 qoe_q=  -67.3 eps=0.050 loss=1.4114
[ep 1296] soldier      static_B_2020.02.27_18.39.27.csv@3685  reward=  293.39 qoe= 100.0 qoe_q=   97.4 eps=0.050 loss=1.2494
[ep 1297] longdress    static_B_2020.02.13_13.57.29.csv@9     reward=  201.80 qoe=  29.1 qoe_q=   43.3 eps=0.050 loss=1.3358
[ep 1298] loot         static_B_2020.02.27_18.39.27.csv@1645  reward=  253.47 qoe=  83.4 qoe_q=   78.5 eps=0.050 loss=1.4018
[ep 1299] redandblack  static_B_2020.01.16_10.43.34.csv@2296  reward=  114.75 qoe=   0.0 qoe_q= -203.4 eps=0.050 loss=1.4214
[ep 1300] soldier      static_B_2020.02.13_13.57.29.csv@1689  reward=  155.91 qoe=   0.0 qoe_q=  -57.8 eps=0.050 loss=1.2834
    [eval @ ep 1300] reward=176.82 qoe=1.2 qoe_q=36.9 mean_q=0.858 stall=9.8s
[ep 1301] longdress    static_B_2020.02.13_13.57.29.csv@2829  reward=  198.78 qoe=   2.1 qoe_q=   21.1 eps=0.050 loss=1.2970
[ep 1302] loot         static_B_2020.02.27_18.39.27.csv@2785  reward=  285.46 qoe=  30.0 qoe_q=   94.1 eps=0.050 loss=1.3307
[ep 1303] redandblack  static_B_2020.02.13_13.57.29.csv@1509  reward=  170.63 qoe=   0.0 qoe_q=   33.3 eps=0.050 loss=1.1418
[ep 1304] soldier      static_B_2019.12.16_13.40.04.csv@1184  reward=  183.80 qoe=  10.5 qoe_q=   37.7 eps=0.050 loss=1.2552
[ep 1305] longdress    static_B_2019.12.16_13.40.04.csv@1904  reward=  286.69 qoe=  96.0 qoe_q=   94.9 eps=0.050 loss=1.2606
[ep 1306] loot         static_B_2020.02.27_18.39.27.csv@1885  reward=  261.83 qoe=  63.0 qoe_q=   69.6 eps=0.050 loss=1.1657
[ep 1307] redandblack  static_B_2020.02.13_13.57.29.csv@1389  reward=  265.72 qoe=  83.4 qoe_q=   84.3 eps=0.050 loss=1.1863
[ep 1308] soldier      static_B_2020.02.27_18.39.27.csv@4225  reward=  279.80 qoe= 100.0 qoe_q=   89.4 eps=0.050 loss=1.2093
[ep 1309] longdress    static_B_2020.02.27_18.39.27.csv@1285  reward=  231.21 qoe=  55.1 qoe_q=   59.1 eps=0.050 loss=1.1671
[ep 1310] loot         static_B_2020.01.16_10.43.34.csv@736   reward=  251.35 qoe=  62.0 qoe_q=   76.4 eps=0.050 loss=1.3544
[ep 1311] redandblack  static_B_2020.02.27_18.39.27.csv@3505  reward=  233.60 qoe=  28.7 qoe_q=   22.1 eps=0.050 loss=1.1773
[ep 1312] soldier      static_B_2020.02.13_13.57.29.csv@549   reward=  269.55 qoe=  59.2 qoe_q=   67.3 eps=0.050 loss=1.1751
[ep 1313] longdress    static_B_2020.02.27_18.39.27.csv@4585  reward=  217.61 qoe=  59.8 qoe_q=   56.3 eps=0.050 loss=1.1880
[ep 1314] loot         static_B_2020.01.16_10.43.34.csv@3109  reward=  292.50 qoe= 100.0 qoe_q=   97.1 eps=0.050 loss=1.0433
[ep 1315] redandblack  static_B_2020.02.27_18.39.27.csv@685   reward=  285.04 qoe= 100.0 qoe_q=   93.9 eps=0.050 loss=1.0764
[ep 1316] soldier      static_B_2020.02.13_13.57.29.csv@189   reward=  173.75 qoe=   0.0 qoe_q=   30.2 eps=0.050 loss=1.3294
[ep 1317] longdress    static_B_2020.02.27_18.39.27.csv@5665  reward=  223.56 qoe=  45.5 qoe_q=   45.4 eps=0.050 loss=1.2585
[ep 1318] loot         static_B_2020.02.27_18.39.27.csv@3385  reward=  292.01 qoe=  86.0 qoe_q=   96.9 eps=0.050 loss=1.1522
[ep 1319] redandblack  static_B_2020.02.13_13.57.29.csv@2769  reward=  235.29 qoe=  75.5 qoe_q=   67.1 eps=0.050 loss=1.2173
[ep 1320] soldier      static_B_2020.02.13_13.57.29.csv@849   reward=  163.14 qoe=   0.0 qoe_q=   11.6 eps=0.050 loss=1.2131
[ep 1321] longdress    static_B_2020.02.27_18.39.27.csv@5605  reward=  266.52 qoe= 100.0 qoe_q=   85.3 eps=0.050 loss=1.3615
[ep 1322] loot         static_B_2020.02.13_13.57.29.csv@1449  reward=  205.44 qoe=   4.1 qoe_q=   21.5 eps=0.050 loss=1.1372
[ep 1323] redandblack  static_B_2020.02.27_18.39.27.csv@3025  reward=  194.39 qoe=  17.5 qoe_q=   45.5 eps=0.050 loss=1.3448
[ep 1324] soldier      static_B_2020.02.27_18.39.27.csv@25    reward=  293.31 qoe= 100.0 qoe_q=   97.6 eps=0.050 loss=1.2495
[ep 1325] longdress    static_B_2020.01.16_10.43.34.csv@1276  reward=  271.62 qoe=  85.7 qoe_q=   77.5 eps=0.050 loss=1.1370
[ep 1326] loot         static_B_2019.12.16_13.40.04.csv@824   reward=  285.10 qoe=  86.0 qoe_q=   92.9 eps=0.050 loss=1.3769
[ep 1327] redandblack  static_B_2020.02.27_18.39.27.csv@1825  reward=  239.92 qoe=   0.0 qoe_q=   16.3 eps=0.050 loss=1.2983
[ep 1328] soldier      static_B_2020.02.13_13.57.29.csv@489   reward=  187.34 qoe=   0.0 qoe_q=   20.3 eps=0.050 loss=1.2069
[ep 1329] longdress    static_B_2020.02.13_13.57.29.csv@2469  reward=  236.46 qoe=   0.8 qoe_q=   30.0 eps=0.050 loss=1.3601
[ep 1330] loot         static_B_2020.02.27_18.39.27.csv@5305  reward=  289.36 qoe= 100.0 qoe_q=   95.7 eps=0.050 loss=1.3013
[ep 1331] redandblack  static_B_2020.01.16_10.43.34.csv@2656  reward=  285.66 qoe= 100.0 qoe_q=   92.3 eps=0.050 loss=1.4293
[ep 1332] soldier      static_B_2020.02.27_18.39.27.csv@4285  reward=  257.55 qoe= 100.0 qoe_q=   82.7 eps=0.050 loss=1.2780
[ep 1333] longdress    static_B_2020.02.13_13.57.29.csv@2049  reward=  254.64 qoe=  68.9 qoe_q=   68.5 eps=0.050 loss=1.3220
[ep 1334] loot         static_B_2020.02.27_18.39.27.csv@5005  reward=  272.61 qoe=  65.5 qoe_q=   71.9 eps=0.050 loss=1.2783
[ep 1335] redandblack  static_B_2020.02.27_18.39.27.csv@85    reward=  267.22 qoe=  72.6 qoe_q=   80.2 eps=0.050 loss=1.1163
[ep 1336] soldier      static_B_2020.02.27_18.39.27.csv@5185  reward=  290.15 qoe= 100.0 qoe_q=   96.1 eps=0.050 loss=1.2071
[ep 1337] longdress    static_B_2020.02.13_13.57.29.csv@2709  reward=  237.06 qoe=  42.6 qoe_q=   60.0 eps=0.050 loss=1.3683
[ep 1338] loot         static_B_2020.02.13_13.57.29.csv@2289  reward=  265.39 qoe=  85.0 qoe_q=   85.6 eps=0.050 loss=1.1616
[ep 1339] redandblack  static_B_2020.01.16_10.43.34.csv@1636  reward=  229.86 qoe=  65.3 qoe_q=   64.2 eps=0.050 loss=1.3368
[ep 1340] soldier      static_B_2019.12.16_13.40.04.csv@44    reward=  182.68 qoe=   0.0 qoe_q=   18.9 eps=0.050 loss=1.1061
[ep 1341] longdress    static_B_2020.01.16_10.43.34.csv@856   reward=  257.71 qoe=  61.1 qoe_q=   62.6 eps=0.050 loss=1.2653
[ep 1342] loot         static_B_2020.02.13_13.57.29.csv@729   reward=  220.93 qoe=  42.4 qoe_q=   44.8 eps=0.050 loss=1.2830
[ep 1343] redandblack  static_B_2020.01.16_10.43.34.csv@916   reward=  223.08 qoe=  60.6 qoe_q=   59.3 eps=0.050 loss=1.3244
[ep 1344] soldier      static_B_2020.02.27_18.39.27.csv@2305  reward=  218.27 qoe=  27.4 qoe_q=   43.9 eps=0.050 loss=1.3529
[ep 1345] longdress    static_B_2019.12.16_13.40.04.csv@1004  reward=  193.54 qoe=   0.0 qoe_q=   20.4 eps=0.050 loss=1.2718
[ep 1346] loot         static_B_2020.02.13_13.57.29.csv@2589  reward=  273.67 qoe=  18.8 qoe_q=   63.8 eps=0.050 loss=1.5680
[ep 1347] redandblack  static_B_2020.02.27_18.39.27.csv@1165  reward=  158.25 qoe=   0.0 qoe_q= -185.8 eps=0.050 loss=1.4410
[ep 1348] soldier      static_B_2020.02.27_18.39.27.csv@1525  reward=  227.53 qoe=  58.5 qoe_q=   46.5 eps=0.050 loss=1.1937
[ep 1349] longdress    static_B_2019.12.16_13.40.04.csv@284   reward=  223.73 qoe=  54.9 qoe_q=   55.7 eps=0.050 loss=1.1823
[ep 1350] loot         static_B_2020.02.27_18.39.27.csv@4825  reward=  274.29 qoe=  56.0 qoe_q=   89.8 eps=0.050 loss=1.3645
[ep 1351] redandblack  static_B_2020.02.27_18.39.27.csv@5065  reward=  287.31 qoe= 100.0 qoe_q=   95.2 eps=0.050 loss=1.2196
[ep 1352] soldier      static_B_2020.02.27_18.39.27.csv@5125  reward=  282.62 qoe=  96.0 qoe_q=   92.5 eps=0.050 loss=1.3261
[ep 1353] longdress    static_B_2020.02.13_13.57.29.csv@969   reward=   78.95 qoe=   0.0 qoe_q= -338.4 eps=0.050 loss=1.4655
[ep 1354] loot         static_B_2019.12.16_13.40.04.csv@584   reward=  253.44 qoe=  84.8 qoe_q=   81.1 eps=0.050 loss=1.2965
[ep 1355] redandblack  static_B_2020.02.27_18.39.27.csv@4705  reward=  251.43 qoe=  69.9 qoe_q=   66.5 eps=0.050 loss=1.2534
[ep 1356] soldier      static_B_2020.02.27_18.39.27.csv@1105  reward=  204.96 qoe=  28.1 qoe_q=   40.3 eps=0.050 loss=1.1975
[ep 1357] longdress    static_B_2020.02.27_18.39.27.csv@805   reward=  247.81 qoe=  70.1 qoe_q=   73.8 eps=0.050 loss=1.1066
[ep 1358] loot         static_B_2020.02.13_13.57.29.csv@1809  reward=  271.03 qoe=  84.7 qoe_q=   87.8 eps=0.050 loss=1.2398
[ep 1359] redandblack  static_B_2020.01.16_10.43.34.csv@796   reward=  260.07 qoe=  64.2 qoe_q=   70.6 eps=0.050 loss=1.2073
[ep 1360] soldier      static_B_2020.02.13_13.57.29.csv@1209  reward=  232.38 qoe=  59.4 qoe_q=   65.4 eps=0.050 loss=1.1002
[ep 1361] longdress    static_B_2020.02.27_18.39.27.csv@2965  reward=  249.52 qoe=  60.1 qoe_q=   59.8 eps=0.050 loss=1.0997
[ep 1362] loot         static_B_2020.02.13_13.57.29.csv@369   reward=  191.27 qoe=   3.2 qoe_q=   26.7 eps=0.050 loss=1.2810
[ep 1363] redandblack  static_B_2020.02.13_13.57.29.csv@2229  reward=  224.38 qoe=  76.4 qoe_q=   63.4 eps=0.050 loss=1.2785
[ep 1364] soldier      static_B_2020.02.27_18.39.27.csv@3325  reward=  289.68 qoe= 100.0 qoe_q=   96.0 eps=0.050 loss=1.2686
[ep 1365] longdress    static_B_2020.02.27_18.39.27.csv@2605  reward=  237.18 qoe=  50.0 qoe_q=   59.5 eps=0.050 loss=1.1506
[ep 1366] loot         static_B_2020.02.13_13.57.29.csv@309   reward=  286.07 qoe=  72.0 qoe_q=   94.4 eps=0.050 loss=1.2717
[ep 1367] redandblack  static_B_2020.02.27_18.39.27.csv@2185  reward=  270.12 qoe=  69.3 qoe_q=   74.4 eps=0.050 loss=1.4806
[ep 1368] soldier      static_B_2020.01.16_10.43.34.csv@1456  reward=  247.16 qoe=  40.9 qoe_q=   58.5 eps=0.050 loss=1.2496
[ep 1369] longdress    static_B_2020.01.16_10.43.34.csv@2776  reward=  248.39 qoe=  79.8 qoe_q=   69.6 eps=0.050 loss=1.4183
[ep 1370] loot         static_B_2020.02.27_18.39.27.csv@385   reward=  280.05 qoe= 100.0 qoe_q=   92.1 eps=0.050 loss=1.4369
[ep 1371] redandblack  static_B_2019.12.16_13.40.04.csv@404   reward=  194.31 qoe=  15.0 qoe_q=   23.9 eps=0.050 loss=1.1995
[ep 1372] soldier      static_B_2020.01.16_10.43.34.csv@496   reward=  245.56 qoe=  58.8 qoe_q=   57.8 eps=0.050 loss=1.3449
[ep 1373] longdress    static_B_2020.02.27_18.39.27.csv@4945  reward=  265.43 qoe=  74.8 qoe_q=   81.3 eps=0.050 loss=1.2629
[ep 1374] loot         static_B_2020.01.16_10.43.34.csv@1036  reward=  285.56 qoe= 100.0 qoe_q=   94.6 eps=0.050 loss=1.0994
[ep 1375] redandblack  static_B_2020.02.27_18.39.27.csv@1345  reward=  285.24 qoe=  92.0 qoe_q=   94.4 eps=0.050 loss=1.2003
[ep 1376] soldier      static_B_2020.02.27_18.39.27.csv@2365  reward=  259.39 qoe=   0.0 qoe_q= -179.9 eps=0.050 loss=1.1778
[ep 1377] longdress    static_B_2020.02.27_18.39.27.csv@145   reward=  254.84 qoe=  76.9 qoe_q=   78.5 eps=0.050 loss=1.2823
[ep 1378] loot         static_B_2020.02.27_18.39.27.csv@4465  reward=  165.18 qoe=   0.0 qoe_q=   29.8 eps=0.050 loss=1.2167
[ep 1379] redandblack  static_B_2020.02.27_18.39.27.csv@5742  reward=  277.31 qoe=  92.0 qoe_q=   90.6 eps=0.050 loss=1.2240
[ep 1380] soldier      static_B_2020.01.16_10.43.34.csv@1696  reward=  260.04 qoe=  70.6 qoe_q=   76.1 eps=0.050 loss=1.3634
[ep 1381] longdress    static_B_2020.01.16_10.43.34.csv@76    reward=  150.58 qoe=   0.0 qoe_q=  -20.9 eps=0.050 loss=1.2763
[ep 1382] loot         static_B_2020.02.27_18.39.27.csv@2245  reward=  268.58 qoe=  89.4 qoe_q=   83.4 eps=0.050 loss=1.3840
[ep 1383] redandblack  static_B_2020.02.27_18.39.27.csv@2725  reward=  286.68 qoe=  98.0 qoe_q=   94.9 eps=0.050 loss=1.3030
[ep 1384] soldier      static_B_2020.02.27_18.39.27.csv@565   reward=  279.26 qoe= 100.0 qoe_q=   91.4 eps=0.050 loss=1.3292
[ep 1385] longdress    static_B_2020.01.16_10.43.34.csv@1516  reward=  257.83 qoe=  83.4 qoe_q=   80.9 eps=0.050 loss=1.4594
[ep 1386] loot         static_B_2020.02.13_13.57.29.csv@2889  reward=  196.31 qoe=   0.0 qoe_q=    4.1 eps=0.050 loss=1.2927
[ep 1387] redandblack  static_B_2020.01.16_10.43.34.csv@1936  reward=  229.08 qoe=  66.9 qoe_q=   65.4 eps=0.050 loss=1.1528
[ep 1388] soldier      static_B_2020.01.16_10.43.34.csv@3016  reward=  293.31 qoe= 100.0 qoe_q=   97.6 eps=0.050 loss=1.4774
[ep 1389] longdress    static_B_2020.02.27_18.39.27.csv@5425  reward=  180.76 qoe=   7.0 qoe_q=   30.9 eps=0.050 loss=1.4433
[ep 1390] loot         static_B_2019.12.16_13.40.04.csv@1484  reward=  270.75 qoe=  68.5 qoe_q=   77.9 eps=0.050 loss=1.5045
[ep 1391] redandblack  static_B_2020.02.13_13.57.29.csv@1149  reward=  179.86 qoe=  14.1 qoe_q=   35.1 eps=0.050 loss=1.2814
[ep 1392] soldier      static_B_2020.02.13_13.57.29.csv@249   reward=  275.66 qoe= 100.0 qoe_q=   87.9 eps=0.050 loss=1.2939
[ep 1393] longdress    static_B_2020.01.16_10.43.34.csv@3076  reward=  249.40 qoe=  71.9 qoe_q=   71.3 eps=0.050 loss=1.4057
[ep 1394] loot         static_B_2019.12.16_13.40.04.csv@224   reward=  213.35 qoe=   0.0 qoe_q=  -41.9 eps=0.050 loss=1.3560
[ep 1395] redandblack  static_B_2020.01.16_10.43.34.csv@1876  reward=  272.88 qoe=  68.0 qoe_q=   88.4 eps=0.050 loss=1.3309
[ep 1396] soldier      static_B_2020.02.27_18.39.27.csv@2665  reward=  174.37 qoe=   0.0 qoe_q=    6.1 eps=0.050 loss=1.5245
[ep 1397] longdress    static_B_2020.01.16_10.43.34.csv@2596  reward=  258.19 qoe=  71.4 qoe_q=   75.3 eps=0.050 loss=1.2251
[ep 1398] loot         static_B_2020.02.13_13.57.29.csv@609   reward=  190.51 qoe=   0.0 qoe_q=  -10.5 eps=0.050 loss=1.5892
[ep 1399] redandblack  static_B_2020.02.13_13.57.29.csv@2349  reward=  233.89 qoe=  74.0 qoe_q=   64.4 eps=0.050 loss=1.1711
[ep 1400] soldier      static_B_2020.01.16_10.43.34.csv@976   reward=  283.14 qoe=  73.1 qoe_q=   83.1 eps=0.050 loss=1.2076
    [eval @ ep 1400] reward=188.44 qoe=21.8 qoe_q=39.3 mean_q=0.831 stall=7.6s  <-- best (saved)
[ep 1401] longdress    static_B_2020.02.27_18.39.27.csv@4885  reward=  107.84 qoe=   0.0 qoe_q=  -30.1 eps=0.050 loss=1.2884
[ep 1402] loot         static_B_2020.01.16_10.43.34.csv@1156  reward=  224.07 qoe=   0.0 qoe_q=   15.0 eps=0.050 loss=1.2392
[ep 1403] redandblack  static_B_2020.02.27_18.39.27.csv@5725  reward=  252.94 qoe=  78.5 qoe_q=   77.2 eps=0.050 loss=1.3392
[ep 1404] soldier      static_B_2020.02.27_18.39.27.csv@205   reward=  248.85 qoe=   0.0 qoe_q=    4.3 eps=0.050 loss=1.1281
[ep 1405] longdress    static_B_2020.02.27_18.39.27.csv@2125  reward=  214.19 qoe=  45.4 qoe_q=   58.5 eps=0.050 loss=1.1567
[ep 1406] loot         static_B_2019.12.16_13.40.04.csv@1664  reward=  254.96 qoe=  60.9 qoe_q=   59.0 eps=0.050 loss=1.3243
[ep 1407] redandblack  static_B_2019.12.16_13.40.04.csv@524   reward=  274.39 qoe=  84.2 qoe_q=   87.7 eps=0.050 loss=1.3937
[ep 1408] soldier      static_B_2020.01.16_10.43.34.csv@2476  reward=  283.33 qoe= 100.0 qoe_q=   92.4 eps=0.050 loss=1.3759
[ep 1409] longdress    static_B_2020.02.27_18.39.27.csv@3625  reward=  213.24 qoe=   0.0 qoe_q=   15.9 eps=0.050 loss=1.1697
[ep 1410] loot         static_B_2020.02.13_13.57.29.csv@1869  reward=  269.80 qoe=  47.8 qoe_q=   59.9 eps=0.050 loss=1.1682
[ep 1411] redandblack  static_B_2020.02.27_18.39.27.csv@4165  reward=  281.22 qoe= 100.0 qoe_q=   92.0 eps=0.050 loss=1.6640
[ep 1412] soldier      static_B_2020.01.16_10.43.34.csv@196   reward=  269.10 qoe=  68.2 qoe_q=   84.1 eps=0.050 loss=1.3476
[ep 1413] longdress    static_B_2020.02.13_13.57.29.csv@2649  reward=  282.21 qoe= 100.0 qoe_q=   91.1 eps=0.050 loss=1.4983
[ep 1414] loot         static_B_2020.01.16_10.43.34.csv@2416  reward=  255.36 qoe=  35.5 qoe_q=   42.0 eps=0.050 loss=1.4695
[ep 1415] redandblack  static_B_2019.12.16_13.40.04.csv@1364  reward=  177.89 qoe=   0.0 qoe_q= -187.6 eps=0.050 loss=1.2966
[ep 1416] soldier      static_B_2020.01.16_10.43.34.csv@676   reward=  290.63 qoe= 100.0 qoe_q=   96.3 eps=0.050 loss=1.0426
[ep 1417] longdress    static_B_2020.02.27_18.39.27.csv@3805  reward=  211.83 qoe=   0.0 qoe_q=   -1.7 eps=0.050 loss=1.3586
[ep 1418] loot         static_B_2020.02.27_18.39.27.csv@3205  reward=  291.36 qoe=  20.0 qoe_q=   96.5 eps=0.050 loss=1.3491
[ep 1419] redandblack  static_B_2020.02.27_18.39.27.csv@3985  reward=  287.86 qoe=  88.0 qoe_q=   95.4 eps=0.050 loss=1.1713
[ep 1420] soldier      static_B_2020.02.27_18.39.27.csv@5742  reward=  292.13 qoe= 100.0 qoe_q=   97.1 eps=0.050 loss=1.4398
[ep 1421] longdress    static_B_2020.01.16_10.43.34.csv@1336  reward=  246.41 qoe=  77.5 qoe_q=   69.3 eps=0.050 loss=1.2235
[ep 1422] loot         static_B_2020.02.27_18.39.27.csv@2005  reward=  271.36 qoe=  84.0 qoe_q=   86.9 eps=0.050 loss=1.2843
[ep 1423] redandblack  static_B_2020.02.27_18.39.27.csv@1251  reward=  286.88 qoe= 100.0 qoe_q=   95.1 eps=0.050 loss=1.5964
[ep 1424] soldier      static_B_2020.02.27_18.39.27.csv@2871  reward=  248.61 qoe=  71.3 qoe_q=   71.1 eps=0.050 loss=1.4016
[ep 1425] longdress    static_B_2020.02.27_18.39.27.csv@2931  reward=  210.93 qoe=  43.1 qoe_q=   51.0 eps=0.050 loss=1.4226
[ep 1426] loot         static_B_2020.02.27_18.39.27.csv@5211  reward=  130.69 qoe=   0.0 qoe_q=   -4.0 eps=0.050 loss=1.4320
[ep 1427] redandblack  static_B_2020.01.16_10.43.34.csv@1770  reward=  287.41 qoe=  56.0 qoe_q=   95.3 eps=0.050 loss=1.4189
[ep 1428] soldier      static_B_2020.02.13_13.57.29.csv@1932  reward=  233.46 qoe=  34.2 qoe_q=   28.6 eps=0.050 loss=1.3358
[ep 1429] longdress    static_B_2019.12.16_13.40.04.csv@73    reward=  280.00 qoe= 100.0 qoe_q=   88.5 eps=0.050 loss=1.3973
[ep 1430] loot         static_B_2020.02.27_18.39.27.csv@1911  reward=  273.09 qoe=  34.1 qoe_q=   87.8 eps=0.050 loss=1.1520
[ep 1431] redandblack  static_B_2020.02.13_13.57.29.csv@2652  reward=  264.87 qoe=  85.4 qoe_q=   85.5 eps=0.050 loss=1.1937
[ep 1432] soldier      static_B_2020.01.16_10.43.34.csv@2490  reward=  283.65 qoe= 100.0 qoe_q=   93.0 eps=0.050 loss=1.3851
[ep 1433] longdress    static_B_2020.02.27_18.39.27.csv@1431  reward=  256.60 qoe=  85.3 qoe_q=   79.7 eps=0.050 loss=1.1714
[ep 1434] loot         static_B_2020.02.27_18.39.27.csv@5511  reward=  280.71 qoe=  42.0 qoe_q=   92.1 eps=0.050 loss=1.4019
[ep 1435] redandblack  static_B_2020.02.13_13.57.29.csv@1092  reward=  164.02 qoe=   0.0 qoe_q=   13.9 eps=0.050 loss=1.1880
[ep 1436] soldier      static_B_2020.02.27_18.39.27.csv@3651  reward=  274.74 qoe=  84.0 qoe_q=   89.1 eps=0.050 loss=1.4852
[ep 1437] longdress    static_B_2020.02.13_13.57.29.csv@1452  reward=  166.51 qoe=   0.0 qoe_q=    2.4 eps=0.050 loss=1.5026
[ep 1438] loot         static_B_2020.02.13_13.57.29.csv@2945  reward=  252.49 qoe=  61.0 qoe_q=   64.8 eps=0.050 loss=1.3011
[ep 1439] redandblack  static_B_2020.01.16_10.43.34.csv@2370  reward=  278.68 qoe= 100.0 qoe_q=   91.5 eps=0.050 loss=1.3072
[ep 1440] soldier      static_B_2020.02.27_18.39.27.csv@5031  reward=  292.03 qoe= 100.0 qoe_q=   97.0 eps=0.050 loss=1.4427
[ep 1441] longdress    static_B_2020.01.16_10.43.34.csv@1050  reward=  153.95 qoe=   0.0 qoe_q=   21.8 eps=0.050 loss=1.5833
[ep 1442] loot         static_B_2020.02.27_18.39.27.csv@2691  reward=  246.72 qoe=  70.2 qoe_q=   65.8 eps=0.050 loss=1.4255
[ep 1443] redandblack  static_B_2019.12.16_13.40.04.csv@613   reward=  189.85 qoe=  34.0 qoe_q=   40.0 eps=0.050 loss=1.2520
[ep 1444] soldier      static_B_2019.12.16_13.40.04.csv@853   reward=  239.75 qoe=  72.0 qoe_q=   63.9 eps=0.050 loss=1.1400
[ep 1445] longdress    static_B_2020.01.16_10.43.34.csv@2190  reward=  230.24 qoe=   9.7 qoe_q=   21.0 eps=0.050 loss=1.4977
[ep 1446] loot         static_B_2020.02.27_18.39.27.csv@2571  reward=  252.11 qoe=   0.0 qoe_q=    9.9 eps=0.050 loss=1.4997
[ep 1447] redandblack  static_B_2020.02.27_18.39.27.csv@5742  reward=  248.50 qoe=  64.3 qoe_q=   65.0 eps=0.050 loss=1.4204
[ep 1448] soldier      static_B_2020.01.16_10.43.34.csv@450   reward=  138.29 qoe=   0.0 qoe_q=    7.9 eps=0.050 loss=1.3746
[ep 1449] longdress    static_B_2020.02.27_18.39.27.csv@2631  reward=  174.62 qoe=   0.0 qoe_q=  -48.9 eps=0.050 loss=1.4272
[ep 1450] loot         static_B_2020.02.13_13.57.29.csv@1512  reward=  174.71 qoe=  25.1 qoe_q=   38.7 eps=0.050 loss=1.2265
[ep 1451] redandblack  static_B_2020.02.13_13.57.29.csv@1392  reward=  279.99 qoe= 100.0 qoe_q=   89.8 eps=0.050 loss=1.2728
[ep 1452] soldier      static_B_2020.02.13_13.57.29.csv@2412  reward=  159.97 qoe=   0.0 qoe_q=  -39.6 eps=0.050 loss=1.2618
[ep 1453] longdress    static_B_2020.02.13_13.57.29.csv@792   reward=  182.89 qoe=   0.0 qoe_q=   -3.8 eps=0.050 loss=1.3601
[ep 1454] loot         static_B_2020.02.13_13.57.29.csv@312   reward=  286.06 qoe=  44.0 qoe_q=   94.1 eps=0.050 loss=1.4134
[ep 1455] redandblack  static_B_2020.02.13_13.57.29.csv@732   reward=  217.50 qoe=  48.3 qoe_q=   50.6 eps=0.050 loss=1.2512
[ep 1456] soldier      static_B_2020.01.16_10.43.34.csv@1710  reward=  197.22 qoe=   0.0 qoe_q=   24.7 eps=0.050 loss=1.5586
[ep 1457] longdress    static_B_2020.02.27_18.39.27.csv@4131  reward=  276.96 qoe= 100.0 qoe_q=   90.2 eps=0.050 loss=1.3634
[ep 1458] loot         static_B_2019.12.16_13.40.04.csv@1093  reward=  153.48 qoe=   0.0 qoe_q= -460.6 eps=0.050 loss=1.4521
[ep 1459] redandblack  static_B_2019.12.16_13.40.04.csv@1273  reward=  151.51 qoe=   0.0 qoe_q=   13.4 eps=0.050 loss=1.1023
[ep 1460] soldier      static_B_2020.01.16_10.43.34.csv@2670  reward=  219.60 qoe=  62.5 qoe_q=   62.4 eps=0.050 loss=1.3238
[ep 1461] longdress    static_B_2020.01.16_10.43.34.csv@2610  reward=  278.25 qoe=  87.4 qoe_q=   90.8 eps=0.050 loss=1.1652
[ep 1462] loot         static_B_2020.02.13_13.57.29.csv@852   reward=  208.28 qoe=  42.5 qoe_q=   50.1 eps=0.050 loss=1.5720
[ep 1463] redandblack  static_B_2020.02.13_13.57.29.csv@1692  reward=  170.81 qoe=   0.0 qoe_q=  -24.1 eps=0.050 loss=1.6633
[ep 1464] soldier      static_B_2019.12.16_13.40.04.csv@1693  reward=  229.36 qoe=  51.8 qoe_q=   58.5 eps=0.050 loss=1.2617
[ep 1465] longdress    static_B_2020.01.16_10.43.34.csv@1350  reward=  216.38 qoe=  22.8 qoe_q=   29.1 eps=0.050 loss=1.2193
[ep 1466] loot         static_B_2020.02.13_13.57.29.csv@552   reward=  255.91 qoe= 100.0 qoe_q=   81.4 eps=0.050 loss=1.4365
[ep 1467] redandblack  static_B_2020.01.16_10.43.34.csv@1590  reward=  252.06 qoe=  13.8 qoe_q=   36.9 eps=0.050 loss=1.2953
[ep 1468] soldier      static_B_2020.02.13_13.57.29.csv@1032  reward=  196.74 qoe=  12.0 qoe_q=   45.6 eps=0.050 loss=1.2438
[ep 1469] longdress    static_B_2020.02.27_18.39.27.csv@111   reward=  251.04 qoe=  62.3 qoe_q=   65.0 eps=0.050 loss=1.5753
[ep 1470] loot         static_B_2020.02.13_13.57.29.csv@132   reward=  285.60 qoe= 100.0 qoe_q=   94.0 eps=0.050 loss=1.5282
[ep 1471] redandblack  static_B_2020.02.27_18.39.27.csv@3591  reward=  278.48 qoe= 100.0 qoe_q=   91.1 eps=0.050 loss=1.4365
[ep 1472] soldier      static_B_2020.02.13_13.57.29.csv@12    reward=  253.31 qoe=  61.8 qoe_q=   63.2 eps=0.050 loss=1.2798
[ep 1473] longdress    static_B_2020.02.27_18.39.27.csv@4671  reward=  173.01 qoe=   0.0 qoe_q= -170.7 eps=0.050 loss=1.2584
[ep 1474] loot         static_B_2019.12.16_13.40.04.csv@733   reward=  267.07 qoe=  73.4 qoe_q=   80.5 eps=0.050 loss=1.1455
[ep 1475] redandblack  static_B_2020.01.16_10.43.34.csv@3109  reward=  287.41 qoe= 100.0 qoe_q=   95.3 eps=0.050 loss=1.3473
[ep 1476] soldier      static_B_2020.02.13_13.57.29.csv@2772  reward=  198.31 qoe=  41.7 qoe_q=   48.9 eps=0.050 loss=1.3118
[ep 1477] longdress    static_B_2020.02.27_18.39.27.csv@1611  reward=  152.38 qoe=   0.0 qoe_q=  -15.6 eps=0.050 loss=1.3529
[ep 1478] loot         static_B_2020.02.27_18.39.27.csv@3231  reward=  275.80 qoe=  10.0 qoe_q=   90.3 eps=0.050 loss=1.4348
[ep 1479] redandblack  static_B_2020.02.27_18.39.27.csv@5571  reward=  281.67 qoe=  94.0 qoe_q=   92.6 eps=0.050 loss=1.4072
[ep 1480] soldier      static_B_2020.02.27_18.39.27.csv@5331  reward=  293.95 qoe=  92.0 qoe_q=   97.6 eps=0.050 loss=1.2036
[ep 1481] longdress    static_B_2020.01.16_10.43.34.csv@2910  reward=  157.56 qoe=   0.0 qoe_q=  -44.6 eps=0.050 loss=1.2200
[ep 1482] loot         static_B_2020.02.13_13.57.29.csv@1992  reward=  291.33 qoe= 100.0 qoe_q=   95.3 eps=0.050 loss=1.5299
[ep 1483] redandblack  static_B_2019.12.16_13.40.04.csv@1033  reward=  219.68 qoe=  59.7 qoe_q=   64.5 eps=0.050 loss=1.4346
[ep 1484] soldier      static_B_2020.02.27_18.39.27.csv@1191  reward=  285.10 qoe= 100.0 qoe_q=   93.9 eps=0.050 loss=1.3159
[ep 1485] longdress    static_B_2020.02.27_18.39.27.csv@291   reward=  178.19 qoe=   7.0 qoe_q=   31.7 eps=0.050 loss=1.5874
[ep 1486] loot         static_B_2020.02.27_18.39.27.csv@831   reward=  263.40 qoe= 100.0 qoe_q=   83.8 eps=0.050 loss=1.4553
[ep 1487] redandblack  static_B_2020.01.16_10.43.34.csv@2130  reward=  278.78 qoe= 100.0 qoe_q=   91.2 eps=0.050 loss=1.4031
[ep 1488] soldier      static_B_2020.01.16_10.43.34.csv@870   reward=  142.27 qoe=   0.0 qoe_q=  -16.9 eps=0.050 loss=1.2805
[ep 1489] longdress    static_B_2020.02.13_13.57.29.csv@2712  reward=  240.00 qoe=  76.9 qoe_q=   71.6 eps=0.050 loss=1.4939
[ep 1490] loot         static_B_2020.02.27_18.39.27.csv@3171  reward=  219.80 qoe=   0.0 qoe_q= -221.0 eps=0.050 loss=1.4458
[ep 1491] redandblack  static_B_2019.12.16_13.40.04.csv@913   reward=  152.10 qoe=   0.0 qoe_q=  -10.8 eps=0.050 loss=1.2642
[ep 1492] soldier      static_B_2020.01.16_10.43.34.csv@2310  reward=  225.72 qoe=   0.0 qoe_q=  -76.8 eps=0.050 loss=1.2040
[ep 1493] longdress    static_B_2020.02.13_13.57.29.csv@252   reward=  284.64 qoe= 100.0 qoe_q=   93.8 eps=0.050 loss=1.3813
[ep 1494] loot         static_B_2020.02.27_18.39.27.csv@711   reward=  175.98 qoe=   0.0 qoe_q=  -60.8 eps=0.050 loss=1.3960
[ep 1495] redandblack  static_B_2020.02.27_18.39.27.csv@1731  reward=  234.50 qoe=  57.8 qoe_q=   51.3 eps=0.050 loss=1.2796
[ep 1496] soldier      static_B_2020.02.27_18.39.27.csv@2991  reward=  247.71 qoe=  69.3 qoe_q=   67.9 eps=0.050 loss=1.3936
[ep 1497] longdress    static_B_2019.12.16_13.40.04.csv@673   reward=  276.70 qoe=  85.8 qoe_q=   90.4 eps=0.050 loss=1.3199
[ep 1498] loot         static_B_2020.02.27_18.39.27.csv@4971  reward=  259.14 qoe=  68.8 qoe_q=   72.8 eps=0.050 loss=1.2124
[ep 1499] redandblack  static_B_2020.02.13_13.57.29.csv@1632  reward=  195.18 qoe=  28.7 qoe_q=   49.8 eps=0.050 loss=1.3980
[ep 1500] soldier      static_B_2020.02.27_18.39.27.csv@411   reward=  262.54 qoe=  81.0 qoe_q=   78.3 eps=0.050 loss=1.4939
    [eval @ ep 1500] reward=190.22 qoe=40.0 qoe_q=41.1 mean_q=0.798 stall=6.0s  <-- best (saved)
[ep 1501] longdress    static_B_2019.12.16_13.40.04.csv@13    reward=  257.98 qoe= 100.0 qoe_q=   81.2 eps=0.050 loss=1.5359
[ep 1502] loot         static_B_2020.01.16_10.43.34.csv@1650  reward=  251.37 qoe=  67.4 qoe_q=   74.2 eps=0.050 loss=1.6614
[ep 1503] redandblack  static_B_2020.02.27_18.39.27.csv@3471  reward=  231.43 qoe=  12.4 qoe_q=   28.2 eps=0.050 loss=1.5847
[ep 1504] soldier      static_B_2020.02.13_13.57.29.csv@2832  reward=  219.10 qoe=  53.0 qoe_q=   38.5 eps=0.050 loss=1.7047
[ep 1505] longdress    static_B_2020.02.27_18.39.27.csv@4851  reward=  271.68 qoe= 100.0 qoe_q=   87.8 eps=0.050 loss=1.6280
[ep 1506] loot         static_B_2020.01.16_10.43.34.csv@1530  reward=  283.03 qoe=   0.0 qoe_q=   92.8 eps=0.050 loss=1.4512
[ep 1507] redandblack  static_B_2020.01.16_10.43.34.csv@2070  reward=  213.63 qoe=  61.8 qoe_q=   57.2 eps=0.050 loss=1.3309
[ep 1508] soldier      static_B_2019.12.16_13.40.04.csv@193   reward=  230.20 qoe=  83.4 qoe_q=   68.7 eps=0.050 loss=1.5773
[ep 1509] longdress    static_B_2020.01.16_10.43.34.csv@2730  reward=  245.09 qoe=  83.0 qoe_q=   73.1 eps=0.050 loss=1.4518
[ep 1510] loot         static_B_2020.02.13_13.57.29.csv@1332  reward=  242.19 qoe=  72.1 qoe_q=   62.3 eps=0.050 loss=1.3221
[ep 1511] redandblack  static_B_2020.02.27_18.39.27.csv@3711  reward=  281.71 qoe=  84.0 qoe_q=   92.6 eps=0.050 loss=1.5945
[ep 1512] soldier      static_B_2020.02.13_13.57.29.csv@1812  reward=  265.46 qoe=  72.0 qoe_q=   85.3 eps=0.050 loss=1.5679
[ep 1513] longdress    static_B_2020.02.27_18.39.27.csv@2151  reward=  232.21 qoe=  76.2 qoe_q=   61.0 eps=0.050 loss=1.4899
[ep 1514] loot         static_B_2019.12.16_13.40.04.csv@1393  reward=  265.94 qoe= 100.0 qoe_q=   81.0 eps=0.050 loss=1.4887
[ep 1515] redandblack  static_B_2020.02.27_18.39.27.csv@1371  reward=  275.06 qoe=  52.0 qoe_q=   90.4 eps=0.050 loss=1.1995
[ep 1516] soldier      static_B_2020.02.27_18.39.27.csv@1671  reward=  213.18 qoe=  61.9 qoe_q=   56.9 eps=0.050 loss=1.3331
[ep 1517] longdress    static_B_2020.02.27_18.39.27.csv@2451  reward=  277.86 qoe= 100.0 qoe_q=   91.5 eps=0.050 loss=1.5295
[ep 1518] loot         static_B_2020.01.16_10.43.34.csv@2970  reward=  188.05 qoe=  10.8 qoe_q=   37.4 eps=0.050 loss=1.5771
[ep 1519] redandblack  static_B_2020.02.27_18.39.27.csv@1971  reward=  268.73 qoe=  82.4 qoe_q=   87.4 eps=0.050 loss=1.1825
[ep 1520] soldier      static_B_2020.02.27_18.39.27.csv@4371  reward=  255.30 qoe=  59.4 qoe_q=   56.9 eps=0.050 loss=1.2665
[ep 1521] longdress    static_B_2019.12.16_13.40.04.csv@373   reward=  236.99 qoe=  70.8 qoe_q=   63.1 eps=0.050 loss=1.4981
[ep 1522] loot         static_B_2020.01.16_10.43.34.csv@570   reward=  243.69 qoe=  69.9 qoe_q=   63.3 eps=0.050 loss=1.4701
[ep 1523] redandblack  static_B_2020.02.27_18.39.27.csv@4791  reward=  270.26 qoe=  74.0 qoe_q=   87.5 eps=0.050 loss=1.4842
[ep 1524] soldier      static_B_2020.02.27_18.39.27.csv@591   reward=  270.67 qoe= 100.0 qoe_q=   87.1 eps=0.050 loss=1.4679
[ep 1525] longdress    static_B_2020.02.13_13.57.29.csv@912   reward=  188.11 qoe=  34.5 qoe_q=   34.8 eps=0.050 loss=1.3479
[ep 1526] loot         static_B_2020.02.27_18.39.27.csv@2751  reward=  289.34 qoe= 100.0 qoe_q=   95.9 eps=0.050 loss=1.2900
[ep 1527] redandblack  static_B_2020.01.16_10.43.34.csv@2010  reward=  191.04 qoe=   0.0 qoe_q=   -5.0 eps=0.050 loss=1.5231
[ep 1528] soldier      static_B_2020.02.13_13.57.29.csv@2352  reward=  198.92 qoe=  56.3 qoe_q=   45.5 eps=0.050 loss=1.2829
[ep 1529] longdress    static_B_2019.12.16_13.40.04.csv@1333  reward=  221.53 qoe=  48.5 qoe_q=   46.8 eps=0.050 loss=1.6959
[ep 1530] loot         static_B_2020.02.27_18.39.27.csv@3771  reward=  266.02 qoe= 100.0 qoe_q=   85.4 eps=0.050 loss=1.4743
[ep 1531] redandblack  static_B_2020.01.16_10.43.34.csv@330   reward=  281.38 qoe= 100.0 qoe_q=   92.5 eps=0.050 loss=1.3392
[ep 1532] soldier      static_B_2019.12.16_13.40.04.csv@313   reward=  121.64 qoe=   0.0 qoe_q=  -27.3 eps=0.050 loss=1.4959
[ep 1533] longdress    static_B_2020.02.27_18.39.27.csv@351   reward=  244.18 qoe=  61.9 qoe_q=   60.4 eps=0.050 loss=1.5365
[ep 1534] loot         static_B_2020.01.16_10.43.34.csv@30    reward=  201.03 qoe=  23.7 qoe_q=   44.7 eps=0.050 loss=1.4160
[ep 1535] redandblack  static_B_2020.02.27_18.39.27.csv@4431  reward=  274.11 qoe= 100.0 qoe_q=   87.4 eps=0.050 loss=1.2721
[ep 1536] soldier      static_B_2020.02.13_13.57.29.csv@2172  reward=  219.86 qoe=  55.7 qoe_q=   43.9 eps=0.050 loss=1.4790
[ep 1537] longdress    static_B_2020.01.16_10.43.34.csv@690   reward=  281.14 qoe=  82.7 qoe_q=   89.7 eps=0.050 loss=1.3906
[ep 1538] loot         static_B_2020.02.13_13.57.29.csv@2532  reward=  248.85 qoe=  52.1 qoe_q=   59.9 eps=0.050 loss=1.3982
[ep 1539] redandblack  static_B_2020.02.27_18.39.27.csv@3891  reward=  258.53 qoe=  32.7 qoe_q=   39.6 eps=0.050 loss=1.3383
[ep 1540] soldier      static_B_2020.01.16_10.43.34.csv@2550  reward=  275.17 qoe= 100.0 qoe_q=   88.5 eps=0.050 loss=1.1930
[ep 1541] longdress    static_B_2020.01.16_10.43.34.csv@2790  reward=  278.64 qoe= 100.0 qoe_q=   90.2 eps=0.050 loss=1.2125
[ep 1542] loot         static_B_2020.01.16_10.43.34.csv@1890  reward=  287.58 qoe=  56.0 qoe_q=   95.2 eps=0.050 loss=1.4917
[ep 1543] redandblack  static_B_2020.01.16_10.43.34.csv@1230  reward=  287.76 qoe= 100.0 qoe_q=   95.3 eps=0.050 loss=1.5246
[ep 1544] soldier      static_B_2020.01.16_10.43.34.csv@1830  reward=  293.86 qoe=  92.0 qoe_q=   97.8 eps=0.050 loss=1.4998
[ep 1545] longdress    static_B_2020.02.13_13.57.29.csv@72    reward=  131.11 qoe=   0.0 qoe_q=  -70.8 eps=0.050 loss=1.2258
[ep 1546] loot         static_B_2020.01.16_10.43.34.csv@3109  reward=  276.33 qoe= 100.0 qoe_q=   90.0 eps=0.050 loss=1.4816
[ep 1547] redandblack  static_B_2020.02.27_18.39.27.csv@51    reward=  281.68 qoe=  92.0 qoe_q=   92.6 eps=0.050 loss=1.4876
[ep 1548] soldier      static_B_2020.02.27_18.39.27.csv@4491  reward=  242.14 qoe=  81.2 qoe_q=   68.2 eps=0.050 loss=1.5524
[ep 1549] longdress    static_B_2020.02.27_18.39.27.csv@3951  reward=  286.79 qoe= 100.0 qoe_q=   94.6 eps=0.050 loss=1.3794
[ep 1550] loot         static_B_2020.02.27_18.39.27.csv@531   reward=  199.65 qoe=   0.0 qoe_q=  -42.1 eps=0.050 loss=1.4977
[ep 1551] redandblack  static_B_2020.02.13_13.57.29.csv@1152  reward=  179.42 qoe=   8.3 qoe_q=   41.4 eps=0.050 loss=1.6240
[ep 1552] soldier      static_B_2020.01.16_10.43.34.csv@390   reward=  179.03 qoe=   0.0 qoe_q=   21.4 eps=0.050 loss=1.2745
[ep 1553] longdress    static_B_2020.02.13_13.57.29.csv@672   reward=  197.84 qoe=  58.3 qoe_q=   52.0 eps=0.050 loss=1.6177
[ep 1554] loot         static_B_2020.02.27_18.39.27.csv@4071  reward=  276.17 qoe= 100.0 qoe_q=   90.9 eps=0.050 loss=1.5025
[ep 1555] redandblack  static_B_2020.01.16_10.43.34.csv@90    reward=  188.48 qoe=  42.2 qoe_q=   36.2 eps=0.050 loss=1.3747
[ep 1556] soldier      static_B_2020.01.16_10.43.34.csv@1410  reward=  181.87 qoe=   0.0 qoe_q= -178.4 eps=0.050 loss=1.2532
[ep 1557] longdress    static_B_2020.02.27_18.39.27.csv@2031  reward=  266.89 qoe= 100.0 qoe_q=   85.6 eps=0.050 loss=1.2771
[ep 1558] loot         static_B_2020.02.27_18.39.27.csv@4911  reward=  246.97 qoe=  76.4 qoe_q=   75.6 eps=0.050 loss=1.3578
[ep 1559] redandblack  static_B_2020.02.27_18.39.27.csv@771   reward=  283.85 qoe= 100.0 qoe_q=   93.6 eps=0.050 loss=1.3314
[ep 1560] soldier      static_B_2020.02.27_18.39.27.csv@1851  reward=  242.80 qoe=  60.2 qoe_q=   60.0 eps=0.050 loss=1.2273
[ep 1561] longdress    static_B_2020.01.16_10.43.34.csv@630   reward=  286.66 qoe=  89.7 qoe_q=   93.6 eps=0.050 loss=1.4055
[ep 1562] loot         static_B_2020.02.27_18.39.27.csv@4311  reward=  244.80 qoe=  83.8 qoe_q=   70.0 eps=0.050 loss=1.3237
[ep 1563] redandblack  static_B_2020.02.27_18.39.27.csv@1131  reward=  198.15 qoe=   0.0 qoe_q=   -7.5 eps=0.050 loss=1.4230
[ep 1564] soldier      static_B_2020.02.27_18.39.27.csv@4731  reward=  230.64 qoe=  67.7 qoe_q=   56.8 eps=0.050 loss=1.5554
[ep 1565] longdress    static_B_2020.02.27_18.39.27.csv@231   reward=  256.67 qoe=  60.7 qoe_q=   66.4 eps=0.050 loss=1.3960
[ep 1566] loot         static_B_2020.02.27_18.39.27.csv@891   reward=  231.86 qoe=  40.4 qoe_q=   52.4 eps=0.050 loss=1.4476
[ep 1567] redandblack  static_B_2019.12.16_13.40.04.csv@1453  reward=  277.45 qoe=  90.0 qoe_q=   90.7 eps=0.050 loss=1.5739
[ep 1568] soldier      static_B_2020.02.13_13.57.29.csv@612   reward=  156.62 qoe=   0.0 qoe_q=  -56.4 eps=0.050 loss=1.3504
[ep 1569] longdress    static_B_2020.02.27_18.39.27.csv@1311  reward=  264.65 qoe=  59.6 qoe_q=   64.9 eps=0.050 loss=1.5245
[ep 1570] loot         static_B_2019.12.16_13.40.04.csv@433   reward=  230.69 qoe=  78.7 qoe_q=   62.3 eps=0.050 loss=1.5464
[ep 1571] redandblack  static_B_2020.01.16_10.43.34.csv@1290  reward=  271.87 qoe= 100.0 qoe_q=   88.7 eps=0.050 loss=1.5066
[ep 1572] soldier      static_B_2019.12.16_13.40.04.csv@1153  reward=  169.25 qoe=  27.2 qoe_q=   29.8 eps=0.050 loss=1.3441
[ep 1573] longdress    static_B_2020.02.27_18.39.27.csv@1071  reward=  245.12 qoe=  74.6 qoe_q=   68.2 eps=0.050 loss=1.4345
[ep 1574] loot         static_B_2019.12.16_13.40.04.csv@1904  reward=  280.71 qoe=   0.0 qoe_q=   92.2 eps=0.050 loss=1.3632
[ep 1575] redandblack  static_B_2020.02.27_18.39.27.csv@2511  reward=  264.67 qoe=  72.6 qoe_q=   79.3 eps=0.050 loss=1.5399
[ep 1576] soldier      static_B_2019.12.16_13.40.04.csv@973   reward=  211.08 qoe=  26.8 qoe_q=   37.4 eps=0.050 loss=1.5199
[ep 1577] longdress    static_B_2020.01.16_10.43.34.csv@510   reward=  239.05 qoe=  82.8 qoe_q=   72.7 eps=0.050 loss=1.4885
[ep 1578] loot         static_B_2020.02.13_13.57.29.csv@1212  reward=  258.03 qoe=  83.2 qoe_q=   78.9 eps=0.050 loss=1.3820
[ep 1579] redandblack  static_B_2019.12.16_13.40.04.csv@1573  reward=  277.89 qoe= 100.0 qoe_q=   90.8 eps=0.050 loss=1.7146
[ep 1580] soldier      static_B_2020.02.27_18.39.27.csv@5742  reward=  290.15 qoe= 100.0 qoe_q=   96.1 eps=0.050 loss=1.4594
[ep 1581] longdress    static_B_2020.02.13_13.57.29.csv@492   reward=  183.95 qoe=  39.6 qoe_q=   34.8 eps=0.050 loss=1.4854
[ep 1582] loot         static_B_2020.02.27_18.39.27.csv@951   reward=  266.02 qoe=  86.5 qoe_q=   85.7 eps=0.050 loss=1.7460
[ep 1583] redandblack  static_B_2020.01.16_10.43.34.csv@750   reward=  179.33 qoe=   0.0 qoe_q=   16.2 eps=0.050 loss=1.6478
[ep 1584] soldier      static_B_2020.01.16_10.43.34.csv@2850  reward=  180.09 qoe=   0.0 qoe_q=    0.4 eps=0.050 loss=1.4695
[ep 1585] longdress    static_B_2020.02.27_18.39.27.csv@4551  reward=  257.10 qoe= 100.0 qoe_q=   74.9 eps=0.050 loss=1.5724
[ep 1586] loot         static_B_2020.02.13_13.57.29.csv@972   reward=   66.96 qoe=   0.0 qoe_q= -330.1 eps=0.050 loss=1.5331
[ep 1587] redandblack  static_B_2020.02.27_18.39.27.csv@5691  reward=  258.89 qoe=  78.7 qoe_q=   78.3 eps=0.050 loss=1.5587
[ep 1588] soldier      static_B_2020.02.27_18.39.27.csv@3111  reward=  173.22 qoe=  18.1 qoe_q=   33.7 eps=0.050 loss=1.4232
[ep 1589] longdress    static_B_2019.12.16_13.40.04.csv@1904  reward=  285.97 qoe= 100.0 qoe_q=   94.5 eps=0.050 loss=1.4475
[ep 1590] loot         static_B_2020.02.27_18.39.27.csv@3411  reward=  280.11 qoe=  92.0 qoe_q=   91.7 eps=0.050 loss=1.8942
[ep 1591] redandblack  static_B_2020.02.27_18.39.27.csv@5631  reward=  275.84 qoe=  72.0 qoe_q=   90.2 eps=0.050 loss=1.7003
[ep 1592] soldier      static_B_2020.01.16_10.43.34.csv@3090  reward=  274.88 qoe= 100.0 qoe_q=   87.4 eps=0.050 loss=1.5079
[ep 1593] longdress    static_B_2020.02.27_18.39.27.csv@2091  reward=  253.56 qoe= 100.0 qoe_q=   75.3 eps=0.050 loss=1.5101
[ep 1594] loot         static_B_2020.02.13_13.57.29.csv@432   reward=  281.39 qoe=   0.0 qoe_q=   92.1 eps=0.050 loss=1.5623
[ep 1595] redandblack  static_B_2020.02.27_18.39.27.csv@4611  reward=  222.08 qoe=  61.7 qoe_q=   59.9 eps=0.050 loss=1.5837
[ep 1596] soldier      static_B_2020.01.16_10.43.34.csv@210   reward=  290.59 qoe= 100.0 qoe_q=   96.4 eps=0.050 loss=1.2988
[ep 1597] longdress    static_B_2020.02.27_18.39.27.csv@4251  reward=  273.78 qoe= 100.0 qoe_q=   88.5 eps=0.050 loss=1.3159
[ep 1598] loot         static_B_2020.02.13_13.57.29.csv@2472  reward=  240.40 qoe=  16.2 qoe_q=   32.2 eps=0.050 loss=1.3780
[ep 1599] redandblack  static_B_2020.01.16_10.43.34.csv@270   reward=  254.03 qoe=  61.5 qoe_q=   63.8 eps=0.050 loss=1.7375
[ep 1600] soldier      static_B_2019.12.16_13.40.04.csv@553   reward=  233.84 qoe= 100.0 qoe_q=   69.1 eps=0.050 loss=1.7429
    [eval @ ep 1600] reward=185.46 qoe=14.3 qoe_q=39.3 mean_q=0.844 stall=8.5s
[ep 1601] longdress    static_B_2020.01.16_10.43.34.csv@930   reward=  235.41 qoe=  77.3 qoe_q=   65.8 eps=0.050 loss=1.6585
[ep 1602] loot         static_B_2020.02.27_18.39.27.csv@4011  reward=  225.17 qoe=  70.3 qoe_q=   56.3 eps=0.050 loss=1.4444
[ep 1603] redandblack  static_B_2020.02.27_18.39.27.csv@5091  reward=  281.18 qoe=  80.0 qoe_q=   93.0 eps=0.050 loss=1.5058
[ep 1604] soldier      static_B_2020.02.13_13.57.29.csv@2945  reward=  242.41 qoe=  58.2 qoe_q=   50.2 eps=0.050 loss=1.4872
[ep 1605] longdress    static_B_2020.02.27_18.39.27.csv@2211  reward=  245.81 qoe=  57.5 qoe_q=   56.2 eps=0.050 loss=1.5297
[ep 1606] loot         static_B_2020.02.27_18.39.27.csv@1491  reward=  242.22 qoe=  79.7 qoe_q=   69.7 eps=0.050 loss=1.3409
[ep 1607] redandblack  static_B_2020.02.27_18.39.27.csv@1011  reward=  233.26 qoe=  57.9 qoe_q=   47.7 eps=0.050 loss=1.5277
[ep 1608] soldier      static_B_2020.01.16_10.43.34.csv@2430  reward=  244.95 qoe=   0.0 qoe_q=    5.1 eps=0.050 loss=1.4964
[ep 1609] longdress    static_B_2019.12.16_13.40.04.csv@1633  reward=  250.74 qoe=  80.6 qoe_q=   72.4 eps=0.050 loss=1.3531
[ep 1610] loot         static_B_2020.02.13_13.57.29.csv@2592  reward=  220.72 qoe=  35.4 qoe_q=   41.6 eps=0.050 loss=1.7154
[ep 1611] redandblack  static_B_2020.02.13_13.57.29.csv@2292  reward=  247.35 qoe=  82.7 qoe_q=   74.4 eps=0.050 loss=1.5830
[ep 1612] soldier      static_B_2020.01.16_10.43.34.csv@1110  reward=  204.04 qoe=  29.6 qoe_q=   43.4 eps=0.050 loss=1.3167
[ep 1613] longdress    static_B_2020.01.16_10.43.34.csv@150   reward=  229.07 qoe=  53.4 qoe_q=   44.2 eps=0.050 loss=1.4103
[ep 1614] loot         static_B_2020.02.27_18.39.27.csv@651   reward=  278.17 qoe=  50.0 qoe_q=   91.3 eps=0.050 loss=1.5755
[ep 1615] redandblack  static_B_2020.02.27_18.39.27.csv@2811  reward=  278.75 qoe= 100.0 qoe_q=   91.0 eps=0.050 loss=1.5571
[ep 1616] soldier      static_B_2020.01.16_10.43.34.csv@1470  reward=  198.26 qoe=  53.7 qoe_q=   37.7 eps=0.050 loss=1.8765
[ep 1617] longdress    static_B_2020.01.16_10.43.34.csv@990   reward=  201.35 qoe=  63.2 qoe_q=   54.2 eps=0.050 loss=1.5551
[ep 1618] loot         static_B_2020.02.27_18.39.27.csv@4191  reward=  206.28 qoe=  34.0 qoe_q=   46.6 eps=0.050 loss=1.4989
[ep 1619] redandblack  static_B_2020.01.16_10.43.34.csv@1170  reward=  194.30 qoe=  40.0 qoe_q=   49.7 eps=0.050 loss=1.3733
[ep 1620] soldier      static_B_2020.02.27_18.39.27.csv@2391  reward=  280.92 qoe= 100.0 qoe_q=   91.1 eps=0.050 loss=1.7276
[ep 1621] longdress    static_B_2020.02.27_18.39.27.csv@3351  reward=  287.79 qoe= 100.0 qoe_q=   94.5 eps=0.050 loss=1.5042
[ep 1622] loot         static_B_2020.02.27_18.39.27.csv@2271  reward=  279.58 qoe= 100.0 qoe_q=   91.7 eps=0.050 loss=1.4446
[ep 1623] redandblack  static_B_2019.12.16_13.40.04.csv@1213  reward=  209.56 qoe=  41.3 qoe_q=   53.8 eps=0.050 loss=1.5546
[ep 1624] soldier      static_B_2020.02.27_18.39.27.csv@1551  reward=  239.42 qoe=  72.0 qoe_q=   61.1 eps=0.050 loss=1.4070
[ep 1625] longdress    static_B_2020.02.13_13.57.29.csv@1272  reward=  198.19 qoe=  19.4 qoe_q=   35.3 eps=0.050 loss=1.6137
[ep 1626] loot         static_B_2020.02.27_18.39.27.csv@5742  reward=  255.45 qoe=  64.3 qoe_q=   67.4 eps=0.050 loss=1.6063
[ep 1627] redandblack  static_B_2020.02.27_18.39.27.csv@2331  reward=   94.11 qoe=   0.0 qoe_q= -363.8 eps=0.050 loss=1.5322
[ep 1628] soldier      static_B_2020.02.13_13.57.29.csv@2232  reward=  209.39 qoe=  78.1 qoe_q=   61.7 eps=0.050 loss=1.4784
[ep 1629] longdress    static_B_2019.12.16_13.40.04.csv@793   reward=  279.87 qoe= 100.0 qoe_q=   89.9 eps=0.050 loss=1.5548
[ep 1630] loot         static_B_2020.02.13_13.57.29.csv@1872  reward=  286.16 qoe= 100.0 qoe_q=   94.4 eps=0.050 loss=1.3977
[ep 1631] redandblack  static_B_2020.02.13_13.57.29.csv@372   reward=  210.49 qoe=  37.8 qoe_q=   37.0 eps=0.050 loss=1.6026
[ep 1632] soldier      static_B_2020.02.27_18.39.27.csv@5271  reward=  282.23 qoe=  40.0 qoe_q=   93.5 eps=0.050 loss=1.5804
[ep 1633] longdress    static_B_2019.12.16_13.40.04.csv@1873  reward=  254.07 qoe=   0.0 qoe_q= -139.6 eps=0.050 loss=1.4316
[ep 1634] loot         static_B_2020.01.16_10.43.34.csv@810   reward=  243.90 qoe=  50.2 qoe_q=   59.8 eps=0.050 loss=1.3584
[ep 1635] redandblack  static_B_2020.02.13_13.57.29.csv@1572  reward=  218.38 qoe=   0.0 qoe_q=    1.3 eps=0.050 loss=1.4772
[ep 1636] soldier      static_B_2020.02.13_13.57.29.csv@1752  reward=  285.28 qoe= 100.0 qoe_q=   94.9 eps=0.050 loss=1.4205
[ep 1637] longdress    static_B_2020.02.27_18.39.27.csv@471   reward=  245.21 qoe=  85.0 qoe_q=   72.2 eps=0.050 loss=1.6346
[ep 1638] loot         static_B_2020.02.27_18.39.27.csv@5151  reward=  291.48 qoe=  40.0 qoe_q=   96.8 eps=0.050 loss=1.4424
[ep 1639] redandblack  static_B_2019.12.16_13.40.04.csv@133   reward=  286.88 qoe= 100.0 qoe_q=   95.1 eps=0.050 loss=1.8736
[ep 1640] soldier      static_B_2020.02.13_13.57.29.csv@2112  reward=  130.09 qoe=   0.0 qoe_q=    2.1 eps=0.050 loss=1.3168
[ep 1641] longdress    static_B_2020.02.13_13.57.29.csv@192   reward=  178.74 qoe=  38.7 qoe_q=   41.5 eps=0.050 loss=1.4193
[ep 1642] loot         static_B_2019.12.16_13.40.04.csv@1753  reward=  282.31 qoe= 100.0 qoe_q=   93.1 eps=0.050 loss=1.4213
[ep 1643] redandblack  static_B_2020.02.27_18.39.27.csv@1791  reward=  202.78 qoe=   0.0 qoe_q= -236.2 eps=0.050 loss=1.4595
[ep 1644] soldier      static_B_2020.02.27_18.39.27.csv@3051  reward=  205.21 qoe=  34.8 qoe_q=   47.6 eps=0.050 loss=1.4515
[ep 1645] longdress    static_B_2020.02.27_18.39.27.csv@3291  reward=  281.04 qoe= 100.0 qoe_q=   92.2 eps=0.050 loss=1.5156
[ep 1646] loot         static_B_2019.12.16_13.40.04.csv@1513  reward=  253.59 qoe=  24.4 qoe_q=   42.6 eps=0.050 loss=1.6508
[ep 1647] redandblack  static_B_2020.01.16_10.43.34.csv@2250  reward=  243.30 qoe=  80.3 qoe_q=   70.6 eps=0.050 loss=1.4474
[ep 1648] soldier      static_B_2020.02.13_13.57.29.csv@2052  reward=  259.09 qoe=  84.3 qoe_q=   81.9 eps=0.050 loss=1.3747
[ep 1649] longdress    static_B_2020.01.16_10.43.34.csv@1950  reward=  229.22 qoe= 100.0 qoe_q=   70.3 eps=0.050 loss=1.6692
[ep 1650] loot         static_B_2020.01.16_10.43.34.csv@3030  reward=  284.36 qoe=  42.0 qoe_q=   94.3 eps=0.050 loss=1.4416
[ep 1651] redandblack  static_B_2019.12.16_13.40.04.csv@253   reward=  203.13 qoe=   5.3 qoe_q=   10.9 eps=0.050 loss=1.6946
[ep 1652] soldier      static_B_2019.12.16_13.40.04.csv@1813  reward=  222.57 qoe=  75.0 qoe_q=   64.3 eps=0.050 loss=1.4745
[ep 1653] longdress    static_B_2020.02.27_18.39.27.csv@3531  reward=  254.36 qoe=  68.2 qoe_q=   65.7 eps=0.050 loss=1.3247
[ep 1654] loot         static_B_2020.02.27_18.39.27.csv@5451  reward=  226.08 qoe=  56.0 qoe_q=   60.2 eps=0.050 loss=1.7067
[ep 1655] redandblack  static_B_2020.02.13_13.57.29.csv@2892  reward=  189.83 qoe=   0.0 qoe_q=    0.1 eps=0.050 loss=1.3192
[ep 1656] soldier      static_B_2020.02.27_18.39.27.csv@3831  reward=  233.22 qoe=  42.5 qoe_q=   48.8 eps=0.050 loss=1.8961
[ep 1657] longdress    static_B_2019.12.16_13.40.04.csv@493   reward=  249.73 qoe=  73.0 qoe_q=   70.7 eps=0.050 loss=1.5446
[ep 1658] loot         static_B_2020.02.27_18.39.27.csv@5391  reward=  288.88 qoe=  88.0 qoe_q=   95.5 eps=0.050 loss=1.5312
[ep 1659] redandblack  static_B_2020.02.27_18.39.27.csv@171   reward=  284.84 qoe=  94.0 qoe_q=   94.0 eps=0.050 loss=1.7217
[ep 1660] soldier      static_B_2019.12.16_13.40.04.csv@1904  reward=  276.78 qoe= 100.0 qoe_q=   90.1 eps=0.050 loss=1.7737
[ep 1661] longdress    static_B_2019.12.16_13.40.04.csv@956   reward=  193.15 qoe=   0.0 qoe_q=   -9.8 eps=0.050 loss=1.3562
[ep 1662] loot         static_B_2020.02.27_18.39.27.csv@5223  reward=  185.83 qoe=   1.8 qoe_q=   33.9 eps=0.050 loss=1.5342
[ep 1663] redandblack  static_B_2020.02.27_18.39.27.csv@3963  reward=  282.87 qoe=  58.0 qoe_q=   93.7 eps=0.050 loss=1.8213
[ep 1664] soldier      static_B_2020.02.13_13.57.29.csv@1619  reward=  287.63 qoe= 100.0 qoe_q=   95.3 eps=0.050 loss=1.7638
[ep 1665] longdress    static_B_2020.01.16_10.43.34.csv@1633  reward=  207.80 qoe= 100.0 qoe_q=   67.6 eps=0.050 loss=1.7083
[ep 1666] loot         static_B_2019.12.16_13.40.04.csv@1904  reward=  290.62 qoe=   0.0 qoe_q=   96.5 eps=0.050 loss=1.4979
[ep 1667] redandblack  static_B_2020.02.13_13.57.29.csv@2219  reward=  217.77 qoe=  35.0 qoe_q=   37.7 eps=0.050 loss=1.6526
[ep 1668] soldier      static_B_2020.02.27_18.39.27.csv@3783  reward=  148.08 qoe=   0.0 qoe_q=  -79.5 eps=0.050 loss=1.5342
[ep 1669] longdress    static_B_2020.01.16_10.43.34.csv@2413  reward=  216.23 qoe=  32.3 qoe_q=   25.4 eps=0.050 loss=1.7749
[ep 1670] loot         static_B_2020.02.13_13.57.29.csv@899   reward=  174.86 qoe=   0.0 qoe_q=   30.3 eps=0.050 loss=1.6352
[ep 1671] redandblack  static_B_2020.01.16_10.43.34.csv@1093  reward=  148.86 qoe=   0.0 qoe_q=   22.6 eps=0.050 loss=1.4239
[ep 1672] soldier      static_B_2019.12.16_13.40.04.csv@536   reward=  258.69 qoe=  72.6 qoe_q=   74.3 eps=0.050 loss=1.4339
[ep 1673] longdress    static_B_2020.02.27_18.39.27.csv@5343  reward=  251.05 qoe=  64.9 qoe_q=   66.9 eps=0.050 loss=1.3262
[ep 1674] loot         static_B_2020.02.13_13.57.29.csv@1439  reward=  237.01 qoe=  53.4 qoe_q=   46.6 eps=0.050 loss=1.7301
[ep 1675] redandblack  static_B_2020.02.27_18.39.27.csv@4023  reward=  196.88 qoe=  59.4 qoe_q=   49.0 eps=0.050 loss=1.7848
[ep 1676] soldier      static_B_2020.01.16_10.43.34.csv@2593  reward=  291.57 qoe= 100.0 qoe_q=   96.9 eps=0.050 loss=1.6992
[ep 1677] longdress    static_B_2020.02.13_13.57.29.csv@2039  reward=  253.51 qoe= 100.0 qoe_q=   80.6 eps=0.050 loss=1.7237
[ep 1678] loot         static_B_2019.12.16_13.40.04.csv@776   reward=  284.87 qoe=  46.0 qoe_q=   94.0 eps=0.050 loss=1.6693
[ep 1679] redandblack  static_B_2020.02.27_18.39.27.csv@3003  reward=  254.05 qoe=  78.2 qoe_q=   75.6 eps=0.050 loss=1.7116
[ep 1680] soldier      static_B_2020.02.27_18.39.27.csv@5043  reward=  189.46 qoe=  75.6 qoe_q=   55.3 eps=0.050 loss=1.6167
[ep 1681] longdress    static_B_2020.02.27_18.39.27.csv@303   reward=  199.95 qoe=  65.9 qoe_q=   60.0 eps=0.050 loss=1.4212
[ep 1682] loot         static_B_2020.01.16_10.43.34.csv@133   reward=  215.81 qoe=   8.5 qoe_q=   19.4 eps=0.050 loss=1.6978
[ep 1683] redandblack  static_B_2020.02.27_18.39.27.csv@5163  reward=  281.24 qoe=  46.0 qoe_q=   93.0 eps=0.050 loss=1.6714
[ep 1684] soldier      static_B_2020.02.27_18.39.27.csv@3123  reward=  149.99 qoe=   0.0 qoe_q=  -34.1 eps=0.050 loss=1.6234
[ep 1685] longdress    static_B_2020.02.27_18.39.27.csv@4863  reward=  181.50 qoe=  54.3 qoe_q=   39.3 eps=0.050 loss=1.7731
[ep 1686] loot         static_B_2019.12.16_13.40.04.csv@56    reward=  226.53 qoe=  67.5 qoe_q=   63.9 eps=0.050 loss=1.4289
[ep 1687] redandblack  static_B_2020.02.13_13.57.29.csv@2699  reward=  261.11 qoe=  81.3 qoe_q=   81.7 eps=0.050 loss=1.7465
[ep 1688] soldier      static_B_2020.02.13_13.57.29.csv@239   reward=  250.08 qoe=  82.2 qoe_q=   77.0 eps=0.050 loss=1.6837
[ep 1689] longdress    static_B_2020.02.13_13.57.29.csv@1739  reward=  188.42 qoe=  36.1 qoe_q=   21.5 eps=0.050 loss=1.7910
[ep 1690] loot         static_B_2019.12.16_13.40.04.csv@656   reward=  290.03 qoe=  82.0 qoe_q=   96.2 eps=0.050 loss=1.7035
[ep 1691] redandblack  static_B_2020.02.13_13.57.29.csv@1919  reward=  258.64 qoe=  78.7 qoe_q=   81.5 eps=0.050 loss=1.5618
[ep 1692] soldier      static_B_2020.01.16_10.43.34.csv@853   reward=  264.81 qoe=  68.7 qoe_q=   71.8 eps=0.050 loss=1.6463
[ep 1693] longdress    static_B_2020.02.13_13.57.29.csv@539   reward=  267.45 qoe= 100.0 qoe_q=   88.2 eps=0.050 loss=1.5711
[ep 1694] loot         static_B_2020.02.27_18.39.27.csv@3243  reward=  280.19 qoe=  38.0 qoe_q=   92.3 eps=0.050 loss=1.5493
[ep 1695] redandblack  static_B_2020.01.16_10.43.34.csv@2233  reward=  272.30 qoe= 100.0 qoe_q=   84.2 eps=0.050 loss=1.6231
[ep 1696] soldier      static_B_2020.01.16_10.43.34.csv@1573  reward=  286.38 qoe= 100.0 qoe_q=   94.6 eps=0.050 loss=1.7207
[ep 1697] longdress    static_B_2020.01.16_10.43.34.csv@2353  reward=  257.94 qoe=  29.5 qoe_q=   38.5 eps=0.050 loss=1.5652
[ep 1698] loot         static_B_2019.12.16_13.40.04.csv@1556  reward=  233.85 qoe=  65.1 qoe_q=   67.4 eps=0.050 loss=1.4878
[ep 1699] redandblack  static_B_2020.02.27_18.39.27.csv@5703  reward=  255.69 qoe=  85.1 qoe_q=   81.6 eps=0.050 loss=1.5098
[ep 1700] soldier      static_B_2020.01.16_10.43.34.csv@373   reward=  258.16 qoe=  38.1 qoe_q=   47.4 eps=0.050 loss=1.9561
    [eval @ ep 1700] reward=179.09 qoe=66.7 qoe_q=51.4 mean_q=0.696 stall=2.7s  <-- best (saved)
[ep 1701] longdress    static_B_2020.02.27_18.39.27.csv@3723  reward=  278.84 qoe= 100.0 qoe_q=   92.1 eps=0.050 loss=1.7297
[ep 1702] loot         static_B_2020.02.13_13.57.29.csv@2945  reward=  248.93 qoe=  62.2 qoe_q=   64.1 eps=0.050 loss=1.6131
[ep 1703] redandblack  static_B_2020.01.16_10.43.34.csv@433   reward=  184.91 qoe=  20.1 qoe_q=   23.5 eps=0.050 loss=1.8987
[ep 1704] soldier      static_B_2020.01.16_10.43.34.csv@1273  reward=  264.06 qoe=  84.2 qoe_q=   82.4 eps=0.050 loss=1.5468
[ep 1705] longdress    static_B_2019.12.16_13.40.04.csv@716   reward=  281.05 qoe= 100.0 qoe_q=   91.6 eps=0.050 loss=1.6862
[ep 1706] loot         static_B_2020.02.27_18.39.27.csv@5583  reward=  266.12 qoe=  14.0 qoe_q=   85.0 eps=0.050 loss=1.4382
[ep 1707] redandblack  static_B_2020.02.27_18.39.27.csv@4983  reward=  280.29 qoe= 100.0 qoe_q=   91.2 eps=0.050 loss=1.7253
[ep 1708] soldier      static_B_2020.02.27_18.39.27.csv@1983  reward=  144.73 qoe=  17.0 qoe_q=   29.4 eps=0.050 loss=1.5843
[ep 1709] longdress    static_B_2019.12.16_13.40.04.csv@836   reward=  220.76 qoe=   1.6 qoe_q=   15.8 eps=0.050 loss=1.7512
[ep 1710] loot         static_B_2020.02.27_18.39.27.csv@4503  reward=  241.63 qoe=  65.3 qoe_q=   71.9 eps=0.050 loss=1.8737
[ep 1711] redandblack  static_B_2020.02.27_18.39.27.csv@363   reward=  270.92 qoe= 100.0 qoe_q=   88.3 eps=0.050 loss=1.6184
[ep 1712] soldier      static_B_2020.02.27_18.39.27.csv@5523  reward=  281.91 qoe= 100.0 qoe_q=   92.3 eps=0.050 loss=1.4856
[ep 1713] longdress    static_B_2020.01.16_10.43.34.csv@493   reward=  238.34 qoe=  58.5 qoe_q=   50.5 eps=0.050 loss=1.6999
[ep 1714] loot         static_B_2020.02.13_13.57.29.csv@1259  reward=  191.58 qoe=  25.6 qoe_q=   38.2 eps=0.050 loss=1.5409
[ep 1715] redandblack  static_B_2020.02.13_13.57.29.csv@2759  reward=  201.23 qoe=  33.6 qoe_q=   44.9 eps=0.050 loss=1.5413
[ep 1716] soldier      static_B_2020.02.27_18.39.27.csv@2463  reward=  282.83 qoe= 100.0 qoe_q=   92.8 eps=0.050 loss=1.7048
[ep 1717] longdress    static_B_2020.02.13_13.57.29.csv@2819  reward=  190.54 qoe=  65.1 qoe_q=   43.3 eps=0.050 loss=1.8611
[ep 1718] loot         static_B_2020.02.27_18.39.27.csv@1803  reward=  229.50 qoe=   0.0 qoe_q=   17.2 eps=0.050 loss=1.6503
[ep 1719] redandblack  static_B_2020.02.27_18.39.27.csv@1263  reward=  286.40 qoe=  94.0 qoe_q=   94.9 eps=0.050 loss=1.7258
[ep 1720] soldier      static_B_2020.01.16_10.43.34.csv@3109  reward=  293.74 qoe= 100.0 qoe_q=   97.0 eps=0.050 loss=1.7480
[ep 1721] longdress    static_B_2020.01.16_10.43.34.csv@2953  reward=  194.74 qoe=  54.9 qoe_q=   49.3 eps=0.050 loss=1.5592
[ep 1722] loot         static_B_2020.02.27_18.39.27.csv@3063  reward=  230.43 qoe=  64.2 qoe_q=   63.8 eps=0.050 loss=1.5413
[ep 1723] redandblack  static_B_2020.02.27_18.39.27.csv@3303  reward=  279.65 qoe= 100.0 qoe_q=   92.2 eps=0.050 loss=1.6139
[ep 1724] soldier      static_B_2020.01.16_10.43.34.csv@2473  reward=  273.24 qoe= 100.0 qoe_q=   90.4 eps=0.050 loss=1.5823
[ep 1725] longdress    static_B_2020.02.27_18.39.27.csv@1203  reward=  271.34 qoe= 100.0 qoe_q=   88.6 eps=0.050 loss=1.5094
[ep 1726] loot         static_B_2020.01.16_10.43.34.csv@1933  reward=  271.30 qoe= 100.0 qoe_q=   88.9 eps=0.050 loss=1.7084
[ep 1727] redandblack  static_B_2020.02.27_18.39.27.csv@1743  reward=  228.37 qoe=  66.3 qoe_q=   63.6 eps=0.050 loss=1.7650
[ep 1728] soldier      static_B_2020.02.13_13.57.29.csv@2279  reward=  262.88 qoe=  81.5 qoe_q=   79.4 eps=0.050 loss=1.7378
[ep 1729] longdress    static_B_2020.02.27_18.39.27.csv@1683  reward=  227.00 qoe= 100.0 qoe_q=   70.9 eps=0.050 loss=1.3363
[ep 1730] loot         static_B_2020.02.27_18.39.27.csv@123   reward=  283.49 qoe=  96.0 qoe_q=   93.2 eps=0.050 loss=1.7361
[ep 1731] redandblack  static_B_2020.02.27_18.39.27.csv@4923  reward=  265.25 qoe=  63.1 qoe_q=   71.3 eps=0.050 loss=1.7817
[ep 1732] soldier      static_B_2020.01.16_10.43.34.csv@2773  reward=  225.06 qoe=  13.7 qoe_q=   26.5 eps=0.050 loss=1.9147
[ep 1733] longdress    static_B_2020.02.27_18.39.27.csv@843   reward=  261.85 qoe= 100.0 qoe_q=   78.3 eps=0.050 loss=1.6354
[ep 1734] loot         static_B_2020.02.27_18.39.27.csv@1143  reward=  215.40 qoe=  59.5 qoe_q=   42.8 eps=0.050 loss=1.7310
[ep 1735] redandblack  static_B_2020.02.27_18.39.27.csv@3603  reward=  287.41 qoe=  40.0 qoe_q=   95.3 eps=0.050 loss=1.5989
[ep 1736] soldier      static_B_2020.01.16_10.43.34.csv@2713  reward=  186.25 qoe=  54.9 qoe_q=   40.5 eps=0.050 loss=1.7259
[ep 1737] longdress    static_B_2020.02.27_18.39.27.csv@4683  reward=  173.96 qoe=   0.0 qoe_q= -140.4 eps=0.050 loss=1.7249
[ep 1738] loot         static_B_2020.02.27_18.39.27.csv@2403  reward=  291.05 qoe= 100.0 qoe_q=   96.3 eps=0.050 loss=1.7255
[ep 1739] redandblack  static_B_2020.02.13_13.57.29.csv@1079  reward=  258.40 qoe= 100.0 qoe_q=   81.8 eps=0.050 loss=1.8115
[ep 1740] soldier      static_B_2020.02.13_13.57.29.csv@2945  reward=  233.30 qoe=  58.2 qoe_q=   45.7 eps=0.050 loss=1.8443
[ep 1741] longdress    static_B_2020.02.27_18.39.27.csv@4443  reward=  219.88 qoe= 100.0 qoe_q=   71.3 eps=0.050 loss=2.0263
[ep 1742] loot         static_B_2020.01.16_10.43.34.csv@1993  reward=  285.01 qoe=   0.0 qoe_q=   93.7 eps=0.050 loss=1.5926
[ep 1743] redandblack  static_B_2020.01.16_10.43.34.csv@3073  reward=  283.89 qoe=  86.0 qoe_q=   93.6 eps=0.050 loss=1.4613
[ep 1744] soldier      static_B_2020.02.27_18.39.27.csv@2823  reward=  257.07 qoe=  67.6 qoe_q=   70.9 eps=0.050 loss=1.7894
[ep 1745] longdress    static_B_2019.12.16_13.40.04.csv@1256  reward=  176.70 qoe=  25.1 qoe_q=   14.7 eps=0.050 loss=1.4003
[ep 1746] loot         static_B_2020.01.16_10.43.34.csv@1333  reward=  275.70 qoe=  84.2 qoe_q=   90.0 eps=0.050 loss=1.7101
[ep 1747] redandblack  static_B_2020.01.16_10.43.34.csv@1393  reward=  144.32 qoe=   0.0 qoe_q=  -55.1 eps=0.050 loss=1.8573
[ep 1748] soldier      static_B_2020.02.27_18.39.27.csv@4623  reward=  202.04 qoe=  84.0 qoe_q=   65.4 eps=0.050 loss=1.7582
[ep 1749] longdress    static_B_2020.01.16_10.43.34.csv@1153  reward=  206.89 qoe=  73.0 qoe_q=   58.9 eps=0.050 loss=1.5706
[ep 1750] loot         static_B_2020.01.16_10.43.34.csv@253   reward=  291.48 qoe=  88.0 qoe_q=   96.8 eps=0.050 loss=1.5978
[ep 1751] redandblack  static_B_2019.12.16_13.40.04.csv@1904  reward=  270.38 qoe=  50.0 qoe_q=   87.4 eps=0.050 loss=1.7426
[ep 1752] soldier      static_B_2020.02.27_18.39.27.csv@1083  reward=  118.23 qoe=   0.0 qoe_q=   -6.2 eps=0.050 loss=1.8818
[ep 1753] longdress    static_B_2020.02.27_18.39.27.csv@63    reward=  289.00 qoe= 100.0 qoe_q=   95.9 eps=0.050 loss=1.6451
[ep 1754] loot         static_B_2020.02.27_18.39.27.csv@963   reward=  256.55 qoe=  84.2 qoe_q=   81.0 eps=0.050 loss=1.8234
[ep 1755] redandblack  static_B_2020.01.16_10.43.34.csv@1813  reward=  282.11 qoe= 100.0 qoe_q=   93.1 eps=0.050 loss=1.4758
[ep 1756] soldier      static_B_2020.02.27_18.39.27.csv@3543  reward=  243.00 qoe=  47.4 qoe_q=   43.1 eps=0.050 loss=1.6754
[ep 1757] longdress    static_B_2019.12.16_13.40.04.csv@1616  reward=  237.14 qoe=  78.0 qoe_q=   73.1 eps=0.050 loss=1.5442
[ep 1758] loot         static_B_2020.02.13_13.57.29.csv@2099  reward=  191.92 qoe=  41.4 qoe_q=   33.6 eps=0.050 loss=1.6195
[ep 1759] redandblack  static_B_2020.02.13_13.57.29.csv@119   reward=  206.20 qoe=  17.9 qoe_q=   20.4 eps=0.050 loss=1.7938
[ep 1760] soldier      static_B_2020.02.27_18.39.27.csv@4143  reward=  288.72 qoe= 100.0 qoe_q=   95.3 eps=0.050 loss=1.6028
[ep 1761] longdress    static_B_2020.02.13_13.57.29.csv@1379  reward=  252.21 qoe=  31.8 qoe_q=   33.4 eps=0.050 loss=1.8215
[ep 1762] loot         static_B_2020.02.27_18.39.27.csv@1503  reward=  259.27 qoe=  36.1 qoe_q=   44.2 eps=0.050 loss=1.6867
[ep 1763] redandblack  static_B_2019.12.16_13.40.04.csv@1436  reward=  276.18 qoe=  83.4 qoe_q=   88.0 eps=0.050 loss=1.9356
[ep 1764] soldier      static_B_2020.01.16_10.43.34.csv@2833  reward=  162.31 qoe=   0.0 qoe_q=    5.4 eps=0.050 loss=1.5469
[ep 1765] longdress    static_B_2019.12.16_13.40.04.csv@1016  reward=  176.84 qoe=  59.2 qoe_q=   44.0 eps=0.050 loss=1.5376
[ep 1766] loot         static_B_2020.02.13_13.57.29.csv@2339  reward=  223.22 qoe=  55.2 qoe_q=   59.5 eps=0.050 loss=1.7363
[ep 1767] redandblack  static_B_2020.02.27_18.39.27.csv@5103  reward=  273.94 qoe=  50.0 qoe_q=   89.8 eps=0.050 loss=1.6013
[ep 1768] soldier      static_B_2020.02.27_18.39.27.csv@243   reward=  266.35 qoe=  82.7 qoe_q=   83.5 eps=0.050 loss=1.9005
[ep 1769] longdress    static_B_2020.02.13_13.57.29.csv@1559  reward=  203.46 qoe=  74.0 qoe_q=   54.2 eps=0.050 loss=1.7527
[ep 1770] loot         static_B_2019.12.16_13.40.04.csv@416   reward=  174.46 qoe=   0.0 qoe_q=   10.4 eps=0.050 loss=1.4333
[ep 1771] redandblack  static_B_2020.02.13_13.57.29.csv@59    reward=  199.61 qoe=  66.1 qoe_q=   57.9 eps=0.050 loss=1.7786
[ep 1772] soldier      static_B_2020.02.27_18.39.27.csv@2943  reward=  246.79 qoe=  84.4 qoe_q=   72.3 eps=0.050 loss=1.7467
[ep 1773] longdress    static_B_2020.02.13_13.57.29.csv@1319  reward=  147.68 qoe=   0.0 qoe_q=   12.3 eps=0.050 loss=1.6302
[ep 1774] loot         static_B_2020.01.16_10.43.34.csv@613   reward=  275.03 qoe= 100.0 qoe_q=   89.4 eps=0.050 loss=1.6306
[ep 1775] redandblack  static_B_2020.02.13_13.57.29.csv@1499  reward=  254.38 qoe= 100.0 qoe_q=   75.3 eps=0.050 loss=1.7686
[ep 1776] soldier      static_B_2020.02.27_18.39.27.csv@4203  reward=  207.27 qoe=   0.0 qoe_q=  -32.9 eps=0.050 loss=1.6131
[ep 1777] longdress    static_B_2020.02.13_13.57.29.csv@299   reward=  277.17 qoe=  98.0 qoe_q=   90.3 eps=0.050 loss=1.7436
[ep 1778] loot         static_B_2020.02.13_13.57.29.csv@719   reward=  201.78 qoe=   0.0 qoe_q=   14.4 eps=0.050 loss=1.8079
[ep 1779] redandblack  static_B_2020.02.27_18.39.27.csv@4563  reward=  242.98 qoe=  84.7 qoe_q=   72.3 eps=0.050 loss=1.6543
[ep 1780] soldier      static_B_2020.02.13_13.57.29.csv@1799  reward=  194.72 qoe=  36.5 qoe_q=   20.0 eps=0.050 loss=1.6723
[ep 1781] longdress    static_B_2020.02.13_13.57.29.csv@1979  reward=  286.05 qoe=  96.0 qoe_q=   94.6 eps=0.050 loss=1.7979
[ep 1782] loot         static_B_2020.02.27_18.39.27.csv@3663  reward=  277.40 qoe=  85.4 qoe_q=   90.0 eps=0.050 loss=1.6649
[ep 1783] redandblack  static_B_2019.12.16_13.40.04.csv@1496  reward=  284.56 qoe= 100.0 qoe_q=   94.0 eps=0.050 loss=1.6288
[ep 1784] soldier      static_B_2019.12.16_13.40.04.csv@1196  reward=  184.73 qoe=  40.7 qoe_q=   44.1 eps=0.050 loss=1.6021
[ep 1785] longdress    static_B_2019.12.16_13.40.04.csv@1316  reward=  198.85 qoe=  77.4 qoe_q=   56.2 eps=0.050 loss=1.6600
[ep 1786] loot         static_B_2019.12.16_13.40.04.csv@296   reward=  239.01 qoe=  55.3 qoe_q=   53.1 eps=0.050 loss=1.9924
[ep 1787] redandblack  static_B_2020.02.13_13.57.29.csv@2159  reward=  216.35 qoe=  38.8 qoe_q=   40.2 eps=0.050 loss=1.4381
[ep 1788] soldier      static_B_2020.02.27_18.39.27.csv@3483  reward=  228.07 qoe= 100.0 qoe_q=   70.7 eps=0.050 loss=1.6117
[ep 1789] longdress    static_B_2020.02.27_18.39.27.csv@1623  reward=  184.30 qoe=   0.0 qoe_q=  -12.9 eps=0.050 loss=1.6403
[ep 1790] loot         static_B_2020.02.27_18.39.27.csv@1863  reward=  250.50 qoe=  63.2 qoe_q=   64.5 eps=0.050 loss=1.8663
[ep 1791] redandblack  static_B_2020.01.16_10.43.34.csv@1873  reward=  264.63 qoe=  81.1 qoe_q=   83.8 eps=0.050 loss=1.5890
[ep 1792] soldier      static_B_2020.02.27_18.39.27.csv@783   reward=  252.70 qoe=  75.0 qoe_q=   72.0 eps=0.050 loss=1.8237
[ep 1793] longdress    static_B_2020.01.16_10.43.34.csv@1033  reward=  201.79 qoe=  46.2 qoe_q=   45.3 eps=0.050 loss=1.6413
[ep 1794] loot         static_B_2020.01.16_10.43.34.csv@1753  reward=  288.46 qoe=  86.0 qoe_q=   95.5 eps=0.050 loss=1.5982
[ep 1795] redandblack  static_B_2019.12.16_13.40.04.csv@1676  reward=  245.42 qoe=  79.6 qoe_q=   74.6 eps=0.050 loss=1.6589
[ep 1796] soldier      static_B_2020.01.16_10.43.34.csv@1513  reward=  257.41 qoe=  79.7 qoe_q=   73.3 eps=0.050 loss=1.7240
[ep 1797] longdress    static_B_2020.02.13_13.57.29.csv@419   reward=  278.22 qoe= 100.0 qoe_q=   90.9 eps=0.050 loss=1.8847
[ep 1798] loot         static_B_2020.02.27_18.39.27.csv@4323  reward=  257.34 qoe= 100.0 qoe_q=   75.9 eps=0.050 loss=1.7684
[ep 1799] redandblack  static_B_2020.02.27_18.39.27.csv@2583  reward=  240.35 qoe=  43.9 qoe_q=   55.6 eps=0.050 loss=1.6007
[ep 1800] soldier      static_B_2019.12.16_13.40.04.csv@236   reward=  191.41 qoe=   0.0 qoe_q=   -9.0 eps=0.050 loss=1.9156
    [eval @ ep 1800] reward=185.72 qoe=60.1 qoe_q=54.4 mean_q=0.735 stall=4.0s  <-- best (saved)
[ep 1801] longdress    static_B_2020.02.13_13.57.29.csv@599   reward=  236.18 qoe=  80.3 qoe_q=   66.7 eps=0.050 loss=1.6586
[ep 1802] loot         static_B_2020.02.27_18.39.27.csv@723   reward=  238.09 qoe=  26.1 qoe_q=   20.2 eps=0.050 loss=1.6506
[ep 1803] redandblack  static_B_2020.02.27_18.39.27.csv@4263  reward=  285.55 qoe= 100.0 qoe_q=   94.6 eps=0.050 loss=1.7616
[ep 1804] soldier      static_B_2019.12.16_13.40.04.csv@356   reward=  201.31 qoe=  55.4 qoe_q=   51.1 eps=0.050 loss=1.7112
[ep 1805] longdress    static_B_2019.12.16_13.40.04.csv@896   reward=  178.97 qoe=   0.0 qoe_q=  -24.4 eps=0.050 loss=1.7755
[ep 1806] loot         static_B_2020.01.16_10.43.34.csv@973   reward=  290.40 qoe= 100.0 qoe_q=   96.3 eps=0.050 loss=1.5049
[ep 1807] redandblack  static_B_2020.02.27_18.39.27.csv@3363  reward=  273.95 qoe=  76.0 qoe_q=   89.1 eps=0.050 loss=1.7530
[ep 1808] soldier      static_B_2020.02.27_18.39.27.csv@1383  reward=  260.43 qoe=  66.9 qoe_q=   72.2 eps=0.050 loss=1.4794
[ep 1809] longdress    static_B_2020.02.27_18.39.27.csv@1443  reward=  231.78 qoe=  75.4 qoe_q=   59.0 eps=0.050 loss=1.7983
[ep 1810] loot         static_B_2020.02.13_13.57.29.csv@2399  reward=  223.48 qoe=  37.1 qoe_q=   53.1 eps=0.050 loss=1.8081
[ep 1811] redandblack  static_B_2020.01.16_10.43.34.csv@913   reward=  224.78 qoe=  59.9 qoe_q=   59.7 eps=0.050 loss=1.5926
[ep 1812] soldier      static_B_2020.02.13_13.57.29.csv@659   reward=  203.74 qoe=  63.6 qoe_q=   45.5 eps=0.050 loss=1.6723
[ep 1813] longdress    static_B_2020.02.13_13.57.29.csv@359   reward=  271.67 qoe=  74.5 qoe_q=   80.4 eps=0.050 loss=1.5882
[ep 1814] loot         static_B_2020.02.27_18.39.27.csv@2523  reward=  292.21 qoe= 100.0 qoe_q=   95.0 eps=0.050 loss=1.9201
[ep 1815] redandblack  static_B_2019.12.16_13.40.04.csv@1076  reward=  211.26 qoe=  49.8 qoe_q=   46.8 eps=0.050 loss=1.6032
[ep 1816] soldier      static_B_2020.02.13_13.57.29.csv@1679  reward=  172.71 qoe=  62.3 qoe_q=   45.5 eps=0.050 loss=1.7598
[ep 1817] longdress    static_B_2020.01.16_10.43.34.csv@553   reward=  223.35 qoe=  68.7 qoe_q=   55.1 eps=0.050 loss=1.5652
[ep 1818] loot         static_B_2020.01.16_10.43.34.csv@793   reward=  257.81 qoe=  78.7 qoe_q=   80.4 eps=0.050 loss=1.8583
[ep 1819] redandblack  static_B_2020.01.16_10.43.34.csv@313   reward=  277.82 qoe= 100.0 qoe_q=   89.6 eps=0.050 loss=1.6976
[ep 1820] soldier      static_B_2020.02.13_13.57.29.csv@2519  reward=  290.62 qoe= 100.0 qoe_q=   95.4 eps=0.050 loss=1.7784
[ep 1821] longdress    static_B_2020.02.13_13.57.29.csv@1199  reward=  245.49 qoe=  71.6 qoe_q=   69.7 eps=0.050 loss=1.7166
[ep 1822] loot         static_B_2020.02.27_18.39.27.csv@183   reward=  280.25 qoe=   0.0 qoe_q=   91.8 eps=0.050 loss=1.8069
[ep 1823] redandblack  static_B_2019.12.16_13.40.04.csv@1136  reward=  185.71 qoe=   0.0 qoe_q= -106.1 eps=0.050 loss=1.9054
[ep 1824] soldier      static_B_2020.02.27_18.39.27.csv@1563  reward=  194.27 qoe=  39.0 qoe_q=   45.5 eps=0.050 loss=1.8154
[ep 1825] longdress    static_B_2019.12.16_13.40.04.csv@1376  reward=  201.91 qoe=  34.9 qoe_q=   34.3 eps=0.050 loss=1.6327
[ep 1826] loot         static_B_2020.02.13_13.57.29.csv@839   reward=  264.62 qoe= 100.0 qoe_q=   86.2 eps=0.050 loss=1.7540
[ep 1827] redandblack  static_B_2020.02.27_18.39.27.csv@2043  reward=  201.35 qoe=  44.1 qoe_q=   41.8 eps=0.050 loss=2.0805
[ep 1828] soldier      static_B_2020.02.27_18.39.27.csv@3     reward=  292.75 qoe= 100.0 qoe_q=   97.4 eps=0.050 loss=1.7055
[ep 1829] longdress    static_B_2020.01.16_10.43.34.csv@193   reward=  239.21 qoe=  61.0 qoe_q=   56.5 eps=0.050 loss=1.8582
[ep 1830] loot         static_B_2020.02.13_13.57.29.csv@1859  reward=  215.99 qoe=   0.0 qoe_q=   19.7 eps=0.050 loss=2.0256
[ep 1831] redandblack  static_B_2019.12.16_13.40.04.csv@476   reward=  283.17 qoe= 100.0 qoe_q=   93.6 eps=0.050 loss=1.6914
[ep 1832] soldier      static_B_2020.02.27_18.39.27.csv@3423  reward=  291.46 qoe= 100.0 qoe_q=   96.7 eps=0.050 loss=1.6671
[ep 1833] longdress    static_B_2020.02.13_13.57.29.csv@179   reward=  161.10 qoe=  48.3 qoe_q=   38.5 eps=0.050 loss=1.8513
[ep 1834] loot         static_B_2020.01.16_10.43.34.csv@73    reward=  178.40 qoe=   0.0 qoe_q=   -2.2 eps=0.050 loss=1.8176
[ep 1835] redandblack  static_B_2020.02.27_18.39.27.csv@2643  reward=  202.94 qoe=   0.0 qoe_q=   -5.9 eps=0.050 loss=1.7390
[ep 1836] soldier      static_B_2020.02.27_18.39.27.csv@2163  reward=  233.59 qoe=  84.6 qoe_q=   67.7 eps=0.050 loss=1.8049
[ep 1837] longdress    static_B_2020.02.27_18.39.27.csv@2883  reward=  234.73 qoe=  85.6 qoe_q=   69.9 eps=0.050 loss=1.8922
[ep 1838] loot         static_B_2020.02.27_18.39.27.csv@4743  reward=  276.57 qoe=   4.0 qoe_q=   90.5 eps=0.050 loss=2.0937
[ep 1839] redandblack  static_B_2020.02.13_13.57.29.csv@959   reward=  149.86 qoe=   0.0 qoe_q=  -25.4 eps=0.050 loss=1.7840
[ep 1840] soldier      static_B_2020.01.16_10.43.34.csv@3109  reward=  288.70 qoe= 100.0 qoe_q=   95.1 eps=0.050 loss=2.0223
[ep 1841] longdress    static_B_2020.02.27_18.39.27.csv@4083  reward=  288.88 qoe= 100.0 qoe_q=   95.8 eps=0.050 loss=1.6668
[ep 1842] loot         static_B_2020.02.27_18.39.27.csv@2103  reward=  234.51 qoe=  82.6 qoe_q=   66.2 eps=0.050 loss=1.6082
[ep 1843] redandblack  static_B_2020.02.27_18.39.27.csv@5463  reward=  272.76 qoe= 100.0 qoe_q=   88.5 eps=0.050 loss=1.6492
[ep 1844] soldier      static_B_2020.01.16_10.43.34.csv@2293  reward=  184.82 qoe=  64.5 qoe_q=   39.5 eps=0.050 loss=1.8992
[ep 1845] longdress    static_B_2020.01.16_10.43.34.csv@1693  reward=  277.31 qoe= 100.0 qoe_q=   90.5 eps=0.050 loss=1.9227
[ep 1846] loot         static_B_2020.01.16_10.43.34.csv@3013  reward=  282.42 qoe=  16.1 qoe_q=   91.0 eps=0.050 loss=1.6813
[ep 1847] redandblack  static_B_2020.02.13_13.57.29.csv@479   reward=  206.32 qoe=  22.2 qoe_q=   32.9 eps=0.050 loss=1.8731
[ep 1848] soldier      static_B_2020.02.27_18.39.27.csv@603   reward=  292.09 qoe= 100.0 qoe_q=   97.1 eps=0.050 loss=1.6575
[ep 1849] longdress    static_B_2020.02.27_18.39.27.csv@483   reward=  259.13 qoe= 100.0 qoe_q=   75.4 eps=0.050 loss=1.8006
[ep 1850] loot         static_B_2020.02.13_13.57.29.csv@1019  reward=  167.91 qoe=   9.4 qoe_q=   24.9 eps=0.050 loss=1.9090
[ep 1851] redandblack  static_B_2020.02.27_18.39.27.csv@1923  reward=  260.27 qoe=  87.9 qoe_q=   82.6 eps=0.050 loss=2.1492
[ep 1852] soldier      static_B_2020.01.16_10.43.34.csv@2533  reward=  286.28 qoe= 100.0 qoe_q=   94.4 eps=0.050 loss=1.7134
[ep 1853] longdress    static_B_2020.02.27_18.39.27.csv@423   reward=  240.67 qoe=  55.0 qoe_q=   61.5 eps=0.050 loss=1.8177
[ep 1854] loot         static_B_2020.01.16_10.43.34.csv@2653  reward=  268.96 qoe=  79.5 qoe_q=   85.9 eps=0.050 loss=1.9106
[ep 1855] redandblack  static_B_2020.02.27_18.39.27.csv@663   reward=  238.64 qoe=  47.5 qoe_q=   56.9 eps=0.050 loss=1.6493
[ep 1856] soldier      static_B_2020.02.27_18.39.27.csv@5403  reward=  277.69 qoe= 100.0 qoe_q=   90.5 eps=0.050 loss=1.7950
[ep 1857] longdress    static_B_2020.02.27_18.39.27.csv@1323  reward=  283.22 qoe= 100.0 qoe_q=   93.1 eps=0.050 loss=1.6430
[ep 1858] loot         static_B_2019.12.16_13.40.04.csv@176   reward=  275.24 qoe=  64.2 qoe_q=   69.4 eps=0.050 loss=1.7056
[ep 1859] redandblack  static_B_2020.02.13_13.57.29.csv@2579  reward=  257.63 qoe=  63.1 qoe_q=   67.8 eps=0.050 loss=1.8495
[ep 1860] soldier      static_B_2020.02.27_18.39.27.csv@4803  reward=  283.48 qoe=  98.0 qoe_q=   93.0 eps=0.050 loss=1.7989
[ep 1861] longdress    static_B_2020.02.27_18.39.27.csv@2703  reward=  266.47 qoe=  80.5 qoe_q=   85.5 eps=0.050 loss=1.6594
[ep 1862] loot         static_B_2020.02.27_18.39.27.csv@5742  reward=  268.17 qoe=  64.4 qoe_q=   73.4 eps=0.050 loss=1.9906
[ep 1863] redandblack  static_B_2020.02.13_13.57.29.csv@2939  reward=  238.47 qoe=  60.4 qoe_q=   55.1 eps=0.050 loss=1.7541
[ep 1864] soldier      static_B_2020.02.13_13.57.29.csv@2459  reward=  232.43 qoe=  15.3 qoe_q=   30.5 eps=0.050 loss=1.6546
[ep 1865] longdress    static_B_2020.02.27_18.39.27.csv@5742  reward=  280.47 qoe= 100.0 qoe_q=   92.0 eps=0.050 loss=1.6405
[ep 1866] loot         static_B_2020.02.27_18.39.27.csv@3903  reward=  289.54 qoe=  72.0 qoe_q=   96.1 eps=0.050 loss=1.6698
[ep 1867] redandblack  static_B_2020.02.27_18.39.27.csv@2223  reward=  275.36 qoe= 100.0 qoe_q=   90.6 eps=0.050 loss=2.1318
[ep 1868] soldier      static_B_2019.12.16_13.40.04.csv@116   reward=  293.05 qoe= 100.0 qoe_q=   97.4 eps=0.050 loss=1.9083
[ep 1869] longdress    static_B_2020.01.16_10.43.34.csv@2053  reward=  251.35 qoe=  79.3 qoe_q=   73.7 eps=0.050 loss=1.7134
[ep 1870] loot         static_B_2020.02.27_18.39.27.csv@5283  reward=  283.67 qoe=  88.3 qoe_q=   94.1 eps=0.050 loss=1.9883
[ep 1871] redandblack  static_B_2020.02.13_13.57.29.csv@779   reward=  232.20 qoe=  52.9 qoe_q=   58.0 eps=0.050 loss=1.8264
[ep 1872] soldier      static_B_2019.12.16_13.40.04.csv@1736  reward=  201.77 qoe=   0.0 qoe_q=  -45.5 eps=0.050 loss=1.8400
[ep 1873] longdress    static_B_2020.02.27_18.39.27.csv@903   reward=  228.98 qoe=  80.7 qoe_q=   63.4 eps=0.050 loss=1.7528
[ep 1874] loot         static_B_2020.01.16_10.43.34.csv@733   reward=  288.99 qoe=   0.0 qoe_q=   95.9 eps=0.050 loss=1.5705
[ep 1875] redandblack  static_B_2020.02.27_18.39.27.csv@3183  reward=  246.73 qoe=   0.0 qoe_q= -118.2 eps=0.050 loss=1.7071
[ep 1876] soldier      static_B_2020.02.27_18.39.27.csv@1023  reward=  206.04 qoe=  42.4 qoe_q=   50.9 eps=0.050 loss=1.8294
[ep 1877] longdress    static_B_2020.02.27_18.39.27.csv@2763  reward=  269.22 qoe=  85.0 qoe_q=   87.6 eps=0.050 loss=1.7313
[ep 1878] loot         static_B_2020.02.27_18.39.27.csv@2343  reward=  161.05 qoe=   0.0 qoe_q= -301.8 eps=0.050 loss=1.9947
[ep 1879] redandblack  static_B_2020.01.16_10.43.34.csv@673   reward=  279.52 qoe= 100.0 qoe_q=   92.3 eps=0.050 loss=1.8368
[ep 1880] soldier      static_B_2020.02.13_13.57.29.csv@2879  reward=  165.66 qoe=  84.8 qoe_q=   44.2 eps=0.050 loss=1.7287
[ep 1881] longdress    static_B_2020.01.16_10.43.34.csv@1453  reward=  226.35 qoe=  41.4 qoe_q=   50.6 eps=0.050 loss=1.6991
[ep 1882] loot         static_B_2019.12.16_13.40.04.csv@1796  reward=  212.96 qoe=   6.3 qoe_q=   13.0 eps=0.050 loss=1.9172
[ep 1883] redandblack  static_B_2019.12.16_13.40.04.csv@1856  reward=  162.53 qoe=   0.0 qoe_q= -242.9 eps=0.050 loss=1.6504
[ep 1884] soldier      static_B_2020.02.13_13.57.29.csv@1139  reward=  159.00 qoe=  59.5 qoe_q=   38.4 eps=0.050 loss=2.0607
[ep 1885] longdress    static_B_2020.01.16_10.43.34.csv@13    reward=  265.05 qoe=  25.4 qoe_q=   32.6 eps=0.050 loss=1.7905
[ep 1886] loot         static_B_2020.01.16_10.43.34.csv@2173  reward=  258.18 qoe=  80.5 qoe_q=   80.1 eps=0.050 loss=1.8410
[ep 1887] redandblack  static_B_2020.01.16_10.43.34.csv@2893  reward=  199.11 qoe=  41.7 qoe_q=   46.0 eps=0.050 loss=1.8908
[ep 1888] soldier      static_B_2019.12.16_13.40.04.csv@596   reward=  186.87 qoe=  39.6 qoe_q=   26.5 eps=0.050 loss=1.5903
[ep 1889] longdress    static_B_2020.02.13_13.57.29.csv@2639  reward=  267.07 qoe= 100.0 qoe_q=   83.7 eps=0.050 loss=1.6844
[ep 1890] loot         static_B_2020.01.16_10.43.34.csv@1213  reward=  265.05 qoe=  72.7 qoe_q=   75.5 eps=0.050 loss=1.9349
[ep 1891] redandblack  static_B_2020.02.27_18.39.27.csv@5643  reward=  261.31 qoe=  66.6 qoe_q=   73.1 eps=0.050 loss=1.6234
[ep 1892] soldier      static_B_2020.02.27_18.39.27.csv@4383  reward=  234.93 qoe=   0.0 qoe_q=    4.0 eps=0.050 loss=1.9211
[ep 1893] longdress    static_B_2020.02.27_18.39.27.csv@543   reward=  263.28 qoe=   0.0 qoe_q= -164.3 eps=0.050 loss=1.8912
[ep 1894] loot         static_B_2020.02.27_18.39.27.csv@3843  reward=  278.05 qoe=  87.8 qoe_q=   89.2 eps=0.050 loss=1.7780
[ep 1895] redandblack  static_B_2020.01.16_10.43.34.csv@2113  reward=  230.56 qoe=  73.7 qoe_q=   59.3 eps=0.050 loss=1.4994
[ep 1896] soldier      static_B_2020.02.27_18.39.27.csv@2283  reward=  226.10 qoe=  59.4 qoe_q=   44.2 eps=0.050 loss=1.6649
    [eval @ final] reward=177.56 qoe=39.9 qoe_q=34.1 mean_q=0.757 stall=6.0s
==========================================================================================
✅ Training done. untrained qoe_quality=38.27 -> final 34.14 (best=54.43)
📦 Saved: C:\Users\Nima\PointCloudStreaming\logs\train_runs\20260711_130607_full\sweep\trial_001_s46\abr_dqn.pkl  (+ C:\Users\Nima\PointCloudStreaming\logs\train_runs\20260711_130607_full\sweep\trial_001_s46\abr_dqn_best.pkl)
🧾 History: C:\Users\Nima\PointCloudStreaming\logs\train_runs\20260711_130607_full\sweep\trial_001_s46\abr_dqn_train_history.json
🧾 Summary: C:\Users\Nima\PointCloudStreaming\logs\train_runs\20260711_130607_full\sweep\trial_001_s46\train_summary.json
