episode,sequence,file,window_id,block_id,start_time_s,reward,qoe,qoe_quality,request_pacing_s,epsilon,mean_loss
1,longdress,driving_B_2020.01.16_07.26.43.csv,train/driving_B_2020.01.16_07.26.43.csv#block-000@time-1200.000s,block-000,1200.000,-26.4378,-26.44,-26.44,0.0000,0.9985,0.000000
2,loot,driving_B_2019.12.16_12.27.05.csv,train/driving_B_2019.12.16_12.27.05.csv#block-000@time-780.000s,block-000,780.000,16.9484,16.95,16.95,0.0000,0.9970,0.000000
3,redandblack,driving_B_2020.02.14_09.38.22.csv,train/driving_B_2020.02.14_09.38.22.csv#block-000@time-600.000s,block-000,600.000,37.9802,37.98,37.98,0.0000,0.9955,0.000000
4,soldier,driving_B_2020.02.14_12.58.17.csv,train/driving_B_2020.02.14_12.58.17.csv#block-002@time-716.000s,block-002,716.000,-81.2508,-81.25,-81.25,0.0000,0.9940,0.000000
5,longdress,driving_B_2020.02.27_17.30.15.csv,train/driving_B_2020.02.27_17.30.15.csv#block-002@time-473.000s,block-002,473.000,-472.4065,-472.41,-472.41,0.0000,0.9924,3.948555
6,loot,driving_B_2020.01.16_07.26.43.csv,train/driving_B_2020.01.16_07.26.43.csv#block-000@time-1680.000s,block-000,1680.000,-68.2942,-68.29,-68.29,0.0000,0.9909,4.182560
7,redandblack,driving_B_2020.02.14_09.38.22.csv,train/driving_B_2020.02.14_09.38.22.csv#block-000@time-1380.000s,block-000,1380.000,5.2110,5.21,5.21,0.8689,0.9894,4.005352
8,soldier,driving_B_2020.02.14_09.38.22.csv,train/driving_B_2020.02.14_09.38.22.csv#block-000@time-1140.000s,block-000,1140.000,-123.6288,-123.63,-123.63,0.0000,0.9879,3.483159
9,longdress,driving_B_2019.12.17_07.32.39.csv,train/driving_B_2019.12.17_07.32.39.csv#block-003@time-1654.000s,block-003,1654.000,-98.1528,-98.15,-98.15,0.0000,0.9863,3.684410
10,loot,driving_B_2020.02.14_09.38.22.csv,train/driving_B_2020.02.14_09.38.22.csv#block-000@time-1200.000s,block-000,1200.000,-87.2364,-87.24,-87.24,0.0000,0.9848,3.721225
11,redandblack,driving_B_2020.02.13_15.02.01.csv,train/driving_B_2020.02.13_15.02.01.csv#block-000@time-1800.000s,block-000,1800.000,-174.0366,-174.04,-174.04,0.0000,0.9833,3.919295
12,soldier,driving_B_2020.02.13_15.02.01.csv,train/driving_B_2020.02.13_15.02.01.csv#block-000@time-540.000s,block-000,540.000,-133.8206,-133.82,-133.82,0.0000,0.9818,3.803497
13,longdress,driving_B_2020.02.14_09.38.22.csv,train/driving_B_2020.02.14_09.38.22.csv#block-000@time-780.000s,block-000,780.000,46.5928,46.59,46.59,0.0000,0.9803,3.790397
14,loot,static_B_2020.02.14_13.21.26.csv,train/static_B_2020.02.14_13.21.26.csv#block-000@time-180.000s,block-000,180.000,45.3754,45.38,45.38,1.3780,0.9787,3.524902
15,redandblack,driving_B_2019.12.17_07.32.39.csv,train/driving_B_2019.12.17_07.32.39.csv#block-000@time-1200.000s,block-000,1200.000,42.7233,42.72,42.72,2.5565,0.9772,3.356568
16,soldier,driving_B_2020.01.16_09.56.56.csv,train/driving_B_2020.01.16_09.56.56.csv#block-000@time-360.000s,block-000,360.000,10.3761,10.38,10.38,0.0000,0.9757,2.958500
17,longdress,static_B_2019.12.16_13.40.04.csv,train/static_B_2019.12.16_13.40.04.csv#block-005@time-1466.000s,block-005,1466.000,40.7047,40.70,40.70,0.0000,0.9742,3.112575
18,loot,driving_B_2020.01.16_07.26.43.csv,train/driving_B_2020.01.16_07.26.43.csv#block-000@time-1740.000s,block-000,1740.000,-177.0430,-177.04,-177.04,0.0000,0.9726,3.069855
19,redandblack,driving_B_2020.01.16_09.56.56.csv,train/driving_B_2020.01.16_09.56.56.csv#block-001@time-1599.000s,block-001,1599.000,48.6275,48.63,48.63,1.5412,0.9711,2.987468
20,soldier,static_B_2020.02.14_13.21.26.csv,train/static_B_2020.02.14_13.21.26.csv#block-000@time-720.000s,block-000,720.000,36.9907,36.99,36.99,1.5373,0.9696,3.175127
21,longdress,driving_B_2020.01.16_12.10.03.csv,train/driving_B_2020.01.16_12.10.03.csv#block-000@time-240.000s,block-000,240.000,42.5766,42.58,42.58,2.1503,0.9681,2.818574
22,loot,driving_B_2020.02.27_17.30.15.csv,train/driving_B_2020.02.27_17.30.15.csv#block-002@time-413.000s,block-002,413.000,-341.3786,-341.38,-341.38,0.0000,0.9666,2.758420
23,redandblack,driving_B_2020.01.16_07.26.43.csv,train/driving_B_2020.01.16_07.26.43.csv#block-000@time-1560.000s,block-000,1560.000,-98.3551,-98.36,-98.36,0.0000,0.9650,3.083766
24,soldier,driving_B_2020.02.27_17.30.15.csv,train/driving_B_2020.02.27_17.30.15.csv#block-002@time-533.000s,block-002,533.000,-231.1832,-231.18,-231.18,0.0000,0.9635,3.417135
25,longdress,static_B_2020.02.27_18.39.27.csv,train/static_B_2020.02.27_18.39.27.csv#block-001@time-3732.000s,block-001,3732.000,49.6663,49.67,49.67,0.0000,0.9620,3.379211
26,loot,driving_B_2020.01.16_09.56.56.csv,train/driving_B_2020.01.16_09.56.56.csv#block-000@time-180.000s,block-000,180.000,61.1655,61.17,61.17,0.0000,0.9605,3.400983
27,redandblack,static_B_2020.02.14_13.21.26.csv,train/static_B_2020.02.14_13.21.26.csv#block-000@time-480.000s,block-000,480.000,54.4181,54.42,54.42,1.9298,0.9589,3.119462
28,soldier,driving_B_2019.12.17_07.32.39.csv,train/driving_B_2019.12.17_07.32.39.csv#block-000@time-1380.000s,block-000,1380.000,-2.1490,-2.15,-2.15,0.0000,0.9574,2.998336
29,longdress,driving_B_2020.02.13_13.03.24.csv,train/driving_B_2020.02.13_13.03.24.csv#block-001@time-1994.000s,block-001,1994.000,50.6092,50.61,50.61,0.0000,0.9559,2.810088
30,loot,static_B_2019.12.16_13.40.04.csv,train/static_B_2019.12.16_13.40.04.csv#block-005@time-1586.000s,block-005,1586.000,21.5827,21.58,21.58,0.0000,0.9544,2.864009
31,redandblack,static_B_2020.02.27_18.39.27.csv,train/static_B_2020.02.27_18.39.27.csv#block-001@time-5832.000s,block-001,5832.000,33.1186,33.12,33.12,1.7726,0.9529,2.737840
32,soldier,driving_B_2020.01.16_09.56.56.csv,train/driving_B_2020.01.16_09.56.56.csv#block-000@time-300.000s,block-000,300.000,58.4280,58.43,58.43,0.0435,0.9513,2.769822
33,longdress,static_B_2020.02.14_13.21.26.csv,train/static_B_2020.02.14_13.21.26.csv#block-000@time-1080.000s,block-000,1080.000,39.9635,39.96,39.96,0.7303,0.9498,2.638298
34,loot,driving_B_2020.02.14_12.58.17.csv,train/driving_B_2020.02.14_12.58.17.csv#block-000@time-0.000s,block-000,0.000,-21.4684,-21.47,-21.47,0.0000,0.9483,2.439936
35,redandblack,driving_B_2020.02.27_17.30.15.csv,train/driving_B_2020.02.27_17.30.15.csv#block-002@time-353.000s,block-002,353.000,-199.9899,-199.99,-199.99,0.0000,0.9468,2.633852
36,soldier,static_B_2020.02.14_13.21.26.csv,train/static_B_2020.02.14_13.21.26.csv#block-000@time-240.000s,block-000,240.000,47.8317,47.83,47.83,1.6799,0.9452,2.717055
37,longdress,driving_B_2020.02.27_17.30.15.csv,train/driving_B_2020.02.27_17.30.15.csv#block-002@time-293.000s,block-002,293.000,-372.4626,-372.46,-372.46,0.0000,0.9437,2.801489
38,loot,static_B_2019.12.16_13.40.04.csv,train/static_B_2019.12.16_13.40.04.csv#block-005@time-1706.000s,block-005,1706.000,50.3765,50.38,50.38,0.4802,0.9422,2.977115
39,redandblack,driving_B_2020.02.13_13.03.24.csv,train/driving_B_2020.02.13_13.03.24.csv#block-007@time-2290.000s,block-007,2290.000,-232.4554,-232.46,-232.46,0.0000,0.9407,2.707229
40,soldier,static_B_2020.02.27_18.39.27.csv,train/static_B_2020.02.27_18.39.27.csv#block-001@time-5352.000s,block-001,5352.000,-5.0262,-5.03,-5.03,0.0000,0.9392,2.838185
41,longdress,static_B_2019.12.16_13.40.04.csv,train/static_B_2019.12.16_13.40.04.csv#block-001@time-955.000s,block-001,955.000,56.0513,56.05,56.05,0.0000,0.9376,2.605464
42,loot,driving_B_2020.02.14_12.58.17.csv,train/driving_B_2020.02.14_12.58.17.csv#block-002@time-596.000s,block-002,596.000,-29.4229,-29.42,-29.42,0.0000,0.9361,2.629673
43,redandblack,driving_B_2020.02.14_12.58.17.csv,train/driving_B_2020.02.14_12.58.17.csv#block-002@time-596.000s,block-002,596.000,-63.7050,-63.71,-63.71,0.0000,0.9346,2.673735
44,soldier,driving_B_2020.02.14_12.58.17.csv,train/driving_B_2020.02.14_12.58.17.csv#block-000@time-0.000s,block-000,0.000,-42.4744,-42.47,-42.47,0.0000,0.9331,2.782084
45,longdress,driving_B_2020.02.13_15.02.01.csv,train/driving_B_2020.02.13_15.02.01.csv#block-000@time-1200.000s,block-000,1200.000,16.1773,16.18,16.18,0.0000,0.9315,2.601861
46,loot,driving_B_2020.02.14_12.58.17.csv,train/driving_B_2020.02.14_12.58.17.csv#block-002@time-716.000s,block-002,716.000,-14.1632,-14.16,-14.16,0.0000,0.9300,2.605186
47,redandblack,driving_B_2020.01.16_12.10.03.csv,train/driving_B_2020.01.16_12.10.03.csv#block-000@time-300.000s,block-000,300.000,20.1727,20.17,20.17,0.0000,0.9285,2.504814
48,soldier,driving_B_2020.02.14_09.38.22.csv,train/driving_B_2020.02.14_09.38.22.csv#block-000@time-480.000s,block-000,480.000,-56.6024,-56.60,-56.60,0.0000,0.9270,2.398464
49,longdress,driving_B_2019.12.17_07.32.39.csv,train/driving_B_2019.12.17_07.32.39.csv#block-000@time-960.000s,block-000,960.000,-94.8220,-94.82,-94.82,0.0000,0.9255,2.440253
50,loot,driving_B_2020.02.13_15.02.01.csv,train/driving_B_2020.02.13_15.02.01.csv#block-000@time-2760.000s,block-000,2760.000,-78.7731,-78.77,-78.77,0.0000,0.9239,2.422382
51,redandblack,static_B_2020.02.27_18.39.27.csv,train/static_B_2020.02.27_18.39.27.csv#block-001@time-3972.000s,block-001,3972.000,50.3590,50.36,50.36,0.0000,0.9224,2.582831
52,soldier,static_B_2020.02.14_13.21.26.csv,train/static_B_2020.02.14_13.21.26.csv#block-000@time-420.000s,block-000,420.000,47.6868,47.69,47.69,1.8770,0.9209,2.616051
53,longdress,driving_B_2020.02.13_15.02.01.csv,train/driving_B_2020.02.13_15.02.01.csv#block-000@time-480.000s,block-000,480.000,43.5203,43.52,43.52,0.8183,0.9194,2.460441
54,loot,static_B_2020.02.27_18.39.27.csv,train/static_B_2020.02.27_18.39.27.csv#block-001@time-2652.000s,block-001,2652.000,34.1780,34.18,34.18,0.0000,0.9178,2.281567
55,redandblack,driving_B_2020.02.14_12.58.17.csv,train/driving_B_2020.02.14_12.58.17.csv#block-002@time-536.000s,block-002,536.000,-218.1505,-218.15,-218.15,0.0000,0.9163,3.159917
56,soldier,static_B_2019.12.16_13.40.04.csv,train/static_B_2019.12.16_13.40.04.csv#block-005@time-1646.000s,block-005,1646.000,37.8990,37.90,37.90,1.6164,0.9148,2.695756
57,longdress,driving_B_2019.12.17_07.32.39.csv,train/driving_B_2019.12.17_07.32.39.csv#block-000@time-900.000s,block-000,900.000,-94.1464,-94.15,-94.15,0.0000,0.9133,2.567036
58,loot,driving_B_2019.12.16_12.27.05.csv,train/driving_B_2019.12.16_12.27.05.csv#block-000@time-900.000s,block-000,900.000,42.6066,42.61,42.61,2.7178,0.9117,2.375385
59,redandblack,static_B_2019.12.16_13.40.04.csv,train/static_B_2019.12.16_13.40.04.csv#block-005@time-1886.000s,block-005,1886.000,55.9833,55.98,55.98,0.0000,0.9102,2.431282
60,soldier,static_B_2020.02.27_18.39.27.csv,train/static_B_2020.02.27_18.39.27.csv#block-001@time-492.000s,block-001,492.000,30.7786,30.78,30.78,0.0000,0.9087,2.349931
61,longdress,driving_B_2020.02.14_12.58.17.csv,train/driving_B_2020.02.14_12.58.17.csv#block-002@time-716.000s,block-002,716.000,-160.1932,-160.19,-160.19,0.0000,0.9072,2.218646
62,loot,driving_B_2020.02.13_13.03.24.csv,train/driving_B_2020.02.13_13.03.24.csv#block-000@time-480.000s,block-000,480.000,-30.6711,-30.67,-30.67,0.0000,0.9057,2.447335
63,redandblack,driving_B_2019.12.16_12.27.05.csv,train/driving_B_2019.12.16_12.27.05.csv#block-000@time-660.000s,block-000,660.000,-268.0350,-268.03,-268.03,0.0000,0.9041,2.434833
64,soldier,driving_B_2020.01.16_09.56.56.csv,train/driving_B_2020.01.16_09.56.56.csv#block-001@time-1179.000s,block-001,1179.000,-93.7003,-93.70,-93.70,0.0000,0.9026,2.595124
65,longdress,driving_B_2020.02.27_17.30.15.csv,train/driving_B_2020.02.27_17.30.15.csv#block-002@time-413.000s,block-002,413.000,-581.3824,-581.38,-581.38,0.0000,0.9011,2.595953
66,loot,driving_B_2020.02.13_15.02.01.csv,train/driving_B_2020.02.13_15.02.01.csv#block-000@time-1920.000s,block-000,1920.000,23.5831,23.58,23.58,0.0000,0.8996,2.455257
67,redandblack,driving_B_2020.02.14_09.38.22.csv,train/driving_B_2020.02.14_09.38.22.csv#block-000@time-1440.000s,block-000,1440.000,46.3311,46.33,46.33,1.5399,0.8980,2.499825
68,soldier,driving_B_2020.02.14_09.38.22.csv,train/driving_B_2020.02.14_09.38.22.csv#block-000@time-120.000s,block-000,120.000,-239.3190,-239.32,-239.32,0.0000,0.8965,2.643561
69,longdress,driving_B_2020.02.27_17.30.15.csv,train/driving_B_2020.02.27_17.30.15.csv#block-002@time-293.000s,block-002,293.000,-372.4011,-372.40,-372.40,0.0000,0.8950,2.944138
70,loot,static_B_2020.02.27_18.39.27.csv,train/static_B_2020.02.27_18.39.27.csv#block-001@time-6072.000s,block-001,6072.000,50.8381,50.84,50.84,2.1229,0.8935,2.768193
71,redandblack,driving_B_2019.12.17_07.32.39.csv,train/driving_B_2019.12.17_07.32.39.csv#block-000@time-420.000s,block-000,420.000,12.2781,12.28,12.28,0.0000,0.8920,2.975969
72,soldier,driving_B_2020.02.14_12.58.17.csv,train/driving_B_2020.02.14_12.58.17.csv#block-002@time-656.000s,block-002,656.000,-29.9435,-29.94,-29.94,0.0000,0.8904,2.724611
73,longdress,driving_B_2020.01.16_09.56.56.csv,train/driving_B_2020.01.16_09.56.56.csv#block-001@time-1539.000s,block-001,1539.000,23.8130,23.81,23.81,0.9258,0.8889,2.741731
74,loot,static_B_2020.02.14_13.21.26.csv,train/static_B_2020.02.14_13.21.26.csv#block-000@time-1020.000s,block-000,1020.000,37.5074,37.51,37.51,2.7043,0.8874,2.614890
75,redandblack,driving_B_2020.02.14_12.58.17.csv,train/driving_B_2020.02.14_12.58.17.csv#block-002@time-716.000s,block-002,716.000,-50.4679,-50.47,-50.47,0.0000,0.8859,2.546321
76,soldier,driving_B_2020.01.16_09.56.56.csv,train/driving_B_2020.01.16_09.56.56.csv#block-001@time-519.000s,block-001,519.000,28.9409,28.94,28.94,0.3792,0.8843,2.686265
77,longdress,driving_B_2020.01.16_09.56.56.csv,train/driving_B_2020.01.16_09.56.56.csv#block-001@time-1239.000s,block-001,1239.000,-62.1419,-62.14,-62.14,0.0000,0.8828,2.843979
78,loot,driving_B_2020.01.16_09.56.56.csv,train/driving_B_2020.01.16_09.56.56.csv#block-001@time-1719.000s,block-001,1719.000,59.6025,59.60,59.60,0.1877,0.8813,2.563955
79,redandblack,driving_B_2020.01.16_07.26.43.csv,train/driving_B_2020.01.16_07.26.43.csv#block-000@time-780.000s,block-000,780.000,-15.3624,-15.36,-15.36,0.0000,0.8798,2.740499
80,soldier,driving_B_2020.02.14_12.58.17.csv,train/driving_B_2020.02.14_12.58.17.csv#block-002@time-656.000s,block-002,656.000,-86.6029,-86.60,-86.60,0.0000,0.8783,2.448254
81,longdress,static_B_2020.02.14_13.21.26.csv,train/static_B_2020.02.14_13.21.26.csv#block-000@time-660.000s,block-000,660.000,51.9000,51.90,51.90,1.6888,0.8767,2.504512
82,loot,static_B_2019.12.16_13.40.04.csv,train/static_B_2019.12.16_13.40.04.csv#block-000@time-60.000s,block-000,60.000,25.5654,25.57,25.57,0.0000,0.8752,2.450033
83,redandblack,driving_B_2020.02.14_09.38.22.csv,train/driving_B_2020.02.14_09.38.22.csv#block-000@time-360.000s,block-000,360.000,-122.6522,-122.65,-122.65,0.0000,0.8737,2.467822
84,soldier,driving_B_2020.01.16_09.56.56.csv,train/driving_B_2020.01.16_09.56.56.csv#block-001@time-1059.000s,block-001,1059.000,-78.3360,-78.34,-78.34,0.0000,0.8722,2.654039
85,longdress,driving_B_2020.02.14_12.58.17.csv,train/driving_B_2020.02.14_12.58.17.csv#block-000@time-0.000s,block-000,0.000,-41.3258,-41.33,-41.33,0.0000,0.8706,2.363305
86,loot,static_B_2020.02.27_18.39.27.csv,train/static_B_2020.02.27_18.39.27.csv#block-001@time-1152.000s,block-001,1152.000,48.5000,48.50,48.50,0.4502,0.8691,2.495500
87,redandblack,driving_B_2020.02.27_17.30.15.csv,train/driving_B_2020.02.27_17.30.15.csv#block-002@time-353.000s,block-002,353.000,-133.0334,-133.03,-133.03,0.0000,0.8676,2.337826
88,soldier,static_B_2020.02.14_13.21.26.csv,train/static_B_2020.02.14_13.21.26.csv#block-000@time-540.000s,block-000,540.000,58.7501,58.75,58.75,0.0000,0.8661,2.379737
89,longdress,driving_B_2020.02.27_17.30.15.csv,train/driving_B_2020.02.27_17.30.15.csv#block-002@time-413.000s,block-002,413.000,-731.1887,-731.19,-731.19,0.0000,0.8646,2.651166
90,loot,driving_B_2020.02.13_13.03.24.csv,train/driving_B_2020.02.13_13.03.24.csv#block-001@time-914.000s,block-001,914.000,-148.8650,-148.87,-148.87,0.0000,0.8630,2.642437
91,redandblack,static_B_2020.02.14_13.21.26.csv,train/static_B_2020.02.14_13.21.26.csv#block-000@time-840.000s,block-000,840.000,56.9987,57.00,57.00,2.2416,0.8615,2.998344
92,soldier,driving_B_2019.12.16_12.27.05.csv,train/driving_B_2019.12.16_12.27.05.csv#block-000@time-780.000s,block-000,780.000,5.2181,5.22,5.22,0.0000,0.8600,2.764042
93,longdress,driving_B_2020.02.27_17.30.15.csv,train/driving_B_2020.02.27_17.30.15.csv#block-002@time-293.000s,block-002,293.000,-338.2691,-338.27,-338.27,0.0000,0.8585,2.584429
94,loot,driving_B_2020.02.27_17.30.15.csv,train/driving_B_2020.02.27_17.30.15.csv#block-002@time-473.000s,block-002,473.000,-363.5993,-363.60,-363.60,0.0000,0.8569,2.718091
95,redandblack,driving_B_2020.01.16_07.26.43.csv,train/driving_B_2020.01.16_07.26.43.csv#block-000@time-1260.000s,block-000,1260.000,-2.7472,-2.75,-2.75,0.0000,0.8554,2.968569
96,soldier,static_B_2020.02.27_18.39.27.csv,train/static_B_2020.02.27_18.39.27.csv#block-001@time-5472.000s,block-001,5472.000,57.5707,57.57,57.57,1.9396,0.8539,2.638166
97,longdress,driving_B_2020.02.14_09.38.22.csv,train/driving_B_2020.02.14_09.38.22.csv#block-000@time-1080.000s,block-000,1080.000,30.9252,30.93,30.93,0.3519,0.8524,2.550053
98,loot,driving_B_2020.01.16_09.56.56.csv,train/driving_B_2020.01.16_09.56.56.csv#block-001@time-939.000s,block-001,939.000,-29.5296,-29.53,-29.53,0.0000,0.8509,2.815213
99,redandblack,driving_B_2020.01.16_12.10.03.csv,train/driving_B_2020.01.16_12.10.03.csv#block-000@time-0.000s,block-000,0.000,26.7206,26.72,26.72,2.5541,0.8493,2.466528
100,soldier,static_B_2020.02.27_18.39.27.csv,train/static_B_2020.02.27_18.39.27.csv#block-001@time-2592.000s,block-001,2592.000,47.0958,47.10,47.10,0.0000,0.8478,2.802988
101,longdress,driving_B_2020.02.13_15.02.01.csv,train/driving_B_2020.02.13_15.02.01.csv#block-000@time-2940.000s,block-000,2940.000,-117.6413,-117.64,-117.64,0.0000,0.8463,2.627998
102,loot,driving_B_2020.02.27_17.30.15.csv,train/driving_B_2020.02.27_17.30.15.csv#block-002@time-473.000s,block-002,473.000,-457.4207,-457.42,-457.42,0.0000,0.8448,2.705574
103,redandblack,driving_B_2020.01.16_07.26.43.csv,train/driving_B_2020.01.16_07.26.43.csv#block-000@time-300.000s,block-000,300.000,3.7994,3.80,3.80,0.0000,0.8432,2.764416
104,soldier,driving_B_2020.02.13_15.02.01.csv,train/driving_B_2020.02.13_15.02.01.csv#block-000@time-1620.000s,block-000,1620.000,-115.5740,-115.57,-115.57,0.0000,0.8417,2.820805
105,longdress,driving_B_2020.02.13_15.02.01.csv,train/driving_B_2020.02.13_15.02.01.csv#block-000@time-120.000s,block-000,120.000,48.8071,48.81,48.81,0.0000,0.8402,3.347929
106,loot,driving_B_2019.12.17_07.32.39.csv,train/driving_B_2019.12.17_07.32.39.csv#block-000@time-1140.000s,block-000,1140.000,24.3978,24.40,24.40,0.0000,0.8387,3.258714
107,redandblack,static_B_2019.12.16_13.40.04.csv,train/static_B_2019.12.16_13.40.04.csv#block-000@time-120.000s,block-000,120.000,50.2710,50.27,50.27,1.5523,0.8372,2.946242
108,soldier,static_B_2019.12.16_13.40.04.csv,train/static_B_2019.12.16_13.40.04.csv#block-001@time-895.000s,block-001,895.000,43.0584,43.06,43.06,0.0000,0.8356,2.991007
109,longdress,driving_B_2020.02.14_12.58.17.csv,train/driving_B_2020.02.14_12.58.17.csv#block-002@time-596.000s,block-002,596.000,-122.5053,-122.51,-122.51,0.0000,0.8341,2.821357
110,loot,driving_B_2020.02.14_09.38.22.csv,train/driving_B_2020.02.14_09.38.22.csv#block-000@time-1200.000s,block-000,1200.000,-56.8201,-56.82,-56.82,0.0000,0.8326,2.927138
111,redandblack,driving_B_2020.02.14_12.58.17.csv,train/driving_B_2020.02.14_12.58.17.csv#block-002@time-536.000s,block-002,536.000,-257.6313,-257.63,-257.63,0.0000,0.8311,3.104328
112,soldier,driving_B_2019.12.17_07.32.39.csv,train/driving_B_2019.12.17_07.32.39.csv#block-000@time-120.000s,block-000,120.000,-65.0137,-65.01,-65.01,0.0000,0.8295,2.922354
113,longdress,driving_B_2020.01.16_12.10.03.csv,train/driving_B_2020.01.16_12.10.03.csv#block-000@time-60.000s,block-000,60.000,58.7337,58.73,58.73,0.0000,0.8280,2.603980
114,loot,driving_B_2020.02.14_12.58.17.csv,train/driving_B_2020.02.14_12.58.17.csv#block-002@time-656.000s,block-002,656.000,8.8448,8.84,8.84,0.0000,0.8265,2.830720
115,redandblack,driving_B_2020.01.16_09.56.56.csv,train/driving_B_2020.01.16_09.56.56.csv#block-001@time-1359.000s,block-001,1359.000,-4.4182,-4.42,-4.42,0.0000,0.8250,3.168788
116,soldier,static_B_2019.12.16_13.40.04.csv,train/static_B_2019.12.16_13.40.04.csv#block-000@time-0.000s,block-000,0.000,38.0289,38.03,38.03,0.0830,0.8234,2.839604
117,longdress,static_B_2019.12.16_13.40.04.csv,train/static_B_2019.12.16_13.40.04.csv#block-001@time-1015.000s,block-001,1015.000,-38.3544,-38.35,-38.35,0.0000,0.8219,2.806923
118,loot,driving_B_2020.01.16_12.10.03.csv,train/driving_B_2020.01.16_12.10.03.csv#block-000@time-240.000s,block-000,240.000,52.2713,52.27,52.27,2.2587,0.8204,2.584836
119,redandblack,static_B_2020.02.14_13.21.26.csv,train/static_B_2020.02.14_13.21.26.csv#block-000@time-360.000s,block-000,360.000,56.4208,56.42,56.42,0.0000,0.8189,2.733992
120,soldier,static_B_2020.02.27_18.39.27.csv,train/static_B_2020.02.27_18.39.27.csv#block-001@time-6432.000s,block-001,6432.000,56.1113,56.11,56.11,0.0000,0.8174,2.856363
121,longdress,driving_B_2019.12.17_07.32.39.csv,train/driving_B_2019.12.17_07.32.39.csv#block-003@time-1534.000s,block-003,1534.000,-0.7162,-0.72,-0.72,0.0000,0.8158,2.779137
122,loot,driving_B_2020.01.16_09.56.56.csv,train/driving_B_2020.01.16_09.56.56.csv#block-001@time-1299.000s,block-001,1299.000,37.3830,37.38,37.38,0.0000,0.8143,2.804827
123,redandblack,driving_B_2020.02.14_12.58.17.csv,train/driving_B_2020.02.14_12.58.17.csv#block-002@time-716.000s,block-002,716.000,-14.1790,-14.18,-14.18,0.0000,0.8128,2.529821
124,soldier,driving_B_2019.12.17_07.32.39.csv,train/driving_B_2019.12.17_07.32.39.csv#block-000@time-660.000s,block-000,660.000,-30.6764,-30.68,-30.68,0.0000,0.8113,2.770409
125,longdress,driving_B_2020.02.13_15.02.01.csv,train/driving_B_2020.02.13_15.02.01.csv#block-000@time-780.000s,block-000,780.000,-69.5688,-69.57,-69.57,0.0000,0.8097,2.642733
126,loot,driving_B_2020.02.14_12.58.17.csv,train/driving_B_2020.02.14_12.58.17.csv#block-000@time-0.000s,block-000,0.000,2.4729,2.47,2.47,0.0000,0.8082,2.513939
127,redandblack,static_B_2020.02.14_13.21.26.csv,train/static_B_2020.02.14_13.21.26.csv#block-000@time-840.000s,block-000,840.000,55.6548,55.65,55.65,2.0930,0.8067,2.641320
128,soldier,driving_B_2020.02.13_13.03.24.csv,train/driving_B_2020.02.13_13.03.24.csv#block-000@time-0.000s,block-000,0.000,-35.1825,-35.18,-35.18,0.0000,0.8052,2.532485
129,longdress,static_B_2020.02.27_18.39.27.csv,train/static_B_2020.02.27_18.39.27.csv#block-001@time-5292.000s,block-001,5292.000,-343.0661,-343.07,-343.07,0.0000,0.8037,2.653161
130,loot,driving_B_2020.01.16_07.26.43.csv,train/driving_B_2020.01.16_07.26.43.csv#block-000@time-360.000s,block-000,360.000,-117.9345,-117.93,-117.93,0.0000,0.8021,2.596871
131,redandblack,driving_B_2019.12.17_07.32.39.csv,train/driving_B_2019.12.17_07.32.39.csv#block-000@time-480.000s,block-000,480.000,51.7798,51.78,51.78,0.7982,0.8006,2.581310
132,soldier,driving_B_2020.01.16_12.10.03.csv,train/driving_B_2020.01.16_12.10.03.csv#block-000@time-240.000s,block-000,240.000,44.9268,44.93,44.93,1.9571,0.7991,2.562784
133,longdress,driving_B_2020.02.27_17.30.15.csv,train/driving_B_2020.02.27_17.30.15.csv#block-002@time-533.000s,block-002,533.000,-199.2252,-199.23,-199.23,0.0000,0.7976,2.570537
134,loot,static_B_2020.02.14_13.21.26.csv,train/static_B_2020.02.14_13.21.26.csv#block-000@time-1080.000s,block-000,1080.000,51.1248,51.12,51.12,1.4946,0.7960,2.567430
135,redandblack,driving_B_2020.01.16_09.56.56.csv,train/driving_B_2020.01.16_09.56.56.csv#block-001@time-1719.000s,block-001,1719.000,42.8456,42.85,42.85,0.0661,0.7945,2.750334
136,soldier,static_B_2020.02.14_13.21.26.csv,train/static_B_2020.02.14_13.21.26.csv#block-000@time-780.000s,block-000,780.000,64.5804,64.58,64.58,0.1571,0.7930,2.592536
137,longdress,static_B_2019.12.16_13.40.04.csv,train/static_B_2019.12.16_13.40.04.csv#block-006@time-2232.000s,block-006,2232.000,62.5200,62.52,62.52,0.0000,0.7915,2.296096
138,loot,driving_B_2019.12.16_12.27.05.csv,train/driving_B_2019.12.16_12.27.05.csv#block-000@time-480.000s,block-000,480.000,-46.8999,-46.90,-46.90,0.0000,0.7900,2.362560
139,redandblack,static_B_2020.02.27_18.39.27.csv,train/static_B_2020.02.27_18.39.27.csv#block-001@time-432.000s,block-001,432.000,47.2897,47.29,47.29,0.6573,0.7884,2.456426
140,soldier,driving_B_2020.01.16_12.10.03.csv,train/driving_B_2020.01.16_12.10.03.csv#block-000@time-180.000s,block-000,180.000,56.5979,56.60,56.60,0.0000,0.7869,2.534363
141,longdress,driving_B_2020.01.16_12.10.03.csv,train/driving_B_2020.01.16_12.10.03.csv#block-000@time-180.000s,block-000,180.000,60.4031,60.40,60.40,1.4255,0.7854,2.262939
142,loot,driving_B_2019.12.17_07.32.39.csv,train/driving_B_2019.12.17_07.32.39.csv#block-003@time-1894.000s,block-003,1894.000,-74.4824,-74.48,-74.48,0.0000,0.7839,2.647153
143,redandblack,driving_B_2020.02.14_09.38.22.csv,train/driving_B_2020.02.14_09.38.22.csv#block-000@time-240.000s,block-000,240.000,-183.0261,-183.03,-183.03,0.0000,0.7823,2.361762
144,soldier,driving_B_2020.02.13_15.02.01.csv,train/driving_B_2020.02.13_15.02.01.csv#block-000@time-2580.000s,block-000,2580.000,-434.5411,-434.54,-434.54,0.0000,0.7808,2.448160
145,longdress,static_B_2020.02.14_13.21.26.csv,train/static_B_2020.02.14_13.21.26.csv#block-000@time-180.000s,block-000,180.000,46.2047,46.20,46.20,0.0000,0.7793,2.649074
146,loot,driving_B_2020.02.14_12.58.17.csv,train/driving_B_2020.02.14_12.58.17.csv#block-002@time-656.000s,block-002,656.000,9.8872,9.89,9.89,0.0000,0.7778,2.407970
147,redandblack,driving_B_2020.02.13_15.02.01.csv,train/driving_B_2020.02.13_15.02.01.csv#block-000@time-2280.000s,block-000,2280.000,49.8127,49.81,49.81,0.0000,0.7763,2.547083
148,soldier,driving_B_2019.12.17_07.32.39.csv,train/driving_B_2019.12.17_07.32.39.csv#block-003@time-1834.000s,block-003,1834.000,-245.1276,-245.13,-245.13,0.0000,0.7747,2.554855
149,longdress,static_B_2020.02.27_18.39.27.csv,train/static_B_2020.02.27_18.39.27.csv#block-001@time-4512.000s,block-001,4512.000,51.0900,51.09,51.09,1.0162,0.7732,2.487493
150,loot,driving_B_2020.01.16_07.26.43.csv,train/driving_B_2020.01.16_07.26.43.csv#block-000@time-960.000s,block-000,960.000,-94.2590,-94.26,-94.26,0.0000,0.7717,2.508122
151,redandblack,driving_B_2019.12.16_12.27.05.csv,train/driving_B_2019.12.16_12.27.05.csv#block-000@time-1020.000s,block-000,1020.000,55.8297,55.83,55.83,0.0270,0.7702,2.282391
152,soldier,driving_B_2020.02.14_09.38.22.csv,train/driving_B_2020.02.14_09.38.22.csv#block-000@time-1320.000s,block-000,1320.000,-120.8776,-120.88,-120.88,0.0000,0.7686,2.633741
153,longdress,static_B_2019.12.16_13.40.04.csv,train/static_B_2019.12.16_13.40.04.csv#block-000@time-300.000s,block-000,300.000,8.1851,8.19,8.19,0.0000,0.7671,2.360457
154,loot,driving_B_2019.12.17_07.32.39.csv,train/driving_B_2019.12.17_07.32.39.csv#block-000@time-600.000s,block-000,600.000,18.1369,18.14,18.14,0.0000,0.7656,2.523482
155,redandblack,driving_B_2020.01.16_12.10.03.csv,train/driving_B_2020.01.16_12.10.03.csv#block-000@time-300.000s,block-000,300.000,29.5809,29.58,29.58,0.0000,0.7641,3.155238
156,soldier,driving_B_2019.12.16_12.27.05.csv,train/driving_B_2019.12.16_12.27.05.csv#block-000@time-60.000s,block-000,60.000,-34.7883,-34.79,-34.79,0.0000,0.7626,2.968353
157,longdress,static_B_2020.02.14_13.21.26.csv,train/static_B_2020.02.14_13.21.26.csv#block-000@time-60.000s,block-000,60.000,55.4717,55.47,55.47,1.1526,0.7610,2.710108
158,loot,driving_B_2020.02.13_15.02.01.csv,train/driving_B_2020.02.13_15.02.01.csv#block-000@time-3000.000s,block-000,3000.000,-34.0561,-34.06,-34.06,0.0000,0.7595,2.848625
159,redandblack,static_B_2020.02.14_13.21.26.csv,train/static_B_2020.02.14_13.21.26.csv#block-000@time-60.000s,block-000,60.000,41.4500,41.45,41.45,1.8650,0.7580,2.474511
160,soldier,driving_B_2019.12.16_12.27.05.csv,train/driving_B_2019.12.16_12.27.05.csv#block-000@time-840.000s,block-000,840.000,-7.6921,-7.69,-7.69,0.0000,0.7565,2.658139
161,longdress,driving_B_2020.01.16_07.26.43.csv,train/driving_B_2020.01.16_07.26.43.csv#block-000@time-1020.000s,block-000,1020.000,-187.1144,-187.11,-187.11,0.0000,0.7549,2.667756
162,loot,driving_B_2020.02.13_13.03.24.csv,train/driving_B_2020.02.13_13.03.24.csv#block-000@time-420.000s,block-000,420.000,-67.6871,-67.69,-67.69,0.0000,0.7534,2.532207
163,redandblack,driving_B_2020.01.16_07.26.43.csv,train/driving_B_2020.01.16_07.26.43.csv#block-000@time-1080.000s,block-000,1080.000,-13.0006,-13.00,-13.00,0.0000,0.7519,2.393429
164,soldier,static_B_2019.12.16_13.40.04.csv,train/static_B_2019.12.16_13.40.04.csv#block-001@time-835.000s,block-001,835.000,60.5882,60.59,60.59,0.4195,0.7504,2.339478
165,longdress,driving_B_2020.02.27_17.30.15.csv,train/driving_B_2020.02.27_17.30.15.csv#block-002@time-413.000s,block-002,413.000,-246.1549,-246.15,-246.15,0.0000,0.7488,2.687358
166,loot,static_B_2020.02.27_18.39.27.csv,train/static_B_2020.02.27_18.39.27.csv#block-001@time-4212.000s,block-001,4212.000,57.0664,57.07,57.07,2.5371,0.7473,2.735164
167,redandblack,driving_B_2020.02.13_13.03.24.csv,train/driving_B_2020.02.13_13.03.24.csv#block-001@time-1214.000s,block-001,1214.000,-76.1682,-76.17,-76.17,0.0000,0.7458,2.671767
168,soldier,static_B_2020.02.14_13.21.26.csv,train/static_B_2020.02.14_13.21.26.csv#block-000@time-600.000s,block-000,600.000,52.3047,52.30,52.30,2.0159,0.7443,2.632389
169,longdress,driving_B_2020.02.27_17.30.15.csv,train/driving_B_2020.02.27_17.30.15.csv#block-002@time-293.000s,block-002,293.000,-316.5240,-316.52,-316.52,0.0000,0.7428,2.786637
170,loot,driving_B_2020.01.16_07.26.43.csv,train/driving_B_2020.01.16_07.26.43.csv#block-000@time-1140.000s,block-000,1140.000,38.3273,38.33,38.33,0.0000,0.7412,2.687687
171,redandblack,driving_B_2020.02.13_13.03.24.csv,train/driving_B_2020.02.13_13.03.24.csv#block-001@time-1334.000s,block-001,1334.000,-130.0966,-130.10,-130.10,0.0000,0.7397,2.756942
172,soldier,driving_B_2020.02.13_13.03.24.csv,train/driving_B_2020.02.13_13.03.24.csv#block-001@time-1634.000s,block-001,1634.000,-90.8321,-90.83,-90.83,0.0000,0.7382,2.507831
173,longdress,driving_B_2019.12.16_12.27.05.csv,train/driving_B_2019.12.16_12.27.05.csv#block-000@time-600.000s,block-000,600.000,-313.6726,-313.67,-313.67,0.0000,0.7367,2.712704
174,loot,driving_B_2020.01.16_07.26.43.csv,train/driving_B_2020.01.16_07.26.43.csv#block-000@time-600.000s,block-000,600.000,8.3319,8.33,8.33,0.0000,0.7351,2.633745
175,redandblack,driving_B_2020.01.16_12.10.03.csv,train/driving_B_2020.01.16_12.10.03.csv#block-000@time-180.000s,block-000,180.000,60.3580,60.36,60.36,1.6528,0.7336,2.781436
176,soldier,driving_B_2019.12.17_07.32.39.csv,train/driving_B_2019.12.17_07.32.39.csv#block-000@time-300.000s,block-000,300.000,-25.1460,-25.15,-25.15,0.0000,0.7321,2.652013
177,longdress,driving_B_2020.02.14_12.58.17.csv,train/driving_B_2020.02.14_12.58.17.csv#block-002@time-536.000s,block-002,536.000,-125.0393,-125.04,-125.04,0.0000,0.7306,2.721528
178,loot,static_B_2020.02.27_18.39.27.csv,train/static_B_2020.02.27_18.39.27.csv#block-001@time-2232.000s,block-001,2232.000,49.8789,49.88,49.88,0.0000,0.7291,2.350349
179,redandblack,driving_B_2020.02.14_09.38.22.csv,train/driving_B_2020.02.14_09.38.22.csv#block-000@time-420.000s,block-000,420.000,-100.7778,-100.78,-100.78,0.0000,0.7275,2.572471
180,soldier,driving_B_2020.01.16_12.10.03.csv,train/driving_B_2020.01.16_12.10.03.csv#block-000@time-60.000s,block-000,60.000,60.4165,60.42,60.42,0.0000,0.7260,2.551548
181,longdress,driving_B_2020.01.16_09.56.56.csv,train/driving_B_2020.01.16_09.56.56.csv#block-001@time-879.000s,block-001,879.000,43.3699,43.37,43.37,0.0000,0.7245,2.725494
182,loot,driving_B_2020.01.16_12.10.03.csv,train/driving_B_2020.01.16_12.10.03.csv#block-000@time-120.000s,block-000,120.000,58.4962,58.50,58.50,2.0283,0.7230,2.595054
183,redandblack,driving_B_2020.02.13_13.03.24.csv,train/driving_B_2020.02.13_13.03.24.csv#block-000@time-240.000s,block-000,240.000,10.2696,10.27,10.27,0.0000,0.7214,2.284299
184,soldier,driving_B_2019.12.17_07.32.39.csv,train/driving_B_2019.12.17_07.32.39.csv#block-003@time-2074.000s,block-003,2074.000,-43.4923,-43.49,-43.49,0.0000,0.7199,2.484582
185,longdress,driving_B_2020.01.16_12.10.03.csv,train/driving_B_2020.01.16_12.10.03.csv#block-000@time-360.000s,block-000,360.000,45.6572,45.66,45.66,0.0000,0.7184,2.260254
186,loot,driving_B_2020.02.14_09.38.22.csv,train/driving_B_2020.02.14_09.38.22.csv#block-000@time-120.000s,block-000,120.000,-37.7214,-37.72,-37.72,0.0000,0.7169,2.387081
187,redandblack,static_B_2019.12.16_13.40.04.csv,train/static_B_2019.12.16_13.40.04.csv#block-006@time-2172.000s,block-006,2172.000,48.2672,48.27,48.27,1.8341,0.7154,2.479902
188,soldier,driving_B_2019.12.17_07.32.39.csv,train/driving_B_2019.12.17_07.32.39.csv#block-000@time-1080.000s,block-000,1080.000,11.4181,11.42,11.42,0.0000,0.7138,2.625291
189,longdress,driving_B_2020.01.16_09.56.56.csv,train/driving_B_2020.01.16_09.56.56.csv#block-000@time-240.000s,block-000,240.000,-4.4928,-4.49,-4.49,0.0000,0.7123,2.658451
190,loot,driving_B_2020.02.14_12.58.17.csv,train/driving_B_2020.02.14_12.58.17.csv#block-002@time-596.000s,block-002,596.000,-31.3359,-31.34,-31.34,0.0000,0.7108,2.601549
191,redandblack,driving_B_2020.01.16_12.10.03.csv,train/driving_B_2020.01.16_12.10.03.csv#block-000@time-300.000s,block-000,300.000,25.7691,25.77,25.77,0.0000,0.7093,2.476517
192,soldier,driving_B_2020.02.27_17.30.15.csv,train/driving_B_2020.02.27_17.30.15.csv#block-002@time-473.000s,block-002,473.000,-332.5957,-332.60,-332.60,0.0000,0.7077,2.379978
193,longdress,driving_B_2020.02.13_13.03.24.csv,train/driving_B_2020.02.13_13.03.24.csv#block-001@time-1454.000s,block-001,1454.000,-70.2902,-70.29,-70.29,0.0000,0.7062,2.799750
194,loot,driving_B_2019.12.16_12.27.05.csv,train/driving_B_2019.12.16_12.27.05.csv#block-000@time-1020.000s,block-000,1020.000,56.9156,56.92,56.92,0.1061,0.7047,2.409691
195,redandblack,driving_B_2020.01.16_07.26.43.csv,train/driving_B_2020.01.16_07.26.43.csv#block-000@time-1440.000s,block-000,1440.000,53.8860,53.89,53.89,0.0000,0.7032,2.560667
196,soldier,static_B_2020.02.14_13.21.26.csv,train/static_B_2020.02.14_13.21.26.csv#block-000@time-480.000s,block-000,480.000,57.8149,57.81,57.81,1.2446,0.7017,2.488816
197,longdress,static_B_2020.02.14_13.21.26.csv,train/static_B_2020.02.14_13.21.26.csv#block-000@time-960.000s,block-000,960.000,13.0588,13.06,13.06,0.0000,0.7001,2.559173
198,loot,driving_B_2019.12.16_12.27.05.csv,train/driving_B_2019.12.16_12.27.05.csv#block-000@time-120.000s,block-000,120.000,-18.0256,-18.03,-18.03,0.0000,0.6986,2.428737
199,redandblack,driving_B_2020.01.16_09.56.56.csv,train/driving_B_2020.01.16_09.56.56.csv#block-001@time-699.000s,block-001,699.000,52.9452,52.95,52.95,2.1661,0.6971,2.323175
200,soldier,driving_B_2020.02.27_17.30.15.csv,train/driving_B_2020.02.27_17.30.15.csv#block-002@time-293.000s,block-002,293.000,-224.8048,-224.80,-224.80,0.0000,0.6956,2.463753
201,longdress,driving_B_2019.12.16_12.27.05.csv,train/driving_B_2019.12.16_12.27.05.csv#block-000@time-720.000s,block-000,720.000,-58.6108,-58.61,-58.61,0.0000,0.6940,2.416969
202,loot,driving_B_2020.02.13_13.03.24.csv,train/driving_B_2020.02.13_13.03.24.csv#block-001@time-974.000s,block-001,974.000,-10.8255,-10.83,-10.83,0.0000,0.6925,2.402186
203,redandblack,driving_B_2019.12.17_07.32.39.csv,train/driving_B_2019.12.17_07.32.39.csv#block-000@time-840.000s,block-000,840.000,-4.5560,-4.56,-4.56,0.0000,0.6910,2.289139
204,soldier,static_B_2019.12.16_13.40.04.csv,train/static_B_2019.12.16_13.40.04.csv#block-001@time-1135.000s,block-001,1135.000,43.9055,43.91,43.91,0.0000,0.6895,2.362701
205,longdress,driving_B_2019.12.16_12.27.05.csv,train/driving_B_2019.12.16_12.27.05.csv#block-000@time-1140.000s,block-000,1140.000,13.3169,13.32,13.32,0.0000,0.6880,3.080019
206,loot,driving_B_2020.01.16_12.10.03.csv,train/driving_B_2020.01.16_12.10.03.csv#block-000@time-360.000s,block-000,360.000,47.0213,47.02,47.02,0.0000,0.6864,2.832976
207,redandblack,driving_B_2020.01.16_12.10.03.csv,train/driving_B_2020.01.16_12.10.03.csv#block-000@time-120.000s,block-000,120.000,60.8271,60.83,60.83,1.8599,0.6849,2.627581
208,soldier,driving_B_2020.02.14_09.38.22.csv,train/driving_B_2020.02.14_09.38.22.csv#block-000@time-1020.000s,block-000,1020.000,49.3957,49.40,49.40,0.0000,0.6834,2.682688
209,longdress,driving_B_2020.01.16_09.56.56.csv,train/driving_B_2020.01.16_09.56.56.csv#block-001@time-1359.000s,block-001,1359.000,-5.1315,-5.13,-5.13,0.0000,0.6819,2.638743
210,loot,static_B_2020.02.14_13.21.26.csv,train/static_B_2020.02.14_13.21.26.csv#block-000@time-120.000s,block-000,120.000,71.9031,71.90,71.90,1.4013,0.6803,2.565193
211,redandblack,driving_B_2020.01.16_12.10.03.csv,train/driving_B_2020.01.16_12.10.03.csv#block-000@time-60.000s,block-000,60.000,32.5806,32.58,32.58,0.0000,0.6788,2.761368
212,soldier,driving_B_2020.01.16_07.26.43.csv,train/driving_B_2020.01.16_07.26.43.csv#block-000@time-540.000s,block-000,540.000,-91.4356,-91.44,-91.44,0.0000,0.6773,2.426823
213,longdress,driving_B_2019.12.17_07.32.39.csv,train/driving_B_2019.12.17_07.32.39.csv#block-000@time-780.000s,block-000,780.000,-35.0436,-35.04,-35.04,0.0000,0.6758,2.585543
214,loot,static_B_2020.02.27_18.39.27.csv,train/static_B_2020.02.27_18.39.27.csv#block-001@time-1752.000s,block-001,1752.000,51.5768,51.58,51.58,1.0161,0.6742,2.533020
215,redandblack,driving_B_2020.01.16_07.26.43.csv,train/driving_B_2020.01.16_07.26.43.csv#block-000@time-180.000s,block-000,180.000,-197.3707,-197.37,-197.37,0.0000,0.6727,2.719622
216,soldier,driving_B_2020.01.16_07.26.43.csv,train/driving_B_2020.01.16_07.26.43.csv#block-000@time-480.000s,block-000,480.000,-157.7079,-157.71,-157.71,0.0000,0.6712,2.369561
217,longdress,driving_B_2020.01.16_07.26.43.csv,train/driving_B_2020.01.16_07.26.43.csv#block-000@time-1800.000s,block-000,1800.000,-84.9243,-84.92,-84.92,0.0000,0.6697,2.496860
218,loot,driving_B_2019.12.16_12.27.05.csv,train/driving_B_2019.12.16_12.27.05.csv#block-000@time-1140.000s,block-000,1140.000,40.2348,40.23,40.23,0.0000,0.6682,2.401394
219,redandblack,static_B_2020.02.27_18.39.27.csv,train/static_B_2020.02.27_18.39.27.csv#block-001@time-672.000s,block-001,672.000,-66.0092,-66.01,-66.01,0.8716,0.6666,2.677843
220,soldier,driving_B_2020.01.16_12.10.03.csv,train/driving_B_2020.01.16_12.10.03.csv#block-000@time-0.000s,block-000,0.000,52.4756,52.48,52.48,1.9160,0.6651,2.632078
221,longdress,driving_B_2020.02.13_15.02.01.csv,train/driving_B_2020.02.13_15.02.01.csv#block-000@time-1500.000s,block-000,1500.000,-201.7536,-201.75,-201.75,0.0000,0.6636,2.632403
222,loot,driving_B_2020.01.16_12.10.03.csv,train/driving_B_2020.01.16_12.10.03.csv#block-000@time-360.000s,block-000,360.000,63.8311,63.83,63.83,0.0000,0.6621,2.726115
223,redandblack,driving_B_2020.02.13_13.03.24.csv,train/driving_B_2020.02.13_13.03.24.csv#block-001@time-1094.000s,block-001,1094.000,-50.5849,-50.58,-50.58,0.0000,0.6605,2.586045
224,soldier,driving_B_2020.01.16_07.26.43.csv,train/driving_B_2020.01.16_07.26.43.csv#block-000@time-1860.000s,block-000,1860.000,-50.0851,-50.09,-50.09,0.0000,0.6590,2.331626
225,longdress,static_B_2019.12.16_13.40.04.csv,train/static_B_2019.12.16_13.40.04.csv#block-005@time-2006.000s,block-005,2006.000,24.1187,24.12,24.12,0.0000,0.6575,2.502481
226,loot,driving_B_2020.01.16_12.10.03.csv,train/driving_B_2020.01.16_12.10.03.csv#block-000@time-60.000s,block-000,60.000,47.9144,47.91,47.91,0.0000,0.6560,2.514020
227,redandblack,driving_B_2020.02.14_12.58.17.csv,train/driving_B_2020.02.14_12.58.17.csv#block-002@time-596.000s,block-002,596.000,-34.0237,-34.02,-34.02,0.0000,0.6545,2.496578
228,soldier,driving_B_2020.01.16_12.10.03.csv,train/driving_B_2020.01.16_12.10.03.csv#block-000@time-0.000s,block-000,0.000,37.3298,37.33,37.33,2.1248,0.6529,2.663350
229,longdress,driving_B_2020.02.13_13.03.24.csv,train/driving_B_2020.02.13_13.03.24.csv#block-001@time-1574.000s,block-001,1574.000,-88.9624,-88.96,-88.96,0.0000,0.6514,2.534265
230,loot,driving_B_2020.01.16_09.56.56.csv,train/driving_B_2020.01.16_09.56.56.csv#block-001@time-999.000s,block-001,999.000,-16.6739,-16.67,-16.67,0.0000,0.6499,2.383416
231,redandblack,driving_B_2020.02.13_15.02.01.csv,train/driving_B_2020.02.13_15.02.01.csv#block-000@time-1680.000s,block-000,1680.000,4.1262,4.13,4.13,0.0000,0.6484,2.538391
232,soldier,static_B_2020.02.27_18.39.27.csv,train/static_B_2020.02.27_18.39.27.csv#block-001@time-3552.000s,block-001,3552.000,-524.0212,-524.02,-524.02,0.0000,0.6468,2.543570
233,longdress,static_B_2020.02.14_13.21.26.csv,train/static_B_2020.02.14_13.21.26.csv#block-000@time-360.000s,block-000,360.000,64.4630,64.46,64.46,0.0000,0.6453,2.545679
234,loot,static_B_2019.12.16_13.40.04.csv,train/static_B_2019.12.16_13.40.04.csv#block-005@time-1826.000s,block-005,1826.000,50.3249,50.32,50.32,0.0000,0.6438,2.290074
235,redandblack,driving_B_2020.02.14_09.38.22.csv,train/driving_B_2020.02.14_09.38.22.csv#block-000@time-0.000s,block-000,0.000,-115.2096,-115.21,-115.21,0.0000,0.6423,2.599202
236,soldier,driving_B_2020.02.13_15.02.01.csv,train/driving_B_2020.02.13_15.02.01.csv#block-000@time-2100.000s,block-000,2100.000,12.8836,12.88,12.88,0.0000,0.6408,2.369230
237,longdress,static_B_2020.02.27_18.39.27.csv,train/static_B_2020.02.27_18.39.27.csv#block-001@time-5952.000s,block-001,5952.000,13.1091,13.11,13.11,0.0000,0.6392,2.597411
238,loot,static_B_2020.02.27_18.39.27.csv,train/static_B_2020.02.27_18.39.27.csv#block-001@time-4392.000s,block-001,4392.000,28.4229,28.42,28.42,0.0000,0.6377,2.566824
239,redandblack,driving_B_2020.01.16_09.56.56.csv,train/driving_B_2020.01.16_09.56.56.csv#block-001@time-579.000s,block-001,579.000,43.8179,43.82,43.82,0.0000,0.6362,2.651519
240,soldier,driving_B_2020.02.13_13.03.24.csv,train/driving_B_2020.02.13_13.03.24.csv#block-000@time-360.000s,block-000,360.000,-74.6637,-74.66,-74.66,0.0000,0.6347,2.678053
241,longdress,static_B_2019.12.16_13.40.04.csv,train/static_B_2019.12.16_13.40.04.csv#block-001@time-715.000s,block-001,715.000,18.7112,18.71,18.71,0.0000,0.6331,2.677677
242,loot,static_B_2020.02.27_18.39.27.csv,train/static_B_2020.02.27_18.39.27.csv#block-001@time-6312.000s,block-001,6312.000,57.7879,57.79,57.79,0.0000,0.6316,2.582690
243,redandblack,driving_B_2020.01.16_12.10.03.csv,train/driving_B_2020.01.16_12.10.03.csv#block-000@time-120.000s,block-000,120.000,55.7526,55.75,55.75,1.5096,0.6301,2.349606
244,soldier,driving_B_2020.01.16_07.26.43.csv,train/driving_B_2020.01.16_07.26.43.csv#block-000@time-420.000s,block-000,420.000,-96.3018,-96.30,-96.30,0.0000,0.6286,2.485787
245,longdress,driving_B_2020.02.13_13.03.24.csv,train/driving_B_2020.02.13_13.03.24.csv#block-000@time-660.000s,block-000,660.000,-103.6141,-103.61,-103.61,0.0000,0.6271,2.245910
246,loot,driving_B_2020.02.13_13.03.24.csv,train/driving_B_2020.02.13_13.03.24.csv#block-001@time-1274.000s,block-001,1274.000,-75.2673,-75.27,-75.27,0.0000,0.6255,2.518633
247,redandblack,driving_B_2020.02.14_09.38.22.csv,train/driving_B_2020.02.14_09.38.22.csv#block-000@time-840.000s,block-000,840.000,-10.0584,-10.06,-10.06,0.0000,0.6240,2.517263
248,soldier,driving_B_2019.12.16_12.27.05.csv,train/driving_B_2019.12.16_12.27.05.csv#block-000@time-600.000s,block-000,600.000,-75.5426,-75.54,-75.54,0.0000,0.6225,2.395220
249,longdress,driving_B_2020.01.16_09.56.56.csv,train/driving_B_2020.01.16_09.56.56.csv#block-001@time-759.000s,block-001,759.000,13.0326,13.03,13.03,0.0000,0.6210,2.397262
250,loot,driving_B_2019.12.16_12.27.05.csv,train/driving_B_2019.12.16_12.27.05.csv#block-000@time-0.000s,block-000,0.000,20.7613,20.76,20.76,0.0000,0.6194,2.327112
251,redandblack,driving_B_2020.02.14_12.58.17.csv,train/driving_B_2020.02.14_12.58.17.csv#block-002@time-536.000s,block-002,536.000,-199.8524,-199.85,-199.85,0.0000,0.6179,2.577231
252,soldier,driving_B_2020.02.13_13.03.24.csv,train/driving_B_2020.02.13_13.03.24.csv#block-000@time-300.000s,block-000,300.000,-40.3116,-40.31,-40.31,0.0000,0.6164,2.239040
253,longdress,static_B_2020.02.14_13.21.26.csv,train/static_B_2020.02.14_13.21.26.csv#block-000@time-540.000s,block-000,540.000,62.5038,62.50,62.50,0.0000,0.6149,2.268014
254,loot,driving_B_2020.02.27_17.30.15.csv,train/driving_B_2020.02.27_17.30.15.csv#block-002@time-533.000s,block-002,533.000,-195.7457,-195.75,-195.75,0.0000,0.6134,2.513058
255,redandblack,driving_B_2019.12.16_12.27.05.csv,train/driving_B_2019.12.16_12.27.05.csv#block-000@time-60.000s,block-000,60.000,2.0127,2.01,2.01,0.0000,0.6118,3.004447
256,soldier,driving_B_2019.12.16_12.27.05.csv,train/driving_B_2019.12.16_12.27.05.csv#block-000@time-420.000s,block-000,420.000,-163.2770,-163.28,-163.28,0.0000,0.6103,3.009489
257,longdress,driving_B_2020.02.14_09.38.22.csv,train/driving_B_2020.02.14_09.38.22.csv#block-000@time-900.000s,block-000,900.000,-137.7390,-137.74,-137.74,0.0000,0.6088,2.891517
258,loot,driving_B_2020.01.16_07.26.43.csv,train/driving_B_2020.01.16_07.26.43.csv#block-000@time-1320.000s,block-000,1320.000,-11.1737,-11.17,-11.17,0.0000,0.6073,2.625379
259,redandblack,driving_B_2020.02.13_15.02.01.csv,train/driving_B_2020.02.13_15.02.01.csv#block-000@time-1380.000s,block-000,1380.000,34.5828,34.58,34.58,0.0000,0.6057,2.680545
260,soldier,driving_B_2020.02.14_09.38.22.csv,train/driving_B_2020.02.14_09.38.22.csv#block-000@time-300.000s,block-000,300.000,-245.8029,-245.80,-245.80,0.0000,0.6042,2.715885
261,longdress,driving_B_2020.01.16_07.26.43.csv,train/driving_B_2020.01.16_07.26.43.csv#block-000@time-840.000s,block-000,840.000,3.4503,3.45,3.45,0.0000,0.6027,2.768082
262,loot,driving_B_2020.02.13_13.03.24.csv,train/driving_B_2020.02.13_13.03.24.csv#block-001@time-1814.000s,block-001,1814.000,-22.1267,-22.13,-22.13,0.0000,0.6012,2.459487
263,redandblack,driving_B_2020.02.13_15.02.01.csv,train/driving_B_2020.02.13_15.02.01.csv#block-000@time-360.000s,block-000,360.000,55.3147,55.31,55.31,0.0000,0.5997,2.749564
264,soldier,driving_B_2020.02.27_17.30.15.csv,train/driving_B_2020.02.27_17.30.15.csv#block-002@time-413.000s,block-002,413.000,-461.5276,-461.53,-461.53,0.0000,0.5981,2.711711
265,longdress,driving_B_2019.12.16_12.27.05.csv,train/driving_B_2019.12.16_12.27.05.csv#block-000@time-300.000s,block-000,300.000,-53.4449,-53.44,-53.44,0.0000,0.5966,2.498118
266,loot,driving_B_2020.02.14_12.58.17.csv,train/driving_B_2020.02.14_12.58.17.csv#block-002@time-656.000s,block-002,656.000,19.7061,19.71,19.71,0.0000,0.5951,2.677962
267,redandblack,driving_B_2020.02.14_09.38.22.csv,train/driving_B_2020.02.14_09.38.22.csv#block-000@time-1260.000s,block-000,1260.000,-14.9850,-14.98,-14.98,0.0000,0.5936,2.798036
268,soldier,driving_B_2019.12.16_12.27.05.csv,train/driving_B_2019.12.16_12.27.05.csv#block-000@time-420.000s,block-000,420.000,-112.0936,-112.09,-112.09,0.0000,0.5920,2.593485
269,longdress,driving_B_2020.01.16_07.26.43.csv,train/driving_B_2020.01.16_07.26.43.csv#block-000@time-240.000s,block-000,240.000,-38.7487,-38.75,-38.75,0.0000,0.5905,2.767535
270,loot,driving_B_2020.02.13_13.03.24.csv,train/driving_B_2020.02.13_13.03.24.csv#block-001@time-1514.000s,block-001,1514.000,-88.6055,-88.61,-88.61,0.0000,0.5890,2.753511
271,redandblack,driving_B_2019.12.17_07.32.39.csv,train/driving_B_2019.12.17_07.32.39.csv#block-003@time-1954.000s,block-003,1954.000,-98.0002,-98.00,-98.00,0.0000,0.5875,2.756065
272,soldier,driving_B_2020.02.14_12.58.17.csv,train/driving_B_2020.02.14_12.58.17.csv#block-002@time-656.000s,block-002,656.000,-44.6244,-44.62,-44.62,0.0000,0.5859,2.697654
273,longdress,driving_B_2020.01.16_07.26.43.csv,train/driving_B_2020.01.16_07.26.43.csv#block-000@time-0.000s,block-000,0.000,-72.3182,-72.32,-72.32,0.0000,0.5844,2.706953
274,loot,driving_B_2020.02.14_09.38.22.csv,train/driving_B_2020.02.14_09.38.22.csv#block-000@time-780.000s,block-000,780.000,55.2541,55.25,55.25,0.8164,0.5829,2.487122
275,redandblack,driving_B_2020.02.13_15.02.01.csv,train/driving_B_2020.02.13_15.02.01.csv#block-000@time-900.000s,block-000,900.000,-38.1999,-38.20,-38.20,0.0000,0.5814,2.732470
276,soldier,driving_B_2020.01.16_09.56.56.csv,train/driving_B_2020.01.16_09.56.56.csv#block-001@time-639.000s,block-001,639.000,46.2274,46.23,46.23,0.0000,0.5799,2.704662
277,longdress,driving_B_2020.01.16_12.10.03.csv,train/driving_B_2020.01.16_12.10.03.csv#block-000@time-60.000s,block-000,60.000,27.3379,27.34,27.34,0.0000,0.5783,2.488671
278,loot,driving_B_2020.02.13_15.02.01.csv,train/driving_B_2020.02.13_15.02.01.csv#block-000@time-2520.000s,block-000,2520.000,-43.4779,-43.48,-43.48,0.0000,0.5768,2.727557
279,redandblack,driving_B_2019.12.17_07.32.39.csv,train/driving_B_2019.12.17_07.32.39.csv#block-004@time-2237.000s,block-004,2237.000,-34.2492,-34.25,-34.25,0.0000,0.5753,2.492263
280,soldier,driving_B_2020.01.16_09.56.56.csv,train/driving_B_2020.01.16_09.56.56.csv#block-001@time-1119.000s,block-001,1119.000,54.3681,54.37,54.37,0.9903,0.5738,2.492555
281,longdress,driving_B_2019.12.16_12.27.05.csv,train/driving_B_2019.12.16_12.27.05.csv#block-000@time-1200.000s,block-000,1200.000,2.7059,2.71,2.71,0.0000,0.5722,2.497123
282,loot,driving_B_2019.12.17_07.32.39.csv,train/driving_B_2019.12.17_07.32.39.csv#block-000@time-720.000s,block-000,720.000,1.4003,1.40,1.40,0.0000,0.5707,2.793524
283,redandblack,driving_B_2020.02.14_09.38.22.csv,train/driving_B_2020.02.14_09.38.22.csv#block-000@time-480.000s,block-000,480.000,-19.0874,-19.09,-19.09,0.0000,0.5692,2.555096
284,soldier,driving_B_2020.02.13_15.02.01.csv,train/driving_B_2020.02.13_15.02.01.csv#block-000@time-1440.000s,block-000,1440.000,-301.0672,-301.07,-301.07,0.0000,0.5677,2.537159
285,longdress,driving_B_2020.02.27_17.30.15.csv,train/driving_B_2020.02.27_17.30.15.csv#block-002@time-293.000s,block-002,293.000,-313.4424,-313.44,-313.44,0.0000,0.5662,2.487957
286,loot,static_B_2019.12.16_13.40.04.csv,train/static_B_2019.12.16_13.40.04.csv#block-001@time-1075.000s,block-001,1075.000,48.4646,48.46,48.46,0.0000,0.5646,2.636075
287,redandblack,driving_B_2020.01.16_12.10.03.csv,train/driving_B_2020.01.16_12.10.03.csv#block-000@time-180.000s,block-000,180.000,42.6374,42.64,42.64,0.0000,0.5631,2.767920
288,soldier,driving_B_2020.02.13_15.02.01.csv,train/driving_B_2020.02.13_15.02.01.csv#block-000@time-1320.000s,block-000,1320.000,38.2246,38.22,38.22,0.0000,0.5616,2.658170
289,longdress,static_B_2020.02.27_18.39.27.csv,train/static_B_2020.02.27_18.39.27.csv#block-001@time-1872.000s,block-001,1872.000,35.3229,35.32,35.32,0.0000,0.5601,2.828758
290,loot,driving_B_2020.02.13_13.03.24.csv,train/driving_B_2020.02.13_13.03.24.csv#block-000@time-540.000s,block-000,540.000,-9.3433,-9.34,-9.34,0.0000,0.5585,2.641308
291,redandblack,driving_B_2020.02.13_13.03.24.csv,train/driving_B_2020.02.13_13.03.24.csv#block-001@time-1034.000s,block-001,1034.000,-27.3275,-27.33,-27.33,0.0000,0.5570,2.596054
292,soldier,driving_B_2020.02.14_12.58.17.csv,train/driving_B_2020.02.14_12.58.17.csv#block-000@time-0.000s,block-000,0.000,-4.1792,-4.18,-4.18,0.0000,0.5555,2.459284
293,longdress,driving_B_2020.02.13_15.02.01.csv,train/driving_B_2020.02.13_15.02.01.csv#block-000@time-660.000s,block-000,660.000,-23.9879,-23.99,-23.99,0.0000,0.5540,2.519855
294,loot,static_B_2020.02.14_13.21.26.csv,train/static_B_2020.02.14_13.21.26.csv#block-000@time-900.000s,block-000,900.000,49.1422,49.14,49.14,0.0000,0.5525,2.529998
295,redandblack,static_B_2019.12.16_13.40.04.csv,train/static_B_2019.12.16_13.40.04.csv#block-000@time-420.000s,block-000,420.000,54.8968,54.90,54.90,0.0000,0.5509,2.554393
296,soldier,driving_B_2020.01.16_09.56.56.csv,train/driving_B_2020.01.16_09.56.56.csv#block-001@time-1479.000s,block-001,1479.000,43.2610,43.26,43.26,0.0000,0.5494,2.425934
297,longdress,driving_B_2019.12.17_07.32.39.csv,train/driving_B_2019.12.17_07.32.39.csv#block-004@time-2537.000s,block-004,2537.000,54.3637,54.36,54.36,1.4729,0.5479,2.493422
298,loot,driving_B_2020.02.14_09.38.22.csv,train/driving_B_2020.02.14_09.38.22.csv#block-000@time-720.000s,block-000,720.000,69.4131,69.41,69.41,2.6898,0.5464,2.460194
299,redandblack,driving_B_2019.12.16_12.27.05.csv,train/driving_B_2019.12.16_12.27.05.csv#block-000@time-1200.000s,block-000,1200.000,23.2232,23.22,23.22,0.0000,0.5448,2.604062
300,soldier,driving_B_2020.01.16_12.10.03.csv,train/driving_B_2020.01.16_12.10.03.csv#block-000@time-180.000s,block-000,180.000,67.9249,67.92,67.92,0.0000,0.5433,2.534886
301,longdress,driving_B_2019.12.17_07.32.39.csv,train/driving_B_2019.12.17_07.32.39.csv#block-004@time-2477.000s,block-004,2477.000,53.1926,53.19,53.19,0.0000,0.5418,2.477546
302,loot,driving_B_2020.01.16_09.56.56.csv,train/driving_B_2020.01.16_09.56.56.csv#block-001@time-579.000s,block-001,579.000,53.0554,53.06,53.06,0.0000,0.5403,2.403563
303,redandblack,static_B_2020.02.27_18.39.27.csv,train/static_B_2020.02.27_18.39.27.csv#block-001@time-5532.000s,block-001,5532.000,65.1167,65.12,65.12,1.2937,0.5388,2.458495
304,soldier,static_B_2020.02.27_18.39.27.csv,train/static_B_2020.02.27_18.39.27.csv#block-001@time-4572.000s,block-001,4572.000,42.8746,42.87,42.87,0.0000,0.5372,2.420992
305,longdress,static_B_2020.02.14_13.21.26.csv,train/static_B_2020.02.14_13.21.26.csv#block-000@time-120.000s,block-000,120.000,55.1753,55.18,55.18,0.8953,0.5357,3.183188
306,loot,driving_B_2020.02.13_15.02.01.csv,train/driving_B_2020.02.13_15.02.01.csv#block-000@time-2820.000s,block-000,2820.000,62.5423,62.54,62.54,0.0000,0.5342,2.689111
307,redandblack,driving_B_2020.02.27_17.30.15.csv,train/driving_B_2020.02.27_17.30.15.csv#block-002@time-353.000s,block-002,353.000,-124.0548,-124.05,-124.05,0.0000,0.5327,2.550829
308,soldier,driving_B_2020.02.27_17.30.15.csv,train/driving_B_2020.02.27_17.30.15.csv#block-002@time-533.000s,block-002,533.000,-247.0566,-247.06,-247.06,0.0000,0.5311,2.728724
309,longdress,driving_B_2020.01.16_07.26.43.csv,train/driving_B_2020.01.16_07.26.43.csv#block-000@time-120.000s,block-000,120.000,-55.8450,-55.85,-55.85,0.0000,0.5296,2.699766
310,loot,driving_B_2020.01.16_09.56.56.csv,train/driving_B_2020.01.16_09.56.56.csv#block-000@time-120.000s,block-000,120.000,-51.9169,-51.92,-51.92,0.0000,0.5281,2.814917
311,redandblack,static_B_2019.12.16_13.40.04.csv,train/static_B_2019.12.16_13.40.04.csv#block-001@time-655.000s,block-001,655.000,61.0889,61.09,61.09,0.0000,0.5266,2.832792
312,soldier,driving_B_2020.02.13_15.02.01.csv,train/driving_B_2020.02.13_15.02.01.csv#block-000@time-420.000s,block-000,420.000,50.6960,50.70,50.70,1.2035,0.5251,2.780237
313,longdress,driving_B_2020.02.14_09.38.22.csv,train/driving_B_2020.02.14_09.38.22.csv#block-000@time-960.000s,block-000,960.000,63.0368,63.04,63.04,0.0000,0.5235,2.732426
314,loot,driving_B_2019.12.16_12.27.05.csv,train/driving_B_2019.12.16_12.27.05.csv#block-000@time-180.000s,block-000,180.000,-13.4229,-13.42,-13.42,0.0000,0.5220,2.838625
315,redandblack,driving_B_2019.12.16_12.27.05.csv,train/driving_B_2019.12.16_12.27.05.csv#block-000@time-0.000s,block-000,0.000,32.3151,32.32,32.32,0.0000,0.5205,2.676737
316,soldier,driving_B_2020.02.13_13.03.24.csv,train/driving_B_2020.02.13_13.03.24.csv#block-000@time-120.000s,block-000,120.000,-55.1590,-55.16,-55.16,0.0000,0.5190,2.526966
317,longdress,driving_B_2020.02.27_17.30.15.csv,train/driving_B_2020.02.27_17.30.15.csv#block-002@time-533.000s,block-002,533.000,-72.6810,-72.68,-72.68,0.0000,0.5174,2.680404
318,loot,driving_B_2019.12.16_12.27.05.csv,train/driving_B_2019.12.16_12.27.05.csv#block-000@time-240.000s,block-000,240.000,19.8454,19.85,19.85,0.0000,0.5159,2.448020
319,redandblack,driving_B_2020.02.27_17.30.15.csv,train/driving_B_2020.02.27_17.30.15.csv#block-002@time-533.000s,block-002,533.000,-203.5814,-203.58,-203.58,0.0000,0.5144,2.689354
320,soldier,driving_B_2020.02.13_15.02.01.csv,train/driving_B_2020.02.13_15.02.01.csv#block-000@time-1080.000s,block-000,1080.000,-75.4582,-75.46,-75.46,0.0000,0.5129,2.796285
321,longdress,driving_B_2019.12.16_12.27.05.csv,train/driving_B_2019.12.16_12.27.05.csv#block-000@time-1260.000s,block-000,1260.000,75.7408,75.74,75.74,0.1973,0.5113,2.575963
322,loot,driving_B_2020.01.16_12.10.03.csv,train/driving_B_2020.01.16_12.10.03.csv#block-000@time-0.000s,block-000,0.000,55.9888,55.99,55.99,2.2202,0.5098,2.861273
323,redandblack,driving_B_2020.01.16_09.56.56.csv,train/driving_B_2020.01.16_09.56.56.csv#block-000@time-0.000s,block-000,0.000,26.5222,26.52,26.52,0.0000,0.5083,2.601035
324,soldier,static_B_2019.12.16_13.40.04.csv,train/static_B_2019.12.16_13.40.04.csv#block-001@time-595.000s,block-001,595.000,65.7289,65.73,65.73,0.0000,0.5068,2.715402
325,longdress,driving_B_2020.01.16_12.10.03.csv,train/driving_B_2020.01.16_12.10.03.csv#block-000@time-240.000s,block-000,240.000,68.1139,68.11,68.11,0.0000,0.5053,2.506986
326,loot,driving_B_2019.12.16_12.27.05.csv,train/driving_B_2019.12.16_12.27.05.csv#block-000@time-1080.000s,block-000,1080.000,45.6528,45.65,45.65,0.2842,0.5037,2.604381
327,redandblack,driving_B_2019.12.16_12.27.05.csv,train/driving_B_2019.12.16_12.27.05.csv#block-000@time-540.000s,block-000,540.000,-159.5429,-159.54,-159.54,0.0000,0.5022,2.371216
328,soldier,driving_B_2020.02.13_15.02.01.csv,train/driving_B_2020.02.13_15.02.01.csv#block-000@time-60.000s,block-000,60.000,51.0831,51.08,51.08,0.7854,0.5007,2.695829
329,longdress,driving_B_2019.12.17_07.32.39.csv,train/driving_B_2019.12.17_07.32.39.csv#block-003@time-1714.000s,block-003,1714.000,-42.7288,-42.73,-42.73,0.0000,0.4992,2.743528
330,loot,driving_B_2020.02.13_13.03.24.csv,train/driving_B_2020.02.13_13.03.24.csv#block-000@time-180.000s,block-000,180.000,-51.5651,-51.57,-51.57,0.0000,0.4976,2.784395
331,redandblack,static_B_2020.02.27_18.39.27.csv,train/static_B_2020.02.27_18.39.27.csv#block-001@time-1272.000s,block-001,1272.000,26.7993,26.80,26.80,0.0000,0.4961,2.551541
332,soldier,driving_B_2019.12.17_07.32.39.csv,train/driving_B_2019.12.17_07.32.39.csv#block-000@time-1440.000s,block-000,1440.000,66.5761,66.58,66.58,0.8324,0.4946,2.797203
333,longdress,static_B_2019.12.16_13.40.04.csv,train/static_B_2019.12.16_13.40.04.csv#block-005@time-1406.000s,block-005,1406.000,23.9010,23.90,23.90,0.0000,0.4931,2.706374
334,loot,driving_B_2020.01.16_12.10.03.csv,train/driving_B_2020.01.16_12.10.03.csv#block-000@time-360.000s,block-000,360.000,57.5072,57.51,57.51,0.0908,0.4916,2.517790
335,redandblack,driving_B_2019.12.17_07.32.39.csv,train/driving_B_2019.12.17_07.32.39.csv#block-003@time-2134.000s,block-003,2134.000,37.5301,37.53,37.53,0.0000,0.4900,2.786345
336,soldier,driving_B_2020.02.14_09.38.22.csv,train/driving_B_2020.02.14_09.38.22.csv#block-000@time-1500.000s,block-000,1500.000,-50.1439,-50.14,-50.14,0.0000,0.4885,2.484732
337,longdress,static_B_2019.12.16_13.40.04.csv,train/static_B_2019.12.16_13.40.04.csv#block-000@time-180.000s,block-000,180.000,56.7836,56.78,56.78,0.0000,0.4870,2.710417
338,loot,driving_B_2020.02.13_13.03.24.csv,train/driving_B_2020.02.13_13.03.24.csv#block-001@time-1874.000s,block-001,1874.000,-151.1699,-151.17,-151.17,0.0000,0.4855,2.689515
339,redandblack,driving_B_2020.01.16_09.56.56.csv,train/driving_B_2020.01.16_09.56.56.csv#block-000@time-60.000s,block-000,60.000,-9.5670,-9.57,-9.57,0.0000,0.4839,2.572464
340,soldier,static_B_2019.12.16_13.40.04.csv,train/static_B_2019.12.16_13.40.04.csv#block-005@time-1526.000s,block-005,1526.000,44.5624,44.56,44.56,0.0000,0.4824,2.925193
341,longdress,driving_B_2020.01.16_09.56.56.csv,train/driving_B_2020.01.16_09.56.56.csv#block-001@time-819.000s,block-001,819.000,51.2429,51.24,51.24,0.0060,0.4809,2.711961
342,loot,driving_B_2020.02.13_13.03.24.csv,train/driving_B_2020.02.13_13.03.24.csv#block-000@time-60.000s,block-000,60.000,1.3525,1.35,1.35,0.0000,0.4794,2.614670
343,redandblack,driving_B_2020.02.13_15.02.01.csv,train/driving_B_2020.02.13_15.02.01.csv#block-000@time-1020.000s,block-000,1020.000,73.2728,73.27,73.27,2.1968,0.4779,2.629536
344,soldier,driving_B_2020.02.14_12.58.17.csv,train/driving_B_2020.02.14_12.58.17.csv#block-002@time-536.000s,block-002,536.000,-258.7265,-258.73,-258.73,0.0000,0.4763,2.528508
345,longdress,driving_B_2020.02.27_17.30.15.csv,train/driving_B_2020.02.27_17.30.15.csv#block-002@time-473.000s,block-002,473.000,-386.9882,-386.99,-386.99,0.0000,0.4748,2.523630
346,loot,driving_B_2020.02.14_12.58.17.csv,train/driving_B_2020.02.14_12.58.17.csv#block-002@time-596.000s,block-002,596.000,-14.4389,-14.44,-14.44,0.0000,0.4733,2.503412
347,redandblack,driving_B_2020.02.13_15.02.01.csv,train/driving_B_2020.02.13_15.02.01.csv#block-000@time-2040.000s,block-000,2040.000,59.3319,59.33,59.33,0.2582,0.4718,2.841108
348,soldier,driving_B_2020.01.16_09.56.56.csv,train/driving_B_2020.01.16_09.56.56.csv#block-001@time-1659.000s,block-001,1659.000,64.4024,64.40,64.40,1.1078,0.4702,2.917787
349,longdress,driving_B_2020.01.16_09.56.56.csv,train/driving_B_2020.01.16_09.56.56.csv#block-001@time-1419.000s,block-001,1419.000,40.4533,40.45,40.45,0.0000,0.4687,2.612263
350,loot,driving_B_2020.01.16_07.26.43.csv,train/driving_B_2020.01.16_07.26.43.csv#block-000@time-1620.000s,block-000,1620.000,-10.5731,-10.57,-10.57,0.0000,0.4672,2.490136
351,redandblack,driving_B_2020.02.14_12.58.17.csv,train/driving_B_2020.02.14_12.58.17.csv#block-000@time-0.000s,block-000,0.000,10.1342,10.13,10.13,0.0000,0.4657,2.653609
352,soldier,driving_B_2020.01.16_12.10.03.csv,train/driving_B_2020.01.16_12.10.03.csv#block-000@time-240.000s,block-000,240.000,71.7828,71.78,71.78,0.6762,0.4642,2.534180
353,longdress,driving_B_2020.02.13_13.03.24.csv,train/driving_B_2020.02.13_13.03.24.csv#block-001@time-1754.000s,block-001,1754.000,-39.6071,-39.61,-39.61,0.0000,0.4626,2.683374
354,loot,static_B_2020.02.27_18.39.27.csv,train/static_B_2020.02.27_18.39.27.csv#block-001@time-4752.000s,block-001,4752.000,71.6880,71.69,71.69,1.0434,0.4611,2.583368
355,redandblack,driving_B_2019.12.16_12.27.05.csv,train/driving_B_2019.12.16_12.27.05.csv#block-000@time-960.000s,block-000,960.000,77.5454,77.55,77.55,0.0603,0.4596,3.119767
356,soldier,static_B_2019.12.16_13.40.04.csv,train/static_B_2019.12.16_13.40.04.csv#block-005@time-1946.000s,block-005,1946.000,61.2040,61.20,61.20,0.0000,0.4581,2.883883
357,longdress,driving_B_2020.02.14_09.38.22.csv,train/driving_B_2020.02.14_09.38.22.csv#block-000@time-660.000s,block-000,660.000,24.2747,24.27,24.27,0.0000,0.4565,2.708860
358,loot,driving_B_2020.02.14_12.58.17.csv,train/driving_B_2020.02.14_12.58.17.csv#block-002@time-536.000s,block-002,536.000,-102.4953,-102.50,-102.50,0.0000,0.4550,2.728282
359,redandblack,static_B_2020.02.27_18.39.27.csv,train/static_B_2020.02.27_18.39.27.csv#block-001@time-1032.000s,block-001,1032.000,65.3611,65.36,65.36,0.0000,0.4535,2.710320
360,soldier,driving_B_2020.02.13_13.03.24.csv,train/driving_B_2020.02.13_13.03.24.csv#block-001@time-1154.000s,block-001,1154.000,-92.4558,-92.46,-92.46,0.0000,0.4520,2.690933
361,longdress,static_B_2019.12.16_13.40.04.csv,train/static_B_2019.12.16_13.40.04.csv#block-005@time-1766.000s,block-005,1766.000,64.6346,64.63,64.63,0.8153,0.4505,2.670516
362,loot,driving_B_2020.01.16_07.26.43.csv,train/driving_B_2020.01.16_07.26.43.csv#block-000@time-1500.000s,block-000,1500.000,-44.1390,-44.14,-44.14,0.0000,0.4489,2.851514
363,redandblack,driving_B_2020.01.16_09.56.56.csv,train/driving_B_2020.01.16_09.56.56.csv#block-001@time-759.000s,block-001,759.000,10.4350,10.43,10.43,0.0000,0.4474,2.966614
364,soldier,static_B_2020.02.14_13.21.26.csv,train/static_B_2020.02.14_13.21.26.csv#block-000@time-780.000s,block-000,780.000,53.6242,53.62,53.62,1.0724,0.4459,2.652159
365,longdress,driving_B_2019.12.16_12.27.05.csv,train/driving_B_2019.12.16_12.27.05.csv#block-000@time-360.000s,block-000,360.000,-20.3494,-20.35,-20.35,0.0000,0.4444,2.673978
366,loot,driving_B_2020.02.27_17.30.15.csv,train/driving_B_2020.02.27_17.30.15.csv#block-002@time-473.000s,block-002,473.000,-334.8647,-334.86,-334.86,0.0000,0.4428,2.954175
367,redandblack,static_B_2020.02.14_13.21.26.csv,train/static_B_2020.02.14_13.21.26.csv#block-000@time-720.000s,block-000,720.000,54.7848,54.78,54.78,0.0000,0.4413,2.844964
368,soldier,driving_B_2020.02.13_13.03.24.csv,train/driving_B_2020.02.13_13.03.24.csv#block-001@time-1934.000s,block-001,1934.000,-16.2793,-16.28,-16.28,0.0000,0.4398,2.903645
369,longdress,static_B_2020.02.14_13.21.26.csv,train/static_B_2020.02.14_13.21.26.csv#block-000@time-1020.000s,block-000,1020.000,63.9719,63.97,63.97,0.3687,0.4383,2.833897
370,loot,driving_B_2020.02.27_17.30.15.csv,train/driving_B_2020.02.27_17.30.15.csv#block-002@time-413.000s,block-002,413.000,-49.5762,-49.58,-49.58,0.0000,0.4367,2.793247
371,redandblack,static_B_2020.02.27_18.39.27.csv,train/static_B_2020.02.27_18.39.27.csv#block-001@time-3072.000s,block-001,3072.000,53.9083,53.91,53.91,0.0000,0.4352,2.941300
372,soldier,static_B_2020.02.14_13.21.26.csv,train/static_B_2020.02.14_13.21.26.csv#block-000@time-900.000s,block-000,900.000,55.6771,55.68,55.68,0.1801,0.4337,2.777196
373,longdress,static_B_2020.02.14_13.21.26.csv,train/static_B_2020.02.14_13.21.26.csv#block-000@time-420.000s,block-000,420.000,53.2268,53.23,53.23,0.0000,0.4322,2.607640
374,loot,driving_B_2020.02.27_17.30.15.csv,train/driving_B_2020.02.27_17.30.15.csv#block-002@time-293.000s,block-002,293.000,-283.0652,-283.07,-283.07,0.0000,0.4307,2.767048
375,redandblack,driving_B_2020.02.14_09.38.22.csv,train/driving_B_2020.02.14_09.38.22.csv#block-000@time-60.000s,block-000,60.000,-15.5217,-15.52,-15.52,0.0000,0.4291,2.812583
376,soldier,static_B_2019.12.16_13.40.04.csv,train/static_B_2019.12.16_13.40.04.csv#block-001@time-775.000s,block-001,775.000,73.2707,73.27,73.27,0.0000,0.4276,2.973143
377,longdress,driving_B_2020.01.16_07.26.43.csv,train/driving_B_2020.01.16_07.26.43.csv#block-000@time-1380.000s,block-000,1380.000,-1.9309,-1.93,-1.93,0.0000,0.4261,2.677392
378,loot,driving_B_2020.02.13_15.02.01.csv,train/driving_B_2020.02.13_15.02.01.csv#block-000@time-2880.000s,block-000,2880.000,65.9649,65.96,65.96,0.0000,0.4246,2.651016
379,redandblack,driving_B_2019.12.16_12.27.05.csv,train/driving_B_2019.12.16_12.27.05.csv#block-000@time-360.000s,block-000,360.000,4.6732,4.67,4.67,0.0000,0.4230,2.716205
380,soldier,driving_B_2020.01.16_12.10.03.csv,train/driving_B_2020.01.16_12.10.03.csv#block-000@time-120.000s,block-000,120.000,65.6080,65.61,65.61,0.4509,0.4215,2.360200
381,longdress,driving_B_2020.02.13_13.03.24.csv,train/driving_B_2020.02.13_13.03.24.csv#block-001@time-1694.000s,block-001,1694.000,-56.2778,-56.28,-56.28,0.0000,0.4200,2.743072
382,loot,driving_B_2020.01.16_12.10.03.csv,train/driving_B_2020.01.16_12.10.03.csv#block-000@time-300.000s,block-000,300.000,28.8512,28.85,28.85,0.0000,0.4185,2.748127
383,redandblack,driving_B_2020.02.13_15.02.01.csv,train/driving_B_2020.02.13_15.02.01.csv#block-000@time-2160.000s,block-000,2160.000,54.6118,54.61,54.61,0.0000,0.4170,2.581965
384,soldier,driving_B_2020.02.14_09.38.22.csv,train/driving_B_2020.02.14_09.38.22.csv#block-000@time-1560.000s,block-000,1560.000,11.1681,11.17,11.17,0.0000,0.4154,2.934334
385,longdress,driving_B_2020.01.16_07.26.43.csv,train/driving_B_2020.01.16_07.26.43.csv#block-000@time-900.000s,block-000,900.000,19.2143,19.21,19.21,0.0000,0.4139,2.596413
386,loot,driving_B_2020.01.16_07.26.43.csv,train/driving_B_2020.01.16_07.26.43.csv#block-000@time-720.000s,block-000,720.000,8.9673,8.97,8.97,0.0000,0.4124,2.728005
387,redandblack,driving_B_2019.12.17_07.32.39.csv,train/driving_B_2019.12.17_07.32.39.csv#block-000@time-60.000s,block-000,60.000,32.0193,32.02,32.02,0.0000,0.4109,2.614757
388,soldier,static_B_2020.02.27_18.39.27.csv,train/static_B_2020.02.27_18.39.27.csv#block-001@time-4032.000s,block-001,4032.000,54.2812,54.28,54.28,0.0000,0.4093,2.746466
389,longdress,driving_B_2019.12.17_07.32.39.csv,train/driving_B_2019.12.17_07.32.39.csv#block-000@time-1320.000s,block-000,1320.000,-7.7716,-7.77,-7.77,0.0000,0.4078,2.775182
390,loot,driving_B_2020.02.27_17.30.15.csv,train/driving_B_2020.02.27_17.30.15.csv#block-002@time-413.000s,block-002,413.000,-70.7769,-70.78,-70.78,0.0000,0.4063,2.700356
391,redandblack,driving_B_2020.02.14_09.38.22.csv,train/driving_B_2020.02.14_09.38.22.csv#block-000@time-1440.000s,block-000,1440.000,71.5827,71.58,71.58,0.7550,0.4048,2.626408
392,soldier,static_B_2019.12.16_13.40.04.csv,train/static_B_2019.12.16_13.40.04.csv#block-005@time-1346.000s,block-005,1346.000,-81.6024,-81.60,-81.60,0.0000,0.4033,2.803487
393,longdress,driving_B_2019.12.17_07.32.39.csv,train/driving_B_2019.12.17_07.32.39.csv#block-000@time-0.000s,block-000,0.000,-24.4774,-24.48,-24.48,0.0000,0.4017,2.695636
394,loot,static_B_2020.02.27_18.39.27.csv,train/static_B_2020.02.27_18.39.27.csv#block-001@time-2832.000s,block-001,2832.000,52.7272,52.73,52.73,0.0000,0.4002,2.876465
395,redandblack,static_B_2019.12.16_13.40.04.csv,train/static_B_2019.12.16_13.40.04.csv#block-000@time-240.000s,block-000,240.000,49.7134,49.71,49.71,0.0000,0.3987,2.668023
396,soldier,driving_B_2020.02.14_09.38.22.csv,train/driving_B_2020.02.14_09.38.22.csv#block-000@time-180.000s,block-000,180.000,-28.7247,-28.72,-28.72,0.0000,0.3972,2.532948
397,longdress,driving_B_2020.02.27_17.30.15.csv,train/driving_B_2020.02.27_17.30.15.csv#block-002@time-353.000s,block-002,353.000,-81.7084,-81.71,-81.71,0.0000,0.3956,2.782848
398,loot,driving_B_2020.02.13_13.03.24.csv,train/driving_B_2020.02.13_13.03.24.csv#block-000@time-600.000s,block-000,600.000,21.0136,21.01,21.01,0.0000,0.3941,2.752459
399,redandblack,driving_B_2019.12.17_07.32.39.csv,train/driving_B_2019.12.17_07.32.39.csv#block-003@time-1594.000s,block-003,1594.000,20.6666,20.67,20.67,0.0000,0.3926,2.475147
400,soldier,static_B_2020.02.27_18.39.27.csv,train/static_B_2020.02.27_18.39.27.csv#block-001@time-4692.000s,block-001,4692.000,61.7763,61.78,61.78,0.0000,0.3911,2.867365
401,longdress,driving_B_2020.02.13_13.03.24.csv,train/driving_B_2020.02.13_13.03.24.csv#block-001@time-1394.000s,block-001,1394.000,-10.9255,-10.93,-10.93,0.0000,0.3896,2.688690
402,loot,static_B_2019.12.16_13.40.04.csv,train/static_B_2019.12.16_13.40.04.csv#block-000@time-360.000s,block-000,360.000,37.3958,37.40,37.40,0.0000,0.3880,2.685963
403,redandblack,driving_B_2020.02.14_12.58.17.csv,train/driving_B_2020.02.14_12.58.17.csv#block-002@time-716.000s,block-002,716.000,36.2672,36.27,36.27,0.0000,0.3865,2.618442
404,soldier,driving_B_2020.01.16_07.26.43.csv,train/driving_B_2020.01.16_07.26.43.csv#block-000@time-660.000s,block-000,660.000,0.1714,0.17,0.17,0.0000,0.3850,2.573768
405,longdress,driving_B_2020.02.27_17.30.15.csv,train/driving_B_2020.02.27_17.30.15.csv#block-002@time-353.000s,block-002,353.000,-117.0429,-117.04,-117.04,0.0000,0.3835,3.093178
406,loot,static_B_2020.02.14_13.21.26.csv,train/static_B_2020.02.14_13.21.26.csv#block-000@time-300.000s,block-000,300.000,54.3442,54.34,54.34,0.0000,0.3819,3.005455
407,redandblack,static_B_2020.02.14_13.21.26.csv,train/static_B_2020.02.14_13.21.26.csv#block-000@time-0.000s,block-000,0.000,40.2766,40.28,40.28,0.0000,0.3804,2.861045
408,soldier,driving_B_2020.02.14_12.58.17.csv,train/driving_B_2020.02.14_12.58.17.csv#block-002@time-656.000s,block-002,656.000,23.8660,23.87,23.87,0.0000,0.3789,2.880813
409,longdress,driving_B_2020.01.16_12.10.03.csv,train/driving_B_2020.01.16_12.10.03.csv#block-000@time-120.000s,block-000,120.000,78.7102,78.71,78.71,0.0039,0.3774,2.844249
410,loot,driving_B_2020.02.13_15.02.01.csv,train/driving_B_2020.02.13_15.02.01.csv#block-000@time-0.000s,block-000,0.000,61.9793,61.98,61.98,0.0000,0.3759,2.788829
411,redandblack,driving_B_2019.12.17_07.32.39.csv,train/driving_B_2019.12.17_07.32.39.csv#block-000@time-540.000s,block-000,540.000,14.3435,14.34,14.34,0.0000,0.3743,2.811176
412,soldier,driving_B_2020.01.16_07.26.43.csv,train/driving_B_2020.01.16_07.26.43.csv#block-000@time-60.000s,block-000,60.000,29.7920,29.79,29.79,0.0000,0.3728,3.010147
413,longdress,driving_B_2019.12.16_12.27.05.csv,train/driving_B_2019.12.16_12.27.05.csv#block-000@time-660.000s,block-000,660.000,-203.1392,-203.14,-203.14,0.0000,0.3713,2.641375
414,loot,driving_B_2020.02.14_12.58.17.csv,train/driving_B_2020.02.14_12.58.17.csv#block-002@time-596.000s,block-002,596.000,-26.1907,-26.19,-26.19,0.0000,0.3698,2.602161
415,redandblack,driving_B_2020.02.14_09.38.22.csv,train/driving_B_2020.02.14_09.38.22.csv#block-000@time-540.000s,block-000,540.000,-3.0361,-3.04,-3.04,0.0000,0.3682,2.932693
416,soldier,driving_B_2020.02.27_17.30.15.csv,train/driving_B_2020.02.27_17.30.15.csv#block-002@time-353.000s,block-002,353.000,-66.6385,-66.64,-66.64,0.0000,0.3667,2.823282
417,loot,driving_B_2020.02.13_13.03.24.csv,train/driving_B_2020.02.13_13.03.24.csv#block-000@time-480.000s,block-000,480.000,2.6958,2.70,2.70,0.0000,0.3652,2.762405
418,redandblack,driving_B_2020.01.16_07.26.43.csv,train/driving_B_2020.01.16_07.26.43.csv#block-000@time-1020.000s,block-000,1020.000,-26.2868,-26.29,-26.29,0.0000,0.3637,2.845472
419,soldier,static_B_2020.02.27_18.39.27.csv,train/static_B_2020.02.27_18.39.27.csv#block-001@time-3312.000s,block-001,3312.000,36.0215,36.02,36.02,0.0000,0.3622,2.645996
420,longdress,driving_B_2020.01.16_12.10.03.csv,train/driving_B_2020.01.16_12.10.03.csv#block-000@time-300.000s,block-000,300.000,16.7152,16.72,16.72,0.0000,0.3606,2.874129
421,loot,driving_B_2020.02.13_15.02.01.csv,train/driving_B_2020.02.13_15.02.01.csv#block-000@time-600.000s,block-000,600.000,35.3116,35.31,35.31,0.0000,0.3591,2.620381
422,redandblack,driving_B_2020.02.13_15.02.01.csv,train/driving_B_2020.02.13_15.02.01.csv#block-000@time-180.000s,block-000,180.000,33.1299,33.13,33.13,0.0000,0.3576,2.893353
423,soldier,driving_B_2020.01.16_12.10.03.csv,train/driving_B_2020.01.16_12.10.03.csv#block-000@time-120.000s,block-000,120.000,65.3279,65.33,65.33,0.7154,0.3561,2.846242
424,longdress,driving_B_2020.01.16_09.56.56.csv,train/driving_B_2020.01.16_09.56.56.csv#block-001@time-699.000s,block-001,699.000,67.5277,67.53,67.53,1.6835,0.3545,2.738965
425,loot,static_B_2019.12.16_13.40.04.csv,train/static_B_2019.12.16_13.40.04.csv#block-000@time-300.000s,block-000,300.000,18.2316,18.23,18.23,0.0000,0.3530,2.860812
426,redandblack,driving_B_2020.02.14_12.58.17.csv,train/driving_B_2020.02.14_12.58.17.csv#block-002@time-716.000s,block-002,716.000,22.1991,22.20,22.20,0.0000,0.3515,3.094763
427,soldier,driving_B_2019.12.16_12.27.05.csv,train/driving_B_2019.12.16_12.27.05.csv#block-000@time-720.000s,block-000,720.000,-21.7190,-21.72,-21.72,0.0000,0.3500,3.041329
428,longdress,driving_B_2020.02.14_09.38.22.csv,train/driving_B_2020.02.14_09.38.22.csv#block-000@time-960.000s,block-000,960.000,57.9793,57.98,57.98,0.0000,0.3484,2.823691
429,loot,driving_B_2020.01.16_09.56.56.csv,train/driving_B_2020.01.16_09.56.56.csv#block-000@time-300.000s,block-000,300.000,75.4932,75.49,75.49,0.2629,0.3469,2.727098
430,redandblack,driving_B_2020.02.27_17.30.15.csv,train/driving_B_2020.02.27_17.30.15.csv#block-002@time-293.000s,block-002,293.000,-259.3204,-259.32,-259.32,0.0000,0.3454,2.931651
431,soldier,driving_B_2020.02.14_09.38.22.csv,train/driving_B_2020.02.14_09.38.22.csv#block-000@time-360.000s,block-000,360.000,-67.9513,-67.95,-67.95,0.0000,0.3439,2.746324
432,longdress,driving_B_2020.02.13_13.03.24.csv,train/driving_B_2020.02.13_13.03.24.csv#block-001@time-1094.000s,block-001,1094.000,-28.7209,-28.72,-28.72,0.0000,0.3424,2.841950
433,loot,driving_B_2020.01.16_12.10.03.csv,train/driving_B_2020.01.16_12.10.03.csv#block-000@time-300.000s,block-000,300.000,28.3883,28.39,28.39,0.0000,0.3408,2.784614
434,redandblack,driving_B_2020.02.13_13.03.24.csv,train/driving_B_2020.02.13_13.03.24.csv#block-001@time-1034.000s,block-001,1034.000,-11.2189,-11.22,-11.22,0.0000,0.3393,2.739557
435,soldier,static_B_2019.12.16_13.40.04.csv,train/static_B_2019.12.16_13.40.04.csv#block-000@time-360.000s,block-000,360.000,-14.6515,-14.65,-14.65,0.0000,0.3378,2.830485
436,longdress,driving_B_2020.01.16_09.56.56.csv,train/driving_B_2020.01.16_09.56.56.csv#block-001@time-879.000s,block-001,879.000,55.8198,55.82,55.82,0.0000,0.3363,2.818426
437,loot,static_B_2019.12.16_13.40.04.csv,train/static_B_2019.12.16_13.40.04.csv#block-001@time-955.000s,block-001,955.000,70.8817,70.88,70.88,0.0000,0.3347,2.657803
438,redandblack,driving_B_2020.02.14_09.38.22.csv,train/driving_B_2020.02.14_09.38.22.csv#block-000@time-420.000s,block-000,420.000,9.7201,9.72,9.72,0.0000,0.3332,2.810801
439,soldier,driving_B_2020.02.27_17.30.15.csv,train/driving_B_2020.02.27_17.30.15.csv#block-002@time-473.000s,block-002,473.000,-370.6242,-370.62,-370.62,0.0000,0.3317,2.812617
440,longdress,driving_B_2019.12.17_07.32.39.csv,train/driving_B_2019.12.17_07.32.39.csv#block-000@time-660.000s,block-000,660.000,-19.2359,-19.24,-19.24,0.0000,0.3302,3.007187
441,loot,driving_B_2019.12.17_07.32.39.csv,train/driving_B_2019.12.17_07.32.39.csv#block-000@time-540.000s,block-000,540.000,20.5121,20.51,20.51,0.0000,0.3287,2.739146
442,redandblack,driving_B_2020.02.14_09.38.22.csv,train/driving_B_2020.02.14_09.38.22.csv#block-000@time-60.000s,block-000,60.000,-10.6349,-10.63,-10.63,0.0000,0.3271,2.795836
443,soldier,driving_B_2020.02.27_17.30.15.csv,train/driving_B_2020.02.27_17.30.15.csv#block-002@time-533.000s,block-002,533.000,-135.7910,-135.79,-135.79,0.0000,0.3256,2.730490
444,longdress,driving_B_2020.01.16_09.56.56.csv,train/driving_B_2020.01.16_09.56.56.csv#block-001@time-1539.000s,block-001,1539.000,38.6363,38.64,38.64,0.0000,0.3241,2.707220
445,loot,driving_B_2020.02.14_12.58.17.csv,train/driving_B_2020.02.14_12.58.17.csv#block-000@time-0.000s,block-000,0.000,22.3163,22.32,22.32,0.0000,0.3226,2.513575
446,redandblack,driving_B_2020.02.14_12.58.17.csv,train/driving_B_2020.02.14_12.58.17.csv#block-000@time-0.000s,block-000,0.000,23.5000,23.50,23.50,0.0000,0.3210,2.767592
447,soldier,driving_B_2019.12.17_07.32.39.csv,train/driving_B_2019.12.17_07.32.39.csv#block-000@time-780.000s,block-000,780.000,20.6962,20.70,20.70,0.0000,0.3195,2.913736
448,longdress,driving_B_2020.02.13_15.02.01.csv,train/driving_B_2020.02.13_15.02.01.csv#block-000@time-120.000s,block-000,120.000,73.6579,73.66,73.66,0.0000,0.3180,2.713528
449,loot,driving_B_2019.12.16_12.27.05.csv,train/driving_B_2019.12.16_12.27.05.csv#block-000@time-240.000s,block-000,240.000,16.1733,16.17,16.17,0.0000,0.3165,2.642048
450,redandblack,driving_B_2020.01.16_07.26.43.csv,train/driving_B_2020.01.16_07.26.43.csv#block-000@time-1260.000s,block-000,1260.000,24.4021,24.40,24.40,0.0000,0.3150,2.714592
451,soldier,driving_B_2020.01.16_12.10.03.csv,train/driving_B_2020.01.16_12.10.03.csv#block-000@time-60.000s,block-000,60.000,50.5872,50.59,50.59,0.0000,0.3134,2.777722
452,longdress,driving_B_2020.01.16_12.10.03.csv,train/driving_B_2020.01.16_12.10.03.csv#block-000@time-240.000s,block-000,240.000,72.6785,72.68,72.68,0.0000,0.3119,2.771045
453,loot,driving_B_2019.12.17_07.32.39.csv,train/driving_B_2019.12.17_07.32.39.csv#block-003@time-2134.000s,block-003,2134.000,37.9514,37.95,37.95,0.0000,0.3104,2.587694
454,redandblack,driving_B_2020.02.27_17.30.15.csv,train/driving_B_2020.02.27_17.30.15.csv#block-002@time-533.000s,block-002,533.000,-69.3353,-69.34,-69.34,0.0000,0.3089,2.929952
455,soldier,driving_B_2020.02.27_17.30.15.csv,train/driving_B_2020.02.27_17.30.15.csv#block-002@time-413.000s,block-002,413.000,-66.6287,-66.63,-66.63,0.0000,0.3073,3.332016
456,longdress,driving_B_2020.02.27_17.30.15.csv,train/driving_B_2020.02.27_17.30.15.csv#block-002@time-353.000s,block-002,353.000,-154.8025,-154.80,-154.80,0.0000,0.3058,2.822407
457,loot,static_B_2019.12.16_13.40.04.csv,train/static_B_2019.12.16_13.40.04.csv#block-001@time-1135.000s,block-001,1135.000,56.9310,56.93,56.93,0.0000,0.3043,2.963430
458,redandblack,static_B_2019.12.16_13.40.04.csv,train/static_B_2019.12.16_13.40.04.csv#block-000@time-420.000s,block-000,420.000,66.0630,66.06,66.06,0.0000,0.3028,2.900194
459,soldier,driving_B_2020.01.16_07.26.43.csv,train/driving_B_2020.01.16_07.26.43.csv#block-000@time-900.000s,block-000,900.000,34.1653,34.17,34.17,0.0000,0.3013,2.984688
460,longdress,static_B_2019.12.16_13.40.04.csv,train/static_B_2019.12.16_13.40.04.csv#block-000@time-180.000s,block-000,180.000,56.7670,56.77,56.77,0.0000,0.2997,2.766203
461,loot,static_B_2019.12.16_13.40.04.csv,train/static_B_2019.12.16_13.40.04.csv#block-005@time-1406.000s,block-005,1406.000,57.1346,57.13,57.13,0.0000,0.2982,2.974670
462,redandblack,driving_B_2020.02.13_15.02.01.csv,train/driving_B_2020.02.13_15.02.01.csv#block-000@time-1740.000s,block-000,1740.000,-104.8563,-104.86,-104.86,0.0000,0.2967,2.963124
463,soldier,driving_B_2020.02.13_13.03.24.csv,train/driving_B_2020.02.13_13.03.24.csv#block-000@time-300.000s,block-000,300.000,7.0671,7.07,7.07,0.0000,0.2952,2.925570
464,longdress,driving_B_2020.02.13_13.03.24.csv,train/driving_B_2020.02.13_13.03.24.csv#block-001@time-1454.000s,block-001,1454.000,-44.7446,-44.74,-44.74,0.0000,0.2936,2.939682
465,loot,driving_B_2020.01.16_09.56.56.csv,train/driving_B_2020.01.16_09.56.56.csv#block-000@time-120.000s,block-000,120.000,-31.5780,-31.58,-31.58,0.0000,0.2921,2.806544
466,redandblack,driving_B_2020.02.14_12.58.17.csv,train/driving_B_2020.02.14_12.58.17.csv#block-002@time-536.000s,block-002,536.000,-165.5466,-165.55,-165.55,0.0000,0.2906,2.891203
467,soldier,driving_B_2020.02.14_09.38.22.csv,train/driving_B_2020.02.14_09.38.22.csv#block-000@time-1380.000s,block-000,1380.000,14.2486,14.25,14.25,0.0000,0.2891,3.063595
468,longdress,static_B_2020.02.14_13.21.26.csv,train/static_B_2020.02.14_13.21.26.csv#block-000@time-240.000s,block-000,240.000,62.1133,62.11,62.11,0.5560,0.2876,2.743981
469,loot,driving_B_2020.01.16_09.56.56.csv,train/driving_B_2020.01.16_09.56.56.csv#block-001@time-1299.000s,block-001,1299.000,65.7502,65.75,65.75,0.0000,0.2860,2.913883
470,redandblack,driving_B_2020.02.13_13.03.24.csv,train/driving_B_2020.02.13_13.03.24.csv#block-000@time-180.000s,block-000,180.000,6.4216,6.42,6.42,0.0000,0.2845,2.931457
471,soldier,static_B_2019.12.16_13.40.04.csv,train/static_B_2019.12.16_13.40.04.csv#block-006@time-2172.000s,block-006,2172.000,64.5589,64.56,64.56,1.5395,0.2830,3.043279
472,longdress,driving_B_2019.12.17_07.32.39.csv,train/driving_B_2019.12.17_07.32.39.csv#block-000@time-360.000s,block-000,360.000,21.4521,21.45,21.45,0.0000,0.2815,2.816839
473,loot,driving_B_2020.01.16_07.26.43.csv,train/driving_B_2020.01.16_07.26.43.csv#block-000@time-60.000s,block-000,60.000,41.5220,41.52,41.52,0.0000,0.2799,2.635375
474,redandblack,driving_B_2020.02.14_12.58.17.csv,train/driving_B_2020.02.14_12.58.17.csv#block-002@time-596.000s,block-002,596.000,-22.8388,-22.84,-22.84,0.0000,0.2784,3.052116
475,soldier,driving_B_2019.12.17_07.32.39.csv,train/driving_B_2019.12.17_07.32.39.csv#block-004@time-2477.000s,block-004,2477.000,62.2121,62.21,62.21,0.0000,0.2769,2.878471
476,longdress,driving_B_2020.02.14_12.58.17.csv,train/driving_B_2020.02.14_12.58.17.csv#block-002@time-716.000s,block-002,716.000,1.2276,1.23,1.23,0.0000,0.2754,2.743139
477,loot,driving_B_2020.02.14_09.38.22.csv,train/driving_B_2020.02.14_09.38.22.csv#block-000@time-0.000s,block-000,0.000,5.6826,5.68,5.68,0.0000,0.2738,2.869764
478,redandblack,driving_B_2020.02.27_17.30.15.csv,train/driving_B_2020.02.27_17.30.15.csv#block-002@time-473.000s,block-002,473.000,-316.4038,-316.40,-316.40,0.0000,0.2723,2.782644
479,soldier,driving_B_2020.01.16_09.56.56.csv,train/driving_B_2020.01.16_09.56.56.csv#block-001@time-639.000s,block-001,639.000,65.8428,65.84,65.84,0.0000,0.2708,2.743411
480,longdress,driving_B_2020.01.16_12.10.03.csv,train/driving_B_2020.01.16_12.10.03.csv#block-000@time-300.000s,block-000,300.000,29.6134,29.61,29.61,0.0000,0.2693,2.796244
481,loot,static_B_2020.02.14_13.21.26.csv,train/static_B_2020.02.14_13.21.26.csv#block-000@time-780.000s,block-000,780.000,70.2516,70.25,70.25,1.4505,0.2678,2.889381
482,redandblack,driving_B_2020.02.13_13.03.24.csv,train/driving_B_2020.02.13_13.03.24.csv#block-001@time-974.000s,block-001,974.000,18.0997,18.10,18.10,0.0000,0.2662,2.928776
483,soldier,driving_B_2020.02.13_13.03.24.csv,train/driving_B_2020.02.13_13.03.24.csv#block-001@time-1214.000s,block-001,1214.000,-9.6213,-9.62,-9.62,0.0000,0.2647,2.937905
484,longdress,static_B_2020.02.27_18.39.27.csv,train/static_B_2020.02.27_18.39.27.csv#block-001@time-792.000s,block-001,792.000,59.7450,59.74,59.74,0.0000,0.2632,2.926584
485,loot,driving_B_2020.02.14_12.58.17.csv,train/driving_B_2020.02.14_12.58.17.csv#block-002@time-596.000s,block-002,596.000,-8.3957,-8.40,-8.40,0.0000,0.2617,3.083443
486,redandblack,driving_B_2020.02.14_09.38.22.csv,train/driving_B_2020.02.14_09.38.22.csv#block-000@time-660.000s,block-000,660.000,37.5220,37.52,37.52,0.0000,0.2601,2.764690
487,soldier,static_B_2019.12.16_13.40.04.csv,train/static_B_2019.12.16_13.40.04.csv#block-001@time-895.000s,block-001,895.000,45.8062,45.81,45.81,0.0000,0.2586,2.673852
488,longdress,driving_B_2020.01.16_09.56.56.csv,train/driving_B_2020.01.16_09.56.56.csv#block-001@time-1479.000s,block-001,1479.000,37.5872,37.59,37.59,0.0000,0.2571,2.917809
489,loot,static_B_2020.02.14_13.21.26.csv,train/static_B_2020.02.14_13.21.26.csv#block-000@time-180.000s,block-000,180.000,83.4930,83.49,83.49,0.1931,0.2556,2.918637
490,redandblack,driving_B_2019.12.17_07.32.39.csv,train/driving_B_2019.12.17_07.32.39.csv#block-000@time-480.000s,block-000,480.000,57.7142,57.71,57.71,0.0000,0.2541,3.058460
491,soldier,static_B_2020.02.27_18.39.27.csv,train/static_B_2020.02.27_18.39.27.csv#block-001@time-1512.000s,block-001,1512.000,57.9693,57.97,57.97,0.0000,0.2525,2.682259
492,longdress,driving_B_2020.02.13_13.03.24.csv,train/driving_B_2020.02.13_13.03.24.csv#block-000@time-600.000s,block-000,600.000,0.3997,0.40,0.40,0.0000,0.2510,2.982325
493,loot,driving_B_2019.12.17_07.32.39.csv,train/driving_B_2019.12.17_07.32.39.csv#block-003@time-2074.000s,block-003,2074.000,35.4426,35.44,35.44,0.0000,0.2495,2.906511
494,redandblack,driving_B_2019.12.16_12.27.05.csv,train/driving_B_2019.12.16_12.27.05.csv#block-000@time-420.000s,block-000,420.000,-187.0815,-187.08,-187.08,0.0000,0.2480,3.036141
495,soldier,driving_B_2020.02.13_15.02.01.csv,train/driving_B_2020.02.13_15.02.01.csv#block-000@time-2400.000s,block-000,2400.000,54.4241,54.42,54.42,0.0000,0.2464,2.819669
496,longdress,driving_B_2019.12.16_12.27.05.csv,train/driving_B_2019.12.16_12.27.05.csv#block-000@time-840.000s,block-000,840.000,36.9745,36.97,36.97,0.0000,0.2449,2.808943
497,loot,driving_B_2019.12.17_07.32.39.csv,train/driving_B_2019.12.17_07.32.39.csv#block-003@time-1834.000s,block-003,1834.000,25.8971,25.90,25.90,0.0000,0.2434,2.916448
498,redandblack,driving_B_2019.12.16_12.27.05.csv,train/driving_B_2019.12.16_12.27.05.csv#block-000@time-420.000s,block-000,420.000,-152.1276,-152.13,-152.13,0.0000,0.2419,3.025734
499,soldier,driving_B_2020.01.16_12.10.03.csv,train/driving_B_2020.01.16_12.10.03.csv#block-000@time-120.000s,block-000,120.000,81.6151,81.62,81.62,0.0000,0.2404,2.664453
500,longdress,static_B_2020.02.27_18.39.27.csv,train/static_B_2020.02.27_18.39.27.csv#block-001@time-4992.000s,block-001,4992.000,55.5161,55.52,55.52,0.0000,0.2388,2.743025
501,loot,driving_B_2019.12.16_12.27.05.csv,train/driving_B_2019.12.16_12.27.05.csv#block-000@time-960.000s,block-000,960.000,70.9631,70.96,70.96,1.2571,0.2373,2.861476
502,redandblack,static_B_2020.02.14_13.21.26.csv,train/static_B_2020.02.14_13.21.26.csv#block-000@time-840.000s,block-000,840.000,77.8268,77.83,77.83,1.3979,0.2358,3.066147
503,soldier,driving_B_2020.02.13_13.03.24.csv,train/driving_B_2020.02.13_13.03.24.csv#block-000@time-660.000s,block-000,660.000,-30.5871,-30.59,-30.59,0.0000,0.2343,2.798149
504,longdress,driving_B_2020.02.13_13.03.24.csv,train/driving_B_2020.02.13_13.03.24.csv#block-001@time-1574.000s,block-001,1574.000,30.4956,30.50,30.50,0.0000,0.2327,2.786527
505,loot,static_B_2020.02.27_18.39.27.csv,train/static_B_2020.02.27_18.39.27.csv#block-001@time-6372.000s,block-001,6372.000,81.8978,81.90,81.90,1.4940,0.2312,3.321099
506,redandblack,driving_B_2020.02.13_15.02.01.csv,train/driving_B_2020.02.13_15.02.01.csv#block-000@time-2580.000s,block-000,2580.000,5.1200,5.12,5.12,0.0000,0.2297,2.885835
507,soldier,driving_B_2020.02.14_12.58.17.csv,train/driving_B_2020.02.14_12.58.17.csv#block-002@time-536.000s,block-002,536.000,-139.1500,-139.15,-139.15,0.0000,0.2282,3.097037
508,longdress,driving_B_2020.02.13_15.02.01.csv,train/driving_B_2020.02.13_15.02.01.csv#block-000@time-2220.000s,block-000,2220.000,33.1254,33.13,33.13,0.0000,0.2267,2.879937
509,loot,static_B_2020.02.14_13.21.26.csv,train/static_B_2020.02.14_13.21.26.csv#block-000@time-900.000s,block-000,900.000,70.1789,70.18,70.18,0.9489,0.2251,3.123873
510,redandblack,driving_B_2019.12.16_12.27.05.csv,train/driving_B_2019.12.16_12.27.05.csv#block-000@time-540.000s,block-000,540.000,-68.7675,-68.77,-68.77,0.0000,0.2236,3.019890
511,soldier,driving_B_2019.12.16_12.27.05.csv,train/driving_B_2019.12.16_12.27.05.csv#block-000@time-180.000s,block-000,180.000,-3.3675,-3.37,-3.37,0.0000,0.2221,3.031884
512,longdress,driving_B_2020.02.27_17.30.15.csv,train/driving_B_2020.02.27_17.30.15.csv#block-002@time-293.000s,block-002,293.000,-290.0672,-290.07,-290.07,0.0000,0.2206,3.003239
513,loot,static_B_2019.12.16_13.40.04.csv,train/static_B_2019.12.16_13.40.04.csv#block-005@time-1346.000s,block-005,1346.000,-75.0654,-75.07,-75.07,0.0000,0.2190,3.017439
514,redandblack,static_B_2019.12.16_13.40.04.csv,train/static_B_2019.12.16_13.40.04.csv#block-001@time-1075.000s,block-001,1075.000,44.4571,44.46,44.46,0.0000,0.2175,2.927222
515,soldier,driving_B_2020.02.14_09.38.22.csv,train/driving_B_2020.02.14_09.38.22.csv#block-000@time-0.000s,block-000,0.000,20.2869,20.29,20.29,0.0000,0.2160,3.033694
516,longdress,driving_B_2020.01.16_07.26.43.csv,train/driving_B_2020.01.16_07.26.43.csv#block-000@time-300.000s,block-000,300.000,9.1406,9.14,9.14,0.0000,0.2145,2.900139
517,loot,driving_B_2019.12.16_12.27.05.csv,train/driving_B_2019.12.16_12.27.05.csv#block-000@time-900.000s,block-000,900.000,71.8757,71.88,71.88,0.7550,0.2130,2.731964
518,redandblack,driving_B_2020.02.27_17.30.15.csv,train/driving_B_2020.02.27_17.30.15.csv#block-002@time-473.000s,block-002,473.000,-172.7829,-172.78,-172.78,0.0000,0.2114,3.049233
519,soldier,driving_B_2020.01.16_12.10.03.csv,train/driving_B_2020.01.16_12.10.03.csv#block-000@time-0.000s,block-000,0.000,66.9838,66.98,66.98,1.4196,0.2099,3.045227
520,longdress,driving_B_2019.12.17_07.32.39.csv,train/driving_B_2019.12.17_07.32.39.csv#block-000@time-1320.000s,block-000,1320.000,20.2159,20.22,20.22,0.0000,0.2084,2.988200
521,loot,static_B_2020.02.14_13.21.26.csv,train/static_B_2020.02.14_13.21.26.csv#block-000@time-960.000s,block-000,960.000,56.3762,56.38,56.38,0.0000,0.2069,2.807146
522,redandblack,driving_B_2020.02.14_12.58.17.csv,train/driving_B_2020.02.14_12.58.17.csv#block-002@time-596.000s,block-002,596.000,-7.1250,-7.13,-7.13,0.0000,0.2053,3.134987
523,soldier,driving_B_2020.02.14_09.38.22.csv,train/driving_B_2020.02.14_09.38.22.csv#block-000@time-240.000s,block-000,240.000,-88.4000,-88.40,-88.40,0.0000,0.2038,2.976721
524,longdress,driving_B_2020.02.14_12.58.17.csv,train/driving_B_2020.02.14_12.58.17.csv#block-002@time-656.000s,block-002,656.000,34.8259,34.83,34.83,0.0000,0.2023,2.937025
525,loot,driving_B_2019.12.17_07.32.39.csv,train/driving_B_2019.12.17_07.32.39.csv#block-000@time-1200.000s,block-000,1200.000,58.6073,58.61,58.61,0.1894,0.2008,3.149879
526,redandblack,driving_B_2020.01.16_07.26.43.csv,train/driving_B_2020.01.16_07.26.43.csv#block-000@time-1620.000s,block-000,1620.000,13.7735,13.77,13.77,0.0000,0.1992,3.046756
527,soldier,driving_B_2020.02.13_15.02.01.csv,train/driving_B_2020.02.13_15.02.01.csv#block-000@time-1200.000s,block-000,1200.000,9.5914,9.59,9.59,0.0000,0.1977,2.867899
528,longdress,driving_B_2020.01.16_09.56.56.csv,train/driving_B_2020.01.16_09.56.56.csv#block-001@time-1599.000s,block-001,1599.000,61.2107,61.21,61.21,0.0000,0.1962,2.818788
529,loot,driving_B_2020.02.13_15.02.01.csv,train/driving_B_2020.02.13_15.02.01.csv#block-000@time-720.000s,block-000,720.000,31.6488,31.65,31.65,0.0000,0.1947,2.939051
530,redandblack,driving_B_2019.12.16_12.27.05.csv,train/driving_B_2019.12.16_12.27.05.csv#block-000@time-720.000s,block-000,720.000,-42.7139,-42.71,-42.71,0.0000,0.1932,3.051066
531,soldier,driving_B_2020.01.16_07.26.43.csv,train/driving_B_2020.01.16_07.26.43.csv#block-000@time-1380.000s,block-000,1380.000,1.3527,1.35,1.35,0.0000,0.1916,2.911680
532,longdress,driving_B_2020.01.16_07.26.43.csv,train/driving_B_2020.01.16_07.26.43.csv#block-000@time-780.000s,block-000,780.000,0.0678,0.07,0.07,0.0000,0.1901,3.103799
533,loot,driving_B_2020.01.16_09.56.56.csv,train/driving_B_2020.01.16_09.56.56.csv#block-000@time-120.000s,block-000,120.000,-16.2176,-16.22,-16.22,0.0000,0.1886,2.940041
534,redandblack,driving_B_2020.02.13_13.03.24.csv,train/driving_B_2020.02.13_13.03.24.csv#block-001@time-1274.000s,block-001,1274.000,27.5239,27.52,27.52,0.0000,0.1871,2.953197
535,soldier,driving_B_2019.12.16_12.27.05.csv,train/driving_B_2019.12.16_12.27.05.csv#block-000@time-960.000s,block-000,960.000,81.1444,81.14,81.14,0.0000,0.1855,3.003261
536,longdress,driving_B_2019.12.17_07.32.39.csv,train/driving_B_2019.12.17_07.32.39.csv#block-000@time-840.000s,block-000,840.000,10.2495,10.25,10.25,0.0000,0.1840,2.840086
537,loot,driving_B_2020.02.14_09.38.22.csv,train/driving_B_2020.02.14_09.38.22.csv#block-000@time-720.000s,block-000,720.000,83.1700,83.17,83.17,2.2133,0.1825,3.068514
538,redandblack,driving_B_2020.02.14_09.38.22.csv,train/driving_B_2020.02.14_09.38.22.csv#block-000@time-840.000s,block-000,840.000,-6.0820,-6.08,-6.08,0.0000,0.1810,3.133491
539,soldier,driving_B_2020.02.14_12.58.17.csv,train/driving_B_2020.02.14_12.58.17.csv#block-002@time-536.000s,block-002,536.000,-202.7890,-202.79,-202.79,0.0000,0.1795,3.283656
540,longdress,driving_B_2019.12.16_12.27.05.csv,train/driving_B_2019.12.16_12.27.05.csv#block-000@time-1080.000s,block-000,1080.000,70.3337,70.33,70.33,0.0000,0.1779,3.074852
541,loot,static_B_2020.02.27_18.39.27.csv,train/static_B_2020.02.27_18.39.27.csv#block-001@time-1812.000s,block-001,1812.000,57.4628,57.46,57.46,0.0000,0.1764,2.903819
542,redandblack,driving_B_2020.01.16_07.26.43.csv,train/driving_B_2020.01.16_07.26.43.csv#block-000@time-600.000s,block-000,600.000,27.8906,27.89,27.89,0.0000,0.1749,2.831758
543,soldier,static_B_2019.12.16_13.40.04.csv,train/static_B_2019.12.16_13.40.04.csv#block-001@time-775.000s,block-001,775.000,79.4919,79.49,79.49,0.4865,0.1734,3.074667
544,longdress,driving_B_2020.02.14_09.38.22.csv,train/driving_B_2020.02.14_09.38.22.csv#block-000@time-960.000s,block-000,960.000,61.6457,61.65,61.65,0.0000,0.1718,3.061212
545,loot,driving_B_2019.12.17_07.32.39.csv,train/driving_B_2019.12.17_07.32.39.csv#block-000@time-0.000s,block-000,0.000,39.2331,39.23,39.23,0.0000,0.1703,3.064840
546,redandblack,static_B_2020.02.14_13.21.26.csv,train/static_B_2020.02.14_13.21.26.csv#block-000@time-240.000s,block-000,240.000,69.1890,69.19,69.19,0.9046,0.1688,2.888982
547,soldier,driving_B_2020.02.27_17.30.15.csv,train/driving_B_2020.02.27_17.30.15.csv#block-002@time-413.000s,block-002,413.000,-65.8146,-65.81,-65.81,0.0000,0.1673,3.036530
548,longdress,static_B_2019.12.16_13.40.04.csv,train/static_B_2019.12.16_13.40.04.csv#block-001@time-835.000s,block-001,835.000,81.1349,81.13,81.13,0.0262,0.1658,2.917071
549,loot,driving_B_2020.02.13_13.03.24.csv,train/driving_B_2020.02.13_13.03.24.csv#block-001@time-1994.000s,block-001,1994.000,72.5050,72.51,72.51,0.0000,0.1642,2.899352
550,redandblack,driving_B_2020.01.16_09.56.56.csv,train/driving_B_2020.01.16_09.56.56.csv#block-001@time-519.000s,block-001,519.000,42.8498,42.85,42.85,0.0000,0.1627,2.865869
551,soldier,driving_B_2019.12.17_07.32.39.csv,train/driving_B_2019.12.17_07.32.39.csv#block-000@time-1380.000s,block-000,1380.000,43.1031,43.10,43.10,0.0000,0.1612,2.806041
552,longdress,driving_B_2020.02.14_12.58.17.csv,train/driving_B_2020.02.14_12.58.17.csv#block-002@time-656.000s,block-002,656.000,22.7994,22.80,22.80,0.0000,0.1597,3.037392
553,loot,driving_B_2020.02.13_13.03.24.csv,train/driving_B_2020.02.13_13.03.24.csv#block-001@time-1754.000s,block-001,1754.000,24.2215,24.22,24.22,0.0000,0.1581,3.046651
554,redandblack,static_B_2020.02.27_18.39.27.csv,train/static_B_2020.02.27_18.39.27.csv#block-001@time-3432.000s,block-001,3432.000,52.5460,52.55,52.55,0.0000,0.1566,2.799274
555,soldier,driving_B_2020.01.16_07.26.43.csv,train/driving_B_2020.01.16_07.26.43.csv#block-000@time-1500.000s,block-000,1500.000,7.9996,8.00,8.00,0.0000,0.1551,3.356989
556,longdress,static_B_2020.02.27_18.39.27.csv,train/static_B_2020.02.27_18.39.27.csv#block-001@time-5892.000s,block-001,5892.000,78.3345,78.33,78.33,0.0000,0.1536,2.989323
557,loot,driving_B_2020.02.14_12.58.17.csv,train/driving_B_2020.02.14_12.58.17.csv#block-002@time-656.000s,block-002,656.000,53.1030,53.10,53.10,0.0000,0.1521,3.311803
558,redandblack,driving_B_2020.02.13_15.02.01.csv,train/driving_B_2020.02.13_15.02.01.csv#block-000@time-240.000s,block-000,240.000,73.7818,73.78,73.78,0.0000,0.1505,3.078561
559,soldier,driving_B_2020.02.13_13.03.24.csv,train/driving_B_2020.02.13_13.03.24.csv#block-000@time-0.000s,block-000,0.000,6.5476,6.55,6.55,0.0000,0.1490,3.290609
560,longdress,driving_B_2020.02.14_09.38.22.csv,train/driving_B_2020.02.14_09.38.22.csv#block-000@time-1020.000s,block-000,1020.000,78.1950,78.20,78.20,0.0000,0.1475,3.176815
561,loot,driving_B_2019.12.17_07.32.39.csv,train/driving_B_2019.12.17_07.32.39.csv#block-000@time-1140.000s,block-000,1140.000,47.4375,47.44,47.44,0.0000,0.1460,3.017023
562,redandblack,driving_B_2020.02.13_13.03.24.csv,train/driving_B_2020.02.13_13.03.24.csv#block-000@time-120.000s,block-000,120.000,29.7482,29.75,29.75,0.0000,0.1444,3.116473
563,soldier,driving_B_2020.01.16_07.26.43.csv,train/driving_B_2020.01.16_07.26.43.csv#block-000@time-840.000s,block-000,840.000,32.9267,32.93,32.93,0.0000,0.1429,3.136882
564,longdress,driving_B_2020.01.16_09.56.56.csv,train/driving_B_2020.01.16_09.56.56.csv#block-001@time-1659.000s,block-001,1659.000,85.7535,85.75,85.75,0.0000,0.1414,2.910959
565,loot,driving_B_2019.12.16_12.27.05.csv,train/driving_B_2019.12.16_12.27.05.csv#block-000@time-660.000s,block-000,660.000,-44.4233,-44.42,-44.42,0.0000,0.1399,3.161732
566,redandblack,driving_B_2020.01.16_07.26.43.csv,train/driving_B_2020.01.16_07.26.43.csv#block-000@time-120.000s,block-000,120.000,29.8021,29.80,29.80,0.0000,0.1384,3.004180
567,soldier,driving_B_2020.01.16_07.26.43.csv,train/driving_B_2020.01.16_07.26.43.csv#block-000@time-660.000s,block-000,660.000,-1.1583,-1.16,-1.16,0.0000,0.1368,2.907786
568,longdress,static_B_2019.12.16_13.40.04.csv,train/static_B_2019.12.16_13.40.04.csv#block-005@time-1706.000s,block-005,1706.000,54.7694,54.77,54.77,0.0000,0.1353,3.062466
569,loot,driving_B_2020.02.13_13.03.24.csv,train/driving_B_2020.02.13_13.03.24.csv#block-000@time-60.000s,block-000,60.000,34.5063,34.51,34.51,0.0000,0.1338,3.043798
570,redandblack,static_B_2020.02.14_13.21.26.csv,train/static_B_2020.02.14_13.21.26.csv#block-000@time-0.000s,block-000,0.000,51.1942,51.19,51.19,0.0000,0.1323,3.161894
571,soldier,driving_B_2020.02.27_17.30.15.csv,train/driving_B_2020.02.27_17.30.15.csv#block-002@time-533.000s,block-002,533.000,-89.8884,-89.89,-89.89,0.0000,0.1307,3.016084
572,longdress,driving_B_2019.12.16_12.27.05.csv,train/driving_B_2019.12.16_12.27.05.csv#block-000@time-600.000s,block-000,600.000,19.2409,19.24,19.24,0.0000,0.1292,3.180956
573,loot,driving_B_2020.01.16_09.56.56.csv,train/driving_B_2020.01.16_09.56.56.csv#block-001@time-1239.000s,block-001,1239.000,51.0666,51.07,51.07,0.0000,0.1277,3.056759
574,redandblack,static_B_2020.02.14_13.21.26.csv,train/static_B_2020.02.14_13.21.26.csv#block-000@time-600.000s,block-000,600.000,75.4555,75.46,75.46,1.5761,0.1262,3.204984
575,soldier,driving_B_2020.01.16_12.10.03.csv,train/driving_B_2020.01.16_12.10.03.csv#block-000@time-240.000s,block-000,240.000,74.2160,74.22,74.22,0.2335,0.1247,2.986695
576,longdress,driving_B_2019.12.16_12.27.05.csv,train/driving_B_2019.12.16_12.27.05.csv#block-000@time-480.000s,block-000,480.000,8.6586,8.66,8.66,0.0000,0.1231,3.088837
577,loot,driving_B_2020.02.13_15.02.01.csv,train/driving_B_2020.02.13_15.02.01.csv#block-000@time-1860.000s,block-000,1860.000,21.3851,21.39,21.39,0.0000,0.1216,3.044273
578,redandblack,driving_B_2020.01.16_07.26.43.csv,train/driving_B_2020.01.16_07.26.43.csv#block-000@time-1860.000s,block-000,1860.000,21.1651,21.17,21.17,0.0000,0.1201,3.431976
579,soldier,driving_B_2019.12.17_07.32.39.csv,train/driving_B_2019.12.17_07.32.39.csv#block-000@time-600.000s,block-000,600.000,30.7538,30.75,30.75,0.0000,0.1186,3.282067
580,longdress,driving_B_2019.12.16_12.27.05.csv,train/driving_B_2019.12.16_12.27.05.csv#block-000@time-1200.000s,block-000,1200.000,15.3577,15.36,15.36,0.0000,0.1170,3.383371
581,loot,driving_B_2020.01.16_09.56.56.csv,train/driving_B_2020.01.16_09.56.56.csv#block-001@time-819.000s,block-001,819.000,83.2472,83.25,83.25,0.7688,0.1155,3.271373
582,redandblack,driving_B_2020.02.13_13.03.24.csv,train/driving_B_2020.02.13_13.03.24.csv#block-001@time-1934.000s,block-001,1934.000,-15.0492,-15.05,-15.05,0.0000,0.1140,3.252120
583,soldier,static_B_2020.02.14_13.21.26.csv,train/static_B_2020.02.14_13.21.26.csv#block-000@time-780.000s,block-000,780.000,69.2041,69.20,69.20,0.0000,0.1125,3.244283
584,longdress,driving_B_2020.01.16_07.26.43.csv,train/driving_B_2020.01.16_07.26.43.csv#block-000@time-420.000s,block-000,420.000,30.2124,30.21,30.21,0.0000,0.1109,3.187234
585,loot,driving_B_2019.12.16_12.27.05.csv,train/driving_B_2019.12.16_12.27.05.csv#block-000@time-1140.000s,block-000,1140.000,59.3246,59.32,59.32,0.0000,0.1094,3.415299
586,redandblack,static_B_2020.02.27_18.39.27.csv,train/static_B_2020.02.27_18.39.27.csv#block-001@time-6252.000s,block-001,6252.000,70.9227,70.92,70.92,0.8120,0.1079,3.031679
587,soldier,driving_B_2020.01.16_07.26.43.csv,train/driving_B_2020.01.16_07.26.43.csv#block-000@time-540.000s,block-000,540.000,12.3127,12.31,12.31,0.0000,0.1064,3.171970
588,longdress,driving_B_2020.02.13_13.03.24.csv,train/driving_B_2020.02.13_13.03.24.csv#block-001@time-1394.000s,block-001,1394.000,27.8814,27.88,27.88,0.0000,0.1049,2.894788
589,loot,static_B_2019.12.16_13.40.04.csv,train/static_B_2019.12.16_13.40.04.csv#block-000@time-120.000s,block-000,120.000,81.8202,81.82,81.82,0.3255,0.1033,3.141731
590,redandblack,static_B_2020.02.14_13.21.26.csv,train/static_B_2020.02.14_13.21.26.csv#block-000@time-960.000s,block-000,960.000,48.8607,48.86,48.86,0.0000,0.1018,2.863791
591,soldier,static_B_2020.02.27_18.39.27.csv,train/static_B_2020.02.27_18.39.27.csv#block-001@time-6072.000s,block-001,6072.000,84.0649,84.06,84.06,0.0000,0.1003,2.820054
592,longdress,driving_B_2020.02.14_09.38.22.csv,train/driving_B_2020.02.14_09.38.22.csv#block-000@time-1020.000s,block-000,1020.000,78.9351,78.94,78.94,0.0000,0.0988,2.804256
593,loot,driving_B_2019.12.17_07.32.39.csv,train/driving_B_2019.12.17_07.32.39.csv#block-003@time-1714.000s,block-003,1714.000,17.7427,17.74,17.74,0.0000,0.0972,3.047490
594,redandblack,static_B_2020.02.14_13.21.26.csv,train/static_B_2020.02.14_13.21.26.csv#block-000@time-480.000s,block-000,480.000,75.5743,75.57,75.57,1.2199,0.0957,3.168240
595,soldier,driving_B_2020.01.16_09.56.56.csv,train/driving_B_2020.01.16_09.56.56.csv#block-000@time-180.000s,block-000,180.000,39.0338,39.03,39.03,0.0000,0.0942,2.938977
596,longdress,driving_B_2020.01.16_12.10.03.csv,train/driving_B_2020.01.16_12.10.03.csv#block-000@time-60.000s,block-000,60.000,38.8715,38.87,38.87,0.0000,0.0927,3.058989
597,loot,driving_B_2020.01.16_07.26.43.csv,train/driving_B_2020.01.16_07.26.43.csv#block-000@time-240.000s,block-000,240.000,43.8388,43.84,43.84,0.0000,0.0912,2.969370
598,redandblack,driving_B_2020.02.14_12.58.17.csv,train/driving_B_2020.02.14_12.58.17.csv#block-002@time-536.000s,block-002,536.000,-3.4693,-3.47,-3.47,0.0000,0.0896,3.057648
599,soldier,driving_B_2020.01.16_12.10.03.csv,train/driving_B_2020.01.16_12.10.03.csv#block-000@time-60.000s,block-000,60.000,40.3105,40.31,40.31,0.0000,0.0881,2.802597
600,longdress,driving_B_2020.01.16_09.56.56.csv,train/driving_B_2020.01.16_09.56.56.csv#block-001@time-1419.000s,block-001,1419.000,45.4385,45.44,45.44,0.0000,0.0866,2.926095
601,loot,driving_B_2020.01.16_12.10.03.csv,train/driving_B_2020.01.16_12.10.03.csv#block-000@time-120.000s,block-000,120.000,68.6363,68.64,68.64,1.6052,0.0851,2.863839
602,redandblack,driving_B_2020.01.16_07.26.43.csv,train/driving_B_2020.01.16_07.26.43.csv#block-000@time-180.000s,block-000,180.000,-145.7048,-145.70,-145.70,0.0000,0.0835,2.699037
603,soldier,static_B_2020.02.27_18.39.27.csv,train/static_B_2020.02.27_18.39.27.csv#block-001@time-912.000s,block-001,912.000,63.5671,63.57,63.57,0.0000,0.0820,2.938163
604,longdress,driving_B_2020.02.14_09.38.22.csv,train/driving_B_2020.02.14_09.38.22.csv#block-000@time-180.000s,block-000,180.000,-16.6919,-16.69,-16.69,0.0000,0.0805,3.176763
605,loot,driving_B_2020.02.14_09.38.22.csv,train/driving_B_2020.02.14_09.38.22.csv#block-000@time-120.000s,block-000,120.000,32.3465,32.35,32.35,0.0000,0.0790,3.405239
606,redandblack,static_B_2020.02.27_18.39.27.csv,train/static_B_2020.02.27_18.39.27.csv#block-001@time-4572.000s,block-001,4572.000,47.9941,47.99,47.99,0.0000,0.0775,3.171652
607,soldier,static_B_2019.12.16_13.40.04.csv,train/static_B_2019.12.16_13.40.04.csv#block-000@time-60.000s,block-000,60.000,45.8902,45.89,45.89,0.0000,0.0759,3.193401
608,longdress,driving_B_2020.02.27_17.30.15.csv,train/driving_B_2020.02.27_17.30.15.csv#block-002@time-413.000s,block-002,413.000,24.8887,24.89,24.89,0.0000,0.0744,3.105039
609,loot,driving_B_2020.01.16_07.26.43.csv,train/driving_B_2020.01.16_07.26.43.csv#block-000@time-1680.000s,block-000,1680.000,33.8794,33.88,33.88,0.0000,0.0729,3.250152
610,redandblack,static_B_2020.02.27_18.39.27.csv,train/static_B_2020.02.27_18.39.27.csv#block-001@time-5412.000s,block-001,5412.000,73.6728,73.67,73.67,0.0000,0.0714,3.022522
611,soldier,static_B_2020.02.27_18.39.27.csv,train/static_B_2020.02.27_18.39.27.csv#block-001@time-4632.000s,block-001,4632.000,76.0262,76.03,76.03,0.0000,0.0698,3.224605
612,longdress,static_B_2020.02.14_13.21.26.csv,train/static_B_2020.02.14_13.21.26.csv#block-000@time-600.000s,block-000,600.000,79.8909,79.89,79.89,0.0000,0.0683,3.006602
613,loot,static_B_2020.02.14_13.21.26.csv,train/static_B_2020.02.14_13.21.26.csv#block-000@time-1080.000s,block-000,1080.000,86.2448,86.24,86.24,0.2750,0.0668,3.293836
614,redandblack,driving_B_2020.01.16_12.10.03.csv,train/driving_B_2020.01.16_12.10.03.csv#block-000@time-360.000s,block-000,360.000,61.1122,61.11,61.11,0.0000,0.0653,3.241578
615,soldier,driving_B_2019.12.17_07.32.39.csv,train/driving_B_2019.12.17_07.32.39.csv#block-000@time-960.000s,block-000,960.000,32.0472,32.05,32.05,0.0000,0.0638,3.030069
616,longdress,driving_B_2020.02.27_17.30.15.csv,train/driving_B_2020.02.27_17.30.15.csv#block-002@time-293.000s,block-002,293.000,-207.8723,-207.87,-207.87,0.0000,0.0622,3.120445
617,loot,driving_B_2020.01.16_09.56.56.csv,train/driving_B_2020.01.16_09.56.56.csv#block-001@time-1359.000s,block-001,1359.000,35.8848,35.88,35.88,0.0000,0.0607,2.967542
618,redandblack,static_B_2020.02.27_18.39.27.csv,train/static_B_2020.02.27_18.39.27.csv#block-001@time-612.000s,block-001,612.000,48.1134,48.11,48.11,0.0000,0.0592,3.185207
619,soldier,driving_B_2020.01.16_07.26.43.csv,train/driving_B_2020.01.16_07.26.43.csv#block-000@time-1320.000s,block-000,1320.000,31.0343,31.03,31.03,0.0000,0.0577,3.248303
620,longdress,static_B_2019.12.16_13.40.04.csv,train/static_B_2019.12.16_13.40.04.csv#block-005@time-1886.000s,block-005,1886.000,52.4941,52.49,52.49,0.0000,0.0561,3.115622
621,loot,static_B_2020.02.27_18.39.27.csv,train/static_B_2020.02.27_18.39.27.csv#block-001@time-2592.000s,block-001,2592.000,69.5957,69.60,69.60,0.0000,0.0546,3.135278
622,redandblack,driving_B_2020.01.16_07.26.43.csv,train/driving_B_2020.01.16_07.26.43.csv#block-000@time-1200.000s,block-000,1200.000,54.8070,54.81,54.81,0.0000,0.0531,3.184206
623,soldier,static_B_2020.02.14_13.21.26.csv,train/static_B_2020.02.14_13.21.26.csv#block-000@time-360.000s,block-000,360.000,81.3925,81.39,81.39,0.0000,0.0516,3.051861
624,longdress,driving_B_2019.12.16_12.27.05.csv,train/driving_B_2019.12.16_12.27.05.csv#block-000@time-360.000s,block-000,360.000,31.4468,31.45,31.45,0.0000,0.0501,3.058462
625,loot,static_B_2020.02.14_13.21.26.csv,train/static_B_2020.02.14_13.21.26.csv#block-000@time-420.000s,block-000,420.000,74.0587,74.06,74.06,0.0000,0.0500,3.041005
626,redandblack,driving_B_2020.02.14_09.38.22.csv,train/driving_B_2020.02.14_09.38.22.csv#block-000@time-300.000s,block-000,300.000,31.0503,31.05,31.05,0.0000,0.0500,3.079572
627,soldier,driving_B_2020.02.27_17.30.15.csv,train/driving_B_2020.02.27_17.30.15.csv#block-002@time-353.000s,block-002,353.000,-21.8540,-21.85,-21.85,0.0000,0.0500,3.242972
628,longdress,static_B_2020.02.14_13.21.26.csv,train/static_B_2020.02.14_13.21.26.csv#block-000@time-60.000s,block-000,60.000,83.1929,83.19,83.19,0.0000,0.0500,3.142858
629,loot,driving_B_2019.12.16_12.27.05.csv,train/driving_B_2019.12.16_12.27.05.csv#block-000@time-360.000s,block-000,360.000,24.7438,24.74,24.74,0.0000,0.0500,3.223785
630,redandblack,driving_B_2020.01.16_07.26.43.csv,train/driving_B_2020.01.16_07.26.43.csv#block-000@time-1140.000s,block-000,1140.000,53.9303,53.93,53.93,0.0000,0.0500,2.892955
631,soldier,driving_B_2020.02.27_17.30.15.csv,train/driving_B_2020.02.27_17.30.15.csv#block-002@time-533.000s,block-002,533.000,-14.3080,-14.31,-14.31,0.0000,0.0500,3.049767
632,longdress,driving_B_2020.02.27_17.30.15.csv,train/driving_B_2020.02.27_17.30.15.csv#block-002@time-413.000s,block-002,413.000,29.8204,29.82,29.82,0.0000,0.0500,3.329061
633,loot,driving_B_2020.01.16_09.56.56.csv,train/driving_B_2020.01.16_09.56.56.csv#block-001@time-999.000s,block-001,999.000,37.5502,37.55,37.55,0.0000,0.0500,3.178978
634,redandblack,driving_B_2020.02.13_15.02.01.csv,train/driving_B_2020.02.13_15.02.01.csv#block-000@time-2460.000s,block-000,2460.000,80.5920,80.59,80.59,0.0000,0.0500,2.963626
635,soldier,static_B_2020.02.27_18.39.27.csv,train/static_B_2020.02.27_18.39.27.csv#block-001@time-5832.000s,block-001,5832.000,82.3370,82.34,82.34,0.5859,0.0500,3.070621
636,longdress,driving_B_2019.12.16_12.27.05.csv,train/driving_B_2019.12.16_12.27.05.csv#block-000@time-120.000s,block-000,120.000,55.2286,55.23,55.23,0.0000,0.0500,3.096158
637,loot,driving_B_2019.12.16_12.27.05.csv,train/driving_B_2019.12.16_12.27.05.csv#block-000@time-1020.000s,block-000,1020.000,81.5870,81.59,81.59,0.0000,0.0500,3.163587
638,redandblack,driving_B_2020.02.13_15.02.01.csv,train/driving_B_2020.02.13_15.02.01.csv#block-000@time-1500.000s,block-000,1500.000,8.5792,8.58,8.58,0.0000,0.0500,3.264668
639,soldier,driving_B_2020.02.27_17.30.15.csv,train/driving_B_2020.02.27_17.30.15.csv#block-002@time-353.000s,block-002,353.000,-80.6340,-80.63,-80.63,0.0000,0.0500,3.091957
640,longdress,driving_B_2020.02.27_17.30.15.csv,train/driving_B_2020.02.27_17.30.15.csv#block-002@time-413.000s,block-002,413.000,29.8168,29.82,29.82,0.0000,0.0500,3.059733
641,loot,driving_B_2019.12.17_07.32.39.csv,train/driving_B_2019.12.17_07.32.39.csv#block-000@time-300.000s,block-000,300.000,52.3507,52.35,52.35,0.0000,0.0500,2.929550
642,redandblack,driving_B_2020.02.14_09.38.22.csv,train/driving_B_2020.02.14_09.38.22.csv#block-000@time-600.000s,block-000,600.000,52.3738,52.37,52.37,0.0000,0.0500,2.986799
643,soldier,driving_B_2020.01.16_09.56.56.csv,train/driving_B_2020.01.16_09.56.56.csv#block-001@time-819.000s,block-001,819.000,55.7233,55.72,55.72,0.0000,0.0500,2.941691
644,longdress,driving_B_2020.01.16_09.56.56.csv,train/driving_B_2020.01.16_09.56.56.csv#block-000@time-60.000s,block-000,60.000,24.4467,24.45,24.45,0.0000,0.0500,3.034100
645,loot,static_B_2020.02.14_13.21.26.csv,train/static_B_2020.02.14_13.21.26.csv#block-000@time-0.000s,block-000,0.000,47.3367,47.34,47.34,0.0000,0.0500,2.991508
646,redandblack,driving_B_2020.02.13_15.02.01.csv,train/driving_B_2020.02.13_15.02.01.csv#block-000@time-2100.000s,block-000,2100.000,27.5745,27.57,27.57,0.0000,0.0500,3.026512
647,soldier,driving_B_2019.12.16_12.27.05.csv,train/driving_B_2019.12.16_12.27.05.csv#block-000@time-900.000s,block-000,900.000,82.9404,82.94,82.94,0.0000,0.0500,2.953300
648,longdress,driving_B_2019.12.16_12.27.05.csv,train/driving_B_2019.12.16_12.27.05.csv#block-000@time-1260.000s,block-000,1260.000,80.9193,80.92,80.92,0.0778,0.0500,3.167532
649,loot,driving_B_2020.01.16_09.56.56.csv,train/driving_B_2020.01.16_09.56.56.csv#block-001@time-759.000s,block-001,759.000,39.8257,39.83,39.83,0.0000,0.0500,2.965533
650,redandblack,driving_B_2020.02.14_12.58.17.csv,train/driving_B_2020.02.14_12.58.17.csv#block-000@time-0.000s,block-000,0.000,40.2877,40.29,40.29,0.0000,0.0500,2.971657
651,soldier,static_B_2020.02.27_18.39.27.csv,train/static_B_2020.02.27_18.39.27.csv#block-001@time-6612.000s,block-001,6612.000,81.2307,81.23,81.23,0.0000,0.0500,2.933396
652,longdress,driving_B_2020.01.16_09.56.56.csv,train/driving_B_2020.01.16_09.56.56.csv#block-001@time-579.000s,block-001,579.000,59.6670,59.67,59.67,0.0000,0.0500,3.176488
653,loot,driving_B_2020.02.14_12.58.17.csv,train/driving_B_2020.02.14_12.58.17.csv#block-002@time-716.000s,block-002,716.000,42.5574,42.56,42.56,0.0000,0.0500,3.140837
654,redandblack,driving_B_2019.12.17_07.32.39.csv,train/driving_B_2019.12.17_07.32.39.csv#block-000@time-60.000s,block-000,60.000,42.2007,42.20,42.20,0.0000,0.0500,2.878309
655,soldier,driving_B_2020.01.16_07.26.43.csv,train/driving_B_2020.01.16_07.26.43.csv#block-000@time-1800.000s,block-000,1800.000,23.7288,23.73,23.73,0.0000,0.0500,3.431560
656,longdress,driving_B_2020.01.16_12.10.03.csv,train/driving_B_2020.01.16_12.10.03.csv#block-000@time-180.000s,block-000,180.000,80.9771,80.98,80.98,0.0000,0.0500,3.466387
657,loot,driving_B_2020.02.13_15.02.01.csv,train/driving_B_2020.02.13_15.02.01.csv#block-000@time-2280.000s,block-000,2280.000,53.5323,53.53,53.53,0.0000,0.0500,3.336609
658,redandblack,driving_B_2020.01.16_07.26.43.csv,train/driving_B_2020.01.16_07.26.43.csv#block-000@time-480.000s,block-000,480.000,32.2915,32.29,32.29,0.0000,0.0500,3.342990
659,soldier,driving_B_2019.12.16_12.27.05.csv,train/driving_B_2019.12.16_12.27.05.csv#block-000@time-1200.000s,block-000,1200.000,22.5030,22.50,22.50,0.0000,0.0500,3.183931
660,longdress,driving_B_2019.12.16_12.27.05.csv,train/driving_B_2019.12.16_12.27.05.csv#block-000@time-780.000s,block-000,780.000,31.9316,31.93,31.93,0.0000,0.0500,3.126975
661,loot,driving_B_2020.02.14_12.58.17.csv,train/driving_B_2020.02.14_12.58.17.csv#block-002@time-536.000s,block-002,536.000,-33.3293,-33.33,-33.33,0.0000,0.0500,3.380732
662,redandblack,driving_B_2019.12.16_12.27.05.csv,train/driving_B_2019.12.16_12.27.05.csv#block-000@time-780.000s,block-000,780.000,52.2989,52.30,52.30,0.0000,0.0500,3.361723
663,soldier,driving_B_2019.12.17_07.32.39.csv,train/driving_B_2019.12.17_07.32.39.csv#block-003@time-1594.000s,block-003,1594.000,31.9710,31.97,31.97,0.0000,0.0500,3.216186
664,longdress,driving_B_2020.01.16_09.56.56.csv,train/driving_B_2020.01.16_09.56.56.csv#block-001@time-1719.000s,block-001,1719.000,37.5366,37.54,37.54,0.0000,0.0500,3.202958
665,loot,static_B_2020.02.27_18.39.27.csv,train/static_B_2020.02.27_18.39.27.csv#block-001@time-2772.000s,block-001,2772.000,85.3106,85.31,85.31,1.1883,0.0500,3.228250
666,redandblack,driving_B_2019.12.16_12.27.05.csv,train/driving_B_2019.12.16_12.27.05.csv#block-000@time-300.000s,block-000,300.000,34.9541,34.95,34.95,0.0000,0.0500,3.222580
667,soldier,driving_B_2020.01.16_12.10.03.csv,train/driving_B_2020.01.16_12.10.03.csv#block-000@time-360.000s,block-000,360.000,64.5586,64.56,64.56,0.0000,0.0500,3.362995
668,longdress,driving_B_2020.02.27_17.30.15.csv,train/driving_B_2020.02.27_17.30.15.csv#block-002@time-353.000s,block-002,353.000,-16.4750,-16.47,-16.47,0.0000,0.0500,3.324113
669,loot,driving_B_2020.02.14_09.38.22.csv,train/driving_B_2020.02.14_09.38.22.csv#block-000@time-1140.000s,block-000,1140.000,31.7039,31.70,31.70,0.0000,0.0500,3.006272
670,redandblack,driving_B_2020.02.14_09.38.22.csv,train/driving_B_2020.02.14_09.38.22.csv#block-000@time-900.000s,block-000,900.000,25.2514,25.25,25.25,0.0000,0.0500,3.337708
671,soldier,driving_B_2019.12.17_07.32.39.csv,train/driving_B_2019.12.17_07.32.39.csv#block-003@time-2014.000s,block-003,2014.000,15.5241,15.52,15.52,0.0000,0.0500,3.100712
672,longdress,driving_B_2020.02.13_13.03.24.csv,train/driving_B_2020.02.13_13.03.24.csv#block-000@time-540.000s,block-000,540.000,27.9214,27.92,27.92,0.0000,0.0500,3.398320
673,loot,driving_B_2020.01.16_12.10.03.csv,train/driving_B_2020.01.16_12.10.03.csv#block-000@time-240.000s,block-000,240.000,84.9708,84.97,84.97,1.0538,0.0500,3.265882
674,redandblack,driving_B_2020.02.13_13.03.24.csv,train/driving_B_2020.02.13_13.03.24.csv#block-000@time-360.000s,block-000,360.000,29.0239,29.02,29.02,0.0000,0.0500,2.995033
675,soldier,driving_B_2020.02.14_12.58.17.csv,train/driving_B_2020.02.14_12.58.17.csv#block-002@time-536.000s,block-002,536.000,-83.3951,-83.40,-83.40,0.0000,0.0500,2.930192
676,longdress,static_B_2020.02.14_13.21.26.csv,train/static_B_2020.02.14_13.21.26.csv#block-000@time-60.000s,block-000,60.000,82.9181,82.92,82.92,0.0000,0.0500,3.044499
677,loot,driving_B_2020.02.13_15.02.01.csv,train/driving_B_2020.02.13_15.02.01.csv#block-000@time-360.000s,block-000,360.000,70.8378,70.84,70.84,0.0000,0.0500,3.222354
678,redandblack,driving_B_2020.02.13_13.03.24.csv,train/driving_B_2020.02.13_13.03.24.csv#block-000@time-240.000s,block-000,240.000,27.3914,27.39,27.39,0.0000,0.0500,3.445957
679,soldier,driving_B_2020.02.14_12.58.17.csv,train/driving_B_2020.02.14_12.58.17.csv#block-002@time-716.000s,block-002,716.000,13.5448,13.54,13.54,0.0000,0.0500,3.205749
680,longdress,driving_B_2020.02.14_12.58.17.csv,train/driving_B_2020.02.14_12.58.17.csv#block-002@time-656.000s,block-002,656.000,48.7988,48.80,48.80,0.0000,0.0500,3.037313
681,loot,driving_B_2020.02.13_13.03.24.csv,train/driving_B_2020.02.13_13.03.24.csv#block-001@time-1874.000s,block-001,1874.000,12.7596,12.76,12.76,0.0000,0.0500,3.289439
682,redandblack,static_B_2019.12.16_13.40.04.csv,train/static_B_2019.12.16_13.40.04.csv#block-001@time-1015.000s,block-001,1015.000,46.7143,46.71,46.71,0.0000,0.0500,3.035325
683,soldier,static_B_2019.12.16_13.40.04.csv,train/static_B_2019.12.16_13.40.04.csv#block-005@time-1526.000s,block-005,1526.000,53.0291,53.03,53.03,0.0000,0.0500,3.210542
684,longdress,driving_B_2020.02.14_12.58.17.csv,train/driving_B_2020.02.14_12.58.17.csv#block-000@time-0.000s,block-000,0.000,33.4651,33.47,33.47,0.0000,0.0500,3.295625
685,loot,driving_B_2020.02.13_15.02.01.csv,train/driving_B_2020.02.13_15.02.01.csv#block-000@time-2160.000s,block-000,2160.000,61.4046,61.40,61.40,0.0000,0.0500,3.293121
686,redandblack,driving_B_2020.01.16_12.10.03.csv,train/driving_B_2020.01.16_12.10.03.csv#block-000@time-120.000s,block-000,120.000,88.2540,88.25,88.25,1.0355,0.0500,3.253445
687,soldier,driving_B_2019.12.17_07.32.39.csv,train/driving_B_2019.12.17_07.32.39.csv#block-004@time-2537.000s,block-004,2537.000,76.7262,76.73,76.73,0.2871,0.0500,3.202192
688,longdress,driving_B_2020.01.16_07.26.43.csv,train/driving_B_2020.01.16_07.26.43.csv#block-000@time-720.000s,block-000,720.000,19.3852,19.39,19.39,0.0000,0.0500,3.316599
689,loot,driving_B_2020.02.13_15.02.01.csv,train/driving_B_2020.02.13_15.02.01.csv#block-000@time-2040.000s,block-000,2040.000,85.2804,85.28,85.28,0.0000,0.0500,3.344766
690,redandblack,driving_B_2020.01.16_12.10.03.csv,train/driving_B_2020.01.16_12.10.03.csv#block-000@time-60.000s,block-000,60.000,54.0293,54.03,54.03,0.0000,0.0500,3.210473
691,soldier,driving_B_2020.02.27_17.30.15.csv,train/driving_B_2020.02.27_17.30.15.csv#block-002@time-293.000s,block-002,293.000,-154.8316,-154.83,-154.83,0.0000,0.0500,3.200358
692,longdress,driving_B_2020.02.14_12.58.17.csv,train/driving_B_2020.02.14_12.58.17.csv#block-002@time-716.000s,block-002,716.000,32.1135,32.11,32.11,0.0000,0.0500,3.331345
693,loot,driving_B_2020.02.14_09.38.22.csv,train/driving_B_2020.02.14_09.38.22.csv#block-000@time-1080.000s,block-000,1080.000,84.9763,84.98,84.98,1.3369,0.0500,3.180592
694,redandblack,driving_B_2020.02.14_12.58.17.csv,train/driving_B_2020.02.14_12.58.17.csv#block-000@time-0.000s,block-000,0.000,38.5281,38.53,38.53,0.0000,0.0500,2.998492
695,soldier,static_B_2020.02.14_13.21.26.csv,train/static_B_2020.02.14_13.21.26.csv#block-000@time-300.000s,block-000,300.000,47.4499,47.45,47.45,0.0000,0.0500,3.403459
696,longdress,driving_B_2020.02.13_15.02.01.csv,train/driving_B_2020.02.13_15.02.01.csv#block-000@time-0.000s,block-000,0.000,70.8719,70.87,70.87,0.0000,0.0500,3.178221
697,loot,driving_B_2020.02.13_13.03.24.csv,train/driving_B_2020.02.13_13.03.24.csv#block-000@time-420.000s,block-000,420.000,22.2479,22.25,22.25,0.0000,0.0500,3.019842
698,redandblack,static_B_2019.12.16_13.40.04.csv,train/static_B_2019.12.16_13.40.04.csv#block-001@time-655.000s,block-001,655.000,64.2897,64.29,64.29,0.0000,0.0500,3.243860
699,soldier,driving_B_2020.01.16_09.56.56.csv,train/driving_B_2020.01.16_09.56.56.csv#block-001@time-1119.000s,block-001,1119.000,84.5373,84.54,84.54,0.1439,0.0500,3.183337
700,longdress,driving_B_2019.12.17_07.32.39.csv,train/driving_B_2019.12.17_07.32.39.csv#block-003@time-1534.000s,block-003,1534.000,48.8679,48.87,48.87,0.0000,0.0500,3.103091
701,loot,static_B_2020.02.14_13.21.26.csv,train/static_B_2020.02.14_13.21.26.csv#block-000@time-180.000s,block-000,180.000,81.5872,81.59,81.59,0.4577,0.0500,3.126832
702,redandblack,driving_B_2020.02.14_12.58.17.csv,train/driving_B_2020.02.14_12.58.17.csv#block-000@time-0.000s,block-000,0.000,40.3031,40.30,40.30,0.0000,0.0500,3.026320
703,soldier,driving_B_2020.02.13_15.02.01.csv,train/driving_B_2020.02.13_15.02.01.csv#block-000@time-2880.000s,block-000,2880.000,70.9204,70.92,70.92,0.0000,0.0500,2.934137
704,longdress,driving_B_2019.12.17_07.32.39.csv,train/driving_B_2019.12.17_07.32.39.csv#block-004@time-2357.000s,block-004,2357.000,30.5496,30.55,30.55,0.0000,0.0500,3.181764
705,loot,driving_B_2020.02.13_13.03.24.csv,train/driving_B_2020.02.13_13.03.24.csv#block-001@time-1634.000s,block-001,1634.000,37.0657,37.07,37.07,0.0000,0.0500,3.637108
706,redandblack,driving_B_2020.02.27_17.30.15.csv,train/driving_B_2020.02.27_17.30.15.csv#block-002@time-293.000s,block-002,293.000,-85.0482,-85.05,-85.05,0.0000,0.0500,3.567186
707,soldier,driving_B_2020.02.14_09.38.22.csv,train/driving_B_2020.02.14_09.38.22.csv#block-000@time-1440.000s,block-000,1440.000,79.7047,79.70,79.70,0.0000,0.0500,3.400510
708,longdress,driving_B_2020.01.16_07.26.43.csv,train/driving_B_2020.01.16_07.26.43.csv#block-000@time-960.000s,block-000,960.000,-10.8197,-10.82,-10.82,0.0000,0.0500,3.289342
709,loot,driving_B_2020.01.16_07.26.43.csv,train/driving_B_2020.01.16_07.26.43.csv#block-000@time-1560.000s,block-000,1560.000,7.4612,7.46,7.46,0.0000,0.0500,3.231909
710,redandblack,static_B_2020.02.14_13.21.26.csv,train/static_B_2020.02.14_13.21.26.csv#block-000@time-420.000s,block-000,420.000,71.5288,71.53,71.53,0.0000,0.0500,3.281200
711,soldier,driving_B_2020.01.16_12.10.03.csv,train/driving_B_2020.01.16_12.10.03.csv#block-000@time-240.000s,block-000,240.000,85.0527,85.05,85.05,0.0000,0.0500,3.516233
712,longdress,static_B_2020.02.27_18.39.27.csv,train/static_B_2020.02.27_18.39.27.csv#block-001@time-2532.000s,block-001,2532.000,54.2938,54.29,54.29,0.0000,0.0500,3.216784
713,loot,driving_B_2020.01.16_09.56.56.csv,train/driving_B_2020.01.16_09.56.56.csv#block-000@time-240.000s,block-000,240.000,53.1182,53.12,53.12,0.0000,0.0500,3.307750
714,redandblack,static_B_2019.12.16_13.40.04.csv,train/static_B_2019.12.16_13.40.04.csv#block-000@time-0.000s,block-000,0.000,66.7854,66.79,66.79,0.0000,0.0500,3.383262
715,soldier,static_B_2020.02.14_13.21.26.csv,train/static_B_2020.02.14_13.21.26.csv#block-000@time-1020.000s,block-000,1020.000,81.5538,81.55,81.55,0.0464,0.0500,3.234359
716,longdress,static_B_2019.12.16_13.40.04.csv,train/static_B_2019.12.16_13.40.04.csv#block-005@time-1466.000s,block-005,1466.000,49.1758,49.18,49.18,0.0000,0.0500,3.297033
717,loot,driving_B_2020.01.16_12.10.03.csv,train/driving_B_2020.01.16_12.10.03.csv#block-000@time-0.000s,block-000,0.000,82.6841,82.68,82.68,1.1614,0.0500,3.387191
718,redandblack,driving_B_2020.02.13_15.02.01.csv,train/driving_B_2020.02.13_15.02.01.csv#block-000@time-840.000s,block-000,840.000,55.0498,55.05,55.05,0.0000,0.0500,3.259035
719,soldier,static_B_2019.12.16_13.40.04.csv,train/static_B_2019.12.16_13.40.04.csv#block-001@time-595.000s,block-001,595.000,68.5947,68.59,68.59,0.0000,0.0500,3.387300
720,longdress,static_B_2020.02.27_18.39.27.csv,train/static_B_2020.02.27_18.39.27.csv#block-001@time-1692.000s,block-001,1692.000,47.1271,47.13,47.13,0.0000,0.0500,3.408960
721,loot,driving_B_2019.12.17_07.32.39.csv,train/driving_B_2019.12.17_07.32.39.csv#block-003@time-1774.000s,block-003,1774.000,34.0254,34.03,34.03,0.0000,0.0500,3.299956
722,redandblack,driving_B_2020.02.14_09.38.22.csv,train/driving_B_2020.02.14_09.38.22.csv#block-000@time-720.000s,block-000,720.000,85.2863,85.29,85.29,1.4136,0.0500,3.227073
723,soldier,driving_B_2020.02.13_15.02.01.csv,train/driving_B_2020.02.13_15.02.01.csv#block-000@time-3000.000s,block-000,3000.000,8.5167,8.52,8.52,0.0000,0.0500,3.259138
724,longdress,driving_B_2020.01.16_12.10.03.csv,train/driving_B_2020.01.16_12.10.03.csv#block-000@time-360.000s,block-000,360.000,70.9216,70.92,70.92,0.0000,0.0500,3.145980
725,loot,driving_B_2020.01.16_07.26.43.csv,train/driving_B_2020.01.16_07.26.43.csv#block-000@time-0.000s,block-000,0.000,19.1659,19.17,19.17,0.0000,0.0500,3.170762
726,redandblack,static_B_2019.12.16_13.40.04.csv,train/static_B_2019.12.16_13.40.04.csv#block-005@time-1826.000s,block-005,1826.000,73.3788,73.38,73.38,0.0000,0.0500,3.474045
727,soldier,driving_B_2020.02.27_17.30.15.csv,train/driving_B_2020.02.27_17.30.15.csv#block-002@time-353.000s,block-002,353.000,-21.7484,-21.75,-21.75,0.0000,0.0500,3.313420
728,longdress,driving_B_2020.02.27_17.30.15.csv,train/driving_B_2020.02.27_17.30.15.csv#block-002@time-293.000s,block-002,293.000,-80.2936,-80.29,-80.29,0.0000,0.0500,3.426692
729,loot,driving_B_2020.01.16_12.10.03.csv,train/driving_B_2020.01.16_12.10.03.csv#block-000@time-180.000s,block-000,180.000,85.2951,85.30,85.30,0.6868,0.0500,3.314037
730,redandblack,driving_B_2020.01.16_12.10.03.csv,train/driving_B_2020.01.16_12.10.03.csv#block-000@time-180.000s,block-000,180.000,83.2331,83.23,83.23,0.0000,0.0500,3.330281
731,soldier,static_B_2020.02.27_18.39.27.csv,train/static_B_2020.02.27_18.39.27.csv#block-001@time-6012.000s,block-001,6012.000,78.1471,78.15,78.15,0.0000,0.0500,3.460542
732,longdress,driving_B_2020.01.16_12.10.03.csv,train/driving_B_2020.01.16_12.10.03.csv#block-000@time-300.000s,block-000,300.000,33.1566,33.16,33.16,0.0000,0.0500,3.286682
733,loot,driving_B_2019.12.16_12.27.05.csv,train/driving_B_2019.12.16_12.27.05.csv#block-000@time-1020.000s,block-000,1020.000,72.2208,72.22,72.22,0.0000,0.0500,3.075447
734,redandblack,driving_B_2020.01.16_12.10.03.csv,train/driving_B_2020.01.16_12.10.03.csv#block-000@time-120.000s,block-000,120.000,79.6514,79.65,79.65,1.3645,0.0500,3.141482
735,soldier,driving_B_2019.12.17_07.32.39.csv,train/driving_B_2019.12.17_07.32.39.csv#block-004@time-2297.000s,block-004,2297.000,79.4759,79.48,79.48,0.0000,0.0500,3.554384
736,longdress,driving_B_2020.02.13_13.03.24.csv,train/driving_B_2020.02.13_13.03.24.csv#block-001@time-1814.000s,block-001,1814.000,21.2569,21.26,21.26,0.0000,0.0500,3.269089
737,loot,driving_B_2020.02.13_15.02.01.csv,train/driving_B_2020.02.13_15.02.01.csv#block-000@time-1260.000s,block-000,1260.000,37.2655,37.27,37.27,0.0000,0.0500,3.294908
738,redandblack,driving_B_2020.01.16_09.56.56.csv,train/driving_B_2020.01.16_09.56.56.csv#block-001@time-519.000s,block-001,519.000,44.5226,44.52,44.52,0.0000,0.0500,3.065248
739,soldier,static_B_2020.02.27_18.39.27.csv,train/static_B_2020.02.27_18.39.27.csv#block-001@time-1092.000s,block-001,1092.000,64.6816,64.68,64.68,0.0000,0.0500,3.288223
740,longdress,driving_B_2020.02.13_13.03.24.csv,train/driving_B_2020.02.13_13.03.24.csv#block-001@time-1334.000s,block-001,1334.000,-20.0316,-20.03,-20.03,0.0000,0.0500,3.131263
741,loot,static_B_2020.02.27_18.39.27.csv,train/static_B_2020.02.27_18.39.27.csv#block-001@time-72.000s,block-001,72.000,84.9835,84.98,84.98,1.3031,0.0500,3.194325
742,redandblack,driving_B_2020.02.27_17.30.15.csv,train/driving_B_2020.02.27_17.30.15.csv#block-002@time-353.000s,block-002,353.000,-29.6716,-29.67,-29.67,0.0000,0.0500,3.268883
743,soldier,static_B_2020.02.14_13.21.26.csv,train/static_B_2020.02.14_13.21.26.csv#block-000@time-540.000s,block-000,540.000,79.2093,79.21,79.21,0.0000,0.0500,3.336576
744,longdress,static_B_2020.02.14_13.21.26.csv,train/static_B_2020.02.14_13.21.26.csv#block-000@time-900.000s,block-000,900.000,61.9587,61.96,61.96,0.0000,0.0500,3.296332
745,loot,driving_B_2020.02.14_09.38.22.csv,train/driving_B_2020.02.14_09.38.22.csv#block-000@time-540.000s,block-000,540.000,30.1919,30.19,30.19,0.0000,0.0500,3.230384
746,redandblack,driving_B_2019.12.16_12.27.05.csv,train/driving_B_2019.12.16_12.27.05.csv#block-000@time-60.000s,block-000,60.000,36.3648,36.36,36.36,0.0000,0.0500,3.267240
747,soldier,driving_B_2020.01.16_09.56.56.csv,train/driving_B_2020.01.16_09.56.56.csv#block-000@time-360.000s,block-000,360.000,40.6753,40.68,40.68,0.0000,0.0500,3.161478
748,longdress,static_B_2020.02.14_13.21.26.csv,train/static_B_2020.02.14_13.21.26.csv#block-000@time-300.000s,block-000,300.000,53.5059,53.51,53.51,0.0000,0.0500,3.546629
749,loot,static_B_2019.12.16_13.40.04.csv,train/static_B_2019.12.16_13.40.04.csv#block-006@time-2232.000s,block-006,2232.000,84.9652,84.97,84.97,1.1438,0.0500,3.259741
750,redandblack,driving_B_2020.01.16_07.26.43.csv,train/driving_B_2020.01.16_07.26.43.csv#block-000@time-1080.000s,block-000,1080.000,51.8059,51.81,51.81,0.0000,0.0500,3.150108
751,soldier,driving_B_2019.12.17_07.32.39.csv,train/driving_B_2019.12.17_07.32.39.csv#block-000@time-420.000s,block-000,420.000,10.3544,10.35,10.35,0.0000,0.0500,3.126185
752,longdress,static_B_2019.12.16_13.40.04.csv,train/static_B_2019.12.16_13.40.04.csv#block-005@time-1586.000s,block-005,1586.000,-36.2726,-36.27,-36.27,0.0000,0.0500,3.198362
753,loot,driving_B_2019.12.17_07.32.39.csv,train/driving_B_2019.12.17_07.32.39.csv#block-000@time-900.000s,block-000,900.000,36.5911,36.59,36.59,0.0000,0.0500,3.399342
754,redandblack,static_B_2020.02.27_18.39.27.csv,train/static_B_2020.02.27_18.39.27.csv#block-001@time-1152.000s,block-001,1152.000,75.8637,75.86,75.86,0.0000,0.0500,3.216294
755,soldier,driving_B_2020.01.16_12.10.03.csv,train/driving_B_2020.01.16_12.10.03.csv#block-000@time-240.000s,block-000,240.000,85.0671,85.07,85.07,0.0000,0.0500,3.623285
756,longdress,driving_B_2020.01.16_09.56.56.csv,train/driving_B_2020.01.16_09.56.56.csv#block-001@time-1059.000s,block-001,1059.000,22.6397,22.64,22.64,0.0000,0.0500,3.653939
757,loot,driving_B_2020.02.27_17.30.15.csv,train/driving_B_2020.02.27_17.30.15.csv#block-002@time-413.000s,block-002,413.000,31.8040,31.80,31.80,0.0000,0.0500,3.467373
758,redandblack,driving_B_2020.02.13_13.03.24.csv,train/driving_B_2020.02.13_13.03.24.csv#block-001@time-914.000s,block-001,914.000,-12.7615,-12.76,-12.76,0.0000,0.0500,3.599747
759,soldier,driving_B_2020.02.14_09.38.22.csv,train/driving_B_2020.02.14_09.38.22.csv#block-000@time-1560.000s,block-000,1560.000,33.8002,33.80,33.80,0.0000,0.0500,3.318753
760,longdress,static_B_2020.02.27_18.39.27.csv,train/static_B_2020.02.27_18.39.27.csv#block-001@time-4932.000s,block-001,4932.000,59.8691,59.87,59.87,0.0000,0.0500,3.507857
761,loot,driving_B_2020.01.16_12.10.03.csv,train/driving_B_2020.01.16_12.10.03.csv#block-000@time-0.000s,block-000,0.000,78.1479,78.15,78.15,1.4269,0.0500,3.563937
762,redandblack,driving_B_2019.12.17_07.32.39.csv,train/driving_B_2019.12.17_07.32.39.csv#block-004@time-2417.000s,block-004,2417.000,48.3360,48.34,48.34,0.0000,0.0500,3.373144
763,soldier,driving_B_2020.01.16_12.10.03.csv,train/driving_B_2020.01.16_12.10.03.csv#block-000@time-360.000s,block-000,360.000,64.2511,64.25,64.25,0.0000,0.0500,3.528072
764,longdress,driving_B_2020.02.14_09.38.22.csv,train/driving_B_2020.02.14_09.38.22.csv#block-000@time-1500.000s,block-000,1500.000,33.2770,33.28,33.28,0.0000,0.0500,3.393354
765,loot,static_B_2020.02.27_18.39.27.csv,train/static_B_2020.02.27_18.39.27.csv#block-001@time-3552.000s,block-001,3552.000,40.8168,40.82,40.82,0.0000,0.0500,3.228795
766,redandblack,driving_B_2020.01.16_12.10.03.csv,train/driving_B_2020.01.16_12.10.03.csv#block-000@time-300.000s,block-000,300.000,43.7889,43.79,43.79,0.0000,0.0500,3.739892
767,soldier,driving_B_2020.02.14_09.38.22.csv,train/driving_B_2020.02.14_09.38.22.csv#block-000@time-1200.000s,block-000,1200.000,-19.7778,-19.78,-19.78,0.0000,0.0500,3.362492
768,longdress,driving_B_2020.02.14_12.58.17.csv,train/driving_B_2020.02.14_12.58.17.csv#block-002@time-536.000s,block-002,536.000,-54.4747,-54.47,-54.47,0.0000,0.0500,3.346393
769,loot,driving_B_2020.02.14_12.58.17.csv,train/driving_B_2020.02.14_12.58.17.csv#block-002@time-656.000s,block-002,656.000,55.0457,55.05,55.05,0.0000,0.0500,3.406078
770,redandblack,driving_B_2020.02.27_17.30.15.csv,train/driving_B_2020.02.27_17.30.15.csv#block-002@time-413.000s,block-002,413.000,29.7586,29.76,29.76,0.0000,0.0500,3.166229
771,soldier,driving_B_2020.02.13_15.02.01.csv,train/driving_B_2020.02.13_15.02.01.csv#block-000@time-1140.000s,block-000,1140.000,73.2333,73.23,73.23,0.0000,0.0500,3.392975
772,longdress,driving_B_2020.02.27_17.30.15.csv,train/driving_B_2020.02.27_17.30.15.csv#block-002@time-533.000s,block-002,533.000,-84.5153,-84.52,-84.52,0.0000,0.0500,3.602267
773,loot,driving_B_2020.02.27_17.30.15.csv,train/driving_B_2020.02.27_17.30.15.csv#block-002@time-533.000s,block-002,533.000,-28.4801,-28.48,-28.48,0.0000,0.0500,3.397102
774,redandblack,driving_B_2020.01.16_12.10.03.csv,train/driving_B_2020.01.16_12.10.03.csv#block-000@time-0.000s,block-000,0.000,79.0954,79.10,79.10,1.3611,0.0500,3.419283
775,soldier,driving_B_2019.12.17_07.32.39.csv,train/driving_B_2019.12.17_07.32.39.csv#block-000@time-120.000s,block-000,120.000,33.5776,33.58,33.58,0.0000,0.0500,3.449876
776,longdress,static_B_2019.12.16_13.40.04.csv,train/static_B_2019.12.16_13.40.04.csv#block-005@time-1766.000s,block-005,1766.000,83.9382,83.94,83.94,0.0000,0.0500,3.353038
777,loot,driving_B_2020.02.14_12.58.17.csv,train/driving_B_2020.02.14_12.58.17.csv#block-002@time-596.000s,block-002,596.000,25.1823,25.18,25.18,0.0000,0.0500,3.288090
778,redandblack,driving_B_2020.02.14_09.38.22.csv,train/driving_B_2020.02.14_09.38.22.csv#block-000@time-1260.000s,block-000,1260.000,33.7776,33.78,33.78,0.0000,0.0500,3.378191
779,soldier,driving_B_2020.02.13_15.02.01.csv,train/driving_B_2020.02.13_15.02.01.csv#block-000@time-540.000s,block-000,540.000,11.8541,11.85,11.85,0.0000,0.0500,3.384852
780,longdress,driving_B_2019.12.17_07.32.39.csv,train/driving_B_2019.12.17_07.32.39.csv#block-003@time-1894.000s,block-003,1894.000,20.8843,20.88,20.88,0.0000,0.0500,3.296968
781,loot,driving_B_2020.02.13_13.03.24.csv,train/driving_B_2020.02.13_13.03.24.csv#block-001@time-1514.000s,block-001,1514.000,-18.0178,-18.02,-18.02,0.0000,0.0500,3.480710
782,redandblack,driving_B_2020.02.14_09.38.22.csv,train/driving_B_2020.02.14_09.38.22.csv#block-000@time-780.000s,block-000,780.000,79.5188,79.52,79.52,0.0000,0.0500,3.298238
783,soldier,static_B_2020.02.27_18.39.27.csv,train/static_B_2020.02.27_18.39.27.csv#block-001@time-3612.000s,block-001,3612.000,-221.0061,-221.01,-221.01,0.0000,0.0500,3.431750
784,longdress,driving_B_2020.02.14_12.58.17.csv,train/driving_B_2020.02.14_12.58.17.csv#block-002@time-716.000s,block-002,716.000,32.9033,32.90,32.90,0.0000,0.0500,3.416437
785,loot,static_B_2020.02.14_13.21.26.csv,train/static_B_2020.02.14_13.21.26.csv#block-000@time-840.000s,block-000,840.000,85.3032,85.30,85.30,1.3242,0.0500,3.297671
786,redandblack,static_B_2020.02.14_13.21.26.csv,train/static_B_2020.02.14_13.21.26.csv#block-000@time-540.000s,block-000,540.000,77.1026,77.10,77.10,0.5891,0.0500,3.578312
787,soldier,driving_B_2020.01.16_09.56.56.csv,train/driving_B_2020.01.16_09.56.56.csv#block-001@time-939.000s,block-001,939.000,29.3911,29.39,29.39,0.0000,0.0500,3.383528
788,longdress,driving_B_2020.02.13_13.03.24.csv,train/driving_B_2020.02.13_13.03.24.csv#block-001@time-1694.000s,block-001,1694.000,24.9358,24.94,24.94,0.0000,0.0500,3.497034
789,loot,driving_B_2020.02.13_15.02.01.csv,train/driving_B_2020.02.13_15.02.01.csv#block-000@time-1080.000s,block-000,1080.000,-13.6321,-13.63,-13.63,0.0000,0.0500,3.362742
790,redandblack,driving_B_2020.02.27_17.30.15.csv,train/driving_B_2020.02.27_17.30.15.csv#block-002@time-473.000s,block-002,473.000,-59.3138,-59.31,-59.31,0.0000,0.0500,3.628875
791,soldier,driving_B_2020.02.14_09.38.22.csv,train/driving_B_2020.02.14_09.38.22.csv#block-000@time-1200.000s,block-000,1200.000,29.7997,29.80,29.80,0.0000,0.0500,3.287362
792,longdress,static_B_2019.12.16_13.40.04.csv,train/static_B_2019.12.16_13.40.04.csv#block-005@time-1646.000s,block-005,1646.000,75.2358,75.24,75.24,0.0000,0.0500,3.355795
793,loot,driving_B_2020.02.13_15.02.01.csv,train/driving_B_2020.02.13_15.02.01.csv#block-000@time-300.000s,block-000,300.000,83.9081,83.91,83.91,1.3375,0.0500,3.091968
794,redandblack,driving_B_2020.01.16_09.56.56.csv,train/driving_B_2020.01.16_09.56.56.csv#block-001@time-1179.000s,block-001,1179.000,34.1639,34.16,34.16,0.0000,0.0500,3.340150
795,soldier,driving_B_2020.02.27_17.30.15.csv,train/driving_B_2020.02.27_17.30.15.csv#block-002@time-473.000s,block-002,473.000,-73.2302,-73.23,-73.23,0.0000,0.0500,3.345576
796,longdress,static_B_2020.02.27_18.39.27.csv,train/static_B_2020.02.27_18.39.27.csv#block-001@time-4092.000s,block-001,4092.000,52.7116,52.71,52.71,0.0000,0.0500,3.388581
797,loot,driving_B_2020.02.13_15.02.01.csv,train/driving_B_2020.02.13_15.02.01.csv#block-000@time-1620.000s,block-000,1620.000,28.4588,28.46,28.46,0.0000,0.0500,3.320716
798,redandblack,static_B_2019.12.16_13.40.04.csv,train/static_B_2019.12.16_13.40.04.csv#block-000@time-240.000s,block-000,240.000,56.2951,56.30,56.30,0.0000,0.0500,3.275823
799,soldier,driving_B_2020.01.16_07.26.43.csv,train/driving_B_2020.01.16_07.26.43.csv#block-000@time-1740.000s,block-000,1740.000,-90.9266,-90.93,-90.93,0.0000,0.0500,3.112335
800,longdress,static_B_2019.12.16_13.40.04.csv,train/static_B_2019.12.16_13.40.04.csv#block-005@time-2006.000s,block-005,2006.000,53.9613,53.96,53.96,0.0000,0.0500,3.467759
801,loot,driving_B_2019.12.16_12.27.05.csv,train/driving_B_2019.12.16_12.27.05.csv#block-000@time-840.000s,block-000,840.000,55.0590,55.06,55.06,0.0000,0.0500,3.547092
802,redandblack,driving_B_2020.02.27_17.30.15.csv,train/driving_B_2020.02.27_17.30.15.csv#block-002@time-473.000s,block-002,473.000,-107.2613,-107.26,-107.26,0.0000,0.0500,3.249891
803,soldier,driving_B_2020.02.14_12.58.17.csv,train/driving_B_2020.02.14_12.58.17.csv#block-002@time-596.000s,block-002,596.000,27.8092,27.81,27.81,0.0000,0.0500,3.373427
804,longdress,static_B_2020.02.14_13.21.26.csv,train/static_B_2020.02.14_13.21.26.csv#block-000@time-660.000s,block-000,660.000,84.8931,84.89,84.89,0.0000,0.0500,3.059507
805,loot,driving_B_2020.02.14_12.58.17.csv,train/driving_B_2020.02.14_12.58.17.csv#block-002@time-596.000s,block-002,596.000,34.2527,34.25,34.25,0.0000,0.0500,3.856144
806,redandblack,static_B_2020.02.27_18.39.27.csv,train/static_B_2020.02.27_18.39.27.csv#block-001@time-12.000s,block-001,12.000,84.8652,84.87,84.87,1.3647,0.0500,3.704309
807,soldier,static_B_2020.02.14_13.21.26.csv,train/static_B_2020.02.14_13.21.26.csv#block-000@time-720.000s,block-000,720.000,79.3215,79.32,79.32,0.0000,0.0500,3.669894
808,longdress,driving_B_2019.12.16_12.27.05.csv,train/driving_B_2019.12.16_12.27.05.csv#block-000@time-120.000s,block-000,120.000,49.1755,49.18,49.18,0.0000,0.0500,3.449850
809,loot,static_B_2020.02.27_18.39.27.csv,train/static_B_2020.02.27_18.39.27.csv#block-001@time-5292.000s,block-001,5292.000,-15.3395,-15.34,-15.34,0.0000,0.0500,3.527288
810,redandblack,driving_B_2020.02.14_09.38.22.csv,train/driving_B_2020.02.14_09.38.22.csv#block-000@time-480.000s,block-000,480.000,30.4110,30.41,30.41,0.0000,0.0500,3.722154
811,soldier,driving_B_2020.02.13_13.03.24.csv,train/driving_B_2020.02.13_13.03.24.csv#block-001@time-1154.000s,block-001,1154.000,4.6949,4.69,4.69,0.0000,0.0500,3.577620
812,longdress,driving_B_2020.01.16_12.10.03.csv,train/driving_B_2020.01.16_12.10.03.csv#block-000@time-180.000s,block-000,180.000,61.7009,61.70,61.70,0.0603,0.0500,3.496690
813,loot,driving_B_2020.02.13_15.02.01.csv,train/driving_B_2020.02.13_15.02.01.csv#block-000@time-1020.000s,block-000,1020.000,89.4490,89.45,89.45,2.3055,0.0500,3.343247
814,redandblack,driving_B_2020.02.13_13.03.24.csv,train/driving_B_2020.02.13_13.03.24.csv#block-007@time-2290.000s,block-007,2290.000,-89.2025,-89.20,-89.20,0.0000,0.0500,3.814290
815,soldier,driving_B_2020.02.13_15.02.01.csv,train/driving_B_2020.02.13_15.02.01.csv#block-000@time-1800.000s,block-000,1800.000,-124.7010,-124.70,-124.70,0.0000,0.0500,3.348482
816,longdress,driving_B_2020.01.16_07.26.43.csv,train/driving_B_2020.01.16_07.26.43.csv#block-000@time-1440.000s,block-000,1440.000,57.3337,57.33,57.33,0.0000,0.0500,3.355326
817,loot,static_B_2020.02.27_18.39.27.csv,train/static_B_2020.02.27_18.39.27.csv#block-001@time-3972.000s,block-001,3972.000,78.3416,78.34,78.34,0.0000,0.0500,3.645023
818,redandblack,driving_B_2020.02.27_17.30.15.csv,train/driving_B_2020.02.27_17.30.15.csv#block-002@time-473.000s,block-002,473.000,-165.9039,-165.90,-165.90,0.0000,0.0500,3.661665
819,soldier,driving_B_2020.02.13_15.02.01.csv,train/driving_B_2020.02.13_15.02.01.csv#block-000@time-1920.000s,block-000,1920.000,29.3373,29.34,29.34,0.0000,0.0500,3.788566
820,longdress,static_B_2019.12.16_13.40.04.csv,train/static_B_2019.12.16_13.40.04.csv#block-001@time-715.000s,block-001,715.000,37.0299,37.03,37.03,0.0000,0.0500,3.651128
821,loot,driving_B_2020.01.16_09.56.56.csv,train/driving_B_2020.01.16_09.56.56.csv#block-001@time-1119.000s,block-001,1119.000,78.1592,78.16,78.16,1.5331,0.0500,3.489886
822,redandblack,static_B_2019.12.16_13.40.04.csv,train/static_B_2019.12.16_13.40.04.csv#block-005@time-1946.000s,block-005,1946.000,79.6263,79.63,79.63,0.0000,0.0500,3.431958
823,soldier,static_B_2020.02.14_13.21.26.csv,train/static_B_2020.02.14_13.21.26.csv#block-000@time-120.000s,block-000,120.000,65.9848,65.98,65.98,0.4033,0.0500,3.541249
824,longdress,driving_B_2020.02.14_12.58.17.csv,train/driving_B_2020.02.14_12.58.17.csv#block-002@time-596.000s,block-002,596.000,19.6907,19.69,19.69,0.0000,0.0500,3.613559
825,loot,driving_B_2020.02.14_09.38.22.csv,train/driving_B_2020.02.14_09.38.22.csv#block-000@time-1320.000s,block-000,1320.000,17.4465,17.45,17.45,0.0000,0.0500,3.749548
826,redandblack,static_B_2020.02.14_13.21.26.csv,train/static_B_2020.02.14_13.21.26.csv#block-000@time-360.000s,block-000,360.000,84.7882,84.79,84.79,0.0000,0.0500,3.585297
827,soldier,driving_B_2020.01.16_09.56.56.csv,train/driving_B_2020.01.16_09.56.56.csv#block-000@time-0.000s,block-000,0.000,39.8454,39.85,39.85,0.0000,0.0500,3.482838
828,longdress,driving_B_2020.02.14_12.58.17.csv,train/driving_B_2020.02.14_12.58.17.csv#block-002@time-656.000s,block-002,656.000,36.6566,36.66,36.66,0.0000,0.0500,3.660948
829,loot,driving_B_2019.12.16_12.27.05.csv,train/driving_B_2019.12.16_12.27.05.csv#block-000@time-0.000s,block-000,0.000,44.3481,44.35,44.35,0.0000,0.0500,3.632045
830,redandblack,driving_B_2020.01.16_07.26.43.csv,train/driving_B_2020.01.16_07.26.43.csv#block-000@time-360.000s,block-000,360.000,24.8769,24.88,24.88,0.0000,0.0500,3.577879
831,soldier,driving_B_2020.01.16_12.10.03.csv,train/driving_B_2020.01.16_12.10.03.csv#block-000@time-0.000s,block-000,0.000,71.0030,71.00,71.00,1.1799,0.0500,3.265674
832,longdress,driving_B_2020.02.13_15.02.01.csv,train/driving_B_2020.02.13_15.02.01.csv#block-000@time-1980.000s,block-000,1980.000,71.7388,71.74,71.74,0.0000,0.0500,3.227231
833,redandblack,driving_B_2020.01.16_07.26.43.csv,train/driving_B_2020.01.16_07.26.43.csv#block-000@time-1440.000s,block-000,1440.000,54.5728,54.57,54.57,0.0000,0.0500,3.617977
834,soldier,static_B_2020.02.14_13.21.26.csv,train/static_B_2020.02.14_13.21.26.csv#block-000@time-60.000s,block-000,60.000,80.3293,80.33,80.33,0.1363,0.0500,3.182853
835,longdress,driving_B_2019.12.16_12.27.05.csv,train/driving_B_2019.12.16_12.27.05.csv#block-000@time-300.000s,block-000,300.000,36.8988,36.90,36.90,0.0000,0.0500,3.307883
836,loot,driving_B_2020.02.14_09.38.22.csv,train/driving_B_2020.02.14_09.38.22.csv#block-000@time-1140.000s,block-000,1140.000,33.6916,33.69,33.69,0.0000,0.0500,3.393947
837,redandblack,static_B_2019.12.16_13.40.04.csv,train/static_B_2019.12.16_13.40.04.csv#block-001@time-715.000s,block-001,715.000,52.8322,52.83,52.83,0.0000,0.0500,3.441504
838,soldier,driving_B_2020.01.16_12.10.03.csv,train/driving_B_2020.01.16_12.10.03.csv#block-000@time-360.000s,block-000,360.000,70.6888,70.69,70.69,0.0000,0.0500,3.524580
839,longdress,driving_B_2020.01.16_12.10.03.csv,train/driving_B_2020.01.16_12.10.03.csv#block-000@time-300.000s,block-000,300.000,36.2859,36.29,36.29,0.0000,0.0500,3.608536
840,loot,driving_B_2020.02.13_13.03.24.csv,train/driving_B_2020.02.13_13.03.24.csv#block-001@time-1874.000s,block-001,1874.000,19.7366,19.74,19.74,0.0000,0.0500,3.369405
841,redandblack,static_B_2019.12.16_13.40.04.csv,train/static_B_2019.12.16_13.40.04.csv#block-005@time-1946.000s,block-005,1946.000,85.2812,85.28,85.28,0.0000,0.0500,3.444901
842,soldier,driving_B_2020.02.13_13.03.24.csv,train/driving_B_2020.02.13_13.03.24.csv#block-001@time-1574.000s,block-001,1574.000,23.3072,23.31,23.31,0.0000,0.0500,3.526893
843,longdress,driving_B_2020.02.13_13.03.24.csv,train/driving_B_2020.02.13_13.03.24.csv#block-000@time-600.000s,block-000,600.000,18.0025,18.00,18.00,0.0000,0.0500,3.612426
844,loot,driving_B_2019.12.16_12.27.05.csv,train/driving_B_2019.12.16_12.27.05.csv#block-000@time-60.000s,block-000,60.000,26.8268,26.83,26.83,0.0000,0.0500,3.426762
845,redandblack,driving_B_2020.02.14_12.58.17.csv,train/driving_B_2020.02.14_12.58.17.csv#block-002@time-536.000s,block-002,536.000,-54.4530,-54.45,-54.45,0.0000,0.0500,3.665872
846,soldier,driving_B_2020.02.13_15.02.01.csv,train/driving_B_2020.02.13_15.02.01.csv#block-000@time-2460.000s,block-000,2460.000,70.0303,70.03,70.03,0.0000,0.0500,3.327550
847,longdress,driving_B_2019.12.17_07.32.39.csv,train/driving_B_2019.12.17_07.32.39.csv#block-003@time-1534.000s,block-003,1534.000,43.4855,43.49,43.49,0.0000,0.0500,3.545058
848,loot,driving_B_2020.01.16_07.26.43.csv,train/driving_B_2020.01.16_07.26.43.csv#block-000@time-180.000s,block-000,180.000,-9.7999,-9.80,-9.80,0.0000,0.0500,3.462623
849,redandblack,driving_B_2020.01.16_12.10.03.csv,train/driving_B_2020.01.16_12.10.03.csv#block-000@time-360.000s,block-000,360.000,66.7788,66.78,66.78,0.0000,0.0500,3.422362
850,soldier,driving_B_2020.02.27_17.30.15.csv,train/driving_B_2020.02.27_17.30.15.csv#block-002@time-473.000s,block-002,473.000,-231.2755,-231.28,-231.28,0.0000,0.0500,3.502509
851,longdress,driving_B_2020.02.13_15.02.01.csv,train/driving_B_2020.02.13_15.02.01.csv#block-000@time-1680.000s,block-000,1680.000,20.9375,20.94,20.94,0.0000,0.0500,3.448258
852,loot,static_B_2020.02.14_13.21.26.csv,train/static_B_2020.02.14_13.21.26.csv#block-000@time-300.000s,block-000,300.000,58.1397,58.14,58.14,0.0000,0.0500,3.270107
853,redandblack,driving_B_2019.12.16_12.27.05.csv,train/driving_B_2019.12.16_12.27.05.csv#block-000@time-420.000s,block-000,420.000,-130.5916,-130.59,-130.59,0.0000,0.0500,3.565380
854,soldier,driving_B_2019.12.17_07.32.39.csv,train/driving_B_2019.12.17_07.32.39.csv#block-003@time-2134.000s,block-003,2134.000,24.4920,24.49,24.49,0.0000,0.0500,3.266707
855,longdress,driving_B_2019.12.16_12.27.05.csv,train/driving_B_2019.12.16_12.27.05.csv#block-000@time-1080.000s,block-000,1080.000,64.5105,64.51,64.51,0.0000,0.0500,4.047960
856,loot,driving_B_2020.01.16_09.56.56.csv,train/driving_B_2020.01.16_09.56.56.csv#block-001@time-819.000s,block-001,819.000,89.4702,89.47,89.47,0.1786,0.0500,3.561602
857,redandblack,static_B_2020.02.27_18.39.27.csv,train/static_B_2020.02.27_18.39.27.csv#block-001@time-1212.000s,block-001,1212.000,71.8357,71.84,71.84,0.0000,0.0500,3.721527
858,soldier,static_B_2020.02.14_13.21.26.csv,train/static_B_2020.02.14_13.21.26.csv#block-000@time-240.000s,block-000,240.000,67.5916,67.59,67.59,0.9748,0.0500,3.754620
859,longdress,driving_B_2020.01.16_09.56.56.csv,train/driving_B_2020.01.16_09.56.56.csv#block-001@time-939.000s,block-001,939.000,24.5405,24.54,24.54,0.0000,0.0500,3.654369
860,loot,driving_B_2020.02.14_09.38.22.csv,train/driving_B_2020.02.14_09.38.22.csv#block-000@time-1020.000s,block-000,1020.000,80.7985,80.80,80.80,0.4699,0.0500,3.595326
861,redandblack,driving_B_2019.12.17_07.32.39.csv,train/driving_B_2019.12.17_07.32.39.csv#block-003@time-1954.000s,block-003,1954.000,30.1269,30.13,30.13,0.0000,0.0500,3.720718
862,soldier,driving_B_2020.02.13_15.02.01.csv,train/driving_B_2020.02.13_15.02.01.csv#block-000@time-2940.000s,block-000,2940.000,24.1032,24.10,24.10,0.0000,0.0500,3.613604
863,longdress,driving_B_2020.02.14_12.58.17.csv,train/driving_B_2020.02.14_12.58.17.csv#block-002@time-656.000s,block-002,656.000,40.2529,40.25,40.25,0.0000,0.0500,3.575942
864,loot,driving_B_2020.01.16_09.56.56.csv,train/driving_B_2020.01.16_09.56.56.csv#block-001@time-1179.000s,block-001,1179.000,32.0794,32.08,32.08,0.0000,0.0500,3.778180
865,redandblack,driving_B_2020.01.16_07.26.43.csv,train/driving_B_2020.01.16_07.26.43.csv#block-000@time-900.000s,block-000,900.000,55.5585,55.56,55.56,0.0000,0.0500,3.681702
866,soldier,driving_B_2019.12.17_07.32.39.csv,train/driving_B_2019.12.17_07.32.39.csv#block-000@time-540.000s,block-000,540.000,5.3174,5.32,5.32,0.0000,0.0500,3.258540
867,longdress,driving_B_2020.02.14_09.38.22.csv,train/driving_B_2020.02.14_09.38.22.csv#block-000@time-660.000s,block-000,660.000,26.8394,26.84,26.84,0.0000,0.0500,3.752523
868,loot,driving_B_2020.02.14_09.38.22.csv,train/driving_B_2020.02.14_09.38.22.csv#block-000@time-60.000s,block-000,60.000,40.2560,40.26,40.26,0.0000,0.0500,3.578241
869,redandblack,driving_B_2020.02.27_17.30.15.csv,train/driving_B_2020.02.27_17.30.15.csv#block-002@time-413.000s,block-002,413.000,21.8278,21.83,21.83,0.0000,0.0500,3.470174
870,soldier,static_B_2019.12.16_13.40.04.csv,train/static_B_2019.12.16_13.40.04.csv#block-005@time-1826.000s,block-005,1826.000,56.4674,56.47,56.47,0.0000,0.0500,3.417009
871,longdress,driving_B_2020.02.27_17.30.15.csv,train/driving_B_2020.02.27_17.30.15.csv#block-002@time-353.000s,block-002,353.000,11.2001,11.20,11.20,0.0000,0.0500,3.619746
872,loot,driving_B_2020.01.16_07.26.43.csv,train/driving_B_2020.01.16_07.26.43.csv#block-000@time-1500.000s,block-000,1500.000,31.0682,31.07,31.07,0.0000,0.0500,3.791954
873,redandblack,driving_B_2020.02.14_12.58.17.csv,train/driving_B_2020.02.14_12.58.17.csv#block-002@time-536.000s,block-002,536.000,-82.1271,-82.13,-82.13,0.0000,0.0500,3.887428
874,soldier,driving_B_2019.12.16_12.27.05.csv,train/driving_B_2019.12.16_12.27.05.csv#block-000@time-600.000s,block-000,600.000,12.5544,12.55,12.55,0.0000,0.0500,3.621187
875,longdress,driving_B_2020.02.13_15.02.01.csv,train/driving_B_2020.02.13_15.02.01.csv#block-000@time-2640.000s,block-000,2640.000,-3.7366,-3.74,-3.74,0.0000,0.0500,3.905313
876,loot,driving_B_2020.01.16_09.56.56.csv,train/driving_B_2020.01.16_09.56.56.csv#block-001@time-1059.000s,block-001,1059.000,19.8723,19.87,19.87,0.0000,0.0500,3.768002
877,redandblack,static_B_2020.02.27_18.39.27.csv,train/static_B_2020.02.27_18.39.27.csv#block-001@time-3732.000s,block-001,3732.000,85.2863,85.29,85.29,0.0842,0.0500,3.433570
878,soldier,static_B_2019.12.16_13.40.04.csv,train/static_B_2019.12.16_13.40.04.csv#block-005@time-1526.000s,block-005,1526.000,43.2193,43.22,43.22,0.0000,0.0500,3.512207
879,longdress,driving_B_2020.02.27_17.30.15.csv,train/driving_B_2020.02.27_17.30.15.csv#block-002@time-413.000s,block-002,413.000,22.8634,22.86,22.86,0.0000,0.0500,3.449776
880,loot,driving_B_2020.01.16_12.10.03.csv,train/driving_B_2020.01.16_12.10.03.csv#block-000@time-0.000s,block-000,0.000,75.1745,75.17,75.17,1.3825,0.0500,3.466175
881,redandblack,driving_B_2020.02.14_12.58.17.csv,train/driving_B_2020.02.14_12.58.17.csv#block-002@time-536.000s,block-002,536.000,-6.2253,-6.23,-6.23,0.0000,0.0500,3.426682
882,soldier,driving_B_2020.02.14_09.38.22.csv,train/driving_B_2020.02.14_09.38.22.csv#block-000@time-360.000s,block-000,360.000,24.7021,24.70,24.70,0.0000,0.0500,3.549029
883,longdress,static_B_2020.02.27_18.39.27.csv,train/static_B_2020.02.27_18.39.27.csv#block-001@time-1992.000s,block-001,1992.000,48.0147,48.01,48.01,0.0000,0.0500,3.502936
884,loot,driving_B_2019.12.17_07.32.39.csv,train/driving_B_2019.12.17_07.32.39.csv#block-000@time-720.000s,block-000,720.000,29.7863,29.79,29.79,0.0000,0.0500,3.644982
885,redandblack,driving_B_2020.02.27_17.30.15.csv,train/driving_B_2020.02.27_17.30.15.csv#block-002@time-293.000s,block-002,293.000,-42.8848,-42.88,-42.88,0.0000,0.0500,3.623476
886,soldier,driving_B_2019.12.17_07.32.39.csv,train/driving_B_2019.12.17_07.32.39.csv#block-000@time-660.000s,block-000,660.000,8.8382,8.84,8.84,0.0000,0.0500,3.800264
887,longdress,driving_B_2020.01.16_07.26.43.csv,train/driving_B_2020.01.16_07.26.43.csv#block-000@time-1200.000s,block-000,1200.000,40.5264,40.53,40.53,0.0000,0.0500,3.728301
888,loot,static_B_2020.02.27_18.39.27.csv,train/static_B_2020.02.27_18.39.27.csv#block-001@time-2532.000s,block-001,2532.000,75.3418,75.34,75.34,0.0000,0.0500,3.441918
889,redandblack,driving_B_2019.12.16_12.27.05.csv,train/driving_B_2019.12.16_12.27.05.csv#block-000@time-480.000s,block-000,480.000,17.2260,17.23,17.23,0.0000,0.0500,3.383553
890,soldier,driving_B_2019.12.16_12.27.05.csv,train/driving_B_2019.12.16_12.27.05.csv#block-000@time-0.000s,block-000,0.000,20.6153,20.62,20.62,0.0000,0.0500,3.540468
891,longdress,static_B_2019.12.16_13.40.04.csv,train/static_B_2019.12.16_13.40.04.csv#block-001@time-1135.000s,block-001,1135.000,62.4479,62.45,62.45,0.0000,0.0500,3.546783
892,loot,driving_B_2020.01.16_07.26.43.csv,train/driving_B_2020.01.16_07.26.43.csv#block-000@time-1680.000s,block-000,1680.000,31.5345,31.53,31.53,0.0000,0.0500,3.656611
893,redandblack,driving_B_2020.02.14_09.38.22.csv,train/driving_B_2020.02.14_09.38.22.csv#block-000@time-480.000s,block-000,480.000,30.2633,30.26,30.26,0.0000,0.0500,3.740981
894,soldier,driving_B_2020.02.13_15.02.01.csv,train/driving_B_2020.02.13_15.02.01.csv#block-000@time-1980.000s,block-000,1980.000,74.2701,74.27,74.27,0.0000,0.0500,3.419050
895,longdress,driving_B_2020.02.27_17.30.15.csv,train/driving_B_2020.02.27_17.30.15.csv#block-002@time-473.000s,block-002,473.000,-106.1550,-106.15,-106.15,0.0000,0.0500,3.513965
896,loot,static_B_2020.02.14_13.21.26.csv,train/static_B_2020.02.14_13.21.26.csv#block-000@time-660.000s,block-000,660.000,84.9805,84.98,84.98,1.3468,0.0500,3.665393
897,redandblack,static_B_2019.12.16_13.40.04.csv,train/static_B_2019.12.16_13.40.04.csv#block-005@time-1466.000s,block-005,1466.000,72.7226,72.72,72.72,0.0000,0.0500,3.824254
898,soldier,driving_B_2020.01.16_09.56.56.csv,train/driving_B_2020.01.16_09.56.56.csv#block-001@time-1599.000s,block-001,1599.000,67.0402,67.04,67.04,0.0000,0.0500,3.494457
899,longdress,static_B_2020.02.14_13.21.26.csv,train/static_B_2020.02.14_13.21.26.csv#block-000@time-480.000s,block-000,480.000,84.6142,84.61,84.61,0.0000,0.0500,3.533630
900,loot,static_B_2020.02.14_13.21.26.csv,train/static_B_2020.02.14_13.21.26.csv#block-000@time-420.000s,block-000,420.000,66.7571,66.76,66.76,0.0000,0.0500,3.509614
901,redandblack,driving_B_2020.01.16_07.26.43.csv,train/driving_B_2020.01.16_07.26.43.csv#block-000@time-1620.000s,block-000,1620.000,28.3477,28.35,28.35,0.0000,0.0500,3.774163
902,soldier,driving_B_2020.02.14_12.58.17.csv,train/driving_B_2020.02.14_12.58.17.csv#block-000@time-0.000s,block-000,0.000,25.8659,25.87,25.87,0.0000,0.0500,3.554217
903,longdress,static_B_2020.02.14_13.21.26.csv,train/static_B_2020.02.14_13.21.26.csv#block-000@time-180.000s,block-000,180.000,71.3905,71.39,71.39,0.0000,0.0500,3.768007
904,loot,driving_B_2020.02.27_17.30.15.csv,train/driving_B_2020.02.27_17.30.15.csv#block-002@time-473.000s,block-002,473.000,-191.1337,-191.13,-191.13,0.0000,0.0500,3.582894
905,redandblack,static_B_2020.02.27_18.39.27.csv,train/static_B_2020.02.27_18.39.27.csv#block-001@time-1692.000s,block-001,1692.000,54.9235,54.92,54.92,0.0000,0.0500,4.039231
906,soldier,driving_B_2020.02.13_15.02.01.csv,train/driving_B_2020.02.13_15.02.01.csv#block-000@time-480.000s,block-000,480.000,62.8789,62.88,62.88,0.0000,0.0500,3.656611
907,longdress,static_B_2020.02.27_18.39.27.csv,train/static_B_2020.02.27_18.39.27.csv#block-001@time-3312.000s,block-001,3312.000,47.8750,47.87,47.87,0.0000,0.0500,3.620742
908,loot,driving_B_2020.02.14_12.58.17.csv,train/driving_B_2020.02.14_12.58.17.csv#block-002@time-716.000s,block-002,716.000,40.8697,40.87,40.87,0.0000,0.0500,3.731958
909,redandblack,driving_B_2020.02.14_12.58.17.csv,train/driving_B_2020.02.14_12.58.17.csv#block-002@time-716.000s,block-002,716.000,38.8486,38.85,38.85,0.0000,0.0500,4.099758
910,soldier,driving_B_2020.02.13_13.03.24.csv,train/driving_B_2020.02.13_13.03.24.csv#block-000@time-300.000s,block-000,300.000,30.0972,30.10,30.10,0.0000,0.0500,3.606936
911,longdress,driving_B_2020.01.16_09.56.56.csv,train/driving_B_2020.01.16_09.56.56.csv#block-001@time-759.000s,block-001,759.000,30.4626,30.46,30.46,0.0000,0.0500,3.807304
912,loot,static_B_2020.02.14_13.21.26.csv,train/static_B_2020.02.14_13.21.26.csv#block-000@time-420.000s,block-000,420.000,72.2098,72.21,72.21,0.0000,0.0500,3.803254
913,redandblack,driving_B_2020.01.16_09.56.56.csv,train/driving_B_2020.01.16_09.56.56.csv#block-000@time-120.000s,block-000,120.000,-6.1144,-6.11,-6.11,0.0000,0.0500,3.628526
914,soldier,driving_B_2020.02.13_13.03.24.csv,train/driving_B_2020.02.13_13.03.24.csv#block-001@time-1514.000s,block-001,1514.000,11.4225,11.42,11.42,0.0000,0.0500,3.707665
915,longdress,driving_B_2019.12.16_12.27.05.csv,train/driving_B_2019.12.16_12.27.05.csv#block-000@time-720.000s,block-000,720.000,22.4206,22.42,22.42,0.0000,0.0500,3.606527
916,loot,static_B_2020.02.27_18.39.27.csv,train/static_B_2020.02.27_18.39.27.csv#block-001@time-4032.000s,block-001,4032.000,82.7198,82.72,82.72,0.0000,0.0500,3.327348
917,redandblack,static_B_2020.02.14_13.21.26.csv,train/static_B_2020.02.14_13.21.26.csv#block-000@time-900.000s,block-000,900.000,71.7630,71.76,71.76,0.0000,0.0500,3.563803
918,soldier,driving_B_2019.12.17_07.32.39.csv,train/driving_B_2019.12.17_07.32.39.csv#block-000@time-780.000s,block-000,780.000,24.6048,24.60,24.60,0.0000,0.0500,3.662266
919,longdress,static_B_2020.02.27_18.39.27.csv,train/static_B_2020.02.27_18.39.27.csv#block-001@time-6132.000s,block-001,6132.000,78.3795,78.38,78.38,0.0000,0.0500,3.780639
920,loot,driving_B_2020.02.13_15.02.01.csv,train/driving_B_2020.02.13_15.02.01.csv#block-000@time-2520.000s,block-000,2520.000,22.4989,22.50,22.50,0.0000,0.0500,3.869125
921,redandblack,driving_B_2020.01.16_12.10.03.csv,train/driving_B_2020.01.16_12.10.03.csv#block-000@time-240.000s,block-000,240.000,85.2857,85.29,85.29,1.1255,0.0500,3.736829
922,soldier,driving_B_2019.12.16_12.27.05.csv,train/driving_B_2019.12.16_12.27.05.csv#block-000@time-240.000s,block-000,240.000,29.8012,29.80,29.80,0.0000,0.0500,3.659788
923,longdress,driving_B_2020.02.13_13.03.24.csv,train/driving_B_2020.02.13_13.03.24.csv#block-001@time-1334.000s,block-001,1334.000,-2.3316,-2.33,-2.33,0.0000,0.0500,3.990848
924,loot,driving_B_2020.02.13_13.03.24.csv,train/driving_B_2020.02.13_13.03.24.csv#block-001@time-1394.000s,block-001,1394.000,40.9052,40.91,40.91,0.0000,0.0500,3.787603
925,redandblack,driving_B_2020.01.16_09.56.56.csv,train/driving_B_2020.01.16_09.56.56.csv#block-001@time-879.000s,block-001,879.000,55.4162,55.42,55.42,0.0000,0.0500,3.707418
926,soldier,driving_B_2019.12.16_12.27.05.csv,train/driving_B_2019.12.16_12.27.05.csv#block-000@time-1140.000s,block-000,1140.000,41.7590,41.76,41.76,0.0000,0.0500,3.686401
927,longdress,driving_B_2020.02.13_13.03.24.csv,train/driving_B_2020.02.13_13.03.24.csv#block-001@time-1934.000s,block-001,1934.000,3.0274,3.03,3.03,0.0000,0.0500,3.858001
928,loot,driving_B_2020.02.14_12.58.17.csv,train/driving_B_2020.02.14_12.58.17.csv#block-002@time-656.000s,block-002,656.000,48.4824,48.48,48.48,0.0000,0.0500,3.676749
929,redandblack,driving_B_2019.12.16_12.27.05.csv,train/driving_B_2019.12.16_12.27.05.csv#block-000@time-600.000s,block-000,600.000,3.7973,3.80,3.80,0.0000,0.0500,3.573864
930,soldier,static_B_2019.12.16_13.40.04.csv,train/static_B_2019.12.16_13.40.04.csv#block-001@time-655.000s,block-001,655.000,52.8649,52.86,52.86,0.0000,0.0500,3.556567
931,longdress,driving_B_2020.02.13_15.02.01.csv,train/driving_B_2020.02.13_15.02.01.csv#block-000@time-1620.000s,block-000,1620.000,8.3435,8.34,8.34,0.0000,0.0500,3.669536
932,loot,driving_B_2019.12.17_07.32.39.csv,train/driving_B_2019.12.17_07.32.39.csv#block-000@time-1020.000s,block-000,1020.000,25.3181,25.32,25.32,0.0000,0.0500,3.660338
933,redandblack,driving_B_2020.02.14_12.58.17.csv,train/driving_B_2020.02.14_12.58.17.csv#block-002@time-536.000s,block-002,536.000,-6.0733,-6.07,-6.07,0.0000,0.0500,3.817691
934,soldier,driving_B_2020.02.13_13.03.24.csv,train/driving_B_2020.02.13_13.03.24.csv#block-001@time-1994.000s,block-001,1994.000,41.6519,41.65,41.65,0.0000,0.0500,3.433765
935,longdress,static_B_2020.02.14_13.21.26.csv,train/static_B_2020.02.14_13.21.26.csv#block-000@time-540.000s,block-000,540.000,79.4131,79.41,79.41,0.0000,0.0500,3.648148
936,loot,static_B_2019.12.16_13.40.04.csv,train/static_B_2019.12.16_13.40.04.csv#block-006@time-2232.000s,block-006,2232.000,84.7150,84.71,84.71,1.2102,0.0500,3.962944
937,redandblack,static_B_2019.12.16_13.40.04.csv,train/static_B_2019.12.16_13.40.04.csv#block-000@time-180.000s,block-000,180.000,64.3177,64.32,64.32,0.0000,0.0500,3.605946
938,soldier,driving_B_2020.02.13_15.02.01.csv,train/driving_B_2020.02.13_15.02.01.csv#block-000@time-2400.000s,block-000,2400.000,85.0890,85.09,85.09,0.0000,0.0500,3.790529
939,longdress,static_B_2020.02.14_13.21.26.csv,train/static_B_2020.02.14_13.21.26.csv#block-000@time-120.000s,block-000,120.000,85.2141,85.21,85.21,0.0000,0.0500,3.676968
940,loot,driving_B_2020.02.27_17.30.15.csv,train/driving_B_2020.02.27_17.30.15.csv#block-002@time-533.000s,block-002,533.000,-83.2684,-83.27,-83.27,0.0000,0.0500,3.722736
941,redandblack,static_B_2019.12.16_13.40.04.csv,train/static_B_2019.12.16_13.40.04.csv#block-006@time-2172.000s,block-006,2172.000,79.0905,79.09,79.09,1.4532,0.0500,3.833957
942,soldier,driving_B_2020.02.13_13.03.24.csv,train/driving_B_2020.02.13_13.03.24.csv#block-001@time-1694.000s,block-001,1694.000,22.7969,22.80,22.80,0.0000,0.0500,3.491560
943,longdress,driving_B_2019.12.17_07.32.39.csv,train/driving_B_2019.12.17_07.32.39.csv#block-000@time-240.000s,block-000,240.000,25.5065,25.51,25.51,0.0000,0.0500,3.894877
944,loot,driving_B_2019.12.16_12.27.05.csv,train/driving_B_2019.12.16_12.27.05.csv#block-000@time-840.000s,block-000,840.000,55.0158,55.02,55.02,0.0000,0.0500,3.592506
945,redandblack,driving_B_2019.12.17_07.32.39.csv,train/driving_B_2019.12.17_07.32.39.csv#block-000@time-1140.000s,block-000,1140.000,55.9561,55.96,55.96,0.0000,0.0500,3.564153
946,soldier,driving_B_2020.02.14_12.58.17.csv,train/driving_B_2020.02.14_12.58.17.csv#block-002@time-656.000s,block-002,656.000,34.5387,34.54,34.54,0.0000,0.0500,3.789477
947,longdress,driving_B_2020.02.13_13.03.24.csv,train/driving_B_2020.02.13_13.03.24.csv#block-001@time-1094.000s,block-001,1094.000,21.6746,21.67,21.67,0.0000,0.0500,3.550643
948,loot,driving_B_2020.01.16_07.26.43.csv,train/driving_B_2020.01.16_07.26.43.csv#block-000@time-300.000s,block-000,300.000,56.3342,56.33,56.33,0.0000,0.0500,3.828683
949,redandblack,driving_B_2019.12.17_07.32.39.csv,train/driving_B_2019.12.17_07.32.39.csv#block-004@time-2537.000s,block-004,2537.000,85.3773,85.38,85.38,1.3056,0.0500,3.467160
950,soldier,driving_B_2020.01.16_12.10.03.csv,train/driving_B_2020.01.16_12.10.03.csv#block-000@time-300.000s,block-000,300.000,28.9699,28.97,28.97,0.0000,0.0500,3.586246
951,longdress,driving_B_2020.01.16_09.56.56.csv,train/driving_B_2020.01.16_09.56.56.csv#block-001@time-519.000s,block-001,519.000,35.2865,35.29,35.29,0.0000,0.0500,3.958651
952,loot,driving_B_2020.02.14_09.38.22.csv,train/driving_B_2020.02.14_09.38.22.csv#block-000@time-900.000s,block-000,900.000,5.0787,5.08,5.08,0.0000,0.0500,3.724859
953,redandblack,driving_B_2020.01.16_12.10.03.csv,train/driving_B_2020.01.16_12.10.03.csv#block-000@time-120.000s,block-000,120.000,84.9656,84.97,84.97,1.2030,0.0500,3.643331
954,soldier,static_B_2019.12.16_13.40.04.csv,train/static_B_2019.12.16_13.40.04.csv#block-000@time-420.000s,block-000,420.000,60.8695,60.87,60.87,0.0000,0.0500,4.105927
955,longdress,driving_B_2019.12.17_07.32.39.csv,train/driving_B_2019.12.17_07.32.39.csv#block-003@time-1774.000s,block-003,1774.000,22.8874,22.89,22.89,0.0000,0.0500,4.349827
956,loot,driving_B_2020.01.16_09.56.56.csv,train/driving_B_2020.01.16_09.56.56.csv#block-000@time-360.000s,block-000,360.000,56.6422,56.64,56.64,0.0000,0.0500,3.761765
957,redandblack,driving_B_2020.02.14_12.58.17.csv,train/driving_B_2020.02.14_12.58.17.csv#block-002@time-716.000s,block-002,716.000,39.4561,39.46,39.46,0.0000,0.0500,3.868291
958,soldier,driving_B_2019.12.16_12.27.05.csv,train/driving_B_2019.12.16_12.27.05.csv#block-000@time-480.000s,block-000,480.000,24.4876,24.49,24.49,0.0000,0.0500,3.572632
959,longdress,driving_B_2020.02.13_15.02.01.csv,train/driving_B_2020.02.13_15.02.01.csv#block-000@time-240.000s,block-000,240.000,57.0800,57.08,57.08,0.0000,0.0500,3.645982
960,loot,driving_B_2020.02.13_15.02.01.csv,train/driving_B_2020.02.13_15.02.01.csv#block-000@time-1380.000s,block-000,1380.000,57.1906,57.19,57.19,0.0000,0.0500,3.633363
961,redandblack,static_B_2019.12.16_13.40.04.csv,train/static_B_2019.12.16_13.40.04.csv#block-005@time-1646.000s,block-005,1646.000,85.2754,85.28,85.28,0.9597,0.0500,3.740308
962,soldier,static_B_2020.02.27_18.39.27.csv,train/static_B_2020.02.27_18.39.27.csv#block-001@time-132.000s,block-001,132.000,73.8303,73.83,73.83,0.0000,0.0500,3.864173
963,longdress,driving_B_2020.02.14_09.38.22.csv,train/driving_B_2020.02.14_09.38.22.csv#block-000@time-600.000s,block-000,600.000,28.8832,28.88,28.88,0.0000,0.0500,3.590155
964,loot,driving_B_2020.01.16_09.56.56.csv,train/driving_B_2020.01.16_09.56.56.csv#block-000@time-60.000s,block-000,60.000,19.0239,19.02,19.02,0.0000,0.0500,3.535545
965,redandblack,driving_B_2020.02.13_15.02.01.csv,train/driving_B_2020.02.13_15.02.01.csv#block-000@time-600.000s,block-000,600.000,42.8269,42.83,42.83,0.0000,0.0500,3.829908
966,soldier,driving_B_2020.02.27_17.30.15.csv,train/driving_B_2020.02.27_17.30.15.csv#block-002@time-533.000s,block-002,533.000,-13.4586,-13.46,-13.46,0.0000,0.0500,3.903577
967,longdress,driving_B_2020.02.13_15.02.01.csv,train/driving_B_2020.02.13_15.02.01.csv#block-000@time-660.000s,block-000,660.000,38.8321,38.83,38.83,0.0000,0.0500,3.685801
968,loot,driving_B_2020.02.14_09.38.22.csv,train/driving_B_2020.02.14_09.38.22.csv#block-000@time-540.000s,block-000,540.000,26.0543,26.05,26.05,0.0000,0.0500,3.847952
969,redandblack,driving_B_2019.12.17_07.32.39.csv,train/driving_B_2019.12.17_07.32.39.csv#block-000@time-60.000s,block-000,60.000,51.4161,51.42,51.42,0.0000,0.0500,3.818706
970,soldier,driving_B_2020.02.14_12.58.17.csv,train/driving_B_2020.02.14_12.58.17.csv#block-000@time-0.000s,block-000,0.000,26.0463,26.05,26.05,0.0000,0.0500,3.648481
971,longdress,driving_B_2020.02.14_09.38.22.csv,train/driving_B_2020.02.14_09.38.22.csv#block-000@time-1440.000s,block-000,1440.000,78.3528,78.35,78.35,0.0000,0.0500,3.926673
972,loot,static_B_2019.12.16_13.40.04.csv,train/static_B_2019.12.16_13.40.04.csv#block-005@time-1346.000s,block-005,1346.000,-73.7039,-73.70,-73.70,0.0000,0.0500,3.819966
973,redandblack,static_B_2020.02.14_13.21.26.csv,train/static_B_2020.02.14_13.21.26.csv#block-000@time-720.000s,block-000,720.000,84.4442,84.44,84.44,0.0000,0.0500,3.807067
974,soldier,static_B_2020.02.27_18.39.27.csv,train/static_B_2020.02.27_18.39.27.csv#block-001@time-1632.000s,block-001,1632.000,58.4752,58.48,58.48,0.0000,0.0500,3.904782
975,longdress,driving_B_2020.02.14_09.38.22.csv,train/driving_B_2020.02.14_09.38.22.csv#block-000@time-0.000s,block-000,0.000,19.3040,19.30,19.30,0.0000,0.0500,3.682063
976,loot,driving_B_2019.12.17_07.32.39.csv,train/driving_B_2019.12.17_07.32.39.csv#block-000@time-1200.000s,block-000,1200.000,62.9601,62.96,62.96,0.4903,0.0500,3.664098
977,redandblack,driving_B_2020.01.16_09.56.56.csv,train/driving_B_2020.01.16_09.56.56.csv#block-001@time-1599.000s,block-001,1599.000,78.6794,78.68,78.68,0.0000,0.0500,3.619998
978,soldier,driving_B_2020.02.14_09.38.22.csv,train/driving_B_2020.02.14_09.38.22.csv#block-000@time-1020.000s,block-000,1020.000,80.9921,80.99,80.99,0.0000,0.0500,3.918971
979,longdress,static_B_2020.02.27_18.39.27.csv,train/static_B_2020.02.27_18.39.27.csv#block-001@time-4752.000s,block-001,4752.000,67.3534,67.35,67.35,0.0000,0.0500,3.441679
980,loot,driving_B_2020.01.16_07.26.43.csv,train/driving_B_2020.01.16_07.26.43.csv#block-000@time-1800.000s,block-000,1800.000,46.2976,46.30,46.30,0.0000,0.0500,3.619815
981,redandblack,driving_B_2020.02.14_09.38.22.csv,train/driving_B_2020.02.14_09.38.22.csv#block-000@time-1380.000s,block-000,1380.000,23.4869,23.49,23.49,0.0000,0.0500,3.650971
982,soldier,driving_B_2020.02.27_17.30.15.csv,train/driving_B_2020.02.27_17.30.15.csv#block-002@time-473.000s,block-002,473.000,4.1878,4.19,4.19,0.0000,0.0500,3.772673
983,longdress,static_B_2020.02.27_18.39.27.csv,train/static_B_2020.02.27_18.39.27.csv#block-001@time-6012.000s,block-001,6012.000,52.9883,52.99,52.99,0.2177,0.0500,3.528193
984,loot,driving_B_2020.01.16_12.10.03.csv,train/driving_B_2020.01.16_12.10.03.csv#block-000@time-60.000s,block-000,60.000,56.1447,56.14,56.14,0.0000,0.0500,3.741312
985,redandblack,driving_B_2020.01.16_12.10.03.csv,train/driving_B_2020.01.16_12.10.03.csv#block-000@time-180.000s,block-000,180.000,78.4762,78.48,78.48,0.0233,0.0500,3.686561
986,soldier,driving_B_2020.01.16_12.10.03.csv,train/driving_B_2020.01.16_12.10.03.csv#block-000@time-180.000s,block-000,180.000,82.6713,82.67,82.67,0.0000,0.0500,3.793629
987,longdress,static_B_2020.02.14_13.21.26.csv,train/static_B_2020.02.14_13.21.26.csv#block-000@time-0.000s,block-000,0.000,45.2081,45.21,45.21,0.0000,0.0500,4.053800
988,loot,driving_B_2020.02.13_15.02.01.csv,train/driving_B_2020.02.13_15.02.01.csv#block-000@time-1740.000s,block-000,1740.000,4.5070,4.51,4.51,0.0000,0.0500,3.556479
989,redandblack,static_B_2019.12.16_13.40.04.csv,train/static_B_2019.12.16_13.40.04.csv#block-001@time-835.000s,block-001,835.000,85.4349,85.43,85.43,0.9589,0.0500,3.881494
990,soldier,driving_B_2020.01.16_09.56.56.csv,train/driving_B_2020.01.16_09.56.56.csv#block-001@time-1419.000s,block-001,1419.000,39.1388,39.14,39.14,0.0000,0.0500,3.908165
991,longdress,driving_B_2019.12.17_07.32.39.csv,train/driving_B_2019.12.17_07.32.39.csv#block-000@time-120.000s,block-000,120.000,35.1416,35.14,35.14,0.0000,0.0500,3.579396
992,loot,driving_B_2020.02.13_15.02.01.csv,train/driving_B_2020.02.13_15.02.01.csv#block-000@time-1080.000s,block-000,1080.000,30.6465,30.65,30.65,0.0000,0.0500,3.752603
993,redandblack,driving_B_2019.12.17_07.32.39.csv,train/driving_B_2019.12.17_07.32.39.csv#block-003@time-2014.000s,block-003,2014.000,17.3393,17.34,17.34,0.0000,0.0500,3.784587
994,soldier,static_B_2019.12.16_13.40.04.csv,train/static_B_2019.12.16_13.40.04.csv#block-001@time-1015.000s,block-001,1015.000,31.4786,31.48,31.48,0.0000,0.0500,3.617971
995,longdress,static_B_2020.02.27_18.39.27.csv,train/static_B_2020.02.27_18.39.27.csv#block-001@time-1752.000s,block-001,1752.000,61.4517,61.45,61.45,0.0000,0.0500,3.941510
996,loot,driving_B_2019.12.17_07.32.39.csv,train/driving_B_2019.12.17_07.32.39.csv#block-000@time-900.000s,block-000,900.000,28.8782,28.88,28.88,0.0000,0.0500,3.746724
997,redandblack,driving_B_2020.01.16_09.56.56.csv,train/driving_B_2020.01.16_09.56.56.csv#block-001@time-1239.000s,block-001,1239.000,54.0763,54.08,54.08,0.0000,0.0500,3.520419
998,soldier,static_B_2020.02.14_13.21.26.csv,train/static_B_2020.02.14_13.21.26.csv#block-000@time-900.000s,block-000,900.000,60.8349,60.83,60.83,0.0000,0.0500,3.621168
999,longdress,driving_B_2020.02.14_09.38.22.csv,train/driving_B_2020.02.14_09.38.22.csv#block-000@time-420.000s,block-000,420.000,22.2055,22.21,22.21,0.0000,0.0500,3.940846
1000,loot,driving_B_2019.12.16_12.27.05.csv,train/driving_B_2019.12.16_12.27.05.csv#block-000@time-360.000s,block-000,360.000,32.4972,32.50,32.50,0.0000,0.0500,3.811775
1001,redandblack,driving_B_2019.12.17_07.32.39.csv,train/driving_B_2019.12.17_07.32.39.csv#block-000@time-960.000s,block-000,960.000,40.6859,40.69,40.69,0.0000,0.0500,3.962510
1002,soldier,driving_B_2020.02.13_13.03.24.csv,train/driving_B_2020.02.13_13.03.24.csv#block-000@time-540.000s,block-000,540.000,32.5434,32.54,32.54,0.0000,0.0500,3.644288
1003,longdress,driving_B_2020.02.27_17.30.15.csv,train/driving_B_2020.02.27_17.30.15.csv#block-002@time-353.000s,block-002,353.000,-31.7617,-31.76,-31.76,0.0000,0.0500,3.632229
1004,loot,driving_B_2019.12.16_12.27.05.csv,train/driving_B_2019.12.16_12.27.05.csv#block-000@time-120.000s,block-000,120.000,55.0541,55.05,55.05,0.0000,0.0500,3.726246
1005,redandblack,driving_B_2020.01.16_12.10.03.csv,train/driving_B_2020.01.16_12.10.03.csv#block-000@time-120.000s,block-000,120.000,85.2907,85.29,85.29,1.2029,0.0500,4.325090
1006,soldier,driving_B_2020.01.16_07.26.43.csv,train/driving_B_2020.01.16_07.26.43.csv#block-000@time-1320.000s,block-000,1320.000,23.6927,23.69,23.69,0.0000,0.0500,4.188526
1007,longdress,static_B_2020.02.14_13.21.26.csv,train/static_B_2020.02.14_13.21.26.csv#block-000@time-0.000s,block-000,0.000,42.3961,42.40,42.40,0.0000,0.0500,3.765958
1008,loot,static_B_2020.02.27_18.39.27.csv,train/static_B_2020.02.27_18.39.27.csv#block-001@time-4992.000s,block-001,4992.000,77.4976,77.50,77.50,0.0000,0.0500,4.190946
1009,redandblack,driving_B_2020.02.27_17.30.15.csv,train/driving_B_2020.02.27_17.30.15.csv#block-002@time-413.000s,block-002,413.000,29.1416,29.14,29.14,0.0000,0.0500,4.042270
1010,soldier,driving_B_2019.12.16_12.27.05.csv,train/driving_B_2019.12.16_12.27.05.csv#block-000@time-240.000s,block-000,240.000,27.5895,27.59,27.59,0.0000,0.0500,4.150857
1011,longdress,static_B_2019.12.16_13.40.04.csv,train/static_B_2019.12.16_13.40.04.csv#block-000@time-0.000s,block-000,0.000,42.5152,42.52,42.52,0.0000,0.0500,3.799984
1012,loot,driving_B_2019.12.16_12.27.05.csv,train/driving_B_2019.12.16_12.27.05.csv#block-000@time-1020.000s,block-000,1020.000,74.1362,74.14,74.14,0.0000,0.0500,3.775463
1013,redandblack,driving_B_2020.02.14_12.58.17.csv,train/driving_B_2020.02.14_12.58.17.csv#block-002@time-536.000s,block-002,536.000,-32.3751,-32.38,-32.38,0.0000,0.0500,3.906246
1014,soldier,driving_B_2019.12.16_12.27.05.csv,train/driving_B_2019.12.16_12.27.05.csv#block-000@time-660.000s,block-000,660.000,-93.8265,-93.83,-93.83,0.0000,0.0500,3.849184
1015,longdress,driving_B_2020.02.13_15.02.01.csv,train/driving_B_2020.02.13_15.02.01.csv#block-000@time-1440.000s,block-000,1440.000,-50.8723,-50.87,-50.87,0.0000,0.0500,3.778350
1016,loot,driving_B_2020.01.16_07.26.43.csv,train/driving_B_2020.01.16_07.26.43.csv#block-000@time-1380.000s,block-000,1380.000,35.4357,35.44,35.44,0.0000,0.0500,3.850992
1017,redandblack,driving_B_2020.02.14_12.58.17.csv,train/driving_B_2020.02.14_12.58.17.csv#block-002@time-716.000s,block-002,716.000,31.0435,31.04,31.04,0.0000,0.0500,4.051971
1018,soldier,static_B_2020.02.27_18.39.27.csv,train/static_B_2020.02.27_18.39.27.csv#block-001@time-6612.000s,block-001,6612.000,82.6658,82.67,82.67,0.0000,0.0500,4.164523
1019,longdress,driving_B_2020.02.13_15.02.01.csv,train/driving_B_2020.02.13_15.02.01.csv#block-000@time-2580.000s,block-000,2580.000,24.0077,24.01,24.01,0.0000,0.0500,3.897374
1020,loot,static_B_2020.02.27_18.39.27.csv,train/static_B_2020.02.27_18.39.27.csv#block-001@time-3912.000s,block-001,3912.000,85.2691,85.27,85.27,0.0000,0.0500,3.741518
1021,redandblack,driving_B_2020.01.16_12.10.03.csv,train/driving_B_2020.01.16_12.10.03.csv#block-000@time-180.000s,block-000,180.000,87.8108,87.81,87.81,0.0000,0.0500,3.805843
1022,soldier,driving_B_2020.01.16_12.10.03.csv,train/driving_B_2020.01.16_12.10.03.csv#block-000@time-60.000s,block-000,60.000,40.7824,40.78,40.78,0.0000,0.0500,4.079304
1023,longdress,driving_B_2020.02.13_13.03.24.csv,train/driving_B_2020.02.13_13.03.24.csv#block-000@time-480.000s,block-000,480.000,32.4586,32.46,32.46,0.0000,0.0500,3.991557
1024,loot,driving_B_2019.12.17_07.32.39.csv,train/driving_B_2019.12.17_07.32.39.csv#block-003@time-1714.000s,block-003,1714.000,26.2202,26.22,26.22,0.0000,0.0500,3.967120
1025,redandblack,driving_B_2019.12.17_07.32.39.csv,train/driving_B_2019.12.17_07.32.39.csv#block-000@time-1320.000s,block-000,1320.000,38.5273,38.53,38.53,0.0000,0.0500,3.883701
1026,soldier,driving_B_2020.02.14_12.58.17.csv,train/driving_B_2020.02.14_12.58.17.csv#block-002@time-536.000s,block-002,536.000,-5.6575,-5.66,-5.66,0.0000,0.0500,4.120102
1027,longdress,driving_B_2020.02.13_13.03.24.csv,train/driving_B_2020.02.13_13.03.24.csv#block-001@time-1754.000s,block-001,1754.000,17.3099,17.31,17.31,0.0000,0.0500,3.711767
1028,loot,driving_B_2020.02.27_17.30.15.csv,train/driving_B_2020.02.27_17.30.15.csv#block-002@time-353.000s,block-002,353.000,-11.4510,-11.45,-11.45,0.0000,0.0500,3.843052
1029,redandblack,driving_B_2020.02.27_17.30.15.csv,train/driving_B_2020.02.27_17.30.15.csv#block-002@time-533.000s,block-002,533.000,-28.2738,-28.27,-28.27,0.0000,0.0500,4.279572
1030,soldier,driving_B_2020.02.27_17.30.15.csv,train/driving_B_2020.02.27_17.30.15.csv#block-002@time-353.000s,block-002,353.000,-35.5633,-35.56,-35.56,0.0000,0.0500,4.091394
1031,longdress,driving_B_2020.01.16_07.26.43.csv,train/driving_B_2020.01.16_07.26.43.csv#block-000@time-540.000s,block-000,540.000,25.1712,25.17,25.17,0.0000,0.0500,4.003454
1032,loot,driving_B_2020.01.16_09.56.56.csv,train/driving_B_2020.01.16_09.56.56.csv#block-001@time-699.000s,block-001,699.000,81.5435,81.54,81.54,2.8593,0.0500,4.104123
1033,redandblack,static_B_2020.02.14_13.21.26.csv,train/static_B_2020.02.14_13.21.26.csv#block-000@time-780.000s,block-000,780.000,64.9595,64.96,64.96,0.0000,0.0500,3.680583
1034,soldier,driving_B_2019.12.17_07.32.39.csv,train/driving_B_2019.12.17_07.32.39.csv#block-003@time-1654.000s,block-003,1654.000,24.2145,24.21,24.21,0.0000,0.0500,3.972082
1035,longdress,static_B_2019.12.16_13.40.04.csv,train/static_B_2019.12.16_13.40.04.csv#block-001@time-595.000s,block-001,595.000,70.8790,70.88,70.88,0.0000,0.0500,3.772349
1036,loot,driving_B_2020.02.13_15.02.01.csv,train/driving_B_2020.02.13_15.02.01.csv#block-000@time-1800.000s,block-000,1800.000,-106.9754,-106.98,-106.98,0.0000,0.0500,4.003825
1037,redandblack,driving_B_2020.02.27_17.30.15.csv,train/driving_B_2020.02.27_17.30.15.csv#block-002@time-293.000s,block-002,293.000,-91.9401,-91.94,-91.94,0.0000,0.0500,3.933433
1038,soldier,driving_B_2020.02.27_17.30.15.csv,train/driving_B_2020.02.27_17.30.15.csv#block-002@time-473.000s,block-002,473.000,-350.1181,-350.12,-350.12,0.0000,0.0500,3.877404
1039,longdress,driving_B_2020.02.14_09.38.22.csv,train/driving_B_2020.02.14_09.38.22.csv#block-000@time-1260.000s,block-000,1260.000,32.5603,32.56,32.56,0.0000,0.0500,4.010992
1040,loot,driving_B_2020.01.16_07.26.43.csv,train/driving_B_2020.01.16_07.26.43.csv#block-000@time-960.000s,block-000,960.000,5.5525,5.55,5.55,0.0000,0.0500,4.015628
1041,redandblack,driving_B_2020.01.16_09.56.56.csv,train/driving_B_2020.01.16_09.56.56.csv#block-001@time-1299.000s,block-001,1299.000,55.7717,55.77,55.77,0.0000,0.0500,3.984795
1042,soldier,driving_B_2020.01.16_07.26.43.csv,train/driving_B_2020.01.16_07.26.43.csv#block-000@time-1020.000s,block-000,1020.000,26.0995,26.10,26.10,0.0000,0.0500,4.013574
1043,longdress,driving_B_2020.01.16_09.56.56.csv,train/driving_B_2020.01.16_09.56.56.csv#block-000@time-300.000s,block-000,300.000,75.7374,75.74,75.74,0.0000,0.0500,4.074401
1044,loot,driving_B_2020.02.13_15.02.01.csv,train/driving_B_2020.02.13_15.02.01.csv#block-000@time-2820.000s,block-000,2820.000,70.7779,70.78,70.78,0.0000,0.0500,3.969312
1045,redandblack,static_B_2020.02.27_18.39.27.csv,train/static_B_2020.02.27_18.39.27.csv#block-001@time-1452.000s,block-001,1452.000,79.9869,79.99,79.99,0.0000,0.0500,4.166935
1046,soldier,driving_B_2020.02.14_12.58.17.csv,train/driving_B_2020.02.14_12.58.17.csv#block-002@time-596.000s,block-002,596.000,16.4563,16.46,16.46,0.0000,0.0500,3.686188
1047,longdress,static_B_2020.02.27_18.39.27.csv,train/static_B_2020.02.27_18.39.27.csv#block-001@time-192.000s,block-001,192.000,84.2901,84.29,84.29,0.0000,0.0500,3.975172
1048,loot,static_B_2020.02.27_18.39.27.csv,train/static_B_2020.02.27_18.39.27.csv#block-001@time-1932.000s,block-001,1932.000,61.2486,61.25,61.25,0.0000,0.0500,3.724039
1049,redandblack,driving_B_2020.02.14_09.38.22.csv,train/driving_B_2020.02.14_09.38.22.csv#block-000@time-840.000s,block-000,840.000,31.9230,31.92,31.92,0.0000,0.0500,3.616311
1050,soldier,driving_B_2020.02.14_12.58.17.csv,train/driving_B_2020.02.14_12.58.17.csv#block-002@time-596.000s,block-002,596.000,23.3972,23.40,23.40,0.0000,0.0500,3.827020
1051,longdress,driving_B_2020.02.27_17.30.15.csv,train/driving_B_2020.02.27_17.30.15.csv#block-002@time-293.000s,block-002,293.000,-37.2134,-37.21,-37.21,0.0000,0.0500,3.922714
1052,loot,driving_B_2020.02.14_12.58.17.csv,train/driving_B_2020.02.14_12.58.17.csv#block-002@time-656.000s,block-002,656.000,48.4879,48.49,48.49,0.0000,0.0500,3.919759
1053,redandblack,driving_B_2019.12.16_12.27.05.csv,train/driving_B_2019.12.16_12.27.05.csv#block-000@time-780.000s,block-000,780.000,48.4959,48.50,48.50,0.0000,0.0500,3.864082
1054,soldier,driving_B_2020.02.14_09.38.22.csv,train/driving_B_2020.02.14_09.38.22.csv#block-000@time-780.000s,block-000,780.000,68.5279,68.53,68.53,0.0000,0.0500,3.899192
1055,longdress,driving_B_2020.02.14_12.58.17.csv,train/driving_B_2020.02.14_12.58.17.csv#block-002@time-656.000s,block-002,656.000,42.1935,42.19,42.19,0.0000,0.0500,4.244266
1056,loot,driving_B_2019.12.16_12.27.05.csv,train/driving_B_2019.12.16_12.27.05.csv#block-000@time-1200.000s,block-000,1200.000,33.6435,33.64,33.64,0.0000,0.0500,3.975759
1057,redandblack,static_B_2020.02.14_13.21.26.csv,train/static_B_2020.02.14_13.21.26.csv#block-000@time-600.000s,block-000,600.000,82.9807,82.98,82.98,1.3047,0.0500,4.190693
1058,soldier,static_B_2019.12.16_13.40.04.csv,train/static_B_2019.12.16_13.40.04.csv#block-000@time-300.000s,block-000,300.000,17.4863,17.49,17.49,0.0000,0.0500,3.973088
1059,longdress,driving_B_2020.01.16_07.26.43.csv,train/driving_B_2020.01.16_07.26.43.csv#block-000@time-840.000s,block-000,840.000,48.8300,48.83,48.83,0.0000,0.0500,4.239229
1060,loot,static_B_2020.02.27_18.39.27.csv,train/static_B_2020.02.27_18.39.27.csv#block-001@time-552.000s,block-001,552.000,73.6731,73.67,73.67,0.0000,0.0500,4.020258
1061,redandblack,driving_B_2020.01.16_09.56.56.csv,train/driving_B_2020.01.16_09.56.56.csv#block-001@time-1479.000s,block-001,1479.000,54.3262,54.33,54.33,0.0000,0.0500,4.154179
1062,soldier,driving_B_2019.12.17_07.32.39.csv,train/driving_B_2019.12.17_07.32.39.csv#block-004@time-2417.000s,block-004,2417.000,20.8709,20.87,20.87,0.0000,0.0500,4.067232
1063,longdress,driving_B_2020.02.13_13.03.24.csv,train/driving_B_2020.02.13_13.03.24.csv#block-001@time-914.000s,block-001,914.000,-42.4039,-42.40,-42.40,0.0000,0.0500,3.934726
1064,loot,driving_B_2020.01.16_12.10.03.csv,train/driving_B_2020.01.16_12.10.03.csv#block-000@time-0.000s,block-000,0.000,85.0383,85.04,85.04,1.3061,0.0500,4.043955
1065,redandblack,driving_B_2020.01.16_09.56.56.csv,train/driving_B_2020.01.16_09.56.56.csv#block-000@time-240.000s,block-000,240.000,53.1051,53.11,53.11,0.0000,0.0500,3.891688
1066,soldier,driving_B_2020.01.16_12.10.03.csv,train/driving_B_2020.01.16_12.10.03.csv#block-000@time-0.000s,block-000,0.000,78.0195,78.02,78.02,0.9163,0.0500,3.795109
1067,longdress,driving_B_2020.01.16_12.10.03.csv,train/driving_B_2020.01.16_12.10.03.csv#block-000@time-240.000s,block-000,240.000,73.5022,73.50,73.50,0.0000,0.0500,3.967715
1068,loot,driving_B_2020.02.14_09.38.22.csv,train/driving_B_2020.02.14_09.38.22.csv#block-000@time-1440.000s,block-000,1440.000,83.2552,83.26,83.26,1.3763,0.0500,4.090089
1069,redandblack,driving_B_2020.01.16_07.26.43.csv,train/driving_B_2020.01.16_07.26.43.csv#block-000@time-480.000s,block-000,480.000,28.3938,28.39,28.39,0.0000,0.0500,4.087365
1070,soldier,driving_B_2020.01.16_12.10.03.csv,train/driving_B_2020.01.16_12.10.03.csv#block-000@time-300.000s,block-000,300.000,34.8485,34.85,34.85,0.0000,0.0500,3.940248
1071,longdress,driving_B_2020.02.14_09.38.22.csv,train/driving_B_2020.02.14_09.38.22.csv#block-000@time-240.000s,block-000,240.000,19.9775,19.98,19.98,0.0000,0.0500,3.985737
1072,loot,static_B_2020.02.14_13.21.26.csv,train/static_B_2020.02.14_13.21.26.csv#block-000@time-960.000s,block-000,960.000,51.9023,51.90,51.90,0.0000,0.0500,3.795593
1073,redandblack,driving_B_2020.02.13_15.02.01.csv,train/driving_B_2020.02.13_15.02.01.csv#block-000@time-2760.000s,block-000,2760.000,3.4067,3.41,3.41,0.0000,0.0500,4.588786
1074,soldier,driving_B_2020.01.16_07.26.43.csv,train/driving_B_2020.01.16_07.26.43.csv#block-000@time-600.000s,block-000,600.000,23.8115,23.81,23.81,0.0000,0.0500,4.117383
1075,longdress,driving_B_2020.01.16_12.10.03.csv,train/driving_B_2020.01.16_12.10.03.csv#block-000@time-60.000s,block-000,60.000,46.6088,46.61,46.61,0.0000,0.0500,3.893314
1076,loot,driving_B_2020.02.14_09.38.22.csv,train/driving_B_2020.02.14_09.38.22.csv#block-000@time-180.000s,block-000,180.000,16.9638,16.96,16.96,0.0000,0.0500,3.649095
1077,redandblack,static_B_2019.12.16_13.40.04.csv,train/static_B_2019.12.16_13.40.04.csv#block-005@time-1886.000s,block-005,1886.000,64.4133,64.41,64.41,0.0000,0.0500,3.902174
1078,soldier,driving_B_2020.01.16_12.10.03.csv,train/driving_B_2020.01.16_12.10.03.csv#block-000@time-360.000s,block-000,360.000,66.2568,66.26,66.26,0.0000,0.0500,4.215488
1079,longdress,static_B_2020.02.27_18.39.27.csv,train/static_B_2020.02.27_18.39.27.csv#block-001@time-5472.000s,block-001,5472.000,78.0444,78.04,78.04,0.0000,0.0500,4.160247
1080,loot,driving_B_2020.02.13_15.02.01.csv,train/driving_B_2020.02.13_15.02.01.csv#block-000@time-1560.000s,block-000,1560.000,29.3791,29.38,29.38,0.0000,0.0500,4.206564
1081,redandblack,driving_B_2020.02.13_13.03.24.csv,train/driving_B_2020.02.13_13.03.24.csv#block-001@time-1034.000s,block-001,1034.000,30.9145,30.91,30.91,0.0000,0.0500,3.853254
1082,soldier,driving_B_2020.02.13_15.02.01.csv,train/driving_B_2020.02.13_15.02.01.csv#block-000@time-1500.000s,block-000,1500.000,-23.5029,-23.50,-23.50,0.0000,0.0500,4.316482
1083,longdress,driving_B_2020.02.27_17.30.15.csv,train/driving_B_2020.02.27_17.30.15.csv#block-002@time-533.000s,block-002,533.000,-98.6279,-98.63,-98.63,0.0000,0.0500,4.076611
1084,loot,driving_B_2020.01.16_09.56.56.csv,train/driving_B_2020.01.16_09.56.56.csv#block-000@time-240.000s,block-000,240.000,49.2326,49.23,49.23,0.0000,0.0500,3.794229
1085,redandblack,static_B_2020.02.27_18.39.27.csv,train/static_B_2020.02.27_18.39.27.csv#block-001@time-1872.000s,block-001,1872.000,58.2872,58.29,58.29,0.0000,0.0500,4.132584
1086,soldier,driving_B_2020.02.13_13.03.24.csv,train/driving_B_2020.02.13_13.03.24.csv#block-000@time-360.000s,block-000,360.000,30.3009,30.30,30.30,0.0000,0.0500,3.871360
1087,longdress,driving_B_2020.01.16_12.10.03.csv,train/driving_B_2020.01.16_12.10.03.csv#block-000@time-0.000s,block-000,0.000,77.0646,77.06,77.06,0.2494,0.0500,3.946919
1088,loot,static_B_2019.12.16_13.40.04.csv,train/static_B_2019.12.16_13.40.04.csv#block-005@time-2006.000s,block-005,2006.000,55.7757,55.78,55.78,0.0000,0.0500,3.958682
1089,redandblack,driving_B_2020.02.14_12.58.17.csv,train/driving_B_2020.02.14_12.58.17.csv#block-000@time-0.000s,block-000,0.000,20.1562,20.16,20.16,0.0000,0.0500,3.889705
1090,soldier,driving_B_2020.02.13_15.02.01.csv,train/driving_B_2020.02.13_15.02.01.csv#block-000@time-1200.000s,block-000,1200.000,42.3252,42.33,42.33,0.0000,0.0500,3.827049
1091,longdress,driving_B_2020.01.16_07.26.43.csv,train/driving_B_2020.01.16_07.26.43.csv#block-000@time-1140.000s,block-000,1140.000,45.9051,45.91,45.91,0.0000,0.0500,3.801714
1092,loot,driving_B_2020.01.16_09.56.56.csv,train/driving_B_2020.01.16_09.56.56.csv#block-000@time-0.000s,block-000,0.000,50.2492,50.25,50.25,0.0000,0.0500,4.002105
1093,redandblack,static_B_2020.02.27_18.39.27.csv,train/static_B_2020.02.27_18.39.27.csv#block-001@time-5592.000s,block-001,5592.000,24.9798,24.98,24.98,0.0000,0.0500,3.891045
1094,soldier,static_B_2019.12.16_13.40.04.csv,train/static_B_2019.12.16_13.40.04.csv#block-001@time-775.000s,block-001,775.000,82.8799,82.88,82.88,0.0000,0.0500,3.636962
1095,longdress,driving_B_2020.02.14_09.38.22.csv,train/driving_B_2020.02.14_09.38.22.csv#block-000@time-1200.000s,block-000,1200.000,29.2585,29.26,29.26,0.0000,0.0500,3.995844
1096,loot,driving_B_2019.12.16_12.27.05.csv,train/driving_B_2019.12.16_12.27.05.csv#block-000@time-900.000s,block-000,900.000,85.0785,85.08,85.08,0.6819,0.0500,3.812873
1097,redandblack,driving_B_2019.12.16_12.27.05.csv,train/driving_B_2019.12.16_12.27.05.csv#block-000@time-360.000s,block-000,360.000,26.1034,26.10,26.10,0.0000,0.0500,3.809689
1098,soldier,driving_B_2019.12.16_12.27.05.csv,train/driving_B_2019.12.16_12.27.05.csv#block-000@time-1260.000s,block-000,1260.000,69.7289,69.73,69.73,0.3624,0.0500,4.315515
1099,longdress,static_B_2020.02.14_13.21.26.csv,train/static_B_2020.02.14_13.21.26.csv#block-000@time-840.000s,block-000,840.000,82.7370,82.74,82.74,0.0000,0.0500,3.920658
1100,loot,driving_B_2020.02.13_13.03.24.csv,train/driving_B_2020.02.13_13.03.24.csv#block-000@time-240.000s,block-000,240.000,32.4592,32.46,32.46,0.0000,0.0500,4.065437
1101,redandblack,driving_B_2020.01.16_09.56.56.csv,train/driving_B_2020.01.16_09.56.56.csv#block-001@time-1539.000s,block-001,1539.000,48.4738,48.47,48.47,0.0000,0.0500,3.915186
1102,soldier,static_B_2019.12.16_13.40.04.csv,train/static_B_2019.12.16_13.40.04.csv#block-001@time-895.000s,block-001,895.000,59.0203,59.02,59.02,0.0000,0.0500,3.959551
1103,longdress,static_B_2020.02.14_13.21.26.csv,train/static_B_2020.02.14_13.21.26.csv#block-000@time-1080.000s,block-000,1080.000,82.4050,82.41,82.41,0.0000,0.0500,3.820195
1104,loot,static_B_2019.12.16_13.40.04.csv,train/static_B_2019.12.16_13.40.04.csv#block-000@time-240.000s,block-000,240.000,61.8715,61.87,61.87,0.0000,0.0500,3.766092
1105,redandblack,static_B_2019.12.16_13.40.04.csv,train/static_B_2019.12.16_13.40.04.csv#block-005@time-1706.000s,block-005,1706.000,72.5480,72.55,72.55,0.0000,0.0500,4.418631
1106,soldier,static_B_2020.02.14_13.21.26.csv,train/static_B_2020.02.14_13.21.26.csv#block-000@time-720.000s,block-000,720.000,82.6647,82.66,82.66,0.0000,0.0500,4.157162
1107,longdress,driving_B_2020.02.14_12.58.17.csv,train/driving_B_2020.02.14_12.58.17.csv#block-002@time-656.000s,block-002,656.000,38.0591,38.06,38.06,0.0000,0.0500,4.144181
1108,loot,driving_B_2020.02.14_09.38.22.csv,train/driving_B_2020.02.14_09.38.22.csv#block-000@time-1560.000s,block-000,1560.000,56.1690,56.17,56.17,0.0000,0.0500,4.082395
1109,redandblack,driving_B_2019.12.17_07.32.39.csv,train/driving_B_2019.12.17_07.32.39.csv#block-003@time-1594.000s,block-003,1594.000,17.0315,17.03,17.03,0.0000,0.0500,3.826216
1110,soldier,driving_B_2019.12.16_12.27.05.csv,train/driving_B_2019.12.16_12.27.05.csv#block-000@time-180.000s,block-000,180.000,29.9184,29.92,29.92,0.0000,0.0500,4.146189
1111,longdress,driving_B_2020.01.16_07.26.43.csv,train/driving_B_2020.01.16_07.26.43.csv#block-000@time-0.000s,block-000,0.000,9.5577,9.56,9.56,0.0000,0.0500,4.367270
1112,loot,driving_B_2020.01.16_07.26.43.csv,train/driving_B_2020.01.16_07.26.43.csv#block-000@time-1560.000s,block-000,1560.000,36.1870,36.19,36.19,0.0000,0.0500,4.148989
1113,redandblack,driving_B_2020.02.14_09.38.22.csv,train/driving_B_2020.02.14_09.38.22.csv#block-000@time-120.000s,block-000,120.000,20.4800,20.48,20.48,0.0000,0.0500,4.424561
1114,soldier,driving_B_2019.12.16_12.27.05.csv,train/driving_B_2019.12.16_12.27.05.csv#block-000@time-960.000s,block-000,960.000,81.6458,81.65,81.65,0.0000,0.0500,4.252354
1115,longdress,driving_B_2020.01.16_09.56.56.csv,train/driving_B_2020.01.16_09.56.56.csv#block-001@time-1119.000s,block-001,1119.000,73.6587,73.66,73.66,0.0000,0.0500,4.211067
1116,loot,static_B_2020.02.14_13.21.26.csv,train/static_B_2020.02.14_13.21.26.csv#block-000@time-1080.000s,block-000,1080.000,88.8204,88.82,88.82,0.0000,0.0500,4.030011
1117,redandblack,driving_B_2020.02.13_13.03.24.csv,train/driving_B_2020.02.13_13.03.24.csv#block-001@time-974.000s,block-001,974.000,28.4329,28.43,28.43,0.0000,0.0500,4.265475
1118,soldier,driving_B_2020.02.13_13.03.24.csv,train/driving_B_2020.02.13_13.03.24.csv#block-000@time-0.000s,block-000,0.000,17.1204,17.12,17.12,0.0000,0.0500,3.932346
1119,longdress,driving_B_2020.02.14_09.38.22.csv,train/driving_B_2020.02.14_09.38.22.csv#block-000@time-420.000s,block-000,420.000,23.7764,23.78,23.78,0.0000,0.0500,4.312489
1120,loot,driving_B_2020.01.16_07.26.43.csv,train/driving_B_2020.01.16_07.26.43.csv#block-000@time-1260.000s,block-000,1260.000,33.2472,33.25,33.25,0.0000,0.0500,4.240353
1121,redandblack,driving_B_2020.01.16_07.26.43.csv,train/driving_B_2020.01.16_07.26.43.csv#block-000@time-1860.000s,block-000,1860.000,28.1882,28.19,28.19,0.0000,0.0500,4.034238
1122,soldier,driving_B_2020.02.14_12.58.17.csv,train/driving_B_2020.02.14_12.58.17.csv#block-000@time-0.000s,block-000,0.000,23.5392,23.54,23.54,0.0000,0.0500,4.181222
1123,longdress,static_B_2020.02.14_13.21.26.csv,train/static_B_2020.02.14_13.21.26.csv#block-000@time-300.000s,block-000,300.000,39.7930,39.79,39.79,0.0000,0.0500,4.267489
1124,loot,driving_B_2020.02.27_17.30.15.csv,train/driving_B_2020.02.27_17.30.15.csv#block-002@time-413.000s,block-002,413.000,30.4483,30.45,30.45,0.0000,0.0500,3.978488
1125,redandblack,static_B_2020.02.27_18.39.27.csv,train/static_B_2020.02.27_18.39.27.csv#block-001@time-6072.000s,block-001,6072.000,86.3829,86.38,86.38,1.3361,0.0500,4.103359
1126,soldier,driving_B_2020.02.14_12.58.17.csv,train/driving_B_2020.02.14_12.58.17.csv#block-002@time-596.000s,block-002,596.000,23.3878,23.39,23.39,0.0000,0.0500,4.052733
1127,longdress,driving_B_2020.02.13_15.02.01.csv,train/driving_B_2020.02.13_15.02.01.csv#block-000@time-780.000s,block-000,780.000,29.1611,29.16,29.16,0.0000,0.0500,4.342563
1128,loot,driving_B_2020.01.16_12.10.03.csv,train/driving_B_2020.01.16_12.10.03.csv#block-000@time-240.000s,block-000,240.000,90.0116,90.01,90.01,0.7264,0.0500,3.775541
1129,redandblack,driving_B_2020.02.13_15.02.01.csv,train/driving_B_2020.02.13_15.02.01.csv#block-000@time-2100.000s,block-000,2100.000,18.1298,18.13,18.13,0.0000,0.0500,4.168650
1130,soldier,driving_B_2020.01.16_12.10.03.csv,train/driving_B_2020.01.16_12.10.03.csv#block-000@time-300.000s,block-000,300.000,51.3812,51.38,51.38,0.0000,0.0500,4.051037
1131,longdress,static_B_2019.12.16_13.40.04.csv,train/static_B_2019.12.16_13.40.04.csv#block-005@time-1766.000s,block-005,1766.000,79.7834,79.78,79.78,0.0000,0.0500,4.178384
1132,loot,driving_B_2020.02.13_15.02.01.csv,train/driving_B_2020.02.13_15.02.01.csv#block-000@time-900.000s,block-000,900.000,18.7931,18.79,18.79,0.0000,0.0500,4.093989
1133,redandblack,static_B_2020.02.27_18.39.27.csv,train/static_B_2020.02.27_18.39.27.csv#block-001@time-4092.000s,block-001,4092.000,56.9131,56.91,56.91,0.0000,0.0500,3.952805
1134,soldier,driving_B_2020.02.14_09.38.22.csv,train/driving_B_2020.02.14_09.38.22.csv#block-000@time-1500.000s,block-000,1500.000,1.1902,1.19,1.19,0.0000,0.0500,3.899565
1135,longdress,driving_B_2020.02.13_13.03.24.csv,train/driving_B_2020.02.13_13.03.24.csv#block-000@time-60.000s,block-000,60.000,22.0249,22.02,22.02,0.0000,0.0500,4.286955
1136,loot,driving_B_2020.02.14_12.58.17.csv,train/driving_B_2020.02.14_12.58.17.csv#block-000@time-0.000s,block-000,0.000,34.8137,34.81,34.81,0.0000,0.0500,3.814401
1137,redandblack,driving_B_2019.12.16_12.27.05.csv,train/driving_B_2019.12.16_12.27.05.csv#block-000@time-660.000s,block-000,660.000,-41.9637,-41.96,-41.96,0.0000,0.0500,3.896071
1138,soldier,driving_B_2020.02.27_17.30.15.csv,train/driving_B_2020.02.27_17.30.15.csv#block-002@time-353.000s,block-002,353.000,-0.2202,-0.22,-0.22,0.0000,0.0500,3.852820
1139,longdress,driving_B_2020.01.16_07.26.43.csv,train/driving_B_2020.01.16_07.26.43.csv#block-000@time-1740.000s,block-000,1740.000,-17.9184,-17.92,-17.92,0.0000,0.0500,4.401002
1140,loot,driving_B_2020.01.16_09.56.56.csv,train/driving_B_2020.01.16_09.56.56.csv#block-001@time-999.000s,block-001,999.000,29.6348,29.63,29.63,0.0000,0.0500,3.928997
1141,redandblack,driving_B_2020.01.16_12.10.03.csv,train/driving_B_2020.01.16_12.10.03.csv#block-000@time-240.000s,block-000,240.000,70.0090,70.01,70.01,1.5383,0.0500,4.086379
1142,soldier,driving_B_2020.02.13_13.03.24.csv,train/driving_B_2020.02.13_13.03.24.csv#block-000@time-180.000s,block-000,180.000,12.7845,12.78,12.78,0.0000,0.0500,4.335650
1143,longdress,static_B_2020.02.14_13.21.26.csv,train/static_B_2020.02.14_13.21.26.csv#block-000@time-240.000s,block-000,240.000,77.6753,77.68,77.68,0.0000,0.0500,4.171783
1144,loot,static_B_2020.02.14_13.21.26.csv,train/static_B_2020.02.14_13.21.26.csv#block-000@time-480.000s,block-000,480.000,88.9261,88.93,88.93,1.2108,0.0500,3.956411
1145,redandblack,driving_B_2020.01.16_09.56.56.csv,train/driving_B_2020.01.16_09.56.56.csv#block-001@time-1659.000s,block-001,1659.000,77.4111,77.41,77.41,0.7108,0.0500,4.205202
1146,soldier,driving_B_2019.12.16_12.27.05.csv,train/driving_B_2019.12.16_12.27.05.csv#block-000@time-120.000s,block-000,120.000,44.8004,44.80,44.80,0.0000,0.0500,4.244259
1147,longdress,driving_B_2020.02.27_17.30.15.csv,train/driving_B_2020.02.27_17.30.15.csv#block-002@time-533.000s,block-002,533.000,-91.6399,-91.64,-91.64,0.0000,0.0500,3.882612
1148,loot,driving_B_2020.01.16_09.56.56.csv,train/driving_B_2020.01.16_09.56.56.csv#block-001@time-699.000s,block-001,699.000,86.8316,86.83,86.83,2.7417,0.0500,3.953524
1149,redandblack,driving_B_2020.01.16_09.56.56.csv,train/driving_B_2020.01.16_09.56.56.csv#block-001@time-639.000s,block-001,639.000,77.7114,77.71,77.71,0.0000,0.0500,3.836582
1150,soldier,driving_B_2020.02.14_12.58.17.csv,train/driving_B_2020.02.14_12.58.17.csv#block-002@time-596.000s,block-002,596.000,7.0780,7.08,7.08,0.0000,0.0500,4.089447
1151,longdress,driving_B_2020.01.16_12.10.03.csv,train/driving_B_2020.01.16_12.10.03.csv#block-000@time-60.000s,block-000,60.000,46.6336,46.63,46.63,0.0000,0.0500,3.843824
1152,loot,static_B_2020.02.14_13.21.26.csv,train/static_B_2020.02.14_13.21.26.csv#block-000@time-1020.000s,block-000,1020.000,88.7961,88.80,88.80,1.2334,0.0500,3.812538
1153,redandblack,driving_B_2020.01.16_07.26.43.csv,train/driving_B_2020.01.16_07.26.43.csv#block-000@time-780.000s,block-000,780.000,47.9301,47.93,47.93,0.0000,0.0500,4.128357
1154,soldier,static_B_2020.02.27_18.39.27.csv,train/static_B_2020.02.27_18.39.27.csv#block-001@time-1092.000s,block-001,1092.000,63.5448,63.54,63.54,0.0000,0.0500,4.133415
1155,longdress,driving_B_2020.02.13_13.03.24.csv,train/driving_B_2020.02.13_13.03.24.csv#block-001@time-1634.000s,block-001,1634.000,27.5653,27.57,27.57,0.0000,0.0500,4.479550
1156,loot,driving_B_2020.01.16_07.26.43.csv,train/driving_B_2020.01.16_07.26.43.csv#block-000@time-60.000s,block-000,60.000,46.8885,46.89,46.89,0.0000,0.0500,4.131384
1157,redandblack,driving_B_2020.02.27_17.30.15.csv,train/driving_B_2020.02.27_17.30.15.csv#block-002@time-473.000s,block-002,473.000,-173.4676,-173.47,-173.47,0.0000,0.0500,4.163885
1158,soldier,driving_B_2020.02.13_13.03.24.csv,train/driving_B_2020.02.13_13.03.24.csv#block-000@time-420.000s,block-000,420.000,20.3898,20.39,20.39,0.0000,0.0500,4.551946
1159,longdress,driving_B_2020.02.13_13.03.24.csv,train/driving_B_2020.02.13_13.03.24.csv#block-001@time-1154.000s,block-001,1154.000,16.8373,16.84,16.84,0.0000,0.0500,4.087074
1160,loot,static_B_2020.02.14_13.21.26.csv,train/static_B_2020.02.14_13.21.26.csv#block-000@time-60.000s,block-000,60.000,89.9816,89.98,89.98,0.7404,0.0500,4.086201
1161,redandblack,static_B_2019.12.16_13.40.04.csv,train/static_B_2019.12.16_13.40.04.csv#block-005@time-1406.000s,block-005,1406.000,55.9466,55.95,55.95,0.0000,0.0500,4.160401
1162,soldier,driving_B_2019.12.17_07.32.39.csv,train/driving_B_2019.12.17_07.32.39.csv#block-000@time-1080.000s,block-000,1080.000,5.8508,5.85,5.85,0.0000,0.0500,4.479274
1163,longdress,driving_B_2020.02.13_15.02.01.csv,train/driving_B_2020.02.13_15.02.01.csv#block-000@time-1140.000s,block-000,1140.000,67.6691,67.67,67.67,0.0000,0.0500,4.324987
1164,loot,driving_B_2020.02.27_17.30.15.csv,train/driving_B_2020.02.27_17.30.15.csv#block-002@time-413.000s,block-002,413.000,3.8304,3.83,3.83,0.0000,0.0500,3.984698
1165,redandblack,static_B_2020.02.27_18.39.27.csv,train/static_B_2020.02.27_18.39.27.csv#block-001@time-72.000s,block-001,72.000,85.3056,85.31,85.31,0.9436,0.0500,4.365442
1166,soldier,driving_B_2020.02.13_15.02.01.csv,train/driving_B_2020.02.13_15.02.01.csv#block-000@time-1020.000s,block-000,1020.000,76.2757,76.28,76.28,1.0563,0.0500,4.239263
1167,longdress,driving_B_2020.02.13_13.03.24.csv,train/driving_B_2020.02.13_13.03.24.csv#block-007@time-2290.000s,block-007,2290.000,-43.6446,-43.64,-43.64,0.0000,0.0500,4.461112
1168,loot,driving_B_2019.12.17_07.32.39.csv,train/driving_B_2019.12.17_07.32.39.csv#block-000@time-360.000s,block-000,360.000,40.1439,40.14,40.14,0.0000,0.0500,4.769245
1169,redandblack,driving_B_2020.02.14_09.38.22.csv,train/driving_B_2020.02.14_09.38.22.csv#block-000@time-660.000s,block-000,660.000,36.2258,36.23,36.23,0.0000,0.0500,4.266049
1170,soldier,driving_B_2020.02.14_12.58.17.csv,train/driving_B_2020.02.14_12.58.17.csv#block-002@time-656.000s,block-002,656.000,36.4047,36.40,36.40,0.0000,0.0500,4.246976
1171,longdress,static_B_2020.02.14_13.21.26.csv,train/static_B_2020.02.14_13.21.26.csv#block-000@time-1020.000s,block-000,1020.000,81.2281,81.23,81.23,0.0000,0.0500,4.269630
1172,loot,driving_B_2020.01.16_12.10.03.csv,train/driving_B_2020.01.16_12.10.03.csv#block-000@time-120.000s,block-000,120.000,86.9069,86.91,86.91,1.1980,0.0500,4.223404
1173,redandblack,static_B_2020.02.27_18.39.27.csv,train/static_B_2020.02.27_18.39.27.csv#block-001@time-4152.000s,block-001,4152.000,74.9385,74.94,74.94,0.4287,0.0500,4.536208
1174,soldier,driving_B_2020.01.16_07.26.43.csv,train/driving_B_2020.01.16_07.26.43.csv#block-000@time-660.000s,block-000,660.000,22.4172,22.42,22.42,0.0000,0.0500,3.826880
1175,longdress,driving_B_2020.01.16_09.56.56.csv,train/driving_B_2020.01.16_09.56.56.csv#block-001@time-879.000s,block-001,879.000,43.8795,43.88,43.88,0.0000,0.0500,4.321202
1176,loot,driving_B_2020.01.16_12.10.03.csv,train/driving_B_2020.01.16_12.10.03.csv#block-000@time-360.000s,block-000,360.000,68.5187,68.52,68.52,0.0000,0.0500,4.433945
1177,redandblack,driving_B_2020.02.27_17.30.15.csv,train/driving_B_2020.02.27_17.30.15.csv#block-002@time-473.000s,block-002,473.000,-14.1169,-14.12,-14.12,0.0000,0.0500,4.026779
1178,soldier,driving_B_2020.02.14_09.38.22.csv,train/driving_B_2020.02.14_09.38.22.csv#block-000@time-300.000s,block-000,300.000,15.6731,15.67,15.67,0.0000,0.0500,3.809489
1179,longdress,driving_B_2020.02.13_13.03.24.csv,train/driving_B_2020.02.13_13.03.24.csv#block-001@time-1274.000s,block-001,1274.000,30.3188,30.32,30.32,0.0000,0.0500,4.309637
1180,loot,driving_B_2019.12.16_12.27.05.csv,train/driving_B_2019.12.16_12.27.05.csv#block-000@time-420.000s,block-000,420.000,-87.4401,-87.44,-87.44,0.0000,0.0500,4.418804
1181,redandblack,driving_B_2019.12.17_07.32.39.csv,train/driving_B_2019.12.17_07.32.39.csv#block-003@time-2074.000s,block-003,2074.000,54.1955,54.20,54.20,0.0000,0.0500,4.155474
1182,soldier,driving_B_2020.02.27_17.30.15.csv,train/driving_B_2020.02.27_17.30.15.csv#block-002@time-353.000s,block-002,353.000,1.9484,1.95,1.95,0.0000,0.0500,4.119809
1183,longdress,driving_B_2020.02.14_09.38.22.csv,train/driving_B_2020.02.14_09.38.22.csv#block-000@time-960.000s,block-000,960.000,60.1857,60.19,60.19,0.0000,0.0500,4.054526
1184,loot,driving_B_2020.02.14_12.58.17.csv,train/driving_B_2020.02.14_12.58.17.csv#block-002@time-716.000s,block-002,716.000,38.4290,38.43,38.43,0.0000,0.0500,4.249915
1185,redandblack,static_B_2020.02.27_18.39.27.csv,train/static_B_2020.02.27_18.39.27.csv#block-001@time-2412.000s,block-001,2412.000,62.9290,62.93,62.93,0.0000,0.0500,4.151009
1186,soldier,driving_B_2019.12.16_12.27.05.csv,train/driving_B_2019.12.16_12.27.05.csv#block-000@time-900.000s,block-000,900.000,76.1081,76.11,76.11,0.0000,0.0500,4.059203
1187,longdress,driving_B_2020.01.16_12.10.03.csv,train/driving_B_2020.01.16_12.10.03.csv#block-000@time-240.000s,block-000,240.000,78.9923,78.99,78.99,0.0000,0.0500,4.359222
1188,loot,driving_B_2020.02.27_17.30.15.csv,train/driving_B_2020.02.27_17.30.15.csv#block-002@time-293.000s,block-002,293.000,-188.0398,-188.04,-188.04,0.0000,0.0500,4.439882
1189,redandblack,static_B_2019.12.16_13.40.04.csv,train/static_B_2019.12.16_13.40.04.csv#block-001@time-955.000s,block-001,955.000,72.3019,72.30,72.30,0.0000,0.0500,4.136672
1190,soldier,driving_B_2020.01.16_12.10.03.csv,train/driving_B_2020.01.16_12.10.03.csv#block-000@time-120.000s,block-000,120.000,83.6913,83.69,83.69,0.0000,0.0500,4.155333
1191,longdress,driving_B_2020.02.13_13.03.24.csv,train/driving_B_2020.02.13_13.03.24.csv#block-000@time-120.000s,block-000,120.000,3.2479,3.25,3.25,0.0000,0.0500,4.130027
1192,loot,driving_B_2020.02.14_12.58.17.csv,train/driving_B_2020.02.14_12.58.17.csv#block-002@time-596.000s,block-002,596.000,33.5528,33.55,33.55,0.0000,0.0500,4.126937
1193,redandblack,static_B_2020.02.14_13.21.26.csv,train/static_B_2020.02.14_13.21.26.csv#block-000@time-360.000s,block-000,360.000,77.6295,77.63,77.63,0.0000,0.0500,4.039248
1194,soldier,driving_B_2020.02.14_09.38.22.csv,train/driving_B_2020.02.14_09.38.22.csv#block-000@time-720.000s,block-000,720.000,72.2243,72.22,72.22,1.1235,0.0500,4.081322
1195,longdress,driving_B_2020.02.27_17.30.15.csv,train/driving_B_2020.02.27_17.30.15.csv#block-002@time-413.000s,block-002,413.000,7.7626,7.76,7.76,0.0000,0.0500,4.177678
1196,loot,driving_B_2019.12.17_07.32.39.csv,train/driving_B_2019.12.17_07.32.39.csv#block-000@time-0.000s,block-000,0.000,44.8237,44.82,44.82,0.0000,0.0500,4.212944
1197,redandblack,driving_B_2020.01.16_09.56.56.csv,train/driving_B_2020.01.16_09.56.56.csv#block-001@time-1719.000s,block-001,1719.000,66.9608,66.96,66.96,0.0000,0.0500,4.230649
1198,soldier,driving_B_2019.12.17_07.32.39.csv,train/driving_B_2019.12.17_07.32.39.csv#block-000@time-420.000s,block-000,420.000,17.2386,17.24,17.24,0.0000,0.0500,4.260840
1199,longdress,static_B_2020.02.14_13.21.26.csv,train/static_B_2020.02.14_13.21.26.csv#block-000@time-840.000s,block-000,840.000,82.7303,82.73,82.73,0.0000,0.0500,4.033523
1200,loot,static_B_2020.02.27_18.39.27.csv,train/static_B_2020.02.27_18.39.27.csv#block-001@time-2112.000s,block-001,2112.000,17.3263,17.33,17.33,0.0000,0.0500,4.211639
1201,redandblack,driving_B_2020.02.27_17.30.15.csv,train/driving_B_2020.02.27_17.30.15.csv#block-002@time-533.000s,block-002,533.000,-59.4574,-59.46,-59.46,0.0000,0.0500,4.059598
1202,soldier,static_B_2019.12.16_13.40.04.csv,train/static_B_2019.12.16_13.40.04.csv#block-000@time-360.000s,block-000,360.000,28.2624,28.26,28.26,0.0000,0.0500,3.812337
1203,longdress,driving_B_2020.02.13_15.02.01.csv,train/driving_B_2020.02.13_15.02.01.csv#block-000@time-840.000s,block-000,840.000,39.8514,39.85,39.85,0.0000,0.0500,3.901776
1204,loot,driving_B_2020.01.16_12.10.03.csv,train/driving_B_2020.01.16_12.10.03.csv#block-000@time-300.000s,block-000,300.000,41.6163,41.62,41.62,0.0000,0.0500,4.334017
1205,redandblack,driving_B_2019.12.17_07.32.39.csv,train/driving_B_2019.12.17_07.32.39.csv#block-000@time-480.000s,block-000,480.000,58.7073,58.71,58.71,0.0000,0.0500,4.586945
1206,soldier,driving_B_2020.01.16_09.56.56.csv,train/driving_B_2020.01.16_09.56.56.csv#block-000@time-180.000s,block-000,180.000,34.4718,34.47,34.47,0.0000,0.0500,4.433971
1207,longdress,driving_B_2019.12.16_12.27.05.csv,train/driving_B_2019.12.16_12.27.05.csv#block-000@time-180.000s,block-000,180.000,35.3728,35.37,35.37,0.0000,0.0500,4.359891
1208,loot,driving_B_2020.02.27_17.30.15.csv,train/driving_B_2020.02.27_17.30.15.csv#block-002@time-293.000s,block-002,293.000,-67.3754,-67.38,-67.38,0.0000,0.0500,4.302029
1209,redandblack,driving_B_2020.01.16_09.56.56.csv,train/driving_B_2020.01.16_09.56.56.csv#block-001@time-579.000s,block-001,579.000,61.6699,61.67,61.67,0.0000,0.0500,4.404579
1210,soldier,driving_B_2020.01.16_12.10.03.csv,train/driving_B_2020.01.16_12.10.03.csv#block-000@time-180.000s,block-000,180.000,85.9306,85.93,85.93,0.0000,0.0500,4.557934
1211,longdress,static_B_2019.12.16_13.40.04.csv,train/static_B_2019.12.16_13.40.04.csv#block-005@time-1586.000s,block-005,1586.000,-64.4910,-64.49,-64.49,0.0000,0.0500,4.308496
1212,loot,driving_B_2020.02.13_13.03.24.csv,train/driving_B_2020.02.13_13.03.24.csv#block-001@time-1214.000s,block-001,1214.000,31.3333,31.33,31.33,0.0000,0.0500,4.620881
1213,redandblack,driving_B_2020.02.13_13.03.24.csv,train/driving_B_2020.02.13_13.03.24.csv#block-001@time-1454.000s,block-001,1454.000,31.7159,31.72,31.72,0.0000,0.0500,4.278502
1214,soldier,static_B_2020.02.27_18.39.27.csv,train/static_B_2020.02.27_18.39.27.csv#block-001@time-5892.000s,block-001,5892.000,83.0599,83.06,83.06,0.0000,0.0500,4.517734
1215,longdress,driving_B_2019.12.17_07.32.39.csv,train/driving_B_2019.12.17_07.32.39.csv#block-003@time-1834.000s,block-003,1834.000,33.6115,33.61,33.61,0.0000,0.0500,4.341244
1216,loot,driving_B_2020.02.13_15.02.01.csv,train/driving_B_2020.02.13_15.02.01.csv#block-000@time-960.000s,block-000,960.000,78.5327,78.53,78.53,0.0000,0.0500,4.375396
1217,redandblack,driving_B_2020.01.16_12.10.03.csv,train/driving_B_2020.01.16_12.10.03.csv#block-000@time-360.000s,block-000,360.000,73.4635,73.46,73.46,0.0000,0.0500,4.447970
1218,soldier,driving_B_2020.02.14_12.58.17.csv,train/driving_B_2020.02.14_12.58.17.csv#block-002@time-716.000s,block-002,716.000,12.5365,12.54,12.54,0.0000,0.0500,4.368133
1219,longdress,driving_B_2020.01.16_07.26.43.csv,train/driving_B_2020.01.16_07.26.43.csv#block-000@time-720.000s,block-000,720.000,22.3399,22.34,22.34,0.0000,0.0500,4.238618
1220,loot,static_B_2020.02.27_18.39.27.csv,train/static_B_2020.02.27_18.39.27.csv#block-001@time-3672.000s,block-001,3672.000,44.8945,44.89,44.89,0.2266,0.0500,4.609497
1221,redandblack,static_B_2019.12.16_13.40.04.csv,train/static_B_2019.12.16_13.40.04.csv#block-000@time-60.000s,block-000,60.000,54.4902,54.49,54.49,0.0000,0.0500,4.383490
1222,soldier,driving_B_2020.02.14_12.58.17.csv,train/driving_B_2020.02.14_12.58.17.csv#block-002@time-596.000s,block-002,596.000,19.2323,19.23,19.23,0.0000,0.0500,4.480519
1223,longdress,driving_B_2020.01.16_12.10.03.csv,train/driving_B_2020.01.16_12.10.03.csv#block-000@time-180.000s,block-000,180.000,79.5231,79.52,79.52,0.0000,0.0500,4.347370
1224,loot,driving_B_2020.02.14_09.38.22.csv,train/driving_B_2020.02.14_09.38.22.csv#block-000@time-1320.000s,block-000,1320.000,23.3466,23.35,23.35,0.0000,0.0500,4.380719
1225,redandblack,driving_B_2020.01.16_07.26.43.csv,train/driving_B_2020.01.16_07.26.43.csv#block-000@time-360.000s,block-000,360.000,-29.7599,-29.76,-29.76,0.0000,0.0500,4.559503
1226,soldier,driving_B_2020.02.27_17.30.15.csv,train/driving_B_2020.02.27_17.30.15.csv#block-002@time-293.000s,block-002,293.000,-170.9013,-170.90,-170.90,0.0000,0.0500,4.530879
1227,longdress,driving_B_2020.02.13_13.03.24.csv,train/driving_B_2020.02.13_13.03.24.csv#block-000@time-660.000s,block-000,660.000,26.8255,26.83,26.83,0.0000,0.0500,4.296392
1228,loot,driving_B_2019.12.17_07.32.39.csv,train/driving_B_2019.12.17_07.32.39.csv#block-004@time-2237.000s,block-004,2237.000,25.2334,25.23,25.23,0.0000,0.0500,4.620485
1229,redandblack,driving_B_2020.02.14_09.38.22.csv,train/driving_B_2020.02.14_09.38.22.csv#block-000@time-1080.000s,block-000,1080.000,85.1624,85.16,85.16,0.7552,0.0500,3.935919
1230,soldier,driving_B_2020.01.16_07.26.43.csv,train/driving_B_2020.01.16_07.26.43.csv#block-000@time-1080.000s,block-000,1080.000,39.1670,39.17,39.17,0.0000,0.0500,4.368335
1231,longdress,driving_B_2020.02.14_09.38.22.csv,train/driving_B_2020.02.14_09.38.22.csv#block-000@time-180.000s,block-000,180.000,-33.8320,-33.83,-33.83,0.0000,0.0500,4.099194
1232,loot,driving_B_2020.01.16_07.26.43.csv,train/driving_B_2020.01.16_07.26.43.csv#block-000@time-240.000s,block-000,240.000,38.3637,38.36,38.36,0.0000,0.0500,4.418422
1233,redandblack,driving_B_2020.02.13_13.03.24.csv,train/driving_B_2020.02.13_13.03.24.csv#block-001@time-1814.000s,block-001,1814.000,25.1799,25.18,25.18,0.0000,0.0500,4.591419
1234,soldier,static_B_2019.12.16_13.40.04.csv,train/static_B_2019.12.16_13.40.04.csv#block-000@time-120.000s,block-000,120.000,80.1394,80.14,80.14,0.0000,0.0500,4.196364
1235,longdress,static_B_2020.02.14_13.21.26.csv,train/static_B_2020.02.14_13.21.26.csv#block-000@time-960.000s,block-000,960.000,51.1906,51.19,51.19,0.0000,0.0500,4.330408
1236,loot,driving_B_2020.02.14_12.58.17.csv,train/driving_B_2020.02.14_12.58.17.csv#block-000@time-0.000s,block-000,0.000,25.9303,25.93,25.93,0.0000,0.0500,4.091249
1237,redandblack,static_B_2019.12.16_13.40.04.csv,train/static_B_2019.12.16_13.40.04.csv#block-001@time-1075.000s,block-001,1075.000,54.7387,54.74,54.74,0.0000,0.0500,4.203731
1238,soldier,driving_B_2020.01.16_09.56.56.csv,train/driving_B_2020.01.16_09.56.56.csv#block-001@time-1359.000s,block-001,1359.000,36.0348,36.03,36.03,0.0000,0.0500,4.539471
1239,longdress,driving_B_2019.12.16_12.27.05.csv,train/driving_B_2019.12.16_12.27.05.csv#block-000@time-720.000s,block-000,720.000,1.5496,1.55,1.55,0.0000,0.0500,4.297329
1240,loot,driving_B_2020.02.13_15.02.01.csv,train/driving_B_2020.02.13_15.02.01.csv#block-000@time-1320.000s,block-000,1320.000,48.8238,48.82,48.82,0.0000,0.0500,4.332418
1241,redandblack,driving_B_2019.12.17_07.32.39.csv,train/driving_B_2019.12.17_07.32.39.csv#block-000@time-180.000s,block-000,180.000,46.6232,46.62,46.62,0.0000,0.0500,4.641792
1242,soldier,driving_B_2020.02.13_15.02.01.csv,train/driving_B_2020.02.13_15.02.01.csv#block-000@time-2040.000s,block-000,2040.000,62.4570,62.46,62.46,0.0000,0.0500,4.561981
1243,longdress,static_B_2020.02.14_13.21.26.csv,train/static_B_2020.02.14_13.21.26.csv#block-000@time-360.000s,block-000,360.000,77.5312,77.53,77.53,0.0000,0.0500,4.404820
1244,loot,driving_B_2019.12.16_12.27.05.csv,train/driving_B_2019.12.16_12.27.05.csv#block-000@time-540.000s,block-000,540.000,-6.2994,-6.30,-6.30,0.0000,0.0500,4.536442
1245,redandblack,driving_B_2020.02.27_17.30.15.csv,train/driving_B_2020.02.27_17.30.15.csv#block-002@time-533.000s,block-002,533.000,-63.1229,-63.12,-63.12,0.0000,0.0500,4.340549
1246,soldier,driving_B_2020.01.16_07.26.43.csv,train/driving_B_2020.01.16_07.26.43.csv#block-000@time-120.000s,block-000,120.000,27.9786,27.98,27.98,0.0000,0.0500,4.466228
1247,longdress,driving_B_2020.02.14_12.58.17.csv,train/driving_B_2020.02.14_12.58.17.csv#block-002@time-716.000s,block-002,716.000,25.0086,25.01,25.01,0.0000,0.0500,4.062493
1248,loot,driving_B_2020.01.16_07.26.43.csv,train/driving_B_2020.01.16_07.26.43.csv#block-000@time-420.000s,block-000,420.000,30.9266,30.93,30.93,0.0000,0.0500,4.214718
