# C:\Users\Nima\AppData\Local\Programs\Python\Python313\python.exe -u C:\Users\Nima\PointCloudStreaming\scripts\train_dqn.py --out C:\Users\Nima\PointCloudStreaming\logs/train_runs/qoe_v2_wide\sweep\confirm\trial_011_s48\abr_dqn.pkl --run-dir C:\Users\Nima\PointCloudStreaming\logs/train_runs/qoe_v2_wide\sweep\confirm\trial_011_s48 --batch-size 64 --coverage-stride 60 --early-stop-patience 3 --epochs 8 --eps-decay-frac 0.5 --eval-every 400 --eval-offsets 3 --eval-seeds 42,43,44 --eval-sequences longdress,loot,redandblack,soldier --gamma 1.0 --hidden 256 --lam 1.0 --lr 0.0003 --mu 4.3 --protocol configs/experiment_protocol.json --reward-spec {"rebuffer_weight": 2.0, "startup_weight": 1.0, "drop_weight": null} --seed 48 --segment-frames 10 --select-by qoe_quality --target-update 6000 --torch-threads 2 --lstm C:\Users\Nima\PointCloudStreaming\models/bandwidth_lstm_s10.pkl
==========================================================================================
🤖 DQN ABR training
   sequences: ['longdress', 'loot', 'redandblack', 'soldier'] | validation sequences: ['longdress', 'loot', 'redandblack', 'soldier']
   protocol: 4071599372abeb61 | train files: 13 | validation files: 4 | registered test files: 4 (NOT evaluated) | frames/episode: 300
   coverage stride: 60 samples -> 417 episodes/epoch x 8 epochs = 3336 episodes (~100080 env steps)
   segment: 10 frames/request (30 decisions/episode) | validation offsets/trace: 3 | validation seeds: [42, 43, 44]
   state_dim: 23 | actions: 6 | feature_spec: ['lstm_pred', 'buffer', 'last_rep_onehot', 'tput_last', 'tput_mean', 'tput_std', 'rep_bitrates', 'rep_densities']
   PyTorch CPU threads/trial: 2
   LSTM: models\bandwidth_lstm_s10.pkl
   reward = QoE: (100/N)*sum(q[fixed_log_bitrate]) - 4.3*stall_duration - 2.0*rebuffer_events - 1.0*sum|delta_segment_q| - (100/N)*dropped_frames - 1.0*startup_delay  (gamma=1.0, lr=0.0003, no learner-side scaling)
   select-by: qoe_quality | out: C:\Users\Nima\PointCloudStreaming\logs/train_runs/qoe_v2_wide\sweep\confirm\trial_011_s48\abr_dqn.pkl | run-dir: C:\Users\Nima\PointCloudStreaming\logs/train_runs/qoe_v2_wide\sweep\confirm\trial_011_s48
==========================================================================================
[validation @ ep 0] untrained: reward=QoE=-1919.98
[ep    1] longdress    static_B_2020.02.27_18.39.27.csv@5702  reward=QoE=   42.80 eps=0.999 loss=0.0000
[ep    2] loot         driving_B_2019.12.16_12.27.05.csv@4     reward=QoE=   22.40 eps=0.999 loss=0.0000
[ep    3] redandblack  static_B_2019.12.16_13.40.04.csv@1683  reward=QoE=   43.33 eps=0.998 loss=0.8995
[ep    4] soldier      driving_B_2019.12.17_07.32.39.csv@262   reward=QoE=  -74.31 eps=0.998 loss=0.9719
[ep    5] longdress    driving_B_2020.02.13_13.03.24.csv@1820  reward=QoE= -490.13 eps=0.997 loss=3.8589
[ep    6] loot         driving_B_2019.12.17_07.32.39.csv@562   reward=QoE=   -7.63 eps=0.997 loss=3.9196
[ep    7] redandblack  driving_B_2019.12.16_12.27.05.csv@1152  reward=QoE=    4.99 eps=0.996 loss=3.0460
[ep    8] soldier      static_B_2019.12.16_13.40.04.csv@63    reward=QoE=   17.79 eps=0.995 loss=3.2581
[ep    9] longdress    driving_B_2020.01.16_12.10.03.csv@244   reward=QoE=   47.51 eps=0.995 loss=3.0155
[ep   10] loot         driving_B_2020.02.14_09.38.22.csv@935   reward=QoE=   30.60 eps=0.994 loss=2.2562
[ep   11] redandblack  driving_B_2019.12.17_07.32.39.csv@2182  reward=QoE=  -55.21 eps=0.994 loss=2.6175
[ep   12] soldier      static_B_2019.12.16_13.40.04.csv@123   reward=QoE=   35.68 eps=0.993 loss=2.4756
[ep   13] longdress    static_B_2020.02.27_18.39.27.csv@3182  reward=QoE=  -41.23 eps=0.993 loss=2.3324
[ep   14] loot         driving_B_2020.01.16_07.26.43.csv@746   reward=QoE=   24.42 eps=0.992 loss=2.1678
[ep   15] redandblack  driving_B_2020.02.14_12.58.17.csv@92    reward=QoE= -119.81 eps=0.991 loss=2.3547
[ep   16] soldier      driving_B_2020.02.13_15.02.01.csv@1008  reward=QoE=    9.33 eps=0.991 loss=2.1141
[ep   17] longdress    driving_B_2020.02.13_15.02.01.csv@2508  reward=QoE= -121.77 eps=0.990 loss=2.0923
[ep   18] loot         driving_B_2019.12.17_07.32.39.csv@2002  reward=QoE=   40.62 eps=0.990 loss=2.1343
[ep   19] redandblack  driving_B_2020.02.13_15.02.01.csv@1848  reward=QoE=   43.71 eps=0.989 loss=2.1432
[ep   20] soldier      driving_B_2020.02.27_17.30.15.csv@351   reward=QoE= -715.01 eps=0.989 loss=2.4265
[ep   21] longdress    static_B_2020.02.27_18.39.27.csv@5402  reward=QoE=   46.37 eps=0.988 loss=3.2988
[ep   22] loot         driving_B_2020.01.16_09.56.56.csv@239   reward=QoE=   44.14 eps=0.987 loss=2.9310
[ep   23] redandblack  driving_B_2019.12.17_07.32.39.csv@1042  reward=QoE=  -24.37 eps=0.987 loss=2.9431
[ep   24] soldier      driving_B_2020.02.13_13.03.24.csv@2120  reward=QoE= -536.60 eps=0.986 loss=2.7268
[ep   25] longdress    static_B_2020.02.27_18.39.27.csv@5582  reward=QoE=   21.31 eps=0.986 loss=3.1404
[ep   26] loot         static_B_2020.02.14_13.21.26.csv@103   reward=QoE=   19.21 eps=0.985 loss=3.9514
[ep   27] redandblack  static_B_2020.02.14_13.21.26.csv@583   reward=QoE=   37.42 eps=0.985 loss=2.9597
[ep   28] soldier      static_B_2020.02.27_18.39.27.csv@5102  reward=QoE=   36.81 eps=0.984 loss=2.4140
[ep   29] longdress    driving_B_2020.01.16_07.26.43.csv@206   reward=QoE=  -48.77 eps=0.984 loss=3.1973
[ep   30] loot         driving_B_2020.01.16_09.56.56.csv@119   reward=QoE=  -88.09 eps=0.983 loss=3.2053
[ep   31] redandblack  static_B_2019.12.16_13.40.04.csv@1503  reward=QoE=   31.88 eps=0.982 loss=2.5361
[ep   32] soldier      driving_B_2020.02.14_09.38.22.csv@1355  reward=QoE=   39.20 eps=0.982 loss=2.8168
[ep   33] longdress    driving_B_2019.12.16_12.27.05.csv@364   reward=QoE= -369.51 eps=0.981 loss=2.8602
[ep   34] loot         driving_B_2020.02.13_15.02.01.csv@1488  reward=QoE=  -77.16 eps=0.981 loss=2.6250
[ep   35] redandblack  static_B_2020.02.27_18.39.27.csv@3542  reward=QoE=   48.87 eps=0.980 loss=2.7488
[ep   36] soldier      driving_B_2020.02.13_13.03.24.csv@1640  reward=QoE= -103.45 eps=0.980 loss=2.3640
[ep   37] longdress    driving_B_2020.02.27_17.30.15.csv@111   reward=QoE= -897.93 eps=0.979 loss=2.8777
[ep   38] loot         static_B_2019.12.16_13.40.04.csv@1023  reward=QoE=   41.73 eps=0.978 loss=3.8296
[ep   39] redandblack  driving_B_2020.02.14_09.38.22.csv@515   reward=QoE=   29.12 eps=0.978 loss=3.4446
[ep   40] soldier      static_B_2020.02.14_13.21.26.csv@283   reward=QoE=   30.56 eps=0.977 loss=3.4733
[ep   41] longdress    static_B_2020.02.27_18.39.27.csv@1802  reward=QoE=  -74.37 eps=0.977 loss=3.6529
[ep   42] loot         static_B_2020.02.27_18.39.27.csv@5042  reward=QoE=   24.46 eps=0.976 loss=3.0601
[ep   43] redandblack  driving_B_2020.02.14_12.58.17.csv@152   reward=QoE= -293.57 eps=0.976 loss=3.3659
[ep   44] soldier      static_B_2020.02.27_18.39.27.csv@2762  reward=QoE=   35.57 eps=0.975 loss=3.0944
[ep   45] longdress    driving_B_2020.02.13_13.03.24.csv@1460  reward=QoE=   11.17 eps=0.974 loss=2.7300
[ep   46] loot         driving_B_2020.02.14_12.58.17.csv@332   reward=QoE= -211.91 eps=0.974 loss=3.0181
[ep   47] redandblack  driving_B_2020.01.16_12.10.03.csv@67    reward=QoE=   35.24 eps=0.973 loss=3.0371
[ep   48] soldier      driving_B_2020.02.13_13.03.24.csv@980   reward=QoE= -128.90 eps=0.973 loss=3.2531
[ep   49] longdress    driving_B_2020.01.16_09.56.56.csv@719   reward=QoE=   38.36 eps=0.972 loss=2.8549
[ep   50] loot         static_B_2020.02.14_13.21.26.csv@463   reward=QoE=   20.60 eps=0.972 loss=3.1774
[ep   51] redandblack  driving_B_2020.01.16_07.26.43.csv@1346  reward=QoE= -131.70 eps=0.971 loss=3.1824
[ep   52] soldier      static_B_2020.02.27_18.39.27.csv@3902  reward=QoE=   28.06 eps=0.970 loss=3.3215
[ep   53] longdress    static_B_2020.02.27_18.39.27.csv@1262  reward=QoE=   29.38 eps=0.970 loss=3.5730
[ep   54] loot         static_B_2020.02.27_18.39.27.csv@302   reward=QoE=   30.59 eps=0.969 loss=3.1549
[ep   55] redandblack  driving_B_2020.02.13_13.03.24.csv@1220  reward=QoE=  -95.47 eps=0.969 loss=2.4611
[ep   56] soldier      static_B_2020.02.27_18.39.27.csv@1022  reward=QoE=   40.10 eps=0.968 loss=3.0685
[ep   57] longdress    driving_B_2020.02.13_15.02.01.csv@348   reward=QoE=   36.90 eps=0.968 loss=2.2468
[ep   58] loot         driving_B_2020.01.16_09.56.56.csv@1079  reward=QoE=  -47.12 eps=0.967 loss=2.7333
[ep   59] redandblack  driving_B_2020.01.16_09.56.56.csv@479   reward=QoE=   47.10 eps=0.966 loss=2.9369
[ep   60] soldier      driving_B_2019.12.16_12.27.05.csv@1144  reward=QoE=  -39.96 eps=0.966 loss=2.6821
[ep   61] longdress    driving_B_2020.02.13_15.02.01.csv@2088  reward=QoE=  -11.77 eps=0.965 loss=2.6018
[ep   62] loot         driving_B_2020.01.16_09.56.56.csv@959   reward=QoE=   28.16 eps=0.965 loss=3.1241
[ep   63] redandblack  static_B_2019.12.16_13.40.04.csv@723   reward=QoE=   27.74 eps=0.964 loss=2.7856
[ep   64] soldier      driving_B_2020.02.14_12.58.17.csv@32    reward=QoE= -147.38 eps=0.964 loss=2.2729
[ep   65] longdress    driving_B_2020.02.27_17.30.15.csv@711   reward=QoE= -377.71 eps=0.963 loss=2.6890
[ep   66] loot         driving_B_2020.01.16_07.26.43.csv@1286  reward=QoE=   30.20 eps=0.962 loss=2.9711
[ep   67] redandblack  static_B_2020.02.27_18.39.27.csv@3662  reward=QoE=   28.05 eps=0.962 loss=2.9443
[ep   68] soldier      driving_B_2020.02.13_13.03.24.csv@1580  reward=QoE= -329.57 eps=0.961 loss=2.6474
[ep   69] longdress    driving_B_2020.01.16_07.26.43.csv@386   reward=QoE= -122.47 eps=0.961 loss=2.8993
[ep   70] loot         driving_B_2020.02.14_09.38.22.csv@815   reward=QoE=  -75.94 eps=0.960 loss=3.4415
[ep   71] redandblack  driving_B_2020.01.16_09.56.56.csv@1499  reward=QoE=   43.13 eps=0.960 loss=2.5138
[ep   72] soldier      static_B_2020.02.27_18.39.27.csv@3602  reward=QoE=   27.13 eps=0.959 loss=2.4784
[ep   73] longdress    driving_B_2020.02.13_13.03.24.csv@1340  reward=QoE=  -78.88 eps=0.958 loss=3.2191
[ep   74] loot         driving_B_2020.02.13_15.02.01.csv@2328  reward=QoE= -307.96 eps=0.958 loss=2.5630
[ep   75] redandblack  driving_B_2020.02.13_15.02.01.csv@2688  reward=QoE= -111.83 eps=0.957 loss=2.8587
[ep   76] soldier      static_B_2019.12.16_13.40.04.csv@963   reward=QoE=   15.59 eps=0.957 loss=2.2571
[ep   77] longdress    static_B_2020.02.27_18.39.27.csv@62    reward=QoE=   35.33 eps=0.956 loss=2.9393
[ep   78] loot         static_B_2020.02.27_18.39.27.csv@242   reward=QoE=   20.70 eps=0.956 loss=2.4549
[ep   79] redandblack  driving_B_2020.02.14_12.58.17.csv@692   reward=QoE= -184.18 eps=0.955 loss=2.6591
[ep   80] soldier      driving_B_2020.02.13_15.02.01.csv@2568  reward=QoE=   34.91 eps=0.954 loss=3.1359
[ep   81] longdress    driving_B_2020.02.14_09.38.22.csv@155   reward=QoE= -246.54 eps=0.954 loss=2.7200
[ep   82] loot         driving_B_2019.12.17_07.32.39.csv@442   reward=QoE=   55.88 eps=0.953 loss=2.7776
[ep   83] redandblack  driving_B_2020.02.13_13.03.24.csv@1760  reward=QoE=   45.07 eps=0.953 loss=2.9233
[ep   84] soldier      static_B_2020.02.27_18.39.27.csv@1742  reward=QoE=   25.84 eps=0.952 loss=2.3578
[ep   85] longdress    driving_B_2020.02.14_09.38.22.csv@575   reward=QoE=   38.80 eps=0.952 loss=3.0572
[ep   86] loot         static_B_2020.02.27_18.39.27.csv@362   reward=QoE=   44.24 eps=0.951 loss=2.5898
[ep   87] redandblack  static_B_2020.02.27_18.39.27.csv@722   reward=QoE=   41.32 eps=0.950 loss=2.7435
[ep   88] soldier      driving_B_2020.01.16_07.26.43.csv@1646  reward=QoE=  -92.71 eps=0.950 loss=2.9938
[ep   89] longdress    driving_B_2020.01.16_09.56.56.csv@1139  reward=QoE=  -51.49 eps=0.949 loss=2.7086
[ep   90] loot         driving_B_2020.02.13_15.02.01.csv@108   reward=QoE=   44.78 eps=0.949 loss=2.4347
[ep   91] redandblack  driving_B_2019.12.17_07.32.39.csv@2062  reward=QoE=   17.37 eps=0.948 loss=2.7457
[ep   92] soldier      driving_B_2020.02.14_09.38.22.csv@995   reward=QoE= -103.04 eps=0.948 loss=2.4842
[ep   93] longdress    driving_B_2020.02.27_17.30.15.csv@531   reward=QoE= -255.90 eps=0.947 loss=2.5270
[ep   94] loot         static_B_2020.02.27_18.39.27.csv@1922  reward=QoE=   24.57 eps=0.946 loss=2.4439
[ep   95] redandblack  driving_B_2020.02.13_15.02.01.csv@828   reward=QoE=  -82.21 eps=0.946 loss=2.2824
[ep   96] soldier      driving_B_2020.01.16_09.56.56.csv@659   reward=QoE= -134.93 eps=0.945 loss=2.1671
[ep   97] longdress    static_B_2019.12.16_13.40.04.csv@843   reward=QoE=   53.76 eps=0.945 loss=2.5383
[ep   98] loot         driving_B_2020.02.13_13.03.24.csv@1040  reward=QoE=  -44.01 eps=0.944 loss=2.9257
[ep   99] redandblack  driving_B_2020.01.16_07.26.43.csv@1766  reward=QoE= -113.15 eps=0.944 loss=2.3548
[ep  100] soldier      driving_B_2019.12.17_07.32.39.csv@862   reward=QoE=  -41.01 eps=0.943 loss=2.2450
[ep  101] longdress    driving_B_2020.02.13_13.03.24.csv@800   reward=QoE=  -94.32 eps=0.942 loss=2.6962
[ep  102] loot         static_B_2020.02.27_18.39.27.csv@3302  reward=QoE=   32.84 eps=0.942 loss=2.2087
[ep  103] redandblack  driving_B_2020.02.13_15.02.01.csv@228   reward=QoE=   19.23 eps=0.941 loss=2.7486
[ep  104] soldier      static_B_2020.02.27_18.39.27.csv@1322  reward=QoE=   24.05 eps=0.941 loss=2.7365
[ep  105] longdress    static_B_2020.02.27_18.39.27.csv@902   reward=QoE=   35.71 eps=0.940 loss=2.5165
[ep  106] loot         driving_B_2020.01.16_07.26.43.csv@266   reward=QoE=   20.84 eps=0.940 loss=2.6701
[ep  107] redandblack  driving_B_2020.02.13_15.02.01.csv@2148  reward=QoE=   52.08 eps=0.939 loss=2.3145
[ep  108] soldier      driving_B_2020.01.16_07.26.43.csv@1770  reward=QoE= -199.61 eps=0.939 loss=2.1888
[ep  109] longdress    driving_B_2020.02.27_17.30.15.csv@471   reward=QoE= -270.76 eps=0.938 loss=2.5876
[ep  110] loot         static_B_2020.02.27_18.39.27.csv@1622  reward=QoE=   18.23 eps=0.937 loss=2.3144
[ep  111] redandblack  driving_B_2020.02.13_13.03.24.csv@560   reward=QoE=  -91.05 eps=0.937 loss=2.1952
[ep  112] soldier      static_B_2019.12.16_13.40.04.csv@1563  reward=QoE=   40.55 eps=0.936 loss=2.3089
[ep  113] longdress    driving_B_2020.02.13_13.03.24.csv@500   reward=QoE=  -93.48 eps=0.936 loss=2.6022
[ep  114] loot         static_B_2020.02.27_18.39.27.csv@3722  reward=QoE=   38.52 eps=0.935 loss=2.2483
[ep  115] redandblack  driving_B_2020.02.14_09.38.22.csv@95    reward=QoE= -115.67 eps=0.935 loss=2.0891
[ep  116] soldier      driving_B_2020.02.13_15.02.01.csv@1368  reward=QoE= -116.94 eps=0.934 loss=2.0984
[ep  117] longdress    static_B_2020.02.27_18.39.27.csv@2282  reward=QoE=   47.18 eps=0.933 loss=1.9491
[ep  118] loot         static_B_2019.12.16_13.40.04.csv@1904  reward=QoE=  -12.60 eps=0.933 loss=2.2449
[ep  119] redandblack  driving_B_2020.02.27_17.30.15.csv@171   reward=QoE= -138.49 eps=0.932 loss=2.1800
[ep  120] soldier      driving_B_2020.01.16_09.56.56.csv@59    reward=QoE= -104.05 eps=0.932 loss=2.1827
[ep  121] longdress    driving_B_2019.12.16_12.27.05.csv@1084  reward=QoE=   23.27 eps=0.931 loss=2.1420
[ep  122] loot         static_B_2020.02.27_18.39.27.csv@5462  reward=QoE=   33.34 eps=0.931 loss=2.0446
[ep  123] redandblack  driving_B_2020.02.13_15.02.01.csv@768   reward=QoE=   -6.29 eps=0.930 loss=2.6004
[ep  124] soldier      driving_B_2019.12.16_12.27.05.csv@424   reward=QoE= -202.75 eps=0.929 loss=2.2182
[ep  125] longdress    static_B_2020.02.27_18.39.27.csv@1862  reward=QoE=   -2.64 eps=0.929 loss=1.9608
[ep  126] loot         driving_B_2020.02.27_17.30.15.csv@720   reward=QoE= -293.35 eps=0.928 loss=2.0812
[ep  127] redandblack  driving_B_2020.02.13_13.03.24.csv@1400  reward=QoE=  -33.79 eps=0.928 loss=2.0260
[ep  128] soldier      driving_B_2020.01.16_09.56.56.csv@419   reward=QoE=  -63.84 eps=0.927 loss=2.1597
[ep  129] longdress    driving_B_2020.02.13_13.03.24.csv@740   reward=QoE= -126.83 eps=0.927 loss=2.3228
[ep  130] loot         static_B_2020.02.27_18.39.27.csv@5742  reward=QoE=   40.29 eps=0.926 loss=1.9180
[ep  131] redandblack  static_B_2019.12.16_13.40.04.csv@1323  reward=QoE=   53.19 eps=0.925 loss=2.2547
[ep  132] soldier      static_B_2020.02.27_18.39.27.csv@1082  reward=QoE=  -52.08 eps=0.925 loss=2.2009
[ep  133] longdress    driving_B_2020.02.13_15.02.01.csv@408   reward=QoE=   48.66 eps=0.924 loss=2.3205
[ep  134] loot         driving_B_2020.01.16_12.10.03.csv@244   reward=QoE=   25.92 eps=0.924 loss=2.3292
[ep  135] redandblack  static_B_2020.02.27_18.39.27.csv@3782  reward=QoE=   -1.19 eps=0.923 loss=2.3887
[ep  136] soldier      driving_B_2019.12.17_07.32.39.csv@1282  reward=QoE=   14.64 eps=0.923 loss=2.4176
[ep  137] longdress    driving_B_2020.01.16_12.10.03.csv@127   reward=QoE=   55.94 eps=0.922 loss=1.9736
[ep  138] loot         static_B_2020.02.27_18.39.27.csv@4742  reward=QoE=   17.85 eps=0.921 loss=2.0503
[ep  139] redandblack  driving_B_2020.02.13_15.02.01.csv@1428  reward=QoE=  -65.15 eps=0.921 loss=1.9009
[ep  140] soldier      static_B_2020.02.27_18.39.27.csv@4622  reward=QoE=   24.04 eps=0.920 loss=2.0513
[ep  141] longdress    driving_B_2020.02.13_13.03.24.csv@1100  reward=QoE= -111.54 eps=0.920 loss=1.9093
[ep  142] loot         driving_B_2020.02.14_09.38.22.csv@875   reward=QoE=   30.69 eps=0.919 loss=1.9226
[ep  143] redandblack  driving_B_2020.01.16_09.56.56.csv@539   reward=QoE=   28.38 eps=0.919 loss=2.4536
[ep  144] soldier      driving_B_2020.02.13_15.02.01.csv@2268  reward=QoE= -146.70 eps=0.918 loss=2.0927
[ep  145] longdress    static_B_2020.02.27_18.39.27.csv@3062  reward=QoE=   16.52 eps=0.917 loss=1.9057
[ep  146] loot         driving_B_2020.02.14_12.58.17.csv@800   reward=QoE=  -32.04 eps=0.917 loss=1.9846
[ep  147] redandblack  driving_B_2020.02.13_15.02.01.csv@1908  reward=QoE=   29.70 eps=0.916 loss=1.8258
[ep  148] soldier      static_B_2020.02.14_13.21.26.csv@223   reward=QoE=   32.19 eps=0.916 loss=1.8540
[ep  149] longdress    driving_B_2020.01.16_09.56.56.csv@179   reward=QoE=  -14.29 eps=0.915 loss=1.8189
[ep  150] loot         driving_B_2019.12.16_12.27.05.csv@64    reward=QoE=  -15.22 eps=0.915 loss=1.8330
[ep  151] redandblack  static_B_2020.02.27_18.39.27.csv@662   reward=QoE=   31.74 eps=0.914 loss=2.1115
[ep  152] soldier      driving_B_2020.02.14_09.38.22.csv@275   reward=QoE= -239.83 eps=0.913 loss=2.1664
[ep  153] longdress    driving_B_2019.12.17_07.32.39.csv@1402  reward=QoE=  -31.29 eps=0.913 loss=1.9911
[ep  154] loot         driving_B_2019.12.17_07.32.39.csv@1582  reward=QoE=  -23.65 eps=0.912 loss=1.9081
[ep  155] redandblack  driving_B_2020.02.13_13.03.24.csv@1280  reward=QoE=  -97.69 eps=0.912 loss=1.9681
[ep  156] soldier      static_B_2020.02.27_18.39.27.csv@2222  reward=QoE=   54.72 eps=0.911 loss=2.1854
[ep  157] longdress    driving_B_2020.01.16_09.56.56.csv@299   reward=QoE=  -24.79 eps=0.911 loss=2.3709
[ep  158] loot         driving_B_2019.12.17_07.32.39.csv@1162  reward=QoE=  -20.83 eps=0.910 loss=2.1433
[ep  159] redandblack  driving_B_2020.01.16_07.26.43.csv@686   reward=QoE=  -56.10 eps=0.909 loss=1.9531
[ep  160] soldier      driving_B_2019.12.16_12.27.05.csv@124   reward=QoE=  -46.90 eps=0.909 loss=2.2033
[ep  161] longdress    driving_B_2020.02.13_13.03.24.csv@80    reward=QoE= -138.68 eps=0.908 loss=1.8141
[ep  162] loot         driving_B_2019.12.16_12.27.05.csv@484   reward=QoE= -249.59 eps=0.908 loss=1.7585
[ep  163] redandblack  static_B_2020.02.27_18.39.27.csv@4022  reward=QoE=   27.93 eps=0.907 loss=2.0250
[ep  164] soldier      static_B_2019.12.16_13.40.04.csv@783   reward=QoE=   40.14 eps=0.907 loss=1.7518
[ep  165] longdress    driving_B_2019.12.17_07.32.39.csv@802   reward=QoE=  -96.90 eps=0.906 loss=1.8127
[ep  166] loot         driving_B_2020.02.14_12.58.17.csv@452   reward=QoE= -344.94 eps=0.905 loss=1.9890
[ep  167] redandblack  driving_B_2020.01.16_09.56.56.csv@899   reward=QoE=  -44.47 eps=0.905 loss=1.9578
[ep  168] soldier      driving_B_2020.01.16_07.26.43.csv@146   reward=QoE= -253.46 eps=0.904 loss=2.0240
[ep  169] longdress    driving_B_2020.01.16_09.56.56.csv@1439  reward=QoE=   36.66 eps=0.904 loss=2.1079
[ep  170] loot         static_B_2020.02.27_18.39.27.csv@1562  reward=QoE=   54.67 eps=0.903 loss=2.0079
[ep  171] redandblack  static_B_2020.02.27_18.39.27.csv@4202  reward=QoE=   10.09 eps=0.903 loss=2.2244
[ep  172] soldier      static_B_2020.02.27_18.39.27.csv@2942  reward=QoE=   46.00 eps=0.902 loss=1.8494
[ep  173] longdress    driving_B_2020.01.16_07.26.43.csv@806   reward=QoE=   12.58 eps=0.901 loss=1.9212
[ep  174] loot         static_B_2020.02.27_18.39.27.csv@122   reward=QoE=   53.13 eps=0.901 loss=2.0907
[ep  175] redandblack  driving_B_2019.12.17_07.32.39.csv@1462  reward=QoE=  -39.85 eps=0.900 loss=2.1247
[ep  176] soldier      driving_B_2019.12.16_12.27.05.csv@844   reward=QoE=   10.75 eps=0.900 loss=1.9260
[ep  177] longdress    static_B_2020.02.27_18.39.27.csv@2342  reward=QoE= -302.12 eps=0.899 loss=2.0563
[ep  178] loot         static_B_2020.02.27_18.39.27.csv@5642  reward=QoE=   20.58 eps=0.899 loss=2.4497
[ep  179] redandblack  driving_B_2019.12.17_07.32.39.csv@1762  reward=QoE=  -74.33 eps=0.898 loss=1.9011
[ep  180] soldier      driving_B_2020.02.13_15.02.01.csv@2208  reward=QoE=   27.22 eps=0.898 loss=2.2745
[ep  181] longdress    static_B_2019.12.16_13.40.04.csv@1863  reward=QoE= -288.16 eps=0.897 loss=1.8873
[ep  182] loot         driving_B_2020.01.16_09.56.56.csv@1570  reward=QoE=   44.63 eps=0.896 loss=2.3874
[ep  183] redandblack  static_B_2020.02.27_18.39.27.csv@4802  reward=QoE=   40.48 eps=0.896 loss=1.9284
[ep  184] soldier      driving_B_2020.02.27_17.30.15.csv@291   reward=QoE= -331.77 eps=0.895 loss=1.9763
[ep  185] longdress    driving_B_2020.01.16_07.26.43.csv@26    reward=QoE=  -56.77 eps=0.895 loss=2.1368
[ep  186] loot         static_B_2019.12.16_13.40.04.csv@1803  reward=QoE=   44.85 eps=0.894 loss=2.1771
[ep  187] redandblack  driving_B_2020.02.13_15.02.01.csv@948   reward=QoE=   37.21 eps=0.894 loss=2.2371
[ep  188] soldier      driving_B_2020.02.13_15.02.01.csv@2028  reward=QoE=   53.30 eps=0.893 loss=2.3458
[ep  189] longdress    driving_B_2020.02.14_09.38.22.csv@1415  reward=QoE=  -93.92 eps=0.892 loss=1.8528
[ep  190] loot         static_B_2020.02.27_18.39.27.csv@2162  reward=QoE=   38.78 eps=0.892 loss=1.8279
[ep  191] redandblack  driving_B_2020.02.13_15.02.01.csv@2748  reward=QoE=  -55.58 eps=0.891 loss=2.1694
[ep  192] soldier      driving_B_2019.12.16_12.27.05.csv@964   reward=QoE=   39.87 eps=0.891 loss=1.7227
[ep  193] longdress    static_B_2019.12.16_13.40.04.csv@1263  reward=QoE=  -46.98 eps=0.890 loss=1.9825
[ep  194] loot         static_B_2020.02.27_18.39.27.csv@3962  reward=QoE=   24.46 eps=0.890 loss=1.9536
[ep  195] redandblack  driving_B_2020.02.13_13.03.24.csv@920   reward=QoE= -101.42 eps=0.889 loss=2.2021
[ep  196] soldier      driving_B_2020.02.14_09.38.22.csv@455   reward=QoE=  -24.73 eps=0.888 loss=2.1014
[ep  197] longdress    static_B_2020.02.27_18.39.27.csv@2     reward=QoE=   40.53 eps=0.888 loss=2.0468
[ep  198] loot         static_B_2020.02.27_18.39.27.csv@3482  reward=QoE=   20.05 eps=0.887 loss=2.1512
[ep  199] redandblack  driving_B_2019.12.17_07.32.39.csv@22    reward=QoE=   -2.55 eps=0.887 loss=2.1832
[ep  200] soldier      driving_B_2020.02.14_09.38.22.csv@1478  reward=QoE=  -68.35 eps=0.886 loss=2.1997
[ep  201] longdress    static_B_2020.02.27_18.39.27.csv@5162  reward=QoE=   42.32 eps=0.886 loss=1.9222
[ep  202] loot         static_B_2020.02.14_13.21.26.csv@763   reward=QoE=   26.90 eps=0.885 loss=1.7810
[ep  203] redandblack  static_B_2019.12.16_13.40.04.csv@1083  reward=QoE=   11.17 eps=0.884 loss=2.3365
[ep  204] soldier      static_B_2020.02.27_18.39.27.csv@2582  reward=QoE=   39.08 eps=0.884 loss=2.1341
[ep  205] longdress    driving_B_2019.12.16_12.27.05.csv@724   reward=QoE=   -2.68 eps=0.883 loss=2.1040
[ep  206] loot         driving_B_2019.12.17_07.32.39.csv@2288  reward=QoE=   34.92 eps=0.883 loss=2.1647
[ep  207] redandblack  driving_B_2020.02.13_13.03.24.csv@2060  reward=QoE= -168.08 eps=0.882 loss=2.3013
[ep  208] soldier      driving_B_2020.02.13_15.02.01.csv@1968  reward=QoE=   39.01 eps=0.882 loss=2.1407
[ep  209] longdress    driving_B_2020.01.16_09.56.56.csv@839   reward=QoE=  -83.77 eps=0.881 loss=1.9006
[ep  210] loot         driving_B_2020.02.13_13.03.24.csv@1880  reward=QoE= -587.22 eps=0.880 loss=2.7711
[ep  211] redandblack  driving_B_2020.02.14_09.38.22.csv@35    reward=QoE=  -11.84 eps=0.880 loss=2.2262
[ep  212] soldier      driving_B_2020.01.16_07.26.43.csv@1526  reward=QoE= -259.73 eps=0.879 loss=2.1580
[ep  213] longdress    driving_B_2020.02.13_15.02.01.csv@1308  reward=QoE= -359.44 eps=0.879 loss=2.3947
[ep  214] loot         driving_B_2019.12.17_07.32.39.csv@202   reward=QoE=   24.74 eps=0.878 loss=2.4158
[ep  215] redandblack  driving_B_2019.12.16_12.27.05.csv@544   reward=QoE= -109.46 eps=0.878 loss=1.8705
[ep  216] soldier      driving_B_2020.02.14_12.58.17.csv@800   reward=QoE= -339.78 eps=0.877 loss=2.1161
[ep  217] longdress    driving_B_2019.12.17_07.32.39.csv@2242  reward=QoE=   23.65 eps=0.876 loss=1.7482
[ep  218] loot         driving_B_2020.01.16_07.26.43.csv@1406  reward=QoE=  -64.53 eps=0.876 loss=2.2643
[ep  219] redandblack  driving_B_2020.02.13_15.02.01.csv@1728  reward=QoE=   52.53 eps=0.875 loss=2.0926
[ep  220] soldier      static_B_2020.02.27_18.39.27.csv@4322  reward=QoE=   31.11 eps=0.875 loss=2.2872
[ep  221] longdress    static_B_2019.12.16_13.40.04.csv@243   reward=QoE=   26.20 eps=0.874 loss=1.9856
[ep  222] loot         driving_B_2020.02.13_15.02.01.csv@48    reward=QoE=   36.99 eps=0.874 loss=2.1938
[ep  223] redandblack  static_B_2020.02.27_18.39.27.csv@1682  reward=QoE=   43.33 eps=0.873 loss=2.1262
[ep  224] soldier      driving_B_2020.02.13_15.02.01.csv@2754  reward=QoE= -102.77 eps=0.872 loss=2.1313
[ep  225] longdress    static_B_2020.02.27_18.39.27.csv@1502  reward=QoE=   44.33 eps=0.872 loss=2.2831
[ep  226] loot         driving_B_2020.02.13_15.02.01.csv@288   reward=QoE=   34.80 eps=0.871 loss=2.2550
[ep  227] redandblack  driving_B_2020.02.13_15.02.01.csv@468   reward=QoE=   30.38 eps=0.871 loss=2.3319
[ep  228] soldier      driving_B_2020.01.16_07.26.43.csv@986   reward=QoE=  -36.04 eps=0.870 loss=2.0953
[ep  229] longdress    driving_B_2019.12.16_12.27.05.csv@184   reward=QoE=   -0.01 eps=0.870 loss=2.1293
[ep  230] loot         static_B_2020.02.27_18.39.27.csv@1382  reward=QoE=   39.52 eps=0.869 loss=2.1896
[ep  231] redandblack  driving_B_2020.02.13_15.02.01.csv@1248  reward=QoE=   24.13 eps=0.868 loss=1.8776
[ep  232] soldier      driving_B_2020.01.16_07.26.43.csv@1166  reward=QoE=  -43.83 eps=0.868 loss=2.3800
[ep  233] longdress    driving_B_2020.01.16_07.26.43.csv@866   reward=QoE=  -62.33 eps=0.867 loss=1.9660
[ep  234] loot         driving_B_2020.02.14_09.38.22.csv@1115  reward=QoE=  -62.33 eps=0.867 loss=1.8317
[ep  235] redandblack  static_B_2020.02.27_18.39.27.csv@5342  reward=QoE=   53.51 eps=0.866 loss=2.3489
[ep  236] soldier      static_B_2020.02.27_18.39.27.csv@5282  reward=QoE=   49.11 eps=0.866 loss=2.0951
[ep  237] longdress    driving_B_2020.01.16_09.56.56.csv@1570  reward=QoE=    1.35 eps=0.865 loss=2.2018
[ep  238] loot         driving_B_2019.12.17_07.32.39.csv@1642  reward=QoE=   46.76 eps=0.864 loss=2.3878
[ep  239] redandblack  static_B_2020.02.27_18.39.27.csv@4682  reward=QoE= -149.67 eps=0.864 loss=2.1198
[ep  240] soldier      driving_B_2020.02.14_09.38.22.csv@1478  reward=QoE=  -44.01 eps=0.863 loss=2.4998
[ep  241] longdress    driving_B_2020.01.16_07.26.43.csv@626   reward=QoE=  -75.32 eps=0.863 loss=1.8670
[ep  242] loot         driving_B_2020.02.13_15.02.01.csv@708   reward=QoE=    8.38 eps=0.862 loss=1.9161
[ep  243] redandblack  static_B_2019.12.16_13.40.04.csv@1623  reward=QoE=   44.73 eps=0.862 loss=2.1560
[ep  244] soldier      driving_B_2019.12.17_07.32.39.csv@1822  reward=QoE= -128.77 eps=0.861 loss=1.7220
[ep  245] longdress    static_B_2020.02.27_18.39.27.csv@482   reward=QoE=   41.93 eps=0.860 loss=1.9422
[ep  246] loot         driving_B_2020.02.13_13.03.24.csv@140   reward=QoE=  -20.86 eps=0.860 loss=1.9801
[ep  247] redandblack  driving_B_2020.02.14_12.58.17.csv@512   reward=QoE= -167.85 eps=0.859 loss=2.1599
[ep  248] soldier      driving_B_2020.02.14_09.38.22.csv@1295  reward=QoE=   46.64 eps=0.859 loss=1.7103
[ep  249] longdress    driving_B_2019.12.17_07.32.39.csv@82    reward=QoE=  -32.10 eps=0.858 loss=2.0228
[ep  250] loot         driving_B_2019.12.17_07.32.39.csv@622   reward=QoE=  -48.04 eps=0.858 loss=1.9109
[ep  251] redandblack  driving_B_2020.02.13_15.02.01.csv@888   reward=QoE=   49.47 eps=0.857 loss=1.8615
[ep  252] soldier      driving_B_2019.12.16_12.27.05.csv@604   reward=QoE= -391.06 eps=0.856 loss=2.2129
[ep  253] longdress    static_B_2020.02.27_18.39.27.csv@2462  reward=QoE=    0.30 eps=0.856 loss=1.9052
[ep  254] loot         static_B_2020.02.27_18.39.27.csv@1442  reward=QoE=   44.63 eps=0.855 loss=2.0134
[ep  255] redandblack  static_B_2020.02.27_18.39.27.csv@2522  reward=QoE=   57.18 eps=0.855 loss=1.9752
[ep  256] soldier      driving_B_2020.01.16_09.56.56.csv@1019  reward=QoE=   19.87 eps=0.854 loss=1.6713
[ep  257] longdress    driving_B_2020.02.13_15.02.01.csv@1068  reward=QoE=   -1.99 eps=0.854 loss=1.9290
[ep  258] loot         driving_B_2020.02.13_13.03.24.csv@1940  reward=QoE= -272.77 eps=0.853 loss=1.8418
[ep  259] redandblack  static_B_2020.02.14_13.21.26.csv@850   reward=QoE=   29.72 eps=0.853 loss=1.8383
[ep  260] soldier      driving_B_2020.01.16_07.26.43.csv@1466  reward=QoE= -119.05 eps=0.852 loss=2.1105
[ep  261] longdress    driving_B_2020.01.16_09.56.56.csv@1319  reward=QoE=   27.23 eps=0.851 loss=1.7847
[ep  262] loot         driving_B_2020.02.13_13.03.24.csv@680   reward=QoE=  -72.55 eps=0.851 loss=2.2290
[ep  263] redandblack  driving_B_2020.01.16_07.26.43.csv@1586  reward=QoE= -147.61 eps=0.850 loss=2.1676
[ep  264] soldier      driving_B_2020.02.13_15.02.01.csv@2448  reward=QoE= -271.39 eps=0.850 loss=1.8171
[ep  265] longdress    static_B_2020.02.27_18.39.27.csv@842   reward=QoE=   49.06 eps=0.849 loss=2.1180
[ep  266] loot         driving_B_2020.01.16_07.26.43.csv@1046  reward=QoE=   27.79 eps=0.849 loss=2.0749
[ep  267] redandblack  driving_B_2020.02.14_12.58.17.csv@272   reward=QoE= -269.28 eps=0.848 loss=2.0886
[ep  268] soldier      static_B_2019.12.16_13.40.04.csv@303   reward=QoE=  -42.65 eps=0.847 loss=2.1788
[ep  269] longdress    static_B_2020.02.27_18.39.27.csv@5222  reward=QoE=  -13.60 eps=0.847 loss=1.9864
[ep  270] loot         driving_B_2020.02.14_09.38.22.csv@695   reward=QoE=   45.17 eps=0.846 loss=1.7840
[ep  271] redandblack  static_B_2020.02.14_13.21.26.csv@523   reward=QoE=   43.78 eps=0.846 loss=1.6363
[ep  272] soldier      static_B_2019.12.16_13.40.04.csv@903   reward=QoE=   -9.19 eps=0.845 loss=1.7920
[ep  273] longdress    static_B_2019.12.16_13.40.04.csv@1904  reward=QoE=  -49.48 eps=0.845 loss=2.2541
[ep  274] loot         static_B_2020.02.27_18.39.27.csv@3842  reward=QoE=   33.68 eps=0.844 loss=1.7794
[ep  275] redandblack  static_B_2020.02.27_18.39.27.csv@4862  reward=QoE=   30.49 eps=0.843 loss=1.9656
[ep  276] soldier      driving_B_2020.02.13_13.03.24.csv@320   reward=QoE=  -83.31 eps=0.843 loss=1.8645
[ep  277] longdress    driving_B_2020.02.14_09.38.22.csv@1055  reward=QoE=  -48.74 eps=0.842 loss=2.0884
[ep  278] loot         static_B_2020.02.27_18.39.27.csv@3002  reward=QoE=   61.67 eps=0.842 loss=2.2187
[ep  279] redandblack  driving_B_2019.12.17_07.32.39.csv@1102  reward=QoE=  -15.84 eps=0.841 loss=1.7388
[ep  280] soldier      driving_B_2020.02.13_13.03.24.csv@2188  reward=QoE= -223.48 eps=0.841 loss=1.9679
[ep  281] longdress    driving_B_2019.12.16_12.27.05.csv@1024  reward=QoE=   45.50 eps=0.840 loss=1.8404
[ep  282] loot         driving_B_2020.01.16_09.56.56.csv@1379  reward=QoE=   47.84 eps=0.839 loss=1.7358
[ep  283] redandblack  static_B_2020.02.14_13.21.26.csv@823   reward=QoE=   37.47 eps=0.839 loss=2.0669
[ep  284] soldier      driving_B_2020.01.16_12.10.03.csv@7     reward=QoE=   30.55 eps=0.838 loss=2.5899
[ep  285] longdress    static_B_2019.12.16_13.40.04.csv@363   reward=QoE=   14.94 eps=0.838 loss=2.3649
[ep  286] loot         static_B_2019.12.16_13.40.04.csv@3     reward=QoE=   40.57 eps=0.837 loss=1.9741
[ep  287] redandblack  driving_B_2020.02.27_17.30.15.csv@651   reward=QoE= -275.85 eps=0.837 loss=2.0772
[ep  288] soldier      static_B_2020.02.27_18.39.27.csv@4562  reward=QoE=   39.27 eps=0.836 loss=1.5959
[ep  289] longdress    driving_B_2020.02.13_13.03.24.csv@2000  reward=QoE= -301.60 eps=0.835 loss=2.1886
[ep  290] loot         driving_B_2020.02.13_15.02.01.csv@648   reward=QoE=  -13.72 eps=0.835 loss=2.1910
[ep  291] redandblack  driving_B_2019.12.17_07.32.39.csv@2122  reward=QoE=   54.71 eps=0.834 loss=2.2239
[ep  292] soldier      driving_B_2020.02.27_17.30.15.csv@411   reward=QoE= -631.80 eps=0.834 loss=2.1443
[ep  293] longdress    static_B_2020.02.27_18.39.27.csv@2822  reward=QoE=   44.90 eps=0.833 loss=2.1053
[ep  294] loot         driving_B_2019.12.16_12.27.05.csv@784   reward=QoE=   27.37 eps=0.833 loss=1.7283
[ep  295] redandblack  static_B_2020.02.27_18.39.27.csv@4442  reward=QoE=   53.23 eps=0.832 loss=2.2568
[ep  296] soldier      driving_B_2020.01.16_07.26.43.csv@326   reward=QoE= -104.05 eps=0.831 loss=2.1189
[ep  297] longdress    static_B_2019.12.16_13.40.04.csv@1383  reward=QoE=  -17.08 eps=0.831 loss=1.7716
[ep  298] loot         driving_B_2020.02.14_09.38.22.csv@1475  reward=QoE=    1.14 eps=0.830 loss=2.0336
[ep  299] redandblack  static_B_2019.12.16_13.40.04.csv@1203  reward=QoE=   16.43 eps=0.830 loss=2.1982
[ep  300] soldier      driving_B_2020.01.16_07.26.43.csv@86    reward=QoE=  -38.83 eps=0.829 loss=1.8199
[ep  301] longdress    static_B_2020.02.27_18.39.27.csv@422   reward=QoE=   62.99 eps=0.829 loss=2.0982
[ep  302] loot         driving_B_2020.01.16_07.26.43.csv@446   reward=QoE= -109.13 eps=0.828 loss=1.7270
[ep  303] redandblack  driving_B_2020.02.27_17.30.15.csv@591   reward=QoE= -140.65 eps=0.827 loss=2.1543
[ep  304] soldier      static_B_2020.02.27_18.39.27.csv@2642  reward=QoE=   38.60 eps=0.827 loss=1.9738
[ep  305] longdress    driving_B_2020.02.13_13.03.24.csv@260   reward=QoE=  -48.70 eps=0.826 loss=2.1132
[ep  306] loot         driving_B_2019.12.17_07.32.39.csv@1222  reward=QoE=   61.43 eps=0.826 loss=2.1633
[ep  307] redandblack  driving_B_2020.02.14_09.38.22.csv@395   reward=QoE= -139.00 eps=0.825 loss=2.0756
[ep  308] soldier      static_B_2020.02.27_18.39.27.csv@4502  reward=QoE=   29.66 eps=0.825 loss=2.0618
[ep  309] longdress    driving_B_2020.02.13_13.03.24.csv@440   reward=QoE= -117.98 eps=0.824 loss=2.0588
[ep  310] loot         static_B_2020.02.14_13.21.26.csv@43    reward=QoE=   34.45 eps=0.823 loss=1.9175
[ep  311] redandblack  driving_B_2020.01.16_07.26.43.csv@1706  reward=QoE=  -29.99 eps=0.823 loss=1.8321
[ep  312] soldier      driving_B_2019.12.17_07.32.39.csv@2288  reward=QoE=   46.38 eps=0.822 loss=2.0103
[ep  313] longdress    static_B_2020.02.27_18.39.27.csv@602   reward=QoE=   24.04 eps=0.822 loss=2.0730
[ep  314] loot         driving_B_2020.02.13_15.02.01.csv@1188  reward=QoE=   51.34 eps=0.821 loss=1.9569
[ep  315] redandblack  static_B_2020.02.27_18.39.27.csv@4982  reward=QoE=   42.40 eps=0.821 loss=1.8903
[ep  316] soldier      driving_B_2020.01.16_07.26.43.csv@1770  reward=QoE= -128.78 eps=0.820 loss=2.2700
[ep  317] longdress    driving_B_2019.12.16_12.27.05.csv@244   reward=QoE=    4.42 eps=0.819 loss=2.0219
[ep  318] loot         static_B_2020.02.27_18.39.27.csv@5742  reward=QoE=   40.95 eps=0.819 loss=2.0543
[ep  319] redandblack  driving_B_2020.02.27_17.30.15.csv@720   reward=QoE= -194.00 eps=0.818 loss=1.9976
[ep  320] soldier      driving_B_2020.02.13_15.02.01.csv@528   reward=QoE=    5.70 eps=0.818 loss=2.1030
[ep  321] longdress    static_B_2020.02.27_18.39.27.csv@542   reward=QoE= -332.57 eps=0.817 loss=1.9007
[ep  322] loot         driving_B_2020.01.16_12.10.03.csv@187   reward=QoE=   45.64 eps=0.817 loss=1.7940
[ep  323] redandblack  driving_B_2020.01.16_09.56.56.csv@1559  reward=QoE=   58.58 eps=0.816 loss=1.7868
[ep  324] soldier      driving_B_2019.12.17_07.32.39.csv@922   reward=QoE= -126.24 eps=0.815 loss=2.1966
[ep  325] longdress    static_B_2020.02.14_13.21.26.csv@403   reward=QoE=   51.88 eps=0.815 loss=1.8584
[ep  326] loot         driving_B_2019.12.17_07.32.39.csv@1522  reward=QoE=  -29.60 eps=0.814 loss=1.9981
[ep  327] redandblack  driving_B_2020.02.14_09.38.22.csv@1235  reward=QoE=  -45.20 eps=0.814 loss=1.8694
[ep  328] soldier      driving_B_2020.02.14_12.58.17.csv@752   reward=QoE= -191.25 eps=0.813 loss=1.8305
[ep  329] longdress    driving_B_2020.02.13_15.02.01.csv@2628  reward=QoE=   62.73 eps=0.813 loss=2.0902
[ep  330] loot         driving_B_2019.12.17_07.32.39.csv@1882  reward=QoE=   14.59 eps=0.812 loss=2.2207
[ep  331] redandblack  driving_B_2019.12.17_07.32.39.csv@1942  reward=QoE=   39.70 eps=0.811 loss=1.6958
[ep  332] soldier      driving_B_2020.02.13_15.02.01.csv@588   reward=QoE=   24.69 eps=0.811 loss=1.9118
[ep  333] longdress    driving_B_2020.02.14_09.38.22.csv@755   reward=QoE=   -6.85 eps=0.810 loss=1.9960
[ep  334] loot         driving_B_2020.02.13_13.03.24.csv@380   reward=QoE=  -42.81 eps=0.810 loss=2.0798
[ep  335] redandblack  driving_B_2020.01.16_07.26.43.csv@1226  reward=QoE=  -31.62 eps=0.809 loss=2.1235
[ep  336] soldier      driving_B_2020.02.14_12.58.17.csv@392   reward=QoE= -536.21 eps=0.809 loss=1.7622
[ep  337] longdress    driving_B_2020.02.13_13.03.24.csv@1520  reward=QoE=  -97.95 eps=0.808 loss=1.9733
[ep  338] loot         driving_B_2020.02.14_09.38.22.csv@335   reward=QoE= -159.94 eps=0.808 loss=1.8196
[ep  339] redandblack  driving_B_2020.01.16_09.56.56.csv@359   reward=QoE=  -46.89 eps=0.807 loss=2.1973
[ep  340] soldier      driving_B_2020.02.14_12.58.17.csv@212   reward=QoE= -851.64 eps=0.806 loss=2.2093
[ep  341] longdress    driving_B_2019.12.17_07.32.39.csv@982   reward=QoE= -132.83 eps=0.806 loss=2.3347
[ep  342] loot         static_B_2020.02.27_18.39.27.csv@2882  reward=QoE=   41.13 eps=0.805 loss=2.3815
[ep  343] redandblack  static_B_2020.02.27_18.39.27.csv@2702  reward=QoE=   30.12 eps=0.805 loss=2.0277
[ep  344] soldier      driving_B_2019.12.17_07.32.39.csv@502   reward=QoE= -132.40 eps=0.804 loss=2.3265
[ep  345] longdress    static_B_2020.02.27_18.39.27.csv@1202  reward=QoE=   -4.50 eps=0.804 loss=2.0103
[ep  346] loot         driving_B_2020.02.13_15.02.01.csv@1608  reward=QoE= -177.76 eps=0.803 loss=1.9397
[ep  347] redandblack  driving_B_2019.12.17_07.32.39.csv@382   reward=QoE=   37.26 eps=0.802 loss=2.3132
[ep  348] soldier      driving_B_2019.12.17_07.32.39.csv@682   reward=QoE=  -94.44 eps=0.802 loss=2.0840
[ep  349] longdress    driving_B_2020.02.13_13.03.24.csv@1700  reward=QoE=   33.08 eps=0.801 loss=2.3104
[ep  350] loot         driving_B_2019.12.17_07.32.39.csv@1342  reward=QoE=   53.22 eps=0.801 loss=2.4242
[ep  351] redandblack  driving_B_2020.01.16_09.56.56.csv@599   reward=QoE=   50.10 eps=0.800 loss=2.3297
[ep  352] soldier      driving_B_2019.12.16_12.27.05.csv@304   reward=QoE= -130.56 eps=0.800 loss=2.3978
[ep  353] longdress    driving_B_2020.01.16_07.26.43.csv@926   reward=QoE= -113.54 eps=0.799 loss=2.0137
[ep  354] loot         static_B_2019.12.16_13.40.04.csv@483   reward=QoE=  -33.04 eps=0.798 loss=2.0745
[ep  355] redandblack  driving_B_2019.12.16_12.27.05.csv@664   reward=QoE= -156.71 eps=0.798 loss=2.1694
[ep  356] soldier      static_B_2019.12.16_13.40.04.csv@663   reward=QoE=   42.50 eps=0.797 loss=2.0162
[ep  357] longdress    static_B_2020.02.27_18.39.27.csv@2042  reward=QoE=   16.35 eps=0.797 loss=1.9467
[ep  358] loot         static_B_2020.02.27_18.39.27.csv@4262  reward=QoE=   35.57 eps=0.796 loss=2.4140
[ep  359] redandblack  driving_B_2020.02.13_15.02.01.csv@1788  reward=QoE=   49.96 eps=0.796 loss=2.0019
[ep  360] soldier      driving_B_2020.02.27_17.30.15.csv@51    reward=QoE=  -95.71 eps=0.795 loss=2.7140
[ep  361] longdress    static_B_2020.02.27_18.39.27.csv@2402  reward=QoE=    3.09 eps=0.794 loss=2.0211
[ep  362] loot         static_B_2020.02.27_18.39.27.csv@2102  reward=QoE=   48.36 eps=0.794 loss=1.8301
[ep  363] redandblack  driving_B_2020.02.14_12.58.17.csv@632   reward=QoE=  -24.30 eps=0.793 loss=2.0438
[ep  364] soldier      static_B_2020.02.14_13.21.26.csv@643   reward=QoE=   45.30 eps=0.793 loss=2.0028
[ep  365] longdress    driving_B_2020.02.14_09.38.22.csv@635   reward=QoE=   31.26 eps=0.792 loss=2.2121
[ep  366] loot         static_B_2019.12.16_13.40.04.csv@1743  reward=QoE=   57.55 eps=0.792 loss=2.3363
[ep  367] redandblack  static_B_2020.02.27_18.39.27.csv@5522  reward=QoE=   18.53 eps=0.791 loss=1.8753
[ep  368] soldier      static_B_2020.02.27_18.39.27.csv@4382  reward=QoE=   49.59 eps=0.790 loss=1.7869
[ep  369] longdress    driving_B_2020.01.16_09.56.56.csv@1259  reward=QoE=   12.58 eps=0.790 loss=2.8642
[ep  370] loot         driving_B_2020.02.14_12.58.17.csv@572   reward=QoE=  -16.54 eps=0.789 loss=1.8623
[ep  371] redandblack  driving_B_2020.01.16_07.26.43.csv@506   reward=QoE=  -47.24 eps=0.789 loss=1.9916
[ep  372] soldier      driving_B_2020.02.13_13.03.24.csv@2180  reward=QoE= -248.81 eps=0.788 loss=2.0117
[ep  373] longdress    static_B_2019.12.16_13.40.04.csv@183   reward=QoE=   47.51 eps=0.788 loss=2.0086
[ep  374] loot         static_B_2020.02.14_13.21.26.csv@163   reward=QoE=   47.92 eps=0.787 loss=2.0301
[ep  375] redandblack  static_B_2019.12.16_13.40.04.csv@423   reward=QoE=   -6.63 eps=0.786 loss=1.8411
[ep  376] soldier      driving_B_2020.02.13_13.03.24.csv@200   reward=QoE=  -98.19 eps=0.786 loss=2.0380
[ep  377] longdress    static_B_2019.12.16_13.40.04.csv@1143  reward=QoE= -178.80 eps=0.785 loss=1.8967
[ep  378] loot         driving_B_2019.12.17_07.32.39.csv@742   reward=QoE=  -15.64 eps=0.785 loss=1.5811
[ep  379] redandblack  static_B_2020.02.27_18.39.27.csv@782   reward=QoE=   26.47 eps=0.784 loss=2.0612
[ep  380] soldier      driving_B_2020.01.16_09.56.56.csv@779   reward=QoE=   10.15 eps=0.784 loss=2.0932
[ep  381] longdress    static_B_2020.02.27_18.39.27.csv@4082  reward=QoE=   30.33 eps=0.783 loss=1.9880
[ep  382] loot         static_B_2019.12.16_13.40.04.csv@543   reward=QoE=   59.12 eps=0.782 loss=1.7560
[ep  383] redandblack  static_B_2020.02.27_18.39.27.csv@1982  reward=QoE=   29.12 eps=0.782 loss=1.9017
[ep  384] soldier      driving_B_2020.02.13_15.02.01.csv@2754  reward=QoE= -114.04 eps=0.781 loss=1.9044
[ep  385] longdress    static_B_2020.02.27_18.39.27.csv@1142  reward=QoE=    5.20 eps=0.781 loss=2.3561
[ep  386] loot         driving_B_2019.12.17_07.32.39.csv@322   reward=QoE=   13.66 eps=0.780 loss=2.0341
[ep  387] redandblack  static_B_2020.02.14_13.21.26.csv@850   reward=QoE=   30.98 eps=0.780 loss=2.0218
[ep  388] soldier      static_B_2020.02.14_13.21.26.csv@703   reward=QoE=   43.39 eps=0.779 loss=2.4012
[ep  389] longdress    static_B_2020.02.27_18.39.27.csv@4922  reward=QoE=   45.47 eps=0.778 loss=1.9643
[ep  390] loot         static_B_2020.02.27_18.39.27.csv@962   reward=QoE=   62.78 eps=0.778 loss=1.7654
[ep  391] redandblack  driving_B_2020.02.13_13.03.24.csv@620   reward=QoE=  -54.85 eps=0.777 loss=1.9639
[ep  392] soldier      driving_B_2020.02.13_15.02.01.csv@1128  reward=QoE=  -83.70 eps=0.777 loss=1.8273
[ep  393] longdress    driving_B_2020.02.13_15.02.01.csv@168   reward=QoE=   45.86 eps=0.776 loss=1.9160
[ep  394] loot         driving_B_2020.02.13_15.02.01.csv@1668  reward=QoE=  -58.69 eps=0.776 loss=1.8852
[ep  395] redandblack  static_B_2020.02.27_18.39.27.csv@3242  reward=QoE=   19.84 eps=0.775 loss=1.5722
[ep  396] soldier      driving_B_2020.02.14_09.38.22.csv@215   reward=QoE= -264.48 eps=0.774 loss=1.9528
[ep  397] longdress    driving_B_2019.12.17_07.32.39.csv@1702  reward=QoE= -140.08 eps=0.774 loss=1.9253
[ep  398] loot         driving_B_2020.01.16_07.26.43.csv@566   reward=QoE=    8.20 eps=0.773 loss=1.6616
[ep  399] redandblack  static_B_2020.02.27_18.39.27.csv@3122  reward=QoE= -101.01 eps=0.773 loss=1.9877
[ep  400] soldier      driving_B_2020.02.13_13.03.24.csv@20    reward=QoE=  -67.01 eps=0.772 loss=1.5826
    [eval @ ep 400] reward=QoE=-1099.32 mean_q=0.633 stall=257.1s  <-- best (saved)
[ep  401] longdress    driving_B_2019.12.16_12.27.05.csv@904   reward=QoE=   19.61 eps=0.772 loss=1.9633
[ep  402] loot         driving_B_2020.02.13_15.02.01.csv@2388  reward=QoE= -264.91 eps=0.771 loss=2.1410
[ep  403] redandblack  driving_B_2020.02.13_15.02.01.csv@1548  reward=QoE= -100.93 eps=0.770 loss=2.3400
[ep  404] soldier      static_B_2019.12.16_13.40.04.csv@1443  reward=QoE=   33.40 eps=0.770 loss=2.1622
[ep  405] longdress    driving_B_2020.02.13_13.03.24.csv@1160  reward=QoE=  -80.11 eps=0.769 loss=2.2736
[ep  406] loot         static_B_2020.02.14_13.21.26.csv@343   reward=QoE=   44.31 eps=0.769 loss=2.3157
[ep  407] redandblack  driving_B_2020.01.16_09.56.56.csv@1199  reward=QoE=   60.78 eps=0.768 loss=2.4408
[ep  408] soldier      driving_B_2020.02.27_17.30.15.csv@231   reward=QoE= -416.95 eps=0.768 loss=2.3613
[ep  409] longdress    static_B_2019.12.16_13.40.04.csv@603   reward=QoE=   20.36 eps=0.767 loss=2.5100
[ep  410] loot         static_B_2020.02.27_18.39.27.csv@182   reward=QoE=   23.61 eps=0.767 loss=2.2883
[ep  411] redandblack  driving_B_2019.12.17_07.32.39.csv@142   reward=QoE=   19.32 eps=0.766 loss=2.0799
[ep  412] soldier      static_B_2020.02.27_18.39.27.csv@3362  reward=QoE=   42.91 eps=0.765 loss=2.3427
[ep  413] longdress    driving_B_2020.02.14_09.38.22.csv@1175  reward=QoE= -225.84 eps=0.765 loss=2.4522
[ep  414] loot         driving_B_2020.01.16_07.26.43.csv@1106  reward=QoE=   24.78 eps=0.764 loss=2.8800
[ep  415] redandblack  driving_B_2020.02.13_13.03.24.csv@860   reward=QoE= -118.34 eps=0.764 loss=2.3463
[ep  416] soldier      static_B_2020.02.27_18.39.27.csv@3422  reward=QoE=   35.49 eps=0.763 loss=2.6305
[ep  417] longdress    static_B_2020.02.27_18.39.27.csv@4142  reward=QoE=   39.26 eps=0.763 loss=2.1892
[ep  418] loot         driving_B_2020.02.13_13.03.24.csv@1279  reward=QoE=  -61.58 eps=0.762 loss=1.9746
[ep  419] redandblack  static_B_2020.02.27_18.39.27.csv@2713  reward=QoE=   28.44 eps=0.761 loss=2.1679
[ep  420] soldier      driving_B_2020.02.13_15.02.01.csv@2631  reward=QoE=   46.40 eps=0.761 loss=2.2655
[ep  421] longdress    driving_B_2020.02.13_13.03.24.csv@19    reward=QoE=  -12.84 eps=0.760 loss=2.0569
[ep  422] loot         driving_B_2020.02.13_15.02.01.csv@531   reward=QoE=   19.33 eps=0.760 loss=2.1740
[ep  423] redandblack  driving_B_2020.01.16_09.56.56.csv@1358  reward=QoE=   25.44 eps=0.759 loss=1.7838
[ep  424] soldier      driving_B_2020.02.13_15.02.01.csv@1431  reward=QoE=  -93.07 eps=0.759 loss=2.0304
[ep  425] longdress    static_B_2020.02.27_18.39.27.csv@1273  reward=QoE=   29.73 eps=0.758 loss=1.9254
[ep  426] loot         static_B_2020.02.27_18.39.27.csv@1873  reward=QoE=   23.87 eps=0.757 loss=2.0202
[ep  427] redandblack  driving_B_2019.12.17_07.32.39.csv@639   reward=QoE=   18.48 eps=0.757 loss=2.0881
[ep  428] soldier      driving_B_2020.02.13_15.02.01.csv@2331  reward=QoE= -402.22 eps=0.756 loss=2.0423
[ep  429] longdress    static_B_2020.02.27_18.39.27.csv@613   reward=QoE=   27.78 eps=0.756 loss=2.1904
[ep  430] loot         driving_B_2020.02.27_17.30.15.csv@720   reward=QoE= -189.69 eps=0.755 loss=2.2099
[ep  431] redandblack  driving_B_2020.02.14_09.38.22.csv@1057  reward=QoE=  -47.53 eps=0.755 loss=2.0087
[ep  432] soldier      driving_B_2020.02.14_12.58.17.csv@800   reward=QoE= -146.27 eps=0.754 loss=2.0810
[ep  433] longdress    static_B_2019.12.16_13.40.04.csv@223   reward=QoE=   22.12 eps=0.753 loss=2.1537
[ep  434] loot         driving_B_2020.01.16_07.26.43.csv@1184  reward=QoE=   -9.98 eps=0.753 loss=1.9329
[ep  435] redandblack  driving_B_2020.02.13_13.03.24.csv@259   reward=QoE=  -30.91 eps=0.752 loss=2.1578
[ep  436] soldier      driving_B_2020.02.13_13.03.24.csv@1759  reward=QoE=   26.06 eps=0.752 loss=2.1029
[ep  437] longdress    static_B_2019.12.16_13.40.04.csv@1843  reward=QoE=   38.21 eps=0.751 loss=2.1273
[ep  438] loot         driving_B_2020.02.13_15.02.01.csv@771   reward=QoE=    5.08 eps=0.751 loss=1.8853
[ep  439] redandblack  static_B_2020.02.27_18.39.27.csv@73    reward=QoE=   36.23 eps=0.750 loss=2.0730
[ep  440] soldier      static_B_2020.02.27_18.39.27.csv@3553  reward=QoE=  -62.46 eps=0.749 loss=2.0920
[ep  441] longdress    static_B_2020.02.27_18.39.27.csv@3193  reward=QoE= -151.61 eps=0.749 loss=1.9979
[ep  442] loot         driving_B_2020.01.16_09.56.56.csv@1538  reward=QoE=   24.53 eps=0.748 loss=2.1140
[ep  443] redandblack  static_B_2020.02.27_18.39.27.csv@3853  reward=QoE=  -34.79 eps=0.748 loss=2.2281
[ep  444] soldier      static_B_2020.02.27_18.39.27.csv@3013  reward=QoE=   22.52 eps=0.747 loss=2.0217
[ep  445] longdress    driving_B_2020.02.13_15.02.01.csv@1311  reward=QoE= -299.15 eps=0.747 loss=2.1769
[ep  446] loot         driving_B_2020.02.14_12.58.17.csv@588   reward=QoE=  -13.23 eps=0.746 loss=2.0562
[ep  447] redandblack  driving_B_2019.12.16_12.27.05.csv@515   reward=QoE= -214.98 eps=0.745 loss=2.0698
[ep  448] soldier      driving_B_2020.02.13_13.03.24.csv@2188  reward=QoE= -191.89 eps=0.745 loss=2.3104
[ep  449] longdress    driving_B_2019.12.16_12.27.05.csv@1152  reward=QoE=   -8.40 eps=0.744 loss=2.2140
[ep  450] loot         static_B_2020.02.27_18.39.27.csv@2773  reward=QoE=   39.06 eps=0.744 loss=2.1057
[ep  451] redandblack  driving_B_2020.01.16_07.26.43.csv@44    reward=QoE=   12.20 eps=0.743 loss=2.1549
[ep  452] soldier      driving_B_2020.01.16_09.56.56.csv@878   reward=QoE=  -17.72 eps=0.743 loss=1.9760
[ep  453] longdress    driving_B_2020.01.16_09.56.56.csv@1298  reward=QoE=   33.95 eps=0.742 loss=2.2816
[ep  454] loot         static_B_2020.02.14_13.21.26.csv@498   reward=QoE=   53.04 eps=0.741 loss=2.0974
[ep  455] redandblack  static_B_2020.02.27_18.39.27.csv@5653  reward=QoE=   59.70 eps=0.741 loss=2.0352
[ep  456] soldier      static_B_2020.02.27_18.39.27.csv@1153  reward=QoE=  -32.26 eps=0.740 loss=1.9439
[ep  457] longdress    driving_B_2020.02.27_17.30.15.csv@532   reward=QoE= -271.28 eps=0.740 loss=2.1585
[ep  458] loot         driving_B_2020.01.16_09.56.56.csv@38    reward=QoE=   20.43 eps=0.739 loss=1.8506
[ep  459] redandblack  static_B_2019.12.16_13.40.04.csv@943   reward=QoE=   55.62 eps=0.739 loss=2.0436
[ep  460] soldier      driving_B_2019.12.16_12.27.05.csv@35    reward=QoE=  -26.23 eps=0.738 loss=2.0828
[ep  461] longdress    static_B_2019.12.16_13.40.04.csv@1063  reward=QoE=   35.46 eps=0.737 loss=2.0685
[ep  462] loot         static_B_2020.02.27_18.39.27.csv@5233  reward=QoE=   13.95 eps=0.737 loss=2.0975
[ep  463] redandblack  driving_B_2020.02.13_15.02.01.csv@1131  reward=QoE=  -57.29 eps=0.736 loss=2.0451
[ep  464] soldier      driving_B_2020.02.13_13.03.24.csv@1579  reward=QoE= -147.80 eps=0.736 loss=2.1656
[ep  465] longdress    driving_B_2020.02.27_17.30.15.csv@292   reward=QoE= -345.45 eps=0.735 loss=2.2481
[ep  466] loot         driving_B_2020.02.14_09.38.22.csv@997   reward=QoE=  -19.87 eps=0.735 loss=2.3659
[ep  467] redandblack  driving_B_2020.02.14_12.58.17.csv@800   reward=QoE= -150.14 eps=0.734 loss=2.2543
[ep  468] soldier      driving_B_2020.02.13_15.02.01.csv@591   reward=QoE=    9.97 eps=0.733 loss=2.1782
[ep  469] longdress    driving_B_2020.02.13_15.02.01.csv@1191  reward=QoE=   41.77 eps=0.733 loss=2.0771
[ep  470] loot         static_B_2020.02.27_18.39.27.csv@5713  reward=QoE=   46.59 eps=0.732 loss=2.0176
[ep  471] redandblack  static_B_2019.12.16_13.40.04.csv@1904  reward=QoE=    3.25 eps=0.732 loss=2.2111
[ep  472] soldier      static_B_2019.12.16_13.40.04.csv@1243  reward=QoE=   14.44 eps=0.731 loss=1.9009
[ep  473] longdress    driving_B_2019.12.17_07.32.39.csv@1659  reward=QoE=   47.46 eps=0.731 loss=1.8843
[ep  474] loot         static_B_2020.02.27_18.39.27.csv@193   reward=QoE=   45.55 eps=0.730 loss=2.5526
[ep  475] redandblack  driving_B_2020.02.13_13.03.24.csv@199   reward=QoE=  -67.10 eps=0.729 loss=2.1395
[ep  476] soldier      driving_B_2020.01.16_07.26.43.csv@1424  reward=QoE= -121.84 eps=0.729 loss=2.1736
[ep  477] longdress    static_B_2019.12.16_13.40.04.csv@43    reward=QoE=    7.10 eps=0.728 loss=2.0215
[ep  478] loot         driving_B_2019.12.17_07.32.39.csv@1899  reward=QoE=   39.32 eps=0.728 loss=2.0660
[ep  479] redandblack  driving_B_2020.02.13_13.03.24.csv@919   reward=QoE=  -38.62 eps=0.727 loss=2.2712
[ep  480] soldier      static_B_2020.02.27_18.39.27.csv@1633  reward=QoE=   37.64 eps=0.727 loss=2.1497
[ep  481] longdress    static_B_2020.02.27_18.39.27.csv@2233  reward=QoE=   56.14 eps=0.726 loss=2.0151
[ep  482] loot         static_B_2019.12.16_13.40.04.csv@403   reward=QoE=   52.85 eps=0.725 loss=1.5976
[ep  483] redandblack  static_B_2020.02.27_18.39.27.csv@5113  reward=QoE=   40.49 eps=0.725 loss=2.3089
[ep  484] soldier      driving_B_2020.01.16_12.10.03.csv@148   reward=QoE=   44.77 eps=0.724 loss=1.9936
[ep  485] longdress    static_B_2020.02.27_18.39.27.csv@4213  reward=QoE=   38.06 eps=0.724 loss=1.9350
[ep  486] loot         driving_B_2020.02.14_09.38.22.csv@277   reward=QoE= -116.20 eps=0.723 loss=1.9049
[ep  487] redandblack  static_B_2019.12.16_13.40.04.csv@1363  reward=QoE= -203.13 eps=0.723 loss=2.1517
[ep  488] soldier      driving_B_2019.12.16_12.27.05.csv@635   reward=QoE= -244.60 eps=0.722 loss=2.4030
[ep  489] longdress    static_B_2020.02.27_18.39.27.csv@1213  reward=QoE=   15.48 eps=0.722 loss=2.1118
[ep  490] loot         driving_B_2020.02.14_12.58.17.csv@468   reward=QoE= -215.27 eps=0.721 loss=2.1279
[ep  491] redandblack  driving_B_2020.01.16_07.26.43.csv@1770  reward=QoE=  -83.51 eps=0.720 loss=2.1627
[ep  492] soldier      driving_B_2020.02.13_15.02.01.csv@2271  reward=QoE= -124.83 eps=0.720 loss=1.8603
[ep  493] longdress    static_B_2020.02.27_18.39.27.csv@2173  reward=QoE=   49.76 eps=0.719 loss=2.1669
[ep  494] loot         driving_B_2020.02.14_12.58.17.csv@708   reward=QoE=  -88.90 eps=0.719 loss=1.9213
[ep  495] redandblack  driving_B_2020.02.13_13.03.24.csv@1159  reward=QoE=  -48.99 eps=0.718 loss=1.9628
[ep  496] soldier      driving_B_2020.02.13_15.02.01.csv@1911  reward=QoE=   20.90 eps=0.718 loss=1.9773
[ep  497] longdress    driving_B_2020.02.14_09.38.22.csv@817   reward=QoE=  -29.68 eps=0.717 loss=1.9000
[ep  498] loot         static_B_2020.02.27_18.39.27.csv@4273  reward=QoE=   46.05 eps=0.716 loss=2.2558
[ep  499] redandblack  static_B_2020.02.27_18.39.27.csv@3913  reward=QoE=   46.15 eps=0.716 loss=1.9486
[ep  500] soldier      static_B_2020.02.27_18.39.27.csv@733   reward=QoE=   16.99 eps=0.715 loss=1.9543
[ep  501] longdress    driving_B_2020.01.16_09.56.56.csv@458   reward=QoE=  -44.56 eps=0.715 loss=1.9623
[ep  502] loot         driving_B_2020.01.16_07.26.43.csv@1244  reward=QoE=   -6.54 eps=0.714 loss=2.0008
[ep  503] redandblack  driving_B_2020.01.16_09.56.56.csv@998   reward=QoE=   56.84 eps=0.714 loss=2.1237
[ep  504] soldier      driving_B_2019.12.17_07.32.39.csv@2288  reward=QoE=   25.32 eps=0.713 loss=2.0011
[ep  505] longdress    driving_B_2019.12.16_12.27.05.csv@215   reward=QoE=  -21.61 eps=0.712 loss=1.8949
[ep  506] loot         driving_B_2019.12.17_07.32.39.csv@339   reward=QoE=   21.05 eps=0.712 loss=2.0574
[ep  507] redandblack  driving_B_2020.02.13_15.02.01.csv@1731  reward=QoE=   52.76 eps=0.711 loss=2.0562
[ep  508] soldier      static_B_2020.02.27_18.39.27.csv@1453  reward=QoE=   42.78 eps=0.711 loss=2.1218
[ep  509] longdress    driving_B_2019.12.17_07.32.39.csv@999   reward=QoE=  -58.14 eps=0.710 loss=1.8095
[ep  510] loot         driving_B_2020.01.16_12.10.03.csv@244   reward=QoE=   53.49 eps=0.710 loss=2.4479
[ep  511] redandblack  driving_B_2020.01.16_07.26.43.csv@884   reward=QoE=  -61.15 eps=0.709 loss=1.9124
[ep  512] soldier      driving_B_2019.12.17_07.32.39.csv@39    reward=QoE=  -25.60 eps=0.708 loss=2.1396
[ep  513] longdress    static_B_2019.12.16_13.40.04.csv@1543  reward=QoE=   52.69 eps=0.708 loss=1.8755
[ep  514] loot         driving_B_2019.12.17_07.32.39.csv@519   reward=QoE=  -74.98 eps=0.707 loss=2.0338
[ep  515] redandblack  static_B_2020.02.27_18.39.27.csv@493   reward=QoE=   53.92 eps=0.707 loss=2.0110
[ep  516] soldier      driving_B_2020.02.13_15.02.01.csv@711   reward=QoE=  -29.90 eps=0.706 loss=2.1204
[ep  517] longdress    driving_B_2020.02.14_09.38.22.csv@1237  reward=QoE=  -42.37 eps=0.706 loss=1.8196
[ep  518] loot         driving_B_2019.12.16_12.27.05.csv@575   reward=QoE=  -23.06 eps=0.705 loss=2.1754
[ep  519] redandblack  static_B_2019.12.16_13.40.04.csv@1483  reward=QoE=   34.68 eps=0.704 loss=1.7755
[ep  520] soldier      static_B_2019.12.16_13.40.04.csv@1663  reward=QoE=   32.77 eps=0.704 loss=1.9628
[ep  521] longdress    static_B_2020.02.27_18.39.27.csv@4753  reward=QoE=   40.42 eps=0.703 loss=1.9329
[ep  522] loot         driving_B_2020.02.13_13.03.24.csv@1819  reward=QoE= -873.42 eps=0.703 loss=1.8169
[ep  523] redandblack  driving_B_2020.02.14_09.38.22.csv@1117  reward=QoE=  -71.38 eps=0.702 loss=1.8943
[ep  524] soldier      driving_B_2019.12.17_07.32.39.csv@459   reward=QoE=   55.52 eps=0.702 loss=1.8288
[ep  525] longdress    driving_B_2020.01.16_09.56.56.csv@1570  reward=QoE=   -2.30 eps=0.701 loss=1.8705
[ep  526] loot         driving_B_2020.01.16_12.10.03.csv@244   reward=QoE=   48.65 eps=0.700 loss=1.9554
[ep  527] redandblack  driving_B_2020.02.13_13.03.24.csv@439   reward=QoE=  -28.10 eps=0.700 loss=1.9974
[ep  528] soldier      static_B_2019.12.16_13.40.04.csv@1423  reward=QoE=   58.00 eps=0.699 loss=2.0921
[ep  529] longdress    static_B_2020.02.27_18.39.27.csv@13    reward=QoE=   15.21 eps=0.699 loss=1.9739
[ep  530] loot         static_B_2020.02.27_18.39.27.csv@4453  reward=QoE=   37.29 eps=0.698 loss=2.1057
[ep  531] redandblack  driving_B_2020.01.16_07.26.43.csv@1364  reward=QoE= -123.88 eps=0.698 loss=2.2240
[ep  532] soldier      driving_B_2020.02.14_09.38.22.csv@1417  reward=QoE=  -66.80 eps=0.697 loss=2.0228
[ep  533] longdress    static_B_2020.02.27_18.39.27.csv@253   reward=QoE=   49.77 eps=0.696 loss=2.1944
[ep  534] loot         static_B_2019.12.16_13.40.04.csv@583   reward=QoE=   57.29 eps=0.696 loss=2.1957
[ep  535] redandblack  static_B_2020.02.27_18.39.27.csv@2353  reward=QoE= -283.13 eps=0.695 loss=1.8640
[ep  536] soldier      driving_B_2020.02.14_09.38.22.csv@97    reward=QoE= -112.49 eps=0.695 loss=2.3562
[ep  537] longdress    driving_B_2020.02.14_12.58.17.csv@648   reward=QoE=  -42.51 eps=0.694 loss=1.8346
[ep  538] loot         driving_B_2020.02.13_15.02.01.csv@651   reward=QoE=   21.82 eps=0.694 loss=2.0091
[ep  539] redandblack  driving_B_2020.02.13_15.02.01.csv@2031  reward=QoE=   46.11 eps=0.693 loss=2.1718
[ep  540] soldier      driving_B_2020.02.13_15.02.01.csv@1971  reward=QoE=   11.68 eps=0.692 loss=2.0292
[ep  541] longdress    static_B_2019.12.16_13.40.04.csv@1003  reward=QoE=   33.42 eps=0.692 loss=2.2591
[ep  542] loot         static_B_2020.02.27_18.39.27.csv@1933  reward=QoE=   48.23 eps=0.691 loss=2.1258
[ep  543] redandblack  static_B_2019.12.16_13.40.04.csv@643   reward=QoE=   28.98 eps=0.691 loss=2.2307
[ep  544] soldier      driving_B_2020.02.13_13.03.24.csv@1399  reward=QoE=  -80.15 eps=0.690 loss=2.1034
[ep  545] longdress    driving_B_2020.01.16_09.56.56.csv@158   reward=QoE=    6.42 eps=0.690 loss=2.0501
[ep  546] loot         static_B_2020.02.27_18.39.27.csv@4093  reward=QoE=   31.94 eps=0.689 loss=1.8467
[ep  547] redandblack  static_B_2020.02.27_18.39.27.csv@3373  reward=QoE=   41.01 eps=0.688 loss=2.0452
[ep  548] soldier      driving_B_2020.02.13_15.02.01.csv@1371  reward=QoE=  -66.97 eps=0.688 loss=1.9811
[ep  549] longdress    static_B_2020.02.27_18.39.27.csv@4813  reward=QoE=   40.12 eps=0.687 loss=2.4095
[ep  550] loot         driving_B_2020.02.13_15.02.01.csv@2451  reward=QoE= -256.32 eps=0.687 loss=1.6928
[ep  551] redandblack  driving_B_2020.01.16_09.56.56.csv@398   reward=QoE=   31.84 eps=0.686 loss=1.7687
[ep  552] soldier      driving_B_2020.01.16_07.26.43.csv@524   reward=QoE=  -56.92 eps=0.686 loss=1.9761
[ep  553] longdress    static_B_2020.02.27_18.39.27.csv@3613  reward=QoE=   24.94 eps=0.685 loss=1.9469
[ep  554] loot         driving_B_2019.12.16_12.27.05.csv@335   reward=QoE=  -26.13 eps=0.684 loss=2.1144
[ep  555] redandblack  static_B_2020.02.14_13.21.26.csv@318   reward=QoE=   41.01 eps=0.684 loss=1.9308
[ep  556] soldier      driving_B_2020.02.14_09.38.22.csv@217   reward=QoE= -262.19 eps=0.683 loss=2.2042
[ep  557] longdress    driving_B_2020.02.14_09.38.22.csv@157   reward=QoE=    1.70 eps=0.683 loss=1.8640
[ep  558] loot         static_B_2020.02.27_18.39.27.csv@5053  reward=QoE=   47.84 eps=0.682 loss=1.9396
[ep  559] redandblack  driving_B_2020.02.14_12.58.17.csv@528   reward=QoE=  -43.80 eps=0.682 loss=1.9421
[ep  560] soldier      driving_B_2020.02.14_09.38.22.csv@1478  reward=QoE=  -62.29 eps=0.681 loss=2.1243
[ep  561] longdress    driving_B_2020.02.13_15.02.01.csv@51    reward=QoE=   48.15 eps=0.681 loss=1.8259
[ep  562] loot         static_B_2020.02.27_18.39.27.csv@673   reward=QoE=   45.75 eps=0.680 loss=2.0899
[ep  563] redandblack  driving_B_2019.12.17_07.32.39.csv@1179  reward=QoE=  -20.13 eps=0.679 loss=1.9024
[ep  564] soldier      driving_B_2020.02.13_13.03.24.csv@499   reward=QoE=  -67.05 eps=0.679 loss=2.3416
[ep  565] longdress    static_B_2020.02.27_18.39.27.csv@2893  reward=QoE=   48.49 eps=0.678 loss=1.8596
[ep  566] loot         driving_B_2020.02.14_12.58.17.csv@348   reward=QoE= -262.50 eps=0.678 loss=2.0492
[ep  567] redandblack  driving_B_2020.01.16_12.10.03.csv@208   reward=QoE=   46.82 eps=0.677 loss=1.9693
[ep  568] soldier      driving_B_2019.12.16_12.27.05.csv@275   reward=QoE=  -32.59 eps=0.677 loss=2.1618
[ep  569] longdress    static_B_2020.02.27_18.39.27.csv@3493  reward=QoE=   38.49 eps=0.676 loss=2.2136
[ep  570] loot         driving_B_2020.02.14_09.38.22.csv@1177  reward=QoE=  -76.91 eps=0.675 loss=1.7646
[ep  571] redandblack  driving_B_2020.02.13_13.03.24.csv@379   reward=QoE=  -22.50 eps=0.675 loss=1.9209
[ep  572] soldier      driving_B_2019.12.17_07.32.39.csv@399   reward=QoE=   18.37 eps=0.674 loss=2.2190
[ep  573] longdress    driving_B_2020.02.27_17.30.15.csv@412   reward=QoE= -517.20 eps=0.674 loss=1.9142
[ep  574] loot         driving_B_2020.02.14_09.38.22.csv@397   reward=QoE=  -92.09 eps=0.673 loss=2.0990
[ep  575] redandblack  driving_B_2020.01.16_07.26.43.csv@1604  reward=QoE= -107.26 eps=0.673 loss=2.0087
[ep  576] soldier      driving_B_2020.02.14_09.38.22.csv@637   reward=QoE=   40.07 eps=0.672 loss=2.2805
[ep  577] longdress    driving_B_2019.12.16_12.27.05.csv@455   reward=QoE=  -64.96 eps=0.671 loss=1.9037
[ep  578] loot         static_B_2020.02.27_18.39.27.csv@1393  reward=QoE=   41.03 eps=0.671 loss=1.7404
[ep  579] redandblack  static_B_2020.02.14_13.21.26.csv@558   reward=QoE=   25.56 eps=0.670 loss=1.9521
[ep  580] soldier      driving_B_2020.01.16_07.26.43.csv@1664  reward=QoE=  -70.07 eps=0.670 loss=1.8404
[ep  581] longdress    driving_B_2020.01.16_07.26.43.csv@944   reward=QoE= -125.28 eps=0.669 loss=2.0423
[ep  582] loot         static_B_2020.02.27_18.39.27.csv@1753  reward=QoE=   46.61 eps=0.669 loss=2.1739
[ep  583] redandblack  driving_B_2020.01.16_09.56.56.csv@278   reward=QoE=   66.02 eps=0.668 loss=1.8027
[ep  584] soldier      driving_B_2020.01.16_09.56.56.csv@338   reward=QoE=   38.95 eps=0.667 loss=2.2746
[ep  585] longdress    driving_B_2019.12.17_07.32.39.csv@2199  reward=QoE=  -72.02 eps=0.667 loss=2.3648
[ep  586] loot         static_B_2020.02.27_18.39.27.csv@2473  reward=QoE=   67.43 eps=0.666 loss=1.9641
[ep  587] redandblack  driving_B_2019.12.17_07.32.39.csv@1119  reward=QoE=   37.56 eps=0.666 loss=1.8400
[ep  588] soldier      static_B_2019.12.16_13.40.04.csv@883   reward=QoE=   56.61 eps=0.665 loss=2.2351
[ep  589] longdress    driving_B_2019.12.16_12.27.05.csv@395   reward=QoE= -106.13 eps=0.665 loss=2.0037
[ep  590] loot         driving_B_2020.02.14_09.38.22.csv@877   reward=QoE=   21.56 eps=0.664 loss=2.3951
[ep  591] redandblack  driving_B_2020.02.13_13.03.24.csv@979   reward=QoE=  -91.41 eps=0.663 loss=1.8465
[ep  592] soldier      static_B_2020.02.27_18.39.27.csv@4333  reward=QoE=   28.15 eps=0.663 loss=1.7577
[ep  593] longdress    driving_B_2020.02.13_13.03.24.csv@679   reward=QoE=  -93.95 eps=0.662 loss=2.0006
[ep  594] loot         static_B_2020.02.27_18.39.27.csv@313   reward=QoE=   45.26 eps=0.662 loss=2.0905
[ep  595] redandblack  driving_B_2019.12.16_12.27.05.csv@1152  reward=QoE=   -0.46 eps=0.661 loss=2.5069
[ep  596] soldier      driving_B_2019.12.17_07.32.39.csv@1299  reward=QoE=   36.71 eps=0.661 loss=1.9362
[ep  597] longdress    driving_B_2020.01.16_09.56.56.csv@1570  reward=QoE=   11.19 eps=0.660 loss=2.1373
[ep  598] loot         driving_B_2020.01.16_09.56.56.csv@578   reward=QoE=   57.25 eps=0.659 loss=2.1523
[ep  599] redandblack  driving_B_2020.02.13_15.02.01.csv@171   reward=QoE=   55.24 eps=0.659 loss=2.1992
[ep  600] soldier      driving_B_2019.12.17_07.32.39.csv@2288  reward=QoE=   37.49 eps=0.658 loss=2.3046
[ep  601] longdress    static_B_2020.02.14_13.21.26.csv@198   reward=QoE=   47.34 eps=0.658 loss=2.0692
[ep  602] loot         driving_B_2020.02.14_09.38.22.csv@1297  reward=QoE=   48.69 eps=0.657 loss=1.7881
[ep  603] redandblack  driving_B_2020.01.16_09.56.56.csv@218   reward=QoE=   34.05 eps=0.657 loss=2.6740
[ep  604] soldier      static_B_2020.02.27_18.39.27.csv@4993  reward=QoE=   62.88 eps=0.656 loss=2.2164
[ep  605] longdress    static_B_2020.02.27_18.39.27.csv@4693  reward=QoE=    1.97 eps=0.655 loss=2.0638
[ep  606] loot         driving_B_2020.02.27_17.30.15.csv@112   reward=QoE= -185.75 eps=0.655 loss=1.8843
[ep  607] redandblack  driving_B_2020.01.16_09.56.56.csv@518   reward=QoE=   38.42 eps=0.654 loss=2.1723
[ep  608] soldier      static_B_2020.02.27_18.39.27.csv@4873  reward=QoE=  -20.90 eps=0.654 loss=1.9920
[ep  609] longdress    static_B_2020.02.14_13.21.26.csv@850   reward=QoE=   21.90 eps=0.653 loss=2.2523
[ep  610] loot         static_B_2020.02.27_18.39.27.csv@5173  reward=QoE=   26.85 eps=0.653 loss=2.2838
[ep  611] redandblack  driving_B_2020.02.14_09.38.22.csv@1478  reward=QoE=  -35.32 eps=0.652 loss=2.2107
[ep  612] soldier      driving_B_2020.02.27_17.30.15.csv@472   reward=QoE= -270.04 eps=0.651 loss=2.1572
[ep  613] longdress    static_B_2020.02.27_18.39.27.csv@133   reward=QoE=   30.69 eps=0.651 loss=1.9057
[ep  614] loot         driving_B_2020.02.13_15.02.01.csv@2151  reward=QoE=   61.80 eps=0.650 loss=2.1190
[ep  615] redandblack  static_B_2020.02.27_18.39.27.csv@4153  reward=QoE=   19.14 eps=0.650 loss=2.1540
[ep  616] soldier      driving_B_2020.02.13_13.03.24.csv@1459  reward=QoE=  -31.07 eps=0.649 loss=2.0170
[ep  617] longdress    driving_B_2020.02.13_15.02.01.csv@2751  reward=QoE=  -87.57 eps=0.649 loss=2.0188
[ep  618] loot         driving_B_2020.02.27_17.30.15.csv@232   reward=QoE= -359.89 eps=0.648 loss=2.0043
[ep  619] redandblack  driving_B_2020.02.13_13.03.24.csv@1099  reward=QoE= -116.13 eps=0.647 loss=1.9579
[ep  620] soldier      driving_B_2020.01.16_07.26.43.csv@1064  reward=QoE=   -2.83 eps=0.647 loss=2.1941
[ep  621] longdress    static_B_2020.02.14_13.21.26.csv@18    reward=QoE=    8.41 eps=0.646 loss=1.9501
[ep  622] loot         static_B_2020.02.27_18.39.27.csv@4393  reward=QoE=   49.05 eps=0.646 loss=2.0633
[ep  623] redandblack  driving_B_2019.12.17_07.32.39.csv@1839  reward=QoE=  -95.56 eps=0.645 loss=2.2205
[ep  624] soldier      static_B_2019.12.16_13.40.04.csv@463   reward=QoE= -290.96 eps=0.645 loss=2.2211
[ep  625] longdress    driving_B_2020.02.27_17.30.15.csv@592   reward=QoE= -176.63 eps=0.644 loss=2.2771
[ep  626] loot         driving_B_2020.01.16_07.26.43.csv@104   reward=QoE=   21.27 eps=0.643 loss=2.0336
[ep  627] redandblack  driving_B_2020.01.16_09.56.56.csv@698   reward=QoE=   33.72 eps=0.643 loss=2.1744
[ep  628] soldier      static_B_2020.02.27_18.39.27.csv@1573  reward=QoE=   26.71 eps=0.642 loss=2.0826
[ep  629] longdress    static_B_2019.12.16_13.40.04.csv@1603  reward=QoE=   52.69 eps=0.642 loss=2.1200
[ep  630] loot         static_B_2020.02.14_13.21.26.csv@138   reward=QoE=   53.49 eps=0.641 loss=2.0341
[ep  631] redandblack  driving_B_2019.12.17_07.32.39.csv@1779  reward=QoE=  -38.73 eps=0.641 loss=2.3196
[ep  632] soldier      static_B_2020.02.27_18.39.27.csv@4513  reward=QoE=   11.47 eps=0.640 loss=1.9966
[ep  633] longdress    static_B_2020.02.27_18.39.27.csv@2653  reward=QoE=   23.95 eps=0.639 loss=2.6284
[ep  634] loot         driving_B_2020.02.13_13.03.24.csv@739   reward=QoE=  -42.87 eps=0.639 loss=2.3323
[ep  635] redandblack  driving_B_2020.02.13_13.03.24.csv@559   reward=QoE=  -33.11 eps=0.638 loss=2.3712
[ep  636] soldier      driving_B_2020.02.13_15.02.01.csv@951   reward=QoE=   -4.81 eps=0.638 loss=1.6937
[ep  637] longdress    driving_B_2019.12.17_07.32.39.csv@1059  reward=QoE=   10.78 eps=0.637 loss=2.2046
[ep  638] loot         static_B_2020.02.27_18.39.27.csv@3733  reward=QoE=   56.27 eps=0.637 loss=2.0126
[ep  639] redandblack  driving_B_2020.02.13_15.02.01.csv@831   reward=QoE=  -64.22 eps=0.636 loss=2.2369
[ep  640] soldier      static_B_2020.02.27_18.39.27.csv@853   reward=QoE=   48.31 eps=0.636 loss=2.4206
[ep  641] longdress    static_B_2020.02.27_18.39.27.csv@1093  reward=QoE=   14.57 eps=0.635 loss=2.1528
[ep  642] loot         driving_B_2020.02.13_13.03.24.csv@1999  reward=QoE=  -92.85 eps=0.634 loss=2.0685
[ep  643] redandblack  static_B_2020.02.27_18.39.27.csv@5742  reward=QoE=   34.65 eps=0.634 loss=2.1001
[ep  644] soldier      static_B_2020.02.27_18.39.27.csv@3973  reward=QoE=   47.18 eps=0.633 loss=1.9618
[ep  645] longdress    driving_B_2020.02.13_13.03.24.csv@859   reward=QoE= -100.07 eps=0.633 loss=1.9458
[ep  646] loot         driving_B_2020.02.13_15.02.01.csv@111   reward=QoE=   56.94 eps=0.632 loss=2.0063
[ep  647] redandblack  driving_B_2020.01.16_07.26.43.csv@1544  reward=QoE=  -46.51 eps=0.632 loss=2.3952
[ep  648] soldier      static_B_2020.02.27_18.39.27.csv@913   reward=QoE=   43.39 eps=0.631 loss=2.1220
[ep  649] longdress    driving_B_2020.02.13_15.02.01.csv@1011  reward=QoE=   36.01 eps=0.630 loss=2.0820
[ep  650] loot         driving_B_2020.02.27_17.30.15.csv@652   reward=QoE=  -80.39 eps=0.630 loss=2.3212
[ep  651] redandblack  static_B_2020.02.27_18.39.27.csv@2953  reward=QoE=   55.30 eps=0.629 loss=1.9535
[ep  652] soldier      driving_B_2019.12.17_07.32.39.csv@2019  reward=QoE=   49.56 eps=0.629 loss=1.9168
[ep  653] longdress    static_B_2020.02.14_13.21.26.csv@78    reward=QoE=   54.64 eps=0.628 loss=1.8517
[ep  654] loot         driving_B_2020.01.16_07.26.43.csv@1484  reward=QoE=  -30.71 eps=0.628 loss=1.8908
[ep  655] redandblack  static_B_2020.02.27_18.39.27.csv@793   reward=QoE=   50.63 eps=0.627 loss=2.1106
[ep  656] soldier      static_B_2020.02.27_18.39.27.csv@4573  reward=QoE=   36.44 eps=0.626 loss=2.3765
[ep  657] longdress    driving_B_2020.01.16_07.26.43.csv@284   reward=QoE=   -1.01 eps=0.626 loss=2.0978
[ep  658] loot         driving_B_2020.02.14_12.58.17.csv@168   reward=QoE= -189.67 eps=0.625 loss=1.9184
[ep  659] redandblack  driving_B_2020.02.14_09.38.22.csv@757   reward=QoE=    7.09 eps=0.625 loss=1.7593
[ep  660] soldier      driving_B_2020.01.16_09.56.56.csv@1058  reward=QoE=  -55.65 eps=0.624 loss=2.5554
[ep  661] longdress    driving_B_2019.12.17_07.32.39.csv@2259  reward=QoE=   54.54 eps=0.624 loss=2.2603
[ep  662] loot         driving_B_2020.02.13_13.03.24.csv@1039  reward=QoE=  -44.04 eps=0.623 loss=1.7925
[ep  663] redandblack  driving_B_2020.02.27_17.30.15.csv@172   reward=QoE= -113.79 eps=0.622 loss=2.1726
[ep  664] soldier      driving_B_2020.02.13_15.02.01.csv@1611  reward=QoE= -125.30 eps=0.622 loss=2.0056
[ep  665] longdress    static_B_2020.02.27_18.39.27.csv@2053  reward=QoE=   27.11 eps=0.621 loss=2.2958
[ep  666] loot         driving_B_2020.01.16_12.10.03.csv@88    reward=QoE=   54.93 eps=0.621 loss=2.1525
[ep  667] redandblack  driving_B_2019.12.16_12.27.05.csv@875   reward=QoE=   50.82 eps=0.620 loss=1.8720
[ep  668] soldier      driving_B_2020.02.13_15.02.01.csv@1791  reward=QoE=   61.19 eps=0.620 loss=2.1047
[ep  669] longdress    driving_B_2019.12.16_12.27.05.csv@95    reward=QoE=  -12.47 eps=0.619 loss=1.8588
[ep  670] loot         driving_B_2020.02.14_12.58.17.csv@108   reward=QoE=  -50.12 eps=0.618 loss=1.9482
[ep  671] redandblack  driving_B_2019.12.16_12.27.05.csv@935   reward=QoE=   34.03 eps=0.618 loss=2.1230
[ep  672] soldier      driving_B_2019.12.17_07.32.39.csv@579   reward=QoE=   -7.66 eps=0.617 loss=2.0080
[ep  673] longdress    driving_B_2019.12.17_07.32.39.csv@819   reward=QoE=  -40.60 eps=0.617 loss=1.9622
[ep  674] loot         driving_B_2019.12.16_12.27.05.csv@995   reward=QoE=   33.37 eps=0.616 loss=2.2923
[ep  675] redandblack  static_B_2019.12.16_13.40.04.csv@763   reward=QoE=   42.88 eps=0.616 loss=2.0659
[ep  676] soldier      driving_B_2020.01.16_09.56.56.csv@1238  reward=QoE=    4.76 eps=0.615 loss=2.4582
[ep  677] longdress    static_B_2020.02.14_13.21.26.csv@438   reward=QoE=   55.23 eps=0.614 loss=1.9321
[ep  678] loot         static_B_2020.02.27_18.39.27.csv@973   reward=QoE=   67.38 eps=0.614 loss=2.1906
[ep  679] redandblack  driving_B_2020.02.13_13.03.24.csv@319   reward=QoE=   13.90 eps=0.613 loss=1.7956
[ep  680] soldier      driving_B_2020.02.13_13.03.24.csv@1939  reward=QoE= -209.76 eps=0.613 loss=2.1906
[ep  681] longdress    driving_B_2019.12.17_07.32.39.csv@879   reward=QoE=  -34.16 eps=0.612 loss=2.0819
[ep  682] loot         driving_B_2019.12.17_07.32.39.csv@1359  reward=QoE=   40.51 eps=0.612 loss=2.2428
[ep  683] redandblack  static_B_2020.02.27_18.39.27.csv@2413  reward=QoE=   13.96 eps=0.611 loss=2.3289
[ep  684] soldier      driving_B_2020.01.16_09.56.56.csv@1118  reward=QoE=   -3.00 eps=0.610 loss=1.9984
[ep  685] longdress    driving_B_2019.12.17_07.32.39.csv@279   reward=QoE=  -10.84 eps=0.610 loss=2.2973
[ep  686] loot         driving_B_2020.01.16_07.26.43.csv@824   reward=QoE=   36.21 eps=0.609 loss=1.9291
[ep  687] redandblack  driving_B_2019.12.17_07.32.39.csv@2139  reward=QoE=   -9.82 eps=0.609 loss=1.9903
[ep  688] soldier      static_B_2020.02.27_18.39.27.csv@3433  reward=QoE=   60.61 eps=0.608 loss=1.7961
[ep  689] longdress    driving_B_2019.12.17_07.32.39.csv@1239  reward=QoE=  -50.96 eps=0.608 loss=1.9361
[ep  690] loot         driving_B_2020.01.16_07.26.43.csv@1304  reward=QoE=   33.36 eps=0.607 loss=1.8312
[ep  691] redandblack  driving_B_2020.02.13_15.02.01.csv@2211  reward=QoE=   36.14 eps=0.606 loss=1.9163
[ep  692] soldier      driving_B_2019.12.17_07.32.39.csv@1539  reward=QoE=  -16.50 eps=0.606 loss=2.2466
[ep  693] longdress    driving_B_2020.02.13_13.03.24.csv@1639  reward=QoE=  -78.33 eps=0.605 loss=2.2791
[ep  694] loot         static_B_2020.02.27_18.39.27.csv@1993  reward=QoE=   31.06 eps=0.605 loss=1.9225
[ep  695] redandblack  driving_B_2020.02.13_15.02.01.csv@1851  reward=QoE=   59.97 eps=0.604 loss=1.9928
[ep  696] soldier      driving_B_2019.12.17_07.32.39.csv@699   reward=QoE=  -45.92 eps=0.604 loss=1.9533
[ep  697] longdress    driving_B_2020.02.27_17.30.15.csv@352   reward=QoE= -108.99 eps=0.603 loss=2.0737
[ep  698] loot         driving_B_2020.02.14_09.38.22.csv@1357  reward=QoE=   33.55 eps=0.602 loss=2.0236
[ep  699] redandblack  driving_B_2020.01.16_07.26.43.csv@1770  reward=QoE=   -9.84 eps=0.602 loss=1.7412
[ep  700] soldier      driving_B_2020.02.13_15.02.01.csv@2754  reward=QoE=  -54.86 eps=0.601 loss=1.9976
[ep  701] longdress    driving_B_2020.02.13_15.02.01.csv@2091  reward=QoE=  -19.39 eps=0.601 loss=2.3192
[ep  702] loot         static_B_2020.02.27_18.39.27.csv@1033  reward=QoE=   22.79 eps=0.600 loss=1.8361
[ep  703] redandblack  driving_B_2020.02.13_13.03.24.csv@1519  reward=QoE=  -46.68 eps=0.600 loss=2.1405
[ep  704] soldier      driving_B_2020.01.16_07.26.43.csv@584   reward=QoE=  -54.45 eps=0.599 loss=2.1392
[ep  705] longdress    static_B_2020.02.14_13.21.26.csv@378   reward=QoE=   36.69 eps=0.598 loss=2.0406
[ep  706] loot         driving_B_2020.02.13_13.03.24.csv@1219  reward=QoE=  -88.45 eps=0.598 loss=2.2482
[ep  707] redandblack  driving_B_2020.02.13_15.02.01.csv@1251  reward=QoE=   19.56 eps=0.597 loss=1.7655
[ep  708] soldier      static_B_2019.12.16_13.40.04.csv@1783  reward=QoE=   41.32 eps=0.597 loss=1.9782
[ep  709] longdress    driving_B_2020.02.13_15.02.01.csv@291   reward=QoE=   44.10 eps=0.596 loss=2.3856
[ep  710] loot         driving_B_2020.02.14_09.38.22.csv@337   reward=QoE=  -64.20 eps=0.596 loss=1.9030
[ep  711] redandblack  static_B_2020.02.27_18.39.27.csv@5533  reward=QoE=   34.04 eps=0.595 loss=2.4007
[ep  712] soldier      static_B_2020.02.14_13.21.26.csv@798   reward=QoE=   44.38 eps=0.595 loss=2.0601
[ep  713] longdress    static_B_2020.02.27_18.39.27.csv@3073  reward=QoE=   -4.64 eps=0.594 loss=1.9090
[ep  714] loot         driving_B_2020.01.16_09.56.56.csv@1478  reward=QoE=   61.85 eps=0.593 loss=1.8046
[ep  715] redandblack  static_B_2019.12.16_13.40.04.csv@1723  reward=QoE=   49.69 eps=0.593 loss=1.9563
[ep  716] soldier      static_B_2019.12.16_13.40.04.csv@1303  reward=QoE=   51.35 eps=0.592 loss=1.9291
[ep  717] longdress    driving_B_2019.12.16_12.27.05.csv@155   reward=QoE=  -48.26 eps=0.592 loss=2.0091
[ep  718] loot         static_B_2020.02.27_18.39.27.csv@3673  reward=QoE=   34.97 eps=0.591 loss=1.9559
[ep  719] redandblack  driving_B_2020.02.14_12.58.17.csv@408   reward=QoE= -377.08 eps=0.591 loss=1.7562
[ep  720] soldier      static_B_2020.02.27_18.39.27.csv@433   reward=QoE=   60.52 eps=0.590 loss=2.2912
[ep  721] longdress    driving_B_2020.01.16_09.56.56.csv@1418  reward=QoE=   34.10 eps=0.589 loss=1.8386
[ep  722] loot         static_B_2020.02.27_18.39.27.csv@2533  reward=QoE=   49.19 eps=0.589 loss=2.4036
[ep  723] redandblack  driving_B_2020.02.13_13.03.24.csv@799   reward=QoE=   14.07 eps=0.588 loss=1.8461
[ep  724] soldier      static_B_2019.12.16_13.40.04.csv@1904  reward=QoE=   18.19 eps=0.588 loss=2.6135
[ep  725] longdress    driving_B_2020.02.14_09.38.22.csv@937   reward=QoE=   43.99 eps=0.587 loss=2.2925
[ep  726] loot         static_B_2020.02.27_18.39.27.csv@2293  reward=QoE=   67.62 eps=0.587 loss=1.7225
[ep  727] redandblack  static_B_2020.02.27_18.39.27.csv@5742  reward=QoE=   43.62 eps=0.586 loss=2.0501
[ep  728] soldier      static_B_2020.02.14_13.21.26.csv@618   reward=QoE=   53.65 eps=0.585 loss=1.8665
[ep  729] longdress    driving_B_2020.02.13_15.02.01.csv@411   reward=QoE=   62.39 eps=0.585 loss=1.8419
[ep  730] loot         static_B_2020.02.27_18.39.27.csv@3793  reward=QoE=   37.13 eps=0.584 loss=2.5276
[ep  731] redandblack  driving_B_2019.12.17_07.32.39.csv@1479  reward=QoE=  -23.96 eps=0.584 loss=2.1986
[ep  732] soldier      driving_B_2020.01.16_07.26.43.csv@464   reward=QoE= -111.42 eps=0.583 loss=2.2124
[ep  733] longdress    static_B_2019.12.16_13.40.04.csv@1183  reward=QoE= -144.98 eps=0.583 loss=1.9668
[ep  734] loot         driving_B_2020.01.16_07.26.43.csv@224   reward=QoE=   11.36 eps=0.582 loss=2.1827
[ep  735] redandblack  driving_B_2020.02.27_17.30.15.csv@720   reward=QoE=  -71.43 eps=0.581 loss=2.3145
[ep  736] soldier      static_B_2020.02.27_18.39.27.csv@4933  reward=QoE=   55.71 eps=0.581 loss=1.9479
[ep  737] longdress    driving_B_2019.12.16_12.27.05.csv@815   reward=QoE=    9.30 eps=0.580 loss=2.1190
[ep  738] loot         driving_B_2020.02.14_09.38.22.csv@577   reward=QoE=   66.94 eps=0.580 loss=2.2101
[ep  739] redandblack  driving_B_2020.01.16_09.56.56.csv@98    reward=QoE=  -13.26 eps=0.579 loss=2.2783
[ep  740] soldier      driving_B_2020.01.16_07.26.43.csv@644   reward=QoE=  -58.63 eps=0.579 loss=1.9624
[ep  741] longdress    static_B_2020.02.27_18.39.27.csv@5413  reward=QoE=   52.95 eps=0.578 loss=2.3726
[ep  742] loot         driving_B_2020.02.13_13.03.24.csv@1339  reward=QoE=  -26.92 eps=0.577 loss=2.0695
[ep  743] redandblack  static_B_2020.02.27_18.39.27.csv@4033  reward=QoE=   30.72 eps=0.577 loss=2.0607
[ep  744] soldier      driving_B_2020.01.16_09.56.56.csv@638   reward=QoE=   35.14 eps=0.576 loss=1.9161
[ep  745] longdress    driving_B_2020.01.16_07.26.43.csv@1770  reward=QoE= -184.39 eps=0.576 loss=2.1400
[ep  746] loot         driving_B_2019.12.17_07.32.39.csv@219   reward=QoE=  -23.21 eps=0.575 loss=2.1619
[ep  747] redandblack  static_B_2019.12.16_13.40.04.csv@103   reward=QoE=   49.63 eps=0.575 loss=1.8879
[ep  748] soldier      static_B_2019.12.16_13.40.04.csv@1123  reward=QoE= -492.28 eps=0.574 loss=1.9273
[ep  749] longdress    driving_B_2020.01.16_07.26.43.csv@344   reward=QoE= -175.99 eps=0.573 loss=1.8754
[ep  750] loot         static_B_2019.12.16_13.40.04.csv@823   reward=QoE=   74.79 eps=0.573 loss=2.0107
[ep  751] redandblack  static_B_2019.12.16_13.40.04.csv@283   reward=QoE=   59.79 eps=0.572 loss=2.0554
[ep  752] soldier      driving_B_2019.12.17_07.32.39.csv@1599  reward=QoE=   27.56 eps=0.572 loss=1.9595
[ep  753] longdress    driving_B_2019.12.16_12.27.05.csv@1115  reward=QoE=   -0.81 eps=0.571 loss=1.9869
[ep  754] loot         driving_B_2020.02.13_15.02.01.csv@2571  reward=QoE=   44.93 eps=0.571 loss=2.3096
[ep  755] redandblack  driving_B_2020.01.16_09.56.56.csv@1178  reward=QoE=   25.31 eps=0.570 loss=1.9603
[ep  756] soldier      driving_B_2020.02.27_17.30.15.csv@52    reward=QoE= -170.67 eps=0.569 loss=1.9287
[ep  757] longdress    driving_B_2020.02.14_12.58.17.csv@228   reward=QoE= -719.65 eps=0.569 loss=1.8901
[ep  758] loot         driving_B_2020.02.13_15.02.01.csv@1551  reward=QoE=  -61.35 eps=0.568 loss=2.2847
[ep  759] redandblack  driving_B_2020.01.16_12.10.03.csv@28    reward=QoE=   44.19 eps=0.568 loss=2.0633
[ep  760] soldier      driving_B_2020.01.16_07.26.43.csv@764   reward=QoE=   48.60 eps=0.567 loss=2.3350
[ep  761] longdress    static_B_2020.02.27_18.39.27.csv@5353  reward=QoE=   66.33 eps=0.567 loss=2.1333
[ep  762] loot         driving_B_2020.02.13_13.03.24.csv@2119  reward=QoE= -183.50 eps=0.566 loss=2.0978
[ep  763] redandblack  static_B_2020.02.27_18.39.27.csv@5473  reward=QoE=   52.36 eps=0.565 loss=1.9831
[ep  764] soldier      driving_B_2020.01.16_07.26.43.csv@1724  reward=QoE=  -39.08 eps=0.565 loss=2.1101
[ep  765] longdress    driving_B_2020.02.27_17.30.15.csv@712   reward=QoE= -280.64 eps=0.564 loss=1.7530
[ep  766] loot         driving_B_2020.02.13_15.02.01.csv@891   reward=QoE=   55.74 eps=0.564 loss=1.8978
[ep  767] redandblack  static_B_2020.02.27_18.39.27.csv@1693  reward=QoE=   46.17 eps=0.563 loss=1.7282
[ep  768] soldier      static_B_2019.12.16_13.40.04.csv@1903  reward=QoE=   15.53 eps=0.563 loss=1.9687
[ep  769] longdress    static_B_2020.02.14_13.21.26.csv@678   reward=QoE=   58.24 eps=0.562 loss=1.8826
[ep  770] loot         driving_B_2019.12.17_07.32.39.csv@159   reward=QoE=    5.62 eps=0.561 loss=1.6757
[ep  771] redandblack  static_B_2020.02.14_13.21.26.csv@258   reward=QoE=   30.49 eps=0.561 loss=1.8922
[ep  772] soldier      driving_B_2020.01.16_07.26.43.csv@164   reward=QoE= -199.40 eps=0.560 loss=2.0796
[ep  773] longdress    driving_B_2019.12.17_07.32.39.csv@99    reward=QoE=  -12.53 eps=0.560 loss=1.8100
[ep  774] loot         driving_B_2020.02.13_15.02.01.csv@2511  reward=QoE=  -61.38 eps=0.559 loss=1.9061
[ep  775] redandblack  static_B_2020.02.27_18.39.27.csv@373   reward=QoE=   59.65 eps=0.559 loss=1.9514
[ep  776] soldier      static_B_2020.02.27_18.39.27.csv@3253  reward=QoE=   61.25 eps=0.558 loss=2.2870
[ep  777] longdress    driving_B_2020.02.13_13.03.24.csv@1699  reward=QoE=   57.66 eps=0.557 loss=2.0201
[ep  778] loot         driving_B_2020.01.16_07.26.43.csv@704   reward=QoE=   30.14 eps=0.557 loss=2.1260
[ep  779] redandblack  driving_B_2020.01.16_07.26.43.csv@404   reward=QoE=  -75.16 eps=0.556 loss=2.3971
[ep  780] soldier      driving_B_2019.12.17_07.32.39.csv@1959  reward=QoE=   14.75 eps=0.556 loss=2.0225
[ep  781] longdress    driving_B_2019.12.16_12.27.05.csv@695   reward=QoE=   22.20 eps=0.555 loss=2.0974
[ep  782] loot         driving_B_2020.02.13_13.03.24.csv@1879  reward=QoE= -517.10 eps=0.555 loss=2.0745
[ep  783] redandblack  driving_B_2020.01.16_09.56.56.csv@938   reward=QoE=    6.49 eps=0.554 loss=2.1414
[ep  784] soldier      driving_B_2020.01.16_07.26.43.csv@1004  reward=QoE=  -18.84 eps=0.553 loss=2.0940
[ep  785] longdress    driving_B_2020.02.13_15.02.01.csv@1071  reward=QoE=   -5.30 eps=0.553 loss=1.7418
[ep  786] loot         static_B_2020.02.27_18.39.27.csv@5593  reward=QoE=   22.84 eps=0.552 loss=2.3917
[ep  787] redandblack  static_B_2020.02.27_18.39.27.csv@3133  reward=QoE= -177.94 eps=0.552 loss=2.0752
[ep  788] soldier      driving_B_2020.01.16_09.56.56.csv@758   reward=QoE=   33.86 eps=0.551 loss=2.2029
[ep  789] longdress    driving_B_2020.02.14_09.38.22.csv@457   reward=QoE=   18.13 eps=0.551 loss=2.0673
[ep  790] loot         static_B_2020.02.27_18.39.27.csv@2113  reward=QoE=   49.99 eps=0.550 loss=1.8363
[ep  791] redandblack  driving_B_2020.02.13_15.02.01.csv@2754  reward=QoE=  -41.27 eps=0.550 loss=2.1020
[ep  792] soldier      driving_B_2020.01.16_09.56.56.csv@818   reward=QoE=   15.46 eps=0.549 loss=1.9864
[ep  793] longdress    driving_B_2020.02.14_12.58.17.csv@48    reward=QoE=  -80.75 eps=0.548 loss=1.8717
[ep  794] loot         static_B_2019.12.16_13.40.04.csv@703   reward=QoE=   63.44 eps=0.548 loss=2.1900
[ep  795] redandblack  driving_B_2020.02.13_15.02.01.csv@231   reward=QoE=   30.27 eps=0.547 loss=1.8356
[ep  796] soldier      static_B_2020.02.27_18.39.27.csv@3313  reward=QoE=   51.31 eps=0.547 loss=2.1362
[ep  797] longdress    static_B_2020.02.14_13.21.26.csv@738   reward=QoE=   41.45 eps=0.546 loss=2.0417
[ep  798] loot         driving_B_2019.12.16_12.27.05.csv@755   reward=QoE=   30.35 eps=0.546 loss=2.0588
[ep  799] redandblack  static_B_2020.02.27_18.39.27.csv@1813  reward=QoE= -185.94 eps=0.545 loss=1.9864
[ep  800] soldier      driving_B_2020.02.13_13.03.24.csv@619   reward=QoE=  -45.19 eps=0.544 loss=2.1035
    [eval @ ep 800] reward=QoE=-979.00 mean_q=0.523 stall=233.6s  <-- best (saved)
[ep  801] longdress    driving_B_2020.02.13_13.03.24.csv@79    reward=QoE=  -48.62 eps=0.544 loss=2.1174
[ep  802] loot         driving_B_2020.02.13_13.03.24.csv@2059  reward=QoE= -106.61 eps=0.543 loss=1.8856
[ep  803] redandblack  static_B_2019.12.16_13.40.04.csv@343   reward=QoE=   19.33 eps=0.543 loss=2.1421
[ep  804] soldier      static_B_2020.02.14_13.21.26.csv@850   reward=QoE=   27.24 eps=0.542 loss=2.1129
[ep  805] longdress    static_B_2020.02.27_18.39.27.csv@2833  reward=QoE=   62.79 eps=0.542 loss=2.5063
[ep  806] loot         static_B_2019.12.16_13.40.04.csv@523   reward=QoE=   38.00 eps=0.541 loss=2.1669
[ep  807] redandblack  driving_B_2019.12.17_07.32.39.csv@1719  reward=QoE=  -72.78 eps=0.540 loss=2.3589
[ep  808] soldier      driving_B_2020.02.14_09.38.22.csv@1477  reward=QoE=  -27.64 eps=0.540 loss=2.2582
[ep  809] longdress    driving_B_2020.02.14_12.58.17.csv@768   reward=QoE= -130.65 eps=0.539 loss=2.1110
[ep  810] loot         static_B_2020.02.27_18.39.27.csv@4633  reward=QoE=  -40.79 eps=0.539 loss=2.0896
[ep  811] redandblack  driving_B_2020.02.13_13.03.24.csv@139   reward=QoE=  -14.11 eps=0.538 loss=2.3184
[ep  812] soldier      static_B_2020.02.27_18.39.27.csv@1513  reward=QoE=   52.99 eps=0.538 loss=2.3531
[ep  813] longdress    driving_B_2019.12.17_07.32.39.csv@759   reward=QoE=  -15.95 eps=0.537 loss=2.1846
[ep  814] loot         driving_B_2020.02.13_15.02.01.csv@1491  reward=QoE=  -44.82 eps=0.536 loss=2.2888
[ep  815] redandblack  static_B_2020.02.27_18.39.27.csv@2593  reward=QoE=   60.30 eps=0.536 loss=2.2680
[ep  816] soldier      driving_B_2020.02.14_09.38.22.csv@517   reward=QoE=   61.79 eps=0.535 loss=1.9991
[ep  817] longdress    static_B_2020.02.27_18.39.27.csv@1333  reward=QoE=   65.33 eps=0.535 loss=2.1355
[ep  818] loot         driving_B_2020.02.13_15.02.01.csv@1671  reward=QoE=  -48.10 eps=0.534 loss=2.1726
[ep  819] redandblack  static_B_2020.02.27_18.39.27.csv@5293  reward=QoE=   49.85 eps=0.534 loss=2.3412
[ep  820] soldier      driving_B_2019.12.16_12.27.05.csv@1055  reward=QoE=   38.09 eps=0.533 loss=2.2113
[ep  821] longdress    driving_B_2020.02.14_12.58.17.csv@288   reward=QoE= -605.56 eps=0.532 loss=2.5821
[ep  822] loot         driving_B_2020.02.14_09.38.22.csv@37    reward=QoE=   34.21 eps=0.532 loss=2.2555
[ep  823] redandblack  driving_B_2020.01.16_07.26.43.csv@1124  reward=QoE=   27.85 eps=0.531 loss=2.1982
[ep  824] soldier      static_B_2019.12.16_13.40.04.csv@163   reward=QoE=   35.43 eps=0.531 loss=2.3450
[ep  825] longdress    driving_B_2019.12.17_07.32.39.csv@2079  reward=QoE=   32.34 eps=0.530 loss=2.3477
[ep  826] loot         driving_B_2020.02.14_09.38.22.csv@697   reward=QoE=   61.55 eps=0.530 loss=2.1026
[ep  827] redandblack  driving_B_2020.02.13_13.03.24.csv@2179  reward=QoE= -322.89 eps=0.529 loss=2.1367
[ep  828] soldier      driving_B_2020.02.13_15.02.01.csv@351   reward=QoE=   47.30 eps=0.528 loss=2.3708
[ep  829] longdress    driving_B_2019.12.17_07.32.39.csv@939   reward=QoE=  -31.91 eps=0.528 loss=2.1705
[ep  830] loot         driving_B_2020.02.13_15.02.01.csv@2691  reward=QoE=  -18.76 eps=0.527 loss=1.9795
[ep  831] redandblack  driving_B_2019.12.17_07.32.39.csv@1419  reward=QoE=   36.45 eps=0.527 loss=2.2862
[ep  832] soldier      driving_B_2020.02.13_15.02.01.csv@471   reward=QoE=   48.81 eps=0.526 loss=2.2842
[ep  833] longdress    driving_B_2020.02.13_15.02.01.csv@2391  reward=QoE= -251.41 eps=0.526 loss=2.3605
[ep  834] loot         static_B_2020.02.27_18.39.27.csv@553   reward=QoE= -275.53 eps=0.525 loss=2.3668
[ep  835] redandblack  driving_B_2020.01.16_09.56.56.csv@1570  reward=QoE=   40.16 eps=0.524 loss=2.3311
[ep  836] soldier      driving_B_2020.02.13_13.03.24.csv@424   reward=QoE=  -45.64 eps=0.524 loss=2.1901
[ep  837] longdress    static_B_2020.02.27_18.39.27.csv@2591  reward=QoE=   63.50 eps=0.523 loss=2.1673
[ep  838] loot         static_B_2019.12.16_13.40.04.csv@347   reward=QoE=   25.73 eps=0.523 loss=2.6255
[ep  839] redandblack  static_B_2020.02.27_18.39.27.csv@1091  reward=QoE=   10.02 eps=0.522 loss=2.5256
[ep  840] soldier      driving_B_2019.12.16_12.27.05.csv@399   reward=QoE= -121.29 eps=0.522 loss=2.3594
[ep  841] longdress    static_B_2019.12.16_13.40.04.csv@1307  reward=QoE=   49.86 eps=0.521 loss=2.1603
[ep  842] loot         driving_B_2019.12.17_07.32.39.csv@721   reward=QoE=   27.92 eps=0.520 loss=2.2954
[ep  843] redandblack  static_B_2020.02.27_18.39.27.csv@311   reward=QoE=   59.24 eps=0.520 loss=2.2874
[ep  844] soldier      driving_B_2020.02.13_15.02.01.csv@1628  reward=QoE= -197.05 eps=0.519 loss=2.5281
[ep  845] longdress    driving_B_2020.01.16_09.56.56.csv@400   reward=QoE=  -21.70 eps=0.519 loss=2.2303
[ep  846] loot         static_B_2020.02.27_18.39.27.csv@791   reward=QoE=   54.44 eps=0.518 loss=2.4130
[ep  847] redandblack  driving_B_2020.01.16_09.56.56.csv@1570  reward=QoE=   15.27 eps=0.518 loss=2.2662
[ep  848] soldier      static_B_2020.02.27_18.39.27.csv@5591  reward=QoE=   44.37 eps=0.517 loss=2.3022
[ep  849] longdress    static_B_2020.02.14_13.21.26.csv@62    reward=QoE=   80.51 eps=0.516 loss=2.3931
[ep  850] loot         static_B_2020.02.27_18.39.27.csv@611   reward=QoE=   36.46 eps=0.516 loss=2.2053
[ep  851] redandblack  driving_B_2020.02.27_17.30.15.csv@720   reward=QoE=  -56.78 eps=0.515 loss=2.2157
[ep  852] soldier      driving_B_2020.02.13_15.02.01.csv@848   reward=QoE=  -27.12 eps=0.515 loss=2.2740
[ep  853] longdress    static_B_2020.02.14_13.21.26.csv@850   reward=QoE=   31.41 eps=0.514 loss=2.1261
[ep  854] loot         driving_B_2020.02.13_15.02.01.csv@308   reward=QoE=   50.50 eps=0.514 loss=2.0835
[ep  855] redandblack  driving_B_2019.12.17_07.32.39.csv@361   reward=QoE=   62.66 eps=0.513 loss=1.9892
[ep  856] soldier      static_B_2019.12.16_13.40.04.csv@467   reward=QoE= -292.07 eps=0.512 loss=1.9945
[ep  857] longdress    driving_B_2020.02.27_17.30.15.csv@720   reward=QoE= -292.09 eps=0.512 loss=2.4576
[ep  858] loot         static_B_2020.02.27_18.39.27.csv@1751  reward=QoE=   44.84 eps=0.511 loss=2.4381
[ep  859] redandblack  driving_B_2020.01.16_09.56.56.csv@160   reward=QoE=   31.89 eps=0.511 loss=2.4001
[ep  860] soldier      static_B_2020.02.27_18.39.27.csv@2351  reward=QoE= -323.75 eps=0.510 loss=2.1457
[ep  861] longdress    driving_B_2019.12.17_07.32.39.csv@1561  reward=QoE=    3.03 eps=0.510 loss=2.2599
[ep  862] loot         driving_B_2020.02.13_15.02.01.csv@728   reward=QoE=   15.14 eps=0.509 loss=2.2764
[ep  863] redandblack  driving_B_2019.12.17_07.32.39.csv@2281  reward=QoE=   63.62 eps=0.509 loss=2.1659
[ep  864] soldier      static_B_2020.02.27_18.39.27.csv@5351  reward=QoE=   57.70 eps=0.508 loss=2.7535
[ep  865] longdress    driving_B_2020.02.13_15.02.01.csv@1868  reward=QoE=  -51.55 eps=0.507 loss=2.0972
[ep  866] loot         driving_B_2020.01.16_09.56.56.csv@340   reward=QoE=   45.86 eps=0.507 loss=2.2374
[ep  867] redandblack  driving_B_2019.12.17_07.32.39.csv@1201  reward=QoE=  -21.12 eps=0.506 loss=2.3482
[ep  868] soldier      driving_B_2019.12.17_07.32.39.csv@121   reward=QoE=  -27.01 eps=0.506 loss=2.4511
[ep  869] longdress    driving_B_2020.01.16_07.26.43.csv@1228  reward=QoE=   -3.04 eps=0.505 loss=2.2157
[ep  870] loot         driving_B_2019.12.17_07.32.39.csv@1141  reward=QoE=  -11.57 eps=0.505 loss=2.3570
[ep  871] redandblack  driving_B_2020.02.13_15.02.01.csv@1688  reward=QoE=   -9.68 eps=0.504 loss=2.0263
[ep  872] soldier      static_B_2019.12.16_13.40.04.csv@1727  reward=QoE=   69.69 eps=0.503 loss=2.1495
[ep  873] longdress    driving_B_2019.12.16_12.27.05.csv@219   reward=QoE=    7.37 eps=0.503 loss=2.4040
[ep  874] loot         static_B_2020.02.27_18.39.27.csv@4151  reward=QoE=   48.58 eps=0.502 loss=2.6061
[ep  875] redandblack  static_B_2020.02.27_18.39.27.csv@5231  reward=QoE=   32.30 eps=0.502 loss=2.0336
[ep  876] soldier      driving_B_2020.02.13_15.02.01.csv@128   reward=QoE=   59.90 eps=0.501 loss=2.4654
[ep  877] longdress    static_B_2020.02.27_18.39.27.csv@5471  reward=QoE=   59.04 eps=0.501 loss=2.4208
[ep  878] loot         driving_B_2020.02.13_13.03.24.csv@2104  reward=QoE= -176.40 eps=0.500 loss=2.4453
[ep  879] redandblack  driving_B_2020.02.13_15.02.01.csv@908   reward=QoE=   36.61 eps=0.499 loss=2.0351
[ep  880] soldier      driving_B_2020.02.13_15.02.01.csv@368   reward=QoE=   56.72 eps=0.499 loss=2.0289
[ep  881] longdress    driving_B_2020.02.14_12.58.17.csv@150   reward=QoE=  -78.05 eps=0.498 loss=1.9775
[ep  882] loot         static_B_2020.02.27_18.39.27.csv@4271  reward=QoE=   67.45 eps=0.498 loss=2.6426
[ep  883] redandblack  driving_B_2020.01.16_09.56.56.csv@880   reward=QoE=   22.36 eps=0.497 loss=2.7427
[ep  884] soldier      driving_B_2020.02.13_13.03.24.csv@1864  reward=QoE= -374.10 eps=0.497 loss=1.9676
[ep  885] longdress    driving_B_2019.12.17_07.32.39.csv@841   reward=QoE=  -17.41 eps=0.496 loss=2.1109
[ep  886] loot         driving_B_2020.02.14_09.38.22.csv@1302  reward=QoE=   60.04 eps=0.495 loss=1.9606
[ep  887] redandblack  static_B_2020.02.14_13.21.26.csv@482   reward=QoE=   63.31 eps=0.495 loss=2.4369
[ep  888] soldier      driving_B_2020.02.14_09.38.22.csv@402   reward=QoE=  -36.76 eps=0.494 loss=2.0923
[ep  889] longdress    driving_B_2020.02.14_09.38.22.csv@282   reward=QoE= -208.38 eps=0.494 loss=2.0311
[ep  890] loot         driving_B_2020.02.13_15.02.01.csv@1568  reward=QoE=  -64.90 eps=0.493 loss=2.1449
[ep  891] redandblack  driving_B_2019.12.17_07.32.39.csv@2221  reward=QoE=   42.86 eps=0.493 loss=2.2417
[ep  892] soldier      static_B_2019.12.16_13.40.04.csv@1487  reward=QoE=   52.66 eps=0.492 loss=1.9946
[ep  893] longdress    driving_B_2020.02.13_13.03.24.csv@1924  reward=QoE= -439.77 eps=0.491 loss=2.1261
[ep  894] loot         driving_B_2020.02.13_13.03.24.csv@964   reward=QoE=  -11.42 eps=0.491 loss=2.4061
[ep  895] redandblack  driving_B_2020.02.13_15.02.01.csv@2708  reward=QoE=   -6.76 eps=0.490 loss=2.4294
[ep  896] soldier      driving_B_2020.02.13_15.02.01.csv@2108  reward=QoE=   48.85 eps=0.490 loss=2.0335
[ep  897] longdress    static_B_2019.12.16_13.40.04.csv@707   reward=QoE=   40.65 eps=0.489 loss=2.2344
[ep  898] loot         driving_B_2019.12.16_12.27.05.csv@999   reward=QoE=   38.73 eps=0.489 loss=2.1922
[ep  899] redandblack  driving_B_2020.02.13_15.02.01.csv@1448  reward=QoE=  -33.86 eps=0.488 loss=2.2009
[ep  900] soldier      static_B_2020.02.14_13.21.26.csv@242   reward=QoE=   69.99 eps=0.487 loss=1.9316
[ep  901] longdress    driving_B_2020.02.14_12.58.17.csv@630   reward=QoE=    4.70 eps=0.487 loss=2.2124
[ep  902] loot         static_B_2020.02.27_18.39.27.csv@191   reward=QoE=   43.82 eps=0.486 loss=2.1262
[ep  903] redandblack  static_B_2020.02.27_18.39.27.csv@4991  reward=QoE=   72.87 eps=0.486 loss=1.9108
[ep  904] soldier      static_B_2019.12.16_13.40.04.csv@287   reward=QoE=   59.79 eps=0.485 loss=2.1698
[ep  905] longdress    driving_B_2020.02.13_13.03.24.csv@1984  reward=QoE= -188.48 eps=0.485 loss=2.3021
[ep  906] loot         driving_B_2020.02.13_13.03.24.csv@244   reward=QoE=   34.17 eps=0.484 loss=1.9386
[ep  907] redandblack  driving_B_2020.02.13_15.02.01.csv@188   reward=QoE=   55.22 eps=0.483 loss=2.1042
[ep  908] soldier      static_B_2020.02.27_18.39.27.csv@1931  reward=QoE=   47.69 eps=0.483 loss=2.1199
[ep  909] longdress    static_B_2019.12.16_13.40.04.csv@647   reward=QoE=   47.12 eps=0.482 loss=2.2123
[ep  910] loot         driving_B_2020.02.13_15.02.01.csv@1388  reward=QoE=  -34.49 eps=0.482 loss=2.0110
[ep  911] redandblack  driving_B_2020.02.14_09.38.22.csv@762   reward=QoE=   19.67 eps=0.481 loss=2.5254
[ep  912] soldier      driving_B_2020.02.14_12.58.17.csv@800   reward=QoE= -200.10 eps=0.481 loss=2.2729
[ep  913] longdress    static_B_2020.02.27_18.39.27.csv@2891  reward=QoE=   52.55 eps=0.480 loss=2.1152
[ep  914] loot         driving_B_2020.01.16_07.26.43.csv@1288  reward=QoE=   39.88 eps=0.479 loss=2.1980
[ep  915] redandblack  driving_B_2019.12.17_07.32.39.csv@301   reward=QoE=   27.89 eps=0.479 loss=1.9334
[ep  916] soldier      static_B_2020.02.27_18.39.27.csv@3791  reward=QoE=   24.07 eps=0.478 loss=2.5086
[ep  917] longdress    static_B_2020.02.14_13.21.26.csv@842   reward=QoE=   40.27 eps=0.478 loss=2.1447
[ep  918] loot         static_B_2019.12.16_13.40.04.csv@1667  reward=QoE=   62.04 eps=0.477 loss=2.3752
[ep  919] redandblack  driving_B_2020.02.13_15.02.01.csv@788   reward=QoE=   34.94 eps=0.477 loss=2.1747
[ep  920] soldier      static_B_2019.12.16_13.40.04.csv@767   reward=QoE=   62.63 eps=0.476 loss=2.1250
[ep  921] longdress    static_B_2020.02.27_18.39.27.csv@5411  reward=QoE=   44.76 eps=0.475 loss=2.3006
[ep  922] loot         driving_B_2020.02.27_17.30.15.csv@674   reward=QoE= -118.12 eps=0.475 loss=2.3538
[ep  923] redandblack  static_B_2020.02.27_18.39.27.csv@1991  reward=QoE=   35.61 eps=0.474 loss=2.0839
[ep  924] soldier      driving_B_2020.02.13_15.02.01.csv@248   reward=QoE=   63.12 eps=0.474 loss=2.3236
[ep  925] longdress    static_B_2020.02.27_18.39.27.csv@3851  reward=QoE=  -41.01 eps=0.473 loss=2.3753
[ep  926] loot         static_B_2020.02.27_18.39.27.csv@5111  reward=QoE=   70.28 eps=0.473 loss=1.9879
[ep  927] redandblack  static_B_2020.02.27_18.39.27.csv@5711  reward=QoE=   49.65 eps=0.472 loss=1.9585
[ep  928] soldier      static_B_2019.12.16_13.40.04.csv@227   reward=QoE=   22.21 eps=0.471 loss=2.4508
[ep  929] longdress    driving_B_2020.01.16_09.56.56.csv@460   reward=QoE=  -50.94 eps=0.471 loss=1.9934
[ep  930] loot         driving_B_2020.02.13_15.02.01.csv@1988  reward=QoE=   40.74 eps=0.470 loss=2.0417
[ep  931] redandblack  static_B_2019.12.16_13.40.04.csv@1127  reward=QoE= -463.90 eps=0.470 loss=2.1756
[ep  932] soldier      static_B_2020.02.27_18.39.27.csv@1331  reward=QoE=   59.71 eps=0.469 loss=2.5356
[ep  933] longdress    static_B_2019.12.16_13.40.04.csv@1187  reward=QoE=    8.09 eps=0.469 loss=2.2458
[ep  934] loot         driving_B_2019.12.16_12.27.05.csv@1152  reward=QoE=   16.42 eps=0.468 loss=1.9031
[ep  935] redandblack  driving_B_2020.02.13_13.03.24.csv@784   reward=QoE=   -1.70 eps=0.467 loss=2.1561
[ep  936] soldier      driving_B_2020.02.13_15.02.01.csv@1088  reward=QoE=   24.50 eps=0.467 loss=2.3704
[ep  937] longdress    driving_B_2020.01.16_07.26.43.csv@328   reward=QoE= -107.28 eps=0.466 loss=2.0082
[ep  938] loot         static_B_2020.02.27_18.39.27.csv@1271  reward=QoE=   52.03 eps=0.466 loss=2.6442
[ep  939] redandblack  driving_B_2020.02.13_13.03.24.csv@304   reward=QoE=    6.13 eps=0.465 loss=2.0326
[ep  940] soldier      driving_B_2019.12.17_07.32.39.csv@2101  reward=QoE=   42.29 eps=0.465 loss=2.2614
[ep  941] longdress    driving_B_2020.01.16_09.56.56.csv@1480  reward=QoE=   49.54 eps=0.464 loss=2.1062
[ep  942] loot         static_B_2020.02.27_18.39.27.csv@251   reward=QoE=   56.52 eps=0.464 loss=2.1527
[ep  943] redandblack  static_B_2020.02.27_18.39.27.csv@3191  reward=QoE= -183.92 eps=0.463 loss=1.8634
[ep  944] soldier      driving_B_2020.02.14_09.38.22.csv@702   reward=QoE=   46.81 eps=0.462 loss=2.1462
[ep  945] longdress    driving_B_2020.02.14_09.38.22.csv@582   reward=QoE=    6.24 eps=0.462 loss=1.8717
[ep  946] loot         driving_B_2019.12.17_07.32.39.csv@61    reward=QoE=   28.86 eps=0.461 loss=2.1953
[ep  947] redandblack  driving_B_2020.02.13_13.03.24.csv@1744  reward=QoE=   37.32 eps=0.461 loss=2.4508
[ep  948] soldier      static_B_2019.12.16_13.40.04.csv@1904  reward=QoE=  -77.18 eps=0.460 loss=1.8463
[ep  949] longdress    driving_B_2019.12.17_07.32.39.csv@241   reward=QoE=  -27.25 eps=0.460 loss=2.2520
[ep  950] loot         driving_B_2020.02.14_12.58.17.csv@330   reward=QoE=  -82.79 eps=0.459 loss=2.2234
[ep  951] redandblack  static_B_2020.02.27_18.39.27.csv@4511  reward=QoE=   53.83 eps=0.458 loss=1.7890
[ep  952] soldier      static_B_2020.02.27_18.39.27.csv@5651  reward=QoE=   58.06 eps=0.458 loss=2.5668
[ep  953] longdress    driving_B_2019.12.17_07.32.39.csv@1381  reward=QoE=   69.36 eps=0.457 loss=2.1879
[ep  954] loot         driving_B_2020.01.16_12.10.03.csv@119   reward=QoE=   65.57 eps=0.457 loss=2.5434
[ep  955] redandblack  driving_B_2020.01.16_09.56.56.csv@1240  reward=QoE=   20.97 eps=0.456 loss=2.5653
[ep  956] soldier      static_B_2020.02.27_18.39.27.csv@671   reward=QoE=   48.21 eps=0.456 loss=2.2972
[ep  957] longdress    driving_B_2020.02.13_13.03.24.csv@1504  reward=QoE=  -41.09 eps=0.455 loss=2.2560
[ep  958] loot         driving_B_2020.02.13_13.03.24.csv@1324  reward=QoE=  -31.00 eps=0.454 loss=2.5645
[ep  959] redandblack  driving_B_2020.01.16_07.26.43.csv@1770  reward=QoE=  -61.29 eps=0.454 loss=2.3828
[ep  960] soldier      driving_B_2020.02.13_13.03.24.csv@1624  reward=QoE= -185.28 eps=0.453 loss=2.3739
[ep  961] longdress    static_B_2020.02.27_18.39.27.csv@4691  reward=QoE=   -1.47 eps=0.453 loss=2.0840
[ep  962] loot         driving_B_2020.02.13_13.03.24.csv@4     reward=QoE=    1.32 eps=0.452 loss=2.5145
[ep  963] redandblack  static_B_2019.12.16_13.40.04.csv@1367  reward=QoE= -203.90 eps=0.452 loss=2.5807
[ep  964] soldier      driving_B_2020.01.16_07.26.43.csv@1768  reward=QoE=  -39.25 eps=0.451 loss=1.8996
[ep  965] longdress    driving_B_2020.02.13_13.03.24.csv@1084  reward=QoE= -153.89 eps=0.450 loss=1.9276
[ep  966] loot         static_B_2019.12.16_13.40.04.csv@1247  reward=QoE=   30.32 eps=0.450 loss=2.2448
[ep  967] redandblack  driving_B_2020.01.16_09.56.56.csv@700   reward=QoE=   38.79 eps=0.449 loss=2.1062
[ep  968] soldier      driving_B_2020.02.14_09.38.22.csv@1122  reward=QoE=  -53.28 eps=0.449 loss=2.1439
[ep  969] longdress    driving_B_2020.01.16_07.26.43.csv@988   reward=QoE=  -34.52 eps=0.448 loss=1.9279
[ep  970] loot         driving_B_2019.12.17_07.32.39.csv@1321  reward=QoE=   50.08 eps=0.448 loss=2.1879
[ep  971] redandblack  driving_B_2019.12.17_07.32.39.csv@2288  reward=QoE=   48.29 eps=0.447 loss=2.1981
[ep  972] soldier      driving_B_2020.02.13_13.03.24.csv@904   reward=QoE= -146.62 eps=0.446 loss=2.4983
[ep  973] longdress    driving_B_2020.02.13_13.03.24.csv@724   reward=QoE=  -87.43 eps=0.446 loss=2.2669
[ep  974] loot         driving_B_2020.02.13_13.03.24.csv@844   reward=QoE=   -1.93 eps=0.445 loss=2.1573
[ep  975] redandblack  static_B_2020.02.27_18.39.27.csv@4031  reward=QoE=   46.60 eps=0.445 loss=2.2471
[ep  976] soldier      driving_B_2020.02.14_09.38.22.csv@1362  reward=QoE=   66.79 eps=0.444 loss=2.2509
[ep  977] longdress    static_B_2020.02.27_18.39.27.csv@1571  reward=QoE=   29.91 eps=0.444 loss=2.0567
[ep  978] loot         driving_B_2020.02.14_09.38.22.csv@822   reward=QoE=  -57.31 eps=0.443 loss=1.9308
[ep  979] redandblack  static_B_2020.02.27_18.39.27.csv@3611  reward=QoE=   49.82 eps=0.442 loss=1.8793
[ep  980] soldier      driving_B_2019.12.17_07.32.39.csv@1861  reward=QoE=  -25.43 eps=0.442 loss=2.2346
[ep  981] longdress    driving_B_2019.12.17_07.32.39.csv@481   reward=QoE=   11.89 eps=0.441 loss=2.1430
[ep  982] loot         driving_B_2019.12.17_07.32.39.csv@181   reward=QoE=    1.54 eps=0.441 loss=2.2057
[ep  983] redandblack  driving_B_2020.02.13_15.02.01.csv@1268  reward=QoE=   41.72 eps=0.440 loss=2.1070
[ep  984] soldier      static_B_2020.02.27_18.39.27.csv@3431  reward=QoE=   59.34 eps=0.440 loss=2.1810
[ep  985] longdress    driving_B_2019.12.17_07.32.39.csv@1741  reward=QoE=  -48.24 eps=0.439 loss=1.8993
[ep  986] loot         driving_B_2019.12.17_07.32.39.csv@1621  reward=QoE=    0.09 eps=0.438 loss=2.3395
[ep  987] redandblack  static_B_2020.02.27_18.39.27.csv@4931  reward=QoE=   57.86 eps=0.438 loss=2.0200
[ep  988] soldier      driving_B_2020.02.13_13.03.24.csv@1804  reward=QoE= -931.02 eps=0.437 loss=2.5936
[ep  989] longdress    driving_B_2020.02.14_09.38.22.csv@1002  reward=QoE=    9.12 eps=0.437 loss=2.2765
[ep  990] loot         static_B_2020.02.27_18.39.27.csv@1211  reward=QoE=   11.64 eps=0.436 loss=2.0759
[ep  991] redandblack  driving_B_2020.01.16_09.56.56.csv@40    reward=QoE=   35.67 eps=0.436 loss=2.6273
[ep  992] soldier      static_B_2020.02.14_13.21.26.csv@2     reward=QoE=    2.24 eps=0.435 loss=2.3894
[ep  993] longdress    driving_B_2020.02.27_17.30.15.csv@14    reward=QoE= -114.54 eps=0.434 loss=2.2955
[ep  994] loot         static_B_2020.02.27_18.39.27.csv@1511  reward=QoE=   61.66 eps=0.434 loss=2.4259
[ep  995] redandblack  static_B_2019.12.16_13.40.04.csv@1547  reward=QoE=   52.67 eps=0.433 loss=2.4717
[ep  996] soldier      static_B_2020.02.27_18.39.27.csv@431   reward=QoE=   46.37 eps=0.433 loss=2.5547
[ep  997] longdress    driving_B_2020.02.14_12.58.17.csv@750   reward=QoE= -184.94 eps=0.432 loss=2.3730
[ep  998] loot         driving_B_2020.02.13_15.02.01.csv@968   reward=QoE=   22.13 eps=0.432 loss=2.0512
[ep  999] redandblack  driving_B_2020.02.13_15.02.01.csv@2468  reward=QoE= -179.15 eps=0.431 loss=2.2900
[ep 1000] soldier      static_B_2020.02.27_18.39.27.csv@131   reward=QoE=   35.78 eps=0.430 loss=2.1691
[ep 1001] longdress    driving_B_2020.01.16_07.26.43.csv@1168  reward=QoE=   21.63 eps=0.430 loss=2.1739
[ep 1002] loot         static_B_2020.02.27_18.39.27.csv@5051  reward=QoE=   48.26 eps=0.429 loss=1.9301
[ep 1003] redandblack  driving_B_2019.12.17_07.32.39.csv@1981  reward=QoE=   35.76 eps=0.429 loss=2.8003
[ep 1004] soldier      driving_B_2020.01.16_07.26.43.csv@568   reward=QoE=  -31.44 eps=0.428 loss=2.3729
[ep 1005] longdress    driving_B_2019.12.17_07.32.39.csv@1921  reward=QoE=   28.27 eps=0.428 loss=2.0831
[ep 1006] loot         driving_B_2020.02.13_15.02.01.csv@1328  reward=QoE= -119.20 eps=0.427 loss=2.5306
[ep 1007] redandblack  driving_B_2020.02.14_09.38.22.csv@942   reward=QoE=   44.82 eps=0.426 loss=2.5509
[ep 1008] soldier      driving_B_2020.01.16_07.26.43.csv@148   reward=QoE=  -18.34 eps=0.426 loss=2.0221
[ep 1009] longdress    static_B_2020.02.14_13.21.26.csv@122   reward=QoE=   55.11 eps=0.425 loss=2.3545
[ep 1010] loot         driving_B_2020.02.27_17.30.15.csv@314   reward=QoE= -110.09 eps=0.425 loss=2.3099
[ep 1011] redandblack  static_B_2020.02.27_18.39.27.csv@5742  reward=QoE=   54.07 eps=0.424 loss=2.4938
[ep 1012] soldier      driving_B_2020.01.16_07.26.43.csv@808   reward=QoE=   26.82 eps=0.424 loss=2.3895
[ep 1013] longdress    driving_B_2019.12.16_12.27.05.csv@699   reward=QoE=   28.49 eps=0.423 loss=2.5674
[ep 1014] loot         static_B_2020.02.27_18.39.27.csv@911   reward=QoE=   71.83 eps=0.423 loss=2.5905
[ep 1015] redandblack  driving_B_2019.12.17_07.32.39.csv@2041  reward=QoE=   -2.08 eps=0.422 loss=2.2814
[ep 1016] soldier      static_B_2020.02.27_18.39.27.csv@3911  reward=QoE=   52.85 eps=0.421 loss=2.2615
[ep 1017] longdress    static_B_2020.02.27_18.39.27.csv@1031  reward=QoE=    1.18 eps=0.421 loss=2.3644
[ep 1018] loot         driving_B_2020.02.14_09.38.22.csv@1422  reward=QoE=  -18.10 eps=0.420 loss=2.3737
[ep 1019] redandblack  static_B_2019.12.16_13.40.04.csv@1787  reward=QoE=   49.54 eps=0.420 loss=2.2347
[ep 1020] soldier      driving_B_2020.02.14_12.58.17.csv@210   reward=QoE= -431.16 eps=0.419 loss=2.8592
[ep 1021] longdress    driving_B_2020.01.16_07.26.43.csv@1528  reward=QoE=  -26.20 eps=0.419 loss=2.3623
[ep 1022] loot         driving_B_2020.01.16_07.26.43.csv@868   reward=QoE=   25.13 eps=0.418 loss=2.4763
[ep 1023] redandblack  static_B_2020.02.14_13.21.26.csv@722   reward=QoE=   71.51 eps=0.417 loss=2.4338
[ep 1024] soldier      static_B_2019.12.16_13.40.04.csv@167   reward=QoE=   67.73 eps=0.417 loss=2.3640
[ep 1025] longdress    static_B_2020.02.27_18.39.27.csv@3731  reward=QoE=   62.12 eps=0.416 loss=2.4628
[ep 1026] loot         static_B_2020.02.27_18.39.27.csv@491   reward=QoE=   58.44 eps=0.416 loss=2.2773
[ep 1027] redandblack  driving_B_2020.01.16_09.56.56.csv@1360  reward=QoE=   60.59 eps=0.415 loss=2.5720
[ep 1028] soldier      static_B_2020.02.27_18.39.27.csv@11    reward=QoE=   33.35 eps=0.415 loss=2.3567
[ep 1029] longdress    driving_B_2019.12.17_07.32.39.csv@601   reward=QoE=   36.19 eps=0.414 loss=2.5409
[ep 1030] loot         driving_B_2020.02.27_17.30.15.csv@374   reward=QoE=   -9.59 eps=0.413 loss=2.5989
[ep 1031] redandblack  static_B_2020.02.27_18.39.27.csv@4391  reward=QoE=   59.29 eps=0.413 loss=2.2321
[ep 1032] soldier      static_B_2020.02.27_18.39.27.csv@551   reward=QoE= -291.67 eps=0.412 loss=2.2645
[ep 1033] longdress    driving_B_2020.02.13_13.03.24.csv@124   reward=QoE=    4.85 eps=0.412 loss=2.1241
[ep 1034] loot         static_B_2020.02.27_18.39.27.csv@4091  reward=QoE=   74.39 eps=0.411 loss=2.4421
[ep 1035] redandblack  driving_B_2020.02.27_17.30.15.csv@134   reward=QoE= -142.30 eps=0.411 loss=2.3019
[ep 1036] soldier      driving_B_2020.01.16_07.26.43.csv@208   reward=QoE=  -18.68 eps=0.410 loss=2.2552
[ep 1037] longdress    driving_B_2020.02.13_13.03.24.csv@1144  reward=QoE=  -91.77 eps=0.409 loss=2.2758
[ep 1038] loot         driving_B_2019.12.16_12.27.05.csv@1119  reward=QoE=   18.64 eps=0.409 loss=2.1046
[ep 1039] redandblack  static_B_2020.02.27_18.39.27.csv@1691  reward=QoE=   49.85 eps=0.408 loss=2.1964
[ep 1040] soldier      static_B_2020.02.27_18.39.27.csv@2411  reward=QoE=   26.38 eps=0.408 loss=2.0841
[ep 1041] longdress    static_B_2020.02.14_13.21.26.csv@422   reward=QoE=   34.97 eps=0.407 loss=2.2350
[ep 1042] loot         driving_B_2020.01.16_07.26.43.csv@688   reward=QoE=    4.11 eps=0.407 loss=2.2979
[ep 1043] redandblack  driving_B_2019.12.16_12.27.05.csv@879   reward=QoE=   62.63 eps=0.406 loss=2.4612
[ep 1044] soldier      driving_B_2020.01.16_12.10.03.csv@59    reward=QoE=   60.44 eps=0.405 loss=2.2160
[ep 1045] longdress    driving_B_2020.02.27_17.30.15.csv@254   reward=QoE= -368.65 eps=0.405 loss=2.2980
[ep 1046] loot         static_B_2020.02.27_18.39.27.csv@2531  reward=QoE=   67.44 eps=0.404 loss=2.1570
[ep 1047] redandblack  driving_B_2020.02.13_15.02.01.csv@68    reward=QoE=   73.95 eps=0.404 loss=2.8901
[ep 1048] soldier      driving_B_2020.01.16_07.26.43.csv@1048  reward=QoE=   35.28 eps=0.403 loss=2.3433
[ep 1049] longdress    driving_B_2019.12.16_12.27.05.csv@339   reward=QoE=  -39.92 eps=0.403 loss=2.3421
[ep 1050] loot         driving_B_2020.02.13_13.03.24.csv@1444  reward=QoE=   -8.86 eps=0.402 loss=2.1480
[ep 1051] redandblack  static_B_2020.02.27_18.39.27.csv@5291  reward=QoE=   49.86 eps=0.401 loss=2.3656
[ep 1052] soldier      driving_B_2020.02.14_09.38.22.csv@42    reward=QoE=   -8.83 eps=0.401 loss=2.2878
[ep 1053] longdress    driving_B_2020.02.13_15.02.01.csv@2754  reward=QoE=  -39.20 eps=0.400 loss=2.4473
[ep 1054] loot         static_B_2020.02.14_13.21.26.csv@302   reward=QoE=   74.47 eps=0.400 loss=2.4552
[ep 1055] redandblack  static_B_2020.02.14_13.21.26.csv@782   reward=QoE=   67.64 eps=0.399 loss=2.2237
[ep 1056] soldier      driving_B_2019.12.16_12.27.05.csv@459   reward=QoE=  -41.52 eps=0.399 loss=2.4646
[ep 1057] longdress    driving_B_2020.02.13_15.02.01.csv@2288  reward=QoE=  -70.13 eps=0.398 loss=2.3357
[ep 1058] loot         driving_B_2020.02.14_09.38.22.csv@1242  reward=QoE=   17.28 eps=0.397 loss=2.2786
[ep 1059] redandblack  driving_B_2020.01.16_07.26.43.csv@1468  reward=QoE=  -32.19 eps=0.397 loss=2.4485
[ep 1060] soldier      driving_B_2020.02.13_13.03.24.csv@1684  reward=QoE=   70.45 eps=0.396 loss=2.3191
[ep 1061] longdress    driving_B_2020.02.13_15.02.01.csv@2228  reward=QoE=   64.92 eps=0.396 loss=2.1379
[ep 1062] loot         driving_B_2020.02.13_13.03.24.csv@604   reward=QoE=    4.21 eps=0.395 loss=2.2815
[ep 1063] redandblack  static_B_2020.02.27_18.39.27.csv@5531  reward=QoE=   54.18 eps=0.395 loss=2.4956
[ep 1064] soldier      driving_B_2020.01.16_07.26.43.csv@1348  reward=QoE=  -96.87 eps=0.394 loss=2.6378
[ep 1065] longdress    driving_B_2020.02.14_09.38.22.csv@1478  reward=QoE=  -11.12 eps=0.393 loss=2.1562
[ep 1066] loot         driving_B_2020.02.13_15.02.01.csv@1028  reward=QoE=   36.66 eps=0.393 loss=2.2838
[ep 1067] redandblack  driving_B_2020.01.16_07.26.43.csv@1408  reward=QoE=   -7.77 eps=0.392 loss=2.2921
[ep 1068] soldier      static_B_2020.02.14_13.21.26.csv@662   reward=QoE=   74.24 eps=0.392 loss=2.4933
[ep 1069] longdress    static_B_2020.02.27_18.39.27.csv@4571  reward=QoE=   46.01 eps=0.391 loss=2.4271
[ep 1070] loot         driving_B_2019.12.16_12.27.05.csv@939   reward=QoE=   44.47 eps=0.391 loss=2.4525
[ep 1071] redandblack  static_B_2019.12.16_13.40.04.csv@1007  reward=QoE=   35.76 eps=0.390 loss=2.6744
[ep 1072] soldier      driving_B_2020.01.16_09.56.56.csv@940   reward=QoE=  -22.17 eps=0.389 loss=2.6701
[ep 1073] longdress    driving_B_2019.12.16_12.27.05.csv@759   reward=QoE=   14.96 eps=0.389 loss=2.4232
[ep 1074] loot         static_B_2020.02.27_18.39.27.csv@4451  reward=QoE=   56.81 eps=0.388 loss=2.1676
[ep 1075] redandblack  static_B_2020.02.27_18.39.27.csv@3971  reward=QoE=   49.79 eps=0.388 loss=2.3820
[ep 1076] soldier      static_B_2019.12.16_13.40.04.csv@1904  reward=QoE=   14.86 eps=0.387 loss=2.2124
[ep 1077] longdress    driving_B_2019.12.16_12.27.05.csv@99    reward=QoE=   22.10 eps=0.387 loss=2.5543
[ep 1078] loot         driving_B_2020.01.16_09.56.56.csv@1120  reward=QoE=   11.86 eps=0.386 loss=2.2446
[ep 1079] redandblack  driving_B_2019.12.16_12.27.05.csv@1152  reward=QoE=   50.03 eps=0.385 loss=2.2272
[ep 1080] soldier      static_B_2019.12.16_13.40.04.csv@407   reward=QoE=   53.81 eps=0.385 loss=2.2713
[ep 1081] longdress    static_B_2019.12.16_13.40.04.csv@827   reward=QoE=   55.54 eps=0.384 loss=2.5193
[ep 1082] loot         driving_B_2020.02.27_17.30.15.csv@434   reward=QoE= -349.72 eps=0.384 loss=2.4220
[ep 1083] redandblack  driving_B_2019.12.17_07.32.39.csv@661   reward=QoE=   -1.78 eps=0.383 loss=2.4489
[ep 1084] soldier      driving_B_2020.02.14_12.58.17.csv@90    reward=QoE=  -38.27 eps=0.383 loss=2.4408
[ep 1085] longdress    driving_B_2020.01.16_09.56.56.csv@640   reward=QoE=   45.82 eps=0.382 loss=2.5309
[ep 1086] loot         driving_B_2019.12.17_07.32.39.csv@2161  reward=QoE=    6.94 eps=0.381 loss=2.6845
[ep 1087] redandblack  static_B_2019.12.16_13.40.04.csv@1847  reward=QoE=   57.01 eps=0.381 loss=2.9497
[ep 1088] soldier      driving_B_2020.02.13_15.02.01.csv@2588  reward=QoE=   62.76 eps=0.380 loss=2.5765
[ep 1089] longdress    static_B_2020.02.14_13.21.26.csv@602   reward=QoE=   81.31 eps=0.380 loss=2.2726
[ep 1090] loot         static_B_2020.02.27_18.39.27.csv@371   reward=QoE=   67.63 eps=0.379 loss=2.2657
[ep 1091] redandblack  static_B_2020.02.27_18.39.27.csv@5171  reward=QoE=   77.19 eps=0.379 loss=2.3263
[ep 1092] soldier      driving_B_2020.02.13_13.03.24.csv@1564  reward=QoE=  -31.18 eps=0.378 loss=2.4620
[ep 1093] longdress    static_B_2020.02.27_18.39.27.csv@3311  reward=QoE=   63.26 eps=0.378 loss=2.0942
[ep 1094] loot         driving_B_2019.12.17_07.32.39.csv@1     reward=QoE=   18.94 eps=0.377 loss=2.3652
[ep 1095] redandblack  static_B_2020.02.27_18.39.27.csv@1811  reward=QoE=  -33.70 eps=0.376 loss=2.1901
[ep 1096] soldier      driving_B_2019.12.17_07.32.39.csv@1261  reward=QoE=  -18.94 eps=0.376 loss=2.4257
[ep 1097] longdress    static_B_2020.02.27_18.39.27.csv@2831  reward=QoE=   47.20 eps=0.375 loss=2.3774
[ep 1098] loot         driving_B_2020.02.14_09.38.22.csv@102   reward=QoE=  -84.95 eps=0.375 loss=2.3018
[ep 1099] redandblack  static_B_2020.02.27_18.39.27.csv@3131  reward=QoE=  -41.21 eps=0.374 loss=2.4525
[ep 1100] soldier      driving_B_2019.12.17_07.32.39.csv@421   reward=QoE=   12.22 eps=0.374 loss=2.3298
[ep 1101] longdress    static_B_2020.02.27_18.39.27.csv@2171  reward=QoE=   61.06 eps=0.373 loss=2.2620
[ep 1102] loot         driving_B_2020.02.14_12.58.17.csv@570   reward=QoE=   -3.33 eps=0.372 loss=2.2762
[ep 1103] redandblack  driving_B_2020.02.13_15.02.01.csv@1508  reward=QoE=  -21.83 eps=0.372 loss=2.3172
[ep 1104] soldier      static_B_2020.02.27_18.39.27.csv@2111  reward=QoE=   43.15 eps=0.371 loss=2.5392
[ep 1105] longdress    driving_B_2020.02.13_15.02.01.csv@1148  reward=QoE=   20.61 eps=0.371 loss=2.7601
[ep 1106] loot         driving_B_2019.12.16_12.27.05.csv@819   reward=QoE=   36.98 eps=0.370 loss=2.2368
[ep 1107] redandblack  static_B_2020.02.27_18.39.27.csv@1391  reward=QoE=   68.29 eps=0.370 loss=2.4094
[ep 1108] soldier      static_B_2019.12.16_13.40.04.csv@1067  reward=QoE=   49.98 eps=0.369 loss=2.3407
[ep 1109] longdress    static_B_2020.02.27_18.39.27.csv@3071  reward=QoE=   44.47 eps=0.368 loss=2.0228
[ep 1110] loot         driving_B_2020.01.16_12.10.03.csv@244   reward=QoE=   70.89 eps=0.368 loss=2.2033
[ep 1111] redandblack  driving_B_2020.01.16_07.26.43.csv@28    reward=QoE=   24.45 eps=0.367 loss=2.0648
[ep 1112] soldier      driving_B_2019.12.16_12.27.05.csv@1059  reward=QoE=   35.09 eps=0.367 loss=2.5379
[ep 1113] longdress    static_B_2020.02.27_18.39.27.csv@5742  reward=QoE=   54.19 eps=0.366 loss=2.4613
[ep 1114] loot         driving_B_2020.01.16_07.26.43.csv@1770  reward=QoE=   10.17 eps=0.366 loss=2.4921
[ep 1115] redandblack  driving_B_2020.01.16_09.56.56.csv@1420  reward=QoE=   34.04 eps=0.365 loss=2.1007
[ep 1116] soldier      static_B_2019.12.16_13.40.04.csv@947   reward=QoE=   17.11 eps=0.364 loss=2.2028
[ep 1117] longdress    driving_B_2020.02.13_15.02.01.csv@2168  reward=QoE=   69.01 eps=0.364 loss=2.5216
[ep 1118] loot         driving_B_2019.12.16_12.27.05.csv@579   reward=QoE=    1.15 eps=0.363 loss=2.2147
[ep 1119] redandblack  driving_B_2019.12.17_07.32.39.csv@1081  reward=QoE=   41.34 eps=0.363 loss=2.4589
[ep 1120] soldier      driving_B_2019.12.16_12.27.05.csv@279   reward=QoE=  -15.75 eps=0.362 loss=2.5092
[ep 1121] longdress    driving_B_2020.02.13_15.02.01.csv@608   reward=QoE=  -29.25 eps=0.362 loss=1.9841
[ep 1122] loot         driving_B_2020.01.16_09.56.56.csv@580   reward=QoE=   77.63 eps=0.361 loss=2.1074
[ep 1123] redandblack  driving_B_2020.01.16_09.56.56.csv@820   reward=QoE=   66.29 eps=0.360 loss=2.4739
[ep 1124] soldier      driving_B_2020.02.13_15.02.01.csv@1928  reward=QoE=   27.63 eps=0.360 loss=2.3814
[ep 1125] longdress    driving_B_2020.02.13_13.03.24.csv@1024  reward=QoE=  -73.00 eps=0.359 loss=2.1211
[ep 1126] loot         driving_B_2020.02.13_15.02.01.csv@428   reward=QoE=   69.16 eps=0.359 loss=2.2344
[ep 1127] redandblack  static_B_2020.02.27_18.39.27.csv@731   reward=QoE=   38.32 eps=0.358 loss=2.0382
[ep 1128] soldier      static_B_2019.12.16_13.40.04.csv@527   reward=QoE=   61.53 eps=0.358 loss=2.5771
[ep 1129] longdress    driving_B_2020.02.13_15.02.01.csv@2754  reward=QoE=   -0.73 eps=0.357 loss=2.4711
[ep 1130] loot         driving_B_2020.02.13_13.03.24.csv@484   reward=QoE=   20.53 eps=0.356 loss=2.2403
[ep 1131] redandblack  driving_B_2020.02.14_12.58.17.csv@690   reward=QoE=  -25.11 eps=0.356 loss=2.5288
[ep 1132] soldier      driving_B_2020.02.13_13.03.24.csv@184   reward=QoE=  -48.65 eps=0.355 loss=2.2789
[ep 1133] longdress    driving_B_2019.12.16_12.27.05.csv@519   reward=QoE= -109.94 eps=0.355 loss=2.3377
[ep 1134] loot         driving_B_2020.02.13_15.02.01.csv@2408  reward=QoE=  -25.80 eps=0.354 loss=2.1843
[ep 1135] redandblack  driving_B_2020.02.14_12.58.17.csv@390   reward=QoE= -170.13 eps=0.354 loss=2.3298
[ep 1136] soldier      driving_B_2020.02.13_13.03.24.csv@544   reward=QoE=  -34.26 eps=0.353 loss=2.2149
[ep 1137] longdress    driving_B_2020.02.13_13.03.24.csv@1264  reward=QoE=  -90.65 eps=0.352 loss=2.0992
[ep 1138] loot         driving_B_2020.02.13_15.02.01.csv@2528  reward=QoE=   -3.89 eps=0.352 loss=2.4208
[ep 1139] redandblack  static_B_2020.02.27_18.39.27.csv@3371  reward=QoE=   57.08 eps=0.351 loss=2.2557
[ep 1140] soldier      driving_B_2020.01.16_12.10.03.csv@244   reward=QoE=   63.34 eps=0.351 loss=2.4731
[ep 1141] longdress    static_B_2020.02.27_18.39.27.csv@2051  reward=QoE=   49.78 eps=0.350 loss=2.0292
[ep 1142] loot         driving_B_2020.02.14_09.38.22.csv@522   reward=QoE=   42.19 eps=0.350 loss=2.2811
[ep 1143] redandblack  static_B_2020.02.27_18.39.27.csv@2471  reward=QoE=   67.96 eps=0.349 loss=2.2298
[ep 1144] soldier      driving_B_2020.01.16_07.26.43.csv@508   reward=QoE=  -44.00 eps=0.348 loss=2.3828
[ep 1145] longdress    driving_B_2019.12.17_07.32.39.csv@901   reward=QoE=   17.53 eps=0.348 loss=2.7494
[ep 1146] loot         static_B_2020.02.27_18.39.27.csv@4811  reward=QoE=   65.42 eps=0.347 loss=2.1640
[ep 1147] redandblack  driving_B_2020.02.14_12.58.17.csv@510   reward=QoE=  -39.14 eps=0.347 loss=2.2168
[ep 1148] soldier      static_B_2020.02.27_18.39.27.csv@3671  reward=QoE=   58.69 eps=0.346 loss=2.4534
[ep 1149] longdress    driving_B_2020.01.16_09.56.56.csv@100   reward=QoE=  -41.01 eps=0.346 loss=2.4930
[ep 1150] loot         static_B_2019.12.16_13.40.04.csv@1904  reward=QoE=   39.80 eps=0.345 loss=2.2141
[ep 1151] redandblack  static_B_2020.02.27_18.39.27.csv@2711  reward=QoE=   67.46 eps=0.344 loss=2.2168
[ep 1152] soldier      driving_B_2019.12.16_12.27.05.csv@39    reward=QoE=   -8.22 eps=0.344 loss=2.1998
[ep 1153] longdress    static_B_2020.02.14_13.21.26.csv@542   reward=QoE=   66.00 eps=0.343 loss=2.2059
[ep 1154] loot         driving_B_2020.01.16_09.56.56.csv@220   reward=QoE=   52.19 eps=0.343 loss=2.5253
[ep 1155] redandblack  driving_B_2020.02.13_13.03.24.csv@2044  reward=QoE=  -20.59 eps=0.342 loss=2.5983
[ep 1156] soldier      driving_B_2020.02.14_09.38.22.csv@1478  reward=QoE=  -11.09 eps=0.342 loss=2.0504
[ep 1157] longdress    static_B_2020.02.27_18.39.27.csv@2951  reward=QoE=   59.64 eps=0.341 loss=2.3837
[ep 1158] loot         driving_B_2020.02.13_15.02.01.csv@2048  reward=QoE=   17.24 eps=0.340 loss=2.5348
[ep 1159] redandblack  static_B_2020.02.27_18.39.27.csv@2231  reward=QoE=   61.98 eps=0.340 loss=2.2271
[ep 1160] soldier      driving_B_2020.01.16_07.26.43.csv@1108  reward=QoE=    3.48 eps=0.339 loss=2.1999
[ep 1161] longdress    static_B_2020.02.27_18.39.27.csv@1151  reward=QoE=   38.83 eps=0.339 loss=2.0271
[ep 1162] loot         driving_B_2019.12.17_07.32.39.csv@541   reward=QoE=  -26.64 eps=0.338 loss=2.4294
[ep 1163] redandblack  static_B_2020.02.27_18.39.27.csv@4751  reward=QoE=   70.06 eps=0.338 loss=2.4542
[ep 1164] soldier      static_B_2019.12.16_13.40.04.csv@47    reward=QoE=   37.96 eps=0.337 loss=2.3279
[ep 1165] longdress    static_B_2019.12.16_13.40.04.csv@887   reward=QoE=   52.79 eps=0.336 loss=2.4034
[ep 1166] loot         driving_B_2020.02.27_17.30.15.csv@74    reward=QoE= -240.46 eps=0.336 loss=2.5396
[ep 1167] redandblack  driving_B_2020.01.16_07.26.43.csv@268   reward=QoE=   38.82 eps=0.335 loss=2.2757
[ep 1168] soldier      driving_B_2020.01.16_07.26.43.csv@1588  reward=QoE= -125.06 eps=0.335 loss=2.1893
[ep 1169] longdress    static_B_2020.02.27_18.39.27.csv@4631  reward=QoE=  -58.22 eps=0.334 loss=2.0419
[ep 1170] loot         driving_B_2019.12.17_07.32.39.csv@1681  reward=QoE=  -15.50 eps=0.334 loss=2.6914
[ep 1171] redandblack  driving_B_2020.02.13_13.03.24.csv@1204  reward=QoE=   -2.83 eps=0.333 loss=2.1137
[ep 1172] soldier      static_B_2020.02.27_18.39.27.csv@2651  reward=QoE=   38.43 eps=0.333 loss=2.3001
[ep 1173] longdress    driving_B_2020.02.13_13.03.24.csv@64    reward=QoE=   -5.61 eps=0.332 loss=2.0868
[ep 1174] loot         driving_B_2020.02.27_17.30.15.csv@194   reward=QoE=  -33.16 eps=0.331 loss=2.4976
[ep 1175] redandblack  static_B_2020.02.27_18.39.27.csv@4331  reward=QoE=   53.35 eps=0.331 loss=2.3479
[ep 1176] soldier      driving_B_2020.02.13_13.03.24.csv@364   reward=QoE=  -44.81 eps=0.330 loss=2.4544
[ep 1177] longdress    static_B_2020.02.27_18.39.27.csv@3011  reward=QoE=   55.34 eps=0.330 loss=2.2748
[ep 1178] loot         static_B_2020.02.27_18.39.27.csv@2291  reward=QoE=   42.69 eps=0.329 loss=2.2471
[ep 1179] redandblack  driving_B_2020.02.13_15.02.01.csv@2348  reward=QoE= -249.77 eps=0.329 loss=2.4571
[ep 1180] soldier      static_B_2020.02.27_18.39.27.csv@3491  reward=QoE=   67.47 eps=0.328 loss=2.0381
[ep 1181] longdress    static_B_2019.12.16_13.40.04.csv@1607  reward=QoE=   65.36 eps=0.327 loss=2.2745
[ep 1182] loot         driving_B_2020.02.13_15.02.01.csv@2648  reward=QoE=   73.99 eps=0.327 loss=2.5012
[ep 1183] redandblack  static_B_2020.02.27_18.39.27.csv@971   reward=QoE=   62.51 eps=0.326 loss=2.5779
[ep 1184] soldier      driving_B_2020.01.16_07.26.43.csv@1708  reward=QoE=   -8.42 eps=0.326 loss=2.2870
[ep 1185] longdress    static_B_2020.02.27_18.39.27.csv@851   reward=QoE=   60.53 eps=0.325 loss=2.0521
[ep 1186] loot         driving_B_2020.02.13_13.03.24.csv@664   reward=QoE=   15.86 eps=0.325 loss=2.6257
[ep 1187] redandblack  driving_B_2019.12.16_12.27.05.csv@639   reward=QoE=  -44.88 eps=0.324 loss=2.6901
[ep 1188] soldier      static_B_2020.02.27_18.39.27.csv@3551  reward=QoE=   -0.25 eps=0.323 loss=2.1588
[ep 1189] longdress    driving_B_2020.01.16_09.56.56.csv@520   reward=QoE=   49.83 eps=0.323 loss=2.4062
[ep 1190] loot         driving_B_2019.12.17_07.32.39.csv@1021  reward=QoE=   23.63 eps=0.322 loss=2.5261
[ep 1191] redandblack  driving_B_2020.02.14_09.38.22.csv@162   reward=QoE=   10.86 eps=0.322 loss=2.3369
[ep 1192] soldier      driving_B_2020.01.16_07.26.43.csv@388   reward=QoE=  -11.55 eps=0.321 loss=1.9899
[ep 1193] longdress    driving_B_2020.02.13_13.03.24.csv@2164  reward=QoE= -325.11 eps=0.321 loss=2.4275
[ep 1194] loot         driving_B_2020.02.13_15.02.01.csv@1748  reward=QoE=   50.82 eps=0.320 loss=2.4850
[ep 1195] redandblack  driving_B_2020.01.16_07.26.43.csv@628   reward=QoE=  -22.30 eps=0.319 loss=2.3990
[ep 1196] soldier      driving_B_2020.02.13_15.02.01.csv@8     reward=QoE=   54.11 eps=0.319 loss=1.8099
[ep 1197] longdress    static_B_2020.02.27_18.39.27.csv@3251  reward=QoE=   81.29 eps=0.318 loss=2.2207
[ep 1198] loot         driving_B_2019.12.16_12.27.05.csv@159   reward=QoE=   37.33 eps=0.318 loss=2.6821
[ep 1199] redandblack  static_B_2020.02.27_18.39.27.csv@4211  reward=QoE=   66.96 eps=0.317 loss=2.8220
[ep 1200] soldier      driving_B_2020.01.16_07.26.43.csv@928   reward=QoE=  -25.63 eps=0.317 loss=2.3622
    [eval @ ep 1200] reward=QoE=-540.75 mean_q=0.493 stall=133.3s  <-- best (saved)
[ep 1201] longdress    driving_B_2020.02.13_15.02.01.csv@668   reward=QoE=   46.38 eps=0.316 loss=2.4945
[ep 1202] loot         driving_B_2020.01.16_09.56.56.csv@280   reward=QoE=   81.14 eps=0.315 loss=2.3018
[ep 1203] redandblack  driving_B_2020.01.16_07.26.43.csv@1648  reward=QoE=   23.52 eps=0.315 loss=2.5398
[ep 1204] soldier      driving_B_2020.02.27_17.30.15.csv@614   reward=QoE=  -31.14 eps=0.314 loss=2.6938
[ep 1205] longdress    static_B_2020.02.27_18.39.27.csv@2771  reward=QoE=   72.57 eps=0.314 loss=2.4333
[ep 1206] loot         driving_B_2020.02.14_09.38.22.csv@642   reward=QoE=   47.66 eps=0.313 loss=2.4341
[ep 1207] redandblack  driving_B_2019.12.17_07.32.39.csv@1441  reward=QoE=   24.50 eps=0.313 loss=2.7051
[ep 1208] soldier      driving_B_2020.02.14_09.38.22.csv@462   reward=QoE=   24.44 eps=0.312 loss=2.4186
[ep 1209] longdress    driving_B_2020.02.27_17.30.15.csv@554   reward=QoE=  -94.66 eps=0.311 loss=2.3656
[ep 1210] loot         driving_B_2019.12.17_07.32.39.csv@781   reward=QoE=   42.86 eps=0.311 loss=2.4349
[ep 1211] redandblack  static_B_2020.02.27_18.39.27.csv@4871  reward=QoE=   18.35 eps=0.310 loss=2.5813
[ep 1212] soldier      driving_B_2020.02.14_09.38.22.csv@882   reward=QoE=   68.98 eps=0.310 loss=2.2907
[ep 1213] longdress    driving_B_2020.02.13_13.03.24.csv@1384  reward=QoE=  -67.72 eps=0.309 loss=2.3173
[ep 1214] loot         driving_B_2020.02.14_09.38.22.csv@342   reward=QoE=  -19.51 eps=0.309 loss=2.5462
[ep 1215] redandblack  driving_B_2020.02.14_12.58.17.csv@30    reward=QoE=   24.80 eps=0.308 loss=2.4349
[ep 1216] soldier      driving_B_2020.01.16_12.10.03.csv@179   reward=QoE=   75.74 eps=0.307 loss=2.5317
[ep 1217] longdress    static_B_2019.12.16_13.40.04.csv@107   reward=QoE=   69.50 eps=0.307 loss=2.2334
[ep 1218] loot         driving_B_2020.02.13_15.02.01.csv@548   reward=QoE=   24.03 eps=0.306 loss=2.5385
[ep 1219] redandblack  driving_B_2020.02.14_12.58.17.csv@450   reward=QoE= -196.43 eps=0.306 loss=2.7075
[ep 1220] soldier      driving_B_2020.02.14_12.58.17.csv@800   reward=QoE=  -49.69 eps=0.305 loss=2.1074
[ep 1221] longdress    driving_B_2020.02.14_09.38.22.csv@222   reward=QoE=  -35.47 eps=0.305 loss=2.1560
[ep 1222] loot         driving_B_2020.01.16_09.56.56.csv@1540  reward=QoE=   72.51 eps=0.304 loss=2.5297
[ep 1223] redandblack  driving_B_2020.01.16_09.56.56.csv@760   reward=QoE=   45.04 eps=0.303 loss=2.4552
[ep 1224] soldier      driving_B_2020.01.16_07.26.43.csv@448   reward=QoE=  -66.66 eps=0.303 loss=2.1596
[ep 1225] longdress    static_B_2019.12.16_13.40.04.csv@587   reward=QoE=   49.19 eps=0.302 loss=2.3553
[ep 1226] loot         driving_B_2020.02.14_09.38.22.csv@1478  reward=QoE=    9.95 eps=0.302 loss=2.4202
[ep 1227] redandblack  driving_B_2019.12.17_07.32.39.csv@1501  reward=QoE=   -2.84 eps=0.301 loss=2.4064
[ep 1228] soldier      driving_B_2020.02.14_09.38.22.csv@1062  reward=QoE=   31.00 eps=0.301 loss=2.3851
[ep 1229] longdress    driving_B_2020.01.16_09.56.56.csv@1000  reward=QoE=   54.10 eps=0.300 loss=2.4695
[ep 1230] loot         driving_B_2020.02.13_15.02.01.csv@1208  reward=QoE=   55.79 eps=0.299 loss=2.3763
[ep 1231] redandblack  driving_B_2020.01.16_09.56.56.csv@1060  reward=QoE=   31.46 eps=0.299 loss=2.5087
[ep 1232] soldier      static_B_2020.02.14_13.21.26.csv@362   reward=QoE=   46.69 eps=0.298 loss=2.4277
[ep 1233] longdress    driving_B_2020.01.16_07.26.43.csv@748   reward=QoE=   34.25 eps=0.298 loss=2.4229
[ep 1234] loot         driving_B_2020.02.14_09.38.22.csv@1182  reward=QoE=  -37.04 eps=0.297 loss=2.3004
[ep 1235] redandblack  driving_B_2020.02.13_13.03.24.csv@2188  reward=QoE=  -94.71 eps=0.297 loss=2.6189
[ep 1236] soldier      static_B_2020.02.27_18.39.27.csv@1451  reward=QoE=   41.38 eps=0.296 loss=2.4503
[ep 1237] longdress    driving_B_2020.01.16_09.56.56.csv@1180  reward=QoE=   35.52 eps=0.295 loss=2.6379
[ep 1238] loot         static_B_2020.02.27_18.39.27.csv@71    reward=QoE=   58.15 eps=0.295 loss=2.4571
[ep 1239] redandblack  static_B_2019.12.16_13.40.04.csv@1427  reward=QoE=   66.34 eps=0.294 loss=2.4217
[ep 1240] soldier      static_B_2020.02.27_18.39.27.csv@1631  reward=QoE=   52.95 eps=0.294 loss=2.5067
[ep 1241] longdress    static_B_2020.02.27_18.39.27.csv@1871  reward=QoE=   38.24 eps=0.293 loss=2.2214
[ep 1242] loot         driving_B_2019.12.17_07.32.39.csv@961   reward=QoE=   -8.01 eps=0.293 loss=2.5252
[ep 1243] redandblack  driving_B_2020.01.16_07.26.43.csv@88    reward=QoE=   20.24 eps=0.292 loss=2.3695
[ep 1244] soldier      driving_B_2019.12.17_07.32.39.csv@1801  reward=QoE=  -38.80 eps=0.292 loss=2.2986
[ep 1245] longdress    driving_B_2020.01.16_12.10.03.csv@239   reward=QoE=   76.22 eps=0.291 loss=2.5458
[ep 1246] loot         driving_B_2020.02.13_15.02.01.csv@488   reward=QoE=   16.35 eps=0.290 loss=2.4715
[ep 1247] redandblack  driving_B_2020.02.14_12.58.17.csv@270   reward=QoE= -268.06 eps=0.290 loss=2.4031
[ep 1248] soldier      static_B_2020.02.14_13.21.26.csv@182   reward=QoE=   54.78 eps=0.289 loss=2.2710
[ep 1249] longdress    driving_B_2020.02.13_15.02.01.csv@1808  reward=QoE=   64.72 eps=0.289 loss=2.5833
[ep 1250] loot         driving_B_2020.02.27_17.30.15.csv@494   reward=QoE= -123.46 eps=0.288 loss=2.1978
[ep 1251] redandblack  driving_B_2020.01.16_09.56.56.csv@1300  reward=QoE=   49.93 eps=0.288 loss=2.3522
[ep 1252] soldier      driving_B_2020.01.16_07.26.43.csv@1246  reward=QoE=    7.00 eps=0.287 loss=2.3384
[ep 1253] longdress    driving_B_2020.01.16_07.26.43.csv@466   reward=QoE=  -49.09 eps=0.286 loss=2.3699
[ep 1254] loot         driving_B_2020.02.14_12.58.17.csv@374   reward=QoE=    9.36 eps=0.286 loss=2.5547
[ep 1255] redandblack  static_B_2020.02.27_18.39.27.csv@3143  reward=QoE=  -64.46 eps=0.285 loss=2.2499
[ep 1256] soldier      driving_B_2020.02.13_15.02.01.csv@972   reward=QoE=   23.67 eps=0.285 loss=2.3357
[ep 1257] longdress    static_B_2019.12.16_13.40.04.csv@1858  reward=QoE=   34.27 eps=0.284 loss=2.2590
[ep 1258] loot         driving_B_2020.01.16_12.10.03.csv@205   reward=QoE=   59.24 eps=0.284 loss=2.1617
[ep 1259] redandblack  driving_B_2020.02.13_15.02.01.csv@1752  reward=QoE=   44.22 eps=0.283 loss=2.6004
[ep 1260] soldier      driving_B_2020.02.13_13.03.24.csv@757   reward=QoE=  -64.35 eps=0.282 loss=2.6012
[ep 1261] longdress    driving_B_2019.12.17_07.32.39.csv@923   reward=QoE=   -1.96 eps=0.282 loss=2.5658
[ep 1262] loot         static_B_2019.12.16_13.40.04.csv@1558  reward=QoE=   45.76 eps=0.281 loss=2.3929
[ep 1263] redandblack  static_B_2019.12.16_13.40.04.csv@1078  reward=QoE=   60.04 eps=0.281 loss=2.1924
[ep 1264] soldier      driving_B_2019.12.16_12.27.05.csv@98    reward=QoE=    8.65 eps=0.280 loss=2.4545
[ep 1265] longdress    driving_B_2019.12.17_07.32.39.csv@2183  reward=QoE=    9.47 eps=0.280 loss=2.4893
[ep 1266] loot         driving_B_2020.02.14_12.58.17.csv@554   reward=QoE=   12.83 eps=0.279 loss=2.6807
[ep 1267] redandblack  driving_B_2020.02.13_15.02.01.csv@2754  reward=QoE=  -20.56 eps=0.278 loss=2.4933
[ep 1268] soldier      driving_B_2020.01.16_07.26.43.csv@1426  reward=QoE=  -27.09 eps=0.278 loss=2.5269
[ep 1269] longdress    driving_B_2020.02.14_09.38.22.csv@41    reward=QoE=   22.53 eps=0.277 loss=2.3582
[ep 1270] loot         driving_B_2020.01.16_09.56.56.csv@364   reward=QoE=  -11.86 eps=0.277 loss=2.3590
[ep 1271] redandblack  driving_B_2020.02.13_15.02.01.csv@1272  reward=QoE=   41.10 eps=0.276 loss=2.4846
[ep 1272] soldier      driving_B_2019.12.17_07.32.39.csv@203   reward=QoE=   16.34 eps=0.276 loss=2.4522
[ep 1273] longdress    driving_B_2020.02.13_15.02.01.csv@1392  reward=QoE=    2.38 eps=0.275 loss=2.4680
[ep 1274] loot         driving_B_2020.02.13_15.02.01.csv@2754  reward=QoE=  -21.68 eps=0.274 loss=2.4788
[ep 1275] redandblack  static_B_2020.02.27_18.39.27.csv@4703  reward=QoE=  -65.91 eps=0.274 loss=2.4372
[ep 1276] soldier      driving_B_2020.02.13_15.02.01.csv@1692  reward=QoE=   -6.22 eps=0.273 loss=2.7760
[ep 1277] longdress    driving_B_2020.01.16_09.56.56.csv@1204  reward=QoE=   61.71 eps=0.273 loss=2.5226
[ep 1278] loot         static_B_2020.02.27_18.39.27.csv@3743  reward=QoE=   79.94 eps=0.272 loss=2.1105
[ep 1279] redandblack  driving_B_2020.02.13_13.03.24.csv@697   reward=QoE=    7.31 eps=0.272 loss=2.6461
[ep 1280] soldier      driving_B_2019.12.16_12.27.05.csv@938   reward=QoE=   39.72 eps=0.271 loss=2.3706
[ep 1281] longdress    driving_B_2019.12.16_12.27.05.csv@638   reward=QoE=  -49.14 eps=0.270 loss=2.7256
[ep 1282] loot         driving_B_2020.02.13_13.03.24.csv@1237  reward=QoE=   -8.38 eps=0.270 loss=2.4670
[ep 1283] redandblack  driving_B_2019.12.16_12.27.05.csv@398   reward=QoE= -158.11 eps=0.269 loss=2.3458
[ep 1284] soldier      driving_B_2020.02.13_13.03.24.csv@457   reward=QoE=   -8.41 eps=0.269 loss=2.3597
[ep 1285] longdress    static_B_2019.12.16_13.40.04.csv@718   reward=QoE=   64.98 eps=0.268 loss=2.2896
[ep 1286] loot         static_B_2020.02.27_18.39.27.csv@5303  reward=QoE=   57.07 eps=0.268 loss=2.2107
[ep 1287] redandblack  driving_B_2020.02.14_09.38.22.csv@281   reward=QoE=  -53.91 eps=0.267 loss=2.4161
[ep 1288] soldier      driving_B_2020.01.16_09.56.56.csv@604   reward=QoE=   62.45 eps=0.266 loss=2.6021
[ep 1289] longdress    driving_B_2019.12.17_07.32.39.csv@2063  reward=QoE=   19.21 eps=0.266 loss=2.6447
[ep 1290] loot         static_B_2019.12.16_13.40.04.csv@1438  reward=QoE=   59.56 eps=0.265 loss=2.4220
[ep 1291] redandblack  driving_B_2020.01.16_09.56.56.csv@484   reward=QoE=   54.75 eps=0.265 loss=2.4587
[ep 1292] soldier      static_B_2020.02.14_13.21.26.csv@586   reward=QoE=   68.14 eps=0.264 loss=2.3243
[ep 1293] longdress    driving_B_2019.12.16_12.27.05.csv@878   reward=QoE=   54.53 eps=0.264 loss=2.2823
[ep 1294] loot         driving_B_2020.02.13_13.03.24.csv@937   reward=QoE=   29.83 eps=0.263 loss=2.7005
[ep 1295] redandblack  static_B_2019.12.16_13.40.04.csv@358   reward=QoE=   38.64 eps=0.262 loss=2.6688
[ep 1296] soldier      driving_B_2020.01.16_07.26.43.csv@1606  reward=QoE=  -54.97 eps=0.262 loss=2.3010
[ep 1297] longdress    driving_B_2019.12.16_12.27.05.csv@218   reward=QoE=   20.97 eps=0.261 loss=2.2543
[ep 1298] loot         driving_B_2020.02.14_12.58.17.csv@134   reward=QoE=   44.89 eps=0.261 loss=2.3411
[ep 1299] redandblack  driving_B_2020.02.14_09.38.22.csv@941   reward=QoE=   71.43 eps=0.260 loss=2.6023
[ep 1300] soldier      static_B_2020.02.27_18.39.27.csv@5423  reward=QoE=   46.33 eps=0.260 loss=2.3143
[ep 1301] longdress    driving_B_2020.02.27_17.30.15.csv@439   reward=QoE= -269.81 eps=0.259 loss=2.3082
[ep 1302] loot         driving_B_2020.01.16_07.26.43.csv@1666  reward=QoE=   -1.19 eps=0.258 loss=2.6716
[ep 1303] redandblack  static_B_2020.02.27_18.39.27.csv@4763  reward=QoE=   73.87 eps=0.258 loss=2.1957
[ep 1304] soldier      driving_B_2020.02.13_15.02.01.csv@2172  reward=QoE=   69.45 eps=0.257 loss=2.4334
[ep 1305] longdress    driving_B_2020.02.14_12.58.17.csv@314   reward=QoE= -310.85 eps=0.257 loss=2.3925
[ep 1306] loot         driving_B_2019.12.16_12.27.05.csv@338   reward=QoE=   20.13 eps=0.256 loss=2.3542
[ep 1307] redandblack  static_B_2020.02.27_18.39.27.csv@2183  reward=QoE=   64.19 eps=0.256 loss=2.2083
[ep 1308] soldier      driving_B_2019.12.16_12.27.05.csv@1152  reward=QoE=  -13.22 eps=0.255 loss=2.7966
[ep 1309] longdress    static_B_2020.02.27_18.39.27.csv@803   reward=QoE=   56.80 eps=0.254 loss=2.4114
[ep 1310] loot         static_B_2020.02.14_13.21.26.csv@166   reward=QoE=   65.13 eps=0.254 loss=2.5675
[ep 1311] redandblack  driving_B_2020.02.13_15.02.01.csv@132   reward=QoE=   66.18 eps=0.253 loss=2.4559
[ep 1312] soldier      driving_B_2019.12.16_12.27.05.csv@998   reward=QoE=   52.76 eps=0.253 loss=2.3289
[ep 1313] longdress    driving_B_2020.01.16_09.56.56.csv@1024  reward=QoE=   74.54 eps=0.252 loss=2.0210
[ep 1314] loot         static_B_2020.02.14_13.21.26.csv@850   reward=QoE=   46.35 eps=0.252 loss=2.6434
[ep 1315] redandblack  driving_B_2020.02.13_15.02.01.csv@552   reward=QoE=   40.24 eps=0.251 loss=2.3920
[ep 1316] soldier      static_B_2020.02.27_18.39.27.csv@5483  reward=QoE=   73.90 eps=0.250 loss=2.3020
[ep 1317] longdress    static_B_2020.02.27_18.39.27.csv@5663  reward=QoE=   59.89 eps=0.250 loss=2.4055
[ep 1318] loot         static_B_2020.02.14_13.21.26.csv@466   reward=QoE=   60.41 eps=0.249 loss=2.3163
[ep 1319] redandblack  static_B_2020.02.27_18.39.27.csv@683   reward=QoE=   47.49 eps=0.249 loss=2.7092
[ep 1320] soldier      static_B_2020.02.27_18.39.27.csv@143   reward=QoE=   47.84 eps=0.248 loss=2.6222
[ep 1321] longdress    driving_B_2020.02.13_13.03.24.csv@577   reward=QoE=    1.60 eps=0.248 loss=2.0051
[ep 1322] loot         driving_B_2019.12.17_07.32.39.csv@2288  reward=QoE=   40.93 eps=0.247 loss=2.4473
[ep 1323] redandblack  static_B_2020.02.27_18.39.27.csv@2483  reward=QoE=   57.51 eps=0.247 loss=2.3174
[ep 1324] soldier      driving_B_2020.01.16_12.10.03.csv@244   reward=QoE=   74.02 eps=0.246 loss=2.2442
[ep 1325] longdress    static_B_2020.02.27_18.39.27.csv@1763  reward=QoE=   31.42 eps=0.245 loss=2.3684
[ep 1326] loot         driving_B_2020.02.13_15.02.01.csv@2412  reward=QoE=  -59.47 eps=0.245 loss=2.4625
[ep 1327] redandblack  driving_B_2019.12.17_07.32.39.csv@23    reward=QoE=   28.96 eps=0.244 loss=2.2188
[ep 1328] soldier      static_B_2019.12.16_13.40.04.csv@1738  reward=QoE=   68.90 eps=0.244 loss=2.3392
[ep 1329] longdress    driving_B_2019.12.16_12.27.05.csv@38    reward=QoE=  -11.09 eps=0.243 loss=2.2163
[ep 1330] loot         driving_B_2020.02.27_17.30.15.csv@259   reward=QoE= -231.10 eps=0.243 loss=2.2080
[ep 1331] redandblack  driving_B_2020.01.16_07.26.43.csv@1770  reward=QoE=   12.93 eps=0.242 loss=2.2903
[ep 1332] soldier      driving_B_2020.02.14_09.38.22.csv@1181  reward=QoE=  -84.38 eps=0.241 loss=2.7452
[ep 1333] longdress    driving_B_2019.12.16_12.27.05.csv@278   reward=QoE=    8.49 eps=0.241 loss=2.5489
[ep 1334] loot         driving_B_2020.02.27_17.30.15.csv@619   reward=QoE=  -16.65 eps=0.240 loss=2.1627
[ep 1335] redandblack  driving_B_2020.01.16_09.56.56.csv@1444  reward=QoE=   58.90 eps=0.240 loss=2.5994
[ep 1336] soldier      driving_B_2020.02.14_09.38.22.csv@1121  reward=QoE=    1.59 eps=0.239 loss=2.5067
[ep 1337] longdress    driving_B_2020.01.16_09.56.56.csv@1324  reward=QoE=   75.92 eps=0.239 loss=2.4217
[ep 1338] loot         driving_B_2020.02.13_13.03.24.csv@517   reward=QoE=   12.13 eps=0.238 loss=2.5985
[ep 1339] redandblack  driving_B_2020.02.14_12.58.17.csv@800   reward=QoE=  -13.67 eps=0.237 loss=2.0639
[ep 1340] soldier      static_B_2019.12.16_13.40.04.csv@1318  reward=QoE=   45.40 eps=0.237 loss=2.5123
[ep 1341] longdress    driving_B_2019.12.17_07.32.39.csv@1403  reward=QoE=   -3.25 eps=0.236 loss=2.4271
[ep 1342] loot         driving_B_2020.02.14_09.38.22.csv@581   reward=QoE=   38.90 eps=0.236 loss=2.5360
[ep 1343] redandblack  driving_B_2020.01.16_09.56.56.csv@1384  reward=QoE=   81.11 eps=0.235 loss=2.4404
[ep 1344] soldier      driving_B_2019.12.17_07.32.39.csv@503   reward=QoE=  -10.63 eps=0.235 loss=2.4577
[ep 1345] longdress    driving_B_2020.02.27_17.30.15.csv@679   reward=QoE= -154.12 eps=0.234 loss=2.1837
[ep 1346] loot         static_B_2020.02.27_18.39.27.csv@983   reward=QoE=   81.79 eps=0.233 loss=2.4359
[ep 1347] redandblack  driving_B_2020.02.27_17.30.15.csv@499   reward=QoE=  -80.24 eps=0.233 loss=2.6173
[ep 1348] soldier      driving_B_2020.02.14_09.38.22.csv@161   reward=QoE= -117.20 eps=0.232 loss=2.2844
[ep 1349] longdress    driving_B_2020.02.14_09.38.22.csv@701   reward=QoE=   56.20 eps=0.232 loss=2.5297
[ep 1350] loot         static_B_2020.02.27_18.39.27.csv@2663  reward=QoE=   57.56 eps=0.231 loss=2.0456
[ep 1351] redandblack  static_B_2019.12.16_13.40.04.csv@1904  reward=QoE=   25.00 eps=0.231 loss=2.2264
[ep 1352] soldier      driving_B_2020.02.13_13.03.24.csv@2017  reward=QoE=  -17.63 eps=0.230 loss=2.0943
[ep 1353] longdress    driving_B_2020.01.16_07.26.43.csv@706   reward=QoE=   -4.79 eps=0.229 loss=2.5374
[ep 1354] loot         static_B_2020.02.27_18.39.27.csv@2723  reward=QoE=   55.00 eps=0.229 loss=2.4971
[ep 1355] redandblack  driving_B_2020.01.16_09.56.56.csv@4     reward=QoE=   37.88 eps=0.228 loss=2.5624
[ep 1356] soldier      driving_B_2020.02.27_17.30.15.csv@379   reward=QoE=  -42.73 eps=0.228 loss=2.2282
[ep 1357] longdress    static_B_2020.02.27_18.39.27.csv@2243  reward=QoE=   54.55 eps=0.227 loss=2.4959
[ep 1358] loot         driving_B_2020.01.16_07.26.43.csv@46    reward=QoE=   42.21 eps=0.227 loss=2.4171
[ep 1359] redandblack  static_B_2019.12.16_13.40.04.csv@1018  reward=QoE=   45.86 eps=0.226 loss=2.4601
[ep 1360] soldier      static_B_2020.02.27_18.39.27.csv@3803  reward=QoE=   52.81 eps=0.225 loss=2.3086
[ep 1361] longdress    driving_B_2020.01.16_09.56.56.csv@904   reward=QoE=   11.16 eps=0.225 loss=2.2424
[ep 1362] loot         driving_B_2020.01.16_09.56.56.csv@1084  reward=QoE=   -4.96 eps=0.224 loss=2.3627
[ep 1363] redandblack  driving_B_2020.02.27_17.30.15.csv@79    reward=QoE=   18.00 eps=0.224 loss=2.2962
[ep 1364] soldier      driving_B_2020.02.13_13.03.24.csv@877   reward=QoE=  -44.36 eps=0.223 loss=2.2168
[ep 1365] longdress    static_B_2020.02.27_18.39.27.csv@1103  reward=QoE=   55.55 eps=0.223 loss=2.7658
[ep 1366] loot         static_B_2020.02.27_18.39.27.csv@4343  reward=QoE=   55.54 eps=0.222 loss=2.2577
[ep 1367] redandblack  static_B_2020.02.27_18.39.27.csv@1403  reward=QoE=   71.86 eps=0.221 loss=2.2487
[ep 1368] soldier      driving_B_2020.02.13_15.02.01.csv@1452  reward=QoE=  -38.71 eps=0.221 loss=2.3886
[ep 1369] longdress    static_B_2020.02.27_18.39.27.csv@1043  reward=QoE=   70.50 eps=0.220 loss=2.2806
[ep 1370] loot         static_B_2019.12.16_13.40.04.csv@1198  reward=QoE=   32.94 eps=0.220 loss=2.0892
[ep 1371] redandblack  static_B_2020.02.27_18.39.27.csv@5742  reward=QoE=   60.65 eps=0.219 loss=2.5036
[ep 1372] soldier      driving_B_2020.02.13_13.03.24.csv@1297  reward=QoE=    7.18 eps=0.219 loss=2.4278
[ep 1373] longdress    driving_B_2020.02.14_09.38.22.csv@1001  reward=QoE=   19.54 eps=0.218 loss=2.3114
[ep 1374] loot         static_B_2020.02.27_18.39.27.csv@2363  reward=QoE= -253.59 eps=0.217 loss=2.2949
[ep 1375] redandblack  static_B_2020.02.27_18.39.27.csv@1583  reward=QoE=   64.16 eps=0.217 loss=2.2283
[ep 1376] soldier      driving_B_2020.02.13_15.02.01.csv@2532  reward=QoE=  -13.21 eps=0.216 loss=2.2208
[ep 1377] longdress    driving_B_2020.02.13_15.02.01.csv@1032  reward=QoE=   52.23 eps=0.216 loss=2.4829
[ep 1378] loot         driving_B_2020.02.13_13.03.24.csv@637   reward=QoE=   18.99 eps=0.215 loss=2.2198
[ep 1379] redandblack  static_B_2020.02.27_18.39.27.csv@1883  reward=QoE=   77.35 eps=0.215 loss=2.0933
[ep 1380] soldier      driving_B_2020.01.16_09.56.56.csv@184   reward=QoE=   17.77 eps=0.214 loss=2.7718
[ep 1381] longdress    static_B_2020.02.27_18.39.27.csv@4223  reward=QoE=   66.89 eps=0.213 loss=2.1673
[ep 1382] loot         static_B_2020.02.27_18.39.27.csv@4943  reward=QoE=   71.66 eps=0.213 loss=2.5524
[ep 1383] redandblack  driving_B_2020.02.13_13.03.24.csv@157   reward=QoE=   28.15 eps=0.212 loss=2.3202
[ep 1384] soldier      driving_B_2020.02.13_15.02.01.csv@912   reward=QoE=   66.49 eps=0.212 loss=2.3029
[ep 1385] longdress    static_B_2020.02.27_18.39.27.csv@3623  reward=QoE=   42.50 eps=0.211 loss=2.2010
[ep 1386] loot         driving_B_2019.12.17_07.32.39.csv@1643  reward=QoE=   53.34 eps=0.211 loss=2.3584
[ep 1387] redandblack  driving_B_2020.02.14_09.38.22.csv@641   reward=QoE=   67.96 eps=0.210 loss=2.3626
[ep 1388] soldier      static_B_2020.02.27_18.39.27.csv@2543  reward=QoE=   77.93 eps=0.209 loss=2.3621
[ep 1389] longdress    static_B_2020.02.27_18.39.27.csv@2063  reward=QoE=   58.17 eps=0.209 loss=2.5675
[ep 1390] loot         driving_B_2020.02.13_15.02.01.csv@2292  reward=QoE=  -14.48 eps=0.208 loss=2.2304
[ep 1391] redandblack  static_B_2020.02.27_18.39.27.csv@3923  reward=QoE=   58.00 eps=0.208 loss=2.2613
[ep 1392] soldier      driving_B_2020.02.13_13.03.24.csv@1177  reward=QoE=   -6.53 eps=0.207 loss=2.4061
[ep 1393] longdress    driving_B_2020.02.14_09.38.22.csv@881   reward=QoE=   69.30 eps=0.207 loss=2.4584
[ep 1394] loot         static_B_2020.02.27_18.39.27.csv@1283  reward=QoE=   54.10 eps=0.206 loss=2.5378
[ep 1395] redandblack  static_B_2019.12.16_13.40.04.csv@1798  reward=QoE=   61.59 eps=0.206 loss=2.4536
[ep 1396] soldier      static_B_2020.02.27_18.39.27.csv@4823  reward=QoE=   75.97 eps=0.205 loss=2.0892
[ep 1397] longdress    driving_B_2020.02.14_09.38.22.csv@1241  reward=QoE=    6.66 eps=0.204 loss=2.8456
[ep 1398] loot         driving_B_2020.01.16_09.56.56.csv@424   reward=QoE=    8.74 eps=0.204 loss=2.3104
[ep 1399] redandblack  driving_B_2020.02.13_15.02.01.csv@1572  reward=QoE= -338.75 eps=0.203 loss=2.3293
[ep 1400] soldier      driving_B_2020.02.14_09.38.22.csv@1301  reward=QoE=   71.52 eps=0.203 loss=2.1195
[ep 1401] longdress    driving_B_2020.02.14_12.58.17.csv@614   reward=QoE=   23.11 eps=0.202 loss=2.5321
[ep 1402] loot         driving_B_2019.12.17_07.32.39.csv@1583  reward=QoE=    6.29 eps=0.202 loss=2.4660
[ep 1403] redandblack  driving_B_2020.01.16_09.56.56.csv@724   reward=QoE=   76.85 eps=0.201 loss=2.6775
[ep 1404] soldier      driving_B_2020.02.14_12.58.17.csv@14    reward=QoE=   21.80 eps=0.200 loss=2.3700
[ep 1405] longdress    driving_B_2020.02.13_15.02.01.csv@2472  reward=QoE=  -15.87 eps=0.200 loss=2.6315
[ep 1406] loot         driving_B_2019.12.16_12.27.05.csv@158   reward=QoE=   49.69 eps=0.199 loss=2.3621
[ep 1407] redandblack  static_B_2020.02.27_18.39.27.csv@2303  reward=QoE=   51.44 eps=0.199 loss=2.4296
[ep 1408] soldier      driving_B_2020.02.13_15.02.01.csv@732   reward=QoE=    8.73 eps=0.198 loss=2.5020
[ep 1409] longdress    driving_B_2020.02.13_15.02.01.csv@312   reward=QoE=   72.23 eps=0.198 loss=2.4014
[ep 1410] loot         driving_B_2020.01.16_09.56.56.csv@964   reward=QoE=   22.56 eps=0.197 loss=2.2307
[ep 1411] redandblack  driving_B_2020.02.13_13.03.24.csv@1117  reward=QoE=    1.74 eps=0.196 loss=2.2194
[ep 1412] soldier      static_B_2020.02.14_13.21.26.csv@646   reward=QoE=   82.07 eps=0.196 loss=2.3426
[ep 1413] longdress    static_B_2020.02.27_18.39.27.csv@4163  reward=QoE=   48.71 eps=0.195 loss=2.3111
[ep 1414] loot         driving_B_2019.12.16_12.27.05.csv@458   reward=QoE=   13.27 eps=0.195 loss=2.3317
[ep 1415] redandblack  driving_B_2020.02.27_17.30.15.csv@720   reward=QoE=  -13.35 eps=0.194 loss=2.4371
[ep 1416] soldier      static_B_2020.02.27_18.39.27.csv@5603  reward=QoE=   73.48 eps=0.194 loss=2.7353
[ep 1417] longdress    driving_B_2020.02.13_13.03.24.csv@1717  reward=QoE=   53.87 eps=0.193 loss=2.3365
[ep 1418] loot         driving_B_2020.01.16_09.56.56.csv@244   reward=QoE=   64.42 eps=0.192 loss=2.5959
[ep 1419] redandblack  driving_B_2020.01.16_07.26.43.csv@1306  reward=QoE=   55.70 eps=0.192 loss=2.4817
[ep 1420] soldier      static_B_2020.02.27_18.39.27.csv@1823  reward=QoE= -202.02 eps=0.191 loss=2.5124
[ep 1421] longdress    static_B_2020.02.27_18.39.27.csv@5123  reward=QoE=   71.68 eps=0.191 loss=2.4622
[ep 1422] loot         driving_B_2019.12.17_07.32.39.csv@2243  reward=QoE=   71.48 eps=0.190 loss=2.6507
[ep 1423] redandblack  static_B_2020.02.27_18.39.27.csv@5723  reward=QoE=   66.21 eps=0.190 loss=2.8031
[ep 1424] soldier      driving_B_2020.02.13_15.02.01.csv@852   reward=QoE=   23.59 eps=0.189 loss=2.7373
[ep 1425] longdress    static_B_2020.02.27_18.39.27.csv@3203  reward=QoE=  -45.97 eps=0.188 loss=2.4092
[ep 1426] loot         driving_B_2019.12.17_07.32.39.csv@683   reward=QoE=   23.76 eps=0.188 loss=2.4354
[ep 1427] redandblack  static_B_2019.12.16_13.40.04.csv@658   reward=QoE=   57.19 eps=0.187 loss=2.6292
[ep 1428] soldier      driving_B_2020.01.16_12.10.03.csv@145   reward=QoE=   83.63 eps=0.187 loss=2.8247
[ep 1429] longdress    driving_B_2020.02.13_13.03.24.csv@1537  reward=QoE=   40.77 eps=0.186 loss=2.4537
[ep 1430] loot         static_B_2020.02.27_18.39.27.csv@4583  reward=QoE=   48.52 eps=0.186 loss=2.7836
[ep 1431] redandblack  driving_B_2020.02.14_12.58.17.csv@674   reward=QoE=   26.30 eps=0.185 loss=2.5275
[ep 1432] soldier      static_B_2020.02.27_18.39.27.csv@3263  reward=QoE=   73.44 eps=0.184 loss=2.4366
[ep 1433] longdress    driving_B_2020.01.16_07.26.43.csv@826   reward=QoE=   42.01 eps=0.184 loss=2.7020
[ep 1434] loot         driving_B_2020.02.13_13.03.24.csv@97    reward=QoE=   12.10 eps=0.183 loss=2.9129
[ep 1435] redandblack  driving_B_2020.02.13_13.03.24.csv@2137  reward=QoE= -122.53 eps=0.183 loss=2.0000
[ep 1436] soldier      static_B_2020.02.27_18.39.27.csv@743   reward=QoE=   57.78 eps=0.182 loss=2.7240
[ep 1437] longdress    driving_B_2020.01.16_09.56.56.csv@1144  reward=QoE=   49.40 eps=0.182 loss=2.5774
[ep 1438] loot         driving_B_2020.02.13_15.02.01.csv@2352  reward=QoE=  -69.57 eps=0.181 loss=2.5097
[ep 1439] redandblack  driving_B_2020.02.13_13.03.24.csv@1777  reward=QoE=   57.87 eps=0.180 loss=2.4166
[ep 1440] soldier      static_B_2020.02.14_13.21.26.csv@346   reward=QoE=   79.32 eps=0.180 loss=2.3435
[ep 1441] longdress    static_B_2020.02.14_13.21.26.csv@850   reward=QoE=   31.46 eps=0.179 loss=2.7578
[ep 1442] loot         driving_B_2020.01.16_07.26.43.csv@1126  reward=QoE=   36.66 eps=0.179 loss=2.5151
[ep 1443] redandblack  driving_B_2020.02.13_13.03.24.csv@277   reward=QoE=   18.99 eps=0.178 loss=2.2937
[ep 1444] soldier      driving_B_2020.02.13_13.03.24.csv@37    reward=QoE=    4.76 eps=0.178 loss=2.3188
[ep 1445] longdress    static_B_2020.02.27_18.39.27.csv@2003  reward=QoE=   80.12 eps=0.177 loss=2.1674
[ep 1446] loot         driving_B_2020.02.27_17.30.15.csv@720   reward=QoE=   20.62 eps=0.176 loss=2.5179
[ep 1447] redandblack  static_B_2019.12.16_13.40.04.csv@1618  reward=QoE=   73.15 eps=0.176 loss=2.3278
[ep 1448] soldier      driving_B_2020.02.14_09.38.22.csv@221   reward=QoE=  -26.15 eps=0.175 loss=3.2438
[ep 1449] longdress    driving_B_2020.02.27_17.30.15.csv@559   reward=QoE=    2.70 eps=0.175 loss=2.6049
[ep 1450] loot         driving_B_2020.02.13_15.02.01.csv@672   reward=QoE=   55.21 eps=0.174 loss=2.6690
[ep 1451] redandblack  driving_B_2020.02.13_13.03.24.csv@2188  reward=QoE=  -55.21 eps=0.174 loss=2.4772
[ep 1452] soldier      driving_B_2019.12.17_07.32.39.csv@803   reward=QoE=    5.47 eps=0.173 loss=2.2209
[ep 1453] longdress    static_B_2020.02.14_13.21.26.csv@766   reward=QoE=   78.99 eps=0.172 loss=2.6712
[ep 1454] loot         static_B_2020.02.14_13.21.26.csv@826   reward=QoE=   69.42 eps=0.172 loss=2.7904
[ep 1455] redandblack  static_B_2020.02.27_18.39.27.csv@203   reward=QoE=   72.08 eps=0.171 loss=2.6405
[ep 1456] soldier      static_B_2020.02.27_18.39.27.csv@923   reward=QoE=   76.30 eps=0.171 loss=2.2854
[ep 1457] longdress    driving_B_2020.02.14_12.58.17.csv@494   reward=QoE= -152.21 eps=0.170 loss=2.3559
[ep 1458] loot         static_B_2020.02.14_13.21.26.csv@286   reward=QoE=   69.73 eps=0.170 loss=2.3616
[ep 1459] redandblack  driving_B_2019.12.17_07.32.39.csv@1043  reward=QoE=   35.27 eps=0.169 loss=2.6045
[ep 1460] soldier      driving_B_2020.02.13_13.03.24.csv@1057  reward=QoE=   10.83 eps=0.168 loss=2.1758
[ep 1461] longdress    static_B_2020.02.27_18.39.27.csv@3023  reward=QoE=   15.91 eps=0.168 loss=2.4890
[ep 1462] loot         static_B_2020.02.27_18.39.27.csv@4463  reward=QoE=   45.93 eps=0.167 loss=2.4660
[ep 1463] redandblack  static_B_2020.02.27_18.39.27.csv@3983  reward=QoE=   47.65 eps=0.167 loss=2.3836
[ep 1464] soldier      driving_B_2019.12.17_07.32.39.csv@143   reward=QoE=   29.23 eps=0.166 loss=2.5982
[ep 1465] longdress    driving_B_2020.01.16_09.56.56.csv@124   reward=QoE=    9.60 eps=0.166 loss=2.7389
[ep 1466] loot         driving_B_2020.02.14_09.38.22.csv@341   reward=QoE=  -17.40 eps=0.165 loss=2.1732
[ep 1467] redandblack  driving_B_2019.12.17_07.32.39.csv@1763  reward=QoE=   40.20 eps=0.164 loss=2.4841
[ep 1468] soldier      driving_B_2020.02.13_13.03.24.csv@1897  reward=QoE= -391.18 eps=0.164 loss=2.5166
[ep 1469] longdress    static_B_2020.02.27_18.39.27.csv@5742  reward=QoE=   67.04 eps=0.163 loss=2.5815
[ep 1470] loot         static_B_2020.02.14_13.21.26.csv@526   reward=QoE=   67.94 eps=0.163 loss=2.5155
[ep 1471] redandblack  static_B_2020.02.27_18.39.27.csv@4043  reward=QoE=   64.70 eps=0.162 loss=2.8025
[ep 1472] soldier      static_B_2020.02.27_18.39.27.csv@1703  reward=QoE=   35.26 eps=0.162 loss=3.0044
[ep 1473] longdress    driving_B_2019.12.17_07.32.39.csv@2288  reward=QoE=   65.42 eps=0.161 loss=2.4083
[ep 1474] loot         driving_B_2019.12.17_07.32.39.csv@623   reward=QoE=   21.41 eps=0.161 loss=2.6839
[ep 1475] redandblack  driving_B_2020.02.13_13.03.24.csv@397   reward=QoE=   15.50 eps=0.160 loss=2.2053
[ep 1476] soldier      driving_B_2020.01.16_09.56.56.csv@784   reward=QoE=   41.30 eps=0.159 loss=2.3172
[ep 1477] longdress    driving_B_2020.02.13_15.02.01.csv@1812  reward=QoE=   72.76 eps=0.159 loss=2.5380
[ep 1478] loot         driving_B_2020.01.16_09.56.56.csv@1504  reward=QoE=   56.24 eps=0.158 loss=2.5563
[ep 1479] redandblack  driving_B_2020.02.13_13.03.24.csv@817   reward=QoE=   43.65 eps=0.158 loss=2.4724
[ep 1480] soldier      driving_B_2020.02.13_15.02.01.csv@252   reward=QoE=   86.39 eps=0.157 loss=2.1669
[ep 1481] longdress    driving_B_2020.01.16_12.10.03.csv@244   reward=QoE=   77.67 eps=0.157 loss=2.6890
[ep 1482] loot         driving_B_2019.12.17_07.32.39.csv@1463  reward=QoE=   11.21 eps=0.156 loss=2.6094
[ep 1483] redandblack  static_B_2020.02.14_13.21.26.csv@406   reward=QoE=   75.64 eps=0.155 loss=2.5645
[ep 1484] soldier      static_B_2020.02.27_18.39.27.csv@323   reward=QoE=   76.81 eps=0.155 loss=2.6046
[ep 1485] longdress    driving_B_2020.02.13_15.02.01.csv@1332  reward=QoE= -180.54 eps=0.154 loss=2.4489
[ep 1486] loot         static_B_2020.02.27_18.39.27.csv@1343  reward=QoE=   75.39 eps=0.154 loss=2.6681
[ep 1487] redandblack  driving_B_2020.02.13_15.02.01.csv@1092  reward=QoE=   47.32 eps=0.153 loss=2.3480
[ep 1488] soldier      driving_B_2019.12.17_07.32.39.csv@1523  reward=QoE=   28.93 eps=0.153 loss=2.9117
[ep 1489] longdress    driving_B_2020.02.27_17.30.15.csv@139   reward=QoE=  -93.87 eps=0.152 loss=2.5158
[ep 1490] loot         driving_B_2019.12.17_07.32.39.csv@443   reward=QoE=   71.24 eps=0.151 loss=2.4178
[ep 1491] redandblack  static_B_2019.12.16_13.40.04.csv@238   reward=QoE=   56.14 eps=0.151 loss=2.5374
[ep 1492] soldier      static_B_2020.02.27_18.39.27.csv@1643  reward=QoE=   63.50 eps=0.150 loss=2.6355
[ep 1493] longdress    static_B_2020.02.27_18.39.27.csv@4523  reward=QoE=   34.93 eps=0.150 loss=2.2863
[ep 1494] loot         driving_B_2019.12.17_07.32.39.csv@563   reward=QoE=   24.95 eps=0.149 loss=2.5459
[ep 1495] redandblack  static_B_2020.02.27_18.39.27.csv@1223  reward=QoE=   51.40 eps=0.149 loss=2.6479
[ep 1496] soldier      static_B_2019.12.16_13.40.04.csv@478   reward=QoE=  -55.53 eps=0.148 loss=2.5868
[ep 1497] longdress    driving_B_2019.12.17_07.32.39.csv@1883  reward=QoE=   21.84 eps=0.147 loss=2.2153
[ep 1498] loot         driving_B_2019.12.16_12.27.05.csv@758   reward=QoE=   37.12 eps=0.147 loss=2.5439
[ep 1499] redandblack  driving_B_2020.01.16_07.26.43.csv@526   reward=QoE=   20.78 eps=0.146 loss=2.3416
[ep 1500] soldier      static_B_2019.12.16_13.40.04.csv@58    reward=QoE=   49.65 eps=0.146 loss=2.3033
[ep 1501] longdress    static_B_2019.12.16_13.40.04.csv@1904  reward=QoE=  -71.12 eps=0.145 loss=2.5116
[ep 1502] loot         static_B_2020.02.27_18.39.27.csv@1523  reward=QoE=   77.78 eps=0.145 loss=2.6864
[ep 1503] redandblack  driving_B_2019.12.16_12.27.05.csv@1152  reward=QoE=   50.40 eps=0.144 loss=2.2832
[ep 1504] soldier      static_B_2019.12.16_13.40.04.csv@418   reward=QoE=   26.96 eps=0.143 loss=2.7263
[ep 1505] longdress    static_B_2020.02.14_13.21.26.csv@706   reward=QoE=   80.73 eps=0.143 loss=2.3137
[ep 1506] loot         static_B_2020.02.27_18.39.27.csv@1943  reward=QoE=   55.50 eps=0.142 loss=2.6047
[ep 1507] redandblack  static_B_2019.12.16_13.40.04.csv@1678  reward=QoE=   67.16 eps=0.142 loss=2.6612
[ep 1508] soldier      driving_B_2020.01.16_07.26.43.csv@166   reward=QoE=    3.80 eps=0.141 loss=2.3437
[ep 1509] longdress    driving_B_2020.02.14_09.38.22.csv@1421  reward=QoE=    9.10 eps=0.141 loss=2.1480
[ep 1510] loot         driving_B_2020.01.16_07.26.43.csv@646   reward=QoE=   23.87 eps=0.140 loss=2.2485
[ep 1511] redandblack  driving_B_2020.02.13_15.02.01.csv@372   reward=QoE=   75.40 eps=0.139 loss=2.3565
[ep 1512] soldier      static_B_2019.12.16_13.40.04.csv@898   reward=QoE=   45.92 eps=0.139 loss=2.4136
[ep 1513] longdress    driving_B_2020.02.14_09.38.22.csv@1361  reward=QoE=   82.39 eps=0.138 loss=2.5911
[ep 1514] loot         driving_B_2020.02.14_12.58.17.csv@794   reward=QoE=  -17.81 eps=0.138 loss=2.2470
[ep 1515] redandblack  static_B_2020.02.27_18.39.27.csv@1163  reward=QoE=   23.45 eps=0.137 loss=2.4232
[ep 1516] soldier      driving_B_2020.02.13_13.03.24.csv@1597  reward=QoE=  -35.82 eps=0.137 loss=2.3886
[ep 1517] longdress    driving_B_2020.01.16_09.56.56.csv@544   reward=QoE=   45.24 eps=0.136 loss=2.4948
[ep 1518] loot         driving_B_2020.01.16_09.56.56.csv@1570  reward=QoE=   60.64 eps=0.135 loss=2.3763
[ep 1519] redandblack  static_B_2020.02.27_18.39.27.csv@2603  reward=QoE=   88.14 eps=0.135 loss=2.6237
[ep 1520] soldier      driving_B_2020.02.13_15.02.01.csv@1632  reward=QoE= -106.50 eps=0.134 loss=2.2628
[ep 1521] longdress    static_B_2020.02.27_18.39.27.csv@623   reward=QoE=   81.49 eps=0.134 loss=2.5254
[ep 1522] loot         static_B_2020.02.27_18.39.27.csv@443   reward=QoE=   71.39 eps=0.133 loss=2.5313
[ep 1523] redandblack  driving_B_2020.02.13_13.03.24.csv@1477  reward=QoE=   45.98 eps=0.133 loss=2.6393
[ep 1524] soldier      driving_B_2019.12.17_07.32.39.csv@1343  reward=QoE=   71.48 eps=0.132 loss=2.5094
[ep 1525] longdress    driving_B_2020.02.13_15.02.01.csv@1152  reward=QoE=   46.34 eps=0.131 loss=2.5863
[ep 1526] loot         driving_B_2019.12.17_07.32.39.csv@1283  reward=QoE=   45.50 eps=0.131 loss=2.4283
[ep 1527] redandblack  static_B_2020.02.27_18.39.27.csv@2843  reward=QoE=   78.77 eps=0.130 loss=2.3132
[ep 1528] soldier      static_B_2019.12.16_13.40.04.csv@178   reward=QoE=   64.71 eps=0.130 loss=2.6035
[ep 1529] longdress    static_B_2019.12.16_13.40.04.csv@958   reward=QoE=   32.38 eps=0.129 loss=2.5224
[ep 1530] loot         driving_B_2020.01.16_09.56.56.csv@1264  reward=QoE=   48.58 eps=0.129 loss=2.2547
[ep 1531] redandblack  static_B_2020.02.27_18.39.27.csv@5183  reward=QoE=   69.49 eps=0.128 loss=2.2962
[ep 1532] soldier      driving_B_2020.02.27_17.30.15.csv@199   reward=QoE= -545.20 eps=0.127 loss=2.6654
[ep 1533] longdress    static_B_2020.02.27_18.39.27.csv@5243  reward=QoE=   71.12 eps=0.127 loss=2.3403
[ep 1534] loot         driving_B_2020.01.16_07.26.43.csv@1186  reward=QoE=   47.08 eps=0.126 loss=2.7386
[ep 1535] redandblack  driving_B_2020.02.14_12.58.17.csv@254   reward=QoE=  -57.78 eps=0.126 loss=2.4510
[ep 1536] soldier      driving_B_2020.01.16_07.26.43.csv@946   reward=QoE=   -9.12 eps=0.125 loss=2.3023
[ep 1537] longdress    driving_B_2020.02.14_12.58.17.csv@194   reward=QoE= -191.48 eps=0.125 loss=2.4047
[ep 1538] loot         static_B_2019.12.16_13.40.04.csv@1498  reward=QoE=   84.12 eps=0.124 loss=2.4809
[ep 1539] redandblack  driving_B_2020.02.13_13.03.24.csv@997   reward=QoE=  -24.64 eps=0.123 loss=2.6475
[ep 1540] soldier      driving_B_2020.01.16_07.26.43.csv@226   reward=QoE=   11.60 eps=0.123 loss=2.4394
[ep 1541] longdress    driving_B_2020.02.14_09.38.22.csv@1478  reward=QoE=   11.99 eps=0.122 loss=2.2239
[ep 1542] loot         static_B_2020.02.27_18.39.27.csv@3863  reward=QoE=   26.65 eps=0.122 loss=2.2170
[ep 1543] redandblack  driving_B_2020.01.16_07.26.43.csv@586   reward=QoE=   27.80 eps=0.121 loss=2.6539
[ep 1544] soldier      driving_B_2020.01.16_07.26.43.csv@1066  reward=QoE=   43.58 eps=0.121 loss=2.3854
[ep 1545] longdress    driving_B_2020.02.14_09.38.22.csv@401   reward=QoE=  -72.63 eps=0.120 loss=2.5655
[ep 1546] loot         driving_B_2019.12.17_07.32.39.csv@1943  reward=QoE=   32.43 eps=0.120 loss=2.4656
[ep 1547] redandblack  driving_B_2019.12.17_07.32.39.csv@1223  reward=QoE=   70.77 eps=0.119 loss=2.6129
[ep 1548] soldier      driving_B_2020.02.13_13.03.24.csv@1837  reward=QoE= -457.88 eps=0.118 loss=2.8376
[ep 1549] longdress    static_B_2020.02.14_13.21.26.csv@226   reward=QoE=   69.86 eps=0.118 loss=2.4135
[ep 1550] loot         driving_B_2020.02.13_15.02.01.csv@2592  reward=QoE=   55.60 eps=0.117 loss=2.6801
[ep 1551] redandblack  static_B_2020.02.27_18.39.27.csv@503   reward=QoE=   63.11 eps=0.117 loss=2.5070
[ep 1552] soldier      driving_B_2019.12.17_07.32.39.csv@1703  reward=QoE=   12.09 eps=0.116 loss=2.5338
[ep 1553] longdress    driving_B_2020.02.14_09.38.22.csv@1061  reward=QoE=   16.26 eps=0.116 loss=2.2201
[ep 1554] loot         driving_B_2019.12.17_07.32.39.csv@983   reward=QoE=    6.66 eps=0.115 loss=2.7221
[ep 1555] redandblack  driving_B_2020.02.13_13.03.24.csv@337   reward=QoE=   36.55 eps=0.114 loss=2.4975
[ep 1556] soldier      driving_B_2020.01.16_09.56.56.csv@304   reward=QoE=   26.98 eps=0.114 loss=2.5638
[ep 1557] longdress    driving_B_2020.01.16_07.26.43.csv@886   reward=QoE=    2.21 eps=0.113 loss=2.3998
[ep 1558] loot         driving_B_2020.01.16_07.26.43.csv@1770  reward=QoE=   37.40 eps=0.113 loss=2.5282
[ep 1559] redandblack  static_B_2020.02.27_18.39.27.csv@3443  reward=QoE=   73.06 eps=0.112 loss=2.4778
[ep 1560] soldier      driving_B_2020.01.16_09.56.56.csv@664   reward=QoE=   11.55 eps=0.112 loss=2.4241
[ep 1561] longdress    driving_B_2020.02.13_15.02.01.csv@1212  reward=QoE=   55.97 eps=0.111 loss=2.1526
[ep 1562] loot         driving_B_2020.02.13_15.02.01.csv@1992  reward=QoE=   47.50 eps=0.110 loss=2.5372
[ep 1563] redandblack  static_B_2020.02.27_18.39.27.csv@2123  reward=QoE=   69.49 eps=0.110 loss=2.2892
[ep 1564] soldier      driving_B_2019.12.17_07.32.39.csv@263   reward=QoE=   27.45 eps=0.109 loss=2.6376
[ep 1565] longdress    driving_B_2020.02.13_15.02.01.csv@2652  reward=QoE=   15.90 eps=0.109 loss=2.6512
[ep 1566] loot         static_B_2019.12.16_13.40.04.csv@298   reward=QoE=   49.47 eps=0.108 loss=2.3025
[ep 1567] redandblack  static_B_2020.02.27_18.39.27.csv@5543  reward=QoE=   70.03 eps=0.108 loss=2.3784
[ep 1568] soldier      driving_B_2020.02.13_15.02.01.csv@492   reward=QoE=   -1.81 eps=0.107 loss=2.4404
[ep 1569] longdress    driving_B_2020.01.16_07.26.43.csv@1770  reward=QoE=   -1.75 eps=0.106 loss=2.3044
[ep 1570] loot         driving_B_2020.01.16_07.26.43.csv@1726  reward=QoE=   51.90 eps=0.106 loss=2.1637
[ep 1571] redandblack  driving_B_2020.02.14_09.38.22.csv@101   reward=QoE=    7.63 eps=0.105 loss=2.5132
[ep 1572] soldier      driving_B_2019.12.16_12.27.05.csv@698   reward=QoE=   51.53 eps=0.105 loss=2.3597
[ep 1573] longdress    static_B_2020.02.27_18.39.27.csv@5003  reward=QoE=   74.89 eps=0.104 loss=2.6211
[ep 1574] loot         static_B_2020.02.27_18.39.27.csv@563   reward=QoE= -207.41 eps=0.104 loss=2.4386
[ep 1575] redandblack  static_B_2020.02.27_18.39.27.csv@263   reward=QoE=   80.02 eps=0.103 loss=2.3052
[ep 1576] soldier      driving_B_2020.02.13_13.03.24.csv@2188  reward=QoE= -236.39 eps=0.102 loss=2.4836
[ep 1577] longdress    driving_B_2020.01.16_07.26.43.csv@1366  reward=QoE=   -3.85 eps=0.102 loss=2.3908
[ep 1578] loot         driving_B_2020.02.27_17.30.15.csv@19    reward=QoE=   18.13 eps=0.101 loss=2.4006
[ep 1579] redandblack  static_B_2019.12.16_13.40.04.csv@1904  reward=QoE=  -41.36 eps=0.101 loss=2.6104
[ep 1580] soldier      driving_B_2020.02.14_09.38.22.csv@521   reward=QoE=   38.01 eps=0.100 loss=2.7889
[ep 1581] longdress    static_B_2020.02.27_18.39.27.csv@2783  reward=QoE=   84.74 eps=0.100 loss=2.4442
[ep 1582] loot         driving_B_2019.12.17_07.32.39.csv@323   reward=QoE=   37.79 eps=0.099 loss=2.5536
[ep 1583] redandblack  static_B_2020.02.27_18.39.27.csv@4283  reward=QoE=   80.82 eps=0.098 loss=2.6766
[ep 1584] soldier      static_B_2019.12.16_13.40.04.csv@778   reward=QoE=   80.92 eps=0.098 loss=2.4250
[ep 1585] longdress    driving_B_2020.01.16_07.26.43.csv@1546  reward=QoE=    7.22 eps=0.097 loss=2.3585
[ep 1586] loot         driving_B_2020.02.13_15.02.01.csv@12    reward=QoE=   74.47 eps=0.097 loss=2.3014
[ep 1587] redandblack  driving_B_2020.02.13_13.03.24.csv@217   reward=QoE=   23.15 eps=0.096 loss=2.4509
[ep 1588] soldier      driving_B_2019.12.17_07.32.39.csv@743   reward=QoE=   31.83 eps=0.096 loss=2.5088
[ep 1589] longdress    driving_B_2020.02.13_15.02.01.csv@1872  reward=QoE=   29.30 eps=0.095 loss=2.5254
[ep 1590] loot         static_B_2019.12.16_13.40.04.csv@1258  reward=QoE=   50.18 eps=0.094 loss=2.3908
[ep 1591] redandblack  driving_B_2019.12.17_07.32.39.csv@2123  reward=QoE=   75.96 eps=0.094 loss=2.2773
[ep 1592] soldier      driving_B_2020.02.13_13.03.24.csv@1957  reward=QoE=  -63.83 eps=0.093 loss=2.2481
[ep 1593] longdress    driving_B_2019.12.16_12.27.05.csv@518   reward=QoE=  -34.91 eps=0.093 loss=2.5304
[ep 1594] loot         driving_B_2020.02.13_13.03.24.csv@1657  reward=QoE=  -16.86 eps=0.092 loss=2.4911
[ep 1595] redandblack  driving_B_2019.12.17_07.32.39.csv@863   reward=QoE=   30.54 eps=0.092 loss=2.4872
[ep 1596] soldier      static_B_2020.02.27_18.39.27.csv@4643  reward=QoE=  -38.71 eps=0.091 loss=2.8486
[ep 1597] longdress    driving_B_2020.02.27_17.30.15.csv@319   reward=QoE=  -69.53 eps=0.090 loss=2.3487
[ep 1598] loot         static_B_2020.02.27_18.39.27.csv@3683  reward=QoE=   87.43 eps=0.090 loss=2.4750
[ep 1599] redandblack  driving_B_2020.01.16_12.10.03.csv@85    reward=QoE=   74.18 eps=0.089 loss=2.5424
[ep 1600] soldier      static_B_2020.02.27_18.39.27.csv@4403  reward=QoE=   72.48 eps=0.089 loss=2.4514
    [eval @ ep 1600] reward=QoE=-555.92 mean_q=0.476 stall=132.8s
[ep 1601] longdress    driving_B_2020.02.14_09.38.22.csv@761   reward=QoE=   25.38 eps=0.088 loss=2.1452
[ep 1602] loot         driving_B_2020.02.13_13.03.24.csv@1357  reward=QoE=   40.65 eps=0.088 loss=2.2821
[ep 1603] redandblack  driving_B_2019.12.17_07.32.39.csv@1103  reward=QoE=   16.72 eps=0.087 loss=2.7901
[ep 1604] soldier      driving_B_2020.01.16_07.26.43.csv@1006  reward=QoE=   41.79 eps=0.086 loss=2.3465
[ep 1605] longdress    driving_B_2020.02.13_15.02.01.csv@2712  reward=QoE=   -4.14 eps=0.086 loss=2.3020
[ep 1606] loot         driving_B_2020.02.14_12.58.17.csv@734   reward=QoE=  -45.65 eps=0.085 loss=2.6460
[ep 1607] redandblack  driving_B_2020.02.14_12.58.17.csv@74    reward=QoE=   14.24 eps=0.085 loss=2.4956
[ep 1608] soldier      driving_B_2020.01.16_09.56.56.csv@64    reward=QoE=   26.21 eps=0.084 loss=2.4280
[ep 1609] longdress    driving_B_2020.02.13_15.02.01.csv@72    reward=QoE=   62.16 eps=0.084 loss=2.2667
[ep 1610] loot         static_B_2019.12.16_13.40.04.csv@1378  reward=QoE= -145.03 eps=0.083 loss=2.6906
[ep 1611] redandblack  driving_B_2020.01.16_07.26.43.csv@406   reward=QoE=   35.59 eps=0.082 loss=2.5153
[ep 1612] soldier      static_B_2019.12.16_13.40.04.csv@538   reward=QoE=   66.05 eps=0.082 loss=2.4599
[ep 1613] longdress    static_B_2020.02.27_18.39.27.csv@2963  reward=QoE=   60.94 eps=0.081 loss=2.9426
[ep 1614] loot         static_B_2019.12.16_13.40.04.csv@1138  reward=QoE= -210.65 eps=0.081 loss=2.3278
[ep 1615] redandblack  driving_B_2020.02.13_13.03.24.csv@2077  reward=QoE=  -14.13 eps=0.080 loss=3.1596
[ep 1616] soldier      static_B_2019.12.16_13.40.04.csv@838   reward=QoE=   53.85 eps=0.080 loss=2.9571
[ep 1617] longdress    static_B_2020.02.27_18.39.27.csv@4883  reward=QoE=   35.66 eps=0.079 loss=2.6838
[ep 1618] loot         static_B_2020.02.27_18.39.27.csv@2423  reward=QoE=   77.12 eps=0.078 loss=2.5879
[ep 1619] redandblack  driving_B_2019.12.17_07.32.39.csv@2003  reward=QoE=   78.92 eps=0.078 loss=2.4319
[ep 1620] soldier      driving_B_2019.12.16_12.27.05.csv@578   reward=QoE=   21.46 eps=0.077 loss=2.4600
[ep 1621] longdress    driving_B_2020.01.16_07.26.43.csv@106   reward=QoE=   17.99 eps=0.077 loss=2.2104
[ep 1622] loot         static_B_2020.02.27_18.39.27.csv@83    reward=QoE=   85.64 eps=0.076 loss=2.9931
[ep 1623] redandblack  driving_B_2020.01.16_07.26.43.csv@346   reward=QoE=   18.29 eps=0.076 loss=2.5185
[ep 1624] soldier      static_B_2019.12.16_13.40.04.csv@118   reward=QoE=   85.76 eps=0.075 loss=2.6894
[ep 1625] longdress    static_B_2020.02.27_18.39.27.csv@383   reward=QoE=   68.72 eps=0.075 loss=2.2240
[ep 1626] loot         driving_B_2020.01.16_09.56.56.csv@844   reward=QoE=   28.97 eps=0.074 loss=2.3214
[ep 1627] redandblack  driving_B_2020.02.13_15.02.01.csv@1512  reward=QoE=   17.16 eps=0.073 loss=2.8387
[ep 1628] soldier      driving_B_2019.12.17_07.32.39.csv@1823  reward=QoE=   17.18 eps=0.073 loss=2.5367
[ep 1629] longdress    driving_B_2020.02.13_15.02.01.csv@1932  reward=QoE=   50.64 eps=0.072 loss=2.8030
[ep 1630] loot         static_B_2020.02.27_18.39.27.csv@5363  reward=QoE=   67.86 eps=0.072 loss=2.6470
[ep 1631] redandblack  driving_B_2020.02.14_12.58.17.csv@434   reward=QoE=  -25.04 eps=0.071 loss=2.8040
[ep 1632] soldier      driving_B_2020.02.14_09.38.22.csv@1478  reward=QoE=   19.99 eps=0.071 loss=2.4875
[ep 1633] longdress    static_B_2020.02.27_18.39.27.csv@5063  reward=QoE=   87.15 eps=0.070 loss=2.7175
[ep 1634] loot         static_B_2020.02.27_18.39.27.csv@4103  reward=QoE=   82.94 eps=0.069 loss=2.6892
[ep 1635] redandblack  driving_B_2020.02.13_15.02.01.csv@792   reward=QoE=   40.08 eps=0.069 loss=2.6317
[ep 1636] soldier      driving_B_2020.02.14_09.38.22.csv@1478  reward=QoE=   31.98 eps=0.068 loss=2.5077
[ep 1637] longdress    static_B_2020.02.14_13.21.26.csv@106   reward=QoE=   83.11 eps=0.068 loss=2.5541
[ep 1638] loot         static_B_2020.02.27_18.39.27.csv@23    reward=QoE=   62.88 eps=0.067 loss=2.5356
[ep 1639] redandblack  driving_B_2020.02.13_13.03.24.csv@1417  reward=QoE=   35.34 eps=0.067 loss=2.4979
[ep 1640] soldier      driving_B_2020.01.16_09.56.56.csv@1564  reward=QoE=   86.47 eps=0.066 loss=2.8043
[ep 1641] longdress    static_B_2020.02.27_18.39.27.csv@1463  reward=QoE=   50.73 eps=0.065 loss=2.3742
[ep 1642] loot         static_B_2020.02.27_18.39.27.csv@3323  reward=QoE=   75.80 eps=0.065 loss=2.5556
[ep 1643] redandblack  driving_B_2020.02.14_09.38.22.csv@821   reward=QoE=   -2.59 eps=0.064 loss=2.4097
[ep 1644] soldier      driving_B_2019.12.16_12.27.05.csv@818   reward=QoE=   30.96 eps=0.064 loss=2.7021
[ep 1645] longdress    driving_B_2020.02.14_09.38.22.csv@461   reward=QoE=   41.32 eps=0.063 loss=2.8594
[ep 1646] loot         driving_B_2019.12.17_07.32.39.csv@383   reward=QoE=   69.56 eps=0.063 loss=2.6995
[ep 1647] redandblack  driving_B_2019.12.17_07.32.39.csv@83    reward=QoE=   35.46 eps=0.062 loss=2.5558
[ep 1648] soldier      driving_B_2020.02.13_15.02.01.csv@432   reward=QoE=   78.25 eps=0.061 loss=2.3111
[ep 1649] longdress    driving_B_2020.02.13_15.02.01.csv@612   reward=QoE=   27.39 eps=0.061 loss=2.5391
[ep 1650] loot         driving_B_2019.12.16_12.27.05.csv@1058  reward=QoE=   55.12 eps=0.060 loss=2.4339
[ep 1651] redandblack  static_B_2020.02.27_18.39.27.csv@3503  reward=QoE=   65.85 eps=0.060 loss=2.5286
[ep 1652] soldier      driving_B_2020.01.16_07.26.43.csv@1486  reward=QoE=   12.56 eps=0.059 loss=2.6488
[ep 1653] longdress    static_B_2020.02.27_18.39.27.csv@863   reward=QoE=   58.18 eps=0.059 loss=2.5363
[ep 1654] loot         static_B_2019.12.16_13.40.04.csv@598   reward=QoE=   62.71 eps=0.058 loss=2.5175
[ep 1655] redandblack  driving_B_2019.12.17_07.32.39.csv@1163  reward=QoE=   34.44 eps=0.057 loss=2.7876
[ep 1656] soldier      static_B_2020.02.27_18.39.27.csv@3383  reward=QoE=   88.98 eps=0.057 loss=2.5656
[ep 1657] longdress    driving_B_2020.01.16_07.26.43.csv@766   reward=QoE=   56.52 eps=0.056 loss=2.7508
[ep 1658] loot         driving_B_2019.12.16_12.27.05.csv@1118  reward=QoE=   28.18 eps=0.056 loss=2.6486
[ep 1659] redandblack  driving_B_2020.02.13_15.02.01.csv@192   reward=QoE=   73.51 eps=0.055 loss=2.5426
[ep 1660] soldier      static_B_2020.02.14_13.21.26.csv@46    reward=QoE=   87.49 eps=0.055 loss=2.7822
[ep 1661] longdress    driving_B_2020.01.16_07.26.43.csv@286   reward=QoE=   45.32 eps=0.054 loss=2.5711
[ep 1662] loot         driving_B_2020.01.16_12.10.03.csv@25    reward=QoE=   86.26 eps=0.053 loss=2.3184
[ep 1663] redandblack  driving_B_2020.02.13_15.02.01.csv@2112  reward=QoE=   51.12 eps=0.053 loss=2.3796
[ep 1664] soldier      static_B_2020.02.27_18.39.27.csv@3563  reward=QoE=   32.56 eps=0.052 loss=2.6633
[ep 1665] longdress    static_B_2020.02.27_18.39.27.csv@2903  reward=QoE=   64.54 eps=0.052 loss=2.7847
[ep 1666] loot         driving_B_2020.02.13_15.02.01.csv@2052  reward=QoE=  -33.86 eps=0.051 loss=2.3775
[ep 1667] redandblack  static_B_2020.02.27_18.39.27.csv@3083  reward=QoE=   56.61 eps=0.051 loss=2.7703
[ep 1668] soldier      driving_B_2020.02.13_15.02.01.csv@2232  reward=QoE=   85.10 eps=0.050 loss=2.7169
[ep 1669] longdress    driving_B_2020.01.16_09.56.56.csv@1357  reward=QoE=   84.37 eps=0.050 loss=2.4255
[ep 1670] loot         driving_B_2020.02.27_17.30.15.csv@720   reward=QoE=   27.75 eps=0.050 loss=2.9055
[ep 1671] redandblack  driving_B_2020.02.13_13.03.24.csv@556   reward=QoE=   37.87 eps=0.050 loss=2.4799
[ep 1672] soldier      driving_B_2020.02.13_13.03.24.csv@616   reward=QoE=   23.38 eps=0.050 loss=2.4604
[ep 1673] longdress    driving_B_2020.02.13_13.03.24.csv@1756  reward=QoE=   49.51 eps=0.050 loss=2.5022
[ep 1674] loot         driving_B_2020.02.14_12.58.17.csv@652   reward=QoE=   28.36 eps=0.050 loss=2.3715
[ep 1675] redandblack  driving_B_2019.12.16_12.27.05.csv@1122  reward=QoE=   33.29 eps=0.050 loss=2.7344
[ep 1676] soldier      static_B_2020.02.14_13.21.26.csv@511   reward=QoE=   86.00 eps=0.050 loss=2.4767
[ep 1677] longdress    driving_B_2020.02.13_13.03.24.csv@16    reward=QoE=   43.09 eps=0.050 loss=2.6666
[ep 1678] loot         driving_B_2019.12.16_12.27.05.csv@102   reward=QoE=   38.22 eps=0.050 loss=2.7311
[ep 1679] redandblack  static_B_2020.02.27_18.39.27.csv@5356  reward=QoE=   83.15 eps=0.050 loss=2.4778
[ep 1680] soldier      static_B_2019.12.16_13.40.04.csv@1607  reward=QoE=   73.82 eps=0.050 loss=2.6342
[ep 1681] longdress    driving_B_2019.12.16_12.27.05.csv@342   reward=QoE=   26.57 eps=0.050 loss=2.6369
[ep 1682] loot         driving_B_2019.12.17_07.32.39.csv@1497  reward=QoE=   -0.54 eps=0.050 loss=2.5580
[ep 1683] redandblack  static_B_2020.02.27_18.39.27.csv@3136  reward=QoE=    4.34 eps=0.050 loss=2.5684
[ep 1684] soldier      driving_B_2020.02.13_13.03.24.csv@2176  reward=QoE= -198.43 eps=0.050 loss=2.6674
[ep 1685] longdress    static_B_2019.12.16_13.40.04.csv@1727  reward=QoE=   74.08 eps=0.050 loss=2.3306
[ep 1686] loot         driving_B_2020.02.27_17.30.15.csv@482   reward=QoE=   -9.12 eps=0.050 loss=2.6439
[ep 1687] redandblack  driving_B_2020.01.16_09.56.56.csv@637   reward=QoE=   57.02 eps=0.050 loss=2.3314
[ep 1688] soldier      static_B_2019.12.16_13.40.04.csv@887   reward=QoE=   56.41 eps=0.050 loss=2.9367
[ep 1689] longdress    driving_B_2020.01.16_09.56.56.csv@817   reward=QoE=   71.01 eps=0.050 loss=2.4189
[ep 1690] loot         static_B_2019.12.16_13.40.04.csv@1847  reward=QoE=   69.36 eps=0.050 loss=2.9037
[ep 1691] redandblack  driving_B_2020.01.16_07.26.43.csv@611   reward=QoE=   22.98 eps=0.050 loss=2.9739
[ep 1692] soldier      driving_B_2020.01.16_12.10.03.csv@151   reward=QoE=   72.49 eps=0.050 loss=2.7121
[ep 1693] longdress    static_B_2020.02.27_18.39.27.csv@2536  reward=QoE=   84.99 eps=0.050 loss=2.2951
[ep 1694] loot         static_B_2020.02.27_18.39.27.csv@4696  reward=QoE=  -89.41 eps=0.050 loss=3.1170
[ep 1695] redandblack  driving_B_2020.02.13_13.03.24.csv@76    reward=QoE=   41.58 eps=0.050 loss=2.4440
[ep 1696] soldier      driving_B_2020.02.14_09.38.22.csv@1478  reward=QoE=   24.62 eps=0.050 loss=2.1290
[ep 1697] longdress    driving_B_2020.01.16_09.56.56.csv@757   reward=QoE=   51.00 eps=0.050 loss=2.5506
[ep 1698] loot         driving_B_2020.01.16_07.26.43.csv@371   reward=QoE=   12.61 eps=0.050 loss=2.4696
[ep 1699] redandblack  driving_B_2020.02.13_13.03.24.csv@196   reward=QoE=   41.88 eps=0.050 loss=2.8605
[ep 1700] soldier      static_B_2020.02.27_18.39.27.csv@5742  reward=QoE=   64.62 eps=0.050 loss=2.5350
[ep 1701] longdress    driving_B_2020.02.14_09.38.22.csv@1141  reward=QoE=   31.99 eps=0.050 loss=2.7949
[ep 1702] loot         static_B_2020.02.27_18.39.27.csv@4456  reward=QoE=   58.37 eps=0.050 loss=2.6909
[ep 1703] redandblack  driving_B_2020.01.16_07.26.43.csv@191   reward=QoE=    9.78 eps=0.050 loss=2.6679
[ep 1704] soldier      static_B_2019.12.16_13.40.04.csv@707   reward=QoE=   71.86 eps=0.050 loss=2.5405
[ep 1705] longdress    static_B_2019.12.16_13.40.04.csv@527   reward=QoE=   66.53 eps=0.050 loss=2.5468
[ep 1706] loot         static_B_2020.02.14_13.21.26.csv@271   reward=QoE=   71.44 eps=0.050 loss=2.5061
[ep 1707] redandblack  driving_B_2020.02.13_13.03.24.csv@1516  reward=QoE=   35.87 eps=0.050 loss=2.5053
[ep 1708] soldier      driving_B_2020.02.27_17.30.15.csv@542   reward=QoE=  -25.96 eps=0.050 loss=2.5947
[ep 1709] longdress    driving_B_2020.02.13_15.02.01.csv@72    reward=QoE=   54.25 eps=0.050 loss=2.5542
[ep 1710] loot         static_B_2020.02.27_18.39.27.csv@4816  reward=QoE=   74.20 eps=0.050 loss=2.5174
[ep 1711] redandblack  driving_B_2020.02.13_13.03.24.csv@376   reward=QoE=   34.08 eps=0.050 loss=2.6154
[ep 1712] soldier      static_B_2019.12.16_13.40.04.csv@107   reward=QoE=   76.07 eps=0.050 loss=2.5042
[ep 1713] longdress    static_B_2020.02.27_18.39.27.csv@3196  reward=QoE= -155.38 eps=0.050 loss=2.6476
[ep 1714] loot         driving_B_2020.02.14_09.38.22.csv@601   reward=QoE=   79.06 eps=0.050 loss=2.4497
[ep 1715] redandblack  driving_B_2020.01.16_09.56.56.csv@457   reward=QoE=   14.87 eps=0.050 loss=2.4412
[ep 1716] soldier      driving_B_2019.12.16_12.27.05.csv@822   reward=QoE=   41.99 eps=0.050 loss=2.4765
[ep 1717] longdress    driving_B_2020.02.13_15.02.01.csv@1872  reward=QoE=   28.00 eps=0.050 loss=2.5239
[ep 1718] loot         static_B_2020.02.27_18.39.27.csv@736   reward=QoE=   51.77 eps=0.050 loss=2.3040
[ep 1719] redandblack  static_B_2020.02.14_13.21.26.csv@571   reward=QoE=   85.02 eps=0.050 loss=2.6738
[ep 1720] soldier      static_B_2020.02.27_18.39.27.csv@2236  reward=QoE=   67.83 eps=0.050 loss=2.7368
[ep 1721] longdress    static_B_2020.02.27_18.39.27.csv@5176  reward=QoE=   83.71 eps=0.050 loss=2.3826
[ep 1722] loot         driving_B_2020.02.13_15.02.01.csv@1392  reward=QoE=   23.82 eps=0.050 loss=2.7271
[ep 1723] redandblack  driving_B_2020.02.13_15.02.01.csv@1452  reward=QoE=   30.37 eps=0.050 loss=2.9683
[ep 1724] soldier      driving_B_2020.01.16_07.26.43.csv@671   reward=QoE=   24.59 eps=0.050 loss=2.3345
[ep 1725] longdress    static_B_2020.02.14_13.21.26.csv@151   reward=QoE=   66.73 eps=0.050 loss=2.5352
[ep 1726] loot         driving_B_2019.12.17_07.32.39.csv@777   reward=QoE=   45.88 eps=0.050 loss=2.5625
[ep 1727] redandblack  driving_B_2020.02.14_09.38.22.csv@1201  reward=QoE=   17.46 eps=0.050 loss=2.1004
[ep 1728] soldier      static_B_2019.12.16_13.40.04.csv@47    reward=QoE=   33.23 eps=0.050 loss=2.8151
[ep 1729] longdress    driving_B_2020.01.16_07.26.43.csv@1211  reward=QoE=   36.05 eps=0.050 loss=2.5866
[ep 1730] loot         driving_B_2020.02.13_15.02.01.csv@432   reward=QoE=   88.06 eps=0.050 loss=2.5846
[ep 1731] redandblack  static_B_2020.02.27_18.39.27.csv@3916  reward=QoE=   90.08 eps=0.050 loss=2.6743
[ep 1732] soldier      driving_B_2020.02.13_15.02.01.csv@2052  reward=QoE=  -35.53 eps=0.050 loss=2.4803
[ep 1733] longdress    static_B_2020.02.14_13.21.26.csv@331   reward=QoE=   82.48 eps=0.050 loss=2.7114
[ep 1734] loot         driving_B_2020.02.14_09.38.22.csv@121   reward=QoE=  -11.67 eps=0.050 loss=2.5691
[ep 1735] redandblack  static_B_2020.02.14_13.21.26.csv@850   reward=QoE=   49.79 eps=0.050 loss=2.3359
[ep 1736] soldier      driving_B_2020.01.16_07.26.43.csv@431   reward=QoE=   25.99 eps=0.050 loss=2.6402
[ep 1737] longdress    static_B_2020.02.14_13.21.26.csv@31    reward=QoE=   43.30 eps=0.050 loss=2.4488
[ep 1738] loot         driving_B_2020.02.13_13.03.24.csv@496   reward=QoE=   28.02 eps=0.050 loss=2.5401
[ep 1739] redandblack  driving_B_2020.01.16_07.26.43.csv@911   reward=QoE=   38.18 eps=0.050 loss=2.7205
[ep 1740] soldier      driving_B_2020.02.14_09.38.22.csv@961   reward=QoE=   66.23 eps=0.050 loss=2.3563
[ep 1741] longdress    static_B_2020.02.27_18.39.27.csv@3616  reward=QoE=   50.84 eps=0.050 loss=2.5992
[ep 1742] loot         static_B_2019.12.16_13.40.04.csv@947   reward=QoE=   53.87 eps=0.050 loss=2.7660
[ep 1743] redandblack  driving_B_2020.02.13_15.02.01.csv@12    reward=QoE=   70.37 eps=0.050 loss=2.5232
[ep 1744] soldier      driving_B_2020.02.13_15.02.01.csv@1632  reward=QoE=  -34.49 eps=0.050 loss=2.5791
[ep 1745] longdress    driving_B_2019.12.17_07.32.39.csv@117   reward=QoE=   26.20 eps=0.050 loss=2.6400
[ep 1746] loot         driving_B_2020.01.16_09.56.56.csv@577   reward=QoE=   85.09 eps=0.050 loss=2.2760
[ep 1747] redandblack  driving_B_2020.02.14_09.38.22.csv@541   reward=QoE=   75.29 eps=0.050 loss=2.6920
[ep 1748] soldier      static_B_2020.02.27_18.39.27.csv@2176  reward=QoE=   69.78 eps=0.050 loss=2.4660
[ep 1749] longdress    static_B_2020.02.27_18.39.27.csv@4036  reward=QoE=   53.72 eps=0.050 loss=2.4347
[ep 1750] loot         driving_B_2020.02.27_17.30.15.csv@662   reward=QoE=   14.59 eps=0.050 loss=2.3237
[ep 1751] redandblack  driving_B_2020.02.13_15.02.01.csv@2352  reward=QoE=  -54.75 eps=0.050 loss=2.5806
[ep 1752] soldier      static_B_2020.02.27_18.39.27.csv@4876  reward=QoE=   38.36 eps=0.050 loss=2.4174
[ep 1753] longdress    driving_B_2020.01.16_09.56.56.csv@1177  reward=QoE=   34.68 eps=0.050 loss=2.2578
[ep 1754] loot         static_B_2020.02.27_18.39.27.csv@5716  reward=QoE=   58.47 eps=0.050 loss=2.4095
[ep 1755] redandblack  driving_B_2020.01.16_09.56.56.csv@1417  reward=QoE=   76.56 eps=0.050 loss=2.5291
[ep 1756] soldier      static_B_2020.02.27_18.39.27.csv@2476  reward=QoE=   63.83 eps=0.050 loss=2.5229
[ep 1757] longdress    static_B_2019.12.16_13.40.04.csv@1247  reward=QoE=   33.00 eps=0.050 loss=2.6048
[ep 1758] loot         driving_B_2020.01.16_09.56.56.csv@217   reward=QoE=   58.81 eps=0.050 loss=2.4946
[ep 1759] redandblack  driving_B_2020.02.13_15.02.01.csv@1032  reward=QoE=   62.92 eps=0.050 loss=2.7220
[ep 1760] soldier      driving_B_2020.02.13_13.03.24.csv@1096  reward=QoE=   -0.88 eps=0.050 loss=2.1359
[ep 1761] longdress    static_B_2019.12.16_13.40.04.csv@1667  reward=QoE=   62.12 eps=0.050 loss=2.6470
[ep 1762] loot         driving_B_2020.01.16_07.26.43.csv@1511  reward=QoE=   49.80 eps=0.050 loss=2.5270
[ep 1763] redandblack  driving_B_2020.01.16_07.26.43.csv@1770  reward=QoE=   36.58 eps=0.050 loss=2.1353
[ep 1764] soldier      static_B_2020.02.27_18.39.27.csv@1396  reward=QoE=   85.06 eps=0.050 loss=2.6104
[ep 1765] longdress    driving_B_2019.12.16_12.27.05.csv@222   reward=QoE=   24.83 eps=0.050 loss=2.5351
[ep 1766] loot         driving_B_2020.02.14_12.58.17.csv@412   reward=QoE=  -28.52 eps=0.050 loss=2.8609
[ep 1767] redandblack  static_B_2020.02.27_18.39.27.csv@4636  reward=QoE=   40.36 eps=0.050 loss=2.4922
[ep 1768] soldier      driving_B_2020.02.13_15.02.01.csv@1272  reward=QoE=   31.47 eps=0.050 loss=2.4512
[ep 1769] longdress    static_B_2020.02.27_18.39.27.csv@2776  reward=QoE=   67.29 eps=0.050 loss=2.4697
[ep 1770] loot         driving_B_2019.12.16_12.27.05.csv@762   reward=QoE=   46.81 eps=0.050 loss=2.6563
[ep 1771] redandblack  driving_B_2020.02.13_15.02.01.csv@1512  reward=QoE=   31.25 eps=0.050 loss=2.6276
[ep 1772] soldier      driving_B_2020.02.13_15.02.01.csv@2172  reward=QoE=   79.94 eps=0.050 loss=2.1938
[ep 1773] longdress    static_B_2020.02.27_18.39.27.csv@316   reward=QoE=   58.00 eps=0.050 loss=2.7098
[ep 1774] loot         driving_B_2020.02.13_13.03.24.csv@1396  reward=QoE=    7.33 eps=0.050 loss=2.4209
[ep 1775] redandblack  driving_B_2019.12.17_07.32.39.csv@2277  reward=QoE=   67.69 eps=0.050 loss=2.5121
[ep 1776] soldier      driving_B_2020.02.14_12.58.17.csv@172   reward=QoE=    6.25 eps=0.050 loss=2.4362
[ep 1777] longdress    driving_B_2019.12.17_07.32.39.csv@57    reward=QoE=   40.36 eps=0.050 loss=2.5061
[ep 1778] loot         driving_B_2020.01.16_09.56.56.csv@1117  reward=QoE=   35.82 eps=0.050 loss=2.5324
[ep 1779] redandblack  driving_B_2020.02.13_13.03.24.csv@856   reward=QoE=    9.97 eps=0.050 loss=2.3502
[ep 1780] soldier      driving_B_2019.12.17_07.32.39.csv@1257  reward=QoE=   20.75 eps=0.050 loss=2.6735
[ep 1781] longdress    driving_B_2019.12.16_12.27.05.csv@702   reward=QoE=   23.71 eps=0.050 loss=2.4141
[ep 1782] loot         driving_B_2020.02.27_17.30.15.csv@422   reward=QoE=  -46.57 eps=0.050 loss=2.5728
[ep 1783] redandblack  static_B_2020.02.27_18.39.27.csv@5236  reward=QoE=   48.55 eps=0.050 loss=2.4701
[ep 1784] soldier      driving_B_2020.02.27_17.30.15.csv@122   reward=QoE= -111.25 eps=0.050 loss=2.9077
[ep 1785] longdress    static_B_2019.12.16_13.40.04.csv@1904  reward=QoE=  -29.38 eps=0.050 loss=2.5395
[ep 1786] loot         static_B_2020.02.27_18.39.27.csv@5536  reward=QoE=   69.50 eps=0.050 loss=2.5749
[ep 1787] redandblack  driving_B_2020.01.16_07.26.43.csv@1770  reward=QoE=   24.52 eps=0.050 loss=2.3977
[ep 1788] soldier      static_B_2020.02.27_18.39.27.csv@1276  reward=QoE=   86.73 eps=0.050 loss=2.4333
[ep 1789] longdress    driving_B_2019.12.17_07.32.39.csv@717   reward=QoE=   32.15 eps=0.050 loss=2.6263
[ep 1790] loot         driving_B_2020.01.16_07.26.43.csv@1271  reward=QoE=   38.94 eps=0.050 loss=2.4432
[ep 1791] redandblack  driving_B_2020.01.16_07.26.43.csv@791   reward=QoE=   48.30 eps=0.050 loss=2.4958
[ep 1792] soldier      driving_B_2019.12.17_07.32.39.csv@1677  reward=QoE=   12.31 eps=0.050 loss=2.1982
[ep 1793] longdress    static_B_2019.12.16_13.40.04.csv@1007  reward=QoE=   51.41 eps=0.050 loss=2.6355
[ep 1794] loot         driving_B_2020.01.16_12.10.03.csv@211   reward=QoE=   81.21 eps=0.050 loss=2.3742
[ep 1795] redandblack  driving_B_2020.01.16_07.26.43.csv@11    reward=QoE=   30.66 eps=0.050 loss=2.5431
[ep 1796] soldier      driving_B_2020.01.16_09.56.56.csv@1297  reward=QoE=   50.95 eps=0.050 loss=2.4883
[ep 1797] longdress    static_B_2020.02.27_18.39.27.csv@1036  reward=QoE=   43.69 eps=0.050 loss=2.2558
[ep 1798] loot         static_B_2019.12.16_13.40.04.csv@1307  reward=QoE=   70.69 eps=0.050 loss=2.3830
[ep 1799] redandblack  driving_B_2019.12.17_07.32.39.csv@1797  reward=QoE=   32.48 eps=0.050 loss=2.4205
[ep 1800] soldier      driving_B_2020.01.16_07.26.43.csv@851   reward=QoE=   42.97 eps=0.050 loss=2.8399
[ep 1801] longdress    driving_B_2020.02.13_15.02.01.csv@792   reward=QoE=   38.62 eps=0.050 loss=2.2670
[ep 1802] loot         driving_B_2020.02.13_13.03.24.csv@796   reward=QoE=   41.78 eps=0.050 loss=2.3452
[ep 1803] redandblack  driving_B_2020.02.13_15.02.01.csv@1752  reward=QoE=   44.58 eps=0.050 loss=2.9716
[ep 1804] soldier      driving_B_2020.02.27_17.30.15.csv@62    reward=QoE=   28.34 eps=0.050 loss=2.6714
[ep 1805] longdress    static_B_2019.12.16_13.40.04.csv@587   reward=QoE=   58.10 eps=0.050 loss=3.0014
[ep 1806] loot         driving_B_2020.02.14_09.38.22.csv@1478  reward=QoE=   34.68 eps=0.050 loss=2.8830
[ep 1807] redandblack  driving_B_2019.12.16_12.27.05.csv@162   reward=QoE=   46.18 eps=0.050 loss=2.8824
[ep 1808] soldier      driving_B_2020.02.13_13.03.24.csv@1996  reward=QoE=    2.67 eps=0.050 loss=2.5917
[ep 1809] longdress    static_B_2020.02.27_18.39.27.csv@3796  reward=QoE=   53.91 eps=0.050 loss=2.9691
[ep 1810] loot         driving_B_2020.02.14_12.58.17.csv@800   reward=QoE=   32.54 eps=0.050 loss=3.0241
[ep 1811] redandblack  driving_B_2020.02.14_09.38.22.csv@661   reward=QoE=   77.15 eps=0.050 loss=2.6908
[ep 1812] soldier      static_B_2020.02.27_18.39.27.csv@136   reward=QoE=   52.62 eps=0.050 loss=2.4833
[ep 1813] longdress    static_B_2020.02.14_13.21.26.csv@211   reward=QoE=   88.24 eps=0.050 loss=2.9604
[ep 1814] loot         static_B_2020.02.27_18.39.27.csv@3976  reward=QoE=   78.96 eps=0.050 loss=2.7166
[ep 1815] redandblack  driving_B_2020.01.16_09.56.56.csv@997   reward=QoE=   78.68 eps=0.050 loss=2.4810
[ep 1816] soldier      driving_B_2019.12.17_07.32.39.csv@477   reward=QoE=   43.08 eps=0.050 loss=2.8802
[ep 1817] longdress    driving_B_2020.02.14_09.38.22.csv@181   reward=QoE=  -21.84 eps=0.050 loss=2.6896
[ep 1818] loot         static_B_2020.02.27_18.39.27.csv@1576  reward=QoE=   51.95 eps=0.050 loss=2.9455
[ep 1819] redandblack  driving_B_2020.02.14_09.38.22.csv@901   reward=QoE=   52.64 eps=0.050 loss=2.8761
[ep 1820] soldier      driving_B_2020.02.13_15.02.01.csv@852   reward=QoE=   33.54 eps=0.050 loss=2.7123
[ep 1821] longdress    static_B_2020.02.27_18.39.27.csv@496   reward=QoE=   59.98 eps=0.050 loss=2.9764
[ep 1822] loot         driving_B_2019.12.17_07.32.39.csv@597   reward=QoE=   47.09 eps=0.050 loss=2.6153
[ep 1823] redandblack  static_B_2020.02.27_18.39.27.csv@4216  reward=QoE=   84.08 eps=0.050 loss=2.4314
[ep 1824] soldier      driving_B_2020.02.13_15.02.01.csv@312   reward=QoE=   84.60 eps=0.050 loss=2.6179
[ep 1825] longdress    driving_B_2020.02.13_13.03.24.csv@1876  reward=QoE= -474.99 eps=0.050 loss=2.5812
[ep 1826] loot         static_B_2020.02.27_18.39.27.csv@4336  reward=QoE=   62.26 eps=0.050 loss=3.1055
[ep 1827] redandblack  driving_B_2019.12.17_07.32.39.csv@1137  reward=QoE=   33.47 eps=0.050 loss=2.7934
[ep 1828] soldier      driving_B_2020.02.14_12.58.17.csv@592   reward=QoE=   15.48 eps=0.050 loss=2.8408
[ep 1829] longdress    driving_B_2020.02.14_12.58.17.csv@772   reward=QoE=  -58.00 eps=0.050 loss=2.4824
[ep 1830] loot         driving_B_2020.02.13_15.02.01.csv@2112  reward=QoE=   46.93 eps=0.050 loss=2.6477
[ep 1831] redandblack  driving_B_2020.01.16_12.10.03.csv@31    reward=QoE=   91.08 eps=0.050 loss=2.8484
[ep 1832] soldier      static_B_2020.02.27_18.39.27.csv@3856  reward=QoE=   28.84 eps=0.050 loss=2.4944
[ep 1833] longdress    driving_B_2020.01.16_09.56.56.csv@277   reward=QoE=   73.38 eps=0.050 loss=2.4772
[ep 1834] loot         driving_B_2020.01.16_09.56.56.csv@517   reward=QoE=   52.99 eps=0.050 loss=2.6958
[ep 1835] redandblack  driving_B_2019.12.16_12.27.05.csv@1152  reward=QoE=   56.73 eps=0.050 loss=2.5619
[ep 1836] soldier      driving_B_2019.12.17_07.32.39.csv@1857  reward=QoE=   -4.12 eps=0.050 loss=3.2376
[ep 1837] longdress    static_B_2020.02.27_18.39.27.csv@2836  reward=QoE=   85.84 eps=0.050 loss=3.1991
[ep 1838] loot         driving_B_2020.02.13_15.02.01.csv@672   reward=QoE=   55.42 eps=0.050 loss=2.6295
[ep 1839] redandblack  driving_B_2020.01.16_12.10.03.csv@244   reward=QoE=   90.71 eps=0.050 loss=2.6714
[ep 1840] soldier      driving_B_2020.02.14_09.38.22.csv@361   reward=QoE=    7.81 eps=0.050 loss=2.6058
[ep 1841] longdress    driving_B_2019.12.17_07.32.39.csv@837   reward=QoE=   33.61 eps=0.050 loss=2.4070
[ep 1842] loot         driving_B_2019.12.17_07.32.39.csv@417   reward=QoE=   56.98 eps=0.050 loss=2.6136
[ep 1843] redandblack  driving_B_2020.02.13_15.02.01.csv@2652  reward=QoE=   64.70 eps=0.050 loss=2.6347
[ep 1844] soldier      driving_B_2020.01.16_07.26.43.csv@71    reward=QoE=   34.28 eps=0.050 loss=2.6409
[ep 1845] longdress    driving_B_2019.12.16_12.27.05.csv@42    reward=QoE=   37.92 eps=0.050 loss=2.6569
[ep 1846] loot         static_B_2020.02.27_18.39.27.csv@2056  reward=QoE=   62.96 eps=0.050 loss=2.6911
[ep 1847] redandblack  driving_B_2020.02.13_13.03.24.csv@2056  reward=QoE=   29.57 eps=0.050 loss=2.6143
[ep 1848] soldier      driving_B_2020.02.13_13.03.24.csv@256   reward=QoE=   29.25 eps=0.050 loss=2.9119
[ep 1849] longdress    driving_B_2020.01.16_07.26.43.csv@1391  reward=QoE=   18.75 eps=0.050 loss=2.7492
[ep 1850] loot         driving_B_2020.02.13_15.02.01.csv@1992  reward=QoE=   44.39 eps=0.050 loss=2.7497
[ep 1851] redandblack  driving_B_2020.02.13_15.02.01.csv@972   reward=QoE=   57.31 eps=0.050 loss=2.7050
[ep 1852] soldier      static_B_2020.02.27_18.39.27.csv@2896  reward=QoE=   58.61 eps=0.050 loss=2.4056
[ep 1853] longdress    driving_B_2020.02.13_15.02.01.csv@2754  reward=QoE=   30.59 eps=0.050 loss=2.9596
[ep 1854] loot         driving_B_2020.01.16_09.56.56.csv@1477  reward=QoE=   74.87 eps=0.050 loss=2.3628
[ep 1855] redandblack  driving_B_2019.12.16_12.27.05.csv@282   reward=QoE=   28.95 eps=0.050 loss=2.7135
[ep 1856] soldier      static_B_2020.02.27_18.39.27.csv@16    reward=QoE=   51.78 eps=0.050 loss=2.8773
[ep 1857] longdress    driving_B_2020.02.13_13.03.24.csv@976   reward=QoE=    9.65 eps=0.050 loss=2.8145
[ep 1858] loot         static_B_2020.02.27_18.39.27.csv@5056  reward=QoE=   73.14 eps=0.050 loss=2.6450
[ep 1859] redandblack  driving_B_2020.02.14_09.38.22.csv@481   reward=QoE=   29.34 eps=0.050 loss=2.5910
[ep 1860] soldier      static_B_2020.02.27_18.39.27.csv@4276  reward=QoE=   73.79 eps=0.050 loss=2.7282
[ep 1861] longdress    driving_B_2020.02.13_15.02.01.csv@1212  reward=QoE=   55.15 eps=0.050 loss=2.5069
[ep 1862] loot         static_B_2020.02.27_18.39.27.csv@2416  reward=QoE=   66.42 eps=0.050 loss=2.7296
[ep 1863] redandblack  driving_B_2020.02.14_12.58.17.csv@112   reward=QoE=   20.83 eps=0.050 loss=2.6717
[ep 1864] soldier      static_B_2020.02.27_18.39.27.csv@556   reward=QoE= -260.38 eps=0.050 loss=2.5594
[ep 1865] longdress    static_B_2020.02.27_18.39.27.csv@2356  reward=QoE=    7.76 eps=0.050 loss=2.7949
[ep 1866] loot         driving_B_2020.02.13_15.02.01.csv@1572  reward=QoE=   -1.22 eps=0.050 loss=2.5105
[ep 1867] redandblack  static_B_2020.02.27_18.39.27.csv@3496  reward=QoE=   69.44 eps=0.050 loss=2.8943
[ep 1868] soldier      driving_B_2020.01.16_09.56.56.csv@1537  reward=QoE=   78.40 eps=0.050 loss=2.5477
[ep 1869] longdress    static_B_2020.02.27_18.39.27.csv@5296  reward=QoE=   87.29 eps=0.050 loss=2.8902
[ep 1870] loot         driving_B_2020.02.14_09.38.22.csv@1321  reward=QoE=   84.43 eps=0.050 loss=3.3258
[ep 1871] redandblack  static_B_2019.12.16_13.40.04.csv@767   reward=QoE=   77.21 eps=0.050 loss=2.4195
[ep 1872] soldier      driving_B_2020.02.14_12.58.17.csv@232   reward=QoE=  -35.55 eps=0.050 loss=2.8124
[ep 1873] longdress    driving_B_2020.02.13_15.02.01.csv@1092  reward=QoE=   53.58 eps=0.050 loss=2.7037
[ep 1874] loot         driving_B_2020.02.13_13.03.24.csv@1696  reward=QoE=   81.73 eps=0.050 loss=2.5591
[ep 1875] redandblack  static_B_2020.02.27_18.39.27.csv@3676  reward=QoE=   80.95 eps=0.050 loss=2.5935
[ep 1876] soldier      driving_B_2020.02.14_12.58.17.csv@532   reward=QoE=  -13.46 eps=0.050 loss=2.5637
[ep 1877] longdress    static_B_2020.02.27_18.39.27.csv@1336  reward=QoE=   87.32 eps=0.050 loss=3.0270
[ep 1878] loot         static_B_2020.02.27_18.39.27.csv@2656  reward=QoE=   55.12 eps=0.050 loss=2.7109
[ep 1879] redandblack  static_B_2020.02.27_18.39.27.csv@976   reward=QoE=   69.48 eps=0.050 loss=2.9295
[ep 1880] soldier      static_B_2020.02.27_18.39.27.csv@1996  reward=QoE=   60.11 eps=0.050 loss=2.4589
[ep 1881] longdress    driving_B_2020.02.13_15.02.01.csv@2232  reward=QoE=   72.02 eps=0.050 loss=3.1407
[ep 1882] loot         driving_B_2020.02.13_13.03.24.csv@136   reward=QoE=   36.31 eps=0.050 loss=2.7940
[ep 1883] redandblack  driving_B_2019.12.17_07.32.39.csv@2288  reward=QoE=   56.99 eps=0.050 loss=2.7290
[ep 1884] soldier      driving_B_2019.12.17_07.32.39.csv@1917  reward=QoE=   28.35 eps=0.050 loss=2.7250
[ep 1885] longdress    driving_B_2020.02.13_15.02.01.csv@1812  reward=QoE=   75.15 eps=0.050 loss=3.0315
[ep 1886] loot         driving_B_2020.02.14_09.38.22.csv@1     reward=QoE=   34.19 eps=0.050 loss=2.7922
[ep 1887] redandblack  static_B_2020.02.27_18.39.27.csv@4756  reward=QoE=   81.43 eps=0.050 loss=2.6807
[ep 1888] soldier      driving_B_2020.02.13_13.03.24.csv@436   reward=QoE=   10.20 eps=0.050 loss=2.8145
[ep 1889] longdress    static_B_2020.02.27_18.39.27.csv@676   reward=QoE=   86.31 eps=0.050 loss=2.5130
[ep 1890] loot         static_B_2019.12.16_13.40.04.csv@347   reward=QoE=   56.12 eps=0.050 loss=2.7151
[ep 1891] redandblack  driving_B_2019.12.17_07.32.39.csv@1197  reward=QoE=   58.94 eps=0.050 loss=2.6228
[ep 1892] soldier      driving_B_2019.12.16_12.27.05.csv@1062  reward=QoE=   41.82 eps=0.050 loss=2.8614
[ep 1893] longdress    driving_B_2020.02.13_15.02.01.csv@1152  reward=QoE=   42.83 eps=0.050 loss=2.7012
[ep 1894] loot         static_B_2020.02.27_18.39.27.csv@1456  reward=QoE=   64.10 eps=0.050 loss=2.9173
[ep 1895] redandblack  driving_B_2019.12.17_07.32.39.csv@2037  reward=QoE=   16.37 eps=0.050 loss=2.7517
[ep 1896] soldier      driving_B_2020.02.27_17.30.15.csv@362   reward=QoE=   17.47 eps=0.050 loss=2.7981
[ep 1897] longdress    driving_B_2019.12.16_12.27.05.csv@522   reward=QoE=  -40.76 eps=0.050 loss=2.3720
[ep 1898] loot         driving_B_2020.01.16_07.26.43.csv@731   reward=QoE=   49.10 eps=0.050 loss=2.5993
[ep 1899] redandblack  static_B_2020.02.27_18.39.27.csv@1756  reward=QoE=   53.46 eps=0.050 loss=2.6033
[ep 1900] soldier      driving_B_2020.02.13_15.02.01.csv@552   reward=QoE=   33.25 eps=0.050 loss=2.5237
[ep 1901] longdress    static_B_2019.12.16_13.40.04.csv@1787  reward=QoE=   50.39 eps=0.050 loss=2.6793
[ep 1902] loot         driving_B_2019.12.16_12.27.05.csv@402   reward=QoE=  -68.30 eps=0.050 loss=2.5074
[ep 1903] redandblack  driving_B_2020.02.13_15.02.01.csv@372   reward=QoE=   83.22 eps=0.050 loss=2.6194
[ep 1904] soldier      driving_B_2020.01.16_07.26.43.csv@971   reward=QoE=  -26.31 eps=0.050 loss=2.5964
[ep 1905] longdress    static_B_2020.02.27_18.39.27.csv@4516  reward=QoE=   48.20 eps=0.050 loss=2.6882
[ep 1906] loot         static_B_2020.02.27_18.39.27.csv@916   reward=QoE=   70.41 eps=0.050 loss=2.5943
[ep 1907] redandblack  static_B_2020.02.27_18.39.27.csv@4156  reward=QoE=   59.49 eps=0.050 loss=2.5963
[ep 1908] soldier      static_B_2020.02.27_18.39.27.csv@3556  reward=QoE=   40.99 eps=0.050 loss=2.3705
[ep 1909] longdress    driving_B_2020.01.16_07.26.43.csv@1631  reward=QoE=   40.92 eps=0.050 loss=2.7449
[ep 1910] loot         driving_B_2020.02.27_17.30.15.csv@720   reward=QoE=    5.03 eps=0.050 loss=2.5452
[ep 1911] redandblack  driving_B_2020.01.16_09.56.56.csv@97    reward=QoE=   47.31 eps=0.050 loss=2.9407
[ep 1912] soldier      static_B_2020.02.27_18.39.27.csv@196   reward=QoE=   76.42 eps=0.050 loss=2.7762
[ep 1913] longdress    static_B_2019.12.16_13.40.04.csv@1187  reward=QoE=   13.86 eps=0.050 loss=3.0263
[ep 1914] loot         driving_B_2020.02.13_13.03.24.csv@2116  reward=QoE=  -10.89 eps=0.050 loss=2.8155
[ep 1915] redandblack  driving_B_2020.02.14_12.58.17.csv@352   reward=QoE= -108.56 eps=0.050 loss=2.6853
[ep 1916] soldier      static_B_2020.02.14_13.21.26.csv@691   reward=QoE=   90.26 eps=0.050 loss=2.9038
[ep 1917] longdress    static_B_2020.02.27_18.39.27.csv@5116  reward=QoE=   88.95 eps=0.050 loss=2.3245
[ep 1918] loot         driving_B_2020.02.13_15.02.01.csv@612   reward=QoE=   44.67 eps=0.050 loss=2.7481
[ep 1919] redandblack  static_B_2019.12.16_13.40.04.csv@1427  reward=QoE=   67.23 eps=0.050 loss=2.2591
[ep 1920] soldier      static_B_2020.02.27_18.39.27.csv@3316  reward=QoE=   80.85 eps=0.050 loss=2.4746
[ep 1921] longdress    static_B_2020.02.14_13.21.26.csv@751   reward=QoE=   86.03 eps=0.050 loss=2.6998
[ep 1922] loot         static_B_2020.02.27_18.39.27.csv@3376  reward=QoE=   74.06 eps=0.050 loss=2.3840
[ep 1923] redandblack  static_B_2020.02.27_18.39.27.csv@856   reward=QoE=   68.29 eps=0.050 loss=2.8387
[ep 1924] soldier      driving_B_2020.01.16_09.56.56.csv@1057  reward=QoE=   29.44 eps=0.050 loss=2.6008
[ep 1925] longdress    driving_B_2019.12.17_07.32.39.csv@177   reward=QoE=   46.13 eps=0.050 loss=2.5671
[ep 1926] loot         driving_B_2020.01.16_09.56.56.csv@157   reward=QoE=   54.27 eps=0.050 loss=2.7279
[ep 1927] redandblack  static_B_2020.02.14_13.21.26.csv@391   reward=QoE=   84.14 eps=0.050 loss=2.9014
[ep 1928] soldier      static_B_2019.12.16_13.40.04.csv@1127  reward=QoE= -262.07 eps=0.050 loss=2.6515
[ep 1929] longdress    driving_B_2019.12.17_07.32.39.csv@1977  reward=QoE=   79.94 eps=0.050 loss=2.5088
[ep 1930] loot         static_B_2019.12.16_13.40.04.csv@647   reward=QoE=   70.42 eps=0.050 loss=2.6220
[ep 1931] redandblack  driving_B_2019.12.17_07.32.39.csv@2097  reward=QoE=   81.49 eps=0.050 loss=2.4466
[ep 1932] soldier      static_B_2020.02.14_13.21.26.csv@811   reward=QoE=   85.51 eps=0.050 loss=3.0475
[ep 1933] longdress    static_B_2020.02.27_18.39.27.csv@4576  reward=QoE=   56.21 eps=0.050 loss=2.6443
[ep 1934] loot         static_B_2020.02.27_18.39.27.csv@1936  reward=QoE=   66.37 eps=0.050 loss=2.7159
[ep 1935] redandblack  driving_B_2020.02.14_09.38.22.csv@841   reward=QoE=   45.01 eps=0.050 loss=2.3634
[ep 1936] soldier      driving_B_2020.01.16_07.26.43.csv@1691  reward=QoE=   10.23 eps=0.050 loss=2.5105
[ep 1937] longdress    driving_B_2020.01.16_09.56.56.csv@1570  reward=QoE=   32.10 eps=0.050 loss=2.6529
[ep 1938] loot         driving_B_2020.01.16_07.26.43.csv@491   reward=QoE=   33.13 eps=0.050 loss=2.8208
[ep 1939] redandblack  driving_B_2020.02.14_12.58.17.csv@472   reward=QoE=  -32.69 eps=0.050 loss=2.6615
[ep 1940] soldier      driving_B_2020.01.16_12.10.03.csv@91    reward=QoE=   89.50 eps=0.050 loss=2.6186
[ep 1941] longdress    driving_B_2020.01.16_07.26.43.csv@1091  reward=QoE=   55.16 eps=0.050 loss=2.6109
[ep 1942] loot         driving_B_2019.12.17_07.32.39.csv@1077  reward=QoE=   53.79 eps=0.050 loss=3.0454
[ep 1943] redandblack  driving_B_2020.02.27_17.30.15.csv@302   reward=QoE= -142.99 eps=0.050 loss=2.6977
[ep 1944] soldier      driving_B_2020.02.13_15.02.01.csv@1932  reward=QoE=   37.50 eps=0.050 loss=2.6312
[ep 1945] longdress    driving_B_2020.02.14_09.38.22.csv@1381  reward=QoE=   40.64 eps=0.050 loss=2.7075
[ep 1946] loot         driving_B_2019.12.17_07.32.39.csv@1017  reward=QoE=   38.02 eps=0.050 loss=2.5094
[ep 1947] redandblack  driving_B_2020.01.16_09.56.56.csv@337   reward=QoE=   56.38 eps=0.050 loss=2.4814
[ep 1948] soldier      static_B_2020.02.27_18.39.27.csv@3076  reward=QoE=   50.75 eps=0.050 loss=2.8080
[ep 1949] longdress    driving_B_2020.02.13_15.02.01.csv@2292  reward=QoE=  -42.96 eps=0.050 loss=3.0709
[ep 1950] loot         driving_B_2020.02.14_09.38.22.csv@1081  reward=QoE=   37.63 eps=0.050 loss=2.7736
[ep 1951] redandblack  driving_B_2020.02.13_15.02.01.csv@492   reward=QoE=   31.98 eps=0.050 loss=2.8089
[ep 1952] soldier      driving_B_2020.02.13_15.02.01.csv@2412  reward=QoE=   -3.63 eps=0.050 loss=3.0226
[ep 1953] longdress    driving_B_2019.12.17_07.32.39.csv@1737  reward=QoE=   -7.85 eps=0.050 loss=2.6934
[ep 1954] loot         static_B_2020.02.27_18.39.27.csv@4936  reward=QoE=   90.00 eps=0.050 loss=2.6950
[ep 1955] redandblack  driving_B_2020.02.13_15.02.01.csv@2592  reward=QoE=   61.92 eps=0.050 loss=2.5042
[ep 1956] soldier      static_B_2020.02.27_18.39.27.csv@2596  reward=QoE=   75.73 eps=0.050 loss=2.5755
[ep 1957] longdress    driving_B_2020.02.13_13.03.24.csv@736   reward=QoE=   20.45 eps=0.050 loss=2.5987
[ep 1958] loot         driving_B_2020.01.16_09.56.56.csv@1237  reward=QoE=   48.31 eps=0.050 loss=2.3706
[ep 1959] redandblack  driving_B_2019.12.16_12.27.05.csv@882   reward=QoE=   51.68 eps=0.050 loss=2.3415
[ep 1960] soldier      driving_B_2020.02.13_13.03.24.csv@1276  reward=QoE=    0.09 eps=0.050 loss=2.6728
[ep 1961] longdress    driving_B_2020.01.16_07.26.43.csv@1571  reward=QoE=  -26.72 eps=0.050 loss=2.5125
[ep 1962] loot         static_B_2020.02.27_18.39.27.csv@436   reward=QoE=   82.43 eps=0.050 loss=2.6899
[ep 1963] redandblack  driving_B_2020.02.27_17.30.15.csv@602   reward=QoE=   11.58 eps=0.050 loss=2.4068
[ep 1964] soldier      driving_B_2020.02.13_13.03.24.csv@1336  reward=QoE=   27.96 eps=0.050 loss=2.6059
[ep 1965] longdress    driving_B_2020.01.16_07.26.43.csv@251   reward=QoE=   39.82 eps=0.050 loss=2.7597
[ep 1966] loot         driving_B_2019.12.16_12.27.05.csv@942   reward=QoE=   54.21 eps=0.050 loss=2.8616
[ep 1967] redandblack  static_B_2020.02.27_18.39.27.csv@2716  reward=QoE=   70.70 eps=0.050 loss=2.3920
[ep 1968] soldier      driving_B_2019.12.16_12.27.05.csv@642   reward=QoE=   17.78 eps=0.050 loss=2.4712
[ep 1969] longdress    driving_B_2020.02.13_15.02.01.csv@132   reward=QoE=   62.41 eps=0.050 loss=2.9598
[ep 1970] loot         driving_B_2020.02.13_15.02.01.csv@732   reward=QoE=   31.11 eps=0.050 loss=3.0601
[ep 1971] redandblack  static_B_2020.02.27_18.39.27.csv@1516  reward=QoE=   79.88 eps=0.050 loss=2.6151
[ep 1972] soldier      driving_B_2019.12.16_12.27.05.csv@582   reward=QoE=   28.10 eps=0.050 loss=2.6877
[ep 1973] longdress    static_B_2019.12.16_13.40.04.csv@1547  reward=QoE=   61.59 eps=0.050 loss=2.7664
[ep 1974] loot         driving_B_2019.12.16_12.27.05.csv@462   reward=QoE=   34.93 eps=0.050 loss=2.7055
[ep 1975] redandblack  driving_B_2020.02.13_13.03.24.csv@1936  reward=QoE= -110.93 eps=0.050 loss=2.5230
[ep 1976] soldier      driving_B_2020.01.16_07.26.43.csv@1331  reward=QoE=   28.06 eps=0.050 loss=2.4056
[ep 1977] longdress    static_B_2020.02.27_18.39.27.csv@2296  reward=QoE=   63.62 eps=0.050 loss=2.5462
[ep 1978] loot         driving_B_2019.12.17_07.32.39.csv@1617  reward=QoE=   13.37 eps=0.050 loss=2.5226
[ep 1979] redandblack  static_B_2020.02.27_18.39.27.csv@1156  reward=QoE=   49.42 eps=0.050 loss=2.6975
[ep 1980] soldier      static_B_2020.02.27_18.39.27.csv@796   reward=QoE=   80.40 eps=0.050 loss=2.7532
[ep 1981] longdress    driving_B_2020.02.14_12.58.17.csv@800   reward=QoE=    8.99 eps=0.050 loss=2.7389
[ep 1982] loot         driving_B_2020.02.13_13.03.24.csv@316   reward=QoE=   51.45 eps=0.050 loss=2.6331
[ep 1983] redandblack  static_B_2020.02.27_18.39.27.csv@5596  reward=QoE=   82.73 eps=0.050 loss=2.3115
[ep 1984] soldier      static_B_2019.12.16_13.40.04.csv@1067  reward=QoE=   58.42 eps=0.050 loss=2.6481
[ep 1985] longdress    driving_B_2020.02.27_17.30.15.csv@182   reward=QoE=   29.64 eps=0.050 loss=2.4652
[ep 1986] loot         driving_B_2020.01.16_09.56.56.csv@937   reward=QoE=   42.31 eps=0.050 loss=2.6597
[ep 1987] redandblack  driving_B_2019.12.17_07.32.39.csv@1317  reward=QoE=   84.59 eps=0.050 loss=2.6212
[ep 1988] soldier      driving_B_2020.02.13_15.02.01.csv@912   reward=QoE=   75.66 eps=0.050 loss=2.4382
[ep 1989] longdress    static_B_2020.02.27_18.39.27.csv@3436  reward=QoE=   68.77 eps=0.050 loss=2.6943
[ep 1990] loot         driving_B_2019.12.17_07.32.39.csv@1377  reward=QoE=   69.89 eps=0.050 loss=2.5152
[ep 1991] redandblack  driving_B_2020.02.14_12.58.17.csv@712   reward=QoE=   20.12 eps=0.050 loss=2.6762
[ep 1992] soldier      driving_B_2020.02.13_13.03.24.csv@1576  reward=QoE=    8.01 eps=0.050 loss=2.3970
[ep 1993] longdress    static_B_2020.02.27_18.39.27.csv@376   reward=QoE=   79.39 eps=0.050 loss=2.7390
[ep 1994] loot         static_B_2020.02.27_18.39.27.csv@616   reward=QoE=   79.44 eps=0.050 loss=2.5853
[ep 1995] redandblack  driving_B_2020.02.13_13.03.24.csv@916   reward=QoE=   17.85 eps=0.050 loss=2.3198
[ep 1996] soldier      driving_B_2020.02.27_17.30.15.csv@2     reward=QoE=  -13.52 eps=0.050 loss=2.4376
[ep 1997] longdress    driving_B_2020.02.13_13.03.24.csv@1456  reward=QoE=   34.96 eps=0.050 loss=2.3916
[ep 1998] loot         static_B_2019.12.16_13.40.04.csv@1904  reward=QoE=  -36.00 eps=0.050 loss=2.4960
[ep 1999] redandblack  driving_B_2020.01.16_07.26.43.csv@1451  reward=QoE=   29.89 eps=0.050 loss=2.7428
[ep 2000] soldier      driving_B_2020.01.16_07.26.43.csv@1151  reward=QoE=   30.53 eps=0.050 loss=2.5086
    [eval @ ep 2000] reward=QoE=-1560.89 mean_q=0.560 stall=364.5s
[ep 2001] longdress    driving_B_2019.12.16_12.27.05.csv@1002  reward=QoE=   81.79 eps=0.050 loss=2.6111
[ep 2002] loot         static_B_2019.12.16_13.40.04.csv@227   reward=QoE=   58.91 eps=0.050 loss=2.5794
[ep 2003] redandblack  driving_B_2020.02.13_13.03.24.csv@1036  reward=QoE=    8.71 eps=0.050 loss=3.1734
[ep 2004] soldier      static_B_2019.12.16_13.40.04.csv@287   reward=QoE=   64.38 eps=0.050 loss=2.7029
[ep 2005] longdress    static_B_2020.02.27_18.39.27.csv@5476  reward=QoE=   89.23 eps=0.050 loss=2.8872
[ep 2006] loot         static_B_2020.02.27_18.39.27.csv@2116  reward=QoE=   70.25 eps=0.050 loss=3.0606
[ep 2007] redandblack  driving_B_2020.02.14_09.38.22.csv@1441  reward=QoE=   27.64 eps=0.050 loss=2.9598
[ep 2008] soldier      driving_B_2020.02.13_15.02.01.csv@2472  reward=QoE=  -98.81 eps=0.050 loss=2.6694
[ep 2009] longdress    driving_B_2019.12.17_07.32.39.csv@297   reward=QoE=   49.46 eps=0.050 loss=3.0582
[ep 2010] loot         driving_B_2020.02.13_15.02.01.csv@2532  reward=QoE=   12.46 eps=0.050 loss=2.7888
[ep 2011] redandblack  driving_B_2019.12.17_07.32.39.csv@357   reward=QoE=   68.34 eps=0.050 loss=2.9346
[ep 2012] soldier      driving_B_2020.01.16_09.56.56.csv@397   reward=QoE=   32.33 eps=0.050 loss=2.6927
[ep 2013] longdress    static_B_2020.02.27_18.39.27.csv@1636  reward=QoE=   46.99 eps=0.050 loss=2.9804
[ep 2014] loot         driving_B_2019.12.16_12.27.05.csv@1152  reward=QoE=   57.61 eps=0.050 loss=2.6153
[ep 2015] redandblack  driving_B_2020.01.16_09.56.56.csv@697   reward=QoE=   48.30 eps=0.050 loss=3.1989
[ep 2016] soldier      static_B_2020.02.14_13.21.26.csv@451   reward=QoE=   80.80 eps=0.050 loss=2.6900
[ep 2017] longdress    driving_B_2019.12.17_07.32.39.csv@2288  reward=QoE=   50.87 eps=0.050 loss=2.9969
[ep 2018] loot         static_B_2020.02.27_18.39.27.csv@1216  reward=QoE=   53.41 eps=0.050 loss=2.5592
[ep 2019] redandblack  driving_B_2020.01.16_07.26.43.csv@131   reward=QoE=   39.87 eps=0.050 loss=2.7768
[ep 2020] soldier      driving_B_2020.02.13_13.03.24.csv@1636  reward=QoE=  -47.69 eps=0.050 loss=3.3786
[ep 2021] longdress    static_B_2019.12.16_13.40.04.csv@827   reward=QoE=   69.84 eps=0.050 loss=2.6531
[ep 2022] loot         driving_B_2020.02.13_15.02.01.csv@1692  reward=QoE=   30.74 eps=0.050 loss=3.0650
[ep 2023] redandblack  driving_B_2019.12.17_07.32.39.csv@1437  reward=QoE=   29.02 eps=0.050 loss=2.8451
[ep 2024] soldier      driving_B_2019.12.17_07.32.39.csv@2157  reward=QoE=   24.25 eps=0.050 loss=2.7830
[ep 2025] longdress    static_B_2020.02.27_18.39.27.csv@4096  reward=QoE=   86.20 eps=0.050 loss=2.9128
[ep 2026] loot         driving_B_2019.12.17_07.32.39.csv@1557  reward=QoE=   57.97 eps=0.050 loss=3.2107
[ep 2027] redandblack  driving_B_2020.01.16_07.26.43.csv@1751  reward=QoE=   43.94 eps=0.050 loss=2.9573
[ep 2028] soldier      driving_B_2020.02.14_09.38.22.csv@781   reward=QoE=   25.18 eps=0.050 loss=2.8179
[ep 2029] longdress    driving_B_2020.02.13_13.03.24.csv@1816  reward=QoE= -333.14 eps=0.050 loss=2.6365
[ep 2030] loot         driving_B_2020.02.13_13.03.24.csv@1216  reward=QoE=   11.37 eps=0.050 loss=2.9207
[ep 2031] redandblack  driving_B_2020.02.14_12.58.17.csv@292   reward=QoE= -174.47 eps=0.050 loss=2.5921
[ep 2032] soldier      static_B_2020.02.14_13.21.26.csv@91    reward=QoE=   83.19 eps=0.050 loss=3.1666
[ep 2033] longdress    driving_B_2020.01.16_09.56.56.csv@37    reward=QoE=   33.05 eps=0.050 loss=2.7602
[ep 2034] loot         driving_B_2020.01.16_09.56.56.csv@1570  reward=QoE=   55.17 eps=0.050 loss=2.7789
[ep 2035] redandblack  driving_B_2020.02.13_15.02.01.csv@192   reward=QoE=   77.76 eps=0.050 loss=3.1557
[ep 2036] soldier      static_B_2020.02.27_18.39.27.csv@5656  reward=QoE=   82.41 eps=0.050 loss=2.6625
[ep 2037] longdress    static_B_2019.12.16_13.40.04.csv@1367  reward=QoE=  -73.21 eps=0.050 loss=2.7830
[ep 2038] loot         driving_B_2019.12.17_07.32.39.csv@537   reward=QoE=   13.55 eps=0.050 loss=2.8540
[ep 2039] redandblack  driving_B_2020.02.14_09.38.22.csv@1261  reward=QoE=   63.34 eps=0.050 loss=2.5824
[ep 2040] soldier      driving_B_2020.02.14_09.38.22.csv@1021  reward=QoE=   22.85 eps=0.050 loss=2.8706
[ep 2041] longdress    driving_B_2020.02.13_13.03.24.csv@676   reward=QoE=   28.86 eps=0.050 loss=2.8200
[ep 2042] loot         static_B_2020.02.27_18.39.27.csv@2956  reward=QoE=   89.17 eps=0.050 loss=3.0777
[ep 2043] redandblack  static_B_2020.02.27_18.39.27.csv@3256  reward=QoE=   84.99 eps=0.050 loss=2.7326
[ep 2044] soldier      driving_B_2020.02.27_17.30.15.csv@242   reward=QoE= -330.68 eps=0.050 loss=2.7374
[ep 2045] longdress    static_B_2020.02.27_18.39.27.csv@1096  reward=QoE=   36.51 eps=0.050 loss=3.0099
[ep 2046] loot         driving_B_2020.02.14_09.38.22.csv@241   reward=QoE=    9.87 eps=0.050 loss=2.7935
[ep 2047] redandblack  driving_B_2019.12.17_07.32.39.csv@957   reward=QoE=   15.83 eps=0.050 loss=2.6778
[ep 2048] soldier      static_B_2020.02.27_18.39.27.csv@1876  reward=QoE=   57.39 eps=0.050 loss=2.8496
[ep 2049] longdress    static_B_2020.02.14_13.21.26.csv@850   reward=QoE=   55.76 eps=0.050 loss=2.4846
[ep 2050] loot         static_B_2020.02.27_18.39.27.csv@1816  reward=QoE= -193.60 eps=0.050 loss=3.1578
[ep 2051] redandblack  static_B_2019.12.16_13.40.04.csv@167   reward=QoE=   85.56 eps=0.050 loss=2.7753
[ep 2052] soldier      driving_B_2020.02.14_09.38.22.csv@301   reward=QoE=   25.35 eps=0.050 loss=2.8709
[ep 2053] longdress    driving_B_2019.12.17_07.32.39.csv@897   reward=QoE=   21.14 eps=0.050 loss=2.7825
[ep 2054] loot         static_B_2020.02.27_18.39.27.csv@3016  reward=QoE=   62.16 eps=0.050 loss=2.5669
[ep 2055] redandblack  driving_B_2020.02.14_09.38.22.csv@61    reward=QoE=   33.25 eps=0.050 loss=2.8724
[ep 2056] soldier      driving_B_2020.01.16_12.10.03.csv@244   reward=QoE=   88.06 eps=0.050 loss=2.8528
[ep 2057] longdress    static_B_2019.12.16_13.40.04.csv@407   reward=QoE=   73.40 eps=0.050 loss=2.8914
[ep 2058] loot         static_B_2019.12.16_13.40.04.csv@1487  reward=QoE=   78.37 eps=0.050 loss=3.0241
[ep 2059] redandblack  static_B_2020.02.27_18.39.27.csv@1696  reward=QoE=   62.56 eps=0.050 loss=2.9250
[ep 2060] soldier      static_B_2019.12.16_13.40.04.csv@467   reward=QoE= -277.83 eps=0.050 loss=2.8650
[ep 2061] longdress    driving_B_2020.01.16_07.26.43.csv@1031  reward=QoE=   40.48 eps=0.050 loss=2.8368
[ep 2062] loot         static_B_2020.02.27_18.39.27.csv@4996  reward=QoE=   85.00 eps=0.050 loss=2.9465
[ep 2063] redandblack  driving_B_2019.12.17_07.32.39.csv@657   reward=QoE=   15.40 eps=0.050 loss=2.8425
[ep 2064] soldier      driving_B_2020.02.14_09.38.22.csv@721   reward=QoE=   79.11 eps=0.050 loss=2.8078
[ep 2065] longdress    driving_B_2020.02.13_15.02.01.csv@1332  reward=QoE=  -22.56 eps=0.050 loss=2.7907
[ep 2066] loot         static_B_2020.02.14_13.21.26.csv@631   reward=QoE=   79.01 eps=0.050 loss=2.8156
[ep 2067] redandblack  static_B_2020.02.27_18.39.27.csv@76    reward=QoE=   84.72 eps=0.050 loss=3.0488
[ep 2068] soldier      driving_B_2020.02.13_15.02.01.csv@2754  reward=QoE=    0.03 eps=0.050 loss=2.9970
[ep 2069] longdress    driving_B_2020.02.14_12.58.17.csv@52    reward=QoE=  -48.26 eps=0.050 loss=2.6549
[ep 2070] loot         driving_B_2020.02.13_13.03.24.csv@2188  reward=QoE= -178.48 eps=0.050 loss=2.6386
[ep 2071] redandblack  static_B_2019.12.16_13.40.04.csv@1904  reward=QoE=  -32.81 eps=0.050 loss=2.6395
[ep 2072] soldier      static_B_2020.02.27_18.39.27.csv@3736  reward=QoE=   82.50 eps=0.050 loss=2.5851
[ep 2073] longdress    driving_B_2019.12.17_07.32.39.csv@237   reward=QoE=   23.28 eps=0.050 loss=2.6965
[ep 2074] loot         driving_B_2020.01.16_07.26.43.csv@551   reward=QoE=   41.31 eps=0.050 loss=3.2981
[ep 2075] redandblack  driving_B_2020.02.14_09.38.22.csv@421   reward=QoE=   20.09 eps=0.050 loss=2.7212
[ep 2076] soldier      driving_B_2020.02.13_13.03.24.csv@1156  reward=QoE=    8.11 eps=0.050 loss=2.5976
[ep 2077] longdress    driving_B_2020.02.13_15.02.01.csv@2712  reward=QoE=   21.81 eps=0.050 loss=3.0239
[ep 2078] loot         driving_B_2020.02.13_15.02.01.csv@252   reward=QoE=   60.20 eps=0.050 loss=2.6819
[ep 2079] redandblack  driving_B_2020.01.16_09.56.56.csv@877   reward=QoE=   31.08 eps=0.050 loss=2.6500
[ep 2080] soldier      static_B_2020.02.27_18.39.27.csv@256   reward=QoE=   65.18 eps=0.050 loss=2.7797
[ep 2081] longdress    static_B_2020.02.27_18.39.27.csv@5416  reward=QoE=   67.12 eps=0.050 loss=2.8776
[ep 2082] loot         driving_B_2019.12.17_07.32.39.csv@2217  reward=QoE=   19.15 eps=0.050 loss=2.8764
[ep 2083] redandblack  static_B_2020.02.27_18.39.27.csv@4396  reward=QoE=   84.30 eps=0.050 loss=3.0058
[ep 2084] soldier      static_B_2020.02.27_18.39.27.csv@5742  reward=QoE=   70.45 eps=0.050 loss=3.0907
[ep 2085] longdress    driving_B_2020.01.16_07.26.43.csv@311   reward=QoE=   40.35 eps=0.050 loss=3.3831
[ep 2086] loot         driving_B_2020.02.27_17.30.15.csv@666   reward=QoE=   18.50 eps=0.050 loss=3.0405
[ep 2087] redandblack  static_B_2020.02.27_18.39.27.csv@49    reward=QoE=   79.46 eps=0.050 loss=2.5383
[ep 2088] soldier      driving_B_2020.02.14_09.38.22.csv@1398  reward=QoE=   10.11 eps=0.050 loss=2.5770
[ep 2089] longdress    driving_B_2020.02.13_15.02.01.csv@190   reward=QoE=   89.97 eps=0.050 loss=2.5423
[ep 2090] loot         driving_B_2020.02.14_09.38.22.csv@1478  reward=QoE=   46.13 eps=0.050 loss=2.9570
[ep 2091] redandblack  driving_B_2020.02.13_15.02.01.csv@10    reward=QoE=   70.41 eps=0.050 loss=2.7976
[ep 2092] soldier      static_B_2020.02.27_18.39.27.csv@3709  reward=QoE=   74.62 eps=0.050 loss=2.6787
[ep 2093] longdress    driving_B_2020.02.13_15.02.01.csv@1330  reward=QoE=  -25.41 eps=0.050 loss=3.0243
[ep 2094] loot         static_B_2020.02.27_18.39.27.csv@3589  reward=QoE=   67.08 eps=0.050 loss=2.7074
[ep 2095] redandblack  driving_B_2019.12.16_12.27.05.csv@1152  reward=QoE=   57.65 eps=0.050 loss=2.9150
[ep 2096] soldier      driving_B_2019.12.17_07.32.39.csv@1183  reward=QoE=   24.93 eps=0.050 loss=2.8437
[ep 2097] longdress    driving_B_2020.02.14_12.58.17.csv@283   reward=QoE= -247.11 eps=0.050 loss=2.8944
[ep 2098] loot         driving_B_2019.12.17_07.32.39.csv@523   reward=QoE=  -12.53 eps=0.050 loss=2.7566
[ep 2099] redandblack  static_B_2020.02.27_18.39.27.csv@5269  reward=QoE=   90.41 eps=0.050 loss=2.8628
[ep 2100] soldier      driving_B_2020.01.16_09.56.56.csv@472   reward=QoE=   51.12 eps=0.050 loss=2.7904
[ep 2101] longdress    driving_B_2020.01.16_07.26.43.csv@1431  reward=QoE=   -7.33 eps=0.050 loss=2.7899
[ep 2102] loot         static_B_2020.02.27_18.39.27.csv@2629  reward=QoE=   67.04 eps=0.050 loss=2.6862
[ep 2103] redandblack  static_B_2020.02.27_18.39.27.csv@5742  reward=QoE=   70.60 eps=0.050 loss=2.5451
[ep 2104] soldier      static_B_2020.02.27_18.39.27.csv@2749  reward=QoE=   89.03 eps=0.050 loss=2.5901
[ep 2105] longdress    static_B_2019.12.16_13.40.04.csv@19    reward=QoE=   80.17 eps=0.050 loss=2.7588
[ep 2106] loot         driving_B_2019.12.16_12.27.05.csv@329   reward=QoE=   15.31 eps=0.050 loss=2.9338
[ep 2107] redandblack  driving_B_2019.12.17_07.32.39.csv@1423  reward=QoE=   56.65 eps=0.050 loss=2.5343
[ep 2108] soldier      static_B_2020.02.14_13.21.26.csv@403   reward=QoE=   79.63 eps=0.050 loss=2.6558
[ep 2109] longdress    driving_B_2020.02.14_09.38.22.csv@258   reward=QoE= -101.22 eps=0.050 loss=2.8647
[ep 2110] loot         static_B_2020.02.27_18.39.27.csv@4909  reward=QoE=   27.08 eps=0.050 loss=2.8861
[ep 2111] redandblack  driving_B_2019.12.17_07.32.39.csv@463   reward=QoE=   20.45 eps=0.050 loss=2.8018
[ep 2112] soldier      static_B_2020.02.27_18.39.27.csv@169   reward=QoE=   74.38 eps=0.050 loss=2.7884
[ep 2113] longdress    driving_B_2020.01.16_07.26.43.csv@1770  reward=QoE=   33.81 eps=0.050 loss=2.9813
[ep 2114] loot         static_B_2020.02.27_18.39.27.csv@1009  reward=QoE=   81.44 eps=0.050 loss=3.0084
[ep 2115] redandblack  static_B_2020.02.27_18.39.27.csv@2269  reward=QoE=   78.27 eps=0.050 loss=2.8074
[ep 2116] soldier      driving_B_2019.12.17_07.32.39.csv@763   reward=QoE=   27.44 eps=0.050 loss=2.6877
[ep 2117] longdress    driving_B_2020.01.16_09.56.56.csv@1552  reward=QoE=   76.56 eps=0.050 loss=3.0246
[ep 2118] loot         static_B_2020.02.27_18.39.27.csv@5389  reward=QoE=   77.37 eps=0.050 loss=2.7292
[ep 2119] redandblack  driving_B_2020.01.16_07.26.43.csv@1191  reward=QoE=   15.61 eps=0.050 loss=3.0532
[ep 2120] soldier      driving_B_2020.01.16_09.56.56.csv@652   reward=QoE=   44.95 eps=0.050 loss=2.7652
[ep 2121] longdress    driving_B_2020.02.14_09.38.22.csv@1278  reward=QoE=   52.88 eps=0.050 loss=3.0465
[ep 2122] loot         driving_B_2020.01.16_09.56.56.csv@832   reward=QoE=   19.80 eps=0.050 loss=2.7647
[ep 2123] redandblack  driving_B_2020.02.13_15.02.01.csv@670   reward=QoE=   57.78 eps=0.050 loss=2.9543
[ep 2124] soldier      static_B_2020.02.27_18.39.27.csv@5329  reward=QoE=   74.01 eps=0.050 loss=3.1317
[ep 2125] longdress    static_B_2020.02.27_18.39.27.csv@3169  reward=QoE=  -13.44 eps=0.050 loss=2.7534
[ep 2126] loot         static_B_2019.12.16_13.40.04.csv@1639  reward=QoE=   79.50 eps=0.050 loss=2.9830
[ep 2127] redandblack  driving_B_2020.02.13_13.03.24.csv@2172  reward=QoE= -200.03 eps=0.050 loss=2.9794
[ep 2128] soldier      driving_B_2020.01.16_07.26.43.csv@1071  reward=QoE=   38.27 eps=0.050 loss=2.7729
[ep 2129] longdress    static_B_2020.02.27_18.39.27.csv@829   reward=QoE=   72.53 eps=0.050 loss=2.7167
[ep 2130] loot         static_B_2020.02.27_18.39.27.csv@4969  reward=QoE=   74.37 eps=0.050 loss=2.4781
[ep 2131] redandblack  driving_B_2020.02.14_09.38.22.csv@318   reward=QoE=    4.86 eps=0.050 loss=2.5448
[ep 2132] soldier      driving_B_2020.02.27_17.30.15.csv@720   reward=QoE=    5.16 eps=0.050 loss=2.9432
[ep 2133] longdress    driving_B_2020.02.14_09.38.22.csv@378   reward=QoE=    6.88 eps=0.050 loss=2.7389
[ep 2134] loot         driving_B_2020.01.16_07.26.43.csv@1611  reward=QoE=  -16.60 eps=0.050 loss=2.7019
[ep 2135] redandblack  driving_B_2020.02.27_17.30.15.csv@366   reward=QoE=   18.23 eps=0.050 loss=2.5859
[ep 2136] soldier      driving_B_2020.01.16_07.26.43.csv@711   reward=QoE=   38.19 eps=0.050 loss=2.9913
[ep 2137] longdress    driving_B_2019.12.17_07.32.39.csv@2203  reward=QoE=   44.21 eps=0.050 loss=3.0887
[ep 2138] loot         driving_B_2020.01.16_07.26.43.csv@651   reward=QoE=   28.96 eps=0.050 loss=2.9883
[ep 2139] redandblack  driving_B_2020.01.16_09.56.56.csv@292   reward=QoE=   73.29 eps=0.050 loss=2.8642
[ep 2140] soldier      driving_B_2019.12.16_12.27.05.csv@869   reward=QoE=   89.07 eps=0.050 loss=3.0799
[ep 2141] longdress    driving_B_2020.02.13_13.03.24.csv@192   reward=QoE=   34.08 eps=0.050 loss=2.9214
[ep 2142] loot         static_B_2020.02.27_18.39.27.csv@2209  reward=QoE=   85.15 eps=0.050 loss=2.8778
[ep 2143] redandblack  driving_B_2019.12.17_07.32.39.csv@163   reward=QoE=   56.34 eps=0.050 loss=2.8426
[ep 2144] soldier      static_B_2019.12.16_13.40.04.csv@1819  reward=QoE=   64.19 eps=0.050 loss=2.7883
[ep 2145] longdress    driving_B_2020.02.14_09.38.22.csv@918   reward=QoE=   64.87 eps=0.050 loss=2.9976
[ep 2146] loot         driving_B_2019.12.16_12.27.05.csv@89    reward=QoE=   40.37 eps=0.050 loss=2.6343
[ep 2147] redandblack  static_B_2019.12.16_13.40.04.csv@379   reward=QoE=   68.52 eps=0.050 loss=2.5773
[ep 2148] soldier      driving_B_2020.02.13_15.02.01.csv@1030  reward=QoE=   79.21 eps=0.050 loss=2.7579
[ep 2149] longdress    driving_B_2020.01.16_07.26.43.csv@1770  reward=QoE=    5.20 eps=0.050 loss=3.2087
[ep 2150] loot         driving_B_2020.01.16_12.10.03.csv@9     reward=QoE=   77.88 eps=0.050 loss=2.8744
[ep 2151] redandblack  static_B_2020.02.27_18.39.27.csv@5689  reward=QoE=   67.29 eps=0.050 loss=2.8520
[ep 2152] soldier      static_B_2020.02.27_18.39.27.csv@5449  reward=QoE=   54.65 eps=0.050 loss=2.7795
[ep 2153] longdress    static_B_2019.12.16_13.40.04.csv@739   reward=QoE=   90.17 eps=0.050 loss=2.8198
[ep 2154] loot         driving_B_2020.01.16_09.56.56.csv@892   reward=QoE=   32.40 eps=0.050 loss=2.7031
[ep 2155] redandblack  driving_B_2020.01.16_07.26.43.csv@111   reward=QoE=   36.40 eps=0.050 loss=2.6376
[ep 2156] soldier      static_B_2020.02.27_18.39.27.csv@3049  reward=QoE=   48.11 eps=0.050 loss=2.9854
[ep 2157] longdress    driving_B_2020.02.13_15.02.01.csv@1390  reward=QoE=    0.16 eps=0.050 loss=2.6951
[ep 2158] loot         driving_B_2020.02.13_15.02.01.csv@2650  reward=QoE=   80.38 eps=0.050 loss=3.0163
[ep 2159] redandblack  driving_B_2020.02.13_13.03.24.csv@1992  reward=QoE=  -42.28 eps=0.050 loss=2.6343
[ep 2160] soldier      static_B_2019.12.16_13.40.04.csv@919   reward=QoE=   29.33 eps=0.050 loss=2.5172
[ep 2161] longdress    static_B_2020.02.27_18.39.27.csv@469   reward=QoE=   68.20 eps=0.050 loss=3.0196
[ep 2162] loot         static_B_2019.12.16_13.40.04.csv@1904  reward=QoE=  -39.55 eps=0.050 loss=2.9060
[ep 2163] redandblack  static_B_2020.02.27_18.39.27.csv@2509  reward=QoE=   81.27 eps=0.050 loss=2.9661
[ep 2164] soldier      static_B_2020.02.14_13.21.26.csv@163   reward=QoE=   75.30 eps=0.050 loss=2.6976
[ep 2165] longdress    driving_B_2020.02.14_09.38.22.csv@1098  reward=QoE=    3.82 eps=0.050 loss=2.7106
[ep 2166] loot         driving_B_2020.02.14_12.58.17.csv@583   reward=QoE=   26.96 eps=0.050 loss=2.8592
[ep 2167] redandblack  driving_B_2019.12.17_07.32.39.csv@1303  reward=QoE=   62.07 eps=0.050 loss=2.9356
[ep 2168] soldier      driving_B_2019.12.17_07.32.39.csv@1603  reward=QoE=   37.21 eps=0.050 loss=2.8102
[ep 2169] longdress    driving_B_2020.01.16_07.26.43.csv@1131  reward=QoE=   42.38 eps=0.050 loss=2.6131
[ep 2170] loot         driving_B_2019.12.17_07.32.39.csv@1843  reward=QoE=   15.61 eps=0.050 loss=2.5025
[ep 2171] redandblack  static_B_2019.12.16_13.40.04.csv@1279  reward=QoE=   48.25 eps=0.050 loss=2.7302
[ep 2172] soldier      driving_B_2020.02.14_09.38.22.csv@1158  reward=QoE=   28.92 eps=0.050 loss=2.4001
[ep 2173] longdress    static_B_2020.02.27_18.39.27.csv@4549  reward=QoE=   54.26 eps=0.050 loss=2.7725
[ep 2174] loot         static_B_2020.02.27_18.39.27.csv@709   reward=QoE=   56.41 eps=0.050 loss=3.0900
[ep 2175] redandblack  driving_B_2020.02.13_15.02.01.csv@970   reward=QoE=   45.80 eps=0.050 loss=3.2129
[ep 2176] soldier      driving_B_2020.02.13_15.02.01.csv@370   reward=QoE=   80.84 eps=0.050 loss=2.7463
[ep 2177] longdress    driving_B_2020.01.16_09.56.56.csv@232   reward=QoE=   49.28 eps=0.050 loss=2.8535
[ep 2178] loot         driving_B_2020.02.13_15.02.01.csv@310   reward=QoE=   84.96 eps=0.050 loss=2.4756
[ep 2179] redandblack  driving_B_2019.12.17_07.32.39.csv@1543  reward=QoE=   53.98 eps=0.050 loss=2.6488
[ep 2180] soldier      driving_B_2019.12.16_12.27.05.csv@209   reward=QoE=   19.09 eps=0.050 loss=2.7823
[ep 2181] longdress    static_B_2020.02.27_18.39.27.csv@1849  reward=QoE=    8.18 eps=0.050 loss=2.5234
[ep 2182] loot         static_B_2020.02.27_18.39.27.csv@5569  reward=QoE=   74.49 eps=0.050 loss=2.8345
[ep 2183] redandblack  driving_B_2019.12.16_12.27.05.csv@1152  reward=QoE=   56.82 eps=0.050 loss=2.8857
[ep 2184] soldier      static_B_2020.02.27_18.39.27.csv@1309  reward=QoE=   81.76 eps=0.050 loss=2.5990
[ep 2185] longdress    driving_B_2020.02.13_13.03.24.csv@552   reward=QoE=   27.46 eps=0.050 loss=2.5422
[ep 2186] loot         driving_B_2020.01.16_09.56.56.csv@1570  reward=QoE=   52.28 eps=0.050 loss=2.7544
[ep 2187] redandblack  static_B_2020.02.27_18.39.27.csv@3649  reward=QoE=   57.21 eps=0.050 loss=3.0174
[ep 2188] soldier      driving_B_2020.01.16_09.56.56.csv@1570  reward=QoE=   35.07 eps=0.050 loss=2.7663
[ep 2189] longdress    driving_B_2020.02.13_13.03.24.csv@372   reward=QoE=   26.87 eps=0.050 loss=2.8342
[ep 2190] loot         driving_B_2020.01.16_12.10.03.csv@129   reward=QoE=   73.05 eps=0.050 loss=2.5233
[ep 2191] redandblack  driving_B_2020.02.13_15.02.01.csv@1210  reward=QoE=   53.66 eps=0.050 loss=2.7753
[ep 2192] soldier      driving_B_2019.12.16_12.27.05.csv@629   reward=QoE=  -29.24 eps=0.050 loss=2.6231
[ep 2193] longdress    driving_B_2020.02.13_15.02.01.csv@2230  reward=QoE=   83.92 eps=0.050 loss=2.3758
[ep 2194] loot         driving_B_2019.12.17_07.32.39.csv@43    reward=QoE=   63.83 eps=0.050 loss=2.5154
[ep 2195] redandblack  driving_B_2019.12.17_07.32.39.csv@1063  reward=QoE=   66.19 eps=0.050 loss=2.6004
[ep 2196] soldier      driving_B_2020.02.27_17.30.15.csv@720   reward=QoE=    6.47 eps=0.050 loss=2.9276
[ep 2197] longdress    driving_B_2020.02.13_13.03.24.csv@912   reward=QoE=   -5.56 eps=0.050 loss=3.0851
[ep 2198] loot         static_B_2019.12.16_13.40.04.csv@499   reward=QoE=   42.44 eps=0.050 loss=2.7647
[ep 2199] redandblack  driving_B_2020.01.16_07.26.43.csv@1770  reward=QoE=   29.87 eps=0.050 loss=2.7145
[ep 2200] soldier      driving_B_2020.02.13_15.02.01.csv@250   reward=QoE=   75.15 eps=0.050 loss=3.0880
[ep 2201] longdress    driving_B_2020.02.14_09.38.22.csv@558   reward=QoE=   50.46 eps=0.050 loss=3.0398
[ep 2202] loot         driving_B_2020.02.14_09.38.22.csv@798   reward=QoE=   40.62 eps=0.050 loss=2.7317
[ep 2203] redandblack  static_B_2019.12.16_13.40.04.csv@139   reward=QoE=   87.01 eps=0.050 loss=3.2945
[ep 2204] soldier      driving_B_2020.02.14_09.38.22.csv@738   reward=QoE=   30.86 eps=0.050 loss=2.9160
[ep 2205] longdress    driving_B_2020.01.16_09.56.56.csv@1372  reward=QoE=   48.19 eps=0.050 loss=3.2731
[ep 2206] loot         driving_B_2020.02.13_15.02.01.csv@1090  reward=QoE=   56.28 eps=0.050 loss=2.9749
[ep 2207] redandblack  static_B_2020.02.27_18.39.27.csv@5089  reward=QoE=   76.09 eps=0.050 loss=2.8202
[ep 2208] soldier      driving_B_2020.02.14_12.58.17.csv@800   reward=QoE=   18.87 eps=0.050 loss=2.9852
[ep 2209] longdress    driving_B_2020.02.13_13.03.24.csv@1572  reward=QoE=   30.89 eps=0.050 loss=3.1531
[ep 2210] loot         static_B_2020.02.27_18.39.27.csv@949   reward=QoE=   88.92 eps=0.050 loss=3.2460
[ep 2211] redandblack  driving_B_2019.12.17_07.32.39.csv@703   reward=QoE=   37.72 eps=0.050 loss=3.0765
[ep 2212] soldier      driving_B_2020.02.13_13.03.24.csv@132   reward=QoE=   33.07 eps=0.050 loss=3.1890
[ep 2213] longdress    static_B_2019.12.16_13.40.04.csv@259   reward=QoE=   46.30 eps=0.050 loss=3.0319
[ep 2214] loot         driving_B_2020.02.13_13.03.24.csv@852   reward=QoE=   34.39 eps=0.050 loss=2.8673
[ep 2215] redandblack  driving_B_2020.02.13_13.03.24.csv@672   reward=QoE=   33.62 eps=0.050 loss=3.2518
[ep 2216] soldier      static_B_2020.02.27_18.39.27.csv@1969  reward=QoE=   51.10 eps=0.050 loss=3.1133
[ep 2217] longdress    static_B_2019.12.16_13.40.04.csv@1879  reward=QoE= -182.61 eps=0.050 loss=3.0495
[ep 2218] loot         driving_B_2020.02.14_12.58.17.csv@163   reward=QoE=   -4.54 eps=0.050 loss=3.2413
[ep 2219] redandblack  driving_B_2019.12.17_07.32.39.csv@643   reward=QoE=   48.37 eps=0.050 loss=2.8235
[ep 2220] soldier      driving_B_2019.12.16_12.27.05.csv@149   reward=QoE=   36.81 eps=0.050 loss=3.0937
[ep 2221] longdress    driving_B_2020.02.13_13.03.24.csv@1512  reward=QoE=   37.21 eps=0.050 loss=3.0305
[ep 2222] loot         static_B_2020.02.27_18.39.27.csv@589   reward=QoE=   30.55 eps=0.050 loss=2.9965
[ep 2223] redandblack  driving_B_2020.02.14_12.58.17.csv@43    reward=QoE=   47.79 eps=0.050 loss=2.9999
[ep 2224] soldier      driving_B_2020.01.16_07.26.43.csv@51    reward=QoE=   39.56 eps=0.050 loss=3.0831
[ep 2225] longdress    driving_B_2019.12.17_07.32.39.csv@1483  reward=QoE=   35.06 eps=0.050 loss=2.9494
[ep 2226] loot         driving_B_2020.02.13_13.03.24.csv@1392  reward=QoE=   36.87 eps=0.050 loss=2.8432
[ep 2227] redandblack  driving_B_2020.02.27_17.30.15.csv@66    reward=QoE=   29.51 eps=0.050 loss=3.1456
[ep 2228] soldier      static_B_2020.02.14_13.21.26.csv@850   reward=QoE=   47.02 eps=0.050 loss=3.1970
[ep 2229] longdress    driving_B_2020.02.13_15.02.01.csv@2290  reward=QoE=    6.73 eps=0.050 loss=2.9003
[ep 2230] loot         driving_B_2020.02.14_09.38.22.csv@678   reward=QoE=   34.43 eps=0.050 loss=2.9392
[ep 2231] redandblack  driving_B_2020.02.27_17.30.15.csv@606   reward=QoE=   30.77 eps=0.050 loss=2.7770
[ep 2232] soldier      driving_B_2019.12.17_07.32.39.csv@1903  reward=QoE=   23.47 eps=0.050 loss=2.8269
[ep 2233] longdress    driving_B_2020.02.14_09.38.22.csv@78    reward=QoE=   13.31 eps=0.050 loss=3.4476
[ep 2234] loot         static_B_2019.12.16_13.40.04.csv@1339  reward=QoE=   69.58 eps=0.050 loss=3.0040
[ep 2235] redandblack  static_B_2019.12.16_13.40.04.csv@1099  reward=QoE=  -55.70 eps=0.050 loss=3.2740
[ep 2236] soldier      driving_B_2020.02.13_15.02.01.csv@1570  reward=QoE=  -17.08 eps=0.050 loss=3.0411
[ep 2237] longdress    driving_B_2020.02.14_12.58.17.csv@703   reward=QoE=   18.23 eps=0.050 loss=3.0789
[ep 2238] loot         driving_B_2020.02.13_15.02.01.csv@2754  reward=QoE=   32.16 eps=0.050 loss=3.0617
[ep 2239] redandblack  driving_B_2020.02.13_13.03.24.csv@432   reward=QoE=   21.82 eps=0.050 loss=3.2676
[ep 2240] soldier      static_B_2020.02.14_13.21.26.csv@823   reward=QoE=   86.92 eps=0.050 loss=3.0560
[ep 2241] longdress    driving_B_2019.12.16_12.27.05.csv@569   reward=QoE=   18.18 eps=0.050 loss=2.8044
[ep 2242] loot         driving_B_2020.02.13_15.02.01.csv@790   reward=QoE=   30.24 eps=0.050 loss=3.2280
[ep 2243] redandblack  static_B_2020.02.27_18.39.27.csv@2989  reward=QoE=   63.78 eps=0.050 loss=3.3562
[ep 2244] soldier      driving_B_2020.01.16_12.10.03.csv@69    reward=QoE=   72.47 eps=0.050 loss=3.0974
[ep 2245] longdress    driving_B_2020.02.13_15.02.01.csv@1870  reward=QoE=   11.73 eps=0.050 loss=3.0339
[ep 2246] loot         driving_B_2020.02.13_13.03.24.csv@1752  reward=QoE=   57.95 eps=0.050 loss=3.3743
[ep 2247] redandblack  driving_B_2020.02.13_13.03.24.csv@1332  reward=QoE=   32.70 eps=0.050 loss=3.2312
[ep 2248] soldier      driving_B_2020.01.16_09.56.56.csv@352   reward=QoE=    8.92 eps=0.050 loss=3.2154
[ep 2249] longdress    static_B_2020.02.27_18.39.27.csv@1789  reward=QoE= -281.39 eps=0.050 loss=3.0253
[ep 2250] loot         driving_B_2019.12.17_07.32.39.csv@283   reward=QoE=   45.61 eps=0.050 loss=2.9642
[ep 2251] redandblack  driving_B_2020.02.13_15.02.01.csv@430   reward=QoE=   84.67 eps=0.050 loss=2.8496
[ep 2252] soldier      driving_B_2020.02.14_09.38.22.csv@138   reward=QoE=   17.26 eps=0.050 loss=2.9742
[ep 2253] longdress    static_B_2020.02.27_18.39.27.csv@2929  reward=QoE=   60.81 eps=0.050 loss=2.9751
[ep 2254] loot         driving_B_2020.01.16_12.10.03.csv@244   reward=QoE=   85.22 eps=0.050 loss=3.3981
[ep 2255] redandblack  driving_B_2019.12.17_07.32.39.csv@943   reward=QoE=   29.17 eps=0.050 loss=2.8934
[ep 2256] soldier      static_B_2019.12.16_13.40.04.csv@1039  reward=QoE=   54.69 eps=0.050 loss=3.0870
[ep 2257] longdress    static_B_2020.02.27_18.39.27.csv@4669  reward=QoE=   11.61 eps=0.050 loss=3.2855
[ep 2258] loot         driving_B_2020.01.16_09.56.56.csv@712   reward=QoE=   75.42 eps=0.050 loss=2.8063
[ep 2259] redandblack  driving_B_2020.02.14_09.38.22.csv@1218  reward=QoE=   24.52 eps=0.050 loss=3.1952
[ep 2260] soldier      driving_B_2020.01.16_07.26.43.csv@891   reward=QoE=   18.24 eps=0.050 loss=3.0580
[ep 2261] longdress    driving_B_2020.01.16_09.56.56.csv@1072  reward=QoE=   28.85 eps=0.050 loss=3.1950
[ep 2262] loot         static_B_2020.02.27_18.39.27.csv@4729  reward=QoE=   54.52 eps=0.050 loss=3.0571
[ep 2263] redandblack  driving_B_2020.01.16_09.56.56.csv@1192  reward=QoE=   50.29 eps=0.050 loss=2.9432
[ep 2264] soldier      driving_B_2020.02.27_17.30.15.csv@426   reward=QoE=    3.93 eps=0.050 loss=2.7116
[ep 2265] longdress    driving_B_2020.02.13_13.03.24.csv@1812  reward=QoE= -803.30 eps=0.050 loss=3.1204
[ep 2266] loot         driving_B_2020.02.13_15.02.01.csv@2110  reward=QoE=   67.01 eps=0.050 loss=3.2191
[ep 2267] redandblack  driving_B_2019.12.16_12.27.05.csv@509   reward=QoE=   -5.63 eps=0.050 loss=2.9693
[ep 2268] soldier      driving_B_2019.12.16_12.27.05.csv@29    reward=QoE=   32.89 eps=0.050 loss=2.9195
[ep 2269] longdress    static_B_2020.02.14_13.21.26.csv@703   reward=QoE=   84.28 eps=0.050 loss=2.8409
[ep 2270] loot         static_B_2020.02.14_13.21.26.csv@343   reward=QoE=   80.64 eps=0.050 loss=2.9023
[ep 2271] redandblack  driving_B_2020.02.13_15.02.01.csv@2710  reward=QoE=   29.68 eps=0.050 loss=3.2532
[ep 2272] soldier      static_B_2020.02.27_18.39.27.csv@2449  reward=QoE=   72.88 eps=0.050 loss=3.1003
[ep 2273] longdress    static_B_2020.02.27_18.39.27.csv@4849  reward=QoE=   80.94 eps=0.050 loss=3.1275
[ep 2274] loot         driving_B_2020.01.16_09.56.56.csv@1312  reward=QoE=   84.40 eps=0.050 loss=2.8662
[ep 2275] redandblack  driving_B_2019.12.17_07.32.39.csv@2083  reward=QoE=   56.45 eps=0.050 loss=2.8969
[ep 2276] soldier      driving_B_2019.12.16_12.27.05.csv@749   reward=QoE=   50.74 eps=0.050 loss=3.2513
[ep 2277] longdress    driving_B_2020.01.16_07.26.43.csv@531   reward=QoE=   29.83 eps=0.050 loss=3.0509
[ep 2278] loot         static_B_2020.02.27_18.39.27.csv@3829  reward=QoE=   55.02 eps=0.050 loss=3.0050
[ep 2279] redandblack  driving_B_2019.12.17_07.32.39.csv@1963  reward=QoE=   54.54 eps=0.050 loss=3.1261
[ep 2280] soldier      driving_B_2019.12.17_07.32.39.csv@1363  reward=QoE=   85.30 eps=0.050 loss=3.0738
[ep 2281] longdress    driving_B_2020.01.16_09.56.56.csv@532   reward=QoE=   53.00 eps=0.050 loss=3.2432
[ep 2282] loot         driving_B_2020.02.13_15.02.01.csv@850   reward=QoE=   31.18 eps=0.050 loss=2.7974
[ep 2283] redandblack  driving_B_2020.02.14_09.38.22.csv@1338  reward=QoE=   77.69 eps=0.050 loss=3.1582
[ep 2284] soldier      driving_B_2019.12.17_07.32.39.csv@2288  reward=QoE=   47.68 eps=0.050 loss=2.9710
[ep 2285] longdress    static_B_2019.12.16_13.40.04.csv@1759  reward=QoE=   56.85 eps=0.050 loss=3.2366
[ep 2286] loot         static_B_2020.02.27_18.39.27.csv@229   reward=QoE=   89.76 eps=0.050 loss=3.3494
[ep 2287] redandblack  driving_B_2019.12.17_07.32.39.csv@583   reward=QoE=   38.40 eps=0.050 loss=2.6746
[ep 2288] soldier      driving_B_2019.12.16_12.27.05.csv@449   reward=QoE=    1.49 eps=0.050 loss=2.9387
[ep 2289] longdress    static_B_2020.02.27_18.39.27.csv@409   reward=QoE=   73.04 eps=0.050 loss=2.9739
[ep 2290] loot         driving_B_2020.02.13_13.03.24.csv@1632  reward=QoE=  -24.48 eps=0.050 loss=3.0180
[ep 2291] redandblack  static_B_2020.02.27_18.39.27.csv@4609  reward=QoE=   54.20 eps=0.050 loss=3.0696
[ep 2292] soldier      driving_B_2020.02.14_09.38.22.csv@1478  reward=QoE=   22.85 eps=0.050 loss=3.1816
[ep 2293] longdress    driving_B_2019.12.16_12.27.05.csv@929   reward=QoE=   54.72 eps=0.050 loss=3.2369
[ep 2294] loot         static_B_2020.02.27_18.39.27.csv@649   reward=QoE=   81.07 eps=0.050 loss=3.0126
[ep 2295] redandblack  driving_B_2020.02.13_13.03.24.csv@1092  reward=QoE=   27.55 eps=0.050 loss=2.8552
[ep 2296] soldier      driving_B_2020.01.16_07.26.43.csv@471   reward=QoE=  -16.05 eps=0.050 loss=2.8890
[ep 2297] longdress    static_B_2020.02.27_18.39.27.csv@5742  reward=QoE=   58.79 eps=0.050 loss=2.9036
[ep 2298] loot         static_B_2020.02.27_18.39.27.csv@2569  reward=QoE=   82.34 eps=0.050 loss=3.0138
[ep 2299] redandblack  driving_B_2019.12.16_12.27.05.csv@389   reward=QoE= -102.46 eps=0.050 loss=2.6691
[ep 2300] soldier      driving_B_2020.01.16_07.26.43.csv@1731  reward=QoE=   31.55 eps=0.050 loss=2.9637
[ep 2301] longdress    static_B_2020.02.27_18.39.27.csv@529   reward=QoE=   43.37 eps=0.050 loss=3.2354
[ep 2302] loot         driving_B_2020.02.14_12.58.17.csv@643   reward=QoE=   39.64 eps=0.050 loss=3.1511
[ep 2303] redandblack  static_B_2019.12.16_13.40.04.csv@1399  reward=QoE=   31.29 eps=0.050 loss=3.1739
[ep 2304] soldier      driving_B_2020.02.27_17.30.15.csv@6     reward=QoE=   20.21 eps=0.050 loss=3.2859
[ep 2305] longdress    static_B_2020.02.27_18.39.27.csv@4489  reward=QoE=   63.33 eps=0.050 loss=2.9867
[ep 2306] loot         driving_B_2020.02.13_13.03.24.csv@1152  reward=QoE=   33.20 eps=0.050 loss=3.0021
[ep 2307] redandblack  driving_B_2019.12.16_12.27.05.csv@1109  reward=QoE=   38.07 eps=0.050 loss=2.8980
[ep 2308] soldier      driving_B_2020.01.16_07.26.43.csv@231   reward=QoE=   22.34 eps=0.050 loss=2.8397
[ep 2309] longdress    driving_B_2020.02.27_17.30.15.csv@246   reward=QoE= -332.11 eps=0.050 loss=3.0472
[ep 2310] loot         driving_B_2020.01.16_09.56.56.csv@52    reward=QoE=   38.84 eps=0.050 loss=3.0935
[ep 2311] redandblack  static_B_2020.02.27_18.39.27.csv@4429  reward=QoE=   66.20 eps=0.050 loss=2.8311
[ep 2312] soldier      static_B_2020.02.27_18.39.27.csv@2809  reward=QoE=   76.59 eps=0.050 loss=2.9408
[ep 2313] longdress    static_B_2020.02.27_18.39.27.csv@889   reward=QoE=   52.33 eps=0.050 loss=3.1624
[ep 2314] loot         static_B_2020.02.27_18.39.27.csv@1429  reward=QoE=   85.47 eps=0.050 loss=2.8463
[ep 2315] redandblack  driving_B_2020.01.16_09.56.56.csv@1432  reward=QoE=   78.90 eps=0.050 loss=2.8558
[ep 2316] soldier      static_B_2020.02.14_13.21.26.csv@463   reward=QoE=   72.42 eps=0.050 loss=2.9952
[ep 2317] longdress    static_B_2020.02.27_18.39.27.csv@4189  reward=QoE=   58.26 eps=0.050 loss=3.3580
[ep 2318] loot         static_B_2020.02.27_18.39.27.csv@5629  reward=QoE=   82.01 eps=0.050 loss=3.1920
[ep 2319] redandblack  driving_B_2019.12.17_07.32.39.csv@103   reward=QoE=   40.73 eps=0.050 loss=2.9508
[ep 2320] soldier      static_B_2019.12.16_13.40.04.csv@1579  reward=QoE=   83.77 eps=0.050 loss=3.0650
[ep 2321] longdress    driving_B_2020.02.13_15.02.01.csv@610   reward=QoE=    1.37 eps=0.050 loss=2.7786
[ep 2322] loot         driving_B_2020.01.16_07.26.43.csv@1371  reward=QoE=   39.87 eps=0.050 loss=2.8447
[ep 2323] redandblack  driving_B_2020.02.13_15.02.01.csv@2410  reward=QoE=  -12.81 eps=0.050 loss=2.8736
[ep 2324] soldier      driving_B_2020.02.14_09.38.22.csv@978   reward=QoE=  -12.44 eps=0.050 loss=3.0235
[ep 2325] longdress    driving_B_2020.01.16_09.56.56.csv@172   reward=QoE=   30.91 eps=0.050 loss=2.8476
[ep 2326] loot         driving_B_2020.01.16_12.10.03.csv@244   reward=QoE=   88.39 eps=0.050 loss=3.1933
[ep 2327] redandblack  static_B_2020.02.27_18.39.27.csv@2029  reward=QoE=   82.58 eps=0.050 loss=2.7876
[ep 2328] soldier      static_B_2020.02.14_13.21.26.csv@223   reward=QoE=   78.23 eps=0.050 loss=2.9523
[ep 2329] longdress    static_B_2020.02.27_18.39.27.csv@3769  reward=QoE=   59.37 eps=0.050 loss=3.0327
[ep 2330] loot         static_B_2019.12.16_13.40.04.csv@79    reward=QoE=   76.09 eps=0.050 loss=3.1018
[ep 2331] redandblack  driving_B_2019.12.17_07.32.39.csv@343   reward=QoE=   48.44 eps=0.050 loss=2.7491
[ep 2332] soldier      driving_B_2020.02.27_17.30.15.csv@546   reward=QoE=    3.92 eps=0.050 loss=2.7421
[ep 2333] longdress    driving_B_2020.02.13_15.02.01.csv@730   reward=QoE=   34.43 eps=0.050 loss=3.0149
[ep 2334] loot         driving_B_2020.02.13_13.03.24.csv@2112  reward=QoE=    9.90 eps=0.050 loss=3.0556
[ep 2335] redandblack  static_B_2019.12.16_13.40.04.csv@859   reward=QoE=   78.49 eps=0.050 loss=3.1349
[ep 2336] soldier      driving_B_2020.01.16_07.26.43.csv@771   reward=QoE=   42.86 eps=0.050 loss=3.0600
[ep 2337] longdress    static_B_2019.12.16_13.40.04.csv@679   reward=QoE=   75.40 eps=0.050 loss=3.3031
[ep 2338] loot         static_B_2019.12.16_13.40.04.csv@319   reward=QoE=   54.09 eps=0.050 loss=2.8389
[ep 2339] redandblack  static_B_2020.02.27_18.39.27.csv@1669  reward=QoE=   65.68 eps=0.050 loss=3.0124
[ep 2340] soldier      driving_B_2019.12.17_07.32.39.csv@1723  reward=QoE=   -3.62 eps=0.050 loss=2.7936
[ep 2341] longdress    static_B_2020.02.27_18.39.27.csv@4249  reward=QoE=   79.79 eps=0.050 loss=2.9914
[ep 2342] loot         driving_B_2020.02.14_09.38.22.csv@18    reward=QoE=   -7.86 eps=0.050 loss=2.7502
[ep 2343] redandblack  static_B_2020.02.27_18.39.27.csv@289   reward=QoE=   81.06 eps=0.050 loss=2.7060
[ep 2344] soldier      driving_B_2020.02.13_13.03.24.csv@1452  reward=QoE=    5.74 eps=0.050 loss=2.9611
[ep 2345] longdress    static_B_2020.02.27_18.39.27.csv@1069  reward=QoE=   71.86 eps=0.050 loss=2.9745
[ep 2346] loot         driving_B_2020.02.13_13.03.24.csv@2052  reward=QoE=   28.66 eps=0.050 loss=3.2836
[ep 2347] redandblack  static_B_2020.02.14_13.21.26.csv@103   reward=QoE=   78.78 eps=0.050 loss=3.1453
[ep 2348] soldier      static_B_2020.02.27_18.39.27.csv@3409  reward=QoE=   85.48 eps=0.050 loss=2.9328
[ep 2349] longdress    driving_B_2020.02.14_09.38.22.csv@618   reward=QoE=   53.01 eps=0.050 loss=2.9109
[ep 2350] loot         static_B_2020.02.14_13.21.26.csv@643   reward=QoE=   80.11 eps=0.050 loss=3.2842
[ep 2351] redandblack  driving_B_2020.02.27_17.30.15.csv@126   reward=QoE=  -90.88 eps=0.050 loss=3.2744
[ep 2352] soldier      driving_B_2020.02.13_15.02.01.csv@2170  reward=QoE=   68.38 eps=0.050 loss=2.8028
[ep 2353] longdress    driving_B_2020.02.13_15.02.01.csv@70    reward=QoE=   58.84 eps=0.050 loss=2.9353
[ep 2354] loot         driving_B_2020.02.27_17.30.15.csv@186   reward=QoE=   21.65 eps=0.050 loss=3.0058
[ep 2355] redandblack  static_B_2020.02.27_18.39.27.csv@1369  reward=QoE=   82.97 eps=0.050 loss=2.9574
[ep 2356] soldier      driving_B_2020.01.16_07.26.43.csv@351   reward=QoE=   16.19 eps=0.050 loss=3.0471
[ep 2357] longdress    driving_B_2019.12.17_07.32.39.csv@1783  reward=QoE=   25.22 eps=0.050 loss=2.8959
[ep 2358] loot         driving_B_2020.02.13_13.03.24.csv@1272  reward=QoE=  -11.12 eps=0.050 loss=2.9665
[ep 2359] redandblack  driving_B_2020.02.13_13.03.24.csv@792   reward=QoE=   22.40 eps=0.050 loss=2.8077
[ep 2360] soldier      driving_B_2019.12.17_07.32.39.csv@883   reward=QoE=   30.90 eps=0.050 loss=2.4872
[ep 2361] longdress    static_B_2020.02.27_18.39.27.csv@4369  reward=QoE=   63.91 eps=0.050 loss=2.8114
[ep 2362] loot         driving_B_2019.12.16_12.27.05.csv@989   reward=QoE=   85.53 eps=0.050 loss=3.3077
[ep 2363] redandblack  driving_B_2020.01.16_09.56.56.csv@112   reward=QoE=   35.23 eps=0.050 loss=2.8934
[ep 2364] soldier      driving_B_2019.12.17_07.32.39.csv@2288  reward=QoE=   44.19 eps=0.050 loss=3.0648
[ep 2365] longdress    driving_B_2020.02.13_13.03.24.csv@1692  reward=QoE=   69.37 eps=0.050 loss=2.6338
[ep 2366] loot         driving_B_2020.01.16_07.26.43.csv@1011  reward=QoE=   45.91 eps=0.050 loss=3.2169
[ep 2367] redandblack  static_B_2019.12.16_13.40.04.csv@619   reward=QoE=   45.10 eps=0.050 loss=2.9688
[ep 2368] soldier      static_B_2020.02.27_18.39.27.csv@1909  reward=QoE=   65.95 eps=0.050 loss=3.1841
[ep 2369] longdress    driving_B_2020.02.13_15.02.01.csv@1990  reward=QoE=   45.23 eps=0.050 loss=2.8044
[ep 2370] loot         driving_B_2020.02.13_15.02.01.csv@1150  reward=QoE=   41.48 eps=0.050 loss=2.7098
[ep 2371] redandblack  static_B_2020.02.27_18.39.27.csv@3469  reward=QoE=   87.20 eps=0.050 loss=3.3052
[ep 2372] soldier      static_B_2020.02.14_13.21.26.csv@763   reward=QoE=   88.63 eps=0.050 loss=3.1999
[ep 2373] longdress    static_B_2020.02.14_13.21.26.csv@583   reward=QoE=   89.55 eps=0.050 loss=2.8886
[ep 2374] loot         driving_B_2020.01.16_09.56.56.csv@1252  reward=QoE=   71.24 eps=0.050 loss=2.5814
[ep 2375] redandblack  driving_B_2019.12.17_07.32.39.csv@403   reward=QoE=   59.95 eps=0.050 loss=3.0179
[ep 2376] soldier      driving_B_2020.02.13_15.02.01.csv@2590  reward=QoE=   47.07 eps=0.050 loss=2.8929
[ep 2377] longdress    driving_B_2020.01.16_07.26.43.csv@411   reward=QoE=   21.18 eps=0.050 loss=3.0036
[ep 2378] loot         driving_B_2020.02.13_15.02.01.csv@910   reward=QoE=   69.60 eps=0.050 loss=2.9675
[ep 2379] redandblack  driving_B_2020.02.13_13.03.24.csv@972   reward=QoE=   18.86 eps=0.050 loss=3.2166
[ep 2380] soldier      driving_B_2020.01.16_09.56.56.csv@1012  reward=QoE=   74.78 eps=0.050 loss=3.1007
[ep 2381] longdress    driving_B_2020.01.16_09.56.56.csv@952   reward=QoE=   31.50 eps=0.050 loss=2.7523
[ep 2382] loot         static_B_2019.12.16_13.40.04.csv@1219  reward=QoE=   49.09 eps=0.050 loss=3.2933
[ep 2383] redandblack  static_B_2020.02.27_18.39.27.csv@3889  reward=QoE=   47.06 eps=0.050 loss=2.8081
[ep 2384] soldier      driving_B_2020.02.14_12.58.17.csv@103   reward=QoE=  -55.37 eps=0.050 loss=3.1469
[ep 2385] longdress    static_B_2019.12.16_13.40.04.csv@199   reward=QoE=   74.34 eps=0.050 loss=3.1358
[ep 2386] loot         driving_B_2020.02.14_12.58.17.csv@463   reward=QoE= -151.24 eps=0.050 loss=2.9123
[ep 2387] redandblack  driving_B_2020.01.16_07.26.43.csv@1671  reward=QoE=   39.70 eps=0.050 loss=2.9374
[ep 2388] soldier      driving_B_2020.01.16_09.56.56.csv@1492  reward=QoE=   42.26 eps=0.050 loss=3.2014
[ep 2389] longdress    driving_B_2020.02.13_15.02.01.csv@1810  reward=QoE=   69.01 eps=0.050 loss=3.0558
[ep 2390] loot         driving_B_2020.01.16_07.26.43.csv@591   reward=QoE=   26.67 eps=0.050 loss=2.9970
[ep 2391] redandblack  static_B_2020.02.27_18.39.27.csv@3529  reward=QoE=   71.88 eps=0.050 loss=3.2167
[ep 2392] soldier      static_B_2020.02.27_18.39.27.csv@3949  reward=QoE=   79.90 eps=0.050 loss=2.9729
[ep 2393] longdress    driving_B_2020.02.13_15.02.01.csv@1510  reward=QoE=    1.91 eps=0.050 loss=3.0823
[ep 2394] loot         static_B_2020.02.27_18.39.27.csv@1129  reward=QoE=   34.19 eps=0.050 loss=2.8679
[ep 2395] redandblack  driving_B_2020.01.16_07.26.43.csv@171   reward=QoE=   10.80 eps=0.050 loss=3.1063
[ep 2396] soldier      static_B_2020.02.27_18.39.27.csv@1489  reward=QoE=   53.60 eps=0.050 loss=3.1075
[ep 2397] longdress    static_B_2020.02.27_18.39.27.csv@1729  reward=QoE=   57.24 eps=0.050 loss=2.9718
[ep 2398] loot         driving_B_2020.02.14_12.58.17.csv@523   reward=QoE=  -14.49 eps=0.050 loss=2.7264
[ep 2399] redandblack  driving_B_2020.02.14_12.58.17.csv@403   reward=QoE=   20.70 eps=0.050 loss=2.6428
[ep 2400] soldier      driving_B_2020.01.16_07.26.43.csv@1551  reward=QoE=   23.94 eps=0.050 loss=3.2759
    [eval @ ep 2400] reward=QoE=-1404.77 mean_q=0.494 stall=327.3s
    [early stop] no validation improvement for 3 checks
==========================================================================================
✅ Training done. untrained qoe_quality=-1919.98 -> final -1404.77 (best=-540.75)
📦 Saved: C:\Users\Nima\PointCloudStreaming\logs/train_runs/qoe_v2_wide\sweep\confirm\trial_011_s48\abr_dqn.pkl  (+ C:\Users\Nima\PointCloudStreaming\logs/train_runs/qoe_v2_wide\sweep\confirm\trial_011_s48\abr_dqn_best.pkl)
🧾 History: C:\Users\Nima\PointCloudStreaming\logs/train_runs/qoe_v2_wide\sweep\confirm\trial_011_s48\abr_dqn_train_history.json
🧾 Summary: C:\Users\Nima\PointCloudStreaming\logs/train_runs/qoe_v2_wide\sweep\confirm\trial_011_s48\train_summary.json
