# C:\Users\Nima\AppData\Local\Programs\Python\Python313\python.exe -u C:\Users\Nima\PointCloudStreaming\scripts\train_dqn.py --out C:\Users\Nima\PointCloudStreaming\logs\train_runs\20260720_005851_wide\sweep\confirm\trial_011_s49\abr_dqn.pkl --run-dir C:\Users\Nima\PointCloudStreaming\logs\train_runs\20260720_005851_wide\sweep\confirm\trial_011_s49 --batch-size 64 --coverage-stride 60 --early-stop-patience 3 --epochs 8 --eps-decay-frac 0.5 --eval-every 400 --eval-offsets 3 --eval-seeds 42,43,44 --eval-sequences longdress,loot,redandblack,soldier --gamma 1.0 --hidden 256 --lam 1.0 --lr 0.0003 --mu 4.3 --protocol configs/experiment_protocol.json --reward-spec {"rebuffer_weight": 2.0, "startup_weight": 1.0} --seed 49 --segment-frames 10 --select-by qoe_quality --target-update 6000 --torch-threads 2 --trace-registry configs/trace_window_registry.json --lstm C:\Users\Nima\PointCloudStreaming\models/bandwidth_lstm_request_pacing_s10.pkl
==========================================================================================
🤖 DQN ABR training
   sequences: ['longdress', 'loot', 'redandblack', 'soldier'] | validation sequences: ['longdress', 'loot', 'redandblack', 'soldier']
   protocol: 4071599372abeb61 | train files: 13 | validation files: 4 | registered test files: 4 (NOT evaluated) | frames/episode: 300
   registry: 8297ac83fa031471 | grid: 60s | 32 episodes/parent -> 416 episodes/epoch x 8 epochs = 3328 episodes (~99840 env steps)
   segment: 10 frames/request (30 decisions/episode) | validation offsets/trace: 3 | validation seeds: [42, 43, 44]
   state_dim: 23 | actions: 6 | feature_spec: ['lstm_pred', 'buffer', 'last_rep_onehot', 'tput_last', 'tput_mean', 'tput_std', 'rep_bitrates', 'rep_densities']
   PyTorch CPU threads/trial: 2
   LSTM: models\bandwidth_lstm_request_pacing_s10.pkl
   reward = QoE: (100/N)*sum(q[fixed_log_bitrate]) - 4.3*stall_duration - 2.0*rebuffer_events - 1.0*sum|delta_segment_q| - 1.0*startup_delay  (gamma=1.0, lr=0.0003, no learner-side scaling)
   select-by: qoe_quality | out: C:\Users\Nima\PointCloudStreaming\logs\train_runs\20260720_005851_wide\sweep\confirm\trial_011_s49\abr_dqn.pkl | run-dir: C:\Users\Nima\PointCloudStreaming\logs\train_runs\20260720_005851_wide\sweep\confirm\trial_011_s49
==========================================================================================
[validation @ ep 0] untrained: reward=QoE=30.50
[ep    1] longdress    driving_B_2020.01.16_07.26.43.csv block-000@480s reward=QoE= -260.47 pacing=0.00s eps=0.999 loss=0.0000
[ep    2] loot         driving_B_2020.02.13_13.03.24.csv block-001@1034s reward=QoE= -141.80 pacing=0.00s eps=0.999 loss=0.0000
[ep    3] redandblack  driving_B_2020.01.16_07.26.43.csv block-000@600s reward=QoE=  -14.14 pacing=0.00s eps=0.998 loss=5.3800
[ep    4] soldier      driving_B_2020.01.16_12.10.03.csv block-000@240s reward=QoE=   38.59 pacing=2.57s eps=0.998 loss=3.6402
[ep    5] longdress    driving_B_2020.01.16_07.26.43.csv block-000@0s reward=QoE=  -70.38 pacing=0.00s eps=0.997 loss=2.9125
[ep    6] loot         driving_B_2020.02.13_13.03.24.csv block-000@420s reward=QoE=  -49.80 pacing=0.00s eps=0.997 loss=2.2188
[ep    7] redandblack  static_B_2019.12.16_13.40.04.csv block-000@360s reward=QoE=   12.56 pacing=0.00s eps=0.996 loss=2.0909
[ep    8] soldier      driving_B_2019.12.16_12.27.05.csv block-000@480s reward=QoE= -255.78 pacing=0.00s eps=0.995 loss=2.4397
[ep    9] longdress    static_B_2019.12.16_13.40.04.csv block-001@1015s reward=QoE=  -71.01 pacing=0.00s eps=0.995 loss=2.6448
[ep   10] loot         driving_B_2020.02.13_13.03.24.csv block-001@974s reward=QoE=  -60.93 pacing=0.00s eps=0.994 loss=2.3999
[ep   11] redandblack  driving_B_2019.12.17_07.32.39.csv block-000@240s reward=QoE=  -68.57 pacing=0.00s eps=0.994 loss=2.0043
[ep   12] soldier      driving_B_2020.01.16_09.56.56.csv block-001@1299s reward=QoE=   35.21 pacing=0.00s eps=0.993 loss=2.0567
[ep   13] longdress    driving_B_2020.01.16_12.10.03.csv block-000@300s reward=QoE=    0.21 pacing=0.00s eps=0.993 loss=2.0526
[ep   14] loot         static_B_2020.02.14_13.21.26.csv block-000@600s reward=QoE=   50.87 pacing=2.36s eps=0.992 loss=2.0917
[ep   15] redandblack  driving_B_2020.01.16_07.26.43.csv block-000@1500s reward=QoE= -128.31 pacing=0.00s eps=0.991 loss=2.1137
[ep   16] soldier      driving_B_2019.12.16_12.27.05.csv block-000@300s reward=QoE=  -77.54 pacing=0.00s eps=0.991 loss=2.1974
[ep   17] longdress    static_B_2019.12.16_13.40.04.csv block-001@1075s reward=QoE=   32.94 pacing=0.00s eps=0.990 loss=2.2700
[ep   18] loot         driving_B_2019.12.17_07.32.39.csv block-000@60s reward=QoE=  -22.39 pacing=0.00s eps=0.990 loss=2.0686
[ep   19] redandblack  driving_B_2019.12.17_07.32.39.csv block-000@1140s reward=QoE=   16.67 pacing=0.00s eps=0.989 loss=1.7921
[ep   20] soldier      driving_B_2020.02.13_15.02.01.csv block-000@1560s reward=QoE=  -78.46 pacing=0.00s eps=0.989 loss=1.9183
[ep   21] longdress    driving_B_2020.02.27_17.30.15.csv block-002@533s reward=QoE= -224.67 pacing=0.00s eps=0.988 loss=2.0923
[ep   22] loot         driving_B_2020.02.13_13.03.24.csv block-000@120s reward=QoE=  -62.38 pacing=0.00s eps=0.987 loss=1.9372
[ep   23] redandblack  driving_B_2020.02.27_17.30.15.csv block-002@473s reward=QoE= -449.07 pacing=0.00s eps=0.987 loss=2.5193
[ep   24] soldier      static_B_2020.02.27_18.39.27.csv block-001@972s reward=QoE=   49.57 pacing=0.00s eps=0.986 loss=2.5876
[ep   25] longdress    driving_B_2020.02.13_15.02.01.csv block-000@1440s reward=QoE= -394.53 pacing=0.00s eps=0.986 loss=2.7841
[ep   26] loot         driving_B_2020.02.13_13.03.24.csv block-000@240s reward=QoE=  -56.27 pacing=0.00s eps=0.985 loss=3.0695
[ep   27] redandblack  static_B_2019.12.16_13.40.04.csv block-000@180s reward=QoE=   51.35 pacing=0.00s eps=0.985 loss=2.7446
[ep   28] soldier      driving_B_2020.02.14_12.58.17.csv block-002@716s reward=QoE= -201.38 pacing=0.00s eps=0.984 loss=2.7534
[ep   29] longdress    static_B_2019.12.16_13.40.04.csv block-001@895s reward=QoE=   29.35 pacing=0.00s eps=0.983 loss=2.6062
[ep   30] loot         driving_B_2020.02.13_13.03.24.csv block-001@1934s reward=QoE=   26.95 pacing=0.00s eps=0.983 loss=2.8868
[ep   31] redandblack  static_B_2020.02.27_18.39.27.csv block-001@5112s reward=QoE=   31.19 pacing=0.00s eps=0.982 loss=2.4504
[ep   32] soldier      static_B_2019.12.16_13.40.04.csv block-005@1526s reward=QoE=   12.09 pacing=0.00s eps=0.982 loss=2.2861
[ep   33] longdress    driving_B_2020.02.13_13.03.24.csv block-001@1814s reward=QoE= -385.85 pacing=0.00s eps=0.981 loss=2.2464
[ep   34] loot         driving_B_2020.02.14_12.58.17.csv block-000@0s reward=QoE=  -27.55 pacing=0.00s eps=0.981 loss=2.2893
[ep   35] redandblack  driving_B_2019.12.17_07.32.39.csv block-003@1714s reward=QoE=  -46.38 pacing=0.00s eps=0.980 loss=2.1322
[ep   36] soldier      driving_B_2020.02.14_09.38.22.csv block-000@720s reward=QoE=   41.70 pacing=1.03s eps=0.979 loss=2.4700
[ep   37] longdress    driving_B_2020.02.13_15.02.01.csv block-000@2640s reward=QoE= -388.04 pacing=0.00s eps=0.979 loss=2.1811
[ep   38] loot         static_B_2020.02.14_13.21.26.csv block-000@540s reward=QoE=   42.17 pacing=1.06s eps=0.978 loss=2.7498
[ep   39] redandblack  driving_B_2020.02.14_12.58.17.csv block-002@656s reward=QoE=    1.08 pacing=0.00s eps=0.978 loss=2.6371
[ep   40] soldier      static_B_2020.02.27_18.39.27.csv block-001@5712s reward=QoE=   32.05 pacing=0.00s eps=0.977 loss=2.5197
[ep   41] longdress    static_B_2019.12.16_13.40.04.csv block-005@1646s reward=QoE=   27.38 pacing=1.18s eps=0.977 loss=2.3403
[ep   42] loot         driving_B_2020.01.16_09.56.56.csv block-001@1119s reward=QoE=   38.96 pacing=2.26s eps=0.976 loss=2.1465
[ep   43] redandblack  driving_B_2020.02.14_12.58.17.csv block-002@716s reward=QoE=   -0.88 pacing=0.00s eps=0.975 loss=2.2166
[ep   44] soldier      driving_B_2020.01.16_12.10.03.csv block-000@120s reward=QoE=   54.35 pacing=0.98s eps=0.975 loss=2.0572
[ep   45] longdress    driving_B_2020.02.13_13.03.24.csv block-001@1694s reward=QoE= -115.90 pacing=0.00s eps=0.974 loss=2.0581
[ep   46] loot         driving_B_2020.01.16_09.56.56.csv block-001@939s reward=QoE=   -2.99 pacing=0.00s eps=0.974 loss=2.2641
[ep   47] redandblack  static_B_2019.12.16_13.40.04.csv block-000@240s reward=QoE=   23.75 pacing=0.00s eps=0.973 loss=2.0533
[ep   48] soldier      driving_B_2019.12.16_12.27.05.csv block-000@840s reward=QoE=  -24.63 pacing=0.00s eps=0.973 loss=2.2249
[ep   49] longdress    driving_B_2020.02.13_13.03.24.csv block-001@914s reward=QoE= -210.12 pacing=0.00s eps=0.972 loss=2.2231
[ep   50] loot         driving_B_2020.02.13_13.03.24.csv block-001@1634s reward=QoE=  -77.91 pacing=0.00s eps=0.971 loss=2.3163
[ep   51] redandblack  static_B_2019.12.16_13.40.04.csv block-000@120s reward=QoE=   48.77 pacing=1.52s eps=0.971 loss=2.2412
[ep   52] soldier      driving_B_2020.01.16_07.26.43.csv block-000@300s reward=QoE=  -34.99 pacing=0.00s eps=0.970 loss=2.2159
[ep   53] longdress    static_B_2020.02.27_18.39.27.csv block-001@5232s reward=QoE=   15.49 pacing=0.00s eps=0.970 loss=2.1711
[ep   54] loot         static_B_2019.12.16_13.40.04.csv block-001@775s reward=QoE=   46.85 pacing=2.56s eps=0.969 loss=1.9333
[ep   55] redandblack  driving_B_2019.12.16_12.27.05.csv block-000@540s reward=QoE= -205.62 pacing=0.00s eps=0.969 loss=2.1682
[ep   56] soldier      driving_B_2019.12.17_07.32.39.csv block-000@960s reward=QoE= -136.78 pacing=0.00s eps=0.968 loss=1.9160
[ep   57] longdress    driving_B_2020.02.27_17.30.15.csv block-002@293s reward=QoE= -345.51 pacing=0.00s eps=0.967 loss=2.1226
[ep   58] loot         driving_B_2020.01.16_12.10.03.csv block-000@120s reward=QoE=   40.45 pacing=2.08s eps=0.967 loss=1.8546
[ep   59] redandblack  driving_B_2019.12.16_12.27.05.csv block-000@360s reward=QoE=  -19.20 pacing=0.00s eps=0.966 loss=1.9953
[ep   60] soldier      static_B_2019.12.16_13.40.04.csv block-000@60s reward=QoE=   13.92 pacing=0.00s eps=0.966 loss=2.4390
[ep   61] longdress    driving_B_2020.01.16_12.10.03.csv block-000@360s reward=QoE=   36.75 pacing=1.66s eps=0.965 loss=1.8274
[ep   62] loot         driving_B_2020.02.14_09.38.22.csv block-000@0s reward=QoE= -127.71 pacing=0.00s eps=0.965 loss=2.2258
[ep   63] redandblack  driving_B_2019.12.17_07.32.39.csv block-000@840s reward=QoE=  -54.78 pacing=0.00s eps=0.964 loss=1.9992
[ep   64] soldier      driving_B_2020.01.16_07.26.43.csv block-000@720s reward=QoE= -109.04 pacing=0.00s eps=0.963 loss=2.0017
[ep   65] longdress    static_B_2020.02.14_13.21.26.csv block-000@360s reward=QoE=   38.73 pacing=1.40s eps=0.963 loss=1.9472
[ep   66] loot         driving_B_2019.12.16_12.27.05.csv block-000@1020s reward=QoE=   43.63 pacing=0.56s eps=0.962 loss=1.9941
[ep   67] redandblack  driving_B_2020.01.16_09.56.56.csv block-001@1719s reward=QoE=   51.77 pacing=0.39s eps=0.962 loss=1.9604
[ep   68] soldier      driving_B_2020.02.14_09.38.22.csv block-000@960s reward=QoE=   32.00 pacing=0.00s eps=0.961 loss=2.0115
[ep   69] longdress    driving_B_2020.02.14_09.38.22.csv block-000@120s reward=QoE= -247.37 pacing=0.00s eps=0.961 loss=1.9773
[ep   70] loot         driving_B_2020.02.27_17.30.15.csv block-002@413s reward=QoE= -111.07 pacing=0.00s eps=0.960 loss=1.8546
[ep   71] redandblack  driving_B_2020.02.13_15.02.01.csv block-000@600s reward=QoE=   17.63 pacing=0.00s eps=0.959 loss=1.8601
[ep   72] soldier      driving_B_2020.02.27_17.30.15.csv block-002@353s reward=QoE= -289.15 pacing=0.00s eps=0.959 loss=1.8008
[ep   73] longdress    driving_B_2020.02.27_17.30.15.csv block-002@293s reward=QoE= -359.63 pacing=0.00s eps=0.958 loss=2.0995
[ep   74] loot         driving_B_2019.12.16_12.27.05.csv block-000@0s reward=QoE=   14.26 pacing=0.00s eps=0.958 loss=2.1044
[ep   75] redandblack  driving_B_2020.02.27_17.30.15.csv block-002@473s reward=QoE= -492.07 pacing=0.00s eps=0.957 loss=2.1378
[ep   76] soldier      driving_B_2020.02.13_15.02.01.csv block-000@1620s reward=QoE= -105.27 pacing=0.00s eps=0.957 loss=2.3504
[ep   77] longdress    driving_B_2020.02.13_15.02.01.csv block-000@1920s reward=QoE=   29.19 pacing=0.12s eps=0.956 loss=2.1754
[ep   78] loot         driving_B_2020.02.13_13.03.24.csv block-001@1394s reward=QoE=  -51.40 pacing=0.00s eps=0.955 loss=2.0767
[ep   79] redandblack  static_B_2019.12.16_13.40.04.csv block-005@1706s reward=QoE=   48.91 pacing=0.15s eps=0.955 loss=1.9060
[ep   80] soldier      static_B_2020.02.27_18.39.27.csv block-001@3432s reward=QoE=  -26.52 pacing=0.00s eps=0.954 loss=1.9517
[ep   81] longdress    static_B_2019.12.16_13.40.04.csv block-001@1135s reward=QoE=   36.80 pacing=0.00s eps=0.954 loss=2.1080
[ep   82] loot         driving_B_2020.02.27_17.30.15.csv block-002@473s reward=QoE= -395.28 pacing=0.00s eps=0.953 loss=1.9288
[ep   83] redandblack  static_B_2020.02.14_13.21.26.csv block-000@960s reward=QoE=   19.33 pacing=0.00s eps=0.953 loss=1.9864
[ep   84] soldier      driving_B_2020.02.14_12.58.17.csv block-002@596s reward=QoE=  -78.96 pacing=0.00s eps=0.952 loss=2.0278
[ep   85] longdress    driving_B_2020.02.27_17.30.15.csv block-002@293s reward=QoE= -407.93 pacing=0.00s eps=0.951 loss=2.1502
[ep   86] loot         driving_B_2020.02.14_09.38.22.csv block-000@360s reward=QoE= -188.47 pacing=0.00s eps=0.951 loss=2.0880
[ep   87] redandblack  static_B_2020.02.14_13.21.26.csv block-000@480s reward=QoE=   52.01 pacing=2.14s eps=0.950 loss=2.2429
[ep   88] soldier      driving_B_2020.02.13_15.02.01.csv block-000@1980s reward=QoE=   51.26 pacing=0.73s eps=0.950 loss=2.1785
[ep   89] longdress    driving_B_2020.01.16_09.56.56.csv block-001@1179s reward=QoE= -117.84 pacing=0.00s eps=0.949 loss=2.2431
[ep   90] loot         driving_B_2019.12.17_07.32.39.csv block-003@1654s reward=QoE=  -23.54 pacing=0.00s eps=0.949 loss=2.3211
[ep   91] redandblack  driving_B_2020.02.27_17.30.15.csv block-002@473s reward=QoE= -492.28 pacing=0.00s eps=0.948 loss=2.2821
[ep   92] soldier      static_B_2019.12.16_13.40.04.csv block-006@2172s reward=QoE=   42.29 pacing=1.92s eps=0.947 loss=2.2851
[ep   93] longdress    driving_B_2019.12.17_07.32.39.csv block-000@900s reward=QoE=  -56.10 pacing=0.00s eps=0.947 loss=2.0741
[ep   94] loot         driving_B_2020.02.14_12.58.17.csv block-000@0s reward=QoE=   -4.90 pacing=0.00s eps=0.946 loss=2.5342
[ep   95] redandblack  driving_B_2019.12.17_07.32.39.csv block-000@660s reward=QoE=  -23.97 pacing=0.00s eps=0.946 loss=2.2687
[ep   96] soldier      driving_B_2020.02.13_15.02.01.csv block-000@2760s reward=QoE= -114.88 pacing=0.00s eps=0.945 loss=2.1959
[ep   97] longdress    driving_B_2019.12.16_12.27.05.csv block-000@780s reward=QoE=  -45.35 pacing=0.00s eps=0.945 loss=2.1200
[ep   98] loot         static_B_2019.12.16_13.40.04.csv block-005@1586s reward=QoE=  -52.48 pacing=0.00s eps=0.944 loss=2.3223
[ep   99] redandblack  driving_B_2020.01.16_12.10.03.csv block-000@60s reward=QoE=   38.29 pacing=0.00s eps=0.943 loss=2.1229
[ep  100] soldier      static_B_2020.02.14_13.21.26.csv block-000@180s reward=QoE=   54.19 pacing=1.46s eps=0.943 loss=2.4627
[ep  101] longdress    static_B_2020.02.14_13.21.26.csv block-000@420s reward=QoE=   50.46 pacing=1.83s eps=0.942 loss=2.1231
[ep  102] loot         driving_B_2020.02.13_15.02.01.csv block-000@1500s reward=QoE= -178.67 pacing=0.00s eps=0.942 loss=2.0459
[ep  103] redandblack  static_B_2020.02.14_13.21.26.csv block-000@240s reward=QoE=   41.19 pacing=2.42s eps=0.941 loss=2.1140
[ep  104] soldier      driving_B_2020.02.14_09.38.22.csv block-000@900s reward=QoE= -154.12 pacing=0.00s eps=0.941 loss=2.0083
[ep  105] longdress    driving_B_2020.01.16_07.26.43.csv block-000@1020s reward=QoE= -168.87 pacing=0.00s eps=0.940 loss=2.1451
[ep  106] loot         static_B_2020.02.14_13.21.26.csv block-000@780s reward=QoE=   26.92 pacing=1.07s eps=0.940 loss=2.2828
[ep  107] redandblack  driving_B_2020.01.16_07.26.43.csv block-000@240s reward=QoE=  -36.47 pacing=0.00s eps=0.939 loss=2.0788
[ep  108] soldier      driving_B_2020.02.13_15.02.01.csv block-000@2340s reward=QoE=   21.41 pacing=0.57s eps=0.938 loss=2.2692
[ep  109] longdress    driving_B_2020.01.16_07.26.43.csv block-000@840s reward=QoE=   -7.01 pacing=0.00s eps=0.938 loss=1.9775
[ep  110] loot         driving_B_2019.12.17_07.32.39.csv block-000@0s reward=QoE=   -1.31 pacing=0.00s eps=0.937 loss=1.8460
[ep  111] redandblack  driving_B_2020.01.16_12.10.03.csv block-000@360s reward=QoE=   36.95 pacing=0.00s eps=0.937 loss=2.0518
[ep  112] soldier      driving_B_2020.02.13_13.03.24.csv block-001@1574s reward=QoE= -115.34 pacing=0.00s eps=0.936 loss=2.2402
[ep  113] longdress    driving_B_2020.02.14_09.38.22.csv block-000@1080s reward=QoE=   52.77 pacing=0.45s eps=0.936 loss=2.1071
[ep  114] loot         driving_B_2020.02.27_17.30.15.csv block-002@533s reward=QoE= -193.57 pacing=0.00s eps=0.935 loss=2.1612
[ep  115] redandblack  driving_B_2020.01.16_09.56.56.csv block-000@300s reward=QoE=   43.01 pacing=1.35s eps=0.934 loss=1.7425
[ep  116] soldier      static_B_2020.02.14_13.21.26.csv block-000@60s reward=QoE=   50.81 pacing=1.88s eps=0.934 loss=2.4984
[ep  117] longdress    driving_B_2020.02.13_15.02.01.csv block-000@2280s reward=QoE= -124.11 pacing=0.00s eps=0.933 loss=2.0190
[ep  118] loot         driving_B_2019.12.17_07.32.39.csv block-003@1834s reward=QoE=  -38.31 pacing=0.00s eps=0.933 loss=2.0994
[ep  119] redandblack  static_B_2020.02.14_13.21.26.csv block-000@480s reward=QoE=   47.36 pacing=2.20s eps=0.932 loss=2.0829
[ep  120] soldier      static_B_2020.02.14_13.21.26.csv block-000@660s reward=QoE=   40.84 pacing=1.09s eps=0.932 loss=2.2446
[ep  121] longdress    driving_B_2020.01.16_12.10.03.csv block-000@120s reward=QoE=   37.92 pacing=1.72s eps=0.931 loss=2.1159
[ep  122] loot         driving_B_2020.02.14_09.38.22.csv block-000@1140s reward=QoE=  -57.14 pacing=0.00s eps=0.930 loss=1.7525
[ep  123] redandblack  driving_B_2020.01.16_07.26.43.csv block-000@960s reward=QoE= -102.61 pacing=0.00s eps=0.930 loss=1.7393
[ep  124] soldier      driving_B_2020.02.14_12.58.17.csv block-002@596s reward=QoE=  -82.67 pacing=0.00s eps=0.929 loss=2.2284
[ep  125] longdress    driving_B_2019.12.16_12.27.05.csv block-000@840s reward=QoE=  -10.79 pacing=0.00s eps=0.929 loss=1.9797
[ep  126] loot         driving_B_2020.01.16_07.26.43.csv block-000@1320s reward=QoE=  -26.34 pacing=0.00s eps=0.928 loss=2.1156
[ep  127] redandblack  driving_B_2019.12.17_07.32.39.csv block-004@2537s reward=QoE=   39.92 pacing=2.44s eps=0.928 loss=2.0237
[ep  128] soldier      driving_B_2020.02.14_09.38.22.csv block-000@1260s reward=QoE= -186.34 pacing=0.00s eps=0.927 loss=1.9542
[ep  129] longdress    static_B_2020.02.14_13.21.26.csv block-000@960s reward=QoE=    9.83 pacing=0.00s eps=0.926 loss=2.1730
[ep  130] loot         driving_B_2020.01.16_12.10.03.csv block-000@180s reward=QoE=   54.47 pacing=1.13s eps=0.926 loss=1.7364
[ep  131] redandblack  driving_B_2020.01.16_09.56.56.csv block-000@180s reward=QoE=   40.49 pacing=0.00s eps=0.925 loss=1.7139
[ep  132] soldier      driving_B_2019.12.17_07.32.39.csv block-000@1260s reward=QoE=  -72.24 pacing=0.00s eps=0.925 loss=1.7945
[ep  133] longdress    static_B_2020.02.27_18.39.27.csv block-001@2592s reward=QoE=   29.12 pacing=0.00s eps=0.924 loss=2.0314
[ep  134] loot         static_B_2019.12.16_13.40.04.csv block-001@655s reward=QoE=   44.92 pacing=0.00s eps=0.924 loss=1.9285
[ep  135] redandblack  static_B_2019.12.16_13.40.04.csv block-005@1946s reward=QoE=   51.88 pacing=0.44s eps=0.923 loss=1.8754
[ep  136] soldier      driving_B_2020.02.14_12.58.17.csv block-000@0s reward=QoE=  -39.97 pacing=0.00s eps=0.922 loss=1.8512
[ep  137] longdress    driving_B_2020.02.14_12.58.17.csv block-002@596s reward=QoE=  -45.20 pacing=0.00s eps=0.922 loss=1.6558
[ep  138] loot         driving_B_2019.12.17_07.32.39.csv block-004@2417s reward=QoE=  -12.35 pacing=0.00s eps=0.921 loss=1.7129
[ep  139] redandblack  driving_B_2020.02.14_09.38.22.csv block-000@540s reward=QoE=  -71.22 pacing=0.00s eps=0.921 loss=2.1844
[ep  140] soldier      static_B_2019.12.16_13.40.04.csv block-000@420s reward=QoE=   37.15 pacing=0.00s eps=0.920 loss=2.0072
[ep  141] longdress    driving_B_2020.02.13_13.03.24.csv block-001@1154s reward=QoE= -196.48 pacing=0.00s eps=0.920 loss=1.9334
[ep  142] loot         driving_B_2020.01.16_09.56.56.csv block-001@1539s reward=QoE=   46.15 pacing=1.17s eps=0.919 loss=1.9455
[ep  143] redandblack  driving_B_2020.02.13_13.03.24.csv block-000@0s reward=QoE=  -62.30 pacing=0.00s eps=0.918 loss=2.1629
[ep  144] soldier      driving_B_2019.12.17_07.32.39.csv block-000@1320s reward=QoE=  -92.73 pacing=0.00s eps=0.918 loss=1.9998
[ep  145] longdress    driving_B_2020.02.13_13.03.24.csv block-001@1094s reward=QoE= -220.36 pacing=0.00s eps=0.917 loss=1.6841
[ep  146] loot         driving_B_2020.02.14_09.38.22.csv block-000@660s reward=QoE=   27.27 pacing=0.00s eps=0.917 loss=1.7834
[ep  147] redandblack  driving_B_2020.02.14_09.38.22.csv block-000@180s reward=QoE= -210.56 pacing=0.00s eps=0.916 loss=2.0656
[ep  148] soldier      static_B_2020.02.27_18.39.27.csv block-001@3672s reward=QoE=   32.32 pacing=1.28s eps=0.916 loss=1.9170
[ep  149] longdress    driving_B_2020.02.14_12.58.17.csv block-002@596s reward=QoE= -193.81 pacing=0.00s eps=0.915 loss=1.8306
[ep  150] loot         static_B_2020.02.14_13.21.26.csv block-000@720s reward=QoE=   44.72 pacing=1.83s eps=0.914 loss=1.8890
[ep  151] redandblack  static_B_2019.12.16_13.40.04.csv block-001@595s reward=QoE=   54.86 pacing=0.79s eps=0.914 loss=1.8554
[ep  152] soldier      driving_B_2020.02.27_17.30.15.csv block-002@533s reward=QoE= -344.59 pacing=0.00s eps=0.913 loss=2.2409
[ep  153] longdress    driving_B_2020.02.14_12.58.17.csv block-002@656s reward=QoE=  -77.18 pacing=0.00s eps=0.913 loss=1.7942
[ep  154] loot         driving_B_2019.12.16_12.27.05.csv block-000@180s reward=QoE=  -40.04 pacing=0.00s eps=0.912 loss=1.9235
[ep  155] redandblack  driving_B_2020.02.13_13.03.24.csv block-000@480s reward=QoE=  -53.40 pacing=0.00s eps=0.912 loss=1.8251
[ep  156] soldier      static_B_2020.02.14_13.21.26.csv block-000@180s reward=QoE=   44.85 pacing=1.03s eps=0.911 loss=1.9420
[ep  157] longdress    static_B_2020.02.27_18.39.27.csv block-001@552s reward=QoE=   35.45 pacing=0.00s eps=0.910 loss=1.8679
[ep  158] loot         driving_B_2020.01.16_12.10.03.csv block-000@180s reward=QoE=   47.65 pacing=0.99s eps=0.910 loss=2.0925
[ep  159] redandblack  driving_B_2020.01.16_12.10.03.csv block-000@360s reward=QoE=   36.66 pacing=0.59s eps=0.909 loss=2.0886
[ep  160] soldier      static_B_2019.12.16_13.40.04.csv block-006@2232s reward=QoE=   39.83 pacing=1.56s eps=0.909 loss=2.2321
[ep  161] longdress    driving_B_2020.02.27_17.30.15.csv block-002@473s reward=QoE= -637.79 pacing=0.00s eps=0.908 loss=1.8794
[ep  162] loot         static_B_2020.02.14_13.21.26.csv block-000@1020s reward=QoE=   51.98 pacing=1.28s eps=0.908 loss=2.0138
[ep  163] redandblack  driving_B_2020.02.27_17.30.15.csv block-002@353s reward=QoE= -214.38 pacing=0.00s eps=0.907 loss=1.8669
[ep  164] soldier      static_B_2019.12.16_13.40.04.csv block-005@1466s reward=QoE=   43.11 pacing=0.00s eps=0.906 loss=1.9399
[ep  165] longdress    static_B_2019.12.16_13.40.04.csv block-005@1766s reward=QoE=   30.03 pacing=2.13s eps=0.906 loss=2.0159
[ep  166] loot         driving_B_2020.02.14_09.38.22.csv block-000@1200s reward=QoE=  -80.80 pacing=0.00s eps=0.905 loss=1.7740
[ep  167] redandblack  driving_B_2020.02.14_12.58.17.csv block-002@536s reward=QoE= -211.39 pacing=0.00s eps=0.905 loss=1.9031
[ep  168] soldier      driving_B_2020.02.14_12.58.17.csv block-002@596s reward=QoE=  -91.86 pacing=0.00s eps=0.904 loss=1.9440
[ep  169] longdress    static_B_2020.02.14_13.21.26.csv block-000@600s reward=QoE=   47.39 pacing=1.87s eps=0.904 loss=1.7887
[ep  170] loot         driving_B_2019.12.16_12.27.05.csv block-000@60s reward=QoE=  -34.30 pacing=0.00s eps=0.903 loss=1.8535
[ep  171] redandblack  driving_B_2019.12.16_12.27.05.csv block-000@900s reward=QoE=   61.49 pacing=2.48s eps=0.902 loss=1.7688
[ep  172] soldier      driving_B_2020.01.16_09.56.56.csv block-001@819s reward=QoE=    1.06 pacing=0.00s eps=0.902 loss=1.7749
[ep  173] longdress    driving_B_2019.12.17_07.32.39.csv block-000@120s reward=QoE=  -80.42 pacing=0.00s eps=0.901 loss=1.9389
[ep  174] loot         driving_B_2019.12.16_12.27.05.csv block-000@420s reward=QoE= -152.37 pacing=0.00s eps=0.901 loss=1.8952
[ep  175] redandblack  static_B_2020.02.27_18.39.27.csv block-001@5292s reward=QoE=  -97.75 pacing=0.00s eps=0.900 loss=1.8817
[ep  176] soldier      driving_B_2020.02.14_09.38.22.csv block-000@600s reward=QoE=   35.29 pacing=0.00s eps=0.900 loss=1.8918
[ep  177] longdress    static_B_2019.12.16_13.40.04.csv block-001@715s reward=QoE=   -1.54 pacing=0.00s eps=0.899 loss=1.8591
[ep  178] loot         driving_B_2020.01.16_09.56.56.csv block-001@1419s reward=QoE=   46.08 pacing=0.00s eps=0.898 loss=1.8769
[ep  179] redandblack  driving_B_2020.01.16_09.56.56.csv block-000@360s reward=QoE=   21.97 pacing=0.00s eps=0.898 loss=1.8498
[ep  180] soldier      driving_B_2020.01.16_07.26.43.csv block-000@1680s reward=QoE= -206.46 pacing=0.00s eps=0.897 loss=1.9481
[ep  181] longdress    driving_B_2020.01.16_09.56.56.csv block-001@1359s reward=QoE=  -18.49 pacing=0.00s eps=0.897 loss=1.9401
[ep  182] loot         driving_B_2020.02.27_17.30.15.csv block-002@353s reward=QoE= -124.28 pacing=0.00s eps=0.896 loss=1.9825
[ep  183] redandblack  driving_B_2020.02.13_15.02.01.csv block-000@2220s reward=QoE=   40.86 pacing=0.00s eps=0.896 loss=2.0490
[ep  184] soldier      static_B_2020.02.27_18.39.27.csv block-001@4932s reward=QoE=   30.21 pacing=0.00s eps=0.895 loss=2.0486
[ep  185] longdress    driving_B_2020.02.27_17.30.15.csv block-002@413s reward=QoE= -603.82 pacing=0.00s eps=0.894 loss=1.7188
[ep  186] loot         driving_B_2020.02.14_09.38.22.csv block-000@840s reward=QoE=  -40.15 pacing=0.00s eps=0.894 loss=1.8311
[ep  187] redandblack  driving_B_2020.02.13_13.03.24.csv block-000@300s reward=QoE=  -41.84 pacing=0.00s eps=0.893 loss=2.0217
[ep  188] soldier      driving_B_2019.12.17_07.32.39.csv block-000@1380s reward=QoE=   -1.04 pacing=0.00s eps=0.893 loss=2.1034
[ep  189] longdress    driving_B_2020.01.16_07.26.43.csv block-000@1560s reward=QoE= -221.71 pacing=0.00s eps=0.892 loss=1.7052
[ep  190] loot         driving_B_2020.01.16_09.56.56.csv block-001@1479s reward=QoE=   41.90 pacing=0.00s eps=0.892 loss=2.1429
[ep  191] redandblack  driving_B_2020.02.13_13.03.24.csv block-000@360s reward=QoE=  -33.74 pacing=0.00s eps=0.891 loss=1.6599
[ep  192] soldier      driving_B_2020.02.14_09.38.22.csv block-000@420s reward=QoE= -244.09 pacing=0.00s eps=0.890 loss=1.7494
[ep  193] longdress    static_B_2020.02.27_18.39.27.csv block-001@2292s reward=QoE=    5.74 pacing=0.00s eps=0.890 loss=1.7502
[ep  194] loot         driving_B_2020.01.16_09.56.56.csv block-001@639s reward=QoE=   30.86 pacing=1.20s eps=0.889 loss=1.7141
[ep  195] redandblack  driving_B_2020.01.16_12.10.03.csv block-000@120s reward=QoE=   47.27 pacing=2.30s eps=0.889 loss=1.8765
[ep  196] soldier      driving_B_2020.01.16_07.26.43.csv block-000@780s reward=QoE=  -47.27 pacing=0.00s eps=0.888 loss=2.0032
[ep  197] longdress    driving_B_2020.01.16_09.56.56.csv block-001@519s reward=QoE=   15.61 pacing=0.11s eps=0.888 loss=1.9595
[ep  198] loot         static_B_2020.02.27_18.39.27.csv block-001@1812s reward=QoE=   42.24 pacing=0.00s eps=0.887 loss=1.8837
[ep  199] redandblack  driving_B_2020.01.16_12.10.03.csv block-000@0s reward=QoE=   50.73 pacing=2.13s eps=0.886 loss=1.7814
[ep  200] soldier      driving_B_2020.02.14_12.58.17.csv block-002@716s reward=QoE=  -60.27 pacing=0.00s eps=0.886 loss=2.0346
[ep  201] longdress    static_B_2019.12.16_13.40.04.csv block-001@835s reward=QoE=   55.88 pacing=0.80s eps=0.885 loss=1.9014
[ep  202] loot         static_B_2020.02.14_13.21.26.csv block-000@0s reward=QoE=   22.84 pacing=0.00s eps=0.885 loss=1.7525
[ep  203] redandblack  driving_B_2020.01.16_09.56.56.csv block-001@579s reward=QoE=   27.53 pacing=0.00s eps=0.884 loss=2.3740
[ep  204] soldier      static_B_2020.02.27_18.39.27.csv block-001@312s reward=QoE=   42.50 pacing=0.00s eps=0.884 loss=2.2889
[ep  205] longdress    driving_B_2020.01.16_12.10.03.csv block-000@300s reward=QoE=    4.13 pacing=0.00s eps=0.883 loss=2.0848
[ep  206] loot         driving_B_2020.01.16_07.26.43.csv block-000@120s reward=QoE=    9.00 pacing=0.00s eps=0.882 loss=1.7273
[ep  207] redandblack  driving_B_2019.12.16_12.27.05.csv block-000@300s reward=QoE=  -16.86 pacing=0.00s eps=0.882 loss=2.0325
[ep  208] soldier      driving_B_2020.02.14_09.38.22.csv block-000@360s reward=QoE= -196.46 pacing=0.00s eps=0.881 loss=2.1679
[ep  209] longdress    driving_B_2020.01.16_07.26.43.csv block-000@1260s reward=QoE=  -11.35 pacing=0.00s eps=0.881 loss=2.0732
[ep  210] loot         driving_B_2019.12.17_07.32.39.csv block-000@1440s reward=QoE=   57.82 pacing=1.97s eps=0.880 loss=1.9608
[ep  211] redandblack  driving_B_2019.12.17_07.32.39.csv block-000@180s reward=QoE=  -21.31 pacing=0.00s eps=0.880 loss=1.7822
[ep  212] soldier      driving_B_2020.02.13_15.02.01.csv block-000@540s reward=QoE=  -79.32 pacing=0.00s eps=0.879 loss=2.1570
[ep  213] longdress    driving_B_2020.02.14_12.58.17.csv block-002@656s reward=QoE=    4.57 pacing=0.00s eps=0.878 loss=1.8427
[ep  214] loot         driving_B_2020.01.16_09.56.56.csv block-001@699s reward=QoE=   53.08 pacing=2.09s eps=0.878 loss=1.8059
[ep  215] redandblack  driving_B_2020.02.14_12.58.17.csv block-002@536s reward=QoE= -213.02 pacing=0.00s eps=0.877 loss=1.7300
[ep  216] soldier      driving_B_2020.02.13_13.03.24.csv block-000@600s reward=QoE=  -98.05 pacing=0.00s eps=0.877 loss=2.0984
[ep  217] longdress    driving_B_2020.01.16_12.10.03.csv block-000@60s reward=QoE=   25.35 pacing=0.00s eps=0.876 loss=2.2472
[ep  218] loot         static_B_2020.02.27_18.39.27.csv block-001@2712s reward=QoE=   -3.23 pacing=2.13s eps=0.876 loss=1.9424
[ep  219] redandblack  driving_B_2019.12.16_12.27.05.csv block-000@60s reward=QoE=  -41.61 pacing=0.00s eps=0.875 loss=1.7799
[ep  220] soldier      driving_B_2020.02.13_13.03.24.csv block-001@1454s reward=QoE= -185.35 pacing=0.00s eps=0.874 loss=2.0153
[ep  221] longdress    driving_B_2020.02.13_15.02.01.csv block-000@1680s reward=QoE= -198.06 pacing=0.00s eps=0.874 loss=2.5377
[ep  222] loot         driving_B_2020.02.13_15.02.01.csv block-000@660s reward=QoE=   27.48 pacing=0.00s eps=0.873 loss=1.9377
[ep  223] redandblack  static_B_2020.02.14_13.21.26.csv block-000@0s reward=QoE=   20.70 pacing=0.00s eps=0.873 loss=1.8820
[ep  224] soldier      static_B_2020.02.27_18.39.27.csv block-001@3072s reward=QoE=   36.87 pacing=0.21s eps=0.872 loss=1.9982
[ep  225] longdress    static_B_2019.12.16_13.40.04.csv block-005@1886s reward=QoE=   40.72 pacing=0.00s eps=0.872 loss=2.0622
[ep  226] loot         driving_B_2020.02.14_09.38.22.csv block-000@300s reward=QoE= -183.58 pacing=0.00s eps=0.871 loss=2.0652
[ep  227] redandblack  driving_B_2020.02.13_13.03.24.csv block-001@1214s reward=QoE= -112.77 pacing=0.00s eps=0.870 loss=1.8810
[ep  228] soldier      driving_B_2020.01.16_09.56.56.csv block-001@1599s reward=QoE=   48.26 pacing=0.00s eps=0.870 loss=2.2933
[ep  229] longdress    driving_B_2020.02.27_17.30.15.csv block-002@413s reward=QoE= -597.84 pacing=0.00s eps=0.869 loss=2.2293
[ep  230] loot         driving_B_2020.01.16_07.26.43.csv block-000@1440s reward=QoE=    9.57 pacing=0.00s eps=0.869 loss=2.1326
[ep  231] redandblack  driving_B_2020.01.16_12.10.03.csv block-000@240s reward=QoE=   46.59 pacing=1.98s eps=0.868 loss=1.8350
[ep  232] soldier      driving_B_2020.02.13_15.02.01.csv block-000@1020s reward=QoE=   48.84 pacing=0.80s eps=0.868 loss=2.0463
[ep  233] longdress    driving_B_2020.01.16_07.26.43.csv block-000@1080s reward=QoE=  -26.36 pacing=0.00s eps=0.867 loss=1.8870
[ep  234] loot         driving_B_2020.02.13_13.03.24.csv block-007@2290s reward=QoE= -220.04 pacing=0.00s eps=0.866 loss=2.1783
[ep  235] redandblack  static_B_2020.02.27_18.39.27.csv block-001@1032s reward=QoE=   48.76 pacing=0.00s eps=0.866 loss=1.8250
[ep  236] soldier      driving_B_2020.01.16_12.10.03.csv block-000@0s reward=QoE=   49.34 pacing=1.26s eps=0.865 loss=2.1677
[ep  237] longdress    static_B_2020.02.27_18.39.27.csv block-001@5832s reward=QoE=   36.29 pacing=1.50s eps=0.865 loss=1.9555
[ep  238] loot         driving_B_2020.02.13_13.03.24.csv block-001@1274s reward=QoE= -106.57 pacing=0.00s eps=0.864 loss=2.0378
[ep  239] redandblack  driving_B_2020.01.16_09.56.56.csv block-001@759s reward=QoE=    7.43 pacing=0.00s eps=0.864 loss=1.9047
[ep  240] soldier      driving_B_2020.02.14_12.58.17.csv block-002@536s reward=QoE= -182.35 pacing=0.00s eps=0.863 loss=2.0620
[ep  241] longdress    driving_B_2020.01.16_12.10.03.csv block-000@180s reward=QoE=   46.42 pacing=0.00s eps=0.862 loss=1.9371
[ep  242] loot         driving_B_2020.01.16_12.10.03.csv block-000@240s reward=QoE=   49.89 pacing=2.33s eps=0.862 loss=2.1448
[ep  243] redandblack  driving_B_2020.02.27_17.30.15.csv block-002@533s reward=QoE= -147.87 pacing=0.00s eps=0.861 loss=2.3839
[ep  244] soldier      driving_B_2019.12.16_12.27.05.csv block-000@420s reward=QoE= -211.21 pacing=0.00s eps=0.861 loss=1.9442
[ep  245] longdress    driving_B_2019.12.16_12.27.05.csv block-000@120s reward=QoE= -112.26 pacing=0.00s eps=0.860 loss=2.0344
[ep  246] loot         driving_B_2019.12.17_07.32.39.csv block-004@2477s reward=QoE=   62.81 pacing=0.00s eps=0.860 loss=2.0326
[ep  247] redandblack  driving_B_2020.02.14_09.38.22.csv block-000@240s reward=QoE= -229.33 pacing=0.00s eps=0.859 loss=1.8967
[ep  248] soldier      driving_B_2020.02.14_09.38.22.csv block-000@60s reward=QoE= -106.67 pacing=0.00s eps=0.858 loss=2.1268
[ep  249] longdress    driving_B_2020.01.16_12.10.03.csv block-000@60s reward=QoE=   19.05 pacing=0.00s eps=0.858 loss=1.5721
[ep  250] loot         driving_B_2020.01.16_09.56.56.csv block-000@240s reward=QoE=   23.50 pacing=0.00s eps=0.857 loss=1.9292
[ep  251] redandblack  driving_B_2020.02.13_15.02.01.csv block-000@900s reward=QoE=  -66.10 pacing=0.00s eps=0.857 loss=1.9225
[ep  252] soldier      driving_B_2020.01.16_09.56.56.csv block-000@60s reward=QoE= -134.87 pacing=0.00s eps=0.856 loss=2.1463
[ep  253] longdress    driving_B_2020.02.14_09.38.22.csv block-000@0s reward=QoE= -139.52 pacing=0.00s eps=0.856 loss=1.9168
[ep  254] loot         static_B_2020.02.27_18.39.27.csv block-001@4452s reward=QoE=   46.10 pacing=0.90s eps=0.855 loss=1.9516
[ep  255] redandblack  static_B_2019.12.16_13.40.04.csv block-005@1346s reward=QoE=  -17.02 pacing=0.00s eps=0.854 loss=1.9203
[ep  256] soldier      driving_B_2020.02.13_13.03.24.csv block-001@1514s reward=QoE= -113.01 pacing=0.00s eps=0.854 loss=2.1221
[ep  257] longdress    driving_B_2020.01.16_09.56.56.csv block-000@0s reward=QoE=  -74.26 pacing=0.00s eps=0.853 loss=2.1358
[ep  258] loot         driving_B_2020.01.16_09.56.56.csv block-000@120s reward=QoE=  -69.54 pacing=0.00s eps=0.853 loss=1.7889
[ep  259] redandblack  driving_B_2020.01.16_07.26.43.csv block-000@360s reward=QoE= -118.53 pacing=0.00s eps=0.852 loss=1.9181
[ep  260] soldier      driving_B_2020.02.13_15.02.01.csv block-000@2820s reward=QoE=   36.43 pacing=0.00s eps=0.852 loss=1.9269
[ep  261] longdress    driving_B_2020.01.16_09.56.56.csv block-001@879s reward=QoE=   56.55 pacing=0.00s eps=0.851 loss=1.8542
[ep  262] loot         driving_B_2020.02.13_15.02.01.csv block-000@2460s reward=QoE=   46.43 pacing=0.24s eps=0.850 loss=2.0359
[ep  263] redandblack  driving_B_2019.12.16_12.27.05.csv block-000@660s reward=QoE= -226.02 pacing=0.00s eps=0.850 loss=1.8258
[ep  264] soldier      driving_B_2020.02.14_12.58.17.csv block-002@716s reward=QoE=  -46.59 pacing=0.00s eps=0.849 loss=1.8430
[ep  265] longdress    static_B_2020.02.27_18.39.27.csv block-001@132s reward=QoE=   48.73 pacing=0.00s eps=0.849 loss=2.2272
[ep  266] loot         driving_B_2020.01.16_09.56.56.csv block-001@1659s reward=QoE=   53.52 pacing=1.65s eps=0.848 loss=2.1407
[ep  267] redandblack  static_B_2020.02.27_18.39.27.csv block-001@5772s reward=QoE=   53.67 pacing=0.92s eps=0.848 loss=1.9954
[ep  268] soldier      driving_B_2019.12.17_07.32.39.csv block-000@720s reward=QoE=  -71.46 pacing=0.00s eps=0.847 loss=1.9519
[ep  269] longdress    driving_B_2019.12.16_12.27.05.csv block-000@480s reward=QoE= -166.15 pacing=0.00s eps=0.846 loss=1.7809
[ep  270] loot         driving_B_2019.12.16_12.27.05.csv block-000@720s reward=QoE=  -33.88 pacing=0.00s eps=0.846 loss=1.9174
[ep  271] redandblack  driving_B_2019.12.16_12.27.05.csv block-000@1260s reward=QoE=   47.72 pacing=2.25s eps=0.845 loss=2.1825
[ep  272] soldier      driving_B_2020.02.14_12.58.17.csv block-002@656s reward=QoE=  -62.24 pacing=0.00s eps=0.845 loss=1.8607
[ep  273] longdress    driving_B_2020.01.16_12.10.03.csv block-000@300s reward=QoE=   20.61 pacing=0.00s eps=0.844 loss=2.0577
[ep  274] loot         driving_B_2020.02.13_15.02.01.csv block-000@960s reward=QoE=   63.46 pacing=0.00s eps=0.844 loss=2.0902
[ep  275] redandblack  driving_B_2019.12.16_12.27.05.csv block-000@1200s reward=QoE=    1.46 pacing=0.00s eps=0.843 loss=2.0532
[ep  276] soldier      driving_B_2019.12.16_12.27.05.csv block-000@960s reward=QoE=   57.11 pacing=0.47s eps=0.842 loss=1.8287
[ep  277] longdress    static_B_2019.12.16_13.40.04.csv block-005@2006s reward=QoE=   19.10 pacing=0.00s eps=0.842 loss=1.7633
[ep  278] loot         driving_B_2020.02.14_12.58.17.csv block-000@0s reward=QoE=  -28.59 pacing=0.00s eps=0.841 loss=2.0662
[ep  279] redandblack  driving_B_2019.12.17_07.32.39.csv block-003@2014s reward=QoE=  -83.65 pacing=0.00s eps=0.841 loss=1.8952
[ep  280] soldier      driving_B_2020.02.13_15.02.01.csv block-000@1380s reward=QoE=   -9.18 pacing=0.00s eps=0.840 loss=2.0656
[ep  281] longdress    driving_B_2020.01.16_09.56.56.csv block-001@699s reward=QoE=   48.80 pacing=0.42s eps=0.840 loss=1.9424
[ep  282] loot         static_B_2020.02.27_18.39.27.csv block-001@5592s reward=QoE=   22.27 pacing=0.00s eps=0.839 loss=2.0108
[ep  283] redandblack  static_B_2020.02.14_13.21.26.csv block-000@1080s reward=QoE=   56.91 pacing=0.62s eps=0.838 loss=1.8639
[ep  284] soldier      driving_B_2020.02.13_15.02.01.csv block-000@240s reward=QoE=   47.66 pacing=0.00s eps=0.838 loss=1.8346
[ep  285] longdress    driving_B_2020.02.27_17.30.15.csv block-002@533s reward=QoE= -258.75 pacing=0.00s eps=0.837 loss=2.1119
[ep  286] loot         driving_B_2019.12.16_12.27.05.csv block-000@1080s reward=QoE=   55.05 pacing=0.00s eps=0.837 loss=1.8385
[ep  287] redandblack  driving_B_2020.01.16_07.26.43.csv block-000@1740s reward=QoE= -185.96 pacing=0.00s eps=0.836 loss=2.0683
[ep  288] soldier      static_B_2020.02.27_18.39.27.csv block-001@2952s reward=QoE=   45.71 pacing=0.00s eps=0.836 loss=1.8749
[ep  289] longdress    driving_B_2020.02.13_15.02.01.csv block-000@2940s reward=QoE= -147.53 pacing=0.00s eps=0.835 loss=1.8086
[ep  290] loot         driving_B_2019.12.16_12.27.05.csv block-000@540s reward=QoE= -170.51 pacing=0.00s eps=0.834 loss=2.1510
[ep  291] redandblack  driving_B_2020.02.27_17.30.15.csv block-002@533s reward=QoE= -190.93 pacing=0.00s eps=0.834 loss=1.7388
[ep  292] soldier      driving_B_2020.02.13_13.03.24.csv block-000@60s reward=QoE=  -76.04 pacing=0.00s eps=0.833 loss=1.8011
[ep  293] longdress    driving_B_2020.02.14_12.58.17.csv block-002@656s reward=QoE=  -65.10 pacing=0.00s eps=0.833 loss=2.1278
[ep  294] loot         driving_B_2020.01.16_12.10.03.csv block-000@0s reward=QoE=   41.32 pacing=2.43s eps=0.832 loss=1.9017
[ep  295] redandblack  driving_B_2020.01.16_12.10.03.csv block-000@360s reward=QoE=   43.74 pacing=0.00s eps=0.832 loss=2.0086
[ep  296] soldier      driving_B_2019.12.17_07.32.39.csv block-003@1534s reward=QoE=    1.68 pacing=0.00s eps=0.831 loss=1.8657
[ep  297] longdress    driving_B_2020.01.16_07.26.43.csv block-000@1860s reward=QoE=  -99.68 pacing=0.00s eps=0.830 loss=1.9718
[ep  298] loot         driving_B_2019.12.17_07.32.39.csv block-000@360s reward=QoE=   21.65 pacing=0.00s eps=0.830 loss=1.8553
[ep  299] redandblack  driving_B_2020.01.16_12.10.03.csv block-000@240s reward=QoE=   53.65 pacing=1.75s eps=0.829 loss=1.9219
[ep  300] soldier      static_B_2020.02.14_13.21.26.csv block-000@300s reward=QoE=   33.31 pacing=0.00s eps=0.829 loss=1.7659
[ep  301] longdress    driving_B_2020.01.16_07.26.43.csv block-000@900s reward=QoE=  -11.36 pacing=0.00s eps=0.828 loss=1.9946
[ep  302] loot         driving_B_2020.02.14_12.58.17.csv block-002@596s reward=QoE=  -55.58 pacing=0.00s eps=0.828 loss=1.8909
[ep  303] redandblack  driving_B_2020.02.13_13.03.24.csv block-001@1334s reward=QoE=  -68.78 pacing=0.00s eps=0.827 loss=1.7713
[ep  304] soldier      driving_B_2020.01.16_09.56.56.csv block-001@1059s reward=QoE=  -49.54 pacing=0.00s eps=0.826 loss=1.9112
[ep  305] longdress    driving_B_2020.02.27_17.30.15.csv block-002@413s reward=QoE= -602.64 pacing=0.00s eps=0.826 loss=2.0314
[ep  306] loot         static_B_2020.02.14_13.21.26.csv block-000@60s reward=QoE=   50.95 pacing=1.97s eps=0.825 loss=1.8314
[ep  307] redandblack  driving_B_2020.02.14_12.58.17.csv block-002@536s reward=QoE= -218.33 pacing=0.00s eps=0.825 loss=1.9861
[ep  308] soldier      driving_B_2020.02.14_09.38.22.csv block-000@1020s reward=QoE=   46.07 pacing=0.30s eps=0.824 loss=1.8187
[ep  309] longdress    static_B_2020.02.27_18.39.27.csv block-001@3912s reward=QoE=   44.06 pacing=0.00s eps=0.824 loss=2.1070
[ep  310] loot         driving_B_2020.01.16_09.56.56.csv block-001@999s reward=QoE=  -37.27 pacing=0.00s eps=0.823 loss=2.0258
[ep  311] redandblack  driving_B_2020.01.16_07.26.43.csv block-000@180s reward=QoE= -187.45 pacing=0.00s eps=0.822 loss=1.9894
[ep  312] soldier      driving_B_2020.02.13_13.03.24.csv block-000@540s reward=QoE=  -88.60 pacing=0.00s eps=0.822 loss=2.3174
[ep  313] longdress    driving_B_2020.02.14_09.38.22.csv block-000@1500s reward=QoE= -135.96 pacing=0.00s eps=0.821 loss=2.0927
[ep  314] loot         driving_B_2020.01.16_12.10.03.csv block-000@180s reward=QoE=   55.94 pacing=0.82s eps=0.821 loss=1.8984
[ep  315] redandblack  static_B_2020.02.27_18.39.27.csv block-001@2892s reward=QoE=   45.47 pacing=1.50s eps=0.820 loss=1.9129
[ep  316] soldier      driving_B_2020.01.16_09.56.56.csv block-001@939s reward=QoE=  -67.41 pacing=0.00s eps=0.820 loss=1.9202
[ep  317] longdress    static_B_2020.02.14_13.21.26.csv block-000@900s reward=QoE=   35.20 pacing=0.00s eps=0.819 loss=1.9180
[ep  318] loot         driving_B_2019.12.17_07.32.39.csv block-000@300s reward=QoE=   -0.21 pacing=0.00s eps=0.818 loss=1.8957
[ep  319] redandblack  driving_B_2019.12.16_12.27.05.csv block-000@1080s reward=QoE=   61.22 pacing=0.00s eps=0.818 loss=1.9486
[ep  320] soldier      static_B_2020.02.27_18.39.27.csv block-001@852s reward=QoE=   16.45 pacing=0.00s eps=0.817 loss=2.0870
[ep  321] longdress    driving_B_2020.01.16_07.26.43.csv block-000@540s reward=QoE=  -59.39 pacing=0.00s eps=0.817 loss=2.0300
[ep  322] loot         driving_B_2020.02.14_12.58.17.csv block-002@536s reward=QoE= -211.65 pacing=0.00s eps=0.816 loss=2.1976
[ep  323] redandblack  driving_B_2020.01.16_12.10.03.csv block-000@360s reward=QoE=   40.84 pacing=0.14s eps=0.816 loss=1.9778
[ep  324] soldier      static_B_2019.12.16_13.40.04.csv block-005@1826s reward=QoE=   49.48 pacing=0.00s eps=0.815 loss=1.8752
[ep  325] longdress    static_B_2020.02.14_13.21.26.csv block-000@240s reward=QoE=   45.37 pacing=1.84s eps=0.814 loss=1.8392
[ep  326] loot         driving_B_2020.02.14_12.58.17.csv block-002@716s reward=QoE=   -1.07 pacing=0.00s eps=0.814 loss=2.0549
[ep  327] redandblack  driving_B_2019.12.17_07.32.39.csv block-000@1080s reward=QoE=   16.15 pacing=0.00s eps=0.813 loss=2.0050
[ep  328] soldier      driving_B_2020.02.27_17.30.15.csv block-002@293s reward=QoE= -344.13 pacing=0.00s eps=0.813 loss=2.0587
[ep  329] longdress    driving_B_2020.02.14_12.58.17.csv block-002@716s reward=QoE=  -58.86 pacing=0.00s eps=0.812 loss=1.9702
[ep  330] loot         driving_B_2020.02.14_09.38.22.csv block-000@1380s reward=QoE=    8.19 pacing=0.00s eps=0.812 loss=1.9250
[ep  331] redandblack  driving_B_2020.01.16_09.56.56.csv block-001@1719s reward=QoE=   49.31 pacing=0.00s eps=0.811 loss=2.0422
[ep  332] soldier      driving_B_2020.02.27_17.30.15.csv block-002@293s reward=QoE= -230.84 pacing=0.00s eps=0.810 loss=1.9598
[ep  333] longdress    driving_B_2020.01.16_07.26.43.csv block-000@1800s reward=QoE=  -27.32 pacing=0.00s eps=0.810 loss=1.9380
[ep  334] loot         driving_B_2020.02.13_15.02.01.csv block-000@360s reward=QoE=   40.82 pacing=0.00s eps=0.809 loss=1.9960
[ep  335] redandblack  static_B_2019.12.16_13.40.04.csv block-000@0s reward=QoE=   56.82 pacing=0.00s eps=0.809 loss=2.0284
[ep  336] soldier      driving_B_2019.12.17_07.32.39.csv block-000@1200s reward=QoE=   43.70 pacing=0.65s eps=0.808 loss=1.9525
[ep  337] longdress    driving_B_2020.01.16_12.10.03.csv block-000@0s reward=QoE=   41.06 pacing=1.85s eps=0.808 loss=2.0041
[ep  338] loot         driving_B_2020.02.27_17.30.15.csv block-002@413s reward=QoE= -503.55 pacing=0.00s eps=0.807 loss=1.7980
[ep  339] redandblack  static_B_2020.02.14_13.21.26.csv block-000@1020s reward=QoE=   42.72 pacing=1.82s eps=0.806 loss=2.0096
[ep  340] soldier      driving_B_2020.02.13_15.02.01.csv block-000@180s reward=QoE=   30.07 pacing=0.00s eps=0.806 loss=1.6543
[ep  341] longdress    driving_B_2019.12.17_07.32.39.csv block-000@600s reward=QoE=  -36.29 pacing=0.00s eps=0.805 loss=1.9732
[ep  342] loot         driving_B_2020.02.14_12.58.17.csv block-002@716s reward=QoE=  -48.81 pacing=0.00s eps=0.805 loss=1.8754
[ep  343] redandblack  static_B_2020.02.14_13.21.26.csv block-000@120s reward=QoE=   45.15 pacing=1.52s eps=0.804 loss=2.1475
[ep  344] soldier      driving_B_2019.12.16_12.27.05.csv block-000@180s reward=QoE=  -41.23 pacing=0.00s eps=0.804 loss=2.0102
[ep  345] longdress    static_B_2019.12.16_13.40.04.csv block-005@1406s reward=QoE=   16.16 pacing=0.00s eps=0.803 loss=2.0589
[ep  346] loot         static_B_2020.02.27_18.39.27.csv block-001@4392s reward=QoE=   15.18 pacing=0.00s eps=0.802 loss=1.8063
[ep  347] redandblack  driving_B_2020.02.13_15.02.01.csv block-000@480s reward=QoE=   53.02 pacing=0.72s eps=0.802 loss=2.3426
[ep  348] soldier      driving_B_2019.12.17_07.32.39.csv block-004@2357s reward=QoE=  -88.42 pacing=0.00s eps=0.801 loss=1.8616
[ep  349] longdress    driving_B_2020.02.27_17.30.15.csv block-002@293s reward=QoE= -273.21 pacing=0.00s eps=0.801 loss=1.8636
[ep  350] loot         driving_B_2019.12.16_12.27.05.csv block-000@1140s reward=QoE=   35.19 pacing=0.00s eps=0.800 loss=1.9052
[ep  351] redandblack  driving_B_2020.02.13_15.02.01.csv block-000@1260s reward=QoE=    8.11 pacing=0.00s eps=0.800 loss=1.7563
[ep  352] soldier      driving_B_2019.12.16_12.27.05.csv block-000@240s reward=QoE=  -43.61 pacing=0.00s eps=0.799 loss=1.8251
[ep  353] longdress    driving_B_2020.01.16_07.26.43.csv block-000@420s reward=QoE= -142.81 pacing=0.00s eps=0.798 loss=1.8625
[ep  354] loot         static_B_2019.12.16_13.40.04.csv block-000@300s reward=QoE=    8.78 pacing=0.00s eps=0.798 loss=1.7886
[ep  355] redandblack  driving_B_2020.02.13_13.03.24.csv block-000@660s reward=QoE=  -15.92 pacing=0.00s eps=0.797 loss=1.7626
[ep  356] soldier      driving_B_2020.02.13_13.03.24.csv block-000@180s reward=QoE= -182.01 pacing=0.00s eps=0.797 loss=1.9152
[ep  357] longdress    driving_B_2019.12.16_12.27.05.csv block-000@960s reward=QoE=   28.26 pacing=0.00s eps=0.796 loss=2.2170
[ep  358] loot         driving_B_2020.02.14_09.38.22.csv block-000@1500s reward=QoE=  -44.40 pacing=0.00s eps=0.796 loss=1.9040
[ep  359] redandblack  static_B_2020.02.14_13.21.26.csv block-000@720s reward=QoE=   51.92 pacing=0.84s eps=0.795 loss=1.7655
[ep  360] soldier      static_B_2020.02.27_18.39.27.csv block-001@4992s reward=QoE=   40.84 pacing=0.00s eps=0.794 loss=2.2089
[ep  361] longdress    driving_B_2020.02.14_12.58.17.csv block-000@0s reward=QoE=  -13.63 pacing=0.00s eps=0.794 loss=2.0215
[ep  362] loot         driving_B_2020.02.27_17.30.15.csv block-002@353s reward=QoE= -111.66 pacing=0.00s eps=0.793 loss=1.9319
[ep  363] redandblack  driving_B_2020.01.16_12.10.03.csv block-000@0s reward=QoE=   54.93 pacing=1.92s eps=0.793 loss=1.9126
[ep  364] soldier      driving_B_2020.01.16_07.26.43.csv block-000@660s reward=QoE=  -60.06 pacing=0.00s eps=0.792 loss=1.8344
[ep  365] longdress    static_B_2020.02.27_18.39.27.csv block-001@6012s reward=QoE=   56.76 pacing=0.74s eps=0.792 loss=2.1564
[ep  366] loot         driving_B_2020.02.27_17.30.15.csv block-002@353s reward=QoE= -146.40 pacing=0.00s eps=0.791 loss=1.8363
[ep  367] redandblack  driving_B_2020.01.16_09.56.56.csv block-001@1059s reward=QoE=  -50.61 pacing=0.00s eps=0.790 loss=1.9411
[ep  368] soldier      driving_B_2020.02.13_13.03.24.csv block-001@1874s reward=QoE= -240.21 pacing=0.00s eps=0.790 loss=1.9452
[ep  369] longdress    driving_B_2020.01.16_07.26.43.csv block-000@60s reward=QoE=  -20.38 pacing=0.00s eps=0.789 loss=1.8011
[ep  370] loot         driving_B_2020.02.27_17.30.15.csv block-002@413s reward=QoE= -116.57 pacing=0.00s eps=0.789 loss=2.0552
[ep  371] redandblack  driving_B_2020.02.14_09.38.22.csv block-000@1560s reward=QoE=   -0.57 pacing=0.00s eps=0.788 loss=1.7815
[ep  372] soldier      driving_B_2020.01.16_12.10.03.csv block-000@180s reward=QoE=   45.65 pacing=0.91s eps=0.788 loss=1.6815
[ep  373] longdress    driving_B_2019.12.17_07.32.39.csv block-003@1954s reward=QoE= -256.03 pacing=0.00s eps=0.787 loss=1.5939
[ep  374] loot         driving_B_2020.02.14_09.38.22.csv block-000@1440s reward=QoE=   60.03 pacing=1.73s eps=0.786 loss=1.7428
[ep  375] redandblack  driving_B_2020.02.27_17.30.15.csv block-002@293s reward=QoE= -309.65 pacing=0.00s eps=0.786 loss=1.7363
[ep  376] soldier      static_B_2020.02.27_18.39.27.csv block-001@1332s reward=QoE=   -4.19 pacing=0.00s eps=0.785 loss=1.8764
[ep  377] longdress    driving_B_2020.02.14_09.38.22.csv block-000@780s reward=QoE=   59.71 pacing=0.00s eps=0.785 loss=1.9211
[ep  378] loot         driving_B_2020.01.16_12.10.03.csv block-000@60s reward=QoE=   48.24 pacing=0.00s eps=0.784 loss=1.8257
[ep  379] redandblack  driving_B_2019.12.16_12.27.05.csv block-000@240s reward=QoE=   -3.40 pacing=0.00s eps=0.784 loss=1.9865
[ep  380] soldier      driving_B_2020.02.14_09.38.22.csv block-000@1320s reward=QoE= -115.53 pacing=0.00s eps=0.783 loss=1.9612
[ep  381] longdress    static_B_2020.02.14_13.21.26.csv block-000@300s reward=QoE=   42.82 pacing=0.00s eps=0.783 loss=2.0124
[ep  382] loot         driving_B_2020.02.14_09.38.22.csv block-000@480s reward=QoE=  -38.62 pacing=0.00s eps=0.782 loss=1.8450
[ep  383] redandblack  driving_B_2020.02.13_13.03.24.csv block-001@1994s reward=QoE=   52.46 pacing=0.00s eps=0.781 loss=1.6043
[ep  384] soldier      static_B_2020.02.27_18.39.27.csv block-001@5172s reward=QoE=   12.78 pacing=0.00s eps=0.781 loss=1.9849
[ep  385] longdress    driving_B_2020.01.16_12.10.03.csv block-000@300s reward=QoE=   11.48 pacing=0.00s eps=0.780 loss=1.7920
[ep  386] loot         driving_B_2020.01.16_07.26.43.csv block-000@1380s reward=QoE=  -22.78 pacing=0.00s eps=0.780 loss=1.8968
[ep  387] redandblack  driving_B_2020.02.27_17.30.15.csv block-002@413s reward=QoE= -144.43 pacing=0.00s eps=0.779 loss=1.9764
[ep  388] soldier      static_B_2020.02.27_18.39.27.csv block-001@1572s reward=QoE=   52.97 pacing=0.60s eps=0.779 loss=1.9582
[ep  389] longdress    driving_B_2020.01.16_12.10.03.csv block-000@120s reward=QoE=   56.13 pacing=0.02s eps=0.778 loss=2.2033
[ep  390] loot         driving_B_2020.02.13_13.03.24.csv block-001@1754s reward=QoE=  -14.99 pacing=0.00s eps=0.777 loss=1.9003
[ep  391] redandblack  static_B_2020.02.14_13.21.26.csv block-000@120s reward=QoE=   61.67 pacing=1.87s eps=0.777 loss=2.0667
[ep  392] soldier      driving_B_2020.02.14_12.58.17.csv block-002@656s reward=QoE=  -79.41 pacing=0.00s eps=0.776 loss=1.6990
[ep  393] longdress    static_B_2019.12.16_13.40.04.csv block-001@955s reward=QoE=   39.45 pacing=0.00s eps=0.776 loss=1.7666
[ep  394] loot         driving_B_2020.02.13_15.02.01.csv block-000@1200s reward=QoE=   18.20 pacing=0.00s eps=0.775 loss=1.7881
[ep  395] redandblack  driving_B_2020.02.13_15.02.01.csv block-000@1140s reward=QoE=   47.15 pacing=0.00s eps=0.775 loss=1.8084
[ep  396] soldier      static_B_2020.02.14_13.21.26.csv block-000@840s reward=QoE=   51.67 pacing=1.22s eps=0.774 loss=1.7253
[ep  397] longdress    driving_B_2020.01.16_07.26.43.csv block-000@1620s reward=QoE=  -44.55 pacing=0.00s eps=0.773 loss=2.0753
[ep  398] loot         driving_B_2019.12.16_12.27.05.csv block-000@600s reward=QoE=  -54.05 pacing=0.00s eps=0.773 loss=1.8601
[ep  399] redandblack  driving_B_2020.01.16_07.26.43.csv block-000@1200s reward=QoE=   38.16 pacing=0.00s eps=0.772 loss=1.7489
[ep  400] soldier      static_B_2020.02.27_18.39.27.csv block-001@6432s reward=QoE=   39.04 pacing=0.13s eps=0.772 loss=1.8508
    [eval @ ep 400] reward=QoE=46.93 mean_q=0.641 stall=1.9s  <-- best (saved)
[ep  401] longdress    driving_B_2020.02.27_17.30.15.csv block-002@473s reward=QoE= -286.64 pacing=0.00s eps=0.771 loss=1.8694
[ep  402] loot         static_B_2020.02.14_13.21.26.csv block-000@540s reward=QoE=   53.24 pacing=0.91s eps=0.771 loss=1.7832
[ep  403] redandblack  driving_B_2020.02.13_15.02.01.csv block-000@0s reward=QoE=   48.17 pacing=0.00s eps=0.770 loss=2.3689
[ep  404] soldier      driving_B_2019.12.17_07.32.39.csv block-000@540s reward=QoE= -171.53 pacing=0.00s eps=0.769 loss=1.9054
[ep  405] longdress    static_B_2020.02.14_13.21.26.csv block-000@1080s reward=QoE=   38.47 pacing=0.92s eps=0.769 loss=2.0195
[ep  406] loot         driving_B_2019.12.17_07.32.39.csv block-004@2237s reward=QoE=  -44.08 pacing=0.00s eps=0.768 loss=1.9878
[ep  407] redandblack  driving_B_2020.02.13_15.02.01.csv block-000@2160s reward=QoE=   31.35 pacing=0.00s eps=0.768 loss=2.2543
[ep  408] soldier      driving_B_2020.02.13_15.02.01.csv block-000@1800s reward=QoE= -187.27 pacing=0.00s eps=0.767 loss=2.0503
[ep  409] longdress    driving_B_2020.02.27_17.30.15.csv block-002@353s reward=QoE= -200.60 pacing=0.00s eps=0.767 loss=1.9198
[ep  410] loot         driving_B_2020.02.14_12.58.17.csv block-002@536s reward=QoE= -209.58 pacing=0.00s eps=0.766 loss=2.2583
[ep  411] redandblack  driving_B_2020.01.16_07.26.43.csv block-000@1140s reward=QoE=   37.30 pacing=0.00s eps=0.765 loss=2.1584
[ep  412] soldier      driving_B_2020.02.14_12.58.17.csv block-002@596s reward=QoE=  -66.72 pacing=0.00s eps=0.765 loss=2.2420
[ep  413] longdress    driving_B_2020.02.14_09.38.22.csv block-000@180s reward=QoE= -276.07 pacing=0.00s eps=0.764 loss=1.7589
[ep  414] loot         driving_B_2020.02.14_12.58.17.csv block-000@0s reward=QoE=    8.41 pacing=0.00s eps=0.764 loss=1.9677
[ep  415] redandblack  driving_B_2020.02.14_09.38.22.csv block-000@120s reward=QoE= -106.59 pacing=0.00s eps=0.763 loss=1.8165
[ep  416] soldier      driving_B_2020.01.16_09.56.56.csv block-001@1239s reward=QoE=   13.95 pacing=0.00s eps=0.763 loss=1.8680
[ep  417] loot         static_B_2020.02.14_13.21.26.csv block-000@1080s reward=QoE=   66.12 pacing=0.71s eps=0.762 loss=2.2261
[ep  418] redandblack  driving_B_2020.02.27_17.30.15.csv block-002@473s reward=QoE= -319.16 pacing=0.00s eps=0.761 loss=1.9845
[ep  419] soldier      driving_B_2020.01.16_07.26.43.csv block-000@1800s reward=QoE=  -59.19 pacing=0.00s eps=0.761 loss=2.1862
[ep  420] longdress    driving_B_2019.12.16_12.27.05.csv block-000@240s reward=QoE=  -14.78 pacing=0.00s eps=0.760 loss=1.8472
[ep  421] loot         driving_B_2020.01.16_09.56.56.csv block-001@1659s reward=QoE=   50.07 pacing=1.83s eps=0.760 loss=2.0146
[ep  422] redandblack  driving_B_2020.02.14_09.38.22.csv block-000@660s reward=QoE=   13.82 pacing=0.00s eps=0.759 loss=2.2605
[ep  423] soldier      driving_B_2019.12.16_12.27.05.csv block-000@1200s reward=QoE=  -45.45 pacing=0.00s eps=0.759 loss=1.6770
[ep  424] longdress    driving_B_2019.12.16_12.27.05.csv block-000@900s reward=QoE=   47.19 pacing=1.03s eps=0.758 loss=1.9352
[ep  425] loot         static_B_2020.02.14_13.21.26.csv block-000@300s reward=QoE=   34.86 pacing=0.00s eps=0.757 loss=2.3265
[ep  426] redandblack  driving_B_2019.12.16_12.27.05.csv block-000@0s reward=QoE=   11.90 pacing=0.00s eps=0.757 loss=2.1714
[ep  427] soldier      driving_B_2020.02.13_15.02.01.csv block-000@840s reward=QoE=  -29.37 pacing=0.00s eps=0.756 loss=2.1468
[ep  428] longdress    static_B_2019.12.16_13.40.04.csv block-000@180s reward=QoE=   50.15 pacing=0.00s eps=0.756 loss=1.8360
[ep  429] loot         driving_B_2020.02.13_13.03.24.csv block-001@1334s reward=QoE= -120.62 pacing=0.00s eps=0.755 loss=1.9878
[ep  430] redandblack  driving_B_2020.02.14_09.38.22.csv block-000@480s reward=QoE=  -30.66 pacing=0.00s eps=0.755 loss=1.9413
[ep  431] soldier      driving_B_2020.01.16_12.10.03.csv block-000@360s reward=QoE=   47.35 pacing=1.08s eps=0.754 loss=1.8006
[ep  432] longdress    static_B_2020.02.27_18.39.27.csv block-001@4212s reward=QoE=   57.83 pacing=0.39s eps=0.753 loss=2.3844
[ep  433] loot         driving_B_2020.02.13_13.03.24.csv block-000@660s reward=QoE=   -1.64 pacing=0.00s eps=0.753 loss=1.8833
[ep  434] redandblack  driving_B_2020.02.13_15.02.01.csv block-000@2760s reward=QoE= -104.32 pacing=0.00s eps=0.752 loss=1.9744
[ep  435] soldier      driving_B_2020.01.16_09.56.56.csv block-000@0s reward=QoE=  -35.98 pacing=0.00s eps=0.752 loss=2.1512
[ep  436] longdress    driving_B_2020.02.13_15.02.01.csv block-000@2460s reward=QoE=   40.96 pacing=0.00s eps=0.751 loss=1.8771
[ep  437] loot         static_B_2020.02.27_18.39.27.csv block-001@4692s reward=QoE=   45.05 pacing=1.43s eps=0.751 loss=1.8143
[ep  438] redandblack  driving_B_2020.02.14_09.38.22.csv block-000@1380s reward=QoE=   18.65 pacing=0.00s eps=0.750 loss=1.9681
[ep  439] soldier      driving_B_2020.02.14_12.58.17.csv block-002@656s reward=QoE=  -67.34 pacing=0.00s eps=0.749 loss=2.0407
[ep  440] longdress    driving_B_2020.02.13_13.03.24.csv block-000@480s reward=QoE=  -66.36 pacing=0.00s eps=0.749 loss=1.9773
[ep  441] loot         static_B_2020.02.14_13.21.26.csv block-000@900s reward=QoE=   62.44 pacing=0.84s eps=0.748 loss=1.9068
[ep  442] redandblack  static_B_2020.02.14_13.21.26.csv block-000@60s reward=QoE=   54.47 pacing=2.35s eps=0.748 loss=1.9679
[ep  443] soldier      driving_B_2019.12.16_12.27.05.csv block-000@180s reward=QoE=  -61.54 pacing=0.00s eps=0.747 loss=2.0118
[ep  444] longdress    static_B_2020.02.14_13.21.26.csv block-000@780s reward=QoE=   48.21 pacing=1.03s eps=0.747 loss=1.9300
[ep  445] loot         driving_B_2020.02.14_09.38.22.csv block-000@1080s reward=QoE=   40.67 pacing=2.07s eps=0.746 loss=2.0903
[ep  446] redandblack  driving_B_2019.12.16_12.27.05.csv block-000@960s reward=QoE=   44.76 pacing=1.42s eps=0.745 loss=1.8869
[ep  447] soldier      driving_B_2019.12.17_07.32.39.csv block-000@1200s reward=QoE=   68.51 pacing=0.98s eps=0.745 loss=2.0364
[ep  448] longdress    driving_B_2020.01.16_07.26.43.csv block-000@600s reward=QoE=  -70.69 pacing=0.00s eps=0.744 loss=1.9202
[ep  449] loot         static_B_2020.02.14_13.21.26.csv block-000@0s reward=QoE=   30.41 pacing=0.00s eps=0.744 loss=2.1609
[ep  450] redandblack  driving_B_2020.01.16_09.56.56.csv block-001@999s reward=QoE=  -64.12 pacing=0.00s eps=0.743 loss=2.1482
[ep  451] soldier      driving_B_2020.02.27_17.30.15.csv block-002@533s reward=QoE= -241.35 pacing=0.00s eps=0.743 loss=2.0830
[ep  452] longdress    driving_B_2020.02.27_17.30.15.csv block-002@473s reward=QoE= -446.14 pacing=0.00s eps=0.742 loss=1.7788
[ep  453] loot         driving_B_2019.12.17_07.32.39.csv block-004@2237s reward=QoE=  -32.86 pacing=0.00s eps=0.741 loss=1.9089
[ep  454] redandblack  driving_B_2020.02.13_13.03.24.csv block-000@120s reward=QoE=  -75.38 pacing=0.00s eps=0.741 loss=1.9015
[ep  455] soldier      static_B_2020.02.14_13.21.26.csv block-000@720s reward=QoE=   52.26 pacing=1.20s eps=0.740 loss=2.1749
[ep  456] longdress    static_B_2020.02.27_18.39.27.csv block-001@6432s reward=QoE=   49.82 pacing=0.00s eps=0.740 loss=2.1719
[ep  457] loot         static_B_2020.02.27_18.39.27.csv block-001@792s reward=QoE=   56.56 pacing=2.19s eps=0.739 loss=2.1096
[ep  458] redandblack  static_B_2020.02.14_13.21.26.csv block-000@420s reward=QoE=   56.50 pacing=1.38s eps=0.739 loss=1.9586
[ep  459] soldier      driving_B_2020.02.27_17.30.15.csv block-002@533s reward=QoE= -238.79 pacing=0.00s eps=0.738 loss=2.3198
[ep  460] longdress    driving_B_2020.02.14_12.58.17.csv block-002@596s reward=QoE=  -53.20 pacing=0.00s eps=0.737 loss=2.2080
[ep  461] loot         driving_B_2020.01.16_09.56.56.csv block-001@1719s reward=QoE=   62.62 pacing=0.00s eps=0.737 loss=1.9048
[ep  462] redandblack  static_B_2020.02.14_13.21.26.csv block-000@120s reward=QoE=   56.43 pacing=0.91s eps=0.736 loss=2.2619
[ep  463] soldier      static_B_2020.02.27_18.39.27.csv block-001@1692s reward=QoE=   21.31 pacing=0.00s eps=0.736 loss=1.9924
[ep  464] longdress    driving_B_2020.01.16_07.26.43.csv block-000@1440s reward=QoE=  -56.14 pacing=0.00s eps=0.735 loss=1.7427
[ep  465] loot         driving_B_2019.12.17_07.32.39.csv block-000@0s reward=QoE=   -8.16 pacing=0.00s eps=0.735 loss=1.8216
[ep  466] redandblack  driving_B_2020.02.13_15.02.01.csv block-000@2880s reward=QoE=   24.64 pacing=1.06s eps=0.734 loss=2.2090
[ep  467] soldier      driving_B_2020.02.13_13.03.24.csv block-001@1214s reward=QoE= -116.22 pacing=0.00s eps=0.733 loss=2.2893
[ep  468] longdress    driving_B_2020.02.13_15.02.01.csv block-000@1680s reward=QoE=  -93.50 pacing=0.00s eps=0.733 loss=2.1243
[ep  469] loot         driving_B_2019.12.17_07.32.39.csv block-000@1380s reward=QoE=   34.44 pacing=0.00s eps=0.732 loss=2.1686
[ep  470] redandblack  driving_B_2020.02.14_09.38.22.csv block-000@1560s reward=QoE=   -0.76 pacing=0.00s eps=0.732 loss=1.6876
[ep  471] soldier      driving_B_2020.02.27_17.30.15.csv block-002@353s reward=QoE= -213.71 pacing=0.00s eps=0.731 loss=1.9896
[ep  472] longdress    driving_B_2020.02.14_12.58.17.csv block-002@536s reward=QoE= -298.96 pacing=0.00s eps=0.731 loss=1.7678
[ep  473] loot         driving_B_2020.02.14_12.58.17.csv block-002@536s reward=QoE= -188.94 pacing=0.00s eps=0.730 loss=2.0480
[ep  474] redandblack  driving_B_2019.12.16_12.27.05.csv block-000@540s reward=QoE= -190.56 pacing=0.00s eps=0.729 loss=1.8528
[ep  475] soldier      driving_B_2020.01.16_09.56.56.csv block-000@60s reward=QoE= -104.02 pacing=0.00s eps=0.729 loss=2.2402
[ep  476] longdress    driving_B_2020.02.14_09.38.22.csv block-000@1440s reward=QoE=   52.71 pacing=0.39s eps=0.728 loss=2.0198
[ep  477] loot         static_B_2020.02.14_13.21.26.csv block-000@240s reward=QoE=   61.22 pacing=2.10s eps=0.728 loss=2.2307
[ep  478] redandblack  driving_B_2020.01.16_07.26.43.csv block-000@420s reward=QoE=  -31.64 pacing=0.00s eps=0.727 loss=1.7742
[ep  479] soldier      driving_B_2020.01.16_07.26.43.csv block-000@720s reward=QoE=  -71.40 pacing=0.00s eps=0.727 loss=1.8821
[ep  480] longdress    static_B_2020.02.14_13.21.26.csv block-000@720s reward=QoE=   43.67 pacing=0.00s eps=0.726 loss=2.0998
[ep  481] loot         static_B_2019.12.16_13.40.04.csv block-000@240s reward=QoE=   25.64 pacing=0.00s eps=0.725 loss=1.8199
[ep  482] redandblack  static_B_2019.12.16_13.40.04.csv block-001@895s reward=QoE=   42.56 pacing=0.00s eps=0.725 loss=1.6580
[ep  483] soldier      static_B_2019.12.16_13.40.04.csv block-005@1526s reward=QoE=   29.41 pacing=0.00s eps=0.724 loss=2.1186
[ep  484] longdress    driving_B_2020.02.14_09.38.22.csv block-000@720s reward=QoE=   52.43 pacing=0.00s eps=0.724 loss=2.0326
[ep  485] loot         static_B_2020.02.27_18.39.27.csv block-001@4992s reward=QoE=   46.18 pacing=0.00s eps=0.723 loss=2.2372
[ep  486] redandblack  static_B_2019.12.16_13.40.04.csv block-005@1706s reward=QoE=   48.70 pacing=0.00s eps=0.723 loss=2.1341
[ep  487] soldier      driving_B_2020.02.13_13.03.24.csv block-007@2290s reward=QoE= -328.67 pacing=0.00s eps=0.722 loss=1.9930
[ep  488] longdress    driving_B_2020.02.13_13.03.24.csv block-001@1574s reward=QoE=  -70.30 pacing=0.00s eps=0.721 loss=2.1368
[ep  489] loot         driving_B_2020.02.13_15.02.01.csv block-000@2580s reward=QoE= -137.94 pacing=0.00s eps=0.721 loss=1.8285
[ep  490] redandblack  static_B_2019.12.16_13.40.04.csv block-006@2172s reward=QoE=   72.20 pacing=1.69s eps=0.720 loss=1.7661
[ep  491] soldier      driving_B_2020.01.16_09.56.56.csv block-001@939s reward=QoE=  -61.83 pacing=0.00s eps=0.720 loss=2.1806
[ep  492] longdress    static_B_2020.02.14_13.21.26.csv block-000@600s reward=QoE=   62.69 pacing=0.54s eps=0.719 loss=1.8281
[ep  493] loot         static_B_2020.02.27_18.39.27.csv block-001@6252s reward=QoE=   67.50 pacing=0.43s eps=0.719 loss=1.7914
[ep  494] redandblack  static_B_2019.12.16_13.40.04.csv block-005@1406s reward=QoE=   41.21 pacing=0.00s eps=0.718 loss=2.1067
[ep  495] soldier      driving_B_2020.01.16_07.26.43.csv block-000@300s reward=QoE=   -4.91 pacing=0.00s eps=0.717 loss=1.9237
[ep  496] longdress    driving_B_2019.12.17_07.32.39.csv block-000@240s reward=QoE=  -99.57 pacing=0.00s eps=0.717 loss=1.8428
[ep  497] loot         driving_B_2020.02.27_17.30.15.csv block-002@533s reward=QoE= -166.58 pacing=0.00s eps=0.716 loss=1.9030
[ep  498] redandblack  driving_B_2020.02.27_17.30.15.csv block-002@293s reward=QoE= -248.71 pacing=0.00s eps=0.716 loss=1.8104
[ep  499] soldier      driving_B_2020.02.13_15.02.01.csv block-000@1080s reward=QoE=  -72.25 pacing=0.00s eps=0.715 loss=1.9315
[ep  500] longdress    driving_B_2019.12.17_07.32.39.csv block-000@480s reward=QoE=   42.97 pacing=0.00s eps=0.715 loss=2.1320
[ep  501] loot         driving_B_2019.12.17_07.32.39.csv block-004@2417s reward=QoE=  -12.77 pacing=0.00s eps=0.714 loss=1.8038
[ep  502] redandblack  driving_B_2020.01.16_09.56.56.csv block-001@999s reward=QoE=  -41.62 pacing=0.00s eps=0.713 loss=1.9424
[ep  503] soldier      driving_B_2020.01.16_09.56.56.csv block-000@360s reward=QoE=   13.52 pacing=0.00s eps=0.713 loss=1.8032
[ep  504] longdress    driving_B_2020.02.27_17.30.15.csv block-002@353s reward=QoE= -204.11 pacing=0.00s eps=0.712 loss=1.9346
[ep  505] loot         driving_B_2020.02.13_13.03.24.csv block-000@0s reward=QoE=  -25.82 pacing=0.00s eps=0.712 loss=1.9828
[ep  506] redandblack  driving_B_2019.12.17_07.32.39.csv block-003@1594s reward=QoE=  -11.32 pacing=0.00s eps=0.711 loss=1.9106
[ep  507] soldier      driving_B_2020.01.16_12.10.03.csv block-000@360s reward=QoE=   38.50 pacing=0.79s eps=0.711 loss=2.1008
[ep  508] longdress    driving_B_2019.12.16_12.27.05.csv block-000@1140s reward=QoE=   22.14 pacing=0.00s eps=0.710 loss=1.8890
[ep  509] loot         driving_B_2020.02.13_15.02.01.csv block-000@2280s reward=QoE=   15.49 pacing=0.00s eps=0.709 loss=1.7859
[ep  510] redandblack  driving_B_2020.01.16_07.26.43.csv block-000@1500s reward=QoE= -128.86 pacing=0.00s eps=0.709 loss=1.9542
[ep  511] soldier      static_B_2020.02.27_18.39.27.csv block-001@3672s reward=QoE=   22.63 pacing=0.84s eps=0.708 loss=1.9806
[ep  512] longdress    driving_B_2020.02.14_09.38.22.csv block-000@1500s reward=QoE= -150.50 pacing=0.00s eps=0.708 loss=1.8667
[ep  513] loot         driving_B_2020.02.13_13.03.24.csv block-000@540s reward=QoE=  -26.20 pacing=0.00s eps=0.707 loss=1.9676
[ep  514] redandblack  driving_B_2019.12.16_12.27.05.csv block-000@840s reward=QoE=   26.78 pacing=0.00s eps=0.707 loss=2.1358
[ep  515] soldier      driving_B_2020.02.13_13.03.24.csv block-001@974s reward=QoE=  -45.73 pacing=0.00s eps=0.706 loss=2.0053
[ep  516] longdress    driving_B_2019.12.16_12.27.05.csv block-000@540s reward=QoE= -267.36 pacing=0.00s eps=0.705 loss=2.0667
[ep  517] loot         static_B_2020.02.27_18.39.27.csv block-001@1572s reward=QoE=   63.91 pacing=1.95s eps=0.705 loss=2.0133
[ep  518] redandblack  driving_B_2020.01.16_09.56.56.csv block-001@519s reward=QoE=   38.17 pacing=0.00s eps=0.704 loss=2.1102
[ep  519] soldier      driving_B_2020.02.13_13.03.24.csv block-001@1034s reward=QoE= -238.52 pacing=0.00s eps=0.704 loss=1.9887
[ep  520] longdress    driving_B_2020.02.13_15.02.01.csv block-000@1380s reward=QoE=    1.23 pacing=0.00s eps=0.703 loss=2.0504
[ep  521] loot         driving_B_2019.12.16_12.27.05.csv block-000@660s reward=QoE= -212.55 pacing=0.00s eps=0.703 loss=1.8710
[ep  522] redandblack  driving_B_2019.12.17_07.32.39.csv block-000@60s reward=QoE=  -18.08 pacing=0.00s eps=0.702 loss=2.0046
[ep  523] soldier      driving_B_2020.02.14_12.58.17.csv block-002@716s reward=QoE=  -60.56 pacing=0.00s eps=0.701 loss=1.8464
[ep  524] longdress    static_B_2020.02.14_13.21.26.csv block-000@960s reward=QoE=   26.84 pacing=0.00s eps=0.701 loss=1.6881
[ep  525] loot         driving_B_2019.12.16_12.27.05.csv block-000@840s reward=QoE=   43.83 pacing=0.00s eps=0.700 loss=1.7528
[ep  526] redandblack  driving_B_2020.01.16_12.10.03.csv block-000@60s reward=QoE=   58.41 pacing=0.00s eps=0.700 loss=1.7848
[ep  527] soldier      driving_B_2020.01.16_07.26.43.csv block-000@1080s reward=QoE=  -63.28 pacing=0.00s eps=0.699 loss=2.1011
[ep  528] longdress    static_B_2020.02.14_13.21.26.csv block-000@300s reward=QoE=   23.60 pacing=0.00s eps=0.699 loss=1.7007
[ep  529] loot         driving_B_2020.01.16_12.10.03.csv block-000@120s reward=QoE=   55.05 pacing=1.60s eps=0.698 loss=2.0793
[ep  530] redandblack  driving_B_2020.01.16_09.56.56.csv block-001@1359s reward=QoE=   16.42 pacing=0.00s eps=0.697 loss=1.8655
[ep  531] soldier      driving_B_2020.02.27_17.30.15.csv block-002@353s reward=QoE= -246.17 pacing=0.00s eps=0.697 loss=1.8417
[ep  532] longdress    static_B_2020.02.14_13.21.26.csv block-000@600s reward=QoE=   44.03 pacing=1.96s eps=0.696 loss=1.8106
[ep  533] loot         static_B_2020.02.14_13.21.26.csv block-000@360s reward=QoE=   59.66 pacing=0.87s eps=0.696 loss=2.2021
[ep  534] redandblack  static_B_2020.02.27_18.39.27.csv block-001@4632s reward=QoE=   62.43 pacing=0.00s eps=0.695 loss=1.8161
[ep  535] soldier      driving_B_2020.02.13_13.03.24.csv block-000@240s reward=QoE=  -23.36 pacing=0.00s eps=0.695 loss=1.8802
[ep  536] longdress    driving_B_2020.02.27_17.30.15.csv block-002@353s reward=QoE= -229.97 pacing=0.00s eps=0.694 loss=1.8133
[ep  537] loot         driving_B_2020.02.14_12.58.17.csv block-000@0s reward=QoE=  -22.16 pacing=0.00s eps=0.693 loss=1.8105
[ep  538] redandblack  static_B_2020.02.14_13.21.26.csv block-000@420s reward=QoE=   52.27 pacing=0.83s eps=0.693 loss=1.8464
[ep  539] soldier      static_B_2020.02.27_18.39.27.csv block-001@5532s reward=QoE=   60.04 pacing=0.00s eps=0.692 loss=2.0591
[ep  540] longdress    driving_B_2019.12.16_12.27.05.csv block-000@720s reward=QoE=  -37.52 pacing=0.00s eps=0.692 loss=1.9152
[ep  541] loot         driving_B_2019.12.17_07.32.39.csv block-004@2537s reward=QoE=   58.39 pacing=2.20s eps=0.691 loss=1.9746
[ep  542] redandblack  driving_B_2020.01.16_07.26.43.csv block-000@1020s reward=QoE=  -74.09 pacing=0.00s eps=0.691 loss=2.2095
[ep  543] soldier      static_B_2020.02.27_18.39.27.csv block-001@2292s reward=QoE=   19.19 pacing=0.00s eps=0.690 loss=1.7441
[ep  544] longdress    static_B_2020.02.14_13.21.26.csv block-000@960s reward=QoE=   27.74 pacing=0.00s eps=0.689 loss=1.8628
[ep  545] loot         driving_B_2019.12.16_12.27.05.csv block-000@900s reward=QoE=   50.93 pacing=0.79s eps=0.689 loss=1.8116
[ep  546] redandblack  driving_B_2020.02.14_12.58.17.csv block-002@596s reward=QoE=  -27.79 pacing=0.00s eps=0.688 loss=1.7887
[ep  547] soldier      driving_B_2020.01.16_12.10.03.csv block-000@0s reward=QoE=   61.09 pacing=1.43s eps=0.688 loss=2.0384
[ep  548] longdress    driving_B_2020.02.13_15.02.01.csv block-000@3000s reward=QoE=  -96.57 pacing=0.00s eps=0.687 loss=1.7719
[ep  549] loot         driving_B_2020.01.16_12.10.03.csv block-000@0s reward=QoE=   55.26 pacing=1.80s eps=0.687 loss=2.0125
[ep  550] redandblack  driving_B_2019.12.17_07.32.39.csv block-003@1954s reward=QoE=  -86.82 pacing=0.00s eps=0.686 loss=2.0672
[ep  551] soldier      static_B_2020.02.27_18.39.27.csv block-001@4932s reward=QoE=   41.04 pacing=0.00s eps=0.685 loss=1.8716
[ep  552] longdress    driving_B_2020.02.13_15.02.01.csv block-000@180s reward=QoE=   45.43 pacing=0.00s eps=0.685 loss=1.8988
[ep  553] loot         driving_B_2020.02.14_12.58.17.csv block-002@656s reward=QoE=   41.27 pacing=0.00s eps=0.684 loss=1.9073
[ep  554] redandblack  driving_B_2020.01.16_09.56.56.csv block-001@1539s reward=QoE=   57.99 pacing=0.85s eps=0.684 loss=1.8975
[ep  555] soldier      static_B_2019.12.16_13.40.04.csv block-005@1946s reward=QoE=   44.20 pacing=0.00s eps=0.683 loss=1.8914
[ep  556] longdress    driving_B_2020.02.14_12.58.17.csv block-002@536s reward=QoE= -208.47 pacing=0.00s eps=0.683 loss=1.8593
[ep  557] loot         driving_B_2020.01.16_09.56.56.csv block-000@300s reward=QoE=   60.66 pacing=0.78s eps=0.682 loss=1.8000
[ep  558] redandblack  driving_B_2020.01.16_12.10.03.csv block-000@180s reward=QoE=   60.26 pacing=0.00s eps=0.681 loss=1.6949
[ep  559] soldier      static_B_2019.12.16_13.40.04.csv block-005@1826s reward=QoE=   45.09 pacing=0.00s eps=0.681 loss=1.8542
[ep  560] longdress    driving_B_2020.02.14_09.38.22.csv block-000@180s reward=QoE= -341.86 pacing=0.00s eps=0.680 loss=2.0889
[ep  561] loot         driving_B_2020.02.13_13.03.24.csv block-001@1634s reward=QoE=  -43.55 pacing=0.00s eps=0.680 loss=1.9708
[ep  562] redandblack  driving_B_2020.01.16_07.26.43.csv block-000@0s reward=QoE=  -43.98 pacing=0.00s eps=0.679 loss=1.8722
[ep  563] soldier      driving_B_2020.01.16_12.10.03.csv block-000@0s reward=QoE=   37.52 pacing=1.93s eps=0.679 loss=2.0177
[ep  564] longdress    driving_B_2020.02.14_09.38.22.csv block-000@840s reward=QoE=  -16.51 pacing=0.00s eps=0.678 loss=1.7679
[ep  565] loot         driving_B_2020.02.14_09.38.22.csv block-000@1140s reward=QoE=  -37.86 pacing=0.00s eps=0.677 loss=1.9624
[ep  566] redandblack  driving_B_2020.02.14_09.38.22.csv block-000@0s reward=QoE=  -77.73 pacing=0.00s eps=0.677 loss=1.9156
[ep  567] soldier      driving_B_2020.02.27_17.30.15.csv block-002@353s reward=QoE=  -81.75 pacing=0.00s eps=0.676 loss=1.8317
[ep  568] longdress    static_B_2019.12.16_13.40.04.csv block-000@420s reward=QoE=   45.77 pacing=0.00s eps=0.676 loss=2.0156
[ep  569] loot         driving_B_2020.02.27_17.30.15.csv block-002@473s reward=QoE= -338.30 pacing=0.00s eps=0.675 loss=2.1616
[ep  570] redandblack  driving_B_2020.02.14_09.38.22.csv block-000@780s reward=QoE=   59.10 pacing=0.29s eps=0.675 loss=1.7433
[ep  571] soldier      static_B_2020.02.27_18.39.27.csv block-001@5832s reward=QoE=   51.93 pacing=1.48s eps=0.674 loss=2.1853
[ep  572] longdress    driving_B_2020.01.16_07.26.43.csv block-000@960s reward=QoE=  -95.75 pacing=0.00s eps=0.673 loss=2.0333
[ep  573] loot         driving_B_2020.01.16_09.56.56.csv block-001@699s reward=QoE=   58.87 pacing=2.62s eps=0.673 loss=2.0407
[ep  574] redandblack  driving_B_2020.02.13_15.02.01.csv block-000@1500s reward=QoE= -139.18 pacing=0.00s eps=0.672 loss=1.6815
[ep  575] soldier      static_B_2019.12.16_13.40.04.csv block-005@1766s reward=QoE=   66.34 pacing=0.95s eps=0.672 loss=1.7999
[ep  576] longdress    driving_B_2019.12.16_12.27.05.csv block-000@60s reward=QoE=  -58.74 pacing=0.00s eps=0.671 loss=1.9097
[ep  577] loot         driving_B_2020.02.13_13.03.24.csv block-001@1994s reward=QoE=   51.08 pacing=0.00s eps=0.671 loss=1.9268
[ep  578] redandblack  driving_B_2020.02.27_17.30.15.csv block-002@473s reward=QoE= -374.21 pacing=0.00s eps=0.670 loss=1.9384
[ep  579] soldier      driving_B_2020.01.16_07.26.43.csv block-000@540s reward=QoE=  -64.13 pacing=0.00s eps=0.669 loss=1.8269
[ep  580] longdress    static_B_2020.02.14_13.21.26.csv block-000@480s reward=QoE=   65.62 pacing=0.52s eps=0.669 loss=1.6360
[ep  581] loot         driving_B_2019.12.16_12.27.05.csv block-000@1020s reward=QoE=   51.06 pacing=0.39s eps=0.668 loss=1.9901
[ep  582] redandblack  driving_B_2020.01.16_07.26.43.csv block-000@1680s reward=QoE=  -64.04 pacing=0.00s eps=0.668 loss=1.5735
[ep  583] soldier      driving_B_2019.12.17_07.32.39.csv block-000@840s reward=QoE= -110.25 pacing=0.00s eps=0.667 loss=1.7631
[ep  584] longdress    driving_B_2020.01.16_12.10.03.csv block-000@120s reward=QoE=   57.56 pacing=0.00s eps=0.667 loss=1.7598
[ep  585] loot         driving_B_2020.01.16_09.56.56.csv block-001@1119s reward=QoE=   60.79 pacing=1.78s eps=0.666 loss=1.9159
[ep  586] redandblack  static_B_2020.02.27_18.39.27.csv block-001@3312s reward=QoE=   39.91 pacing=0.00s eps=0.665 loss=1.9273
[ep  587] soldier      driving_B_2020.01.16_12.10.03.csv block-000@300s reward=QoE=   13.43 pacing=0.00s eps=0.665 loss=1.7436
[ep  588] longdress    driving_B_2020.01.16_12.10.03.csv block-000@360s reward=QoE=   51.14 pacing=0.00s eps=0.664 loss=1.7975
[ep  589] loot         driving_B_2020.02.14_12.58.17.csv block-002@596s reward=QoE=  -51.70 pacing=0.00s eps=0.664 loss=1.5263
[ep  590] redandblack  driving_B_2019.12.16_12.27.05.csv block-000@960s reward=QoE=   68.39 pacing=0.95s eps=0.663 loss=1.9107
[ep  591] soldier      driving_B_2019.12.16_12.27.05.csv block-000@420s reward=QoE= -304.82 pacing=0.00s eps=0.663 loss=1.9613
[ep  592] longdress    driving_B_2020.02.13_15.02.01.csv block-000@660s reward=QoE=   -9.56 pacing=0.00s eps=0.662 loss=1.7328
[ep  593] loot         static_B_2020.02.14_13.21.26.csv block-000@900s reward=QoE=   41.76 pacing=0.00s eps=0.661 loss=2.1071
[ep  594] redandblack  driving_B_2019.12.16_12.27.05.csv block-000@1080s reward=QoE=   49.51 pacing=0.27s eps=0.661 loss=2.1676
[ep  595] soldier      static_B_2019.12.16_13.40.04.csv block-001@1135s reward=QoE=   20.53 pacing=0.00s eps=0.660 loss=2.0508
[ep  596] longdress    static_B_2020.02.14_13.21.26.csv block-000@840s reward=QoE=   61.06 pacing=0.88s eps=0.660 loss=1.7431
[ep  597] loot         static_B_2020.02.14_13.21.26.csv block-000@240s reward=QoE=   59.89 pacing=2.16s eps=0.659 loss=1.7336
[ep  598] redandblack  static_B_2020.02.27_18.39.27.csv block-001@2472s reward=QoE=   51.31 pacing=0.00s eps=0.659 loss=1.8779
[ep  599] soldier      driving_B_2020.02.14_09.38.22.csv block-000@360s reward=QoE= -171.49 pacing=0.00s eps=0.658 loss=2.3005
[ep  600] longdress    driving_B_2020.02.14_12.58.17.csv block-002@716s reward=QoE=  -21.18 pacing=0.00s eps=0.657 loss=1.9662
[ep  601] loot         driving_B_2019.12.17_07.32.39.csv block-000@180s reward=QoE=   18.20 pacing=0.00s eps=0.657 loss=1.9021
[ep  602] redandblack  driving_B_2020.02.27_17.30.15.csv block-002@413s reward=QoE=  -83.41 pacing=0.00s eps=0.656 loss=1.9767
[ep  603] soldier      driving_B_2019.12.16_12.27.05.csv block-000@180s reward=QoE=  -51.27 pacing=0.00s eps=0.656 loss=2.2114
[ep  604] longdress    driving_B_2020.02.13_15.02.01.csv block-000@2820s reward=QoE=   44.03 pacing=0.00s eps=0.655 loss=2.3159
[ep  605] loot         driving_B_2020.02.13_15.02.01.csv block-000@0s reward=QoE=   64.97 pacing=0.00s eps=0.655 loss=2.0817
[ep  606] redandblack  driving_B_2019.12.16_12.27.05.csv block-000@60s reward=QoE=  -19.91 pacing=0.00s eps=0.654 loss=2.1244
[ep  607] soldier      driving_B_2020.01.16_07.26.43.csv block-000@1320s reward=QoE=  -80.53 pacing=0.00s eps=0.653 loss=2.1368
[ep  608] longdress    driving_B_2020.01.16_07.26.43.csv block-000@1560s reward=QoE=  -44.05 pacing=0.00s eps=0.653 loss=1.9911
[ep  609] loot         driving_B_2020.02.14_09.38.22.csv block-000@540s reward=QoE=  -34.93 pacing=0.00s eps=0.652 loss=1.8181
[ep  610] redandblack  static_B_2020.02.27_18.39.27.csv block-001@672s reward=QoE=   13.16 pacing=1.83s eps=0.652 loss=2.0537
[ep  611] soldier      driving_B_2020.02.13_15.02.01.csv block-000@1920s reward=QoE=   25.72 pacing=0.00s eps=0.651 loss=2.0372
[ep  612] longdress    driving_B_2020.01.16_09.56.56.csv block-000@300s reward=QoE=   42.55 pacing=0.27s eps=0.651 loss=2.1063
[ep  613] loot         driving_B_2019.12.16_12.27.05.csv block-000@780s reward=QoE=   42.16 pacing=0.00s eps=0.650 loss=2.1319
[ep  614] redandblack  driving_B_2020.01.16_09.56.56.csv block-000@240s reward=QoE=   20.68 pacing=0.00s eps=0.649 loss=2.0729
[ep  615] soldier      driving_B_2020.01.16_07.26.43.csv block-000@1140s reward=QoE=   15.99 pacing=0.00s eps=0.649 loss=2.1608
[ep  616] longdress    static_B_2019.12.16_13.40.04.csv block-005@1646s reward=QoE=   50.13 pacing=0.83s eps=0.648 loss=2.0171
[ep  617] loot         driving_B_2020.01.16_07.26.43.csv block-000@780s reward=QoE=   -9.03 pacing=0.00s eps=0.648 loss=1.9555
[ep  618] redandblack  driving_B_2020.02.13_13.03.24.csv block-001@1454s reward=QoE=  -78.68 pacing=0.00s eps=0.647 loss=1.9392
[ep  619] soldier      driving_B_2019.12.16_12.27.05.csv block-000@240s reward=QoE=  -15.13 pacing=0.00s eps=0.647 loss=2.0805
[ep  620] longdress    driving_B_2020.01.16_09.56.56.csv block-001@1239s reward=QoE=   -9.67 pacing=0.00s eps=0.646 loss=2.0093
[ep  621] loot         driving_B_2020.01.16_09.56.56.csv block-001@1299s reward=QoE=   49.39 pacing=0.00s eps=0.645 loss=2.1790
[ep  622] redandblack  static_B_2020.02.27_18.39.27.csv block-001@6132s reward=QoE=   71.97 pacing=0.00s eps=0.645 loss=1.8270
[ep  623] soldier      static_B_2020.02.27_18.39.27.csv block-001@6192s reward=QoE=   19.14 pacing=0.00s eps=0.644 loss=1.8419
[ep  624] longdress    driving_B_2020.02.13_15.02.01.csv block-000@2700s reward=QoE= -299.97 pacing=0.00s eps=0.644 loss=2.2243
[ep  625] loot         driving_B_2020.02.13_15.02.01.csv block-000@1620s reward=QoE=  -25.86 pacing=0.00s eps=0.643 loss=2.1182
[ep  626] redandblack  static_B_2019.12.16_13.40.04.csv block-001@835s reward=QoE=   61.57 pacing=1.71s eps=0.643 loss=2.0447
[ep  627] soldier      driving_B_2019.12.17_07.32.39.csv block-003@1894s reward=QoE=  -84.88 pacing=0.00s eps=0.642 loss=1.8682
[ep  628] longdress    driving_B_2019.12.16_12.27.05.csv block-000@1080s reward=QoE=   60.96 pacing=0.00s eps=0.641 loss=1.9833
[ep  629] loot         driving_B_2020.01.16_07.26.43.csv block-000@1380s reward=QoE=    0.59 pacing=0.00s eps=0.641 loss=1.8306
[ep  630] redandblack  driving_B_2020.02.14_12.58.17.csv block-002@536s reward=QoE= -212.12 pacing=0.00s eps=0.640 loss=2.0723
[ep  631] soldier      driving_B_2020.01.16_12.10.03.csv block-000@180s reward=QoE=   53.18 pacing=0.56s eps=0.640 loss=2.2511
[ep  632] longdress    driving_B_2020.02.14_12.58.17.csv block-000@0s reward=QoE=  -54.38 pacing=0.00s eps=0.639 loss=1.9812
[ep  633] loot         driving_B_2020.01.16_09.56.56.csv block-001@819s reward=QoE=   60.19 pacing=0.01s eps=0.639 loss=2.1274
[ep  634] redandblack  driving_B_2019.12.17_07.32.39.csv block-000@360s reward=QoE=   31.23 pacing=0.00s eps=0.638 loss=1.9624
[ep  635] soldier      driving_B_2020.01.16_12.10.03.csv block-000@300s reward=QoE=   13.71 pacing=0.00s eps=0.637 loss=2.1833
[ep  636] longdress    driving_B_2019.12.17_07.32.39.csv block-003@2134s reward=QoE=   23.58 pacing=0.00s eps=0.637 loss=2.1847
[ep  637] loot         driving_B_2020.02.13_13.03.24.csv block-001@1814s reward=QoE=  -29.10 pacing=0.00s eps=0.636 loss=2.0312
[ep  638] redandblack  driving_B_2020.02.27_17.30.15.csv block-002@413s reward=QoE=  -95.69 pacing=0.00s eps=0.636 loss=1.9940
[ep  639] soldier      static_B_2020.02.27_18.39.27.csv block-001@2112s reward=QoE=    2.05 pacing=0.00s eps=0.635 loss=1.9107
[ep  640] longdress    driving_B_2020.02.14_09.38.22.csv block-000@1560s reward=QoE=   -9.62 pacing=0.00s eps=0.635 loss=2.5104
[ep  641] loot         driving_B_2020.02.13_15.02.01.csv block-000@720s reward=QoE=   30.74 pacing=0.00s eps=0.634 loss=2.1060
[ep  642] redandblack  driving_B_2020.01.16_09.56.56.csv block-001@1599s reward=QoE=   55.97 pacing=0.27s eps=0.633 loss=2.1304
[ep  643] soldier      driving_B_2020.02.27_17.30.15.csv block-002@413s reward=QoE= -538.80 pacing=0.00s eps=0.633 loss=1.9902
[ep  644] longdress    driving_B_2020.02.13_15.02.01.csv block-000@1200s reward=QoE=   11.94 pacing=0.00s eps=0.632 loss=1.9889
[ep  645] loot         driving_B_2020.02.27_17.30.15.csv block-002@293s reward=QoE= -291.10 pacing=0.00s eps=0.632 loss=2.1375
[ep  646] redandblack  driving_B_2020.02.14_12.58.17.csv block-002@716s reward=QoE=  -37.19 pacing=0.00s eps=0.631 loss=2.0925
[ep  647] soldier      driving_B_2020.02.14_09.38.22.csv block-000@420s reward=QoE=  -83.63 pacing=0.00s eps=0.631 loss=2.0941
[ep  648] longdress    static_B_2020.02.27_18.39.27.csv block-001@1512s reward=QoE=   67.45 pacing=0.00s eps=0.630 loss=2.1687
[ep  649] loot         driving_B_2020.01.16_12.10.03.csv block-000@300s reward=QoE=   31.24 pacing=0.00s eps=0.629 loss=2.0413
[ep  650] redandblack  static_B_2020.02.27_18.39.27.csv block-001@6012s reward=QoE=   43.40 pacing=1.49s eps=0.629 loss=2.1258
[ep  651] soldier      driving_B_2020.02.14_12.58.17.csv block-002@716s reward=QoE=  -74.34 pacing=0.00s eps=0.628 loss=2.1421
[ep  652] longdress    driving_B_2020.01.16_09.56.56.csv block-001@1179s reward=QoE=  -45.61 pacing=0.00s eps=0.628 loss=2.0772
[ep  653] loot         driving_B_2020.02.14_12.58.17.csv block-002@656s reward=QoE=   29.98 pacing=0.00s eps=0.627 loss=1.8830
[ep  654] redandblack  driving_B_2020.02.14_09.38.22.csv block-000@240s reward=QoE= -114.91 pacing=0.00s eps=0.627 loss=1.8307
[ep  655] soldier      driving_B_2020.02.13_13.03.24.csv block-000@420s reward=QoE=  -38.08 pacing=0.00s eps=0.626 loss=1.7294
[ep  656] longdress    driving_B_2020.01.16_12.10.03.csv block-000@300s reward=QoE=   17.23 pacing=0.00s eps=0.625 loss=2.2173
[ep  657] loot         driving_B_2020.01.16_12.10.03.csv block-000@240s reward=QoE=   48.97 pacing=2.29s eps=0.625 loss=2.0522
[ep  658] redandblack  driving_B_2019.12.17_07.32.39.csv block-000@1320s reward=QoE=    7.37 pacing=0.00s eps=0.624 loss=2.1627
[ep  659] soldier      driving_B_2020.01.16_09.56.56.csv block-001@879s reward=QoE=   49.20 pacing=0.00s eps=0.624 loss=2.1528
[ep  660] longdress    driving_B_2020.02.14_09.38.22.csv block-000@300s reward=QoE= -320.72 pacing=0.00s eps=0.623 loss=2.1846
[ep  661] loot         static_B_2020.02.27_18.39.27.csv block-001@4392s reward=QoE=   47.80 pacing=0.00s eps=0.623 loss=2.0744
[ep  662] redandblack  driving_B_2019.12.17_07.32.39.csv block-004@2297s reward=QoE=   55.01 pacing=0.00s eps=0.622 loss=1.9505
[ep  663] soldier      driving_B_2020.02.13_13.03.24.csv block-000@180s reward=QoE=  -83.11 pacing=0.00s eps=0.622 loss=2.0225
[ep  664] longdress    driving_B_2019.12.16_12.27.05.csv block-000@660s reward=QoE= -147.46 pacing=0.00s eps=0.621 loss=2.0530
[ep  665] loot         driving_B_2020.01.16_07.26.43.csv block-000@840s reward=QoE=   36.64 pacing=0.00s eps=0.620 loss=2.1462
[ep  666] redandblack  driving_B_2020.01.16_12.10.03.csv block-000@360s reward=QoE=   51.81 pacing=0.00s eps=0.620 loss=2.2202
[ep  667] soldier      static_B_2019.12.16_13.40.04.csv block-000@60s reward=QoE=    6.80 pacing=0.00s eps=0.619 loss=1.9377
[ep  668] longdress    static_B_2020.02.27_18.39.27.csv block-001@2652s reward=QoE= -398.50 pacing=0.00s eps=0.619 loss=2.0654
[ep  669] loot         driving_B_2020.02.27_17.30.15.csv block-002@473s reward=QoE= -298.55 pacing=0.00s eps=0.618 loss=2.0399
[ep  670] redandblack  driving_B_2020.02.14_09.38.22.csv block-000@1020s reward=QoE=   51.94 pacing=1.41s eps=0.618 loss=2.1654
[ep  671] soldier      driving_B_2019.12.17_07.32.39.csv block-000@960s reward=QoE=  -78.32 pacing=0.00s eps=0.617 loss=1.9594
[ep  672] longdress    driving_B_2020.02.13_13.03.24.csv block-001@1274s reward=QoE=  -44.03 pacing=0.00s eps=0.616 loss=2.1081
[ep  673] loot         driving_B_2020.02.13_13.03.24.csv block-001@1394s reward=QoE=  -18.90 pacing=0.00s eps=0.616 loss=2.2036
[ep  674] redandblack  driving_B_2020.02.13_15.02.01.csv block-000@540s reward=QoE=  -52.52 pacing=0.00s eps=0.615 loss=1.7461
[ep  675] soldier      driving_B_2020.01.16_12.10.03.csv block-000@180s reward=QoE=   61.88 pacing=0.00s eps=0.615 loss=2.1457
[ep  676] longdress    driving_B_2020.02.14_12.58.17.csv block-000@0s reward=QoE=  -43.76 pacing=0.00s eps=0.614 loss=1.8807
[ep  677] loot         driving_B_2020.02.13_15.02.01.csv block-000@1560s reward=QoE=   -4.91 pacing=0.00s eps=0.614 loss=2.1160
[ep  678] redandblack  driving_B_2019.12.17_07.32.39.csv block-000@1080s reward=QoE=   15.49 pacing=0.00s eps=0.613 loss=1.7990
[ep  679] soldier      driving_B_2020.02.14_12.58.17.csv block-002@656s reward=QoE=  -25.53 pacing=0.00s eps=0.612 loss=2.1041
[ep  680] longdress    driving_B_2020.01.16_12.10.03.csv block-000@60s reward=QoE=   37.46 pacing=0.00s eps=0.612 loss=1.9478
[ep  681] loot         driving_B_2020.01.16_12.10.03.csv block-000@120s reward=QoE=   60.94 pacing=1.98s eps=0.611 loss=1.8765
[ep  682] redandblack  driving_B_2020.01.16_09.56.56.csv block-000@360s reward=QoE=   26.13 pacing=0.00s eps=0.611 loss=2.1357
[ep  683] soldier      static_B_2020.02.14_13.21.26.csv block-000@180s reward=QoE=   56.43 pacing=0.00s eps=0.610 loss=1.8952
[ep  684] longdress    driving_B_2020.02.14_09.38.22.csv block-000@1440s reward=QoE=   62.18 pacing=0.00s eps=0.610 loss=2.1597
[ep  685] loot         driving_B_2019.12.16_12.27.05.csv block-000@480s reward=QoE=  -21.86 pacing=0.00s eps=0.609 loss=2.1408
[ep  686] redandblack  static_B_2020.02.14_13.21.26.csv block-000@540s reward=QoE=   68.02 pacing=0.22s eps=0.608 loss=2.2175
[ep  687] soldier      driving_B_2020.01.16_09.56.56.csv block-000@180s reward=QoE=   -5.75 pacing=0.00s eps=0.608 loss=2.0247
[ep  688] longdress    driving_B_2019.12.17_07.32.39.csv block-003@1774s reward=QoE=   20.68 pacing=0.00s eps=0.607 loss=2.0899
[ep  689] loot         static_B_2020.02.27_18.39.27.csv block-001@4032s reward=QoE=   79.11 pacing=0.00s eps=0.607 loss=2.2731
[ep  690] redandblack  static_B_2019.12.16_13.40.04.csv block-005@2006s reward=QoE=   34.21 pacing=0.00s eps=0.606 loss=1.8845
[ep  691] soldier      driving_B_2019.12.17_07.32.39.csv block-003@2074s reward=QoE=  -19.79 pacing=0.00s eps=0.606 loss=1.9177
[ep  692] longdress    driving_B_2020.01.16_09.56.56.csv block-001@759s reward=QoE=   17.25 pacing=0.00s eps=0.605 loss=1.9747
[ep  693] loot         driving_B_2020.01.16_12.10.03.csv block-000@60s reward=QoE=   58.82 pacing=0.00s eps=0.604 loss=1.9937
[ep  694] redandblack  driving_B_2020.02.27_17.30.15.csv block-002@413s reward=QoE= -327.80 pacing=0.00s eps=0.604 loss=2.4715
[ep  695] soldier      driving_B_2019.12.17_07.32.39.csv block-003@1714s reward=QoE=  -71.60 pacing=0.00s eps=0.603 loss=2.0976
[ep  696] longdress    driving_B_2020.02.14_12.58.17.csv block-002@596s reward=QoE=  -35.15 pacing=0.00s eps=0.603 loss=1.9327
[ep  697] loot         static_B_2020.02.27_18.39.27.csv block-001@4152s reward=QoE=   77.14 pacing=1.48s eps=0.602 loss=2.0012
[ep  698] redandblack  driving_B_2020.02.13_15.02.01.csv block-000@60s reward=QoE=   81.04 pacing=0.00s eps=0.602 loss=1.9883
[ep  699] soldier      driving_B_2019.12.16_12.27.05.csv block-000@0s reward=QoE=    2.81 pacing=0.00s eps=0.601 loss=2.3720
[ep  700] longdress    driving_B_2019.12.17_07.32.39.csv block-000@1440s reward=QoE=   66.04 pacing=0.43s eps=0.600 loss=2.0858
[ep  701] loot         driving_B_2020.01.16_12.10.03.csv block-000@120s reward=QoE=   45.16 pacing=2.47s eps=0.600 loss=2.0278
[ep  702] redandblack  driving_B_2020.01.16_09.56.56.csv block-001@1479s reward=QoE=   43.86 pacing=0.00s eps=0.599 loss=1.9154
[ep  703] soldier      driving_B_2020.02.14_12.58.17.csv block-002@596s reward=QoE= -122.43 pacing=0.00s eps=0.599 loss=2.1384
[ep  704] longdress    static_B_2019.12.16_13.40.04.csv block-001@715s reward=QoE=   34.25 pacing=0.00s eps=0.598 loss=1.9649
[ep  705] loot         driving_B_2020.02.13_13.03.24.csv block-001@1874s reward=QoE= -138.60 pacing=0.00s eps=0.598 loss=1.9872
[ep  706] redandblack  driving_B_2020.02.13_13.03.24.csv block-001@1934s reward=QoE=   -9.56 pacing=0.00s eps=0.597 loss=2.1963
[ep  707] soldier      driving_B_2020.01.16_07.26.43.csv block-000@1200s reward=QoE=   -3.25 pacing=0.00s eps=0.596 loss=2.2415
[ep  708] longdress    driving_B_2020.02.27_17.30.15.csv block-002@473s reward=QoE= -253.08 pacing=0.00s eps=0.596 loss=2.0841
[ep  709] loot         driving_B_2020.02.14_09.38.22.csv block-000@1320s reward=QoE=  -60.61 pacing=0.00s eps=0.595 loss=1.7662
[ep  710] redandblack  driving_B_2020.02.14_09.38.22.csv block-000@600s reward=QoE=   49.84 pacing=0.00s eps=0.595 loss=2.1193
[ep  711] soldier      driving_B_2020.02.27_17.30.15.csv block-002@413s reward=QoE= -181.22 pacing=0.00s eps=0.594 loss=2.0315
[ep  712] longdress    static_B_2020.02.14_13.21.26.csv block-000@480s reward=QoE=   42.41 pacing=1.17s eps=0.594 loss=2.0024
[ep  713] loot         static_B_2019.12.16_13.40.04.csv block-001@655s reward=QoE=   50.13 pacing=0.00s eps=0.593 loss=2.2181
[ep  714] redandblack  driving_B_2019.12.16_12.27.05.csv block-000@300s reward=QoE=  -20.93 pacing=0.00s eps=0.592 loss=1.8250
[ep  715] soldier      driving_B_2020.02.14_12.58.17.csv block-002@716s reward=QoE=    2.79 pacing=0.00s eps=0.592 loss=1.9310
[ep  716] longdress    driving_B_2019.12.17_07.32.39.csv block-004@2357s reward=QoE=  -53.66 pacing=0.00s eps=0.591 loss=1.8312
[ep  717] loot         driving_B_2020.02.13_15.02.01.csv block-000@2340s reward=QoE=   63.17 pacing=0.00s eps=0.591 loss=2.2483
[ep  718] redandblack  driving_B_2020.02.27_17.30.15.csv block-002@533s reward=QoE= -104.46 pacing=0.00s eps=0.590 loss=2.2565
[ep  719] soldier      driving_B_2020.01.16_09.56.56.csv block-001@639s reward=QoE=   44.61 pacing=0.79s eps=0.590 loss=2.0551
[ep  720] longdress    static_B_2019.12.16_13.40.04.csv block-000@300s reward=QoE=   20.12 pacing=0.00s eps=0.589 loss=2.0958
[ep  721] loot         driving_B_2019.12.16_12.27.05.csv block-000@1260s reward=QoE=   58.04 pacing=2.44s eps=0.588 loss=2.1906
[ep  722] redandblack  driving_B_2020.01.16_07.26.43.csv block-000@360s reward=QoE= -167.24 pacing=0.00s eps=0.588 loss=2.2434
[ep  723] soldier      driving_B_2020.02.27_17.30.15.csv block-002@293s reward=QoE= -299.86 pacing=0.00s eps=0.587 loss=2.0759
[ep  724] longdress    driving_B_2020.02.13_13.03.24.csv block-000@600s reward=QoE=  -19.46 pacing=0.00s eps=0.587 loss=1.7833
[ep  725] loot         driving_B_2020.01.16_12.10.03.csv block-000@60s reward=QoE=   50.78 pacing=0.00s eps=0.586 loss=1.8391
[ep  726] redandblack  driving_B_2020.02.14_12.58.17.csv block-002@716s reward=QoE=   10.12 pacing=0.00s eps=0.586 loss=1.9055
[ep  727] soldier      driving_B_2020.01.16_12.10.03.csv block-000@0s reward=QoE=   63.02 pacing=1.35s eps=0.585 loss=2.4697
[ep  728] longdress    driving_B_2020.01.16_07.26.43.csv block-000@660s reward=QoE=  -25.25 pacing=0.00s eps=0.584 loss=2.1474
[ep  729] loot         driving_B_2020.02.14_09.38.22.csv block-000@900s reward=QoE= -136.18 pacing=0.00s eps=0.584 loss=1.9170
[ep  730] redandblack  driving_B_2019.12.17_07.32.39.csv block-000@660s reward=QoE=   -1.19 pacing=0.00s eps=0.583 loss=1.8599
[ep  731] soldier      static_B_2020.02.14_13.21.26.csv block-000@1020s reward=QoE=   66.30 pacing=0.10s eps=0.583 loss=2.2072
[ep  732] longdress    driving_B_2020.01.16_09.56.56.csv block-001@1119s reward=QoE=   64.06 pacing=0.00s eps=0.582 loss=1.9421
[ep  733] loot         driving_B_2020.02.13_15.02.01.csv block-000@300s reward=QoE=   65.50 pacing=1.83s eps=0.582 loss=1.9141
[ep  734] redandblack  driving_B_2020.01.16_12.10.03.csv block-000@180s reward=QoE=   58.60 pacing=0.00s eps=0.581 loss=2.0856
[ep  735] soldier      static_B_2020.02.14_13.21.26.csv block-000@540s reward=QoE=   57.68 pacing=0.81s eps=0.580 loss=2.0144
[ep  736] longdress    static_B_2019.12.16_13.40.04.csv block-001@955s reward=QoE=   47.32 pacing=0.00s eps=0.580 loss=2.0780
[ep  737] loot         driving_B_2020.01.16_07.26.43.csv block-000@180s reward=QoE= -174.34 pacing=0.00s eps=0.579 loss=2.1523
[ep  738] redandblack  driving_B_2020.01.16_09.56.56.csv block-000@120s reward=QoE=  -93.05 pacing=0.00s eps=0.579 loss=2.1584
[ep  739] soldier      driving_B_2019.12.17_07.32.39.csv block-003@1654s reward=QoE=  -36.77 pacing=0.00s eps=0.578 loss=1.8035
[ep  740] longdress    driving_B_2020.02.14_12.58.17.csv block-002@596s reward=QoE=  -24.08 pacing=0.00s eps=0.578 loss=1.9284
[ep  741] loot         driving_B_2020.02.27_17.30.15.csv block-002@293s reward=QoE= -284.70 pacing=0.00s eps=0.577 loss=1.9930
[ep  742] redandblack  static_B_2019.12.16_13.40.04.csv block-006@2232s reward=QoE=   70.52 pacing=0.83s eps=0.576 loss=1.9696
[ep  743] soldier      driving_B_2019.12.17_07.32.39.csv block-000@1260s reward=QoE=  -34.73 pacing=0.00s eps=0.576 loss=2.1691
[ep  744] longdress    driving_B_2020.02.13_15.02.01.csv block-000@1020s reward=QoE=   62.55 pacing=0.83s eps=0.575 loss=1.9973
[ep  745] loot         driving_B_2020.02.14_12.58.17.csv block-002@536s reward=QoE= -171.96 pacing=0.00s eps=0.575 loss=2.0353
[ep  746] redandblack  static_B_2019.12.16_13.40.04.csv block-000@120s reward=QoE=   62.15 pacing=0.98s eps=0.574 loss=2.0313
[ep  747] soldier      driving_B_2020.02.13_13.03.24.csv block-001@1154s reward=QoE= -109.93 pacing=0.00s eps=0.574 loss=2.0067
[ep  748] longdress    driving_B_2020.01.16_12.10.03.csv block-000@240s reward=QoE=   67.48 pacing=0.34s eps=0.573 loss=2.1181
[ep  749] loot         static_B_2020.02.27_18.39.27.csv block-001@6072s reward=QoE=   58.92 pacing=2.15s eps=0.572 loss=2.0412
[ep  750] redandblack  static_B_2019.12.16_13.40.04.csv block-000@0s reward=QoE=   51.96 pacing=0.25s eps=0.572 loss=1.9930
[ep  751] soldier      static_B_2020.02.14_13.21.26.csv block-000@60s reward=QoE=   53.51 pacing=0.95s eps=0.571 loss=2.0363
[ep  752] longdress    driving_B_2020.02.13_13.03.24.csv block-001@1514s reward=QoE= -111.46 pacing=0.00s eps=0.571 loss=2.2910
[ep  753] loot         driving_B_2020.02.13_13.03.24.csv block-000@360s reward=QoE=  -12.14 pacing=0.00s eps=0.570 loss=2.0769
[ep  754] redandblack  driving_B_2020.01.16_12.10.03.csv block-000@180s reward=QoE=   64.85 pacing=0.00s eps=0.570 loss=1.8280
[ep  755] soldier      driving_B_2020.02.13_15.02.01.csv block-000@1800s reward=QoE= -208.70 pacing=0.00s eps=0.569 loss=2.0095
[ep  756] longdress    driving_B_2020.01.16_09.56.56.csv block-001@1059s reward=QoE=  -73.00 pacing=0.00s eps=0.568 loss=1.9787
[ep  757] loot         static_B_2020.02.14_13.21.26.csv block-000@180s reward=QoE=   61.18 pacing=1.06s eps=0.568 loss=1.9332
[ep  758] redandblack  driving_B_2020.02.27_17.30.15.csv block-002@413s reward=QoE= -110.22 pacing=0.00s eps=0.567 loss=2.2156
[ep  759] soldier      driving_B_2020.02.27_17.30.15.csv block-002@293s reward=QoE= -333.20 pacing=0.00s eps=0.567 loss=1.9245
[ep  760] longdress    driving_B_2019.12.17_07.32.39.csv block-003@1834s reward=QoE= -119.77 pacing=0.00s eps=0.566 loss=1.9697
[ep  761] loot         static_B_2019.12.16_13.40.04.csv block-001@775s reward=QoE=   54.31 pacing=1.45s eps=0.566 loss=2.0089
[ep  762] redandblack  static_B_2019.12.16_13.40.04.csv block-001@1075s reward=QoE=   38.03 pacing=0.00s eps=0.565 loss=2.5142
[ep  763] soldier      driving_B_2020.02.14_12.58.17.csv block-000@0s reward=QoE=  -12.24 pacing=0.00s eps=0.564 loss=1.7894
[ep  764] longdress    driving_B_2020.02.13_15.02.01.csv block-000@2160s reward=QoE=   29.41 pacing=0.00s eps=0.564 loss=2.1705
[ep  765] loot         driving_B_2020.02.14_09.38.22.csv block-000@60s reward=QoE=  -59.86 pacing=0.00s eps=0.563 loss=1.8983
[ep  766] redandblack  driving_B_2020.01.16_07.26.43.csv block-000@1860s reward=QoE=  -39.74 pacing=0.00s eps=0.563 loss=1.8823
[ep  767] soldier      static_B_2019.12.16_13.40.04.csv block-005@1886s reward=QoE=   44.25 pacing=0.00s eps=0.562 loss=2.1958
[ep  768] longdress    driving_B_2020.02.14_12.58.17.csv block-002@536s reward=QoE= -319.97 pacing=0.00s eps=0.562 loss=1.9856
[ep  769] loot         driving_B_2020.02.14_09.38.22.csv block-000@960s reward=QoE=   66.48 pacing=0.35s eps=0.561 loss=1.8612
[ep  770] redandblack  static_B_2019.12.16_13.40.04.csv block-001@1015s reward=QoE=   10.31 pacing=0.00s eps=0.560 loss=2.2971
[ep  771] soldier      driving_B_2020.02.13_15.02.01.csv block-000@780s reward=QoE=  -57.91 pacing=0.00s eps=0.560 loss=2.1728
[ep  772] longdress    driving_B_2020.01.16_12.10.03.csv block-000@240s reward=QoE=   69.43 pacing=0.63s eps=0.559 loss=2.0775
[ep  773] loot         driving_B_2020.01.16_09.56.56.csv block-001@579s reward=QoE=   42.07 pacing=0.00s eps=0.559 loss=1.9643
[ep  774] redandblack  driving_B_2020.01.16_12.10.03.csv block-000@240s reward=QoE=   55.78 pacing=1.43s eps=0.558 loss=2.0136
[ep  775] soldier      driving_B_2020.02.27_17.30.15.csv block-002@293s reward=QoE= -220.91 pacing=0.00s eps=0.558 loss=2.0288
[ep  776] longdress    driving_B_2020.02.14_12.58.17.csv block-002@536s reward=QoE= -163.80 pacing=0.00s eps=0.557 loss=2.1660
[ep  777] loot         driving_B_2020.02.14_12.58.17.csv block-000@0s reward=QoE=   13.67 pacing=0.00s eps=0.556 loss=2.1379
[ep  778] redandblack  static_B_2019.12.16_13.40.04.csv block-005@1466s reward=QoE=   51.77 pacing=0.00s eps=0.556 loss=2.2063
[ep  779] soldier      static_B_2020.02.14_13.21.26.csv block-000@780s reward=QoE=   70.83 pacing=1.12s eps=0.555 loss=2.0830
[ep  780] longdress    static_B_2020.02.27_18.39.27.csv block-001@432s reward=QoE=   68.75 pacing=0.00s eps=0.555 loss=1.9755
[ep  781] loot         driving_B_2019.12.17_07.32.39.csv block-003@2014s reward=QoE=  -31.14 pacing=0.00s eps=0.554 loss=2.1989
[ep  782] redandblack  driving_B_2020.02.13_13.03.24.csv block-001@1094s reward=QoE=  -81.23 pacing=0.00s eps=0.554 loss=2.0855
[ep  783] soldier      driving_B_2020.02.14_12.58.17.csv block-002@656s reward=QoE=  -52.14 pacing=0.00s eps=0.553 loss=2.3115
[ep  784] longdress    driving_B_2020.02.13_13.03.24.csv block-000@300s reward=QoE=   -4.60 pacing=0.00s eps=0.552 loss=1.8596
[ep  785] loot         driving_B_2020.02.14_09.38.22.csv block-000@0s reward=QoE=  -64.92 pacing=0.00s eps=0.552 loss=1.8053
[ep  786] redandblack  driving_B_2020.01.16_07.26.43.csv block-000@1620s reward=QoE=  -50.35 pacing=0.00s eps=0.551 loss=2.1789
[ep  787] soldier      driving_B_2020.02.27_17.30.15.csv block-002@533s reward=QoE= -213.78 pacing=0.00s eps=0.551 loss=2.0089
[ep  788] longdress    driving_B_2020.02.14_09.38.22.csv block-000@120s reward=QoE= -122.63 pacing=0.00s eps=0.550 loss=1.8579
[ep  789] loot         driving_B_2019.12.17_07.32.39.csv block-000@780s reward=QoE=   19.33 pacing=0.00s eps=0.550 loss=2.1472
[ep  790] redandblack  driving_B_2020.02.13_13.03.24.csv block-001@1694s reward=QoE=    6.60 pacing=0.00s eps=0.549 loss=1.8994
[ep  791] soldier      driving_B_2020.01.16_07.26.43.csv block-000@1740s reward=QoE= -216.50 pacing=0.00s eps=0.548 loss=1.8470
[ep  792] longdress    static_B_2020.02.27_18.39.27.csv block-001@1212s reward=QoE=   50.11 pacing=0.00s eps=0.548 loss=2.0240
[ep  793] loot         driving_B_2020.02.27_17.30.15.csv block-002@353s reward=QoE= -131.58 pacing=0.00s eps=0.547 loss=1.8962
[ep  794] redandblack  driving_B_2020.01.16_09.56.56.csv block-001@1419s reward=QoE=   41.92 pacing=0.00s eps=0.547 loss=2.0433
[ep  795] soldier      static_B_2019.12.16_13.40.04.csv block-005@1586s reward=QoE=   28.12 pacing=0.00s eps=0.546 loss=1.8487
[ep  796] longdress    driving_B_2020.02.13_13.03.24.csv block-001@914s reward=QoE= -143.85 pacing=0.00s eps=0.546 loss=2.0444
[ep  797] loot         driving_B_2020.02.14_09.38.22.csv block-000@1260s reward=QoE=   -6.14 pacing=0.00s eps=0.545 loss=1.7443
[ep  798] redandblack  driving_B_2020.02.13_15.02.01.csv block-000@960s reward=QoE=   56.54 pacing=0.00s eps=0.544 loss=2.1162
[ep  799] soldier      driving_B_2020.02.14_09.38.22.csv block-000@60s reward=QoE= -125.32 pacing=0.00s eps=0.544 loss=1.9836
[ep  800] longdress    driving_B_2020.01.16_07.26.43.csv block-000@60s reward=QoE=  -26.11 pacing=0.00s eps=0.543 loss=1.9938
    [eval @ ep 800] reward=QoE=48.15 mean_q=0.612 stall=1.3s  <-- best (saved)
[ep  801] loot         driving_B_2020.01.16_07.26.43.csv block-000@240s reward=QoE=   -2.63 pacing=0.00s eps=0.543 loss=2.1237
[ep  802] redandblack  driving_B_2019.12.17_07.32.39.csv block-000@1140s reward=QoE=   17.33 pacing=0.00s eps=0.542 loss=2.0039
[ep  803] soldier      driving_B_2020.01.16_07.26.43.csv block-000@1260s reward=QoE=   -7.27 pacing=0.00s eps=0.542 loss=2.6887
[ep  804] longdress    driving_B_2020.02.27_17.30.15.csv block-002@293s reward=QoE= -311.17 pacing=0.00s eps=0.541 loss=2.3972
[ep  805] loot         static_B_2020.02.27_18.39.27.csv block-001@5712s reward=QoE=   75.00 pacing=0.00s eps=0.540 loss=2.4985
[ep  806] redandblack  static_B_2020.02.14_13.21.26.csv block-000@0s reward=QoE=   19.70 pacing=0.00s eps=0.540 loss=2.2090
[ep  807] soldier      driving_B_2019.12.16_12.27.05.csv block-000@360s reward=QoE=  -37.67 pacing=0.00s eps=0.539 loss=2.0528
[ep  808] longdress    static_B_2019.12.16_13.40.04.csv block-001@595s reward=QoE=   62.65 pacing=0.00s eps=0.539 loss=2.2995
[ep  809] loot         static_B_2020.02.27_18.39.27.csv block-001@6312s reward=QoE=   64.60 pacing=0.00s eps=0.538 loss=2.2596
[ep  810] redandblack  driving_B_2020.02.13_15.02.01.csv block-000@1260s reward=QoE=   17.64 pacing=0.00s eps=0.538 loss=2.1794
[ep  811] soldier      driving_B_2020.02.27_17.30.15.csv block-002@353s reward=QoE= -139.37 pacing=0.00s eps=0.537 loss=2.4810
[ep  812] longdress    driving_B_2020.02.14_12.58.17.csv block-000@0s reward=QoE=   10.63 pacing=0.00s eps=0.536 loss=2.1948
[ep  813] loot         driving_B_2020.02.14_09.38.22.csv block-000@1500s reward=QoE=  -30.17 pacing=0.00s eps=0.536 loss=2.1961
[ep  814] redandblack  driving_B_2020.02.27_17.30.15.csv block-002@533s reward=QoE= -218.17 pacing=0.00s eps=0.535 loss=2.1734
[ep  815] soldier      driving_B_2020.02.14_12.58.17.csv block-002@656s reward=QoE=  -23.59 pacing=0.00s eps=0.535 loss=2.0189
[ep  816] longdress    static_B_2019.12.16_13.40.04.csv block-005@1346s reward=QoE=  -15.59 pacing=0.00s eps=0.534 loss=1.9553
[ep  817] loot         driving_B_2020.01.16_12.10.03.csv block-000@0s reward=QoE=   56.27 pacing=1.63s eps=0.534 loss=2.0907
[ep  818] redandblack  static_B_2020.02.27_18.39.27.csv block-001@1812s reward=QoE=   36.41 pacing=0.00s eps=0.533 loss=2.2224
[ep  819] soldier      driving_B_2020.02.14_12.58.17.csv block-002@656s reward=QoE=  -74.62 pacing=0.00s eps=0.532 loss=2.1657
[ep  820] longdress    driving_B_2020.01.16_12.10.03.csv block-000@120s reward=QoE=   72.71 pacing=0.00s eps=0.532 loss=2.3158
[ep  821] loot         driving_B_2020.02.13_13.03.24.csv block-001@1754s reward=QoE=   -2.84 pacing=0.00s eps=0.531 loss=2.0697
[ep  822] redandblack  driving_B_2019.12.16_12.27.05.csv block-000@600s reward=QoE=  -24.07 pacing=0.00s eps=0.531 loss=2.5503
[ep  823] soldier      driving_B_2020.02.13_15.02.01.csv block-000@600s reward=QoE=    2.78 pacing=0.00s eps=0.530 loss=2.1238
[ep  824] longdress    driving_B_2020.01.16_12.10.03.csv block-000@300s reward=QoE=   10.76 pacing=0.00s eps=0.530 loss=2.0502
[ep  825] loot         driving_B_2020.02.13_13.03.24.csv block-000@60s reward=QoE=    1.52 pacing=0.00s eps=0.529 loss=2.2559
[ep  826] redandblack  driving_B_2020.01.16_07.26.43.csv block-000@900s reward=QoE=   29.52 pacing=0.00s eps=0.528 loss=2.1467
[ep  827] soldier      static_B_2019.12.16_13.40.04.csv block-000@360s reward=QoE=    1.48 pacing=0.00s eps=0.528 loss=2.2564
[ep  828] longdress    driving_B_2020.02.14_09.38.22.csv block-000@1200s reward=QoE= -131.79 pacing=0.00s eps=0.527 loss=2.2308
[ep  829] loot         static_B_2020.02.14_13.21.26.csv block-000@660s reward=QoE=   61.58 pacing=1.69s eps=0.527 loss=1.9833
[ep  830] redandblack  driving_B_2020.01.16_07.26.43.csv block-000@120s reward=QoE=   -5.35 pacing=0.00s eps=0.526 loss=1.9019
[ep  831] soldier      driving_B_2020.01.16_07.26.43.csv block-000@480s reward=QoE= -118.36 pacing=0.00s eps=0.526 loss=2.2496
[ep  832] longdress    driving_B_2019.12.16_12.27.05.csv block-000@120s reward=QoE=  -47.23 pacing=0.00s eps=0.525 loss=2.0057
[ep  833] redandblack  driving_B_2020.02.14_09.38.22.csv block-000@1260s reward=QoE=  -11.25 pacing=0.00s eps=0.524 loss=2.2047
[ep  834] soldier      static_B_2020.02.14_13.21.26.csv block-000@840s reward=QoE=   55.50 pacing=0.85s eps=0.524 loss=2.1003
[ep  835] longdress    static_B_2019.12.16_13.40.04.csv block-005@1526s reward=QoE=   32.43 pacing=0.00s eps=0.523 loss=2.0607
[ep  836] loot         driving_B_2020.01.16_07.26.43.csv block-000@1620s reward=QoE=  -45.48 pacing=0.00s eps=0.523 loss=1.8485
[ep  837] redandblack  static_B_2019.12.16_13.40.04.csv block-000@420s reward=QoE=   54.64 pacing=0.00s eps=0.522 loss=2.3458
[ep  838] soldier      driving_B_2020.01.16_09.56.56.csv block-001@1359s reward=QoE=    3.87 pacing=0.00s eps=0.522 loss=2.1845
[ep  839] longdress    static_B_2019.12.16_13.40.04.csv block-001@715s reward=QoE=   28.77 pacing=0.00s eps=0.521 loss=2.1580
[ep  840] loot         driving_B_2019.12.17_07.32.39.csv block-000@1020s reward=QoE=  -33.15 pacing=0.00s eps=0.520 loss=2.1846
[ep  841] redandblack  driving_B_2020.02.14_12.58.17.csv block-000@0s reward=QoE=    4.62 pacing=0.00s eps=0.520 loss=2.2532
[ep  842] soldier      static_B_2020.02.27_18.39.27.csv block-001@3732s reward=QoE=   72.19 pacing=0.00s eps=0.519 loss=2.0466
[ep  843] longdress    driving_B_2020.01.16_12.10.03.csv block-000@0s reward=QoE=   59.31 pacing=0.78s eps=0.519 loss=2.1465
[ep  844] loot         driving_B_2020.01.16_12.10.03.csv block-000@240s reward=QoE=   74.19 pacing=1.63s eps=0.518 loss=2.0770
[ep  845] redandblack  driving_B_2020.02.14_12.58.17.csv block-002@536s reward=QoE= -187.59 pacing=0.00s eps=0.518 loss=1.9660
[ep  846] soldier      static_B_2020.02.14_13.21.26.csv block-000@900s reward=QoE=   46.69 pacing=0.00s eps=0.517 loss=2.3310
[ep  847] longdress    static_B_2019.12.16_13.40.04.csv block-005@1826s reward=QoE=   39.75 pacing=0.00s eps=0.516 loss=2.2305
[ep  848] loot         driving_B_2020.02.27_17.30.15.csv block-002@413s reward=QoE=    1.82 pacing=0.00s eps=0.516 loss=2.2664
[ep  849] redandblack  driving_B_2019.12.17_07.32.39.csv block-000@1320s reward=QoE=  -21.43 pacing=0.00s eps=0.515 loss=2.1371
[ep  850] soldier      driving_B_2019.12.16_12.27.05.csv block-000@960s reward=QoE=   61.03 pacing=0.20s eps=0.515 loss=2.1035
[ep  851] longdress    driving_B_2020.02.14_12.58.17.csv block-002@596s reward=QoE=  -32.39 pacing=0.00s eps=0.514 loss=2.1144
[ep  852] loot         driving_B_2020.02.14_12.58.17.csv block-000@0s reward=QoE=   11.62 pacing=0.00s eps=0.514 loss=2.0719
[ep  853] redandblack  driving_B_2020.02.13_13.03.24.csv block-000@0s reward=QoE=  -17.79 pacing=0.00s eps=0.513 loss=2.5310
[ep  854] soldier      driving_B_2020.02.14_09.38.22.csv block-000@1140s reward=QoE=  -28.74 pacing=0.00s eps=0.512 loss=2.0195
[ep  855] longdress    driving_B_2020.02.27_17.30.15.csv block-002@293s reward=QoE= -349.95 pacing=0.00s eps=0.512 loss=2.0960
[ep  856] loot         driving_B_2020.02.14_12.58.17.csv block-002@656s reward=QoE=   24.94 pacing=0.00s eps=0.511 loss=2.5418
[ep  857] redandblack  driving_B_2020.01.16_07.26.43.csv block-000@1380s reward=QoE=    1.85 pacing=0.00s eps=0.511 loss=1.9964
[ep  858] soldier      driving_B_2020.02.13_15.02.01.csv block-000@2580s reward=QoE= -369.81 pacing=0.00s eps=0.510 loss=2.1024
[ep  859] longdress    driving_B_2020.02.13_15.02.01.csv block-000@0s reward=QoE=   58.15 pacing=0.00s eps=0.510 loss=2.0992
[ep  860] loot         driving_B_2020.01.16_07.26.43.csv block-000@1560s reward=QoE=  -18.36 pacing=0.00s eps=0.509 loss=2.0131
[ep  861] redandblack  static_B_2020.02.14_13.21.26.csv block-000@240s reward=QoE=   77.32 pacing=1.62s eps=0.508 loss=2.2862
[ep  862] soldier      driving_B_2019.12.16_12.27.05.csv block-000@1200s reward=QoE=  -13.80 pacing=0.00s eps=0.508 loss=2.1030
[ep  863] longdress    driving_B_2019.12.16_12.27.05.csv block-000@300s reward=QoE=  -18.99 pacing=0.00s eps=0.507 loss=2.0768
[ep  864] loot         driving_B_2019.12.17_07.32.39.csv block-003@1834s reward=QoE=   -8.71 pacing=0.00s eps=0.507 loss=2.0961
[ep  865] redandblack  driving_B_2019.12.17_07.32.39.csv block-000@60s reward=QoE=    3.79 pacing=0.00s eps=0.506 loss=1.9594
[ep  866] soldier      driving_B_2019.12.17_07.32.39.csv block-000@240s reward=QoE=  -90.46 pacing=0.00s eps=0.506 loss=2.1963
[ep  867] longdress    driving_B_2020.01.16_07.26.43.csv block-000@1500s reward=QoE=  -68.62 pacing=0.00s eps=0.505 loss=1.9440
[ep  868] loot         driving_B_2020.01.16_12.10.03.csv block-000@240s reward=QoE=   70.13 pacing=1.24s eps=0.504 loss=2.2353
[ep  869] redandblack  driving_B_2019.12.16_12.27.05.csv block-000@60s reward=QoE=   -1.66 pacing=0.00s eps=0.504 loss=2.2095
[ep  870] soldier      driving_B_2019.12.17_07.32.39.csv block-003@1654s reward=QoE=  -32.27 pacing=0.00s eps=0.503 loss=2.2831
[ep  871] longdress    driving_B_2020.01.16_07.26.43.csv block-000@840s reward=QoE=   22.51 pacing=0.00s eps=0.503 loss=2.0809
[ep  872] loot         static_B_2020.02.27_18.39.27.csv block-001@852s reward=QoE=   41.97 pacing=0.00s eps=0.502 loss=1.9864
[ep  873] redandblack  static_B_2020.02.14_13.21.26.csv block-000@840s reward=QoE=   62.95 pacing=1.79s eps=0.502 loss=1.8827
[ep  874] soldier      driving_B_2019.12.17_07.32.39.csv block-000@360s reward=QoE=    4.12 pacing=0.00s eps=0.501 loss=2.1356
[ep  875] longdress    driving_B_2019.12.17_07.32.39.csv block-004@2477s reward=QoE=   56.59 pacing=0.00s eps=0.500 loss=2.3590
[ep  876] loot         driving_B_2020.01.16_09.56.56.csv block-001@1299s reward=QoE=   64.01 pacing=0.00s eps=0.500 loss=2.4390
[ep  877] redandblack  static_B_2020.02.27_18.39.27.csv block-001@2592s reward=QoE=   63.11 pacing=0.00s eps=0.499 loss=2.0204
[ep  878] soldier      driving_B_2020.02.14_12.58.17.csv block-000@0s reward=QoE=  -13.45 pacing=0.00s eps=0.499 loss=2.0895
[ep  879] longdress    driving_B_2019.12.16_12.27.05.csv block-000@1080s reward=QoE=   65.63 pacing=0.00s eps=0.498 loss=2.0479
[ep  880] loot         driving_B_2020.01.16_09.56.56.csv block-001@759s reward=QoE=   15.80 pacing=0.00s eps=0.498 loss=2.0304
[ep  881] redandblack  driving_B_2020.02.13_13.03.24.csv block-000@420s reward=QoE=   -2.79 pacing=0.00s eps=0.497 loss=1.8531
[ep  882] soldier      static_B_2020.02.14_13.21.26.csv block-000@300s reward=QoE=   47.78 pacing=0.00s eps=0.496 loss=2.3035
[ep  883] longdress    driving_B_2020.02.13_15.02.01.csv block-000@1560s reward=QoE=  -26.96 pacing=0.00s eps=0.496 loss=2.3241
[ep  884] loot         driving_B_2020.02.13_15.02.01.csv block-000@360s reward=QoE=   58.94 pacing=0.00s eps=0.495 loss=2.1853
[ep  885] redandblack  static_B_2020.02.27_18.39.27.csv block-001@4032s reward=QoE=   70.53 pacing=0.00s eps=0.495 loss=2.2508
[ep  886] soldier      driving_B_2020.02.14_12.58.17.csv block-002@596s reward=QoE=  -82.39 pacing=0.00s eps=0.494 loss=1.9964
[ep  887] longdress    driving_B_2020.01.16_07.26.43.csv block-000@300s reward=QoE=  -13.54 pacing=0.00s eps=0.494 loss=2.1194
[ep  888] loot         driving_B_2020.02.27_17.30.15.csv block-002@533s reward=QoE= -160.21 pacing=0.00s eps=0.493 loss=2.1308
[ep  889] redandblack  static_B_2020.02.14_13.21.26.csv block-000@1020s reward=QoE=   70.37 pacing=1.35s eps=0.492 loss=2.4207
[ep  890] soldier      driving_B_2020.01.16_12.10.03.csv block-000@60s reward=QoE=   53.04 pacing=0.00s eps=0.492 loss=2.1606
[ep  891] longdress    driving_B_2020.02.27_17.30.15.csv block-002@473s reward=QoE= -406.78 pacing=0.00s eps=0.491 loss=2.5208
[ep  892] loot         driving_B_2020.01.16_07.26.43.csv block-000@540s reward=QoE=    1.99 pacing=0.00s eps=0.491 loss=2.0978
[ep  893] redandblack  static_B_2020.02.14_13.21.26.csv block-000@1020s reward=QoE=   59.73 pacing=1.39s eps=0.490 loss=2.0270
[ep  894] soldier      static_B_2020.02.14_13.21.26.csv block-000@900s reward=QoE=   55.86 pacing=0.00s eps=0.490 loss=2.1482
[ep  895] longdress    driving_B_2020.01.16_07.26.43.csv block-000@600s reward=QoE=  -27.22 pacing=0.00s eps=0.489 loss=2.1872
[ep  896] loot         driving_B_2020.01.16_09.56.56.csv block-000@120s reward=QoE=  -62.61 pacing=0.00s eps=0.488 loss=2.1274
[ep  897] redandblack  static_B_2020.02.14_13.21.26.csv block-000@1080s reward=QoE=   59.40 pacing=1.36s eps=0.488 loss=2.1428
[ep  898] soldier      driving_B_2020.02.14_09.38.22.csv block-000@1380s reward=QoE=   28.35 pacing=0.00s eps=0.487 loss=2.1239
[ep  899] longdress    driving_B_2020.01.16_07.26.43.csv block-000@780s reward=QoE=  -31.67 pacing=0.00s eps=0.487 loss=2.4045
[ep  900] loot         driving_B_2020.02.14_09.38.22.csv block-000@0s reward=QoE=   -4.74 pacing=0.00s eps=0.486 loss=2.0964
[ep  901] redandblack  driving_B_2020.02.14_12.58.17.csv block-002@536s reward=QoE= -178.53 pacing=0.00s eps=0.486 loss=2.1787
[ep  902] soldier      static_B_2020.02.14_13.21.26.csv block-000@240s reward=QoE=   61.04 pacing=1.12s eps=0.485 loss=2.0313
[ep  903] longdress    driving_B_2020.02.13_13.03.24.csv block-001@1934s reward=QoE=   10.11 pacing=0.00s eps=0.484 loss=2.1405
[ep  904] loot         driving_B_2020.01.16_09.56.56.csv block-001@1239s reward=QoE=   43.69 pacing=0.00s eps=0.484 loss=2.1317
[ep  905] redandblack  driving_B_2020.02.13_13.03.24.csv block-000@300s reward=QoE=    6.30 pacing=0.00s eps=0.483 loss=2.0578
[ep  906] soldier      driving_B_2020.01.16_12.10.03.csv block-000@300s reward=QoE=   17.08 pacing=0.00s eps=0.483 loss=2.0823
[ep  907] longdress    driving_B_2020.02.13_13.03.24.csv block-000@240s reward=QoE=  -50.63 pacing=0.00s eps=0.482 loss=2.0820
[ep  908] loot         driving_B_2020.02.14_09.38.22.csv block-000@960s reward=QoE=   61.22 pacing=0.00s eps=0.482 loss=2.1251
[ep  909] redandblack  static_B_2020.02.27_18.39.27.csv block-001@5892s reward=QoE=   67.30 pacing=0.82s eps=0.481 loss=2.1527
[ep  910] soldier      driving_B_2020.02.13_15.02.01.csv block-000@480s reward=QoE=   64.10 pacing=0.00s eps=0.480 loss=2.0646
[ep  911] longdress    driving_B_2020.02.14_09.38.22.csv block-000@900s reward=QoE=  -76.67 pacing=0.00s eps=0.480 loss=1.8318
[ep  912] loot         driving_B_2020.02.13_15.02.01.csv block-000@540s reward=QoE=    0.44 pacing=0.00s eps=0.479 loss=2.1053
[ep  913] redandblack  driving_B_2020.01.16_09.56.56.csv block-001@759s reward=QoE=   11.51 pacing=0.00s eps=0.479 loss=2.1833
[ep  914] soldier      driving_B_2019.12.16_12.27.05.csv block-000@1140s reward=QoE=   40.03 pacing=0.00s eps=0.478 loss=1.9573
[ep  915] longdress    static_B_2019.12.16_13.40.04.csv block-006@2232s reward=QoE=   70.04 pacing=0.00s eps=0.478 loss=2.0056
[ep  916] loot         static_B_2020.02.27_18.39.27.csv block-001@2052s reward=QoE=  -40.69 pacing=0.00s eps=0.477 loss=2.5960
[ep  917] redandblack  driving_B_2020.01.16_09.56.56.csv block-001@1299s reward=QoE=   38.88 pacing=0.00s eps=0.476 loss=1.9216
[ep  918] soldier      driving_B_2020.01.16_07.26.43.csv block-000@240s reward=QoE=  -68.40 pacing=0.00s eps=0.476 loss=2.0149
[ep  919] longdress    driving_B_2019.12.17_07.32.39.csv block-003@1714s reward=QoE=  -73.33 pacing=0.00s eps=0.475 loss=2.2025
[ep  920] loot         static_B_2020.02.27_18.39.27.csv block-001@2292s reward=QoE=   48.73 pacing=0.00s eps=0.475 loss=2.1164
[ep  921] redandblack  driving_B_2020.02.14_09.38.22.csv block-000@120s reward=QoE=   -2.26 pacing=0.00s eps=0.474 loss=2.0064
[ep  922] soldier      driving_B_2020.02.27_17.30.15.csv block-002@473s reward=QoE= -364.67 pacing=0.00s eps=0.474 loss=1.9664
[ep  923] longdress    driving_B_2020.02.13_13.03.24.csv block-001@1334s reward=QoE=  -37.51 pacing=0.00s eps=0.473 loss=2.1046
[ep  924] loot         static_B_2020.02.14_13.21.26.csv block-000@780s reward=QoE=   67.12 pacing=1.00s eps=0.472 loss=2.2915
[ep  925] redandblack  driving_B_2020.01.16_09.56.56.csv block-001@1659s reward=QoE=   68.57 pacing=1.09s eps=0.472 loss=2.0919
[ep  926] soldier      driving_B_2019.12.17_07.32.39.csv block-000@480s reward=QoE=   59.33 pacing=0.31s eps=0.471 loss=2.0313
[ep  927] longdress    driving_B_2020.02.13_15.02.01.csv block-000@900s reward=QoE=  -59.02 pacing=0.00s eps=0.471 loss=2.1629
[ep  928] loot         driving_B_2020.02.13_15.02.01.csv block-000@1320s reward=QoE=   42.40 pacing=0.00s eps=0.470 loss=2.0154
[ep  929] redandblack  driving_B_2020.02.14_09.38.22.csv block-000@180s reward=QoE=  -79.33 pacing=0.00s eps=0.470 loss=2.1281
[ep  930] soldier      driving_B_2020.02.14_09.38.22.csv block-000@660s reward=QoE=    5.41 pacing=0.00s eps=0.469 loss=2.1767
[ep  931] longdress    driving_B_2020.01.16_12.10.03.csv block-000@120s reward=QoE=   60.57 pacing=0.00s eps=0.468 loss=2.0905
[ep  932] loot         driving_B_2020.02.27_17.30.15.csv block-002@353s reward=QoE=  -81.55 pacing=0.00s eps=0.468 loss=2.0208
[ep  933] redandblack  driving_B_2020.02.13_15.02.01.csv block-000@2820s reward=QoE=   56.42 pacing=0.00s eps=0.467 loss=2.1358
[ep  934] soldier      static_B_2020.02.27_18.39.27.csv block-001@4512s reward=QoE=   56.26 pacing=0.98s eps=0.467 loss=2.0508
[ep  935] longdress    driving_B_2020.02.13_13.03.24.csv block-000@360s reward=QoE=  -37.31 pacing=0.00s eps=0.466 loss=2.1764
[ep  936] loot         driving_B_2020.01.16_07.26.43.csv block-000@180s reward=QoE= -183.83 pacing=0.00s eps=0.466 loss=2.2945
[ep  937] redandblack  static_B_2020.02.27_18.39.27.csv block-001@4392s reward=QoE=   17.14 pacing=0.00s eps=0.465 loss=2.1093
[ep  938] soldier      driving_B_2020.02.27_17.30.15.csv block-002@353s reward=QoE= -138.58 pacing=0.00s eps=0.465 loss=2.0902
[ep  939] longdress    static_B_2019.12.16_13.40.04.csv block-001@1135s reward=QoE=   44.31 pacing=0.00s eps=0.464 loss=2.3545
[ep  940] loot         driving_B_2020.01.16_09.56.56.csv block-001@1419s reward=QoE=   39.35 pacing=0.00s eps=0.463 loss=2.2524
[ep  941] redandblack  driving_B_2019.12.17_07.32.39.csv block-003@2074s reward=QoE=   19.23 pacing=0.00s eps=0.463 loss=1.9317
[ep  942] soldier      driving_B_2020.01.16_07.26.43.csv block-000@1080s reward=QoE=  -50.48 pacing=0.00s eps=0.462 loss=2.0704
[ep  943] longdress    driving_B_2020.01.16_09.56.56.csv block-001@1059s reward=QoE=  -52.65 pacing=0.00s eps=0.462 loss=2.3512
[ep  944] loot         static_B_2019.12.16_13.40.04.csv block-000@180s reward=QoE=   59.80 pacing=0.00s eps=0.461 loss=2.1175
[ep  945] redandblack  static_B_2020.02.27_18.39.27.csv block-001@1632s reward=QoE=   63.23 pacing=0.00s eps=0.461 loss=1.9500
[ep  946] soldier      driving_B_2020.02.14_09.38.22.csv block-000@360s reward=QoE=  -98.55 pacing=0.00s eps=0.460 loss=2.0235
[ep  947] longdress    driving_B_2020.02.14_12.58.17.csv block-000@0s reward=QoE=    4.02 pacing=0.00s eps=0.459 loss=2.1113
[ep  948] loot         driving_B_2020.01.16_07.26.43.csv block-000@900s reward=QoE=   41.09 pacing=0.00s eps=0.459 loss=1.9948
[ep  949] redandblack  static_B_2019.12.16_13.40.04.csv block-000@120s reward=QoE=   55.32 pacing=0.93s eps=0.458 loss=2.3761
[ep  950] soldier      driving_B_2020.02.13_13.03.24.csv block-000@180s reward=QoE=  -71.12 pacing=0.00s eps=0.458 loss=2.1978
[ep  951] longdress    driving_B_2019.12.16_12.27.05.csv block-000@480s reward=QoE=  -19.93 pacing=0.00s eps=0.457 loss=2.0535
[ep  952] loot         driving_B_2020.01.16_09.56.56.csv block-000@240s reward=QoE=   34.88 pacing=0.00s eps=0.457 loss=2.2348
[ep  953] redandblack  driving_B_2020.01.16_07.26.43.csv block-000@1680s reward=QoE=  -34.28 pacing=0.00s eps=0.456 loss=2.0815
[ep  954] soldier      driving_B_2020.02.13_15.02.01.csv block-000@1260s reward=QoE=   19.44 pacing=0.00s eps=0.455 loss=2.0848
[ep  955] longdress    driving_B_2020.01.16_09.56.56.csv block-001@639s reward=QoE=   59.03 pacing=0.00s eps=0.455 loss=2.0216
[ep  956] loot         driving_B_2020.01.16_09.56.56.csv block-001@1119s reward=QoE=   68.76 pacing=1.51s eps=0.454 loss=1.9435
[ep  957] redandblack  static_B_2019.12.16_13.40.04.csv block-005@1946s reward=QoE=   74.29 pacing=0.00s eps=0.454 loss=2.0907
[ep  958] soldier      driving_B_2019.12.17_07.32.39.csv block-004@2237s reward=QoE=  -42.72 pacing=0.00s eps=0.453 loss=1.9888
[ep  959] longdress    driving_B_2020.02.14_09.38.22.csv block-000@1560s reward=QoE=   -0.22 pacing=0.00s eps=0.453 loss=2.1532
[ep  960] loot         driving_B_2020.02.14_12.58.17.csv block-002@596s reward=QoE=   10.78 pacing=0.00s eps=0.452 loss=2.0086
[ep  961] redandblack  static_B_2019.12.16_13.40.04.csv block-001@775s reward=QoE=   64.36 pacing=1.66s eps=0.451 loss=1.9359
[ep  962] soldier      static_B_2020.02.27_18.39.27.csv block-001@132s reward=QoE=   53.50 pacing=0.00s eps=0.451 loss=2.2119
[ep  963] longdress    driving_B_2020.02.14_12.58.17.csv block-002@536s reward=QoE= -215.50 pacing=0.00s eps=0.450 loss=1.8742
[ep  964] loot         driving_B_2019.12.16_12.27.05.csv block-000@360s reward=QoE=  -12.98 pacing=0.00s eps=0.450 loss=2.1074
[ep  965] redandblack  static_B_2020.02.27_18.39.27.csv block-001@2472s reward=QoE=   78.57 pacing=0.00s eps=0.449 loss=2.1373
[ep  966] soldier      driving_B_2020.02.13_15.02.01.csv block-000@600s reward=QoE=   -7.23 pacing=0.00s eps=0.449 loss=1.9436
[ep  967] longdress    driving_B_2020.02.27_17.30.15.csv block-002@413s reward=QoE= -118.42 pacing=0.00s eps=0.448 loss=2.3805
[ep  968] loot         driving_B_2020.02.13_13.03.24.csv block-001@1454s reward=QoE=  -39.07 pacing=0.00s eps=0.447 loss=1.9837
[ep  969] redandblack  driving_B_2020.02.14_12.58.17.csv block-002@536s reward=QoE= -232.66 pacing=0.00s eps=0.447 loss=2.2981
[ep  970] soldier      driving_B_2019.12.17_07.32.39.csv block-000@1380s reward=QoE=   37.63 pacing=0.00s eps=0.446 loss=2.1817
[ep  971] longdress    driving_B_2020.02.13_13.03.24.csv block-001@1874s reward=QoE= -233.77 pacing=0.00s eps=0.446 loss=2.1038
[ep  972] loot         driving_B_2020.01.16_12.10.03.csv block-000@0s reward=QoE=   71.28 pacing=1.78s eps=0.445 loss=1.7683
[ep  973] redandblack  driving_B_2020.02.13_13.03.24.csv block-001@1274s reward=QoE=  -81.32 pacing=0.00s eps=0.445 loss=1.9545
[ep  974] soldier      driving_B_2020.02.13_13.03.24.csv block-001@1094s reward=QoE= -126.83 pacing=0.00s eps=0.444 loss=2.1506
[ep  975] longdress    driving_B_2020.02.14_09.38.22.csv block-000@1500s reward=QoE=    3.17 pacing=0.00s eps=0.443 loss=1.9814
[ep  976] loot         driving_B_2020.01.16_12.10.03.csv block-000@300s reward=QoE=   32.66 pacing=0.00s eps=0.443 loss=2.0034
[ep  977] redandblack  driving_B_2020.01.16_12.10.03.csv block-000@0s reward=QoE=   66.00 pacing=1.84s eps=0.442 loss=2.2556
[ep  978] soldier      driving_B_2020.02.27_17.30.15.csv block-002@353s reward=QoE= -111.44 pacing=0.00s eps=0.442 loss=2.1185
[ep  979] longdress    static_B_2019.12.16_13.40.04.csv block-001@655s reward=QoE=   39.86 pacing=0.00s eps=0.441 loss=1.9882
[ep  980] loot         driving_B_2020.02.14_09.38.22.csv block-000@60s reward=QoE=   -9.05 pacing=0.00s eps=0.441 loss=2.0947
[ep  981] redandblack  driving_B_2020.01.16_12.10.03.csv block-000@60s reward=QoE=   39.76 pacing=0.00s eps=0.440 loss=2.0413
[ep  982] soldier      driving_B_2020.02.27_17.30.15.csv block-002@353s reward=QoE= -107.68 pacing=0.00s eps=0.439 loss=2.3713
[ep  983] longdress    driving_B_2020.02.14_09.38.22.csv block-000@600s reward=QoE=   39.03 pacing=0.00s eps=0.439 loss=1.7620
[ep  984] loot         driving_B_2020.01.16_09.56.56.csv block-001@879s reward=QoE=   61.69 pacing=0.00s eps=0.438 loss=2.0308
[ep  985] redandblack  driving_B_2020.02.14_09.38.22.csv block-000@1320s reward=QoE=  -41.66 pacing=0.00s eps=0.438 loss=1.9542
[ep  986] soldier      driving_B_2020.02.14_12.58.17.csv block-002@656s reward=QoE=   33.99 pacing=0.00s eps=0.437 loss=2.2210
[ep  987] longdress    driving_B_2019.12.17_07.32.39.csv block-000@1200s reward=QoE=   54.00 pacing=0.00s eps=0.437 loss=2.2845
[ep  988] loot         driving_B_2019.12.16_12.27.05.csv block-000@240s reward=QoE=    0.85 pacing=0.00s eps=0.436 loss=1.9325
[ep  989] redandblack  driving_B_2020.01.16_12.10.03.csv block-000@360s reward=QoE=   60.48 pacing=0.00s eps=0.435 loss=1.9272
[ep  990] soldier      static_B_2020.02.27_18.39.27.csv block-001@5172s reward=QoE=   35.42 pacing=0.00s eps=0.435 loss=1.7278
[ep  991] longdress    driving_B_2020.02.14_12.58.17.csv block-002@716s reward=QoE=  -56.72 pacing=0.00s eps=0.434 loss=1.9782
[ep  992] loot         driving_B_2020.01.16_12.10.03.csv block-000@120s reward=QoE=   76.34 pacing=1.71s eps=0.434 loss=1.9741
[ep  993] redandblack  driving_B_2020.01.16_09.56.56.csv block-000@360s reward=QoE=   40.70 pacing=0.00s eps=0.433 loss=1.9951
[ep  994] soldier      driving_B_2020.02.13_15.02.01.csv block-000@1440s reward=QoE= -293.08 pacing=0.00s eps=0.433 loss=1.9010
[ep  995] longdress    driving_B_2019.12.17_07.32.39.csv block-003@1894s reward=QoE=  -22.96 pacing=0.00s eps=0.432 loss=2.0232
[ep  996] loot         driving_B_2019.12.17_07.32.39.csv block-000@180s reward=QoE=   23.13 pacing=0.00s eps=0.431 loss=1.9183
[ep  997] redandblack  driving_B_2020.01.16_07.26.43.csv block-000@480s reward=QoE=  -96.86 pacing=0.00s eps=0.431 loss=2.1501
[ep  998] soldier      driving_B_2019.12.17_07.32.39.csv block-004@2417s reward=QoE=   -6.92 pacing=0.00s eps=0.430 loss=2.0436
[ep  999] longdress    driving_B_2020.02.27_17.30.15.csv block-002@293s reward=QoE= -287.57 pacing=0.00s eps=0.430 loss=2.2089
[ep 1000] loot         driving_B_2020.02.14_09.38.22.csv block-000@180s reward=QoE=  -20.31 pacing=0.00s eps=0.429 loss=2.1292
[ep 1001] redandblack  driving_B_2020.02.13_13.03.24.csv block-001@1814s reward=QoE=    2.95 pacing=0.00s eps=0.429 loss=1.8845
[ep 1002] soldier      driving_B_2020.01.16_09.56.56.csv block-001@519s reward=QoE=   56.17 pacing=0.00s eps=0.428 loss=2.0562
[ep 1003] longdress    driving_B_2019.12.16_12.27.05.csv block-000@1260s reward=QoE=   66.64 pacing=0.00s eps=0.427 loss=2.6074
[ep 1004] loot         driving_B_2020.02.14_12.58.17.csv block-002@536s reward=QoE= -139.34 pacing=0.00s eps=0.427 loss=2.2951
[ep 1005] redandblack  driving_B_2020.01.16_07.26.43.csv block-000@1740s reward=QoE= -110.04 pacing=0.00s eps=0.426 loss=2.0515
[ep 1006] soldier      driving_B_2020.02.27_17.30.15.csv block-002@413s reward=QoE= -173.00 pacing=0.00s eps=0.426 loss=2.3829
[ep 1007] longdress    static_B_2019.12.16_13.40.04.csv block-005@1766s reward=QoE=   59.20 pacing=0.00s eps=0.425 loss=2.3135
[ep 1008] loot         driving_B_2020.02.13_15.02.01.csv block-000@1140s reward=QoE=   70.29 pacing=0.08s eps=0.425 loss=2.4112
[ep 1009] redandblack  driving_B_2020.02.27_17.30.15.csv block-002@353s reward=QoE= -103.28 pacing=0.00s eps=0.424 loss=2.2808
[ep 1010] soldier      driving_B_2020.01.16_07.26.43.csv block-000@1140s reward=QoE=   32.41 pacing=0.00s eps=0.423 loss=2.4520
[ep 1011] longdress    static_B_2020.02.14_13.21.26.csv block-000@180s reward=QoE=   62.86 pacing=0.00s eps=0.423 loss=2.2710
[ep 1012] loot         driving_B_2020.02.13_13.03.24.csv block-000@660s reward=QoE=   -3.87 pacing=0.00s eps=0.422 loss=2.1989
[ep 1013] redandblack  driving_B_2020.02.27_17.30.15.csv block-002@533s reward=QoE= -150.57 pacing=0.00s eps=0.422 loss=2.3205
[ep 1014] soldier      driving_B_2020.01.16_12.10.03.csv block-000@120s reward=QoE=   82.53 pacing=0.00s eps=0.421 loss=2.4487
[ep 1015] longdress    driving_B_2019.12.16_12.27.05.csv block-000@180s reward=QoE=  -28.72 pacing=0.00s eps=0.421 loss=2.2410
[ep 1016] loot         driving_B_2019.12.17_07.32.39.csv block-004@2537s reward=QoE=   70.54 pacing=1.83s eps=0.420 loss=2.2195
[ep 1017] redandblack  driving_B_2020.01.16_09.56.56.csv block-001@1479s reward=QoE=   49.47 pacing=0.00s eps=0.419 loss=2.2809
[ep 1018] soldier      driving_B_2020.02.14_09.38.22.csv block-000@840s reward=QoE=  -26.28 pacing=0.00s eps=0.419 loss=2.4293
[ep 1019] longdress    driving_B_2019.12.17_07.32.39.csv block-000@900s reward=QoE=  -30.00 pacing=0.00s eps=0.418 loss=2.2573
[ep 1020] loot         driving_B_2020.01.16_07.26.43.csv block-000@1320s reward=QoE=   24.58 pacing=0.00s eps=0.418 loss=2.2461
[ep 1021] redandblack  driving_B_2020.02.27_17.30.15.csv block-002@473s reward=QoE= -342.27 pacing=0.00s eps=0.417 loss=2.2196
[ep 1022] soldier      driving_B_2020.01.16_07.26.43.csv block-000@120s reward=QoE=  -23.54 pacing=0.00s eps=0.417 loss=2.2262
[ep 1023] longdress    driving_B_2019.12.17_07.32.39.csv block-000@960s reward=QoE=  -32.22 pacing=0.00s eps=0.416 loss=2.2415
[ep 1024] loot         driving_B_2020.02.14_09.38.22.csv block-000@540s reward=QoE=   13.48 pacing=0.00s eps=0.415 loss=2.1809
[ep 1025] redandblack  driving_B_2020.01.16_12.10.03.csv block-000@240s reward=QoE=   73.97 pacing=0.93s eps=0.415 loss=2.2335
[ep 1026] soldier      driving_B_2020.01.16_09.56.56.csv block-000@300s reward=QoE=   70.32 pacing=0.00s eps=0.414 loss=2.5171
[ep 1027] longdress    static_B_2020.02.14_13.21.26.csv block-000@300s reward=QoE=   33.00 pacing=0.00s eps=0.414 loss=2.1208
[ep 1028] loot         driving_B_2019.12.16_12.27.05.csv block-000@420s reward=QoE=  -92.07 pacing=0.00s eps=0.413 loss=2.2818
[ep 1029] redandblack  static_B_2019.12.16_13.40.04.csv block-000@240s reward=QoE=   50.57 pacing=0.00s eps=0.413 loss=2.2995
[ep 1030] soldier      driving_B_2020.02.13_13.03.24.csv block-000@540s reward=QoE=  -54.31 pacing=0.00s eps=0.412 loss=2.1991
[ep 1031] longdress    driving_B_2019.12.16_12.27.05.csv block-000@900s reward=QoE=   72.23 pacing=0.34s eps=0.411 loss=2.4286
[ep 1032] loot         static_B_2019.12.16_13.40.04.csv block-005@1466s reward=QoE=   57.25 pacing=0.00s eps=0.411 loss=2.1813
[ep 1033] redandblack  static_B_2020.02.14_13.21.26.csv block-000@960s reward=QoE=   49.20 pacing=0.00s eps=0.410 loss=2.2837
[ep 1034] soldier      driving_B_2020.02.13_13.03.24.csv block-000@60s reward=QoE=  -40.26 pacing=0.00s eps=0.410 loss=2.2389
[ep 1035] longdress    static_B_2020.02.14_13.21.26.csv block-000@120s reward=QoE=   66.27 pacing=0.00s eps=0.409 loss=2.3606
[ep 1036] loot         driving_B_2019.12.17_07.32.39.csv block-000@780s reward=QoE=   24.47 pacing=0.00s eps=0.409 loss=2.2928
[ep 1037] redandblack  driving_B_2020.01.16_12.10.03.csv block-000@360s reward=QoE=   70.26 pacing=0.00s eps=0.408 loss=2.0864
[ep 1038] soldier      driving_B_2020.02.14_12.58.17.csv block-002@536s reward=QoE= -184.97 pacing=0.00s eps=0.407 loss=2.3427
[ep 1039] longdress    driving_B_2020.01.16_12.10.03.csv block-000@180s reward=QoE=   69.86 pacing=0.00s eps=0.407 loss=2.1197
[ep 1040] loot         driving_B_2020.02.14_09.38.22.csv block-000@1080s reward=QoE=   65.72 pacing=1.33s eps=0.406 loss=2.3109
[ep 1041] redandblack  driving_B_2020.01.16_07.26.43.csv block-000@1800s reward=QoE=   12.11 pacing=0.00s eps=0.406 loss=2.5080
[ep 1042] soldier      driving_B_2019.12.17_07.32.39.csv block-000@300s reward=QoE=    6.33 pacing=0.00s eps=0.405 loss=2.3366
[ep 1043] longdress    driving_B_2020.02.27_17.30.15.csv block-002@293s reward=QoE= -326.63 pacing=0.00s eps=0.405 loss=2.2188
[ep 1044] loot         driving_B_2020.01.16_09.56.56.csv block-001@819s reward=QoE=   65.04 pacing=0.00s eps=0.404 loss=2.3506
[ep 1045] redandblack  driving_B_2019.12.16_12.27.05.csv block-000@1020s reward=QoE=   60.39 pacing=0.00s eps=0.403 loss=2.6091
[ep 1046] soldier      static_B_2020.02.27_18.39.27.csv block-001@1152s reward=QoE=   61.84 pacing=0.00s eps=0.403 loss=2.4026
[ep 1047] longdress    driving_B_2020.01.16_09.56.56.csv block-000@0s reward=QoE=  -14.70 pacing=0.00s eps=0.402 loss=2.3070
[ep 1048] loot         driving_B_2020.01.16_09.56.56.csv block-001@579s reward=QoE=   52.80 pacing=0.00s eps=0.402 loss=2.2395
[ep 1049] redandblack  driving_B_2020.01.16_12.10.03.csv block-000@0s reward=QoE=   72.64 pacing=1.35s eps=0.401 loss=2.2003
[ep 1050] soldier      static_B_2020.02.27_18.39.27.csv block-001@1872s reward=QoE=   52.50 pacing=0.00s eps=0.401 loss=2.2731
[ep 1051] longdress    driving_B_2020.01.16_09.56.56.csv block-001@1539s reward=QoE=   72.28 pacing=0.00s eps=0.400 loss=2.2962
[ep 1052] loot         static_B_2020.02.14_13.21.26.csv block-000@60s reward=QoE=   50.53 pacing=1.99s eps=0.399 loss=2.1691
[ep 1053] redandblack  static_B_2020.02.27_18.39.27.csv block-001@5412s reward=QoE=   55.89 pacing=0.00s eps=0.399 loss=2.4190
[ep 1054] soldier      driving_B_2020.02.13_15.02.01.csv block-000@60s reward=QoE=   72.59 pacing=0.00s eps=0.398 loss=2.2688
[ep 1055] longdress    driving_B_2020.02.13_15.02.01.csv block-000@2340s reward=QoE=   29.36 pacing=0.00s eps=0.398 loss=2.0499
[ep 1056] loot         static_B_2019.12.16_13.40.04.csv block-001@955s reward=QoE=   53.97 pacing=0.00s eps=0.397 loss=2.1330
[ep 1057] redandblack  driving_B_2020.01.16_12.10.03.csv block-000@60s reward=QoE=   47.45 pacing=0.00s eps=0.397 loss=2.1012
[ep 1058] soldier      static_B_2020.02.14_13.21.26.csv block-000@600s reward=QoE=   71.88 pacing=0.56s eps=0.396 loss=2.5432
[ep 1059] longdress    driving_B_2020.02.13_15.02.01.csv block-000@780s reward=QoE=  -25.58 pacing=0.00s eps=0.395 loss=2.4431
[ep 1060] loot         driving_B_2019.12.17_07.32.39.csv block-000@1260s reward=QoE=    1.42 pacing=0.00s eps=0.395 loss=2.2592
[ep 1061] redandblack  driving_B_2019.12.16_12.27.05.csv block-000@600s reward=QoE=  -28.22 pacing=0.00s eps=0.394 loss=2.3191
[ep 1062] soldier      driving_B_2020.02.13_13.03.24.csv block-000@480s reward=QoE=  -92.98 pacing=0.00s eps=0.394 loss=2.3575
[ep 1063] longdress    driving_B_2020.01.16_12.10.03.csv block-000@360s reward=QoE=   56.21 pacing=0.00s eps=0.393 loss=2.2041
[ep 1064] loot         driving_B_2020.01.16_07.26.43.csv block-000@420s reward=QoE=   -0.70 pacing=0.00s eps=0.393 loss=2.4318
[ep 1065] redandblack  driving_B_2020.02.27_17.30.15.csv block-002@353s reward=QoE=  -58.98 pacing=0.00s eps=0.392 loss=2.2603
[ep 1066] soldier      driving_B_2020.02.14_09.38.22.csv block-000@1200s reward=QoE=  -27.02 pacing=0.00s eps=0.391 loss=2.2561
[ep 1067] longdress    driving_B_2020.02.27_17.30.15.csv block-002@413s reward=QoE=  -46.26 pacing=0.00s eps=0.391 loss=1.9510
[ep 1068] loot         driving_B_2019.12.16_12.27.05.csv block-000@60s reward=QoE=    6.68 pacing=0.00s eps=0.390 loss=2.8048
[ep 1069] redandblack  driving_B_2020.01.16_12.10.03.csv block-000@240s reward=QoE=   64.69 pacing=1.49s eps=0.390 loss=2.3625
[ep 1070] soldier      driving_B_2020.02.27_17.30.15.csv block-002@473s reward=QoE= -354.32 pacing=0.00s eps=0.389 loss=2.4330
[ep 1071] longdress    driving_B_2020.01.16_07.26.43.csv block-000@960s reward=QoE=  -44.82 pacing=0.00s eps=0.389 loss=2.1598
[ep 1072] loot         static_B_2019.12.16_13.40.04.csv block-000@300s reward=QoE=   30.14 pacing=0.00s eps=0.388 loss=2.3624
[ep 1073] redandblack  driving_B_2020.02.27_17.30.15.csv block-002@533s reward=QoE=  -62.09 pacing=0.00s eps=0.387 loss=2.2235
[ep 1074] soldier      static_B_2019.12.16_13.40.04.csv block-001@595s reward=QoE=   62.84 pacing=0.00s eps=0.387 loss=2.2866
[ep 1075] longdress    static_B_2020.02.27_18.39.27.csv block-001@2412s reward=QoE=   47.40 pacing=0.00s eps=0.386 loss=2.0888
[ep 1076] loot         driving_B_2020.01.16_12.10.03.csv block-000@180s reward=QoE=   53.18 pacing=0.72s eps=0.386 loss=2.1678
[ep 1077] redandblack  driving_B_2019.12.16_12.27.05.csv block-000@0s reward=QoE=   42.87 pacing=0.00s eps=0.385 loss=2.1453
[ep 1078] soldier      driving_B_2020.02.13_13.03.24.csv block-001@1694s reward=QoE=  -44.48 pacing=0.00s eps=0.385 loss=2.2517
[ep 1079] longdress    driving_B_2020.02.14_09.38.22.csv block-000@240s reward=QoE= -133.24 pacing=0.00s eps=0.384 loss=2.3085
[ep 1080] loot         static_B_2020.02.27_18.39.27.csv block-001@1392s reward=QoE=   39.37 pacing=0.17s eps=0.383 loss=2.5122
[ep 1081] redandblack  driving_B_2020.02.13_13.03.24.csv block-001@1574s reward=QoE=   12.41 pacing=0.00s eps=0.383 loss=2.1153
[ep 1082] soldier      driving_B_2020.02.14_09.38.22.csv block-000@1020s reward=QoE=   59.58 pacing=0.00s eps=0.382 loss=2.1830
[ep 1083] longdress    driving_B_2020.02.27_17.30.15.csv block-002@533s reward=QoE=  -81.48 pacing=0.00s eps=0.382 loss=2.0069
[ep 1084] loot         driving_B_2020.02.14_12.58.17.csv block-002@596s reward=QoE=  -26.72 pacing=0.00s eps=0.381 loss=2.2745
[ep 1085] redandblack  driving_B_2020.01.16_07.26.43.csv block-000@360s reward=QoE=  -91.31 pacing=0.00s eps=0.381 loss=2.1521
[ep 1086] soldier      driving_B_2020.01.16_09.56.56.csv block-001@1179s reward=QoE=   -2.90 pacing=0.00s eps=0.380 loss=2.3255
[ep 1087] longdress    driving_B_2020.01.16_07.26.43.csv block-000@1020s reward=QoE= -109.18 pacing=0.00s eps=0.379 loss=2.0258
[ep 1088] loot         driving_B_2020.02.14_09.38.22.csv block-000@1260s reward=QoE=    4.45 pacing=0.00s eps=0.379 loss=1.8930
[ep 1089] redandblack  static_B_2020.02.27_18.39.27.csv block-001@5352s reward=QoE=   10.05 pacing=0.00s eps=0.378 loss=2.0904
[ep 1090] soldier      driving_B_2020.01.16_12.10.03.csv block-000@180s reward=QoE=   58.08 pacing=0.00s eps=0.378 loss=2.1374
[ep 1091] longdress    driving_B_2020.02.13_15.02.01.csv block-000@120s reward=QoE=   70.47 pacing=0.64s eps=0.377 loss=2.0165
[ep 1092] loot         static_B_2020.02.14_13.21.26.csv block-000@720s reward=QoE=   75.45 pacing=0.38s eps=0.377 loss=2.2567
[ep 1093] redandblack  driving_B_2020.02.14_12.58.17.csv block-002@536s reward=QoE= -165.73 pacing=0.00s eps=0.376 loss=2.5040
[ep 1094] soldier      driving_B_2020.02.14_12.58.17.csv block-002@716s reward=QoE=   26.46 pacing=0.00s eps=0.375 loss=2.1133
[ep 1095] longdress    driving_B_2020.02.14_09.38.22.csv block-000@60s reward=QoE=  -28.30 pacing=0.00s eps=0.375 loss=2.3293
[ep 1096] loot         driving_B_2020.02.13_15.02.01.csv block-000@1860s reward=QoE=    2.06 pacing=0.00s eps=0.374 loss=2.2229
[ep 1097] redandblack  driving_B_2020.02.14_12.58.17.csv block-002@656s reward=QoE=   31.74 pacing=0.00s eps=0.374 loss=2.1040
[ep 1098] soldier      driving_B_2020.02.13_15.02.01.csv block-000@2460s reward=QoE=   50.34 pacing=0.00s eps=0.373 loss=2.1704
[ep 1099] longdress    static_B_2020.02.27_18.39.27.csv block-001@1692s reward=QoE=   40.01 pacing=0.00s eps=0.373 loss=2.3440
[ep 1100] loot         driving_B_2020.01.16_09.56.56.csv block-000@180s reward=QoE=   63.05 pacing=0.00s eps=0.372 loss=2.2319
[ep 1101] redandblack  driving_B_2020.01.16_07.26.43.csv block-000@660s reward=QoE=   38.32 pacing=0.00s eps=0.371 loss=2.1911
[ep 1102] soldier      driving_B_2020.01.16_12.10.03.csv block-000@360s reward=QoE=   52.84 pacing=0.00s eps=0.371 loss=2.1688
[ep 1103] longdress    driving_B_2019.12.16_12.27.05.csv block-000@960s reward=QoE=   73.29 pacing=0.00s eps=0.370 loss=2.3148
[ep 1104] loot         driving_B_2019.12.17_07.32.39.csv block-003@2014s reward=QoE=   -1.27 pacing=0.00s eps=0.370 loss=1.9247
[ep 1105] redandblack  driving_B_2020.01.16_12.10.03.csv block-000@300s reward=QoE=   30.75 pacing=0.00s eps=0.369 loss=2.0215
[ep 1106] soldier      driving_B_2020.02.13_15.02.01.csv block-000@1020s reward=QoE=   76.35 pacing=0.76s eps=0.369 loss=2.2528
[ep 1107] longdress    driving_B_2020.02.14_09.38.22.csv block-000@780s reward=QoE=   53.80 pacing=0.00s eps=0.368 loss=2.2998
[ep 1108] loot         driving_B_2020.01.16_09.56.56.csv block-001@699s reward=QoE=   72.92 pacing=2.53s eps=0.367 loss=2.1901
[ep 1109] redandblack  driving_B_2020.02.27_17.30.15.csv block-002@473s reward=QoE= -280.61 pacing=0.00s eps=0.367 loss=2.2182
[ep 1110] soldier      driving_B_2020.02.27_17.30.15.csv block-002@533s reward=QoE= -169.93 pacing=0.00s eps=0.366 loss=2.2322
[ep 1111] longdress    driving_B_2020.01.16_07.26.43.csv block-000@1440s reward=QoE=   38.78 pacing=0.00s eps=0.366 loss=2.0552
[ep 1112] loot         static_B_2019.12.16_13.40.04.csv block-000@0s reward=QoE=   60.18 pacing=0.00s eps=0.365 loss=2.1818
[ep 1113] redandblack  driving_B_2020.02.14_12.58.17.csv block-000@0s reward=QoE=    9.07 pacing=0.00s eps=0.365 loss=2.3742
[ep 1114] soldier      driving_B_2020.02.13_13.03.24.csv block-001@914s reward=QoE= -161.14 pacing=0.00s eps=0.364 loss=2.2894
[ep 1115] longdress    driving_B_2020.01.16_09.56.56.csv block-001@639s reward=QoE=   52.75 pacing=0.00s eps=0.363 loss=2.0371
[ep 1116] loot         driving_B_2020.01.16_09.56.56.csv block-001@1719s reward=QoE=   69.13 pacing=0.00s eps=0.363 loss=2.3256
[ep 1117] redandblack  driving_B_2020.01.16_09.56.56.csv block-001@1599s reward=QoE=   72.98 pacing=0.00s eps=0.362 loss=2.3542
[ep 1118] soldier      driving_B_2020.01.16_07.26.43.csv block-000@60s reward=QoE=   -5.16 pacing=0.00s eps=0.362 loss=2.2352
[ep 1119] longdress    driving_B_2020.02.13_13.03.24.csv block-001@1994s reward=QoE=   54.43 pacing=0.00s eps=0.361 loss=2.0502
[ep 1120] loot         static_B_2020.02.14_13.21.26.csv block-000@480s reward=QoE=   59.53 pacing=1.85s eps=0.361 loss=2.1052
[ep 1121] redandblack  driving_B_2019.12.17_07.32.39.csv block-000@720s reward=QoE=  -15.44 pacing=0.00s eps=0.360 loss=2.3792
[ep 1122] soldier      static_B_2019.12.16_13.40.04.csv block-005@1646s reward=QoE=   52.94 pacing=0.50s eps=0.359 loss=2.4907
[ep 1123] longdress    driving_B_2020.02.14_12.58.17.csv block-002@716s reward=QoE=   12.58 pacing=0.00s eps=0.359 loss=2.1743
[ep 1124] loot         driving_B_2020.01.16_09.56.56.csv block-001@1059s reward=QoE=    7.71 pacing=0.00s eps=0.358 loss=2.1414
[ep 1125] redandblack  driving_B_2020.02.13_15.02.01.csv block-000@2220s reward=QoE=   35.63 pacing=0.00s eps=0.358 loss=2.2153
[ep 1126] soldier      driving_B_2020.02.13_13.03.24.csv block-001@1514s reward=QoE=  -97.96 pacing=0.00s eps=0.357 loss=2.3316
[ep 1127] longdress    driving_B_2020.01.16_07.26.43.csv block-000@1260s reward=QoE=   14.04 pacing=0.00s eps=0.357 loss=2.1551
[ep 1128] loot         static_B_2020.02.14_13.21.26.csv block-000@540s reward=QoE=   84.52 pacing=0.43s eps=0.356 loss=2.2246
[ep 1129] redandblack  driving_B_2020.01.16_12.10.03.csv block-000@360s reward=QoE=   63.44 pacing=0.00s eps=0.355 loss=2.2122
[ep 1130] soldier      driving_B_2020.02.27_17.30.15.csv block-002@413s reward=QoE= -436.94 pacing=0.00s eps=0.355 loss=2.2058
[ep 1131] longdress    driving_B_2019.12.16_12.27.05.csv block-000@540s reward=QoE= -160.88 pacing=0.00s eps=0.354 loss=2.2445
[ep 1132] loot         driving_B_2020.02.14_12.58.17.csv block-002@656s reward=QoE=   43.60 pacing=0.00s eps=0.354 loss=2.3887
[ep 1133] redandblack  driving_B_2020.02.14_12.58.17.csv block-002@596s reward=QoE=   -0.76 pacing=0.00s eps=0.353 loss=2.1331
[ep 1134] soldier      static_B_2020.02.14_13.21.26.csv block-000@660s reward=QoE=   69.46 pacing=1.02s eps=0.353 loss=2.2667
[ep 1135] longdress    driving_B_2020.02.14_12.58.17.csv block-002@656s reward=QoE=   16.66 pacing=0.00s eps=0.352 loss=2.3047
[ep 1136] loot         static_B_2020.02.14_13.21.26.csv block-000@360s reward=QoE=   73.23 pacing=0.00s eps=0.351 loss=2.3053
[ep 1137] redandblack  static_B_2020.02.27_18.39.27.csv block-001@4812s reward=QoE=   74.99 pacing=0.00s eps=0.351 loss=2.1626
[ep 1138] soldier      static_B_2020.02.27_18.39.27.csv block-001@2652s reward=QoE=   36.71 pacing=0.00s eps=0.350 loss=2.2094
[ep 1139] longdress    driving_B_2020.02.14_09.38.22.csv block-000@720s reward=QoE=   57.29 pacing=1.99s eps=0.350 loss=2.1265
[ep 1140] loot         static_B_2020.02.14_13.21.26.csv block-000@480s reward=QoE=   64.43 pacing=1.31s eps=0.349 loss=1.9983
[ep 1141] redandblack  static_B_2019.12.16_13.40.04.csv block-005@1706s reward=QoE=   64.19 pacing=0.00s eps=0.349 loss=2.1826
[ep 1142] soldier      driving_B_2020.02.14_09.38.22.csv block-000@1440s reward=QoE=   81.32 pacing=0.00s eps=0.348 loss=2.1314
[ep 1143] longdress    driving_B_2019.12.16_12.27.05.csv block-000@780s reward=QoE=   25.92 pacing=0.00s eps=0.347 loss=2.3080
[ep 1144] loot         static_B_2019.12.16_13.40.04.csv block-001@1015s reward=QoE=   19.39 pacing=0.00s eps=0.347 loss=2.2506
[ep 1145] redandblack  driving_B_2020.02.13_15.02.01.csv block-000@1620s reward=QoE=  -21.61 pacing=0.00s eps=0.346 loss=2.1115
[ep 1146] soldier      static_B_2020.02.27_18.39.27.csv block-001@3792s reward=QoE=   57.04 pacing=0.42s eps=0.346 loss=2.2366
[ep 1147] longdress    driving_B_2020.02.14_09.38.22.csv block-000@420s reward=QoE=  -69.82 pacing=0.00s eps=0.345 loss=2.0079
[ep 1148] loot         static_B_2020.02.27_18.39.27.csv block-001@5772s reward=QoE=   67.31 pacing=0.00s eps=0.345 loss=2.0751
[ep 1149] redandblack  driving_B_2019.12.16_12.27.05.csv block-000@1140s reward=QoE=   41.27 pacing=0.00s eps=0.344 loss=2.1542
[ep 1150] soldier      driving_B_2020.02.13_15.02.01.csv block-000@2760s reward=QoE=  -80.99 pacing=0.00s eps=0.343 loss=2.4130
[ep 1151] longdress    driving_B_2020.02.13_15.02.01.csv block-000@1920s reward=QoE=   28.30 pacing=0.00s eps=0.343 loss=2.0717
[ep 1152] loot         driving_B_2020.02.14_12.58.17.csv block-002@656s reward=QoE=   28.17 pacing=0.00s eps=0.342 loss=1.9474
[ep 1153] redandblack  static_B_2019.12.16_13.40.04.csv block-006@2172s reward=QoE=   78.51 pacing=1.15s eps=0.342 loss=2.1215
[ep 1154] soldier      driving_B_2019.12.17_07.32.39.csv block-000@840s reward=QoE=  -15.68 pacing=0.00s eps=0.341 loss=2.3707
[ep 1155] longdress    driving_B_2020.02.14_09.38.22.csv block-000@480s reward=QoE=  -27.71 pacing=0.00s eps=0.341 loss=2.1590
[ep 1156] loot         driving_B_2020.02.14_12.58.17.csv block-002@716s reward=QoE=   14.84 pacing=0.00s eps=0.340 loss=2.1202
[ep 1157] redandblack  driving_B_2019.12.16_12.27.05.csv block-000@180s reward=QoE=   19.12 pacing=0.00s eps=0.339 loss=2.1542
[ep 1158] soldier      static_B_2020.02.14_13.21.26.csv block-000@420s reward=QoE=   72.62 pacing=0.72s eps=0.339 loss=2.3268
[ep 1159] longdress    static_B_2020.02.27_18.39.27.csv block-001@3192s reward=QoE=   70.08 pacing=0.00s eps=0.338 loss=2.3646
[ep 1160] loot         driving_B_2019.12.17_07.32.39.csv block-003@1594s reward=QoE=   18.82 pacing=0.00s eps=0.338 loss=2.2497
[ep 1161] redandblack  static_B_2019.12.16_13.40.04.csv block-005@1586s reward=QoE=  -41.76 pacing=0.00s eps=0.337 loss=2.2640
[ep 1162] soldier      driving_B_2020.02.13_13.03.24.csv block-000@120s reward=QoE=  -60.87 pacing=0.00s eps=0.337 loss=2.0529
[ep 1163] longdress    driving_B_2020.02.13_13.03.24.csv block-001@1154s reward=QoE=  -40.54 pacing=0.00s eps=0.336 loss=2.0220
[ep 1164] loot         static_B_2020.02.14_13.21.26.csv block-000@360s reward=QoE=   66.49 pacing=0.91s eps=0.335 loss=1.9954
[ep 1165] redandblack  driving_B_2020.02.13_13.03.24.csv block-001@1754s reward=QoE=  -13.79 pacing=0.00s eps=0.335 loss=2.2283
[ep 1166] soldier      driving_B_2020.02.27_17.30.15.csv block-002@413s reward=QoE=  -76.92 pacing=0.00s eps=0.334 loss=2.0919
[ep 1167] longdress    driving_B_2020.02.14_12.58.17.csv block-002@716s reward=QoE=   11.23 pacing=0.00s eps=0.334 loss=2.2629
[ep 1168] loot         driving_B_2020.01.16_07.26.43.csv block-000@0s reward=QoE=   14.03 pacing=0.00s eps=0.333 loss=2.3517
[ep 1169] redandblack  driving_B_2019.12.17_07.32.39.csv block-003@1774s reward=QoE=   23.05 pacing=0.00s eps=0.333 loss=2.0238
[ep 1170] soldier      driving_B_2020.02.14_09.38.22.csv block-000@1440s reward=QoE=   73.08 pacing=0.00s eps=0.332 loss=2.3282
[ep 1171] longdress    driving_B_2019.12.17_07.32.39.csv block-000@600s reward=QoE=  -32.70 pacing=0.00s eps=0.331 loss=2.0285
[ep 1172] loot         static_B_2019.12.16_13.40.04.csv block-000@60s reward=QoE=   39.69 pacing=0.00s eps=0.331 loss=2.1936
[ep 1173] redandblack  driving_B_2020.02.14_12.58.17.csv block-002@716s reward=QoE=   29.38 pacing=0.00s eps=0.330 loss=2.3173
[ep 1174] soldier      static_B_2020.02.14_13.21.26.csv block-000@0s reward=QoE=   25.07 pacing=0.00s eps=0.330 loss=1.9504
[ep 1175] longdress    driving_B_2020.02.13_15.02.01.csv block-000@840s reward=QoE=    7.41 pacing=0.00s eps=0.329 loss=2.4089
[ep 1176] loot         driving_B_2020.02.14_09.38.22.csv block-000@300s reward=QoE=  -80.93 pacing=0.00s eps=0.329 loss=2.3672
[ep 1177] redandblack  static_B_2020.02.27_18.39.27.csv block-001@1272s reward=QoE=   30.88 pacing=0.00s eps=0.328 loss=2.1788
[ep 1178] soldier      driving_B_2019.12.16_12.27.05.csv block-000@840s reward=QoE=   28.49 pacing=0.00s eps=0.327 loss=2.1626
[ep 1179] longdress    driving_B_2020.02.13_15.02.01.csv block-000@2280s reward=QoE=  -32.04 pacing=0.00s eps=0.327 loss=2.0628
[ep 1180] loot         driving_B_2019.12.16_12.27.05.csv block-000@480s reward=QoE=  -25.27 pacing=0.00s eps=0.326 loss=2.0577
[ep 1181] redandblack  driving_B_2020.02.13_15.02.01.csv block-000@420s reward=QoE=   78.23 pacing=0.29s eps=0.326 loss=2.0930
[ep 1182] soldier      driving_B_2020.02.27_17.30.15.csv block-002@353s reward=QoE=  -64.24 pacing=0.00s eps=0.325 loss=2.2649
[ep 1183] longdress    driving_B_2020.02.13_15.02.01.csv block-000@1500s reward=QoE=  -79.65 pacing=0.00s eps=0.325 loss=2.2458
[ep 1184] loot         static_B_2020.02.14_13.21.26.csv block-000@120s reward=QoE=   71.72 pacing=1.48s eps=0.324 loss=2.3078
[ep 1185] redandblack  static_B_2020.02.27_18.39.27.csv block-001@72s reward=QoE=   81.76 pacing=0.49s eps=0.323 loss=2.4783
[ep 1186] soldier      driving_B_2020.01.16_12.10.03.csv block-000@60s reward=QoE=   45.48 pacing=0.00s eps=0.323 loss=2.0909
[ep 1187] longdress    driving_B_2020.02.13_13.03.24.csv block-007@2290s reward=QoE= -246.93 pacing=0.00s eps=0.322 loss=2.3527
[ep 1188] loot         driving_B_2020.02.27_17.30.15.csv block-002@293s reward=QoE= -193.44 pacing=0.00s eps=0.322 loss=1.9540
[ep 1189] redandblack  static_B_2019.12.16_13.40.04.csv block-001@835s reward=QoE=   73.18 pacing=1.44s eps=0.321 loss=2.2502
[ep 1190] soldier      static_B_2020.02.27_18.39.27.csv block-001@6552s reward=QoE=   66.99 pacing=0.00s eps=0.321 loss=2.0133
[ep 1191] longdress    driving_B_2020.01.16_12.10.03.csv block-000@300s reward=QoE=   23.73 pacing=0.00s eps=0.320 loss=2.1015
[ep 1192] loot         driving_B_2020.02.27_17.30.15.csv block-002@293s reward=QoE= -221.34 pacing=0.00s eps=0.319 loss=2.1701
[ep 1193] redandblack  driving_B_2020.02.27_17.30.15.csv block-002@533s reward=QoE= -119.42 pacing=0.00s eps=0.319 loss=2.1099
[ep 1194] soldier      driving_B_2020.01.16_12.10.03.csv block-000@180s reward=QoE=   64.37 pacing=0.00s eps=0.318 loss=2.5317
[ep 1195] longdress    static_B_2019.12.16_13.40.04.csv block-005@1406s reward=QoE=   48.75 pacing=0.00s eps=0.318 loss=2.2338
[ep 1196] loot         driving_B_2019.12.16_12.27.05.csv block-000@120s reward=QoE=   34.88 pacing=0.00s eps=0.317 loss=2.0893
[ep 1197] redandblack  driving_B_2020.01.16_07.26.43.csv block-000@1200s reward=QoE=   54.37 pacing=0.00s eps=0.317 loss=2.2170
[ep 1198] soldier      driving_B_2019.12.16_12.27.05.csv block-000@780s reward=QoE=   30.65 pacing=0.00s eps=0.316 loss=2.2095
[ep 1199] longdress    driving_B_2020.02.13_15.02.01.csv block-000@300s reward=QoE=   57.67 pacing=0.00s eps=0.315 loss=2.2578
[ep 1200] loot         driving_B_2019.12.16_12.27.05.csv block-000@660s reward=QoE= -130.32 pacing=0.00s eps=0.315 loss=2.2290
    [eval @ ep 1200] reward=QoE=47.86 mean_q=0.595 stall=1.0s
[ep 1201] redandblack  driving_B_2020.02.13_13.03.24.csv block-001@1634s reward=QoE=  -38.78 pacing=0.00s eps=0.314 loss=2.1902
[ep 1202] soldier      driving_B_2019.12.17_07.32.39.csv block-000@0s reward=QoE=    8.20 pacing=0.00s eps=0.314 loss=2.2087
[ep 1203] longdress    driving_B_2019.12.17_07.32.39.csv block-000@1140s reward=QoE=   29.52 pacing=0.00s eps=0.313 loss=2.8088
[ep 1204] loot         static_B_2019.12.16_13.40.04.csv block-005@1346s reward=QoE=    4.03 pacing=0.00s eps=0.313 loss=2.5304
[ep 1205] redandblack  driving_B_2019.12.16_12.27.05.csv block-000@720s reward=QoE=  -20.64 pacing=0.00s eps=0.312 loss=2.1746
[ep 1206] soldier      static_B_2020.02.27_18.39.27.csv block-001@3492s reward=QoE=   47.25 pacing=0.00s eps=0.311 loss=2.3655
[ep 1207] longdress    static_B_2020.02.14_13.21.26.csv block-000@780s reward=QoE=   55.18 pacing=0.00s eps=0.311 loss=2.1615
[ep 1208] loot         static_B_2020.02.27_18.39.27.csv block-001@5052s reward=QoE=   65.55 pacing=0.00s eps=0.310 loss=2.2341
[ep 1209] redandblack  driving_B_2019.12.16_12.27.05.csv block-000@120s reward=QoE=   44.43 pacing=0.00s eps=0.310 loss=2.3891
[ep 1210] soldier      driving_B_2020.02.14_12.58.17.csv block-000@0s reward=QoE=  -21.31 pacing=0.00s eps=0.309 loss=2.5235
[ep 1211] longdress    driving_B_2020.01.16_09.56.56.csv block-001@939s reward=QoE=   21.24 pacing=0.00s eps=0.309 loss=2.4665
[ep 1212] loot         static_B_2020.02.14_13.21.26.csv block-000@660s reward=QoE=   80.11 pacing=1.33s eps=0.308 loss=2.5250
[ep 1213] redandblack  driving_B_2020.01.16_12.10.03.csv block-000@120s reward=QoE=   70.35 pacing=1.39s eps=0.308 loss=2.1280
[ep 1214] soldier      driving_B_2019.12.16_12.27.05.csv block-000@360s reward=QoE=    3.84 pacing=0.00s eps=0.307 loss=2.1960
[ep 1215] longdress    driving_B_2019.12.16_12.27.05.csv block-000@900s reward=QoE=   59.02 pacing=0.98s eps=0.306 loss=2.6325
[ep 1216] loot         driving_B_2020.01.16_07.26.43.csv block-000@720s reward=QoE=   -5.51 pacing=0.00s eps=0.306 loss=2.7262
[ep 1217] redandblack  driving_B_2020.01.16_12.10.03.csv block-000@240s reward=QoE=   70.07 pacing=1.21s eps=0.305 loss=2.4594
[ep 1218] soldier      driving_B_2020.02.14_12.58.17.csv block-002@716s reward=QoE=   -4.58 pacing=0.00s eps=0.305 loss=2.2742
[ep 1219] longdress    driving_B_2020.02.14_09.38.22.csv block-000@480s reward=QoE=  -13.77 pacing=0.00s eps=0.304 loss=2.3630
[ep 1220] loot         driving_B_2020.01.16_09.56.56.csv block-000@60s reward=QoE=   -3.97 pacing=0.00s eps=0.304 loss=2.2660
[ep 1221] redandblack  driving_B_2020.01.16_09.56.56.csv block-001@999s reward=QoE=   30.85 pacing=0.00s eps=0.303 loss=2.3573
[ep 1222] soldier      driving_B_2020.02.13_15.02.01.csv block-000@2400s reward=QoE=   51.52 pacing=0.00s eps=0.302 loss=2.2563
[ep 1223] longdress    driving_B_2020.02.13_15.02.01.csv block-000@180s reward=QoE=   44.41 pacing=0.00s eps=0.302 loss=2.2961
[ep 1224] loot         driving_B_2020.02.27_17.30.15.csv block-002@473s reward=QoE= -298.18 pacing=0.00s eps=0.301 loss=2.2527
[ep 1225] redandblack  driving_B_2020.02.13_13.03.24.csv block-001@1214s reward=QoE=   -9.75 pacing=0.00s eps=0.301 loss=2.1877
[ep 1226] soldier      driving_B_2019.12.16_12.27.05.csv block-000@660s reward=QoE= -166.25 pacing=0.00s eps=0.300 loss=2.1797
[ep 1227] longdress    driving_B_2020.01.16_12.10.03.csv block-000@300s reward=QoE=   29.71 pacing=0.00s eps=0.300 loss=2.4146
[ep 1228] loot         driving_B_2020.02.13_13.03.24.csv block-001@1394s reward=QoE=   15.64 pacing=0.00s eps=0.299 loss=2.3509
[ep 1229] redandblack  driving_B_2020.02.27_17.30.15.csv block-002@293s reward=QoE= -224.63 pacing=0.00s eps=0.298 loss=2.2831
[ep 1230] soldier      static_B_2020.02.14_13.21.26.csv block-000@420s reward=QoE=   68.35 pacing=0.00s eps=0.298 loss=2.3308
[ep 1231] longdress    static_B_2020.02.27_18.39.27.csv block-001@12s reward=QoE=   70.49 pacing=0.00s eps=0.297 loss=2.2888
[ep 1232] loot         driving_B_2020.01.16_07.26.43.csv block-000@1860s reward=QoE=  -21.02 pacing=0.00s eps=0.297 loss=2.4674
[ep 1233] redandblack  static_B_2019.12.16_13.40.04.csv block-001@895s reward=QoE=   59.18 pacing=0.00s eps=0.296 loss=2.3907
[ep 1234] soldier      static_B_2020.02.27_18.39.27.csv block-001@4572s reward=QoE=   35.82 pacing=0.00s eps=0.296 loss=2.5624
[ep 1235] longdress    static_B_2019.12.16_13.40.04.csv block-005@1886s reward=QoE=   50.30 pacing=0.00s eps=0.295 loss=2.4423
[ep 1236] loot         driving_B_2020.02.14_12.58.17.csv block-002@596s reward=QoE=  -11.85 pacing=0.00s eps=0.294 loss=2.1918
[ep 1237] redandblack  driving_B_2020.02.13_15.02.01.csv block-000@1740s reward=QoE=  -98.82 pacing=0.00s eps=0.294 loss=2.2076
[ep 1238] soldier      driving_B_2020.02.13_13.03.24.csv block-000@600s reward=QoE=  -17.44 pacing=0.00s eps=0.293 loss=2.2573
[ep 1239] longdress    static_B_2019.12.16_13.40.04.csv block-001@1075s reward=QoE=   48.76 pacing=0.00s eps=0.293 loss=2.4594
[ep 1240] loot         driving_B_2020.02.13_13.03.24.csv block-001@1034s reward=QoE=  -19.70 pacing=0.00s eps=0.292 loss=2.4503
[ep 1241] redandblack  driving_B_2019.12.17_07.32.39.csv block-000@1080s reward=QoE=   18.09 pacing=0.00s eps=0.292 loss=2.2236
[ep 1242] soldier      static_B_2019.12.16_13.40.04.csv block-005@2006s reward=QoE=   42.06 pacing=0.00s eps=0.291 loss=2.3474
[ep 1243] longdress    driving_B_2020.02.27_17.30.15.csv block-002@413s reward=QoE=  -17.49 pacing=0.00s eps=0.290 loss=2.1431
[ep 1244] loot         driving_B_2020.02.13_13.03.24.csv block-001@974s reward=QoE=   18.42 pacing=0.00s eps=0.290 loss=2.4708
[ep 1245] redandblack  static_B_2020.02.14_13.21.26.csv block-000@180s reward=QoE=   67.07 pacing=0.45s eps=0.289 loss=2.4912
[ep 1246] soldier      static_B_2019.12.16_13.40.04.csv block-000@360s reward=QoE=   21.92 pacing=0.00s eps=0.289 loss=2.4635
[ep 1247] longdress    driving_B_2020.01.16_12.10.03.csv block-000@0s reward=QoE=   53.90 pacing=0.91s eps=0.288 loss=2.4289
[ep 1248] loot         static_B_2020.02.14_13.21.26.csv block-000@720s reward=QoE=   78.33 pacing=0.00s eps=0.288 loss=2.4347
[ep 1249] soldier      static_B_2020.02.27_18.39.27.csv block-001@6072s reward=QoE=   80.23 pacing=0.00s eps=0.287 loss=2.2078
[ep 1250] longdress    driving_B_2019.12.17_07.32.39.csv block-004@2537s reward=QoE=   72.85 pacing=0.48s eps=0.286 loss=2.4706
[ep 1251] loot         driving_B_2019.12.17_07.32.39.csv block-003@1654s reward=QoE=    5.91 pacing=0.00s eps=0.286 loss=2.4047
[ep 1252] redandblack  static_B_2020.02.27_18.39.27.csv block-001@5592s reward=QoE=   49.16 pacing=0.00s eps=0.285 loss=2.4624
[ep 1253] soldier      driving_B_2020.02.14_09.38.22.csv block-000@1080s reward=QoE=   56.21 pacing=0.00s eps=0.285 loss=2.2332
[ep 1254] longdress    driving_B_2020.02.14_09.38.22.csv block-000@720s reward=QoE=   70.65 pacing=0.00s eps=0.284 loss=2.4943
[ep 1255] loot         driving_B_2020.02.13_15.02.01.csv block-000@1260s reward=QoE=   31.81 pacing=0.00s eps=0.284 loss=2.1876
[ep 1256] redandblack  driving_B_2019.12.16_12.27.05.csv block-000@780s reward=QoE=   58.80 pacing=0.00s eps=0.283 loss=2.5499
[ep 1257] soldier      static_B_2020.02.27_18.39.27.csv block-001@4812s reward=QoE=   76.88 pacing=0.00s eps=0.282 loss=2.4941
[ep 1258] longdress    driving_B_2019.12.16_12.27.05.csv block-000@1080s reward=QoE=   65.20 pacing=0.00s eps=0.282 loss=2.4040
[ep 1259] loot         driving_B_2019.12.17_07.32.39.csv block-003@1834s reward=QoE=    2.38 pacing=0.00s eps=0.281 loss=2.2464
[ep 1260] redandblack  driving_B_2020.02.14_09.38.22.csv block-000@780s reward=QoE=   68.31 pacing=0.00s eps=0.281 loss=2.4697
[ep 1261] soldier      driving_B_2020.01.16_07.26.43.csv block-000@1800s reward=QoE=    4.77 pacing=0.00s eps=0.280 loss=2.4257
[ep 1262] longdress    driving_B_2020.02.14_12.58.17.csv block-002@716s reward=QoE=  -22.21 pacing=0.00s eps=0.280 loss=2.3620
[ep 1263] loot         static_B_2020.02.27_18.39.27.csv block-001@2412s reward=QoE=   51.45 pacing=0.00s eps=0.279 loss=2.2358
[ep 1264] redandblack  static_B_2020.02.14_13.21.26.csv block-000@180s reward=QoE=   73.05 pacing=0.08s eps=0.278 loss=2.4375
[ep 1265] soldier      driving_B_2020.01.16_07.26.43.csv block-000@240s reward=QoE=   -4.30 pacing=0.00s eps=0.278 loss=2.3018
[ep 1266] longdress    static_B_2020.02.14_13.21.26.csv block-000@960s reward=QoE=   48.40 pacing=0.00s eps=0.277 loss=2.0992
[ep 1267] loot         driving_B_2020.02.14_12.58.17.csv block-002@716s reward=QoE=   23.12 pacing=0.00s eps=0.277 loss=2.6453
[ep 1268] redandblack  driving_B_2019.12.16_12.27.05.csv block-000@240s reward=QoE=   25.18 pacing=0.00s eps=0.276 loss=2.3425
[ep 1269] soldier      static_B_2019.12.16_13.40.04.csv block-001@1135s reward=QoE=   51.20 pacing=0.00s eps=0.276 loss=2.2949
[ep 1270] longdress    driving_B_2020.02.14_12.58.17.csv block-000@0s reward=QoE=   18.99 pacing=0.00s eps=0.275 loss=2.4122
[ep 1271] loot         driving_B_2020.01.16_09.56.56.csv block-001@1119s reward=QoE=   73.83 pacing=1.43s eps=0.274 loss=2.4458
[ep 1272] redandblack  driving_B_2019.12.16_12.27.05.csv block-000@1260s reward=QoE=   85.19 pacing=1.24s eps=0.274 loss=2.2762
[ep 1273] soldier      driving_B_2020.01.16_12.10.03.csv block-000@180s reward=QoE=   79.07 pacing=0.00s eps=0.273 loss=2.4509
[ep 1274] longdress    driving_B_2020.01.16_07.26.43.csv block-000@1200s reward=QoE=   16.63 pacing=0.00s eps=0.273 loss=2.3602
[ep 1275] loot         static_B_2020.02.27_18.39.27.csv block-001@1272s reward=QoE=   41.92 pacing=0.00s eps=0.272 loss=2.1947
[ep 1276] redandblack  driving_B_2020.02.13_15.02.01.csv block-000@2760s reward=QoE= -110.90 pacing=0.00s eps=0.272 loss=2.3674
[ep 1277] soldier      static_B_2020.02.14_13.21.26.csv block-000@600s reward=QoE=   67.29 pacing=0.80s eps=0.271 loss=2.4288
[ep 1278] longdress    driving_B_2020.02.13_13.03.24.csv block-001@1634s reward=QoE=   -9.48 pacing=0.00s eps=0.270 loss=2.2749
[ep 1279] loot         driving_B_2020.02.13_15.02.01.csv block-000@1140s reward=QoE=   68.83 pacing=0.76s eps=0.270 loss=2.3696
[ep 1280] redandblack  static_B_2019.12.16_13.40.04.csv block-005@1826s reward=QoE=   65.51 pacing=0.00s eps=0.269 loss=2.3878
[ep 1281] soldier      driving_B_2020.01.16_07.26.43.csv block-000@1080s reward=QoE=   22.22 pacing=0.00s eps=0.269 loss=2.1360
[ep 1282] longdress    static_B_2019.12.16_13.40.04.csv block-005@1466s reward=QoE=   54.78 pacing=0.00s eps=0.268 loss=2.3548
[ep 1283] loot         driving_B_2020.02.13_15.02.01.csv block-000@60s reward=QoE=   67.29 pacing=1.14s eps=0.268 loss=2.2611
[ep 1284] redandblack  driving_B_2020.02.13_13.03.24.csv block-001@1754s reward=QoE=    7.29 pacing=0.00s eps=0.267 loss=2.0847
[ep 1285] soldier      driving_B_2020.02.27_17.30.15.csv block-002@413s reward=QoE=    2.02 pacing=0.00s eps=0.266 loss=2.5093
[ep 1286] longdress    driving_B_2020.01.16_07.26.43.csv block-000@540s reward=QoE=  -49.21 pacing=0.00s eps=0.266 loss=2.1626
[ep 1287] loot         static_B_2020.02.14_13.21.26.csv block-000@180s reward=QoE=   60.52 pacing=0.00s eps=0.265 loss=2.1263
[ep 1288] redandblack  driving_B_2020.02.14_09.38.22.csv block-000@1020s reward=QoE=   73.58 pacing=0.00s eps=0.265 loss=2.3276
[ep 1289] soldier      driving_B_2020.01.16_07.26.43.csv block-000@900s reward=QoE=   39.44 pacing=0.00s eps=0.264 loss=2.4209
[ep 1290] longdress    driving_B_2020.02.13_13.03.24.csv block-001@1034s reward=QoE=  -13.84 pacing=0.00s eps=0.264 loss=2.2021
[ep 1291] loot         driving_B_2020.02.13_15.02.01.csv block-000@2280s reward=QoE=   59.79 pacing=0.00s eps=0.263 loss=2.1796
[ep 1292] redandblack  driving_B_2020.02.13_13.03.24.csv block-001@1454s reward=QoE=   20.52 pacing=0.00s eps=0.262 loss=2.4452
[ep 1293] soldier      static_B_2020.02.27_18.39.27.csv block-001@3012s reward=QoE=   52.13 pacing=0.00s eps=0.262 loss=2.2639
[ep 1294] longdress    static_B_2020.02.14_13.21.26.csv block-000@1080s reward=QoE=   70.55 pacing=0.00s eps=0.261 loss=2.4309
[ep 1295] loot         driving_B_2020.02.14_12.58.17.csv block-002@716s reward=QoE=   21.77 pacing=0.00s eps=0.261 loss=2.3868
[ep 1296] redandblack  static_B_2019.12.16_13.40.04.csv block-005@1886s reward=QoE=   61.50 pacing=0.00s eps=0.260 loss=2.2956
[ep 1297] soldier      driving_B_2019.12.16_12.27.05.csv block-000@240s reward=QoE=   27.12 pacing=0.00s eps=0.260 loss=2.2988
[ep 1298] longdress    driving_B_2020.01.16_07.26.43.csv block-000@840s reward=QoE=   50.56 pacing=0.00s eps=0.259 loss=2.6243
[ep 1299] loot         driving_B_2020.01.16_12.10.03.csv block-000@60s reward=QoE=   48.58 pacing=0.00s eps=0.258 loss=2.2695
[ep 1300] redandblack  driving_B_2020.02.13_13.03.24.csv block-007@2290s reward=QoE= -192.21 pacing=0.00s eps=0.258 loss=2.3321
[ep 1301] soldier      driving_B_2020.02.14_09.38.22.csv block-000@1500s reward=QoE=  -32.74 pacing=0.00s eps=0.257 loss=2.5886
[ep 1302] longdress    driving_B_2020.02.14_09.38.22.csv block-000@600s reward=QoE=   56.67 pacing=0.00s eps=0.257 loss=2.3091
[ep 1303] loot         driving_B_2019.12.17_07.32.39.csv block-000@360s reward=QoE=   30.60 pacing=0.00s eps=0.256 loss=2.2880
[ep 1304] redandblack  driving_B_2019.12.16_12.27.05.csv block-000@1140s reward=QoE=   49.27 pacing=0.00s eps=0.256 loss=2.4273
[ep 1305] soldier      driving_B_2020.02.27_17.30.15.csv block-002@353s reward=QoE=  -59.43 pacing=0.00s eps=0.255 loss=2.1918
[ep 1306] longdress    driving_B_2019.12.17_07.32.39.csv block-000@600s reward=QoE=   22.53 pacing=0.00s eps=0.254 loss=2.5468
[ep 1307] loot         driving_B_2019.12.16_12.27.05.csv block-000@960s reward=QoE=   86.56 pacing=1.12s eps=0.254 loss=2.5605
[ep 1308] redandblack  driving_B_2020.01.16_07.26.43.csv block-000@420s reward=QoE=   14.29 pacing=0.00s eps=0.253 loss=2.3342
[ep 1309] soldier      driving_B_2019.12.17_07.32.39.csv block-003@1534s reward=QoE=   41.86 pacing=0.00s eps=0.253 loss=2.2560
[ep 1310] longdress    driving_B_2020.02.14_12.58.17.csv block-000@0s reward=QoE=   15.35 pacing=0.00s eps=0.252 loss=2.3803
[ep 1311] loot         driving_B_2020.02.13_15.02.01.csv block-000@2520s reward=QoE=   22.14 pacing=0.00s eps=0.252 loss=2.4821
[ep 1312] redandblack  static_B_2020.02.27_18.39.27.csv block-001@3852s reward=QoE=   89.14 pacing=1.09s eps=0.251 loss=2.6046
[ep 1313] soldier      driving_B_2020.02.14_09.38.22.csv block-000@960s reward=QoE=   70.48 pacing=0.00s eps=0.250 loss=2.2609
[ep 1314] longdress    driving_B_2020.01.16_09.56.56.csv block-001@1539s reward=QoE=   55.40 pacing=0.00s eps=0.250 loss=2.2765
[ep 1315] loot         driving_B_2020.02.27_17.30.15.csv block-002@293s reward=QoE= -178.63 pacing=0.00s eps=0.249 loss=2.4416
[ep 1316] redandblack  static_B_2019.12.16_13.40.04.csv block-005@1346s reward=QoE=  -68.51 pacing=0.00s eps=0.249 loss=2.4487
[ep 1317] soldier      driving_B_2020.01.16_12.10.03.csv block-000@0s reward=QoE=   78.39 pacing=1.06s eps=0.248 loss=2.3856
[ep 1318] longdress    static_B_2019.12.16_13.40.04.csv block-000@0s reward=QoE=   65.04 pacing=0.00s eps=0.248 loss=2.5131
[ep 1319] loot         driving_B_2020.01.16_07.26.43.csv block-000@1740s reward=QoE=  -68.46 pacing=0.00s eps=0.247 loss=2.4130
[ep 1320] redandblack  driving_B_2019.12.17_07.32.39.csv block-000@840s reward=QoE=    5.76 pacing=0.00s eps=0.246 loss=2.3356
[ep 1321] soldier      driving_B_2020.02.27_17.30.15.csv block-002@293s reward=QoE= -335.73 pacing=0.00s eps=0.246 loss=2.1114
[ep 1322] longdress    driving_B_2020.02.14_12.58.17.csv block-002@596s reward=QoE=   -8.42 pacing=0.00s eps=0.245 loss=2.4760
[ep 1323] loot         static_B_2019.12.16_13.40.04.csv block-005@2006s reward=QoE=   45.11 pacing=0.00s eps=0.245 loss=2.3517
[ep 1324] redandblack  driving_B_2020.02.27_17.30.15.csv block-002@473s reward=QoE= -219.01 pacing=0.00s eps=0.244 loss=2.2918
[ep 1325] soldier      driving_B_2020.02.13_13.03.24.csv block-000@540s reward=QoE=    8.68 pacing=0.00s eps=0.244 loss=2.5302
[ep 1326] longdress    driving_B_2020.01.16_12.10.03.csv block-000@120s reward=QoE=   80.22 pacing=0.00s eps=0.243 loss=2.3207
[ep 1327] loot         driving_B_2020.02.27_17.30.15.csv block-002@413s reward=QoE=   -2.58 pacing=0.00s eps=0.242 loss=2.4218
[ep 1328] redandblack  driving_B_2020.02.27_17.30.15.csv block-002@293s reward=QoE= -172.00 pacing=0.00s eps=0.242 loss=2.5454
[ep 1329] soldier      driving_B_2020.02.27_17.30.15.csv block-002@473s reward=QoE= -390.31 pacing=0.00s eps=0.241 loss=2.1300
[ep 1330] longdress    driving_B_2020.01.16_09.56.56.csv block-001@1359s reward=QoE=   22.65 pacing=0.00s eps=0.241 loss=2.5131
[ep 1331] loot         driving_B_2020.02.13_15.02.01.csv block-000@1320s reward=QoE=   41.90 pacing=0.00s eps=0.240 loss=2.3991
[ep 1332] redandblack  driving_B_2020.01.16_12.10.03.csv block-000@60s reward=QoE=   55.23 pacing=0.00s eps=0.240 loss=2.2464
[ep 1333] soldier      driving_B_2020.01.16_12.10.03.csv block-000@240s reward=QoE=   66.92 pacing=0.30s eps=0.239 loss=2.2275
[ep 1334] longdress    driving_B_2020.02.13_15.02.01.csv block-000@2820s reward=QoE=   60.24 pacing=0.00s eps=0.238 loss=1.9270
[ep 1335] loot         static_B_2020.02.14_13.21.26.csv block-000@540s reward=QoE=   79.15 pacing=0.36s eps=0.238 loss=2.5451
[ep 1336] redandblack  driving_B_2019.12.16_12.27.05.csv block-000@300s reward=QoE=    6.29 pacing=0.00s eps=0.237 loss=2.1658
[ep 1337] soldier      static_B_2020.02.14_13.21.26.csv block-000@780s reward=QoE=   64.03 pacing=0.00s eps=0.237 loss=2.5242
[ep 1338] longdress    static_B_2019.12.16_13.40.04.csv block-005@1406s reward=QoE=   36.30 pacing=0.00s eps=0.236 loss=2.3318
[ep 1339] loot         driving_B_2019.12.16_12.27.05.csv block-000@120s reward=QoE=   48.07 pacing=0.00s eps=0.236 loss=2.2149
[ep 1340] redandblack  static_B_2020.02.14_13.21.26.csv block-000@540s reward=QoE=   70.99 pacing=0.00s eps=0.235 loss=2.1882
[ep 1341] soldier      driving_B_2020.01.16_12.10.03.csv block-000@60s reward=QoE=   55.96 pacing=0.00s eps=0.234 loss=2.2578
[ep 1342] longdress    driving_B_2020.02.13_15.02.01.csv block-000@360s reward=QoE=   49.04 pacing=0.00s eps=0.234 loss=2.1980
[ep 1343] loot         static_B_2020.02.27_18.39.27.csv block-001@192s reward=QoE=   78.02 pacing=1.15s eps=0.233 loss=2.3610
[ep 1344] redandblack  static_B_2020.02.27_18.39.27.csv block-001@3612s reward=QoE=  -54.07 pacing=0.00s eps=0.233 loss=2.4396
[ep 1345] soldier      driving_B_2020.01.16_12.10.03.csv block-000@300s reward=QoE=   22.61 pacing=0.00s eps=0.232 loss=2.3914
[ep 1346] longdress    driving_B_2019.12.17_07.32.39.csv block-000@720s reward=QoE=   15.47 pacing=0.00s eps=0.232 loss=2.3664
[ep 1347] loot         driving_B_2020.01.16_09.56.56.csv block-000@360s reward=QoE=   54.92 pacing=0.00s eps=0.231 loss=2.2581
[ep 1348] redandblack  driving_B_2020.02.13_13.03.24.csv block-000@240s reward=QoE=    3.82 pacing=0.00s eps=0.230 loss=2.4341
[ep 1349] soldier      driving_B_2020.01.16_07.26.43.csv block-000@360s reward=QoE= -102.24 pacing=0.00s eps=0.230 loss=2.3114
[ep 1350] longdress    driving_B_2020.02.13_13.03.24.csv block-001@1514s reward=QoE= -103.50 pacing=0.00s eps=0.229 loss=2.3505
[ep 1351] loot         static_B_2020.02.14_13.21.26.csv block-000@1020s reward=QoE=   75.13 pacing=1.51s eps=0.229 loss=2.4413
[ep 1352] redandblack  driving_B_2020.02.27_17.30.15.csv block-002@473s reward=QoE= -215.66 pacing=0.00s eps=0.228 loss=2.2737
[ep 1353] soldier      driving_B_2020.02.13_15.02.01.csv block-000@1200s reward=QoE=   27.64 pacing=0.00s eps=0.228 loss=2.5941
[ep 1354] longdress    static_B_2019.12.16_13.40.04.csv block-000@240s reward=QoE=   55.19 pacing=0.00s eps=0.227 loss=2.4014
[ep 1355] loot         driving_B_2020.02.13_15.02.01.csv block-000@2460s reward=QoE=   80.60 pacing=0.00s eps=0.226 loss=2.3696
[ep 1356] redandblack  driving_B_2020.01.16_07.26.43.csv block-000@480s reward=QoE=   -2.43 pacing=0.00s eps=0.226 loss=2.0479
[ep 1357] soldier      driving_B_2020.01.16_12.10.03.csv block-000@240s reward=QoE=   73.29 pacing=0.03s eps=0.225 loss=2.1575
[ep 1358] longdress    driving_B_2020.02.14_12.58.17.csv block-002@656s reward=QoE=   34.57 pacing=0.00s eps=0.225 loss=2.1839
[ep 1359] loot         static_B_2020.02.14_13.21.26.csv block-000@600s reward=QoE=   81.21 pacing=1.54s eps=0.224 loss=2.3204
[ep 1360] redandblack  static_B_2019.12.16_13.40.04.csv block-006@2232s reward=QoE=   75.96 pacing=0.25s eps=0.224 loss=2.1724
[ep 1361] soldier      driving_B_2020.01.16_12.10.03.csv block-000@180s reward=QoE=   81.84 pacing=0.00s eps=0.223 loss=1.9594
[ep 1362] longdress    driving_B_2019.12.17_07.32.39.csv block-000@1380s reward=QoE=   48.17 pacing=0.00s eps=0.222 loss=2.4537
[ep 1363] loot         static_B_2020.02.14_13.21.26.csv block-000@720s reward=QoE=   79.54 pacing=0.00s eps=0.222 loss=2.2706
[ep 1364] redandblack  driving_B_2020.01.16_07.26.43.csv block-000@1020s reward=QoE=  -26.22 pacing=0.00s eps=0.221 loss=2.1424
[ep 1365] soldier      driving_B_2019.12.16_12.27.05.csv block-000@1260s reward=QoE=   82.94 pacing=0.00s eps=0.221 loss=2.3575
[ep 1366] longdress    static_B_2020.02.27_18.39.27.csv block-001@4632s reward=QoE=   70.91 pacing=0.00s eps=0.220 loss=2.3228
[ep 1367] loot         driving_B_2019.12.17_07.32.39.csv block-004@2357s reward=QoE=  -16.08 pacing=0.00s eps=0.220 loss=2.2603
[ep 1368] redandblack  driving_B_2020.02.13_13.03.24.csv block-000@660s reward=QoE=   23.40 pacing=0.00s eps=0.219 loss=2.3810
[ep 1369] soldier      static_B_2020.02.14_13.21.26.csv block-000@0s reward=QoE=   40.60 pacing=0.00s eps=0.218 loss=2.3587
[ep 1370] longdress    driving_B_2020.01.16_12.10.03.csv block-000@120s reward=QoE=   71.86 pacing=0.00s eps=0.218 loss=2.1305
[ep 1371] loot         driving_B_2019.12.16_12.27.05.csv block-000@540s reward=QoE=  -23.42 pacing=0.00s eps=0.217 loss=2.2146
[ep 1372] redandblack  driving_B_2020.02.13_15.02.01.csv block-000@1080s reward=QoE=  -66.19 pacing=0.00s eps=0.217 loss=2.2214
[ep 1373] soldier      static_B_2020.02.27_18.39.27.csv block-001@4092s reward=QoE=   49.76 pacing=0.00s eps=0.216 loss=2.1092
[ep 1374] longdress    driving_B_2020.01.16_07.26.43.csv block-000@1260s reward=QoE=   17.52 pacing=0.00s eps=0.216 loss=2.3970
[ep 1375] loot         static_B_2019.12.16_13.40.04.csv block-001@1075s reward=QoE=   46.68 pacing=0.00s eps=0.215 loss=2.0948
[ep 1376] redandblack  driving_B_2020.01.16_12.10.03.csv block-000@300s reward=QoE=   30.95 pacing=0.00s eps=0.214 loss=2.3312
[ep 1377] soldier      driving_B_2020.01.16_12.10.03.csv block-000@240s reward=QoE=   87.93 pacing=0.00s eps=0.214 loss=2.2365
[ep 1378] longdress    driving_B_2020.02.13_13.03.24.csv block-000@120s reward=QoE=  -27.29 pacing=0.00s eps=0.213 loss=2.0949
[ep 1379] loot         driving_B_2020.02.13_13.03.24.csv block-001@1574s reward=QoE=    6.53 pacing=0.00s eps=0.213 loss=2.3714
[ep 1380] redandblack  driving_B_2020.02.13_15.02.01.csv block-000@1680s reward=QoE=    2.59 pacing=0.00s eps=0.212 loss=2.3478
[ep 1381] soldier      driving_B_2019.12.17_07.32.39.csv block-000@1080s reward=QoE=   12.37 pacing=0.00s eps=0.212 loss=2.4248
[ep 1382] longdress    static_B_2020.02.27_18.39.27.csv block-001@3192s reward=QoE=   82.99 pacing=0.00s eps=0.211 loss=2.3629
[ep 1383] loot         static_B_2020.02.27_18.39.27.csv block-001@1812s reward=QoE=   51.37 pacing=0.00s eps=0.210 loss=2.3374
[ep 1384] redandblack  driving_B_2020.01.16_09.56.56.csv block-001@759s reward=QoE=   36.76 pacing=0.00s eps=0.210 loss=2.1818
[ep 1385] soldier      driving_B_2020.01.16_07.26.43.csv block-000@780s reward=QoE=  -16.13 pacing=0.00s eps=0.209 loss=2.2703
[ep 1386] longdress    driving_B_2020.01.16_12.10.03.csv block-000@0s reward=QoE=   69.06 pacing=0.80s eps=0.209 loss=2.2810
[ep 1387] loot         driving_B_2019.12.16_12.27.05.csv block-000@660s reward=QoE=  -86.58 pacing=0.00s eps=0.208 loss=2.2698
[ep 1388] redandblack  driving_B_2020.01.16_12.10.03.csv block-000@300s reward=QoE=   39.65 pacing=0.00s eps=0.208 loss=2.3740
[ep 1389] soldier      driving_B_2020.02.14_09.38.22.csv block-000@600s reward=QoE=   46.97 pacing=0.00s eps=0.207 loss=2.4088
[ep 1390] longdress    driving_B_2020.02.27_17.30.15.csv block-002@413s reward=QoE=   18.68 pacing=0.00s eps=0.206 loss=2.2645
[ep 1391] loot         driving_B_2020.02.27_17.30.15.csv block-002@533s reward=QoE=  -49.27 pacing=0.00s eps=0.206 loss=2.3088
[ep 1392] redandblack  driving_B_2020.01.16_07.26.43.csv block-000@960s reward=QoE=   -2.84 pacing=0.00s eps=0.205 loss=2.3041
[ep 1393] soldier      driving_B_2019.12.17_07.32.39.csv block-004@2417s reward=QoE=  -16.72 pacing=0.00s eps=0.205 loss=2.0992
[ep 1394] longdress    driving_B_2020.02.13_13.03.24.csv block-001@1394s reward=QoE=   30.70 pacing=0.00s eps=0.204 loss=2.4464
[ep 1395] loot         driving_B_2020.02.14_09.38.22.csv block-000@1500s reward=QoE=    8.94 pacing=0.00s eps=0.204 loss=2.4039
[ep 1396] redandblack  driving_B_2020.02.13_15.02.01.csv block-000@480s reward=QoE=   62.43 pacing=0.00s eps=0.203 loss=2.1383
[ep 1397] soldier      driving_B_2020.02.14_12.58.17.csv block-002@596s reward=QoE=  -13.24 pacing=0.00s eps=0.202 loss=2.1095
[ep 1398] longdress    static_B_2019.12.16_13.40.04.csv block-001@1015s reward=QoE=    7.79 pacing=0.00s eps=0.202 loss=2.3250
[ep 1399] loot         driving_B_2020.02.27_17.30.15.csv block-002@413s reward=QoE=    1.58 pacing=0.00s eps=0.201 loss=2.2430
[ep 1400] redandblack  driving_B_2020.01.16_07.26.43.csv block-000@1680s reward=QoE=    2.28 pacing=0.00s eps=0.201 loss=2.4735
[ep 1401] soldier      driving_B_2019.12.16_12.27.05.csv block-000@600s reward=QoE=  -29.65 pacing=0.00s eps=0.200 loss=2.1819
[ep 1402] longdress    driving_B_2020.02.14_12.58.17.csv block-000@0s reward=QoE=    3.66 pacing=0.00s eps=0.200 loss=2.3858
[ep 1403] loot         driving_B_2020.02.27_17.30.15.csv block-002@533s reward=QoE=  -73.09 pacing=0.00s eps=0.199 loss=3.1194
[ep 1404] redandblack  driving_B_2020.01.16_07.26.43.csv block-000@600s reward=QoE=   34.98 pacing=0.00s eps=0.198 loss=2.4471
[ep 1405] soldier      driving_B_2020.02.13_13.03.24.csv block-000@300s reward=QoE=   19.82 pacing=0.00s eps=0.198 loss=2.4946
[ep 1406] longdress    static_B_2020.02.14_13.21.26.csv block-000@660s reward=QoE=   73.93 pacing=0.72s eps=0.197 loss=2.6633
[ep 1407] loot         driving_B_2020.01.16_07.26.43.csv block-000@1500s reward=QoE=   27.13 pacing=0.00s eps=0.197 loss=2.6177
[ep 1408] redandblack  driving_B_2020.02.14_12.58.17.csv block-002@596s reward=QoE=   -9.98 pacing=0.00s eps=0.196 loss=2.3601
[ep 1409] soldier      driving_B_2019.12.17_07.32.39.csv block-000@540s reward=QoE=  -47.02 pacing=0.00s eps=0.196 loss=2.7048
[ep 1410] longdress    static_B_2019.12.16_13.40.04.csv block-001@835s reward=QoE=   67.37 pacing=0.80s eps=0.195 loss=2.5260
[ep 1411] loot         static_B_2020.02.27_18.39.27.csv block-001@972s reward=QoE=   78.78 pacing=0.00s eps=0.194 loss=2.5369
[ep 1412] redandblack  driving_B_2020.02.14_12.58.17.csv block-002@656s reward=QoE=   27.65 pacing=0.00s eps=0.194 loss=2.6424
[ep 1413] soldier      driving_B_2020.02.13_15.02.01.csv block-000@180s reward=QoE=   49.82 pacing=0.00s eps=0.193 loss=2.4711
[ep 1414] longdress    driving_B_2020.02.13_15.02.01.csv block-000@1440s reward=QoE=  -72.25 pacing=0.00s eps=0.193 loss=2.5864
[ep 1415] loot         driving_B_2019.12.17_07.32.39.csv block-000@1020s reward=QoE=    4.20 pacing=0.00s eps=0.192 loss=2.5488
[ep 1416] redandblack  driving_B_2020.01.16_09.56.56.csv block-000@60s reward=QoE=   29.96 pacing=0.00s eps=0.192 loss=2.5390
[ep 1417] soldier      driving_B_2020.01.16_09.56.56.csv block-000@240s reward=QoE=   41.24 pacing=0.00s eps=0.191 loss=2.4594
[ep 1418] longdress    driving_B_2020.01.16_09.56.56.csv block-000@300s reward=QoE=   81.53 pacing=0.00s eps=0.190 loss=2.5304
[ep 1419] loot         static_B_2020.02.14_13.21.26.csv block-000@120s reward=QoE=   83.03 pacing=1.38s eps=0.190 loss=2.2944
[ep 1420] redandblack  static_B_2019.12.16_13.40.04.csv block-005@1766s reward=QoE=   86.73 pacing=0.50s eps=0.189 loss=2.5409
[ep 1421] soldier      driving_B_2020.01.16_12.10.03.csv block-000@0s reward=QoE=   62.05 pacing=1.30s eps=0.189 loss=2.6246
[ep 1422] longdress    static_B_2020.02.14_13.21.26.csv block-000@1080s reward=QoE=   85.20 pacing=0.00s eps=0.188 loss=2.5927
[ep 1423] loot         driving_B_2020.02.14_09.38.22.csv block-000@300s reward=QoE=  -52.72 pacing=0.00s eps=0.188 loss=2.7467
[ep 1424] redandblack  driving_B_2020.01.16_12.10.03.csv block-000@300s reward=QoE=   41.62 pacing=0.00s eps=0.187 loss=2.4918
[ep 1425] soldier      driving_B_2020.01.16_09.56.56.csv block-001@1059s reward=QoE=    7.82 pacing=0.00s eps=0.186 loss=2.9407
[ep 1426] longdress    driving_B_2020.01.16_09.56.56.csv block-001@1299s reward=QoE=   48.84 pacing=0.00s eps=0.186 loss=2.4338
[ep 1427] loot         driving_B_2019.12.17_07.32.39.csv block-003@1894s reward=QoE=  -22.99 pacing=0.00s eps=0.185 loss=2.7862
[ep 1428] redandblack  static_B_2020.02.27_18.39.27.csv block-001@1872s reward=QoE=   47.46 pacing=0.00s eps=0.185 loss=2.5600
[ep 1429] soldier      driving_B_2020.02.14_09.38.22.csv block-000@1440s reward=QoE=   79.88 pacing=0.00s eps=0.184 loss=2.6294
[ep 1430] longdress    static_B_2020.02.14_13.21.26.csv block-000@480s reward=QoE=   69.63 pacing=0.09s eps=0.184 loss=2.6808
[ep 1431] loot         driving_B_2020.02.13_13.03.24.csv block-001@1334s reward=QoE=   20.17 pacing=0.00s eps=0.183 loss=2.6550
[ep 1432] redandblack  driving_B_2020.02.14_09.38.22.csv block-000@840s reward=QoE=   -3.53 pacing=0.00s eps=0.182 loss=2.6436
[ep 1433] soldier      driving_B_2020.02.27_17.30.15.csv block-002@533s reward=QoE=  -10.83 pacing=0.00s eps=0.182 loss=2.5307
[ep 1434] longdress    driving_B_2020.02.14_09.38.22.csv block-000@1560s reward=QoE=   22.14 pacing=0.00s eps=0.181 loss=2.6413
[ep 1435] loot         static_B_2020.02.27_18.39.27.csv block-001@2832s reward=QoE=   60.83 pacing=0.41s eps=0.181 loss=2.4659
[ep 1436] redandblack  static_B_2020.02.27_18.39.27.csv block-001@132s reward=QoE=   85.89 pacing=0.00s eps=0.180 loss=2.7084
[ep 1437] soldier      driving_B_2019.12.16_12.27.05.csv block-000@1020s reward=QoE=   70.20 pacing=0.00s eps=0.180 loss=2.6604
[ep 1438] longdress    static_B_2019.12.16_13.40.04.csv block-001@895s reward=QoE=   52.76 pacing=0.00s eps=0.179 loss=2.7690
[ep 1439] loot         driving_B_2020.01.16_09.56.56.csv block-001@639s reward=QoE=   85.72 pacing=0.00s eps=0.178 loss=2.4939
[ep 1440] redandblack  driving_B_2020.02.27_17.30.15.csv block-002@293s reward=QoE= -200.45 pacing=0.00s eps=0.178 loss=2.4732
[ep 1441] soldier      driving_B_2020.02.14_09.38.22.csv block-000@1260s reward=QoE=   -2.27 pacing=0.00s eps=0.177 loss=2.2516
[ep 1442] longdress    driving_B_2020.01.16_07.26.43.csv block-000@0s reward=QoE=   -6.11 pacing=0.00s eps=0.177 loss=2.6192
[ep 1443] loot         driving_B_2020.02.13_13.03.24.csv block-001@1154s reward=QoE=    8.37 pacing=0.00s eps=0.176 loss=2.6036
[ep 1444] redandblack  static_B_2020.02.14_13.21.26.csv block-000@240s reward=QoE=   79.56 pacing=1.17s eps=0.176 loss=2.5469
[ep 1445] soldier      driving_B_2020.02.13_13.03.24.csv block-001@974s reward=QoE=   16.38 pacing=0.00s eps=0.175 loss=2.3892
[ep 1446] longdress    driving_B_2019.12.16_12.27.05.csv block-000@300s reward=QoE=  -24.50 pacing=0.00s eps=0.174 loss=2.4236
[ep 1447] loot         static_B_2020.02.27_18.39.27.csv block-001@372s reward=QoE=   75.44 pacing=0.00s eps=0.174 loss=2.5630
[ep 1448] redandblack  driving_B_2019.12.17_07.32.39.csv block-004@2237s reward=QoE=   28.80 pacing=0.00s eps=0.173 loss=2.4451
[ep 1449] soldier      driving_B_2019.12.16_12.27.05.csv block-000@720s reward=QoE=  -11.23 pacing=0.00s eps=0.173 loss=2.7265
[ep 1450] longdress    driving_B_2020.01.16_09.56.56.csv block-001@1599s reward=QoE=   76.28 pacing=0.00s eps=0.172 loss=2.5405
[ep 1451] loot         driving_B_2020.01.16_07.26.43.csv block-000@120s reward=QoE=   49.29 pacing=0.00s eps=0.172 loss=2.4774
[ep 1452] redandblack  static_B_2020.02.14_13.21.26.csv block-000@420s reward=QoE=   67.96 pacing=0.00s eps=0.171 loss=2.3608
[ep 1453] soldier      driving_B_2020.01.16_09.56.56.csv block-001@1479s reward=QoE=   58.71 pacing=0.00s eps=0.170 loss=2.6508
[ep 1454] longdress    driving_B_2020.02.13_13.03.24.csv block-000@60s reward=QoE=   27.36 pacing=0.00s eps=0.170 loss=2.5568
[ep 1455] loot         driving_B_2020.02.13_15.02.01.csv block-000@600s reward=QoE=   38.92 pacing=0.00s eps=0.169 loss=2.5227
[ep 1456] redandblack  driving_B_2020.02.13_15.02.01.csv block-000@2220s reward=QoE=   36.95 pacing=0.00s eps=0.169 loss=2.7927
[ep 1457] soldier      driving_B_2019.12.16_12.27.05.csv block-000@420s reward=QoE= -107.16 pacing=0.00s eps=0.168 loss=2.5761
[ep 1458] longdress    static_B_2019.12.16_13.40.04.csv block-001@775s reward=QoE=   80.73 pacing=0.00s eps=0.168 loss=2.6040
[ep 1459] loot         driving_B_2020.02.13_13.03.24.csv block-001@1814s reward=QoE=   12.08 pacing=0.00s eps=0.167 loss=2.8305
[ep 1460] redandblack  driving_B_2020.01.16_12.10.03.csv block-000@240s reward=QoE=   83.82 pacing=0.63s eps=0.166 loss=2.4195
[ep 1461] soldier      driving_B_2020.02.14_09.38.22.csv block-000@480s reward=QoE=  -19.26 pacing=0.00s eps=0.166 loss=2.5566
[ep 1462] longdress    driving_B_2020.01.16_09.56.56.csv block-000@180s reward=QoE=   48.44 pacing=0.00s eps=0.165 loss=2.4096
[ep 1463] loot         static_B_2020.02.27_18.39.27.csv block-001@5532s reward=QoE=   84.11 pacing=0.92s eps=0.165 loss=2.6145
[ep 1464] redandblack  driving_B_2020.02.14_12.58.17.csv block-002@656s reward=QoE=   44.47 pacing=0.00s eps=0.164 loss=2.4941
[ep 1465] soldier      driving_B_2020.01.16_09.56.56.csv block-001@1659s reward=QoE=   78.04 pacing=0.39s eps=0.164 loss=2.5120
[ep 1466] longdress    driving_B_2020.01.16_09.56.56.csv block-001@1119s reward=QoE=   79.40 pacing=0.52s eps=0.163 loss=2.4457
[ep 1467] loot         driving_B_2019.12.17_07.32.39.csv block-003@1594s reward=QoE=   14.57 pacing=0.00s eps=0.162 loss=2.4343
[ep 1468] redandblack  driving_B_2020.01.16_12.10.03.csv block-000@360s reward=QoE=   63.29 pacing=0.00s eps=0.162 loss=2.4738
[ep 1469] soldier      static_B_2020.02.27_18.39.27.csv block-001@1152s reward=QoE=   67.19 pacing=0.00s eps=0.161 loss=2.4803
[ep 1470] longdress    driving_B_2020.02.27_17.30.15.csv block-002@473s reward=QoE= -251.93 pacing=0.00s eps=0.161 loss=2.7939
[ep 1471] loot         driving_B_2020.02.13_15.02.01.csv block-000@1860s reward=QoE=    9.56 pacing=0.00s eps=0.160 loss=2.6416
[ep 1472] redandblack  driving_B_2020.02.27_17.30.15.csv block-002@473s reward=QoE= -170.55 pacing=0.00s eps=0.160 loss=2.4791
[ep 1473] soldier      static_B_2019.12.16_13.40.04.csv block-000@360s reward=QoE=   19.94 pacing=0.00s eps=0.159 loss=2.6744
[ep 1474] longdress    driving_B_2020.01.16_07.26.43.csv block-000@180s reward=QoE= -166.67 pacing=0.00s eps=0.158 loss=2.7118
[ep 1475] loot         driving_B_2019.12.16_12.27.05.csv block-000@600s reward=QoE=    2.76 pacing=0.00s eps=0.158 loss=2.4452
[ep 1476] redandblack  driving_B_2019.12.17_07.32.39.csv block-000@180s reward=QoE=   41.62 pacing=0.00s eps=0.157 loss=2.5052
[ep 1477] soldier      static_B_2020.02.14_13.21.26.csv block-000@240s reward=QoE=   79.16 pacing=0.80s eps=0.157 loss=2.3569
[ep 1478] longdress    driving_B_2020.02.27_17.30.15.csv block-002@353s reward=QoE=  -61.60 pacing=0.00s eps=0.156 loss=2.4723
[ep 1479] loot         driving_B_2020.02.14_09.38.22.csv block-000@1140s reward=QoE=   -1.31 pacing=0.00s eps=0.156 loss=2.4538
[ep 1480] redandblack  driving_B_2019.12.17_07.32.39.csv block-000@900s reward=QoE=   18.55 pacing=0.00s eps=0.155 loss=2.5373
[ep 1481] soldier      driving_B_2020.01.16_09.56.56.csv block-001@699s reward=QoE=   87.26 pacing=1.13s eps=0.154 loss=2.7376
[ep 1482] longdress    driving_B_2020.02.13_15.02.01.csv block-000@120s reward=QoE=   76.10 pacing=0.49s eps=0.154 loss=2.5833
[ep 1483] loot         driving_B_2020.02.14_12.58.17.csv block-002@536s reward=QoE= -103.71 pacing=0.00s eps=0.153 loss=2.6250
[ep 1484] redandblack  driving_B_2020.02.27_17.30.15.csv block-002@533s reward=QoE=  -75.23 pacing=0.00s eps=0.153 loss=2.3675
[ep 1485] soldier      driving_B_2020.02.27_17.30.15.csv block-002@353s reward=QoE=  -46.24 pacing=0.00s eps=0.152 loss=2.4218
[ep 1486] longdress    static_B_2020.02.14_13.21.26.csv block-000@1020s reward=QoE=   69.21 pacing=0.30s eps=0.152 loss=2.4622
[ep 1487] loot         driving_B_2020.02.14_12.58.17.csv block-002@716s reward=QoE=   28.68 pacing=0.00s eps=0.151 loss=2.5371
[ep 1488] redandblack  driving_B_2020.01.16_07.26.43.csv block-000@1440s reward=QoE=   44.48 pacing=0.00s eps=0.150 loss=2.4755
[ep 1489] soldier      driving_B_2019.12.17_07.32.39.csv block-000@1320s reward=QoE=   30.34 pacing=0.00s eps=0.150 loss=2.7282
[ep 1490] longdress    driving_B_2019.12.17_07.32.39.csv block-000@660s reward=QoE=    1.88 pacing=0.00s eps=0.149 loss=2.4446
[ep 1491] loot         driving_B_2020.02.14_09.38.22.csv block-000@840s reward=QoE=    3.37 pacing=0.00s eps=0.149 loss=2.5177
[ep 1492] redandblack  driving_B_2020.02.14_09.38.22.csv block-000@420s reward=QoE=    8.70 pacing=0.00s eps=0.148 loss=2.2709
[ep 1493] soldier      driving_B_2020.02.14_09.38.22.csv block-000@360s reward=QoE=    0.61 pacing=0.00s eps=0.148 loss=2.5318
[ep 1494] longdress    driving_B_2020.01.16_09.56.56.csv block-001@1659s reward=QoE=   75.75 pacing=0.11s eps=0.147 loss=2.4469
[ep 1495] loot         driving_B_2020.01.16_12.10.03.csv block-000@180s reward=QoE=   81.07 pacing=0.00s eps=0.147 loss=2.6198
[ep 1496] redandblack  driving_B_2020.02.14_12.58.17.csv block-002@656s reward=QoE=   56.64 pacing=0.00s eps=0.146 loss=2.6421
[ep 1497] soldier      driving_B_2020.02.27_17.30.15.csv block-002@533s reward=QoE= -192.83 pacing=0.00s eps=0.145 loss=2.5627
[ep 1498] longdress    driving_B_2019.12.17_07.32.39.csv block-003@1954s reward=QoE=  -19.72 pacing=0.00s eps=0.145 loss=2.4408
[ep 1499] loot         static_B_2020.02.14_13.21.26.csv block-000@840s reward=QoE=   87.22 pacing=1.32s eps=0.144 loss=2.5449
[ep 1500] redandblack  static_B_2020.02.27_18.39.27.csv block-001@5952s reward=QoE=   41.31 pacing=0.00s eps=0.144 loss=2.5355
[ep 1501] soldier      driving_B_2020.02.13_13.03.24.csv block-000@600s reward=QoE=    6.07 pacing=0.00s eps=0.143 loss=2.5646
[ep 1502] longdress    driving_B_2020.02.14_12.58.17.csv block-002@596s reward=QoE=   16.66 pacing=0.00s eps=0.143 loss=2.7811
[ep 1503] loot         driving_B_2020.02.13_15.02.01.csv block-000@720s reward=QoE=   39.24 pacing=0.00s eps=0.142 loss=2.2564
[ep 1504] redandblack  static_B_2020.02.14_13.21.26.csv block-000@900s reward=QoE=   72.82 pacing=0.00s eps=0.141 loss=2.4201
[ep 1505] soldier      driving_B_2020.02.14_09.38.22.csv block-000@900s reward=QoE=  -13.82 pacing=0.00s eps=0.141 loss=2.7186
[ep 1506] longdress    driving_B_2020.02.13_13.03.24.csv block-001@914s reward=QoE=  -25.52 pacing=0.00s eps=0.140 loss=2.2780
[ep 1507] loot         driving_B_2020.01.16_07.26.43.csv block-000@60s reward=QoE=   53.32 pacing=0.00s eps=0.140 loss=2.2289
[ep 1508] redandblack  static_B_2020.02.27_18.39.27.csv block-001@5112s reward=QoE=   64.48 pacing=0.00s eps=0.139 loss=2.5285
[ep 1509] soldier      driving_B_2020.02.14_12.58.17.csv block-002@656s reward=QoE=   25.30 pacing=0.00s eps=0.139 loss=2.6607
[ep 1510] longdress    static_B_2020.02.14_13.21.26.csv block-000@60s reward=QoE=   83.18 pacing=0.00s eps=0.138 loss=2.5973
[ep 1511] loot         static_B_2020.02.14_13.21.26.csv block-000@420s reward=QoE=   68.59 pacing=0.13s eps=0.137 loss=2.6047
[ep 1512] redandblack  driving_B_2020.01.16_09.56.56.csv block-001@1419s reward=QoE=   45.95 pacing=0.00s eps=0.137 loss=2.6240
[ep 1513] soldier      driving_B_2020.02.13_15.02.01.csv block-000@1920s reward=QoE=   40.21 pacing=0.00s eps=0.136 loss=2.4136
[ep 1514] longdress    driving_B_2020.02.14_09.38.22.csv block-000@720s reward=QoE=   85.17 pacing=0.00s eps=0.136 loss=2.4378
[ep 1515] loot         driving_B_2020.02.13_15.02.01.csv block-000@240s reward=QoE=   74.30 pacing=0.00s eps=0.135 loss=2.7467
[ep 1516] redandblack  driving_B_2020.01.16_09.56.56.csv block-001@1239s reward=QoE=   50.80 pacing=0.00s eps=0.135 loss=2.3328
[ep 1517] soldier      driving_B_2020.01.16_12.10.03.csv block-000@120s reward=QoE=   66.11 pacing=0.00s eps=0.134 loss=2.5151
[ep 1518] longdress    driving_B_2020.02.14_12.58.17.csv block-002@536s reward=QoE= -179.60 pacing=0.00s eps=0.133 loss=2.4041
[ep 1519] loot         driving_B_2020.02.13_13.03.24.csv block-001@1094s reward=QoE=    8.40 pacing=0.00s eps=0.133 loss=2.4031
[ep 1520] redandblack  driving_B_2020.01.16_09.56.56.csv block-001@519s reward=QoE=   47.31 pacing=0.00s eps=0.132 loss=2.3299
[ep 1521] soldier      driving_B_2020.02.13_13.03.24.csv block-001@1934s reward=QoE=  -12.80 pacing=0.00s eps=0.132 loss=2.8473
[ep 1522] longdress    driving_B_2020.01.16_12.10.03.csv block-000@60s reward=QoE=   58.89 pacing=0.00s eps=0.131 loss=2.3588
[ep 1523] loot         static_B_2019.12.16_13.40.04.csv block-001@595s reward=QoE=   74.72 pacing=0.00s eps=0.131 loss=2.4418
[ep 1524] redandblack  driving_B_2019.12.17_07.32.39.csv block-000@420s reward=QoE=   45.85 pacing=0.00s eps=0.130 loss=2.5386
[ep 1525] soldier      driving_B_2020.01.16_07.26.43.csv block-000@1860s reward=QoE=    5.31 pacing=0.00s eps=0.129 loss=2.5055
[ep 1526] longdress    driving_B_2020.01.16_12.10.03.csv block-000@360s reward=QoE=   68.17 pacing=0.00s eps=0.129 loss=2.5650
[ep 1527] loot         driving_B_2019.12.17_07.32.39.csv block-000@0s reward=QoE=   37.49 pacing=0.00s eps=0.128 loss=2.4558
[ep 1528] redandblack  driving_B_2020.02.13_15.02.01.csv block-000@840s reward=QoE=   53.76 pacing=0.00s eps=0.128 loss=2.5890
[ep 1529] soldier      driving_B_2020.01.16_09.56.56.csv block-001@579s reward=QoE=   46.80 pacing=0.00s eps=0.127 loss=2.2713
[ep 1530] longdress    driving_B_2019.12.17_07.32.39.csv block-000@1140s reward=QoE=   39.03 pacing=0.00s eps=0.127 loss=2.4936
[ep 1531] loot         driving_B_2019.12.16_12.27.05.csv block-000@1200s reward=QoE=   34.10 pacing=0.00s eps=0.126 loss=2.6402
[ep 1532] redandblack  driving_B_2020.02.14_12.58.17.csv block-000@0s reward=QoE=   17.27 pacing=0.00s eps=0.125 loss=2.6388
[ep 1533] soldier      driving_B_2020.02.14_12.58.17.csv block-002@536s reward=QoE= -153.56 pacing=0.00s eps=0.125 loss=2.3933
[ep 1534] longdress    driving_B_2020.02.14_09.38.22.csv block-000@1200s reward=QoE=   24.80 pacing=0.00s eps=0.124 loss=2.6510
[ep 1535] loot         static_B_2020.02.14_13.21.26.csv block-000@720s reward=QoE=   86.55 pacing=0.00s eps=0.124 loss=2.5478
[ep 1536] redandblack  static_B_2020.02.27_18.39.27.csv block-001@2592s reward=QoE=   65.60 pacing=0.00s eps=0.123 loss=2.8766
[ep 1537] soldier      driving_B_2020.01.16_07.26.43.csv block-000@1140s reward=QoE=   31.47 pacing=0.00s eps=0.123 loss=2.6328
[ep 1538] longdress    static_B_2019.12.16_13.40.04.csv block-001@715s reward=QoE=   47.14 pacing=0.00s eps=0.122 loss=2.6954
[ep 1539] loot         driving_B_2020.02.13_15.02.01.csv block-000@300s reward=QoE=   90.20 pacing=1.45s eps=0.121 loss=2.4180
[ep 1540] redandblack  driving_B_2019.12.17_07.32.39.csv block-004@2297s reward=QoE=   85.48 pacing=0.00s eps=0.121 loss=2.3997
[ep 1541] soldier      static_B_2020.02.27_18.39.27.csv block-001@5832s reward=QoE=   83.79 pacing=0.18s eps=0.120 loss=2.4516
[ep 1542] longdress    driving_B_2020.01.16_09.56.56.csv block-001@1719s reward=QoE=   61.57 pacing=0.00s eps=0.120 loss=2.4430
[ep 1543] loot         driving_B_2020.02.13_13.03.24.csv block-001@1994s reward=QoE=   73.37 pacing=0.00s eps=0.119 loss=2.6872
[ep 1544] redandblack  driving_B_2019.12.16_12.27.05.csv block-000@60s reward=QoE=   13.46 pacing=0.00s eps=0.119 loss=2.4215
[ep 1545] soldier      driving_B_2020.02.13_13.03.24.csv block-001@1274s reward=QoE=    6.52 pacing=0.00s eps=0.118 loss=2.3955
[ep 1546] longdress    driving_B_2020.02.14_09.38.22.csv block-000@1380s reward=QoE=   24.94 pacing=0.00s eps=0.117 loss=2.3800
[ep 1547] loot         driving_B_2020.02.13_15.02.01.csv block-000@1500s reward=QoE=  -32.83 pacing=0.00s eps=0.117 loss=2.3828
[ep 1548] redandblack  driving_B_2020.01.16_09.56.56.csv block-001@999s reward=QoE=  -13.30 pacing=0.00s eps=0.116 loss=2.4362
[ep 1549] soldier      static_B_2019.12.16_13.40.04.csv block-005@1946s reward=QoE=   68.53 pacing=0.00s eps=0.116 loss=2.4889
[ep 1550] longdress    driving_B_2019.12.16_12.27.05.csv block-000@360s reward=QoE=   -4.02 pacing=0.00s eps=0.115 loss=2.4445
[ep 1551] loot         driving_B_2019.12.16_12.27.05.csv block-000@720s reward=QoE=   -7.91 pacing=0.00s eps=0.115 loss=2.4979
[ep 1552] redandblack  driving_B_2019.12.16_12.27.05.csv block-000@360s reward=QoE=   11.27 pacing=0.00s eps=0.114 loss=2.5411
[ep 1553] soldier      driving_B_2020.01.16_09.56.56.csv block-001@1419s reward=QoE=   42.10 pacing=0.00s eps=0.113 loss=2.5523
[ep 1554] longdress    driving_B_2020.02.14_12.58.17.csv block-002@716s reward=QoE=   25.51 pacing=0.00s eps=0.113 loss=2.3966
[ep 1555] loot         driving_B_2020.02.14_12.58.17.csv block-002@716s reward=QoE=   32.49 pacing=0.00s eps=0.112 loss=2.2959
[ep 1556] redandblack  driving_B_2020.01.16_12.10.03.csv block-000@180s reward=QoE=   83.76 pacing=0.00s eps=0.112 loss=2.5214
[ep 1557] soldier      static_B_2019.12.16_13.40.04.csv block-005@1706s reward=QoE=   66.99 pacing=0.00s eps=0.111 loss=2.5554
[ep 1558] longdress    driving_B_2020.02.13_13.03.24.csv block-000@360s reward=QoE=   10.57 pacing=0.00s eps=0.111 loss=2.4473
[ep 1559] loot         static_B_2020.02.27_18.39.27.csv block-001@3312s reward=QoE=   61.79 pacing=0.00s eps=0.110 loss=2.5485
[ep 1560] redandblack  driving_B_2020.01.16_12.10.03.csv block-000@120s reward=QoE=   86.29 pacing=0.30s eps=0.109 loss=2.3280
[ep 1561] soldier      static_B_2020.02.27_18.39.27.csv block-001@1572s reward=QoE=   87.64 pacing=0.00s eps=0.109 loss=2.5698
[ep 1562] longdress    driving_B_2020.02.14_09.38.22.csv block-000@120s reward=QoE=  -16.79 pacing=0.00s eps=0.108 loss=2.4213
[ep 1563] loot         driving_B_2020.02.13_13.03.24.csv block-001@1214s reward=QoE=   20.85 pacing=0.00s eps=0.108 loss=2.4706
[ep 1564] redandblack  static_B_2020.02.27_18.39.27.csv block-001@1032s reward=QoE=   69.78 pacing=0.00s eps=0.107 loss=2.4329
[ep 1565] soldier      driving_B_2020.02.14_09.38.22.csv block-000@0s reward=QoE=  -22.58 pacing=0.00s eps=0.107 loss=2.3859
[ep 1566] longdress    driving_B_2020.02.14_09.38.22.csv block-000@240s reward=QoE=  -78.81 pacing=0.00s eps=0.106 loss=2.3667
[ep 1567] loot         static_B_2019.12.16_13.40.04.csv block-000@180s reward=QoE=   66.42 pacing=0.00s eps=0.105 loss=2.6357
[ep 1568] redandblack  driving_B_2020.02.14_12.58.17.csv block-002@596s reward=QoE=   21.36 pacing=0.00s eps=0.105 loss=2.4120
[ep 1569] soldier      driving_B_2020.01.16_07.26.43.csv block-000@1380s reward=QoE=   16.86 pacing=0.00s eps=0.104 loss=2.5390
[ep 1570] longdress    driving_B_2020.01.16_09.56.56.csv block-000@0s reward=QoE=   52.05 pacing=0.00s eps=0.104 loss=2.6504
[ep 1571] loot         driving_B_2020.02.14_12.58.17.csv block-002@596s reward=QoE=   29.77 pacing=0.00s eps=0.103 loss=2.2672
[ep 1572] redandblack  driving_B_2020.02.14_09.38.22.csv block-000@480s reward=QoE=   29.62 pacing=0.00s eps=0.103 loss=2.7256
[ep 1573] soldier      driving_B_2020.02.14_12.58.17.csv block-000@0s reward=QoE=   30.83 pacing=0.00s eps=0.102 loss=2.4431
[ep 1574] longdress    driving_B_2019.12.16_12.27.05.csv block-000@480s reward=QoE=   28.84 pacing=0.00s eps=0.101 loss=2.4485
[ep 1575] loot         driving_B_2020.02.13_15.02.01.csv block-000@2580s reward=QoE=   18.06 pacing=0.00s eps=0.101 loss=2.5441
[ep 1576] redandblack  driving_B_2019.12.16_12.27.05.csv block-000@180s reward=QoE=   37.62 pacing=0.00s eps=0.100 loss=2.4359
[ep 1577] soldier      driving_B_2020.01.16_12.10.03.csv block-000@240s reward=QoE=   85.38 pacing=0.00s eps=0.100 loss=2.5637
[ep 1578] longdress    static_B_2020.02.14_13.21.26.csv block-000@360s reward=QoE=   71.63 pacing=0.00s eps=0.099 loss=2.3616
[ep 1579] loot         static_B_2020.02.27_18.39.27.csv block-001@4152s reward=QoE=   81.96 pacing=0.73s eps=0.099 loss=2.5375
[ep 1580] redandblack  driving_B_2019.12.16_12.27.05.csv block-000@840s reward=QoE=   53.76 pacing=0.00s eps=0.098 loss=2.5142
[ep 1581] soldier      driving_B_2020.02.14_12.58.17.csv block-002@536s reward=QoE=  -26.64 pacing=0.00s eps=0.097 loss=2.5415
[ep 1582] longdress    driving_B_2020.02.14_09.38.22.csv block-000@60s reward=QoE=   30.75 pacing=0.00s eps=0.097 loss=2.3237
[ep 1583] loot         static_B_2020.02.14_13.21.26.csv block-000@840s reward=QoE=   82.45 pacing=1.37s eps=0.096 loss=2.3947
[ep 1584] redandblack  driving_B_2020.01.16_12.10.03.csv block-000@360s reward=QoE=   67.67 pacing=0.00s eps=0.096 loss=2.7186
[ep 1585] soldier      driving_B_2020.01.16_09.56.56.csv block-001@1179s reward=QoE=   10.91 pacing=0.00s eps=0.095 loss=2.3981
[ep 1586] longdress    driving_B_2020.02.14_09.38.22.csv block-000@180s reward=QoE=   17.32 pacing=0.00s eps=0.095 loss=2.1989
[ep 1587] loot         static_B_2020.02.27_18.39.27.csv block-001@1212s reward=QoE=   81.32 pacing=0.00s eps=0.094 loss=2.2349
[ep 1588] redandblack  static_B_2020.02.27_18.39.27.csv block-001@3252s reward=QoE=   87.45 pacing=0.00s eps=0.093 loss=2.2823
[ep 1589] soldier      driving_B_2019.12.17_07.32.39.csv block-000@240s reward=QoE=   10.70 pacing=0.00s eps=0.093 loss=2.3068
[ep 1590] longdress    driving_B_2019.12.16_12.27.05.csv block-000@1200s reward=QoE=   21.06 pacing=0.00s eps=0.092 loss=2.3637
[ep 1591] loot         driving_B_2020.02.14_12.58.17.csv block-000@0s reward=QoE=   23.83 pacing=0.00s eps=0.092 loss=2.2117
[ep 1592] redandblack  static_B_2019.12.16_13.40.04.csv block-005@1586s reward=QoE=  -29.73 pacing=0.00s eps=0.091 loss=2.5413
[ep 1593] soldier      driving_B_2020.02.14_09.38.22.csv block-000@660s reward=QoE=   28.78 pacing=0.00s eps=0.091 loss=2.7319
[ep 1594] longdress    static_B_2019.12.16_13.40.04.csv block-000@60s reward=QoE=   55.55 pacing=0.00s eps=0.090 loss=2.3685
[ep 1595] loot         driving_B_2020.02.27_17.30.15.csv block-002@413s reward=QoE=   15.31 pacing=0.00s eps=0.089 loss=2.4446
[ep 1596] redandblack  static_B_2019.12.16_13.40.04.csv block-006@2172s reward=QoE=   89.28 pacing=1.10s eps=0.089 loss=2.5285
[ep 1597] soldier      static_B_2020.02.14_13.21.26.csv block-000@0s reward=QoE=   37.34 pacing=0.00s eps=0.088 loss=2.6966
[ep 1598] longdress    driving_B_2020.01.16_07.26.43.csv block-000@1620s reward=QoE=   21.79 pacing=0.00s eps=0.088 loss=2.1487
[ep 1599] loot         driving_B_2020.01.16_12.10.03.csv block-000@60s reward=QoE=   47.87 pacing=0.00s eps=0.087 loss=2.4495
[ep 1600] redandblack  driving_B_2019.12.16_12.27.05.csv block-000@900s reward=QoE=   74.76 pacing=0.68s eps=0.087 loss=2.3921
    [eval @ ep 1600] reward=QoE=49.85 mean_q=0.614 stall=0.7s  <-- best (saved)
[ep 1601] soldier      static_B_2019.12.16_13.40.04.csv block-005@1646s reward=QoE=   87.15 pacing=0.00s eps=0.086 loss=2.4567
[ep 1602] longdress    static_B_2020.02.27_18.39.27.csv block-001@6552s reward=QoE=   78.01 pacing=0.00s eps=0.085 loss=2.7700
[ep 1603] loot         static_B_2019.12.16_13.40.04.csv block-001@955s reward=QoE=   77.14 pacing=0.00s eps=0.085 loss=2.8215
[ep 1604] redandblack  driving_B_2019.12.17_07.32.39.csv block-000@1200s reward=QoE=   76.95 pacing=0.07s eps=0.084 loss=2.7338
[ep 1605] soldier      static_B_2020.02.14_13.21.26.csv block-000@60s reward=QoE=   83.89 pacing=0.14s eps=0.084 loss=2.4949
[ep 1606] longdress    driving_B_2019.12.16_12.27.05.csv block-000@0s reward=QoE=   41.60 pacing=0.00s eps=0.083 loss=2.7020
[ep 1607] loot         driving_B_2020.01.16_12.10.03.csv block-000@300s reward=QoE=   44.88 pacing=0.00s eps=0.083 loss=2.9084
[ep 1608] redandblack  driving_B_2020.02.27_17.30.15.csv block-002@353s reward=QoE=  -31.18 pacing=0.00s eps=0.082 loss=2.8375
[ep 1609] soldier      driving_B_2020.01.16_07.26.43.csv block-000@660s reward=QoE=   20.99 pacing=0.00s eps=0.081 loss=2.7296
[ep 1610] longdress    driving_B_2019.12.16_12.27.05.csv block-000@1140s reward=QoE=   58.17 pacing=0.00s eps=0.081 loss=2.7248
[ep 1611] loot         driving_B_2020.02.13_13.03.24.csv block-000@480s reward=QoE=   30.61 pacing=0.00s eps=0.080 loss=2.7457
[ep 1612] redandblack  driving_B_2020.01.16_07.26.43.csv block-000@720s reward=QoE=   16.96 pacing=0.00s eps=0.080 loss=2.5255
[ep 1613] soldier      driving_B_2020.01.16_07.26.43.csv block-000@300s reward=QoE=   21.85 pacing=0.00s eps=0.079 loss=2.4667
[ep 1614] longdress    driving_B_2020.02.13_13.03.24.csv block-000@0s reward=QoE=   11.57 pacing=0.00s eps=0.079 loss=2.6166
[ep 1615] loot         driving_B_2020.02.14_12.58.17.csv block-002@656s reward=QoE=   56.39 pacing=0.00s eps=0.078 loss=2.5948
[ep 1616] redandblack  driving_B_2020.01.16_09.56.56.csv block-001@939s reward=QoE=   30.26 pacing=0.00s eps=0.077 loss=2.6591
[ep 1617] soldier      driving_B_2020.01.16_12.10.03.csv block-000@120s reward=QoE=   88.63 pacing=0.00s eps=0.077 loss=3.2562
[ep 1618] longdress    driving_B_2019.12.17_07.32.39.csv block-004@2477s reward=QoE=   56.89 pacing=0.00s eps=0.076 loss=2.8567
[ep 1619] loot         driving_B_2020.01.16_12.10.03.csv block-000@360s reward=QoE=   72.48 pacing=0.00s eps=0.076 loss=2.7358
[ep 1620] redandblack  driving_B_2020.01.16_09.56.56.csv block-001@819s reward=QoE=   74.50 pacing=0.00s eps=0.075 loss=2.6375
[ep 1621] soldier      driving_B_2020.01.16_09.56.56.csv block-001@879s reward=QoE=   58.45 pacing=0.00s eps=0.075 loss=2.5344
[ep 1622] longdress    static_B_2019.12.16_13.40.04.csv block-000@120s reward=QoE=   83.19 pacing=0.00s eps=0.074 loss=2.8430
[ep 1623] loot         driving_B_2020.02.27_17.30.15.csv block-002@293s reward=QoE=  -37.75 pacing=0.00s eps=0.073 loss=2.5650
[ep 1624] redandblack  driving_B_2020.02.14_12.58.17.csv block-002@536s reward=QoE=  -55.05 pacing=0.00s eps=0.073 loss=2.5754
[ep 1625] soldier      driving_B_2020.02.13_13.03.24.csv block-001@1874s reward=QoE=    9.76 pacing=0.00s eps=0.072 loss=2.7786
[ep 1626] longdress    static_B_2020.02.27_18.39.27.csv block-001@4992s reward=QoE=   50.61 pacing=0.00s eps=0.072 loss=2.7976
[ep 1627] loot         static_B_2020.02.14_13.21.26.csv block-000@120s reward=QoE=   81.12 pacing=1.35s eps=0.071 loss=2.9705
[ep 1628] redandblack  driving_B_2020.01.16_09.56.56.csv block-000@120s reward=QoE=   23.12 pacing=0.00s eps=0.071 loss=2.6587
[ep 1629] soldier      driving_B_2020.02.27_17.30.15.csv block-002@473s reward=QoE=    3.31 pacing=0.00s eps=0.070 loss=2.5596
[ep 1630] longdress    driving_B_2019.12.17_07.32.39.csv block-000@1260s reward=QoE=   14.98 pacing=0.00s eps=0.069 loss=2.5213
[ep 1631] loot         driving_B_2020.02.14_09.38.22.csv block-000@540s reward=QoE=   24.15 pacing=0.00s eps=0.069 loss=2.7558
[ep 1632] redandblack  driving_B_2020.02.27_17.30.15.csv block-002@293s reward=QoE=  -92.44 pacing=0.00s eps=0.068 loss=2.5399
[ep 1633] soldier      static_B_2019.12.16_13.40.04.csv block-000@300s reward=QoE=   28.75 pacing=0.00s eps=0.068 loss=2.6761
[ep 1634] longdress    driving_B_2020.02.14_09.38.22.csv block-000@1320s reward=QoE=   21.45 pacing=0.00s eps=0.067 loss=2.5297
[ep 1635] loot         driving_B_2020.02.13_15.02.01.csv block-000@900s reward=QoE=   25.02 pacing=0.00s eps=0.067 loss=2.3668
[ep 1636] redandblack  driving_B_2020.01.16_07.26.43.csv block-000@1320s reward=QoE=   39.05 pacing=0.00s eps=0.066 loss=2.4475
[ep 1637] soldier      driving_B_2020.02.14_12.58.17.csv block-002@536s reward=QoE= -131.15 pacing=0.00s eps=0.065 loss=2.5952
[ep 1638] longdress    static_B_2019.12.16_13.40.04.csv block-000@420s reward=QoE=   61.87 pacing=0.00s eps=0.065 loss=2.4574
[ep 1639] loot         static_B_2020.02.14_13.21.26.csv block-000@360s reward=QoE=   86.78 pacing=0.00s eps=0.064 loss=2.5625
[ep 1640] redandblack  static_B_2020.02.14_13.21.26.csv block-000@300s reward=QoE=   58.84 pacing=0.00s eps=0.064 loss=2.6698
[ep 1641] soldier      static_B_2019.12.16_13.40.04.csv block-005@1526s reward=QoE=   50.22 pacing=0.00s eps=0.063 loss=2.6655
[ep 1642] longdress    driving_B_2020.02.13_15.02.01.csv block-000@660s reward=QoE=   51.14 pacing=0.00s eps=0.063 loss=2.5503
[ep 1643] loot         driving_B_2020.02.13_13.03.24.csv block-000@420s reward=QoE=    6.85 pacing=0.00s eps=0.062 loss=2.5584
[ep 1644] redandblack  driving_B_2019.12.17_07.32.39.csv block-000@480s reward=QoE=   75.52 pacing=0.00s eps=0.061 loss=2.7940
[ep 1645] soldier      driving_B_2020.02.27_17.30.15.csv block-002@353s reward=QoE=   -7.10 pacing=0.00s eps=0.061 loss=2.7297
[ep 1646] longdress    driving_B_2020.02.27_17.30.15.csv block-002@353s reward=QoE=  -61.25 pacing=0.00s eps=0.060 loss=2.3834
[ep 1647] loot         driving_B_2020.02.13_15.02.01.csv block-000@1020s reward=QoE=   78.98 pacing=2.17s eps=0.060 loss=2.6635
[ep 1648] redandblack  driving_B_2020.01.16_12.10.03.csv block-000@0s reward=QoE=   83.27 pacing=1.06s eps=0.059 loss=2.8263
[ep 1649] soldier      static_B_2019.12.16_13.40.04.csv block-001@655s reward=QoE=   48.31 pacing=0.00s eps=0.059 loss=2.7458
[ep 1650] longdress    driving_B_2019.12.17_07.32.39.csv block-000@300s reward=QoE=   24.39 pacing=0.00s eps=0.058 loss=2.6842
[ep 1651] loot         driving_B_2019.12.16_12.27.05.csv block-000@1080s reward=QoE=   83.51 pacing=0.00s eps=0.057 loss=2.3768
[ep 1652] redandblack  driving_B_2020.02.14_12.58.17.csv block-002@536s reward=QoE=   -0.90 pacing=0.00s eps=0.057 loss=2.8183
[ep 1653] soldier      driving_B_2019.12.16_12.27.05.csv block-000@960s reward=QoE=   88.23 pacing=0.00s eps=0.056 loss=2.7941
[ep 1654] longdress    driving_B_2020.02.27_17.30.15.csv block-002@473s reward=QoE=  -63.43 pacing=0.00s eps=0.056 loss=2.6316
[ep 1655] loot         driving_B_2020.02.14_12.58.17.csv block-002@596s reward=QoE=   18.25 pacing=0.00s eps=0.055 loss=2.6546
[ep 1656] redandblack  driving_B_2020.02.13_15.02.01.csv block-000@2040s reward=QoE=   89.54 pacing=0.00s eps=0.055 loss=3.0190
[ep 1657] soldier      driving_B_2020.02.27_17.30.15.csv block-002@413s reward=QoE=    3.71 pacing=0.00s eps=0.054 loss=2.6538
[ep 1658] longdress    driving_B_2020.01.16_07.26.43.csv block-000@1560s reward=QoE=   32.16 pacing=0.00s eps=0.053 loss=2.6495
[ep 1659] loot         driving_B_2020.02.27_17.30.15.csv block-002@533s reward=QoE=  -69.53 pacing=0.00s eps=0.053 loss=2.6588
[ep 1660] redandblack  driving_B_2020.02.27_17.30.15.csv block-002@353s reward=QoE=    9.33 pacing=0.00s eps=0.052 loss=2.6576
[ep 1661] soldier      driving_B_2020.01.16_09.56.56.csv block-001@699s reward=QoE=   82.54 pacing=0.84s eps=0.052 loss=2.5091
[ep 1662] longdress    driving_B_2020.02.13_13.03.24.csv block-001@1694s reward=QoE=   27.68 pacing=0.00s eps=0.051 loss=3.0100
[ep 1663] loot         driving_B_2020.02.13_15.02.01.csv block-000@1560s reward=QoE=   32.68 pacing=0.00s eps=0.051 loss=2.4786
[ep 1664] redandblack  driving_B_2020.02.13_13.03.24.csv block-000@180s reward=QoE=   31.92 pacing=0.00s eps=0.050 loss=2.6951
[ep 1665] longdress    driving_B_2020.01.16_09.56.56.csv block-001@819s reward=QoE=   66.31 pacing=0.00s eps=0.050 loss=2.5748
[ep 1666] loot         driving_B_2020.02.13_13.03.24.csv block-000@600s reward=QoE=   38.21 pacing=0.00s eps=0.050 loss=2.7244
[ep 1667] redandblack  static_B_2019.12.16_13.40.04.csv block-005@1946s reward=QoE=   88.23 pacing=0.00s eps=0.050 loss=2.6970
[ep 1668] soldier      driving_B_2019.12.17_07.32.39.csv block-000@1080s reward=QoE=   28.58 pacing=0.00s eps=0.050 loss=2.5307
[ep 1669] longdress    driving_B_2020.01.16_07.26.43.csv block-000@1260s reward=QoE=   41.72 pacing=0.00s eps=0.050 loss=2.8066
[ep 1670] loot         driving_B_2020.01.16_12.10.03.csv block-000@300s reward=QoE=   37.78 pacing=0.00s eps=0.050 loss=2.9277
[ep 1671] redandblack  driving_B_2020.02.13_13.03.24.csv block-001@1094s reward=QoE=    5.93 pacing=0.00s eps=0.050 loss=2.6753
[ep 1672] soldier      driving_B_2020.01.16_09.56.56.csv block-001@759s reward=QoE=   28.63 pacing=0.00s eps=0.050 loss=2.3765
[ep 1673] longdress    driving_B_2020.02.13_15.02.01.csv block-000@2220s reward=QoE=   46.51 pacing=0.00s eps=0.050 loss=2.6776
[ep 1674] loot         driving_B_2020.02.14_12.58.17.csv block-002@596s reward=QoE=   35.08 pacing=0.00s eps=0.050 loss=2.6272
[ep 1675] redandblack  driving_B_2020.02.13_15.02.01.csv block-000@2520s reward=QoE=   23.39 pacing=0.00s eps=0.050 loss=2.5439
[ep 1676] soldier      driving_B_2020.02.27_17.30.15.csv block-002@293s reward=QoE=  -43.23 pacing=0.00s eps=0.050 loss=2.6578
[ep 1677] longdress    driving_B_2020.02.14_09.38.22.csv block-000@600s reward=QoE=   47.67 pacing=0.00s eps=0.050 loss=2.5429
[ep 1678] loot         static_B_2020.02.14_13.21.26.csv block-000@0s reward=QoE=   55.95 pacing=0.00s eps=0.050 loss=2.6257
[ep 1679] redandblack  driving_B_2020.01.16_09.56.56.csv block-001@1359s reward=QoE=   36.01 pacing=0.00s eps=0.050 loss=2.9275
[ep 1680] soldier      driving_B_2019.12.16_12.27.05.csv block-000@1200s reward=QoE=   28.24 pacing=0.00s eps=0.050 loss=2.5425
[ep 1681] longdress    driving_B_2020.02.14_12.58.17.csv block-000@0s reward=QoE=   33.67 pacing=0.00s eps=0.050 loss=2.5722
[ep 1682] loot         driving_B_2020.02.13_13.03.24.csv block-000@60s reward=QoE=   26.05 pacing=0.00s eps=0.050 loss=2.5134
[ep 1683] redandblack  driving_B_2020.02.27_17.30.15.csv block-002@533s reward=QoE=  -14.90 pacing=0.00s eps=0.050 loss=2.7090
[ep 1684] soldier      driving_B_2020.01.16_12.10.03.csv block-000@240s reward=QoE=   84.57 pacing=0.00s eps=0.050 loss=2.6767
[ep 1685] longdress    driving_B_2020.01.16_09.56.56.csv block-001@1659s reward=QoE=   79.41 pacing=0.55s eps=0.050 loss=2.3251
[ep 1686] loot         static_B_2019.12.16_13.40.04.csv block-000@420s reward=QoE=   72.23 pacing=0.00s eps=0.050 loss=2.6526
[ep 1687] redandblack  driving_B_2020.01.16_09.56.56.csv block-001@1239s reward=QoE=   49.06 pacing=0.00s eps=0.050 loss=2.7690
[ep 1688] soldier      driving_B_2020.01.16_09.56.56.csv block-001@1539s reward=QoE=   66.15 pacing=0.00s eps=0.050 loss=2.4878
[ep 1689] longdress    driving_B_2020.02.14_09.38.22.csv block-000@1080s reward=QoE=   84.27 pacing=0.00s eps=0.050 loss=2.7568
[ep 1690] loot         static_B_2019.12.16_13.40.04.csv block-005@2006s reward=QoE=   56.08 pacing=0.00s eps=0.050 loss=2.5762
[ep 1691] redandblack  static_B_2020.02.27_18.39.27.csv block-001@4272s reward=QoE=   90.89 pacing=0.00s eps=0.050 loss=2.5335
[ep 1692] soldier      static_B_2019.12.16_13.40.04.csv block-005@1706s reward=QoE=   64.49 pacing=0.00s eps=0.050 loss=2.5251
[ep 1693] longdress    driving_B_2020.02.14_12.58.17.csv block-002@716s reward=QoE=   24.30 pacing=0.00s eps=0.050 loss=2.6688
[ep 1694] loot         driving_B_2020.01.16_12.10.03.csv block-000@60s reward=QoE=   56.72 pacing=0.00s eps=0.050 loss=2.7197
[ep 1695] redandblack  driving_B_2020.02.27_17.30.15.csv block-002@473s reward=QoE=  -88.81 pacing=0.00s eps=0.050 loss=2.5389
[ep 1696] soldier      static_B_2020.02.27_18.39.27.csv block-001@4452s reward=QoE=   84.85 pacing=0.00s eps=0.050 loss=2.7426
[ep 1697] longdress    driving_B_2019.12.16_12.27.05.csv block-000@1260s reward=QoE=   81.69 pacing=1.07s eps=0.050 loss=2.5065
[ep 1698] loot         static_B_2020.02.27_18.39.27.csv block-001@672s reward=QoE=   48.80 pacing=1.14s eps=0.050 loss=2.6567
[ep 1699] redandblack  driving_B_2020.02.13_13.03.24.csv block-001@974s reward=QoE=   20.13 pacing=0.00s eps=0.050 loss=2.6074
[ep 1700] soldier      driving_B_2019.12.16_12.27.05.csv block-000@540s reward=QoE=   -0.06 pacing=0.00s eps=0.050 loss=2.5208
[ep 1701] longdress    driving_B_2020.01.16_12.10.03.csv block-000@0s reward=QoE=   80.88 pacing=0.34s eps=0.050 loss=2.5822
[ep 1702] loot         driving_B_2020.01.16_12.10.03.csv block-000@360s reward=QoE=   70.38 pacing=0.00s eps=0.050 loss=2.5820
[ep 1703] redandblack  driving_B_2020.02.13_15.02.01.csv block-000@1440s reward=QoE=  -36.57 pacing=0.00s eps=0.050 loss=2.7222
[ep 1704] soldier      driving_B_2020.02.14_12.58.17.csv block-002@536s reward=QoE=  -84.75 pacing=0.00s eps=0.050 loss=2.7033
[ep 1705] longdress    driving_B_2020.01.16_12.10.03.csv block-000@360s reward=QoE=   62.48 pacing=0.00s eps=0.050 loss=2.7940
[ep 1706] loot         driving_B_2020.01.16_09.56.56.csv block-001@1599s reward=QoE=   80.22 pacing=0.00s eps=0.050 loss=2.9075
[ep 1707] redandblack  driving_B_2020.02.13_15.02.01.csv block-000@1920s reward=QoE=   54.59 pacing=0.00s eps=0.050 loss=2.4940
[ep 1708] soldier      driving_B_2020.02.27_17.30.15.csv block-002@293s reward=QoE=  -56.72 pacing=0.00s eps=0.050 loss=2.6694
[ep 1709] longdress    driving_B_2020.01.16_09.56.56.csv block-001@1419s reward=QoE=   51.31 pacing=0.00s eps=0.050 loss=2.9051
[ep 1710] loot         driving_B_2019.12.17_07.32.39.csv block-004@2417s reward=QoE=   51.50 pacing=0.00s eps=0.050 loss=2.5249
[ep 1711] redandblack  driving_B_2020.02.13_13.03.24.csv block-001@1874s reward=QoE=    7.84 pacing=0.00s eps=0.050 loss=2.5798
[ep 1712] soldier      driving_B_2020.01.16_07.26.43.csv block-000@360s reward=QoE=   -6.10 pacing=0.00s eps=0.050 loss=2.4264
[ep 1713] longdress    static_B_2019.12.16_13.40.04.csv block-001@1015s reward=QoE=   31.19 pacing=0.00s eps=0.050 loss=2.4395
[ep 1714] loot         driving_B_2020.02.14_09.38.22.csv block-000@720s reward=QoE=   89.63 pacing=2.20s eps=0.050 loss=2.7469
[ep 1715] redandblack  driving_B_2020.02.27_17.30.15.csv block-002@533s reward=QoE=  -49.34 pacing=0.00s eps=0.050 loss=2.8632
[ep 1716] soldier      static_B_2020.02.27_18.39.27.csv block-001@3012s reward=QoE=   53.20 pacing=0.00s eps=0.050 loss=2.6258
[ep 1717] longdress    driving_B_2020.01.16_07.26.43.csv block-000@660s reward=QoE=   37.20 pacing=0.00s eps=0.050 loss=2.6472
[ep 1718] loot         driving_B_2020.01.16_12.10.03.csv block-000@360s reward=QoE=   68.61 pacing=0.00s eps=0.050 loss=2.5712
[ep 1719] redandblack  driving_B_2020.01.16_07.26.43.csv block-000@300s reward=QoE=   57.18 pacing=0.00s eps=0.050 loss=2.7711
[ep 1720] soldier      static_B_2020.02.14_13.21.26.csv block-000@300s reward=QoE=   63.25 pacing=0.00s eps=0.050 loss=2.4034
[ep 1721] longdress    driving_B_2020.01.16_07.26.43.csv block-000@1140s reward=QoE=   45.41 pacing=0.00s eps=0.050 loss=2.4115
[ep 1722] loot         driving_B_2020.01.16_09.56.56.csv block-000@0s reward=QoE=   53.52 pacing=0.00s eps=0.050 loss=2.5519
[ep 1723] redandblack  driving_B_2020.02.13_13.03.24.csv block-001@1154s reward=QoE=    4.64 pacing=0.00s eps=0.050 loss=2.5866
[ep 1724] soldier      driving_B_2020.02.13_15.02.01.csv block-000@1140s reward=QoE=   83.52 pacing=0.00s eps=0.050 loss=2.8443
[ep 1725] longdress    driving_B_2020.02.13_15.02.01.csv block-000@2280s reward=QoE=   52.16 pacing=0.00s eps=0.050 loss=2.6877
[ep 1726] loot         driving_B_2020.01.16_07.26.43.csv block-000@420s reward=QoE=   17.48 pacing=0.00s eps=0.050 loss=2.6127
[ep 1727] redandblack  driving_B_2020.02.14_12.58.17.csv block-000@0s reward=QoE=   35.96 pacing=0.00s eps=0.050 loss=2.4524
[ep 1728] soldier      driving_B_2020.02.14_12.58.17.csv block-002@716s reward=QoE=   15.45 pacing=0.00s eps=0.050 loss=2.5477
[ep 1729] longdress    driving_B_2020.02.27_17.30.15.csv block-002@413s reward=QoE=   25.50 pacing=0.00s eps=0.050 loss=2.4694
[ep 1730] loot         static_B_2020.02.14_13.21.26.csv block-000@180s reward=QoE=   86.46 pacing=0.00s eps=0.050 loss=2.5351
[ep 1731] redandblack  static_B_2020.02.14_13.21.26.csv block-000@60s reward=QoE=   91.20 pacing=0.72s eps=0.050 loss=2.3838
[ep 1732] soldier      driving_B_2020.01.16_09.56.56.csv block-001@939s reward=QoE=   12.06 pacing=0.00s eps=0.050 loss=2.7795
[ep 1733] longdress    static_B_2020.02.14_13.21.26.csv block-000@60s reward=QoE=   83.01 pacing=0.00s eps=0.050 loss=2.5317
[ep 1734] loot         driving_B_2020.01.16_12.10.03.csv block-000@360s reward=QoE=   73.32 pacing=0.00s eps=0.050 loss=2.7717
[ep 1735] redandblack  driving_B_2020.01.16_09.56.56.csv block-000@240s reward=QoE=   56.12 pacing=0.00s eps=0.050 loss=2.6763
[ep 1736] soldier      driving_B_2020.01.16_12.10.03.csv block-000@180s reward=QoE=   85.03 pacing=0.00s eps=0.050 loss=2.5155
[ep 1737] longdress    static_B_2019.12.16_13.40.04.csv block-001@1075s reward=QoE=   52.33 pacing=0.00s eps=0.050 loss=2.7021
[ep 1738] loot         driving_B_2020.01.16_09.56.56.csv block-000@60s reward=QoE=   28.49 pacing=0.00s eps=0.050 loss=2.6139
[ep 1739] redandblack  driving_B_2020.01.16_07.26.43.csv block-000@1380s reward=QoE=   43.75 pacing=0.00s eps=0.050 loss=2.3263
[ep 1740] soldier      driving_B_2020.01.16_07.26.43.csv block-000@780s reward=QoE=   31.72 pacing=0.00s eps=0.050 loss=2.5200
[ep 1741] longdress    driving_B_2019.12.16_12.27.05.csv block-000@900s reward=QoE=   84.42 pacing=0.00s eps=0.050 loss=2.6212
[ep 1742] loot         driving_B_2019.12.16_12.27.05.csv block-000@300s reward=QoE=   33.12 pacing=0.00s eps=0.050 loss=2.4558
[ep 1743] redandblack  driving_B_2019.12.16_12.27.05.csv block-000@420s reward=QoE=  -86.51 pacing=0.00s eps=0.050 loss=2.9839
[ep 1744] soldier      static_B_2020.02.27_18.39.27.csv block-001@3612s reward=QoE= -304.31 pacing=0.00s eps=0.050 loss=2.5781
[ep 1745] longdress    driving_B_2020.02.27_17.30.15.csv block-002@353s reward=QoE=  -31.29 pacing=0.00s eps=0.050 loss=2.5522
[ep 1746] loot         static_B_2020.02.14_13.21.26.csv block-000@840s reward=QoE=   91.20 pacing=1.00s eps=0.050 loss=2.6378
[ep 1747] redandblack  static_B_2020.02.27_18.39.27.csv block-001@5112s reward=QoE=   67.36 pacing=0.00s eps=0.050 loss=2.6558
[ep 1748] soldier      static_B_2020.02.27_18.39.27.csv block-001@3672s reward=QoE=   54.23 pacing=0.00s eps=0.050 loss=2.3068
[ep 1749] longdress    driving_B_2019.12.17_07.32.39.csv block-000@1440s reward=QoE=   89.78 pacing=0.00s eps=0.050 loss=2.5235
[ep 1750] loot         driving_B_2019.12.17_07.32.39.csv block-003@1774s reward=QoE=   38.85 pacing=0.00s eps=0.050 loss=2.4350
[ep 1751] redandblack  driving_B_2020.02.14_09.38.22.csv block-000@1140s reward=QoE=   -4.06 pacing=0.00s eps=0.050 loss=2.5882
[ep 1752] soldier      driving_B_2020.01.16_12.10.03.csv block-000@360s reward=QoE=   72.77 pacing=0.00s eps=0.050 loss=2.4870
[ep 1753] longdress    driving_B_2020.02.27_17.30.15.csv block-002@533s reward=QoE=   -8.02 pacing=0.00s eps=0.050 loss=2.5959
[ep 1754] loot         driving_B_2019.12.17_07.32.39.csv block-000@660s reward=QoE=   14.73 pacing=0.00s eps=0.050 loss=2.6505
[ep 1755] redandblack  driving_B_2020.02.13_15.02.01.csv block-000@900s reward=QoE=   27.60 pacing=0.00s eps=0.050 loss=2.5084
[ep 1756] soldier      driving_B_2020.01.16_12.10.03.csv block-000@120s reward=QoE=   90.17 pacing=0.00s eps=0.050 loss=2.4863
[ep 1757] longdress    driving_B_2019.12.16_12.27.05.csv block-000@1020s reward=QoE=   75.39 pacing=0.00s eps=0.050 loss=2.5388
[ep 1758] loot         driving_B_2019.12.16_12.27.05.csv block-000@780s reward=QoE=   60.55 pacing=0.00s eps=0.050 loss=2.7052
[ep 1759] redandblack  static_B_2019.12.16_13.40.04.csv block-001@955s reward=QoE=   72.01 pacing=0.00s eps=0.050 loss=2.8298
[ep 1760] soldier      driving_B_2020.02.14_12.58.17.csv block-002@596s reward=QoE=   24.92 pacing=0.00s eps=0.050 loss=2.3273
[ep 1761] longdress    driving_B_2020.02.14_12.58.17.csv block-002@596s reward=QoE=    6.49 pacing=0.00s eps=0.050 loss=2.5602
[ep 1762] loot         driving_B_2020.02.13_15.02.01.csv block-000@780s reward=QoE=   43.28 pacing=0.00s eps=0.050 loss=2.5737
[ep 1763] redandblack  driving_B_2020.01.16_09.56.56.csv block-001@639s reward=QoE=   77.20 pacing=0.00s eps=0.050 loss=2.5875
[ep 1764] soldier      driving_B_2020.02.13_13.03.24.csv block-000@480s reward=QoE=   22.19 pacing=0.00s eps=0.050 loss=2.4589
[ep 1765] longdress    static_B_2019.12.16_13.40.04.csv block-005@1466s reward=QoE=   61.28 pacing=0.00s eps=0.050 loss=2.3845
[ep 1766] loot         driving_B_2020.02.14_09.38.22.csv block-000@120s reward=QoE=   14.50 pacing=0.00s eps=0.050 loss=2.7981
[ep 1767] redandblack  driving_B_2019.12.16_12.27.05.csv block-000@840s reward=QoE=   54.00 pacing=0.00s eps=0.050 loss=2.6926
[ep 1768] soldier      driving_B_2019.12.17_07.32.39.csv block-000@840s reward=QoE=   23.42 pacing=0.00s eps=0.050 loss=2.6395
[ep 1769] longdress    driving_B_2019.12.17_07.32.39.csv block-000@960s reward=QoE=   37.04 pacing=0.00s eps=0.050 loss=2.3350
[ep 1770] loot         driving_B_2019.12.17_07.32.39.csv block-003@1594s reward=QoE=   22.50 pacing=0.00s eps=0.050 loss=2.3646
[ep 1771] redandblack  driving_B_2019.12.16_12.27.05.csv block-000@540s reward=QoE=    0.33 pacing=0.00s eps=0.050 loss=2.8377
[ep 1772] soldier      driving_B_2020.02.14_12.58.17.csv block-002@656s reward=QoE=   36.01 pacing=0.00s eps=0.050 loss=2.4710
[ep 1773] longdress    driving_B_2020.01.16_07.26.43.csv block-000@1620s reward=QoE=   28.60 pacing=0.00s eps=0.050 loss=2.4742
[ep 1774] loot         driving_B_2020.02.14_12.58.17.csv block-002@536s reward=QoE=   -4.33 pacing=0.00s eps=0.050 loss=2.6002
[ep 1775] redandblack  driving_B_2019.12.17_07.32.39.csv block-004@2297s reward=QoE=   83.09 pacing=0.00s eps=0.050 loss=2.4854
[ep 1776] soldier      driving_B_2020.02.13_15.02.01.csv block-000@1620s reward=QoE=  -17.17 pacing=0.00s eps=0.050 loss=2.3911
[ep 1777] longdress    driving_B_2020.02.13_15.02.01.csv block-000@1800s reward=QoE=  -31.74 pacing=0.00s eps=0.050 loss=2.5842
[ep 1778] loot         driving_B_2020.02.14_09.38.22.csv block-000@1260s reward=QoE=   31.16 pacing=0.00s eps=0.050 loss=2.4189
[ep 1779] redandblack  driving_B_2020.02.14_09.38.22.csv block-000@1440s reward=QoE=   81.08 pacing=0.52s eps=0.050 loss=2.7579
[ep 1780] soldier      driving_B_2019.12.16_12.27.05.csv block-000@720s reward=QoE=  -19.35 pacing=0.00s eps=0.050 loss=2.3830
[ep 1781] longdress    driving_B_2020.02.13_15.02.01.csv block-000@2100s reward=QoE=   19.44 pacing=0.00s eps=0.050 loss=2.2156
[ep 1782] loot         static_B_2020.02.27_18.39.27.csv block-001@372s reward=QoE=   85.86 pacing=0.00s eps=0.050 loss=2.4856
[ep 1783] redandblack  static_B_2020.02.27_18.39.27.csv block-001@5352s reward=QoE= -108.64 pacing=0.00s eps=0.050 loss=2.6745
[ep 1784] soldier      driving_B_2020.02.14_09.38.22.csv block-000@660s reward=QoE=   24.19 pacing=0.00s eps=0.050 loss=2.8322
[ep 1785] longdress    driving_B_2020.02.14_09.38.22.csv block-000@960s reward=QoE=   68.80 pacing=0.00s eps=0.050 loss=2.8457
[ep 1786] loot         static_B_2019.12.16_13.40.04.csv block-001@775s reward=QoE=   86.68 pacing=1.11s eps=0.050 loss=2.3485
[ep 1787] redandblack  driving_B_2019.12.17_07.32.39.csv block-000@0s reward=QoE=   43.80 pacing=0.00s eps=0.050 loss=2.6398
[ep 1788] soldier      driving_B_2019.12.16_12.27.05.csv block-000@180s reward=QoE=   13.92 pacing=0.00s eps=0.050 loss=2.9185
[ep 1789] longdress    driving_B_2020.02.14_12.58.17.csv block-002@656s reward=QoE=   45.06 pacing=0.00s eps=0.050 loss=2.4967
[ep 1790] loot         driving_B_2020.02.14_12.58.17.csv block-002@656s reward=QoE=   54.34 pacing=0.00s eps=0.050 loss=2.6464
[ep 1791] redandblack  static_B_2020.02.27_18.39.27.csv block-001@1452s reward=QoE=   84.79 pacing=0.00s eps=0.050 loss=2.4950
[ep 1792] soldier      driving_B_2020.01.16_09.56.56.csv block-001@1299s reward=QoE=   56.54 pacing=0.00s eps=0.050 loss=2.4670
[ep 1793] longdress    driving_B_2019.12.16_12.27.05.csv block-000@0s reward=QoE=   39.47 pacing=0.00s eps=0.050 loss=2.6430
[ep 1794] loot         driving_B_2020.02.13_15.02.01.csv block-000@960s reward=QoE=   75.76 pacing=0.00s eps=0.050 loss=2.8808
[ep 1795] redandblack  driving_B_2020.02.13_13.03.24.csv block-000@180s reward=QoE=   33.16 pacing=0.00s eps=0.050 loss=2.5902
[ep 1796] soldier      driving_B_2020.02.13_15.02.01.csv block-000@1560s reward=QoE=   24.04 pacing=0.00s eps=0.050 loss=2.2608
[ep 1797] longdress    driving_B_2020.02.13_13.03.24.csv block-001@1934s reward=QoE=   -2.96 pacing=0.00s eps=0.050 loss=2.2795
[ep 1798] loot         driving_B_2020.01.16_12.10.03.csv block-000@300s reward=QoE=   38.19 pacing=0.00s eps=0.050 loss=2.6219
[ep 1799] redandblack  driving_B_2019.12.17_07.32.39.csv block-000@240s reward=QoE=   22.80 pacing=0.00s eps=0.050 loss=2.7076
[ep 1800] soldier      static_B_2019.12.16_13.40.04.csv block-005@1346s reward=QoE=    5.15 pacing=0.00s eps=0.050 loss=2.6236
[ep 1801] longdress    static_B_2020.02.14_13.21.26.csv block-000@960s reward=QoE=   57.73 pacing=0.00s eps=0.050 loss=2.7022
[ep 1802] loot         driving_B_2020.02.27_17.30.15.csv block-002@293s reward=QoE=  -81.29 pacing=0.00s eps=0.050 loss=2.6803
[ep 1803] redandblack  driving_B_2020.02.14_12.58.17.csv block-002@716s reward=QoE=   25.72 pacing=0.00s eps=0.050 loss=2.7843
[ep 1804] soldier      driving_B_2020.02.13_13.03.24.csv block-001@1694s reward=QoE=   20.10 pacing=0.00s eps=0.050 loss=2.8317
[ep 1805] longdress    driving_B_2020.02.13_13.03.24.csv block-001@1754s reward=QoE=   16.73 pacing=0.00s eps=0.050 loss=2.7996
[ep 1806] loot         driving_B_2020.02.27_17.30.15.csv block-002@473s reward=QoE=   -7.58 pacing=0.00s eps=0.050 loss=2.6963
[ep 1807] redandblack  driving_B_2020.01.16_07.26.43.csv block-000@60s reward=QoE=   57.96 pacing=0.00s eps=0.050 loss=2.9756
[ep 1808] soldier      driving_B_2020.02.27_17.30.15.csv block-002@413s reward=QoE=   18.16 pacing=0.00s eps=0.050 loss=2.8184
[ep 1809] longdress    driving_B_2020.02.13_15.02.01.csv block-000@3000s reward=QoE=    4.71 pacing=0.00s eps=0.050 loss=2.6985
[ep 1810] loot         static_B_2020.02.14_13.21.26.csv block-000@120s reward=QoE=   89.29 pacing=0.78s eps=0.050 loss=2.7210
[ep 1811] redandblack  static_B_2020.02.14_13.21.26.csv block-000@360s reward=QoE=   84.97 pacing=0.00s eps=0.050 loss=2.6959
[ep 1812] soldier      static_B_2019.12.16_13.40.04.csv block-005@1646s reward=QoE=   88.13 pacing=0.00s eps=0.050 loss=2.8503
[ep 1813] longdress    driving_B_2020.02.13_13.03.24.csv block-001@1454s reward=QoE=   26.58 pacing=0.00s eps=0.050 loss=2.8148
[ep 1814] loot         driving_B_2020.02.14_09.38.22.csv block-000@180s reward=QoE=    7.45 pacing=0.00s eps=0.050 loss=2.8028
[ep 1815] redandblack  static_B_2020.02.27_18.39.27.csv block-001@6072s reward=QoE=   90.16 pacing=1.05s eps=0.050 loss=2.7069
[ep 1816] soldier      static_B_2020.02.14_13.21.26.csv block-000@1080s reward=QoE=   83.60 pacing=0.00s eps=0.050 loss=2.6169
[ep 1817] longdress    driving_B_2020.02.14_12.58.17.csv block-000@0s reward=QoE=   33.51 pacing=0.00s eps=0.050 loss=2.5806
[ep 1818] loot         driving_B_2020.01.16_07.26.43.csv block-000@1680s reward=QoE=   28.84 pacing=0.00s eps=0.050 loss=2.4827
[ep 1819] redandblack  driving_B_2020.02.27_17.30.15.csv block-002@473s reward=QoE=  -14.48 pacing=0.00s eps=0.050 loss=2.6725
[ep 1820] soldier      driving_B_2020.01.16_09.56.56.csv block-000@180s reward=QoE=   50.26 pacing=0.00s eps=0.050 loss=2.9843
[ep 1821] longdress    static_B_2020.02.14_13.21.26.csv block-000@900s reward=QoE=   59.23 pacing=0.00s eps=0.050 loss=2.8542
[ep 1822] loot         driving_B_2020.01.16_12.10.03.csv block-000@0s reward=QoE=   77.95 pacing=1.39s eps=0.050 loss=2.8231
[ep 1823] redandblack  driving_B_2020.02.13_15.02.01.csv block-000@1200s reward=QoE=   57.08 pacing=0.00s eps=0.050 loss=2.9173
[ep 1824] soldier      driving_B_2020.02.13_15.02.01.csv block-000@180s reward=QoE=   47.26 pacing=0.00s eps=0.050 loss=2.5941
[ep 1825] longdress    static_B_2020.02.27_18.39.27.csv block-001@5772s reward=QoE=   75.37 pacing=0.00s eps=0.050 loss=2.7688
[ep 1826] loot         driving_B_2020.02.14_09.38.22.csv block-000@1080s reward=QoE=   86.65 pacing=0.99s eps=0.050 loss=2.7395
[ep 1827] redandblack  driving_B_2019.12.17_07.32.39.csv block-000@1020s reward=QoE=   10.27 pacing=0.00s eps=0.050 loss=3.0886
[ep 1828] soldier      driving_B_2019.12.17_07.32.39.csv block-000@1140s reward=QoE=   37.23 pacing=0.00s eps=0.050 loss=2.7913
[ep 1829] longdress    driving_B_2020.02.14_12.58.17.csv block-002@716s reward=QoE=   35.18 pacing=0.00s eps=0.050 loss=2.6422
[ep 1830] loot         driving_B_2020.02.13_13.03.24.csv block-001@1814s reward=QoE=   10.05 pacing=0.00s eps=0.050 loss=2.9810
[ep 1831] redandblack  driving_B_2020.01.16_09.56.56.csv block-001@999s reward=QoE=    3.88 pacing=0.00s eps=0.050 loss=2.8319
[ep 1832] soldier      driving_B_2020.01.16_07.26.43.csv block-000@960s reward=QoE=   -0.90 pacing=0.00s eps=0.050 loss=2.5957
[ep 1833] longdress    driving_B_2019.12.16_12.27.05.csv block-000@300s reward=QoE=   22.88 pacing=0.00s eps=0.050 loss=2.8088
[ep 1834] loot         driving_B_2020.02.13_15.02.01.csv block-000@2160s reward=QoE=   61.65 pacing=0.00s eps=0.050 loss=2.8070
[ep 1835] redandblack  driving_B_2020.02.14_12.58.17.csv block-002@656s reward=QoE=   57.92 pacing=0.00s eps=0.050 loss=2.7282
[ep 1836] soldier      static_B_2020.02.27_18.39.27.csv block-001@6132s reward=QoE=   82.56 pacing=0.00s eps=0.050 loss=2.9611
[ep 1837] longdress    driving_B_2020.01.16_07.26.43.csv block-000@1440s reward=QoE=   50.95 pacing=0.00s eps=0.050 loss=2.7228
[ep 1838] loot         driving_B_2020.01.16_09.56.56.csv block-001@1119s reward=QoE=   87.54 pacing=1.00s eps=0.050 loss=2.5673
[ep 1839] redandblack  driving_B_2020.01.16_07.26.43.csv block-000@1020s reward=QoE=    8.12 pacing=0.00s eps=0.050 loss=2.7032
[ep 1840] soldier      driving_B_2019.12.16_12.27.05.csv block-000@660s reward=QoE=  -12.59 pacing=0.00s eps=0.050 loss=2.9429
[ep 1841] longdress    driving_B_2020.02.13_15.02.01.csv block-000@1080s reward=QoE=  -16.74 pacing=0.00s eps=0.050 loss=2.8555
[ep 1842] loot         static_B_2020.02.27_18.39.27.csv block-001@4752s reward=QoE=   79.77 pacing=0.13s eps=0.050 loss=2.7479
[ep 1843] redandblack  static_B_2019.12.16_13.40.04.csv block-001@835s reward=QoE=   90.18 pacing=1.10s eps=0.050 loss=3.0054
[ep 1844] soldier      driving_B_2020.02.13_13.03.24.csv block-001@1634s reward=QoE=   28.57 pacing=0.00s eps=0.050 loss=2.6747
[ep 1845] longdress    driving_B_2020.02.27_17.30.15.csv block-002@533s reward=QoE=  -30.06 pacing=0.00s eps=0.050 loss=2.7372
[ep 1846] loot         driving_B_2020.01.16_12.10.03.csv block-000@120s reward=QoE=   92.56 pacing=1.04s eps=0.050 loss=2.6225
[ep 1847] redandblack  driving_B_2020.02.14_09.38.22.csv block-000@60s reward=QoE=   -2.43 pacing=0.00s eps=0.050 loss=2.8927
[ep 1848] soldier      driving_B_2020.01.16_09.56.56.csv block-001@819s reward=QoE=   59.49 pacing=0.00s eps=0.050 loss=2.7626
[ep 1849] longdress    driving_B_2020.01.16_12.10.03.csv block-000@180s reward=QoE=   88.13 pacing=0.00s eps=0.050 loss=2.8933
[ep 1850] loot         driving_B_2019.12.16_12.27.05.csv block-000@0s reward=QoE=   54.23 pacing=0.00s eps=0.050 loss=2.5735
[ep 1851] redandblack  driving_B_2020.01.16_09.56.56.csv block-000@300s reward=QoE=   82.20 pacing=0.00s eps=0.050 loss=2.8415
[ep 1852] soldier      static_B_2019.12.16_13.40.04.csv block-005@1886s reward=QoE=   54.15 pacing=0.00s eps=0.050 loss=2.6807
[ep 1853] longdress    static_B_2019.12.16_13.40.04.csv block-001@1135s reward=QoE=   56.44 pacing=0.00s eps=0.050 loss=2.8696
[ep 1854] loot         driving_B_2020.02.14_09.38.22.csv block-000@900s reward=QoE=  -13.85 pacing=0.00s eps=0.050 loss=3.0389
[ep 1855] redandblack  driving_B_2020.01.16_07.26.43.csv block-000@540s reward=QoE=   31.40 pacing=0.00s eps=0.050 loss=2.6903
[ep 1856] soldier      driving_B_2020.01.16_12.10.03.csv block-000@180s reward=QoE=   83.92 pacing=0.00s eps=0.050 loss=2.7101
[ep 1857] longdress    driving_B_2020.01.16_12.10.03.csv block-000@180s reward=QoE=   79.09 pacing=0.00s eps=0.050 loss=2.9123
[ep 1858] loot         driving_B_2019.12.17_07.32.39.csv block-000@900s reward=QoE=   35.81 pacing=0.00s eps=0.050 loss=2.7804
[ep 1859] redandblack  static_B_2020.02.27_18.39.27.csv block-001@5232s reward=QoE=   53.48 pacing=0.00s eps=0.050 loss=2.7064
[ep 1860] soldier      driving_B_2020.02.14_12.58.17.csv block-002@656s reward=QoE=   32.94 pacing=0.00s eps=0.050 loss=2.8515
[ep 1861] longdress    driving_B_2019.12.16_12.27.05.csv block-000@1200s reward=QoE=   33.21 pacing=0.00s eps=0.050 loss=3.0541
[ep 1862] loot         driving_B_2020.02.13_15.02.01.csv block-000@1680s reward=QoE=   24.68 pacing=0.00s eps=0.050 loss=2.8218
[ep 1863] redandblack  static_B_2019.12.16_13.40.04.csv block-005@1586s reward=QoE=  -36.17 pacing=0.00s eps=0.050 loss=2.9284
[ep 1864] soldier      driving_B_2020.02.14_12.58.17.csv block-002@536s reward=QoE=  -12.63 pacing=0.11s eps=0.050 loss=2.3583
[ep 1865] longdress    driving_B_2020.01.16_12.10.03.csv block-000@300s reward=QoE=   29.89 pacing=0.00s eps=0.050 loss=2.7122
[ep 1866] loot         driving_B_2020.01.16_07.26.43.csv block-000@1740s reward=QoE=   -8.21 pacing=0.00s eps=0.050 loss=2.7488
[ep 1867] redandblack  static_B_2020.02.14_13.21.26.csv block-000@300s reward=QoE=   55.76 pacing=0.00s eps=0.050 loss=2.4102
[ep 1868] soldier      driving_B_2020.02.27_17.30.15.csv block-002@293s reward=QoE=  -38.26 pacing=0.00s eps=0.050 loss=2.9515
[ep 1869] longdress    driving_B_2020.02.14_12.58.17.csv block-002@536s reward=QoE= -138.30 pacing=0.00s eps=0.050 loss=2.8070
[ep 1870] loot         driving_B_2020.02.27_17.30.15.csv block-002@413s reward=QoE=   22.56 pacing=0.00s eps=0.050 loss=2.8024
[ep 1871] redandblack  driving_B_2019.12.16_12.27.05.csv block-000@600s reward=QoE=    8.76 pacing=0.00s eps=0.050 loss=2.6247
[ep 1872] soldier      driving_B_2020.02.27_17.30.15.csv block-002@533s reward=QoE=  -26.57 pacing=0.00s eps=0.050 loss=2.5804
[ep 1873] longdress    static_B_2020.02.14_13.21.26.csv block-000@840s reward=QoE=   82.35 pacing=0.00s eps=0.050 loss=2.8982
[ep 1874] loot         driving_B_2020.02.14_12.58.17.csv block-002@716s reward=QoE=   37.43 pacing=0.00s eps=0.050 loss=2.9196
[ep 1875] redandblack  driving_B_2020.02.14_12.58.17.csv block-000@0s reward=QoE=   33.22 pacing=0.00s eps=0.050 loss=2.5509
[ep 1876] soldier      driving_B_2020.02.14_09.38.22.csv block-000@1380s reward=QoE=   15.57 pacing=0.00s eps=0.050 loss=2.6761
[ep 1877] longdress    driving_B_2020.02.14_12.58.17.csv block-000@0s reward=QoE=   28.60 pacing=0.00s eps=0.050 loss=2.9331
[ep 1878] loot         static_B_2020.02.14_13.21.26.csv block-000@360s reward=QoE=   82.83 pacing=0.00s eps=0.050 loss=2.5844
[ep 1879] redandblack  driving_B_2020.01.16_09.56.56.csv block-001@879s reward=QoE=   64.43 pacing=0.00s eps=0.050 loss=2.5492
[ep 1880] soldier      driving_B_2020.02.14_09.38.22.csv block-000@480s reward=QoE=   16.22 pacing=0.00s eps=0.050 loss=2.8268
[ep 1881] longdress    driving_B_2020.01.16_12.10.03.csv block-000@180s reward=QoE=   77.34 pacing=0.00s eps=0.050 loss=2.6600
[ep 1882] loot         driving_B_2020.01.16_12.10.03.csv block-000@60s reward=QoE=   60.98 pacing=0.00s eps=0.050 loss=2.5656
[ep 1883] redandblack  static_B_2020.02.27_18.39.27.csv block-001@4632s reward=QoE=   87.54 pacing=0.04s eps=0.050 loss=2.7982
[ep 1884] soldier      driving_B_2020.01.16_07.26.43.csv block-000@0s reward=QoE=    1.84 pacing=0.00s eps=0.050 loss=2.7436
[ep 1885] longdress    static_B_2019.12.16_13.40.04.csv block-001@895s reward=QoE=   56.43 pacing=0.00s eps=0.050 loss=2.7845
[ep 1886] loot         driving_B_2020.02.13_13.03.24.csv block-001@914s reward=QoE=    7.10 pacing=0.00s eps=0.050 loss=2.9450
[ep 1887] redandblack  driving_B_2020.01.16_09.56.56.csv block-001@1719s reward=QoE=   59.75 pacing=0.00s eps=0.050 loss=2.6493
[ep 1888] soldier      driving_B_2020.02.13_13.03.24.csv block-000@0s reward=QoE=   -4.07 pacing=0.00s eps=0.050 loss=2.8833
[ep 1889] longdress    driving_B_2020.01.16_07.26.43.csv block-000@1080s reward=QoE=   33.20 pacing=0.00s eps=0.050 loss=2.5952
[ep 1890] loot         driving_B_2019.12.16_12.27.05.csv block-000@480s reward=QoE=    8.51 pacing=0.00s eps=0.050 loss=2.6707
[ep 1891] redandblack  driving_B_2020.02.27_17.30.15.csv block-002@533s reward=QoE=  -45.06 pacing=0.00s eps=0.050 loss=2.8390
[ep 1892] soldier      driving_B_2020.01.16_12.10.03.csv block-000@240s reward=QoE=   86.43 pacing=0.00s eps=0.050 loss=2.9005
[ep 1893] longdress    driving_B_2019.12.17_07.32.39.csv block-000@1260s reward=QoE=   10.99 pacing=0.00s eps=0.050 loss=2.7073
[ep 1894] loot         driving_B_2020.02.14_12.58.17.csv block-000@0s reward=QoE=   23.75 pacing=0.00s eps=0.050 loss=2.7911
[ep 1895] redandblack  static_B_2019.12.16_13.40.04.csv block-005@1766s reward=QoE=   82.19 pacing=0.47s eps=0.050 loss=2.5078
[ep 1896] soldier      driving_B_2020.02.14_09.38.22.csv block-000@1020s reward=QoE=   86.43 pacing=0.00s eps=0.050 loss=2.8709
[ep 1897] longdress    driving_B_2020.02.27_17.30.15.csv block-002@413s reward=QoE=   26.66 pacing=0.00s eps=0.050 loss=2.8620
[ep 1898] loot         driving_B_2020.02.14_12.58.17.csv block-002@656s reward=QoE=   57.91 pacing=0.00s eps=0.050 loss=2.7486
[ep 1899] redandblack  driving_B_2019.12.16_12.27.05.csv block-000@240s reward=QoE=   39.95 pacing=0.00s eps=0.050 loss=2.5659
[ep 1900] soldier      driving_B_2020.01.16_07.26.43.csv block-000@1500s reward=QoE=   15.52 pacing=0.00s eps=0.050 loss=2.8366
[ep 1901] longdress    static_B_2020.02.14_13.21.26.csv block-000@420s reward=QoE=   77.40 pacing=0.00s eps=0.050 loss=2.7998
[ep 1902] loot         static_B_2019.12.16_13.40.04.csv block-000@180s reward=QoE=   69.43 pacing=0.00s eps=0.050 loss=2.6207
[ep 1903] redandblack  driving_B_2020.02.13_15.02.01.csv block-000@1260s reward=QoE=   40.97 pacing=0.00s eps=0.050 loss=2.7784
[ep 1904] soldier      driving_B_2019.12.17_07.32.39.csv block-003@1534s reward=QoE=   50.76 pacing=0.00s eps=0.050 loss=2.7405
[ep 1905] longdress    driving_B_2020.02.13_13.03.24.csv block-001@1994s reward=QoE=   61.78 pacing=0.00s eps=0.050 loss=2.4102
[ep 1906] loot         driving_B_2020.02.13_15.02.01.csv block-000@360s reward=QoE=   64.11 pacing=0.00s eps=0.050 loss=2.6875
[ep 1907] redandblack  driving_B_2020.02.14_09.38.22.csv block-000@240s reward=QoE=  -10.92 pacing=0.00s eps=0.050 loss=2.8410
[ep 1908] soldier      driving_B_2020.01.16_12.10.03.csv block-000@300s reward=QoE=   41.96 pacing=0.00s eps=0.050 loss=2.8882
[ep 1909] longdress    driving_B_2020.02.13_13.03.24.csv block-007@2290s reward=QoE= -110.29 pacing=0.00s eps=0.050 loss=2.7028
[ep 1910] loot         driving_B_2020.02.14_12.58.17.csv block-002@596s reward=QoE=    6.80 pacing=0.00s eps=0.050 loss=2.9402
[ep 1911] redandblack  driving_B_2020.01.16_07.26.43.csv block-000@1320s reward=QoE=   33.24 pacing=0.00s eps=0.050 loss=2.8376
[ep 1912] soldier      static_B_2020.02.27_18.39.27.csv block-001@5412s reward=QoE=   60.37 pacing=0.00s eps=0.050 loss=2.4843
[ep 1913] longdress    driving_B_2020.02.13_13.03.24.csv block-000@300s reward=QoE=   32.58 pacing=0.00s eps=0.050 loss=2.5944
[ep 1914] loot         driving_B_2020.02.27_17.30.15.csv block-002@293s reward=QoE=  -25.43 pacing=0.00s eps=0.050 loss=3.0193
[ep 1915] redandblack  driving_B_2020.01.16_12.10.03.csv block-000@240s reward=QoE=   88.78 pacing=0.67s eps=0.050 loss=2.5151
[ep 1916] soldier      driving_B_2019.12.17_07.32.39.csv block-000@120s reward=QoE=   33.28 pacing=0.00s eps=0.050 loss=2.6563
[ep 1917] longdress    driving_B_2020.01.16_07.26.43.csv block-000@900s reward=QoE=   50.55 pacing=0.00s eps=0.050 loss=2.5578
[ep 1918] loot         static_B_2019.12.16_13.40.04.csv block-001@595s reward=QoE=   90.33 pacing=0.00s eps=0.050 loss=2.7734
[ep 1919] redandblack  driving_B_2020.02.13_15.02.01.csv block-000@420s reward=QoE=   85.90 pacing=0.95s eps=0.050 loss=2.6633
[ep 1920] soldier      driving_B_2020.02.14_12.58.17.csv block-002@716s reward=QoE=   24.08 pacing=0.00s eps=0.050 loss=2.7670
[ep 1921] longdress    driving_B_2019.12.17_07.32.39.csv block-000@1380s reward=QoE=   48.15 pacing=0.00s eps=0.050 loss=2.5223
[ep 1922] loot         static_B_2020.02.14_13.21.26.csv block-000@540s reward=QoE=   90.21 pacing=0.00s eps=0.050 loss=2.7855
[ep 1923] redandblack  driving_B_2019.12.17_07.32.39.csv block-003@1954s reward=QoE=   16.23 pacing=0.00s eps=0.050 loss=2.4482
[ep 1924] soldier      driving_B_2020.02.13_15.02.01.csv block-000@240s reward=QoE=   73.94 pacing=0.00s eps=0.050 loss=2.5788
[ep 1925] longdress    driving_B_2020.02.27_17.30.15.csv block-002@353s reward=QoE=  -10.15 pacing=0.00s eps=0.050 loss=2.7775
[ep 1926] loot         driving_B_2020.02.27_17.30.15.csv block-002@353s reward=QoE=  -27.84 pacing=0.00s eps=0.050 loss=2.5866
[ep 1927] redandblack  driving_B_2019.12.17_07.32.39.csv block-000@420s reward=QoE=   44.38 pacing=0.00s eps=0.050 loss=2.7416
[ep 1928] soldier      driving_B_2019.12.17_07.32.39.csv block-004@2477s reward=QoE=   51.77 pacing=0.00s eps=0.050 loss=2.6469
[ep 1929] longdress    static_B_2020.02.14_13.21.26.csv block-000@660s reward=QoE=   88.75 pacing=0.00s eps=0.050 loss=2.8694
[ep 1930] loot         static_B_2019.12.16_13.40.04.csv block-006@2232s reward=QoE=   91.21 pacing=1.04s eps=0.050 loss=2.6116
[ep 1931] redandblack  driving_B_2020.02.14_09.38.22.csv block-000@0s reward=QoE=   15.56 pacing=0.00s eps=0.050 loss=2.8303
[ep 1932] soldier      driving_B_2020.02.14_09.38.22.csv block-000@360s reward=QoE=    8.96 pacing=0.00s eps=0.050 loss=2.9800
[ep 1933] longdress    driving_B_2020.02.13_13.03.24.csv block-001@1574s reward=QoE=   29.39 pacing=0.00s eps=0.050 loss=3.0590
[ep 1934] loot         driving_B_2020.02.13_13.03.24.csv block-001@1034s reward=QoE=   21.41 pacing=0.00s eps=0.050 loss=2.7303
[ep 1935] redandblack  driving_B_2019.12.16_12.27.05.csv block-000@240s reward=QoE=   27.37 pacing=0.00s eps=0.050 loss=2.8429
[ep 1936] soldier      driving_B_2020.02.14_12.58.17.csv block-002@536s reward=QoE= -135.79 pacing=0.00s eps=0.050 loss=2.5837
[ep 1937] longdress    driving_B_2020.02.27_17.30.15.csv block-002@413s reward=QoE=   10.26 pacing=0.00s eps=0.050 loss=2.6627
[ep 1938] loot         driving_B_2020.02.14_09.38.22.csv block-000@540s reward=QoE=   31.66 pacing=0.00s eps=0.050 loss=2.7580
[ep 1939] redandblack  driving_B_2020.02.14_09.38.22.csv block-000@1560s reward=QoE=   55.02 pacing=0.00s eps=0.050 loss=2.6870
[ep 1940] soldier      driving_B_2019.12.17_07.32.39.csv block-000@1200s reward=QoE=   78.77 pacing=0.00s eps=0.050 loss=2.7741
[ep 1941] longdress    static_B_2019.12.16_13.40.04.csv block-001@715s reward=QoE=   46.97 pacing=0.00s eps=0.050 loss=2.6403
[ep 1942] loot         driving_B_2020.02.14_09.38.22.csv block-000@1500s reward=QoE=   11.14 pacing=0.00s eps=0.050 loss=2.5967
[ep 1943] redandblack  driving_B_2020.02.27_17.30.15.csv block-002@353s reward=QoE=    4.47 pacing=0.00s eps=0.050 loss=2.9143
[ep 1944] soldier      driving_B_2020.01.16_07.26.43.csv block-000@1200s reward=QoE=   50.97 pacing=0.00s eps=0.050 loss=2.7273
[ep 1945] longdress    static_B_2019.12.16_13.40.04.csv block-005@1826s reward=QoE=   64.06 pacing=0.00s eps=0.050 loss=2.6272
[ep 1946] loot         driving_B_2020.01.16_12.10.03.csv block-000@0s reward=QoE=   81.62 pacing=1.54s eps=0.050 loss=2.8304
[ep 1947] redandblack  driving_B_2020.01.16_07.26.43.csv block-000@1800s reward=QoE=   43.92 pacing=0.00s eps=0.050 loss=2.8793
[ep 1948] soldier      driving_B_2020.01.16_07.26.43.csv block-000@600s reward=QoE=   29.07 pacing=0.00s eps=0.050 loss=2.7429
[ep 1949] longdress    driving_B_2020.02.13_13.03.24.csv block-000@240s reward=QoE=   22.47 pacing=0.00s eps=0.050 loss=2.7871
[ep 1950] loot         static_B_2020.02.27_18.39.27.csv block-001@3852s reward=QoE=   91.24 pacing=1.17s eps=0.050 loss=2.5745
[ep 1951] redandblack  static_B_2020.02.27_18.39.27.csv block-001@3732s reward=QoE=   84.18 pacing=0.00s eps=0.050 loss=2.6820
[ep 1952] soldier      driving_B_2020.02.14_09.38.22.csv block-000@1320s reward=QoE=   -1.55 pacing=0.00s eps=0.050 loss=2.5692
[ep 1953] longdress    driving_B_2019.12.16_12.27.05.csv block-000@600s reward=QoE=  -15.27 pacing=0.00s eps=0.050 loss=2.7368
[ep 1954] loot         driving_B_2019.12.16_12.27.05.csv block-000@120s reward=QoE=   58.45 pacing=0.00s eps=0.050 loss=2.6815
[ep 1955] redandblack  driving_B_2020.01.16_07.26.43.csv block-000@1860s reward=QoE=   28.64 pacing=0.00s eps=0.050 loss=2.6782
[ep 1956] soldier      driving_B_2020.01.16_09.56.56.csv block-001@1659s reward=QoE=   88.50 pacing=0.43s eps=0.050 loss=2.7339
[ep 1957] longdress    driving_B_2020.02.13_13.03.24.csv block-000@660s reward=QoE=   27.58 pacing=0.00s eps=0.050 loss=2.6102
[ep 1958] loot         static_B_2019.12.16_13.40.04.csv block-006@2172s reward=QoE=   81.35 pacing=1.59s eps=0.050 loss=2.6513
[ep 1959] redandblack  static_B_2020.02.14_13.21.26.csv block-000@1080s reward=QoE=   81.96 pacing=0.00s eps=0.050 loss=2.9368
[ep 1960] soldier      driving_B_2020.02.14_09.38.22.csv block-000@840s reward=QoE=    1.24 pacing=0.00s eps=0.050 loss=2.6746
[ep 1961] longdress    static_B_2019.12.16_13.40.04.csv block-005@1526s reward=QoE=   57.53 pacing=0.00s eps=0.050 loss=2.7730
[ep 1962] loot         driving_B_2020.02.27_17.30.15.csv block-002@473s reward=QoE=  -84.64 pacing=0.00s eps=0.050 loss=2.8109
[ep 1963] redandblack  driving_B_2020.02.27_17.30.15.csv block-002@353s reward=QoE=  -18.18 pacing=0.00s eps=0.050 loss=2.8636
[ep 1964] soldier      driving_B_2019.12.17_07.32.39.csv block-000@540s reward=QoE=    8.55 pacing=0.00s eps=0.050 loss=2.7095
[ep 1965] longdress    driving_B_2020.01.16_07.26.43.csv block-000@240s reward=QoE=   36.23 pacing=0.00s eps=0.050 loss=2.6987
[ep 1966] loot         driving_B_2019.12.17_07.32.39.csv block-000@360s reward=QoE=   49.50 pacing=0.00s eps=0.050 loss=2.4844
[ep 1967] redandblack  driving_B_2020.02.27_17.30.15.csv block-002@293s reward=QoE=  -52.73 pacing=0.00s eps=0.050 loss=2.7522
[ep 1968] soldier      driving_B_2020.02.13_15.02.01.csv block-000@2640s reward=QoE=  -34.61 pacing=0.00s eps=0.050 loss=2.6501
[ep 1969] longdress    static_B_2019.12.16_13.40.04.csv block-000@300s reward=QoE=   24.89 pacing=0.00s eps=0.050 loss=2.7791
[ep 1970] loot         static_B_2019.12.16_13.40.04.csv block-001@655s reward=QoE=   63.78 pacing=0.00s eps=0.050 loss=2.8536
[ep 1971] redandblack  driving_B_2020.01.16_12.10.03.csv block-000@0s reward=QoE=   71.41 pacing=1.30s eps=0.050 loss=2.4528
[ep 1972] soldier      driving_B_2019.12.16_12.27.05.csv block-000@1080s reward=QoE=   77.58 pacing=0.00s eps=0.050 loss=2.6880
[ep 1973] longdress    driving_B_2020.01.16_07.26.43.csv block-000@720s reward=QoE=   18.03 pacing=0.00s eps=0.050 loss=2.4597
[ep 1974] loot         driving_B_2019.12.17_07.32.39.csv block-000@720s reward=QoE=   27.46 pacing=0.00s eps=0.050 loss=2.5253
[ep 1975] redandblack  static_B_2020.02.14_13.21.26.csv block-000@0s reward=QoE=   50.05 pacing=0.00s eps=0.050 loss=2.6743
[ep 1976] soldier      driving_B_2020.02.13_15.02.01.csv block-000@1500s reward=QoE=   -1.99 pacing=0.00s eps=0.050 loss=2.5924
[ep 1977] longdress    driving_B_2020.02.14_12.58.17.csv block-002@716s reward=QoE=   15.91 pacing=0.00s eps=0.050 loss=2.9469
[ep 1978] loot         static_B_2020.02.27_18.39.27.csv block-001@2592s reward=QoE=   70.13 pacing=0.00s eps=0.050 loss=2.4344
[ep 1979] redandblack  static_B_2020.02.27_18.39.27.csv block-001@192s reward=QoE=   90.78 pacing=0.49s eps=0.050 loss=2.6345
[ep 1980] soldier      driving_B_2019.12.17_07.32.39.csv block-004@2357s reward=QoE=  -22.67 pacing=0.00s eps=0.050 loss=2.5151
[ep 1981] longdress    static_B_2019.12.16_13.40.04.csv block-000@0s reward=QoE=   64.78 pacing=0.00s eps=0.050 loss=2.6479
[ep 1982] loot         driving_B_2019.12.17_07.32.39.csv block-003@1654s reward=QoE=   21.87 pacing=0.00s eps=0.050 loss=2.7201
[ep 1983] redandblack  static_B_2020.02.27_18.39.27.csv block-001@2952s reward=QoE=   72.18 pacing=0.00s eps=0.050 loss=2.5696
[ep 1984] soldier      static_B_2020.02.27_18.39.27.csv block-001@2292s reward=QoE=   57.95 pacing=0.00s eps=0.050 loss=2.4593
[ep 1985] longdress    driving_B_2020.01.16_09.56.56.csv block-001@519s reward=QoE=   27.20 pacing=0.00s eps=0.050 loss=3.0862
[ep 1986] loot         driving_B_2019.12.17_07.32.39.csv block-000@600s reward=QoE=   51.58 pacing=0.00s eps=0.050 loss=2.5774
[ep 1987] redandblack  driving_B_2020.01.16_12.10.03.csv block-000@120s reward=QoE=   89.65 pacing=0.85s eps=0.050 loss=2.5079
[ep 1988] soldier      driving_B_2020.02.14_12.58.17.csv block-002@596s reward=QoE=   20.41 pacing=0.00s eps=0.050 loss=2.7485
[ep 1989] longdress    driving_B_2020.01.16_07.26.43.csv block-000@1560s reward=QoE=   34.78 pacing=0.00s eps=0.050 loss=2.7566
[ep 1990] loot         driving_B_2020.02.13_13.03.24.csv block-000@120s reward=QoE=   14.69 pacing=0.00s eps=0.050 loss=2.6117
[ep 1991] redandblack  driving_B_2019.12.16_12.27.05.csv block-000@660s reward=QoE=  -32.19 pacing=0.00s eps=0.050 loss=2.6481
[ep 1992] soldier      driving_B_2020.02.13_13.03.24.csv block-001@1514s reward=QoE=   15.92 pacing=0.00s eps=0.050 loss=2.5222
[ep 1993] longdress    driving_B_2019.12.17_07.32.39.csv block-000@1320s reward=QoE=   36.23 pacing=0.00s eps=0.050 loss=2.6538
[ep 1994] loot         static_B_2020.02.14_13.21.26.csv block-000@780s reward=QoE=   74.41 pacing=0.37s eps=0.050 loss=2.5391
[ep 1995] redandblack  driving_B_2019.12.16_12.27.05.csv block-000@60s reward=QoE=   36.81 pacing=0.00s eps=0.050 loss=2.9379
[ep 1996] soldier      static_B_2020.02.14_13.21.26.csv block-000@240s reward=QoE=   87.09 pacing=0.48s eps=0.050 loss=2.4972
[ep 1997] longdress    static_B_2020.02.14_13.21.26.csv block-000@660s reward=QoE=   88.72 pacing=0.00s eps=0.050 loss=2.9985
[ep 1998] loot         driving_B_2020.02.27_17.30.15.csv block-002@473s reward=QoE= -170.49 pacing=0.00s eps=0.050 loss=2.8628
[ep 1999] redandblack  driving_B_2020.02.13_15.02.01.csv block-000@480s reward=QoE=   73.37 pacing=0.00s eps=0.050 loss=2.6125
[ep 2000] soldier      driving_B_2019.12.16_12.27.05.csv block-000@1260s reward=QoE=   90.21 pacing=0.00s eps=0.050 loss=2.6885
    [eval @ ep 2000] reward=QoE=46.77 mean_q=0.588 stall=0.6s
[ep 2001] longdress    driving_B_2020.01.16_09.56.56.csv block-001@579s reward=QoE=   54.66 pacing=0.00s eps=0.050 loss=2.7763
[ep 2002] loot         driving_B_2020.02.13_15.02.01.csv block-000@2820s reward=QoE=   73.92 pacing=0.00s eps=0.050 loss=2.4196
[ep 2003] redandblack  static_B_2020.02.27_18.39.27.csv block-001@3792s reward=QoE=   84.37 pacing=0.57s eps=0.050 loss=3.3337
[ep 2004] soldier      driving_B_2020.02.14_09.38.22.csv block-000@240s reward=QoE=  -44.59 pacing=0.00s eps=0.050 loss=3.0401
[ep 2005] longdress    driving_B_2020.01.16_09.56.56.csv block-000@360s reward=QoE=   54.91 pacing=0.00s eps=0.050 loss=3.0116
[ep 2006] loot         static_B_2020.02.14_13.21.26.csv block-000@780s reward=QoE=   78.56 pacing=0.55s eps=0.050 loss=2.9607
[ep 2007] redandblack  driving_B_2020.02.14_09.38.22.csv block-000@780s reward=QoE=   86.39 pacing=0.00s eps=0.050 loss=2.9187
[ep 2008] soldier      static_B_2020.02.14_13.21.26.csv block-000@720s reward=QoE=   79.85 pacing=0.00s eps=0.050 loss=2.9525
[ep 2009] longdress    driving_B_2020.01.16_09.56.56.csv block-001@699s reward=QoE=   81.85 pacing=1.13s eps=0.050 loss=2.8703
[ep 2010] loot         driving_B_2020.02.14_12.58.17.csv block-002@596s reward=QoE=   11.68 pacing=0.00s eps=0.050 loss=2.8518
[ep 2011] redandblack  static_B_2020.02.14_13.21.26.csv block-000@540s reward=QoE=   89.16 pacing=0.00s eps=0.050 loss=3.4261
[ep 2012] soldier      driving_B_2019.12.17_07.32.39.csv block-000@60s reward=QoE=   36.07 pacing=0.00s eps=0.050 loss=3.3033
[ep 2013] longdress    driving_B_2020.01.16_07.26.43.csv block-000@180s reward=QoE= -190.63 pacing=0.00s eps=0.050 loss=2.9179
[ep 2014] loot         static_B_2020.02.14_13.21.26.csv block-000@1020s reward=QoE=   92.56 pacing=0.94s eps=0.050 loss=2.9499
[ep 2015] redandblack  driving_B_2020.01.16_09.56.56.csv block-001@1179s reward=QoE=   23.44 pacing=0.00s eps=0.050 loss=2.8753
[ep 2016] soldier      static_B_2020.02.27_18.39.27.csv block-001@3072s reward=QoE=   74.81 pacing=0.00s eps=0.050 loss=2.7854
[ep 2017] longdress    driving_B_2020.02.13_13.03.24.csv block-001@1334s reward=QoE=   19.16 pacing=0.00s eps=0.050 loss=2.8443
[ep 2018] loot         static_B_2019.12.16_13.40.04.csv block-000@120s reward=QoE=   93.10 pacing=0.00s eps=0.050 loss=2.8713
[ep 2019] redandblack  driving_B_2020.02.13_15.02.01.csv block-000@2700s reward=QoE=  -66.66 pacing=0.00s eps=0.050 loss=3.1681
[ep 2020] soldier      driving_B_2020.01.16_12.10.03.csv block-000@60s reward=QoE=   52.74 pacing=0.00s eps=0.050 loss=2.8464
[ep 2021] longdress    driving_B_2020.02.27_17.30.15.csv block-002@533s reward=QoE=  -62.81 pacing=0.00s eps=0.050 loss=2.6806
[ep 2022] loot         driving_B_2020.01.16_12.10.03.csv block-000@120s reward=QoE=   87.52 pacing=1.18s eps=0.050 loss=2.7999
[ep 2023] redandblack  driving_B_2020.01.16_12.10.03.csv block-000@240s reward=QoE=   82.64 pacing=0.81s eps=0.050 loss=2.6799
[ep 2024] soldier      static_B_2020.02.27_18.39.27.csv block-001@1872s reward=QoE=   48.02 pacing=0.00s eps=0.050 loss=3.0079
[ep 2025] longdress    static_B_2020.02.27_18.39.27.csv block-001@1392s reward=QoE=   52.69 pacing=0.00s eps=0.050 loss=2.9157
[ep 2026] loot         driving_B_2020.02.27_17.30.15.csv block-002@293s reward=QoE=  -37.49 pacing=0.00s eps=0.050 loss=2.9614
[ep 2027] redandblack  driving_B_2020.02.13_15.02.01.csv block-000@0s reward=QoE=   87.54 pacing=0.00s eps=0.050 loss=3.0705
[ep 2028] soldier      driving_B_2020.02.13_13.03.24.csv block-000@540s reward=QoE=   27.71 pacing=0.00s eps=0.050 loss=2.7023
[ep 2029] longdress    driving_B_2020.02.14_09.38.22.csv block-000@1500s reward=QoE=   -1.33 pacing=0.00s eps=0.050 loss=3.2813
[ep 2030] loot         driving_B_2020.01.16_07.26.43.csv block-000@120s reward=QoE=   44.30 pacing=0.00s eps=0.050 loss=2.9300
[ep 2031] redandblack  static_B_2020.02.14_13.21.26.csv block-000@120s reward=QoE=   82.34 pacing=1.28s eps=0.050 loss=2.9040
[ep 2032] soldier      driving_B_2020.01.16_12.10.03.csv block-000@60s reward=QoE=   56.69 pacing=0.00s eps=0.050 loss=3.0581
[ep 2033] longdress    driving_B_2020.01.16_09.56.56.csv block-001@1059s reward=QoE=   34.56 pacing=0.00s eps=0.050 loss=3.1407
[ep 2034] loot         static_B_2020.02.14_13.21.26.csv block-000@240s reward=QoE=   87.23 pacing=1.05s eps=0.050 loss=2.8670
[ep 2035] redandblack  driving_B_2019.12.16_12.27.05.csv block-000@960s reward=QoE=   91.20 pacing=0.00s eps=0.050 loss=3.0198
[ep 2036] soldier      driving_B_2020.02.14_09.38.22.csv block-000@420s reward=QoE=  -16.08 pacing=0.00s eps=0.050 loss=2.7020
[ep 2037] longdress    driving_B_2020.02.14_12.58.17.csv block-002@596s reward=QoE=  -25.16 pacing=0.00s eps=0.050 loss=3.1848
[ep 2038] loot         driving_B_2020.01.16_09.56.56.csv block-001@999s reward=QoE=   12.65 pacing=0.00s eps=0.050 loss=2.8699
[ep 2039] redandblack  driving_B_2019.12.17_07.32.39.csv block-004@2237s reward=QoE=   21.68 pacing=0.00s eps=0.050 loss=3.0981
[ep 2040] soldier      driving_B_2020.02.13_13.03.24.csv block-001@1274s reward=QoE=   -5.19 pacing=0.00s eps=0.050 loss=3.0352
[ep 2041] longdress    driving_B_2020.02.14_09.38.22.csv block-000@1200s reward=QoE=  -12.42 pacing=0.00s eps=0.050 loss=3.0308
[ep 2042] loot         static_B_2020.02.27_18.39.27.csv block-001@5592s reward=QoE=   44.20 pacing=0.00s eps=0.050 loss=2.7851
[ep 2043] redandblack  driving_B_2020.02.27_17.30.15.csv block-002@413s reward=QoE=  -32.59 pacing=0.00s eps=0.050 loss=3.0050
[ep 2044] soldier      driving_B_2019.12.16_12.27.05.csv block-000@360s reward=QoE=   25.86 pacing=0.00s eps=0.050 loss=2.6506
[ep 2045] longdress    driving_B_2020.01.16_07.26.43.csv block-000@840s reward=QoE=   54.64 pacing=0.00s eps=0.050 loss=3.1403
[ep 2046] loot         static_B_2020.02.14_13.21.26.csv block-000@600s reward=QoE=   84.59 pacing=1.33s eps=0.050 loss=3.0030
[ep 2047] redandblack  driving_B_2020.01.16_09.56.56.csv block-001@1479s reward=QoE=   53.68 pacing=0.00s eps=0.050 loss=2.9474
[ep 2048] soldier      driving_B_2020.02.27_17.30.15.csv block-002@353s reward=QoE=  -32.90 pacing=0.00s eps=0.050 loss=2.8870
[ep 2049] longdress    static_B_2019.12.16_13.40.04.csv block-005@1406s reward=QoE=   56.12 pacing=0.00s eps=0.050 loss=2.7659
[ep 2050] loot         driving_B_2019.12.16_12.27.05.csv block-000@720s reward=QoE=   -4.47 pacing=0.00s eps=0.050 loss=3.0395
[ep 2051] redandblack  driving_B_2020.02.14_09.38.22.csv block-000@300s reward=QoE=  -19.50 pacing=0.00s eps=0.050 loss=3.0290
[ep 2052] soldier      static_B_2019.12.16_13.40.04.csv block-000@360s reward=QoE=   38.77 pacing=0.00s eps=0.050 loss=2.9403
[ep 2053] longdress    driving_B_2020.02.13_15.02.01.csv block-000@720s reward=QoE=   39.03 pacing=0.00s eps=0.050 loss=2.8037
[ep 2054] loot         static_B_2020.02.27_18.39.27.csv block-001@4932s reward=QoE=   66.82 pacing=0.00s eps=0.050 loss=2.9643
[ep 2055] redandblack  driving_B_2020.02.13_13.03.24.csv block-000@360s reward=QoE=   28.94 pacing=0.00s eps=0.050 loss=2.9233
[ep 2056] soldier      driving_B_2019.12.17_07.32.39.csv block-003@1714s reward=QoE=    8.02 pacing=0.00s eps=0.050 loss=2.9133
[ep 2057] longdress    driving_B_2020.02.13_13.03.24.csv block-001@1214s reward=QoE=   31.03 pacing=0.00s eps=0.050 loss=2.9053
[ep 2058] loot         static_B_2019.12.16_13.40.04.csv block-000@240s reward=QoE=   62.71 pacing=0.00s eps=0.050 loss=3.1274
[ep 2059] redandblack  static_B_2020.02.27_18.39.27.csv block-001@792s reward=QoE=   87.70 pacing=0.56s eps=0.050 loss=2.8894
[ep 2060] soldier      driving_B_2020.02.13_13.03.24.csv block-000@420s reward=QoE=   -7.86 pacing=0.00s eps=0.050 loss=2.9607
[ep 2061] longdress    driving_B_2019.12.16_12.27.05.csv block-000@1140s reward=QoE=   49.35 pacing=0.00s eps=0.050 loss=3.0225
[ep 2062] loot         static_B_2020.02.27_18.39.27.csv block-001@2052s reward=QoE= -274.37 pacing=0.00s eps=0.050 loss=2.9079
[ep 2063] redandblack  driving_B_2020.01.16_09.56.56.csv block-001@1059s reward=QoE=   24.24 pacing=0.00s eps=0.050 loss=2.7439
[ep 2064] soldier      driving_B_2020.02.14_09.38.22.csv block-000@660s reward=QoE=   22.08 pacing=0.00s eps=0.050 loss=2.6600
[ep 2065] longdress    driving_B_2020.01.16_12.10.03.csv block-000@0s reward=QoE=   79.64 pacing=0.29s eps=0.050 loss=2.8703
[ep 2066] loot         static_B_2020.02.14_13.21.26.csv block-000@480s reward=QoE=   91.23 pacing=1.05s eps=0.050 loss=2.7894
[ep 2067] redandblack  driving_B_2020.02.14_12.58.17.csv block-002@536s reward=QoE=  -30.10 pacing=0.00s eps=0.050 loss=2.8110
[ep 2068] soldier      driving_B_2020.01.16_07.26.43.csv block-000@480s reward=QoE=  -23.90 pacing=0.00s eps=0.050 loss=2.8007
[ep 2069] longdress    driving_B_2020.01.16_12.10.03.csv block-000@240s reward=QoE=   89.81 pacing=0.00s eps=0.050 loss=2.9706
[ep 2070] loot         static_B_2020.02.14_13.21.26.csv block-000@1020s reward=QoE=   90.61 pacing=1.12s eps=0.050 loss=2.8438
[ep 2071] redandblack  driving_B_2020.02.14_09.38.22.csv block-000@300s reward=QoE=   -1.76 pacing=0.00s eps=0.050 loss=2.9124
[ep 2072] soldier      driving_B_2020.02.13_15.02.01.csv block-000@2580s reward=QoE=  -38.10 pacing=0.00s eps=0.050 loss=2.6169
[ep 2073] longdress    driving_B_2019.12.16_12.27.05.csv block-000@1080s reward=QoE=   72.18 pacing=0.00s eps=0.050 loss=2.5428
[ep 2074] loot         static_B_2020.02.14_13.21.26.csv block-000@480s reward=QoE=   89.98 pacing=1.12s eps=0.050 loss=2.7345
[ep 2075] redandblack  driving_B_2020.02.27_17.30.15.csv block-002@473s reward=QoE= -182.01 pacing=0.00s eps=0.050 loss=2.7169
[ep 2076] soldier      driving_B_2020.02.13_13.03.24.csv block-001@1394s reward=QoE=   22.04 pacing=0.00s eps=0.050 loss=2.8595
[ep 2077] longdress    driving_B_2020.02.13_15.02.01.csv block-000@1380s reward=QoE=   58.86 pacing=0.00s eps=0.050 loss=3.0184
[ep 2078] loot         static_B_2019.12.16_13.40.04.csv block-000@60s reward=QoE=   57.21 pacing=0.00s eps=0.050 loss=2.7952
[ep 2079] redandblack  static_B_2020.02.27_18.39.27.csv block-001@3552s reward=QoE=   42.26 pacing=0.00s eps=0.050 loss=2.8800
[ep 2080] soldier      driving_B_2020.01.16_09.56.56.csv block-000@120s reward=QoE=  -10.80 pacing=0.00s eps=0.050 loss=2.8586
[ep 2081] loot         driving_B_2020.02.13_13.03.24.csv block-000@480s reward=QoE=   15.72 pacing=0.00s eps=0.050 loss=3.0971
[ep 2082] redandblack  static_B_2020.02.27_18.39.27.csv block-001@4392s reward=QoE=   46.67 pacing=0.00s eps=0.050 loss=2.7978
[ep 2083] soldier      driving_B_2020.01.16_12.10.03.csv block-000@0s reward=QoE=   85.01 pacing=0.64s eps=0.050 loss=3.0287
[ep 2084] longdress    static_B_2020.02.14_13.21.26.csv block-000@540s reward=QoE=   88.22 pacing=0.00s eps=0.050 loss=2.7302
[ep 2085] loot         driving_B_2020.01.16_07.26.43.csv block-000@660s reward=QoE=   32.87 pacing=0.00s eps=0.050 loss=2.9825
[ep 2086] redandblack  static_B_2019.12.16_13.40.04.csv block-000@0s reward=QoE=   66.45 pacing=0.00s eps=0.050 loss=2.8876
[ep 2087] soldier      driving_B_2020.02.13_13.03.24.csv block-001@1034s reward=QoE=   11.83 pacing=0.00s eps=0.050 loss=2.7056
[ep 2088] longdress    driving_B_2020.02.27_17.30.15.csv block-002@353s reward=QoE=  -23.92 pacing=0.00s eps=0.050 loss=2.8461
[ep 2089] loot         driving_B_2020.02.14_12.58.17.csv block-002@596s reward=QoE=    4.85 pacing=0.00s eps=0.050 loss=2.7944
[ep 2090] redandblack  driving_B_2020.02.13_15.02.01.csv block-000@2340s reward=QoE=   28.40 pacing=0.00s eps=0.050 loss=3.0331
[ep 2091] soldier      static_B_2019.12.16_13.40.04.csv block-001@595s reward=QoE=   84.28 pacing=0.00s eps=0.050 loss=2.8929
[ep 2092] longdress    static_B_2019.12.16_13.40.04.csv block-005@1886s reward=QoE=   59.86 pacing=0.00s eps=0.050 loss=2.7451
[ep 2093] loot         driving_B_2020.02.13_15.02.01.csv block-000@2880s reward=QoE=   75.45 pacing=0.00s eps=0.050 loss=2.8143
[ep 2094] redandblack  driving_B_2019.12.17_07.32.39.csv block-000@720s reward=QoE=   18.66 pacing=0.00s eps=0.050 loss=2.9277
[ep 2095] soldier      driving_B_2019.12.16_12.27.05.csv block-000@60s reward=QoE=    7.58 pacing=0.00s eps=0.050 loss=2.8174
[ep 2096] longdress    driving_B_2020.02.27_17.30.15.csv block-002@413s reward=QoE=   18.48 pacing=0.00s eps=0.050 loss=2.8908
[ep 2097] loot         static_B_2020.02.14_13.21.26.csv block-000@300s reward=QoE=   57.58 pacing=0.00s eps=0.050 loss=2.8949
[ep 2098] redandblack  driving_B_2020.01.16_12.10.03.csv block-000@120s reward=QoE=   86.00 pacing=0.83s eps=0.050 loss=3.0248
[ep 2099] soldier      driving_B_2020.01.16_09.56.56.csv block-000@300s reward=QoE=   90.20 pacing=0.00s eps=0.050 loss=2.7888
[ep 2100] longdress    driving_B_2020.01.16_12.10.03.csv block-000@300s reward=QoE=   34.97 pacing=0.00s eps=0.050 loss=3.1547
[ep 2101] loot         static_B_2019.12.16_13.40.04.csv block-005@1586s reward=QoE=  -37.14 pacing=0.00s eps=0.050 loss=2.6799
[ep 2102] redandblack  driving_B_2020.02.27_17.30.15.csv block-002@413s reward=QoE=    3.86 pacing=0.35s eps=0.050 loss=2.7758
[ep 2103] soldier      driving_B_2020.02.14_12.58.17.csv block-002@716s reward=QoE=   24.45 pacing=0.00s eps=0.050 loss=2.9610
[ep 2104] longdress    driving_B_2020.01.16_09.56.56.csv block-001@1599s reward=QoE=   74.33 pacing=0.00s eps=0.050 loss=2.8404
[ep 2105] loot         driving_B_2020.02.27_17.30.15.csv block-002@293s reward=QoE=  -93.29 pacing=0.00s eps=0.050 loss=2.9527
[ep 2106] redandblack  driving_B_2020.02.13_13.03.24.csv block-000@180s reward=QoE=   22.66 pacing=0.00s eps=0.050 loss=2.8970
[ep 2107] soldier      driving_B_2019.12.16_12.27.05.csv block-000@1200s reward=QoE=   15.44 pacing=0.00s eps=0.050 loss=2.8252
[ep 2108] longdress    driving_B_2020.02.14_09.38.22.csv block-000@480s reward=QoE=   16.03 pacing=0.00s eps=0.050 loss=2.7310
[ep 2109] loot         driving_B_2020.02.14_09.38.22.csv block-000@1140s reward=QoE=  -17.87 pacing=0.00s eps=0.050 loss=2.8429
[ep 2110] redandblack  driving_B_2019.12.16_12.27.05.csv block-000@1200s reward=QoE=   38.88 pacing=0.00s eps=0.050 loss=2.8069
[ep 2111] soldier      static_B_2020.02.27_18.39.27.csv block-001@6252s reward=QoE=   78.87 pacing=0.00s eps=0.050 loss=3.0038
[ep 2112] longdress    driving_B_2020.02.13_15.02.01.csv block-000@2820s reward=QoE=   61.08 pacing=0.00s eps=0.050 loss=3.0291
[ep 2113] loot         driving_B_2020.02.27_17.30.15.csv block-002@293s reward=QoE=  -16.84 pacing=0.00s eps=0.050 loss=2.7475
[ep 2114] redandblack  driving_B_2020.02.14_09.38.22.csv block-000@240s reward=QoE=    9.13 pacing=0.00s eps=0.050 loss=2.8360
[ep 2115] soldier      driving_B_2019.12.16_12.27.05.csv block-000@360s reward=QoE=    6.27 pacing=0.00s eps=0.050 loss=3.1606
[ep 2116] longdress    driving_B_2020.01.16_12.10.03.csv block-000@360s reward=QoE=   67.24 pacing=0.00s eps=0.050 loss=3.0433
[ep 2117] loot         static_B_2020.02.14_13.21.26.csv block-000@480s reward=QoE=   92.62 pacing=1.04s eps=0.050 loss=2.6776
[ep 2118] redandblack  driving_B_2020.02.14_09.38.22.csv block-000@540s reward=QoE=   24.28 pacing=0.00s eps=0.050 loss=2.7088
[ep 2119] soldier      static_B_2020.02.27_18.39.27.csv block-001@1812s reward=QoE=   42.87 pacing=0.00s eps=0.050 loss=3.0081
[ep 2120] longdress    driving_B_2019.12.16_12.27.05.csv block-000@1140s reward=QoE=   59.43 pacing=0.00s eps=0.050 loss=3.0531
[ep 2121] loot         driving_B_2020.02.13_13.03.24.csv block-000@300s reward=QoE=   26.81 pacing=0.00s eps=0.050 loss=2.7089
[ep 2122] redandblack  driving_B_2020.02.14_12.58.17.csv block-002@716s reward=QoE=   40.11 pacing=0.00s eps=0.050 loss=2.8166
[ep 2123] soldier      static_B_2020.02.27_18.39.27.csv block-001@6312s reward=QoE=   72.88 pacing=0.00s eps=0.050 loss=2.8435
[ep 2124] longdress    driving_B_2020.02.14_09.38.22.csv block-000@0s reward=QoE=    8.66 pacing=0.00s eps=0.050 loss=2.8783
[ep 2125] loot         driving_B_2020.02.13_15.02.01.csv block-000@1680s reward=QoE=   24.75 pacing=0.00s eps=0.050 loss=2.7558
[ep 2126] redandblack  driving_B_2020.02.14_09.38.22.csv block-000@1200s reward=QoE=  -17.63 pacing=0.00s eps=0.050 loss=3.0196
[ep 2127] soldier      driving_B_2020.01.16_12.10.03.csv block-000@0s reward=QoE=   84.57 pacing=0.79s eps=0.050 loss=2.9108
[ep 2128] longdress    static_B_2019.12.16_13.40.04.csv block-005@2006s reward=QoE=   51.59 pacing=0.00s eps=0.050 loss=2.8448
[ep 2129] loot         driving_B_2020.02.13_13.03.24.csv block-001@1514s reward=QoE=   -7.10 pacing=0.00s eps=0.050 loss=2.8353
[ep 2130] redandblack  driving_B_2020.01.16_09.56.56.csv block-000@240s reward=QoE=   54.89 pacing=0.00s eps=0.050 loss=2.9551
[ep 2131] soldier      driving_B_2019.12.17_07.32.39.csv block-000@0s reward=QoE=   17.92 pacing=0.00s eps=0.050 loss=2.9383
[ep 2132] longdress    driving_B_2019.12.17_07.32.39.csv block-003@1954s reward=QoE=   -3.79 pacing=0.00s eps=0.050 loss=3.0402
[ep 2133] loot         static_B_2020.02.14_13.21.26.csv block-000@540s reward=QoE=   87.56 pacing=0.23s eps=0.050 loss=2.5209
[ep 2134] redandblack  static_B_2019.12.16_13.40.04.csv block-000@300s reward=QoE=   47.22 pacing=0.00s eps=0.050 loss=2.7217
[ep 2135] soldier      static_B_2020.02.27_18.39.27.csv block-001@2652s reward=QoE=   47.44 pacing=0.00s eps=0.050 loss=2.8291
[ep 2136] longdress    driving_B_2019.12.17_07.32.39.csv block-000@420s reward=QoE=   40.08 pacing=0.00s eps=0.050 loss=2.9752
[ep 2137] loot         static_B_2020.02.14_13.21.26.csv block-000@120s reward=QoE=   88.25 pacing=1.03s eps=0.050 loss=2.9057
[ep 2138] redandblack  driving_B_2020.02.27_17.30.15.csv block-002@533s reward=QoE=   -1.95 pacing=0.00s eps=0.050 loss=3.0141
[ep 2139] soldier      driving_B_2020.01.16_07.26.43.csv block-000@180s reward=QoE=  -22.24 pacing=0.00s eps=0.050 loss=2.8844
[ep 2140] longdress    driving_B_2019.12.17_07.32.39.csv block-000@900s reward=QoE=   21.66 pacing=0.00s eps=0.050 loss=2.9480
[ep 2141] loot         driving_B_2020.01.16_09.56.56.csv block-000@60s reward=QoE=   23.57 pacing=0.00s eps=0.050 loss=2.6984
[ep 2142] redandblack  driving_B_2020.02.14_12.58.17.csv block-000@0s reward=QoE=   28.69 pacing=0.00s eps=0.050 loss=2.6894
[ep 2143] soldier      static_B_2020.02.27_18.39.27.csv block-001@12s reward=QoE=   89.08 pacing=0.51s eps=0.050 loss=2.7859
[ep 2144] longdress    driving_B_2020.02.14_09.38.22.csv block-000@420s reward=QoE=    5.62 pacing=0.34s eps=0.050 loss=3.2294
[ep 2145] loot         driving_B_2019.12.16_12.27.05.csv block-000@840s reward=QoE=   49.77 pacing=0.00s eps=0.050 loss=2.8761
[ep 2146] redandblack  driving_B_2020.02.13_13.03.24.csv block-000@0s reward=QoE=    6.49 pacing=0.00s eps=0.050 loss=2.9229
[ep 2147] soldier      driving_B_2020.02.27_17.30.15.csv block-002@353s reward=QoE=   -2.84 pacing=0.53s eps=0.050 loss=2.8009
[ep 2148] longdress    driving_B_2020.02.14_09.38.22.csv block-000@600s reward=QoE=   57.52 pacing=0.00s eps=0.050 loss=2.9416
[ep 2149] loot         driving_B_2020.02.14_12.58.17.csv block-002@716s reward=QoE=   40.35 pacing=0.00s eps=0.050 loss=2.9251
[ep 2150] redandblack  driving_B_2020.02.27_17.30.15.csv block-002@353s reward=QoE=  -29.29 pacing=0.29s eps=0.050 loss=2.8399
[ep 2151] soldier      driving_B_2020.02.14_12.58.17.csv block-002@596s reward=QoE=   15.89 pacing=0.00s eps=0.050 loss=3.1008
[ep 2152] longdress    static_B_2020.02.14_13.21.26.csv block-000@1020s reward=QoE=   90.41 pacing=0.00s eps=0.050 loss=3.0189
[ep 2153] loot         static_B_2020.02.27_18.39.27.csv block-001@3612s reward=QoE=  -68.46 pacing=0.00s eps=0.050 loss=2.9750
[ep 2154] redandblack  driving_B_2020.02.13_13.03.24.csv block-001@1154s reward=QoE=  -25.38 pacing=0.00s eps=0.050 loss=2.8520
[ep 2155] soldier      driving_B_2020.01.16_09.56.56.csv block-001@1359s reward=QoE=   26.04 pacing=0.00s eps=0.050 loss=2.9086
[ep 2156] longdress    static_B_2020.02.27_18.39.27.csv block-001@1692s reward=QoE=   48.77 pacing=0.00s eps=0.050 loss=2.9343
[ep 2157] loot         driving_B_2020.01.16_12.10.03.csv block-000@60s reward=QoE=   56.34 pacing=0.00s eps=0.050 loss=3.0208
[ep 2158] redandblack  driving_B_2019.12.17_07.32.39.csv block-000@60s reward=QoE=   55.33 pacing=0.00s eps=0.050 loss=2.6157
[ep 2159] soldier      driving_B_2020.02.27_17.30.15.csv block-002@473s reward=QoE= -155.12 pacing=0.00s eps=0.050 loss=3.0710
[ep 2160] longdress    driving_B_2020.02.14_12.58.17.csv block-002@716s reward=QoE=   18.19 pacing=0.00s eps=0.050 loss=2.6690
[ep 2161] loot         driving_B_2019.12.17_07.32.39.csv block-003@2074s reward=QoE=   52.21 pacing=0.00s eps=0.050 loss=2.5525
[ep 2162] redandblack  driving_B_2020.01.16_07.26.43.csv block-000@1800s reward=QoE=   35.73 pacing=0.00s eps=0.050 loss=2.9171
[ep 2163] soldier      driving_B_2020.02.14_12.58.17.csv block-002@536s reward=QoE=  -12.54 pacing=0.12s eps=0.050 loss=2.8374
[ep 2164] longdress    driving_B_2019.12.17_07.32.39.csv block-000@600s reward=QoE=   37.30 pacing=0.00s eps=0.050 loss=2.7952
[ep 2165] loot         driving_B_2020.02.13_15.02.01.csv block-000@1140s reward=QoE=   85.60 pacing=0.00s eps=0.050 loss=2.7979
[ep 2166] redandblack  driving_B_2020.01.16_09.56.56.csv block-000@120s reward=QoE=  -33.14 pacing=0.00s eps=0.050 loss=2.8165
[ep 2167] soldier      driving_B_2020.02.13_13.03.24.csv block-000@420s reward=QoE=   -0.64 pacing=0.00s eps=0.050 loss=2.7588
[ep 2168] longdress    driving_B_2019.12.16_12.27.05.csv block-000@180s reward=QoE=   35.31 pacing=0.00s eps=0.050 loss=2.8198
[ep 2169] loot         static_B_2020.02.14_13.21.26.csv block-000@180s reward=QoE=   88.43 pacing=0.00s eps=0.050 loss=2.8493
[ep 2170] redandblack  static_B_2019.12.16_13.40.04.csv block-005@1406s reward=QoE=   73.63 pacing=0.00s eps=0.050 loss=3.1139
[ep 2171] soldier      driving_B_2020.01.16_12.10.03.csv block-000@300s reward=QoE=   40.80 pacing=0.00s eps=0.050 loss=2.9898
[ep 2172] longdress    static_B_2019.12.16_13.40.04.csv block-005@1646s reward=QoE=   84.01 pacing=0.00s eps=0.050 loss=2.8304
[ep 2173] loot         driving_B_2020.02.14_12.58.17.csv block-002@656s reward=QoE=   59.46 pacing=0.00s eps=0.050 loss=3.0423
[ep 2174] redandblack  driving_B_2020.02.13_13.03.24.csv block-001@914s reward=QoE=   -0.39 pacing=0.65s eps=0.050 loss=3.0008
[ep 2175] soldier      driving_B_2020.01.16_09.56.56.csv block-000@360s reward=QoE=   47.83 pacing=0.00s eps=0.050 loss=2.8339
[ep 2176] longdress    driving_B_2020.01.16_09.56.56.csv block-001@1119s reward=QoE=   90.40 pacing=0.00s eps=0.050 loss=2.9904
[ep 2177] loot         driving_B_2020.01.16_07.26.43.csv block-000@1860s reward=QoE=   24.93 pacing=0.00s eps=0.050 loss=3.0120
[ep 2178] redandblack  driving_B_2019.12.16_12.27.05.csv block-000@0s reward=QoE=   54.00 pacing=0.00s eps=0.050 loss=2.6714
[ep 2179] soldier      driving_B_2020.02.13_13.03.24.csv block-000@540s reward=QoE=   24.95 pacing=0.00s eps=0.050 loss=3.0277
[ep 2180] longdress    static_B_2020.02.14_13.21.26.csv block-000@360s reward=QoE=   79.02 pacing=0.00s eps=0.050 loss=3.0631
[ep 2181] loot         driving_B_2020.02.14_09.38.22.csv block-000@120s reward=QoE=   22.41 pacing=0.00s eps=0.050 loss=2.9339
[ep 2182] redandblack  driving_B_2020.02.13_13.03.24.csv block-001@1934s reward=QoE=   -5.63 pacing=0.76s eps=0.050 loss=3.1544
[ep 2183] soldier      driving_B_2020.01.16_07.26.43.csv block-000@840s reward=QoE=   57.54 pacing=0.00s eps=0.050 loss=2.7893
[ep 2184] longdress    static_B_2020.02.14_13.21.26.csv block-000@780s reward=QoE=   79.60 pacing=0.00s eps=0.050 loss=2.8651
[ep 2185] loot         driving_B_2019.12.16_12.27.05.csv block-000@600s reward=QoE=   -7.29 pacing=0.00s eps=0.050 loss=2.9779
[ep 2186] redandblack  driving_B_2020.01.16_09.56.56.csv block-001@1419s reward=QoE=   59.56 pacing=0.00s eps=0.050 loss=3.0942
[ep 2187] soldier      driving_B_2020.02.13_13.03.24.csv block-001@974s reward=QoE=   18.94 pacing=0.00s eps=0.050 loss=2.9294
[ep 2188] longdress    driving_B_2020.01.16_07.26.43.csv block-000@60s reward=QoE=   48.21 pacing=0.00s eps=0.050 loss=2.5851
[ep 2189] loot         static_B_2019.12.16_13.40.04.csv block-001@955s reward=QoE=   72.61 pacing=0.00s eps=0.050 loss=2.8048
[ep 2190] redandblack  driving_B_2020.01.16_09.56.56.csv block-001@1539s reward=QoE=   60.24 pacing=0.00s eps=0.050 loss=2.9291
[ep 2191] soldier      static_B_2020.02.14_13.21.26.csv block-000@360s reward=QoE=   78.56 pacing=0.00s eps=0.050 loss=2.8247
[ep 2192] longdress    driving_B_2020.02.14_09.38.22.csv block-000@60s reward=QoE=   26.37 pacing=0.00s eps=0.050 loss=3.2995
[ep 2193] loot         driving_B_2020.02.14_09.38.22.csv block-000@1320s reward=QoE=   11.04 pacing=0.00s eps=0.050 loss=2.9718
[ep 2194] redandblack  driving_B_2020.02.14_09.38.22.csv block-000@300s reward=QoE=    0.40 pacing=0.00s eps=0.050 loss=2.9156
[ep 2195] soldier      driving_B_2019.12.16_12.27.05.csv block-000@120s reward=QoE=   39.90 pacing=0.00s eps=0.050 loss=3.0831
[ep 2196] longdress    static_B_2019.12.16_13.40.04.csv block-001@1015s reward=QoE=   25.93 pacing=0.00s eps=0.050 loss=2.8613
[ep 2197] loot         static_B_2019.12.16_13.40.04.csv block-000@60s reward=QoE=   54.05 pacing=0.00s eps=0.050 loss=2.8800
[ep 2198] redandblack  driving_B_2019.12.16_12.27.05.csv block-000@1020s reward=QoE=   89.15 pacing=0.00s eps=0.050 loss=2.9078
[ep 2199] soldier      driving_B_2020.02.27_17.30.15.csv block-002@413s reward=QoE=   -0.96 pacing=0.53s eps=0.050 loss=3.0007
[ep 2200] longdress    driving_B_2020.01.16_07.26.43.csv block-000@600s reward=QoE=   25.46 pacing=0.00s eps=0.050 loss=2.6937
[ep 2201] loot         driving_B_2020.01.16_07.26.43.csv block-000@1620s reward=QoE=    7.56 pacing=0.00s eps=0.050 loss=2.7715
[ep 2202] redandblack  driving_B_2020.02.13_15.02.01.csv block-000@240s reward=QoE=   75.39 pacing=0.00s eps=0.050 loss=2.7053
[ep 2203] soldier      driving_B_2020.01.16_09.56.56.csv block-001@1059s reward=QoE=   18.52 pacing=0.00s eps=0.050 loss=3.5130
[ep 2204] longdress    static_B_2020.02.27_18.39.27.csv block-001@3132s reward=QoE=   74.55 pacing=0.00s eps=0.050 loss=3.0736
[ep 2205] loot         driving_B_2020.02.14_09.38.22.csv block-000@420s reward=QoE=    7.42 pacing=0.03s eps=0.050 loss=3.2198
[ep 2206] redandblack  static_B_2020.02.27_18.39.27.csv block-001@1512s reward=QoE=   78.13 pacing=0.01s eps=0.050 loss=3.0356
[ep 2207] soldier      driving_B_2020.02.13_15.02.01.csv block-000@2940s reward=QoE=   12.27 pacing=0.06s eps=0.050 loss=3.3974
[ep 2208] longdress    driving_B_2020.01.16_12.10.03.csv block-000@300s reward=QoE=   31.20 pacing=0.00s eps=0.050 loss=2.8613
[ep 2209] loot         driving_B_2020.02.14_12.58.17.csv block-002@596s reward=QoE=   32.16 pacing=0.00s eps=0.050 loss=2.9805
[ep 2210] redandblack  driving_B_2019.12.17_07.32.39.csv block-000@300s reward=QoE=   43.96 pacing=0.00s eps=0.050 loss=3.1458
[ep 2211] soldier      driving_B_2020.02.13_15.02.01.csv block-000@1200s reward=QoE=   43.62 pacing=0.00s eps=0.050 loss=3.5076
[ep 2212] longdress    driving_B_2019.12.17_07.32.39.csv block-000@1020s reward=QoE=   22.21 pacing=0.00s eps=0.050 loss=3.1812
[ep 2213] loot         static_B_2020.02.14_13.21.26.csv block-000@660s reward=QoE=   90.69 pacing=1.06s eps=0.050 loss=2.8100
[ep 2214] redandblack  driving_B_2020.01.16_09.56.56.csv block-001@519s reward=QoE=   51.74 pacing=0.00s eps=0.050 loss=3.2147
[ep 2215] soldier      static_B_2020.02.27_18.39.27.csv block-001@552s reward=QoE=   64.30 pacing=0.00s eps=0.050 loss=3.0088
[ep 2216] longdress    static_B_2020.02.14_13.21.26.csv block-000@420s reward=QoE=   75.58 pacing=0.00s eps=0.050 loss=3.1637
[ep 2217] loot         driving_B_2020.02.14_12.58.17.csv block-002@536s reward=QoE=  -38.25 pacing=0.00s eps=0.050 loss=3.2407
[ep 2218] redandblack  static_B_2020.02.27_18.39.27.csv block-001@1392s reward=QoE=   45.39 pacing=0.38s eps=0.050 loss=3.3083
[ep 2219] soldier      driving_B_2020.02.13_13.03.24.csv block-001@1754s reward=QoE=   14.98 pacing=0.00s eps=0.050 loss=3.2012
[ep 2220] longdress    static_B_2020.02.27_18.39.27.csv block-001@5052s reward=QoE=   62.33 pacing=0.00s eps=0.050 loss=2.8703
[ep 2221] loot         static_B_2020.02.27_18.39.27.csv block-001@3372s reward=QoE=   68.36 pacing=0.00s eps=0.050 loss=3.1315
[ep 2222] redandblack  driving_B_2020.01.16_09.56.56.csv block-001@1239s reward=QoE=   44.37 pacing=0.00s eps=0.050 loss=3.2208
[ep 2223] soldier      driving_B_2020.02.14_09.38.22.csv block-000@900s reward=QoE=  -21.41 pacing=0.00s eps=0.050 loss=3.2443
[ep 2224] longdress    driving_B_2020.02.14_09.38.22.csv block-000@1080s reward=QoE=   70.92 pacing=0.00s eps=0.050 loss=2.9169
[ep 2225] loot         static_B_2020.02.27_18.39.27.csv block-001@6132s reward=QoE=   89.16 pacing=0.12s eps=0.050 loss=3.4410
[ep 2226] redandblack  driving_B_2020.01.16_09.56.56.csv block-001@1599s reward=QoE=   77.31 pacing=0.00s eps=0.050 loss=2.6592
[ep 2227] soldier      driving_B_2020.01.16_09.56.56.csv block-001@639s reward=QoE=   59.39 pacing=0.00s eps=0.050 loss=3.1246
[ep 2228] longdress    driving_B_2020.02.27_17.30.15.csv block-002@473s reward=QoE= -126.15 pacing=0.00s eps=0.050 loss=3.0351
[ep 2229] loot         driving_B_2020.02.27_17.30.15.csv block-002@473s reward=QoE= -124.06 pacing=0.00s eps=0.050 loss=3.1739
[ep 2230] redandblack  driving_B_2020.01.16_09.56.56.csv block-001@999s reward=QoE=    8.57 pacing=0.00s eps=0.050 loss=3.0336
[ep 2231] soldier      static_B_2020.02.27_18.39.27.csv block-001@4752s reward=QoE=   78.12 pacing=0.00s eps=0.050 loss=3.1387
[ep 2232] longdress    driving_B_2020.01.16_09.56.56.csv block-001@639s reward=QoE=   64.09 pacing=0.00s eps=0.050 loss=3.1405
[ep 2233] loot         static_B_2020.02.27_18.39.27.csv block-001@2532s reward=QoE=   86.12 pacing=0.00s eps=0.050 loss=3.0286
[ep 2234] redandblack  static_B_2019.12.16_13.40.04.csv block-001@895s reward=QoE=   62.19 pacing=0.00s eps=0.050 loss=3.1626
[ep 2235] soldier      driving_B_2020.02.13_13.03.24.csv block-001@1634s reward=QoE=   20.91 pacing=0.00s eps=0.050 loss=3.3440
[ep 2236] longdress    driving_B_2020.01.16_12.10.03.csv block-000@0s reward=QoE=   83.94 pacing=0.13s eps=0.050 loss=3.1697
[ep 2237] loot         driving_B_2020.01.16_12.10.03.csv block-000@120s reward=QoE=   85.88 pacing=1.13s eps=0.050 loss=3.0147
[ep 2238] redandblack  driving_B_2020.02.13_15.02.01.csv block-000@660s reward=QoE=   59.26 pacing=0.00s eps=0.050 loss=3.0449
[ep 2239] soldier      driving_B_2020.02.27_17.30.15.csv block-002@533s reward=QoE=  -28.71 pacing=0.00s eps=0.050 loss=2.6215
[ep 2240] longdress    static_B_2019.12.16_13.40.04.csv block-006@2172s reward=QoE=   88.89 pacing=0.34s eps=0.050 loss=3.3141
[ep 2241] loot         static_B_2020.02.27_18.39.27.csv block-001@5652s reward=QoE=   88.32 pacing=0.00s eps=0.050 loss=2.9712
[ep 2242] redandblack  driving_B_2020.01.16_12.10.03.csv block-000@120s reward=QoE=   83.25 pacing=1.12s eps=0.050 loss=2.8614
[ep 2243] soldier      driving_B_2019.12.17_07.32.39.csv block-003@1834s reward=QoE=   17.16 pacing=0.00s eps=0.050 loss=3.2540
[ep 2244] longdress    driving_B_2020.01.16_12.10.03.csv block-000@180s reward=QoE=   84.81 pacing=0.00s eps=0.050 loss=3.1220
[ep 2245] loot         driving_B_2019.12.16_12.27.05.csv block-000@60s reward=QoE=   33.47 pacing=0.00s eps=0.050 loss=3.2812
[ep 2246] redandblack  driving_B_2020.01.16_09.56.56.csv block-001@1479s reward=QoE=   61.67 pacing=0.00s eps=0.050 loss=3.2079
[ep 2247] soldier      driving_B_2020.02.13_13.03.24.csv block-007@2290s reward=QoE=  -77.92 pacing=0.00s eps=0.050 loss=2.8651
[ep 2248] longdress    driving_B_2020.02.27_17.30.15.csv block-002@473s reward=QoE= -180.81 pacing=0.00s eps=0.050 loss=3.0531
[ep 2249] loot         static_B_2020.02.14_13.21.26.csv block-000@60s reward=QoE=   86.48 pacing=0.81s eps=0.050 loss=2.8599
[ep 2250] redandblack  driving_B_2019.12.17_07.32.39.csv block-000@1080s reward=QoE=    7.60 pacing=0.00s eps=0.050 loss=3.2831
[ep 2251] soldier      driving_B_2020.02.13_13.03.24.csv block-000@120s reward=QoE=   10.62 pacing=0.00s eps=0.050 loss=3.2524
[ep 2252] longdress    driving_B_2019.12.16_12.27.05.csv block-000@960s reward=QoE=   78.78 pacing=0.00s eps=0.050 loss=3.2607
[ep 2253] loot         driving_B_2020.01.16_12.10.03.csv block-000@360s reward=QoE=   74.30 pacing=0.00s eps=0.050 loss=2.9503
[ep 2254] redandblack  static_B_2020.02.27_18.39.27.csv block-001@1932s reward=QoE=   59.89 pacing=0.00s eps=0.050 loss=2.9369
[ep 2255] soldier      driving_B_2020.01.16_12.10.03.csv block-000@180s reward=QoE=   78.62 pacing=0.00s eps=0.050 loss=3.0390
[ep 2256] longdress    driving_B_2020.01.16_09.56.56.csv block-001@699s reward=QoE=   89.06 pacing=0.57s eps=0.050 loss=3.0832
[ep 2257] loot         driving_B_2020.01.16_07.26.43.csv block-000@1020s reward=QoE=   32.93 pacing=0.00s eps=0.050 loss=2.9560
[ep 2258] redandblack  driving_B_2020.01.16_09.56.56.csv block-001@1539s reward=QoE=   59.97 pacing=0.00s eps=0.050 loss=3.3350
[ep 2259] soldier      driving_B_2019.12.16_12.27.05.csv block-000@780s reward=QoE=   49.88 pacing=0.00s eps=0.050 loss=3.0388
[ep 2260] longdress    driving_B_2019.12.17_07.32.39.csv block-000@1320s reward=QoE=   36.20 pacing=0.00s eps=0.050 loss=3.0844
[ep 2261] loot         driving_B_2020.02.13_15.02.01.csv block-000@1920s reward=QoE=   41.54 pacing=0.00s eps=0.050 loss=3.0943
[ep 2262] redandblack  driving_B_2020.01.16_07.26.43.csv block-000@1440s reward=QoE=   54.42 pacing=0.00s eps=0.050 loss=3.1783
[ep 2263] soldier      driving_B_2020.02.14_12.58.17.csv block-002@656s reward=QoE=   31.20 pacing=0.00s eps=0.050 loss=2.9365
[ep 2264] longdress    driving_B_2019.12.17_07.32.39.csv block-000@660s reward=QoE=   27.82 pacing=0.00s eps=0.050 loss=3.0458
[ep 2265] loot         driving_B_2020.02.13_13.03.24.csv block-001@1814s reward=QoE=    9.15 pacing=0.00s eps=0.050 loss=3.0384
[ep 2266] redandblack  driving_B_2020.02.27_17.30.15.csv block-002@413s reward=QoE=   24.59 pacing=0.00s eps=0.050 loss=3.3493
[ep 2267] soldier      static_B_2020.02.14_13.21.26.csv block-000@720s reward=QoE=   70.19 pacing=0.00s eps=0.050 loss=3.0238
[ep 2268] longdress    driving_B_2020.02.13_13.03.24.csv block-000@240s reward=QoE=   32.99 pacing=0.00s eps=0.050 loss=2.9752
[ep 2269] loot         driving_B_2020.02.14_12.58.17.csv block-000@0s reward=QoE=   30.40 pacing=0.00s eps=0.050 loss=3.1193
[ep 2270] redandblack  driving_B_2020.02.27_17.30.15.csv block-002@353s reward=QoE=    6.19 pacing=0.59s eps=0.050 loss=3.4334
[ep 2271] soldier      driving_B_2020.02.14_12.58.17.csv block-002@536s reward=QoE=  -27.52 pacing=0.00s eps=0.050 loss=3.1221
[ep 2272] longdress    static_B_2020.02.14_13.21.26.csv block-000@960s reward=QoE=   54.43 pacing=0.00s eps=0.050 loss=3.1675
[ep 2273] loot         static_B_2019.12.16_13.40.04.csv block-006@2232s reward=QoE=   82.63 pacing=1.17s eps=0.050 loss=2.9601
[ep 2274] redandblack  driving_B_2020.02.14_12.58.17.csv block-002@536s reward=QoE=  -16.53 pacing=0.64s eps=0.050 loss=2.9453
[ep 2275] soldier      driving_B_2019.12.16_12.27.05.csv block-000@1140s reward=QoE=   55.28 pacing=0.00s eps=0.050 loss=3.3733
[ep 2276] longdress    static_B_2020.02.27_18.39.27.csv block-001@6072s reward=QoE=   89.80 pacing=0.00s eps=0.050 loss=2.8883
[ep 2277] loot         driving_B_2020.02.14_09.38.22.csv block-000@840s reward=QoE=   12.44 pacing=0.00s eps=0.050 loss=3.2600
[ep 2278] redandblack  static_B_2020.02.14_13.21.26.csv block-000@0s reward=QoE=   54.58 pacing=0.00s eps=0.050 loss=2.9031
[ep 2279] soldier      driving_B_2020.02.13_13.03.24.csv block-001@1574s reward=QoE=    7.65 pacing=1.05s eps=0.050 loss=2.9590
[ep 2280] longdress    driving_B_2020.01.16_12.10.03.csv block-000@360s reward=QoE=   69.73 pacing=0.00s eps=0.050 loss=3.1473
[ep 2281] loot         driving_B_2019.12.17_07.32.39.csv block-003@1594s reward=QoE=   18.75 pacing=0.00s eps=0.050 loss=2.9153
[ep 2282] redandblack  driving_B_2020.02.27_17.30.15.csv block-002@413s reward=QoE=    4.95 pacing=2.74s eps=0.050 loss=3.2937
[ep 2283] soldier      driving_B_2020.02.13_13.03.24.csv block-001@1214s reward=QoE=    9.39 pacing=0.00s eps=0.050 loss=3.1520
[ep 2284] longdress    driving_B_2020.02.14_12.58.17.csv block-002@536s reward=QoE=  -43.28 pacing=0.00s eps=0.050 loss=3.1822
[ep 2285] loot         static_B_2019.12.16_13.40.04.csv block-005@1346s reward=QoE=   22.10 pacing=0.00s eps=0.050 loss=3.0793
[ep 2286] redandblack  driving_B_2020.02.14_12.58.17.csv block-002@596s reward=QoE=   21.47 pacing=0.00s eps=0.050 loss=3.1690
[ep 2287] soldier      driving_B_2020.02.13_13.03.24.csv block-001@1394s reward=QoE=   14.08 pacing=0.00s eps=0.050 loss=3.4416
[ep 2288] longdress    static_B_2020.02.27_18.39.27.csv block-001@1452s reward=QoE=   81.20 pacing=0.00s eps=0.050 loss=3.1113
[ep 2289] loot         driving_B_2020.02.14_09.38.22.csv block-000@660s reward=QoE=   42.84 pacing=0.00s eps=0.050 loss=3.1046
[ep 2290] redandblack  static_B_2020.02.27_18.39.27.csv block-001@4632s reward=QoE=   83.75 pacing=0.00s eps=0.050 loss=2.9059
[ep 2291] soldier      driving_B_2020.01.16_09.56.56.csv block-000@180s reward=QoE=   42.77 pacing=0.00s eps=0.050 loss=2.8666
[ep 2292] longdress    driving_B_2020.02.13_13.03.24.csv block-000@600s reward=QoE=   35.79 pacing=0.00s eps=0.050 loss=2.8975
[ep 2293] loot         driving_B_2020.02.14_12.58.17.csv block-002@656s reward=QoE=   57.90 pacing=0.00s eps=0.050 loss=2.8109
[ep 2294] redandblack  static_B_2019.12.16_13.40.04.csv block-001@655s reward=QoE=   59.92 pacing=0.00s eps=0.050 loss=3.0366
[ep 2295] soldier      driving_B_2020.01.16_07.26.43.csv block-000@900s reward=QoE=   30.75 pacing=0.00s eps=0.050 loss=2.8967
[ep 2296] longdress    driving_B_2020.01.16_09.56.56.csv block-001@1299s reward=QoE=   57.53 pacing=0.00s eps=0.050 loss=2.9153
[ep 2297] loot         driving_B_2020.02.13_15.02.01.csv block-000@1020s reward=QoE=   87.07 pacing=2.14s eps=0.050 loss=3.3587
[ep 2298] redandblack  driving_B_2020.02.14_09.38.22.csv block-000@1380s reward=QoE=   20.56 pacing=0.00s eps=0.050 loss=3.2073
[ep 2299] soldier      static_B_2020.02.14_13.21.26.csv block-000@1080s reward=QoE=   87.85 pacing=0.00s eps=0.050 loss=3.0138
[ep 2300] longdress    static_B_2020.02.14_13.21.26.csv block-000@60s reward=QoE=   80.39 pacing=0.00s eps=0.050 loss=2.9566
[ep 2301] loot         driving_B_2020.02.14_09.38.22.csv block-000@300s reward=QoE=   15.43 pacing=0.00s eps=0.050 loss=3.0294
[ep 2302] redandblack  driving_B_2020.01.16_12.10.03.csv block-000@0s reward=QoE=   85.38 pacing=0.96s eps=0.050 loss=2.8835
[ep 2303] soldier      driving_B_2020.02.13_13.03.24.csv block-001@1094s reward=QoE=    0.56 pacing=0.00s eps=0.050 loss=3.3206
[ep 2304] longdress    driving_B_2020.01.16_07.26.43.csv block-000@1500s reward=QoE=   26.88 pacing=0.00s eps=0.050 loss=3.2891
[ep 2305] loot         driving_B_2020.01.16_12.10.03.csv block-000@120s reward=QoE=   85.91 pacing=1.06s eps=0.050 loss=3.2340
[ep 2306] redandblack  static_B_2019.12.16_13.40.04.csv block-005@1466s reward=QoE=   62.82 pacing=0.00s eps=0.050 loss=3.1322
[ep 2307] soldier      static_B_2019.12.16_13.40.04.csv block-005@1706s reward=QoE=   67.36 pacing=0.00s eps=0.050 loss=3.2633
[ep 2308] longdress    driving_B_2020.01.16_07.26.43.csv block-000@1680s reward=QoE=   33.00 pacing=0.00s eps=0.050 loss=3.2997
[ep 2309] loot         static_B_2019.12.16_13.40.04.csv block-005@1826s reward=QoE=   74.47 pacing=0.00s eps=0.050 loss=3.2557
[ep 2310] redandblack  driving_B_2020.02.13_15.02.01.csv block-000@900s reward=QoE=   10.40 pacing=0.00s eps=0.050 loss=3.0372
[ep 2311] soldier      driving_B_2020.02.13_13.03.24.csv block-001@1994s reward=QoE=   62.88 pacing=0.00s eps=0.050 loss=3.3506
[ep 2312] longdress    static_B_2020.02.14_13.21.26.csv block-000@180s reward=QoE=   73.88 pacing=0.00s eps=0.050 loss=2.8822
[ep 2313] loot         static_B_2020.02.14_13.21.26.csv block-000@900s reward=QoE=   87.67 pacing=0.09s eps=0.050 loss=2.9702
[ep 2314] redandblack  static_B_2020.02.14_13.21.26.csv block-000@840s reward=QoE=   91.24 pacing=0.97s eps=0.050 loss=3.0121
[ep 2315] soldier      driving_B_2020.02.13_13.03.24.csv block-000@660s reward=QoE=   19.70 pacing=0.00s eps=0.050 loss=3.1669
[ep 2316] longdress    static_B_2020.02.14_13.21.26.csv block-000@900s reward=QoE=   65.14 pacing=0.00s eps=0.050 loss=3.1256
[ep 2317] loot         static_B_2020.02.14_13.21.26.csv block-000@300s reward=QoE=   60.42 pacing=0.00s eps=0.050 loss=2.7652
[ep 2318] redandblack  driving_B_2020.01.16_09.56.56.csv block-001@759s reward=QoE=   37.96 pacing=0.00s eps=0.050 loss=2.8321
[ep 2319] soldier      driving_B_2019.12.16_12.27.05.csv block-000@1260s reward=QoE=   89.47 pacing=0.42s eps=0.050 loss=3.2591
[ep 2320] longdress    driving_B_2020.02.13_13.03.24.csv block-001@1334s reward=QoE=   18.89 pacing=0.00s eps=0.050 loss=3.1039
[ep 2321] loot         driving_B_2020.01.16_12.10.03.csv block-000@60s reward=QoE=   60.68 pacing=0.00s eps=0.050 loss=3.0945
[ep 2322] redandblack  driving_B_2020.02.14_09.38.22.csv block-000@600s reward=QoE=   40.67 pacing=0.00s eps=0.050 loss=2.9225
[ep 2323] soldier      driving_B_2020.02.27_17.30.15.csv block-002@293s reward=QoE=  -54.48 pacing=0.00s eps=0.050 loss=3.1153
[ep 2324] longdress    driving_B_2020.02.14_09.38.22.csv block-000@1260s reward=QoE=    5.06 pacing=0.00s eps=0.050 loss=2.9732
[ep 2325] loot         driving_B_2019.12.17_07.32.39.csv block-000@120s reward=QoE=   42.71 pacing=0.00s eps=0.050 loss=2.9970
[ep 2326] redandblack  driving_B_2019.12.17_07.32.39.csv block-000@1260s reward=QoE=   14.79 pacing=0.00s eps=0.050 loss=2.7871
[ep 2327] soldier      static_B_2019.12.16_13.40.04.csv block-000@120s reward=QoE=   88.41 pacing=0.00s eps=0.050 loss=3.1816
[ep 2328] longdress    driving_B_2020.01.16_09.56.56.csv block-001@1719s reward=QoE=   61.17 pacing=0.00s eps=0.050 loss=3.0270
[ep 2329] loot         driving_B_2020.02.13_15.02.01.csv block-000@2640s reward=QoE=   -3.76 pacing=0.00s eps=0.050 loss=3.4312
[ep 2330] redandblack  driving_B_2020.01.16_09.56.56.csv block-001@1179s reward=QoE=   39.01 pacing=0.00s eps=0.050 loss=2.8957
[ep 2331] soldier      driving_B_2020.02.27_17.30.15.csv block-002@473s reward=QoE=    0.92 pacing=0.00s eps=0.050 loss=2.8793
[ep 2332] longdress    static_B_2019.12.16_13.40.04.csv block-001@1135s reward=QoE=   56.05 pacing=0.00s eps=0.050 loss=2.8940
[ep 2333] loot         driving_B_2020.02.13_15.02.01.csv block-000@300s reward=QoE=   86.48 pacing=1.38s eps=0.050 loss=2.9053
[ep 2334] redandblack  driving_B_2020.02.13_15.02.01.csv block-000@2040s reward=QoE=   88.21 pacing=0.00s eps=0.050 loss=2.8049
[ep 2335] soldier      driving_B_2020.02.14_12.58.17.csv block-002@656s reward=QoE=   43.43 pacing=0.00s eps=0.050 loss=2.9343
[ep 2336] longdress    static_B_2019.12.16_13.40.04.csv block-005@1766s reward=QoE=   85.08 pacing=0.00s eps=0.050 loss=2.8849
[ep 2337] loot         driving_B_2020.02.13_15.02.01.csv block-000@720s reward=QoE=   37.74 pacing=0.00s eps=0.050 loss=3.0296
[ep 2338] redandblack  driving_B_2019.12.17_07.32.39.csv block-003@2134s reward=QoE=    3.30 pacing=2.59s eps=0.050 loss=3.0565
[ep 2339] soldier      driving_B_2020.01.16_07.26.43.csv block-000@240s reward=QoE=   -2.95 pacing=0.00s eps=0.050 loss=3.1130
[ep 2340] longdress    static_B_2019.12.16_13.40.04.csv block-000@420s reward=QoE=   67.16 pacing=0.00s eps=0.050 loss=2.9507
[ep 2341] loot         driving_B_2020.02.13_13.03.24.csv block-001@1694s reward=QoE=   30.33 pacing=0.00s eps=0.050 loss=2.9934
[ep 2342] redandblack  driving_B_2019.12.16_12.27.05.csv block-000@480s reward=QoE=    0.83 pacing=0.00s eps=0.050 loss=3.0165
[ep 2343] soldier      driving_B_2020.02.14_09.38.22.csv block-000@1020s reward=QoE=   90.10 pacing=0.00s eps=0.050 loss=3.1639
[ep 2344] longdress    driving_B_2020.02.13_15.02.01.csv block-000@2460s reward=QoE=   67.25 pacing=0.00s eps=0.050 loss=3.0516
[ep 2345] loot         static_B_2020.02.14_13.21.26.csv block-000@960s reward=QoE=   56.93 pacing=0.00s eps=0.050 loss=2.9764
[ep 2346] redandblack  driving_B_2020.01.16_12.10.03.csv block-000@180s reward=QoE=   84.71 pacing=0.00s eps=0.050 loss=3.1183
[ep 2347] soldier      driving_B_2020.01.16_07.26.43.csv block-000@0s reward=QoE=   17.29 pacing=0.00s eps=0.050 loss=3.0844
[ep 2348] longdress    driving_B_2020.01.16_09.56.56.csv block-001@579s reward=QoE=   54.28 pacing=0.00s eps=0.050 loss=2.8516
[ep 2349] loot         driving_B_2019.12.16_12.27.05.csv block-000@180s reward=QoE=   29.36 pacing=0.00s eps=0.050 loss=2.8119
[ep 2350] redandblack  driving_B_2020.02.27_17.30.15.csv block-002@473s reward=QoE=    3.14 pacing=0.78s eps=0.050 loss=2.9657
[ep 2351] soldier      driving_B_2019.12.16_12.27.05.csv block-000@960s reward=QoE=   84.86 pacing=0.00s eps=0.050 loss=3.1447
[ep 2352] longdress    static_B_2019.12.16_13.40.04.csv block-005@1946s reward=QoE=   75.23 pacing=0.00s eps=0.050 loss=3.1036
[ep 2353] loot         static_B_2019.12.16_13.40.04.csv block-001@715s reward=QoE=   48.24 pacing=0.00s eps=0.050 loss=2.9366
[ep 2354] redandblack  driving_B_2020.02.27_17.30.15.csv block-002@533s reward=QoE=  -56.02 pacing=0.00s eps=0.050 loss=3.2336
[ep 2355] soldier      driving_B_2020.01.16_12.10.03.csv block-000@300s reward=QoE=   35.08 pacing=0.00s eps=0.050 loss=3.1435
[ep 2356] longdress    driving_B_2020.02.14_12.58.17.csv block-002@716s reward=QoE=   13.82 pacing=0.90s eps=0.050 loss=3.2534
[ep 2357] loot         driving_B_2020.02.27_17.30.15.csv block-002@473s reward=QoE=    2.54 pacing=0.00s eps=0.050 loss=3.2821
[ep 2358] redandblack  static_B_2020.02.27_18.39.27.csv block-001@4092s reward=QoE=   52.24 pacing=0.00s eps=0.050 loss=3.1552
[ep 2359] soldier      driving_B_2020.01.16_09.56.56.csv block-001@939s reward=QoE=   30.90 pacing=0.00s eps=0.050 loss=3.1845
[ep 2360] longdress    driving_B_2020.01.16_07.26.43.csv block-000@360s reward=QoE=  -49.99 pacing=0.00s eps=0.050 loss=3.0034
[ep 2361] loot         driving_B_2020.02.14_12.58.17.csv block-002@596s reward=QoE=    5.96 pacing=0.00s eps=0.050 loss=3.1352
[ep 2362] redandblack  driving_B_2019.12.17_07.32.39.csv block-000@240s reward=QoE=   20.98 pacing=0.00s eps=0.050 loss=3.1572
[ep 2363] soldier      driving_B_2019.12.16_12.27.05.csv block-000@360s reward=QoE=    4.04 pacing=0.00s eps=0.050 loss=3.1405
[ep 2364] longdress    driving_B_2020.02.14_09.38.22.csv block-000@0s reward=QoE=   13.38 pacing=0.00s eps=0.050 loss=2.9387
[ep 2365] loot         driving_B_2019.12.16_12.27.05.csv block-000@660s reward=QoE=   -2.45 pacing=0.00s eps=0.050 loss=3.1778
[ep 2366] redandblack  driving_B_2020.02.14_09.38.22.csv block-000@360s reward=QoE=   13.63 pacing=0.00s eps=0.050 loss=3.0037
[ep 2367] soldier      driving_B_2020.02.14_09.38.22.csv block-000@1320s reward=QoE=   -4.83 pacing=1.14s eps=0.050 loss=2.8535
[ep 2368] longdress    static_B_2020.02.27_18.39.27.csv block-001@5292s reward=QoE=   12.79 pacing=0.00s eps=0.050 loss=3.0877
[ep 2369] loot         driving_B_2020.01.16_07.26.43.csv block-000@1080s reward=QoE=   56.95 pacing=0.00s eps=0.050 loss=2.9430
[ep 2370] redandblack  driving_B_2019.12.17_07.32.39.csv block-004@2237s reward=QoE=   18.41 pacing=0.00s eps=0.050 loss=2.8366
[ep 2371] soldier      static_B_2019.12.16_13.40.04.csv block-001@1075s reward=QoE=   38.00 pacing=0.00s eps=0.050 loss=2.8526
[ep 2372] longdress    driving_B_2020.02.27_17.30.15.csv block-002@533s reward=QoE=  -16.97 pacing=0.00s eps=0.050 loss=3.1338
[ep 2373] loot         driving_B_2019.12.17_07.32.39.csv block-000@1440s reward=QoE=   90.16 pacing=1.16s eps=0.050 loss=2.8881
[ep 2374] redandblack  driving_B_2020.01.16_07.26.43.csv block-000@1200s reward=QoE=   57.15 pacing=0.00s eps=0.050 loss=2.7874
[ep 2375] soldier      driving_B_2020.01.16_12.10.03.csv block-000@240s reward=QoE=   87.09 pacing=0.00s eps=0.050 loss=2.9522
[ep 2376] longdress    driving_B_2020.01.16_07.26.43.csv block-000@300s reward=QoE=   33.72 pacing=0.00s eps=0.050 loss=3.0135
[ep 2377] loot         driving_B_2020.02.14_12.58.17.csv block-000@0s reward=QoE=   27.51 pacing=0.00s eps=0.050 loss=3.0248
[ep 2378] redandblack  driving_B_2020.02.13_13.03.24.csv block-000@360s reward=QoE=   22.52 pacing=0.00s eps=0.050 loss=3.0390
[ep 2379] soldier      driving_B_2020.01.16_12.10.03.csv block-000@60s reward=QoE=   45.02 pacing=0.00s eps=0.050 loss=2.7746
[ep 2380] longdress    driving_B_2019.12.17_07.32.39.csv block-003@1654s reward=QoE=    6.30 pacing=2.29s eps=0.050 loss=3.2502
[ep 2381] loot         static_B_2019.12.16_13.40.04.csv block-005@1526s reward=QoE=   63.29 pacing=0.00s eps=0.050 loss=3.4671
[ep 2382] redandblack  driving_B_2020.02.14_12.58.17.csv block-000@0s reward=QoE=   34.47 pacing=0.00s eps=0.050 loss=2.9956
[ep 2383] soldier      driving_B_2020.02.13_15.02.01.csv block-000@2160s reward=QoE=   57.81 pacing=0.00s eps=0.050 loss=2.6604
[ep 2384] longdress    static_B_2020.02.14_13.21.26.csv block-000@600s reward=QoE=   84.06 pacing=0.00s eps=0.050 loss=2.9269
[ep 2385] loot         driving_B_2019.12.16_12.27.05.csv block-000@420s reward=QoE=  -86.26 pacing=0.00s eps=0.050 loss=2.7755
[ep 2386] redandblack  driving_B_2019.12.16_12.27.05.csv block-000@900s reward=QoE=   87.75 pacing=0.44s eps=0.050 loss=3.2114
[ep 2387] soldier      driving_B_2020.01.16_12.10.03.csv block-000@0s reward=QoE=   80.92 pacing=0.85s eps=0.050 loss=2.9484
[ep 2388] longdress    driving_B_2020.02.13_15.02.01.csv block-000@1260s reward=QoE=   23.87 pacing=0.00s eps=0.050 loss=2.8118
[ep 2389] loot         static_B_2020.02.27_18.39.27.csv block-001@792s reward=QoE=   89.31 pacing=1.06s eps=0.050 loss=2.9709
[ep 2390] redandblack  driving_B_2020.01.16_12.10.03.csv block-000@240s reward=QoE=   88.12 pacing=0.70s eps=0.050 loss=2.8410
[ep 2391] soldier      static_B_2020.02.14_13.21.26.csv block-000@240s reward=QoE=   84.41 pacing=0.90s eps=0.050 loss=3.0904
[ep 2392] longdress    driving_B_2020.01.16_07.26.43.csv block-000@1140s reward=QoE=   53.21 pacing=0.00s eps=0.050 loss=3.1981
[ep 2393] loot         driving_B_2019.12.17_07.32.39.csv block-004@2477s reward=QoE=   84.68 pacing=0.00s eps=0.050 loss=2.8320
[ep 2394] redandblack  driving_B_2019.12.17_07.32.39.csv block-000@1200s reward=QoE=   69.49 pacing=0.32s eps=0.050 loss=3.3106
[ep 2395] soldier      static_B_2019.12.16_13.40.04.csv block-000@240s reward=QoE=   48.27 pacing=0.00s eps=0.050 loss=2.9591
[ep 2396] longdress    driving_B_2019.12.17_07.32.39.csv block-000@780s reward=QoE=   30.58 pacing=0.00s eps=0.050 loss=2.9439
[ep 2397] loot         driving_B_2020.02.13_15.02.01.csv block-000@2520s reward=QoE=   11.73 pacing=0.00s eps=0.050 loss=3.1202
[ep 2398] redandblack  driving_B_2020.01.16_07.26.43.csv block-000@720s reward=QoE=   14.06 pacing=0.00s eps=0.050 loss=3.0881
[ep 2399] soldier      driving_B_2020.01.16_12.10.03.csv block-000@60s reward=QoE=   53.16 pacing=0.00s eps=0.050 loss=2.9900
[ep 2400] longdress    driving_B_2019.12.16_12.27.05.csv block-000@720s reward=QoE=   22.40 pacing=0.00s eps=0.050 loss=2.9103
    [eval @ ep 2400] reward=QoE=47.63 mean_q=0.579 stall=0.4s
[ep 2401] loot         driving_B_2020.02.27_17.30.15.csv block-002@293s reward=QoE=  -16.91 pacing=0.00s eps=0.050 loss=3.0554
[ep 2402] redandblack  driving_B_2020.02.14_12.58.17.csv block-002@596s reward=QoE=   32.51 pacing=0.00s eps=0.050 loss=3.2450
[ep 2403] soldier      driving_B_2019.12.16_12.27.05.csv block-000@480s reward=QoE=    6.25 pacing=0.96s eps=0.050 loss=3.4821
[ep 2404] longdress    driving_B_2020.02.14_12.58.17.csv block-002@716s reward=QoE=   17.47 pacing=0.00s eps=0.050 loss=3.2637
[ep 2405] loot         static_B_2020.02.14_13.21.26.csv block-000@600s reward=QoE=   85.88 pacing=1.09s eps=0.050 loss=3.0608
[ep 2406] redandblack  driving_B_2019.12.16_12.27.05.csv block-000@540s reward=QoE=    0.59 pacing=0.31s eps=0.050 loss=3.2731
[ep 2407] soldier      driving_B_2019.12.16_12.27.05.csv block-000@240s reward=QoE=   24.57 pacing=0.00s eps=0.050 loss=3.1159
[ep 2408] longdress    driving_B_2020.01.16_07.26.43.csv block-000@1260s reward=QoE=   42.74 pacing=0.00s eps=0.050 loss=3.2010
[ep 2409] loot         driving_B_2020.02.14_09.38.22.csv block-000@1500s reward=QoE=   25.11 pacing=0.00s eps=0.050 loss=3.4855
[ep 2410] redandblack  driving_B_2019.12.16_12.27.05.csv block-000@1080s reward=QoE=   82.61 pacing=0.00s eps=0.050 loss=3.3743
[ep 2411] soldier      driving_B_2020.02.14_12.58.17.csv block-000@0s reward=QoE=   11.27 pacing=0.92s eps=0.050 loss=3.0028
[ep 2412] longdress    driving_B_2019.12.16_12.27.05.csv block-000@120s reward=QoE=   34.52 pacing=0.00s eps=0.050 loss=3.2369
[ep 2413] loot         driving_B_2020.02.27_17.30.15.csv block-002@533s reward=QoE=  -31.40 pacing=0.00s eps=0.050 loss=3.2056
[ep 2414] redandblack  driving_B_2020.02.27_17.30.15.csv block-002@353s reward=QoE=    4.49 pacing=0.57s eps=0.050 loss=3.1701
[ep 2415] soldier      driving_B_2020.02.14_09.38.22.csv block-000@180s reward=QoE=   11.72 pacing=0.00s eps=0.050 loss=3.4766
[ep 2416] longdress    driving_B_2020.01.16_07.26.43.csv block-000@1560s reward=QoE=   18.28 pacing=0.00s eps=0.050 loss=3.1392
[ep 2417] loot         driving_B_2019.12.16_12.27.05.csv block-000@300s reward=QoE=   29.60 pacing=0.00s eps=0.050 loss=3.2756
[ep 2418] redandblack  driving_B_2020.01.16_09.56.56.csv block-001@1659s reward=QoE=   84.45 pacing=1.83s eps=0.050 loss=3.3707
[ep 2419] soldier      static_B_2020.02.27_18.39.27.csv block-001@5472s reward=QoE=   82.49 pacing=0.60s eps=0.050 loss=3.3007
[ep 2420] longdress    driving_B_2019.12.16_12.27.05.csv block-000@600s reward=QoE=   16.85 pacing=0.00s eps=0.050 loss=3.4554
[ep 2421] loot         driving_B_2020.02.27_17.30.15.csv block-002@413s reward=QoE=   -6.38 pacing=0.19s eps=0.050 loss=3.3283
[ep 2422] redandblack  driving_B_2020.02.27_17.30.15.csv block-002@293s reward=QoE=  -34.19 pacing=0.00s eps=0.050 loss=3.2968
[ep 2423] soldier      driving_B_2020.02.14_12.58.17.csv block-002@656s reward=QoE=   25.33 pacing=0.00s eps=0.050 loss=3.5796
[ep 2424] longdress    static_B_2019.12.16_13.40.04.csv block-000@360s reward=QoE=   23.84 pacing=0.00s eps=0.050 loss=3.3391
[ep 2425] loot         driving_B_2020.02.13_13.03.24.csv block-001@1874s reward=QoE=    3.53 pacing=0.00s eps=0.050 loss=3.3735
[ep 2426] redandblack  driving_B_2020.01.16_12.10.03.csv block-000@300s reward=QoE=   22.70 pacing=0.00s eps=0.050 loss=3.2013
[ep 2427] soldier      driving_B_2019.12.17_07.32.39.csv block-003@1534s reward=QoE=   35.69 pacing=0.00s eps=0.050 loss=3.2574
[ep 2428] longdress    driving_B_2020.02.14_12.58.17.csv block-002@656s reward=QoE=   40.08 pacing=0.00s eps=0.050 loss=3.1957
[ep 2429] loot         static_B_2020.02.27_18.39.27.csv block-001@252s reward=QoE=   87.08 pacing=1.11s eps=0.050 loss=3.4576
[ep 2430] redandblack  driving_B_2020.01.16_12.10.03.csv block-000@240s reward=QoE=   79.98 pacing=1.35s eps=0.050 loss=3.0365
[ep 2431] soldier      driving_B_2020.02.14_09.38.22.csv block-000@960s reward=QoE=   58.65 pacing=0.00s eps=0.050 loss=3.2282
[ep 2432] longdress    driving_B_2020.01.16_09.56.56.csv block-000@0s reward=QoE=   46.75 pacing=0.00s eps=0.050 loss=3.2118
[ep 2433] loot         driving_B_2019.12.17_07.32.39.csv block-000@1380s reward=QoE=   44.58 pacing=0.00s eps=0.050 loss=2.7167
[ep 2434] redandblack  driving_B_2020.02.13_13.03.24.csv block-000@60s reward=QoE=   31.73 pacing=0.00s eps=0.050 loss=3.1733
[ep 2435] soldier      driving_B_2020.02.13_15.02.01.csv block-000@1740s reward=QoE=  -39.57 pacing=0.00s eps=0.050 loss=3.0796
[ep 2436] longdress    driving_B_2020.01.16_07.26.43.csv block-000@780s reward=QoE=   32.00 pacing=0.00s eps=0.050 loss=3.3034
[ep 2437] loot         driving_B_2020.02.13_13.03.24.csv block-001@1454s reward=QoE=   25.93 pacing=0.00s eps=0.050 loss=3.3645
[ep 2438] redandblack  driving_B_2020.02.13_13.03.24.csv block-001@1274s reward=QoE=   12.52 pacing=0.00s eps=0.050 loss=3.0674
[ep 2439] soldier      driving_B_2020.02.13_15.02.01.csv block-000@360s reward=QoE=   50.82 pacing=0.00s eps=0.050 loss=3.1024
[ep 2440] longdress    driving_B_2020.01.16_07.26.43.csv block-000@420s reward=QoE=   15.18 pacing=0.00s eps=0.050 loss=3.1192
[ep 2441] loot         driving_B_2020.01.16_12.10.03.csv block-000@360s reward=QoE=   70.87 pacing=0.00s eps=0.050 loss=3.3020
[ep 2442] redandblack  driving_B_2020.01.16_12.10.03.csv block-000@180s reward=QoE=   82.10 pacing=0.00s eps=0.050 loss=3.0871
[ep 2443] soldier      driving_B_2020.02.14_12.58.17.csv block-002@716s reward=QoE=    4.47 pacing=0.00s eps=0.050 loss=3.2711
[ep 2444] longdress    driving_B_2020.02.27_17.30.15.csv block-002@533s reward=QoE=  -70.02 pacing=0.00s eps=0.050 loss=3.3557
[ep 2445] loot         driving_B_2020.02.14_09.38.22.csv block-000@1440s reward=QoE=   81.09 pacing=1.05s eps=0.050 loss=2.9333
[ep 2446] redandblack  driving_B_2020.02.13_15.02.01.csv block-000@1320s reward=QoE=   45.55 pacing=0.00s eps=0.050 loss=2.9887
[ep 2447] soldier      driving_B_2020.02.13_15.02.01.csv block-000@1800s reward=QoE=  -42.43 pacing=0.00s eps=0.050 loss=3.1712
[ep 2448] longdress    driving_B_2019.12.17_07.32.39.csv block-004@2357s reward=QoE=   29.28 pacing=0.00s eps=0.050 loss=3.2284
[ep 2449] loot         static_B_2020.02.14_13.21.26.csv block-000@0s reward=QoE=   53.02 pacing=0.00s eps=0.050 loss=3.4662
[ep 2450] redandblack  static_B_2020.02.14_13.21.26.csv block-000@840s reward=QoE=   85.70 pacing=1.33s eps=0.050 loss=3.1404
[ep 2451] soldier      static_B_2020.02.27_18.39.27.csv block-001@5592s reward=QoE=   12.92 pacing=0.00s eps=0.050 loss=3.2385
[ep 2452] longdress    static_B_2019.12.16_13.40.04.csv block-001@775s reward=QoE=   88.94 pacing=0.00s eps=0.050 loss=3.1684
[ep 2453] loot         static_B_2020.02.27_18.39.27.csv block-001@5892s reward=QoE=   90.14 pacing=1.11s eps=0.050 loss=3.3430
[ep 2454] redandblack  static_B_2020.02.14_13.21.26.csv block-000@420s reward=QoE=   82.18 pacing=0.00s eps=0.050 loss=3.1310
[ep 2455] soldier      driving_B_2020.02.14_12.58.17.csv block-000@0s reward=QoE=   14.41 pacing=0.00s eps=0.050 loss=3.2757
[ep 2456] longdress    static_B_2019.12.16_13.40.04.csv block-000@180s reward=QoE=   65.13 pacing=0.00s eps=0.050 loss=3.1181
[ep 2457] loot         driving_B_2020.01.16_07.26.43.csv block-000@1320s reward=QoE=   35.87 pacing=0.00s eps=0.050 loss=3.1015
[ep 2458] redandblack  driving_B_2020.02.14_09.38.22.csv block-000@780s reward=QoE=   85.82 pacing=0.00s eps=0.050 loss=3.4652
[ep 2459] soldier      static_B_2019.12.16_13.40.04.csv block-001@835s reward=QoE=   90.15 pacing=0.00s eps=0.050 loss=3.0626
[ep 2460] longdress    driving_B_2020.01.16_07.26.43.csv block-000@540s reward=QoE=   31.63 pacing=0.05s eps=0.050 loss=2.8746
[ep 2461] loot         driving_B_2020.02.27_17.30.15.csv block-002@293s reward=QoE=  -45.82 pacing=0.00s eps=0.050 loss=3.4401
[ep 2462] redandblack  driving_B_2020.02.27_17.30.15.csv block-002@293s reward=QoE=  -58.52 pacing=0.00s eps=0.050 loss=3.4579
[ep 2463] soldier      driving_B_2020.02.14_09.38.22.csv block-000@1560s reward=QoE=   32.88 pacing=0.00s eps=0.050 loss=3.2483
[ep 2464] longdress    static_B_2020.02.14_13.21.26.csv block-000@780s reward=QoE=   81.95 pacing=0.00s eps=0.050 loss=3.1636
[ep 2465] loot         driving_B_2020.01.16_07.26.43.csv block-000@120s reward=QoE=   38.98 pacing=0.00s eps=0.050 loss=3.0960
[ep 2466] redandblack  driving_B_2020.01.16_09.56.56.csv block-001@819s reward=QoE=   73.69 pacing=0.00s eps=0.050 loss=3.1152
[ep 2467] soldier      driving_B_2020.02.13_15.02.01.csv block-000@2700s reward=QoE=  -16.71 pacing=0.00s eps=0.050 loss=2.9755
[ep 2468] longdress    driving_B_2020.01.16_12.10.03.csv block-000@360s reward=QoE=   64.81 pacing=0.00s eps=0.050 loss=3.0536
[ep 2469] loot         static_B_2020.02.27_18.39.27.csv block-001@1572s reward=QoE=   91.23 pacing=1.07s eps=0.050 loss=3.3014
[ep 2470] redandblack  static_B_2020.02.27_18.39.27.csv block-001@5352s reward=QoE= -114.04 pacing=0.00s eps=0.050 loss=3.2387
[ep 2471] soldier      driving_B_2020.02.13_15.02.01.csv block-000@1980s reward=QoE=   85.14 pacing=0.00s eps=0.050 loss=3.2327
[ep 2472] longdress    static_B_2020.02.27_18.39.27.csv block-001@2412s reward=QoE=   51.32 pacing=0.00s eps=0.050 loss=3.2764
[ep 2473] loot         driving_B_2020.02.13_15.02.01.csv block-000@1440s reward=QoE=   13.26 pacing=0.00s eps=0.050 loss=3.2160
[ep 2474] redandblack  driving_B_2019.12.17_07.32.39.csv block-003@1774s reward=QoE=   17.38 pacing=0.81s eps=0.050 loss=3.2259
[ep 2475] soldier      driving_B_2020.02.13_15.02.01.csv block-000@180s reward=QoE=   45.61 pacing=0.00s eps=0.050 loss=3.2455
[ep 2476] longdress    driving_B_2020.01.16_07.26.43.csv block-000@480s reward=QoE=   29.45 pacing=0.00s eps=0.050 loss=3.1360
[ep 2477] loot         driving_B_2020.02.13_15.02.01.csv block-000@780s reward=QoE=   34.22 pacing=0.00s eps=0.050 loss=3.0740
[ep 2478] redandblack  driving_B_2019.12.16_12.27.05.csv block-000@780s reward=QoE=   47.43 pacing=0.00s eps=0.050 loss=2.9256
[ep 2479] soldier      driving_B_2020.02.14_12.58.17.csv block-002@536s reward=QoE=  -12.21 pacing=0.00s eps=0.050 loss=2.9058
[ep 2480] longdress    static_B_2020.02.14_13.21.26.csv block-000@1080s reward=QoE=   90.44 pacing=0.00s eps=0.050 loss=3.1256
[ep 2481] loot         driving_B_2019.12.17_07.32.39.csv block-004@2537s reward=QoE=   90.98 pacing=1.18s eps=0.050 loss=3.1346
[ep 2482] redandblack  driving_B_2020.02.27_17.30.15.csv block-002@353s reward=QoE=    5.83 pacing=0.00s eps=0.050 loss=3.3088
[ep 2483] soldier      driving_B_2020.01.16_12.10.03.csv block-000@240s reward=QoE=   79.77 pacing=0.00s eps=0.050 loss=3.2715
[ep 2484] longdress    driving_B_2020.01.16_12.10.03.csv block-000@120s reward=QoE=   85.08 pacing=0.00s eps=0.050 loss=3.1719
[ep 2485] loot         driving_B_2020.01.16_07.26.43.csv block-000@1380s reward=QoE=   28.55 pacing=0.00s eps=0.050 loss=3.0430
[ep 2486] redandblack  driving_B_2020.02.13_15.02.01.csv block-000@0s reward=QoE=   77.53 pacing=0.00s eps=0.050 loss=3.0898
[ep 2487] soldier      driving_B_2020.01.16_09.56.56.csv block-001@879s reward=QoE=   63.40 pacing=0.00s eps=0.050 loss=3.2663
[ep 2488] longdress    driving_B_2019.12.17_07.32.39.csv block-003@1714s reward=QoE=   18.86 pacing=0.00s eps=0.050 loss=3.1566
[ep 2489] loot         driving_B_2020.02.13_15.02.01.csv block-000@1560s reward=QoE=   36.55 pacing=0.00s eps=0.050 loss=3.1923
[ep 2490] redandblack  driving_B_2020.01.16_07.26.43.csv block-000@1740s reward=QoE=   -3.47 pacing=0.00s eps=0.050 loss=3.1403
[ep 2491] soldier      driving_B_2020.02.14_09.38.22.csv block-000@720s reward=QoE=   90.35 pacing=0.00s eps=0.050 loss=3.1507
[ep 2492] longdress    driving_B_2020.02.13_15.02.01.csv block-000@2100s reward=QoE=    2.01 pacing=0.00s eps=0.050 loss=3.1616
[ep 2493] loot         driving_B_2019.12.17_07.32.39.csv block-000@480s reward=QoE=   66.39 pacing=0.00s eps=0.050 loss=3.3104
[ep 2494] redandblack  driving_B_2020.01.16_07.26.43.csv block-000@960s reward=QoE=    0.20 pacing=0.00s eps=0.050 loss=3.1666
[ep 2495] soldier      driving_B_2020.02.14_12.58.17.csv block-002@596s reward=QoE=   22.25 pacing=0.00s eps=0.050 loss=3.2969
[ep 2496] longdress    driving_B_2020.01.16_09.56.56.csv block-001@519s reward=QoE=   36.15 pacing=0.00s eps=0.050 loss=3.2070
[ep 2497] redandblack  driving_B_2019.12.16_12.27.05.csv block-000@1260s reward=QoE=   87.63 pacing=1.63s eps=0.050 loss=3.1316
[ep 2498] soldier      driving_B_2020.02.27_17.30.15.csv block-002@293s reward=QoE= -164.46 pacing=0.00s eps=0.050 loss=3.2533
[ep 2499] longdress    driving_B_2020.01.16_12.10.03.csv block-000@180s reward=QoE=   81.68 pacing=0.00s eps=0.050 loss=3.0886
[ep 2500] loot         driving_B_2020.02.14_12.58.17.csv block-002@656s reward=QoE=   45.74 pacing=0.00s eps=0.050 loss=3.2295
[ep 2501] redandblack  static_B_2019.12.16_13.40.04.csv block-001@1075s reward=QoE=   55.65 pacing=0.00s eps=0.050 loss=3.3818
[ep 2502] soldier      driving_B_2020.02.27_17.30.15.csv block-002@413s reward=QoE=   -9.51 pacing=0.00s eps=0.050 loss=3.0563
[ep 2503] longdress    driving_B_2020.02.13_13.03.24.csv block-000@420s reward=QoE=   13.69 pacing=0.00s eps=0.050 loss=3.1855
[ep 2504] loot         driving_B_2020.02.13_15.02.01.csv block-000@2760s reward=QoE=   -0.83 pacing=0.00s eps=0.050 loss=3.3223
[ep 2505] redandblack  driving_B_2020.02.14_09.38.22.csv block-000@1140s reward=QoE=   10.39 pacing=0.00s eps=0.050 loss=3.0499
[ep 2506] soldier      static_B_2019.12.16_13.40.04.csv block-000@300s reward=QoE=   14.09 pacing=0.00s eps=0.050 loss=3.3676
[ep 2507] longdress    driving_B_2020.02.13_13.03.24.csv block-000@240s reward=QoE=   32.75 pacing=0.00s eps=0.050 loss=3.3032
[ep 2508] loot         driving_B_2019.12.17_07.32.39.csv block-003@1534s reward=QoE=   59.10 pacing=0.00s eps=0.050 loss=3.0950
[ep 2509] redandblack  driving_B_2020.01.16_12.10.03.csv block-000@60s reward=QoE=   53.72 pacing=0.00s eps=0.050 loss=3.5220
[ep 2510] soldier      driving_B_2020.02.13_15.02.01.csv block-000@2100s reward=QoE=    3.38 pacing=0.00s eps=0.050 loss=2.8144
[ep 2511] longdress    driving_B_2020.01.16_12.10.03.csv block-000@360s reward=QoE=   68.05 pacing=0.00s eps=0.050 loss=3.3089
[ep 2512] loot         static_B_2020.02.14_13.21.26.csv block-000@240s reward=QoE=   83.10 pacing=0.94s eps=0.050 loss=3.0691
[ep 2513] redandblack  driving_B_2020.02.14_09.38.22.csv block-000@1200s reward=QoE=   27.63 pacing=0.00s eps=0.050 loss=2.8759
[ep 2514] soldier      driving_B_2020.01.16_07.26.43.csv block-000@360s reward=QoE=  -13.31 pacing=0.00s eps=0.050 loss=3.0737
[ep 2515] longdress    driving_B_2020.02.14_12.58.17.csv block-002@656s reward=QoE=   34.88 pacing=0.00s eps=0.050 loss=3.0969
[ep 2516] loot         driving_B_2020.02.27_17.30.15.csv block-002@533s reward=QoE=  -37.80 pacing=0.00s eps=0.050 loss=2.9304
[ep 2517] redandblack  driving_B_2020.02.13_13.03.24.csv block-001@1574s reward=QoE=   31.19 pacing=0.00s eps=0.050 loss=2.8881
[ep 2518] soldier      static_B_2019.12.16_13.40.04.csv block-000@240s reward=QoE=   37.76 pacing=0.00s eps=0.050 loss=3.3060
[ep 2519] longdress    static_B_2019.12.16_13.40.04.csv block-005@1466s reward=QoE=   51.97 pacing=0.00s eps=0.050 loss=3.1855
[ep 2520] loot         driving_B_2020.01.16_07.26.43.csv block-000@1020s reward=QoE=   -2.05 pacing=0.00s eps=0.050 loss=3.1101
[ep 2521] redandblack  driving_B_2019.12.17_07.32.39.csv block-000@900s reward=QoE=   27.30 pacing=0.00s eps=0.050 loss=3.1180
[ep 2522] soldier      driving_B_2020.02.27_17.30.15.csv block-002@533s reward=QoE=  -30.68 pacing=0.00s eps=0.050 loss=3.1511
[ep 2523] longdress    driving_B_2020.01.16_07.26.43.csv block-000@60s reward=QoE=   36.53 pacing=0.00s eps=0.050 loss=3.2935
[ep 2524] loot         driving_B_2020.02.13_13.03.24.csv block-001@914s reward=QoE=    0.13 pacing=0.00s eps=0.050 loss=3.1019
[ep 2525] redandblack  driving_B_2020.01.16_07.26.43.csv block-000@720s reward=QoE=   12.59 pacing=0.00s eps=0.050 loss=3.2566
[ep 2526] soldier      static_B_2019.12.16_13.40.04.csv block-001@1135s reward=QoE=   39.22 pacing=0.00s eps=0.050 loss=3.1506
[ep 2527] longdress    driving_B_2020.02.13_13.03.24.csv block-000@0s reward=QoE=    1.84 pacing=0.00s eps=0.050 loss=2.9826
[ep 2528] loot         driving_B_2020.02.14_09.38.22.csv block-000@1380s reward=QoE=   22.90 pacing=0.00s eps=0.050 loss=3.1407
[ep 2529] redandblack  driving_B_2020.01.16_07.26.43.csv block-000@1800s reward=QoE=   24.93 pacing=0.00s eps=0.050 loss=2.9812
[ep 2530] soldier      driving_B_2019.12.16_12.27.05.csv block-000@720s reward=QoE=   12.87 pacing=0.00s eps=0.050 loss=3.0444
[ep 2531] longdress    driving_B_2020.02.14_12.58.17.csv block-002@596s reward=QoE=   15.82 pacing=0.00s eps=0.050 loss=3.3264
[ep 2532] loot         driving_B_2020.02.14_12.58.17.csv block-000@0s reward=QoE=   31.03 pacing=0.00s eps=0.050 loss=3.0722
[ep 2533] redandblack  static_B_2019.12.16_13.40.04.csv block-000@60s reward=QoE=   54.29 pacing=0.00s eps=0.050 loss=3.2154
[ep 2534] soldier      driving_B_2020.02.13_13.03.24.csv block-001@1154s reward=QoE=  -30.15 pacing=0.00s eps=0.050 loss=3.2893
[ep 2535] longdress    driving_B_2020.02.13_15.02.01.csv block-000@1320s reward=QoE=   29.07 pacing=0.00s eps=0.050 loss=3.1425
[ep 2536] loot         static_B_2020.02.14_13.21.26.csv block-000@120s reward=QoE=   90.16 pacing=1.10s eps=0.050 loss=3.2124
[ep 2537] redandblack  driving_B_2020.01.16_09.56.56.csv block-001@699s reward=QoE=   88.28 pacing=1.83s eps=0.050 loss=3.1564
[ep 2538] soldier      static_B_2020.02.14_13.21.26.csv block-000@720s reward=QoE=   78.66 pacing=0.00s eps=0.050 loss=3.3145
[ep 2539] longdress    driving_B_2020.01.16_07.26.43.csv block-000@0s reward=QoE=   22.13 pacing=0.00s eps=0.050 loss=3.0195
[ep 2540] loot         static_B_2020.02.27_18.39.27.csv block-001@1992s reward=QoE=   57.09 pacing=0.00s eps=0.050 loss=3.0456
[ep 2541] redandblack  driving_B_2020.01.16_07.26.43.csv block-000@1740s reward=QoE=    8.58 pacing=0.00s eps=0.050 loss=2.8202
[ep 2542] soldier      driving_B_2020.01.16_07.26.43.csv block-000@960s reward=QoE=    7.78 pacing=0.00s eps=0.050 loss=2.9288
[ep 2543] longdress    driving_B_2019.12.16_12.27.05.csv block-000@540s reward=QoE=  -68.59 pacing=0.00s eps=0.050 loss=3.3314
[ep 2544] loot         driving_B_2020.02.27_17.30.15.csv block-002@293s reward=QoE=  -16.94 pacing=0.00s eps=0.050 loss=2.8952
[ep 2545] redandblack  driving_B_2020.02.14_09.38.22.csv block-000@600s reward=QoE=   63.94 pacing=0.00s eps=0.050 loss=2.9276
[ep 2546] soldier      driving_B_2020.01.16_12.10.03.csv block-000@60s reward=QoE=   34.71 pacing=0.00s eps=0.050 loss=3.2149
[ep 2547] longdress    driving_B_2020.01.16_09.56.56.csv block-001@1719s reward=QoE=   54.64 pacing=0.00s eps=0.050 loss=3.0198
[ep 2548] loot         driving_B_2020.02.13_13.03.24.csv block-001@1694s reward=QoE=   15.34 pacing=0.00s eps=0.050 loss=2.8956
[ep 2549] redandblack  driving_B_2020.02.13_15.02.01.csv block-000@480s reward=QoE=   78.48 pacing=0.00s eps=0.050 loss=3.1232
[ep 2550] soldier      driving_B_2020.02.13_15.02.01.csv block-000@1260s reward=QoE=   17.08 pacing=0.00s eps=0.050 loss=3.1079
[ep 2551] longdress    driving_B_2019.12.16_12.27.05.csv block-000@0s reward=QoE=   42.77 pacing=0.00s eps=0.050 loss=3.1201
[ep 2552] loot         static_B_2020.02.14_13.21.26.csv block-000@480s reward=QoE=   90.17 pacing=1.09s eps=0.050 loss=3.3082
[ep 2553] redandblack  static_B_2019.12.16_13.40.04.csv block-005@1826s reward=QoE=   75.38 pacing=0.00s eps=0.050 loss=3.0645
[ep 2554] soldier      static_B_2020.02.27_18.39.27.csv block-001@3432s reward=QoE=   42.65 pacing=0.00s eps=0.050 loss=2.9665
[ep 2555] longdress    driving_B_2020.02.27_17.30.15.csv block-002@353s reward=QoE=  -18.00 pacing=0.00s eps=0.050 loss=3.1538
[ep 2556] loot         driving_B_2020.01.16_12.10.03.csv block-000@360s reward=QoE=   68.91 pacing=0.00s eps=0.050 loss=3.2080
[ep 2557] redandblack  driving_B_2020.02.27_17.30.15.csv block-002@473s reward=QoE= -215.59 pacing=0.00s eps=0.050 loss=3.2023
[ep 2558] soldier      driving_B_2020.02.13_15.02.01.csv block-000@2580s reward=QoE=  -48.16 pacing=0.00s eps=0.050 loss=3.2489
[ep 2559] longdress    driving_B_2020.01.16_07.26.43.csv block-000@1440s reward=QoE=   40.35 pacing=0.00s eps=0.050 loss=2.9974
[ep 2560] loot         driving_B_2019.12.17_07.32.39.csv block-004@2477s reward=QoE=   82.95 pacing=0.00s eps=0.050 loss=2.9105
[ep 2561] redandblack  driving_B_2020.02.13_15.02.01.csv block-000@2280s reward=QoE=   53.93 pacing=0.00s eps=0.050 loss=3.1602
[ep 2562] soldier      driving_B_2019.12.17_07.32.39.csv block-000@840s reward=QoE=   -7.09 pacing=0.00s eps=0.050 loss=3.0576
[ep 2563] longdress    driving_B_2020.01.16_09.56.56.csv block-001@879s reward=QoE=   64.73 pacing=0.00s eps=0.050 loss=3.3670
[ep 2564] loot         static_B_2020.02.27_18.39.27.csv block-001@3912s reward=QoE=   82.96 pacing=0.00s eps=0.050 loss=3.1203
[ep 2565] redandblack  driving_B_2019.12.16_12.27.05.csv block-000@360s reward=QoE=   18.14 pacing=0.00s eps=0.050 loss=3.1811
[ep 2566] soldier      driving_B_2020.02.14_09.38.22.csv block-000@1440s reward=QoE=   87.33 pacing=0.00s eps=0.050 loss=3.0044
[ep 2567] longdress    driving_B_2020.02.13_13.03.24.csv block-000@300s reward=QoE=   30.97 pacing=0.00s eps=0.050 loss=3.0836
[ep 2568] loot         driving_B_2020.02.13_13.03.24.csv block-001@1334s reward=QoE=   17.75 pacing=0.00s eps=0.050 loss=2.9474
[ep 2569] redandblack  driving_B_2020.01.16_09.56.56.csv block-001@1119s reward=QoE=   83.18 pacing=1.07s eps=0.050 loss=3.2507
[ep 2570] soldier      static_B_2020.02.14_13.21.26.csv block-000@240s reward=QoE=   91.72 pacing=0.51s eps=0.050 loss=3.1534
[ep 2571] longdress    driving_B_2020.02.13_15.02.01.csv block-000@2220s reward=QoE=   43.64 pacing=0.00s eps=0.050 loss=2.9324
[ep 2572] loot         driving_B_2019.12.16_12.27.05.csv block-000@300s reward=QoE=   32.65 pacing=0.00s eps=0.050 loss=3.3622
[ep 2573] redandblack  driving_B_2020.01.16_12.10.03.csv block-000@0s reward=QoE=   86.03 pacing=0.81s eps=0.050 loss=3.2077
[ep 2574] soldier      static_B_2019.12.16_13.40.04.csv block-005@1346s reward=QoE=   -9.50 pacing=0.00s eps=0.050 loss=3.3562
[ep 2575] longdress    driving_B_2019.12.16_12.27.05.csv block-000@240s reward=QoE=   22.90 pacing=0.00s eps=0.050 loss=3.1203
[ep 2576] loot         driving_B_2019.12.16_12.27.05.csv block-000@600s reward=QoE=    3.23 pacing=0.00s eps=0.050 loss=3.0641
[ep 2577] redandblack  driving_B_2019.12.17_07.32.39.csv block-000@480s reward=QoE=   73.70 pacing=0.00s eps=0.050 loss=3.0194
[ep 2578] soldier      static_B_2020.02.14_13.21.26.csv block-000@900s reward=QoE=   59.19 pacing=0.00s eps=0.050 loss=3.1670
[ep 2579] longdress    static_B_2020.02.27_18.39.27.csv block-001@2592s reward=QoE=   50.99 pacing=0.00s eps=0.050 loss=3.0747
[ep 2580] loot         driving_B_2019.12.17_07.32.39.csv block-003@2014s reward=QoE=   -0.32 pacing=0.12s eps=0.050 loss=2.8854
[ep 2581] redandblack  driving_B_2020.02.14_12.58.17.csv block-002@596s reward=QoE=   20.72 pacing=0.00s eps=0.050 loss=3.4317
[ep 2582] soldier      static_B_2020.02.27_18.39.27.csv block-001@6432s reward=QoE=   71.97 pacing=0.00s eps=0.050 loss=2.9585
[ep 2583] longdress    static_B_2019.12.16_13.40.04.csv block-000@120s reward=QoE=   87.85 pacing=0.00s eps=0.050 loss=3.0603
[ep 2584] loot         static_B_2020.02.27_18.39.27.csv block-001@3252s reward=QoE=   80.72 pacing=0.00s eps=0.050 loss=3.2729
[ep 2585] redandblack  driving_B_2020.02.27_17.30.15.csv block-002@413s reward=QoE=   20.36 pacing=0.00s eps=0.050 loss=2.7527
[ep 2586] soldier      driving_B_2020.02.13_13.03.24.csv block-001@1514s reward=QoE=  -27.10 pacing=0.00s eps=0.050 loss=3.3486
[ep 2587] longdress    driving_B_2020.02.27_17.30.15.csv block-002@473s reward=QoE= -288.54 pacing=0.00s eps=0.050 loss=3.4815
[ep 2588] loot         driving_B_2019.12.17_07.32.39.csv block-000@60s reward=QoE=   52.08 pacing=0.00s eps=0.050 loss=3.4526
[ep 2589] redandblack  driving_B_2020.02.14_09.38.22.csv block-000@660s reward=QoE=   29.91 pacing=0.00s eps=0.050 loss=3.1758
[ep 2590] soldier      driving_B_2020.02.13_13.03.24.csv block-000@480s reward=QoE=   17.20 pacing=0.00s eps=0.050 loss=3.2975
[ep 2591] longdress    static_B_2019.12.16_13.40.04.csv block-005@1766s reward=QoE=   88.77 pacing=0.00s eps=0.050 loss=3.0650
[ep 2592] loot         driving_B_2020.02.14_09.38.22.csv block-000@360s reward=QoE=    5.57 pacing=0.00s eps=0.050 loss=3.1410
[ep 2593] redandblack  driving_B_2020.02.13_13.03.24.csv block-000@600s reward=QoE=   22.74 pacing=0.00s eps=0.050 loss=3.0656
[ep 2594] soldier      driving_B_2020.02.27_17.30.15.csv block-002@353s reward=QoE=  -29.90 pacing=0.00s eps=0.050 loss=3.1441
[ep 2595] longdress    static_B_2020.02.27_18.39.27.csv block-001@252s reward=QoE=   83.24 pacing=0.00s eps=0.050 loss=3.1354
[ep 2596] loot         static_B_2019.12.16_13.40.04.csv block-006@2172s reward=QoE=   85.70 pacing=2.18s eps=0.050 loss=3.3033
[ep 2597] redandblack  driving_B_2020.02.13_13.03.24.csv block-000@60s reward=QoE=   31.62 pacing=0.00s eps=0.050 loss=3.2106
[ep 2598] soldier      driving_B_2020.02.27_17.30.15.csv block-002@473s reward=QoE=    3.37 pacing=0.00s eps=0.050 loss=3.2014
[ep 2599] longdress    driving_B_2020.02.14_09.38.22.csv block-000@840s reward=QoE=   -1.96 pacing=0.00s eps=0.050 loss=3.0558
[ep 2600] loot         driving_B_2020.01.16_07.26.43.csv block-000@300s reward=QoE=   59.04 pacing=0.00s eps=0.050 loss=3.1281
[ep 2601] redandblack  driving_B_2020.02.27_17.30.15.csv block-002@533s reward=QoE=  -18.53 pacing=0.00s eps=0.050 loss=3.2599
[ep 2602] soldier      driving_B_2020.02.14_09.38.22.csv block-000@420s reward=QoE=    8.15 pacing=0.00s eps=0.050 loss=3.0359
[ep 2603] longdress    static_B_2020.02.27_18.39.27.csv block-001@5772s reward=QoE=   75.95 pacing=0.00s eps=0.050 loss=3.6055
[ep 2604] loot         static_B_2020.02.27_18.39.27.csv block-001@2772s reward=QoE=   89.30 pacing=0.67s eps=0.050 loss=3.3152
[ep 2605] redandblack  driving_B_2019.12.17_07.32.39.csv block-004@2417s reward=QoE=   39.56 pacing=0.00s eps=0.050 loss=3.5751
[ep 2606] soldier      static_B_2019.12.16_13.40.04.csv block-005@1586s reward=QoE=  -42.76 pacing=0.00s eps=0.050 loss=3.1508
[ep 2607] longdress    driving_B_2020.01.16_07.26.43.csv block-000@1260s reward=QoE=   37.28 pacing=0.00s eps=0.050 loss=3.4485
[ep 2608] loot         driving_B_2020.02.13_13.03.24.csv block-001@1814s reward=QoE=   12.07 pacing=0.00s eps=0.050 loss=3.0992
[ep 2609] redandblack  driving_B_2020.01.16_09.56.56.csv block-001@879s reward=QoE=   73.28 pacing=0.00s eps=0.050 loss=3.3926
[ep 2610] soldier      driving_B_2020.02.13_13.03.24.csv block-001@1934s reward=QoE=   -1.06 pacing=0.00s eps=0.050 loss=3.4032
[ep 2611] longdress    static_B_2019.12.16_13.40.04.csv block-000@0s reward=QoE=   54.79 pacing=0.00s eps=0.050 loss=3.4581
[ep 2612] loot         static_B_2020.02.27_18.39.27.csv block-001@2472s reward=QoE=   86.45 pacing=0.00s eps=0.050 loss=2.9999
[ep 2613] redandblack  driving_B_2020.02.14_09.38.22.csv block-000@180s reward=QoE=    8.40 pacing=0.00s eps=0.050 loss=3.4257
[ep 2614] soldier      driving_B_2020.02.27_17.30.15.csv block-002@413s reward=QoE=   27.45 pacing=0.00s eps=0.050 loss=3.3639
[ep 2615] longdress    driving_B_2020.02.14_12.58.17.csv block-000@0s reward=QoE=   26.48 pacing=0.00s eps=0.050 loss=3.0990
[ep 2616] loot         driving_B_2019.12.16_12.27.05.csv block-000@900s reward=QoE=   87.83 pacing=0.64s eps=0.050 loss=3.3524
[ep 2617] redandblack  driving_B_2020.01.16_09.56.56.csv block-001@1299s reward=QoE=   62.45 pacing=0.00s eps=0.050 loss=3.3300
[ep 2618] soldier      static_B_2020.02.14_13.21.26.csv block-000@840s reward=QoE=   85.45 pacing=0.00s eps=0.050 loss=3.3445
[ep 2619] longdress    static_B_2020.02.14_13.21.26.csv block-000@780s reward=QoE=   73.31 pacing=0.00s eps=0.050 loss=3.5666
[ep 2620] loot         static_B_2020.02.27_18.39.27.csv block-001@3612s reward=QoE=  -67.20 pacing=0.00s eps=0.050 loss=3.5239
[ep 2621] redandblack  driving_B_2019.12.16_12.27.05.csv block-000@1200s reward=QoE=   30.52 pacing=0.00s eps=0.050 loss=3.3321
[ep 2622] soldier      driving_B_2020.02.14_09.38.22.csv block-000@1320s reward=QoE=   18.02 pacing=0.00s eps=0.050 loss=3.1078
[ep 2623] longdress    static_B_2020.02.27_18.39.27.csv block-001@6492s reward=QoE=   38.94 pacing=0.00s eps=0.050 loss=3.3235
[ep 2624] loot         driving_B_2020.02.13_13.03.24.csv block-000@120s reward=QoE=   21.11 pacing=0.00s eps=0.050 loss=3.3948
[ep 2625] redandblack  driving_B_2020.02.13_15.02.01.csv block-000@900s reward=QoE=    8.31 pacing=0.00s eps=0.050 loss=3.3646
[ep 2626] soldier      driving_B_2020.01.16_12.10.03.csv block-000@0s reward=QoE=   81.83 pacing=0.76s eps=0.050 loss=3.0819
[ep 2627] longdress    static_B_2020.02.14_13.21.26.csv block-000@300s reward=QoE=   42.78 pacing=0.00s eps=0.050 loss=3.2958
[ep 2628] loot         driving_B_2020.02.13_15.02.01.csv block-000@600s reward=QoE=   46.02 pacing=0.00s eps=0.050 loss=3.3647
[ep 2629] redandblack  driving_B_2020.01.16_12.10.03.csv block-000@180s reward=QoE=   90.20 pacing=0.00s eps=0.050 loss=3.0615
[ep 2630] soldier      driving_B_2020.01.16_09.56.56.csv block-001@1599s reward=QoE=   71.36 pacing=0.00s eps=0.050 loss=3.8097
[ep 2631] longdress    driving_B_2019.12.16_12.27.05.csv block-000@480s reward=QoE=   29.49 pacing=0.00s eps=0.050 loss=3.4975
[ep 2632] loot         driving_B_2020.02.14_09.38.22.csv block-000@0s reward=QoE=   21.46 pacing=0.00s eps=0.050 loss=3.1191
[ep 2633] redandblack  driving_B_2019.12.16_12.27.05.csv block-000@1140s reward=QoE=   43.99 pacing=0.00s eps=0.050 loss=3.5571
[ep 2634] soldier      driving_B_2020.01.16_12.10.03.csv block-000@240s reward=QoE=   73.43 pacing=0.00s eps=0.050 loss=3.2624
[ep 2635] longdress    driving_B_2020.02.13_15.02.01.csv block-000@2700s reward=QoE=  -39.06 pacing=0.00s eps=0.050 loss=3.2903
[ep 2636] loot         static_B_2019.12.16_13.40.04.csv block-001@715s reward=QoE=   55.04 pacing=0.00s eps=0.050 loss=3.2983
[ep 2637] redandblack  driving_B_2020.01.16_07.26.43.csv block-000@1320s reward=QoE=   39.95 pacing=0.00s eps=0.050 loss=3.2614
[ep 2638] soldier      static_B_2019.12.16_13.40.04.csv block-001@595s reward=QoE=   86.03 pacing=0.00s eps=0.050 loss=3.7013
[ep 2639] longdress    driving_B_2020.02.27_17.30.15.csv block-002@353s reward=QoE=  -24.15 pacing=0.00s eps=0.050 loss=3.3967
[ep 2640] loot         driving_B_2020.02.14_12.58.17.csv block-000@0s reward=QoE=   25.56 pacing=0.00s eps=0.050 loss=3.2447
[ep 2641] redandblack  driving_B_2020.02.14_12.58.17.csv block-002@716s reward=QoE=   27.11 pacing=0.00s eps=0.050 loss=3.2524
[ep 2642] soldier      driving_B_2019.12.16_12.27.05.csv block-000@420s reward=QoE= -135.59 pacing=0.00s eps=0.050 loss=3.4080
[ep 2643] longdress    driving_B_2020.02.13_15.02.01.csv block-000@840s reward=QoE=   38.09 pacing=0.00s eps=0.050 loss=3.3760
[ep 2644] loot         driving_B_2020.01.16_09.56.56.csv block-001@999s reward=QoE=   36.38 pacing=0.00s eps=0.050 loss=3.2813
[ep 2645] redandblack  driving_B_2020.02.13_13.03.24.csv block-000@540s reward=QoE=   35.95 pacing=0.00s eps=0.050 loss=3.2033
[ep 2646] soldier      driving_B_2020.01.16_09.56.56.csv block-000@360s reward=QoE=   36.03 pacing=0.00s eps=0.050 loss=3.1215
[ep 2647] longdress    driving_B_2020.02.14_09.38.22.csv block-000@540s reward=QoE=   31.14 pacing=0.00s eps=0.050 loss=3.1206
[ep 2648] loot         static_B_2019.12.16_13.40.04.csv block-001@655s reward=QoE=   56.83 pacing=0.00s eps=0.050 loss=3.3314
[ep 2649] redandblack  driving_B_2020.01.16_07.26.43.csv block-000@1380s reward=QoE=   38.71 pacing=0.00s eps=0.050 loss=3.0228
[ep 2650] soldier      driving_B_2019.12.17_07.32.39.csv block-000@1320s reward=QoE=   11.61 pacing=0.00s eps=0.050 loss=3.0166
[ep 2651] longdress    driving_B_2020.02.13_15.02.01.csv block-000@2940s reward=QoE=   19.27 pacing=0.00s eps=0.050 loss=3.4387
[ep 2652] loot         driving_B_2020.01.16_12.10.03.csv block-000@240s reward=QoE=   85.87 pacing=0.75s eps=0.050 loss=3.2859
[ep 2653] redandblack  driving_B_2020.01.16_09.56.56.csv block-000@240s reward=QoE=   45.98 pacing=0.00s eps=0.050 loss=3.1174
[ep 2654] soldier      driving_B_2020.01.16_12.10.03.csv block-000@120s reward=QoE=   89.48 pacing=0.00s eps=0.050 loss=3.3988
[ep 2655] longdress    driving_B_2020.02.13_15.02.01.csv block-000@0s reward=QoE=   62.91 pacing=0.00s eps=0.050 loss=3.3652
[ep 2656] loot         driving_B_2020.02.14_12.58.17.csv block-002@536s reward=QoE=   -7.60 pacing=0.00s eps=0.050 loss=3.3199
[ep 2657] redandblack  driving_B_2020.02.14_12.58.17.csv block-002@536s reward=QoE=    5.47 pacing=0.00s eps=0.050 loss=3.5959
[ep 2658] soldier      driving_B_2020.02.14_12.58.17.csv block-002@716s reward=QoE=   23.71 pacing=0.00s eps=0.050 loss=3.1219
[ep 2659] longdress    static_B_2019.12.16_13.40.04.csv block-000@180s reward=QoE=   68.98 pacing=0.00s eps=0.050 loss=3.2159
[ep 2660] loot         static_B_2020.02.14_13.21.26.csv block-000@660s reward=QoE=   90.56 pacing=1.10s eps=0.050 loss=3.2274
[ep 2661] redandblack  driving_B_2020.02.14_09.38.22.csv block-000@240s reward=QoE=  -23.08 pacing=0.00s eps=0.050 loss=3.3519
[ep 2662] soldier      driving_B_2019.12.17_07.32.39.csv block-000@720s reward=QoE=   14.57 pacing=0.00s eps=0.050 loss=3.4756
[ep 2663] longdress    static_B_2020.02.14_13.21.26.csv block-000@360s reward=QoE=   68.45 pacing=0.00s eps=0.050 loss=3.2926
[ep 2664] loot         driving_B_2020.02.14_09.38.22.csv block-000@1500s reward=QoE=   23.73 pacing=0.00s eps=0.050 loss=3.4834
[ep 2665] redandblack  driving_B_2020.02.14_12.58.17.csv block-002@536s reward=QoE=   -9.12 pacing=0.00s eps=0.050 loss=3.4320
[ep 2666] soldier      static_B_2020.02.14_13.21.26.csv block-000@180s reward=QoE=   84.11 pacing=0.00s eps=0.050 loss=3.3454
[ep 2667] longdress    static_B_2019.12.16_13.40.04.csv block-005@2006s reward=QoE=   38.40 pacing=0.00s eps=0.050 loss=3.7456
[ep 2668] loot         driving_B_2019.12.16_12.27.05.csv block-000@120s reward=QoE=   46.05 pacing=0.00s eps=0.050 loss=3.1365
[ep 2669] redandblack  driving_B_2020.02.13_15.02.01.csv block-000@1800s reward=QoE=  -58.46 pacing=0.00s eps=0.050 loss=3.0552
[ep 2670] soldier      driving_B_2020.02.13_13.03.24.csv block-007@2290s reward=QoE=  -76.29 pacing=0.00s eps=0.050 loss=3.5946
[ep 2671] longdress    driving_B_2020.02.14_09.38.22.csv block-000@1080s reward=QoE=   46.00 pacing=0.00s eps=0.050 loss=3.1949
[ep 2672] loot         driving_B_2020.02.14_09.38.22.csv block-000@1020s reward=QoE=   91.21 pacing=0.49s eps=0.050 loss=3.0279
[ep 2673] redandblack  driving_B_2020.01.16_07.26.43.csv block-000@1620s reward=QoE=   14.53 pacing=0.00s eps=0.050 loss=3.4320
[ep 2674] soldier      driving_B_2020.02.13_13.03.24.csv block-001@1094s reward=QoE=   -0.76 pacing=0.00s eps=0.050 loss=3.1432
[ep 2675] longdress    driving_B_2019.12.16_12.27.05.csv block-000@840s reward=QoE=   44.98 pacing=0.00s eps=0.050 loss=3.2169
[ep 2676] loot         driving_B_2020.02.14_09.38.22.csv block-000@960s reward=QoE=   60.99 pacing=0.00s eps=0.050 loss=3.4510
[ep 2677] redandblack  driving_B_2020.02.14_09.38.22.csv block-000@780s reward=QoE=   84.13 pacing=0.00s eps=0.050 loss=3.2151
[ep 2678] soldier      static_B_2019.12.16_13.40.04.csv block-005@1646s reward=QoE=   84.63 pacing=0.00s eps=0.050 loss=3.5624
[ep 2679] longdress    driving_B_2020.01.16_07.26.43.csv block-000@1200s reward=QoE=   54.02 pacing=0.00s eps=0.050 loss=3.4629
[ep 2680] loot         driving_B_2020.02.14_09.38.22.csv block-000@480s reward=QoE=   12.25 pacing=0.00s eps=0.050 loss=3.1532
[ep 2681] redandblack  driving_B_2019.12.17_07.32.39.csv block-003@1834s reward=QoE=   28.18 pacing=0.00s eps=0.050 loss=3.1955
[ep 2682] soldier      driving_B_2020.02.14_09.38.22.csv block-000@480s reward=QoE=   14.69 pacing=0.00s eps=0.050 loss=3.5925
[ep 2683] longdress    driving_B_2020.01.16_07.26.43.csv block-000@780s reward=QoE=   25.74 pacing=0.00s eps=0.050 loss=3.4293
[ep 2684] loot         driving_B_2020.02.13_15.02.01.csv block-000@1680s reward=QoE=   36.42 pacing=0.00s eps=0.050 loss=3.2944
[ep 2685] redandblack  driving_B_2019.12.17_07.32.39.csv block-000@1020s reward=QoE=    8.92 pacing=0.00s eps=0.050 loss=3.5164
[ep 2686] soldier      driving_B_2020.02.13_15.02.01.csv block-000@1500s reward=QoE= -145.17 pacing=0.00s eps=0.050 loss=3.2641
[ep 2687] longdress    driving_B_2020.02.13_15.02.01.csv block-000@2520s reward=QoE=   26.63 pacing=0.00s eps=0.050 loss=3.2118
[ep 2688] loot         static_B_2020.02.14_13.21.26.csv block-000@960s reward=QoE=   55.41 pacing=0.00s eps=0.050 loss=3.1546
[ep 2689] redandblack  driving_B_2019.12.16_12.27.05.csv block-000@60s reward=QoE=   34.44 pacing=0.00s eps=0.050 loss=3.5655
[ep 2690] soldier      driving_B_2020.02.27_17.30.15.csv block-002@293s reward=QoE=  -49.85 pacing=0.00s eps=0.050 loss=3.2464
[ep 2691] longdress    driving_B_2020.02.14_12.58.17.csv block-002@656s reward=QoE=   39.16 pacing=0.00s eps=0.050 loss=3.0825
[ep 2692] loot         driving_B_2020.02.14_09.38.22.csv block-000@900s reward=QoE=   -5.85 pacing=0.00s eps=0.050 loss=3.3215
[ep 2693] redandblack  driving_B_2020.02.13_15.02.01.csv block-000@300s reward=QoE=   85.25 pacing=1.41s eps=0.050 loss=3.3122
[ep 2694] soldier      driving_B_2020.01.16_12.10.03.csv block-000@240s reward=QoE=   83.07 pacing=0.00s eps=0.050 loss=3.2056
[ep 2695] longdress    driving_B_2020.02.13_13.03.24.csv block-001@1634s reward=QoE=   32.67 pacing=0.00s eps=0.050 loss=3.1445
[ep 2696] loot         static_B_2019.12.16_13.40.04.csv block-001@1015s reward=QoE=   42.40 pacing=0.00s eps=0.050 loss=3.2105
[ep 2697] redandblack  static_B_2020.02.27_18.39.27.csv block-001@5532s reward=QoE=   89.90 pacing=0.62s eps=0.050 loss=3.3996
[ep 2698] soldier      driving_B_2019.12.16_12.27.05.csv block-000@660s reward=QoE=  -20.10 pacing=0.00s eps=0.050 loss=3.2803
[ep 2699] longdress    driving_B_2020.01.16_07.26.43.csv block-000@1140s reward=QoE=   41.10 pacing=0.00s eps=0.050 loss=3.2869
[ep 2700] loot         driving_B_2019.12.16_12.27.05.csv block-000@540s reward=QoE=  -60.79 pacing=0.00s eps=0.050 loss=3.1331
[ep 2701] redandblack  static_B_2019.12.16_13.40.04.csv block-005@1886s reward=QoE=   66.84 pacing=0.00s eps=0.050 loss=3.2954
[ep 2702] soldier      driving_B_2020.02.13_13.03.24.csv block-001@1394s reward=QoE=    9.44 pacing=0.00s eps=0.050 loss=3.0904
[ep 2703] longdress    driving_B_2019.12.16_12.27.05.csv block-000@1200s reward=QoE=   30.42 pacing=0.00s eps=0.050 loss=2.9716
[ep 2704] loot         driving_B_2020.01.16_12.10.03.csv block-000@60s reward=QoE=   50.91 pacing=0.00s eps=0.050 loss=3.3298
[ep 2705] redandblack  static_B_2020.02.27_18.39.27.csv block-001@5892s reward=QoE=   90.67 pacing=0.24s eps=0.050 loss=3.1922
[ep 2706] soldier      driving_B_2019.12.17_07.32.39.csv block-000@1140s reward=QoE=   31.22 pacing=0.00s eps=0.050 loss=3.2267
[ep 2707] longdress    static_B_2020.02.14_13.21.26.csv block-000@600s reward=QoE=   87.22 pacing=0.00s eps=0.050 loss=3.5805
[ep 2708] loot         driving_B_2020.01.16_12.10.03.csv block-000@300s reward=QoE=   29.55 pacing=0.00s eps=0.050 loss=3.1340
[ep 2709] redandblack  driving_B_2020.01.16_07.26.43.csv block-000@1680s reward=QoE=   34.87 pacing=0.00s eps=0.050 loss=3.3512
[ep 2710] soldier      driving_B_2020.02.14_09.38.22.csv block-000@720s reward=QoE=   87.67 pacing=0.00s eps=0.050 loss=3.2793
[ep 2711] longdress    driving_B_2020.02.13_13.03.24.csv block-001@1214s reward=QoE=   27.45 pacing=0.00s eps=0.050 loss=3.9177
[ep 2712] loot         driving_B_2020.02.27_17.30.15.csv block-002@353s reward=QoE=   -1.33 pacing=0.00s eps=0.050 loss=3.5669
[ep 2713] redandblack  driving_B_2020.02.14_12.58.17.csv block-002@656s reward=QoE=   57.88 pacing=0.00s eps=0.050 loss=3.0258
[ep 2714] soldier      static_B_2020.02.14_13.21.26.csv block-000@1020s reward=QoE=   90.05 pacing=0.00s eps=0.050 loss=3.6257
[ep 2715] longdress    driving_B_2019.12.16_12.27.05.csv block-000@180s reward=QoE=  -18.08 pacing=0.00s eps=0.050 loss=3.2821
[ep 2716] loot         static_B_2019.12.16_13.40.04.csv block-006@2232s reward=QoE=   91.23 pacing=0.98s eps=0.050 loss=3.4847
[ep 2717] redandblack  static_B_2020.02.27_18.39.27.csv block-001@1212s reward=QoE=   79.94 pacing=0.00s eps=0.050 loss=3.4918
[ep 2718] soldier      driving_B_2019.12.16_12.27.05.csv block-000@360s reward=QoE=   25.88 pacing=0.00s eps=0.050 loss=3.3344
[ep 2719] longdress    driving_B_2020.01.16_12.10.03.csv block-000@300s reward=QoE=   16.00 pacing=0.00s eps=0.050 loss=3.2161
[ep 2720] loot         driving_B_2020.01.16_12.10.03.csv block-000@240s reward=QoE=   87.07 pacing=0.95s eps=0.050 loss=3.0064
[ep 2721] redandblack  driving_B_2020.02.14_09.38.22.csv block-000@1260s reward=QoE=   35.53 pacing=0.00s eps=0.050 loss=3.4653
[ep 2722] soldier      static_B_2020.02.27_18.39.27.csv block-001@2952s reward=QoE=   59.28 pacing=0.00s eps=0.050 loss=3.2145
[ep 2723] longdress    static_B_2020.02.27_18.39.27.csv block-001@5652s reward=QoE=   69.89 pacing=0.00s eps=0.050 loss=3.1579
[ep 2724] loot         driving_B_2020.01.16_07.26.43.csv block-000@240s reward=QoE=   30.35 pacing=0.00s eps=0.050 loss=3.4686
[ep 2725] redandblack  driving_B_2020.01.16_12.10.03.csv block-000@0s reward=QoE=   79.00 pacing=1.13s eps=0.050 loss=3.4090
[ep 2726] soldier      driving_B_2020.02.27_17.30.15.csv block-002@353s reward=QoE=  -38.12 pacing=0.00s eps=0.050 loss=3.0656
[ep 2727] longdress    driving_B_2020.01.16_12.10.03.csv block-000@120s reward=QoE=   86.50 pacing=0.00s eps=0.050 loss=3.5668
[ep 2728] loot         driving_B_2020.02.14_09.38.22.csv block-000@600s reward=QoE=   59.37 pacing=0.00s eps=0.050 loss=3.6978
[ep 2729] redandblack  static_B_2020.02.14_13.21.26.csv block-000@420s reward=QoE=   81.59 pacing=0.00s eps=0.050 loss=3.4721
[ep 2730] soldier      driving_B_2020.01.16_09.56.56.csv block-000@120s reward=QoE=  -13.66 pacing=0.00s eps=0.050 loss=3.1987
[ep 2731] longdress    driving_B_2020.02.13_15.02.01.csv block-000@120s reward=QoE=   88.18 pacing=0.29s eps=0.050 loss=3.3408
[ep 2732] loot         driving_B_2020.01.16_07.26.43.csv block-000@120s reward=QoE=   45.85 pacing=0.00s eps=0.050 loss=3.3160
[ep 2733] redandblack  driving_B_2019.12.16_12.27.05.csv block-000@480s reward=QoE=   32.31 pacing=0.00s eps=0.050 loss=3.0474
[ep 2734] soldier      static_B_2020.02.27_18.39.27.csv block-001@4572s reward=QoE=   15.07 pacing=0.00s eps=0.050 loss=3.1625
[ep 2735] longdress    driving_B_2020.02.13_15.02.01.csv block-000@2040s reward=QoE=   55.96 pacing=0.00s eps=0.050 loss=3.3178
[ep 2736] loot         static_B_2020.02.27_18.39.27.csv block-001@1872s reward=QoE=   55.80 pacing=0.00s eps=0.050 loss=3.1385
[ep 2737] redandblack  driving_B_2020.02.14_09.38.22.csv block-000@240s reward=QoE=    3.00 pacing=0.00s eps=0.050 loss=3.3342
[ep 2738] soldier      static_B_2020.02.14_13.21.26.csv block-000@1080s reward=QoE=   85.00 pacing=0.00s eps=0.050 loss=3.4159
[ep 2739] longdress    driving_B_2020.01.16_07.26.43.csv block-000@1500s reward=QoE=    6.01 pacing=0.00s eps=0.050 loss=3.1322
[ep 2740] loot         driving_B_2020.01.16_07.26.43.csv block-000@900s reward=QoE=   46.34 pacing=0.00s eps=0.050 loss=3.4105
[ep 2741] redandblack  static_B_2019.12.16_13.40.04.csv block-005@1706s reward=QoE=   80.99 pacing=0.00s eps=0.050 loss=3.5248
[ep 2742] soldier      driving_B_2020.02.13_13.03.24.csv block-001@1754s reward=QoE=   16.84 pacing=0.00s eps=0.050 loss=3.2078
[ep 2743] longdress    driving_B_2020.01.16_07.26.43.csv block-000@1860s reward=QoE=   21.77 pacing=0.00s eps=0.050 loss=3.4542
[ep 2744] loot         driving_B_2020.02.13_13.03.24.csv block-001@1454s reward=QoE=   28.05 pacing=0.00s eps=0.050 loss=3.0522
[ep 2745] redandblack  driving_B_2020.02.27_17.30.15.csv block-002@473s reward=QoE=  -87.31 pacing=0.00s eps=0.050 loss=3.2928
[ep 2746] soldier      static_B_2020.02.14_13.21.26.csv block-000@540s reward=QoE=   88.73 pacing=0.00s eps=0.050 loss=3.5135
[ep 2747] longdress    driving_B_2020.02.14_09.38.22.csv block-000@300s reward=QoE=   19.34 pacing=0.00s eps=0.050 loss=2.9852
[ep 2748] loot         driving_B_2020.01.16_09.56.56.csv block-001@939s reward=QoE=   24.99 pacing=0.00s eps=0.050 loss=3.4938
[ep 2749] redandblack  driving_B_2020.02.13_13.03.24.csv block-001@1274s reward=QoE=   25.97 pacing=0.00s eps=0.050 loss=3.1129
[ep 2750] soldier      driving_B_2020.02.13_15.02.01.csv block-000@2640s reward=QoE=  -51.97 pacing=0.00s eps=0.050 loss=3.4128
[ep 2751] longdress    static_B_2020.02.27_18.39.27.csv block-001@552s reward=QoE=   65.64 pacing=0.00s eps=0.050 loss=3.1883
[ep 2752] loot         driving_B_2020.02.14_12.58.17.csv block-000@0s reward=QoE=   28.85 pacing=0.00s eps=0.050 loss=3.0796
[ep 2753] redandblack  driving_B_2019.12.17_07.32.39.csv block-000@540s reward=QoE=   28.28 pacing=0.00s eps=0.050 loss=3.4713
[ep 2754] soldier      driving_B_2019.12.17_07.32.39.csv block-003@1894s reward=QoE=  -38.79 pacing=0.00s eps=0.050 loss=3.0681
[ep 2755] longdress    static_B_2020.02.27_18.39.27.csv block-001@6312s reward=QoE=   75.65 pacing=0.00s eps=0.050 loss=3.1928
[ep 2756] loot         driving_B_2020.02.27_17.30.15.csv block-002@413s reward=QoE=   27.88 pacing=0.00s eps=0.050 loss=2.8808
[ep 2757] redandblack  driving_B_2019.12.17_07.32.39.csv block-003@1774s reward=QoE=   36.74 pacing=0.00s eps=0.050 loss=3.1530
[ep 2758] soldier      driving_B_2020.01.16_07.26.43.csv block-000@180s reward=QoE=  -24.42 pacing=0.00s eps=0.050 loss=3.1926
[ep 2759] longdress    driving_B_2020.01.16_12.10.03.csv block-000@360s reward=QoE=   57.09 pacing=0.00s eps=0.050 loss=3.1307
[ep 2760] loot         driving_B_2020.02.13_15.02.01.csv block-000@1560s reward=QoE=   37.94 pacing=0.00s eps=0.050 loss=3.1075
[ep 2761] redandblack  driving_B_2019.12.16_12.27.05.csv block-000@120s reward=QoE=   58.96 pacing=0.00s eps=0.050 loss=3.1508
[ep 2762] soldier      driving_B_2020.01.16_12.10.03.csv block-000@300s reward=QoE=   10.10 pacing=0.00s eps=0.050 loss=3.5468
[ep 2763] longdress    driving_B_2020.02.13_15.02.01.csv block-000@60s reward=QoE=   86.11 pacing=0.00s eps=0.050 loss=3.2815
[ep 2764] loot         driving_B_2020.02.27_17.30.15.csv block-002@293s reward=QoE=  -62.15 pacing=0.00s eps=0.050 loss=3.0570
[ep 2765] redandblack  driving_B_2020.01.16_12.10.03.csv block-000@60s reward=QoE=   53.13 pacing=0.00s eps=0.050 loss=3.2060
[ep 2766] soldier      driving_B_2020.02.14_12.58.17.csv block-002@596s reward=QoE=   18.22 pacing=0.00s eps=0.050 loss=3.1632
[ep 2767] longdress    driving_B_2020.01.16_09.56.56.csv block-001@759s reward=QoE=   34.55 pacing=0.00s eps=0.050 loss=3.1066
[ep 2768] loot         driving_B_2020.02.14_12.58.17.csv block-002@716s reward=QoE=   34.21 pacing=0.00s eps=0.050 loss=3.2487
[ep 2769] redandblack  driving_B_2020.02.13_13.03.24.csv block-000@660s reward=QoE=   19.04 pacing=0.00s eps=0.050 loss=3.1370
[ep 2770] soldier      static_B_2020.02.27_18.39.27.csv block-001@972s reward=QoE=   74.13 pacing=0.00s eps=0.050 loss=3.1479
[ep 2771] longdress    driving_B_2020.02.14_09.38.22.csv block-000@1560s reward=QoE=   46.19 pacing=0.00s eps=0.050 loss=3.3802
[ep 2772] loot         static_B_2020.02.27_18.39.27.csv block-001@132s reward=QoE=   84.45 pacing=0.00s eps=0.050 loss=3.3980
[ep 2773] redandblack  driving_B_2020.02.27_17.30.15.csv block-002@533s reward=QoE=  -53.73 pacing=0.00s eps=0.050 loss=2.9795
[ep 2774] soldier      driving_B_2020.02.27_17.30.15.csv block-002@533s reward=QoE=  -49.01 pacing=0.00s eps=0.050 loss=3.2759
[ep 2775] longdress    driving_B_2020.02.14_09.38.22.csv block-000@120s reward=QoE=    2.61 pacing=0.00s eps=0.050 loss=3.5436
[ep 2776] loot         driving_B_2020.01.16_12.10.03.csv block-000@180s reward=QoE=   86.42 pacing=0.00s eps=0.050 loss=3.1525
[ep 2777] redandblack  static_B_2020.02.14_13.21.26.csv block-000@300s reward=QoE=   55.05 pacing=0.00s eps=0.050 loss=3.0886
[ep 2778] soldier      driving_B_2020.02.27_17.30.15.csv block-002@413s reward=QoE=    9.37 pacing=0.00s eps=0.050 loss=3.0728
[ep 2779] longdress    driving_B_2020.01.16_12.10.03.csv block-000@0s reward=QoE=   84.30 pacing=0.22s eps=0.050 loss=3.2944
[ep 2780] loot         driving_B_2020.01.16_09.56.56.csv block-001@1539s reward=QoE=   70.75 pacing=0.00s eps=0.050 loss=3.2445
[ep 2781] redandblack  driving_B_2020.01.16_12.10.03.csv block-000@300s reward=QoE=   26.66 pacing=0.00s eps=0.050 loss=3.0656
[ep 2782] soldier      static_B_2020.02.27_18.39.27.csv block-001@612s reward=QoE=   27.46 pacing=0.00s eps=0.050 loss=3.3028
[ep 2783] longdress    driving_B_2019.12.17_07.32.39.csv block-004@2537s reward=QoE=   85.21 pacing=0.18s eps=0.050 loss=3.3959
[ep 2784] loot         driving_B_2020.02.14_12.58.17.csv block-002@536s reward=QoE=  -45.11 pacing=0.00s eps=0.050 loss=3.2744
[ep 2785] redandblack  driving_B_2020.01.16_09.56.56.csv block-001@1479s reward=QoE=   52.54 pacing=0.00s eps=0.050 loss=3.2344
[ep 2786] soldier      static_B_2020.02.27_18.39.27.csv block-001@6552s reward=QoE=   76.41 pacing=0.00s eps=0.050 loss=3.3030
[ep 2787] longdress    driving_B_2020.02.14_12.58.17.csv block-002@656s reward=QoE=   42.96 pacing=0.00s eps=0.050 loss=3.3438
[ep 2788] loot         driving_B_2020.02.13_13.03.24.csv block-001@1994s reward=QoE=   71.78 pacing=0.00s eps=0.050 loss=3.3302
[ep 2789] redandblack  driving_B_2020.01.16_09.56.56.csv block-001@1419s reward=QoE=   47.71 pacing=0.00s eps=0.050 loss=3.0345
[ep 2790] soldier      driving_B_2019.12.17_07.32.39.csv block-000@600s reward=QoE=   28.76 pacing=0.00s eps=0.050 loss=3.3508
[ep 2791] longdress    driving_B_2019.12.17_07.32.39.csv block-003@1714s reward=QoE=    1.74 pacing=0.00s eps=0.050 loss=3.0673
[ep 2792] loot         static_B_2020.02.14_13.21.26.csv block-000@60s reward=QoE=   85.44 pacing=0.91s eps=0.050 loss=3.5526
[ep 2793] redandblack  driving_B_2019.12.17_07.32.39.csv block-000@1260s reward=QoE=   21.04 pacing=0.00s eps=0.050 loss=3.2909
[ep 2794] soldier      static_B_2019.12.16_13.40.04.csv block-000@420s reward=QoE=   51.43 pacing=0.00s eps=0.050 loss=3.2907
[ep 2795] longdress    driving_B_2020.01.16_09.56.56.csv block-001@639s reward=QoE=   67.15 pacing=0.00s eps=0.050 loss=3.3011
[ep 2796] loot         driving_B_2019.12.17_07.32.39.csv block-003@2134s reward=QoE=   43.95 pacing=0.00s eps=0.050 loss=3.1332
[ep 2797] redandblack  driving_B_2020.01.16_12.10.03.csv block-000@360s reward=QoE=   64.27 pacing=0.00s eps=0.050 loss=3.1276
[ep 2798] soldier      driving_B_2020.01.16_09.56.56.csv block-000@180s reward=QoE=   37.92 pacing=0.00s eps=0.050 loss=3.2477
[ep 2799] longdress    driving_B_2020.02.14_12.58.17.csv block-002@656s reward=QoE=   47.01 pacing=0.00s eps=0.050 loss=3.0520
[ep 2800] loot         driving_B_2020.02.14_12.58.17.csv block-002@536s reward=QoE=  -22.93 pacing=0.00s eps=0.050 loss=3.3783
    [eval @ ep 2800] reward=QoE=43.49 mean_q=0.556 stall=0.5s
    [early stop] no validation improvement for 3 checks
==========================================================================================
✅ Training done. untrained qoe_quality=30.50 -> final 43.49 (best=49.85)
📦 Saved: C:\Users\Nima\PointCloudStreaming\logs\train_runs\20260720_005851_wide\sweep\confirm\trial_011_s49\abr_dqn.pkl  (+ C:\Users\Nima\PointCloudStreaming\logs\train_runs\20260720_005851_wide\sweep\confirm\trial_011_s49\abr_dqn_best.pkl)
🧾 History: C:\Users\Nima\PointCloudStreaming\logs\train_runs\20260720_005851_wide\sweep\confirm\trial_011_s49\abr_dqn_train_history.json
🧾 Summary: C:\Users\Nima\PointCloudStreaming\logs\train_runs\20260720_005851_wide\sweep\confirm\trial_011_s49\train_summary.json
