episode,sequence,file,offset,reward,qoe,qoe_quality,epsilon,mean_loss
1,longdress,static_B_2020.02.13_13.57.29.csv,78,170.8424,77.04,28.51,0.9990,0.000000
2,loot,static_B_2020.02.27_18.39.27.csv,2448,142.6052,100.00,32.54,0.9980,1.159730
3,redandblack,static_B_2020.02.13_13.57.29.csv,378,139.6364,73.43,26.44,0.9970,0.823924
4,soldier,static_B_2019.12.16_13.40.04.csv,1262,93.9172,0.00,-39.52,0.9960,0.451572
5,longdress,static_B_2020.02.27_18.39.27.csv,3768,141.4286,85.45,30.06,0.9950,0.129208
6,loot,static_B_2020.02.27_18.39.27.csv,3888,129.8498,15.46,-23.21,0.9940,0.092032
7,redandblack,static_B_2020.02.27_18.39.27.csv,2028,182.7490,96.00,47.27,0.9931,0.076390
8,soldier,static_B_2020.02.27_18.39.27.csv,828,138.3955,100.00,31.40,0.9921,0.070076
9,longdress,static_B_2020.02.13_13.57.29.csv,2945,156.3419,62.40,15.36,0.9911,0.056765
10,loot,static_B_2020.02.27_18.39.27.csv,1488,158.8223,82.59,31.24,0.9901,0.065126
11,redandblack,static_B_2019.12.16_13.40.04.csv,1022,168.5248,63.97,29.71,0.9891,0.066012
12,soldier,static_B_2020.02.27_18.39.27.csv,3708,183.4727,100.00,48.10,0.9881,0.057889
13,longdress,static_B_2020.02.27_18.39.27.csv,5742,149.8004,67.88,18.52,0.9871,0.054110
14,loot,static_B_2020.02.27_18.39.27.csv,2628,135.2959,50.02,-4.85,0.9861,0.056788
15,redandblack,static_B_2020.02.27_18.39.27.csv,5742,158.8710,69.56,23.61,0.9851,0.052856
16,soldier,static_B_2020.02.27_18.39.27.csv,1248,160.3312,79.25,30.11,0.9841,0.060424
17,longdress,static_B_2020.02.27_18.39.27.csv,2328,112.6759,0.00,-59.74,0.9831,0.051163
18,loot,static_B_2020.02.27_18.39.27.csv,288,163.4838,100.00,38.75,0.9821,0.065545
19,redandblack,static_B_2019.12.16_13.40.04.csv,302,126.9973,0.00,-24.02,0.9811,0.059184
20,soldier,static_B_2020.02.27_18.39.27.csv,4548,176.2524,61.79,30.56,0.9801,0.069179
21,longdress,static_B_2020.02.27_18.39.27.csv,4608,166.5299,0.00,7.81,0.9791,0.064406
22,loot,static_B_2020.02.13_13.57.29.csv,1278,137.5649,83.56,22.84,0.9781,0.079603
23,redandblack,static_B_2020.02.27_18.39.27.csv,1788,139.9635,0.00,-430.74,0.9771,0.077348
24,soldier,static_B_2020.02.13_13.57.29.csv,1518,120.2345,0.00,-23.51,0.9761,0.074442
25,longdress,static_B_2020.02.27_18.39.27.csv,468,171.1992,83.82,39.40,0.9752,0.085125
26,loot,static_B_2020.02.27_18.39.27.csv,768,153.8172,100.00,33.58,0.9742,0.078755
27,redandblack,static_B_2020.02.27_18.39.27.csv,108,130.4181,74.30,15.74,0.9732,0.074149
28,soldier,static_B_2019.12.16_13.40.04.csv,1802,177.5950,45.27,17.91,0.9722,0.078142
29,longdress,static_B_2020.02.13_13.57.29.csv,2718,156.3458,100.00,36.04,0.9712,0.083981
30,loot,static_B_2020.02.27_18.39.27.csv,1188,152.2100,5.10,-21.54,0.9702,0.069292
31,redandblack,static_B_2020.02.13_13.57.29.csv,2298,151.7253,100.00,33.95,0.9692,0.066577
32,soldier,static_B_2020.02.27_18.39.27.csv,48,153.4477,75.55,31.83,0.9682,0.067969
33,longdress,static_B_2020.02.14_13.21.26.csv,764,173.7527,88.00,42.89,0.9672,0.068362
34,loot,static_B_2019.12.16_13.40.04.csv,542,170.9616,100.00,41.03,0.9662,0.063056
35,redandblack,static_B_2019.12.16_13.40.04.csv,1502,152.3794,50.00,34.07,0.9652,0.063429
36,soldier,static_B_2019.12.16_13.40.04.csv,1682,176.6032,59.00,30.09,0.9642,0.064693
37,longdress,static_B_2019.12.16_13.40.04.csv,482,177.5400,100.00,45.70,0.9632,0.069094
38,loot,static_B_2020.02.27_18.39.27.csv,348,184.0089,100.00,48.64,0.9622,0.061012
39,redandblack,static_B_2020.02.14_13.21.26.csv,824,190.9370,56.00,49.69,0.9612,0.062925
40,soldier,static_B_2020.02.13_13.57.29.csv,1638,138.9405,0.00,-61.56,0.9602,0.064487
41,longdress,static_B_2020.02.13_13.57.29.csv,198,153.0356,46.67,14.72,0.9592,0.071266
42,loot,static_B_2019.12.16_13.40.04.csv,422,156.4998,6.62,-9.38,0.9582,0.072406
43,redandblack,static_B_2020.02.14_13.21.26.csv,164,172.6020,50.00,42.70,0.9573,0.069954
44,soldier,static_B_2020.02.13_13.57.29.csv,2238,156.0430,41.85,6.42,0.9563,0.069722
45,longdress,static_B_2020.02.13_13.57.29.csv,2658,192.1948,100.00,49.63,0.9553,0.063891
46,loot,static_B_2020.02.27_18.39.27.csv,5148,170.8939,46.00,40.86,0.9543,0.065580
47,redandblack,static_B_2020.02.13_13.57.29.csv,18,204.4189,74.00,55.92,0.9533,0.061674
48,soldier,static_B_2020.02.13_13.57.29.csv,858,115.8495,0.00,-70.89,0.9523,0.061679
49,longdress,static_B_2019.12.16_13.40.04.csv,62,153.1954,100.00,32.41,0.9513,0.071985
50,loot,static_B_2020.02.13_13.57.29.csv,1878,166.2818,44.29,2.68,0.9503,0.060432
51,redandblack,static_B_2020.02.27_18.39.27.csv,1428,194.2174,100.00,53.41,0.9493,0.067971
52,soldier,static_B_2020.02.27_18.39.27.csv,4908,193.1144,40.39,24.56,0.9483,0.450233
53,longdress,static_B_2020.02.13_13.57.29.csv,1818,159.3117,22.27,-4.75,0.9473,0.106132
54,loot,static_B_2019.12.16_13.40.04.csv,182,141.7751,70.88,15.86,0.9463,0.110391
55,redandblack,static_B_2020.02.13_13.57.29.csv,1698,105.8302,0.00,-35.92,0.9453,0.114740
56,soldier,static_B_2020.02.13_13.57.29.csv,1398,187.2496,100.00,48.65,0.9443,0.100062
57,longdress,static_B_2020.02.13_13.57.29.csv,2418,121.1202,0.00,-181.33,0.9433,0.095009
58,loot,static_B_2020.02.13_13.57.29.csv,1938,136.6162,43.68,-8.53,0.9423,0.109455
59,redandblack,static_B_2020.02.27_18.39.27.csv,4788,193.5567,58.00,51.37,0.9413,0.121815
60,soldier,static_B_2020.02.14_13.21.26.csv,104,171.9136,82.00,42.13,0.9403,0.101051
61,longdress,static_B_2020.02.27_18.39.27.csv,2208,171.1852,88.82,39.00,0.9393,0.107780
62,loot,static_B_2020.02.13_13.57.29.csv,1998,172.2138,78.00,42.29,0.9384,0.097432
63,redandblack,static_B_2020.02.27_18.39.27.csv,5628,168.0340,46.00,42.78,0.9374,0.101463
64,soldier,static_B_2020.02.13_13.57.29.csv,258,177.3216,100.00,44.75,0.9364,0.108816
65,longdress,static_B_2020.02.27_18.39.27.csv,1908,162.6704,100.00,40.95,0.9354,0.099227
66,loot,static_B_2020.02.27_18.39.27.csv,5448,168.3385,37.41,18.88,0.9344,0.112164
67,redandblack,static_B_2020.02.13_13.57.29.csv,2778,177.7282,63.97,21.92,0.9334,0.106778
68,soldier,static_B_2019.12.16_13.40.04.csv,1322,171.1037,100.00,38.02,0.9324,0.098787
69,longdress,static_B_2020.02.27_18.39.27.csv,3948,150.4686,90.00,34.53,0.9314,0.099613
70,loot,static_B_2019.12.16_13.40.04.csv,1382,158.7623,0.00,-52.43,0.9304,0.103319
71,redandblack,static_B_2019.12.16_13.40.04.csv,362,153.4318,42.07,13.64,0.9294,0.094980
72,soldier,static_B_2020.02.13_13.57.29.csv,618,139.4191,0.00,-56.75,0.9284,0.092329
73,longdress,static_B_2020.02.13_13.57.29.csv,978,77.0869,0.00,-370.29,0.9274,0.104015
74,loot,static_B_2020.02.27_18.39.27.csv,4308,185.9340,100.00,48.96,0.9264,0.103844
75,redandblack,static_B_2020.02.13_13.57.29.csv,1098,131.8902,20.71,0.49,0.9254,0.103763
76,soldier,static_B_2020.02.27_18.39.27.csv,228,188.2617,100.00,48.90,0.9244,0.098862
77,longdress,static_B_2020.02.27_18.39.27.csv,5688,184.4171,78.15,41.23,0.9234,0.096813
78,loot,static_B_2020.02.14_13.21.26.csv,344,153.6653,66.00,33.10,0.9224,0.097484
79,redandblack,static_B_2020.02.27_18.39.27.csv,2268,201.3801,100.00,55.47,0.9214,0.102467
80,soldier,static_B_2020.02.27_18.39.27.csv,2508,174.1053,72.88,32.58,0.9205,0.092332
81,longdress,static_B_2020.02.27_18.39.27.csv,3828,124.4439,0.15,-37.04,0.9195,0.101223
82,loot,static_B_2020.02.13_13.57.29.csv,1038,154.0347,34.21,11.74,0.9185,0.102891
83,redandblack,static_B_2020.02.27_18.39.27.csv,2988,166.3111,65.36,21.69,0.9175,0.093337
84,soldier,static_B_2020.02.27_18.39.27.csv,888,152.6962,61.13,12.37,0.9165,0.095269
85,longdress,static_B_2020.02.27_18.39.27.csv,5508,185.6845,98.00,45.55,0.9155,0.088145
86,loot,static_B_2020.02.27_18.39.27.csv,2748,159.8796,52.00,37.82,0.9145,0.102005
87,redandblack,static_B_2020.02.13_13.57.29.csv,918,130.9530,51.07,3.04,0.9135,0.109856
88,soldier,static_B_2020.02.27_18.39.27.csv,5028,159.3857,100.00,35.92,0.9125,0.100954
89,longdress,static_B_2020.02.13_13.57.29.csv,1458,120.8772,0.00,-29.29,0.9115,0.100316
90,loot,static_B_2020.02.14_13.21.26.csv,284,188.1105,52.00,49.66,0.9105,0.094180
91,redandblack,static_B_2019.12.16_13.40.04.csv,1904,179.3206,52.00,44.37,0.9095,0.098087
92,soldier,static_B_2020.02.13_13.57.29.csv,1758,167.6840,37.81,-2.28,0.9085,0.102080
93,longdress,static_B_2020.02.27_18.39.27.csv,408,194.7224,100.00,49.57,0.9075,0.093663
94,loot,static_B_2020.02.14_13.21.26.csv,404,188.5435,84.00,49.94,0.9065,0.097965
95,redandblack,static_B_2020.02.27_18.39.27.csv,1308,153.2850,86.00,34.32,0.9055,0.095511
96,soldier,static_B_2020.02.13_13.57.29.csv,558,157.7753,96.00,35.39,0.9045,0.088854
97,longdress,static_B_2019.12.16_13.40.04.csv,122,214.0272,100.00,58.67,0.9035,0.098486
98,loot,static_B_2020.02.27_18.39.27.csv,2568,166.4402,62.00,40.81,0.9026,0.090400
99,redandblack,static_B_2020.02.27_18.39.27.csv,1128,138.0259,0.00,-52.12,0.9016,0.100846
100,soldier,static_B_2020.02.27_18.39.27.csv,4968,194.4227,57.50,27.23,0.9006,0.092151
101,longdress,static_B_2020.02.27_18.39.27.csv,528,142.9231,0.00,-359.75,0.8996,0.090595
102,loot,static_B_2019.12.16_13.40.04.csv,2,182.4377,78.00,46.66,0.8986,0.412754
103,redandblack,static_B_2020.02.27_18.39.27.csv,3048,146.5725,60.86,22.77,0.8976,0.149540
104,soldier,static_B_2020.02.27_18.39.27.csv,5268,179.6239,100.00,44.36,0.8966,0.143228
105,longdress,static_B_2020.02.27_18.39.27.csv,3228,171.0856,100.00,41.15,0.8956,0.162826
106,loot,static_B_2020.02.13_13.57.29.csv,1338,195.9797,100.00,49.18,0.8946,0.164018
107,redandblack,static_B_2020.02.13_13.57.29.csv,1218,200.3283,100.00,54.56,0.8936,0.143519
108,soldier,static_B_2020.02.27_18.39.27.csv,2148,178.3577,85.36,39.61,0.8926,0.146242
109,longdress,static_B_2020.02.14_13.21.26.csv,224,153.5704,82.64,31.11,0.8916,0.141846
110,loot,static_B_2019.12.16_13.40.04.csv,782,170.5642,48.00,41.48,0.8906,0.141586
111,redandblack,static_B_2020.02.27_18.39.27.csv,4428,165.3715,100.00,39.12,0.8896,0.134185
112,soldier,static_B_2020.02.27_18.39.27.csv,168,184.0630,100.00,46.40,0.8886,0.136049
113,longdress,static_B_2020.02.13_13.57.29.csv,2358,130.9861,0.00,-19.11,0.8876,0.142564
114,loot,static_B_2020.02.27_18.39.27.csv,4008,162.6988,88.03,33.91,0.8866,0.134492
115,redandblack,static_B_2020.02.14_13.21.26.csv,524,147.5902,56.00,32.79,0.8856,0.131892
116,soldier,static_B_2020.02.14_13.21.26.csv,44,168.8857,80.00,43.02,0.8846,0.147591
117,longdress,static_B_2020.02.27_18.39.27.csv,1668,159.8175,50.97,13.49,0.8837,0.146687
118,loot,static_B_2019.12.16_13.40.04.csv,662,190.3509,64.00,49.50,0.8827,0.133693
119,redandblack,static_B_2020.02.13_13.57.29.csv,2898,164.8840,5.50,-18.96,0.8817,0.142691
120,soldier,static_B_2020.02.27_18.39.27.csv,3648,177.3790,75.61,37.57,0.8807,0.136407
121,longdress,static_B_2020.02.27_18.39.27.csv,4728,159.3881,69.52,17.44,0.8797,0.124833
122,loot,static_B_2020.02.27_18.39.27.csv,5388,163.5527,38.00,38.18,0.8787,0.133088
123,redandblack,static_B_2020.02.27_18.39.27.csv,4068,170.3705,100.00,41.87,0.8777,0.143312
124,soldier,static_B_2020.02.13_13.57.29.csv,2598,159.8417,8.24,-7.99,0.8767,0.139925
125,longdress,static_B_2020.02.13_13.57.29.csv,1158,145.3446,22.98,-0.13,0.8757,0.146871
126,loot,static_B_2020.02.27_18.39.27.csv,1368,179.5358,68.00,45.37,0.8747,0.127974
127,redandblack,static_B_2020.02.13_13.57.29.csv,1578,177.2539,100.00,44.36,0.8737,0.127657
128,soldier,static_B_2019.12.16_13.40.04.csv,602,153.6474,5.19,-13.10,0.8727,0.142886
129,longdress,static_B_2020.02.27_18.39.27.csv,4848,177.8980,100.00,43.88,0.8717,0.119182
130,loot,static_B_2020.02.14_13.21.26.csv,464,182.6672,46.00,47.72,0.8707,0.121536
131,redandblack,static_B_2020.02.27_18.39.27.csv,4188,131.9490,30.74,-3.56,0.8697,0.127913
132,soldier,static_B_2020.02.13_13.57.29.csv,2538,148.9740,39.91,5.23,0.8687,0.129314
133,longdress,static_B_2019.12.16_13.40.04.csv,1742,185.8561,100.00,46.65,0.8677,0.142371
134,loot,static_B_2019.12.16_13.40.04.csv,1082,159.3262,61.59,10.00,0.8667,0.134591
135,redandblack,static_B_2020.02.27_18.39.27.csv,3408,181.8198,80.00,44.25,0.8658,0.143814
136,soldier,static_B_2020.02.27_18.39.27.csv,5742,196.3317,63.54,34.62,0.8648,0.142855
137,longdress,static_B_2020.02.13_13.57.29.csv,2058,171.6779,80.00,44.44,0.8638,0.160765
138,loot,static_B_2020.02.27_18.39.27.csv,3588,162.1362,60.65,17.27,0.8628,0.135739
139,redandblack,static_B_2020.02.13_13.57.29.csv,2838,156.8391,0.00,-23.01,0.8618,0.135605
140,soldier,static_B_2019.12.16_13.40.04.csv,1202,129.7699,20.20,-6.64,0.8608,0.143289
141,longdress,static_B_2020.02.27_18.39.27.csv,4128,191.7968,100.00,48.75,0.8598,0.139177
142,loot,static_B_2020.02.27_18.39.27.csv,5328,178.4849,78.81,41.06,0.8588,0.142965
143,redandblack,static_B_2020.02.27_18.39.27.csv,708,114.4743,0.00,-111.84,0.8578,0.134506
144,soldier,static_B_2020.02.27_18.39.27.csv,2088,172.1226,60.66,26.84,0.8568,0.136079
145,longdress,static_B_2020.02.27_18.39.27.csv,2688,142.5898,25.50,2.12,0.8558,0.127789
146,loot,static_B_2020.02.13_13.57.29.csv,2945,164.1578,70.47,28.10,0.8548,0.148998
147,redandblack,static_B_2020.02.27_18.39.27.csv,1008,176.8536,100.00,45.37,0.8538,0.148980
148,soldier,static_B_2020.02.27_18.39.27.csv,4368,192.4003,57.14,16.31,0.8528,0.155719
149,longdress,static_B_2020.02.27_18.39.27.csv,3348,184.5851,100.00,45.27,0.8518,0.148062
150,loot,static_B_2020.02.27_18.39.27.csv,2928,166.0215,69.78,29.84,0.8508,0.146392
151,redandblack,static_B_2019.12.16_13.40.04.csv,1562,192.5021,100.00,51.93,0.8498,0.132906
152,soldier,static_B_2020.02.27_18.39.27.csv,1968,153.3484,58.77,22.43,0.8488,0.437761
153,longdress,static_B_2019.12.16_13.40.04.csv,1142,148.9114,17.00,1.83,0.8478,0.173230
154,loot,static_B_2020.02.13_13.57.29.csv,2178,155.8289,66.54,19.87,0.8469,0.191324
155,redandblack,static_B_2020.02.13_13.57.29.csv,2478,186.0159,21.85,-5.94,0.8459,0.191544
156,soldier,static_B_2020.02.13_13.57.29.csv,498,138.8564,8.80,-12.65,0.8449,0.182403
157,longdress,static_B_2020.02.27_18.39.27.csv,3468,191.7468,100.00,49.47,0.8439,0.209533
158,loot,static_B_2020.02.13_13.57.29.csv,798,142.7252,15.99,-21.22,0.8429,0.174990
159,redandblack,static_B_2019.12.16_13.40.04.csv,902,165.7952,0.00,-31.18,0.8419,0.171499
160,soldier,static_B_2020.02.27_18.39.27.csv,2868,185.8482,100.00,45.34,0.8409,0.173780
161,longdress,static_B_2019.12.16_13.40.04.csv,722,204.9684,100.00,58.26,0.8399,0.173357
162,loot,static_B_2019.12.16_13.40.04.csv,962,162.0656,80.91,30.79,0.8389,0.181206
163,redandblack,static_B_2020.02.27_18.39.27.csv,4488,162.2846,85.93,35.49,0.8379,0.208792
164,soldier,static_B_2020.02.13_13.57.29.csv,738,143.3400,0.00,-29.26,0.8369,0.202403
165,longdress,static_B_2020.02.27_18.39.27.csv,5088,195.6143,92.00,51.67,0.8359,0.190836
166,loot,static_B_2020.02.13_13.57.29.csv,2118,131.3799,34.98,-1.18,0.8349,0.185776
167,redandblack,static_B_2020.02.27_18.39.27.csv,1728,142.8013,6.32,-22.08,0.8339,0.162395
168,soldier,static_B_2020.02.27_18.39.27.csv,3108,130.2651,0.00,-36.30,0.8329,0.176654
169,longdress,static_B_2020.02.14_13.21.26.csv,850,185.0671,45.10,9.68,0.8319,0.186986
170,loot,static_B_2019.12.16_13.40.04.csv,1904,191.0177,46.00,48.58,0.8309,0.199891
171,redandblack,static_B_2020.02.27_18.39.27.csv,1548,202.6131,100.00,54.39,0.8299,0.178223
172,soldier,static_B_2020.02.27_18.39.27.csv,5208,78.9840,0.00,-79.69,0.8290,0.183962
173,longdress,static_B_2020.02.13_13.57.29.csv,438,115.2443,0.00,-64.86,0.8280,0.199613
174,loot,static_B_2020.02.27_18.39.27.csv,5568,189.8262,48.00,49.02,0.8270,0.174718
175,redandblack,static_B_2020.02.13_13.57.29.csv,318,157.4453,72.05,27.08,0.8260,0.190677
176,soldier,static_B_2020.02.14_13.21.26.csv,704,195.8730,100.00,50.07,0.8250,0.166390
177,longdress,static_B_2019.12.16_13.40.04.csv,1862,154.8450,0.00,-282.16,0.8240,0.177080
178,loot,static_B_2019.12.16_13.40.04.csv,1622,186.1436,100.00,49.40,0.8230,0.194850
179,redandblack,static_B_2019.12.16_13.40.04.csv,842,173.1801,7.66,-8.46,0.8220,0.171763
180,soldier,static_B_2020.02.13_13.57.29.csv,678,92.4113,0.00,-140.76,0.8210,0.172998
181,longdress,static_B_2020.02.14_13.21.26.csv,850,186.1631,46.01,14.34,0.8200,0.171856
182,loot,static_B_2020.02.27_18.39.27.csv,648,186.5168,38.00,48.18,0.8190,0.174154
183,redandblack,static_B_2020.02.27_18.39.27.csv,2388,192.3654,72.00,49.87,0.8180,0.168602
184,soldier,static_B_2020.02.27_18.39.27.csv,3528,177.5819,100.00,38.85,0.8170,0.220836
185,longdress,static_B_2020.02.14_13.21.26.csv,644,194.7052,100.00,52.53,0.8160,0.201549
186,loot,static_B_2020.02.27_18.39.27.csv,2808,192.8987,50.00,49.77,0.8150,0.177079
187,redandblack,static_B_2020.02.27_18.39.27.csv,588,202.9310,56.00,54.88,0.8140,0.173627
188,soldier,static_B_2020.02.27_18.39.27.csv,1848,148.7666,62.86,11.92,0.8130,0.170238
189,longdress,static_B_2019.12.16_13.40.04.csv,242,148.6889,0.00,-83.68,0.8120,0.175272
190,loot,static_B_2020.02.27_18.39.27.csv,3288,195.5856,48.00,51.36,0.8111,0.199713
191,redandblack,static_B_2020.02.27_18.39.27.csv,1608,158.2248,0.00,-50.71,0.8101,0.182180
192,soldier,static_B_2020.02.27_18.39.27.csv,3168,166.2603,0.00,-139.39,0.8091,0.203417
193,longdress,static_B_2020.02.27_18.39.27.csv,948,192.3193,100.00,51.24,0.8081,0.201844
194,loot,static_B_2019.12.16_13.40.04.csv,1442,193.9649,48.00,48.72,0.8071,0.166172
195,redandblack,static_B_2020.02.27_18.39.27.csv,4668,150.1347,0.00,-244.07,0.8061,0.170486
196,soldier,static_B_2020.02.27_18.39.27.csv,4248,200.0544,100.00,53.78,0.8051,0.183849
197,longdress,static_B_2020.02.14_13.21.26.csv,584,193.9292,100.00,49.51,0.8041,0.194919
198,loot,static_B_2020.02.27_18.39.27.csv,1068,180.9967,100.00,43.87,0.8031,0.193510
199,redandblack,static_B_2020.02.13_13.57.29.csv,138,169.6491,55.05,25.02,0.8021,0.199386
200,loot,static_B_2020.02.27_18.39.27.csv,4613,185.3679,46.65,29.79,0.8011,0.171863
201,redandblack,static_B_2019.12.16_13.40.04.csv,284,180.5168,100.00,43.93,0.8001,0.193321
202,soldier,static_B_2020.02.27_18.39.27.csv,2933,162.0936,55.68,21.44,0.7991,0.406900
203,longdress,static_B_2020.02.14_13.21.26.csv,437,183.3603,65.06,31.10,0.7981,0.238037
204,loot,static_B_2019.12.16_13.40.04.csv,1724,176.9363,80.18,41.56,0.7971,0.248589
205,redandblack,static_B_2020.02.13_13.57.29.csv,479,168.6151,8.16,-4.15,0.7961,0.234459
206,soldier,static_B_2020.02.13_13.57.29.csv,2459,190.7035,28.55,-0.38,0.7951,0.232800
207,longdress,static_B_2020.02.27_18.39.27.csv,713,152.5389,0.00,-93.89,0.7941,0.239757
208,loot,static_B_2020.02.27_18.39.27.csv,4073,197.8324,100.00,52.60,0.7931,0.189585
209,redandblack,static_B_2020.02.27_18.39.27.csv,1853,169.1035,67.99,27.54,0.7922,0.245049
210,soldier,static_B_2019.12.16_13.40.04.csv,644,171.6541,26.43,10.34,0.7912,0.255552
211,longdress,static_B_2019.12.16_13.40.04.csv,1904,190.8786,84.00,50.58,0.7902,0.242106
212,loot,static_B_2020.02.27_18.39.27.csv,3233,192.7547,46.00,51.66,0.7892,0.220866
213,redandblack,static_B_2020.02.13_13.57.29.csv,1079,196.0436,58.00,50.46,0.7882,0.226591
214,soldier,static_B_2020.02.14_13.21.26.csv,677,204.3603,92.00,57.76,0.7872,0.258536
215,longdress,static_B_2020.02.27_18.39.27.csv,3533,193.2538,76.85,45.77,0.7862,0.227448
216,loot,static_B_2020.02.27_18.39.27.csv,113,181.7117,96.00,45.21,0.7852,0.189929
217,redandblack,static_B_2019.12.16_13.40.04.csv,524,203.8107,100.00,54.04,0.7842,0.221525
218,soldier,static_B_2020.02.27_18.39.27.csv,2873,167.4634,79.81,31.34,0.7832,0.248457
219,longdress,static_B_2020.02.13_13.57.29.csv,1139,125.2185,0.00,-18.79,0.7822,0.274461
220,loot,static_B_2020.02.13_13.57.29.csv,2945,169.9256,74.26,32.95,0.7812,0.242111
221,redandblack,static_B_2020.02.27_18.39.27.csv,1673,188.1191,79.56,39.62,0.7802,0.252154
222,soldier,static_B_2020.02.14_13.21.26.csv,737,171.3554,96.00,41.33,0.7792,0.235240
223,longdress,static_B_2020.02.27_18.39.27.csv,2753,191.8590,82.34,46.38,0.7782,0.215374
224,loot,static_B_2020.02.27_18.39.27.csv,2093,181.7071,100.00,44.89,0.7772,0.205287
225,redandblack,static_B_2020.02.27_18.39.27.csv,1193,202.6604,100.00,54.14,0.7762,0.235302
226,soldier,static_B_2020.02.27_18.39.27.csv,893,176.4016,58.56,28.38,0.7752,0.220279
227,longdress,static_B_2020.02.27_18.39.27.csv,5633,193.0727,100.00,51.00,0.7743,0.260595
228,loot,static_B_2020.02.27_18.39.27.csv,53,184.0268,62.00,48.57,0.7733,0.221748
229,redandblack,static_B_2020.02.13_13.57.29.csv,719,161.4782,0.00,-30.55,0.7723,0.219516
230,soldier,static_B_2020.02.13_13.57.29.csv,659,148.4670,30.91,-6.00,0.7713,0.225245
231,longdress,static_B_2020.02.13_13.57.29.csv,539,218.8220,100.00,63.46,0.7703,0.229844
232,loot,static_B_2020.02.27_18.39.27.csv,2213,172.6810,66.40,24.25,0.7693,0.223286
233,redandblack,static_B_2020.02.13_13.57.29.csv,2819,183.6766,35.56,12.76,0.7683,0.233751
234,soldier,static_B_2019.12.16_13.40.04.csv,884,202.5534,23.53,15.51,0.7673,0.232110
235,longdress,static_B_2020.02.14_13.21.26.csv,797,176.0291,71.80,32.69,0.7663,0.234088
236,loot,static_B_2020.02.27_18.39.27.csv,4013,167.3495,58.17,22.60,0.7653,0.226966
237,redandblack,static_B_2019.12.16_13.40.04.csv,224,157.8107,0.00,-34.45,0.7643,0.244133
238,soldier,static_B_2020.02.27_18.39.27.csv,4433,160.6620,86.98,30.60,0.7633,0.226832
239,longdress,static_B_2020.02.27_18.39.27.csv,2153,175.4556,62.70,30.65,0.7623,0.226597
240,loot,static_B_2019.12.16_13.40.04.csv,464,166.5173,0.00,-313.38,0.7613,0.231565
241,redandblack,static_B_2020.02.27_18.39.27.csv,1553,153.2630,78.23,25.81,0.7603,0.215414
242,soldier,static_B_2020.02.27_18.39.27.csv,1313,174.5115,72.20,33.13,0.7593,0.236258
243,longdress,static_B_2020.02.14_13.21.26.csv,257,147.1909,23.09,0.98,0.7583,0.252459
244,loot,static_B_2020.02.13_13.57.29.csv,419,205.3952,58.00,56.30,0.7573,0.231175
245,redandblack,static_B_2020.02.27_18.39.27.csv,293,180.7100,0.00,6.11,0.7564,0.233164
246,soldier,static_B_2020.02.13_13.57.29.csv,2639,195.3066,100.00,51.04,0.7554,0.212072
247,longdress,static_B_2019.12.16_13.40.04.csv,1244,139.4721,0.00,-48.24,0.7544,0.208826
248,loot,static_B_2020.02.27_18.39.27.csv,2453,181.6668,42.00,45.32,0.7534,0.222568
249,redandblack,static_B_2020.02.27_18.39.27.csv,1793,162.2662,0.00,-232.09,0.7524,0.234905
250,soldier,static_B_2020.02.27_18.39.27.csv,5393,183.0441,100.00,46.14,0.7514,0.224104
251,longdress,static_B_2019.12.16_13.40.04.csv,1304,154.7074,5.11,-11.13,0.7504,0.218588
252,loot,static_B_2020.02.27_18.39.27.csv,1973,186.4560,40.00,47.03,0.7494,0.458332
253,redandblack,static_B_2019.12.16_13.40.04.csv,344,127.0921,0.00,-31.47,0.7484,0.316342
254,soldier,static_B_2019.12.16_13.40.04.csv,44,148.8127,0.00,-23.63,0.7474,0.259818
255,longdress,static_B_2020.02.27_18.39.27.csv,473,178.0390,65.03,34.82,0.7464,0.288509
256,loot,static_B_2020.02.27_18.39.27.csv,2033,211.6536,46.00,56.96,0.7454,0.275658
257,redandblack,static_B_2020.02.27_18.39.27.csv,2573,192.9380,100.00,48.92,0.7444,0.300144
258,soldier,static_B_2020.02.27_18.39.27.csv,4733,219.7801,68.99,49.32,0.7434,0.283076
259,longdress,static_B_2020.02.27_18.39.27.csv,593,144.0638,92.00,27.62,0.7424,0.257603
260,loot,static_B_2020.02.13_13.57.29.csv,59,199.6651,0.00,23.36,0.7414,0.265244
261,redandblack,static_B_2020.02.13_13.57.29.csv,2219,182.0308,11.64,3.36,0.7404,0.251178
262,soldier,static_B_2020.02.27_18.39.27.csv,3113,118.0917,0.00,-103.08,0.7394,0.312366
263,longdress,static_B_2019.12.16_13.40.04.csv,704,168.5549,62.27,31.10,0.7384,0.286124
264,loot,static_B_2020.02.27_18.39.27.csv,5453,199.0863,55.19,37.57,0.7375,0.283376
265,redandblack,static_B_2019.12.16_13.40.04.csv,1604,199.3016,100.00,52.92,0.7365,0.285530
266,soldier,static_B_2020.02.13_13.57.29.csv,2339,183.2085,41.48,19.36,0.7355,0.324652
267,longdress,static_B_2020.02.27_18.39.27.csv,5573,179.1477,75.41,35.67,0.7345,0.248423
268,loot,static_B_2019.12.16_13.40.04.csv,584,210.3331,100.00,58.91,0.7335,0.266152
269,redandblack,static_B_2020.02.13_13.57.29.csv,1679,150.6978,14.41,1.28,0.7325,0.324557
270,soldier,static_B_2020.02.13_13.57.29.csv,1739,183.6370,0.00,-45.30,0.7315,0.294859
271,longdress,static_B_2019.12.16_13.40.04.csv,104,186.2818,100.00,46.60,0.7305,0.266583
272,loot,static_B_2020.02.14_13.21.26.csv,317,203.3221,44.00,55.42,0.7295,0.268062
273,redandblack,static_B_2020.02.13_13.57.29.csv,2159,184.7606,33.75,11.92,0.7285,0.228425
274,soldier,static_B_2020.02.27_18.39.27.csv,1733,174.4486,18.21,4.26,0.7275,0.288793
275,longdress,static_B_2020.02.13_13.57.29.csv,2279,182.6943,81.89,40.82,0.7265,0.270144
276,loot,static_B_2020.02.13_13.57.29.csv,1499,193.4292,100.00,48.51,0.7255,0.264522
277,redandblack,static_B_2020.02.13_13.57.29.csv,1379,224.3489,100.00,63.83,0.7245,0.266020
278,soldier,static_B_2020.02.27_18.39.27.csv,5742,213.1463,100.00,58.74,0.7235,0.268128
279,longdress,static_B_2020.02.27_18.39.27.csv,3473,168.0738,4.98,-17.29,0.7225,0.213592
280,loot,static_B_2020.02.27_18.39.27.csv,4973,216.1500,100.00,58.81,0.7215,0.265567
281,redandblack,static_B_2020.02.27_18.39.27.csv,3953,177.3153,100.00,42.28,0.7205,0.306270
282,soldier,static_B_2020.02.13_13.57.29.csv,1979,206.4800,80.00,57.20,0.7196,0.279600
283,longdress,static_B_2020.02.27_18.39.27.csv,5033,198.7488,100.00,54.54,0.7186,0.246435
284,loot,static_B_2020.02.27_18.39.27.csv,4913,164.4043,80.88,32.38,0.7176,0.308652
285,redandblack,static_B_2019.12.16_13.40.04.csv,764,214.8034,48.00,61.06,0.7166,0.254497
286,soldier,static_B_2020.02.14_13.21.26.csv,617,189.9932,100.00,47.74,0.7156,0.271862
287,longdress,static_B_2020.02.27_18.39.27.csv,233,163.5617,62.49,17.37,0.7146,0.271445
288,loot,static_B_2020.02.27_18.39.27.csv,3833,194.0837,100.00,48.90,0.7136,0.285160
289,redandblack,static_B_2020.02.27_18.39.27.csv,3053,193.7443,73.93,35.12,0.7126,0.274276
290,soldier,static_B_2020.02.14_13.21.26.csv,557,201.7157,80.95,52.14,0.7116,0.275493
291,longdress,static_B_2020.02.27_18.39.27.csv,4313,187.4092,23.87,27.17,0.7106,0.276215
292,loot,static_B_2020.02.27_18.39.27.csv,2513,204.8373,66.00,55.38,0.7096,0.276743
293,redandblack,static_B_2020.02.27_18.39.27.csv,3173,154.5389,0.00,-252.87,0.7086,0.317487
294,soldier,static_B_2019.12.16_13.40.04.csv,824,196.4290,87.08,51.07,0.7076,0.263764
295,longdress,static_B_2019.12.16_13.40.04.csv,1904,225.9748,92.00,64.54,0.7066,0.260829
296,loot,static_B_2020.02.27_18.39.27.csv,953,189.5031,82.51,44.71,0.7056,0.293474
297,redandblack,static_B_2020.02.27_18.39.27.csv,1133,188.8233,36.57,27.65,0.7046,0.232862
298,soldier,static_B_2020.02.13_13.57.29.csv,959,116.6224,0.00,-410.68,0.7036,0.251165
299,longdress,static_B_2020.02.13_13.57.29.csv,1799,177.3493,0.00,-50.16,0.7026,0.230550
300,loot,static_B_2019.12.16_13.40.04.csv,1904,215.3287,50.00,59.10,0.7016,0.288367
301,redandblack,static_B_2019.12.16_13.40.04.csv,1484,179.5784,69.25,31.25,0.7007,0.286344
302,soldier,static_B_2020.02.27_18.39.27.csv,173,205.1948,100.00,56.60,0.6997,0.534468
303,longdress,static_B_2020.02.27_18.39.27.csv,2273,178.9061,62.56,27.83,0.6987,0.355036
304,loot,static_B_2020.02.13_13.57.29.csv,1859,182.0084,0.00,-41.13,0.6977,0.354381
305,redandblack,static_B_2020.02.27_18.39.27.csv,5213,138.6658,0.00,-40.04,0.6967,0.320738
306,soldier,static_B_2020.02.27_18.39.27.csv,2333,123.7739,0.00,-411.41,0.6957,0.278880
307,longdress,static_B_2020.02.14_13.21.26.csv,197,208.6044,100.00,57.62,0.6947,0.375715
308,loot,static_B_2020.02.27_18.39.27.csv,3593,213.4674,86.00,59.72,0.6937,0.282872
309,redandblack,static_B_2019.12.16_13.40.04.csv,1064,184.0642,56.67,27.96,0.6927,0.285760
310,soldier,static_B_2020.02.27_18.39.27.csv,3653,199.2950,100.00,51.73,0.6917,0.316311
311,longdress,static_B_2019.12.16_13.40.04.csv,1184,142.1748,0.00,-12.63,0.6907,0.345624
312,loot,static_B_2020.02.14_13.21.26.csv,850,150.1413,42.42,2.58,0.6897,0.342238
313,redandblack,static_B_2020.02.27_18.39.27.csv,4133,228.6545,74.00,66.18,0.6887,0.334575
314,soldier,static_B_2020.02.27_18.39.27.csv,2633,115.1840,0.00,-99.02,0.6877,0.340093
315,longdress,static_B_2020.02.27_18.39.27.csv,1493,179.9239,14.57,-15.96,0.6867,0.300881
316,loot,static_B_2019.12.16_13.40.04.csv,1424,176.7268,100.00,37.77,0.6857,0.314736
317,redandblack,static_B_2020.02.27_18.39.27.csv,3713,227.2023,52.00,67.08,0.6847,0.331150
318,soldier,static_B_2020.02.27_18.39.27.csv,5513,187.8995,72.04,36.08,0.6837,0.353966
319,longdress,static_B_2020.02.13_13.57.29.csv,2039,219.7772,100.00,62.86,0.6828,0.304755
320,loot,static_B_2020.02.13_13.57.29.csv,239,189.2509,100.00,47.51,0.6818,0.337696
321,redandblack,static_B_2020.02.13_13.57.29.csv,2519,230.8284,100.00,66.69,0.6808,0.314240
322,soldier,static_B_2020.02.27_18.39.27.csv,353,192.9197,61.76,32.22,0.6798,0.294083
323,longdress,static_B_2019.12.16_13.40.04.csv,1844,128.3594,0.00,-119.85,0.6788,0.289690
324,loot,static_B_2020.02.13_13.57.29.csv,1319,152.1860,0.00,-10.25,0.6778,0.321986
325,redandblack,static_B_2020.02.27_18.39.27.csv,5093,225.7565,82.00,65.18,0.6768,0.300641
326,soldier,static_B_2020.02.13_13.57.29.csv,839,166.5328,47.14,14.22,0.6758,0.337370
327,longdress,static_B_2020.02.13_13.57.29.csv,779,188.2836,0.00,-22.46,0.6748,0.305396
328,loot,static_B_2020.02.27_18.39.27.csv,2993,194.2472,86.53,48.69,0.6738,0.324374
329,redandblack,static_B_2020.02.13_13.57.29.csv,1619,238.1197,100.00,70.96,0.6728,0.329962
330,soldier,static_B_2020.02.27_18.39.27.csv,5273,203.0799,96.00,53.15,0.6718,0.312370
331,longdress,static_B_2020.02.13_13.57.29.csv,2759,149.6905,0.00,-13.72,0.6708,0.326852
332,loot,static_B_2020.02.13_13.57.29.csv,2945,204.3822,63.85,37.74,0.6698,0.315015
333,redandblack,static_B_2020.02.27_18.39.27.csv,833,200.4217,100.00,55.74,0.6688,0.337003
334,soldier,static_B_2020.02.14_13.21.26.csv,850,152.7804,37.66,3.85,0.6678,0.296838
335,longdress,static_B_2019.12.16_13.40.04.csv,1544,222.2414,100.00,64.36,0.6668,0.338923
336,loot,static_B_2020.02.14_13.21.26.csv,497,211.2483,82.00,59.88,0.6658,0.294622
337,redandblack,static_B_2020.02.14_13.21.26.csv,17,166.7245,17.20,9.61,0.6649,0.293373
338,soldier,static_B_2020.02.14_13.21.26.csv,377,188.0732,54.17,31.70,0.6639,0.343959
339,longdress,static_B_2020.02.13_13.57.29.csv,2939,187.1806,39.66,17.04,0.6629,0.313062
340,loot,static_B_2019.12.16_13.40.04.csv,1784,226.8656,58.19,39.91,0.6619,0.331361
341,redandblack,static_B_2020.02.13_13.57.29.csv,119,169.1930,0.00,-30.09,0.6609,0.345886
342,soldier,static_B_2020.02.27_18.39.27.csv,1613,152.9700,0.00,-71.74,0.6599,0.338802
343,longdress,static_B_2020.02.13_13.57.29.csv,2099,122.1055,0.00,-52.77,0.6589,0.363373
344,loot,static_B_2020.02.27_18.39.27.csv,4673,167.6531,0.00,-186.33,0.6579,0.305676
345,redandblack,static_B_2020.02.27_18.39.27.csv,1013,219.8526,54.52,36.13,0.6569,0.315906
346,soldier,static_B_2020.02.14_13.21.26.csv,137,206.7310,100.00,54.76,0.6559,0.423688
347,longdress,static_B_2019.12.16_13.40.04.csv,1004,122.3061,0.00,-31.66,0.6549,0.311027
348,loot,static_B_2020.02.27_18.39.27.csv,5693,197.3560,100.00,51.12,0.6539,0.278874
349,redandblack,static_B_2020.02.27_18.39.27.csv,413,205.9230,100.00,57.16,0.6529,0.303695
350,soldier,static_B_2020.02.27_18.39.27.csv,1073,153.5915,0.00,-40.68,0.6519,0.334024
351,longdress,static_B_2020.02.27_18.39.27.csv,4493,198.0504,28.91,25.30,0.6509,0.375768
352,loot,static_B_2020.02.13_13.57.29.csv,599,214.8777,100.00,55.64,0.6499,0.492639
353,redandblack,static_B_2020.02.13_13.57.29.csv,1919,208.6577,81.38,53.06,0.6489,0.434157
354,soldier,static_B_2019.12.16_13.40.04.csv,944,160.7441,0.00,-72.86,0.6479,0.374677
355,longdress,static_B_2020.02.27_18.39.27.csv,4193,140.3601,0.00,-54.49,0.6469,0.321804
356,loot,static_B_2020.02.27_18.39.27.csv,4373,223.3295,100.00,63.72,0.6460,0.322552
357,redandblack,static_B_2020.02.13_13.57.29.csv,1019,199.8521,20.95,25.22,0.6450,0.357041
358,soldier,static_B_2020.02.13_13.57.29.csv,899,136.8594,0.00,-57.62,0.6440,0.307748
359,longdress,static_B_2020.02.13_13.57.29.csv,1559,185.4778,0.00,-33.20,0.6430,0.366993
360,loot,static_B_2019.12.16_13.40.04.csv,1364,173.7015,0.00,-224.57,0.6420,0.391158
361,redandblack,static_B_2019.12.16_13.40.04.csv,1664,185.4199,43.09,17.01,0.6410,0.376152
362,soldier,static_B_2019.12.16_13.40.04.csv,404,159.3721,15.71,1.74,0.6400,0.365888
363,longdress,static_B_2020.02.27_18.39.27.csv,3293,188.3456,100.00,47.85,0.6390,0.428700
364,loot,static_B_2020.02.13_13.57.29.csv,359,179.9341,56.00,44.44,0.6380,0.370425
365,redandblack,static_B_2020.02.27_18.39.27.csv,5333,211.1447,46.00,56.63,0.6370,0.368080
366,soldier,static_B_2020.02.27_18.39.27.csv,3413,209.8009,80.05,53.61,0.6360,0.400729
367,longdress,static_B_2020.02.13_13.57.29.csv,1259,160.1668,0.00,-37.32,0.6350,0.368563
368,loot,static_B_2020.02.27_18.39.27.csv,5742,220.3090,46.00,63.40,0.6340,0.391803
369,redandblack,static_B_2020.02.27_18.39.27.csv,2813,227.7417,100.00,67.03,0.6330,0.367817
370,soldier,static_B_2020.02.27_18.39.27.csv,1913,231.0041,72.00,68.60,0.6320,0.345917
371,longdress,static_B_2020.02.27_18.39.27.csv,653,198.3780,100.00,52.85,0.6310,0.374442
372,loot,static_B_2020.02.27_18.39.27.csv,533,148.9700,0.00,-359.78,0.6300,0.385549
373,redandblack,static_B_2020.02.27_18.39.27.csv,3353,182.6114,72.00,46.92,0.6290,0.375859
374,soldier,static_B_2020.02.27_18.39.27.csv,4553,184.3816,35.74,23.47,0.6281,0.359110
375,longdress,static_B_2020.02.27_18.39.27.csv,1433,194.1584,40.31,21.07,0.6271,0.385302
376,loot,static_B_2020.02.27_18.39.27.csv,2393,209.6681,44.00,58.33,0.6261,0.305599
377,redandblack,static_B_2020.02.13_13.57.29.csv,2699,205.0001,82.94,52.55,0.6251,0.400374
378,soldier,static_B_2020.02.27_18.39.27.csv,4853,196.9890,100.00,50.64,0.6241,0.389905
379,longdress,static_B_2020.02.27_18.39.27.csv,5742,216.2108,65.12,44.97,0.6231,0.364283
380,loot,static_B_2020.02.13_13.57.29.csv,2579,231.8930,50.00,66.82,0.6221,0.316357
381,redandblack,static_B_2020.02.27_18.39.27.csv,773,204.3604,46.00,54.42,0.6211,0.386060
382,soldier,static_B_2020.02.27_18.39.27.csv,4253,227.5445,100.00,66.20,0.6201,0.388394
383,longdress,static_B_2020.02.27_18.39.27.csv,2693,192.1191,83.36,44.60,0.6191,0.363880
384,loot,static_B_2020.02.13_13.57.29.csv,2399,183.7402,45.64,24.95,0.6181,0.357126
385,redandblack,static_B_2020.02.13_13.57.29.csv,299,220.1285,54.00,61.94,0.6171,0.393297
386,soldier,static_B_2020.02.27_18.39.27.csv,3773,225.4354,45.12,37.91,0.6161,0.377031
387,longdress,static_B_2020.02.27_18.39.27.csv,1253,215.1998,100.00,60.40,0.6151,0.394463
388,loot,static_B_2020.02.13_13.57.29.csv,1199,211.3489,80.35,51.66,0.6141,0.369002
389,redandblack,static_B_2020.02.27_18.39.27.csv,5153,210.4268,58.00,57.43,0.6131,0.377716
390,soldier,static_B_2019.12.16_13.40.04.csv,164,220.2862,100.00,61.31,0.6121,0.347969
391,longdress,static_B_2020.02.13_13.57.29.csv,1439,174.1022,0.00,-64.65,0.6111,0.399405
392,loot,static_B_2020.02.13_13.57.29.csv,2879,136.2549,0.00,-67.48,0.6102,0.345331
393,redandblack,static_B_2020.02.13_13.57.29.csv,179,153.2467,0.00,-17.95,0.6092,0.339990
394,soldier,static_B_2020.02.14_13.21.26.csv,77,201.4600,100.00,52.90,0.6082,0.401199
395,longdress,static_B_2020.02.27_18.39.27.csv,4793,224.9430,100.00,64.89,0.6072,0.315667
396,loot,static_B_2020.02.27_18.39.27.csv,1373,212.4847,42.00,60.66,0.6062,0.354894
397,redandblack,static_B_2019.12.16_13.40.04.csv,1124,140.3671,0.00,-502.89,0.6052,0.349018
398,soldier,static_B_2020.02.27_18.39.27.csv,3893,200.0474,100.00,53.91,0.6042,0.398196
399,redandblack,static_B_2020.02.27_18.39.27.csv,2068,223.7977,100.00,63.04,0.6032,0.343864
400,soldier,static_B_2020.02.27_18.39.27.csv,2968,208.0471,60.14,27.70,0.6022,0.380149
401,longdress,static_B_2020.02.27_18.39.27.csv,5728,193.3245,76.35,41.51,0.6012,0.399156
402,loot,static_B_2020.02.27_18.39.27.csv,2428,207.3777,64.00,55.21,0.6002,0.646780
403,redandblack,static_B_2020.02.27_18.39.27.csv,3508,184.7387,3.61,-12.80,0.5992,0.377394
404,soldier,static_B_2020.02.13_13.57.29.csv,827,182.2187,18.95,18.25,0.5982,0.415734
405,longdress,static_B_2020.02.27_18.39.27.csv,1828,202.9860,59.74,32.45,0.5972,0.375173
406,loot,static_B_2020.02.14_13.21.26.csv,73,215.2566,50.00,58.88,0.5962,0.434871
407,redandblack,static_B_2020.02.27_18.39.27.csv,1228,190.2354,100.00,49.73,0.5952,0.404687
408,soldier,static_B_2020.02.13_13.57.29.csv,2627,244.3379,100.00,72.52,0.5942,0.370866
409,longdress,static_B_2020.02.27_18.39.27.csv,268,205.9508,73.98,43.49,0.5932,0.440648
410,loot,static_B_2020.02.27_18.39.27.csv,988,207.2047,37.50,15.37,0.5922,0.450516
411,redandblack,static_B_2020.02.13_13.57.29.csv,1607,196.5501,100.00,52.12,0.5913,0.414935
412,soldier,static_B_2020.02.27_18.39.27.csv,1348,197.6004,100.00,50.57,0.5903,0.489915
413,longdress,static_B_2020.02.14_13.21.26.csv,850,182.6534,35.15,16.43,0.5893,0.428224
414,loot,static_B_2020.02.27_18.39.27.csv,4048,217.3438,54.00,60.89,0.5883,0.429204
415,redandblack,static_B_2020.02.27_18.39.27.csv,2608,235.8721,100.00,66.79,0.5873,0.409954
416,soldier,static_B_2019.12.16_13.40.04.csv,1537,219.0644,83.69,56.03,0.5863,0.478814
417,longdress,static_B_2020.02.13_13.57.29.csv,2507,195.7250,100.00,50.44,0.5853,0.403575
418,loot,static_B_2020.02.27_18.39.27.csv,1108,179.2814,46.28,21.99,0.5843,0.386421
419,redandblack,static_B_2020.02.14_13.21.26.csv,253,193.3076,48.00,49.66,0.5833,0.317346
420,soldier,static_B_2019.12.16_13.40.04.csv,757,208.7355,100.00,54.99,0.5823,0.435459
421,longdress,static_B_2020.02.27_18.39.27.csv,5742,230.7142,100.00,67.78,0.5813,0.472453
422,loot,static_B_2020.02.14_13.21.26.csv,313,216.5806,82.00,59.18,0.5803,0.365292
423,redandblack,static_B_2020.02.13_13.57.29.csv,587,194.6677,84.26,48.25,0.5793,0.401537
424,soldier,static_B_2020.02.13_13.57.29.csv,2267,192.4947,33.39,15.82,0.5783,0.462290
425,longdress,static_B_2020.02.13_13.57.29.csv,2447,162.5210,0.00,-268.60,0.5773,0.404860
426,loot,static_B_2020.02.27_18.39.27.csv,3568,167.2017,0.00,-25.33,0.5763,0.465735
427,redandblack,static_B_2020.02.27_18.39.27.csv,4888,142.8985,0.00,-42.14,0.5753,0.425581
428,soldier,static_B_2019.12.16_13.40.04.csv,1837,164.6215,0.00,-17.77,0.5743,0.380208
429,longdress,static_B_2020.02.13_13.57.29.csv,887,155.4519,0.00,-67.59,0.5734,0.418075
430,loot,static_B_2020.02.27_18.39.27.csv,1708,177.9102,58.76,26.08,0.5724,0.410772
431,redandblack,static_B_2020.02.13_13.57.29.csv,2087,189.8973,75.66,39.93,0.5714,0.363286
432,soldier,static_B_2020.02.27_18.39.27.csv,148,221.2352,100.00,62.85,0.5704,0.413855
433,longdress,static_B_2020.02.13_13.57.29.csv,1727,191.0389,49.33,30.55,0.5694,0.441198
434,loot,static_B_2020.02.27_18.39.27.csv,3328,240.1760,22.81,41.54,0.5684,0.416284
435,redandblack,static_B_2020.02.13_13.57.29.csv,2027,217.7016,100.00,59.30,0.5674,0.420681
436,soldier,static_B_2020.02.13_13.57.29.csv,1487,152.6413,0.00,-15.22,0.5664,0.402852
437,longdress,static_B_2020.02.27_18.39.27.csv,2548,222.9976,32.89,10.14,0.5654,0.450218
438,loot,static_B_2020.02.27_18.39.27.csv,4288,206.1064,100.00,55.80,0.5644,0.390715
439,redandblack,static_B_2020.02.27_18.39.27.csv,328,203.3176,43.50,20.58,0.5634,0.358798
440,soldier,static_B_2019.12.16_13.40.04.csv,217,162.1757,0.00,-112.87,0.5624,0.448289
441,longdress,static_B_2019.12.16_13.40.04.csv,697,216.7665,100.00,59.81,0.5614,0.379784
442,loot,static_B_2020.02.27_18.39.27.csv,4348,201.7503,68.73,35.18,0.5604,0.379411
443,redandblack,static_B_2020.02.13_13.57.29.csv,2867,212.6417,100.00,60.34,0.5594,0.397088
444,soldier,static_B_2020.02.27_18.39.27.csv,2728,215.5386,100.00,60.57,0.5584,0.408772
445,longdress,static_B_2020.02.27_18.39.27.csv,808,196.5921,63.22,40.61,0.5574,0.390572
446,loot,static_B_2020.02.27_18.39.27.csv,388,206.4437,100.00,53.85,0.5564,0.362483
447,redandblack,static_B_2020.02.27_18.39.27.csv,5548,223.7936,46.00,63.59,0.5554,0.310777
448,soldier,static_B_2020.02.27_18.39.27.csv,5068,195.6957,43.92,16.39,0.5545,0.386186
449,longdress,static_B_2019.12.16_13.40.04.csv,1237,203.8519,30.59,26.08,0.5535,0.451051
450,loot,static_B_2020.02.13_13.57.29.csv,107,215.5594,65.59,51.30,0.5525,0.354790
451,redandblack,static_B_2020.02.27_18.39.27.csv,3028,206.0460,20.47,23.18,0.5515,0.418506
452,soldier,static_B_2020.02.14_13.21.26.csv,133,210.7403,72.74,48.14,0.5505,0.620234
453,longdress,static_B_2019.12.16_13.40.04.csv,1057,165.9177,0.00,-28.14,0.5495,0.494249
454,loot,static_B_2019.12.16_13.40.04.csv,37,189.7053,0.00,-3.09,0.5485,0.483344
455,redandblack,static_B_2020.02.13_13.57.29.csv,1967,186.6247,27.91,21.56,0.5475,0.454361
456,soldier,static_B_2020.02.27_18.39.27.csv,3208,237.0957,100.00,69.98,0.5465,0.445771
457,longdress,static_B_2020.02.14_13.21.26.csv,433,170.6368,72.65,28.67,0.5455,0.494634
458,loot,static_B_2020.02.13_13.57.29.csv,2387,185.1189,53.56,24.08,0.5445,0.452012
459,redandblack,static_B_2020.02.27_18.39.27.csv,1288,203.7193,72.92,42.48,0.5435,0.396762
460,soldier,static_B_2020.02.14_13.21.26.csv,193,189.8618,64.14,29.20,0.5425,0.539673
461,longdress,static_B_2020.02.27_18.39.27.csv,3388,226.2074,100.00,64.84,0.5415,0.472120
462,loot,static_B_2020.02.13_13.57.29.csv,2945,209.8917,61.74,40.50,0.5405,0.490756
463,redandblack,static_B_2020.02.13_13.57.29.csv,647,180.5851,0.00,-25.93,0.5395,0.548582
464,soldier,static_B_2019.12.16_13.40.04.csv,1477,228.3045,100.00,65.07,0.5385,0.454527
465,longdress,static_B_2020.02.13_13.57.29.csv,227,196.7917,70.88,40.57,0.5375,0.444616
466,loot,static_B_2019.12.16_13.40.04.csv,1297,218.3675,82.07,58.59,0.5366,0.449808
467,redandblack,static_B_2019.12.16_13.40.04.csv,97,224.3004,84.57,61.18,0.5356,0.409906
468,soldier,static_B_2020.02.27_18.39.27.csv,2248,186.2081,55.01,28.19,0.5346,0.405822
469,longdress,static_B_2020.02.27_18.39.27.csv,5668,206.6460,82.84,48.23,0.5336,0.475958
470,loot,static_B_2020.02.27_18.39.27.csv,3268,224.9762,43.44,26.42,0.5326,0.435223
471,redandblack,static_B_2020.02.13_13.57.29.csv,947,120.8353,0.00,-420.60,0.5316,0.476340
472,soldier,static_B_2019.12.16_13.40.04.csv,1904,231.7272,72.00,68.45,0.5306,0.432428
473,longdress,static_B_2020.02.27_18.39.27.csv,5128,244.3597,100.00,72.89,0.5296,0.457475
474,loot,static_B_2020.02.13_13.57.29.csv,2207,168.3660,0.00,-21.64,0.5286,0.564556
475,redandblack,static_B_2020.02.14_13.21.26.csv,733,241.1366,100.00,71.55,0.5276,0.497462
476,soldier,static_B_2020.02.27_18.39.27.csv,4648,161.1463,0.00,-304.80,0.5266,0.503224
477,longdress,static_B_2020.02.13_13.57.29.csv,1907,214.1572,60.08,45.78,0.5256,0.377396
478,loot,static_B_2020.02.13_13.57.29.csv,2747,183.3366,0.00,3.17,0.5246,0.553018
479,redandblack,static_B_2020.02.13_13.57.29.csv,2945,204.0951,55.98,27.38,0.5236,0.406414
480,soldier,static_B_2020.02.27_18.39.27.csv,208,191.6339,0.00,-12.59,0.5226,0.476959
481,longdress,static_B_2020.02.13_13.57.29.csv,467,198.6923,100.00,51.63,0.5216,0.484188
482,loot,static_B_2020.02.27_18.39.27.csv,5008,197.2290,70.12,40.63,0.5206,0.471506
483,redandblack,static_B_2020.02.14_13.21.26.csv,793,219.8418,70.00,63.99,0.5196,0.492847
484,soldier,static_B_2020.02.13_13.57.29.csv,1127,202.3012,0.00,-15.34,0.5187,0.506177
485,longdress,static_B_2020.02.27_18.39.27.csv,4108,214.3873,100.00,58.83,0.5177,0.522219
486,loot,static_B_2020.02.27_18.39.27.csv,88,238.7988,76.00,70.42,0.5167,0.479895
487,redandblack,static_B_2020.02.27_18.39.27.csv,3808,200.8170,0.00,-18.61,0.5157,0.526869
488,soldier,static_B_2020.02.27_18.39.27.csv,1468,181.9629,0.00,-26.13,0.5147,0.536390
489,longdress,static_B_2020.02.27_18.39.27.csv,1888,226.9960,76.00,65.03,0.5137,0.466205
490,loot,static_B_2020.02.14_13.21.26.csv,13,190.3424,28.14,20.20,0.5127,0.489192
491,redandblack,static_B_2020.02.27_18.39.27.csv,5248,206.4899,46.00,55.73,0.5117,0.468787
492,soldier,static_B_2020.02.27_18.39.27.csv,2368,211.0282,0.00,-206.30,0.5107,0.482183
493,longdress,static_B_2020.02.27_18.39.27.csv,4168,234.9012,67.33,54.96,0.5097,0.402626
494,loot,static_B_2020.02.13_13.57.29.csv,1307,197.7515,28.09,26.59,0.5087,0.564612
495,redandblack,static_B_2020.02.13_13.57.29.csv,1247,181.7375,0.00,-10.10,0.5077,0.406091
496,soldier,static_B_2020.02.13_13.57.29.csv,1367,221.3930,45.30,40.10,0.5067,0.491403
497,longdress,static_B_2019.12.16_13.40.04.csv,817,233.2780,89.22,59.49,0.5057,0.501915
498,loot,static_B_2019.12.16_13.40.04.csv,1417,224.4595,85.32,59.90,0.5047,0.419358
499,redandblack,static_B_2020.02.27_18.39.27.csv,5742,223.0572,100.00,64.44,0.5037,0.384365
500,soldier,static_B_2020.02.27_18.39.27.csv,928,247.4569,77.83,64.67,0.5027,0.426511
501,longdress,static_B_2020.02.13_13.57.29.csv,1787,216.0436,90.00,59.74,0.5017,0.511447
502,loot,static_B_2019.12.16_13.40.04.csv,877,209.5260,75.76,44.24,0.5007,0.737881
503,redandblack,static_B_2020.02.13_13.57.29.csv,167,241.5952,50.00,73.98,0.4998,0.537983
504,soldier,static_B_2020.02.13_13.57.29.csv,1427,235.4740,31.44,29.48,0.4988,0.465366
505,longdress,static_B_2020.02.27_18.39.27.csv,2668,153.6886,0.00,-69.25,0.4978,0.545957
506,loot,static_B_2020.02.13_13.57.29.csv,767,189.5229,18.69,14.27,0.4968,0.536640
507,redandblack,static_B_2020.02.13_13.57.29.csv,527,175.7159,31.28,6.80,0.4958,0.508370
508,soldier,static_B_2020.02.13_13.57.29.csv,1187,225.8232,100.00,62.69,0.4948,0.503544
509,longdress,static_B_2020.02.27_18.39.27.csv,1528,185.3313,10.53,-10.18,0.4938,0.532222
510,loot,static_B_2020.02.27_18.39.27.csv,4468,209.9490,21.26,25.28,0.4928,0.422306
511,redandblack,static_B_2019.12.16_13.40.04.csv,1657,226.8995,0.00,-20.41,0.4918,0.468808
512,soldier,static_B_2020.02.14_13.21.26.csv,553,244.5153,100.00,72.76,0.4908,0.484735
513,longdress,static_B_2020.02.27_18.39.27.csv,28,214.5759,100.00,58.74,0.4898,0.628131
514,loot,static_B_2020.02.27_18.39.27.csv,2128,197.2465,63.18,39.76,0.4888,0.494076
515,redandblack,static_B_2020.02.27_18.39.27.csv,5308,207.8031,56.00,56.47,0.4878,0.497369
516,soldier,static_B_2019.12.16_13.40.04.csv,637,195.5075,0.00,-4.84,0.4868,0.554684
517,longdress,static_B_2020.02.13_13.57.29.csv,407,192.1747,47.66,18.70,0.4858,0.497932
518,loot,static_B_2020.02.14_13.21.26.csv,673,236.2284,100.00,69.57,0.4848,0.471029
519,redandblack,static_B_2020.02.13_13.57.29.csv,47,168.1976,13.71,-1.75,0.4838,0.513600
520,soldier,static_B_2020.02.27_18.39.27.csv,3928,251.0215,100.00,76.16,0.4828,0.531685
521,longdress,static_B_2020.02.13_13.57.29.csv,287,235.8038,45.73,38.31,0.4819,0.620947
522,loot,static_B_2020.02.13_13.57.29.csv,1007,174.5560,0.00,-12.49,0.4809,0.528657
523,redandblack,static_B_2020.02.27_18.39.27.csv,2788,250.1349,100.00,76.51,0.4799,0.411715
524,soldier,static_B_2020.02.27_18.39.27.csv,1168,194.2583,0.00,-243.08,0.4789,0.551790
525,longdress,static_B_2020.02.27_18.39.27.csv,2188,216.5340,59.33,35.54,0.4779,0.464838
526,loot,static_B_2020.02.27_18.39.27.csv,5428,191.4934,2.62,13.36,0.4769,0.574345
527,redandblack,static_B_2020.02.13_13.57.29.csv,2687,208.1967,72.87,47.09,0.4759,0.519763
528,soldier,static_B_2020.02.27_18.39.27.csv,868,179.4398,35.93,20.89,0.4749,0.512553
529,longdress,static_B_2020.02.27_18.39.27.csv,5368,207.4990,73.07,46.46,0.4739,0.530303
530,loot,static_B_2019.12.16_13.40.04.csv,397,207.2219,59.82,30.84,0.4729,0.574139
531,redandblack,static_B_2020.02.13_13.57.29.csv,2567,228.1006,90.00,66.54,0.4719,0.481243
532,soldier,static_B_2020.02.27_18.39.27.csv,4708,238.8878,61.91,49.66,0.4709,0.459987
533,longdress,static_B_2020.02.13_13.57.29.csv,2147,184.1010,0.00,-13.88,0.4699,0.440382
534,loot,static_B_2020.02.27_18.39.27.csv,508,196.1789,49.32,35.39,0.4689,0.522065
535,redandblack,static_B_2020.02.27_18.39.27.csv,3088,156.6756,0.00,-35.11,0.4679,0.447194
536,soldier,static_B_2019.12.16_13.40.04.csv,937,160.7791,0.00,-55.79,0.4669,0.505917
537,longdress,static_B_2020.02.27_18.39.27.csv,3748,234.9834,100.00,67.96,0.4659,0.459215
538,loot,static_B_2019.12.16_13.40.04.csv,457,204.7095,0.00,-304.67,0.4649,0.524012
539,redandblack,static_B_2020.02.27_18.39.27.csv,3868,216.5879,0.00,-7.15,0.4640,0.525529
540,soldier,static_B_2020.02.27_18.39.27.csv,5488,208.5468,64.91,38.69,0.4630,0.542657
541,longdress,static_B_2020.02.27_18.39.27.csv,2908,176.5782,0.00,-5.44,0.4620,0.526428
542,loot,static_B_2020.02.27_18.39.27.csv,2308,211.0308,39.08,25.07,0.4610,0.561278
543,redandblack,static_B_2020.02.27_18.39.27.csv,448,218.5631,76.90,54.37,0.4600,0.546617
544,soldier,static_B_2020.02.13_13.57.29.csv,2327,204.6930,0.00,-0.82,0.4590,0.528343
545,longdress,static_B_2020.02.14_13.21.26.csv,613,231.9969,100.00,66.91,0.4580,0.413887
546,loot,static_B_2020.02.13_13.57.29.csv,2927,246.3068,62.38,55.62,0.4570,0.517145
547,redandblack,static_B_2020.02.14_13.21.26.csv,373,219.9679,94.00,61.31,0.4560,0.538881
548,soldier,static_B_2020.02.27_18.39.27.csv,4828,243.9337,100.00,71.72,0.4550,0.509839
549,longdress,static_B_2020.02.27_18.39.27.csv,1768,140.0252,0.00,-481.72,0.4540,0.560456
550,loot,static_B_2020.02.27_18.39.27.csv,3448,220.9869,48.18,31.12,0.4530,0.541116
551,redandblack,static_B_2020.02.27_18.39.27.csv,4768,218.5802,54.00,60.83,0.4520,0.546774
552,soldier,static_B_2020.02.27_18.39.27.csv,2488,249.6551,100.00,75.72,0.4510,0.753104
553,longdress,static_B_2020.02.27_18.39.27.csv,4588,183.7558,0.00,-27.25,0.4500,0.509535
554,loot,static_B_2020.02.13_13.57.29.csv,1067,233.1785,67.43,52.23,0.4490,0.605424
555,redandblack,static_B_2019.12.16_13.40.04.csv,997,206.6719,58.07,39.17,0.4480,0.552152
556,soldier,static_B_2019.12.16_13.40.04.csv,577,204.4556,0.00,-6.61,0.4470,0.555273
557,longdress,static_B_2020.02.27_18.39.27.csv,568,256.7695,100.00,80.25,0.4460,0.559842
558,loot,static_B_2019.12.16_13.40.04.csv,1777,194.2907,27.64,16.15,0.4451,0.567380
559,redandblack,static_B_2019.12.16_13.40.04.csv,1117,175.2292,0.00,-486.48,0.4441,0.553059
560,soldier,static_B_2020.02.27_18.39.27.csv,3148,191.0610,0.00,-333.75,0.4431,0.567220
561,longdress,static_B_2020.02.27_18.39.27.csv,5608,206.4554,100.00,55.76,0.4421,0.616274
562,loot,static_B_2020.02.27_18.39.27.csv,4228,219.4092,40.00,60.35,0.4411,0.533368
563,redandblack,static_B_2019.12.16_13.40.04.csv,1904,237.8435,46.00,70.14,0.4401,0.578233
564,soldier,static_B_2019.12.16_13.40.04.csv,1357,152.6626,0.00,-247.12,0.4391,0.560308
565,longdress,static_B_2020.02.27_18.39.27.csv,4408,232.4026,76.85,58.35,0.4381,0.520205
566,loot,static_B_2020.02.27_18.39.27.csv,4948,196.1562,72.75,41.01,0.4371,0.624953
567,redandblack,static_B_2020.02.14_13.21.26.csv,493,216.3681,56.00,59.65,0.4361,0.554316
568,soldier,static_B_2020.02.13_13.57.29.csv,2807,177.4275,0.00,-70.65,0.4351,0.602274
569,longdress,static_B_2020.02.13_13.57.29.csv,1667,197.0064,1.15,6.87,0.4341,0.527716
570,loot,static_B_2019.12.16_13.40.04.csv,157,216.2107,16.80,13.71,0.4331,0.516843
571,redandblack,static_B_2020.02.27_18.39.27.csv,1588,190.3832,66.88,32.89,0.4321,0.589763
572,soldier,static_B_2020.02.13_13.57.29.csv,1547,195.0466,10.21,16.93,0.4311,0.522136
573,longdress,static_B_2020.02.14_13.21.26.csv,850,237.8883,45.02,36.22,0.4301,0.550978
574,loot,static_B_2020.02.27_18.39.27.csv,2008,196.6659,5.37,6.89,0.4291,0.517077
575,redandblack,static_B_2020.02.27_18.39.27.csv,1648,228.1254,74.19,55.02,0.4281,0.508238
576,soldier,static_B_2020.02.27_18.39.27.csv,3988,192.7877,85.08,46.48,0.4272,0.608691
577,longdress,static_B_2020.02.27_18.39.27.csv,4528,191.5239,8.83,18.84,0.4262,0.605762
578,loot,static_B_2020.02.13_13.57.29.csv,1847,184.7887,0.00,-41.28,0.4252,0.648004
579,redandblack,static_B_2020.02.27_18.39.27.csv,3628,209.8384,0.00,1.42,0.4242,0.603777
580,soldier,static_B_2019.12.16_13.40.04.csv,337,166.9374,0.00,-61.44,0.4232,0.511566
581,longdress,static_B_2019.12.16_13.40.04.csv,1897,211.3809,96.00,57.34,0.4222,0.502901
582,loot,static_B_2019.12.16_13.40.04.csv,1597,227.3048,100.00,65.17,0.4212,0.590785
583,redandblack,static_B_2020.02.27_18.39.27.csv,1048,231.8124,79.82,60.93,0.4202,0.660456
584,soldier,static_B_2020.02.27_18.39.27.csv,5188,191.9751,17.29,5.32,0.4192,0.520784
585,longdress,static_B_2020.02.27_18.39.27.csv,748,237.0646,100.00,71.28,0.4182,0.686614
586,loot,static_B_2019.12.16_13.40.04.csv,1177,198.7134,17.62,21.45,0.4172,0.548562
587,redandblack,static_B_2019.12.16_13.40.04.csv,1717,230.9019,72.87,55.12,0.4162,0.598642
588,soldier,static_B_2020.02.13_13.57.29.csv,707,159.5626,0.00,-87.32,0.4152,0.485590
589,longdress,static_B_2020.02.27_18.39.27.csv,2848,238.3007,74.19,62.21,0.4142,0.562781
590,loot,static_B_2019.12.16_13.40.04.csv,517,238.9033,87.31,70.56,0.4132,0.600101
591,redandblack,static_B_2020.02.27_18.39.27.csv,688,251.3871,76.00,76.90,0.4122,0.653872
592,soldier,static_B_2020.02.13_13.57.29.csv,347,228.9473,58.36,43.17,0.4112,0.558218
593,longdress,static_B_2020.02.27_18.39.27.csv,1948,188.7121,0.00,-5.59,0.4102,0.582248
594,loot,static_B_2019.12.16_13.40.04.csv,277,220.3994,81.78,54.57,0.4093,0.602642
595,redandblack,static_B_2020.02.27_18.39.27.csv,1408,230.6833,100.00,68.31,0.4083,0.596568
596,soldier,static_B_2020.02.27_18.39.27.csv,3688,243.6063,84.00,71.80,0.4073,0.580169
597,longdress,static_B_2020.02.27_18.39.27.csv,628,215.6640,100.00,60.29,0.4063,0.486573
598,soldier,static_B_2020.02.27_18.39.27.csv,663,206.7288,59.13,30.69,0.4053,0.590981
599,longdress,static_B_2020.02.14_13.21.26.csv,557,227.8466,74.66,57.92,0.4043,0.583820
600,loot,static_B_2020.02.14_13.21.26.csv,137,251.6350,48.00,75.80,0.4033,0.511821
601,redandblack,static_B_2020.02.27_18.39.27.csv,5583,223.3752,48.00,63.53,0.4023,0.551470
602,soldier,static_B_2020.02.27_18.39.27.csv,4983,234.5150,83.98,66.89,0.4013,0.778067
603,longdress,static_B_2020.02.27_18.39.27.csv,5103,232.5254,100.00,66.37,0.4003,0.643141
604,loot,static_B_2020.02.13_13.57.29.csv,1942,192.2965,0.00,-39.13,0.3993,0.549723
605,redandblack,static_B_2020.02.27_18.39.27.csv,1503,244.4634,14.97,26.11,0.3983,0.582258
606,soldier,static_B_2020.02.13_13.57.29.csv,562,244.9980,64.72,56.70,0.3973,0.582664
607,longdress,static_B_2020.02.27_18.39.27.csv,2643,174.7645,0.00,-117.74,0.3963,0.549827
608,loot,static_B_2019.12.16_13.40.04.csv,78,229.5294,44.00,65.73,0.3953,0.501616
609,redandblack,static_B_2020.02.27_18.39.27.csv,5343,238.8915,42.09,53.43,0.3943,0.653585
610,soldier,static_B_2020.02.27_18.39.27.csv,2343,205.5703,0.00,-267.71,0.3933,0.607427
611,longdress,static_B_2020.02.13_13.57.29.csv,1822,232.0088,72.00,67.56,0.3923,0.633246
612,loot,static_B_2019.12.16_13.40.04.csv,1904,238.5003,54.00,69.50,0.3913,0.629680
613,redandblack,static_B_2019.12.16_13.40.04.csv,798,248.6521,100.00,75.35,0.3904,0.566433
614,soldier,static_B_2019.12.16_13.40.04.csv,1638,208.5460,57.58,38.92,0.3894,0.554947
615,longdress,static_B_2019.12.16_13.40.04.csv,318,157.7428,0.00,-117.56,0.3884,0.595694
616,loot,static_B_2020.02.27_18.39.27.csv,4203,219.8813,0.00,-21.18,0.3874,0.604075
617,redandblack,static_B_2020.02.13_13.57.29.csv,1342,206.7883,9.42,15.57,0.3864,0.716824
618,soldier,static_B_2019.12.16_13.40.04.csv,1158,195.7359,0.00,-8.11,0.3854,0.597324
619,longdress,static_B_2020.02.27_18.39.27.csv,1443,217.8182,28.20,34.57,0.3844,0.561871
620,loot,static_B_2020.02.27_18.39.27.csv,4323,207.8100,60.52,39.40,0.3834,0.591263
621,redandblack,static_B_2020.02.27_18.39.27.csv,2103,204.1603,32.74,38.38,0.3824,0.523488
622,soldier,static_B_2020.02.13_13.57.29.csv,2602,208.4366,14.93,9.22,0.3814,0.612621
623,longdress,static_B_2020.02.13_13.57.29.csv,1102,184.7001,0.00,5.16,0.3804,0.630352
624,loot,static_B_2020.02.27_18.39.27.csv,5043,220.9788,3.34,28.56,0.3794,0.494476
625,redandblack,static_B_2020.02.27_18.39.27.csv,5163,235.7784,46.00,71.09,0.3784,0.580354
626,soldier,static_B_2020.02.14_13.21.26.csv,317,230.0671,100.00,66.53,0.3774,0.621274
627,longdress,static_B_2020.02.27_18.39.27.csv,1563,196.6805,0.00,-3.17,0.3764,0.659016
628,loot,static_B_2020.02.27_18.39.27.csv,3243,238.9901,80.34,66.40,0.3754,0.512040
629,redandblack,static_B_2020.02.27_18.39.27.csv,2703,236.1779,100.00,68.56,0.3744,0.594927
630,soldier,static_B_2020.02.13_13.57.29.csv,2122,201.8103,0.00,-32.12,0.3734,0.658200
631,longdress,static_B_2020.02.27_18.39.27.csv,1683,180.6744,14.01,6.65,0.3725,0.608685
632,loot,static_B_2020.02.27_18.39.27.csv,3903,241.4938,46.00,70.85,0.3715,0.615578
633,redandblack,static_B_2020.02.27_18.39.27.csv,1863,233.9585,61.79,49.44,0.3705,0.612193
634,soldier,static_B_2020.02.27_18.39.27.csv,4683,235.4882,58.19,43.85,0.3695,0.719878
635,longdress,static_B_2020.02.13_13.57.29.csv,142,240.9245,68.28,58.43,0.3685,0.529189
636,loot,static_B_2020.02.27_18.39.27.csv,1743,203.0056,62.16,44.27,0.3675,0.766069
637,redandblack,static_B_2019.12.16_13.40.04.csv,1458,249.1548,100.00,74.49,0.3665,0.662859
638,soldier,static_B_2019.12.16_13.40.04.csv,978,205.0125,49.11,21.95,0.3655,0.662895
639,longdress,static_B_2020.02.27_18.39.27.csv,1803,198.1051,55.77,26.97,0.3645,0.583525
640,loot,static_B_2020.02.13_13.57.29.csv,2002,244.8870,100.00,72.76,0.3635,0.488385
641,redandblack,static_B_2020.02.27_18.39.27.csv,2163,253.5431,78.16,71.08,0.3625,0.637637
642,soldier,static_B_2019.12.16_13.40.04.csv,1038,202.3176,0.00,-14.78,0.3615,0.538175
643,longdress,static_B_2019.12.16_13.40.04.csv,1698,225.5795,31.10,11.97,0.3605,0.557748
644,loot,static_B_2020.02.27_18.39.27.csv,4863,164.2682,0.00,-50.32,0.3595,0.611363
645,redandblack,static_B_2020.02.13_13.57.29.csv,382,210.6987,43.59,34.76,0.3585,0.579291
646,soldier,static_B_2020.02.13_13.57.29.csv,862,139.0409,0.00,-129.59,0.3575,0.498462
647,longdress,static_B_2020.02.27_18.39.27.csv,3363,240.5519,100.00,71.20,0.3565,0.512795
648,loot,static_B_2019.12.16_13.40.04.csv,1098,183.2844,0.00,-476.13,0.3555,0.525763
649,redandblack,static_B_2020.02.13_13.57.29.csv,502,235.8315,71.63,57.28,0.3545,0.632784
650,soldier,static_B_2020.02.27_18.39.27.csv,4383,232.4927,0.00,-2.12,0.3536,0.528788
651,longdress,static_B_2019.12.16_13.40.04.csv,18,235.0102,100.00,68.44,0.3526,0.589092
652,loot,static_B_2020.02.14_13.21.26.csv,197,260.5571,52.00,80.62,0.3516,0.829566
653,redandblack,static_B_2020.02.14_13.21.26.csv,497,223.1091,100.00,63.03,0.3506,0.674564
654,soldier,static_B_2020.02.27_18.39.27.csv,603,262.8639,100.00,81.46,0.3496,0.629397
655,longdress,static_B_2020.02.13_13.57.29.csv,2062,241.1243,67.85,60.06,0.3486,0.691515
656,loot,static_B_2020.02.27_18.39.27.csv,4023,182.0087,10.88,12.83,0.3476,0.676717
657,redandblack,static_B_2020.02.27_18.39.27.csv,1023,237.3429,0.00,12.39,0.3466,0.548637
658,soldier,static_B_2020.02.27_18.39.27.csv,2763,241.8806,100.00,73.27,0.3456,0.613631
659,longdress,static_B_2020.02.27_18.39.27.csv,4263,243.1484,81.20,67.60,0.3446,0.594507
660,loot,static_B_2020.02.13_13.57.29.csv,22,251.9039,90.00,76.20,0.3436,0.724669
661,redandblack,static_B_2020.02.13_13.57.29.csv,1522,173.7237,0.00,-45.91,0.3426,0.737504
662,soldier,static_B_2019.12.16_13.40.04.csv,1338,192.3187,0.00,-12.94,0.3416,0.723440
663,longdress,static_B_2020.02.27_18.39.27.csv,4563,194.2725,0.00,6.38,0.3406,0.647177
664,loot,static_B_2020.02.27_18.39.27.csv,5703,236.9826,82.87,64.20,0.3396,0.654459
665,redandblack,static_B_2020.02.27_18.39.27.csv,5223,228.9257,20.31,24.59,0.3386,0.600819
666,soldier,static_B_2020.02.13_13.57.29.csv,2242,205.2661,0.00,-35.73,0.3376,0.653308
667,longdress,static_B_2020.02.13_13.57.29.csv,1042,214.6449,37.50,34.73,0.3366,0.702384
668,loot,static_B_2020.02.27_18.39.27.csv,5643,240.7560,71.89,59.32,0.3357,0.734108
669,redandblack,static_B_2020.02.27_18.39.27.csv,423,249.1431,73.34,65.22,0.3347,0.618274
670,soldier,static_B_2020.02.27_18.39.27.csv,2463,267.2069,100.00,84.16,0.3337,0.664275
671,longdress,static_B_2020.02.14_13.21.26.csv,797,217.1791,12.09,7.58,0.3327,0.595154
672,loot,static_B_2020.02.27_18.39.27.csv,903,232.8182,79.91,58.78,0.3317,0.691540
673,redandblack,static_B_2020.02.27_18.39.27.csv,1263,248.9938,100.00,75.75,0.3307,0.778036
674,soldier,static_B_2020.02.27_18.39.27.csv,3303,261.0336,100.00,81.15,0.3297,0.722124
675,longdress,static_B_2020.02.13_13.57.29.csv,622,196.7608,0.00,-78.53,0.3287,0.708349
676,loot,static_B_2020.02.14_13.21.26.csv,437,252.6272,48.00,75.89,0.3277,0.683572
677,redandblack,static_B_2020.02.13_13.57.29.csv,1882,206.4669,0.26,-3.78,0.3267,0.664698
678,soldier,static_B_2020.02.13_13.57.29.csv,2542,230.3346,58.61,45.38,0.3257,0.702760
679,longdress,static_B_2020.02.27_18.39.27.csv,1623,183.2606,0.00,-51.37,0.3247,0.626424
680,loot,static_B_2020.02.27_18.39.27.csv,3423,246.5931,56.00,73.33,0.3237,0.565116
681,redandblack,static_B_2020.02.27_18.39.27.csv,783,233.8356,100.00,65.27,0.3227,0.663748
682,soldier,static_B_2019.12.16_13.40.04.csv,1518,215.7828,0.00,-7.09,0.3217,0.609049
683,longdress,static_B_2020.02.13_13.57.29.csv,202,231.0477,0.00,-14.19,0.3207,0.719965
684,loot,static_B_2020.02.13_13.57.29.csv,922,178.1961,0.00,-23.37,0.3197,0.747399
685,redandblack,static_B_2020.02.27_18.39.27.csv,1143,185.5146,0.00,-26.23,0.3187,0.594318
686,soldier,static_B_2019.12.16_13.40.04.csv,1578,254.7478,100.00,77.93,0.3178,0.593848
687,longdress,static_B_2019.12.16_13.40.04.csv,378,202.6910,13.07,25.27,0.3168,0.598136
688,loot,static_B_2020.02.27_18.39.27.csv,2883,239.1331,76.33,58.34,0.3158,0.683851
689,redandblack,static_B_2020.02.27_18.39.27.csv,303,223.7184,20.09,29.70,0.3148,0.602399
690,soldier,static_B_2020.02.27_18.39.27.csv,5742,237.2036,73.61,58.65,0.3138,0.592841
691,longdress,static_B_2020.02.27_18.39.27.csv,2523,243.3974,100.00,71.81,0.3128,0.668646
692,loot,static_B_2020.02.27_18.39.27.csv,3783,186.0177,0.00,-91.00,0.3118,0.566011
693,redandblack,static_B_2020.02.27_18.39.27.csv,543,255.0260,100.00,78.34,0.3108,0.689962
694,soldier,static_B_2020.02.13_13.57.29.csv,2662,257.0071,70.83,63.17,0.3098,0.548272
695,longdress,static_B_2020.02.27_18.39.27.csv,183,252.0776,100.00,75.86,0.3088,0.671950
696,loot,static_B_2019.12.16_13.40.04.csv,1818,209.6388,5.01,-2.32,0.3078,0.712343
697,redandblack,static_B_2020.02.13_13.57.29.csv,322,217.9881,36.28,42.52,0.3068,0.650371
698,soldier,static_B_2020.02.13_13.57.29.csv,1282,232.3306,8.45,24.90,0.3058,0.644185
699,longdress,static_B_2019.12.16_13.40.04.csv,678,247.1649,100.00,74.26,0.3048,0.625431
700,loot,static_B_2020.02.13_13.57.29.csv,802,226.3108,0.00,-9.15,0.3038,0.664214
701,redandblack,static_B_2020.02.27_18.39.27.csv,3663,229.3649,83.95,62.93,0.3028,0.725991
702,soldier,static_B_2020.02.13_13.57.29.csv,682,145.5632,0.00,-182.52,0.3018,0.906817
703,longdress,static_B_2020.02.27_18.39.27.csv,243,241.5312,100.00,69.30,0.3008,0.690331
704,loot,static_B_2020.02.13_13.57.29.csv,2902,221.0722,77.26,56.75,0.2998,0.663380
705,redandblack,static_B_2020.02.27_18.39.27.csv,4743,276.3429,72.00,90.67,0.2989,0.690663
706,soldier,static_B_2020.02.13_13.57.29.csv,2182,165.6956,0.00,-73.77,0.2979,0.769635
707,longdress,static_B_2020.02.27_18.39.27.csv,363,230.8763,0.00,6.15,0.2969,0.703773
708,loot,static_B_2020.02.13_13.57.29.csv,1162,230.8866,54.91,54.91,0.2959,0.699486
709,redandblack,static_B_2020.02.13_13.57.29.csv,2722,243.6739,49.02,55.65,0.2949,0.695424
710,soldier,static_B_2020.02.27_18.39.27.csv,4923,232.9992,61.47,48.26,0.2939,0.711057
711,longdress,static_B_2020.02.14_13.21.26.csv,617,241.1614,100.00,72.68,0.2929,0.681902
712,loot,static_B_2020.02.27_18.39.27.csv,1083,195.6816,0.00,-6.58,0.2919,0.741992
713,redandblack,static_B_2020.02.27_18.39.27.csv,843,237.9111,100.00,71.14,0.2909,0.701263
714,soldier,static_B_2020.02.14_13.21.26.csv,377,217.3555,51.66,44.45,0.2899,0.765254
715,longdress,static_B_2020.02.27_18.39.27.csv,4143,241.2690,100.00,71.76,0.2889,0.637245
716,loot,static_B_2020.02.27_18.39.27.csv,3123,133.9940,0.00,-156.78,0.2879,0.711539
717,redandblack,static_B_2020.02.14_13.21.26.csv,850,220.7359,34.17,30.99,0.2869,0.582732
718,soldier,static_B_2019.12.16_13.40.04.csv,738,254.9039,64.00,77.04,0.2859,0.733087
719,longdress,static_B_2020.02.13_13.57.29.csv,1402,222.3161,37.35,37.16,0.2849,0.673767
720,loot,static_B_2020.02.27_18.39.27.csv,4443,232.8947,59.15,54.03,0.2839,0.835618
721,redandblack,static_B_2020.02.27_18.39.27.csv,123,219.6977,77.95,55.18,0.2829,0.627433
722,soldier,static_B_2020.02.13_13.57.29.csv,82,196.6846,0.00,-66.99,0.2819,0.673940
723,longdress,static_B_2020.02.27_18.39.27.csv,2043,211.6090,24.65,28.18,0.2810,0.660721
724,loot,static_B_2019.12.16_13.40.04.csv,918,229.1066,0.00,20.12,0.2800,0.742560
725,redandblack,static_B_2020.02.13_13.57.29.csv,1762,245.3913,100.00,72.79,0.2790,0.743788
726,soldier,static_B_2019.12.16_13.40.04.csv,1218,224.9550,23.40,19.57,0.2780,0.723199
727,longdress,static_B_2020.02.27_18.39.27.csv,5283,249.3976,87.08,74.94,0.2770,0.723413
728,loot,static_B_2020.02.27_18.39.27.csv,3963,258.9620,52.00,79.66,0.2760,0.676513
729,redandblack,static_B_2020.02.27_18.39.27.csv,2223,249.8125,100.00,76.22,0.2750,0.718978
730,soldier,static_B_2019.12.16_13.40.04.csv,1904,280.8371,64.00,91.70,0.2740,0.761183
731,longdress,static_B_2020.02.13_13.57.29.csv,1582,202.5530,25.00,17.56,0.2730,0.767711
732,loot,static_B_2020.02.27_18.39.27.csv,4803,230.0079,52.00,65.02,0.2720,0.873294
733,redandblack,static_B_2020.02.27_18.39.27.csv,63,264.3374,74.00,83.70,0.2710,0.695326
734,soldier,static_B_2020.02.27_18.39.27.csv,1203,254.5776,82.95,74.59,0.2700,0.710675
735,longdress,static_B_2019.12.16_13.40.04.csv,498,219.2084,76.64,56.11,0.2690,0.771412
736,loot,static_B_2019.12.16_13.40.04.csv,858,253.0948,100.00,78.99,0.2680,0.633269
737,redandblack,static_B_2020.02.27_18.39.27.csv,3183,278.1088,64.00,90.07,0.2670,0.682310
738,soldier,static_B_2019.12.16_13.40.04.csv,558,229.5624,49.45,45.23,0.2660,0.723829
739,longdress,static_B_2020.02.14_13.21.26.csv,850,224.4504,37.95,26.56,0.2650,0.841700
740,loot,static_B_2019.12.16_13.40.04.csv,138,252.3717,66.00,77.33,0.2640,0.653677
741,redandblack,static_B_2020.02.13_13.57.29.csv,2302,212.4104,0.00,16.89,0.2631,0.639064
742,soldier,static_B_2020.02.13_13.57.29.csv,1222,239.2965,81.15,66.65,0.2621,0.735528
743,longdress,static_B_2020.02.27_18.39.27.csv,5403,241.9997,100.00,72.40,0.2611,0.750975
744,loot,static_B_2020.02.13_13.57.29.csv,2422,219.6193,0.00,-24.80,0.2601,0.611889
745,redandblack,static_B_2019.12.16_13.40.04.csv,438,228.0295,33.30,42.40,0.2591,0.684332
746,soldier,static_B_2019.12.16_13.40.04.csv,618,188.8552,0.00,-34.30,0.2581,0.634741
747,longdress,static_B_2020.02.27_18.39.27.csv,5463,268.8797,100.00,85.69,0.2571,0.704829
748,loot,static_B_2019.12.16_13.40.04.csv,1878,256.8936,64.00,79.59,0.2561,0.705771
749,redandblack,static_B_2020.02.13_13.57.29.csv,2945,222.4194,58.53,41.56,0.2551,0.764017
750,soldier,static_B_2020.02.27_18.39.27.csv,1323,261.0221,100.00,81.90,0.2541,0.766313
751,longdress,static_B_2019.12.16_13.40.04.csv,1758,239.6177,54.46,41.03,0.2531,0.678121
752,loot,static_B_2020.02.27_18.39.27.csv,3483,240.2187,78.26,62.18,0.2521,0.879387
753,redandblack,static_B_2020.02.13_13.57.29.csv,2362,192.7679,0.00,-3.90,0.2511,0.793853
754,soldier,static_B_2019.12.16_13.40.04.csv,1278,227.1921,0.00,20.28,0.2501,0.747274
755,longdress,static_B_2020.02.27_18.39.27.csv,1383,235.8592,63.21,51.32,0.2491,0.750438
756,loot,static_B_2020.02.27_18.39.27.csv,3603,255.9627,48.00,79.00,0.2481,0.853378
757,redandblack,static_B_2020.02.13_13.57.29.csv,2842,215.2227,0.00,3.06,0.2471,0.720509
758,soldier,static_B_2020.02.27_18.39.27.csv,4083,261.8095,100.00,80.78,0.2461,0.822792
759,longdress,static_B_2020.02.13_13.57.29.csv,1462,176.4479,0.00,-34.03,0.2451,0.808426
760,loot,static_B_2020.02.13_13.57.29.csv,2945,246.4877,46.55,49.97,0.2442,0.738945
761,redandblack,static_B_2020.02.14_13.21.26.csv,677,247.9376,44.00,74.52,0.2432,0.752939
762,soldier,static_B_2020.02.27_18.39.27.csv,1923,287.7849,100.00,93.90,0.2422,0.823820
763,longdress,static_B_2020.02.27_18.39.27.csv,2943,205.1168,59.17,36.69,0.2412,0.778883
764,loot,static_B_2020.02.27_18.39.27.csv,2403,257.3809,44.00,78.73,0.2402,0.881831
765,redandblack,static_B_2020.02.27_18.39.27.csv,483,230.9904,56.48,47.91,0.2392,0.727268
766,soldier,static_B_2020.02.13_13.57.29.csv,982,203.9157,0.00,-93.81,0.2382,0.687374
767,longdress,static_B_2020.02.13_13.57.29.csv,1642,216.9400,0.00,-46.65,0.2372,0.790248
768,loot,static_B_2020.02.13_13.57.29.csv,442,204.9402,0.00,-3.52,0.2362,0.888635
769,redandblack,static_B_2020.02.27_18.39.27.csv,1983,211.1471,0.00,7.89,0.2352,0.797714
770,soldier,static_B_2020.02.13_13.57.29.csv,2482,252.0728,84.74,72.36,0.2342,0.738899
771,longdress,static_B_2020.02.14_13.21.26.csv,17,199.6897,0.00,-45.40,0.2332,0.760696
772,loot,static_B_2020.02.14_13.21.26.csv,737,267.0434,46.00,84.51,0.2322,0.803041
773,redandblack,static_B_2019.12.16_13.40.04.csv,198,253.7414,100.00,76.31,0.2312,0.590312
774,soldier,static_B_2020.02.27_18.39.27.csv,3723,260.2551,100.00,81.18,0.2302,0.760658
775,longdress,static_B_2020.02.27_18.39.27.csv,723,238.1091,0.00,-9.40,0.2292,0.806497
776,loot,static_B_2020.02.27_18.39.27.csv,2283,249.2003,52.83,46.21,0.2282,0.698780
777,redandblack,static_B_2019.12.16_13.40.04.csv,1398,243.5864,46.06,51.62,0.2272,0.754741
778,soldier,static_B_2020.02.14_13.21.26.csv,77,260.3763,100.00,81.37,0.2263,0.782484
779,longdress,static_B_2020.02.27_18.39.27.csv,3843,190.3758,0.00,-152.28,0.2253,0.790234
780,loot,static_B_2020.02.13_13.57.29.csv,742,212.4201,0.00,-4.59,0.2243,0.805845
781,redandblack,static_B_2020.02.13_13.57.29.csv,1702,195.3475,0.00,-30.41,0.2233,0.701304
782,soldier,static_B_2020.02.27_18.39.27.csv,5742,245.2293,72.80,61.35,0.2223,0.666002
783,longdress,static_B_2019.12.16_13.40.04.csv,258,190.8839,0.00,-44.51,0.2213,0.841507
784,loot,static_B_2020.02.27_18.39.27.csv,2823,275.7260,42.00,87.83,0.2203,0.676065
785,redandblack,static_B_2020.02.27_18.39.27.csv,5523,282.3092,46.00,92.08,0.2193,0.703905
786,soldier,static_B_2020.02.13_13.57.29.csv,2782,247.1034,37.89,42.21,0.2183,0.709803
787,longdress,static_B_2020.02.14_13.21.26.csv,257,248.7556,29.70,45.32,0.2173,0.704776
788,loot,static_B_2020.02.27_18.39.27.csv,2583,261.4045,83.86,75.96,0.2163,0.748323
789,redandblack,static_B_2020.02.27_18.39.27.csv,3003,224.2666,40.74,41.50,0.2153,0.818193
790,soldier,static_B_2020.02.27_18.39.27.csv,4503,214.0152,0.00,-7.06,0.2143,0.801439
791,longdress,static_B_2020.02.27_18.39.27.csv,4623,133.9243,0.00,-409.10,0.2133,0.738267
792,loot,static_B_2020.02.27_18.39.27.csv,3063,225.5546,5.55,28.31,0.2123,0.719751
793,redandblack,static_B_2020.02.27_18.39.27.csv,963,255.4698,79.39,72.92,0.2113,0.841662
794,soldier,static_B_2020.02.27_18.39.27.csv,3543,216.9581,0.00,-23.27,0.2103,0.761005
795,longdress,static_B_2020.02.13_13.57.29.csv,262,201.8217,0.00,-22.14,0.2093,0.731040
796,loot,static_B_2020.02.27_18.39.27.csv,3,251.5492,46.00,75.71,0.2083,0.753662
797,longdress,static_B_2019.12.16_13.40.04.csv,1029,202.3862,0.00,-1.35,0.2074,0.722462
798,loot,static_B_2019.12.16_13.40.04.csv,729,246.3125,47.04,43.21,0.2064,0.689621
799,redandblack,static_B_2020.02.27_18.39.27.csv,1228,261.3589,100.00,81.55,0.2054,0.742210
800,soldier,static_B_2019.12.16_13.40.04.csv,669,251.8965,100.00,76.30,0.2044,0.723102
801,longdress,static_B_2020.02.27_18.39.27.csv,1708,197.8475,0.00,-24.36,0.2034,0.687402
802,loot,static_B_2020.02.27_18.39.27.csv,3688,266.2715,46.00,84.25,0.2024,1.089643
803,redandblack,static_B_2020.02.13_13.57.29.csv,178,201.3077,0.00,-0.74,0.2014,0.738716
804,soldier,static_B_2020.02.13_13.57.29.csv,598,235.7041,0.00,-18.23,0.2004,0.787946
805,longdress,static_B_2019.12.16_13.40.04.csv,1509,236.7142,0.00,6.94,0.1994,0.812843
806,loot,static_B_2020.02.13_13.57.29.csv,238,265.4689,100.00,84.41,0.1984,0.802180
807,redandblack,static_B_2020.02.27_18.39.27.csv,3148,192.5628,0.00,-324.23,0.1974,0.785195
808,soldier,static_B_2020.02.27_18.39.27.csv,4408,243.1977,70.40,57.95,0.1964,0.864718
809,longdress,static_B_2020.02.27_18.39.27.csv,2668,181.5693,0.00,-60.07,0.1954,0.803854
810,loot,static_B_2020.02.13_13.57.29.csv,1078,270.0799,52.00,86.25,0.1944,0.824886
811,redandblack,static_B_2020.02.27_18.39.27.csv,2848,259.4196,81.72,77.44,0.1934,0.786795
812,soldier,static_B_2019.12.16_13.40.04.csv,1904,289.6502,74.00,95.25,0.1924,0.675400
813,longdress,static_B_2020.02.27_18.39.27.csv,2188,250.2041,59.85,55.73,0.1914,0.760069
814,loot,static_B_2020.02.27_18.39.27.csv,628,250.4930,48.00,76.67,0.1904,0.783085
815,redandblack,static_B_2020.02.27_18.39.27.csv,688,251.2283,72.00,76.85,0.1895,0.961015
816,soldier,static_B_2020.02.27_18.39.27.csv,4348,206.3988,0.00,18.38,0.1885,0.817574
817,longdress,static_B_2020.02.27_18.39.27.csv,2368,267.0305,100.00,85.34,0.1875,0.919723
818,loot,static_B_2020.02.13_13.57.29.csv,1678,214.7071,7.00,29.03,0.1865,0.623077
819,redandblack,static_B_2020.02.13_13.57.29.csv,478,202.9792,0.00,-20.77,0.1855,0.801980
820,soldier,static_B_2020.02.13_13.57.29.csv,2878,201.0189,0.00,-42.68,0.1845,0.727105
821,longdress,static_B_2020.02.14_13.21.26.csv,219,223.9132,41.36,27.22,0.1835,0.897578
822,loot,static_B_2020.02.27_18.39.27.csv,2308,240.9362,39.81,40.72,0.1825,0.791105
823,redandblack,static_B_2020.02.27_18.39.27.csv,5488,247.7990,71.24,64.49,0.1815,0.756910
824,soldier,static_B_2020.02.27_18.39.27.csv,388,259.2554,84.15,73.08,0.1805,0.788435
825,longdress,static_B_2020.02.13_13.57.29.csv,658,202.3602,0.00,-58.50,0.1795,0.898123
826,loot,static_B_2020.02.13_13.57.29.csv,1918,260.4822,84.28,80.05,0.1785,0.808796
827,redandblack,static_B_2019.12.16_13.40.04.csv,789,273.0432,78.00,88.07,0.1775,0.593401
828,soldier,static_B_2020.02.13_13.57.29.csv,1378,252.7105,36.13,37.22,0.1765,0.845925
829,longdress,static_B_2020.02.13_13.57.29.csv,2938,245.9216,22.11,39.01,0.1755,0.889073
830,loot,static_B_2020.02.27_18.39.27.csv,2248,240.9659,75.77,59.14,0.1745,0.780005
831,redandblack,static_B_2020.02.27_18.39.27.csv,1828,249.0555,63.01,59.35,0.1735,0.832199
832,soldier,static_B_2020.02.13_13.57.29.csv,2945,234.1435,0.00,10.18,0.1725,0.719672
833,longdress,static_B_2020.02.27_18.39.27.csv,3748,260.4969,100.00,82.44,0.1716,0.719125
834,loot,static_B_2020.02.13_13.57.29.csv,2945,251.0425,60.94,57.16,0.1706,0.805815
835,redandblack,static_B_2020.02.27_18.39.27.csv,4468,227.3794,18.55,29.71,0.1696,0.915871
836,soldier,static_B_2019.12.16_13.40.04.csv,1689,221.0141,44.90,40.25,0.1686,0.738048
837,longdress,static_B_2020.02.27_18.39.27.csv,3088,166.0399,0.00,-55.68,0.1676,0.782263
838,loot,static_B_2020.02.27_18.39.27.csv,3868,208.6221,0.00,-21.80,0.1666,0.720003
839,redandblack,static_B_2020.02.27_18.39.27.csv,3628,234.3294,0.00,16.98,0.1656,0.705383
840,soldier,static_B_2020.02.13_13.57.29.csv,2098,189.6554,0.00,-34.65,0.1646,0.842895
841,longdress,static_B_2020.02.27_18.39.27.csv,2728,274.9809,100.00,90.13,0.1636,0.792569
842,loot,static_B_2020.02.27_18.39.27.csv,5368,269.1198,85.05,85.15,0.1626,0.633560
843,redandblack,static_B_2020.02.27_18.39.27.csv,1588,245.1642,69.63,57.51,0.1616,0.607607
844,soldier,static_B_2020.02.27_18.39.27.csv,988,252.4952,29.74,28.79,0.1606,0.704570
845,longdress,static_B_2020.02.27_18.39.27.csv,2428,261.4855,100.00,82.22,0.1596,0.898921
846,loot,static_B_2020.02.13_13.57.29.csv,1198,266.0975,72.00,85.10,0.1586,0.824570
847,redandblack,static_B_2020.02.27_18.39.27.csv,88,266.2286,92.00,84.47,0.1576,0.764652
848,soldier,static_B_2020.02.27_18.39.27.csv,4048,262.9739,100.00,81.96,0.1566,0.923683
849,longdress,static_B_2020.02.13_13.57.29.csv,298,260.6508,100.00,82.59,0.1556,0.709615
850,loot,static_B_2020.02.27_18.39.27.csv,1348,263.7488,100.00,83.44,0.1546,0.811482
851,redandblack,static_B_2020.02.13_13.57.29.csv,2698,250.4423,81.25,74.51,0.1536,0.728792
852,soldier,static_B_2020.02.13_13.57.29.csv,2398,200.5416,0.00,-96.35,0.1527,0.999181
853,longdress,static_B_2020.02.13_13.57.29.csv,2158,190.2118,0.00,-41.79,0.1517,0.854884
854,loot,static_B_2020.02.13_13.57.29.csv,2638,246.7319,62.42,54.87,0.1507,0.829478
855,redandblack,static_B_2020.02.27_18.39.27.csv,2608,276.5210,82.37,85.00,0.1497,0.775500
856,soldier,static_B_2020.02.27_18.39.27.csv,5608,282.3843,73.39,80.20,0.1487,0.875248
857,longdress,static_B_2020.02.27_18.39.27.csv,5308,276.5646,100.00,88.88,0.1477,0.887116
858,loot,static_B_2020.02.14_13.21.26.csv,459,279.5761,100.00,89.79,0.1467,0.914729
859,redandblack,static_B_2019.12.16_13.40.04.csv,1904,258.3088,42.00,80.12,0.1457,0.808132
860,soldier,static_B_2019.12.16_13.40.04.csv,129,283.3535,100.00,92.14,0.1447,0.806076
861,longdress,static_B_2020.02.13_13.57.29.csv,1858,240.5826,0.00,-15.06,0.1437,0.840862
862,loot,static_B_2020.02.27_18.39.27.csv,3028,222.8529,30.15,35.70,0.1427,0.843558
863,redandblack,static_B_2020.02.13_13.57.29.csv,418,270.0631,90.00,85.63,0.1417,0.947469
864,soldier,static_B_2020.02.27_18.39.27.csv,5128,285.5908,100.00,92.82,0.1407,0.816758
865,longdress,static_B_2019.12.16_13.40.04.csv,1629,235.8595,0.00,-1.66,0.1397,0.961133
866,loot,static_B_2019.12.16_13.40.04.csv,1449,263.0843,58.00,81.16,0.1387,0.863071
867,redandblack,static_B_2020.02.13_13.57.29.csv,538,261.7682,100.00,81.20,0.1377,0.801407
868,soldier,static_B_2020.02.27_18.39.27.csv,3508,235.7278,0.00,-17.87,0.1367,0.835373
869,longdress,static_B_2020.02.27_18.39.27.csv,3928,280.8333,100.00,91.29,0.1357,0.748835
870,loot,static_B_2020.02.13_13.57.29.csv,1618,281.2681,100.00,90.67,0.1348,0.821681
871,redandblack,static_B_2020.02.13_13.57.29.csv,58,209.9145,0.00,-121.94,0.1338,0.889459
872,soldier,static_B_2020.02.14_13.21.26.csv,850,265.7143,46.89,52.71,0.1328,0.890191
873,longdress,static_B_2020.02.27_18.39.27.csv,1108,156.9593,0.00,-200.78,0.1318,0.794143
874,loot,static_B_2020.02.13_13.57.29.csv,1558,258.9560,50.09,58.50,0.1308,0.811635
875,redandblack,static_B_2020.02.27_18.39.27.csv,2128,226.7537,6.29,34.48,0.1298,0.871479
876,soldier,static_B_2020.02.13_13.57.29.csv,118,236.0226,0.00,-5.63,0.1288,0.820239
877,longdress,static_B_2019.12.16_13.40.04.csv,969,234.0345,0.00,2.07,0.1278,0.836285
878,loot,static_B_2020.02.14_13.21.26.csv,339,260.3878,85.42,77.43,0.1268,0.857302
879,redandblack,static_B_2020.02.13_13.57.29.csv,778,230.7178,0.00,-5.14,0.1258,0.816840
880,soldier,static_B_2020.02.27_18.39.27.csv,1288,259.3110,69.99,68.82,0.1248,0.779048
881,longdress,static_B_2020.02.27_18.39.27.csv,4648,208.3075,0.00,-270.51,0.1238,0.822969
882,loot,static_B_2020.02.27_18.39.27.csv,4108,258.7868,42.00,78.96,0.1228,0.932520
883,redandblack,static_B_2020.02.27_18.39.27.csv,3808,253.1811,0.00,4.53,0.1218,0.873296
884,soldier,static_B_2020.02.27_18.39.27.csv,2968,266.8420,19.10,47.41,0.1208,1.105171
885,longdress,static_B_2020.02.27_18.39.27.csv,5068,259.0782,34.10,35.31,0.1198,0.890701
886,loot,static_B_2020.02.13_13.57.29.csv,358,283.9452,74.00,92.47,0.1188,0.771863
887,redandblack,static_B_2020.02.27_18.39.27.csv,448,246.6603,73.94,63.29,0.1178,0.826501
888,soldier,static_B_2020.02.14_13.21.26.csv,399,271.3419,85.67,83.75,0.1169,0.811521
889,longdress,static_B_2020.02.27_18.39.27.csv,4588,199.8690,0.00,-43.02,0.1159,0.860458
890,loot,static_B_2020.02.14_13.21.26.csv,159,274.3515,85.31,85.37,0.1149,0.755709
891,redandblack,static_B_2020.02.27_18.39.27.csv,748,284.1886,100.00,92.98,0.1139,0.774647
892,soldier,static_B_2020.02.27_18.39.27.csv,808,259.2306,55.95,60.97,0.1129,0.938173
893,longdress,static_B_2020.02.27_18.39.27.csv,2548,252.7540,7.37,19.67,0.1119,0.906316
894,loot,static_B_2020.02.14_13.21.26.csv,519,279.6322,76.00,89.82,0.1109,0.858317
895,redandblack,static_B_2020.02.13_13.57.29.csv,1498,208.2567,0.00,-8.59,0.1099,0.883940
896,soldier,static_B_2019.12.16_13.40.04.csv,69,273.4960,61.10,66.96,0.1089,0.860843
897,longdress,static_B_2020.02.27_18.39.27.csv,1408,257.5171,60.73,66.44,0.1079,0.745163
898,loot,static_B_2019.12.16_13.40.04.csv,369,267.4803,46.89,57.78,0.1069,0.959382
899,redandblack,static_B_2020.02.27_18.39.27.csv,3448,237.0833,34.37,23.63,0.1059,0.920453
900,soldier,static_B_2020.02.14_13.21.26.csv,759,285.7827,100.00,92.86,0.1049,0.973086
901,longdress,static_B_2020.02.13_13.57.29.csv,898,142.4793,0.00,-146.21,0.1039,0.857607
902,loot,static_B_2019.12.16_13.40.04.csv,849,263.9963,72.21,73.54,0.1029,0.990773
903,redandblack,static_B_2020.02.27_18.39.27.csv,208,249.8529,4.42,22.95,0.1019,0.969481
904,soldier,static_B_2019.12.16_13.40.04.csv,549,248.3961,0.00,5.41,0.1009,0.866603
905,longdress,static_B_2019.12.16_13.40.04.csv,1749,234.0648,12.98,39.08,0.0999,1.059824
906,loot,static_B_2020.02.27_18.39.27.csv,4888,218.2239,0.00,-8.34,0.0989,0.840007
907,redandblack,static_B_2020.02.27_18.39.27.csv,5428,218.1083,0.00,20.57,0.0980,1.037365
908,soldier,static_B_2020.02.27_18.39.27.csv,2068,257.1291,43.30,63.13,0.0970,0.970258
909,longdress,static_B_2020.02.13_13.57.29.csv,958,184.9909,0.00,-424.24,0.0960,0.858356
910,loot,static_B_2020.02.13_13.57.29.csv,838,257.7898,67.29,59.96,0.0950,0.850151
911,redandblack,static_B_2020.02.27_18.39.27.csv,1648,262.4253,77.03,73.63,0.0940,0.966491
912,soldier,static_B_2020.02.13_13.57.29.csv,2458,248.2697,11.46,23.83,0.0930,0.940197
913,longdress,static_B_2020.02.27_18.39.27.csv,4768,261.0557,80.44,75.64,0.0920,0.914533
914,loot,static_B_2020.02.13_13.57.29.csv,2338,239.0141,42.00,42.62,0.0910,0.833594
915,redandblack,static_B_2020.02.14_13.21.26.csv,850,269.3506,42.59,51.64,0.0900,0.853482
916,soldier,static_B_2020.02.27_18.39.27.csv,1168,244.8388,0.00,-221.18,0.0890,1.005556
917,longdress,static_B_2020.02.27_18.39.27.csv,2788,282.5661,100.00,91.62,0.0880,0.925900
918,loot,static_B_2020.02.14_13.21.26.csv,819,273.6803,100.00,87.55,0.0870,1.083653
919,redandblack,static_B_2020.02.14_13.21.26.csv,639,277.5280,46.00,90.23,0.0860,0.890603
920,soldier,static_B_2019.12.16_13.40.04.csv,1149,230.7245,0.00,5.68,0.0850,0.953217
921,longdress,static_B_2020.02.13_13.57.29.csv,2518,281.8482,100.00,89.19,0.0840,0.945543
922,loot,static_B_2020.02.27_18.39.27.csv,5742,264.4663,54.00,82.93,0.0830,0.776016
923,redandblack,static_B_2020.02.27_18.39.27.csv,4948,260.9295,64.95,66.25,0.0820,0.898168
924,soldier,static_B_2020.02.27_18.39.27.csv,568,276.0078,100.00,88.98,0.0810,0.801631
925,longdress,static_B_2020.02.27_18.39.27.csv,148,282.7959,100.00,92.42,0.0801,1.077604
926,loot,static_B_2020.02.27_18.39.27.csv,1768,235.5408,7.58,37.39,0.0791,0.871225
927,redandblack,static_B_2020.02.27_18.39.27.csv,3388,280.7605,58.00,92.14,0.0781,0.882923
928,soldier,static_B_2020.02.13_13.57.29.csv,2818,202.1779,0.00,-35.41,0.0771,0.877153
929,longdress,static_B_2020.02.27_18.39.27.csv,5548,270.3644,100.00,87.50,0.0761,0.959455
930,loot,static_B_2020.02.27_18.39.27.csv,1048,270.5858,79.71,81.24,0.0751,0.815353
931,redandblack,static_B_2019.12.16_13.40.04.csv,909,216.9205,0.00,2.26,0.0741,0.914571
932,soldier,static_B_2019.12.16_13.40.04.csv,1569,259.9815,69.82,68.74,0.0731,0.964034
933,longdress,static_B_2019.12.16_13.40.04.csv,1809,220.7208,0.00,-1.42,0.0721,0.910763
934,loot,static_B_2020.02.27_18.39.27.csv,508,239.6619,33.60,47.38,0.0711,0.851195
935,redandblack,static_B_2020.02.27_18.39.27.csv,3568,229.9541,0.00,2.85,0.0701,0.990754
936,soldier,static_B_2020.02.27_18.39.27.csv,868,242.0544,22.22,48.77,0.0691,0.825434
937,longdress,static_B_2020.02.27_18.39.27.csv,5008,252.0623,13.19,28.42,0.0681,1.091442
938,loot,static_B_2020.02.27_18.39.27.csv,4708,255.4385,69.17,61.89,0.0671,0.863155
939,redandblack,static_B_2020.02.27_18.39.27.csv,328,243.1122,0.00,-7.23,0.0661,0.853810
940,soldier,static_B_2020.02.14_13.21.26.csv,699,281.0542,100.00,90.71,0.0651,0.824501
941,longdress,static_B_2020.02.27_18.39.27.csv,28,274.6277,100.00,86.80,0.0641,0.804440
942,loot,static_B_2020.02.13_13.57.29.csv,2218,262.9300,69.84,66.64,0.0631,0.883010
943,redandblack,static_B_2020.02.13_13.57.29.csv,1258,218.8781,0.00,6.01,0.0622,0.835943
944,soldier,static_B_2020.02.27_18.39.27.csv,3208,283.6427,100.00,92.33,0.0612,0.873250
945,longdress,static_B_2020.02.13_13.57.29.csv,1798,240.1833,0.00,-28.51,0.0602,0.957254
946,loot,static_B_2019.12.16_13.40.04.csv,309,216.8314,0.00,-15.23,0.0592,0.867679
947,redandblack,static_B_2020.02.27_18.39.27.csv,1528,263.8033,54.57,56.27,0.0582,1.031030
948,soldier,static_B_2019.12.16_13.40.04.csv,1209,238.0016,0.00,13.51,0.0572,0.838889
949,longdress,static_B_2020.02.27_18.39.27.csv,3988,272.6691,77.29,82.50,0.0562,0.810864
950,loot,static_B_2019.12.16_13.40.04.csv,609,234.4660,0.00,3.22,0.0552,0.981171
951,redandblack,static_B_2020.02.14_13.21.26.csv,39,282.8446,72.00,92.30,0.0542,0.954155
952,soldier,static_B_2020.02.27_18.39.27.csv,4168,274.0401,59.51,65.77,0.0532,1.038420
953,longdress,static_B_2020.02.27_18.39.27.csv,1948,244.0857,0.00,12.95,0.0522,0.958871
954,loot,static_B_2020.02.13_13.57.29.csv,1018,257.9114,18.05,49.77,0.0512,0.956867
955,redandblack,static_B_2020.02.27_18.39.27.csv,4828,287.9954,76.00,94.95,0.0502,0.846350
956,soldier,static_B_2020.02.27_18.39.27.csv,3328,274.2980,0.00,15.01,0.0500,0.931937
957,longdress,static_B_2020.02.27_18.39.27.csv,3268,265.7645,13.61,37.66,0.0500,0.901872
958,loot,static_B_2020.02.14_13.21.26.csv,99,288.4506,42.00,94.44,0.0500,0.876853
959,redandblack,static_B_2020.02.27_18.39.27.csv,5742,287.6705,100.00,94.83,0.0500,1.071633
960,soldier,static_B_2020.02.27_18.39.27.csv,4528,234.7834,0.00,18.14,0.0500,0.947053
961,longdress,static_B_2019.12.16_13.40.04.csv,429,213.6763,0.00,-367.11,0.0500,0.856630
962,loot,static_B_2020.02.13_13.57.29.csv,1138,223.1477,0.00,14.04,0.0500,1.001255
963,redandblack,static_B_2020.02.27_18.39.27.csv,268,266.6644,73.84,75.37,0.0500,0.978659
964,soldier,static_B_2020.02.13_13.57.29.csv,2278,266.0472,44.53,64.86,0.0500,0.955844
965,longdress,static_B_2019.12.16_13.40.04.csv,249,216.1214,0.00,-43.16,0.0500,1.108740
966,loot,static_B_2020.02.27_18.39.27.csv,4288,273.7741,81.62,80.91,0.0500,0.911128
967,redandblack,static_B_2020.02.27_18.39.27.csv,5188,271.5945,63.54,68.75,0.0500,1.004575
968,soldier,static_B_2020.02.13_13.57.29.csv,1438,219.3759,0.00,-61.32,0.0500,1.062322
969,longdress,static_B_2020.02.27_18.39.27.csv,2908,208.1930,0.00,-16.08,0.0500,0.786022
970,loot,static_B_2019.12.16_13.40.04.csv,1269,232.5797,0.00,0.62,0.0500,0.861346
971,redandblack,static_B_2020.02.13_13.57.29.csv,2578,286.2430,40.00,94.04,0.0500,0.998931
972,soldier,static_B_2019.12.16_13.40.04.csv,9,293.0724,100.00,96.68,0.0500,0.947597
973,longdress,static_B_2019.12.16_13.40.04.csv,1869,284.2617,100.00,92.74,0.0500,0.954068
974,loot,static_B_2019.12.16_13.40.04.csv,1089,221.6778,0.00,-617.77,0.0500,0.891506
975,redandblack,static_B_2020.02.14_13.21.26.csv,279,274.0861,80.52,84.37,0.0500,0.920079
976,soldier,static_B_2019.12.16_13.40.04.csv,489,273.3305,68.26,71.55,0.0500,0.926242
977,longdress,static_B_2020.02.14_13.21.26.csv,579,290.7144,100.00,92.71,0.0500,0.998655
978,loot,static_B_2020.02.27_18.39.27.csv,928,272.4627,72.63,75.75,0.0500,0.987049
979,redandblack,static_B_2019.12.16_13.40.04.csv,189,269.2092,59.50,72.93,0.0500,0.941475
980,soldier,static_B_2020.02.27_18.39.27.csv,1888,280.5342,80.00,90.11,0.0500,1.088622
981,longdress,static_B_2020.02.27_18.39.27.csv,5248,292.9356,100.00,97.29,0.0500,0.876351
982,loot,static_B_2020.02.27_18.39.27.csv,1468,251.2570,0.00,0.91,0.0500,0.909351
983,redandblack,static_B_2020.02.27_18.39.27.csv,4228,278.1508,78.00,89.78,0.0500,0.885613
984,soldier,static_B_2020.02.13_13.57.29.csv,2038,296.2881,100.00,96.89,0.0500,0.883839
985,longdress,static_B_2020.02.13_13.57.29.csv,2758,218.4408,0.00,-20.67,0.0500,1.016104
986,loot,static_B_2020.02.27_18.39.27.csv,5668,293.9467,100.00,97.31,0.0500,0.945342
987,redandblack,static_B_2020.02.27_18.39.27.csv,5728,289.0809,100.00,92.50,0.0500,0.996467
988,soldier,static_B_2019.12.16_13.40.04.csv,1329,213.1352,0.00,-15.41,0.0500,0.977423
989,longdress,static_B_2020.02.13_13.57.29.csv,1978,275.1761,25.79,47.20,0.0500,1.151387
990,loot,static_B_2020.02.27_18.39.27.csv,2488,288.8724,50.00,94.65,0.0500,0.841533
991,redandblack,static_B_2020.02.13_13.57.29.csv,1738,249.2023,0.00,-23.91,0.0500,0.809397
992,soldier,static_B_2020.02.13_13.57.29.csv,718,187.2489,0.00,-93.88,0.0500,0.751840
993,longdress,static_B_2019.12.16_13.40.04.csv,1389,268.6425,38.92,59.98,0.0500,0.720507
994,loot,static_B_2020.02.13_13.57.29.csv,1318,230.1258,0.00,6.55,0.0500,0.742559
995,redandblack,static_B_2020.02.27_18.39.27.csv,2008,230.8812,0.00,20.74,0.0500,1.143778
996,loot,static_B_2019.12.16_13.40.04.csv,1904,287.0790,50.00,93.71,0.0500,0.906621
997,redandblack,static_B_2020.02.13_13.57.29.csv,1861,266.6418,0.00,2.46,0.0500,0.883708
998,soldier,static_B_2020.02.27_18.39.27.csv,1090,176.2248,0.00,-72.74,0.0500,0.909296
999,longdress,static_B_2020.02.13_13.57.29.csv,1561,243.7057,0.00,-26.94,0.0500,0.764188
1000,loot,static_B_2020.02.27_18.39.27.csv,4630,170.5706,0.00,-368.49,0.0500,1.030935
1001,redandblack,static_B_2020.02.27_18.39.27.csv,5742,284.9098,100.00,93.34,0.0500,0.990874
1002,soldier,static_B_2020.02.14_13.21.26.csv,837,233.5542,0.00,13.10,0.0500,1.202963
1003,longdress,static_B_2020.02.14_13.21.26.csv,417,280.4031,100.00,91.49,0.0500,1.141132
1004,loot,static_B_2020.02.13_13.57.29.csv,2701,258.3954,79.23,75.98,0.0500,0.942479
1005,redandblack,static_B_2019.12.16_13.40.04.csv,1545,249.5084,5.89,37.26,0.0500,0.927611
1006,soldier,static_B_2019.12.16_13.40.04.csv,705,282.8552,75.58,83.66,0.0500,1.035280
1007,longdress,static_B_2020.02.27_18.39.27.csv,610,274.9416,100.00,88.52,0.0500,0.986193
1008,loot,static_B_2019.12.16_13.40.04.csv,1904,294.0286,44.00,97.35,0.0500,0.969913
1009,redandblack,static_B_2020.02.27_18.39.27.csv,2530,286.2139,100.00,92.89,0.0500,0.888505
1010,soldier,static_B_2019.12.16_13.40.04.csv,945,216.1528,0.00,-70.81,0.0500,0.982864
1011,longdress,static_B_2020.02.13_13.57.29.csv,2641,278.9903,100.00,90.99,0.0500,1.073319
1012,loot,static_B_2019.12.16_13.40.04.csv,1125,198.1646,0.00,-469.32,0.0500,1.077361
1013,redandblack,static_B_2019.12.16_13.40.04.csv,1185,226.9650,9.74,39.03,0.0500,1.003670
1014,soldier,static_B_2020.02.13_13.57.29.csv,1261,227.0412,0.00,9.69,0.0500,0.948900
1015,longdress,static_B_2020.02.27_18.39.27.csv,2290,218.6821,0.00,1.09,0.0500,0.979489
1016,loot,static_B_2020.02.27_18.39.27.csv,190,270.7051,50.00,85.25,0.0500,1.090047
1017,redandblack,static_B_2020.02.13_13.57.29.csv,1321,211.1137,0.00,-1.92,0.0500,1.006603
1018,soldier,static_B_2020.02.13_13.57.29.csv,1681,196.2857,0.00,-101.92,0.0500,1.012379
1019,longdress,static_B_2020.02.14_13.21.26.csv,850,264.2224,42.87,48.85,0.0500,0.917164
1020,loot,static_B_2020.02.27_18.39.27.csv,1330,287.1696,48.00,94.63,0.0500,1.037467
1021,redandblack,static_B_2020.02.27_18.39.27.csv,2350,255.7193,0.00,-239.33,0.0500,0.999125
1022,soldier,static_B_2020.02.13_13.57.29.csv,2281,275.9686,88.57,79.40,0.0500,0.917957
1023,longdress,static_B_2019.12.16_13.40.04.csv,165,260.1887,53.34,66.06,0.0500,0.873712
1024,loot,static_B_2020.02.13_13.57.29.csv,301,291.4551,42.00,96.07,0.0500,0.994255
1025,redandblack,static_B_2020.02.13_13.57.29.csv,901,207.1039,16.00,23.02,0.0500,1.085697
1026,soldier,static_B_2020.02.13_13.57.29.csv,361,233.6788,0.00,-1.14,0.0500,0.917234
1027,longdress,static_B_2020.02.27_18.39.27.csv,4870,168.5268,0.00,-60.52,0.0500,0.845911
1028,loot,static_B_2020.02.27_18.39.27.csv,1930,291.3009,86.00,96.04,0.0500,1.086425
1029,redandblack,static_B_2020.02.27_18.39.27.csv,3490,263.4739,71.85,66.41,0.0500,0.873269
1030,soldier,static_B_2020.02.27_18.39.27.csv,3790,232.9933,0.00,-83.35,0.0500,1.109832
1031,longdress,static_B_2020.02.14_13.21.26.csv,477,278.0074,89.15,90.53,0.0500,0.934251
1032,loot,static_B_2020.02.27_18.39.27.csv,4210,260.5044,5.55,34.76,0.0500,1.044336
1033,redandblack,static_B_2020.02.27_18.39.27.csv,1270,272.8002,50.00,87.40,0.0500,1.063888
1034,soldier,static_B_2020.02.27_18.39.27.csv,4930,273.6352,76.46,78.78,0.0500,0.877675
1035,longdress,static_B_2020.02.27_18.39.27.csv,2410,273.0626,84.06,85.13,0.0500,1.008340
1036,loot,static_B_2019.12.16_13.40.04.csv,645,261.5380,39.68,52.78,0.0500,1.172300
1037,redandblack,static_B_2020.02.27_18.39.27.csv,3310,269.6213,72.00,87.68,0.0500,1.024826
1038,soldier,static_B_2020.02.27_18.39.27.csv,1570,243.8741,27.73,45.18,0.0500,1.032171
1039,longdress,static_B_2020.02.13_13.57.29.csv,2945,237.6571,0.00,9.40,0.0500,0.992026
1040,loot,static_B_2020.02.27_18.39.27.csv,3670,287.1546,46.00,94.33,0.0500,0.952759
1041,redandblack,static_B_2019.12.16_13.40.04.csv,465,272.5506,0.00,-267.26,0.0500,0.947141
1042,soldier,static_B_2020.02.27_18.39.27.csv,3850,188.8680,0.00,-132.43,0.0500,0.987170
1043,longdress,static_B_2020.02.14_13.21.26.csv,597,287.4197,100.00,94.33,0.0500,0.987092
1044,loot,static_B_2020.02.13_13.57.29.csv,1981,282.6532,40.00,92.08,0.0500,0.868725
1045,redandblack,static_B_2020.02.27_18.39.27.csv,2710,275.0547,54.00,89.26,0.0500,0.937463
1046,soldier,static_B_2019.12.16_13.40.04.csv,45,245.1943,28.10,51.59,0.0500,1.001180
1047,longdress,static_B_2020.02.13_13.57.29.csv,2521,278.0913,100.00,90.33,0.0500,0.952615
1048,loot,static_B_2020.02.27_18.39.27.csv,5530,291.5682,42.00,96.15,0.0500,0.917305
1049,redandblack,static_B_2020.02.27_18.39.27.csv,4090,284.2912,100.00,92.91,0.0500,1.104355
1050,soldier,static_B_2020.02.27_18.39.27.csv,1690,214.0800,0.00,0.62,0.0500,0.993105
1051,longdress,static_B_2019.12.16_13.40.04.csv,1665,236.6710,3.79,25.37,0.0500,0.965364
1052,loot,static_B_2020.02.13_13.57.29.csv,1141,231.6617,0.00,13.62,0.0500,1.230252
1053,redandblack,static_B_2020.02.27_18.39.27.csv,4270,285.5660,100.00,93.99,0.0500,1.206640
1054,soldier,static_B_2020.02.27_18.39.27.csv,4510,215.3847,0.00,-20.07,0.0500,0.908040
1055,longdress,static_B_2019.12.16_13.40.04.csv,525,274.9261,64.92,67.56,0.0500,1.143102
1056,loot,static_B_2020.02.13_13.57.29.csv,1801,267.6164,0.00,7.59,0.0500,0.959359
1057,redandblack,static_B_2020.02.14_13.21.26.csv,657,282.3442,83.87,89.71,0.0500,0.942950
1058,soldier,static_B_2020.02.27_18.39.27.csv,2230,258.1273,28.27,51.76,0.0500,1.335422
1059,longdress,static_B_2020.02.27_18.39.27.csv,4150,260.7548,11.42,35.33,0.0500,0.968438
1060,loot,static_B_2020.02.27_18.39.27.csv,3250,276.4364,48.00,88.14,0.0500,0.881273
1061,redandblack,static_B_2020.02.14_13.21.26.csv,117,282.4546,46.00,92.04,0.0500,1.100289
1062,soldier,static_B_2020.02.27_18.39.27.csv,2170,267.5552,75.29,73.34,0.0500,1.172983
1063,longdress,static_B_2020.02.14_13.21.26.csv,357,271.1859,65.14,69.76,0.0500,1.178846
1064,loot,static_B_2020.02.27_18.39.27.csv,1150,223.1088,0.00,-11.09,0.0500,1.037839
1065,redandblack,static_B_2020.02.27_18.39.27.csv,4990,282.6988,100.00,92.18,0.0500,1.061343
1066,soldier,static_B_2020.02.13_13.57.29.csv,1921,272.2344,71.33,73.41,0.0500,1.030620
1067,longdress,static_B_2020.02.27_18.39.27.csv,1030,245.0129,0.00,14.93,0.0500,0.937962
1068,loot,static_B_2020.02.27_18.39.27.csv,1750,252.4516,8.37,45.66,0.0500,1.054580
1069,redandblack,static_B_2020.02.27_18.39.27.csv,5410,291.3404,100.00,95.38,0.0500,1.088379
1070,soldier,static_B_2020.02.27_18.39.27.csv,5470,293.8598,100.00,97.15,0.0500,1.097649
1071,longdress,static_B_2020.02.27_18.39.27.csv,10,251.9512,15.35,36.28,0.0500,1.093976
1072,loot,static_B_2020.02.13_13.57.29.csv,481,227.6289,0.00,-21.94,0.0500,0.781301
1073,redandblack,static_B_2020.02.13_13.57.29.csv,2881,205.0849,0.00,-48.25,0.0500,1.048544
1074,soldier,static_B_2020.02.27_18.39.27.csv,4330,223.2523,0.00,-4.45,0.0500,1.091939
1075,longdress,static_B_2020.02.13_13.57.29.csv,1381,263.1657,4.72,23.60,0.0500,1.061589
1076,loot,static_B_2020.02.27_18.39.27.csv,790,274.0757,79.19,82.57,0.0500,0.991814
1077,redandblack,static_B_2020.02.27_18.39.27.csv,4570,249.6715,15.57,48.20,0.0500,1.065599
1078,soldier,static_B_2020.02.27_18.39.27.csv,850,236.6130,0.00,-88.26,0.0500,1.064023
1079,longdress,static_B_2020.02.27_18.39.27.csv,250,262.2428,42.62,53.83,0.0500,1.236036
1080,loot,static_B_2020.02.27_18.39.27.csv,5742,284.7813,66.00,92.51,0.0500,1.014111
1081,redandblack,static_B_2020.02.27_18.39.27.csv,3130,202.8532,0.00,-427.42,0.0500,1.055894
1082,soldier,static_B_2020.02.27_18.39.27.csv,1510,271.8487,41.96,65.96,0.0500,1.095156
1083,longdress,static_B_2020.02.14_13.21.26.csv,717,274.1080,79.08,80.79,0.0500,0.983632
1084,loot,static_B_2020.02.13_13.57.29.csv,1441,247.9461,0.00,-14.24,0.0500,1.032482
1085,redandblack,static_B_2019.12.16_13.40.04.csv,885,263.7930,27.03,42.44,0.0500,0.988944
1086,soldier,static_B_2020.02.27_18.39.27.csv,5230,267.0378,58.89,70.25,0.0500,0.885242
1087,longdress,static_B_2020.02.13_13.57.29.csv,661,159.1771,0.00,-233.01,0.0500,0.857750
1088,loot,static_B_2020.02.27_18.39.27.csv,2470,278.0763,66.00,89.00,0.0500,1.024008
1089,redandblack,static_B_2019.12.16_13.40.04.csv,1005,230.3131,0.00,-2.18,0.0500,0.942521
1090,soldier,static_B_2020.02.27_18.39.27.csv,4030,258.2997,37.80,53.70,0.0500,1.032712
1091,longdress,static_B_2020.02.27_18.39.27.csv,550,290.8304,100.00,96.18,0.0500,0.928341
1092,loot,static_B_2020.02.13_13.57.29.csv,241,291.8215,100.00,96.06,0.0500,1.116320
1093,redandblack,static_B_2020.02.27_18.39.27.csv,70,284.4041,44.00,93.14,0.0500,0.944910
1094,soldier,static_B_2020.02.27_18.39.27.csv,5710,250.6207,0.00,11.97,0.0500,0.965031
1095,longdress,static_B_2020.02.14_13.21.26.csv,297,281.9242,100.00,89.83,0.0500,1.037257
1096,loot,static_B_2020.02.27_18.39.27.csv,910,270.0393,57.52,60.27,0.0500,1.041071
1097,redandblack,static_B_2020.02.27_18.39.27.csv,2590,264.1106,82.57,77.41,0.0500,0.984726
1098,soldier,static_B_2020.02.27_18.39.27.csv,1450,240.1797,0.00,26.63,0.0500,0.881074
1099,longdress,static_B_2020.02.13_13.57.29.csv,1021,258.1111,33.68,53.46,0.0500,0.950447
1100,loot,static_B_2019.12.16_13.40.04.csv,1785,260.2273,0.00,1.71,0.0500,1.111155
1101,redandblack,static_B_2020.02.13_13.57.29.csv,2461,263.6682,18.49,32.05,0.0500,1.048448
1102,soldier,static_B_2020.02.13_13.57.29.csv,1501,195.0974,0.00,-58.82,0.0500,1.407238
1103,longdress,static_B_2020.02.13_13.57.29.csv,61,183.4061,0.00,-170.24,0.0500,1.224702
1104,loot,static_B_2020.02.13_13.57.29.csv,601,265.9279,47.63,64.69,0.0500,0.979114
1105,redandblack,static_B_2020.02.27_18.39.27.csv,370,273.5752,80.21,79.90,0.0500,1.039153
1106,soldier,static_B_2020.02.27_18.39.27.csv,3910,277.5614,100.00,88.55,0.0500,1.101324
1107,longdress,static_B_2020.02.27_18.39.27.csv,2950,244.7304,0.00,-12.36,0.0500,1.128246
1108,loot,static_B_2020.02.13_13.57.29.csv,841,262.7895,23.78,49.67,0.0500,1.073251
1109,redandblack,static_B_2020.02.27_18.39.27.csv,3010,218.9791,0.00,-15.02,0.0500,1.041159
1110,soldier,static_B_2020.02.27_18.39.27.csv,3610,227.6235,0.00,-38.52,0.0500,1.148645
1111,longdress,static_B_2020.02.14_13.21.26.csv,57,272.7037,100.00,86.70,0.0500,1.275536
1112,loot,static_B_2020.02.27_18.39.27.csv,130,275.3521,52.39,72.03,0.0500,0.990736
1113,redandblack,static_B_2020.02.13_13.57.29.csv,2761,231.8987,0.00,23.93,0.0500,1.060409
1114,soldier,static_B_2019.12.16_13.40.04.csv,1245,202.5415,0.00,-83.69,0.0500,0.986224
1115,longdress,static_B_2020.02.27_18.39.27.csv,5290,276.8989,62.20,70.89,0.0500,1.050539
1116,loot,static_B_2020.02.13_13.57.29.csv,2041,296.1462,56.00,98.46,0.0500,1.181532
1117,redandblack,static_B_2020.02.27_18.39.27.csv,1630,268.5646,45.67,67.08,0.0500,1.039934
1118,soldier,static_B_2020.02.27_18.39.27.csv,730,295.3858,100.00,97.89,0.0500,0.954686
1119,longdress,static_B_2020.02.13_13.57.29.csv,1,277.0146,56.97,68.68,0.0500,1.015736
1120,loot,static_B_2020.02.13_13.57.29.csv,2161,269.0239,36.02,48.74,0.0500,0.969465
1121,redandblack,static_B_2020.02.27_18.39.27.csv,3970,275.7066,48.00,88.51,0.0500,1.171921
1122,soldier,static_B_2020.02.27_18.39.27.csv,3370,293.2967,100.00,96.85,0.0500,1.095575
1123,longdress,static_B_2020.02.13_13.57.29.csv,1741,231.7351,0.00,-28.01,0.0500,0.995941
1124,loot,static_B_2020.02.27_18.39.27.csv,310,271.8108,75.48,74.67,0.0500,1.131952
1125,redandblack,static_B_2020.02.27_18.39.27.csv,3430,290.9483,100.00,96.51,0.0500,1.176606
1126,soldier,static_B_2020.02.13_13.57.29.csv,1201,264.2029,34.96,56.77,0.0500,0.845386
1127,longdress,static_B_2020.02.13_13.57.29.csv,2941,238.4883,0.00,3.70,0.0500,1.111119
1128,loot,static_B_2020.02.27_18.39.27.csv,5350,283.6384,48.00,92.47,0.0500,1.140609
1129,redandblack,static_B_2020.02.13_13.57.29.csv,2581,284.7432,50.00,93.25,0.0500,1.161672
1130,soldier,static_B_2020.02.13_13.57.29.csv,721,192.2402,0.00,-90.84,0.0500,1.057575
1131,longdress,static_B_2020.02.13_13.57.29.csv,2341,189.4031,0.00,-65.07,0.0500,1.031029
1132,loot,static_B_2020.02.27_18.39.27.csv,3730,289.4412,100.00,94.95,0.0500,1.117052
1133,redandblack,static_B_2020.02.27_18.39.27.csv,2890,262.0863,38.59,62.51,0.0500,1.126619
1134,soldier,static_B_2020.02.27_18.39.27.csv,1210,280.3183,77.88,84.84,0.0500,1.066655
1135,longdress,static_B_2019.12.16_13.40.04.csv,585,223.7248,0.00,-9.91,0.0500,1.106638
1136,loot,static_B_2019.12.16_13.40.04.csv,405,249.4294,0.00,3.32,0.0500,1.029357
1137,redandblack,static_B_2019.12.16_13.40.04.csv,1725,279.3023,25.23,33.70,0.0500,1.259214
1138,soldier,static_B_2020.02.13_13.57.29.csv,1621,254.1210,41.67,53.54,0.0500,1.036918
1139,longdress,static_B_2019.12.16_13.40.04.csv,1425,262.3349,47.16,61.73,0.0500,0.958764
1140,loot,static_B_2020.02.27_18.39.27.csv,970,281.1634,85.29,83.18,0.0500,1.231227
1141,redandblack,static_B_2020.02.27_18.39.27.csv,5170,281.8086,100.00,90.46,0.0500,1.206685
1142,soldier,static_B_2020.02.27_18.39.27.csv,2050,222.9003,0.00,23.67,0.0500,0.935518
1143,longdress,static_B_2020.02.27_18.39.27.csv,4690,275.5974,60.58,68.37,0.0500,1.077625
1144,loot,static_B_2019.12.16_13.40.04.csv,1904,292.5666,46.00,96.58,0.0500,1.088181
1145,redandblack,static_B_2020.02.27_18.39.27.csv,5650,274.3671,60.73,68.16,0.0500,1.082793
1146,soldier,static_B_2020.02.27_18.39.27.csv,670,250.5683,69.74,64.12,0.0500,0.963952
1147,longdress,static_B_2019.12.16_13.40.04.csv,1845,233.7061,0.00,-302.51,0.0500,1.116552
1148,loot,static_B_2020.02.27_18.39.27.csv,2770,293.9408,100.00,97.30,0.0500,1.140493
1149,redandblack,static_B_2019.12.16_13.40.04.csv,285,265.1278,52.32,64.99,0.0500,1.235296
1150,soldier,static_B_2019.12.16_13.40.04.csv,105,282.1228,80.88,87.89,0.0500,0.946684
1151,longdress,static_B_2020.02.13_13.57.29.csv,181,210.9266,0.00,-90.94,0.0500,0.921244
1152,loot,static_B_2020.02.14_13.21.26.csv,777,293.2618,44.00,97.35,0.0500,1.303020
1153,redandblack,static_B_2020.02.27_18.39.27.csv,430,263.5934,100.00,85.04,0.0500,1.224116
1154,soldier,static_B_2020.02.27_18.39.27.csv,3070,189.3561,0.00,-61.58,0.0500,0.981027
1155,longdress,static_B_2019.12.16_13.40.04.csv,1065,209.0769,0.00,-11.96,0.0500,0.900427
1156,loot,static_B_2020.02.27_18.39.27.csv,1810,266.4717,63.68,67.59,0.0500,1.038140
1157,redandblack,static_B_2020.02.13_13.57.29.csv,2101,200.2324,0.00,-26.28,0.0500,1.002073
1158,soldier,static_B_2020.02.14_13.21.26.csv,177,247.9261,0.00,-0.45,0.0500,1.223963
1159,longdress,static_B_2019.12.16_13.40.04.csv,825,258.2360,78.99,76.66,0.0500,1.223983
1160,loot,static_B_2020.02.13_13.57.29.csv,2401,221.9179,0.00,12.15,0.0500,1.114750
1161,redandblack,static_B_2020.02.13_13.57.29.csv,961,170.7264,0.00,-411.22,0.0500,1.367933
1162,soldier,static_B_2020.02.27_18.39.27.csv,4810,292.6435,100.00,97.24,0.0500,1.469846
1163,longdress,static_B_2020.02.27_18.39.27.csv,490,246.2829,29.83,48.01,0.0500,1.315857
1164,loot,static_B_2020.02.27_18.39.27.csv,2110,261.8873,59.94,64.40,0.0500,1.196799
1165,redandblack,static_B_2020.02.27_18.39.27.csv,2830,273.0711,80.24,81.92,0.0500,1.078438
1166,soldier,static_B_2020.02.27_18.39.27.csv,5110,265.6116,61.52,64.38,0.0500,1.146036
1167,longdress,static_B_2019.12.16_13.40.04.csv,1605,265.7712,83.39,78.01,0.0500,1.091417
1168,loot,static_B_2020.02.27_18.39.27.csv,3550,204.3365,0.00,-82.09,0.0500,1.086180
1169,redandblack,static_B_2020.02.13_13.57.29.csv,781,250.3534,41.97,53.51,0.0500,1.178274
1170,soldier,static_B_2020.02.27_18.39.27.csv,1870,271.7353,57.64,64.59,0.0500,1.110218
1171,longdress,static_B_2020.02.13_13.57.29.csv,1081,199.7481,0.00,-39.35,0.0500,1.096644
1172,loot,static_B_2020.02.27_18.39.27.csv,3190,291.9714,56.00,96.84,0.0500,0.956174
1173,redandblack,static_B_2020.02.13_13.57.29.csv,2221,255.6128,54.33,60.50,0.0500,0.990950
1174,soldier,static_B_2019.12.16_13.40.04.csv,1365,226.7637,0.00,-220.53,0.0500,1.225302
1175,longdress,static_B_2019.12.16_13.40.04.csv,1305,228.3210,0.00,16.90,0.0500,1.173691
1176,loot,static_B_2020.02.27_18.39.27.csv,5590,290.2411,48.00,95.60,0.0500,1.167493
1177,redandblack,static_B_2020.02.27_18.39.27.csv,2650,241.4811,20.64,32.61,0.0500,1.199552
1178,soldier,static_B_2020.02.14_13.21.26.csv,537,263.5743,61.62,71.71,0.0500,1.127153
1179,longdress,static_B_2020.02.27_18.39.27.csv,4750,282.3512,100.00,92.33,0.0500,1.195801
1180,loot,static_B_2020.02.13_13.57.29.csv,121,245.6042,0.00,12.86,0.0500,1.044469
1181,redandblack,static_B_2019.12.16_13.40.04.csv,1485,286.6397,58.00,94.51,0.0500,1.088813
1182,soldier,static_B_2019.12.16_13.40.04.csv,225,216.9728,0.00,-68.10,0.0500,1.434556
1183,longdress,static_B_2019.12.16_13.40.04.csv,765,259.8300,72.14,71.51,0.0500,1.111666
1184,loot,static_B_2019.12.16_13.40.04.csv,345,229.5429,0.00,0.15,0.0500,1.242602
1185,redandblack,static_B_2020.02.13_13.57.29.csv,2821,225.0200,0.00,-15.38,0.0500,1.308108
1186,soldier,static_B_2020.02.27_18.39.27.csv,4390,260.0036,0.00,13.47,0.0500,1.176295
1187,longdress,static_B_2020.02.27_18.39.27.csv,5050,272.7322,80.53,82.75,0.0500,1.266109
1188,loot,static_B_2020.02.13_13.57.29.csv,541,293.5383,52.00,97.09,0.0500,1.062771
1189,redandblack,static_B_2020.02.27_18.39.27.csv,4450,218.6094,0.00,-12.32,0.0500,1.217889
1190,soldier,static_B_2020.02.27_18.39.27.csv,1990,259.0264,39.13,56.10,0.0500,1.406194
1191,longdress,static_B_2020.02.13_13.57.29.csv,421,275.3310,78.25,84.29,0.0500,0.990652
1192,loot,static_B_2020.02.14_13.21.26.csv,850,278.3488,44.76,56.68,0.0500,1.313904
1193,redandblack,static_B_2020.02.14_13.21.26.csv,237,280.1388,66.00,90.94,0.0500,1.120459
1194,soldier,static_B_2020.02.27_18.39.27.csv,1390,280.8926,61.50,71.67,0.0500,1.264401
1195,redandblack,static_B_2020.02.27_18.39.27.csv,3276,276.3841,46.00,89.21,0.0500,1.155368
1196,soldier,static_B_2019.12.16_13.40.04.csv,474,277.2110,66.41,74.37,0.0500,1.266861
1197,longdress,static_B_2020.02.27_18.39.27.csv,2316,222.1229,0.00,-69.23,0.0500,1.056438
1198,loot,static_B_2020.02.27_18.39.27.csv,2976,254.4676,59.98,58.05,0.0500,1.115098
1199,redandblack,static_B_2020.02.27_18.39.27.csv,3216,273.5943,42.00,87.71,0.0500,1.060514
1200,soldier,static_B_2020.02.27_18.39.27.csv,5016,273.1201,63.20,68.42,0.0500,1.336907
1201,longdress,static_B_2020.02.13_13.57.29.csv,1360,247.2156,29.15,50.38,0.0500,1.270656
1202,loot,static_B_2020.02.27_18.39.27.csv,1776,224.7072,0.00,-416.32,0.0500,1.345710
1203,redandblack,static_B_2020.02.13_13.57.29.csv,640,227.0831,0.00,-6.88,0.0500,1.106397
1204,soldier,static_B_2020.02.27_18.39.27.csv,3096,177.0601,0.00,-116.47,0.0500,1.024317
1205,longdress,static_B_2020.02.27_18.39.27.csv,4716,267.0177,64.06,67.77,0.0500,1.145007
1206,loot,static_B_2020.02.27_18.39.27.csv,1116,207.9753,0.00,-59.08,0.0500,1.191405
1207,redandblack,static_B_2020.02.27_18.39.27.csv,5256,285.2788,86.76,92.48,0.0500,1.208744
1208,soldier,static_B_2020.02.13_13.57.29.csv,580,257.4410,51.24,63.60,0.0500,1.005346
1209,longdress,static_B_2020.02.14_13.21.26.csv,398,274.8175,100.00,85.55,0.0500,1.317236
1210,loot,static_B_2020.02.27_18.39.27.csv,1596,248.3548,4.95,29.28,0.0500,1.146659
1211,redandblack,static_B_2019.12.16_13.40.04.csv,834,274.3898,30.74,39.85,0.0500,1.149932
1212,soldier,static_B_2020.02.27_18.39.27.csv,4236,278.0317,53.19,62.74,0.0500,1.221980
1213,longdress,static_B_2020.02.14_13.21.26.csv,38,284.7907,100.00,94.18,0.0500,1.259779
1214,loot,static_B_2020.02.27_18.39.27.csv,2616,271.9238,100.00,86.65,0.0500,1.315645
1215,redandblack,static_B_2020.02.13_13.57.29.csv,2500,270.7807,30.23,39.71,0.0500,1.063053
1216,soldier,static_B_2020.02.13_13.57.29.csv,2380,214.9969,0.00,3.12,0.0500,1.227766
1217,longdress,static_B_2019.12.16_13.40.04.csv,894,206.6326,0.00,-79.29,0.0500,1.289375
1218,loot,static_B_2020.02.27_18.39.27.csv,156,277.5360,83.98,86.73,0.0500,1.226756
1219,redandblack,static_B_2020.02.13_13.57.29.csv,1180,268.7024,75.98,79.10,0.0500,1.114090
1220,soldier,static_B_2019.12.16_13.40.04.csv,1014,232.2533,1.55,33.75,0.0500,1.094785
1221,longdress,static_B_2020.02.27_18.39.27.csv,3816,228.6826,0.00,-30.64,0.0500,1.275297
1222,loot,static_B_2020.02.13_13.57.29.csv,2260,267.7090,38.64,52.86,0.0500,1.130569
1223,redandblack,static_B_2019.12.16_13.40.04.csv,1434,274.7185,94.00,88.82,0.0500,1.365198
1224,soldier,static_B_2020.02.13_13.57.29.csv,1900,260.8844,1.90,26.16,0.0500,1.157403
1225,longdress,static_B_2020.02.13_13.57.29.csv,2320,233.3257,24.59,40.32,0.0500,1.250626
1226,loot,static_B_2020.02.27_18.39.27.csv,576,292.7870,46.00,97.26,0.0500,1.251041
1227,redandblack,static_B_2020.02.13_13.57.29.csv,1420,236.0811,1.44,14.45,0.0500,1.265852
1228,soldier,static_B_2020.02.27_18.39.27.csv,5496,263.5315,83.93,78.80,0.0500,1.023448
1229,longdress,static_B_2020.02.13_13.57.29.csv,1060,252.1838,50.69,61.44,0.0500,1.197997
1230,loot,static_B_2020.02.13_13.57.29.csv,100,258.7219,31.13,55.35,0.0500,1.280792
1231,redandblack,static_B_2020.02.27_18.39.27.csv,2736,277.0690,96.00,90.10,0.0500,1.111430
1232,soldier,static_B_2020.02.14_13.21.26.csv,338,277.9535,81.37,85.35,0.0500,1.072393
1233,longdress,static_B_2020.02.14_13.21.26.csv,850,251.4682,47.69,46.39,0.0500,1.155674
1234,loot,static_B_2020.02.13_13.57.29.csv,1240,291.7384,44.00,96.15,0.0500,1.095447
1235,redandblack,static_B_2020.02.27_18.39.27.csv,2496,267.9380,69.31,73.87,0.0500,1.297701
1236,soldier,static_B_2020.02.27_18.39.27.csv,4896,247.3980,0.00,10.81,0.0500,1.182212
1237,longdress,static_B_2019.12.16_13.40.04.csv,1854,210.5217,0.00,-250.45,0.0500,1.346997
1238,loot,static_B_2020.02.27_18.39.27.csv,1176,251.3488,0.00,-200.30,0.0500,1.312625
1239,redandblack,static_B_2020.02.27_18.39.27.csv,996,277.0048,84.25,82.36,0.0500,1.202233
1240,soldier,static_B_2020.02.27_18.39.27.csv,1236,283.7447,100.00,92.42,0.0500,1.189279
1241,longdress,static_B_2020.02.27_18.39.27.csv,5376,286.1697,100.00,94.65,0.0500,1.113994
1242,loot,static_B_2020.02.13_13.57.29.csv,880,215.6735,0.00,-10.71,0.0500,1.180167
1243,redandblack,static_B_2020.02.27_18.39.27.csv,3696,285.4767,46.00,93.89,0.0500,1.161462
1244,soldier,static_B_2020.02.27_18.39.27.csv,4536,236.0665,0.00,38.49,0.0500,1.282740
1245,longdress,static_B_2020.02.27_18.39.27.csv,456,251.3173,11.26,22.68,0.0500,1.140625
1246,loot,static_B_2020.02.27_18.39.27.csv,636,296.1462,64.00,98.46,0.0500,1.079079
1247,redandblack,static_B_2020.02.27_18.39.27.csv,3036,264.5908,85.46,76.34,0.0500,1.197242
1248,soldier,static_B_2019.12.16_13.40.04.csv,114,291.3013,100.00,95.84,0.0500,1.289758
1249,longdress,static_B_2020.02.27_18.39.27.csv,4956,267.0526,62.98,67.40,0.0500,1.031301
1250,loot,static_B_2019.12.16_13.40.04.csv,174,276.2216,100.00,89.49,0.0500,1.367863
1251,redandblack,static_B_2019.12.16_13.40.04.csv,234,244.5014,0.00,-7.47,0.0500,1.061176
1252,soldier,static_B_2020.02.13_13.57.29.csv,1000,256.8674,15.27,39.51,0.0500,1.335251
1253,longdress,static_B_2019.12.16_13.40.04.csv,1314,225.4902,0.00,-1.34,0.0500,1.233664
1254,loot,static_B_2020.02.27_18.39.27.csv,4416,271.4474,78.88,79.16,0.0500,1.186446
1255,redandblack,static_B_2020.02.27_18.39.27.csv,4176,279.6728,64.00,90.59,0.0500,1.187336
1256,soldier,static_B_2019.12.16_13.40.04.csv,1254,214.3389,0.00,-61.72,0.0500,1.200999
1257,longdress,static_B_2020.02.27_18.39.27.csv,5556,292.0712,100.00,96.83,0.0500,1.244659
1258,loot,static_B_2019.12.16_13.40.04.csv,1374,267.0446,55.54,68.26,0.0500,1.271101
1259,redandblack,static_B_2020.02.27_18.39.27.csv,2436,286.6179,60.00,94.23,0.0500,1.217742
1260,soldier,static_B_2020.02.13_13.57.29.csv,2920,251.6090,0.00,14.37,0.0500,1.357801
1261,longdress,static_B_2020.02.27_18.39.27.csv,2376,278.0960,100.00,88.13,0.0500,1.101412
1262,loot,static_B_2020.02.27_18.39.27.csv,4296,258.9634,49.28,64.88,0.0500,1.150756
1263,redandblack,static_B_2020.02.27_18.39.27.csv,2916,234.3600,0.00,21.85,0.0500,1.261058
1264,soldier,static_B_2020.02.13_13.57.29.csv,520,256.3219,0.00,21.45,0.0500,1.382377
1265,longdress,static_B_2020.02.27_18.39.27.csv,36,276.3380,100.00,88.58,0.0500,1.111132
1266,loot,static_B_2020.02.27_18.39.27.csv,2856,288.3773,100.00,94.40,0.0500,1.394431
1267,redandblack,static_B_2020.02.27_18.39.27.csv,936,267.0407,62.33,75.09,0.0500,1.155613
1268,soldier,static_B_2020.02.14_13.21.26.csv,518,291.2950,100.00,94.20,0.0500,1.357891
1269,longdress,static_B_2020.02.13_13.57.29.csv,280,258.4083,10.86,35.67,0.0500,1.326726
1270,loot,static_B_2019.12.16_13.40.04.csv,1074,239.6623,0.00,-118.83,0.0500,1.342062
1271,redandblack,static_B_2020.02.27_18.39.27.csv,3456,282.2946,100.00,86.13,0.0500,1.204177
1272,soldier,static_B_2020.02.27_18.39.27.csv,3396,285.1047,100.00,92.61,0.0500,1.112367
1273,longdress,static_B_2020.02.27_18.39.27.csv,5742,261.3081,50.17,54.18,0.0500,1.281952
1274,loot,static_B_2020.02.27_18.39.27.csv,396,282.9391,100.00,91.84,0.0500,1.162326
1275,redandblack,static_B_2020.02.27_18.39.27.csv,1716,251.1831,0.00,28.54,0.0500,1.167970
1276,soldier,static_B_2020.02.14_13.21.26.csv,850,275.9975,33.76,55.79,0.0500,1.105111
1277,longdress,static_B_2020.02.27_18.39.27.csv,4356,229.3961,4.93,28.87,0.0500,1.233359
1278,loot,static_B_2020.02.27_18.39.27.csv,3516,282.5707,100.00,84.47,0.0500,1.152937
1279,redandblack,static_B_2020.02.13_13.57.29.csv,940,155.6409,0.00,-441.99,0.0500,1.287671
1280,soldier,static_B_2020.02.27_18.39.27.csv,4776,289.8970,100.00,94.88,0.0500,1.235404
1281,longdress,static_B_2020.02.14_13.21.26.csv,458,273.1729,80.81,84.01,0.0500,1.267912
1282,loot,static_B_2020.02.27_18.39.27.csv,5742,279.0928,72.00,89.59,0.0500,1.154704
1283,redandblack,static_B_2019.12.16_13.40.04.csv,1134,232.1844,0.00,1.42,0.0500,1.169223
1284,soldier,static_B_2019.12.16_13.40.04.csv,714,291.1188,100.00,94.81,0.0500,1.069377
1285,longdress,static_B_2019.12.16_13.40.04.csv,594,172.2869,0.00,-116.56,0.0500,1.166500
1286,loot,static_B_2020.02.27_18.39.27.csv,5436,242.4735,0.00,17.01,0.0500,1.254405
1287,redandblack,static_B_2020.02.27_18.39.27.csv,2136,253.7504,52.50,56.20,0.0500,1.218444
1288,soldier,static_B_2020.02.13_13.57.29.csv,160,285.1172,64.40,76.78,0.0500,1.139502
1289,longdress,static_B_2019.12.16_13.40.04.csv,1794,224.3695,0.00,-48.30,0.0500,1.207137
1290,loot,static_B_2020.02.13_13.57.29.csv,700,200.5374,0.00,-100.66,0.0500,1.364452
1291,redandblack,static_B_2020.02.13_13.57.29.csv,340,247.3133,0.68,29.38,0.0500,1.407610
1292,soldier,static_B_2020.02.13_13.57.29.csv,1120,213.0172,0.00,-106.83,0.0500,1.177744
1293,longdress,static_B_2020.02.13_13.57.29.csv,2560,287.7148,96.00,94.67,0.0500,1.070107
1294,loot,static_B_2020.02.14_13.21.26.csv,278,280.9002,100.00,90.48,0.0500,1.115266
1295,redandblack,static_B_2020.02.13_13.57.29.csv,2800,222.9691,0.00,-42.76,0.0500,1.231154
1296,soldier,static_B_2020.02.14_13.21.26.csv,818,290.2311,100.00,93.24,0.0500,1.101366
1297,longdress,static_B_2020.02.13_13.57.29.csv,2440,222.4413,0.00,-259.01,0.0500,1.196957
1298,loot,static_B_2020.02.14_13.21.26.csv,98,267.8085,52.60,67.63,0.0500,1.216253
1299,redandblack,static_B_2020.02.27_18.39.27.csv,3336,261.7657,38.31,52.10,0.0500,1.296488
1300,soldier,static_B_2019.12.16_13.40.04.csv,654,290.7003,100.00,95.43,0.0500,1.271205
1301,longdress,static_B_2020.02.27_18.39.27.csv,2076,251.9199,19.48,43.11,0.0500,1.253900
1302,loot,static_B_2020.02.27_18.39.27.csv,2796,293.0645,44.00,97.18,0.0500,1.561945
1303,redandblack,static_B_2020.02.27_18.39.27.csv,5316,268.6773,100.00,85.54,0.0500,1.262312
1304,soldier,static_B_2020.02.27_18.39.27.csv,2256,252.9615,56.30,60.01,0.0500,1.239519
1305,longdress,static_B_2020.02.27_18.39.27.csv,876,225.5324,0.00,-31.60,0.0500,1.202910
1306,loot,static_B_2020.02.27_18.39.27.csv,1056,267.2903,70.97,64.87,0.0500,1.301152
1307,redandblack,static_B_2020.02.13_13.57.29.csv,400,283.1375,100.00,93.04,0.0500,1.296108
1308,soldier,static_B_2020.02.27_18.39.27.csv,1416,273.4594,74.97,78.44,0.0500,1.522782
1309,longdress,static_B_2020.02.13_13.57.29.csv,760,212.3305,0.00,-16.77,0.0500,1.477203
1310,loot,static_B_2020.02.13_13.57.29.csv,1480,232.1942,0.88,29.53,0.0500,1.246085
1311,redandblack,static_B_2020.02.27_18.39.27.csv,3996,284.0860,78.00,93.80,0.0500,1.526874
1312,soldier,static_B_2019.12.16_13.40.04.csv,1674,243.5775,0.50,26.90,0.0500,1.297968
1313,longdress,static_B_2020.02.27_18.39.27.csv,3636,267.8396,60.59,68.17,0.0500,1.259374
1314,loot,static_B_2020.02.27_18.39.27.csv,4056,291.0101,40.00,96.12,0.0500,1.494408
1315,redandblack,static_B_2020.02.14_13.21.26.csv,158,276.6571,100.00,89.40,0.0500,1.167181
1316,soldier,static_B_2019.12.16_13.40.04.csv,954,225.6001,0.00,-41.70,0.0500,1.104235
1317,longdress,static_B_2020.02.27_18.39.27.csv,3756,274.9925,100.00,82.72,0.0500,1.522871
1318,loot,static_B_2019.12.16_13.40.04.csv,1904,286.8583,46.00,93.93,0.0500,1.264386
1319,redandblack,static_B_2020.02.13_13.57.29.csv,1780,264.8622,34.63,41.79,0.0500,1.379207
1320,soldier,static_B_2020.02.27_18.39.27.csv,96,275.5176,71.66,78.59,0.0500,1.352776
1321,longdress,static_B_2020.02.27_18.39.27.csv,3936,273.8967,100.00,88.34,0.0500,1.354405
1322,loot,static_B_2020.02.13_13.57.29.csv,2200,238.9889,0.00,-9.00,0.0500,1.225929
1323,redandblack,static_B_2020.02.27_18.39.27.csv,4656,199.6532,0.00,-267.33,0.0500,1.260773
1324,soldier,static_B_2020.02.27_18.39.27.csv,756,285.4837,100.00,93.76,0.0500,1.357840
1325,longdress,static_B_2019.12.16_13.40.04.csv,1494,277.1660,100.00,89.21,0.0500,0.995978
1326,loot,static_B_2020.02.13_13.57.29.csv,1540,240.3728,9.15,34.97,0.0500,1.374928
1327,redandblack,static_B_2020.02.27_18.39.27.csv,5616,282.1806,100.00,91.94,0.0500,1.492626
1328,soldier,static_B_2020.02.27_18.39.27.csv,5736,271.2805,64.58,70.46,0.0500,1.479403
1329,longdress,static_B_2020.02.13_13.57.29.csv,2680,252.4677,47.13,53.91,0.0500,1.326835
1330,loot,static_B_2019.12.16_13.40.04.csv,414,228.5435,0.00,-2.81,0.0500,1.247144
1331,redandblack,static_B_2019.12.16_13.40.04.csv,54,261.9372,50.97,65.67,0.0500,1.388105
1332,soldier,static_B_2020.02.27_18.39.27.csv,3876,241.0866,0.00,-4.42,0.0500,1.233529
1333,longdress,static_B_2020.02.27_18.39.27.csv,1296,276.8276,100.00,90.08,0.0500,1.325130
1334,loot,static_B_2020.02.27_18.39.27.csv,5076,271.3715,46.00,86.16,0.0500,1.353458
1335,redandblack,static_B_2020.02.27_18.39.27.csv,1656,261.3812,61.94,52.44,0.0500,1.397771
1336,soldier,static_B_2020.02.27_18.39.27.csv,2676,216.5287,0.00,9.25,0.0500,1.432113
1337,longdress,static_B_2019.12.16_13.40.04.csv,1194,211.1944,0.00,-2.94,0.0500,1.281492
1338,loot,static_B_2020.02.13_13.57.29.csv,2945,273.2983,57.76,59.38,0.0500,1.128441
1339,redandblack,static_B_2020.02.27_18.39.27.csv,1356,284.4042,100.00,93.61,0.0500,1.327516
1340,soldier,static_B_2020.02.13_13.57.29.csv,1960,276.6268,61.57,68.80,0.0500,1.277404
1341,longdress,static_B_2020.02.27_18.39.27.csv,216,256.6239,0.00,17.77,0.0500,1.477972
1342,loot,static_B_2020.02.27_18.39.27.csv,1536,277.4971,71.87,77.68,0.0500,1.220916
1343,redandblack,static_B_2020.02.27_18.39.27.csv,1896,285.5704,86.00,93.99,0.0500,1.350049
1344,soldier,static_B_2020.02.27_18.39.27.csv,1956,254.7846,7.96,31.16,0.0500,1.431619
1345,longdress,static_B_2020.02.27_18.39.27.csv,2016,279.5732,100.00,89.02,0.0500,1.383485
1346,loot,static_B_2020.02.27_18.39.27.csv,5676,287.4706,100.00,95.14,0.0500,1.275510
1347,redandblack,static_B_2020.02.14_13.21.26.csv,758,283.7964,72.00,93.71,0.0500,1.337014
1348,soldier,static_B_2020.02.27_18.39.27.csv,3156,260.7938,0.00,-206.92,0.0500,1.142721
1349,longdress,static_B_2020.02.27_18.39.27.csv,3576,268.3296,45.52,53.18,0.0500,1.325925
1350,loot,static_B_2020.02.13_13.57.29.csv,1300,236.7061,32.23,41.76,0.0500,1.255612
1351,redandblack,static_B_2020.02.13_13.57.29.csv,1720,268.0721,62.03,74.83,0.0500,1.160314
1352,soldier,static_B_2020.02.14_13.21.26.csv,218,262.2845,8.85,30.77,0.0500,1.479583
1353,longdress,static_B_2020.02.13_13.57.29.csv,40,187.5947,0.00,-190.85,0.0500,1.542116
1354,loot,static_B_2020.02.27_18.39.27.csv,336,288.2446,40.89,55.55,0.0500,1.305613
1355,redandblack,static_B_2020.02.27_18.39.27.csv,696,278.3639,100.00,89.91,0.0500,1.170704
1356,soldier,static_B_2020.02.14_13.21.26.csv,578,289.0334,100.00,94.62,0.0500,1.187372
1357,longdress,static_B_2019.12.16_13.40.04.csv,354,225.4675,0.00,-1.71,0.0500,1.692682
1358,loot,static_B_2020.02.14_13.21.26.csv,638,287.5355,46.00,94.07,0.0500,1.155696
1359,redandblack,static_B_2020.02.13_13.57.29.csv,1840,287.0171,88.00,94.44,0.0500,1.226054
1360,soldier,static_B_2019.12.16_13.40.04.csv,294,185.7448,0.00,-121.21,0.0500,1.204000
1361,longdress,static_B_2020.02.27_18.39.27.csv,4596,195.5105,0.00,-26.65,0.0500,1.289508
1362,loot,static_B_2020.02.27_18.39.27.csv,816,286.1773,100.00,91.68,0.0500,1.232624
1363,redandblack,static_B_2019.12.16_13.40.04.csv,1904,291.3404,40.00,96.71,0.0500,1.340560
1364,soldier,static_B_2020.02.13_13.57.29.csv,2020,275.9134,47.82,53.29,0.0500,1.354813
1365,longdress,static_B_2020.02.13_13.57.29.csv,820,198.0034,0.00,-57.52,0.0500,1.392583
1366,loot,static_B_2020.02.27_18.39.27.csv,4836,283.2023,53.08,82.75,0.0500,1.315992
1367,redandblack,static_B_2020.02.27_18.39.27.csv,4116,284.1786,100.00,92.95,0.0500,1.207350
1368,soldier,static_B_2020.02.13_13.57.29.csv,2620,283.5190,100.00,91.84,0.0500,1.160478
1369,longdress,static_B_2019.12.16_13.40.04.csv,1614,241.9893,0.00,-14.81,0.0500,1.293167
1370,loot,static_B_2019.12.16_13.40.04.csv,1734,258.9357,0.00,-31.47,0.0500,1.430182
1371,redandblack,static_B_2019.12.16_13.40.04.csv,774,288.2384,96.00,95.52,0.0500,1.421260
1372,soldier,static_B_2020.02.27_18.39.27.csv,276,258.5992,25.67,48.55,0.0500,1.501521
1373,longdress,static_B_2019.12.16_13.40.04.csv,1554,268.8937,60.40,66.25,0.0500,1.145589
1374,loot,static_B_2020.02.13_13.57.29.csv,2860,250.6680,43.65,53.73,0.0500,1.299672
1375,redandblack,static_B_2020.02.27_18.39.27.csv,1836,267.7526,57.52,63.42,0.0500,1.349953
1376,soldier,static_B_2020.02.27_18.39.27.csv,1476,234.8421,0.00,-62.73,0.0500,1.305365
1377,longdress,static_B_2020.02.14_13.21.26.csv,698,275.0743,100.00,87.98,0.0500,1.138368
1378,loot,static_B_2020.02.13_13.57.29.csv,460,271.6148,44.76,66.46,0.0500,1.371922
1379,redandblack,static_B_2020.02.13_13.57.29.csv,220,279.6073,56.16,63.77,0.0500,1.332251
1380,soldier,static_B_2020.02.27_18.39.27.csv,2196,259.0608,0.00,3.28,0.0500,1.209542
1381,longdress,static_B_2020.02.27_18.39.27.csv,4476,226.9002,0.00,12.70,0.0500,1.010303
1382,loot,static_B_2020.02.27_18.39.27.csv,2556,255.0178,0.00,-30.44,0.0500,1.273454
1383,redandblack,static_B_2020.02.13_13.57.29.csv,1600,272.2198,62.91,74.04,0.0500,1.382113
1384,soldier,static_B_2020.02.13_13.57.29.csv,1660,249.1584,0.00,16.90,0.0500,1.227698
1385,longdress,static_B_2020.02.27_18.39.27.csv,516,196.3344,0.00,-390.81,0.0500,1.349618
1386,loot,static_B_2019.12.16_13.40.04.csv,534,275.0401,75.03,80.65,0.0500,1.323718
1387,redandblack,static_B_2020.02.13_13.57.29.csv,2740,200.0218,0.00,-19.49,0.0500,1.327001
1388,soldier,static_B_2020.02.13_13.57.29.csv,2140,223.5328,0.00,-45.35,0.0500,1.438659
1389,longdress,static_B_2020.02.27_18.39.27.csv,5136,288.1330,100.00,94.92,0.0500,1.341939
1390,loot,static_B_2020.02.27_18.39.27.csv,5196,290.8171,82.00,95.66,0.0500,1.315034
1391,redandblack,static_B_2020.02.13_13.57.29.csv,2945,243.2322,0.00,12.40,0.0500,1.311496
1392,soldier,static_B_2019.12.16_13.40.04.csv,1904,286.0817,76.00,93.31,0.0500,1.504134
1393,longdress,static_B_2020.02.13_13.57.29.csv,2080,272.7730,77.14,79.00,0.0500,1.502125
1394,soldier,static_B_2020.02.27_18.39.27.csv,360,262.9932,0.00,3.91,0.0500,1.304413
1395,longdress,static_B_2019.12.16_13.40.04.csv,1816,214.1083,0.00,-65.83,0.0500,1.363143
1396,loot,static_B_2019.12.16_13.40.04.csv,316,199.5407,0.00,-71.66,0.0500,1.348122
1397,redandblack,static_B_2020.02.27_18.39.27.csv,720,288.1712,100.00,95.10,0.0500,1.378190
1398,soldier,static_B_2020.02.27_18.39.27.csv,3540,217.8519,0.00,-67.10,0.0500,1.370082
1399,longdress,static_B_2020.02.27_18.39.27.csv,180,267.0917,71.22,72.79,0.0500,1.256428
1400,loot,static_B_2020.02.13_13.57.29.csv,1577,259.2429,80.99,75.31,0.0500,1.280517
1401,redandblack,static_B_2020.02.13_13.57.29.csv,1997,278.3360,100.00,89.88,0.0500,1.195837
1402,soldier,static_B_2020.02.27_18.39.27.csv,2880,253.9502,8.36,44.94,0.0500,1.359164
1403,longdress,static_B_2019.12.16_13.40.04.csv,1156,234.1447,0.00,11.52,0.0500,1.233746
1404,loot,static_B_2020.02.27_18.39.27.csv,4500,261.6738,32.16,55.94,0.0500,1.441427
1405,redandblack,static_B_2020.02.13_13.57.29.csv,1517,188.6983,0.00,-55.62,0.0500,1.323663
1406,soldier,static_B_2019.12.16_13.40.04.csv,1336,208.5258,0.00,-265.83,0.0500,1.526045
1407,longdress,static_B_2020.02.27_18.39.27.csv,4260,273.9805,100.00,88.45,0.0500,1.621827
1408,loot,static_B_2019.12.16_13.40.04.csv,16,284.0779,44.00,92.19,0.0500,1.311479
1409,redandblack,static_B_2020.02.27_18.39.27.csv,120,268.0282,58.35,64.15,0.0500,1.265861
1410,soldier,static_B_2020.02.27_18.39.27.csv,1200,285.2801,77.52,87.29,0.0500,1.295694
1411,longdress,static_B_2019.12.16_13.40.04.csv,796,281.2398,67.05,74.87,0.0500,1.393843
1412,loot,static_B_2020.02.13_13.57.29.csv,1037,260.0241,37.39,52.49,0.0500,1.428180
1413,redandblack,static_B_2020.02.27_18.39.27.csv,3480,259.1810,42.62,60.08,0.0500,1.575565
1414,soldier,static_B_2020.02.27_18.39.27.csv,1080,195.2561,0.00,-66.89,0.0500,1.331932
1415,longdress,static_B_2020.02.27_18.39.27.csv,2640,210.4751,0.00,-106.51,0.0500,1.326766
1416,loot,static_B_2020.02.27_18.39.27.csv,2520,280.5962,100.00,90.53,0.0500,1.437244
1417,redandblack,static_B_2020.02.14_13.21.26.csv,772,286.1076,48.00,94.10,0.0500,1.300007
1418,soldier,static_B_2020.02.13_13.57.29.csv,2945,237.6599,0.00,3.80,0.0500,1.520346
1419,longdress,static_B_2020.02.14_13.21.26.csv,232,263.2672,73.00,73.98,0.0500,1.512252
1420,loot,static_B_2020.02.14_13.21.26.csv,352,243.7119,17.85,42.48,0.0500,1.231544
1421,redandblack,static_B_2020.02.13_13.57.29.csv,2057,290.5491,90.00,96.29,0.0500,1.521392
1422,soldier,static_B_2019.12.16_13.40.04.csv,916,198.5077,0.00,-111.23,0.0500,1.422093
1423,longdress,static_B_2020.02.27_18.39.27.csv,1380,273.7835,64.41,71.59,0.0500,1.444292
1424,loot,static_B_2020.02.27_18.39.27.csv,900,268.8257,56.05,66.77,0.0500,1.460774
1425,redandblack,static_B_2020.02.27_18.39.27.csv,3720,274.4197,78.21,81.96,0.0500,1.489036
1426,soldier,static_B_2020.02.27_18.39.27.csv,1620,230.3689,0.00,-38.81,0.0500,1.433018
1427,longdress,static_B_2020.02.27_18.39.27.csv,5460,292.5373,100.00,97.05,0.0500,1.271014
1428,loot,static_B_2020.02.27_18.39.27.csv,2220,272.4172,78.82,78.58,0.0500,1.271627
1429,redandblack,static_B_2019.12.16_13.40.04.csv,76,276.2548,58.00,88.80,0.0500,1.237921
1430,soldier,static_B_2019.12.16_13.40.04.csv,1904,286.3774,78.00,93.40,0.0500,1.327625
1431,longdress,static_B_2020.02.27_18.39.27.csv,2160,246.2153,48.91,51.63,0.0500,1.685945
1432,loot,static_B_2020.02.13_13.57.29.csv,2537,250.6827,7.20,34.77,0.0500,1.322849
1433,redandblack,static_B_2020.02.14_13.21.26.csv,532,285.8088,85.23,92.60,0.0500,1.328510
1434,soldier,static_B_2020.02.27_18.39.27.csv,3420,280.0296,100.00,90.94,0.0500,1.586061
1435,longdress,static_B_2019.12.16_13.40.04.csv,616,190.6329,0.00,-59.05,0.0500,1.474720
1436,loot,static_B_2020.02.27_18.39.27.csv,660,260.4507,22.95,51.20,0.0500,1.320928
1437,redandblack,static_B_2020.02.27_18.39.27.csv,4860,269.0773,64.32,69.08,0.0500,1.499785
1438,soldier,static_B_2020.02.13_13.57.29.csv,2597,246.4736,0.00,26.42,0.0500,1.304593
1439,longdress,static_B_2019.12.16_13.40.04.csv,196,246.9305,15.93,38.69,0.0500,1.181702
1440,loot,static_B_2020.02.13_13.57.29.csv,317,272.7224,59.34,66.29,0.0500,1.597620
1441,redandblack,static_B_2020.02.13_13.57.29.csv,2477,261.8850,29.92,34.77,0.0500,1.312904
1442,soldier,static_B_2020.02.27_18.39.27.csv,60,276.1966,100.00,89.92,0.0500,1.498308
1443,longdress,static_B_2020.02.13_13.57.29.csv,1637,215.8028,0.00,-26.61,0.0500,1.431329
1444,loot,static_B_2020.02.27_18.39.27.csv,3180,278.8425,62.00,89.52,0.0500,1.436310
1445,redandblack,static_B_2020.02.13_13.57.29.csv,17,279.4298,86.00,90.99,0.0500,1.703222
1446,soldier,static_B_2020.02.14_13.21.26.csv,412,275.9724,62.33,70.11,0.0500,1.165857
1447,longdress,static_B_2020.02.13_13.57.29.csv,2897,253.3827,6.55,32.10,0.0500,1.305516
1448,loot,static_B_2020.02.13_13.57.29.csv,1397,273.3824,100.00,87.21,0.0500,1.459245
1449,redandblack,static_B_2020.02.27_18.39.27.csv,3840,239.8648,0.00,20.73,0.0500,1.425980
1450,soldier,static_B_2020.02.13_13.57.29.csv,437,183.4139,0.00,-18.23,0.0500,1.558346
1451,longdress,static_B_2020.02.27_18.39.27.csv,4920,274.4925,58.99,64.86,0.0500,1.354912
1452,loot,static_B_2019.12.16_13.40.04.csv,1904,283.0517,50.00,91.89,0.0500,1.575803
1453,redandblack,static_B_2020.02.27_18.39.27.csv,4740,282.3853,46.00,92.06,0.0500,1.158869
1454,soldier,static_B_2019.12.16_13.40.04.csv,1636,254.8241,0.00,-11.99,0.0500,1.297124
1455,longdress,static_B_2019.12.16_13.40.04.csv,496,268.8452,50.51,66.14,0.0500,1.454905
1456,loot,static_B_2019.12.16_13.40.04.csv,1756,282.3584,58.07,65.86,0.0500,1.494422
1457,redandblack,static_B_2020.02.27_18.39.27.csv,5100,281.0592,54.00,91.48,0.0500,1.466752
1458,soldier,static_B_2019.12.16_13.40.04.csv,1516,245.4323,6.45,16.20,0.0500,1.508385
1459,longdress,static_B_2020.02.27_18.39.27.csv,4320,217.1862,0.00,8.64,0.0500,1.357045
1460,loot,static_B_2020.02.27_18.39.27.csv,420,286.6870,100.00,93.51,0.0500,1.415926
1461,redandblack,static_B_2020.02.27_18.39.27.csv,1260,282.8059,100.00,92.24,0.0500,1.271038
1462,soldier,static_B_2020.02.14_13.21.26.csv,292,296.0706,100.00,98.30,0.0500,1.535926
1463,longdress,static_B_2019.12.16_13.40.04.csv,1096,194.7882,0.00,-523.66,0.0500,1.662454
1464,loot,static_B_2020.02.13_13.57.29.csv,677,186.1702,0.00,-137.65,0.0500,1.401627
1465,redandblack,static_B_2020.02.13_13.57.29.csv,1757,267.6105,16.61,39.42,0.0500,1.092214
1466,soldier,static_B_2020.02.27_18.39.27.csv,5160,288.7926,86.00,95.61,0.0500,1.679648
1467,longdress,static_B_2020.02.27_18.39.27.csv,480,245.0565,10.08,44.20,0.0500,1.416269
1468,loot,static_B_2020.02.27_18.39.27.csv,2940,279.7531,79.09,76.85,0.0500,1.038066
1469,redandblack,static_B_2020.02.27_18.39.27.csv,3600,287.7882,44.00,94.88,0.0500,1.102560
1470,soldier,static_B_2019.12.16_13.40.04.csv,136,283.8724,100.00,92.76,0.0500,1.667957
1471,longdress,static_B_2020.02.13_13.57.29.csv,977,234.5576,0.00,-255.68,0.0500,1.514297
1472,loot,static_B_2020.02.27_18.39.27.csv,3360,285.7521,38.00,93.52,0.0500,1.444006
1473,redandblack,static_B_2020.02.27_18.39.27.csv,4560,248.0696,16.25,48.22,0.0500,1.159204
1474,soldier,static_B_2020.02.13_13.57.29.csv,1337,220.1957,0.00,9.06,0.0500,1.473003
1475,longdress,static_B_2020.02.13_13.57.29.csv,1157,239.5820,0.00,19.99,0.0500,1.382281
1476,loot,static_B_2020.02.27_18.39.27.csv,1140,209.6518,0.00,-27.90,0.0500,1.173705
1477,redandblack,static_B_2020.02.27_18.39.27.csv,4440,245.8848,18.57,42.81,0.0500,1.503083
1478,soldier,static_B_2019.12.16_13.40.04.csv,436,230.2903,0.00,6.53,0.0500,1.343741
1479,longdress,static_B_2020.02.27_18.39.27.csv,1800,269.5816,55.68,60.21,0.0500,1.538704
1480,loot,static_B_2019.12.16_13.40.04.csv,1036,262.2934,49.29,61.89,0.0500,1.659100
1481,redandblack,static_B_2020.02.27_18.39.27.csv,2340,243.7931,0.00,-268.85,0.0500,1.426542
1482,soldier,static_B_2020.02.27_18.39.27.csv,2100,238.6122,4.18,39.46,0.0500,1.476755
1483,longdress,static_B_2020.02.27_18.39.27.csv,960,264.7690,62.24,72.99,0.0500,1.593635
1484,loot,static_B_2020.02.27_18.39.27.csv,780,278.6426,64.58,73.67,0.0500,1.171233
1485,redandblack,static_B_2020.02.27_18.39.27.csv,1320,270.9387,74.07,78.08,0.0500,1.429207
1486,soldier,static_B_2020.02.13_13.57.29.csv,1817,259.1411,17.06,35.02,0.0500,1.514356
1487,longdress,static_B_2020.02.27_18.39.27.csv,4140,289.0479,100.00,95.84,0.0500,1.463577
1488,loot,static_B_2020.02.13_13.57.29.csv,2237,257.3736,39.13,52.36,0.0500,1.572788
1489,redandblack,static_B_2020.02.14_13.21.26.csv,850,269.0902,45.20,53.72,0.0500,1.529479
1490,soldier,static_B_2020.02.27_18.39.27.csv,540,297.5978,100.00,99.05,0.0500,1.278807
1491,longdress,static_B_2020.02.14_13.21.26.csv,652,278.5580,83.60,88.29,0.0500,1.357776
1492,loot,static_B_2020.02.27_18.39.27.csv,3120,180.2551,0.00,-458.64,0.0500,1.140503
1493,redandblack,static_B_2019.12.16_13.40.04.csv,1456,288.9474,100.00,95.61,0.0500,1.454547
1494,soldier,static_B_2020.02.13_13.57.29.csv,2417,196.1224,0.00,-336.63,0.0500,1.439735
1495,longdress,static_B_2020.02.27_18.39.27.csv,300,240.5366,17.03,39.79,0.0500,1.376253
1496,loot,static_B_2020.02.27_18.39.27.csv,1440,269.2750,67.13,64.03,0.0500,1.297492
1497,redandblack,static_B_2019.12.16_13.40.04.csv,256,233.4472,0.00,2.49,0.0500,1.323279
1498,soldier,static_B_2020.02.13_13.57.29.csv,197,235.9390,0.00,-27.52,0.0500,1.461374
1499,longdress,static_B_2020.02.27_18.39.27.csv,3300,284.3784,100.00,92.85,0.0500,1.402609
1500,loot,static_B_2020.02.13_13.57.29.csv,857,213.8278,0.00,-38.01,0.0500,1.442188
1501,redandblack,static_B_2019.12.16_13.40.04.csv,1576,284.3716,92.00,93.06,0.0500,1.282501
1502,soldier,static_B_2020.02.27_18.39.27.csv,3900,286.5933,100.00,93.75,0.0500,1.491432
1503,longdress,static_B_2020.02.27_18.39.27.csv,5742,267.4617,46.47,62.80,0.0500,1.289786
1504,loot,static_B_2020.02.27_18.39.27.csv,1860,281.8477,60.11,71.83,0.0500,1.595488
1505,redandblack,static_B_2020.02.27_18.39.27.csv,3240,282.3783,52.00,92.06,0.0500,1.446269
1506,soldier,static_B_2020.02.14_13.21.26.csv,832,273.0683,69.81,70.08,0.0500,1.483988
1507,longdress,static_B_2020.02.14_13.21.26.csv,172,253.0063,0.00,-4.99,0.0500,1.390677
1508,loot,static_B_2020.02.13_13.57.29.csv,1457,249.9125,28.32,48.25,0.0500,1.352544
1509,redandblack,static_B_2020.02.13_13.57.29.csv,2717,241.0644,6.00,28.22,0.0500,1.348235
1510,soldier,static_B_2020.02.13_13.57.29.csv,257,288.4500,100.00,94.38,0.0500,1.513062
1511,longdress,static_B_2019.12.16_13.40.04.csv,1396,265.1107,41.95,60.62,0.0500,1.409088
1512,loot,static_B_2020.02.27_18.39.27.csv,2400,281.6577,48.00,91.23,0.0500,1.602831
1513,redandblack,static_B_2020.02.27_18.39.27.csv,4380,255.9687,0.00,5.62,0.0500,1.306264
1514,soldier,static_B_2020.02.27_18.39.27.csv,3060,224.5742,0.00,10.89,0.0500,1.272624
1515,longdress,static_B_2019.12.16_13.40.04.csv,556,248.2434,20.87,51.28,0.0500,1.788199
1516,loot,static_B_2020.02.27_18.39.27.csv,3960,295.7340,44.00,98.24,0.0500,1.183687
1517,redandblack,static_B_2020.02.13_13.57.29.csv,2357,200.4210,0.00,-35.86,0.0500,1.479335
1518,soldier,static_B_2020.02.13_13.57.29.csv,797,204.9300,0.00,-49.88,0.0500,1.570385
1519,longdress,static_B_2020.02.13_13.57.29.csv,2837,221.1249,0.00,-13.98,0.0500,1.528354
1520,loot,static_B_2020.02.13_13.57.29.csv,377,242.7762,0.00,-39.53,0.0500,1.187040
1521,redandblack,static_B_2020.02.13_13.57.29.csv,917,188.7268,0.00,-82.90,0.0500,1.294642
1522,soldier,static_B_2019.12.16_13.40.04.csv,676,290.5801,83.99,92.66,0.0500,1.486105
1523,longdress,static_B_2020.02.27_18.39.27.csv,600,267.5522,100.00,84.21,0.0500,1.426479
1524,loot,static_B_2020.02.13_13.57.29.csv,1217,289.1485,100.00,94.97,0.0500,1.578048
1525,redandblack,static_B_2020.02.27_18.39.27.csv,3780,229.0708,0.00,-95.00,0.0500,1.530897
1526,soldier,static_B_2020.02.14_13.21.26.csv,712,282.2781,83.19,82.13,0.0500,1.532613
1527,longdress,static_B_2019.12.16_13.40.04.csv,1696,244.7950,0.00,-4.95,0.0500,1.447952
1528,loot,static_B_2020.02.27_18.39.27.csv,5340,290.4463,46.00,95.53,0.0500,1.358554
1529,redandblack,static_B_2020.02.14_13.21.26.csv,592,280.0704,52.00,91.15,0.0500,1.423976
1530,soldier,static_B_2020.02.27_18.39.27.csv,1980,242.1583,0.00,17.83,0.0500,1.283333
1531,longdress,static_B_2020.02.27_18.39.27.csv,4080,284.1869,100.00,92.70,0.0500,1.205516
1532,loot,static_B_2020.02.13_13.57.29.csv,1937,271.5868,36.70,45.42,0.0500,1.651244
1533,redandblack,static_B_2020.02.27_18.39.27.csv,2820,289.6298,100.00,95.81,0.0500,1.529788
1534,soldier,static_B_2019.12.16_13.40.04.csv,976,259.5499,19.04,40.87,0.0500,1.291086
1535,longdress,static_B_2020.02.27_18.39.27.csv,5280,284.5799,83.23,89.09,0.0500,1.432070
1536,loot,static_B_2020.02.13_13.57.29.csv,137,265.7955,53.46,68.60,0.0500,1.479932
1537,redandblack,static_B_2019.12.16_13.40.04.csv,1216,241.6566,0.00,13.45,0.0500,1.611802
1538,soldier,static_B_2020.02.27_18.39.27.csv,5700,240.3078,0.00,5.67,0.0500,1.232250
1539,longdress,static_B_2020.02.27_18.39.27.csv,1740,219.1141,0.00,13.22,0.0500,1.721481
1540,loot,static_B_2020.02.13_13.57.29.csv,2777,256.6927,38.66,47.89,0.0500,1.453193
1541,redandblack,static_B_2020.02.27_18.39.27.csv,1920,287.2679,100.00,94.55,0.0500,1.413317
1542,soldier,static_B_2020.02.27_18.39.27.csv,5580,278.8494,66.96,75.19,0.0500,1.370573
1543,longdress,static_B_2020.02.27_18.39.27.csv,1020,226.7495,0.00,-19.55,0.0500,1.689792
1544,loot,static_B_2020.02.27_18.39.27.csv,2760,289.2783,56.00,94.86,0.0500,1.672893
1545,redandblack,static_B_2020.02.27_18.39.27.csv,2280,256.9490,31.46,38.69,0.0500,1.640917
1546,soldier,static_B_2020.02.14_13.21.26.csv,52,289.8261,100.00,95.14,0.0500,1.648275
1547,longdress,static_B_2020.02.27_18.39.27.csv,4620,165.6400,0.00,-441.38,0.0500,1.445712
1548,loot,static_B_2020.02.13_13.57.29.csv,2177,258.1858,13.41,39.77,0.0500,1.369475
1549,redandblack,static_B_2020.02.27_18.39.27.csv,2460,264.6958,75.16,76.08,0.0500,1.474291
1550,soldier,static_B_2020.02.27_18.39.27.csv,1500,266.5303,4.59,22.59,0.0500,1.331298
1551,longdress,static_B_2020.02.13_13.57.29.csv,77,227.1668,0.00,-24.51,0.0500,1.577894
1552,loot,static_B_2020.02.27_18.39.27.csv,2700,285.8091,50.00,93.56,0.0500,1.596840
1553,redandblack,static_B_2020.02.13_13.57.29.csv,1277,261.5871,36.64,52.18,0.0500,1.578900
1554,soldier,static_B_2020.02.13_13.57.29.csv,557,279.8399,59.39,68.99,0.0500,1.489255
1555,longdress,static_B_2020.02.27_18.39.27.csv,0,276.9308,76.56,81.39,0.0500,1.707558
1556,loot,static_B_2020.02.13_13.57.29.csv,2117,244.4532,0.00,20.45,0.0500,1.676700
1557,redandblack,static_B_2020.02.27_18.39.27.csv,1680,249.5051,26.17,48.14,0.0500,1.399277
1558,soldier,static_B_2020.02.13_13.57.29.csv,2945,256.5805,0.00,12.49,0.0500,1.470576
1559,longdress,static_B_2020.02.14_13.21.26.csv,112,288.7900,100.00,95.37,0.0500,1.416065
1560,loot,static_B_2019.12.16_13.40.04.csv,376,269.1726,68.06,64.91,0.0500,1.499881
1561,redandblack,static_B_2020.02.27_18.39.27.csv,4980,284.6682,100.00,91.67,0.0500,1.478925
1562,soldier,static_B_2019.12.16_13.40.04.csv,1276,233.6803,0.00,13.64,0.0500,1.453820
1563,longdress,static_B_2020.02.27_18.39.27.csv,4200,246.6732,0.00,-43.03,0.0500,1.558541
1564,loot,static_B_2019.12.16_13.40.04.csv,856,274.1502,100.00,85.00,0.0500,1.528544
1565,redandblack,static_B_2020.02.13_13.57.29.csv,1097,219.8007,0.00,10.32,0.0500,1.317856
1566,soldier,static_B_2020.02.27_18.39.27.csv,1560,223.9405,0.00,12.09,0.0500,1.441484
1567,longdress,static_B_2020.02.27_18.39.27.csv,2040,229.3126,0.00,8.29,0.0500,1.400983
1568,loot,static_B_2020.02.13_13.57.29.csv,617,209.4432,0.00,-79.54,0.0500,1.602367
1569,redandblack,static_B_2019.12.16_13.40.04.csv,1876,287.5638,56.00,95.05,0.0500,1.741183
1570,soldier,static_B_2020.02.27_18.39.27.csv,5400,291.4708,100.00,95.84,0.0500,1.829506
1571,longdress,static_B_2019.12.16_13.40.04.csv,736,284.1881,100.00,92.70,0.0500,1.561359
1572,loot,static_B_2020.02.27_18.39.27.csv,4680,248.5573,0.00,-111.18,0.0500,1.510541
1573,redandblack,static_B_2020.02.27_18.39.27.csv,4800,280.4274,52.00,90.99,0.0500,1.526804
1574,soldier,static_B_2020.02.27_18.39.27.csv,3000,222.8655,0.00,24.40,0.0500,1.357084
1575,longdress,static_B_2020.02.27_18.39.27.csv,5640,251.3960,13.84,28.26,0.0500,1.579776
1576,loot,static_B_2020.02.13_13.57.29.csv,2657,288.3895,100.00,94.40,0.0500,1.488069
1577,redandblack,static_B_2020.02.13_13.57.29.csv,497,243.4538,0.00,20.91,0.0500,1.279396
1578,soldier,static_B_2020.02.27_18.39.27.csv,3660,273.9056,35.66,46.08,0.0500,1.673321
1579,longdress,static_B_2020.02.14_13.21.26.csv,850,270.1258,30.18,51.45,0.0500,1.802075
1580,loot,static_B_2020.02.27_18.39.27.csv,840,284.5728,82.34,88.89,0.0500,1.760600
1581,redandblack,static_B_2020.02.13_13.57.29.csv,1877,266.5769,0.00,15.55,0.0500,1.620632
1582,soldier,static_B_2020.02.27_18.39.27.csv,2580,275.3622,57.39,74.01,0.0500,1.512145
1583,longdress,static_B_2020.02.27_18.39.27.csv,5220,236.8909,0.00,25.13,0.0500,1.330141
1584,loot,static_B_2020.02.13_13.57.29.csv,2297,237.0476,0.00,16.72,0.0500,1.336111
1585,redandblack,static_B_2020.02.13_13.57.29.csv,1697,244.1487,22.08,33.71,0.0500,1.547858
1586,soldier,static_B_2020.02.27_18.39.27.csv,5520,288.0128,100.00,94.03,0.0500,1.503718
1587,longdress,static_B_2020.02.13_13.57.29.csv,737,178.3526,0.00,-91.43,0.0500,1.454905
1588,loot,static_B_2020.02.27_18.39.27.csv,4020,241.0769,0.00,27.04,0.0500,1.517181
1589,redandblack,static_B_2020.02.27_18.39.27.csv,5742,279.0594,100.00,90.78,0.0500,1.533321
1590,soldier,static_B_2020.02.14_13.21.26.csv,472,291.2604,100.00,94.80,0.0500,1.567614
1591,longdress,static_B_2020.02.27_18.39.27.csv,5040,220.0750,21.60,34.68,0.0500,1.157000
1592,loot,static_B_2020.02.27_18.39.27.csv,240,282.2957,100.00,91.26,0.0500,1.382145
