episode,sequence,file,window_id,block_id,start_time_s,reward,qoe,qoe_quality,request_pacing_s,epsilon,mean_loss
1,longdress,driving_B_2020.01.16_07.26.43.csv,train/driving_B_2020.01.16_07.26.43.csv#block-000@time-1200.000s,block-000,1200.000,1.1331,1.13,1.13,0.0000,0.9990,0.000000
2,loot,driving_B_2019.12.16_12.27.05.csv,train/driving_B_2019.12.16_12.27.05.csv#block-000@time-780.000s,block-000,780.000,46.1281,46.13,46.13,0.5663,0.9979,0.000000
3,redandblack,driving_B_2020.02.14_09.38.22.csv,train/driving_B_2020.02.14_09.38.22.csv#block-000@time-600.000s,block-000,600.000,33.4019,33.40,33.40,0.1607,0.9968,0.000000
4,soldier,driving_B_2020.02.14_12.58.17.csv,train/driving_B_2020.02.14_12.58.17.csv#block-002@time-716.000s,block-002,716.000,-113.3597,-113.36,-113.36,0.0000,0.9957,1.847784
5,longdress,driving_B_2020.02.27_17.30.15.csv,train/driving_B_2020.02.27_17.30.15.csv#block-002@time-473.000s,block-002,473.000,-483.7665,-483.77,-483.77,0.0000,0.9946,5.509035
6,loot,driving_B_2020.01.16_07.26.43.csv,train/driving_B_2020.01.16_07.26.43.csv#block-000@time-1680.000s,block-000,1680.000,-80.6920,-80.69,-80.69,0.0000,0.9935,6.339965
7,redandblack,driving_B_2020.02.14_09.38.22.csv,train/driving_B_2020.02.14_09.38.22.csv#block-000@time-1380.000s,block-000,1380.000,13.1211,13.12,13.12,0.8457,0.9924,6.712898
8,soldier,driving_B_2020.02.14_09.38.22.csv,train/driving_B_2020.02.14_09.38.22.csv#block-000@time-1140.000s,block-000,1140.000,-101.5319,-101.53,-101.53,0.0000,0.9914,6.489185
9,longdress,driving_B_2019.12.17_07.32.39.csv,train/driving_B_2019.12.17_07.32.39.csv#block-003@time-1654.000s,block-003,1654.000,-90.6566,-90.66,-90.66,0.0000,0.9903,5.534628
10,loot,driving_B_2020.02.14_09.38.22.csv,train/driving_B_2020.02.14_09.38.22.csv#block-000@time-1200.000s,block-000,1200.000,-87.1772,-87.18,-87.18,0.0000,0.9892,4.896331
11,redandblack,driving_B_2020.02.13_15.02.01.csv,train/driving_B_2020.02.13_15.02.01.csv#block-000@time-1800.000s,block-000,1800.000,-305.9643,-305.96,-305.96,0.0000,0.9881,6.870153
12,soldier,driving_B_2020.02.13_15.02.01.csv,train/driving_B_2020.02.13_15.02.01.csv#block-000@time-540.000s,block-000,540.000,-122.7701,-122.77,-122.77,0.0000,0.9870,5.497538
13,longdress,driving_B_2020.02.14_09.38.22.csv,train/driving_B_2020.02.14_09.38.22.csv#block-000@time-780.000s,block-000,780.000,34.0064,34.01,34.01,2.1800,0.9859,4.907330
14,loot,static_B_2020.02.14_13.21.26.csv,train/static_B_2020.02.14_13.21.26.csv#block-000@time-180.000s,block-000,180.000,42.5382,42.54,42.54,0.9349,0.9848,4.957321
15,redandblack,driving_B_2019.12.17_07.32.39.csv,train/driving_B_2019.12.17_07.32.39.csv#block-000@time-1200.000s,block-000,1200.000,47.6901,47.69,47.69,2.4756,0.9837,5.551927
16,soldier,driving_B_2020.01.16_09.56.56.csv,train/driving_B_2020.01.16_09.56.56.csv#block-000@time-360.000s,block-000,360.000,28.3068,28.31,28.31,0.0000,0.9827,4.795784
17,longdress,static_B_2019.12.16_13.40.04.csv,train/static_B_2019.12.16_13.40.04.csv#block-005@time-1466.000s,block-005,1466.000,30.3097,30.31,30.31,0.0000,0.9816,3.930279
18,loot,driving_B_2020.01.16_07.26.43.csv,train/driving_B_2020.01.16_07.26.43.csv#block-000@time-1740.000s,block-000,1740.000,-185.1118,-185.11,-185.11,0.0000,0.9805,4.225841
19,redandblack,driving_B_2020.01.16_09.56.56.csv,train/driving_B_2020.01.16_09.56.56.csv#block-001@time-1599.000s,block-001,1599.000,54.2167,54.22,54.22,1.0083,0.9794,4.416067
20,soldier,static_B_2020.02.14_13.21.26.csv,train/static_B_2020.02.14_13.21.26.csv#block-000@time-720.000s,block-000,720.000,43.8345,43.83,43.83,2.3741,0.9783,4.778934
21,longdress,driving_B_2020.01.16_12.10.03.csv,train/driving_B_2020.01.16_12.10.03.csv#block-000@time-240.000s,block-000,240.000,34.1194,34.12,34.12,1.9157,0.9772,3.923405
22,loot,driving_B_2020.02.27_17.30.15.csv,train/driving_B_2020.02.27_17.30.15.csv#block-002@time-413.000s,block-002,413.000,-534.4027,-534.40,-534.40,0.0000,0.9761,4.204082
23,redandblack,driving_B_2020.01.16_07.26.43.csv,train/driving_B_2020.01.16_07.26.43.csv#block-000@time-1560.000s,block-000,1560.000,-108.1452,-108.15,-108.15,0.0000,0.9750,5.969059
24,soldier,driving_B_2020.02.27_17.30.15.csv,train/driving_B_2020.02.27_17.30.15.csv#block-002@time-533.000s,block-002,533.000,-388.3129,-388.31,-388.31,0.0000,0.9740,5.200796
25,longdress,static_B_2020.02.27_18.39.27.csv,train/static_B_2020.02.27_18.39.27.csv#block-001@time-3732.000s,block-001,3732.000,53.1155,53.12,53.12,2.3436,0.9729,5.934316
26,loot,driving_B_2020.01.16_09.56.56.csv,train/driving_B_2020.01.16_09.56.56.csv#block-000@time-180.000s,block-000,180.000,40.7848,40.78,40.78,0.0000,0.9718,4.945007
27,redandblack,static_B_2020.02.14_13.21.26.csv,train/static_B_2020.02.14_13.21.26.csv#block-000@time-480.000s,block-000,480.000,64.9726,64.97,64.97,2.0141,0.9707,5.306716
28,soldier,driving_B_2019.12.17_07.32.39.csv,train/driving_B_2019.12.17_07.32.39.csv#block-000@time-1380.000s,block-000,1380.000,14.8208,14.82,14.82,0.0000,0.9696,4.912461
29,longdress,driving_B_2020.02.13_13.03.24.csv,train/driving_B_2020.02.13_13.03.24.csv#block-001@time-1994.000s,block-001,1994.000,26.1284,26.13,26.13,0.0000,0.9685,4.563288
30,loot,static_B_2019.12.16_13.40.04.csv,train/static_B_2019.12.16_13.40.04.csv#block-005@time-1586.000s,block-005,1586.000,10.4078,10.41,10.41,0.1692,0.9674,4.377982
31,redandblack,static_B_2020.02.27_18.39.27.csv,train/static_B_2020.02.27_18.39.27.csv#block-001@time-5832.000s,block-001,5832.000,55.3089,55.31,55.31,2.6089,0.9663,4.161861
32,soldier,driving_B_2020.01.16_09.56.56.csv,train/driving_B_2020.01.16_09.56.56.csv#block-000@time-300.000s,block-000,300.000,47.9229,47.92,47.92,1.6843,0.9653,4.497734
33,longdress,static_B_2020.02.14_13.21.26.csv,train/static_B_2020.02.14_13.21.26.csv#block-000@time-1080.000s,block-000,1080.000,45.4730,45.47,45.47,1.2504,0.9642,4.584760
34,loot,driving_B_2020.02.14_12.58.17.csv,train/driving_B_2020.02.14_12.58.17.csv#block-000@time-0.000s,block-000,0.000,-36.0557,-36.06,-36.06,0.0000,0.9631,4.105444
35,redandblack,driving_B_2020.02.27_17.30.15.csv,train/driving_B_2020.02.27_17.30.15.csv#block-002@time-353.000s,block-002,353.000,-204.6940,-204.69,-204.69,0.0000,0.9620,4.366808
36,soldier,static_B_2020.02.14_13.21.26.csv,train/static_B_2020.02.14_13.21.26.csv#block-000@time-240.000s,block-000,240.000,49.5448,49.54,49.54,1.0974,0.9609,4.349934
37,longdress,driving_B_2020.02.27_17.30.15.csv,train/driving_B_2020.02.27_17.30.15.csv#block-002@time-293.000s,block-002,293.000,-808.0496,-808.05,-808.05,0.0000,0.9598,4.388828
38,loot,static_B_2019.12.16_13.40.04.csv,train/static_B_2019.12.16_13.40.04.csv#block-005@time-1706.000s,block-005,1706.000,57.3654,57.37,57.37,0.0000,0.9587,5.143330
39,redandblack,driving_B_2020.02.13_13.03.24.csv,train/driving_B_2020.02.13_13.03.24.csv#block-007@time-2290.000s,block-007,2290.000,-258.6438,-258.64,-258.64,0.0000,0.9576,4.230943
40,soldier,static_B_2020.02.27_18.39.27.csv,train/static_B_2020.02.27_18.39.27.csv#block-001@time-5352.000s,block-001,5352.000,3.8375,3.84,3.84,0.0000,0.9566,4.605505
41,longdress,static_B_2019.12.16_13.40.04.csv,train/static_B_2019.12.16_13.40.04.csv#block-001@time-955.000s,block-001,955.000,27.6202,27.62,27.62,0.4074,0.9555,5.306524
42,loot,driving_B_2020.02.14_12.58.17.csv,train/driving_B_2020.02.14_12.58.17.csv#block-002@time-596.000s,block-002,596.000,-20.2522,-20.25,-20.25,0.0000,0.9544,3.925592
43,redandblack,driving_B_2020.02.14_12.58.17.csv,train/driving_B_2020.02.14_12.58.17.csv#block-002@time-596.000s,block-002,596.000,-75.5579,-75.56,-75.56,0.0000,0.9533,5.483196
44,soldier,driving_B_2020.02.14_12.58.17.csv,train/driving_B_2020.02.14_12.58.17.csv#block-000@time-0.000s,block-000,0.000,-56.1026,-56.10,-56.10,0.0000,0.9522,4.673044
45,longdress,driving_B_2020.02.13_15.02.01.csv,train/driving_B_2020.02.13_15.02.01.csv#block-000@time-1200.000s,block-000,1200.000,11.1809,11.18,11.18,0.0000,0.9511,4.900408
46,loot,driving_B_2020.02.14_12.58.17.csv,train/driving_B_2020.02.14_12.58.17.csv#block-002@time-716.000s,block-002,716.000,-38.9026,-38.90,-38.90,0.0000,0.9500,4.582686
47,redandblack,driving_B_2020.01.16_12.10.03.csv,train/driving_B_2020.01.16_12.10.03.csv#block-000@time-300.000s,block-000,300.000,13.0056,13.01,13.01,0.0000,0.9489,4.569514
48,soldier,driving_B_2020.02.14_09.38.22.csv,train/driving_B_2020.02.14_09.38.22.csv#block-000@time-480.000s,block-000,480.000,-19.9605,-19.96,-19.96,0.0000,0.9479,3.917363
49,longdress,driving_B_2019.12.17_07.32.39.csv,train/driving_B_2019.12.17_07.32.39.csv#block-000@time-960.000s,block-000,960.000,-130.8694,-130.87,-130.87,0.0000,0.9468,4.519228
50,loot,driving_B_2020.02.13_15.02.01.csv,train/driving_B_2020.02.13_15.02.01.csv#block-000@time-2760.000s,block-000,2760.000,-77.6736,-77.67,-77.67,0.0000,0.9457,4.242280
51,redandblack,static_B_2020.02.27_18.39.27.csv,train/static_B_2020.02.27_18.39.27.csv#block-001@time-3972.000s,block-001,3972.000,68.0213,68.02,68.02,0.0000,0.9446,3.661975
52,soldier,static_B_2020.02.14_13.21.26.csv,train/static_B_2020.02.14_13.21.26.csv#block-000@time-420.000s,block-000,420.000,49.2238,49.22,49.22,2.5388,0.9435,4.207652
53,longdress,driving_B_2020.02.13_15.02.01.csv,train/driving_B_2020.02.13_15.02.01.csv#block-000@time-480.000s,block-000,480.000,28.9677,28.97,28.97,0.6968,0.9424,4.124940
54,loot,static_B_2020.02.27_18.39.27.csv,train/static_B_2020.02.27_18.39.27.csv#block-001@time-2652.000s,block-001,2652.000,-64.8548,-64.85,-64.85,0.0000,0.9413,3.846396
55,redandblack,driving_B_2020.02.14_12.58.17.csv,train/driving_B_2020.02.14_12.58.17.csv#block-002@time-536.000s,block-002,536.000,-239.6579,-239.66,-239.66,0.0000,0.9402,3.993666
56,soldier,static_B_2019.12.16_13.40.04.csv,train/static_B_2019.12.16_13.40.04.csv#block-005@time-1646.000s,block-005,1646.000,47.1949,47.19,47.19,0.0218,0.9392,4.156187
57,longdress,driving_B_2019.12.17_07.32.39.csv,train/driving_B_2019.12.17_07.32.39.csv#block-000@time-900.000s,block-000,900.000,-108.7791,-108.78,-108.78,0.0000,0.9381,4.419117
58,loot,driving_B_2019.12.16_12.27.05.csv,train/driving_B_2019.12.16_12.27.05.csv#block-000@time-900.000s,block-000,900.000,49.3134,49.31,49.31,2.4752,0.9370,4.318855
59,redandblack,static_B_2019.12.16_13.40.04.csv,train/static_B_2019.12.16_13.40.04.csv#block-005@time-1886.000s,block-005,1886.000,38.8508,38.85,38.85,0.8252,0.9359,3.611323
60,soldier,static_B_2020.02.27_18.39.27.csv,train/static_B_2020.02.27_18.39.27.csv#block-001@time-492.000s,block-001,492.000,50.7357,50.74,50.74,0.0000,0.9348,4.104632
61,longdress,driving_B_2020.02.14_12.58.17.csv,train/driving_B_2020.02.14_12.58.17.csv#block-002@time-716.000s,block-002,716.000,-18.0383,-18.04,-18.04,0.0000,0.9337,3.971017
62,loot,driving_B_2020.02.13_13.03.24.csv,train/driving_B_2020.02.13_13.03.24.csv#block-000@time-480.000s,block-000,480.000,-37.7770,-37.78,-37.78,0.0000,0.9326,4.088267
63,redandblack,driving_B_2019.12.16_12.27.05.csv,train/driving_B_2019.12.16_12.27.05.csv#block-000@time-660.000s,block-000,660.000,-255.3626,-255.36,-255.36,0.0000,0.9315,3.880715
64,soldier,driving_B_2020.01.16_09.56.56.csv,train/driving_B_2020.01.16_09.56.56.csv#block-001@time-1179.000s,block-001,1179.000,-109.4949,-109.49,-109.49,0.0000,0.9305,4.020823
65,longdress,driving_B_2020.02.27_17.30.15.csv,train/driving_B_2020.02.27_17.30.15.csv#block-002@time-413.000s,block-002,413.000,-742.3498,-742.35,-742.35,0.0000,0.9294,4.537382
66,loot,driving_B_2020.02.13_15.02.01.csv,train/driving_B_2020.02.13_15.02.01.csv#block-000@time-1920.000s,block-000,1920.000,58.3101,58.31,58.31,0.0000,0.9283,4.611197
67,redandblack,driving_B_2020.02.14_09.38.22.csv,train/driving_B_2020.02.14_09.38.22.csv#block-000@time-1440.000s,block-000,1440.000,48.7981,48.80,48.80,1.4032,0.9272,4.055490
68,soldier,driving_B_2020.02.14_09.38.22.csv,train/driving_B_2020.02.14_09.38.22.csv#block-000@time-120.000s,block-000,120.000,-249.6660,-249.67,-249.67,0.0000,0.9261,3.982706
69,longdress,driving_B_2020.02.27_17.30.15.csv,train/driving_B_2020.02.27_17.30.15.csv#block-002@time-293.000s,block-002,293.000,-320.8934,-320.89,-320.89,0.0000,0.9250,4.119143
70,loot,static_B_2020.02.27_18.39.27.csv,train/static_B_2020.02.27_18.39.27.csv#block-001@time-6072.000s,block-001,6072.000,46.4833,46.48,46.48,2.4206,0.9239,4.150186
71,redandblack,driving_B_2019.12.17_07.32.39.csv,train/driving_B_2019.12.17_07.32.39.csv#block-000@time-420.000s,block-000,420.000,31.8581,31.86,31.86,0.0000,0.9228,4.874370
72,soldier,driving_B_2020.02.14_12.58.17.csv,train/driving_B_2020.02.14_12.58.17.csv#block-002@time-656.000s,block-002,656.000,-68.5735,-68.57,-68.57,0.0000,0.9218,4.398813
73,longdress,driving_B_2020.01.16_09.56.56.csv,train/driving_B_2020.01.16_09.56.56.csv#block-001@time-1539.000s,block-001,1539.000,51.6353,51.64,51.64,0.8775,0.9207,4.202950
74,loot,static_B_2020.02.14_13.21.26.csv,train/static_B_2020.02.14_13.21.26.csv#block-000@time-1020.000s,block-000,1020.000,52.7225,52.72,52.72,2.1567,0.9196,4.219107
75,redandblack,driving_B_2020.02.14_12.58.17.csv,train/driving_B_2020.02.14_12.58.17.csv#block-002@time-716.000s,block-002,716.000,13.3726,13.37,13.37,0.0000,0.9185,4.008845
76,soldier,driving_B_2020.01.16_09.56.56.csv,train/driving_B_2020.01.16_09.56.56.csv#block-001@time-519.000s,block-001,519.000,22.8057,22.81,22.81,0.9411,0.9174,3.661349
77,longdress,driving_B_2020.01.16_09.56.56.csv,train/driving_B_2020.01.16_09.56.56.csv#block-001@time-1239.000s,block-001,1239.000,-26.8360,-26.84,-26.84,0.0000,0.9163,4.225686
78,loot,driving_B_2020.01.16_09.56.56.csv,train/driving_B_2020.01.16_09.56.56.csv#block-001@time-1719.000s,block-001,1719.000,50.8677,50.87,50.87,0.0000,0.9152,4.069139
79,redandblack,driving_B_2020.01.16_07.26.43.csv,train/driving_B_2020.01.16_07.26.43.csv#block-000@time-780.000s,block-000,780.000,-9.4978,-9.50,-9.50,0.0000,0.9141,4.966510
80,soldier,driving_B_2020.02.14_12.58.17.csv,train/driving_B_2020.02.14_12.58.17.csv#block-002@time-656.000s,block-002,656.000,-74.6141,-74.61,-74.61,0.0000,0.9131,4.432223
81,longdress,static_B_2020.02.14_13.21.26.csv,train/static_B_2020.02.14_13.21.26.csv#block-000@time-660.000s,block-000,660.000,61.1884,61.19,61.19,0.0000,0.9120,4.330701
82,loot,static_B_2019.12.16_13.40.04.csv,train/static_B_2019.12.16_13.40.04.csv#block-000@time-60.000s,block-000,60.000,18.4270,18.43,18.43,0.0000,0.9109,4.020621
83,redandblack,driving_B_2020.02.14_09.38.22.csv,train/driving_B_2020.02.14_09.38.22.csv#block-000@time-360.000s,block-000,360.000,-83.7609,-83.76,-83.76,0.0000,0.9098,4.788843
84,soldier,driving_B_2020.01.16_09.56.56.csv,train/driving_B_2020.01.16_09.56.56.csv#block-001@time-1059.000s,block-001,1059.000,-65.6664,-65.67,-65.67,0.0000,0.9087,3.621122
85,longdress,driving_B_2020.02.14_12.58.17.csv,train/driving_B_2020.02.14_12.58.17.csv#block-000@time-0.000s,block-000,0.000,-77.3039,-77.30,-77.30,0.0000,0.9076,4.179512
86,loot,static_B_2020.02.27_18.39.27.csv,train/static_B_2020.02.27_18.39.27.csv#block-001@time-1152.000s,block-001,1152.000,47.7611,47.76,47.76,0.1211,0.9065,4.811352
87,redandblack,driving_B_2020.02.27_17.30.15.csv,train/driving_B_2020.02.27_17.30.15.csv#block-002@time-353.000s,block-002,353.000,-201.0980,-201.10,-201.10,0.0000,0.9054,4.204075
88,soldier,static_B_2020.02.14_13.21.26.csv,train/static_B_2020.02.14_13.21.26.csv#block-000@time-540.000s,block-000,540.000,58.2857,58.29,58.29,0.8276,0.9044,4.053360
89,longdress,driving_B_2020.02.27_17.30.15.csv,train/driving_B_2020.02.27_17.30.15.csv#block-002@time-413.000s,block-002,413.000,-576.2689,-576.27,-576.27,0.0000,0.9033,3.179936
90,loot,driving_B_2020.02.13_13.03.24.csv,train/driving_B_2020.02.13_13.03.24.csv#block-001@time-914.000s,block-001,914.000,-221.9988,-222.00,-222.00,0.0000,0.9022,4.330529
91,redandblack,static_B_2020.02.14_13.21.26.csv,train/static_B_2020.02.14_13.21.26.csv#block-000@time-840.000s,block-000,840.000,50.8179,50.82,50.82,2.4302,0.9011,3.703183
92,soldier,driving_B_2019.12.16_12.27.05.csv,train/driving_B_2019.12.16_12.27.05.csv#block-000@time-780.000s,block-000,780.000,-11.5332,-11.53,-11.53,0.0000,0.9000,4.089914
93,longdress,driving_B_2020.02.27_17.30.15.csv,train/driving_B_2020.02.27_17.30.15.csv#block-002@time-293.000s,block-002,293.000,-376.2697,-376.27,-376.27,0.0000,0.8989,5.083649
94,loot,driving_B_2020.02.27_17.30.15.csv,train/driving_B_2020.02.27_17.30.15.csv#block-002@time-473.000s,block-002,473.000,-402.2725,-402.27,-402.27,0.0000,0.8978,5.056590
95,redandblack,driving_B_2020.01.16_07.26.43.csv,train/driving_B_2020.01.16_07.26.43.csv#block-000@time-1260.000s,block-000,1260.000,-23.7929,-23.79,-23.79,0.0000,0.8967,4.645123
96,soldier,static_B_2020.02.27_18.39.27.csv,train/static_B_2020.02.27_18.39.27.csv#block-001@time-5472.000s,block-001,5472.000,56.4708,56.47,56.47,2.0658,0.8957,4.481663
97,longdress,driving_B_2020.02.14_09.38.22.csv,train/driving_B_2020.02.14_09.38.22.csv#block-000@time-1080.000s,block-000,1080.000,23.7517,23.75,23.75,0.0000,0.8946,3.946391
98,loot,driving_B_2020.01.16_09.56.56.csv,train/driving_B_2020.01.16_09.56.56.csv#block-001@time-939.000s,block-001,939.000,26.0066,26.01,26.01,0.0000,0.8935,5.404294
99,redandblack,driving_B_2020.01.16_12.10.03.csv,train/driving_B_2020.01.16_12.10.03.csv#block-000@time-0.000s,block-000,0.000,60.5443,60.54,60.54,2.7110,0.8924,3.954762
100,soldier,static_B_2020.02.27_18.39.27.csv,train/static_B_2020.02.27_18.39.27.csv#block-001@time-2592.000s,block-001,2592.000,44.5296,44.53,44.53,0.0000,0.8913,3.750151
101,longdress,driving_B_2020.02.13_15.02.01.csv,train/driving_B_2020.02.13_15.02.01.csv#block-000@time-2940.000s,block-000,2940.000,-142.4482,-142.45,-142.45,0.0000,0.8902,4.198719
102,loot,driving_B_2020.02.27_17.30.15.csv,train/driving_B_2020.02.27_17.30.15.csv#block-002@time-473.000s,block-002,473.000,-333.0914,-333.09,-333.09,0.0000,0.8891,4.411795
103,redandblack,driving_B_2020.01.16_07.26.43.csv,train/driving_B_2020.01.16_07.26.43.csv#block-000@time-300.000s,block-000,300.000,4.3098,4.31,4.31,0.0000,0.8880,4.475995
104,soldier,driving_B_2020.02.13_15.02.01.csv,train/driving_B_2020.02.13_15.02.01.csv#block-000@time-1620.000s,block-000,1620.000,-173.2850,-173.29,-173.29,0.0000,0.8870,4.428568
105,longdress,driving_B_2020.02.13_15.02.01.csv,train/driving_B_2020.02.13_15.02.01.csv#block-000@time-120.000s,block-000,120.000,48.1594,48.16,48.16,1.9936,0.8859,4.078431
106,loot,driving_B_2019.12.17_07.32.39.csv,train/driving_B_2019.12.17_07.32.39.csv#block-000@time-1140.000s,block-000,1140.000,20.1749,20.17,20.17,0.0000,0.8848,4.633999
107,redandblack,static_B_2019.12.16_13.40.04.csv,train/static_B_2019.12.16_13.40.04.csv#block-000@time-120.000s,block-000,120.000,58.3009,58.30,58.30,1.8007,0.8837,3.873841
108,soldier,static_B_2019.12.16_13.40.04.csv,train/static_B_2019.12.16_13.40.04.csv#block-001@time-895.000s,block-001,895.000,33.7930,33.79,33.79,0.0000,0.8826,3.698040
109,longdress,driving_B_2020.02.14_12.58.17.csv,train/driving_B_2020.02.14_12.58.17.csv#block-002@time-596.000s,block-002,596.000,-97.3255,-97.33,-97.33,0.0000,0.8815,4.501589
110,loot,driving_B_2020.02.14_09.38.22.csv,train/driving_B_2020.02.14_09.38.22.csv#block-000@time-1200.000s,block-000,1200.000,-71.3803,-71.38,-71.38,0.0000,0.8804,4.659223
111,redandblack,driving_B_2020.02.14_12.58.17.csv,train/driving_B_2020.02.14_12.58.17.csv#block-002@time-536.000s,block-002,536.000,-213.7740,-213.77,-213.77,0.0000,0.8793,4.140483
112,soldier,driving_B_2019.12.17_07.32.39.csv,train/driving_B_2019.12.17_07.32.39.csv#block-000@time-120.000s,block-000,120.000,-48.5711,-48.57,-48.57,0.0000,0.8783,4.195140
113,longdress,driving_B_2020.01.16_12.10.03.csv,train/driving_B_2020.01.16_12.10.03.csv#block-000@time-60.000s,block-000,60.000,18.2060,18.21,18.21,0.0000,0.8772,4.245427
114,loot,driving_B_2020.02.14_12.58.17.csv,train/driving_B_2020.02.14_12.58.17.csv#block-002@time-656.000s,block-002,656.000,21.5182,21.52,21.52,0.0000,0.8761,3.669806
115,redandblack,driving_B_2020.01.16_09.56.56.csv,train/driving_B_2020.01.16_09.56.56.csv#block-001@time-1359.000s,block-001,1359.000,-0.5730,-0.57,-0.57,0.0000,0.8750,3.618598
116,soldier,static_B_2019.12.16_13.40.04.csv,train/static_B_2019.12.16_13.40.04.csv#block-000@time-0.000s,block-000,0.000,39.8722,39.87,39.87,1.9192,0.8739,3.775602
117,longdress,static_B_2019.12.16_13.40.04.csv,train/static_B_2019.12.16_13.40.04.csv#block-001@time-1015.000s,block-001,1015.000,-29.6735,-29.67,-29.67,0.0000,0.8728,4.145724
118,loot,driving_B_2020.01.16_12.10.03.csv,train/driving_B_2020.01.16_12.10.03.csv#block-000@time-240.000s,block-000,240.000,47.5376,47.54,47.54,2.4032,0.8717,3.442449
119,redandblack,static_B_2020.02.14_13.21.26.csv,train/static_B_2020.02.14_13.21.26.csv#block-000@time-360.000s,block-000,360.000,67.7624,67.76,67.76,0.1921,0.8706,3.884545
120,soldier,static_B_2020.02.27_18.39.27.csv,train/static_B_2020.02.27_18.39.27.csv#block-001@time-6432.000s,block-001,6432.000,54.0658,54.07,54.07,0.0000,0.8696,3.504529
121,longdress,driving_B_2019.12.17_07.32.39.csv,train/driving_B_2019.12.17_07.32.39.csv#block-003@time-1534.000s,block-003,1534.000,13.1035,13.10,13.10,0.0000,0.8685,3.337260
122,loot,driving_B_2020.01.16_09.56.56.csv,train/driving_B_2020.01.16_09.56.56.csv#block-001@time-1299.000s,block-001,1299.000,33.7491,33.75,33.75,0.0000,0.8674,3.796851
123,redandblack,driving_B_2020.02.14_12.58.17.csv,train/driving_B_2020.02.14_12.58.17.csv#block-002@time-716.000s,block-002,716.000,0.5935,0.59,0.59,0.0000,0.8663,3.601732
124,soldier,driving_B_2019.12.17_07.32.39.csv,train/driving_B_2019.12.17_07.32.39.csv#block-000@time-660.000s,block-000,660.000,-42.5442,-42.54,-42.54,0.0000,0.8652,3.326148
125,longdress,driving_B_2020.02.13_15.02.01.csv,train/driving_B_2020.02.13_15.02.01.csv#block-000@time-780.000s,block-000,780.000,-111.6625,-111.66,-111.66,0.0000,0.8641,3.680918
126,loot,driving_B_2020.02.14_12.58.17.csv,train/driving_B_2020.02.14_12.58.17.csv#block-000@time-0.000s,block-000,0.000,-7.1310,-7.13,-7.13,0.0000,0.8630,3.882492
127,redandblack,static_B_2020.02.14_13.21.26.csv,train/static_B_2020.02.14_13.21.26.csv#block-000@time-840.000s,block-000,840.000,42.4207,42.42,42.42,2.9212,0.8619,3.824032
128,soldier,driving_B_2020.02.13_13.03.24.csv,train/driving_B_2020.02.13_13.03.24.csv#block-000@time-0.000s,block-000,0.000,-79.0572,-79.06,-79.06,0.0000,0.8609,3.536216
129,longdress,static_B_2020.02.27_18.39.27.csv,train/static_B_2020.02.27_18.39.27.csv#block-001@time-5292.000s,block-001,5292.000,-375.9737,-375.97,-375.97,0.0000,0.8598,3.466728
130,loot,driving_B_2020.01.16_07.26.43.csv,train/driving_B_2020.01.16_07.26.43.csv#block-000@time-360.000s,block-000,360.000,-154.8477,-154.85,-154.85,0.0000,0.8587,3.671827
131,redandblack,driving_B_2019.12.17_07.32.39.csv,train/driving_B_2019.12.17_07.32.39.csv#block-000@time-480.000s,block-000,480.000,61.7483,61.75,61.75,1.3089,0.8576,4.431762
132,soldier,driving_B_2020.01.16_12.10.03.csv,train/driving_B_2020.01.16_12.10.03.csv#block-000@time-240.000s,block-000,240.000,60.2091,60.21,60.21,1.5504,0.8565,3.527567
133,longdress,driving_B_2020.02.27_17.30.15.csv,train/driving_B_2020.02.27_17.30.15.csv#block-002@time-533.000s,block-002,533.000,-206.3262,-206.33,-206.33,0.0000,0.8554,4.077518
134,loot,static_B_2020.02.14_13.21.26.csv,train/static_B_2020.02.14_13.21.26.csv#block-000@time-1080.000s,block-000,1080.000,50.0186,50.02,50.02,1.5673,0.8543,4.411024
135,redandblack,driving_B_2020.01.16_09.56.56.csv,train/driving_B_2020.01.16_09.56.56.csv#block-001@time-1719.000s,block-001,1719.000,52.1378,52.14,52.14,0.3831,0.8532,4.586887
136,soldier,static_B_2020.02.14_13.21.26.csv,train/static_B_2020.02.14_13.21.26.csv#block-000@time-780.000s,block-000,780.000,40.5971,40.60,40.60,2.4213,0.8522,4.098570
137,longdress,static_B_2019.12.16_13.40.04.csv,train/static_B_2019.12.16_13.40.04.csv#block-006@time-2232.000s,block-006,2232.000,37.6113,37.61,37.61,1.5222,0.8511,3.781215
138,loot,driving_B_2019.12.16_12.27.05.csv,train/driving_B_2019.12.16_12.27.05.csv#block-000@time-480.000s,block-000,480.000,-47.3302,-47.33,-47.33,0.0000,0.8500,3.679874
139,redandblack,static_B_2020.02.27_18.39.27.csv,train/static_B_2020.02.27_18.39.27.csv#block-001@time-432.000s,block-001,432.000,50.0453,50.05,50.05,1.5861,0.8489,3.812993
140,soldier,driving_B_2020.01.16_12.10.03.csv,train/driving_B_2020.01.16_12.10.03.csv#block-000@time-180.000s,block-000,180.000,50.0749,50.07,50.07,1.2877,0.8478,3.152356
141,longdress,driving_B_2020.01.16_12.10.03.csv,train/driving_B_2020.01.16_12.10.03.csv#block-000@time-180.000s,block-000,180.000,53.1004,53.10,53.10,0.4406,0.8467,3.826292
142,loot,driving_B_2019.12.17_07.32.39.csv,train/driving_B_2019.12.17_07.32.39.csv#block-003@time-1894.000s,block-003,1894.000,-75.0119,-75.01,-75.01,0.0000,0.8456,3.469104
143,redandblack,driving_B_2020.02.14_09.38.22.csv,train/driving_B_2020.02.14_09.38.22.csv#block-000@time-240.000s,block-000,240.000,-183.9123,-183.91,-183.91,0.0000,0.8445,3.188744
144,soldier,driving_B_2020.02.13_15.02.01.csv,train/driving_B_2020.02.13_15.02.01.csv#block-000@time-2580.000s,block-000,2580.000,-489.7801,-489.78,-489.78,0.0000,0.8435,3.529963
145,longdress,static_B_2020.02.14_13.21.26.csv,train/static_B_2020.02.14_13.21.26.csv#block-000@time-180.000s,block-000,180.000,47.4383,47.44,47.44,0.2170,0.8424,3.751186
146,loot,driving_B_2020.02.14_12.58.17.csv,train/driving_B_2020.02.14_12.58.17.csv#block-002@time-656.000s,block-002,656.000,14.7555,14.76,14.76,0.0000,0.8413,3.712446
147,redandblack,driving_B_2020.02.13_15.02.01.csv,train/driving_B_2020.02.13_15.02.01.csv#block-000@time-2280.000s,block-000,2280.000,4.1402,4.14,4.14,0.0000,0.8402,3.777149
148,soldier,driving_B_2019.12.17_07.32.39.csv,train/driving_B_2019.12.17_07.32.39.csv#block-003@time-1834.000s,block-003,1834.000,-111.5076,-111.51,-111.51,0.0000,0.8391,3.829737
149,longdress,static_B_2020.02.27_18.39.27.csv,train/static_B_2020.02.27_18.39.27.csv#block-001@time-4512.000s,block-001,4512.000,52.1684,52.17,52.17,1.7028,0.8380,3.399097
150,loot,driving_B_2020.01.16_07.26.43.csv,train/driving_B_2020.01.16_07.26.43.csv#block-000@time-960.000s,block-000,960.000,-48.9362,-48.94,-48.94,0.0000,0.8369,3.572168
151,redandblack,driving_B_2019.12.16_12.27.05.csv,train/driving_B_2019.12.16_12.27.05.csv#block-000@time-1020.000s,block-000,1020.000,51.0671,51.07,51.07,0.6585,0.8358,4.647332
152,soldier,driving_B_2020.02.14_09.38.22.csv,train/driving_B_2020.02.14_09.38.22.csv#block-000@time-1320.000s,block-000,1320.000,-119.9085,-119.91,-119.91,0.0000,0.8348,3.359645
153,longdress,static_B_2019.12.16_13.40.04.csv,train/static_B_2019.12.16_13.40.04.csv#block-000@time-300.000s,block-000,300.000,3.9452,3.95,3.95,0.0000,0.8337,3.695880
154,loot,driving_B_2019.12.17_07.32.39.csv,train/driving_B_2019.12.17_07.32.39.csv#block-000@time-600.000s,block-000,600.000,-13.2058,-13.21,-13.21,0.0000,0.8326,4.878807
155,redandblack,driving_B_2020.01.16_12.10.03.csv,train/driving_B_2020.01.16_12.10.03.csv#block-000@time-300.000s,block-000,300.000,29.7041,29.70,29.70,0.0000,0.8315,5.009865
156,soldier,driving_B_2019.12.16_12.27.05.csv,train/driving_B_2019.12.16_12.27.05.csv#block-000@time-60.000s,block-000,60.000,-45.5076,-45.51,-45.51,0.0000,0.8304,4.191047
157,longdress,static_B_2020.02.14_13.21.26.csv,train/static_B_2020.02.14_13.21.26.csv#block-000@time-60.000s,block-000,60.000,52.4206,52.42,52.42,1.6761,0.8293,3.452241
158,loot,driving_B_2020.02.13_15.02.01.csv,train/driving_B_2020.02.13_15.02.01.csv#block-000@time-3000.000s,block-000,3000.000,-89.9561,-89.96,-89.96,0.0000,0.8282,4.024914
159,redandblack,static_B_2020.02.14_13.21.26.csv,train/static_B_2020.02.14_13.21.26.csv#block-000@time-60.000s,block-000,60.000,39.9572,39.96,39.96,2.4360,0.8271,3.735215
160,soldier,driving_B_2019.12.16_12.27.05.csv,train/driving_B_2019.12.16_12.27.05.csv#block-000@time-840.000s,block-000,840.000,15.7880,15.79,15.79,0.0000,0.8261,3.473174
161,longdress,driving_B_2020.01.16_07.26.43.csv,train/driving_B_2020.01.16_07.26.43.csv#block-000@time-1020.000s,block-000,1020.000,-32.4502,-32.45,-32.45,0.0000,0.8250,4.220383
162,loot,driving_B_2020.02.13_13.03.24.csv,train/driving_B_2020.02.13_13.03.24.csv#block-000@time-420.000s,block-000,420.000,-12.9903,-12.99,-12.99,0.0000,0.8239,3.929756
163,redandblack,driving_B_2020.01.16_07.26.43.csv,train/driving_B_2020.01.16_07.26.43.csv#block-000@time-1080.000s,block-000,1080.000,11.0158,11.02,11.02,0.0000,0.8228,3.903171
164,soldier,static_B_2019.12.16_13.40.04.csv,train/static_B_2019.12.16_13.40.04.csv#block-001@time-835.000s,block-001,835.000,47.3937,47.39,47.39,0.0000,0.8217,4.575089
165,longdress,driving_B_2020.02.27_17.30.15.csv,train/driving_B_2020.02.27_17.30.15.csv#block-002@time-413.000s,block-002,413.000,-615.7857,-615.79,-615.79,0.0000,0.8206,4.090251
166,loot,static_B_2020.02.27_18.39.27.csv,train/static_B_2020.02.27_18.39.27.csv#block-001@time-4212.000s,block-001,4212.000,54.4579,54.46,54.46,2.5543,0.8195,4.214096
167,redandblack,driving_B_2020.02.13_13.03.24.csv,train/driving_B_2020.02.13_13.03.24.csv#block-001@time-1214.000s,block-001,1214.000,-41.0164,-41.02,-41.02,0.0000,0.8184,4.064543
168,soldier,static_B_2020.02.14_13.21.26.csv,train/static_B_2020.02.14_13.21.26.csv#block-000@time-600.000s,block-000,600.000,56.3973,56.40,56.40,1.0177,0.8174,3.804751
169,longdress,driving_B_2020.02.27_17.30.15.csv,train/driving_B_2020.02.27_17.30.15.csv#block-002@time-293.000s,block-002,293.000,-334.3043,-334.30,-334.30,0.0000,0.8163,4.434774
170,loot,driving_B_2020.01.16_07.26.43.csv,train/driving_B_2020.01.16_07.26.43.csv#block-000@time-1140.000s,block-000,1140.000,25.6040,25.60,25.60,0.0000,0.8152,4.131053
171,redandblack,driving_B_2020.02.13_13.03.24.csv,train/driving_B_2020.02.13_13.03.24.csv#block-001@time-1334.000s,block-001,1334.000,-68.1560,-68.16,-68.16,0.0000,0.8141,3.790847
172,soldier,driving_B_2020.02.13_13.03.24.csv,train/driving_B_2020.02.13_13.03.24.csv#block-001@time-1634.000s,block-001,1634.000,-24.2316,-24.23,-24.23,0.0000,0.8130,3.640801
173,longdress,driving_B_2019.12.16_12.27.05.csv,train/driving_B_2019.12.16_12.27.05.csv#block-000@time-600.000s,block-000,600.000,-301.7036,-301.70,-301.70,0.0000,0.8119,4.240209
174,loot,driving_B_2020.01.16_07.26.43.csv,train/driving_B_2020.01.16_07.26.43.csv#block-000@time-600.000s,block-000,600.000,-5.3642,-5.36,-5.36,0.0000,0.8108,3.380562
175,redandblack,driving_B_2020.01.16_12.10.03.csv,train/driving_B_2020.01.16_12.10.03.csv#block-000@time-180.000s,block-000,180.000,57.2879,57.29,57.29,0.9603,0.8097,4.483430
176,soldier,driving_B_2019.12.17_07.32.39.csv,train/driving_B_2019.12.17_07.32.39.csv#block-000@time-300.000s,block-000,300.000,-38.6548,-38.65,-38.65,0.0000,0.8087,4.014761
177,longdress,driving_B_2020.02.14_12.58.17.csv,train/driving_B_2020.02.14_12.58.17.csv#block-002@time-536.000s,block-002,536.000,-248.9936,-248.99,-248.99,0.0000,0.8076,3.728753
178,loot,static_B_2020.02.27_18.39.27.csv,train/static_B_2020.02.27_18.39.27.csv#block-001@time-2232.000s,block-001,2232.000,47.1652,47.17,47.17,0.0000,0.8065,3.720329
179,redandblack,driving_B_2020.02.14_09.38.22.csv,train/driving_B_2020.02.14_09.38.22.csv#block-000@time-420.000s,block-000,420.000,-48.0580,-48.06,-48.06,0.0000,0.8054,3.378099
180,soldier,driving_B_2020.01.16_12.10.03.csv,train/driving_B_2020.01.16_12.10.03.csv#block-000@time-60.000s,block-000,60.000,22.7619,22.76,22.76,0.0000,0.8043,4.057376
181,longdress,driving_B_2020.01.16_09.56.56.csv,train/driving_B_2020.01.16_09.56.56.csv#block-001@time-879.000s,block-001,879.000,44.2026,44.20,44.20,0.0000,0.8032,4.191697
182,loot,driving_B_2020.01.16_12.10.03.csv,train/driving_B_2020.01.16_12.10.03.csv#block-000@time-120.000s,block-000,120.000,56.3891,56.39,56.39,1.7488,0.8021,3.893630
183,redandblack,driving_B_2020.02.13_13.03.24.csv,train/driving_B_2020.02.13_13.03.24.csv#block-000@time-240.000s,block-000,240.000,5.0343,5.03,5.03,0.0000,0.8011,3.308746
184,soldier,driving_B_2019.12.17_07.32.39.csv,train/driving_B_2019.12.17_07.32.39.csv#block-003@time-2074.000s,block-003,2074.000,-11.6276,-11.63,-11.63,0.0000,0.8000,3.919366
185,longdress,driving_B_2020.01.16_12.10.03.csv,train/driving_B_2020.01.16_12.10.03.csv#block-000@time-360.000s,block-000,360.000,52.1947,52.19,52.19,0.8007,0.7989,3.965920
186,loot,driving_B_2020.02.14_09.38.22.csv,train/driving_B_2020.02.14_09.38.22.csv#block-000@time-120.000s,block-000,120.000,-115.7845,-115.78,-115.78,0.0000,0.7978,3.993624
187,redandblack,static_B_2019.12.16_13.40.04.csv,train/static_B_2019.12.16_13.40.04.csv#block-006@time-2172.000s,block-006,2172.000,49.3401,49.34,49.34,2.1069,0.7967,4.127313
188,soldier,driving_B_2019.12.17_07.32.39.csv,train/driving_B_2019.12.17_07.32.39.csv#block-000@time-1080.000s,block-000,1080.000,-5.2198,-5.22,-5.22,0.0000,0.7956,3.482117
189,longdress,driving_B_2020.01.16_09.56.56.csv,train/driving_B_2020.01.16_09.56.56.csv#block-000@time-240.000s,block-000,240.000,18.2458,18.25,18.25,0.0000,0.7945,3.241336
190,loot,driving_B_2020.02.14_12.58.17.csv,train/driving_B_2020.02.14_12.58.17.csv#block-002@time-596.000s,block-002,596.000,-19.1959,-19.20,-19.20,0.0000,0.7934,4.010728
191,redandblack,driving_B_2020.01.16_12.10.03.csv,train/driving_B_2020.01.16_12.10.03.csv#block-000@time-300.000s,block-000,300.000,12.4886,12.49,12.49,0.0000,0.7924,3.997356
192,soldier,driving_B_2020.02.27_17.30.15.csv,train/driving_B_2020.02.27_17.30.15.csv#block-002@time-473.000s,block-002,473.000,-337.2190,-337.22,-337.22,0.0000,0.7913,3.841891
193,longdress,driving_B_2020.02.13_13.03.24.csv,train/driving_B_2020.02.13_13.03.24.csv#block-001@time-1454.000s,block-001,1454.000,-158.1593,-158.16,-158.16,0.0000,0.7902,4.242448
194,loot,driving_B_2019.12.16_12.27.05.csv,train/driving_B_2019.12.16_12.27.05.csv#block-000@time-1020.000s,block-000,1020.000,52.5165,52.52,52.52,1.4911,0.7891,3.688390
195,redandblack,driving_B_2020.01.16_07.26.43.csv,train/driving_B_2020.01.16_07.26.43.csv#block-000@time-1440.000s,block-000,1440.000,1.8525,1.85,1.85,0.0000,0.7880,3.843350
196,soldier,static_B_2020.02.14_13.21.26.csv,train/static_B_2020.02.14_13.21.26.csv#block-000@time-480.000s,block-000,480.000,58.3531,58.35,58.35,1.4219,0.7869,3.423711
197,longdress,static_B_2020.02.14_13.21.26.csv,train/static_B_2020.02.14_13.21.26.csv#block-000@time-960.000s,block-000,960.000,22.7037,22.70,22.70,0.0000,0.7858,3.947618
198,loot,driving_B_2019.12.16_12.27.05.csv,train/driving_B_2019.12.16_12.27.05.csv#block-000@time-120.000s,block-000,120.000,34.8881,34.89,34.89,0.0000,0.7847,4.057600
199,redandblack,driving_B_2020.01.16_09.56.56.csv,train/driving_B_2020.01.16_09.56.56.csv#block-001@time-699.000s,block-001,699.000,60.8679,60.87,60.87,1.3465,0.7837,3.767765
200,soldier,driving_B_2020.02.27_17.30.15.csv,train/driving_B_2020.02.27_17.30.15.csv#block-002@time-293.000s,block-002,293.000,-218.8449,-218.84,-218.84,0.0000,0.7826,3.667820
201,longdress,driving_B_2019.12.16_12.27.05.csv,train/driving_B_2019.12.16_12.27.05.csv#block-000@time-720.000s,block-000,720.000,-38.7011,-38.70,-38.70,0.0000,0.7815,3.634919
202,loot,driving_B_2020.02.13_13.03.24.csv,train/driving_B_2020.02.13_13.03.24.csv#block-001@time-974.000s,block-001,974.000,-25.3701,-25.37,-25.37,0.0000,0.7804,3.466703
203,redandblack,driving_B_2019.12.17_07.32.39.csv,train/driving_B_2019.12.17_07.32.39.csv#block-000@time-840.000s,block-000,840.000,-61.2729,-61.27,-61.27,0.0000,0.7793,3.797808
204,soldier,static_B_2019.12.16_13.40.04.csv,train/static_B_2019.12.16_13.40.04.csv#block-001@time-1135.000s,block-001,1135.000,19.8870,19.89,19.89,0.0000,0.7782,4.370888
205,longdress,driving_B_2019.12.16_12.27.05.csv,train/driving_B_2019.12.16_12.27.05.csv#block-000@time-1140.000s,block-000,1140.000,16.2226,16.22,16.22,0.0000,0.7771,4.160793
206,loot,driving_B_2020.01.16_12.10.03.csv,train/driving_B_2020.01.16_12.10.03.csv#block-000@time-360.000s,block-000,360.000,49.2098,49.21,49.21,2.1665,0.7760,3.982481
207,redandblack,driving_B_2020.01.16_12.10.03.csv,train/driving_B_2020.01.16_12.10.03.csv#block-000@time-120.000s,block-000,120.000,42.6670,42.67,42.67,1.9829,0.7750,3.222412
208,soldier,driving_B_2020.02.14_09.38.22.csv,train/driving_B_2020.02.14_09.38.22.csv#block-000@time-1020.000s,block-000,1020.000,57.3492,57.35,57.35,0.5890,0.7739,3.299489
209,longdress,driving_B_2020.01.16_09.56.56.csv,train/driving_B_2020.01.16_09.56.56.csv#block-001@time-1359.000s,block-001,1359.000,-37.8830,-37.88,-37.88,0.0000,0.7728,3.956611
210,loot,static_B_2020.02.14_13.21.26.csv,train/static_B_2020.02.14_13.21.26.csv#block-000@time-120.000s,block-000,120.000,55.7429,55.74,55.74,1.6478,0.7717,3.948342
211,redandblack,driving_B_2020.01.16_12.10.03.csv,train/driving_B_2020.01.16_12.10.03.csv#block-000@time-60.000s,block-000,60.000,32.3515,32.35,32.35,0.0000,0.7706,3.464775
212,soldier,driving_B_2020.01.16_07.26.43.csv,train/driving_B_2020.01.16_07.26.43.csv#block-000@time-540.000s,block-000,540.000,-71.3063,-71.31,-71.31,0.0000,0.7695,3.353958
213,longdress,driving_B_2019.12.17_07.32.39.csv,train/driving_B_2019.12.17_07.32.39.csv#block-000@time-780.000s,block-000,780.000,-23.0560,-23.06,-23.06,0.0000,0.7684,4.092004
214,loot,static_B_2020.02.27_18.39.27.csv,train/static_B_2020.02.27_18.39.27.csv#block-001@time-1752.000s,block-001,1752.000,55.0370,55.04,55.04,0.0000,0.7673,3.787530
215,redandblack,driving_B_2020.01.16_07.26.43.csv,train/driving_B_2020.01.16_07.26.43.csv#block-000@time-180.000s,block-000,180.000,-226.4320,-226.43,-226.43,0.0000,0.7663,4.056699
216,soldier,driving_B_2020.01.16_07.26.43.csv,train/driving_B_2020.01.16_07.26.43.csv#block-000@time-480.000s,block-000,480.000,-178.0864,-178.09,-178.09,0.0000,0.7652,4.243237
217,longdress,driving_B_2020.01.16_07.26.43.csv,train/driving_B_2020.01.16_07.26.43.csv#block-000@time-1800.000s,block-000,1800.000,-59.1831,-59.18,-59.18,0.0000,0.7641,3.620780
218,loot,driving_B_2019.12.16_12.27.05.csv,train/driving_B_2019.12.16_12.27.05.csv#block-000@time-1140.000s,block-000,1140.000,46.1405,46.14,46.14,0.0000,0.7630,3.347373
219,redandblack,static_B_2020.02.27_18.39.27.csv,train/static_B_2020.02.27_18.39.27.csv#block-001@time-672.000s,block-001,672.000,8.5552,8.56,8.56,2.1528,0.7619,3.977940
220,soldier,driving_B_2020.01.16_12.10.03.csv,train/driving_B_2020.01.16_12.10.03.csv#block-000@time-0.000s,block-000,0.000,56.8564,56.86,56.86,1.5700,0.7608,3.523848
221,longdress,driving_B_2020.02.13_15.02.01.csv,train/driving_B_2020.02.13_15.02.01.csv#block-000@time-1500.000s,block-000,1500.000,-187.5210,-187.52,-187.52,0.0000,0.7597,3.697776
222,loot,driving_B_2020.01.16_12.10.03.csv,train/driving_B_2020.01.16_12.10.03.csv#block-000@time-360.000s,block-000,360.000,51.9119,51.91,51.91,0.0000,0.7586,3.874520
223,redandblack,driving_B_2020.02.13_13.03.24.csv,train/driving_B_2020.02.13_13.03.24.csv#block-001@time-1094.000s,block-001,1094.000,-29.3253,-29.33,-29.33,0.0000,0.7576,3.301853
224,soldier,driving_B_2020.01.16_07.26.43.csv,train/driving_B_2020.01.16_07.26.43.csv#block-000@time-1860.000s,block-000,1860.000,-64.6797,-64.68,-64.68,0.0000,0.7565,3.584585
225,longdress,static_B_2019.12.16_13.40.04.csv,train/static_B_2019.12.16_13.40.04.csv#block-005@time-2006.000s,block-005,2006.000,26.9299,26.93,26.93,0.0000,0.7554,4.160925
226,loot,driving_B_2020.01.16_12.10.03.csv,train/driving_B_2020.01.16_12.10.03.csv#block-000@time-60.000s,block-000,60.000,60.1141,60.11,60.11,0.0000,0.7543,3.999240
227,redandblack,driving_B_2020.02.14_12.58.17.csv,train/driving_B_2020.02.14_12.58.17.csv#block-002@time-596.000s,block-002,596.000,-53.4929,-53.49,-53.49,0.0000,0.7532,3.902317
228,soldier,driving_B_2020.01.16_12.10.03.csv,train/driving_B_2020.01.16_12.10.03.csv#block-000@time-0.000s,block-000,0.000,45.1360,45.14,45.14,1.4480,0.7521,3.353235
229,longdress,driving_B_2020.02.13_13.03.24.csv,train/driving_B_2020.02.13_13.03.24.csv#block-001@time-1574.000s,block-001,1574.000,-53.9170,-53.92,-53.92,0.0000,0.7510,4.751260
230,loot,driving_B_2020.01.16_09.56.56.csv,train/driving_B_2020.01.16_09.56.56.csv#block-001@time-999.000s,block-001,999.000,-26.0101,-26.01,-26.01,0.0000,0.7499,3.991298
231,redandblack,driving_B_2020.02.13_15.02.01.csv,train/driving_B_2020.02.13_15.02.01.csv#block-000@time-1680.000s,block-000,1680.000,-118.2589,-118.26,-118.26,0.0000,0.7489,3.683466
232,soldier,static_B_2020.02.27_18.39.27.csv,train/static_B_2020.02.27_18.39.27.csv#block-001@time-3552.000s,block-001,3552.000,-45.1804,-45.18,-45.18,0.0000,0.7478,3.863074
233,longdress,static_B_2020.02.14_13.21.26.csv,train/static_B_2020.02.14_13.21.26.csv#block-000@time-360.000s,block-000,360.000,62.3800,62.38,62.38,0.0000,0.7467,3.754153
234,loot,static_B_2019.12.16_13.40.04.csv,train/static_B_2019.12.16_13.40.04.csv#block-005@time-1826.000s,block-005,1826.000,37.9756,37.98,37.98,0.0505,0.7456,3.708459
235,redandblack,driving_B_2020.02.14_09.38.22.csv,train/driving_B_2020.02.14_09.38.22.csv#block-000@time-0.000s,block-000,0.000,-93.4758,-93.48,-93.48,0.0000,0.7445,4.834440
236,soldier,driving_B_2020.02.13_15.02.01.csv,train/driving_B_2020.02.13_15.02.01.csv#block-000@time-2100.000s,block-000,2100.000,0.3425,0.34,0.34,0.0000,0.7434,3.829798
237,longdress,static_B_2020.02.27_18.39.27.csv,train/static_B_2020.02.27_18.39.27.csv#block-001@time-5952.000s,block-001,5952.000,32.8758,32.88,32.88,0.0000,0.7423,3.163785
238,loot,static_B_2020.02.27_18.39.27.csv,train/static_B_2020.02.27_18.39.27.csv#block-001@time-4392.000s,block-001,4392.000,22.2346,22.23,22.23,0.0000,0.7412,4.378228
239,redandblack,driving_B_2020.01.16_09.56.56.csv,train/driving_B_2020.01.16_09.56.56.csv#block-001@time-579.000s,block-001,579.000,42.7700,42.77,42.77,0.0000,0.7402,3.717697
240,soldier,driving_B_2020.02.13_13.03.24.csv,train/driving_B_2020.02.13_13.03.24.csv#block-000@time-360.000s,block-000,360.000,-135.3277,-135.33,-135.33,0.0000,0.7391,3.988309
241,longdress,static_B_2019.12.16_13.40.04.csv,train/static_B_2019.12.16_13.40.04.csv#block-001@time-715.000s,block-001,715.000,22.1505,22.15,22.15,0.0000,0.7380,3.684433
242,loot,static_B_2020.02.27_18.39.27.csv,train/static_B_2020.02.27_18.39.27.csv#block-001@time-6312.000s,block-001,6312.000,59.1884,59.19,59.19,0.6123,0.7369,4.135486
243,redandblack,driving_B_2020.01.16_12.10.03.csv,train/driving_B_2020.01.16_12.10.03.csv#block-000@time-120.000s,block-000,120.000,61.3708,61.37,61.37,1.5823,0.7358,3.547783
244,soldier,driving_B_2020.01.16_07.26.43.csv,train/driving_B_2020.01.16_07.26.43.csv#block-000@time-420.000s,block-000,420.000,-269.7501,-269.75,-269.75,0.0000,0.7347,3.396575
245,longdress,driving_B_2020.02.13_13.03.24.csv,train/driving_B_2020.02.13_13.03.24.csv#block-000@time-660.000s,block-000,660.000,-60.4130,-60.41,-60.41,0.0000,0.7336,3.825878
246,loot,driving_B_2020.02.13_13.03.24.csv,train/driving_B_2020.02.13_13.03.24.csv#block-001@time-1274.000s,block-001,1274.000,-5.3678,-5.37,-5.37,0.0000,0.7325,3.813550
247,redandblack,driving_B_2020.02.14_09.38.22.csv,train/driving_B_2020.02.14_09.38.22.csv#block-000@time-840.000s,block-000,840.000,-19.1838,-19.18,-19.18,0.0000,0.7315,3.831822
248,soldier,driving_B_2019.12.16_12.27.05.csv,train/driving_B_2019.12.16_12.27.05.csv#block-000@time-600.000s,block-000,600.000,-50.7035,-50.70,-50.70,0.0000,0.7304,3.463082
249,longdress,driving_B_2020.01.16_09.56.56.csv,train/driving_B_2020.01.16_09.56.56.csv#block-001@time-759.000s,block-001,759.000,18.1385,18.14,18.14,0.0000,0.7293,3.757703
250,loot,driving_B_2019.12.16_12.27.05.csv,train/driving_B_2019.12.16_12.27.05.csv#block-000@time-0.000s,block-000,0.000,25.2438,25.24,25.24,0.0000,0.7282,3.915800
251,redandblack,driving_B_2020.02.14_12.58.17.csv,train/driving_B_2020.02.14_12.58.17.csv#block-002@time-536.000s,block-002,536.000,-174.4253,-174.43,-174.43,0.0000,0.7271,3.607406
252,soldier,driving_B_2020.02.13_13.03.24.csv,train/driving_B_2020.02.13_13.03.24.csv#block-000@time-300.000s,block-000,300.000,-41.6089,-41.61,-41.61,0.0000,0.7260,3.591521
253,longdress,static_B_2020.02.14_13.21.26.csv,train/static_B_2020.02.14_13.21.26.csv#block-000@time-540.000s,block-000,540.000,53.3750,53.37,53.37,0.0000,0.7249,3.727058
254,loot,driving_B_2020.02.27_17.30.15.csv,train/driving_B_2020.02.27_17.30.15.csv#block-002@time-533.000s,block-002,533.000,-98.4872,-98.49,-98.49,0.0000,0.7238,3.993806
255,redandblack,driving_B_2019.12.16_12.27.05.csv,train/driving_B_2019.12.16_12.27.05.csv#block-000@time-60.000s,block-000,60.000,-6.7684,-6.77,-6.77,0.0000,0.7228,3.744924
256,soldier,driving_B_2019.12.16_12.27.05.csv,train/driving_B_2019.12.16_12.27.05.csv#block-000@time-420.000s,block-000,420.000,-402.0127,-402.01,-402.01,0.0000,0.7217,3.899239
257,longdress,driving_B_2020.02.14_09.38.22.csv,train/driving_B_2020.02.14_09.38.22.csv#block-000@time-900.000s,block-000,900.000,-144.4811,-144.48,-144.48,0.0000,0.7206,3.969525
258,loot,driving_B_2020.01.16_07.26.43.csv,train/driving_B_2020.01.16_07.26.43.csv#block-000@time-1320.000s,block-000,1320.000,5.6823,5.68,5.68,0.0000,0.7195,3.880467
259,redandblack,driving_B_2020.02.13_15.02.01.csv,train/driving_B_2020.02.13_15.02.01.csv#block-000@time-1380.000s,block-000,1380.000,25.8150,25.82,25.82,0.0000,0.7184,3.831616
260,soldier,driving_B_2020.02.14_09.38.22.csv,train/driving_B_2020.02.14_09.38.22.csv#block-000@time-300.000s,block-000,300.000,-273.4416,-273.44,-273.44,0.0000,0.7173,3.837421
261,longdress,driving_B_2020.01.16_07.26.43.csv,train/driving_B_2020.01.16_07.26.43.csv#block-000@time-840.000s,block-000,840.000,13.7593,13.76,13.76,0.0000,0.7162,4.006345
262,loot,driving_B_2020.02.13_13.03.24.csv,train/driving_B_2020.02.13_13.03.24.csv#block-001@time-1814.000s,block-001,1814.000,-19.5596,-19.56,-19.56,0.0000,0.7151,3.858549
263,redandblack,driving_B_2020.02.13_15.02.01.csv,train/driving_B_2020.02.13_15.02.01.csv#block-000@time-360.000s,block-000,360.000,50.3157,50.32,50.32,0.0000,0.7141,3.845339
264,soldier,driving_B_2020.02.27_17.30.15.csv,train/driving_B_2020.02.27_17.30.15.csv#block-002@time-413.000s,block-002,413.000,-536.7616,-536.76,-536.76,0.0000,0.7130,3.276007
265,longdress,driving_B_2019.12.16_12.27.05.csv,train/driving_B_2019.12.16_12.27.05.csv#block-000@time-300.000s,block-000,300.000,-54.6506,-54.65,-54.65,0.0000,0.7119,3.943998
266,loot,driving_B_2020.02.14_12.58.17.csv,train/driving_B_2020.02.14_12.58.17.csv#block-002@time-656.000s,block-002,656.000,11.0971,11.10,11.10,0.0000,0.7108,4.177122
267,redandblack,driving_B_2020.02.14_09.38.22.csv,train/driving_B_2020.02.14_09.38.22.csv#block-000@time-1260.000s,block-000,1260.000,-38.3363,-38.34,-38.34,0.0000,0.7097,3.981550
268,soldier,driving_B_2019.12.16_12.27.05.csv,train/driving_B_2019.12.16_12.27.05.csv#block-000@time-420.000s,block-000,420.000,-180.6813,-180.68,-180.68,0.0000,0.7086,4.170116
269,longdress,driving_B_2020.01.16_07.26.43.csv,train/driving_B_2020.01.16_07.26.43.csv#block-000@time-240.000s,block-000,240.000,-49.6375,-49.64,-49.64,0.0000,0.7075,4.066240
270,loot,driving_B_2020.02.13_13.03.24.csv,train/driving_B_2020.02.13_13.03.24.csv#block-001@time-1514.000s,block-001,1514.000,-84.4317,-84.43,-84.43,0.0000,0.7064,3.552602
271,redandblack,driving_B_2019.12.17_07.32.39.csv,train/driving_B_2019.12.17_07.32.39.csv#block-003@time-1954.000s,block-003,1954.000,-58.2876,-58.29,-58.29,0.0000,0.7054,3.949857
272,soldier,driving_B_2020.02.14_12.58.17.csv,train/driving_B_2020.02.14_12.58.17.csv#block-002@time-656.000s,block-002,656.000,0.5213,0.52,0.52,0.0000,0.7043,4.384224
273,longdress,driving_B_2020.01.16_07.26.43.csv,train/driving_B_2020.01.16_07.26.43.csv#block-000@time-0.000s,block-000,0.000,-46.6006,-46.60,-46.60,0.0000,0.7032,3.900548
274,loot,driving_B_2020.02.14_09.38.22.csv,train/driving_B_2020.02.14_09.38.22.csv#block-000@time-780.000s,block-000,780.000,33.1045,33.10,33.10,1.6842,0.7021,4.258735
275,redandblack,driving_B_2020.02.13_15.02.01.csv,train/driving_B_2020.02.13_15.02.01.csv#block-000@time-900.000s,block-000,900.000,-56.6216,-56.62,-56.62,0.0000,0.7010,3.846714
276,soldier,driving_B_2020.01.16_09.56.56.csv,train/driving_B_2020.01.16_09.56.56.csv#block-001@time-639.000s,block-001,639.000,28.3744,28.37,28.37,0.0000,0.6999,3.829728
277,longdress,driving_B_2020.01.16_12.10.03.csv,train/driving_B_2020.01.16_12.10.03.csv#block-000@time-60.000s,block-000,60.000,55.0352,55.04,55.04,0.0000,0.6988,3.411264
278,loot,driving_B_2020.02.13_15.02.01.csv,train/driving_B_2020.02.13_15.02.01.csv#block-000@time-2520.000s,block-000,2520.000,-7.1812,-7.18,-7.18,0.0000,0.6977,4.304314
279,redandblack,driving_B_2019.12.17_07.32.39.csv,train/driving_B_2019.12.17_07.32.39.csv#block-004@time-2237.000s,block-004,2237.000,-13.6628,-13.66,-13.66,0.0000,0.6967,4.086612
280,soldier,driving_B_2020.01.16_09.56.56.csv,train/driving_B_2020.01.16_09.56.56.csv#block-001@time-1119.000s,block-001,1119.000,61.2648,61.26,61.26,1.4264,0.6956,3.580515
281,longdress,driving_B_2019.12.16_12.27.05.csv,train/driving_B_2019.12.16_12.27.05.csv#block-000@time-1200.000s,block-000,1200.000,-9.1336,-9.13,-9.13,0.0000,0.6945,3.842697
282,loot,driving_B_2019.12.17_07.32.39.csv,train/driving_B_2019.12.17_07.32.39.csv#block-000@time-720.000s,block-000,720.000,-18.5898,-18.59,-18.59,0.0000,0.6934,4.137204
283,redandblack,driving_B_2020.02.14_09.38.22.csv,train/driving_B_2020.02.14_09.38.22.csv#block-000@time-480.000s,block-000,480.000,-38.0593,-38.06,-38.06,0.0000,0.6923,3.548744
284,soldier,driving_B_2020.02.13_15.02.01.csv,train/driving_B_2020.02.13_15.02.01.csv#block-000@time-1440.000s,block-000,1440.000,-387.8015,-387.80,-387.80,0.0000,0.6912,3.632124
285,longdress,driving_B_2020.02.27_17.30.15.csv,train/driving_B_2020.02.27_17.30.15.csv#block-002@time-293.000s,block-002,293.000,-331.2740,-331.27,-331.27,0.0000,0.6901,3.918853
286,loot,static_B_2019.12.16_13.40.04.csv,train/static_B_2019.12.16_13.40.04.csv#block-001@time-1075.000s,block-001,1075.000,45.8994,45.90,45.90,0.0000,0.6890,3.985224
287,redandblack,driving_B_2020.01.16_12.10.03.csv,train/driving_B_2020.01.16_12.10.03.csv#block-000@time-180.000s,block-000,180.000,59.5867,59.59,59.59,1.1969,0.6880,3.726146
288,soldier,driving_B_2020.02.13_15.02.01.csv,train/driving_B_2020.02.13_15.02.01.csv#block-000@time-1320.000s,block-000,1320.000,24.7057,24.71,24.71,0.0000,0.6869,3.861928
289,longdress,static_B_2020.02.27_18.39.27.csv,train/static_B_2020.02.27_18.39.27.csv#block-001@time-1872.000s,block-001,1872.000,52.7613,52.76,52.76,0.0000,0.6858,4.158702
290,loot,driving_B_2020.02.13_13.03.24.csv,train/driving_B_2020.02.13_13.03.24.csv#block-000@time-540.000s,block-000,540.000,-28.5589,-28.56,-28.56,0.0000,0.6847,3.865020
291,redandblack,driving_B_2020.02.13_13.03.24.csv,train/driving_B_2020.02.13_13.03.24.csv#block-001@time-1034.000s,block-001,1034.000,-6.9186,-6.92,-6.92,0.0000,0.6836,3.710354
292,soldier,driving_B_2020.02.14_12.58.17.csv,train/driving_B_2020.02.14_12.58.17.csv#block-000@time-0.000s,block-000,0.000,-47.2933,-47.29,-47.29,0.0000,0.6825,3.582249
293,longdress,driving_B_2020.02.13_15.02.01.csv,train/driving_B_2020.02.13_15.02.01.csv#block-000@time-660.000s,block-000,660.000,-6.2650,-6.26,-6.26,0.0000,0.6814,4.178930
294,loot,static_B_2020.02.14_13.21.26.csv,train/static_B_2020.02.14_13.21.26.csv#block-000@time-900.000s,block-000,900.000,59.4442,59.44,59.44,1.1790,0.6803,4.022079
295,redandblack,static_B_2019.12.16_13.40.04.csv,train/static_B_2019.12.16_13.40.04.csv#block-000@time-420.000s,block-000,420.000,56.3642,56.36,56.36,0.0000,0.6793,3.572572
296,soldier,driving_B_2020.01.16_09.56.56.csv,train/driving_B_2020.01.16_09.56.56.csv#block-001@time-1479.000s,block-001,1479.000,23.9385,23.94,23.94,0.0000,0.6782,4.180075
297,longdress,driving_B_2019.12.17_07.32.39.csv,train/driving_B_2019.12.17_07.32.39.csv#block-004@time-2537.000s,block-004,2537.000,70.1841,70.18,70.18,1.3850,0.6771,4.019222
298,loot,driving_B_2020.02.14_09.38.22.csv,train/driving_B_2020.02.14_09.38.22.csv#block-000@time-720.000s,block-000,720.000,61.0361,61.04,61.04,2.2476,0.6760,3.284236
299,redandblack,driving_B_2019.12.16_12.27.05.csv,train/driving_B_2019.12.16_12.27.05.csv#block-000@time-1200.000s,block-000,1200.000,-3.8926,-3.89,-3.89,0.0000,0.6749,3.764729
300,soldier,driving_B_2020.01.16_12.10.03.csv,train/driving_B_2020.01.16_12.10.03.csv#block-000@time-180.000s,block-000,180.000,57.0782,57.08,57.08,0.3204,0.6738,4.606399
301,longdress,driving_B_2019.12.17_07.32.39.csv,train/driving_B_2019.12.17_07.32.39.csv#block-004@time-2477.000s,block-004,2477.000,45.6434,45.64,45.64,0.0000,0.6727,3.719484
302,loot,driving_B_2020.01.16_09.56.56.csv,train/driving_B_2020.01.16_09.56.56.csv#block-001@time-579.000s,block-001,579.000,40.1210,40.12,40.12,0.0000,0.6716,4.037770
303,redandblack,static_B_2020.02.27_18.39.27.csv,train/static_B_2020.02.27_18.39.27.csv#block-001@time-5532.000s,block-001,5532.000,75.7860,75.79,75.79,0.6297,0.6706,3.593189
304,soldier,static_B_2020.02.27_18.39.27.csv,train/static_B_2020.02.27_18.39.27.csv#block-001@time-4572.000s,block-001,4572.000,17.3705,17.37,17.37,0.0000,0.6695,4.599188
305,longdress,static_B_2020.02.14_13.21.26.csv,train/static_B_2020.02.14_13.21.26.csv#block-000@time-120.000s,block-000,120.000,61.2279,61.23,61.23,0.6734,0.6684,4.469613
306,loot,driving_B_2020.02.13_15.02.01.csv,train/driving_B_2020.02.13_15.02.01.csv#block-000@time-2820.000s,block-000,2820.000,55.3434,55.34,55.34,0.6985,0.6673,3.784056
307,redandblack,driving_B_2020.02.27_17.30.15.csv,train/driving_B_2020.02.27_17.30.15.csv#block-002@time-353.000s,block-002,353.000,-140.4670,-140.47,-140.47,0.0000,0.6662,3.982787
308,soldier,driving_B_2020.02.27_17.30.15.csv,train/driving_B_2020.02.27_17.30.15.csv#block-002@time-533.000s,block-002,533.000,-261.0988,-261.10,-261.10,0.0000,0.6651,3.710149
309,longdress,driving_B_2020.01.16_07.26.43.csv,train/driving_B_2020.01.16_07.26.43.csv#block-000@time-120.000s,block-000,120.000,-21.6155,-21.62,-21.62,0.0000,0.6640,4.380176
310,loot,driving_B_2020.01.16_09.56.56.csv,train/driving_B_2020.01.16_09.56.56.csv#block-000@time-120.000s,block-000,120.000,-97.0930,-97.09,-97.09,0.0000,0.6629,4.477981
311,redandblack,static_B_2019.12.16_13.40.04.csv,train/static_B_2019.12.16_13.40.04.csv#block-001@time-655.000s,block-001,655.000,46.7508,46.75,46.75,0.0000,0.6619,3.681897
312,soldier,driving_B_2020.02.13_15.02.01.csv,train/driving_B_2020.02.13_15.02.01.csv#block-000@time-420.000s,block-000,420.000,50.7177,50.72,50.72,1.7881,0.6608,4.013778
313,longdress,driving_B_2020.02.14_09.38.22.csv,train/driving_B_2020.02.14_09.38.22.csv#block-000@time-960.000s,block-000,960.000,41.8441,41.84,41.84,1.7207,0.6597,4.340485
314,loot,driving_B_2019.12.16_12.27.05.csv,train/driving_B_2019.12.16_12.27.05.csv#block-000@time-180.000s,block-000,180.000,-30.1869,-30.19,-30.19,0.0000,0.6586,3.715535
315,redandblack,driving_B_2019.12.16_12.27.05.csv,train/driving_B_2019.12.16_12.27.05.csv#block-000@time-0.000s,block-000,0.000,18.3807,18.38,18.38,0.0000,0.6575,4.368507
316,soldier,driving_B_2020.02.13_13.03.24.csv,train/driving_B_2020.02.13_13.03.24.csv#block-000@time-120.000s,block-000,120.000,-40.9951,-41.00,-41.00,0.0000,0.6564,4.095450
317,longdress,driving_B_2020.02.27_17.30.15.csv,train/driving_B_2020.02.27_17.30.15.csv#block-002@time-533.000s,block-002,533.000,-87.5377,-87.54,-87.54,0.0000,0.6553,3.855966
318,loot,driving_B_2019.12.16_12.27.05.csv,train/driving_B_2019.12.16_12.27.05.csv#block-000@time-240.000s,block-000,240.000,25.0186,25.02,25.02,0.0000,0.6542,3.597441
319,redandblack,driving_B_2020.02.27_17.30.15.csv,train/driving_B_2020.02.27_17.30.15.csv#block-002@time-533.000s,block-002,533.000,-20.4971,-20.50,-20.50,0.0000,0.6532,3.790810
320,soldier,driving_B_2020.02.13_15.02.01.csv,train/driving_B_2020.02.13_15.02.01.csv#block-000@time-1080.000s,block-000,1080.000,-65.5615,-65.56,-65.56,0.0000,0.6521,4.084250
321,longdress,driving_B_2019.12.16_12.27.05.csv,train/driving_B_2019.12.16_12.27.05.csv#block-000@time-1260.000s,block-000,1260.000,56.5406,56.54,56.54,0.8182,0.6510,3.940353
322,loot,driving_B_2020.01.16_12.10.03.csv,train/driving_B_2020.01.16_12.10.03.csv#block-000@time-0.000s,block-000,0.000,62.7278,62.73,62.73,2.4467,0.6499,3.932235
323,redandblack,driving_B_2020.01.16_09.56.56.csv,train/driving_B_2020.01.16_09.56.56.csv#block-000@time-0.000s,block-000,0.000,13.6420,13.64,13.64,0.0000,0.6488,4.079787
324,soldier,static_B_2019.12.16_13.40.04.csv,train/static_B_2019.12.16_13.40.04.csv#block-001@time-595.000s,block-001,595.000,66.9981,67.00,67.00,0.0000,0.6477,3.888679
325,longdress,driving_B_2020.01.16_12.10.03.csv,train/driving_B_2020.01.16_12.10.03.csv#block-000@time-240.000s,block-000,240.000,67.1566,67.16,67.16,1.4268,0.6466,4.337220
326,loot,driving_B_2019.12.16_12.27.05.csv,train/driving_B_2019.12.16_12.27.05.csv#block-000@time-1080.000s,block-000,1080.000,64.7976,64.80,64.80,0.0000,0.6455,3.852053
327,redandblack,driving_B_2019.12.16_12.27.05.csv,train/driving_B_2019.12.16_12.27.05.csv#block-000@time-540.000s,block-000,540.000,-109.0410,-109.04,-109.04,0.0000,0.6445,3.760498
328,soldier,driving_B_2020.02.13_15.02.01.csv,train/driving_B_2020.02.13_15.02.01.csv#block-000@time-60.000s,block-000,60.000,55.5315,55.53,55.53,0.0000,0.6434,3.964198
329,longdress,driving_B_2019.12.17_07.32.39.csv,train/driving_B_2019.12.17_07.32.39.csv#block-003@time-1714.000s,block-003,1714.000,-44.0744,-44.07,-44.07,0.0000,0.6423,3.694434
330,loot,driving_B_2020.02.13_13.03.24.csv,train/driving_B_2020.02.13_13.03.24.csv#block-000@time-180.000s,block-000,180.000,-45.2855,-45.29,-45.29,0.0000,0.6412,3.849163
331,redandblack,static_B_2020.02.27_18.39.27.csv,train/static_B_2020.02.27_18.39.27.csv#block-001@time-1272.000s,block-001,1272.000,28.7030,28.70,28.70,0.0000,0.6401,3.890765
332,soldier,driving_B_2019.12.17_07.32.39.csv,train/driving_B_2019.12.17_07.32.39.csv#block-000@time-1440.000s,block-000,1440.000,55.1467,55.15,55.15,1.8323,0.6390,3.932927
333,longdress,static_B_2019.12.16_13.40.04.csv,train/static_B_2019.12.16_13.40.04.csv#block-005@time-1406.000s,block-005,1406.000,-10.8646,-10.86,-10.86,0.0000,0.6379,4.126101
334,loot,driving_B_2020.01.16_12.10.03.csv,train/driving_B_2020.01.16_12.10.03.csv#block-000@time-360.000s,block-000,360.000,61.8616,61.86,61.86,0.6322,0.6368,4.384507
335,redandblack,driving_B_2019.12.17_07.32.39.csv,train/driving_B_2019.12.17_07.32.39.csv#block-003@time-2134.000s,block-003,2134.000,33.6592,33.66,33.66,0.0000,0.6358,4.344765
336,soldier,driving_B_2020.02.14_09.38.22.csv,train/driving_B_2020.02.14_09.38.22.csv#block-000@time-1500.000s,block-000,1500.000,-119.8368,-119.84,-119.84,0.0000,0.6347,4.148327
337,longdress,static_B_2019.12.16_13.40.04.csv,train/static_B_2019.12.16_13.40.04.csv#block-000@time-180.000s,block-000,180.000,33.0170,33.02,33.02,1.4091,0.6336,3.678629
338,loot,driving_B_2020.02.13_13.03.24.csv,train/driving_B_2020.02.13_13.03.24.csv#block-001@time-1874.000s,block-001,1874.000,-128.6961,-128.70,-128.70,0.0000,0.6325,4.331499
339,redandblack,driving_B_2020.01.16_09.56.56.csv,train/driving_B_2020.01.16_09.56.56.csv#block-000@time-60.000s,block-000,60.000,-70.4520,-70.45,-70.45,0.0000,0.6314,3.405770
340,soldier,static_B_2019.12.16_13.40.04.csv,train/static_B_2019.12.16_13.40.04.csv#block-005@time-1526.000s,block-005,1526.000,37.8470,37.85,37.85,0.0000,0.6303,4.172011
341,longdress,driving_B_2020.01.16_09.56.56.csv,train/driving_B_2020.01.16_09.56.56.csv#block-001@time-819.000s,block-001,819.000,36.0238,36.02,36.02,0.0000,0.6292,4.085799
342,loot,driving_B_2020.02.13_13.03.24.csv,train/driving_B_2020.02.13_13.03.24.csv#block-000@time-60.000s,block-000,60.000,-13.4377,-13.44,-13.44,0.0000,0.6281,4.337562
343,redandblack,driving_B_2020.02.13_15.02.01.csv,train/driving_B_2020.02.13_15.02.01.csv#block-000@time-1020.000s,block-000,1020.000,58.9183,58.92,58.92,1.9392,0.6271,3.399769
344,soldier,driving_B_2020.02.14_12.58.17.csv,train/driving_B_2020.02.14_12.58.17.csv#block-002@time-536.000s,block-002,536.000,-274.9814,-274.98,-274.98,0.0000,0.6260,3.830707
345,longdress,driving_B_2020.02.27_17.30.15.csv,train/driving_B_2020.02.27_17.30.15.csv#block-002@time-473.000s,block-002,473.000,-362.3506,-362.35,-362.35,0.0000,0.6249,4.166327
346,loot,driving_B_2020.02.14_12.58.17.csv,train/driving_B_2020.02.14_12.58.17.csv#block-002@time-596.000s,block-002,596.000,-17.4546,-17.45,-17.45,0.0000,0.6238,4.264111
347,redandblack,driving_B_2020.02.13_15.02.01.csv,train/driving_B_2020.02.13_15.02.01.csv#block-000@time-2040.000s,block-000,2040.000,47.7799,47.78,47.78,0.8272,0.6227,4.052005
348,soldier,driving_B_2020.01.16_09.56.56.csv,train/driving_B_2020.01.16_09.56.56.csv#block-001@time-1659.000s,block-001,1659.000,56.0544,56.05,56.05,1.6232,0.6216,4.360219
349,longdress,driving_B_2020.01.16_09.56.56.csv,train/driving_B_2020.01.16_09.56.56.csv#block-001@time-1419.000s,block-001,1419.000,32.5496,32.55,32.55,0.0000,0.6205,3.757900
350,loot,driving_B_2020.01.16_07.26.43.csv,train/driving_B_2020.01.16_07.26.43.csv#block-000@time-1620.000s,block-000,1620.000,-46.7178,-46.72,-46.72,0.0000,0.6194,3.730094
351,redandblack,driving_B_2020.02.14_12.58.17.csv,train/driving_B_2020.02.14_12.58.17.csv#block-000@time-0.000s,block-000,0.000,-17.9642,-17.96,-17.96,0.0000,0.6184,3.995179
352,soldier,driving_B_2020.01.16_12.10.03.csv,train/driving_B_2020.01.16_12.10.03.csv#block-000@time-240.000s,block-000,240.000,60.9709,60.97,60.97,1.0672,0.6173,3.636160
353,longdress,driving_B_2020.02.13_13.03.24.csv,train/driving_B_2020.02.13_13.03.24.csv#block-001@time-1754.000s,block-001,1754.000,-31.3891,-31.39,-31.39,0.0000,0.6162,4.457333
354,loot,static_B_2020.02.27_18.39.27.csv,train/static_B_2020.02.27_18.39.27.csv#block-001@time-4752.000s,block-001,4752.000,71.9792,71.98,71.98,1.3753,0.6151,3.719259
355,redandblack,driving_B_2019.12.16_12.27.05.csv,train/driving_B_2019.12.16_12.27.05.csv#block-000@time-960.000s,block-000,960.000,50.9811,50.98,50.98,2.0597,0.6140,4.132353
356,soldier,static_B_2019.12.16_13.40.04.csv,train/static_B_2019.12.16_13.40.04.csv#block-005@time-1946.000s,block-005,1946.000,64.8726,64.87,64.87,0.0000,0.6129,3.994706
357,longdress,driving_B_2020.02.14_09.38.22.csv,train/driving_B_2020.02.14_09.38.22.csv#block-000@time-660.000s,block-000,660.000,20.9096,20.91,20.91,0.0000,0.6118,3.979898
358,loot,driving_B_2020.02.14_12.58.17.csv,train/driving_B_2020.02.14_12.58.17.csv#block-002@time-536.000s,block-002,536.000,-170.4098,-170.41,-170.41,0.0000,0.6107,3.915539
359,redandblack,static_B_2020.02.27_18.39.27.csv,train/static_B_2020.02.27_18.39.27.csv#block-001@time-1032.000s,block-001,1032.000,55.0631,55.06,55.06,0.0000,0.6097,3.679994
360,soldier,driving_B_2020.02.13_13.03.24.csv,train/driving_B_2020.02.13_13.03.24.csv#block-001@time-1154.000s,block-001,1154.000,-82.4754,-82.48,-82.48,0.0000,0.6086,3.640642
361,longdress,static_B_2019.12.16_13.40.04.csv,train/static_B_2019.12.16_13.40.04.csv#block-005@time-1766.000s,block-005,1766.000,54.9264,54.93,54.93,0.8419,0.6075,4.191711
362,loot,driving_B_2020.01.16_07.26.43.csv,train/driving_B_2020.01.16_07.26.43.csv#block-000@time-1500.000s,block-000,1500.000,-29.8221,-29.82,-29.82,0.0000,0.6064,3.936826
363,redandblack,driving_B_2020.01.16_09.56.56.csv,train/driving_B_2020.01.16_09.56.56.csv#block-001@time-759.000s,block-001,759.000,9.3941,9.39,9.39,0.0000,0.6053,3.619189
364,soldier,static_B_2020.02.14_13.21.26.csv,train/static_B_2020.02.14_13.21.26.csv#block-000@time-780.000s,block-000,780.000,63.7274,63.73,63.73,1.6533,0.6042,3.683101
365,longdress,driving_B_2019.12.16_12.27.05.csv,train/driving_B_2019.12.16_12.27.05.csv#block-000@time-360.000s,block-000,360.000,-1.3560,-1.36,-1.36,0.0000,0.6031,4.386686
366,loot,driving_B_2020.02.27_17.30.15.csv,train/driving_B_2020.02.27_17.30.15.csv#block-002@time-473.000s,block-002,473.000,-336.2886,-336.29,-336.29,0.0000,0.6020,3.588802
367,redandblack,static_B_2020.02.14_13.21.26.csv,train/static_B_2020.02.14_13.21.26.csv#block-000@time-720.000s,block-000,720.000,79.8924,79.89,79.89,0.0000,0.6010,4.624768
368,soldier,driving_B_2020.02.13_13.03.24.csv,train/driving_B_2020.02.13_13.03.24.csv#block-001@time-1934.000s,block-001,1934.000,-1.8058,-1.81,-1.81,0.0000,0.5999,3.976769
369,longdress,static_B_2020.02.14_13.21.26.csv,train/static_B_2020.02.14_13.21.26.csv#block-000@time-1020.000s,block-000,1020.000,74.9753,74.98,74.98,0.2574,0.5988,4.045449
370,loot,driving_B_2020.02.27_17.30.15.csv,train/driving_B_2020.02.27_17.30.15.csv#block-002@time-413.000s,block-002,413.000,-61.7475,-61.75,-61.75,0.0000,0.5977,4.002324
371,redandblack,static_B_2020.02.27_18.39.27.csv,train/static_B_2020.02.27_18.39.27.csv#block-001@time-3072.000s,block-001,3072.000,45.8837,45.88,45.88,0.8022,0.5966,3.948347
372,soldier,static_B_2020.02.14_13.21.26.csv,train/static_B_2020.02.14_13.21.26.csv#block-000@time-900.000s,block-000,900.000,41.7779,41.78,41.78,0.0000,0.5955,3.962620
373,longdress,static_B_2020.02.14_13.21.26.csv,train/static_B_2020.02.14_13.21.26.csv#block-000@time-420.000s,block-000,420.000,77.3436,77.34,77.34,0.5319,0.5944,3.736605
374,loot,driving_B_2020.02.27_17.30.15.csv,train/driving_B_2020.02.27_17.30.15.csv#block-002@time-293.000s,block-002,293.000,-268.0264,-268.03,-268.03,0.0000,0.5933,4.006897
375,redandblack,driving_B_2020.02.14_09.38.22.csv,train/driving_B_2020.02.14_09.38.22.csv#block-000@time-60.000s,block-000,60.000,3.6945,3.69,3.69,0.0000,0.5923,4.217496
376,soldier,static_B_2019.12.16_13.40.04.csv,train/static_B_2019.12.16_13.40.04.csv#block-001@time-775.000s,block-001,775.000,63.1997,63.20,63.20,1.4897,0.5912,4.009246
377,longdress,driving_B_2020.01.16_07.26.43.csv,train/driving_B_2020.01.16_07.26.43.csv#block-000@time-1380.000s,block-000,1380.000,-50.9461,-50.95,-50.95,0.0000,0.5901,3.211670
378,loot,driving_B_2020.02.13_15.02.01.csv,train/driving_B_2020.02.13_15.02.01.csv#block-000@time-2880.000s,block-000,2880.000,61.2267,61.23,61.23,0.4995,0.5890,3.831933
379,redandblack,driving_B_2019.12.16_12.27.05.csv,train/driving_B_2019.12.16_12.27.05.csv#block-000@time-360.000s,block-000,360.000,-15.1018,-15.10,-15.10,0.0000,0.5879,4.487220
380,soldier,driving_B_2020.01.16_12.10.03.csv,train/driving_B_2020.01.16_12.10.03.csv#block-000@time-120.000s,block-000,120.000,55.7294,55.73,55.73,1.8821,0.5868,3.841990
381,longdress,driving_B_2020.02.13_13.03.24.csv,train/driving_B_2020.02.13_13.03.24.csv#block-001@time-1694.000s,block-001,1694.000,18.2038,18.20,18.20,0.0000,0.5857,4.155454
382,loot,driving_B_2020.01.16_12.10.03.csv,train/driving_B_2020.01.16_12.10.03.csv#block-000@time-300.000s,block-000,300.000,33.6300,33.63,33.63,0.0000,0.5846,4.789538
383,redandblack,driving_B_2020.02.13_15.02.01.csv,train/driving_B_2020.02.13_15.02.01.csv#block-000@time-2160.000s,block-000,2160.000,49.8489,49.85,49.85,0.0000,0.5836,3.887348
384,soldier,driving_B_2020.02.14_09.38.22.csv,train/driving_B_2020.02.14_09.38.22.csv#block-000@time-1560.000s,block-000,1560.000,-20.8101,-20.81,-20.81,0.0000,0.5825,4.511999
385,longdress,driving_B_2020.01.16_07.26.43.csv,train/driving_B_2020.01.16_07.26.43.csv#block-000@time-900.000s,block-000,900.000,18.0308,18.03,18.03,0.0000,0.5814,3.847117
386,loot,driving_B_2020.01.16_07.26.43.csv,train/driving_B_2020.01.16_07.26.43.csv#block-000@time-720.000s,block-000,720.000,-51.9897,-51.99,-51.99,0.0000,0.5803,4.363023
387,redandblack,driving_B_2019.12.17_07.32.39.csv,train/driving_B_2019.12.17_07.32.39.csv#block-000@time-60.000s,block-000,60.000,-23.5200,-23.52,-23.52,0.0000,0.5792,4.029550
388,soldier,static_B_2020.02.27_18.39.27.csv,train/static_B_2020.02.27_18.39.27.csv#block-001@time-4032.000s,block-001,4032.000,55.8903,55.89,55.89,0.0000,0.5781,3.412576
389,longdress,driving_B_2019.12.17_07.32.39.csv,train/driving_B_2019.12.17_07.32.39.csv#block-000@time-1320.000s,block-000,1320.000,-65.7675,-65.77,-65.77,0.0000,0.5770,4.563010
390,loot,driving_B_2020.02.27_17.30.15.csv,train/driving_B_2020.02.27_17.30.15.csv#block-002@time-413.000s,block-002,413.000,-9.9398,-9.94,-9.94,0.0000,0.5759,4.234172
391,redandblack,driving_B_2020.02.14_09.38.22.csv,train/driving_B_2020.02.14_09.38.22.csv#block-000@time-1440.000s,block-000,1440.000,61.1676,61.17,61.17,0.8391,0.5749,4.502954
392,soldier,static_B_2019.12.16_13.40.04.csv,train/static_B_2019.12.16_13.40.04.csv#block-005@time-1346.000s,block-005,1346.000,-31.7378,-31.74,-31.74,0.0000,0.5738,4.175937
393,longdress,driving_B_2019.12.17_07.32.39.csv,train/driving_B_2019.12.17_07.32.39.csv#block-000@time-0.000s,block-000,0.000,-21.1964,-21.20,-21.20,0.0000,0.5727,3.920411
394,loot,static_B_2020.02.27_18.39.27.csv,train/static_B_2020.02.27_18.39.27.csv#block-001@time-2832.000s,block-001,2832.000,61.8619,61.86,61.86,2.4682,0.5716,3.962213
395,redandblack,static_B_2019.12.16_13.40.04.csv,train/static_B_2019.12.16_13.40.04.csv#block-000@time-240.000s,block-000,240.000,47.6426,47.64,47.64,0.0000,0.5705,3.707586
396,soldier,driving_B_2020.02.14_09.38.22.csv,train/driving_B_2020.02.14_09.38.22.csv#block-000@time-180.000s,block-000,180.000,0.8159,0.82,0.82,0.0000,0.5694,3.634667
397,longdress,driving_B_2020.02.27_17.30.15.csv,train/driving_B_2020.02.27_17.30.15.csv#block-002@time-353.000s,block-002,353.000,-187.0884,-187.09,-187.09,0.0000,0.5683,4.367468
398,loot,driving_B_2020.02.13_13.03.24.csv,train/driving_B_2020.02.13_13.03.24.csv#block-000@time-600.000s,block-000,600.000,10.0931,10.09,10.09,0.0000,0.5672,4.758479
399,redandblack,driving_B_2019.12.17_07.32.39.csv,train/driving_B_2019.12.17_07.32.39.csv#block-003@time-1594.000s,block-003,1594.000,13.7763,13.78,13.78,0.0000,0.5662,3.975308
400,soldier,static_B_2020.02.27_18.39.27.csv,train/static_B_2020.02.27_18.39.27.csv#block-001@time-4692.000s,block-001,4692.000,64.7801,64.78,64.78,0.0000,0.5651,4.412356
401,longdress,driving_B_2020.02.13_13.03.24.csv,train/driving_B_2020.02.13_13.03.24.csv#block-001@time-1394.000s,block-001,1394.000,-122.1858,-122.19,-122.19,0.0000,0.5640,4.096133
402,loot,static_B_2019.12.16_13.40.04.csv,train/static_B_2019.12.16_13.40.04.csv#block-000@time-360.000s,block-000,360.000,27.0718,27.07,27.07,0.0000,0.5629,4.130327
403,redandblack,driving_B_2020.02.14_12.58.17.csv,train/driving_B_2020.02.14_12.58.17.csv#block-002@time-716.000s,block-002,716.000,-4.3537,-4.35,-4.35,0.0000,0.5618,4.648837
404,soldier,driving_B_2020.01.16_07.26.43.csv,train/driving_B_2020.01.16_07.26.43.csv#block-000@time-660.000s,block-000,660.000,-115.0840,-115.08,-115.08,0.0000,0.5607,4.053480
405,longdress,driving_B_2020.02.27_17.30.15.csv,train/driving_B_2020.02.27_17.30.15.csv#block-002@time-353.000s,block-002,353.000,-105.5591,-105.56,-105.56,0.0000,0.5596,4.080011
406,loot,static_B_2020.02.14_13.21.26.csv,train/static_B_2020.02.14_13.21.26.csv#block-000@time-300.000s,block-000,300.000,52.8590,52.86,52.86,0.0000,0.5585,3.988513
407,redandblack,static_B_2020.02.14_13.21.26.csv,train/static_B_2020.02.14_13.21.26.csv#block-000@time-0.000s,block-000,0.000,35.1679,35.17,35.17,0.0000,0.5575,3.844367
408,soldier,driving_B_2020.02.14_12.58.17.csv,train/driving_B_2020.02.14_12.58.17.csv#block-002@time-656.000s,block-002,656.000,3.2909,3.29,3.29,0.0000,0.5564,4.174486
409,longdress,driving_B_2020.01.16_12.10.03.csv,train/driving_B_2020.01.16_12.10.03.csv#block-000@time-120.000s,block-000,120.000,53.5701,53.57,53.57,1.7793,0.5553,4.074782
410,loot,driving_B_2020.02.13_15.02.01.csv,train/driving_B_2020.02.13_15.02.01.csv#block-000@time-0.000s,block-000,0.000,71.7752,71.78,71.78,0.0000,0.5542,4.278811
411,redandblack,driving_B_2019.12.17_07.32.39.csv,train/driving_B_2019.12.17_07.32.39.csv#block-000@time-540.000s,block-000,540.000,-84.3848,-84.38,-84.38,0.0000,0.5531,4.063206
412,soldier,driving_B_2020.01.16_07.26.43.csv,train/driving_B_2020.01.16_07.26.43.csv#block-000@time-60.000s,block-000,60.000,-4.0189,-4.02,-4.02,0.0000,0.5520,3.557736
413,longdress,driving_B_2019.12.16_12.27.05.csv,train/driving_B_2019.12.16_12.27.05.csv#block-000@time-660.000s,block-000,660.000,-203.6609,-203.66,-203.66,0.0000,0.5509,4.037016
414,loot,driving_B_2020.02.14_12.58.17.csv,train/driving_B_2020.02.14_12.58.17.csv#block-002@time-596.000s,block-002,596.000,1.0768,1.08,1.08,0.0000,0.5498,3.854194
415,redandblack,driving_B_2020.02.14_09.38.22.csv,train/driving_B_2020.02.14_09.38.22.csv#block-000@time-540.000s,block-000,540.000,-72.5924,-72.59,-72.59,0.0000,0.5488,4.481249
416,soldier,driving_B_2020.02.27_17.30.15.csv,train/driving_B_2020.02.27_17.30.15.csv#block-002@time-353.000s,block-002,353.000,-27.7535,-27.75,-27.75,0.0000,0.5477,3.783549
417,loot,driving_B_2020.02.13_13.03.24.csv,train/driving_B_2020.02.13_13.03.24.csv#block-000@time-480.000s,block-000,480.000,-28.3404,-28.34,-28.34,0.0000,0.5466,3.969169
418,redandblack,driving_B_2020.01.16_07.26.43.csv,train/driving_B_2020.01.16_07.26.43.csv#block-000@time-1020.000s,block-000,1020.000,-41.1162,-41.12,-41.12,0.0000,0.5455,4.119892
419,soldier,static_B_2020.02.27_18.39.27.csv,train/static_B_2020.02.27_18.39.27.csv#block-001@time-3312.000s,block-001,3312.000,34.9909,34.99,34.99,0.0000,0.5444,3.639918
420,longdress,driving_B_2020.01.16_12.10.03.csv,train/driving_B_2020.01.16_12.10.03.csv#block-000@time-300.000s,block-000,300.000,23.5068,23.51,23.51,0.0000,0.5433,4.503351
421,loot,driving_B_2020.02.13_15.02.01.csv,train/driving_B_2020.02.13_15.02.01.csv#block-000@time-600.000s,block-000,600.000,21.9751,21.98,21.98,0.0000,0.5422,3.789091
422,redandblack,driving_B_2020.02.13_15.02.01.csv,train/driving_B_2020.02.13_15.02.01.csv#block-000@time-180.000s,block-000,180.000,45.0527,45.05,45.05,0.0000,0.5411,4.305755
423,soldier,driving_B_2020.01.16_12.10.03.csv,train/driving_B_2020.01.16_12.10.03.csv#block-000@time-120.000s,block-000,120.000,68.9488,68.95,68.95,0.0000,0.5401,4.008288
424,longdress,driving_B_2020.01.16_09.56.56.csv,train/driving_B_2020.01.16_09.56.56.csv#block-001@time-699.000s,block-001,699.000,61.3733,61.37,61.37,2.2842,0.5390,3.909011
425,loot,static_B_2019.12.16_13.40.04.csv,train/static_B_2019.12.16_13.40.04.csv#block-000@time-300.000s,block-000,300.000,24.0167,24.02,24.02,0.0000,0.5379,4.536403
426,redandblack,driving_B_2020.02.14_12.58.17.csv,train/driving_B_2020.02.14_12.58.17.csv#block-002@time-716.000s,block-002,716.000,-7.7059,-7.71,-7.71,0.0000,0.5368,3.903773
427,soldier,driving_B_2019.12.16_12.27.05.csv,train/driving_B_2019.12.16_12.27.05.csv#block-000@time-720.000s,block-000,720.000,-41.0957,-41.10,-41.10,0.0000,0.5357,3.972936
428,longdress,driving_B_2020.02.14_09.38.22.csv,train/driving_B_2020.02.14_09.38.22.csv#block-000@time-960.000s,block-000,960.000,47.7672,47.77,47.77,0.0000,0.5346,4.448421
429,loot,driving_B_2020.01.16_09.56.56.csv,train/driving_B_2020.01.16_09.56.56.csv#block-000@time-300.000s,block-000,300.000,75.2176,75.22,75.22,0.9842,0.5335,4.263504
430,redandblack,driving_B_2020.02.27_17.30.15.csv,train/driving_B_2020.02.27_17.30.15.csv#block-002@time-293.000s,block-002,293.000,-265.9116,-265.91,-265.91,0.0000,0.5324,4.030348
431,soldier,driving_B_2020.02.14_09.38.22.csv,train/driving_B_2020.02.14_09.38.22.csv#block-000@time-360.000s,block-000,360.000,-160.6045,-160.60,-160.60,0.0000,0.5314,3.880363
432,longdress,driving_B_2020.02.13_13.03.24.csv,train/driving_B_2020.02.13_13.03.24.csv#block-001@time-1094.000s,block-001,1094.000,-26.9187,-26.92,-26.92,0.0000,0.5303,4.468947
433,loot,driving_B_2020.01.16_12.10.03.csv,train/driving_B_2020.01.16_12.10.03.csv#block-000@time-300.000s,block-000,300.000,23.6629,23.66,23.66,0.0000,0.5292,4.132943
434,redandblack,driving_B_2020.02.13_13.03.24.csv,train/driving_B_2020.02.13_13.03.24.csv#block-001@time-1034.000s,block-001,1034.000,-23.3824,-23.38,-23.38,0.0000,0.5281,3.728757
435,soldier,static_B_2019.12.16_13.40.04.csv,train/static_B_2019.12.16_13.40.04.csv#block-000@time-360.000s,block-000,360.000,-10.2007,-10.20,-10.20,0.0000,0.5270,3.827003
436,longdress,driving_B_2020.01.16_09.56.56.csv,train/driving_B_2020.01.16_09.56.56.csv#block-001@time-879.000s,block-001,879.000,48.0801,48.08,48.08,0.0000,0.5259,3.888179
437,loot,static_B_2019.12.16_13.40.04.csv,train/static_B_2019.12.16_13.40.04.csv#block-001@time-955.000s,block-001,955.000,68.4277,68.43,68.43,0.0000,0.5248,3.809507
438,redandblack,driving_B_2020.02.14_09.38.22.csv,train/driving_B_2020.02.14_09.38.22.csv#block-000@time-420.000s,block-000,420.000,-61.4482,-61.45,-61.45,0.0000,0.5237,4.252444
439,soldier,driving_B_2020.02.27_17.30.15.csv,train/driving_B_2020.02.27_17.30.15.csv#block-002@time-473.000s,block-002,473.000,-418.6216,-418.62,-418.62,0.0000,0.5227,4.208809
440,longdress,driving_B_2019.12.17_07.32.39.csv,train/driving_B_2019.12.17_07.32.39.csv#block-000@time-660.000s,block-000,660.000,-13.2143,-13.21,-13.21,0.0000,0.5216,4.054445
441,loot,driving_B_2019.12.17_07.32.39.csv,train/driving_B_2019.12.17_07.32.39.csv#block-000@time-540.000s,block-000,540.000,-35.9726,-35.97,-35.97,0.0000,0.5205,3.811808
442,redandblack,driving_B_2020.02.14_09.38.22.csv,train/driving_B_2020.02.14_09.38.22.csv#block-000@time-60.000s,block-000,60.000,11.8958,11.90,11.90,0.0000,0.5194,4.199735
443,soldier,driving_B_2020.02.27_17.30.15.csv,train/driving_B_2020.02.27_17.30.15.csv#block-002@time-533.000s,block-002,533.000,-265.1183,-265.12,-265.12,0.0000,0.5183,4.471847
444,longdress,driving_B_2020.01.16_09.56.56.csv,train/driving_B_2020.01.16_09.56.56.csv#block-001@time-1539.000s,block-001,1539.000,65.6208,65.62,65.62,0.0000,0.5172,4.171630
445,loot,driving_B_2020.02.14_12.58.17.csv,train/driving_B_2020.02.14_12.58.17.csv#block-000@time-0.000s,block-000,0.000,-11.7061,-11.71,-11.71,0.0000,0.5161,4.139614
446,redandblack,driving_B_2020.02.14_12.58.17.csv,train/driving_B_2020.02.14_12.58.17.csv#block-000@time-0.000s,block-000,0.000,2.6770,2.68,2.68,0.0000,0.5150,3.987498
447,soldier,driving_B_2019.12.17_07.32.39.csv,train/driving_B_2019.12.17_07.32.39.csv#block-000@time-780.000s,block-000,780.000,-17.0572,-17.06,-17.06,0.0000,0.5140,4.046662
448,longdress,driving_B_2020.02.13_15.02.01.csv,train/driving_B_2020.02.13_15.02.01.csv#block-000@time-120.000s,block-000,120.000,65.4024,65.40,65.40,0.7319,0.5129,3.907553
449,loot,driving_B_2019.12.16_12.27.05.csv,train/driving_B_2019.12.16_12.27.05.csv#block-000@time-240.000s,block-000,240.000,0.1149,0.11,0.11,0.0000,0.5118,4.804663
450,redandblack,driving_B_2020.01.16_07.26.43.csv,train/driving_B_2020.01.16_07.26.43.csv#block-000@time-1260.000s,block-000,1260.000,21.1736,21.17,21.17,0.0000,0.5107,4.122398
451,soldier,driving_B_2020.01.16_12.10.03.csv,train/driving_B_2020.01.16_12.10.03.csv#block-000@time-60.000s,block-000,60.000,39.2062,39.21,39.21,0.0000,0.5096,3.814183
452,longdress,driving_B_2020.01.16_12.10.03.csv,train/driving_B_2020.01.16_12.10.03.csv#block-000@time-240.000s,block-000,240.000,45.5802,45.58,45.58,0.9052,0.5085,4.027644
453,loot,driving_B_2019.12.17_07.32.39.csv,train/driving_B_2019.12.17_07.32.39.csv#block-003@time-2134.000s,block-003,2134.000,32.9162,32.92,32.92,0.0000,0.5074,3.900370
454,redandblack,driving_B_2020.02.27_17.30.15.csv,train/driving_B_2020.02.27_17.30.15.csv#block-002@time-533.000s,block-002,533.000,-193.0673,-193.07,-193.07,0.0000,0.5064,4.691273
455,soldier,driving_B_2020.02.27_17.30.15.csv,train/driving_B_2020.02.27_17.30.15.csv#block-002@time-413.000s,block-002,413.000,-586.4037,-586.40,-586.40,0.0000,0.5053,4.263069
456,longdress,driving_B_2020.02.27_17.30.15.csv,train/driving_B_2020.02.27_17.30.15.csv#block-002@time-353.000s,block-002,353.000,-146.6583,-146.66,-146.66,0.0000,0.5042,4.661260
457,loot,static_B_2019.12.16_13.40.04.csv,train/static_B_2019.12.16_13.40.04.csv#block-001@time-1135.000s,block-001,1135.000,66.0932,66.09,66.09,0.0000,0.5031,4.214722
458,redandblack,static_B_2019.12.16_13.40.04.csv,train/static_B_2019.12.16_13.40.04.csv#block-000@time-420.000s,block-000,420.000,65.9404,65.94,65.94,0.0000,0.5020,3.928285
459,soldier,driving_B_2020.01.16_07.26.43.csv,train/driving_B_2020.01.16_07.26.43.csv#block-000@time-900.000s,block-000,900.000,25.2111,25.21,25.21,0.0000,0.5009,4.548391
460,longdress,static_B_2019.12.16_13.40.04.csv,train/static_B_2019.12.16_13.40.04.csv#block-000@time-180.000s,block-000,180.000,50.2770,50.28,50.28,1.6160,0.4998,3.837036
461,loot,static_B_2019.12.16_13.40.04.csv,train/static_B_2019.12.16_13.40.04.csv#block-005@time-1406.000s,block-005,1406.000,50.6839,50.68,50.68,0.0000,0.4987,4.525616
462,redandblack,driving_B_2020.02.13_15.02.01.csv,train/driving_B_2020.02.13_15.02.01.csv#block-000@time-1740.000s,block-000,1740.000,-58.5423,-58.54,-58.54,0.0000,0.4977,4.501633
463,soldier,driving_B_2020.02.13_13.03.24.csv,train/driving_B_2020.02.13_13.03.24.csv#block-000@time-300.000s,block-000,300.000,5.2510,5.25,5.25,0.0000,0.4966,4.519719
464,longdress,driving_B_2020.02.13_13.03.24.csv,train/driving_B_2020.02.13_13.03.24.csv#block-001@time-1454.000s,block-001,1454.000,-66.1828,-66.18,-66.18,0.0000,0.4955,4.454385
465,loot,driving_B_2020.01.16_09.56.56.csv,train/driving_B_2020.01.16_09.56.56.csv#block-000@time-120.000s,block-000,120.000,-47.5384,-47.54,-47.54,0.0000,0.4944,4.832907
466,redandblack,driving_B_2020.02.14_12.58.17.csv,train/driving_B_2020.02.14_12.58.17.csv#block-002@time-536.000s,block-002,536.000,-186.5259,-186.53,-186.53,0.0000,0.4933,4.040078
467,soldier,driving_B_2020.02.14_09.38.22.csv,train/driving_B_2020.02.14_09.38.22.csv#block-000@time-1380.000s,block-000,1380.000,15.7875,15.79,15.79,0.0000,0.4922,4.513866
468,longdress,static_B_2020.02.14_13.21.26.csv,train/static_B_2020.02.14_13.21.26.csv#block-000@time-240.000s,block-000,240.000,51.3298,51.33,51.33,1.7391,0.4911,4.534924
469,loot,driving_B_2020.01.16_09.56.56.csv,train/driving_B_2020.01.16_09.56.56.csv#block-001@time-1299.000s,block-001,1299.000,67.8612,67.86,67.86,0.0000,0.4900,4.717686
470,redandblack,driving_B_2020.02.13_13.03.24.csv,train/driving_B_2020.02.13_13.03.24.csv#block-000@time-180.000s,block-000,180.000,10.0466,10.05,10.05,0.0000,0.4890,4.433321
471,soldier,static_B_2019.12.16_13.40.04.csv,train/static_B_2019.12.16_13.40.04.csv#block-006@time-2172.000s,block-006,2172.000,46.9765,46.98,46.98,2.3841,0.4879,4.909908
472,longdress,driving_B_2019.12.17_07.32.39.csv,train/driving_B_2019.12.17_07.32.39.csv#block-000@time-360.000s,block-000,360.000,33.4764,33.48,33.48,0.0000,0.4868,4.392165
473,loot,driving_B_2020.01.16_07.26.43.csv,train/driving_B_2020.01.16_07.26.43.csv#block-000@time-60.000s,block-000,60.000,17.7161,17.72,17.72,0.0000,0.4857,4.625925
474,redandblack,driving_B_2020.02.14_12.58.17.csv,train/driving_B_2020.02.14_12.58.17.csv#block-002@time-596.000s,block-002,596.000,-5.3723,-5.37,-5.37,0.0000,0.4846,4.423395
475,soldier,driving_B_2019.12.17_07.32.39.csv,train/driving_B_2019.12.17_07.32.39.csv#block-004@time-2477.000s,block-004,2477.000,44.1456,44.15,44.15,0.0000,0.4835,4.698282
476,longdress,driving_B_2020.02.14_12.58.17.csv,train/driving_B_2020.02.14_12.58.17.csv#block-002@time-716.000s,block-002,716.000,-6.0390,-6.04,-6.04,0.0000,0.4824,4.448820
477,loot,driving_B_2020.02.14_09.38.22.csv,train/driving_B_2020.02.14_09.38.22.csv#block-000@time-0.000s,block-000,0.000,-64.3437,-64.34,-64.34,0.0000,0.4813,4.614989
478,redandblack,driving_B_2020.02.27_17.30.15.csv,train/driving_B_2020.02.27_17.30.15.csv#block-002@time-473.000s,block-002,473.000,-369.7905,-369.79,-369.79,0.0000,0.4803,4.566042
479,soldier,driving_B_2020.01.16_09.56.56.csv,train/driving_B_2020.01.16_09.56.56.csv#block-001@time-639.000s,block-001,639.000,57.4673,57.47,57.47,0.0000,0.4792,4.410209
480,longdress,driving_B_2020.01.16_12.10.03.csv,train/driving_B_2020.01.16_12.10.03.csv#block-000@time-300.000s,block-000,300.000,19.7530,19.75,19.75,0.0000,0.4781,4.931762
481,loot,static_B_2020.02.14_13.21.26.csv,train/static_B_2020.02.14_13.21.26.csv#block-000@time-780.000s,block-000,780.000,62.7847,62.78,62.78,0.7431,0.4770,4.668599
482,redandblack,driving_B_2020.02.13_13.03.24.csv,train/driving_B_2020.02.13_13.03.24.csv#block-001@time-974.000s,block-001,974.000,10.6877,10.69,10.69,0.0000,0.4759,4.583288
483,soldier,driving_B_2020.02.13_13.03.24.csv,train/driving_B_2020.02.13_13.03.24.csv#block-001@time-1214.000s,block-001,1214.000,-101.7081,-101.71,-101.71,0.0000,0.4748,4.545470
484,longdress,static_B_2020.02.27_18.39.27.csv,train/static_B_2020.02.27_18.39.27.csv#block-001@time-792.000s,block-001,792.000,59.9666,59.97,59.97,0.8267,0.4737,4.756238
485,loot,driving_B_2020.02.14_12.58.17.csv,train/driving_B_2020.02.14_12.58.17.csv#block-002@time-596.000s,block-002,596.000,-28.6145,-28.61,-28.61,0.0000,0.4726,5.156897
486,redandblack,driving_B_2020.02.14_09.38.22.csv,train/driving_B_2020.02.14_09.38.22.csv#block-000@time-660.000s,block-000,660.000,30.1886,30.19,30.19,0.0000,0.4716,4.325580
487,soldier,static_B_2019.12.16_13.40.04.csv,train/static_B_2019.12.16_13.40.04.csv#block-001@time-895.000s,block-001,895.000,47.7173,47.72,47.72,0.0000,0.4705,3.727668
488,longdress,driving_B_2020.01.16_09.56.56.csv,train/driving_B_2020.01.16_09.56.56.csv#block-001@time-1479.000s,block-001,1479.000,25.1437,25.14,25.14,0.0000,0.4694,4.134416
489,loot,static_B_2020.02.14_13.21.26.csv,train/static_B_2020.02.14_13.21.26.csv#block-000@time-180.000s,block-000,180.000,75.9087,75.91,75.91,1.3044,0.4683,4.443832
490,redandblack,driving_B_2019.12.17_07.32.39.csv,train/driving_B_2019.12.17_07.32.39.csv#block-000@time-480.000s,block-000,480.000,59.0707,59.07,59.07,0.0000,0.4672,4.587305
491,soldier,static_B_2020.02.27_18.39.27.csv,train/static_B_2020.02.27_18.39.27.csv#block-001@time-1512.000s,block-001,1512.000,66.2761,66.28,66.28,0.3328,0.4661,4.118996
492,longdress,driving_B_2020.02.13_13.03.24.csv,train/driving_B_2020.02.13_13.03.24.csv#block-000@time-600.000s,block-000,600.000,-18.6637,-18.66,-18.66,0.0000,0.4650,4.670795
493,loot,driving_B_2019.12.17_07.32.39.csv,train/driving_B_2019.12.17_07.32.39.csv#block-003@time-2074.000s,block-003,2074.000,0.1019,0.10,0.10,0.0000,0.4639,4.353485
494,redandblack,driving_B_2019.12.16_12.27.05.csv,train/driving_B_2019.12.16_12.27.05.csv#block-000@time-420.000s,block-000,420.000,-115.3020,-115.30,-115.30,0.0000,0.4629,3.909160
495,soldier,driving_B_2020.02.13_15.02.01.csv,train/driving_B_2020.02.13_15.02.01.csv#block-000@time-2400.000s,block-000,2400.000,57.3665,57.37,57.37,0.0000,0.4618,4.295803
496,longdress,driving_B_2019.12.16_12.27.05.csv,train/driving_B_2019.12.16_12.27.05.csv#block-000@time-840.000s,block-000,840.000,36.2871,36.29,36.29,0.0000,0.4607,4.922154
497,loot,driving_B_2019.12.17_07.32.39.csv,train/driving_B_2019.12.17_07.32.39.csv#block-003@time-1834.000s,block-003,1834.000,-3.7325,-3.73,-3.73,0.0000,0.4596,4.137011
498,redandblack,driving_B_2019.12.16_12.27.05.csv,train/driving_B_2019.12.16_12.27.05.csv#block-000@time-420.000s,block-000,420.000,-127.2997,-127.30,-127.30,0.0000,0.4585,3.836926
499,soldier,driving_B_2020.01.16_12.10.03.csv,train/driving_B_2020.01.16_12.10.03.csv#block-000@time-120.000s,block-000,120.000,62.1177,62.12,62.12,1.0025,0.4574,4.617462
500,longdress,static_B_2020.02.27_18.39.27.csv,train/static_B_2020.02.27_18.39.27.csv#block-001@time-4992.000s,block-001,4992.000,54.2608,54.26,54.26,0.0000,0.4563,4.823630
501,loot,driving_B_2019.12.16_12.27.05.csv,train/driving_B_2019.12.16_12.27.05.csv#block-000@time-960.000s,block-000,960.000,60.2431,60.24,60.24,2.2634,0.4552,4.010008
502,redandblack,static_B_2020.02.14_13.21.26.csv,train/static_B_2020.02.14_13.21.26.csv#block-000@time-840.000s,block-000,840.000,67.1313,67.13,67.13,1.8349,0.4542,4.013572
503,soldier,driving_B_2020.02.13_13.03.24.csv,train/driving_B_2020.02.13_13.03.24.csv#block-000@time-660.000s,block-000,660.000,-21.9272,-21.93,-21.93,0.0000,0.4531,3.914939
504,longdress,driving_B_2020.02.13_13.03.24.csv,train/driving_B_2020.02.13_13.03.24.csv#block-001@time-1574.000s,block-001,1574.000,-7.9483,-7.95,-7.95,0.0000,0.4520,4.049658
505,loot,static_B_2020.02.27_18.39.27.csv,train/static_B_2020.02.27_18.39.27.csv#block-001@time-6372.000s,block-001,6372.000,79.2612,79.26,79.26,1.2369,0.4509,4.139744
506,redandblack,driving_B_2020.02.13_15.02.01.csv,train/driving_B_2020.02.13_15.02.01.csv#block-000@time-2580.000s,block-000,2580.000,-182.1615,-182.16,-182.16,0.0000,0.4498,4.351690
507,soldier,driving_B_2020.02.14_12.58.17.csv,train/driving_B_2020.02.14_12.58.17.csv#block-002@time-536.000s,block-002,536.000,-173.2326,-173.23,-173.23,0.0000,0.4487,4.287286
508,longdress,driving_B_2020.02.13_15.02.01.csv,train/driving_B_2020.02.13_15.02.01.csv#block-000@time-2220.000s,block-000,2220.000,38.7313,38.73,38.73,0.0000,0.4476,5.158836
509,loot,static_B_2020.02.14_13.21.26.csv,train/static_B_2020.02.14_13.21.26.csv#block-000@time-900.000s,block-000,900.000,54.8351,54.84,54.84,0.0000,0.4465,4.469882
510,redandblack,driving_B_2019.12.16_12.27.05.csv,train/driving_B_2019.12.16_12.27.05.csv#block-000@time-540.000s,block-000,540.000,-189.7239,-189.72,-189.72,0.0000,0.4455,4.191135
511,soldier,driving_B_2019.12.16_12.27.05.csv,train/driving_B_2019.12.16_12.27.05.csv#block-000@time-180.000s,block-000,180.000,-39.7498,-39.75,-39.75,0.0000,0.4444,3.916695
512,longdress,driving_B_2020.02.27_17.30.15.csv,train/driving_B_2020.02.27_17.30.15.csv#block-002@time-293.000s,block-002,293.000,-275.5386,-275.54,-275.54,0.0000,0.4433,4.358048
513,loot,static_B_2019.12.16_13.40.04.csv,train/static_B_2019.12.16_13.40.04.csv#block-005@time-1346.000s,block-005,1346.000,10.8795,10.88,10.88,0.0000,0.4422,4.427678
514,redandblack,static_B_2019.12.16_13.40.04.csv,train/static_B_2019.12.16_13.40.04.csv#block-001@time-1075.000s,block-001,1075.000,47.7653,47.77,47.77,0.0000,0.4411,4.537876
515,soldier,driving_B_2020.02.14_09.38.22.csv,train/driving_B_2020.02.14_09.38.22.csv#block-000@time-0.000s,block-000,0.000,-128.6575,-128.66,-128.66,0.0000,0.4400,4.265195
516,longdress,driving_B_2020.01.16_07.26.43.csv,train/driving_B_2020.01.16_07.26.43.csv#block-000@time-300.000s,block-000,300.000,36.5132,36.51,36.51,0.0000,0.4389,4.417234
517,loot,driving_B_2019.12.16_12.27.05.csv,train/driving_B_2019.12.16_12.27.05.csv#block-000@time-900.000s,block-000,900.000,58.9759,58.98,58.98,2.1618,0.4378,4.585836
518,redandblack,driving_B_2020.02.27_17.30.15.csv,train/driving_B_2020.02.27_17.30.15.csv#block-002@time-473.000s,block-002,473.000,-374.4106,-374.41,-374.41,0.0000,0.4368,4.366292
519,soldier,driving_B_2020.01.16_12.10.03.csv,train/driving_B_2020.01.16_12.10.03.csv#block-000@time-0.000s,block-000,0.000,66.4989,66.50,66.50,0.8720,0.4357,4.546431
520,longdress,driving_B_2019.12.17_07.32.39.csv,train/driving_B_2019.12.17_07.32.39.csv#block-000@time-1320.000s,block-000,1320.000,-17.5067,-17.51,-17.51,0.0000,0.4346,4.068089
521,loot,static_B_2020.02.14_13.21.26.csv,train/static_B_2020.02.14_13.21.26.csv#block-000@time-960.000s,block-000,960.000,53.6981,53.70,53.70,0.0000,0.4335,4.300439
522,redandblack,driving_B_2020.02.14_12.58.17.csv,train/driving_B_2020.02.14_12.58.17.csv#block-002@time-596.000s,block-002,596.000,16.9889,16.99,16.99,0.0000,0.4324,4.493097
523,soldier,driving_B_2020.02.14_09.38.22.csv,train/driving_B_2020.02.14_09.38.22.csv#block-000@time-240.000s,block-000,240.000,-109.0802,-109.08,-109.08,0.0000,0.4313,4.393546
524,longdress,driving_B_2020.02.14_12.58.17.csv,train/driving_B_2020.02.14_12.58.17.csv#block-002@time-656.000s,block-002,656.000,-4.6790,-4.68,-4.68,0.0000,0.4302,5.240348
525,loot,driving_B_2019.12.17_07.32.39.csv,train/driving_B_2019.12.17_07.32.39.csv#block-000@time-1200.000s,block-000,1200.000,66.0138,66.01,66.01,2.6084,0.4291,4.286071
526,redandblack,driving_B_2020.01.16_07.26.43.csv,train/driving_B_2020.01.16_07.26.43.csv#block-000@time-1620.000s,block-000,1620.000,-0.2947,-0.29,-0.29,0.0000,0.4281,4.830886
527,soldier,driving_B_2020.02.13_15.02.01.csv,train/driving_B_2020.02.13_15.02.01.csv#block-000@time-1200.000s,block-000,1200.000,15.7028,15.70,15.70,0.0000,0.4270,3.776182
528,longdress,driving_B_2020.01.16_09.56.56.csv,train/driving_B_2020.01.16_09.56.56.csv#block-001@time-1599.000s,block-001,1599.000,57.8470,57.85,57.85,0.0000,0.4259,4.219513
529,loot,driving_B_2020.02.13_15.02.01.csv,train/driving_B_2020.02.13_15.02.01.csv#block-000@time-720.000s,block-000,720.000,33.8470,33.85,33.85,0.0000,0.4248,5.670076
530,redandblack,driving_B_2019.12.16_12.27.05.csv,train/driving_B_2019.12.16_12.27.05.csv#block-000@time-720.000s,block-000,720.000,-31.6161,-31.62,-31.62,0.0000,0.4237,4.750427
531,soldier,driving_B_2020.01.16_07.26.43.csv,train/driving_B_2020.01.16_07.26.43.csv#block-000@time-1380.000s,block-000,1380.000,-14.1515,-14.15,-14.15,0.0000,0.4226,4.874970
532,longdress,driving_B_2020.01.16_07.26.43.csv,train/driving_B_2020.01.16_07.26.43.csv#block-000@time-780.000s,block-000,780.000,-19.0860,-19.09,-19.09,0.0000,0.4215,4.350468
533,loot,driving_B_2020.01.16_09.56.56.csv,train/driving_B_2020.01.16_09.56.56.csv#block-000@time-120.000s,block-000,120.000,-39.1876,-39.19,-39.19,0.0000,0.4204,4.845204
534,redandblack,driving_B_2020.02.13_13.03.24.csv,train/driving_B_2020.02.13_13.03.24.csv#block-001@time-1274.000s,block-001,1274.000,-29.9788,-29.98,-29.98,0.0000,0.4194,5.047028
535,soldier,driving_B_2019.12.16_12.27.05.csv,train/driving_B_2019.12.16_12.27.05.csv#block-000@time-960.000s,block-000,960.000,76.9166,76.92,76.92,0.4182,0.4183,4.833730
536,longdress,driving_B_2019.12.17_07.32.39.csv,train/driving_B_2019.12.17_07.32.39.csv#block-000@time-840.000s,block-000,840.000,-46.7821,-46.78,-46.78,0.0000,0.4172,4.464187
537,loot,driving_B_2020.02.14_09.38.22.csv,train/driving_B_2020.02.14_09.38.22.csv#block-000@time-720.000s,block-000,720.000,79.7826,79.78,79.78,2.1136,0.4161,4.296575
538,redandblack,driving_B_2020.02.14_09.38.22.csv,train/driving_B_2020.02.14_09.38.22.csv#block-000@time-840.000s,block-000,840.000,29.8140,29.81,29.81,0.0000,0.4150,5.130226
539,soldier,driving_B_2020.02.14_12.58.17.csv,train/driving_B_2020.02.14_12.58.17.csv#block-002@time-536.000s,block-002,536.000,-209.1384,-209.14,-209.14,0.0000,0.4139,4.330828
540,longdress,driving_B_2019.12.16_12.27.05.csv,train/driving_B_2019.12.16_12.27.05.csv#block-000@time-1080.000s,block-000,1080.000,67.1157,67.12,67.12,0.0000,0.4128,4.907235
541,loot,static_B_2020.02.27_18.39.27.csv,train/static_B_2020.02.27_18.39.27.csv#block-001@time-1812.000s,block-001,1812.000,53.7691,53.77,53.77,0.0000,0.4117,4.962382
542,redandblack,driving_B_2020.01.16_07.26.43.csv,train/driving_B_2020.01.16_07.26.43.csv#block-000@time-600.000s,block-000,600.000,-19.2556,-19.26,-19.26,0.0000,0.4107,4.368765
543,soldier,static_B_2019.12.16_13.40.04.csv,train/static_B_2019.12.16_13.40.04.csv#block-001@time-775.000s,block-001,775.000,80.1043,80.10,80.10,0.0234,0.4096,4.718640
544,longdress,driving_B_2020.02.14_09.38.22.csv,train/driving_B_2020.02.14_09.38.22.csv#block-000@time-960.000s,block-000,960.000,51.3618,51.36,51.36,0.0000,0.4085,5.203032
545,loot,driving_B_2019.12.17_07.32.39.csv,train/driving_B_2019.12.17_07.32.39.csv#block-000@time-0.000s,block-000,0.000,23.0829,23.08,23.08,0.0000,0.4074,4.691726
546,redandblack,static_B_2020.02.14_13.21.26.csv,train/static_B_2020.02.14_13.21.26.csv#block-000@time-240.000s,block-000,240.000,47.7876,47.79,47.79,2.0067,0.4063,4.309629
547,soldier,driving_B_2020.02.27_17.30.15.csv,train/driving_B_2020.02.27_17.30.15.csv#block-002@time-413.000s,block-002,413.000,-128.0207,-128.02,-128.02,0.0000,0.4052,4.326782
548,longdress,static_B_2019.12.16_13.40.04.csv,train/static_B_2019.12.16_13.40.04.csv#block-001@time-835.000s,block-001,835.000,71.2438,71.24,71.24,0.5944,0.4041,4.690296
549,loot,driving_B_2020.02.13_13.03.24.csv,train/driving_B_2020.02.13_13.03.24.csv#block-001@time-1994.000s,block-001,1994.000,66.5690,66.57,66.57,0.0000,0.4030,4.591124
550,redandblack,driving_B_2020.01.16_09.56.56.csv,train/driving_B_2020.01.16_09.56.56.csv#block-001@time-519.000s,block-001,519.000,63.7565,63.76,63.76,0.0000,0.4020,4.927372
551,soldier,driving_B_2019.12.17_07.32.39.csv,train/driving_B_2019.12.17_07.32.39.csv#block-000@time-1380.000s,block-000,1380.000,36.6774,36.68,36.68,0.0000,0.4009,4.990640
552,longdress,driving_B_2020.02.14_12.58.17.csv,train/driving_B_2020.02.14_12.58.17.csv#block-002@time-656.000s,block-002,656.000,-5.8454,-5.85,-5.85,0.0000,0.3998,4.944648
553,loot,driving_B_2020.02.13_13.03.24.csv,train/driving_B_2020.02.13_13.03.24.csv#block-001@time-1754.000s,block-001,1754.000,21.2816,21.28,21.28,0.0000,0.3987,4.588745
554,redandblack,static_B_2020.02.27_18.39.27.csv,train/static_B_2020.02.27_18.39.27.csv#block-001@time-3432.000s,block-001,3432.000,45.9722,45.97,45.97,0.0000,0.3976,4.214283
555,soldier,driving_B_2020.01.16_07.26.43.csv,train/driving_B_2020.01.16_07.26.43.csv#block-000@time-1500.000s,block-000,1500.000,-67.8793,-67.88,-67.88,0.0000,0.3965,4.491913
556,longdress,static_B_2020.02.27_18.39.27.csv,train/static_B_2020.02.27_18.39.27.csv#block-001@time-5892.000s,block-001,5892.000,67.7049,67.70,67.70,0.0000,0.3954,5.322612
557,loot,driving_B_2020.02.14_12.58.17.csv,train/driving_B_2020.02.14_12.58.17.csv#block-002@time-656.000s,block-002,656.000,37.3872,37.39,37.39,0.0000,0.3943,4.704524
558,redandblack,driving_B_2020.02.13_15.02.01.csv,train/driving_B_2020.02.13_15.02.01.csv#block-000@time-240.000s,block-000,240.000,61.5653,61.57,61.57,0.0199,0.3933,4.670225
559,soldier,driving_B_2020.02.13_13.03.24.csv,train/driving_B_2020.02.13_13.03.24.csv#block-000@time-0.000s,block-000,0.000,-19.7652,-19.77,-19.77,0.0000,0.3922,4.431205
560,longdress,driving_B_2020.02.14_09.38.22.csv,train/driving_B_2020.02.14_09.38.22.csv#block-000@time-1020.000s,block-000,1020.000,65.7613,65.76,65.76,0.0000,0.3911,4.770540
561,loot,driving_B_2019.12.17_07.32.39.csv,train/driving_B_2019.12.17_07.32.39.csv#block-000@time-1140.000s,block-000,1140.000,29.0274,29.03,29.03,0.0000,0.3900,5.326562
562,redandblack,driving_B_2020.02.13_13.03.24.csv,train/driving_B_2020.02.13_13.03.24.csv#block-000@time-120.000s,block-000,120.000,23.1376,23.14,23.14,0.0000,0.3889,4.590043
563,soldier,driving_B_2020.01.16_07.26.43.csv,train/driving_B_2020.01.16_07.26.43.csv#block-000@time-840.000s,block-000,840.000,8.6642,8.66,8.66,0.0000,0.3878,4.589369
564,longdress,driving_B_2020.01.16_09.56.56.csv,train/driving_B_2020.01.16_09.56.56.csv#block-001@time-1659.000s,block-001,1659.000,72.9494,72.95,72.95,0.6887,0.3867,5.083240
565,loot,driving_B_2019.12.16_12.27.05.csv,train/driving_B_2019.12.16_12.27.05.csv#block-000@time-660.000s,block-000,660.000,-68.5604,-68.56,-68.56,0.0000,0.3856,4.522009
566,redandblack,driving_B_2020.01.16_07.26.43.csv,train/driving_B_2020.01.16_07.26.43.csv#block-000@time-120.000s,block-000,120.000,15.2018,15.20,15.20,0.0000,0.3846,4.351667
567,soldier,driving_B_2020.01.16_07.26.43.csv,train/driving_B_2020.01.16_07.26.43.csv#block-000@time-660.000s,block-000,660.000,2.2412,2.24,2.24,0.0000,0.3835,4.616177
568,longdress,static_B_2019.12.16_13.40.04.csv,train/static_B_2019.12.16_13.40.04.csv#block-005@time-1706.000s,block-005,1706.000,58.0287,58.03,58.03,0.0000,0.3824,4.707400
569,loot,driving_B_2020.02.13_13.03.24.csv,train/driving_B_2020.02.13_13.03.24.csv#block-000@time-60.000s,block-000,60.000,9.2151,9.22,9.22,0.0000,0.3813,5.885466
570,redandblack,static_B_2020.02.14_13.21.26.csv,train/static_B_2020.02.14_13.21.26.csv#block-000@time-0.000s,block-000,0.000,41.2535,41.25,41.25,0.0000,0.3802,4.435212
571,soldier,driving_B_2020.02.27_17.30.15.csv,train/driving_B_2020.02.27_17.30.15.csv#block-002@time-533.000s,block-002,533.000,-214.0859,-214.09,-214.09,0.0000,0.3791,4.262109
572,longdress,driving_B_2019.12.16_12.27.05.csv,train/driving_B_2019.12.16_12.27.05.csv#block-000@time-600.000s,block-000,600.000,-51.6510,-51.65,-51.65,0.0000,0.3780,4.187662
573,loot,driving_B_2020.01.16_09.56.56.csv,train/driving_B_2020.01.16_09.56.56.csv#block-001@time-1239.000s,block-001,1239.000,33.8633,33.86,33.86,0.0114,0.3769,5.181231
574,redandblack,static_B_2020.02.14_13.21.26.csv,train/static_B_2020.02.14_13.21.26.csv#block-000@time-600.000s,block-000,600.000,57.4876,57.49,57.49,2.3986,0.3759,4.729591
575,soldier,driving_B_2020.01.16_12.10.03.csv,train/driving_B_2020.01.16_12.10.03.csv#block-000@time-240.000s,block-000,240.000,47.0066,47.01,47.01,0.6462,0.3748,4.575389
576,longdress,driving_B_2019.12.16_12.27.05.csv,train/driving_B_2019.12.16_12.27.05.csv#block-000@time-480.000s,block-000,480.000,-9.1306,-9.13,-9.13,0.0000,0.3737,4.386511
577,loot,driving_B_2020.02.13_15.02.01.csv,train/driving_B_2020.02.13_15.02.01.csv#block-000@time-1860.000s,block-000,1860.000,-31.7496,-31.75,-31.75,0.0000,0.3726,4.382451
578,redandblack,driving_B_2020.01.16_07.26.43.csv,train/driving_B_2020.01.16_07.26.43.csv#block-000@time-1860.000s,block-000,1860.000,-17.6696,-17.67,-17.67,0.0000,0.3715,4.616552
579,soldier,driving_B_2019.12.17_07.32.39.csv,train/driving_B_2019.12.17_07.32.39.csv#block-000@time-600.000s,block-000,600.000,28.1169,28.12,28.12,0.0000,0.3704,4.736638
580,longdress,driving_B_2019.12.16_12.27.05.csv,train/driving_B_2019.12.16_12.27.05.csv#block-000@time-1200.000s,block-000,1200.000,1.7204,1.72,1.72,0.0000,0.3693,4.815996
581,loot,driving_B_2020.01.16_09.56.56.csv,train/driving_B_2020.01.16_09.56.56.csv#block-001@time-819.000s,block-001,819.000,57.0774,57.08,57.08,0.0000,0.3682,4.643108
582,redandblack,driving_B_2020.02.13_13.03.24.csv,train/driving_B_2020.02.13_13.03.24.csv#block-001@time-1934.000s,block-001,1934.000,-7.3768,-7.38,-7.38,0.0000,0.3672,4.190862
583,soldier,static_B_2020.02.14_13.21.26.csv,train/static_B_2020.02.14_13.21.26.csv#block-000@time-780.000s,block-000,780.000,65.6444,65.64,65.64,0.3332,0.3661,5.384920
584,longdress,driving_B_2020.01.16_07.26.43.csv,train/driving_B_2020.01.16_07.26.43.csv#block-000@time-420.000s,block-000,420.000,-24.0282,-24.03,-24.03,0.0000,0.3650,4.527983
585,loot,driving_B_2019.12.16_12.27.05.csv,train/driving_B_2019.12.16_12.27.05.csv#block-000@time-1140.000s,block-000,1140.000,56.7453,56.75,56.75,0.0000,0.3639,4.513444
586,redandblack,static_B_2020.02.27_18.39.27.csv,train/static_B_2020.02.27_18.39.27.csv#block-001@time-6252.000s,block-001,6252.000,67.9039,67.90,67.90,0.8632,0.3628,4.346847
587,soldier,driving_B_2020.01.16_07.26.43.csv,train/driving_B_2020.01.16_07.26.43.csv#block-000@time-540.000s,block-000,540.000,-92.9798,-92.98,-92.98,0.0000,0.3617,4.123011
588,longdress,driving_B_2020.02.13_13.03.24.csv,train/driving_B_2020.02.13_13.03.24.csv#block-001@time-1394.000s,block-001,1394.000,-62.0011,-62.00,-62.00,0.0000,0.3606,4.470825
589,loot,static_B_2019.12.16_13.40.04.csv,train/static_B_2019.12.16_13.40.04.csv#block-000@time-120.000s,block-000,120.000,43.1509,43.15,43.15,2.3645,0.3595,4.567186
590,redandblack,static_B_2020.02.14_13.21.26.csv,train/static_B_2020.02.14_13.21.26.csv#block-000@time-960.000s,block-000,960.000,51.0209,51.02,51.02,0.2064,0.3585,4.323611
591,soldier,static_B_2020.02.27_18.39.27.csv,train/static_B_2020.02.27_18.39.27.csv#block-001@time-6072.000s,block-001,6072.000,64.0352,64.04,64.04,1.2728,0.3574,4.576191
592,longdress,driving_B_2020.02.14_09.38.22.csv,train/driving_B_2020.02.14_09.38.22.csv#block-000@time-1020.000s,block-000,1020.000,69.0512,69.05,69.05,0.0000,0.3563,4.595653
593,loot,driving_B_2019.12.17_07.32.39.csv,train/driving_B_2019.12.17_07.32.39.csv#block-003@time-1714.000s,block-003,1714.000,-12.3560,-12.36,-12.36,0.0000,0.3552,4.405257
594,redandblack,static_B_2020.02.14_13.21.26.csv,train/static_B_2020.02.14_13.21.26.csv#block-000@time-480.000s,block-000,480.000,65.4288,65.43,65.43,2.0130,0.3541,4.937050
595,soldier,driving_B_2020.01.16_09.56.56.csv,train/driving_B_2020.01.16_09.56.56.csv#block-000@time-180.000s,block-000,180.000,0.0877,0.09,0.09,0.0000,0.3530,4.565750
596,longdress,driving_B_2020.01.16_12.10.03.csv,train/driving_B_2020.01.16_12.10.03.csv#block-000@time-60.000s,block-000,60.000,48.9969,49.00,49.00,0.0000,0.3519,5.199126
597,loot,driving_B_2020.01.16_07.26.43.csv,train/driving_B_2020.01.16_07.26.43.csv#block-000@time-240.000s,block-000,240.000,19.0643,19.06,19.06,0.0000,0.3508,4.235355
598,redandblack,driving_B_2020.02.14_12.58.17.csv,train/driving_B_2020.02.14_12.58.17.csv#block-002@time-536.000s,block-002,536.000,-139.5902,-139.59,-139.59,0.0000,0.3498,4.804995
599,soldier,driving_B_2020.01.16_12.10.03.csv,train/driving_B_2020.01.16_12.10.03.csv#block-000@time-60.000s,block-000,60.000,53.3651,53.37,53.37,0.0000,0.3487,4.445534
600,longdress,driving_B_2020.01.16_09.56.56.csv,train/driving_B_2020.01.16_09.56.56.csv#block-001@time-1419.000s,block-001,1419.000,37.1091,37.11,37.11,0.0000,0.3476,4.345620
601,loot,driving_B_2020.01.16_12.10.03.csv,train/driving_B_2020.01.16_12.10.03.csv#block-000@time-120.000s,block-000,120.000,75.5229,75.52,75.52,1.4485,0.3465,4.270030
602,redandblack,driving_B_2020.01.16_07.26.43.csv,train/driving_B_2020.01.16_07.26.43.csv#block-000@time-180.000s,block-000,180.000,6.3216,6.32,6.32,0.0000,0.3454,4.305874
603,soldier,static_B_2020.02.27_18.39.27.csv,train/static_B_2020.02.27_18.39.27.csv#block-001@time-912.000s,block-001,912.000,59.8390,59.84,59.84,0.0000,0.3443,4.450769
604,longdress,driving_B_2020.02.14_09.38.22.csv,train/driving_B_2020.02.14_09.38.22.csv#block-000@time-180.000s,block-000,180.000,-27.3675,-27.37,-27.37,0.0000,0.3432,4.908647
605,loot,driving_B_2020.02.14_09.38.22.csv,train/driving_B_2020.02.14_09.38.22.csv#block-000@time-120.000s,block-000,120.000,-27.8535,-27.85,-27.85,0.0000,0.3421,4.997063
606,redandblack,static_B_2020.02.27_18.39.27.csv,train/static_B_2020.02.27_18.39.27.csv#block-001@time-4572.000s,block-001,4572.000,56.4941,56.49,56.49,0.0000,0.3411,4.790775
607,soldier,static_B_2019.12.16_13.40.04.csv,train/static_B_2019.12.16_13.40.04.csv#block-000@time-60.000s,block-000,60.000,45.0955,45.10,45.10,0.0000,0.3400,5.388488
608,longdress,driving_B_2020.02.27_17.30.15.csv,train/driving_B_2020.02.27_17.30.15.csv#block-002@time-413.000s,block-002,413.000,-85.0698,-85.07,-85.07,0.0000,0.3389,4.492392
609,loot,driving_B_2020.01.16_07.26.43.csv,train/driving_B_2020.01.16_07.26.43.csv#block-000@time-1680.000s,block-000,1680.000,1.2174,1.22,1.22,0.0000,0.3378,4.960121
610,redandblack,static_B_2020.02.27_18.39.27.csv,train/static_B_2020.02.27_18.39.27.csv#block-001@time-5412.000s,block-001,5412.000,60.4646,60.46,60.46,0.0000,0.3367,4.665607
611,soldier,static_B_2020.02.27_18.39.27.csv,train/static_B_2020.02.27_18.39.27.csv#block-001@time-4632.000s,block-001,4632.000,69.5302,69.53,69.53,0.4747,0.3356,4.390244
612,longdress,static_B_2020.02.14_13.21.26.csv,train/static_B_2020.02.14_13.21.26.csv#block-000@time-600.000s,block-000,600.000,73.0596,73.06,73.06,1.2773,0.3345,5.600679
613,loot,static_B_2020.02.14_13.21.26.csv,train/static_B_2020.02.14_13.21.26.csv#block-000@time-1080.000s,block-000,1080.000,73.9027,73.90,73.90,0.8441,0.3334,5.362837
614,redandblack,driving_B_2020.01.16_12.10.03.csv,train/driving_B_2020.01.16_12.10.03.csv#block-000@time-360.000s,block-000,360.000,67.6359,67.64,67.64,0.8261,0.3324,5.112661
615,soldier,driving_B_2019.12.17_07.32.39.csv,train/driving_B_2019.12.17_07.32.39.csv#block-000@time-960.000s,block-000,960.000,30.4507,30.45,30.45,0.0000,0.3313,5.190498
616,longdress,driving_B_2020.02.27_17.30.15.csv,train/driving_B_2020.02.27_17.30.15.csv#block-002@time-293.000s,block-002,293.000,-130.6951,-130.70,-130.70,0.0000,0.3302,4.965436
617,loot,driving_B_2020.01.16_09.56.56.csv,train/driving_B_2020.01.16_09.56.56.csv#block-001@time-1359.000s,block-001,1359.000,34.3699,34.37,34.37,0.0000,0.3291,4.793818
618,redandblack,static_B_2020.02.27_18.39.27.csv,train/static_B_2020.02.27_18.39.27.csv#block-001@time-612.000s,block-001,612.000,60.2698,60.27,60.27,0.0000,0.3280,4.588555
619,soldier,driving_B_2020.01.16_07.26.43.csv,train/driving_B_2020.01.16_07.26.43.csv#block-000@time-1320.000s,block-000,1320.000,3.2942,3.29,3.29,0.0000,0.3269,5.400825
620,longdress,static_B_2019.12.16_13.40.04.csv,train/static_B_2019.12.16_13.40.04.csv#block-005@time-1886.000s,block-005,1886.000,48.3753,48.38,48.38,0.0000,0.3258,5.266732
621,loot,static_B_2020.02.27_18.39.27.csv,train/static_B_2020.02.27_18.39.27.csv#block-001@time-2592.000s,block-001,2592.000,65.9856,65.99,65.99,0.0000,0.3247,4.335708
622,redandblack,driving_B_2020.01.16_07.26.43.csv,train/driving_B_2020.01.16_07.26.43.csv#block-000@time-1200.000s,block-000,1200.000,46.8215,46.82,46.82,0.0000,0.3237,4.774631
623,soldier,static_B_2020.02.14_13.21.26.csv,train/static_B_2020.02.14_13.21.26.csv#block-000@time-360.000s,block-000,360.000,59.2760,59.28,59.28,0.0000,0.3226,4.467656
624,longdress,driving_B_2019.12.16_12.27.05.csv,train/driving_B_2019.12.16_12.27.05.csv#block-000@time-360.000s,block-000,360.000,-6.9343,-6.93,-6.93,0.0000,0.3215,4.323253
625,loot,static_B_2020.02.14_13.21.26.csv,train/static_B_2020.02.14_13.21.26.csv#block-000@time-420.000s,block-000,420.000,53.9391,53.94,53.94,1.1696,0.3204,5.135394
626,redandblack,driving_B_2020.02.14_09.38.22.csv,train/driving_B_2020.02.14_09.38.22.csv#block-000@time-300.000s,block-000,300.000,-35.8049,-35.80,-35.80,0.0000,0.3193,4.987243
627,soldier,driving_B_2020.02.27_17.30.15.csv,train/driving_B_2020.02.27_17.30.15.csv#block-002@time-353.000s,block-002,353.000,-116.5631,-116.56,-116.56,0.0000,0.3182,4.625743
628,longdress,static_B_2020.02.14_13.21.26.csv,train/static_B_2020.02.14_13.21.26.csv#block-000@time-60.000s,block-000,60.000,60.9092,60.91,60.91,0.7630,0.3171,4.893392
629,loot,driving_B_2019.12.16_12.27.05.csv,train/driving_B_2019.12.16_12.27.05.csv#block-000@time-360.000s,block-000,360.000,25.7189,25.72,25.72,0.0000,0.3160,5.005410
630,redandblack,driving_B_2020.01.16_07.26.43.csv,train/driving_B_2020.01.16_07.26.43.csv#block-000@time-1140.000s,block-000,1140.000,43.8828,43.88,43.88,0.0000,0.3150,4.316169
631,soldier,driving_B_2020.02.27_17.30.15.csv,train/driving_B_2020.02.27_17.30.15.csv#block-002@time-533.000s,block-002,533.000,-46.9755,-46.98,-46.98,0.0000,0.3139,4.879664
632,longdress,driving_B_2020.02.27_17.30.15.csv,train/driving_B_2020.02.27_17.30.15.csv#block-002@time-413.000s,block-002,413.000,-15.8117,-15.81,-15.81,0.0000,0.3128,4.506797
633,loot,driving_B_2020.01.16_09.56.56.csv,train/driving_B_2020.01.16_09.56.56.csv#block-001@time-999.000s,block-001,999.000,0.1350,0.14,0.14,0.0000,0.3117,4.673294
634,redandblack,driving_B_2020.02.13_15.02.01.csv,train/driving_B_2020.02.13_15.02.01.csv#block-000@time-2460.000s,block-000,2460.000,52.4951,52.50,52.50,0.0000,0.3106,4.480012
635,soldier,static_B_2020.02.27_18.39.27.csv,train/static_B_2020.02.27_18.39.27.csv#block-001@time-5832.000s,block-001,5832.000,67.6330,67.63,67.63,1.2096,0.3095,4.539769
636,longdress,driving_B_2019.12.16_12.27.05.csv,train/driving_B_2019.12.16_12.27.05.csv#block-000@time-120.000s,block-000,120.000,-12.2525,-12.25,-12.25,0.0000,0.3084,4.477411
637,loot,driving_B_2019.12.16_12.27.05.csv,train/driving_B_2019.12.16_12.27.05.csv#block-000@time-1020.000s,block-000,1020.000,74.5654,74.57,74.57,0.0000,0.3073,5.159606
638,redandblack,driving_B_2020.02.13_15.02.01.csv,train/driving_B_2020.02.13_15.02.01.csv#block-000@time-1500.000s,block-000,1500.000,-38.4746,-38.47,-38.47,0.0000,0.3063,5.335618
639,soldier,driving_B_2020.02.27_17.30.15.csv,train/driving_B_2020.02.27_17.30.15.csv#block-002@time-353.000s,block-002,353.000,-72.8854,-72.89,-72.89,0.0000,0.3052,4.896174
640,longdress,driving_B_2020.02.27_17.30.15.csv,train/driving_B_2020.02.27_17.30.15.csv#block-002@time-413.000s,block-002,413.000,-183.7154,-183.72,-183.72,0.0000,0.3041,4.816473
641,loot,driving_B_2019.12.17_07.32.39.csv,train/driving_B_2019.12.17_07.32.39.csv#block-000@time-300.000s,block-000,300.000,35.5887,35.59,35.59,0.0000,0.3030,4.974299
642,redandblack,driving_B_2020.02.14_09.38.22.csv,train/driving_B_2020.02.14_09.38.22.csv#block-000@time-600.000s,block-000,600.000,39.4374,39.44,39.44,0.0000,0.3019,4.935959
643,soldier,driving_B_2020.01.16_09.56.56.csv,train/driving_B_2020.01.16_09.56.56.csv#block-001@time-819.000s,block-001,819.000,37.4792,37.48,37.48,0.0000,0.3008,5.026861
644,longdress,driving_B_2020.01.16_09.56.56.csv,train/driving_B_2020.01.16_09.56.56.csv#block-000@time-60.000s,block-000,60.000,-1.4747,-1.47,-1.47,0.0000,0.2997,4.453854
645,loot,static_B_2020.02.14_13.21.26.csv,train/static_B_2020.02.14_13.21.26.csv#block-000@time-0.000s,block-000,0.000,53.8510,53.85,53.85,0.0000,0.2986,5.099752
646,redandblack,driving_B_2020.02.13_15.02.01.csv,train/driving_B_2020.02.13_15.02.01.csv#block-000@time-2100.000s,block-000,2100.000,2.3982,2.40,2.40,0.0000,0.2976,5.000498
647,soldier,driving_B_2019.12.16_12.27.05.csv,train/driving_B_2019.12.16_12.27.05.csv#block-000@time-900.000s,block-000,900.000,72.7764,72.78,72.78,1.0313,0.2965,5.054056
648,longdress,driving_B_2019.12.16_12.27.05.csv,train/driving_B_2019.12.16_12.27.05.csv#block-000@time-1260.000s,block-000,1260.000,57.0562,57.06,57.06,1.3101,0.2954,4.778632
649,loot,driving_B_2020.01.16_09.56.56.csv,train/driving_B_2020.01.16_09.56.56.csv#block-001@time-759.000s,block-001,759.000,23.1124,23.11,23.11,0.0000,0.2943,4.619723
650,redandblack,driving_B_2020.02.14_12.58.17.csv,train/driving_B_2020.02.14_12.58.17.csv#block-000@time-0.000s,block-000,0.000,10.1986,10.20,10.20,0.0000,0.2932,5.212161
651,soldier,static_B_2020.02.27_18.39.27.csv,train/static_B_2020.02.27_18.39.27.csv#block-001@time-6612.000s,block-001,6612.000,76.3180,76.32,76.32,0.0000,0.2921,4.192131
652,longdress,driving_B_2020.01.16_09.56.56.csv,train/driving_B_2020.01.16_09.56.56.csv#block-001@time-579.000s,block-001,579.000,50.7886,50.79,50.79,0.5711,0.2910,4.139579
653,loot,driving_B_2020.02.14_12.58.17.csv,train/driving_B_2020.02.14_12.58.17.csv#block-002@time-716.000s,block-002,716.000,42.6147,42.61,42.61,0.0000,0.2899,4.340445
654,redandblack,driving_B_2019.12.17_07.32.39.csv,train/driving_B_2019.12.17_07.32.39.csv#block-000@time-60.000s,block-000,60.000,42.4595,42.46,42.46,0.0000,0.2889,4.824753
655,soldier,driving_B_2020.01.16_07.26.43.csv,train/driving_B_2020.01.16_07.26.43.csv#block-000@time-1800.000s,block-000,1800.000,20.0603,20.06,20.06,0.0000,0.2878,4.717568
656,longdress,driving_B_2020.01.16_12.10.03.csv,train/driving_B_2020.01.16_12.10.03.csv#block-000@time-180.000s,block-000,180.000,83.9839,83.98,83.98,0.0204,0.2867,4.664136
657,loot,driving_B_2020.02.13_15.02.01.csv,train/driving_B_2020.02.13_15.02.01.csv#block-000@time-2280.000s,block-000,2280.000,22.8902,22.89,22.89,0.0000,0.2856,5.029934
658,redandblack,driving_B_2020.01.16_07.26.43.csv,train/driving_B_2020.01.16_07.26.43.csv#block-000@time-480.000s,block-000,480.000,-67.8034,-67.80,-67.80,0.0000,0.2845,4.627237
659,soldier,driving_B_2019.12.16_12.27.05.csv,train/driving_B_2019.12.16_12.27.05.csv#block-000@time-1200.000s,block-000,1200.000,2.1325,2.13,2.13,0.0000,0.2834,5.163589
660,longdress,driving_B_2019.12.16_12.27.05.csv,train/driving_B_2019.12.16_12.27.05.csv#block-000@time-780.000s,block-000,780.000,27.8499,27.85,27.85,0.0000,0.2823,4.403782
661,loot,driving_B_2020.02.14_12.58.17.csv,train/driving_B_2020.02.14_12.58.17.csv#block-002@time-536.000s,block-002,536.000,-162.2839,-162.28,-162.28,0.0000,0.2812,5.458391
662,redandblack,driving_B_2019.12.16_12.27.05.csv,train/driving_B_2019.12.16_12.27.05.csv#block-000@time-780.000s,block-000,780.000,40.6492,40.65,40.65,0.0000,0.2802,4.340302
663,soldier,driving_B_2019.12.17_07.32.39.csv,train/driving_B_2019.12.17_07.32.39.csv#block-003@time-1594.000s,block-003,1594.000,-19.2091,-19.21,-19.21,0.0000,0.2791,4.688692
664,longdress,driving_B_2020.01.16_09.56.56.csv,train/driving_B_2020.01.16_09.56.56.csv#block-001@time-1719.000s,block-001,1719.000,36.8745,36.87,36.87,0.0000,0.2780,4.671187
665,loot,static_B_2020.02.27_18.39.27.csv,train/static_B_2020.02.27_18.39.27.csv#block-001@time-2772.000s,block-001,2772.000,74.5714,74.57,74.57,1.4514,0.2769,4.030997
666,redandblack,driving_B_2019.12.16_12.27.05.csv,train/driving_B_2019.12.16_12.27.05.csv#block-000@time-300.000s,block-000,300.000,16.4123,16.41,16.41,0.0000,0.2758,4.981330
667,soldier,driving_B_2020.01.16_12.10.03.csv,train/driving_B_2020.01.16_12.10.03.csv#block-000@time-360.000s,block-000,360.000,58.3777,58.38,58.38,0.0000,0.2747,4.846889
668,longdress,driving_B_2020.02.27_17.30.15.csv,train/driving_B_2020.02.27_17.30.15.csv#block-002@time-353.000s,block-002,353.000,-87.3605,-87.36,-87.36,0.0000,0.2736,4.525735
669,loot,driving_B_2020.02.14_09.38.22.csv,train/driving_B_2020.02.14_09.38.22.csv#block-000@time-1140.000s,block-000,1140.000,-21.5117,-21.51,-21.51,0.0000,0.2725,4.436985
670,redandblack,driving_B_2020.02.14_09.38.22.csv,train/driving_B_2020.02.14_09.38.22.csv#block-000@time-900.000s,block-000,900.000,-84.6446,-84.64,-84.64,0.0000,0.2715,4.877222
671,soldier,driving_B_2019.12.17_07.32.39.csv,train/driving_B_2019.12.17_07.32.39.csv#block-003@time-2014.000s,block-003,2014.000,-23.4573,-23.46,-23.46,0.0000,0.2704,4.673267
672,longdress,driving_B_2020.02.13_13.03.24.csv,train/driving_B_2020.02.13_13.03.24.csv#block-000@time-540.000s,block-000,540.000,30.0932,30.09,30.09,0.0000,0.2693,4.296873
673,loot,driving_B_2020.01.16_12.10.03.csv,train/driving_B_2020.01.16_12.10.03.csv#block-000@time-240.000s,block-000,240.000,77.4485,77.45,77.45,1.6432,0.2682,5.297334
674,redandblack,driving_B_2020.02.13_13.03.24.csv,train/driving_B_2020.02.13_13.03.24.csv#block-000@time-360.000s,block-000,360.000,24.7353,24.74,24.74,0.0000,0.2671,4.232426
675,soldier,driving_B_2020.02.14_12.58.17.csv,train/driving_B_2020.02.14_12.58.17.csv#block-002@time-536.000s,block-002,536.000,-196.6888,-196.69,-196.69,0.0000,0.2660,4.174454
676,longdress,static_B_2020.02.14_13.21.26.csv,train/static_B_2020.02.14_13.21.26.csv#block-000@time-60.000s,block-000,60.000,79.7396,79.74,79.74,0.4765,0.2649,4.697948
677,loot,driving_B_2020.02.13_15.02.01.csv,train/driving_B_2020.02.13_15.02.01.csv#block-000@time-360.000s,block-000,360.000,58.3833,58.38,58.38,0.0000,0.2638,4.602537
678,redandblack,driving_B_2020.02.13_13.03.24.csv,train/driving_B_2020.02.13_13.03.24.csv#block-000@time-240.000s,block-000,240.000,7.5157,7.52,7.52,0.0000,0.2628,4.793031
679,soldier,driving_B_2020.02.14_12.58.17.csv,train/driving_B_2020.02.14_12.58.17.csv#block-002@time-716.000s,block-002,716.000,24.3173,24.32,24.32,0.0000,0.2617,5.540702
680,longdress,driving_B_2020.02.14_12.58.17.csv,train/driving_B_2020.02.14_12.58.17.csv#block-002@time-656.000s,block-002,656.000,41.0270,41.03,41.03,0.0000,0.2606,5.348661
681,loot,driving_B_2020.02.13_13.03.24.csv,train/driving_B_2020.02.13_13.03.24.csv#block-001@time-1874.000s,block-001,1874.000,-117.5619,-117.56,-117.56,0.0000,0.2595,5.416036
682,redandblack,static_B_2019.12.16_13.40.04.csv,train/static_B_2019.12.16_13.40.04.csv#block-001@time-1015.000s,block-001,1015.000,23.2895,23.29,23.29,0.0000,0.2584,4.926280
683,soldier,static_B_2019.12.16_13.40.04.csv,train/static_B_2019.12.16_13.40.04.csv#block-005@time-1526.000s,block-005,1526.000,53.7347,53.73,53.73,0.0000,0.2573,5.515501
684,longdress,driving_B_2020.02.14_12.58.17.csv,train/driving_B_2020.02.14_12.58.17.csv#block-000@time-0.000s,block-000,0.000,3.1551,3.16,3.16,0.0000,0.2562,4.962467
685,loot,driving_B_2020.02.13_15.02.01.csv,train/driving_B_2020.02.13_15.02.01.csv#block-000@time-2160.000s,block-000,2160.000,60.6272,60.63,60.63,0.0000,0.2551,5.266249
686,redandblack,driving_B_2020.01.16_12.10.03.csv,train/driving_B_2020.01.16_12.10.03.csv#block-000@time-120.000s,block-000,120.000,74.0924,74.09,74.09,1.0948,0.2541,5.534539
687,soldier,driving_B_2019.12.17_07.32.39.csv,train/driving_B_2019.12.17_07.32.39.csv#block-004@time-2537.000s,block-004,2537.000,79.1368,79.14,79.14,1.2859,0.2530,5.279849
688,longdress,driving_B_2020.01.16_07.26.43.csv,train/driving_B_2020.01.16_07.26.43.csv#block-000@time-720.000s,block-000,720.000,18.1698,18.17,18.17,0.0000,0.2519,4.971728
689,loot,driving_B_2020.02.13_15.02.01.csv,train/driving_B_2020.02.13_15.02.01.csv#block-000@time-2040.000s,block-000,2040.000,72.4875,72.49,72.49,0.0000,0.2508,5.230231
690,redandblack,driving_B_2020.01.16_12.10.03.csv,train/driving_B_2020.01.16_12.10.03.csv#block-000@time-60.000s,block-000,60.000,31.0642,31.06,31.06,0.0000,0.2497,4.946483
691,soldier,driving_B_2020.02.27_17.30.15.csv,train/driving_B_2020.02.27_17.30.15.csv#block-002@time-293.000s,block-002,293.000,-238.6508,-238.65,-238.65,0.0000,0.2486,5.393309
692,longdress,driving_B_2020.02.14_12.58.17.csv,train/driving_B_2020.02.14_12.58.17.csv#block-002@time-716.000s,block-002,716.000,30.3331,30.33,30.33,0.0000,0.2475,4.633613
693,loot,driving_B_2020.02.14_09.38.22.csv,train/driving_B_2020.02.14_09.38.22.csv#block-000@time-1080.000s,block-000,1080.000,78.0756,78.08,78.08,0.4457,0.2464,4.862056
694,redandblack,driving_B_2020.02.14_12.58.17.csv,train/driving_B_2020.02.14_12.58.17.csv#block-000@time-0.000s,block-000,0.000,11.4581,11.46,11.46,0.0000,0.2454,5.458785
695,soldier,static_B_2020.02.14_13.21.26.csv,train/static_B_2020.02.14_13.21.26.csv#block-000@time-300.000s,block-000,300.000,42.7617,42.76,42.76,0.0000,0.2443,4.928696
696,longdress,driving_B_2020.02.13_15.02.01.csv,train/driving_B_2020.02.13_15.02.01.csv#block-000@time-0.000s,block-000,0.000,70.6568,70.66,70.66,0.0000,0.2432,4.509973
697,loot,driving_B_2020.02.13_13.03.24.csv,train/driving_B_2020.02.13_13.03.24.csv#block-000@time-420.000s,block-000,420.000,10.1712,10.17,10.17,0.0000,0.2421,5.246079
698,redandblack,static_B_2019.12.16_13.40.04.csv,train/static_B_2019.12.16_13.40.04.csv#block-001@time-655.000s,block-001,655.000,65.9179,65.92,65.92,0.0000,0.2410,4.982375
699,soldier,driving_B_2020.01.16_09.56.56.csv,train/driving_B_2020.01.16_09.56.56.csv#block-001@time-1119.000s,block-001,1119.000,87.8112,87.81,87.81,0.0000,0.2399,5.024444
700,longdress,driving_B_2019.12.17_07.32.39.csv,train/driving_B_2019.12.17_07.32.39.csv#block-003@time-1534.000s,block-003,1534.000,48.7896,48.79,48.79,0.0000,0.2388,4.604339
701,loot,static_B_2020.02.14_13.21.26.csv,train/static_B_2020.02.14_13.21.26.csv#block-000@time-180.000s,block-000,180.000,75.5849,75.58,75.58,0.0000,0.2377,4.993677
702,redandblack,driving_B_2020.02.14_12.58.17.csv,train/driving_B_2020.02.14_12.58.17.csv#block-000@time-0.000s,block-000,0.000,16.0729,16.07,16.07,0.0000,0.2367,5.020863
703,soldier,driving_B_2020.02.13_15.02.01.csv,train/driving_B_2020.02.13_15.02.01.csv#block-000@time-2880.000s,block-000,2880.000,49.1194,49.12,49.12,0.0000,0.2356,5.367977
704,longdress,driving_B_2019.12.17_07.32.39.csv,train/driving_B_2019.12.17_07.32.39.csv#block-004@time-2357.000s,block-004,2357.000,-12.9285,-12.93,-12.93,0.0000,0.2345,5.024356
705,loot,driving_B_2020.02.13_13.03.24.csv,train/driving_B_2020.02.13_13.03.24.csv#block-001@time-1634.000s,block-001,1634.000,32.7565,32.76,32.76,0.0000,0.2334,5.554298
706,redandblack,driving_B_2020.02.27_17.30.15.csv,train/driving_B_2020.02.27_17.30.15.csv#block-002@time-293.000s,block-002,293.000,-89.0729,-89.07,-89.07,0.0000,0.2323,4.739157
707,soldier,driving_B_2020.02.14_09.38.22.csv,train/driving_B_2020.02.14_09.38.22.csv#block-000@time-1440.000s,block-000,1440.000,86.2023,86.20,86.20,0.0000,0.2312,4.550476
708,longdress,driving_B_2020.01.16_07.26.43.csv,train/driving_B_2020.01.16_07.26.43.csv#block-000@time-960.000s,block-000,960.000,-44.6926,-44.69,-44.69,0.0000,0.2301,5.128348
709,loot,driving_B_2020.01.16_07.26.43.csv,train/driving_B_2020.01.16_07.26.43.csv#block-000@time-1560.000s,block-000,1560.000,-3.6074,-3.61,-3.61,0.0000,0.2290,4.378867
710,redandblack,static_B_2020.02.14_13.21.26.csv,train/static_B_2020.02.14_13.21.26.csv#block-000@time-420.000s,block-000,420.000,71.5093,71.51,71.51,0.4432,0.2280,5.235773
711,soldier,driving_B_2020.01.16_12.10.03.csv,train/driving_B_2020.01.16_12.10.03.csv#block-000@time-240.000s,block-000,240.000,64.2469,64.25,64.25,0.7528,0.2269,5.534376
712,longdress,static_B_2020.02.27_18.39.27.csv,train/static_B_2020.02.27_18.39.27.csv#block-001@time-2532.000s,block-001,2532.000,53.9689,53.97,53.97,0.0000,0.2258,5.150792
713,loot,driving_B_2020.01.16_09.56.56.csv,train/driving_B_2020.01.16_09.56.56.csv#block-000@time-240.000s,block-000,240.000,40.6141,40.61,40.61,0.0000,0.2247,4.675454
714,redandblack,static_B_2019.12.16_13.40.04.csv,train/static_B_2019.12.16_13.40.04.csv#block-000@time-0.000s,block-000,0.000,67.9936,67.99,67.99,0.0896,0.2236,5.109905
715,soldier,static_B_2020.02.14_13.21.26.csv,train/static_B_2020.02.14_13.21.26.csv#block-000@time-1020.000s,block-000,1020.000,81.3812,81.38,81.38,0.0000,0.2225,5.477867
716,longdress,static_B_2019.12.16_13.40.04.csv,train/static_B_2019.12.16_13.40.04.csv#block-005@time-1466.000s,block-005,1466.000,61.7695,61.77,61.77,0.0000,0.2214,4.581159
717,loot,driving_B_2020.01.16_12.10.03.csv,train/driving_B_2020.01.16_12.10.03.csv#block-000@time-0.000s,block-000,0.000,76.4015,76.40,76.40,2.1997,0.2203,5.277595
718,redandblack,driving_B_2020.02.13_15.02.01.csv,train/driving_B_2020.02.13_15.02.01.csv#block-000@time-840.000s,block-000,840.000,32.1387,32.14,32.14,0.0000,0.2193,5.097424
719,soldier,static_B_2019.12.16_13.40.04.csv,train/static_B_2019.12.16_13.40.04.csv#block-001@time-595.000s,block-001,595.000,81.2957,81.30,81.30,0.0000,0.2182,4.931174
720,longdress,static_B_2020.02.27_18.39.27.csv,train/static_B_2020.02.27_18.39.27.csv#block-001@time-1692.000s,block-001,1692.000,44.4483,44.45,44.45,0.0000,0.2171,4.769370
721,loot,driving_B_2019.12.17_07.32.39.csv,train/driving_B_2019.12.17_07.32.39.csv#block-003@time-1774.000s,block-003,1774.000,35.7854,35.79,35.79,0.0000,0.2160,4.619782
722,redandblack,driving_B_2020.02.14_09.38.22.csv,train/driving_B_2020.02.14_09.38.22.csv#block-000@time-720.000s,block-000,720.000,79.2361,79.24,79.24,1.3126,0.2149,4.678568
723,soldier,driving_B_2020.02.13_15.02.01.csv,train/driving_B_2020.02.13_15.02.01.csv#block-000@time-3000.000s,block-000,3000.000,-13.7135,-13.71,-13.71,0.0000,0.2138,5.131044
724,longdress,driving_B_2020.01.16_12.10.03.csv,train/driving_B_2020.01.16_12.10.03.csv#block-000@time-360.000s,block-000,360.000,80.2549,80.25,80.25,0.0000,0.2127,5.000757
725,loot,driving_B_2020.01.16_07.26.43.csv,train/driving_B_2020.01.16_07.26.43.csv#block-000@time-0.000s,block-000,0.000,23.6206,23.62,23.62,0.0000,0.2117,4.644578
726,redandblack,static_B_2019.12.16_13.40.04.csv,train/static_B_2019.12.16_13.40.04.csv#block-005@time-1826.000s,block-005,1826.000,70.8443,70.84,70.84,0.0000,0.2106,4.693472
727,soldier,driving_B_2020.02.27_17.30.15.csv,train/driving_B_2020.02.27_17.30.15.csv#block-002@time-353.000s,block-002,353.000,-242.7282,-242.73,-242.73,0.0000,0.2095,5.046540
728,longdress,driving_B_2020.02.27_17.30.15.csv,train/driving_B_2020.02.27_17.30.15.csv#block-002@time-293.000s,block-002,293.000,-277.7445,-277.74,-277.74,0.0000,0.2084,5.399438
729,loot,driving_B_2020.01.16_12.10.03.csv,train/driving_B_2020.01.16_12.10.03.csv#block-000@time-180.000s,block-000,180.000,81.1973,81.20,81.20,0.0000,0.2073,5.182697
730,redandblack,driving_B_2020.01.16_12.10.03.csv,train/driving_B_2020.01.16_12.10.03.csv#block-000@time-180.000s,block-000,180.000,79.6951,79.70,79.70,0.0000,0.2062,5.321883
731,soldier,static_B_2020.02.27_18.39.27.csv,train/static_B_2020.02.27_18.39.27.csv#block-001@time-6012.000s,block-001,6012.000,81.8645,81.86,81.86,0.0000,0.2051,5.079028
732,longdress,driving_B_2020.01.16_12.10.03.csv,train/driving_B_2020.01.16_12.10.03.csv#block-000@time-300.000s,block-000,300.000,50.0682,50.07,50.07,0.0219,0.2040,4.525861
733,loot,driving_B_2019.12.16_12.27.05.csv,train/driving_B_2019.12.16_12.27.05.csv#block-000@time-1020.000s,block-000,1020.000,81.7870,81.79,81.79,0.0000,0.2030,5.481712
734,redandblack,driving_B_2020.01.16_12.10.03.csv,train/driving_B_2020.01.16_12.10.03.csv#block-000@time-120.000s,block-000,120.000,71.1002,71.10,71.10,1.8250,0.2019,4.864258
735,soldier,driving_B_2019.12.17_07.32.39.csv,train/driving_B_2019.12.17_07.32.39.csv#block-004@time-2297.000s,block-004,2297.000,73.4349,73.43,73.43,0.0000,0.2008,5.105521
736,longdress,driving_B_2020.02.13_13.03.24.csv,train/driving_B_2020.02.13_13.03.24.csv#block-001@time-1814.000s,block-001,1814.000,23.5861,23.59,23.59,0.0044,0.1997,4.715947
737,loot,driving_B_2020.02.13_15.02.01.csv,train/driving_B_2020.02.13_15.02.01.csv#block-000@time-1260.000s,block-000,1260.000,36.2790,36.28,36.28,0.0000,0.1986,4.506313
738,redandblack,driving_B_2020.01.16_09.56.56.csv,train/driving_B_2020.01.16_09.56.56.csv#block-001@time-519.000s,block-001,519.000,62.8134,62.81,62.81,0.0000,0.1975,4.638962
739,soldier,static_B_2020.02.27_18.39.27.csv,train/static_B_2020.02.27_18.39.27.csv#block-001@time-1092.000s,block-001,1092.000,60.3864,60.39,60.39,0.0000,0.1964,4.893190
740,longdress,driving_B_2020.02.13_13.03.24.csv,train/driving_B_2020.02.13_13.03.24.csv#block-001@time-1334.000s,block-001,1334.000,19.8018,19.80,19.80,0.0000,0.1953,4.592319
741,loot,static_B_2020.02.27_18.39.27.csv,train/static_B_2020.02.27_18.39.27.csv#block-001@time-72.000s,block-001,72.000,67.2649,67.26,67.26,1.6226,0.1943,5.376516
742,redandblack,driving_B_2020.02.27_17.30.15.csv,train/driving_B_2020.02.27_17.30.15.csv#block-002@time-353.000s,block-002,353.000,-67.8041,-67.80,-67.80,0.0000,0.1932,4.543670
743,soldier,static_B_2020.02.14_13.21.26.csv,train/static_B_2020.02.14_13.21.26.csv#block-000@time-540.000s,block-000,540.000,79.4350,79.43,79.43,0.0000,0.1921,4.964615
744,longdress,static_B_2020.02.14_13.21.26.csv,train/static_B_2020.02.14_13.21.26.csv#block-000@time-900.000s,block-000,900.000,60.1521,60.15,60.15,0.0000,0.1910,5.021864
745,loot,driving_B_2020.02.14_09.38.22.csv,train/driving_B_2020.02.14_09.38.22.csv#block-000@time-540.000s,block-000,540.000,11.2449,11.24,11.24,0.0000,0.1899,4.916561
746,redandblack,driving_B_2019.12.16_12.27.05.csv,train/driving_B_2019.12.16_12.27.05.csv#block-000@time-60.000s,block-000,60.000,34.9500,34.95,34.95,0.0000,0.1888,4.955896
747,soldier,driving_B_2020.01.16_09.56.56.csv,train/driving_B_2020.01.16_09.56.56.csv#block-000@time-360.000s,block-000,360.000,42.9187,42.92,42.92,0.0000,0.1877,4.840161
748,longdress,static_B_2020.02.14_13.21.26.csv,train/static_B_2020.02.14_13.21.26.csv#block-000@time-300.000s,block-000,300.000,50.4477,50.45,50.45,0.0000,0.1866,5.046817
749,loot,static_B_2019.12.16_13.40.04.csv,train/static_B_2019.12.16_13.40.04.csv#block-006@time-2232.000s,block-006,2232.000,78.0199,78.02,78.02,1.4663,0.1856,4.456455
750,redandblack,driving_B_2020.01.16_07.26.43.csv,train/driving_B_2020.01.16_07.26.43.csv#block-000@time-1080.000s,block-000,1080.000,57.6826,57.68,57.68,0.0000,0.1845,5.185593
751,soldier,driving_B_2019.12.17_07.32.39.csv,train/driving_B_2019.12.17_07.32.39.csv#block-000@time-420.000s,block-000,420.000,35.1999,35.20,35.20,0.0000,0.1834,4.488345
752,longdress,static_B_2019.12.16_13.40.04.csv,train/static_B_2019.12.16_13.40.04.csv#block-005@time-1586.000s,block-005,1586.000,-33.1135,-33.11,-33.11,0.0000,0.1823,5.044264
753,loot,driving_B_2019.12.17_07.32.39.csv,train/driving_B_2019.12.17_07.32.39.csv#block-000@time-900.000s,block-000,900.000,29.7995,29.80,29.80,0.0000,0.1812,5.088645
754,redandblack,static_B_2020.02.27_18.39.27.csv,train/static_B_2020.02.27_18.39.27.csv#block-001@time-1152.000s,block-001,1152.000,79.2973,79.30,79.30,0.0000,0.1801,5.667778
755,soldier,driving_B_2020.01.16_12.10.03.csv,train/driving_B_2020.01.16_12.10.03.csv#block-000@time-240.000s,block-000,240.000,72.9570,72.96,72.96,0.4089,0.1790,5.403646
756,longdress,driving_B_2020.01.16_09.56.56.csv,train/driving_B_2020.01.16_09.56.56.csv#block-001@time-1059.000s,block-001,1059.000,21.1613,21.16,21.16,1.1199,0.1779,4.868390
757,loot,driving_B_2020.02.27_17.30.15.csv,train/driving_B_2020.02.27_17.30.15.csv#block-002@time-413.000s,block-002,413.000,-12.9562,-12.96,-12.96,0.0000,0.1769,5.062749
758,redandblack,driving_B_2020.02.13_13.03.24.csv,train/driving_B_2020.02.13_13.03.24.csv#block-001@time-914.000s,block-001,914.000,-101.9066,-101.91,-101.91,0.0000,0.1758,5.999755
759,soldier,driving_B_2020.02.14_09.38.22.csv,train/driving_B_2020.02.14_09.38.22.csv#block-000@time-1560.000s,block-000,1560.000,20.0865,20.09,20.09,0.0000,0.1747,5.639238
760,longdress,static_B_2020.02.27_18.39.27.csv,train/static_B_2020.02.27_18.39.27.csv#block-001@time-4932.000s,block-001,4932.000,51.3491,51.35,51.35,0.0000,0.1736,4.842535
761,loot,driving_B_2020.01.16_12.10.03.csv,train/driving_B_2020.01.16_12.10.03.csv#block-000@time-0.000s,block-000,0.000,74.8944,74.89,74.89,2.5377,0.1725,5.778250
762,redandblack,driving_B_2019.12.17_07.32.39.csv,train/driving_B_2019.12.17_07.32.39.csv#block-004@time-2417.000s,block-004,2417.000,45.7933,45.79,45.79,0.0000,0.1714,4.900383
763,soldier,driving_B_2020.01.16_12.10.03.csv,train/driving_B_2020.01.16_12.10.03.csv#block-000@time-360.000s,block-000,360.000,74.5140,74.51,74.51,0.0000,0.1703,5.305715
764,longdress,driving_B_2020.02.14_09.38.22.csv,train/driving_B_2020.02.14_09.38.22.csv#block-000@time-1500.000s,block-000,1500.000,-18.8117,-18.81,-18.81,0.0000,0.1692,5.974862
765,loot,static_B_2020.02.27_18.39.27.csv,train/static_B_2020.02.27_18.39.27.csv#block-001@time-3552.000s,block-001,3552.000,41.4067,41.41,41.41,0.0000,0.1682,5.423734
766,redandblack,driving_B_2020.01.16_12.10.03.csv,train/driving_B_2020.01.16_12.10.03.csv#block-000@time-300.000s,block-000,300.000,44.8231,44.82,44.82,0.0000,0.1671,5.227391
767,soldier,driving_B_2020.02.14_09.38.22.csv,train/driving_B_2020.02.14_09.38.22.csv#block-000@time-1200.000s,block-000,1200.000,1.2428,1.24,1.24,0.0000,0.1660,5.959344
768,longdress,driving_B_2020.02.14_12.58.17.csv,train/driving_B_2020.02.14_12.58.17.csv#block-002@time-536.000s,block-002,536.000,-146.4705,-146.47,-146.47,0.0000,0.1649,5.000637
769,loot,driving_B_2020.02.14_12.58.17.csv,train/driving_B_2020.02.14_12.58.17.csv#block-002@time-656.000s,block-002,656.000,41.5003,41.50,41.50,0.0000,0.1638,5.588640
770,redandblack,driving_B_2020.02.27_17.30.15.csv,train/driving_B_2020.02.27_17.30.15.csv#block-002@time-413.000s,block-002,413.000,20.3257,20.33,20.33,0.0000,0.1627,5.072335
771,soldier,driving_B_2020.02.13_15.02.01.csv,train/driving_B_2020.02.13_15.02.01.csv#block-000@time-1140.000s,block-000,1140.000,69.0556,69.06,69.06,0.0000,0.1616,5.230800
772,longdress,driving_B_2020.02.27_17.30.15.csv,train/driving_B_2020.02.27_17.30.15.csv#block-002@time-533.000s,block-002,533.000,-15.6346,-15.63,-15.63,0.0000,0.1605,5.071775
773,loot,driving_B_2020.02.27_17.30.15.csv,train/driving_B_2020.02.27_17.30.15.csv#block-002@time-533.000s,block-002,533.000,-35.9529,-35.95,-35.95,0.0000,0.1595,5.893223
774,redandblack,driving_B_2020.01.16_12.10.03.csv,train/driving_B_2020.01.16_12.10.03.csv#block-000@time-0.000s,block-000,0.000,81.6392,81.64,81.64,1.6500,0.1584,5.427830
775,soldier,driving_B_2019.12.17_07.32.39.csv,train/driving_B_2019.12.17_07.32.39.csv#block-000@time-120.000s,block-000,120.000,-2.4733,-2.47,-2.47,0.0000,0.1573,5.111924
776,longdress,static_B_2019.12.16_13.40.04.csv,train/static_B_2019.12.16_13.40.04.csv#block-005@time-1766.000s,block-005,1766.000,82.1539,82.15,82.15,0.0259,0.1562,5.837839
777,loot,driving_B_2020.02.14_12.58.17.csv,train/driving_B_2020.02.14_12.58.17.csv#block-002@time-596.000s,block-002,596.000,0.0093,0.01,0.01,0.0000,0.1551,4.844442
778,redandblack,driving_B_2020.02.14_09.38.22.csv,train/driving_B_2020.02.14_09.38.22.csv#block-000@time-1260.000s,block-000,1260.000,29.8946,29.89,29.89,0.0000,0.1540,5.282202
779,soldier,driving_B_2020.02.13_15.02.01.csv,train/driving_B_2020.02.13_15.02.01.csv#block-000@time-540.000s,block-000,540.000,15.1964,15.20,15.20,0.0000,0.1529,5.272749
780,longdress,driving_B_2019.12.17_07.32.39.csv,train/driving_B_2019.12.17_07.32.39.csv#block-003@time-1894.000s,block-003,1894.000,-1.0387,-1.04,-1.04,0.0000,0.1518,4.902515
781,loot,driving_B_2020.02.13_13.03.24.csv,train/driving_B_2020.02.13_13.03.24.csv#block-001@time-1514.000s,block-001,1514.000,-24.9844,-24.98,-24.98,0.0000,0.1508,5.495330
782,redandblack,driving_B_2020.02.14_09.38.22.csv,train/driving_B_2020.02.14_09.38.22.csv#block-000@time-780.000s,block-000,780.000,78.9335,78.93,78.93,0.0000,0.1497,5.954960
783,soldier,static_B_2020.02.27_18.39.27.csv,train/static_B_2020.02.27_18.39.27.csv#block-001@time-3612.000s,block-001,3612.000,-67.8701,-67.87,-67.87,0.0000,0.1486,5.215438
784,longdress,driving_B_2020.02.14_12.58.17.csv,train/driving_B_2020.02.14_12.58.17.csv#block-002@time-716.000s,block-002,716.000,20.6905,20.69,20.69,0.0000,0.1475,6.226035
785,loot,static_B_2020.02.14_13.21.26.csv,train/static_B_2020.02.14_13.21.26.csv#block-000@time-840.000s,block-000,840.000,82.6790,82.68,82.68,1.4386,0.1464,5.254378
786,redandblack,static_B_2020.02.14_13.21.26.csv,train/static_B_2020.02.14_13.21.26.csv#block-000@time-540.000s,block-000,540.000,82.4425,82.44,82.44,0.0000,0.1453,5.282801
787,soldier,driving_B_2020.01.16_09.56.56.csv,train/driving_B_2020.01.16_09.56.56.csv#block-001@time-939.000s,block-001,939.000,14.3661,14.37,14.37,0.0000,0.1442,5.000424
788,longdress,driving_B_2020.02.13_13.03.24.csv,train/driving_B_2020.02.13_13.03.24.csv#block-001@time-1694.000s,block-001,1694.000,27.5409,27.54,27.54,0.0000,0.1431,5.338139
789,loot,driving_B_2020.02.13_15.02.01.csv,train/driving_B_2020.02.13_15.02.01.csv#block-000@time-1080.000s,block-000,1080.000,-35.0505,-35.05,-35.05,0.0000,0.1421,4.908509
790,redandblack,driving_B_2020.02.27_17.30.15.csv,train/driving_B_2020.02.27_17.30.15.csv#block-002@time-473.000s,block-002,473.000,-263.5639,-263.56,-263.56,0.0000,0.1410,5.226305
791,soldier,driving_B_2020.02.14_09.38.22.csv,train/driving_B_2020.02.14_09.38.22.csv#block-000@time-1200.000s,block-000,1200.000,-0.5005,-0.50,-0.50,0.0000,0.1399,5.256257
792,longdress,static_B_2019.12.16_13.40.04.csv,train/static_B_2019.12.16_13.40.04.csv#block-005@time-1646.000s,block-005,1646.000,62.7632,62.76,62.76,0.3811,0.1388,5.332885
793,loot,driving_B_2020.02.13_15.02.01.csv,train/driving_B_2020.02.13_15.02.01.csv#block-000@time-300.000s,block-000,300.000,78.6081,78.61,78.61,1.4502,0.1377,4.959412
794,redandblack,driving_B_2020.01.16_09.56.56.csv,train/driving_B_2020.01.16_09.56.56.csv#block-001@time-1179.000s,block-001,1179.000,-19.6475,-19.65,-19.65,0.0000,0.1366,5.572061
795,soldier,driving_B_2020.02.27_17.30.15.csv,train/driving_B_2020.02.27_17.30.15.csv#block-002@time-473.000s,block-002,473.000,-351.8301,-351.83,-351.83,0.0000,0.1355,5.973179
796,longdress,static_B_2020.02.27_18.39.27.csv,train/static_B_2020.02.27_18.39.27.csv#block-001@time-4092.000s,block-001,4092.000,53.0066,53.01,53.01,0.0000,0.1344,5.733845
797,loot,driving_B_2020.02.13_15.02.01.csv,train/driving_B_2020.02.13_15.02.01.csv#block-000@time-1620.000s,block-000,1620.000,-36.2666,-36.27,-36.27,0.0000,0.1334,5.664180
798,redandblack,static_B_2019.12.16_13.40.04.csv,train/static_B_2019.12.16_13.40.04.csv#block-000@time-240.000s,block-000,240.000,56.8949,56.89,56.89,0.0000,0.1323,4.466766
799,soldier,driving_B_2020.01.16_07.26.43.csv,train/driving_B_2020.01.16_07.26.43.csv#block-000@time-1740.000s,block-000,1740.000,-40.8534,-40.85,-40.85,0.0000,0.1312,4.841552
800,longdress,static_B_2019.12.16_13.40.04.csv,train/static_B_2019.12.16_13.40.04.csv#block-005@time-2006.000s,block-005,2006.000,41.6656,41.67,41.67,0.0000,0.1301,5.020753
801,loot,driving_B_2019.12.16_12.27.05.csv,train/driving_B_2019.12.16_12.27.05.csv#block-000@time-840.000s,block-000,840.000,54.4162,54.42,54.42,0.0000,0.1290,5.360207
802,redandblack,driving_B_2020.02.27_17.30.15.csv,train/driving_B_2020.02.27_17.30.15.csv#block-002@time-473.000s,block-002,473.000,-82.8810,-82.88,-82.88,0.0000,0.1279,5.361511
803,soldier,driving_B_2020.02.14_12.58.17.csv,train/driving_B_2020.02.14_12.58.17.csv#block-002@time-596.000s,block-002,596.000,-15.1628,-15.16,-15.16,0.0000,0.1268,5.532027
804,longdress,static_B_2020.02.14_13.21.26.csv,train/static_B_2020.02.14_13.21.26.csv#block-000@time-660.000s,block-000,660.000,71.5831,71.58,71.58,0.9910,0.1257,5.873086
805,loot,driving_B_2020.02.14_12.58.17.csv,train/driving_B_2020.02.14_12.58.17.csv#block-002@time-596.000s,block-002,596.000,2.7259,2.73,2.73,0.0000,0.1247,6.037106
806,redandblack,static_B_2020.02.27_18.39.27.csv,train/static_B_2020.02.27_18.39.27.csv#block-001@time-12.000s,block-001,12.000,91.3253,91.33,91.33,0.6870,0.1236,5.477240
807,soldier,static_B_2020.02.14_13.21.26.csv,train/static_B_2020.02.14_13.21.26.csv#block-000@time-720.000s,block-000,720.000,75.9141,75.91,75.91,0.0000,0.1225,5.549700
808,longdress,driving_B_2019.12.16_12.27.05.csv,train/driving_B_2019.12.16_12.27.05.csv#block-000@time-120.000s,block-000,120.000,45.8130,45.81,45.81,0.0000,0.1214,5.801912
809,loot,static_B_2020.02.27_18.39.27.csv,train/static_B_2020.02.27_18.39.27.csv#block-001@time-5292.000s,block-001,5292.000,-16.2099,-16.21,-16.21,0.0000,0.1203,5.453559
810,redandblack,driving_B_2020.02.14_09.38.22.csv,train/driving_B_2020.02.14_09.38.22.csv#block-000@time-480.000s,block-000,480.000,-3.7162,-3.72,-3.72,0.0000,0.1192,5.524912
811,soldier,driving_B_2020.02.13_13.03.24.csv,train/driving_B_2020.02.13_13.03.24.csv#block-001@time-1154.000s,block-001,1154.000,-47.2869,-47.29,-47.29,0.0000,0.1181,4.942968
812,longdress,driving_B_2020.01.16_12.10.03.csv,train/driving_B_2020.01.16_12.10.03.csv#block-000@time-180.000s,block-000,180.000,63.9788,63.98,63.98,0.0000,0.1170,4.616716
813,loot,driving_B_2020.02.13_15.02.01.csv,train/driving_B_2020.02.13_15.02.01.csv#block-000@time-1020.000s,block-000,1020.000,85.0661,85.07,85.07,1.9808,0.1160,5.174933
814,redandblack,driving_B_2020.02.13_13.03.24.csv,train/driving_B_2020.02.13_13.03.24.csv#block-007@time-2290.000s,block-007,2290.000,-159.9747,-159.97,-159.97,0.0000,0.1149,5.129462
815,soldier,driving_B_2020.02.13_15.02.01.csv,train/driving_B_2020.02.13_15.02.01.csv#block-000@time-1800.000s,block-000,1800.000,-31.2615,-31.26,-31.26,0.0000,0.1138,5.186574
816,longdress,driving_B_2020.01.16_07.26.43.csv,train/driving_B_2020.01.16_07.26.43.csv#block-000@time-1440.000s,block-000,1440.000,47.2524,47.25,47.25,0.0000,0.1127,5.488567
817,loot,static_B_2020.02.27_18.39.27.csv,train/static_B_2020.02.27_18.39.27.csv#block-001@time-3972.000s,block-001,3972.000,82.4080,82.41,82.41,0.0000,0.1116,4.563562
818,redandblack,driving_B_2020.02.27_17.30.15.csv,train/driving_B_2020.02.27_17.30.15.csv#block-002@time-473.000s,block-002,473.000,-118.5535,-118.55,-118.55,0.0000,0.1105,5.163931
819,soldier,driving_B_2020.02.13_15.02.01.csv,train/driving_B_2020.02.13_15.02.01.csv#block-000@time-1920.000s,block-000,1920.000,59.2806,59.28,59.28,0.0000,0.1094,4.616650
820,longdress,static_B_2019.12.16_13.40.04.csv,train/static_B_2019.12.16_13.40.04.csv#block-001@time-715.000s,block-001,715.000,50.8428,50.84,50.84,0.0000,0.1083,5.113920
821,loot,driving_B_2020.01.16_09.56.56.csv,train/driving_B_2020.01.16_09.56.56.csv#block-001@time-1119.000s,block-001,1119.000,78.8082,78.81,78.81,1.6898,0.1073,5.348773
822,redandblack,static_B_2019.12.16_13.40.04.csv,train/static_B_2019.12.16_13.40.04.csv#block-005@time-1946.000s,block-005,1946.000,80.6423,80.64,80.64,0.0000,0.1062,5.232525
823,soldier,static_B_2020.02.14_13.21.26.csv,train/static_B_2020.02.14_13.21.26.csv#block-000@time-120.000s,block-000,120.000,66.4854,66.49,66.49,0.9400,0.1051,4.762064
824,longdress,driving_B_2020.02.14_12.58.17.csv,train/driving_B_2020.02.14_12.58.17.csv#block-002@time-596.000s,block-002,596.000,12.4762,12.48,12.48,0.0000,0.1040,4.813684
825,loot,driving_B_2020.02.14_09.38.22.csv,train/driving_B_2020.02.14_09.38.22.csv#block-000@time-1320.000s,block-000,1320.000,-17.1218,-17.12,-17.12,0.0000,0.1029,5.085797
826,redandblack,static_B_2020.02.14_13.21.26.csv,train/static_B_2020.02.14_13.21.26.csv#block-000@time-360.000s,block-000,360.000,71.8467,71.85,71.85,0.0000,0.1018,5.388962
827,soldier,driving_B_2020.01.16_09.56.56.csv,train/driving_B_2020.01.16_09.56.56.csv#block-000@time-0.000s,block-000,0.000,3.5918,3.59,3.59,0.0000,0.1007,5.161293
828,longdress,driving_B_2020.02.14_12.58.17.csv,train/driving_B_2020.02.14_12.58.17.csv#block-002@time-656.000s,block-002,656.000,50.9337,50.93,50.93,0.0000,0.0996,4.771370
829,loot,driving_B_2019.12.16_12.27.05.csv,train/driving_B_2019.12.16_12.27.05.csv#block-000@time-0.000s,block-000,0.000,48.0413,48.04,48.04,0.0000,0.0986,6.088189
830,redandblack,driving_B_2020.01.16_07.26.43.csv,train/driving_B_2020.01.16_07.26.43.csv#block-000@time-360.000s,block-000,360.000,15.3949,15.39,15.39,0.0000,0.0975,6.095573
831,soldier,driving_B_2020.01.16_12.10.03.csv,train/driving_B_2020.01.16_12.10.03.csv#block-000@time-0.000s,block-000,0.000,75.6475,75.65,75.65,1.0688,0.0964,6.090246
832,longdress,driving_B_2020.02.13_15.02.01.csv,train/driving_B_2020.02.13_15.02.01.csv#block-000@time-1980.000s,block-000,1980.000,79.4489,79.45,79.45,0.0000,0.0953,5.399508
833,redandblack,driving_B_2020.01.16_07.26.43.csv,train/driving_B_2020.01.16_07.26.43.csv#block-000@time-1440.000s,block-000,1440.000,49.9979,50.00,50.00,0.0000,0.0942,5.312804
834,soldier,static_B_2020.02.14_13.21.26.csv,train/static_B_2020.02.14_13.21.26.csv#block-000@time-60.000s,block-000,60.000,79.2924,79.29,79.29,0.6683,0.0931,5.928504
835,longdress,driving_B_2019.12.16_12.27.05.csv,train/driving_B_2019.12.16_12.27.05.csv#block-000@time-300.000s,block-000,300.000,28.6233,28.62,28.62,1.4352,0.0920,5.248398
836,loot,driving_B_2020.02.14_09.38.22.csv,train/driving_B_2020.02.14_09.38.22.csv#block-000@time-1140.000s,block-000,1140.000,-9.5273,-9.53,-9.53,0.0000,0.0909,5.748959
837,redandblack,static_B_2019.12.16_13.40.04.csv,train/static_B_2019.12.16_13.40.04.csv#block-001@time-715.000s,block-001,715.000,46.9421,46.94,46.94,0.0000,0.0899,5.407065
838,soldier,driving_B_2020.01.16_12.10.03.csv,train/driving_B_2020.01.16_12.10.03.csv#block-000@time-360.000s,block-000,360.000,70.0112,70.01,70.01,0.0000,0.0888,5.948700
839,longdress,driving_B_2020.01.16_12.10.03.csv,train/driving_B_2020.01.16_12.10.03.csv#block-000@time-300.000s,block-000,300.000,30.2785,30.28,30.28,0.0000,0.0877,6.007123
840,loot,driving_B_2020.02.13_13.03.24.csv,train/driving_B_2020.02.13_13.03.24.csv#block-001@time-1874.000s,block-001,1874.000,2.1381,2.14,2.14,0.0000,0.0866,5.570959
841,redandblack,static_B_2019.12.16_13.40.04.csv,train/static_B_2019.12.16_13.40.04.csv#block-005@time-1946.000s,block-005,1946.000,82.1441,82.14,82.14,0.0000,0.0855,5.632426
842,soldier,driving_B_2020.02.13_13.03.24.csv,train/driving_B_2020.02.13_13.03.24.csv#block-001@time-1574.000s,block-001,1574.000,13.2130,13.21,13.21,0.0000,0.0844,5.790876
843,longdress,driving_B_2020.02.13_13.03.24.csv,train/driving_B_2020.02.13_13.03.24.csv#block-000@time-600.000s,block-000,600.000,-0.8585,-0.86,-0.86,0.0000,0.0833,5.969969
844,loot,driving_B_2019.12.16_12.27.05.csv,train/driving_B_2019.12.16_12.27.05.csv#block-000@time-60.000s,block-000,60.000,37.8021,37.80,37.80,0.0000,0.0822,5.501365
845,redandblack,driving_B_2020.02.14_12.58.17.csv,train/driving_B_2020.02.14_12.58.17.csv#block-002@time-536.000s,block-002,536.000,-17.9183,-17.92,-17.92,0.0000,0.0812,5.289416
846,soldier,driving_B_2020.02.13_15.02.01.csv,train/driving_B_2020.02.13_15.02.01.csv#block-000@time-2460.000s,block-000,2460.000,69.4958,69.50,69.50,0.0000,0.0801,5.743688
847,longdress,driving_B_2019.12.17_07.32.39.csv,train/driving_B_2019.12.17_07.32.39.csv#block-003@time-1534.000s,block-003,1534.000,44.9138,44.91,44.91,0.0000,0.0790,5.932504
848,loot,driving_B_2020.01.16_07.26.43.csv,train/driving_B_2020.01.16_07.26.43.csv#block-000@time-180.000s,block-000,180.000,9.2783,9.28,9.28,0.0000,0.0779,5.438083
849,redandblack,driving_B_2020.01.16_12.10.03.csv,train/driving_B_2020.01.16_12.10.03.csv#block-000@time-360.000s,block-000,360.000,71.9315,71.93,71.93,0.0000,0.0768,5.815468
850,soldier,driving_B_2020.02.27_17.30.15.csv,train/driving_B_2020.02.27_17.30.15.csv#block-002@time-473.000s,block-002,473.000,-83.1384,-83.14,-83.14,0.0000,0.0757,5.820710
851,longdress,driving_B_2020.02.13_15.02.01.csv,train/driving_B_2020.02.13_15.02.01.csv#block-000@time-1680.000s,block-000,1680.000,19.5892,19.59,19.59,0.7610,0.0746,5.872503
852,loot,static_B_2020.02.14_13.21.26.csv,train/static_B_2020.02.14_13.21.26.csv#block-000@time-300.000s,block-000,300.000,62.1960,62.20,62.20,0.0000,0.0735,5.924024
853,redandblack,driving_B_2019.12.16_12.27.05.csv,train/driving_B_2019.12.16_12.27.05.csv#block-000@time-420.000s,block-000,420.000,-110.2604,-110.26,-110.26,0.0000,0.0725,5.461476
854,soldier,driving_B_2019.12.17_07.32.39.csv,train/driving_B_2019.12.17_07.32.39.csv#block-003@time-2134.000s,block-003,2134.000,46.5496,46.55,46.55,0.0000,0.0714,5.672270
855,longdress,driving_B_2019.12.16_12.27.05.csv,train/driving_B_2019.12.16_12.27.05.csv#block-000@time-1080.000s,block-000,1080.000,81.1839,81.18,81.18,0.0000,0.0703,5.356241
856,loot,driving_B_2020.01.16_09.56.56.csv,train/driving_B_2020.01.16_09.56.56.csv#block-001@time-819.000s,block-001,819.000,66.7060,66.71,66.71,0.0000,0.0692,5.510091
857,redandblack,static_B_2020.02.27_18.39.27.csv,train/static_B_2020.02.27_18.39.27.csv#block-001@time-1212.000s,block-001,1212.000,68.9728,68.97,68.97,0.0000,0.0681,5.183772
858,soldier,static_B_2020.02.14_13.21.26.csv,train/static_B_2020.02.14_13.21.26.csv#block-000@time-240.000s,block-000,240.000,78.5017,78.50,78.50,1.0770,0.0670,5.573881
859,longdress,driving_B_2020.01.16_09.56.56.csv,train/driving_B_2020.01.16_09.56.56.csv#block-001@time-939.000s,block-001,939.000,25.2633,25.26,25.26,0.0000,0.0659,5.419686
860,loot,driving_B_2020.02.14_09.38.22.csv,train/driving_B_2020.02.14_09.38.22.csv#block-000@time-1020.000s,block-000,1020.000,87.7417,87.74,87.74,0.8753,0.0648,5.818398
861,redandblack,driving_B_2019.12.17_07.32.39.csv,train/driving_B_2019.12.17_07.32.39.csv#block-003@time-1954.000s,block-003,1954.000,20.2172,20.22,20.22,0.0000,0.0638,6.172398
862,soldier,driving_B_2020.02.13_15.02.01.csv,train/driving_B_2020.02.13_15.02.01.csv#block-000@time-2940.000s,block-000,2940.000,28.0357,28.04,28.04,0.0000,0.0627,6.576437
863,longdress,driving_B_2020.02.14_12.58.17.csv,train/driving_B_2020.02.14_12.58.17.csv#block-002@time-656.000s,block-002,656.000,29.5140,29.51,29.51,0.0000,0.0616,5.892695
864,loot,driving_B_2020.01.16_09.56.56.csv,train/driving_B_2020.01.16_09.56.56.csv#block-001@time-1179.000s,block-001,1179.000,29.9516,29.95,29.95,0.0000,0.0605,6.070232
865,redandblack,driving_B_2020.01.16_07.26.43.csv,train/driving_B_2020.01.16_07.26.43.csv#block-000@time-900.000s,block-000,900.000,55.0317,55.03,55.03,0.0000,0.0594,5.733506
866,soldier,driving_B_2019.12.17_07.32.39.csv,train/driving_B_2019.12.17_07.32.39.csv#block-000@time-540.000s,block-000,540.000,19.7875,19.79,19.79,0.0000,0.0583,5.368365
867,longdress,driving_B_2020.02.14_09.38.22.csv,train/driving_B_2020.02.14_09.38.22.csv#block-000@time-660.000s,block-000,660.000,31.0118,31.01,31.01,0.0000,0.0572,4.912007
868,loot,driving_B_2020.02.14_09.38.22.csv,train/driving_B_2020.02.14_09.38.22.csv#block-000@time-60.000s,block-000,60.000,10.8941,10.89,10.89,0.0000,0.0561,6.274826
869,redandblack,driving_B_2020.02.27_17.30.15.csv,train/driving_B_2020.02.27_17.30.15.csv#block-002@time-413.000s,block-002,413.000,29.5550,29.55,29.55,0.0000,0.0551,5.582897
870,soldier,static_B_2019.12.16_13.40.04.csv,train/static_B_2019.12.16_13.40.04.csv#block-005@time-1826.000s,block-005,1826.000,55.0684,55.07,55.07,0.0000,0.0540,5.249179
871,longdress,driving_B_2020.02.27_17.30.15.csv,train/driving_B_2020.02.27_17.30.15.csv#block-002@time-353.000s,block-002,353.000,-67.3347,-67.33,-67.33,0.0000,0.0529,5.602316
872,loot,driving_B_2020.01.16_07.26.43.csv,train/driving_B_2020.01.16_07.26.43.csv#block-000@time-1500.000s,block-000,1500.000,28.6465,28.65,28.65,0.0000,0.0518,5.760826
873,redandblack,driving_B_2020.02.14_12.58.17.csv,train/driving_B_2020.02.14_12.58.17.csv#block-002@time-536.000s,block-002,536.000,-4.7564,-4.76,-4.76,0.0000,0.0507,6.168685
874,soldier,driving_B_2019.12.16_12.27.05.csv,train/driving_B_2019.12.16_12.27.05.csv#block-000@time-600.000s,block-000,600.000,12.6736,12.67,12.67,0.0000,0.0500,5.483041
875,longdress,driving_B_2020.02.13_15.02.01.csv,train/driving_B_2020.02.13_15.02.01.csv#block-000@time-2640.000s,block-000,2640.000,-28.0600,-28.06,-28.06,0.0000,0.0500,5.631166
876,loot,driving_B_2020.01.16_09.56.56.csv,train/driving_B_2020.01.16_09.56.56.csv#block-001@time-1059.000s,block-001,1059.000,30.0621,30.06,30.06,0.0000,0.0500,5.968212
877,redandblack,static_B_2020.02.27_18.39.27.csv,train/static_B_2020.02.27_18.39.27.csv#block-001@time-3732.000s,block-001,3732.000,86.4367,86.44,86.44,0.0000,0.0500,5.550918
878,soldier,static_B_2019.12.16_13.40.04.csv,train/static_B_2019.12.16_13.40.04.csv#block-005@time-1526.000s,block-005,1526.000,56.2603,56.26,56.26,0.0000,0.0500,5.516102
879,longdress,driving_B_2020.02.27_17.30.15.csv,train/driving_B_2020.02.27_17.30.15.csv#block-002@time-413.000s,block-002,413.000,28.8683,28.87,28.87,0.0000,0.0500,6.126296
880,loot,driving_B_2020.01.16_12.10.03.csv,train/driving_B_2020.01.16_12.10.03.csv#block-000@time-0.000s,block-000,0.000,84.0320,84.03,84.03,2.0051,0.0500,5.425075
881,redandblack,driving_B_2020.02.14_12.58.17.csv,train/driving_B_2020.02.14_12.58.17.csv#block-002@time-536.000s,block-002,536.000,-86.3288,-86.33,-86.33,0.0000,0.0500,5.567992
882,soldier,driving_B_2020.02.14_09.38.22.csv,train/driving_B_2020.02.14_09.38.22.csv#block-000@time-360.000s,block-000,360.000,-59.1464,-59.15,-59.15,0.0000,0.0500,5.372566
883,longdress,static_B_2020.02.27_18.39.27.csv,train/static_B_2020.02.27_18.39.27.csv#block-001@time-1992.000s,block-001,1992.000,62.1791,62.18,62.18,0.0000,0.0500,5.554923
884,loot,driving_B_2019.12.17_07.32.39.csv,train/driving_B_2019.12.17_07.32.39.csv#block-000@time-720.000s,block-000,720.000,12.3581,12.36,12.36,0.0000,0.0500,5.486663
885,redandblack,driving_B_2020.02.27_17.30.15.csv,train/driving_B_2020.02.27_17.30.15.csv#block-002@time-293.000s,block-002,293.000,-94.2048,-94.20,-94.20,0.0000,0.0500,5.707409
886,soldier,driving_B_2019.12.17_07.32.39.csv,train/driving_B_2019.12.17_07.32.39.csv#block-000@time-660.000s,block-000,660.000,28.9982,29.00,29.00,0.0000,0.0500,5.301021
887,longdress,driving_B_2020.01.16_07.26.43.csv,train/driving_B_2020.01.16_07.26.43.csv#block-000@time-1200.000s,block-000,1200.000,41.7427,41.74,41.74,0.0000,0.0500,5.945902
888,loot,static_B_2020.02.27_18.39.27.csv,train/static_B_2020.02.27_18.39.27.csv#block-001@time-2532.000s,block-001,2532.000,81.7506,81.75,81.75,0.0000,0.0500,5.906028
889,redandblack,driving_B_2019.12.16_12.27.05.csv,train/driving_B_2019.12.16_12.27.05.csv#block-000@time-480.000s,block-000,480.000,28.8387,28.84,28.84,0.0000,0.0500,5.689347
890,soldier,driving_B_2019.12.16_12.27.05.csv,train/driving_B_2019.12.16_12.27.05.csv#block-000@time-0.000s,block-000,0.000,28.7009,28.70,28.70,0.0000,0.0500,5.109549
891,longdress,static_B_2019.12.16_13.40.04.csv,train/static_B_2019.12.16_13.40.04.csv#block-001@time-1135.000s,block-001,1135.000,66.8469,66.85,66.85,0.0000,0.0500,5.339243
892,loot,driving_B_2020.01.16_07.26.43.csv,train/driving_B_2020.01.16_07.26.43.csv#block-000@time-1680.000s,block-000,1680.000,29.4170,29.42,29.42,0.6412,0.0500,5.630463
893,redandblack,driving_B_2020.02.14_09.38.22.csv,train/driving_B_2020.02.14_09.38.22.csv#block-000@time-480.000s,block-000,480.000,26.7438,26.74,26.74,0.0000,0.0500,5.940710
894,soldier,driving_B_2020.02.13_15.02.01.csv,train/driving_B_2020.02.13_15.02.01.csv#block-000@time-1980.000s,block-000,1980.000,86.0266,86.03,86.03,0.0000,0.0500,5.575677
895,longdress,driving_B_2020.02.27_17.30.15.csv,train/driving_B_2020.02.27_17.30.15.csv#block-002@time-473.000s,block-002,473.000,-291.8952,-291.90,-291.90,0.0000,0.0500,5.284825
896,loot,static_B_2020.02.14_13.21.26.csv,train/static_B_2020.02.14_13.21.26.csv#block-000@time-660.000s,block-000,660.000,81.0104,81.01,81.01,1.8481,0.0500,4.903306
897,redandblack,static_B_2019.12.16_13.40.04.csv,train/static_B_2019.12.16_13.40.04.csv#block-005@time-1466.000s,block-005,1466.000,71.8897,71.89,71.89,0.0000,0.0500,5.603238
898,soldier,driving_B_2020.01.16_09.56.56.csv,train/driving_B_2020.01.16_09.56.56.csv#block-001@time-1599.000s,block-001,1599.000,70.6488,70.65,70.65,0.0000,0.0500,5.023018
899,longdress,static_B_2020.02.14_13.21.26.csv,train/static_B_2020.02.14_13.21.26.csv#block-000@time-480.000s,block-000,480.000,58.0516,58.05,58.05,0.0000,0.0500,5.668048
900,loot,static_B_2020.02.14_13.21.26.csv,train/static_B_2020.02.14_13.21.26.csv#block-000@time-420.000s,block-000,420.000,84.4016,84.40,84.40,0.9679,0.0500,5.416910
901,redandblack,driving_B_2020.01.16_07.26.43.csv,train/driving_B_2020.01.16_07.26.43.csv#block-000@time-1620.000s,block-000,1620.000,26.1666,26.17,26.17,0.4237,0.0500,5.194533
902,soldier,driving_B_2020.02.14_12.58.17.csv,train/driving_B_2020.02.14_12.58.17.csv#block-000@time-0.000s,block-000,0.000,23.2670,23.27,23.27,0.0000,0.0500,5.844364
903,longdress,static_B_2020.02.14_13.21.26.csv,train/static_B_2020.02.14_13.21.26.csv#block-000@time-180.000s,block-000,180.000,73.7888,73.79,73.79,0.0000,0.0500,5.751051
904,loot,driving_B_2020.02.27_17.30.15.csv,train/driving_B_2020.02.27_17.30.15.csv#block-002@time-473.000s,block-002,473.000,-194.5857,-194.59,-194.59,0.0000,0.0500,6.378360
905,redandblack,static_B_2020.02.27_18.39.27.csv,train/static_B_2020.02.27_18.39.27.csv#block-001@time-1692.000s,block-001,1692.000,62.9809,62.98,62.98,0.0000,0.0500,6.212540
906,soldier,driving_B_2020.02.13_15.02.01.csv,train/driving_B_2020.02.13_15.02.01.csv#block-000@time-480.000s,block-000,480.000,81.7610,81.76,81.76,0.1956,0.0500,6.281159
907,longdress,static_B_2020.02.27_18.39.27.csv,train/static_B_2020.02.27_18.39.27.csv#block-001@time-3312.000s,block-001,3312.000,46.7659,46.77,46.77,0.0000,0.0500,6.328689
908,loot,driving_B_2020.02.14_12.58.17.csv,train/driving_B_2020.02.14_12.58.17.csv#block-002@time-716.000s,block-002,716.000,33.0538,33.05,33.05,0.0000,0.0500,5.761846
909,redandblack,driving_B_2020.02.14_12.58.17.csv,train/driving_B_2020.02.14_12.58.17.csv#block-002@time-716.000s,block-002,716.000,23.7951,23.80,23.80,0.0000,0.0500,5.492677
910,soldier,driving_B_2020.02.13_13.03.24.csv,train/driving_B_2020.02.13_13.03.24.csv#block-000@time-300.000s,block-000,300.000,31.1149,31.11,31.11,0.0000,0.0500,6.075221
911,longdress,driving_B_2020.01.16_09.56.56.csv,train/driving_B_2020.01.16_09.56.56.csv#block-001@time-759.000s,block-001,759.000,32.2116,32.21,32.21,0.5868,0.0500,5.776575
912,loot,static_B_2020.02.14_13.21.26.csv,train/static_B_2020.02.14_13.21.26.csv#block-000@time-420.000s,block-000,420.000,84.7741,84.77,84.77,0.9074,0.0500,6.559263
913,redandblack,driving_B_2020.01.16_09.56.56.csv,train/driving_B_2020.01.16_09.56.56.csv#block-000@time-120.000s,block-000,120.000,-32.1444,-32.14,-32.14,0.0000,0.0500,5.276018
914,soldier,driving_B_2020.02.13_13.03.24.csv,train/driving_B_2020.02.13_13.03.24.csv#block-001@time-1514.000s,block-001,1514.000,-21.2462,-21.25,-21.25,0.0000,0.0500,6.233728
915,longdress,driving_B_2019.12.16_12.27.05.csv,train/driving_B_2019.12.16_12.27.05.csv#block-000@time-720.000s,block-000,720.000,27.1263,27.13,27.13,0.0000,0.0500,5.632643
916,loot,static_B_2020.02.27_18.39.27.csv,train/static_B_2020.02.27_18.39.27.csv#block-001@time-4032.000s,block-001,4032.000,82.4373,82.44,82.44,0.0000,0.0500,6.394783
917,redandblack,static_B_2020.02.14_13.21.26.csv,train/static_B_2020.02.14_13.21.26.csv#block-000@time-900.000s,block-000,900.000,63.8562,63.86,63.86,0.0000,0.0500,5.386471
918,soldier,driving_B_2019.12.17_07.32.39.csv,train/driving_B_2019.12.17_07.32.39.csv#block-000@time-780.000s,block-000,780.000,18.4908,18.49,18.49,0.0000,0.0500,5.698570
919,longdress,static_B_2020.02.27_18.39.27.csv,train/static_B_2020.02.27_18.39.27.csv#block-001@time-6132.000s,block-001,6132.000,76.2612,76.26,76.26,0.0000,0.0500,5.536627
920,loot,driving_B_2020.02.13_15.02.01.csv,train/driving_B_2020.02.13_15.02.01.csv#block-000@time-2520.000s,block-000,2520.000,33.9847,33.98,33.98,0.0000,0.0500,6.357041
921,redandblack,driving_B_2020.01.16_12.10.03.csv,train/driving_B_2020.01.16_12.10.03.csv#block-000@time-240.000s,block-000,240.000,88.6664,88.67,88.67,0.7770,0.0500,5.970540
922,soldier,driving_B_2019.12.16_12.27.05.csv,train/driving_B_2019.12.16_12.27.05.csv#block-000@time-240.000s,block-000,240.000,13.9037,13.90,13.90,0.0000,0.0500,5.500529
923,longdress,driving_B_2020.02.13_13.03.24.csv,train/driving_B_2020.02.13_13.03.24.csv#block-001@time-1334.000s,block-001,1334.000,21.9536,21.95,21.95,0.0000,0.0500,5.499366
924,loot,driving_B_2020.02.13_13.03.24.csv,train/driving_B_2020.02.13_13.03.24.csv#block-001@time-1394.000s,block-001,1394.000,36.7018,36.70,36.70,0.0000,0.0500,6.258355
925,redandblack,driving_B_2020.01.16_09.56.56.csv,train/driving_B_2020.01.16_09.56.56.csv#block-001@time-879.000s,block-001,879.000,63.2666,63.27,63.27,0.0000,0.0500,6.168054
926,soldier,driving_B_2019.12.16_12.27.05.csv,train/driving_B_2019.12.16_12.27.05.csv#block-000@time-1140.000s,block-000,1140.000,48.7535,48.75,48.75,0.0000,0.0500,5.364363
927,longdress,driving_B_2020.02.13_13.03.24.csv,train/driving_B_2020.02.13_13.03.24.csv#block-001@time-1934.000s,block-001,1934.000,17.5034,17.50,17.50,0.0000,0.0500,5.518647
928,loot,driving_B_2020.02.14_12.58.17.csv,train/driving_B_2020.02.14_12.58.17.csv#block-002@time-656.000s,block-002,656.000,45.0757,45.08,45.08,0.0000,0.0500,5.362467
929,redandblack,driving_B_2019.12.16_12.27.05.csv,train/driving_B_2019.12.16_12.27.05.csv#block-000@time-600.000s,block-000,600.000,19.2745,19.27,19.27,0.0000,0.0500,6.089119
930,soldier,static_B_2019.12.16_13.40.04.csv,train/static_B_2019.12.16_13.40.04.csv#block-001@time-655.000s,block-001,655.000,38.5787,38.58,38.58,0.0000,0.0500,6.387297
931,longdress,driving_B_2020.02.13_15.02.01.csv,train/driving_B_2020.02.13_15.02.01.csv#block-000@time-1620.000s,block-000,1620.000,19.2669,19.27,19.27,0.0000,0.0500,5.561947
932,loot,driving_B_2019.12.17_07.32.39.csv,train/driving_B_2019.12.17_07.32.39.csv#block-000@time-1020.000s,block-000,1020.000,15.5088,15.51,15.51,0.0000,0.0500,5.643729
933,redandblack,driving_B_2020.02.14_12.58.17.csv,train/driving_B_2020.02.14_12.58.17.csv#block-002@time-536.000s,block-002,536.000,-17.0743,-17.07,-17.07,0.0000,0.0500,6.054404
934,soldier,driving_B_2020.02.13_13.03.24.csv,train/driving_B_2020.02.13_13.03.24.csv#block-001@time-1994.000s,block-001,1994.000,35.7683,35.77,35.77,0.0000,0.0500,5.984915
935,longdress,static_B_2020.02.14_13.21.26.csv,train/static_B_2020.02.14_13.21.26.csv#block-000@time-540.000s,block-000,540.000,84.5955,84.60,84.60,0.0000,0.0500,5.749957
936,loot,static_B_2019.12.16_13.40.04.csv,train/static_B_2019.12.16_13.40.04.csv#block-006@time-2232.000s,block-006,2232.000,83.8480,83.85,83.85,1.2196,0.0500,5.983490
937,redandblack,static_B_2019.12.16_13.40.04.csv,train/static_B_2019.12.16_13.40.04.csv#block-000@time-180.000s,block-000,180.000,77.9605,77.96,77.96,0.0000,0.0500,5.731778
938,soldier,driving_B_2020.02.13_15.02.01.csv,train/driving_B_2020.02.13_15.02.01.csv#block-000@time-2400.000s,block-000,2400.000,53.7992,53.80,53.80,0.0000,0.0500,5.943617
939,longdress,static_B_2020.02.14_13.21.26.csv,train/static_B_2020.02.14_13.21.26.csv#block-000@time-120.000s,block-000,120.000,82.4915,82.49,82.49,0.2528,0.0500,5.653039
940,loot,driving_B_2020.02.27_17.30.15.csv,train/driving_B_2020.02.27_17.30.15.csv#block-002@time-533.000s,block-002,533.000,-40.2014,-40.20,-40.20,0.0000,0.0500,5.687956
941,redandblack,static_B_2019.12.16_13.40.04.csv,train/static_B_2019.12.16_13.40.04.csv#block-006@time-2172.000s,block-006,2172.000,87.0577,87.06,87.06,1.4415,0.0500,5.872161
942,soldier,driving_B_2020.02.13_13.03.24.csv,train/driving_B_2020.02.13_13.03.24.csv#block-001@time-1694.000s,block-001,1694.000,23.3054,23.31,23.31,0.0000,0.0500,5.178231
943,longdress,driving_B_2019.12.17_07.32.39.csv,train/driving_B_2019.12.17_07.32.39.csv#block-000@time-240.000s,block-000,240.000,25.4271,25.43,25.43,0.0466,0.0500,5.854896
944,loot,driving_B_2019.12.16_12.27.05.csv,train/driving_B_2019.12.16_12.27.05.csv#block-000@time-840.000s,block-000,840.000,52.4648,52.46,52.46,0.0000,0.0500,5.811337
945,redandblack,driving_B_2019.12.17_07.32.39.csv,train/driving_B_2019.12.17_07.32.39.csv#block-000@time-1140.000s,block-000,1140.000,41.9043,41.90,41.90,0.0000,0.0500,5.099296
946,soldier,driving_B_2020.02.14_12.58.17.csv,train/driving_B_2020.02.14_12.58.17.csv#block-002@time-656.000s,block-002,656.000,33.5395,33.54,33.54,0.0000,0.0500,6.376372
947,longdress,driving_B_2020.02.13_13.03.24.csv,train/driving_B_2020.02.13_13.03.24.csv#block-001@time-1094.000s,block-001,1094.000,24.3101,24.31,24.31,0.0000,0.0500,5.776500
948,loot,driving_B_2020.01.16_07.26.43.csv,train/driving_B_2020.01.16_07.26.43.csv#block-000@time-300.000s,block-000,300.000,57.1565,57.16,57.16,0.0000,0.0500,5.313424
949,redandblack,driving_B_2019.12.17_07.32.39.csv,train/driving_B_2019.12.17_07.32.39.csv#block-004@time-2537.000s,block-004,2537.000,85.0813,85.08,85.08,1.6576,0.0500,6.127775
950,soldier,driving_B_2020.01.16_12.10.03.csv,train/driving_B_2020.01.16_12.10.03.csv#block-000@time-300.000s,block-000,300.000,38.5492,38.55,38.55,0.0000,0.0500,5.752438
951,longdress,driving_B_2020.01.16_09.56.56.csv,train/driving_B_2020.01.16_09.56.56.csv#block-001@time-519.000s,block-001,519.000,39.9197,39.92,39.92,0.0000,0.0500,6.176275
952,loot,driving_B_2020.02.14_09.38.22.csv,train/driving_B_2020.02.14_09.38.22.csv#block-000@time-900.000s,block-000,900.000,-64.6681,-64.67,-64.67,0.0000,0.0500,5.758380
953,redandblack,driving_B_2020.01.16_12.10.03.csv,train/driving_B_2020.01.16_12.10.03.csv#block-000@time-120.000s,block-000,120.000,78.9711,78.97,78.97,1.1121,0.0500,5.901322
954,soldier,static_B_2019.12.16_13.40.04.csv,train/static_B_2019.12.16_13.40.04.csv#block-000@time-420.000s,block-000,420.000,49.5602,49.56,49.56,0.0000,0.0500,5.825310
955,longdress,driving_B_2019.12.17_07.32.39.csv,train/driving_B_2019.12.17_07.32.39.csv#block-003@time-1774.000s,block-003,1774.000,27.8666,27.87,27.87,0.8780,0.0500,5.553537
956,loot,driving_B_2020.01.16_09.56.56.csv,train/driving_B_2020.01.16_09.56.56.csv#block-000@time-360.000s,block-000,360.000,44.2024,44.20,44.20,0.0000,0.0500,5.756962
957,redandblack,driving_B_2020.02.14_12.58.17.csv,train/driving_B_2020.02.14_12.58.17.csv#block-002@time-716.000s,block-002,716.000,30.5587,30.56,30.56,0.0843,0.0500,5.832110
958,soldier,driving_B_2019.12.16_12.27.05.csv,train/driving_B_2019.12.16_12.27.05.csv#block-000@time-480.000s,block-000,480.000,26.3808,26.38,26.38,0.0000,0.0500,5.918190
959,longdress,driving_B_2020.02.13_15.02.01.csv,train/driving_B_2020.02.13_15.02.01.csv#block-000@time-240.000s,block-000,240.000,21.7524,21.75,21.75,0.0000,0.0500,6.049797
960,loot,driving_B_2020.02.13_15.02.01.csv,train/driving_B_2020.02.13_15.02.01.csv#block-000@time-1380.000s,block-000,1380.000,48.8483,48.85,48.85,0.0000,0.0500,5.611840
961,redandblack,static_B_2019.12.16_13.40.04.csv,train/static_B_2019.12.16_13.40.04.csv#block-005@time-1646.000s,block-005,1646.000,87.3329,87.33,87.33,0.0000,0.0500,5.872039
962,soldier,static_B_2020.02.27_18.39.27.csv,train/static_B_2020.02.27_18.39.27.csv#block-001@time-132.000s,block-001,132.000,69.2165,69.22,69.22,0.0000,0.0500,5.785814
963,longdress,driving_B_2020.02.14_09.38.22.csv,train/driving_B_2020.02.14_09.38.22.csv#block-000@time-600.000s,block-000,600.000,38.4651,38.47,38.47,0.0000,0.0500,5.437093
964,loot,driving_B_2020.01.16_09.56.56.csv,train/driving_B_2020.01.16_09.56.56.csv#block-000@time-60.000s,block-000,60.000,21.8044,21.80,21.80,0.0000,0.0500,5.484537
965,redandblack,driving_B_2020.02.13_15.02.01.csv,train/driving_B_2020.02.13_15.02.01.csv#block-000@time-600.000s,block-000,600.000,43.7013,43.70,43.70,0.0000,0.0500,6.006001
966,soldier,driving_B_2020.02.27_17.30.15.csv,train/driving_B_2020.02.27_17.30.15.csv#block-002@time-533.000s,block-002,533.000,-38.5838,-38.58,-38.58,0.0000,0.0500,5.988223
967,longdress,driving_B_2020.02.13_15.02.01.csv,train/driving_B_2020.02.13_15.02.01.csv#block-000@time-660.000s,block-000,660.000,28.8486,28.85,28.85,0.0000,0.0500,6.425042
968,loot,driving_B_2020.02.14_09.38.22.csv,train/driving_B_2020.02.14_09.38.22.csv#block-000@time-540.000s,block-000,540.000,21.8107,21.81,21.81,0.0000,0.0500,6.431896
969,redandblack,driving_B_2019.12.17_07.32.39.csv,train/driving_B_2019.12.17_07.32.39.csv#block-000@time-60.000s,block-000,60.000,43.8064,43.81,43.81,0.0000,0.0500,5.569790
970,soldier,driving_B_2020.02.14_12.58.17.csv,train/driving_B_2020.02.14_12.58.17.csv#block-000@time-0.000s,block-000,0.000,18.5842,18.58,18.58,0.0000,0.0500,5.451801
971,longdress,driving_B_2020.02.14_09.38.22.csv,train/driving_B_2020.02.14_09.38.22.csv#block-000@time-1440.000s,block-000,1440.000,80.5644,80.56,80.56,0.0000,0.0500,5.523523
972,loot,static_B_2019.12.16_13.40.04.csv,train/static_B_2019.12.16_13.40.04.csv#block-005@time-1346.000s,block-005,1346.000,15.2160,15.22,15.22,0.0000,0.0500,5.568268
973,redandblack,static_B_2020.02.14_13.21.26.csv,train/static_B_2020.02.14_13.21.26.csv#block-000@time-720.000s,block-000,720.000,83.2932,83.29,83.29,0.0000,0.0500,5.850346
974,soldier,static_B_2020.02.27_18.39.27.csv,train/static_B_2020.02.27_18.39.27.csv#block-001@time-1632.000s,block-001,1632.000,63.3103,63.31,63.31,0.0000,0.0500,5.715339
975,longdress,driving_B_2020.02.14_09.38.22.csv,train/driving_B_2020.02.14_09.38.22.csv#block-000@time-0.000s,block-000,0.000,27.3121,27.31,27.31,0.0000,0.0500,5.601141
976,loot,driving_B_2019.12.17_07.32.39.csv,train/driving_B_2019.12.17_07.32.39.csv#block-000@time-1200.000s,block-000,1200.000,80.8973,80.90,80.90,1.3546,0.0500,5.681286
977,redandblack,driving_B_2020.01.16_09.56.56.csv,train/driving_B_2020.01.16_09.56.56.csv#block-001@time-1599.000s,block-001,1599.000,70.9588,70.96,70.96,0.0000,0.0500,5.534741
978,soldier,driving_B_2020.02.14_09.38.22.csv,train/driving_B_2020.02.14_09.38.22.csv#block-000@time-1020.000s,block-000,1020.000,85.3469,85.35,85.35,0.0000,0.0500,5.376758
979,longdress,static_B_2020.02.27_18.39.27.csv,train/static_B_2020.02.27_18.39.27.csv#block-001@time-4752.000s,block-001,4752.000,69.0516,69.05,69.05,0.0000,0.0500,7.053805
980,loot,driving_B_2020.01.16_07.26.43.csv,train/driving_B_2020.01.16_07.26.43.csv#block-000@time-1800.000s,block-000,1800.000,31.8221,31.82,31.82,0.0000,0.0500,6.249147
981,redandblack,driving_B_2020.02.14_09.38.22.csv,train/driving_B_2020.02.14_09.38.22.csv#block-000@time-1380.000s,block-000,1380.000,34.3181,34.32,34.32,0.0000,0.0500,6.232427
982,soldier,driving_B_2020.02.27_17.30.15.csv,train/driving_B_2020.02.27_17.30.15.csv#block-002@time-473.000s,block-002,473.000,-289.7420,-289.74,-289.74,0.0000,0.0500,5.671591
983,longdress,static_B_2020.02.27_18.39.27.csv,train/static_B_2020.02.27_18.39.27.csv#block-001@time-6012.000s,block-001,6012.000,90.5042,90.50,90.50,0.0000,0.0500,6.652908
984,loot,driving_B_2020.01.16_12.10.03.csv,train/driving_B_2020.01.16_12.10.03.csv#block-000@time-60.000s,block-000,60.000,61.5314,61.53,61.53,0.0000,0.0500,6.210552
985,redandblack,driving_B_2020.01.16_12.10.03.csv,train/driving_B_2020.01.16_12.10.03.csv#block-000@time-180.000s,block-000,180.000,86.5888,86.59,86.59,0.0000,0.0500,5.671681
986,soldier,driving_B_2020.01.16_12.10.03.csv,train/driving_B_2020.01.16_12.10.03.csv#block-000@time-180.000s,block-000,180.000,81.9651,81.97,81.97,0.0000,0.0500,6.225688
987,longdress,static_B_2020.02.14_13.21.26.csv,train/static_B_2020.02.14_13.21.26.csv#block-000@time-0.000s,block-000,0.000,43.9555,43.96,43.96,0.0000,0.0500,5.826847
988,loot,driving_B_2020.02.13_15.02.01.csv,train/driving_B_2020.02.13_15.02.01.csv#block-000@time-1740.000s,block-000,1740.000,-69.6656,-69.67,-69.67,0.0000,0.0500,6.044238
989,redandblack,static_B_2019.12.16_13.40.04.csv,train/static_B_2019.12.16_13.40.04.csv#block-001@time-835.000s,block-001,835.000,76.1739,76.17,76.17,1.5592,0.0500,6.242285
990,soldier,driving_B_2020.01.16_09.56.56.csv,train/driving_B_2020.01.16_09.56.56.csv#block-001@time-1419.000s,block-001,1419.000,52.1417,52.14,52.14,0.0000,0.0500,6.147201
991,longdress,driving_B_2019.12.17_07.32.39.csv,train/driving_B_2019.12.17_07.32.39.csv#block-000@time-120.000s,block-000,120.000,29.2643,29.26,29.26,0.0000,0.0500,6.047307
992,loot,driving_B_2020.02.13_15.02.01.csv,train/driving_B_2020.02.13_15.02.01.csv#block-000@time-1080.000s,block-000,1080.000,-13.8771,-13.88,-13.88,0.0000,0.0500,6.343349
993,redandblack,driving_B_2019.12.17_07.32.39.csv,train/driving_B_2019.12.17_07.32.39.csv#block-003@time-2014.000s,block-003,2014.000,-32.3370,-32.34,-32.34,0.0000,0.0500,6.525803
994,soldier,static_B_2019.12.16_13.40.04.csv,train/static_B_2019.12.16_13.40.04.csv#block-001@time-1015.000s,block-001,1015.000,29.5712,29.57,29.57,0.0000,0.0500,6.254803
995,longdress,static_B_2020.02.27_18.39.27.csv,train/static_B_2020.02.27_18.39.27.csv#block-001@time-1752.000s,block-001,1752.000,67.3456,67.35,67.35,0.0000,0.0500,6.144681
996,loot,driving_B_2019.12.17_07.32.39.csv,train/driving_B_2019.12.17_07.32.39.csv#block-000@time-900.000s,block-000,900.000,24.9240,24.92,24.92,0.0000,0.0500,5.972545
997,redandblack,driving_B_2020.01.16_09.56.56.csv,train/driving_B_2020.01.16_09.56.56.csv#block-001@time-1239.000s,block-001,1239.000,49.6084,49.61,49.61,0.0000,0.0500,6.091806
998,soldier,static_B_2020.02.14_13.21.26.csv,train/static_B_2020.02.14_13.21.26.csv#block-000@time-900.000s,block-000,900.000,57.1567,57.16,57.16,0.0000,0.0500,6.074896
999,longdress,driving_B_2020.02.14_09.38.22.csv,train/driving_B_2020.02.14_09.38.22.csv#block-000@time-420.000s,block-000,420.000,-1.5619,-1.56,-1.56,0.0000,0.0500,6.071828
1000,loot,driving_B_2019.12.16_12.27.05.csv,train/driving_B_2019.12.16_12.27.05.csv#block-000@time-360.000s,block-000,360.000,26.5383,26.54,26.54,0.0000,0.0500,5.472661
1001,redandblack,driving_B_2019.12.17_07.32.39.csv,train/driving_B_2019.12.17_07.32.39.csv#block-000@time-960.000s,block-000,960.000,25.7489,25.75,25.75,0.0000,0.0500,5.853320
1002,soldier,driving_B_2020.02.13_13.03.24.csv,train/driving_B_2020.02.13_13.03.24.csv#block-000@time-540.000s,block-000,540.000,17.0985,17.10,17.10,0.0000,0.0500,5.630013
1003,longdress,driving_B_2020.02.27_17.30.15.csv,train/driving_B_2020.02.27_17.30.15.csv#block-002@time-353.000s,block-002,353.000,-51.3921,-51.39,-51.39,0.0000,0.0500,6.162152
1004,loot,driving_B_2019.12.16_12.27.05.csv,train/driving_B_2019.12.16_12.27.05.csv#block-000@time-120.000s,block-000,120.000,57.1720,57.17,57.17,0.0000,0.0500,6.566960
1005,redandblack,driving_B_2020.01.16_12.10.03.csv,train/driving_B_2020.01.16_12.10.03.csv#block-000@time-120.000s,block-000,120.000,77.3243,77.32,77.32,1.3638,0.0500,5.951042
1006,soldier,driving_B_2020.01.16_07.26.43.csv,train/driving_B_2020.01.16_07.26.43.csv#block-000@time-1320.000s,block-000,1320.000,23.2377,23.24,23.24,0.0000,0.0500,5.916731
1007,longdress,static_B_2020.02.14_13.21.26.csv,train/static_B_2020.02.14_13.21.26.csv#block-000@time-0.000s,block-000,0.000,44.1941,44.19,44.19,0.0000,0.0500,6.073439
1008,loot,static_B_2020.02.27_18.39.27.csv,train/static_B_2020.02.27_18.39.27.csv#block-001@time-4992.000s,block-001,4992.000,75.1513,75.15,75.15,0.0000,0.0500,5.647323
1009,redandblack,driving_B_2020.02.27_17.30.15.csv,train/driving_B_2020.02.27_17.30.15.csv#block-002@time-413.000s,block-002,413.000,-5.4977,-5.50,-5.50,0.0000,0.0500,6.234853
1010,soldier,driving_B_2019.12.16_12.27.05.csv,train/driving_B_2019.12.16_12.27.05.csv#block-000@time-240.000s,block-000,240.000,30.0238,30.02,30.02,0.0000,0.0500,5.282495
1011,longdress,static_B_2019.12.16_13.40.04.csv,train/static_B_2019.12.16_13.40.04.csv#block-000@time-0.000s,block-000,0.000,62.9148,62.91,62.91,0.2756,0.0500,6.078453
1012,loot,driving_B_2019.12.16_12.27.05.csv,train/driving_B_2019.12.16_12.27.05.csv#block-000@time-1020.000s,block-000,1020.000,88.7328,88.73,88.73,0.0000,0.0500,5.673030
1013,redandblack,driving_B_2020.02.14_12.58.17.csv,train/driving_B_2020.02.14_12.58.17.csv#block-002@time-536.000s,block-002,536.000,-29.7521,-29.75,-29.75,0.0000,0.0500,6.354047
1014,soldier,driving_B_2019.12.16_12.27.05.csv,train/driving_B_2019.12.16_12.27.05.csv#block-000@time-660.000s,block-000,660.000,-23.7040,-23.70,-23.70,0.0000,0.0500,6.329745
1015,longdress,driving_B_2020.02.13_15.02.01.csv,train/driving_B_2020.02.13_15.02.01.csv#block-000@time-1440.000s,block-000,1440.000,-39.9919,-39.99,-39.99,0.0000,0.0500,5.802545
1016,loot,driving_B_2020.01.16_07.26.43.csv,train/driving_B_2020.01.16_07.26.43.csv#block-000@time-1380.000s,block-000,1380.000,22.9263,22.93,22.93,0.0000,0.0500,5.974958
1017,redandblack,driving_B_2020.02.14_12.58.17.csv,train/driving_B_2020.02.14_12.58.17.csv#block-002@time-716.000s,block-002,716.000,37.8754,37.88,37.88,0.0000,0.0500,5.930880
1018,soldier,static_B_2020.02.27_18.39.27.csv,train/static_B_2020.02.27_18.39.27.csv#block-001@time-6612.000s,block-001,6612.000,86.4548,86.45,86.45,0.0000,0.0500,6.141799
1019,longdress,driving_B_2020.02.13_15.02.01.csv,train/driving_B_2020.02.13_15.02.01.csv#block-000@time-2580.000s,block-000,2580.000,-112.4813,-112.48,-112.48,0.0000,0.0500,5.670304
1020,loot,static_B_2020.02.27_18.39.27.csv,train/static_B_2020.02.27_18.39.27.csv#block-001@time-3912.000s,block-001,3912.000,87.9934,87.99,87.99,0.0000,0.0500,6.396863
1021,redandblack,driving_B_2020.01.16_12.10.03.csv,train/driving_B_2020.01.16_12.10.03.csv#block-000@time-180.000s,block-000,180.000,87.9569,87.96,87.96,0.0000,0.0500,6.573847
1022,soldier,driving_B_2020.01.16_12.10.03.csv,train/driving_B_2020.01.16_12.10.03.csv#block-000@time-60.000s,block-000,60.000,59.0058,59.01,59.01,0.0000,0.0500,6.000010
1023,longdress,driving_B_2020.02.13_13.03.24.csv,train/driving_B_2020.02.13_13.03.24.csv#block-000@time-480.000s,block-000,480.000,30.1620,30.16,30.16,0.7212,0.0500,5.903686
1024,loot,driving_B_2019.12.17_07.32.39.csv,train/driving_B_2019.12.17_07.32.39.csv#block-003@time-1714.000s,block-003,1714.000,16.5988,16.60,16.60,0.0000,0.0500,5.205455
1025,redandblack,driving_B_2019.12.17_07.32.39.csv,train/driving_B_2019.12.17_07.32.39.csv#block-000@time-1320.000s,block-000,1320.000,41.9048,41.90,41.90,0.0000,0.0500,5.479959
1026,soldier,driving_B_2020.02.14_12.58.17.csv,train/driving_B_2020.02.14_12.58.17.csv#block-002@time-536.000s,block-002,536.000,-27.0192,-27.02,-27.02,0.0000,0.0500,6.052670
1027,longdress,driving_B_2020.02.13_13.03.24.csv,train/driving_B_2020.02.13_13.03.24.csv#block-001@time-1754.000s,block-001,1754.000,16.0420,16.04,16.04,0.0000,0.0500,6.099354
1028,loot,driving_B_2020.02.27_17.30.15.csv,train/driving_B_2020.02.27_17.30.15.csv#block-002@time-353.000s,block-002,353.000,-85.7729,-85.77,-85.77,0.0000,0.0500,6.332562
1029,redandblack,driving_B_2020.02.27_17.30.15.csv,train/driving_B_2020.02.27_17.30.15.csv#block-002@time-533.000s,block-002,533.000,-57.6323,-57.63,-57.63,0.0000,0.0500,5.601227
1030,soldier,driving_B_2020.02.27_17.30.15.csv,train/driving_B_2020.02.27_17.30.15.csv#block-002@time-353.000s,block-002,353.000,-55.0685,-55.07,-55.07,0.0000,0.0500,6.139165
1031,longdress,driving_B_2020.01.16_07.26.43.csv,train/driving_B_2020.01.16_07.26.43.csv#block-000@time-540.000s,block-000,540.000,11.5855,11.59,11.59,0.0000,0.0500,5.715326
1032,loot,driving_B_2020.01.16_09.56.56.csv,train/driving_B_2020.01.16_09.56.56.csv#block-001@time-699.000s,block-001,699.000,77.8683,77.87,77.87,1.9802,0.0500,5.684682
1033,redandblack,static_B_2020.02.14_13.21.26.csv,train/static_B_2020.02.14_13.21.26.csv#block-000@time-780.000s,block-000,780.000,78.2302,78.23,78.23,0.8435,0.0500,5.817184
1034,soldier,driving_B_2019.12.17_07.32.39.csv,train/driving_B_2019.12.17_07.32.39.csv#block-003@time-1654.000s,block-003,1654.000,-24.3928,-24.39,-24.39,0.0000,0.0500,5.895247
1035,longdress,static_B_2019.12.16_13.40.04.csv,train/static_B_2019.12.16_13.40.04.csv#block-001@time-595.000s,block-001,595.000,67.4193,67.42,67.42,0.0000,0.0500,6.089038
1036,loot,driving_B_2020.02.13_15.02.01.csv,train/driving_B_2020.02.13_15.02.01.csv#block-000@time-1800.000s,block-000,1800.000,-50.3104,-50.31,-50.31,0.0000,0.0500,6.259171
1037,redandblack,driving_B_2020.02.27_17.30.15.csv,train/driving_B_2020.02.27_17.30.15.csv#block-002@time-293.000s,block-002,293.000,-22.6940,-22.69,-22.69,0.0000,0.0500,7.438033
1038,soldier,driving_B_2020.02.27_17.30.15.csv,train/driving_B_2020.02.27_17.30.15.csv#block-002@time-473.000s,block-002,473.000,-311.9133,-311.91,-311.91,0.0000,0.0500,6.232683
1039,longdress,driving_B_2020.02.14_09.38.22.csv,train/driving_B_2020.02.14_09.38.22.csv#block-000@time-1260.000s,block-000,1260.000,29.1840,29.18,29.18,1.5613,0.0500,5.889650
1040,loot,driving_B_2020.01.16_07.26.43.csv,train/driving_B_2020.01.16_07.26.43.csv#block-000@time-960.000s,block-000,960.000,0.5723,0.57,0.57,0.0000,0.0500,6.957621
1041,redandblack,driving_B_2020.01.16_09.56.56.csv,train/driving_B_2020.01.16_09.56.56.csv#block-001@time-1299.000s,block-001,1299.000,71.3529,71.35,71.35,0.0000,0.0500,5.745893
1042,soldier,driving_B_2020.01.16_07.26.43.csv,train/driving_B_2020.01.16_07.26.43.csv#block-000@time-1020.000s,block-000,1020.000,-12.8816,-12.88,-12.88,0.0000,0.0500,6.016520
1043,longdress,driving_B_2020.01.16_09.56.56.csv,train/driving_B_2020.01.16_09.56.56.csv#block-000@time-300.000s,block-000,300.000,62.8575,62.86,62.86,0.0000,0.0500,6.235111
1044,loot,driving_B_2020.02.13_15.02.01.csv,train/driving_B_2020.02.13_15.02.01.csv#block-000@time-2820.000s,block-000,2820.000,78.8867,78.89,78.89,0.0000,0.0500,6.502618
1045,redandblack,static_B_2020.02.27_18.39.27.csv,train/static_B_2020.02.27_18.39.27.csv#block-001@time-1452.000s,block-001,1452.000,87.1178,87.12,87.12,0.0000,0.0500,5.807077
1046,soldier,driving_B_2020.02.14_12.58.17.csv,train/driving_B_2020.02.14_12.58.17.csv#block-002@time-596.000s,block-002,596.000,26.3066,26.31,26.31,0.0000,0.0500,5.916296
1047,longdress,static_B_2020.02.27_18.39.27.csv,train/static_B_2020.02.27_18.39.27.csv#block-001@time-192.000s,block-001,192.000,88.7038,88.70,88.70,0.0000,0.0500,5.257202
1048,loot,static_B_2020.02.27_18.39.27.csv,train/static_B_2020.02.27_18.39.27.csv#block-001@time-1932.000s,block-001,1932.000,61.1667,61.17,61.17,0.0000,0.0500,5.974453
1049,redandblack,driving_B_2020.02.14_09.38.22.csv,train/driving_B_2020.02.14_09.38.22.csv#block-000@time-840.000s,block-000,840.000,16.4539,16.45,16.45,0.0000,0.0500,6.508566
1050,soldier,driving_B_2020.02.14_12.58.17.csv,train/driving_B_2020.02.14_12.58.17.csv#block-002@time-596.000s,block-002,596.000,27.5771,27.58,27.58,0.0000,0.0500,5.348453
1051,longdress,driving_B_2020.02.27_17.30.15.csv,train/driving_B_2020.02.27_17.30.15.csv#block-002@time-293.000s,block-002,293.000,-53.7244,-53.72,-53.72,0.0000,0.0500,6.722656
1052,loot,driving_B_2020.02.14_12.58.17.csv,train/driving_B_2020.02.14_12.58.17.csv#block-002@time-656.000s,block-002,656.000,49.8956,49.90,49.90,0.0000,0.0500,6.339086
1053,redandblack,driving_B_2019.12.16_12.27.05.csv,train/driving_B_2019.12.16_12.27.05.csv#block-000@time-780.000s,block-000,780.000,47.1835,47.18,47.18,0.0000,0.0500,6.644765
1054,soldier,driving_B_2020.02.14_09.38.22.csv,train/driving_B_2020.02.14_09.38.22.csv#block-000@time-780.000s,block-000,780.000,55.7662,55.77,55.77,0.0000,0.0500,6.417661
1055,longdress,driving_B_2020.02.14_12.58.17.csv,train/driving_B_2020.02.14_12.58.17.csv#block-002@time-656.000s,block-002,656.000,40.9910,40.99,40.99,0.0000,0.0500,7.045634
1056,loot,driving_B_2019.12.16_12.27.05.csv,train/driving_B_2019.12.16_12.27.05.csv#block-000@time-1200.000s,block-000,1200.000,38.3496,38.35,38.35,0.0000,0.0500,6.248791
1057,redandblack,static_B_2020.02.14_13.21.26.csv,train/static_B_2020.02.14_13.21.26.csv#block-000@time-600.000s,block-000,600.000,81.2787,81.28,81.28,1.4435,0.0500,6.503618
1058,soldier,static_B_2019.12.16_13.40.04.csv,train/static_B_2019.12.16_13.40.04.csv#block-000@time-300.000s,block-000,300.000,33.7787,33.78,33.78,0.0000,0.0500,6.828752
1059,longdress,driving_B_2020.01.16_07.26.43.csv,train/driving_B_2020.01.16_07.26.43.csv#block-000@time-840.000s,block-000,840.000,53.5570,53.56,53.56,0.0000,0.0500,6.426685
1060,loot,static_B_2020.02.27_18.39.27.csv,train/static_B_2020.02.27_18.39.27.csv#block-001@time-552.000s,block-001,552.000,76.6349,76.63,76.63,0.0000,0.0500,6.016209
1061,redandblack,driving_B_2020.01.16_09.56.56.csv,train/driving_B_2020.01.16_09.56.56.csv#block-001@time-1479.000s,block-001,1479.000,59.4588,59.46,59.46,0.0000,0.0500,7.239262
1062,soldier,driving_B_2019.12.17_07.32.39.csv,train/driving_B_2019.12.17_07.32.39.csv#block-004@time-2417.000s,block-004,2417.000,11.9485,11.95,11.95,0.0000,0.0500,6.289491
1063,longdress,driving_B_2020.02.13_13.03.24.csv,train/driving_B_2020.02.13_13.03.24.csv#block-001@time-914.000s,block-001,914.000,-6.7115,-6.71,-6.71,0.0000,0.0500,6.674276
1064,loot,driving_B_2020.01.16_12.10.03.csv,train/driving_B_2020.01.16_12.10.03.csv#block-000@time-0.000s,block-000,0.000,74.8922,74.89,74.89,2.2906,0.0500,6.222808
1065,redandblack,driving_B_2020.01.16_09.56.56.csv,train/driving_B_2020.01.16_09.56.56.csv#block-000@time-240.000s,block-000,240.000,47.4579,47.46,47.46,0.0000,0.0500,5.999034
1066,soldier,driving_B_2020.01.16_12.10.03.csv,train/driving_B_2020.01.16_12.10.03.csv#block-000@time-0.000s,block-000,0.000,66.5212,66.52,66.52,1.0612,0.0500,5.827514
1067,longdress,driving_B_2020.01.16_12.10.03.csv,train/driving_B_2020.01.16_12.10.03.csv#block-000@time-240.000s,block-000,240.000,87.3228,87.32,87.32,0.0000,0.0500,6.899364
1068,loot,driving_B_2020.02.14_09.38.22.csv,train/driving_B_2020.02.14_09.38.22.csv#block-000@time-1440.000s,block-000,1440.000,87.9871,87.99,87.99,1.0864,0.0500,6.584338
1069,redandblack,driving_B_2020.01.16_07.26.43.csv,train/driving_B_2020.01.16_07.26.43.csv#block-000@time-480.000s,block-000,480.000,30.3804,30.38,30.38,0.0000,0.0500,6.353520
1070,soldier,driving_B_2020.01.16_12.10.03.csv,train/driving_B_2020.01.16_12.10.03.csv#block-000@time-300.000s,block-000,300.000,36.1324,36.13,36.13,0.0000,0.0500,6.538624
1071,longdress,driving_B_2020.02.14_09.38.22.csv,train/driving_B_2020.02.14_09.38.22.csv#block-000@time-240.000s,block-000,240.000,-50.9501,-50.95,-50.95,0.0000,0.0500,6.401211
1072,loot,static_B_2020.02.14_13.21.26.csv,train/static_B_2020.02.14_13.21.26.csv#block-000@time-960.000s,block-000,960.000,58.6266,58.63,58.63,0.0000,0.0500,5.709875
1073,redandblack,driving_B_2020.02.13_15.02.01.csv,train/driving_B_2020.02.13_15.02.01.csv#block-000@time-2760.000s,block-000,2760.000,-46.0468,-46.05,-46.05,0.0000,0.0500,6.477037
1074,soldier,driving_B_2020.01.16_07.26.43.csv,train/driving_B_2020.01.16_07.26.43.csv#block-000@time-600.000s,block-000,600.000,27.5012,27.50,27.50,1.0647,0.0500,6.172161
1075,longdress,driving_B_2020.01.16_12.10.03.csv,train/driving_B_2020.01.16_12.10.03.csv#block-000@time-60.000s,block-000,60.000,53.0530,53.05,53.05,0.0000,0.0500,6.596997
1076,loot,driving_B_2020.02.14_09.38.22.csv,train/driving_B_2020.02.14_09.38.22.csv#block-000@time-180.000s,block-000,180.000,-6.0245,-6.02,-6.02,0.0000,0.0500,5.953436
1077,redandblack,static_B_2019.12.16_13.40.04.csv,train/static_B_2019.12.16_13.40.04.csv#block-005@time-1886.000s,block-005,1886.000,75.8522,75.85,75.85,0.0000,0.0500,6.130743
1078,soldier,driving_B_2020.01.16_12.10.03.csv,train/driving_B_2020.01.16_12.10.03.csv#block-000@time-360.000s,block-000,360.000,73.7606,73.76,73.76,0.0000,0.0500,6.774808
1079,longdress,static_B_2020.02.27_18.39.27.csv,train/static_B_2020.02.27_18.39.27.csv#block-001@time-5472.000s,block-001,5472.000,87.3657,87.37,87.37,0.4368,0.0500,6.208267
1080,loot,driving_B_2020.02.13_15.02.01.csv,train/driving_B_2020.02.13_15.02.01.csv#block-000@time-1560.000s,block-000,1560.000,35.7860,35.79,35.79,0.0000,0.0500,6.232577
1081,redandblack,driving_B_2020.02.13_13.03.24.csv,train/driving_B_2020.02.13_13.03.24.csv#block-001@time-1034.000s,block-001,1034.000,32.3748,32.37,32.37,0.0000,0.0500,6.111862
1082,soldier,driving_B_2020.02.13_15.02.01.csv,train/driving_B_2020.02.13_15.02.01.csv#block-000@time-1500.000s,block-000,1500.000,-31.0847,-31.08,-31.08,0.0000,0.0500,6.046924
1083,longdress,driving_B_2020.02.27_17.30.15.csv,train/driving_B_2020.02.27_17.30.15.csv#block-002@time-533.000s,block-002,533.000,-49.4369,-49.44,-49.44,0.6589,0.0500,6.774485
1084,loot,driving_B_2020.01.16_09.56.56.csv,train/driving_B_2020.01.16_09.56.56.csv#block-000@time-240.000s,block-000,240.000,52.1682,52.17,52.17,0.0000,0.0500,5.598699
1085,redandblack,static_B_2020.02.27_18.39.27.csv,train/static_B_2020.02.27_18.39.27.csv#block-001@time-1872.000s,block-001,1872.000,56.4089,56.41,56.41,0.0000,0.0500,6.853152
1086,soldier,driving_B_2020.02.13_13.03.24.csv,train/driving_B_2020.02.13_13.03.24.csv#block-000@time-360.000s,block-000,360.000,28.7108,28.71,28.71,0.0000,0.0500,6.229665
1087,longdress,driving_B_2020.01.16_12.10.03.csv,train/driving_B_2020.01.16_12.10.03.csv#block-000@time-0.000s,block-000,0.000,81.4083,81.41,81.41,0.4184,0.0500,6.709157
1088,loot,static_B_2019.12.16_13.40.04.csv,train/static_B_2019.12.16_13.40.04.csv#block-005@time-2006.000s,block-005,2006.000,52.5873,52.59,52.59,0.0000,0.0500,6.549488
1089,redandblack,driving_B_2020.02.14_12.58.17.csv,train/driving_B_2020.02.14_12.58.17.csv#block-000@time-0.000s,block-000,0.000,30.1544,30.15,30.15,0.0000,0.0500,6.583943
1090,soldier,driving_B_2020.02.13_15.02.01.csv,train/driving_B_2020.02.13_15.02.01.csv#block-000@time-1200.000s,block-000,1200.000,24.1318,24.13,24.13,0.0000,0.0500,6.346589
1091,longdress,driving_B_2020.01.16_07.26.43.csv,train/driving_B_2020.01.16_07.26.43.csv#block-000@time-1140.000s,block-000,1140.000,29.0713,29.07,29.07,0.0000,0.0500,6.308161
1092,loot,driving_B_2020.01.16_09.56.56.csv,train/driving_B_2020.01.16_09.56.56.csv#block-000@time-0.000s,block-000,0.000,49.1739,49.17,49.17,0.0000,0.0500,6.229234
1093,redandblack,static_B_2020.02.27_18.39.27.csv,train/static_B_2020.02.27_18.39.27.csv#block-001@time-5592.000s,block-001,5592.000,29.1548,29.15,29.15,0.0000,0.0500,6.113229
1094,soldier,static_B_2019.12.16_13.40.04.csv,train/static_B_2019.12.16_13.40.04.csv#block-001@time-775.000s,block-001,775.000,84.4751,84.48,84.48,0.2128,0.0500,6.318736
1095,longdress,driving_B_2020.02.14_09.38.22.csv,train/driving_B_2020.02.14_09.38.22.csv#block-000@time-1200.000s,block-000,1200.000,29.2182,29.22,29.22,0.0000,0.0500,6.625272
1096,loot,driving_B_2019.12.16_12.27.05.csv,train/driving_B_2019.12.16_12.27.05.csv#block-000@time-900.000s,block-000,900.000,86.8862,86.89,86.89,2.0509,0.0500,6.637459
1097,redandblack,driving_B_2019.12.16_12.27.05.csv,train/driving_B_2019.12.16_12.27.05.csv#block-000@time-360.000s,block-000,360.000,29.6431,29.64,29.64,0.0000,0.0500,5.774249
1098,soldier,driving_B_2019.12.16_12.27.05.csv,train/driving_B_2019.12.16_12.27.05.csv#block-000@time-1260.000s,block-000,1260.000,82.5555,82.56,82.56,0.3522,0.0500,6.286233
1099,longdress,static_B_2020.02.14_13.21.26.csv,train/static_B_2020.02.14_13.21.26.csv#block-000@time-840.000s,block-000,840.000,86.5936,86.59,86.59,0.0000,0.0500,6.500284
1100,loot,driving_B_2020.02.13_13.03.24.csv,train/driving_B_2020.02.13_13.03.24.csv#block-000@time-240.000s,block-000,240.000,28.6722,28.67,28.67,0.0000,0.0500,6.089399
1101,redandblack,driving_B_2020.01.16_09.56.56.csv,train/driving_B_2020.01.16_09.56.56.csv#block-001@time-1539.000s,block-001,1539.000,77.3840,77.38,77.38,0.2583,0.0500,5.984762
1102,soldier,static_B_2019.12.16_13.40.04.csv,train/static_B_2019.12.16_13.40.04.csv#block-001@time-895.000s,block-001,895.000,56.0140,56.01,56.01,0.0000,0.0500,5.917626
1103,longdress,static_B_2020.02.14_13.21.26.csv,train/static_B_2020.02.14_13.21.26.csv#block-000@time-1080.000s,block-000,1080.000,80.3944,80.39,80.39,0.0000,0.0500,6.727786
1104,loot,static_B_2019.12.16_13.40.04.csv,train/static_B_2019.12.16_13.40.04.csv#block-000@time-240.000s,block-000,240.000,59.5407,59.54,59.54,0.0000,0.0500,6.089061
1105,redandblack,static_B_2019.12.16_13.40.04.csv,train/static_B_2019.12.16_13.40.04.csv#block-005@time-1706.000s,block-005,1706.000,75.8680,75.87,75.87,0.0000,0.0500,5.912621
1106,soldier,static_B_2020.02.14_13.21.26.csv,train/static_B_2020.02.14_13.21.26.csv#block-000@time-720.000s,block-000,720.000,76.3090,76.31,76.31,0.0000,0.0500,6.333145
1107,longdress,driving_B_2020.02.14_12.58.17.csv,train/driving_B_2020.02.14_12.58.17.csv#block-002@time-656.000s,block-002,656.000,38.5009,38.50,38.50,0.0000,0.0500,6.395046
1108,loot,driving_B_2020.02.14_09.38.22.csv,train/driving_B_2020.02.14_09.38.22.csv#block-000@time-1560.000s,block-000,1560.000,56.2130,56.21,56.21,0.0000,0.0500,6.089206
1109,redandblack,driving_B_2019.12.17_07.32.39.csv,train/driving_B_2019.12.17_07.32.39.csv#block-003@time-1594.000s,block-003,1594.000,36.7814,36.78,36.78,0.0000,0.0500,6.314004
1110,soldier,driving_B_2019.12.16_12.27.05.csv,train/driving_B_2019.12.16_12.27.05.csv#block-000@time-180.000s,block-000,180.000,28.8545,28.85,28.85,0.0000,0.0500,6.568352
1111,longdress,driving_B_2020.01.16_07.26.43.csv,train/driving_B_2020.01.16_07.26.43.csv#block-000@time-0.000s,block-000,0.000,17.9519,17.95,17.95,0.0000,0.0500,6.011001
1112,loot,driving_B_2020.01.16_07.26.43.csv,train/driving_B_2020.01.16_07.26.43.csv#block-000@time-1560.000s,block-000,1560.000,26.4832,26.48,26.48,0.0000,0.0500,5.938899
1113,redandblack,driving_B_2020.02.14_09.38.22.csv,train/driving_B_2020.02.14_09.38.22.csv#block-000@time-120.000s,block-000,120.000,29.6899,29.69,29.69,0.0000,0.0500,6.417340
1114,soldier,driving_B_2019.12.16_12.27.05.csv,train/driving_B_2019.12.16_12.27.05.csv#block-000@time-960.000s,block-000,960.000,59.6322,59.63,59.63,0.0000,0.0500,6.580334
1115,longdress,driving_B_2020.01.16_09.56.56.csv,train/driving_B_2020.01.16_09.56.56.csv#block-001@time-1119.000s,block-001,1119.000,79.7764,79.78,79.78,0.0000,0.0500,6.053833
1116,loot,static_B_2020.02.14_13.21.26.csv,train/static_B_2020.02.14_13.21.26.csv#block-000@time-1080.000s,block-000,1080.000,80.1186,80.12,80.12,0.5604,0.0500,6.292196
1117,redandblack,driving_B_2020.02.13_13.03.24.csv,train/driving_B_2020.02.13_13.03.24.csv#block-001@time-974.000s,block-001,974.000,23.9149,23.91,23.91,0.0000,0.0500,6.305175
1118,soldier,driving_B_2020.02.13_13.03.24.csv,train/driving_B_2020.02.13_13.03.24.csv#block-000@time-0.000s,block-000,0.000,19.8299,19.83,19.83,0.0000,0.0500,6.328689
1119,longdress,driving_B_2020.02.14_09.38.22.csv,train/driving_B_2020.02.14_09.38.22.csv#block-000@time-420.000s,block-000,420.000,-1.2215,-1.22,-1.22,0.0000,0.0500,7.108896
1120,loot,driving_B_2020.01.16_07.26.43.csv,train/driving_B_2020.01.16_07.26.43.csv#block-000@time-1260.000s,block-000,1260.000,39.9001,39.90,39.90,0.0000,0.0500,6.194810
1121,redandblack,driving_B_2020.01.16_07.26.43.csv,train/driving_B_2020.01.16_07.26.43.csv#block-000@time-1860.000s,block-000,1860.000,33.3588,33.36,33.36,0.0000,0.0500,6.305534
1122,soldier,driving_B_2020.02.14_12.58.17.csv,train/driving_B_2020.02.14_12.58.17.csv#block-000@time-0.000s,block-000,0.000,23.4516,23.45,23.45,0.5489,0.0500,6.032624
1123,longdress,static_B_2020.02.14_13.21.26.csv,train/static_B_2020.02.14_13.21.26.csv#block-000@time-300.000s,block-000,300.000,48.3806,48.38,48.38,0.0000,0.0500,6.572359
1124,loot,driving_B_2020.02.27_17.30.15.csv,train/driving_B_2020.02.27_17.30.15.csv#block-002@time-413.000s,block-002,413.000,27.4541,27.45,27.45,0.0000,0.0500,5.997747
1125,redandblack,static_B_2020.02.27_18.39.27.csv,train/static_B_2020.02.27_18.39.27.csv#block-001@time-6072.000s,block-001,6072.000,87.7700,87.77,87.77,1.2208,0.0500,6.484798
1126,soldier,driving_B_2020.02.14_12.58.17.csv,train/driving_B_2020.02.14_12.58.17.csv#block-002@time-596.000s,block-002,596.000,27.5910,27.59,27.59,0.0000,0.0500,5.852482
1127,longdress,driving_B_2020.02.13_15.02.01.csv,train/driving_B_2020.02.13_15.02.01.csv#block-000@time-780.000s,block-000,780.000,28.0755,28.08,28.08,0.9459,0.0500,5.971646
1128,loot,driving_B_2020.01.16_12.10.03.csv,train/driving_B_2020.01.16_12.10.03.csv#block-000@time-240.000s,block-000,240.000,78.9699,78.97,78.97,1.4420,0.0500,6.009998
1129,redandblack,driving_B_2020.02.13_15.02.01.csv,train/driving_B_2020.02.13_15.02.01.csv#block-000@time-2100.000s,block-000,2100.000,27.3540,27.35,27.35,0.2296,0.0500,7.729976
1130,soldier,driving_B_2020.01.16_12.10.03.csv,train/driving_B_2020.01.16_12.10.03.csv#block-000@time-300.000s,block-000,300.000,36.6654,36.67,36.67,0.0000,0.0500,6.314859
1131,longdress,static_B_2019.12.16_13.40.04.csv,train/static_B_2019.12.16_13.40.04.csv#block-005@time-1766.000s,block-005,1766.000,87.2858,87.29,87.29,0.0000,0.0500,6.794134
1132,loot,driving_B_2020.02.13_15.02.01.csv,train/driving_B_2020.02.13_15.02.01.csv#block-000@time-900.000s,block-000,900.000,20.3039,20.30,20.30,0.0000,0.0500,6.542311
1133,redandblack,static_B_2020.02.27_18.39.27.csv,train/static_B_2020.02.27_18.39.27.csv#block-001@time-4092.000s,block-001,4092.000,58.5240,58.52,58.52,0.0000,0.0500,6.042575
1134,soldier,driving_B_2020.02.14_09.38.22.csv,train/driving_B_2020.02.14_09.38.22.csv#block-000@time-1500.000s,block-000,1500.000,21.4691,21.47,21.47,0.0000,0.0500,6.713287
1135,longdress,driving_B_2020.02.13_13.03.24.csv,train/driving_B_2020.02.13_13.03.24.csv#block-000@time-60.000s,block-000,60.000,26.1226,26.12,26.12,0.3832,0.0500,6.527721
1136,loot,driving_B_2020.02.14_12.58.17.csv,train/driving_B_2020.02.14_12.58.17.csv#block-000@time-0.000s,block-000,0.000,35.2602,35.26,35.26,0.0000,0.0500,7.147433
1137,redandblack,driving_B_2019.12.16_12.27.05.csv,train/driving_B_2019.12.16_12.27.05.csv#block-000@time-660.000s,block-000,660.000,-7.5119,-7.51,-7.51,0.0000,0.0500,6.982148
1138,soldier,driving_B_2020.02.27_17.30.15.csv,train/driving_B_2020.02.27_17.30.15.csv#block-002@time-353.000s,block-002,353.000,-25.6766,-25.68,-25.68,0.0000,0.0500,6.788782
1139,longdress,driving_B_2020.01.16_07.26.43.csv,train/driving_B_2020.01.16_07.26.43.csv#block-000@time-1740.000s,block-000,1740.000,26.3653,26.37,26.37,0.0000,0.0500,6.456617
1140,loot,driving_B_2020.01.16_09.56.56.csv,train/driving_B_2020.01.16_09.56.56.csv#block-001@time-999.000s,block-001,999.000,-8.2734,-8.27,-8.27,0.0000,0.0500,6.045912
1141,redandblack,driving_B_2020.01.16_12.10.03.csv,train/driving_B_2020.01.16_12.10.03.csv#block-000@time-240.000s,block-000,240.000,81.6042,81.60,81.60,0.9087,0.0500,6.763273
1142,soldier,driving_B_2020.02.13_13.03.24.csv,train/driving_B_2020.02.13_13.03.24.csv#block-000@time-180.000s,block-000,180.000,0.0416,0.04,0.04,0.0000,0.0500,6.754834
1143,longdress,static_B_2020.02.14_13.21.26.csv,train/static_B_2020.02.14_13.21.26.csv#block-000@time-240.000s,block-000,240.000,80.3059,80.31,80.31,0.2349,0.0500,6.417813
1144,loot,static_B_2020.02.14_13.21.26.csv,train/static_B_2020.02.14_13.21.26.csv#block-000@time-480.000s,block-000,480.000,87.3943,87.39,87.39,1.0336,0.0500,6.534017
1145,redandblack,driving_B_2020.01.16_09.56.56.csv,train/driving_B_2020.01.16_09.56.56.csv#block-001@time-1659.000s,block-001,1659.000,81.7296,81.73,81.73,1.6688,0.0500,6.368234
1146,soldier,driving_B_2019.12.16_12.27.05.csv,train/driving_B_2019.12.16_12.27.05.csv#block-000@time-120.000s,block-000,120.000,29.6017,29.60,29.60,0.0000,0.0500,6.809002
1147,longdress,driving_B_2020.02.27_17.30.15.csv,train/driving_B_2020.02.27_17.30.15.csv#block-002@time-533.000s,block-002,533.000,-47.6706,-47.67,-47.67,0.0000,0.0500,5.778307
1148,loot,driving_B_2020.01.16_09.56.56.csv,train/driving_B_2020.01.16_09.56.56.csv#block-001@time-699.000s,block-001,699.000,87.6379,87.64,87.64,1.4756,0.0500,6.023007
1149,redandblack,driving_B_2020.01.16_09.56.56.csv,train/driving_B_2020.01.16_09.56.56.csv#block-001@time-639.000s,block-001,639.000,75.1799,75.18,75.18,0.0000,0.0500,6.908761
1150,soldier,driving_B_2020.02.14_12.58.17.csv,train/driving_B_2020.02.14_12.58.17.csv#block-002@time-596.000s,block-002,596.000,-20.6717,-20.67,-20.67,0.0000,0.0500,6.075128
1151,longdress,driving_B_2020.01.16_12.10.03.csv,train/driving_B_2020.01.16_12.10.03.csv#block-000@time-60.000s,block-000,60.000,49.5781,49.58,49.58,0.0000,0.0500,6.167023
1152,loot,static_B_2020.02.14_13.21.26.csv,train/static_B_2020.02.14_13.21.26.csv#block-000@time-1020.000s,block-000,1020.000,76.3058,76.31,76.31,1.6802,0.0500,5.994296
1153,redandblack,driving_B_2020.01.16_07.26.43.csv,train/driving_B_2020.01.16_07.26.43.csv#block-000@time-780.000s,block-000,780.000,45.9721,45.97,45.97,0.0000,0.0500,6.126841
1154,soldier,static_B_2020.02.27_18.39.27.csv,train/static_B_2020.02.27_18.39.27.csv#block-001@time-1092.000s,block-001,1092.000,64.6032,64.60,64.60,0.0000,0.0500,7.117505
1155,longdress,driving_B_2020.02.13_13.03.24.csv,train/driving_B_2020.02.13_13.03.24.csv#block-001@time-1634.000s,block-001,1634.000,29.0633,29.06,29.06,0.2650,0.0500,7.018463
1156,loot,driving_B_2020.01.16_07.26.43.csv,train/driving_B_2020.01.16_07.26.43.csv#block-000@time-60.000s,block-000,60.000,53.3460,53.35,53.35,0.0000,0.0500,6.919049
1157,redandblack,driving_B_2020.02.27_17.30.15.csv,train/driving_B_2020.02.27_17.30.15.csv#block-002@time-473.000s,block-002,473.000,-248.9517,-248.95,-248.95,0.0000,0.0500,6.613586
1158,soldier,driving_B_2020.02.13_13.03.24.csv,train/driving_B_2020.02.13_13.03.24.csv#block-000@time-420.000s,block-000,420.000,14.9717,14.97,14.97,0.0000,0.0500,6.794890
1159,longdress,driving_B_2020.02.13_13.03.24.csv,train/driving_B_2020.02.13_13.03.24.csv#block-001@time-1154.000s,block-001,1154.000,21.8077,21.81,21.81,0.0000,0.0500,6.210919
1160,loot,static_B_2020.02.14_13.21.26.csv,train/static_B_2020.02.14_13.21.26.csv#block-000@time-60.000s,block-000,60.000,89.6524,89.65,89.65,1.3585,0.0500,7.053462
1161,redandblack,static_B_2019.12.16_13.40.04.csv,train/static_B_2019.12.16_13.40.04.csv#block-005@time-1406.000s,block-005,1406.000,58.4481,58.45,58.45,0.0000,0.0500,6.943215
1162,soldier,driving_B_2019.12.17_07.32.39.csv,train/driving_B_2019.12.17_07.32.39.csv#block-000@time-1080.000s,block-000,1080.000,20.4991,20.50,20.50,0.0000,0.0500,6.690989
1163,longdress,driving_B_2020.02.13_15.02.01.csv,train/driving_B_2020.02.13_15.02.01.csv#block-000@time-1140.000s,block-000,1140.000,87.2395,87.24,87.24,0.0000,0.0500,6.899970
1164,loot,driving_B_2020.02.27_17.30.15.csv,train/driving_B_2020.02.27_17.30.15.csv#block-002@time-413.000s,block-002,413.000,4.9765,4.98,4.98,0.0000,0.0500,6.719064
1165,redandblack,static_B_2020.02.27_18.39.27.csv,train/static_B_2020.02.27_18.39.27.csv#block-001@time-72.000s,block-001,72.000,88.6617,88.66,88.66,0.4546,0.0500,6.399217
1166,soldier,driving_B_2020.02.13_15.02.01.csv,train/driving_B_2020.02.13_15.02.01.csv#block-000@time-1020.000s,block-000,1020.000,82.9509,82.95,82.95,0.0000,0.0500,6.732932
1167,longdress,driving_B_2020.02.13_13.03.24.csv,train/driving_B_2020.02.13_13.03.24.csv#block-007@time-2290.000s,block-007,2290.000,-62.1758,-62.18,-62.18,0.0000,0.0500,6.696050
1168,loot,driving_B_2019.12.17_07.32.39.csv,train/driving_B_2019.12.17_07.32.39.csv#block-000@time-360.000s,block-000,360.000,30.0889,30.09,30.09,0.0000,0.0500,6.463567
1169,redandblack,driving_B_2020.02.14_09.38.22.csv,train/driving_B_2020.02.14_09.38.22.csv#block-000@time-660.000s,block-000,660.000,35.9317,35.93,35.93,0.0000,0.0500,6.058193
1170,soldier,driving_B_2020.02.14_12.58.17.csv,train/driving_B_2020.02.14_12.58.17.csv#block-002@time-656.000s,block-002,656.000,25.9042,25.90,25.90,0.0000,0.0500,6.278014
1171,longdress,static_B_2020.02.14_13.21.26.csv,train/static_B_2020.02.14_13.21.26.csv#block-000@time-1020.000s,block-000,1020.000,87.2743,87.27,87.27,0.0000,0.0500,7.472033
1172,loot,driving_B_2020.01.16_12.10.03.csv,train/driving_B_2020.01.16_12.10.03.csv#block-000@time-120.000s,block-000,120.000,87.7198,87.72,87.72,1.2577,0.0500,6.343592
1173,redandblack,static_B_2020.02.27_18.39.27.csv,train/static_B_2020.02.27_18.39.27.csv#block-001@time-4152.000s,block-001,4152.000,87.0924,87.09,87.09,1.0020,0.0500,6.084403
1174,soldier,driving_B_2020.01.16_07.26.43.csv,train/driving_B_2020.01.16_07.26.43.csv#block-000@time-660.000s,block-000,660.000,10.9468,10.95,10.95,0.0000,0.0500,6.768979
1175,longdress,driving_B_2020.01.16_09.56.56.csv,train/driving_B_2020.01.16_09.56.56.csv#block-001@time-879.000s,block-001,879.000,66.0716,66.07,66.07,0.0000,0.0500,6.404591
1176,loot,driving_B_2020.01.16_12.10.03.csv,train/driving_B_2020.01.16_12.10.03.csv#block-000@time-360.000s,block-000,360.000,75.1367,75.14,75.14,0.0000,0.0500,7.154307
1177,redandblack,driving_B_2020.02.27_17.30.15.csv,train/driving_B_2020.02.27_17.30.15.csv#block-002@time-473.000s,block-002,473.000,-146.1864,-146.19,-146.19,0.0000,0.0500,5.765686
1178,soldier,driving_B_2020.02.14_09.38.22.csv,train/driving_B_2020.02.14_09.38.22.csv#block-000@time-300.000s,block-000,300.000,-20.2897,-20.29,-20.29,0.0000,0.0500,6.439535
1179,longdress,driving_B_2020.02.13_13.03.24.csv,train/driving_B_2020.02.13_13.03.24.csv#block-001@time-1274.000s,block-001,1274.000,19.7990,19.80,19.80,0.0000,0.0500,6.112721
1180,loot,driving_B_2019.12.16_12.27.05.csv,train/driving_B_2019.12.16_12.27.05.csv#block-000@time-420.000s,block-000,420.000,-107.3480,-107.35,-107.35,0.0000,0.0500,6.369973
1181,redandblack,driving_B_2019.12.17_07.32.39.csv,train/driving_B_2019.12.17_07.32.39.csv#block-003@time-2074.000s,block-003,2074.000,41.7173,41.72,41.72,0.0000,0.0500,6.676077
1182,soldier,driving_B_2020.02.27_17.30.15.csv,train/driving_B_2020.02.27_17.30.15.csv#block-002@time-353.000s,block-002,353.000,-4.9720,-4.97,-4.97,0.0000,0.0500,6.869175
1183,longdress,driving_B_2020.02.14_09.38.22.csv,train/driving_B_2020.02.14_09.38.22.csv#block-000@time-960.000s,block-000,960.000,69.4477,69.45,69.45,0.0000,0.0500,6.593778
1184,loot,driving_B_2020.02.14_12.58.17.csv,train/driving_B_2020.02.14_12.58.17.csv#block-002@time-716.000s,block-002,716.000,36.9638,36.96,36.96,0.0000,0.0500,5.569979
1185,redandblack,static_B_2020.02.27_18.39.27.csv,train/static_B_2020.02.27_18.39.27.csv#block-001@time-2412.000s,block-001,2412.000,62.5781,62.58,62.58,0.0000,0.0500,6.309170
1186,soldier,driving_B_2019.12.16_12.27.05.csv,train/driving_B_2019.12.16_12.27.05.csv#block-000@time-900.000s,block-000,900.000,86.4617,86.46,86.46,0.6971,0.0500,6.006457
1187,longdress,driving_B_2020.01.16_12.10.03.csv,train/driving_B_2020.01.16_12.10.03.csv#block-000@time-240.000s,block-000,240.000,88.2660,88.27,88.27,0.0000,0.0500,6.314232
1188,loot,driving_B_2020.02.27_17.30.15.csv,train/driving_B_2020.02.27_17.30.15.csv#block-002@time-293.000s,block-002,293.000,-139.5034,-139.50,-139.50,0.0000,0.0500,6.696460
1189,redandblack,static_B_2019.12.16_13.40.04.csv,train/static_B_2019.12.16_13.40.04.csv#block-001@time-955.000s,block-001,955.000,75.4366,75.44,75.44,0.0000,0.0500,6.122852
1190,soldier,driving_B_2020.01.16_12.10.03.csv,train/driving_B_2020.01.16_12.10.03.csv#block-000@time-120.000s,block-000,120.000,85.3812,85.38,85.38,0.0000,0.0500,5.830384
1191,longdress,driving_B_2020.02.13_13.03.24.csv,train/driving_B_2020.02.13_13.03.24.csv#block-000@time-120.000s,block-000,120.000,1.3286,1.33,1.33,0.0000,0.0500,6.434169
1192,loot,driving_B_2020.02.14_12.58.17.csv,train/driving_B_2020.02.14_12.58.17.csv#block-002@time-596.000s,block-002,596.000,30.5144,30.51,30.51,0.0000,0.0500,6.036562
1193,redandblack,static_B_2020.02.14_13.21.26.csv,train/static_B_2020.02.14_13.21.26.csv#block-000@time-360.000s,block-000,360.000,76.6574,76.66,76.66,0.0000,0.0500,5.769272
1194,soldier,driving_B_2020.02.14_09.38.22.csv,train/driving_B_2020.02.14_09.38.22.csv#block-000@time-720.000s,block-000,720.000,85.0173,85.02,85.02,0.0000,0.0500,6.832829
1195,longdress,driving_B_2020.02.27_17.30.15.csv,train/driving_B_2020.02.27_17.30.15.csv#block-002@time-413.000s,block-002,413.000,28.8806,28.88,28.88,0.0000,0.0500,5.989121
1196,loot,driving_B_2019.12.17_07.32.39.csv,train/driving_B_2019.12.17_07.32.39.csv#block-000@time-0.000s,block-000,0.000,41.7130,41.71,41.71,0.0000,0.0500,6.537878
1197,redandblack,driving_B_2020.01.16_09.56.56.csv,train/driving_B_2020.01.16_09.56.56.csv#block-001@time-1719.000s,block-001,1719.000,59.8542,59.85,59.85,0.0000,0.0500,6.771613
1198,soldier,driving_B_2019.12.17_07.32.39.csv,train/driving_B_2019.12.17_07.32.39.csv#block-000@time-420.000s,block-000,420.000,30.0878,30.09,30.09,0.4139,0.0500,6.069416
1199,longdress,static_B_2020.02.14_13.21.26.csv,train/static_B_2020.02.14_13.21.26.csv#block-000@time-840.000s,block-000,840.000,87.3320,87.33,87.33,0.0000,0.0500,6.776242
1200,loot,static_B_2020.02.27_18.39.27.csv,train/static_B_2020.02.27_18.39.27.csv#block-001@time-2112.000s,block-001,2112.000,31.1904,31.19,31.19,0.0000,0.0500,7.889527
1201,redandblack,driving_B_2020.02.27_17.30.15.csv,train/driving_B_2020.02.27_17.30.15.csv#block-002@time-533.000s,block-002,533.000,-27.8378,-27.84,-27.84,0.0000,0.0500,6.990192
1202,soldier,static_B_2019.12.16_13.40.04.csv,train/static_B_2019.12.16_13.40.04.csv#block-000@time-360.000s,block-000,360.000,32.3148,32.31,32.31,0.0000,0.0500,6.293909
1203,longdress,driving_B_2020.02.13_15.02.01.csv,train/driving_B_2020.02.13_15.02.01.csv#block-000@time-840.000s,block-000,840.000,18.5773,18.58,18.58,0.0000,0.0500,6.554751
1204,loot,driving_B_2020.01.16_12.10.03.csv,train/driving_B_2020.01.16_12.10.03.csv#block-000@time-300.000s,block-000,300.000,37.5328,37.53,37.53,0.0000,0.0500,7.228007
1205,redandblack,driving_B_2019.12.17_07.32.39.csv,train/driving_B_2019.12.17_07.32.39.csv#block-000@time-480.000s,block-000,480.000,74.1099,74.11,74.11,0.0000,0.0500,6.766423
1206,soldier,driving_B_2020.01.16_09.56.56.csv,train/driving_B_2020.01.16_09.56.56.csv#block-000@time-180.000s,block-000,180.000,10.4761,10.48,10.48,0.0000,0.0500,7.350310
1207,longdress,driving_B_2019.12.16_12.27.05.csv,train/driving_B_2019.12.16_12.27.05.csv#block-000@time-180.000s,block-000,180.000,32.9296,32.93,32.93,0.0000,0.0500,7.032146
1208,loot,driving_B_2020.02.27_17.30.15.csv,train/driving_B_2020.02.27_17.30.15.csv#block-002@time-293.000s,block-002,293.000,-200.4808,-200.48,-200.48,0.0000,0.0500,6.404016
1209,redandblack,driving_B_2020.01.16_09.56.56.csv,train/driving_B_2020.01.16_09.56.56.csv#block-001@time-579.000s,block-001,579.000,52.1455,52.15,52.15,0.0000,0.0500,6.196768
1210,soldier,driving_B_2020.01.16_12.10.03.csv,train/driving_B_2020.01.16_12.10.03.csv#block-000@time-180.000s,block-000,180.000,78.4641,78.46,78.46,0.0000,0.0500,6.265690
1211,longdress,static_B_2019.12.16_13.40.04.csv,train/static_B_2019.12.16_13.40.04.csv#block-005@time-1586.000s,block-005,1586.000,22.7357,22.74,22.74,0.0000,0.0500,6.730762
1212,loot,driving_B_2020.02.13_13.03.24.csv,train/driving_B_2020.02.13_13.03.24.csv#block-001@time-1214.000s,block-001,1214.000,-15.0419,-15.04,-15.04,0.0000,0.0500,7.256502
1213,redandblack,driving_B_2020.02.13_13.03.24.csv,train/driving_B_2020.02.13_13.03.24.csv#block-001@time-1454.000s,block-001,1454.000,16.2183,16.22,16.22,0.0000,0.0500,6.924599
1214,soldier,static_B_2020.02.27_18.39.27.csv,train/static_B_2020.02.27_18.39.27.csv#block-001@time-5892.000s,block-001,5892.000,77.1774,77.18,77.18,0.0000,0.0500,7.020764
1215,longdress,driving_B_2019.12.17_07.32.39.csv,train/driving_B_2019.12.17_07.32.39.csv#block-003@time-1834.000s,block-003,1834.000,-3.7112,-3.71,-3.71,0.0000,0.0500,7.284479
1216,loot,driving_B_2020.02.13_15.02.01.csv,train/driving_B_2020.02.13_15.02.01.csv#block-000@time-960.000s,block-000,960.000,85.0201,85.02,85.02,0.0000,0.0500,7.359529
1217,redandblack,driving_B_2020.01.16_12.10.03.csv,train/driving_B_2020.01.16_12.10.03.csv#block-000@time-360.000s,block-000,360.000,74.1391,74.14,74.14,0.0000,0.0500,7.323224
1218,soldier,driving_B_2020.02.14_12.58.17.csv,train/driving_B_2020.02.14_12.58.17.csv#block-002@time-716.000s,block-002,716.000,11.8300,11.83,11.83,0.0000,0.0500,7.150515
1219,longdress,driving_B_2020.01.16_07.26.43.csv,train/driving_B_2020.01.16_07.26.43.csv#block-000@time-720.000s,block-000,720.000,8.8004,8.80,8.80,0.0000,0.0500,7.248008
1220,loot,static_B_2020.02.27_18.39.27.csv,train/static_B_2020.02.27_18.39.27.csv#block-001@time-3672.000s,block-001,3672.000,66.2510,66.25,66.25,1.4987,0.0500,7.192662
1221,redandblack,static_B_2019.12.16_13.40.04.csv,train/static_B_2019.12.16_13.40.04.csv#block-000@time-60.000s,block-000,60.000,42.3427,42.34,42.34,0.0000,0.0500,6.553641
1222,soldier,driving_B_2020.02.14_12.58.17.csv,train/driving_B_2020.02.14_12.58.17.csv#block-002@time-596.000s,block-002,596.000,27.5453,27.55,27.55,0.0000,0.0500,6.203941
1223,longdress,driving_B_2020.01.16_12.10.03.csv,train/driving_B_2020.01.16_12.10.03.csv#block-000@time-180.000s,block-000,180.000,82.0339,82.03,82.03,0.0000,0.0500,6.615823
1224,loot,driving_B_2020.02.14_09.38.22.csv,train/driving_B_2020.02.14_09.38.22.csv#block-000@time-1320.000s,block-000,1320.000,-71.4824,-71.48,-71.48,0.0000,0.0500,6.502081
1225,redandblack,driving_B_2020.01.16_07.26.43.csv,train/driving_B_2020.01.16_07.26.43.csv#block-000@time-360.000s,block-000,360.000,-29.9421,-29.94,-29.94,0.0000,0.0500,7.449602
1226,soldier,driving_B_2020.02.27_17.30.15.csv,train/driving_B_2020.02.27_17.30.15.csv#block-002@time-293.000s,block-002,293.000,-174.5229,-174.52,-174.52,0.0000,0.0500,7.202924
1227,longdress,driving_B_2020.02.13_13.03.24.csv,train/driving_B_2020.02.13_13.03.24.csv#block-000@time-660.000s,block-000,660.000,28.8287,28.83,28.83,0.0000,0.0500,7.259452
1228,loot,driving_B_2019.12.17_07.32.39.csv,train/driving_B_2019.12.17_07.32.39.csv#block-004@time-2237.000s,block-004,2237.000,-28.9057,-28.91,-28.91,0.0000,0.0500,7.587407
1229,redandblack,driving_B_2020.02.14_09.38.22.csv,train/driving_B_2020.02.14_09.38.22.csv#block-000@time-1080.000s,block-000,1080.000,-8.9650,-8.96,-8.96,0.0000,0.0500,7.010198
1230,soldier,driving_B_2020.01.16_07.26.43.csv,train/driving_B_2020.01.16_07.26.43.csv#block-000@time-1080.000s,block-000,1080.000,-15.7856,-15.79,-15.79,0.0000,0.0500,6.676372
1231,longdress,driving_B_2020.02.14_09.38.22.csv,train/driving_B_2020.02.14_09.38.22.csv#block-000@time-180.000s,block-000,180.000,-6.2574,-6.26,-6.26,0.0000,0.0500,7.578158
1232,loot,driving_B_2020.01.16_07.26.43.csv,train/driving_B_2020.01.16_07.26.43.csv#block-000@time-240.000s,block-000,240.000,-6.7662,-6.77,-6.77,0.0000,0.0500,6.476031
1233,redandblack,driving_B_2020.02.13_13.03.24.csv,train/driving_B_2020.02.13_13.03.24.csv#block-001@time-1814.000s,block-001,1814.000,-41.3146,-41.31,-41.31,0.0000,0.0500,6.436848
1234,soldier,static_B_2019.12.16_13.40.04.csv,train/static_B_2019.12.16_13.40.04.csv#block-000@time-120.000s,block-000,120.000,76.4123,76.41,76.41,0.0000,0.0500,7.057989
1235,longdress,static_B_2020.02.14_13.21.26.csv,train/static_B_2020.02.14_13.21.26.csv#block-000@time-960.000s,block-000,960.000,37.1996,37.20,37.20,0.0000,0.0500,7.131980
1236,loot,driving_B_2020.02.14_12.58.17.csv,train/driving_B_2020.02.14_12.58.17.csv#block-000@time-0.000s,block-000,0.000,-0.9184,-0.92,-0.92,0.0000,0.0500,7.606767
1237,redandblack,static_B_2019.12.16_13.40.04.csv,train/static_B_2019.12.16_13.40.04.csv#block-001@time-1075.000s,block-001,1075.000,46.1139,46.11,46.11,0.0000,0.0500,6.951143
1238,soldier,driving_B_2020.01.16_09.56.56.csv,train/driving_B_2020.01.16_09.56.56.csv#block-001@time-1359.000s,block-001,1359.000,-16.5702,-16.57,-16.57,0.0000,0.0500,6.788654
1239,longdress,driving_B_2019.12.16_12.27.05.csv,train/driving_B_2019.12.16_12.27.05.csv#block-000@time-720.000s,block-000,720.000,-9.9030,-9.90,-9.90,0.0000,0.0500,7.228599
1240,loot,driving_B_2020.02.13_15.02.01.csv,train/driving_B_2020.02.13_15.02.01.csv#block-000@time-1320.000s,block-000,1320.000,56.5150,56.52,56.52,0.0000,0.0500,6.295668
1241,redandblack,driving_B_2019.12.17_07.32.39.csv,train/driving_B_2019.12.17_07.32.39.csv#block-000@time-180.000s,block-000,180.000,11.3703,11.37,11.37,0.0000,0.0500,7.106677
1242,soldier,driving_B_2020.02.13_15.02.01.csv,train/driving_B_2020.02.13_15.02.01.csv#block-000@time-2040.000s,block-000,2040.000,39.4904,39.49,39.49,0.0000,0.0500,7.024244
1243,longdress,static_B_2020.02.14_13.21.26.csv,train/static_B_2020.02.14_13.21.26.csv#block-000@time-360.000s,block-000,360.000,74.3827,74.38,74.38,0.0000,0.0500,7.208100
1244,loot,driving_B_2019.12.16_12.27.05.csv,train/driving_B_2019.12.16_12.27.05.csv#block-000@time-540.000s,block-000,540.000,6.6900,6.69,6.69,0.0000,0.0500,6.546165
1245,redandblack,driving_B_2020.02.27_17.30.15.csv,train/driving_B_2020.02.27_17.30.15.csv#block-002@time-533.000s,block-002,533.000,-58.2252,-58.23,-58.23,0.0000,0.0500,6.834568
1246,soldier,driving_B_2020.01.16_07.26.43.csv,train/driving_B_2020.01.16_07.26.43.csv#block-000@time-120.000s,block-000,120.000,-5.6558,-5.66,-5.66,0.0000,0.0500,7.249569
1247,longdress,driving_B_2020.02.14_12.58.17.csv,train/driving_B_2020.02.14_12.58.17.csv#block-002@time-716.000s,block-002,716.000,20.7645,20.76,20.76,0.0000,0.0500,6.858334
1248,loot,driving_B_2020.01.16_07.26.43.csv,train/driving_B_2020.01.16_07.26.43.csv#block-000@time-420.000s,block-000,420.000,29.4368,29.44,29.44,0.1676,0.0500,6.980302
