# C:\Users\Nima\AppData\Local\Programs\Python\Python313\python.exe -u C:\Users\Nima\PointCloudStreaming\scripts\train_dqn.py --out C:\Users\Nima\PointCloudStreaming\logs\train_runs\20260718_122736_full\sweep\trial_000_s53\abr_dqn.pkl --run-dir C:\Users\Nima\PointCloudStreaming\logs\train_runs\20260718_122736_full\sweep\trial_000_s53 --coverage-stride 60 --early-stop-patience 8 --epochs 8 --eval-every 200 --eval-offsets 3 --eval-seeds 42,43,44 --eval-sequences longdress --lam 1.0 --lr 0.0001 --mu 4.3 --playback-rate-min 0.9 --protocol configs/experiment_protocol.json --reward-spec {"stall_mode": "bounded", "stall_cap_s": 2.0, "event_penalty": 2.0, "startup_weight": 1.0, "drop_weight": 1.0} --seed 53 --segment-frames 8 --select-by qoe_quality --target-update 3000
==========================================================================================
🤖 DQN ABR training
   sequences: ['longdress', 'loot', 'redandblack', 'soldier'] | validation sequences: ['longdress']
   protocol: 73916fc9adae6232 | train files: 13 | validation files: 4 | registered test files: 4 (NOT evaluated) | frames/episode: 300
   coverage stride: 60 samples -> 417 episodes/epoch x 8 epochs = 3336 episodes (~126768 env steps)
   segment: 8 frames/request (38 decisions/episode) | playback-rate-min: 0.9 | validation offsets/trace: 3 | validation seeds: [42, 43, 44]
   state_dim: 23 | actions: 6 | feature_spec: ['lstm_pred', 'buffer', 'last_rep_onehot', 'tput_last', 'tput_mean', 'tput_std', 'rep_bitrates', 'rep_densities']
   reward: q[log_density] - 4.3*min(stall,2.0) + 2.0*new_event - 1.0*|dq| - 1.0*startup - 1.0*drops  (gamma=0.99, lr=0.0001, reward_norm=True, reward_scale=1.0)
   select-by: qoe_quality | out: C:\Users\Nima\PointCloudStreaming\logs\train_runs\20260718_122736_full\sweep\trial_000_s53\abr_dqn.pkl | run-dir: C:\Users\Nima\PointCloudStreaming\logs\train_runs\20260718_122736_full\sweep\trial_000_s53
==========================================================================================
[validation @ ep 0] untrained: reward=-733.46 qoe=30.5 qoe_q=-34432.1
[ep    1] longdress    driving_B_2020.01.16_09.56.56.csv@1235  reward=   81.73 qoe=   4.7 qoe_q=  -19.2 eps=1.000 loss=0.0000
[ep    2] loot         driving_B_2020.02.14_09.38.22.csv@31    reward=   43.12 qoe=   0.0 qoe_q=  -55.9 eps=0.999 loss=0.5490
[ep    3] redandblack  driving_B_2020.02.13_15.02.01.csv@476   reward=  151.46 qoe=  70.0 qoe_q=   41.2 eps=0.999 loss=0.5680
[ep    4] soldier      static_B_2020.02.27_18.39.27.csv@2736  reward=  170.24 qoe=  64.0 qoe_q=   45.1 eps=0.998 loss=0.5306
[ep    5] longdress    static_B_2020.02.27_18.39.27.csv@3276  reward=  141.31 qoe=  16.0 qoe_q=   37.3 eps=0.998 loss=0.4367
[ep    6] loot         driving_B_2020.02.13_13.03.24.csv@2188  reward=  -28.88 qoe=   0.0 qoe_q= -156.9 eps=0.997 loss=0.2484
[ep    7] redandblack  driving_B_2019.12.16_12.27.05.csv@1018  reward=  177.21 qoe= 100.0 qoe_q=   47.5 eps=0.997 loss=0.2316
[ep    8] soldier      driving_B_2020.02.13_15.02.01.csv@116   reward=  164.47 qoe=  80.5 qoe_q=   40.6 eps=0.996 loss=0.2145
[ep    9] longdress    static_B_2020.02.27_18.39.27.csv@3636  reward=  151.78 qoe=  71.3 qoe_q=   38.8 eps=0.996 loss=0.2335
[ep   10] loot         driving_B_2020.01.16_12.10.03.csv@19    reward=  188.05 qoe= 100.0 qoe_q=   50.2 eps=0.995 loss=0.2132
[ep   11] redandblack  driving_B_2020.02.13_13.03.24.csv@1830  reward= -113.66 qoe=   0.0 qoe_q= -751.3 eps=0.995 loss=0.1870
[ep   12] soldier      driving_B_2020.01.16_07.26.43.csv@988   reward=   45.52 qoe=   0.0 qoe_q=  -37.8 eps=0.994 loss=0.1904
[ep   13] longdress    static_B_2020.02.27_18.39.27.csv@4836  reward=  144.67 qoe=  68.0 qoe_q=   33.8 eps=0.994 loss=0.2035
[ep   14] loot         driving_B_2019.12.16_12.27.05.csv@358   reward=  153.13 qoe=  36.3 qoe_q=   20.2 eps=0.993 loss=0.2010
[ep   15] redandblack  driving_B_2020.02.14_12.58.17.csv@624   reward=  101.41 qoe=   0.0 qoe_q=   -5.6 eps=0.993 loss=0.1957
[ep   16] soldier      driving_B_2020.02.13_15.02.01.csv@1076  reward=  104.72 qoe=   0.0 qoe_q=  -12.3 eps=0.992 loss=0.2020
[ep   17] longdress    driving_B_2020.02.13_15.02.01.csv@2576  reward=  102.93 qoe=  36.0 qoe_q=   22.6 eps=0.992 loss=0.1974
[ep   18] loot         driving_B_2019.12.17_07.32.39.csv@2168  reward=   58.10 qoe=   0.0 qoe_q=  -70.7 eps=0.991 loss=0.2024
[ep   19] redandblack  static_B_2020.02.14_13.21.26.csv@21    reward=  128.95 qoe=  49.0 qoe_q=   22.0 eps=0.991 loss=0.2260
[ep   20] soldier      static_B_2020.02.14_13.21.26.csv@561   reward=  167.26 qoe= 100.0 qoe_q=   43.2 eps=0.991 loss=0.2077
[ep   21] longdress    static_B_2019.12.16_13.40.04.csv@208   reward=   83.65 qoe=   1.1 qoe_q=   -4.8 eps=0.990 loss=0.1943
[ep   22] loot         driving_B_2020.02.13_15.02.01.csv@1136  reward=  101.76 qoe=   0.0 qoe_q=   -2.5 eps=0.990 loss=0.2116
[ep   23] redandblack  static_B_2020.02.27_18.39.27.csv@5256  reward=  164.57 qoe=  72.0 qoe_q=   43.7 eps=0.989 loss=0.1915
[ep   24] soldier      driving_B_2020.01.16_12.10.03.csv@244   reward=  211.76 qoe= 100.0 qoe_q=   58.6 eps=0.989 loss=0.1813
[ep   25] longdress    driving_B_2020.02.14_12.58.17.csv@564   reward=   28.78 qoe=   0.0 qoe_q=  -87.5 eps=0.988 loss=0.2181
[ep   26] loot         driving_B_2020.01.16_07.26.43.csv@148   reward=   50.75 qoe=   0.0 qoe_q= -211.9 eps=0.988 loss=0.1985
[ep   27] redandblack  static_B_2020.02.27_18.39.27.csv@1176  reward=   95.96 qoe=   0.0 qoe_q= -194.7 eps=0.987 loss=0.2085
[ep   28] soldier      driving_B_2019.12.17_07.32.39.csv@668   reward=   49.59 qoe=   0.0 qoe_q=  -61.2 eps=0.987 loss=0.2107
[ep   29] longdress    driving_B_2020.02.13_15.02.01.csv@2156  reward=  191.03 qoe=  82.0 qoe_q=   53.1 eps=0.986 loss=0.2072
[ep   30] loot         driving_B_2019.12.17_07.32.39.csv@728   reward=  114.03 qoe=   0.0 qoe_q=    0.7 eps=0.986 loss=0.1844
[ep   31] redandblack  driving_B_2020.02.13_15.02.01.csv@2276  reward=   55.39 qoe=   0.0 qoe_q= -101.6 eps=0.985 loss=0.2071
[ep   32] soldier      static_B_2019.12.16_13.40.04.csv@28    reward=  123.61 qoe=  30.0 qoe_q=   30.8 eps=0.985 loss=0.2110
[ep   33] longdress    driving_B_2020.02.13_13.03.24.csv@330   reward=   24.26 qoe=   0.0 qoe_q=  -93.0 eps=0.984 loss=0.2247
[ep   34] loot         driving_B_2019.12.16_12.27.05.csv@778   reward=  140.23 qoe=  51.7 qoe_q=   25.4 eps=0.984 loss=0.2142
[ep   35] redandblack  driving_B_2019.12.16_12.27.05.csv@1078  reward=  180.08 qoe=  83.1 qoe_q=   44.2 eps=0.983 loss=0.1937
[ep   36] soldier      driving_B_2020.02.14_09.38.22.csv@811   reward=  120.97 qoe=   0.0 qoe_q=  -42.2 eps=0.983 loss=0.2080
[ep   37] longdress    driving_B_2020.01.16_07.26.43.csv@1708  reward=   52.46 qoe=   0.0 qoe_q=  -58.1 eps=0.982 loss=0.2053
[ep   38] loot         driving_B_2020.02.14_09.38.22.csv@1051  reward=   99.22 qoe=   0.0 qoe_q=  -30.2 eps=0.982 loss=0.2198
[ep   39] redandblack  driving_B_2020.02.14_09.38.22.csv@1231  reward=   56.06 qoe=   0.0 qoe_q=  -39.5 eps=0.982 loss=0.2083
[ep   40] soldier      static_B_2020.02.27_18.39.27.csv@1056  reward=  182.43 qoe= 100.0 qoe_q=   45.7 eps=0.981 loss=0.2188
[ep   41] longdress    driving_B_2019.12.17_07.32.39.csv@1568  reward=   42.24 qoe=   0.0 qoe_q=  -98.6 eps=0.981 loss=0.2189
[ep   42] loot         driving_B_2020.02.14_12.58.17.csv@744   reward=   -0.60 qoe=   0.0 qoe_q= -213.3 eps=0.980 loss=0.2034
[ep   43] redandblack  static_B_2020.02.27_18.39.27.csv@96    reward=  160.03 qoe=  16.0 qoe_q=   41.9 eps=0.980 loss=0.2114
[ep   44] soldier      static_B_2019.12.16_13.40.04.csv@1048  reward=   93.38 qoe=  17.7 qoe_q=   -8.2 eps=0.979 loss=0.2305
[ep   45] longdress    static_B_2020.02.27_18.39.27.csv@3936  reward=  157.61 qoe=  44.0 qoe_q=   40.6 eps=0.979 loss=0.2260
[ep   46] loot         driving_B_2020.02.14_12.58.17.csv@684   reward=  -11.21 qoe=   0.0 qoe_q= -173.0 eps=0.978 loss=0.2213
[ep   47] redandblack  driving_B_2020.01.16_09.56.56.csv@335   reward=  139.92 qoe=  55.9 qoe_q=   25.1 eps=0.978 loss=0.2310
[ep   48] soldier      driving_B_2020.02.13_15.02.01.csv@2754  reward=   22.88 qoe=   0.0 qoe_q= -105.1 eps=0.977 loss=0.2148
[ep   49] longdress    static_B_2020.02.27_18.39.27.csv@4356  reward=  153.56 qoe=  73.1 qoe_q=   33.6 eps=0.977 loss=0.2214
[ep   50] loot         driving_B_2019.12.17_07.32.39.csv@1808  reward=   25.50 qoe=   0.0 qoe_q=  -61.7 eps=0.976 loss=0.2143
[ep   51] redandblack  driving_B_2020.02.27_17.30.15.csv@254   reward=  -73.52 qoe=   0.0 qoe_q= -301.4 eps=0.976 loss=0.2034
[ep   52] soldier      driving_B_2020.02.27_17.30.15.csv@374   reward=   -4.60 qoe=   0.0 qoe_q= -156.8 eps=0.975 loss=0.2140
[ep   53] longdress    static_B_2020.02.27_18.39.27.csv@5376  reward=  128.87 qoe=  26.0 qoe_q=   31.5 eps=0.975 loss=0.2067
[ep   54] loot         driving_B_2019.12.17_07.32.39.csv@848   reward=   74.88 qoe=   0.0 qoe_q=  -28.1 eps=0.974 loss=0.2151
[ep   55] redandblack  driving_B_2020.02.13_13.03.24.csv@1530  reward=   69.76 qoe=   0.0 qoe_q=  -61.4 eps=0.974 loss=0.2274
[ep   56] soldier      driving_B_2020.02.14_09.38.22.csv@571   reward=  111.71 qoe=  42.0 qoe_q=   24.6 eps=0.973 loss=0.2326
[ep   57] longdress    driving_B_2020.02.13_15.02.01.csv@2754  reward=   36.20 qoe=   0.0 qoe_q=  -60.8 eps=0.973 loss=0.2107
[ep   58] loot         driving_B_2019.12.17_07.32.39.csv@608   reward=   71.87 qoe=   0.0 qoe_q=  -33.7 eps=0.972 loss=0.2207
[ep   59] redandblack  driving_B_2020.02.13_15.02.01.csv@1436  reward=   18.89 qoe=   0.0 qoe_q=  -98.1 eps=0.972 loss=0.2285
[ep   60] soldier      driving_B_2020.02.27_17.30.15.csv@720   reward=  -60.02 qoe=   0.0 qoe_q= -570.3 eps=0.972 loss=0.2151
[ep   61] longdress    static_B_2020.02.27_18.39.27.csv@4776  reward=  176.64 qoe= 100.0 qoe_q=   47.2 eps=0.971 loss=0.2164
[ep   62] loot         driving_B_2020.01.16_09.56.56.csv@1175  reward=  113.77 qoe=  33.1 qoe_q=    9.3 eps=0.971 loss=0.2146
[ep   63] redandblack  driving_B_2019.12.17_07.32.39.csv@248   reward=   85.82 qoe=   8.1 qoe_q=   -7.0 eps=0.970 loss=0.2275
[ep   64] soldier      static_B_2020.02.27_18.39.27.csv@1236  reward=  129.30 qoe=   8.0 qoe_q=   29.2 eps=0.970 loss=0.2072
[ep   65] longdress    driving_B_2020.01.16_07.26.43.csv@28    reward=   48.19 qoe=   0.0 qoe_q=  -48.5 eps=0.969 loss=0.2284
[ep   66] loot         static_B_2020.02.27_18.39.27.csv@816   reward=  157.61 qoe= 100.0 qoe_q=   37.4 eps=0.969 loss=0.2295
[ep   67] redandblack  driving_B_2020.02.13_15.02.01.csv@1616  reward=  -36.25 qoe=   0.0 qoe_q= -185.5 eps=0.968 loss=0.2119
[ep   68] soldier      static_B_2019.12.16_13.40.04.csv@448   reward=  135.18 qoe=  26.9 qoe_q=   17.1 eps=0.968 loss=0.2010
[ep   69] longdress    static_B_2020.02.14_13.21.26.csv@321   reward=  143.04 qoe=  46.0 qoe_q=   34.5 eps=0.967 loss=0.2234
[ep   70] loot         driving_B_2020.02.13_15.02.01.csv@716   reward=   81.88 qoe=   0.0 qoe_q=  -21.5 eps=0.967 loss=0.2286
[ep   71] redandblack  static_B_2019.12.16_13.40.04.csv@868   reward=  126.65 qoe= 100.0 qoe_q=   30.5 eps=0.966 loss=0.2086
[ep   72] soldier      driving_B_2020.02.13_13.03.24.csv@2010  reward=  -35.16 qoe=   0.0 qoe_q= -294.9 eps=0.966 loss=0.2175
[ep   73] longdress    driving_B_2020.01.16_07.26.43.csv@328   reward=   -5.41 qoe=   0.0 qoe_q= -112.5 eps=0.965 loss=0.2013
[ep   74] loot         static_B_2020.02.14_13.21.26.csv@501   reward=  154.51 qoe=   8.0 qoe_q=   40.9 eps=0.965 loss=0.1955
[ep   75] redandblack  static_B_2019.12.16_13.40.04.csv@1828  reward=  139.98 qoe=  35.1 qoe_q=    8.7 eps=0.964 loss=0.2090
[ep   76] soldier      static_B_2019.12.16_13.40.04.csv@388   reward=  137.19 qoe=  70.3 qoe_q=   30.7 eps=0.964 loss=0.2002
[ep   77] longdress    driving_B_2020.02.13_15.02.01.csv@1976  reward=   80.95 qoe=   0.0 qoe_q=   -8.3 eps=0.963 loss=0.1895
[ep   78] loot         static_B_2020.02.27_18.39.27.csv@3996  reward=   95.52 qoe=   0.0 qoe_q=   17.8 eps=0.963 loss=0.1999
[ep   79] redandblack  driving_B_2020.01.16_09.56.56.csv@755   reward=  136.15 qoe=  47.0 qoe_q=   20.2 eps=0.963 loss=0.2169
[ep   80] soldier      static_B_2020.02.27_18.39.27.csv@2436  reward=  171.39 qoe=  40.0 qoe_q=   43.4 eps=0.962 loss=0.1866
[ep   81] longdress    driving_B_2020.02.13_15.02.01.csv@2336  reward=  -41.66 qoe=   0.0 qoe_q= -636.1 eps=0.962 loss=0.4163
[ep   82] loot         static_B_2020.02.27_18.39.27.csv@5556  reward=  109.31 qoe=   0.0 qoe_q=   25.2 eps=0.961 loss=0.3313
[ep   83] redandblack  driving_B_2019.12.16_12.27.05.csv@1152  reward=  105.61 qoe=  14.1 qoe_q=  -10.8 eps=0.961 loss=0.2811
[ep   84] soldier      driving_B_2019.12.17_07.32.39.csv@908   reward=   28.16 qoe=   0.0 qoe_q= -103.7 eps=0.960 loss=0.2813
[ep   85] longdress    driving_B_2020.01.16_09.56.56.csv@215   reward=  113.13 qoe=   0.0 qoe_q=   -0.7 eps=0.960 loss=0.2808
[ep   86] loot         driving_B_2020.01.16_09.56.56.csv@1535  reward=  119.24 qoe=   0.0 qoe_q=   28.0 eps=0.959 loss=0.2806
[ep   87] redandblack  static_B_2020.02.27_18.39.27.csv@4596  reward=  125.47 qoe= 100.0 qoe_q=   33.4 eps=0.959 loss=0.2630
[ep   88] soldier      static_B_2020.02.14_13.21.26.csv@621   reward=  158.87 qoe=  58.0 qoe_q=   41.6 eps=0.958 loss=0.2650
[ep   89] longdress    driving_B_2020.02.13_13.03.24.csv@150   reward=   48.81 qoe=   0.0 qoe_q= -133.6 eps=0.958 loss=0.2657
[ep   90] loot         static_B_2020.02.27_18.39.27.csv@456   reward=  172.33 qoe= 100.0 qoe_q=   43.9 eps=0.957 loss=0.2809
[ep   91] redandblack  static_B_2019.12.16_13.40.04.csv@1348  reward=  183.31 qoe=  88.1 qoe_q=   44.0 eps=0.957 loss=0.2538
[ep   92] soldier      driving_B_2020.02.13_15.02.01.csv@1496  reward=   26.76 qoe=   0.0 qoe_q= -186.8 eps=0.956 loss=0.2665
[ep   93] longdress    static_B_2020.02.27_18.39.27.csv@5676  reward=  160.70 qoe= 100.0 qoe_q=   39.2 eps=0.956 loss=0.2636
[ep   94] loot         driving_B_2020.02.14_12.58.17.csv@264   reward=  -13.95 qoe=   0.0 qoe_q= -612.0 eps=0.955 loss=0.2545
[ep   95] redandblack  driving_B_2020.01.16_09.56.56.csv@1570  reward=  125.19 qoe=   2.7 qoe_q=   14.8 eps=0.955 loss=0.2541
[ep   96] soldier      driving_B_2020.02.13_13.03.24.csv@2070  reward=  -67.66 qoe=   0.0 qoe_q= -296.9 eps=0.954 loss=0.2499
[ep   97] longdress    driving_B_2020.01.16_12.10.03.csv@139   reward=  173.09 qoe=  44.0 qoe_q=   47.8 eps=0.954 loss=0.2633
[ep   98] loot         driving_B_2020.01.16_07.26.43.csv@1408  reward=   49.14 qoe=   0.0 qoe_q=  -81.0 eps=0.953 loss=0.2300
[ep   99] redandblack  driving_B_2020.02.13_15.02.01.csv@956   reward=   58.89 qoe=   0.0 qoe_q=  -27.2 eps=0.953 loss=0.2465
[ep  100] soldier      static_B_2020.02.27_18.39.27.csv@3696  reward=  171.08 qoe=  88.3 qoe_q=   48.0 eps=0.953 loss=0.2309
[ep  101] longdress    driving_B_2020.02.13_13.03.24.csv@30    reward=   -8.40 qoe=   0.0 qoe_q= -141.0 eps=0.952 loss=0.2446
[ep  102] loot         driving_B_2019.12.17_07.32.39.csv@2108  reward=  119.11 qoe=  60.0 qoe_q=   27.2 eps=0.952 loss=0.2422
[ep  103] redandblack  static_B_2019.12.16_13.40.04.csv@1904  reward=  104.12 qoe=   0.0 qoe_q=    3.7 eps=0.951 loss=0.2582
[ep  104] soldier      driving_B_2020.02.13_13.03.24.csv@1950  reward=  -53.23 qoe=   0.0 qoe_q= -359.0 eps=0.951 loss=0.2456
[ep  105] longdress    driving_B_2020.02.13_13.03.24.csv@1890  reward= -114.82 qoe=   0.0 qoe_q= -655.7 eps=0.950 loss=0.2691
[ep  106] loot         driving_B_2019.12.17_07.32.39.csv@548   reward=   69.37 qoe=   0.0 qoe_q=  -31.8 eps=0.950 loss=0.2376
[ep  107] redandblack  driving_B_2020.02.14_09.38.22.csv@1291  reward=  161.43 qoe=  24.0 qoe_q=   43.8 eps=0.949 loss=0.2521
[ep  108] soldier      driving_B_2020.02.13_13.03.24.csv@630   reward=   -1.98 qoe=   0.0 qoe_q= -110.9 eps=0.949 loss=0.2607
[ep  109] longdress    driving_B_2020.01.16_09.56.56.csv@515   reward=  126.17 qoe=  53.6 qoe_q=   21.5 eps=0.948 loss=0.2327
[ep  110] loot         driving_B_2020.01.16_07.26.43.csv@868   reward=   69.16 qoe=   0.0 qoe_q=  -44.0 eps=0.948 loss=0.2462
[ep  111] redandblack  driving_B_2020.02.27_17.30.15.csv@494   reward=  -38.68 qoe=   0.0 qoe_q= -235.3 eps=0.947 loss=0.2556
[ep  112] soldier      driving_B_2020.01.16_09.56.56.csv@875   reward=   25.28 qoe=   0.0 qoe_q=  -39.8 eps=0.947 loss=0.2426
[ep  113] longdress    driving_B_2020.02.13_15.02.01.csv@236   reward=  158.21 qoe=  48.9 qoe_q=   35.4 eps=0.946 loss=0.2399
[ep  114] loot         driving_B_2020.01.16_07.26.43.csv@1168  reward=  100.31 qoe=  57.6 qoe_q=    9.2 eps=0.946 loss=0.2373
[ep  115] redandblack  driving_B_2020.02.14_09.38.22.csv@751   reward=  114.58 qoe=  19.2 qoe_q=    0.8 eps=0.945 loss=0.2527
[ep  116] soldier      driving_B_2020.01.16_07.26.43.csv@628   reward=   40.79 qoe=   0.0 qoe_q=  -80.5 eps=0.945 loss=0.2448
[ep  117] longdress    driving_B_2019.12.17_07.32.39.csv@2048  reward=   49.29 qoe=   0.0 qoe_q=  -30.8 eps=0.944 loss=0.2445
[ep  118] loot         static_B_2020.02.27_18.39.27.csv@516   reward=  155.43 qoe=  61.8 qoe_q=   38.4 eps=0.944 loss=0.2474
[ep  119] redandblack  driving_B_2020.01.16_07.26.43.csv@748   reward=  116.22 qoe=  68.2 qoe_q=   16.5 eps=0.944 loss=0.2397
[ep  120] soldier      driving_B_2019.12.17_07.32.39.csv@188   reward=   43.29 qoe=   0.0 qoe_q=  -96.8 eps=0.943 loss=0.2439
[ep  121] longdress    driving_B_2020.02.14_12.58.17.csv@84    reward=   36.87 qoe=   0.0 qoe_q= -168.8 eps=0.943 loss=0.2544
[ep  122] loot         static_B_2020.02.27_18.39.27.csv@4116  reward=  124.17 qoe=  10.0 qoe_q=   31.5 eps=0.942 loss=0.2220
[ep  123] redandblack  driving_B_2020.02.13_15.02.01.csv@176   reward=  186.63 qoe= 100.0 qoe_q=   51.7 eps=0.942 loss=0.2341
[ep  124] soldier      static_B_2020.02.27_18.39.27.csv@5316  reward=  154.91 qoe=  66.0 qoe_q=   39.4 eps=0.941 loss=0.2613
[ep  125] longdress    driving_B_2020.02.13_13.03.24.csv@1170  reward=    7.47 qoe=   0.0 qoe_q=  -84.9 eps=0.941 loss=0.2617
[ep  126] loot         static_B_2020.02.27_18.39.27.csv@4056  reward=  104.49 qoe=   0.0 qoe_q=   22.4 eps=0.940 loss=0.2305
[ep  127] redandblack  driving_B_2020.02.14_12.58.17.csv@324   reward=  -54.32 qoe=   0.0 qoe_q= -450.3 eps=0.940 loss=0.2394
[ep  128] soldier      static_B_2020.02.27_18.39.27.csv@216   reward=  138.68 qoe=  48.0 qoe_q=   31.2 eps=0.939 loss=0.2486
[ep  129] longdress    driving_B_2019.12.16_12.27.05.csv@118   reward=   79.87 qoe=   0.0 qoe_q=  -60.4 eps=0.939 loss=0.2454
[ep  130] loot         static_B_2020.02.27_18.39.27.csv@2316  reward=  168.80 qoe= 100.0 qoe_q=   43.0 eps=0.938 loss=0.2282
[ep  131] redandblack  driving_B_2019.12.17_07.32.39.csv@1148  reward=   70.10 qoe=   0.0 qoe_q=  -39.6 eps=0.938 loss=0.2403
[ep  132] soldier      driving_B_2020.02.13_13.03.24.csv@1050  reward=   24.73 qoe=   0.0 qoe_q= -103.0 eps=0.937 loss=0.2422
[ep  133] longdress    driving_B_2020.02.14_09.38.22.csv@271   reward=   35.31 qoe=   0.0 qoe_q= -101.6 eps=0.937 loss=0.2221
[ep  134] loot         driving_B_2019.12.17_07.32.39.csv@128   reward=   64.78 qoe=   5.4 qoe_q=  -13.9 eps=0.936 loss=0.2225
[ep  135] redandblack  driving_B_2020.02.14_12.58.17.csv@384   reward=  -13.67 qoe=   0.0 qoe_q= -248.9 eps=0.936 loss=0.2528
[ep  136] soldier      driving_B_2020.02.13_13.03.24.csv@1710  reward=  197.56 qoe=  86.1 qoe_q=   53.4 eps=0.935 loss=0.2431
[ep  137] longdress    static_B_2020.02.27_18.39.27.csv@5616  reward=  165.87 qoe=  48.0 qoe_q=   42.8 eps=0.935 loss=0.2233
[ep  138] loot         static_B_2020.02.27_18.39.27.csv@5136  reward=  143.23 qoe=   2.0 qoe_q=   38.4 eps=0.935 loss=0.2397
[ep  139] redandblack  driving_B_2019.12.17_07.32.39.csv@788   reward=    6.53 qoe=   0.0 qoe_q=  -83.8 eps=0.934 loss=0.2384
[ep  140] soldier      static_B_2020.02.27_18.39.27.csv@4176  reward=  145.02 qoe=  84.0 qoe_q=   32.8 eps=0.934 loss=0.2323
[ep  141] longdress    static_B_2020.02.27_18.39.27.csv@4896  reward=  124.19 qoe=  12.1 qoe_q=  -17.9 eps=0.933 loss=0.2406
[ep  142] loot         driving_B_2020.02.13_15.02.01.csv@1196  reward=  192.38 qoe=  64.7 qoe_q=   44.3 eps=0.933 loss=0.2258
[ep  143] redandblack  driving_B_2020.02.13_15.02.01.csv@296   reward=  128.85 qoe=  78.0 qoe_q=   28.9 eps=0.932 loss=0.2346
[ep  144] soldier      static_B_2020.02.27_18.39.27.csv@1476  reward=  139.34 qoe=  35.5 qoe_q=   16.4 eps=0.932 loss=0.2089
[ep  145] longdress    driving_B_2020.02.13_13.03.24.csv@510   reward=   31.00 qoe=   0.0 qoe_q=  -62.0 eps=0.931 loss=0.2374
[ep  146] loot         driving_B_2020.02.13_15.02.01.csv@896   reward=  140.51 qoe=   0.0 qoe_q=   37.6 eps=0.931 loss=0.2319
[ep  147] redandblack  static_B_2020.02.14_13.21.26.csv@681   reward=  126.33 qoe=  10.0 qoe_q=   30.6 eps=0.930 loss=0.2393
[ep  148] soldier      driving_B_2020.02.27_17.30.15.csv@314   reward=  -77.19 qoe=   0.0 qoe_q= -259.3 eps=0.930 loss=0.2434
[ep  149] longdress    driving_B_2020.02.14_12.58.17.csv@204   reward=  -38.10 qoe=   0.0 qoe_q= -900.8 eps=0.929 loss=0.2467
[ep  150] loot         static_B_2019.12.16_13.40.04.csv@928   reward=  122.30 qoe=  39.1 qoe_q=   14.6 eps=0.929 loss=0.2384
[ep  151] redandblack  driving_B_2020.01.16_07.26.43.csv@1288  reward=  151.48 qoe=  73.8 qoe_q=   30.8 eps=0.928 loss=0.2504
[ep  152] soldier      driving_B_2020.01.16_07.26.43.csv@1770  reward=   -0.99 qoe=   0.0 qoe_q= -159.9 eps=0.928 loss=0.2224
[ep  153] longdress    static_B_2020.02.27_18.39.27.csv@1596  reward=  137.42 qoe=   6.6 qoe_q=    5.3 eps=0.927 loss=0.2454
[ep  154] loot         driving_B_2020.02.14_09.38.22.csv@391   reward=    1.09 qoe=   0.0 qoe_q= -116.5 eps=0.927 loss=0.2455
[ep  155] redandblack  static_B_2019.12.16_13.40.04.csv@1288  reward=  181.07 qoe= 100.0 qoe_q=   49.4 eps=0.926 loss=0.2340
[ep  156] soldier      driving_B_2019.12.17_07.32.39.csv@368   reward=  203.45 qoe= 100.0 qoe_q=   55.6 eps=0.926 loss=0.2319
[ep  157] longdress    static_B_2020.02.27_18.39.27.csv@3036  reward=  152.63 qoe=  71.3 qoe_q=   25.6 eps=0.925 loss=0.2374
[ep  158] loot         driving_B_2020.01.16_07.26.43.csv@808   reward=  159.65 qoe=  65.9 qoe_q=   31.6 eps=0.925 loss=0.2291
[ep  159] redandblack  static_B_2019.12.16_13.40.04.csv@628   reward=  111.50 qoe=   0.0 qoe_q=   -3.7 eps=0.925 loss=0.2465
[ep  160] soldier      driving_B_2019.12.16_12.27.05.csv@718   reward=  183.81 qoe=  80.0 qoe_q=   53.3 eps=0.924 loss=0.4327
[ep  161] longdress    static_B_2020.02.14_13.21.26.csv@850   reward=  133.17 qoe=  56.4 qoe_q=   23.2 eps=0.924 loss=0.3963
[ep  162] loot         driving_B_2020.02.13_13.03.24.csv@270   reward=   84.95 qoe=   0.0 qoe_q=  -11.5 eps=0.923 loss=0.3612
[ep  163] redandblack  driving_B_2020.01.16_07.26.43.csv@1648  reward=   80.49 qoe=   0.0 qoe_q=  -31.2 eps=0.923 loss=0.3708
[ep  164] soldier      static_B_2019.12.16_13.40.04.csv@1468  reward=  182.76 qoe= 100.0 qoe_q=   48.9 eps=0.922 loss=0.3270
[ep  165] longdress    driving_B_2019.12.17_07.32.39.csv@968   reward=   32.26 qoe=   0.0 qoe_q= -184.8 eps=0.922 loss=0.2996
[ep  166] loot         driving_B_2020.01.16_07.26.43.csv@1108  reward=  157.74 qoe=  65.5 qoe_q=   27.5 eps=0.921 loss=0.3210
[ep  167] redandblack  driving_B_2020.02.14_09.38.22.csv@1171  reward=   -7.03 qoe=   0.0 qoe_q= -172.9 eps=0.921 loss=0.3069
[ep  168] soldier      static_B_2020.02.27_18.39.27.csv@2916  reward=  168.01 qoe=  61.5 qoe_q=   32.4 eps=0.920 loss=0.3264
[ep  169] longdress    static_B_2020.02.27_18.39.27.csv@2676  reward=  125.39 qoe=  15.6 qoe_q=   11.2 eps=0.920 loss=0.3397
[ep  170] loot         static_B_2020.02.14_13.21.26.csv@850   reward=  139.45 qoe=  60.9 qoe_q=   29.1 eps=0.919 loss=0.3222
[ep  171] redandblack  driving_B_2019.12.17_07.32.39.csv@308   reward=  104.75 qoe=  22.9 qoe_q=   10.7 eps=0.919 loss=0.3147
[ep  172] soldier      static_B_2020.02.27_18.39.27.csv@36    reward=  204.65 qoe=  74.0 qoe_q=   59.1 eps=0.918 loss=0.3209
[ep  173] longdress    driving_B_2020.02.13_13.03.24.csv@1350  reward=   33.25 qoe=   0.0 qoe_q= -143.8 eps=0.918 loss=0.3218
[ep  174] loot         driving_B_2019.12.17_07.32.39.csv@1868  reward=  129.07 qoe=   0.0 qoe_q=   -4.6 eps=0.917 loss=0.3165
[ep  175] redandblack  static_B_2020.02.27_18.39.27.csv@2136  reward=  152.15 qoe= 100.0 qoe_q=   39.8 eps=0.917 loss=0.3045
[ep  176] soldier      driving_B_2020.01.16_09.56.56.csv@1115  reward=   89.61 qoe=   0.0 qoe_q=  -36.7 eps=0.916 loss=0.2828
[ep  177] longdress    driving_B_2020.02.13_13.03.24.csv@690   reward=   41.54 qoe=   0.0 qoe_q=  -78.9 eps=0.916 loss=0.3268
[ep  178] loot         static_B_2019.12.16_13.40.04.csv@1708  reward=  170.98 qoe=  64.0 qoe_q=   45.8 eps=0.916 loss=0.3157
[ep  179] redandblack  driving_B_2019.12.17_07.32.39.csv@1448  reward=  137.10 qoe=  79.6 qoe_q=   28.8 eps=0.915 loss=0.2941
[ep  180] soldier      driving_B_2020.01.16_09.56.56.csv@155   reward=  168.22 qoe=  58.7 qoe_q=   31.6 eps=0.915 loss=0.3099
[ep  181] longdress    driving_B_2020.01.16_09.56.56.csv@1355  reward=  108.26 qoe=   6.0 qoe_q=   24.4 eps=0.914 loss=0.3257
[ep  182] loot         driving_B_2020.01.16_07.26.43.csv@1528  reward=   63.32 qoe=   0.0 qoe_q=  -43.9 eps=0.914 loss=0.3072
[ep  183] redandblack  static_B_2020.02.27_18.39.27.csv@5196  reward=  130.36 qoe=   0.0 qoe_q=   31.6 eps=0.913 loss=0.2845
[ep  184] soldier      driving_B_2020.02.13_13.03.24.csv@210   reward=   21.69 qoe=   0.0 qoe_q= -105.7 eps=0.913 loss=0.3132
[ep  185] longdress    driving_B_2020.02.13_13.03.24.csv@990   reward=   22.22 qoe=   0.0 qoe_q=  -92.3 eps=0.912 loss=0.3050
[ep  186] loot         driving_B_2020.02.13_15.02.01.csv@836   reward=   60.79 qoe=   0.0 qoe_q=  -56.2 eps=0.912 loss=0.3146
[ep  187] redandblack  driving_B_2020.01.16_09.56.56.csv@455   reward=   68.28 qoe=   0.0 qoe_q=  -66.6 eps=0.911 loss=0.2795
[ep  188] soldier      driving_B_2020.02.13_15.02.01.csv@2636  reward=  181.37 qoe=  87.3 qoe_q=   47.6 eps=0.911 loss=0.2898
[ep  189] longdress    driving_B_2020.02.13_15.02.01.csv@2696  reward=   -0.66 qoe=   0.0 qoe_q= -138.2 eps=0.910 loss=0.3447
[ep  190] loot         driving_B_2019.12.16_12.27.05.csv@958   reward=  159.38 qoe=  63.9 qoe_q=   33.3 eps=0.910 loss=0.3049
[ep  191] redandblack  static_B_2020.02.27_18.39.27.csv@3456  reward=  155.74 qoe= 100.0 qoe_q=   36.6 eps=0.909 loss=0.2977
[ep  192] soldier      driving_B_2020.01.16_07.26.43.csv@1468  reward=   16.79 qoe=   0.0 qoe_q= -122.0 eps=0.909 loss=0.2926
[ep  193] longdress    static_B_2019.12.16_13.40.04.csv@1108  reward=   21.13 qoe=   0.0 qoe_q= -516.7 eps=0.908 loss=0.3256
[ep  194] loot         driving_B_2020.02.13_13.03.24.csv@1650  reward=   95.19 qoe=   0.0 qoe_q=  -62.1 eps=0.908 loss=0.3060
[ep  195] redandblack  driving_B_2020.02.14_09.38.22.csv@211   reward=   37.24 qoe=   0.0 qoe_q=  -43.7 eps=0.907 loss=0.3183
[ep  196] soldier      driving_B_2020.02.27_17.30.15.csv@434   reward=  -40.60 qoe=   0.0 qoe_q= -507.5 eps=0.907 loss=0.3011
[ep  197] longdress    driving_B_2019.12.17_07.32.39.csv@1928  reward=  151.31 qoe=  82.3 qoe_q=   38.2 eps=0.907 loss=0.3041
[ep  198] loot         driving_B_2020.02.13_15.02.01.csv@1736  reward=  163.07 qoe=  40.0 qoe_q=   43.8 eps=0.906 loss=0.2978
[ep  199] redandblack  static_B_2020.02.27_18.39.27.csv@876   reward=  170.56 qoe=  81.4 qoe_q=   43.8 eps=0.906 loss=0.3059
[ep  200] soldier      driving_B_2020.02.13_13.03.24.csv@1110  reward=  -21.00 qoe=   0.0 qoe_q= -210.2 eps=0.905 loss=0.2584
    [eval @ ep 200] reward=38.73 qoe=52.1 qoe_q=-4626.2 mean_q=0.752 stall=1067.9s  <-- best (saved)
[ep  201] longdress    static_B_2020.02.27_18.39.27.csv@3156  reward=   86.41 qoe=   0.0 qoe_q= -338.9 eps=0.905 loss=0.2944
[ep  202] loot         static_B_2019.12.16_13.40.04.csv@268   reward=  136.01 qoe=  26.9 qoe_q=   10.7 eps=0.904 loss=0.3072
[ep  203] redandblack  static_B_2020.02.14_13.21.26.csv@441   reward=  168.05 qoe=  66.0 qoe_q=   45.3 eps=0.904 loss=0.2932
[ep  204] soldier      driving_B_2020.02.14_09.38.22.csv@511   reward=  164.84 qoe=  86.0 qoe_q=   40.4 eps=0.903 loss=0.3089
[ep  205] longdress    driving_B_2020.01.16_07.26.43.csv@1348  reward=  -11.71 qoe=   0.0 qoe_q= -161.1 eps=0.903 loss=0.3166
[ep  206] loot         static_B_2020.02.27_18.39.27.csv@1956  reward=  166.07 qoe=  68.4 qoe_q=   37.6 eps=0.902 loss=0.2914
[ep  207] redandblack  driving_B_2020.02.27_17.30.15.csv@614   reward=  -18.00 qoe=   0.0 qoe_q= -227.1 eps=0.902 loss=0.2913
[ep  208] soldier      static_B_2020.02.27_18.39.27.csv@3576  reward=  121.82 qoe=   7.5 qoe_q=    6.2 eps=0.901 loss=0.3201
[ep  209] longdress    static_B_2020.02.27_18.39.27.csv@2076  reward=  183.38 qoe=  81.5 qoe_q=   47.8 eps=0.901 loss=0.2803
[ep  210] loot         static_B_2019.12.16_13.40.04.csv@688   reward=  152.33 qoe=  28.0 qoe_q=   37.7 eps=0.900 loss=0.2940
[ep  211] redandblack  static_B_2019.12.16_13.40.04.csv@1168  reward=   82.05 qoe=   0.0 qoe_q= -182.8 eps=0.900 loss=0.3048
[ep  212] soldier      static_B_2020.02.27_18.39.27.csv@156   reward=  177.96 qoe= 100.0 qoe_q=   49.4 eps=0.899 loss=0.2971
[ep  213] longdress    driving_B_2020.01.16_07.26.43.csv@568   reward=   46.91 qoe=   0.0 qoe_q=  -47.7 eps=0.899 loss=0.2995
[ep  214] loot         driving_B_2020.02.13_15.02.01.csv@2516  reward=   59.89 qoe=   0.0 qoe_q=  -53.2 eps=0.898 loss=0.2943
[ep  215] redandblack  driving_B_2019.12.17_07.32.39.csv@1268  reward=  100.17 qoe=  28.9 qoe_q=    2.5 eps=0.898 loss=0.2870
[ep  216] soldier      static_B_2020.02.27_18.39.27.csv@1416  reward=  181.50 qoe= 100.0 qoe_q=   50.2 eps=0.897 loss=0.3116
[ep  217] longdress    driving_B_2019.12.16_12.27.05.csv@238   reward=  143.96 qoe=  28.7 qoe_q=   22.9 eps=0.897 loss=0.2976
[ep  218] loot         static_B_2020.02.27_18.39.27.csv@1896  reward=  133.30 qoe=   0.0 qoe_q=   34.1 eps=0.897 loss=0.3256
[ep  219] redandblack  static_B_2020.02.27_18.39.27.csv@2016  reward=  139.06 qoe=  56.4 qoe_q=   26.2 eps=0.896 loss=0.3055
[ep  220] soldier      driving_B_2020.01.16_09.56.56.csv@35    reward=   60.46 qoe=   0.0 qoe_q=  -52.8 eps=0.896 loss=0.2965
[ep  221] longdress    driving_B_2020.02.27_17.30.15.csv@720   reward=  -42.36 qoe=   0.0 qoe_q= -376.4 eps=0.895 loss=0.3057
[ep  222] loot         driving_B_2020.02.27_17.30.15.csv@14    reward=   23.52 qoe=   0.0 qoe_q=  -89.8 eps=0.895 loss=0.3039
[ep  223] redandblack  driving_B_2020.02.13_15.02.01.csv@2096  reward=  168.22 qoe=  45.9 qoe_q=   22.7 eps=0.894 loss=0.3100
[ep  224] soldier      static_B_2020.02.27_18.39.27.csv@4236  reward=  165.63 qoe=  73.2 qoe_q=   27.5 eps=0.894 loss=0.2802
[ep  225] longdress    driving_B_2020.02.14_09.38.22.csv@1478  reward=   28.11 qoe=   0.0 qoe_q=  -91.3 eps=0.893 loss=0.2767
[ep  226] loot         driving_B_2019.12.17_07.32.39.csv@1328  reward=  157.20 qoe=  86.9 qoe_q=   39.3 eps=0.893 loss=0.3091
[ep  227] redandblack  driving_B_2019.12.17_07.32.39.csv@8     reward=   80.26 qoe=   0.0 qoe_q=  -18.7 eps=0.892 loss=0.2697
[ep  228] soldier      static_B_2020.02.27_18.39.27.csv@2976  reward=  142.60 qoe= 100.0 qoe_q=   33.8 eps=0.892 loss=0.2941
[ep  229] longdress    driving_B_2019.12.16_12.27.05.csv@298   reward=    1.71 qoe=   0.0 qoe_q= -136.9 eps=0.891 loss=0.2728
[ep  230] loot         driving_B_2020.02.27_17.30.15.csv@74    reward=  -23.33 qoe=   0.0 qoe_q= -279.1 eps=0.891 loss=0.2843
[ep  231] redandblack  driving_B_2020.02.13_13.03.24.csv@450   reward=   38.96 qoe=   0.0 qoe_q=  -59.4 eps=0.890 loss=0.2877
[ep  232] soldier      static_B_2020.02.27_18.39.27.csv@3816  reward=  111.67 qoe=  63.7 qoe_q=   16.5 eps=0.890 loss=0.3034
[ep  233] longdress    driving_B_2020.01.16_09.56.56.csv@935   reward=   57.45 qoe=   0.0 qoe_q=  -50.3 eps=0.889 loss=0.2677
[ep  234] loot         driving_B_2019.12.17_07.32.39.csv@1028  reward=  128.81 qoe=  63.3 qoe_q=   24.8 eps=0.889 loss=0.2991
[ep  235] redandblack  static_B_2020.02.27_18.39.27.csv@936   reward=  158.71 qoe= 100.0 qoe_q=   40.9 eps=0.888 loss=0.3016
[ep  236] soldier      driving_B_2019.12.16_12.27.05.csv@478   reward=  -41.03 qoe=   0.0 qoe_q= -369.6 eps=0.888 loss=0.2894
[ep  237] longdress    static_B_2020.02.14_13.21.26.csv@741   reward=  171.38 qoe=  36.0 qoe_q=   46.3 eps=0.888 loss=0.2857
[ep  238] loot         driving_B_2019.12.17_07.32.39.csv@2288  reward=  158.24 qoe=  54.0 qoe_q=   43.1 eps=0.887 loss=0.2908
[ep  239] redandblack  driving_B_2020.02.13_15.02.01.csv@56    reward=  168.18 qoe= 100.0 qoe_q=   45.3 eps=0.887 loss=0.4854
[ep  240] soldier      driving_B_2020.02.13_13.03.24.csv@870   reward=  -21.56 qoe=   0.0 qoe_q= -176.0 eps=0.886 loss=0.4378
[ep  241] longdress    static_B_2019.12.16_13.40.04.csv@148   reward=  134.93 qoe=  43.2 qoe_q=   24.7 eps=0.886 loss=0.4154
[ep  242] loot         static_B_2019.12.16_13.40.04.csv@88    reward=  125.15 qoe=   0.0 qoe_q=   30.6 eps=0.885 loss=0.3768
[ep  243] redandblack  driving_B_2020.02.13_15.02.01.csv@1556  reward=  -40.13 qoe=   0.0 qoe_q= -417.2 eps=0.885 loss=0.3936
[ep  244] soldier      driving_B_2020.01.16_07.26.43.csv@928   reward=   11.57 qoe=   0.0 qoe_q=  -75.5 eps=0.884 loss=0.3487
[ep  245] longdress    driving_B_2019.12.17_07.32.39.csv@2288  reward=  160.42 qoe=  74.2 qoe_q=   33.9 eps=0.884 loss=0.3959
[ep  246] loot         static_B_2019.12.16_13.40.04.csv@1528  reward=  145.22 qoe=  68.0 qoe_q=   37.0 eps=0.883 loss=0.4009
[ep  247] redandblack  driving_B_2020.02.13_13.03.24.csv@1290  reward=   13.26 qoe=   0.0 qoe_q=  -77.3 eps=0.883 loss=0.3750
[ep  248] soldier      static_B_2020.02.27_18.39.27.csv@5016  reward=  193.23 qoe=  83.5 qoe_q=   48.7 eps=0.882 loss=0.3803
[ep  249] longdress    driving_B_2020.01.16_09.56.56.csv@395   reward=   40.80 qoe=   0.0 qoe_q=  -83.2 eps=0.882 loss=0.3848
[ep  250] loot         driving_B_2019.12.16_12.27.05.csv@898   reward=  169.51 qoe=  58.1 qoe_q=   30.7 eps=0.881 loss=0.3695
[ep  251] redandblack  static_B_2020.02.27_18.39.27.csv@1776  reward=  101.34 qoe=   5.0 qoe_q=   -7.9 eps=0.881 loss=0.3972
[ep  252] soldier      driving_B_2020.02.14_09.38.22.csv@1351  reward=  165.23 qoe=  80.0 qoe_q=   40.4 eps=0.880 loss=0.3582
[ep  253] longdress    static_B_2020.02.27_18.39.27.csv@5742  reward=  154.19 qoe=  80.6 qoe_q=   37.2 eps=0.880 loss=0.3858
[ep  254] loot         driving_B_2020.01.16_09.56.56.csv@1295  reward=  158.94 qoe=  58.0 qoe_q=   40.8 eps=0.879 loss=0.3612
[ep  255] redandblack  driving_B_2020.01.16_09.56.56.csv@695   reward=  119.18 qoe=  29.4 qoe_q=    7.8 eps=0.879 loss=0.4216
[ep  256] soldier      driving_B_2019.12.17_07.32.39.csv@2228  reward=  192.98 qoe=  87.5 qoe_q=   51.8 eps=0.879 loss=0.3938
[ep  257] longdress    driving_B_2020.01.16_09.56.56.csv@995   reward=  164.30 qoe=  86.5 qoe_q=   41.7 eps=0.878 loss=0.3574
[ep  258] loot         static_B_2020.02.27_18.39.27.csv@1356  reward=  138.06 qoe=  10.0 qoe_q=   34.7 eps=0.878 loss=0.3469
[ep  259] redandblack  static_B_2020.02.27_18.39.27.csv@5496  reward=  143.83 qoe=  24.0 qoe_q=   37.0 eps=0.877 loss=0.3832
[ep  260] soldier      static_B_2020.02.27_18.39.27.csv@2796  reward=  172.89 qoe=  30.0 qoe_q=   46.0 eps=0.877 loss=0.3770
[ep  261] longdress    static_B_2020.02.27_18.39.27.csv@2616  reward=  209.36 qoe= 100.0 qoe_q=   58.2 eps=0.876 loss=0.3574
[ep  262] loot         static_B_2020.02.27_18.39.27.csv@4296  reward=  203.73 qoe= 100.0 qoe_q=   58.7 eps=0.876 loss=0.4071
[ep  263] redandblack  driving_B_2020.01.16_09.56.56.csv@1415  reward=  169.56 qoe= 100.0 qoe_q=   46.9 eps=0.875 loss=0.3879
[ep  264] soldier      driving_B_2019.12.17_07.32.39.csv@1088  reward=  102.96 qoe=   0.0 qoe_q=  -36.6 eps=0.875 loss=0.4127
[ep  265] longdress    driving_B_2020.02.13_15.02.01.csv@416   reward=  181.16 qoe=  32.0 qoe_q=   51.0 eps=0.874 loss=0.3701
[ep  266] loot         driving_B_2020.02.14_09.38.22.csv@871   reward=  193.65 qoe=  78.0 qoe_q=   54.8 eps=0.874 loss=0.3754
[ep  267] redandblack  static_B_2020.02.27_18.39.27.csv@5742  reward=  158.99 qoe=  80.3 qoe_q=   37.9 eps=0.873 loss=0.3711
[ep  268] soldier      driving_B_2020.02.14_12.58.17.csv@24    reward=  106.02 qoe=   9.8 qoe_q=   -7.9 eps=0.873 loss=0.3451
[ep  269] longdress    static_B_2020.02.14_13.21.26.csv@261   reward=  160.23 qoe=  40.4 qoe_q=   33.2 eps=0.872 loss=0.3573
[ep  270] loot         driving_B_2020.02.13_13.03.24.csv@1590  reward=   14.31 qoe=   0.0 qoe_q= -202.5 eps=0.872 loss=0.3780
[ep  271] redandblack  driving_B_2020.01.16_09.56.56.csv@95    reward=   67.65 qoe=   0.0 qoe_q=  -91.3 eps=0.871 loss=0.3846
[ep  272] soldier      static_B_2020.02.27_18.39.27.csv@3756  reward=  205.22 qoe= 100.0 qoe_q=   57.6 eps=0.871 loss=0.3596
[ep  273] longdress    driving_B_2019.12.16_12.27.05.csv@178   reward=   90.29 qoe=   0.0 qoe_q=  -27.1 eps=0.870 loss=0.3642
[ep  274] loot         driving_B_2019.12.16_12.27.05.csv@1152  reward=  113.80 qoe=   6.5 qoe_q=    2.7 eps=0.870 loss=0.3605
[ep  275] redandblack  driving_B_2020.02.27_17.30.15.csv@674   reward=   -9.16 qoe=   0.0 qoe_q= -241.6 eps=0.869 loss=0.4000
[ep  276] soldier      driving_B_2019.12.17_07.32.39.csv@1388  reward=  108.60 qoe=   0.0 qoe_q= -172.8 eps=0.869 loss=0.3856
[ep  277] longdress    static_B_2020.02.27_18.39.27.csv@4536  reward=  167.13 qoe=  29.4 qoe_q=   33.7 eps=0.869 loss=0.3871
[ep  278] loot         static_B_2020.02.27_18.39.27.csv@2196  reward=  171.39 qoe=  72.0 qoe_q=   46.8 eps=0.868 loss=0.3792
[ep  279] redandblack  static_B_2019.12.16_13.40.04.csv@1228  reward=  173.66 qoe= 100.0 qoe_q=   45.8 eps=0.868 loss=0.3632
[ep  280] soldier      static_B_2020.02.27_18.39.27.csv@1716  reward=  146.41 qoe=  81.9 qoe_q=   34.9 eps=0.867 loss=0.3786
[ep  281] longdress    static_B_2020.02.27_18.39.27.csv@336   reward=  202.94 qoe= 100.0 qoe_q=   56.2 eps=0.867 loss=0.3586
[ep  282] loot         static_B_2020.02.14_13.21.26.csv@801   reward=  194.92 qoe=  85.8 qoe_q=   53.2 eps=0.866 loss=0.3494
[ep  283] redandblack  driving_B_2020.02.13_15.02.01.csv@356   reward=  158.01 qoe=  22.0 qoe_q=   44.9 eps=0.866 loss=0.3819
[ep  284] soldier      static_B_2019.12.16_13.40.04.csv@1408  reward=  130.08 qoe=  82.0 qoe_q=   14.1 eps=0.865 loss=0.3787
[ep  285] longdress    driving_B_2020.01.16_09.56.56.csv@275   reward=  216.56 qoe=  80.8 qoe_q=   62.2 eps=0.865 loss=0.3590
[ep  286] loot         driving_B_2020.01.16_07.26.43.csv@268   reward=  134.16 qoe=  54.9 qoe_q=   19.1 eps=0.864 loss=0.3529
[ep  287] redandblack  static_B_2020.02.27_18.39.27.csv@576   reward=  110.23 qoe=  36.0 qoe_q=   -8.6 eps=0.864 loss=0.3770
[ep  288] soldier      static_B_2019.12.16_13.40.04.csv@1768  reward=  154.96 qoe= 100.0 qoe_q=   39.4 eps=0.863 loss=0.3325
[ep  289] longdress    static_B_2020.02.27_18.39.27.csv@2856  reward=  198.75 qoe= 100.0 qoe_q=   55.1 eps=0.863 loss=0.3569
[ep  290] loot         driving_B_2020.01.16_07.26.43.csv@1770  reward=   60.14 qoe=   0.0 qoe_q=  -56.2 eps=0.862 loss=0.3434
[ep  291] redandblack  driving_B_2020.01.16_07.26.43.csv@1048  reward=  164.27 qoe=  58.6 qoe_q=   34.0 eps=0.862 loss=0.3801
[ep  292] soldier      driving_B_2020.01.16_07.26.43.csv@88    reward=   50.21 qoe=   0.0 qoe_q=  -54.8 eps=0.861 loss=0.3882
[ep  293] longdress    driving_B_2020.01.16_09.56.56.csv@635   reward=  135.44 qoe=  25.1 qoe_q=   31.6 eps=0.861 loss=0.3694
[ep  294] loot         driving_B_2019.12.17_07.32.39.csv@1628  reward=  160.62 qoe=  64.2 qoe_q=   30.8 eps=0.860 loss=0.3623
[ep  295] redandblack  driving_B_2020.02.14_09.38.22.csv@1478  reward=   52.14 qoe=   0.0 qoe_q=  -38.0 eps=0.860 loss=0.3579
[ep  296] soldier      driving_B_2019.12.17_07.32.39.csv@1988  reward=  152.68 qoe= 100.0 qoe_q=   36.7 eps=0.860 loss=0.3671
[ep  297] longdress    static_B_2020.02.27_18.39.27.csv@1536  reward=  199.86 qoe= 100.0 qoe_q=   55.0 eps=0.859 loss=0.3457
[ep  298] loot         static_B_2020.02.27_18.39.27.csv@4956  reward=  173.09 qoe=  32.0 qoe_q=   47.5 eps=0.859 loss=0.3747
[ep  299] redandblack  static_B_2020.02.27_18.39.27.csv@396   reward=  179.24 qoe=  90.0 qoe_q=   47.7 eps=0.858 loss=0.4000
[ep  300] soldier      static_B_2020.02.27_18.39.27.csv@1116  reward=   66.95 qoe=   0.0 qoe_q=  -79.0 eps=0.858 loss=0.3592
[ep  301] longdress    driving_B_2020.01.16_07.26.43.csv@208   reward=   64.29 qoe=   0.0 qoe_q=  -40.2 eps=0.857 loss=0.3677
[ep  302] loot         static_B_2020.02.27_18.39.27.csv@4476  reward=  149.39 qoe=  56.8 qoe_q=   29.5 eps=0.857 loss=0.3558
[ep  303] redandblack  driving_B_2020.02.13_15.02.01.csv@656   reward=  122.58 qoe=  39.4 qoe_q=   15.8 eps=0.856 loss=0.3665
[ep  304] soldier      static_B_2020.02.27_18.39.27.csv@2256  reward=  206.75 qoe= 100.0 qoe_q=   55.2 eps=0.856 loss=0.3730
[ep  305] longdress    driving_B_2020.01.16_07.26.43.csv@388   reward=   29.84 qoe=   0.0 qoe_q= -109.9 eps=0.855 loss=0.3629
[ep  306] loot         static_B_2020.02.14_13.21.26.csv@81    reward=  141.40 qoe=   0.0 qoe_q=   35.5 eps=0.855 loss=0.3558
[ep  307] redandblack  driving_B_2020.02.13_13.03.24.csv@90    reward=   77.96 qoe=   0.0 qoe_q=  -72.3 eps=0.854 loss=0.3563
[ep  308] soldier      static_B_2020.02.27_18.39.27.csv@1836  reward=  119.41 qoe=  50.2 qoe_q=  -13.5 eps=0.854 loss=0.3662
[ep  309] longdress    driving_B_2020.02.13_15.02.01.csv@536   reward=  109.30 qoe=  33.7 qoe_q=   11.7 eps=0.853 loss=0.3668
[ep  310] loot         static_B_2020.02.27_18.39.27.csv@2496  reward=  144.72 qoe=   0.0 qoe_q=   38.6 eps=0.853 loss=0.3881
[ep  311] redandblack  static_B_2019.12.16_13.40.04.csv@328   reward=   94.43 qoe=   0.0 qoe_q=   -1.0 eps=0.852 loss=0.3602
[ep  312] soldier      static_B_2020.02.27_18.39.27.csv@4716  reward=  152.60 qoe=  65.4 qoe_q=   21.2 eps=0.852 loss=0.3616
[ep  313] longdress    driving_B_2019.12.17_07.32.39.csv@1748  reward=    2.27 qoe=   0.0 qoe_q= -148.5 eps=0.851 loss=0.3218
[ep  314] loot         static_B_2019.12.16_13.40.04.csv@1588  reward=  200.43 qoe=  72.0 qoe_q=   56.5 eps=0.851 loss=0.3578
[ep  315] redandblack  driving_B_2020.02.14_09.38.22.csv@631   reward=  120.03 qoe=  19.7 qoe_q=   22.4 eps=0.851 loss=0.3624
[ep  316] soldier      static_B_2020.02.27_18.39.27.csv@2556  reward=  159.56 qoe=  78.3 qoe_q=   38.2 eps=0.850 loss=0.3819
[ep  317] longdress    driving_B_2020.02.13_13.03.24.csv@2130  reward=  -16.79 qoe=   0.0 qoe_q= -466.4 eps=0.850 loss=0.3596
[ep  318] loot         driving_B_2020.02.13_15.02.01.csv@1376  reward=   38.78 qoe=   0.0 qoe_q=  -67.6 eps=0.849 loss=0.5564
[ep  319] redandblack  driving_B_2020.02.14_09.38.22.csv@451   reward=  150.60 qoe=  58.1 qoe_q=   26.5 eps=0.849 loss=0.5154
[ep  320] soldier      driving_B_2020.01.16_07.26.43.csv@448   reward=    5.30 qoe=   0.0 qoe_q= -182.3 eps=0.848 loss=0.4570
[ep  321] longdress    driving_B_2020.02.13_15.02.01.csv@2396  reward=  -53.88 qoe=   0.0 qoe_q= -479.4 eps=0.848 loss=0.4520
[ep  322] loot         driving_B_2020.02.14_09.38.22.csv@151   reward=   48.99 qoe=   0.0 qoe_q=  -89.4 eps=0.847 loss=0.4397
[ep  323] redandblack  driving_B_2020.02.13_15.02.01.csv@2456  reward=    9.85 qoe=   0.0 qoe_q= -259.6 eps=0.847 loss=0.4599
[ep  324] soldier      driving_B_2020.02.13_15.02.01.csv@1916  reward=  113.52 qoe=  86.5 qoe_q=   23.9 eps=0.846 loss=0.4488
[ep  325] longdress    static_B_2020.02.27_18.39.27.csv@636   reward=  174.97 qoe=  80.0 qoe_q=   45.5 eps=0.846 loss=0.4216
[ep  326] loot         static_B_2020.02.14_13.21.26.csv@381   reward=  193.10 qoe=  87.0 qoe_q=   53.8 eps=0.845 loss=0.4308
[ep  327] redandblack  static_B_2020.02.27_18.39.27.csv@4656  reward=   60.39 qoe=   0.0 qoe_q=  -63.2 eps=0.845 loss=0.4448
[ep  328] soldier      driving_B_2019.12.17_07.32.39.csv@68    reward=   74.55 qoe=   0.0 qoe_q=  -49.9 eps=0.844 loss=0.4672
[ep  329] longdress    driving_B_2020.02.13_13.03.24.csv@810   reward=   50.58 qoe=   0.0 qoe_q=  -78.8 eps=0.844 loss=0.4416
[ep  330] loot         driving_B_2020.02.13_13.03.24.csv@2188  reward=  -31.33 qoe=   0.0 qoe_q= -151.5 eps=0.843 loss=0.4184
[ep  331] redandblack  driving_B_2020.02.13_13.03.24.csv@1770  reward=  157.81 qoe=  72.9 qoe_q=   35.1 eps=0.843 loss=0.4270
[ep  332] soldier      driving_B_2020.02.27_17.30.15.csv@134   reward=  -41.47 qoe=   0.0 qoe_q= -174.4 eps=0.842 loss=0.4563
[ep  333] longdress    driving_B_2020.02.13_15.02.01.csv@776   reward=  137.90 qoe=   0.0 qoe_q=  -17.6 eps=0.842 loss=0.4145
[ep  334] loot         static_B_2019.12.16_13.40.04.csv@1904  reward=   81.38 qoe=   0.0 qoe_q=   -4.3 eps=0.841 loss=0.4408
[ep  335] redandblack  driving_B_2020.02.14_12.58.17.csv@800   reward=   44.38 qoe=   0.0 qoe_q= -118.1 eps=0.841 loss=0.4647
[ep  336] soldier      driving_B_2020.01.16_07.26.43.csv@1228  reward=   45.08 qoe=   0.0 qoe_q=  -42.2 eps=0.841 loss=0.4235
[ep  337] longdress    driving_B_2020.02.14_09.38.22.csv@1471  reward=   30.66 qoe=   0.0 qoe_q=  -81.3 eps=0.840 loss=0.5320
[ep  338] loot         static_B_2020.02.27_18.39.27.csv@1296  reward=  166.77 qoe=  42.0 qoe_q=   45.2 eps=0.840 loss=0.4269
[ep  339] redandblack  static_B_2020.02.27_18.39.27.csv@3876  reward=  122.86 qoe=   5.8 qoe_q=   -7.4 eps=0.839 loss=0.4438
[ep  340] soldier      driving_B_2020.02.14_09.38.22.csv@991   reward=   58.27 qoe=   0.0 qoe_q=  -65.0 eps=0.839 loss=0.4585
[ep  341] longdress    driving_B_2020.02.27_17.30.15.csv@194   reward=  -70.76 qoe=   0.0 qoe_q= -748.3 eps=0.838 loss=0.4281
[ep  342] loot         static_B_2020.02.27_18.39.27.csv@996   reward=  174.32 qoe= 100.0 qoe_q=   44.3 eps=0.838 loss=0.4523
[ep  343] redandblack  driving_B_2019.12.17_07.32.39.csv@488   reward=   84.62 qoe=   1.6 qoe_q=  -13.2 eps=0.837 loss=0.4580
[ep  344] soldier      driving_B_2019.12.17_07.32.39.csv@1208  reward=  140.43 qoe=  41.9 qoe_q=    9.3 eps=0.837 loss=0.4239
[ep  345] longdress    driving_B_2020.02.13_13.03.24.csv@1230  reward=   -4.52 qoe=   0.0 qoe_q= -209.0 eps=0.836 loss=0.4279
[ep  346] loot         driving_B_2020.02.14_12.58.17.csv@444   reward=   -6.34 qoe=   0.0 qoe_q= -374.7 eps=0.836 loss=0.4337
[ep  347] redandblack  driving_B_2020.02.13_15.02.01.csv@1016  reward=  143.99 qoe=   0.0 qoe_q=   37.1 eps=0.835 loss=0.4190
[ep  348] soldier      driving_B_2020.01.16_09.56.56.csv@1055  reward=   18.73 qoe=   0.0 qoe_q=  -74.5 eps=0.835 loss=0.4312
[ep  349] longdress    driving_B_2020.02.13_13.03.24.csv@1470  reward=  156.15 qoe=  46.5 qoe_q=   20.6 eps=0.834 loss=0.4690
[ep  350] loot         driving_B_2020.02.14_09.38.22.csv@1411  reward=   74.13 qoe=   0.0 qoe_q=  -43.0 eps=0.834 loss=0.4471
[ep  351] redandblack  driving_B_2020.02.14_12.58.17.csv@144   reward=  105.51 qoe=   0.0 qoe_q=  -55.5 eps=0.833 loss=0.4574
[ep  352] soldier      driving_B_2019.12.16_12.27.05.csv@598   reward=  -10.35 qoe=   0.0 qoe_q= -346.3 eps=0.833 loss=0.4209
[ep  353] longdress    static_B_2019.12.16_13.40.04.csv@808   reward=  194.07 qoe= 100.0 qoe_q=   50.9 eps=0.832 loss=0.4291
[ep  354] loot         driving_B_2020.02.13_15.02.01.csv@1316  reward=  -26.18 qoe=   0.0 qoe_q= -232.7 eps=0.832 loss=0.3907
[ep  355] redandblack  driving_B_2020.02.13_15.02.01.csv@2036  reward=  189.57 qoe=  85.3 qoe_q=   52.4 eps=0.832 loss=0.4472
[ep  356] soldier      driving_B_2020.02.14_09.38.22.csv@331   reward=   -7.64 qoe=   0.0 qoe_q= -181.1 eps=0.831 loss=0.4349
[ep  357] longdress    driving_B_2020.02.14_09.38.22.csv@91    reward=   19.53 qoe=   0.0 qoe_q= -124.4 eps=0.831 loss=0.4057
[ep  358] loot         driving_B_2020.02.13_15.02.01.csv@2216  reward=   85.85 qoe=   0.0 qoe_q=   13.9 eps=0.830 loss=0.4510
[ep  359] redandblack  static_B_2020.02.27_18.39.27.csv@5076  reward=  165.31 qoe=  20.0 qoe_q=   45.7 eps=0.830 loss=0.4324
[ep  360] soldier      driving_B_2020.01.16_09.56.56.csv@1570  reward=   93.03 qoe=   4.1 qoe_q=   -3.2 eps=0.829 loss=0.4295
[ep  361] longdress    static_B_2019.12.16_13.40.04.csv@988   reward=  176.78 qoe=  87.1 qoe_q=   45.7 eps=0.829 loss=0.4108
[ep  362] loot         driving_B_2020.02.14_12.58.17.csv@504   reward=   15.94 qoe=   0.0 qoe_q= -120.9 eps=0.828 loss=0.4307
[ep  363] redandblack  static_B_2020.02.27_18.39.27.csv@756   reward=  164.80 qoe= 100.0 qoe_q=   40.9 eps=0.828 loss=0.3889
[ep  364] soldier      driving_B_2019.12.16_12.27.05.csv@538   reward=   16.24 qoe=   0.0 qoe_q= -131.4 eps=0.827 loss=0.4662
[ep  365] longdress    static_B_2020.02.14_13.21.26.csv@141   reward=  135.97 qoe=  36.0 qoe_q=   30.7 eps=0.827 loss=0.4742
[ep  366] loot         static_B_2020.02.27_18.39.27.csv@276   reward=  215.23 qoe= 100.0 qoe_q=   60.9 eps=0.826 loss=0.4186
[ep  367] redandblack  driving_B_2020.01.16_12.10.03.csv@244   reward=  158.26 qoe=  60.0 qoe_q=   40.2 eps=0.826 loss=0.4328
[ep  368] soldier      driving_B_2020.01.16_12.10.03.csv@79    reward=  176.91 qoe=  83.6 qoe_q=   46.4 eps=0.825 loss=0.4588
[ep  369] longdress    static_B_2020.02.27_18.39.27.csv@4416  reward=  193.02 qoe=  79.5 qoe_q=   47.3 eps=0.825 loss=0.4207
[ep  370] loot         driving_B_2020.01.16_07.26.43.csv@1768  reward=   51.60 qoe=   0.0 qoe_q=  -58.1 eps=0.824 loss=0.4053
[ep  371] redandblack  static_B_2019.12.16_13.40.04.csv@1648  reward=  146.66 qoe= 100.0 qoe_q=   37.8 eps=0.824 loss=0.4374
[ep  372] soldier      static_B_2020.02.27_18.39.27.csv@3516  reward=  157.00 qoe=  63.9 qoe_q=   24.7 eps=0.823 loss=0.4353
[ep  373] longdress    driving_B_2020.02.14_09.38.22.csv@931   reward=  183.27 qoe= 100.0 qoe_q=   50.1 eps=0.823 loss=0.3976
[ep  374] loot         static_B_2020.02.27_18.39.27.csv@5736  reward=  189.35 qoe=  86.0 qoe_q=   51.2 eps=0.823 loss=0.4145
[ep  375] redandblack  static_B_2020.02.27_18.39.27.csv@2376  reward=  131.80 qoe=   0.0 qoe_q= -158.8 eps=0.822 loss=0.4337
[ep  376] soldier      driving_B_2019.12.16_12.27.05.csv@838   reward=  136.42 qoe=  70.5 qoe_q=   26.8 eps=0.822 loss=0.4212
[ep  377] longdress    driving_B_2020.01.16_12.10.03.csv@199   reward=  130.59 qoe=  38.0 qoe_q=   29.6 eps=0.821 loss=0.4239
[ep  378] loot         driving_B_2020.02.13_15.02.01.csv@1796  reward=  146.05 qoe=  22.0 qoe_q=   38.1 eps=0.821 loss=0.4474
[ep  379] redandblack  driving_B_2020.01.16_07.26.43.csv@508   reward=   61.83 qoe=   0.0 qoe_q=  -65.8 eps=0.820 loss=0.4421
[ep  380] soldier      static_B_2020.02.27_18.39.27.csv@3396  reward=  162.50 qoe=  36.0 qoe_q=   41.9 eps=0.820 loss=0.4519
[ep  381] longdress    driving_B_2020.01.16_07.26.43.csv@1588  reward=   -5.02 qoe=   0.0 qoe_q= -181.6 eps=0.819 loss=0.4432
[ep  382] loot         driving_B_2019.12.16_12.27.05.csv@658   reward=   59.36 qoe=   0.0 qoe_q= -144.5 eps=0.819 loss=0.4669
[ep  383] redandblack  static_B_2020.02.27_18.39.27.csv@3216  reward=  148.17 qoe=   6.0 qoe_q=   20.7 eps=0.818 loss=0.3929
[ep  384] soldier      driving_B_2020.01.16_09.56.56.csv@1475  reward=  190.93 qoe=  85.5 qoe_q=   52.3 eps=0.818 loss=0.4292
[ep  385] longdress    driving_B_2019.12.16_12.27.05.csv@58    reward=   37.82 qoe=   0.0 qoe_q=  -71.4 eps=0.817 loss=0.4446
[ep  386] loot         driving_B_2020.02.13_13.03.24.csv@570   reward=   48.61 qoe=   0.0 qoe_q=  -35.7 eps=0.817 loss=0.3912
[ep  387] redandblack  driving_B_2020.02.13_15.02.01.csv@1256  reward=  119.52 qoe=  28.8 qoe_q=   13.1 eps=0.816 loss=0.4348
[ep  388] soldier      driving_B_2019.12.16_12.27.05.csv@418   reward=  -10.52 qoe=   0.0 qoe_q= -179.8 eps=0.816 loss=0.4440
[ep  389] longdress    static_B_2020.02.27_18.39.27.csv@1656  reward=  210.10 qoe= 100.0 qoe_q=   58.8 eps=0.815 loss=0.4224
[ep  390] loot         driving_B_2020.02.13_15.02.01.csv@1676  reward=   53.21 qoe=   0.0 qoe_q=  -34.8 eps=0.815 loss=0.4186
[ep  391] redandblack  driving_B_2019.12.16_12.27.05.csv@1138  reward=  157.89 qoe=  29.4 qoe_q=   18.8 eps=0.814 loss=0.4230
[ep  392] soldier      static_B_2019.12.16_13.40.04.csv@1888  reward=  157.00 qoe=   0.0 qoe_q= -108.2 eps=0.814 loss=0.4288
[ep  393] longdress    driving_B_2020.02.14_09.38.22.csv@691   reward=  225.55 qoe= 100.0 qoe_q=   66.0 eps=0.813 loss=0.4562
[ep  394] loot         driving_B_2020.02.13_13.03.24.csv@930   reward=   31.54 qoe=   0.0 qoe_q=  -85.4 eps=0.813 loss=0.4368
[ep  395] redandblack  driving_B_2020.02.13_13.03.24.csv@390   reward=   79.18 qoe=   0.0 qoe_q=  -35.0 eps=0.813 loss=0.3898
[ep  396] soldier      static_B_2020.02.27_18.39.27.csv@696   reward=  210.00 qoe= 100.0 qoe_q=   58.2 eps=0.812 loss=0.4259
[ep  397] longdress    driving_B_2019.12.17_07.32.39.csv@1688  reward=   36.23 qoe=   0.0 qoe_q= -227.8 eps=0.812 loss=0.6046
[ep  398] loot         driving_B_2020.01.16_07.26.43.csv@688   reward=   82.14 qoe=   0.0 qoe_q=  -46.9 eps=0.811 loss=0.6126
[ep  399] redandblack  static_B_2019.12.16_13.40.04.csv@568   reward=  199.99 qoe= 100.0 qoe_q=   56.5 eps=0.811 loss=0.5148
[ep  400] soldier      driving_B_2020.02.13_13.03.24.csv@750   reward=   12.32 qoe=   0.0 qoe_q= -126.1 eps=0.810 loss=0.5340
    [eval @ ep 400] reward=38.80 qoe=52.1 qoe_q=-4626.2 mean_q=0.752 stall=1067.9s  <-- best (saved)
[ep  401] longdress    driving_B_2020.02.13_15.02.01.csv@2754  reward=   47.64 qoe=   0.0 qoe_q=  -63.2 eps=0.810 loss=0.5048
[ep  402] loot         driving_B_2020.02.13_13.03.24.csv@1410  reward=   79.97 qoe=   0.0 qoe_q=  -26.9 eps=0.809 loss=0.5282
[ep  403] redandblack  driving_B_2020.02.27_17.30.15.csv@554   reward=   22.58 qoe=   0.0 qoe_q= -144.2 eps=0.809 loss=0.4946
[ep  404] soldier      driving_B_2020.02.13_15.02.01.csv@596   reward=  167.36 qoe=  63.0 qoe_q=   28.5 eps=0.808 loss=0.4798
[ep  405] longdress    static_B_2019.12.16_13.40.04.csv@508   reward=  160.11 qoe= 100.0 qoe_q=   18.6 eps=0.808 loss=0.5398
[ep  406] loot         driving_B_2019.12.17_07.32.39.csv@1508  reward=   38.72 qoe=   0.0 qoe_q=  -54.2 eps=0.807 loss=0.4903
[ep  407] redandblack  static_B_2020.02.14_13.21.26.csv@201   reward=  154.46 qoe=  10.0 qoe_q=   41.4 eps=0.807 loss=0.5050
[ep  408] soldier      driving_B_2020.02.14_09.38.22.csv@1111  reward=   24.17 qoe=   0.0 qoe_q= -114.6 eps=0.806 loss=0.5562
[ep  409] longdress    static_B_2019.12.16_13.40.04.csv@748   reward=  144.37 qoe=  30.0 qoe_q=   36.6 eps=0.806 loss=0.4630
[ep  410] loot         static_B_2020.02.27_18.39.27.csv@5436  reward=  190.32 qoe=  59.2 qoe_q=   34.4 eps=0.805 loss=0.5473
[ep  411] redandblack  driving_B_2020.02.14_12.58.17.csv@800   reward=   13.72 qoe=   0.0 qoe_q= -128.7 eps=0.805 loss=0.5223
[ep  412] soldier      driving_B_2019.12.17_07.32.39.csv@428   reward=  136.87 qoe=  31.0 qoe_q=   17.7 eps=0.804 loss=0.5383
[ep  413] longdress    driving_B_2020.01.16_09.56.56.csv@575   reward=  183.87 qoe=  66.0 qoe_q=   50.9 eps=0.804 loss=0.5275
[ep  414] loot         static_B_2020.02.27_18.39.27.csv@3096  reward=  120.39 qoe=  48.3 qoe_q=   18.1 eps=0.804 loss=0.4897
[ep  415] redandblack  driving_B_2020.01.16_09.56.56.csv@815   reward=  176.57 qoe= 100.0 qoe_q=   45.1 eps=0.803 loss=0.5098
[ep  416] soldier      driving_B_2020.02.13_15.02.01.csv@1856  reward=  167.07 qoe=  90.0 qoe_q=   43.3 eps=0.803 loss=0.4813
[ep  417] longdress    static_B_2020.02.27_18.39.27.csv@3336  reward=  167.25 qoe=  64.4 qoe_q=   38.9 eps=0.802 loss=0.4768
[ep  418] loot         driving_B_2019.12.17_07.32.39.csv@2051  reward=   93.83 qoe=  12.5 qoe_q=   -4.4 eps=0.802 loss=0.5106
[ep  419] redandblack  driving_B_2019.12.17_07.32.39.csv@1871  reward=  145.12 qoe=  23.1 qoe_q=   13.2 eps=0.801 loss=0.5865
[ep  420] soldier      static_B_2020.02.27_18.39.27.csv@2810  reward=  132.27 qoe=  40.0 qoe_q=   30.1 eps=0.801 loss=0.4947
[ep  421] longdress    driving_B_2020.02.14_12.58.17.csv@361   reward=  -44.24 qoe=   0.0 qoe_q= -589.2 eps=0.800 loss=0.5599
[ep  422] loot         driving_B_2020.02.14_09.38.22.csv@1383  reward=   84.99 qoe=   0.0 qoe_q=  -29.8 eps=0.800 loss=0.5054
[ep  423] redandblack  driving_B_2020.02.13_15.02.01.csv@216   reward=  208.51 qoe= 100.0 qoe_q=   60.9 eps=0.799 loss=0.5250
[ep  424] soldier      static_B_2020.02.14_13.21.26.csv@38    reward=  161.32 qoe=  70.0 qoe_q=   42.6 eps=0.799 loss=0.5201
[ep  425] longdress    driving_B_2020.01.16_07.26.43.csv@1600  reward=   36.86 qoe=   0.0 qoe_q=  -99.7 eps=0.798 loss=0.5126
[ep  426] loot         driving_B_2020.01.16_09.56.56.csv@877   reward=  144.24 qoe=   6.3 qoe_q=    9.5 eps=0.798 loss=0.5558
[ep  427] redandblack  driving_B_2020.02.13_15.02.01.csv@1056  reward=  127.93 qoe=   0.0 qoe_q=   30.6 eps=0.797 loss=0.4940
[ep  428] soldier      static_B_2019.12.16_13.40.04.csv@916   reward=   64.85 qoe=   0.0 qoe_q=  -32.4 eps=0.797 loss=0.5492
[ep  429] longdress    driving_B_2020.02.13_13.03.24.csv@463   reward=   34.31 qoe=   0.0 qoe_q=  -77.8 eps=0.796 loss=0.4543
[ep  430] loot         driving_B_2020.02.14_12.58.17.csv@541   reward=   74.97 qoe=   0.0 qoe_q=  -27.1 eps=0.796 loss=0.5142
[ep  431] redandblack  driving_B_2020.02.13_15.02.01.csv@1416  reward=   34.82 qoe=   0.0 qoe_q=  -84.1 eps=0.795 loss=0.4996
[ep  432] soldier      driving_B_2020.02.13_15.02.01.csv@1296  reward=  -48.91 qoe=   0.0 qoe_q= -368.8 eps=0.795 loss=0.4741
[ep  433] longdress    driving_B_2019.12.17_07.32.39.csv@971   reward=   24.94 qoe=   0.0 qoe_q= -150.0 eps=0.794 loss=0.4880
[ep  434] loot         static_B_2020.02.27_18.39.27.csv@710   reward=  170.17 qoe=  87.1 qoe_q=   43.6 eps=0.794 loss=0.5112
[ep  435] redandblack  driving_B_2020.02.13_13.03.24.csv@2083  reward=   -3.35 qoe=   0.0 qoe_q= -339.5 eps=0.794 loss=0.4646
[ep  436] soldier      driving_B_2020.01.16_07.26.43.csv@340   reward=   16.54 qoe=   0.0 qoe_q= -191.7 eps=0.793 loss=0.5029
[ep  437] longdress    driving_B_2019.12.17_07.32.39.csv@2288  reward=  175.17 qoe=  68.6 qoe_q=   33.2 eps=0.793 loss=0.4846
[ep  438] loot         static_B_2019.12.16_13.40.04.csv@16    reward=  145.49 qoe=  20.0 qoe_q=   36.2 eps=0.792 loss=0.5125
[ep  439] redandblack  driving_B_2019.12.16_12.27.05.csv@443   reward=    5.35 qoe=   0.0 qoe_q= -102.1 eps=0.792 loss=0.5168
[ep  440] soldier      driving_B_2020.02.27_17.30.15.csv@18    reward=  -14.70 qoe=   0.0 qoe_q= -207.5 eps=0.791 loss=0.4993
[ep  441] longdress    driving_B_2020.02.13_15.02.01.csv@336   reward=  182.75 qoe=  72.0 qoe_q=   48.8 eps=0.791 loss=0.4967
[ep  442] loot         static_B_2020.02.27_18.39.27.csv@5270  reward=  169.71 qoe= 100.0 qoe_q=   43.8 eps=0.790 loss=0.5190
[ep  443] redandblack  driving_B_2020.02.14_12.58.17.csv@781   reward=   66.71 qoe=   0.0 qoe_q=  -52.4 eps=0.790 loss=0.4986
[ep  444] soldier      static_B_2020.02.27_18.39.27.csv@5570  reward=  129.01 qoe=  16.0 qoe_q=   32.2 eps=0.789 loss=0.5485
[ep  445] longdress    driving_B_2020.01.16_09.56.56.csv@1417  reward=  170.56 qoe=  59.1 qoe_q=   37.5 eps=0.789 loss=0.5013
[ep  446] loot         driving_B_2019.12.17_07.32.39.csv@671   reward=   95.83 qoe=   0.0 qoe_q=  -22.6 eps=0.788 loss=0.5172
[ep  447] redandblack  driving_B_2019.12.17_07.32.39.csv@2231  reward=  176.97 qoe= 100.0 qoe_q=   47.7 eps=0.788 loss=0.5150
[ep  448] soldier      driving_B_2020.01.16_09.56.56.csv@1237  reward=  166.38 qoe=  32.6 qoe_q=   11.7 eps=0.787 loss=0.5110
[ep  449] longdress    driving_B_2020.02.14_12.58.17.csv@301   reward=  -51.77 qoe=   0.0 qoe_q= -465.7 eps=0.787 loss=0.5475
[ep  450] loot         static_B_2020.02.27_18.39.27.csv@4430  reward=  195.23 qoe= 100.0 qoe_q=   53.7 eps=0.786 loss=0.4844
[ep  451] redandblack  driving_B_2020.02.13_13.03.24.csv@1423  reward=  107.34 qoe=   9.7 qoe_q=    0.6 eps=0.786 loss=0.5465
[ep  452] soldier      driving_B_2020.01.16_09.56.56.csv@937   reward=   81.10 qoe=   0.0 qoe_q=  -37.3 eps=0.785 loss=0.4943
[ep  453] longdress    driving_B_2020.02.13_13.03.24.csv@1963  reward=    1.19 qoe=   0.0 qoe_q= -209.4 eps=0.785 loss=0.4955
[ep  454] loot         driving_B_2020.02.13_15.02.01.csv@2736  reward=    9.04 qoe=   0.0 qoe_q=  -91.1 eps=0.785 loss=0.5005
[ep  455] redandblack  driving_B_2020.01.16_07.26.43.csv@400   reward=   52.38 qoe=   0.0 qoe_q=  -59.9 eps=0.784 loss=0.5283
[ep  456] soldier      static_B_2019.12.16_13.40.04.csv@256   reward=  183.40 qoe=  57.1 qoe_q=   27.5 eps=0.784 loss=0.5129
[ep  457] longdress    driving_B_2020.02.13_13.03.24.csv@1183  reward=   25.83 qoe=   0.0 qoe_q=  -59.6 eps=0.783 loss=0.4693
[ep  458] loot         driving_B_2020.02.13_13.03.24.csv@163   reward=   58.78 qoe=   0.0 qoe_q=  -73.4 eps=0.783 loss=0.4732
[ep  459] redandblack  static_B_2020.02.27_18.39.27.csv@4790  reward=  155.78 qoe=  22.0 qoe_q=   42.2 eps=0.782 loss=0.5515
[ep  460] soldier      static_B_2020.02.27_18.39.27.csv@110   reward=  209.89 qoe= 100.0 qoe_q=   60.6 eps=0.782 loss=0.4831
[ep  461] longdress    driving_B_2020.02.27_17.30.15.csv@258   reward=  -62.15 qoe=   0.0 qoe_q= -316.2 eps=0.781 loss=0.4923
[ep  462] loot         driving_B_2020.01.16_09.56.56.csv@217   reward=  163.45 qoe=  65.9 qoe_q=   39.6 eps=0.781 loss=0.4805
[ep  463] redandblack  static_B_2019.12.16_13.40.04.csv@76    reward=  168.29 qoe=  32.0 qoe_q=   45.7 eps=0.780 loss=0.4796
[ep  464] soldier      driving_B_2019.12.16_12.27.05.csv@1103  reward=  105.22 qoe=   0.0 qoe_q=  -39.6 eps=0.780 loss=0.5526
[ep  465] longdress    static_B_2020.02.27_18.39.27.csv@4190  reward=  109.20 qoe=  31.6 qoe_q=    8.8 eps=0.779 loss=0.5869
[ep  466] loot         static_B_2020.02.27_18.39.27.csv@4850  reward=  147.48 qoe=   2.0 qoe_q=   38.7 eps=0.779 loss=0.4970
[ep  467] redandblack  static_B_2020.02.27_18.39.27.csv@4250  reward=  183.30 qoe=  76.0 qoe_q=   51.7 eps=0.778 loss=0.5182
[ep  468] soldier      driving_B_2020.02.27_17.30.15.csv@678   reward=  -36.37 qoe=   0.0 qoe_q= -424.7 eps=0.778 loss=0.5289
[ep  469] longdress    static_B_2020.02.14_13.21.26.csv@458   reward=  222.35 qoe= 100.0 qoe_q=   64.8 eps=0.777 loss=0.4648
[ep  470] loot         driving_B_2020.01.16_07.26.43.csv@1660  reward=   92.39 qoe=   0.0 qoe_q=  -31.8 eps=0.777 loss=0.5344
[ep  471] redandblack  driving_B_2019.12.16_12.27.05.csv@983   reward=  197.46 qoe= 100.0 qoe_q=   57.0 eps=0.776 loss=0.5331
[ep  472] soldier      static_B_2019.12.16_13.40.04.csv@556   reward=  208.88 qoe= 100.0 qoe_q=   58.2 eps=0.776 loss=0.5109
[ep  473] longdress    driving_B_2020.02.13_15.02.01.csv@1536  reward=  -53.57 qoe=   0.0 qoe_q= -549.1 eps=0.776 loss=0.4514
[ep  474] loot         static_B_2020.02.27_18.39.27.csv@2510  reward=  161.02 qoe=  10.0 qoe_q=   42.7 eps=0.775 loss=0.4600
[ep  475] redandblack  driving_B_2020.01.16_09.56.56.csv@1570  reward=  176.70 qoe= 100.0 qoe_q=   51.1 eps=0.775 loss=0.4954
[ep  476] soldier      driving_B_2019.12.16_12.27.05.csv@1043  reward=  120.41 qoe=  27.4 qoe_q=   14.0 eps=0.774 loss=0.6796
[ep  477] longdress    static_B_2020.02.27_18.39.27.csv@1970  reward=  134.27 qoe=  34.0 qoe_q=   29.0 eps=0.774 loss=0.5764
[ep  478] loot         driving_B_2020.01.16_07.26.43.csv@640   reward=   62.56 qoe=   0.0 qoe_q=  -17.2 eps=0.773 loss=0.6304
[ep  479] redandblack  driving_B_2020.01.16_09.56.56.csv@1057  reward=   82.56 qoe=   0.0 qoe_q=  -12.1 eps=0.773 loss=0.5772
[ep  480] soldier      driving_B_2020.01.16_09.56.56.csv@97    reward=   25.44 qoe=   0.0 qoe_q= -123.1 eps=0.772 loss=0.5930
[ep  481] longdress    static_B_2020.02.27_18.39.27.csv@2390  reward=  137.72 qoe=  68.0 qoe_q=    7.4 eps=0.772 loss=0.5502
[ep  482] loot         static_B_2020.02.27_18.39.27.csv@3290  reward=  129.97 qoe=   0.0 qoe_q=   32.7 eps=0.771 loss=0.5595
[ep  483] redandblack  static_B_2019.12.16_13.40.04.csv@796   reward=  180.52 qoe=  40.0 qoe_q=   48.2 eps=0.771 loss=0.5371
[ep  484] soldier      driving_B_2020.01.16_09.56.56.csv@1117  reward=  104.31 qoe=   0.0 qoe_q=  -38.8 eps=0.770 loss=0.6028
[ep  485] longdress    driving_B_2020.02.13_15.02.01.csv@576   reward=  115.83 qoe=  11.8 qoe_q=    6.1 eps=0.770 loss=0.5678
[ep  486] loot         static_B_2020.02.27_18.39.27.csv@3230  reward=  118.80 qoe=   2.0 qoe_q=   21.3 eps=0.769 loss=0.6649
[ep  487] redandblack  static_B_2020.02.27_18.39.27.csv@350   reward=  212.53 qoe= 100.0 qoe_q=   62.9 eps=0.769 loss=0.5891
[ep  488] soldier      static_B_2020.02.27_18.39.27.csv@2090  reward=  174.45 qoe=  76.1 qoe_q=   41.1 eps=0.768 loss=0.5755
[ep  489] longdress    driving_B_2020.01.16_09.56.56.csv@1537  reward=  180.29 qoe= 100.0 qoe_q=   48.0 eps=0.768 loss=0.5685
[ep  490] loot         static_B_2020.02.27_18.39.27.csv@1730  reward=  184.16 qoe= 100.0 qoe_q=   48.6 eps=0.767 loss=0.6220
[ep  491] redandblack  static_B_2020.02.14_13.21.26.csv@98    reward=  196.12 qoe= 100.0 qoe_q=   53.3 eps=0.767 loss=0.5562
[ep  492] soldier      driving_B_2020.02.13_13.03.24.csv@883   reward=    4.02 qoe=   0.0 qoe_q= -209.1 eps=0.766 loss=0.5995
[ep  493] longdress    static_B_2019.12.16_13.40.04.csv@1576  reward=  227.82 qoe= 100.0 qoe_q=   67.0 eps=0.766 loss=0.5500
[ep  494] loot         driving_B_2020.01.16_07.26.43.csv@1060  reward=  172.58 qoe=  61.9 qoe_q=   34.0 eps=0.766 loss=0.5236
[ep  495] redandblack  driving_B_2020.01.16_09.56.56.csv@817   reward=  163.16 qoe=  96.0 qoe_q=   42.5 eps=0.765 loss=0.5536
[ep  496] soldier      driving_B_2020.02.13_13.03.24.csv@643   reward=   26.92 qoe=   0.0 qoe_q=  -67.3 eps=0.765 loss=0.5616
[ep  497] longdress    static_B_2020.02.27_18.39.27.csv@5030  reward=  221.37 qoe= 100.0 qoe_q=   64.1 eps=0.764 loss=0.6225
[ep  498] loot         static_B_2020.02.27_18.39.27.csv@950   reward=  174.94 qoe=  86.0 qoe_q=   46.7 eps=0.764 loss=0.5910
[ep  499] redandblack  static_B_2020.02.27_18.39.27.csv@2450  reward=  183.40 qoe=  34.0 qoe_q=   51.2 eps=0.763 loss=0.5664
[ep  500] soldier      static_B_2020.02.14_13.21.26.csv@850   reward=  165.15 qoe=  43.8 qoe_q=   33.4 eps=0.763 loss=0.5271
[ep  501] longdress    driving_B_2020.02.13_13.03.24.csv@223   reward=   30.24 qoe=   0.0 qoe_q=  -50.3 eps=0.762 loss=0.5559
[ep  502] loot         driving_B_2019.12.16_12.27.05.csv@623   reward=  -14.93 qoe=   0.0 qoe_q= -240.7 eps=0.762 loss=0.5192
[ep  503] redandblack  static_B_2020.02.27_18.39.27.csv@4910  reward=  167.38 qoe=  61.6 qoe_q=   30.3 eps=0.761 loss=0.5698
[ep  504] soldier      static_B_2019.12.16_13.40.04.csv@1516  reward=  200.54 qoe= 100.0 qoe_q=   51.0 eps=0.761 loss=0.5379
[ep  505] longdress    driving_B_2019.12.16_12.27.05.csv@563   reward=   30.78 qoe=   0.0 qoe_q= -263.7 eps=0.760 loss=0.5397
[ep  506] loot         driving_B_2020.01.16_07.26.43.csv@280   reward=  155.31 qoe=  20.8 qoe_q=   18.9 eps=0.760 loss=0.5665
[ep  507] redandblack  driving_B_2020.02.14_09.38.22.csv@843   reward=  167.25 qoe=  30.0 qoe_q=   41.2 eps=0.759 loss=0.6547
[ep  508] soldier      static_B_2019.12.16_13.40.04.csv@376   reward=  150.78 qoe=  76.6 qoe_q=   30.4 eps=0.759 loss=0.5635
[ep  509] longdress    driving_B_2020.02.14_09.38.22.csv@543   reward=  188.17 qoe=  77.7 qoe_q=   46.2 eps=0.758 loss=0.5953
[ep  510] loot         driving_B_2019.12.17_07.32.39.csv@611   reward=   49.70 qoe=   0.0 qoe_q=  -25.1 eps=0.758 loss=0.5957
[ep  511] redandblack  driving_B_2019.12.17_07.32.39.csv@2171  reward=   87.39 qoe=   8.0 qoe_q=    0.9 eps=0.757 loss=0.5115
[ep  512] soldier      static_B_2019.12.16_13.40.04.csv@1216  reward=  108.98 qoe=  30.7 qoe_q=   14.5 eps=0.757 loss=0.5810
[ep  513] longdress    driving_B_2020.02.14_09.38.22.csv@1478  reward=   58.14 qoe=   0.0 qoe_q=  -68.7 eps=0.757 loss=0.5638
[ep  514] loot         static_B_2019.12.16_13.40.04.csv@136   reward=  180.85 qoe=  83.9 qoe_q=   46.4 eps=0.756 loss=0.6173
[ep  515] redandblack  driving_B_2020.02.14_12.58.17.csv@601   reward=   84.27 qoe=  14.0 qoe_q=   -2.1 eps=0.756 loss=0.5279
[ep  516] soldier      driving_B_2020.01.16_07.26.43.csv@1180  reward=   67.20 qoe=   0.0 qoe_q=  -71.8 eps=0.755 loss=0.6156
[ep  517] longdress    driving_B_2019.12.17_07.32.39.csv@491   reward=   73.04 qoe=   0.0 qoe_q= -118.3 eps=0.755 loss=0.5885
[ep  518] loot         static_B_2020.02.27_18.39.27.csv@3890  reward=  147.44 qoe=  64.9 qoe_q=   28.4 eps=0.754 loss=0.5767
[ep  519] redandblack  driving_B_2020.02.14_09.38.22.csv@1083  reward=   54.16 qoe=   0.0 qoe_q=  -72.6 eps=0.754 loss=0.5537
[ep  520] soldier      driving_B_2020.02.13_15.02.01.csv@2076  reward=  110.27 qoe=   0.0 qoe_q=  -67.2 eps=0.753 loss=0.6049
[ep  521] longdress    static_B_2020.02.27_18.39.27.csv@2330  reward=   67.28 qoe=   0.0 qoe_q= -127.1 eps=0.753 loss=0.5649
[ep  522] loot         driving_B_2020.02.14_09.38.22.csv@1143  reward=   73.94 qoe=   0.0 qoe_q=  -40.7 eps=0.752 loss=0.5867
[ep  523] redandblack  static_B_2020.02.27_18.39.27.csv@5690  reward=  184.52 qoe=  86.0 qoe_q=   50.0 eps=0.752 loss=0.6113
[ep  524] soldier      driving_B_2020.01.16_07.26.43.csv@1120  reward=  122.18 qoe=  31.1 qoe_q=   10.2 eps=0.751 loss=0.5667
[ep  525] longdress    driving_B_2019.12.17_07.32.39.csv@1391  reward=  130.25 qoe=   0.0 qoe_q= -176.9 eps=0.751 loss=0.5614
[ep  526] loot         driving_B_2019.12.16_12.27.05.csv@323   reward=   74.12 qoe=   0.0 qoe_q=  -37.3 eps=0.750 loss=0.5794
[ep  527] redandblack  static_B_2020.02.27_18.39.27.csv@3950  reward=  159.41 qoe=  22.0 qoe_q=   42.4 eps=0.750 loss=0.6005
[ep  528] soldier      driving_B_2020.01.16_07.26.43.csv@220   reward=   83.36 qoe=   0.0 qoe_q=  -24.8 eps=0.749 loss=0.6100
[ep  529] longdress    static_B_2020.02.14_13.21.26.csv@398   reward=  188.99 qoe=  86.0 qoe_q=   52.3 eps=0.749 loss=0.6021
[ep  530] loot         driving_B_2019.12.17_07.32.39.csv@1211  reward=  136.81 qoe=  76.0 qoe_q=   21.7 eps=0.748 loss=0.5783
[ep  531] redandblack  driving_B_2020.02.14_09.38.22.csv@183   reward=   51.19 qoe=   0.0 qoe_q= -160.5 eps=0.748 loss=0.6057
[ep  532] soldier      driving_B_2020.02.14_09.38.22.csv@1323  reward=  183.46 qoe=  81.4 qoe_q=   46.8 eps=0.748 loss=0.5107
[ep  533] longdress    driving_B_2020.01.16_09.56.56.csv@1357  reward=  202.55 qoe=  54.0 qoe_q=   58.5 eps=0.747 loss=0.6006
[ep  534] loot         static_B_2020.02.27_18.39.27.csv@5630  reward=  165.77 qoe=  24.0 qoe_q=   42.3 eps=0.747 loss=0.5933
[ep  535] redandblack  static_B_2020.02.27_18.39.27.csv@5090  reward=  181.09 qoe=  28.0 qoe_q=   51.3 eps=0.746 loss=0.5677
[ep  536] soldier      static_B_2020.02.27_18.39.27.csv@2030  reward=  201.73 qoe= 100.0 qoe_q=   53.7 eps=0.746 loss=0.5620
[ep  537] longdress    driving_B_2020.02.13_15.02.01.csv@2256  reward=  164.22 qoe=  78.0 qoe_q=   43.7 eps=0.745 loss=0.5297
[ep  538] loot         static_B_2020.02.27_18.39.27.csv@5742  reward=  190.30 qoe=  72.0 qoe_q=   53.3 eps=0.745 loss=0.5295
[ep  539] redandblack  driving_B_2020.02.13_15.02.01.csv@696   reward=  172.37 qoe=  32.2 qoe_q=   35.9 eps=0.744 loss=0.5003
[ep  540] soldier      driving_B_2020.02.27_17.30.15.csv@438   reward=  -39.14 qoe=   0.0 qoe_q= -362.8 eps=0.744 loss=0.5385
[ep  541] longdress    driving_B_2019.12.16_12.27.05.csv@743   reward=  162.95 qoe=  41.4 qoe_q=   22.6 eps=0.743 loss=0.5874
[ep  542] loot         driving_B_2019.12.17_07.32.39.csv@1691  reward=   11.96 qoe=   0.0 qoe_q=  -68.1 eps=0.743 loss=0.5315
[ep  543] redandblack  static_B_2020.02.27_18.39.27.csv@5450  reward=  162.94 qoe=  60.9 qoe_q=   35.3 eps=0.742 loss=0.5477
[ep  544] soldier      driving_B_2020.01.16_09.56.56.csv@37    reward=   73.42 qoe=   0.0 qoe_q=  -59.6 eps=0.742 loss=0.5526
[ep  545] longdress    static_B_2020.02.27_18.39.27.csv@1550  reward=  172.06 qoe=   9.1 qoe_q=   20.2 eps=0.741 loss=0.5276
[ep  546] loot         driving_B_2020.02.13_15.02.01.csv@1956  reward=  181.98 qoe=  74.0 qoe_q=   52.9 eps=0.741 loss=0.5428
[ep  547] redandblack  driving_B_2019.12.17_07.32.39.csv@1511  reward=   42.56 qoe=   0.0 qoe_q=  -52.4 eps=0.740 loss=0.6067
[ep  548] soldier      driving_B_2020.02.14_09.38.22.csv@3     reward=   51.01 qoe=   0.0 qoe_q= -120.5 eps=0.740 loss=0.5664
[ep  549] longdress    static_B_2020.02.27_18.39.27.csv@3110  reward=  108.29 qoe=   0.0 qoe_q=   -5.7 eps=0.739 loss=0.5695
[ep  550] loot         static_B_2020.02.27_18.39.27.csv@770   reward=  168.47 qoe=  48.0 qoe_q=   43.9 eps=0.739 loss=0.5538
[ep  551] redandblack  driving_B_2020.02.14_12.58.17.csv@241   reward=  -47.29 qoe=   0.0 qoe_q= -614.4 eps=0.738 loss=0.5422
[ep  552] soldier      driving_B_2019.12.16_12.27.05.csv@1152  reward=  128.13 qoe=   8.2 qoe_q=   -2.6 eps=0.738 loss=0.5302
[ep  553] longdress    driving_B_2020.01.16_07.26.43.csv@1770  reward=   18.19 qoe=   0.0 qoe_q= -167.4 eps=0.738 loss=0.5825
[ep  554] loot         driving_B_2019.12.17_07.32.39.csv@731   reward=  158.14 qoe=  77.0 qoe_q=   32.8 eps=0.737 loss=0.5913
[ep  555] redandblack  driving_B_2020.02.14_09.38.22.csv@303   reward=    2.69 qoe=   0.0 qoe_q= -129.7 eps=0.737 loss=0.7595
[ep  556] soldier      static_B_2020.02.27_18.39.27.csv@1790  reward=   87.60 qoe=   0.0 qoe_q= -311.6 eps=0.736 loss=0.7059
[ep  557] longdress    driving_B_2019.12.17_07.32.39.csv@191   reward=   62.05 qoe=   0.0 qoe_q=  -35.9 eps=0.736 loss=0.6506
[ep  558] loot         static_B_2020.02.27_18.39.27.csv@4670  reward=   62.27 qoe=   0.0 qoe_q= -222.9 eps=0.735 loss=0.7002
[ep  559] redandblack  driving_B_2020.02.27_17.30.15.csv@318   reward=   16.04 qoe=   0.0 qoe_q= -122.6 eps=0.735 loss=0.6001
[ep  560] soldier      driving_B_2019.12.16_12.27.05.csv@263   reward=   96.77 qoe=   0.0 qoe_q=  -33.9 eps=0.734 loss=0.6029
[ep  561] longdress    driving_B_2019.12.17_07.32.39.csv@431   reward=  110.27 qoe=  20.4 qoe_q=   15.6 eps=0.734 loss=0.6157
[ep  562] loot         static_B_2020.02.27_18.39.27.csv@2210  reward=  206.59 qoe= 100.0 qoe_q=   58.9 eps=0.733 loss=0.7609
[ep  563] redandblack  driving_B_2020.02.14_12.58.17.csv@661   reward=   93.32 qoe=   0.0 qoe_q=  -16.8 eps=0.733 loss=0.6352
[ep  564] soldier      static_B_2020.02.14_13.21.26.csv@218   reward=  146.22 qoe=  58.0 qoe_q=   38.4 eps=0.732 loss=0.6620
[ep  565] longdress    driving_B_2020.02.14_09.38.22.csv@63    reward=   46.24 qoe=   0.0 qoe_q= -126.7 eps=0.732 loss=0.6054
[ep  566] loot         driving_B_2020.01.16_07.26.43.csv@1770  reward=   33.94 qoe=   0.0 qoe_q=  -52.9 eps=0.731 loss=0.6073
[ep  567] redandblack  driving_B_2020.02.13_15.02.01.csv@1116  reward=  204.63 qoe=  40.0 qoe_q=   61.0 eps=0.731 loss=0.6668
[ep  568] soldier      static_B_2020.02.27_18.39.27.csv@410   reward=  191.45 qoe= 100.0 qoe_q=   53.4 eps=0.730 loss=0.6485
[ep  569] longdress    static_B_2020.02.27_18.39.27.csv@3350  reward=  214.19 qoe= 100.0 qoe_q=   60.2 eps=0.730 loss=0.6794
[ep  570] loot         driving_B_2020.02.13_13.03.24.csv@703   reward=  101.09 qoe=   0.0 qoe_q=  -27.2 eps=0.729 loss=0.6694
[ep  571] redandblack  static_B_2019.12.16_13.40.04.csv@436   reward=  170.63 qoe=  65.2 qoe_q=   40.9 eps=0.729 loss=0.6944
[ep  572] soldier      driving_B_2020.02.14_12.58.17.csv@800   reward=    9.94 qoe=   0.0 qoe_q= -211.3 eps=0.729 loss=0.6935
[ep  573] longdress    driving_B_2020.02.13_13.03.24.csv@1663  reward=  152.69 qoe=  84.9 qoe_q=   23.5 eps=0.728 loss=0.6810
[ep  574] loot         driving_B_2020.02.13_15.02.01.csv@636   reward=   54.06 qoe=   0.0 qoe_q=  -23.8 eps=0.728 loss=0.6730
[ep  575] redandblack  driving_B_2019.12.17_07.32.39.csv@2288  reward=  169.28 qoe=  62.6 qoe_q=   37.8 eps=0.727 loss=0.6177
[ep  576] soldier      driving_B_2020.02.13_15.02.01.csv@1836  reward=  139.85 qoe=  66.3 qoe_q=   27.5 eps=0.727 loss=0.6324
[ep  577] longdress    driving_B_2020.01.16_07.26.43.csv@100   reward=   51.85 qoe=   0.0 qoe_q=  -40.1 eps=0.726 loss=0.7347
[ep  578] loot         driving_B_2019.12.17_07.32.39.csv@311   reward=  146.09 qoe=  26.9 qoe_q=   23.6 eps=0.726 loss=0.6461
[ep  579] redandblack  driving_B_2020.02.13_15.02.01.csv@1476  reward=   42.93 qoe=   0.0 qoe_q= -125.6 eps=0.725 loss=0.6254
[ep  580] soldier      driving_B_2020.02.14_12.58.17.csv@181   reward=  -60.41 qoe=   0.0 qoe_q= -927.4 eps=0.725 loss=0.6972
[ep  581] longdress    driving_B_2020.02.14_09.38.22.csv@1023  reward=   75.48 qoe=   0.0 qoe_q=  -52.0 eps=0.724 loss=0.6692
[ep  582] loot         driving_B_2020.02.13_13.03.24.csv@1843  reward=  -58.58 qoe=   0.0 qoe_q= -673.7 eps=0.724 loss=0.6633
[ep  583] redandblack  driving_B_2019.12.17_07.32.39.csv@1151  reward=   94.30 qoe=   0.0 qoe_q=  -19.6 eps=0.723 loss=0.6260
[ep  584] soldier      static_B_2020.02.27_18.39.27.csv@5742  reward=  206.41 qoe= 100.0 qoe_q=   56.5 eps=0.723 loss=0.6252
[ep  585] longdress    driving_B_2020.02.14_09.38.22.csv@903   reward=  162.86 qoe=  50.5 qoe_q=   29.9 eps=0.722 loss=0.6594
[ep  586] loot         driving_B_2020.01.16_09.56.56.csv@1297  reward=  193.89 qoe=  79.1 qoe_q=   48.9 eps=0.722 loss=0.6425
[ep  587] redandblack  driving_B_2020.01.16_09.56.56.csv@1477  reward=  155.88 qoe=  50.0 qoe_q=   40.2 eps=0.721 loss=0.6365
[ep  588] soldier      driving_B_2020.02.13_15.02.01.csv@756   reward=  132.37 qoe=  18.6 qoe_q=   20.5 eps=0.721 loss=0.6307
[ep  589] longdress    driving_B_2020.01.16_12.10.03.csv@2     reward=  169.62 qoe=  34.0 qoe_q=   44.2 eps=0.720 loss=0.6501
[ep  590] loot         static_B_2020.02.27_18.39.27.csv@2990  reward=  182.08 qoe=  79.8 qoe_q=   48.0 eps=0.720 loss=0.6885
[ep  591] redandblack  static_B_2020.02.27_18.39.27.csv@2870  reward=  201.49 qoe= 100.0 qoe_q=   56.1 eps=0.720 loss=0.6696
[ep  592] soldier      static_B_2020.02.27_18.39.27.csv@5150  reward=  150.50 qoe=  48.0 qoe_q=   37.0 eps=0.719 loss=0.6452
[ep  593] longdress    driving_B_2020.01.16_09.56.56.csv@1177  reward=  128.26 qoe=  43.8 qoe_q=   12.6 eps=0.719 loss=0.6350
[ep  594] loot         driving_B_2020.02.13_13.03.24.csv@103   reward=   65.34 qoe=   0.0 qoe_q=  -49.5 eps=0.718 loss=0.6373
[ep  595] redandblack  static_B_2020.02.27_18.39.27.csv@170   reward=  197.06 qoe= 100.0 qoe_q=   55.0 eps=0.718 loss=0.6491
[ep  596] soldier      static_B_2020.02.27_18.39.27.csv@1070  reward=  216.16 qoe= 100.0 qoe_q=   57.6 eps=0.717 loss=0.6449
[ep  597] longdress    driving_B_2020.02.13_13.03.24.csv@1903  reward=  -23.14 qoe=   0.0 qoe_q= -590.1 eps=0.717 loss=0.6199
[ep  598] loot         driving_B_2019.12.16_12.27.05.csv@503   reward=   -8.81 qoe=   0.0 qoe_q= -218.7 eps=0.716 loss=0.6279
[ep  599] redandblack  driving_B_2020.02.14_12.58.17.csv@721   reward=   19.54 qoe=   0.0 qoe_q= -173.5 eps=0.716 loss=0.6719
[ep  600] soldier      driving_B_2020.01.16_09.56.56.csv@157   reward=  149.44 qoe=  55.8 qoe_q=   25.4 eps=0.715 loss=0.6992
    [eval @ ep 600] reward=38.64 qoe=52.2 qoe_q=-4626.5 mean_q=0.753 stall=1068.0s
[ep  601] longdress    driving_B_2020.01.16_07.26.43.csv@1540  reward=   59.98 qoe=   0.0 qoe_q=  -97.9 eps=0.715 loss=0.6748
[ep  602] loot         driving_B_2020.01.16_07.26.43.csv@700   reward=  114.79 qoe=   6.6 qoe_q=   -9.4 eps=0.714 loss=0.6837
[ep  603] redandblack  driving_B_2020.02.14_09.38.22.csv@123   reward=   64.23 qoe=   0.0 qoe_q= -115.9 eps=0.714 loss=0.6878
[ep  604] soldier      driving_B_2019.12.16_12.27.05.csv@683   reward=  147.86 qoe=   0.0 qoe_q=  -32.1 eps=0.713 loss=0.6046
[ep  605] longdress    driving_B_2019.12.17_07.32.39.csv@551   reward=   80.61 qoe=   0.0 qoe_q=  -40.5 eps=0.713 loss=0.5861
[ep  606] loot         driving_B_2020.02.13_15.02.01.csv@2754  reward=   51.10 qoe=   0.0 qoe_q=  -34.8 eps=0.712 loss=0.5856
[ep  607] redandblack  driving_B_2020.02.14_09.38.22.csv@423   reward=  102.35 qoe=   0.0 qoe_q=  -32.9 eps=0.712 loss=0.6622
[ep  608] soldier      driving_B_2020.02.13_15.02.01.csv@2556  reward=  186.09 qoe=  67.1 qoe_q=   42.3 eps=0.711 loss=0.6199
[ep  609] longdress    driving_B_2020.02.13_13.03.24.csv@523   reward=   89.12 qoe=   0.0 qoe_q=  -39.1 eps=0.711 loss=0.6328
[ep  610] loot         static_B_2019.12.16_13.40.04.csv@1636  reward=  195.63 qoe= 100.0 qoe_q=   54.5 eps=0.710 loss=0.6459
[ep  611] redandblack  driving_B_2020.02.13_13.03.24.csv@1123  reward=   40.59 qoe=   0.0 qoe_q=  -91.3 eps=0.710 loss=0.6206
[ep  612] soldier      driving_B_2020.02.13_13.03.24.csv@2188  reward=  -52.82 qoe=   0.0 qoe_q= -165.6 eps=0.710 loss=0.7000
[ep  613] longdress    driving_B_2020.01.16_09.56.56.csv@697   reward=  140.90 qoe=  49.9 qoe_q=   21.1 eps=0.709 loss=0.7045
[ep  614] loot         static_B_2019.12.16_13.40.04.csv@1876  reward=   65.12 qoe=   0.0 qoe_q= -238.6 eps=0.709 loss=0.6526
[ep  615] redandblack  driving_B_2020.02.14_12.58.17.csv@421   reward=  -11.74 qoe=   0.0 qoe_q= -438.3 eps=0.708 loss=0.6850
[ep  616] soldier      driving_B_2020.02.13_13.03.24.csv@943   reward=  -13.18 qoe=   0.0 qoe_q= -142.7 eps=0.708 loss=0.7207
[ep  617] longdress    driving_B_2020.02.27_17.30.15.csv@198   reward=  -31.34 qoe=   0.0 qoe_q= -670.7 eps=0.707 loss=0.5895
[ep  618] loot         driving_B_2020.02.13_13.03.24.csv@2143  reward=  -17.49 qoe=   0.0 qoe_q= -392.0 eps=0.707 loss=0.6355
[ep  619] redandblack  driving_B_2020.01.16_09.56.56.csv@1570  reward=  161.66 qoe=  62.1 qoe_q=   36.5 eps=0.706 loss=0.6850
[ep  620] soldier      driving_B_2020.02.13_15.02.01.csv@2496  reward=   35.82 qoe=   0.0 qoe_q= -101.8 eps=0.706 loss=0.5996
[ep  621] longdress    static_B_2020.02.27_18.39.27.csv@590   reward=  132.94 qoe=  64.0 qoe_q=    7.9 eps=0.705 loss=0.6339
[ep  622] loot         driving_B_2020.02.13_13.03.24.csv@43    reward=   61.41 qoe=   0.0 qoe_q=  -22.4 eps=0.705 loss=0.6492
[ep  623] redandblack  driving_B_2020.02.13_15.02.01.csv@1716  reward=  107.05 qoe=  45.8 qoe_q=   14.3 eps=0.704 loss=0.6617
[ep  624] soldier      driving_B_2020.01.16_07.26.43.csv@880   reward=   31.34 qoe=   0.0 qoe_q= -116.0 eps=0.704 loss=0.6340
[ep  625] longdress    static_B_2020.02.27_18.39.27.csv@1430  reward=  197.37 qoe=  86.8 qoe_q=   53.7 eps=0.703 loss=0.7009
[ep  626] loot         driving_B_2020.02.27_17.30.15.csv@78    reward=  -10.66 qoe=   0.0 qoe_q= -311.3 eps=0.703 loss=0.6493
[ep  627] redandblack  static_B_2020.02.27_18.39.27.csv@2930  reward=  171.42 qoe=  60.9 qoe_q=   34.0 eps=0.702 loss=0.6925
[ep  628] soldier      driving_B_2020.02.13_15.02.01.csv@2436  reward=  -64.04 qoe=   0.0 qoe_q= -298.7 eps=0.702 loss=0.6548
[ep  629] longdress    static_B_2020.02.27_18.39.27.csv@1490  reward=  158.22 qoe=  58.4 qoe_q=   32.2 eps=0.701 loss=0.6716
[ep  630] loot         static_B_2020.02.27_18.39.27.csv@3710  reward=  129.08 qoe=   0.0 qoe_q=   30.5 eps=0.701 loss=0.6214
[ep  631] redandblack  driving_B_2019.12.16_12.27.05.csv@83    reward=  105.86 qoe=  20.0 qoe_q=    2.8 eps=0.701 loss=0.6622
[ep  632] soldier      static_B_2020.02.27_18.39.27.csv@1190  reward=  142.30 qoe=  50.0 qoe_q=    4.6 eps=0.700 loss=0.6533
[ep  633] longdress    static_B_2020.02.27_18.39.27.csv@5210  reward=   88.09 qoe=   0.0 qoe_q=  -24.5 eps=0.700 loss=0.6272
[ep  634] loot         static_B_2019.12.16_13.40.04.csv@1096  reward=  170.56 qoe=  62.0 qoe_q=   42.4 eps=0.699 loss=0.8187
[ep  635] redandblack  driving_B_2020.01.16_07.26.43.csv@820   reward=  175.24 qoe=  56.0 qoe_q=   37.3 eps=0.699 loss=0.8134
[ep  636] soldier      driving_B_2020.01.16_07.26.43.csv@1360  reward=   19.13 qoe=   0.0 qoe_q= -181.1 eps=0.698 loss=0.7187
[ep  637] longdress    driving_B_2020.02.14_09.38.22.csv@1478  reward=   60.88 qoe=   0.0 qoe_q=  -65.1 eps=0.698 loss=0.6664
[ep  638] loot         static_B_2020.02.27_18.39.27.csv@4970  reward=  190.76 qoe=  84.9 qoe_q=   49.8 eps=0.697 loss=0.7280
[ep  639] redandblack  driving_B_2020.02.13_15.02.01.csv@816   reward=   46.40 qoe=   0.0 qoe_q=  -39.7 eps=0.697 loss=0.7590
[ep  640] soldier      static_B_2019.12.16_13.40.04.csv@736   reward=  200.53 qoe=  60.0 qoe_q=   61.3 eps=0.696 loss=0.6907
[ep  641] longdress    static_B_2019.12.16_13.40.04.csv@316   reward=   92.45 qoe=   4.4 qoe_q=   -4.8 eps=0.696 loss=0.7552
[ep  642] loot         driving_B_2020.02.13_15.02.01.csv@2196  reward=  182.51 qoe=  68.9 qoe_q=   45.3 eps=0.695 loss=0.7909
[ep  643] redandblack  driving_B_2019.12.17_07.32.39.csv@11    reward=   75.29 qoe=   0.0 qoe_q=  -21.9 eps=0.695 loss=0.7190
[ep  644] soldier      static_B_2020.02.27_18.39.27.csv@2690  reward=  154.71 qoe=  28.4 qoe_q=   31.2 eps=0.694 loss=0.7178
[ep  645] longdress    driving_B_2019.12.17_07.32.39.csv@2111  reward=  188.51 qoe=  50.0 qoe_q=   54.7 eps=0.694 loss=0.7531
[ep  646] loot         driving_B_2020.02.13_13.03.24.csv@1483  reward=  122.00 qoe=  15.0 qoe_q=    3.5 eps=0.693 loss=0.7881
[ep  647] redandblack  driving_B_2020.02.13_15.02.01.csv@996   reward=   90.12 qoe=   0.0 qoe_q=  -20.2 eps=0.693 loss=0.7364
[ep  648] soldier      static_B_2020.02.27_18.39.27.csv@470   reward=  189.40 qoe= 100.0 qoe_q=   50.9 eps=0.692 loss=0.7805
[ep  649] longdress    driving_B_2020.02.13_13.03.24.csv@583   reward=   79.93 qoe=   0.0 qoe_q=  -43.9 eps=0.692 loss=0.7460
[ep  650] loot         driving_B_2019.12.17_07.32.39.csv@1271  reward=  123.11 qoe=   0.0 qoe_q=    8.2 eps=0.692 loss=0.7087
[ep  651] redandblack  static_B_2020.02.27_18.39.27.csv@1610  reward=  107.46 qoe=   0.0 qoe_q=   -2.9 eps=0.691 loss=0.7557
[ep  652] soldier      driving_B_2020.02.13_15.02.01.csv@2136  reward=  159.84 qoe=  26.0 qoe_q=   40.7 eps=0.691 loss=0.7108
[ep  653] longdress    driving_B_2020.02.14_09.38.22.csv@1443  reward=   59.70 qoe=   0.0 qoe_q=  -36.9 eps=0.690 loss=0.6627
[ep  654] loot         driving_B_2020.01.16_07.26.43.csv@1240  reward=  121.36 qoe=   3.4 qoe_q=    5.5 eps=0.690 loss=0.7887
[ep  655] redandblack  driving_B_2020.02.13_15.02.01.csv@96    reward=  140.69 qoe=   8.0 qoe_q=   33.2 eps=0.689 loss=0.7655
[ep  656] soldier      driving_B_2019.12.16_12.27.05.csv@143   reward=   69.39 qoe=   0.0 qoe_q=  -57.7 eps=0.689 loss=0.7879
[ep  657] longdress    static_B_2020.02.27_18.39.27.csv@3650  reward=  180.17 qoe= 100.0 qoe_q=   47.7 eps=0.688 loss=0.7654
[ep  658] loot         driving_B_2020.01.16_09.56.56.csv@457   reward=  124.77 qoe=   0.0 qoe_q=  -40.4 eps=0.688 loss=0.7168
[ep  659] redandblack  driving_B_2019.12.17_07.32.39.csv@1811  reward=   47.07 qoe=   0.0 qoe_q=  -47.0 eps=0.687 loss=0.7292
[ep  660] soldier      driving_B_2020.01.16_07.26.43.csv@40    reward=   29.75 qoe=   0.0 qoe_q=  -70.2 eps=0.687 loss=0.7500
[ep  661] longdress    static_B_2020.02.14_13.21.26.csv@818   reward=  213.71 qoe=  86.0 qoe_q=   62.4 eps=0.686 loss=0.7252
[ep  662] loot         driving_B_2020.01.16_07.26.43.csv@160   reward=   90.19 qoe=   0.0 qoe_q= -175.4 eps=0.686 loss=0.7048
[ep  663] redandblack  driving_B_2019.12.17_07.32.39.csv@851   reward=   83.36 qoe=   0.0 qoe_q=  -15.9 eps=0.685 loss=0.7304
[ep  664] soldier      static_B_2020.02.27_18.39.27.csv@290   reward=  122.77 qoe=   0.0 qoe_q=   -5.1 eps=0.685 loss=0.7066
[ep  665] longdress    driving_B_2020.01.16_07.26.43.csv@520   reward=   23.75 qoe=   0.0 qoe_q= -100.2 eps=0.684 loss=0.6623
[ep  666] loot         static_B_2020.02.27_18.39.27.csv@4070  reward=  216.86 qoe= 100.0 qoe_q=   63.4 eps=0.684 loss=0.7258
[ep  667] redandblack  driving_B_2020.01.16_12.10.03.csv@242   reward=  181.08 qoe=  78.0 qoe_q=   48.8 eps=0.683 loss=0.6664
[ep  668] soldier      driving_B_2020.02.14_09.38.22.csv@363   reward=    4.24 qoe=   0.0 qoe_q= -172.6 eps=0.683 loss=0.6829
[ep  669] longdress    driving_B_2020.02.13_13.03.24.csv@1243  reward=   32.52 qoe=   0.0 qoe_q= -195.6 eps=0.682 loss=0.7280
[ep  670] loot         static_B_2020.02.27_18.39.27.csv@3830  reward=  167.48 qoe=  62.6 qoe_q=   35.7 eps=0.682 loss=0.7146
[ep  671] redandblack  static_B_2020.02.27_18.39.27.csv@3530  reward=  197.45 qoe= 100.0 qoe_q=   56.1 eps=0.682 loss=0.7693
[ep  672] soldier      static_B_2020.02.27_18.39.27.csv@2150  reward=  205.34 qoe=  74.6 qoe_q=   51.1 eps=0.681 loss=0.6921
[ep  673] longdress    static_B_2020.02.27_18.39.27.csv@1910  reward=  159.61 qoe=  69.7 qoe_q=   38.5 eps=0.681 loss=0.7481
[ep  674] loot         driving_B_2019.12.17_07.32.39.csv@1031  reward=  150.80 qoe=  38.1 qoe_q=   35.5 eps=0.680 loss=0.7338
[ep  675] redandblack  driving_B_2020.01.16_07.26.43.csv@1000  reward=  157.39 qoe=  62.7 qoe_q=   33.5 eps=0.680 loss=0.7547
[ep  676] soldier      driving_B_2020.02.14_09.38.22.csv@723   reward=  207.45 qoe=  81.1 qoe_q=   52.8 eps=0.679 loss=0.7157
[ep  677] longdress    driving_B_2020.02.13_15.02.01.csv@1176  reward=  159.67 qoe=  33.0 qoe_q=   38.2 eps=0.679 loss=0.7367
[ep  678] loot         driving_B_2020.02.13_15.02.01.csv@2676  reward=   77.79 qoe=   0.0 qoe_q=  -14.4 eps=0.678 loss=0.7702
[ep  679] redandblack  static_B_2020.02.27_18.39.27.csv@5330  reward=  146.25 qoe=  80.0 qoe_q=   33.9 eps=0.678 loss=0.6949
[ep  680] soldier      driving_B_2020.01.16_12.10.03.csv@244   reward=  214.02 qoe= 100.0 qoe_q=   62.9 eps=0.677 loss=0.6978
[ep  681] longdress    driving_B_2020.01.16_09.56.56.csv@997   reward=  208.74 qoe=  79.8 qoe_q=   51.2 eps=0.677 loss=0.7172
[ep  682] loot         driving_B_2020.02.14_09.38.22.csv@963   reward=  166.67 qoe=  22.0 qoe_q=   44.3 eps=0.676 loss=0.7406
[ep  683] redandblack  static_B_2020.02.14_13.21.26.csv@638   reward=  193.13 qoe=  34.0 qoe_q=   54.8 eps=0.676 loss=0.7134
[ep  684] soldier      static_B_2020.02.27_18.39.27.csv@4550  reward=  152.87 qoe=  50.1 qoe_q=   31.8 eps=0.675 loss=0.6881
[ep  685] longdress    static_B_2020.02.27_18.39.27.csv@1370  reward=  150.43 qoe=  74.0 qoe_q=   37.7 eps=0.675 loss=0.7433
[ep  686] loot         static_B_2019.12.16_13.40.04.csv@1336  reward=  197.87 qoe=  89.2 qoe_q=   50.4 eps=0.674 loss=0.7690
[ep  687] redandblack  driving_B_2020.01.16_07.26.43.csv@1420  reward=   65.45 qoe=   0.0 qoe_q=  -24.1 eps=0.674 loss=0.7723
[ep  688] soldier      static_B_2020.02.14_13.21.26.csv@758   reward=  195.40 qoe= 100.0 qoe_q=   50.7 eps=0.673 loss=0.6989
[ep  689] longdress    driving_B_2020.02.13_15.02.01.csv@2016  reward=  189.87 qoe=  61.4 qoe_q=   48.6 eps=0.673 loss=0.8537
[ep  690] loot         static_B_2020.02.14_13.21.26.csv@850   reward=  185.01 qoe=  66.0 qoe_q=   48.6 eps=0.673 loss=0.7082
[ep  691] redandblack  static_B_2020.02.27_18.39.27.csv@1850  reward=  111.60 qoe=  43.5 qoe_q=   -1.9 eps=0.672 loss=0.7695
[ep  692] soldier      driving_B_2020.02.13_13.03.24.csv@283   reward=   53.49 qoe=   0.0 qoe_q=  -37.5 eps=0.672 loss=0.7090
[ep  693] longdress    driving_B_2020.02.13_13.03.24.csv@763   reward=   64.97 qoe=   0.0 qoe_q= -160.5 eps=0.671 loss=0.7565
[ep  694] loot         driving_B_2020.01.16_09.56.56.csv@577   reward=  198.75 qoe=  68.0 qoe_q=   58.5 eps=0.671 loss=0.6988
[ep  695] redandblack  driving_B_2020.02.13_13.03.24.csv@1783  reward=  -92.45 qoe=   0.0 qoe_q= -994.4 eps=0.670 loss=0.7202
[ep  696] soldier      driving_B_2020.02.27_17.30.15.csv@378   reward=   32.98 qoe=   0.0 qoe_q= -106.2 eps=0.670 loss=0.7851
[ep  697] longdress    driving_B_2019.12.17_07.32.39.csv@911   reward=   37.09 qoe=   0.0 qoe_q= -122.5 eps=0.669 loss=0.8096
[ep  698] loot         driving_B_2019.12.16_12.27.05.csv@863   reward=  173.91 qoe=   6.0 qoe_q=   48.1 eps=0.669 loss=0.7635
[ep  699] redandblack  driving_B_2019.12.17_07.32.39.csv@1451  reward=  118.18 qoe=   0.0 qoe_q=  -10.2 eps=0.668 loss=0.7433
[ep  700] soldier      static_B_2019.12.16_13.40.04.csv@1696  reward=  154.07 qoe=  78.0 qoe_q=   35.2 eps=0.668 loss=0.7144
[ep  701] longdress    driving_B_2019.12.16_12.27.05.csv@923   reward=  156.47 qoe=  59.4 qoe_q=   26.8 eps=0.667 loss=0.7724
[ep  702] loot         driving_B_2020.02.13_13.03.24.csv@403   reward=   70.01 qoe=   0.0 qoe_q=  -21.5 eps=0.667 loss=0.7081
[ep  703] redandblack  driving_B_2020.02.27_17.30.15.csv@138   reward=    0.27 qoe=   0.0 qoe_q= -137.8 eps=0.666 loss=0.7491
[ep  704] soldier      driving_B_2020.02.14_09.38.22.csv@243   reward=  -12.64 qoe=   0.0 qoe_q= -203.4 eps=0.666 loss=0.7195
[ep  705] longdress    driving_B_2020.02.13_15.02.01.csv@396   reward=  206.11 qoe=  68.0 qoe_q=   60.1 eps=0.665 loss=0.7509
[ep  706] loot         static_B_2020.02.27_18.39.27.csv@1010  reward=  204.94 qoe=  86.0 qoe_q=   58.5 eps=0.665 loss=0.7429
[ep  707] redandblack  driving_B_2020.02.14_12.58.17.csv@61    reward=   66.51 qoe=   0.0 qoe_q= -142.9 eps=0.664 loss=0.6767
[ep  708] soldier      static_B_2019.12.16_13.40.04.csv@676   reward=  231.00 qoe= 100.0 qoe_q=   68.9 eps=0.664 loss=0.6840
[ep  709] longdress    static_B_2020.02.27_18.39.27.csv@3590  reward=  173.95 qoe= 100.0 qoe_q=   43.9 eps=0.664 loss=0.7291
[ep  710] loot         driving_B_2020.02.13_15.02.01.csv@1776  reward=  193.46 qoe=  80.0 qoe_q=   54.5 eps=0.663 loss=0.7931
[ep  711] redandblack  static_B_2020.02.27_18.39.27.csv@5390  reward=  164.44 qoe=  26.0 qoe_q=   44.0 eps=0.663 loss=0.8078
[ep  712] soldier      driving_B_2020.02.13_15.02.01.csv@1896  reward=  162.08 qoe=  57.1 qoe_q=   34.3 eps=0.662 loss=0.6516
[ep  713] longdress    driving_B_2020.01.16_09.56.56.csv@637   reward=  209.32 qoe=  74.0 qoe_q=   57.1 eps=0.662 loss=0.8373
[ep  714] loot         static_B_2019.12.16_13.40.04.csv@1036  reward=  192.99 qoe=  67.2 qoe_q=   48.7 eps=0.661 loss=0.8592
[ep  715] redandblack  driving_B_2020.02.14_12.58.17.csv@481   reward=    0.25 qoe=   0.0 qoe_q= -205.0 eps=0.661 loss=0.8457
[ep  716] soldier      static_B_2019.12.16_13.40.04.csv@1156  reward=   53.86 qoe=   0.0 qoe_q= -202.4 eps=0.660 loss=0.7463
[ep  717] longdress    static_B_2020.02.14_13.21.26.csv@158   reward=  229.03 qoe=  83.3 qoe_q=   66.6 eps=0.660 loss=0.9047
[ep  718] loot         driving_B_2019.12.17_07.32.39.csv@1091  reward=  124.86 qoe=   0.0 qoe_q=  -12.4 eps=0.659 loss=0.8479
[ep  719] redandblack  static_B_2020.02.27_18.39.27.csv@4490  reward=  196.24 qoe=  82.0 qoe_q=   50.5 eps=0.659 loss=0.8523
[ep  720] soldier      driving_B_2020.02.13_13.03.24.csv@823   reward=   31.84 qoe=   0.0 qoe_q=  -83.9 eps=0.658 loss=0.8122
[ep  721] longdress    static_B_2020.02.27_18.39.27.csv@4370  reward=  195.33 qoe=  58.6 qoe_q=   45.0 eps=0.658 loss=0.8332
[ep  722] loot         driving_B_2020.02.13_15.02.01.csv@2616  reward=  163.38 qoe=  26.0 qoe_q=   44.0 eps=0.657 loss=0.8257
[ep  723] redandblack  driving_B_2020.01.16_07.26.43.csv@1720  reward=  103.77 qoe=   3.9 qoe_q=    5.1 eps=0.657 loss=0.7918
[ep  724] soldier      driving_B_2020.02.27_17.30.15.csv@558   reward=    6.73 qoe=   0.0 qoe_q= -118.0 eps=0.656 loss=0.8021
[ep  725] longdress    static_B_2019.12.16_13.40.04.csv@1756  reward=  187.11 qoe=  81.3 qoe_q=   48.4 eps=0.656 loss=0.7520
[ep  726] loot         driving_B_2020.01.16_07.26.43.csv@460   reward=   38.51 qoe=   0.0 qoe_q=  -91.6 eps=0.655 loss=0.7754
[ep  727] redandblack  driving_B_2020.02.13_15.02.01.csv@2754  reward=   71.61 qoe=   0.0 qoe_q=  -35.8 eps=0.655 loss=0.8565
[ep  728] soldier      driving_B_2020.02.27_17.30.15.csv@498   reward=  -27.57 qoe=   0.0 qoe_q= -181.6 eps=0.654 loss=0.7788
[ep  729] longdress    static_B_2020.02.27_18.39.27.csv@3410  reward=  209.46 qoe= 100.0 qoe_q=   55.6 eps=0.654 loss=0.7602
[ep  730] loot         driving_B_2020.02.13_15.02.01.csv@1356  reward=   76.80 qoe=   0.0 qoe_q= -103.4 eps=0.654 loss=0.7847
[ep  731] redandblack  driving_B_2020.01.16_09.56.56.csv@337   reward=  178.60 qoe=  51.6 qoe_q=   44.3 eps=0.653 loss=0.8789
[ep  732] soldier      driving_B_2020.02.14_12.58.17.csv@121   reward=   67.83 qoe=   0.0 qoe_q=  -25.2 eps=0.653 loss=0.8470
[ep  733] longdress    static_B_2020.02.27_18.39.27.csv@830   reward=  215.72 qoe= 100.0 qoe_q=   60.2 eps=0.652 loss=0.8182
[ep  734] loot         static_B_2020.02.27_18.39.27.csv@2750  reward=  203.57 qoe=  54.0 qoe_q=   59.6 eps=0.652 loss=0.8324
[ep  735] redandblack  driving_B_2019.12.17_07.32.39.csv@371   reward=  169.39 qoe=  56.0 qoe_q=   43.6 eps=0.651 loss=0.8721
[ep  736] soldier      driving_B_2020.02.13_13.03.24.csv@1363  reward=   44.66 qoe=   0.0 qoe_q=  -86.3 eps=0.651 loss=0.7398
[ep  737] longdress    static_B_2020.02.27_18.39.27.csv@890   reward=  169.42 qoe=  64.6 qoe_q=   40.4 eps=0.650 loss=0.8449
[ep  738] loot         static_B_2020.02.27_18.39.27.csv@2570  reward=  189.97 qoe=  80.0 qoe_q=   55.3 eps=0.650 loss=0.8283
[ep  739] redandblack  static_B_2020.02.27_18.39.27.csv@1250  reward=  131.31 qoe=   6.0 qoe_q=   31.4 eps=0.649 loss=0.8017
[ep  740] soldier      driving_B_2020.02.13_15.02.01.csv@156   reward=  196.51 qoe=  78.0 qoe_q=   56.5 eps=0.649 loss=0.7631
[ep  741] longdress    static_B_2020.02.27_18.39.27.csv@5510  reward=  172.52 qoe=  58.0 qoe_q=   45.6 eps=0.648 loss=0.7900
[ep  742] loot         driving_B_2020.02.14_09.38.22.csv@783   reward=  116.52 qoe=  61.4 qoe_q=   16.3 eps=0.648 loss=0.8015
[ep  743] redandblack  driving_B_2020.02.13_15.02.01.csv@2376  reward=   -8.36 qoe=   0.0 qoe_q= -270.0 eps=0.647 loss=0.7918
[ep  744] soldier      driving_B_2020.01.16_09.56.56.csv@757   reward=  131.66 qoe=  42.5 qoe_q=   18.2 eps=0.647 loss=0.8168
[ep  745] longdress    driving_B_2019.12.17_07.32.39.csv@1331  reward=  143.70 qoe=  34.7 qoe_q=   18.7 eps=0.646 loss=0.9204
[ep  746] loot         static_B_2019.12.16_13.40.04.csv@616   reward=  146.66 qoe=  18.3 qoe_q=   20.7 eps=0.646 loss=0.7933
[ep  747] redandblack  driving_B_2019.12.17_07.32.39.csv@1991  reward=  221.20 qoe=  88.0 qoe_q=   65.3 eps=0.645 loss=0.8086
[ep  748] soldier      driving_B_2019.12.17_07.32.39.csv@791   reward=   44.39 qoe=   0.0 qoe_q=  -63.5 eps=0.645 loss=0.7823
[ep  749] longdress    driving_B_2020.02.13_15.02.01.csv@2316  reward=   17.88 qoe=   0.0 qoe_q= -109.9 eps=0.645 loss=0.7991
[ep  750] loot         driving_B_2020.02.13_15.02.01.csv@936   reward=  203.44 qoe=  62.0 qoe_q=   57.3 eps=0.644 loss=0.8454
[ep  751] redandblack  driving_B_2020.02.13_15.02.01.csv@456   reward=  146.12 qoe=   0.0 qoe_q=   -3.1 eps=0.644 loss=0.7715
[ep  752] soldier      static_B_2020.02.27_18.39.27.csv@2270  reward=  210.62 qoe= 100.0 qoe_q=   55.5 eps=0.643 loss=0.7602
[ep  753] longdress    driving_B_2020.02.13_15.02.01.csv@276   reward=  177.84 qoe=  56.2 qoe_q=   39.3 eps=0.643 loss=0.8138
[ep  754] loot         static_B_2020.02.14_13.21.26.csv@278   reward=  231.42 qoe= 100.0 qoe_q=   68.4 eps=0.642 loss=0.8477
[ep  755] redandblack  static_B_2019.12.16_13.40.04.csv@1904  reward=  157.95 qoe=  22.0 qoe_q=   22.0 eps=0.642 loss=0.8703
[ep  756] soldier      driving_B_2020.02.13_13.03.24.csv@1603  reward=   34.32 qoe=   0.0 qoe_q= -236.3 eps=0.641 loss=0.7954
[ep  757] longdress    driving_B_2019.12.17_07.32.39.csv@1751  reward=   77.75 qoe=   0.0 qoe_q=  -34.4 eps=0.641 loss=0.8917
[ep  758] loot         static_B_2020.02.14_13.21.26.csv@518   reward=  165.58 qoe=  20.0 qoe_q=   44.8 eps=0.640 loss=0.7678
[ep  759] redandblack  driving_B_2020.02.14_12.58.17.csv@1     reward=   99.93 qoe=   0.0 qoe_q=  -10.2 eps=0.640 loss=0.7801
[ep  760] soldier      driving_B_2020.02.13_15.02.01.csv@876   reward=  251.12 qoe= 100.0 qoe_q=   75.7 eps=0.639 loss=0.8725
[ep  761] longdress    driving_B_2019.12.17_07.32.39.csv@71    reward=   61.94 qoe=   0.0 qoe_q=  -55.2 eps=0.639 loss=0.8969
[ep  762] loot         static_B_2019.12.16_13.40.04.csv@196   reward=  178.21 qoe= 100.0 qoe_q=   46.3 eps=0.638 loss=0.7768
[ep  763] redandblack  static_B_2019.12.16_13.40.04.csv@496   reward=  194.42 qoe= 100.0 qoe_q=   24.8 eps=0.638 loss=0.8589
[ep  764] soldier      static_B_2020.02.27_18.39.27.csv@5742  reward=  166.10 qoe=  76.2 qoe_q=   36.7 eps=0.637 loss=0.8097
[ep  765] longdress    driving_B_2020.02.13_13.03.24.csv@1063  reward=   78.05 qoe=   0.0 qoe_q=  -41.0 eps=0.637 loss=0.8270
[ep  766] loot         driving_B_2020.02.13_13.03.24.csv@1003  reward=   75.74 qoe=   0.0 qoe_q=  -37.7 eps=0.636 loss=0.8116
[ep  767] redandblack  static_B_2020.02.14_13.21.26.csv@578   reward=  167.40 qoe=  26.0 qoe_q=   43.6 eps=0.636 loss=0.7976
[ep  768] soldier      driving_B_2020.02.27_17.30.15.csv@618   reward=  -26.16 qoe=   0.0 qoe_q= -305.0 eps=0.636 loss=0.8395
[ep  769] longdress    static_B_2020.02.27_18.39.27.csv@1130  reward=   86.63 qoe=   0.0 qoe_q=  -22.1 eps=0.635 loss=0.8452
[ep  770] loot         driving_B_2020.02.14_09.38.22.csv@1263  reward=  196.20 qoe=  74.4 qoe_q=   51.0 eps=0.635 loss=0.7636
[ep  771] redandblack  driving_B_2019.12.16_12.27.05.csv@383   reward=  -13.16 qoe=   0.0 qoe_q= -259.3 eps=0.634 loss=0.8550
[ep  772] soldier      driving_B_2020.02.13_15.02.01.csv@1596  reward=    1.22 qoe=   0.0 qoe_q= -391.6 eps=0.634 loss=0.8829
[ep  773] longdress    static_B_2020.02.27_18.39.27.csv@230   reward=  219.18 qoe=  87.5 qoe_q=   62.2 eps=0.633 loss=0.8413
[ep  774] loot         static_B_2019.12.16_13.40.04.csv@976   reward=  191.25 qoe=  80.4 qoe_q=   50.7 eps=0.633 loss=0.8150
[ep  775] redandblack  driving_B_2019.12.16_12.27.05.csv@803   reward=  171.02 qoe=  70.2 qoe_q=   41.8 eps=0.632 loss=0.8276
[ep  776] soldier      static_B_2020.02.27_18.39.27.csv@650   reward=  223.24 qoe=  94.0 qoe_q=   66.2 eps=0.632 loss=0.7944
[ep  777] longdress    driving_B_2019.12.17_07.32.39.csv@1931  reward=  162.44 qoe=  79.3 qoe_q=   41.9 eps=0.631 loss=0.7262
[ep  778] loot         static_B_2020.02.27_18.39.27.csv@4010  reward=  175.45 qoe=  69.5 qoe_q=   35.2 eps=0.631 loss=0.7754
[ep  779] redandblack  driving_B_2019.12.17_07.32.39.csv@1631  reward=  196.55 qoe=  76.0 qoe_q=   41.1 eps=0.630 loss=0.7456
[ep  780] soldier      driving_B_2020.02.14_09.38.22.csv@603   reward=  194.58 qoe= 100.0 qoe_q=   55.1 eps=0.630 loss=0.7547
[ep  781] longdress    driving_B_2020.01.16_07.26.43.csv@760   reward=  149.74 qoe=  48.0 qoe_q=   32.0 eps=0.629 loss=0.8744
[ep  782] loot         driving_B_2020.01.16_07.26.43.csv@1480  reward=   57.72 qoe=   0.0 qoe_q=  -51.9 eps=0.629 loss=0.8818
[ep  783] redandblack  driving_B_2020.02.13_13.03.24.csv@2023  reward=   39.21 qoe=   0.0 qoe_q=  -80.8 eps=0.628 loss=0.8005
[ep  784] soldier      static_B_2019.12.16_13.40.04.csv@1396  reward=   73.86 qoe=   0.0 qoe_q=  -60.7 eps=0.628 loss=0.8301
[ep  785] longdress    driving_B_2020.02.27_17.30.15.csv@720   reward=   -0.82 qoe=   0.0 qoe_q= -344.9 eps=0.627 loss=0.7817
[ep  786] loot         driving_B_2020.01.16_07.26.43.csv@940   reward=   51.45 qoe=   0.0 qoe_q=  -67.1 eps=0.627 loss=0.7681
[ep  787] redandblack  static_B_2020.02.27_18.39.27.csv@4730  reward=  196.53 qoe=  79.8 qoe_q=   52.6 eps=0.626 loss=0.8522
[ep  788] soldier      driving_B_2020.02.13_15.02.01.csv@1656  reward=   15.76 qoe=   0.0 qoe_q= -150.3 eps=0.626 loss=0.8445
[ep  789] longdress    driving_B_2019.12.16_12.27.05.csv@203   reward=   59.59 qoe=   0.0 qoe_q=  -24.3 eps=0.626 loss=0.7542
[ep  790] loot         driving_B_2020.02.14_09.38.22.csv@1203  reward=   58.09 qoe=   0.0 qoe_q=  -58.9 eps=0.625 loss=0.7698
[ep  791] redandblack  driving_B_2019.12.17_07.32.39.csv@251   reward=   89.47 qoe=   1.1 qoe_q=  -12.9 eps=0.625 loss=0.7894
[ep  792] soldier      static_B_2020.02.27_18.39.27.csv@2630  reward=  204.61 qoe=  68.2 qoe_q=   46.5 eps=0.624 loss=1.1022
[ep  793] longdress    driving_B_2020.02.13_13.03.24.csv@1543  reward=   19.23 qoe=   0.0 qoe_q= -121.7 eps=0.624 loss=0.9196
[ep  794] loot         static_B_2020.02.27_18.39.27.csv@1310  reward=  170.88 qoe=  28.0 qoe_q=   48.3 eps=0.623 loss=0.8983
[ep  795] redandblack  driving_B_2020.02.13_13.03.24.csv@1723  reward=  197.34 qoe= 100.0 qoe_q=   54.3 eps=0.623 loss=0.8545
[ep  796] soldier      static_B_2020.02.27_18.39.27.csv@3050  reward=  155.10 qoe=  26.5 qoe_q=   24.8 eps=0.622 loss=0.8713
[ep  797] longdress    driving_B_2020.02.13_13.03.24.csv@1303  reward=   51.95 qoe=   0.0 qoe_q= -117.4 eps=0.622 loss=0.8557
[ep  798] loot         driving_B_2020.02.14_09.38.22.csv@663   reward=  153.14 qoe=   0.0 qoe_q=   42.0 eps=0.621 loss=0.8649
[ep  799] redandblack  static_B_2020.02.27_18.39.27.csv@50    reward=  193.53 qoe=  48.0 qoe_q=   55.9 eps=0.621 loss=0.8503
[ep  800] soldier      driving_B_2020.01.16_07.26.43.csv@580   reward=   51.24 qoe=   0.0 qoe_q=  -60.6 eps=0.620 loss=0.9151
    [eval @ ep 800] reward=-16.97 qoe=52.1 qoe_q=-1649.5 mean_q=0.723 stall=364.3s  <-- best (saved)
[ep  801] longdress    driving_B_2020.01.16_09.56.56.csv@277   reward=  237.06 qoe=  84.9 qoe_q=   69.0 eps=0.620 loss=0.9154
[ep  802] loot         static_B_2019.12.16_13.40.04.csv@1904  reward=  123.75 qoe=   0.0 qoe_q=   11.3 eps=0.619 loss=0.9447
[ep  803] redandblack  static_B_2020.02.27_18.39.27.csv@4610  reward=  172.05 qoe=  58.6 qoe_q=   30.1 eps=0.619 loss=0.8843
[ep  804] soldier      driving_B_2020.01.16_12.10.03.csv@182   reward=  212.04 qoe= 100.0 qoe_q=   61.4 eps=0.618 loss=0.9296
[ep  805] longdress    static_B_2020.02.27_18.39.27.csv@1670  reward=  154.32 qoe=  84.7 qoe_q=   37.7 eps=0.618 loss=0.8893
[ep  806] loot         driving_B_2019.12.17_07.32.39.csv@131   reward=  108.53 qoe=  16.3 qoe_q=    4.8 eps=0.617 loss=0.8282
[ep  807] redandblack  driving_B_2020.02.13_13.03.24.csv@2188  reward=   23.05 qoe=   0.0 qoe_q= -230.7 eps=0.617 loss=0.9549
[ep  808] soldier      driving_B_2020.01.16_09.56.56.csv@397   reward=   55.19 qoe=   0.0 qoe_q=  -43.0 eps=0.617 loss=0.9759
[ep  809] longdress    driving_B_2020.01.16_07.26.43.csv@1300  reward=  152.81 qoe=  40.9 qoe_q=   31.3 eps=0.616 loss=0.9102
[ep  810] loot         static_B_2019.12.16_13.40.04.csv@1276  reward=  138.67 qoe=  27.4 qoe_q=   22.7 eps=0.616 loss=0.8025
[ep  811] redandblack  static_B_2020.02.27_18.39.27.csv@3770  reward=  199.68 qoe= 100.0 qoe_q=   54.4 eps=0.615 loss=0.9398
[ep  812] soldier      static_B_2020.02.27_18.39.27.csv@4130  reward=  238.29 qoe=  88.0 qoe_q=   70.8 eps=0.615 loss=0.8944
[ep  813] longdress    static_B_2020.02.27_18.39.27.csv@530   reward=  143.55 qoe=   0.0 qoe_q=    8.2 eps=0.614 loss=0.8869
[ep  814] loot         static_B_2019.12.16_13.40.04.csv@856   reward=  210.45 qoe= 100.0 qoe_q=   56.5 eps=0.614 loss=1.0160
[ep  815] redandblack  static_B_2020.02.27_18.39.27.csv@3470  reward=  183.54 qoe= 100.0 qoe_q=   49.5 eps=0.613 loss=0.8707
[ep  816] soldier      driving_B_2020.01.16_07.26.43.csv@1770  reward=   41.92 qoe=   0.0 qoe_q=  -95.3 eps=0.613 loss=0.8005
[ep  817] longdress    driving_B_2020.01.16_12.10.03.csv@122   reward=  179.16 qoe=  60.0 qoe_q=   45.2 eps=0.612 loss=0.8821
[ep  818] loot         static_B_2020.02.14_13.21.26.csv@698   reward=  223.28 qoe= 100.0 qoe_q=   66.2 eps=0.612 loss=0.8653
[ep  819] redandblack  static_B_2020.02.27_18.39.27.csv@3170  reward=  143.07 qoe=   0.0 qoe_q= -264.8 eps=0.611 loss=0.9206
[ep  820] soldier      driving_B_2020.02.13_15.02.01.csv@516   reward=  104.19 qoe=   4.7 qoe_q=   -2.5 eps=0.611 loss=0.8784
[ep  821] longdress    driving_B_2019.12.17_07.32.39.csv@1571  reward=   61.78 qoe=   0.0 qoe_q=  -86.7 eps=0.610 loss=0.8376
[ep  822] loot         driving_B_2020.02.13_13.03.24.csv@343   reward=   70.76 qoe=   0.0 qoe_q=  -41.4 eps=0.610 loss=0.8412
[ep  823] redandblack  static_B_2019.12.16_13.40.04.csv@1816  reward=  189.94 qoe=  87.6 qoe_q=   50.9 eps=0.609 loss=0.9064
[ep  824] soldier      driving_B_2019.12.16_12.27.05.csv@23    reward=   78.79 qoe=   0.0 qoe_q=  -28.0 eps=0.609 loss=0.8654
[ep  825] longdress    driving_B_2020.02.27_17.30.15.csv@720   reward=  -18.05 qoe=   0.0 qoe_q= -386.3 eps=0.608 loss=0.8480
[ep  826] loot         driving_B_2020.02.13_15.02.01.csv@36    reward=  213.06 qoe=  92.0 qoe_q=   59.8 eps=0.608 loss=0.8634
[ep  827] redandblack  driving_B_2020.02.14_09.38.22.csv@483   reward=  106.93 qoe=   0.0 qoe_q=  -11.5 eps=0.607 loss=0.8879
[ep  828] soldier      driving_B_2020.02.13_15.02.01.csv@1236  reward=  104.99 qoe=   8.5 qoe_q=   -2.2 eps=0.607 loss=0.9384
[ep  829] longdress    static_B_2020.02.27_18.39.27.csv@4310  reward=  162.93 qoe=  56.1 qoe_q=   37.0 eps=0.607 loss=0.8255
[ep  830] loot         static_B_2020.02.14_13.21.26.csv@338   reward=  210.95 qoe= 100.0 qoe_q=   59.6 eps=0.606 loss=0.9374
[ep  831] redandblack  driving_B_2019.12.16_12.27.05.csv@1152  reward=  149.78 qoe=  13.3 qoe_q=    6.4 eps=0.606 loss=0.9453
[ep  832] soldier      driving_B_2020.01.16_09.56.56.csv@517   reward=  160.11 qoe=  46.2 qoe_q=   29.8 eps=0.605 loss=0.8767
[ep  833] longdress    static_B_2019.12.16_13.40.04.csv@1456  reward=  197.82 qoe= 100.0 qoe_q=   54.1 eps=0.605 loss=0.8800
[ep  834] loot         driving_B_2020.01.16_12.10.03.csv@62    reward=  181.39 qoe= 100.0 qoe_q=   49.9 eps=0.604 loss=0.8428
[ep  835] redandblack  driving_B_2019.12.17_07.32.39.csv@1280  reward=  172.85 qoe=  73.2 qoe_q=   33.6 eps=0.604 loss=0.9163
[ep  836] soldier      driving_B_2020.02.13_15.02.01.csv@322   reward=  212.05 qoe=  98.0 qoe_q=   61.0 eps=0.603 loss=0.9583
[ep  837] longdress    static_B_2020.02.27_18.39.27.csv@3343  reward=  224.00 qoe=  88.8 qoe_q=   65.1 eps=0.603 loss=0.9212
[ep  838] loot         static_B_2019.12.16_13.40.04.csv@752   reward=  176.00 qoe=  12.0 qoe_q=   48.4 eps=0.602 loss=0.8784
[ep  839] redandblack  driving_B_2020.02.14_09.38.22.csv@111   reward=   63.18 qoe=   0.0 qoe_q= -108.4 eps=0.602 loss=0.8847
[ep  840] soldier      static_B_2020.02.14_13.21.26.csv@255   reward=  168.26 qoe=  36.9 qoe_q=   36.6 eps=0.601 loss=0.8445
[ep  841] longdress    driving_B_2020.02.13_13.03.24.csv@338   reward=   80.70 qoe=   0.0 qoe_q=  -60.2 eps=0.601 loss=0.7974
[ep  842] loot         driving_B_2020.02.27_17.30.15.csv@510   reward=   19.74 qoe=   0.0 qoe_q= -115.8 eps=0.600 loss=0.9688
[ep  843] redandblack  driving_B_2020.02.27_17.30.15.csv@270   reward=   -4.25 qoe=   0.0 qoe_q= -210.2 eps=0.600 loss=0.9245
[ep  844] soldier      driving_B_2020.01.16_09.56.56.csv@1136  reward=  136.63 qoe=  34.2 qoe_q=   25.0 eps=0.599 loss=0.8775
[ep  845] longdress    driving_B_2020.01.16_07.26.43.csv@106   reward=  102.80 qoe=   0.0 qoe_q=  -12.3 eps=0.599 loss=0.9027
[ep  846] loot         static_B_2020.02.27_18.39.27.csv@4843  reward=  191.99 qoe=  28.0 qoe_q=   56.5 eps=0.598 loss=0.9257
[ep  847] redandblack  driving_B_2020.02.14_12.58.17.csv@800   reward=   42.71 qoe=   0.0 qoe_q= -119.8 eps=0.598 loss=0.8594
[ep  848] soldier      driving_B_2020.01.16_09.56.56.csv@1570  reward=  132.23 qoe=   9.4 qoe_q=    9.0 eps=0.598 loss=0.8955
[ep  849] longdress    static_B_2019.12.16_13.40.04.csv@32    reward=  164.38 qoe=  41.6 qoe_q=   28.7 eps=0.597 loss=0.8805
[ep  850] loot         driving_B_2020.02.13_15.02.01.csv@262   reward=  169.33 qoe=   0.0 qoe_q=   49.4 eps=0.597 loss=0.9647
[ep  851] redandblack  static_B_2020.02.27_18.39.27.csv@2623  reward=  167.47 qoe=  98.0 qoe_q=   42.2 eps=0.596 loss=0.8157
[ep  852] soldier      driving_B_2019.12.17_07.32.39.csv@860   reward=   80.08 qoe=   0.0 qoe_q=   -8.5 eps=0.596 loss=0.9127
[ep  853] longdress    static_B_2019.12.16_13.40.04.csv@272   reward=  158.27 qoe=  52.1 qoe_q=   27.3 eps=0.595 loss=0.8330
[ep  854] loot         static_B_2020.02.27_18.39.27.csv@1723  reward=  212.49 qoe=  83.4 qoe_q=   59.0 eps=0.595 loss=0.8828
[ep  855] redandblack  static_B_2020.02.27_18.39.27.csv@5023  reward=  203.01 qoe=  78.1 qoe_q=   51.9 eps=0.594 loss=0.9559
[ep  856] soldier      driving_B_2019.12.17_07.32.39.csv@2240  reward=  182.12 qoe=  79.6 qoe_q=   46.5 eps=0.594 loss=0.8567
[ep  857] longdress    driving_B_2020.02.13_15.02.01.csv@82    reward=  158.30 qoe=  68.0 qoe_q=   38.6 eps=0.593 loss=0.9636
[ep  858] loot         static_B_2020.02.27_18.39.27.csv@2923  reward=  202.96 qoe=  80.0 qoe_q=   54.1 eps=0.593 loss=0.8363
[ep  859] redandblack  driving_B_2019.12.16_12.27.05.csv@378   reward=   16.66 qoe=   0.0 qoe_q= -262.6 eps=0.592 loss=0.9579
[ep  860] soldier      driving_B_2019.12.17_07.32.39.csv@1340  reward=  177.65 qoe=  78.0 qoe_q=   42.4 eps=0.592 loss=0.9254
[ep  861] longdress    static_B_2020.02.27_18.39.27.csv@2203  reward=  189.38 qoe=  64.0 qoe_q=   42.8 eps=0.591 loss=0.8933
[ep  862] loot         driving_B_2020.02.13_15.02.01.csv@142   reward=  162.46 qoe=  12.0 qoe_q=   44.6 eps=0.591 loss=0.9622
[ep  863] redandblack  driving_B_2020.02.13_13.03.24.csv@2018  reward=   29.37 qoe=   0.0 qoe_q=  -81.8 eps=0.590 loss=0.8636
[ep  864] soldier      driving_B_2020.01.16_07.26.43.csv@1770  reward=   27.91 qoe=   0.0 qoe_q= -172.8 eps=0.590 loss=0.8741
[ep  865] longdress    driving_B_2020.02.13_15.02.01.csv@1822  reward=  220.68 qoe= 100.0 qoe_q=   62.1 eps=0.589 loss=0.8438
[ep  866] loot         static_B_2020.02.27_18.39.27.csv@4783  reward=  220.79 qoe= 100.0 qoe_q=   63.7 eps=0.589 loss=0.8612
[ep  867] redandblack  static_B_2020.02.27_18.39.27.csv@3463  reward=  232.46 qoe= 100.0 qoe_q=   69.9 eps=0.589 loss=0.8948
[ep  868] soldier      driving_B_2020.01.16_07.26.43.csv@706   reward=  121.07 qoe=  35.2 qoe_q=    6.9 eps=0.588 loss=0.8849
[ep  869] longdress    driving_B_2019.12.17_07.32.39.csv@800   reward=   71.09 qoe=   0.0 qoe_q=  -33.7 eps=0.588 loss=0.9556
[ep  870] loot         driving_B_2020.01.16_07.26.43.csv@1606  reward=   62.12 qoe=   0.0 qoe_q=  -54.0 eps=0.587 loss=0.8130
[ep  871] redandblack  driving_B_2020.01.16_09.56.56.csv@1570  reward=  159.04 qoe=   0.4 qoe_q=   24.5 eps=0.587 loss=1.1225
[ep  872] soldier      driving_B_2020.02.13_13.03.24.csv@1418  reward=   89.67 qoe=   0.0 qoe_q=  -35.0 eps=0.586 loss=0.9356
[ep  873] longdress    driving_B_2020.02.13_13.03.24.csv@1298  reward=   43.31 qoe=   0.0 qoe_q= -105.2 eps=0.586 loss=0.9622
[ep  874] loot         static_B_2020.02.27_18.39.27.csv@5143  reward=  175.73 qoe=  32.0 qoe_q=   48.5 eps=0.585 loss=1.0069
[ep  875] redandblack  static_B_2020.02.27_18.39.27.csv@2983  reward=  213.68 qoe= 100.0 qoe_q=   63.6 eps=0.585 loss=0.9812
[ep  876] soldier      driving_B_2020.02.14_09.38.22.csv@1011  reward=   42.99 qoe=   0.0 qoe_q=  -58.5 eps=0.584 loss=1.0506
[ep  877] longdress    driving_B_2020.02.13_13.03.24.csv@1118  reward=   28.81 qoe=   0.0 qoe_q= -121.7 eps=0.584 loss=0.9165
[ep  878] loot         driving_B_2020.01.16_07.26.43.csv@1126  reward=  150.54 qoe=  74.9 qoe_q=   35.5 eps=0.583 loss=0.9439
[ep  879] redandblack  driving_B_2020.02.13_13.03.24.csv@98    reward=  110.17 qoe=   0.0 qoe_q=  -17.7 eps=0.583 loss=1.0218
[ep  880] soldier      driving_B_2020.02.14_09.38.22.csv@411   reward=    1.63 qoe=   0.0 qoe_q=  -54.6 eps=0.582 loss=0.9447
[ep  881] longdress    driving_B_2020.02.13_15.02.01.csv@862   reward=  148.11 qoe=  31.7 qoe_q=   17.3 eps=0.582 loss=1.0980
[ep  882] loot         static_B_2020.02.14_13.21.26.csv@850   reward=  179.80 qoe=  80.6 qoe_q=   49.6 eps=0.581 loss=0.9840
[ep  883] redandblack  static_B_2020.02.14_13.21.26.csv@375   reward=  176.98 qoe=  76.1 qoe_q=   41.8 eps=0.581 loss=0.9798
[ep  884] soldier      driving_B_2020.01.16_09.56.56.csv@1076  reward=   94.48 qoe=   0.0 qoe_q=  -51.4 eps=0.580 loss=1.0436
[ep  885] longdress    driving_B_2020.02.14_09.38.22.csv@291   reward=   28.83 qoe=   0.0 qoe_q= -188.9 eps=0.580 loss=0.9363
[ep  886] loot         static_B_2020.02.27_18.39.27.csv@3643  reward=  178.91 qoe=  22.0 qoe_q=   51.5 eps=0.579 loss=0.9211
[ep  887] redandblack  driving_B_2019.12.16_12.27.05.csv@198   reward=   91.39 qoe=   0.0 qoe_q=  -11.5 eps=0.579 loss=1.0491
[ep  888] soldier      driving_B_2020.02.13_15.02.01.csv@502   reward=   80.85 qoe=   0.0 qoe_q=  -26.8 eps=0.579 loss=0.9288
[ep  889] longdress    driving_B_2020.02.13_15.02.01.csv@1762  reward=  177.09 qoe=  67.4 qoe_q=   45.2 eps=0.578 loss=1.0134
[ep  890] loot         driving_B_2020.01.16_09.56.56.csv@1016  reward=  195.21 qoe= 100.0 qoe_q=   53.4 eps=0.578 loss=0.9090
[ep  891] redandblack  static_B_2020.02.27_18.39.27.csv@4423  reward=  247.75 qoe= 100.0 qoe_q=   77.2 eps=0.577 loss=0.9690
[ep  892] soldier      static_B_2020.02.14_13.21.26.csv@435   reward=  235.14 qoe= 100.0 qoe_q=   71.9 eps=0.577 loss=0.9184
[ep  893] longdress    driving_B_2020.01.16_07.26.43.csv@466   reward=   58.82 qoe=   0.0 qoe_q=  -75.2 eps=0.576 loss=0.9250
[ep  894] loot         static_B_2020.02.27_18.39.27.csv@1303  reward=  198.87 qoe= 100.0 qoe_q=   54.1 eps=0.576 loss=0.9998
[ep  895] redandblack  static_B_2020.02.27_18.39.27.csv@1903  reward=  231.51 qoe= 100.0 qoe_q=   68.1 eps=0.575 loss=0.8322
[ep  896] soldier      driving_B_2019.12.16_12.27.05.csv@138   reward=  106.48 qoe=   0.0 qoe_q=   -7.3 eps=0.575 loss=0.9571
[ep  897] longdress    static_B_2020.02.27_18.39.27.csv@5563  reward=  205.52 qoe= 100.0 qoe_q=   57.4 eps=0.574 loss=1.0594
[ep  898] loot         driving_B_2020.01.16_09.56.56.csv@356   reward=   66.38 qoe=   0.0 qoe_q=  -33.9 eps=0.574 loss=1.0127
[ep  899] redandblack  static_B_2020.02.27_18.39.27.csv@3583  reward=  165.78 qoe=  81.3 qoe_q=   47.0 eps=0.573 loss=0.9852
[ep  900] soldier      driving_B_2020.02.14_09.38.22.csv@351   reward=   34.06 qoe=   0.0 qoe_q= -164.0 eps=0.573 loss=0.8960
[ep  901] longdress    static_B_2020.02.27_18.39.27.csv@4063  reward=  211.94 qoe= 100.0 qoe_q=   58.7 eps=0.572 loss=0.9379
[ep  902] loot         static_B_2019.12.16_13.40.04.csv@452   reward=  200.81 qoe=  74.6 qoe_q=   48.1 eps=0.572 loss=0.9662
[ep  903] redandblack  static_B_2020.02.14_13.21.26.csv@315   reward=  218.25 qoe=  72.5 qoe_q=   63.4 eps=0.571 loss=0.9425
[ep  904] soldier      driving_B_2020.01.16_09.56.56.csv@1196  reward=  175.88 qoe=  66.7 qoe_q=   32.4 eps=0.571 loss=0.8866
[ep  905] longdress    driving_B_2020.02.27_17.30.15.csv@690   reward=   17.18 qoe=   0.0 qoe_q= -157.6 eps=0.570 loss=0.9730
[ep  906] loot         driving_B_2020.01.16_07.26.43.csv@346   reward=   44.79 qoe=   0.0 qoe_q=  -74.1 eps=0.570 loss=1.0259
[ep  907] redandblack  static_B_2020.02.27_18.39.27.csv@703   reward=  193.14 qoe=  59.4 qoe_q=   49.0 eps=0.570 loss=0.8908
[ep  908] soldier      driving_B_2020.02.13_15.02.01.csv@2362  reward=  -50.71 qoe=   0.0 qoe_q= -331.4 eps=0.569 loss=0.9904
[ep  909] longdress    static_B_2020.02.27_18.39.27.csv@5742  reward=  210.50 qoe= 100.0 qoe_q=   58.1 eps=0.569 loss=0.9708
[ep  910] loot         driving_B_2020.02.14_09.38.22.csv@1478  reward=  109.31 qoe=   0.0 qoe_q=    3.4 eps=0.568 loss=0.9199
[ep  911] redandblack  static_B_2020.02.14_13.21.26.csv@495   reward=  205.58 qoe=  48.0 qoe_q=   61.4 eps=0.568 loss=1.0210
[ep  912] soldier      driving_B_2019.12.17_07.32.39.csv@380   reward=  184.07 qoe=  68.1 qoe_q=   42.2 eps=0.567 loss=0.9800
[ep  913] longdress    driving_B_2019.12.16_12.27.05.csv@1152  reward=  124.38 qoe=  25.5 qoe_q=    3.4 eps=0.567 loss=0.9368
[ep  914] loot         static_B_2020.02.27_18.39.27.csv@1423  reward=  200.56 qoe= 100.0 qoe_q=   57.4 eps=0.566 loss=0.9006
[ep  915] redandblack  driving_B_2020.02.13_13.03.24.csv@1478  reward=  166.83 qoe=  24.6 qoe_q=   10.1 eps=0.566 loss=1.0073
[ep  916] soldier      driving_B_2020.02.14_12.58.17.csv@800   reward=    1.87 qoe=   0.0 qoe_q= -164.1 eps=0.565 loss=0.8834
[ep  917] longdress    driving_B_2020.01.16_12.10.03.csv@239   reward=  223.51 qoe= 100.0 qoe_q=   62.8 eps=0.565 loss=1.0141
[ep  918] loot         driving_B_2020.02.13_15.02.01.csv@2542  reward=  116.22 qoe=  41.1 qoe_q=   12.9 eps=0.564 loss=0.9770
[ep  919] redandblack  static_B_2019.12.16_13.40.04.csv@1592  reward=  206.21 qoe= 100.0 qoe_q=   58.4 eps=0.564 loss=1.0717
[ep  920] soldier      static_B_2019.12.16_13.40.04.csv@152   reward=  183.62 qoe=  81.8 qoe_q=   48.0 eps=0.563 loss=1.0040
[ep  921] longdress    driving_B_2020.01.16_09.56.56.csv@776   reward=  172.55 qoe=  50.0 qoe_q=   34.2 eps=0.563 loss=0.8949
[ep  922] loot         driving_B_2020.02.14_09.38.22.csv@1311  reward=  189.43 qoe=  50.0 qoe_q=   51.3 eps=0.562 loss=0.9306
[ep  923] redandblack  driving_B_2020.01.16_07.26.43.csv@946   reward=   41.33 qoe=   0.0 qoe_q=  -86.0 eps=0.562 loss=0.9852
[ep  924] soldier      driving_B_2020.02.13_13.03.24.csv@1958  reward=    0.07 qoe=   0.0 qoe_q= -232.3 eps=0.561 loss=0.9895
[ep  925] longdress    static_B_2020.02.27_18.39.27.csv@4483  reward=  170.96 qoe=  21.0 qoe_q=   32.0 eps=0.561 loss=0.9927
[ep  926] loot         driving_B_2020.02.14_12.58.17.csv@140   reward=  169.32 qoe=  69.1 qoe_q=   45.2 eps=0.561 loss=0.9389
[ep  927] redandblack  driving_B_2020.02.13_13.03.24.csv@1358  reward=  120.07 qoe=   0.0 qoe_q=   -3.5 eps=0.560 loss=1.0457
[ep  928] soldier      driving_B_2019.12.17_07.32.39.csv@1940  reward=  209.49 qoe=  80.0 qoe_q=   61.3 eps=0.560 loss=0.9968
[ep  929] longdress    driving_B_2020.02.14_12.58.17.csv@500   reward=   54.87 qoe=   0.0 qoe_q= -200.6 eps=0.559 loss=0.9641
[ep  930] loot         static_B_2019.12.16_13.40.04.csv@1172  reward=   95.86 qoe=  48.3 qoe_q=  -22.7 eps=0.559 loss=0.9164
[ep  931] redandblack  driving_B_2020.02.27_17.30.15.csv@390   reward=   25.86 qoe=   0.0 qoe_q= -149.4 eps=0.558 loss=0.9464
[ep  932] soldier      driving_B_2019.12.17_07.32.39.csv@320   reward=  110.06 qoe=   0.0 qoe_q=   -2.3 eps=0.558 loss=0.9327
[ep  933] longdress    driving_B_2020.02.13_13.03.24.csv@1778  reward=   90.57 qoe=   0.0 qoe_q= -121.9 eps=0.557 loss=0.9254
[ep  934] loot         driving_B_2020.01.16_12.10.03.csv@244   reward=  211.03 qoe=  80.0 qoe_q=   59.8 eps=0.557 loss=0.9949
[ep  935] redandblack  static_B_2020.02.27_18.39.27.csv@4003  reward=  186.93 qoe=  38.0 qoe_q=   54.6 eps=0.556 loss=0.9000
[ep  936] soldier      driving_B_2020.02.13_13.03.24.csv@818   reward=   50.54 qoe=   0.0 qoe_q=  -69.8 eps=0.556 loss=1.0142
[ep  937] longdress    driving_B_2020.02.13_15.02.01.csv@442   reward=   99.64 qoe=   0.0 qoe_q=  -46.0 eps=0.555 loss=1.0078
[ep  938] loot         static_B_2020.02.27_18.39.27.csv@3283  reward=  190.49 qoe=  47.0 qoe_q=   52.5 eps=0.555 loss=0.9304
[ep  939] redandblack  static_B_2020.02.27_18.39.27.csv@3223  reward=  161.08 qoe=  22.0 qoe_q=   32.0 eps=0.554 loss=1.0103
[ep  940] soldier      driving_B_2020.01.16_12.10.03.csv@179   reward=  255.01 qoe= 100.0 qoe_q=   78.4 eps=0.554 loss=0.9660
[ep  941] longdress    driving_B_2020.02.14_12.58.17.csv@560   reward=   29.85 qoe=   0.0 qoe_q=  -73.2 eps=0.553 loss=1.0408
[ep  942] loot         driving_B_2020.02.13_15.02.01.csv@1042  reward=  211.59 qoe=  64.0 qoe_q=   63.6 eps=0.553 loss=1.0009
[ep  943] redandblack  driving_B_2020.02.13_15.02.01.csv@2302  reward=   85.48 qoe=  10.4 qoe_q=   -7.6 eps=0.552 loss=1.0038
[ep  944] soldier      driving_B_2020.01.16_07.26.43.csv@886   reward=   37.30 qoe=   0.0 qoe_q= -100.9 eps=0.552 loss=0.9322
[ep  945] longdress    driving_B_2020.02.13_15.02.01.csv@2722  reward=   28.88 qoe=   0.0 qoe_q= -156.2 eps=0.551 loss=0.9590
[ep  946] loot         static_B_2020.02.27_18.39.27.csv@163   reward=  186.28 qoe=  30.0 qoe_q=   52.8 eps=0.551 loss=0.9209
[ep  947] redandblack  driving_B_2019.12.16_12.27.05.csv@318   reward=   65.14 qoe=   0.0 qoe_q=  -50.1 eps=0.551 loss=0.9537
[ep  948] soldier      driving_B_2020.02.14_12.58.17.csv@20    reward=  109.48 qoe=   0.0 qoe_q=   -3.7 eps=0.550 loss=0.9881
[ep  949] longdress    driving_B_2020.01.16_07.26.43.csv@1006  reward=   71.33 qoe=   0.0 qoe_q=  -29.6 eps=0.550 loss=0.9531
[ep  950] loot         static_B_2020.02.27_18.39.27.csv@763   reward=  191.45 qoe=  48.0 qoe_q=   53.6 eps=0.549 loss=1.1874
[ep  951] redandblack  static_B_2020.02.27_18.39.27.csv@343   reward=  229.66 qoe= 100.0 qoe_q=   66.9 eps=0.549 loss=0.9370
[ep  952] soldier      static_B_2020.02.27_18.39.27.csv@1963  reward=  168.17 qoe=  68.3 qoe_q=   43.3 eps=0.548 loss=1.1401
[ep  953] longdress    static_B_2020.02.14_13.21.26.csv@675   reward=  199.55 qoe=  68.0 qoe_q=   55.3 eps=0.548 loss=1.0285
[ep  954] loot         driving_B_2019.12.17_07.32.39.csv@80    reward=  137.54 qoe=  25.4 qoe_q=   20.9 eps=0.547 loss=0.9882
[ep  955] redandblack  driving_B_2020.02.14_09.38.22.csv@231   reward=    9.77 qoe=   0.0 qoe_q= -127.0 eps=0.547 loss=1.0280
[ep  956] soldier      driving_B_2020.01.16_12.10.03.csv@59    reward=  211.30 qoe=  81.9 qoe_q=   59.1 eps=0.546 loss=0.9863
[ep  957] longdress    static_B_2020.02.27_18.39.27.csv@2263  reward=  196.37 qoe=  78.4 qoe_q=   50.0 eps=0.546 loss=1.0320
[ep  958] loot         driving_B_2019.12.17_07.32.39.csv@1700  reward=   90.31 qoe=   0.0 qoe_q=  -53.4 eps=0.545 loss=1.0236
[ep  959] redandblack  static_B_2019.12.16_13.40.04.csv@992   reward=  206.83 qoe=  84.6 qoe_q=   59.6 eps=0.545 loss=1.0559
[ep  960] soldier      driving_B_2020.02.13_15.02.01.csv@2182  reward=  142.88 qoe=  25.9 qoe_q=   28.9 eps=0.544 loss=1.0725
[ep  961] longdress    driving_B_2020.02.13_13.03.24.csv@2138  reward=  -10.10 qoe=   0.0 qoe_q= -426.4 eps=0.544 loss=0.8895
[ep  962] loot         driving_B_2020.01.16_09.56.56.csv@536   reward=  184.61 qoe= 100.0 qoe_q=   49.1 eps=0.543 loss=1.1466
[ep  963] redandblack  static_B_2020.02.27_18.39.27.csv@3883  reward=  174.64 qoe=  62.3 qoe_q=   38.1 eps=0.543 loss=1.0536
[ep  964] soldier      static_B_2020.02.27_18.39.27.csv@2083  reward=  242.83 qoe= 100.0 qoe_q=   72.7 eps=0.542 loss=1.0349
[ep  965] longdress    driving_B_2020.02.13_15.02.01.csv@802   reward=  212.32 qoe=  66.0 qoe_q=   59.5 eps=0.542 loss=1.0473
[ep  966] loot         static_B_2019.12.16_13.40.04.csv@92    reward=  213.32 qoe=  48.0 qoe_q=   62.8 eps=0.542 loss=1.0696
[ep  967] redandblack  driving_B_2020.02.13_15.02.01.csv@1582  reward=  -33.57 qoe=   0.0 qoe_q= -355.7 eps=0.541 loss=1.0842
[ep  968] soldier      driving_B_2020.01.16_07.26.43.csv@226   reward=   90.06 qoe=   0.0 qoe_q=  -14.6 eps=0.541 loss=1.1113
[ep  969] longdress    driving_B_2020.02.13_15.02.01.csv@1402  reward=   61.07 qoe=   0.0 qoe_q=  -28.9 eps=0.540 loss=0.9858
[ep  970] loot         driving_B_2020.02.27_17.30.15.csv@450   reward=  -11.25 qoe=   0.0 qoe_q= -347.6 eps=0.540 loss=1.0429
[ep  971] redandblack  static_B_2020.02.27_18.39.27.csv@1543  reward=  228.53 qoe= 100.0 qoe_q=   68.6 eps=0.539 loss=1.0274
[ep  972] soldier      driving_B_2020.01.16_07.26.43.csv@1306  reward=  134.03 qoe=  32.2 qoe_q=   24.2 eps=0.539 loss=1.1130
[ep  973] longdress    driving_B_2020.02.13_13.03.24.csv@638   reward=   74.37 qoe=   0.0 qoe_q=  -55.9 eps=0.538 loss=0.9750
[ep  974] loot         driving_B_2020.02.13_13.03.24.csv@1538  reward=   81.12 qoe=   0.0 qoe_q=  -10.1 eps=0.538 loss=0.9881
[ep  975] redandblack  driving_B_2020.02.14_09.38.22.csv@51    reward=   83.53 qoe=   0.0 qoe_q=  -11.6 eps=0.537 loss=1.1615
[ep  976] soldier      static_B_2020.02.27_18.39.27.csv@463   reward=  186.76 qoe=  50.4 qoe_q=   42.2 eps=0.537 loss=1.0704
[ep  977] longdress    driving_B_2020.01.16_07.26.43.csv@1770  reward=   28.50 qoe=   0.0 qoe_q= -195.0 eps=0.536 loss=1.0185
[ep  978] loot         driving_B_2020.01.16_09.56.56.csv@1436  reward=  223.63 qoe= 100.0 qoe_q=   65.1 eps=0.536 loss=1.1078
[ep  979] redandblack  driving_B_2020.02.13_15.02.01.csv@202   reward=  148.33 qoe=  64.1 qoe_q=   32.0 eps=0.535 loss=1.0278
[ep  980] soldier      static_B_2019.12.16_13.40.04.csv@1352  reward=  185.05 qoe=  29.4 qoe_q=   40.2 eps=0.535 loss=0.9750
[ep  981] longdress    driving_B_2019.12.17_07.32.39.csv@1040  reward=  104.17 qoe=   0.0 qoe_q=  -13.8 eps=0.534 loss=1.1190
[ep  982] loot         driving_B_2020.01.16_07.26.43.csv@1770  reward=   77.27 qoe=   0.0 qoe_q=  -36.8 eps=0.534 loss=1.1176
[ep  983] redandblack  static_B_2019.12.16_13.40.04.csv@512   reward=  179.83 qoe= 100.0 qoe_q=   29.4 eps=0.533 loss=1.0660
[ep  984] soldier      static_B_2019.12.16_13.40.04.csv@1472  reward=  209.04 qoe=  78.0 qoe_q=   58.9 eps=0.533 loss=1.0599
[ep  985] longdress    driving_B_2020.02.14_09.38.22.csv@531   reward=  159.89 qoe=  35.4 qoe_q=   30.2 eps=0.533 loss=0.9334
[ep  986] loot         driving_B_2020.02.13_13.03.24.csv@998   reward=  104.14 qoe=   0.0 qoe_q=  -21.7 eps=0.532 loss=1.0712
[ep  987] redandblack  driving_B_2020.01.16_09.56.56.csv@656   reward=  130.63 qoe=  28.5 qoe_q=   21.8 eps=0.532 loss=0.9971
[ep  988] soldier      driving_B_2020.01.16_09.56.56.csv@716   reward=  213.78 qoe= 100.0 qoe_q=   59.2 eps=0.531 loss=1.0141
[ep  989] longdress    static_B_2019.12.16_13.40.04.csv@1052  reward=  108.07 qoe=  55.8 qoe_q=   16.6 eps=0.531 loss=0.9950
[ep  990] loot         static_B_2020.02.27_18.39.27.csv@3103  reward=  133.16 qoe=  15.4 qoe_q=   24.3 eps=0.530 loss=1.1275
[ep  991] redandblack  driving_B_2020.02.13_15.02.01.csv@2062  reward=   61.32 qoe=   0.0 qoe_q= -103.6 eps=0.530 loss=1.0838
[ep  992] soldier      driving_B_2020.01.16_09.56.56.csv@296   reward=  173.96 qoe=  61.0 qoe_q=   40.1 eps=0.529 loss=1.0392
[ep  993] longdress    driving_B_2020.02.13_15.02.01.csv@682   reward=  164.65 qoe=  40.5 qoe_q=   29.1 eps=0.529 loss=1.0245
[ep  994] loot         driving_B_2020.01.16_07.26.43.csv@1426  reward=   77.36 qoe=   0.0 qoe_q=  -38.0 eps=0.528 loss=1.0563
[ep  995] redandblack  static_B_2020.02.14_13.21.26.csv@795   reward=  226.62 qoe= 100.0 qoe_q=   66.0 eps=0.528 loss=1.0505
[ep  996] soldier      driving_B_2020.02.14_09.38.22.csv@711   reward=  195.24 qoe=  69.5 qoe_q=   48.0 eps=0.527 loss=0.9786
[ep  997] longdress    driving_B_2020.02.13_13.03.24.csv@2188  reward=  -17.70 qoe=   0.0 qoe_q= -386.6 eps=0.527 loss=1.1028
[ep  998] loot         driving_B_2019.12.17_07.32.39.csv@1580  reward=   89.69 qoe=   0.0 qoe_q=   -2.5 eps=0.526 loss=0.9664
[ep  999] redandblack  driving_B_2019.12.16_12.27.05.csv@1098  reward=  117.33 qoe=   0.0 qoe_q=  -29.8 eps=0.526 loss=1.1365
[ep 1000] soldier      driving_B_2019.12.17_07.32.39.csv@1460  reward=   64.59 qoe=   0.0 qoe_q=  -53.5 eps=0.525 loss=1.1508
    [eval @ ep 1000] reward=56.44 qoe=52.3 qoe_q=-1149.6 mean_q=0.717 stall=263.6s  <-- best (saved)
[ep 1001] longdress    static_B_2020.02.27_18.39.27.csv@2563  reward=  217.82 qoe= 100.0 qoe_q=   62.7 eps=0.525 loss=1.1291
[ep 1002] loot         driving_B_2020.02.13_15.02.01.csv@622   reward=   89.27 qoe=   0.0 qoe_q=  -40.5 eps=0.524 loss=1.0479
[ep 1003] redandblack  driving_B_2019.12.17_07.32.39.csv@2288  reward=  174.91 qoe=  54.1 qoe_q=   37.3 eps=0.524 loss=1.0438
[ep 1004] soldier      driving_B_2020.02.13_13.03.24.csv@758   reward=   34.36 qoe=   0.0 qoe_q=  -73.4 eps=0.523 loss=1.0511
[ep 1005] longdress    static_B_2020.02.27_18.39.27.csv@3163  reward=   38.03 qoe=   0.0 qoe_q= -276.4 eps=0.523 loss=1.1805
[ep 1006] loot         static_B_2020.02.14_13.21.26.csv@735   reward=  240.53 qoe= 100.0 qoe_q=   74.5 eps=0.523 loss=1.0295
[ep 1007] redandblack  static_B_2020.02.27_18.39.27.csv@3403  reward=  179.73 qoe=  82.5 qoe_q=   45.0 eps=0.522 loss=1.0001
[ep 1008] soldier      driving_B_2020.02.13_15.02.01.csv@22    reward=  215.88 qoe= 100.0 qoe_q=   57.7 eps=0.522 loss=1.0957
[ep 1009] longdress    driving_B_2020.01.16_07.26.43.csv@46    reward=  128.77 qoe=  14.4 qoe_q=    7.1 eps=0.521 loss=1.0737
[ep 1010] loot         static_B_2020.02.27_18.39.27.csv@1663  reward=  185.04 qoe=  79.3 qoe_q=   45.3 eps=0.521 loss=1.0956
[ep 1011] redandblack  driving_B_2019.12.17_07.32.39.csv@2060  reward=  166.98 qoe=  55.8 qoe_q=   36.2 eps=0.520 loss=1.0478
[ep 1012] soldier      driving_B_2020.02.27_17.30.15.csv@150   reward=  -28.81 qoe=   0.0 qoe_q= -720.1 eps=0.520 loss=1.0433
[ep 1013] longdress    driving_B_2019.12.17_07.32.39.csv@2120  reward=  211.28 qoe=  81.7 qoe_q=   54.9 eps=0.519 loss=1.0025
[ep 1014] loot         static_B_2019.12.16_13.40.04.csv@872   reward=  199.59 qoe= 100.0 qoe_q=   54.9 eps=0.519 loss=1.0525
[ep 1015] redandblack  static_B_2020.02.27_18.39.27.csv@2683  reward=  166.77 qoe=  50.2 qoe_q=   37.3 eps=0.518 loss=1.0996
[ep 1016] soldier      static_B_2020.02.27_18.39.27.csv@403   reward=  192.46 qoe=  82.8 qoe_q=   50.9 eps=0.518 loss=1.0400
[ep 1017] longdress    static_B_2020.02.27_18.39.27.csv@2143  reward=  203.25 qoe=  80.9 qoe_q=   49.2 eps=0.517 loss=0.9982
[ep 1018] loot         driving_B_2020.01.16_07.26.43.csv@1066  reward=  180.85 qoe=  70.4 qoe_q=   45.0 eps=0.517 loss=1.0380
[ep 1019] redandblack  driving_B_2020.01.16_07.26.43.csv@406   reward=   71.56 qoe=   0.0 qoe_q=  -74.1 eps=0.516 loss=1.0955
[ep 1020] soldier      driving_B_2020.02.13_13.03.24.csv@698   reward=   49.34 qoe=   0.0 qoe_q=  -36.1 eps=0.516 loss=1.0080
[ep 1021] longdress    static_B_2019.12.16_13.40.04.csv@1772  reward=  156.44 qoe=  45.0 qoe_q=   25.7 eps=0.515 loss=1.1014
[ep 1022] loot         driving_B_2020.02.13_13.03.24.csv@38    reward=   91.46 qoe=   0.0 qoe_q=  -23.2 eps=0.515 loss=1.1111
[ep 1023] redandblack  driving_B_2020.02.13_13.03.24.csv@1178  reward=  128.61 qoe=  11.3 qoe_q=   12.8 eps=0.514 loss=1.1355
[ep 1024] soldier      driving_B_2020.02.14_12.58.17.csv@320   reward=  -22.28 qoe=   0.0 qoe_q= -369.5 eps=0.514 loss=1.0198
[ep 1025] longdress    static_B_2020.02.27_18.39.27.csv@1183  reward=  127.14 qoe=   0.0 qoe_q= -175.3 eps=0.514 loss=0.9412
[ep 1026] loot         driving_B_2020.02.14_09.38.22.csv@651   reward=  186.77 qoe=  42.0 qoe_q=   52.1 eps=0.513 loss=1.0866
[ep 1027] redandblack  driving_B_2020.01.16_07.26.43.csv@1546  reward=   89.95 qoe=   0.0 qoe_q=  -36.9 eps=0.513 loss=1.0584
[ep 1028] soldier      driving_B_2020.01.16_09.56.56.csv@1496  reward=  159.70 qoe=  79.6 qoe_q=   38.0 eps=0.512 loss=1.1066
[ep 1029] longdress    driving_B_2020.01.16_07.26.43.csv@286   reward=  116.96 qoe=  33.6 qoe_q=    7.7 eps=0.512 loss=1.3388
[ep 1030] loot         driving_B_2019.12.16_12.27.05.csv@1152  reward=  145.97 qoe=  15.7 qoe_q=   13.8 eps=0.511 loss=1.0755
[ep 1031] redandblack  driving_B_2020.02.14_09.38.22.csv@171   reward=   49.86 qoe=   0.0 qoe_q= -200.5 eps=0.511 loss=1.1850
[ep 1032] soldier      static_B_2020.02.27_18.39.27.csv@1483  reward=  153.48 qoe=  41.3 qoe_q=   27.2 eps=0.510 loss=1.0452
[ep 1033] longdress    static_B_2020.02.27_18.39.27.csv@4963  reward=  190.45 qoe=  75.3 qoe_q=   44.3 eps=0.510 loss=1.1058
[ep 1034] loot         driving_B_2019.12.16_12.27.05.csv@1038  reward=  156.86 qoe=  53.9 qoe_q=   29.2 eps=0.509 loss=1.1898
[ep 1035] redandblack  driving_B_2020.02.13_13.03.24.csv@398   reward=   93.30 qoe=   0.0 qoe_q=  -19.2 eps=0.509 loss=1.1271
[ep 1036] soldier      driving_B_2020.02.13_13.03.24.csv@1718  reward=  174.97 qoe=  37.4 qoe_q=   33.2 eps=0.508 loss=1.1160
[ep 1037] longdress    static_B_2020.02.27_18.39.27.csv@1243  reward=  232.89 qoe= 100.0 qoe_q=   68.8 eps=0.508 loss=1.0887
[ep 1038] loot         static_B_2019.12.16_13.40.04.csv@1904  reward=  119.39 qoe=   0.0 qoe_q=    7.2 eps=0.507 loss=1.2268
[ep 1039] redandblack  driving_B_2019.12.17_07.32.39.csv@2288  reward=  198.23 qoe=  64.0 qoe_q=   54.4 eps=0.507 loss=1.1703
[ep 1040] soldier      driving_B_2020.01.16_09.56.56.csv@116   reward=   36.69 qoe=   0.0 qoe_q= -126.5 eps=0.506 loss=1.0864
[ep 1041] longdress    driving_B_2020.02.14_12.58.17.csv@380   reward=   -1.85 qoe=   0.0 qoe_q= -284.0 eps=0.506 loss=1.1465
[ep 1042] loot         driving_B_2020.01.16_09.56.56.csv@956   reward=  173.71 qoe=  36.7 qoe_q=   24.7 eps=0.505 loss=1.0774
[ep 1043] redandblack  driving_B_2020.02.14_09.38.22.csv@1478  reward=  105.41 qoe=   0.0 qoe_q=   -4.7 eps=0.505 loss=1.2340
[ep 1044] soldier      driving_B_2019.12.16_12.27.05.csv@438   reward=   31.70 qoe=   0.0 qoe_q=  -90.4 eps=0.505 loss=1.1359
[ep 1045] longdress    static_B_2020.02.27_18.39.27.csv@3523  reward=  189.77 qoe=  75.6 qoe_q=   47.3 eps=0.504 loss=1.1854
[ep 1046] loot         driving_B_2020.02.14_12.58.17.csv@740   reward=    6.34 qoe=   0.0 qoe_q= -177.2 eps=0.504 loss=1.1004
[ep 1047] redandblack  static_B_2020.02.27_18.39.27.csv@2803  reward=  195.10 qoe=  54.0 qoe_q=   53.7 eps=0.503 loss=1.0619
[ep 1048] soldier      static_B_2020.02.27_18.39.27.csv@1783  reward=   17.89 qoe=   0.0 qoe_q= -388.9 eps=0.503 loss=1.0534
[ep 1049] longdress    static_B_2020.02.27_18.39.27.csv@4723  reward=  184.96 qoe=  65.1 qoe_q=   41.4 eps=0.502 loss=1.1508
[ep 1050] loot         driving_B_2020.02.13_15.02.01.csv@1942  reward=  197.40 qoe=  60.6 qoe_q=   45.3 eps=0.502 loss=1.2447
[ep 1051] redandblack  static_B_2020.02.27_18.39.27.csv@2323  reward=  211.33 qoe=  60.7 qoe_q=   47.8 eps=0.501 loss=1.1611
[ep 1052] soldier      driving_B_2019.12.16_12.27.05.csv@18    reward=   96.66 qoe=   0.0 qoe_q=   -9.1 eps=0.501 loss=1.1443
[ep 1053] longdress    driving_B_2020.01.16_09.56.56.csv@416   reward=   59.87 qoe=   0.0 qoe_q=  -67.8 eps=0.500 loss=1.1273
[ep 1054] loot         driving_B_2020.01.16_12.10.03.csv@244   reward=  238.74 qoe=  92.0 qoe_q=   72.9 eps=0.500 loss=1.1520
[ep 1055] redandblack  static_B_2020.02.27_18.39.27.csv@3763  reward=  212.86 qoe= 100.0 qoe_q=   62.7 eps=0.499 loss=1.1469
[ep 1056] soldier      static_B_2020.02.27_18.39.27.csv@1363  reward=  223.23 qoe= 100.0 qoe_q=   62.9 eps=0.499 loss=1.0589
[ep 1057] longdress    static_B_2019.12.16_13.40.04.csv@692   reward=  231.42 qoe=  74.0 qoe_q=   68.2 eps=0.498 loss=1.0553
[ep 1058] loot         driving_B_2020.02.14_09.38.22.csv@591   reward=  177.91 qoe=  62.9 qoe_q=   43.6 eps=0.498 loss=1.0812
[ep 1059] redandblack  driving_B_2020.02.27_17.30.15.csv@720   reward=   21.75 qoe=   0.0 qoe_q= -122.8 eps=0.497 loss=1.2638
[ep 1060] soldier      driving_B_2019.12.17_07.32.39.csv@2000  reward=  190.81 qoe=  56.0 qoe_q=   53.6 eps=0.497 loss=1.1764
[ep 1061] longdress    static_B_2020.02.27_18.39.27.csv@2743  reward=  206.00 qoe=  84.0 qoe_q=   58.6 eps=0.496 loss=1.1785
[ep 1062] loot         static_B_2020.02.27_18.39.27.csv@583   reward=  159.76 qoe=  44.0 qoe_q=   15.7 eps=0.496 loss=1.1693
[ep 1063] redandblack  static_B_2020.02.14_13.21.26.csv@615   reward=  228.98 qoe=  50.0 qoe_q=   69.2 eps=0.495 loss=1.1126
[ep 1064] soldier      driving_B_2020.01.16_07.26.43.csv@826   reward=  161.93 qoe=  55.9 qoe_q=   30.8 eps=0.495 loss=1.0547
[ep 1065] longdress    static_B_2019.12.16_13.40.04.csv@812   reward=  232.69 qoe=  85.0 qoe_q=   67.8 eps=0.495 loss=1.1815
[ep 1066] loot         driving_B_2020.02.13_15.02.01.csv@2122  reward=  175.54 qoe=  81.5 qoe_q=   42.5 eps=0.494 loss=1.1883
[ep 1067] redandblack  static_B_2019.12.16_13.40.04.csv@632   reward=  148.58 qoe=  54.6 qoe_q=   35.2 eps=0.494 loss=1.1407
[ep 1068] soldier      static_B_2020.02.27_18.39.27.csv@823   reward=  224.92 qoe=  79.3 qoe_q=   57.4 eps=0.493 loss=1.0836
[ep 1069] longdress    static_B_2020.02.27_18.39.27.csv@1123  reward=  121.21 qoe=   0.0 qoe_q=  -54.2 eps=0.493 loss=1.0832
[ep 1070] loot         driving_B_2020.02.13_15.02.01.csv@1642  reward=   23.01 qoe=   0.0 qoe_q= -128.4 eps=0.492 loss=1.2572
[ep 1071] redandblack  driving_B_2020.02.13_15.02.01.csv@1522  reward=   68.06 qoe=   0.0 qoe_q=  -53.2 eps=0.492 loss=1.1229
[ep 1072] soldier      static_B_2020.02.27_18.39.27.csv@4243  reward=  173.79 qoe=  62.6 qoe_q=   40.7 eps=0.491 loss=1.1778
[ep 1073] longdress    static_B_2020.02.27_18.39.27.csv@3043  reward=  189.26 qoe=  69.9 qoe_q=   45.4 eps=0.491 loss=1.1269
[ep 1074] loot         driving_B_2019.12.16_12.27.05.csv@798   reward=  149.51 qoe=  24.7 qoe_q=   24.5 eps=0.490 loss=1.1094
[ep 1075] redandblack  driving_B_2020.02.14_09.38.22.csv@891   reward=  219.62 qoe= 100.0 qoe_q=   63.8 eps=0.490 loss=1.1945
[ep 1076] soldier      driving_B_2019.12.17_07.32.39.csv@1880  reward=  139.82 qoe=  28.2 qoe_q=   15.8 eps=0.489 loss=1.1837
[ep 1077] longdress    driving_B_2019.12.17_07.32.39.csv@620   reward=   76.23 qoe=   0.0 qoe_q=  -37.8 eps=0.489 loss=1.1114
[ep 1078] loot         static_B_2020.02.27_18.39.27.csv@5683  reward=  208.65 qoe= 100.0 qoe_q=   58.6 eps=0.488 loss=1.0797
[ep 1079] redandblack  driving_B_2020.02.13_13.03.24.csv@1898  reward=    8.32 qoe=   0.0 qoe_q= -522.4 eps=0.488 loss=1.1406
[ep 1080] soldier      static_B_2020.02.27_18.39.27.csv@5443  reward=  156.90 qoe=  34.2 qoe_q=   26.9 eps=0.487 loss=1.0759
[ep 1081] longdress    static_B_2020.02.27_18.39.27.csv@5383  reward=  227.03 qoe=  94.0 qoe_q=   66.8 eps=0.487 loss=1.2301
[ep 1082] loot         driving_B_2020.02.13_15.02.01.csv@2002  reward=  222.23 qoe= 100.0 qoe_q=   66.0 eps=0.486 loss=1.0750
[ep 1083] redandblack  static_B_2019.12.16_13.40.04.csv@332   reward=  132.12 qoe=  46.1 qoe_q=   24.5 eps=0.486 loss=1.0665
[ep 1084] soldier      driving_B_2020.02.13_15.02.01.csv@1102  reward=  174.50 qoe=  62.7 qoe_q=   30.7 eps=0.486 loss=1.1712
[ep 1085] longdress    driving_B_2020.02.27_17.30.15.csv@630   reward=  -37.26 qoe=   0.0 qoe_q= -186.1 eps=0.485 loss=1.1631
[ep 1086] loot         driving_B_2020.02.13_13.03.24.csv@158   reward=   79.57 qoe=   0.0 qoe_q=  -30.8 eps=0.485 loss=1.0917
[ep 1087] redandblack  static_B_2020.02.27_18.39.27.csv@1003  reward=  215.97 qoe= 100.0 qoe_q=   61.6 eps=0.484 loss=1.1276
[ep 1088] soldier      static_B_2020.02.27_18.39.27.csv@3943  reward=  178.98 qoe=  76.0 qoe_q=   46.2 eps=0.484 loss=1.0458
[ep 1089] longdress    driving_B_2020.01.16_07.26.43.csv@526   reward=   71.35 qoe=   0.0 qoe_q=  -51.6 eps=0.483 loss=1.1206
[ep 1090] loot         driving_B_2019.12.16_12.27.05.csv@498   reward=   28.58 qoe=   0.0 qoe_q= -187.4 eps=0.483 loss=1.2490
[ep 1091] redandblack  static_B_2020.02.27_18.39.27.csv@4183  reward=  184.39 qoe=  80.6 qoe_q=   48.5 eps=0.482 loss=1.1699
[ep 1092] soldier      driving_B_2019.12.17_07.32.39.csv@680   reward=   92.77 qoe=   0.0 qoe_q=  -23.7 eps=0.482 loss=1.1995
[ep 1093] longdress    static_B_2019.12.16_13.40.04.csv@572   reward=  181.01 qoe=  45.0 qoe_q=   39.0 eps=0.481 loss=1.0975
[ep 1094] loot         driving_B_2020.01.16_09.56.56.csv@596   reward=  189.37 qoe=  69.1 qoe_q=   47.8 eps=0.481 loss=1.1972
[ep 1095] redandblack  driving_B_2020.01.16_09.56.56.csv@176   reward=  134.65 qoe=  44.0 qoe_q=   25.2 eps=0.480 loss=1.1413
[ep 1096] soldier      driving_B_2019.12.16_12.27.05.csv@618   reward=    8.27 qoe=   0.0 qoe_q= -235.8 eps=0.480 loss=1.1860
[ep 1097] longdress    static_B_2020.02.27_18.39.27.csv@4363  reward=  201.46 qoe=  51.5 qoe_q=   38.7 eps=0.479 loss=1.1009
[ep 1098] loot         driving_B_2020.01.16_09.56.56.csv@896   reward=  106.75 qoe=   0.0 qoe_q=    2.2 eps=0.479 loss=1.1799
[ep 1099] redandblack  driving_B_2020.02.13_13.03.24.csv@278   reward=  130.07 qoe=  28.0 qoe_q=   13.3 eps=0.478 loss=1.1491
[ep 1100] soldier      driving_B_2020.01.16_07.26.43.csv@1486  reward=   74.22 qoe=   0.0 qoe_q=  -69.0 eps=0.478 loss=1.0995
[ep 1101] longdress    driving_B_2020.02.13_15.02.01.csv@562   reward=   55.23 qoe=   0.0 qoe_q=  -22.2 eps=0.477 loss=1.2420
[ep 1102] loot         driving_B_2019.12.17_07.32.39.csv@920   reward=   97.44 qoe=   0.0 qoe_q=   -7.5 eps=0.477 loss=1.1201
[ep 1103] redandblack  driving_B_2019.12.17_07.32.39.csv@200   reward=  152.22 qoe=  57.0 qoe_q=   32.3 eps=0.477 loss=1.0823
[ep 1104] soldier      static_B_2020.02.27_18.39.27.csv@2503  reward=  241.34 qoe= 100.0 qoe_q=   72.5 eps=0.476 loss=1.0952
[ep 1105] longdress    driving_B_2019.12.16_12.27.05.csv@978   reward=  245.09 qoe= 100.0 qoe_q=   75.1 eps=0.476 loss=1.0596
[ep 1106] loot         driving_B_2020.02.14_12.58.17.csv@440   reward=  -35.42 qoe=   0.0 qoe_q= -317.9 eps=0.475 loss=1.2383
[ep 1107] redandblack  driving_B_2020.02.13_13.03.24.csv@578   reward=   82.68 qoe=   0.0 qoe_q=  -14.2 eps=0.475 loss=1.1187
[ep 1108] soldier      driving_B_2020.02.14_09.38.22.csv@1251  reward=  151.69 qoe=   9.3 qoe_q=    6.3 eps=0.474 loss=1.4250
[ep 1109] longdress    driving_B_2020.02.27_17.30.15.csv@30    reward=   27.97 qoe=   0.0 qoe_q= -114.2 eps=0.474 loss=1.3001
[ep 1110] loot         static_B_2020.02.27_18.39.27.csv@5503  reward=  196.33 qoe=  44.5 qoe_q=   57.0 eps=0.473 loss=1.1466
[ep 1111] redandblack  static_B_2020.02.27_18.39.27.csv@5742  reward=  174.25 qoe=  68.3 qoe_q=   43.0 eps=0.473 loss=1.2940
[ep 1112] soldier      static_B_2019.12.16_13.40.04.csv@1892  reward=  189.50 qoe=   0.0 qoe_q= -110.7 eps=0.472 loss=1.2398
[ep 1113] longdress    driving_B_2019.12.17_07.32.39.csv@440   reward=  209.39 qoe=  56.3 qoe_q=   37.8 eps=0.472 loss=1.1963
[ep 1114] loot         static_B_2020.02.27_18.39.27.csv@2383  reward=  126.24 qoe=  68.9 qoe_q=   -1.5 eps=0.471 loss=1.2825
[ep 1115] redandblack  driving_B_2020.02.14_12.58.17.csv@200   reward=  -61.59 qoe=   0.0 qoe_q= -672.5 eps=0.471 loss=1.2490
[ep 1116] soldier      driving_B_2020.02.13_15.02.01.csv@1882  reward=  137.67 qoe=   6.5 qoe_q=  -15.7 eps=0.470 loss=1.2417
[ep 1117] longdress    driving_B_2020.02.13_15.02.01.csv@1702  reward=  190.25 qoe= 100.0 qoe_q=   53.4 eps=0.470 loss=1.1564
[ep 1118] loot         driving_B_2019.12.16_12.27.05.csv@558   reward=   84.64 qoe=   0.0 qoe_q=  -35.1 eps=0.469 loss=1.2024
[ep 1119] redandblack  driving_B_2019.12.17_07.32.39.csv@260   reward=  113.12 qoe=   0.0 qoe_q=   -4.5 eps=0.469 loss=1.2597
[ep 1120] soldier      driving_B_2020.02.13_13.03.24.csv@1658  reward=  171.16 qoe=  43.0 qoe_q=   12.7 eps=0.468 loss=1.1890
[ep 1121] longdress    driving_B_2020.02.13_13.03.24.csv@2188  reward=  -45.70 qoe=   0.0 qoe_q= -210.7 eps=0.468 loss=1.2676
[ep 1122] loot         driving_B_2020.02.13_13.03.24.csv@938   reward=   63.27 qoe=   0.0 qoe_q=  -41.4 eps=0.467 loss=1.2306
[ep 1123] redandblack  driving_B_2019.12.17_07.32.39.csv@140   reward=  153.86 qoe=  78.3 qoe_q=   34.5 eps=0.467 loss=1.2361
[ep 1124] soldier      driving_B_2020.01.16_07.26.43.csv@1186  reward=   82.90 qoe=   0.0 qoe_q=  -27.1 eps=0.467 loss=1.2807
[ep 1125] longdress    driving_B_2020.02.13_15.02.01.csv@2662  reward=   53.25 qoe=   0.0 qoe_q= -125.9 eps=0.466 loss=1.2021
[ep 1126] loot         static_B_2019.12.16_13.40.04.csv@1112  reward=   25.15 qoe=   0.0 qoe_q= -476.7 eps=0.466 loss=1.2172
[ep 1127] redandblack  driving_B_2020.02.13_15.02.01.csv@1162  reward=  192.82 qoe=  63.5 qoe_q=   50.1 eps=0.465 loss=1.1625
[ep 1128] soldier      static_B_2019.12.16_13.40.04.csv@1412  reward=  180.02 qoe=  83.2 qoe_q=   37.5 eps=0.465 loss=1.2685
[ep 1129] longdress    driving_B_2020.02.13_13.03.24.csv@1598  reward=   24.12 qoe=   0.0 qoe_q= -315.1 eps=0.464 loss=1.4166
[ep 1130] loot         driving_B_2020.02.13_15.02.01.csv@2482  reward=   67.70 qoe=   0.0 qoe_q= -151.8 eps=0.464 loss=1.2822
[ep 1131] redandblack  static_B_2020.02.27_18.39.27.csv@43    reward=  184.51 qoe=  44.0 qoe_q=   50.1 eps=0.463 loss=1.1063
[ep 1132] soldier      driving_B_2020.01.16_09.56.56.csv@236   reward=  183.20 qoe=  81.1 qoe_q=   45.8 eps=0.463 loss=1.2184
[ep 1133] longdress    static_B_2020.02.27_18.39.27.csv@5323  reward=  233.53 qoe= 100.0 qoe_q=   67.8 eps=0.462 loss=1.3505
[ep 1134] loot         driving_B_2020.02.13_15.02.01.csv@2602  reward=  221.34 qoe=  62.0 qoe_q=   64.9 eps=0.462 loss=1.1367
[ep 1135] redandblack  driving_B_2020.01.16_07.26.43.csv@1246  reward=  119.71 qoe=   0.0 qoe_q=    4.1 eps=0.461 loss=1.2388
[ep 1136] soldier      driving_B_2020.02.14_09.38.22.csv@1071  reward=   48.56 qoe=   0.0 qoe_q=  -80.1 eps=0.461 loss=1.2732
[ep 1137] longdress    driving_B_2020.02.13_15.02.01.csv@1462  reward=   51.11 qoe=   0.0 qoe_q= -102.5 eps=0.460 loss=1.1290
[ep 1138] loot         driving_B_2019.12.17_07.32.39.csv@1520  reward=  107.84 qoe=   0.0 qoe_q=  -14.7 eps=0.460 loss=1.2012
[ep 1139] redandblack  driving_B_2020.01.16_07.26.43.csv@1666  reward=   78.98 qoe=   0.0 qoe_q=  -38.0 eps=0.459 loss=1.1991
[ep 1140] soldier      driving_B_2019.12.17_07.32.39.csv@500   reward=   43.13 qoe=   0.0 qoe_q= -101.7 eps=0.459 loss=1.2784
[ep 1141] longdress    driving_B_2019.12.16_12.27.05.csv@738   reward=  153.80 qoe=  20.5 qoe_q=    4.7 eps=0.458 loss=1.1892
[ep 1142] loot         static_B_2020.02.27_18.39.27.csv@5203  reward=  148.22 qoe=  30.8 qoe_q=   21.8 eps=0.458 loss=1.1869
[ep 1143] redandblack  driving_B_2020.01.16_07.26.43.csv@166   reward=   86.65 qoe=   0.0 qoe_q= -167.7 eps=0.458 loss=1.2080
[ep 1144] soldier      driving_B_2020.02.14_12.58.17.csv@680   reward=   27.04 qoe=   0.0 qoe_q= -156.5 eps=0.457 loss=1.3425
[ep 1145] longdress    driving_B_2019.12.17_07.32.39.csv@1160  reward=  107.06 qoe=   0.0 qoe_q=  -27.6 eps=0.457 loss=1.1441
[ep 1146] loot         driving_B_2020.01.16_07.26.43.csv@586   reward=  100.45 qoe=   0.0 qoe_q=  -13.0 eps=0.456 loss=1.0925
[ep 1147] redandblack  driving_B_2020.02.13_15.02.01.csv@982   reward=  117.00 qoe=   0.0 qoe_q=  -39.2 eps=0.456 loss=1.1919
[ep 1148] soldier      static_B_2020.02.27_18.39.27.csv@643   reward=  234.81 qoe= 100.0 qoe_q=   68.8 eps=0.455 loss=1.2774
[ep 1149] longdress    driving_B_2020.02.14_09.38.22.csv@1431  reward=  104.93 qoe=  31.1 qoe_q=   -2.1 eps=0.455 loss=1.1960
[ep 1150] loot         static_B_2020.02.27_18.39.27.csv@2863  reward=  172.43 qoe=  79.4 qoe_q=   40.2 eps=0.454 loss=1.3412
[ep 1151] redandblack  driving_B_2020.02.13_13.03.24.csv@1238  reward=   49.01 qoe=   0.0 qoe_q=  -49.6 eps=0.454 loss=1.1697
[ep 1152] soldier      driving_B_2019.12.17_07.32.39.csv@1400  reward=   95.18 qoe=  31.2 qoe_q=  -22.5 eps=0.453 loss=1.2202
[ep 1153] longdress    driving_B_2020.02.13_13.03.24.csv@218   reward=  100.63 qoe=   0.0 qoe_q=    0.4 eps=0.453 loss=1.1661
[ep 1154] loot         static_B_2019.12.16_13.40.04.csv@1292  reward=  209.83 qoe=  86.2 qoe_q=   59.5 eps=0.452 loss=1.1072
[ep 1155] redandblack  static_B_2019.12.16_13.40.04.csv@932   reward=  175.54 qoe=  20.5 qoe_q=   32.0 eps=0.452 loss=1.2446
[ep 1156] soldier      driving_B_2019.12.17_07.32.39.csv@980   reward=   42.30 qoe=   0.0 qoe_q= -145.1 eps=0.451 loss=1.2871
[ep 1157] longdress    static_B_2020.02.27_18.39.27.csv@223   reward=  216.15 qoe= 100.0 qoe_q=   64.9 eps=0.451 loss=1.1936
[ep 1158] loot         static_B_2020.02.27_18.39.27.csv@883   reward=  241.26 qoe= 100.0 qoe_q=   67.9 eps=0.450 loss=1.2268
[ep 1159] redandblack  driving_B_2020.02.27_17.30.15.csv@720   reward=   24.08 qoe=   0.0 qoe_q=  -80.0 eps=0.450 loss=1.1839
[ep 1160] soldier      driving_B_2019.12.16_12.27.05.csv@78    reward=   85.04 qoe=   0.0 qoe_q=   -9.2 eps=0.449 loss=1.2334
[ep 1161] longdress    static_B_2019.12.16_13.40.04.csv@1652  reward=  196.52 qoe=  56.4 qoe_q=   40.1 eps=0.449 loss=1.3094
[ep 1162] loot         static_B_2020.02.27_18.39.27.csv@1063  reward=  229.20 qoe=  81.6 qoe_q=   66.0 eps=0.448 loss=1.2858
[ep 1163] redandblack  driving_B_2020.01.16_09.56.56.csv@836   reward=   90.91 qoe=   0.0 qoe_q=   -3.9 eps=0.448 loss=1.3391
[ep 1164] soldier      static_B_2020.02.27_18.39.27.csv@283   reward=  249.75 qoe= 100.0 qoe_q=   69.2 eps=0.448 loss=1.2983
[ep 1165] longdress    driving_B_2020.02.14_12.58.17.csv@260   reward=  -43.52 qoe=   0.0 qoe_q= -558.1 eps=0.447 loss=1.2883
[ep 1166] loot         driving_B_2020.02.14_09.38.22.csv@1478  reward=   83.83 qoe=   0.0 qoe_q=  -14.7 eps=0.447 loss=1.2976
[ep 1167] redandblack  static_B_2019.12.16_13.40.04.csv@1832  reward=  171.28 qoe=  43.7 qoe_q=   27.7 eps=0.446 loss=1.0827
[ep 1168] soldier      driving_B_2020.02.13_15.02.01.csv@1222  reward=  144.99 qoe=  17.8 qoe_q=    3.0 eps=0.446 loss=1.1399
[ep 1169] longdress    driving_B_2020.01.16_09.56.56.csv@1376  reward=  225.84 qoe= 100.0 qoe_q=   65.0 eps=0.445 loss=1.2230
[ep 1170] loot         driving_B_2020.02.14_12.58.17.csv@80    reward=   33.59 qoe=   0.0 qoe_q= -147.4 eps=0.445 loss=1.1748
[ep 1171] redandblack  static_B_2020.02.27_18.39.27.csv@943   reward=  248.92 qoe= 100.0 qoe_q=   77.1 eps=0.444 loss=1.1891
[ep 1172] soldier      driving_B_2020.02.13_15.02.01.csv@382   reward=  243.21 qoe= 100.0 qoe_q=   72.7 eps=0.444 loss=1.2006
[ep 1173] longdress    driving_B_2020.02.14_12.58.17.csv@620   reward=   84.01 qoe=   0.0 qoe_q=  -22.4 eps=0.443 loss=1.2365
[ep 1174] loot         driving_B_2020.02.13_15.02.01.csv@2754  reward=   74.49 qoe=   0.0 qoe_q=  -24.5 eps=0.443 loss=1.2538
[ep 1175] redandblack  static_B_2020.02.27_18.39.27.csv@1603  reward=  135.15 qoe=  40.1 qoe_q=   19.1 eps=0.442 loss=1.1971
[ep 1176] soldier      driving_B_2019.12.17_07.32.39.csv@1220  reward=  175.31 qoe=  57.6 qoe_q=   41.1 eps=0.442 loss=1.2589
[ep 1177] longdress    driving_B_2019.12.17_07.32.39.csv@20    reward=  145.10 qoe=  53.8 qoe_q=   24.6 eps=0.441 loss=1.2295
[ep 1178] loot         static_B_2020.02.27_18.39.27.csv@5083  reward=  226.55 qoe=  92.0 qoe_q=   66.1 eps=0.441 loss=1.2420
[ep 1179] redandblack  driving_B_2019.12.17_07.32.39.csv@1640  reward=  185.12 qoe=  64.7 qoe_q=   42.6 eps=0.440 loss=1.2265
[ep 1180] soldier      driving_B_2020.01.16_07.26.43.csv@1366  reward=   42.97 qoe=   0.0 qoe_q=  -45.9 eps=0.440 loss=1.2636
[ep 1181] longdress    driving_B_2020.01.16_07.26.43.csv@766   reward=  193.71 qoe= 100.0 qoe_q=   55.3 eps=0.439 loss=1.1786
[ep 1182] loot         driving_B_2019.12.17_07.32.39.csv@1100  reward=  190.41 qoe=  35.5 qoe_q=   19.1 eps=0.439 loss=1.2581
[ep 1183] redandblack  static_B_2020.02.27_18.39.27.csv@4903  reward=  170.39 qoe=  39.0 qoe_q=   20.6 eps=0.439 loss=1.2008
[ep 1184] soldier      driving_B_2020.02.13_15.02.01.csv@2422  reward=    3.60 qoe=   0.0 qoe_q= -211.6 eps=0.438 loss=1.2262
[ep 1185] longdress    static_B_2019.12.16_13.40.04.csv@392   reward=  180.06 qoe=  66.7 qoe_q=   44.0 eps=0.438 loss=1.2622
[ep 1186] loot         static_B_2020.02.14_13.21.26.csv@15    reward=  186.90 qoe=  46.0 qoe_q=   42.1 eps=0.437 loss=1.3397
[ep 1187] redandblack  driving_B_2020.01.16_09.56.56.csv@56    reward=   94.53 qoe=   0.0 qoe_q=  -12.9 eps=0.437 loss=1.3400
[ep 1188] soldier      driving_B_2020.01.16_07.26.43.csv@1726  reward=   76.30 qoe=   0.0 qoe_q=  -35.4 eps=0.436 loss=1.2955
[ep 1189] longdress    static_B_2020.02.27_18.39.27.csv@103   reward=  217.81 qoe= 100.0 qoe_q=   64.9 eps=0.436 loss=1.3233
[ep 1190] loot         static_B_2020.02.14_13.21.26.csv@75    reward=  187.93 qoe=  46.0 qoe_q=   52.0 eps=0.435 loss=1.3714
[ep 1191] redandblack  driving_B_2020.02.27_17.30.15.csv@330   reward=   46.70 qoe=   0.0 qoe_q=  -79.7 eps=0.435 loss=1.3521
[ep 1192] soldier      driving_B_2019.12.17_07.32.39.csv@1820  reward=   24.07 qoe=   0.0 qoe_q= -119.0 eps=0.434 loss=1.3565
[ep 1193] longdress    driving_B_2019.12.16_12.27.05.csv@918   reward=  236.66 qoe= 100.0 qoe_q=   69.8 eps=0.434 loss=1.3258
[ep 1194] loot         driving_B_2019.12.17_07.32.39.csv@740   reward=  153.26 qoe=  45.1 qoe_q=   32.7 eps=0.433 loss=1.2369
[ep 1195] redandblack  driving_B_2019.12.16_12.27.05.csv@258   reward=  159.51 qoe=  56.4 qoe_q=   28.2 eps=0.433 loss=1.2128
[ep 1196] soldier      driving_B_2020.02.27_17.30.15.csv@570   reward=   66.11 qoe=   9.7 qoe_q=  -32.5 eps=0.432 loss=1.2589
[ep 1197] longdress    driving_B_2020.02.14_09.38.22.csv@471   reward=   67.03 qoe=   0.0 qoe_q=  -36.3 eps=0.432 loss=1.2678
[ep 1198] loot         static_B_2019.12.16_13.40.04.csv@212   reward=  164.02 qoe=  40.3 qoe_q=   32.4 eps=0.431 loss=1.3279
[ep 1199] redandblack  static_B_2020.02.14_13.21.26.csv@850   reward=  177.78 qoe=  59.1 qoe_q=   42.2 eps=0.431 loss=1.2982
[ep 1200] soldier      static_B_2020.02.27_18.39.27.csv@4303  reward=  176.72 qoe=  51.7 qoe_q=   42.9 eps=0.430 loss=1.3658
    [eval @ ep 1200] reward=-87.56 qoe=59.0 qoe_q=-1286.3 mean_q=0.691 stall=257.7s
[ep 1201] longdress    static_B_2019.12.16_13.40.04.csv@1904  reward=  213.73 qoe=  76.0 qoe_q=   42.5 eps=0.430 loss=1.2585
[ep 1202] loot         driving_B_2020.02.14_09.38.22.csv@1371  reward=  220.59 qoe=  86.0 qoe_q=   63.9 eps=0.430 loss=1.2347
[ep 1203] redandblack  static_B_2019.12.16_13.40.04.csv@1712  reward=  215.00 qoe=  82.9 qoe_q=   57.1 eps=0.429 loss=1.2518
[ep 1204] soldier      static_B_2020.02.27_18.39.27.csv@523   reward=  140.08 qoe=   0.0 qoe_q=    9.4 eps=0.429 loss=1.2682
[ep 1205] longdress    driving_B_2020.01.16_09.56.56.csv@1556  reward=  226.10 qoe=  83.5 qoe_q=   65.5 eps=0.428 loss=1.3318
[ep 1206] loot         driving_B_2020.02.14_09.38.22.csv@951   reward=  252.53 qoe=  94.0 qoe_q=   76.5 eps=0.428 loss=1.2660
[ep 1207] redandblack  driving_B_2020.02.14_09.38.22.csv@771   reward=  159.21 qoe=  24.1 qoe_q=   25.2 eps=0.427 loss=1.3670
[ep 1208] soldier      static_B_2020.02.27_18.39.27.csv@4543  reward=  182.31 qoe=  62.2 qoe_q=   43.1 eps=0.427 loss=1.3332
[ep 1209] longdress    static_B_2020.02.27_18.39.27.csv@5263  reward=  242.61 qoe= 100.0 qoe_q=   72.0 eps=0.426 loss=1.3426
[ep 1210] loot         static_B_2019.12.16_13.40.04.csv@1232  reward=  229.90 qoe=  81.3 qoe_q=   65.2 eps=0.426 loss=1.3121
[ep 1211] redandblack  driving_B_2019.12.17_07.32.39.csv@560   reward=  110.28 qoe=  25.3 qoe_q=   13.3 eps=0.425 loss=1.3501
[ep 1212] soldier      driving_B_2020.02.13_13.03.24.csv@1058  reward=   87.85 qoe=   0.0 qoe_q=  -26.7 eps=0.425 loss=1.2783
[ep 1213] longdress    driving_B_2020.02.13_13.03.24.csv@878   reward=   17.35 qoe=   0.0 qoe_q= -116.1 eps=0.424 loss=1.3648
[ep 1214] loot         static_B_2020.02.27_18.39.27.csv@3703  reward=  196.08 qoe=  36.0 qoe_q=   56.3 eps=0.424 loss=1.3633
[ep 1215] redandblack  static_B_2020.02.27_18.39.27.csv@2023  reward=  160.65 qoe=  82.6 qoe_q=   39.4 eps=0.423 loss=1.4573
[ep 1216] soldier      driving_B_2020.02.13_15.02.01.csv@1282  reward=   95.79 qoe=   0.0 qoe_q=  -24.9 eps=0.423 loss=1.2164
[ep 1217] longdress    driving_B_2020.02.14_09.38.22.csv@1191  reward=   46.14 qoe=   0.0 qoe_q=  -51.8 eps=0.422 loss=1.3628
[ep 1218] loot         driving_B_2019.12.16_12.27.05.csv@678   reward=  115.10 qoe=   0.0 qoe_q=  -24.5 eps=0.422 loss=1.1292
[ep 1219] redandblack  driving_B_2020.02.13_15.02.01.csv@2242  reward=  196.56 qoe= 100.0 qoe_q=   55.3 eps=0.421 loss=1.4163
[ep 1220] soldier      static_B_2019.12.16_13.40.04.csv@1532  reward=  204.63 qoe=  63.2 qoe_q=   53.5 eps=0.421 loss=1.2890
[ep 1221] longdress    driving_B_2020.01.16_09.56.56.csv@476   reward=  222.26 qoe=  78.7 qoe_q=   60.6 eps=0.420 loss=1.2988
[ep 1222] loot         static_B_2020.02.27_18.39.27.csv@3823  reward=  170.24 qoe=  77.5 qoe_q=   35.1 eps=0.420 loss=1.2288
[ep 1223] redandblack  driving_B_2020.02.13_15.02.01.csv@1342  reward=  -18.09 qoe=   0.0 qoe_q=  -85.8 eps=0.420 loss=1.3424
[ep 1224] soldier      driving_B_2020.02.14_09.38.22.csv@1131  reward=   39.97 qoe=   0.0 qoe_q=  -69.7 eps=0.419 loss=1.2727
[ep 1225] longdress    static_B_2020.02.27_18.39.27.csv@4603  reward=  151.77 qoe=  14.7 qoe_q=   16.0 eps=0.419 loss=1.4033
[ep 1226] loot         driving_B_2019.12.16_12.27.05.csv@858   reward=  207.69 qoe=  75.2 qoe_q=   53.2 eps=0.418 loss=1.3411
[ep 1227] redandblack  driving_B_2020.01.16_09.56.56.csv@1256  reward=  182.54 qoe=  18.8 qoe_q=   15.7 eps=0.418 loss=1.2505
[ep 1228] soldier      driving_B_2020.02.13_13.03.24.csv@518   reward=   70.17 qoe=   0.0 qoe_q=  -48.0 eps=0.417 loss=1.3097
[ep 1229] longdress    static_B_2020.02.27_18.39.27.csv@5623  reward=  208.33 qoe= 100.0 qoe_q=   60.4 eps=0.417 loss=1.3410
[ep 1230] loot         driving_B_2020.02.13_15.02.01.csv@2754  reward=  105.42 qoe=  12.9 qoe_q=    1.8 eps=0.416 loss=1.4440
[ep 1231] redandblack  static_B_2020.02.27_18.39.27.csv@5742  reward=  164.27 qoe=  68.0 qoe_q=   41.6 eps=0.416 loss=1.2351
[ep 1232] soldier      static_B_2020.02.27_18.39.27.csv@2443  reward=  184.87 qoe=  38.0 qoe_q=   50.8 eps=0.415 loss=1.4537
[ep 1233] longdress    driving_B_2020.02.13_13.03.24.csv@1838  reward=  -80.69 qoe=   0.0 qoe_q= -593.7 eps=0.415 loss=1.3426
[ep 1234] loot         driving_B_2019.12.17_07.32.39.csv@2180  reward=  124.73 qoe=   0.0 qoe_q=   -7.6 eps=0.414 loss=1.2845
[ep 1235] redandblack  static_B_2020.02.27_18.39.27.csv@1843  reward=  118.16 qoe=  68.4 qoe_q=    2.1 eps=0.414 loss=1.3784
[ep 1236] soldier      driving_B_2020.02.13_13.03.24.csv@458   reward=   64.77 qoe=   0.0 qoe_q=  -19.3 eps=0.413 loss=1.2971
[ep 1237] longdress    static_B_2020.02.14_13.21.26.csv@135   reward=  257.10 qoe= 100.0 qoe_q=   77.3 eps=0.413 loss=1.2629
[ep 1238] loot         driving_B_2019.12.17_07.32.39.csv@1760  reward=  132.34 qoe=   0.0 qoe_q=   11.8 eps=0.412 loss=1.3135
[ep 1239] redandblack  driving_B_2020.02.27_17.30.15.csv@90    reward=  -33.08 qoe=   0.0 qoe_q= -235.9 eps=0.412 loss=1.2886
[ep 1240] soldier      driving_B_2020.02.13_15.02.01.csv@742   reward=  122.85 qoe=  38.7 qoe_q=   14.0 eps=0.411 loss=1.2762
[ep 1241] longdress    driving_B_2020.02.13_13.03.24.csv@2078  reward=    1.76 qoe=   0.0 qoe_q= -132.8 eps=0.411 loss=1.3049
[ep 1242] loot         driving_B_2020.01.16_12.10.03.csv@119   reward=  207.82 qoe=  40.0 qoe_q=   59.0 eps=0.411 loss=1.4308
[ep 1243] redandblack  driving_B_2020.01.16_09.56.56.csv@1316  reward=  196.17 qoe=  85.0 qoe_q=   56.8 eps=0.410 loss=1.3668
[ep 1244] soldier      static_B_2020.02.14_13.21.26.csv@555   reward=  269.75 qoe= 100.0 qoe_q=   84.5 eps=0.410 loss=1.2705
[ep 1245] longdress    static_B_2020.02.27_18.39.27.csv@4123  reward=  188.12 qoe=  83.5 qoe_q=   49.7 eps=0.409 loss=1.3122
[ep 1246] loot         driving_B_2020.02.14_09.38.22.csv@831   reward=  180.30 qoe=  52.2 qoe_q=   20.0 eps=0.409 loss=1.4418
[ep 1247] redandblack  driving_B_2020.02.13_15.02.01.csv@922   reward=  177.53 qoe=   0.0 qoe_q=   51.5 eps=0.408 loss=1.2329
[ep 1248] soldier      driving_B_2020.02.27_17.30.15.csv@210   reward=  -63.23 qoe=   0.0 qoe_q= -557.7 eps=0.408 loss=1.2685
[ep 1249] longdress    static_B_2020.02.27_18.39.27.csv@4663  reward=  -19.77 qoe=   0.0 qoe_q= -241.9 eps=0.407 loss=1.2790
[ep 1250] loot         static_B_2020.02.14_13.21.26.csv@195   reward=  195.80 qoe=  44.0 qoe_q=   53.9 eps=0.407 loss=1.2865
[ep 1251] redandblack  driving_B_2020.01.16_07.26.43.csv@646   reward=  121.32 qoe=   0.0 qoe_q=   -3.0 eps=0.406 loss=1.1889
[ep 1252] soldier      driving_B_2020.02.14_09.38.22.csv@77    reward=   37.34 qoe=   0.0 qoe_q=  -68.1 eps=0.406 loss=1.2867
[ep 1253] longdress    static_B_2019.12.16_13.40.04.csv@175   reward=  177.95 qoe=  42.1 qoe_q=   37.5 eps=0.405 loss=1.3301
[ep 1254] loot         driving_B_2020.01.16_07.26.43.csv@72    reward=  136.63 qoe=  26.4 qoe_q=   23.3 eps=0.405 loss=1.1732
[ep 1255] redandblack  driving_B_2020.01.16_09.56.56.csv@258   reward=  133.19 qoe=  36.5 qoe_q=   22.7 eps=0.404 loss=1.3127
[ep 1256] soldier      driving_B_2020.02.13_13.03.24.csv@229   reward=  111.44 qoe=   0.0 qoe_q=    5.6 eps=0.404 loss=1.3443
[ep 1257] longdress    static_B_2020.02.27_18.39.27.csv@3352  reward=  253.31 qoe= 100.0 qoe_q=   77.5 eps=0.403 loss=1.1966
[ep 1258] loot         driving_B_2020.01.16_07.26.43.csv@912   reward=  103.76 qoe=   5.2 qoe_q=    1.1 eps=0.403 loss=1.3699
[ep 1259] redandblack  driving_B_2020.02.13_15.02.01.csv@1852  reward=  240.00 qoe= 100.0 qoe_q=   72.0 eps=0.402 loss=1.2179
[ep 1260] soldier      static_B_2019.12.16_13.40.04.csv@475   reward=  169.85 qoe= 100.0 qoe_q=   -1.4 eps=0.402 loss=1.2853
[ep 1261] longdress    driving_B_2020.02.13_15.02.01.csv@2332  reward=   30.53 qoe=   0.0 qoe_q= -347.8 eps=0.402 loss=1.3881
[ep 1262] loot         driving_B_2019.12.17_07.32.39.csv@2013  reward=  205.45 qoe=  82.9 qoe_q=   61.5 eps=0.401 loss=1.2441
[ep 1263] redandblack  static_B_2019.12.16_13.40.04.csv@1435  reward=  251.15 qoe=  76.0 qoe_q=   76.9 eps=0.401 loss=1.1658
[ep 1264] soldier      driving_B_2020.02.13_15.02.01.csv@952   reward=   72.49 qoe=   4.8 qoe_q=  -16.9 eps=0.400 loss=1.3784
[ep 1265] longdress    static_B_2020.02.27_18.39.27.csv@3412  reward=  206.67 qoe= 100.0 qoe_q=   59.2 eps=0.400 loss=1.4136
[ep 1266] loot         driving_B_2020.01.16_07.26.43.csv@132   reward=  120.37 qoe=   4.1 qoe_q=    5.9 eps=0.399 loss=1.5240
[ep 1267] redandblack  driving_B_2020.02.13_15.02.01.csv@592   reward=  205.87 qoe=  73.2 qoe_q=   54.6 eps=0.399 loss=1.3798
[ep 1268] soldier      static_B_2020.02.27_18.39.27.csv@1132  reward=   74.56 qoe=   0.0 qoe_q=  -17.9 eps=0.398 loss=1.3792
[ep 1269] longdress    driving_B_2019.12.16_12.27.05.csv@1068  reward=  141.63 qoe=  49.4 qoe_q=   26.1 eps=0.398 loss=1.4780
[ep 1270] loot         driving_B_2020.01.16_09.56.56.csv@1570  reward=  175.79 qoe=  17.9 qoe_q=   32.5 eps=0.397 loss=1.4015
[ep 1271] redandblack  static_B_2020.02.14_13.21.26.csv@476   reward=  215.05 qoe=  58.0 qoe_q=   62.7 eps=0.397 loss=1.4192
[ep 1272] soldier      driving_B_2019.12.17_07.32.39.csv@1953  reward=  155.47 qoe=  35.3 qoe_q=   21.0 eps=0.396 loss=1.4415
[ep 1273] longdress    driving_B_2020.01.16_07.26.43.csv@1770  reward=   30.27 qoe=   0.0 qoe_q=  -92.2 eps=0.396 loss=1.4015
[ep 1274] loot         driving_B_2020.01.16_09.56.56.csv@438   reward=   90.93 qoe=   0.0 qoe_q=  -31.9 eps=0.395 loss=1.3259
[ep 1275] redandblack  driving_B_2019.12.17_07.32.39.csv@2288  reward=  178.90 qoe=  71.5 qoe_q=   45.8 eps=0.395 loss=1.3785
[ep 1276] soldier      driving_B_2019.12.17_07.32.39.csv@1233  reward=   61.64 qoe=   0.0 qoe_q=   -9.6 eps=0.394 loss=1.3762
[ep 1277] longdress    driving_B_2020.01.16_07.26.43.csv@252   reward=  104.83 qoe=   0.0 qoe_q=   -0.3 eps=0.394 loss=1.4337
[ep 1278] loot         static_B_2019.12.16_13.40.04.csv@1195  reward=  155.71 qoe=  58.8 qoe_q=   21.1 eps=0.393 loss=1.3581
[ep 1279] redandblack  static_B_2020.02.27_18.39.27.csv@2392  reward=  171.58 qoe=  81.4 qoe_q=   22.0 eps=0.393 loss=1.3659
[ep 1280] soldier      driving_B_2020.02.14_12.58.17.csv@204   reward=  -69.70 qoe=   0.0 qoe_q= -637.9 eps=0.392 loss=1.3043
[ep 1281] longdress    driving_B_2020.02.13_15.02.01.csv@532   reward=   98.97 qoe=   4.7 qoe_q=   -4.3 eps=0.392 loss=1.3799
[ep 1282] loot         driving_B_2020.01.16_07.26.43.csv@192   reward=   98.17 qoe=  16.8 qoe_q=   -7.9 eps=0.392 loss=1.3086
[ep 1283] redandblack  static_B_2019.12.16_13.40.04.csv@955   reward=  166.93 qoe=  36.6 qoe_q=   33.9 eps=0.391 loss=1.3670
[ep 1284] soldier      driving_B_2020.02.13_15.02.01.csv@1012  reward=  208.91 qoe= 100.0 qoe_q=   58.3 eps=0.391 loss=1.2612
[ep 1285] longdress    driving_B_2019.12.17_07.32.39.csv@933   reward=  107.81 qoe=  39.1 qoe_q=    2.7 eps=0.390 loss=1.3840
[ep 1286] loot         static_B_2020.02.27_18.39.27.csv@4252  reward=  187.87 qoe=  54.0 qoe_q=   52.7 eps=0.390 loss=1.3916
[ep 1287] redandblack  driving_B_2020.02.14_09.38.22.csv@917   reward=  215.41 qoe=  90.0 qoe_q=   63.0 eps=0.389 loss=1.2329
[ep 1288] soldier      static_B_2020.02.27_18.39.27.csv@5692  reward=  202.36 qoe=  67.6 qoe_q=   55.4 eps=0.389 loss=1.4400
[ep 1289] longdress    driving_B_2020.02.13_15.02.01.csv@2632  reward=  252.52 qoe= 100.0 qoe_q=   79.4 eps=0.388 loss=1.3073
[ep 1290] loot         driving_B_2020.02.13_13.03.24.csv@1369  reward=  106.10 qoe=   0.0 qoe_q=    4.3 eps=0.388 loss=1.3033
[ep 1291] redandblack  static_B_2020.02.14_13.21.26.csv@416   reward=  185.56 qoe=  48.0 qoe_q=   52.2 eps=0.387 loss=1.4336
[ep 1292] soldier      static_B_2019.12.16_13.40.04.csv@355   reward=  149.67 qoe=  65.2 qoe_q=   33.0 eps=0.387 loss=1.2442
[ep 1293] longdress    driving_B_2019.12.17_07.32.39.csv@1773  reward=   72.77 qoe=  16.4 qoe_q=   -3.7 eps=0.386 loss=1.4548
[ep 1294] loot         driving_B_2020.02.13_15.02.01.csv@232   reward=  182.88 qoe=  67.8 qoe_q=   46.3 eps=0.386 loss=1.3516
[ep 1295] redandblack  driving_B_2020.01.16_09.56.56.csv@18    reward=  149.53 qoe=  32.0 qoe_q=   26.7 eps=0.385 loss=1.3410
[ep 1296] soldier      driving_B_2019.12.17_07.32.39.csv@2253  reward=  223.33 qoe= 100.0 qoe_q=   61.5 eps=0.385 loss=1.3655
[ep 1297] longdress    driving_B_2020.02.13_13.03.24.csv@1189  reward=   64.71 qoe=   0.0 qoe_q=  -59.7 eps=0.384 loss=1.4761
[ep 1298] loot         static_B_2020.02.27_18.39.27.csv@1492  reward=  229.68 qoe=  78.9 qoe_q=   61.4 eps=0.384 loss=1.3627
[ep 1299] redandblack  static_B_2020.02.27_18.39.27.csv@1852  reward=  131.00 qoe=  84.9 qoe_q=   15.4 eps=0.383 loss=1.3974
[ep 1300] soldier      driving_B_2019.12.17_07.32.39.csv@633   reward=   97.99 qoe=   0.0 qoe_q=   -7.4 eps=0.383 loss=1.3703
[ep 1301] longdress    driving_B_2020.02.13_15.02.01.csv@472   reward=  182.69 qoe=  40.9 qoe_q=   36.9 eps=0.383 loss=1.4307
[ep 1302] loot         static_B_2020.02.14_13.21.26.csv@356   reward=  203.38 qoe=  58.7 qoe_q=   49.3 eps=0.382 loss=1.3661
[ep 1303] redandblack  driving_B_2020.02.13_15.02.01.csv@412   reward=  189.07 qoe=  14.0 qoe_q=   53.3 eps=0.382 loss=1.4330
[ep 1304] soldier      driving_B_2019.12.16_12.27.05.csv@1152  reward=  159.80 qoe=  20.7 qoe_q=   17.8 eps=0.381 loss=1.3967
[ep 1305] longdress    driving_B_2020.02.13_13.03.24.csv@769   reward=   63.63 qoe=   0.0 qoe_q= -160.4 eps=0.381 loss=1.4814
[ep 1306] loot         driving_B_2019.12.16_12.27.05.csv@288   reward=  155.85 qoe=   0.0 qoe_q=  -25.1 eps=0.380 loss=1.3180
[ep 1307] redandblack  static_B_2020.02.27_18.39.27.csv@1612  reward=  143.00 qoe=  26.8 qoe_q=   24.5 eps=0.380 loss=1.3101
[ep 1308] soldier      driving_B_2020.01.16_07.26.43.csv@1512  reward=  105.48 qoe= 100.0 qoe_q=   25.7 eps=0.379 loss=1.3725
[ep 1309] longdress    driving_B_2020.01.16_09.56.56.csv@78    reward=   82.31 qoe=   2.7 qoe_q=  -18.5 eps=0.379 loss=1.2936
[ep 1310] loot         driving_B_2020.02.27_17.30.15.csv@238   reward=  -35.77 qoe=   0.0 qoe_q= -354.1 eps=0.378 loss=1.2492
[ep 1311] redandblack  driving_B_2019.12.17_07.32.39.csv@333   reward=  153.75 qoe=  42.3 qoe_q=   34.2 eps=0.378 loss=1.3521
[ep 1312] soldier      static_B_2019.12.16_13.40.04.csv@1675  reward=  182.69 qoe=  47.9 qoe_q=   39.2 eps=0.377 loss=1.4201
[ep 1313] longdress    static_B_2020.02.27_18.39.27.csv@3652  reward=  234.05 qoe= 100.0 qoe_q=   67.1 eps=0.377 loss=1.4015
[ep 1314] loot         static_B_2020.02.27_18.39.27.csv@4012  reward=  199.51 qoe=  70.6 qoe_q=   45.0 eps=0.376 loss=1.3153
[ep 1315] redandblack  static_B_2020.02.27_18.39.27.csv@2692  reward=  201.35 qoe=  82.6 qoe_q=   56.0 eps=0.376 loss=1.3306
[ep 1316] soldier      static_B_2020.02.14_13.21.26.csv@716   reward=  213.74 qoe=  86.8 qoe_q=   57.5 eps=0.375 loss=1.4167
[ep 1317] longdress    driving_B_2020.01.16_07.26.43.csv@1272  reward=  103.81 qoe=  19.5 qoe_q=   -1.2 eps=0.375 loss=1.4475
[ep 1318] loot         driving_B_2020.01.16_09.56.56.csv@738   reward=  214.35 qoe=  81.6 qoe_q=   60.5 eps=0.374 loss=1.3356
[ep 1319] redandblack  driving_B_2020.02.27_17.30.15.csv@718   reward=   42.81 qoe=   0.0 qoe_q=  -82.7 eps=0.374 loss=1.2950
[ep 1320] soldier      static_B_2020.02.27_18.39.27.csv@532   reward=  157.04 qoe=  53.7 qoe_q=   30.0 eps=0.374 loss=1.3774
[ep 1321] longdress    driving_B_2020.02.13_13.03.24.csv@1489  reward=   65.28 qoe=   0.0 qoe_q=  -79.8 eps=0.373 loss=1.3325
[ep 1322] loot         driving_B_2020.02.14_12.58.17.csv@744   reward=   14.58 qoe=   0.0 qoe_q= -100.2 eps=0.373 loss=1.4271
[ep 1323] redandblack  driving_B_2020.02.14_12.58.17.csv@564   reward=  113.53 qoe=  18.6 qoe_q=    9.0 eps=0.372 loss=1.3279
[ep 1324] soldier      static_B_2019.12.16_13.40.04.csv@1904  reward=  204.94 qoe=  62.0 qoe_q=   41.2 eps=0.372 loss=1.3478
[ep 1325] longdress    driving_B_2020.01.16_09.56.56.csv@978   reward=  136.93 qoe=   0.0 qoe_q=   -3.2 eps=0.371 loss=1.3445
[ep 1326] loot         driving_B_2020.02.13_13.03.24.csv@109   reward=   86.96 qoe=  14.3 qoe_q=   -1.4 eps=0.371 loss=1.3761
[ep 1327] redandblack  driving_B_2020.02.13_15.02.01.csv@352   reward=  182.92 qoe=  32.0 qoe_q=   50.7 eps=0.370 loss=1.3638
[ep 1328] soldier      driving_B_2020.01.16_09.56.56.csv@858   reward=   81.83 qoe=   0.0 qoe_q=  -31.6 eps=0.370 loss=1.4152
[ep 1329] longdress    driving_B_2019.12.16_12.27.05.csv@828   reward=  156.39 qoe=  47.8 qoe_q=   34.2 eps=0.369 loss=1.2611
[ep 1330] loot         driving_B_2020.02.13_13.03.24.csv@49    reward=   91.91 qoe=   0.0 qoe_q=   -9.1 eps=0.369 loss=1.2420
[ep 1331] redandblack  static_B_2019.12.16_13.40.04.csv@1315  reward=  202.70 qoe=  72.9 qoe_q=   52.3 eps=0.368 loss=1.4649
[ep 1332] soldier      driving_B_2019.12.17_07.32.39.csv@273   reward=   89.99 qoe=  13.8 qoe_q=    0.6 eps=0.368 loss=1.4298
[ep 1333] longdress    static_B_2020.02.14_13.21.26.csv@236   reward=  220.81 qoe= 100.0 qoe_q=   65.4 eps=0.367 loss=1.3260
[ep 1334] loot         driving_B_2020.01.16_09.56.56.csv@1458  reward=  220.92 qoe= 100.0 qoe_q=   65.6 eps=0.367 loss=1.3972
[ep 1335] redandblack  static_B_2019.12.16_13.40.04.csv@1075  reward=  175.60 qoe=  35.9 qoe_q=   34.7 eps=0.366 loss=1.3540
[ep 1336] soldier      driving_B_2019.12.17_07.32.39.csv@1533  reward=  127.16 qoe=  55.1 qoe_q=   19.4 eps=0.366 loss=1.3588
[ep 1337] longdress    driving_B_2020.01.16_09.56.56.csv@1338  reward=  169.68 qoe= 100.0 qoe_q=   48.4 eps=0.365 loss=1.2225
[ep 1338] loot         driving_B_2020.02.14_09.38.22.csv@1457  reward=  158.16 qoe=  45.6 qoe_q=   32.1 eps=0.365 loss=1.2973
[ep 1339] redandblack  driving_B_2020.02.13_15.02.01.csv@2512  reward=   77.92 qoe=   0.0 qoe_q=  -47.4 eps=0.364 loss=1.3071
[ep 1340] soldier      driving_B_2019.12.17_07.32.39.csv@1833  reward=   49.97 qoe=   0.0 qoe_q=  -47.8 eps=0.364 loss=1.3839
[ep 1341] longdress    driving_B_2019.12.17_07.32.39.csv@1893  reward=  225.38 qoe= 100.0 qoe_q=   65.1 eps=0.364 loss=1.4193
[ep 1342] loot         driving_B_2020.01.16_12.10.03.csv@190   reward=  238.06 qoe= 100.0 qoe_q=   70.8 eps=0.363 loss=1.2706
[ep 1343] redandblack  static_B_2020.02.27_18.39.27.csv@3832  reward=  168.51 qoe=  70.2 qoe_q=   39.1 eps=0.363 loss=1.3378
[ep 1344] soldier      driving_B_2019.12.17_07.32.39.csv@753   reward=  101.44 qoe=  30.6 qoe_q=   16.3 eps=0.362 loss=1.5035
[ep 1345] longdress    static_B_2020.02.27_18.39.27.csv@4612  reward=  145.50 qoe=  44.3 qoe_q=   28.0 eps=0.362 loss=1.4370
[ep 1346] loot         driving_B_2020.02.14_09.38.22.csv@17    reward=   96.10 qoe=   0.0 qoe_q=  -34.7 eps=0.361 loss=1.5168
[ep 1347] redandblack  driving_B_2020.02.13_13.03.24.csv@1549  reward=   76.06 qoe=  15.3 qoe_q=  -11.2 eps=0.361 loss=1.4807
[ep 1348] soldier      driving_B_2020.01.16_07.26.43.csv@1092  reward=  172.95 qoe=  67.8 qoe_q=   44.1 eps=0.360 loss=1.4526
[ep 1349] longdress    driving_B_2020.02.13_13.03.24.csv@409   reward=   85.32 qoe=   0.0 qoe_q=  -50.3 eps=0.360 loss=1.4593
[ep 1350] loot         driving_B_2020.02.14_09.38.22.csv@497   reward=  171.70 qoe=  35.6 qoe_q=   34.9 eps=0.359 loss=1.4270
[ep 1351] redandblack  static_B_2020.02.27_18.39.27.csv@1732  reward=  211.90 qoe= 100.0 qoe_q=   58.3 eps=0.359 loss=1.3139
[ep 1352] soldier      driving_B_2020.01.16_09.56.56.csv@138   reward=   62.64 qoe=   0.0 qoe_q=  -37.6 eps=0.358 loss=1.4305
[ep 1353] longdress    driving_B_2020.01.16_07.26.43.csv@1452  reward=   44.12 qoe=   0.0 qoe_q=  -61.8 eps=0.358 loss=1.5344
[ep 1354] loot         driving_B_2020.01.16_07.26.43.csv@672   reward=   79.61 qoe=   0.0 qoe_q=  -26.7 eps=0.357 loss=1.4968
[ep 1355] redandblack  static_B_2020.02.27_18.39.27.csv@952   reward=  231.64 qoe=  77.5 qoe_q=   66.7 eps=0.357 loss=1.4561
[ep 1356] soldier      driving_B_2020.02.27_17.30.15.csv@418   reward=   -4.28 qoe=   0.0 qoe_q= -449.2 eps=0.356 loss=1.5699
[ep 1357] longdress    static_B_2020.02.27_18.39.27.csv@5332  reward=  242.78 qoe= 100.0 qoe_q=   71.3 eps=0.356 loss=1.4673
[ep 1358] loot         driving_B_2019.12.17_07.32.39.csv@1353  reward=  190.02 qoe=  56.0 qoe_q=   52.9 eps=0.355 loss=1.5628
[ep 1359] redandblack  driving_B_2020.02.14_09.38.22.csv@1097  reward=   81.41 qoe=   0.0 qoe_q=  -44.9 eps=0.355 loss=1.4193
[ep 1360] soldier      static_B_2020.02.27_18.39.27.csv@3892  reward=  211.19 qoe=  78.0 qoe_q=   56.1 eps=0.355 loss=1.5741
[ep 1361] longdress    static_B_2020.02.27_18.39.27.csv@4132  reward=  237.93 qoe= 100.0 qoe_q=   74.4 eps=0.354 loss=1.3916
[ep 1362] loot         static_B_2020.02.27_18.39.27.csv@2872  reward=  234.42 qoe= 100.0 qoe_q=   71.7 eps=0.354 loss=1.5992
[ep 1363] redandblack  driving_B_2020.02.13_15.02.01.csv@2754  reward=   85.98 qoe=   0.0 qoe_q=  -46.5 eps=0.353 loss=1.4122
[ep 1364] soldier      static_B_2020.02.14_13.21.26.csv@776   reward=  213.95 qoe=  88.0 qoe_q=   60.9 eps=0.353 loss=1.5286
[ep 1365] longdress    driving_B_2019.12.16_12.27.05.csv@108   reward=  108.65 qoe=   0.0 qoe_q=  -35.4 eps=0.352 loss=1.5321
[ep 1366] loot         driving_B_2020.02.14_09.38.22.csv@1217  reward=  101.69 qoe=   0.0 qoe_q=  -19.5 eps=0.352 loss=1.5295
[ep 1367] redandblack  static_B_2019.12.16_13.40.04.csv@1615  reward=  223.97 qoe=  80.5 qoe_q=   58.8 eps=0.351 loss=1.3595
[ep 1368] soldier      driving_B_2020.02.14_12.58.17.csv@384   reward=   10.85 qoe=   0.0 qoe_q= -106.8 eps=0.351 loss=1.4813
[ep 1369] longdress    driving_B_2019.12.17_07.32.39.csv@1413  reward=  142.80 qoe=  57.8 qoe_q=   25.0 eps=0.350 loss=1.4671
[ep 1370] loot         static_B_2020.02.27_18.39.27.csv@592   reward=  202.25 qoe=  58.0 qoe_q=   40.7 eps=0.350 loss=1.3580
[ep 1371] redandblack  driving_B_2020.02.13_13.03.24.csv@2149  reward=   33.97 qoe=   0.0 qoe_q= -312.7 eps=0.349 loss=1.4332
[ep 1372] soldier      static_B_2020.02.27_18.39.27.csv@292   reward=  135.56 qoe=   2.3 qoe_q=    9.8 eps=0.349 loss=1.4971
[ep 1373] longdress    static_B_2020.02.27_18.39.27.csv@4192  reward=  144.91 qoe=  36.5 qoe_q=   25.2 eps=0.348 loss=1.4461
[ep 1374] loot         static_B_2020.02.14_13.21.26.csv@176   reward=  246.33 qoe= 100.0 qoe_q=   75.0 eps=0.348 loss=1.5013
[ep 1375] redandblack  static_B_2020.02.27_18.39.27.csv@3172  reward=  110.33 qoe=   0.0 qoe_q= -267.9 eps=0.347 loss=1.2876
[ep 1376] soldier      driving_B_2019.12.17_07.32.39.csv@2288  reward=  152.09 qoe=  54.2 qoe_q=   28.5 eps=0.347 loss=1.5266
[ep 1377] longdress    static_B_2020.02.27_18.39.27.csv@4912  reward=  180.05 qoe=  60.5 qoe_q=   39.3 eps=0.346 loss=1.5243
[ep 1378] loot         driving_B_2020.02.27_17.30.15.csv@358   reward=   96.22 qoe=   0.0 qoe_q=  -21.0 eps=0.346 loss=1.2895
[ep 1379] redandblack  static_B_2020.02.27_18.39.27.csv@4492  reward=  223.62 qoe=  84.7 qoe_q=   63.7 eps=0.346 loss=1.3844
[ep 1380] soldier      driving_B_2020.02.13_15.02.01.csv@2032  reward=  199.08 qoe=  59.3 qoe_q=   43.6 eps=0.345 loss=1.4588
[ep 1381] longdress    static_B_2020.02.27_18.39.27.csv@3532  reward=  191.58 qoe=  82.0 qoe_q=   50.2 eps=0.345 loss=1.5463
[ep 1382] loot         driving_B_2020.01.16_07.26.43.csv@1152  reward=  191.09 qoe= 100.0 qoe_q=   55.6 eps=0.344 loss=1.4892
[ep 1383] redandblack  static_B_2020.02.27_18.39.27.csv@1072  reward=  212.99 qoe=  78.7 qoe_q=   59.8 eps=0.344 loss=1.5390
[ep 1384] soldier      driving_B_2019.12.17_07.32.39.csv@813   reward=   92.06 qoe=   8.6 qoe_q=   -2.9 eps=0.343 loss=1.3507
[ep 1385] longdress    static_B_2020.02.27_18.39.27.csv@3772  reward=  204.82 qoe=  59.7 qoe_q=   48.2 eps=0.343 loss=1.5182
[ep 1386] loot         driving_B_2020.02.13_15.02.01.csv@832   reward=  103.33 qoe=  12.4 qoe_q=    3.9 eps=0.342 loss=1.5975
[ep 1387] redandblack  static_B_2020.02.27_18.39.27.csv@1972  reward=  227.71 qoe=  60.0 qoe_q=   67.6 eps=0.342 loss=1.4297
[ep 1388] soldier      static_B_2020.02.27_18.39.27.csv@232   reward=  238.49 qoe=  76.6 qoe_q=   66.9 eps=0.341 loss=1.3164
[ep 1389] longdress    driving_B_2019.12.16_12.27.05.csv@48    reward=   77.93 qoe=   0.0 qoe_q=   -9.7 eps=0.341 loss=1.4657
[ep 1390] loot         driving_B_2020.01.16_12.10.03.csv@70    reward=  217.97 qoe= 100.0 qoe_q=   66.8 eps=0.340 loss=1.2795
[ep 1391] redandblack  driving_B_2020.01.16_09.56.56.csv@1518  reward=  232.56 qoe=  76.0 qoe_q=   69.1 eps=0.340 loss=1.4757
[ep 1392] soldier      driving_B_2020.02.14_09.38.22.csv@857   reward=  234.00 qoe= 100.0 qoe_q=   68.1 eps=0.339 loss=1.4490
[ep 1393] longdress    driving_B_2019.12.17_07.32.39.csv@873   reward=   99.11 qoe=   3.9 qoe_q=   -2.7 eps=0.339 loss=1.4617
[ep 1394] loot         static_B_2019.12.16_13.40.04.csv@1904  reward=  151.65 qoe=   8.0 qoe_q=   21.0 eps=0.338 loss=1.3233
[ep 1395] redandblack  driving_B_2020.01.16_07.26.43.csv@1032  reward=  158.66 qoe=  77.2 qoe_q=   36.4 eps=0.338 loss=1.3686
[ep 1396] soldier      driving_B_2020.02.14_09.38.22.csv@1478  reward=   87.48 qoe=   0.0 qoe_q=  -16.9 eps=0.337 loss=1.3976
[ep 1397] longdress    driving_B_2020.01.16_09.56.56.csv@678   reward=   65.51 qoe=   0.0 qoe_q=  -53.1 eps=0.337 loss=1.5166
[ep 1398] loot         driving_B_2020.01.16_07.26.43.csv@1212  reward=  141.98 qoe=  52.9 qoe_q=   21.4 eps=0.336 loss=1.4436
[ep 1399] redandblack  static_B_2020.02.27_18.39.27.csv@172   reward=  235.17 qoe=  50.0 qoe_q=   73.6 eps=0.336 loss=1.4425
[ep 1400] soldier      driving_B_2019.12.16_12.27.05.csv@648   reward=   76.17 qoe=   0.0 qoe_q=  -92.9 eps=0.336 loss=1.3135
    [eval @ ep 1400] reward=-83.02 qoe=68.3 qoe_q=-1269.5 mean_q=0.622 stall=256.6s
[ep 1401] longdress    driving_B_2020.02.27_17.30.15.csv@58    reward=   63.63 qoe=   0.0 qoe_q=  -22.5 eps=0.335 loss=1.3131
[ep 1402] loot         driving_B_2019.12.17_07.32.39.csv@2193  reward=  129.29 qoe=  23.5 qoe_q=   19.2 eps=0.335 loss=1.4507
[ep 1403] redandblack  driving_B_2020.02.13_15.02.01.csv@1132  reward=  105.78 qoe=   0.0 qoe_q=   -9.3 eps=0.334 loss=1.2899
[ep 1404] soldier      static_B_2020.02.27_18.39.27.csv@2752  reward=  215.85 qoe=  86.2 qoe_q=   62.7 eps=0.334 loss=1.2771
[ep 1405] longdress    static_B_2020.02.27_18.39.27.csv@5572  reward=  242.07 qoe=  86.1 qoe_q=   71.9 eps=0.333 loss=1.4685
[ep 1406] loot         static_B_2020.02.27_18.39.27.csv@1192  reward=  194.75 qoe=  80.0 qoe_q=   27.4 eps=0.333 loss=1.4445
[ep 1407] redandblack  static_B_2019.12.16_13.40.04.csv@1375  reward=  148.68 qoe=   0.0 qoe_q= -108.7 eps=0.332 loss=1.3616
[ep 1408] soldier      driving_B_2020.02.13_13.03.24.csv@1609  reward=   22.31 qoe=   0.0 qoe_q= -169.6 eps=0.332 loss=1.4755
[ep 1409] longdress    driving_B_2020.02.13_15.02.01.csv@2272  reward=   88.78 qoe=   0.0 qoe_q=  -33.2 eps=0.331 loss=1.5377
[ep 1410] loot         driving_B_2020.01.16_12.10.03.csv@244   reward=  248.06 qoe= 100.0 qoe_q=   76.0 eps=0.331 loss=1.4515
[ep 1411] redandblack  driving_B_2019.12.17_07.32.39.csv@513   reward=   71.56 qoe=   0.0 qoe_q=  -32.2 eps=0.330 loss=1.5579
[ep 1412] soldier      driving_B_2020.02.14_09.38.22.csv@677   reward=  159.25 qoe=  24.6 qoe_q=   30.9 eps=0.330 loss=1.4657
[ep 1413] longdress    driving_B_2020.02.13_15.02.01.csv@1192  reward=  173.30 qoe=  28.1 qoe_q=   34.5 eps=0.329 loss=1.4266
[ep 1414] loot         static_B_2020.02.14_13.21.26.csv@656   reward=  257.90 qoe= 100.0 qoe_q=   80.2 eps=0.329 loss=1.4849
[ep 1415] redandblack  driving_B_2019.12.17_07.32.39.csv@153   reward=  155.32 qoe=  17.5 qoe_q=   17.3 eps=0.328 loss=1.3919
[ep 1416] soldier      driving_B_2020.02.14_09.38.22.csv@1478  reward=   82.82 qoe=   0.0 qoe_q=   -5.5 eps=0.328 loss=1.4720
[ep 1417] longdress    driving_B_2019.12.16_12.27.05.csv@468   reward=  100.05 qoe=  83.5 qoe_q=   22.8 eps=0.327 loss=1.3410
[ep 1418] loot         driving_B_2020.01.16_07.26.43.csv@12    reward=  100.71 qoe=   0.0 qoe_q=  -10.8 eps=0.327 loss=1.3989
[ep 1419] redandblack  driving_B_2020.01.16_09.56.56.csv@198   reward=  243.27 qoe= 100.0 qoe_q=   73.8 eps=0.327 loss=1.4677
[ep 1420] soldier      static_B_2020.02.27_18.39.27.csv@1672  reward=  193.27 qoe=  69.8 qoe_q=   52.0 eps=0.326 loss=1.3364
[ep 1421] longdress    static_B_2020.02.27_18.39.27.csv@772   reward=  236.41 qoe= 100.0 qoe_q=   69.6 eps=0.326 loss=1.5227
[ep 1422] loot         driving_B_2020.01.16_12.10.03.csv@244   reward=  264.96 qoe= 100.0 qoe_q=   83.2 eps=0.325 loss=1.5638
[ep 1423] redandblack  driving_B_2020.01.16_07.26.43.csv@792   reward=  170.52 qoe=  50.0 qoe_q=   43.4 eps=0.325 loss=1.4785
[ep 1424] soldier      static_B_2020.02.27_18.39.27.csv@4732  reward=  213.69 qoe=  77.7 qoe_q=   58.0 eps=0.324 loss=1.5953
[ep 1425] longdress    driving_B_2020.02.27_17.30.15.csv@118   reward=   27.83 qoe=   0.0 qoe_q= -165.7 eps=0.324 loss=1.5162
[ep 1426] loot         driving_B_2020.02.13_13.03.24.csv@349   reward=   92.10 qoe=   0.0 qoe_q=   -8.2 eps=0.323 loss=1.5933
[ep 1427] redandblack  static_B_2019.12.16_13.40.04.csv@115   reward=  230.40 qoe=  58.0 qoe_q=   70.6 eps=0.323 loss=1.5887
[ep 1428] soldier      driving_B_2020.02.13_15.02.01.csv@2392  reward=    5.16 qoe=   0.0 qoe_q= -214.0 eps=0.322 loss=1.2032
[ep 1429] longdress    static_B_2020.02.27_18.39.27.csv@5152  reward=  214.77 qoe= 100.0 qoe_q=   60.0 eps=0.322 loss=1.3497
[ep 1430] loot         driving_B_2020.02.13_13.03.24.csv@949   reward=  112.37 qoe=   0.0 qoe_q=  -11.5 eps=0.321 loss=1.4364
[ep 1431] redandblack  driving_B_2020.01.16_09.56.56.csv@1218  reward=  144.63 qoe=   0.0 qoe_q=    8.5 eps=0.321 loss=1.5857
[ep 1432] soldier      driving_B_2020.02.13_15.02.01.csv@1552  reward=   21.32 qoe=   0.0 qoe_q= -133.3 eps=0.320 loss=1.5331
[ep 1433] longdress    static_B_2019.12.16_13.40.04.csv@295   reward=  145.77 qoe=  37.1 qoe_q=   27.4 eps=0.320 loss=1.5859
[ep 1434] loot         driving_B_2019.12.17_07.32.39.csv@1173  reward=  146.49 qoe=   0.0 qoe_q=   -5.0 eps=0.319 loss=1.4477
[ep 1435] redandblack  static_B_2020.02.27_18.39.27.csv@2512  reward=  226.77 qoe=  64.0 qoe_q=   67.4 eps=0.319 loss=1.5171
[ep 1436] soldier      driving_B_2020.01.16_07.26.43.csv@372   reward=   54.29 qoe=   0.0 qoe_q=  -35.3 eps=0.318 loss=1.5822
[ep 1437] longdress    driving_B_2020.02.14_09.38.22.csv@737   reward=   73.61 qoe=   0.0 qoe_q=  -39.6 eps=0.318 loss=1.4706
[ep 1438] loot         driving_B_2020.02.13_15.02.01.csv@1432  reward=   86.47 qoe=   0.0 qoe_q=   -7.1 eps=0.318 loss=1.5562
[ep 1439] redandblack  driving_B_2020.01.16_09.56.56.csv@558   reward=  260.83 qoe= 100.0 qoe_q=   82.4 eps=0.317 loss=1.3904
[ep 1440] soldier      driving_B_2020.02.14_12.58.17.csv@684   reward=   17.54 qoe=   0.0 qoe_q=  -84.0 eps=0.317 loss=1.4568
[ep 1441] longdress    static_B_2020.02.27_18.39.27.csv@4552  reward=  168.23 qoe=  79.0 qoe_q=   40.3 eps=0.316 loss=1.6822
[ep 1442] loot         driving_B_2020.02.13_15.02.01.csv@1312  reward=   -6.29 qoe=   0.0 qoe_q= -187.5 eps=0.316 loss=1.5907
[ep 1443] redandblack  static_B_2020.02.27_18.39.27.csv@4312  reward=  204.11 qoe=  84.0 qoe_q=   54.2 eps=0.315 loss=1.6736
[ep 1444] soldier      driving_B_2020.01.16_07.26.43.csv@852   reward=  131.02 qoe=   0.0 qoe_q=    7.7 eps=0.315 loss=1.5074
[ep 1445] longdress    driving_B_2020.02.14_09.38.22.csv@197   reward=   40.81 qoe=   0.0 qoe_q=  -95.8 eps=0.314 loss=1.5260
[ep 1446] loot         driving_B_2020.02.13_13.03.24.csv@829   reward=   79.98 qoe=   0.0 qoe_q=  -20.1 eps=0.314 loss=1.5974
[ep 1447] redandblack  driving_B_2020.02.13_13.03.24.csv@1849  reward=  -40.97 qoe=   0.0 qoe_q= -631.7 eps=0.313 loss=1.5038
[ep 1448] soldier      driving_B_2019.12.17_07.32.39.csv@1113  reward=  207.38 qoe=  81.7 qoe_q=   56.2 eps=0.313 loss=1.5006
[ep 1449] longdress    driving_B_2019.12.17_07.32.39.csv@1053  reward=  140.07 qoe=  37.9 qoe_q=   17.1 eps=0.312 loss=1.5014
[ep 1450] loot         driving_B_2020.01.16_09.56.56.csv@1278  reward=  217.08 qoe=  70.0 qoe_q=   58.7 eps=0.312 loss=1.5082
[ep 1451] redandblack  driving_B_2019.12.17_07.32.39.csv@93    reward=  146.05 qoe=  22.8 qoe_q=   14.5 eps=0.311 loss=1.5074
[ep 1452] soldier      static_B_2020.02.27_18.39.27.csv@5512  reward=  228.43 qoe=  82.8 qoe_q=   65.4 eps=0.311 loss=1.6282
[ep 1453] longdress    driving_B_2019.12.16_12.27.05.csv@228   reward=  171.37 qoe=  59.7 qoe_q=   37.4 eps=0.310 loss=1.5100
[ep 1454] loot         driving_B_2019.12.17_07.32.39.csv@453   reward=  231.73 qoe=  84.9 qoe_q=   67.5 eps=0.310 loss=1.5590
[ep 1455] redandblack  driving_B_2020.02.13_13.03.24.csv@1909  reward=  -36.78 qoe=   0.0 qoe_q= -252.4 eps=0.309 loss=1.5196
[ep 1456] soldier      driving_B_2019.12.16_12.27.05.csv@408   reward=   15.27 qoe=   0.0 qoe_q=  -66.9 eps=0.309 loss=1.6126
[ep 1457] longdress    driving_B_2020.02.14_12.58.17.csv@144   reward=  173.08 qoe= 100.0 qoe_q=   48.6 eps=0.308 loss=1.4828
[ep 1458] loot         driving_B_2020.01.16_09.56.56.csv@918   reward=  103.56 qoe=   6.4 qoe_q=   -1.1 eps=0.308 loss=1.5274
[ep 1459] redandblack  driving_B_2020.02.13_15.02.01.csv@1912  reward=  178.54 qoe= 100.0 qoe_q=   48.9 eps=0.308 loss=1.4990
[ep 1460] soldier      driving_B_2020.02.13_13.03.24.csv@589   reward=   97.93 qoe=  53.1 qoe_q=    9.5 eps=0.307 loss=1.5524
[ep 1461] longdress    driving_B_2020.02.14_12.58.17.csv@800   reward=    0.19 qoe=   0.0 qoe_q= -162.0 eps=0.307 loss=1.4461
[ep 1462] loot         driving_B_2020.02.27_17.30.15.csv@298   reward=   -1.55 qoe=   0.0 qoe_q= -213.6 eps=0.306 loss=1.3917
[ep 1463] redandblack  driving_B_2020.02.13_15.02.01.csv@2754  reward=  108.39 qoe=   0.0 qoe_q=   -7.3 eps=0.306 loss=1.4175
[ep 1464] soldier      static_B_2019.12.16_13.40.04.csv@535   reward=  218.42 qoe=  81.2 qoe_q=   54.1 eps=0.305 loss=1.4029
[ep 1465] longdress    static_B_2020.02.27_18.39.27.csv@3712  reward=  248.61 qoe= 100.0 qoe_q=   74.7 eps=0.305 loss=1.6169
[ep 1466] loot         static_B_2019.12.16_13.40.04.csv@835   reward=  246.94 qoe= 100.0 qoe_q=   75.5 eps=0.304 loss=1.4569
[ep 1467] redandblack  driving_B_2020.02.13_15.02.01.csv@652   reward=  124.98 qoe=  48.6 qoe_q=   20.0 eps=0.304 loss=1.5096
[ep 1468] soldier      driving_B_2020.01.16_07.26.43.csv@492   reward=  110.55 qoe=   0.0 qoe_q=   -5.9 eps=0.303 loss=1.6199
[ep 1469] longdress    driving_B_2020.02.27_17.30.15.csv@598   reward=   10.37 qoe=   0.0 qoe_q= -144.6 eps=0.303 loss=1.6359
[ep 1470] loot         static_B_2020.02.27_18.39.27.csv@5212  reward=  136.45 qoe=   0.0 qoe_q=   12.8 eps=0.302 loss=1.4304
[ep 1471] redandblack  static_B_2019.12.16_13.40.04.csv@1255  reward=  158.79 qoe=  55.1 qoe_q=   32.5 eps=0.302 loss=1.5015
[ep 1472] soldier      driving_B_2020.02.13_13.03.24.csv@1009  reward=   36.56 qoe=   0.0 qoe_q= -129.2 eps=0.301 loss=1.4782
[ep 1473] longdress    driving_B_2020.01.16_09.56.56.csv@1570  reward=  146.60 qoe=  12.4 qoe_q=   22.8 eps=0.301 loss=1.5123
[ep 1474] loot         driving_B_2020.02.14_12.58.17.csv@24    reward=  199.14 qoe=  72.3 qoe_q=   52.8 eps=0.300 loss=1.5894
[ep 1475] redandblack  driving_B_2020.01.16_07.26.43.csv@1332  reward=   75.32 qoe=   0.0 qoe_q=  -84.0 eps=0.300 loss=1.7445
[ep 1476] soldier      static_B_2019.12.16_13.40.04.csv@1135  reward=  -21.32 qoe=   0.0 qoe_q= -320.6 eps=0.299 loss=1.5769
[ep 1477] longdress    driving_B_2020.02.13_15.02.01.csv@2152  reward=  244.68 qoe= 100.0 qoe_q=   73.0 eps=0.299 loss=1.4641
[ep 1478] loot         static_B_2020.02.27_18.39.27.csv@5742  reward=  236.68 qoe=  80.0 qoe_q=   70.6 eps=0.299 loss=1.5460
[ep 1479] redandblack  driving_B_2020.02.13_15.02.01.csv@112   reward=  250.83 qoe=  86.0 qoe_q=   75.1 eps=0.298 loss=1.3384
[ep 1480] soldier      driving_B_2020.02.13_15.02.01.csv@1372  reward=   13.42 qoe=   0.0 qoe_q=  -77.0 eps=0.298 loss=1.5017
[ep 1481] longdress    static_B_2019.12.16_13.40.04.csv@1904  reward=  161.08 qoe=  32.0 qoe_q=   22.8 eps=0.297 loss=1.5751
[ep 1482] loot         static_B_2020.02.27_18.39.27.csv@2572  reward=  190.89 qoe=  87.1 qoe_q=   55.7 eps=0.297 loss=1.5078
[ep 1483] redandblack  static_B_2020.02.27_18.39.27.csv@112   reward=  240.07 qoe= 100.0 qoe_q=   71.4 eps=0.296 loss=1.5164
[ep 1484] soldier      static_B_2020.02.27_18.39.27.csv@2932  reward=  185.95 qoe=  57.8 qoe_q=   38.2 eps=0.296 loss=1.5128
[ep 1485] longdress    driving_B_2020.01.16_07.26.43.csv@1692  reward=   79.55 qoe=  15.3 qoe_q=  -10.4 eps=0.295 loss=1.4468
[ep 1486] loot         driving_B_2020.02.14_12.58.17.csv@264   reward=  -48.70 qoe=   0.0 qoe_q= -391.3 eps=0.295 loss=1.5723
[ep 1487] redandblack  static_B_2020.02.27_18.39.27.csv@5452  reward=  199.62 qoe=  57.4 qoe_q=   46.3 eps=0.294 loss=1.3605
[ep 1488] soldier      driving_B_2020.02.13_13.03.24.csv@1969  reward=   24.50 qoe=   0.0 qoe_q= -117.4 eps=0.294 loss=1.5578
[ep 1489] longdress    driving_B_2020.02.13_13.03.24.csv@1789  reward=  -18.19 qoe=   0.0 qoe_q= -936.6 eps=0.293 loss=1.4742
[ep 1490] loot         driving_B_2020.02.13_13.03.24.csv@169   reward=  107.40 qoe=   0.0 qoe_q=  -11.8 eps=0.293 loss=1.4460
[ep 1491] redandblack  static_B_2020.02.27_18.39.27.csv@1432  reward=  220.69 qoe=  85.2 qoe_q=   60.1 eps=0.292 loss=1.4541
[ep 1492] soldier      driving_B_2020.02.13_15.02.01.csv@1732  reward=  228.13 qoe=  89.9 qoe_q=   67.7 eps=0.292 loss=1.4468
[ep 1493] longdress    driving_B_2020.01.16_07.26.43.csv@732   reward=  150.08 qoe=   8.9 qoe_q=    8.0 eps=0.291 loss=1.5326
[ep 1494] loot         driving_B_2020.02.13_15.02.01.csv@2572  reward=  200.77 qoe=  52.0 qoe_q=   56.8 eps=0.291 loss=1.4283
[ep 1495] redandblack  driving_B_2020.01.16_09.56.56.csv@1398  reward=  185.75 qoe=  66.2 qoe_q=   46.7 eps=0.290 loss=1.4128
[ep 1496] soldier      static_B_2020.02.27_18.39.27.csv@1012  reward=  190.50 qoe=  62.8 qoe_q=   46.3 eps=0.290 loss=1.5414
[ep 1497] longdress    driving_B_2020.02.14_09.38.22.csv@557   reward=  199.16 qoe=  81.3 qoe_q=   54.3 eps=0.289 loss=1.4129
[ep 1498] loot         driving_B_2020.02.14_09.38.22.csv@977   reward=   83.79 qoe=   0.0 qoe_q=  -49.0 eps=0.289 loss=1.4327
[ep 1499] redandblack  static_B_2020.02.27_18.39.27.csv@4672  reward=  107.61 qoe=   0.0 qoe_q= -194.4 eps=0.289 loss=1.4629
[ep 1500] soldier      driving_B_2020.02.13_13.03.24.csv@2188  reward=   37.03 qoe=   0.0 qoe_q= -244.7 eps=0.288 loss=1.4959
[ep 1501] longdress    static_B_2020.02.27_18.39.27.csv@5742  reward=  255.73 qoe= 100.0 qoe_q=   76.7 eps=0.288 loss=1.5021
[ep 1502] loot         driving_B_2020.02.13_13.03.24.csv@1729  reward=  213.69 qoe=  61.8 qoe_q=   57.3 eps=0.287 loss=1.6414
[ep 1503] redandblack  driving_B_2019.12.16_12.27.05.csv@588   reward=   78.81 qoe=   0.0 qoe_q=  -92.2 eps=0.287 loss=1.5980
[ep 1504] soldier      driving_B_2020.02.13_13.03.24.csv@1249  reward=   16.30 qoe=   0.0 qoe_q=  -45.4 eps=0.286 loss=1.4595
[ep 1505] longdress    driving_B_2020.02.13_13.03.24.csv@289   reward=  123.08 qoe=   6.2 qoe_q=   15.2 eps=0.286 loss=1.5455
[ep 1506] loot         static_B_2020.02.27_18.39.27.csv@3112  reward=  170.84 qoe=  68.1 qoe_q=   37.4 eps=0.285 loss=1.5138
[ep 1507] redandblack  driving_B_2020.01.16_09.56.56.csv@1158  reward=  103.46 qoe=  15.9 qoe_q=    1.8 eps=0.285 loss=1.4979
[ep 1508] soldier      driving_B_2020.02.13_13.03.24.csv@2089  reward=   45.60 qoe=   0.0 qoe_q=  -69.4 eps=0.284 loss=1.6294
[ep 1509] longdress    driving_B_2020.01.16_07.26.43.csv@552   reward=  120.05 qoe=   0.0 qoe_q=   -0.4 eps=0.284 loss=1.6843
[ep 1510] loot         driving_B_2020.02.13_15.02.01.csv@2092  reward=  152.12 qoe=  11.0 qoe_q=   14.3 eps=0.283 loss=1.7077
[ep 1511] redandblack  static_B_2020.02.27_18.39.27.csv@892   reward=  207.52 qoe=  50.0 qoe_q=   49.8 eps=0.283 loss=1.4612
[ep 1512] soldier      static_B_2020.02.27_18.39.27.csv@2272  reward=  211.92 qoe=  63.1 qoe_q=   50.5 eps=0.282 loss=1.6276
[ep 1513] longdress    driving_B_2019.12.17_07.32.39.csv@1593  reward=  151.06 qoe=  53.5 qoe_q=   20.8 eps=0.282 loss=1.5166
[ep 1514] loot         driving_B_2020.02.13_13.03.24.csv@469   reward=  143.55 qoe=  31.3 qoe_q=   18.5 eps=0.281 loss=1.5565
[ep 1515] redandblack  static_B_2020.02.27_18.39.27.csv@2632  reward=  234.85 qoe= 100.0 qoe_q=   68.7 eps=0.281 loss=1.5902
[ep 1516] soldier      driving_B_2020.02.14_12.58.17.csv@624   reward=   87.02 qoe=   0.0 qoe_q=  -32.4 eps=0.280 loss=1.5443
[ep 1517] longdress    static_B_2020.02.27_18.39.27.csv@5032  reward=  241.14 qoe=  81.4 qoe_q=   71.3 eps=0.280 loss=1.7456
[ep 1518] loot         driving_B_2020.01.16_07.26.43.csv@432   reward=   72.02 qoe=   0.0 qoe_q=  -64.9 eps=0.280 loss=1.7019
[ep 1519] redandblack  static_B_2020.02.27_18.39.27.csv@4072  reward=  253.16 qoe= 100.0 qoe_q=   75.7 eps=0.279 loss=1.5061
[ep 1520] soldier      static_B_2019.12.16_13.40.04.csv@775   reward=  255.83 qoe=  86.0 qoe_q=   77.0 eps=0.279 loss=1.4848
[ep 1521] longdress    static_B_2020.02.27_18.39.27.csv@4372  reward=  216.21 qoe=  57.4 qoe_q=   53.0 eps=0.278 loss=1.4203
[ep 1522] loot         driving_B_2020.01.16_07.26.43.csv@1770  reward=  112.77 qoe=   0.0 qoe_q=    2.5 eps=0.278 loss=1.6437
[ep 1523] redandblack  driving_B_2020.02.14_09.38.22.csv@377   reward=   94.57 qoe=   0.0 qoe_q=  -44.9 eps=0.277 loss=1.6181
[ep 1524] soldier      driving_B_2020.02.13_13.03.24.csv@1669  reward=  221.23 qoe= 100.0 qoe_q=   55.3 eps=0.277 loss=1.6141
[ep 1525] longdress    driving_B_2020.01.16_09.56.56.csv@318   reward=  156.69 qoe=  51.5 qoe_q=   27.1 eps=0.276 loss=1.5197
[ep 1526] loot         driving_B_2020.01.16_07.26.43.csv@612   reward=  148.76 qoe=  40.7 qoe_q=   24.8 eps=0.276 loss=1.7327
[ep 1527] redandblack  static_B_2020.02.27_18.39.27.csv@3052  reward=  228.09 qoe= 100.0 qoe_q=   68.9 eps=0.275 loss=1.7093
[ep 1528] soldier      static_B_2020.02.27_18.39.27.csv@3592  reward=  206.30 qoe= 100.0 qoe_q=   59.4 eps=0.275 loss=1.6090
[ep 1529] longdress    static_B_2020.02.27_18.39.27.csv@472   reward=  190.15 qoe=  66.1 qoe_q=   45.7 eps=0.274 loss=1.7307
[ep 1530] loot         driving_B_2019.12.17_07.32.39.csv@1293  reward=  205.56 qoe=  64.3 qoe_q=   51.6 eps=0.274 loss=1.5333
[ep 1531] redandblack  static_B_2020.02.27_18.39.27.csv@5632  reward=  243.71 qoe=  80.0 qoe_q=   75.1 eps=0.273 loss=1.6151
[ep 1532] soldier      driving_B_2020.02.13_15.02.01.csv@52    reward=  250.80 qoe=  80.4 qoe_q=   70.5 eps=0.273 loss=1.6117
[ep 1533] longdress    static_B_2020.02.27_18.39.27.csv@4972  reward=  251.08 qoe= 100.0 qoe_q=   74.7 eps=0.272 loss=1.6992
[ep 1534] loot         driving_B_2020.02.27_17.30.15.csv@538   reward=   60.04 qoe=   0.0 qoe_q=  -43.8 eps=0.272 loss=1.5731
[ep 1535] redandblack  static_B_2020.02.27_18.39.27.csv@2152  reward=  216.42 qoe=  77.4 qoe_q=   58.1 eps=0.271 loss=1.5353
[ep 1536] soldier      driving_B_2020.02.14_12.58.17.csv@444   reward=  -17.00 qoe=   0.0 qoe_q= -313.8 eps=0.271 loss=1.4891
[ep 1537] longdress    static_B_2020.02.27_18.39.27.csv@1252  reward=  269.90 qoe= 100.0 qoe_q=   83.5 eps=0.271 loss=1.6390
[ep 1538] loot         driving_B_2020.01.16_07.26.43.csv@1392  reward=  124.43 qoe=   0.0 qoe_q=  -21.2 eps=0.270 loss=1.5131
[ep 1539] redandblack  driving_B_2019.12.17_07.32.39.csv@2133  reward=   99.60 qoe=   0.0 qoe_q=  -31.0 eps=0.270 loss=1.5399
[ep 1540] soldier      driving_B_2020.02.13_15.02.01.csv@712   reward=   95.81 qoe=  25.7 qoe_q=   15.0 eps=0.269 loss=1.5472
[ep 1541] longdress    driving_B_2019.12.17_07.32.39.csv@2073  reward=  233.36 qoe=  80.8 qoe_q=   63.7 eps=0.269 loss=1.6229
[ep 1542] loot         static_B_2019.12.16_13.40.04.csv@235   reward=  211.71 qoe=  74.8 qoe_q=   56.0 eps=0.268 loss=1.5559
[ep 1543] redandblack  static_B_2020.02.27_18.39.27.csv@3472  reward=  228.25 qoe=  84.7 qoe_q=   66.9 eps=0.268 loss=1.3601
[ep 1544] soldier      static_B_2020.02.27_18.39.27.csv@1312  reward=  260.44 qoe=  88.3 qoe_q=   80.6 eps=0.267 loss=1.6437
[ep 1545] longdress    driving_B_2019.12.16_12.27.05.csv@708   reward=  242.17 qoe= 100.0 qoe_q=   70.2 eps=0.267 loss=1.7412
[ep 1546] loot         driving_B_2020.01.16_09.56.56.csv@378   reward=  121.21 qoe=   0.0 qoe_q=   -2.6 eps=0.266 loss=1.6135
[ep 1547] redandblack  static_B_2019.12.16_13.40.04.csv@595   reward=  210.40 qoe=  78.4 qoe_q=   56.1 eps=0.266 loss=1.5464
[ep 1548] soldier      driving_B_2020.02.27_17.30.15.csv@658   reward=   46.73 qoe=   0.0 qoe_q= -131.3 eps=0.265 loss=1.5523
[ep 1549] longdress    driving_B_2020.02.13_15.02.01.csv@1252  reward=  167.91 qoe=  28.0 qoe_q=   22.9 eps=0.265 loss=1.6600
[ep 1550] loot         driving_B_2020.02.13_13.03.24.csv@889   reward=   71.18 qoe=   0.0 qoe_q=  -71.6 eps=0.264 loss=1.4570
[ep 1551] redandblack  driving_B_2020.02.13_13.03.24.csv@2188  reward=    9.89 qoe=   0.0 qoe_q= -103.7 eps=0.264 loss=1.5677
[ep 1552] soldier      driving_B_2020.01.16_07.26.43.csv@1752  reward=  104.46 qoe=   0.0 qoe_q=   -4.1 eps=0.263 loss=1.5643
[ep 1553] longdress    driving_B_2020.02.14_12.58.17.csv@504   reward=   10.99 qoe=   0.0 qoe_q=  -80.5 eps=0.263 loss=1.7873
[ep 1554] loot         static_B_2020.02.14_13.21.26.csv@596   reward=  217.94 qoe=  96.0 qoe_q=   64.3 eps=0.262 loss=1.7456
[ep 1555] redandblack  driving_B_2020.02.13_15.02.01.csv@172   reward=  243.39 qoe=  85.3 qoe_q=   74.3 eps=0.262 loss=1.5315
[ep 1556] soldier      driving_B_2020.02.13_15.02.01.csv@2212  reward=  231.46 qoe=  72.7 qoe_q=   64.3 eps=0.261 loss=1.5325
[ep 1557] longdress    driving_B_2020.02.13_15.02.01.csv@1612  reward=   10.08 qoe=   0.0 qoe_q= -124.1 eps=0.261 loss=1.5874
[ep 1558] loot         static_B_2020.02.27_18.39.27.csv@5272  reward=  193.48 qoe=   8.0 qoe_q=   56.1 eps=0.261 loss=1.5118
[ep 1559] redandblack  static_B_2020.02.27_18.39.27.csv@4852  reward=  228.35 qoe=  74.0 qoe_q=   67.6 eps=0.260 loss=1.6031
[ep 1560] soldier      driving_B_2020.02.27_17.30.15.csv@720   reward=    0.39 qoe=   0.0 qoe_q=  -89.0 eps=0.260 loss=1.4014
[ep 1561] longdress    static_B_2019.12.16_13.40.04.csv@1495  reward=  259.29 qoe= 100.0 qoe_q=   79.8 eps=0.259 loss=1.5453
[ep 1562] loot         driving_B_2020.02.13_15.02.01.csv@292   reward=  261.20 qoe= 100.0 qoe_q=   79.1 eps=0.259 loss=1.6159
[ep 1563] redandblack  driving_B_2020.02.13_15.02.01.csv@2752  reward=   94.48 qoe=   0.0 qoe_q=  -18.5 eps=0.258 loss=1.6175
[ep 1564] soldier      static_B_2020.02.27_18.39.27.csv@1912  reward=  245.23 qoe=  74.0 qoe_q=   75.0 eps=0.258 loss=1.5767
[ep 1565] longdress    driving_B_2019.12.16_12.27.05.csv@1128  reward=  189.20 qoe=  44.0 qoe_q=   32.3 eps=0.257 loss=1.5532
[ep 1566] loot         driving_B_2020.02.13_15.02.01.csv@892   reward=  198.08 qoe=  10.0 qoe_q=   56.9 eps=0.257 loss=1.4860
[ep 1567] redandblack  static_B_2020.02.27_18.39.27.csv@3952  reward=  249.23 qoe= 100.0 qoe_q=   75.9 eps=0.256 loss=1.6018
[ep 1568] soldier      static_B_2020.02.27_18.39.27.csv@3292  reward=  272.54 qoe= 100.0 qoe_q=   85.2 eps=0.256 loss=1.5222
[ep 1569] longdress    driving_B_2020.01.16_07.26.43.csv@1632  reward=  105.35 qoe=   0.0 qoe_q=   -1.0 eps=0.255 loss=1.5406
[ep 1570] loot         static_B_2020.02.14_13.21.26.csv@850   reward=  197.81 qoe=  78.4 qoe_q=   51.0 eps=0.255 loss=1.4958
[ep 1571] redandblack  driving_B_2020.01.16_09.56.56.csv@798   reward=  230.65 qoe=  67.6 qoe_q=   64.0 eps=0.254 loss=1.6836
[ep 1572] soldier      driving_B_2019.12.17_07.32.39.csv@573   reward=  108.70 qoe=  14.5 qoe_q=   10.7 eps=0.254 loss=1.5575
[ep 1573] longdress    static_B_2020.02.27_18.39.27.csv@2992  reward=  186.88 qoe=  43.3 qoe_q=   34.4 eps=0.253 loss=1.6099
[ep 1574] loot         driving_B_2020.02.13_13.03.24.csv@2029  reward=   66.96 qoe=   0.0 qoe_q=  -19.0 eps=0.253 loss=1.5928
[ep 1575] redandblack  driving_B_2020.02.13_15.02.01.csv@2692  reward=   89.71 qoe=   0.0 qoe_q=  -30.2 eps=0.252 loss=1.6268
[ep 1576] soldier      driving_B_2020.01.16_07.26.43.csv@972   reward=  113.35 qoe=   0.0 qoe_q=  -19.0 eps=0.252 loss=1.6234
[ep 1577] longdress    driving_B_2020.01.16_07.26.43.csv@312   reward=  144.68 qoe=  47.1 qoe_q=   26.1 eps=0.252 loss=1.5419
[ep 1578] loot         driving_B_2020.02.14_09.38.22.csv@137   reward=   63.36 qoe=   0.0 qoe_q=  -44.9 eps=0.251 loss=1.5040
[ep 1579] redandblack  driving_B_2020.02.14_09.38.22.csv@1277  reward=  209.89 qoe=  75.5 qoe_q=   58.4 eps=0.251 loss=1.7393
[ep 1580] soldier      driving_B_2020.02.13_13.03.24.csv@649   reward=   60.45 qoe=   0.0 qoe_q=  -30.3 eps=0.250 loss=1.6342
[ep 1581] longdress    static_B_2020.02.27_18.39.27.csv@2452  reward=  239.80 qoe= 100.0 qoe_q=   75.9 eps=0.250 loss=1.8896
[ep 1582] loot         static_B_2019.12.16_13.40.04.csv@1795  reward=  236.10 qoe=  81.6 qoe_q=   69.7 eps=0.249 loss=1.7186
[ep 1583] redandblack  static_B_2020.02.27_18.39.27.csv@1792  reward=  117.94 qoe=   0.0 qoe_q= -285.1 eps=0.249 loss=1.5117
[ep 1584] soldier      driving_B_2019.12.17_07.32.39.csv@1653  reward=  148.64 qoe=   0.0 qoe_q=   -8.8 eps=0.248 loss=1.6139
[ep 1585] longdress    driving_B_2020.02.13_15.02.01.csv@2452  reward=   29.83 qoe=   0.0 qoe_q= -154.9 eps=0.248 loss=1.7781
[ep 1586] loot         driving_B_2020.02.13_15.02.01.csv@1672  reward=   62.32 qoe=   0.0 qoe_q=  -40.1 eps=0.247 loss=1.5711
[ep 1587] redandblack  static_B_2019.12.16_13.40.04.csv@655   reward=  216.11 qoe=  84.5 qoe_q=   58.7 eps=0.247 loss=1.6175
[ep 1588] soldier      driving_B_2020.01.16_09.56.56.csv@1098  reward=  111.10 qoe=   0.0 qoe_q=  -27.1 eps=0.246 loss=1.6262
[ep 1589] longdress    static_B_2020.02.27_18.39.27.csv@2812  reward=  236.88 qoe=  87.1 qoe_q=   70.6 eps=0.246 loss=1.5724
[ep 1590] loot         driving_B_2019.12.16_12.27.05.csv@768   reward=  201.16 qoe=  46.3 qoe_q=   44.7 eps=0.245 loss=1.5877
[ep 1591] redandblack  driving_B_2019.12.17_07.32.39.csv@393   reward=  207.11 qoe=  66.6 qoe_q=   48.7 eps=0.245 loss=1.7845
[ep 1592] soldier      driving_B_2020.02.14_09.38.22.csv@437   reward=  144.56 qoe=  27.8 qoe_q=   16.7 eps=0.244 loss=1.5713
[ep 1593] longdress    driving_B_2020.02.27_17.30.15.csv@178   reward=   47.23 qoe=  31.7 qoe_q=  -27.4 eps=0.244 loss=1.6244
[ep 1594] loot         driving_B_2020.02.13_13.03.24.csv@1129  reward=   98.98 qoe=   0.0 qoe_q=  -34.8 eps=0.243 loss=1.7421
[ep 1595] redandblack  driving_B_2020.02.13_15.02.01.csv@1972  reward=  188.22 qoe=  72.0 qoe_q=   50.2 eps=0.243 loss=1.6233
[ep 1596] soldier      driving_B_2020.02.14_09.38.22.csv@1157  reward=   50.24 qoe=   0.0 qoe_q=  -32.6 eps=0.243 loss=1.6246
[ep 1597] longdress    static_B_2020.02.27_18.39.27.csv@2032  reward=  263.46 qoe=  94.0 qoe_q=   81.5 eps=0.242 loss=1.6448
[ep 1598] loot         static_B_2020.02.27_18.39.27.csv@1552  reward=  196.86 qoe=  67.2 qoe_q=   52.0 eps=0.242 loss=1.6628
[ep 1599] redandblack  driving_B_2020.01.16_12.10.03.csv@10    reward=  223.11 qoe=  71.0 qoe_q=   63.3 eps=0.241 loss=1.6639
[ep 1600] soldier      static_B_2020.02.14_13.21.26.csv@56    reward=  260.11 qoe=  84.0 qoe_q=   81.1 eps=0.241 loss=1.5626
    [eval @ ep 1600] reward=-78.11 qoe=60.9 qoe_q=-1271.5 mean_q=0.665 stall=257.5s
[ep 1601] longdress    static_B_2020.02.27_18.39.27.csv@712   reward=  168.62 qoe=  43.4 qoe_q=   34.1 eps=0.240 loss=1.5112
[ep 1602] loot         static_B_2019.12.16_13.40.04.csv@1735  reward=  239.38 qoe=  83.3 qoe_q=   71.7 eps=0.240 loss=1.7229
[ep 1603] redandblack  static_B_2020.02.27_18.39.27.csv@52    reward=  226.66 qoe=  76.0 qoe_q=   68.7 eps=0.239 loss=1.7242
[ep 1604] soldier      static_B_2020.02.27_18.39.27.csv@3232  reward=  246.21 qoe= 100.0 qoe_q=   72.4 eps=0.239 loss=1.7463
[ep 1605] longdress    driving_B_2019.12.17_07.32.39.csv@1713  reward=    3.87 qoe=   0.0 qoe_q= -100.9 eps=0.238 loss=1.6491
[ep 1606] loot         driving_B_2019.12.16_12.27.05.csv@528   reward=   69.02 qoe=   0.0 qoe_q=  -66.6 eps=0.238 loss=1.5434
[ep 1607] redandblack  static_B_2020.02.27_18.39.27.csv@652   reward=  235.11 qoe= 100.0 qoe_q=   69.1 eps=0.237 loss=1.7650
[ep 1608] soldier      static_B_2020.02.27_18.39.27.csv@2332  reward=  114.93 qoe=  31.4 qoe_q=   10.7 eps=0.237 loss=1.7544
[ep 1609] longdress    static_B_2020.02.27_18.39.27.csv@5092  reward=  234.21 qoe= 100.0 qoe_q=   68.9 eps=0.236 loss=1.6438
[ep 1610] loot         static_B_2020.02.27_18.39.27.csv@2212  reward=  231.31 qoe=  77.0 qoe_q=   64.6 eps=0.236 loss=1.7333
[ep 1611] redandblack  static_B_2020.02.27_18.39.27.csv@4432  reward=  248.37 qoe=  82.8 qoe_q=   69.9 eps=0.235 loss=1.6785
[ep 1612] soldier      static_B_2020.02.14_13.21.26.csv@536   reward=  206.95 qoe=  70.7 qoe_q=   53.4 eps=0.235 loss=1.5837
[ep 1613] longdress    driving_B_2020.02.13_13.03.24.csv@529   reward=   97.84 qoe=   0.0 qoe_q=   -4.4 eps=0.234 loss=1.6756
[ep 1614] loot         static_B_2019.12.16_13.40.04.csv@1855  reward=  204.47 qoe=  68.5 qoe_q=   48.4 eps=0.234 loss=1.6936
[ep 1615] redandblack  static_B_2019.12.16_13.40.04.csv@895   reward=  212.18 qoe=  65.6 qoe_q=   52.2 eps=0.233 loss=1.8210
[ep 1616] soldier      driving_B_2019.12.16_12.27.05.csv@168   reward=   94.93 qoe=  83.0 qoe_q=   20.0 eps=0.233 loss=1.6243
[ep 1617] longdress    driving_B_2020.02.13_13.03.24.csv@1429  reward=  132.80 qoe=  38.1 qoe_q=   24.1 eps=0.233 loss=1.6905
[ep 1618] loot         driving_B_2020.02.14_12.58.17.csv@800   reward=   99.87 qoe=   0.0 qoe_q=  -10.9 eps=0.232 loss=1.5428
[ep 1619] redandblack  driving_B_2020.02.27_17.30.15.csv@478   reward=    5.95 qoe=   0.0 qoe_q= -132.2 eps=0.232 loss=1.5751
[ep 1620] soldier      static_B_2020.02.27_18.39.27.csv@1372  reward=  235.63 qoe= 100.0 qoe_q=   68.9 eps=0.231 loss=1.5641
[ep 1621] longdress    driving_B_2020.02.14_12.58.17.csv@84    reward=   11.19 qoe=   0.0 qoe_q=  -75.0 eps=0.231 loss=1.5058
[ep 1622] loot         driving_B_2020.02.14_09.38.22.csv@797   reward=   85.32 qoe=   0.0 qoe_q=  -82.5 eps=0.230 loss=1.4700
[ep 1623] redandblack  driving_B_2020.02.27_17.30.15.csv@720   reward=   12.43 qoe=   0.0 qoe_q= -217.0 eps=0.230 loss=1.6483
[ep 1624] soldier      static_B_2019.12.16_13.40.04.csv@55    reward=  207.57 qoe=  62.2 qoe_q=   54.2 eps=0.229 loss=1.6718
[ep 1625] longdress    static_B_2020.02.14_13.21.26.csv@116   reward=  235.21 qoe= 100.0 qoe_q=   72.3 eps=0.229 loss=1.5780
[ep 1626] loot         driving_B_2020.01.16_09.56.56.csv@498   reward=  254.41 qoe=  74.0 qoe_q=   79.1 eps=0.228 loss=1.6276
[ep 1627] redandblack  driving_B_2019.12.16_12.27.05.csv@948   reward=  241.62 qoe= 100.0 qoe_q=   72.1 eps=0.228 loss=1.6239
[ep 1628] soldier      static_B_2019.12.16_13.40.04.csv@1555  reward=  199.96 qoe=  67.6 qoe_q=   51.5 eps=0.227 loss=1.6195
[ep 1629] longdress    driving_B_2019.12.17_07.32.39.csv@1473  reward=  117.57 qoe=   0.0 qoe_q=    4.9 eps=0.227 loss=1.6530
[ep 1630] loot         driving_B_2020.02.14_09.38.22.csv@1397  reward=  115.05 qoe=  17.8 qoe_q=    3.6 eps=0.226 loss=1.5776
[ep 1631] redandblack  static_B_2020.02.14_13.21.26.csv@836   reward=  238.64 qoe= 100.0 qoe_q=   71.2 eps=0.226 loss=1.6176
[ep 1632] soldier      static_B_2020.02.27_18.39.27.csv@2092  reward=  241.00 qoe=  87.0 qoe_q=   65.2 eps=0.225 loss=1.5914
[ep 1633] longdress    driving_B_2020.01.16_12.10.03.csv@130   reward=  258.49 qoe=  85.9 qoe_q=   79.9 eps=0.225 loss=1.6969
[ep 1634] loot         static_B_2020.02.27_18.39.27.csv@4792  reward=  266.01 qoe=  76.0 qoe_q=   84.4 eps=0.224 loss=1.5578
[ep 1635] redandblack  driving_B_2019.12.16_12.27.05.csv@1152  reward=  182.80 qoe=  35.8 qoe_q=   22.4 eps=0.224 loss=1.6015
[ep 1636] soldier      driving_B_2020.02.13_15.02.01.csv@1072  reward=  146.61 qoe=  19.4 qoe_q=   20.9 eps=0.224 loss=1.5813
[ep 1637] longdress    driving_B_2019.12.17_07.32.39.csv@993   reward=   77.89 qoe=   0.0 qoe_q=  -38.7 eps=0.223 loss=1.8820
[ep 1638] loot         driving_B_2020.02.14_09.38.22.csv@257   reward=   25.35 qoe=   0.0 qoe_q= -107.8 eps=0.223 loss=1.7314
[ep 1639] redandblack  driving_B_2020.01.16_09.56.56.csv@618   reward=  253.92 qoe= 100.0 qoe_q=   79.5 eps=0.222 loss=1.5511
[ep 1640] soldier      driving_B_2019.12.16_12.27.05.csv@888   reward=  234.95 qoe= 100.0 qoe_q=   68.6 eps=0.222 loss=1.7634
[ep 1641] longdress    driving_B_2020.02.14_12.58.17.csv@324   reward=  -11.98 qoe=   0.0 qoe_q= -165.2 eps=0.221 loss=1.5732
[ep 1642] loot         driving_B_2020.02.13_15.02.01.csv@1792  reward=  247.84 qoe=  88.0 qoe_q=   74.6 eps=0.221 loss=1.7600
[ep 1643] redandblack  driving_B_2020.02.14_09.38.22.csv@1037  reward=  134.78 qoe=   0.0 qoe_q=  -17.2 eps=0.220 loss=1.6188
[ep 1644] soldier      static_B_2020.02.14_13.21.26.csv@850   reward=  194.46 qoe=  75.8 qoe_q=   47.0 eps=0.220 loss=1.7431
[ep 1645] longdress    driving_B_2020.02.14_09.38.22.csv@317   reward=   73.25 qoe=   8.1 qoe_q=  -33.4 eps=0.219 loss=1.7676
[ep 1646] loot         driving_B_2019.12.16_12.27.05.csv@1008  reward=  258.04 qoe=  85.7 qoe_q=   80.0 eps=0.219 loss=1.7907
[ep 1647] redandblack  driving_B_2020.02.14_09.38.22.csv@617   reward=  222.76 qoe=  84.5 qoe_q=   65.1 eps=0.218 loss=1.6808
[ep 1648] soldier      driving_B_2020.02.13_13.03.24.csv@1069  reward=   76.56 qoe=   0.0 qoe_q=  -23.7 eps=0.218 loss=1.5511
[ep 1649] longdress    static_B_2020.02.27_18.39.27.csv@832   reward=  236.59 qoe=  83.0 qoe_q=   68.5 eps=0.217 loss=1.5819
[ep 1650] loot         static_B_2020.02.27_18.39.27.csv@412   reward=  264.30 qoe= 100.0 qoe_q=   82.6 eps=0.217 loss=1.6252
[ep 1651] redandblack  driving_B_2020.01.16_07.26.43.csv@1572  reward=   38.62 qoe=   0.0 qoe_q= -118.2 eps=0.216 loss=1.7891
[ep 1652] soldier      driving_B_2020.02.13_15.02.01.csv@772   reward=  160.35 qoe=  34.0 qoe_q=   34.1 eps=0.216 loss=1.7427
[ep 1653] longdress    driving_B_2020.02.13_13.03.24.csv@1309  reward=   78.40 qoe=   0.0 qoe_q=  -41.2 eps=0.215 loss=1.4090
[ep 1654] loot         static_B_2019.12.16_13.40.04.csv@715   reward=  256.86 qoe=  80.0 qoe_q=   79.8 eps=0.215 loss=1.5734
[ep 1655] redandblack  driving_B_2020.02.13_15.02.01.csv@1492  reward=  102.92 qoe=   0.0 qoe_q=  -25.6 eps=0.215 loss=1.6037
[ep 1656] soldier      static_B_2019.12.16_13.40.04.csv@1015  reward=  176.68 qoe=  44.5 qoe_q=   36.0 eps=0.214 loss=1.7270
[ep 1657] longdress    static_B_2020.02.27_18.39.27.csv@5742  reward=  222.99 qoe=  73.2 qoe_q=   60.8 eps=0.214 loss=1.5813
[ep 1658] loot         static_B_2019.12.16_13.40.04.csv@415   reward=  147.14 qoe=   0.0 qoe_q=   18.5 eps=0.213 loss=1.8263
[ep 1659] redandblack  driving_B_2019.12.16_12.27.05.csv@348   reward=  172.02 qoe=  39.5 qoe_q=   33.2 eps=0.213 loss=1.5917
[ep 1660] soldier      driving_B_2020.02.14_09.38.22.csv@1337  reward=  238.17 qoe= 100.0 qoe_q=   68.0 eps=0.212 loss=1.7898
[ep 1661] longdress    driving_B_2019.12.17_07.32.39.csv@213   reward=  128.35 qoe=  26.5 qoe_q=   16.9 eps=0.212 loss=1.6310
[ep 1662] loot         driving_B_2020.02.13_13.03.24.csv@709   reward=  134.30 qoe=   0.0 qoe_q=   -0.7 eps=0.211 loss=1.6416
[ep 1663] redandblack  driving_B_2020.01.16_09.56.56.csv@1038  reward=  141.45 qoe=  40.7 qoe_q=   16.1 eps=0.211 loss=1.7851
[ep 1664] soldier      static_B_2020.02.27_18.39.27.csv@5392  reward=  256.01 qoe=  82.3 qoe_q=   78.7 eps=0.210 loss=1.7999
[ep 1665] longdress    static_B_2020.02.14_13.21.26.csv@296   reward=  273.72 qoe=  92.0 qoe_q=   88.0 eps=0.210 loss=1.6413
[ep 1666] loot         static_B_2020.02.27_18.39.27.csv@352   reward=  259.03 qoe= 100.0 qoe_q=   78.0 eps=0.209 loss=1.7847
[ep 1667] redandblack  driving_B_2019.12.17_07.32.39.csv@33    reward=  198.16 qoe= 100.0 qoe_q=   60.1 eps=0.209 loss=1.6426
[ep 1668] soldier      driving_B_2019.12.17_07.32.39.csv@693   reward=  148.56 qoe=  48.6 qoe_q=   28.3 eps=0.208 loss=1.6690
[ep 1669] longdress    static_B_2020.02.27_18.39.27.csv@3197  reward=  192.86 qoe=  88.0 qoe_q=   22.4 eps=0.208 loss=1.5216
[ep 1670] loot         static_B_2019.12.16_13.40.04.csv@457   reward=  209.09 qoe=  76.9 qoe_q=   59.9 eps=0.207 loss=1.7459
[ep 1671] redandblack  driving_B_2019.12.16_12.27.05.csv@41    reward=  135.61 qoe=  50.5 qoe_q=   20.8 eps=0.207 loss=1.7833
[ep 1672] soldier      static_B_2020.02.27_18.39.27.csv@1277  reward=  242.59 qoe=  72.2 qoe_q=   67.0 eps=0.206 loss=1.5996
[ep 1673] longdress    driving_B_2020.01.16_07.26.43.csv@864   reward=  144.05 qoe=  59.9 qoe_q=   34.8 eps=0.206 loss=1.7825
[ep 1674] loot         driving_B_2020.02.13_13.03.24.csv@1831  reward=  -90.95 qoe=   0.0 qoe_q= -566.5 eps=0.205 loss=1.8422
[ep 1675] redandblack  driving_B_2020.02.14_09.38.22.csv@1478  reward=  121.81 qoe=   0.0 qoe_q=   13.5 eps=0.205 loss=1.6561
[ep 1676] soldier      driving_B_2020.01.16_09.56.56.csv@884   reward=  101.85 qoe=   0.0 qoe_q=  -16.2 eps=0.205 loss=1.7434
[ep 1677] longdress    static_B_2019.12.16_13.40.04.csv@1537  reward=  265.59 qoe= 100.0 qoe_q=   80.6 eps=0.204 loss=1.8033
[ep 1678] loot         driving_B_2020.01.16_09.56.56.csv@824   reward=   98.89 qoe=   0.0 qoe_q=  -24.4 eps=0.204 loss=1.7946
[ep 1679] redandblack  static_B_2020.02.14_13.21.26.csv@708   reward=  269.06 qoe= 100.0 qoe_q=   85.4 eps=0.203 loss=1.7586
[ep 1680] soldier      static_B_2019.12.16_13.40.04.csv@1177  reward=  102.97 qoe=   0.0 qoe_q= -171.6 eps=0.203 loss=1.9254
[ep 1681] longdress    static_B_2020.02.27_18.39.27.csv@1517  reward=  222.80 qoe=  81.8 qoe_q=   61.7 eps=0.202 loss=1.6281
[ep 1682] loot         static_B_2020.02.27_18.39.27.csv@3677  reward=  266.09 qoe=  84.0 qoe_q=   83.8 eps=0.202 loss=1.5896
[ep 1683] redandblack  static_B_2020.02.27_18.39.27.csv@797   reward=  255.19 qoe= 100.0 qoe_q=   78.0 eps=0.201 loss=1.7405
[ep 1684] soldier      driving_B_2020.02.27_17.30.15.csv@85    reward=  -43.85 qoe=   0.0 qoe_q= -173.0 eps=0.201 loss=1.7496
[ep 1685] longdress    static_B_2019.12.16_13.40.04.csv@1057  reward=  155.02 qoe=  64.1 qoe_q=   36.8 eps=0.200 loss=1.9987
[ep 1686] loot         driving_B_2020.02.27_17.30.15.csv@625   reward=   32.55 qoe=   0.0 qoe_q=  -81.6 eps=0.200 loss=1.7565
[ep 1687] redandblack  static_B_2020.02.27_18.39.27.csv@677   reward=  213.12 qoe=  58.0 qoe_q=   63.3 eps=0.199 loss=1.7112
[ep 1688] soldier      driving_B_2020.02.13_15.02.01.csv@1462  reward=   36.35 qoe=   0.0 qoe_q=  -46.2 eps=0.199 loss=1.6874
[ep 1689] longdress    static_B_2020.02.27_18.39.27.csv@1397  reward=  250.93 qoe= 100.0 qoe_q=   75.9 eps=0.198 loss=1.7296
[ep 1690] loot         driving_B_2019.12.17_07.32.39.csv@729   reward=  142.55 qoe=   2.6 qoe_q=   15.5 eps=0.198 loss=1.7793
[ep 1691] redandblack  driving_B_2020.02.14_12.58.17.csv@800   reward=  119.65 qoe=  17.7 qoe_q=   12.4 eps=0.197 loss=1.6636
[ep 1692] soldier      static_B_2019.12.16_13.40.04.csv@217   reward=  153.45 qoe=  25.6 qoe_q=   31.4 eps=0.197 loss=2.0009
[ep 1693] longdress    driving_B_2020.01.16_07.26.43.csv@984   reward=  145.63 qoe=  60.8 qoe_q=   28.2 eps=0.196 loss=1.6475
[ep 1694] loot         static_B_2020.02.27_18.39.27.csv@1037  reward=  220.70 qoe=  60.8 qoe_q=   60.4 eps=0.196 loss=1.7061
[ep 1695] redandblack  driving_B_2020.01.16_07.26.43.csv@1704  reward=  138.87 qoe=  19.3 qoe_q=   10.2 eps=0.196 loss=1.6024
[ep 1696] soldier      driving_B_2020.02.27_17.30.15.csv@720   reward=   74.37 qoe=  11.6 qoe_q=  -35.2 eps=0.195 loss=1.7318
[ep 1697] longdress    driving_B_2020.02.14_09.38.22.csv@1478  reward=  126.95 qoe=  62.6 qoe_q=   27.8 eps=0.195 loss=1.5946
[ep 1698] loot         driving_B_2019.12.16_12.27.05.csv@641   reward=   52.58 qoe=   0.0 qoe_q= -114.4 eps=0.194 loss=1.7092
[ep 1699] redandblack  driving_B_2020.02.13_13.03.24.csv@511   reward=  117.39 qoe=   0.0 qoe_q=  -13.8 eps=0.194 loss=1.5792
[ep 1700] soldier      driving_B_2020.02.13_13.03.24.csv@1531  reward=   64.56 qoe=   0.0 qoe_q=  -24.5 eps=0.193 loss=1.9192
[ep 1701] longdress    driving_B_2020.01.16_09.56.56.csv@704   reward=  197.88 qoe=  75.4 qoe_q=   46.7 eps=0.193 loss=1.7861
[ep 1702] loot         static_B_2019.12.16_13.40.04.csv@1657  reward=  226.22 qoe=  85.3 qoe_q=   63.1 eps=0.192 loss=1.7897
[ep 1703] redandblack  driving_B_2020.02.13_15.02.01.csv@622   reward=   92.31 qoe=   0.0 qoe_q=  -26.0 eps=0.192 loss=1.7509
[ep 1704] soldier      driving_B_2019.12.17_07.32.39.csv@549   reward=  108.59 qoe=  15.1 qoe_q=    5.1 eps=0.191 loss=1.7680
[ep 1705] longdress    driving_B_2019.12.16_12.27.05.csv@521   reward=   18.14 qoe=   0.0 qoe_q= -116.4 eps=0.191 loss=1.8422
[ep 1706] loot         driving_B_2020.01.16_07.26.43.csv@264   reward=  181.66 qoe=  63.6 qoe_q=   41.8 eps=0.190 loss=1.8139
[ep 1707] redandblack  static_B_2020.02.27_18.39.27.csv@5742  reward=  250.79 qoe=  94.0 qoe_q=   76.8 eps=0.190 loss=1.7949
[ep 1708] soldier      driving_B_2019.12.17_07.32.39.csv@9     reward=   96.39 qoe=   0.0 qoe_q=  -13.6 eps=0.189 loss=1.6352
[ep 1709] longdress    driving_B_2020.02.13_15.02.01.csv@82    reward=  261.77 qoe=  82.0 qoe_q=   81.2 eps=0.189 loss=1.5566
[ep 1710] loot         driving_B_2020.01.16_09.56.56.csv@284   reward=  230.78 qoe=  80.0 qoe_q=   69.1 eps=0.188 loss=1.7871
[ep 1711] redandblack  driving_B_2020.02.13_15.02.01.csv@2122  reward=  240.55 qoe=  84.9 qoe_q=   69.4 eps=0.188 loss=1.7255
[ep 1712] soldier      driving_B_2020.02.14_09.38.22.csv@952   reward=  257.16 qoe= 100.0 qoe_q=   78.8 eps=0.187 loss=1.7005
[ep 1713] longdress    driving_B_2020.02.14_09.38.22.csv@712   reward=  196.64 qoe=  50.4 qoe_q=   49.7 eps=0.187 loss=1.7251
[ep 1714] loot         driving_B_2020.02.14_09.38.22.csv@52    reward=   70.34 qoe=   0.0 qoe_q=  -49.6 eps=0.187 loss=1.5712
[ep 1715] redandblack  driving_B_2019.12.17_07.32.39.csv@1569  reward=  114.94 qoe=  20.7 qoe_q=    6.2 eps=0.186 loss=1.6179
[ep 1716] soldier      static_B_2020.02.27_18.39.27.csv@3257  reward=  260.70 qoe=  92.0 qoe_q=   79.3 eps=0.186 loss=1.8479
[ep 1717] longdress    driving_B_2020.01.16_09.56.56.csv@224   reward=  179.76 qoe=  79.3 qoe_q=   39.9 eps=0.185 loss=1.7876
[ep 1718] loot         driving_B_2020.02.13_15.02.01.csv@922   reward=  214.84 qoe=   0.0 qoe_q=   68.3 eps=0.185 loss=1.7242
[ep 1719] redandblack  driving_B_2020.02.13_13.03.24.csv@2188  reward=   50.18 qoe=   0.0 qoe_q= -199.6 eps=0.184 loss=1.7415
[ep 1720] soldier      driving_B_2019.12.16_12.27.05.csv@221   reward=  120.79 qoe= 100.0 qoe_q=   34.3 eps=0.184 loss=1.5987
[ep 1721] longdress    driving_B_2019.12.17_07.32.39.csv@2288  reward=  189.45 qoe=  69.8 qoe_q=   50.4 eps=0.183 loss=1.7110
[ep 1722] loot         driving_B_2020.01.16_09.56.56.csv@1184  reward=  232.02 qoe=  83.7 qoe_q=   70.4 eps=0.183 loss=1.5765
[ep 1723] redandblack  driving_B_2020.02.14_12.58.17.csv@715   reward=   40.03 qoe=   0.0 qoe_q=  -71.5 eps=0.182 loss=1.6650
[ep 1724] soldier      static_B_2020.02.27_18.39.27.csv@77    reward=  275.16 qoe= 100.0 qoe_q=   86.8 eps=0.182 loss=1.7024
[ep 1725] longdress    driving_B_2019.12.16_12.27.05.csv@941   reward=  225.27 qoe= 100.0 qoe_q=   64.6 eps=0.181 loss=1.9161
[ep 1726] loot         driving_B_2019.12.16_12.27.05.csv@1001  reward=  242.41 qoe=  36.0 qoe_q=   76.2 eps=0.181 loss=1.6776
[ep 1727] redandblack  static_B_2020.02.27_18.39.27.csv@3017  reward=  194.62 qoe=  69.4 qoe_q=   49.8 eps=0.180 loss=1.8678
[ep 1728] soldier      driving_B_2020.02.13_13.03.24.csv@871   reward=   28.43 qoe=   0.0 qoe_q= -101.8 eps=0.180 loss=1.7345
[ep 1729] longdress    static_B_2020.02.27_18.39.27.csv@4397  reward=  241.20 qoe=  84.7 qoe_q=   64.9 eps=0.179 loss=1.6610
[ep 1730] loot         static_B_2020.02.27_18.39.27.csv@3917  reward=  285.35 qoe= 100.0 qoe_q=   91.7 eps=0.179 loss=1.6910
[ep 1731] redandblack  driving_B_2020.01.16_07.26.43.csv@144   reward=  143.77 qoe=  50.2 qoe_q=   20.7 eps=0.178 loss=1.7138
[ep 1732] soldier      driving_B_2020.02.13_13.03.24.csv@631   reward=  112.13 qoe=   9.9 qoe_q=    7.0 eps=0.178 loss=1.5903
[ep 1733] longdress    driving_B_2020.02.27_17.30.15.csv@385   reward=   65.51 qoe=  13.0 qoe_q=   -4.8 eps=0.177 loss=1.9155
[ep 1734] loot         driving_B_2019.12.17_07.32.39.csv@429   reward=  184.00 qoe=  74.7 qoe_q=   44.3 eps=0.177 loss=1.7401
[ep 1735] redandblack  static_B_2019.12.16_13.40.04.csv@37    reward=  208.62 qoe= 100.0 qoe_q=   58.2 eps=0.177 loss=1.6190
[ep 1736] soldier      driving_B_2020.02.13_15.02.01.csv@2754  reward=   78.11 qoe=   0.0 qoe_q=  -40.7 eps=0.176 loss=1.7503
[ep 1737] longdress    driving_B_2020.02.27_17.30.15.csv@685   reward=   57.54 qoe=   4.4 qoe_q=  -21.8 eps=0.176 loss=1.8543
[ep 1738] loot         static_B_2020.02.14_13.21.26.csv@768   reward=  225.59 qoe=  34.0 qoe_q=   70.6 eps=0.175 loss=1.6432
[ep 1739] redandblack  driving_B_2020.02.14_09.38.22.csv@772   reward=  170.87 qoe=  32.1 qoe_q=   27.2 eps=0.175 loss=1.7637
[ep 1740] soldier      static_B_2020.02.27_18.39.27.csv@2177  reward=  240.53 qoe=  81.4 qoe_q=   69.6 eps=0.174 loss=1.9937
[ep 1741] longdress    driving_B_2020.02.13_13.03.24.csv@31    reward=  111.84 qoe=  85.5 qoe_q=   29.0 eps=0.174 loss=1.9178
[ep 1742] loot         driving_B_2020.01.16_07.26.43.csv@1524  reward=  122.12 qoe=  20.5 qoe_q=   12.8 eps=0.173 loss=1.7702
[ep 1743] redandblack  static_B_2020.02.27_18.39.27.csv@5657  reward=  271.92 qoe= 100.0 qoe_q=   85.5 eps=0.173 loss=1.7640
[ep 1744] soldier      driving_B_2019.12.17_07.32.39.csv@1509  reward=   35.10 qoe=  18.7 qoe_q=  -18.7 eps=0.172 loss=1.7115
[ep 1745] longdress    driving_B_2020.01.16_07.26.43.csv@1644  reward=  105.64 qoe=  45.4 qoe_q=   19.7 eps=0.172 loss=1.9551
[ep 1746] loot         static_B_2019.12.16_13.40.04.csv@1897  reward=  165.98 qoe=   0.0 qoe_q=  -89.7 eps=0.171 loss=1.7193
[ep 1747] redandblack  driving_B_2020.02.13_13.03.24.csv@151   reward=   82.88 qoe=   0.0 qoe_q=   -7.5 eps=0.171 loss=1.7446
[ep 1748] soldier      driving_B_2020.01.16_09.56.56.csv@344   reward=  127.89 qoe=   6.7 qoe_q=    0.5 eps=0.170 loss=1.8852
[ep 1749] longdress    driving_B_2020.01.16_09.56.56.csv@644   reward=  152.55 qoe=  19.7 qoe_q=   28.8 eps=0.170 loss=1.7658
[ep 1750] loot         driving_B_2020.02.13_13.03.24.csv@1231  reward=   92.99 qoe=  19.9 qoe_q=    4.6 eps=0.169 loss=1.7697
[ep 1751] redandblack  static_B_2019.12.16_13.40.04.csv@1717  reward=  233.41 qoe=  77.1 qoe_q=   60.7 eps=0.169 loss=2.0006
[ep 1752] soldier      static_B_2020.02.27_18.39.27.csv@3797  reward=  196.81 qoe=  76.7 qoe_q=   43.5 eps=0.168 loss=1.7467
[ep 1753] longdress    static_B_2020.02.27_18.39.27.csv@5357  reward=  272.84 qoe= 100.0 qoe_q=   85.1 eps=0.168 loss=1.7502
[ep 1754] loot         driving_B_2019.12.17_07.32.39.csv@1629  reward=  205.06 qoe=  65.4 qoe_q=   50.7 eps=0.168 loss=1.8057
[ep 1755] redandblack  driving_B_2020.02.13_13.03.24.csv@1651  reward=  160.79 qoe=   0.0 qoe_q=  -36.8 eps=0.167 loss=1.8391
[ep 1756] soldier      driving_B_2020.02.14_12.58.17.csv@55    reward=   53.39 qoe=   0.0 qoe_q=  -72.5 eps=0.167 loss=1.8974
[ep 1757] longdress    driving_B_2020.02.13_15.02.01.csv@1282  reward=  122.11 qoe=  41.5 qoe_q=   19.0 eps=0.166 loss=1.9928
[ep 1758] loot         static_B_2020.02.27_18.39.27.csv@4817  reward=  223.98 qoe=  56.0 qoe_q=   71.1 eps=0.166 loss=1.7272
[ep 1759] redandblack  static_B_2020.02.27_18.39.27.csv@977   reward=  232.42 qoe=  81.3 qoe_q=   66.0 eps=0.165 loss=1.8939
[ep 1760] soldier      driving_B_2019.12.17_07.32.39.csv@1449  reward=  117.56 qoe=  48.3 qoe_q=   18.4 eps=0.165 loss=1.7375
[ep 1761] longdress    driving_B_2020.01.16_07.26.43.csv@804   reward=  150.91 qoe=  81.7 qoe_q=   40.6 eps=0.164 loss=1.6386
[ep 1762] loot         driving_B_2020.02.14_09.38.22.csv@1132  reward=  109.82 qoe=   0.0 qoe_q=   -2.7 eps=0.164 loss=1.7681
[ep 1763] redandblack  static_B_2020.02.27_18.39.27.csv@4217  reward=  260.79 qoe= 100.0 qoe_q=   81.2 eps=0.163 loss=1.7651
[ep 1764] soldier      static_B_2020.02.14_13.21.26.csv@168   reward=  246.16 qoe=  81.4 qoe_q=   74.3 eps=0.163 loss=1.7740
[ep 1765] longdress    driving_B_2020.02.13_13.03.24.csv@1051  reward=   70.31 qoe= 100.0 qoe_q=    8.4 eps=0.162 loss=1.8493
[ep 1766] loot         static_B_2020.02.14_13.21.26.csv@108   reward=  272.50 qoe=  81.5 qoe_q=   85.7 eps=0.162 loss=1.8298
[ep 1767] redandblack  driving_B_2020.02.13_15.02.01.csv@1642  reward=   29.96 qoe=   2.0 qoe_q=  -47.6 eps=0.161 loss=1.8369
[ep 1768] soldier      driving_B_2020.02.13_15.02.01.csv@502   reward=   83.35 qoe=  67.4 qoe_q=   18.9 eps=0.161 loss=1.8757
[ep 1769] longdress    driving_B_2020.02.13_15.02.01.csv@1402  reward=   85.18 qoe=  78.6 qoe_q=   16.9 eps=0.160 loss=1.7298
[ep 1770] loot         driving_B_2020.02.13_15.02.01.csv@1222  reward=  221.62 qoe= 100.0 qoe_q=   66.9 eps=0.160 loss=1.8395
[ep 1771] redandblack  static_B_2020.02.14_13.21.26.csv@288   reward=  248.53 qoe= 100.0 qoe_q=   75.2 eps=0.159 loss=1.7760
[ep 1772] soldier      driving_B_2020.02.14_09.38.22.csv@112   reward=   38.29 qoe=   0.0 qoe_q=  -74.8 eps=0.159 loss=1.7087
[ep 1773] longdress    driving_B_2020.02.13_13.03.24.csv@991   reward=   44.46 qoe=   0.0 qoe_q=  -33.3 eps=0.159 loss=2.0097
[ep 1774] loot         driving_B_2020.01.16_07.26.43.csv@684   reward=  124.17 qoe=   0.0 qoe_q=  -15.6 eps=0.158 loss=1.9628
[ep 1775] redandblack  static_B_2019.12.16_13.40.04.csv@817   reward=  257.49 qoe= 100.0 qoe_q=   78.4 eps=0.158 loss=1.8056
[ep 1776] soldier      static_B_2020.02.27_18.39.27.csv@1817  reward=   90.78 qoe= 100.0 qoe_q=  -17.5 eps=0.157 loss=1.7667
[ep 1777] longdress    driving_B_2020.01.16_09.56.56.csv@1364  reward=  182.94 qoe=  78.2 qoe_q=   43.2 eps=0.157 loss=1.7946
[ep 1778] loot         driving_B_2020.02.13_13.03.24.csv@331   reward=  145.97 qoe=  38.6 qoe_q=   24.7 eps=0.156 loss=1.7772
[ep 1779] redandblack  driving_B_2020.02.13_13.03.24.csv@1111  reward=   97.05 qoe= 100.0 qoe_q=   25.4 eps=0.156 loss=1.9222
[ep 1780] soldier      driving_B_2019.12.17_07.32.39.csv@849   reward=   72.57 qoe=  35.9 qoe_q=    0.1 eps=0.155 loss=1.6749
[ep 1781] longdress    driving_B_2020.01.16_09.56.56.csv@1570  reward=  199.48 qoe= 100.0 qoe_q=   59.9 eps=0.155 loss=1.7718
[ep 1782] loot         driving_B_2019.12.16_12.27.05.csv@581   reward=  152.07 qoe=  31.2 qoe_q=   24.0 eps=0.154 loss=1.8472
[ep 1783] redandblack  driving_B_2019.12.17_07.32.39.csv@1689  reward=  127.53 qoe=  19.6 qoe_q=    4.1 eps=0.154 loss=2.0782
[ep 1784] soldier      static_B_2020.02.27_18.39.27.csv@2657  reward=  198.13 qoe=  52.9 qoe_q=   39.8 eps=0.153 loss=1.7631
[ep 1785] longdress    driving_B_2020.02.27_17.30.15.csv@445   reward=  -58.77 qoe=   0.0 qoe_q= -235.8 eps=0.153 loss=1.7113
[ep 1786] loot         driving_B_2019.12.17_07.32.39.csv@1389  reward=  176.65 qoe=   0.0 qoe_q= -142.3 eps=0.152 loss=1.7407
[ep 1787] redandblack  driving_B_2020.02.14_12.58.17.csv@235   reward=  -32.26 qoe=   0.0 qoe_q= -127.9 eps=0.152 loss=1.7985
[ep 1788] soldier      driving_B_2020.02.14_09.38.22.csv@1372  reward=  223.97 qoe=  75.9 qoe_q=   61.1 eps=0.151 loss=1.6757
[ep 1789] longdress    static_B_2020.02.27_18.39.27.csv@2537  reward=  271.94 qoe= 100.0 qoe_q=   85.3 eps=0.151 loss=1.6585
[ep 1790] loot         driving_B_2020.02.14_12.58.17.csv@355   reward=   30.57 qoe=   0.0 qoe_q= -121.9 eps=0.150 loss=1.9607
[ep 1791] redandblack  driving_B_2019.12.17_07.32.39.csv@369   reward=  267.87 qoe= 100.0 qoe_q=   82.9 eps=0.150 loss=1.9224
[ep 1792] soldier      static_B_2020.02.27_18.39.27.csv@4457  reward=  176.41 qoe=  72.8 qoe_q=   35.8 eps=0.149 loss=1.8956
[ep 1793] longdress    static_B_2020.02.27_18.39.27.csv@137   reward=  178.81 qoe=  84.2 qoe_q=   50.5 eps=0.149 loss=1.6860
[ep 1794] loot         driving_B_2020.02.13_15.02.01.csv@982   reward=   65.42 qoe=   0.0 qoe_q=  -18.7 eps=0.149 loss=1.7062
[ep 1795] redandblack  driving_B_2020.02.14_12.58.17.csv@655   reward=  154.01 qoe=  41.0 qoe_q=   31.6 eps=0.148 loss=1.7160
[ep 1796] soldier      driving_B_2020.02.13_13.03.24.csv@691   reward=   60.98 qoe=  25.3 qoe_q=    3.8 eps=0.148 loss=1.7648
[ep 1797] longdress    static_B_2020.02.27_18.39.27.csv@1697  reward=  199.14 qoe= 100.0 qoe_q=   60.1 eps=0.147 loss=1.7626
[ep 1798] loot         driving_B_2020.02.13_15.02.01.csv@2302  reward=   91.49 qoe=   0.0 qoe_q=  -15.0 eps=0.147 loss=1.7297
[ep 1799] redandblack  driving_B_2020.01.16_07.26.43.csv@24    reward=  118.29 qoe=   3.5 qoe_q=   14.0 eps=0.146 loss=1.6187
[ep 1800] soldier      driving_B_2019.12.16_12.27.05.csv@821   reward=  152.93 qoe=  50.6 qoe_q=   38.1 eps=0.146 loss=1.7994
    [eval @ ep 1800] reward=-86.72 qoe=69.0 qoe_q=-1270.6 mean_q=0.607 stall=256.5s
[ep 1801] longdress    driving_B_2020.02.14_12.58.17.csv@415   reward=   22.39 qoe=   0.0 qoe_q= -128.9 eps=0.145 loss=1.7199
[ep 1802] loot         driving_B_2020.02.14_09.38.22.csv@1072  reward=  132.60 qoe=   6.2 qoe_q=   19.9 eps=0.145 loss=1.7904
[ep 1803] redandblack  driving_B_2020.02.14_12.58.17.csv@295   reward=  -51.81 qoe=   0.0 qoe_q= -224.8 eps=0.144 loss=1.7061
[ep 1804] soldier      driving_B_2019.12.17_07.32.39.csv@489   reward=   93.70 qoe=  84.5 qoe_q=   22.1 eps=0.144 loss=1.7195
[ep 1805] longdress    driving_B_2020.02.13_15.02.01.csv@22    reward=  246.65 qoe=  85.6 qoe_q=   67.2 eps=0.143 loss=1.7899
[ep 1806] loot         driving_B_2020.02.14_09.38.22.csv@1478  reward=  121.54 qoe=   4.6 qoe_q=   12.5 eps=0.143 loss=1.7321
[ep 1807] redandblack  static_B_2020.02.27_18.39.27.csv@4757  reward=  244.50 qoe=  68.0 qoe_q=   75.2 eps=0.142 loss=1.8246
[ep 1808] soldier      static_B_2020.02.14_13.21.26.csv@850   reward=  218.36 qoe=  56.1 qoe_q=   53.7 eps=0.142 loss=1.7693
[ep 1809] longdress    static_B_2020.02.27_18.39.27.csv@2237  reward=  198.25 qoe=  64.6 qoe_q=   50.9 eps=0.141 loss=1.7919
[ep 1810] loot         driving_B_2019.12.17_07.32.39.csv@969   reward=  117.62 qoe=  25.9 qoe_q=   11.8 eps=0.141 loss=1.9424
[ep 1811] redandblack  driving_B_2020.02.13_15.02.01.csv@262   reward=  228.40 qoe=  26.0 qoe_q=   70.8 eps=0.140 loss=1.6715
[ep 1812] soldier      driving_B_2019.12.17_07.32.39.csv@1749  reward=   66.43 qoe=  36.3 qoe_q=    3.5 eps=0.140 loss=1.8997
[ep 1813] longdress    driving_B_2019.12.17_07.32.39.csv@189   reward=  102.69 qoe=  58.8 qoe_q=   22.5 eps=0.140 loss=1.6422
[ep 1814] loot         driving_B_2020.02.13_15.02.01.csv@142   reward=  252.56 qoe=  50.0 qoe_q=   80.4 eps=0.139 loss=1.9648
[ep 1815] redandblack  static_B_2020.02.14_13.21.26.csv@528   reward=  245.41 qoe=  68.0 qoe_q=   76.4 eps=0.139 loss=1.7270
[ep 1816] soldier      driving_B_2019.12.17_07.32.39.csv@2049  reward=  110.01 qoe=  83.0 qoe_q=   26.5 eps=0.138 loss=1.6818
[ep 1817] longdress    driving_B_2020.02.13_15.02.01.csv@682   reward=  177.78 qoe=  57.5 qoe_q=   43.9 eps=0.138 loss=1.9356
[ep 1818] loot         static_B_2020.02.14_13.21.26.csv@648   reward=  216.59 qoe=  56.0 qoe_q=   65.8 eps=0.137 loss=1.8287
[ep 1819] redandblack  driving_B_2019.12.17_07.32.39.csv@1089  reward=  183.17 qoe=  53.6 qoe_q=   46.8 eps=0.137 loss=1.9053
[ep 1820] soldier      driving_B_2019.12.16_12.27.05.csv@161   reward=  101.10 qoe=  49.4 qoe_q=    9.7 eps=0.136 loss=1.7454
[ep 1821] longdress    driving_B_2020.02.13_13.03.24.csv@1171  reward=   91.33 qoe=  48.3 qoe_q=   -3.5 eps=0.136 loss=1.7602
[ep 1822] loot         driving_B_2020.02.13_15.02.01.csv@2062  reward=   76.10 qoe=   0.0 qoe_q=  -63.9 eps=0.135 loss=1.6474
[ep 1823] redandblack  static_B_2020.02.27_18.39.27.csv@4877  reward=  161.54 qoe=  68.3 qoe_q=   33.6 eps=0.135 loss=1.9373
[ep 1824] soldier      static_B_2020.02.27_18.39.27.csv@5477  reward=  265.76 qoe=  98.0 qoe_q=   81.4 eps=0.134 loss=1.7674
[ep 1825] longdress    driving_B_2019.12.17_07.32.39.csv@789   reward=  110.12 qoe= 100.0 qoe_q=   27.0 eps=0.134 loss=1.7973
[ep 1826] loot         driving_B_2019.12.17_07.32.39.csv@1209  reward=  237.44 qoe=  64.3 qoe_q=   62.9 eps=0.133 loss=1.9313
[ep 1827] redandblack  static_B_2020.02.27_18.39.27.csv@257   reward=  237.43 qoe=  82.9 qoe_q=   66.1 eps=0.133 loss=1.9304
[ep 1828] soldier      static_B_2020.02.27_18.39.27.csv@2717  reward=  267.36 qoe= 100.0 qoe_q=   81.7 eps=0.132 loss=1.9169
[ep 1829] longdress    static_B_2020.02.14_13.21.26.csv@588   reward=  270.49 qoe= 100.0 qoe_q=   83.6 eps=0.132 loss=1.8843
[ep 1830] loot         static_B_2019.12.16_13.40.04.csv@337   reward=  174.79 qoe=   5.3 qoe_q=   25.6 eps=0.131 loss=1.8429
[ep 1831] redandblack  driving_B_2020.02.13_13.03.24.csv@1471  reward=  199.25 qoe=  56.7 qoe_q=   50.4 eps=0.131 loss=1.9051
[ep 1832] soldier      static_B_2020.02.27_18.39.27.csv@3557  reward=  150.52 qoe=  80.7 qoe_q=   38.8 eps=0.130 loss=1.8648
[ep 1833] longdress    driving_B_2020.01.16_07.26.43.csv@1284  reward=  190.88 qoe=  84.3 qoe_q=   54.7 eps=0.130 loss=1.8206
[ep 1834] loot         driving_B_2020.02.13_15.02.01.csv@1522  reward=  114.27 qoe=  40.8 qoe_q=   12.2 eps=0.130 loss=1.7520
[ep 1835] redandblack  static_B_2020.02.27_18.39.27.csv@3737  reward=  275.77 qoe= 100.0 qoe_q=   87.2 eps=0.129 loss=1.9053
[ep 1836] soldier      driving_B_2020.02.13_15.02.01.csv@1042  reward=  262.32 qoe=  92.0 qoe_q=   81.1 eps=0.129 loss=2.1372
[ep 1837] longdress    driving_B_2020.02.14_12.58.17.csv@595   reward=  159.88 qoe=  78.2 qoe_q=   30.0 eps=0.128 loss=1.9420
[ep 1838] loot         driving_B_2020.01.16_09.56.56.csv@524   reward=  220.75 qoe=  70.1 qoe_q=   60.6 eps=0.128 loss=1.6734
[ep 1839] redandblack  driving_B_2020.02.13_15.02.01.csv@1882  reward=   98.11 qoe=  48.7 qoe_q=    8.8 eps=0.127 loss=1.8602
[ep 1840] soldier      driving_B_2020.01.16_09.56.56.csv@1244  reward=  190.84 qoe=  84.6 qoe_q=   51.9 eps=0.127 loss=1.7987
[ep 1841] longdress    driving_B_2019.12.17_07.32.39.csv@669   reward=  103.88 qoe= 100.0 qoe_q=   27.6 eps=0.126 loss=1.7960
[ep 1842] loot         driving_B_2019.12.17_07.32.39.csv@2169  reward=  113.25 qoe=   0.0 qoe_q=  -25.8 eps=0.126 loss=1.8826
[ep 1843] redandblack  driving_B_2020.02.13_15.02.01.csv@1102  reward=  201.83 qoe=  68.4 qoe_q=   47.2 eps=0.125 loss=1.8433
[ep 1844] soldier      driving_B_2020.02.13_13.03.24.csv@931   reward=   57.11 qoe=  11.5 qoe_q=  -18.9 eps=0.125 loss=1.9971
[ep 1845] longdress    static_B_2020.02.27_18.39.27.csv@3497  reward=  199.59 qoe=  80.2 qoe_q=   51.6 eps=0.124 loss=1.9953
[ep 1846] loot         static_B_2019.12.16_13.40.04.csv@277   reward=  226.48 qoe= 100.0 qoe_q=   61.0 eps=0.124 loss=1.9432
[ep 1847] redandblack  driving_B_2020.01.16_09.56.56.csv@1004  reward=  276.49 qoe= 100.0 qoe_q=   83.3 eps=0.123 loss=1.8229
[ep 1848] soldier      static_B_2020.02.27_18.39.27.csv@737   reward=  217.95 qoe=  62.0 qoe_q=   61.3 eps=0.123 loss=1.9362
[ep 1849] longdress    driving_B_2019.12.17_07.32.39.csv@129   reward=  106.81 qoe= 100.0 qoe_q=   24.4 eps=0.122 loss=1.7128
[ep 1850] loot         driving_B_2020.02.14_12.58.17.csv@535   reward=  134.50 qoe=   6.5 qoe_q=    1.8 eps=0.122 loss=1.8906
[ep 1851] redandblack  driving_B_2020.02.13_13.03.24.csv@2071  reward=   42.89 qoe=   0.0 qoe_q= -138.1 eps=0.121 loss=1.7992
[ep 1852] soldier      static_B_2019.12.16_13.40.04.csv@1357  reward=  158.03 qoe=   0.0 qoe_q=  -26.9 eps=0.121 loss=1.8139
[ep 1853] longdress    static_B_2020.02.27_18.39.27.csv@2897  reward=  233.94 qoe=  74.4 qoe_q=   65.3 eps=0.121 loss=1.8852
[ep 1854] loot         driving_B_2020.01.16_07.26.43.csv@624   reward=  131.73 qoe=   0.8 qoe_q=    2.8 eps=0.120 loss=1.9138
[ep 1855] redandblack  driving_B_2019.12.17_07.32.39.csv@309   reward=  197.87 qoe=  78.9 qoe_q=   54.2 eps=0.120 loss=1.8297
[ep 1856] soldier      driving_B_2020.02.13_13.03.24.csv@2011  reward=   42.72 qoe=   0.0 qoe_q=  -53.4 eps=0.119 loss=1.8519
[ep 1857] longdress    driving_B_2020.01.16_07.26.43.csv@324   reward=   64.66 qoe=  82.3 qoe_q=    9.7 eps=0.119 loss=1.7067
[ep 1858] loot         static_B_2020.02.27_18.39.27.csv@5717  reward=  267.05 qoe=  79.4 qoe_q=   68.1 eps=0.118 loss=1.8641
[ep 1859] redandblack  driving_B_2020.02.14_09.38.22.csv@292   reward=   89.45 qoe=  77.4 qoe_q=   13.9 eps=0.118 loss=1.8062
[ep 1860] soldier      static_B_2020.02.27_18.39.27.csv@4037  reward=  236.72 qoe=  84.7 qoe_q=   71.3 eps=0.117 loss=1.9624
[ep 1861] longdress    driving_B_2020.02.13_15.02.01.csv@442   reward=  118.26 qoe=  11.2 qoe_q=   10.4 eps=0.117 loss=2.0748
[ep 1862] loot         driving_B_2020.02.27_17.30.15.csv@720   reward=   61.57 qoe=  71.0 qoe_q=    1.1 eps=0.116 loss=1.7803
[ep 1863] redandblack  driving_B_2020.02.27_17.30.15.csv@25    reward=   74.61 qoe=  69.0 qoe_q=    2.4 eps=0.116 loss=1.6923
[ep 1864] soldier      static_B_2019.12.16_13.40.04.csv@937   reward=  120.67 qoe= 100.0 qoe_q=   34.6 eps=0.115 loss=1.8014
[ep 1865] longdress    driving_B_2020.02.14_09.38.22.csv@1252  reward=  145.06 qoe=  16.4 qoe_q=    8.4 eps=0.115 loss=1.8400
[ep 1866] loot         driving_B_2020.01.16_09.56.56.csv@164   reward=  246.23 qoe=  81.6 qoe_q=   72.1 eps=0.114 loss=1.7275
[ep 1867] redandblack  static_B_2020.02.27_18.39.27.csv@3977  reward=  260.90 qoe=  85.8 qoe_q=   81.0 eps=0.114 loss=1.7754
[ep 1868] soldier      driving_B_2020.01.16_07.26.43.csv@1404  reward=   82.42 qoe=  63.8 qoe_q=    2.5 eps=0.113 loss=1.8419
[ep 1869] longdress    driving_B_2020.02.13_15.02.01.csv@862   reward=  209.56 qoe=  85.8 qoe_q=   57.8 eps=0.113 loss=1.9627
[ep 1870] loot         driving_B_2020.01.16_09.56.56.csv@1544  reward=  287.42 qoe= 100.0 qoe_q=   91.7 eps=0.112 loss=1.8782
[ep 1871] redandblack  static_B_2020.02.27_18.39.27.csv@5417  reward=  233.46 qoe=  61.3 qoe_q=   58.0 eps=0.112 loss=1.7827
[ep 1872] soldier      static_B_2020.02.27_18.39.27.csv@197   reward=  248.01 qoe=  86.0 qoe_q=   74.0 eps=0.112 loss=1.7248
[ep 1873] longdress    driving_B_2020.02.13_15.02.01.csv@2754  reward=  103.75 qoe= 100.0 qoe_q=   32.2 eps=0.111 loss=1.6318
[ep 1874] loot         driving_B_2019.12.17_07.32.39.csv@609   reward=  107.37 qoe=   0.0 qoe_q=  -21.9 eps=0.111 loss=1.8242
[ep 1875] redandblack  static_B_2020.02.27_18.39.27.csv@4517  reward=  149.78 qoe=  32.2 qoe_q=   30.6 eps=0.110 loss=1.8216
[ep 1876] soldier      driving_B_2020.02.14_12.58.17.csv@800   reward=   83.38 qoe=  79.6 qoe_q=   13.2 eps=0.110 loss=1.7747
[ep 1877] longdress    static_B_2020.02.27_18.39.27.csv@2297  reward=  209.56 qoe=  62.8 qoe_q=   52.3 eps=0.109 loss=1.8941
[ep 1878] loot         static_B_2020.02.27_18.39.27.csv@4577  reward=  238.42 qoe=  79.0 qoe_q=   61.3 eps=0.109 loss=1.7529
[ep 1879] redandblack  static_B_2020.02.27_18.39.27.csv@317   reward=  256.50 qoe= 100.0 qoe_q=   76.9 eps=0.108 loss=1.9241
[ep 1880] soldier      driving_B_2019.12.16_12.27.05.csv@881   reward=  227.25 qoe=  72.6 qoe_q=   62.1 eps=0.108 loss=1.9683
[ep 1881] longdress    driving_B_2020.01.16_07.26.43.csv@1164  reward=  128.04 qoe=  60.3 qoe_q=   27.9 eps=0.107 loss=1.9166
[ep 1882] loot         static_B_2020.02.27_18.39.27.csv@1637  reward=  225.06 qoe=  74.4 qoe_q=   57.3 eps=0.107 loss=1.6513
[ep 1883] redandblack  driving_B_2020.02.13_13.03.24.csv@751   reward=  107.01 qoe= 100.0 qoe_q=   24.7 eps=0.106 loss=1.8038
[ep 1884] soldier      driving_B_2020.02.14_09.38.22.csv@352   reward=    8.73 qoe=   0.0 qoe_q= -124.0 eps=0.106 loss=1.8371
[ep 1885] longdress    driving_B_2020.01.16_12.10.03.csv@244   reward=  239.19 qoe=  84.6 qoe_q=   68.7 eps=0.105 loss=1.6756
[ep 1886] loot         driving_B_2020.01.16_09.56.56.csv@44    reward=  198.19 qoe= 100.0 qoe_q=   61.6 eps=0.105 loss=1.8664
[ep 1887] redandblack  static_B_2019.12.16_13.40.04.csv@757   reward=  276.04 qoe=  88.0 qoe_q=   88.0 eps=0.104 loss=1.7347
[ep 1888] soldier      driving_B_2020.01.16_09.56.56.csv@1064  reward=  124.98 qoe= 100.0 qoe_q=   33.9 eps=0.104 loss=1.9592
[ep 1889] longdress    driving_B_2020.02.13_15.02.01.csv@1822  reward=  269.22 qoe=  87.2 qoe_q=   78.9 eps=0.103 loss=1.8457
[ep 1890] loot         static_B_2020.02.27_18.39.27.csv@2117  reward=  220.30 qoe= 100.0 qoe_q=   67.9 eps=0.103 loss=1.8217
[ep 1891] redandblack  driving_B_2020.02.13_15.02.01.csv@2422  reward=   49.33 qoe=   0.0 qoe_q= -124.0 eps=0.102 loss=1.8299
[ep 1892] soldier      driving_B_2020.02.14_09.38.22.csv@1312  reward=  274.70 qoe= 100.0 qoe_q=   84.9 eps=0.102 loss=1.8958
[ep 1893] longdress    driving_B_2020.02.14_09.38.22.csv@1432  reward=   73.78 qoe= 100.0 qoe_q=   16.8 eps=0.102 loss=1.8147
[ep 1894] loot         driving_B_2020.02.27_17.30.15.csv@565   reward=   81.80 qoe=  43.9 qoe_q=   -3.8 eps=0.101 loss=1.8762
[ep 1895] redandblack  static_B_2020.02.27_18.39.27.csv@2417  reward=  241.00 qoe=  82.0 qoe_q=   65.9 eps=0.101 loss=1.8229
[ep 1896] soldier      driving_B_2020.02.14_09.38.22.csv@652   reward=  212.43 qoe=  63.8 qoe_q=   55.7 eps=0.100 loss=1.7571
[ep 1897] longdress    static_B_2020.02.27_18.39.27.csv@5742  reward=  275.30 qoe= 100.0 qoe_q=   85.1 eps=0.100 loss=2.1673
[ep 1898] loot         driving_B_2020.02.27_17.30.15.csv@325   reward=   63.51 qoe=   0.0 qoe_q=  -56.6 eps=0.099 loss=2.0544
[ep 1899] redandblack  driving_B_2019.12.17_07.32.39.csv@1149  reward=   99.74 qoe=   0.0 qoe_q=  -67.3 eps=0.099 loss=1.8725
[ep 1900] soldier      driving_B_2020.02.13_13.03.24.csv@1411  reward=   90.17 qoe=  20.9 qoe_q=    1.9 eps=0.098 loss=1.8277
[ep 1901] longdress    driving_B_2019.12.16_12.27.05.csv@701   reward=  254.64 qoe= 100.0 qoe_q=   73.4 eps=0.098 loss=1.9269
[ep 1902] loot         driving_B_2020.02.27_17.30.15.csv@505   reward=   31.07 qoe=   0.0 qoe_q=  -76.2 eps=0.097 loss=1.9594
[ep 1903] redandblack  static_B_2019.12.16_13.40.04.csv@697   reward=  279.67 qoe=  92.0 qoe_q=   89.9 eps=0.097 loss=2.0367
[ep 1904] soldier      static_B_2020.02.14_13.21.26.csv@48    reward=  260.82 qoe=  83.4 qoe_q=   81.2 eps=0.096 loss=2.0957
[ep 1905] longdress    driving_B_2020.02.14_12.58.17.csv@775   reward=   45.19 qoe=   0.0 qoe_q=  -41.3 eps=0.096 loss=2.0352
[ep 1906] loot         static_B_2019.12.16_13.40.04.csv@1837  reward=  232.08 qoe=  83.2 qoe_q=   67.3 eps=0.095 loss=1.8899
[ep 1907] redandblack  driving_B_2020.02.13_15.02.01.csv@1762  reward=  254.30 qoe= 100.0 qoe_q=   75.8 eps=0.095 loss=1.7778
[ep 1908] soldier      static_B_2020.02.27_18.39.27.csv@2957  reward=  250.33 qoe=  73.7 qoe_q=   64.1 eps=0.094 loss=2.0544
[ep 1909] longdress    static_B_2020.02.27_18.39.27.csv@4697  reward=  203.39 qoe=  67.2 qoe_q=   32.0 eps=0.094 loss=1.9116
[ep 1910] loot         driving_B_2020.02.14_09.38.22.csv@412   reward=   85.72 qoe=   0.0 qoe_q=  -38.8 eps=0.093 loss=1.8787
[ep 1911] redandblack  driving_B_2019.12.16_12.27.05.csv@461   reward=  138.80 qoe=  25.4 qoe_q=   20.7 eps=0.093 loss=1.8885
[ep 1912] soldier      static_B_2019.12.16_13.40.04.csv@997   reward=  200.74 qoe=  67.2 qoe_q=   49.2 eps=0.093 loss=1.9070
[ep 1913] longdress    driving_B_2020.02.13_13.03.24.csv@1591  reward=   11.45 qoe=   0.0 qoe_q= -170.2 eps=0.092 loss=1.7946
[ep 1914] loot         driving_B_2020.01.16_07.26.43.csv@924   reward=  121.41 qoe=   6.5 qoe_q=    9.3 eps=0.092 loss=1.7982
[ep 1915] redandblack  driving_B_2020.01.16_07.26.43.csv@1764  reward=  135.14 qoe=  83.7 qoe_q=   33.0 eps=0.091 loss=2.0140
[ep 1916] soldier      driving_B_2019.12.16_12.27.05.csv@1152  reward=  163.89 qoe=  25.5 qoe_q=   19.1 eps=0.091 loss=2.0927
[ep 1917] longdress    driving_B_2019.12.16_12.27.05.csv@1152  reward=  164.48 qoe=  46.7 qoe_q=   27.0 eps=0.090 loss=1.8895
[ep 1918] loot         static_B_2020.02.27_18.39.27.csv@5297  reward=  266.71 qoe=  82.0 qoe_q=   83.9 eps=0.090 loss=1.9200
[ep 1919] redandblack  driving_B_2020.02.14_09.38.22.csv@892   reward=  281.23 qoe= 100.0 qoe_q=   90.1 eps=0.089 loss=1.8809
[ep 1920] soldier      driving_B_2019.12.16_12.27.05.csv@1061  reward=  202.50 qoe=  56.7 qoe_q=   45.8 eps=0.089 loss=2.1462
[ep 1921] longdress    driving_B_2020.01.16_09.56.56.csv@1124  reward=  162.59 qoe=  42.1 qoe_q=   29.9 eps=0.088 loss=1.9798
[ep 1922] loot         static_B_2020.02.14_13.21.26.csv@828   reward=  287.16 qoe= 100.0 qoe_q=   92.2 eps=0.088 loss=2.0503
[ep 1923] redandblack  static_B_2019.12.16_13.40.04.csv@97    reward=  278.18 qoe= 100.0 qoe_q=   87.6 eps=0.087 loss=2.0237
[ep 1924] soldier      driving_B_2019.12.16_12.27.05.csv@761   reward=  140.93 qoe=  17.6 qoe_q=   20.5 eps=0.087 loss=1.8486
[ep 1925] longdress    static_B_2020.02.27_18.39.27.csv@3137  reward=   76.27 qoe=   0.0 qoe_q= -386.3 eps=0.086 loss=1.8271
[ep 1926] loot         static_B_2020.02.14_13.21.26.csv@348   reward=  275.68 qoe=  82.5 qoe_q=   83.2 eps=0.086 loss=1.9621
[ep 1927] redandblack  static_B_2020.02.27_18.39.27.csv@5177  reward=  275.48 qoe=  86.0 qoe_q=   88.4 eps=0.085 loss=1.9079
[ep 1928] soldier      driving_B_2020.02.13_13.03.24.csv@2131  reward=   -6.10 qoe=   0.0 qoe_q= -433.6 eps=0.085 loss=2.0899
[ep 1929] longdress    static_B_2020.02.27_18.39.27.csv@3317  reward=  275.54 qoe= 100.0 qoe_q=   85.9 eps=0.084 loss=1.8590
[ep 1930] loot         driving_B_2020.01.16_07.26.43.csv@444   reward=   97.58 qoe=  11.7 qoe_q=    3.2 eps=0.084 loss=2.1991
[ep 1931] redandblack  driving_B_2020.02.13_13.03.24.csv@1951  reward=   13.08 qoe=   0.0 qoe_q= -176.4 eps=0.084 loss=1.8485
[ep 1932] soldier      driving_B_2020.02.13_15.02.01.csv@742   reward=  186.33 qoe=  49.2 qoe_q=   41.1 eps=0.083 loss=2.0864
[ep 1933] longdress    static_B_2020.02.27_18.39.27.csv@5117  reward=  258.80 qoe= 100.0 qoe_q=   78.5 eps=0.083 loss=1.8379
[ep 1934] loot         driving_B_2020.02.14_09.38.22.csv@592   reward=  233.80 qoe=  63.8 qoe_q=   64.9 eps=0.082 loss=1.9188
[ep 1935] redandblack  driving_B_2019.12.17_07.32.39.csv@2109  reward=  257.48 qoe=  76.0 qoe_q=   79.9 eps=0.082 loss=2.0798
[ep 1936] soldier      static_B_2020.02.27_18.39.27.csv@617   reward=  278.50 qoe= 100.0 qoe_q=   87.6 eps=0.081 loss=2.1316
[ep 1937] longdress    static_B_2020.02.27_18.39.27.csv@917   reward=  275.44 qoe= 100.0 qoe_q=   76.7 eps=0.081 loss=1.8736
[ep 1938] loot         driving_B_2019.12.17_07.32.39.csv@1809  reward=   80.37 qoe=   0.0 qoe_q=  -63.1 eps=0.080 loss=2.0406
[ep 1939] redandblack  driving_B_2019.12.17_07.32.39.csv@69    reward=  117.34 qoe=   0.0 qoe_q=   -2.4 eps=0.080 loss=1.9443
[ep 1940] soldier      driving_B_2020.01.16_07.26.43.csv@204   reward=   78.80 qoe=   0.0 qoe_q=  -19.3 eps=0.079 loss=1.7474
[ep 1941] longdress    driving_B_2019.12.17_07.32.39.csv@1269  reward=  126.20 qoe=  58.3 qoe_q=   25.6 eps=0.079 loss=1.8873
[ep 1942] loot         driving_B_2020.01.16_12.10.03.csv@147   reward=  225.92 qoe=   0.0 qoe_q=   72.3 eps=0.078 loss=1.9214
[ep 1943] redandblack  driving_B_2020.01.16_09.56.56.csv@1424  reward=  271.49 qoe= 100.0 qoe_q=   82.5 eps=0.078 loss=1.8747
[ep 1944] soldier      static_B_2019.12.16_13.40.04.csv@877   reward=  221.76 qoe=  76.9 qoe_q=   58.6 eps=0.077 loss=1.9037
[ep 1945] longdress    driving_B_2020.02.13_15.02.01.csv@202   reward=  198.68 qoe=  49.6 qoe_q=   43.2 eps=0.077 loss=1.9873
[ep 1946] loot         driving_B_2020.02.14_09.38.22.csv@232   reward=   51.81 qoe=   0.0 qoe_q=  -87.1 eps=0.076 loss=2.0549
[ep 1947] redandblack  driving_B_2020.02.14_12.58.17.csv@175   reward=   18.26 qoe=   0.0 qoe_q= -189.0 eps=0.076 loss=1.8438
[ep 1948] soldier      static_B_2020.02.27_18.39.27.csv@5057  reward=  261.96 qoe= 100.0 qoe_q=   79.9 eps=0.075 loss=1.7735
[ep 1949] longdress    static_B_2020.02.27_18.39.27.csv@1757  reward=  192.65 qoe=  60.1 qoe_q=   48.4 eps=0.075 loss=2.1229
[ep 1950] loot         driving_B_2020.02.13_15.02.01.csv@2722  reward=   45.21 qoe=   0.0 qoe_q= -161.8 eps=0.074 loss=1.9945
[ep 1951] redandblack  driving_B_2020.02.13_15.02.01.csv@2602  reward=  277.82 qoe= 100.0 qoe_q=   88.0 eps=0.074 loss=1.7767
[ep 1952] soldier      static_B_2020.02.27_18.39.27.csv@437   reward=  242.91 qoe=  74.7 qoe_q=   62.3 eps=0.074 loss=1.8922
[ep 1953] longdress    driving_B_2019.12.17_07.32.39.csv@1929  reward=  264.85 qoe= 100.0 qoe_q=   79.9 eps=0.073 loss=1.9204
[ep 1954] loot         driving_B_2020.02.13_13.03.24.csv@1771  reward=  145.44 qoe=   0.0 qoe_q= -668.4 eps=0.073 loss=1.7481
[ep 1955] redandblack  driving_B_2020.02.14_09.38.22.csv@1192  reward=   52.97 qoe=   0.0 qoe_q= -112.2 eps=0.072 loss=1.9256
[ep 1956] soldier      driving_B_2020.02.14_09.38.22.csv@472   reward=  103.07 qoe= 100.0 qoe_q=   26.3 eps=0.072 loss=1.9134
[ep 1957] longdress    driving_B_2020.01.16_07.26.43.csv@1044  reward=  201.49 qoe= 100.0 qoe_q=   61.1 eps=0.071 loss=1.9687
[ep 1958] loot         static_B_2020.02.27_18.39.27.csv@377   reward=  269.07 qoe= 100.0 qoe_q=   81.3 eps=0.071 loss=1.9361
[ep 1959] redandblack  driving_B_2020.02.13_15.02.01.csv@2182  reward=  196.15 qoe=  64.2 qoe_q=   51.1 eps=0.070 loss=1.9650
[ep 1960] soldier      driving_B_2019.12.16_12.27.05.csv@101   reward=  136.08 qoe=   0.0 qoe_q=  -39.1 eps=0.070 loss=1.9974
[ep 1961] longdress    driving_B_2020.01.16_12.10.03.csv@244   reward=  258.33 qoe=  85.4 qoe_q=   75.8 eps=0.069 loss=1.8042
[ep 1962] loot         static_B_2020.02.27_18.39.27.csv@4637  reward=   82.53 qoe=   0.0 qoe_q= -104.8 eps=0.069 loss=1.9214
[ep 1963] redandblack  driving_B_2019.12.16_12.27.05.csv@281   reward=  126.73 qoe=   0.0 qoe_q=  -37.0 eps=0.068 loss=2.0035
[ep 1964] soldier      driving_B_2019.12.17_07.32.39.csv@1989  reward=  237.69 qoe= 100.0 qoe_q=   68.8 eps=0.068 loss=2.0929
[ep 1965] longdress    driving_B_2020.02.27_17.30.15.csv@145   reward=   19.09 qoe=   0.0 qoe_q=  -66.6 eps=0.067 loss=1.7341
[ep 1966] loot         static_B_2020.02.27_18.39.27.csv@2357  reward=  131.24 qoe=   0.0 qoe_q= -238.1 eps=0.067 loss=2.0035
[ep 1967] redandblack  driving_B_2020.01.16_09.56.56.csv@404   reward=  160.18 qoe=  38.8 qoe_q=   26.5 eps=0.066 loss=1.8506
[ep 1968] soldier      static_B_2020.02.27_18.39.27.csv@3377  reward=  285.90 qoe= 100.0 qoe_q=   91.1 eps=0.066 loss=1.8696
[ep 1969] longdress    driving_B_2020.01.16_07.26.43.csv@1104  reward=  169.35 qoe=  41.5 qoe_q=   29.9 eps=0.065 loss=1.9506
[ep 1970] loot         driving_B_2019.12.17_07.32.39.csv@2229  reward=  266.93 qoe= 100.0 qoe_q=   82.4 eps=0.065 loss=1.9497
[ep 1971] redandblack  static_B_2020.02.27_18.39.27.csv@4157  reward=  223.81 qoe=  56.8 qoe_q=   57.2 eps=0.065 loss=1.9482
[ep 1972] soldier      driving_B_2019.12.16_12.27.05.csv@341   reward=  120.64 qoe=  60.1 qoe_q=   21.1 eps=0.064 loss=1.9463
[ep 1973] longdress    driving_B_2019.12.16_12.27.05.csv@401   reward=   47.85 qoe=   0.0 qoe_q=  -95.7 eps=0.064 loss=1.9179
[ep 1974] loot         static_B_2020.02.27_18.39.27.csv@5597  reward=  279.85 qoe=  84.0 qoe_q=   91.2 eps=0.063 loss=2.1302
[ep 1975] redandblack  driving_B_2020.02.13_13.03.24.csv@1351  reward=  117.10 qoe= 100.0 qoe_q=   31.0 eps=0.063 loss=1.7195
[ep 1976] soldier      static_B_2019.12.16_13.40.04.csv@1417  reward=  251.59 qoe=  84.2 qoe_q=   67.5 eps=0.062 loss=2.0956
[ep 1977] longdress    static_B_2020.02.27_18.39.27.csv@3857  reward=   98.16 qoe=  50.4 qoe_q=    5.3 eps=0.062 loss=1.6803
[ep 1978] loot         driving_B_2019.12.17_07.32.39.csv@1329  reward=  227.79 qoe=  85.7 qoe_q=   61.7 eps=0.061 loss=2.0508
[ep 1979] redandblack  driving_B_2020.01.16_12.10.03.csv@27    reward=  276.73 qoe= 100.0 qoe_q=   87.6 eps=0.061 loss=1.8073
[ep 1980] soldier      driving_B_2020.02.14_12.58.17.csv@475   reward=   -0.45 qoe=   0.0 qoe_q= -117.4 eps=0.060 loss=2.0090
[ep 1981] longdress    driving_B_2020.01.16_09.56.56.csv@764   reward=  200.97 qoe= 100.0 qoe_q=   60.4 eps=0.060 loss=2.2118
[ep 1982] loot         driving_B_2020.01.16_07.26.43.csv@1584  reward=   40.84 qoe=   0.0 qoe_q=  -86.3 eps=0.059 loss=2.1064
[ep 1983] redandblack  static_B_2020.02.27_18.39.27.csv@1577  reward=  232.67 qoe= 100.0 qoe_q=   64.6 eps=0.059 loss=1.8822
[ep 1984] soldier      static_B_2020.02.27_18.39.27.csv@3617  reward=  186.19 qoe=  64.8 qoe_q=   49.2 eps=0.058 loss=1.7826
[ep 1985] longdress    static_B_2020.02.27_18.39.27.csv@4997  reward=  240.96 qoe=  76.4 qoe_q=   64.9 eps=0.058 loss=1.9953
[ep 1986] loot         driving_B_2020.02.13_15.02.01.csv@1582  reward=  -43.80 qoe=   0.0 qoe_q= -301.6 eps=0.057 loss=1.9656
[ep 1987] redandblack  driving_B_2020.02.14_09.38.22.csv@532   reward=  225.96 qoe=  83.4 qoe_q=   65.1 eps=0.057 loss=2.0099
[ep 1988] soldier      driving_B_2020.02.13_15.02.01.csv@2002  reward=  238.30 qoe=  64.2 qoe_q=   57.0 eps=0.056 loss=1.8419
[ep 1989] longdress    driving_B_2020.01.16_09.56.56.csv@464   reward=  159.58 qoe=  67.6 qoe_q=   32.2 eps=0.056 loss=1.8660
[ep 1990] loot         driving_B_2020.02.13_13.03.24.csv@2188  reward=   45.67 qoe=   0.0 qoe_q=  -62.4 eps=0.056 loss=1.8764
[ep 1991] redandblack  static_B_2020.02.27_18.39.27.csv@2837  reward=  257.01 qoe=  82.1 qoe_q=   77.3 eps=0.055 loss=2.0929
[ep 1992] soldier      driving_B_2020.01.16_07.26.43.csv@84    reward=  141.55 qoe=  47.7 qoe_q=   26.8 eps=0.055 loss=1.9121
[ep 1993] longdress    static_B_2020.02.27_18.39.27.csv@2597  reward=  273.51 qoe= 100.0 qoe_q=   85.2 eps=0.054 loss=1.9132
[ep 1994] loot         static_B_2020.02.27_18.39.27.csv@4337  reward=  211.73 qoe=  79.9 qoe_q=   55.6 eps=0.054 loss=2.0976
[ep 1995] redandblack  driving_B_2020.02.13_15.02.01.csv@1342  reward=   38.25 qoe=   0.0 qoe_q=  -52.3 eps=0.053 loss=1.8703
[ep 1996] soldier      static_B_2020.02.14_13.21.26.csv@408   reward=  269.75 qoe=  83.1 qoe_q=   84.2 eps=0.053 loss=2.0064
[ep 1997] longdress    driving_B_2020.02.13_15.02.01.csv@2242  reward=  218.24 qoe=  84.5 qoe_q=   64.7 eps=0.052 loss=2.1804
[ep 1998] loot         driving_B_2020.01.16_07.26.43.csv@1770  reward=    1.50 qoe=   0.0 qoe_q= -318.9 eps=0.052 loss=2.1257
[ep 1999] redandblack  static_B_2020.02.27_18.39.27.csv@1157  reward=  105.86 qoe=  71.7 qoe_q=   20.7 eps=0.051 loss=1.8801
[ep 2000] soldier      static_B_2019.12.16_13.40.04.csv@637   reward=  204.70 qoe=  83.4 qoe_q=   52.9 eps=0.051 loss=1.9840
    [eval @ ep 2000] reward=-697.14 qoe=60.5 qoe_q=-9232.8 mean_q=0.706 stall=1965.5s
[ep 2001] longdress    static_B_2020.02.27_18.39.27.csv@2057  reward=  240.15 qoe=  73.9 qoe_q=   59.0 eps=0.050 loss=1.8984
[ep 2002] loot         static_B_2019.12.16_13.40.04.csv@1777  reward=  220.12 qoe= 100.0 qoe_q=   63.6 eps=0.050 loss=1.9970
[ep 2003] redandblack  driving_B_2020.01.16_09.56.56.csv@104   reward=   90.70 qoe=   0.0 qoe_q=  -36.1 eps=0.050 loss=1.8212
[ep 2004] soldier      static_B_2019.12.16_13.40.04.csv@577   reward=  221.70 qoe=  62.8 qoe_q=   49.7 eps=0.050 loss=1.7822
[ep 2005] longdress    driving_B_2020.01.16_09.56.56.csv@1570  reward=  177.36 qoe=  53.8 qoe_q=   33.8 eps=0.050 loss=1.9589
[ep 2006] loot         driving_B_2020.02.13_13.03.24.csv@811   reward=  165.51 qoe=  59.3 qoe_q=   34.2 eps=0.050 loss=1.8560
[ep 2007] redandblack  driving_B_2020.02.13_15.02.01.csv@1942  reward=  201.37 qoe= 100.0 qoe_q=   62.5 eps=0.050 loss=1.8759
[ep 2008] soldier      static_B_2020.02.27_18.39.27.csv@4937  reward=  269.08 qoe=  88.0 qoe_q=   83.5 eps=0.050 loss=2.0119
[ep 2009] longdress    driving_B_2020.02.13_15.02.01.csv@322   reward=  265.04 qoe=  94.0 qoe_q=   81.7 eps=0.050 loss=1.9096
[ep 2010] loot         static_B_2020.02.27_18.39.27.csv@17    reward=  203.25 qoe= 100.0 qoe_q=   63.1 eps=0.050 loss=1.9786
[ep 2011] redandblack  driving_B_2020.01.16_07.26.43.csv@1464  reward=   39.59 qoe=   9.0 qoe_q=  -30.8 eps=0.050 loss=1.9975
[ep 2012] soldier      driving_B_2020.02.13_15.02.01.csv@2362  reward=  -45.27 qoe=   0.0 qoe_q= -144.1 eps=0.050 loss=1.8112
[ep 2013] longdress    static_B_2019.12.16_13.40.04.csv@1904  reward=  250.77 qoe= 100.0 qoe_q=   57.6 eps=0.050 loss=1.9795
[ep 2014] loot         driving_B_2020.02.13_13.03.24.csv@1711  reward=  278.04 qoe= 100.0 qoe_q=   87.2 eps=0.050 loss=1.8664
[ep 2015] redandblack  static_B_2020.02.27_18.39.27.csv@2477  reward=  249.79 qoe=  82.8 qoe_q=   71.1 eps=0.050 loss=2.0230
[ep 2016] soldier      driving_B_2019.12.17_07.32.39.csv@909   reward=   59.98 qoe=   0.0 qoe_q= -113.5 eps=0.050 loss=1.9199
[ep 2017] longdress    static_B_2020.02.27_18.39.27.csv@1457  reward=  209.77 qoe= 100.0 qoe_q=   62.9 eps=0.050 loss=1.9572
[ep 2018] loot         static_B_2020.02.14_13.21.26.csv@468   reward=  268.31 qoe=  58.0 qoe_q=   85.9 eps=0.050 loss=1.9982
[ep 2019] redandblack  driving_B_2020.02.27_17.30.15.csv@205   reward=   18.46 qoe=   0.0 qoe_q= -700.1 eps=0.050 loss=1.8591
[ep 2020] soldier      static_B_2019.12.16_13.40.04.csv@157   reward=  285.17 qoe= 100.0 qoe_q=   88.9 eps=0.050 loss=2.1028
[ep 2021] longdress    static_B_2020.02.27_18.39.27.csv@3077  reward=  206.30 qoe= 100.0 qoe_q=   62.8 eps=0.050 loss=2.0390
[ep 2022] loot         driving_B_2020.01.16_09.56.56.csv@1484  reward=  283.10 qoe=  98.0 qoe_q=   90.1 eps=0.050 loss=1.9748
[ep 2023] redandblack  driving_B_2020.01.16_07.26.43.csv@504   reward=  116.52 qoe=   0.0 qoe_q=  -76.8 eps=0.050 loss=2.0919
[ep 2024] soldier      static_B_2019.12.16_13.40.04.csv@517   reward=  238.74 qoe=  78.4 qoe_q=   52.9 eps=0.050 loss=2.0162
[ep 2025] longdress    driving_B_2020.01.16_09.56.56.csv@944   reward=  160.14 qoe=  70.4 qoe_q=   34.5 eps=0.050 loss=1.9551
[ep 2026] loot         driving_B_2020.01.16_07.26.43.csv@744   reward=  205.60 qoe= 100.0 qoe_q=   60.2 eps=0.050 loss=1.9637
[ep 2027] redandblack  driving_B_2020.02.13_13.03.24.csv@1891  reward=  -56.28 qoe=   0.0 qoe_q= -233.9 eps=0.050 loss=1.9355
[ep 2028] soldier      driving_B_2020.01.16_09.56.56.csv@1304  reward=  264.24 qoe= 100.0 qoe_q=   80.8 eps=0.050 loss=2.0300
[ep 2029] longdress    driving_B_2020.02.13_13.03.24.csv@571   reward=   46.56 qoe=  85.5 qoe_q=   -0.1 eps=0.050 loss=2.0493
[ep 2030] loot         static_B_2020.02.27_18.39.27.csv@1997  reward=  241.20 qoe= 100.0 qoe_q=   75.0 eps=0.050 loss=1.9703
[ep 2031] redandblack  static_B_2020.02.27_18.39.27.csv@1937  reward=  200.94 qoe= 100.0 qoe_q=   61.3 eps=0.050 loss=2.1020
[ep 2032] soldier      static_B_2020.02.27_18.39.27.csv@4097  reward=  290.77 qoe= 100.0 qoe_q=   93.0 eps=0.050 loss=2.0246
[ep 2033] longdress    driving_B_2020.02.14_09.38.22.csv@832   reward=   67.90 qoe=  79.3 qoe_q=    8.8 eps=0.050 loss=1.8651
[ep 2034] loot         driving_B_2020.02.13_13.03.24.csv@211   reward=  127.35 qoe=   0.0 qoe_q=   -4.6 eps=0.050 loss=2.1735
[ep 2035] redandblack  driving_B_2019.12.17_07.32.39.csv@1869  reward=  178.67 qoe=  82.6 qoe_q=   50.1 eps=0.050 loss=1.8061
[ep 2036] soldier      static_B_2020.02.27_18.39.27.csv@1097  reward=  182.05 qoe=  70.5 qoe_q=   30.7 eps=0.050 loss=1.9190
[ep 2037] longdress    driving_B_2019.12.17_07.32.39.csv@249   reward=   98.18 qoe= 100.0 qoe_q=   22.9 eps=0.050 loss=2.1333
[ep 2038] loot         driving_B_2020.02.13_15.02.01.csv@2482  reward=   46.80 qoe=   0.0 qoe_q=  -88.0 eps=0.050 loss=1.8944
[ep 2039] redandblack  static_B_2019.12.16_13.40.04.csv@397   reward=  248.31 qoe=  84.1 qoe_q=   69.7 eps=0.050 loss=2.0773
[ep 2040] soldier      static_B_2020.02.14_13.21.26.csv@850   reward=  209.49 qoe=  81.1 qoe_q=   56.6 eps=0.050 loss=2.1334
[ep 2041] longdress    static_B_2019.12.16_13.40.04.csv@1904  reward=  245.26 qoe= 100.0 qoe_q=   55.0 eps=0.050 loss=1.9799
[ep 2042] loot         driving_B_2020.02.13_13.03.24.csv@391   reward=  153.81 qoe=  57.4 qoe_q=   31.0 eps=0.050 loss=1.9615
[ep 2043] redandblack  static_B_2019.12.16_13.40.04.csv@1477  reward=  266.63 qoe=  88.0 qoe_q=   83.8 eps=0.050 loss=2.1150
[ep 2044] soldier      static_B_2019.12.16_13.40.04.csv@1117  reward=  -36.24 qoe=   0.0 qoe_q= -289.0 eps=0.050 loss=1.9422
[ep 2045] longdress    static_B_2019.12.16_13.40.04.csv@1597  reward=  260.87 qoe=  78.1 qoe_q=   68.9 eps=0.050 loss=1.9768
[ep 2046] loot         driving_B_2020.02.13_15.02.01.csv@1162  reward=  213.67 qoe= 100.0 qoe_q=   66.5 eps=0.050 loss=1.9021
[ep 2047] redandblack  static_B_2019.12.16_13.40.04.csv@1237  reward=  236.30 qoe=  77.8 qoe_q=   62.2 eps=0.050 loss=1.9800
[ep 2048] soldier      driving_B_2020.02.13_15.02.01.csv@2542  reward=  187.95 qoe=  47.5 qoe_q=   38.9 eps=0.050 loss=1.9281
[ep 2049] longdress    static_B_2020.02.27_18.39.27.csv@2777  reward=  283.61 qoe= 100.0 qoe_q=   89.2 eps=0.050 loss=1.9945
[ep 2050] loot         static_B_2020.02.27_18.39.27.csv@497   reward=  265.07 qoe= 100.0 qoe_q=   83.8 eps=0.050 loss=1.9916
[ep 2051] redandblack  driving_B_2020.02.13_15.02.01.csv@802   reward=  241.89 qoe=  62.0 qoe_q=   72.9 eps=0.050 loss=2.1778
[ep 2052] soldier      static_B_2020.02.27_18.39.27.csv@557   reward=  200.99 qoe= 100.0 qoe_q=   13.3 eps=0.050 loss=2.0604
[ep 2053] longdress    static_B_2019.12.16_13.40.04.csv@1297  reward=  232.08 qoe=  84.3 qoe_q=   64.8 eps=0.050 loss=1.9794
[ep 2054] loot         driving_B_2020.01.16_09.56.56.csv@584   reward=  278.22 qoe= 100.0 qoe_q=   86.8 eps=0.050 loss=2.0081
[ep 2055] redandblack  static_B_2020.02.27_18.39.27.csv@1217  reward=  253.41 qoe=  80.0 qoe_q=   66.9 eps=0.050 loss=2.2240
[ep 2056] soldier      static_B_2020.02.27_18.39.27.csv@1337  reward=  279.06 qoe= 100.0 qoe_q=   87.8 eps=0.050 loss=2.1845
[ep 2057] longdress    driving_B_2020.02.14_09.38.22.csv@1012  reward=   76.70 qoe=  88.0 qoe_q=   17.1 eps=0.050 loss=2.1013
[ep 2058] loot         static_B_2020.02.27_18.39.27.csv@1877  reward=  258.68 qoe=  83.3 qoe_q=   77.1 eps=0.050 loss=2.0025
[ep 2059] redandblack  driving_B_2020.02.14_09.38.22.csv@172   reward=   44.03 qoe=   0.0 qoe_q= -213.6 eps=0.050 loss=2.1008
[ep 2060] soldier      driving_B_2020.01.16_07.26.43.csv@564   reward=   10.42 qoe=   0.0 qoe_q= -265.9 eps=0.050 loss=1.9891
[ep 2061] longdress    static_B_2020.02.14_13.21.26.csv@228   reward=  260.06 qoe=  84.1 qoe_q=   79.6 eps=0.050 loss=2.1683
[ep 2062] loot         driving_B_2019.12.16_12.27.05.csv@1121  reward=  227.95 qoe=  71.3 qoe_q=   55.3 eps=0.050 loss=1.8441
[ep 2063] redandblack  driving_B_2020.02.13_15.02.01.csv@1702  reward=  236.69 qoe=  84.1 qoe_q=   68.0 eps=0.050 loss=2.0585
[ep 2064] soldier      driving_B_2020.01.16_07.26.43.csv@384   reward=   -3.97 qoe=   0.0 qoe_q= -157.9 eps=0.050 loss=2.0104
[ep 2065] longdress    driving_B_2020.02.13_15.02.01.csv@2662  reward=   14.45 qoe=   0.0 qoe_q=  -65.1 eps=0.050 loss=2.0166
[ep 2066] loot         driving_B_2020.01.16_12.10.03.csv@207   reward=  281.18 qoe= 100.0 qoe_q=   89.5 eps=0.050 loss=1.9840
[ep 2067] redandblack  static_B_2020.02.27_18.39.27.csv@5537  reward=  279.48 qoe= 100.0 qoe_q=   87.6 eps=0.050 loss=1.7683
[ep 2068] soldier      driving_B_2020.01.16_07.26.43.csv@1344  reward=   31.85 qoe=   0.0 qoe_q= -161.6 eps=0.050 loss=2.1579
[ep 2069] longdress    driving_B_2019.12.17_07.32.39.csv@2288  reward=  249.27 qoe=  82.9 qoe_q=   71.3 eps=0.050 loss=1.9176
[ep 2070] loot         driving_B_2020.02.13_15.02.01.csv@382   reward=  272.67 qoe=  84.0 qoe_q=   86.2 eps=0.050 loss=2.0270
[ep 2071] redandblack  driving_B_2020.02.13_13.03.24.csv@1291  reward=  110.77 qoe=   0.0 qoe_q=  -34.6 eps=0.050 loss=2.0920
[ep 2072] soldier      driving_B_2020.01.16_07.26.43.csv@1224  reward=   -5.58 qoe=  25.8 qoe_q=  -14.6 eps=0.050 loss=2.1842
[ep 2073] longdress    driving_B_2020.01.16_07.26.43.csv@1770  reward=  -34.31 qoe=   0.0 qoe_q=-5490.5 eps=0.050 loss=2.2007
[ep 2074] loot         driving_B_2020.02.14_12.58.17.csv@115   reward=   85.40 qoe=   0.0 qoe_q= -187.8 eps=0.050 loss=2.1595
[ep 2075] redandblack  driving_B_2020.02.13_13.03.24.csv@91    reward=   53.74 qoe=   0.0 qoe_q= -192.9 eps=0.050 loss=2.2185
[ep 2076] soldier      driving_B_2020.01.16_12.10.03.csv@87    reward=  258.40 qoe=  68.0 qoe_q=   80.9 eps=0.050 loss=1.9048
[ep 2077] longdress    driving_B_2019.12.17_07.32.39.csv@1029  reward=  115.96 qoe=   0.0 qoe_q=  -46.9 eps=0.050 loss=1.9185
[ep 2078] loot         driving_B_2020.02.13_13.03.24.csv@451   reward=   45.77 qoe=   0.0 qoe_q= -157.6 eps=0.050 loss=2.0464
[ep 2079] redandblack  static_B_2020.02.27_18.39.27.csv@3437  reward=  254.61 qoe=  79.3 qoe_q=   76.2 eps=0.050 loss=2.1559
[ep 2080] soldier      static_B_2020.02.27_18.39.27.csv@5237  reward=  273.28 qoe= 100.0 qoe_q=   79.0 eps=0.050 loss=2.0484
[ep 2081] longdress    driving_B_2020.02.13_15.02.01.csv@562   reward=  159.72 qoe=   0.0 qoe_q=   -0.3 eps=0.050 loss=2.0598
[ep 2082] loot         driving_B_2020.02.27_17.30.15.csv@265   reward=  -68.48 qoe=   0.0 qoe_q= -472.5 eps=0.050 loss=2.1770
[ep 2083] redandblack  static_B_2020.02.27_18.39.27.csv@857   reward=  253.85 qoe= 100.0 qoe_q=   79.1 eps=0.050 loss=2.0804
[ep 2084] soldier      driving_B_2020.02.13_13.03.24.csv@271   reward=   75.19 qoe=  56.9 qoe_q=    5.8 eps=0.050 loss=1.9587
[ep 2085] longdress    static_B_2020.02.27_18.39.27.csv@4277  reward=  245.93 qoe=  78.9 qoe_q=   70.5 eps=0.050 loss=2.0785
[ep 2086] loot         driving_B_2020.02.13_15.02.01.csv@1700  reward=  219.33 qoe=  83.2 qoe_q=   60.6 eps=0.050 loss=2.0082
[ep 2087] redandblack  static_B_2020.02.27_18.39.27.csv@1490  reward=  215.93 qoe=  82.0 qoe_q=   62.5 eps=0.050 loss=1.9152
[ep 2088] soldier      static_B_2019.12.16_13.40.04.csv@371   reward=  235.58 qoe=  75.5 qoe_q=   57.7 eps=0.050 loss=2.0152
[ep 2089] longdress    driving_B_2019.12.17_07.32.39.csv@2288  reward=  251.84 qoe= 100.0 qoe_q=   74.6 eps=0.050 loss=2.1254
[ep 2090] loot         driving_B_2019.12.16_12.27.05.csv@0     reward=  194.43 qoe=  54.1 qoe_q=   42.6 eps=0.050 loss=2.1018
[ep 2091] redandblack  static_B_2020.02.27_18.39.27.csv@290   reward=  217.25 qoe=  39.7 qoe_q=   52.9 eps=0.050 loss=2.2201
[ep 2092] soldier      driving_B_2020.01.16_07.26.43.csv@1770  reward=  -22.74 qoe=   0.0 qoe_q=-2926.5 eps=0.050 loss=1.9359
[ep 2093] longdress    static_B_2019.12.16_13.40.04.csv@1904  reward=  252.97 qoe= 100.0 qoe_q=   58.5 eps=0.050 loss=1.9895
[ep 2094] loot         driving_B_2020.01.16_07.26.43.csv@1217  reward=  109.32 qoe=   0.0 qoe_q=  -30.0 eps=0.050 loss=2.1177
[ep 2095] redandblack  driving_B_2020.02.13_13.03.24.csv@606   reward=  107.83 qoe=   0.0 qoe_q=  -33.5 eps=0.050 loss=1.9726
[ep 2096] soldier      static_B_2020.02.27_18.39.27.csv@2990  reward=  267.02 qoe=  86.3 qoe_q=   72.3 eps=0.050 loss=2.0750
[ep 2097] longdress    driving_B_2020.02.13_15.02.01.csv@380   reward=  265.76 qoe= 100.0 qoe_q=   82.5 eps=0.050 loss=2.0577
[ep 2098] loot         static_B_2020.02.27_18.39.27.csv@4310  reward=  257.29 qoe= 100.0 qoe_q=   79.5 eps=0.050 loss=1.9293
[ep 2099] redandblack  driving_B_2019.12.17_07.32.39.csv@116   reward=  117.32 qoe=   0.0 qoe_q=  -25.1 eps=0.050 loss=2.0323
[ep 2100] soldier      driving_B_2020.02.14_09.38.22.csv@1177  reward=    6.09 qoe=   0.0 qoe_q= -188.5 eps=0.050 loss=2.0261
[ep 2101] longdress    static_B_2020.02.27_18.39.27.csv@3590  reward=  267.90 qoe= 100.0 qoe_q=   79.4 eps=0.050 loss=2.0073
[ep 2102] loot         driving_B_2020.01.16_09.56.56.csv@1570  reward=  197.46 qoe=  60.2 qoe_q=   47.9 eps=0.050 loss=2.0092
[ep 2103] redandblack  driving_B_2020.01.16_12.10.03.csv@244   reward=  263.40 qoe= 100.0 qoe_q=   81.8 eps=0.050 loss=2.0033
[ep 2104] soldier      driving_B_2020.02.13_13.03.24.csv@906   reward=   10.36 qoe=  28.2 qoe_q=  -52.2 eps=0.050 loss=1.8975
[ep 2105] longdress    driving_B_2019.12.17_07.32.39.csv@1976  reward=  197.76 qoe=  57.8 qoe_q=   52.2 eps=0.050 loss=1.9808
[ep 2106] loot         driving_B_2020.02.13_13.03.24.csv@1446  reward=  130.98 qoe=   0.0 qoe_q=  -46.7 eps=0.050 loss=2.0949
[ep 2107] redandblack  static_B_2020.02.27_18.39.27.csv@4250  reward=  267.59 qoe=  86.0 qoe_q=   84.6 eps=0.050 loss=2.1041
[ep 2108] soldier      driving_B_2019.12.16_12.27.05.csv@1020  reward=  241.27 qoe=  82.0 qoe_q=   68.2 eps=0.050 loss=1.9230
[ep 2109] longdress    driving_B_2020.02.14_09.38.22.csv@217   reward=   37.07 qoe=   9.5 qoe_q=  -51.7 eps=0.050 loss=2.2131
[ep 2110] loot         driving_B_2019.12.16_12.27.05.csv@1140  reward=  197.89 qoe=  78.3 qoe_q=   51.8 eps=0.050 loss=2.0110
[ep 2111] redandblack  driving_B_2020.02.13_13.03.24.csv@2188  reward=   21.02 qoe=  44.9 qoe_q=  -42.2 eps=0.050 loss=1.9291
[ep 2112] soldier      static_B_2019.12.16_13.40.04.csv@1031  reward=  213.97 qoe=  53.5 qoe_q=   50.2 eps=0.050 loss=1.7258
[ep 2113] longdress    static_B_2020.02.27_18.39.27.csv@3230  reward=  271.25 qoe= 100.0 qoe_q=   81.8 eps=0.050 loss=2.1688
[ep 2114] loot         driving_B_2019.12.16_12.27.05.csv@480   reward=   43.00 qoe=   0.0 qoe_q= -193.6 eps=0.050 loss=2.0917
[ep 2115] redandblack  driving_B_2020.01.16_12.10.03.csv@35    reward=  273.72 qoe=  84.0 qoe_q=   87.5 eps=0.050 loss=2.1797
[ep 2116] soldier      driving_B_2020.02.13_13.03.24.csv@546   reward=   47.46 qoe=   0.0 qoe_q= -196.2 eps=0.050 loss=2.1647
[ep 2117] longdress    driving_B_2020.02.13_15.02.01.csv@20    reward=  255.85 qoe=  67.7 qoe_q=   71.2 eps=0.050 loss=1.9234
[ep 2118] loot         driving_B_2020.02.27_17.30.15.csv@76    reward=  -10.37 qoe=   0.0 qoe_q= -821.7 eps=0.050 loss=2.0512
[ep 2119] redandblack  static_B_2020.02.27_18.39.27.csv@5742  reward=  277.02 qoe=  92.0 qoe_q=   86.7 eps=0.050 loss=1.8969
[ep 2120] soldier      driving_B_2019.12.16_12.27.05.csv@960   reward=  238.46 qoe= 100.0 qoe_q=   66.3 eps=0.050 loss=2.4217
[ep 2121] longdress    driving_B_2019.12.17_07.32.39.csv@896   reward=  123.46 qoe=   0.0 qoe_q=  -84.3 eps=0.050 loss=2.0149
[ep 2122] loot         static_B_2020.02.14_13.21.26.csv@525   reward=  258.91 qoe=  44.0 qoe_q=   82.8 eps=0.050 loss=2.2985
[ep 2123] redandblack  driving_B_2020.01.16_07.26.43.csv@1637  reward=  163.29 qoe=  29.9 qoe_q=   14.4 eps=0.050 loss=2.0683
[ep 2124] soldier      driving_B_2020.02.13_15.02.01.csv@560   reward=  112.91 qoe=   0.0 qoe_q=  -11.3 eps=0.050 loss=1.9524
[ep 2125] longdress    driving_B_2019.12.17_07.32.39.csv@176   reward=  151.34 qoe=  63.2 qoe_q=   36.1 eps=0.050 loss=1.9866
[ep 2126] loot         driving_B_2020.02.13_13.03.24.csv@366   reward=  114.86 qoe=   0.0 qoe_q=  -54.1 eps=0.050 loss=2.1264
[ep 2127] redandblack  driving_B_2020.02.14_09.38.22.csv@157   reward=   29.50 qoe=   0.0 qoe_q= -284.6 eps=0.050 loss=1.9591
[ep 2128] soldier      driving_B_2020.02.14_12.58.17.csv@800   reward=  -27.13 qoe=   0.0 qoe_q= -827.3 eps=0.050 loss=1.9368
[ep 2129] longdress    static_B_2019.12.16_13.40.04.csv@1391  reward=  200.62 qoe= 100.0 qoe_q=   30.6 eps=0.050 loss=2.1512
[ep 2130] loot         driving_B_2020.02.14_12.58.17.csv@450   reward=   59.84 qoe=   0.0 qoe_q= -346.1 eps=0.050 loss=2.1097
[ep 2131] redandblack  static_B_2019.12.16_13.40.04.csv@671   reward=  282.29 qoe= 100.0 qoe_q=   90.2 eps=0.050 loss=2.0509
[ep 2132] soldier      driving_B_2020.02.13_15.02.01.csv@1340  reward=   42.02 qoe=   0.0 qoe_q=  -78.0 eps=0.050 loss=1.9012
[ep 2133] longdress    static_B_2020.02.27_18.39.27.csv@3410  reward=  258.41 qoe=  74.4 qoe_q=   74.2 eps=0.050 loss=1.9823
[ep 2134] loot         static_B_2020.02.27_18.39.27.csv@3050  reward=  213.48 qoe=  64.3 qoe_q=   58.4 eps=0.050 loss=1.9810
[ep 2135] redandblack  driving_B_2020.02.13_15.02.01.csv@2180  reward=  203.84 qoe= 100.0 qoe_q=   63.7 eps=0.050 loss=2.0249
[ep 2136] soldier      static_B_2020.02.27_18.39.27.csv@470   reward=  242.60 qoe= 100.0 qoe_q=   74.2 eps=0.050 loss=2.0773
[ep 2137] longdress    static_B_2020.02.27_18.39.27.csv@3470  reward=  228.08 qoe=  82.1 qoe_q=   64.0 eps=0.050 loss=2.0184
[ep 2138] loot         static_B_2019.12.16_13.40.04.csv@1811  reward=  236.72 qoe=  77.4 qoe_q=   67.7 eps=0.050 loss=2.1953
[ep 2139] redandblack  driving_B_2020.02.13_13.03.24.csv@1206  reward=   25.42 qoe=   0.0 qoe_q= -184.6 eps=0.050 loss=2.0896
[ep 2140] soldier      driving_B_2019.12.16_12.27.05.csv@600   reward=   43.21 qoe=   0.0 qoe_q= -290.0 eps=0.050 loss=2.1639
[ep 2141] longdress    driving_B_2020.01.16_12.10.03.csv@95    reward=  269.45 qoe=  78.0 qoe_q=   84.6 eps=0.050 loss=2.0568
[ep 2142] loot         driving_B_2020.02.13_15.02.01.csv@2480  reward=   62.97 qoe=   0.0 qoe_q= -118.7 eps=0.050 loss=2.2680
[ep 2143] redandblack  static_B_2020.02.27_18.39.27.csv@2630  reward=  233.69 qoe=  49.9 qoe_q=   58.1 eps=0.050 loss=2.0379
[ep 2144] soldier      driving_B_2020.02.13_15.02.01.csv@1580  reward=   62.14 qoe=   0.0 qoe_q= -232.5 eps=0.050 loss=2.0958
[ep 2145] longdress    static_B_2020.02.27_18.39.27.csv@1910  reward=  260.69 qoe=  82.0 qoe_q=   79.5 eps=0.050 loss=1.9725
[ep 2146] loot         driving_B_2019.12.17_07.32.39.csv@356   reward=  264.27 qoe= 100.0 qoe_q=   80.9 eps=0.050 loss=2.2299
[ep 2147] redandblack  static_B_2020.02.14_13.21.26.csv@45    reward=  284.75 qoe= 100.0 qoe_q=   91.4 eps=0.050 loss=2.1630
[ep 2148] soldier      static_B_2020.02.27_18.39.27.csv@1190  reward=  237.35 qoe= 100.0 qoe_q=   43.4 eps=0.050 loss=1.9975
[ep 2149] longdress    driving_B_2019.12.17_07.32.39.csv@2036  reward=  130.08 qoe=  43.6 qoe_q=    7.4 eps=0.050 loss=2.0074
[ep 2150] loot         driving_B_2020.02.14_09.38.22.csv@1297  reward=  265.17 qoe=  90.0 qoe_q=   81.4 eps=0.050 loss=2.2030
[ep 2151] redandblack  driving_B_2020.02.13_15.02.01.csv@2240  reward=  202.57 qoe= 100.0 qoe_q=   60.3 eps=0.050 loss=2.3797
[ep 2152] soldier      driving_B_2020.02.13_13.03.24.csv@1026  reward=   80.89 qoe=   0.0 qoe_q=  -96.2 eps=0.050 loss=2.2465
[ep 2153] longdress    driving_B_2020.02.14_12.58.17.csv@30    reward=   95.60 qoe=   0.0 qoe_q= -117.5 eps=0.050 loss=2.2474
[ep 2154] loot         driving_B_2020.02.14_12.58.17.csv@210   reward=  -38.79 qoe=   0.0 qoe_q=-1140.4 eps=0.050 loss=2.4006
[ep 2155] redandblack  static_B_2019.12.16_13.40.04.csv@251   reward=  264.22 qoe= 100.0 qoe_q=   73.1 eps=0.050 loss=2.1574
[ep 2156] soldier      static_B_2020.02.27_18.39.27.csv@1610  reward=  143.05 qoe=  16.8 qoe_q=   12.3 eps=0.050 loss=2.0984
[ep 2157] longdress    driving_B_2020.01.16_09.56.56.csv@1071  reward=   93.04 qoe=   0.0 qoe_q=  -12.5 eps=0.050 loss=1.8426
[ep 2158] loot         driving_B_2020.02.13_13.03.24.csv@2166  reward=   31.42 qoe=   0.0 qoe_q= -309.7 eps=0.050 loss=2.1762
[ep 2159] redandblack  driving_B_2019.12.17_07.32.39.csv@1736  reward=   85.86 qoe=   0.0 qoe_q=  -62.8 eps=0.050 loss=1.9858
[ep 2160] soldier      driving_B_2020.02.27_17.30.15.csv@16    reward=   55.07 qoe=   0.0 qoe_q=  -87.5 eps=0.050 loss=2.0538
[ep 2161] longdress    static_B_2019.12.16_13.40.04.csv@1631  reward=  232.06 qoe=  79.1 qoe_q=   62.9 eps=0.050 loss=1.9836
[ep 2162] loot         driving_B_2020.02.13_15.02.01.csv@1640  reward=  112.09 qoe=   0.0 qoe_q= -100.0 eps=0.050 loss=2.2171
[ep 2163] redandblack  static_B_2020.02.27_18.39.27.csv@2930  reward=  200.01 qoe=  81.4 qoe_q=   58.3 eps=0.050 loss=1.9898
[ep 2164] soldier      driving_B_2020.02.13_13.03.24.csv@66    reward=  140.74 qoe=  10.2 qoe_q=    4.8 eps=0.050 loss=1.9979
[ep 2165] longdress    static_B_2020.02.27_18.39.27.csv@5742  reward=  279.54 qoe= 100.0 qoe_q=   87.7 eps=0.050 loss=2.0849
[ep 2166] loot         driving_B_2020.02.13_13.03.24.csv@2106  reward=  -22.68 qoe=   0.0 qoe_q= -684.7 eps=0.050 loss=2.1509
[ep 2167] redandblack  static_B_2020.02.27_18.39.27.csv@2510  reward=  257.45 qoe=  78.0 qoe_q=   79.9 eps=0.050 loss=2.0896
[ep 2168] soldier      driving_B_2020.02.13_13.03.24.csv@1986  reward=  -14.26 qoe=   0.0 qoe_q= -672.5 eps=0.050 loss=1.9177
[ep 2169] longdress    driving_B_2020.01.16_09.56.56.csv@1131  reward=  183.86 qoe=  81.8 qoe_q=   49.5 eps=0.050 loss=1.9619
[ep 2170] loot         driving_B_2020.01.16_09.56.56.csv@1431  reward=  287.04 qoe= 100.0 qoe_q=   91.9 eps=0.050 loss=2.3079
[ep 2171] redandblack  driving_B_2019.12.17_07.32.39.csv@776   reward=  150.16 qoe=   0.0 qoe_q=   -1.0 eps=0.050 loss=2.1352
[ep 2172] soldier      static_B_2020.02.27_18.39.27.csv@2090  reward=  242.85 qoe= 100.0 qoe_q=   72.9 eps=0.050 loss=1.9878
[ep 2173] longdress    driving_B_2020.02.13_13.03.24.csv@126   reward=  115.01 qoe=   4.9 qoe_q=  -11.5 eps=0.050 loss=2.2952
[ep 2174] loot         driving_B_2020.02.13_13.03.24.csv@786   reward=  125.86 qoe=   0.0 qoe_q=   -9.6 eps=0.050 loss=2.0135
[ep 2175] redandblack  static_B_2019.12.16_13.40.04.csv@1091  reward=  209.97 qoe= 100.0 qoe_q=   65.3 eps=0.050 loss=2.1985
[ep 2176] soldier      static_B_2020.02.27_18.39.27.csv@710   reward=  192.69 qoe=  76.0 qoe_q=   45.1 eps=0.050 loss=2.1352
[ep 2177] longdress    driving_B_2020.02.14_09.38.22.csv@1478  reward=  124.84 qoe=  82.1 qoe_q=   30.4 eps=0.050 loss=2.0696
[ep 2178] loot         static_B_2020.02.27_18.39.27.csv@5030  reward=  285.70 qoe=  92.0 qoe_q=   92.0 eps=0.050 loss=2.1044
[ep 2179] redandblack  driving_B_2020.02.14_12.58.17.csv@150   reward=  145.41 qoe=   0.0 qoe_q=  -15.8 eps=0.050 loss=2.1953
[ep 2180] soldier      driving_B_2019.12.17_07.32.39.csv@416   reward=  179.01 qoe=  48.0 qoe_q=   40.8 eps=0.050 loss=2.0276
[ep 2181] longdress    driving_B_2019.12.17_07.32.39.csv@2216  reward=  209.00 qoe=  67.2 qoe_q=   47.0 eps=0.050 loss=2.1793
[ep 2182] loot         static_B_2020.02.27_18.39.27.csv@3170  reward=  197.74 qoe=   0.0 qoe_q= -182.8 eps=0.050 loss=1.9926
[ep 2183] redandblack  static_B_2020.02.27_18.39.27.csv@3770  reward=  277.81 qoe= 100.0 qoe_q=   87.8 eps=0.050 loss=2.1789
[ep 2184] soldier      driving_B_2020.02.13_15.02.01.csv@1460  reward=   36.52 qoe=   0.0 qoe_q= -284.8 eps=0.050 loss=2.0923
[ep 2185] longdress    driving_B_2020.01.16_09.56.56.csv@171   reward=  192.15 qoe= 100.0 qoe_q=   58.1 eps=0.050 loss=2.2520
[ep 2186] loot         driving_B_2020.01.16_07.26.43.csv@677   reward=  106.45 qoe=   0.0 qoe_q=  -34.3 eps=0.050 loss=2.0693
[ep 2187] redandblack  driving_B_2019.12.16_12.27.05.csv@900   reward=  206.40 qoe= 100.0 qoe_q=   60.9 eps=0.050 loss=2.0500
[ep 2188] soldier      driving_B_2020.02.13_15.02.01.csv@920   reward=  279.88 qoe= 100.0 qoe_q=   88.0 eps=0.050 loss=2.1236
[ep 2189] longdress    static_B_2020.02.27_18.39.27.csv@1730  reward=  212.93 qoe= 100.0 qoe_q=   64.9 eps=0.050 loss=1.9801
[ep 2190] loot         static_B_2020.02.27_18.39.27.csv@2810  reward=  286.74 qoe=  94.0 qoe_q=   92.4 eps=0.050 loss=2.1575
[ep 2191] redandblack  static_B_2020.02.27_18.39.27.csv@1250  reward=  275.21 qoe= 100.0 qoe_q=   87.0 eps=0.050 loss=2.0388
[ep 2192] soldier      static_B_2020.02.27_18.39.27.csv@1070  reward=  212.10 qoe=  36.2 qoe_q=   36.7 eps=0.050 loss=2.2476
[ep 2193] longdress    static_B_2020.02.27_18.39.27.csv@170   reward=  285.49 qoe= 100.0 qoe_q=   90.1 eps=0.050 loss=2.4740
[ep 2194] loot         driving_B_2020.02.27_17.30.15.csv@676   reward=   13.97 qoe=   0.0 qoe_q= -461.4 eps=0.050 loss=2.1834
[ep 2195] redandblack  static_B_2020.02.27_18.39.27.csv@5510  reward=  281.96 qoe= 100.0 qoe_q=   90.2 eps=0.050 loss=2.1062
[ep 2196] soldier      driving_B_2020.01.16_07.26.43.csv@1337  reward=  -33.78 qoe=   0.0 qoe_q= -477.8 eps=0.050 loss=2.0971
[ep 2197] longdress    driving_B_2020.02.13_13.03.24.csv@1626  reward=  184.10 qoe=   0.0 qoe_q=  -87.5 eps=0.050 loss=2.0033
[ep 2198] loot         driving_B_2020.01.16_09.56.56.csv@531   reward=  203.54 qoe=  87.5 qoe_q=   60.8 eps=0.050 loss=2.0462
[ep 2199] redandblack  static_B_2020.02.27_18.39.27.csv@2150  reward=  237.85 qoe=  80.1 qoe_q=   66.4 eps=0.050 loss=2.1375
[ep 2200] soldier      static_B_2020.02.27_18.39.27.csv@3530  reward=  244.86 qoe=  77.8 qoe_q=   67.6 eps=0.050 loss=2.1778
    [eval @ ep 2200] reward=-685.50 qoe=55.5 qoe_q=-34294.6 mean_q=0.855 stall=7797.5s
[ep 2201] longdress    driving_B_2020.02.14_09.38.22.csv@937   reward=  269.90 qoe=  90.0 qoe_q=   83.9 eps=0.050 loss=2.2631
[ep 2202] loot         static_B_2020.02.27_18.39.27.csv@4670  reward=   66.79 qoe=   0.0 qoe_q= -167.8 eps=0.050 loss=2.2105
[ep 2203] redandblack  driving_B_2020.02.14_09.38.22.csv@817   reward=  174.88 qoe=  38.2 qoe_q=   16.1 eps=0.050 loss=2.3639
[ep 2204] soldier      driving_B_2020.02.13_13.03.24.csv@1086  reward=   69.03 qoe=   0.0 qoe_q=  -50.0 eps=0.050 loss=2.0977
[ep 2205] longdress    driving_B_2019.12.17_07.32.39.csv@1796  reward=   61.95 qoe=   0.0 qoe_q= -100.1 eps=0.050 loss=2.1659
[ep 2206] loot         driving_B_2020.01.16_07.26.43.csv@437   reward=   61.98 qoe=   0.0 qoe_q= -162.5 eps=0.050 loss=1.9632
[ep 2207] redandblack  driving_B_2020.01.16_07.26.43.csv@1397  reward=  108.94 qoe=   0.0 qoe_q=  -41.7 eps=0.050 loss=2.0570
[ep 2208] soldier      driving_B_2020.01.16_09.56.56.csv@651   reward=  134.57 qoe=   0.0 qoe_q=  -18.7 eps=0.050 loss=2.1146
[ep 2209] longdress    driving_B_2020.02.14_09.38.22.csv@277   reward=   35.20 qoe=   0.0 qoe_q= -300.3 eps=0.050 loss=2.1823
[ep 2210] loot         static_B_2020.02.14_13.21.26.csv@405   reward=  289.24 qoe=  98.0 qoe_q=   93.2 eps=0.050 loss=2.1199
[ep 2211] redandblack  driving_B_2020.01.16_07.26.43.csv@497   reward=  129.73 qoe=   0.0 qoe_q=  -34.6 eps=0.050 loss=2.1724
[ep 2212] soldier      driving_B_2020.02.13_15.02.01.csv@2060  reward=   52.15 qoe=   0.0 qoe_q=  -45.1 eps=0.050 loss=2.2017
[ep 2213] longdress    static_B_2020.02.27_18.39.27.csv@2330  reward=  166.76 qoe=   0.0 qoe_q= -364.9 eps=0.050 loss=2.3147
[ep 2214] loot         static_B_2019.12.16_13.40.04.csv@311   reward=  152.61 qoe=   0.0 qoe_q=    8.6 eps=0.050 loss=2.2594
[ep 2215] redandblack  static_B_2020.02.27_18.39.27.csv@4430  reward=  259.56 qoe=  69.9 qoe_q=   71.2 eps=0.050 loss=2.3160
[ep 2216] soldier      driving_B_2019.12.16_12.27.05.csv@840   reward=  184.98 qoe=  47.9 qoe_q=   42.3 eps=0.050 loss=2.2335
[ep 2217] longdress    driving_B_2020.02.13_15.02.01.csv@2360  reward=  -30.65 qoe=   0.0 qoe_q= -259.4 eps=0.050 loss=2.1984
[ep 2218] loot         driving_B_2019.12.17_07.32.39.csv@1916  reward=  236.98 qoe=  49.3 qoe_q=   57.2 eps=0.050 loss=2.1895
[ep 2219] redandblack  static_B_2020.02.27_18.39.27.csv@3350  reward=  241.42 qoe=  52.0 qoe_q=   75.1 eps=0.050 loss=2.2511
[ep 2220] soldier      driving_B_2019.12.17_07.32.39.csv@2156  reward=   24.85 qoe=   0.0 qoe_q= -112.6 eps=0.050 loss=2.3589
[ep 2221] longdress    static_B_2020.02.14_13.21.26.csv@285   reward=  277.96 qoe= 100.0 qoe_q=   87.6 eps=0.050 loss=2.2808
[ep 2222] loot         static_B_2020.02.27_18.39.27.csv@1370  reward=  262.78 qoe=  56.0 qoe_q=   83.7 eps=0.050 loss=2.1352
[ep 2223] redandblack  driving_B_2020.02.14_12.58.17.csv@390   reward=   28.37 qoe=   0.0 qoe_q= -638.0 eps=0.050 loss=2.0690
[ep 2224] soldier      driving_B_2020.02.27_17.30.15.csv@316   reward=  -48.35 qoe=   0.0 qoe_q=-1001.3 eps=0.050 loss=2.0835
[ep 2225] longdress    driving_B_2020.02.13_15.02.01.csv@2600  reward=  274.22 qoe=  88.9 qoe_q=   85.8 eps=0.050 loss=1.9198
[ep 2226] loot         static_B_2020.02.27_18.39.27.csv@350   reward=  284.45 qoe= 100.0 qoe_q=   90.6 eps=0.050 loss=2.0448
[ep 2227] redandblack  driving_B_2020.02.14_09.38.22.csv@637   reward=  178.14 qoe=   0.0 qoe_q=   52.5 eps=0.050 loss=2.0021
[ep 2228] soldier      driving_B_2019.12.17_07.32.39.csv@1676  reward=   17.07 qoe=  39.1 qoe_q=  -26.0 eps=0.050 loss=2.1892
[ep 2229] longdress    static_B_2020.02.27_18.39.27.csv@3950  reward=  277.22 qoe=  87.2 qoe_q=   87.8 eps=0.050 loss=2.3019
[ep 2230] loot         static_B_2020.02.27_18.39.27.csv@4910  reward=  255.96 qoe=  80.1 qoe_q=   71.1 eps=0.050 loss=2.1472
[ep 2231] redandblack  static_B_2019.12.16_13.40.04.csv@1571  reward=  243.10 qoe=  84.4 qoe_q=   73.5 eps=0.050 loss=2.0704
[ep 2232] soldier      static_B_2020.02.27_18.39.27.csv@530   reward=  186.11 qoe=  59.3 qoe_q=   41.6 eps=0.050 loss=2.3574
[ep 2233] longdress    driving_B_2020.02.13_15.02.01.csv@2660  reward=   32.47 qoe=   0.0 qoe_q= -214.1 eps=0.050 loss=2.1437
[ep 2234] loot         static_B_2020.02.14_13.21.26.csv@225   reward=  249.03 qoe=  40.0 qoe_q=   78.4 eps=0.050 loss=2.4766
[ep 2235] redandblack  driving_B_2020.02.27_17.30.15.csv@720   reward=   12.18 qoe=   0.0 qoe_q= -304.3 eps=0.050 loss=2.1105
[ep 2236] soldier      driving_B_2020.02.13_13.03.24.csv@6     reward=   66.94 qoe=   0.0 qoe_q= -124.8 eps=0.050 loss=2.2761
[ep 2237] longdress    driving_B_2020.02.13_15.02.01.csv@2720  reward=   15.06 qoe=   0.0 qoe_q= -175.3 eps=0.050 loss=2.3809
[ep 2238] loot         driving_B_2020.01.16_07.26.43.csv@857   reward=  148.57 qoe=   0.0 qoe_q=  -25.3 eps=0.050 loss=2.1597
[ep 2239] redandblack  driving_B_2020.02.13_15.02.01.csv@1220  reward=  220.79 qoe=  64.0 qoe_q=   59.8 eps=0.050 loss=2.1508
[ep 2240] soldier      driving_B_2020.01.16_09.56.56.csv@291   reward=  237.90 qoe=  49.9 qoe_q=   57.9 eps=0.050 loss=2.2286
[ep 2241] longdress    static_B_2019.12.16_13.40.04.csv@491   reward=  199.92 qoe=  78.7 qoe_q=   16.3 eps=0.050 loss=2.0947
[ep 2242] loot         driving_B_2020.01.16_07.26.43.csv@257   reward=  195.62 qoe=  41.0 qoe_q=   41.9 eps=0.050 loss=2.1890
[ep 2243] redandblack  driving_B_2020.01.16_09.56.56.csv@351   reward=   89.79 qoe=   0.0 qoe_q=  -29.5 eps=0.050 loss=2.1173
[ep 2244] soldier      static_B_2020.02.14_13.21.26.csv@165   reward=  279.95 qoe= 100.0 qoe_q=   87.9 eps=0.050 loss=2.3105
[ep 2245] longdress    static_B_2020.02.27_18.39.27.csv@890   reward=  235.10 qoe=  85.2 qoe_q=   63.6 eps=0.050 loss=2.2078
[ep 2246] loot         driving_B_2019.12.16_12.27.05.csv@240   reward=  221.46 qoe=  68.2 qoe_q=   59.3 eps=0.050 loss=2.2272
[ep 2247] redandblack  driving_B_2020.01.16_07.26.43.csv@1277  reward=  175.64 qoe=  22.6 qoe_q=   27.5 eps=0.050 loss=2.0262
[ep 2248] soldier      static_B_2020.02.27_18.39.27.csv@3890  reward=  243.07 qoe=  79.5 qoe_q=   70.6 eps=0.050 loss=2.2326
[ep 2249] longdress    driving_B_2020.01.16_07.26.43.csv@1577  reward=   67.25 qoe=   0.0 qoe_q= -141.9 eps=0.050 loss=2.3085
[ep 2250] loot         driving_B_2020.02.13_15.02.01.csv@980   reward=  111.37 qoe=   0.0 qoe_q=  -55.0 eps=0.050 loss=2.1277
[ep 2251] redandblack  driving_B_2019.12.17_07.32.39.csv@836   reward=  117.46 qoe=   0.0 qoe_q=  -43.2 eps=0.050 loss=2.1724
[ep 2252] soldier      driving_B_2020.02.13_13.03.24.csv@1926  reward=  -48.79 qoe=  25.8 qoe_q= -138.1 eps=0.050 loss=2.0777
[ep 2253] longdress    static_B_2020.02.27_18.39.27.csv@1550  reward=  224.28 qoe=  69.4 qoe_q=   51.8 eps=0.050 loss=2.3565
[ep 2254] loot         driving_B_2020.02.13_13.03.24.csv@2046  reward=  -14.68 qoe=   0.0 qoe_q= -506.8 eps=0.050 loss=2.0386
[ep 2255] redandblack  driving_B_2020.02.14_09.38.22.csv@337   reward=   27.91 qoe=   0.0 qoe_q= -248.7 eps=0.050 loss=2.1390
[ep 2256] soldier      driving_B_2020.01.16_09.56.56.csv@51    reward=   24.80 qoe=   0.0 qoe_q= -105.5 eps=0.050 loss=2.0244
[ep 2257] longdress    static_B_2020.02.27_18.39.27.csv@1010  reward=  202.37 qoe=  56.2 qoe_q=   49.2 eps=0.050 loss=2.0832
[ep 2258] loot         driving_B_2020.02.14_12.58.17.csv@510   reward=   66.56 qoe=   0.0 qoe_q=  -72.9 eps=0.050 loss=2.2046
[ep 2259] redandblack  driving_B_2020.01.16_07.26.43.csv@17    reward=  143.30 qoe=   7.7 qoe_q=    2.3 eps=0.050 loss=2.1087
[ep 2260] soldier      static_B_2020.02.27_18.39.27.csv@5330  reward=  282.43 qoe= 100.0 qoe_q=   87.8 eps=0.050 loss=2.1814
[ep 2261] longdress    driving_B_2020.02.14_09.38.22.csv@97    reward=   28.06 qoe=   0.0 qoe_q= -275.6 eps=0.050 loss=2.2746
[ep 2262] loot         driving_B_2020.01.16_09.56.56.csv@1011  reward=  269.04 qoe= 100.0 qoe_q=   83.9 eps=0.050 loss=2.0673
[ep 2263] redandblack  driving_B_2020.02.13_13.03.24.csv@1146  reward=   68.93 qoe=   0.0 qoe_q=  -91.8 eps=0.050 loss=2.2404
[ep 2264] soldier      driving_B_2020.01.16_09.56.56.csv@891   reward=   71.45 qoe=   0.0 qoe_q= -118.0 eps=0.050 loss=2.2024
[ep 2265] longdress    static_B_2020.02.27_18.39.27.csv@4130  reward=  284.20 qoe= 100.0 qoe_q=   90.4 eps=0.050 loss=2.0238
[ep 2266] loot         static_B_2020.02.27_18.39.27.csv@4490  reward=  256.68 qoe=  84.6 qoe_q=   80.0 eps=0.050 loss=2.0802
[ep 2267] redandblack  driving_B_2020.02.13_13.03.24.csv@1326  reward=   74.79 qoe=   0.0 qoe_q= -106.0 eps=0.050 loss=2.1379
[ep 2268] soldier      driving_B_2020.01.16_09.56.56.csv@411   reward=   86.72 qoe=   0.0 qoe_q= -176.1 eps=0.050 loss=2.2705
[ep 2269] longdress    driving_B_2020.01.16_07.26.43.csv@1770  reward=  -33.70 qoe=   0.0 qoe_q=-3516.7 eps=0.050 loss=2.1294
[ep 2270] loot         static_B_2020.02.27_18.39.27.csv@830   reward=  288.55 qoe= 100.0 qoe_q=   93.2 eps=0.050 loss=2.5544
[ep 2271] redandblack  driving_B_2020.02.13_15.02.01.csv@860   reward=  178.36 qoe=  58.9 qoe_q=   38.6 eps=0.050 loss=2.4294
[ep 2272] soldier      driving_B_2020.01.16_09.56.56.csv@711   reward=  258.64 qoe=  76.7 qoe_q=   76.5 eps=0.050 loss=2.4132
[ep 2273] longdress    driving_B_2020.02.13_15.02.01.csv@1520  reward=   -0.07 qoe=   0.0 qoe_q= -774.6 eps=0.050 loss=2.1758
[ep 2274] loot         driving_B_2020.02.13_15.02.01.csv@2540  reward=  186.87 qoe=  29.4 qoe_q=   35.1 eps=0.050 loss=2.1242
[ep 2275] redandblack  driving_B_2020.02.14_12.58.17.csv@800   reward=   24.94 qoe=   0.0 qoe_q= -411.9 eps=0.050 loss=2.2331
[ep 2276] soldier      static_B_2020.02.27_18.39.27.csv@3650  reward=  259.05 qoe= 100.0 qoe_q=   79.7 eps=0.050 loss=2.1556
[ep 2277] longdress    static_B_2019.12.16_13.40.04.csv@731   reward=  271.80 qoe=  98.0 qoe_q=   84.3 eps=0.050 loss=2.2059
[ep 2278] loot         static_B_2020.02.14_13.21.26.csv@765   reward=  262.63 qoe=  46.0 qoe_q=   84.3 eps=0.050 loss=2.2858
[ep 2279] redandblack  driving_B_2020.02.13_13.03.24.csv@1266  reward=   25.96 qoe=   0.0 qoe_q= -246.5 eps=0.050 loss=2.3360
[ep 2280] soldier      static_B_2019.12.16_13.40.04.csv@791   reward=  279.16 qoe= 100.0 qoe_q=   87.8 eps=0.050 loss=2.2857
[ep 2281] longdress    driving_B_2020.02.27_17.30.15.csv@616   reward=  -51.41 qoe=   0.0 qoe_q=-1499.2 eps=0.050 loss=2.4613
[ep 2282] loot         driving_B_2019.12.17_07.32.39.csv@56    reward=  137.57 qoe=   0.0 qoe_q=  -10.7 eps=0.050 loss=2.1165
[ep 2283] redandblack  driving_B_2020.02.14_09.38.22.csv@1237  reward=  162.33 qoe=   0.0 qoe_q=  -12.6 eps=0.050 loss=2.0230
[ep 2284] soldier      driving_B_2020.02.13_15.02.01.csv@1760  reward=  246.44 qoe=  84.2 qoe_q=   69.7 eps=0.050 loss=2.1441
[ep 2285] longdress    driving_B_2020.01.16_07.26.43.csv@1037  reward=  188.32 qoe= 100.0 qoe_q=   48.9 eps=0.050 loss=2.2801
[ep 2286] loot         static_B_2020.02.14_13.21.26.csv@705   reward=  287.32 qoe= 100.0 qoe_q=   92.3 eps=0.050 loss=2.1619
[ep 2287] redandblack  driving_B_2019.12.17_07.32.39.csv@236   reward=   96.38 qoe=   0.0 qoe_q=   -9.9 eps=0.050 loss=2.1648
[ep 2288] soldier      static_B_2020.02.27_18.39.27.csv@5090  reward=  270.49 qoe= 100.0 qoe_q=   84.4 eps=0.050 loss=2.2064
[ep 2289] longdress    driving_B_2020.02.14_12.58.17.csv@690   reward=   25.93 qoe=  82.1 qoe_q=  -13.5 eps=0.050 loss=2.1946
[ep 2290] loot         driving_B_2020.01.16_07.26.43.csv@1757  reward=  113.57 qoe=   0.0 qoe_q=  -26.7 eps=0.050 loss=2.1331
[ep 2291] redandblack  driving_B_2020.02.13_15.02.01.csv@2300  reward=   65.40 qoe=  39.2 qoe_q=  -22.5 eps=0.050 loss=2.2216
[ep 2292] soldier      driving_B_2020.01.16_12.10.03.csv@215   reward=  287.23 qoe= 100.0 qoe_q=   91.3 eps=0.050 loss=2.2243
[ep 2293] longdress    driving_B_2020.02.13_15.02.01.csv@500   reward=  104.99 qoe=  35.1 qoe_q=    0.1 eps=0.050 loss=2.2795
[ep 2294] loot         driving_B_2020.02.13_13.03.24.csv@726   reward=  137.74 qoe=  12.9 qoe_q=   12.9 eps=0.050 loss=2.0318
[ep 2295] redandblack  driving_B_2020.02.13_13.03.24.csv@966   reward=   80.05 qoe=   0.0 qoe_q=   -8.0 eps=0.050 loss=2.3341
[ep 2296] soldier      driving_B_2020.02.13_13.03.24.csv@1506  reward=   77.32 qoe=   0.0 qoe_q=  -12.7 eps=0.050 loss=2.4112
[ep 2297] longdress    static_B_2019.12.16_13.40.04.csv@1511  reward=  242.74 qoe=  66.1 qoe_q=   66.1 eps=0.050 loss=2.0464
[ep 2298] loot         driving_B_2019.12.17_07.32.39.csv@656   reward=  124.15 qoe=   0.0 qoe_q=   -8.0 eps=0.050 loss=2.0850
[ep 2299] redandblack  driving_B_2019.12.17_07.32.39.csv@1496  reward=  119.37 qoe=   0.0 qoe_q=  -13.5 eps=0.050 loss=1.9858
[ep 2300] soldier      driving_B_2020.02.13_15.02.01.csv@800   reward=  258.27 qoe=  68.7 qoe_q=   65.9 eps=0.050 loss=2.3876
[ep 2301] longdress    static_B_2019.12.16_13.40.04.csv@611   reward=  187.11 qoe=  64.9 qoe_q=   47.0 eps=0.050 loss=2.1629
[ep 2302] loot         driving_B_2019.12.16_12.27.05.csv@1152  reward=  179.07 qoe=  15.3 qoe_q=   21.5 eps=0.050 loss=2.2046
[ep 2303] redandblack  static_B_2019.12.16_13.40.04.csv@131   reward=  255.91 qoe=  68.0 qoe_q=   80.2 eps=0.050 loss=2.1289
[ep 2304] soldier      driving_B_2020.02.13_13.03.24.csv@1866  reward= -139.29 qoe=   0.0 qoe_q= -514.6 eps=0.050 loss=2.3910
[ep 2305] longdress    driving_B_2020.02.14_09.38.22.csv@517   reward=  203.31 qoe=  59.7 qoe_q=   52.3 eps=0.050 loss=2.1242
[ep 2306] loot         driving_B_2019.12.17_07.32.39.csv@476   reward=  209.54 qoe= 100.0 qoe_q=   64.9 eps=0.050 loss=2.1715
[ep 2307] redandblack  driving_B_2019.12.17_07.32.39.csv@1556  reward=  200.88 qoe= 100.0 qoe_q=   60.9 eps=0.050 loss=2.2903
[ep 2308] soldier      static_B_2019.12.16_13.40.04.csv@971   reward=  201.27 qoe=  83.9 qoe_q=   52.8 eps=0.050 loss=2.3597
[ep 2309] longdress    static_B_2020.02.27_18.39.27.csv@4190  reward=  182.52 qoe=  79.6 qoe_q=   52.8 eps=0.050 loss=2.2877
[ep 2310] loot         driving_B_2020.02.13_13.03.24.csv@246   reward=  128.71 qoe=   0.0 qoe_q=  -33.5 eps=0.050 loss=2.1911
[ep 2311] redandblack  driving_B_2019.12.17_07.32.39.csv@716   reward=  174.20 qoe=  71.7 qoe_q=   45.0 eps=0.050 loss=2.1701
[ep 2312] soldier      driving_B_2020.02.27_17.30.15.csv@436   reward=  -74.05 qoe=   0.0 qoe_q= -470.2 eps=0.050 loss=2.2595
[ep 2313] longdress    driving_B_2019.12.17_07.32.39.csv@1616  reward=   51.27 qoe=  45.3 qoe_q=  -14.4 eps=0.050 loss=2.0372
[ep 2314] loot         driving_B_2020.01.16_09.56.56.csv@1371  reward=  222.30 qoe=  84.1 qoe_q=   65.4 eps=0.050 loss=2.1729
[ep 2315] redandblack  static_B_2020.02.27_18.39.27.csv@5570  reward=  275.03 qoe=  88.0 qoe_q=   87.5 eps=0.050 loss=2.2973
[ep 2316] soldier      driving_B_2020.02.13_15.02.01.csv@80    reward=  272.02 qoe=  84.0 qoe_q=   84.3 eps=0.050 loss=2.1817
[ep 2317] longdress    static_B_2020.02.27_18.39.27.csv@1790  reward=   99.63 qoe=  82.8 qoe_q=  -41.2 eps=0.050 loss=2.2719
[ep 2318] loot         driving_B_2020.01.16_07.26.43.csv@797   reward=  172.47 qoe=  16.0 qoe_q=   28.7 eps=0.050 loss=2.3756
[ep 2319] redandblack  static_B_2020.02.27_18.39.27.csv@5690  reward=  255.02 qoe=  81.1 qoe_q=   72.6 eps=0.050 loss=2.1882
[ep 2320] soldier      driving_B_2020.02.27_17.30.15.csv@496   reward=   -9.03 qoe=   0.0 qoe_q= -506.8 eps=0.050 loss=2.1797
[ep 2321] longdress    driving_B_2020.01.16_12.10.03.csv@155   reward=  279.35 qoe= 100.0 qoe_q=   88.5 eps=0.050 loss=2.1862
[ep 2322] loot         static_B_2020.02.27_18.39.27.csv@5742  reward=  244.38 qoe=  80.0 qoe_q=   73.7 eps=0.050 loss=1.9035
[ep 2323] redandblack  driving_B_2020.01.16_07.26.43.csv@197   reward=  156.77 qoe=  56.3 qoe_q=   23.2 eps=0.050 loss=2.2450
[ep 2324] soldier      static_B_2019.12.16_13.40.04.csv@1904  reward=  242.34 qoe=  84.0 qoe_q=   54.8 eps=0.050 loss=2.3343
[ep 2325] longdress    static_B_2020.02.27_18.39.27.csv@4850  reward=  285.08 qoe= 100.0 qoe_q=   90.7 eps=0.050 loss=2.3015
[ep 2326] loot         static_B_2020.02.27_18.39.27.csv@590   reward=  229.03 qoe=  84.0 qoe_q=   47.3 eps=0.050 loss=2.4649
[ep 2327] redandblack  driving_B_2020.02.13_15.02.01.csv@1040  reward=  269.35 qoe=  92.0 qoe_q=   85.0 eps=0.050 loss=2.2446
[ep 2328] soldier      static_B_2020.02.27_18.39.27.csv@4730  reward=  233.46 qoe=  82.9 qoe_q=   67.3 eps=0.050 loss=2.3380
[ep 2329] longdress    driving_B_2020.02.14_09.38.22.csv@997   reward=  133.45 qoe=  27.4 qoe_q=   11.2 eps=0.050 loss=2.2795
[ep 2330] loot         driving_B_2020.02.13_15.02.01.csv@1160  reward=  218.34 qoe= 100.0 qoe_q=   63.8 eps=0.050 loss=2.1050
[ep 2331] redandblack  static_B_2020.02.27_18.39.27.csv@1130  reward=  131.09 qoe=   1.7 qoe_q=   -1.2 eps=0.050 loss=2.4910
[ep 2332] soldier      static_B_2020.02.27_18.39.27.csv@4370  reward=  249.93 qoe=  74.7 qoe_q=   63.2 eps=0.050 loss=2.1422
[ep 2333] longdress    static_B_2020.02.14_13.21.26.csv@465   reward=  279.51 qoe= 100.0 qoe_q=   87.8 eps=0.050 loss=2.0498
[ep 2334] loot         driving_B_2019.12.16_12.27.05.csv@1080  reward=  198.00 qoe= 100.0 qoe_q=   61.4 eps=0.050 loss=2.2148
[ep 2335] redandblack  driving_B_2019.12.17_07.32.39.csv@1856  reward=  159.79 qoe=  48.7 qoe_q=   29.2 eps=0.050 loss=2.5366
[ep 2336] soldier      driving_B_2020.02.13_15.02.01.csv@260   reward=  269.95 qoe=  74.0 qoe_q=   85.3 eps=0.050 loss=2.3062
[ep 2337] longdress    static_B_2019.12.16_13.40.04.csv@851   reward=  224.70 qoe=  77.2 qoe_q=   61.1 eps=0.050 loss=2.3291
[ep 2338] loot         static_B_2020.02.27_18.39.27.csv@1670  reward=  236.15 qoe=  73.0 qoe_q=   57.6 eps=0.050 loss=2.2528
[ep 2339] redandblack  driving_B_2020.02.14_09.38.22.csv@1117  reward=  128.09 qoe=   0.0 qoe_q=  -35.6 eps=0.050 loss=2.3884
[ep 2340] soldier      driving_B_2020.02.13_15.02.01.csv@2754  reward=   85.24 qoe=   0.0 qoe_q=  -40.7 eps=0.050 loss=2.3064
[ep 2341] longdress    driving_B_2020.02.14_09.38.22.csv@1357  reward=  281.55 qoe= 100.0 qoe_q=   89.6 eps=0.050 loss=2.1028
[ep 2342] loot         driving_B_2020.02.14_09.38.22.csv@877   reward=  194.70 qoe=   0.0 qoe_q=   58.6 eps=0.050 loss=2.5292
[ep 2343] redandblack  driving_B_2020.01.16_07.26.43.csv@1517  reward=  113.13 qoe=  11.4 qoe_q=   -5.6 eps=0.050 loss=2.4594
[ep 2344] soldier      driving_B_2020.02.13_15.02.01.csv@1280  reward=  124.74 qoe=   1.4 qoe_q=  -10.1 eps=0.050 loss=2.2769
[ep 2345] longdress    driving_B_2020.01.16_09.56.56.csv@951   reward=  165.72 qoe=  45.5 qoe_q=   27.9 eps=0.050 loss=2.1212
[ep 2346] loot         driving_B_2020.01.16_07.26.43.csv@917   reward=  142.17 qoe=   0.0 qoe_q=   -6.6 eps=0.050 loss=2.4773
[ep 2347] redandblack  static_B_2020.02.27_18.39.27.csv@650   reward=  281.49 qoe= 100.0 qoe_q=   89.9 eps=0.050 loss=1.9813
[ep 2348] soldier      static_B_2020.02.27_18.39.27.csv@2690  reward=  203.81 qoe= 100.0 qoe_q=   59.6 eps=0.050 loss=2.2825
[ep 2349] longdress    driving_B_2020.01.16_07.26.43.csv@737   reward=  184.86 qoe=  86.9 qoe_q=   49.3 eps=0.050 loss=2.2975
[ep 2350] loot         driving_B_2020.02.13_15.02.01.csv@1820  reward=  280.36 qoe= 100.0 qoe_q=   89.1 eps=0.050 loss=2.3523
[ep 2351] redandblack  static_B_2020.02.27_18.39.27.csv@5630  reward=  256.39 qoe=  78.0 qoe_q=   79.8 eps=0.050 loss=2.1474
[ep 2352] soldier      driving_B_2019.12.17_07.32.39.csv@1376  reward=  263.19 qoe= 100.0 qoe_q=   82.5 eps=0.050 loss=2.4461
[ep 2353] longdress    driving_B_2020.02.13_13.03.24.csv@846   reward=   46.30 qoe=   0.0 qoe_q= -240.2 eps=0.050 loss=2.1223
[ep 2354] loot         driving_B_2020.01.16_09.56.56.csv@1311  reward=  220.18 qoe=  86.6 qoe_q=   66.2 eps=0.050 loss=2.2847
[ep 2355] redandblack  driving_B_2019.12.16_12.27.05.csv@120   reward=  153.30 qoe=  37.9 qoe_q=   12.9 eps=0.050 loss=2.3536
[ep 2356] soldier      static_B_2020.02.27_18.39.27.csv@4010  reward=  185.81 qoe=  78.0 qoe_q=   53.4 eps=0.050 loss=2.1657
[ep 2357] longdress    driving_B_2020.02.13_13.03.24.csv@306   reward=  166.15 qoe=  63.3 qoe_q=   41.5 eps=0.050 loss=2.1386
[ep 2358] loot         driving_B_2020.01.16_09.56.56.csv@231   reward=  202.25 qoe= 100.0 qoe_q=   64.2 eps=0.050 loss=2.4294
[ep 2359] redandblack  driving_B_2020.02.13_13.03.24.csv@1386  reward=  138.52 qoe=  39.2 qoe_q=   20.2 eps=0.050 loss=2.3264
[ep 2360] soldier      driving_B_2019.12.17_07.32.39.csv@1316  reward=  267.74 qoe= 100.0 qoe_q=   83.0 eps=0.050 loss=2.4914
[ep 2361] longdress    driving_B_2020.01.16_09.56.56.csv@471   reward=  204.36 qoe=  55.3 qoe_q=   49.1 eps=0.050 loss=2.4911
[ep 2362] loot         driving_B_2019.12.17_07.32.39.csv@1076  reward=  192.89 qoe=  77.9 qoe_q=   52.3 eps=0.050 loss=2.1971
[ep 2363] redandblack  static_B_2020.02.27_18.39.27.csv@3830  reward=  205.47 qoe= 100.0 qoe_q=   61.7 eps=0.050 loss=2.1729
[ep 2364] soldier      driving_B_2019.12.16_12.27.05.csv@300   reward=   71.96 qoe=   0.0 qoe_q= -121.5 eps=0.050 loss=2.3935
[ep 2365] longdress    static_B_2019.12.16_13.40.04.csv@1451  reward=  279.11 qoe= 100.0 qoe_q=   87.9 eps=0.050 loss=2.2959
[ep 2366] loot         static_B_2020.02.27_18.39.27.csv@770   reward=  280.90 qoe= 100.0 qoe_q=   89.3 eps=0.050 loss=2.1305
[ep 2367] redandblack  static_B_2020.02.27_18.39.27.csv@2750  reward=  272.08 qoe= 100.0 qoe_q=   85.6 eps=0.050 loss=2.1624
[ep 2368] soldier      driving_B_2019.12.16_12.27.05.csv@660   reward=   71.40 qoe=   0.0 qoe_q= -105.5 eps=0.050 loss=2.0909
[ep 2369] longdress    driving_B_2020.01.16_07.26.43.csv@317   reward=   93.24 qoe=  83.3 qoe_q=   20.4 eps=0.050 loss=2.3093
[ep 2370] loot         driving_B_2020.02.14_09.38.22.csv@37    reward=  144.24 qoe=   4.1 qoe_q=   13.0 eps=0.050 loss=2.3658
[ep 2371] redandblack  driving_B_2020.02.13_15.02.01.csv@1400  reward=  115.52 qoe=   0.0 qoe_q=  -61.3 eps=0.050 loss=2.3903
[ep 2372] soldier      driving_B_2020.02.14_12.58.17.csv@90    reward=   99.78 qoe=   0.0 qoe_q= -122.9 eps=0.050 loss=2.5645
[ep 2373] longdress    driving_B_2019.12.16_12.27.05.csv@780   reward=  183.23 qoe=  68.9 qoe_q=   52.1 eps=0.050 loss=2.4241
[ep 2374] loot         driving_B_2020.01.16_07.26.43.csv@617   reward=  169.38 qoe=  39.0 qoe_q=   25.2 eps=0.050 loss=2.2344
[ep 2375] redandblack  driving_B_2020.02.14_09.38.22.csv@457   reward=  197.13 qoe= 100.0 qoe_q=   56.2 eps=0.050 loss=2.3997
[ep 2376] soldier      driving_B_2020.01.16_09.56.56.csv@831   reward=  101.17 qoe=   2.3 qoe_q=  -10.3 eps=0.050 loss=2.3145
[ep 2377] longdress    driving_B_2020.02.27_17.30.15.csv@720   reward=   10.31 qoe=   0.0 qoe_q= -326.8 eps=0.050 loss=2.2333
[ep 2378] loot         driving_B_2020.02.14_09.38.22.csv@577   reward=  268.06 qoe=  86.1 qoe_q=   84.2 eps=0.050 loss=2.3260
[ep 2379] redandblack  driving_B_2019.12.17_07.32.39.csv@2276  reward=  227.08 qoe=  82.2 qoe_q=   68.3 eps=0.050 loss=2.4976
[ep 2380] soldier      static_B_2020.02.27_18.39.27.csv@1970  reward=  288.83 qoe= 100.0 qoe_q=   91.1 eps=0.050 loss=2.3202
[ep 2381] longdress    driving_B_2020.01.16_07.26.43.csv@137   reward=  120.26 qoe=   0.0 qoe_q=   -7.1 eps=0.050 loss=2.2675
[ep 2382] loot         driving_B_2020.01.16_07.26.43.csv@1157  reward=  189.41 qoe=  82.2 qoe_q=   50.0 eps=0.050 loss=2.4028
[ep 2383] redandblack  driving_B_2020.02.27_17.30.15.csv@376   reward=   28.77 qoe=   0.0 qoe_q= -457.5 eps=0.050 loss=2.2979
[ep 2384] soldier      static_B_2020.02.14_13.21.26.csv@850   reward=  211.63 qoe=  80.6 qoe_q=   58.0 eps=0.050 loss=2.4600
[ep 2385] longdress    static_B_2019.12.16_13.40.04.csv@191   reward=  223.22 qoe=  72.2 qoe_q=   65.4 eps=0.050 loss=2.3941
[ep 2386] loot         driving_B_2020.02.13_15.02.01.csv@200   reward=  212.27 qoe=  44.2 qoe_q=   44.6 eps=0.050 loss=2.1840
[ep 2387] redandblack  static_B_2020.02.27_18.39.27.csv@2570  reward=  187.36 qoe=  30.4 qoe_q=   32.6 eps=0.050 loss=2.4599
[ep 2388] soldier      driving_B_2020.02.13_15.02.01.csv@2754  reward=   92.27 qoe=   0.0 qoe_q=  -32.9 eps=0.050 loss=2.3013
[ep 2389] longdress    static_B_2019.12.16_13.40.04.csv@1871  reward=  194.94 qoe=  94.0 qoe_q=   13.5 eps=0.050 loss=2.2755
[ep 2390] loot         driving_B_2020.01.16_07.26.43.csv@377   reward=   99.93 qoe=   0.0 qoe_q=  -29.3 eps=0.050 loss=2.3604
[ep 2391] redandblack  driving_B_2020.01.16_07.26.43.csv@1457  reward=   52.41 qoe=   0.0 qoe_q= -164.8 eps=0.050 loss=2.4828
[ep 2392] soldier      static_B_2020.02.27_18.39.27.csv@5270  reward=  277.64 qoe=  96.0 qoe_q=   87.0 eps=0.050 loss=2.2047
[ep 2393] longdress    static_B_2020.02.27_18.39.27.csv@4790  reward=  278.55 qoe= 100.0 qoe_q=   87.7 eps=0.050 loss=2.3463
[ep 2394] loot         static_B_2019.12.16_13.40.04.csv@71    reward=  250.82 qoe=  46.0 qoe_q=   78.3 eps=0.050 loss=2.2482
[ep 2395] redandblack  static_B_2019.12.16_13.40.04.csv@11    reward=  263.76 qoe=  98.0 qoe_q=   81.5 eps=0.050 loss=2.3977
[ep 2396] soldier      driving_B_2020.02.14_09.38.22.csv@1478  reward=  113.43 qoe=   0.0 qoe_q=  -38.7 eps=0.050 loss=2.3126
[ep 2397] longdress    driving_B_2020.02.13_13.03.24.csv@666   reward=   82.78 qoe=   0.0 qoe_q= -163.4 eps=0.050 loss=2.4846
[ep 2398] loot         driving_B_2020.02.13_15.02.01.csv@320   reward=  263.28 qoe=  80.6 qoe_q=   80.1 eps=0.050 loss=2.5332
[ep 2399] redandblack  static_B_2020.02.27_18.39.27.csv@1430  reward=  262.50 qoe= 100.0 qoe_q=   79.6 eps=0.050 loss=2.1931
[ep 2400] soldier      driving_B_2019.12.16_12.27.05.csv@420   reward=   33.75 qoe=   0.0 qoe_q=  -88.2 eps=0.050 loss=2.2975
    [eval @ ep 2400] reward=-687.30 qoe=53.1 qoe_q=-34295.5 mean_q=0.853 stall=7797.5s
[ep 2401] longdress    driving_B_2020.02.13_15.02.01.csv@740   reward=  175.86 qoe=  46.3 qoe_q=   25.8 eps=0.050 loss=2.1882
[ep 2402] loot         static_B_2020.02.27_18.39.27.csv@4550  reward=  255.24 qoe=  85.7 qoe_q=   76.5 eps=0.050 loss=2.2770
[ep 2403] redandblack  static_B_2020.02.27_18.39.27.csv@410   reward=  279.14 qoe= 100.0 qoe_q=   88.6 eps=0.050 loss=2.2749
[ep 2404] soldier      driving_B_2020.02.13_13.03.24.csv@1806  reward= -233.40 qoe=   0.0 qoe_q=-1321.9 eps=0.050 loss=2.3982
[ep 2405] longdress    driving_B_2020.02.14_12.58.17.csv@630   reward=   97.85 qoe=   0.0 qoe_q=  -44.9 eps=0.050 loss=2.2804
[ep 2406] loot         static_B_2020.02.14_13.21.26.csv@345   reward=  266.88 qoe=  76.0 qoe_q=   84.3 eps=0.050 loss=2.1930
[ep 2407] redandblack  driving_B_2019.12.16_12.27.05.csv@540   reward=   76.55 qoe=   0.0 qoe_q=  -77.3 eps=0.050 loss=2.1717
[ep 2408] soldier      static_B_2020.02.27_18.39.27.csv@3110  reward=  176.27 qoe=  43.5 qoe_q=   25.4 eps=0.050 loss=2.5978
[ep 2409] longdress    static_B_2019.12.16_13.40.04.csv@1331  reward=  218.01 qoe=  84.9 qoe_q=   62.9 eps=0.050 loss=2.3127
[ep 2410] loot         static_B_2020.02.27_18.39.27.csv@1850  reward=  191.31 qoe=  57.0 qoe_q=   29.1 eps=0.050 loss=2.5734
[ep 2411] redandblack  static_B_2020.02.14_13.21.26.csv@105   reward=  273.85 qoe= 100.0 qoe_q=   86.4 eps=0.050 loss=1.8760
[ep 2412] soldier      static_B_2020.02.27_18.39.27.csv@2450  reward=  287.53 qoe= 100.0 qoe_q=   91.1 eps=0.050 loss=2.1414
[ep 2413] longdress    driving_B_2020.01.16_09.56.56.csv@1491  reward=  201.40 qoe= 100.0 qoe_q=   62.2 eps=0.050 loss=2.3115
[ep 2414] loot         driving_B_2019.12.17_07.32.39.csv@296   reward=  176.79 qoe=  51.5 qoe_q=   38.4 eps=0.050 loss=2.4097
[ep 2415] redandblack  driving_B_2020.01.16_07.26.43.csv@1097  reward=  208.64 qoe=  74.1 qoe_q=   52.1 eps=0.050 loss=2.5465
[ep 2416] soldier      driving_B_2020.02.13_15.02.01.csv@440   reward=  186.08 qoe=  81.9 qoe_q=   50.1 eps=0.050 loss=2.4480
[ep 2417] longdress    driving_B_2020.02.13_15.02.01.csv@140   reward=  272.68 qoe= 100.0 qoe_q=   83.0 eps=0.050 loss=2.0111
[ep 2418] loot         driving_B_2020.01.16_12.10.03.csv@244   reward=  286.68 qoe= 100.0 qoe_q=   92.0 eps=0.050 loss=2.2540
[ep 2419] redandblack  driving_B_2020.01.16_07.26.43.csv@1697  reward=  138.16 qoe=   0.0 qoe_q=  -14.4 eps=0.050 loss=2.2925
[ep 2420] soldier      static_B_2020.02.14_13.21.26.csv@645   reward=  279.92 qoe=  85.2 qoe_q=   88.6 eps=0.050 loss=2.1467
[ep 2421] longdress    driving_B_2020.02.27_17.30.15.csv@556   reward=  -19.01 qoe=   0.0 qoe_q= -744.4 eps=0.050 loss=2.3904
[ep 2422] loot         static_B_2020.02.27_18.39.27.csv@1310  reward=  274.94 qoe=  92.0 qoe_q=   86.9 eps=0.050 loss=2.2166
[ep 2423] redandblack  driving_B_2020.02.13_13.03.24.csv@1686  reward=  268.32 qoe= 100.0 qoe_q=   85.3 eps=0.050 loss=2.1939
[ep 2424] soldier      driving_B_2020.02.13_15.02.01.csv@2120  reward=  208.56 qoe= 100.0 qoe_q=   60.4 eps=0.050 loss=2.0972
[ep 2425] longdress    driving_B_2020.02.13_15.02.01.csv@1940  reward=  200.61 qoe=  84.9 qoe_q=   57.6 eps=0.050 loss=2.4959
[ep 2426] loot         static_B_2020.02.27_18.39.27.csv@5390  reward=  275.38 qoe=  84.0 qoe_q=   87.7 eps=0.050 loss=2.4403
[ep 2427] redandblack  static_B_2019.12.16_13.40.04.csv@1271  reward=  187.41 qoe=  80.3 qoe_q=   52.7 eps=0.050 loss=2.1653
[ep 2428] soldier      driving_B_2020.01.16_09.56.56.csv@771   reward=  185.86 qoe=  79.6 qoe_q=   49.5 eps=0.050 loss=2.4477
[ep 2429] longdress    driving_B_2020.01.16_07.26.43.csv@977   reward=  157.93 qoe=  59.6 qoe_q=   27.1 eps=0.050 loss=2.4447
[ep 2430] loot         static_B_2020.02.27_18.39.27.csv@4970  reward=  259.03 qoe=  85.2 qoe_q=   78.7 eps=0.050 loss=2.3338
[ep 2431] redandblack  static_B_2019.12.16_13.40.04.csv@551   reward=  264.02 qoe=  83.4 qoe_q=   76.0 eps=0.050 loss=2.3672
[ep 2432] soldier      static_B_2019.12.16_13.40.04.csv@1751  reward=  242.21 qoe=  77.3 qoe_q=   62.8 eps=0.050 loss=2.3267
[ep 2433] longdress    driving_B_2020.01.16_09.56.56.csv@1551  reward=  265.73 qoe=  82.3 qoe_q=   79.2 eps=0.050 loss=2.3727
[ep 2434] loot         static_B_2020.02.14_13.21.26.csv@825   reward=  270.42 qoe=  74.0 qoe_q=   86.1 eps=0.050 loss=2.0756
[ep 2435] redandblack  static_B_2019.12.16_13.40.04.csv@911   reward=  178.13 qoe=  80.6 qoe_q=   44.9 eps=0.050 loss=2.3287
[ep 2436] soldier      driving_B_2019.12.17_07.32.39.csv@1196  reward=  111.76 qoe=   7.9 qoe_q=   -8.4 eps=0.050 loss=2.3821
[ep 2437] longdress    driving_B_2019.12.16_12.27.05.csv@60    reward=  173.68 qoe=  66.9 qoe_q=   38.8 eps=0.050 loss=2.2590
[ep 2438] loot         static_B_2020.02.27_18.39.27.csv@3710  reward=  241.74 qoe=  16.0 qoe_q=   76.6 eps=0.050 loss=2.4291
[ep 2439] redandblack  static_B_2019.12.16_13.40.04.csv@1691  reward=  236.65 qoe=  81.9 qoe_q=   68.1 eps=0.050 loss=2.5107
[ep 2440] soldier      driving_B_2019.12.16_12.27.05.csv@180   reward=  176.31 qoe=  64.4 qoe_q=   36.2 eps=0.050 loss=2.3514
[ep 2441] longdress    driving_B_2020.02.13_15.02.01.csv@620   reward=  106.43 qoe= 100.0 qoe_q=   19.8 eps=0.050 loss=2.4919
[ep 2442] loot         static_B_2019.12.16_13.40.04.csv@431   reward=  227.86 qoe= 100.0 qoe_q=   66.2 eps=0.050 loss=2.4662
[ep 2443] redandblack  driving_B_2020.02.14_09.38.22.csv@697   reward=  249.91 qoe=  85.2 qoe_q=   77.2 eps=0.050 loss=2.6665
[ep 2444] soldier      static_B_2020.02.27_18.39.27.csv@950   reward=  254.90 qoe=  72.7 qoe_q=   71.4 eps=0.050 loss=2.0731
[ep 2445] longdress    static_B_2020.02.14_13.21.26.csv@850   reward=  209.81 qoe=  83.1 qoe_q=   58.1 eps=0.050 loss=2.4373
[ep 2446] loot         static_B_2020.02.14_13.21.26.csv@585   reward=  271.17 qoe=  84.0 qoe_q=   85.6 eps=0.050 loss=2.4329
[ep 2447] redandblack  driving_B_2020.02.14_12.58.17.csv@570   reward=  154.67 qoe=  46.0 qoe_q=   32.7 eps=0.050 loss=2.2972
[ep 2448] soldier      static_B_2020.02.27_18.39.27.csv@3290  reward=  277.02 qoe= 100.0 qoe_q=   87.3 eps=0.050 loss=2.1555
[ep 2449] longdress    static_B_2020.02.27_18.39.27.csv@2210  reward=  246.71 qoe=  70.3 qoe_q=   61.3 eps=0.050 loss=2.3475
[ep 2450] loot         driving_B_2020.01.16_09.56.56.csv@1570  reward=  179.01 qoe=   9.4 qoe_q=   28.2 eps=0.050 loss=2.4765
[ep 2451] redandblack  static_B_2020.02.27_18.39.27.csv@4070  reward=  275.60 qoe=  84.8 qoe_q=   85.0 eps=0.050 loss=2.4185
[ep 2452] soldier      driving_B_2019.12.17_07.32.39.csv@2288  reward=  255.61 qoe= 100.0 qoe_q=   77.1 eps=0.050 loss=2.4285
[ep 2453] longdress    driving_B_2020.02.13_15.02.01.csv@680   reward=  193.96 qoe=  62.1 qoe_q=   44.2 eps=0.050 loss=2.5141
[ep 2454] loot         driving_B_2020.02.27_17.30.15.csv@136   reward=  -33.99 qoe=   0.0 qoe_q= -864.8 eps=0.050 loss=2.5949
[ep 2455] redandblack  static_B_2020.02.27_18.39.27.csv@50    reward=  254.64 qoe=  84.0 qoe_q=   78.5 eps=0.050 loss=2.3382
[ep 2456] soldier      driving_B_2020.01.16_09.56.56.csv@1251  reward=  156.72 qoe=   0.0 qoe_q=    1.0 eps=0.050 loss=2.1976
[ep 2457] longdress    driving_B_2020.02.13_15.02.01.csv@2420  reward=   75.12 qoe=   0.0 qoe_q= -414.0 eps=0.050 loss=2.4043
[ep 2458] loot         static_B_2020.02.27_18.39.27.csv@5210  reward=  121.70 qoe=   0.0 qoe_q=  -18.7 eps=0.050 loss=2.3024
[ep 2459] redandblack  driving_B_2020.02.14_09.38.22.csv@1477  reward=   90.12 qoe=   0.0 qoe_q=  -73.0 eps=0.050 loss=2.2891
[ep 2460] soldier      driving_B_2019.12.17_07.32.39.csv@1136  reward=  147.31 qoe=   0.0 qoe_q=  -58.5 eps=0.050 loss=2.5076
[ep 2461] longdress    driving_B_2020.02.14_09.38.22.csv@397   reward=  132.87 qoe=   0.0 qoe_q=  -91.3 eps=0.050 loss=2.4190
[ep 2462] loot         driving_B_2020.02.14_12.58.17.csv@270   reward=  -94.57 qoe=   0.0 qoe_q= -893.2 eps=0.050 loss=2.1719
[ep 2463] redandblack  driving_B_2020.02.13_13.03.24.csv@186   reward=   79.36 qoe=   0.0 qoe_q= -126.5 eps=0.050 loss=2.3391
[ep 2464] soldier      driving_B_2020.01.16_09.56.56.csv@111   reward=  114.86 qoe=   0.0 qoe_q=  -91.3 eps=0.050 loss=2.3853
[ep 2465] longdress    driving_B_2019.12.17_07.32.39.csv@1436  reward=  168.75 qoe=  37.0 qoe_q=   24.7 eps=0.050 loss=2.5569
[ep 2466] loot         driving_B_2020.01.16_07.26.43.csv@77    reward=   86.67 qoe=   0.0 qoe_q=  -57.7 eps=0.050 loss=2.3349
[ep 2467] redandblack  static_B_2020.02.27_18.39.27.csv@2270  reward=  260.58 qoe= 100.0 qoe_q=   77.0 eps=0.050 loss=2.2797
[ep 2468] soldier      static_B_2020.02.27_18.39.27.csv@230   reward=  264.03 qoe=  80.0 qoe_q=   73.1 eps=0.050 loss=2.2524
[ep 2469] longdress    static_B_2020.02.27_18.39.27.csv@110   reward=  253.43 qoe=  58.3 qoe_q=   68.4 eps=0.050 loss=2.3914
[ep 2470] loot         driving_B_2019.12.17_07.32.39.csv@1016  reward=  187.61 qoe=  73.6 qoe_q=   41.4 eps=0.050 loss=2.5596
[ep 2471] redandblack  driving_B_2020.02.14_09.38.22.csv@757   reward=  169.02 qoe=   8.3 qoe_q=   21.5 eps=0.050 loss=2.4611
[ep 2472] soldier      driving_B_2020.02.14_09.38.22.csv@1057  reward=   13.72 qoe=   0.0 qoe_q= -345.7 eps=0.050 loss=2.1394
[ep 2473] longdress    driving_B_2020.02.14_09.38.22.csv@1417  reward=   18.71 qoe=   0.0 qoe_q= -233.4 eps=0.050 loss=2.3086
[ep 2474] loot         driving_B_2020.01.16_09.56.56.csv@1191  reward=  231.67 qoe=  54.1 qoe_q=   54.2 eps=0.050 loss=2.3436
[ep 2475] redandblack  driving_B_2019.12.17_07.32.39.csv@2096  reward=  274.33 qoe=  86.0 qoe_q=   86.8 eps=0.050 loss=2.2633
[ep 2476] soldier      static_B_2020.02.27_18.39.27.csv@4610  reward=  138.20 qoe=   0.0 qoe_q=   -5.5 eps=0.050 loss=2.4255
[ep 2477] longdress    static_B_2020.02.27_18.39.27.csv@2030  reward=  271.57 qoe= 100.0 qoe_q=   84.2 eps=0.050 loss=2.3210
[ep 2478] loot         driving_B_2019.12.16_12.27.05.csv@720   reward=  277.40 qoe=  84.4 qoe_q=   85.4 eps=0.050 loss=2.3721
[ep 2479] redandblack  driving_B_2020.02.13_13.03.24.csv@486   reward=   76.32 qoe=   0.0 qoe_q= -142.1 eps=0.050 loss=2.3690
[ep 2480] soldier      driving_B_2020.01.16_07.26.43.csv@557   reward=   70.40 qoe=   0.0 qoe_q= -152.0 eps=0.050 loss=2.3351
[ep 2481] longdress    static_B_2020.02.27_18.39.27.csv@5450  reward=  219.72 qoe=  44.3 qoe_q=   46.4 eps=0.050 loss=2.3995
[ep 2482] loot         driving_B_2020.02.14_12.58.17.csv@330   reward=  -39.83 qoe=   0.0 qoe_q= -815.0 eps=0.050 loss=2.3590
[ep 2483] redandblack  driving_B_2020.02.27_17.30.15.csv@196   reward=  -28.83 qoe=   0.0 qoe_q= -948.7 eps=0.050 loss=2.4317
[ep 2484] soldier      static_B_2020.02.27_18.39.27.csv@2390  reward=  248.09 qoe= 100.0 qoe_q=   51.3 eps=0.050 loss=2.6139
[ep 2485] longdress    driving_B_2020.02.13_15.02.01.csv@2000  reward=  240.06 qoe=  67.0 qoe_q=   60.3 eps=0.050 loss=2.4344
[ep 2486] loot         static_B_2019.12.16_13.40.04.csv@1211  reward=  194.05 qoe=  33.8 qoe_q=   40.1 eps=0.050 loss=2.2317
[ep 2487] redandblack  driving_B_2019.12.16_12.27.05.csv@360   reward=   63.76 qoe=   0.0 qoe_q= -404.1 eps=0.050 loss=2.4510
[ep 2488] soldier      driving_B_2020.02.27_17.30.15.csv@256   reward= -120.19 qoe=   0.0 qoe_q=-1082.3 eps=0.050 loss=2.2970
[ep 2489] longdress    static_B_2020.02.27_18.39.27.csv@5150  reward=  274.70 qoe= 100.0 qoe_q=   85.4 eps=0.050 loss=2.2261
[ep 2490] loot         driving_B_2020.02.14_12.58.17.csv@750   reward=   -5.48 qoe=   0.0 qoe_q= -484.6 eps=0.050 loss=2.4355
[ep 2491] redandblack  driving_B_2019.12.17_07.32.39.csv@536   reward=   62.12 qoe=   0.0 qoe_q= -128.8 eps=0.050 loss=2.4213
[ep 2492] soldier      driving_B_2020.02.13_13.03.24.csv@426   reward=   -2.80 qoe=   0.0 qoe_q= -345.7 eps=0.050 loss=2.4209
[ep 2493] longdress    driving_B_2019.12.17_07.32.39.csv@956   reward=   95.26 qoe=   0.0 qoe_q= -204.0 eps=0.050 loss=2.3316
[ep 2494] loot         driving_B_2019.12.17_07.32.39.csv@1256  reward=  119.33 qoe=   0.0 qoe_q=  -34.2 eps=0.050 loss=2.5190
[ep 2495] redandblack  static_B_2019.12.16_13.40.04.csv@1151  reward=  101.36 qoe=  21.6 qoe_q=  -54.5 eps=0.050 loss=2.5631
[ep 2496] soldier      driving_B_2020.02.13_15.02.01.csv@1100  reward=  211.98 qoe=  65.8 qoe_q=   48.2 eps=0.050 loss=2.1001
[ep 2497] longdress    driving_B_2020.01.16_09.56.56.csv@591   reward=  218.14 qoe=  51.6 qoe_q=   52.4 eps=0.050 loss=2.3582
[ep 2498] loot         driving_B_2019.12.17_07.32.39.csv@596   reward=  205.91 qoe=  61.0 qoe_q=   52.5 eps=0.050 loss=2.6078
[ep 2499] redandblack  driving_B_2020.02.13_13.03.24.csv@1566  reward=   47.33 qoe=   0.0 qoe_q= -400.3 eps=0.050 loss=2.5076
[ep 2500] soldier      driving_B_2020.02.13_15.02.01.csv@1880  reward=  170.97 qoe=  29.8 qoe_q=   15.2 eps=0.050 loss=2.4274
[ep 2501] longdress    driving_B_2020.02.13_13.03.24.csv@1746  reward=  191.91 qoe=  81.5 qoe_q=   52.9 eps=0.050 loss=2.4166
[ep 2502] loot         static_B_2020.02.27_18.39.27.csv@2870  reward=  263.54 qoe=  83.8 qoe_q=   81.3 eps=0.050 loss=2.3685
[ep 2503] redandblack  driving_B_2020.02.14_09.38.22.csv@1190  reward=   90.92 qoe=   0.0 qoe_q= -136.4 eps=0.050 loss=2.2804
[ep 2504] soldier      driving_B_2020.02.13_13.03.24.csv@1127  reward=   15.44 qoe=   0.0 qoe_q= -316.3 eps=0.050 loss=2.3103
[ep 2505] longdress    static_B_2020.02.27_18.39.27.csv@3975  reward=  280.82 qoe= 100.0 qoe_q=   88.9 eps=0.050 loss=2.2851
[ep 2506] loot         static_B_2020.02.27_18.39.27.csv@15    reward=  235.28 qoe=  34.5 qoe_q=   57.5 eps=0.050 loss=2.4452
[ep 2507] redandblack  static_B_2020.02.27_18.39.27.csv@5715  reward=  252.27 qoe=  85.3 qoe_q=   74.1 eps=0.050 loss=2.3982
[ep 2508] soldier      static_B_2020.02.27_18.39.27.csv@1575  reward=  187.11 qoe=  19.7 qoe_q=   31.3 eps=0.050 loss=2.2924
[ep 2509] longdress    driving_B_2020.01.16_09.56.56.csv@204   reward=  221.97 qoe=  58.2 qoe_q=   48.6 eps=0.050 loss=2.4325
[ep 2510] loot         static_B_2019.12.16_13.40.04.csv@78    reward=  271.05 qoe=  66.0 qoe_q=   86.7 eps=0.050 loss=2.3950
[ep 2511] redandblack  driving_B_2020.02.14_12.58.17.csv@642   reward=  123.11 qoe=   0.0 qoe_q=  -23.2 eps=0.050 loss=2.2983
[ep 2512] soldier      driving_B_2020.02.13_15.02.01.csv@2473  reward=   98.05 qoe=   0.0 qoe_q= -137.6 eps=0.050 loss=2.5310
[ep 2513] longdress    driving_B_2020.02.14_09.38.22.csv@290   reward=   11.74 qoe=   0.0 qoe_q= -539.4 eps=0.050 loss=2.3585
[ep 2514] loot         driving_B_2020.01.16_07.26.43.csv@1113  reward=  181.32 qoe=  56.9 qoe_q=   44.4 eps=0.050 loss=2.5221
[ep 2515] redandblack  driving_B_2020.01.16_07.26.43.csv@573   reward=  159.59 qoe=  12.9 qoe_q=   -1.2 eps=0.050 loss=2.3147
[ep 2516] soldier      driving_B_2020.01.16_12.10.03.csv@174   reward=  287.45 qoe= 100.0 qoe_q=   91.1 eps=0.050 loss=2.3796
[ep 2517] longdress    static_B_2020.02.27_18.39.27.csv@5595  reward=  284.18 qoe= 100.0 qoe_q=   90.4 eps=0.050 loss=2.4867
[ep 2518] loot         static_B_2020.02.27_18.39.27.csv@2415  reward=  259.89 qoe=  72.0 qoe_q=   74.2 eps=0.050 loss=2.3398
[ep 2519] redandblack  driving_B_2020.01.16_07.26.43.csv@1353  reward=   57.68 qoe=   0.0 qoe_q= -158.3 eps=0.050 loss=2.6622
[ep 2520] soldier      driving_B_2020.02.13_13.03.24.csv@1907  reward= -123.81 qoe=   0.0 qoe_q=-1102.6 eps=0.050 loss=2.4932
[ep 2521] longdress    driving_B_2020.02.13_13.03.24.csv@2188  reward=  -15.43 qoe=   0.0 qoe_q=-1199.7 eps=0.050 loss=2.2899
[ep 2522] loot         static_B_2020.02.27_18.39.27.csv@615   reward=  284.65 qoe=  92.0 qoe_q=   90.6 eps=0.050 loss=2.5267
[ep 2523] redandblack  driving_B_2020.01.16_09.56.56.csv@864   reward=   95.02 qoe=   0.0 qoe_q=  -66.8 eps=0.050 loss=2.5083
[ep 2524] soldier      static_B_2020.02.14_13.21.26.csv@850   reward=  243.28 qoe=  55.9 qoe_q=   58.2 eps=0.050 loss=2.3957
[ep 2525] longdress    static_B_2020.02.27_18.39.27.csv@4815  reward=  267.98 qoe= 100.0 qoe_q=   83.1 eps=0.050 loss=2.3488
[ep 2526] loot         driving_B_2020.01.16_07.26.43.csv@1770  reward=   31.53 qoe=   0.0 qoe_q= -267.4 eps=0.050 loss=2.2258
[ep 2527] redandblack  driving_B_2020.02.13_15.02.01.csv@2233  reward=  281.98 qoe= 100.0 qoe_q=   90.2 eps=0.050 loss=2.3697
[ep 2528] soldier      static_B_2020.02.27_18.39.27.csv@3195  reward=  227.65 qoe= 100.0 qoe_q=   35.5 eps=0.050 loss=2.2615
[ep 2529] longdress    driving_B_2020.01.16_07.26.43.csv@753   reward=  166.48 qoe=   0.7 qoe_q=   16.5 eps=0.050 loss=2.4759
[ep 2530] loot         driving_B_2020.02.27_17.30.15.csv@720   reward=  -26.33 qoe=   0.0 qoe_q= -883.5 eps=0.050 loss=2.4897
[ep 2531] redandblack  driving_B_2020.02.13_13.03.24.csv@527   reward=  107.77 qoe=   0.0 qoe_q=  -24.4 eps=0.050 loss=2.5758
[ep 2532] soldier      driving_B_2020.02.13_13.03.24.csv@887   reward=    3.51 qoe=   0.0 qoe_q= -359.1 eps=0.050 loss=2.6302
[ep 2533] longdress    driving_B_2020.02.14_12.58.17.csv@582   reward=  112.16 qoe= 100.0 qoe_q=   27.2 eps=0.050 loss=2.1908
[ep 2534] loot         static_B_2020.02.27_18.39.27.csv@2235  reward=  263.70 qoe=  89.2 qoe_q=   83.5 eps=0.050 loss=2.5129
[ep 2535] redandblack  driving_B_2020.02.14_12.58.17.csv@800   reward=   56.77 qoe=   0.0 qoe_q= -150.9 eps=0.050 loss=2.4779
[ep 2536] soldier      driving_B_2019.12.16_12.27.05.csv@738   reward=  180.44 qoe=   9.1 qoe_q=   24.1 eps=0.050 loss=2.7142
[ep 2537] longdress    driving_B_2020.02.13_15.02.01.csv@1453  reward=   22.71 qoe=   0.0 qoe_q= -263.0 eps=0.050 loss=2.4399
[ep 2538] loot         driving_B_2020.01.16_09.56.56.csv@84    reward=  141.39 qoe=   0.0 qoe_q=   -5.8 eps=0.050 loss=2.5597
[ep 2539] redandblack  driving_B_2019.12.17_07.32.39.csv@156   reward=  150.04 qoe=  10.1 qoe_q=   15.2 eps=0.050 loss=2.3598
[ep 2540] soldier      driving_B_2020.02.13_13.03.24.csv@1007  reward=    5.36 qoe=   0.0 qoe_q= -315.9 eps=0.050 loss=2.4688
[ep 2541] longdress    driving_B_2019.12.17_07.32.39.csv@1836  reward=   78.75 qoe=   0.0 qoe_q=  -90.3 eps=0.050 loss=2.4698
[ep 2542] loot         static_B_2020.02.14_13.21.26.csv@98    reward=  278.58 qoe=  86.0 qoe_q=   88.0 eps=0.050 loss=2.4555
[ep 2543] redandblack  static_B_2020.02.27_18.39.27.csv@435   reward=  242.47 qoe=  78.7 qoe_q=   66.0 eps=0.050 loss=2.5823
[ep 2544] soldier      driving_B_2020.02.13_13.03.24.csv@167   reward=   27.69 qoe=   0.0 qoe_q= -208.6 eps=0.050 loss=2.6067
[ep 2545] longdress    driving_B_2020.01.16_09.56.56.csv@1164  reward=  174.93 qoe=  38.9 qoe_q=   16.0 eps=0.050 loss=2.7208
[ep 2546] loot         driving_B_2019.12.17_07.32.39.csv@2016  reward=  278.91 qoe= 100.0 qoe_q=   87.6 eps=0.050 loss=2.5166
[ep 2547] redandblack  driving_B_2019.12.17_07.32.39.csv@1716  reward=   73.11 qoe=   0.0 qoe_q= -121.6 eps=0.050 loss=2.5369
[ep 2548] soldier      driving_B_2020.02.13_15.02.01.csv@553   reward=  122.23 qoe=   0.0 qoe_q=    8.8 eps=0.050 loss=2.6052
[ep 2549] longdress    driving_B_2020.02.13_13.03.24.csv@1187  reward=   56.16 qoe=   0.0 qoe_q= -280.7 eps=0.050 loss=2.6338
[ep 2550] loot         driving_B_2020.02.13_15.02.01.csv@193   reward=  272.77 qoe=  84.4 qoe_q=   82.5 eps=0.050 loss=2.3690
[ep 2551] redandblack  static_B_2020.02.27_18.39.27.csv@1815  reward=  147.06 qoe=  55.0 qoe_q=  -17.1 eps=0.050 loss=2.3993
[ep 2552] soldier      static_B_2020.02.27_18.39.27.csv@1875  reward=  206.06 qoe=  55.7 qoe_q=   48.3 eps=0.050 loss=2.3297
[ep 2553] longdress    driving_B_2020.01.16_07.26.43.csv@1770  reward=  -30.28 qoe=   0.0 qoe_q=-4650.5 eps=0.050 loss=2.4786
[ep 2554] loot         driving_B_2019.12.17_07.32.39.csv@1056  reward=  238.10 qoe=  83.4 qoe_q=   65.8 eps=0.050 loss=2.4236
[ep 2555] redandblack  driving_B_2020.02.14_09.38.22.csv@1250  reward=  173.34 qoe=   0.0 qoe_q=   11.4 eps=0.050 loss=2.4730
[ep 2556] soldier      driving_B_2019.12.17_07.32.39.csv@1596  reward=  187.28 qoe=  82.4 qoe_q=   46.5 eps=0.050 loss=2.7056
[ep 2557] longdress    driving_B_2020.01.16_07.26.43.csv@1173  reward=  140.57 qoe=  53.5 qoe_q=   27.0 eps=0.050 loss=2.6938
[ep 2558] loot         static_B_2020.02.27_18.39.27.csv@3675  reward=  273.52 qoe= 100.0 qoe_q=   86.1 eps=0.050 loss=2.3524
[ep 2559] redandblack  driving_B_2020.01.16_09.56.56.csv@1044  reward=   96.67 qoe=   0.0 qoe_q=  -44.7 eps=0.050 loss=2.4718
[ep 2560] soldier      driving_B_2020.02.14_09.38.22.csv@1010  reward=   90.01 qoe=   0.0 qoe_q=  -96.9 eps=0.050 loss=2.4043
[ep 2561] longdress    driving_B_2019.12.16_12.27.05.csv@18    reward=   67.60 qoe=   0.0 qoe_q=  -17.9 eps=0.050 loss=2.3932
[ep 2562] loot         driving_B_2019.12.17_07.32.39.csv@456   reward=  271.82 qoe=  86.0 qoe_q=   86.0 eps=0.050 loss=2.5244
[ep 2563] redandblack  static_B_2020.02.27_18.39.27.csv@2775  reward=  261.82 qoe=  83.5 qoe_q=   81.4 eps=0.050 loss=2.6086
[ep 2564] soldier      driving_B_2020.02.14_09.38.22.csv@710   reward=  230.55 qoe=  81.7 qoe_q=   65.3 eps=0.050 loss=2.6638
[ep 2565] longdress    driving_B_2020.01.16_07.26.43.csv@1533  reward=  107.87 qoe= 100.0 qoe_q=   25.6 eps=0.050 loss=2.3418
[ep 2566] loot         driving_B_2020.01.16_09.56.56.csv@1524  reward=  260.81 qoe=  72.0 qoe_q=   81.9 eps=0.050 loss=2.5585
[ep 2567] redandblack  driving_B_2020.02.13_15.02.01.csv@1753  reward=  228.83 qoe=  66.6 qoe_q=   61.2 eps=0.050 loss=2.6797
[ep 2568] soldier      driving_B_2020.02.13_13.03.24.csv@1667  reward=  238.34 qoe=  86.5 qoe_q=   56.4 eps=0.050 loss=2.5374
[ep 2569] longdress    driving_B_2020.02.13_13.03.24.csv@1247  reward=   92.62 qoe=  57.9 qoe_q=    0.6 eps=0.050 loss=2.6105
[ep 2570] loot         driving_B_2020.02.13_15.02.01.csv@613   reward=   66.62 qoe=   0.0 qoe_q=  -76.3 eps=0.050 loss=2.3695
[ep 2571] redandblack  static_B_2020.02.27_18.39.27.csv@2175  reward=  269.29 qoe= 100.0 qoe_q=   83.4 eps=0.050 loss=2.4366
[ep 2572] soldier      static_B_2020.02.27_18.39.27.csv@2835  reward=  269.27 qoe=  81.0 qoe_q=   83.4 eps=0.050 loss=2.4076
[ep 2573] longdress    static_B_2020.02.27_18.39.27.csv@315   reward=  248.68 qoe=  82.6 qoe_q=   66.9 eps=0.050 loss=2.3464
[ep 2574] loot         static_B_2020.02.27_18.39.27.csv@375   reward=  284.61 qoe= 100.0 qoe_q=   90.8 eps=0.050 loss=2.6424
[ep 2575] redandblack  static_B_2020.02.27_18.39.27.csv@5235  reward=  259.68 qoe=  86.1 qoe_q=   72.2 eps=0.050 loss=2.5198
[ep 2576] soldier      static_B_2020.02.27_18.39.27.csv@2895  reward=  230.29 qoe=  83.0 qoe_q=   59.9 eps=0.050 loss=2.6560
[ep 2577] longdress    driving_B_2019.12.16_12.27.05.csv@618   reward=   53.96 qoe=   0.0 qoe_q= -175.2 eps=0.050 loss=2.3533
[ep 2578] loot         static_B_2020.02.27_18.39.27.csv@195   reward=  243.99 qoe=  40.6 qoe_q=   77.1 eps=0.050 loss=2.5236
[ep 2579] redandblack  driving_B_2020.02.13_15.02.01.csv@913   reward=  248.82 qoe=  36.0 qoe_q=   79.4 eps=0.050 loss=2.4793
[ep 2580] soldier      static_B_2020.02.27_18.39.27.csv@4095  reward=  278.18 qoe= 100.0 qoe_q=   88.3 eps=0.050 loss=2.4544
[ep 2581] longdress    static_B_2020.02.27_18.39.27.csv@1935  reward=  204.52 qoe=  61.3 qoe_q=   49.5 eps=0.050 loss=2.5226
[ep 2582] loot         driving_B_2019.12.17_07.32.39.csv@1476  reward=  128.03 qoe=   0.0 qoe_q=  -50.3 eps=0.050 loss=2.7183
[ep 2583] redandblack  static_B_2020.02.14_13.21.26.csv@758   reward=  280.50 qoe= 100.0 qoe_q=   88.5 eps=0.050 loss=2.5672
[ep 2584] soldier      driving_B_2019.12.16_12.27.05.csv@498   reward=  -28.66 qoe=   0.0 qoe_q= -410.9 eps=0.050 loss=2.5581
[ep 2585] longdress    driving_B_2020.01.16_09.56.56.csv@24    reward=  120.31 qoe=   0.0 qoe_q=   -1.9 eps=0.050 loss=2.4023
[ep 2586] loot         driving_B_2020.02.13_15.02.01.csv@2173  reward=  219.55 qoe=   0.0 qoe_q=   69.5 eps=0.050 loss=2.4233
[ep 2587] redandblack  static_B_2019.12.16_13.40.04.csv@198   reward=  277.52 qoe= 100.0 qoe_q=   79.0 eps=0.050 loss=2.5523
[ep 2588] soldier      driving_B_2019.12.17_07.32.39.csv@2136  reward=   60.33 qoe=   0.0 qoe_q=  -89.2 eps=0.050 loss=2.3534
[ep 2589] longdress    static_B_2019.12.16_13.40.04.csv@1218  reward=  193.60 qoe=  43.7 qoe_q=   42.0 eps=0.050 loss=2.4725
[ep 2590] loot         static_B_2020.02.14_13.21.26.csv@158   reward=  275.05 qoe= 100.0 qoe_q=   86.8 eps=0.050 loss=2.5351
[ep 2591] redandblack  driving_B_2020.02.27_17.30.15.csv@132   reward=   21.47 qoe=   0.0 qoe_q= -151.6 eps=0.050 loss=2.5550
[ep 2592] soldier      driving_B_2019.12.16_12.27.05.csv@1152  reward=  206.45 qoe=  28.8 qoe_q=   25.9 eps=0.050 loss=2.4769
[ep 2593] longdress    driving_B_2019.12.17_07.32.39.csv@2196  reward=  119.39 qoe=   0.0 qoe_q=  -34.9 eps=0.050 loss=2.4570
[ep 2594] loot         driving_B_2020.02.27_17.30.15.csv@192   reward=   29.97 qoe=   0.0 qoe_q= -685.6 eps=0.050 loss=2.4927
[ep 2595] redandblack  driving_B_2020.02.13_15.02.01.csv@1933  reward=  197.97 qoe=  48.1 qoe_q=   48.7 eps=0.050 loss=2.4942
[ep 2596] soldier      driving_B_2020.02.13_13.03.24.csv@767   reward=   61.91 qoe=   0.0 qoe_q=  -39.0 eps=0.050 loss=2.2947
[ep 2597] longdress    driving_B_2020.02.13_13.03.24.csv@1727  reward=  219.08 qoe=  58.7 qoe_q=   54.5 eps=0.050 loss=2.6079
[ep 2598] loot         driving_B_2019.12.17_07.32.39.csv@1956  reward=  172.69 qoe=  28.0 qoe_q=   34.4 eps=0.050 loss=2.4375
[ep 2599] redandblack  driving_B_2020.01.16_09.56.56.csv@144   reward=  130.36 qoe=   0.0 qoe_q=    1.3 eps=0.050 loss=2.7147
[ep 2600] soldier      driving_B_2020.02.14_12.58.17.csv@42    reward=  117.59 qoe=   0.0 qoe_q=  -61.3 eps=0.050 loss=3.0006
    [eval @ ep 2600] reward=-677.88 qoe=58.7 qoe_q=-33144.4 mean_q=0.834 stall=7529.3s
    [early stop] no validation improvement for 8 checks
==========================================================================================
✅ Training done. untrained qoe_quality=-34432.11 -> final -33144.41 (best=-1149.59)
📦 Saved: C:\Users\Nima\PointCloudStreaming\logs\train_runs\20260718_122736_full\sweep\trial_000_s53\abr_dqn.pkl  (+ C:\Users\Nima\PointCloudStreaming\logs\train_runs\20260718_122736_full\sweep\trial_000_s53\abr_dqn_best.pkl)
🧾 History: C:\Users\Nima\PointCloudStreaming\logs\train_runs\20260718_122736_full\sweep\trial_000_s53\abr_dqn_train_history.json
🧾 Summary: C:\Users\Nima\PointCloudStreaming\logs\train_runs\20260718_122736_full\sweep\trial_000_s53\train_summary.json
