episode,sequence,file,window_id,block_id,start_time_s,reward,qoe,qoe_quality,request_pacing_s,epsilon,mean_loss
1,longdress,driving_B_2020.02.14_12.58.17.csv,train/driving_B_2020.02.14_12.58.17.csv#block-002@time-536.000s,block-002,536.000,-314.9750,-314.98,-314.98,0.0000,0.9989,0.000000
2,loot,driving_B_2020.01.16_12.10.03.csv,train/driving_B_2020.01.16_12.10.03.csv#block-000@time-180.000s,block-000,180.000,39.9278,39.93,39.93,0.0000,0.9978,3.354212
3,redandblack,driving_B_2020.02.14_12.58.17.csv,train/driving_B_2020.02.14_12.58.17.csv#block-000@time-0.000s,block-000,0.000,-41.3273,-41.33,-41.33,0.0000,0.9968,2.245794
4,soldier,driving_B_2020.02.13_15.02.01.csv,train/driving_B_2020.02.13_15.02.01.csv#block-000@time-2640.000s,block-000,2640.000,-523.6255,-523.63,-523.63,0.0000,0.9957,2.670135
5,longdress,driving_B_2019.12.16_12.27.05.csv,train/driving_B_2019.12.16_12.27.05.csv#block-000@time-300.000s,block-000,300.000,-167.8747,-167.87,-167.87,0.0000,0.9946,2.724867
6,loot,driving_B_2020.02.13_15.02.01.csv,train/driving_B_2020.02.13_15.02.01.csv#block-000@time-2220.000s,block-000,2220.000,10.6740,10.67,10.67,0.0000,0.9935,2.683630
7,redandblack,driving_B_2020.01.16_07.26.43.csv,train/driving_B_2020.01.16_07.26.43.csv#block-000@time-1740.000s,block-000,1740.000,-206.9077,-206.91,-206.91,0.0000,0.9924,2.529348
8,soldier,driving_B_2020.02.14_12.58.17.csv,train/driving_B_2020.02.14_12.58.17.csv#block-002@time-656.000s,block-002,656.000,-81.8980,-81.90,-81.90,0.0000,0.9913,2.047750
9,longdress,driving_B_2020.02.27_17.30.15.csv,train/driving_B_2020.02.27_17.30.15.csv#block-002@time-293.000s,block-002,293.000,-435.5919,-435.59,-435.59,0.0000,0.9902,2.382599
10,loot,driving_B_2020.02.13_13.03.24.csv,train/driving_B_2020.02.13_13.03.24.csv#block-000@time-480.000s,block-000,480.000,-60.9567,-60.96,-60.96,0.0000,0.9891,2.106175
11,redandblack,static_B_2019.12.16_13.40.04.csv,train/static_B_2019.12.16_13.40.04.csv#block-005@time-1766.000s,block-005,1766.000,41.8835,41.88,41.88,0.8584,0.9881,2.172074
12,soldier,driving_B_2019.12.17_07.32.39.csv,train/driving_B_2019.12.17_07.32.39.csv#block-003@time-1714.000s,block-003,1714.000,-73.1793,-73.18,-73.18,0.0000,0.9870,1.921061
13,longdress,driving_B_2020.02.14_09.38.22.csv,train/driving_B_2020.02.14_09.38.22.csv#block-000@time-660.000s,block-000,660.000,-7.9758,-7.98,-7.98,0.0000,0.9859,1.873078
14,loot,driving_B_2020.01.16_07.26.43.csv,train/driving_B_2020.01.16_07.26.43.csv#block-000@time-1680.000s,block-000,1680.000,-54.7872,-54.79,-54.79,0.0000,0.9848,1.761897
15,redandblack,driving_B_2019.12.17_07.32.39.csv,train/driving_B_2019.12.17_07.32.39.csv#block-000@time-900.000s,block-000,900.000,-69.6261,-69.63,-69.63,0.0000,0.9837,1.688905
16,soldier,driving_B_2020.01.16_12.10.03.csv,train/driving_B_2020.01.16_12.10.03.csv#block-000@time-60.000s,block-000,60.000,22.2744,22.27,22.27,0.0000,0.9826,1.478036
17,longdress,driving_B_2020.01.16_07.26.43.csv,train/driving_B_2020.01.16_07.26.43.csv#block-000@time-300.000s,block-000,300.000,-36.1494,-36.15,-36.15,0.0000,0.9815,1.581460
18,loot,driving_B_2020.01.16_12.10.03.csv,train/driving_B_2020.01.16_12.10.03.csv#block-000@time-60.000s,block-000,60.000,11.4611,11.46,11.46,0.0000,0.9804,1.414786
19,redandblack,driving_B_2020.01.16_09.56.56.csv,train/driving_B_2020.01.16_09.56.56.csv#block-001@time-1239.000s,block-001,1239.000,-24.2091,-24.21,-24.21,0.0000,0.9794,1.274632
20,soldier,driving_B_2020.02.13_13.03.24.csv,train/driving_B_2020.02.13_13.03.24.csv#block-001@time-1214.000s,block-001,1214.000,-182.6737,-182.67,-182.67,0.0000,0.9783,1.371137
21,longdress,static_B_2019.12.16_13.40.04.csv,train/static_B_2019.12.16_13.40.04.csv#block-000@time-120.000s,block-000,120.000,40.8425,40.84,40.84,0.0000,0.9772,1.256422
22,loot,static_B_2019.12.16_13.40.04.csv,train/static_B_2019.12.16_13.40.04.csv#block-001@time-835.000s,block-001,835.000,31.2854,31.29,31.29,1.0420,0.9761,1.286723
23,redandblack,driving_B_2020.02.13_15.02.01.csv,train/driving_B_2020.02.13_15.02.01.csv#block-000@time-540.000s,block-000,540.000,-17.8468,-17.85,-17.85,0.0000,0.9750,1.256971
24,soldier,driving_B_2020.02.13_15.02.01.csv,train/driving_B_2020.02.13_15.02.01.csv#block-000@time-240.000s,block-000,240.000,37.0552,37.06,37.06,0.0000,0.9739,1.076118
25,longdress,driving_B_2020.01.16_09.56.56.csv,train/driving_B_2020.01.16_09.56.56.csv#block-001@time-1599.000s,block-001,1599.000,41.0098,41.01,41.01,0.0000,0.9728,1.216299
26,loot,driving_B_2019.12.17_07.32.39.csv,train/driving_B_2019.12.17_07.32.39.csv#block-004@time-2357.000s,block-004,2357.000,-88.7342,-88.73,-88.73,0.0000,0.9717,1.017163
27,redandblack,static_B_2019.12.16_13.40.04.csv,train/static_B_2019.12.16_13.40.04.csv#block-005@time-1346.000s,block-005,1346.000,-29.2605,-29.26,-29.26,0.0000,0.9707,1.179262
28,soldier,driving_B_2019.12.16_12.27.05.csv,train/driving_B_2019.12.16_12.27.05.csv#block-000@time-900.000s,block-000,900.000,29.7400,29.74,29.74,0.5409,0.9696,1.132476
29,longdress,static_B_2019.12.16_13.40.04.csv,train/static_B_2019.12.16_13.40.04.csv#block-005@time-1526.000s,block-005,1526.000,6.8187,6.82,6.82,0.0000,0.9685,1.097493
30,loot,driving_B_2020.01.16_09.56.56.csv,train/driving_B_2020.01.16_09.56.56.csv#block-000@time-360.000s,block-000,360.000,6.9429,6.94,6.94,0.0000,0.9674,1.031333
31,redandblack,driving_B_2020.02.13_13.03.24.csv,train/driving_B_2020.02.13_13.03.24.csv#block-001@time-914.000s,block-001,914.000,-205.2531,-205.25,-205.25,0.0000,0.9663,1.045652
32,soldier,driving_B_2020.01.16_09.56.56.csv,train/driving_B_2020.01.16_09.56.56.csv#block-000@time-60.000s,block-000,60.000,-122.6926,-122.69,-122.69,0.0000,0.9652,0.995455
33,longdress,driving_B_2020.02.14_09.38.22.csv,train/driving_B_2020.02.14_09.38.22.csv#block-000@time-840.000s,block-000,840.000,-61.0270,-61.03,-61.03,0.0000,0.9641,1.041834
34,loot,driving_B_2020.02.13_13.03.24.csv,train/driving_B_2020.02.13_13.03.24.csv#block-001@time-1514.000s,block-001,1514.000,-125.8367,-125.84,-125.84,0.0000,0.9630,0.976222
35,redandblack,driving_B_2020.01.16_07.26.43.csv,train/driving_B_2020.01.16_07.26.43.csv#block-000@time-480.000s,block-000,480.000,-148.0132,-148.01,-148.01,0.0000,0.9620,1.147851
36,soldier,driving_B_2020.01.16_09.56.56.csv,train/driving_B_2020.01.16_09.56.56.csv#block-000@time-120.000s,block-000,120.000,-138.3299,-138.33,-138.33,0.0000,0.9609,1.016183
37,longdress,driving_B_2020.02.27_17.30.15.csv,train/driving_B_2020.02.27_17.30.15.csv#block-002@time-473.000s,block-002,473.000,-418.6880,-418.69,-418.69,0.0000,0.9598,1.125299
38,loot,driving_B_2020.01.16_12.10.03.csv,train/driving_B_2020.01.16_12.10.03.csv#block-000@time-300.000s,block-000,300.000,2.6285,2.63,2.63,0.0000,0.9587,1.222568
39,redandblack,driving_B_2020.02.13_13.03.24.csv,train/driving_B_2020.02.13_13.03.24.csv#block-000@time-600.000s,block-000,600.000,-62.0596,-62.06,-62.06,0.0000,0.9576,1.177982
40,soldier,driving_B_2019.12.16_12.27.05.csv,train/driving_B_2019.12.16_12.27.05.csv#block-000@time-960.000s,block-000,960.000,45.6754,45.68,45.68,0.0000,0.9565,1.124725
41,longdress,driving_B_2020.02.13_13.03.24.csv,train/driving_B_2020.02.13_13.03.24.csv#block-001@time-1814.000s,block-001,1814.000,-127.2230,-127.22,-127.22,0.0000,0.9554,1.093337
42,loot,driving_B_2019.12.17_07.32.39.csv,train/driving_B_2019.12.17_07.32.39.csv#block-003@time-1834.000s,block-003,1834.000,-51.6724,-51.67,-51.67,0.0000,0.9543,1.039029
43,redandblack,static_B_2020.02.14_13.21.26.csv,train/static_B_2020.02.14_13.21.26.csv#block-000@time-0.000s,block-000,0.000,1.8863,1.89,1.89,0.0000,0.9533,0.989856
44,soldier,driving_B_2020.02.14_12.58.17.csv,train/driving_B_2020.02.14_12.58.17.csv#block-002@time-536.000s,block-002,536.000,-274.0880,-274.09,-274.09,0.0000,0.9522,0.996998
45,longdress,driving_B_2020.02.13_15.02.01.csv,train/driving_B_2020.02.13_15.02.01.csv#block-000@time-420.000s,block-000,420.000,29.9043,29.90,29.90,0.5082,0.9511,1.141249
46,loot,driving_B_2020.01.16_07.26.43.csv,train/driving_B_2020.01.16_07.26.43.csv#block-000@time-1380.000s,block-000,1380.000,-42.6831,-42.68,-42.68,0.0000,0.9500,0.938822
47,redandblack,static_B_2019.12.16_13.40.04.csv,train/static_B_2019.12.16_13.40.04.csv#block-001@time-1075.000s,block-001,1075.000,24.5698,24.57,24.57,0.0000,0.9489,1.085300
48,soldier,static_B_2019.12.16_13.40.04.csv,train/static_B_2019.12.16_13.40.04.csv#block-000@time-360.000s,block-000,360.000,-51.0752,-51.08,-51.08,0.0000,0.9478,1.096448
49,longdress,static_B_2020.02.14_13.21.26.csv,train/static_B_2020.02.14_13.21.26.csv#block-000@time-60.000s,block-000,60.000,37.5283,37.53,37.53,0.3203,0.9467,1.001423
50,loot,driving_B_2020.01.16_07.26.43.csv,train/driving_B_2020.01.16_07.26.43.csv#block-000@time-1020.000s,block-000,1020.000,-128.8362,-128.84,-128.84,0.0000,0.9456,1.077913
51,redandblack,driving_B_2020.02.13_13.03.24.csv,train/driving_B_2020.02.13_13.03.24.csv#block-001@time-1454.000s,block-001,1454.000,-145.8574,-145.86,-145.86,0.0000,0.9446,1.034945
52,soldier,driving_B_2020.02.27_17.30.15.csv,train/driving_B_2020.02.27_17.30.15.csv#block-002@time-533.000s,block-002,533.000,-317.5970,-317.60,-317.60,0.0000,0.9435,1.278921
53,longdress,driving_B_2020.02.13_15.02.01.csv,train/driving_B_2020.02.13_15.02.01.csv#block-000@time-660.000s,block-000,660.000,-63.4478,-63.45,-63.45,0.0000,0.9424,1.142965
54,loot,driving_B_2020.02.13_15.02.01.csv,train/driving_B_2020.02.13_15.02.01.csv#block-000@time-120.000s,block-000,120.000,36.4924,36.49,36.49,1.0505,0.9413,1.079343
55,redandblack,driving_B_2020.02.27_17.30.15.csv,train/driving_B_2020.02.27_17.30.15.csv#block-002@time-353.000s,block-002,353.000,-162.5662,-162.57,-162.57,0.0000,0.9402,1.185127
56,soldier,driving_B_2020.02.14_09.38.22.csv,train/driving_B_2020.02.14_09.38.22.csv#block-000@time-1500.000s,block-000,1500.000,-143.9924,-143.99,-143.99,0.0000,0.9391,1.119922
57,longdress,driving_B_2020.01.16_12.10.03.csv,train/driving_B_2020.01.16_12.10.03.csv#block-000@time-120.000s,block-000,120.000,40.7448,40.74,40.74,0.0271,0.9380,0.986423
58,loot,driving_B_2020.01.16_09.56.56.csv,train/driving_B_2020.01.16_09.56.56.csv#block-001@time-699.000s,block-001,699.000,42.2456,42.25,42.25,1.0542,0.9369,1.140025
59,redandblack,driving_B_2019.12.17_07.32.39.csv,train/driving_B_2019.12.17_07.32.39.csv#block-003@time-2134.000s,block-003,2134.000,5.4762,5.48,5.48,0.0000,0.9359,0.993193
60,soldier,driving_B_2020.02.14_09.38.22.csv,train/driving_B_2020.02.14_09.38.22.csv#block-000@time-840.000s,block-000,840.000,-66.0574,-66.06,-66.06,0.0000,0.9348,1.016298
61,longdress,static_B_2020.02.27_18.39.27.csv,train/static_B_2020.02.27_18.39.27.csv#block-001@time-4452.000s,block-001,4452.000,34.2105,34.21,34.21,0.0000,0.9337,0.955444
62,loot,driving_B_2020.02.27_17.30.15.csv,train/driving_B_2020.02.27_17.30.15.csv#block-002@time-413.000s,block-002,413.000,-400.5586,-400.56,-400.56,0.0000,0.9326,0.967874
63,redandblack,driving_B_2020.02.14_12.58.17.csv,train/driving_B_2020.02.14_12.58.17.csv#block-002@time-596.000s,block-002,596.000,-84.8044,-84.80,-84.80,0.0000,0.9315,1.228246
64,soldier,driving_B_2019.12.17_07.32.39.csv,train/driving_B_2019.12.17_07.32.39.csv#block-000@time-1260.000s,block-000,1260.000,-99.6884,-99.69,-99.69,0.0000,0.9304,1.083497
65,longdress,static_B_2020.02.27_18.39.27.csv,train/static_B_2020.02.27_18.39.27.csv#block-001@time-5952.000s,block-001,5952.000,10.6145,10.61,10.61,0.0000,0.9293,1.058929
66,loot,driving_B_2019.12.16_12.27.05.csv,train/driving_B_2019.12.16_12.27.05.csv#block-000@time-0.000s,block-000,0.000,0.1358,0.14,0.14,0.0000,0.9282,1.015629
67,redandblack,driving_B_2020.01.16_07.26.43.csv,train/driving_B_2020.01.16_07.26.43.csv#block-000@time-1200.000s,block-000,1200.000,5.1691,5.17,5.17,0.0000,0.9272,1.078712
68,soldier,static_B_2019.12.16_13.40.04.csv,train/static_B_2019.12.16_13.40.04.csv#block-005@time-1886.000s,block-005,1886.000,25.6532,25.65,25.65,0.0000,0.9261,1.081633
69,longdress,static_B_2019.12.16_13.40.04.csv,train/static_B_2019.12.16_13.40.04.csv#block-005@time-1466.000s,block-005,1466.000,18.3330,18.33,18.33,0.0000,0.9250,0.981422
70,loot,driving_B_2020.02.13_13.03.24.csv,train/driving_B_2020.02.13_13.03.24.csv#block-001@time-1574.000s,block-001,1574.000,-65.1672,-65.17,-65.17,0.0000,0.9239,1.017620
71,redandblack,driving_B_2020.01.16_12.10.03.csv,train/driving_B_2020.01.16_12.10.03.csv#block-000@time-0.000s,block-000,0.000,29.6538,29.65,29.65,1.1495,0.9228,1.058852
72,soldier,driving_B_2020.01.16_07.26.43.csv,train/driving_B_2020.01.16_07.26.43.csv#block-000@time-660.000s,block-000,660.000,-125.1059,-125.11,-125.11,0.0000,0.9217,1.093008
73,longdress,driving_B_2020.02.13_13.03.24.csv,train/driving_B_2020.02.13_13.03.24.csv#block-000@time-180.000s,block-000,180.000,-197.4085,-197.41,-197.41,0.0000,0.9206,0.929187
74,loot,driving_B_2020.01.16_07.26.43.csv,train/driving_B_2020.01.16_07.26.43.csv#block-000@time-1860.000s,block-000,1860.000,-53.8771,-53.88,-53.88,0.0000,0.9195,1.008416
75,redandblack,driving_B_2020.02.14_09.38.22.csv,train/driving_B_2020.02.14_09.38.22.csv#block-000@time-780.000s,block-000,780.000,32.1630,32.16,32.16,0.2102,0.9185,0.937836
76,soldier,static_B_2019.12.16_13.40.04.csv,train/static_B_2019.12.16_13.40.04.csv#block-000@time-420.000s,block-000,420.000,35.3158,35.32,35.32,0.0000,0.9174,1.021777
77,longdress,driving_B_2020.02.13_15.02.01.csv,train/driving_B_2020.02.13_15.02.01.csv#block-000@time-1320.000s,block-000,1320.000,6.3184,6.32,6.32,0.0000,0.9163,1.128248
78,loot,static_B_2020.02.14_13.21.26.csv,train/static_B_2020.02.14_13.21.26.csv#block-000@time-1020.000s,block-000,1020.000,34.3082,34.31,34.31,1.2433,0.9152,0.928265
79,redandblack,static_B_2019.12.16_13.40.04.csv,train/static_B_2019.12.16_13.40.04.csv#block-006@time-2232.000s,block-006,2232.000,37.8787,37.88,37.88,0.6360,0.9141,1.102343
80,soldier,driving_B_2020.02.14_09.38.22.csv,train/driving_B_2020.02.14_09.38.22.csv#block-000@time-1020.000s,block-000,1020.000,35.3921,35.39,35.39,0.0000,0.9130,0.987683
81,longdress,driving_B_2020.02.13_13.03.24.csv,train/driving_B_2020.02.13_13.03.24.csv#block-000@time-420.000s,block-000,420.000,-81.9703,-81.97,-81.97,0.0000,0.9119,1.023100
82,loot,driving_B_2019.12.16_12.27.05.csv,train/driving_B_2019.12.16_12.27.05.csv#block-000@time-240.000s,block-000,240.000,-27.6335,-27.63,-27.63,0.0000,0.9108,0.980816
83,redandblack,driving_B_2020.02.13_15.02.01.csv,train/driving_B_2020.02.13_15.02.01.csv#block-000@time-180.000s,block-000,180.000,7.9645,7.96,7.96,0.0000,0.9098,0.930374
84,soldier,static_B_2020.02.14_13.21.26.csv,train/static_B_2020.02.14_13.21.26.csv#block-000@time-780.000s,block-000,780.000,45.7841,45.78,45.78,0.1116,0.9087,1.062450
85,longdress,driving_B_2020.01.16_07.26.43.csv,train/driving_B_2020.01.16_07.26.43.csv#block-000@time-1500.000s,block-000,1500.000,-133.2521,-133.25,-133.25,0.0000,0.9076,0.888149
86,loot,driving_B_2019.12.16_12.27.05.csv,train/driving_B_2019.12.16_12.27.05.csv#block-000@time-1200.000s,block-000,1200.000,-4.4312,-4.43,-4.43,0.0000,0.9065,0.972345
87,redandblack,driving_B_2020.01.16_07.26.43.csv,train/driving_B_2020.01.16_07.26.43.csv#block-000@time-1620.000s,block-000,1620.000,-65.7613,-65.76,-65.76,0.0000,0.9054,1.085282
88,soldier,driving_B_2020.01.16_07.26.43.csv,train/driving_B_2020.01.16_07.26.43.csv#block-000@time-780.000s,block-000,780.000,-52.9349,-52.93,-52.93,0.0000,0.9043,1.033101
89,longdress,driving_B_2020.01.16_12.10.03.csv,train/driving_B_2020.01.16_12.10.03.csv#block-000@time-180.000s,block-000,180.000,38.9657,38.97,38.97,0.0000,0.9032,0.976346
90,loot,static_B_2020.02.14_13.21.26.csv,train/static_B_2020.02.14_13.21.26.csv#block-000@time-900.000s,block-000,900.000,42.8130,42.81,42.81,0.0000,0.9021,0.952244
91,redandblack,driving_B_2020.01.16_07.26.43.csv,train/driving_B_2020.01.16_07.26.43.csv#block-000@time-720.000s,block-000,720.000,-108.3301,-108.33,-108.33,0.0000,0.9011,0.943963
92,soldier,driving_B_2020.01.16_07.26.43.csv,train/driving_B_2020.01.16_07.26.43.csv#block-000@time-600.000s,block-000,600.000,-113.4317,-113.43,-113.43,0.0000,0.9000,1.003683
93,longdress,driving_B_2020.02.13_13.03.24.csv,train/driving_B_2020.02.13_13.03.24.csv#block-000@time-300.000s,block-000,300.000,-117.3448,-117.34,-117.34,0.0000,0.8989,0.914023
94,loot,driving_B_2020.02.27_17.30.15.csv,train/driving_B_2020.02.27_17.30.15.csv#block-002@time-533.000s,block-002,533.000,-233.4164,-233.42,-233.42,0.0000,0.8978,0.898125
95,redandblack,driving_B_2020.02.13_13.03.24.csv,train/driving_B_2020.02.13_13.03.24.csv#block-001@time-1934.000s,block-001,1934.000,20.7379,20.74,20.74,0.0000,0.8967,1.028210
96,soldier,static_B_2020.02.27_18.39.27.csv,train/static_B_2020.02.27_18.39.27.csv#block-001@time-4512.000s,block-001,4512.000,32.7711,32.77,32.77,0.8844,0.8956,1.041720
97,longdress,driving_B_2020.01.16_12.10.03.csv,train/driving_B_2020.01.16_12.10.03.csv#block-000@time-240.000s,block-000,240.000,50.9948,50.99,50.99,0.0000,0.8945,0.968768
98,loot,driving_B_2020.02.13_15.02.01.csv,train/driving_B_2020.02.13_15.02.01.csv#block-000@time-780.000s,block-000,780.000,-42.8526,-42.85,-42.85,0.0000,0.8934,0.915792
99,redandblack,static_B_2020.02.27_18.39.27.csv,train/static_B_2020.02.27_18.39.27.csv#block-001@time-2772.000s,block-001,2772.000,46.6773,46.68,46.68,0.2915,0.8924,0.933924
100,soldier,driving_B_2020.02.27_17.30.15.csv,train/driving_B_2020.02.27_17.30.15.csv#block-002@time-293.000s,block-002,293.000,-329.1092,-329.11,-329.11,0.0000,0.8913,0.977945
101,longdress,driving_B_2020.02.13_15.02.01.csv,train/driving_B_2020.02.13_15.02.01.csv#block-000@time-720.000s,block-000,720.000,-4.5797,-4.58,-4.58,0.0000,0.8902,0.951283
102,loot,driving_B_2020.01.16_09.56.56.csv,train/driving_B_2020.01.16_09.56.56.csv#block-001@time-1719.000s,block-001,1719.000,35.2738,35.27,35.27,0.0000,0.8891,1.154026
103,redandblack,static_B_2020.02.27_18.39.27.csv,train/static_B_2020.02.27_18.39.27.csv#block-001@time-2292.000s,block-001,2292.000,4.3973,4.40,4.40,0.0000,0.8880,0.912614
104,soldier,driving_B_2020.02.14_09.38.22.csv,train/driving_B_2020.02.14_09.38.22.csv#block-000@time-600.000s,block-000,600.000,27.6965,27.70,27.70,0.0000,0.8869,1.005569
105,longdress,static_B_2019.12.16_13.40.04.csv,train/static_B_2019.12.16_13.40.04.csv#block-001@time-1015.000s,block-001,1015.000,-48.9853,-48.99,-48.99,0.0000,0.8858,0.986419
106,loot,driving_B_2020.01.16_09.56.56.csv,train/driving_B_2020.01.16_09.56.56.csv#block-001@time-1539.000s,block-001,1539.000,26.8443,26.84,26.84,0.0000,0.8847,0.948661
107,redandblack,static_B_2020.02.27_18.39.27.csv,train/static_B_2020.02.27_18.39.27.csv#block-001@time-5472.000s,block-001,5472.000,27.5727,27.57,27.57,0.6735,0.8837,0.971597
108,soldier,driving_B_2020.01.16_12.10.03.csv,train/driving_B_2020.01.16_12.10.03.csv#block-000@time-60.000s,block-000,60.000,15.3010,15.30,15.30,0.0000,0.8826,0.990525
109,longdress,driving_B_2020.02.14_09.38.22.csv,train/driving_B_2020.02.14_09.38.22.csv#block-000@time-1380.000s,block-000,1380.000,-1.5995,-1.60,-1.60,0.0000,0.8815,0.969819
110,loot,static_B_2020.02.14_13.21.26.csv,train/static_B_2020.02.14_13.21.26.csv#block-000@time-360.000s,block-000,360.000,36.6304,36.63,36.63,0.0000,0.8804,1.084330
111,redandblack,driving_B_2020.01.16_12.10.03.csv,train/driving_B_2020.01.16_12.10.03.csv#block-000@time-240.000s,block-000,240.000,35.9166,35.92,35.92,1.0474,0.8793,0.958425
112,soldier,driving_B_2020.02.13_15.02.01.csv,train/driving_B_2020.02.13_15.02.01.csv#block-000@time-1860.000s,block-000,1860.000,-100.3087,-100.31,-100.31,0.0000,0.8782,0.991170
113,longdress,driving_B_2020.01.16_12.10.03.csv,train/driving_B_2020.01.16_12.10.03.csv#block-000@time-300.000s,block-000,300.000,0.7538,0.75,0.75,0.0000,0.8771,0.928920
114,loot,driving_B_2020.02.13_15.02.01.csv,train/driving_B_2020.02.13_15.02.01.csv#block-000@time-840.000s,block-000,840.000,2.0785,2.08,2.08,0.0000,0.8760,0.998172
115,redandblack,driving_B_2019.12.17_07.32.39.csv,train/driving_B_2019.12.17_07.32.39.csv#block-003@time-1954.000s,block-003,1954.000,-137.8759,-137.88,-137.88,0.0000,0.8750,0.931514
116,soldier,driving_B_2020.02.14_09.38.22.csv,train/driving_B_2020.02.14_09.38.22.csv#block-000@time-480.000s,block-000,480.000,-54.6612,-54.66,-54.66,0.0000,0.8739,0.903853
117,longdress,driving_B_2020.02.13_13.03.24.csv,train/driving_B_2020.02.13_13.03.24.csv#block-001@time-1154.000s,block-001,1154.000,-192.7196,-192.72,-192.72,0.0000,0.8728,0.847951
118,loot,static_B_2019.12.16_13.40.04.csv,train/static_B_2019.12.16_13.40.04.csv#block-001@time-895.000s,block-001,895.000,22.6767,22.68,22.68,0.0000,0.8717,0.919277
119,redandblack,static_B_2020.02.27_18.39.27.csv,train/static_B_2020.02.27_18.39.27.csv#block-001@time-672.000s,block-001,672.000,-1.7957,-1.80,-1.80,0.6550,0.8706,1.033021
120,soldier,static_B_2020.02.27_18.39.27.csv,train/static_B_2020.02.27_18.39.27.csv#block-001@time-2532.000s,block-001,2532.000,34.9523,34.95,34.95,0.0000,0.8695,0.911220
121,longdress,static_B_2020.02.14_13.21.26.csv,train/static_B_2020.02.14_13.21.26.csv#block-000@time-540.000s,block-000,540.000,35.7138,35.71,35.71,0.0000,0.8684,0.932280
122,loot,driving_B_2019.12.16_12.27.05.csv,train/driving_B_2019.12.16_12.27.05.csv#block-000@time-900.000s,block-000,900.000,43.1331,43.13,43.13,0.9829,0.8673,0.925454
123,redandblack,driving_B_2019.12.17_07.32.39.csv,train/driving_B_2019.12.17_07.32.39.csv#block-000@time-420.000s,block-000,420.000,5.0022,5.00,5.00,0.0000,0.8663,0.912396
124,soldier,driving_B_2019.12.17_07.32.39.csv,train/driving_B_2019.12.17_07.32.39.csv#block-004@time-2237.000s,block-004,2237.000,-71.7170,-71.72,-71.72,0.0000,0.8652,0.952501
125,longdress,driving_B_2020.02.13_15.02.01.csv,train/driving_B_2020.02.13_15.02.01.csv#block-000@time-3000.000s,block-000,3000.000,-184.5370,-184.54,-184.54,0.0000,0.8641,0.828042
126,loot,driving_B_2019.12.16_12.27.05.csv,train/driving_B_2019.12.16_12.27.05.csv#block-000@time-720.000s,block-000,720.000,-51.3524,-51.35,-51.35,0.0000,0.8630,0.939934
127,redandblack,driving_B_2020.02.13_13.03.24.csv,train/driving_B_2020.02.13_13.03.24.csv#block-001@time-1634.000s,block-001,1634.000,-74.1308,-74.13,-74.13,0.0000,0.8619,1.149130
128,soldier,driving_B_2020.01.16_09.56.56.csv,train/driving_B_2020.01.16_09.56.56.csv#block-001@time-1359.000s,block-001,1359.000,-43.5306,-43.53,-43.53,0.0000,0.8608,1.055816
129,longdress,driving_B_2019.12.16_12.27.05.csv,train/driving_B_2019.12.16_12.27.05.csv#block-000@time-600.000s,block-000,600.000,-336.7335,-336.73,-336.73,0.0000,0.8597,1.062212
130,loot,driving_B_2020.02.27_17.30.15.csv,train/driving_B_2020.02.27_17.30.15.csv#block-002@time-533.000s,block-002,533.000,-201.8074,-201.81,-201.81,0.0000,0.8586,1.089739
131,redandblack,driving_B_2020.02.14_12.58.17.csv,train/driving_B_2020.02.14_12.58.17.csv#block-000@time-0.000s,block-000,0.000,-28.6099,-28.61,-28.61,0.0000,0.8576,1.023495
132,soldier,static_B_2020.02.14_13.21.26.csv,train/static_B_2020.02.14_13.21.26.csv#block-000@time-360.000s,block-000,360.000,35.0915,35.09,35.09,0.0000,0.8565,1.091777
133,longdress,driving_B_2020.02.27_17.30.15.csv,train/driving_B_2020.02.27_17.30.15.csv#block-002@time-293.000s,block-002,293.000,-325.0875,-325.09,-325.09,0.0000,0.8554,1.051586
134,loot,driving_B_2019.12.17_07.32.39.csv,train/driving_B_2019.12.17_07.32.39.csv#block-000@time-60.000s,block-000,60.000,-14.4069,-14.41,-14.41,0.0000,0.8543,1.068132
135,redandblack,driving_B_2020.02.13_13.03.24.csv,train/driving_B_2020.02.13_13.03.24.csv#block-000@time-0.000s,block-000,0.000,-38.7746,-38.77,-38.77,0.0000,0.8532,1.058034
136,soldier,driving_B_2020.01.16_09.56.56.csv,train/driving_B_2020.01.16_09.56.56.csv#block-001@time-579.000s,block-001,579.000,10.5846,10.58,10.58,0.0000,0.8521,1.079127
137,longdress,driving_B_2020.02.14_09.38.22.csv,train/driving_B_2020.02.14_09.38.22.csv#block-000@time-0.000s,block-000,0.000,-168.0176,-168.02,-168.02,0.0000,0.8510,1.093529
138,loot,driving_B_2019.12.17_07.32.39.csv,train/driving_B_2019.12.17_07.32.39.csv#block-003@time-1654.000s,block-003,1654.000,-43.0760,-43.08,-43.08,0.0000,0.8499,0.973973
139,redandblack,static_B_2020.02.14_13.21.26.csv,train/static_B_2020.02.14_13.21.26.csv#block-000@time-840.000s,block-000,840.000,43.8410,43.84,43.84,1.1419,0.8489,1.048353
140,soldier,static_B_2019.12.16_13.40.04.csv,train/static_B_2019.12.16_13.40.04.csv#block-001@time-775.000s,block-001,775.000,40.7599,40.76,40.76,0.4091,0.8478,1.063411
141,longdress,driving_B_2020.02.14_12.58.17.csv,train/driving_B_2020.02.14_12.58.17.csv#block-002@time-716.000s,block-002,716.000,-98.4584,-98.46,-98.46,0.0000,0.8467,1.127237
142,loot,static_B_2020.02.27_18.39.27.csv,train/static_B_2020.02.27_18.39.27.csv#block-001@time-3492.000s,block-001,3492.000,25.5487,25.55,25.55,0.0000,0.8456,1.047238
143,redandblack,driving_B_2020.02.13_13.03.24.csv,train/driving_B_2020.02.13_13.03.24.csv#block-001@time-1754.000s,block-001,1754.000,-85.1515,-85.15,-85.15,0.0000,0.8445,1.009223
144,soldier,driving_B_2020.02.14_09.38.22.csv,train/driving_B_2020.02.14_09.38.22.csv#block-000@time-1020.000s,block-000,1020.000,42.7820,42.78,42.78,0.0000,0.8434,1.012449
145,longdress,driving_B_2020.01.16_12.10.03.csv,train/driving_B_2020.01.16_12.10.03.csv#block-000@time-180.000s,block-000,180.000,36.4116,36.41,36.41,0.0000,0.8423,0.974571
146,loot,driving_B_2020.01.16_09.56.56.csv,train/driving_B_2020.01.16_09.56.56.csv#block-001@time-1659.000s,block-001,1659.000,27.7671,27.77,27.77,1.0127,0.8412,0.988896
147,redandblack,driving_B_2020.01.16_12.10.03.csv,train/driving_B_2020.01.16_12.10.03.csv#block-000@time-360.000s,block-000,360.000,36.1300,36.13,36.13,0.0000,0.8402,1.065856
148,soldier,driving_B_2020.01.16_09.56.56.csv,train/driving_B_2020.01.16_09.56.56.csv#block-001@time-939.000s,block-001,939.000,-75.2353,-75.24,-75.24,0.0000,0.8391,1.039779
149,longdress,driving_B_2020.02.27_17.30.15.csv,train/driving_B_2020.02.27_17.30.15.csv#block-002@time-353.000s,block-002,353.000,-227.3015,-227.30,-227.30,0.0000,0.8380,0.988933
150,loot,driving_B_2020.02.13_15.02.01.csv,train/driving_B_2020.02.13_15.02.01.csv#block-000@time-2100.000s,block-000,2100.000,-10.8813,-10.88,-10.88,0.0000,0.8369,0.952864
151,redandblack,driving_B_2019.12.16_12.27.05.csv,train/driving_B_2019.12.16_12.27.05.csv#block-000@time-1020.000s,block-000,1020.000,30.6429,30.64,30.64,0.0000,0.8358,1.103156
152,soldier,driving_B_2020.02.14_09.38.22.csv,train/driving_B_2020.02.14_09.38.22.csv#block-000@time-60.000s,block-000,60.000,-176.6341,-176.63,-176.63,0.0000,0.8347,1.067167
153,longdress,driving_B_2019.12.17_07.32.39.csv,train/driving_B_2019.12.17_07.32.39.csv#block-000@time-540.000s,block-000,540.000,-151.6520,-151.65,-151.65,0.0000,0.8336,0.997002
154,loot,driving_B_2020.01.16_07.26.43.csv,train/driving_B_2020.01.16_07.26.43.csv#block-000@time-180.000s,block-000,180.000,-191.2293,-191.23,-191.23,0.0000,0.8326,1.073341
155,redandblack,driving_B_2020.02.14_09.38.22.csv,train/driving_B_2020.02.14_09.38.22.csv#block-000@time-1320.000s,block-000,1320.000,-118.1237,-118.12,-118.12,0.0000,0.8315,1.000996
156,soldier,driving_B_2020.02.14_12.58.17.csv,train/driving_B_2020.02.14_12.58.17.csv#block-002@time-536.000s,block-002,536.000,-293.9701,-293.97,-293.97,0.0000,0.8304,1.060775
157,longdress,driving_B_2019.12.16_12.27.05.csv,train/driving_B_2019.12.16_12.27.05.csv#block-000@time-660.000s,block-000,660.000,-245.1717,-245.17,-245.17,0.0000,0.8293,1.123100
158,loot,driving_B_2020.02.27_17.30.15.csv,train/driving_B_2020.02.27_17.30.15.csv#block-002@time-533.000s,block-002,533.000,-177.0365,-177.04,-177.04,0.0000,0.8282,1.111769
159,redandblack,driving_B_2020.02.14_12.58.17.csv,train/driving_B_2020.02.14_12.58.17.csv#block-002@time-656.000s,block-002,656.000,-3.0537,-3.05,-3.05,0.0000,0.8271,1.062078
160,soldier,driving_B_2020.01.16_09.56.56.csv,train/driving_B_2020.01.16_09.56.56.csv#block-001@time-1179.000s,block-001,1179.000,-93.1573,-93.16,-93.16,0.0000,0.8260,1.145472
161,longdress,static_B_2019.12.16_13.40.04.csv,train/static_B_2019.12.16_13.40.04.csv#block-006@time-2172.000s,block-006,2172.000,36.6758,36.68,36.68,0.4084,0.8249,1.062012
162,loot,driving_B_2020.02.14_12.58.17.csv,train/driving_B_2020.02.14_12.58.17.csv#block-002@time-716.000s,block-002,716.000,-23.8231,-23.82,-23.82,0.0000,0.8239,1.092326
163,redandblack,static_B_2019.12.16_13.40.04.csv,train/static_B_2019.12.16_13.40.04.csv#block-001@time-595.000s,block-001,595.000,31.5770,31.58,31.58,0.0000,0.8228,1.189662
164,soldier,driving_B_2019.12.17_07.32.39.csv,train/driving_B_2019.12.17_07.32.39.csv#block-000@time-720.000s,block-000,720.000,-52.1472,-52.15,-52.15,0.0000,0.8217,1.101458
165,longdress,driving_B_2020.02.13_13.03.24.csv,train/driving_B_2020.02.13_13.03.24.csv#block-001@time-1394.000s,block-001,1394.000,-164.4981,-164.50,-164.50,0.0000,0.8206,1.081012
166,loot,driving_B_2020.02.14_12.58.17.csv,train/driving_B_2020.02.14_12.58.17.csv#block-002@time-656.000s,block-002,656.000,5.7895,5.79,5.79,0.0000,0.8195,1.140994
167,redandblack,driving_B_2020.02.27_17.30.15.csv,train/driving_B_2020.02.27_17.30.15.csv#block-002@time-413.000s,block-002,413.000,-130.1284,-130.13,-130.13,0.0000,0.8184,1.012122
168,soldier,static_B_2019.12.16_13.40.04.csv,train/static_B_2019.12.16_13.40.04.csv#block-005@time-1706.000s,block-005,1706.000,30.2429,30.24,30.24,0.0000,0.8173,1.179116
169,longdress,driving_B_2020.02.14_12.58.17.csv,train/driving_B_2020.02.14_12.58.17.csv#block-000@time-0.000s,block-000,0.000,-68.7092,-68.71,-68.71,0.0000,0.8162,1.101108
170,loot,driving_B_2020.02.13_15.02.01.csv,train/driving_B_2020.02.13_15.02.01.csv#block-000@time-2820.000s,block-000,2820.000,33.8379,33.84,33.84,0.0000,0.8152,1.030478
171,redandblack,static_B_2020.02.14_13.21.26.csv,train/static_B_2020.02.14_13.21.26.csv#block-000@time-720.000s,block-000,720.000,43.8084,43.81,43.81,0.0000,0.8141,1.118264
172,soldier,static_B_2020.02.27_18.39.27.csv,train/static_B_2020.02.27_18.39.27.csv#block-001@time-6312.000s,block-001,6312.000,50.5803,50.58,50.58,0.0000,0.8130,1.036963
173,longdress,driving_B_2020.01.16_12.10.03.csv,train/driving_B_2020.01.16_12.10.03.csv#block-000@time-60.000s,block-000,60.000,7.0469,7.05,7.05,0.0000,0.8119,1.096251
174,loot,driving_B_2020.02.13_13.03.24.csv,train/driving_B_2020.02.13_13.03.24.csv#block-001@time-1694.000s,block-001,1694.000,-39.4891,-39.49,-39.49,0.0000,0.8108,1.170600
175,redandblack,driving_B_2020.02.27_17.30.15.csv,train/driving_B_2020.02.27_17.30.15.csv#block-002@time-533.000s,block-002,533.000,-217.8858,-217.89,-217.89,0.0000,0.8097,1.080080
176,soldier,driving_B_2020.02.14_09.38.22.csv,train/driving_B_2020.02.14_09.38.22.csv#block-000@time-180.000s,block-000,180.000,-192.7952,-192.80,-192.80,0.0000,0.8086,1.108536
177,longdress,driving_B_2020.02.27_17.30.15.csv,train/driving_B_2020.02.27_17.30.15.csv#block-002@time-353.000s,block-002,353.000,-209.1442,-209.14,-209.14,0.0000,0.8075,1.078828
178,loot,static_B_2019.12.16_13.40.04.csv,train/static_B_2019.12.16_13.40.04.csv#block-005@time-2006.000s,block-005,2006.000,36.2584,36.26,36.26,0.0000,0.8065,1.060341
179,redandblack,driving_B_2020.02.14_09.38.22.csv,train/driving_B_2020.02.14_09.38.22.csv#block-000@time-300.000s,block-000,300.000,-199.3575,-199.36,-199.36,0.0000,0.8054,1.228026
180,soldier,driving_B_2020.02.13_13.03.24.csv,train/driving_B_2020.02.13_13.03.24.csv#block-000@time-60.000s,block-000,60.000,-126.5469,-126.55,-126.55,0.0000,0.8043,1.123359
181,longdress,driving_B_2020.02.27_17.30.15.csv,train/driving_B_2020.02.27_17.30.15.csv#block-002@time-413.000s,block-002,413.000,-648.0791,-648.08,-648.08,0.0000,0.8032,1.148184
182,loot,driving_B_2020.01.16_07.26.43.csv,train/driving_B_2020.01.16_07.26.43.csv#block-000@time-240.000s,block-000,240.000,-36.9338,-36.93,-36.93,0.0000,0.8021,1.241102
183,redandblack,driving_B_2020.02.27_17.30.15.csv,train/driving_B_2020.02.27_17.30.15.csv#block-002@time-473.000s,block-002,473.000,-440.4841,-440.48,-440.48,0.0000,0.8010,1.305878
184,soldier,driving_B_2020.01.16_07.26.43.csv,train/driving_B_2020.01.16_07.26.43.csv#block-000@time-540.000s,block-000,540.000,-136.9997,-137.00,-137.00,0.0000,0.7999,1.210622
185,longdress,driving_B_2019.12.16_12.27.05.csv,train/driving_B_2019.12.16_12.27.05.csv#block-000@time-540.000s,block-000,540.000,-276.4557,-276.46,-276.46,0.0000,0.7988,1.257576
186,loot,driving_B_2020.01.16_09.56.56.csv,train/driving_B_2020.01.16_09.56.56.csv#block-000@time-180.000s,block-000,180.000,20.3634,20.36,20.36,0.0000,0.7978,1.186859
187,redandblack,driving_B_2019.12.17_07.32.39.csv,train/driving_B_2019.12.17_07.32.39.csv#block-000@time-120.000s,block-000,120.000,-20.6306,-20.63,-20.63,0.0000,0.7967,1.177599
188,soldier,driving_B_2020.01.16_07.26.43.csv,train/driving_B_2020.01.16_07.26.43.csv#block-000@time-1260.000s,block-000,1260.000,-18.2147,-18.21,-18.21,0.0000,0.7956,1.300564
189,longdress,driving_B_2020.02.14_09.38.22.csv,train/driving_B_2020.02.14_09.38.22.csv#block-000@time-120.000s,block-000,120.000,-196.1344,-196.13,-196.13,0.0000,0.7945,1.225835
190,loot,driving_B_2019.12.17_07.32.39.csv,train/driving_B_2019.12.17_07.32.39.csv#block-000@time-0.000s,block-000,0.000,-15.6619,-15.66,-15.66,0.0000,0.7934,1.178770
191,redandblack,driving_B_2020.02.13_15.02.01.csv,train/driving_B_2020.02.13_15.02.01.csv#block-000@time-2760.000s,block-000,2760.000,-140.9292,-140.93,-140.93,0.0000,0.7923,1.224605
192,soldier,driving_B_2020.02.14_12.58.17.csv,train/driving_B_2020.02.14_12.58.17.csv#block-000@time-0.000s,block-000,0.000,-32.5823,-32.58,-32.58,0.0000,0.7912,1.068274
193,longdress,driving_B_2020.02.27_17.30.15.csv,train/driving_B_2020.02.27_17.30.15.csv#block-002@time-533.000s,block-002,533.000,-227.2281,-227.23,-227.23,0.0000,0.7901,1.316737
194,loot,driving_B_2019.12.17_07.32.39.csv,train/driving_B_2019.12.17_07.32.39.csv#block-000@time-360.000s,block-000,360.000,4.2165,4.22,4.22,0.0000,0.7891,1.145576
195,redandblack,driving_B_2019.12.17_07.32.39.csv,train/driving_B_2019.12.17_07.32.39.csv#block-000@time-1140.000s,block-000,1140.000,8.2208,8.22,8.22,0.0000,0.7880,1.166619
196,soldier,driving_B_2020.02.13_15.02.01.csv,train/driving_B_2020.02.13_15.02.01.csv#block-000@time-2160.000s,block-000,2160.000,0.7520,0.75,0.75,0.0000,0.7869,1.094621
197,longdress,driving_B_2020.02.14_12.58.17.csv,train/driving_B_2020.02.14_12.58.17.csv#block-002@time-596.000s,block-002,596.000,-47.3464,-47.35,-47.35,0.0000,0.7858,1.310571
198,loot,driving_B_2020.01.16_12.10.03.csv,train/driving_B_2020.01.16_12.10.03.csv#block-000@time-240.000s,block-000,240.000,50.7491,50.75,50.75,0.9487,0.7847,1.050099
199,redandblack,driving_B_2019.12.16_12.27.05.csv,train/driving_B_2019.12.16_12.27.05.csv#block-000@time-720.000s,block-000,720.000,-59.9654,-59.97,-59.97,0.0000,0.7836,1.187070
200,soldier,driving_B_2019.12.17_07.32.39.csv,train/driving_B_2019.12.17_07.32.39.csv#block-000@time-660.000s,block-000,660.000,-106.8016,-106.80,-106.80,0.0000,0.7825,1.244228
201,longdress,static_B_2019.12.16_13.40.04.csv,train/static_B_2019.12.16_13.40.04.csv#block-005@time-1646.000s,block-005,1646.000,39.3500,39.35,39.35,0.0000,0.7814,1.221470
202,loot,static_B_2020.02.14_13.21.26.csv,train/static_B_2020.02.14_13.21.26.csv#block-000@time-300.000s,block-000,300.000,27.5692,27.57,27.57,0.0000,0.7804,1.259400
203,redandblack,driving_B_2020.02.14_09.38.22.csv,train/driving_B_2020.02.14_09.38.22.csv#block-000@time-1560.000s,block-000,1560.000,-5.1233,-5.12,-5.12,0.0000,0.7793,1.256304
204,soldier,static_B_2020.02.14_13.21.26.csv,train/static_B_2020.02.14_13.21.26.csv#block-000@time-480.000s,block-000,480.000,45.6484,45.65,45.65,0.0000,0.7782,1.203990
205,longdress,driving_B_2019.12.17_07.32.39.csv,train/driving_B_2019.12.17_07.32.39.csv#block-000@time-1020.000s,block-000,1020.000,-116.6087,-116.61,-116.61,0.0000,0.7771,1.176285
206,loot,driving_B_2020.01.16_07.26.43.csv,train/driving_B_2020.01.16_07.26.43.csv#block-000@time-1140.000s,block-000,1140.000,10.3247,10.32,10.32,0.0000,0.7760,1.135278
207,redandblack,static_B_2020.02.14_13.21.26.csv,train/static_B_2020.02.14_13.21.26.csv#block-000@time-960.000s,block-000,960.000,5.5984,5.60,5.60,0.0000,0.7749,1.249494
208,soldier,static_B_2020.02.14_13.21.26.csv,train/static_B_2020.02.14_13.21.26.csv#block-000@time-420.000s,block-000,420.000,49.2162,49.22,49.22,0.0000,0.7738,1.282267
209,longdress,driving_B_2020.02.27_17.30.15.csv,train/driving_B_2020.02.27_17.30.15.csv#block-002@time-413.000s,block-002,413.000,-467.3546,-467.35,-467.35,0.0000,0.7727,1.258884
210,loot,driving_B_2019.12.16_12.27.05.csv,train/driving_B_2019.12.16_12.27.05.csv#block-000@time-60.000s,block-000,60.000,-28.7610,-28.76,-28.76,0.0000,0.7717,1.258553
211,redandblack,driving_B_2020.01.16_12.10.03.csv,train/driving_B_2020.01.16_12.10.03.csv#block-000@time-180.000s,block-000,180.000,50.4861,50.49,50.49,0.0000,0.7706,1.272581
212,soldier,driving_B_2020.01.16_12.10.03.csv,train/driving_B_2020.01.16_12.10.03.csv#block-000@time-0.000s,block-000,0.000,44.9990,45.00,45.00,0.8116,0.7695,1.304374
213,longdress,static_B_2020.02.14_13.21.26.csv,train/static_B_2020.02.14_13.21.26.csv#block-000@time-960.000s,block-000,960.000,15.3848,15.38,15.38,0.0000,0.7684,1.353061
214,loot,driving_B_2019.12.17_07.32.39.csv,train/driving_B_2019.12.17_07.32.39.csv#block-000@time-240.000s,block-000,240.000,-56.8050,-56.80,-56.80,0.0000,0.7673,1.151970
215,redandblack,driving_B_2020.02.14_12.58.17.csv,train/driving_B_2020.02.14_12.58.17.csv#block-002@time-716.000s,block-002,716.000,-11.9592,-11.96,-11.96,0.0000,0.7662,1.207152
216,soldier,driving_B_2020.02.13_15.02.01.csv,train/driving_B_2020.02.13_15.02.01.csv#block-000@time-300.000s,block-000,300.000,55.3500,55.35,55.35,0.2720,0.7651,1.212930
217,longdress,driving_B_2020.02.27_17.30.15.csv,train/driving_B_2020.02.27_17.30.15.csv#block-002@time-473.000s,block-002,473.000,-536.9707,-536.97,-536.97,0.0000,0.7640,1.194035
218,loot,static_B_2019.12.16_13.40.04.csv,train/static_B_2019.12.16_13.40.04.csv#block-000@time-60.000s,block-000,60.000,18.6532,18.65,18.65,0.0000,0.7630,1.207833
219,redandblack,driving_B_2020.02.14_12.58.17.csv,train/driving_B_2020.02.14_12.58.17.csv#block-002@time-596.000s,block-002,596.000,-74.5010,-74.50,-74.50,0.0000,0.7619,1.205148
220,soldier,static_B_2020.02.14_13.21.26.csv,train/static_B_2020.02.14_13.21.26.csv#block-000@time-840.000s,block-000,840.000,34.4067,34.41,34.41,0.0000,0.7608,1.237739
221,longdress,driving_B_2019.12.17_07.32.39.csv,train/driving_B_2019.12.17_07.32.39.csv#block-000@time-480.000s,block-000,480.000,24.2697,24.27,24.27,0.0000,0.7597,1.260238
222,loot,driving_B_2020.01.16_07.26.43.csv,train/driving_B_2020.01.16_07.26.43.csv#block-000@time-1080.000s,block-000,1080.000,-2.4509,-2.45,-2.45,0.0000,0.7586,1.128249
223,redandblack,driving_B_2020.01.16_12.10.03.csv,train/driving_B_2020.01.16_12.10.03.csv#block-000@time-300.000s,block-000,300.000,2.1100,2.11,2.11,0.0000,0.7575,1.272829
224,soldier,driving_B_2019.12.16_12.27.05.csv,train/driving_B_2019.12.16_12.27.05.csv#block-000@time-180.000s,block-000,180.000,-80.1568,-80.16,-80.16,0.0000,0.7564,1.152279
225,longdress,driving_B_2020.02.13_13.03.24.csv,train/driving_B_2020.02.13_13.03.24.csv#block-000@time-540.000s,block-000,540.000,-109.1689,-109.17,-109.17,0.0000,0.7553,1.286903
226,loot,driving_B_2020.02.14_09.38.22.csv,train/driving_B_2020.02.14_09.38.22.csv#block-000@time-1440.000s,block-000,1440.000,49.6814,49.68,49.68,1.1119,0.7543,1.148565
227,redandblack,driving_B_2020.02.27_17.30.15.csv,train/driving_B_2020.02.27_17.30.15.csv#block-002@time-293.000s,block-002,293.000,-311.3760,-311.38,-311.38,0.0000,0.7532,1.240752
228,soldier,driving_B_2020.01.16_12.10.03.csv,train/driving_B_2020.01.16_12.10.03.csv#block-000@time-240.000s,block-000,240.000,43.3993,43.40,43.40,0.0000,0.7521,1.284785
229,longdress,driving_B_2020.01.16_12.10.03.csv,train/driving_B_2020.01.16_12.10.03.csv#block-000@time-120.000s,block-000,120.000,40.9511,40.95,40.95,0.0000,0.7510,1.224175
230,loot,driving_B_2020.01.16_07.26.43.csv,train/driving_B_2020.01.16_07.26.43.csv#block-000@time-1320.000s,block-000,1320.000,-18.5688,-18.57,-18.57,0.0000,0.7499,1.351021
231,redandblack,driving_B_2019.12.16_12.27.05.csv,train/driving_B_2019.12.16_12.27.05.csv#block-000@time-540.000s,block-000,540.000,-230.3684,-230.37,-230.37,0.0000,0.7488,1.318441
232,soldier,static_B_2020.02.27_18.39.27.csv,train/static_B_2020.02.27_18.39.27.csv#block-001@time-6252.000s,block-001,6252.000,47.9385,47.94,47.94,0.0000,0.7477,1.488751
233,longdress,driving_B_2020.01.16_09.56.56.csv,train/driving_B_2020.01.16_09.56.56.csv#block-001@time-1059.000s,block-001,1059.000,-82.4808,-82.48,-82.48,0.0000,0.7466,1.243479
234,loot,driving_B_2020.02.13_15.02.01.csv,train/driving_B_2020.02.13_15.02.01.csv#block-000@time-2940.000s,block-000,2940.000,-60.9131,-60.91,-60.91,0.0000,0.7456,1.293636
235,redandblack,driving_B_2019.12.17_07.32.39.csv,train/driving_B_2019.12.17_07.32.39.csv#block-000@time-1200.000s,block-000,1200.000,47.1206,47.12,47.12,0.0000,0.7445,1.244160
236,soldier,driving_B_2020.02.13_15.02.01.csv,train/driving_B_2020.02.13_15.02.01.csv#block-000@time-2580.000s,block-000,2580.000,-438.5288,-438.53,-438.53,0.0000,0.7434,1.260400
237,longdress,driving_B_2020.02.27_17.30.15.csv,train/driving_B_2020.02.27_17.30.15.csv#block-002@time-353.000s,block-002,353.000,-157.7561,-157.76,-157.76,0.0000,0.7423,1.197954
238,loot,driving_B_2020.02.13_15.02.01.csv,train/driving_B_2020.02.13_15.02.01.csv#block-000@time-2280.000s,block-000,2280.000,28.3553,28.36,28.36,0.0000,0.7412,1.360013
239,redandblack,driving_B_2020.01.16_12.10.03.csv,train/driving_B_2020.01.16_12.10.03.csv#block-000@time-240.000s,block-000,240.000,42.9199,42.92,42.92,0.8576,0.7401,1.271647
240,soldier,driving_B_2020.02.13_13.03.24.csv,train/driving_B_2020.02.13_13.03.24.csv#block-000@time-240.000s,block-000,240.000,-88.1647,-88.16,-88.16,0.0000,0.7390,1.243469
241,longdress,driving_B_2020.01.16_12.10.03.csv,train/driving_B_2020.01.16_12.10.03.csv#block-000@time-180.000s,block-000,180.000,45.2302,45.23,45.23,0.0000,0.7379,1.170932
242,loot,driving_B_2020.02.13_15.02.01.csv,train/driving_B_2020.02.13_15.02.01.csv#block-000@time-2520.000s,block-000,2520.000,-54.6474,-54.65,-54.65,0.0000,0.7369,1.247035
243,redandblack,driving_B_2019.12.17_07.32.39.csv,train/driving_B_2019.12.17_07.32.39.csv#block-000@time-1080.000s,block-000,1080.000,5.4248,5.42,5.42,0.0000,0.7358,1.228057
244,soldier,static_B_2020.02.27_18.39.27.csv,train/static_B_2020.02.27_18.39.27.csv#block-001@time-732.000s,block-001,732.000,47.9834,47.98,47.98,0.0000,0.7347,1.190869
245,longdress,static_B_2020.02.14_13.21.26.csv,train/static_B_2020.02.14_13.21.26.csv#block-000@time-540.000s,block-000,540.000,42.7927,42.79,42.79,0.0000,0.7336,1.104027
246,loot,static_B_2020.02.14_13.21.26.csv,train/static_B_2020.02.14_13.21.26.csv#block-000@time-480.000s,block-000,480.000,48.7912,48.79,48.79,1.2295,0.7325,1.315063
247,redandblack,driving_B_2020.02.13_13.03.24.csv,train/driving_B_2020.02.13_13.03.24.csv#block-001@time-1274.000s,block-001,1274.000,-121.6544,-121.65,-121.65,0.0000,0.7314,1.270897
248,soldier,driving_B_2020.01.16_09.56.56.csv,train/driving_B_2020.01.16_09.56.56.csv#block-001@time-759.000s,block-001,759.000,-5.6610,-5.66,-5.66,0.0000,0.7303,1.235767
249,longdress,static_B_2020.02.14_13.21.26.csv,train/static_B_2020.02.14_13.21.26.csv#block-000@time-240.000s,block-000,240.000,45.0177,45.02,45.02,0.0000,0.7292,1.224822
250,loot,static_B_2020.02.27_18.39.27.csv,train/static_B_2020.02.27_18.39.27.csv#block-001@time-4332.000s,block-001,4332.000,36.7580,36.76,36.76,0.0000,0.7282,1.178756
251,redandblack,driving_B_2020.01.16_12.10.03.csv,train/driving_B_2020.01.16_12.10.03.csv#block-000@time-120.000s,block-000,120.000,55.9162,55.92,55.92,0.7034,0.7271,1.188523
252,soldier,static_B_2020.02.27_18.39.27.csv,train/static_B_2020.02.27_18.39.27.csv#block-001@time-1152.000s,block-001,1152.000,29.1809,29.18,29.18,0.0000,0.7260,1.310833
253,longdress,driving_B_2020.01.16_12.10.03.csv,train/driving_B_2020.01.16_12.10.03.csv#block-000@time-360.000s,block-000,360.000,43.8980,43.90,43.90,0.0000,0.7249,1.276657
254,loot,driving_B_2020.01.16_07.26.43.csv,train/driving_B_2020.01.16_07.26.43.csv#block-000@time-840.000s,block-000,840.000,21.3157,21.32,21.32,0.0000,0.7238,1.260926
255,redandblack,driving_B_2020.02.13_13.03.24.csv,train/driving_B_2020.02.13_13.03.24.csv#block-001@time-1094.000s,block-001,1094.000,-107.3495,-107.35,-107.35,0.0000,0.7227,1.278282
256,soldier,driving_B_2020.02.13_15.02.01.csv,train/driving_B_2020.02.13_15.02.01.csv#block-000@time-1440.000s,block-000,1440.000,-338.2735,-338.27,-338.27,0.0000,0.7216,1.277211
257,longdress,static_B_2020.02.14_13.21.26.csv,train/static_B_2020.02.14_13.21.26.csv#block-000@time-660.000s,block-000,660.000,34.2191,34.22,34.22,0.0000,0.7205,1.344210
258,loot,driving_B_2020.01.16_09.56.56.csv,train/driving_B_2020.01.16_09.56.56.csv#block-001@time-1239.000s,block-001,1239.000,-18.1062,-18.11,-18.11,0.0000,0.7195,1.310358
259,redandblack,driving_B_2020.02.13_13.03.24.csv,train/driving_B_2020.02.13_13.03.24.csv#block-001@time-974.000s,block-001,974.000,-18.7135,-18.71,-18.71,0.0000,0.7184,1.277348
260,soldier,static_B_2020.02.27_18.39.27.csv,train/static_B_2020.02.27_18.39.27.csv#block-001@time-852.000s,block-001,852.000,15.1157,15.12,15.12,0.0000,0.7173,1.371496
261,longdress,driving_B_2020.02.14_12.58.17.csv,train/driving_B_2020.02.14_12.58.17.csv#block-002@time-656.000s,block-002,656.000,-15.7208,-15.72,-15.72,0.0000,0.7162,1.330300
262,loot,driving_B_2019.12.16_12.27.05.csv,train/driving_B_2019.12.16_12.27.05.csv#block-000@time-780.000s,block-000,780.000,34.1748,34.17,34.17,0.0000,0.7151,1.214536
263,redandblack,driving_B_2020.01.16_09.56.56.csv,train/driving_B_2020.01.16_09.56.56.csv#block-001@time-1299.000s,block-001,1299.000,37.2868,37.29,37.29,0.0000,0.7140,1.249794
264,soldier,driving_B_2020.02.14_12.58.17.csv,train/driving_B_2020.02.14_12.58.17.csv#block-002@time-716.000s,block-002,716.000,-94.7923,-94.79,-94.79,0.0000,0.7129,1.244497
265,longdress,driving_B_2019.12.17_07.32.39.csv,train/driving_B_2019.12.17_07.32.39.csv#block-000@time-840.000s,block-000,840.000,-94.7344,-94.73,-94.73,0.0000,0.7118,1.402450
266,loot,driving_B_2020.02.13_15.02.01.csv,train/driving_B_2020.02.13_15.02.01.csv#block-000@time-1620.000s,block-000,1620.000,-108.4416,-108.44,-108.44,0.0000,0.7108,1.321431
267,redandblack,driving_B_2020.02.13_15.02.01.csv,train/driving_B_2020.02.13_15.02.01.csv#block-000@time-1500.000s,block-000,1500.000,-159.0497,-159.05,-159.05,0.0000,0.7097,1.281931
268,soldier,driving_B_2020.02.27_17.30.15.csv,train/driving_B_2020.02.27_17.30.15.csv#block-002@time-473.000s,block-002,473.000,-521.9981,-522.00,-522.00,0.0000,0.7086,1.371824
269,longdress,driving_B_2020.01.16_09.56.56.csv,train/driving_B_2020.01.16_09.56.56.csv#block-000@time-0.000s,block-000,0.000,-27.1511,-27.15,-27.15,0.0000,0.7075,1.328828
270,loot,driving_B_2020.01.16_07.26.43.csv,train/driving_B_2020.01.16_07.26.43.csv#block-000@time-1440.000s,block-000,1440.000,12.7573,12.76,12.76,0.0000,0.7064,1.313539
271,redandblack,driving_B_2020.02.27_17.30.15.csv,train/driving_B_2020.02.27_17.30.15.csv#block-002@time-413.000s,block-002,413.000,-131.4433,-131.44,-131.44,0.0000,0.7053,1.290151
272,soldier,static_B_2020.02.14_13.21.26.csv,train/static_B_2020.02.14_13.21.26.csv#block-000@time-120.000s,block-000,120.000,47.0149,47.01,47.01,0.0000,0.7042,1.298974
273,longdress,driving_B_2019.12.17_07.32.39.csv,train/driving_B_2019.12.17_07.32.39.csv#block-000@time-600.000s,block-000,600.000,-74.7013,-74.70,-74.70,0.0000,0.7031,1.363392
274,loot,driving_B_2020.02.14_09.38.22.csv,train/driving_B_2020.02.14_09.38.22.csv#block-000@time-540.000s,block-000,540.000,-56.2439,-56.24,-56.24,0.0000,0.7021,1.350190
275,redandblack,driving_B_2019.12.17_07.32.39.csv,train/driving_B_2019.12.17_07.32.39.csv#block-003@time-1594.000s,block-003,1594.000,-36.3366,-36.34,-36.34,0.0000,0.7010,1.233755
276,soldier,driving_B_2020.02.13_13.03.24.csv,train/driving_B_2020.02.13_13.03.24.csv#block-001@time-1994.000s,block-001,1994.000,3.5456,3.55,3.55,0.0000,0.6999,1.210624
277,longdress,driving_B_2020.02.27_17.30.15.csv,train/driving_B_2020.02.27_17.30.15.csv#block-002@time-353.000s,block-002,353.000,-232.5989,-232.60,-232.60,0.0000,0.6988,1.417667
278,loot,driving_B_2020.02.14_09.38.22.csv,train/driving_B_2020.02.14_09.38.22.csv#block-000@time-720.000s,block-000,720.000,45.4927,45.49,45.49,0.9289,0.6977,1.473940
279,redandblack,driving_B_2020.01.16_12.10.03.csv,train/driving_B_2020.01.16_12.10.03.csv#block-000@time-0.000s,block-000,0.000,38.0872,38.09,38.09,0.9299,0.6966,1.335689
280,soldier,static_B_2020.02.27_18.39.27.csv,train/static_B_2020.02.27_18.39.27.csv#block-001@time-5592.000s,block-001,5592.000,14.1860,14.19,14.19,0.0000,0.6955,1.463651
281,longdress,driving_B_2020.01.16_07.26.43.csv,train/driving_B_2020.01.16_07.26.43.csv#block-000@time-420.000s,block-000,420.000,-94.2948,-94.29,-94.29,0.0000,0.6944,1.334798
282,loot,driving_B_2019.12.16_12.27.05.csv,train/driving_B_2019.12.16_12.27.05.csv#block-000@time-1020.000s,block-000,1020.000,47.9292,47.93,47.93,0.0000,0.6934,1.374738
283,redandblack,static_B_2020.02.27_18.39.27.csv,train/static_B_2020.02.27_18.39.27.csv#block-001@time-4692.000s,block-001,4692.000,38.9802,38.98,38.98,0.0000,0.6923,1.485989
284,soldier,static_B_2019.12.16_13.40.04.csv,train/static_B_2019.12.16_13.40.04.csv#block-005@time-1406.000s,block-005,1406.000,10.6331,10.63,10.63,0.0000,0.6912,1.349950
285,longdress,driving_B_2020.02.14_12.58.17.csv,train/driving_B_2020.02.14_12.58.17.csv#block-002@time-536.000s,block-002,536.000,-285.4190,-285.42,-285.42,0.0000,0.6901,1.394364
286,loot,driving_B_2020.01.16_09.56.56.csv,train/driving_B_2020.01.16_09.56.56.csv#block-001@time-519.000s,block-001,519.000,43.7738,43.77,43.77,0.0000,0.6890,1.265961
287,redandblack,driving_B_2020.01.16_07.26.43.csv,train/driving_B_2020.01.16_07.26.43.csv#block-000@time-1560.000s,block-000,1560.000,-73.1123,-73.11,-73.11,0.0000,0.6879,1.379779
288,soldier,static_B_2019.12.16_13.40.04.csv,train/static_B_2019.12.16_13.40.04.csv#block-000@time-0.000s,block-000,0.000,31.9773,31.98,31.98,0.0000,0.6868,1.272909
289,longdress,driving_B_2020.02.13_15.02.01.csv,train/driving_B_2020.02.13_15.02.01.csv#block-000@time-1140.000s,block-000,1140.000,25.5130,25.51,25.51,0.0000,0.6857,1.440707
290,loot,static_B_2019.12.16_13.40.04.csv,train/static_B_2019.12.16_13.40.04.csv#block-005@time-1586.000s,block-005,1586.000,15.6152,15.62,15.62,0.0000,0.6847,1.452553
291,redandblack,driving_B_2020.01.16_09.56.56.csv,train/driving_B_2020.01.16_09.56.56.csv#block-000@time-300.000s,block-000,300.000,51.7393,51.74,51.74,0.0000,0.6836,1.350169
292,soldier,driving_B_2019.12.16_12.27.05.csv,train/driving_B_2019.12.16_12.27.05.csv#block-000@time-420.000s,block-000,420.000,-299.8188,-299.82,-299.82,0.0000,0.6825,1.460781
293,longdress,driving_B_2020.01.16_12.10.03.csv,train/driving_B_2020.01.16_12.10.03.csv#block-000@time-300.000s,block-000,300.000,-1.6309,-1.63,-1.63,0.0000,0.6814,1.432091
294,loot,driving_B_2020.02.13_13.03.24.csv,train/driving_B_2020.02.13_13.03.24.csv#block-001@time-1874.000s,block-001,1874.000,-221.7557,-221.76,-221.76,0.0000,0.6803,1.354912
295,redandblack,driving_B_2019.12.16_12.27.05.csv,train/driving_B_2019.12.16_12.27.05.csv#block-000@time-1080.000s,block-000,1080.000,51.8685,51.87,51.87,0.0000,0.6792,1.405400
296,soldier,driving_B_2020.01.16_09.56.56.csv,train/driving_B_2020.01.16_09.56.56.csv#block-001@time-819.000s,block-001,819.000,14.1424,14.14,14.14,0.0000,0.6781,1.294145
297,longdress,driving_B_2020.01.16_09.56.56.csv,train/driving_B_2020.01.16_09.56.56.csv#block-001@time-579.000s,block-001,579.000,16.7419,16.74,16.74,0.0000,0.6770,1.510346
298,loot,driving_B_2020.02.27_17.30.15.csv,train/driving_B_2020.02.27_17.30.15.csv#block-002@time-473.000s,block-002,473.000,-342.4973,-342.50,-342.50,0.0000,0.6760,1.378899
299,redandblack,static_B_2020.02.27_18.39.27.csv,train/static_B_2020.02.27_18.39.27.csv#block-001@time-2352.000s,block-001,2352.000,33.3963,33.40,33.40,0.0000,0.6749,1.376967
300,soldier,driving_B_2020.02.14_12.58.17.csv,train/driving_B_2020.02.14_12.58.17.csv#block-002@time-536.000s,block-002,536.000,-283.8512,-283.85,-283.85,0.0000,0.6738,1.338986
301,longdress,static_B_2019.12.16_13.40.04.csv,train/static_B_2019.12.16_13.40.04.csv#block-001@time-955.000s,block-001,955.000,33.4367,33.44,33.44,0.0000,0.6727,1.360938
302,loot,driving_B_2020.01.16_09.56.56.csv,train/driving_B_2020.01.16_09.56.56.csv#block-001@time-1539.000s,block-001,1539.000,49.2256,49.23,49.23,0.0000,0.6716,1.318293
303,redandblack,driving_B_2019.12.16_12.27.05.csv,train/driving_B_2019.12.16_12.27.05.csv#block-000@time-840.000s,block-000,840.000,11.3444,11.34,11.34,0.0000,0.6705,1.463003
304,soldier,static_B_2020.02.27_18.39.27.csv,train/static_B_2020.02.27_18.39.27.csv#block-001@time-3012.000s,block-001,3012.000,7.1225,7.12,7.12,0.0000,0.6694,1.395283
305,longdress,static_B_2020.02.14_13.21.26.csv,train/static_B_2020.02.14_13.21.26.csv#block-000@time-600.000s,block-000,600.000,43.2690,43.27,43.27,0.0000,0.6683,1.369910
306,loot,driving_B_2019.12.16_12.27.05.csv,train/driving_B_2019.12.16_12.27.05.csv#block-000@time-660.000s,block-000,660.000,-186.2663,-186.27,-186.27,0.0000,0.6673,1.346773
307,redandblack,driving_B_2019.12.17_07.32.39.csv,train/driving_B_2019.12.17_07.32.39.csv#block-000@time-300.000s,block-000,300.000,-0.1679,-0.17,-0.17,0.0000,0.6662,1.542879
308,soldier,driving_B_2019.12.16_12.27.05.csv,train/driving_B_2019.12.16_12.27.05.csv#block-000@time-600.000s,block-000,600.000,-105.6439,-105.64,-105.64,0.0000,0.6651,1.425219
309,longdress,driving_B_2020.02.13_15.02.01.csv,train/driving_B_2020.02.13_15.02.01.csv#block-000@time-1200.000s,block-000,1200.000,-12.7713,-12.77,-12.77,0.0000,0.6640,1.399065
310,loot,driving_B_2019.12.16_12.27.05.csv,train/driving_B_2019.12.16_12.27.05.csv#block-000@time-120.000s,block-000,120.000,-54.9003,-54.90,-54.90,0.0000,0.6629,1.446271
311,redandblack,driving_B_2020.02.14_09.38.22.csv,train/driving_B_2020.02.14_09.38.22.csv#block-000@time-900.000s,block-000,900.000,-158.9338,-158.93,-158.93,0.0000,0.6618,1.444319
312,soldier,static_B_2020.02.27_18.39.27.csv,train/static_B_2020.02.27_18.39.27.csv#block-001@time-4752.000s,block-001,4752.000,50.2688,50.27,50.27,0.0000,0.6607,1.313572
313,longdress,driving_B_2020.02.13_15.02.01.csv,train/driving_B_2020.02.13_15.02.01.csv#block-000@time-2340.000s,block-000,2340.000,4.6374,4.64,4.64,0.0000,0.6596,1.494933
314,loot,driving_B_2019.12.17_07.32.39.csv,train/driving_B_2019.12.17_07.32.39.csv#block-004@time-2477.000s,block-004,2477.000,52.8417,52.84,52.84,0.0000,0.6586,1.362066
315,redandblack,driving_B_2020.01.16_07.26.43.csv,train/driving_B_2020.01.16_07.26.43.csv#block-000@time-120.000s,block-000,120.000,-6.2204,-6.22,-6.22,0.0000,0.6575,1.399359
316,soldier,driving_B_2020.02.27_17.30.15.csv,train/driving_B_2020.02.27_17.30.15.csv#block-002@time-473.000s,block-002,473.000,-470.4627,-470.46,-470.46,0.0000,0.6564,1.429851
317,longdress,driving_B_2020.01.16_12.10.03.csv,train/driving_B_2020.01.16_12.10.03.csv#block-000@time-120.000s,block-000,120.000,50.7391,50.74,50.74,0.0000,0.6553,1.431786
318,loot,driving_B_2020.01.16_12.10.03.csv,train/driving_B_2020.01.16_12.10.03.csv#block-000@time-360.000s,block-000,360.000,37.4993,37.50,37.50,0.0000,0.6542,1.437608
319,redandblack,static_B_2020.02.14_13.21.26.csv,train/static_B_2020.02.14_13.21.26.csv#block-000@time-60.000s,block-000,60.000,46.0548,46.05,46.05,0.5707,0.6531,1.384682
320,soldier,static_B_2020.02.14_13.21.26.csv,train/static_B_2020.02.14_13.21.26.csv#block-000@time-600.000s,block-000,600.000,55.3299,55.33,55.33,0.0768,0.6520,1.390020
321,longdress,driving_B_2020.02.14_12.58.17.csv,train/driving_B_2020.02.14_12.58.17.csv#block-002@time-596.000s,block-002,596.000,-55.1455,-55.15,-55.15,0.0000,0.6509,1.419606
322,loot,static_B_2020.02.14_13.21.26.csv,train/static_B_2020.02.14_13.21.26.csv#block-000@time-120.000s,block-000,120.000,38.7847,38.78,38.78,1.1830,0.6499,1.446500
323,redandblack,driving_B_2020.02.14_09.38.22.csv,train/driving_B_2020.02.14_09.38.22.csv#block-000@time-0.000s,block-000,0.000,-131.5844,-131.58,-131.58,0.0000,0.6488,1.454076
324,soldier,driving_B_2020.02.14_09.38.22.csv,train/driving_B_2020.02.14_09.38.22.csv#block-000@time-960.000s,block-000,960.000,38.2348,38.23,38.23,0.0000,0.6477,1.459940
325,longdress,driving_B_2020.02.14_09.38.22.csv,train/driving_B_2020.02.14_09.38.22.csv#block-000@time-60.000s,block-000,60.000,-116.3135,-116.31,-116.31,0.0000,0.6466,1.403212
326,loot,driving_B_2020.02.14_09.38.22.csv,train/driving_B_2020.02.14_09.38.22.csv#block-000@time-1260.000s,block-000,1260.000,-47.0214,-47.02,-47.02,0.0000,0.6455,1.369919
327,redandblack,static_B_2020.02.14_13.21.26.csv,train/static_B_2020.02.14_13.21.26.csv#block-000@time-1080.000s,block-000,1080.000,52.4364,52.44,52.44,0.0000,0.6444,1.632486
328,soldier,driving_B_2020.02.14_12.58.17.csv,train/driving_B_2020.02.14_12.58.17.csv#block-002@time-716.000s,block-002,716.000,-52.8507,-52.85,-52.85,0.0000,0.6433,1.443470
329,longdress,driving_B_2020.02.14_09.38.22.csv,train/driving_B_2020.02.14_09.38.22.csv#block-000@time-660.000s,block-000,660.000,8.1514,8.15,8.15,0.0000,0.6422,1.483735
330,loot,driving_B_2020.01.16_12.10.03.csv,train/driving_B_2020.01.16_12.10.03.csv#block-000@time-0.000s,block-000,0.000,33.8603,33.86,33.86,1.1181,0.6412,1.395994
331,redandblack,driving_B_2020.01.16_07.26.43.csv,train/driving_B_2020.01.16_07.26.43.csv#block-000@time-360.000s,block-000,360.000,-108.1692,-108.17,-108.17,0.0000,0.6401,1.518544
332,soldier,driving_B_2020.02.14_09.38.22.csv,train/driving_B_2020.02.14_09.38.22.csv#block-000@time-240.000s,block-000,240.000,-205.6960,-205.70,-205.70,0.0000,0.6390,1.443725
333,longdress,driving_B_2020.02.13_15.02.01.csv,train/driving_B_2020.02.13_15.02.01.csv#block-000@time-60.000s,block-000,60.000,49.6655,49.67,49.67,0.0000,0.6379,1.463750
334,loot,driving_B_2020.02.14_12.58.17.csv,train/driving_B_2020.02.14_12.58.17.csv#block-002@time-536.000s,block-002,536.000,-212.8088,-212.81,-212.81,0.0000,0.6368,1.589655
335,redandblack,static_B_2020.02.27_18.39.27.csv,train/static_B_2020.02.27_18.39.27.csv#block-001@time-1812.000s,block-001,1812.000,30.5163,30.52,30.52,0.0000,0.6357,1.414819
336,soldier,driving_B_2020.02.13_13.03.24.csv,train/driving_B_2020.02.13_13.03.24.csv#block-001@time-1334.000s,block-001,1334.000,-124.5971,-124.60,-124.60,0.0000,0.6346,1.493582
337,longdress,driving_B_2019.12.16_12.27.05.csv,train/driving_B_2019.12.16_12.27.05.csv#block-000@time-180.000s,block-000,180.000,-52.1229,-52.12,-52.12,0.0000,0.6335,1.488184
338,loot,driving_B_2020.02.14_12.58.17.csv,train/driving_B_2020.02.14_12.58.17.csv#block-002@time-656.000s,block-002,656.000,18.1273,18.13,18.13,0.0000,0.6325,1.500192
339,redandblack,driving_B_2020.01.16_09.56.56.csv,train/driving_B_2020.01.16_09.56.56.csv#block-001@time-639.000s,block-001,639.000,60.2935,60.29,60.29,0.0000,0.6314,1.353486
340,soldier,driving_B_2020.01.16_07.26.43.csv,train/driving_B_2020.01.16_07.26.43.csv#block-000@time-900.000s,block-000,900.000,2.0170,2.02,2.02,0.0000,0.6303,1.523085
341,longdress,static_B_2020.02.27_18.39.27.csv,train/static_B_2020.02.27_18.39.27.csv#block-001@time-5292.000s,block-001,5292.000,-389.9237,-389.92,-389.92,0.0000,0.6292,1.402393
342,loot,driving_B_2020.01.16_09.56.56.csv,train/driving_B_2020.01.16_09.56.56.csv#block-000@time-240.000s,block-000,240.000,11.1498,11.15,11.15,0.0000,0.6281,1.527270
343,redandblack,static_B_2020.02.27_18.39.27.csv,train/static_B_2020.02.27_18.39.27.csv#block-001@time-1572.000s,block-001,1572.000,47.3890,47.39,47.39,0.8525,0.6270,1.462393
344,soldier,static_B_2019.12.16_13.40.04.csv,train/static_B_2019.12.16_13.40.04.csv#block-001@time-715.000s,block-001,715.000,25.3379,25.34,25.34,0.0000,0.6259,1.498802
345,longdress,static_B_2020.02.27_18.39.27.csv,train/static_B_2020.02.27_18.39.27.csv#block-001@time-4212.000s,block-001,4212.000,69.5781,69.58,69.58,0.0000,0.6248,1.548069
346,loot,static_B_2019.12.16_13.40.04.csv,train/static_B_2019.12.16_13.40.04.csv#block-000@time-240.000s,block-000,240.000,24.0799,24.08,24.08,0.0000,0.6238,1.511756
347,redandblack,driving_B_2020.02.14_09.38.22.csv,train/driving_B_2020.02.14_09.38.22.csv#block-000@time-360.000s,block-000,360.000,-77.7286,-77.73,-77.73,0.0000,0.6227,1.516097
348,soldier,driving_B_2020.02.14_12.58.17.csv,train/driving_B_2020.02.14_12.58.17.csv#block-000@time-0.000s,block-000,0.000,-48.9504,-48.95,-48.95,0.0000,0.6216,1.458354
349,longdress,static_B_2020.02.14_13.21.26.csv,train/static_B_2020.02.14_13.21.26.csv#block-000@time-660.000s,block-000,660.000,43.1548,43.15,43.15,0.0000,0.6205,1.533486
350,loot,driving_B_2020.02.14_12.58.17.csv,train/driving_B_2020.02.14_12.58.17.csv#block-002@time-596.000s,block-002,596.000,-48.9833,-48.98,-48.98,0.0000,0.6194,1.392527
351,redandblack,driving_B_2020.01.16_07.26.43.csv,train/driving_B_2020.01.16_07.26.43.csv#block-000@time-0.000s,block-000,0.000,-36.6390,-36.64,-36.64,0.0000,0.6183,1.489338
352,soldier,driving_B_2019.12.17_07.32.39.csv,train/driving_B_2019.12.17_07.32.39.csv#block-004@time-2537.000s,block-004,2537.000,42.9779,42.98,42.98,0.5579,0.6172,1.590691
353,longdress,driving_B_2020.02.14_12.58.17.csv,train/driving_B_2020.02.14_12.58.17.csv#block-002@time-596.000s,block-002,596.000,-91.5935,-91.59,-91.59,0.0000,0.6161,1.441255
354,loot,driving_B_2020.02.13_13.03.24.csv,train/driving_B_2020.02.13_13.03.24.csv#block-000@time-660.000s,block-000,660.000,-17.4486,-17.45,-17.45,0.0000,0.6151,1.483270
355,redandblack,static_B_2020.02.27_18.39.27.csv,train/static_B_2020.02.27_18.39.27.csv#block-001@time-612.000s,block-001,612.000,3.7504,3.75,3.75,0.0000,0.6140,1.551585
356,soldier,static_B_2019.12.16_13.40.04.csv,train/static_B_2019.12.16_13.40.04.csv#block-000@time-300.000s,block-000,300.000,-0.4554,-0.46,-0.46,0.0000,0.6129,1.538662
357,longdress,driving_B_2020.01.16_09.56.56.csv,train/driving_B_2020.01.16_09.56.56.csv#block-001@time-1719.000s,block-001,1719.000,16.5039,16.50,16.50,0.0000,0.6118,1.417685
358,loot,static_B_2020.02.14_13.21.26.csv,train/static_B_2020.02.14_13.21.26.csv#block-000@time-1020.000s,block-000,1020.000,47.9104,47.91,47.91,0.9861,0.6107,1.394545
359,redandblack,driving_B_2020.01.16_07.26.43.csv,train/driving_B_2020.01.16_07.26.43.csv#block-000@time-1800.000s,block-000,1800.000,-23.7672,-23.77,-23.77,0.0000,0.6096,1.467354
360,soldier,driving_B_2019.12.17_07.32.39.csv,train/driving_B_2019.12.17_07.32.39.csv#block-003@time-1774.000s,block-003,1774.000,10.8434,10.84,10.84,0.0000,0.6085,1.630056
361,longdress,static_B_2019.12.16_13.40.04.csv,train/static_B_2019.12.16_13.40.04.csv#block-005@time-1826.000s,block-005,1826.000,41.8342,41.83,41.83,0.0000,0.6074,1.457509
362,loot,driving_B_2020.02.13_15.02.01.csv,train/driving_B_2020.02.13_15.02.01.csv#block-000@time-2460.000s,block-000,2460.000,54.6768,54.68,54.68,0.0000,0.6064,1.440026
363,redandblack,static_B_2020.02.27_18.39.27.csv,train/static_B_2020.02.27_18.39.27.csv#block-001@time-5112.000s,block-001,5112.000,32.8709,32.87,32.87,0.0000,0.6053,1.483957
364,soldier,static_B_2019.12.16_13.40.04.csv,train/static_B_2019.12.16_13.40.04.csv#block-005@time-1946.000s,block-005,1946.000,43.9216,43.92,43.92,0.0000,0.6042,1.594624
365,longdress,driving_B_2020.01.16_07.26.43.csv,train/driving_B_2020.01.16_07.26.43.csv#block-000@time-60.000s,block-000,60.000,-38.3103,-38.31,-38.31,0.0000,0.6031,1.564899
366,loot,static_B_2020.02.14_13.21.26.csv,train/static_B_2020.02.14_13.21.26.csv#block-000@time-0.000s,block-000,0.000,21.4893,21.49,21.49,0.0000,0.6020,1.462731
367,redandblack,static_B_2020.02.27_18.39.27.csv,train/static_B_2020.02.27_18.39.27.csv#block-001@time-6492.000s,block-001,6492.000,31.4321,31.43,31.43,0.0000,0.6009,1.454890
368,soldier,driving_B_2020.01.16_07.26.43.csv,train/driving_B_2020.01.16_07.26.43.csv#block-000@time-960.000s,block-000,960.000,-108.3883,-108.39,-108.39,0.0000,0.5998,1.356496
369,longdress,driving_B_2019.12.16_12.27.05.csv,train/driving_B_2019.12.16_12.27.05.csv#block-000@time-480.000s,block-000,480.000,-95.8497,-95.85,-95.85,0.0000,0.5987,1.532198
370,loot,driving_B_2020.02.27_17.30.15.csv,train/driving_B_2020.02.27_17.30.15.csv#block-002@time-353.000s,block-002,353.000,-109.5471,-109.55,-109.55,0.0000,0.5977,1.460240
371,redandblack,driving_B_2020.02.14_09.38.22.csv,train/driving_B_2020.02.14_09.38.22.csv#block-000@time-1140.000s,block-000,1140.000,-47.9606,-47.96,-47.96,0.0000,0.5966,1.567348
372,soldier,driving_B_2020.02.27_17.30.15.csv,train/driving_B_2020.02.27_17.30.15.csv#block-002@time-293.000s,block-002,293.000,-336.8998,-336.90,-336.90,0.0000,0.5955,1.566686
373,longdress,driving_B_2020.01.16_09.56.56.csv,train/driving_B_2020.01.16_09.56.56.csv#block-001@time-1419.000s,block-001,1419.000,26.0638,26.06,26.06,0.0000,0.5944,1.578239
374,loot,static_B_2020.02.14_13.21.26.csv,train/static_B_2020.02.14_13.21.26.csv#block-000@time-180.000s,block-000,180.000,47.9713,47.97,47.97,0.0000,0.5933,1.509446
375,redandblack,driving_B_2019.12.17_07.32.39.csv,train/driving_B_2019.12.17_07.32.39.csv#block-000@time-1440.000s,block-000,1440.000,52.6930,52.69,52.69,1.0399,0.5922,1.541499
376,soldier,static_B_2019.12.16_13.40.04.csv,train/static_B_2019.12.16_13.40.04.csv#block-001@time-655.000s,block-001,655.000,29.4641,29.46,29.46,0.0000,0.5911,1.412143
377,longdress,driving_B_2020.02.27_17.30.15.csv,train/driving_B_2020.02.27_17.30.15.csv#block-002@time-413.000s,block-002,413.000,-233.1587,-233.16,-233.16,0.0000,0.5900,1.548921
378,loot,driving_B_2019.12.16_12.27.05.csv,train/driving_B_2019.12.16_12.27.05.csv#block-000@time-480.000s,block-000,480.000,-54.7293,-54.73,-54.73,0.0000,0.5890,1.615207
379,redandblack,static_B_2020.02.27_18.39.27.csv,train/static_B_2020.02.27_18.39.27.csv#block-001@time-2832.000s,block-001,2832.000,38.3848,38.38,38.38,0.0000,0.5879,1.642504
380,soldier,driving_B_2020.01.16_09.56.56.csv,train/driving_B_2020.01.16_09.56.56.csv#block-001@time-879.000s,block-001,879.000,27.1274,27.13,27.13,0.0000,0.5868,1.551803
381,longdress,driving_B_2020.02.27_17.30.15.csv,train/driving_B_2020.02.27_17.30.15.csv#block-002@time-353.000s,block-002,353.000,-209.9595,-209.96,-209.96,0.0000,0.5857,1.511246
382,loot,driving_B_2019.12.16_12.27.05.csv,train/driving_B_2019.12.16_12.27.05.csv#block-000@time-1140.000s,block-000,1140.000,33.1154,33.12,33.12,0.0000,0.5846,1.564832
383,redandblack,driving_B_2020.02.14_09.38.22.csv,train/driving_B_2020.02.14_09.38.22.csv#block-000@time-1080.000s,block-000,1080.000,54.7724,54.77,54.77,0.7827,0.5835,1.601294
384,soldier,static_B_2020.02.14_13.21.26.csv,train/static_B_2020.02.14_13.21.26.csv#block-000@time-780.000s,block-000,780.000,48.7199,48.72,48.72,0.0000,0.5824,1.600368
385,longdress,driving_B_2019.12.16_12.27.05.csv,train/driving_B_2019.12.16_12.27.05.csv#block-000@time-1260.000s,block-000,1260.000,50.7384,50.74,50.74,0.1350,0.5813,1.560612
386,loot,driving_B_2020.01.16_09.56.56.csv,train/driving_B_2020.01.16_09.56.56.csv#block-001@time-1119.000s,block-001,1119.000,63.0459,63.05,63.05,0.8151,0.5803,1.562546
387,redandblack,driving_B_2020.02.13_15.02.01.csv,train/driving_B_2020.02.13_15.02.01.csv#block-000@time-2880.000s,block-000,2880.000,42.8180,42.82,42.82,0.0000,0.5792,1.529113
388,soldier,driving_B_2020.02.27_17.30.15.csv,train/driving_B_2020.02.27_17.30.15.csv#block-002@time-533.000s,block-002,533.000,-201.1141,-201.11,-201.11,0.0000,0.5781,1.584677
389,longdress,driving_B_2020.01.16_12.10.03.csv,train/driving_B_2020.01.16_12.10.03.csv#block-000@time-360.000s,block-000,360.000,37.2911,37.29,37.29,0.0000,0.5770,1.475566
390,loot,driving_B_2020.02.14_12.58.17.csv,train/driving_B_2020.02.14_12.58.17.csv#block-002@time-536.000s,block-002,536.000,-213.4170,-213.42,-213.42,0.0000,0.5759,1.487671
391,redandblack,driving_B_2020.02.27_17.30.15.csv,train/driving_B_2020.02.27_17.30.15.csv#block-002@time-293.000s,block-002,293.000,-243.4597,-243.46,-243.46,0.0000,0.5748,1.612471
392,soldier,driving_B_2020.02.13_13.03.24.csv,train/driving_B_2020.02.13_13.03.24.csv#block-007@time-2290.000s,block-007,2290.000,-314.2213,-314.22,-314.22,0.0000,0.5737,1.633500
393,longdress,static_B_2019.12.16_13.40.04.csv,train/static_B_2019.12.16_13.40.04.csv#block-001@time-1135.000s,block-001,1135.000,-5.0343,-5.03,-5.03,0.0000,0.5726,1.515455
394,loot,driving_B_2020.02.13_13.03.24.csv,train/driving_B_2020.02.13_13.03.24.csv#block-000@time-360.000s,block-000,360.000,-13.3435,-13.34,-13.34,0.0000,0.5716,1.520890
395,redandblack,static_B_2020.02.27_18.39.27.csv,train/static_B_2020.02.27_18.39.27.csv#block-001@time-3132.000s,block-001,3132.000,49.8967,49.90,49.90,0.0000,0.5705,1.557923
396,soldier,static_B_2020.02.27_18.39.27.csv,train/static_B_2020.02.27_18.39.27.csv#block-001@time-312.000s,block-001,312.000,41.9706,41.97,41.97,0.0000,0.5694,1.601508
397,longdress,driving_B_2020.01.16_12.10.03.csv,train/driving_B_2020.01.16_12.10.03.csv#block-000@time-360.000s,block-000,360.000,40.4928,40.49,40.49,0.0000,0.5683,1.471289
398,loot,driving_B_2019.12.17_07.32.39.csv,train/driving_B_2019.12.17_07.32.39.csv#block-003@time-1534.000s,block-003,1534.000,31.7914,31.79,31.79,0.0000,0.5672,1.509057
399,redandblack,driving_B_2019.12.16_12.27.05.csv,train/driving_B_2019.12.16_12.27.05.csv#block-000@time-1200.000s,block-000,1200.000,-17.6600,-17.66,-17.66,0.0000,0.5661,1.588476
400,soldier,static_B_2020.02.14_13.21.26.csv,train/static_B_2020.02.14_13.21.26.csv#block-000@time-420.000s,block-000,420.000,44.0884,44.09,44.09,0.0000,0.5650,1.581746
401,longdress,driving_B_2020.02.13_13.03.24.csv,train/driving_B_2020.02.13_13.03.24.csv#block-000@time-120.000s,block-000,120.000,-52.5019,-52.50,-52.50,0.0000,0.5639,1.462727
402,loot,driving_B_2020.02.14_09.38.22.csv,train/driving_B_2020.02.14_09.38.22.csv#block-000@time-1200.000s,block-000,1200.000,-60.8638,-60.86,-60.86,0.0000,0.5629,1.540753
403,redandblack,driving_B_2019.12.16_12.27.05.csv,train/driving_B_2019.12.16_12.27.05.csv#block-000@time-420.000s,block-000,420.000,-172.6139,-172.61,-172.61,0.0000,0.5618,1.657149
404,soldier,driving_B_2020.02.14_09.38.22.csv,train/driving_B_2020.02.14_09.38.22.csv#block-000@time-420.000s,block-000,420.000,-119.8258,-119.83,-119.83,0.0000,0.5607,1.536542
405,longdress,static_B_2019.12.16_13.40.04.csv,train/static_B_2019.12.16_13.40.04.csv#block-000@time-180.000s,block-000,180.000,49.8922,49.89,49.89,0.0000,0.5596,1.631567
406,loot,driving_B_2019.12.16_12.27.05.csv,train/driving_B_2019.12.16_12.27.05.csv#block-000@time-360.000s,block-000,360.000,-15.8287,-15.83,-15.83,0.0000,0.5585,1.687102
407,redandblack,static_B_2020.02.27_18.39.27.csv,train/static_B_2020.02.27_18.39.27.csv#block-001@time-4632.000s,block-001,4632.000,57.6763,57.68,57.68,0.0000,0.5574,1.591471
408,soldier,driving_B_2020.01.16_09.56.56.csv,train/driving_B_2020.01.16_09.56.56.csv#block-001@time-999.000s,block-001,999.000,-58.3879,-58.39,-58.39,0.0000,0.5563,1.687798
409,longdress,driving_B_2020.02.13_13.03.24.csv,train/driving_B_2020.02.13_13.03.24.csv#block-001@time-1034.000s,block-001,1034.000,-155.4356,-155.44,-155.44,0.0000,0.5552,1.584698
410,loot,driving_B_2020.02.14_12.58.17.csv,train/driving_B_2020.02.14_12.58.17.csv#block-002@time-656.000s,block-002,656.000,18.2405,18.24,18.24,0.0000,0.5542,1.543334
411,redandblack,driving_B_2020.01.16_09.56.56.csv,train/driving_B_2020.01.16_09.56.56.csv#block-001@time-1479.000s,block-001,1479.000,18.8512,18.85,18.85,0.0000,0.5531,1.487731
412,soldier,driving_B_2020.01.16_12.10.03.csv,train/driving_B_2020.01.16_12.10.03.csv#block-000@time-120.000s,block-000,120.000,50.7603,50.76,50.76,0.0000,0.5520,1.689552
413,longdress,driving_B_2020.02.14_12.58.17.csv,train/driving_B_2020.02.14_12.58.17.csv#block-000@time-0.000s,block-000,0.000,-11.5812,-11.58,-11.58,0.0000,0.5509,1.494392
414,loot,static_B_2020.02.27_18.39.27.csv,train/static_B_2020.02.27_18.39.27.csv#block-001@time-1512.000s,block-001,1512.000,60.1605,60.16,60.16,0.0000,0.5498,1.715616
415,redandblack,driving_B_2020.02.14_12.58.17.csv,train/driving_B_2020.02.14_12.58.17.csv#block-002@time-656.000s,block-002,656.000,8.5813,8.58,8.58,0.0000,0.5487,1.579448
416,soldier,driving_B_2020.02.14_12.58.17.csv,train/driving_B_2020.02.14_12.58.17.csv#block-002@time-716.000s,block-002,716.000,-12.9923,-12.99,-12.99,0.0000,0.5476,1.616133
417,loot,driving_B_2020.02.27_17.30.15.csv,train/driving_B_2020.02.27_17.30.15.csv#block-002@time-353.000s,block-002,353.000,-144.6209,-144.62,-144.62,0.0000,0.5465,1.631003
418,redandblack,driving_B_2020.02.27_17.30.15.csv,train/driving_B_2020.02.27_17.30.15.csv#block-002@time-293.000s,block-002,293.000,-281.2094,-281.21,-281.21,0.0000,0.5455,1.499426
419,soldier,driving_B_2019.12.16_12.27.05.csv,train/driving_B_2019.12.16_12.27.05.csv#block-000@time-1200.000s,block-000,1200.000,-21.4030,-21.40,-21.40,0.0000,0.5444,1.492905
420,longdress,driving_B_2020.01.16_07.26.43.csv,train/driving_B_2020.01.16_07.26.43.csv#block-000@time-300.000s,block-000,300.000,-8.5730,-8.57,-8.57,0.0000,0.5433,1.568751
421,loot,driving_B_2020.02.13_13.03.24.csv,train/driving_B_2020.02.13_13.03.24.csv#block-001@time-1814.000s,block-001,1814.000,-66.8887,-66.89,-66.89,0.0000,0.5422,1.551442
422,redandblack,static_B_2020.02.14_13.21.26.csv,train/static_B_2020.02.14_13.21.26.csv#block-000@time-780.000s,block-000,780.000,43.6198,43.62,43.62,0.1833,0.5411,1.641553
423,soldier,driving_B_2020.02.14_09.38.22.csv,train/driving_B_2020.02.14_09.38.22.csv#block-000@time-540.000s,block-000,540.000,-83.8255,-83.83,-83.83,0.0000,0.5400,1.590360
424,longdress,driving_B_2020.02.14_09.38.22.csv,train/driving_B_2020.02.14_09.38.22.csv#block-000@time-1380.000s,block-000,1380.000,12.1228,12.12,12.12,0.0000,0.5389,1.512756
425,loot,static_B_2020.02.14_13.21.26.csv,train/static_B_2020.02.14_13.21.26.csv#block-000@time-900.000s,block-000,900.000,53.1266,53.13,53.13,0.0000,0.5379,1.470735
426,redandblack,driving_B_2019.12.16_12.27.05.csv,train/driving_B_2019.12.16_12.27.05.csv#block-000@time-240.000s,block-000,240.000,-11.2560,-11.26,-11.26,0.0000,0.5368,1.627044
427,soldier,driving_B_2020.01.16_09.56.56.csv,train/driving_B_2020.01.16_09.56.56.csv#block-001@time-1479.000s,block-001,1479.000,17.9587,17.96,17.96,0.0000,0.5357,1.716014
428,longdress,static_B_2020.02.14_13.21.26.csv,train/static_B_2020.02.14_13.21.26.csv#block-000@time-480.000s,block-000,480.000,52.2089,52.21,52.21,0.0000,0.5346,1.557921
429,loot,static_B_2019.12.16_13.40.04.csv,train/static_B_2019.12.16_13.40.04.csv#block-000@time-120.000s,block-000,120.000,57.1801,57.18,57.18,0.0000,0.5335,1.635075
430,redandblack,driving_B_2020.01.16_12.10.03.csv,train/driving_B_2020.01.16_12.10.03.csv#block-000@time-180.000s,block-000,180.000,57.9734,57.97,57.97,0.0000,0.5324,1.481259
431,soldier,driving_B_2020.01.16_07.26.43.csv,train/driving_B_2020.01.16_07.26.43.csv#block-000@time-1560.000s,block-000,1560.000,-133.9718,-133.97,-133.97,0.0000,0.5313,1.472454
432,longdress,driving_B_2019.12.16_12.27.05.csv,train/driving_B_2019.12.16_12.27.05.csv#block-000@time-600.000s,block-000,600.000,-150.1844,-150.18,-150.18,0.0000,0.5302,1.656865
433,loot,driving_B_2020.02.13_13.03.24.csv,train/driving_B_2020.02.13_13.03.24.csv#block-001@time-1574.000s,block-001,1574.000,14.6218,14.62,14.62,0.0000,0.5292,1.599890
434,redandblack,driving_B_2020.02.14_09.38.22.csv,train/driving_B_2020.02.14_09.38.22.csv#block-000@time-300.000s,block-000,300.000,-136.6952,-136.70,-136.70,0.0000,0.5281,1.622544
435,soldier,driving_B_2020.02.13_15.02.01.csv,train/driving_B_2020.02.13_15.02.01.csv#block-000@time-1020.000s,block-000,1020.000,47.3794,47.38,47.38,0.3609,0.5270,1.652803
436,longdress,driving_B_2020.01.16_12.10.03.csv,train/driving_B_2020.01.16_12.10.03.csv#block-000@time-300.000s,block-000,300.000,9.6375,9.64,9.64,0.0000,0.5259,1.659508
437,loot,driving_B_2020.02.14_09.38.22.csv,train/driving_B_2020.02.14_09.38.22.csv#block-000@time-840.000s,block-000,840.000,-25.7042,-25.70,-25.70,0.0000,0.5248,1.710580
438,redandblack,static_B_2020.02.14_13.21.26.csv,train/static_B_2020.02.14_13.21.26.csv#block-000@time-120.000s,block-000,120.000,53.3686,53.37,53.37,0.9601,0.5237,1.590635
439,soldier,static_B_2019.12.16_13.40.04.csv,train/static_B_2019.12.16_13.40.04.csv#block-001@time-1075.000s,block-001,1075.000,20.6486,20.65,20.65,0.0000,0.5226,1.549659
440,longdress,static_B_2019.12.16_13.40.04.csv,train/static_B_2019.12.16_13.40.04.csv#block-001@time-775.000s,block-001,775.000,54.1838,54.18,54.18,0.0000,0.5215,1.602999
441,loot,driving_B_2019.12.17_07.32.39.csv,train/driving_B_2019.12.17_07.32.39.csv#block-003@time-2074.000s,block-003,2074.000,18.7532,18.75,18.75,0.0000,0.5205,1.579579
442,redandblack,driving_B_2020.01.16_12.10.03.csv,train/driving_B_2020.01.16_12.10.03.csv#block-000@time-240.000s,block-000,240.000,55.6022,55.60,55.60,0.7891,0.5194,1.581208
443,soldier,driving_B_2020.02.14_09.38.22.csv,train/driving_B_2020.02.14_09.38.22.csv#block-000@time-240.000s,block-000,240.000,-147.2479,-147.25,-147.25,0.0000,0.5183,1.647856
444,longdress,driving_B_2019.12.17_07.32.39.csv,train/driving_B_2019.12.17_07.32.39.csv#block-003@time-1774.000s,block-003,1774.000,22.6442,22.64,22.64,0.0000,0.5172,1.517863
445,loot,driving_B_2019.12.17_07.32.39.csv,train/driving_B_2019.12.17_07.32.39.csv#block-003@time-1654.000s,block-003,1654.000,-35.7192,-35.72,-35.72,0.0000,0.5161,1.674728
446,redandblack,driving_B_2020.02.27_17.30.15.csv,train/driving_B_2020.02.27_17.30.15.csv#block-002@time-473.000s,block-002,473.000,-397.9184,-397.92,-397.92,0.0000,0.5150,1.562452
447,soldier,driving_B_2019.12.16_12.27.05.csv,train/driving_B_2019.12.16_12.27.05.csv#block-000@time-0.000s,block-000,0.000,-0.0668,-0.07,-0.07,0.0000,0.5139,1.515377
448,longdress,static_B_2020.02.27_18.39.27.csv,train/static_B_2020.02.27_18.39.27.csv#block-001@time-4512.000s,block-001,4512.000,67.9240,67.92,67.92,0.0677,0.5128,1.537522
449,loot,driving_B_2020.02.14_09.38.22.csv,train/driving_B_2020.02.14_09.38.22.csv#block-000@time-1560.000s,block-000,1560.000,10.7458,10.75,10.75,0.0000,0.5118,1.700471
450,redandblack,driving_B_2020.01.16_07.26.43.csv,train/driving_B_2020.01.16_07.26.43.csv#block-000@time-1440.000s,block-000,1440.000,17.0931,17.09,17.09,0.0000,0.5107,1.551994
451,soldier,static_B_2020.02.14_13.21.26.csv,train/static_B_2020.02.14_13.21.26.csv#block-000@time-720.000s,block-000,720.000,51.2468,51.25,51.25,0.0000,0.5096,1.717082
452,longdress,driving_B_2020.02.13_13.03.24.csv,train/driving_B_2020.02.13_13.03.24.csv#block-001@time-1934.000s,block-001,1934.000,15.9797,15.98,15.98,0.0000,0.5085,1.767164
453,loot,driving_B_2019.12.16_12.27.05.csv,train/driving_B_2019.12.16_12.27.05.csv#block-000@time-660.000s,block-000,660.000,-179.8302,-179.83,-179.83,0.0000,0.5074,1.886289
454,redandblack,driving_B_2020.02.13_13.03.24.csv,train/driving_B_2020.02.13_13.03.24.csv#block-000@time-180.000s,block-000,180.000,-63.8506,-63.85,-63.85,0.0000,0.5063,1.714234
455,soldier,driving_B_2020.02.14_12.58.17.csv,train/driving_B_2020.02.14_12.58.17.csv#block-002@time-716.000s,block-002,716.000,-49.1613,-49.16,-49.16,0.0000,0.5052,1.788428
456,longdress,driving_B_2020.01.16_09.56.56.csv,train/driving_B_2020.01.16_09.56.56.csv#block-001@time-699.000s,block-001,699.000,54.3705,54.37,54.37,0.8711,0.5041,1.696541
457,loot,driving_B_2020.02.14_12.58.17.csv,train/driving_B_2020.02.14_12.58.17.csv#block-002@time-596.000s,block-002,596.000,-30.4228,-30.42,-30.42,0.0000,0.5031,1.739167
458,redandblack,driving_B_2020.02.14_09.38.22.csv,train/driving_B_2020.02.14_09.38.22.csv#block-000@time-360.000s,block-000,360.000,-66.3616,-66.36,-66.36,0.0000,0.5020,1.820703
459,soldier,driving_B_2019.12.16_12.27.05.csv,train/driving_B_2019.12.16_12.27.05.csv#block-000@time-480.000s,block-000,480.000,-91.4104,-91.41,-91.41,0.0000,0.5009,1.664499
460,longdress,driving_B_2020.01.16_09.56.56.csv,train/driving_B_2020.01.16_09.56.56.csv#block-001@time-999.000s,block-001,999.000,-54.2886,-54.29,-54.29,0.0000,0.4998,1.696029
461,loot,driving_B_2020.02.27_17.30.15.csv,train/driving_B_2020.02.27_17.30.15.csv#block-002@time-353.000s,block-002,353.000,-90.5204,-90.52,-90.52,0.0000,0.4987,1.730928
462,redandblack,static_B_2020.02.27_18.39.27.csv,train/static_B_2020.02.27_18.39.27.csv#block-001@time-2592.000s,block-001,2592.000,52.7671,52.77,52.77,0.0000,0.4976,1.731911
463,soldier,static_B_2020.02.14_13.21.26.csv,train/static_B_2020.02.14_13.21.26.csv#block-000@time-960.000s,block-000,960.000,12.2300,12.23,12.23,0.0000,0.4965,1.667437
464,longdress,driving_B_2020.02.14_12.58.17.csv,train/driving_B_2020.02.14_12.58.17.csv#block-002@time-716.000s,block-002,716.000,-40.8627,-40.86,-40.86,0.0000,0.4954,1.633643
465,loot,driving_B_2020.02.13_15.02.01.csv,train/driving_B_2020.02.13_15.02.01.csv#block-000@time-2940.000s,block-000,2940.000,-31.6605,-31.66,-31.66,0.0000,0.4944,1.708177
466,redandblack,driving_B_2020.02.14_09.38.22.csv,train/driving_B_2020.02.14_09.38.22.csv#block-000@time-1320.000s,block-000,1320.000,-89.6902,-89.69,-89.69,0.0000,0.4933,1.724686
467,soldier,driving_B_2020.02.13_13.03.24.csv,train/driving_B_2020.02.13_13.03.24.csv#block-000@time-300.000s,block-000,300.000,-25.3141,-25.31,-25.31,0.0000,0.4922,1.786380
468,longdress,static_B_2020.02.14_13.21.26.csv,train/static_B_2020.02.14_13.21.26.csv#block-000@time-360.000s,block-000,360.000,42.6027,42.60,42.60,0.0000,0.4911,1.680761
469,loot,driving_B_2020.02.13_15.02.01.csv,train/driving_B_2020.02.13_15.02.01.csv#block-000@time-2100.000s,block-000,2100.000,-14.9594,-14.96,-14.96,0.0000,0.4900,1.924198
470,redandblack,driving_B_2020.02.14_12.58.17.csv,train/driving_B_2020.02.14_12.58.17.csv#block-002@time-596.000s,block-002,596.000,-31.1669,-31.17,-31.17,0.0000,0.4889,1.778153
471,soldier,driving_B_2020.02.14_09.38.22.csv,train/driving_B_2020.02.14_09.38.22.csv#block-000@time-780.000s,block-000,780.000,54.8969,54.90,54.90,0.0000,0.4878,1.613734
472,longdress,static_B_2019.12.16_13.40.04.csv,train/static_B_2019.12.16_13.40.04.csv#block-005@time-1526.000s,block-005,1526.000,34.2544,34.25,34.25,0.0000,0.4867,1.655742
473,loot,driving_B_2020.01.16_07.26.43.csv,train/driving_B_2020.01.16_07.26.43.csv#block-000@time-1380.000s,block-000,1380.000,-17.5519,-17.55,-17.55,0.0000,0.4857,1.686136
474,redandblack,static_B_2020.02.27_18.39.27.csv,train/static_B_2020.02.27_18.39.27.csv#block-001@time-2712.000s,block-001,2712.000,-137.2489,-137.25,-137.25,0.3470,0.4846,1.695396
475,soldier,driving_B_2020.01.16_07.26.43.csv,train/driving_B_2020.01.16_07.26.43.csv#block-000@time-900.000s,block-000,900.000,8.7475,8.75,8.75,0.0000,0.4835,1.734556
476,longdress,static_B_2020.02.14_13.21.26.csv,train/static_B_2020.02.14_13.21.26.csv#block-000@time-960.000s,block-000,960.000,6.6057,6.61,6.61,0.0000,0.4824,1.698447
477,loot,driving_B_2020.02.14_09.38.22.csv,train/driving_B_2020.02.14_09.38.22.csv#block-000@time-300.000s,block-000,300.000,-126.5597,-126.56,-126.56,0.0000,0.4813,1.667362
478,redandblack,driving_B_2019.12.16_12.27.05.csv,train/driving_B_2019.12.16_12.27.05.csv#block-000@time-120.000s,block-000,120.000,-31.3095,-31.31,-31.31,0.0000,0.4802,1.789364
479,soldier,driving_B_2020.02.14_09.38.22.csv,train/driving_B_2020.02.14_09.38.22.csv#block-000@time-120.000s,block-000,120.000,-137.1559,-137.16,-137.16,0.0000,0.4791,1.713492
480,longdress,driving_B_2020.02.14_12.58.17.csv,train/driving_B_2020.02.14_12.58.17.csv#block-000@time-0.000s,block-000,0.000,-43.6936,-43.69,-43.69,0.0000,0.4780,1.641779
481,loot,static_B_2019.12.16_13.40.04.csv,train/static_B_2019.12.16_13.40.04.csv#block-000@time-180.000s,block-000,180.000,42.4841,42.48,42.48,0.0000,0.4770,1.672772
482,redandblack,driving_B_2020.01.16_12.10.03.csv,train/driving_B_2020.01.16_12.10.03.csv#block-000@time-180.000s,block-000,180.000,64.2639,64.26,64.26,0.0000,0.4759,1.655035
483,soldier,static_B_2020.02.27_18.39.27.csv,train/static_B_2020.02.27_18.39.27.csv#block-001@time-3612.000s,block-001,3612.000,-298.8312,-298.83,-298.83,0.0000,0.4748,1.589820
484,longdress,static_B_2020.02.27_18.39.27.csv,train/static_B_2020.02.27_18.39.27.csv#block-001@time-5172.000s,block-001,5172.000,26.4022,26.40,26.40,0.0000,0.4737,1.884120
485,loot,driving_B_2019.12.17_07.32.39.csv,train/driving_B_2019.12.17_07.32.39.csv#block-000@time-780.000s,block-000,780.000,6.8087,6.81,6.81,0.0000,0.4726,1.889898
486,redandblack,driving_B_2019.12.16_12.27.05.csv,train/driving_B_2019.12.16_12.27.05.csv#block-000@time-120.000s,block-000,120.000,5.9976,6.00,6.00,0.0000,0.4715,1.729654
487,soldier,static_B_2020.02.14_13.21.26.csv,train/static_B_2020.02.14_13.21.26.csv#block-000@time-420.000s,block-000,420.000,53.1316,53.13,53.13,0.0000,0.4704,1.827617
488,longdress,driving_B_2020.01.16_09.56.56.csv,train/driving_B_2020.01.16_09.56.56.csv#block-001@time-819.000s,block-001,819.000,39.4577,39.46,39.46,0.0000,0.4693,1.830601
489,loot,static_B_2019.12.16_13.40.04.csv,train/static_B_2019.12.16_13.40.04.csv#block-005@time-1826.000s,block-005,1826.000,65.5485,65.55,65.55,0.0000,0.4683,1.793701
490,redandblack,driving_B_2020.01.16_12.10.03.csv,train/driving_B_2020.01.16_12.10.03.csv#block-000@time-60.000s,block-000,60.000,46.3028,46.30,46.30,0.0000,0.4672,1.831046
491,soldier,driving_B_2020.02.27_17.30.15.csv,train/driving_B_2020.02.27_17.30.15.csv#block-002@time-353.000s,block-002,353.000,-168.2093,-168.21,-168.21,0.0000,0.4661,1.588772
492,longdress,driving_B_2020.02.13_15.02.01.csv,train/driving_B_2020.02.13_15.02.01.csv#block-000@time-1860.000s,block-000,1860.000,-71.3345,-71.33,-71.33,0.0000,0.4650,1.745481
493,loot,driving_B_2019.12.16_12.27.05.csv,train/driving_B_2019.12.16_12.27.05.csv#block-000@time-240.000s,block-000,240.000,12.1282,12.13,12.13,0.0000,0.4639,1.906198
494,redandblack,static_B_2020.02.27_18.39.27.csv,train/static_B_2020.02.27_18.39.27.csv#block-001@time-1632.000s,block-001,1632.000,63.3645,63.36,63.36,0.0000,0.4628,1.705111
495,soldier,static_B_2019.12.16_13.40.04.csv,train/static_B_2019.12.16_13.40.04.csv#block-001@time-715.000s,block-001,715.000,12.6104,12.61,12.61,0.0000,0.4617,1.696331
496,longdress,driving_B_2020.02.27_17.30.15.csv,train/driving_B_2020.02.27_17.30.15.csv#block-002@time-293.000s,block-002,293.000,-288.6456,-288.65,-288.65,0.0000,0.4606,1.679925
497,loot,static_B_2020.02.14_13.21.26.csv,train/static_B_2020.02.14_13.21.26.csv#block-000@time-120.000s,block-000,120.000,70.2656,70.27,70.27,1.0749,0.4596,1.697202
498,redandblack,driving_B_2019.12.17_07.32.39.csv,train/driving_B_2019.12.17_07.32.39.csv#block-004@time-2357.000s,block-004,2357.000,-53.9110,-53.91,-53.91,0.0000,0.4585,1.684035
499,soldier,static_B_2019.12.16_13.40.04.csv,train/static_B_2019.12.16_13.40.04.csv#block-006@time-2232.000s,block-006,2232.000,56.0367,56.04,56.04,0.0000,0.4574,1.737788
500,longdress,static_B_2020.02.14_13.21.26.csv,train/static_B_2020.02.14_13.21.26.csv#block-000@time-60.000s,block-000,60.000,48.7759,48.78,48.78,0.0000,0.4563,1.605544
501,loot,driving_B_2020.02.14_12.58.17.csv,train/driving_B_2020.02.14_12.58.17.csv#block-000@time-0.000s,block-000,0.000,4.6451,4.65,4.65,0.0000,0.4552,1.744358
502,redandblack,driving_B_2020.02.14_09.38.22.csv,train/driving_B_2020.02.14_09.38.22.csv#block-000@time-1200.000s,block-000,1200.000,-44.7021,-44.70,-44.70,0.0000,0.4541,1.807810
503,soldier,driving_B_2020.01.16_12.10.03.csv,train/driving_B_2020.01.16_12.10.03.csv#block-000@time-240.000s,block-000,240.000,47.6727,47.67,47.67,0.0000,0.4530,1.777137
504,longdress,driving_B_2020.02.14_12.58.17.csv,train/driving_B_2020.02.14_12.58.17.csv#block-002@time-716.000s,block-002,716.000,-21.8470,-21.85,-21.85,0.0000,0.4519,1.833779
505,loot,static_B_2020.02.14_13.21.26.csv,train/static_B_2020.02.14_13.21.26.csv#block-000@time-660.000s,block-000,660.000,61.6616,61.66,61.66,1.1050,0.4509,1.864456
506,redandblack,driving_B_2020.02.14_09.38.22.csv,train/driving_B_2020.02.14_09.38.22.csv#block-000@time-420.000s,block-000,420.000,-46.4434,-46.44,-46.44,0.0000,0.4498,1.836921
507,soldier,driving_B_2020.02.13_15.02.01.csv,train/driving_B_2020.02.13_15.02.01.csv#block-000@time-2160.000s,block-000,2160.000,20.5780,20.58,20.58,0.0000,0.4487,1.700115
508,longdress,driving_B_2019.12.17_07.32.39.csv,train/driving_B_2019.12.17_07.32.39.csv#block-000@time-1140.000s,block-000,1140.000,-8.4139,-8.41,-8.41,0.0000,0.4476,1.728762
509,loot,driving_B_2020.02.13_15.02.01.csv,train/driving_B_2020.02.13_15.02.01.csv#block-000@time-1980.000s,block-000,1980.000,63.4425,63.44,63.44,0.0000,0.4465,2.003412
510,redandblack,driving_B_2020.02.13_15.02.01.csv,train/driving_B_2020.02.13_15.02.01.csv#block-000@time-2820.000s,block-000,2820.000,53.7156,53.72,53.72,0.0000,0.4454,1.753183
511,soldier,driving_B_2020.01.16_12.10.03.csv,train/driving_B_2020.01.16_12.10.03.csv#block-000@time-360.000s,block-000,360.000,60.9221,60.92,60.92,0.0000,0.4443,1.853036
512,longdress,driving_B_2020.02.14_12.58.17.csv,train/driving_B_2020.02.14_12.58.17.csv#block-002@time-536.000s,block-002,536.000,-258.4612,-258.46,-258.46,0.0000,0.4432,1.833140
513,loot,driving_B_2019.12.17_07.32.39.csv,train/driving_B_2019.12.17_07.32.39.csv#block-000@time-360.000s,block-000,360.000,24.7041,24.70,24.70,0.0000,0.4422,1.903583
514,redandblack,static_B_2020.02.14_13.21.26.csv,train/static_B_2020.02.14_13.21.26.csv#block-000@time-600.000s,block-000,600.000,56.1652,56.17,56.17,1.0298,0.4411,1.879307
515,soldier,driving_B_2020.02.13_15.02.01.csv,train/driving_B_2020.02.13_15.02.01.csv#block-000@time-840.000s,block-000,840.000,-15.6786,-15.68,-15.68,0.0000,0.4400,1.782125
516,longdress,driving_B_2019.12.16_12.27.05.csv,train/driving_B_2019.12.16_12.27.05.csv#block-000@time-1020.000s,block-000,1020.000,56.1967,56.20,56.20,0.0000,0.4389,1.721212
517,loot,driving_B_2020.02.27_17.30.15.csv,train/driving_B_2020.02.27_17.30.15.csv#block-002@time-413.000s,block-002,413.000,-62.1637,-62.16,-62.16,0.0000,0.4378,1.852751
518,redandblack,driving_B_2020.02.14_12.58.17.csv,train/driving_B_2020.02.14_12.58.17.csv#block-002@time-536.000s,block-002,536.000,-218.3863,-218.39,-218.39,0.0000,0.4367,1.673127
519,soldier,driving_B_2020.02.14_12.58.17.csv,train/driving_B_2020.02.14_12.58.17.csv#block-002@time-656.000s,block-002,656.000,-7.0671,-7.07,-7.07,0.0000,0.4356,1.811002
520,longdress,driving_B_2020.02.13_15.02.01.csv,train/driving_B_2020.02.13_15.02.01.csv#block-000@time-1080.000s,block-000,1080.000,-93.6779,-93.68,-93.68,0.0000,0.4345,1.810120
521,loot,driving_B_2020.02.14_09.38.22.csv,train/driving_B_2020.02.14_09.38.22.csv#block-000@time-840.000s,block-000,840.000,-1.6308,-1.63,-1.63,0.0000,0.4335,1.555941
522,redandblack,static_B_2020.02.14_13.21.26.csv,train/static_B_2020.02.14_13.21.26.csv#block-000@time-600.000s,block-000,600.000,56.4454,56.45,56.45,1.0748,0.4324,1.746621
523,soldier,static_B_2020.02.14_13.21.26.csv,train/static_B_2020.02.14_13.21.26.csv#block-000@time-780.000s,block-000,780.000,51.8151,51.82,51.82,0.0000,0.4313,1.852063
524,longdress,driving_B_2020.01.16_12.10.03.csv,train/driving_B_2020.01.16_12.10.03.csv#block-000@time-0.000s,block-000,0.000,56.2882,56.29,56.29,0.0000,0.4302,1.900520
525,loot,driving_B_2020.02.13_13.03.24.csv,train/driving_B_2020.02.13_13.03.24.csv#block-001@time-1094.000s,block-001,1094.000,-51.4128,-51.41,-51.41,0.0000,0.4291,1.726814
526,redandblack,driving_B_2020.01.16_09.56.56.csv,train/driving_B_2020.01.16_09.56.56.csv#block-001@time-1659.000s,block-001,1659.000,55.4910,55.49,55.49,1.0079,0.4280,1.950410
527,soldier,driving_B_2020.02.13_13.03.24.csv,train/driving_B_2020.02.13_13.03.24.csv#block-001@time-1634.000s,block-001,1634.000,-35.4006,-35.40,-35.40,0.0000,0.4269,1.912634
528,longdress,driving_B_2019.12.16_12.27.05.csv,train/driving_B_2019.12.16_12.27.05.csv#block-000@time-960.000s,block-000,960.000,66.0608,66.06,66.06,0.0000,0.4258,1.889727
529,loot,driving_B_2019.12.16_12.27.05.csv,train/driving_B_2019.12.16_12.27.05.csv#block-000@time-180.000s,block-000,180.000,-23.0565,-23.06,-23.06,0.0000,0.4248,1.719028
530,redandblack,driving_B_2020.02.14_09.38.22.csv,train/driving_B_2020.02.14_09.38.22.csv#block-000@time-420.000s,block-000,420.000,-47.6236,-47.62,-47.62,0.0000,0.4237,1.752663
531,soldier,driving_B_2020.02.14_12.58.17.csv,train/driving_B_2020.02.14_12.58.17.csv#block-002@time-536.000s,block-002,536.000,-247.1702,-247.17,-247.17,0.0000,0.4226,1.901984
532,longdress,static_B_2019.12.16_13.40.04.csv,train/static_B_2019.12.16_13.40.04.csv#block-005@time-1886.000s,block-005,1886.000,36.1219,36.12,36.12,0.0000,0.4215,1.857436
533,loot,static_B_2019.12.16_13.40.04.csv,train/static_B_2019.12.16_13.40.04.csv#block-001@time-955.000s,block-001,955.000,59.8825,59.88,59.88,0.0000,0.4204,1.799737
534,redandblack,driving_B_2020.02.13_13.03.24.csv,train/driving_B_2020.02.13_13.03.24.csv#block-000@time-360.000s,block-000,360.000,2.3671,2.37,2.37,0.0000,0.4193,1.724032
535,soldier,driving_B_2019.12.17_07.32.39.csv,train/driving_B_2019.12.17_07.32.39.csv#block-004@time-2417.000s,block-004,2417.000,-7.1074,-7.11,-7.11,0.0000,0.4182,1.789143
536,longdress,driving_B_2020.01.16_09.56.56.csv,train/driving_B_2020.01.16_09.56.56.csv#block-001@time-1299.000s,block-001,1299.000,29.6219,29.62,29.62,0.0000,0.4171,1.671416
537,loot,static_B_2020.02.27_18.39.27.csv,train/static_B_2020.02.27_18.39.27.csv#block-001@time-372.000s,block-001,372.000,57.3083,57.31,57.31,0.0000,0.4161,1.784111
538,redandblack,driving_B_2020.02.14_12.58.17.csv,train/driving_B_2020.02.14_12.58.17.csv#block-002@time-656.000s,block-002,656.000,25.2558,25.26,25.26,0.0000,0.4150,1.768015
539,soldier,driving_B_2020.01.16_09.56.56.csv,train/driving_B_2020.01.16_09.56.56.csv#block-001@time-1059.000s,block-001,1059.000,-83.5899,-83.59,-83.59,0.0000,0.4139,1.849444
540,longdress,driving_B_2020.02.14_09.38.22.csv,train/driving_B_2020.02.14_09.38.22.csv#block-000@time-720.000s,block-000,720.000,62.5316,62.53,62.53,0.5622,0.4128,1.730414
541,loot,static_B_2020.02.14_13.21.26.csv,train/static_B_2020.02.14_13.21.26.csv#block-000@time-1080.000s,block-000,1080.000,61.9438,61.94,61.94,0.1685,0.4117,1.756915
542,redandblack,driving_B_2020.02.13_13.03.24.csv,train/driving_B_2020.02.13_13.03.24.csv#block-001@time-1454.000s,block-001,1454.000,-77.4148,-77.41,-77.41,0.0000,0.4106,1.748904
543,soldier,driving_B_2020.01.16_07.26.43.csv,train/driving_B_2020.01.16_07.26.43.csv#block-000@time-720.000s,block-000,720.000,-66.9162,-66.92,-66.92,0.0000,0.4095,1.771044
544,longdress,driving_B_2020.02.13_13.03.24.csv,train/driving_B_2020.02.13_13.03.24.csv#block-001@time-1274.000s,block-001,1274.000,-114.8896,-114.89,-114.89,0.0000,0.4084,1.902723
545,loot,driving_B_2020.02.13_15.02.01.csv,train/driving_B_2020.02.13_15.02.01.csv#block-000@time-2280.000s,block-000,2280.000,38.7780,38.78,38.78,0.0000,0.4074,1.967592
546,redandblack,driving_B_2020.01.16_07.26.43.csv,train/driving_B_2020.01.16_07.26.43.csv#block-000@time-360.000s,block-000,360.000,-72.0144,-72.01,-72.01,0.0000,0.4063,1.729066
547,soldier,driving_B_2019.12.17_07.32.39.csv,train/driving_B_2019.12.17_07.32.39.csv#block-000@time-1440.000s,block-000,1440.000,61.0747,61.07,61.07,0.0000,0.4052,1.869497
548,longdress,static_B_2019.12.16_13.40.04.csv,train/static_B_2019.12.16_13.40.04.csv#block-000@time-420.000s,block-000,420.000,51.8160,51.82,51.82,0.0000,0.4041,1.920580
549,loot,static_B_2020.02.27_18.39.27.csv,train/static_B_2020.02.27_18.39.27.csv#block-001@time-6552.000s,block-001,6552.000,41.5353,41.54,41.54,0.8045,0.4030,1.633276
550,redandblack,driving_B_2020.01.16_07.26.43.csv,train/driving_B_2020.01.16_07.26.43.csv#block-000@time-780.000s,block-000,780.000,-9.6598,-9.66,-9.66,0.0000,0.4019,1.774371
551,soldier,driving_B_2020.01.16_09.56.56.csv,train/driving_B_2020.01.16_09.56.56.csv#block-000@time-240.000s,block-000,240.000,11.8327,11.83,11.83,0.0000,0.4008,1.801684
552,longdress,static_B_2020.02.14_13.21.26.csv,train/static_B_2020.02.14_13.21.26.csv#block-000@time-840.000s,block-000,840.000,67.9834,67.98,67.98,0.0000,0.3997,1.942405
553,loot,driving_B_2019.12.16_12.27.05.csv,train/driving_B_2019.12.16_12.27.05.csv#block-000@time-300.000s,block-000,300.000,-2.5000,-2.50,-2.50,0.0000,0.3987,1.870042
554,redandblack,driving_B_2020.02.13_13.03.24.csv,train/driving_B_2020.02.13_13.03.24.csv#block-001@time-1514.000s,block-001,1514.000,-82.1090,-82.11,-82.11,0.0000,0.3976,1.893587
555,soldier,driving_B_2020.01.16_12.10.03.csv,train/driving_B_2020.01.16_12.10.03.csv#block-000@time-0.000s,block-000,0.000,53.7267,53.73,53.73,0.9743,0.3965,1.906282
556,longdress,driving_B_2020.01.16_09.56.56.csv,train/driving_B_2020.01.16_09.56.56.csv#block-000@time-120.000s,block-000,120.000,-132.3822,-132.38,-132.38,0.0000,0.3954,1.785813
557,loot,static_B_2020.02.14_13.21.26.csv,train/static_B_2020.02.14_13.21.26.csv#block-000@time-840.000s,block-000,840.000,55.2071,55.21,55.21,1.1243,0.3943,1.783534
558,redandblack,driving_B_2019.12.17_07.32.39.csv,train/driving_B_2019.12.17_07.32.39.csv#block-004@time-2477.000s,block-004,2477.000,51.6956,51.70,51.70,0.0000,0.3932,1.706209
559,soldier,static_B_2020.02.27_18.39.27.csv,train/static_B_2020.02.27_18.39.27.csv#block-001@time-4812.000s,block-001,4812.000,40.6805,40.68,40.68,0.0000,0.3921,1.954404
560,longdress,driving_B_2020.02.14_09.38.22.csv,train/driving_B_2020.02.14_09.38.22.csv#block-000@time-960.000s,block-000,960.000,33.3186,33.32,33.32,0.0000,0.3910,1.842464
561,loot,driving_B_2020.02.13_13.03.24.csv,train/driving_B_2020.02.13_13.03.24.csv#block-000@time-660.000s,block-000,660.000,-11.2889,-11.29,-11.29,0.0000,0.3900,1.810598
562,redandblack,static_B_2020.02.27_18.39.27.csv,train/static_B_2020.02.27_18.39.27.csv#block-001@time-2652.000s,block-001,2652.000,14.2401,14.24,14.24,0.0000,0.3889,1.907794
563,soldier,static_B_2020.02.27_18.39.27.csv,train/static_B_2020.02.27_18.39.27.csv#block-001@time-612.000s,block-001,612.000,-335.6976,-335.70,-335.70,0.0000,0.3878,1.873209
564,longdress,driving_B_2020.02.27_17.30.15.csv,train/driving_B_2020.02.27_17.30.15.csv#block-002@time-473.000s,block-002,473.000,-423.4620,-423.46,-423.46,0.0000,0.3867,1.868184
565,loot,driving_B_2020.02.27_17.30.15.csv,train/driving_B_2020.02.27_17.30.15.csv#block-002@time-533.000s,block-002,533.000,-113.9949,-113.99,-113.99,0.0000,0.3856,1.861121
566,redandblack,static_B_2020.02.27_18.39.27.csv,train/static_B_2020.02.27_18.39.27.csv#block-001@time-4152.000s,block-001,4152.000,57.6586,57.66,57.66,0.8533,0.3845,1.927955
567,soldier,static_B_2019.12.16_13.40.04.csv,train/static_B_2019.12.16_13.40.04.csv#block-000@time-60.000s,block-000,60.000,16.7440,16.74,16.74,0.0000,0.3834,1.723704
568,longdress,driving_B_2020.02.13_15.02.01.csv,train/driving_B_2020.02.13_15.02.01.csv#block-000@time-960.000s,block-000,960.000,57.0891,57.09,57.09,0.0000,0.3823,1.927056
569,loot,driving_B_2019.12.16_12.27.05.csv,train/driving_B_2019.12.16_12.27.05.csv#block-000@time-300.000s,block-000,300.000,-4.0320,-4.03,-4.03,0.0000,0.3813,1.756603
570,redandblack,driving_B_2019.12.17_07.32.39.csv,train/driving_B_2019.12.17_07.32.39.csv#block-000@time-900.000s,block-000,900.000,-8.3795,-8.38,-8.38,0.0000,0.3802,1.895618
571,soldier,driving_B_2020.02.13_13.03.24.csv,train/driving_B_2020.02.13_13.03.24.csv#block-000@time-60.000s,block-000,60.000,-72.2818,-72.28,-72.28,0.0000,0.3791,1.816136
572,longdress,driving_B_2020.01.16_12.10.03.csv,train/driving_B_2020.01.16_12.10.03.csv#block-000@time-60.000s,block-000,60.000,34.5755,34.58,34.58,0.0000,0.3780,1.992886
573,loot,driving_B_2020.01.16_07.26.43.csv,train/driving_B_2020.01.16_07.26.43.csv#block-000@time-1500.000s,block-000,1500.000,9.7866,9.79,9.79,0.0000,0.3769,1.881006
574,redandblack,static_B_2020.02.27_18.39.27.csv,train/static_B_2020.02.27_18.39.27.csv#block-001@time-312.000s,block-001,312.000,49.9938,49.99,49.99,0.0000,0.3758,1.886654
575,soldier,driving_B_2020.02.14_12.58.17.csv,train/driving_B_2020.02.14_12.58.17.csv#block-002@time-656.000s,block-002,656.000,-2.9553,-2.96,-2.96,0.0000,0.3747,1.772786
576,longdress,driving_B_2020.02.27_17.30.15.csv,train/driving_B_2020.02.27_17.30.15.csv#block-002@time-533.000s,block-002,533.000,-163.5862,-163.59,-163.59,0.0000,0.3736,1.801048
577,loot,driving_B_2020.02.13_13.03.24.csv,train/driving_B_2020.02.13_13.03.24.csv#block-000@time-0.000s,block-000,0.000,-11.6323,-11.63,-11.63,0.0000,0.3726,1.911869
578,redandblack,driving_B_2020.02.13_13.03.24.csv,train/driving_B_2020.02.13_13.03.24.csv#block-001@time-974.000s,block-001,974.000,-3.9471,-3.95,-3.95,0.0000,0.3715,1.923338
579,soldier,static_B_2020.02.14_13.21.26.csv,train/static_B_2020.02.14_13.21.26.csv#block-000@time-900.000s,block-000,900.000,35.2905,35.29,35.29,0.0000,0.3704,1.974646
580,longdress,driving_B_2020.02.13_13.03.24.csv,train/driving_B_2020.02.13_13.03.24.csv#block-001@time-1214.000s,block-001,1214.000,-69.4482,-69.45,-69.45,0.0000,0.3693,1.888159
581,loot,driving_B_2020.02.14_09.38.22.csv,train/driving_B_2020.02.14_09.38.22.csv#block-000@time-1320.000s,block-000,1320.000,-28.5794,-28.58,-28.58,0.0000,0.3682,1.861729
582,redandblack,driving_B_2020.02.13_13.03.24.csv,train/driving_B_2020.02.13_13.03.24.csv#block-001@time-1874.000s,block-001,1874.000,-114.4350,-114.43,-114.43,0.0000,0.3671,1.879461
583,soldier,driving_B_2020.02.14_09.38.22.csv,train/driving_B_2020.02.14_09.38.22.csv#block-000@time-0.000s,block-000,0.000,-96.9556,-96.96,-96.96,0.0000,0.3660,1.942765
584,longdress,driving_B_2020.01.16_09.56.56.csv,train/driving_B_2020.01.16_09.56.56.csv#block-001@time-1179.000s,block-001,1179.000,-36.1803,-36.18,-36.18,0.0000,0.3649,1.919767
585,loot,static_B_2020.02.27_18.39.27.csv,train/static_B_2020.02.27_18.39.27.csv#block-001@time-1872.000s,block-001,1872.000,39.1093,39.11,39.11,0.0000,0.3639,1.733620
586,redandblack,static_B_2020.02.14_13.21.26.csv,train/static_B_2020.02.14_13.21.26.csv#block-000@time-360.000s,block-000,360.000,71.9273,71.93,71.93,0.0000,0.3628,1.967515
587,soldier,static_B_2020.02.27_18.39.27.csv,train/static_B_2020.02.27_18.39.27.csv#block-001@time-6132.000s,block-001,6132.000,56.2239,56.22,56.22,0.0000,0.3617,2.037956
588,longdress,driving_B_2020.02.14_09.38.22.csv,train/driving_B_2020.02.14_09.38.22.csv#block-000@time-900.000s,block-000,900.000,-163.8780,-163.88,-163.88,0.0000,0.3606,1.886203
589,loot,driving_B_2020.01.16_12.10.03.csv,train/driving_B_2020.01.16_12.10.03.csv#block-000@time-360.000s,block-000,360.000,55.5788,55.58,55.58,0.0000,0.3595,1.898756
590,redandblack,driving_B_2020.01.16_07.26.43.csv,train/driving_B_2020.01.16_07.26.43.csv#block-000@time-420.000s,block-000,420.000,-15.9626,-15.96,-15.96,0.0000,0.3584,1.815660
591,soldier,driving_B_2020.01.16_12.10.03.csv,train/driving_B_2020.01.16_12.10.03.csv#block-000@time-240.000s,block-000,240.000,64.6300,64.63,64.63,0.0000,0.3573,1.910943
592,longdress,driving_B_2019.12.16_12.27.05.csv,train/driving_B_2019.12.16_12.27.05.csv#block-000@time-420.000s,block-000,420.000,-162.7109,-162.71,-162.71,0.0000,0.3562,1.894423
593,loot,driving_B_2020.01.16_07.26.43.csv,train/driving_B_2020.01.16_07.26.43.csv#block-000@time-0.000s,block-000,0.000,6.2227,6.22,6.22,0.0000,0.3552,1.926120
594,redandblack,static_B_2020.02.14_13.21.26.csv,train/static_B_2020.02.14_13.21.26.csv#block-000@time-660.000s,block-000,660.000,49.7495,49.75,49.75,1.1595,0.3541,1.931583
595,soldier,driving_B_2020.02.13_15.02.01.csv,train/driving_B_2020.02.13_15.02.01.csv#block-000@time-2340.000s,block-000,2340.000,10.5245,10.52,10.52,0.0000,0.3530,1.874785
596,longdress,driving_B_2020.01.16_07.26.43.csv,train/driving_B_2020.01.16_07.26.43.csv#block-000@time-840.000s,block-000,840.000,14.8860,14.89,14.89,0.0000,0.3519,1.749882
597,loot,driving_B_2019.12.16_12.27.05.csv,train/driving_B_2019.12.16_12.27.05.csv#block-000@time-360.000s,block-000,360.000,15.7983,15.80,15.80,0.0000,0.3508,1.854802
598,redandblack,driving_B_2019.12.17_07.32.39.csv,train/driving_B_2019.12.17_07.32.39.csv#block-000@time-180.000s,block-000,180.000,9.8147,9.81,9.81,0.0000,0.3497,1.885149
599,soldier,static_B_2019.12.16_13.40.04.csv,train/static_B_2019.12.16_13.40.04.csv#block-005@time-1406.000s,block-005,1406.000,27.0750,27.08,27.08,0.0000,0.3486,1.815670
600,longdress,driving_B_2020.02.27_17.30.15.csv,train/driving_B_2020.02.27_17.30.15.csv#block-002@time-473.000s,block-002,473.000,-387.8564,-387.86,-387.86,0.0000,0.3475,1.848855
601,loot,driving_B_2019.12.17_07.32.39.csv,train/driving_B_2019.12.17_07.32.39.csv#block-000@time-1320.000s,block-000,1320.000,25.4386,25.44,25.44,0.0000,0.3465,1.929523
602,redandblack,driving_B_2020.02.13_15.02.01.csv,train/driving_B_2020.02.13_15.02.01.csv#block-000@time-2880.000s,block-000,2880.000,60.0426,60.04,60.04,0.0000,0.3454,2.185010
603,soldier,driving_B_2020.01.16_09.56.56.csv,train/driving_B_2020.01.16_09.56.56.csv#block-001@time-1419.000s,block-001,1419.000,37.5173,37.52,37.52,0.0000,0.3443,2.064266
604,longdress,driving_B_2020.01.16_09.56.56.csv,train/driving_B_2020.01.16_09.56.56.csv#block-001@time-579.000s,block-001,579.000,27.8268,27.83,27.83,0.0000,0.3432,1.987893
605,loot,driving_B_2020.02.14_12.58.17.csv,train/driving_B_2020.02.14_12.58.17.csv#block-002@time-596.000s,block-002,596.000,-23.3095,-23.31,-23.31,0.0000,0.3421,1.986474
606,redandblack,driving_B_2020.02.27_17.30.15.csv,train/driving_B_2020.02.27_17.30.15.csv#block-002@time-473.000s,block-002,473.000,-369.9957,-370.00,-370.00,0.0000,0.3410,1.976651
607,soldier,driving_B_2020.02.13_15.02.01.csv,train/driving_B_2020.02.13_15.02.01.csv#block-000@time-2400.000s,block-000,2400.000,60.9506,60.95,60.95,0.0000,0.3399,1.957345
608,longdress,driving_B_2019.12.16_12.27.05.csv,train/driving_B_2019.12.16_12.27.05.csv#block-000@time-1140.000s,block-000,1140.000,21.1232,21.12,21.12,0.0000,0.3388,2.172190
609,loot,driving_B_2019.12.17_07.32.39.csv,train/driving_B_2019.12.17_07.32.39.csv#block-000@time-1080.000s,block-000,1080.000,33.0020,33.00,33.00,0.0000,0.3378,1.872232
610,redandblack,driving_B_2020.02.27_17.30.15.csv,train/driving_B_2020.02.27_17.30.15.csv#block-002@time-293.000s,block-002,293.000,-205.0726,-205.07,-205.07,0.0000,0.3367,1.887088
611,soldier,static_B_2019.12.16_13.40.04.csv,train/static_B_2019.12.16_13.40.04.csv#block-005@time-1586.000s,block-005,1586.000,-53.4667,-53.47,-53.47,0.0000,0.3356,1.862312
612,longdress,driving_B_2020.01.16_09.56.56.csv,train/driving_B_2020.01.16_09.56.56.csv#block-000@time-180.000s,block-000,180.000,25.8965,25.90,25.90,0.0000,0.3345,1.938330
613,loot,driving_B_2020.01.16_09.56.56.csv,train/driving_B_2020.01.16_09.56.56.csv#block-001@time-1059.000s,block-001,1059.000,-5.0475,-5.05,-5.05,0.0000,0.3334,1.907570
614,redandblack,driving_B_2020.01.16_09.56.56.csv,train/driving_B_2020.01.16_09.56.56.csv#block-001@time-1599.000s,block-001,1599.000,60.4660,60.47,60.47,0.0000,0.3323,1.784920
615,soldier,driving_B_2020.01.16_12.10.03.csv,train/driving_B_2020.01.16_12.10.03.csv#block-000@time-0.000s,block-000,0.000,41.7694,41.77,41.77,0.9190,0.3312,1.972928
616,longdress,static_B_2019.12.16_13.40.04.csv,train/static_B_2019.12.16_13.40.04.csv#block-005@time-1466.000s,block-005,1466.000,31.0105,31.01,31.01,0.0000,0.3301,1.967915
617,loot,driving_B_2020.02.14_09.38.22.csv,train/driving_B_2020.02.14_09.38.22.csv#block-000@time-1140.000s,block-000,1140.000,-37.3480,-37.35,-37.35,0.0000,0.3291,2.127247
618,redandblack,driving_B_2020.02.14_12.58.17.csv,train/driving_B_2020.02.14_12.58.17.csv#block-002@time-656.000s,block-002,656.000,19.2746,19.27,19.27,0.0000,0.3280,2.016164
619,soldier,driving_B_2019.12.17_07.32.39.csv,train/driving_B_2019.12.17_07.32.39.csv#block-000@time-300.000s,block-000,300.000,10.3048,10.30,10.30,0.0000,0.3269,2.098124
620,longdress,driving_B_2020.01.16_12.10.03.csv,train/driving_B_2020.01.16_12.10.03.csv#block-000@time-240.000s,block-000,240.000,53.8006,53.80,53.80,0.0000,0.3258,2.019893
621,loot,driving_B_2020.02.27_17.30.15.csv,train/driving_B_2020.02.27_17.30.15.csv#block-002@time-413.000s,block-002,413.000,-69.9658,-69.97,-69.97,0.0000,0.3247,1.916854
622,redandblack,driving_B_2019.12.17_07.32.39.csv,train/driving_B_2019.12.17_07.32.39.csv#block-004@time-2297.000s,block-004,2297.000,61.1576,61.16,61.16,0.0000,0.3236,1.865528
623,soldier,driving_B_2020.01.16_12.10.03.csv,train/driving_B_2020.01.16_12.10.03.csv#block-000@time-240.000s,block-000,240.000,57.2383,57.24,57.24,0.0000,0.3225,2.098935
624,longdress,driving_B_2020.01.16_09.56.56.csv,train/driving_B_2020.01.16_09.56.56.csv#block-001@time-1539.000s,block-001,1539.000,37.0429,37.04,37.04,0.0000,0.3214,2.071490
625,loot,driving_B_2019.12.17_07.32.39.csv,train/driving_B_2019.12.17_07.32.39.csv#block-000@time-120.000s,block-000,120.000,4.0046,4.00,4.00,0.0000,0.3204,1.926793
626,redandblack,driving_B_2020.02.13_15.02.01.csv,train/driving_B_2020.02.13_15.02.01.csv#block-000@time-2760.000s,block-000,2760.000,-126.3875,-126.39,-126.39,0.0000,0.3193,2.014881
627,soldier,driving_B_2020.02.14_12.58.17.csv,train/driving_B_2020.02.14_12.58.17.csv#block-002@time-656.000s,block-002,656.000,17.4200,17.42,17.42,0.0000,0.3182,1.904760
628,longdress,driving_B_2020.02.13_15.02.01.csv,train/driving_B_2020.02.13_15.02.01.csv#block-000@time-2460.000s,block-000,2460.000,57.2728,57.27,57.27,0.0000,0.3171,2.035663
629,loot,driving_B_2020.01.16_07.26.43.csv,train/driving_B_2020.01.16_07.26.43.csv#block-000@time-1320.000s,block-000,1320.000,10.3641,10.36,10.36,0.0000,0.3160,1.889010
630,redandblack,static_B_2020.02.27_18.39.27.csv,train/static_B_2020.02.27_18.39.27.csv#block-001@time-1992.000s,block-001,1992.000,42.4101,42.41,42.41,0.0000,0.3149,2.047525
631,soldier,driving_B_2019.12.17_07.32.39.csv,train/driving_B_2019.12.17_07.32.39.csv#block-003@time-1894.000s,block-003,1894.000,-50.7112,-50.71,-50.71,0.0000,0.3138,2.057040
632,longdress,driving_B_2020.02.13_13.03.24.csv,train/driving_B_2020.02.13_13.03.24.csv#block-000@time-120.000s,block-000,120.000,-26.4497,-26.45,-26.45,0.0000,0.3127,2.026072
633,loot,driving_B_2020.02.13_13.03.24.csv,train/driving_B_2020.02.13_13.03.24.csv#block-000@time-240.000s,block-000,240.000,5.2568,5.26,5.26,0.0000,0.3117,1.919961
634,redandblack,driving_B_2020.02.13_15.02.01.csv,train/driving_B_2020.02.13_15.02.01.csv#block-000@time-1740.000s,block-000,1740.000,-81.5232,-81.52,-81.52,0.0000,0.3106,2.055106
635,soldier,driving_B_2020.02.13_15.02.01.csv,train/driving_B_2020.02.13_15.02.01.csv#block-000@time-900.000s,block-000,900.000,-35.2061,-35.21,-35.21,0.0000,0.3095,1.922724
636,longdress,static_B_2020.02.14_13.21.26.csv,train/static_B_2020.02.14_13.21.26.csv#block-000@time-0.000s,block-000,0.000,5.0050,5.01,5.01,0.0000,0.3084,1.977375
637,loot,driving_B_2020.02.27_17.30.15.csv,train/driving_B_2020.02.27_17.30.15.csv#block-002@time-353.000s,block-002,353.000,-71.3617,-71.36,-71.36,0.0000,0.3073,2.134466
638,redandblack,driving_B_2020.02.14_12.58.17.csv,train/driving_B_2020.02.14_12.58.17.csv#block-002@time-716.000s,block-002,716.000,11.2660,11.27,11.27,0.0000,0.3062,2.114581
639,soldier,driving_B_2020.02.27_17.30.15.csv,train/driving_B_2020.02.27_17.30.15.csv#block-002@time-473.000s,block-002,473.000,-289.0477,-289.05,-289.05,0.0000,0.3051,1.982134
640,longdress,driving_B_2019.12.17_07.32.39.csv,train/driving_B_2019.12.17_07.32.39.csv#block-000@time-1200.000s,block-000,1200.000,63.0093,63.01,63.01,0.4073,0.3040,1.899461
641,loot,static_B_2020.02.27_18.39.27.csv,train/static_B_2020.02.27_18.39.27.csv#block-001@time-4572.000s,block-001,4572.000,21.8314,21.83,21.83,0.0000,0.3030,1.975778
642,redandblack,driving_B_2020.02.14_12.58.17.csv,train/driving_B_2020.02.14_12.58.17.csv#block-000@time-0.000s,block-000,0.000,15.1981,15.20,15.20,0.0000,0.3019,2.113985
643,soldier,driving_B_2020.02.13_13.03.24.csv,train/driving_B_2020.02.13_13.03.24.csv#block-001@time-1754.000s,block-001,1754.000,-22.0028,-22.00,-22.00,0.0000,0.3008,1.876686
644,longdress,static_B_2019.12.16_13.40.04.csv,train/static_B_2019.12.16_13.40.04.csv#block-000@time-360.000s,block-000,360.000,-0.2093,-0.21,-0.21,0.0000,0.2997,2.007986
645,loot,driving_B_2020.01.16_12.10.03.csv,train/driving_B_2020.01.16_12.10.03.csv#block-000@time-360.000s,block-000,360.000,65.3833,65.38,65.38,0.0000,0.2986,1.969382
646,redandblack,driving_B_2020.01.16_09.56.56.csv,train/driving_B_2020.01.16_09.56.56.csv#block-000@time-0.000s,block-000,0.000,12.0120,12.01,12.01,0.0000,0.2975,1.940593
647,soldier,driving_B_2020.02.27_17.30.15.csv,train/driving_B_2020.02.27_17.30.15.csv#block-002@time-413.000s,block-002,413.000,-47.0756,-47.08,-47.08,0.0000,0.2964,2.021292
648,longdress,static_B_2020.02.14_13.21.26.csv,train/static_B_2020.02.14_13.21.26.csv#block-000@time-1020.000s,block-000,1020.000,64.1881,64.19,64.19,0.0000,0.2953,1.996603
649,loot,driving_B_2019.12.16_12.27.05.csv,train/driving_B_2019.12.16_12.27.05.csv#block-000@time-1080.000s,block-000,1080.000,60.0541,60.05,60.05,0.0000,0.2943,2.237206
650,redandblack,driving_B_2020.02.14_12.58.17.csv,train/driving_B_2020.02.14_12.58.17.csv#block-000@time-0.000s,block-000,0.000,21.5647,21.56,21.56,0.0000,0.2932,1.988023
651,soldier,driving_B_2020.02.14_09.38.22.csv,train/driving_B_2020.02.14_09.38.22.csv#block-000@time-1500.000s,block-000,1500.000,-36.2234,-36.22,-36.22,0.0000,0.2921,1.967192
652,longdress,static_B_2019.12.16_13.40.04.csv,train/static_B_2019.12.16_13.40.04.csv#block-001@time-655.000s,block-001,655.000,55.3030,55.30,55.30,0.0000,0.2910,2.022677
653,loot,driving_B_2020.01.16_09.56.56.csv,train/driving_B_2020.01.16_09.56.56.csv#block-001@time-1119.000s,block-001,1119.000,70.9639,70.96,70.96,0.7466,0.2899,2.217274
654,redandblack,driving_B_2020.02.13_15.02.01.csv,train/driving_B_2020.02.13_15.02.01.csv#block-000@time-2220.000s,block-000,2220.000,33.1773,33.18,33.18,0.0000,0.2888,2.159328
655,soldier,driving_B_2020.02.14_12.58.17.csv,train/driving_B_2020.02.14_12.58.17.csv#block-002@time-536.000s,block-002,536.000,-237.6215,-237.62,-237.62,0.0000,0.2877,2.037925
656,longdress,driving_B_2020.02.27_17.30.15.csv,train/driving_B_2020.02.27_17.30.15.csv#block-002@time-533.000s,block-002,533.000,-139.1670,-139.17,-139.17,0.0000,0.2866,2.188948
657,loot,static_B_2020.02.27_18.39.27.csv,train/static_B_2020.02.27_18.39.27.csv#block-001@time-4752.000s,block-001,4752.000,66.9144,66.91,66.91,0.0000,0.2856,2.111602
658,redandblack,driving_B_2020.02.14_12.58.17.csv,train/driving_B_2020.02.14_12.58.17.csv#block-000@time-0.000s,block-000,0.000,14.4968,14.50,14.50,0.0000,0.2845,2.150791
659,soldier,static_B_2019.12.16_13.40.04.csv,train/static_B_2019.12.16_13.40.04.csv#block-000@time-240.000s,block-000,240.000,17.3463,17.35,17.35,0.0000,0.2834,2.041571
660,longdress,driving_B_2020.01.16_07.26.43.csv,train/driving_B_2020.01.16_07.26.43.csv#block-000@time-1740.000s,block-000,1740.000,-109.2853,-109.29,-109.29,0.0000,0.2823,2.135785
661,loot,driving_B_2020.01.16_09.56.56.csv,train/driving_B_2020.01.16_09.56.56.csv#block-001@time-1719.000s,block-001,1719.000,54.1760,54.18,54.18,0.0000,0.2812,2.170988
662,redandblack,driving_B_2019.12.17_07.32.39.csv,train/driving_B_2019.12.17_07.32.39.csv#block-000@time-600.000s,block-000,600.000,26.1061,26.11,26.11,0.0000,0.2801,2.014870
663,soldier,static_B_2020.02.27_18.39.27.csv,train/static_B_2020.02.27_18.39.27.csv#block-001@time-2472.000s,block-001,2472.000,54.4049,54.40,54.40,0.0000,0.2790,2.007243
664,longdress,static_B_2020.02.27_18.39.27.csv,train/static_B_2020.02.27_18.39.27.csv#block-001@time-5532.000s,block-001,5532.000,68.4226,68.42,68.42,0.0000,0.2779,2.017166
665,loot,driving_B_2020.01.16_12.10.03.csv,train/driving_B_2020.01.16_12.10.03.csv#block-000@time-0.000s,block-000,0.000,65.0389,65.04,65.04,1.1503,0.2769,2.086041
666,redandblack,driving_B_2019.12.16_12.27.05.csv,train/driving_B_2019.12.16_12.27.05.csv#block-000@time-60.000s,block-000,60.000,18.0815,18.08,18.08,0.0000,0.2758,2.013483
667,soldier,static_B_2020.02.27_18.39.27.csv,train/static_B_2020.02.27_18.39.27.csv#block-001@time-4032.000s,block-001,4032.000,41.7231,41.72,41.72,0.0000,0.2747,2.075630
668,longdress,driving_B_2020.02.14_12.58.17.csv,train/driving_B_2020.02.14_12.58.17.csv#block-002@time-536.000s,block-002,536.000,-173.4599,-173.46,-173.46,0.0000,0.2736,2.099435
669,loot,driving_B_2019.12.17_07.32.39.csv,train/driving_B_2019.12.17_07.32.39.csv#block-000@time-420.000s,block-000,420.000,46.0277,46.03,46.03,0.0000,0.2725,2.026957
670,redandblack,driving_B_2020.02.14_09.38.22.csv,train/driving_B_2020.02.14_09.38.22.csv#block-000@time-1260.000s,block-000,1260.000,2.9877,2.99,2.99,0.0000,0.2714,2.059562
671,soldier,driving_B_2020.01.16_07.26.43.csv,train/driving_B_2020.01.16_07.26.43.csv#block-000@time-480.000s,block-000,480.000,-90.3275,-90.33,-90.33,0.0000,0.2703,2.049002
672,longdress,driving_B_2020.02.13_15.02.01.csv,train/driving_B_2020.02.13_15.02.01.csv#block-000@time-2640.000s,block-000,2640.000,-163.0886,-163.09,-163.09,0.0000,0.2692,2.130135
673,loot,driving_B_2020.01.16_07.26.43.csv,train/driving_B_2020.01.16_07.26.43.csv#block-000@time-1860.000s,block-000,1860.000,5.7009,5.70,5.70,0.0000,0.2682,2.101373
674,redandblack,driving_B_2020.01.16_07.26.43.csv,train/driving_B_2020.01.16_07.26.43.csv#block-000@time-180.000s,block-000,180.000,-179.4685,-179.47,-179.47,0.0000,0.2671,2.017903
675,soldier,static_B_2020.02.27_18.39.27.csv,train/static_B_2020.02.27_18.39.27.csv#block-001@time-5232.000s,block-001,5232.000,29.0754,29.08,29.08,0.0000,0.2660,2.057016
676,longdress,static_B_2020.02.14_13.21.26.csv,train/static_B_2020.02.14_13.21.26.csv#block-000@time-540.000s,block-000,540.000,72.1238,72.12,72.12,0.0000,0.2649,2.198152
677,loot,driving_B_2020.01.16_12.10.03.csv,train/driving_B_2020.01.16_12.10.03.csv#block-000@time-300.000s,block-000,300.000,28.9821,28.98,28.98,0.0000,0.2638,2.112886
678,redandblack,static_B_2019.12.16_13.40.04.csv,train/static_B_2019.12.16_13.40.04.csv#block-005@time-1346.000s,block-005,1346.000,-41.8287,-41.83,-41.83,0.0000,0.2627,2.344635
679,soldier,driving_B_2020.01.16_09.56.56.csv,train/driving_B_2020.01.16_09.56.56.csv#block-001@time-939.000s,block-001,939.000,-13.3151,-13.32,-13.32,0.0000,0.2616,2.169245
680,longdress,driving_B_2020.01.16_07.26.43.csv,train/driving_B_2020.01.16_07.26.43.csv#block-000@time-1020.000s,block-000,1020.000,0.9298,0.93,0.93,0.0000,0.2605,2.083040
681,loot,driving_B_2020.01.16_07.26.43.csv,train/driving_B_2020.01.16_07.26.43.csv#block-000@time-1080.000s,block-000,1080.000,30.7444,30.74,30.74,0.0000,0.2595,2.295221
682,redandblack,driving_B_2020.02.14_12.58.17.csv,train/driving_B_2020.02.14_12.58.17.csv#block-002@time-596.000s,block-002,596.000,-15.0172,-15.02,-15.02,0.0000,0.2584,1.927924
683,soldier,driving_B_2020.01.16_09.56.56.csv,train/driving_B_2020.01.16_09.56.56.csv#block-001@time-1179.000s,block-001,1179.000,-38.4611,-38.46,-38.46,0.0000,0.2573,2.162803
684,longdress,driving_B_2019.12.17_07.32.39.csv,train/driving_B_2019.12.17_07.32.39.csv#block-000@time-720.000s,block-000,720.000,-13.7488,-13.75,-13.75,0.0000,0.2562,2.078041
685,loot,driving_B_2020.02.13_15.02.01.csv,train/driving_B_2020.02.13_15.02.01.csv#block-000@time-540.000s,block-000,540.000,14.5833,14.58,14.58,0.0000,0.2551,2.199880
686,redandblack,driving_B_2020.01.16_07.26.43.csv,train/driving_B_2020.01.16_07.26.43.csv#block-000@time-1800.000s,block-000,1800.000,13.3272,13.33,13.33,0.0000,0.2540,2.079423
687,soldier,static_B_2019.12.16_13.40.04.csv,train/static_B_2019.12.16_13.40.04.csv#block-006@time-2172.000s,block-006,2172.000,60.5890,60.59,60.59,0.6048,0.2529,2.058398
688,longdress,driving_B_2020.02.27_17.30.15.csv,train/driving_B_2020.02.27_17.30.15.csv#block-002@time-533.000s,block-002,533.000,-152.2630,-152.26,-152.26,0.0000,0.2518,2.257324
689,loot,driving_B_2020.01.16_12.10.03.csv,train/driving_B_2020.01.16_12.10.03.csv#block-000@time-300.000s,block-000,300.000,23.1459,23.15,23.15,0.0000,0.2508,2.147531
690,redandblack,driving_B_2020.02.13_13.03.24.csv,train/driving_B_2020.02.13_13.03.24.csv#block-001@time-914.000s,block-001,914.000,-152.3298,-152.33,-152.33,0.0000,0.2497,2.017979
691,soldier,driving_B_2019.12.17_07.32.39.csv,train/driving_B_2019.12.17_07.32.39.csv#block-004@time-2537.000s,block-004,2537.000,59.3545,59.35,59.35,0.0000,0.2486,2.119583
692,longdress,driving_B_2020.02.14_09.38.22.csv,train/driving_B_2020.02.14_09.38.22.csv#block-000@time-600.000s,block-000,600.000,44.0192,44.02,44.02,0.0000,0.2475,2.025803
693,loot,driving_B_2019.12.16_12.27.05.csv,train/driving_B_2019.12.16_12.27.05.csv#block-000@time-180.000s,block-000,180.000,10.7397,10.74,10.74,0.0000,0.2464,2.104765
694,redandblack,driving_B_2020.02.14_12.58.17.csv,train/driving_B_2020.02.14_12.58.17.csv#block-000@time-0.000s,block-000,0.000,15.6469,15.65,15.65,0.0000,0.2453,2.107537
695,soldier,driving_B_2020.02.13_13.03.24.csv,train/driving_B_2020.02.13_13.03.24.csv#block-000@time-420.000s,block-000,420.000,-31.7968,-31.80,-31.80,0.0000,0.2442,2.180347
696,longdress,driving_B_2020.02.27_17.30.15.csv,train/driving_B_2020.02.27_17.30.15.csv#block-002@time-533.000s,block-002,533.000,-101.6498,-101.65,-101.65,0.0000,0.2431,2.179639
697,loot,driving_B_2020.02.14_12.58.17.csv,train/driving_B_2020.02.14_12.58.17.csv#block-002@time-596.000s,block-002,596.000,18.5436,18.54,18.54,0.0000,0.2421,2.020206
698,redandblack,driving_B_2020.01.16_07.26.43.csv,train/driving_B_2020.01.16_07.26.43.csv#block-000@time-1140.000s,block-000,1140.000,46.1266,46.13,46.13,0.0000,0.2410,1.921069
699,soldier,static_B_2020.02.27_18.39.27.csv,train/static_B_2020.02.27_18.39.27.csv#block-001@time-3552.000s,block-001,3552.000,7.6175,7.62,7.62,0.0000,0.2399,2.267775
700,longdress,driving_B_2020.02.14_12.58.17.csv,train/driving_B_2020.02.14_12.58.17.csv#block-002@time-536.000s,block-002,536.000,-186.1515,-186.15,-186.15,0.0000,0.2388,1.978483
701,loot,driving_B_2019.12.17_07.32.39.csv,train/driving_B_2019.12.17_07.32.39.csv#block-000@time-240.000s,block-000,240.000,13.3215,13.32,13.32,0.0000,0.2377,2.160369
702,redandblack,static_B_2020.02.14_13.21.26.csv,train/static_B_2020.02.14_13.21.26.csv#block-000@time-240.000s,block-000,240.000,73.5327,73.53,73.53,1.1400,0.2366,2.203312
703,soldier,static_B_2019.12.16_13.40.04.csv,train/static_B_2019.12.16_13.40.04.csv#block-005@time-2006.000s,block-005,2006.000,23.2309,23.23,23.23,0.0000,0.2355,2.208833
704,longdress,driving_B_2020.01.16_09.56.56.csv,train/driving_B_2020.01.16_09.56.56.csv#block-001@time-1239.000s,block-001,1239.000,33.0874,33.09,33.09,0.0000,0.2345,2.217594
705,loot,driving_B_2020.02.13_15.02.01.csv,train/driving_B_2020.02.13_15.02.01.csv#block-000@time-480.000s,block-000,480.000,62.9250,62.93,62.93,0.0000,0.2334,2.245870
706,redandblack,driving_B_2020.02.27_17.30.15.csv,train/driving_B_2020.02.27_17.30.15.csv#block-002@time-293.000s,block-002,293.000,-191.3102,-191.31,-191.31,0.0000,0.2323,2.182094
707,soldier,driving_B_2019.12.17_07.32.39.csv,train/driving_B_2019.12.17_07.32.39.csv#block-003@time-1834.000s,block-003,1834.000,-27.5209,-27.52,-27.52,0.0000,0.2312,2.071693
708,longdress,driving_B_2020.02.27_17.30.15.csv,train/driving_B_2020.02.27_17.30.15.csv#block-002@time-293.000s,block-002,293.000,-203.8577,-203.86,-203.86,0.0000,0.2301,2.183722
709,loot,static_B_2020.02.14_13.21.26.csv,train/static_B_2020.02.14_13.21.26.csv#block-000@time-540.000s,block-000,540.000,58.4083,58.41,58.41,0.0000,0.2290,2.160344
710,redandblack,driving_B_2020.02.13_13.03.24.csv,train/driving_B_2020.02.13_13.03.24.csv#block-000@time-540.000s,block-000,540.000,18.1571,18.16,18.16,0.0000,0.2279,2.065133
711,soldier,driving_B_2020.01.16_12.10.03.csv,train/driving_B_2020.01.16_12.10.03.csv#block-000@time-120.000s,block-000,120.000,64.0405,64.04,64.04,0.0000,0.2268,2.187282
712,longdress,static_B_2020.02.27_18.39.27.csv,train/static_B_2020.02.27_18.39.27.csv#block-001@time-492.000s,block-001,492.000,36.9949,36.99,36.99,0.0000,0.2258,2.037623
713,loot,driving_B_2020.02.13_15.02.01.csv,train/driving_B_2020.02.13_15.02.01.csv#block-000@time-1500.000s,block-000,1500.000,-128.0052,-128.01,-128.01,0.0000,0.2247,2.256825
714,redandblack,driving_B_2019.12.17_07.32.39.csv,train/driving_B_2019.12.17_07.32.39.csv#block-000@time-1380.000s,block-000,1380.000,51.3033,51.30,51.30,0.0000,0.2236,2.121034
715,soldier,driving_B_2020.02.13_15.02.01.csv,train/driving_B_2020.02.13_15.02.01.csv#block-000@time-2520.000s,block-000,2520.000,-24.9181,-24.92,-24.92,0.0000,0.2225,2.226778
716,longdress,driving_B_2020.01.16_07.26.43.csv,train/driving_B_2020.01.16_07.26.43.csv#block-000@time-60.000s,block-000,60.000,18.2330,18.23,18.23,0.0000,0.2214,2.214920
717,loot,driving_B_2020.02.14_09.38.22.csv,train/driving_B_2020.02.14_09.38.22.csv#block-000@time-1440.000s,block-000,1440.000,73.7356,73.74,73.74,0.8732,0.2203,2.148430
718,redandblack,driving_B_2020.02.13_13.03.24.csv,train/driving_B_2020.02.13_13.03.24.csv#block-001@time-1394.000s,block-001,1394.000,32.8314,32.83,32.83,0.0000,0.2192,2.054694
719,soldier,driving_B_2020.02.14_09.38.22.csv,train/driving_B_2020.02.14_09.38.22.csv#block-000@time-660.000s,block-000,660.000,23.2055,23.21,23.21,0.0000,0.2181,2.036983
720,longdress,static_B_2020.02.27_18.39.27.csv,train/static_B_2020.02.27_18.39.27.csv#block-001@time-852.000s,block-001,852.000,41.2243,41.22,41.22,0.0000,0.2171,2.113608
721,loot,driving_B_2019.12.16_12.27.05.csv,train/driving_B_2019.12.16_12.27.05.csv#block-000@time-720.000s,block-000,720.000,-23.6957,-23.70,-23.70,0.0000,0.2160,2.099379
722,redandblack,driving_B_2020.01.16_09.56.56.csv,train/driving_B_2020.01.16_09.56.56.csv#block-000@time-360.000s,block-000,360.000,40.6051,40.61,40.61,0.0000,0.2149,2.082487
723,soldier,driving_B_2020.01.16_12.10.03.csv,train/driving_B_2020.01.16_12.10.03.csv#block-000@time-120.000s,block-000,120.000,54.3985,54.40,54.40,0.0000,0.2138,2.081457
724,longdress,driving_B_2020.02.13_15.02.01.csv,train/driving_B_2020.02.13_15.02.01.csv#block-000@time-360.000s,block-000,360.000,50.1947,50.19,50.19,0.0000,0.2127,2.144115
725,loot,driving_B_2020.02.14_12.58.17.csv,train/driving_B_2020.02.14_12.58.17.csv#block-000@time-0.000s,block-000,0.000,16.0375,16.04,16.04,0.0000,0.2116,2.019583
726,redandblack,driving_B_2020.02.27_17.30.15.csv,train/driving_B_2020.02.27_17.30.15.csv#block-002@time-413.000s,block-002,413.000,6.0210,6.02,6.02,0.0000,0.2105,2.180868
727,soldier,driving_B_2020.01.16_07.26.43.csv,train/driving_B_2020.01.16_07.26.43.csv#block-000@time-240.000s,block-000,240.000,-19.5384,-19.54,-19.54,0.0000,0.2094,2.268768
728,longdress,driving_B_2020.02.13_13.03.24.csv,train/driving_B_2020.02.13_13.03.24.csv#block-007@time-2290.000s,block-007,2290.000,-238.2781,-238.28,-238.28,0.0000,0.2084,2.322650
729,loot,driving_B_2020.02.13_13.03.24.csv,train/driving_B_2020.02.13_13.03.24.csv#block-000@time-480.000s,block-000,480.000,8.4597,8.46,8.46,0.0000,0.2073,2.333945
730,redandblack,static_B_2020.02.14_13.21.26.csv,train/static_B_2020.02.14_13.21.26.csv#block-000@time-0.000s,block-000,0.000,32.3283,32.33,32.33,0.0000,0.2062,2.130321
731,soldier,driving_B_2020.01.16_12.10.03.csv,train/driving_B_2020.01.16_12.10.03.csv#block-000@time-360.000s,block-000,360.000,64.6601,64.66,64.66,0.0000,0.2051,2.163630
732,longdress,driving_B_2020.01.16_12.10.03.csv,train/driving_B_2020.01.16_12.10.03.csv#block-000@time-120.000s,block-000,120.000,69.1232,69.12,69.12,0.0000,0.2040,2.206150
733,loot,driving_B_2020.02.27_17.30.15.csv,train/driving_B_2020.02.27_17.30.15.csv#block-002@time-533.000s,block-002,533.000,-100.7922,-100.79,-100.79,0.0000,0.2029,2.344536
734,redandblack,static_B_2019.12.16_13.40.04.csv,train/static_B_2019.12.16_13.40.04.csv#block-000@time-0.000s,block-000,0.000,50.3417,50.34,50.34,0.0000,0.2018,2.224650
735,soldier,driving_B_2020.02.13_13.03.24.csv,train/driving_B_2020.02.13_13.03.24.csv#block-001@time-1034.000s,block-001,1034.000,5.6627,5.66,5.66,0.0000,0.2007,2.209612
736,longdress,static_B_2019.12.16_13.40.04.csv,train/static_B_2019.12.16_13.40.04.csv#block-005@time-1706.000s,block-005,1706.000,50.6919,50.69,50.69,0.0000,0.1997,2.386531
737,loot,driving_B_2020.02.14_09.38.22.csv,train/driving_B_2020.02.14_09.38.22.csv#block-000@time-540.000s,block-000,540.000,-33.4903,-33.49,-33.49,0.0000,0.1986,2.137787
738,redandblack,static_B_2019.12.16_13.40.04.csv,train/static_B_2019.12.16_13.40.04.csv#block-000@time-300.000s,block-000,300.000,18.7467,18.75,18.75,0.0000,0.1975,2.203962
739,soldier,driving_B_2020.01.16_12.10.03.csv,train/driving_B_2020.01.16_12.10.03.csv#block-000@time-120.000s,block-000,120.000,74.6153,74.62,74.62,0.0000,0.1964,2.313658
740,longdress,driving_B_2020.01.16_07.26.43.csv,train/driving_B_2020.01.16_07.26.43.csv#block-000@time-660.000s,block-000,660.000,-3.5954,-3.60,-3.60,0.0000,0.1953,2.091443
741,loot,driving_B_2020.01.16_07.26.43.csv,train/driving_B_2020.01.16_07.26.43.csv#block-000@time-1680.000s,block-000,1680.000,1.4856,1.49,1.49,0.0000,0.1942,2.188085
742,redandblack,driving_B_2019.12.17_07.32.39.csv,train/driving_B_2019.12.17_07.32.39.csv#block-003@time-1714.000s,block-003,1714.000,-10.4087,-10.41,-10.41,0.0000,0.1931,2.312728
743,soldier,static_B_2019.12.16_13.40.04.csv,train/static_B_2019.12.16_13.40.04.csv#block-005@time-1946.000s,block-005,1946.000,51.9536,51.95,51.95,0.0000,0.1920,2.164343
744,longdress,driving_B_2020.02.13_15.02.01.csv,train/driving_B_2020.02.13_15.02.01.csv#block-000@time-1380.000s,block-000,1380.000,20.2866,20.29,20.29,0.0000,0.1910,2.078984
745,loot,driving_B_2020.01.16_07.26.43.csv,train/driving_B_2020.01.16_07.26.43.csv#block-000@time-1200.000s,block-000,1200.000,48.7237,48.72,48.72,0.0000,0.1899,2.145300
746,redandblack,driving_B_2020.01.16_12.10.03.csv,train/driving_B_2020.01.16_12.10.03.csv#block-000@time-60.000s,block-000,60.000,53.8599,53.86,53.86,0.0000,0.1888,2.230590
747,soldier,static_B_2020.02.27_18.39.27.csv,train/static_B_2020.02.27_18.39.27.csv#block-001@time-12.000s,block-001,12.000,67.5082,67.51,67.51,0.0000,0.1877,2.281918
748,longdress,driving_B_2020.02.27_17.30.15.csv,train/driving_B_2020.02.27_17.30.15.csv#block-002@time-413.000s,block-002,413.000,-14.8390,-14.84,-14.84,0.0000,0.1866,2.131019
749,loot,driving_B_2020.01.16_07.26.43.csv,train/driving_B_2020.01.16_07.26.43.csv#block-000@time-960.000s,block-000,960.000,-35.3061,-35.31,-35.31,0.0000,0.1855,2.080120
750,redandblack,static_B_2020.02.14_13.21.26.csv,train/static_B_2020.02.14_13.21.26.csv#block-000@time-60.000s,block-000,60.000,77.0066,77.01,77.01,0.2449,0.1844,2.197137
751,soldier,driving_B_2019.12.17_07.32.39.csv,train/driving_B_2019.12.17_07.32.39.csv#block-003@time-1534.000s,block-003,1534.000,41.1086,41.11,41.11,0.0000,0.1833,2.266593
752,longdress,static_B_2019.12.16_13.40.04.csv,train/static_B_2019.12.16_13.40.04.csv#block-001@time-895.000s,block-001,895.000,46.5548,46.55,46.55,0.0000,0.1823,2.226336
753,loot,driving_B_2020.01.16_09.56.56.csv,train/driving_B_2020.01.16_09.56.56.csv#block-001@time-879.000s,block-001,879.000,68.2059,68.21,68.21,0.0000,0.1812,2.274420
754,redandblack,static_B_2020.02.27_18.39.27.csv,train/static_B_2020.02.27_18.39.27.csv#block-001@time-2832.000s,block-001,2832.000,67.6362,67.64,67.64,0.0000,0.1801,2.132622
755,soldier,driving_B_2020.01.16_09.56.56.csv,train/driving_B_2020.01.16_09.56.56.csv#block-001@time-1119.000s,block-001,1119.000,62.3047,62.30,62.30,0.0000,0.1790,2.427541
756,longdress,driving_B_2020.02.27_17.30.15.csv,train/driving_B_2020.02.27_17.30.15.csv#block-002@time-353.000s,block-002,353.000,-82.8165,-82.82,-82.82,0.0000,0.1779,2.173109
757,loot,driving_B_2020.02.13_13.03.24.csv,train/driving_B_2020.02.13_13.03.24.csv#block-000@time-600.000s,block-000,600.000,8.7899,8.79,8.79,0.0000,0.1768,2.419242
758,redandblack,driving_B_2020.01.16_09.56.56.csv,train/driving_B_2020.01.16_09.56.56.csv#block-000@time-60.000s,block-000,60.000,11.4032,11.40,11.40,0.0000,0.1757,2.392817
759,soldier,driving_B_2020.02.14_09.38.22.csv,train/driving_B_2020.02.14_09.38.22.csv#block-000@time-1080.000s,block-000,1080.000,74.0635,74.06,74.06,0.0000,0.1746,2.238999
760,longdress,driving_B_2019.12.17_07.32.39.csv,train/driving_B_2019.12.17_07.32.39.csv#block-003@time-1594.000s,block-003,1594.000,-0.0761,-0.08,-0.08,0.0000,0.1736,2.191862
761,loot,driving_B_2020.02.13_15.02.01.csv,train/driving_B_2020.02.13_15.02.01.csv#block-000@time-1680.000s,block-000,1680.000,13.4124,13.41,13.41,0.0000,0.1725,2.507149
762,redandblack,driving_B_2020.01.16_12.10.03.csv,train/driving_B_2020.01.16_12.10.03.csv#block-000@time-120.000s,block-000,120.000,80.2521,80.25,80.25,0.4568,0.1714,2.274522
763,soldier,driving_B_2019.12.16_12.27.05.csv,train/driving_B_2019.12.16_12.27.05.csv#block-000@time-360.000s,block-000,360.000,-19.5568,-19.56,-19.56,0.0000,0.1703,2.381383
764,longdress,driving_B_2020.02.14_09.38.22.csv,train/driving_B_2020.02.14_09.38.22.csv#block-000@time-1020.000s,block-000,1020.000,76.2979,76.30,76.30,0.0000,0.1692,2.249113
765,loot,driving_B_2020.01.16_12.10.03.csv,train/driving_B_2020.01.16_12.10.03.csv#block-000@time-300.000s,block-000,300.000,33.6228,33.62,33.62,0.0000,0.1681,2.288885
766,redandblack,static_B_2019.12.16_13.40.04.csv,train/static_B_2019.12.16_13.40.04.csv#block-001@time-595.000s,block-001,595.000,66.7172,66.72,66.72,0.0000,0.1670,2.036746
767,soldier,driving_B_2020.01.16_09.56.56.csv,train/driving_B_2020.01.16_09.56.56.csv#block-001@time-519.000s,block-001,519.000,23.2675,23.27,23.27,0.0000,0.1659,2.430723
768,longdress,driving_B_2019.12.16_12.27.05.csv,train/driving_B_2019.12.16_12.27.05.csv#block-000@time-1260.000s,block-000,1260.000,76.8007,76.80,76.80,0.4618,0.1649,2.229762
769,loot,driving_B_2020.02.14_12.58.17.csv,train/driving_B_2020.02.14_12.58.17.csv#block-002@time-716.000s,block-002,716.000,18.2280,18.23,18.23,0.0000,0.1638,2.211585
770,redandblack,driving_B_2019.12.16_12.27.05.csv,train/driving_B_2019.12.16_12.27.05.csv#block-000@time-540.000s,block-000,540.000,-23.2278,-23.23,-23.23,0.0000,0.1627,2.278308
771,soldier,static_B_2020.02.14_13.21.26.csv,train/static_B_2020.02.14_13.21.26.csv#block-000@time-300.000s,block-000,300.000,41.5750,41.57,41.57,0.0000,0.1616,2.373879
772,longdress,driving_B_2020.02.14_09.38.22.csv,train/driving_B_2020.02.14_09.38.22.csv#block-000@time-60.000s,block-000,60.000,30.5456,30.55,30.55,0.0000,0.1605,2.225633
773,loot,driving_B_2020.02.14_09.38.22.csv,train/driving_B_2020.02.14_09.38.22.csv#block-000@time-180.000s,block-000,180.000,-32.2691,-32.27,-32.27,0.0000,0.1594,2.325413
774,redandblack,driving_B_2020.01.16_09.56.56.csv,train/driving_B_2020.01.16_09.56.56.csv#block-000@time-300.000s,block-000,300.000,60.3633,60.36,60.36,0.0000,0.1583,2.214485
775,soldier,static_B_2020.02.27_18.39.27.csv,train/static_B_2020.02.27_18.39.27.csv#block-001@time-132.000s,block-001,132.000,62.8148,62.81,62.81,0.0000,0.1572,2.214416
776,longdress,driving_B_2020.02.13_15.02.01.csv,train/driving_B_2020.02.13_15.02.01.csv#block-000@time-2700.000s,block-000,2700.000,-152.0003,-152.00,-152.00,0.0000,0.1562,2.153778
777,loot,driving_B_2020.02.14_12.58.17.csv,train/driving_B_2020.02.14_12.58.17.csv#block-002@time-716.000s,block-002,716.000,21.0077,21.01,21.01,0.0000,0.1551,2.497377
778,redandblack,driving_B_2019.12.16_12.27.05.csv,train/driving_B_2019.12.16_12.27.05.csv#block-000@time-1260.000s,block-000,1260.000,84.4362,84.44,84.44,0.5764,0.1540,2.456680
779,soldier,driving_B_2020.02.13_15.02.01.csv,train/driving_B_2020.02.13_15.02.01.csv#block-000@time-180.000s,block-000,180.000,45.1330,45.13,45.13,0.0000,0.1529,2.304599
780,longdress,static_B_2020.02.27_18.39.27.csv,train/static_B_2020.02.27_18.39.27.csv#block-001@time-6612.000s,block-001,6612.000,81.1058,81.11,81.11,0.0000,0.1518,2.361792
781,loot,driving_B_2020.02.13_15.02.01.csv,train/driving_B_2020.02.13_15.02.01.csv#block-000@time-1320.000s,block-000,1320.000,50.0888,50.09,50.09,0.0000,0.1507,2.229919
782,redandblack,static_B_2020.02.27_18.39.27.csv,train/static_B_2020.02.27_18.39.27.csv#block-001@time-6072.000s,block-001,6072.000,78.2318,78.23,78.23,1.1047,0.1496,2.256829
783,soldier,driving_B_2019.12.17_07.32.39.csv,train/driving_B_2019.12.17_07.32.39.csv#block-000@time-60.000s,block-000,60.000,10.5217,10.52,10.52,0.0000,0.1485,2.145983
784,longdress,driving_B_2020.01.16_07.26.43.csv,train/driving_B_2020.01.16_07.26.43.csv#block-000@time-600.000s,block-000,600.000,20.9642,20.96,20.96,0.0000,0.1475,2.235013
785,loot,driving_B_2020.02.13_13.03.24.csv,train/driving_B_2020.02.13_13.03.24.csv#block-001@time-1154.000s,block-001,1154.000,-35.6541,-35.65,-35.65,0.0000,0.1464,2.264367
786,redandblack,static_B_2019.12.16_13.40.04.csv,train/static_B_2019.12.16_13.40.04.csv#block-005@time-1766.000s,block-005,1766.000,78.0224,78.02,78.02,0.2853,0.1453,2.295102
787,soldier,driving_B_2020.01.16_12.10.03.csv,train/driving_B_2020.01.16_12.10.03.csv#block-000@time-180.000s,block-000,180.000,83.5852,83.59,83.59,0.0000,0.1442,2.428649
788,longdress,driving_B_2020.02.14_12.58.17.csv,train/driving_B_2020.02.14_12.58.17.csv#block-002@time-536.000s,block-002,536.000,-110.9351,-110.94,-110.94,0.0000,0.1431,2.403430
789,loot,driving_B_2020.02.14_12.58.17.csv,train/driving_B_2020.02.14_12.58.17.csv#block-002@time-656.000s,block-002,656.000,39.9940,39.99,39.99,0.0000,0.1420,2.195192
790,redandblack,driving_B_2020.02.14_09.38.22.csv,train/driving_B_2020.02.14_09.38.22.csv#block-000@time-480.000s,block-000,480.000,-9.3823,-9.38,-9.38,0.0000,0.1409,2.477250
791,soldier,driving_B_2020.01.16_09.56.56.csv,train/driving_B_2020.01.16_09.56.56.csv#block-001@time-999.000s,block-001,999.000,-25.0425,-25.04,-25.04,0.0000,0.1398,2.290882
792,longdress,driving_B_2020.01.16_12.10.03.csv,train/driving_B_2020.01.16_12.10.03.csv#block-000@time-60.000s,block-000,60.000,55.8214,55.82,55.82,0.0000,0.1388,2.133575
793,loot,driving_B_2020.01.16_09.56.56.csv,train/driving_B_2020.01.16_09.56.56.csv#block-001@time-1359.000s,block-001,1359.000,30.3693,30.37,30.37,0.0000,0.1377,2.168851
794,redandblack,driving_B_2020.01.16_07.26.43.csv,train/driving_B_2020.01.16_07.26.43.csv#block-000@time-120.000s,block-000,120.000,28.3370,28.34,28.34,0.0000,0.1366,2.386598
795,soldier,static_B_2019.12.16_13.40.04.csv,train/static_B_2019.12.16_13.40.04.csv#block-001@time-1135.000s,block-001,1135.000,49.1974,49.20,49.20,0.0000,0.1355,2.444122
796,longdress,static_B_2020.02.27_18.39.27.csv,train/static_B_2020.02.27_18.39.27.csv#block-001@time-2952.000s,block-001,2952.000,64.4539,64.45,64.45,0.0000,0.1344,2.233688
797,loot,driving_B_2020.01.16_12.10.03.csv,train/driving_B_2020.01.16_12.10.03.csv#block-000@time-360.000s,block-000,360.000,61.8750,61.87,61.87,0.0000,0.1333,2.288890
798,redandblack,driving_B_2019.12.17_07.32.39.csv,train/driving_B_2019.12.17_07.32.39.csv#block-000@time-1020.000s,block-000,1020.000,7.3601,7.36,7.36,0.0000,0.1322,2.230774
799,soldier,driving_B_2020.02.27_17.30.15.csv,train/driving_B_2020.02.27_17.30.15.csv#block-002@time-533.000s,block-002,533.000,-121.5542,-121.55,-121.55,0.0000,0.1311,2.324658
800,longdress,driving_B_2019.12.16_12.27.05.csv,train/driving_B_2019.12.16_12.27.05.csv#block-000@time-780.000s,block-000,780.000,38.7460,38.75,38.75,0.0000,0.1301,2.337060
801,loot,driving_B_2020.01.16_07.26.43.csv,train/driving_B_2020.01.16_07.26.43.csv#block-000@time-1260.000s,block-000,1260.000,21.9412,21.94,21.94,0.0000,0.1290,2.323188
802,redandblack,static_B_2020.02.14_13.21.26.csv,train/static_B_2020.02.14_13.21.26.csv#block-000@time-300.000s,block-000,300.000,54.9553,54.96,54.96,0.0000,0.1279,2.382355
803,soldier,driving_B_2020.01.16_07.26.43.csv,train/driving_B_2020.01.16_07.26.43.csv#block-000@time-540.000s,block-000,540.000,15.1985,15.20,15.20,0.0000,0.1268,2.406576
804,longdress,driving_B_2020.02.27_17.30.15.csv,train/driving_B_2020.02.27_17.30.15.csv#block-002@time-473.000s,block-002,473.000,-285.0219,-285.02,-285.02,0.0000,0.1257,2.452401
805,loot,driving_B_2020.01.16_07.26.43.csv,train/driving_B_2020.01.16_07.26.43.csv#block-000@time-1620.000s,block-000,1620.000,6.3896,6.39,6.39,0.0000,0.1246,2.398608
806,redandblack,driving_B_2020.01.16_09.56.56.csv,train/driving_B_2020.01.16_09.56.56.csv#block-001@time-639.000s,block-001,639.000,53.3473,53.35,53.35,0.0000,0.1235,2.427192
807,soldier,driving_B_2019.12.16_12.27.05.csv,train/driving_B_2019.12.16_12.27.05.csv#block-000@time-960.000s,block-000,960.000,79.3288,79.33,79.33,0.0000,0.1224,2.379320
808,longdress,static_B_2019.12.16_13.40.04.csv,train/static_B_2019.12.16_13.40.04.csv#block-001@time-1015.000s,block-001,1015.000,28.2119,28.21,28.21,0.0000,0.1214,2.262831
809,loot,driving_B_2020.02.13_15.02.01.csv,train/driving_B_2020.02.13_15.02.01.csv#block-000@time-780.000s,block-000,780.000,28.1095,28.11,28.11,0.0000,0.1203,2.341914
810,redandblack,driving_B_2019.12.16_12.27.05.csv,train/driving_B_2019.12.16_12.27.05.csv#block-000@time-840.000s,block-000,840.000,46.8888,46.89,46.89,0.0000,0.1192,2.325363
811,soldier,driving_B_2019.12.16_12.27.05.csv,train/driving_B_2019.12.16_12.27.05.csv#block-000@time-900.000s,block-000,900.000,85.8555,85.86,85.86,0.2751,0.1181,2.211895
812,longdress,driving_B_2020.01.16_12.10.03.csv,train/driving_B_2020.01.16_12.10.03.csv#block-000@time-60.000s,block-000,60.000,37.2563,37.26,37.26,0.0000,0.1170,2.327798
813,loot,driving_B_2020.02.13_13.03.24.csv,train/driving_B_2020.02.13_13.03.24.csv#block-001@time-1694.000s,block-001,1694.000,8.9749,8.97,8.97,0.0000,0.1159,2.319093
814,redandblack,driving_B_2020.02.13_13.03.24.csv,train/driving_B_2020.02.13_13.03.24.csv#block-001@time-1994.000s,block-001,1994.000,53.8645,53.86,53.86,0.0000,0.1148,2.274592
815,soldier,driving_B_2020.02.27_17.30.15.csv,train/driving_B_2020.02.27_17.30.15.csv#block-002@time-413.000s,block-002,413.000,-60.0386,-60.04,-60.04,0.0000,0.1137,2.402791
816,longdress,driving_B_2020.02.27_17.30.15.csv,train/driving_B_2020.02.27_17.30.15.csv#block-002@time-473.000s,block-002,473.000,-210.0388,-210.04,-210.04,0.0000,0.1127,2.385725
817,loot,driving_B_2019.12.17_07.32.39.csv,train/driving_B_2019.12.17_07.32.39.csv#block-000@time-840.000s,block-000,840.000,1.1745,1.17,1.17,0.0000,0.1116,2.247186
818,redandblack,driving_B_2020.02.27_17.30.15.csv,train/driving_B_2020.02.27_17.30.15.csv#block-002@time-353.000s,block-002,353.000,-42.4561,-42.46,-42.46,0.0000,0.1105,2.341700
819,soldier,static_B_2020.02.14_13.21.26.csv,train/static_B_2020.02.14_13.21.26.csv#block-000@time-180.000s,block-000,180.000,71.1804,71.18,71.18,0.0000,0.1094,2.375257
820,longdress,driving_B_2020.01.16_09.56.56.csv,train/driving_B_2020.01.16_09.56.56.csv#block-001@time-759.000s,block-001,759.000,-0.7581,-0.76,-0.76,0.0000,0.1083,2.589090
821,loot,static_B_2019.12.16_13.40.04.csv,train/static_B_2019.12.16_13.40.04.csv#block-005@time-1646.000s,block-005,1646.000,89.0250,89.02,89.02,0.4907,0.1072,2.242536
822,redandblack,driving_B_2020.02.13_13.03.24.csv,train/driving_B_2020.02.13_13.03.24.csv#block-001@time-1334.000s,block-001,1334.000,7.1609,7.16,7.16,0.0000,0.1061,2.467248
823,soldier,static_B_2020.02.14_13.21.26.csv,train/static_B_2020.02.14_13.21.26.csv#block-000@time-1080.000s,block-000,1080.000,68.4478,68.45,68.45,0.0000,0.1050,2.241605
824,longdress,static_B_2019.12.16_13.40.04.csv,train/static_B_2019.12.16_13.40.04.csv#block-001@time-835.000s,block-001,835.000,28.1282,28.13,28.13,1.1400,0.1040,2.264425
825,loot,static_B_2020.02.27_18.39.27.csv,train/static_B_2020.02.27_18.39.27.csv#block-001@time-5412.000s,block-001,5412.000,63.2112,63.21,63.21,0.0000,0.1029,2.340409
826,redandblack,driving_B_2019.12.16_12.27.05.csv,train/driving_B_2019.12.16_12.27.05.csv#block-000@time-1140.000s,block-000,1140.000,57.7977,57.80,57.80,0.0000,0.1018,2.432199
827,soldier,driving_B_2020.02.14_12.58.17.csv,train/driving_B_2020.02.14_12.58.17.csv#block-002@time-596.000s,block-002,596.000,-16.5057,-16.51,-16.51,0.0000,0.1007,2.483286
828,longdress,driving_B_2020.01.16_12.10.03.csv,train/driving_B_2020.01.16_12.10.03.csv#block-000@time-180.000s,block-000,180.000,55.8832,55.88,55.88,0.0000,0.0996,2.379163
829,loot,driving_B_2019.12.16_12.27.05.csv,train/driving_B_2019.12.16_12.27.05.csv#block-000@time-1200.000s,block-000,1200.000,27.8739,27.87,27.87,0.0000,0.0985,2.420128
830,redandblack,driving_B_2020.02.13_15.02.01.csv,train/driving_B_2020.02.13_15.02.01.csv#block-000@time-1200.000s,block-000,1200.000,45.7256,45.73,45.73,0.0000,0.0974,2.487739
831,soldier,driving_B_2020.02.27_17.30.15.csv,train/driving_B_2020.02.27_17.30.15.csv#block-002@time-293.000s,block-002,293.000,-242.5010,-242.50,-242.50,0.0000,0.0963,2.353226
832,longdress,driving_B_2019.12.16_12.27.05.csv,train/driving_B_2019.12.16_12.27.05.csv#block-000@time-600.000s,block-000,600.000,-19.8872,-19.89,-19.89,0.0000,0.0953,2.631609
833,redandblack,driving_B_2020.02.13_15.02.01.csv,train/driving_B_2020.02.13_15.02.01.csv#block-000@time-1620.000s,block-000,1620.000,-8.1018,-8.10,-8.10,0.0000,0.0942,2.467678
834,soldier,static_B_2020.02.14_13.21.26.csv,train/static_B_2020.02.14_13.21.26.csv#block-000@time-60.000s,block-000,60.000,79.1491,79.15,79.15,0.0000,0.0931,2.329472
835,longdress,driving_B_2020.01.16_12.10.03.csv,train/driving_B_2020.01.16_12.10.03.csv#block-000@time-60.000s,block-000,60.000,23.9085,23.91,23.91,0.0000,0.0920,2.605860
836,loot,static_B_2019.12.16_13.40.04.csv,train/static_B_2019.12.16_13.40.04.csv#block-000@time-300.000s,block-000,300.000,34.6028,34.60,34.60,0.0000,0.0909,2.404011
837,redandblack,driving_B_2020.01.16_12.10.03.csv,train/driving_B_2020.01.16_12.10.03.csv#block-000@time-60.000s,block-000,60.000,47.2423,47.24,47.24,0.0000,0.0898,2.367909
838,soldier,driving_B_2020.01.16_07.26.43.csv,train/driving_B_2020.01.16_07.26.43.csv#block-000@time-780.000s,block-000,780.000,22.5010,22.50,22.50,0.0000,0.0887,2.354226
839,longdress,driving_B_2020.02.14_12.58.17.csv,train/driving_B_2020.02.14_12.58.17.csv#block-002@time-596.000s,block-002,596.000,-15.3190,-15.32,-15.32,0.0000,0.0876,2.481637
840,loot,driving_B_2020.02.14_09.38.22.csv,train/driving_B_2020.02.14_09.38.22.csv#block-000@time-300.000s,block-000,300.000,16.3636,16.36,16.36,0.0000,0.0866,2.450708
841,redandblack,driving_B_2020.01.16_07.26.43.csv,train/driving_B_2020.01.16_07.26.43.csv#block-000@time-1020.000s,block-000,1020.000,23.5405,23.54,23.54,0.0000,0.0855,2.514641
842,soldier,driving_B_2019.12.16_12.27.05.csv,train/driving_B_2019.12.16_12.27.05.csv#block-000@time-1020.000s,block-000,1020.000,75.9752,75.98,75.98,0.0000,0.0844,2.448619
843,longdress,driving_B_2020.02.14_12.58.17.csv,train/driving_B_2020.02.14_12.58.17.csv#block-002@time-596.000s,block-002,596.000,-12.9409,-12.94,-12.94,0.0000,0.0833,2.346622
844,loot,static_B_2019.12.16_13.40.04.csv,train/static_B_2019.12.16_13.40.04.csv#block-000@time-240.000s,block-000,240.000,53.7667,53.77,53.77,0.0000,0.0822,2.595184
845,redandblack,driving_B_2020.02.13_13.03.24.csv,train/driving_B_2020.02.13_13.03.24.csv#block-000@time-660.000s,block-000,660.000,15.9324,15.93,15.93,0.0000,0.0811,2.396558
846,soldier,driving_B_2020.01.16_12.10.03.csv,train/driving_B_2020.01.16_12.10.03.csv#block-000@time-120.000s,block-000,120.000,80.0677,80.07,80.07,0.0000,0.0800,2.640207
847,longdress,driving_B_2020.01.16_09.56.56.csv,train/driving_B_2020.01.16_09.56.56.csv#block-001@time-1299.000s,block-001,1299.000,51.4070,51.41,51.41,0.0000,0.0789,2.550229
848,loot,static_B_2020.02.27_18.39.27.csv,train/static_B_2020.02.27_18.39.27.csv#block-001@time-3612.000s,block-001,3612.000,-25.3573,-25.36,-25.36,0.0000,0.0779,2.540347
849,redandblack,driving_B_2020.02.14_09.38.22.csv,train/driving_B_2020.02.14_09.38.22.csv#block-000@time-360.000s,block-000,360.000,-8.0708,-8.07,-8.07,0.0000,0.0768,2.284930
850,soldier,driving_B_2020.02.27_17.30.15.csv,train/driving_B_2020.02.27_17.30.15.csv#block-002@time-293.000s,block-002,293.000,-80.0576,-80.06,-80.06,0.0000,0.0757,2.397160
851,longdress,static_B_2020.02.14_13.21.26.csv,train/static_B_2020.02.14_13.21.26.csv#block-000@time-540.000s,block-000,540.000,88.5244,88.52,88.52,0.0000,0.0746,2.384809
852,loot,driving_B_2019.12.17_07.32.39.csv,train/driving_B_2019.12.17_07.32.39.csv#block-000@time-1320.000s,block-000,1320.000,18.6798,18.68,18.68,0.0000,0.0735,2.336068
853,redandblack,driving_B_2020.02.13_15.02.01.csv,train/driving_B_2020.02.13_15.02.01.csv#block-000@time-1320.000s,block-000,1320.000,39.2662,39.27,39.27,0.0000,0.0724,2.535246
854,soldier,driving_B_2020.01.16_07.26.43.csv,train/driving_B_2020.01.16_07.26.43.csv#block-000@time-900.000s,block-000,900.000,35.3995,35.40,35.40,0.0000,0.0713,2.242543
855,longdress,driving_B_2020.02.13_13.03.24.csv,train/driving_B_2020.02.13_13.03.24.csv#block-001@time-1754.000s,block-001,1754.000,9.1384,9.14,9.14,0.0000,0.0702,2.536147
856,loot,static_B_2020.02.27_18.39.27.csv,train/static_B_2020.02.27_18.39.27.csv#block-001@time-4152.000s,block-001,4152.000,85.2169,85.22,85.22,1.0740,0.0692,2.479772
857,redandblack,driving_B_2020.01.16_09.56.56.csv,train/driving_B_2020.01.16_09.56.56.csv#block-001@time-1239.000s,block-001,1239.000,29.0770,29.08,29.08,0.0000,0.0681,2.381611
858,soldier,driving_B_2019.12.17_07.32.39.csv,train/driving_B_2019.12.17_07.32.39.csv#block-003@time-1774.000s,block-003,1774.000,25.6036,25.60,25.60,0.0000,0.0670,2.607519
859,longdress,driving_B_2020.02.14_09.38.22.csv,train/driving_B_2020.02.14_09.38.22.csv#block-000@time-1020.000s,block-000,1020.000,82.6484,82.65,82.65,0.0000,0.0659,2.338245
860,loot,driving_B_2020.02.14_12.58.17.csv,train/driving_B_2020.02.14_12.58.17.csv#block-000@time-0.000s,block-000,0.000,23.1775,23.18,23.18,0.0000,0.0648,2.520914
861,redandblack,driving_B_2020.02.14_12.58.17.csv,train/driving_B_2020.02.14_12.58.17.csv#block-000@time-0.000s,block-000,0.000,25.2077,25.21,25.21,0.0000,0.0637,2.393053
862,soldier,static_B_2020.02.27_18.39.27.csv,train/static_B_2020.02.27_18.39.27.csv#block-001@time-132.000s,block-001,132.000,55.4330,55.43,55.43,0.0000,0.0626,2.576089
863,longdress,static_B_2020.02.14_13.21.26.csv,train/static_B_2020.02.14_13.21.26.csv#block-000@time-840.000s,block-000,840.000,81.8489,81.85,81.85,0.0000,0.0615,2.563670
864,loot,driving_B_2020.01.16_12.10.03.csv,train/driving_B_2020.01.16_12.10.03.csv#block-000@time-240.000s,block-000,240.000,80.4103,80.41,80.41,0.6781,0.0605,2.509060
865,redandblack,driving_B_2020.01.16_09.56.56.csv,train/driving_B_2020.01.16_09.56.56.csv#block-000@time-60.000s,block-000,60.000,25.3820,25.38,25.38,0.0000,0.0594,2.349062
866,soldier,driving_B_2020.02.27_17.30.15.csv,train/driving_B_2020.02.27_17.30.15.csv#block-002@time-293.000s,block-002,293.000,-114.3677,-114.37,-114.37,0.0000,0.0583,2.494230
867,longdress,static_B_2020.02.27_18.39.27.csv,train/static_B_2020.02.27_18.39.27.csv#block-001@time-5772.000s,block-001,5772.000,65.0574,65.06,65.06,0.0000,0.0572,2.353795
868,loot,driving_B_2020.02.13_13.03.24.csv,train/driving_B_2020.02.13_13.03.24.csv#block-000@time-420.000s,block-000,420.000,27.5366,27.54,27.54,0.0000,0.0561,2.458024
869,redandblack,driving_B_2020.01.16_12.10.03.csv,train/driving_B_2020.01.16_12.10.03.csv#block-000@time-60.000s,block-000,60.000,36.3248,36.32,36.32,0.0000,0.0550,2.498832
870,soldier,static_B_2020.02.27_18.39.27.csv,train/static_B_2020.02.27_18.39.27.csv#block-001@time-2172.000s,block-001,2172.000,58.8345,58.83,58.83,0.0000,0.0539,2.449976
871,longdress,static_B_2019.12.16_13.40.04.csv,train/static_B_2019.12.16_13.40.04.csv#block-001@time-595.000s,block-001,595.000,73.7284,73.73,73.73,0.0000,0.0528,2.246885
872,loot,static_B_2020.02.14_13.21.26.csv,train/static_B_2020.02.14_13.21.26.csv#block-000@time-480.000s,block-000,480.000,57.4684,57.47,57.47,1.1862,0.0518,2.446922
873,redandblack,driving_B_2020.02.14_09.38.22.csv,train/driving_B_2020.02.14_09.38.22.csv#block-000@time-540.000s,block-000,540.000,13.9145,13.91,13.91,0.0000,0.0507,2.205130
874,soldier,driving_B_2019.12.17_07.32.39.csv,train/driving_B_2019.12.17_07.32.39.csv#block-003@time-1654.000s,block-003,1654.000,11.9415,11.94,11.94,0.0000,0.0500,2.531456
875,longdress,driving_B_2020.01.16_09.56.56.csv,train/driving_B_2020.01.16_09.56.56.csv#block-001@time-1659.000s,block-001,1659.000,72.5040,72.50,72.50,0.0000,0.0500,2.393799
876,loot,driving_B_2019.12.17_07.32.39.csv,train/driving_B_2019.12.17_07.32.39.csv#block-000@time-600.000s,block-000,600.000,39.6867,39.69,39.69,0.0000,0.0500,2.581598
877,redandblack,driving_B_2020.01.16_09.56.56.csv,train/driving_B_2020.01.16_09.56.56.csv#block-001@time-1239.000s,block-001,1239.000,41.1021,41.10,41.10,0.0000,0.0500,2.527057
878,soldier,driving_B_2020.02.13_13.03.24.csv,train/driving_B_2020.02.13_13.03.24.csv#block-001@time-1094.000s,block-001,1094.000,10.4028,10.40,10.40,0.0000,0.0500,2.230728
879,longdress,static_B_2019.12.16_13.40.04.csv,train/static_B_2019.12.16_13.40.04.csv#block-001@time-835.000s,block-001,835.000,83.1850,83.18,83.18,0.0000,0.0500,2.689662
880,loot,driving_B_2020.01.16_07.26.43.csv,train/driving_B_2020.01.16_07.26.43.csv#block-000@time-240.000s,block-000,240.000,35.2052,35.21,35.21,0.0000,0.0500,2.461283
881,redandblack,driving_B_2020.01.16_07.26.43.csv,train/driving_B_2020.01.16_07.26.43.csv#block-000@time-1500.000s,block-000,1500.000,29.1848,29.18,29.18,0.0000,0.0500,2.615999
882,soldier,static_B_2020.02.14_13.21.26.csv,train/static_B_2020.02.14_13.21.26.csv#block-000@time-720.000s,block-000,720.000,80.0148,80.01,80.01,0.0000,0.0500,2.700727
883,longdress,driving_B_2020.01.16_09.56.56.csv,train/driving_B_2020.01.16_09.56.56.csv#block-000@time-360.000s,block-000,360.000,31.7458,31.75,31.75,0.0000,0.0500,2.571512
884,loot,driving_B_2020.01.16_12.10.03.csv,train/driving_B_2020.01.16_12.10.03.csv#block-000@time-60.000s,block-000,60.000,57.0047,57.00,57.00,0.0000,0.0500,2.462845
885,redandblack,driving_B_2020.02.14_12.58.17.csv,train/driving_B_2020.02.14_12.58.17.csv#block-002@time-536.000s,block-002,536.000,-24.0627,-24.06,-24.06,0.0000,0.0500,2.501622
886,soldier,static_B_2020.02.14_13.21.26.csv,train/static_B_2020.02.14_13.21.26.csv#block-000@time-240.000s,block-000,240.000,80.1081,80.11,80.11,0.2568,0.0500,2.427770
887,longdress,driving_B_2020.02.13_15.02.01.csv,train/driving_B_2020.02.13_15.02.01.csv#block-000@time-180.000s,block-000,180.000,36.6762,36.68,36.68,0.0000,0.0500,2.384319
888,loot,driving_B_2019.12.16_12.27.05.csv,train/driving_B_2019.12.16_12.27.05.csv#block-000@time-540.000s,block-000,540.000,-41.0133,-41.01,-41.01,0.0000,0.0500,2.592471
889,redandblack,driving_B_2019.12.16_12.27.05.csv,train/driving_B_2019.12.16_12.27.05.csv#block-000@time-1080.000s,block-000,1080.000,28.6440,28.64,28.64,1.1781,0.0500,2.220621
890,soldier,driving_B_2020.02.27_17.30.15.csv,train/driving_B_2020.02.27_17.30.15.csv#block-002@time-533.000s,block-002,533.000,-94.7548,-94.75,-94.75,0.0000,0.0500,2.438780
891,longdress,driving_B_2020.01.16_12.10.03.csv,train/driving_B_2020.01.16_12.10.03.csv#block-000@time-0.000s,block-000,0.000,20.3502,20.35,20.35,1.1768,0.0500,2.576655
892,loot,driving_B_2020.02.14_12.58.17.csv,train/driving_B_2020.02.14_12.58.17.csv#block-000@time-0.000s,block-000,0.000,26.4414,26.44,26.44,0.0000,0.0500,2.323163
893,redandblack,static_B_2019.12.16_13.40.04.csv,train/static_B_2019.12.16_13.40.04.csv#block-006@time-2172.000s,block-006,2172.000,56.5074,56.51,56.51,1.1594,0.0500,2.443939
894,soldier,driving_B_2020.01.16_09.56.56.csv,train/driving_B_2020.01.16_09.56.56.csv#block-001@time-1599.000s,block-001,1599.000,71.7425,71.74,71.74,0.0000,0.0500,2.558899
895,longdress,driving_B_2020.01.16_09.56.56.csv,train/driving_B_2020.01.16_09.56.56.csv#block-001@time-1119.000s,block-001,1119.000,92.1981,92.20,92.20,0.0000,0.0500,2.592115
896,loot,driving_B_2020.01.16_12.10.03.csv,train/driving_B_2020.01.16_12.10.03.csv#block-000@time-360.000s,block-000,360.000,31.9098,31.91,31.91,0.1150,0.0500,2.438834
897,redandblack,driving_B_2020.01.16_09.56.56.csv,train/driving_B_2020.01.16_09.56.56.csv#block-000@time-300.000s,block-000,300.000,60.9462,60.95,60.95,0.0000,0.0500,2.406003
898,soldier,driving_B_2020.02.13_13.03.24.csv,train/driving_B_2020.02.13_13.03.24.csv#block-000@time-600.000s,block-000,600.000,9.4246,9.42,9.42,0.0000,0.0500,2.550775
899,longdress,static_B_2020.02.14_13.21.26.csv,train/static_B_2020.02.14_13.21.26.csv#block-000@time-360.000s,block-000,360.000,33.0307,33.03,33.03,0.4237,0.0500,2.561296
900,loot,driving_B_2019.12.17_07.32.39.csv,train/driving_B_2019.12.17_07.32.39.csv#block-000@time-900.000s,block-000,900.000,13.3732,13.37,13.37,0.0000,0.0500,2.677973
901,redandblack,driving_B_2019.12.16_12.27.05.csv,train/driving_B_2019.12.16_12.27.05.csv#block-000@time-720.000s,block-000,720.000,18.8732,18.87,18.87,0.0000,0.0500,2.358974
902,soldier,driving_B_2020.02.27_17.30.15.csv,train/driving_B_2020.02.27_17.30.15.csv#block-002@time-293.000s,block-002,293.000,-220.7308,-220.73,-220.73,0.0000,0.0500,2.815976
903,longdress,driving_B_2019.12.17_07.32.39.csv,train/driving_B_2019.12.17_07.32.39.csv#block-003@time-1894.000s,block-003,1894.000,13.4820,13.48,13.48,0.0000,0.0500,2.593146
904,loot,driving_B_2020.02.27_17.30.15.csv,train/driving_B_2020.02.27_17.30.15.csv#block-002@time-353.000s,block-002,353.000,-27.1688,-27.17,-27.17,0.0000,0.0500,2.379439
905,redandblack,driving_B_2020.01.16_07.26.43.csv,train/driving_B_2020.01.16_07.26.43.csv#block-000@time-1860.000s,block-000,1860.000,19.6753,19.68,19.68,0.0000,0.0500,2.426380
906,soldier,driving_B_2019.12.16_12.27.05.csv,train/driving_B_2019.12.16_12.27.05.csv#block-000@time-480.000s,block-000,480.000,16.8477,16.85,16.85,0.0000,0.0500,2.563093
907,longdress,driving_B_2020.01.16_12.10.03.csv,train/driving_B_2020.01.16_12.10.03.csv#block-000@time-360.000s,block-000,360.000,57.8786,57.88,57.88,0.0000,0.0500,2.457638
908,loot,driving_B_2020.01.16_07.26.43.csv,train/driving_B_2020.01.16_07.26.43.csv#block-000@time-480.000s,block-000,480.000,2.9168,2.92,2.92,0.0000,0.0500,2.337886
909,redandblack,driving_B_2020.01.16_12.10.03.csv,train/driving_B_2020.01.16_12.10.03.csv#block-000@time-60.000s,block-000,60.000,35.3077,35.31,35.31,0.0000,0.0500,2.442750
910,soldier,driving_B_2020.01.16_12.10.03.csv,train/driving_B_2020.01.16_12.10.03.csv#block-000@time-360.000s,block-000,360.000,69.3339,69.33,69.33,0.0000,0.0500,2.333984
911,longdress,driving_B_2020.02.13_15.02.01.csv,train/driving_B_2020.02.13_15.02.01.csv#block-000@time-1920.000s,block-000,1920.000,52.4270,52.43,52.43,0.0000,0.0500,2.500835
912,loot,static_B_2019.12.16_13.40.04.csv,train/static_B_2019.12.16_13.40.04.csv#block-005@time-1766.000s,block-005,1766.000,85.6821,85.68,85.68,1.1837,0.0500,2.450566
913,redandblack,static_B_2020.02.27_18.39.27.csv,train/static_B_2020.02.27_18.39.27.csv#block-001@time-1032.000s,block-001,1032.000,45.2048,45.20,45.20,0.0000,0.0500,2.360161
914,soldier,driving_B_2020.02.27_17.30.15.csv,train/driving_B_2020.02.27_17.30.15.csv#block-002@time-353.000s,block-002,353.000,-37.7978,-37.80,-37.80,0.0000,0.0500,2.348157
915,longdress,driving_B_2020.01.16_07.26.43.csv,train/driving_B_2020.01.16_07.26.43.csv#block-000@time-120.000s,block-000,120.000,31.7084,31.71,31.71,0.0000,0.0500,2.613184
916,loot,driving_B_2019.12.16_12.27.05.csv,train/driving_B_2019.12.16_12.27.05.csv#block-000@time-840.000s,block-000,840.000,46.1022,46.10,46.10,0.0000,0.0500,2.430307
917,redandblack,static_B_2020.02.27_18.39.27.csv,train/static_B_2020.02.27_18.39.27.csv#block-001@time-3492.000s,block-001,3492.000,52.7352,52.74,52.74,0.0000,0.0500,2.624754
918,soldier,driving_B_2020.02.27_17.30.15.csv,train/driving_B_2020.02.27_17.30.15.csv#block-002@time-353.000s,block-002,353.000,-78.3874,-78.39,-78.39,0.0000,0.0500,2.327620
919,longdress,driving_B_2019.12.17_07.32.39.csv,train/driving_B_2019.12.17_07.32.39.csv#block-004@time-2537.000s,block-004,2537.000,88.7211,88.72,88.72,0.0000,0.0500,2.192952
920,loot,driving_B_2020.02.13_15.02.01.csv,train/driving_B_2020.02.13_15.02.01.csv#block-000@time-3000.000s,block-000,3000.000,5.1623,5.16,5.16,0.0000,0.0500,2.558592
921,redandblack,driving_B_2020.02.14_12.58.17.csv,train/driving_B_2020.02.14_12.58.17.csv#block-002@time-596.000s,block-002,596.000,28.2246,28.22,28.22,0.0000,0.0500,2.644075
922,soldier,static_B_2019.12.16_13.40.04.csv,train/static_B_2019.12.16_13.40.04.csv#block-000@time-120.000s,block-000,120.000,51.2404,51.24,51.24,0.0000,0.0500,2.538508
923,longdress,driving_B_2019.12.16_12.27.05.csv,train/driving_B_2019.12.16_12.27.05.csv#block-000@time-1260.000s,block-000,1260.000,82.8491,82.85,82.85,0.0000,0.0500,2.389334
924,loot,static_B_2020.02.27_18.39.27.csv,train/static_B_2020.02.27_18.39.27.csv#block-001@time-3012.000s,block-001,3012.000,58.8029,58.80,58.80,0.0000,0.0500,2.748919
925,redandblack,driving_B_2020.01.16_09.56.56.csv,train/driving_B_2020.01.16_09.56.56.csv#block-001@time-1059.000s,block-001,1059.000,26.7524,26.75,26.75,0.0000,0.0500,2.678357
926,soldier,static_B_2020.02.14_13.21.26.csv,train/static_B_2020.02.14_13.21.26.csv#block-000@time-1020.000s,block-000,1020.000,73.8034,73.80,73.80,0.0000,0.0500,2.329909
927,longdress,static_B_2020.02.27_18.39.27.csv,train/static_B_2020.02.27_18.39.27.csv#block-001@time-4752.000s,block-001,4752.000,84.3272,84.33,84.33,0.0000,0.0500,2.761183
928,loot,driving_B_2020.02.14_09.38.22.csv,train/driving_B_2020.02.14_09.38.22.csv#block-000@time-1140.000s,block-000,1140.000,22.2948,22.29,22.29,0.0000,0.0500,2.509088
929,redandblack,driving_B_2020.01.16_09.56.56.csv,train/driving_B_2020.01.16_09.56.56.csv#block-001@time-879.000s,block-001,879.000,47.7744,47.77,47.77,0.0000,0.0500,2.709856
930,soldier,driving_B_2020.02.27_17.30.15.csv,train/driving_B_2020.02.27_17.30.15.csv#block-002@time-473.000s,block-002,473.000,-219.8654,-219.87,-219.87,0.0000,0.0500,2.649960
931,longdress,driving_B_2020.02.14_12.58.17.csv,train/driving_B_2020.02.14_12.58.17.csv#block-002@time-536.000s,block-002,536.000,-194.6637,-194.66,-194.66,0.0000,0.0500,2.625618
932,loot,driving_B_2020.01.16_07.26.43.csv,train/driving_B_2020.01.16_07.26.43.csv#block-000@time-600.000s,block-000,600.000,15.7019,15.70,15.70,0.0000,0.0500,2.494353
933,redandblack,driving_B_2020.02.13_15.02.01.csv,train/driving_B_2020.02.13_15.02.01.csv#block-000@time-2400.000s,block-000,2400.000,72.1094,72.11,72.11,0.0000,0.0500,2.518444
934,soldier,driving_B_2020.02.27_17.30.15.csv,train/driving_B_2020.02.27_17.30.15.csv#block-002@time-473.000s,block-002,473.000,-303.0267,-303.03,-303.03,0.0000,0.0500,2.495503
935,longdress,driving_B_2020.01.16_09.56.56.csv,train/driving_B_2020.01.16_09.56.56.csv#block-001@time-1539.000s,block-001,1539.000,69.9943,69.99,69.99,0.0000,0.0500,2.617808
936,loot,driving_B_2020.01.16_12.10.03.csv,train/driving_B_2020.01.16_12.10.03.csv#block-000@time-180.000s,block-000,180.000,27.3760,27.38,27.38,0.3007,0.0500,2.557956
937,redandblack,static_B_2020.02.27_18.39.27.csv,train/static_B_2020.02.27_18.39.27.csv#block-001@time-2772.000s,block-001,2772.000,88.1309,88.13,88.13,0.0000,0.0500,2.341209
938,soldier,driving_B_2020.01.16_07.26.43.csv,train/driving_B_2020.01.16_07.26.43.csv#block-000@time-180.000s,block-000,180.000,-179.8993,-179.90,-179.90,0.0000,0.0500,2.818482
939,longdress,driving_B_2020.02.14_09.38.22.csv,train/driving_B_2020.02.14_09.38.22.csv#block-000@time-660.000s,block-000,660.000,30.6409,30.64,30.64,0.0000,0.0500,2.621916
940,loot,driving_B_2019.12.16_12.27.05.csv,train/driving_B_2019.12.16_12.27.05.csv#block-000@time-240.000s,block-000,240.000,32.7719,32.77,32.77,0.0000,0.0500,2.793705
941,redandblack,static_B_2019.12.16_13.40.04.csv,train/static_B_2019.12.16_13.40.04.csv#block-000@time-60.000s,block-000,60.000,55.8788,55.88,55.88,0.0000,0.0500,2.473551
942,soldier,driving_B_2020.02.14_09.38.22.csv,train/driving_B_2020.02.14_09.38.22.csv#block-000@time-1020.000s,block-000,1020.000,81.1689,81.17,81.17,0.0000,0.0500,2.888171
943,longdress,driving_B_2020.02.14_09.38.22.csv,train/driving_B_2020.02.14_09.38.22.csv#block-000@time-180.000s,block-000,180.000,-8.1859,-8.19,-8.19,0.0000,0.0500,2.392712
944,loot,driving_B_2019.12.16_12.27.05.csv,train/driving_B_2019.12.16_12.27.05.csv#block-000@time-420.000s,block-000,420.000,-126.3428,-126.34,-126.34,0.0000,0.0500,2.719473
945,redandblack,driving_B_2020.02.13_13.03.24.csv,train/driving_B_2020.02.13_13.03.24.csv#block-001@time-1814.000s,block-001,1814.000,20.8479,20.85,20.85,0.0000,0.0500,2.550330
946,soldier,static_B_2020.02.14_13.21.26.csv,train/static_B_2020.02.14_13.21.26.csv#block-000@time-960.000s,block-000,960.000,37.6414,37.64,37.64,0.0000,0.0500,2.528493
947,longdress,driving_B_2020.02.14_12.58.17.csv,train/driving_B_2020.02.14_12.58.17.csv#block-002@time-596.000s,block-002,596.000,-1.9572,-1.96,-1.96,0.0000,0.0500,2.691051
948,loot,static_B_2020.02.14_13.21.26.csv,train/static_B_2020.02.14_13.21.26.csv#block-000@time-300.000s,block-000,300.000,51.4196,51.42,51.42,0.0000,0.0500,2.764957
949,redandblack,driving_B_2020.02.13_13.03.24.csv,train/driving_B_2020.02.13_13.03.24.csv#block-001@time-1634.000s,block-001,1634.000,21.1598,21.16,21.16,0.0000,0.0500,2.556218
950,soldier,driving_B_2019.12.16_12.27.05.csv,train/driving_B_2019.12.16_12.27.05.csv#block-000@time-60.000s,block-000,60.000,16.1241,16.12,16.12,0.0000,0.0500,2.647197
951,longdress,driving_B_2019.12.16_12.27.05.csv,train/driving_B_2019.12.16_12.27.05.csv#block-000@time-360.000s,block-000,360.000,6.8897,6.89,6.89,0.0000,0.0500,2.561163
952,loot,driving_B_2019.12.17_07.32.39.csv,train/driving_B_2019.12.17_07.32.39.csv#block-004@time-2297.000s,block-004,2297.000,69.0847,69.08,69.08,0.0000,0.0500,2.613566
953,redandblack,static_B_2019.12.16_13.40.04.csv,train/static_B_2019.12.16_13.40.04.csv#block-000@time-0.000s,block-000,0.000,46.1656,46.17,46.17,0.4038,0.0500,2.535893
954,soldier,driving_B_2020.02.14_12.58.17.csv,train/driving_B_2020.02.14_12.58.17.csv#block-002@time-656.000s,block-002,656.000,32.9886,32.99,32.99,0.0000,0.0500,2.618927
955,longdress,driving_B_2020.02.13_15.02.01.csv,train/driving_B_2020.02.13_15.02.01.csv#block-000@time-1020.000s,block-000,1020.000,51.7585,51.76,51.76,0.0000,0.0500,2.491822
956,loot,driving_B_2020.01.16_07.26.43.csv,train/driving_B_2020.01.16_07.26.43.csv#block-000@time-1800.000s,block-000,1800.000,27.0271,27.03,27.03,0.0003,0.0500,2.786517
957,redandblack,driving_B_2019.12.16_12.27.05.csv,train/driving_B_2019.12.16_12.27.05.csv#block-000@time-780.000s,block-000,780.000,52.0082,52.01,52.01,0.0000,0.0500,2.513626
958,soldier,driving_B_2020.02.13_13.03.24.csv,train/driving_B_2020.02.13_13.03.24.csv#block-001@time-1874.000s,block-001,1874.000,-12.1407,-12.14,-12.14,0.0000,0.0500,2.574050
959,longdress,driving_B_2020.01.16_09.56.56.csv,train/driving_B_2020.01.16_09.56.56.csv#block-001@time-819.000s,block-001,819.000,48.1521,48.15,48.15,0.0000,0.0500,2.621183
960,loot,driving_B_2020.02.13_13.03.24.csv,train/driving_B_2020.02.13_13.03.24.csv#block-000@time-60.000s,block-000,60.000,24.4521,24.45,24.45,0.0000,0.0500,2.592299
961,redandblack,driving_B_2020.02.13_13.03.24.csv,train/driving_B_2020.02.13_13.03.24.csv#block-000@time-360.000s,block-000,360.000,26.9296,26.93,26.93,0.0000,0.0500,2.585276
962,soldier,driving_B_2020.02.14_12.58.17.csv,train/driving_B_2020.02.14_12.58.17.csv#block-002@time-716.000s,block-002,716.000,27.3877,27.39,27.39,0.0000,0.0500,2.544561
963,longdress,driving_B_2020.01.16_07.26.43.csv,train/driving_B_2020.01.16_07.26.43.csv#block-000@time-540.000s,block-000,540.000,26.0173,26.02,26.02,0.4537,0.0500,2.639895
964,loot,driving_B_2020.01.16_12.10.03.csv,train/driving_B_2020.01.16_12.10.03.csv#block-000@time-240.000s,block-000,240.000,36.2650,36.26,36.26,1.1803,0.0500,2.531660
965,redandblack,driving_B_2020.02.14_12.58.17.csv,train/driving_B_2020.02.14_12.58.17.csv#block-002@time-596.000s,block-002,596.000,25.8770,25.88,25.88,0.0000,0.0500,2.554425
966,soldier,driving_B_2019.12.17_07.32.39.csv,train/driving_B_2019.12.17_07.32.39.csv#block-003@time-2074.000s,block-003,2074.000,26.5462,26.55,26.55,0.0000,0.0500,2.607807
967,longdress,driving_B_2020.02.13_15.02.01.csv,train/driving_B_2020.02.13_15.02.01.csv#block-000@time-420.000s,block-000,420.000,89.3007,89.30,89.30,0.0000,0.0500,2.285626
968,loot,driving_B_2020.01.16_09.56.56.csv,train/driving_B_2020.01.16_09.56.56.csv#block-001@time-759.000s,block-001,759.000,30.2448,30.24,30.24,0.0000,0.0500,2.475833
969,redandblack,driving_B_2020.02.27_17.30.15.csv,train/driving_B_2020.02.27_17.30.15.csv#block-002@time-473.000s,block-002,473.000,-176.9568,-176.96,-176.96,0.0000,0.0500,2.595962
970,soldier,driving_B_2020.01.16_07.26.43.csv,train/driving_B_2020.01.16_07.26.43.csv#block-000@time-1080.000s,block-000,1080.000,27.4837,27.48,27.48,0.0000,0.0500,2.547676
971,longdress,static_B_2020.02.27_18.39.27.csv,train/static_B_2020.02.27_18.39.27.csv#block-001@time-6252.000s,block-001,6252.000,67.3008,67.30,67.30,0.0000,0.0500,2.383781
972,loot,driving_B_2019.12.17_07.32.39.csv,train/driving_B_2019.12.17_07.32.39.csv#block-003@time-1594.000s,block-003,1594.000,17.7301,17.73,17.73,0.0000,0.0500,2.599111
973,redandblack,driving_B_2020.02.14_09.38.22.csv,train/driving_B_2020.02.14_09.38.22.csv#block-000@time-1200.000s,block-000,1200.000,13.9932,13.99,13.99,0.0000,0.0500,2.714013
974,soldier,driving_B_2020.02.14_09.38.22.csv,train/driving_B_2020.02.14_09.38.22.csv#block-000@time-840.000s,block-000,840.000,-16.0292,-16.03,-16.03,0.0000,0.0500,2.478087
975,longdress,driving_B_2020.02.13_15.02.01.csv,train/driving_B_2020.02.13_15.02.01.csv#block-000@time-2580.000s,block-000,2580.000,20.7809,20.78,20.78,0.0000,0.0500,2.339202
976,loot,driving_B_2020.01.16_12.10.03.csv,train/driving_B_2020.01.16_12.10.03.csv#block-000@time-0.000s,block-000,0.000,21.9324,21.93,21.93,1.2189,0.0500,2.748971
977,redandblack,static_B_2020.02.27_18.39.27.csv,train/static_B_2020.02.27_18.39.27.csv#block-001@time-6492.000s,block-001,6492.000,46.2496,46.25,46.25,0.0000,0.0500,2.827928
978,soldier,driving_B_2019.12.17_07.32.39.csv,train/driving_B_2019.12.17_07.32.39.csv#block-004@time-2477.000s,block-004,2477.000,37.9710,37.97,37.97,0.0000,0.0500,2.655747
979,longdress,driving_B_2020.01.16_09.56.56.csv,train/driving_B_2020.01.16_09.56.56.csv#block-001@time-639.000s,block-001,639.000,54.6493,54.65,54.65,0.0000,0.0500,2.816173
980,loot,driving_B_2019.12.17_07.32.39.csv,train/driving_B_2019.12.17_07.32.39.csv#block-004@time-2357.000s,block-004,2357.000,21.4084,21.41,21.41,0.0000,0.0500,2.682529
981,redandblack,driving_B_2020.02.14_12.58.17.csv,train/driving_B_2020.02.14_12.58.17.csv#block-000@time-0.000s,block-000,0.000,21.0312,21.03,21.03,0.0000,0.0500,2.736952
982,soldier,driving_B_2020.02.13_15.02.01.csv,train/driving_B_2020.02.13_15.02.01.csv#block-000@time-1740.000s,block-000,1740.000,-84.3919,-84.39,-84.39,0.0000,0.0500,2.514666
983,longdress,driving_B_2020.01.16_12.10.03.csv,train/driving_B_2020.01.16_12.10.03.csv#block-000@time-300.000s,block-000,300.000,22.9665,22.97,22.97,0.0000,0.0500,2.503787
984,loot,driving_B_2020.02.14_09.38.22.csv,train/driving_B_2020.02.14_09.38.22.csv#block-000@time-60.000s,block-000,60.000,30.1112,30.11,30.11,0.0000,0.0500,2.689667
985,redandblack,driving_B_2020.02.13_15.02.01.csv,train/driving_B_2020.02.13_15.02.01.csv#block-000@time-2700.000s,block-000,2700.000,-31.0503,-31.05,-31.05,0.0000,0.0500,2.601895
986,soldier,driving_B_2020.02.14_09.38.22.csv,train/driving_B_2020.02.14_09.38.22.csv#block-000@time-1080.000s,block-000,1080.000,58.5519,58.55,58.55,0.0000,0.0500,2.709048
987,longdress,driving_B_2019.12.17_07.32.39.csv,train/driving_B_2019.12.17_07.32.39.csv#block-000@time-1140.000s,block-000,1140.000,26.2068,26.21,26.21,0.0000,0.0500,2.580248
988,loot,static_B_2019.12.16_13.40.04.csv,train/static_B_2019.12.16_13.40.04.csv#block-005@time-1646.000s,block-005,1646.000,53.1298,53.13,53.13,0.3498,0.0500,2.607325
989,redandblack,driving_B_2020.01.16_09.56.56.csv,train/driving_B_2020.01.16_09.56.56.csv#block-000@time-180.000s,block-000,180.000,56.8063,56.81,56.81,0.0000,0.0500,2.559584
990,soldier,driving_B_2020.01.16_07.26.43.csv,train/driving_B_2020.01.16_07.26.43.csv#block-000@time-660.000s,block-000,660.000,27.1193,27.12,27.12,0.4747,0.0500,2.662262
991,longdress,driving_B_2020.02.13_13.03.24.csv,train/driving_B_2020.02.13_13.03.24.csv#block-001@time-914.000s,block-001,914.000,-158.5040,-158.50,-158.50,0.0000,0.0500,2.439273
992,loot,static_B_2020.02.14_13.21.26.csv,train/static_B_2020.02.14_13.21.26.csv#block-000@time-0.000s,block-000,0.000,48.8401,48.84,48.84,0.0000,0.0500,2.597086
993,redandblack,driving_B_2020.02.13_15.02.01.csv,train/driving_B_2020.02.13_15.02.01.csv#block-000@time-2940.000s,block-000,2940.000,21.1255,21.13,21.13,0.0000,0.0500,2.775193
994,soldier,static_B_2019.12.16_13.40.04.csv,train/static_B_2019.12.16_13.40.04.csv#block-005@time-1526.000s,block-005,1526.000,40.0373,40.04,40.04,0.0000,0.0500,2.577184
995,longdress,static_B_2020.02.14_13.21.26.csv,train/static_B_2020.02.14_13.21.26.csv#block-000@time-540.000s,block-000,540.000,56.4070,56.41,56.41,0.0000,0.0500,2.661552
996,loot,driving_B_2019.12.16_12.27.05.csv,train/driving_B_2019.12.16_12.27.05.csv#block-000@time-780.000s,block-000,780.000,49.8485,49.85,49.85,0.0000,0.0500,2.553471
997,redandblack,driving_B_2019.12.17_07.32.39.csv,train/driving_B_2019.12.17_07.32.39.csv#block-000@time-720.000s,block-000,720.000,14.2572,14.26,14.26,0.0000,0.0500,2.458199
998,soldier,driving_B_2019.12.16_12.27.05.csv,train/driving_B_2019.12.16_12.27.05.csv#block-000@time-900.000s,block-000,900.000,81.7059,81.71,81.71,0.0000,0.0500,2.570768
999,longdress,driving_B_2020.01.16_12.10.03.csv,train/driving_B_2020.01.16_12.10.03.csv#block-000@time-360.000s,block-000,360.000,69.9327,69.93,69.93,0.0000,0.0500,2.776082
1000,loot,driving_B_2020.01.16_07.26.43.csv,train/driving_B_2020.01.16_07.26.43.csv#block-000@time-840.000s,block-000,840.000,45.4271,45.43,45.43,0.0000,0.0500,2.633305
1001,redandblack,driving_B_2019.12.16_12.27.05.csv,train/driving_B_2019.12.16_12.27.05.csv#block-000@time-0.000s,block-000,0.000,23.4057,23.41,23.41,0.0000,0.0500,2.575497
1002,soldier,driving_B_2020.02.13_15.02.01.csv,train/driving_B_2020.02.13_15.02.01.csv#block-000@time-2100.000s,block-000,2100.000,-2.8074,-2.81,-2.81,0.0000,0.0500,2.713854
1003,longdress,driving_B_2020.02.14_09.38.22.csv,train/driving_B_2020.02.14_09.38.22.csv#block-000@time-1380.000s,block-000,1380.000,22.9303,22.93,22.93,0.0000,0.0500,2.754874
1004,loot,static_B_2020.02.27_18.39.27.csv,train/static_B_2020.02.27_18.39.27.csv#block-001@time-2712.000s,block-001,2712.000,-32.8872,-32.89,-32.89,0.1040,0.0500,2.733993
1005,redandblack,driving_B_2020.01.16_07.26.43.csv,train/driving_B_2020.01.16_07.26.43.csv#block-000@time-1620.000s,block-000,1620.000,24.1843,24.18,24.18,0.0000,0.0500,2.729148
1006,soldier,driving_B_2020.02.13_13.03.24.csv,train/driving_B_2020.02.13_13.03.24.csv#block-007@time-2290.000s,block-007,2290.000,-162.8559,-162.86,-162.86,0.0000,0.0500,2.669391
1007,longdress,static_B_2020.02.27_18.39.27.csv,train/static_B_2020.02.27_18.39.27.csv#block-001@time-792.000s,block-001,792.000,39.5647,39.56,39.56,0.4601,0.0500,2.892442
1008,loot,driving_B_2020.01.16_07.26.43.csv,train/driving_B_2020.01.16_07.26.43.csv#block-000@time-300.000s,block-000,300.000,28.0697,28.07,28.07,1.2230,0.0500,2.771180
1009,redandblack,driving_B_2020.02.27_17.30.15.csv,train/driving_B_2020.02.27_17.30.15.csv#block-002@time-413.000s,block-002,413.000,18.5463,18.55,18.55,0.0000,0.0500,2.620930
1010,soldier,static_B_2020.02.14_13.21.26.csv,train/static_B_2020.02.14_13.21.26.csv#block-000@time-480.000s,block-000,480.000,84.5166,84.52,84.52,0.0000,0.0500,2.875103
1011,longdress,driving_B_2020.02.13_15.02.01.csv,train/driving_B_2020.02.13_15.02.01.csv#block-000@time-2880.000s,block-000,2880.000,60.2741,60.27,60.27,0.0000,0.0500,2.584682
1012,loot,static_B_2019.12.16_13.40.04.csv,train/static_B_2019.12.16_13.40.04.csv#block-005@time-1706.000s,block-005,1706.000,69.6710,69.67,69.67,0.0000,0.0500,2.781756
1013,redandblack,static_B_2020.02.14_13.21.26.csv,train/static_B_2020.02.14_13.21.26.csv#block-000@time-1080.000s,block-000,1080.000,82.0882,82.09,82.09,0.0000,0.0500,2.792398
1014,soldier,driving_B_2019.12.17_07.32.39.csv,train/driving_B_2019.12.17_07.32.39.csv#block-000@time-1440.000s,block-000,1440.000,89.4847,89.48,89.48,0.0000,0.0500,2.838188
1015,longdress,driving_B_2020.02.27_17.30.15.csv,train/driving_B_2020.02.27_17.30.15.csv#block-002@time-413.000s,block-002,413.000,3.4591,3.46,3.46,0.0000,0.0500,2.730936
1016,loot,driving_B_2020.01.16_07.26.43.csv,train/driving_B_2020.01.16_07.26.43.csv#block-000@time-420.000s,block-000,420.000,22.6590,22.66,22.66,0.0000,0.0500,2.554072
1017,redandblack,static_B_2020.02.27_18.39.27.csv,train/static_B_2020.02.27_18.39.27.csv#block-001@time-5112.000s,block-001,5112.000,41.6383,41.64,41.64,0.0000,0.0500,2.741319
1018,soldier,driving_B_2020.01.16_09.56.56.csv,train/driving_B_2020.01.16_09.56.56.csv#block-001@time-519.000s,block-001,519.000,26.8768,26.88,26.88,0.0000,0.0500,2.756696
1019,longdress,driving_B_2020.01.16_09.56.56.csv,train/driving_B_2020.01.16_09.56.56.csv#block-000@time-120.000s,block-000,120.000,-6.2882,-6.29,-6.29,0.0000,0.0500,2.707407
1020,loot,driving_B_2020.02.14_12.58.17.csv,train/driving_B_2020.02.14_12.58.17.csv#block-002@time-716.000s,block-002,716.000,20.4112,20.41,20.41,0.0000,0.0500,2.465444
1021,redandblack,driving_B_2019.12.17_07.32.39.csv,train/driving_B_2019.12.17_07.32.39.csv#block-000@time-660.000s,block-000,660.000,18.2204,18.22,18.22,0.0000,0.0500,2.623238
1022,soldier,driving_B_2019.12.16_12.27.05.csv,train/driving_B_2019.12.16_12.27.05.csv#block-000@time-240.000s,block-000,240.000,25.7354,25.74,25.74,0.0000,0.0500,2.876647
1023,longdress,driving_B_2020.01.16_09.56.56.csv,train/driving_B_2020.01.16_09.56.56.csv#block-001@time-1719.000s,block-001,1719.000,35.7387,35.74,35.74,0.0000,0.0500,2.638707
1024,loot,driving_B_2019.12.16_12.27.05.csv,train/driving_B_2019.12.16_12.27.05.csv#block-000@time-180.000s,block-000,180.000,16.1269,16.13,16.13,0.0000,0.0500,3.008773
1025,redandblack,driving_B_2020.02.14_09.38.22.csv,train/driving_B_2020.02.14_09.38.22.csv#block-000@time-780.000s,block-000,780.000,69.8769,69.88,69.88,0.0000,0.0500,2.800135
1026,soldier,driving_B_2020.02.13_13.03.24.csv,train/driving_B_2020.02.13_13.03.24.csv#block-001@time-1574.000s,block-001,1574.000,14.5756,14.58,14.58,0.0000,0.0500,2.832400
1027,longdress,driving_B_2019.12.16_12.27.05.csv,train/driving_B_2019.12.16_12.27.05.csv#block-000@time-1080.000s,block-000,1080.000,50.9949,50.99,50.99,0.0000,0.0500,2.642403
1028,loot,static_B_2020.02.14_13.21.26.csv,train/static_B_2020.02.14_13.21.26.csv#block-000@time-120.000s,block-000,120.000,82.2884,82.29,82.29,1.1118,0.0500,2.829479
1029,redandblack,driving_B_2020.01.16_12.10.03.csv,train/driving_B_2020.01.16_12.10.03.csv#block-000@time-0.000s,block-000,0.000,73.0879,73.09,73.09,1.2541,0.0500,2.832681
1030,soldier,static_B_2020.02.27_18.39.27.csv,train/static_B_2020.02.27_18.39.27.csv#block-001@time-4272.000s,block-001,4272.000,45.9565,45.96,45.96,0.0587,0.0500,2.698023
1031,longdress,driving_B_2020.02.14_09.38.22.csv,train/driving_B_2020.02.14_09.38.22.csv#block-000@time-900.000s,block-000,900.000,-91.1357,-91.14,-91.14,0.0000,0.0500,2.517607
1032,loot,driving_B_2019.12.17_07.32.39.csv,train/driving_B_2019.12.17_07.32.39.csv#block-000@time-240.000s,block-000,240.000,20.4604,20.46,20.46,0.0000,0.0500,2.874508
1033,redandblack,static_B_2020.02.27_18.39.27.csv,train/static_B_2020.02.27_18.39.27.csv#block-001@time-852.000s,block-001,852.000,35.2308,35.23,35.23,0.0000,0.0500,2.520020
1034,soldier,static_B_2020.02.27_18.39.27.csv,train/static_B_2020.02.27_18.39.27.csv#block-001@time-5652.000s,block-001,5652.000,49.5658,49.57,49.57,0.0000,0.0500,2.692768
1035,longdress,static_B_2019.12.16_13.40.04.csv,train/static_B_2019.12.16_13.40.04.csv#block-001@time-655.000s,block-001,655.000,32.7754,32.78,32.78,0.0000,0.0500,2.772036
1036,loot,static_B_2019.12.16_13.40.04.csv,train/static_B_2019.12.16_13.40.04.csv#block-000@time-360.000s,block-000,360.000,27.9290,27.93,27.93,0.0000,0.0500,2.763971
1037,redandblack,driving_B_2020.01.16_12.10.03.csv,train/driving_B_2020.01.16_12.10.03.csv#block-000@time-240.000s,block-000,240.000,82.0345,82.03,82.03,0.5624,0.0500,2.576687
1038,soldier,static_B_2019.12.16_13.40.04.csv,train/static_B_2019.12.16_13.40.04.csv#block-000@time-180.000s,block-000,180.000,38.0954,38.10,38.10,0.0000,0.0500,2.818122
1039,longdress,driving_B_2019.12.17_07.32.39.csv,train/driving_B_2019.12.17_07.32.39.csv#block-004@time-2237.000s,block-004,2237.000,13.8133,13.81,13.81,0.0000,0.0500,2.828973
1040,loot,driving_B_2020.01.16_12.10.03.csv,train/driving_B_2020.01.16_12.10.03.csv#block-000@time-300.000s,block-000,300.000,25.7690,25.77,25.77,0.8804,0.0500,2.493573
1041,redandblack,driving_B_2020.01.16_07.26.43.csv,train/driving_B_2020.01.16_07.26.43.csv#block-000@time-1440.000s,block-000,1440.000,32.9375,32.94,32.94,0.3080,0.0500,2.829337
1042,soldier,driving_B_2020.02.14_09.38.22.csv,train/driving_B_2020.02.14_09.38.22.csv#block-000@time-120.000s,block-000,120.000,5.8104,5.81,5.81,0.0000,0.0500,2.683509
1043,longdress,driving_B_2020.01.16_09.56.56.csv,train/driving_B_2020.01.16_09.56.56.csv#block-001@time-1479.000s,block-001,1479.000,28.3470,28.35,28.35,1.1995,0.0500,2.825199
1044,loot,driving_B_2020.02.13_13.03.24.csv,train/driving_B_2020.02.13_13.03.24.csv#block-000@time-540.000s,block-000,540.000,26.8778,26.88,26.88,0.0694,0.0500,2.737175
1045,redandblack,driving_B_2020.02.27_17.30.15.csv,train/driving_B_2020.02.27_17.30.15.csv#block-002@time-533.000s,block-002,533.000,-25.7037,-25.70,-25.70,0.0000,0.0500,2.690716
1046,soldier,driving_B_2019.12.16_12.27.05.csv,train/driving_B_2019.12.16_12.27.05.csv#block-000@time-1140.000s,block-000,1140.000,16.5568,16.56,16.56,0.0000,0.0500,2.599869
1047,longdress,driving_B_2020.01.16_07.26.43.csv,train/driving_B_2020.01.16_07.26.43.csv#block-000@time-1140.000s,block-000,1140.000,33.0847,33.08,33.08,0.0000,0.0500,2.950753
1048,loot,driving_B_2020.02.13_15.02.01.csv,train/driving_B_2020.02.13_15.02.01.csv#block-000@time-1440.000s,block-000,1440.000,-30.1019,-30.10,-30.10,0.0000,0.0500,2.738172
1049,redandblack,driving_B_2020.02.14_12.58.17.csv,train/driving_B_2020.02.14_12.58.17.csv#block-002@time-716.000s,block-002,716.000,15.3214,15.32,15.32,0.0000,0.0500,2.701916
1050,soldier,driving_B_2019.12.16_12.27.05.csv,train/driving_B_2019.12.16_12.27.05.csv#block-000@time-720.000s,block-000,720.000,-12.8253,-12.83,-12.83,0.0000,0.0500,2.676821
1051,longdress,driving_B_2020.02.13_13.03.24.csv,train/driving_B_2020.02.13_13.03.24.csv#block-000@time-480.000s,block-000,480.000,27.6289,27.63,27.63,0.3248,0.0500,2.561145
1052,loot,driving_B_2020.02.14_09.38.22.csv,train/driving_B_2020.02.14_09.38.22.csv#block-000@time-960.000s,block-000,960.000,54.4008,54.40,54.40,0.0000,0.0500,2.700924
1053,redandblack,driving_B_2020.02.14_09.38.22.csv,train/driving_B_2020.02.14_09.38.22.csv#block-000@time-780.000s,block-000,780.000,40.1792,40.18,40.18,0.2459,0.0500,2.751209
1054,soldier,driving_B_2020.02.27_17.30.15.csv,train/driving_B_2020.02.27_17.30.15.csv#block-002@time-353.000s,block-002,353.000,-43.5780,-43.58,-43.58,0.0000,0.0500,2.566352
1055,longdress,driving_B_2020.02.14_09.38.22.csv,train/driving_B_2020.02.14_09.38.22.csv#block-000@time-480.000s,block-000,480.000,-0.7329,-0.73,-0.73,0.0000,0.0500,2.749446
1056,loot,driving_B_2019.12.17_07.32.39.csv,train/driving_B_2019.12.17_07.32.39.csv#block-000@time-480.000s,block-000,480.000,63.7777,63.78,63.78,0.0000,0.0500,2.764431
1057,redandblack,static_B_2019.12.16_13.40.04.csv,train/static_B_2019.12.16_13.40.04.csv#block-005@time-1886.000s,block-005,1886.000,54.5517,54.55,54.55,0.0000,0.0500,2.709679
1058,soldier,driving_B_2020.01.16_09.56.56.csv,train/driving_B_2020.01.16_09.56.56.csv#block-001@time-879.000s,block-001,879.000,65.6064,65.61,65.61,0.0000,0.0500,2.680270
1059,longdress,driving_B_2020.01.16_09.56.56.csv,train/driving_B_2020.01.16_09.56.56.csv#block-001@time-1599.000s,block-001,1599.000,53.9930,53.99,53.99,0.0000,0.0500,2.971006
1060,loot,driving_B_2020.02.14_12.58.17.csv,train/driving_B_2020.02.14_12.58.17.csv#block-002@time-536.000s,block-002,536.000,-50.8814,-50.88,-50.88,0.0000,0.0500,2.975471
1061,redandblack,static_B_2019.12.16_13.40.04.csv,train/static_B_2019.12.16_13.40.04.csv#block-005@time-1946.000s,block-005,1946.000,63.6162,63.62,63.62,0.0000,0.0500,2.801056
1062,soldier,driving_B_2020.01.16_09.56.56.csv,train/driving_B_2020.01.16_09.56.56.csv#block-001@time-1359.000s,block-001,1359.000,13.6414,13.64,13.64,0.0000,0.0500,2.755294
1063,longdress,static_B_2020.02.14_13.21.26.csv,train/static_B_2020.02.14_13.21.26.csv#block-000@time-1080.000s,block-000,1080.000,28.3285,28.33,28.33,1.1456,0.0500,2.725981
1064,loot,driving_B_2020.02.14_12.58.17.csv,train/driving_B_2020.02.14_12.58.17.csv#block-002@time-536.000s,block-002,536.000,-27.3550,-27.36,-27.36,0.0000,0.0500,2.844290
1065,redandblack,driving_B_2020.01.16_12.10.03.csv,train/driving_B_2020.01.16_12.10.03.csv#block-000@time-300.000s,block-000,300.000,26.9992,27.00,27.00,0.0000,0.0500,2.898526
1066,soldier,static_B_2020.02.14_13.21.26.csv,train/static_B_2020.02.14_13.21.26.csv#block-000@time-600.000s,block-000,600.000,84.9324,84.93,84.93,0.0000,0.0500,2.692641
1067,longdress,driving_B_2019.12.17_07.32.39.csv,train/driving_B_2019.12.17_07.32.39.csv#block-000@time-1020.000s,block-000,1020.000,27.2534,27.25,27.25,0.0000,0.0500,2.520972
1068,loot,driving_B_2020.01.16_12.10.03.csv,train/driving_B_2020.01.16_12.10.03.csv#block-000@time-240.000s,block-000,240.000,70.1566,70.16,70.16,0.7134,0.0500,2.477606
1069,redandblack,driving_B_2020.01.16_09.56.56.csv,train/driving_B_2020.01.16_09.56.56.csv#block-001@time-939.000s,block-001,939.000,17.0479,17.05,17.05,0.0000,0.0500,2.680079
1070,soldier,driving_B_2020.02.13_13.03.24.csv,train/driving_B_2020.02.13_13.03.24.csv#block-001@time-1154.000s,block-001,1154.000,-2.8171,-2.82,-2.82,0.0000,0.0500,2.756386
1071,longdress,static_B_2019.12.16_13.40.04.csv,train/static_B_2019.12.16_13.40.04.csv#block-005@time-2006.000s,block-005,2006.000,34.9546,34.95,34.95,0.0000,0.0500,2.799200
1072,loot,driving_B_2020.02.13_15.02.01.csv,train/driving_B_2020.02.13_15.02.01.csv#block-000@time-2640.000s,block-000,2640.000,-34.8820,-34.88,-34.88,0.0000,0.0500,2.449181
1073,redandblack,driving_B_2020.01.16_12.10.03.csv,train/driving_B_2020.01.16_12.10.03.csv#block-000@time-0.000s,block-000,0.000,22.4999,22.50,22.50,1.1624,0.0500,2.667213
1074,soldier,driving_B_2019.12.17_07.32.39.csv,train/driving_B_2019.12.17_07.32.39.csv#block-000@time-1200.000s,block-000,1200.000,69.8057,69.81,69.81,0.2462,0.0500,2.809458
1075,longdress,driving_B_2020.02.13_13.03.24.csv,train/driving_B_2020.02.13_13.03.24.csv#block-000@time-180.000s,block-000,180.000,23.0823,23.08,23.08,0.0000,0.0500,2.751685
1076,loot,driving_B_2020.02.14_12.58.17.csv,train/driving_B_2020.02.14_12.58.17.csv#block-002@time-536.000s,block-002,536.000,-50.1551,-50.16,-50.16,0.0000,0.0500,2.704857
1077,redandblack,static_B_2019.12.16_13.40.04.csv,train/static_B_2019.12.16_13.40.04.csv#block-001@time-1075.000s,block-001,1075.000,39.7420,39.74,39.74,0.0000,0.0500,2.894824
1078,soldier,driving_B_2020.02.14_12.58.17.csv,train/driving_B_2020.02.14_12.58.17.csv#block-002@time-656.000s,block-002,656.000,26.8782,26.88,26.88,0.6893,0.0500,2.778357
1079,longdress,driving_B_2020.02.27_17.30.15.csv,train/driving_B_2020.02.27_17.30.15.csv#block-002@time-533.000s,block-002,533.000,-89.3454,-89.35,-89.35,0.0000,0.0500,2.767885
1080,loot,static_B_2019.12.16_13.40.04.csv,train/static_B_2019.12.16_13.40.04.csv#block-001@time-1015.000s,block-001,1015.000,28.4101,28.41,28.41,1.1748,0.0500,2.624532
1081,redandblack,driving_B_2020.02.13_15.02.01.csv,train/driving_B_2020.02.13_15.02.01.csv#block-000@time-1080.000s,block-000,1080.000,24.9856,24.99,24.99,0.0000,0.0500,2.882668
1082,soldier,driving_B_2020.02.13_13.03.24.csv,train/driving_B_2020.02.13_13.03.24.csv#block-001@time-1394.000s,block-001,1394.000,24.0800,24.08,24.08,0.0000,0.0500,3.097616
1083,longdress,driving_B_2020.02.13_13.03.24.csv,train/driving_B_2020.02.13_13.03.24.csv#block-000@time-120.000s,block-000,120.000,-18.0163,-18.02,-18.02,0.0000,0.0500,2.760550
1084,loot,driving_B_2020.01.16_09.56.56.csv,train/driving_B_2020.01.16_09.56.56.csv#block-001@time-1419.000s,block-001,1419.000,20.8471,20.85,20.85,0.0000,0.0500,3.073349
1085,redandblack,static_B_2019.12.16_13.40.04.csv,train/static_B_2019.12.16_13.40.04.csv#block-001@time-715.000s,block-001,715.000,25.1307,25.13,25.13,0.0000,0.0500,2.974872
1086,soldier,driving_B_2020.02.14_12.58.17.csv,train/driving_B_2020.02.14_12.58.17.csv#block-000@time-0.000s,block-000,0.000,14.4970,14.50,14.50,0.0000,0.0500,2.938828
1087,longdress,static_B_2019.12.16_13.40.04.csv,train/static_B_2019.12.16_13.40.04.csv#block-005@time-1826.000s,block-005,1826.000,44.2972,44.30,44.30,0.0000,0.0500,2.830993
1088,loot,driving_B_2020.02.14_09.38.22.csv,train/driving_B_2020.02.14_09.38.22.csv#block-000@time-1320.000s,block-000,1320.000,25.8953,25.90,25.90,0.0000,0.0500,2.948018
1089,redandblack,static_B_2019.12.16_13.40.04.csv,train/static_B_2019.12.16_13.40.04.csv#block-005@time-1586.000s,block-005,1586.000,-44.5444,-44.54,-44.54,0.0000,0.0500,2.681459
1090,soldier,static_B_2019.12.16_13.40.04.csv,train/static_B_2019.12.16_13.40.04.csv#block-005@time-1466.000s,block-005,1466.000,33.9921,33.99,33.99,0.0000,0.0500,2.884844
1091,longdress,driving_B_2019.12.17_07.32.39.csv,train/driving_B_2019.12.17_07.32.39.csv#block-003@time-1534.000s,block-003,1534.000,24.3305,24.33,24.33,1.2082,0.0500,2.776605
1092,loot,driving_B_2020.02.13_13.03.24.csv,train/driving_B_2020.02.13_13.03.24.csv#block-001@time-1214.000s,block-001,1214.000,24.7489,24.75,24.75,0.0000,0.0500,2.706618
1093,redandblack,static_B_2020.02.14_13.21.26.csv,train/static_B_2020.02.14_13.21.26.csv#block-000@time-240.000s,block-000,240.000,55.2464,55.25,55.25,1.1623,0.0500,2.812488
1094,soldier,driving_B_2020.02.14_09.38.22.csv,train/driving_B_2020.02.14_09.38.22.csv#block-000@time-180.000s,block-000,180.000,3.6150,3.61,3.61,0.0000,0.0500,3.012396
1095,longdress,static_B_2019.12.16_13.40.04.csv,train/static_B_2019.12.16_13.40.04.csv#block-006@time-2232.000s,block-006,2232.000,42.6372,42.64,42.64,0.3107,0.0500,3.029867
1096,loot,static_B_2020.02.27_18.39.27.csv,train/static_B_2020.02.27_18.39.27.csv#block-001@time-1872.000s,block-001,1872.000,31.3321,31.33,31.33,0.0000,0.0500,2.889831
1097,redandblack,static_B_2020.02.14_13.21.26.csv,train/static_B_2020.02.14_13.21.26.csv#block-000@time-180.000s,block-000,180.000,84.7490,84.75,84.75,0.0000,0.0500,2.935362
1098,soldier,driving_B_2020.02.13_13.03.24.csv,train/driving_B_2020.02.13_13.03.24.csv#block-001@time-1274.000s,block-001,1274.000,17.2307,17.23,17.23,0.0000,0.0500,2.736211
1099,longdress,driving_B_2020.02.14_09.38.22.csv,train/driving_B_2020.02.14_09.38.22.csv#block-000@time-240.000s,block-000,240.000,-54.5421,-54.54,-54.54,0.0000,0.0500,2.940176
1100,loot,static_B_2019.12.16_13.40.04.csv,train/static_B_2019.12.16_13.40.04.csv#block-001@time-1135.000s,block-001,1135.000,32.3973,32.40,32.40,0.0000,0.0500,2.893337
1101,redandblack,driving_B_2020.02.14_12.58.17.csv,train/driving_B_2020.02.14_12.58.17.csv#block-002@time-656.000s,block-002,656.000,27.2393,27.24,27.24,0.0823,0.0500,2.836655
1102,soldier,driving_B_2020.02.14_09.38.22.csv,train/driving_B_2020.02.14_09.38.22.csv#block-000@time-600.000s,block-000,600.000,29.4263,29.43,29.43,0.0000,0.0500,2.740709
1103,longdress,driving_B_2020.02.14_09.38.22.csv,train/driving_B_2020.02.14_09.38.22.csv#block-000@time-1440.000s,block-000,1440.000,79.4653,79.47,79.47,0.0000,0.0500,2.880650
1104,loot,driving_B_2020.01.16_07.26.43.csv,train/driving_B_2020.01.16_07.26.43.csv#block-000@time-1560.000s,block-000,1560.000,25.4095,25.41,25.41,0.0000,0.0500,2.889533
1105,redandblack,driving_B_2020.02.14_09.38.22.csv,train/driving_B_2020.02.14_09.38.22.csv#block-000@time-1500.000s,block-000,1500.000,31.1213,31.12,31.12,0.0000,0.0500,2.927013
1106,soldier,static_B_2020.02.27_18.39.27.csv,train/static_B_2020.02.27_18.39.27.csv#block-001@time-2112.000s,block-001,2112.000,9.7038,9.70,9.70,0.0000,0.0500,2.847897
1107,longdress,driving_B_2019.12.16_12.27.05.csv,train/driving_B_2019.12.16_12.27.05.csv#block-000@time-300.000s,block-000,300.000,25.4920,25.49,25.49,0.0000,0.0500,2.737980
1108,loot,driving_B_2020.02.13_15.02.01.csv,train/driving_B_2020.02.13_15.02.01.csv#block-000@time-1680.000s,block-000,1680.000,21.6281,21.63,21.63,0.0000,0.0500,2.700224
1109,redandblack,static_B_2019.12.16_13.40.04.csv,train/static_B_2019.12.16_13.40.04.csv#block-001@time-775.000s,block-001,775.000,25.8206,25.82,25.82,1.1657,0.0500,2.820213
1110,soldier,driving_B_2020.02.13_13.03.24.csv,train/driving_B_2020.02.13_13.03.24.csv#block-000@time-0.000s,block-000,0.000,-8.0938,-8.09,-8.09,0.0000,0.0500,2.948814
1111,longdress,driving_B_2020.01.16_09.56.56.csv,train/driving_B_2020.01.16_09.56.56.csv#block-001@time-699.000s,block-001,699.000,24.2710,24.27,24.27,1.1778,0.0500,2.673817
1112,loot,static_B_2019.12.16_13.40.04.csv,train/static_B_2019.12.16_13.40.04.csv#block-005@time-1346.000s,block-005,1346.000,-10.0839,-10.08,-10.08,0.0000,0.0500,2.886295
1113,redandblack,driving_B_2020.01.16_09.56.56.csv,train/driving_B_2020.01.16_09.56.56.csv#block-000@time-0.000s,block-000,0.000,29.7965,29.80,29.80,0.0285,0.0500,2.760205
1114,soldier,driving_B_2020.01.16_07.26.43.csv,train/driving_B_2020.01.16_07.26.43.csv#block-000@time-1200.000s,block-000,1200.000,36.0881,36.09,36.09,0.0000,0.0500,2.790866
1115,longdress,driving_B_2020.01.16_12.10.03.csv,train/driving_B_2020.01.16_12.10.03.csv#block-000@time-180.000s,block-000,180.000,75.2315,75.23,75.23,0.0000,0.0500,2.948043
1116,loot,driving_B_2020.01.16_12.10.03.csv,train/driving_B_2020.01.16_12.10.03.csv#block-000@time-300.000s,block-000,300.000,14.6953,14.70,14.70,0.0000,0.0500,2.788240
1117,redandblack,driving_B_2020.02.27_17.30.15.csv,train/driving_B_2020.02.27_17.30.15.csv#block-002@time-293.000s,block-002,293.000,-144.8859,-144.89,-144.89,0.0000,0.0500,2.869404
1118,soldier,static_B_2020.02.14_13.21.26.csv,train/static_B_2020.02.14_13.21.26.csv#block-000@time-0.000s,block-000,0.000,30.2803,30.28,30.28,0.0000,0.0500,2.668863
1119,longdress,driving_B_2020.02.14_09.38.22.csv,train/driving_B_2020.02.14_09.38.22.csv#block-000@time-0.000s,block-000,0.000,16.4769,16.48,16.48,0.0000,0.0500,2.960978
1120,loot,driving_B_2019.12.16_12.27.05.csv,train/driving_B_2019.12.16_12.27.05.csv#block-000@time-600.000s,block-000,600.000,13.7869,13.79,13.79,0.0000,0.0500,2.591018
1121,redandblack,static_B_2020.02.14_13.21.26.csv,train/static_B_2020.02.14_13.21.26.csv#block-000@time-600.000s,block-000,600.000,73.7263,73.73,73.73,0.8657,0.0500,2.965974
1122,soldier,driving_B_2020.02.27_17.30.15.csv,train/driving_B_2020.02.27_17.30.15.csv#block-002@time-533.000s,block-002,533.000,-71.0279,-71.03,-71.03,0.0000,0.0500,2.883240
1123,longdress,driving_B_2020.01.16_12.10.03.csv,train/driving_B_2020.01.16_12.10.03.csv#block-000@time-120.000s,block-000,120.000,53.4130,53.41,53.41,0.0000,0.0500,3.020966
1124,loot,driving_B_2019.12.17_07.32.39.csv,train/driving_B_2019.12.17_07.32.39.csv#block-000@time-1080.000s,block-000,1080.000,19.5320,19.53,19.53,0.0000,0.0500,2.733814
1125,redandblack,static_B_2020.02.14_13.21.26.csv,train/static_B_2020.02.14_13.21.26.csv#block-000@time-900.000s,block-000,900.000,62.0832,62.08,62.08,0.0000,0.0500,2.836235
1126,soldier,static_B_2020.02.14_13.21.26.csv,train/static_B_2020.02.14_13.21.26.csv#block-000@time-300.000s,block-000,300.000,37.2556,37.26,37.26,0.0000,0.0500,2.710653
1127,longdress,driving_B_2020.02.27_17.30.15.csv,train/driving_B_2020.02.27_17.30.15.csv#block-002@time-413.000s,block-002,413.000,19.8235,19.82,19.82,0.0000,0.0500,2.899886
1128,loot,driving_B_2020.02.13_15.02.01.csv,train/driving_B_2020.02.13_15.02.01.csv#block-000@time-60.000s,block-000,60.000,91.0079,91.01,91.01,0.0000,0.0500,3.003110
1129,redandblack,driving_B_2019.12.17_07.32.39.csv,train/driving_B_2019.12.17_07.32.39.csv#block-000@time-420.000s,block-000,420.000,34.7674,34.77,34.77,0.0000,0.0500,3.009098
1130,soldier,driving_B_2019.12.17_07.32.39.csv,train/driving_B_2019.12.17_07.32.39.csv#block-003@time-1714.000s,block-003,1714.000,20.1449,20.14,20.14,0.0000,0.0500,2.866276
1131,longdress,static_B_2020.02.14_13.21.26.csv,train/static_B_2020.02.14_13.21.26.csv#block-000@time-660.000s,block-000,660.000,86.0280,86.03,86.03,0.0000,0.0500,2.919631
1132,loot,static_B_2020.02.27_18.39.27.csv,train/static_B_2020.02.27_18.39.27.csv#block-001@time-5232.000s,block-001,5232.000,38.6138,38.61,38.61,0.0000,0.0500,2.851093
1133,redandblack,driving_B_2020.01.16_12.10.03.csv,train/driving_B_2020.01.16_12.10.03.csv#block-000@time-120.000s,block-000,120.000,67.7401,67.74,67.74,0.6526,0.0500,2.986406
1134,soldier,driving_B_2020.02.14_09.38.22.csv,train/driving_B_2020.02.14_09.38.22.csv#block-000@time-420.000s,block-000,420.000,-4.4244,-4.42,-4.42,0.0000,0.0500,2.940895
1135,longdress,driving_B_2020.02.14_09.38.22.csv,train/driving_B_2020.02.14_09.38.22.csv#block-000@time-720.000s,block-000,720.000,80.3350,80.34,80.34,0.6988,0.0500,2.889736
1136,loot,static_B_2020.02.14_13.21.26.csv,train/static_B_2020.02.14_13.21.26.csv#block-000@time-720.000s,block-000,720.000,79.2526,79.25,79.25,0.0000,0.0500,2.741064
1137,redandblack,driving_B_2020.01.16_07.26.43.csv,train/driving_B_2020.01.16_07.26.43.csv#block-000@time-1260.000s,block-000,1260.000,29.5352,29.54,29.54,0.3014,0.0500,2.969142
1138,soldier,driving_B_2020.02.27_17.30.15.csv,train/driving_B_2020.02.27_17.30.15.csv#block-002@time-353.000s,block-002,353.000,-81.2059,-81.21,-81.21,0.0000,0.0500,2.632067
1139,longdress,static_B_2019.12.16_13.40.04.csv,train/static_B_2019.12.16_13.40.04.csv#block-000@time-420.000s,block-000,420.000,26.3618,26.36,26.36,1.1822,0.0500,2.855187
1140,loot,driving_B_2020.02.14_09.38.22.csv,train/driving_B_2020.02.14_09.38.22.csv#block-000@time-1560.000s,block-000,1560.000,32.0760,32.08,32.08,0.0000,0.0500,2.763335
1141,redandblack,driving_B_2020.02.14_09.38.22.csv,train/driving_B_2020.02.14_09.38.22.csv#block-000@time-1260.000s,block-000,1260.000,25.0776,25.08,25.08,0.6507,0.0500,2.988711
1142,soldier,static_B_2019.12.16_13.40.04.csv,train/static_B_2019.12.16_13.40.04.csv#block-001@time-895.000s,block-001,895.000,30.3345,30.33,30.33,0.0000,0.0500,3.001115
1143,longdress,driving_B_2020.02.14_12.58.17.csv,train/driving_B_2020.02.14_12.58.17.csv#block-002@time-596.000s,block-002,596.000,11.1400,11.14,11.14,0.0000,0.0500,2.857506
1144,loot,driving_B_2019.12.16_12.27.05.csv,train/driving_B_2019.12.16_12.27.05.csv#block-000@time-1200.000s,block-000,1200.000,20.5416,20.54,20.54,0.0000,0.0500,3.050624
1145,redandblack,driving_B_2020.02.13_15.02.01.csv,train/driving_B_2020.02.13_15.02.01.csv#block-000@time-240.000s,block-000,240.000,61.2247,61.22,61.22,0.0000,0.0500,3.149501
1146,soldier,driving_B_2020.01.16_12.10.03.csv,train/driving_B_2020.01.16_12.10.03.csv#block-000@time-180.000s,block-000,180.000,81.0461,81.05,81.05,0.0000,0.0500,2.780468
1147,longdress,driving_B_2020.02.13_15.02.01.csv,train/driving_B_2020.02.13_15.02.01.csv#block-000@time-360.000s,block-000,360.000,25.5959,25.60,25.60,0.6013,0.0500,2.824328
1148,loot,driving_B_2019.12.16_12.27.05.csv,train/driving_B_2019.12.16_12.27.05.csv#block-000@time-300.000s,block-000,300.000,19.0913,19.09,19.09,0.7507,0.0500,2.808234
1149,redandblack,driving_B_2020.01.16_12.10.03.csv,train/driving_B_2020.01.16_12.10.03.csv#block-000@time-0.000s,block-000,0.000,60.9294,60.93,60.93,1.1903,0.0500,3.030209
1150,soldier,driving_B_2020.02.13_15.02.01.csv,train/driving_B_2020.02.13_15.02.01.csv#block-000@time-120.000s,block-000,120.000,87.3741,87.37,87.37,0.4502,0.0500,2.834059
1151,longdress,static_B_2020.02.27_18.39.27.csv,train/static_B_2020.02.27_18.39.27.csv#block-001@time-4692.000s,block-001,4692.000,46.8365,46.84,46.84,0.5120,0.0500,2.874720
1152,loot,driving_B_2020.02.13_13.03.24.csv,train/driving_B_2020.02.13_13.03.24.csv#block-000@time-300.000s,block-000,300.000,23.7280,23.73,23.73,0.0000,0.0500,2.941361
1153,redandblack,driving_B_2020.01.16_07.26.43.csv,train/driving_B_2020.01.16_07.26.43.csv#block-000@time-0.000s,block-000,0.000,12.8046,12.80,12.80,0.0000,0.0500,3.158027
1154,soldier,static_B_2020.02.27_18.39.27.csv,train/static_B_2020.02.27_18.39.27.csv#block-001@time-4932.000s,block-001,4932.000,35.1503,35.15,35.15,0.0000,0.0500,3.056629
1155,longdress,driving_B_2020.02.14_12.58.17.csv,train/driving_B_2020.02.14_12.58.17.csv#block-002@time-536.000s,block-002,536.000,-71.9431,-71.94,-71.94,0.0000,0.0500,3.105937
1156,loot,driving_B_2020.01.16_12.10.03.csv,train/driving_B_2020.01.16_12.10.03.csv#block-000@time-120.000s,block-000,120.000,91.8047,91.80,91.80,1.1139,0.0500,3.078255
1157,redandblack,driving_B_2020.01.16_07.26.43.csv,train/driving_B_2020.01.16_07.26.43.csv#block-000@time-1740.000s,block-000,1740.000,18.4441,18.44,18.44,0.0000,0.0500,2.679598
1158,soldier,driving_B_2020.02.13_13.03.24.csv,train/driving_B_2020.02.13_13.03.24.csv#block-001@time-1934.000s,block-001,1934.000,-26.5122,-26.51,-26.51,0.0000,0.0500,3.082092
1159,longdress,driving_B_2020.02.14_12.58.17.csv,train/driving_B_2020.02.14_12.58.17.csv#block-000@time-0.000s,block-000,0.000,23.0884,23.09,23.09,0.0000,0.0500,3.082920
1160,loot,static_B_2020.02.14_13.21.26.csv,train/static_B_2020.02.14_13.21.26.csv#block-000@time-840.000s,block-000,840.000,86.4147,86.41,86.41,1.1213,0.0500,3.149164
1161,redandblack,driving_B_2019.12.16_12.27.05.csv,train/driving_B_2019.12.16_12.27.05.csv#block-000@time-120.000s,block-000,120.000,36.3462,36.35,36.35,0.0000,0.0500,2.956631
1162,soldier,driving_B_2020.01.16_07.26.43.csv,train/driving_B_2020.01.16_07.26.43.csv#block-000@time-1380.000s,block-000,1380.000,19.6729,19.67,19.67,0.0000,0.0500,3.180695
1163,longdress,driving_B_2020.01.16_07.26.43.csv,train/driving_B_2020.01.16_07.26.43.csv#block-000@time-60.000s,block-000,60.000,28.1803,28.18,28.18,0.8687,0.0500,2.756265
1164,loot,driving_B_2020.02.13_15.02.01.csv,train/driving_B_2020.02.13_15.02.01.csv#block-000@time-2760.000s,block-000,2760.000,-55.8822,-55.88,-55.88,0.0000,0.0500,3.010867
1165,redandblack,driving_B_2020.02.27_17.30.15.csv,train/driving_B_2020.02.27_17.30.15.csv#block-002@time-473.000s,block-002,473.000,-153.3783,-153.38,-153.38,0.0000,0.0500,3.081430
1166,soldier,static_B_2020.02.14_13.21.26.csv,train/static_B_2020.02.14_13.21.26.csv#block-000@time-180.000s,block-000,180.000,87.3036,87.30,87.30,0.0000,0.0500,3.110370
1167,longdress,driving_B_2020.02.14_12.58.17.csv,train/driving_B_2020.02.14_12.58.17.csv#block-002@time-656.000s,block-002,656.000,32.9166,32.92,32.92,0.0000,0.0500,3.009510
1168,loot,driving_B_2020.02.14_12.58.17.csv,train/driving_B_2020.02.14_12.58.17.csv#block-002@time-716.000s,block-002,716.000,20.2737,20.27,20.27,0.0000,0.0500,2.930120
1169,redandblack,driving_B_2020.02.13_15.02.01.csv,train/driving_B_2020.02.13_15.02.01.csv#block-000@time-1260.000s,block-000,1260.000,27.4974,27.50,27.50,0.0000,0.0500,2.940140
1170,soldier,driving_B_2019.12.17_07.32.39.csv,train/driving_B_2019.12.17_07.32.39.csv#block-003@time-2134.000s,block-003,2134.000,15.4495,15.45,15.45,0.0000,0.0500,2.819320
1171,longdress,driving_B_2019.12.16_12.27.05.csv,train/driving_B_2019.12.16_12.27.05.csv#block-000@time-960.000s,block-000,960.000,75.0928,75.09,75.09,0.0000,0.0500,2.955036
1172,loot,driving_B_2020.02.27_17.30.15.csv,train/driving_B_2020.02.27_17.30.15.csv#block-002@time-473.000s,block-002,473.000,-205.1675,-205.17,-205.17,0.0000,0.0500,2.976115
1173,redandblack,driving_B_2020.02.13_13.03.24.csv,train/driving_B_2020.02.13_13.03.24.csv#block-001@time-1994.000s,block-001,1994.000,62.2585,62.26,62.26,0.0000,0.0500,2.922125
1174,soldier,driving_B_2019.12.16_12.27.05.csv,train/driving_B_2019.12.16_12.27.05.csv#block-000@time-540.000s,block-000,540.000,-73.4147,-73.41,-73.41,0.0000,0.0500,3.145579
1175,longdress,driving_B_2020.02.13_15.02.01.csv,train/driving_B_2020.02.13_15.02.01.csv#block-000@time-1800.000s,block-000,1800.000,-103.8189,-103.82,-103.82,0.0000,0.0500,3.021460
1176,loot,driving_B_2020.02.27_17.30.15.csv,train/driving_B_2020.02.27_17.30.15.csv#block-002@time-413.000s,block-002,413.000,20.8833,20.88,20.88,0.0000,0.0500,2.993890
1177,redandblack,driving_B_2020.02.27_17.30.15.csv,train/driving_B_2020.02.27_17.30.15.csv#block-002@time-413.000s,block-002,413.000,8.8798,8.88,8.88,0.0000,0.0500,2.992167
1178,soldier,static_B_2020.02.27_18.39.27.csv,train/static_B_2020.02.27_18.39.27.csv#block-001@time-3732.000s,block-001,3732.000,47.6098,47.61,47.61,0.0000,0.0500,3.094835
1179,longdress,static_B_2020.02.14_13.21.26.csv,train/static_B_2020.02.14_13.21.26.csv#block-000@time-420.000s,block-000,420.000,59.4987,59.50,59.50,0.0000,0.0500,2.905179
1180,loot,driving_B_2020.02.14_12.58.17.csv,train/driving_B_2020.02.14_12.58.17.csv#block-002@time-536.000s,block-002,536.000,-111.0430,-111.04,-111.04,0.0000,0.0500,2.976197
1181,redandblack,static_B_2020.02.27_18.39.27.csv,train/static_B_2020.02.27_18.39.27.csv#block-001@time-5052.000s,block-001,5052.000,55.9770,55.98,55.98,0.0000,0.0500,3.031230
1182,soldier,driving_B_2019.12.17_07.32.39.csv,train/driving_B_2019.12.17_07.32.39.csv#block-000@time-180.000s,block-000,180.000,27.1900,27.19,27.19,0.0000,0.0500,3.022289
1183,longdress,driving_B_2020.02.14_09.38.22.csv,train/driving_B_2020.02.14_09.38.22.csv#block-000@time-1380.000s,block-000,1380.000,23.7336,23.73,23.73,0.0000,0.0500,3.294641
1184,loot,driving_B_2020.02.13_15.02.01.csv,train/driving_B_2020.02.13_15.02.01.csv#block-000@time-1380.000s,block-000,1380.000,34.6214,34.62,34.62,0.0000,0.0500,3.120761
1185,redandblack,driving_B_2020.01.16_09.56.56.csv,train/driving_B_2020.01.16_09.56.56.csv#block-001@time-999.000s,block-001,999.000,27.6300,27.63,27.63,0.0000,0.0500,3.262163
1186,soldier,driving_B_2020.02.13_15.02.01.csv,train/driving_B_2020.02.13_15.02.01.csv#block-000@time-2460.000s,block-000,2460.000,63.6388,63.64,63.64,0.0000,0.0500,3.134324
1187,longdress,static_B_2020.02.27_18.39.27.csv,train/static_B_2020.02.27_18.39.27.csv#block-001@time-2652.000s,block-001,2652.000,27.2935,27.29,27.29,1.0185,0.0500,3.061645
1188,loot,driving_B_2020.01.16_09.56.56.csv,train/driving_B_2020.01.16_09.56.56.csv#block-000@time-240.000s,block-000,240.000,51.0026,51.00,51.00,0.0000,0.0500,3.229393
1189,redandblack,driving_B_2020.02.13_15.02.01.csv,train/driving_B_2020.02.13_15.02.01.csv#block-000@time-2340.000s,block-000,2340.000,41.6272,41.63,41.63,0.2543,0.0500,3.134634
1190,soldier,driving_B_2020.02.14_12.58.17.csv,train/driving_B_2020.02.14_12.58.17.csv#block-002@time-656.000s,block-002,656.000,32.4183,32.42,32.42,0.0000,0.0500,2.982069
1191,longdress,driving_B_2020.02.14_09.38.22.csv,train/driving_B_2020.02.14_09.38.22.csv#block-000@time-900.000s,block-000,900.000,-62.8270,-62.83,-62.83,0.0000,0.0500,3.132927
1192,loot,driving_B_2019.12.16_12.27.05.csv,train/driving_B_2019.12.16_12.27.05.csv#block-000@time-360.000s,block-000,360.000,27.7650,27.76,27.76,0.0000,0.0500,2.907055
1193,redandblack,driving_B_2020.01.16_07.26.43.csv,train/driving_B_2020.01.16_07.26.43.csv#block-000@time-360.000s,block-000,360.000,18.5554,18.56,18.56,0.0000,0.0500,3.142069
1194,soldier,static_B_2020.02.27_18.39.27.csv,train/static_B_2020.02.27_18.39.27.csv#block-001@time-2472.000s,block-001,2472.000,54.9395,54.94,54.94,0.0000,0.0500,3.132012
1195,longdress,driving_B_2020.01.16_07.26.43.csv,train/driving_B_2020.01.16_07.26.43.csv#block-000@time-1680.000s,block-000,1680.000,24.8712,24.87,24.87,0.2420,0.0500,2.836805
1196,loot,driving_B_2020.02.14_12.58.17.csv,train/driving_B_2020.02.14_12.58.17.csv#block-002@time-716.000s,block-002,716.000,29.3152,29.32,29.32,0.0000,0.0500,2.808626
1197,redandblack,driving_B_2019.12.17_07.32.39.csv,train/driving_B_2019.12.17_07.32.39.csv#block-000@time-360.000s,block-000,360.000,42.1525,42.15,42.15,0.0000,0.0500,3.178654
1198,soldier,driving_B_2020.01.16_12.10.03.csv,train/driving_B_2020.01.16_12.10.03.csv#block-000@time-240.000s,block-000,240.000,85.7146,85.71,85.71,0.0000,0.0500,3.075062
1199,longdress,driving_B_2019.12.16_12.27.05.csv,train/driving_B_2019.12.16_12.27.05.csv#block-000@time-60.000s,block-000,60.000,26.4652,26.47,26.47,0.0000,0.0500,2.977405
1200,loot,static_B_2019.12.16_13.40.04.csv,train/static_B_2019.12.16_13.40.04.csv#block-001@time-955.000s,block-001,955.000,66.3038,66.30,66.30,0.0000,0.0500,3.101089
1201,redandblack,driving_B_2020.02.27_17.30.15.csv,train/driving_B_2020.02.27_17.30.15.csv#block-002@time-533.000s,block-002,533.000,-18.0851,-18.09,-18.09,0.0000,0.0500,3.150980
1202,soldier,driving_B_2020.02.27_17.30.15.csv,train/driving_B_2020.02.27_17.30.15.csv#block-002@time-473.000s,block-002,473.000,-203.6789,-203.68,-203.68,0.0000,0.0500,2.880561
1203,longdress,driving_B_2020.01.16_09.56.56.csv,train/driving_B_2020.01.16_09.56.56.csv#block-001@time-939.000s,block-001,939.000,28.0222,28.02,28.02,0.0000,0.0500,3.391296
1204,loot,static_B_2020.02.27_18.39.27.csv,train/static_B_2020.02.27_18.39.27.csv#block-001@time-2952.000s,block-001,2952.000,68.1377,68.14,68.14,0.0000,0.0500,2.826140
1205,redandblack,driving_B_2020.01.16_09.56.56.csv,train/driving_B_2020.01.16_09.56.56.csv#block-001@time-1179.000s,block-001,1179.000,21.8665,21.87,21.87,0.0000,0.0500,3.003125
1206,soldier,static_B_2020.02.14_13.21.26.csv,train/static_B_2020.02.14_13.21.26.csv#block-000@time-780.000s,block-000,780.000,86.3075,86.31,86.31,0.0000,0.0500,3.193166
1207,longdress,static_B_2020.02.14_13.21.26.csv,train/static_B_2020.02.14_13.21.26.csv#block-000@time-660.000s,block-000,660.000,74.9969,75.00,75.00,0.0000,0.0500,3.462812
1208,loot,driving_B_2020.02.27_17.30.15.csv,train/driving_B_2020.02.27_17.30.15.csv#block-002@time-413.000s,block-002,413.000,21.8608,21.86,21.86,0.0000,0.0500,3.137484
1209,redandblack,driving_B_2020.01.16_12.10.03.csv,train/driving_B_2020.01.16_12.10.03.csv#block-000@time-180.000s,block-000,180.000,60.1155,60.12,60.12,0.0000,0.0500,3.094042
1210,soldier,driving_B_2020.02.13_13.03.24.csv,train/driving_B_2020.02.13_13.03.24.csv#block-001@time-974.000s,block-001,974.000,9.5272,9.53,9.53,0.0000,0.0500,3.240221
1211,longdress,driving_B_2020.02.14_12.58.17.csv,train/driving_B_2020.02.14_12.58.17.csv#block-002@time-596.000s,block-002,596.000,20.5562,20.56,20.56,0.0000,0.0500,3.225445
1212,loot,driving_B_2020.02.13_13.03.24.csv,train/driving_B_2020.02.13_13.03.24.csv#block-001@time-1454.000s,block-001,1454.000,28.7946,28.79,28.79,0.0000,0.0500,3.158249
1213,redandblack,driving_B_2020.02.14_12.58.17.csv,train/driving_B_2020.02.14_12.58.17.csv#block-002@time-656.000s,block-002,656.000,31.2461,31.25,31.25,0.0000,0.0500,3.007693
1214,soldier,driving_B_2019.12.17_07.32.39.csv,train/driving_B_2019.12.17_07.32.39.csv#block-000@time-1380.000s,block-000,1380.000,28.1789,28.18,28.18,0.0000,0.0500,2.919702
1215,longdress,static_B_2020.02.27_18.39.27.csv,train/static_B_2020.02.27_18.39.27.csv#block-001@time-1692.000s,block-001,1692.000,31.1903,31.19,31.19,0.0474,0.0500,3.248311
1216,loot,driving_B_2020.02.27_17.30.15.csv,train/driving_B_2020.02.27_17.30.15.csv#block-002@time-293.000s,block-002,293.000,-70.9753,-70.98,-70.98,0.0000,0.0500,3.070627
1217,redandblack,driving_B_2019.12.17_07.32.39.csv,train/driving_B_2019.12.17_07.32.39.csv#block-003@time-1954.000s,block-003,1954.000,26.3136,26.31,26.31,0.0000,0.0500,3.406477
1218,soldier,driving_B_2019.12.16_12.27.05.csv,train/driving_B_2019.12.16_12.27.05.csv#block-000@time-960.000s,block-000,960.000,68.6590,68.66,68.66,0.0000,0.0500,3.261811
1219,longdress,static_B_2020.02.14_13.21.26.csv,train/static_B_2020.02.14_13.21.26.csv#block-000@time-780.000s,block-000,780.000,54.2237,54.22,54.22,0.0000,0.0500,3.209915
1220,loot,driving_B_2019.12.17_07.32.39.csv,train/driving_B_2019.12.17_07.32.39.csv#block-000@time-780.000s,block-000,780.000,28.2040,28.20,28.20,0.0000,0.0500,3.137497
1221,redandblack,driving_B_2020.02.27_17.30.15.csv,train/driving_B_2020.02.27_17.30.15.csv#block-002@time-533.000s,block-002,533.000,-65.5338,-65.53,-65.53,0.0000,0.0500,3.244419
1222,soldier,driving_B_2019.12.16_12.27.05.csv,train/driving_B_2019.12.16_12.27.05.csv#block-000@time-1200.000s,block-000,1200.000,27.4823,27.48,27.48,0.0000,0.0500,3.134055
1223,longdress,driving_B_2020.02.14_12.58.17.csv,train/driving_B_2020.02.14_12.58.17.csv#block-002@time-716.000s,block-002,716.000,27.6360,27.64,27.64,0.0000,0.0500,3.250272
1224,loot,driving_B_2019.12.17_07.32.39.csv,train/driving_B_2019.12.17_07.32.39.csv#block-003@time-1834.000s,block-003,1834.000,17.5544,17.55,17.55,0.0000,0.0500,3.236620
1225,redandblack,driving_B_2019.12.16_12.27.05.csv,train/driving_B_2019.12.16_12.27.05.csv#block-000@time-660.000s,block-000,660.000,-16.0551,-16.06,-16.06,0.0000,0.0500,3.351192
1226,soldier,driving_B_2020.02.13_13.03.24.csv,train/driving_B_2020.02.13_13.03.24.csv#block-001@time-1694.000s,block-001,1694.000,14.9646,14.96,14.96,0.0000,0.0500,3.112607
1227,longdress,driving_B_2020.01.16_07.26.43.csv,train/driving_B_2020.01.16_07.26.43.csv#block-000@time-1320.000s,block-000,1320.000,27.1286,27.13,27.13,0.0000,0.0500,2.937077
1228,loot,driving_B_2020.02.27_17.30.15.csv,train/driving_B_2020.02.27_17.30.15.csv#block-002@time-413.000s,block-002,413.000,15.2647,15.26,15.26,0.0000,0.0500,3.354497
1229,redandblack,driving_B_2020.02.13_15.02.01.csv,train/driving_B_2020.02.13_15.02.01.csv#block-000@time-2220.000s,block-000,2220.000,35.7716,35.77,35.77,0.0000,0.0500,3.128298
1230,soldier,static_B_2020.02.27_18.39.27.csv,train/static_B_2020.02.27_18.39.27.csv#block-001@time-5712.000s,block-001,5712.000,41.8032,41.80,41.80,0.0000,0.0500,3.283278
1231,longdress,driving_B_2020.02.13_13.03.24.csv,train/driving_B_2020.02.13_13.03.24.csv#block-000@time-240.000s,block-000,240.000,6.5048,6.50,6.50,0.0000,0.0500,3.079309
1232,loot,driving_B_2020.02.27_17.30.15.csv,train/driving_B_2020.02.27_17.30.15.csv#block-002@time-293.000s,block-002,293.000,-193.9758,-193.98,-193.98,0.0000,0.0500,3.094799
1233,redandblack,driving_B_2020.01.16_09.56.56.csv,train/driving_B_2020.01.16_09.56.56.csv#block-001@time-579.000s,block-001,579.000,32.3992,32.40,32.40,0.0000,0.0500,3.091591
1234,soldier,driving_B_2020.01.16_07.26.43.csv,train/driving_B_2020.01.16_07.26.43.csv#block-000@time-720.000s,block-000,720.000,26.0513,26.05,26.05,0.0000,0.0500,3.210378
1235,longdress,driving_B_2020.02.27_17.30.15.csv,train/driving_B_2020.02.27_17.30.15.csv#block-002@time-353.000s,block-002,353.000,-41.7341,-41.73,-41.73,0.0000,0.0500,3.372317
1236,loot,driving_B_2020.02.13_13.03.24.csv,train/driving_B_2020.02.13_13.03.24.csv#block-001@time-1034.000s,block-001,1034.000,3.1543,3.15,3.15,0.0000,0.0500,3.173006
1237,redandblack,driving_B_2020.02.13_15.02.01.csv,train/driving_B_2020.02.13_15.02.01.csv#block-000@time-300.000s,block-000,300.000,49.7482,49.75,49.75,1.1583,0.0500,3.276629
1238,soldier,driving_B_2020.02.13_15.02.01.csv,train/driving_B_2020.02.13_15.02.01.csv#block-000@time-840.000s,block-000,840.000,25.5769,25.58,25.58,0.0000,0.0500,2.983457
1239,longdress,driving_B_2020.01.16_07.26.43.csv,train/driving_B_2020.01.16_07.26.43.csv#block-000@time-960.000s,block-000,960.000,-11.7355,-11.74,-11.74,0.0000,0.0500,2.991637
1240,loot,driving_B_2020.02.13_15.02.01.csv,train/driving_B_2020.02.13_15.02.01.csv#block-000@time-2280.000s,block-000,2280.000,28.2789,28.28,28.28,0.0000,0.0500,3.281312
1241,redandblack,driving_B_2020.01.16_12.10.03.csv,train/driving_B_2020.01.16_12.10.03.csv#block-000@time-120.000s,block-000,120.000,72.7687,72.77,72.77,0.3319,0.0500,3.453980
1242,soldier,driving_B_2020.02.27_17.30.15.csv,train/driving_B_2020.02.27_17.30.15.csv#block-002@time-473.000s,block-002,473.000,-237.3663,-237.37,-237.37,0.0000,0.0500,3.205641
1243,longdress,static_B_2020.02.27_18.39.27.csv,train/static_B_2020.02.27_18.39.27.csv#block-001@time-12.000s,block-001,12.000,90.8259,90.83,90.83,0.0000,0.0500,3.184350
1244,loot,static_B_2020.02.14_13.21.26.csv,train/static_B_2020.02.14_13.21.26.csv#block-000@time-360.000s,block-000,360.000,68.7716,68.77,68.77,0.0000,0.0500,3.080527
1245,redandblack,driving_B_2020.02.13_13.03.24.csv,train/driving_B_2020.02.13_13.03.24.csv#block-001@time-1334.000s,block-001,1334.000,-16.1820,-16.18,-16.18,0.0000,0.0500,2.973635
1246,soldier,static_B_2020.02.27_18.39.27.csv,train/static_B_2020.02.27_18.39.27.csv#block-001@time-2292.000s,block-001,2292.000,38.2203,38.22,38.22,0.0000,0.0500,3.184379
1247,longdress,static_B_2019.12.16_13.40.04.csv,train/static_B_2019.12.16_13.40.04.csv#block-005@time-1406.000s,block-005,1406.000,33.5339,33.53,33.53,0.0000,0.0500,3.496114
1248,loot,driving_B_2020.02.13_13.03.24.csv,train/driving_B_2020.02.13_13.03.24.csv#block-001@time-1514.000s,block-001,1514.000,17.4161,17.42,17.42,0.0000,0.0500,2.674006
