# C:\Users\Nima\AppData\Local\Programs\Python\Python313\python.exe -u scripts\gen_lstm_dataset.py --offsets 8 --protocol configs/experiment_protocol.json --segment-frames 10 --out-dir C:\Users\Nima\PointCloudStreaming\data/lstm_achieved_request_pacing_s10 --trace-registry configs/trace_window_registry.json
  longdress__driving_B_2019.12.16_12.27.05__fixed1__win0__seed42.csv: 30 samples (mean 18.20 Mbps)
  longdress__driving_B_2019.12.16_12.27.05__fixed3__win0__seed42.csv: 30 samples (mean 16.23 Mbps)
  longdress__driving_B_2019.12.16_12.27.05__fixed5__win0__seed42.csv: 30 samples (mean 4.18 Mbps)
  longdress__driving_B_2019.12.16_12.27.05__cycle__win0__seed42.csv: 30 samples (mean 15.47 Mbps)
  longdress__driving_B_2019.12.16_12.27.05__bandwidth__win0__seed42.csv: 30 samples (mean 6.32 Mbps)
  longdress__driving_B_2019.12.16_12.27.05__fixed1__win0__seed43.csv: 30 samples (mean 17.95 Mbps)
  longdress__driving_B_2019.12.16_12.27.05__fixed3__win0__seed43.csv: 30 samples (mean 16.22 Mbps)
  longdress__driving_B_2019.12.16_12.27.05__fixed5__win0__seed43.csv: 30 samples (mean 4.25 Mbps)
  longdress__driving_B_2019.12.16_12.27.05__cycle__win0__seed43.csv: 30 samples (mean 15.58 Mbps)
  longdress__driving_B_2019.12.16_12.27.05__bandwidth__win0__seed43.csv: 30 samples (mean 9.95 Mbps)
  longdress__driving_B_2019.12.16_12.27.05__fixed1__win0__seed44.csv: 30 samples (mean 18.37 Mbps)
  longdress__driving_B_2019.12.16_12.27.05__fixed3__win0__seed44.csv: 30 samples (mean 16.44 Mbps)
  longdress__driving_B_2019.12.16_12.27.05__fixed5__win0__seed44.csv: 30 samples (mean 4.27 Mbps)
  longdress__driving_B_2019.12.16_12.27.05__cycle__win0__seed44.csv: 30 samples (mean 15.36 Mbps)
  longdress__driving_B_2019.12.16_12.27.05__bandwidth__win0__seed44.csv: 30 samples (mean 6.53 Mbps)
  longdress__driving_B_2019.12.16_12.27.05__fixed1__win167__seed42.csv: 30 samples (mean 11.62 Mbps)
  longdress__driving_B_2019.12.16_12.27.05__fixed3__win167__seed42.csv: 30 samples (mean 8.61 Mbps)
  longdress__driving_B_2019.12.16_12.27.05__fixed5__win167__seed42.csv: 30 samples (mean 4.09 Mbps)
  longdress__driving_B_2019.12.16_12.27.05__cycle__win167__seed42.csv: 30 samples (mean 10.83 Mbps)
  longdress__driving_B_2019.12.16_12.27.05__bandwidth__win167__seed42.csv: 30 samples (mean 5.30 Mbps)
  longdress__driving_B_2019.12.16_12.27.05__fixed1__win167__seed43.csv: 30 samples (mean 11.63 Mbps)
  longdress__driving_B_2019.12.16_12.27.05__fixed3__win167__seed43.csv: 30 samples (mean 8.87 Mbps)
  longdress__driving_B_2019.12.16_12.27.05__fixed5__win167__seed43.csv: 30 samples (mean 4.04 Mbps)
  longdress__driving_B_2019.12.16_12.27.05__cycle__win167__seed43.csv: 30 samples (mean 10.75 Mbps)
  longdress__driving_B_2019.12.16_12.27.05__bandwidth__win167__seed43.csv: 30 samples (mean 5.27 Mbps)
  longdress__driving_B_2019.12.16_12.27.05__fixed1__win167__seed44.csv: 30 samples (mean 11.70 Mbps)
  longdress__driving_B_2019.12.16_12.27.05__fixed3__win167__seed44.csv: 30 samples (mean 8.70 Mbps)
  longdress__driving_B_2019.12.16_12.27.05__fixed5__win167__seed44.csv: 30 samples (mean 4.22 Mbps)
  longdress__driving_B_2019.12.16_12.27.05__cycle__win167__seed44.csv: 30 samples (mean 10.63 Mbps)
  longdress__driving_B_2019.12.16_12.27.05__bandwidth__win167__seed44.csv: 30 samples (mean 6.46 Mbps)
  longdress__driving_B_2019.12.16_12.27.05__fixed1__win340__seed42.csv: 30 samples (mean 11.42 Mbps)
  longdress__driving_B_2019.12.16_12.27.05__fixed3__win340__seed42.csv: 30 samples (mean 8.23 Mbps)
  longdress__driving_B_2019.12.16_12.27.05__fixed5__win340__seed42.csv: 30 samples (mean 4.09 Mbps)
  longdress__driving_B_2019.12.16_12.27.05__cycle__win340__seed42.csv: 30 samples (mean 13.52 Mbps)
  longdress__driving_B_2019.12.16_12.27.05__bandwidth__win340__seed42.csv: 30 samples (mean 5.16 Mbps)
  longdress__driving_B_2019.12.16_12.27.05__fixed1__win340__seed43.csv: 30 samples (mean 11.43 Mbps)
  longdress__driving_B_2019.12.16_12.27.05__fixed3__win340__seed43.csv: 30 samples (mean 8.19 Mbps)
  longdress__driving_B_2019.12.16_12.27.05__fixed5__win340__seed43.csv: 30 samples (mean 4.04 Mbps)
  longdress__driving_B_2019.12.16_12.27.05__cycle__win340__seed43.csv: 30 samples (mean 13.35 Mbps)
  longdress__driving_B_2019.12.16_12.27.05__bandwidth__win340__seed43.csv: 30 samples (mean 5.28 Mbps)
  longdress__driving_B_2019.12.16_12.27.05__fixed1__win340__seed44.csv: 30 samples (mean 11.60 Mbps)
  longdress__driving_B_2019.12.16_12.27.05__fixed3__win340__seed44.csv: 30 samples (mean 8.40 Mbps)
  longdress__driving_B_2019.12.16_12.27.05__fixed5__win340__seed44.csv: 30 samples (mean 4.22 Mbps)
  longdress__driving_B_2019.12.16_12.27.05__cycle__win340__seed44.csv: 30 samples (mean 13.47 Mbps)
  longdress__driving_B_2019.12.16_12.27.05__bandwidth__win340__seed44.csv: 30 samples (mean 5.70 Mbps)
  longdress__driving_B_2019.12.16_12.27.05__fixed1__win516__seed42.csv: 30 samples (mean 5.84 Mbps)
  longdress__driving_B_2019.12.16_12.27.05__fixed3__win516__seed42.csv: 30 samples (mean 3.66 Mbps)
  longdress__driving_B_2019.12.16_12.27.05__fixed5__win516__seed42.csv: 30 samples (mean 2.12 Mbps)
  longdress__driving_B_2019.12.16_12.27.05__cycle__win516__seed42.csv: 30 samples (mean 5.89 Mbps)
  longdress__driving_B_2019.12.16_12.27.05__bandwidth__win516__seed42.csv: 30 samples (mean 2.12 Mbps)
  longdress__driving_B_2019.12.16_12.27.05__fixed1__win516__seed43.csv: 30 samples (mean 5.80 Mbps)
  longdress__driving_B_2019.12.16_12.27.05__fixed3__win516__seed43.csv: 30 samples (mean 3.64 Mbps)
  longdress__driving_B_2019.12.16_12.27.05__fixed5__win516__seed43.csv: 30 samples (mean 2.16 Mbps)
  longdress__driving_B_2019.12.16_12.27.05__cycle__win516__seed43.csv: 30 samples (mean 5.82 Mbps)
  longdress__driving_B_2019.12.16_12.27.05__bandwidth__win516__seed43.csv: 30 samples (mean 2.16 Mbps)
  longdress__driving_B_2019.12.16_12.27.05__fixed1__win516__seed44.csv: 30 samples (mean 5.94 Mbps)
  longdress__driving_B_2019.12.16_12.27.05__fixed3__win516__seed44.csv: 30 samples (mean 3.65 Mbps)
  longdress__driving_B_2019.12.16_12.27.05__fixed5__win516__seed44.csv: 30 samples (mean 2.15 Mbps)
  longdress__driving_B_2019.12.16_12.27.05__cycle__win516__seed44.csv: 30 samples (mean 5.85 Mbps)
  longdress__driving_B_2019.12.16_12.27.05__bandwidth__win516__seed44.csv: 30 samples (mean 2.15 Mbps)
  longdress__driving_B_2019.12.16_12.27.05__fixed1__win686__seed42.csv: 30 samples (mean 75.99 Mbps)
  longdress__driving_B_2019.12.16_12.27.05__fixed3__win686__seed42.csv: 30 samples (mean 12.56 Mbps)
  longdress__driving_B_2019.12.16_12.27.05__fixed5__win686__seed42.csv: 30 samples (mean 2.20 Mbps)
  longdress__driving_B_2019.12.16_12.27.05__cycle__win686__seed42.csv: 30 samples (mean 37.56 Mbps)
  longdress__driving_B_2019.12.16_12.27.05__bandwidth__win686__seed42.csv: 30 samples (mean 2.20 Mbps)
  longdress__driving_B_2019.12.16_12.27.05__fixed1__win686__seed43.csv: 30 samples (mean 75.44 Mbps)
  longdress__driving_B_2019.12.16_12.27.05__fixed3__win686__seed43.csv: 30 samples (mean 12.74 Mbps)
  longdress__driving_B_2019.12.16_12.27.05__fixed5__win686__seed43.csv: 30 samples (mean 2.18 Mbps)
  longdress__driving_B_2019.12.16_12.27.05__cycle__win686__seed43.csv: 30 samples (mean 38.10 Mbps)
  longdress__driving_B_2019.12.16_12.27.05__bandwidth__win686__seed43.csv: 30 samples (mean 2.18 Mbps)
  longdress__driving_B_2019.12.16_12.27.05__fixed1__win686__seed44.csv: 30 samples (mean 75.89 Mbps)
  longdress__driving_B_2019.12.16_12.27.05__fixed3__win686__seed44.csv: 30 samples (mean 12.22 Mbps)
  longdress__driving_B_2019.12.16_12.27.05__fixed5__win686__seed44.csv: 30 samples (mean 2.16 Mbps)
  longdress__driving_B_2019.12.16_12.27.05__cycle__win686__seed44.csv: 30 samples (mean 38.54 Mbps)
  longdress__driving_B_2019.12.16_12.27.05__bandwidth__win686__seed44.csv: 30 samples (mean 2.16 Mbps)
  longdress__driving_B_2019.12.16_12.27.05__fixed1__win865__seed42.csv: 30 samples (mean 124.10 Mbps)
  longdress__driving_B_2019.12.16_12.27.05__fixed3__win865__seed42.csv: 30 samples (mean 65.60 Mbps)
  longdress__driving_B_2019.12.16_12.27.05__fixed5__win865__seed42.csv: 30 samples (mean 4.22 Mbps)
  longdress__driving_B_2019.12.16_12.27.05__cycle__win865__seed42.csv: 30 samples (mean 80.66 Mbps)
  longdress__driving_B_2019.12.16_12.27.05__bandwidth__win865__seed42.csv: 30 samples (mean 11.76 Mbps)
  longdress__driving_B_2019.12.16_12.27.05__fixed1__win865__seed43.csv: 30 samples (mean 123.96 Mbps)
  longdress__driving_B_2019.12.16_12.27.05__fixed3__win865__seed43.csv: 30 samples (mean 63.84 Mbps)
  longdress__driving_B_2019.12.16_12.27.05__fixed5__win865__seed43.csv: 30 samples (mean 4.20 Mbps)
  longdress__driving_B_2019.12.16_12.27.05__cycle__win865__seed43.csv: 30 samples (mean 76.15 Mbps)
  longdress__driving_B_2019.12.16_12.27.05__bandwidth__win865__seed43.csv: 30 samples (mean 8.45 Mbps)
  longdress__driving_B_2019.12.16_12.27.05__fixed1__win865__seed44.csv: 30 samples (mean 123.74 Mbps)
  longdress__driving_B_2019.12.16_12.27.05__fixed3__win865__seed44.csv: 30 samples (mean 64.77 Mbps)
  longdress__driving_B_2019.12.16_12.27.05__fixed5__win865__seed44.csv: 30 samples (mean 4.20 Mbps)
  longdress__driving_B_2019.12.16_12.27.05__cycle__win865__seed44.csv: 30 samples (mean 76.06 Mbps)
  longdress__driving_B_2019.12.16_12.27.05__bandwidth__win865__seed44.csv: 30 samples (mean 11.66 Mbps)
  longdress__driving_B_2019.12.16_12.27.05__fixed1__win1025__seed42.csv: 30 samples (mean 98.81 Mbps)
  longdress__driving_B_2019.12.16_12.27.05__fixed3__win1025__seed42.csv: 30 samples (mean 51.25 Mbps)
  longdress__driving_B_2019.12.16_12.27.05__fixed5__win1025__seed42.csv: 30 samples (mean 4.22 Mbps)
  longdress__driving_B_2019.12.16_12.27.05__cycle__win1025__seed42.csv: 30 samples (mean 52.60 Mbps)
  longdress__driving_B_2019.12.16_12.27.05__bandwidth__win1025__seed42.csv: 30 samples (mean 11.78 Mbps)
  longdress__driving_B_2019.12.16_12.27.05__fixed1__win1025__seed43.csv: 30 samples (mean 99.27 Mbps)
  longdress__driving_B_2019.12.16_12.27.05__fixed3__win1025__seed43.csv: 30 samples (mean 51.87 Mbps)
  longdress__driving_B_2019.12.16_12.27.05__fixed5__win1025__seed43.csv: 30 samples (mean 4.20 Mbps)
  longdress__driving_B_2019.12.16_12.27.05__cycle__win1025__seed43.csv: 30 samples (mean 50.60 Mbps)
  longdress__driving_B_2019.12.16_12.27.05__bandwidth__win1025__seed43.csv: 30 samples (mean 8.45 Mbps)
  longdress__driving_B_2019.12.16_12.27.05__fixed1__win1025__seed44.csv: 30 samples (mean 98.37 Mbps)
  longdress__driving_B_2019.12.16_12.27.05__fixed3__win1025__seed44.csv: 30 samples (mean 50.87 Mbps)
  longdress__driving_B_2019.12.16_12.27.05__fixed5__win1025__seed44.csv: 30 samples (mean 4.20 Mbps)
  longdress__driving_B_2019.12.16_12.27.05__cycle__win1025__seed44.csv: 30 samples (mean 49.11 Mbps)
  longdress__driving_B_2019.12.16_12.27.05__bandwidth__win1025__seed44.csv: 30 samples (mean 11.20 Mbps)
  longdress__driving_B_2019.12.16_12.27.05__fixed1__win1191__seed42.csv: 30 samples (mean 149.99 Mbps)
  longdress__driving_B_2019.12.16_12.27.05__fixed3__win1191__seed42.csv: 30 samples (mean 62.65 Mbps)
  longdress__driving_B_2019.12.16_12.27.05__fixed5__win1191__seed42.csv: 30 samples (mean 4.12 Mbps)
  longdress__driving_B_2019.12.16_12.27.05__cycle__win1191__seed42.csv: 30 samples (mean 60.65 Mbps)
  longdress__driving_B_2019.12.16_12.27.05__bandwidth__win1191__seed42.csv: 30 samples (mean 8.32 Mbps)
  longdress__driving_B_2019.12.16_12.27.05__fixed1__win1191__seed43.csv: 30 samples (mean 143.55 Mbps)
  longdress__driving_B_2019.12.16_12.27.05__fixed3__win1191__seed43.csv: 30 samples (mean 64.77 Mbps)
  longdress__driving_B_2019.12.16_12.27.05__fixed5__win1191__seed43.csv: 30 samples (mean 4.12 Mbps)
  longdress__driving_B_2019.12.16_12.27.05__cycle__win1191__seed43.csv: 30 samples (mean 61.10 Mbps)
  longdress__driving_B_2019.12.16_12.27.05__bandwidth__win1191__seed43.csv: 30 samples (mean 8.37 Mbps)
  longdress__driving_B_2019.12.16_12.27.05__fixed1__win1191__seed44.csv: 30 samples (mean 143.07 Mbps)
  longdress__driving_B_2019.12.16_12.27.05__fixed3__win1191__seed44.csv: 30 samples (mean 63.76 Mbps)
  longdress__driving_B_2019.12.16_12.27.05__fixed5__win1191__seed44.csv: 30 samples (mean 4.08 Mbps)
  longdress__driving_B_2019.12.16_12.27.05__cycle__win1191__seed44.csv: 30 samples (mean 58.45 Mbps)
  longdress__driving_B_2019.12.16_12.27.05__bandwidth__win1191__seed44.csv: 30 samples (mean 8.45 Mbps)
  longdress__driving_B_2019.12.17_07.32.39__fixed1__win0__seed42.csv: 30 samples (mean 15.79 Mbps)
  longdress__driving_B_2019.12.17_07.32.39__fixed3__win0__seed42.csv: 30 samples (mean 12.90 Mbps)
  longdress__driving_B_2019.12.17_07.32.39__fixed5__win0__seed42.csv: 30 samples (mean 4.14 Mbps)
  longdress__driving_B_2019.12.17_07.32.39__cycle__win0__seed42.csv: 30 samples (mean 10.16 Mbps)
  longdress__driving_B_2019.12.17_07.32.39__bandwidth__win0__seed42.csv: 30 samples (mean 6.07 Mbps)
  longdress__driving_B_2019.12.17_07.32.39__fixed1__win0__seed43.csv: 30 samples (mean 15.96 Mbps)
  longdress__driving_B_2019.12.17_07.32.39__fixed3__win0__seed43.csv: 30 samples (mean 12.76 Mbps)
  longdress__driving_B_2019.12.17_07.32.39__fixed5__win0__seed43.csv: 30 samples (mean 4.19 Mbps)
  longdress__driving_B_2019.12.17_07.32.39__cycle__win0__seed43.csv: 30 samples (mean 10.05 Mbps)
  longdress__driving_B_2019.12.17_07.32.39__bandwidth__win0__seed43.csv: 30 samples (mean 6.38 Mbps)
  longdress__driving_B_2019.12.17_07.32.39__fixed1__win0__seed44.csv: 30 samples (mean 15.90 Mbps)
  longdress__driving_B_2019.12.17_07.32.39__fixed3__win0__seed44.csv: 30 samples (mean 12.94 Mbps)
  longdress__driving_B_2019.12.17_07.32.39__fixed5__win0__seed44.csv: 30 samples (mean 4.09 Mbps)
  longdress__driving_B_2019.12.17_07.32.39__cycle__win0__seed44.csv: 30 samples (mean 10.30 Mbps)
  longdress__driving_B_2019.12.17_07.32.39__bandwidth__win0__seed44.csv: 30 samples (mean 7.16 Mbps)
  longdress__driving_B_2019.12.17_07.32.39__fixed1__win339__seed42.csv: 30 samples (mean 32.47 Mbps)
  longdress__driving_B_2019.12.17_07.32.39__fixed3__win339__seed42.csv: 30 samples (mean 14.36 Mbps)
  longdress__driving_B_2019.12.17_07.32.39__fixed5__win339__seed42.csv: 30 samples (mean 4.25 Mbps)
  longdress__driving_B_2019.12.17_07.32.39__cycle__win339__seed42.csv: 30 samples (mean 15.86 Mbps)
  longdress__driving_B_2019.12.17_07.32.39__bandwidth__win339__seed42.csv: 30 samples (mean 6.69 Mbps)
  longdress__driving_B_2019.12.17_07.32.39__fixed1__win339__seed43.csv: 30 samples (mean 33.04 Mbps)
  longdress__driving_B_2019.12.17_07.32.39__fixed3__win339__seed43.csv: 30 samples (mean 14.33 Mbps)
  longdress__driving_B_2019.12.17_07.32.39__fixed5__win339__seed43.csv: 30 samples (mean 4.19 Mbps)
  longdress__driving_B_2019.12.17_07.32.39__cycle__win339__seed43.csv: 30 samples (mean 16.34 Mbps)
  longdress__driving_B_2019.12.17_07.32.39__bandwidth__win339__seed43.csv: 30 samples (mean 6.20 Mbps)
  longdress__driving_B_2019.12.17_07.32.39__fixed1__win339__seed44.csv: 30 samples (mean 33.32 Mbps)
  longdress__driving_B_2019.12.17_07.32.39__fixed3__win339__seed44.csv: 30 samples (mean 14.32 Mbps)
  longdress__driving_B_2019.12.17_07.32.39__fixed5__win339__seed44.csv: 30 samples (mean 4.22 Mbps)
  longdress__driving_B_2019.12.17_07.32.39__cycle__win339__seed44.csv: 30 samples (mean 15.99 Mbps)
  longdress__driving_B_2019.12.17_07.32.39__bandwidth__win339__seed44.csv: 30 samples (mean 8.11 Mbps)
  longdress__driving_B_2019.12.17_07.32.39__fixed1__win685__seed42.csv: 30 samples (mean 13.25 Mbps)
  longdress__driving_B_2019.12.17_07.32.39__fixed3__win685__seed42.csv: 30 samples (mean 10.50 Mbps)
  longdress__driving_B_2019.12.17_07.32.39__fixed5__win685__seed42.csv: 30 samples (mean 4.25 Mbps)
  longdress__driving_B_2019.12.17_07.32.39__cycle__win685__seed42.csv: 30 samples (mean 9.44 Mbps)
  longdress__driving_B_2019.12.17_07.32.39__bandwidth__win685__seed42.csv: 30 samples (mean 4.85 Mbps)
  longdress__driving_B_2019.12.17_07.32.39__fixed1__win685__seed43.csv: 30 samples (mean 13.25 Mbps)
  longdress__driving_B_2019.12.17_07.32.39__fixed3__win685__seed43.csv: 30 samples (mean 10.59 Mbps)
  longdress__driving_B_2019.12.17_07.32.39__fixed5__win685__seed43.csv: 30 samples (mean 4.19 Mbps)
  longdress__driving_B_2019.12.17_07.32.39__cycle__win685__seed43.csv: 30 samples (mean 9.63 Mbps)
  longdress__driving_B_2019.12.17_07.32.39__bandwidth__win685__seed43.csv: 30 samples (mean 4.85 Mbps)
  longdress__driving_B_2019.12.17_07.32.39__fixed1__win685__seed44.csv: 30 samples (mean 13.18 Mbps)
  longdress__driving_B_2019.12.17_07.32.39__fixed3__win685__seed44.csv: 30 samples (mean 10.83 Mbps)
  longdress__driving_B_2019.12.17_07.32.39__fixed5__win685__seed44.csv: 30 samples (mean 4.22 Mbps)
  longdress__driving_B_2019.12.17_07.32.39__cycle__win685__seed44.csv: 30 samples (mean 9.52 Mbps)
  longdress__driving_B_2019.12.17_07.32.39__bandwidth__win685__seed44.csv: 30 samples (mean 6.08 Mbps)
  longdress__driving_B_2019.12.17_07.32.39__fixed1__win1017__seed42.csv: 30 samples (mean 15.62 Mbps)
  longdress__driving_B_2019.12.17_07.32.39__fixed3__win1017__seed42.csv: 30 samples (mean 14.15 Mbps)
  longdress__driving_B_2019.12.17_07.32.39__fixed5__win1017__seed42.csv: 30 samples (mean 1.98 Mbps)
  longdress__driving_B_2019.12.17_07.32.39__cycle__win1017__seed42.csv: 30 samples (mean 14.44 Mbps)
  longdress__driving_B_2019.12.17_07.32.39__bandwidth__win1017__seed42.csv: 30 samples (mean 1.98 Mbps)
  longdress__driving_B_2019.12.17_07.32.39__fixed1__win1017__seed43.csv: 30 samples (mean 15.67 Mbps)
  longdress__driving_B_2019.12.17_07.32.39__fixed3__win1017__seed43.csv: 30 samples (mean 14.24 Mbps)
  longdress__driving_B_2019.12.17_07.32.39__fixed5__win1017__seed43.csv: 30 samples (mean 1.98 Mbps)
  longdress__driving_B_2019.12.17_07.32.39__cycle__win1017__seed43.csv: 30 samples (mean 14.26 Mbps)
  longdress__driving_B_2019.12.17_07.32.39__bandwidth__win1017__seed43.csv: 30 samples (mean 1.98 Mbps)
  longdress__driving_B_2019.12.17_07.32.39__fixed1__win1017__seed44.csv: 30 samples (mean 15.68 Mbps)
  longdress__driving_B_2019.12.17_07.32.39__fixed3__win1017__seed44.csv: 30 samples (mean 13.94 Mbps)
  longdress__driving_B_2019.12.17_07.32.39__fixed5__win1017__seed44.csv: 30 samples (mean 1.94 Mbps)
  longdress__driving_B_2019.12.17_07.32.39__cycle__win1017__seed44.csv: 30 samples (mean 14.47 Mbps)
  longdress__driving_B_2019.12.17_07.32.39__bandwidth__win1017__seed44.csv: 30 samples (mean 1.94 Mbps)
  longdress__driving_B_2019.12.17_07.32.39__fixed1__win1300__seed42.csv: 30 samples (mean 67.16 Mbps)
  longdress__driving_B_2019.12.17_07.32.39__fixed3__win1300__seed42.csv: 30 samples (mean 22.97 Mbps)
  longdress__driving_B_2019.12.17_07.32.39__fixed5__win1300__seed42.csv: 30 samples (mean 4.14 Mbps)
  longdress__driving_B_2019.12.17_07.32.39__cycle__win1300__seed42.csv: 30 samples (mean 22.88 Mbps)
  longdress__driving_B_2019.12.17_07.32.39__bandwidth__win1300__seed42.csv: 30 samples (mean 5.97 Mbps)
  longdress__driving_B_2019.12.17_07.32.39__fixed1__win1300__seed43.csv: 30 samples (mean 67.81 Mbps)
  longdress__driving_B_2019.12.17_07.32.39__fixed3__win1300__seed43.csv: 30 samples (mean 22.53 Mbps)
  longdress__driving_B_2019.12.17_07.32.39__fixed5__win1300__seed43.csv: 30 samples (mean 4.08 Mbps)
  longdress__driving_B_2019.12.17_07.32.39__cycle__win1300__seed43.csv: 30 samples (mean 22.69 Mbps)
  longdress__driving_B_2019.12.17_07.32.39__bandwidth__win1300__seed43.csv: 30 samples (mean 5.99 Mbps)
  longdress__driving_B_2019.12.17_07.32.39__fixed1__win1300__seed44.csv: 30 samples (mean 68.06 Mbps)
  longdress__driving_B_2019.12.17_07.32.39__fixed3__win1300__seed44.csv: 30 samples (mean 22.53 Mbps)
  longdress__driving_B_2019.12.17_07.32.39__fixed5__win1300__seed44.csv: 30 samples (mean 4.10 Mbps)
  longdress__driving_B_2019.12.17_07.32.39__cycle__win1300__seed44.csv: 30 samples (mean 23.70 Mbps)
  longdress__driving_B_2019.12.17_07.32.39__bandwidth__win1300__seed44.csv: 30 samples (mean 10.06 Mbps)
  longdress__driving_B_2019.12.17_07.32.39__fixed1__win1634__seed42.csv: 30 samples (mean 26.21 Mbps)
  longdress__driving_B_2019.12.17_07.32.39__fixed3__win1634__seed42.csv: 30 samples (mean 20.49 Mbps)
  longdress__driving_B_2019.12.17_07.32.39__fixed5__win1634__seed42.csv: 30 samples (mean 3.45 Mbps)
  longdress__driving_B_2019.12.17_07.32.39__cycle__win1634__seed42.csv: 30 samples (mean 22.74 Mbps)
  longdress__driving_B_2019.12.17_07.32.39__bandwidth__win1634__seed42.csv: 30 samples (mean 3.45 Mbps)
  longdress__driving_B_2019.12.17_07.32.39__fixed1__win1634__seed43.csv: 30 samples (mean 26.72 Mbps)
  longdress__driving_B_2019.12.17_07.32.39__fixed3__win1634__seed43.csv: 30 samples (mean 21.19 Mbps)
  longdress__driving_B_2019.12.17_07.32.39__fixed5__win1634__seed43.csv: 30 samples (mean 3.53 Mbps)
  longdress__driving_B_2019.12.17_07.32.39__cycle__win1634__seed43.csv: 30 samples (mean 23.12 Mbps)
  longdress__driving_B_2019.12.17_07.32.39__bandwidth__win1634__seed43.csv: 30 samples (mean 3.53 Mbps)
  longdress__driving_B_2019.12.17_07.32.39__fixed1__win1634__seed44.csv: 30 samples (mean 26.82 Mbps)
  longdress__driving_B_2019.12.17_07.32.39__fixed3__win1634__seed44.csv: 30 samples (mean 20.26 Mbps)
  longdress__driving_B_2019.12.17_07.32.39__fixed5__win1634__seed44.csv: 30 samples (mean 3.68 Mbps)
  longdress__driving_B_2019.12.17_07.32.39__cycle__win1634__seed44.csv: 30 samples (mean 23.10 Mbps)
  longdress__driving_B_2019.12.17_07.32.39__bandwidth__win1634__seed44.csv: 30 samples (mean 3.68 Mbps)
  longdress__driving_B_2019.12.17_07.32.39__fixed1__win1958__seed42.csv: 30 samples (mean 76.93 Mbps)
  longdress__driving_B_2019.12.17_07.32.39__fixed3__win1958__seed42.csv: 30 samples (mean 23.10 Mbps)
  longdress__driving_B_2019.12.17_07.32.39__fixed5__win1958__seed42.csv: 30 samples (mean 2.90 Mbps)
  longdress__driving_B_2019.12.17_07.32.39__cycle__win1958__seed42.csv: 30 samples (mean 25.03 Mbps)
  longdress__driving_B_2019.12.17_07.32.39__bandwidth__win1958__seed42.csv: 30 samples (mean 2.90 Mbps)
  longdress__driving_B_2019.12.17_07.32.39__fixed1__win1958__seed43.csv: 30 samples (mean 75.51 Mbps)
  longdress__driving_B_2019.12.17_07.32.39__fixed3__win1958__seed43.csv: 30 samples (mean 22.86 Mbps)
  longdress__driving_B_2019.12.17_07.32.39__fixed5__win1958__seed43.csv: 30 samples (mean 3.03 Mbps)
  longdress__driving_B_2019.12.17_07.32.39__cycle__win1958__seed43.csv: 30 samples (mean 24.28 Mbps)
  longdress__driving_B_2019.12.17_07.32.39__bandwidth__win1958__seed43.csv: 30 samples (mean 3.03 Mbps)
  longdress__driving_B_2019.12.17_07.32.39__fixed1__win1958__seed44.csv: 30 samples (mean 77.33 Mbps)
  longdress__driving_B_2019.12.17_07.32.39__fixed3__win1958__seed44.csv: 30 samples (mean 23.20 Mbps)
  longdress__driving_B_2019.12.17_07.32.39__fixed5__win1958__seed44.csv: 30 samples (mean 2.98 Mbps)
  longdress__driving_B_2019.12.17_07.32.39__cycle__win1958__seed44.csv: 30 samples (mean 23.88 Mbps)
  longdress__driving_B_2019.12.17_07.32.39__bandwidth__win1958__seed44.csv: 30 samples (mean 2.98 Mbps)
  longdress__driving_B_2019.12.17_07.32.39__fixed1__win2319__seed42.csv: 30 samples (mean 258.36 Mbps)
  longdress__driving_B_2019.12.17_07.32.39__fixed3__win2319__seed42.csv: 30 samples (mean 64.75 Mbps)
  longdress__driving_B_2019.12.17_07.32.39__fixed5__win2319__seed42.csv: 30 samples (mean 4.22 Mbps)
  longdress__driving_B_2019.12.17_07.32.39__cycle__win2319__seed42.csv: 30 samples (mean 109.80 Mbps)
  longdress__driving_B_2019.12.17_07.32.39__bandwidth__win2319__seed42.csv: 30 samples (mean 53.49 Mbps)
  longdress__driving_B_2019.12.17_07.32.39__fixed1__win2319__seed43.csv: 30 samples (mean 252.01 Mbps)
  longdress__driving_B_2019.12.17_07.32.39__fixed3__win2319__seed43.csv: 30 samples (mean 63.21 Mbps)
  longdress__driving_B_2019.12.17_07.32.39__fixed5__win2319__seed43.csv: 30 samples (mean 4.20 Mbps)
  longdress__driving_B_2019.12.17_07.32.39__cycle__win2319__seed43.csv: 30 samples (mean 107.39 Mbps)
  longdress__driving_B_2019.12.17_07.32.39__bandwidth__win2319__seed43.csv: 30 samples (mean 8.45 Mbps)
  longdress__driving_B_2019.12.17_07.32.39__fixed1__win2319__seed44.csv: 30 samples (mean 257.23 Mbps)
  longdress__driving_B_2019.12.17_07.32.39__fixed3__win2319__seed44.csv: 30 samples (mean 63.80 Mbps)
  longdress__driving_B_2019.12.17_07.32.39__fixed5__win2319__seed44.csv: 30 samples (mean 4.20 Mbps)
  longdress__driving_B_2019.12.17_07.32.39__cycle__win2319__seed44.csv: 30 samples (mean 107.50 Mbps)
  longdress__driving_B_2019.12.17_07.32.39__bandwidth__win2319__seed44.csv: 30 samples (mean 53.54 Mbps)
  longdress__driving_B_2020.01.16_07.26.43__fixed1__win0__seed42.csv: 30 samples (mean 11.71 Mbps)
  longdress__driving_B_2020.01.16_07.26.43__fixed3__win0__seed42.csv: 30 samples (mean 10.53 Mbps)
  longdress__driving_B_2020.01.16_07.26.43__fixed5__win0__seed42.csv: 30 samples (mean 4.11 Mbps)
  longdress__driving_B_2020.01.16_07.26.43__cycle__win0__seed42.csv: 30 samples (mean 9.51 Mbps)
  longdress__driving_B_2020.01.16_07.26.43__bandwidth__win0__seed42.csv: 30 samples (mean 4.64 Mbps)
  longdress__driving_B_2020.01.16_07.26.43__fixed1__win0__seed43.csv: 30 samples (mean 11.72 Mbps)
  longdress__driving_B_2020.01.16_07.26.43__fixed3__win0__seed43.csv: 30 samples (mean 10.61 Mbps)
  longdress__driving_B_2020.01.16_07.26.43__fixed5__win0__seed43.csv: 30 samples (mean 3.94 Mbps)
  longdress__driving_B_2020.01.16_07.26.43__cycle__win0__seed43.csv: 30 samples (mean 9.33 Mbps)
  longdress__driving_B_2020.01.16_07.26.43__bandwidth__win0__seed43.csv: 30 samples (mean 3.94 Mbps)
  longdress__driving_B_2020.01.16_07.26.43__fixed1__win0__seed44.csv: 30 samples (mean 11.67 Mbps)
  longdress__driving_B_2020.01.16_07.26.43__fixed3__win0__seed44.csv: 30 samples (mean 10.46 Mbps)
  longdress__driving_B_2020.01.16_07.26.43__fixed5__win0__seed44.csv: 30 samples (mean 3.96 Mbps)
  longdress__driving_B_2020.01.16_07.26.43__cycle__win0__seed44.csv: 30 samples (mean 9.46 Mbps)
  longdress__driving_B_2020.01.16_07.26.43__bandwidth__win0__seed44.csv: 30 samples (mean 4.31 Mbps)
  longdress__driving_B_2020.01.16_07.26.43__fixed1__win216__seed42.csv: 30 samples (mean 14.36 Mbps)
  longdress__driving_B_2020.01.16_07.26.43__fixed3__win216__seed42.csv: 30 samples (mean 10.11 Mbps)
  longdress__driving_B_2020.01.16_07.26.43__fixed5__win216__seed42.csv: 30 samples (mean 3.48 Mbps)
  longdress__driving_B_2020.01.16_07.26.43__cycle__win216__seed42.csv: 30 samples (mean 11.10 Mbps)
  longdress__driving_B_2020.01.16_07.26.43__bandwidth__win216__seed42.csv: 30 samples (mean 3.92 Mbps)
  longdress__driving_B_2020.01.16_07.26.43__fixed1__win216__seed43.csv: 30 samples (mean 14.43 Mbps)
  longdress__driving_B_2020.01.16_07.26.43__fixed3__win216__seed43.csv: 30 samples (mean 10.08 Mbps)
  longdress__driving_B_2020.01.16_07.26.43__fixed5__win216__seed43.csv: 30 samples (mean 3.36 Mbps)
  longdress__driving_B_2020.01.16_07.26.43__cycle__win216__seed43.csv: 30 samples (mean 10.86 Mbps)
  longdress__driving_B_2020.01.16_07.26.43__bandwidth__win216__seed43.csv: 30 samples (mean 3.36 Mbps)
  longdress__driving_B_2020.01.16_07.26.43__fixed1__win216__seed44.csv: 30 samples (mean 14.42 Mbps)
  longdress__driving_B_2020.01.16_07.26.43__fixed3__win216__seed44.csv: 30 samples (mean 10.09 Mbps)
  longdress__driving_B_2020.01.16_07.26.43__fixed5__win216__seed44.csv: 30 samples (mean 3.51 Mbps)
  longdress__driving_B_2020.01.16_07.26.43__cycle__win216__seed44.csv: 30 samples (mean 10.89 Mbps)
  longdress__driving_B_2020.01.16_07.26.43__bandwidth__win216__seed44.csv: 30 samples (mean 3.56 Mbps)
  longdress__driving_B_2020.01.16_07.26.43__fixed1__win506__seed42.csv: 30 samples (mean 9.83 Mbps)
  longdress__driving_B_2020.01.16_07.26.43__fixed3__win506__seed42.csv: 30 samples (mean 10.05 Mbps)
  longdress__driving_B_2020.01.16_07.26.43__fixed5__win506__seed42.csv: 30 samples (mean 4.25 Mbps)
  longdress__driving_B_2020.01.16_07.26.43__cycle__win506__seed42.csv: 30 samples (mean 8.21 Mbps)
  longdress__driving_B_2020.01.16_07.26.43__bandwidth__win506__seed42.csv: 30 samples (mean 5.64 Mbps)
  longdress__driving_B_2020.01.16_07.26.43__fixed1__win506__seed43.csv: 30 samples (mean 9.77 Mbps)
  longdress__driving_B_2020.01.16_07.26.43__fixed3__win506__seed43.csv: 30 samples (mean 10.02 Mbps)
  longdress__driving_B_2020.01.16_07.26.43__fixed5__win506__seed43.csv: 30 samples (mean 4.19 Mbps)
  longdress__driving_B_2020.01.16_07.26.43__cycle__win506__seed43.csv: 30 samples (mean 8.13 Mbps)
  longdress__driving_B_2020.01.16_07.26.43__bandwidth__win506__seed43.csv: 30 samples (mean 5.62 Mbps)
  longdress__driving_B_2020.01.16_07.26.43__fixed1__win506__seed44.csv: 30 samples (mean 9.86 Mbps)
  longdress__driving_B_2020.01.16_07.26.43__fixed3__win506__seed44.csv: 30 samples (mean 9.97 Mbps)
  longdress__driving_B_2020.01.16_07.26.43__fixed5__win506__seed44.csv: 30 samples (mean 4.22 Mbps)
  longdress__driving_B_2020.01.16_07.26.43__cycle__win506__seed44.csv: 30 samples (mean 8.12 Mbps)
  longdress__driving_B_2020.01.16_07.26.43__bandwidth__win506__seed44.csv: 30 samples (mean 6.87 Mbps)
  longdress__driving_B_2020.01.16_07.26.43__fixed1__win729__seed42.csv: 30 samples (mean 18.27 Mbps)
  longdress__driving_B_2020.01.16_07.26.43__fixed3__win729__seed42.csv: 30 samples (mean 13.26 Mbps)
  longdress__driving_B_2020.01.16_07.26.43__fixed5__win729__seed42.csv: 30 samples (mean 4.09 Mbps)
  longdress__driving_B_2020.01.16_07.26.43__cycle__win729__seed42.csv: 30 samples (mean 14.46 Mbps)
  longdress__driving_B_2020.01.16_07.26.43__bandwidth__win729__seed42.csv: 30 samples (mean 4.51 Mbps)
  longdress__driving_B_2020.01.16_07.26.43__fixed1__win729__seed43.csv: 30 samples (mean 18.31 Mbps)
  longdress__driving_B_2020.01.16_07.26.43__fixed3__win729__seed43.csv: 30 samples (mean 13.20 Mbps)
  longdress__driving_B_2020.01.16_07.26.43__fixed5__win729__seed43.csv: 30 samples (mean 4.05 Mbps)
  longdress__driving_B_2020.01.16_07.26.43__cycle__win729__seed43.csv: 30 samples (mean 14.32 Mbps)
  longdress__driving_B_2020.01.16_07.26.43__bandwidth__win729__seed43.csv: 30 samples (mean 4.52 Mbps)
  longdress__driving_B_2020.01.16_07.26.43__fixed1__win729__seed44.csv: 30 samples (mean 18.23 Mbps)
  longdress__driving_B_2020.01.16_07.26.43__fixed3__win729__seed44.csv: 30 samples (mean 13.40 Mbps)
  longdress__driving_B_2020.01.16_07.26.43__fixed5__win729__seed44.csv: 30 samples (mean 4.11 Mbps)
  longdress__driving_B_2020.01.16_07.26.43__cycle__win729__seed44.csv: 30 samples (mean 14.01 Mbps)
  longdress__driving_B_2020.01.16_07.26.43__bandwidth__win729__seed44.csv: 30 samples (mean 7.89 Mbps)
  longdress__driving_B_2020.01.16_07.26.43__fixed1__win1008__seed42.csv: 30 samples (mean 13.80 Mbps)
  longdress__driving_B_2020.01.16_07.26.43__fixed3__win1008__seed42.csv: 30 samples (mean 14.08 Mbps)
  longdress__driving_B_2020.01.16_07.26.43__fixed5__win1008__seed42.csv: 30 samples (mean 4.25 Mbps)
  longdress__driving_B_2020.01.16_07.26.43__cycle__win1008__seed42.csv: 30 samples (mean 10.64 Mbps)
  longdress__driving_B_2020.01.16_07.26.43__bandwidth__win1008__seed42.csv: 30 samples (mean 6.64 Mbps)
  longdress__driving_B_2020.01.16_07.26.43__fixed1__win1008__seed43.csv: 30 samples (mean 13.75 Mbps)
  longdress__driving_B_2020.01.16_07.26.43__fixed3__win1008__seed43.csv: 30 samples (mean 14.00 Mbps)
  longdress__driving_B_2020.01.16_07.26.43__fixed5__win1008__seed43.csv: 30 samples (mean 4.19 Mbps)
  longdress__driving_B_2020.01.16_07.26.43__cycle__win1008__seed43.csv: 30 samples (mean 10.07 Mbps)
  longdress__driving_B_2020.01.16_07.26.43__bandwidth__win1008__seed43.csv: 30 samples (mean 6.21 Mbps)
  longdress__driving_B_2020.01.16_07.26.43__fixed1__win1008__seed44.csv: 30 samples (mean 13.72 Mbps)
  longdress__driving_B_2020.01.16_07.26.43__fixed3__win1008__seed44.csv: 30 samples (mean 14.15 Mbps)
  longdress__driving_B_2020.01.16_07.26.43__fixed5__win1008__seed44.csv: 30 samples (mean 4.22 Mbps)
  longdress__driving_B_2020.01.16_07.26.43__cycle__win1008__seed44.csv: 30 samples (mean 10.47 Mbps)
  longdress__driving_B_2020.01.16_07.26.43__bandwidth__win1008__seed44.csv: 30 samples (mean 9.15 Mbps)
  longdress__driving_B_2020.01.16_07.26.43__fixed1__win1219__seed42.csv: 30 samples (mean 9.85 Mbps)
  longdress__driving_B_2020.01.16_07.26.43__fixed3__win1219__seed42.csv: 30 samples (mean 9.68 Mbps)
  longdress__driving_B_2020.01.16_07.26.43__fixed5__win1219__seed42.csv: 30 samples (mean 4.25 Mbps)
  longdress__driving_B_2020.01.16_07.26.43__cycle__win1219__seed42.csv: 30 samples (mean 8.73 Mbps)
  longdress__driving_B_2020.01.16_07.26.43__bandwidth__win1219__seed42.csv: 30 samples (mean 5.57 Mbps)
  longdress__driving_B_2020.01.16_07.26.43__fixed1__win1219__seed43.csv: 30 samples (mean 9.78 Mbps)
  longdress__driving_B_2020.01.16_07.26.43__fixed3__win1219__seed43.csv: 30 samples (mean 9.72 Mbps)
  longdress__driving_B_2020.01.16_07.26.43__fixed5__win1219__seed43.csv: 30 samples (mean 4.19 Mbps)
  longdress__driving_B_2020.01.16_07.26.43__cycle__win1219__seed43.csv: 30 samples (mean 8.72 Mbps)
  longdress__driving_B_2020.01.16_07.26.43__bandwidth__win1219__seed43.csv: 30 samples (mean 5.59 Mbps)
  longdress__driving_B_2020.01.16_07.26.43__fixed1__win1219__seed44.csv: 30 samples (mean 9.82 Mbps)
  longdress__driving_B_2020.01.16_07.26.43__fixed3__win1219__seed44.csv: 30 samples (mean 9.68 Mbps)
  longdress__driving_B_2020.01.16_07.26.43__fixed5__win1219__seed44.csv: 30 samples (mean 4.22 Mbps)
  longdress__driving_B_2020.01.16_07.26.43__cycle__win1219__seed44.csv: 30 samples (mean 8.70 Mbps)
  longdress__driving_B_2020.01.16_07.26.43__bandwidth__win1219__seed44.csv: 30 samples (mean 6.69 Mbps)
  longdress__driving_B_2020.01.16_07.26.43__fixed1__win1477__seed42.csv: 30 samples (mean 8.86 Mbps)
  longdress__driving_B_2020.01.16_07.26.43__fixed3__win1477__seed42.csv: 30 samples (mean 7.42 Mbps)
  longdress__driving_B_2020.01.16_07.26.43__fixed5__win1477__seed42.csv: 30 samples (mean 2.92 Mbps)
  longdress__driving_B_2020.01.16_07.26.43__cycle__win1477__seed42.csv: 30 samples (mean 7.75 Mbps)
  longdress__driving_B_2020.01.16_07.26.43__bandwidth__win1477__seed42.csv: 30 samples (mean 2.92 Mbps)
  longdress__driving_B_2020.01.16_07.26.43__fixed1__win1477__seed43.csv: 30 samples (mean 8.89 Mbps)
  longdress__driving_B_2020.01.16_07.26.43__fixed3__win1477__seed43.csv: 30 samples (mean 7.42 Mbps)
  longdress__driving_B_2020.01.16_07.26.43__fixed5__win1477__seed43.csv: 30 samples (mean 2.99 Mbps)
  longdress__driving_B_2020.01.16_07.26.43__cycle__win1477__seed43.csv: 30 samples (mean 7.77 Mbps)
  longdress__driving_B_2020.01.16_07.26.43__bandwidth__win1477__seed43.csv: 30 samples (mean 2.99 Mbps)
  longdress__driving_B_2020.01.16_07.26.43__fixed1__win1477__seed44.csv: 30 samples (mean 8.86 Mbps)
  longdress__driving_B_2020.01.16_07.26.43__fixed3__win1477__seed44.csv: 30 samples (mean 7.43 Mbps)
  longdress__driving_B_2020.01.16_07.26.43__fixed5__win1477__seed44.csv: 30 samples (mean 2.97 Mbps)
  longdress__driving_B_2020.01.16_07.26.43__cycle__win1477__seed44.csv: 30 samples (mean 7.69 Mbps)
  longdress__driving_B_2020.01.16_07.26.43__bandwidth__win1477__seed44.csv: 30 samples (mean 3.07 Mbps)
  longdress__driving_B_2020.01.16_07.26.43__fixed1__win1687__seed42.csv: 30 samples (mean 10.98 Mbps)
  longdress__driving_B_2020.01.16_07.26.43__fixed3__win1687__seed42.csv: 30 samples (mean 8.93 Mbps)
  longdress__driving_B_2020.01.16_07.26.43__fixed5__win1687__seed42.csv: 30 samples (mean 4.25 Mbps)
  longdress__driving_B_2020.01.16_07.26.43__cycle__win1687__seed42.csv: 30 samples (mean 9.19 Mbps)
  longdress__driving_B_2020.01.16_07.26.43__bandwidth__win1687__seed42.csv: 30 samples (mean 5.64 Mbps)
  longdress__driving_B_2020.01.16_07.26.43__fixed1__win1687__seed43.csv: 30 samples (mean 11.02 Mbps)
  longdress__driving_B_2020.01.16_07.26.43__fixed3__win1687__seed43.csv: 30 samples (mean 8.87 Mbps)
  longdress__driving_B_2020.01.16_07.26.43__fixed5__win1687__seed43.csv: 30 samples (mean 4.19 Mbps)
  longdress__driving_B_2020.01.16_07.26.43__cycle__win1687__seed43.csv: 30 samples (mean 9.09 Mbps)
  longdress__driving_B_2020.01.16_07.26.43__bandwidth__win1687__seed43.csv: 30 samples (mean 5.60 Mbps)
  longdress__driving_B_2020.01.16_07.26.43__fixed1__win1687__seed44.csv: 30 samples (mean 10.96 Mbps)
  longdress__driving_B_2020.01.16_07.26.43__fixed3__win1687__seed44.csv: 30 samples (mean 8.68 Mbps)
  longdress__driving_B_2020.01.16_07.26.43__fixed5__win1687__seed44.csv: 30 samples (mean 4.22 Mbps)
  longdress__driving_B_2020.01.16_07.26.43__cycle__win1687__seed44.csv: 30 samples (mean 9.05 Mbps)
  longdress__driving_B_2020.01.16_07.26.43__bandwidth__win1687__seed44.csv: 30 samples (mean 6.78 Mbps)
  longdress__driving_B_2020.01.16_09.56.56__fixed1__win0__seed42.csv: 30 samples (mean 14.85 Mbps)
  longdress__driving_B_2020.01.16_09.56.56__fixed3__win0__seed42.csv: 30 samples (mean 15.03 Mbps)
  longdress__driving_B_2020.01.16_09.56.56__fixed5__win0__seed42.csv: 30 samples (mean 3.97 Mbps)
  longdress__driving_B_2020.01.16_09.56.56__cycle__win0__seed42.csv: 30 samples (mean 12.39 Mbps)
  longdress__driving_B_2020.01.16_09.56.56__bandwidth__win0__seed42.csv: 30 samples (mean 7.08 Mbps)
  longdress__driving_B_2020.01.16_09.56.56__fixed1__win0__seed43.csv: 30 samples (mean 14.90 Mbps)
  longdress__driving_B_2020.01.16_09.56.56__fixed3__win0__seed43.csv: 30 samples (mean 15.26 Mbps)
  longdress__driving_B_2020.01.16_09.56.56__fixed5__win0__seed43.csv: 30 samples (mean 4.20 Mbps)
  longdress__driving_B_2020.01.16_09.56.56__cycle__win0__seed43.csv: 30 samples (mean 12.58 Mbps)
  longdress__driving_B_2020.01.16_09.56.56__bandwidth__win0__seed43.csv: 30 samples (mean 9.01 Mbps)
  longdress__driving_B_2020.01.16_09.56.56__fixed1__win0__seed44.csv: 30 samples (mean 14.86 Mbps)
  longdress__driving_B_2020.01.16_09.56.56__fixed3__win0__seed44.csv: 30 samples (mean 14.89 Mbps)
  longdress__driving_B_2020.01.16_09.56.56__fixed5__win0__seed44.csv: 30 samples (mean 4.17 Mbps)
  longdress__driving_B_2020.01.16_09.56.56__cycle__win0__seed44.csv: 30 samples (mean 12.52 Mbps)
  longdress__driving_B_2020.01.16_09.56.56__bandwidth__win0__seed44.csv: 30 samples (mean 10.89 Mbps)
  longdress__driving_B_2020.01.16_09.56.56__fixed1__win227__seed42.csv: 30 samples (mean 56.48 Mbps)
  longdress__driving_B_2020.01.16_09.56.56__fixed3__win227__seed42.csv: 30 samples (mean 14.61 Mbps)
  longdress__driving_B_2020.01.16_09.56.56__fixed5__win227__seed42.csv: 30 samples (mean 4.22 Mbps)
  longdress__driving_B_2020.01.16_09.56.56__cycle__win227__seed42.csv: 30 samples (mean 24.38 Mbps)
  longdress__driving_B_2020.01.16_09.56.56__bandwidth__win227__seed42.csv: 30 samples (mean 8.45 Mbps)
  longdress__driving_B_2020.01.16_09.56.56__fixed1__win227__seed43.csv: 30 samples (mean 55.94 Mbps)
  longdress__driving_B_2020.01.16_09.56.56__fixed3__win227__seed43.csv: 30 samples (mean 14.10 Mbps)
  longdress__driving_B_2020.01.16_09.56.56__fixed5__win227__seed43.csv: 30 samples (mean 4.19 Mbps)
  longdress__driving_B_2020.01.16_09.56.56__cycle__win227__seed43.csv: 30 samples (mean 24.19 Mbps)
  longdress__driving_B_2020.01.16_09.56.56__bandwidth__win227__seed43.csv: 30 samples (mean 7.34 Mbps)
  longdress__driving_B_2020.01.16_09.56.56__fixed1__win227__seed44.csv: 30 samples (mean 54.88 Mbps)
  longdress__driving_B_2020.01.16_09.56.56__fixed3__win227__seed44.csv: 30 samples (mean 14.39 Mbps)
  longdress__driving_B_2020.01.16_09.56.56__fixed5__win227__seed44.csv: 30 samples (mean 4.19 Mbps)
  longdress__driving_B_2020.01.16_09.56.56__cycle__win227__seed44.csv: 30 samples (mean 24.82 Mbps)
  longdress__driving_B_2020.01.16_09.56.56__bandwidth__win227__seed44.csv: 30 samples (mean 8.07 Mbps)
  longdress__driving_B_2020.01.16_09.56.56__fixed1__win526__seed42.csv: 30 samples (mean 71.81 Mbps)
  longdress__driving_B_2020.01.16_09.56.56__fixed3__win526__seed42.csv: 30 samples (mean 23.41 Mbps)
  longdress__driving_B_2020.01.16_09.56.56__fixed5__win526__seed42.csv: 30 samples (mean 4.25 Mbps)
  longdress__driving_B_2020.01.16_09.56.56__cycle__win526__seed42.csv: 30 samples (mean 28.53 Mbps)
  longdress__driving_B_2020.01.16_09.56.56__bandwidth__win526__seed42.csv: 30 samples (mean 8.55 Mbps)
  longdress__driving_B_2020.01.16_09.56.56__fixed1__win526__seed43.csv: 30 samples (mean 70.25 Mbps)
  longdress__driving_B_2020.01.16_09.56.56__fixed3__win526__seed43.csv: 30 samples (mean 23.24 Mbps)
  longdress__driving_B_2020.01.16_09.56.56__fixed5__win526__seed43.csv: 30 samples (mean 4.19 Mbps)
  longdress__driving_B_2020.01.16_09.56.56__cycle__win526__seed43.csv: 30 samples (mean 28.97 Mbps)
  longdress__driving_B_2020.01.16_09.56.56__bandwidth__win526__seed43.csv: 30 samples (mean 8.72 Mbps)
  longdress__driving_B_2020.01.16_09.56.56__fixed1__win526__seed44.csv: 30 samples (mean 71.23 Mbps)
  longdress__driving_B_2020.01.16_09.56.56__fixed3__win526__seed44.csv: 30 samples (mean 23.82 Mbps)
  longdress__driving_B_2020.01.16_09.56.56__fixed5__win526__seed44.csv: 30 samples (mean 4.22 Mbps)
  longdress__driving_B_2020.01.16_09.56.56__cycle__win526__seed44.csv: 30 samples (mean 29.11 Mbps)
  longdress__driving_B_2020.01.16_09.56.56__bandwidth__win526__seed44.csv: 30 samples (mean 14.43 Mbps)
  longdress__driving_B_2020.01.16_09.56.56__fixed1__win750__seed42.csv: 30 samples (mean 23.34 Mbps)
  longdress__driving_B_2020.01.16_09.56.56__fixed3__win750__seed42.csv: 30 samples (mean 51.45 Mbps)
  longdress__driving_B_2020.01.16_09.56.56__fixed5__win750__seed42.csv: 30 samples (mean 4.25 Mbps)
  longdress__driving_B_2020.01.16_09.56.56__cycle__win750__seed42.csv: 30 samples (mean 16.26 Mbps)
  longdress__driving_B_2020.01.16_09.56.56__bandwidth__win750__seed42.csv: 30 samples (mean 8.55 Mbps)
  longdress__driving_B_2020.01.16_09.56.56__fixed1__win750__seed43.csv: 30 samples (mean 23.70 Mbps)
  longdress__driving_B_2020.01.16_09.56.56__fixed3__win750__seed43.csv: 30 samples (mean 50.07 Mbps)
  longdress__driving_B_2020.01.16_09.56.56__fixed5__win750__seed43.csv: 30 samples (mean 4.19 Mbps)
  longdress__driving_B_2020.01.16_09.56.56__cycle__win750__seed43.csv: 30 samples (mean 16.47 Mbps)
  longdress__driving_B_2020.01.16_09.56.56__bandwidth__win750__seed43.csv: 30 samples (mean 8.72 Mbps)
  longdress__driving_B_2020.01.16_09.56.56__fixed1__win750__seed44.csv: 30 samples (mean 23.81 Mbps)
  longdress__driving_B_2020.01.16_09.56.56__fixed3__win750__seed44.csv: 30 samples (mean 50.90 Mbps)
  longdress__driving_B_2020.01.16_09.56.56__fixed5__win750__seed44.csv: 30 samples (mean 4.22 Mbps)
  longdress__driving_B_2020.01.16_09.56.56__cycle__win750__seed44.csv: 30 samples (mean 16.30 Mbps)
  longdress__driving_B_2020.01.16_09.56.56__bandwidth__win750__seed44.csv: 30 samples (mean 27.79 Mbps)
  longdress__driving_B_2020.01.16_09.56.56__fixed1__win912__seed42.csv: 30 samples (mean 18.52 Mbps)
  longdress__driving_B_2020.01.16_09.56.56__fixed3__win912__seed42.csv: 30 samples (mean 12.50 Mbps)
  longdress__driving_B_2020.01.16_09.56.56__fixed5__win912__seed42.csv: 30 samples (mean 3.63 Mbps)
  longdress__driving_B_2020.01.16_09.56.56__cycle__win912__seed42.csv: 30 samples (mean 8.36 Mbps)
  longdress__driving_B_2020.01.16_09.56.56__bandwidth__win912__seed42.csv: 30 samples (mean 3.63 Mbps)
  longdress__driving_B_2020.01.16_09.56.56__fixed1__win912__seed43.csv: 30 samples (mean 18.03 Mbps)
  longdress__driving_B_2020.01.16_09.56.56__fixed3__win912__seed43.csv: 30 samples (mean 13.38 Mbps)
  longdress__driving_B_2020.01.16_09.56.56__fixed5__win912__seed43.csv: 30 samples (mean 3.59 Mbps)
  longdress__driving_B_2020.01.16_09.56.56__cycle__win912__seed43.csv: 30 samples (mean 8.36 Mbps)
  longdress__driving_B_2020.01.16_09.56.56__bandwidth__win912__seed43.csv: 30 samples (mean 3.59 Mbps)
  longdress__driving_B_2020.01.16_09.56.56__fixed1__win912__seed44.csv: 30 samples (mean 18.56 Mbps)
  longdress__driving_B_2020.01.16_09.56.56__fixed3__win912__seed44.csv: 30 samples (mean 13.10 Mbps)
  longdress__driving_B_2020.01.16_09.56.56__fixed5__win912__seed44.csv: 30 samples (mean 3.48 Mbps)
  longdress__driving_B_2020.01.16_09.56.56__cycle__win912__seed44.csv: 30 samples (mean 8.25 Mbps)
  longdress__driving_B_2020.01.16_09.56.56__bandwidth__win912__seed44.csv: 30 samples (mean 3.69 Mbps)
  longdress__driving_B_2020.01.16_09.56.56__fixed1__win1142__seed42.csv: 30 samples (mean 20.84 Mbps)
  longdress__driving_B_2020.01.16_09.56.56__fixed3__win1142__seed42.csv: 30 samples (mean 19.71 Mbps)
  longdress__driving_B_2020.01.16_09.56.56__fixed5__win1142__seed42.csv: 30 samples (mean 3.90 Mbps)
  longdress__driving_B_2020.01.16_09.56.56__cycle__win1142__seed42.csv: 30 samples (mean 15.87 Mbps)
  longdress__driving_B_2020.01.16_09.56.56__bandwidth__win1142__seed42.csv: 30 samples (mean 4.91 Mbps)
  longdress__driving_B_2020.01.16_09.56.56__fixed1__win1142__seed43.csv: 30 samples (mean 20.81 Mbps)
  longdress__driving_B_2020.01.16_09.56.56__fixed3__win1142__seed43.csv: 30 samples (mean 19.77 Mbps)
  longdress__driving_B_2020.01.16_09.56.56__fixed5__win1142__seed43.csv: 30 samples (mean 3.85 Mbps)
  longdress__driving_B_2020.01.16_09.56.56__cycle__win1142__seed43.csv: 30 samples (mean 15.93 Mbps)
  longdress__driving_B_2020.01.16_09.56.56__bandwidth__win1142__seed43.csv: 30 samples (mean 4.90 Mbps)
  longdress__driving_B_2020.01.16_09.56.56__fixed1__win1142__seed44.csv: 30 samples (mean 20.87 Mbps)
  longdress__driving_B_2020.01.16_09.56.56__fixed3__win1142__seed44.csv: 30 samples (mean 19.53 Mbps)
  longdress__driving_B_2020.01.16_09.56.56__fixed5__win1142__seed44.csv: 30 samples (mean 3.89 Mbps)
  longdress__driving_B_2020.01.16_09.56.56__cycle__win1142__seed44.csv: 30 samples (mean 15.87 Mbps)
  longdress__driving_B_2020.01.16_09.56.56__bandwidth__win1142__seed44.csv: 30 samples (mean 9.02 Mbps)
  longdress__driving_B_2020.01.16_09.56.56__fixed1__win1367__seed42.csv: 30 samples (mean 59.20 Mbps)
  longdress__driving_B_2020.01.16_09.56.56__fixed3__win1367__seed42.csv: 30 samples (mean 22.42 Mbps)
  longdress__driving_B_2020.01.16_09.56.56__fixed5__win1367__seed42.csv: 30 samples (mean 4.25 Mbps)
  longdress__driving_B_2020.01.16_09.56.56__cycle__win1367__seed42.csv: 30 samples (mean 27.39 Mbps)
  longdress__driving_B_2020.01.16_09.56.56__bandwidth__win1367__seed42.csv: 30 samples (mean 8.55 Mbps)
  longdress__driving_B_2020.01.16_09.56.56__fixed1__win1367__seed43.csv: 30 samples (mean 58.12 Mbps)
  longdress__driving_B_2020.01.16_09.56.56__fixed3__win1367__seed43.csv: 30 samples (mean 22.63 Mbps)
  longdress__driving_B_2020.01.16_09.56.56__fixed5__win1367__seed43.csv: 30 samples (mean 4.19 Mbps)
  longdress__driving_B_2020.01.16_09.56.56__cycle__win1367__seed43.csv: 30 samples (mean 27.31 Mbps)
  longdress__driving_B_2020.01.16_09.56.56__bandwidth__win1367__seed43.csv: 30 samples (mean 8.72 Mbps)
  longdress__driving_B_2020.01.16_09.56.56__fixed1__win1367__seed44.csv: 30 samples (mean 58.96 Mbps)
  longdress__driving_B_2020.01.16_09.56.56__fixed3__win1367__seed44.csv: 30 samples (mean 22.67 Mbps)
  longdress__driving_B_2020.01.16_09.56.56__fixed5__win1367__seed44.csv: 30 samples (mean 4.22 Mbps)
  longdress__driving_B_2020.01.16_09.56.56__cycle__win1367__seed44.csv: 30 samples (mean 27.44 Mbps)
  longdress__driving_B_2020.01.16_09.56.56__bandwidth__win1367__seed44.csv: 30 samples (mean 14.42 Mbps)
  longdress__driving_B_2020.01.16_09.56.56__fixed1__win1594__seed42.csv: 30 samples (mean 65.44 Mbps)
  longdress__driving_B_2020.01.16_09.56.56__fixed3__win1594__seed42.csv: 30 samples (mean 50.46 Mbps)
  longdress__driving_B_2020.01.16_09.56.56__fixed5__win1594__seed42.csv: 30 samples (mean 4.25 Mbps)
  longdress__driving_B_2020.01.16_09.56.56__cycle__win1594__seed42.csv: 30 samples (mean 29.60 Mbps)
  longdress__driving_B_2020.01.16_09.56.56__bandwidth__win1594__seed42.csv: 30 samples (mean 8.55 Mbps)
  longdress__driving_B_2020.01.16_09.56.56__fixed1__win1594__seed43.csv: 30 samples (mean 66.79 Mbps)
  longdress__driving_B_2020.01.16_09.56.56__fixed3__win1594__seed43.csv: 30 samples (mean 51.25 Mbps)
  longdress__driving_B_2020.01.16_09.56.56__fixed5__win1594__seed43.csv: 30 samples (mean 4.19 Mbps)
  longdress__driving_B_2020.01.16_09.56.56__cycle__win1594__seed43.csv: 30 samples (mean 28.74 Mbps)
  longdress__driving_B_2020.01.16_09.56.56__bandwidth__win1594__seed43.csv: 30 samples (mean 8.72 Mbps)
  longdress__driving_B_2020.01.16_09.56.56__fixed1__win1594__seed44.csv: 30 samples (mean 67.19 Mbps)
  longdress__driving_B_2020.01.16_09.56.56__fixed3__win1594__seed44.csv: 30 samples (mean 49.43 Mbps)
  longdress__driving_B_2020.01.16_09.56.56__fixed5__win1594__seed44.csv: 30 samples (mean 4.22 Mbps)
  longdress__driving_B_2020.01.16_09.56.56__cycle__win1594__seed44.csv: 30 samples (mean 29.37 Mbps)
  longdress__driving_B_2020.01.16_09.56.56__bandwidth__win1594__seed44.csv: 30 samples (mean 22.80 Mbps)
  longdress__driving_B_2020.01.16_12.10.03__fixed1__win0__seed42.csv: 30 samples (mean 133.11 Mbps)
  longdress__driving_B_2020.01.16_12.10.03__fixed3__win0__seed42.csv: 30 samples (mean 64.10 Mbps)
  longdress__driving_B_2020.01.16_12.10.03__fixed5__win0__seed42.csv: 30 samples (mean 4.17 Mbps)
  longdress__driving_B_2020.01.16_12.10.03__cycle__win0__seed42.csv: 30 samples (mean 82.76 Mbps)
  longdress__driving_B_2020.01.16_12.10.03__bandwidth__win0__seed42.csv: 30 samples (mean 8.41 Mbps)
  longdress__driving_B_2020.01.16_12.10.03__fixed1__win0__seed43.csv: 30 samples (mean 131.82 Mbps)
  longdress__driving_B_2020.01.16_12.10.03__fixed3__win0__seed43.csv: 30 samples (mean 63.66 Mbps)
  longdress__driving_B_2020.01.16_12.10.03__fixed5__win0__seed43.csv: 30 samples (mean 4.19 Mbps)
  longdress__driving_B_2020.01.16_12.10.03__cycle__win0__seed43.csv: 30 samples (mean 83.39 Mbps)
  longdress__driving_B_2020.01.16_12.10.03__bandwidth__win0__seed43.csv: 30 samples (mean 8.57 Mbps)
  longdress__driving_B_2020.01.16_12.10.03__fixed1__win0__seed44.csv: 30 samples (mean 133.20 Mbps)
  longdress__driving_B_2020.01.16_12.10.03__fixed3__win0__seed44.csv: 30 samples (mean 64.49 Mbps)
  longdress__driving_B_2020.01.16_12.10.03__fixed5__win0__seed44.csv: 30 samples (mean 4.09 Mbps)
  longdress__driving_B_2020.01.16_12.10.03__cycle__win0__seed44.csv: 30 samples (mean 83.85 Mbps)
  longdress__driving_B_2020.01.16_12.10.03__bandwidth__win0__seed44.csv: 30 samples (mean 8.23 Mbps)
  longdress__driving_B_2020.01.16_12.10.03__fixed1__win58__seed42.csv: 30 samples (mean 89.71 Mbps)
  longdress__driving_B_2020.01.16_12.10.03__fixed3__win58__seed42.csv: 30 samples (mean 25.77 Mbps)
  longdress__driving_B_2020.01.16_12.10.03__fixed5__win58__seed42.csv: 30 samples (mean 4.25 Mbps)
  longdress__driving_B_2020.01.16_12.10.03__cycle__win58__seed42.csv: 30 samples (mean 58.45 Mbps)
  longdress__driving_B_2020.01.16_12.10.03__bandwidth__win58__seed42.csv: 30 samples (mean 6.84 Mbps)
  longdress__driving_B_2020.01.16_12.10.03__fixed1__win58__seed43.csv: 30 samples (mean 91.67 Mbps)
  longdress__driving_B_2020.01.16_12.10.03__fixed3__win58__seed43.csv: 30 samples (mean 24.94 Mbps)
  longdress__driving_B_2020.01.16_12.10.03__fixed5__win58__seed43.csv: 30 samples (mean 4.19 Mbps)
  longdress__driving_B_2020.01.16_12.10.03__cycle__win58__seed43.csv: 30 samples (mean 57.39 Mbps)
  longdress__driving_B_2020.01.16_12.10.03__bandwidth__win58__seed43.csv: 30 samples (mean 6.26 Mbps)
  longdress__driving_B_2020.01.16_12.10.03__fixed1__win58__seed44.csv: 30 samples (mean 87.28 Mbps)
  longdress__driving_B_2020.01.16_12.10.03__fixed3__win58__seed44.csv: 30 samples (mean 25.38 Mbps)
  longdress__driving_B_2020.01.16_12.10.03__fixed5__win58__seed44.csv: 30 samples (mean 4.22 Mbps)
  longdress__driving_B_2020.01.16_12.10.03__cycle__win58__seed44.csv: 30 samples (mean 56.33 Mbps)
  longdress__driving_B_2020.01.16_12.10.03__bandwidth__win58__seed44.csv: 30 samples (mean 8.45 Mbps)
  longdress__driving_B_2020.01.16_12.10.03__fixed1__win114__seed42.csv: 30 samples (mean 113.02 Mbps)
  longdress__driving_B_2020.01.16_12.10.03__fixed3__win114__seed42.csv: 30 samples (mean 64.81 Mbps)
  longdress__driving_B_2020.01.16_12.10.03__fixed5__win114__seed42.csv: 30 samples (mean 4.25 Mbps)
  longdress__driving_B_2020.01.16_12.10.03__cycle__win114__seed42.csv: 30 samples (mean 55.58 Mbps)
  longdress__driving_B_2020.01.16_12.10.03__bandwidth__win114__seed42.csv: 30 samples (mean 8.55 Mbps)
  longdress__driving_B_2020.01.16_12.10.03__fixed1__win114__seed43.csv: 30 samples (mean 115.36 Mbps)
  longdress__driving_B_2020.01.16_12.10.03__fixed3__win114__seed43.csv: 30 samples (mean 63.19 Mbps)
  longdress__driving_B_2020.01.16_12.10.03__fixed5__win114__seed43.csv: 30 samples (mean 4.19 Mbps)
  longdress__driving_B_2020.01.16_12.10.03__cycle__win114__seed43.csv: 30 samples (mean 59.96 Mbps)
  longdress__driving_B_2020.01.16_12.10.03__bandwidth__win114__seed43.csv: 30 samples (mean 8.72 Mbps)
  longdress__driving_B_2020.01.16_12.10.03__fixed1__win114__seed44.csv: 30 samples (mean 112.90 Mbps)
  longdress__driving_B_2020.01.16_12.10.03__fixed3__win114__seed44.csv: 30 samples (mean 63.84 Mbps)
  longdress__driving_B_2020.01.16_12.10.03__fixed5__win114__seed44.csv: 30 samples (mean 4.22 Mbps)
  longdress__driving_B_2020.01.16_12.10.03__cycle__win114__seed44.csv: 30 samples (mean 59.94 Mbps)
  longdress__driving_B_2020.01.16_12.10.03__bandwidth__win114__seed44.csv: 30 samples (mean 42.60 Mbps)
  longdress__driving_B_2020.01.16_12.10.03__fixed1__win171__seed42.csv: 30 samples (mean 127.81 Mbps)
  longdress__driving_B_2020.01.16_12.10.03__fixed3__win171__seed42.csv: 30 samples (mean 62.06 Mbps)
  longdress__driving_B_2020.01.16_12.10.03__fixed5__win171__seed42.csv: 30 samples (mean 4.08 Mbps)
  longdress__driving_B_2020.01.16_12.10.03__cycle__win171__seed42.csv: 30 samples (mean 85.74 Mbps)
  longdress__driving_B_2020.01.16_12.10.03__bandwidth__win171__seed42.csv: 30 samples (mean 8.11 Mbps)
  longdress__driving_B_2020.01.16_12.10.03__fixed1__win171__seed43.csv: 30 samples (mean 127.01 Mbps)
  longdress__driving_B_2020.01.16_12.10.03__fixed3__win171__seed43.csv: 30 samples (mean 60.18 Mbps)
  longdress__driving_B_2020.01.16_12.10.03__fixed5__win171__seed43.csv: 30 samples (mean 4.06 Mbps)
  longdress__driving_B_2020.01.16_12.10.03__cycle__win171__seed43.csv: 30 samples (mean 78.51 Mbps)
  longdress__driving_B_2020.01.16_12.10.03__bandwidth__win171__seed43.csv: 30 samples (mean 7.90 Mbps)
  longdress__driving_B_2020.01.16_12.10.03__fixed1__win171__seed44.csv: 30 samples (mean 128.80 Mbps)
  longdress__driving_B_2020.01.16_12.10.03__fixed3__win171__seed44.csv: 30 samples (mean 61.10 Mbps)
  longdress__driving_B_2020.01.16_12.10.03__fixed5__win171__seed44.csv: 30 samples (mean 4.12 Mbps)
  longdress__driving_B_2020.01.16_12.10.03__cycle__win171__seed44.csv: 30 samples (mean 80.65 Mbps)
  longdress__driving_B_2020.01.16_12.10.03__bandwidth__win171__seed44.csv: 30 samples (mean 28.27 Mbps)
  longdress__driving_B_2020.01.16_12.10.03__fixed1__win229__seed42.csv: 30 samples (mean 128.16 Mbps)
  longdress__driving_B_2020.01.16_12.10.03__fixed3__win229__seed42.csv: 30 samples (mean 64.81 Mbps)
  longdress__driving_B_2020.01.16_12.10.03__fixed5__win229__seed42.csv: 30 samples (mean 4.25 Mbps)
  longdress__driving_B_2020.01.16_12.10.03__cycle__win229__seed42.csv: 30 samples (mean 77.07 Mbps)
  longdress__driving_B_2020.01.16_12.10.03__bandwidth__win229__seed42.csv: 30 samples (mean 8.55 Mbps)
  longdress__driving_B_2020.01.16_12.10.03__fixed1__win229__seed43.csv: 30 samples (mean 132.26 Mbps)
  longdress__driving_B_2020.01.16_12.10.03__fixed3__win229__seed43.csv: 30 samples (mean 63.19 Mbps)
  longdress__driving_B_2020.01.16_12.10.03__fixed5__win229__seed43.csv: 30 samples (mean 4.19 Mbps)
  longdress__driving_B_2020.01.16_12.10.03__cycle__win229__seed43.csv: 30 samples (mean 79.37 Mbps)
  longdress__driving_B_2020.01.16_12.10.03__bandwidth__win229__seed43.csv: 30 samples (mean 8.72 Mbps)
  longdress__driving_B_2020.01.16_12.10.03__fixed1__win229__seed44.csv: 30 samples (mean 134.30 Mbps)
  longdress__driving_B_2020.01.16_12.10.03__fixed3__win229__seed44.csv: 30 samples (mean 63.84 Mbps)
  longdress__driving_B_2020.01.16_12.10.03__fixed5__win229__seed44.csv: 30 samples (mean 4.22 Mbps)
  longdress__driving_B_2020.01.16_12.10.03__cycle__win229__seed44.csv: 30 samples (mean 77.50 Mbps)
  longdress__driving_B_2020.01.16_12.10.03__bandwidth__win229__seed44.csv: 30 samples (mean 38.04 Mbps)
  longdress__driving_B_2020.01.16_12.10.03__fixed1__win286__seed42.csv: 30 samples (mean 50.60 Mbps)
  longdress__driving_B_2020.01.16_12.10.03__fixed3__win286__seed42.csv: 30 samples (mean 20.96 Mbps)
  longdress__driving_B_2020.01.16_12.10.03__fixed5__win286__seed42.csv: 30 samples (mean 4.25 Mbps)
  longdress__driving_B_2020.01.16_12.10.03__cycle__win286__seed42.csv: 30 samples (mean 29.77 Mbps)
  longdress__driving_B_2020.01.16_12.10.03__bandwidth__win286__seed42.csv: 30 samples (mean 8.55 Mbps)
  longdress__driving_B_2020.01.16_12.10.03__fixed1__win286__seed43.csv: 30 samples (mean 51.61 Mbps)
  longdress__driving_B_2020.01.16_12.10.03__fixed3__win286__seed43.csv: 30 samples (mean 21.32 Mbps)
  longdress__driving_B_2020.01.16_12.10.03__fixed5__win286__seed43.csv: 30 samples (mean 4.19 Mbps)
  longdress__driving_B_2020.01.16_12.10.03__cycle__win286__seed43.csv: 30 samples (mean 30.50 Mbps)
  longdress__driving_B_2020.01.16_12.10.03__bandwidth__win286__seed43.csv: 30 samples (mean 8.72 Mbps)
  longdress__driving_B_2020.01.16_12.10.03__fixed1__win286__seed44.csv: 30 samples (mean 50.69 Mbps)
  longdress__driving_B_2020.01.16_12.10.03__fixed3__win286__seed44.csv: 30 samples (mean 22.23 Mbps)
  longdress__driving_B_2020.01.16_12.10.03__fixed5__win286__seed44.csv: 30 samples (mean 4.22 Mbps)
  longdress__driving_B_2020.01.16_12.10.03__cycle__win286__seed44.csv: 30 samples (mean 30.53 Mbps)
  longdress__driving_B_2020.01.16_12.10.03__bandwidth__win286__seed44.csv: 30 samples (mean 14.25 Mbps)
  longdress__driving_B_2020.01.16_12.10.03__fixed1__win344__seed42.csv: 30 samples (mean 124.04 Mbps)
  longdress__driving_B_2020.01.16_12.10.03__fixed3__win344__seed42.csv: 30 samples (mean 45.02 Mbps)
  longdress__driving_B_2020.01.16_12.10.03__fixed5__win344__seed42.csv: 30 samples (mean 4.08 Mbps)
  longdress__driving_B_2020.01.16_12.10.03__cycle__win344__seed42.csv: 30 samples (mean 66.81 Mbps)
  longdress__driving_B_2020.01.16_12.10.03__bandwidth__win344__seed42.csv: 30 samples (mean 8.11 Mbps)
  longdress__driving_B_2020.01.16_12.10.03__fixed1__win344__seed43.csv: 30 samples (mean 122.83 Mbps)
  longdress__driving_B_2020.01.16_12.10.03__fixed3__win344__seed43.csv: 30 samples (mean 45.11 Mbps)
  longdress__driving_B_2020.01.16_12.10.03__fixed5__win344__seed43.csv: 30 samples (mean 4.06 Mbps)
  longdress__driving_B_2020.01.16_12.10.03__cycle__win344__seed43.csv: 30 samples (mean 67.60 Mbps)
  longdress__driving_B_2020.01.16_12.10.03__bandwidth__win344__seed43.csv: 30 samples (mean 7.90 Mbps)
  longdress__driving_B_2020.01.16_12.10.03__fixed1__win344__seed44.csv: 30 samples (mean 123.15 Mbps)
  longdress__driving_B_2020.01.16_12.10.03__fixed3__win344__seed44.csv: 30 samples (mean 44.76 Mbps)
  longdress__driving_B_2020.01.16_12.10.03__fixed5__win344__seed44.csv: 30 samples (mean 4.12 Mbps)
  longdress__driving_B_2020.01.16_12.10.03__cycle__win344__seed44.csv: 30 samples (mean 63.93 Mbps)
  longdress__driving_B_2020.01.16_12.10.03__bandwidth__win344__seed44.csv: 30 samples (mean 12.03 Mbps)
  longdress__driving_B_2020.02.13_13.03.24__fixed1__win0__seed42.csv: 30 samples (mean 9.55 Mbps)
  longdress__driving_B_2020.02.13_13.03.24__fixed3__win0__seed42.csv: 30 samples (mean 10.50 Mbps)
  longdress__driving_B_2020.02.13_13.03.24__fixed5__win0__seed42.csv: 30 samples (mean 3.36 Mbps)
  longdress__driving_B_2020.02.13_13.03.24__cycle__win0__seed42.csv: 30 samples (mean 8.66 Mbps)
  longdress__driving_B_2020.02.13_13.03.24__bandwidth__win0__seed42.csv: 30 samples (mean 4.92 Mbps)
  longdress__driving_B_2020.02.13_13.03.24__fixed1__win0__seed43.csv: 30 samples (mean 9.59 Mbps)
  longdress__driving_B_2020.02.13_13.03.24__fixed3__win0__seed43.csv: 30 samples (mean 10.32 Mbps)
  longdress__driving_B_2020.02.13_13.03.24__fixed5__win0__seed43.csv: 30 samples (mean 3.37 Mbps)
  longdress__driving_B_2020.02.13_13.03.24__cycle__win0__seed43.csv: 30 samples (mean 8.73 Mbps)
  longdress__driving_B_2020.02.13_13.03.24__bandwidth__win0__seed43.csv: 30 samples (mean 5.36 Mbps)
  longdress__driving_B_2020.02.13_13.03.24__fixed1__win0__seed44.csv: 30 samples (mean 9.51 Mbps)
  longdress__driving_B_2020.02.13_13.03.24__fixed3__win0__seed44.csv: 30 samples (mean 10.54 Mbps)
  longdress__driving_B_2020.02.13_13.03.24__fixed5__win0__seed44.csv: 30 samples (mean 3.32 Mbps)
  longdress__driving_B_2020.02.13_13.03.24__cycle__win0__seed44.csv: 30 samples (mean 8.82 Mbps)
  longdress__driving_B_2020.02.13_13.03.24__bandwidth__win0__seed44.csv: 30 samples (mean 5.12 Mbps)
  longdress__driving_B_2020.02.13_13.03.24__fixed1__win217__seed42.csv: 30 samples (mean 9.77 Mbps)
  longdress__driving_B_2020.02.13_13.03.24__fixed3__win217__seed42.csv: 30 samples (mean 8.15 Mbps)
  longdress__driving_B_2020.02.13_13.03.24__fixed5__win217__seed42.csv: 30 samples (mean 3.44 Mbps)
  longdress__driving_B_2020.02.13_13.03.24__cycle__win217__seed42.csv: 30 samples (mean 9.58 Mbps)
  longdress__driving_B_2020.02.13_13.03.24__bandwidth__win217__seed42.csv: 30 samples (mean 3.44 Mbps)
  longdress__driving_B_2020.02.13_13.03.24__fixed1__win217__seed43.csv: 30 samples (mean 9.75 Mbps)
  longdress__driving_B_2020.02.13_13.03.24__fixed3__win217__seed43.csv: 30 samples (mean 8.35 Mbps)
  longdress__driving_B_2020.02.13_13.03.24__fixed5__win217__seed43.csv: 30 samples (mean 3.36 Mbps)
  longdress__driving_B_2020.02.13_13.03.24__cycle__win217__seed43.csv: 30 samples (mean 9.60 Mbps)
  longdress__driving_B_2020.02.13_13.03.24__bandwidth__win217__seed43.csv: 30 samples (mean 3.36 Mbps)
  longdress__driving_B_2020.02.13_13.03.24__fixed1__win217__seed44.csv: 30 samples (mean 9.74 Mbps)
  longdress__driving_B_2020.02.13_13.03.24__fixed3__win217__seed44.csv: 30 samples (mean 8.29 Mbps)
  longdress__driving_B_2020.02.13_13.03.24__fixed5__win217__seed44.csv: 30 samples (mean 3.60 Mbps)
  longdress__driving_B_2020.02.13_13.03.24__cycle__win217__seed44.csv: 30 samples (mean 9.84 Mbps)
  longdress__driving_B_2020.02.13_13.03.24__bandwidth__win217__seed44.csv: 30 samples (mean 3.60 Mbps)
  longdress__driving_B_2020.02.13_13.03.24__fixed1__win483__seed42.csv: 30 samples (mean 8.99 Mbps)
  longdress__driving_B_2020.02.13_13.03.24__fixed3__win483__seed42.csv: 30 samples (mean 10.04 Mbps)
  longdress__driving_B_2020.02.13_13.03.24__fixed5__win483__seed42.csv: 30 samples (mean 4.25 Mbps)
  longdress__driving_B_2020.02.13_13.03.24__cycle__win483__seed42.csv: 30 samples (mean 7.49 Mbps)
  longdress__driving_B_2020.02.13_13.03.24__bandwidth__win483__seed42.csv: 30 samples (mean 5.47 Mbps)
  longdress__driving_B_2020.02.13_13.03.24__fixed1__win483__seed43.csv: 30 samples (mean 9.07 Mbps)
  longdress__driving_B_2020.02.13_13.03.24__fixed3__win483__seed43.csv: 30 samples (mean 10.06 Mbps)
  longdress__driving_B_2020.02.13_13.03.24__fixed5__win483__seed43.csv: 30 samples (mean 4.19 Mbps)
  longdress__driving_B_2020.02.13_13.03.24__cycle__win483__seed43.csv: 30 samples (mean 7.51 Mbps)
  longdress__driving_B_2020.02.13_13.03.24__bandwidth__win483__seed43.csv: 30 samples (mean 4.22 Mbps)
  longdress__driving_B_2020.02.13_13.03.24__fixed1__win483__seed44.csv: 30 samples (mean 9.05 Mbps)
  longdress__driving_B_2020.02.13_13.03.24__fixed3__win483__seed44.csv: 30 samples (mean 9.90 Mbps)
  longdress__driving_B_2020.02.13_13.03.24__fixed5__win483__seed44.csv: 30 samples (mean 4.22 Mbps)
  longdress__driving_B_2020.02.13_13.03.24__cycle__win483__seed44.csv: 30 samples (mean 7.48 Mbps)
  longdress__driving_B_2020.02.13_13.03.24__bandwidth__win483__seed44.csv: 30 samples (mean 6.59 Mbps)
  longdress__driving_B_2020.02.13_13.03.24__fixed1__win806__seed42.csv: 30 samples (mean 8.27 Mbps)
  longdress__driving_B_2020.02.13_13.03.24__fixed3__win806__seed42.csv: 30 samples (mean 10.69 Mbps)
  longdress__driving_B_2020.02.13_13.03.24__fixed5__win806__seed42.csv: 30 samples (mean 4.09 Mbps)
  longdress__driving_B_2020.02.13_13.03.24__cycle__win806__seed42.csv: 30 samples (mean 7.05 Mbps)
  longdress__driving_B_2020.02.13_13.03.24__bandwidth__win806__seed42.csv: 30 samples (mean 4.18 Mbps)
  longdress__driving_B_2020.02.13_13.03.24__fixed1__win806__seed43.csv: 30 samples (mean 8.37 Mbps)
  longdress__driving_B_2020.02.13_13.03.24__fixed3__win806__seed43.csv: 30 samples (mean 10.46 Mbps)
  longdress__driving_B_2020.02.13_13.03.24__fixed5__win806__seed43.csv: 30 samples (mean 4.05 Mbps)
  longdress__driving_B_2020.02.13_13.03.24__cycle__win806__seed43.csv: 30 samples (mean 7.02 Mbps)
  longdress__driving_B_2020.02.13_13.03.24__bandwidth__win806__seed43.csv: 30 samples (mean 4.10 Mbps)
  longdress__driving_B_2020.02.13_13.03.24__fixed1__win806__seed44.csv: 30 samples (mean 8.27 Mbps)
  longdress__driving_B_2020.02.13_13.03.24__fixed3__win806__seed44.csv: 30 samples (mean 10.48 Mbps)
  longdress__driving_B_2020.02.13_13.03.24__fixed5__win806__seed44.csv: 30 samples (mean 4.11 Mbps)
  longdress__driving_B_2020.02.13_13.03.24__cycle__win806__seed44.csv: 30 samples (mean 7.20 Mbps)
  longdress__driving_B_2020.02.13_13.03.24__bandwidth__win806__seed44.csv: 30 samples (mean 5.18 Mbps)
  longdress__driving_B_2020.02.13_13.03.24__fixed1__win1077__seed42.csv: 30 samples (mean 6.38 Mbps)
  longdress__driving_B_2020.02.13_13.03.24__fixed3__win1077__seed42.csv: 30 samples (mean 7.80 Mbps)
  longdress__driving_B_2020.02.13_13.03.24__fixed5__win1077__seed42.csv: 30 samples (mean 4.25 Mbps)
  longdress__driving_B_2020.02.13_13.03.24__cycle__win1077__seed42.csv: 30 samples (mean 5.12 Mbps)
  longdress__driving_B_2020.02.13_13.03.24__bandwidth__win1077__seed42.csv: 30 samples (mean 5.64 Mbps)
  longdress__driving_B_2020.02.13_13.03.24__fixed1__win1077__seed43.csv: 30 samples (mean 6.40 Mbps)
  longdress__driving_B_2020.02.13_13.03.24__fixed3__win1077__seed43.csv: 30 samples (mean 7.66 Mbps)
  longdress__driving_B_2020.02.13_13.03.24__fixed5__win1077__seed43.csv: 30 samples (mean 4.19 Mbps)
  longdress__driving_B_2020.02.13_13.03.24__cycle__win1077__seed43.csv: 30 samples (mean 5.17 Mbps)
  longdress__driving_B_2020.02.13_13.03.24__bandwidth__win1077__seed43.csv: 30 samples (mean 5.57 Mbps)
  longdress__driving_B_2020.02.13_13.03.24__fixed1__win1077__seed44.csv: 30 samples (mean 6.40 Mbps)
  longdress__driving_B_2020.02.13_13.03.24__fixed3__win1077__seed44.csv: 30 samples (mean 7.72 Mbps)
  longdress__driving_B_2020.02.13_13.03.24__fixed5__win1077__seed44.csv: 30 samples (mean 4.22 Mbps)
  longdress__driving_B_2020.02.13_13.03.24__cycle__win1077__seed44.csv: 30 samples (mean 5.14 Mbps)
  longdress__driving_B_2020.02.13_13.03.24__bandwidth__win1077__seed44.csv: 30 samples (mean 6.84 Mbps)
  longdress__driving_B_2020.02.13_13.03.24__fixed1__win1283__seed42.csv: 30 samples (mean 7.39 Mbps)
  longdress__driving_B_2020.02.13_13.03.24__fixed3__win1283__seed42.csv: 30 samples (mean 6.59 Mbps)
  longdress__driving_B_2020.02.13_13.03.24__fixed5__win1283__seed42.csv: 30 samples (mean 3.46 Mbps)
  longdress__driving_B_2020.02.13_13.03.24__cycle__win1283__seed42.csv: 30 samples (mean 5.96 Mbps)
  longdress__driving_B_2020.02.13_13.03.24__bandwidth__win1283__seed42.csv: 30 samples (mean 3.46 Mbps)
  longdress__driving_B_2020.02.13_13.03.24__fixed1__win1283__seed43.csv: 30 samples (mean 7.40 Mbps)
  longdress__driving_B_2020.02.13_13.03.24__fixed3__win1283__seed43.csv: 30 samples (mean 6.59 Mbps)
  longdress__driving_B_2020.02.13_13.03.24__fixed5__win1283__seed43.csv: 30 samples (mean 3.43 Mbps)
  longdress__driving_B_2020.02.13_13.03.24__cycle__win1283__seed43.csv: 30 samples (mean 5.94 Mbps)
  longdress__driving_B_2020.02.13_13.03.24__bandwidth__win1283__seed43.csv: 30 samples (mean 3.43 Mbps)
  longdress__driving_B_2020.02.13_13.03.24__fixed1__win1283__seed44.csv: 30 samples (mean 7.40 Mbps)
  longdress__driving_B_2020.02.13_13.03.24__fixed3__win1283__seed44.csv: 30 samples (mean 6.86 Mbps)
  longdress__driving_B_2020.02.13_13.03.24__fixed5__win1283__seed44.csv: 30 samples (mean 3.44 Mbps)
  longdress__driving_B_2020.02.13_13.03.24__cycle__win1283__seed44.csv: 30 samples (mean 5.90 Mbps)
  longdress__driving_B_2020.02.13_13.03.24__bandwidth__win1283__seed44.csv: 30 samples (mean 3.44 Mbps)
  longdress__driving_B_2020.02.13_13.03.24__fixed1__win1556__seed42.csv: 30 samples (mean 9.06 Mbps)
  longdress__driving_B_2020.02.13_13.03.24__fixed3__win1556__seed42.csv: 30 samples (mean 6.91 Mbps)
  longdress__driving_B_2020.02.13_13.03.24__fixed5__win1556__seed42.csv: 30 samples (mean 3.51 Mbps)
  longdress__driving_B_2020.02.13_13.03.24__cycle__win1556__seed42.csv: 30 samples (mean 5.91 Mbps)
  longdress__driving_B_2020.02.13_13.03.24__bandwidth__win1556__seed42.csv: 30 samples (mean 3.50 Mbps)
  longdress__driving_B_2020.02.13_13.03.24__fixed1__win1556__seed43.csv: 30 samples (mean 9.18 Mbps)
  longdress__driving_B_2020.02.13_13.03.24__fixed3__win1556__seed43.csv: 30 samples (mean 6.84 Mbps)
  longdress__driving_B_2020.02.13_13.03.24__fixed5__win1556__seed43.csv: 30 samples (mean 3.40 Mbps)
  longdress__driving_B_2020.02.13_13.03.24__cycle__win1556__seed43.csv: 30 samples (mean 5.95 Mbps)
  longdress__driving_B_2020.02.13_13.03.24__bandwidth__win1556__seed43.csv: 30 samples (mean 3.46 Mbps)
  longdress__driving_B_2020.02.13_13.03.24__fixed1__win1556__seed44.csv: 30 samples (mean 9.01 Mbps)
  longdress__driving_B_2020.02.13_13.03.24__fixed3__win1556__seed44.csv: 30 samples (mean 6.86 Mbps)
  longdress__driving_B_2020.02.13_13.03.24__fixed5__win1556__seed44.csv: 30 samples (mean 3.50 Mbps)
  longdress__driving_B_2020.02.13_13.03.24__cycle__win1556__seed44.csv: 30 samples (mean 5.92 Mbps)
  longdress__driving_B_2020.02.13_13.03.24__bandwidth__win1556__seed44.csv: 30 samples (mean 3.50 Mbps)
  longdress__driving_B_2020.02.13_13.03.24__fixed1__win1954__seed42.csv: 30 samples (mean 4.07 Mbps)
  longdress__driving_B_2020.02.13_13.03.24__fixed3__win1954__seed42.csv: 30 samples (mean 3.82 Mbps)
  longdress__driving_B_2020.02.13_13.03.24__fixed5__win1954__seed42.csv: 30 samples (mean 1.14 Mbps)
  longdress__driving_B_2020.02.13_13.03.24__cycle__win1954__seed42.csv: 30 samples (mean 4.45 Mbps)
  longdress__driving_B_2020.02.13_13.03.24__bandwidth__win1954__seed42.csv: 30 samples (mean 1.14 Mbps)
  longdress__driving_B_2020.02.13_13.03.24__fixed1__win1954__seed43.csv: 30 samples (mean 4.07 Mbps)
  longdress__driving_B_2020.02.13_13.03.24__fixed3__win1954__seed43.csv: 30 samples (mean 3.81 Mbps)
  longdress__driving_B_2020.02.13_13.03.24__fixed5__win1954__seed43.csv: 30 samples (mean 1.17 Mbps)
  longdress__driving_B_2020.02.13_13.03.24__cycle__win1954__seed43.csv: 30 samples (mean 4.49 Mbps)
  longdress__driving_B_2020.02.13_13.03.24__bandwidth__win1954__seed43.csv: 30 samples (mean 1.17 Mbps)
  longdress__driving_B_2020.02.13_13.03.24__fixed1__win1954__seed44.csv: 30 samples (mean 4.08 Mbps)
  longdress__driving_B_2020.02.13_13.03.24__fixed3__win1954__seed44.csv: 30 samples (mean 3.82 Mbps)
  longdress__driving_B_2020.02.13_13.03.24__fixed5__win1954__seed44.csv: 30 samples (mean 1.17 Mbps)
  longdress__driving_B_2020.02.13_13.03.24__cycle__win1954__seed44.csv: 30 samples (mean 4.59 Mbps)
  longdress__driving_B_2020.02.13_13.03.24__bandwidth__win1954__seed44.csv: 30 samples (mean 1.17 Mbps)
  longdress__driving_B_2020.02.13_15.02.01__fixed1__win0__seed42.csv: 30 samples (mean 78.97 Mbps)
  longdress__driving_B_2020.02.13_15.02.01__fixed3__win0__seed42.csv: 30 samples (mean 49.70 Mbps)
  longdress__driving_B_2020.02.13_15.02.01__fixed5__win0__seed42.csv: 30 samples (mean 4.19 Mbps)
  longdress__driving_B_2020.02.13_15.02.01__cycle__win0__seed42.csv: 30 samples (mean 49.51 Mbps)
  longdress__driving_B_2020.02.13_15.02.01__bandwidth__win0__seed42.csv: 30 samples (mean 8.30 Mbps)
  longdress__driving_B_2020.02.13_15.02.01__fixed1__win0__seed43.csv: 30 samples (mean 77.73 Mbps)
  longdress__driving_B_2020.02.13_15.02.01__fixed3__win0__seed43.csv: 30 samples (mean 55.35 Mbps)
  longdress__driving_B_2020.02.13_15.02.01__fixed5__win0__seed43.csv: 30 samples (mean 4.25 Mbps)
  longdress__driving_B_2020.02.13_15.02.01__cycle__win0__seed43.csv: 30 samples (mean 51.09 Mbps)
  longdress__driving_B_2020.02.13_15.02.01__bandwidth__win0__seed43.csv: 30 samples (mean 26.54 Mbps)
  longdress__driving_B_2020.02.13_15.02.01__fixed1__win0__seed44.csv: 30 samples (mean 76.75 Mbps)
  longdress__driving_B_2020.02.13_15.02.01__fixed3__win0__seed44.csv: 30 samples (mean 56.39 Mbps)
  longdress__driving_B_2020.02.13_15.02.01__fixed5__win0__seed44.csv: 30 samples (mean 4.27 Mbps)
  longdress__driving_B_2020.02.13_15.02.01__cycle__win0__seed44.csv: 30 samples (mean 50.05 Mbps)
  longdress__driving_B_2020.02.13_15.02.01__bandwidth__win0__seed44.csv: 30 samples (mean 8.53 Mbps)
  longdress__driving_B_2020.02.13_15.02.01__fixed1__win378__seed42.csv: 30 samples (mean 134.31 Mbps)
  longdress__driving_B_2020.02.13_15.02.01__fixed3__win378__seed42.csv: 30 samples (mean 60.48 Mbps)
  longdress__driving_B_2020.02.13_15.02.01__fixed5__win378__seed42.csv: 30 samples (mean 4.22 Mbps)
  longdress__driving_B_2020.02.13_15.02.01__cycle__win378__seed42.csv: 30 samples (mean 81.60 Mbps)
  longdress__driving_B_2020.02.13_15.02.01__bandwidth__win378__seed42.csv: 30 samples (mean 45.46 Mbps)
  longdress__driving_B_2020.02.13_15.02.01__fixed1__win378__seed43.csv: 30 samples (mean 133.00 Mbps)
  longdress__driving_B_2020.02.13_15.02.01__fixed3__win378__seed43.csv: 30 samples (mean 63.21 Mbps)
  longdress__driving_B_2020.02.13_15.02.01__fixed5__win378__seed43.csv: 30 samples (mean 4.20 Mbps)
  longdress__driving_B_2020.02.13_15.02.01__cycle__win378__seed43.csv: 30 samples (mean 84.61 Mbps)
  longdress__driving_B_2020.02.13_15.02.01__bandwidth__win378__seed43.csv: 30 samples (mean 8.45 Mbps)
  longdress__driving_B_2020.02.13_15.02.01__fixed1__win378__seed44.csv: 30 samples (mean 133.51 Mbps)
  longdress__driving_B_2020.02.13_15.02.01__fixed3__win378__seed44.csv: 30 samples (mean 61.75 Mbps)
  longdress__driving_B_2020.02.13_15.02.01__fixed5__win378__seed44.csv: 30 samples (mean 4.20 Mbps)
  longdress__driving_B_2020.02.13_15.02.01__cycle__win378__seed44.csv: 30 samples (mean 82.89 Mbps)
  longdress__driving_B_2020.02.13_15.02.01__bandwidth__win378__seed44.csv: 30 samples (mean 44.34 Mbps)
  longdress__driving_B_2020.02.13_15.02.01__fixed1__win764__seed42.csv: 30 samples (mean 22.19 Mbps)
  longdress__driving_B_2020.02.13_15.02.01__fixed3__win764__seed42.csv: 30 samples (mean 13.52 Mbps)
  longdress__driving_B_2020.02.13_15.02.01__fixed5__win764__seed42.csv: 30 samples (mean 4.25 Mbps)
  longdress__driving_B_2020.02.13_15.02.01__cycle__win764__seed42.csv: 30 samples (mean 15.77 Mbps)
  longdress__driving_B_2020.02.13_15.02.01__bandwidth__win764__seed42.csv: 30 samples (mean 5.90 Mbps)
  longdress__driving_B_2020.02.13_15.02.01__fixed1__win764__seed43.csv: 30 samples (mean 22.19 Mbps)
  longdress__driving_B_2020.02.13_15.02.01__fixed3__win764__seed43.csv: 30 samples (mean 13.34 Mbps)
  longdress__driving_B_2020.02.13_15.02.01__fixed5__win764__seed43.csv: 30 samples (mean 4.19 Mbps)
  longdress__driving_B_2020.02.13_15.02.01__cycle__win764__seed43.csv: 30 samples (mean 15.75 Mbps)
  longdress__driving_B_2020.02.13_15.02.01__bandwidth__win764__seed43.csv: 30 samples (mean 5.89 Mbps)
  longdress__driving_B_2020.02.13_15.02.01__fixed1__win764__seed44.csv: 30 samples (mean 22.35 Mbps)
  longdress__driving_B_2020.02.13_15.02.01__fixed3__win764__seed44.csv: 30 samples (mean 13.21 Mbps)
  longdress__driving_B_2020.02.13_15.02.01__fixed5__win764__seed44.csv: 30 samples (mean 4.22 Mbps)
  longdress__driving_B_2020.02.13_15.02.01__cycle__win764__seed44.csv: 30 samples (mean 16.01 Mbps)
  longdress__driving_B_2020.02.13_15.02.01__bandwidth__win764__seed44.csv: 30 samples (mean 9.67 Mbps)
  longdress__driving_B_2020.02.13_15.02.01__fixed1__win1151__seed42.csv: 30 samples (mean 31.74 Mbps)
  longdress__driving_B_2020.02.13_15.02.01__fixed3__win1151__seed42.csv: 30 samples (mean 15.07 Mbps)
  longdress__driving_B_2020.02.13_15.02.01__fixed5__win1151__seed42.csv: 30 samples (mean 4.10 Mbps)
  longdress__driving_B_2020.02.13_15.02.01__cycle__win1151__seed42.csv: 30 samples (mean 17.39 Mbps)
  longdress__driving_B_2020.02.13_15.02.01__bandwidth__win1151__seed42.csv: 30 samples (mean 5.31 Mbps)
  longdress__driving_B_2020.02.13_15.02.01__fixed1__win1151__seed43.csv: 30 samples (mean 31.50 Mbps)
  longdress__driving_B_2020.02.13_15.02.01__fixed3__win1151__seed43.csv: 30 samples (mean 14.96 Mbps)
  longdress__driving_B_2020.02.13_15.02.01__fixed5__win1151__seed43.csv: 30 samples (mean 4.11 Mbps)
  longdress__driving_B_2020.02.13_15.02.01__cycle__win1151__seed43.csv: 30 samples (mean 17.17 Mbps)
  longdress__driving_B_2020.02.13_15.02.01__bandwidth__win1151__seed43.csv: 30 samples (mean 5.27 Mbps)
  longdress__driving_B_2020.02.13_15.02.01__fixed1__win1151__seed44.csv: 30 samples (mean 31.68 Mbps)
  longdress__driving_B_2020.02.13_15.02.01__fixed3__win1151__seed44.csv: 30 samples (mean 14.79 Mbps)
  longdress__driving_B_2020.02.13_15.02.01__fixed5__win1151__seed44.csv: 30 samples (mean 4.22 Mbps)
  longdress__driving_B_2020.02.13_15.02.01__cycle__win1151__seed44.csv: 30 samples (mean 16.88 Mbps)
  longdress__driving_B_2020.02.13_15.02.01__bandwidth__win1151__seed44.csv: 30 samples (mean 6.46 Mbps)
  longdress__driving_B_2020.02.13_15.02.01__fixed1__win1568__seed42.csv: 30 samples (mean 21.98 Mbps)
  longdress__driving_B_2020.02.13_15.02.01__fixed3__win1568__seed42.csv: 30 samples (mean 2.38 Mbps)
  longdress__driving_B_2020.02.13_15.02.01__fixed5__win1568__seed42.csv: 30 samples (mean 3.12 Mbps)
  longdress__driving_B_2020.02.13_15.02.01__cycle__win1568__seed42.csv: 30 samples (mean 5.65 Mbps)
  longdress__driving_B_2020.02.13_15.02.01__bandwidth__win1568__seed42.csv: 30 samples (mean 3.12 Mbps)
  longdress__driving_B_2020.02.13_15.02.01__fixed1__win1568__seed43.csv: 30 samples (mean 24.07 Mbps)
  longdress__driving_B_2020.02.13_15.02.01__fixed3__win1568__seed43.csv: 30 samples (mean 2.38 Mbps)
  longdress__driving_B_2020.02.13_15.02.01__fixed5__win1568__seed43.csv: 30 samples (mean 3.07 Mbps)
  longdress__driving_B_2020.02.13_15.02.01__cycle__win1568__seed43.csv: 30 samples (mean 5.75 Mbps)
  longdress__driving_B_2020.02.13_15.02.01__bandwidth__win1568__seed43.csv: 30 samples (mean 3.07 Mbps)
  longdress__driving_B_2020.02.13_15.02.01__fixed1__win1568__seed44.csv: 30 samples (mean 24.51 Mbps)
  longdress__driving_B_2020.02.13_15.02.01__fixed3__win1568__seed44.csv: 30 samples (mean 2.38 Mbps)
  longdress__driving_B_2020.02.13_15.02.01__fixed5__win1568__seed44.csv: 30 samples (mean 3.05 Mbps)
  longdress__driving_B_2020.02.13_15.02.01__cycle__win1568__seed44.csv: 30 samples (mean 5.76 Mbps)
  longdress__driving_B_2020.02.13_15.02.01__bandwidth__win1568__seed44.csv: 30 samples (mean 3.05 Mbps)
  longdress__driving_B_2020.02.13_15.02.01__fixed1__win1939__seed42.csv: 30 samples (mean 43.89 Mbps)
  longdress__driving_B_2020.02.13_15.02.01__fixed3__win1939__seed42.csv: 30 samples (mean 22.76 Mbps)
  longdress__driving_B_2020.02.13_15.02.01__fixed5__win1939__seed42.csv: 30 samples (mean 4.25 Mbps)
  longdress__driving_B_2020.02.13_15.02.01__cycle__win1939__seed42.csv: 30 samples (mean 20.68 Mbps)
  longdress__driving_B_2020.02.13_15.02.01__bandwidth__win1939__seed42.csv: 30 samples (mean 8.55 Mbps)
  longdress__driving_B_2020.02.13_15.02.01__fixed1__win1939__seed43.csv: 30 samples (mean 45.15 Mbps)
  longdress__driving_B_2020.02.13_15.02.01__fixed3__win1939__seed43.csv: 30 samples (mean 22.97 Mbps)
  longdress__driving_B_2020.02.13_15.02.01__fixed5__win1939__seed43.csv: 30 samples (mean 4.19 Mbps)
  longdress__driving_B_2020.02.13_15.02.01__cycle__win1939__seed43.csv: 30 samples (mean 20.53 Mbps)
  longdress__driving_B_2020.02.13_15.02.01__bandwidth__win1939__seed43.csv: 30 samples (mean 8.72 Mbps)
  longdress__driving_B_2020.02.13_15.02.01__fixed1__win1939__seed44.csv: 30 samples (mean 44.90 Mbps)
  longdress__driving_B_2020.02.13_15.02.01__fixed3__win1939__seed44.csv: 30 samples (mean 22.87 Mbps)
  longdress__driving_B_2020.02.13_15.02.01__fixed5__win1939__seed44.csv: 30 samples (mean 4.22 Mbps)
  longdress__driving_B_2020.02.13_15.02.01__cycle__win1939__seed44.csv: 30 samples (mean 20.59 Mbps)
  longdress__driving_B_2020.02.13_15.02.01__bandwidth__win1939__seed44.csv: 30 samples (mean 14.46 Mbps)
  longdress__driving_B_2020.02.13_15.02.01__fixed1__win2330__seed42.csv: 30 samples (mean 5.22 Mbps)
  longdress__driving_B_2020.02.13_15.02.01__fixed3__win2330__seed42.csv: 30 samples (mean 5.64 Mbps)
  longdress__driving_B_2020.02.13_15.02.01__fixed5__win2330__seed42.csv: 30 samples (mean 4.09 Mbps)
  longdress__driving_B_2020.02.13_15.02.01__cycle__win2330__seed42.csv: 30 samples (mean 5.45 Mbps)
  longdress__driving_B_2020.02.13_15.02.01__bandwidth__win2330__seed42.csv: 30 samples (mean 5.06 Mbps)
  longdress__driving_B_2020.02.13_15.02.01__fixed1__win2330__seed43.csv: 30 samples (mean 5.24 Mbps)
  longdress__driving_B_2020.02.13_15.02.01__fixed3__win2330__seed43.csv: 30 samples (mean 5.82 Mbps)
  longdress__driving_B_2020.02.13_15.02.01__fixed5__win2330__seed43.csv: 30 samples (mean 4.04 Mbps)
  longdress__driving_B_2020.02.13_15.02.01__cycle__win2330__seed43.csv: 30 samples (mean 5.33 Mbps)
  longdress__driving_B_2020.02.13_15.02.01__bandwidth__win2330__seed43.csv: 30 samples (mean 4.95 Mbps)
  longdress__driving_B_2020.02.13_15.02.01__fixed1__win2330__seed44.csv: 30 samples (mean 5.24 Mbps)
  longdress__driving_B_2020.02.13_15.02.01__fixed3__win2330__seed44.csv: 30 samples (mean 5.91 Mbps)
  longdress__driving_B_2020.02.13_15.02.01__fixed5__win2330__seed44.csv: 30 samples (mean 4.09 Mbps)
  longdress__driving_B_2020.02.13_15.02.01__cycle__win2330__seed44.csv: 30 samples (mean 5.46 Mbps)
  longdress__driving_B_2020.02.13_15.02.01__bandwidth__win2330__seed44.csv: 30 samples (mean 6.27 Mbps)
  longdress__driving_B_2020.02.13_15.02.01__fixed1__win2736__seed42.csv: 30 samples (mean 9.29 Mbps)
  longdress__driving_B_2020.02.13_15.02.01__fixed3__win2736__seed42.csv: 30 samples (mean 5.90 Mbps)
  longdress__driving_B_2020.02.13_15.02.01__fixed5__win2736__seed42.csv: 30 samples (mean 4.05 Mbps)
  longdress__driving_B_2020.02.13_15.02.01__cycle__win2736__seed42.csv: 30 samples (mean 6.86 Mbps)
  longdress__driving_B_2020.02.13_15.02.01__bandwidth__win2736__seed42.csv: 30 samples (mean 4.03 Mbps)
  longdress__driving_B_2020.02.13_15.02.01__fixed1__win2736__seed43.csv: 30 samples (mean 9.31 Mbps)
  longdress__driving_B_2020.02.13_15.02.01__fixed3__win2736__seed43.csv: 30 samples (mean 6.05 Mbps)
  longdress__driving_B_2020.02.13_15.02.01__fixed5__win2736__seed43.csv: 30 samples (mean 4.04 Mbps)
  longdress__driving_B_2020.02.13_15.02.01__cycle__win2736__seed43.csv: 30 samples (mean 6.92 Mbps)
  longdress__driving_B_2020.02.13_15.02.01__bandwidth__win2736__seed43.csv: 30 samples (mean 4.03 Mbps)
  longdress__driving_B_2020.02.13_15.02.01__fixed1__win2736__seed44.csv: 30 samples (mean 9.31 Mbps)
  longdress__driving_B_2020.02.13_15.02.01__fixed3__win2736__seed44.csv: 30 samples (mean 5.97 Mbps)
  longdress__driving_B_2020.02.13_15.02.01__fixed5__win2736__seed44.csv: 30 samples (mean 4.06 Mbps)
  longdress__driving_B_2020.02.13_15.02.01__cycle__win2736__seed44.csv: 30 samples (mean 6.91 Mbps)
  longdress__driving_B_2020.02.13_15.02.01__bandwidth__win2736__seed44.csv: 30 samples (mean 4.69 Mbps)
  longdress__driving_B_2020.02.14_09.38.22__fixed1__win0__seed42.csv: 30 samples (mean 8.39 Mbps)
  longdress__driving_B_2020.02.14_09.38.22__fixed3__win0__seed42.csv: 30 samples (mean 6.21 Mbps)
  longdress__driving_B_2020.02.14_09.38.22__fixed5__win0__seed42.csv: 30 samples (mean 4.22 Mbps)
  longdress__driving_B_2020.02.14_09.38.22__cycle__win0__seed42.csv: 30 samples (mean 8.22 Mbps)
  longdress__driving_B_2020.02.14_09.38.22__bandwidth__win0__seed42.csv: 30 samples (mean 5.76 Mbps)
  longdress__driving_B_2020.02.14_09.38.22__fixed1__win0__seed43.csv: 30 samples (mean 8.38 Mbps)
  longdress__driving_B_2020.02.14_09.38.22__fixed3__win0__seed43.csv: 30 samples (mean 6.33 Mbps)
  longdress__driving_B_2020.02.14_09.38.22__fixed5__win0__seed43.csv: 30 samples (mean 4.19 Mbps)
  longdress__driving_B_2020.02.14_09.38.22__cycle__win0__seed43.csv: 30 samples (mean 8.02 Mbps)
  longdress__driving_B_2020.02.14_09.38.22__bandwidth__win0__seed43.csv: 30 samples (mean 5.01 Mbps)
  longdress__driving_B_2020.02.14_09.38.22__fixed1__win0__seed44.csv: 30 samples (mean 8.39 Mbps)
  longdress__driving_B_2020.02.14_09.38.22__fixed3__win0__seed44.csv: 30 samples (mean 6.22 Mbps)
  longdress__driving_B_2020.02.14_09.38.22__fixed5__win0__seed44.csv: 30 samples (mean 4.19 Mbps)
  longdress__driving_B_2020.02.14_09.38.22__cycle__win0__seed44.csv: 30 samples (mean 8.43 Mbps)
  longdress__driving_B_2020.02.14_09.38.22__bandwidth__win0__seed44.csv: 30 samples (mean 5.07 Mbps)
  longdress__driving_B_2020.02.14_09.38.22__fixed1__win201__seed42.csv: 30 samples (mean 4.88 Mbps)
  longdress__driving_B_2020.02.14_09.38.22__fixed3__win201__seed42.csv: 30 samples (mean 5.27 Mbps)
  longdress__driving_B_2020.02.14_09.38.22__fixed5__win201__seed42.csv: 30 samples (mean 3.31 Mbps)
  longdress__driving_B_2020.02.14_09.38.22__cycle__win201__seed42.csv: 30 samples (mean 4.37 Mbps)
  longdress__driving_B_2020.02.14_09.38.22__bandwidth__win201__seed42.csv: 30 samples (mean 3.74 Mbps)
  longdress__driving_B_2020.02.14_09.38.22__fixed1__win201__seed43.csv: 30 samples (mean 4.89 Mbps)
  longdress__driving_B_2020.02.14_09.38.22__fixed3__win201__seed43.csv: 30 samples (mean 5.24 Mbps)
  longdress__driving_B_2020.02.14_09.38.22__fixed5__win201__seed43.csv: 30 samples (mean 3.25 Mbps)
  longdress__driving_B_2020.02.14_09.38.22__cycle__win201__seed43.csv: 30 samples (mean 4.53 Mbps)
  longdress__driving_B_2020.02.14_09.38.22__bandwidth__win201__seed43.csv: 30 samples (mean 3.81 Mbps)
  longdress__driving_B_2020.02.14_09.38.22__fixed1__win201__seed44.csv: 30 samples (mean 4.87 Mbps)
  longdress__driving_B_2020.02.14_09.38.22__fixed3__win201__seed44.csv: 30 samples (mean 5.28 Mbps)
  longdress__driving_B_2020.02.14_09.38.22__fixed5__win201__seed44.csv: 30 samples (mean 3.24 Mbps)
  longdress__driving_B_2020.02.14_09.38.22__cycle__win201__seed44.csv: 30 samples (mean 4.38 Mbps)
  longdress__driving_B_2020.02.14_09.38.22__bandwidth__win201__seed44.csv: 30 samples (mean 3.68 Mbps)
  longdress__driving_B_2020.02.14_09.38.22__fixed1__win367__seed42.csv: 30 samples (mean 11.39 Mbps)
  longdress__driving_B_2020.02.14_09.38.22__fixed3__win367__seed42.csv: 30 samples (mean 6.32 Mbps)
  longdress__driving_B_2020.02.14_09.38.22__fixed5__win367__seed42.csv: 30 samples (mean 4.01 Mbps)
  longdress__driving_B_2020.02.14_09.38.22__cycle__win367__seed42.csv: 30 samples (mean 5.72 Mbps)
  longdress__driving_B_2020.02.14_09.38.22__bandwidth__win367__seed42.csv: 30 samples (mean 5.19 Mbps)
  longdress__driving_B_2020.02.14_09.38.22__fixed1__win367__seed43.csv: 30 samples (mean 11.27 Mbps)
  longdress__driving_B_2020.02.14_09.38.22__fixed3__win367__seed43.csv: 30 samples (mean 6.18 Mbps)
  longdress__driving_B_2020.02.14_09.38.22__fixed5__win367__seed43.csv: 30 samples (mean 4.01 Mbps)
  longdress__driving_B_2020.02.14_09.38.22__cycle__win367__seed43.csv: 30 samples (mean 5.69 Mbps)
  longdress__driving_B_2020.02.14_09.38.22__bandwidth__win367__seed43.csv: 30 samples (mean 4.34 Mbps)
  longdress__driving_B_2020.02.14_09.38.22__fixed1__win367__seed44.csv: 30 samples (mean 11.33 Mbps)
  longdress__driving_B_2020.02.14_09.38.22__fixed3__win367__seed44.csv: 30 samples (mean 6.31 Mbps)
  longdress__driving_B_2020.02.14_09.38.22__fixed5__win367__seed44.csv: 30 samples (mean 4.07 Mbps)
  longdress__driving_B_2020.02.14_09.38.22__cycle__win367__seed44.csv: 30 samples (mean 5.70 Mbps)
  longdress__driving_B_2020.02.14_09.38.22__bandwidth__win367__seed44.csv: 30 samples (mean 4.08 Mbps)
  longdress__driving_B_2020.02.14_09.38.22__fixed1__win588__seed42.csv: 30 samples (mean 89.20 Mbps)
  longdress__driving_B_2020.02.14_09.38.22__fixed3__win588__seed42.csv: 30 samples (mean 14.51 Mbps)
  longdress__driving_B_2020.02.14_09.38.22__fixed5__win588__seed42.csv: 30 samples (mean 3.53 Mbps)
  longdress__driving_B_2020.02.14_09.38.22__cycle__win588__seed42.csv: 30 samples (mean 40.41 Mbps)
  longdress__driving_B_2020.02.14_09.38.22__bandwidth__win588__seed42.csv: 30 samples (mean 4.00 Mbps)
  longdress__driving_B_2020.02.14_09.38.22__fixed1__win588__seed43.csv: 30 samples (mean 88.09 Mbps)
  longdress__driving_B_2020.02.14_09.38.22__fixed3__win588__seed43.csv: 30 samples (mean 14.88 Mbps)
  longdress__driving_B_2020.02.14_09.38.22__fixed5__win588__seed43.csv: 30 samples (mean 3.52 Mbps)
  longdress__driving_B_2020.02.14_09.38.22__cycle__win588__seed43.csv: 30 samples (mean 38.25 Mbps)
  longdress__driving_B_2020.02.14_09.38.22__bandwidth__win588__seed43.csv: 30 samples (mean 4.00 Mbps)
  longdress__driving_B_2020.02.14_09.38.22__fixed1__win588__seed44.csv: 30 samples (mean 85.24 Mbps)
  longdress__driving_B_2020.02.14_09.38.22__fixed3__win588__seed44.csv: 30 samples (mean 14.78 Mbps)
  longdress__driving_B_2020.02.14_09.38.22__fixed5__win588__seed44.csv: 30 samples (mean 3.57 Mbps)
  longdress__driving_B_2020.02.14_09.38.22__cycle__win588__seed44.csv: 30 samples (mean 37.68 Mbps)
  longdress__driving_B_2020.02.14_09.38.22__bandwidth__win588__seed44.csv: 30 samples (mean 7.41 Mbps)
  longdress__driving_B_2020.02.14_09.38.22__fixed1__win804__seed42.csv: 30 samples (mean 105.25 Mbps)
  longdress__driving_B_2020.02.14_09.38.22__fixed3__win804__seed42.csv: 30 samples (mean 6.26 Mbps)
  longdress__driving_B_2020.02.14_09.38.22__fixed5__win804__seed42.csv: 30 samples (mean 4.10 Mbps)
  longdress__driving_B_2020.02.14_09.38.22__cycle__win804__seed42.csv: 30 samples (mean 51.02 Mbps)
  longdress__driving_B_2020.02.14_09.38.22__bandwidth__win804__seed42.csv: 30 samples (mean 5.89 Mbps)
  longdress__driving_B_2020.02.14_09.38.22__fixed1__win804__seed43.csv: 30 samples (mean 106.03 Mbps)
  longdress__driving_B_2020.02.14_09.38.22__fixed3__win804__seed43.csv: 30 samples (mean 6.46 Mbps)
  longdress__driving_B_2020.02.14_09.38.22__fixed5__win804__seed43.csv: 30 samples (mean 4.11 Mbps)
  longdress__driving_B_2020.02.14_09.38.22__cycle__win804__seed43.csv: 30 samples (mean 50.44 Mbps)
  longdress__driving_B_2020.02.14_09.38.22__bandwidth__win804__seed43.csv: 30 samples (mean 5.85 Mbps)
  longdress__driving_B_2020.02.14_09.38.22__fixed1__win804__seed44.csv: 30 samples (mean 104.84 Mbps)
  longdress__driving_B_2020.02.14_09.38.22__fixed3__win804__seed44.csv: 30 samples (mean 6.42 Mbps)
  longdress__driving_B_2020.02.14_09.38.22__fixed5__win804__seed44.csv: 30 samples (mean 4.22 Mbps)
  longdress__driving_B_2020.02.14_09.38.22__cycle__win804__seed44.csv: 30 samples (mean 51.50 Mbps)
  longdress__driving_B_2020.02.14_09.38.22__bandwidth__win804__seed44.csv: 30 samples (mean 7.43 Mbps)
  longdress__driving_B_2020.02.14_09.38.22__fixed1__win1030__seed42.csv: 30 samples (mean 12.53 Mbps)
  longdress__driving_B_2020.02.14_09.38.22__fixed3__win1030__seed42.csv: 30 samples (mean 10.15 Mbps)
  longdress__driving_B_2020.02.14_09.38.22__fixed5__win1030__seed42.csv: 30 samples (mean 3.57 Mbps)
  longdress__driving_B_2020.02.14_09.38.22__cycle__win1030__seed42.csv: 30 samples (mean 13.05 Mbps)
  longdress__driving_B_2020.02.14_09.38.22__bandwidth__win1030__seed42.csv: 30 samples (mean 3.57 Mbps)
  longdress__driving_B_2020.02.14_09.38.22__fixed1__win1030__seed43.csv: 30 samples (mean 12.62 Mbps)
  longdress__driving_B_2020.02.14_09.38.22__fixed3__win1030__seed43.csv: 30 samples (mean 10.32 Mbps)
  longdress__driving_B_2020.02.14_09.38.22__fixed5__win1030__seed43.csv: 30 samples (mean 3.57 Mbps)
  longdress__driving_B_2020.02.14_09.38.22__cycle__win1030__seed43.csv: 30 samples (mean 12.85 Mbps)
  longdress__driving_B_2020.02.14_09.38.22__bandwidth__win1030__seed43.csv: 30 samples (mean 3.57 Mbps)
  longdress__driving_B_2020.02.14_09.38.22__fixed1__win1030__seed44.csv: 30 samples (mean 12.46 Mbps)
  longdress__driving_B_2020.02.14_09.38.22__fixed3__win1030__seed44.csv: 30 samples (mean 10.13 Mbps)
  longdress__driving_B_2020.02.14_09.38.22__fixed5__win1030__seed44.csv: 30 samples (mean 3.60 Mbps)
  longdress__driving_B_2020.02.14_09.38.22__cycle__win1030__seed44.csv: 30 samples (mean 13.00 Mbps)
  longdress__driving_B_2020.02.14_09.38.22__bandwidth__win1030__seed44.csv: 30 samples (mean 4.02 Mbps)
  longdress__driving_B_2020.02.14_09.38.22__fixed1__win1209__seed42.csv: 30 samples (mean 42.85 Mbps)
  longdress__driving_B_2020.02.14_09.38.22__fixed3__win1209__seed42.csv: 30 samples (mean 6.83 Mbps)
  longdress__driving_B_2020.02.14_09.38.22__fixed5__win1209__seed42.csv: 30 samples (mean 3.80 Mbps)
  longdress__driving_B_2020.02.14_09.38.22__cycle__win1209__seed42.csv: 30 samples (mean 9.47 Mbps)
  longdress__driving_B_2020.02.14_09.38.22__bandwidth__win1209__seed42.csv: 30 samples (mean 4.53 Mbps)
  longdress__driving_B_2020.02.14_09.38.22__fixed1__win1209__seed43.csv: 30 samples (mean 42.74 Mbps)
  longdress__driving_B_2020.02.14_09.38.22__fixed3__win1209__seed43.csv: 30 samples (mean 6.95 Mbps)
  longdress__driving_B_2020.02.14_09.38.22__fixed5__win1209__seed43.csv: 30 samples (mean 3.75 Mbps)
  longdress__driving_B_2020.02.14_09.38.22__cycle__win1209__seed43.csv: 30 samples (mean 9.33 Mbps)
  longdress__driving_B_2020.02.14_09.38.22__bandwidth__win1209__seed43.csv: 30 samples (mean 4.50 Mbps)
  longdress__driving_B_2020.02.14_09.38.22__fixed1__win1209__seed44.csv: 30 samples (mean 42.95 Mbps)
  longdress__driving_B_2020.02.14_09.38.22__fixed3__win1209__seed44.csv: 30 samples (mean 6.82 Mbps)
  longdress__driving_B_2020.02.14_09.38.22__fixed5__win1209__seed44.csv: 30 samples (mean 3.81 Mbps)
  longdress__driving_B_2020.02.14_09.38.22__cycle__win1209__seed44.csv: 30 samples (mean 9.34 Mbps)
  longdress__driving_B_2020.02.14_09.38.22__bandwidth__win1209__seed44.csv: 30 samples (mean 5.31 Mbps)
  longdress__driving_B_2020.02.14_09.38.22__fixed1__win1451__seed42.csv: 30 samples (mean 12.94 Mbps)
  longdress__driving_B_2020.02.14_09.38.22__fixed3__win1451__seed42.csv: 30 samples (mean 14.15 Mbps)
  longdress__driving_B_2020.02.14_09.38.22__fixed5__win1451__seed42.csv: 30 samples (mean 4.12 Mbps)
  longdress__driving_B_2020.02.14_09.38.22__cycle__win1451__seed42.csv: 30 samples (mean 12.36 Mbps)
  longdress__driving_B_2020.02.14_09.38.22__bandwidth__win1451__seed42.csv: 30 samples (mean 5.82 Mbps)
  longdress__driving_B_2020.02.14_09.38.22__fixed1__win1451__seed43.csv: 30 samples (mean 12.92 Mbps)
  longdress__driving_B_2020.02.14_09.38.22__fixed3__win1451__seed43.csv: 30 samples (mean 13.68 Mbps)
  longdress__driving_B_2020.02.14_09.38.22__fixed5__win1451__seed43.csv: 30 samples (mean 4.12 Mbps)
  longdress__driving_B_2020.02.14_09.38.22__cycle__win1451__seed43.csv: 30 samples (mean 12.16 Mbps)
  longdress__driving_B_2020.02.14_09.38.22__bandwidth__win1451__seed43.csv: 30 samples (mean 5.91 Mbps)
  longdress__driving_B_2020.02.14_09.38.22__fixed1__win1451__seed44.csv: 30 samples (mean 12.93 Mbps)
  longdress__driving_B_2020.02.14_09.38.22__fixed3__win1451__seed44.csv: 30 samples (mean 14.20 Mbps)
  longdress__driving_B_2020.02.14_09.38.22__fixed5__win1451__seed44.csv: 30 samples (mean 4.08 Mbps)
  longdress__driving_B_2020.02.14_09.38.22__cycle__win1451__seed44.csv: 30 samples (mean 12.39 Mbps)
  longdress__driving_B_2020.02.14_09.38.22__bandwidth__win1451__seed44.csv: 30 samples (mean 5.84 Mbps)
  longdress__driving_B_2020.02.14_12.58.17__fixed1__win0__seed42.csv: 30 samples (mean 14.53 Mbps)
  longdress__driving_B_2020.02.14_12.58.17__fixed3__win0__seed42.csv: 30 samples (mean 10.33 Mbps)
  longdress__driving_B_2020.02.14_12.58.17__fixed5__win0__seed42.csv: 30 samples (mean 4.18 Mbps)
  longdress__driving_B_2020.02.14_12.58.17__cycle__win0__seed42.csv: 30 samples (mean 11.50 Mbps)
  longdress__driving_B_2020.02.14_12.58.17__bandwidth__win0__seed42.csv: 30 samples (mean 5.50 Mbps)
  longdress__driving_B_2020.02.14_12.58.17__fixed1__win0__seed43.csv: 30 samples (mean 14.54 Mbps)
  longdress__driving_B_2020.02.14_12.58.17__fixed3__win0__seed43.csv: 30 samples (mean 10.37 Mbps)
  longdress__driving_B_2020.02.14_12.58.17__fixed5__win0__seed43.csv: 30 samples (mean 4.25 Mbps)
  longdress__driving_B_2020.02.14_12.58.17__cycle__win0__seed43.csv: 30 samples (mean 11.53 Mbps)
  longdress__driving_B_2020.02.14_12.58.17__bandwidth__win0__seed43.csv: 30 samples (mean 6.83 Mbps)
  longdress__driving_B_2020.02.14_12.58.17__fixed1__win0__seed44.csv: 30 samples (mean 14.89 Mbps)
  longdress__driving_B_2020.02.14_12.58.17__fixed3__win0__seed44.csv: 30 samples (mean 10.29 Mbps)
  longdress__driving_B_2020.02.14_12.58.17__fixed5__win0__seed44.csv: 30 samples (mean 4.27 Mbps)
  longdress__driving_B_2020.02.14_12.58.17__cycle__win0__seed44.csv: 30 samples (mean 11.53 Mbps)
  longdress__driving_B_2020.02.14_12.58.17__bandwidth__win0__seed44.csv: 30 samples (mean 5.57 Mbps)
  longdress__driving_B_2020.02.14_12.58.17__fixed1__win482__seed42.csv: 30 samples (mean 8.42 Mbps)
  longdress__driving_B_2020.02.14_12.58.17__fixed3__win482__seed42.csv: 30 samples (mean 4.35 Mbps)
  longdress__driving_B_2020.02.14_12.58.17__fixed5__win482__seed42.csv: 30 samples (mean 1.38 Mbps)
  longdress__driving_B_2020.02.14_12.58.17__cycle__win482__seed42.csv: 30 samples (mean 6.12 Mbps)
  longdress__driving_B_2020.02.14_12.58.17__bandwidth__win482__seed42.csv: 30 samples (mean 1.38 Mbps)
  longdress__driving_B_2020.02.14_12.58.17__fixed1__win482__seed43.csv: 30 samples (mean 8.42 Mbps)
  longdress__driving_B_2020.02.14_12.58.17__fixed3__win482__seed43.csv: 30 samples (mean 4.26 Mbps)
  longdress__driving_B_2020.02.14_12.58.17__fixed5__win482__seed43.csv: 30 samples (mean 1.37 Mbps)
  longdress__driving_B_2020.02.14_12.58.17__cycle__win482__seed43.csv: 30 samples (mean 6.09 Mbps)
  longdress__driving_B_2020.02.14_12.58.17__bandwidth__win482__seed43.csv: 30 samples (mean 1.37 Mbps)
  longdress__driving_B_2020.02.14_12.58.17__fixed1__win482__seed44.csv: 30 samples (mean 8.44 Mbps)
  longdress__driving_B_2020.02.14_12.58.17__fixed3__win482__seed44.csv: 30 samples (mean 4.29 Mbps)
  longdress__driving_B_2020.02.14_12.58.17__fixed5__win482__seed44.csv: 30 samples (mean 1.38 Mbps)
  longdress__driving_B_2020.02.14_12.58.17__cycle__win482__seed44.csv: 30 samples (mean 6.01 Mbps)
  longdress__driving_B_2020.02.14_12.58.17__bandwidth__win482__seed44.csv: 30 samples (mean 1.38 Mbps)
  longdress__driving_B_2020.02.14_12.58.17__fixed1__win542__seed42.csv: 30 samples (mean 10.19 Mbps)
  longdress__driving_B_2020.02.14_12.58.17__fixed3__win542__seed42.csv: 30 samples (mean 7.57 Mbps)
  longdress__driving_B_2020.02.14_12.58.17__fixed5__win542__seed42.csv: 30 samples (mean 3.59 Mbps)
  longdress__driving_B_2020.02.14_12.58.17__cycle__win542__seed42.csv: 30 samples (mean 7.23 Mbps)
  longdress__driving_B_2020.02.14_12.58.17__bandwidth__win542__seed42.csv: 30 samples (mean 3.59 Mbps)
  longdress__driving_B_2020.02.14_12.58.17__fixed1__win542__seed43.csv: 30 samples (mean 10.19 Mbps)
  longdress__driving_B_2020.02.14_12.58.17__fixed3__win542__seed43.csv: 30 samples (mean 7.53 Mbps)
  longdress__driving_B_2020.02.14_12.58.17__fixed5__win542__seed43.csv: 30 samples (mean 3.49 Mbps)
  longdress__driving_B_2020.02.14_12.58.17__cycle__win542__seed43.csv: 30 samples (mean 7.24 Mbps)
  longdress__driving_B_2020.02.14_12.58.17__bandwidth__win542__seed43.csv: 30 samples (mean 3.49 Mbps)
  longdress__driving_B_2020.02.14_12.58.17__fixed1__win542__seed44.csv: 30 samples (mean 10.22 Mbps)
  longdress__driving_B_2020.02.14_12.58.17__fixed3__win542__seed44.csv: 30 samples (mean 7.57 Mbps)
  longdress__driving_B_2020.02.14_12.58.17__fixed5__win542__seed44.csv: 30 samples (mean 3.58 Mbps)
  longdress__driving_B_2020.02.14_12.58.17__cycle__win542__seed44.csv: 30 samples (mean 7.20 Mbps)
  longdress__driving_B_2020.02.14_12.58.17__bandwidth__win542__seed44.csv: 30 samples (mean 3.58 Mbps)
  longdress__driving_B_2020.02.14_12.58.17__fixed1__win605__seed42.csv: 30 samples (mean 13.52 Mbps)
  longdress__driving_B_2020.02.14_12.58.17__fixed3__win605__seed42.csv: 30 samples (mean 14.44 Mbps)
  longdress__driving_B_2020.02.14_12.58.17__fixed5__win605__seed42.csv: 30 samples (mean 4.25 Mbps)
  longdress__driving_B_2020.02.14_12.58.17__cycle__win605__seed42.csv: 30 samples (mean 10.49 Mbps)
  longdress__driving_B_2020.02.14_12.58.17__bandwidth__win605__seed42.csv: 30 samples (mean 7.21 Mbps)
  longdress__driving_B_2020.02.14_12.58.17__fixed1__win605__seed43.csv: 30 samples (mean 13.48 Mbps)
  longdress__driving_B_2020.02.14_12.58.17__fixed3__win605__seed43.csv: 30 samples (mean 14.41 Mbps)
  longdress__driving_B_2020.02.14_12.58.17__fixed5__win605__seed43.csv: 30 samples (mean 4.19 Mbps)
  longdress__driving_B_2020.02.14_12.58.17__cycle__win605__seed43.csv: 30 samples (mean 10.32 Mbps)
  longdress__driving_B_2020.02.14_12.58.17__bandwidth__win605__seed43.csv: 30 samples (mean 6.95 Mbps)
  longdress__driving_B_2020.02.14_12.58.17__fixed1__win605__seed44.csv: 30 samples (mean 13.47 Mbps)
  longdress__driving_B_2020.02.14_12.58.17__fixed3__win605__seed44.csv: 30 samples (mean 14.15 Mbps)
  longdress__driving_B_2020.02.14_12.58.17__fixed5__win605__seed44.csv: 30 samples (mean 4.22 Mbps)
  longdress__driving_B_2020.02.14_12.58.17__cycle__win605__seed44.csv: 30 samples (mean 10.47 Mbps)
  longdress__driving_B_2020.02.14_12.58.17__bandwidth__win605__seed44.csv: 30 samples (mean 8.14 Mbps)
  longdress__driving_B_2020.02.14_12.58.17__fixed1__win659__seed42.csv: 30 samples (mean 7.45 Mbps)
  longdress__driving_B_2020.02.14_12.58.17__fixed3__win659__seed42.csv: 30 samples (mean 11.83 Mbps)
  longdress__driving_B_2020.02.14_12.58.17__fixed5__win659__seed42.csv: 30 samples (mean 4.25 Mbps)
  longdress__driving_B_2020.02.14_12.58.17__cycle__win659__seed42.csv: 30 samples (mean 8.19 Mbps)
  longdress__driving_B_2020.02.14_12.58.17__bandwidth__win659__seed42.csv: 30 samples (mean 4.88 Mbps)
  longdress__driving_B_2020.02.14_12.58.17__fixed1__win659__seed43.csv: 30 samples (mean 7.41 Mbps)
  longdress__driving_B_2020.02.14_12.58.17__fixed3__win659__seed43.csv: 30 samples (mean 11.88 Mbps)
  longdress__driving_B_2020.02.14_12.58.17__fixed5__win659__seed43.csv: 30 samples (mean 4.19 Mbps)
  longdress__driving_B_2020.02.14_12.58.17__cycle__win659__seed43.csv: 30 samples (mean 8.16 Mbps)
  longdress__driving_B_2020.02.14_12.58.17__bandwidth__win659__seed43.csv: 30 samples (mean 4.79 Mbps)
  longdress__driving_B_2020.02.14_12.58.17__fixed1__win659__seed44.csv: 30 samples (mean 7.53 Mbps)
  longdress__driving_B_2020.02.14_12.58.17__fixed3__win659__seed44.csv: 30 samples (mean 11.88 Mbps)
  longdress__driving_B_2020.02.14_12.58.17__fixed5__win659__seed44.csv: 30 samples (mean 4.22 Mbps)
  longdress__driving_B_2020.02.14_12.58.17__cycle__win659__seed44.csv: 30 samples (mean 8.23 Mbps)
  longdress__driving_B_2020.02.14_12.58.17__bandwidth__win659__seed44.csv: 30 samples (mean 7.20 Mbps)
  longdress__driving_B_2020.02.27_17.30.15__fixed1__win269__seed42.csv: 30 samples (mean 3.91 Mbps)
  longdress__driving_B_2020.02.27_17.30.15__fixed3__win269__seed42.csv: 30 samples (mean 3.36 Mbps)
  longdress__driving_B_2020.02.27_17.30.15__fixed5__win269__seed42.csv: 30 samples (mean 0.80 Mbps)
  longdress__driving_B_2020.02.27_17.30.15__cycle__win269__seed42.csv: 30 samples (mean 4.79 Mbps)
  longdress__driving_B_2020.02.27_17.30.15__bandwidth__win269__seed42.csv: 30 samples (mean 0.80 Mbps)
  longdress__driving_B_2020.02.27_17.30.15__fixed1__win269__seed43.csv: 30 samples (mean 3.91 Mbps)
  longdress__driving_B_2020.02.27_17.30.15__fixed3__win269__seed43.csv: 30 samples (mean 3.48 Mbps)
  longdress__driving_B_2020.02.27_17.30.15__fixed5__win269__seed43.csv: 30 samples (mean 0.78 Mbps)
  longdress__driving_B_2020.02.27_17.30.15__cycle__win269__seed43.csv: 30 samples (mean 4.78 Mbps)
  longdress__driving_B_2020.02.27_17.30.15__bandwidth__win269__seed43.csv: 30 samples (mean 0.78 Mbps)
  longdress__driving_B_2020.02.27_17.30.15__fixed1__win269__seed44.csv: 30 samples (mean 3.93 Mbps)
  longdress__driving_B_2020.02.27_17.30.15__fixed3__win269__seed44.csv: 30 samples (mean 3.39 Mbps)
  longdress__driving_B_2020.02.27_17.30.15__fixed5__win269__seed44.csv: 30 samples (mean 0.80 Mbps)
  longdress__driving_B_2020.02.27_17.30.15__cycle__win269__seed44.csv: 30 samples (mean 4.70 Mbps)
  longdress__driving_B_2020.02.27_17.30.15__bandwidth__win269__seed44.csv: 30 samples (mean 0.80 Mbps)
  longdress__driving_B_2020.02.27_17.30.15__fixed1__win333__seed42.csv: 30 samples (mean 4.29 Mbps)
  longdress__driving_B_2020.02.27_17.30.15__fixed3__win333__seed42.csv: 30 samples (mean 4.45 Mbps)
  longdress__driving_B_2020.02.27_17.30.15__fixed5__win333__seed42.csv: 30 samples (mean 1.96 Mbps)
  longdress__driving_B_2020.02.27_17.30.15__cycle__win333__seed42.csv: 30 samples (mean 4.53 Mbps)
  longdress__driving_B_2020.02.27_17.30.15__bandwidth__win333__seed42.csv: 30 samples (mean 1.96 Mbps)
  longdress__driving_B_2020.02.27_17.30.15__fixed1__win333__seed43.csv: 30 samples (mean 4.29 Mbps)
  longdress__driving_B_2020.02.27_17.30.15__fixed3__win333__seed43.csv: 30 samples (mean 4.54 Mbps)
  longdress__driving_B_2020.02.27_17.30.15__fixed5__win333__seed43.csv: 30 samples (mean 1.96 Mbps)
  longdress__driving_B_2020.02.27_17.30.15__cycle__win333__seed43.csv: 30 samples (mean 4.50 Mbps)
  longdress__driving_B_2020.02.27_17.30.15__bandwidth__win333__seed43.csv: 30 samples (mean 1.96 Mbps)
  longdress__driving_B_2020.02.27_17.30.15__fixed1__win333__seed44.csv: 30 samples (mean 4.30 Mbps)
  longdress__driving_B_2020.02.27_17.30.15__fixed3__win333__seed44.csv: 30 samples (mean 4.49 Mbps)
  longdress__driving_B_2020.02.27_17.30.15__fixed5__win333__seed44.csv: 30 samples (mean 1.95 Mbps)
  longdress__driving_B_2020.02.27_17.30.15__cycle__win333__seed44.csv: 30 samples (mean 4.50 Mbps)
  longdress__driving_B_2020.02.27_17.30.15__bandwidth__win333__seed44.csv: 30 samples (mean 1.95 Mbps)
  longdress__driving_B_2020.02.27_17.30.15__fixed1__win390__seed42.csv: 30 samples (mean 4.33 Mbps)
  longdress__driving_B_2020.02.27_17.30.15__fixed3__win390__seed42.csv: 30 samples (mean 5.39 Mbps)
  longdress__driving_B_2020.02.27_17.30.15__fixed5__win390__seed42.csv: 30 samples (mean 4.25 Mbps)
  longdress__driving_B_2020.02.27_17.30.15__cycle__win390__seed42.csv: 30 samples (mean 3.92 Mbps)
  longdress__driving_B_2020.02.27_17.30.15__bandwidth__win390__seed42.csv: 30 samples (mean 4.32 Mbps)
  longdress__driving_B_2020.02.27_17.30.15__fixed1__win390__seed43.csv: 30 samples (mean 4.36 Mbps)
  longdress__driving_B_2020.02.27_17.30.15__fixed3__win390__seed43.csv: 30 samples (mean 5.35 Mbps)
  longdress__driving_B_2020.02.27_17.30.15__fixed5__win390__seed43.csv: 30 samples (mean 4.19 Mbps)
  longdress__driving_B_2020.02.27_17.30.15__cycle__win390__seed43.csv: 30 samples (mean 3.87 Mbps)
  longdress__driving_B_2020.02.27_17.30.15__bandwidth__win390__seed43.csv: 30 samples (mean 4.33 Mbps)
  longdress__driving_B_2020.02.27_17.30.15__fixed1__win390__seed44.csv: 30 samples (mean 4.36 Mbps)
  longdress__driving_B_2020.02.27_17.30.15__fixed3__win390__seed44.csv: 30 samples (mean 5.38 Mbps)
  longdress__driving_B_2020.02.27_17.30.15__fixed5__win390__seed44.csv: 30 samples (mean 4.22 Mbps)
  longdress__driving_B_2020.02.27_17.30.15__cycle__win390__seed44.csv: 30 samples (mean 3.89 Mbps)
  longdress__driving_B_2020.02.27_17.30.15__bandwidth__win390__seed44.csv: 30 samples (mean 4.65 Mbps)
  longdress__driving_B_2020.02.27_17.30.15__fixed1__win445__seed42.csv: 30 samples (mean 4.29 Mbps)
  longdress__driving_B_2020.02.27_17.30.15__fixed3__win445__seed42.csv: 30 samples (mean 3.04 Mbps)
  longdress__driving_B_2020.02.27_17.30.15__fixed5__win445__seed42.csv: 30 samples (mean 3.10 Mbps)
  longdress__driving_B_2020.02.27_17.30.15__cycle__win445__seed42.csv: 30 samples (mean 3.91 Mbps)
  longdress__driving_B_2020.02.27_17.30.15__bandwidth__win445__seed42.csv: 30 samples (mean 3.10 Mbps)
  longdress__driving_B_2020.02.27_17.30.15__fixed1__win445__seed43.csv: 30 samples (mean 4.31 Mbps)
  longdress__driving_B_2020.02.27_17.30.15__fixed3__win445__seed43.csv: 30 samples (mean 3.02 Mbps)
  longdress__driving_B_2020.02.27_17.30.15__fixed5__win445__seed43.csv: 30 samples (mean 2.89 Mbps)
  longdress__driving_B_2020.02.27_17.30.15__cycle__win445__seed43.csv: 30 samples (mean 3.97 Mbps)
  longdress__driving_B_2020.02.27_17.30.15__bandwidth__win445__seed43.csv: 30 samples (mean 2.89 Mbps)
  longdress__driving_B_2020.02.27_17.30.15__fixed1__win445__seed44.csv: 30 samples (mean 4.27 Mbps)
  longdress__driving_B_2020.02.27_17.30.15__fixed3__win445__seed44.csv: 30 samples (mean 3.05 Mbps)
  longdress__driving_B_2020.02.27_17.30.15__fixed5__win445__seed44.csv: 30 samples (mean 3.12 Mbps)
  longdress__driving_B_2020.02.27_17.30.15__cycle__win445__seed44.csv: 30 samples (mean 3.94 Mbps)
  longdress__driving_B_2020.02.27_17.30.15__bandwidth__win445__seed44.csv: 30 samples (mean 2.99 Mbps)
  longdress__driving_B_2020.02.27_17.30.15__fixed1__win502__seed42.csv: 30 samples (mean 4.42 Mbps)
  longdress__driving_B_2020.02.27_17.30.15__fixed3__win502__seed42.csv: 30 samples (mean 3.82 Mbps)
  longdress__driving_B_2020.02.27_17.30.15__fixed5__win502__seed42.csv: 30 samples (mean 1.50 Mbps)
  longdress__driving_B_2020.02.27_17.30.15__cycle__win502__seed42.csv: 30 samples (mean 4.75 Mbps)
  longdress__driving_B_2020.02.27_17.30.15__bandwidth__win502__seed42.csv: 30 samples (mean 1.50 Mbps)
  longdress__driving_B_2020.02.27_17.30.15__fixed1__win502__seed43.csv: 30 samples (mean 4.44 Mbps)
  longdress__driving_B_2020.02.27_17.30.15__fixed3__win502__seed43.csv: 30 samples (mean 3.80 Mbps)
  longdress__driving_B_2020.02.27_17.30.15__fixed5__win502__seed43.csv: 30 samples (mean 1.46 Mbps)
  longdress__driving_B_2020.02.27_17.30.15__cycle__win502__seed43.csv: 30 samples (mean 4.79 Mbps)
  longdress__driving_B_2020.02.27_17.30.15__bandwidth__win502__seed43.csv: 30 samples (mean 1.46 Mbps)
  longdress__driving_B_2020.02.27_17.30.15__fixed1__win502__seed44.csv: 30 samples (mean 4.43 Mbps)
  longdress__driving_B_2020.02.27_17.30.15__fixed3__win502__seed44.csv: 30 samples (mean 3.90 Mbps)
  longdress__driving_B_2020.02.27_17.30.15__fixed5__win502__seed44.csv: 30 samples (mean 1.44 Mbps)
  longdress__driving_B_2020.02.27_17.30.15__cycle__win502__seed44.csv: 30 samples (mean 4.71 Mbps)
  longdress__driving_B_2020.02.27_17.30.15__bandwidth__win502__seed44.csv: 30 samples (mean 1.44 Mbps)
  longdress__static_B_2019.12.16_13.40.04__fixed1__win0__seed42.csv: 30 samples (mean 132.04 Mbps)
  longdress__static_B_2019.12.16_13.40.04__fixed3__win0__seed42.csv: 30 samples (mean 34.98 Mbps)
  longdress__static_B_2019.12.16_13.40.04__fixed5__win0__seed42.csv: 30 samples (mean 3.50 Mbps)
  longdress__static_B_2019.12.16_13.40.04__cycle__win0__seed42.csv: 30 samples (mean 73.57 Mbps)
  longdress__static_B_2019.12.16_13.40.04__bandwidth__win0__seed42.csv: 30 samples (mean 7.91 Mbps)
  longdress__static_B_2019.12.16_13.40.04__fixed1__win0__seed43.csv: 30 samples (mean 127.62 Mbps)
  longdress__static_B_2019.12.16_13.40.04__fixed3__win0__seed43.csv: 30 samples (mean 34.75 Mbps)
  longdress__static_B_2019.12.16_13.40.04__fixed5__win0__seed43.csv: 30 samples (mean 3.68 Mbps)
  longdress__static_B_2019.12.16_13.40.04__cycle__win0__seed43.csv: 30 samples (mean 68.07 Mbps)
  longdress__static_B_2019.12.16_13.40.04__bandwidth__win0__seed43.csv: 30 samples (mean 8.09 Mbps)
  longdress__static_B_2019.12.16_13.40.04__fixed1__win0__seed44.csv: 30 samples (mean 128.43 Mbps)
  longdress__static_B_2019.12.16_13.40.04__fixed3__win0__seed44.csv: 30 samples (mean 34.62 Mbps)
  longdress__static_B_2019.12.16_13.40.04__fixed5__win0__seed44.csv: 30 samples (mean 3.66 Mbps)
  longdress__static_B_2019.12.16_13.40.04__cycle__win0__seed44.csv: 30 samples (mean 68.35 Mbps)
  longdress__static_B_2019.12.16_13.40.04__bandwidth__win0__seed44.csv: 30 samples (mean 8.13 Mbps)
  longdress__static_B_2019.12.16_13.40.04__fixed1__win214__seed42.csv: 30 samples (mean 25.43 Mbps)
  longdress__static_B_2019.12.16_13.40.04__fixed3__win214__seed42.csv: 30 samples (mean 23.91 Mbps)
  longdress__static_B_2019.12.16_13.40.04__fixed5__win214__seed42.csv: 30 samples (mean 4.22 Mbps)
  longdress__static_B_2019.12.16_13.40.04__cycle__win214__seed42.csv: 30 samples (mean 19.53 Mbps)
  longdress__static_B_2019.12.16_13.40.04__bandwidth__win214__seed42.csv: 30 samples (mean 9.59 Mbps)
  longdress__static_B_2019.12.16_13.40.04__fixed1__win214__seed43.csv: 30 samples (mean 25.45 Mbps)
  longdress__static_B_2019.12.16_13.40.04__fixed3__win214__seed43.csv: 30 samples (mean 24.82 Mbps)
  longdress__static_B_2019.12.16_13.40.04__fixed5__win214__seed43.csv: 30 samples (mean 4.19 Mbps)
  longdress__static_B_2019.12.16_13.40.04__cycle__win214__seed43.csv: 30 samples (mean 18.92 Mbps)
  longdress__static_B_2019.12.16_13.40.04__bandwidth__win214__seed43.csv: 30 samples (mean 8.44 Mbps)
  longdress__static_B_2019.12.16_13.40.04__fixed1__win214__seed44.csv: 30 samples (mean 25.36 Mbps)
  longdress__static_B_2019.12.16_13.40.04__fixed3__win214__seed44.csv: 30 samples (mean 24.37 Mbps)
  longdress__static_B_2019.12.16_13.40.04__fixed5__win214__seed44.csv: 30 samples (mean 4.19 Mbps)
  longdress__static_B_2019.12.16_13.40.04__cycle__win214__seed44.csv: 30 samples (mean 19.05 Mbps)
  longdress__static_B_2019.12.16_13.40.04__bandwidth__win214__seed44.csv: 30 samples (mean 9.21 Mbps)
  longdress__static_B_2019.12.16_13.40.04__fixed1__win586__seed42.csv: 30 samples (mean 30.77 Mbps)
  longdress__static_B_2019.12.16_13.40.04__fixed3__win586__seed42.csv: 30 samples (mean 32.07 Mbps)
  longdress__static_B_2019.12.16_13.40.04__fixed5__win586__seed42.csv: 30 samples (mean 4.25 Mbps)
  longdress__static_B_2019.12.16_13.40.04__cycle__win586__seed42.csv: 30 samples (mean 25.10 Mbps)
  longdress__static_B_2019.12.16_13.40.04__bandwidth__win586__seed42.csv: 30 samples (mean 8.55 Mbps)
  longdress__static_B_2019.12.16_13.40.04__fixed1__win586__seed43.csv: 30 samples (mean 30.56 Mbps)
  longdress__static_B_2019.12.16_13.40.04__fixed3__win586__seed43.csv: 30 samples (mean 32.89 Mbps)
  longdress__static_B_2019.12.16_13.40.04__fixed5__win586__seed43.csv: 30 samples (mean 4.19 Mbps)
  longdress__static_B_2019.12.16_13.40.04__cycle__win586__seed43.csv: 30 samples (mean 25.79 Mbps)
  longdress__static_B_2019.12.16_13.40.04__bandwidth__win586__seed43.csv: 30 samples (mean 8.72 Mbps)
  longdress__static_B_2019.12.16_13.40.04__fixed1__win586__seed44.csv: 30 samples (mean 30.56 Mbps)
  longdress__static_B_2019.12.16_13.40.04__fixed3__win586__seed44.csv: 30 samples (mean 32.66 Mbps)
  longdress__static_B_2019.12.16_13.40.04__fixed5__win586__seed44.csv: 30 samples (mean 4.22 Mbps)
  longdress__static_B_2019.12.16_13.40.04__cycle__win586__seed44.csv: 30 samples (mean 25.24 Mbps)
  longdress__static_B_2019.12.16_13.40.04__bandwidth__win586__seed44.csv: 30 samples (mean 17.96 Mbps)
  longdress__static_B_2019.12.16_13.40.04__fixed1__win804__seed42.csv: 30 samples (mean 62.18 Mbps)
  longdress__static_B_2019.12.16_13.40.04__fixed3__win804__seed42.csv: 30 samples (mean 38.85 Mbps)
  longdress__static_B_2019.12.16_13.40.04__fixed5__win804__seed42.csv: 30 samples (mean 4.08 Mbps)
  longdress__static_B_2019.12.16_13.40.04__cycle__win804__seed42.csv: 30 samples (mean 42.07 Mbps)
  longdress__static_B_2019.12.16_13.40.04__bandwidth__win804__seed42.csv: 30 samples (mean 6.28 Mbps)
  longdress__static_B_2019.12.16_13.40.04__fixed1__win804__seed43.csv: 30 samples (mean 60.06 Mbps)
  longdress__static_B_2019.12.16_13.40.04__fixed3__win804__seed43.csv: 30 samples (mean 38.52 Mbps)
  longdress__static_B_2019.12.16_13.40.04__fixed5__win804__seed43.csv: 30 samples (mean 4.05 Mbps)
  longdress__static_B_2019.12.16_13.40.04__cycle__win804__seed43.csv: 30 samples (mean 40.54 Mbps)
  longdress__static_B_2019.12.16_13.40.04__bandwidth__win804__seed43.csv: 30 samples (mean 6.22 Mbps)
  longdress__static_B_2019.12.16_13.40.04__fixed1__win804__seed44.csv: 30 samples (mean 62.10 Mbps)
  longdress__static_B_2019.12.16_13.40.04__fixed3__win804__seed44.csv: 30 samples (mean 38.21 Mbps)
  longdress__static_B_2019.12.16_13.40.04__fixed5__win804__seed44.csv: 30 samples (mean 4.12 Mbps)
  longdress__static_B_2019.12.16_13.40.04__cycle__win804__seed44.csv: 30 samples (mean 40.78 Mbps)
  longdress__static_B_2019.12.16_13.40.04__bandwidth__win804__seed44.csv: 30 samples (mean 15.96 Mbps)
  longdress__static_B_2019.12.16_13.40.04__fixed1__win1187__seed42.csv: 30 samples (mean 30.53 Mbps)
  longdress__static_B_2019.12.16_13.40.04__fixed3__win1187__seed42.csv: 30 samples (mean 22.87 Mbps)
  longdress__static_B_2019.12.16_13.40.04__fixed5__win1187__seed42.csv: 30 samples (mean 0.95 Mbps)
  longdress__static_B_2019.12.16_13.40.04__cycle__win1187__seed42.csv: 30 samples (mean 18.52 Mbps)
  longdress__static_B_2019.12.16_13.40.04__bandwidth__win1187__seed42.csv: 30 samples (mean 0.95 Mbps)
  longdress__static_B_2019.12.16_13.40.04__fixed1__win1187__seed43.csv: 30 samples (mean 30.45 Mbps)
  longdress__static_B_2019.12.16_13.40.04__fixed3__win1187__seed43.csv: 30 samples (mean 21.18 Mbps)
  longdress__static_B_2019.12.16_13.40.04__fixed5__win1187__seed43.csv: 30 samples (mean 0.90 Mbps)
  longdress__static_B_2019.12.16_13.40.04__cycle__win1187__seed43.csv: 30 samples (mean 18.71 Mbps)
  longdress__static_B_2019.12.16_13.40.04__bandwidth__win1187__seed43.csv: 30 samples (mean 0.90 Mbps)
  longdress__static_B_2019.12.16_13.40.04__fixed1__win1187__seed44.csv: 30 samples (mean 29.67 Mbps)
  longdress__static_B_2019.12.16_13.40.04__fixed3__win1187__seed44.csv: 30 samples (mean 22.20 Mbps)
  longdress__static_B_2019.12.16_13.40.04__fixed5__win1187__seed44.csv: 30 samples (mean 0.96 Mbps)
  longdress__static_B_2019.12.16_13.40.04__cycle__win1187__seed44.csv: 30 samples (mean 18.25 Mbps)
  longdress__static_B_2019.12.16_13.40.04__bandwidth__win1187__seed44.csv: 30 samples (mean 0.96 Mbps)
  longdress__static_B_2019.12.16_13.40.04__fixed1__win1405__seed42.csv: 30 samples (mean 84.98 Mbps)
  longdress__static_B_2019.12.16_13.40.04__fixed3__win1405__seed42.csv: 30 samples (mean 21.92 Mbps)
  longdress__static_B_2019.12.16_13.40.04__fixed5__win1405__seed42.csv: 30 samples (mean 0.92 Mbps)
  longdress__static_B_2019.12.16_13.40.04__cycle__win1405__seed42.csv: 30 samples (mean 48.10 Mbps)
  longdress__static_B_2019.12.16_13.40.04__bandwidth__win1405__seed42.csv: 30 samples (mean 0.92 Mbps)
  longdress__static_B_2019.12.16_13.40.04__fixed1__win1405__seed43.csv: 30 samples (mean 93.93 Mbps)
  longdress__static_B_2019.12.16_13.40.04__fixed3__win1405__seed43.csv: 30 samples (mean 22.01 Mbps)
  longdress__static_B_2019.12.16_13.40.04__fixed5__win1405__seed43.csv: 30 samples (mean 0.87 Mbps)
  longdress__static_B_2019.12.16_13.40.04__cycle__win1405__seed43.csv: 30 samples (mean 45.83 Mbps)
  longdress__static_B_2019.12.16_13.40.04__bandwidth__win1405__seed43.csv: 30 samples (mean 0.87 Mbps)
  longdress__static_B_2019.12.16_13.40.04__fixed1__win1405__seed44.csv: 30 samples (mean 87.62 Mbps)
  longdress__static_B_2019.12.16_13.40.04__fixed3__win1405__seed44.csv: 30 samples (mean 21.52 Mbps)
  longdress__static_B_2019.12.16_13.40.04__fixed5__win1405__seed44.csv: 30 samples (mean 0.88 Mbps)
  longdress__static_B_2019.12.16_13.40.04__cycle__win1405__seed44.csv: 30 samples (mean 48.59 Mbps)
  longdress__static_B_2019.12.16_13.40.04__bandwidth__win1405__seed44.csv: 30 samples (mean 0.88 Mbps)
  longdress__static_B_2019.12.16_13.40.04__fixed1__win1673__seed42.csv: 30 samples (mean 42.58 Mbps)
  longdress__static_B_2019.12.16_13.40.04__fixed3__win1673__seed42.csv: 30 samples (mean 39.34 Mbps)
  longdress__static_B_2019.12.16_13.40.04__fixed5__win1673__seed42.csv: 30 samples (mean 4.08 Mbps)
  longdress__static_B_2019.12.16_13.40.04__cycle__win1673__seed42.csv: 30 samples (mean 32.01 Mbps)
  longdress__static_B_2019.12.16_13.40.04__bandwidth__win1673__seed42.csv: 30 samples (mean 4.08 Mbps)
  longdress__static_B_2019.12.16_13.40.04__fixed1__win1673__seed43.csv: 30 samples (mean 42.69 Mbps)
  longdress__static_B_2019.12.16_13.40.04__fixed3__win1673__seed43.csv: 30 samples (mean 40.43 Mbps)
  longdress__static_B_2019.12.16_13.40.04__fixed5__win1673__seed43.csv: 30 samples (mean 4.06 Mbps)
  longdress__static_B_2019.12.16_13.40.04__cycle__win1673__seed43.csv: 30 samples (mean 31.17 Mbps)
  longdress__static_B_2019.12.16_13.40.04__bandwidth__win1673__seed43.csv: 30 samples (mean 4.06 Mbps)
  longdress__static_B_2019.12.16_13.40.04__fixed1__win1673__seed44.csv: 30 samples (mean 42.54 Mbps)
  longdress__static_B_2019.12.16_13.40.04__fixed3__win1673__seed44.csv: 30 samples (mean 39.10 Mbps)
  longdress__static_B_2019.12.16_13.40.04__fixed5__win1673__seed44.csv: 30 samples (mean 4.15 Mbps)
  longdress__static_B_2019.12.16_13.40.04__cycle__win1673__seed44.csv: 30 samples (mean 32.12 Mbps)
  longdress__static_B_2019.12.16_13.40.04__bandwidth__win1673__seed44.csv: 30 samples (mean 10.56 Mbps)
  longdress__static_B_2019.12.16_13.40.04__fixed1__win1981__seed42.csv: 30 samples (mean 96.46 Mbps)
  longdress__static_B_2019.12.16_13.40.04__fixed3__win1981__seed42.csv: 30 samples (mean 64.81 Mbps)
  longdress__static_B_2019.12.16_13.40.04__fixed5__win1981__seed42.csv: 30 samples (mean 4.25 Mbps)
  longdress__static_B_2019.12.16_13.40.04__cycle__win1981__seed42.csv: 30 samples (mean 50.82 Mbps)
  longdress__static_B_2019.12.16_13.40.04__bandwidth__win1981__seed42.csv: 30 samples (mean 8.55 Mbps)
  longdress__static_B_2019.12.16_13.40.04__fixed1__win1981__seed43.csv: 30 samples (mean 94.78 Mbps)
  longdress__static_B_2019.12.16_13.40.04__fixed3__win1981__seed43.csv: 30 samples (mean 63.19 Mbps)
  longdress__static_B_2019.12.16_13.40.04__fixed5__win1981__seed43.csv: 30 samples (mean 4.19 Mbps)
  longdress__static_B_2019.12.16_13.40.04__cycle__win1981__seed43.csv: 30 samples (mean 50.29 Mbps)
  longdress__static_B_2019.12.16_13.40.04__bandwidth__win1981__seed43.csv: 30 samples (mean 8.72 Mbps)
  longdress__static_B_2019.12.16_13.40.04__fixed1__win1981__seed44.csv: 30 samples (mean 92.78 Mbps)
  longdress__static_B_2019.12.16_13.40.04__fixed3__win1981__seed44.csv: 30 samples (mean 63.84 Mbps)
  longdress__static_B_2019.12.16_13.40.04__fixed5__win1981__seed44.csv: 30 samples (mean 4.22 Mbps)
  longdress__static_B_2019.12.16_13.40.04__cycle__win1981__seed44.csv: 30 samples (mean 50.83 Mbps)
  longdress__static_B_2019.12.16_13.40.04__bandwidth__win1981__seed44.csv: 30 samples (mean 35.31 Mbps)
  longdress__static_B_2020.02.14_13.21.26__fixed1__win0__seed42.csv: 30 samples (mean 19.29 Mbps)
  longdress__static_B_2020.02.14_13.21.26__fixed3__win0__seed42.csv: 30 samples (mean 17.46 Mbps)
  longdress__static_B_2020.02.14_13.21.26__fixed5__win0__seed42.csv: 30 samples (mean 4.14 Mbps)
  longdress__static_B_2020.02.14_13.21.26__cycle__win0__seed42.csv: 30 samples (mean 16.56 Mbps)
  longdress__static_B_2020.02.14_13.21.26__bandwidth__win0__seed42.csv: 30 samples (mean 8.72 Mbps)
  longdress__static_B_2020.02.14_13.21.26__fixed1__win0__seed43.csv: 30 samples (mean 19.42 Mbps)
  longdress__static_B_2020.02.14_13.21.26__fixed3__win0__seed43.csv: 30 samples (mean 17.39 Mbps)
  longdress__static_B_2020.02.14_13.21.26__fixed5__win0__seed43.csv: 30 samples (mean 4.26 Mbps)
  longdress__static_B_2020.02.14_13.21.26__cycle__win0__seed43.csv: 30 samples (mean 16.34 Mbps)
  longdress__static_B_2020.02.14_13.21.26__bandwidth__win0__seed43.csv: 30 samples (mean 12.42 Mbps)
  longdress__static_B_2020.02.14_13.21.26__fixed1__win0__seed44.csv: 30 samples (mean 19.54 Mbps)
  longdress__static_B_2020.02.14_13.21.26__fixed3__win0__seed44.csv: 30 samples (mean 17.38 Mbps)
  longdress__static_B_2020.02.14_13.21.26__fixed5__win0__seed44.csv: 30 samples (mean 4.27 Mbps)
  longdress__static_B_2020.02.14_13.21.26__cycle__win0__seed44.csv: 30 samples (mean 16.27 Mbps)
  longdress__static_B_2020.02.14_13.21.26__bandwidth__win0__seed44.csv: 30 samples (mean 8.58 Mbps)
  longdress__static_B_2020.02.14_13.21.26__fixed1__win159__seed42.csv: 30 samples (mean 129.95 Mbps)
  longdress__static_B_2020.02.14_13.21.26__fixed3__win159__seed42.csv: 30 samples (mean 57.01 Mbps)
  longdress__static_B_2020.02.14_13.21.26__fixed5__win159__seed42.csv: 30 samples (mean 4.25 Mbps)
  longdress__static_B_2020.02.14_13.21.26__cycle__win159__seed42.csv: 30 samples (mean 83.67 Mbps)
  longdress__static_B_2020.02.14_13.21.26__bandwidth__win159__seed42.csv: 30 samples (mean 6.90 Mbps)
  longdress__static_B_2020.02.14_13.21.26__fixed1__win159__seed43.csv: 30 samples (mean 130.38 Mbps)
  longdress__static_B_2020.02.14_13.21.26__fixed3__win159__seed43.csv: 30 samples (mean 56.18 Mbps)
  longdress__static_B_2020.02.14_13.21.26__fixed5__win159__seed43.csv: 30 samples (mean 4.19 Mbps)
  longdress__static_B_2020.02.14_13.21.26__cycle__win159__seed43.csv: 30 samples (mean 84.08 Mbps)
  longdress__static_B_2020.02.14_13.21.26__bandwidth__win159__seed43.csv: 30 samples (mean 6.72 Mbps)
  longdress__static_B_2020.02.14_13.21.26__fixed1__win159__seed44.csv: 30 samples (mean 130.06 Mbps)
  longdress__static_B_2020.02.14_13.21.26__fixed3__win159__seed44.csv: 30 samples (mean 56.72 Mbps)
  longdress__static_B_2020.02.14_13.21.26__fixed5__win159__seed44.csv: 30 samples (mean 4.22 Mbps)
  longdress__static_B_2020.02.14_13.21.26__cycle__win159__seed44.csv: 30 samples (mean 83.99 Mbps)
  longdress__static_B_2020.02.14_13.21.26__bandwidth__win159__seed44.csv: 30 samples (mean 26.03 Mbps)
  longdress__static_B_2020.02.14_13.21.26__fixed1__win264__seed42.csv: 30 samples (mean 105.46 Mbps)
  longdress__static_B_2020.02.14_13.21.26__fixed3__win264__seed42.csv: 30 samples (mean 22.52 Mbps)
  longdress__static_B_2020.02.14_13.21.26__fixed5__win264__seed42.csv: 30 samples (mean 4.25 Mbps)
  longdress__static_B_2020.02.14_13.21.26__cycle__win264__seed42.csv: 30 samples (mean 51.06 Mbps)
  longdress__static_B_2020.02.14_13.21.26__bandwidth__win264__seed42.csv: 30 samples (mean 7.78 Mbps)
  longdress__static_B_2020.02.14_13.21.26__fixed1__win264__seed43.csv: 30 samples (mean 105.36 Mbps)
  longdress__static_B_2020.02.14_13.21.26__fixed3__win264__seed43.csv: 30 samples (mean 22.63 Mbps)
  longdress__static_B_2020.02.14_13.21.26__fixed5__win264__seed43.csv: 30 samples (mean 4.19 Mbps)
  longdress__static_B_2020.02.14_13.21.26__cycle__win264__seed43.csv: 30 samples (mean 55.64 Mbps)
  longdress__static_B_2020.02.14_13.21.26__bandwidth__win264__seed43.csv: 30 samples (mean 7.78 Mbps)
  longdress__static_B_2020.02.14_13.21.26__fixed1__win264__seed44.csv: 30 samples (mean 105.92 Mbps)
  longdress__static_B_2020.02.14_13.21.26__fixed3__win264__seed44.csv: 30 samples (mean 22.61 Mbps)
  longdress__static_B_2020.02.14_13.21.26__fixed5__win264__seed44.csv: 30 samples (mean 4.22 Mbps)
  longdress__static_B_2020.02.14_13.21.26__cycle__win264__seed44.csv: 30 samples (mean 53.20 Mbps)
  longdress__static_B_2020.02.14_13.21.26__bandwidth__win264__seed44.csv: 30 samples (mean 9.62 Mbps)
  longdress__static_B_2020.02.14_13.21.26__fixed1__win418__seed42.csv: 30 samples (mean 120.16 Mbps)
  longdress__static_B_2020.02.14_13.21.26__fixed3__win418__seed42.csv: 30 samples (mean 64.81 Mbps)
  longdress__static_B_2020.02.14_13.21.26__fixed5__win418__seed42.csv: 30 samples (mean 4.25 Mbps)
  longdress__static_B_2020.02.14_13.21.26__cycle__win418__seed42.csv: 30 samples (mean 60.02 Mbps)
  longdress__static_B_2020.02.14_13.21.26__bandwidth__win418__seed42.csv: 30 samples (mean 8.55 Mbps)
  longdress__static_B_2020.02.14_13.21.26__fixed1__win418__seed43.csv: 30 samples (mean 119.12 Mbps)
  longdress__static_B_2020.02.14_13.21.26__fixed3__win418__seed43.csv: 30 samples (mean 63.19 Mbps)
  longdress__static_B_2020.02.14_13.21.26__fixed5__win418__seed43.csv: 30 samples (mean 4.19 Mbps)
  longdress__static_B_2020.02.14_13.21.26__cycle__win418__seed43.csv: 30 samples (mean 62.92 Mbps)
  longdress__static_B_2020.02.14_13.21.26__bandwidth__win418__seed43.csv: 30 samples (mean 8.72 Mbps)
  longdress__static_B_2020.02.14_13.21.26__fixed1__win418__seed44.csv: 30 samples (mean 118.35 Mbps)
  longdress__static_B_2020.02.14_13.21.26__fixed3__win418__seed44.csv: 30 samples (mean 63.84 Mbps)
  longdress__static_B_2020.02.14_13.21.26__fixed5__win418__seed44.csv: 30 samples (mean 4.22 Mbps)
  longdress__static_B_2020.02.14_13.21.26__cycle__win418__seed44.csv: 30 samples (mean 57.08 Mbps)
  longdress__static_B_2020.02.14_13.21.26__bandwidth__win418__seed44.csv: 30 samples (mean 44.89 Mbps)
  longdress__static_B_2020.02.14_13.21.26__fixed1__win525__seed42.csv: 30 samples (mean 133.67 Mbps)
  longdress__static_B_2020.02.14_13.21.26__fixed3__win525__seed42.csv: 30 samples (mean 64.81 Mbps)
  longdress__static_B_2020.02.14_13.21.26__fixed5__win525__seed42.csv: 30 samples (mean 4.25 Mbps)
  longdress__static_B_2020.02.14_13.21.26__cycle__win525__seed42.csv: 30 samples (mean 82.18 Mbps)
  longdress__static_B_2020.02.14_13.21.26__bandwidth__win525__seed42.csv: 30 samples (mean 8.55 Mbps)
  longdress__static_B_2020.02.14_13.21.26__fixed1__win525__seed43.csv: 30 samples (mean 132.62 Mbps)
  longdress__static_B_2020.02.14_13.21.26__fixed3__win525__seed43.csv: 30 samples (mean 63.19 Mbps)
  longdress__static_B_2020.02.14_13.21.26__fixed5__win525__seed43.csv: 30 samples (mean 4.19 Mbps)
  longdress__static_B_2020.02.14_13.21.26__cycle__win525__seed43.csv: 30 samples (mean 80.98 Mbps)
  longdress__static_B_2020.02.14_13.21.26__bandwidth__win525__seed43.csv: 30 samples (mean 8.72 Mbps)
  longdress__static_B_2020.02.14_13.21.26__fixed1__win525__seed44.csv: 30 samples (mean 131.99 Mbps)
  longdress__static_B_2020.02.14_13.21.26__fixed3__win525__seed44.csv: 30 samples (mean 63.84 Mbps)
  longdress__static_B_2020.02.14_13.21.26__fixed5__win525__seed44.csv: 30 samples (mean 4.22 Mbps)
  longdress__static_B_2020.02.14_13.21.26__cycle__win525__seed44.csv: 30 samples (mean 83.64 Mbps)
  longdress__static_B_2020.02.14_13.21.26__bandwidth__win525__seed44.csv: 30 samples (mean 44.73 Mbps)
  longdress__static_B_2020.02.14_13.21.26__fixed1__win689__seed42.csv: 30 samples (mean 133.35 Mbps)
  longdress__static_B_2020.02.14_13.21.26__fixed3__win689__seed42.csv: 30 samples (mean 52.76 Mbps)
  longdress__static_B_2020.02.14_13.21.26__fixed5__win689__seed42.csv: 30 samples (mean 4.02 Mbps)
  longdress__static_B_2020.02.14_13.21.26__cycle__win689__seed42.csv: 30 samples (mean 81.93 Mbps)
  longdress__static_B_2020.02.14_13.21.26__bandwidth__win689__seed42.csv: 30 samples (mean 8.19 Mbps)
  longdress__static_B_2020.02.14_13.21.26__fixed1__win689__seed43.csv: 30 samples (mean 134.81 Mbps)
  longdress__static_B_2020.02.14_13.21.26__fixed3__win689__seed43.csv: 30 samples (mean 52.39 Mbps)
  longdress__static_B_2020.02.14_13.21.26__fixed5__win689__seed43.csv: 30 samples (mean 4.06 Mbps)
  longdress__static_B_2020.02.14_13.21.26__cycle__win689__seed43.csv: 30 samples (mean 82.88 Mbps)
  longdress__static_B_2020.02.14_13.21.26__bandwidth__win689__seed43.csv: 30 samples (mean 9.73 Mbps)
  longdress__static_B_2020.02.14_13.21.26__fixed1__win689__seed44.csv: 30 samples (mean 135.07 Mbps)
  longdress__static_B_2020.02.14_13.21.26__fixed3__win689__seed44.csv: 30 samples (mean 53.29 Mbps)
  longdress__static_B_2020.02.14_13.21.26__fixed5__win689__seed44.csv: 30 samples (mean 3.90 Mbps)
  longdress__static_B_2020.02.14_13.21.26__cycle__win689__seed44.csv: 30 samples (mean 84.86 Mbps)
  longdress__static_B_2020.02.14_13.21.26__bandwidth__win689__seed44.csv: 30 samples (mean 8.30 Mbps)
  longdress__static_B_2020.02.14_13.21.26__fixed1__win796__seed42.csv: 30 samples (mean 73.84 Mbps)
  longdress__static_B_2020.02.14_13.21.26__fixed3__win796__seed42.csv: 30 samples (mean 50.59 Mbps)
  longdress__static_B_2020.02.14_13.21.26__fixed5__win796__seed42.csv: 30 samples (mean 4.25 Mbps)
  longdress__static_B_2020.02.14_13.21.26__cycle__win796__seed42.csv: 30 samples (mean 40.82 Mbps)
  longdress__static_B_2020.02.14_13.21.26__bandwidth__win796__seed42.csv: 30 samples (mean 7.78 Mbps)
  longdress__static_B_2020.02.14_13.21.26__fixed1__win796__seed43.csv: 30 samples (mean 72.47 Mbps)
  longdress__static_B_2020.02.14_13.21.26__fixed3__win796__seed43.csv: 30 samples (mean 49.46 Mbps)
  longdress__static_B_2020.02.14_13.21.26__fixed5__win796__seed43.csv: 30 samples (mean 4.19 Mbps)
  longdress__static_B_2020.02.14_13.21.26__cycle__win796__seed43.csv: 30 samples (mean 41.48 Mbps)
  longdress__static_B_2020.02.14_13.21.26__bandwidth__win796__seed43.csv: 30 samples (mean 7.89 Mbps)
  longdress__static_B_2020.02.14_13.21.26__fixed1__win796__seed44.csv: 30 samples (mean 72.30 Mbps)
  longdress__static_B_2020.02.14_13.21.26__fixed3__win796__seed44.csv: 30 samples (mean 50.21 Mbps)
  longdress__static_B_2020.02.14_13.21.26__fixed5__win796__seed44.csv: 30 samples (mean 4.22 Mbps)
  longdress__static_B_2020.02.14_13.21.26__cycle__win796__seed44.csv: 30 samples (mean 41.92 Mbps)
  longdress__static_B_2020.02.14_13.21.26__bandwidth__win796__seed44.csv: 30 samples (mean 32.52 Mbps)
  longdress__static_B_2020.02.14_13.21.26__fixed1__win948__seed42.csv: 30 samples (mean 122.93 Mbps)
  longdress__static_B_2020.02.14_13.21.26__fixed3__win948__seed42.csv: 30 samples (mean 61.44 Mbps)
  longdress__static_B_2020.02.14_13.21.26__fixed5__win948__seed42.csv: 30 samples (mean 4.25 Mbps)
  longdress__static_B_2020.02.14_13.21.26__cycle__win948__seed42.csv: 30 samples (mean 77.49 Mbps)
  longdress__static_B_2020.02.14_13.21.26__bandwidth__win948__seed42.csv: 30 samples (mean 8.55 Mbps)
  longdress__static_B_2020.02.14_13.21.26__fixed1__win948__seed43.csv: 30 samples (mean 124.72 Mbps)
  longdress__static_B_2020.02.14_13.21.26__fixed3__win948__seed43.csv: 30 samples (mean 61.57 Mbps)
  longdress__static_B_2020.02.14_13.21.26__fixed5__win948__seed43.csv: 30 samples (mean 4.19 Mbps)
  longdress__static_B_2020.02.14_13.21.26__cycle__win948__seed43.csv: 30 samples (mean 73.87 Mbps)
  longdress__static_B_2020.02.14_13.21.26__bandwidth__win948__seed43.csv: 30 samples (mean 8.72 Mbps)
  longdress__static_B_2020.02.14_13.21.26__fixed1__win948__seed44.csv: 30 samples (mean 121.60 Mbps)
  longdress__static_B_2020.02.14_13.21.26__fixed3__win948__seed44.csv: 30 samples (mean 61.71 Mbps)
  longdress__static_B_2020.02.14_13.21.26__fixed5__win948__seed44.csv: 30 samples (mean 4.22 Mbps)
  longdress__static_B_2020.02.14_13.21.26__cycle__win948__seed44.csv: 30 samples (mean 76.08 Mbps)
  longdress__static_B_2020.02.14_13.21.26__bandwidth__win948__seed44.csv: 30 samples (mean 27.11 Mbps)
  longdress__static_B_2020.02.27_18.39.27__fixed1__win2__seed42.csv: 30 samples (mean 133.79 Mbps)
  longdress__static_B_2020.02.27_18.39.27__fixed3__win2__seed42.csv: 30 samples (mean 64.46 Mbps)
  longdress__static_B_2020.02.27_18.39.27__fixed5__win2__seed42.csv: 30 samples (mean 3.94 Mbps)
  longdress__static_B_2020.02.27_18.39.27__cycle__win2__seed42.csv: 30 samples (mean 81.02 Mbps)
  longdress__static_B_2020.02.27_18.39.27__bandwidth__win2__seed42.csv: 30 samples (mean 45.41 Mbps)
  longdress__static_B_2020.02.27_18.39.27__fixed1__win2__seed43.csv: 30 samples (mean 132.66 Mbps)
  longdress__static_B_2020.02.27_18.39.27__fixed3__win2__seed43.csv: 30 samples (mean 65.07 Mbps)
  longdress__static_B_2020.02.27_18.39.27__fixed5__win2__seed43.csv: 30 samples (mean 3.88 Mbps)
  longdress__static_B_2020.02.27_18.39.27__cycle__win2__seed43.csv: 30 samples (mean 73.95 Mbps)
  longdress__static_B_2020.02.27_18.39.27__bandwidth__win2__seed43.csv: 30 samples (mean 45.72 Mbps)
  longdress__static_B_2020.02.27_18.39.27__fixed1__win2__seed44.csv: 30 samples (mean 133.56 Mbps)
  longdress__static_B_2020.02.27_18.39.27__fixed3__win2__seed44.csv: 30 samples (mean 64.34 Mbps)
  longdress__static_B_2020.02.27_18.39.27__fixed5__win2__seed44.csv: 30 samples (mean 3.98 Mbps)
  longdress__static_B_2020.02.27_18.39.27__cycle__win2__seed44.csv: 30 samples (mean 81.35 Mbps)
  longdress__static_B_2020.02.27_18.39.27__bandwidth__win2__seed44.csv: 30 samples (mean 44.59 Mbps)
  longdress__static_B_2020.02.27_18.39.27__fixed1__win842__seed42.csv: 30 samples (mean 50.73 Mbps)
  longdress__static_B_2020.02.27_18.39.27__fixed3__win842__seed42.csv: 30 samples (mean 47.09 Mbps)
  longdress__static_B_2020.02.27_18.39.27__fixed5__win842__seed42.csv: 30 samples (mean 4.25 Mbps)
  longdress__static_B_2020.02.27_18.39.27__cycle__win842__seed42.csv: 30 samples (mean 36.27 Mbps)
  longdress__static_B_2020.02.27_18.39.27__bandwidth__win842__seed42.csv: 30 samples (mean 7.92 Mbps)
  longdress__static_B_2020.02.27_18.39.27__fixed1__win842__seed43.csv: 30 samples (mean 51.98 Mbps)
  longdress__static_B_2020.02.27_18.39.27__fixed3__win842__seed43.csv: 30 samples (mean 46.89 Mbps)
  longdress__static_B_2020.02.27_18.39.27__fixed5__win842__seed43.csv: 30 samples (mean 4.19 Mbps)
  longdress__static_B_2020.02.27_18.39.27__cycle__win842__seed43.csv: 30 samples (mean 36.20 Mbps)
  longdress__static_B_2020.02.27_18.39.27__bandwidth__win842__seed43.csv: 30 samples (mean 8.16 Mbps)
  longdress__static_B_2020.02.27_18.39.27__fixed1__win842__seed44.csv: 30 samples (mean 51.72 Mbps)
  longdress__static_B_2020.02.27_18.39.27__fixed3__win842__seed44.csv: 30 samples (mean 48.58 Mbps)
  longdress__static_B_2020.02.27_18.39.27__fixed5__win842__seed44.csv: 30 samples (mean 4.22 Mbps)
  longdress__static_B_2020.02.27_18.39.27__cycle__win842__seed44.csv: 30 samples (mean 36.07 Mbps)
  longdress__static_B_2020.02.27_18.39.27__bandwidth__win842__seed44.csv: 30 samples (mean 9.73 Mbps)
  longdress__static_B_2020.02.27_18.39.27__fixed1__win1642__seed42.csv: 30 samples (mean 41.61 Mbps)
  longdress__static_B_2020.02.27_18.39.27__fixed3__win1642__seed42.csv: 30 samples (mean 25.68 Mbps)
  longdress__static_B_2020.02.27_18.39.27__fixed5__win1642__seed42.csv: 30 samples (mean 4.07 Mbps)
  longdress__static_B_2020.02.27_18.39.27__cycle__win1642__seed42.csv: 30 samples (mean 31.10 Mbps)
  longdress__static_B_2020.02.27_18.39.27__bandwidth__win1642__seed42.csv: 30 samples (mean 4.07 Mbps)
  longdress__static_B_2020.02.27_18.39.27__fixed1__win1642__seed43.csv: 30 samples (mean 41.63 Mbps)
  longdress__static_B_2020.02.27_18.39.27__fixed3__win1642__seed43.csv: 30 samples (mean 25.26 Mbps)
  longdress__static_B_2020.02.27_18.39.27__fixed5__win1642__seed43.csv: 30 samples (mean 4.06 Mbps)
  longdress__static_B_2020.02.27_18.39.27__cycle__win1642__seed43.csv: 30 samples (mean 30.93 Mbps)
  longdress__static_B_2020.02.27_18.39.27__bandwidth__win1642__seed43.csv: 30 samples (mean 4.06 Mbps)
  longdress__static_B_2020.02.27_18.39.27__fixed1__win1642__seed44.csv: 30 samples (mean 41.82 Mbps)
  longdress__static_B_2020.02.27_18.39.27__fixed3__win1642__seed44.csv: 30 samples (mean 25.51 Mbps)
  longdress__static_B_2020.02.27_18.39.27__fixed5__win1642__seed44.csv: 30 samples (mean 4.14 Mbps)
  longdress__static_B_2020.02.27_18.39.27__cycle__win1642__seed44.csv: 30 samples (mean 31.49 Mbps)
  longdress__static_B_2020.02.27_18.39.27__bandwidth__win1642__seed44.csv: 30 samples (mean 7.31 Mbps)
  longdress__static_B_2020.02.27_18.39.27__fixed1__win2487__seed42.csv: 30 samples (mean 133.54 Mbps)
  longdress__static_B_2020.02.27_18.39.27__fixed3__win2487__seed42.csv: 30 samples (mean 60.77 Mbps)
  longdress__static_B_2020.02.27_18.39.27__fixed5__win2487__seed42.csv: 30 samples (mean 3.97 Mbps)
  longdress__static_B_2020.02.27_18.39.27__cycle__win2487__seed42.csv: 30 samples (mean 82.83 Mbps)
  longdress__static_B_2020.02.27_18.39.27__bandwidth__win2487__seed42.csv: 30 samples (mean 3.97 Mbps)
  longdress__static_B_2020.02.27_18.39.27__fixed1__win2487__seed43.csv: 30 samples (mean 134.62 Mbps)
  longdress__static_B_2020.02.27_18.39.27__fixed3__win2487__seed43.csv: 30 samples (mean 61.77 Mbps)
  longdress__static_B_2020.02.27_18.39.27__fixed5__win2487__seed43.csv: 30 samples (mean 3.90 Mbps)
  longdress__static_B_2020.02.27_18.39.27__cycle__win2487__seed43.csv: 30 samples (mean 83.26 Mbps)
  longdress__static_B_2020.02.27_18.39.27__bandwidth__win2487__seed43.csv: 30 samples (mean 3.90 Mbps)
  longdress__static_B_2020.02.27_18.39.27__fixed1__win2487__seed44.csv: 30 samples (mean 134.95 Mbps)
  longdress__static_B_2020.02.27_18.39.27__fixed3__win2487__seed44.csv: 30 samples (mean 59.41 Mbps)
  longdress__static_B_2020.02.27_18.39.27__fixed5__win2487__seed44.csv: 30 samples (mean 4.01 Mbps)
  longdress__static_B_2020.02.27_18.39.27__cycle__win2487__seed44.csv: 30 samples (mean 86.75 Mbps)
  longdress__static_B_2020.02.27_18.39.27__bandwidth__win2487__seed44.csv: 30 samples (mean 7.35 Mbps)
  longdress__static_B_2020.02.27_18.39.27__fixed1__win3321__seed42.csv: 30 samples (mean 121.56 Mbps)
  longdress__static_B_2020.02.27_18.39.27__fixed3__win3321__seed42.csv: 30 samples (mean 62.77 Mbps)
  longdress__static_B_2020.02.27_18.39.27__fixed5__win3321__seed42.csv: 30 samples (mean 4.25 Mbps)
  longdress__static_B_2020.02.27_18.39.27__cycle__win3321__seed42.csv: 30 samples (mean 65.08 Mbps)
  longdress__static_B_2020.02.27_18.39.27__bandwidth__win3321__seed42.csv: 30 samples (mean 8.55 Mbps)
  longdress__static_B_2020.02.27_18.39.27__fixed1__win3321__seed43.csv: 30 samples (mean 124.97 Mbps)
  longdress__static_B_2020.02.27_18.39.27__fixed3__win3321__seed43.csv: 30 samples (mean 64.13 Mbps)
  longdress__static_B_2020.02.27_18.39.27__fixed5__win3321__seed43.csv: 30 samples (mean 4.19 Mbps)
  longdress__static_B_2020.02.27_18.39.27__cycle__win3321__seed43.csv: 30 samples (mean 63.73 Mbps)
  longdress__static_B_2020.02.27_18.39.27__bandwidth__win3321__seed43.csv: 30 samples (mean 8.72 Mbps)
  longdress__static_B_2020.02.27_18.39.27__fixed1__win3321__seed44.csv: 30 samples (mean 124.93 Mbps)
  longdress__static_B_2020.02.27_18.39.27__fixed3__win3321__seed44.csv: 30 samples (mean 61.37 Mbps)
  longdress__static_B_2020.02.27_18.39.27__fixed5__win3321__seed44.csv: 30 samples (mean 4.22 Mbps)
  longdress__static_B_2020.02.27_18.39.27__cycle__win3321__seed44.csv: 30 samples (mean 63.14 Mbps)
  longdress__static_B_2020.02.27_18.39.27__bandwidth__win3321__seed44.csv: 30 samples (mean 10.37 Mbps)
  longdress__static_B_2020.02.27_18.39.27__fixed1__win4166__seed42.csv: 30 samples (mean 97.75 Mbps)
  longdress__static_B_2020.02.27_18.39.27__fixed3__win4166__seed42.csv: 30 samples (mean 51.61 Mbps)
  longdress__static_B_2020.02.27_18.39.27__fixed5__win4166__seed42.csv: 30 samples (mean 4.25 Mbps)
  longdress__static_B_2020.02.27_18.39.27__cycle__win4166__seed42.csv: 30 samples (mean 56.89 Mbps)
  longdress__static_B_2020.02.27_18.39.27__bandwidth__win4166__seed42.csv: 30 samples (mean 8.55 Mbps)
  longdress__static_B_2020.02.27_18.39.27__fixed1__win4166__seed43.csv: 30 samples (mean 99.62 Mbps)
  longdress__static_B_2020.02.27_18.39.27__fixed3__win4166__seed43.csv: 30 samples (mean 51.89 Mbps)
  longdress__static_B_2020.02.27_18.39.27__fixed5__win4166__seed43.csv: 30 samples (mean 4.19 Mbps)
  longdress__static_B_2020.02.27_18.39.27__cycle__win4166__seed43.csv: 30 samples (mean 56.75 Mbps)
  longdress__static_B_2020.02.27_18.39.27__bandwidth__win4166__seed43.csv: 30 samples (mean 8.72 Mbps)
  longdress__static_B_2020.02.27_18.39.27__fixed1__win4166__seed44.csv: 30 samples (mean 109.12 Mbps)
  longdress__static_B_2020.02.27_18.39.27__fixed3__win4166__seed44.csv: 30 samples (mean 52.94 Mbps)
  longdress__static_B_2020.02.27_18.39.27__fixed5__win4166__seed44.csv: 30 samples (mean 4.22 Mbps)
  longdress__static_B_2020.02.27_18.39.27__cycle__win4166__seed44.csv: 30 samples (mean 54.19 Mbps)
  longdress__static_B_2020.02.27_18.39.27__bandwidth__win4166__seed44.csv: 30 samples (mean 12.42 Mbps)
  longdress__static_B_2020.02.27_18.39.27__fixed1__win4963__seed42.csv: 30 samples (mean 75.91 Mbps)
  longdress__static_B_2020.02.27_18.39.27__fixed3__win4963__seed42.csv: 30 samples (mean 59.20 Mbps)
  longdress__static_B_2020.02.27_18.39.27__fixed5__win4963__seed42.csv: 30 samples (mean 4.22 Mbps)
  longdress__static_B_2020.02.27_18.39.27__cycle__win4963__seed42.csv: 30 samples (mean 33.84 Mbps)
  longdress__static_B_2020.02.27_18.39.27__bandwidth__win4963__seed42.csv: 30 samples (mean 27.26 Mbps)
  longdress__static_B_2020.02.27_18.39.27__fixed1__win4963__seed43.csv: 30 samples (mean 75.51 Mbps)
  longdress__static_B_2020.02.27_18.39.27__fixed3__win4963__seed43.csv: 30 samples (mean 61.79 Mbps)
  longdress__static_B_2020.02.27_18.39.27__fixed5__win4963__seed43.csv: 30 samples (mean 4.20 Mbps)
  longdress__static_B_2020.02.27_18.39.27__cycle__win4963__seed43.csv: 30 samples (mean 34.61 Mbps)
  longdress__static_B_2020.02.27_18.39.27__bandwidth__win4963__seed43.csv: 30 samples (mean 8.45 Mbps)
  longdress__static_B_2020.02.27_18.39.27__fixed1__win4963__seed44.csv: 30 samples (mean 76.91 Mbps)
  longdress__static_B_2020.02.27_18.39.27__fixed3__win4963__seed44.csv: 30 samples (mean 60.18 Mbps)
  longdress__static_B_2020.02.27_18.39.27__fixed5__win4963__seed44.csv: 30 samples (mean 4.20 Mbps)
  longdress__static_B_2020.02.27_18.39.27__cycle__win4963__seed44.csv: 30 samples (mean 33.91 Mbps)
  longdress__static_B_2020.02.27_18.39.27__bandwidth__win4963__seed44.csv: 30 samples (mean 28.53 Mbps)
  longdress__static_B_2020.02.27_18.39.27__fixed1__win5823__seed42.csv: 30 samples (mean 105.95 Mbps)
  longdress__static_B_2020.02.27_18.39.27__fixed3__win5823__seed42.csv: 30 samples (mean 64.81 Mbps)
  longdress__static_B_2020.02.27_18.39.27__fixed5__win5823__seed42.csv: 30 samples (mean 4.25 Mbps)
  longdress__static_B_2020.02.27_18.39.27__cycle__win5823__seed42.csv: 30 samples (mean 66.55 Mbps)
  longdress__static_B_2020.02.27_18.39.27__bandwidth__win5823__seed42.csv: 30 samples (mean 8.55 Mbps)
  longdress__static_B_2020.02.27_18.39.27__fixed1__win5823__seed43.csv: 30 samples (mean 103.95 Mbps)
  longdress__static_B_2020.02.27_18.39.27__fixed3__win5823__seed43.csv: 30 samples (mean 63.19 Mbps)
  longdress__static_B_2020.02.27_18.39.27__fixed5__win5823__seed43.csv: 30 samples (mean 4.19 Mbps)
  longdress__static_B_2020.02.27_18.39.27__cycle__win5823__seed43.csv: 30 samples (mean 63.28 Mbps)
  longdress__static_B_2020.02.27_18.39.27__bandwidth__win5823__seed43.csv: 30 samples (mean 8.72 Mbps)
  longdress__static_B_2020.02.27_18.39.27__fixed1__win5823__seed44.csv: 30 samples (mean 103.81 Mbps)
  longdress__static_B_2020.02.27_18.39.27__fixed3__win5823__seed44.csv: 30 samples (mean 63.84 Mbps)
  longdress__static_B_2020.02.27_18.39.27__fixed5__win5823__seed44.csv: 30 samples (mean 4.22 Mbps)
  longdress__static_B_2020.02.27_18.39.27__cycle__win5823__seed44.csv: 30 samples (mean 60.71 Mbps)
  longdress__static_B_2020.02.27_18.39.27__bandwidth__win5823__seed44.csv: 30 samples (mean 33.51 Mbps)
  longdress__driving_B_2019.12.14_10.16.30__fixed1__win3__seed42.csv: 30 samples (mean 16.04 Mbps)
  longdress__driving_B_2019.12.14_10.16.30__fixed3__win3__seed42.csv: 30 samples (mean 14.32 Mbps)
  longdress__driving_B_2019.12.14_10.16.30__fixed5__win3__seed42.csv: 30 samples (mean 4.27 Mbps)
  longdress__driving_B_2019.12.14_10.16.30__cycle__win3__seed42.csv: 30 samples (mean 13.83 Mbps)
  longdress__driving_B_2019.12.14_10.16.30__bandwidth__win3__seed42.csv: 30 samples (mean 7.71 Mbps)
  longdress__driving_B_2019.12.14_10.16.30__fixed1__win3__seed43.csv: 30 samples (mean 15.97 Mbps)
  longdress__driving_B_2019.12.14_10.16.30__fixed3__win3__seed43.csv: 30 samples (mean 14.27 Mbps)
  longdress__driving_B_2019.12.14_10.16.30__fixed5__win3__seed43.csv: 30 samples (mean 4.21 Mbps)
  longdress__driving_B_2019.12.14_10.16.30__cycle__win3__seed43.csv: 30 samples (mean 13.96 Mbps)
  longdress__driving_B_2019.12.14_10.16.30__bandwidth__win3__seed43.csv: 30 samples (mean 6.43 Mbps)
  longdress__driving_B_2019.12.14_10.16.30__fixed1__win3__seed44.csv: 30 samples (mean 15.87 Mbps)
  longdress__driving_B_2019.12.14_10.16.30__fixed3__win3__seed44.csv: 30 samples (mean 14.93 Mbps)
  longdress__driving_B_2019.12.14_10.16.30__fixed5__win3__seed44.csv: 30 samples (mean 4.17 Mbps)
  longdress__driving_B_2019.12.14_10.16.30__cycle__win3__seed44.csv: 30 samples (mean 13.26 Mbps)
  longdress__driving_B_2019.12.14_10.16.30__bandwidth__win3__seed44.csv: 30 samples (mean 7.80 Mbps)
  longdress__driving_B_2019.12.14_10.16.30__fixed1__win392__seed42.csv: 30 samples (mean 57.40 Mbps)
  longdress__driving_B_2019.12.14_10.16.30__fixed3__win392__seed42.csv: 30 samples (mean 45.59 Mbps)
  longdress__driving_B_2019.12.14_10.16.30__fixed5__win392__seed42.csv: 30 samples (mean 4.25 Mbps)
  longdress__driving_B_2019.12.14_10.16.30__cycle__win392__seed42.csv: 30 samples (mean 36.43 Mbps)
  longdress__driving_B_2019.12.14_10.16.30__bandwidth__win392__seed42.csv: 30 samples (mean 8.55 Mbps)
  longdress__driving_B_2019.12.14_10.16.30__fixed1__win392__seed43.csv: 30 samples (mean 58.26 Mbps)
  longdress__driving_B_2019.12.14_10.16.30__fixed3__win392__seed43.csv: 30 samples (mean 43.98 Mbps)
  longdress__driving_B_2019.12.14_10.16.30__fixed5__win392__seed43.csv: 30 samples (mean 4.19 Mbps)
  longdress__driving_B_2019.12.14_10.16.30__cycle__win392__seed43.csv: 30 samples (mean 35.51 Mbps)
  longdress__driving_B_2019.12.14_10.16.30__bandwidth__win392__seed43.csv: 30 samples (mean 8.72 Mbps)
  longdress__driving_B_2019.12.14_10.16.30__fixed1__win392__seed44.csv: 30 samples (mean 57.62 Mbps)
  longdress__driving_B_2019.12.14_10.16.30__fixed3__win392__seed44.csv: 30 samples (mean 44.65 Mbps)
  longdress__driving_B_2019.12.14_10.16.30__fixed5__win392__seed44.csv: 30 samples (mean 4.22 Mbps)
  longdress__driving_B_2019.12.14_10.16.30__cycle__win392__seed44.csv: 30 samples (mean 35.13 Mbps)
  longdress__driving_B_2019.12.14_10.16.30__bandwidth__win392__seed44.csv: 30 samples (mean 12.49 Mbps)
  longdress__driving_B_2019.12.14_10.16.30__fixed1__win750__seed42.csv: 30 samples (mean 7.81 Mbps)
  longdress__driving_B_2019.12.14_10.16.30__fixed3__win750__seed42.csv: 30 samples (mean 4.47 Mbps)
  longdress__driving_B_2019.12.14_10.16.30__fixed5__win750__seed42.csv: 30 samples (mean 1.74 Mbps)
  longdress__driving_B_2019.12.14_10.16.30__cycle__win750__seed42.csv: 30 samples (mean 6.61 Mbps)
  longdress__driving_B_2019.12.14_10.16.30__bandwidth__win750__seed42.csv: 30 samples (mean 1.74 Mbps)
  longdress__driving_B_2019.12.14_10.16.30__fixed1__win750__seed43.csv: 30 samples (mean 7.79 Mbps)
  longdress__driving_B_2019.12.14_10.16.30__fixed3__win750__seed43.csv: 30 samples (mean 4.49 Mbps)
  longdress__driving_B_2019.12.14_10.16.30__fixed5__win750__seed43.csv: 30 samples (mean 1.73 Mbps)
  longdress__driving_B_2019.12.14_10.16.30__cycle__win750__seed43.csv: 30 samples (mean 6.76 Mbps)
  longdress__driving_B_2019.12.14_10.16.30__bandwidth__win750__seed43.csv: 30 samples (mean 1.73 Mbps)
  longdress__driving_B_2019.12.14_10.16.30__fixed1__win750__seed44.csv: 30 samples (mean 7.85 Mbps)
  longdress__driving_B_2019.12.14_10.16.30__fixed3__win750__seed44.csv: 30 samples (mean 4.48 Mbps)
  longdress__driving_B_2019.12.14_10.16.30__fixed5__win750__seed44.csv: 30 samples (mean 1.72 Mbps)
  longdress__driving_B_2019.12.14_10.16.30__cycle__win750__seed44.csv: 30 samples (mean 6.48 Mbps)
  longdress__driving_B_2019.12.14_10.16.30__bandwidth__win750__seed44.csv: 30 samples (mean 1.72 Mbps)
  longdress__driving_B_2019.12.16_07.22.43__fixed1__win0__seed42.csv: 30 samples (mean 13.67 Mbps)
  longdress__driving_B_2019.12.16_07.22.43__fixed3__win0__seed42.csv: 30 samples (mean 12.85 Mbps)
  longdress__driving_B_2019.12.16_07.22.43__fixed5__win0__seed42.csv: 30 samples (mean 3.94 Mbps)
  longdress__driving_B_2019.12.16_07.22.43__cycle__win0__seed42.csv: 30 samples (mean 12.10 Mbps)
  longdress__driving_B_2019.12.16_07.22.43__bandwidth__win0__seed42.csv: 30 samples (mean 5.30 Mbps)
  longdress__driving_B_2019.12.16_07.22.43__fixed1__win0__seed43.csv: 30 samples (mean 13.62 Mbps)
  longdress__driving_B_2019.12.16_07.22.43__fixed3__win0__seed43.csv: 30 samples (mean 12.59 Mbps)
  longdress__driving_B_2019.12.16_07.22.43__fixed5__win0__seed43.csv: 30 samples (mean 3.83 Mbps)
  longdress__driving_B_2019.12.16_07.22.43__cycle__win0__seed43.csv: 30 samples (mean 12.26 Mbps)
  longdress__driving_B_2019.12.16_07.22.43__bandwidth__win0__seed43.csv: 30 samples (mean 8.68 Mbps)
  longdress__driving_B_2019.12.16_07.22.43__fixed1__win0__seed44.csv: 30 samples (mean 13.74 Mbps)
  longdress__driving_B_2019.12.16_07.22.43__fixed3__win0__seed44.csv: 30 samples (mean 12.68 Mbps)
  longdress__driving_B_2019.12.16_07.22.43__fixed5__win0__seed44.csv: 30 samples (mean 3.80 Mbps)
  longdress__driving_B_2019.12.16_07.22.43__cycle__win0__seed44.csv: 30 samples (mean 12.30 Mbps)
  longdress__driving_B_2019.12.16_07.22.43__bandwidth__win0__seed44.csv: 30 samples (mean 5.17 Mbps)
  longdress__driving_B_2019.12.16_07.22.43__fixed1__win1181__seed42.csv: 30 samples (mean 76.26 Mbps)
  longdress__driving_B_2019.12.16_07.22.43__fixed3__win1181__seed42.csv: 30 samples (mean 13.37 Mbps)
  longdress__driving_B_2019.12.16_07.22.43__fixed5__win1181__seed42.csv: 30 samples (mean 4.25 Mbps)
  longdress__driving_B_2019.12.16_07.22.43__cycle__win1181__seed42.csv: 30 samples (mean 34.36 Mbps)
  longdress__driving_B_2019.12.16_07.22.43__bandwidth__win1181__seed42.csv: 30 samples (mean 5.18 Mbps)
  longdress__driving_B_2019.12.16_07.22.43__fixed1__win1181__seed43.csv: 30 samples (mean 79.32 Mbps)
  longdress__driving_B_2019.12.16_07.22.43__fixed3__win1181__seed43.csv: 30 samples (mean 13.35 Mbps)
  longdress__driving_B_2019.12.16_07.22.43__fixed5__win1181__seed43.csv: 30 samples (mean 4.19 Mbps)
  longdress__driving_B_2019.12.16_07.22.43__cycle__win1181__seed43.csv: 30 samples (mean 34.31 Mbps)
  longdress__driving_B_2019.12.16_07.22.43__bandwidth__win1181__seed43.csv: 30 samples (mean 5.01 Mbps)
  longdress__driving_B_2019.12.16_07.22.43__fixed1__win1181__seed44.csv: 30 samples (mean 79.29 Mbps)
  longdress__driving_B_2019.12.16_07.22.43__fixed3__win1181__seed44.csv: 30 samples (mean 13.42 Mbps)
  longdress__driving_B_2019.12.16_07.22.43__fixed5__win1181__seed44.csv: 30 samples (mean 4.22 Mbps)
  longdress__driving_B_2019.12.16_07.22.43__cycle__win1181__seed44.csv: 30 samples (mean 33.98 Mbps)
  longdress__driving_B_2019.12.16_07.22.43__bandwidth__win1181__seed44.csv: 30 samples (mean 5.59 Mbps)
  longdress__driving_B_2019.12.16_07.22.43__fixed1__win2345__seed42.csv: 30 samples (mean 9.83 Mbps)
  longdress__driving_B_2019.12.16_07.22.43__fixed3__win2345__seed42.csv: 30 samples (mean 7.45 Mbps)
  longdress__driving_B_2019.12.16_07.22.43__fixed5__win2345__seed42.csv: 30 samples (mean 4.22 Mbps)
  longdress__driving_B_2019.12.16_07.22.43__cycle__win2345__seed42.csv: 30 samples (mean 7.86 Mbps)
  longdress__driving_B_2019.12.16_07.22.43__bandwidth__win2345__seed42.csv: 30 samples (mean 5.66 Mbps)
  longdress__driving_B_2019.12.16_07.22.43__fixed1__win2345__seed43.csv: 30 samples (mean 9.91 Mbps)
  longdress__driving_B_2019.12.16_07.22.43__fixed3__win2345__seed43.csv: 30 samples (mean 7.48 Mbps)
  longdress__driving_B_2019.12.16_07.22.43__fixed5__win2345__seed43.csv: 30 samples (mean 4.20 Mbps)
  longdress__driving_B_2019.12.16_07.22.43__cycle__win2345__seed43.csv: 30 samples (mean 7.89 Mbps)
  longdress__driving_B_2019.12.16_07.22.43__bandwidth__win2345__seed43.csv: 30 samples (mean 5.21 Mbps)
  longdress__driving_B_2019.12.16_07.22.43__fixed1__win2345__seed44.csv: 30 samples (mean 9.91 Mbps)
  longdress__driving_B_2019.12.16_07.22.43__fixed3__win2345__seed44.csv: 30 samples (mean 7.42 Mbps)
  longdress__driving_B_2019.12.16_07.22.43__fixed5__win2345__seed44.csv: 30 samples (mean 4.20 Mbps)
  longdress__driving_B_2019.12.16_07.22.43__cycle__win2345__seed44.csv: 30 samples (mean 7.95 Mbps)
  longdress__driving_B_2019.12.16_07.22.43__bandwidth__win2345__seed44.csv: 30 samples (mean 5.33 Mbps)
  longdress__driving_B_2020.02.27_20.35.57__fixed1__win0__seed42.csv: 30 samples (mean 62.30 Mbps)
  longdress__driving_B_2020.02.27_20.35.57__fixed3__win0__seed42.csv: 30 samples (mean 36.92 Mbps)
  longdress__driving_B_2020.02.27_20.35.57__fixed5__win0__seed42.csv: 30 samples (mean 3.49 Mbps)
  longdress__driving_B_2020.02.27_20.35.57__cycle__win0__seed42.csv: 30 samples (mean 43.41 Mbps)
  longdress__driving_B_2020.02.27_20.35.57__bandwidth__win0__seed42.csv: 30 samples (mean 3.91 Mbps)
  longdress__driving_B_2020.02.27_20.35.57__fixed1__win0__seed43.csv: 30 samples (mean 63.99 Mbps)
  longdress__driving_B_2020.02.27_20.35.57__fixed3__win0__seed43.csv: 30 samples (mean 35.56 Mbps)
  longdress__driving_B_2020.02.27_20.35.57__fixed5__win0__seed43.csv: 30 samples (mean 3.50 Mbps)
  longdress__driving_B_2020.02.27_20.35.57__cycle__win0__seed43.csv: 30 samples (mean 43.12 Mbps)
  longdress__driving_B_2020.02.27_20.35.57__bandwidth__win0__seed43.csv: 30 samples (mean 4.05 Mbps)
  longdress__driving_B_2020.02.27_20.35.57__fixed1__win0__seed44.csv: 30 samples (mean 63.25 Mbps)
  longdress__driving_B_2020.02.27_20.35.57__fixed3__win0__seed44.csv: 30 samples (mean 36.99 Mbps)
  longdress__driving_B_2020.02.27_20.35.57__fixed5__win0__seed44.csv: 30 samples (mean 3.53 Mbps)
  longdress__driving_B_2020.02.27_20.35.57__cycle__win0__seed44.csv: 30 samples (mean 45.33 Mbps)
  longdress__driving_B_2020.02.27_20.35.57__bandwidth__win0__seed44.csv: 30 samples (mean 4.81 Mbps)
  longdress__driving_B_2020.02.27_20.35.57__fixed1__win166__seed42.csv: 30 samples (mean 52.10 Mbps)
  longdress__driving_B_2020.02.27_20.35.57__fixed3__win166__seed42.csv: 30 samples (mean 47.56 Mbps)
  longdress__driving_B_2020.02.27_20.35.57__fixed5__win166__seed42.csv: 30 samples (mean 4.25 Mbps)
  longdress__driving_B_2020.02.27_20.35.57__cycle__win166__seed42.csv: 30 samples (mean 13.68 Mbps)
  longdress__driving_B_2020.02.27_20.35.57__bandwidth__win166__seed42.csv: 30 samples (mean 8.55 Mbps)
  longdress__driving_B_2020.02.27_20.35.57__fixed1__win166__seed43.csv: 30 samples (mean 59.38 Mbps)
  longdress__driving_B_2020.02.27_20.35.57__fixed3__win166__seed43.csv: 30 samples (mean 46.71 Mbps)
  longdress__driving_B_2020.02.27_20.35.57__fixed5__win166__seed43.csv: 30 samples (mean 4.19 Mbps)
  longdress__driving_B_2020.02.27_20.35.57__cycle__win166__seed43.csv: 30 samples (mean 13.98 Mbps)
  longdress__driving_B_2020.02.27_20.35.57__bandwidth__win166__seed43.csv: 30 samples (mean 8.72 Mbps)
  longdress__driving_B_2020.02.27_20.35.57__fixed1__win166__seed44.csv: 30 samples (mean 51.52 Mbps)
  longdress__driving_B_2020.02.27_20.35.57__fixed3__win166__seed44.csv: 30 samples (mean 46.62 Mbps)
  longdress__driving_B_2020.02.27_20.35.57__fixed5__win166__seed44.csv: 30 samples (mean 4.22 Mbps)
  longdress__driving_B_2020.02.27_20.35.57__cycle__win166__seed44.csv: 30 samples (mean 13.53 Mbps)
  longdress__driving_B_2020.02.27_20.35.57__bandwidth__win166__seed44.csv: 30 samples (mean 24.06 Mbps)
  longdress__driving_B_2020.02.27_20.35.57__fixed1__win315__seed42.csv: 30 samples (mean 5.02 Mbps)
  longdress__driving_B_2020.02.27_20.35.57__fixed3__win315__seed42.csv: 30 samples (mean 10.02 Mbps)
  longdress__driving_B_2020.02.27_20.35.57__fixed5__win315__seed42.csv: 30 samples (mean 1.82 Mbps)
  longdress__driving_B_2020.02.27_20.35.57__cycle__win315__seed42.csv: 30 samples (mean 5.64 Mbps)
  longdress__driving_B_2020.02.27_20.35.57__bandwidth__win315__seed42.csv: 30 samples (mean 1.82 Mbps)
  longdress__driving_B_2020.02.27_20.35.57__fixed1__win315__seed43.csv: 30 samples (mean 4.97 Mbps)
  longdress__driving_B_2020.02.27_20.35.57__fixed3__win315__seed43.csv: 30 samples (mean 9.68 Mbps)
  longdress__driving_B_2020.02.27_20.35.57__fixed5__win315__seed43.csv: 30 samples (mean 1.86 Mbps)
  longdress__driving_B_2020.02.27_20.35.57__cycle__win315__seed43.csv: 30 samples (mean 5.71 Mbps)
  longdress__driving_B_2020.02.27_20.35.57__bandwidth__win315__seed43.csv: 30 samples (mean 1.86 Mbps)
  longdress__driving_B_2020.02.27_20.35.57__fixed1__win315__seed44.csv: 30 samples (mean 4.95 Mbps)
  longdress__driving_B_2020.02.27_20.35.57__fixed3__win315__seed44.csv: 30 samples (mean 9.70 Mbps)
  longdress__driving_B_2020.02.27_20.35.57__fixed5__win315__seed44.csv: 30 samples (mean 1.80 Mbps)
  longdress__driving_B_2020.02.27_20.35.57__cycle__win315__seed44.csv: 30 samples (mean 5.64 Mbps)
  longdress__driving_B_2020.02.27_20.35.57__bandwidth__win315__seed44.csv: 30 samples (mean 1.80 Mbps)
  longdress__static_B_2020.01.16_10.43.34__fixed1__win0__seed42.csv: 30 samples (mean 129.89 Mbps)
  longdress__static_B_2020.01.16_10.43.34__fixed3__win0__seed42.csv: 30 samples (mean 62.22 Mbps)
  longdress__static_B_2020.01.16_10.43.34__fixed5__win0__seed42.csv: 30 samples (mean 4.22 Mbps)
  longdress__static_B_2020.01.16_10.43.34__cycle__win0__seed42.csv: 30 samples (mean 65.00 Mbps)
  longdress__static_B_2020.01.16_10.43.34__bandwidth__win0__seed42.csv: 30 samples (mean 39.65 Mbps)
  longdress__static_B_2020.01.16_10.43.34__fixed1__win0__seed43.csv: 30 samples (mean 127.08 Mbps)
  longdress__static_B_2020.01.16_10.43.34__fixed3__win0__seed43.csv: 30 samples (mean 63.17 Mbps)
  longdress__static_B_2020.01.16_10.43.34__fixed5__win0__seed43.csv: 30 samples (mean 4.19 Mbps)
  longdress__static_B_2020.01.16_10.43.34__cycle__win0__seed43.csv: 30 samples (mean 67.14 Mbps)
  longdress__static_B_2020.01.16_10.43.34__bandwidth__win0__seed43.csv: 30 samples (mean 8.44 Mbps)
  longdress__static_B_2020.01.16_10.43.34__fixed1__win0__seed44.csv: 30 samples (mean 126.82 Mbps)
  longdress__static_B_2020.01.16_10.43.34__fixed3__win0__seed44.csv: 30 samples (mean 63.70 Mbps)
  longdress__static_B_2020.01.16_10.43.34__fixed5__win0__seed44.csv: 30 samples (mean 4.19 Mbps)
  longdress__static_B_2020.01.16_10.43.34__cycle__win0__seed44.csv: 30 samples (mean 67.97 Mbps)
  longdress__static_B_2020.01.16_10.43.34__bandwidth__win0__seed44.csv: 30 samples (mean 37.98 Mbps)
  longdress__static_B_2020.01.16_10.43.34__fixed1__win1595__seed42.csv: 30 samples (mean 132.78 Mbps)
  longdress__static_B_2020.01.16_10.43.34__fixed3__win1595__seed42.csv: 30 samples (mean 64.75 Mbps)
  longdress__static_B_2020.01.16_10.43.34__fixed5__win1595__seed42.csv: 30 samples (mean 4.22 Mbps)
  longdress__static_B_2020.01.16_10.43.34__cycle__win1595__seed42.csv: 30 samples (mean 90.89 Mbps)
  longdress__static_B_2020.01.16_10.43.34__bandwidth__win1595__seed42.csv: 30 samples (mean 57.64 Mbps)
  longdress__static_B_2020.01.16_10.43.34__fixed1__win1595__seed43.csv: 30 samples (mean 133.67 Mbps)
  longdress__static_B_2020.01.16_10.43.34__fixed3__win1595__seed43.csv: 30 samples (mean 63.21 Mbps)
  longdress__static_B_2020.01.16_10.43.34__fixed5__win1595__seed43.csv: 30 samples (mean 4.20 Mbps)
  longdress__static_B_2020.01.16_10.43.34__cycle__win1595__seed43.csv: 30 samples (mean 84.16 Mbps)
  longdress__static_B_2020.01.16_10.43.34__bandwidth__win1595__seed43.csv: 30 samples (mean 8.45 Mbps)
  longdress__static_B_2020.01.16_10.43.34__fixed1__win1595__seed44.csv: 30 samples (mean 135.05 Mbps)
  longdress__static_B_2020.01.16_10.43.34__fixed3__win1595__seed44.csv: 30 samples (mean 63.80 Mbps)
  longdress__static_B_2020.01.16_10.43.34__fixed5__win1595__seed44.csv: 30 samples (mean 4.20 Mbps)
  longdress__static_B_2020.01.16_10.43.34__cycle__win1595__seed44.csv: 30 samples (mean 83.37 Mbps)
  longdress__static_B_2020.01.16_10.43.34__bandwidth__win1595__seed44.csv: 30 samples (mean 45.74 Mbps)
  longdress__static_B_2020.01.16_10.43.34__fixed1__win3174__seed42.csv: 30 samples (mean 166.98 Mbps)
  longdress__static_B_2020.01.16_10.43.34__fixed3__win3174__seed42.csv: 30 samples (mean 54.64 Mbps)
  longdress__static_B_2020.01.16_10.43.34__fixed5__win3174__seed42.csv: 30 samples (mean 4.08 Mbps)
  longdress__static_B_2020.01.16_10.43.34__cycle__win3174__seed42.csv: 30 samples (mean 88.29 Mbps)
  longdress__static_B_2020.01.16_10.43.34__bandwidth__win3174__seed42.csv: 30 samples (mean 7.20 Mbps)
  longdress__static_B_2020.01.16_10.43.34__fixed1__win3174__seed43.csv: 30 samples (mean 152.22 Mbps)
  longdress__static_B_2020.01.16_10.43.34__fixed3__win3174__seed43.csv: 30 samples (mean 53.25 Mbps)
  longdress__static_B_2020.01.16_10.43.34__fixed5__win3174__seed43.csv: 30 samples (mean 3.96 Mbps)
  longdress__static_B_2020.01.16_10.43.34__cycle__win3174__seed43.csv: 30 samples (mean 87.36 Mbps)
  longdress__static_B_2020.01.16_10.43.34__bandwidth__win3174__seed43.csv: 30 samples (mean 7.24 Mbps)
  longdress__static_B_2020.01.16_10.43.34__fixed1__win3174__seed44.csv: 30 samples (mean 144.75 Mbps)
  longdress__static_B_2020.01.16_10.43.34__fixed3__win3174__seed44.csv: 30 samples (mean 53.63 Mbps)
  longdress__static_B_2020.01.16_10.43.34__fixed5__win3174__seed44.csv: 30 samples (mean 4.13 Mbps)
  longdress__static_B_2020.01.16_10.43.34__cycle__win3174__seed44.csv: 30 samples (mean 88.39 Mbps)
  longdress__static_B_2020.01.16_10.43.34__bandwidth__win3174__seed44.csv: 30 samples (mean 23.38 Mbps)
  loot__driving_B_2019.12.16_12.27.05__fixed1__win0__seed42.csv: 30 samples (mean 19.22 Mbps)
  loot__driving_B_2019.12.16_12.27.05__fixed3__win0__seed42.csv: 30 samples (mean 14.90 Mbps)
  loot__driving_B_2019.12.16_12.27.05__fixed5__win0__seed42.csv: 30 samples (mean 3.94 Mbps)
  loot__driving_B_2019.12.16_12.27.05__cycle__win0__seed42.csv: 30 samples (mean 16.59 Mbps)
  loot__driving_B_2019.12.16_12.27.05__bandwidth__win0__seed42.csv: 30 samples (mean 7.12 Mbps)
  loot__driving_B_2019.12.16_12.27.05__fixed1__win0__seed43.csv: 30 samples (mean 19.37 Mbps)
  loot__driving_B_2019.12.16_12.27.05__fixed3__win0__seed43.csv: 30 samples (mean 15.02 Mbps)
  loot__driving_B_2019.12.16_12.27.05__fixed5__win0__seed43.csv: 30 samples (mean 3.99 Mbps)
  loot__driving_B_2019.12.16_12.27.05__cycle__win0__seed43.csv: 30 samples (mean 16.30 Mbps)
  loot__driving_B_2019.12.16_12.27.05__bandwidth__win0__seed43.csv: 30 samples (mean 11.02 Mbps)
  loot__driving_B_2019.12.16_12.27.05__fixed1__win0__seed44.csv: 30 samples (mean 19.62 Mbps)
  loot__driving_B_2019.12.16_12.27.05__fixed3__win0__seed44.csv: 30 samples (mean 15.03 Mbps)
  loot__driving_B_2019.12.16_12.27.05__fixed5__win0__seed44.csv: 30 samples (mean 3.95 Mbps)
  loot__driving_B_2019.12.16_12.27.05__cycle__win0__seed44.csv: 30 samples (mean 16.50 Mbps)
  loot__driving_B_2019.12.16_12.27.05__bandwidth__win0__seed44.csv: 30 samples (mean 10.87 Mbps)
  loot__driving_B_2019.12.16_12.27.05__fixed1__win167__seed42.csv: 30 samples (mean 12.29 Mbps)
  loot__driving_B_2019.12.16_12.27.05__fixed3__win167__seed42.csv: 30 samples (mean 9.18 Mbps)
  loot__driving_B_2019.12.16_12.27.05__fixed5__win167__seed42.csv: 30 samples (mean 3.82 Mbps)
  loot__driving_B_2019.12.16_12.27.05__cycle__win167__seed42.csv: 30 samples (mean 8.85 Mbps)
  loot__driving_B_2019.12.16_12.27.05__bandwidth__win167__seed42.csv: 30 samples (mean 6.45 Mbps)
  loot__driving_B_2019.12.16_12.27.05__fixed1__win167__seed43.csv: 30 samples (mean 12.28 Mbps)
  loot__driving_B_2019.12.16_12.27.05__fixed3__win167__seed43.csv: 30 samples (mean 9.34 Mbps)
  loot__driving_B_2019.12.16_12.27.05__fixed5__win167__seed43.csv: 30 samples (mean 3.85 Mbps)
  loot__driving_B_2019.12.16_12.27.05__cycle__win167__seed43.csv: 30 samples (mean 9.07 Mbps)
  loot__driving_B_2019.12.16_12.27.05__bandwidth__win167__seed43.csv: 30 samples (mean 6.44 Mbps)
  loot__driving_B_2019.12.16_12.27.05__fixed1__win167__seed44.csv: 30 samples (mean 12.26 Mbps)
  loot__driving_B_2019.12.16_12.27.05__fixed3__win167__seed44.csv: 30 samples (mean 9.12 Mbps)
  loot__driving_B_2019.12.16_12.27.05__fixed5__win167__seed44.csv: 30 samples (mean 3.91 Mbps)
  loot__driving_B_2019.12.16_12.27.05__cycle__win167__seed44.csv: 30 samples (mean 9.14 Mbps)
  loot__driving_B_2019.12.16_12.27.05__bandwidth__win167__seed44.csv: 30 samples (mean 6.53 Mbps)
  loot__driving_B_2019.12.16_12.27.05__fixed1__win340__seed42.csv: 30 samples (mean 15.68 Mbps)
  loot__driving_B_2019.12.16_12.27.05__fixed3__win340__seed42.csv: 30 samples (mean 8.10 Mbps)
  loot__driving_B_2019.12.16_12.27.05__fixed5__win340__seed42.csv: 30 samples (mean 3.82 Mbps)
  loot__driving_B_2019.12.16_12.27.05__cycle__win340__seed42.csv: 30 samples (mean 10.88 Mbps)
  loot__driving_B_2019.12.16_12.27.05__bandwidth__win340__seed42.csv: 30 samples (mean 6.11 Mbps)
  loot__driving_B_2019.12.16_12.27.05__fixed1__win340__seed43.csv: 30 samples (mean 15.91 Mbps)
  loot__driving_B_2019.12.16_12.27.05__fixed3__win340__seed43.csv: 30 samples (mean 8.21 Mbps)
  loot__driving_B_2019.12.16_12.27.05__fixed5__win340__seed43.csv: 30 samples (mean 3.85 Mbps)
  loot__driving_B_2019.12.16_12.27.05__cycle__win340__seed43.csv: 30 samples (mean 11.03 Mbps)
  loot__driving_B_2019.12.16_12.27.05__bandwidth__win340__seed43.csv: 30 samples (mean 6.07 Mbps)
  loot__driving_B_2019.12.16_12.27.05__fixed1__win340__seed44.csv: 30 samples (mean 15.93 Mbps)
  loot__driving_B_2019.12.16_12.27.05__fixed3__win340__seed44.csv: 30 samples (mean 8.06 Mbps)
  loot__driving_B_2019.12.16_12.27.05__fixed5__win340__seed44.csv: 30 samples (mean 3.91 Mbps)
  loot__driving_B_2019.12.16_12.27.05__cycle__win340__seed44.csv: 30 samples (mean 11.48 Mbps)
  loot__driving_B_2019.12.16_12.27.05__bandwidth__win340__seed44.csv: 30 samples (mean 6.10 Mbps)
  loot__driving_B_2019.12.16_12.27.05__fixed1__win516__seed42.csv: 30 samples (mean 7.05 Mbps)
  loot__driving_B_2019.12.16_12.27.05__fixed3__win516__seed42.csv: 30 samples (mean 3.03 Mbps)
  loot__driving_B_2019.12.16_12.27.05__fixed5__win516__seed42.csv: 30 samples (mean 2.00 Mbps)
  loot__driving_B_2019.12.16_12.27.05__cycle__win516__seed42.csv: 30 samples (mean 4.80 Mbps)
  loot__driving_B_2019.12.16_12.27.05__bandwidth__win516__seed42.csv: 30 samples (mean 2.00 Mbps)
  loot__driving_B_2019.12.16_12.27.05__fixed1__win516__seed43.csv: 30 samples (mean 7.01 Mbps)
  loot__driving_B_2019.12.16_12.27.05__fixed3__win516__seed43.csv: 30 samples (mean 3.08 Mbps)
  loot__driving_B_2019.12.16_12.27.05__fixed5__win516__seed43.csv: 30 samples (mean 2.05 Mbps)
  loot__driving_B_2019.12.16_12.27.05__cycle__win516__seed43.csv: 30 samples (mean 4.77 Mbps)
  loot__driving_B_2019.12.16_12.27.05__bandwidth__win516__seed43.csv: 30 samples (mean 2.05 Mbps)
  loot__driving_B_2019.12.16_12.27.05__fixed1__win516__seed44.csv: 30 samples (mean 6.99 Mbps)
  loot__driving_B_2019.12.16_12.27.05__fixed3__win516__seed44.csv: 30 samples (mean 3.00 Mbps)
  loot__driving_B_2019.12.16_12.27.05__fixed5__win516__seed44.csv: 30 samples (mean 2.02 Mbps)
  loot__driving_B_2019.12.16_12.27.05__cycle__win516__seed44.csv: 30 samples (mean 4.87 Mbps)
  loot__driving_B_2019.12.16_12.27.05__bandwidth__win516__seed44.csv: 30 samples (mean 2.02 Mbps)
  loot__driving_B_2019.12.16_12.27.05__fixed1__win686__seed42.csv: 30 samples (mean 53.85 Mbps)
  loot__driving_B_2019.12.16_12.27.05__fixed3__win686__seed42.csv: 30 samples (mean 11.25 Mbps)
  loot__driving_B_2019.12.16_12.27.05__fixed5__win686__seed42.csv: 30 samples (mean 2.04 Mbps)
  loot__driving_B_2019.12.16_12.27.05__cycle__win686__seed42.csv: 30 samples (mean 23.77 Mbps)
  loot__driving_B_2019.12.16_12.27.05__bandwidth__win686__seed42.csv: 30 samples (mean 2.04 Mbps)
  loot__driving_B_2019.12.16_12.27.05__fixed1__win686__seed43.csv: 30 samples (mean 53.33 Mbps)
  loot__driving_B_2019.12.16_12.27.05__fixed3__win686__seed43.csv: 30 samples (mean 11.05 Mbps)
  loot__driving_B_2019.12.16_12.27.05__fixed5__win686__seed43.csv: 30 samples (mean 2.02 Mbps)
  loot__driving_B_2019.12.16_12.27.05__cycle__win686__seed43.csv: 30 samples (mean 24.76 Mbps)
  loot__driving_B_2019.12.16_12.27.05__bandwidth__win686__seed43.csv: 30 samples (mean 2.02 Mbps)
  loot__driving_B_2019.12.16_12.27.05__fixed1__win686__seed44.csv: 30 samples (mean 52.89 Mbps)
  loot__driving_B_2019.12.16_12.27.05__fixed3__win686__seed44.csv: 30 samples (mean 11.06 Mbps)
  loot__driving_B_2019.12.16_12.27.05__fixed5__win686__seed44.csv: 30 samples (mean 2.02 Mbps)
  loot__driving_B_2019.12.16_12.27.05__cycle__win686__seed44.csv: 30 samples (mean 23.10 Mbps)
  loot__driving_B_2019.12.16_12.27.05__bandwidth__win686__seed44.csv: 30 samples (mean 2.02 Mbps)
  loot__driving_B_2019.12.16_12.27.05__fixed1__win865__seed42.csv: 30 samples (mean 160.07 Mbps)
  loot__driving_B_2019.12.16_12.27.05__fixed3__win865__seed42.csv: 30 samples (mean 54.32 Mbps)
  loot__driving_B_2019.12.16_12.27.05__fixed5__win865__seed42.csv: 30 samples (mean 4.01 Mbps)
  loot__driving_B_2019.12.16_12.27.05__cycle__win865__seed42.csv: 30 samples (mean 80.09 Mbps)
  loot__driving_B_2019.12.16_12.27.05__bandwidth__win865__seed42.csv: 30 samples (mean 12.66 Mbps)
  loot__driving_B_2019.12.16_12.27.05__fixed1__win865__seed43.csv: 30 samples (mean 157.12 Mbps)
  loot__driving_B_2019.12.16_12.27.05__fixed3__win865__seed43.csv: 30 samples (mean 53.93 Mbps)
  loot__driving_B_2019.12.16_12.27.05__fixed5__win865__seed43.csv: 30 samples (mean 3.90 Mbps)
  loot__driving_B_2019.12.16_12.27.05__cycle__win865__seed43.csv: 30 samples (mean 76.57 Mbps)
  loot__driving_B_2019.12.16_12.27.05__bandwidth__win865__seed43.csv: 30 samples (mean 3.90 Mbps)
  loot__driving_B_2019.12.16_12.27.05__fixed1__win865__seed44.csv: 30 samples (mean 157.05 Mbps)
  loot__driving_B_2019.12.16_12.27.05__fixed3__win865__seed44.csv: 30 samples (mean 52.70 Mbps)
  loot__driving_B_2019.12.16_12.27.05__fixed5__win865__seed44.csv: 30 samples (mean 3.93 Mbps)
  loot__driving_B_2019.12.16_12.27.05__cycle__win865__seed44.csv: 30 samples (mean 76.43 Mbps)
  loot__driving_B_2019.12.16_12.27.05__bandwidth__win865__seed44.csv: 30 samples (mean 12.34 Mbps)
  loot__driving_B_2019.12.16_12.27.05__fixed1__win1025__seed42.csv: 30 samples (mean 64.29 Mbps)
  loot__driving_B_2019.12.16_12.27.05__fixed3__win1025__seed42.csv: 30 samples (mean 40.96 Mbps)
  loot__driving_B_2019.12.16_12.27.05__fixed5__win1025__seed42.csv: 30 samples (mean 4.01 Mbps)
  loot__driving_B_2019.12.16_12.27.05__cycle__win1025__seed42.csv: 30 samples (mean 42.91 Mbps)
  loot__driving_B_2019.12.16_12.27.05__bandwidth__win1025__seed42.csv: 30 samples (mean 22.53 Mbps)
  loot__driving_B_2019.12.16_12.27.05__fixed1__win1025__seed43.csv: 30 samples (mean 63.18 Mbps)
  loot__driving_B_2019.12.16_12.27.05__fixed3__win1025__seed43.csv: 30 samples (mean 40.24 Mbps)
  loot__driving_B_2019.12.16_12.27.05__fixed5__win1025__seed43.csv: 30 samples (mean 3.90 Mbps)
  loot__driving_B_2019.12.16_12.27.05__cycle__win1025__seed43.csv: 30 samples (mean 41.96 Mbps)
  loot__driving_B_2019.12.16_12.27.05__bandwidth__win1025__seed43.csv: 30 samples (mean 3.90 Mbps)
  loot__driving_B_2019.12.16_12.27.05__fixed1__win1025__seed44.csv: 30 samples (mean 63.89 Mbps)
  loot__driving_B_2019.12.16_12.27.05__fixed3__win1025__seed44.csv: 30 samples (mean 41.65 Mbps)
  loot__driving_B_2019.12.16_12.27.05__fixed5__win1025__seed44.csv: 30 samples (mean 3.93 Mbps)
  loot__driving_B_2019.12.16_12.27.05__cycle__win1025__seed44.csv: 30 samples (mean 42.36 Mbps)
  loot__driving_B_2019.12.16_12.27.05__bandwidth__win1025__seed44.csv: 30 samples (mean 21.74 Mbps)
  loot__driving_B_2019.12.16_12.27.05__fixed1__win1191__seed42.csv: 30 samples (mean 128.65 Mbps)
  loot__driving_B_2019.12.16_12.27.05__fixed3__win1191__seed42.csv: 30 samples (mean 53.40 Mbps)
  loot__driving_B_2019.12.16_12.27.05__fixed5__win1191__seed42.csv: 30 samples (mean 3.92 Mbps)
  loot__driving_B_2019.12.16_12.27.05__cycle__win1191__seed42.csv: 30 samples (mean 74.04 Mbps)
  loot__driving_B_2019.12.16_12.27.05__bandwidth__win1191__seed42.csv: 30 samples (mean 14.40 Mbps)
  loot__driving_B_2019.12.16_12.27.05__fixed1__win1191__seed43.csv: 30 samples (mean 128.80 Mbps)
  loot__driving_B_2019.12.16_12.27.05__fixed3__win1191__seed43.csv: 30 samples (mean 54.23 Mbps)
  loot__driving_B_2019.12.16_12.27.05__fixed5__win1191__seed43.csv: 30 samples (mean 3.82 Mbps)
  loot__driving_B_2019.12.16_12.27.05__cycle__win1191__seed43.csv: 30 samples (mean 75.58 Mbps)
  loot__driving_B_2019.12.16_12.27.05__bandwidth__win1191__seed43.csv: 30 samples (mean 10.12 Mbps)
  loot__driving_B_2019.12.16_12.27.05__fixed1__win1191__seed44.csv: 30 samples (mean 128.17 Mbps)
  loot__driving_B_2019.12.16_12.27.05__fixed3__win1191__seed44.csv: 30 samples (mean 51.81 Mbps)
  loot__driving_B_2019.12.16_12.27.05__fixed5__win1191__seed44.csv: 30 samples (mean 3.85 Mbps)
  loot__driving_B_2019.12.16_12.27.05__cycle__win1191__seed44.csv: 30 samples (mean 76.18 Mbps)
  loot__driving_B_2019.12.16_12.27.05__bandwidth__win1191__seed44.csv: 30 samples (mean 6.51 Mbps)
  loot__driving_B_2019.12.17_07.32.39__fixed1__win0__seed42.csv: 30 samples (mean 12.72 Mbps)
  loot__driving_B_2019.12.17_07.32.39__fixed3__win0__seed42.csv: 30 samples (mean 13.34 Mbps)
  loot__driving_B_2019.12.17_07.32.39__fixed5__win0__seed42.csv: 30 samples (mean 3.99 Mbps)
  loot__driving_B_2019.12.17_07.32.39__cycle__win0__seed42.csv: 30 samples (mean 10.12 Mbps)
  loot__driving_B_2019.12.17_07.32.39__bandwidth__win0__seed42.csv: 30 samples (mean 10.38 Mbps)
  loot__driving_B_2019.12.17_07.32.39__fixed1__win0__seed43.csv: 30 samples (mean 12.61 Mbps)
  loot__driving_B_2019.12.17_07.32.39__fixed3__win0__seed43.csv: 30 samples (mean 13.42 Mbps)
  loot__driving_B_2019.12.17_07.32.39__fixed5__win0__seed43.csv: 30 samples (mean 4.02 Mbps)
  loot__driving_B_2019.12.17_07.32.39__cycle__win0__seed43.csv: 30 samples (mean 10.05 Mbps)
  loot__driving_B_2019.12.17_07.32.39__bandwidth__win0__seed43.csv: 30 samples (mean 10.37 Mbps)
  loot__driving_B_2019.12.17_07.32.39__fixed1__win0__seed44.csv: 30 samples (mean 12.62 Mbps)
  loot__driving_B_2019.12.17_07.32.39__fixed3__win0__seed44.csv: 30 samples (mean 13.33 Mbps)
  loot__driving_B_2019.12.17_07.32.39__fixed5__win0__seed44.csv: 30 samples (mean 4.01 Mbps)
  loot__driving_B_2019.12.17_07.32.39__cycle__win0__seed44.csv: 30 samples (mean 10.09 Mbps)
  loot__driving_B_2019.12.17_07.32.39__bandwidth__win0__seed44.csv: 30 samples (mean 11.07 Mbps)
  loot__driving_B_2019.12.17_07.32.39__fixed1__win339__seed42.csv: 30 samples (mean 21.71 Mbps)
  loot__driving_B_2019.12.17_07.32.39__fixed3__win339__seed42.csv: 30 samples (mean 13.22 Mbps)
  loot__driving_B_2019.12.17_07.32.39__fixed5__win339__seed42.csv: 30 samples (mean 3.96 Mbps)
  loot__driving_B_2019.12.17_07.32.39__cycle__win339__seed42.csv: 30 samples (mean 13.18 Mbps)
  loot__driving_B_2019.12.17_07.32.39__bandwidth__win339__seed42.csv: 30 samples (mean 11.07 Mbps)
  loot__driving_B_2019.12.17_07.32.39__fixed1__win339__seed43.csv: 30 samples (mean 21.63 Mbps)
  loot__driving_B_2019.12.17_07.32.39__fixed3__win339__seed43.csv: 30 samples (mean 13.25 Mbps)
  loot__driving_B_2019.12.17_07.32.39__fixed5__win339__seed43.csv: 30 samples (mean 3.92 Mbps)
  loot__driving_B_2019.12.17_07.32.39__cycle__win339__seed43.csv: 30 samples (mean 13.66 Mbps)
  loot__driving_B_2019.12.17_07.32.39__bandwidth__win339__seed43.csv: 30 samples (mean 10.88 Mbps)
  loot__driving_B_2019.12.17_07.32.39__fixed1__win339__seed44.csv: 30 samples (mean 21.73 Mbps)
  loot__driving_B_2019.12.17_07.32.39__fixed3__win339__seed44.csv: 30 samples (mean 13.19 Mbps)
  loot__driving_B_2019.12.17_07.32.39__fixed5__win339__seed44.csv: 30 samples (mean 4.00 Mbps)
  loot__driving_B_2019.12.17_07.32.39__cycle__win339__seed44.csv: 30 samples (mean 13.37 Mbps)
  loot__driving_B_2019.12.17_07.32.39__bandwidth__win339__seed44.csv: 30 samples (mean 10.95 Mbps)
  loot__driving_B_2019.12.17_07.32.39__fixed1__win685__seed42.csv: 30 samples (mean 11.24 Mbps)
  loot__driving_B_2019.12.17_07.32.39__fixed3__win685__seed42.csv: 30 samples (mean 9.20 Mbps)
  loot__driving_B_2019.12.17_07.32.39__fixed5__win685__seed42.csv: 30 samples (mean 3.96 Mbps)
  loot__driving_B_2019.12.17_07.32.39__cycle__win685__seed42.csv: 30 samples (mean 11.04 Mbps)
  loot__driving_B_2019.12.17_07.32.39__bandwidth__win685__seed42.csv: 30 samples (mean 6.46 Mbps)
  loot__driving_B_2019.12.17_07.32.39__fixed1__win685__seed43.csv: 30 samples (mean 11.22 Mbps)
  loot__driving_B_2019.12.17_07.32.39__fixed3__win685__seed43.csv: 30 samples (mean 9.13 Mbps)
  loot__driving_B_2019.12.17_07.32.39__fixed5__win685__seed43.csv: 30 samples (mean 3.92 Mbps)
  loot__driving_B_2019.12.17_07.32.39__cycle__win685__seed43.csv: 30 samples (mean 11.09 Mbps)
  loot__driving_B_2019.12.17_07.32.39__bandwidth__win685__seed43.csv: 30 samples (mean 6.42 Mbps)
  loot__driving_B_2019.12.17_07.32.39__fixed1__win685__seed44.csv: 30 samples (mean 11.32 Mbps)
  loot__driving_B_2019.12.17_07.32.39__fixed3__win685__seed44.csv: 30 samples (mean 9.34 Mbps)
  loot__driving_B_2019.12.17_07.32.39__fixed5__win685__seed44.csv: 30 samples (mean 4.00 Mbps)
  loot__driving_B_2019.12.17_07.32.39__cycle__win685__seed44.csv: 30 samples (mean 10.76 Mbps)
  loot__driving_B_2019.12.17_07.32.39__bandwidth__win685__seed44.csv: 30 samples (mean 6.30 Mbps)
  loot__driving_B_2019.12.17_07.32.39__fixed1__win1017__seed42.csv: 30 samples (mean 15.84 Mbps)
  loot__driving_B_2019.12.17_07.32.39__fixed3__win1017__seed42.csv: 30 samples (mean 13.36 Mbps)
  loot__driving_B_2019.12.17_07.32.39__fixed5__win1017__seed42.csv: 30 samples (mean 1.83 Mbps)
  loot__driving_B_2019.12.17_07.32.39__cycle__win1017__seed42.csv: 30 samples (mean 13.69 Mbps)
  loot__driving_B_2019.12.17_07.32.39__bandwidth__win1017__seed42.csv: 30 samples (mean 1.83 Mbps)
  loot__driving_B_2019.12.17_07.32.39__fixed1__win1017__seed43.csv: 30 samples (mean 15.95 Mbps)
  loot__driving_B_2019.12.17_07.32.39__fixed3__win1017__seed43.csv: 30 samples (mean 13.60 Mbps)
  loot__driving_B_2019.12.17_07.32.39__fixed5__win1017__seed43.csv: 30 samples (mean 1.86 Mbps)
  loot__driving_B_2019.12.17_07.32.39__cycle__win1017__seed43.csv: 30 samples (mean 13.98 Mbps)
  loot__driving_B_2019.12.17_07.32.39__bandwidth__win1017__seed43.csv: 30 samples (mean 1.86 Mbps)
  loot__driving_B_2019.12.17_07.32.39__fixed1__win1017__seed44.csv: 30 samples (mean 15.72 Mbps)
  loot__driving_B_2019.12.17_07.32.39__fixed3__win1017__seed44.csv: 30 samples (mean 13.20 Mbps)
  loot__driving_B_2019.12.17_07.32.39__fixed5__win1017__seed44.csv: 30 samples (mean 1.87 Mbps)
  loot__driving_B_2019.12.17_07.32.39__cycle__win1017__seed44.csv: 30 samples (mean 13.86 Mbps)
  loot__driving_B_2019.12.17_07.32.39__bandwidth__win1017__seed44.csv: 30 samples (mean 1.87 Mbps)
  loot__driving_B_2019.12.17_07.32.39__fixed1__win1300__seed42.csv: 30 samples (mean 28.09 Mbps)
  loot__driving_B_2019.12.17_07.32.39__fixed3__win1300__seed42.csv: 30 samples (mean 20.22 Mbps)
  loot__driving_B_2019.12.17_07.32.39__fixed5__win1300__seed42.csv: 30 samples (mean 3.84 Mbps)
  loot__driving_B_2019.12.17_07.32.39__cycle__win1300__seed42.csv: 30 samples (mean 18.31 Mbps)
  loot__driving_B_2019.12.17_07.32.39__bandwidth__win1300__seed42.csv: 30 samples (mean 10.08 Mbps)
  loot__driving_B_2019.12.17_07.32.39__fixed1__win1300__seed43.csv: 30 samples (mean 27.36 Mbps)
  loot__driving_B_2019.12.17_07.32.39__fixed3__win1300__seed43.csv: 30 samples (mean 20.30 Mbps)
  loot__driving_B_2019.12.17_07.32.39__fixed5__win1300__seed43.csv: 30 samples (mean 3.84 Mbps)
  loot__driving_B_2019.12.17_07.32.39__cycle__win1300__seed43.csv: 30 samples (mean 19.44 Mbps)
  loot__driving_B_2019.12.17_07.32.39__bandwidth__win1300__seed43.csv: 30 samples (mean 10.16 Mbps)
  loot__driving_B_2019.12.17_07.32.39__fixed1__win1300__seed44.csv: 30 samples (mean 28.02 Mbps)
  loot__driving_B_2019.12.17_07.32.39__fixed3__win1300__seed44.csv: 30 samples (mean 20.23 Mbps)
  loot__driving_B_2019.12.17_07.32.39__fixed5__win1300__seed44.csv: 30 samples (mean 3.87 Mbps)
  loot__driving_B_2019.12.17_07.32.39__cycle__win1300__seed44.csv: 30 samples (mean 18.89 Mbps)
  loot__driving_B_2019.12.17_07.32.39__bandwidth__win1300__seed44.csv: 30 samples (mean 9.85 Mbps)
  loot__driving_B_2019.12.17_07.32.39__fixed1__win1634__seed42.csv: 30 samples (mean 28.77 Mbps)
  loot__driving_B_2019.12.17_07.32.39__fixed3__win1634__seed42.csv: 30 samples (mean 16.76 Mbps)
  loot__driving_B_2019.12.17_07.32.39__fixed5__win1634__seed42.csv: 30 samples (mean 3.41 Mbps)
  loot__driving_B_2019.12.17_07.32.39__cycle__win1634__seed42.csv: 30 samples (mean 19.89 Mbps)
  loot__driving_B_2019.12.17_07.32.39__bandwidth__win1634__seed42.csv: 30 samples (mean 3.41 Mbps)
  loot__driving_B_2019.12.17_07.32.39__fixed1__win1634__seed43.csv: 30 samples (mean 28.34 Mbps)
  loot__driving_B_2019.12.17_07.32.39__fixed3__win1634__seed43.csv: 30 samples (mean 16.96 Mbps)
  loot__driving_B_2019.12.17_07.32.39__fixed5__win1634__seed43.csv: 30 samples (mean 3.68 Mbps)
  loot__driving_B_2019.12.17_07.32.39__cycle__win1634__seed43.csv: 30 samples (mean 18.38 Mbps)
  loot__driving_B_2019.12.17_07.32.39__bandwidth__win1634__seed43.csv: 30 samples (mean 3.80 Mbps)
  loot__driving_B_2019.12.17_07.32.39__fixed1__win1634__seed44.csv: 30 samples (mean 28.42 Mbps)
  loot__driving_B_2019.12.17_07.32.39__fixed3__win1634__seed44.csv: 30 samples (mean 16.96 Mbps)
  loot__driving_B_2019.12.17_07.32.39__fixed5__win1634__seed44.csv: 30 samples (mean 3.56 Mbps)
  loot__driving_B_2019.12.17_07.32.39__cycle__win1634__seed44.csv: 30 samples (mean 18.46 Mbps)
  loot__driving_B_2019.12.17_07.32.39__bandwidth__win1634__seed44.csv: 30 samples (mean 3.43 Mbps)
  loot__driving_B_2019.12.17_07.32.39__fixed1__win1958__seed42.csv: 30 samples (mean 37.57 Mbps)
  loot__driving_B_2019.12.17_07.32.39__fixed3__win1958__seed42.csv: 30 samples (mean 18.90 Mbps)
  loot__driving_B_2019.12.17_07.32.39__fixed5__win1958__seed42.csv: 30 samples (mean 3.08 Mbps)
  loot__driving_B_2019.12.17_07.32.39__cycle__win1958__seed42.csv: 30 samples (mean 19.77 Mbps)
  loot__driving_B_2019.12.17_07.32.39__bandwidth__win1958__seed42.csv: 30 samples (mean 3.07 Mbps)
  loot__driving_B_2019.12.17_07.32.39__fixed1__win1958__seed43.csv: 30 samples (mean 37.23 Mbps)
  loot__driving_B_2019.12.17_07.32.39__fixed3__win1958__seed43.csv: 30 samples (mean 18.99 Mbps)
  loot__driving_B_2019.12.17_07.32.39__fixed5__win1958__seed43.csv: 30 samples (mean 2.99 Mbps)
  loot__driving_B_2019.12.17_07.32.39__cycle__win1958__seed43.csv: 30 samples (mean 19.54 Mbps)
  loot__driving_B_2019.12.17_07.32.39__bandwidth__win1958__seed43.csv: 30 samples (mean 2.99 Mbps)
  loot__driving_B_2019.12.17_07.32.39__fixed1__win1958__seed44.csv: 30 samples (mean 37.52 Mbps)
  loot__driving_B_2019.12.17_07.32.39__fixed3__win1958__seed44.csv: 30 samples (mean 19.20 Mbps)
  loot__driving_B_2019.12.17_07.32.39__fixed5__win1958__seed44.csv: 30 samples (mean 3.13 Mbps)
  loot__driving_B_2019.12.17_07.32.39__cycle__win1958__seed44.csv: 30 samples (mean 20.24 Mbps)
  loot__driving_B_2019.12.17_07.32.39__bandwidth__win1958__seed44.csv: 30 samples (mean 3.13 Mbps)
  loot__driving_B_2019.12.17_07.32.39__fixed1__win2319__seed42.csv: 30 samples (mean 165.31 Mbps)
  loot__driving_B_2019.12.17_07.32.39__fixed3__win2319__seed42.csv: 30 samples (mean 53.62 Mbps)
  loot__driving_B_2019.12.17_07.32.39__fixed5__win2319__seed42.csv: 30 samples (mean 4.01 Mbps)
  loot__driving_B_2019.12.17_07.32.39__cycle__win2319__seed42.csv: 30 samples (mean 86.29 Mbps)
  loot__driving_B_2019.12.17_07.32.39__bandwidth__win2319__seed42.csv: 30 samples (mean 74.11 Mbps)
  loot__driving_B_2019.12.17_07.32.39__fixed1__win2319__seed43.csv: 30 samples (mean 169.76 Mbps)
  loot__driving_B_2019.12.17_07.32.39__fixed3__win2319__seed43.csv: 30 samples (mean 54.92 Mbps)
  loot__driving_B_2019.12.17_07.32.39__fixed5__win2319__seed43.csv: 30 samples (mean 3.90 Mbps)
  loot__driving_B_2019.12.17_07.32.39__cycle__win2319__seed43.csv: 30 samples (mean 89.77 Mbps)
  loot__driving_B_2019.12.17_07.32.39__bandwidth__win2319__seed43.csv: 30 samples (mean 3.90 Mbps)
  loot__driving_B_2019.12.17_07.32.39__fixed1__win2319__seed44.csv: 30 samples (mean 164.96 Mbps)
  loot__driving_B_2019.12.17_07.32.39__fixed3__win2319__seed44.csv: 30 samples (mean 53.38 Mbps)
  loot__driving_B_2019.12.17_07.32.39__fixed5__win2319__seed44.csv: 30 samples (mean 3.93 Mbps)
  loot__driving_B_2019.12.17_07.32.39__cycle__win2319__seed44.csv: 30 samples (mean 86.32 Mbps)
  loot__driving_B_2019.12.17_07.32.39__bandwidth__win2319__seed44.csv: 30 samples (mean 12.11 Mbps)
  loot__driving_B_2020.01.16_07.26.43__fixed1__win0__seed42.csv: 30 samples (mean 11.36 Mbps)
  loot__driving_B_2020.01.16_07.26.43__fixed3__win0__seed42.csv: 30 samples (mean 10.47 Mbps)
  loot__driving_B_2020.01.16_07.26.43__fixed5__win0__seed42.csv: 30 samples (mean 3.89 Mbps)
  loot__driving_B_2020.01.16_07.26.43__cycle__win0__seed42.csv: 30 samples (mean 9.00 Mbps)
  loot__driving_B_2020.01.16_07.26.43__bandwidth__win0__seed42.csv: 30 samples (mean 5.29 Mbps)
  loot__driving_B_2020.01.16_07.26.43__fixed1__win0__seed43.csv: 30 samples (mean 11.41 Mbps)
  loot__driving_B_2020.01.16_07.26.43__fixed3__win0__seed43.csv: 30 samples (mean 10.32 Mbps)
  loot__driving_B_2020.01.16_07.26.43__fixed5__win0__seed43.csv: 30 samples (mean 3.77 Mbps)
  loot__driving_B_2020.01.16_07.26.43__cycle__win0__seed43.csv: 30 samples (mean 9.15 Mbps)
  loot__driving_B_2020.01.16_07.26.43__bandwidth__win0__seed43.csv: 30 samples (mean 4.14 Mbps)
  loot__driving_B_2020.01.16_07.26.43__fixed1__win0__seed44.csv: 30 samples (mean 11.32 Mbps)
  loot__driving_B_2020.01.16_07.26.43__fixed3__win0__seed44.csv: 30 samples (mean 10.46 Mbps)
  loot__driving_B_2020.01.16_07.26.43__fixed5__win0__seed44.csv: 30 samples (mean 3.87 Mbps)
  loot__driving_B_2020.01.16_07.26.43__cycle__win0__seed44.csv: 30 samples (mean 9.23 Mbps)
  loot__driving_B_2020.01.16_07.26.43__bandwidth__win0__seed44.csv: 30 samples (mean 6.48 Mbps)
  loot__driving_B_2020.01.16_07.26.43__fixed1__win216__seed42.csv: 30 samples (mean 12.98 Mbps)
  loot__driving_B_2020.01.16_07.26.43__fixed3__win216__seed42.csv: 30 samples (mean 10.48 Mbps)
  loot__driving_B_2020.01.16_07.26.43__fixed5__win216__seed42.csv: 30 samples (mean 3.40 Mbps)
  loot__driving_B_2020.01.16_07.26.43__cycle__win216__seed42.csv: 30 samples (mean 8.80 Mbps)
  loot__driving_B_2020.01.16_07.26.43__bandwidth__win216__seed42.csv: 30 samples (mean 3.94 Mbps)
  loot__driving_B_2020.01.16_07.26.43__fixed1__win216__seed43.csv: 30 samples (mean 12.92 Mbps)
  loot__driving_B_2020.01.16_07.26.43__fixed3__win216__seed43.csv: 30 samples (mean 10.22 Mbps)
  loot__driving_B_2020.01.16_07.26.43__fixed5__win216__seed43.csv: 30 samples (mean 3.20 Mbps)
  loot__driving_B_2020.01.16_07.26.43__cycle__win216__seed43.csv: 30 samples (mean 8.97 Mbps)
  loot__driving_B_2020.01.16_07.26.43__bandwidth__win216__seed43.csv: 30 samples (mean 3.69 Mbps)
  loot__driving_B_2020.01.16_07.26.43__fixed1__win216__seed44.csv: 30 samples (mean 12.89 Mbps)
  loot__driving_B_2020.01.16_07.26.43__fixed3__win216__seed44.csv: 30 samples (mean 10.24 Mbps)
  loot__driving_B_2020.01.16_07.26.43__fixed5__win216__seed44.csv: 30 samples (mean 3.22 Mbps)
  loot__driving_B_2020.01.16_07.26.43__cycle__win216__seed44.csv: 30 samples (mean 8.82 Mbps)
  loot__driving_B_2020.01.16_07.26.43__bandwidth__win216__seed44.csv: 30 samples (mean 5.81 Mbps)
  loot__driving_B_2020.01.16_07.26.43__fixed1__win506__seed42.csv: 30 samples (mean 9.30 Mbps)
  loot__driving_B_2020.01.16_07.26.43__fixed3__win506__seed42.csv: 30 samples (mean 9.82 Mbps)
  loot__driving_B_2020.01.16_07.26.43__fixed5__win506__seed42.csv: 30 samples (mean 3.96 Mbps)
  loot__driving_B_2020.01.16_07.26.43__cycle__win506__seed42.csv: 30 samples (mean 7.68 Mbps)
  loot__driving_B_2020.01.16_07.26.43__bandwidth__win506__seed42.csv: 30 samples (mean 6.72 Mbps)
  loot__driving_B_2020.01.16_07.26.43__fixed1__win506__seed43.csv: 30 samples (mean 9.26 Mbps)
  loot__driving_B_2020.01.16_07.26.43__fixed3__win506__seed43.csv: 30 samples (mean 9.77 Mbps)
  loot__driving_B_2020.01.16_07.26.43__fixed5__win506__seed43.csv: 30 samples (mean 3.92 Mbps)
  loot__driving_B_2020.01.16_07.26.43__cycle__win506__seed43.csv: 30 samples (mean 7.82 Mbps)
  loot__driving_B_2020.01.16_07.26.43__bandwidth__win506__seed43.csv: 30 samples (mean 6.69 Mbps)
  loot__driving_B_2020.01.16_07.26.43__fixed1__win506__seed44.csv: 30 samples (mean 9.25 Mbps)
  loot__driving_B_2020.01.16_07.26.43__fixed3__win506__seed44.csv: 30 samples (mean 9.68 Mbps)
  loot__driving_B_2020.01.16_07.26.43__fixed5__win506__seed44.csv: 30 samples (mean 4.00 Mbps)
  loot__driving_B_2020.01.16_07.26.43__cycle__win506__seed44.csv: 30 samples (mean 7.85 Mbps)
  loot__driving_B_2020.01.16_07.26.43__bandwidth__win506__seed44.csv: 30 samples (mean 6.65 Mbps)
  loot__driving_B_2020.01.16_07.26.43__fixed1__win729__seed42.csv: 30 samples (mean 16.21 Mbps)
  loot__driving_B_2020.01.16_07.26.43__fixed3__win729__seed42.csv: 30 samples (mean 15.91 Mbps)
  loot__driving_B_2020.01.16_07.26.43__fixed5__win729__seed42.csv: 30 samples (mean 3.81 Mbps)
  loot__driving_B_2020.01.16_07.26.43__cycle__win729__seed42.csv: 30 samples (mean 12.70 Mbps)
  loot__driving_B_2020.01.16_07.26.43__bandwidth__win729__seed42.csv: 30 samples (mean 8.80 Mbps)
  loot__driving_B_2020.01.16_07.26.43__fixed1__win729__seed43.csv: 30 samples (mean 16.28 Mbps)
  loot__driving_B_2020.01.16_07.26.43__fixed3__win729__seed43.csv: 30 samples (mean 15.89 Mbps)
  loot__driving_B_2020.01.16_07.26.43__fixed5__win729__seed43.csv: 30 samples (mean 3.82 Mbps)
  loot__driving_B_2020.01.16_07.26.43__cycle__win729__seed43.csv: 30 samples (mean 12.56 Mbps)
  loot__driving_B_2020.01.16_07.26.43__bandwidth__win729__seed43.csv: 30 samples (mean 8.90 Mbps)
  loot__driving_B_2020.01.16_07.26.43__fixed1__win729__seed44.csv: 30 samples (mean 16.27 Mbps)
  loot__driving_B_2020.01.16_07.26.43__fixed3__win729__seed44.csv: 30 samples (mean 15.63 Mbps)
  loot__driving_B_2020.01.16_07.26.43__fixed5__win729__seed44.csv: 30 samples (mean 3.83 Mbps)
  loot__driving_B_2020.01.16_07.26.43__cycle__win729__seed44.csv: 30 samples (mean 13.07 Mbps)
  loot__driving_B_2020.01.16_07.26.43__bandwidth__win729__seed44.csv: 30 samples (mean 8.63 Mbps)
  loot__driving_B_2020.01.16_07.26.43__fixed1__win1008__seed42.csv: 30 samples (mean 12.26 Mbps)
  loot__driving_B_2020.01.16_07.26.43__fixed3__win1008__seed42.csv: 30 samples (mean 13.88 Mbps)
  loot__driving_B_2020.01.16_07.26.43__fixed5__win1008__seed42.csv: 30 samples (mean 3.96 Mbps)
  loot__driving_B_2020.01.16_07.26.43__cycle__win1008__seed42.csv: 30 samples (mean 10.82 Mbps)
  loot__driving_B_2020.01.16_07.26.43__bandwidth__win1008__seed42.csv: 30 samples (mean 11.81 Mbps)
  loot__driving_B_2020.01.16_07.26.43__fixed1__win1008__seed43.csv: 30 samples (mean 12.27 Mbps)
  loot__driving_B_2020.01.16_07.26.43__fixed3__win1008__seed43.csv: 30 samples (mean 14.36 Mbps)
  loot__driving_B_2020.01.16_07.26.43__fixed5__win1008__seed43.csv: 30 samples (mean 3.92 Mbps)
  loot__driving_B_2020.01.16_07.26.43__cycle__win1008__seed43.csv: 30 samples (mean 10.84 Mbps)
  loot__driving_B_2020.01.16_07.26.43__bandwidth__win1008__seed43.csv: 30 samples (mean 11.39 Mbps)
  loot__driving_B_2020.01.16_07.26.43__fixed1__win1008__seed44.csv: 30 samples (mean 12.14 Mbps)
  loot__driving_B_2020.01.16_07.26.43__fixed3__win1008__seed44.csv: 30 samples (mean 13.96 Mbps)
  loot__driving_B_2020.01.16_07.26.43__fixed5__win1008__seed44.csv: 30 samples (mean 4.00 Mbps)
  loot__driving_B_2020.01.16_07.26.43__cycle__win1008__seed44.csv: 30 samples (mean 10.97 Mbps)
  loot__driving_B_2020.01.16_07.26.43__bandwidth__win1008__seed44.csv: 30 samples (mean 11.22 Mbps)
  loot__driving_B_2020.01.16_07.26.43__fixed1__win1219__seed42.csv: 30 samples (mean 10.14 Mbps)
  loot__driving_B_2020.01.16_07.26.43__fixed3__win1219__seed42.csv: 30 samples (mean 9.44 Mbps)
  loot__driving_B_2020.01.16_07.26.43__fixed5__win1219__seed42.csv: 30 samples (mean 3.96 Mbps)
  loot__driving_B_2020.01.16_07.26.43__cycle__win1219__seed42.csv: 30 samples (mean 8.18 Mbps)
  loot__driving_B_2020.01.16_07.26.43__bandwidth__win1219__seed42.csv: 30 samples (mean 6.67 Mbps)
  loot__driving_B_2020.01.16_07.26.43__fixed1__win1219__seed43.csv: 30 samples (mean 10.13 Mbps)
  loot__driving_B_2020.01.16_07.26.43__fixed3__win1219__seed43.csv: 30 samples (mean 9.40 Mbps)
  loot__driving_B_2020.01.16_07.26.43__fixed5__win1219__seed43.csv: 30 samples (mean 3.92 Mbps)
  loot__driving_B_2020.01.16_07.26.43__cycle__win1219__seed43.csv: 30 samples (mean 8.09 Mbps)
  loot__driving_B_2020.01.16_07.26.43__bandwidth__win1219__seed43.csv: 30 samples (mean 6.67 Mbps)
  loot__driving_B_2020.01.16_07.26.43__fixed1__win1219__seed44.csv: 30 samples (mean 10.06 Mbps)
  loot__driving_B_2020.01.16_07.26.43__fixed3__win1219__seed44.csv: 30 samples (mean 9.51 Mbps)
  loot__driving_B_2020.01.16_07.26.43__fixed5__win1219__seed44.csv: 30 samples (mean 4.00 Mbps)
  loot__driving_B_2020.01.16_07.26.43__cycle__win1219__seed44.csv: 30 samples (mean 8.22 Mbps)
  loot__driving_B_2020.01.16_07.26.43__bandwidth__win1219__seed44.csv: 30 samples (mean 6.70 Mbps)
  loot__driving_B_2020.01.16_07.26.43__fixed1__win1477__seed42.csv: 30 samples (mean 8.59 Mbps)
  loot__driving_B_2020.01.16_07.26.43__fixed3__win1477__seed42.csv: 30 samples (mean 6.79 Mbps)
  loot__driving_B_2020.01.16_07.26.43__fixed5__win1477__seed42.csv: 30 samples (mean 2.89 Mbps)
  loot__driving_B_2020.01.16_07.26.43__cycle__win1477__seed42.csv: 30 samples (mean 6.66 Mbps)
  loot__driving_B_2020.01.16_07.26.43__bandwidth__win1477__seed42.csv: 30 samples (mean 3.03 Mbps)
  loot__driving_B_2020.01.16_07.26.43__fixed1__win1477__seed43.csv: 30 samples (mean 8.61 Mbps)
  loot__driving_B_2020.01.16_07.26.43__fixed3__win1477__seed43.csv: 30 samples (mean 6.79 Mbps)
  loot__driving_B_2020.01.16_07.26.43__fixed5__win1477__seed43.csv: 30 samples (mean 2.90 Mbps)
  loot__driving_B_2020.01.16_07.26.43__cycle__win1477__seed43.csv: 30 samples (mean 6.61 Mbps)
  loot__driving_B_2020.01.16_07.26.43__bandwidth__win1477__seed43.csv: 30 samples (mean 2.90 Mbps)
  loot__driving_B_2020.01.16_07.26.43__fixed1__win1477__seed44.csv: 30 samples (mean 8.67 Mbps)
  loot__driving_B_2020.01.16_07.26.43__fixed3__win1477__seed44.csv: 30 samples (mean 6.78 Mbps)
  loot__driving_B_2020.01.16_07.26.43__fixed5__win1477__seed44.csv: 30 samples (mean 2.72 Mbps)
  loot__driving_B_2020.01.16_07.26.43__cycle__win1477__seed44.csv: 30 samples (mean 6.51 Mbps)
  loot__driving_B_2020.01.16_07.26.43__bandwidth__win1477__seed44.csv: 30 samples (mean 2.72 Mbps)
  loot__driving_B_2020.01.16_07.26.43__fixed1__win1687__seed42.csv: 30 samples (mean 10.92 Mbps)
  loot__driving_B_2020.01.16_07.26.43__fixed3__win1687__seed42.csv: 30 samples (mean 9.03 Mbps)
  loot__driving_B_2020.01.16_07.26.43__fixed5__win1687__seed42.csv: 30 samples (mean 3.96 Mbps)
  loot__driving_B_2020.01.16_07.26.43__cycle__win1687__seed42.csv: 30 samples (mean 7.99 Mbps)
  loot__driving_B_2020.01.16_07.26.43__bandwidth__win1687__seed42.csv: 30 samples (mean 6.79 Mbps)
  loot__driving_B_2020.01.16_07.26.43__fixed1__win1687__seed43.csv: 30 samples (mean 10.83 Mbps)
  loot__driving_B_2020.01.16_07.26.43__fixed3__win1687__seed43.csv: 30 samples (mean 8.80 Mbps)
  loot__driving_B_2020.01.16_07.26.43__fixed5__win1687__seed43.csv: 30 samples (mean 3.92 Mbps)
  loot__driving_B_2020.01.16_07.26.43__cycle__win1687__seed43.csv: 30 samples (mean 7.88 Mbps)
  loot__driving_B_2020.01.16_07.26.43__bandwidth__win1687__seed43.csv: 30 samples (mean 6.67 Mbps)
  loot__driving_B_2020.01.16_07.26.43__fixed1__win1687__seed44.csv: 30 samples (mean 10.90 Mbps)
  loot__driving_B_2020.01.16_07.26.43__fixed3__win1687__seed44.csv: 30 samples (mean 8.81 Mbps)
  loot__driving_B_2020.01.16_07.26.43__fixed5__win1687__seed44.csv: 30 samples (mean 4.00 Mbps)
  loot__driving_B_2020.01.16_07.26.43__cycle__win1687__seed44.csv: 30 samples (mean 7.94 Mbps)
  loot__driving_B_2020.01.16_07.26.43__bandwidth__win1687__seed44.csv: 30 samples (mean 6.78 Mbps)
  loot__driving_B_2020.01.16_09.56.56__fixed1__win0__seed42.csv: 30 samples (mean 15.22 Mbps)
  loot__driving_B_2020.01.16_09.56.56__fixed3__win0__seed42.csv: 30 samples (mean 14.31 Mbps)
  loot__driving_B_2020.01.16_09.56.56__fixed5__win0__seed42.csv: 30 samples (mean 3.80 Mbps)
  loot__driving_B_2020.01.16_09.56.56__cycle__win0__seed42.csv: 30 samples (mean 12.65 Mbps)
  loot__driving_B_2020.01.16_09.56.56__bandwidth__win0__seed42.csv: 30 samples (mean 10.98 Mbps)
  loot__driving_B_2020.01.16_09.56.56__fixed1__win0__seed43.csv: 30 samples (mean 15.24 Mbps)
  loot__driving_B_2020.01.16_09.56.56__fixed3__win0__seed43.csv: 30 samples (mean 14.32 Mbps)
  loot__driving_B_2020.01.16_09.56.56__fixed5__win0__seed43.csv: 30 samples (mean 3.81 Mbps)
  loot__driving_B_2020.01.16_09.56.56__cycle__win0__seed43.csv: 30 samples (mean 12.98 Mbps)
  loot__driving_B_2020.01.16_09.56.56__bandwidth__win0__seed43.csv: 30 samples (mean 11.87 Mbps)
  loot__driving_B_2020.01.16_09.56.56__fixed1__win0__seed44.csv: 30 samples (mean 15.32 Mbps)
  loot__driving_B_2020.01.16_09.56.56__fixed3__win0__seed44.csv: 30 samples (mean 14.57 Mbps)
  loot__driving_B_2020.01.16_09.56.56__fixed5__win0__seed44.csv: 30 samples (mean 3.83 Mbps)
  loot__driving_B_2020.01.16_09.56.56__cycle__win0__seed44.csv: 30 samples (mean 12.91 Mbps)
  loot__driving_B_2020.01.16_09.56.56__bandwidth__win0__seed44.csv: 30 samples (mean 11.67 Mbps)
  loot__driving_B_2020.01.16_09.56.56__fixed1__win227__seed42.csv: 30 samples (mean 31.53 Mbps)
  loot__driving_B_2020.01.16_09.56.56__fixed3__win227__seed42.csv: 30 samples (mean 14.59 Mbps)
  loot__driving_B_2020.01.16_09.56.56__fixed5__win227__seed42.csv: 30 samples (mean 4.01 Mbps)
  loot__driving_B_2020.01.16_09.56.56__cycle__win227__seed42.csv: 30 samples (mean 15.13 Mbps)
  loot__driving_B_2020.01.16_09.56.56__bandwidth__win227__seed42.csv: 30 samples (mean 10.36 Mbps)
  loot__driving_B_2020.01.16_09.56.56__fixed1__win227__seed43.csv: 30 samples (mean 31.30 Mbps)
  loot__driving_B_2020.01.16_09.56.56__fixed3__win227__seed43.csv: 30 samples (mean 14.25 Mbps)
  loot__driving_B_2020.01.16_09.56.56__fixed5__win227__seed43.csv: 30 samples (mean 3.90 Mbps)
  loot__driving_B_2020.01.16_09.56.56__cycle__win227__seed43.csv: 30 samples (mean 15.48 Mbps)
  loot__driving_B_2020.01.16_09.56.56__bandwidth__win227__seed43.csv: 30 samples (mean 3.90 Mbps)
  loot__driving_B_2020.01.16_09.56.56__fixed1__win227__seed44.csv: 30 samples (mean 31.46 Mbps)
  loot__driving_B_2020.01.16_09.56.56__fixed3__win227__seed44.csv: 30 samples (mean 14.58 Mbps)
  loot__driving_B_2020.01.16_09.56.56__fixed5__win227__seed44.csv: 30 samples (mean 3.93 Mbps)
  loot__driving_B_2020.01.16_09.56.56__cycle__win227__seed44.csv: 30 samples (mean 15.11 Mbps)
  loot__driving_B_2020.01.16_09.56.56__bandwidth__win227__seed44.csv: 30 samples (mean 10.45 Mbps)
  loot__driving_B_2020.01.16_09.56.56__fixed1__win526__seed42.csv: 30 samples (mean 36.57 Mbps)
  loot__driving_B_2020.01.16_09.56.56__fixed3__win526__seed42.csv: 30 samples (mean 26.76 Mbps)
  loot__driving_B_2020.01.16_09.56.56__fixed5__win526__seed42.csv: 30 samples (mean 3.96 Mbps)
  loot__driving_B_2020.01.16_09.56.56__cycle__win526__seed42.csv: 30 samples (mean 19.67 Mbps)
  loot__driving_B_2020.01.16_09.56.56__bandwidth__win526__seed42.csv: 30 samples (mean 12.37 Mbps)
  loot__driving_B_2020.01.16_09.56.56__fixed1__win526__seed43.csv: 30 samples (mean 37.84 Mbps)
  loot__driving_B_2020.01.16_09.56.56__fixed3__win526__seed43.csv: 30 samples (mean 26.58 Mbps)
  loot__driving_B_2020.01.16_09.56.56__fixed5__win526__seed43.csv: 30 samples (mean 3.92 Mbps)
  loot__driving_B_2020.01.16_09.56.56__cycle__win526__seed43.csv: 30 samples (mean 19.88 Mbps)
  loot__driving_B_2020.01.16_09.56.56__bandwidth__win526__seed43.csv: 30 samples (mean 12.47 Mbps)
  loot__driving_B_2020.01.16_09.56.56__fixed1__win526__seed44.csv: 30 samples (mean 37.79 Mbps)
  loot__driving_B_2020.01.16_09.56.56__fixed3__win526__seed44.csv: 30 samples (mean 26.47 Mbps)
  loot__driving_B_2020.01.16_09.56.56__fixed5__win526__seed44.csv: 30 samples (mean 4.00 Mbps)
  loot__driving_B_2020.01.16_09.56.56__cycle__win526__seed44.csv: 30 samples (mean 19.43 Mbps)
  loot__driving_B_2020.01.16_09.56.56__bandwidth__win526__seed44.csv: 30 samples (mean 13.70 Mbps)
  loot__driving_B_2020.01.16_09.56.56__fixed1__win750__seed42.csv: 30 samples (mean 35.76 Mbps)
  loot__driving_B_2020.01.16_09.56.56__fixed3__win750__seed42.csv: 30 samples (mean 43.82 Mbps)
  loot__driving_B_2020.01.16_09.56.56__fixed5__win750__seed42.csv: 30 samples (mean 3.96 Mbps)
  loot__driving_B_2020.01.16_09.56.56__cycle__win750__seed42.csv: 30 samples (mean 26.34 Mbps)
  loot__driving_B_2020.01.16_09.56.56__bandwidth__win750__seed42.csv: 30 samples (mean 12.37 Mbps)
  loot__driving_B_2020.01.16_09.56.56__fixed1__win750__seed43.csv: 30 samples (mean 35.76 Mbps)
  loot__driving_B_2020.01.16_09.56.56__fixed3__win750__seed43.csv: 30 samples (mean 42.96 Mbps)
  loot__driving_B_2020.01.16_09.56.56__fixed5__win750__seed43.csv: 30 samples (mean 3.92 Mbps)
  loot__driving_B_2020.01.16_09.56.56__cycle__win750__seed43.csv: 30 samples (mean 27.56 Mbps)
  loot__driving_B_2020.01.16_09.56.56__bandwidth__win750__seed43.csv: 30 samples (mean 12.47 Mbps)
  loot__driving_B_2020.01.16_09.56.56__fixed1__win750__seed44.csv: 30 samples (mean 36.39 Mbps)
  loot__driving_B_2020.01.16_09.56.56__fixed3__win750__seed44.csv: 30 samples (mean 43.86 Mbps)
  loot__driving_B_2020.01.16_09.56.56__fixed5__win750__seed44.csv: 30 samples (mean 4.00 Mbps)
  loot__driving_B_2020.01.16_09.56.56__cycle__win750__seed44.csv: 30 samples (mean 27.54 Mbps)
  loot__driving_B_2020.01.16_09.56.56__bandwidth__win750__seed44.csv: 30 samples (mean 13.81 Mbps)
  loot__driving_B_2020.01.16_09.56.56__fixed1__win912__seed42.csv: 30 samples (mean 10.64 Mbps)
  loot__driving_B_2020.01.16_09.56.56__fixed3__win912__seed42.csv: 30 samples (mean 14.57 Mbps)
  loot__driving_B_2020.01.16_09.56.56__fixed5__win912__seed42.csv: 30 samples (mean 3.40 Mbps)
  loot__driving_B_2020.01.16_09.56.56__cycle__win912__seed42.csv: 30 samples (mean 9.07 Mbps)
  loot__driving_B_2020.01.16_09.56.56__bandwidth__win912__seed42.csv: 30 samples (mean 4.64 Mbps)
  loot__driving_B_2020.01.16_09.56.56__fixed1__win912__seed43.csv: 30 samples (mean 10.55 Mbps)
  loot__driving_B_2020.01.16_09.56.56__fixed3__win912__seed43.csv: 30 samples (mean 15.06 Mbps)
  loot__driving_B_2020.01.16_09.56.56__fixed5__win912__seed43.csv: 30 samples (mean 3.26 Mbps)
  loot__driving_B_2020.01.16_09.56.56__cycle__win912__seed43.csv: 30 samples (mean 9.88 Mbps)
  loot__driving_B_2020.01.16_09.56.56__bandwidth__win912__seed43.csv: 30 samples (mean 8.65 Mbps)
  loot__driving_B_2020.01.16_09.56.56__fixed1__win912__seed44.csv: 30 samples (mean 10.63 Mbps)
  loot__driving_B_2020.01.16_09.56.56__fixed3__win912__seed44.csv: 30 samples (mean 14.62 Mbps)
  loot__driving_B_2020.01.16_09.56.56__fixed5__win912__seed44.csv: 30 samples (mean 3.30 Mbps)
  loot__driving_B_2020.01.16_09.56.56__cycle__win912__seed44.csv: 30 samples (mean 9.97 Mbps)
  loot__driving_B_2020.01.16_09.56.56__bandwidth__win912__seed44.csv: 30 samples (mean 5.34 Mbps)
  loot__driving_B_2020.01.16_09.56.56__fixed1__win1142__seed42.csv: 30 samples (mean 18.82 Mbps)
  loot__driving_B_2020.01.16_09.56.56__fixed3__win1142__seed42.csv: 30 samples (mean 17.46 Mbps)
  loot__driving_B_2020.01.16_09.56.56__fixed5__win1142__seed42.csv: 30 samples (mean 3.60 Mbps)
  loot__driving_B_2020.01.16_09.56.56__cycle__win1142__seed42.csv: 30 samples (mean 19.21 Mbps)
  loot__driving_B_2020.01.16_09.56.56__bandwidth__win1142__seed42.csv: 30 samples (mean 9.16 Mbps)
  loot__driving_B_2020.01.16_09.56.56__fixed1__win1142__seed43.csv: 30 samples (mean 19.02 Mbps)
  loot__driving_B_2020.01.16_09.56.56__fixed3__win1142__seed43.csv: 30 samples (mean 17.28 Mbps)
  loot__driving_B_2020.01.16_09.56.56__fixed5__win1142__seed43.csv: 30 samples (mean 3.60 Mbps)
  loot__driving_B_2020.01.16_09.56.56__cycle__win1142__seed43.csv: 30 samples (mean 18.93 Mbps)
  loot__driving_B_2020.01.16_09.56.56__bandwidth__win1142__seed43.csv: 30 samples (mean 9.52 Mbps)
  loot__driving_B_2020.01.16_09.56.56__fixed1__win1142__seed44.csv: 30 samples (mean 19.15 Mbps)
  loot__driving_B_2020.01.16_09.56.56__fixed3__win1142__seed44.csv: 30 samples (mean 17.65 Mbps)
  loot__driving_B_2020.01.16_09.56.56__fixed5__win1142__seed44.csv: 30 samples (mean 3.63 Mbps)
  loot__driving_B_2020.01.16_09.56.56__cycle__win1142__seed44.csv: 30 samples (mean 18.82 Mbps)
  loot__driving_B_2020.01.16_09.56.56__bandwidth__win1142__seed44.csv: 30 samples (mean 8.97 Mbps)
  loot__driving_B_2020.01.16_09.56.56__fixed1__win1367__seed42.csv: 30 samples (mean 35.07 Mbps)
  loot__driving_B_2020.01.16_09.56.56__fixed3__win1367__seed42.csv: 30 samples (mean 24.31 Mbps)
  loot__driving_B_2020.01.16_09.56.56__fixed5__win1367__seed42.csv: 30 samples (mean 3.96 Mbps)
  loot__driving_B_2020.01.16_09.56.56__cycle__win1367__seed42.csv: 30 samples (mean 18.25 Mbps)
  loot__driving_B_2020.01.16_09.56.56__bandwidth__win1367__seed42.csv: 30 samples (mean 12.37 Mbps)
  loot__driving_B_2020.01.16_09.56.56__fixed1__win1367__seed43.csv: 30 samples (mean 35.19 Mbps)
  loot__driving_B_2020.01.16_09.56.56__fixed3__win1367__seed43.csv: 30 samples (mean 23.93 Mbps)
  loot__driving_B_2020.01.16_09.56.56__fixed5__win1367__seed43.csv: 30 samples (mean 3.92 Mbps)
  loot__driving_B_2020.01.16_09.56.56__cycle__win1367__seed43.csv: 30 samples (mean 17.86 Mbps)
  loot__driving_B_2020.01.16_09.56.56__bandwidth__win1367__seed43.csv: 30 samples (mean 12.47 Mbps)
  loot__driving_B_2020.01.16_09.56.56__fixed1__win1367__seed44.csv: 30 samples (mean 34.95 Mbps)
  loot__driving_B_2020.01.16_09.56.56__fixed3__win1367__seed44.csv: 30 samples (mean 24.32 Mbps)
  loot__driving_B_2020.01.16_09.56.56__fixed5__win1367__seed44.csv: 30 samples (mean 4.00 Mbps)
  loot__driving_B_2020.01.16_09.56.56__cycle__win1367__seed44.csv: 30 samples (mean 18.19 Mbps)
  loot__driving_B_2020.01.16_09.56.56__bandwidth__win1367__seed44.csv: 30 samples (mean 13.06 Mbps)
  loot__driving_B_2020.01.16_09.56.56__fixed1__win1594__seed42.csv: 30 samples (mean 45.84 Mbps)
  loot__driving_B_2020.01.16_09.56.56__fixed3__win1594__seed42.csv: 30 samples (mean 46.04 Mbps)
  loot__driving_B_2020.01.16_09.56.56__fixed5__win1594__seed42.csv: 30 samples (mean 3.96 Mbps)
  loot__driving_B_2020.01.16_09.56.56__cycle__win1594__seed42.csv: 30 samples (mean 35.63 Mbps)
  loot__driving_B_2020.01.16_09.56.56__bandwidth__win1594__seed42.csv: 30 samples (mean 12.37 Mbps)
  loot__driving_B_2020.01.16_09.56.56__fixed1__win1594__seed43.csv: 30 samples (mean 45.18 Mbps)
  loot__driving_B_2020.01.16_09.56.56__fixed3__win1594__seed43.csv: 30 samples (mean 45.33 Mbps)
  loot__driving_B_2020.01.16_09.56.56__fixed5__win1594__seed43.csv: 30 samples (mean 3.92 Mbps)
  loot__driving_B_2020.01.16_09.56.56__cycle__win1594__seed43.csv: 30 samples (mean 36.39 Mbps)
  loot__driving_B_2020.01.16_09.56.56__bandwidth__win1594__seed43.csv: 30 samples (mean 12.47 Mbps)
  loot__driving_B_2020.01.16_09.56.56__fixed1__win1594__seed44.csv: 30 samples (mean 44.85 Mbps)
  loot__driving_B_2020.01.16_09.56.56__fixed3__win1594__seed44.csv: 30 samples (mean 46.85 Mbps)
  loot__driving_B_2020.01.16_09.56.56__fixed5__win1594__seed44.csv: 30 samples (mean 4.00 Mbps)
  loot__driving_B_2020.01.16_09.56.56__cycle__win1594__seed44.csv: 30 samples (mean 36.10 Mbps)
  loot__driving_B_2020.01.16_09.56.56__bandwidth__win1594__seed44.csv: 30 samples (mean 17.04 Mbps)
  loot__driving_B_2020.01.16_12.10.03__fixed1__win0__seed42.csv: 30 samples (mean 163.88 Mbps)
  loot__driving_B_2020.01.16_12.10.03__fixed3__win0__seed42.csv: 30 samples (mean 53.48 Mbps)
  loot__driving_B_2020.01.16_12.10.03__fixed5__win0__seed42.csv: 30 samples (mean 3.94 Mbps)
  loot__driving_B_2020.01.16_12.10.03__cycle__win0__seed42.csv: 30 samples (mean 78.65 Mbps)
  loot__driving_B_2020.01.16_12.10.03__bandwidth__win0__seed42.csv: 30 samples (mean 8.20 Mbps)
  loot__driving_B_2020.01.16_12.10.03__fixed1__win0__seed43.csv: 30 samples (mean 162.73 Mbps)
  loot__driving_B_2020.01.16_12.10.03__fixed3__win0__seed43.csv: 30 samples (mean 53.16 Mbps)
  loot__driving_B_2020.01.16_12.10.03__fixed5__win0__seed43.csv: 30 samples (mean 4.02 Mbps)
  loot__driving_B_2020.01.16_12.10.03__cycle__win0__seed43.csv: 30 samples (mean 77.76 Mbps)
  loot__driving_B_2020.01.16_12.10.03__bandwidth__win0__seed43.csv: 30 samples (mean 11.62 Mbps)
  loot__driving_B_2020.01.16_12.10.03__fixed1__win0__seed44.csv: 30 samples (mean 163.91 Mbps)
  loot__driving_B_2020.01.16_12.10.03__fixed3__win0__seed44.csv: 30 samples (mean 53.90 Mbps)
  loot__driving_B_2020.01.16_12.10.03__fixed5__win0__seed44.csv: 30 samples (mean 4.01 Mbps)
  loot__driving_B_2020.01.16_12.10.03__cycle__win0__seed44.csv: 30 samples (mean 81.73 Mbps)
  loot__driving_B_2020.01.16_12.10.03__bandwidth__win0__seed44.csv: 30 samples (mean 12.81 Mbps)
  loot__driving_B_2020.01.16_12.10.03__fixed1__win58__seed42.csv: 30 samples (mean 93.35 Mbps)
  loot__driving_B_2020.01.16_12.10.03__fixed3__win58__seed42.csv: 30 samples (mean 16.65 Mbps)
  loot__driving_B_2020.01.16_12.10.03__fixed5__win58__seed42.csv: 30 samples (mean 3.96 Mbps)
  loot__driving_B_2020.01.16_12.10.03__cycle__win58__seed42.csv: 30 samples (mean 31.75 Mbps)
  loot__driving_B_2020.01.16_12.10.03__bandwidth__win58__seed42.csv: 30 samples (mean 9.73 Mbps)
  loot__driving_B_2020.01.16_12.10.03__fixed1__win58__seed43.csv: 30 samples (mean 94.12 Mbps)
  loot__driving_B_2020.01.16_12.10.03__fixed3__win58__seed43.csv: 30 samples (mean 16.58 Mbps)
  loot__driving_B_2020.01.16_12.10.03__fixed5__win58__seed43.csv: 30 samples (mean 3.92 Mbps)
  loot__driving_B_2020.01.16_12.10.03__cycle__win58__seed43.csv: 30 samples (mean 31.41 Mbps)
  loot__driving_B_2020.01.16_12.10.03__bandwidth__win58__seed43.csv: 30 samples (mean 9.62 Mbps)
  loot__driving_B_2020.01.16_12.10.03__fixed1__win58__seed44.csv: 30 samples (mean 95.78 Mbps)
  loot__driving_B_2020.01.16_12.10.03__fixed3__win58__seed44.csv: 30 samples (mean 16.64 Mbps)
  loot__driving_B_2020.01.16_12.10.03__fixed5__win58__seed44.csv: 30 samples (mean 4.00 Mbps)
  loot__driving_B_2020.01.16_12.10.03__cycle__win58__seed44.csv: 30 samples (mean 32.36 Mbps)
  loot__driving_B_2020.01.16_12.10.03__bandwidth__win58__seed44.csv: 30 samples (mean 9.04 Mbps)
  loot__driving_B_2020.01.16_12.10.03__fixed1__win114__seed42.csv: 30 samples (mean 115.22 Mbps)
  loot__driving_B_2020.01.16_12.10.03__fixed3__win114__seed42.csv: 30 samples (mean 52.76 Mbps)
  loot__driving_B_2020.01.16_12.10.03__fixed5__win114__seed42.csv: 30 samples (mean 3.96 Mbps)
  loot__driving_B_2020.01.16_12.10.03__cycle__win114__seed42.csv: 30 samples (mean 63.10 Mbps)
  loot__driving_B_2020.01.16_12.10.03__bandwidth__win114__seed42.csv: 30 samples (mean 12.37 Mbps)
  loot__driving_B_2020.01.16_12.10.03__fixed1__win114__seed43.csv: 30 samples (mean 117.15 Mbps)
  loot__driving_B_2020.01.16_12.10.03__fixed3__win114__seed43.csv: 30 samples (mean 52.57 Mbps)
  loot__driving_B_2020.01.16_12.10.03__fixed5__win114__seed43.csv: 30 samples (mean 3.92 Mbps)
  loot__driving_B_2020.01.16_12.10.03__cycle__win114__seed43.csv: 30 samples (mean 63.91 Mbps)
  loot__driving_B_2020.01.16_12.10.03__bandwidth__win114__seed43.csv: 30 samples (mean 12.47 Mbps)
  loot__driving_B_2020.01.16_12.10.03__fixed1__win114__seed44.csv: 30 samples (mean 111.29 Mbps)
  loot__driving_B_2020.01.16_12.10.03__fixed3__win114__seed44.csv: 30 samples (mean 53.42 Mbps)
  loot__driving_B_2020.01.16_12.10.03__fixed5__win114__seed44.csv: 30 samples (mean 4.00 Mbps)
  loot__driving_B_2020.01.16_12.10.03__cycle__win114__seed44.csv: 30 samples (mean 63.44 Mbps)
  loot__driving_B_2020.01.16_12.10.03__bandwidth__win114__seed44.csv: 30 samples (mean 17.04 Mbps)
  loot__driving_B_2020.01.16_12.10.03__fixed1__win171__seed42.csv: 30 samples (mean 107.87 Mbps)
  loot__driving_B_2020.01.16_12.10.03__fixed3__win171__seed42.csv: 30 samples (mean 51.30 Mbps)
  loot__driving_B_2020.01.16_12.10.03__fixed5__win171__seed42.csv: 30 samples (mean 3.83 Mbps)
  loot__driving_B_2020.01.16_12.10.03__cycle__win171__seed42.csv: 30 samples (mean 58.67 Mbps)
  loot__driving_B_2020.01.16_12.10.03__bandwidth__win171__seed42.csv: 30 samples (mean 11.89 Mbps)
  loot__driving_B_2020.01.16_12.10.03__fixed1__win171__seed43.csv: 30 samples (mean 103.06 Mbps)
  loot__driving_B_2020.01.16_12.10.03__fixed3__win171__seed43.csv: 30 samples (mean 50.95 Mbps)
  loot__driving_B_2020.01.16_12.10.03__fixed5__win171__seed43.csv: 30 samples (mean 3.83 Mbps)
  loot__driving_B_2020.01.16_12.10.03__cycle__win171__seed43.csv: 30 samples (mean 59.74 Mbps)
  loot__driving_B_2020.01.16_12.10.03__bandwidth__win171__seed43.csv: 30 samples (mean 12.05 Mbps)
  loot__driving_B_2020.01.16_12.10.03__fixed1__win171__seed44.csv: 30 samples (mean 106.32 Mbps)
  loot__driving_B_2020.01.16_12.10.03__fixed3__win171__seed44.csv: 30 samples (mean 51.20 Mbps)
  loot__driving_B_2020.01.16_12.10.03__fixed5__win171__seed44.csv: 30 samples (mean 3.84 Mbps)
  loot__driving_B_2020.01.16_12.10.03__cycle__win171__seed44.csv: 30 samples (mean 59.44 Mbps)
  loot__driving_B_2020.01.16_12.10.03__bandwidth__win171__seed44.csv: 30 samples (mean 11.81 Mbps)
  loot__driving_B_2020.01.16_12.10.03__fixed1__win229__seed42.csv: 30 samples (mean 141.52 Mbps)
  loot__driving_B_2020.01.16_12.10.03__fixed3__win229__seed42.csv: 30 samples (mean 52.76 Mbps)
  loot__driving_B_2020.01.16_12.10.03__fixed5__win229__seed42.csv: 30 samples (mean 3.96 Mbps)
  loot__driving_B_2020.01.16_12.10.03__cycle__win229__seed42.csv: 30 samples (mean 70.90 Mbps)
  loot__driving_B_2020.01.16_12.10.03__bandwidth__win229__seed42.csv: 30 samples (mean 12.37 Mbps)
  loot__driving_B_2020.01.16_12.10.03__fixed1__win229__seed43.csv: 30 samples (mean 132.88 Mbps)
  loot__driving_B_2020.01.16_12.10.03__fixed3__win229__seed43.csv: 30 samples (mean 52.57 Mbps)
  loot__driving_B_2020.01.16_12.10.03__fixed5__win229__seed43.csv: 30 samples (mean 3.92 Mbps)
  loot__driving_B_2020.01.16_12.10.03__cycle__win229__seed43.csv: 30 samples (mean 70.85 Mbps)
  loot__driving_B_2020.01.16_12.10.03__bandwidth__win229__seed43.csv: 30 samples (mean 12.47 Mbps)
  loot__driving_B_2020.01.16_12.10.03__fixed1__win229__seed44.csv: 30 samples (mean 135.46 Mbps)
  loot__driving_B_2020.01.16_12.10.03__fixed3__win229__seed44.csv: 30 samples (mean 53.42 Mbps)
  loot__driving_B_2020.01.16_12.10.03__fixed5__win229__seed44.csv: 30 samples (mean 4.00 Mbps)
  loot__driving_B_2020.01.16_12.10.03__cycle__win229__seed44.csv: 30 samples (mean 72.21 Mbps)
  loot__driving_B_2020.01.16_12.10.03__bandwidth__win229__seed44.csv: 30 samples (mean 17.04 Mbps)
  loot__driving_B_2020.01.16_12.10.03__fixed1__win286__seed42.csv: 30 samples (mean 43.44 Mbps)
  loot__driving_B_2020.01.16_12.10.03__fixed3__win286__seed42.csv: 30 samples (mean 27.58 Mbps)
  loot__driving_B_2020.01.16_12.10.03__fixed5__win286__seed42.csv: 30 samples (mean 3.96 Mbps)
  loot__driving_B_2020.01.16_12.10.03__cycle__win286__seed42.csv: 30 samples (mean 24.69 Mbps)
  loot__driving_B_2020.01.16_12.10.03__bandwidth__win286__seed42.csv: 30 samples (mean 12.37 Mbps)
  loot__driving_B_2020.01.16_12.10.03__fixed1__win286__seed43.csv: 30 samples (mean 43.60 Mbps)
  loot__driving_B_2020.01.16_12.10.03__fixed3__win286__seed43.csv: 30 samples (mean 26.95 Mbps)
  loot__driving_B_2020.01.16_12.10.03__fixed5__win286__seed43.csv: 30 samples (mean 3.92 Mbps)
  loot__driving_B_2020.01.16_12.10.03__cycle__win286__seed43.csv: 30 samples (mean 24.54 Mbps)
  loot__driving_B_2020.01.16_12.10.03__bandwidth__win286__seed43.csv: 30 samples (mean 12.47 Mbps)
  loot__driving_B_2020.01.16_12.10.03__fixed1__win286__seed44.csv: 30 samples (mean 43.01 Mbps)
  loot__driving_B_2020.01.16_12.10.03__fixed3__win286__seed44.csv: 30 samples (mean 27.32 Mbps)
  loot__driving_B_2020.01.16_12.10.03__fixed5__win286__seed44.csv: 30 samples (mean 4.00 Mbps)
  loot__driving_B_2020.01.16_12.10.03__cycle__win286__seed44.csv: 30 samples (mean 24.82 Mbps)
  loot__driving_B_2020.01.16_12.10.03__bandwidth__win286__seed44.csv: 30 samples (mean 13.84 Mbps)
  loot__driving_B_2020.01.16_12.10.03__fixed1__win344__seed42.csv: 30 samples (mean 84.07 Mbps)
  loot__driving_B_2020.01.16_12.10.03__fixed3__win344__seed42.csv: 30 samples (mean 35.50 Mbps)
  loot__driving_B_2020.01.16_12.10.03__fixed5__win344__seed42.csv: 30 samples (mean 3.83 Mbps)
  loot__driving_B_2020.01.16_12.10.03__cycle__win344__seed42.csv: 30 samples (mean 56.76 Mbps)
  loot__driving_B_2020.01.16_12.10.03__bandwidth__win344__seed42.csv: 30 samples (mean 11.89 Mbps)
  loot__driving_B_2020.01.16_12.10.03__fixed1__win344__seed43.csv: 30 samples (mean 84.96 Mbps)
  loot__driving_B_2020.01.16_12.10.03__fixed3__win344__seed43.csv: 30 samples (mean 35.58 Mbps)
  loot__driving_B_2020.01.16_12.10.03__fixed5__win344__seed43.csv: 30 samples (mean 3.83 Mbps)
  loot__driving_B_2020.01.16_12.10.03__cycle__win344__seed43.csv: 30 samples (mean 56.41 Mbps)
  loot__driving_B_2020.01.16_12.10.03__bandwidth__win344__seed43.csv: 30 samples (mean 12.05 Mbps)
  loot__driving_B_2020.01.16_12.10.03__fixed1__win344__seed44.csv: 30 samples (mean 86.21 Mbps)
  loot__driving_B_2020.01.16_12.10.03__fixed3__win344__seed44.csv: 30 samples (mean 35.49 Mbps)
  loot__driving_B_2020.01.16_12.10.03__fixed5__win344__seed44.csv: 30 samples (mean 3.84 Mbps)
  loot__driving_B_2020.01.16_12.10.03__cycle__win344__seed44.csv: 30 samples (mean 56.37 Mbps)
  loot__driving_B_2020.01.16_12.10.03__bandwidth__win344__seed44.csv: 30 samples (mean 11.81 Mbps)
  loot__driving_B_2020.02.13_13.03.24__fixed1__win0__seed42.csv: 30 samples (mean 10.73 Mbps)
  loot__driving_B_2020.02.13_13.03.24__fixed3__win0__seed42.csv: 30 samples (mean 9.16 Mbps)
  loot__driving_B_2020.02.13_13.03.24__fixed5__win0__seed42.csv: 30 samples (mean 3.12 Mbps)
  loot__driving_B_2020.02.13_13.03.24__cycle__win0__seed42.csv: 30 samples (mean 10.17 Mbps)
  loot__driving_B_2020.02.13_13.03.24__bandwidth__win0__seed42.csv: 30 samples (mean 3.52 Mbps)
  loot__driving_B_2020.02.13_13.03.24__fixed1__win0__seed43.csv: 30 samples (mean 10.76 Mbps)
  loot__driving_B_2020.02.13_13.03.24__fixed3__win0__seed43.csv: 30 samples (mean 9.27 Mbps)
  loot__driving_B_2020.02.13_13.03.24__fixed5__win0__seed43.csv: 30 samples (mean 3.12 Mbps)
  loot__driving_B_2020.02.13_13.03.24__cycle__win0__seed43.csv: 30 samples (mean 10.39 Mbps)
  loot__driving_B_2020.02.13_13.03.24__bandwidth__win0__seed43.csv: 30 samples (mean 3.12 Mbps)
  loot__driving_B_2020.02.13_13.03.24__fixed1__win0__seed44.csv: 30 samples (mean 10.76 Mbps)
  loot__driving_B_2020.02.13_13.03.24__fixed3__win0__seed44.csv: 30 samples (mean 9.21 Mbps)
  loot__driving_B_2020.02.13_13.03.24__fixed5__win0__seed44.csv: 30 samples (mean 3.23 Mbps)
  loot__driving_B_2020.02.13_13.03.24__cycle__win0__seed44.csv: 30 samples (mean 10.33 Mbps)
  loot__driving_B_2020.02.13_13.03.24__bandwidth__win0__seed44.csv: 30 samples (mean 6.40 Mbps)
  loot__driving_B_2020.02.13_13.03.24__fixed1__win217__seed42.csv: 30 samples (mean 10.55 Mbps)
  loot__driving_B_2020.02.13_13.03.24__fixed3__win217__seed42.csv: 30 samples (mean 7.73 Mbps)
  loot__driving_B_2020.02.13_13.03.24__fixed5__win217__seed42.csv: 30 samples (mean 3.26 Mbps)
  loot__driving_B_2020.02.13_13.03.24__cycle__win217__seed42.csv: 30 samples (mean 7.98 Mbps)
  loot__driving_B_2020.02.13_13.03.24__bandwidth__win217__seed42.csv: 30 samples (mean 4.26 Mbps)
  loot__driving_B_2020.02.13_13.03.24__fixed1__win217__seed43.csv: 30 samples (mean 10.54 Mbps)
  loot__driving_B_2020.02.13_13.03.24__fixed3__win217__seed43.csv: 30 samples (mean 7.75 Mbps)
  loot__driving_B_2020.02.13_13.03.24__fixed5__win217__seed43.csv: 30 samples (mean 3.26 Mbps)
  loot__driving_B_2020.02.13_13.03.24__cycle__win217__seed43.csv: 30 samples (mean 7.86 Mbps)
  loot__driving_B_2020.02.13_13.03.24__bandwidth__win217__seed43.csv: 30 samples (mean 4.45 Mbps)
  loot__driving_B_2020.02.13_13.03.24__fixed1__win217__seed44.csv: 30 samples (mean 10.55 Mbps)
  loot__driving_B_2020.02.13_13.03.24__fixed3__win217__seed44.csv: 30 samples (mean 7.69 Mbps)
  loot__driving_B_2020.02.13_13.03.24__fixed5__win217__seed44.csv: 30 samples (mean 3.26 Mbps)
  loot__driving_B_2020.02.13_13.03.24__cycle__win217__seed44.csv: 30 samples (mean 7.93 Mbps)
  loot__driving_B_2020.02.13_13.03.24__bandwidth__win217__seed44.csv: 30 samples (mean 3.48 Mbps)
  loot__driving_B_2020.02.13_13.03.24__fixed1__win483__seed42.csv: 30 samples (mean 8.47 Mbps)
  loot__driving_B_2020.02.13_13.03.24__fixed3__win483__seed42.csv: 30 samples (mean 9.43 Mbps)
  loot__driving_B_2020.02.13_13.03.24__fixed5__win483__seed42.csv: 30 samples (mean 3.96 Mbps)
  loot__driving_B_2020.02.13_13.03.24__cycle__win483__seed42.csv: 30 samples (mean 7.65 Mbps)
  loot__driving_B_2020.02.13_13.03.24__bandwidth__win483__seed42.csv: 30 samples (mean 6.48 Mbps)
  loot__driving_B_2020.02.13_13.03.24__fixed1__win483__seed43.csv: 30 samples (mean 8.46 Mbps)
  loot__driving_B_2020.02.13_13.03.24__fixed3__win483__seed43.csv: 30 samples (mean 9.76 Mbps)
  loot__driving_B_2020.02.13_13.03.24__fixed5__win483__seed43.csv: 30 samples (mean 3.92 Mbps)
  loot__driving_B_2020.02.13_13.03.24__cycle__win483__seed43.csv: 30 samples (mean 7.75 Mbps)
  loot__driving_B_2020.02.13_13.03.24__bandwidth__win483__seed43.csv: 30 samples (mean 6.55 Mbps)
  loot__driving_B_2020.02.13_13.03.24__fixed1__win483__seed44.csv: 30 samples (mean 8.44 Mbps)
  loot__driving_B_2020.02.13_13.03.24__fixed3__win483__seed44.csv: 30 samples (mean 9.43 Mbps)
  loot__driving_B_2020.02.13_13.03.24__fixed5__win483__seed44.csv: 30 samples (mean 4.00 Mbps)
  loot__driving_B_2020.02.13_13.03.24__cycle__win483__seed44.csv: 30 samples (mean 7.75 Mbps)
  loot__driving_B_2020.02.13_13.03.24__bandwidth__win483__seed44.csv: 30 samples (mean 6.48 Mbps)
  loot__driving_B_2020.02.13_13.03.24__fixed1__win806__seed42.csv: 30 samples (mean 9.28 Mbps)
  loot__driving_B_2020.02.13_13.03.24__fixed3__win806__seed42.csv: 30 samples (mean 10.65 Mbps)
  loot__driving_B_2020.02.13_13.03.24__fixed5__win806__seed42.csv: 30 samples (mean 3.81 Mbps)
  loot__driving_B_2020.02.13_13.03.24__cycle__win806__seed42.csv: 30 samples (mean 9.98 Mbps)
  loot__driving_B_2020.02.13_13.03.24__bandwidth__win806__seed42.csv: 30 samples (mean 5.04 Mbps)
  loot__driving_B_2020.02.13_13.03.24__fixed1__win806__seed43.csv: 30 samples (mean 9.10 Mbps)
  loot__driving_B_2020.02.13_13.03.24__fixed3__win806__seed43.csv: 30 samples (mean 10.43 Mbps)
  loot__driving_B_2020.02.13_13.03.24__fixed5__win806__seed43.csv: 30 samples (mean 3.82 Mbps)
  loot__driving_B_2020.02.13_13.03.24__cycle__win806__seed43.csv: 30 samples (mean 9.33 Mbps)
  loot__driving_B_2020.02.13_13.03.24__bandwidth__win806__seed43.csv: 30 samples (mean 5.42 Mbps)
  loot__driving_B_2020.02.13_13.03.24__fixed1__win806__seed44.csv: 30 samples (mean 9.21 Mbps)
  loot__driving_B_2020.02.13_13.03.24__fixed3__win806__seed44.csv: 30 samples (mean 10.38 Mbps)
  loot__driving_B_2020.02.13_13.03.24__fixed5__win806__seed44.csv: 30 samples (mean 3.83 Mbps)
  loot__driving_B_2020.02.13_13.03.24__cycle__win806__seed44.csv: 30 samples (mean 9.56 Mbps)
  loot__driving_B_2020.02.13_13.03.24__bandwidth__win806__seed44.csv: 30 samples (mean 5.10 Mbps)
  loot__driving_B_2020.02.13_13.03.24__fixed1__win1077__seed42.csv: 30 samples (mean 5.80 Mbps)
  loot__driving_B_2020.02.13_13.03.24__fixed3__win1077__seed42.csv: 30 samples (mean 8.37 Mbps)
  loot__driving_B_2020.02.13_13.03.24__fixed5__win1077__seed42.csv: 30 samples (mean 3.96 Mbps)
  loot__driving_B_2020.02.13_13.03.24__cycle__win1077__seed42.csv: 30 samples (mean 6.11 Mbps)
  loot__driving_B_2020.02.13_13.03.24__bandwidth__win1077__seed42.csv: 30 samples (mean 6.72 Mbps)
  loot__driving_B_2020.02.13_13.03.24__fixed1__win1077__seed43.csv: 30 samples (mean 5.82 Mbps)
  loot__driving_B_2020.02.13_13.03.24__fixed3__win1077__seed43.csv: 30 samples (mean 8.35 Mbps)
  loot__driving_B_2020.02.13_13.03.24__fixed5__win1077__seed43.csv: 30 samples (mean 3.92 Mbps)
  loot__driving_B_2020.02.13_13.03.24__cycle__win1077__seed43.csv: 30 samples (mean 5.78 Mbps)
  loot__driving_B_2020.02.13_13.03.24__bandwidth__win1077__seed43.csv: 30 samples (mean 6.64 Mbps)
  loot__driving_B_2020.02.13_13.03.24__fixed1__win1077__seed44.csv: 30 samples (mean 5.85 Mbps)
  loot__driving_B_2020.02.13_13.03.24__fixed3__win1077__seed44.csv: 30 samples (mean 8.11 Mbps)
  loot__driving_B_2020.02.13_13.03.24__fixed5__win1077__seed44.csv: 30 samples (mean 4.00 Mbps)
  loot__driving_B_2020.02.13_13.03.24__cycle__win1077__seed44.csv: 30 samples (mean 5.97 Mbps)
  loot__driving_B_2020.02.13_13.03.24__bandwidth__win1077__seed44.csv: 30 samples (mean 6.87 Mbps)
  loot__driving_B_2020.02.13_13.03.24__fixed1__win1283__seed42.csv: 30 samples (mean 6.57 Mbps)
  loot__driving_B_2020.02.13_13.03.24__fixed3__win1283__seed42.csv: 30 samples (mean 5.99 Mbps)
  loot__driving_B_2020.02.13_13.03.24__fixed5__win1283__seed42.csv: 30 samples (mean 3.26 Mbps)
  loot__driving_B_2020.02.13_13.03.24__cycle__win1283__seed42.csv: 30 samples (mean 5.87 Mbps)
  loot__driving_B_2020.02.13_13.03.24__bandwidth__win1283__seed42.csv: 30 samples (mean 4.36 Mbps)
  loot__driving_B_2020.02.13_13.03.24__fixed1__win1283__seed43.csv: 30 samples (mean 6.62 Mbps)
  loot__driving_B_2020.02.13_13.03.24__fixed3__win1283__seed43.csv: 30 samples (mean 6.00 Mbps)
  loot__driving_B_2020.02.13_13.03.24__fixed5__win1283__seed43.csv: 30 samples (mean 3.25 Mbps)
  loot__driving_B_2020.02.13_13.03.24__cycle__win1283__seed43.csv: 30 samples (mean 5.93 Mbps)
  loot__driving_B_2020.02.13_13.03.24__bandwidth__win1283__seed43.csv: 30 samples (mean 3.69 Mbps)
  loot__driving_B_2020.02.13_13.03.24__fixed1__win1283__seed44.csv: 30 samples (mean 6.55 Mbps)
  loot__driving_B_2020.02.13_13.03.24__fixed3__win1283__seed44.csv: 30 samples (mean 6.05 Mbps)
  loot__driving_B_2020.02.13_13.03.24__fixed5__win1283__seed44.csv: 30 samples (mean 3.21 Mbps)
  loot__driving_B_2020.02.13_13.03.24__cycle__win1283__seed44.csv: 30 samples (mean 5.79 Mbps)
  loot__driving_B_2020.02.13_13.03.24__bandwidth__win1283__seed44.csv: 30 samples (mean 4.64 Mbps)
  loot__driving_B_2020.02.13_13.03.24__fixed1__win1556__seed42.csv: 30 samples (mean 6.52 Mbps)
  loot__driving_B_2020.02.13_13.03.24__fixed3__win1556__seed42.csv: 30 samples (mean 6.90 Mbps)
  loot__driving_B_2020.02.13_13.03.24__fixed5__win1556__seed42.csv: 30 samples (mean 3.40 Mbps)
  loot__driving_B_2020.02.13_13.03.24__cycle__win1556__seed42.csv: 30 samples (mean 6.69 Mbps)
  loot__driving_B_2020.02.13_13.03.24__bandwidth__win1556__seed42.csv: 30 samples (mean 3.40 Mbps)
  loot__driving_B_2020.02.13_13.03.24__fixed1__win1556__seed43.csv: 30 samples (mean 6.53 Mbps)
  loot__driving_B_2020.02.13_13.03.24__fixed3__win1556__seed43.csv: 30 samples (mean 6.85 Mbps)
  loot__driving_B_2020.02.13_13.03.24__fixed5__win1556__seed43.csv: 30 samples (mean 3.61 Mbps)
  loot__driving_B_2020.02.13_13.03.24__cycle__win1556__seed43.csv: 30 samples (mean 6.64 Mbps)
  loot__driving_B_2020.02.13_13.03.24__bandwidth__win1556__seed43.csv: 30 samples (mean 3.81 Mbps)
  loot__driving_B_2020.02.13_13.03.24__fixed1__win1556__seed44.csv: 30 samples (mean 6.53 Mbps)
  loot__driving_B_2020.02.13_13.03.24__fixed3__win1556__seed44.csv: 30 samples (mean 6.83 Mbps)
  loot__driving_B_2020.02.13_13.03.24__fixed5__win1556__seed44.csv: 30 samples (mean 3.29 Mbps)
  loot__driving_B_2020.02.13_13.03.24__cycle__win1556__seed44.csv: 30 samples (mean 6.55 Mbps)
  loot__driving_B_2020.02.13_13.03.24__bandwidth__win1556__seed44.csv: 30 samples (mean 3.29 Mbps)
  loot__driving_B_2020.02.13_13.03.24__fixed1__win1954__seed42.csv: 30 samples (mean 4.59 Mbps)
  loot__driving_B_2020.02.13_13.03.24__fixed3__win1954__seed42.csv: 30 samples (mean 3.47 Mbps)
  loot__driving_B_2020.02.13_13.03.24__fixed5__win1954__seed42.csv: 30 samples (mean 1.11 Mbps)
  loot__driving_B_2020.02.13_13.03.24__cycle__win1954__seed42.csv: 30 samples (mean 4.62 Mbps)
  loot__driving_B_2020.02.13_13.03.24__bandwidth__win1954__seed42.csv: 30 samples (mean 1.11 Mbps)
  loot__driving_B_2020.02.13_13.03.24__fixed1__win1954__seed43.csv: 30 samples (mean 4.59 Mbps)
  loot__driving_B_2020.02.13_13.03.24__fixed3__win1954__seed43.csv: 30 samples (mean 3.58 Mbps)
  loot__driving_B_2020.02.13_13.03.24__fixed5__win1954__seed43.csv: 30 samples (mean 1.12 Mbps)
  loot__driving_B_2020.02.13_13.03.24__cycle__win1954__seed43.csv: 30 samples (mean 4.57 Mbps)
  loot__driving_B_2020.02.13_13.03.24__bandwidth__win1954__seed43.csv: 30 samples (mean 1.12 Mbps)
  loot__driving_B_2020.02.13_13.03.24__fixed1__win1954__seed44.csv: 30 samples (mean 4.58 Mbps)
  loot__driving_B_2020.02.13_13.03.24__fixed3__win1954__seed44.csv: 30 samples (mean 3.49 Mbps)
  loot__driving_B_2020.02.13_13.03.24__fixed5__win1954__seed44.csv: 30 samples (mean 1.11 Mbps)
  loot__driving_B_2020.02.13_13.03.24__cycle__win1954__seed44.csv: 30 samples (mean 4.66 Mbps)
  loot__driving_B_2020.02.13_13.03.24__bandwidth__win1954__seed44.csv: 30 samples (mean 1.11 Mbps)
  loot__driving_B_2020.02.13_15.02.01__fixed1__win0__seed42.csv: 30 samples (mean 64.91 Mbps)
  loot__driving_B_2020.02.13_15.02.01__fixed3__win0__seed42.csv: 30 samples (mean 53.71 Mbps)
  loot__driving_B_2020.02.13_15.02.01__fixed5__win0__seed42.csv: 30 samples (mean 3.94 Mbps)
  loot__driving_B_2020.02.13_15.02.01__cycle__win0__seed42.csv: 30 samples (mean 41.53 Mbps)
  loot__driving_B_2020.02.13_15.02.01__bandwidth__win0__seed42.csv: 30 samples (mean 8.58 Mbps)
  loot__driving_B_2020.02.13_15.02.01__fixed1__win0__seed43.csv: 30 samples (mean 65.75 Mbps)
  loot__driving_B_2020.02.13_15.02.01__fixed3__win0__seed43.csv: 30 samples (mean 50.74 Mbps)
  loot__driving_B_2020.02.13_15.02.01__fixed5__win0__seed43.csv: 30 samples (mean 4.00 Mbps)
  loot__driving_B_2020.02.13_15.02.01__cycle__win0__seed43.csv: 30 samples (mean 41.39 Mbps)
  loot__driving_B_2020.02.13_15.02.01__bandwidth__win0__seed43.csv: 30 samples (mean 29.43 Mbps)
  loot__driving_B_2020.02.13_15.02.01__fixed1__win0__seed44.csv: 30 samples (mean 64.60 Mbps)
  loot__driving_B_2020.02.13_15.02.01__fixed3__win0__seed44.csv: 30 samples (mean 51.88 Mbps)
  loot__driving_B_2020.02.13_15.02.01__fixed5__win0__seed44.csv: 30 samples (mean 3.95 Mbps)
  loot__driving_B_2020.02.13_15.02.01__cycle__win0__seed44.csv: 30 samples (mean 41.07 Mbps)
  loot__driving_B_2020.02.13_15.02.01__bandwidth__win0__seed44.csv: 30 samples (mean 12.27 Mbps)
  loot__driving_B_2020.02.13_15.02.01__fixed1__win378__seed42.csv: 30 samples (mean 148.12 Mbps)
  loot__driving_B_2020.02.13_15.02.01__fixed3__win378__seed42.csv: 30 samples (mean 52.11 Mbps)
  loot__driving_B_2020.02.13_15.02.01__fixed5__win378__seed42.csv: 30 samples (mean 4.01 Mbps)
  loot__driving_B_2020.02.13_15.02.01__cycle__win378__seed42.csv: 30 samples (mean 73.61 Mbps)
  loot__driving_B_2020.02.13_15.02.01__bandwidth__win378__seed42.csv: 30 samples (mean 60.22 Mbps)
  loot__driving_B_2020.02.13_15.02.01__fixed1__win378__seed43.csv: 30 samples (mean 149.60 Mbps)
  loot__driving_B_2020.02.13_15.02.01__fixed3__win378__seed43.csv: 30 samples (mean 52.32 Mbps)
  loot__driving_B_2020.02.13_15.02.01__fixed5__win378__seed43.csv: 30 samples (mean 3.90 Mbps)
  loot__driving_B_2020.02.13_15.02.01__cycle__win378__seed43.csv: 30 samples (mean 79.94 Mbps)
  loot__driving_B_2020.02.13_15.02.01__bandwidth__win378__seed43.csv: 30 samples (mean 3.90 Mbps)
  loot__driving_B_2020.02.13_15.02.01__fixed1__win378__seed44.csv: 30 samples (mean 145.90 Mbps)
  loot__driving_B_2020.02.13_15.02.01__fixed3__win378__seed44.csv: 30 samples (mean 52.26 Mbps)
  loot__driving_B_2020.02.13_15.02.01__fixed5__win378__seed44.csv: 30 samples (mean 3.93 Mbps)
  loot__driving_B_2020.02.13_15.02.01__cycle__win378__seed44.csv: 30 samples (mean 74.56 Mbps)
  loot__driving_B_2020.02.13_15.02.01__bandwidth__win378__seed44.csv: 30 samples (mean 12.02 Mbps)
  loot__driving_B_2020.02.13_15.02.01__fixed1__win764__seed42.csv: 30 samples (mean 18.88 Mbps)
  loot__driving_B_2020.02.13_15.02.01__fixed3__win764__seed42.csv: 30 samples (mean 13.23 Mbps)
  loot__driving_B_2020.02.13_15.02.01__fixed5__win764__seed42.csv: 30 samples (mean 3.96 Mbps)
  loot__driving_B_2020.02.13_15.02.01__cycle__win764__seed42.csv: 30 samples (mean 10.83 Mbps)
  loot__driving_B_2020.02.13_15.02.01__bandwidth__win764__seed42.csv: 30 samples (mean 10.79 Mbps)
  loot__driving_B_2020.02.13_15.02.01__fixed1__win764__seed43.csv: 30 samples (mean 18.95 Mbps)
  loot__driving_B_2020.02.13_15.02.01__fixed3__win764__seed43.csv: 30 samples (mean 13.21 Mbps)
  loot__driving_B_2020.02.13_15.02.01__fixed5__win764__seed43.csv: 30 samples (mean 3.92 Mbps)
  loot__driving_B_2020.02.13_15.02.01__cycle__win764__seed43.csv: 30 samples (mean 10.99 Mbps)
  loot__driving_B_2020.02.13_15.02.01__bandwidth__win764__seed43.csv: 30 samples (mean 10.41 Mbps)
  loot__driving_B_2020.02.13_15.02.01__fixed1__win764__seed44.csv: 30 samples (mean 18.82 Mbps)
  loot__driving_B_2020.02.13_15.02.01__fixed3__win764__seed44.csv: 30 samples (mean 12.85 Mbps)
  loot__driving_B_2020.02.13_15.02.01__fixed5__win764__seed44.csv: 30 samples (mean 4.00 Mbps)
  loot__driving_B_2020.02.13_15.02.01__cycle__win764__seed44.csv: 30 samples (mean 10.86 Mbps)
  loot__driving_B_2020.02.13_15.02.01__bandwidth__win764__seed44.csv: 30 samples (mean 10.50 Mbps)
  loot__driving_B_2020.02.13_15.02.01__fixed1__win1151__seed42.csv: 30 samples (mean 22.40 Mbps)
  loot__driving_B_2020.02.13_15.02.01__fixed3__win1151__seed42.csv: 30 samples (mean 14.44 Mbps)
  loot__driving_B_2020.02.13_15.02.01__fixed5__win1151__seed42.csv: 30 samples (mean 3.90 Mbps)
  loot__driving_B_2020.02.13_15.02.01__cycle__win1151__seed42.csv: 30 samples (mean 15.65 Mbps)
  loot__driving_B_2020.02.13_15.02.01__bandwidth__win1151__seed42.csv: 30 samples (mean 6.42 Mbps)
  loot__driving_B_2020.02.13_15.02.01__fixed1__win1151__seed43.csv: 30 samples (mean 22.34 Mbps)
  loot__driving_B_2020.02.13_15.02.01__fixed3__win1151__seed43.csv: 30 samples (mean 14.84 Mbps)
  loot__driving_B_2020.02.13_15.02.01__fixed5__win1151__seed43.csv: 30 samples (mean 3.92 Mbps)
  loot__driving_B_2020.02.13_15.02.01__cycle__win1151__seed43.csv: 30 samples (mean 15.70 Mbps)
  loot__driving_B_2020.02.13_15.02.01__bandwidth__win1151__seed43.csv: 30 samples (mean 6.43 Mbps)
  loot__driving_B_2020.02.13_15.02.01__fixed1__win1151__seed44.csv: 30 samples (mean 22.35 Mbps)
  loot__driving_B_2020.02.13_15.02.01__fixed3__win1151__seed44.csv: 30 samples (mean 14.02 Mbps)
  loot__driving_B_2020.02.13_15.02.01__fixed5__win1151__seed44.csv: 30 samples (mean 3.92 Mbps)
  loot__driving_B_2020.02.13_15.02.01__cycle__win1151__seed44.csv: 30 samples (mean 15.08 Mbps)
  loot__driving_B_2020.02.13_15.02.01__bandwidth__win1151__seed44.csv: 30 samples (mean 6.49 Mbps)
  loot__driving_B_2020.02.13_15.02.01__fixed1__win1568__seed42.csv: 30 samples (mean 6.63 Mbps)
  loot__driving_B_2020.02.13_15.02.01__fixed3__win1568__seed42.csv: 30 samples (mean 2.32 Mbps)
  loot__driving_B_2020.02.13_15.02.01__fixed5__win1568__seed42.csv: 30 samples (mean 3.28 Mbps)
  loot__driving_B_2020.02.13_15.02.01__cycle__win1568__seed42.csv: 30 samples (mean 2.93 Mbps)
  loot__driving_B_2020.02.13_15.02.01__bandwidth__win1568__seed42.csv: 30 samples (mean 3.28 Mbps)
  loot__driving_B_2020.02.13_15.02.01__fixed1__win1568__seed43.csv: 30 samples (mean 6.54 Mbps)
  loot__driving_B_2020.02.13_15.02.01__fixed3__win1568__seed43.csv: 30 samples (mean 2.32 Mbps)
  loot__driving_B_2020.02.13_15.02.01__fixed5__win1568__seed43.csv: 30 samples (mean 3.13 Mbps)
  loot__driving_B_2020.02.13_15.02.01__cycle__win1568__seed43.csv: 30 samples (mean 2.94 Mbps)
  loot__driving_B_2020.02.13_15.02.01__bandwidth__win1568__seed43.csv: 30 samples (mean 3.17 Mbps)
  loot__driving_B_2020.02.13_15.02.01__fixed1__win1568__seed44.csv: 30 samples (mean 6.48 Mbps)
  loot__driving_B_2020.02.13_15.02.01__fixed3__win1568__seed44.csv: 30 samples (mean 2.34 Mbps)
  loot__driving_B_2020.02.13_15.02.01__fixed5__win1568__seed44.csv: 30 samples (mean 3.14 Mbps)
  loot__driving_B_2020.02.13_15.02.01__cycle__win1568__seed44.csv: 30 samples (mean 3.05 Mbps)
  loot__driving_B_2020.02.13_15.02.01__bandwidth__win1568__seed44.csv: 30 samples (mean 3.17 Mbps)
  loot__driving_B_2020.02.13_15.02.01__fixed1__win1939__seed42.csv: 30 samples (mean 24.99 Mbps)
  loot__driving_B_2020.02.13_15.02.01__fixed3__win1939__seed42.csv: 30 samples (mean 20.44 Mbps)
  loot__driving_B_2020.02.13_15.02.01__fixed5__win1939__seed42.csv: 30 samples (mean 3.96 Mbps)
  loot__driving_B_2020.02.13_15.02.01__cycle__win1939__seed42.csv: 30 samples (mean 17.75 Mbps)
  loot__driving_B_2020.02.13_15.02.01__bandwidth__win1939__seed42.csv: 30 samples (mean 12.37 Mbps)
  loot__driving_B_2020.02.13_15.02.01__fixed1__win1939__seed43.csv: 30 samples (mean 24.74 Mbps)
  loot__driving_B_2020.02.13_15.02.01__fixed3__win1939__seed43.csv: 30 samples (mean 19.88 Mbps)
  loot__driving_B_2020.02.13_15.02.01__fixed5__win1939__seed43.csv: 30 samples (mean 3.92 Mbps)
  loot__driving_B_2020.02.13_15.02.01__cycle__win1939__seed43.csv: 30 samples (mean 18.29 Mbps)
  loot__driving_B_2020.02.13_15.02.01__bandwidth__win1939__seed43.csv: 30 samples (mean 12.47 Mbps)
  loot__driving_B_2020.02.13_15.02.01__fixed1__win1939__seed44.csv: 30 samples (mean 24.80 Mbps)
  loot__driving_B_2020.02.13_15.02.01__fixed3__win1939__seed44.csv: 30 samples (mean 19.42 Mbps)
  loot__driving_B_2020.02.13_15.02.01__fixed5__win1939__seed44.csv: 30 samples (mean 4.00 Mbps)
  loot__driving_B_2020.02.13_15.02.01__cycle__win1939__seed44.csv: 30 samples (mean 17.87 Mbps)
  loot__driving_B_2020.02.13_15.02.01__bandwidth__win1939__seed44.csv: 30 samples (mean 12.74 Mbps)
  loot__driving_B_2020.02.13_15.02.01__fixed1__win2330__seed42.csv: 30 samples (mean 5.83 Mbps)
  loot__driving_B_2020.02.13_15.02.01__fixed3__win2330__seed42.csv: 30 samples (mean 6.53 Mbps)
  loot__driving_B_2020.02.13_15.02.01__fixed5__win2330__seed42.csv: 30 samples (mean 3.82 Mbps)
  loot__driving_B_2020.02.13_15.02.01__cycle__win2330__seed42.csv: 30 samples (mean 3.74 Mbps)
  loot__driving_B_2020.02.13_15.02.01__bandwidth__win2330__seed42.csv: 30 samples (mean 6.28 Mbps)
  loot__driving_B_2020.02.13_15.02.01__fixed1__win2330__seed43.csv: 30 samples (mean 5.85 Mbps)
  loot__driving_B_2020.02.13_15.02.01__fixed3__win2330__seed43.csv: 30 samples (mean 6.55 Mbps)
  loot__driving_B_2020.02.13_15.02.01__fixed5__win2330__seed43.csv: 30 samples (mean 3.79 Mbps)
  loot__driving_B_2020.02.13_15.02.01__cycle__win2330__seed43.csv: 30 samples (mean 3.65 Mbps)
  loot__driving_B_2020.02.13_15.02.01__bandwidth__win2330__seed43.csv: 30 samples (mean 6.14 Mbps)
  loot__driving_B_2020.02.13_15.02.01__fixed1__win2330__seed44.csv: 30 samples (mean 5.86 Mbps)
  loot__driving_B_2020.02.13_15.02.01__fixed3__win2330__seed44.csv: 30 samples (mean 6.65 Mbps)
  loot__driving_B_2020.02.13_15.02.01__fixed5__win2330__seed44.csv: 30 samples (mean 3.85 Mbps)
  loot__driving_B_2020.02.13_15.02.01__cycle__win2330__seed44.csv: 30 samples (mean 3.64 Mbps)
  loot__driving_B_2020.02.13_15.02.01__bandwidth__win2330__seed44.csv: 30 samples (mean 6.19 Mbps)
  loot__driving_B_2020.02.13_15.02.01__fixed1__win2736__seed42.csv: 30 samples (mean 7.74 Mbps)
  loot__driving_B_2020.02.13_15.02.01__fixed3__win2736__seed42.csv: 30 samples (mean 5.98 Mbps)
  loot__driving_B_2020.02.13_15.02.01__fixed5__win2736__seed42.csv: 30 samples (mean 3.85 Mbps)
  loot__driving_B_2020.02.13_15.02.01__cycle__win2736__seed42.csv: 30 samples (mean 6.05 Mbps)
  loot__driving_B_2020.02.13_15.02.01__bandwidth__win2736__seed42.csv: 30 samples (mean 4.61 Mbps)
  loot__driving_B_2020.02.13_15.02.01__fixed1__win2736__seed43.csv: 30 samples (mean 7.76 Mbps)
  loot__driving_B_2020.02.13_15.02.01__fixed3__win2736__seed43.csv: 30 samples (mean 5.99 Mbps)
  loot__driving_B_2020.02.13_15.02.01__fixed5__win2736__seed43.csv: 30 samples (mean 3.92 Mbps)
  loot__driving_B_2020.02.13_15.02.01__cycle__win2736__seed43.csv: 30 samples (mean 6.06 Mbps)
  loot__driving_B_2020.02.13_15.02.01__bandwidth__win2736__seed43.csv: 30 samples (mean 4.76 Mbps)
  loot__driving_B_2020.02.13_15.02.01__fixed1__win2736__seed44.csv: 30 samples (mean 7.71 Mbps)
  loot__driving_B_2020.02.13_15.02.01__fixed3__win2736__seed44.csv: 30 samples (mean 5.95 Mbps)
  loot__driving_B_2020.02.13_15.02.01__fixed5__win2736__seed44.csv: 30 samples (mean 4.00 Mbps)
  loot__driving_B_2020.02.13_15.02.01__cycle__win2736__seed44.csv: 30 samples (mean 6.09 Mbps)
  loot__driving_B_2020.02.13_15.02.01__bandwidth__win2736__seed44.csv: 30 samples (mean 4.76 Mbps)
  loot__driving_B_2020.02.14_09.38.22__fixed1__win0__seed42.csv: 30 samples (mean 9.23 Mbps)
  loot__driving_B_2020.02.14_09.38.22__fixed3__win0__seed42.csv: 30 samples (mean 6.60 Mbps)
  loot__driving_B_2020.02.14_09.38.22__fixed5__win0__seed42.csv: 30 samples (mean 4.01 Mbps)
  loot__driving_B_2020.02.14_09.38.22__cycle__win0__seed42.csv: 30 samples (mean 6.04 Mbps)
  loot__driving_B_2020.02.14_09.38.22__bandwidth__win0__seed42.csv: 30 samples (mean 6.00 Mbps)
  loot__driving_B_2020.02.14_09.38.22__fixed1__win0__seed43.csv: 30 samples (mean 9.21 Mbps)
  loot__driving_B_2020.02.14_09.38.22__fixed3__win0__seed43.csv: 30 samples (mean 6.59 Mbps)
  loot__driving_B_2020.02.14_09.38.22__fixed5__win0__seed43.csv: 30 samples (mean 3.90 Mbps)
  loot__driving_B_2020.02.14_09.38.22__cycle__win0__seed43.csv: 30 samples (mean 5.79 Mbps)
  loot__driving_B_2020.02.14_09.38.22__bandwidth__win0__seed43.csv: 30 samples (mean 3.90 Mbps)
  loot__driving_B_2020.02.14_09.38.22__fixed1__win0__seed44.csv: 30 samples (mean 9.21 Mbps)
  loot__driving_B_2020.02.14_09.38.22__fixed3__win0__seed44.csv: 30 samples (mean 6.57 Mbps)
  loot__driving_B_2020.02.14_09.38.22__fixed5__win0__seed44.csv: 30 samples (mean 3.93 Mbps)
  loot__driving_B_2020.02.14_09.38.22__cycle__win0__seed44.csv: 30 samples (mean 6.01 Mbps)
  loot__driving_B_2020.02.14_09.38.22__bandwidth__win0__seed44.csv: 30 samples (mean 5.86 Mbps)
  loot__driving_B_2020.02.14_09.38.22__fixed1__win201__seed42.csv: 30 samples (mean 4.73 Mbps)
  loot__driving_B_2020.02.14_09.38.22__fixed3__win201__seed42.csv: 30 samples (mean 4.67 Mbps)
  loot__driving_B_2020.02.14_09.38.22__fixed5__win201__seed42.csv: 30 samples (mean 3.16 Mbps)
  loot__driving_B_2020.02.14_09.38.22__cycle__win201__seed42.csv: 30 samples (mean 4.99 Mbps)
  loot__driving_B_2020.02.14_09.38.22__bandwidth__win201__seed42.csv: 30 samples (mean 3.08 Mbps)
  loot__driving_B_2020.02.14_09.38.22__fixed1__win201__seed43.csv: 30 samples (mean 4.71 Mbps)
  loot__driving_B_2020.02.14_09.38.22__fixed3__win201__seed43.csv: 30 samples (mean 4.65 Mbps)
  loot__driving_B_2020.02.14_09.38.22__fixed5__win201__seed43.csv: 30 samples (mean 3.00 Mbps)
  loot__driving_B_2020.02.14_09.38.22__cycle__win201__seed43.csv: 30 samples (mean 4.94 Mbps)
  loot__driving_B_2020.02.14_09.38.22__bandwidth__win201__seed43.csv: 30 samples (mean 3.00 Mbps)
  loot__driving_B_2020.02.14_09.38.22__fixed1__win201__seed44.csv: 30 samples (mean 4.72 Mbps)
  loot__driving_B_2020.02.14_09.38.22__fixed3__win201__seed44.csv: 30 samples (mean 4.67 Mbps)
  loot__driving_B_2020.02.14_09.38.22__fixed5__win201__seed44.csv: 30 samples (mean 3.11 Mbps)
  loot__driving_B_2020.02.14_09.38.22__cycle__win201__seed44.csv: 30 samples (mean 5.08 Mbps)
  loot__driving_B_2020.02.14_09.38.22__bandwidth__win201__seed44.csv: 30 samples (mean 3.96 Mbps)
  loot__driving_B_2020.02.14_09.38.22__fixed1__win367__seed42.csv: 30 samples (mean 6.22 Mbps)
  loot__driving_B_2020.02.14_09.38.22__fixed3__win367__seed42.csv: 30 samples (mean 6.39 Mbps)
  loot__driving_B_2020.02.14_09.38.22__fixed5__win367__seed42.csv: 30 samples (mean 3.79 Mbps)
  loot__driving_B_2020.02.14_09.38.22__cycle__win367__seed42.csv: 30 samples (mean 5.85 Mbps)
  loot__driving_B_2020.02.14_09.38.22__bandwidth__win367__seed42.csv: 30 samples (mean 5.13 Mbps)
  loot__driving_B_2020.02.14_09.38.22__fixed1__win367__seed43.csv: 30 samples (mean 6.31 Mbps)
  loot__driving_B_2020.02.14_09.38.22__fixed3__win367__seed43.csv: 30 samples (mean 6.43 Mbps)
  loot__driving_B_2020.02.14_09.38.22__fixed5__win367__seed43.csv: 30 samples (mean 3.80 Mbps)
  loot__driving_B_2020.02.14_09.38.22__cycle__win367__seed43.csv: 30 samples (mean 5.89 Mbps)
  loot__driving_B_2020.02.14_09.38.22__bandwidth__win367__seed43.csv: 30 samples (mean 5.00 Mbps)
  loot__driving_B_2020.02.14_09.38.22__fixed1__win367__seed44.csv: 30 samples (mean 6.22 Mbps)
  loot__driving_B_2020.02.14_09.38.22__fixed3__win367__seed44.csv: 30 samples (mean 6.44 Mbps)
  loot__driving_B_2020.02.14_09.38.22__fixed5__win367__seed44.csv: 30 samples (mean 3.69 Mbps)
  loot__driving_B_2020.02.14_09.38.22__cycle__win367__seed44.csv: 30 samples (mean 5.90 Mbps)
  loot__driving_B_2020.02.14_09.38.22__bandwidth__win367__seed44.csv: 30 samples (mean 3.69 Mbps)
  loot__driving_B_2020.02.14_09.38.22__fixed1__win588__seed42.csv: 30 samples (mean 48.46 Mbps)
  loot__driving_B_2020.02.14_09.38.22__fixed3__win588__seed42.csv: 30 samples (mean 13.09 Mbps)
  loot__driving_B_2020.02.14_09.38.22__fixed5__win588__seed42.csv: 30 samples (mean 3.30 Mbps)
  loot__driving_B_2020.02.14_09.38.22__cycle__win588__seed42.csv: 30 samples (mean 16.94 Mbps)
  loot__driving_B_2020.02.14_09.38.22__bandwidth__win588__seed42.csv: 30 samples (mean 7.98 Mbps)
  loot__driving_B_2020.02.14_09.38.22__fixed1__win588__seed43.csv: 30 samples (mean 48.38 Mbps)
  loot__driving_B_2020.02.14_09.38.22__fixed3__win588__seed43.csv: 30 samples (mean 13.38 Mbps)
  loot__driving_B_2020.02.14_09.38.22__fixed5__win588__seed43.csv: 30 samples (mean 3.33 Mbps)
  loot__driving_B_2020.02.14_09.38.22__cycle__win588__seed43.csv: 30 samples (mean 17.11 Mbps)
  loot__driving_B_2020.02.14_09.38.22__bandwidth__win588__seed43.csv: 30 samples (mean 8.16 Mbps)
  loot__driving_B_2020.02.14_09.38.22__fixed1__win588__seed44.csv: 30 samples (mean 48.44 Mbps)
  loot__driving_B_2020.02.14_09.38.22__fixed3__win588__seed44.csv: 30 samples (mean 13.21 Mbps)
  loot__driving_B_2020.02.14_09.38.22__fixed5__win588__seed44.csv: 30 samples (mean 3.37 Mbps)
  loot__driving_B_2020.02.14_09.38.22__cycle__win588__seed44.csv: 30 samples (mean 17.01 Mbps)
  loot__driving_B_2020.02.14_09.38.22__bandwidth__win588__seed44.csv: 30 samples (mean 7.92 Mbps)
  loot__driving_B_2020.02.14_09.38.22__fixed1__win804__seed42.csv: 30 samples (mean 93.45 Mbps)
  loot__driving_B_2020.02.14_09.38.22__fixed3__win804__seed42.csv: 30 samples (mean 7.50 Mbps)
  loot__driving_B_2020.02.14_09.38.22__fixed5__win804__seed42.csv: 30 samples (mean 3.90 Mbps)
  loot__driving_B_2020.02.14_09.38.22__cycle__win804__seed42.csv: 30 samples (mean 23.25 Mbps)
  loot__driving_B_2020.02.14_09.38.22__bandwidth__win804__seed42.csv: 30 samples (mean 8.05 Mbps)
  loot__driving_B_2020.02.14_09.38.22__fixed1__win804__seed43.csv: 30 samples (mean 93.49 Mbps)
  loot__driving_B_2020.02.14_09.38.22__fixed3__win804__seed43.csv: 30 samples (mean 7.25 Mbps)
  loot__driving_B_2020.02.14_09.38.22__fixed5__win804__seed43.csv: 30 samples (mean 3.92 Mbps)
  loot__driving_B_2020.02.14_09.38.22__cycle__win804__seed43.csv: 30 samples (mean 23.40 Mbps)
  loot__driving_B_2020.02.14_09.38.22__bandwidth__win804__seed43.csv: 30 samples (mean 8.48 Mbps)
  loot__driving_B_2020.02.14_09.38.22__fixed1__win804__seed44.csv: 30 samples (mean 95.60 Mbps)
  loot__driving_B_2020.02.14_09.38.22__fixed3__win804__seed44.csv: 30 samples (mean 7.02 Mbps)
  loot__driving_B_2020.02.14_09.38.22__fixed5__win804__seed44.csv: 30 samples (mean 3.92 Mbps)
  loot__driving_B_2020.02.14_09.38.22__cycle__win804__seed44.csv: 30 samples (mean 25.42 Mbps)
  loot__driving_B_2020.02.14_09.38.22__bandwidth__win804__seed44.csv: 30 samples (mean 8.33 Mbps)
  loot__driving_B_2020.02.14_09.38.22__fixed1__win1030__seed42.csv: 30 samples (mean 16.16 Mbps)
  loot__driving_B_2020.02.14_09.38.22__fixed3__win1030__seed42.csv: 30 samples (mean 8.19 Mbps)
  loot__driving_B_2020.02.14_09.38.22__fixed5__win1030__seed42.csv: 30 samples (mean 3.34 Mbps)
  loot__driving_B_2020.02.14_09.38.22__cycle__win1030__seed42.csv: 30 samples (mean 13.07 Mbps)
  loot__driving_B_2020.02.14_09.38.22__bandwidth__win1030__seed42.csv: 30 samples (mean 3.49 Mbps)
  loot__driving_B_2020.02.14_09.38.22__fixed1__win1030__seed43.csv: 30 samples (mean 16.07 Mbps)
  loot__driving_B_2020.02.14_09.38.22__fixed3__win1030__seed43.csv: 30 samples (mean 7.92 Mbps)
  loot__driving_B_2020.02.14_09.38.22__fixed5__win1030__seed43.csv: 30 samples (mean 3.33 Mbps)
  loot__driving_B_2020.02.14_09.38.22__cycle__win1030__seed43.csv: 30 samples (mean 13.22 Mbps)
  loot__driving_B_2020.02.14_09.38.22__bandwidth__win1030__seed43.csv: 30 samples (mean 3.54 Mbps)
  loot__driving_B_2020.02.14_09.38.22__fixed1__win1030__seed44.csv: 30 samples (mean 16.26 Mbps)
  loot__driving_B_2020.02.14_09.38.22__fixed3__win1030__seed44.csv: 30 samples (mean 8.45 Mbps)
  loot__driving_B_2020.02.14_09.38.22__fixed5__win1030__seed44.csv: 30 samples (mean 3.35 Mbps)
  loot__driving_B_2020.02.14_09.38.22__cycle__win1030__seed44.csv: 30 samples (mean 12.56 Mbps)
  loot__driving_B_2020.02.14_09.38.22__bandwidth__win1030__seed44.csv: 30 samples (mean 3.73 Mbps)
  loot__driving_B_2020.02.14_09.38.22__fixed1__win1209__seed42.csv: 30 samples (mean 14.93 Mbps)
  loot__driving_B_2020.02.14_09.38.22__fixed3__win1209__seed42.csv: 30 samples (mean 7.27 Mbps)
  loot__driving_B_2020.02.14_09.38.22__fixed5__win1209__seed42.csv: 30 samples (mean 3.53 Mbps)
  loot__driving_B_2020.02.14_09.38.22__cycle__win1209__seed42.csv: 30 samples (mean 6.32 Mbps)
  loot__driving_B_2020.02.14_09.38.22__bandwidth__win1209__seed42.csv: 30 samples (mean 6.05 Mbps)
  loot__driving_B_2020.02.14_09.38.22__fixed1__win1209__seed43.csv: 30 samples (mean 12.44 Mbps)
  loot__driving_B_2020.02.14_09.38.22__fixed3__win1209__seed43.csv: 30 samples (mean 7.20 Mbps)
  loot__driving_B_2020.02.14_09.38.22__fixed5__win1209__seed43.csv: 30 samples (mean 3.53 Mbps)
  loot__driving_B_2020.02.14_09.38.22__cycle__win1209__seed43.csv: 30 samples (mean 6.36 Mbps)
  loot__driving_B_2020.02.14_09.38.22__bandwidth__win1209__seed43.csv: 30 samples (mean 5.64 Mbps)
  loot__driving_B_2020.02.14_09.38.22__fixed1__win1209__seed44.csv: 30 samples (mean 13.99 Mbps)
  loot__driving_B_2020.02.14_09.38.22__fixed3__win1209__seed44.csv: 30 samples (mean 7.01 Mbps)
  loot__driving_B_2020.02.14_09.38.22__fixed5__win1209__seed44.csv: 30 samples (mean 3.55 Mbps)
  loot__driving_B_2020.02.14_09.38.22__cycle__win1209__seed44.csv: 30 samples (mean 6.46 Mbps)
  loot__driving_B_2020.02.14_09.38.22__bandwidth__win1209__seed44.csv: 30 samples (mean 6.44 Mbps)
  loot__driving_B_2020.02.14_09.38.22__fixed1__win1451__seed42.csv: 30 samples (mean 14.93 Mbps)
  loot__driving_B_2020.02.14_09.38.22__fixed3__win1451__seed42.csv: 30 samples (mean 13.75 Mbps)
  loot__driving_B_2020.02.14_09.38.22__fixed5__win1451__seed42.csv: 30 samples (mean 3.84 Mbps)
  loot__driving_B_2020.02.14_09.38.22__cycle__win1451__seed42.csv: 30 samples (mean 12.35 Mbps)
  loot__driving_B_2020.02.14_09.38.22__bandwidth__win1451__seed42.csv: 30 samples (mean 6.64 Mbps)
  loot__driving_B_2020.02.14_09.38.22__fixed1__win1451__seed43.csv: 30 samples (mean 15.11 Mbps)
  loot__driving_B_2020.02.14_09.38.22__fixed3__win1451__seed43.csv: 30 samples (mean 13.94 Mbps)
  loot__driving_B_2020.02.14_09.38.22__fixed5__win1451__seed43.csv: 30 samples (mean 3.82 Mbps)
  loot__driving_B_2020.02.14_09.38.22__cycle__win1451__seed43.csv: 30 samples (mean 12.28 Mbps)
  loot__driving_B_2020.02.14_09.38.22__bandwidth__win1451__seed43.csv: 30 samples (mean 7.07 Mbps)
  loot__driving_B_2020.02.14_09.38.22__fixed1__win1451__seed44.csv: 30 samples (mean 14.96 Mbps)
  loot__driving_B_2020.02.14_09.38.22__fixed3__win1451__seed44.csv: 30 samples (mean 14.12 Mbps)
  loot__driving_B_2020.02.14_09.38.22__fixed5__win1451__seed44.csv: 30 samples (mean 3.85 Mbps)
  loot__driving_B_2020.02.14_09.38.22__cycle__win1451__seed44.csv: 30 samples (mean 12.42 Mbps)
  loot__driving_B_2020.02.14_09.38.22__bandwidth__win1451__seed44.csv: 30 samples (mean 7.21 Mbps)
  loot__driving_B_2020.02.14_12.58.17__fixed1__win0__seed42.csv: 30 samples (mean 14.61 Mbps)
  loot__driving_B_2020.02.14_12.58.17__fixed3__win0__seed42.csv: 30 samples (mean 10.16 Mbps)
  loot__driving_B_2020.02.14_12.58.17__fixed5__win0__seed42.csv: 30 samples (mean 3.94 Mbps)
  loot__driving_B_2020.02.14_12.58.17__cycle__win0__seed42.csv: 30 samples (mean 9.46 Mbps)
  loot__driving_B_2020.02.14_12.58.17__bandwidth__win0__seed42.csv: 30 samples (mean 5.49 Mbps)
  loot__driving_B_2020.02.14_12.58.17__fixed1__win0__seed43.csv: 30 samples (mean 14.38 Mbps)
  loot__driving_B_2020.02.14_12.58.17__fixed3__win0__seed43.csv: 30 samples (mean 10.35 Mbps)
  loot__driving_B_2020.02.14_12.58.17__fixed5__win0__seed43.csv: 30 samples (mean 3.99 Mbps)
  loot__driving_B_2020.02.14_12.58.17__cycle__win0__seed43.csv: 30 samples (mean 9.42 Mbps)
  loot__driving_B_2020.02.14_12.58.17__bandwidth__win0__seed43.csv: 30 samples (mean 7.60 Mbps)
  loot__driving_B_2020.02.14_12.58.17__fixed1__win0__seed44.csv: 30 samples (mean 14.42 Mbps)
  loot__driving_B_2020.02.14_12.58.17__fixed3__win0__seed44.csv: 30 samples (mean 10.38 Mbps)
  loot__driving_B_2020.02.14_12.58.17__fixed5__win0__seed44.csv: 30 samples (mean 3.95 Mbps)
  loot__driving_B_2020.02.14_12.58.17__cycle__win0__seed44.csv: 30 samples (mean 9.12 Mbps)
  loot__driving_B_2020.02.14_12.58.17__bandwidth__win0__seed44.csv: 30 samples (mean 7.01 Mbps)
  loot__driving_B_2020.02.14_12.58.17__fixed1__win482__seed42.csv: 30 samples (mean 6.98 Mbps)
  loot__driving_B_2020.02.14_12.58.17__fixed3__win482__seed42.csv: 30 samples (mean 3.77 Mbps)
  loot__driving_B_2020.02.14_12.58.17__fixed5__win482__seed42.csv: 30 samples (mean 1.27 Mbps)
  loot__driving_B_2020.02.14_12.58.17__cycle__win482__seed42.csv: 30 samples (mean 5.60 Mbps)
  loot__driving_B_2020.02.14_12.58.17__bandwidth__win482__seed42.csv: 30 samples (mean 1.27 Mbps)
  loot__driving_B_2020.02.14_12.58.17__fixed1__win482__seed43.csv: 30 samples (mean 6.99 Mbps)
  loot__driving_B_2020.02.14_12.58.17__fixed3__win482__seed43.csv: 30 samples (mean 3.69 Mbps)
  loot__driving_B_2020.02.14_12.58.17__fixed5__win482__seed43.csv: 30 samples (mean 1.29 Mbps)
  loot__driving_B_2020.02.14_12.58.17__cycle__win482__seed43.csv: 30 samples (mean 5.67 Mbps)
  loot__driving_B_2020.02.14_12.58.17__bandwidth__win482__seed43.csv: 30 samples (mean 1.29 Mbps)
  loot__driving_B_2020.02.14_12.58.17__fixed1__win482__seed44.csv: 30 samples (mean 7.01 Mbps)
  loot__driving_B_2020.02.14_12.58.17__fixed3__win482__seed44.csv: 30 samples (mean 3.69 Mbps)
  loot__driving_B_2020.02.14_12.58.17__fixed5__win482__seed44.csv: 30 samples (mean 1.29 Mbps)
  loot__driving_B_2020.02.14_12.58.17__cycle__win482__seed44.csv: 30 samples (mean 5.62 Mbps)
  loot__driving_B_2020.02.14_12.58.17__bandwidth__win482__seed44.csv: 30 samples (mean 1.29 Mbps)
  loot__driving_B_2020.02.14_12.58.17__fixed1__win542__seed42.csv: 30 samples (mean 8.41 Mbps)
  loot__driving_B_2020.02.14_12.58.17__fixed3__win542__seed42.csv: 30 samples (mean 7.19 Mbps)
  loot__driving_B_2020.02.14_12.58.17__fixed5__win542__seed42.csv: 30 samples (mean 3.59 Mbps)
  loot__driving_B_2020.02.14_12.58.17__cycle__win542__seed42.csv: 30 samples (mean 7.04 Mbps)
  loot__driving_B_2020.02.14_12.58.17__bandwidth__win542__seed42.csv: 30 samples (mean 4.18 Mbps)
  loot__driving_B_2020.02.14_12.58.17__fixed1__win542__seed43.csv: 30 samples (mean 8.38 Mbps)
  loot__driving_B_2020.02.14_12.58.17__fixed3__win542__seed43.csv: 30 samples (mean 7.17 Mbps)
  loot__driving_B_2020.02.14_12.58.17__fixed5__win542__seed43.csv: 30 samples (mean 3.65 Mbps)
  loot__driving_B_2020.02.14_12.58.17__cycle__win542__seed43.csv: 30 samples (mean 7.01 Mbps)
  loot__driving_B_2020.02.14_12.58.17__bandwidth__win542__seed43.csv: 30 samples (mean 3.66 Mbps)
  loot__driving_B_2020.02.14_12.58.17__fixed1__win542__seed44.csv: 30 samples (mean 8.40 Mbps)
  loot__driving_B_2020.02.14_12.58.17__fixed3__win542__seed44.csv: 30 samples (mean 7.23 Mbps)
  loot__driving_B_2020.02.14_12.58.17__fixed5__win542__seed44.csv: 30 samples (mean 3.62 Mbps)
  loot__driving_B_2020.02.14_12.58.17__cycle__win542__seed44.csv: 30 samples (mean 6.95 Mbps)
  loot__driving_B_2020.02.14_12.58.17__bandwidth__win542__seed44.csv: 30 samples (mean 4.03 Mbps)
  loot__driving_B_2020.02.14_12.58.17__fixed1__win605__seed42.csv: 30 samples (mean 13.29 Mbps)
  loot__driving_B_2020.02.14_12.58.17__fixed3__win605__seed42.csv: 30 samples (mean 14.11 Mbps)
  loot__driving_B_2020.02.14_12.58.17__fixed5__win605__seed42.csv: 30 samples (mean 3.96 Mbps)
  loot__driving_B_2020.02.14_12.58.17__cycle__win605__seed42.csv: 30 samples (mean 13.44 Mbps)
  loot__driving_B_2020.02.14_12.58.17__bandwidth__win605__seed42.csv: 30 samples (mean 9.68 Mbps)
  loot__driving_B_2020.02.14_12.58.17__fixed1__win605__seed43.csv: 30 samples (mean 13.51 Mbps)
  loot__driving_B_2020.02.14_12.58.17__fixed3__win605__seed43.csv: 30 samples (mean 14.17 Mbps)
  loot__driving_B_2020.02.14_12.58.17__fixed5__win605__seed43.csv: 30 samples (mean 3.92 Mbps)
  loot__driving_B_2020.02.14_12.58.17__cycle__win605__seed43.csv: 30 samples (mean 13.66 Mbps)
  loot__driving_B_2020.02.14_12.58.17__bandwidth__win605__seed43.csv: 30 samples (mean 9.36 Mbps)
  loot__driving_B_2020.02.14_12.58.17__fixed1__win605__seed44.csv: 30 samples (mean 13.02 Mbps)
  loot__driving_B_2020.02.14_12.58.17__fixed3__win605__seed44.csv: 30 samples (mean 13.56 Mbps)
  loot__driving_B_2020.02.14_12.58.17__fixed5__win605__seed44.csv: 30 samples (mean 4.00 Mbps)
  loot__driving_B_2020.02.14_12.58.17__cycle__win605__seed44.csv: 30 samples (mean 13.45 Mbps)
  loot__driving_B_2020.02.14_12.58.17__bandwidth__win605__seed44.csv: 30 samples (mean 9.47 Mbps)
  loot__driving_B_2020.02.14_12.58.17__fixed1__win659__seed42.csv: 30 samples (mean 9.42 Mbps)
  loot__driving_B_2020.02.14_12.58.17__fixed3__win659__seed42.csv: 30 samples (mean 11.19 Mbps)
  loot__driving_B_2020.02.14_12.58.17__fixed5__win659__seed42.csv: 30 samples (mean 3.96 Mbps)
  loot__driving_B_2020.02.14_12.58.17__cycle__win659__seed42.csv: 30 samples (mean 10.25 Mbps)
  loot__driving_B_2020.02.14_12.58.17__bandwidth__win659__seed42.csv: 30 samples (mean 8.83 Mbps)
  loot__driving_B_2020.02.14_12.58.17__fixed1__win659__seed43.csv: 30 samples (mean 9.40 Mbps)
  loot__driving_B_2020.02.14_12.58.17__fixed3__win659__seed43.csv: 30 samples (mean 11.14 Mbps)
  loot__driving_B_2020.02.14_12.58.17__fixed5__win659__seed43.csv: 30 samples (mean 3.92 Mbps)
  loot__driving_B_2020.02.14_12.58.17__cycle__win659__seed43.csv: 30 samples (mean 10.15 Mbps)
  loot__driving_B_2020.02.14_12.58.17__bandwidth__win659__seed43.csv: 30 samples (mean 9.19 Mbps)
  loot__driving_B_2020.02.14_12.58.17__fixed1__win659__seed44.csv: 30 samples (mean 9.41 Mbps)
  loot__driving_B_2020.02.14_12.58.17__fixed3__win659__seed44.csv: 30 samples (mean 11.43 Mbps)
  loot__driving_B_2020.02.14_12.58.17__fixed5__win659__seed44.csv: 30 samples (mean 4.00 Mbps)
  loot__driving_B_2020.02.14_12.58.17__cycle__win659__seed44.csv: 30 samples (mean 10.22 Mbps)
  loot__driving_B_2020.02.14_12.58.17__bandwidth__win659__seed44.csv: 30 samples (mean 8.78 Mbps)
  loot__driving_B_2020.02.27_17.30.15__fixed1__win269__seed42.csv: 30 samples (mean 4.76 Mbps)
  loot__driving_B_2020.02.27_17.30.15__fixed3__win269__seed42.csv: 30 samples (mean 2.68 Mbps)
  loot__driving_B_2020.02.27_17.30.15__fixed5__win269__seed42.csv: 30 samples (mean 0.76 Mbps)
  loot__driving_B_2020.02.27_17.30.15__cycle__win269__seed42.csv: 30 samples (mean 3.86 Mbps)
  loot__driving_B_2020.02.27_17.30.15__bandwidth__win269__seed42.csv: 30 samples (mean 0.76 Mbps)
  loot__driving_B_2020.02.27_17.30.15__fixed1__win269__seed43.csv: 30 samples (mean 4.73 Mbps)
  loot__driving_B_2020.02.27_17.30.15__fixed3__win269__seed43.csv: 30 samples (mean 2.68 Mbps)
  loot__driving_B_2020.02.27_17.30.15__fixed5__win269__seed43.csv: 30 samples (mean 0.74 Mbps)
  loot__driving_B_2020.02.27_17.30.15__cycle__win269__seed43.csv: 30 samples (mean 3.90 Mbps)
  loot__driving_B_2020.02.27_17.30.15__bandwidth__win269__seed43.csv: 30 samples (mean 0.74 Mbps)
  loot__driving_B_2020.02.27_17.30.15__fixed1__win269__seed44.csv: 30 samples (mean 4.74 Mbps)
  loot__driving_B_2020.02.27_17.30.15__fixed3__win269__seed44.csv: 30 samples (mean 2.68 Mbps)
  loot__driving_B_2020.02.27_17.30.15__fixed5__win269__seed44.csv: 30 samples (mean 0.76 Mbps)
  loot__driving_B_2020.02.27_17.30.15__cycle__win269__seed44.csv: 30 samples (mean 3.89 Mbps)
  loot__driving_B_2020.02.27_17.30.15__bandwidth__win269__seed44.csv: 30 samples (mean 0.76 Mbps)
  loot__driving_B_2020.02.27_17.30.15__fixed1__win333__seed42.csv: 30 samples (mean 5.10 Mbps)
  loot__driving_B_2020.02.27_17.30.15__fixed3__win333__seed42.csv: 30 samples (mean 4.52 Mbps)
  loot__driving_B_2020.02.27_17.30.15__fixed5__win333__seed42.csv: 30 samples (mean 2.11 Mbps)
  loot__driving_B_2020.02.27_17.30.15__cycle__win333__seed42.csv: 30 samples (mean 5.17 Mbps)
  loot__driving_B_2020.02.27_17.30.15__bandwidth__win333__seed42.csv: 30 samples (mean 2.11 Mbps)
  loot__driving_B_2020.02.27_17.30.15__fixed1__win333__seed43.csv: 30 samples (mean 5.12 Mbps)
  loot__driving_B_2020.02.27_17.30.15__fixed3__win333__seed43.csv: 30 samples (mean 4.49 Mbps)
  loot__driving_B_2020.02.27_17.30.15__fixed5__win333__seed43.csv: 30 samples (mean 1.91 Mbps)
  loot__driving_B_2020.02.27_17.30.15__cycle__win333__seed43.csv: 30 samples (mean 4.88 Mbps)
  loot__driving_B_2020.02.27_17.30.15__bandwidth__win333__seed43.csv: 30 samples (mean 1.91 Mbps)
  loot__driving_B_2020.02.27_17.30.15__fixed1__win333__seed44.csv: 30 samples (mean 5.13 Mbps)
  loot__driving_B_2020.02.27_17.30.15__fixed3__win333__seed44.csv: 30 samples (mean 4.56 Mbps)
  loot__driving_B_2020.02.27_17.30.15__fixed5__win333__seed44.csv: 30 samples (mean 2.03 Mbps)
  loot__driving_B_2020.02.27_17.30.15__cycle__win333__seed44.csv: 30 samples (mean 5.11 Mbps)
  loot__driving_B_2020.02.27_17.30.15__bandwidth__win333__seed44.csv: 30 samples (mean 2.03 Mbps)
  loot__driving_B_2020.02.27_17.30.15__fixed1__win390__seed42.csv: 30 samples (mean 3.88 Mbps)
  loot__driving_B_2020.02.27_17.30.15__fixed3__win390__seed42.csv: 30 samples (mean 5.25 Mbps)
  loot__driving_B_2020.02.27_17.30.15__fixed5__win390__seed42.csv: 30 samples (mean 3.96 Mbps)
  loot__driving_B_2020.02.27_17.30.15__cycle__win390__seed42.csv: 30 samples (mean 4.05 Mbps)
  loot__driving_B_2020.02.27_17.30.15__bandwidth__win390__seed42.csv: 30 samples (mean 4.96 Mbps)
  loot__driving_B_2020.02.27_17.30.15__fixed1__win390__seed43.csv: 30 samples (mean 3.91 Mbps)
  loot__driving_B_2020.02.27_17.30.15__fixed3__win390__seed43.csv: 30 samples (mean 5.19 Mbps)
  loot__driving_B_2020.02.27_17.30.15__fixed5__win390__seed43.csv: 30 samples (mean 3.92 Mbps)
  loot__driving_B_2020.02.27_17.30.15__cycle__win390__seed43.csv: 30 samples (mean 4.06 Mbps)
  loot__driving_B_2020.02.27_17.30.15__bandwidth__win390__seed43.csv: 30 samples (mean 4.98 Mbps)
  loot__driving_B_2020.02.27_17.30.15__fixed1__win390__seed44.csv: 30 samples (mean 3.88 Mbps)
  loot__driving_B_2020.02.27_17.30.15__fixed3__win390__seed44.csv: 30 samples (mean 5.23 Mbps)
  loot__driving_B_2020.02.27_17.30.15__fixed5__win390__seed44.csv: 30 samples (mean 4.00 Mbps)
  loot__driving_B_2020.02.27_17.30.15__cycle__win390__seed44.csv: 30 samples (mean 4.05 Mbps)
  loot__driving_B_2020.02.27_17.30.15__bandwidth__win390__seed44.csv: 30 samples (mean 4.78 Mbps)
  loot__driving_B_2020.02.27_17.30.15__fixed1__win445__seed42.csv: 30 samples (mean 4.32 Mbps)
  loot__driving_B_2020.02.27_17.30.15__fixed3__win445__seed42.csv: 30 samples (mean 2.53 Mbps)
  loot__driving_B_2020.02.27_17.30.15__fixed5__win445__seed42.csv: 30 samples (mean 3.02 Mbps)
  loot__driving_B_2020.02.27_17.30.15__cycle__win445__seed42.csv: 30 samples (mean 3.29 Mbps)
  loot__driving_B_2020.02.27_17.30.15__bandwidth__win445__seed42.csv: 30 samples (mean 3.18 Mbps)
  loot__driving_B_2020.02.27_17.30.15__fixed1__win445__seed43.csv: 30 samples (mean 4.34 Mbps)
  loot__driving_B_2020.02.27_17.30.15__fixed3__win445__seed43.csv: 30 samples (mean 2.51 Mbps)
  loot__driving_B_2020.02.27_17.30.15__fixed5__win445__seed43.csv: 30 samples (mean 3.07 Mbps)
  loot__driving_B_2020.02.27_17.30.15__cycle__win445__seed43.csv: 30 samples (mean 3.34 Mbps)
  loot__driving_B_2020.02.27_17.30.15__bandwidth__win445__seed43.csv: 30 samples (mean 3.29 Mbps)
  loot__driving_B_2020.02.27_17.30.15__fixed1__win445__seed44.csv: 30 samples (mean 4.33 Mbps)
  loot__driving_B_2020.02.27_17.30.15__fixed3__win445__seed44.csv: 30 samples (mean 2.51 Mbps)
  loot__driving_B_2020.02.27_17.30.15__fixed5__win445__seed44.csv: 30 samples (mean 3.17 Mbps)
  loot__driving_B_2020.02.27_17.30.15__cycle__win445__seed44.csv: 30 samples (mean 3.24 Mbps)
  loot__driving_B_2020.02.27_17.30.15__bandwidth__win445__seed44.csv: 30 samples (mean 3.16 Mbps)
  loot__driving_B_2020.02.27_17.30.15__fixed1__win502__seed42.csv: 30 samples (mean 4.86 Mbps)
  loot__driving_B_2020.02.27_17.30.15__fixed3__win502__seed42.csv: 30 samples (mean 3.95 Mbps)
  loot__driving_B_2020.02.27_17.30.15__fixed5__win502__seed42.csv: 30 samples (mean 1.52 Mbps)
  loot__driving_B_2020.02.27_17.30.15__cycle__win502__seed42.csv: 30 samples (mean 3.93 Mbps)
  loot__driving_B_2020.02.27_17.30.15__bandwidth__win502__seed42.csv: 30 samples (mean 1.52 Mbps)
  loot__driving_B_2020.02.27_17.30.15__fixed1__win502__seed43.csv: 30 samples (mean 4.85 Mbps)
  loot__driving_B_2020.02.27_17.30.15__fixed3__win502__seed43.csv: 30 samples (mean 3.94 Mbps)
  loot__driving_B_2020.02.27_17.30.15__fixed5__win502__seed43.csv: 30 samples (mean 1.46 Mbps)
  loot__driving_B_2020.02.27_17.30.15__cycle__win502__seed43.csv: 30 samples (mean 3.89 Mbps)
  loot__driving_B_2020.02.27_17.30.15__bandwidth__win502__seed43.csv: 30 samples (mean 1.46 Mbps)
  loot__driving_B_2020.02.27_17.30.15__fixed1__win502__seed44.csv: 30 samples (mean 4.87 Mbps)
  loot__driving_B_2020.02.27_17.30.15__fixed3__win502__seed44.csv: 30 samples (mean 3.94 Mbps)
  loot__driving_B_2020.02.27_17.30.15__fixed5__win502__seed44.csv: 30 samples (mean 1.51 Mbps)
  loot__driving_B_2020.02.27_17.30.15__cycle__win502__seed44.csv: 30 samples (mean 3.81 Mbps)
  loot__driving_B_2020.02.27_17.30.15__bandwidth__win502__seed44.csv: 30 samples (mean 1.51 Mbps)
  loot__static_B_2019.12.16_13.40.04__fixed1__win0__seed42.csv: 30 samples (mean 83.69 Mbps)
  loot__static_B_2019.12.16_13.40.04__fixed3__win0__seed42.csv: 30 samples (mean 28.78 Mbps)
  loot__static_B_2019.12.16_13.40.04__fixed5__win0__seed42.csv: 30 samples (mean 3.34 Mbps)
  loot__static_B_2019.12.16_13.40.04__cycle__win0__seed42.csv: 30 samples (mean 54.27 Mbps)
  loot__static_B_2019.12.16_13.40.04__bandwidth__win0__seed42.csv: 30 samples (mean 3.34 Mbps)
  loot__static_B_2019.12.16_13.40.04__fixed1__win0__seed43.csv: 30 samples (mean 87.88 Mbps)
  loot__static_B_2019.12.16_13.40.04__fixed3__win0__seed43.csv: 30 samples (mean 27.97 Mbps)
  loot__static_B_2019.12.16_13.40.04__fixed5__win0__seed43.csv: 30 samples (mean 3.38 Mbps)
  loot__static_B_2019.12.16_13.40.04__cycle__win0__seed43.csv: 30 samples (mean 58.03 Mbps)
  loot__static_B_2019.12.16_13.40.04__bandwidth__win0__seed43.csv: 30 samples (mean 3.38 Mbps)
  loot__static_B_2019.12.16_13.40.04__fixed1__win0__seed44.csv: 30 samples (mean 88.38 Mbps)
  loot__static_B_2019.12.16_13.40.04__fixed3__win0__seed44.csv: 30 samples (mean 29.71 Mbps)
  loot__static_B_2019.12.16_13.40.04__fixed5__win0__seed44.csv: 30 samples (mean 3.38 Mbps)
  loot__static_B_2019.12.16_13.40.04__cycle__win0__seed44.csv: 30 samples (mean 54.48 Mbps)
  loot__static_B_2019.12.16_13.40.04__bandwidth__win0__seed44.csv: 30 samples (mean 9.55 Mbps)
  loot__static_B_2019.12.16_13.40.04__fixed1__win214__seed42.csv: 30 samples (mean 26.27 Mbps)
  loot__static_B_2019.12.16_13.40.04__fixed3__win214__seed42.csv: 30 samples (mean 23.80 Mbps)
  loot__static_B_2019.12.16_13.40.04__fixed5__win214__seed42.csv: 30 samples (mean 4.01 Mbps)
  loot__static_B_2019.12.16_13.40.04__cycle__win214__seed42.csv: 30 samples (mean 19.74 Mbps)
  loot__static_B_2019.12.16_13.40.04__bandwidth__win214__seed42.csv: 30 samples (mean 11.75 Mbps)
  loot__static_B_2019.12.16_13.40.04__fixed1__win214__seed43.csv: 30 samples (mean 26.11 Mbps)
  loot__static_B_2019.12.16_13.40.04__fixed3__win214__seed43.csv: 30 samples (mean 23.78 Mbps)
  loot__static_B_2019.12.16_13.40.04__fixed5__win214__seed43.csv: 30 samples (mean 3.90 Mbps)
  loot__static_B_2019.12.16_13.40.04__cycle__win214__seed43.csv: 30 samples (mean 18.89 Mbps)
  loot__static_B_2019.12.16_13.40.04__bandwidth__win214__seed43.csv: 30 samples (mean 3.90 Mbps)
  loot__static_B_2019.12.16_13.40.04__fixed1__win214__seed44.csv: 30 samples (mean 26.32 Mbps)
  loot__static_B_2019.12.16_13.40.04__fixed3__win214__seed44.csv: 30 samples (mean 23.78 Mbps)
  loot__static_B_2019.12.16_13.40.04__fixed5__win214__seed44.csv: 30 samples (mean 3.93 Mbps)
  loot__static_B_2019.12.16_13.40.04__cycle__win214__seed44.csv: 30 samples (mean 19.42 Mbps)
  loot__static_B_2019.12.16_13.40.04__bandwidth__win214__seed44.csv: 30 samples (mean 11.54 Mbps)
  loot__static_B_2019.12.16_13.40.04__fixed1__win586__seed42.csv: 30 samples (mean 33.98 Mbps)
  loot__static_B_2019.12.16_13.40.04__fixed3__win586__seed42.csv: 30 samples (mean 27.91 Mbps)
  loot__static_B_2019.12.16_13.40.04__fixed5__win586__seed42.csv: 30 samples (mean 3.96 Mbps)
  loot__static_B_2019.12.16_13.40.04__cycle__win586__seed42.csv: 30 samples (mean 23.79 Mbps)
  loot__static_B_2019.12.16_13.40.04__bandwidth__win586__seed42.csv: 30 samples (mean 12.37 Mbps)
  loot__static_B_2019.12.16_13.40.04__fixed1__win586__seed43.csv: 30 samples (mean 32.84 Mbps)
  loot__static_B_2019.12.16_13.40.04__fixed3__win586__seed43.csv: 30 samples (mean 28.42 Mbps)
  loot__static_B_2019.12.16_13.40.04__fixed5__win586__seed43.csv: 30 samples (mean 3.92 Mbps)
  loot__static_B_2019.12.16_13.40.04__cycle__win586__seed43.csv: 30 samples (mean 24.82 Mbps)
  loot__static_B_2019.12.16_13.40.04__bandwidth__win586__seed43.csv: 30 samples (mean 12.47 Mbps)
  loot__static_B_2019.12.16_13.40.04__fixed1__win586__seed44.csv: 30 samples (mean 34.10 Mbps)
  loot__static_B_2019.12.16_13.40.04__fixed3__win586__seed44.csv: 30 samples (mean 28.20 Mbps)
  loot__static_B_2019.12.16_13.40.04__fixed5__win586__seed44.csv: 30 samples (mean 4.00 Mbps)
  loot__static_B_2019.12.16_13.40.04__cycle__win586__seed44.csv: 30 samples (mean 24.15 Mbps)
  loot__static_B_2019.12.16_13.40.04__bandwidth__win586__seed44.csv: 30 samples (mean 13.84 Mbps)
  loot__static_B_2019.12.16_13.40.04__fixed1__win804__seed42.csv: 30 samples (mean 51.23 Mbps)
  loot__static_B_2019.12.16_13.40.04__fixed3__win804__seed42.csv: 30 samples (mean 35.47 Mbps)
  loot__static_B_2019.12.16_13.40.04__fixed5__win804__seed42.csv: 30 samples (mean 3.82 Mbps)
  loot__static_B_2019.12.16_13.40.04__cycle__win804__seed42.csv: 30 samples (mean 31.80 Mbps)
  loot__static_B_2019.12.16_13.40.04__bandwidth__win804__seed42.csv: 30 samples (mean 10.28 Mbps)
  loot__static_B_2019.12.16_13.40.04__fixed1__win804__seed43.csv: 30 samples (mean 50.43 Mbps)
  loot__static_B_2019.12.16_13.40.04__fixed3__win804__seed43.csv: 30 samples (mean 34.98 Mbps)
  loot__static_B_2019.12.16_13.40.04__fixed5__win804__seed43.csv: 30 samples (mean 3.82 Mbps)
  loot__static_B_2019.12.16_13.40.04__cycle__win804__seed43.csv: 30 samples (mean 32.47 Mbps)
  loot__static_B_2019.12.16_13.40.04__bandwidth__win804__seed43.csv: 30 samples (mean 10.36 Mbps)
  loot__static_B_2019.12.16_13.40.04__fixed1__win804__seed44.csv: 30 samples (mean 51.81 Mbps)
  loot__static_B_2019.12.16_13.40.04__fixed3__win804__seed44.csv: 30 samples (mean 35.95 Mbps)
  loot__static_B_2019.12.16_13.40.04__fixed5__win804__seed44.csv: 30 samples (mean 3.83 Mbps)
  loot__static_B_2019.12.16_13.40.04__cycle__win804__seed44.csv: 30 samples (mean 32.75 Mbps)
  loot__static_B_2019.12.16_13.40.04__bandwidth__win804__seed44.csv: 30 samples (mean 10.20 Mbps)
  loot__static_B_2019.12.16_13.40.04__fixed1__win1187__seed42.csv: 30 samples (mean 24.90 Mbps)
  loot__static_B_2019.12.16_13.40.04__fixed3__win1187__seed42.csv: 30 samples (mean 17.84 Mbps)
  loot__static_B_2019.12.16_13.40.04__fixed5__win1187__seed42.csv: 30 samples (mean 0.85 Mbps)
  loot__static_B_2019.12.16_13.40.04__cycle__win1187__seed42.csv: 30 samples (mean 19.67 Mbps)
  loot__static_B_2019.12.16_13.40.04__bandwidth__win1187__seed42.csv: 30 samples (mean 0.85 Mbps)
  loot__static_B_2019.12.16_13.40.04__fixed1__win1187__seed43.csv: 30 samples (mean 25.45 Mbps)
  loot__static_B_2019.12.16_13.40.04__fixed3__win1187__seed43.csv: 30 samples (mean 17.76 Mbps)
  loot__static_B_2019.12.16_13.40.04__fixed5__win1187__seed43.csv: 30 samples (mean 0.86 Mbps)
  loot__static_B_2019.12.16_13.40.04__cycle__win1187__seed43.csv: 30 samples (mean 19.14 Mbps)
  loot__static_B_2019.12.16_13.40.04__bandwidth__win1187__seed43.csv: 30 samples (mean 0.86 Mbps)
  loot__static_B_2019.12.16_13.40.04__fixed1__win1187__seed44.csv: 30 samples (mean 24.84 Mbps)
  loot__static_B_2019.12.16_13.40.04__fixed3__win1187__seed44.csv: 30 samples (mean 18.29 Mbps)
  loot__static_B_2019.12.16_13.40.04__fixed5__win1187__seed44.csv: 30 samples (mean 0.93 Mbps)
  loot__static_B_2019.12.16_13.40.04__cycle__win1187__seed44.csv: 30 samples (mean 19.81 Mbps)
  loot__static_B_2019.12.16_13.40.04__bandwidth__win1187__seed44.csv: 30 samples (mean 0.93 Mbps)
  loot__static_B_2019.12.16_13.40.04__fixed1__win1405__seed42.csv: 30 samples (mean 55.62 Mbps)
  loot__static_B_2019.12.16_13.40.04__fixed3__win1405__seed42.csv: 30 samples (mean 23.22 Mbps)
  loot__static_B_2019.12.16_13.40.04__fixed5__win1405__seed42.csv: 30 samples (mean 1.00 Mbps)
  loot__static_B_2019.12.16_13.40.04__cycle__win1405__seed42.csv: 30 samples (mean 26.03 Mbps)
  loot__static_B_2019.12.16_13.40.04__bandwidth__win1405__seed42.csv: 30 samples (mean 1.00 Mbps)
  loot__static_B_2019.12.16_13.40.04__fixed1__win1405__seed43.csv: 30 samples (mean 55.53 Mbps)
  loot__static_B_2019.12.16_13.40.04__fixed3__win1405__seed43.csv: 30 samples (mean 23.62 Mbps)
  loot__static_B_2019.12.16_13.40.04__fixed5__win1405__seed43.csv: 30 samples (mean 1.05 Mbps)
  loot__static_B_2019.12.16_13.40.04__cycle__win1405__seed43.csv: 30 samples (mean 27.41 Mbps)
  loot__static_B_2019.12.16_13.40.04__bandwidth__win1405__seed43.csv: 30 samples (mean 1.05 Mbps)
  loot__static_B_2019.12.16_13.40.04__fixed1__win1405__seed44.csv: 30 samples (mean 55.81 Mbps)
  loot__static_B_2019.12.16_13.40.04__fixed3__win1405__seed44.csv: 30 samples (mean 23.75 Mbps)
  loot__static_B_2019.12.16_13.40.04__fixed5__win1405__seed44.csv: 30 samples (mean 1.08 Mbps)
  loot__static_B_2019.12.16_13.40.04__cycle__win1405__seed44.csv: 30 samples (mean 26.82 Mbps)
  loot__static_B_2019.12.16_13.40.04__bandwidth__win1405__seed44.csv: 30 samples (mean 1.08 Mbps)
  loot__static_B_2019.12.16_13.40.04__fixed1__win1673__seed42.csv: 30 samples (mean 48.00 Mbps)
  loot__static_B_2019.12.16_13.40.04__fixed3__win1673__seed42.csv: 30 samples (mean 40.44 Mbps)
  loot__static_B_2019.12.16_13.40.04__fixed5__win1673__seed42.csv: 30 samples (mean 3.87 Mbps)
  loot__static_B_2019.12.16_13.40.04__cycle__win1673__seed42.csv: 30 samples (mean 31.72 Mbps)
  loot__static_B_2019.12.16_13.40.04__bandwidth__win1673__seed42.csv: 30 samples (mean 11.94 Mbps)
  loot__static_B_2019.12.16_13.40.04__fixed1__win1673__seed43.csv: 30 samples (mean 48.81 Mbps)
  loot__static_B_2019.12.16_13.40.04__fixed3__win1673__seed43.csv: 30 samples (mean 39.42 Mbps)
  loot__static_B_2019.12.16_13.40.04__fixed5__win1673__seed43.csv: 30 samples (mean 3.82 Mbps)
  loot__static_B_2019.12.16_13.40.04__cycle__win1673__seed43.csv: 30 samples (mean 31.50 Mbps)
  loot__static_B_2019.12.16_13.40.04__bandwidth__win1673__seed43.csv: 30 samples (mean 12.14 Mbps)
  loot__static_B_2019.12.16_13.40.04__fixed1__win1673__seed44.csv: 30 samples (mean 49.24 Mbps)
  loot__static_B_2019.12.16_13.40.04__fixed3__win1673__seed44.csv: 30 samples (mean 40.95 Mbps)
  loot__static_B_2019.12.16_13.40.04__fixed5__win1673__seed44.csv: 30 samples (mean 3.82 Mbps)
  loot__static_B_2019.12.16_13.40.04__cycle__win1673__seed44.csv: 30 samples (mean 32.00 Mbps)
  loot__static_B_2019.12.16_13.40.04__bandwidth__win1673__seed44.csv: 30 samples (mean 11.75 Mbps)
  loot__static_B_2019.12.16_13.40.04__fixed1__win1981__seed42.csv: 30 samples (mean 87.55 Mbps)
  loot__static_B_2019.12.16_13.40.04__fixed3__win1981__seed42.csv: 30 samples (mean 52.76 Mbps)
  loot__static_B_2019.12.16_13.40.04__fixed5__win1981__seed42.csv: 30 samples (mean 3.96 Mbps)
  loot__static_B_2019.12.16_13.40.04__cycle__win1981__seed42.csv: 30 samples (mean 60.75 Mbps)
  loot__static_B_2019.12.16_13.40.04__bandwidth__win1981__seed42.csv: 30 samples (mean 12.37 Mbps)
  loot__static_B_2019.12.16_13.40.04__fixed1__win1981__seed43.csv: 30 samples (mean 87.62 Mbps)
  loot__static_B_2019.12.16_13.40.04__fixed3__win1981__seed43.csv: 30 samples (mean 52.57 Mbps)
  loot__static_B_2019.12.16_13.40.04__fixed5__win1981__seed43.csv: 30 samples (mean 3.92 Mbps)
  loot__static_B_2019.12.16_13.40.04__cycle__win1981__seed43.csv: 30 samples (mean 61.56 Mbps)
  loot__static_B_2019.12.16_13.40.04__bandwidth__win1981__seed43.csv: 30 samples (mean 12.47 Mbps)
  loot__static_B_2019.12.16_13.40.04__fixed1__win1981__seed44.csv: 30 samples (mean 90.46 Mbps)
  loot__static_B_2019.12.16_13.40.04__fixed3__win1981__seed44.csv: 30 samples (mean 53.42 Mbps)
  loot__static_B_2019.12.16_13.40.04__fixed5__win1981__seed44.csv: 30 samples (mean 4.00 Mbps)
  loot__static_B_2019.12.16_13.40.04__cycle__win1981__seed44.csv: 30 samples (mean 61.15 Mbps)
  loot__static_B_2019.12.16_13.40.04__bandwidth__win1981__seed44.csv: 30 samples (mean 17.04 Mbps)
  loot__static_B_2020.02.14_13.21.26__fixed1__win0__seed42.csv: 30 samples (mean 20.10 Mbps)
  loot__static_B_2020.02.14_13.21.26__fixed3__win0__seed42.csv: 30 samples (mean 19.18 Mbps)
  loot__static_B_2020.02.14_13.21.26__fixed5__win0__seed42.csv: 30 samples (mean 3.89 Mbps)
  loot__static_B_2020.02.14_13.21.26__cycle__win0__seed42.csv: 30 samples (mean 15.54 Mbps)
  loot__static_B_2020.02.14_13.21.26__bandwidth__win0__seed42.csv: 30 samples (mean 13.25 Mbps)
  loot__static_B_2020.02.14_13.21.26__fixed1__win0__seed43.csv: 30 samples (mean 19.54 Mbps)
  loot__static_B_2020.02.14_13.21.26__fixed3__win0__seed43.csv: 30 samples (mean 18.35 Mbps)
  loot__static_B_2020.02.14_13.21.26__fixed5__win0__seed43.csv: 30 samples (mean 3.95 Mbps)
  loot__static_B_2020.02.14_13.21.26__cycle__win0__seed43.csv: 30 samples (mean 15.79 Mbps)
  loot__static_B_2020.02.14_13.21.26__bandwidth__win0__seed43.csv: 30 samples (mean 12.05 Mbps)
  loot__static_B_2020.02.14_13.21.26__fixed1__win0__seed44.csv: 30 samples (mean 19.56 Mbps)
  loot__static_B_2020.02.14_13.21.26__fixed3__win0__seed44.csv: 30 samples (mean 18.22 Mbps)
  loot__static_B_2020.02.14_13.21.26__fixed5__win0__seed44.csv: 30 samples (mean 3.99 Mbps)
  loot__static_B_2020.02.14_13.21.26__cycle__win0__seed44.csv: 30 samples (mean 15.62 Mbps)
  loot__static_B_2020.02.14_13.21.26__bandwidth__win0__seed44.csv: 30 samples (mean 9.40 Mbps)
  loot__static_B_2020.02.14_13.21.26__fixed1__win159__seed42.csv: 30 samples (mean 137.66 Mbps)
  loot__static_B_2020.02.14_13.21.26__fixed3__win159__seed42.csv: 30 samples (mean 46.91 Mbps)
  loot__static_B_2020.02.14_13.21.26__fixed5__win159__seed42.csv: 30 samples (mean 3.96 Mbps)
  loot__static_B_2020.02.14_13.21.26__cycle__win159__seed42.csv: 30 samples (mean 63.66 Mbps)
  loot__static_B_2020.02.14_13.21.26__bandwidth__win159__seed42.csv: 30 samples (mean 10.89 Mbps)
  loot__static_B_2020.02.14_13.21.26__fixed1__win159__seed43.csv: 30 samples (mean 139.99 Mbps)
  loot__static_B_2020.02.14_13.21.26__fixed3__win159__seed43.csv: 30 samples (mean 46.17 Mbps)
  loot__static_B_2020.02.14_13.21.26__fixed5__win159__seed43.csv: 30 samples (mean 3.92 Mbps)
  loot__static_B_2020.02.14_13.21.26__cycle__win159__seed43.csv: 30 samples (mean 62.98 Mbps)
  loot__static_B_2020.02.14_13.21.26__bandwidth__win159__seed43.csv: 30 samples (mean 11.14 Mbps)
  loot__static_B_2020.02.14_13.21.26__fixed1__win159__seed44.csv: 30 samples (mean 135.76 Mbps)
  loot__static_B_2020.02.14_13.21.26__fixed3__win159__seed44.csv: 30 samples (mean 47.78 Mbps)
  loot__static_B_2020.02.14_13.21.26__fixed5__win159__seed44.csv: 30 samples (mean 4.00 Mbps)
  loot__static_B_2020.02.14_13.21.26__cycle__win159__seed44.csv: 30 samples (mean 66.02 Mbps)
  loot__static_B_2020.02.14_13.21.26__bandwidth__win159__seed44.csv: 30 samples (mean 10.86 Mbps)
  loot__static_B_2020.02.14_13.21.26__fixed1__win264__seed42.csv: 30 samples (mean 69.41 Mbps)
  loot__static_B_2020.02.14_13.21.26__fixed3__win264__seed42.csv: 30 samples (mean 18.93 Mbps)
  loot__static_B_2020.02.14_13.21.26__fixed5__win264__seed42.csv: 30 samples (mean 3.96 Mbps)
  loot__static_B_2020.02.14_13.21.26__cycle__win264__seed42.csv: 30 samples (mean 31.18 Mbps)
  loot__static_B_2020.02.14_13.21.26__bandwidth__win264__seed42.csv: 30 samples (mean 12.37 Mbps)
  loot__static_B_2020.02.14_13.21.26__fixed1__win264__seed43.csv: 30 samples (mean 65.46 Mbps)
  loot__static_B_2020.02.14_13.21.26__fixed3__win264__seed43.csv: 30 samples (mean 18.83 Mbps)
  loot__static_B_2020.02.14_13.21.26__fixed5__win264__seed43.csv: 30 samples (mean 3.92 Mbps)
  loot__static_B_2020.02.14_13.21.26__cycle__win264__seed43.csv: 30 samples (mean 31.86 Mbps)
  loot__static_B_2020.02.14_13.21.26__bandwidth__win264__seed43.csv: 30 samples (mean 12.07 Mbps)
  loot__static_B_2020.02.14_13.21.26__fixed1__win264__seed44.csv: 30 samples (mean 65.24 Mbps)
  loot__static_B_2020.02.14_13.21.26__fixed3__win264__seed44.csv: 30 samples (mean 19.45 Mbps)
  loot__static_B_2020.02.14_13.21.26__fixed5__win264__seed44.csv: 30 samples (mean 4.00 Mbps)
  loot__static_B_2020.02.14_13.21.26__cycle__win264__seed44.csv: 30 samples (mean 31.69 Mbps)
  loot__static_B_2020.02.14_13.21.26__bandwidth__win264__seed44.csv: 30 samples (mean 11.78 Mbps)
  loot__static_B_2020.02.14_13.21.26__fixed1__win418__seed42.csv: 30 samples (mean 135.07 Mbps)
  loot__static_B_2020.02.14_13.21.26__fixed3__win418__seed42.csv: 30 samples (mean 52.76 Mbps)
  loot__static_B_2020.02.14_13.21.26__fixed5__win418__seed42.csv: 30 samples (mean 3.96 Mbps)
  loot__static_B_2020.02.14_13.21.26__cycle__win418__seed42.csv: 30 samples (mean 73.07 Mbps)
  loot__static_B_2020.02.14_13.21.26__bandwidth__win418__seed42.csv: 30 samples (mean 12.37 Mbps)
  loot__static_B_2020.02.14_13.21.26__fixed1__win418__seed43.csv: 30 samples (mean 133.57 Mbps)
  loot__static_B_2020.02.14_13.21.26__fixed3__win418__seed43.csv: 30 samples (mean 52.57 Mbps)
  loot__static_B_2020.02.14_13.21.26__fixed5__win418__seed43.csv: 30 samples (mean 3.92 Mbps)
  loot__static_B_2020.02.14_13.21.26__cycle__win418__seed43.csv: 30 samples (mean 74.53 Mbps)
  loot__static_B_2020.02.14_13.21.26__bandwidth__win418__seed43.csv: 30 samples (mean 12.47 Mbps)
  loot__static_B_2020.02.14_13.21.26__fixed1__win418__seed44.csv: 30 samples (mean 126.31 Mbps)
  loot__static_B_2020.02.14_13.21.26__fixed3__win418__seed44.csv: 30 samples (mean 53.42 Mbps)
  loot__static_B_2020.02.14_13.21.26__fixed5__win418__seed44.csv: 30 samples (mean 4.00 Mbps)
  loot__static_B_2020.02.14_13.21.26__cycle__win418__seed44.csv: 30 samples (mean 69.76 Mbps)
  loot__static_B_2020.02.14_13.21.26__bandwidth__win418__seed44.csv: 30 samples (mean 17.04 Mbps)
  loot__static_B_2020.02.14_13.21.26__fixed1__win525__seed42.csv: 30 samples (mean 140.31 Mbps)
  loot__static_B_2020.02.14_13.21.26__fixed3__win525__seed42.csv: 30 samples (mean 52.76 Mbps)
  loot__static_B_2020.02.14_13.21.26__fixed5__win525__seed42.csv: 30 samples (mean 3.96 Mbps)
  loot__static_B_2020.02.14_13.21.26__cycle__win525__seed42.csv: 30 samples (mean 69.68 Mbps)
  loot__static_B_2020.02.14_13.21.26__bandwidth__win525__seed42.csv: 30 samples (mean 11.90 Mbps)
  loot__static_B_2020.02.14_13.21.26__fixed1__win525__seed43.csv: 30 samples (mean 146.93 Mbps)
  loot__static_B_2020.02.14_13.21.26__fixed3__win525__seed43.csv: 30 samples (mean 52.57 Mbps)
  loot__static_B_2020.02.14_13.21.26__fixed5__win525__seed43.csv: 30 samples (mean 3.92 Mbps)
  loot__static_B_2020.02.14_13.21.26__cycle__win525__seed43.csv: 30 samples (mean 69.93 Mbps)
  loot__static_B_2020.02.14_13.21.26__bandwidth__win525__seed43.csv: 30 samples (mean 16.36 Mbps)
  loot__static_B_2020.02.14_13.21.26__fixed1__win525__seed44.csv: 30 samples (mean 142.38 Mbps)
  loot__static_B_2020.02.14_13.21.26__fixed3__win525__seed44.csv: 30 samples (mean 53.42 Mbps)
  loot__static_B_2020.02.14_13.21.26__fixed5__win525__seed44.csv: 30 samples (mean 4.00 Mbps)
  loot__static_B_2020.02.14_13.21.26__cycle__win525__seed44.csv: 30 samples (mean 71.68 Mbps)
  loot__static_B_2020.02.14_13.21.26__bandwidth__win525__seed44.csv: 30 samples (mean 11.93 Mbps)
  loot__static_B_2020.02.14_13.21.26__fixed1__win689__seed42.csv: 30 samples (mean 153.66 Mbps)
  loot__static_B_2020.02.14_13.21.26__fixed3__win689__seed42.csv: 30 samples (mean 42.97 Mbps)
  loot__static_B_2020.02.14_13.21.26__fixed5__win689__seed42.csv: 30 samples (mean 3.98 Mbps)
  loot__static_B_2020.02.14_13.21.26__cycle__win689__seed42.csv: 30 samples (mean 73.76 Mbps)
  loot__static_B_2020.02.14_13.21.26__bandwidth__win689__seed42.csv: 30 samples (mean 8.66 Mbps)
  loot__static_B_2020.02.14_13.21.26__fixed1__win689__seed43.csv: 30 samples (mean 159.19 Mbps)
  loot__static_B_2020.02.14_13.21.26__fixed3__win689__seed43.csv: 30 samples (mean 43.15 Mbps)
  loot__static_B_2020.02.14_13.21.26__fixed5__win689__seed43.csv: 30 samples (mean 3.90 Mbps)
  loot__static_B_2020.02.14_13.21.26__cycle__win689__seed43.csv: 30 samples (mean 74.94 Mbps)
  loot__static_B_2020.02.14_13.21.26__bandwidth__win689__seed43.csv: 30 samples (mean 3.90 Mbps)
  loot__static_B_2020.02.14_13.21.26__fixed1__win689__seed44.csv: 30 samples (mean 160.11 Mbps)
  loot__static_B_2020.02.14_13.21.26__fixed3__win689__seed44.csv: 30 samples (mean 43.90 Mbps)
  loot__static_B_2020.02.14_13.21.26__fixed5__win689__seed44.csv: 30 samples (mean 4.00 Mbps)
  loot__static_B_2020.02.14_13.21.26__cycle__win689__seed44.csv: 30 samples (mean 73.29 Mbps)
  loot__static_B_2020.02.14_13.21.26__bandwidth__win689__seed44.csv: 30 samples (mean 10.33 Mbps)
  loot__static_B_2020.02.14_13.21.26__fixed1__win796__seed42.csv: 30 samples (mean 61.11 Mbps)
  loot__static_B_2020.02.14_13.21.26__fixed3__win796__seed42.csv: 30 samples (mean 43.57 Mbps)
  loot__static_B_2020.02.14_13.21.26__fixed5__win796__seed42.csv: 30 samples (mean 3.96 Mbps)
  loot__static_B_2020.02.14_13.21.26__cycle__win796__seed42.csv: 30 samples (mean 33.15 Mbps)
  loot__static_B_2020.02.14_13.21.26__bandwidth__win796__seed42.csv: 30 samples (mean 11.65 Mbps)
  loot__static_B_2020.02.14_13.21.26__fixed1__win796__seed43.csv: 30 samples (mean 62.46 Mbps)
  loot__static_B_2020.02.14_13.21.26__fixed3__win796__seed43.csv: 30 samples (mean 42.48 Mbps)
  loot__static_B_2020.02.14_13.21.26__fixed5__win796__seed43.csv: 30 samples (mean 3.92 Mbps)
  loot__static_B_2020.02.14_13.21.26__cycle__win796__seed43.csv: 30 samples (mean 31.47 Mbps)
  loot__static_B_2020.02.14_13.21.26__bandwidth__win796__seed43.csv: 30 samples (mean 11.66 Mbps)
  loot__static_B_2020.02.14_13.21.26__fixed1__win796__seed44.csv: 30 samples (mean 62.39 Mbps)
  loot__static_B_2020.02.14_13.21.26__fixed3__win796__seed44.csv: 30 samples (mean 43.67 Mbps)
  loot__static_B_2020.02.14_13.21.26__fixed5__win796__seed44.csv: 30 samples (mean 4.00 Mbps)
  loot__static_B_2020.02.14_13.21.26__cycle__win796__seed44.csv: 30 samples (mean 33.77 Mbps)
  loot__static_B_2020.02.14_13.21.26__bandwidth__win796__seed44.csv: 30 samples (mean 13.02 Mbps)
  loot__static_B_2020.02.14_13.21.26__fixed1__win948__seed42.csv: 30 samples (mean 124.74 Mbps)
  loot__static_B_2020.02.14_13.21.26__fixed3__win948__seed42.csv: 30 samples (mean 50.39 Mbps)
  loot__static_B_2020.02.14_13.21.26__fixed5__win948__seed42.csv: 30 samples (mean 3.96 Mbps)
  loot__static_B_2020.02.14_13.21.26__cycle__win948__seed42.csv: 30 samples (mean 65.10 Mbps)
  loot__static_B_2020.02.14_13.21.26__bandwidth__win948__seed42.csv: 30 samples (mean 12.37 Mbps)
  loot__static_B_2020.02.14_13.21.26__fixed1__win948__seed43.csv: 30 samples (mean 127.23 Mbps)
  loot__static_B_2020.02.14_13.21.26__fixed3__win948__seed43.csv: 30 samples (mean 49.34 Mbps)
  loot__static_B_2020.02.14_13.21.26__fixed5__win948__seed43.csv: 30 samples (mean 3.92 Mbps)
  loot__static_B_2020.02.14_13.21.26__cycle__win948__seed43.csv: 30 samples (mean 62.29 Mbps)
  loot__static_B_2020.02.14_13.21.26__bandwidth__win948__seed43.csv: 30 samples (mean 12.47 Mbps)
  loot__static_B_2020.02.14_13.21.26__fixed1__win948__seed44.csv: 30 samples (mean 127.12 Mbps)
  loot__static_B_2020.02.14_13.21.26__fixed3__win948__seed44.csv: 30 samples (mean 50.43 Mbps)
  loot__static_B_2020.02.14_13.21.26__fixed5__win948__seed44.csv: 30 samples (mean 4.00 Mbps)
  loot__static_B_2020.02.14_13.21.26__cycle__win948__seed44.csv: 30 samples (mean 65.28 Mbps)
  loot__static_B_2020.02.14_13.21.26__bandwidth__win948__seed44.csv: 30 samples (mean 17.04 Mbps)
  loot__static_B_2020.02.27_18.39.27__fixed1__win2__seed42.csv: 30 samples (mean 151.83 Mbps)
  loot__static_B_2020.02.27_18.39.27__fixed3__win2__seed42.csv: 30 samples (mean 53.17 Mbps)
  loot__static_B_2020.02.27_18.39.27__fixed5__win2__seed42.csv: 30 samples (mean 3.60 Mbps)
  loot__static_B_2020.02.27_18.39.27__cycle__win2__seed42.csv: 30 samples (mean 77.81 Mbps)
  loot__static_B_2020.02.27_18.39.27__bandwidth__win2__seed42.csv: 30 samples (mean 3.60 Mbps)
  loot__static_B_2020.02.27_18.39.27__fixed1__win2__seed43.csv: 30 samples (mean 146.07 Mbps)
  loot__static_B_2020.02.27_18.39.27__fixed3__win2__seed43.csv: 30 samples (mean 53.81 Mbps)
  loot__static_B_2020.02.27_18.39.27__fixed5__win2__seed43.csv: 30 samples (mean 3.67 Mbps)
  loot__static_B_2020.02.27_18.39.27__cycle__win2__seed43.csv: 30 samples (mean 76.84 Mbps)
  loot__static_B_2020.02.27_18.39.27__bandwidth__win2__seed43.csv: 30 samples (mean 9.19 Mbps)
  loot__static_B_2020.02.27_18.39.27__fixed1__win2__seed44.csv: 30 samples (mean 144.61 Mbps)
  loot__static_B_2020.02.27_18.39.27__fixed3__win2__seed44.csv: 30 samples (mean 53.45 Mbps)
  loot__static_B_2020.02.27_18.39.27__fixed5__win2__seed44.csv: 30 samples (mean 3.72 Mbps)
  loot__static_B_2020.02.27_18.39.27__cycle__win2__seed44.csv: 30 samples (mean 71.26 Mbps)
  loot__static_B_2020.02.27_18.39.27__bandwidth__win2__seed44.csv: 30 samples (mean 10.47 Mbps)
  loot__static_B_2020.02.27_18.39.27__fixed1__win842__seed42.csv: 30 samples (mean 54.67 Mbps)
  loot__static_B_2020.02.27_18.39.27__fixed3__win842__seed42.csv: 30 samples (mean 49.54 Mbps)
  loot__static_B_2020.02.27_18.39.27__fixed5__win842__seed42.csv: 30 samples (mean 3.96 Mbps)
  loot__static_B_2020.02.27_18.39.27__cycle__win842__seed42.csv: 30 samples (mean 38.16 Mbps)
  loot__static_B_2020.02.27_18.39.27__bandwidth__win842__seed42.csv: 30 samples (mean 10.77 Mbps)
  loot__static_B_2020.02.27_18.39.27__fixed1__win842__seed43.csv: 30 samples (mean 54.10 Mbps)
  loot__static_B_2020.02.27_18.39.27__fixed3__win842__seed43.csv: 30 samples (mean 49.40 Mbps)
  loot__static_B_2020.02.27_18.39.27__fixed5__win842__seed43.csv: 30 samples (mean 3.92 Mbps)
  loot__static_B_2020.02.27_18.39.27__cycle__win842__seed43.csv: 30 samples (mean 39.53 Mbps)
  loot__static_B_2020.02.27_18.39.27__bandwidth__win842__seed43.csv: 30 samples (mean 15.48 Mbps)
  loot__static_B_2020.02.27_18.39.27__fixed1__win842__seed44.csv: 30 samples (mean 54.26 Mbps)
  loot__static_B_2020.02.27_18.39.27__fixed3__win842__seed44.csv: 30 samples (mean 49.62 Mbps)
  loot__static_B_2020.02.27_18.39.27__fixed5__win842__seed44.csv: 30 samples (mean 4.00 Mbps)
  loot__static_B_2020.02.27_18.39.27__cycle__win842__seed44.csv: 30 samples (mean 39.59 Mbps)
  loot__static_B_2020.02.27_18.39.27__bandwidth__win842__seed44.csv: 30 samples (mean 10.22 Mbps)
  loot__static_B_2020.02.27_18.39.27__fixed1__win1642__seed42.csv: 30 samples (mean 41.10 Mbps)
  loot__static_B_2020.02.27_18.39.27__fixed3__win1642__seed42.csv: 30 samples (mean 21.59 Mbps)
  loot__static_B_2020.02.27_18.39.27__fixed5__win1642__seed42.csv: 30 samples (mean 3.86 Mbps)
  loot__static_B_2020.02.27_18.39.27__cycle__win1642__seed42.csv: 30 samples (mean 26.44 Mbps)
  loot__static_B_2020.02.27_18.39.27__bandwidth__win1642__seed42.csv: 30 samples (mean 7.95 Mbps)
  loot__static_B_2020.02.27_18.39.27__fixed1__win1642__seed43.csv: 30 samples (mean 40.66 Mbps)
  loot__static_B_2020.02.27_18.39.27__fixed3__win1642__seed43.csv: 30 samples (mean 21.23 Mbps)
  loot__static_B_2020.02.27_18.39.27__fixed5__win1642__seed43.csv: 30 samples (mean 3.81 Mbps)
  loot__static_B_2020.02.27_18.39.27__cycle__win1642__seed43.csv: 30 samples (mean 27.17 Mbps)
  loot__static_B_2020.02.27_18.39.27__bandwidth__win1642__seed43.csv: 30 samples (mean 8.09 Mbps)
  loot__static_B_2020.02.27_18.39.27__fixed1__win1642__seed44.csv: 30 samples (mean 41.93 Mbps)
  loot__static_B_2020.02.27_18.39.27__fixed3__win1642__seed44.csv: 30 samples (mean 21.74 Mbps)
  loot__static_B_2020.02.27_18.39.27__fixed5__win1642__seed44.csv: 30 samples (mean 3.82 Mbps)
  loot__static_B_2020.02.27_18.39.27__cycle__win1642__seed44.csv: 30 samples (mean 27.39 Mbps)
  loot__static_B_2020.02.27_18.39.27__bandwidth__win1642__seed44.csv: 30 samples (mean 8.81 Mbps)
  loot__static_B_2020.02.27_18.39.27__fixed1__win2487__seed42.csv: 30 samples (mean 167.09 Mbps)
  loot__static_B_2020.02.27_18.39.27__fixed3__win2487__seed42.csv: 30 samples (mean 51.65 Mbps)
  loot__static_B_2020.02.27_18.39.27__fixed5__win2487__seed42.csv: 30 samples (mean 3.77 Mbps)
  loot__static_B_2020.02.27_18.39.27__cycle__win2487__seed42.csv: 30 samples (mean 83.57 Mbps)
  loot__static_B_2020.02.27_18.39.27__bandwidth__win2487__seed42.csv: 30 samples (mean 7.97 Mbps)
  loot__static_B_2020.02.27_18.39.27__fixed1__win2487__seed43.csv: 30 samples (mean 166.97 Mbps)
  loot__static_B_2020.02.27_18.39.27__fixed3__win2487__seed43.csv: 30 samples (mean 50.31 Mbps)
  loot__static_B_2020.02.27_18.39.27__fixed5__win2487__seed43.csv: 30 samples (mean 3.75 Mbps)
  loot__static_B_2020.02.27_18.39.27__cycle__win2487__seed43.csv: 30 samples (mean 82.02 Mbps)
  loot__static_B_2020.02.27_18.39.27__bandwidth__win2487__seed43.csv: 30 samples (mean 8.09 Mbps)
  loot__static_B_2020.02.27_18.39.27__fixed1__win2487__seed44.csv: 30 samples (mean 166.65 Mbps)
  loot__static_B_2020.02.27_18.39.27__fixed3__win2487__seed44.csv: 30 samples (mean 50.62 Mbps)
  loot__static_B_2020.02.27_18.39.27__fixed5__win2487__seed44.csv: 30 samples (mean 3.71 Mbps)
  loot__static_B_2020.02.27_18.39.27__cycle__win2487__seed44.csv: 30 samples (mean 81.04 Mbps)
  loot__static_B_2020.02.27_18.39.27__bandwidth__win2487__seed44.csv: 30 samples (mean 7.90 Mbps)
  loot__static_B_2020.02.27_18.39.27__fixed1__win3321__seed42.csv: 30 samples (mean 92.03 Mbps)
  loot__static_B_2020.02.27_18.39.27__fixed3__win3321__seed42.csv: 30 samples (mean 55.62 Mbps)
  loot__static_B_2020.02.27_18.39.27__fixed5__win3321__seed42.csv: 30 samples (mean 3.96 Mbps)
  loot__static_B_2020.02.27_18.39.27__cycle__win3321__seed42.csv: 30 samples (mean 64.52 Mbps)
  loot__static_B_2020.02.27_18.39.27__bandwidth__win3321__seed42.csv: 30 samples (mean 9.96 Mbps)
  loot__static_B_2020.02.27_18.39.27__fixed1__win3321__seed43.csv: 30 samples (mean 102.69 Mbps)
  loot__static_B_2020.02.27_18.39.27__fixed3__win3321__seed43.csv: 30 samples (mean 54.71 Mbps)
  loot__static_B_2020.02.27_18.39.27__fixed5__win3321__seed43.csv: 30 samples (mean 3.92 Mbps)
  loot__static_B_2020.02.27_18.39.27__cycle__win3321__seed43.csv: 30 samples (mean 66.87 Mbps)
  loot__static_B_2020.02.27_18.39.27__bandwidth__win3321__seed43.csv: 30 samples (mean 10.14 Mbps)
  loot__static_B_2020.02.27_18.39.27__fixed1__win3321__seed44.csv: 30 samples (mean 107.02 Mbps)
  loot__static_B_2020.02.27_18.39.27__fixed3__win3321__seed44.csv: 30 samples (mean 53.45 Mbps)
  loot__static_B_2020.02.27_18.39.27__fixed5__win3321__seed44.csv: 30 samples (mean 4.00 Mbps)
  loot__static_B_2020.02.27_18.39.27__cycle__win3321__seed44.csv: 30 samples (mean 69.96 Mbps)
  loot__static_B_2020.02.27_18.39.27__bandwidth__win3321__seed44.csv: 30 samples (mean 10.04 Mbps)
  loot__static_B_2020.02.27_18.39.27__fixed1__win4166__seed42.csv: 30 samples (mean 87.09 Mbps)
  loot__static_B_2020.02.27_18.39.27__fixed3__win4166__seed42.csv: 30 samples (mean 41.82 Mbps)
  loot__static_B_2020.02.27_18.39.27__fixed5__win4166__seed42.csv: 30 samples (mean 3.96 Mbps)
  loot__static_B_2020.02.27_18.39.27__cycle__win4166__seed42.csv: 30 samples (mean 62.83 Mbps)
  loot__static_B_2020.02.27_18.39.27__bandwidth__win4166__seed42.csv: 30 samples (mean 12.37 Mbps)
  loot__static_B_2020.02.27_18.39.27__fixed1__win4166__seed43.csv: 30 samples (mean 87.07 Mbps)
  loot__static_B_2020.02.27_18.39.27__fixed3__win4166__seed43.csv: 30 samples (mean 42.34 Mbps)
  loot__static_B_2020.02.27_18.39.27__fixed5__win4166__seed43.csv: 30 samples (mean 3.92 Mbps)
  loot__static_B_2020.02.27_18.39.27__cycle__win4166__seed43.csv: 30 samples (mean 62.05 Mbps)
  loot__static_B_2020.02.27_18.39.27__bandwidth__win4166__seed43.csv: 30 samples (mean 12.47 Mbps)
  loot__static_B_2020.02.27_18.39.27__fixed1__win4166__seed44.csv: 30 samples (mean 91.01 Mbps)
  loot__static_B_2020.02.27_18.39.27__fixed3__win4166__seed44.csv: 30 samples (mean 41.40 Mbps)
  loot__static_B_2020.02.27_18.39.27__fixed5__win4166__seed44.csv: 30 samples (mean 4.00 Mbps)
  loot__static_B_2020.02.27_18.39.27__cycle__win4166__seed44.csv: 30 samples (mean 60.76 Mbps)
  loot__static_B_2020.02.27_18.39.27__bandwidth__win4166__seed44.csv: 30 samples (mean 17.04 Mbps)
  loot__static_B_2020.02.27_18.39.27__fixed1__win4963__seed42.csv: 30 samples (mean 57.56 Mbps)
  loot__static_B_2020.02.27_18.39.27__fixed3__win4963__seed42.csv: 30 samples (mean 53.62 Mbps)
  loot__static_B_2020.02.27_18.39.27__fixed5__win4963__seed42.csv: 30 samples (mean 4.01 Mbps)
  loot__static_B_2020.02.27_18.39.27__cycle__win4963__seed42.csv: 30 samples (mean 39.54 Mbps)
  loot__static_B_2020.02.27_18.39.27__bandwidth__win4963__seed42.csv: 30 samples (mean 12.66 Mbps)
  loot__static_B_2020.02.27_18.39.27__fixed1__win4963__seed43.csv: 30 samples (mean 59.50 Mbps)
  loot__static_B_2020.02.27_18.39.27__fixed3__win4963__seed43.csv: 30 samples (mean 54.92 Mbps)
  loot__static_B_2020.02.27_18.39.27__fixed5__win4963__seed43.csv: 30 samples (mean 3.90 Mbps)
  loot__static_B_2020.02.27_18.39.27__cycle__win4963__seed43.csv: 30 samples (mean 38.71 Mbps)
  loot__static_B_2020.02.27_18.39.27__bandwidth__win4963__seed43.csv: 30 samples (mean 3.90 Mbps)
  loot__static_B_2020.02.27_18.39.27__fixed1__win4963__seed44.csv: 30 samples (mean 55.25 Mbps)
  loot__static_B_2020.02.27_18.39.27__fixed3__win4963__seed44.csv: 30 samples (mean 53.38 Mbps)
  loot__static_B_2020.02.27_18.39.27__fixed5__win4963__seed44.csv: 30 samples (mean 3.93 Mbps)
  loot__static_B_2020.02.27_18.39.27__cycle__win4963__seed44.csv: 30 samples (mean 39.22 Mbps)
  loot__static_B_2020.02.27_18.39.27__bandwidth__win4963__seed44.csv: 30 samples (mean 12.34 Mbps)
  loot__static_B_2020.02.27_18.39.27__fixed1__win5823__seed42.csv: 30 samples (mean 87.19 Mbps)
  loot__static_B_2020.02.27_18.39.27__fixed3__win5823__seed42.csv: 30 samples (mean 52.76 Mbps)
  loot__static_B_2020.02.27_18.39.27__fixed5__win5823__seed42.csv: 30 samples (mean 3.96 Mbps)
  loot__static_B_2020.02.27_18.39.27__cycle__win5823__seed42.csv: 30 samples (mean 55.99 Mbps)
  loot__static_B_2020.02.27_18.39.27__bandwidth__win5823__seed42.csv: 30 samples (mean 12.37 Mbps)
  loot__static_B_2020.02.27_18.39.27__fixed1__win5823__seed43.csv: 30 samples (mean 87.30 Mbps)
  loot__static_B_2020.02.27_18.39.27__fixed3__win5823__seed43.csv: 30 samples (mean 52.57 Mbps)
  loot__static_B_2020.02.27_18.39.27__fixed5__win5823__seed43.csv: 30 samples (mean 3.92 Mbps)
  loot__static_B_2020.02.27_18.39.27__cycle__win5823__seed43.csv: 30 samples (mean 63.90 Mbps)
  loot__static_B_2020.02.27_18.39.27__bandwidth__win5823__seed43.csv: 30 samples (mean 12.47 Mbps)
  loot__static_B_2020.02.27_18.39.27__fixed1__win5823__seed44.csv: 30 samples (mean 89.96 Mbps)
  loot__static_B_2020.02.27_18.39.27__fixed3__win5823__seed44.csv: 30 samples (mean 53.42 Mbps)
  loot__static_B_2020.02.27_18.39.27__fixed5__win5823__seed44.csv: 30 samples (mean 4.00 Mbps)
  loot__static_B_2020.02.27_18.39.27__cycle__win5823__seed44.csv: 30 samples (mean 58.27 Mbps)
  loot__static_B_2020.02.27_18.39.27__bandwidth__win5823__seed44.csv: 30 samples (mean 17.04 Mbps)
  loot__driving_B_2019.12.14_10.16.30__fixed1__win3__seed42.csv: 30 samples (mean 17.18 Mbps)
  loot__driving_B_2019.12.14_10.16.30__fixed3__win3__seed42.csv: 30 samples (mean 10.96 Mbps)
  loot__driving_B_2019.12.14_10.16.30__fixed5__win3__seed42.csv: 30 samples (mean 3.87 Mbps)
  loot__driving_B_2019.12.14_10.16.30__cycle__win3__seed42.csv: 30 samples (mean 15.70 Mbps)
  loot__driving_B_2019.12.14_10.16.30__bandwidth__win3__seed42.csv: 30 samples (mean 7.44 Mbps)
  loot__driving_B_2019.12.14_10.16.30__fixed1__win3__seed43.csv: 30 samples (mean 16.79 Mbps)
  loot__driving_B_2019.12.14_10.16.30__fixed3__win3__seed43.csv: 30 samples (mean 11.43 Mbps)
  loot__driving_B_2019.12.14_10.16.30__fixed5__win3__seed43.csv: 30 samples (mean 3.91 Mbps)
  loot__driving_B_2019.12.14_10.16.30__cycle__win3__seed43.csv: 30 samples (mean 15.76 Mbps)
  loot__driving_B_2019.12.14_10.16.30__bandwidth__win3__seed43.csv: 30 samples (mean 4.71 Mbps)
  loot__driving_B_2019.12.14_10.16.30__fixed1__win3__seed44.csv: 30 samples (mean 16.82 Mbps)
  loot__driving_B_2019.12.14_10.16.30__fixed3__win3__seed44.csv: 30 samples (mean 11.07 Mbps)
  loot__driving_B_2019.12.14_10.16.30__fixed5__win3__seed44.csv: 30 samples (mean 3.95 Mbps)
  loot__driving_B_2019.12.14_10.16.30__cycle__win3__seed44.csv: 30 samples (mean 15.53 Mbps)
  loot__driving_B_2019.12.14_10.16.30__bandwidth__win3__seed44.csv: 30 samples (mean 8.95 Mbps)
  loot__driving_B_2019.12.14_10.16.30__fixed1__win392__seed42.csv: 30 samples (mean 47.33 Mbps)
  loot__driving_B_2019.12.14_10.16.30__fixed3__win392__seed42.csv: 30 samples (mean 43.25 Mbps)
  loot__driving_B_2019.12.14_10.16.30__fixed5__win392__seed42.csv: 30 samples (mean 3.96 Mbps)
  loot__driving_B_2019.12.14_10.16.30__cycle__win392__seed42.csv: 30 samples (mean 33.10 Mbps)
  loot__driving_B_2019.12.14_10.16.30__bandwidth__win392__seed42.csv: 30 samples (mean 12.37 Mbps)
  loot__driving_B_2019.12.14_10.16.30__fixed1__win392__seed43.csv: 30 samples (mean 46.10 Mbps)
  loot__driving_B_2019.12.14_10.16.30__fixed3__win392__seed43.csv: 30 samples (mean 43.03 Mbps)
  loot__driving_B_2019.12.14_10.16.30__fixed5__win392__seed43.csv: 30 samples (mean 3.92 Mbps)
  loot__driving_B_2019.12.14_10.16.30__cycle__win392__seed43.csv: 30 samples (mean 33.89 Mbps)
  loot__driving_B_2019.12.14_10.16.30__bandwidth__win392__seed43.csv: 30 samples (mean 12.47 Mbps)
  loot__driving_B_2019.12.14_10.16.30__fixed1__win392__seed44.csv: 30 samples (mean 47.23 Mbps)
  loot__driving_B_2019.12.14_10.16.30__fixed3__win392__seed44.csv: 30 samples (mean 43.90 Mbps)
  loot__driving_B_2019.12.14_10.16.30__fixed5__win392__seed44.csv: 30 samples (mean 4.00 Mbps)
  loot__driving_B_2019.12.14_10.16.30__cycle__win392__seed44.csv: 30 samples (mean 33.19 Mbps)
  loot__driving_B_2019.12.14_10.16.30__bandwidth__win392__seed44.csv: 30 samples (mean 15.90 Mbps)
  loot__driving_B_2019.12.14_10.16.30__fixed1__win750__seed42.csv: 30 samples (mean 7.82 Mbps)
  loot__driving_B_2019.12.14_10.16.30__fixed3__win750__seed42.csv: 30 samples (mean 3.84 Mbps)
  loot__driving_B_2019.12.14_10.16.30__fixed5__win750__seed42.csv: 30 samples (mean 1.67 Mbps)
  loot__driving_B_2019.12.14_10.16.30__cycle__win750__seed42.csv: 30 samples (mean 5.88 Mbps)
  loot__driving_B_2019.12.14_10.16.30__bandwidth__win750__seed42.csv: 30 samples (mean 1.67 Mbps)
  loot__driving_B_2019.12.14_10.16.30__fixed1__win750__seed43.csv: 30 samples (mean 7.78 Mbps)
  loot__driving_B_2019.12.14_10.16.30__fixed3__win750__seed43.csv: 30 samples (mean 3.87 Mbps)
  loot__driving_B_2019.12.14_10.16.30__fixed5__win750__seed43.csv: 30 samples (mean 1.69 Mbps)
  loot__driving_B_2019.12.14_10.16.30__cycle__win750__seed43.csv: 30 samples (mean 5.88 Mbps)
  loot__driving_B_2019.12.14_10.16.30__bandwidth__win750__seed43.csv: 30 samples (mean 1.69 Mbps)
  loot__driving_B_2019.12.14_10.16.30__fixed1__win750__seed44.csv: 30 samples (mean 7.74 Mbps)
  loot__driving_B_2019.12.14_10.16.30__fixed3__win750__seed44.csv: 30 samples (mean 3.79 Mbps)
  loot__driving_B_2019.12.14_10.16.30__fixed5__win750__seed44.csv: 30 samples (mean 1.67 Mbps)
  loot__driving_B_2019.12.14_10.16.30__cycle__win750__seed44.csv: 30 samples (mean 5.89 Mbps)
  loot__driving_B_2019.12.14_10.16.30__bandwidth__win750__seed44.csv: 30 samples (mean 1.67 Mbps)
  loot__driving_B_2019.12.16_07.22.43__fixed1__win0__seed42.csv: 30 samples (mean 14.38 Mbps)
  loot__driving_B_2019.12.16_07.22.43__fixed3__win0__seed42.csv: 30 samples (mean 12.69 Mbps)
  loot__driving_B_2019.12.16_07.22.43__fixed5__win0__seed42.csv: 30 samples (mean 3.75 Mbps)
  loot__driving_B_2019.12.16_07.22.43__cycle__win0__seed42.csv: 30 samples (mean 12.22 Mbps)
  loot__driving_B_2019.12.16_07.22.43__bandwidth__win0__seed42.csv: 30 samples (mean 8.69 Mbps)
  loot__driving_B_2019.12.16_07.22.43__fixed1__win0__seed43.csv: 30 samples (mean 14.46 Mbps)
  loot__driving_B_2019.12.16_07.22.43__fixed3__win0__seed43.csv: 30 samples (mean 12.88 Mbps)
  loot__driving_B_2019.12.16_07.22.43__fixed5__win0__seed43.csv: 30 samples (mean 3.67 Mbps)
  loot__driving_B_2019.12.16_07.22.43__cycle__win0__seed43.csv: 30 samples (mean 12.15 Mbps)
  loot__driving_B_2019.12.16_07.22.43__bandwidth__win0__seed43.csv: 30 samples (mean 8.19 Mbps)
  loot__driving_B_2019.12.16_07.22.43__fixed1__win0__seed44.csv: 30 samples (mean 14.44 Mbps)
  loot__driving_B_2019.12.16_07.22.43__fixed3__win0__seed44.csv: 30 samples (mean 13.09 Mbps)
  loot__driving_B_2019.12.16_07.22.43__fixed5__win0__seed44.csv: 30 samples (mean 3.59 Mbps)
  loot__driving_B_2019.12.16_07.22.43__cycle__win0__seed44.csv: 30 samples (mean 12.14 Mbps)
  loot__driving_B_2019.12.16_07.22.43__bandwidth__win0__seed44.csv: 30 samples (mean 5.50 Mbps)
  loot__driving_B_2019.12.16_07.22.43__fixed1__win1181__seed42.csv: 30 samples (mean 50.49 Mbps)
  loot__driving_B_2019.12.16_07.22.43__fixed3__win1181__seed42.csv: 30 samples (mean 12.37 Mbps)
  loot__driving_B_2019.12.16_07.22.43__fixed5__win1181__seed42.csv: 30 samples (mean 3.96 Mbps)
  loot__driving_B_2019.12.16_07.22.43__cycle__win1181__seed42.csv: 30 samples (mean 16.23 Mbps)
  loot__driving_B_2019.12.16_07.22.43__bandwidth__win1181__seed42.csv: 30 samples (mean 6.10 Mbps)
  loot__driving_B_2019.12.16_07.22.43__fixed1__win1181__seed43.csv: 30 samples (mean 50.87 Mbps)
  loot__driving_B_2019.12.16_07.22.43__fixed3__win1181__seed43.csv: 30 samples (mean 12.35 Mbps)
  loot__driving_B_2019.12.16_07.22.43__fixed5__win1181__seed43.csv: 30 samples (mean 3.92 Mbps)
  loot__driving_B_2019.12.16_07.22.43__cycle__win1181__seed43.csv: 30 samples (mean 16.19 Mbps)
  loot__driving_B_2019.12.16_07.22.43__bandwidth__win1181__seed43.csv: 30 samples (mean 6.38 Mbps)
  loot__driving_B_2019.12.16_07.22.43__fixed1__win1181__seed44.csv: 30 samples (mean 51.26 Mbps)
  loot__driving_B_2019.12.16_07.22.43__fixed3__win1181__seed44.csv: 30 samples (mean 12.57 Mbps)
  loot__driving_B_2019.12.16_07.22.43__fixed5__win1181__seed44.csv: 30 samples (mean 4.00 Mbps)
  loot__driving_B_2019.12.16_07.22.43__cycle__win1181__seed44.csv: 30 samples (mean 16.49 Mbps)
  loot__driving_B_2019.12.16_07.22.43__bandwidth__win1181__seed44.csv: 30 samples (mean 6.34 Mbps)
  loot__driving_B_2019.12.16_07.22.43__fixed1__win2345__seed42.csv: 30 samples (mean 9.46 Mbps)
  loot__driving_B_2019.12.16_07.22.43__fixed3__win2345__seed42.csv: 30 samples (mean 7.16 Mbps)
  loot__driving_B_2019.12.16_07.22.43__fixed5__win2345__seed42.csv: 30 samples (mean 4.01 Mbps)
  loot__driving_B_2019.12.16_07.22.43__cycle__win2345__seed42.csv: 30 samples (mean 7.91 Mbps)
  loot__driving_B_2019.12.16_07.22.43__bandwidth__win2345__seed42.csv: 30 samples (mean 6.09 Mbps)
  loot__driving_B_2019.12.16_07.22.43__fixed1__win2345__seed43.csv: 30 samples (mean 9.44 Mbps)
  loot__driving_B_2019.12.16_07.22.43__fixed3__win2345__seed43.csv: 30 samples (mean 7.17 Mbps)
  loot__driving_B_2019.12.16_07.22.43__fixed5__win2345__seed43.csv: 30 samples (mean 3.90 Mbps)
  loot__driving_B_2019.12.16_07.22.43__cycle__win2345__seed43.csv: 30 samples (mean 7.93 Mbps)
  loot__driving_B_2019.12.16_07.22.43__bandwidth__win2345__seed43.csv: 30 samples (mean 3.90 Mbps)
  loot__driving_B_2019.12.16_07.22.43__fixed1__win2345__seed44.csv: 30 samples (mean 9.49 Mbps)
  loot__driving_B_2019.12.16_07.22.43__fixed3__win2345__seed44.csv: 30 samples (mean 7.32 Mbps)
  loot__driving_B_2019.12.16_07.22.43__fixed5__win2345__seed44.csv: 30 samples (mean 3.93 Mbps)
  loot__driving_B_2019.12.16_07.22.43__cycle__win2345__seed44.csv: 30 samples (mean 8.19 Mbps)
  loot__driving_B_2019.12.16_07.22.43__bandwidth__win2345__seed44.csv: 30 samples (mean 6.14 Mbps)
  loot__driving_B_2020.02.27_20.35.57__fixed1__win0__seed42.csv: 30 samples (mean 61.25 Mbps)
  loot__driving_B_2020.02.27_20.35.57__fixed3__win0__seed42.csv: 30 samples (mean 29.45 Mbps)
  loot__driving_B_2020.02.27_20.35.57__fixed5__win0__seed42.csv: 30 samples (mean 3.35 Mbps)
  loot__driving_B_2020.02.27_20.35.57__cycle__win0__seed42.csv: 30 samples (mean 35.24 Mbps)
  loot__driving_B_2020.02.27_20.35.57__bandwidth__win0__seed42.csv: 30 samples (mean 3.35 Mbps)
  loot__driving_B_2020.02.27_20.35.57__fixed1__win0__seed43.csv: 30 samples (mean 60.57 Mbps)
  loot__driving_B_2020.02.27_20.35.57__fixed3__win0__seed43.csv: 30 samples (mean 28.75 Mbps)
  loot__driving_B_2020.02.27_20.35.57__fixed5__win0__seed43.csv: 30 samples (mean 3.31 Mbps)
  loot__driving_B_2020.02.27_20.35.57__cycle__win0__seed43.csv: 30 samples (mean 35.83 Mbps)
  loot__driving_B_2020.02.27_20.35.57__bandwidth__win0__seed43.csv: 30 samples (mean 4.20 Mbps)
  loot__driving_B_2020.02.27_20.35.57__fixed1__win0__seed44.csv: 30 samples (mean 56.47 Mbps)
  loot__driving_B_2020.02.27_20.35.57__fixed3__win0__seed44.csv: 30 samples (mean 28.58 Mbps)
  loot__driving_B_2020.02.27_20.35.57__fixed5__win0__seed44.csv: 30 samples (mean 3.28 Mbps)
  loot__driving_B_2020.02.27_20.35.57__cycle__win0__seed44.csv: 30 samples (mean 35.58 Mbps)
  loot__driving_B_2020.02.27_20.35.57__bandwidth__win0__seed44.csv: 30 samples (mean 3.28 Mbps)
  loot__driving_B_2020.02.27_20.35.57__fixed1__win166__seed42.csv: 30 samples (mean 20.32 Mbps)
  loot__driving_B_2020.02.27_20.35.57__fixed3__win166__seed42.csv: 30 samples (mean 40.98 Mbps)
  loot__driving_B_2020.02.27_20.35.57__fixed5__win166__seed42.csv: 30 samples (mean 3.96 Mbps)
  loot__driving_B_2020.02.27_20.35.57__cycle__win166__seed42.csv: 30 samples (mean 15.80 Mbps)
  loot__driving_B_2020.02.27_20.35.57__bandwidth__win166__seed42.csv: 30 samples (mean 12.37 Mbps)
  loot__driving_B_2020.02.27_20.35.57__fixed1__win166__seed43.csv: 30 samples (mean 20.58 Mbps)
  loot__driving_B_2020.02.27_20.35.57__fixed3__win166__seed43.csv: 30 samples (mean 40.02 Mbps)
  loot__driving_B_2020.02.27_20.35.57__fixed5__win166__seed43.csv: 30 samples (mean 3.92 Mbps)
  loot__driving_B_2020.02.27_20.35.57__cycle__win166__seed43.csv: 30 samples (mean 15.92 Mbps)
  loot__driving_B_2020.02.27_20.35.57__bandwidth__win166__seed43.csv: 30 samples (mean 12.47 Mbps)
  loot__driving_B_2020.02.27_20.35.57__fixed1__win166__seed44.csv: 30 samples (mean 20.33 Mbps)
  loot__driving_B_2020.02.27_20.35.57__fixed3__win166__seed44.csv: 30 samples (mean 43.85 Mbps)
  loot__driving_B_2020.02.27_20.35.57__fixed5__win166__seed44.csv: 30 samples (mean 4.00 Mbps)
  loot__driving_B_2020.02.27_20.35.57__cycle__win166__seed44.csv: 30 samples (mean 16.24 Mbps)
  loot__driving_B_2020.02.27_20.35.57__bandwidth__win166__seed44.csv: 30 samples (mean 13.79 Mbps)
  loot__driving_B_2020.02.27_20.35.57__fixed1__win315__seed42.csv: 30 samples (mean 6.49 Mbps)
  loot__driving_B_2020.02.27_20.35.57__fixed3__win315__seed42.csv: 30 samples (mean 9.01 Mbps)
  loot__driving_B_2020.02.27_20.35.57__fixed5__win315__seed42.csv: 30 samples (mean 1.57 Mbps)
  loot__driving_B_2020.02.27_20.35.57__cycle__win315__seed42.csv: 30 samples (mean 8.37 Mbps)
  loot__driving_B_2020.02.27_20.35.57__bandwidth__win315__seed42.csv: 30 samples (mean 1.57 Mbps)
  loot__driving_B_2020.02.27_20.35.57__fixed1__win315__seed43.csv: 30 samples (mean 6.64 Mbps)
  loot__driving_B_2020.02.27_20.35.57__fixed3__win315__seed43.csv: 30 samples (mean 9.11 Mbps)
  loot__driving_B_2020.02.27_20.35.57__fixed5__win315__seed43.csv: 30 samples (mean 1.57 Mbps)
  loot__driving_B_2020.02.27_20.35.57__cycle__win315__seed43.csv: 30 samples (mean 8.53 Mbps)
  loot__driving_B_2020.02.27_20.35.57__bandwidth__win315__seed43.csv: 30 samples (mean 1.57 Mbps)
  loot__driving_B_2020.02.27_20.35.57__fixed1__win315__seed44.csv: 30 samples (mean 6.57 Mbps)
  loot__driving_B_2020.02.27_20.35.57__fixed3__win315__seed44.csv: 30 samples (mean 8.98 Mbps)
  loot__driving_B_2020.02.27_20.35.57__fixed5__win315__seed44.csv: 30 samples (mean 1.59 Mbps)
  loot__driving_B_2020.02.27_20.35.57__cycle__win315__seed44.csv: 30 samples (mean 8.27 Mbps)
  loot__driving_B_2020.02.27_20.35.57__bandwidth__win315__seed44.csv: 30 samples (mean 1.59 Mbps)
  loot__static_B_2020.01.16_10.43.34__fixed1__win0__seed42.csv: 30 samples (mean 90.61 Mbps)
  loot__static_B_2020.01.16_10.43.34__fixed3__win0__seed42.csv: 30 samples (mean 52.88 Mbps)
  loot__static_B_2020.01.16_10.43.34__fixed5__win0__seed42.csv: 30 samples (mean 4.00 Mbps)
  loot__static_B_2020.01.16_10.43.34__cycle__win0__seed42.csv: 30 samples (mean 60.96 Mbps)
  loot__static_B_2020.01.16_10.43.34__bandwidth__win0__seed42.csv: 30 samples (mean 47.99 Mbps)
  loot__static_B_2020.01.16_10.43.34__fixed1__win0__seed43.csv: 30 samples (mean 89.63 Mbps)
  loot__static_B_2020.01.16_10.43.34__fixed3__win0__seed43.csv: 30 samples (mean 53.79 Mbps)
  loot__static_B_2020.01.16_10.43.34__fixed5__win0__seed43.csv: 30 samples (mean 3.90 Mbps)
  loot__static_B_2020.01.16_10.43.34__cycle__win0__seed43.csv: 30 samples (mean 63.09 Mbps)
  loot__static_B_2020.01.16_10.43.34__bandwidth__win0__seed43.csv: 30 samples (mean 3.90 Mbps)
  loot__static_B_2020.01.16_10.43.34__fixed1__win0__seed44.csv: 30 samples (mean 89.25 Mbps)
  loot__static_B_2020.01.16_10.43.34__fixed3__win0__seed44.csv: 30 samples (mean 51.34 Mbps)
  loot__static_B_2020.01.16_10.43.34__fixed5__win0__seed44.csv: 30 samples (mean 3.93 Mbps)
  loot__static_B_2020.01.16_10.43.34__cycle__win0__seed44.csv: 30 samples (mean 62.86 Mbps)
  loot__static_B_2020.01.16_10.43.34__bandwidth__win0__seed44.csv: 30 samples (mean 44.72 Mbps)
  loot__static_B_2020.01.16_10.43.34__fixed1__win1595__seed42.csv: 30 samples (mean 166.42 Mbps)
  loot__static_B_2020.01.16_10.43.34__fixed3__win1595__seed42.csv: 30 samples (mean 53.62 Mbps)
  loot__static_B_2020.01.16_10.43.34__fixed5__win1595__seed42.csv: 30 samples (mean 4.01 Mbps)
  loot__static_B_2020.01.16_10.43.34__cycle__win1595__seed42.csv: 30 samples (mean 82.01 Mbps)
  loot__static_B_2020.01.16_10.43.34__bandwidth__win1595__seed42.csv: 30 samples (mean 12.66 Mbps)
  loot__static_B_2020.01.16_10.43.34__fixed1__win1595__seed43.csv: 30 samples (mean 169.76 Mbps)
  loot__static_B_2020.01.16_10.43.34__fixed3__win1595__seed43.csv: 30 samples (mean 54.92 Mbps)
  loot__static_B_2020.01.16_10.43.34__fixed5__win1595__seed43.csv: 30 samples (mean 3.90 Mbps)
  loot__static_B_2020.01.16_10.43.34__cycle__win1595__seed43.csv: 30 samples (mean 82.63 Mbps)
  loot__static_B_2020.01.16_10.43.34__bandwidth__win1595__seed43.csv: 30 samples (mean 3.90 Mbps)
  loot__static_B_2020.01.16_10.43.34__fixed1__win1595__seed44.csv: 30 samples (mean 165.96 Mbps)
  loot__static_B_2020.01.16_10.43.34__fixed3__win1595__seed44.csv: 30 samples (mean 53.38 Mbps)
  loot__static_B_2020.01.16_10.43.34__fixed5__win1595__seed44.csv: 30 samples (mean 3.93 Mbps)
  loot__static_B_2020.01.16_10.43.34__cycle__win1595__seed44.csv: 30 samples (mean 83.35 Mbps)
  loot__static_B_2020.01.16_10.43.34__bandwidth__win1595__seed44.csv: 30 samples (mean 12.34 Mbps)
  loot__static_B_2020.01.16_10.43.34__fixed1__win3174__seed42.csv: 30 samples (mean 123.62 Mbps)
  loot__static_B_2020.01.16_10.43.34__fixed3__win3174__seed42.csv: 30 samples (mean 44.56 Mbps)
  loot__static_B_2020.01.16_10.43.34__fixed5__win3174__seed42.csv: 30 samples (mean 3.87 Mbps)
  loot__static_B_2020.01.16_10.43.34__cycle__win3174__seed42.csv: 30 samples (mean 61.31 Mbps)
  loot__static_B_2020.01.16_10.43.34__bandwidth__win3174__seed42.csv: 30 samples (mean 11.23 Mbps)
  loot__static_B_2020.01.16_10.43.34__fixed1__win3174__seed43.csv: 30 samples (mean 118.41 Mbps)
  loot__static_B_2020.01.16_10.43.34__fixed3__win3174__seed43.csv: 30 samples (mean 44.10 Mbps)
  loot__static_B_2020.01.16_10.43.34__fixed5__win3174__seed43.csv: 30 samples (mean 3.92 Mbps)
  loot__static_B_2020.01.16_10.43.34__cycle__win3174__seed43.csv: 30 samples (mean 57.88 Mbps)
  loot__static_B_2020.01.16_10.43.34__bandwidth__win3174__seed43.csv: 30 samples (mean 11.31 Mbps)
  loot__static_B_2020.01.16_10.43.34__fixed1__win3174__seed44.csv: 30 samples (mean 121.15 Mbps)
  loot__static_B_2020.01.16_10.43.34__fixed3__win3174__seed44.csv: 30 samples (mean 46.75 Mbps)
  loot__static_B_2020.01.16_10.43.34__fixed5__win3174__seed44.csv: 30 samples (mean 3.89 Mbps)
  loot__static_B_2020.01.16_10.43.34__cycle__win3174__seed44.csv: 30 samples (mean 59.55 Mbps)
  loot__static_B_2020.01.16_10.43.34__bandwidth__win3174__seed44.csv: 30 samples (mean 11.11 Mbps)
  redandblack__driving_B_2019.12.16_12.27.05__fixed1__win0__seed42.csv: 30 samples (mean 19.02 Mbps)
  redandblack__driving_B_2019.12.16_12.27.05__fixed3__win0__seed42.csv: 30 samples (mean 15.19 Mbps)
  redandblack__driving_B_2019.12.16_12.27.05__fixed5__win0__seed42.csv: 30 samples (mean 3.78 Mbps)
  redandblack__driving_B_2019.12.16_12.27.05__cycle__win0__seed42.csv: 30 samples (mean 15.79 Mbps)
  redandblack__driving_B_2019.12.16_12.27.05__bandwidth__win0__seed42.csv: 30 samples (mean 10.38 Mbps)
  redandblack__driving_B_2019.12.16_12.27.05__fixed1__win0__seed43.csv: 30 samples (mean 18.56 Mbps)
  redandblack__driving_B_2019.12.16_12.27.05__fixed3__win0__seed43.csv: 30 samples (mean 14.99 Mbps)
  redandblack__driving_B_2019.12.16_12.27.05__fixed5__win0__seed43.csv: 30 samples (mean 3.79 Mbps)
  redandblack__driving_B_2019.12.16_12.27.05__cycle__win0__seed43.csv: 30 samples (mean 15.92 Mbps)
  redandblack__driving_B_2019.12.16_12.27.05__bandwidth__win0__seed43.csv: 30 samples (mean 10.62 Mbps)
  redandblack__driving_B_2019.12.16_12.27.05__fixed1__win0__seed44.csv: 30 samples (mean 18.51 Mbps)
  redandblack__driving_B_2019.12.16_12.27.05__fixed3__win0__seed44.csv: 30 samples (mean 14.93 Mbps)
  redandblack__driving_B_2019.12.16_12.27.05__fixed5__win0__seed44.csv: 30 samples (mean 3.77 Mbps)
  redandblack__driving_B_2019.12.16_12.27.05__cycle__win0__seed44.csv: 30 samples (mean 16.07 Mbps)
  redandblack__driving_B_2019.12.16_12.27.05__bandwidth__win0__seed44.csv: 30 samples (mean 10.72 Mbps)
  redandblack__driving_B_2019.12.16_12.27.05__fixed1__win167__seed42.csv: 30 samples (mean 12.33 Mbps)
  redandblack__driving_B_2019.12.16_12.27.05__fixed3__win167__seed42.csv: 30 samples (mean 9.32 Mbps)
  redandblack__driving_B_2019.12.16_12.27.05__fixed5__win167__seed42.csv: 30 samples (mean 3.77 Mbps)
  redandblack__driving_B_2019.12.16_12.27.05__cycle__win167__seed42.csv: 30 samples (mean 9.57 Mbps)
  redandblack__driving_B_2019.12.16_12.27.05__bandwidth__win167__seed42.csv: 30 samples (mean 6.59 Mbps)
  redandblack__driving_B_2019.12.16_12.27.05__fixed1__win167__seed43.csv: 30 samples (mean 12.29 Mbps)
  redandblack__driving_B_2019.12.16_12.27.05__fixed3__win167__seed43.csv: 30 samples (mean 9.34 Mbps)
  redandblack__driving_B_2019.12.16_12.27.05__fixed5__win167__seed43.csv: 30 samples (mean 3.67 Mbps)
  redandblack__driving_B_2019.12.16_12.27.05__cycle__win167__seed43.csv: 30 samples (mean 9.67 Mbps)
  redandblack__driving_B_2019.12.16_12.27.05__bandwidth__win167__seed43.csv: 30 samples (mean 3.88 Mbps)
  redandblack__driving_B_2019.12.16_12.27.05__fixed1__win167__seed44.csv: 30 samples (mean 12.39 Mbps)
  redandblack__driving_B_2019.12.16_12.27.05__fixed3__win167__seed44.csv: 30 samples (mean 9.17 Mbps)
  redandblack__driving_B_2019.12.16_12.27.05__fixed5__win167__seed44.csv: 30 samples (mean 3.80 Mbps)
  redandblack__driving_B_2019.12.16_12.27.05__cycle__win167__seed44.csv: 30 samples (mean 9.69 Mbps)
  redandblack__driving_B_2019.12.16_12.27.05__bandwidth__win167__seed44.csv: 30 samples (mean 6.64 Mbps)
  redandblack__driving_B_2019.12.16_12.27.05__fixed1__win340__seed42.csv: 30 samples (mean 14.31 Mbps)
  redandblack__driving_B_2019.12.16_12.27.05__fixed3__win340__seed42.csv: 30 samples (mean 8.31 Mbps)
  redandblack__driving_B_2019.12.16_12.27.05__fixed5__win340__seed42.csv: 30 samples (mean 3.77 Mbps)
  redandblack__driving_B_2019.12.16_12.27.05__cycle__win340__seed42.csv: 30 samples (mean 11.25 Mbps)
  redandblack__driving_B_2019.12.16_12.27.05__bandwidth__win340__seed42.csv: 30 samples (mean 6.05 Mbps)
  redandblack__driving_B_2019.12.16_12.27.05__fixed1__win340__seed43.csv: 30 samples (mean 14.45 Mbps)
  redandblack__driving_B_2019.12.16_12.27.05__fixed3__win340__seed43.csv: 30 samples (mean 8.30 Mbps)
  redandblack__driving_B_2019.12.16_12.27.05__fixed5__win340__seed43.csv: 30 samples (mean 3.67 Mbps)
  redandblack__driving_B_2019.12.16_12.27.05__cycle__win340__seed43.csv: 30 samples (mean 11.22 Mbps)
  redandblack__driving_B_2019.12.16_12.27.05__bandwidth__win340__seed43.csv: 30 samples (mean 3.90 Mbps)
  redandblack__driving_B_2019.12.16_12.27.05__fixed1__win340__seed44.csv: 30 samples (mean 14.34 Mbps)
  redandblack__driving_B_2019.12.16_12.27.05__fixed3__win340__seed44.csv: 30 samples (mean 8.20 Mbps)
  redandblack__driving_B_2019.12.16_12.27.05__fixed5__win340__seed44.csv: 30 samples (mean 3.80 Mbps)
  redandblack__driving_B_2019.12.16_12.27.05__cycle__win340__seed44.csv: 30 samples (mean 11.01 Mbps)
  redandblack__driving_B_2019.12.16_12.27.05__bandwidth__win340__seed44.csv: 30 samples (mean 6.11 Mbps)
  redandblack__driving_B_2019.12.16_12.27.05__fixed1__win516__seed42.csv: 30 samples (mean 6.68 Mbps)
  redandblack__driving_B_2019.12.16_12.27.05__fixed3__win516__seed42.csv: 30 samples (mean 3.10 Mbps)
  redandblack__driving_B_2019.12.16_12.27.05__fixed5__win516__seed42.csv: 30 samples (mean 1.89 Mbps)
  redandblack__driving_B_2019.12.16_12.27.05__cycle__win516__seed42.csv: 30 samples (mean 5.10 Mbps)
  redandblack__driving_B_2019.12.16_12.27.05__bandwidth__win516__seed42.csv: 30 samples (mean 1.89 Mbps)
  redandblack__driving_B_2019.12.16_12.27.05__fixed1__win516__seed43.csv: 30 samples (mean 6.68 Mbps)
  redandblack__driving_B_2019.12.16_12.27.05__fixed3__win516__seed43.csv: 30 samples (mean 3.14 Mbps)
  redandblack__driving_B_2019.12.16_12.27.05__fixed5__win516__seed43.csv: 30 samples (mean 1.91 Mbps)
  redandblack__driving_B_2019.12.16_12.27.05__cycle__win516__seed43.csv: 30 samples (mean 5.36 Mbps)
  redandblack__driving_B_2019.12.16_12.27.05__bandwidth__win516__seed43.csv: 30 samples (mean 1.91 Mbps)
  redandblack__driving_B_2019.12.16_12.27.05__fixed1__win516__seed44.csv: 30 samples (mean 6.66 Mbps)
  redandblack__driving_B_2019.12.16_12.27.05__fixed3__win516__seed44.csv: 30 samples (mean 3.11 Mbps)
  redandblack__driving_B_2019.12.16_12.27.05__fixed5__win516__seed44.csv: 30 samples (mean 1.94 Mbps)
  redandblack__driving_B_2019.12.16_12.27.05__cycle__win516__seed44.csv: 30 samples (mean 5.06 Mbps)
  redandblack__driving_B_2019.12.16_12.27.05__bandwidth__win516__seed44.csv: 30 samples (mean 1.94 Mbps)
  redandblack__driving_B_2019.12.16_12.27.05__fixed1__win686__seed42.csv: 30 samples (mean 60.26 Mbps)
  redandblack__driving_B_2019.12.16_12.27.05__fixed3__win686__seed42.csv: 30 samples (mean 11.32 Mbps)
  redandblack__driving_B_2019.12.16_12.27.05__fixed5__win686__seed42.csv: 30 samples (mean 1.91 Mbps)
  redandblack__driving_B_2019.12.16_12.27.05__cycle__win686__seed42.csv: 30 samples (mean 26.12 Mbps)
  redandblack__driving_B_2019.12.16_12.27.05__bandwidth__win686__seed42.csv: 30 samples (mean 1.91 Mbps)
  redandblack__driving_B_2019.12.16_12.27.05__fixed1__win686__seed43.csv: 30 samples (mean 57.95 Mbps)
  redandblack__driving_B_2019.12.16_12.27.05__fixed3__win686__seed43.csv: 30 samples (mean 10.88 Mbps)
  redandblack__driving_B_2019.12.16_12.27.05__fixed5__win686__seed43.csv: 30 samples (mean 1.92 Mbps)
  redandblack__driving_B_2019.12.16_12.27.05__cycle__win686__seed43.csv: 30 samples (mean 28.29 Mbps)
  redandblack__driving_B_2019.12.16_12.27.05__bandwidth__win686__seed43.csv: 30 samples (mean 1.92 Mbps)
  redandblack__driving_B_2019.12.16_12.27.05__fixed1__win686__seed44.csv: 30 samples (mean 58.47 Mbps)
  redandblack__driving_B_2019.12.16_12.27.05__fixed3__win686__seed44.csv: 30 samples (mean 11.50 Mbps)
  redandblack__driving_B_2019.12.16_12.27.05__fixed5__win686__seed44.csv: 30 samples (mean 1.89 Mbps)
  redandblack__driving_B_2019.12.16_12.27.05__cycle__win686__seed44.csv: 30 samples (mean 28.31 Mbps)
  redandblack__driving_B_2019.12.16_12.27.05__bandwidth__win686__seed44.csv: 30 samples (mean 1.89 Mbps)
  redandblack__driving_B_2019.12.16_12.27.05__fixed1__win865__seed42.csv: 30 samples (mean 168.22 Mbps)
  redandblack__driving_B_2019.12.16_12.27.05__fixed3__win865__seed42.csv: 30 samples (mean 52.86 Mbps)
  redandblack__driving_B_2019.12.16_12.27.05__fixed5__win865__seed42.csv: 30 samples (mean 3.63 Mbps)
  redandblack__driving_B_2019.12.16_12.27.05__cycle__win865__seed42.csv: 30 samples (mean 80.56 Mbps)
  redandblack__driving_B_2019.12.16_12.27.05__bandwidth__win865__seed42.csv: 30 samples (mean 18.62 Mbps)
  redandblack__driving_B_2019.12.16_12.27.05__fixed1__win865__seed43.csv: 30 samples (mean 172.30 Mbps)
  redandblack__driving_B_2019.12.16_12.27.05__fixed3__win865__seed43.csv: 30 samples (mean 52.63 Mbps)
  redandblack__driving_B_2019.12.16_12.27.05__fixed5__win865__seed43.csv: 30 samples (mean 3.70 Mbps)
  redandblack__driving_B_2019.12.16_12.27.05__cycle__win865__seed43.csv: 30 samples (mean 79.40 Mbps)
  redandblack__driving_B_2019.12.16_12.27.05__bandwidth__win865__seed43.csv: 30 samples (mean 18.26 Mbps)
  redandblack__driving_B_2019.12.16_12.27.05__fixed1__win865__seed44.csv: 30 samples (mean 169.06 Mbps)
  redandblack__driving_B_2019.12.16_12.27.05__fixed3__win865__seed44.csv: 30 samples (mean 52.87 Mbps)
  redandblack__driving_B_2019.12.16_12.27.05__fixed5__win865__seed44.csv: 30 samples (mean 3.70 Mbps)
  redandblack__driving_B_2019.12.16_12.27.05__cycle__win865__seed44.csv: 30 samples (mean 78.59 Mbps)
  redandblack__driving_B_2019.12.16_12.27.05__bandwidth__win865__seed44.csv: 30 samples (mean 18.08 Mbps)
  redandblack__driving_B_2019.12.16_12.27.05__fixed1__win1025__seed42.csv: 30 samples (mean 68.68 Mbps)
  redandblack__driving_B_2019.12.16_12.27.05__fixed3__win1025__seed42.csv: 30 samples (mean 41.44 Mbps)
  redandblack__driving_B_2019.12.16_12.27.05__fixed5__win1025__seed42.csv: 30 samples (mean 3.63 Mbps)
  redandblack__driving_B_2019.12.16_12.27.05__cycle__win1025__seed42.csv: 30 samples (mean 43.70 Mbps)
  redandblack__driving_B_2019.12.16_12.27.05__bandwidth__win1025__seed42.csv: 30 samples (mean 17.30 Mbps)
  redandblack__driving_B_2019.12.16_12.27.05__fixed1__win1025__seed43.csv: 30 samples (mean 68.79 Mbps)
  redandblack__driving_B_2019.12.16_12.27.05__fixed3__win1025__seed43.csv: 30 samples (mean 41.03 Mbps)
  redandblack__driving_B_2019.12.16_12.27.05__fixed5__win1025__seed43.csv: 30 samples (mean 3.70 Mbps)
  redandblack__driving_B_2019.12.16_12.27.05__cycle__win1025__seed43.csv: 30 samples (mean 43.28 Mbps)
  redandblack__driving_B_2019.12.16_12.27.05__bandwidth__win1025__seed43.csv: 30 samples (mean 17.44 Mbps)
  redandblack__driving_B_2019.12.16_12.27.05__fixed1__win1025__seed44.csv: 30 samples (mean 67.39 Mbps)
  redandblack__driving_B_2019.12.16_12.27.05__fixed3__win1025__seed44.csv: 30 samples (mean 39.60 Mbps)
  redandblack__driving_B_2019.12.16_12.27.05__fixed5__win1025__seed44.csv: 30 samples (mean 3.70 Mbps)
  redandblack__driving_B_2019.12.16_12.27.05__cycle__win1025__seed44.csv: 30 samples (mean 42.99 Mbps)
  redandblack__driving_B_2019.12.16_12.27.05__bandwidth__win1025__seed44.csv: 30 samples (mean 17.27 Mbps)
  redandblack__driving_B_2019.12.16_12.27.05__fixed1__win1191__seed42.csv: 30 samples (mean 136.13 Mbps)
  redandblack__driving_B_2019.12.16_12.27.05__fixed3__win1191__seed42.csv: 30 samples (mean 54.67 Mbps)
  redandblack__driving_B_2019.12.16_12.27.05__fixed5__win1191__seed42.csv: 30 samples (mean 3.62 Mbps)
  redandblack__driving_B_2019.12.16_12.27.05__cycle__win1191__seed42.csv: 30 samples (mean 71.23 Mbps)
  redandblack__driving_B_2019.12.16_12.27.05__bandwidth__win1191__seed42.csv: 30 samples (mean 14.95 Mbps)
  redandblack__driving_B_2019.12.16_12.27.05__fixed1__win1191__seed43.csv: 30 samples (mean 139.20 Mbps)
  redandblack__driving_B_2019.12.16_12.27.05__fixed3__win1191__seed43.csv: 30 samples (mean 53.12 Mbps)
  redandblack__driving_B_2019.12.16_12.27.05__fixed5__win1191__seed43.csv: 30 samples (mean 3.56 Mbps)
  redandblack__driving_B_2019.12.16_12.27.05__cycle__win1191__seed43.csv: 30 samples (mean 71.91 Mbps)
  redandblack__driving_B_2019.12.16_12.27.05__bandwidth__win1191__seed43.csv: 30 samples (mean 4.92 Mbps)
  redandblack__driving_B_2019.12.16_12.27.05__fixed1__win1191__seed44.csv: 30 samples (mean 138.45 Mbps)
  redandblack__driving_B_2019.12.16_12.27.05__fixed3__win1191__seed44.csv: 30 samples (mean 54.38 Mbps)
  redandblack__driving_B_2019.12.16_12.27.05__fixed5__win1191__seed44.csv: 30 samples (mean 3.66 Mbps)
  redandblack__driving_B_2019.12.16_12.27.05__cycle__win1191__seed44.csv: 30 samples (mean 64.60 Mbps)
  redandblack__driving_B_2019.12.16_12.27.05__bandwidth__win1191__seed44.csv: 30 samples (mean 18.09 Mbps)
  redandblack__driving_B_2019.12.17_07.32.39__fixed1__win0__seed42.csv: 30 samples (mean 13.61 Mbps)
  redandblack__driving_B_2019.12.17_07.32.39__fixed3__win0__seed42.csv: 30 samples (mean 13.60 Mbps)
  redandblack__driving_B_2019.12.17_07.32.39__fixed5__win0__seed42.csv: 30 samples (mean 3.71 Mbps)
  redandblack__driving_B_2019.12.17_07.32.39__cycle__win0__seed42.csv: 30 samples (mean 9.80 Mbps)
  redandblack__driving_B_2019.12.17_07.32.39__bandwidth__win0__seed42.csv: 30 samples (mean 11.48 Mbps)
  redandblack__driving_B_2019.12.17_07.32.39__fixed1__win0__seed43.csv: 30 samples (mean 13.58 Mbps)
  redandblack__driving_B_2019.12.17_07.32.39__fixed3__win0__seed43.csv: 30 samples (mean 13.50 Mbps)
  redandblack__driving_B_2019.12.17_07.32.39__fixed5__win0__seed43.csv: 30 samples (mean 3.69 Mbps)
  redandblack__driving_B_2019.12.17_07.32.39__cycle__win0__seed43.csv: 30 samples (mean 9.93 Mbps)
  redandblack__driving_B_2019.12.17_07.32.39__bandwidth__win0__seed43.csv: 30 samples (mean 11.51 Mbps)
  redandblack__driving_B_2019.12.17_07.32.39__fixed1__win0__seed44.csv: 30 samples (mean 13.57 Mbps)
  redandblack__driving_B_2019.12.17_07.32.39__fixed3__win0__seed44.csv: 30 samples (mean 13.50 Mbps)
  redandblack__driving_B_2019.12.17_07.32.39__fixed5__win0__seed44.csv: 30 samples (mean 3.68 Mbps)
  redandblack__driving_B_2019.12.17_07.32.39__cycle__win0__seed44.csv: 30 samples (mean 9.99 Mbps)
  redandblack__driving_B_2019.12.17_07.32.39__bandwidth__win0__seed44.csv: 30 samples (mean 11.25 Mbps)
  redandblack__driving_B_2019.12.17_07.32.39__fixed1__win339__seed42.csv: 30 samples (mean 24.03 Mbps)
  redandblack__driving_B_2019.12.17_07.32.39__fixed3__win339__seed42.csv: 30 samples (mean 13.62 Mbps)
  redandblack__driving_B_2019.12.17_07.32.39__fixed5__win339__seed42.csv: 30 samples (mean 3.77 Mbps)
  redandblack__driving_B_2019.12.17_07.32.39__cycle__win339__seed42.csv: 30 samples (mean 13.21 Mbps)
  redandblack__driving_B_2019.12.17_07.32.39__bandwidth__win339__seed42.csv: 30 samples (mean 11.20 Mbps)
  redandblack__driving_B_2019.12.17_07.32.39__fixed1__win339__seed43.csv: 30 samples (mean 23.61 Mbps)
  redandblack__driving_B_2019.12.17_07.32.39__fixed3__win339__seed43.csv: 30 samples (mean 13.61 Mbps)
  redandblack__driving_B_2019.12.17_07.32.39__fixed5__win339__seed43.csv: 30 samples (mean 3.67 Mbps)
  redandblack__driving_B_2019.12.17_07.32.39__cycle__win339__seed43.csv: 30 samples (mean 12.73 Mbps)
  redandblack__driving_B_2019.12.17_07.32.39__bandwidth__win339__seed43.csv: 30 samples (mean 4.60 Mbps)
  redandblack__driving_B_2019.12.17_07.32.39__fixed1__win339__seed44.csv: 30 samples (mean 23.51 Mbps)
  redandblack__driving_B_2019.12.17_07.32.39__fixed3__win339__seed44.csv: 30 samples (mean 13.82 Mbps)
  redandblack__driving_B_2019.12.17_07.32.39__fixed5__win339__seed44.csv: 30 samples (mean 3.80 Mbps)
  redandblack__driving_B_2019.12.17_07.32.39__cycle__win339__seed44.csv: 30 samples (mean 13.16 Mbps)
  redandblack__driving_B_2019.12.17_07.32.39__bandwidth__win339__seed44.csv: 30 samples (mean 11.42 Mbps)
  redandblack__driving_B_2019.12.17_07.32.39__fixed1__win685__seed42.csv: 30 samples (mean 11.72 Mbps)
  redandblack__driving_B_2019.12.17_07.32.39__fixed3__win685__seed42.csv: 30 samples (mean 9.33 Mbps)
  redandblack__driving_B_2019.12.17_07.32.39__fixed5__win685__seed42.csv: 30 samples (mean 3.77 Mbps)
  redandblack__driving_B_2019.12.17_07.32.39__cycle__win685__seed42.csv: 30 samples (mean 10.76 Mbps)
  redandblack__driving_B_2019.12.17_07.32.39__bandwidth__win685__seed42.csv: 30 samples (mean 6.60 Mbps)
  redandblack__driving_B_2019.12.17_07.32.39__fixed1__win685__seed43.csv: 30 samples (mean 11.64 Mbps)
  redandblack__driving_B_2019.12.17_07.32.39__fixed3__win685__seed43.csv: 30 samples (mean 9.18 Mbps)
  redandblack__driving_B_2019.12.17_07.32.39__fixed5__win685__seed43.csv: 30 samples (mean 3.67 Mbps)
  redandblack__driving_B_2019.12.17_07.32.39__cycle__win685__seed43.csv: 30 samples (mean 10.36 Mbps)
  redandblack__driving_B_2019.12.17_07.32.39__bandwidth__win685__seed43.csv: 30 samples (mean 4.11 Mbps)
  redandblack__driving_B_2019.12.17_07.32.39__fixed1__win685__seed44.csv: 30 samples (mean 11.67 Mbps)
  redandblack__driving_B_2019.12.17_07.32.39__fixed3__win685__seed44.csv: 30 samples (mean 9.26 Mbps)
  redandblack__driving_B_2019.12.17_07.32.39__fixed5__win685__seed44.csv: 30 samples (mean 3.80 Mbps)
  redandblack__driving_B_2019.12.17_07.32.39__cycle__win685__seed44.csv: 30 samples (mean 10.54 Mbps)
  redandblack__driving_B_2019.12.17_07.32.39__bandwidth__win685__seed44.csv: 30 samples (mean 6.51 Mbps)
  redandblack__driving_B_2019.12.17_07.32.39__fixed1__win1017__seed42.csv: 30 samples (mean 15.48 Mbps)
  redandblack__driving_B_2019.12.17_07.32.39__fixed3__win1017__seed42.csv: 30 samples (mean 13.38 Mbps)
  redandblack__driving_B_2019.12.17_07.32.39__fixed5__win1017__seed42.csv: 30 samples (mean 1.83 Mbps)
  redandblack__driving_B_2019.12.17_07.32.39__cycle__win1017__seed42.csv: 30 samples (mean 13.54 Mbps)
  redandblack__driving_B_2019.12.17_07.32.39__bandwidth__win1017__seed42.csv: 30 samples (mean 1.83 Mbps)
  redandblack__driving_B_2019.12.17_07.32.39__fixed1__win1017__seed43.csv: 30 samples (mean 15.86 Mbps)
  redandblack__driving_B_2019.12.17_07.32.39__fixed3__win1017__seed43.csv: 30 samples (mean 13.27 Mbps)
  redandblack__driving_B_2019.12.17_07.32.39__fixed5__win1017__seed43.csv: 30 samples (mean 1.76 Mbps)
  redandblack__driving_B_2019.12.17_07.32.39__cycle__win1017__seed43.csv: 30 samples (mean 13.25 Mbps)
  redandblack__driving_B_2019.12.17_07.32.39__bandwidth__win1017__seed43.csv: 30 samples (mean 1.76 Mbps)
  redandblack__driving_B_2019.12.17_07.32.39__fixed1__win1017__seed44.csv: 30 samples (mean 15.66 Mbps)
  redandblack__driving_B_2019.12.17_07.32.39__fixed3__win1017__seed44.csv: 30 samples (mean 13.21 Mbps)
  redandblack__driving_B_2019.12.17_07.32.39__fixed5__win1017__seed44.csv: 30 samples (mean 1.77 Mbps)
  redandblack__driving_B_2019.12.17_07.32.39__cycle__win1017__seed44.csv: 30 samples (mean 13.22 Mbps)
  redandblack__driving_B_2019.12.17_07.32.39__bandwidth__win1017__seed44.csv: 30 samples (mean 1.77 Mbps)
  redandblack__driving_B_2019.12.17_07.32.39__fixed1__win1300__seed42.csv: 30 samples (mean 33.45 Mbps)
  redandblack__driving_B_2019.12.17_07.32.39__fixed3__win1300__seed42.csv: 30 samples (mean 19.89 Mbps)
  redandblack__driving_B_2019.12.17_07.32.39__fixed5__win1300__seed42.csv: 30 samples (mean 3.70 Mbps)
  redandblack__driving_B_2019.12.17_07.32.39__cycle__win1300__seed42.csv: 30 samples (mean 18.24 Mbps)
  redandblack__driving_B_2019.12.17_07.32.39__bandwidth__win1300__seed42.csv: 30 samples (mean 10.43 Mbps)
  redandblack__driving_B_2019.12.17_07.32.39__fixed1__win1300__seed43.csv: 30 samples (mean 32.31 Mbps)
  redandblack__driving_B_2019.12.17_07.32.39__fixed3__win1300__seed43.csv: 30 samples (mean 20.05 Mbps)
  redandblack__driving_B_2019.12.17_07.32.39__fixed5__win1300__seed43.csv: 30 samples (mean 3.56 Mbps)
  redandblack__driving_B_2019.12.17_07.32.39__cycle__win1300__seed43.csv: 30 samples (mean 18.56 Mbps)
  redandblack__driving_B_2019.12.17_07.32.39__bandwidth__win1300__seed43.csv: 30 samples (mean 3.58 Mbps)
  redandblack__driving_B_2019.12.17_07.32.39__fixed1__win1300__seed44.csv: 30 samples (mean 32.02 Mbps)
  redandblack__driving_B_2019.12.17_07.32.39__fixed3__win1300__seed44.csv: 30 samples (mean 19.61 Mbps)
  redandblack__driving_B_2019.12.17_07.32.39__fixed5__win1300__seed44.csv: 30 samples (mean 3.71 Mbps)
  redandblack__driving_B_2019.12.17_07.32.39__cycle__win1300__seed44.csv: 30 samples (mean 18.26 Mbps)
  redandblack__driving_B_2019.12.17_07.32.39__bandwidth__win1300__seed44.csv: 30 samples (mean 12.02 Mbps)
  redandblack__driving_B_2019.12.17_07.32.39__fixed1__win1634__seed42.csv: 30 samples (mean 28.53 Mbps)
  redandblack__driving_B_2019.12.17_07.32.39__fixed3__win1634__seed42.csv: 30 samples (mean 17.00 Mbps)
  redandblack__driving_B_2019.12.17_07.32.39__fixed5__win1634__seed42.csv: 30 samples (mean 3.38 Mbps)
  redandblack__driving_B_2019.12.17_07.32.39__cycle__win1634__seed42.csv: 30 samples (mean 19.70 Mbps)
  redandblack__driving_B_2019.12.17_07.32.39__bandwidth__win1634__seed42.csv: 30 samples (mean 3.54 Mbps)
  redandblack__driving_B_2019.12.17_07.32.39__fixed1__win1634__seed43.csv: 30 samples (mean 28.50 Mbps)
  redandblack__driving_B_2019.12.17_07.32.39__fixed3__win1634__seed43.csv: 30 samples (mean 16.95 Mbps)
  redandblack__driving_B_2019.12.17_07.32.39__fixed5__win1634__seed43.csv: 30 samples (mean 3.60 Mbps)
  redandblack__driving_B_2019.12.17_07.32.39__cycle__win1634__seed43.csv: 30 samples (mean 19.84 Mbps)
  redandblack__driving_B_2019.12.17_07.32.39__bandwidth__win1634__seed43.csv: 30 samples (mean 3.73 Mbps)
  redandblack__driving_B_2019.12.17_07.32.39__fixed1__win1634__seed44.csv: 30 samples (mean 28.56 Mbps)
  redandblack__driving_B_2019.12.17_07.32.39__fixed3__win1634__seed44.csv: 30 samples (mean 17.27 Mbps)
  redandblack__driving_B_2019.12.17_07.32.39__fixed5__win1634__seed44.csv: 30 samples (mean 3.59 Mbps)
  redandblack__driving_B_2019.12.17_07.32.39__cycle__win1634__seed44.csv: 30 samples (mean 19.67 Mbps)
  redandblack__driving_B_2019.12.17_07.32.39__bandwidth__win1634__seed44.csv: 30 samples (mean 3.59 Mbps)
  redandblack__driving_B_2019.12.17_07.32.39__fixed1__win1958__seed42.csv: 30 samples (mean 41.32 Mbps)
  redandblack__driving_B_2019.12.17_07.32.39__fixed3__win1958__seed42.csv: 30 samples (mean 18.93 Mbps)
  redandblack__driving_B_2019.12.17_07.32.39__fixed5__win1958__seed42.csv: 30 samples (mean 3.03 Mbps)
  redandblack__driving_B_2019.12.17_07.32.39__cycle__win1958__seed42.csv: 30 samples (mean 18.80 Mbps)
  redandblack__driving_B_2019.12.17_07.32.39__bandwidth__win1958__seed42.csv: 30 samples (mean 3.25 Mbps)
  redandblack__driving_B_2019.12.17_07.32.39__fixed1__win1958__seed43.csv: 30 samples (mean 41.45 Mbps)
  redandblack__driving_B_2019.12.17_07.32.39__fixed3__win1958__seed43.csv: 30 samples (mean 18.75 Mbps)
  redandblack__driving_B_2019.12.17_07.32.39__fixed5__win1958__seed43.csv: 30 samples (mean 2.90 Mbps)
  redandblack__driving_B_2019.12.17_07.32.39__cycle__win1958__seed43.csv: 30 samples (mean 18.86 Mbps)
  redandblack__driving_B_2019.12.17_07.32.39__bandwidth__win1958__seed43.csv: 30 samples (mean 2.90 Mbps)
  redandblack__driving_B_2019.12.17_07.32.39__fixed1__win1958__seed44.csv: 30 samples (mean 43.26 Mbps)
  redandblack__driving_B_2019.12.17_07.32.39__fixed3__win1958__seed44.csv: 30 samples (mean 18.80 Mbps)
  redandblack__driving_B_2019.12.17_07.32.39__fixed5__win1958__seed44.csv: 30 samples (mean 2.82 Mbps)
  redandblack__driving_B_2019.12.17_07.32.39__cycle__win1958__seed44.csv: 30 samples (mean 19.26 Mbps)
  redandblack__driving_B_2019.12.17_07.32.39__bandwidth__win1958__seed44.csv: 30 samples (mean 2.82 Mbps)
  redandblack__driving_B_2019.12.17_07.32.39__fixed1__win2319__seed42.csv: 30 samples (mean 171.71 Mbps)
  redandblack__driving_B_2019.12.17_07.32.39__fixed3__win2319__seed42.csv: 30 samples (mean 53.05 Mbps)
  redandblack__driving_B_2019.12.17_07.32.39__fixed5__win2319__seed42.csv: 30 samples (mean 3.63 Mbps)
  redandblack__driving_B_2019.12.17_07.32.39__cycle__win2319__seed42.csv: 30 samples (mean 95.70 Mbps)
  redandblack__driving_B_2019.12.17_07.32.39__bandwidth__win2319__seed42.csv: 30 samples (mean 11.96 Mbps)
  redandblack__driving_B_2019.12.17_07.32.39__fixed1__win2319__seed43.csv: 30 samples (mean 177.49 Mbps)
  redandblack__driving_B_2019.12.17_07.32.39__fixed3__win2319__seed43.csv: 30 samples (mean 52.76 Mbps)
  redandblack__driving_B_2019.12.17_07.32.39__fixed5__win2319__seed43.csv: 30 samples (mean 3.70 Mbps)
  redandblack__driving_B_2019.12.17_07.32.39__cycle__win2319__seed43.csv: 30 samples (mean 101.86 Mbps)
  redandblack__driving_B_2019.12.17_07.32.39__bandwidth__win2319__seed43.csv: 30 samples (mean 17.48 Mbps)
  redandblack__driving_B_2019.12.17_07.32.39__fixed1__win2319__seed44.csv: 30 samples (mean 170.34 Mbps)
  redandblack__driving_B_2019.12.17_07.32.39__fixed3__win2319__seed44.csv: 30 samples (mean 54.54 Mbps)
  redandblack__driving_B_2019.12.17_07.32.39__fixed5__win2319__seed44.csv: 30 samples (mean 3.70 Mbps)
  redandblack__driving_B_2019.12.17_07.32.39__cycle__win2319__seed44.csv: 30 samples (mean 98.97 Mbps)
  redandblack__driving_B_2019.12.17_07.32.39__bandwidth__win2319__seed44.csv: 30 samples (mean 17.99 Mbps)
  redandblack__driving_B_2020.01.16_07.26.43__fixed1__win0__seed42.csv: 30 samples (mean 10.97 Mbps)
  redandblack__driving_B_2020.01.16_07.26.43__fixed3__win0__seed42.csv: 30 samples (mean 10.10 Mbps)
  redandblack__driving_B_2020.01.16_07.26.43__fixed5__win0__seed42.csv: 30 samples (mean 3.59 Mbps)
  redandblack__driving_B_2020.01.16_07.26.43__cycle__win0__seed42.csv: 30 samples (mean 9.20 Mbps)
  redandblack__driving_B_2020.01.16_07.26.43__bandwidth__win0__seed42.csv: 30 samples (mean 6.33 Mbps)
  redandblack__driving_B_2020.01.16_07.26.43__fixed1__win0__seed43.csv: 30 samples (mean 11.00 Mbps)
  redandblack__driving_B_2020.01.16_07.26.43__fixed3__win0__seed43.csv: 30 samples (mean 10.23 Mbps)
  redandblack__driving_B_2020.01.16_07.26.43__fixed5__win0__seed43.csv: 30 samples (mean 3.60 Mbps)
  redandblack__driving_B_2020.01.16_07.26.43__cycle__win0__seed43.csv: 30 samples (mean 9.10 Mbps)
  redandblack__driving_B_2020.01.16_07.26.43__bandwidth__win0__seed43.csv: 30 samples (mean 6.94 Mbps)
  redandblack__driving_B_2020.01.16_07.26.43__fixed1__win0__seed44.csv: 30 samples (mean 10.97 Mbps)
  redandblack__driving_B_2020.01.16_07.26.43__fixed3__win0__seed44.csv: 30 samples (mean 10.24 Mbps)
  redandblack__driving_B_2020.01.16_07.26.43__fixed5__win0__seed44.csv: 30 samples (mean 3.63 Mbps)
  redandblack__driving_B_2020.01.16_07.26.43__cycle__win0__seed44.csv: 30 samples (mean 9.27 Mbps)
  redandblack__driving_B_2020.01.16_07.26.43__bandwidth__win0__seed44.csv: 30 samples (mean 6.51 Mbps)
  redandblack__driving_B_2020.01.16_07.26.43__fixed1__win216__seed42.csv: 30 samples (mean 13.47 Mbps)
  redandblack__driving_B_2020.01.16_07.26.43__fixed3__win216__seed42.csv: 30 samples (mean 10.14 Mbps)
  redandblack__driving_B_2020.01.16_07.26.43__fixed5__win216__seed42.csv: 30 samples (mean 3.21 Mbps)
  redandblack__driving_B_2020.01.16_07.26.43__cycle__win216__seed42.csv: 30 samples (mean 9.38 Mbps)
  redandblack__driving_B_2020.01.16_07.26.43__bandwidth__win216__seed42.csv: 30 samples (mean 4.59 Mbps)
  redandblack__driving_B_2020.01.16_07.26.43__fixed1__win216__seed43.csv: 30 samples (mean 13.46 Mbps)
  redandblack__driving_B_2020.01.16_07.26.43__fixed3__win216__seed43.csv: 30 samples (mean 10.24 Mbps)
  redandblack__driving_B_2020.01.16_07.26.43__fixed5__win216__seed43.csv: 30 samples (mean 3.11 Mbps)
  redandblack__driving_B_2020.01.16_07.26.43__cycle__win216__seed43.csv: 30 samples (mean 9.67 Mbps)
  redandblack__driving_B_2020.01.16_07.26.43__bandwidth__win216__seed43.csv: 30 samples (mean 4.00 Mbps)
  redandblack__driving_B_2020.01.16_07.26.43__fixed1__win216__seed44.csv: 30 samples (mean 13.48 Mbps)
  redandblack__driving_B_2020.01.16_07.26.43__fixed3__win216__seed44.csv: 30 samples (mean 10.43 Mbps)
  redandblack__driving_B_2020.01.16_07.26.43__fixed5__win216__seed44.csv: 30 samples (mean 3.19 Mbps)
  redandblack__driving_B_2020.01.16_07.26.43__cycle__win216__seed44.csv: 30 samples (mean 9.82 Mbps)
  redandblack__driving_B_2020.01.16_07.26.43__bandwidth__win216__seed44.csv: 30 samples (mean 4.63 Mbps)
  redandblack__driving_B_2020.01.16_07.26.43__fixed1__win506__seed42.csv: 30 samples (mean 9.37 Mbps)
  redandblack__driving_B_2020.01.16_07.26.43__fixed3__win506__seed42.csv: 30 samples (mean 9.63 Mbps)
  redandblack__driving_B_2020.01.16_07.26.43__fixed5__win506__seed42.csv: 30 samples (mean 3.77 Mbps)
  redandblack__driving_B_2020.01.16_07.26.43__cycle__win506__seed42.csv: 30 samples (mean 7.64 Mbps)
  redandblack__driving_B_2020.01.16_07.26.43__bandwidth__win506__seed42.csv: 30 samples (mean 6.58 Mbps)
  redandblack__driving_B_2020.01.16_07.26.43__fixed1__win506__seed43.csv: 30 samples (mean 9.38 Mbps)
  redandblack__driving_B_2020.01.16_07.26.43__fixed3__win506__seed43.csv: 30 samples (mean 9.64 Mbps)
  redandblack__driving_B_2020.01.16_07.26.43__fixed5__win506__seed43.csv: 30 samples (mean 3.67 Mbps)
  redandblack__driving_B_2020.01.16_07.26.43__cycle__win506__seed43.csv: 30 samples (mean 7.81 Mbps)
  redandblack__driving_B_2020.01.16_07.26.43__bandwidth__win506__seed43.csv: 30 samples (mean 4.09 Mbps)
  redandblack__driving_B_2020.01.16_07.26.43__fixed1__win506__seed44.csv: 30 samples (mean 9.30 Mbps)
  redandblack__driving_B_2020.01.16_07.26.43__fixed3__win506__seed44.csv: 30 samples (mean 9.61 Mbps)
  redandblack__driving_B_2020.01.16_07.26.43__fixed5__win506__seed44.csv: 30 samples (mean 3.80 Mbps)
  redandblack__driving_B_2020.01.16_07.26.43__cycle__win506__seed44.csv: 30 samples (mean 7.61 Mbps)
  redandblack__driving_B_2020.01.16_07.26.43__bandwidth__win506__seed44.csv: 30 samples (mean 6.87 Mbps)
  redandblack__driving_B_2020.01.16_07.26.43__fixed1__win729__seed42.csv: 30 samples (mean 16.52 Mbps)
  redandblack__driving_B_2020.01.16_07.26.43__fixed3__win729__seed42.csv: 30 samples (mean 14.70 Mbps)
  redandblack__driving_B_2020.01.16_07.26.43__fixed5__win729__seed42.csv: 30 samples (mean 3.64 Mbps)
  redandblack__driving_B_2020.01.16_07.26.43__cycle__win729__seed42.csv: 30 samples (mean 12.67 Mbps)
  redandblack__driving_B_2020.01.16_07.26.43__bandwidth__win729__seed42.csv: 30 samples (mean 9.80 Mbps)
  redandblack__driving_B_2020.01.16_07.26.43__fixed1__win729__seed43.csv: 30 samples (mean 16.48 Mbps)
  redandblack__driving_B_2020.01.16_07.26.43__fixed3__win729__seed43.csv: 30 samples (mean 14.96 Mbps)
  redandblack__driving_B_2020.01.16_07.26.43__fixed5__win729__seed43.csv: 30 samples (mean 3.53 Mbps)
  redandblack__driving_B_2020.01.16_07.26.43__cycle__win729__seed43.csv: 30 samples (mean 12.61 Mbps)
  redandblack__driving_B_2020.01.16_07.26.43__bandwidth__win729__seed43.csv: 30 samples (mean 4.26 Mbps)
  redandblack__driving_B_2020.01.16_07.26.43__fixed1__win729__seed44.csv: 30 samples (mean 16.48 Mbps)
  redandblack__driving_B_2020.01.16_07.26.43__fixed3__win729__seed44.csv: 30 samples (mean 15.02 Mbps)
  redandblack__driving_B_2020.01.16_07.26.43__fixed5__win729__seed44.csv: 30 samples (mean 3.63 Mbps)
  redandblack__driving_B_2020.01.16_07.26.43__cycle__win729__seed44.csv: 30 samples (mean 12.70 Mbps)
  redandblack__driving_B_2020.01.16_07.26.43__bandwidth__win729__seed44.csv: 30 samples (mean 10.37 Mbps)
  redandblack__driving_B_2020.01.16_07.26.43__fixed1__win1008__seed42.csv: 30 samples (mean 12.68 Mbps)
  redandblack__driving_B_2020.01.16_07.26.43__fixed3__win1008__seed42.csv: 30 samples (mean 14.09 Mbps)
  redandblack__driving_B_2020.01.16_07.26.43__fixed5__win1008__seed42.csv: 30 samples (mean 3.77 Mbps)
  redandblack__driving_B_2020.01.16_07.26.43__cycle__win1008__seed42.csv: 30 samples (mean 10.91 Mbps)
  redandblack__driving_B_2020.01.16_07.26.43__bandwidth__win1008__seed42.csv: 30 samples (mean 11.87 Mbps)
  redandblack__driving_B_2020.01.16_07.26.43__fixed1__win1008__seed43.csv: 30 samples (mean 12.77 Mbps)
  redandblack__driving_B_2020.01.16_07.26.43__fixed3__win1008__seed43.csv: 30 samples (mean 14.33 Mbps)
  redandblack__driving_B_2020.01.16_07.26.43__fixed5__win1008__seed43.csv: 30 samples (mean 3.67 Mbps)
  redandblack__driving_B_2020.01.16_07.26.43__cycle__win1008__seed43.csv: 30 samples (mean 10.68 Mbps)
  redandblack__driving_B_2020.01.16_07.26.43__bandwidth__win1008__seed43.csv: 30 samples (mean 5.15 Mbps)
  redandblack__driving_B_2020.01.16_07.26.43__fixed1__win1008__seed44.csv: 30 samples (mean 12.64 Mbps)
  redandblack__driving_B_2020.01.16_07.26.43__fixed3__win1008__seed44.csv: 30 samples (mean 14.06 Mbps)
  redandblack__driving_B_2020.01.16_07.26.43__fixed5__win1008__seed44.csv: 30 samples (mean 3.80 Mbps)
  redandblack__driving_B_2020.01.16_07.26.43__cycle__win1008__seed44.csv: 30 samples (mean 10.78 Mbps)
  redandblack__driving_B_2020.01.16_07.26.43__bandwidth__win1008__seed44.csv: 30 samples (mean 11.70 Mbps)
  redandblack__driving_B_2020.01.16_07.26.43__fixed1__win1219__seed42.csv: 30 samples (mean 10.28 Mbps)
  redandblack__driving_B_2020.01.16_07.26.43__fixed3__win1219__seed42.csv: 30 samples (mean 9.40 Mbps)
  redandblack__driving_B_2020.01.16_07.26.43__fixed5__win1219__seed42.csv: 30 samples (mean 3.77 Mbps)
  redandblack__driving_B_2020.01.16_07.26.43__cycle__win1219__seed42.csv: 30 samples (mean 8.16 Mbps)
  redandblack__driving_B_2020.01.16_07.26.43__bandwidth__win1219__seed42.csv: 30 samples (mean 6.57 Mbps)
  redandblack__driving_B_2020.01.16_07.26.43__fixed1__win1219__seed43.csv: 30 samples (mean 10.23 Mbps)
  redandblack__driving_B_2020.01.16_07.26.43__fixed3__win1219__seed43.csv: 30 samples (mean 9.41 Mbps)
  redandblack__driving_B_2020.01.16_07.26.43__fixed5__win1219__seed43.csv: 30 samples (mean 3.67 Mbps)
  redandblack__driving_B_2020.01.16_07.26.43__cycle__win1219__seed43.csv: 30 samples (mean 8.14 Mbps)
  redandblack__driving_B_2020.01.16_07.26.43__bandwidth__win1219__seed43.csv: 30 samples (mean 4.12 Mbps)
  redandblack__driving_B_2020.01.16_07.26.43__fixed1__win1219__seed44.csv: 30 samples (mean 10.25 Mbps)
  redandblack__driving_B_2020.01.16_07.26.43__fixed3__win1219__seed44.csv: 30 samples (mean 9.39 Mbps)
  redandblack__driving_B_2020.01.16_07.26.43__fixed5__win1219__seed44.csv: 30 samples (mean 3.80 Mbps)
  redandblack__driving_B_2020.01.16_07.26.43__cycle__win1219__seed44.csv: 30 samples (mean 8.19 Mbps)
  redandblack__driving_B_2020.01.16_07.26.43__bandwidth__win1219__seed44.csv: 30 samples (mean 6.65 Mbps)
  redandblack__driving_B_2020.01.16_07.26.43__fixed1__win1477__seed42.csv: 30 samples (mean 8.83 Mbps)
  redandblack__driving_B_2020.01.16_07.26.43__fixed3__win1477__seed42.csv: 30 samples (mean 6.80 Mbps)
  redandblack__driving_B_2020.01.16_07.26.43__fixed5__win1477__seed42.csv: 30 samples (mean 2.68 Mbps)
  redandblack__driving_B_2020.01.16_07.26.43__cycle__win1477__seed42.csv: 30 samples (mean 6.78 Mbps)
  redandblack__driving_B_2020.01.16_07.26.43__bandwidth__win1477__seed42.csv: 30 samples (mean 2.83 Mbps)
  redandblack__driving_B_2020.01.16_07.26.43__fixed1__win1477__seed43.csv: 30 samples (mean 8.80 Mbps)
  redandblack__driving_B_2020.01.16_07.26.43__fixed3__win1477__seed43.csv: 30 samples (mean 6.75 Mbps)
  redandblack__driving_B_2020.01.16_07.26.43__fixed5__win1477__seed43.csv: 30 samples (mean 2.97 Mbps)
  redandblack__driving_B_2020.01.16_07.26.43__cycle__win1477__seed43.csv: 30 samples (mean 6.82 Mbps)
  redandblack__driving_B_2020.01.16_07.26.43__bandwidth__win1477__seed43.csv: 30 samples (mean 3.11 Mbps)
  redandblack__driving_B_2020.01.16_07.26.43__fixed1__win1477__seed44.csv: 30 samples (mean 8.82 Mbps)
  redandblack__driving_B_2020.01.16_07.26.43__fixed3__win1477__seed44.csv: 30 samples (mean 6.75 Mbps)
  redandblack__driving_B_2020.01.16_07.26.43__fixed5__win1477__seed44.csv: 30 samples (mean 2.56 Mbps)
  redandblack__driving_B_2020.01.16_07.26.43__cycle__win1477__seed44.csv: 30 samples (mean 6.87 Mbps)
  redandblack__driving_B_2020.01.16_07.26.43__bandwidth__win1477__seed44.csv: 30 samples (mean 2.68 Mbps)
  redandblack__driving_B_2020.01.16_07.26.43__fixed1__win1687__seed42.csv: 30 samples (mean 11.77 Mbps)
  redandblack__driving_B_2020.01.16_07.26.43__fixed3__win1687__seed42.csv: 30 samples (mean 8.64 Mbps)
  redandblack__driving_B_2020.01.16_07.26.43__fixed5__win1687__seed42.csv: 30 samples (mean 3.77 Mbps)
  redandblack__driving_B_2020.01.16_07.26.43__cycle__win1687__seed42.csv: 30 samples (mean 7.98 Mbps)
  redandblack__driving_B_2020.01.16_07.26.43__bandwidth__win1687__seed42.csv: 30 samples (mean 6.62 Mbps)
  redandblack__driving_B_2020.01.16_07.26.43__fixed1__win1687__seed43.csv: 30 samples (mean 11.63 Mbps)
  redandblack__driving_B_2020.01.16_07.26.43__fixed3__win1687__seed43.csv: 30 samples (mean 8.58 Mbps)
  redandblack__driving_B_2020.01.16_07.26.43__fixed5__win1687__seed43.csv: 30 samples (mean 3.67 Mbps)
  redandblack__driving_B_2020.01.16_07.26.43__cycle__win1687__seed43.csv: 30 samples (mean 8.13 Mbps)
  redandblack__driving_B_2020.01.16_07.26.43__bandwidth__win1687__seed43.csv: 30 samples (mean 4.08 Mbps)
  redandblack__driving_B_2020.01.16_07.26.43__fixed1__win1687__seed44.csv: 30 samples (mean 11.61 Mbps)
  redandblack__driving_B_2020.01.16_07.26.43__fixed3__win1687__seed44.csv: 30 samples (mean 8.69 Mbps)
  redandblack__driving_B_2020.01.16_07.26.43__fixed5__win1687__seed44.csv: 30 samples (mean 3.80 Mbps)
  redandblack__driving_B_2020.01.16_07.26.43__cycle__win1687__seed44.csv: 30 samples (mean 8.04 Mbps)
  redandblack__driving_B_2020.01.16_07.26.43__bandwidth__win1687__seed44.csv: 30 samples (mean 6.72 Mbps)
  redandblack__driving_B_2020.01.16_09.56.56__fixed1__win0__seed42.csv: 30 samples (mean 15.18 Mbps)
  redandblack__driving_B_2020.01.16_09.56.56__fixed3__win0__seed42.csv: 30 samples (mean 14.65 Mbps)
  redandblack__driving_B_2020.01.16_09.56.56__fixed5__win0__seed42.csv: 30 samples (mean 3.58 Mbps)
  redandblack__driving_B_2020.01.16_09.56.56__cycle__win0__seed42.csv: 30 samples (mean 12.73 Mbps)
  redandblack__driving_B_2020.01.16_09.56.56__bandwidth__win0__seed42.csv: 30 samples (mean 11.79 Mbps)
  redandblack__driving_B_2020.01.16_09.56.56__fixed1__win0__seed43.csv: 30 samples (mean 15.15 Mbps)
  redandblack__driving_B_2020.01.16_09.56.56__fixed3__win0__seed43.csv: 30 samples (mean 14.87 Mbps)
  redandblack__driving_B_2020.01.16_09.56.56__fixed5__win0__seed43.csv: 30 samples (mean 3.67 Mbps)
  redandblack__driving_B_2020.01.16_09.56.56__cycle__win0__seed43.csv: 30 samples (mean 12.44 Mbps)
  redandblack__driving_B_2020.01.16_09.56.56__bandwidth__win0__seed43.csv: 30 samples (mean 12.13 Mbps)
  redandblack__driving_B_2020.01.16_09.56.56__fixed1__win0__seed44.csv: 30 samples (mean 15.00 Mbps)
  redandblack__driving_B_2020.01.16_09.56.56__fixed3__win0__seed44.csv: 30 samples (mean 14.79 Mbps)
  redandblack__driving_B_2020.01.16_09.56.56__fixed5__win0__seed44.csv: 30 samples (mean 3.68 Mbps)
  redandblack__driving_B_2020.01.16_09.56.56__cycle__win0__seed44.csv: 30 samples (mean 12.73 Mbps)
  redandblack__driving_B_2020.01.16_09.56.56__bandwidth__win0__seed44.csv: 30 samples (mean 12.17 Mbps)
  redandblack__driving_B_2020.01.16_09.56.56__fixed1__win227__seed42.csv: 30 samples (mean 37.10 Mbps)
  redandblack__driving_B_2020.01.16_09.56.56__fixed3__win227__seed42.csv: 30 samples (mean 13.99 Mbps)
  redandblack__driving_B_2020.01.16_09.56.56__fixed5__win227__seed42.csv: 30 samples (mean 3.62 Mbps)
  redandblack__driving_B_2020.01.16_09.56.56__cycle__win227__seed42.csv: 30 samples (mean 16.31 Mbps)
  redandblack__driving_B_2020.01.16_09.56.56__bandwidth__win227__seed42.csv: 30 samples (mean 11.02 Mbps)
  redandblack__driving_B_2020.01.16_09.56.56__fixed1__win227__seed43.csv: 30 samples (mean 36.64 Mbps)
  redandblack__driving_B_2020.01.16_09.56.56__fixed3__win227__seed43.csv: 30 samples (mean 14.21 Mbps)
  redandblack__driving_B_2020.01.16_09.56.56__fixed5__win227__seed43.csv: 30 samples (mean 3.70 Mbps)
  redandblack__driving_B_2020.01.16_09.56.56__cycle__win227__seed43.csv: 30 samples (mean 16.29 Mbps)
  redandblack__driving_B_2020.01.16_09.56.56__bandwidth__win227__seed43.csv: 30 samples (mean 9.94 Mbps)
  redandblack__driving_B_2020.01.16_09.56.56__fixed1__win227__seed44.csv: 30 samples (mean 36.97 Mbps)
  redandblack__driving_B_2020.01.16_09.56.56__fixed3__win227__seed44.csv: 30 samples (mean 14.31 Mbps)
  redandblack__driving_B_2020.01.16_09.56.56__fixed5__win227__seed44.csv: 30 samples (mean 3.70 Mbps)
  redandblack__driving_B_2020.01.16_09.56.56__cycle__win227__seed44.csv: 30 samples (mean 16.18 Mbps)
  redandblack__driving_B_2020.01.16_09.56.56__bandwidth__win227__seed44.csv: 30 samples (mean 10.33 Mbps)
  redandblack__driving_B_2020.01.16_09.56.56__fixed1__win526__seed42.csv: 30 samples (mean 42.09 Mbps)
  redandblack__driving_B_2020.01.16_09.56.56__fixed3__win526__seed42.csv: 30 samples (mean 24.73 Mbps)
  redandblack__driving_B_2020.01.16_09.56.56__fixed5__win526__seed42.csv: 30 samples (mean 3.77 Mbps)
  redandblack__driving_B_2020.01.16_09.56.56__cycle__win526__seed42.csv: 30 samples (mean 19.31 Mbps)
  redandblack__driving_B_2020.01.16_09.56.56__bandwidth__win526__seed42.csv: 30 samples (mean 14.38 Mbps)
  redandblack__driving_B_2020.01.16_09.56.56__fixed1__win526__seed43.csv: 30 samples (mean 43.56 Mbps)
  redandblack__driving_B_2020.01.16_09.56.56__fixed3__win526__seed43.csv: 30 samples (mean 25.62 Mbps)
  redandblack__driving_B_2020.01.16_09.56.56__fixed5__win526__seed43.csv: 30 samples (mean 3.67 Mbps)
  redandblack__driving_B_2020.01.16_09.56.56__cycle__win526__seed43.csv: 30 samples (mean 19.29 Mbps)
  redandblack__driving_B_2020.01.16_09.56.56__bandwidth__win526__seed43.csv: 30 samples (mean 5.15 Mbps)
  redandblack__driving_B_2020.01.16_09.56.56__fixed1__win526__seed44.csv: 30 samples (mean 42.81 Mbps)
  redandblack__driving_B_2020.01.16_09.56.56__fixed3__win526__seed44.csv: 30 samples (mean 25.23 Mbps)
  redandblack__driving_B_2020.01.16_09.56.56__fixed5__win526__seed44.csv: 30 samples (mean 3.80 Mbps)
  redandblack__driving_B_2020.01.16_09.56.56__cycle__win526__seed44.csv: 30 samples (mean 19.32 Mbps)
  redandblack__driving_B_2020.01.16_09.56.56__bandwidth__win526__seed44.csv: 30 samples (mean 19.42 Mbps)
  redandblack__driving_B_2020.01.16_09.56.56__fixed1__win750__seed42.csv: 30 samples (mean 34.38 Mbps)
  redandblack__driving_B_2020.01.16_09.56.56__fixed3__win750__seed42.csv: 30 samples (mean 44.49 Mbps)
  redandblack__driving_B_2020.01.16_09.56.56__fixed5__win750__seed42.csv: 30 samples (mean 3.77 Mbps)
  redandblack__driving_B_2020.01.16_09.56.56__cycle__win750__seed42.csv: 30 samples (mean 19.54 Mbps)
  redandblack__driving_B_2020.01.16_09.56.56__bandwidth__win750__seed42.csv: 30 samples (mean 15.59 Mbps)
  redandblack__driving_B_2020.01.16_09.56.56__fixed1__win750__seed43.csv: 30 samples (mean 37.99 Mbps)
  redandblack__driving_B_2020.01.16_09.56.56__fixed3__win750__seed43.csv: 30 samples (mean 44.52 Mbps)
  redandblack__driving_B_2020.01.16_09.56.56__fixed5__win750__seed43.csv: 30 samples (mean 3.67 Mbps)
  redandblack__driving_B_2020.01.16_09.56.56__cycle__win750__seed43.csv: 30 samples (mean 21.71 Mbps)
  redandblack__driving_B_2020.01.16_09.56.56__bandwidth__win750__seed43.csv: 30 samples (mean 5.15 Mbps)
  redandblack__driving_B_2020.01.16_09.56.56__fixed1__win750__seed44.csv: 30 samples (mean 33.90 Mbps)
  redandblack__driving_B_2020.01.16_09.56.56__fixed3__win750__seed44.csv: 30 samples (mean 45.98 Mbps)
  redandblack__driving_B_2020.01.16_09.56.56__fixed5__win750__seed44.csv: 30 samples (mean 3.80 Mbps)
  redandblack__driving_B_2020.01.16_09.56.56__cycle__win750__seed44.csv: 30 samples (mean 19.69 Mbps)
  redandblack__driving_B_2020.01.16_09.56.56__bandwidth__win750__seed44.csv: 30 samples (mean 58.65 Mbps)
  redandblack__driving_B_2020.01.16_09.56.56__fixed1__win912__seed42.csv: 30 samples (mean 10.86 Mbps)
  redandblack__driving_B_2020.01.16_09.56.56__fixed3__win912__seed42.csv: 30 samples (mean 14.69 Mbps)
  redandblack__driving_B_2020.01.16_09.56.56__fixed5__win912__seed42.csv: 30 samples (mean 3.18 Mbps)
  redandblack__driving_B_2020.01.16_09.56.56__cycle__win912__seed42.csv: 30 samples (mean 8.27 Mbps)
  redandblack__driving_B_2020.01.16_09.56.56__bandwidth__win912__seed42.csv: 30 samples (mean 5.62 Mbps)
  redandblack__driving_B_2020.01.16_09.56.56__fixed1__win912__seed43.csv: 30 samples (mean 10.92 Mbps)
  redandblack__driving_B_2020.01.16_09.56.56__fixed3__win912__seed43.csv: 30 samples (mean 14.92 Mbps)
  redandblack__driving_B_2020.01.16_09.56.56__fixed5__win912__seed43.csv: 30 samples (mean 3.02 Mbps)
  redandblack__driving_B_2020.01.16_09.56.56__cycle__win912__seed43.csv: 30 samples (mean 8.21 Mbps)
  redandblack__driving_B_2020.01.16_09.56.56__bandwidth__win912__seed43.csv: 30 samples (mean 3.02 Mbps)
  redandblack__driving_B_2020.01.16_09.56.56__fixed1__win912__seed44.csv: 30 samples (mean 10.90 Mbps)
  redandblack__driving_B_2020.01.16_09.56.56__fixed3__win912__seed44.csv: 30 samples (mean 14.57 Mbps)
  redandblack__driving_B_2020.01.16_09.56.56__fixed5__win912__seed44.csv: 30 samples (mean 3.22 Mbps)
  redandblack__driving_B_2020.01.16_09.56.56__cycle__win912__seed44.csv: 30 samples (mean 8.45 Mbps)
  redandblack__driving_B_2020.01.16_09.56.56__bandwidth__win912__seed44.csv: 30 samples (mean 5.55 Mbps)
  redandblack__driving_B_2020.01.16_09.56.56__fixed1__win1142__seed42.csv: 30 samples (mean 17.87 Mbps)
  redandblack__driving_B_2020.01.16_09.56.56__fixed3__win1142__seed42.csv: 30 samples (mean 18.82 Mbps)
  redandblack__driving_B_2020.01.16_09.56.56__fixed5__win1142__seed42.csv: 30 samples (mean 3.50 Mbps)
  redandblack__driving_B_2020.01.16_09.56.56__cycle__win1142__seed42.csv: 30 samples (mean 18.45 Mbps)
  redandblack__driving_B_2020.01.16_09.56.56__bandwidth__win1142__seed42.csv: 30 samples (mean 9.16 Mbps)
  redandblack__driving_B_2020.01.16_09.56.56__fixed1__win1142__seed43.csv: 30 samples (mean 17.57 Mbps)
  redandblack__driving_B_2020.01.16_09.56.56__fixed3__win1142__seed43.csv: 30 samples (mean 17.81 Mbps)
  redandblack__driving_B_2020.01.16_09.56.56__fixed5__win1142__seed43.csv: 30 samples (mean 3.34 Mbps)
  redandblack__driving_B_2020.01.16_09.56.56__cycle__win1142__seed43.csv: 30 samples (mean 18.39 Mbps)
  redandblack__driving_B_2020.01.16_09.56.56__bandwidth__win1142__seed43.csv: 30 samples (mean 3.34 Mbps)
  redandblack__driving_B_2020.01.16_09.56.56__fixed1__win1142__seed44.csv: 30 samples (mean 17.76 Mbps)
  redandblack__driving_B_2020.01.16_09.56.56__fixed3__win1142__seed44.csv: 30 samples (mean 17.60 Mbps)
  redandblack__driving_B_2020.01.16_09.56.56__fixed5__win1142__seed44.csv: 30 samples (mean 3.46 Mbps)
  redandblack__driving_B_2020.01.16_09.56.56__cycle__win1142__seed44.csv: 30 samples (mean 17.57 Mbps)
  redandblack__driving_B_2020.01.16_09.56.56__bandwidth__win1142__seed44.csv: 30 samples (mean 9.52 Mbps)
  redandblack__driving_B_2020.01.16_09.56.56__fixed1__win1367__seed42.csv: 30 samples (mean 40.23 Mbps)
  redandblack__driving_B_2020.01.16_09.56.56__fixed3__win1367__seed42.csv: 30 samples (mean 24.43 Mbps)
  redandblack__driving_B_2020.01.16_09.56.56__fixed5__win1367__seed42.csv: 30 samples (mean 3.77 Mbps)
  redandblack__driving_B_2020.01.16_09.56.56__cycle__win1367__seed42.csv: 30 samples (mean 17.60 Mbps)
  redandblack__driving_B_2020.01.16_09.56.56__bandwidth__win1367__seed42.csv: 30 samples (mean 14.06 Mbps)
  redandblack__driving_B_2020.01.16_09.56.56__fixed1__win1367__seed43.csv: 30 samples (mean 40.97 Mbps)
  redandblack__driving_B_2020.01.16_09.56.56__fixed3__win1367__seed43.csv: 30 samples (mean 24.12 Mbps)
  redandblack__driving_B_2020.01.16_09.56.56__fixed5__win1367__seed43.csv: 30 samples (mean 3.67 Mbps)
  redandblack__driving_B_2020.01.16_09.56.56__cycle__win1367__seed43.csv: 30 samples (mean 18.08 Mbps)
  redandblack__driving_B_2020.01.16_09.56.56__bandwidth__win1367__seed43.csv: 30 samples (mean 5.15 Mbps)
  redandblack__driving_B_2020.01.16_09.56.56__fixed1__win1367__seed44.csv: 30 samples (mean 40.26 Mbps)
  redandblack__driving_B_2020.01.16_09.56.56__fixed3__win1367__seed44.csv: 30 samples (mean 23.77 Mbps)
  redandblack__driving_B_2020.01.16_09.56.56__fixed5__win1367__seed44.csv: 30 samples (mean 3.80 Mbps)
  redandblack__driving_B_2020.01.16_09.56.56__cycle__win1367__seed44.csv: 30 samples (mean 17.76 Mbps)
  redandblack__driving_B_2020.01.16_09.56.56__bandwidth__win1367__seed44.csv: 30 samples (mean 19.59 Mbps)
  redandblack__driving_B_2020.01.16_09.56.56__fixed1__win1594__seed42.csv: 30 samples (mean 46.43 Mbps)
  redandblack__driving_B_2020.01.16_09.56.56__fixed3__win1594__seed42.csv: 30 samples (mean 45.32 Mbps)
  redandblack__driving_B_2020.01.16_09.56.56__fixed5__win1594__seed42.csv: 30 samples (mean 3.77 Mbps)
  redandblack__driving_B_2020.01.16_09.56.56__cycle__win1594__seed42.csv: 30 samples (mean 36.19 Mbps)
  redandblack__driving_B_2020.01.16_09.56.56__bandwidth__win1594__seed42.csv: 30 samples (mean 18.11 Mbps)
  redandblack__driving_B_2020.01.16_09.56.56__fixed1__win1594__seed43.csv: 30 samples (mean 46.83 Mbps)
  redandblack__driving_B_2020.01.16_09.56.56__fixed3__win1594__seed43.csv: 30 samples (mean 47.30 Mbps)
  redandblack__driving_B_2020.01.16_09.56.56__fixed5__win1594__seed43.csv: 30 samples (mean 3.67 Mbps)
  redandblack__driving_B_2020.01.16_09.56.56__cycle__win1594__seed43.csv: 30 samples (mean 36.88 Mbps)
  redandblack__driving_B_2020.01.16_09.56.56__bandwidth__win1594__seed43.csv: 30 samples (mean 5.15 Mbps)
  redandblack__driving_B_2020.01.16_09.56.56__fixed1__win1594__seed44.csv: 30 samples (mean 45.98 Mbps)
  redandblack__driving_B_2020.01.16_09.56.56__fixed3__win1594__seed44.csv: 30 samples (mean 42.94 Mbps)
  redandblack__driving_B_2020.01.16_09.56.56__fixed5__win1594__seed44.csv: 30 samples (mean 3.80 Mbps)
  redandblack__driving_B_2020.01.16_09.56.56__cycle__win1594__seed44.csv: 30 samples (mean 36.27 Mbps)
  redandblack__driving_B_2020.01.16_09.56.56__bandwidth__win1594__seed44.csv: 30 samples (mean 29.20 Mbps)
  redandblack__driving_B_2020.01.16_12.10.03__fixed1__win0__seed42.csv: 30 samples (mean 180.27 Mbps)
  redandblack__driving_B_2020.01.16_12.10.03__fixed3__win0__seed42.csv: 30 samples (mean 52.78 Mbps)
  redandblack__driving_B_2020.01.16_12.10.03__fixed5__win0__seed42.csv: 30 samples (mean 3.75 Mbps)
  redandblack__driving_B_2020.01.16_12.10.03__cycle__win0__seed42.csv: 30 samples (mean 81.60 Mbps)
  redandblack__driving_B_2020.01.16_12.10.03__bandwidth__win0__seed42.csv: 30 samples (mean 81.83 Mbps)
  redandblack__driving_B_2020.01.16_12.10.03__fixed1__win0__seed43.csv: 30 samples (mean 174.15 Mbps)
  redandblack__driving_B_2020.01.16_12.10.03__fixed3__win0__seed43.csv: 30 samples (mean 52.53 Mbps)
  redandblack__driving_B_2020.01.16_12.10.03__fixed5__win0__seed43.csv: 30 samples (mean 3.69 Mbps)
  redandblack__driving_B_2020.01.16_12.10.03__cycle__win0__seed43.csv: 30 samples (mean 84.86 Mbps)
  redandblack__driving_B_2020.01.16_12.10.03__bandwidth__win0__seed43.csv: 30 samples (mean 77.79 Mbps)
  redandblack__driving_B_2020.01.16_12.10.03__fixed1__win0__seed44.csv: 30 samples (mean 175.50 Mbps)
  redandblack__driving_B_2020.01.16_12.10.03__fixed3__win0__seed44.csv: 30 samples (mean 52.75 Mbps)
  redandblack__driving_B_2020.01.16_12.10.03__fixed5__win0__seed44.csv: 30 samples (mean 3.68 Mbps)
  redandblack__driving_B_2020.01.16_12.10.03__cycle__win0__seed44.csv: 30 samples (mean 82.44 Mbps)
  redandblack__driving_B_2020.01.16_12.10.03__bandwidth__win0__seed44.csv: 30 samples (mean 76.87 Mbps)
  redandblack__driving_B_2020.01.16_12.10.03__fixed1__win58__seed42.csv: 30 samples (mean 89.23 Mbps)
  redandblack__driving_B_2020.01.16_12.10.03__fixed3__win58__seed42.csv: 30 samples (mean 16.18 Mbps)
  redandblack__driving_B_2020.01.16_12.10.03__fixed5__win58__seed42.csv: 30 samples (mean 3.77 Mbps)
  redandblack__driving_B_2020.01.16_12.10.03__cycle__win58__seed42.csv: 30 samples (mean 39.56 Mbps)
  redandblack__driving_B_2020.01.16_12.10.03__bandwidth__win58__seed42.csv: 30 samples (mean 10.21 Mbps)
  redandblack__driving_B_2020.01.16_12.10.03__fixed1__win58__seed43.csv: 30 samples (mean 90.59 Mbps)
  redandblack__driving_B_2020.01.16_12.10.03__fixed3__win58__seed43.csv: 30 samples (mean 17.48 Mbps)
  redandblack__driving_B_2020.01.16_12.10.03__fixed5__win58__seed43.csv: 30 samples (mean 3.67 Mbps)
  redandblack__driving_B_2020.01.16_12.10.03__cycle__win58__seed43.csv: 30 samples (mean 36.50 Mbps)
  redandblack__driving_B_2020.01.16_12.10.03__bandwidth__win58__seed43.csv: 30 samples (mean 4.73 Mbps)
  redandblack__driving_B_2020.01.16_12.10.03__fixed1__win58__seed44.csv: 30 samples (mean 93.44 Mbps)
  redandblack__driving_B_2020.01.16_12.10.03__fixed3__win58__seed44.csv: 30 samples (mean 17.09 Mbps)
  redandblack__driving_B_2020.01.16_12.10.03__fixed5__win58__seed44.csv: 30 samples (mean 3.80 Mbps)
  redandblack__driving_B_2020.01.16_12.10.03__cycle__win58__seed44.csv: 30 samples (mean 36.83 Mbps)
  redandblack__driving_B_2020.01.16_12.10.03__bandwidth__win58__seed44.csv: 30 samples (mean 9.52 Mbps)
  redandblack__driving_B_2020.01.16_12.10.03__fixed1__win114__seed42.csv: 30 samples (mean 97.56 Mbps)
  redandblack__driving_B_2020.01.16_12.10.03__fixed3__win114__seed42.csv: 30 samples (mean 53.29 Mbps)
  redandblack__driving_B_2020.01.16_12.10.03__fixed5__win114__seed42.csv: 30 samples (mean 3.77 Mbps)
  redandblack__driving_B_2020.01.16_12.10.03__cycle__win114__seed42.csv: 30 samples (mean 64.86 Mbps)
  redandblack__driving_B_2020.01.16_12.10.03__bandwidth__win114__seed42.csv: 30 samples (mean 18.11 Mbps)
  redandblack__driving_B_2020.01.16_12.10.03__fixed1__win114__seed43.csv: 30 samples (mean 93.96 Mbps)
  redandblack__driving_B_2020.01.16_12.10.03__fixed3__win114__seed43.csv: 30 samples (mean 52.88 Mbps)
  redandblack__driving_B_2020.01.16_12.10.03__fixed5__win114__seed43.csv: 30 samples (mean 3.67 Mbps)
  redandblack__driving_B_2020.01.16_12.10.03__cycle__win114__seed43.csv: 30 samples (mean 62.50 Mbps)
  redandblack__driving_B_2020.01.16_12.10.03__bandwidth__win114__seed43.csv: 30 samples (mean 5.15 Mbps)
  redandblack__driving_B_2020.01.16_12.10.03__fixed1__win114__seed44.csv: 30 samples (mean 106.83 Mbps)
  redandblack__driving_B_2020.01.16_12.10.03__fixed3__win114__seed44.csv: 30 samples (mean 54.63 Mbps)
  redandblack__driving_B_2020.01.16_12.10.03__fixed5__win114__seed44.csv: 30 samples (mean 3.80 Mbps)
  redandblack__driving_B_2020.01.16_12.10.03__cycle__win114__seed44.csv: 30 samples (mean 58.30 Mbps)
  redandblack__driving_B_2020.01.16_12.10.03__bandwidth__win114__seed44.csv: 30 samples (mean 79.49 Mbps)
  redandblack__driving_B_2020.01.16_12.10.03__fixed1__win171__seed42.csv: 30 samples (mean 111.71 Mbps)
  redandblack__driving_B_2020.01.16_12.10.03__fixed3__win171__seed42.csv: 30 samples (mean 51.66 Mbps)
  redandblack__driving_B_2020.01.16_12.10.03__fixed5__win171__seed42.csv: 30 samples (mean 3.69 Mbps)
  redandblack__driving_B_2020.01.16_12.10.03__cycle__win171__seed42.csv: 30 samples (mean 59.28 Mbps)
  redandblack__driving_B_2020.01.16_12.10.03__bandwidth__win171__seed42.csv: 30 samples (mean 12.13 Mbps)
  redandblack__driving_B_2020.01.16_12.10.03__fixed1__win171__seed43.csv: 30 samples (mean 111.17 Mbps)
  redandblack__driving_B_2020.01.16_12.10.03__fixed3__win171__seed43.csv: 30 samples (mean 51.13 Mbps)
  redandblack__driving_B_2020.01.16_12.10.03__fixed5__win171__seed43.csv: 30 samples (mean 3.55 Mbps)
  redandblack__driving_B_2020.01.16_12.10.03__cycle__win171__seed43.csv: 30 samples (mean 58.67 Mbps)
  redandblack__driving_B_2020.01.16_12.10.03__bandwidth__win171__seed43.csv: 30 samples (mean 3.55 Mbps)
  redandblack__driving_B_2020.01.16_12.10.03__fixed1__win171__seed44.csv: 30 samples (mean 109.97 Mbps)
  redandblack__driving_B_2020.01.16_12.10.03__fixed3__win171__seed44.csv: 30 samples (mean 52.84 Mbps)
  redandblack__driving_B_2020.01.16_12.10.03__fixed5__win171__seed44.csv: 30 samples (mean 3.68 Mbps)
  redandblack__driving_B_2020.01.16_12.10.03__cycle__win171__seed44.csv: 30 samples (mean 59.41 Mbps)
  redandblack__driving_B_2020.01.16_12.10.03__bandwidth__win171__seed44.csv: 30 samples (mean 61.43 Mbps)
  redandblack__driving_B_2020.01.16_12.10.03__fixed1__win229__seed42.csv: 30 samples (mean 127.27 Mbps)
  redandblack__driving_B_2020.01.16_12.10.03__fixed3__win229__seed42.csv: 30 samples (mean 53.29 Mbps)
  redandblack__driving_B_2020.01.16_12.10.03__fixed5__win229__seed42.csv: 30 samples (mean 3.77 Mbps)
  redandblack__driving_B_2020.01.16_12.10.03__cycle__win229__seed42.csv: 30 samples (mean 77.63 Mbps)
  redandblack__driving_B_2020.01.16_12.10.03__bandwidth__win229__seed42.csv: 30 samples (mean 18.11 Mbps)
  redandblack__driving_B_2020.01.16_12.10.03__fixed1__win229__seed43.csv: 30 samples (mean 121.15 Mbps)
  redandblack__driving_B_2020.01.16_12.10.03__fixed3__win229__seed43.csv: 30 samples (mean 52.88 Mbps)
  redandblack__driving_B_2020.01.16_12.10.03__fixed5__win229__seed43.csv: 30 samples (mean 3.67 Mbps)
  redandblack__driving_B_2020.01.16_12.10.03__cycle__win229__seed43.csv: 30 samples (mean 75.36 Mbps)
  redandblack__driving_B_2020.01.16_12.10.03__bandwidth__win229__seed43.csv: 30 samples (mean 5.15 Mbps)
  redandblack__driving_B_2020.01.16_12.10.03__fixed1__win229__seed44.csv: 30 samples (mean 122.78 Mbps)
  redandblack__driving_B_2020.01.16_12.10.03__fixed3__win229__seed44.csv: 30 samples (mean 54.63 Mbps)
  redandblack__driving_B_2020.01.16_12.10.03__fixed5__win229__seed44.csv: 30 samples (mean 3.80 Mbps)
  redandblack__driving_B_2020.01.16_12.10.03__cycle__win229__seed44.csv: 30 samples (mean 71.63 Mbps)
  redandblack__driving_B_2020.01.16_12.10.03__bandwidth__win229__seed44.csv: 30 samples (mean 78.97 Mbps)
  redandblack__driving_B_2020.01.16_12.10.03__fixed1__win286__seed42.csv: 30 samples (mean 44.83 Mbps)
  redandblack__driving_B_2020.01.16_12.10.03__fixed3__win286__seed42.csv: 30 samples (mean 27.45 Mbps)
  redandblack__driving_B_2020.01.16_12.10.03__fixed5__win286__seed42.csv: 30 samples (mean 3.77 Mbps)
  redandblack__driving_B_2020.01.16_12.10.03__cycle__win286__seed42.csv: 30 samples (mean 26.96 Mbps)
  redandblack__driving_B_2020.01.16_12.10.03__bandwidth__win286__seed42.csv: 30 samples (mean 14.28 Mbps)
  redandblack__driving_B_2020.01.16_12.10.03__fixed1__win286__seed43.csv: 30 samples (mean 45.26 Mbps)
  redandblack__driving_B_2020.01.16_12.10.03__fixed3__win286__seed43.csv: 30 samples (mean 25.95 Mbps)
  redandblack__driving_B_2020.01.16_12.10.03__fixed5__win286__seed43.csv: 30 samples (mean 3.67 Mbps)
  redandblack__driving_B_2020.01.16_12.10.03__cycle__win286__seed43.csv: 30 samples (mean 27.01 Mbps)
  redandblack__driving_B_2020.01.16_12.10.03__bandwidth__win286__seed43.csv: 30 samples (mean 5.15 Mbps)
  redandblack__driving_B_2020.01.16_12.10.03__fixed1__win286__seed44.csv: 30 samples (mean 46.35 Mbps)
  redandblack__driving_B_2020.01.16_12.10.03__fixed3__win286__seed44.csv: 30 samples (mean 26.51 Mbps)
  redandblack__driving_B_2020.01.16_12.10.03__fixed5__win286__seed44.csv: 30 samples (mean 3.80 Mbps)
  redandblack__driving_B_2020.01.16_12.10.03__cycle__win286__seed44.csv: 30 samples (mean 27.14 Mbps)
  redandblack__driving_B_2020.01.16_12.10.03__bandwidth__win286__seed44.csv: 30 samples (mean 21.02 Mbps)
  redandblack__driving_B_2020.01.16_12.10.03__fixed1__win344__seed42.csv: 30 samples (mean 90.77 Mbps)
  redandblack__driving_B_2020.01.16_12.10.03__fixed3__win344__seed42.csv: 30 samples (mean 35.66 Mbps)
  redandblack__driving_B_2020.01.16_12.10.03__fixed5__win344__seed42.csv: 30 samples (mean 3.69 Mbps)
  redandblack__driving_B_2020.01.16_12.10.03__cycle__win344__seed42.csv: 30 samples (mean 58.06 Mbps)
  redandblack__driving_B_2020.01.16_12.10.03__bandwidth__win344__seed42.csv: 30 samples (mean 12.13 Mbps)
  redandblack__driving_B_2020.01.16_12.10.03__fixed1__win344__seed43.csv: 30 samples (mean 92.19 Mbps)
  redandblack__driving_B_2020.01.16_12.10.03__fixed3__win344__seed43.csv: 30 samples (mean 35.14 Mbps)
  redandblack__driving_B_2020.01.16_12.10.03__fixed5__win344__seed43.csv: 30 samples (mean 3.55 Mbps)
  redandblack__driving_B_2020.01.16_12.10.03__cycle__win344__seed43.csv: 30 samples (mean 59.23 Mbps)
  redandblack__driving_B_2020.01.16_12.10.03__bandwidth__win344__seed43.csv: 30 samples (mean 3.55 Mbps)
  redandblack__driving_B_2020.01.16_12.10.03__fixed1__win344__seed44.csv: 30 samples (mean 92.95 Mbps)
  redandblack__driving_B_2020.01.16_12.10.03__fixed3__win344__seed44.csv: 30 samples (mean 35.71 Mbps)
  redandblack__driving_B_2020.01.16_12.10.03__fixed5__win344__seed44.csv: 30 samples (mean 3.68 Mbps)
  redandblack__driving_B_2020.01.16_12.10.03__cycle__win344__seed44.csv: 30 samples (mean 59.83 Mbps)
  redandblack__driving_B_2020.01.16_12.10.03__bandwidth__win344__seed44.csv: 30 samples (mean 22.09 Mbps)
  redandblack__driving_B_2020.02.13_13.03.24__fixed1__win0__seed42.csv: 30 samples (mean 10.26 Mbps)
  redandblack__driving_B_2020.02.13_13.03.24__fixed3__win0__seed42.csv: 30 samples (mean 9.40 Mbps)
  redandblack__driving_B_2020.02.13_13.03.24__fixed5__win0__seed42.csv: 30 samples (mean 2.94 Mbps)
  redandblack__driving_B_2020.02.13_13.03.24__cycle__win0__seed42.csv: 30 samples (mean 9.48 Mbps)
  redandblack__driving_B_2020.02.13_13.03.24__bandwidth__win0__seed42.csv: 30 samples (mean 3.39 Mbps)
  redandblack__driving_B_2020.02.13_13.03.24__fixed1__win0__seed43.csv: 30 samples (mean 10.22 Mbps)
  redandblack__driving_B_2020.02.13_13.03.24__fixed3__win0__seed43.csv: 30 samples (mean 9.20 Mbps)
  redandblack__driving_B_2020.02.13_13.03.24__fixed5__win0__seed43.csv: 30 samples (mean 2.86 Mbps)
  redandblack__driving_B_2020.02.13_13.03.24__cycle__win0__seed43.csv: 30 samples (mean 9.67 Mbps)
  redandblack__driving_B_2020.02.13_13.03.24__bandwidth__win0__seed43.csv: 30 samples (mean 2.86 Mbps)
  redandblack__driving_B_2020.02.13_13.03.24__fixed1__win0__seed44.csv: 30 samples (mean 10.24 Mbps)
  redandblack__driving_B_2020.02.13_13.03.24__fixed3__win0__seed44.csv: 30 samples (mean 9.26 Mbps)
  redandblack__driving_B_2020.02.13_13.03.24__fixed5__win0__seed44.csv: 30 samples (mean 2.98 Mbps)
  redandblack__driving_B_2020.02.13_13.03.24__cycle__win0__seed44.csv: 30 samples (mean 9.65 Mbps)
  redandblack__driving_B_2020.02.13_13.03.24__bandwidth__win0__seed44.csv: 30 samples (mean 3.41 Mbps)
  redandblack__driving_B_2020.02.13_13.03.24__fixed1__win217__seed42.csv: 30 samples (mean 10.41 Mbps)
  redandblack__driving_B_2020.02.13_13.03.24__fixed3__win217__seed42.csv: 30 samples (mean 7.80 Mbps)
  redandblack__driving_B_2020.02.13_13.03.24__fixed5__win217__seed42.csv: 30 samples (mean 3.04 Mbps)
  redandblack__driving_B_2020.02.13_13.03.24__cycle__win217__seed42.csv: 30 samples (mean 8.12 Mbps)
  redandblack__driving_B_2020.02.13_13.03.24__bandwidth__win217__seed42.csv: 30 samples (mean 3.70 Mbps)
  redandblack__driving_B_2020.02.13_13.03.24__fixed1__win217__seed43.csv: 30 samples (mean 10.24 Mbps)
  redandblack__driving_B_2020.02.13_13.03.24__fixed3__win217__seed43.csv: 30 samples (mean 7.79 Mbps)
  redandblack__driving_B_2020.02.13_13.03.24__fixed5__win217__seed43.csv: 30 samples (mean 2.91 Mbps)
  redandblack__driving_B_2020.02.13_13.03.24__cycle__win217__seed43.csv: 30 samples (mean 8.12 Mbps)
  redandblack__driving_B_2020.02.13_13.03.24__bandwidth__win217__seed43.csv: 30 samples (mean 3.38 Mbps)
  redandblack__driving_B_2020.02.13_13.03.24__fixed1__win217__seed44.csv: 30 samples (mean 10.31 Mbps)
  redandblack__driving_B_2020.02.13_13.03.24__fixed3__win217__seed44.csv: 30 samples (mean 7.73 Mbps)
  redandblack__driving_B_2020.02.13_13.03.24__fixed5__win217__seed44.csv: 30 samples (mean 3.10 Mbps)
  redandblack__driving_B_2020.02.13_13.03.24__cycle__win217__seed44.csv: 30 samples (mean 8.11 Mbps)
  redandblack__driving_B_2020.02.13_13.03.24__bandwidth__win217__seed44.csv: 30 samples (mean 3.70 Mbps)
  redandblack__driving_B_2020.02.13_13.03.24__fixed1__win483__seed42.csv: 30 samples (mean 8.28 Mbps)
  redandblack__driving_B_2020.02.13_13.03.24__fixed3__win483__seed42.csv: 30 samples (mean 9.91 Mbps)
  redandblack__driving_B_2020.02.13_13.03.24__fixed5__win483__seed42.csv: 30 samples (mean 3.77 Mbps)
  redandblack__driving_B_2020.02.13_13.03.24__cycle__win483__seed42.csv: 30 samples (mean 6.93 Mbps)
  redandblack__driving_B_2020.02.13_13.03.24__bandwidth__win483__seed42.csv: 30 samples (mean 6.70 Mbps)
  redandblack__driving_B_2020.02.13_13.03.24__fixed1__win483__seed43.csv: 30 samples (mean 8.34 Mbps)
  redandblack__driving_B_2020.02.13_13.03.24__fixed3__win483__seed43.csv: 30 samples (mean 9.64 Mbps)
  redandblack__driving_B_2020.02.13_13.03.24__fixed5__win483__seed43.csv: 30 samples (mean 3.67 Mbps)
  redandblack__driving_B_2020.02.13_13.03.24__cycle__win483__seed43.csv: 30 samples (mean 6.83 Mbps)
  redandblack__driving_B_2020.02.13_13.03.24__bandwidth__win483__seed43.csv: 30 samples (mean 4.53 Mbps)
  redandblack__driving_B_2020.02.13_13.03.24__fixed1__win483__seed44.csv: 30 samples (mean 8.32 Mbps)
  redandblack__driving_B_2020.02.13_13.03.24__fixed3__win483__seed44.csv: 30 samples (mean 9.64 Mbps)
  redandblack__driving_B_2020.02.13_13.03.24__fixed5__win483__seed44.csv: 30 samples (mean 3.80 Mbps)
  redandblack__driving_B_2020.02.13_13.03.24__cycle__win483__seed44.csv: 30 samples (mean 6.99 Mbps)
  redandblack__driving_B_2020.02.13_13.03.24__bandwidth__win483__seed44.csv: 30 samples (mean 6.62 Mbps)
  redandblack__driving_B_2020.02.13_13.03.24__fixed1__win806__seed42.csv: 30 samples (mean 9.44 Mbps)
  redandblack__driving_B_2020.02.13_13.03.24__fixed3__win806__seed42.csv: 30 samples (mean 10.22 Mbps)
  redandblack__driving_B_2020.02.13_13.03.24__fixed5__win806__seed42.csv: 30 samples (mean 3.64 Mbps)
  redandblack__driving_B_2020.02.13_13.03.24__cycle__win806__seed42.csv: 30 samples (mean 8.57 Mbps)
  redandblack__driving_B_2020.02.13_13.03.24__bandwidth__win806__seed42.csv: 30 samples (mean 5.60 Mbps)
  redandblack__driving_B_2020.02.13_13.03.24__fixed1__win806__seed43.csv: 30 samples (mean 9.15 Mbps)
  redandblack__driving_B_2020.02.13_13.03.24__fixed3__win806__seed43.csv: 30 samples (mean 10.31 Mbps)
  redandblack__driving_B_2020.02.13_13.03.24__fixed5__win806__seed43.csv: 30 samples (mean 3.53 Mbps)
  redandblack__driving_B_2020.02.13_13.03.24__cycle__win806__seed43.csv: 30 samples (mean 9.16 Mbps)
  redandblack__driving_B_2020.02.13_13.03.24__bandwidth__win806__seed43.csv: 30 samples (mean 4.01 Mbps)
  redandblack__driving_B_2020.02.13_13.03.24__fixed1__win806__seed44.csv: 30 samples (mean 9.31 Mbps)
  redandblack__driving_B_2020.02.13_13.03.24__fixed3__win806__seed44.csv: 30 samples (mean 10.37 Mbps)
  redandblack__driving_B_2020.02.13_13.03.24__fixed5__win806__seed44.csv: 30 samples (mean 3.63 Mbps)
  redandblack__driving_B_2020.02.13_13.03.24__cycle__win806__seed44.csv: 30 samples (mean 8.47 Mbps)
  redandblack__driving_B_2020.02.13_13.03.24__bandwidth__win806__seed44.csv: 30 samples (mean 5.87 Mbps)
  redandblack__driving_B_2020.02.13_13.03.24__fixed1__win1077__seed42.csv: 30 samples (mean 6.17 Mbps)
  redandblack__driving_B_2020.02.13_13.03.24__fixed3__win1077__seed42.csv: 30 samples (mean 8.16 Mbps)
  redandblack__driving_B_2020.02.13_13.03.24__fixed5__win1077__seed42.csv: 30 samples (mean 3.77 Mbps)
  redandblack__driving_B_2020.02.13_13.03.24__cycle__win1077__seed42.csv: 30 samples (mean 6.15 Mbps)
  redandblack__driving_B_2020.02.13_13.03.24__bandwidth__win1077__seed42.csv: 30 samples (mean 6.83 Mbps)
  redandblack__driving_B_2020.02.13_13.03.24__fixed1__win1077__seed43.csv: 30 samples (mean 6.14 Mbps)
  redandblack__driving_B_2020.02.13_13.03.24__fixed3__win1077__seed43.csv: 30 samples (mean 8.01 Mbps)
  redandblack__driving_B_2020.02.13_13.03.24__fixed5__win1077__seed43.csv: 30 samples (mean 3.67 Mbps)
  redandblack__driving_B_2020.02.13_13.03.24__cycle__win1077__seed43.csv: 30 samples (mean 6.16 Mbps)
  redandblack__driving_B_2020.02.13_13.03.24__bandwidth__win1077__seed43.csv: 30 samples (mean 4.52 Mbps)
  redandblack__driving_B_2020.02.13_13.03.24__fixed1__win1077__seed44.csv: 30 samples (mean 6.14 Mbps)
  redandblack__driving_B_2020.02.13_13.03.24__fixed3__win1077__seed44.csv: 30 samples (mean 8.03 Mbps)
  redandblack__driving_B_2020.02.13_13.03.24__fixed5__win1077__seed44.csv: 30 samples (mean 3.80 Mbps)
  redandblack__driving_B_2020.02.13_13.03.24__cycle__win1077__seed44.csv: 30 samples (mean 5.91 Mbps)
  redandblack__driving_B_2020.02.13_13.03.24__bandwidth__win1077__seed44.csv: 30 samples (mean 6.64 Mbps)
  redandblack__driving_B_2020.02.13_13.03.24__fixed1__win1283__seed42.csv: 30 samples (mean 6.80 Mbps)
  redandblack__driving_B_2020.02.13_13.03.24__fixed3__win1283__seed42.csv: 30 samples (mean 6.13 Mbps)
  redandblack__driving_B_2020.02.13_13.03.24__fixed5__win1283__seed42.csv: 30 samples (mean 3.14 Mbps)
  redandblack__driving_B_2020.02.13_13.03.24__cycle__win1283__seed42.csv: 30 samples (mean 5.84 Mbps)
  redandblack__driving_B_2020.02.13_13.03.24__bandwidth__win1283__seed42.csv: 30 samples (mean 4.01 Mbps)
  redandblack__driving_B_2020.02.13_13.03.24__fixed1__win1283__seed43.csv: 30 samples (mean 6.85 Mbps)
  redandblack__driving_B_2020.02.13_13.03.24__fixed3__win1283__seed43.csv: 30 samples (mean 6.17 Mbps)
  redandblack__driving_B_2020.02.13_13.03.24__fixed5__win1283__seed43.csv: 30 samples (mean 3.00 Mbps)
  redandblack__driving_B_2020.02.13_13.03.24__cycle__win1283__seed43.csv: 30 samples (mean 5.89 Mbps)
  redandblack__driving_B_2020.02.13_13.03.24__bandwidth__win1283__seed43.csv: 30 samples (mean 3.26 Mbps)
  redandblack__driving_B_2020.02.13_13.03.24__fixed1__win1283__seed44.csv: 30 samples (mean 6.82 Mbps)
  redandblack__driving_B_2020.02.13_13.03.24__fixed3__win1283__seed44.csv: 30 samples (mean 6.12 Mbps)
  redandblack__driving_B_2020.02.13_13.03.24__fixed5__win1283__seed44.csv: 30 samples (mean 3.17 Mbps)
  redandblack__driving_B_2020.02.13_13.03.24__cycle__win1283__seed44.csv: 30 samples (mean 5.84 Mbps)
  redandblack__driving_B_2020.02.13_13.03.24__bandwidth__win1283__seed44.csv: 30 samples (mean 3.87 Mbps)
  redandblack__driving_B_2020.02.13_13.03.24__fixed1__win1556__seed42.csv: 30 samples (mean 6.09 Mbps)
  redandblack__driving_B_2020.02.13_13.03.24__fixed3__win1556__seed42.csv: 30 samples (mean 6.85 Mbps)
  redandblack__driving_B_2020.02.13_13.03.24__fixed5__win1556__seed42.csv: 30 samples (mean 3.60 Mbps)
  redandblack__driving_B_2020.02.13_13.03.24__cycle__win1556__seed42.csv: 30 samples (mean 6.52 Mbps)
  redandblack__driving_B_2020.02.13_13.03.24__bandwidth__win1556__seed42.csv: 30 samples (mean 3.96 Mbps)
  redandblack__driving_B_2020.02.13_13.03.24__fixed1__win1556__seed43.csv: 30 samples (mean 6.23 Mbps)
  redandblack__driving_B_2020.02.13_13.03.24__fixed3__win1556__seed43.csv: 30 samples (mean 6.89 Mbps)
  redandblack__driving_B_2020.02.13_13.03.24__fixed5__win1556__seed43.csv: 30 samples (mean 3.52 Mbps)
  redandblack__driving_B_2020.02.13_13.03.24__cycle__win1556__seed43.csv: 30 samples (mean 6.50 Mbps)
  redandblack__driving_B_2020.02.13_13.03.24__bandwidth__win1556__seed43.csv: 30 samples (mean 3.89 Mbps)
  redandblack__driving_B_2020.02.13_13.03.24__fixed1__win1556__seed44.csv: 30 samples (mean 6.22 Mbps)
  redandblack__driving_B_2020.02.13_13.03.24__fixed3__win1556__seed44.csv: 30 samples (mean 6.87 Mbps)
  redandblack__driving_B_2020.02.13_13.03.24__fixed5__win1556__seed44.csv: 30 samples (mean 3.55 Mbps)
  redandblack__driving_B_2020.02.13_13.03.24__cycle__win1556__seed44.csv: 30 samples (mean 6.49 Mbps)
  redandblack__driving_B_2020.02.13_13.03.24__bandwidth__win1556__seed44.csv: 30 samples (mean 3.94 Mbps)
  redandblack__driving_B_2020.02.13_13.03.24__fixed1__win1954__seed42.csv: 30 samples (mean 4.40 Mbps)
  redandblack__driving_B_2020.02.13_13.03.24__fixed3__win1954__seed42.csv: 30 samples (mean 3.51 Mbps)
  redandblack__driving_B_2020.02.13_13.03.24__fixed5__win1954__seed42.csv: 30 samples (mean 1.06 Mbps)
  redandblack__driving_B_2020.02.13_13.03.24__cycle__win1954__seed42.csv: 30 samples (mean 4.54 Mbps)
  redandblack__driving_B_2020.02.13_13.03.24__bandwidth__win1954__seed42.csv: 30 samples (mean 1.06 Mbps)
  redandblack__driving_B_2020.02.13_13.03.24__fixed1__win1954__seed43.csv: 30 samples (mean 4.39 Mbps)
  redandblack__driving_B_2020.02.13_13.03.24__fixed3__win1954__seed43.csv: 30 samples (mean 3.53 Mbps)
  redandblack__driving_B_2020.02.13_13.03.24__fixed5__win1954__seed43.csv: 30 samples (mean 1.09 Mbps)
  redandblack__driving_B_2020.02.13_13.03.24__cycle__win1954__seed43.csv: 30 samples (mean 4.56 Mbps)
  redandblack__driving_B_2020.02.13_13.03.24__bandwidth__win1954__seed43.csv: 30 samples (mean 1.09 Mbps)
  redandblack__driving_B_2020.02.13_13.03.24__fixed1__win1954__seed44.csv: 30 samples (mean 4.41 Mbps)
  redandblack__driving_B_2020.02.13_13.03.24__fixed3__win1954__seed44.csv: 30 samples (mean 3.49 Mbps)
  redandblack__driving_B_2020.02.13_13.03.24__fixed5__win1954__seed44.csv: 30 samples (mean 1.04 Mbps)
  redandblack__driving_B_2020.02.13_13.03.24__cycle__win1954__seed44.csv: 30 samples (mean 4.52 Mbps)
  redandblack__driving_B_2020.02.13_13.03.24__bandwidth__win1954__seed44.csv: 30 samples (mean 1.04 Mbps)
  redandblack__driving_B_2020.02.13_15.02.01__fixed1__win0__seed42.csv: 30 samples (mean 70.24 Mbps)
  redandblack__driving_B_2020.02.13_15.02.01__fixed3__win0__seed42.csv: 30 samples (mean 51.21 Mbps)
  redandblack__driving_B_2020.02.13_15.02.01__fixed5__win0__seed42.csv: 30 samples (mean 3.79 Mbps)
  redandblack__driving_B_2020.02.13_15.02.01__cycle__win0__seed42.csv: 30 samples (mean 43.02 Mbps)
  redandblack__driving_B_2020.02.13_15.02.01__bandwidth__win0__seed42.csv: 30 samples (mean 17.50 Mbps)
  redandblack__driving_B_2020.02.13_15.02.01__fixed1__win0__seed43.csv: 30 samples (mean 70.76 Mbps)
  redandblack__driving_B_2020.02.13_15.02.01__fixed3__win0__seed43.csv: 30 samples (mean 52.18 Mbps)
  redandblack__driving_B_2020.02.13_15.02.01__fixed5__win0__seed43.csv: 30 samples (mean 3.79 Mbps)
  redandblack__driving_B_2020.02.13_15.02.01__cycle__win0__seed43.csv: 30 samples (mean 42.20 Mbps)
  redandblack__driving_B_2020.02.13_15.02.01__bandwidth__win0__seed43.csv: 30 samples (mean 17.09 Mbps)
  redandblack__driving_B_2020.02.13_15.02.01__fixed1__win0__seed44.csv: 30 samples (mean 69.28 Mbps)
  redandblack__driving_B_2020.02.13_15.02.01__fixed3__win0__seed44.csv: 30 samples (mean 51.35 Mbps)
  redandblack__driving_B_2020.02.13_15.02.01__fixed5__win0__seed44.csv: 30 samples (mean 3.77 Mbps)
  redandblack__driving_B_2020.02.13_15.02.01__cycle__win0__seed44.csv: 30 samples (mean 43.11 Mbps)
  redandblack__driving_B_2020.02.13_15.02.01__bandwidth__win0__seed44.csv: 30 samples (mean 16.80 Mbps)
  redandblack__driving_B_2020.02.13_15.02.01__fixed1__win378__seed42.csv: 30 samples (mean 142.91 Mbps)
  redandblack__driving_B_2020.02.13_15.02.01__fixed3__win378__seed42.csv: 30 samples (mean 53.10 Mbps)
  redandblack__driving_B_2020.02.13_15.02.01__fixed5__win378__seed42.csv: 30 samples (mean 3.63 Mbps)
  redandblack__driving_B_2020.02.13_15.02.01__cycle__win378__seed42.csv: 30 samples (mean 74.80 Mbps)
  redandblack__driving_B_2020.02.13_15.02.01__bandwidth__win378__seed42.csv: 30 samples (mean 11.95 Mbps)
  redandblack__driving_B_2020.02.13_15.02.01__fixed1__win378__seed43.csv: 30 samples (mean 134.97 Mbps)
  redandblack__driving_B_2020.02.13_15.02.01__fixed3__win378__seed43.csv: 30 samples (mean 52.80 Mbps)
  redandblack__driving_B_2020.02.13_15.02.01__fixed5__win378__seed43.csv: 30 samples (mean 3.70 Mbps)
  redandblack__driving_B_2020.02.13_15.02.01__cycle__win378__seed43.csv: 30 samples (mean 76.17 Mbps)
  redandblack__driving_B_2020.02.13_15.02.01__bandwidth__win378__seed43.csv: 30 samples (mean 17.49 Mbps)
  redandblack__driving_B_2020.02.13_15.02.01__fixed1__win378__seed44.csv: 30 samples (mean 135.25 Mbps)
  redandblack__driving_B_2020.02.13_15.02.01__fixed3__win378__seed44.csv: 30 samples (mean 53.99 Mbps)
  redandblack__driving_B_2020.02.13_15.02.01__fixed5__win378__seed44.csv: 30 samples (mean 3.70 Mbps)
  redandblack__driving_B_2020.02.13_15.02.01__cycle__win378__seed44.csv: 30 samples (mean 79.37 Mbps)
  redandblack__driving_B_2020.02.13_15.02.01__bandwidth__win378__seed44.csv: 30 samples (mean 17.33 Mbps)
  redandblack__driving_B_2020.02.13_15.02.01__fixed1__win764__seed42.csv: 30 samples (mean 19.94 Mbps)
  redandblack__driving_B_2020.02.13_15.02.01__fixed3__win764__seed42.csv: 30 samples (mean 13.61 Mbps)
  redandblack__driving_B_2020.02.13_15.02.01__fixed5__win764__seed42.csv: 30 samples (mean 3.77 Mbps)
  redandblack__driving_B_2020.02.13_15.02.01__cycle__win764__seed42.csv: 30 samples (mean 10.50 Mbps)
  redandblack__driving_B_2020.02.13_15.02.01__bandwidth__win764__seed42.csv: 30 samples (mean 11.57 Mbps)
  redandblack__driving_B_2020.02.13_15.02.01__fixed1__win764__seed43.csv: 30 samples (mean 19.97 Mbps)
  redandblack__driving_B_2020.02.13_15.02.01__fixed3__win764__seed43.csv: 30 samples (mean 13.09 Mbps)
  redandblack__driving_B_2020.02.13_15.02.01__fixed5__win764__seed43.csv: 30 samples (mean 3.67 Mbps)
  redandblack__driving_B_2020.02.13_15.02.01__cycle__win764__seed43.csv: 30 samples (mean 10.66 Mbps)
  redandblack__driving_B_2020.02.13_15.02.01__bandwidth__win764__seed43.csv: 30 samples (mean 4.80 Mbps)
  redandblack__driving_B_2020.02.13_15.02.01__fixed1__win764__seed44.csv: 30 samples (mean 20.10 Mbps)
  redandblack__driving_B_2020.02.13_15.02.01__fixed3__win764__seed44.csv: 30 samples (mean 13.35 Mbps)
  redandblack__driving_B_2020.02.13_15.02.01__fixed5__win764__seed44.csv: 30 samples (mean 3.80 Mbps)
  redandblack__driving_B_2020.02.13_15.02.01__cycle__win764__seed44.csv: 30 samples (mean 10.54 Mbps)
  redandblack__driving_B_2020.02.13_15.02.01__bandwidth__win764__seed44.csv: 30 samples (mean 11.24 Mbps)
  redandblack__driving_B_2020.02.13_15.02.01__fixed1__win1151__seed42.csv: 30 samples (mean 24.53 Mbps)
  redandblack__driving_B_2020.02.13_15.02.01__fixed3__win1151__seed42.csv: 30 samples (mean 14.51 Mbps)
  redandblack__driving_B_2020.02.13_15.02.01__fixed5__win1151__seed42.csv: 30 samples (mean 3.77 Mbps)
  redandblack__driving_B_2020.02.13_15.02.01__cycle__win1151__seed42.csv: 30 samples (mean 15.13 Mbps)
  redandblack__driving_B_2020.02.13_15.02.01__bandwidth__win1151__seed42.csv: 30 samples (mean 6.78 Mbps)
  redandblack__driving_B_2020.02.13_15.02.01__fixed1__win1151__seed43.csv: 30 samples (mean 24.55 Mbps)
  redandblack__driving_B_2020.02.13_15.02.01__fixed3__win1151__seed43.csv: 30 samples (mean 15.05 Mbps)
  redandblack__driving_B_2020.02.13_15.02.01__fixed5__win1151__seed43.csv: 30 samples (mean 3.67 Mbps)
  redandblack__driving_B_2020.02.13_15.02.01__cycle__win1151__seed43.csv: 30 samples (mean 15.25 Mbps)
  redandblack__driving_B_2020.02.13_15.02.01__bandwidth__win1151__seed43.csv: 30 samples (mean 4.11 Mbps)
  redandblack__driving_B_2020.02.13_15.02.01__fixed1__win1151__seed44.csv: 30 samples (mean 24.89 Mbps)
  redandblack__driving_B_2020.02.13_15.02.01__fixed3__win1151__seed44.csv: 30 samples (mean 14.90 Mbps)
  redandblack__driving_B_2020.02.13_15.02.01__fixed5__win1151__seed44.csv: 30 samples (mean 3.80 Mbps)
  redandblack__driving_B_2020.02.13_15.02.01__cycle__win1151__seed44.csv: 30 samples (mean 15.43 Mbps)
  redandblack__driving_B_2020.02.13_15.02.01__bandwidth__win1151__seed44.csv: 30 samples (mean 6.56 Mbps)
  redandblack__driving_B_2020.02.13_15.02.01__fixed1__win1568__seed42.csv: 30 samples (mean 7.96 Mbps)
  redandblack__driving_B_2020.02.13_15.02.01__fixed3__win1568__seed42.csv: 30 samples (mean 2.26 Mbps)
  redandblack__driving_B_2020.02.13_15.02.01__fixed5__win1568__seed42.csv: 30 samples (mean 2.98 Mbps)
  redandblack__driving_B_2020.02.13_15.02.01__cycle__win1568__seed42.csv: 30 samples (mean 3.38 Mbps)
  redandblack__driving_B_2020.02.13_15.02.01__bandwidth__win1568__seed42.csv: 30 samples (mean 2.98 Mbps)
  redandblack__driving_B_2020.02.13_15.02.01__fixed1__win1568__seed43.csv: 30 samples (mean 7.96 Mbps)
  redandblack__driving_B_2020.02.13_15.02.01__fixed3__win1568__seed43.csv: 30 samples (mean 2.31 Mbps)
  redandblack__driving_B_2020.02.13_15.02.01__fixed5__win1568__seed43.csv: 30 samples (mean 3.10 Mbps)
  redandblack__driving_B_2020.02.13_15.02.01__cycle__win1568__seed43.csv: 30 samples (mean 3.39 Mbps)
  redandblack__driving_B_2020.02.13_15.02.01__bandwidth__win1568__seed43.csv: 30 samples (mean 3.15 Mbps)
  redandblack__driving_B_2020.02.13_15.02.01__fixed1__win1568__seed44.csv: 30 samples (mean 7.93 Mbps)
  redandblack__driving_B_2020.02.13_15.02.01__fixed3__win1568__seed44.csv: 30 samples (mean 2.24 Mbps)
  redandblack__driving_B_2020.02.13_15.02.01__fixed5__win1568__seed44.csv: 30 samples (mean 3.00 Mbps)
  redandblack__driving_B_2020.02.13_15.02.01__cycle__win1568__seed44.csv: 30 samples (mean 3.44 Mbps)
  redandblack__driving_B_2020.02.13_15.02.01__bandwidth__win1568__seed44.csv: 30 samples (mean 3.00 Mbps)
  redandblack__driving_B_2020.02.13_15.02.01__fixed1__win1939__seed42.csv: 30 samples (mean 28.29 Mbps)
  redandblack__driving_B_2020.02.13_15.02.01__fixed3__win1939__seed42.csv: 30 samples (mean 20.80 Mbps)
  redandblack__driving_B_2020.02.13_15.02.01__fixed5__win1939__seed42.csv: 30 samples (mean 3.77 Mbps)
  redandblack__driving_B_2020.02.13_15.02.01__cycle__win1939__seed42.csv: 30 samples (mean 18.01 Mbps)
  redandblack__driving_B_2020.02.13_15.02.01__bandwidth__win1939__seed42.csv: 30 samples (mean 13.77 Mbps)
  redandblack__driving_B_2020.02.13_15.02.01__fixed1__win1939__seed43.csv: 30 samples (mean 28.39 Mbps)
  redandblack__driving_B_2020.02.13_15.02.01__fixed3__win1939__seed43.csv: 30 samples (mean 20.29 Mbps)
  redandblack__driving_B_2020.02.13_15.02.01__fixed5__win1939__seed43.csv: 30 samples (mean 3.67 Mbps)
  redandblack__driving_B_2020.02.13_15.02.01__cycle__win1939__seed43.csv: 30 samples (mean 18.20 Mbps)
  redandblack__driving_B_2020.02.13_15.02.01__bandwidth__win1939__seed43.csv: 30 samples (mean 5.15 Mbps)
  redandblack__driving_B_2020.02.13_15.02.01__fixed1__win1939__seed44.csv: 30 samples (mean 28.54 Mbps)
  redandblack__driving_B_2020.02.13_15.02.01__fixed3__win1939__seed44.csv: 30 samples (mean 19.98 Mbps)
  redandblack__driving_B_2020.02.13_15.02.01__fixed5__win1939__seed44.csv: 30 samples (mean 3.80 Mbps)
  redandblack__driving_B_2020.02.13_15.02.01__cycle__win1939__seed44.csv: 30 samples (mean 18.27 Mbps)
  redandblack__driving_B_2020.02.13_15.02.01__bandwidth__win1939__seed44.csv: 30 samples (mean 16.53 Mbps)
  redandblack__driving_B_2020.02.13_15.02.01__fixed1__win2330__seed42.csv: 30 samples (mean 5.61 Mbps)
  redandblack__driving_B_2020.02.13_15.02.01__fixed3__win2330__seed42.csv: 30 samples (mean 6.30 Mbps)
  redandblack__driving_B_2020.02.13_15.02.01__fixed5__win2330__seed42.csv: 30 samples (mean 3.65 Mbps)
  redandblack__driving_B_2020.02.13_15.02.01__cycle__win2330__seed42.csv: 30 samples (mean 3.16 Mbps)
  redandblack__driving_B_2020.02.13_15.02.01__bandwidth__win2330__seed42.csv: 30 samples (mean 6.46 Mbps)
  redandblack__driving_B_2020.02.13_15.02.01__fixed1__win2330__seed43.csv: 30 samples (mean 5.86 Mbps)
  redandblack__driving_B_2020.02.13_15.02.01__fixed3__win2330__seed43.csv: 30 samples (mean 6.47 Mbps)
  redandblack__driving_B_2020.02.13_15.02.01__fixed5__win2330__seed43.csv: 30 samples (mean 3.54 Mbps)
  redandblack__driving_B_2020.02.13_15.02.01__cycle__win2330__seed43.csv: 30 samples (mean 3.23 Mbps)
  redandblack__driving_B_2020.02.13_15.02.01__bandwidth__win2330__seed43.csv: 30 samples (mean 3.71 Mbps)
  redandblack__driving_B_2020.02.13_15.02.01__fixed1__win2330__seed44.csv: 30 samples (mean 5.75 Mbps)
  redandblack__driving_B_2020.02.13_15.02.01__fixed3__win2330__seed44.csv: 30 samples (mean 6.55 Mbps)
  redandblack__driving_B_2020.02.13_15.02.01__fixed5__win2330__seed44.csv: 30 samples (mean 3.69 Mbps)
  redandblack__driving_B_2020.02.13_15.02.01__cycle__win2330__seed44.csv: 30 samples (mean 3.21 Mbps)
  redandblack__driving_B_2020.02.13_15.02.01__bandwidth__win2330__seed44.csv: 30 samples (mean 6.29 Mbps)
  redandblack__driving_B_2020.02.13_15.02.01__fixed1__win2736__seed42.csv: 30 samples (mean 7.58 Mbps)
  redandblack__driving_B_2020.02.13_15.02.01__fixed3__win2736__seed42.csv: 30 samples (mean 5.95 Mbps)
  redandblack__driving_B_2020.02.13_15.02.01__fixed5__win2736__seed42.csv: 30 samples (mean 3.72 Mbps)
  redandblack__driving_B_2020.02.13_15.02.01__cycle__win2736__seed42.csv: 30 samples (mean 5.95 Mbps)
  redandblack__driving_B_2020.02.13_15.02.01__bandwidth__win2736__seed42.csv: 30 samples (mean 4.85 Mbps)
  redandblack__driving_B_2020.02.13_15.02.01__fixed1__win2736__seed43.csv: 30 samples (mean 7.79 Mbps)
  redandblack__driving_B_2020.02.13_15.02.01__fixed3__win2736__seed43.csv: 30 samples (mean 5.92 Mbps)
  redandblack__driving_B_2020.02.13_15.02.01__fixed5__win2736__seed43.csv: 30 samples (mean 3.54 Mbps)
  redandblack__driving_B_2020.02.13_15.02.01__cycle__win2736__seed43.csv: 30 samples (mean 5.85 Mbps)
  redandblack__driving_B_2020.02.13_15.02.01__bandwidth__win2736__seed43.csv: 30 samples (mean 3.54 Mbps)
  redandblack__driving_B_2020.02.13_15.02.01__fixed1__win2736__seed44.csv: 30 samples (mean 7.75 Mbps)
  redandblack__driving_B_2020.02.13_15.02.01__fixed3__win2736__seed44.csv: 30 samples (mean 5.98 Mbps)
  redandblack__driving_B_2020.02.13_15.02.01__fixed5__win2736__seed44.csv: 30 samples (mean 3.69 Mbps)
  redandblack__driving_B_2020.02.13_15.02.01__cycle__win2736__seed44.csv: 30 samples (mean 5.86 Mbps)
  redandblack__driving_B_2020.02.13_15.02.01__bandwidth__win2736__seed44.csv: 30 samples (mean 4.67 Mbps)
  redandblack__driving_B_2020.02.14_09.38.22__fixed1__win0__seed42.csv: 30 samples (mean 9.09 Mbps)
  redandblack__driving_B_2020.02.14_09.38.22__fixed3__win0__seed42.csv: 30 samples (mean 6.68 Mbps)
  redandblack__driving_B_2020.02.14_09.38.22__fixed5__win0__seed42.csv: 30 samples (mean 3.62 Mbps)
  redandblack__driving_B_2020.02.14_09.38.22__cycle__win0__seed42.csv: 30 samples (mean 6.55 Mbps)
  redandblack__driving_B_2020.02.14_09.38.22__bandwidth__win0__seed42.csv: 30 samples (mean 6.05 Mbps)
  redandblack__driving_B_2020.02.14_09.38.22__fixed1__win0__seed43.csv: 30 samples (mean 9.05 Mbps)
  redandblack__driving_B_2020.02.14_09.38.22__fixed3__win0__seed43.csv: 30 samples (mean 6.51 Mbps)
  redandblack__driving_B_2020.02.14_09.38.22__fixed5__win0__seed43.csv: 30 samples (mean 3.70 Mbps)
  redandblack__driving_B_2020.02.14_09.38.22__cycle__win0__seed43.csv: 30 samples (mean 6.66 Mbps)
  redandblack__driving_B_2020.02.14_09.38.22__bandwidth__win0__seed43.csv: 30 samples (mean 5.78 Mbps)
  redandblack__driving_B_2020.02.14_09.38.22__fixed1__win0__seed44.csv: 30 samples (mean 9.07 Mbps)
  redandblack__driving_B_2020.02.14_09.38.22__fixed3__win0__seed44.csv: 30 samples (mean 6.69 Mbps)
  redandblack__driving_B_2020.02.14_09.38.22__fixed5__win0__seed44.csv: 30 samples (mean 3.70 Mbps)
  redandblack__driving_B_2020.02.14_09.38.22__cycle__win0__seed44.csv: 30 samples (mean 6.77 Mbps)
  redandblack__driving_B_2020.02.14_09.38.22__bandwidth__win0__seed44.csv: 30 samples (mean 5.54 Mbps)
  redandblack__driving_B_2020.02.14_09.38.22__fixed1__win201__seed42.csv: 30 samples (mean 4.69 Mbps)
  redandblack__driving_B_2020.02.14_09.38.22__fixed3__win201__seed42.csv: 30 samples (mean 4.73 Mbps)
  redandblack__driving_B_2020.02.14_09.38.22__fixed5__win201__seed42.csv: 30 samples (mean 3.04 Mbps)
  redandblack__driving_B_2020.02.14_09.38.22__cycle__win201__seed42.csv: 30 samples (mean 5.13 Mbps)
  redandblack__driving_B_2020.02.14_09.38.22__bandwidth__win201__seed42.csv: 30 samples (mean 3.12 Mbps)
  redandblack__driving_B_2020.02.14_09.38.22__fixed1__win201__seed43.csv: 30 samples (mean 4.70 Mbps)
  redandblack__driving_B_2020.02.14_09.38.22__fixed3__win201__seed43.csv: 30 samples (mean 4.69 Mbps)
  redandblack__driving_B_2020.02.14_09.38.22__fixed5__win201__seed43.csv: 30 samples (mean 3.01 Mbps)
  redandblack__driving_B_2020.02.14_09.38.22__cycle__win201__seed43.csv: 30 samples (mean 5.03 Mbps)
  redandblack__driving_B_2020.02.14_09.38.22__bandwidth__win201__seed43.csv: 30 samples (mean 3.13 Mbps)
  redandblack__driving_B_2020.02.14_09.38.22__fixed1__win201__seed44.csv: 30 samples (mean 4.69 Mbps)
  redandblack__driving_B_2020.02.14_09.38.22__fixed3__win201__seed44.csv: 30 samples (mean 4.70 Mbps)
  redandblack__driving_B_2020.02.14_09.38.22__fixed5__win201__seed44.csv: 30 samples (mean 3.15 Mbps)
  redandblack__driving_B_2020.02.14_09.38.22__cycle__win201__seed44.csv: 30 samples (mean 5.07 Mbps)
  redandblack__driving_B_2020.02.14_09.38.22__bandwidth__win201__seed44.csv: 30 samples (mean 4.28 Mbps)
  redandblack__driving_B_2020.02.14_09.38.22__fixed1__win367__seed42.csv: 30 samples (mean 6.88 Mbps)
  redandblack__driving_B_2020.02.14_09.38.22__fixed3__win367__seed42.csv: 30 samples (mean 6.42 Mbps)
  redandblack__driving_B_2020.02.14_09.38.22__fixed5__win367__seed42.csv: 30 samples (mean 3.51 Mbps)
  redandblack__driving_B_2020.02.14_09.38.22__cycle__win367__seed42.csv: 30 samples (mean 5.27 Mbps)
  redandblack__driving_B_2020.02.14_09.38.22__bandwidth__win367__seed42.csv: 30 samples (mean 3.94 Mbps)
  redandblack__driving_B_2020.02.14_09.38.22__fixed1__win367__seed43.csv: 30 samples (mean 6.89 Mbps)
  redandblack__driving_B_2020.02.14_09.38.22__fixed3__win367__seed43.csv: 30 samples (mean 6.30 Mbps)
  redandblack__driving_B_2020.02.14_09.38.22__fixed5__win367__seed43.csv: 30 samples (mean 3.67 Mbps)
  redandblack__driving_B_2020.02.14_09.38.22__cycle__win367__seed43.csv: 30 samples (mean 5.35 Mbps)
  redandblack__driving_B_2020.02.14_09.38.22__bandwidth__win367__seed43.csv: 30 samples (mean 4.95 Mbps)
  redandblack__driving_B_2020.02.14_09.38.22__fixed1__win367__seed44.csv: 30 samples (mean 6.88 Mbps)
  redandblack__driving_B_2020.02.14_09.38.22__fixed3__win367__seed44.csv: 30 samples (mean 6.38 Mbps)
  redandblack__driving_B_2020.02.14_09.38.22__fixed5__win367__seed44.csv: 30 samples (mean 3.55 Mbps)
  redandblack__driving_B_2020.02.14_09.38.22__cycle__win367__seed44.csv: 30 samples (mean 5.40 Mbps)
  redandblack__driving_B_2020.02.14_09.38.22__bandwidth__win367__seed44.csv: 30 samples (mean 4.87 Mbps)
  redandblack__driving_B_2020.02.14_09.38.22__fixed1__win588__seed42.csv: 30 samples (mean 55.69 Mbps)
  redandblack__driving_B_2020.02.14_09.38.22__fixed3__win588__seed42.csv: 30 samples (mean 13.23 Mbps)
  redandblack__driving_B_2020.02.14_09.38.22__fixed5__win588__seed42.csv: 30 samples (mean 3.24 Mbps)
  redandblack__driving_B_2020.02.14_09.38.22__cycle__win588__seed42.csv: 30 samples (mean 19.07 Mbps)
  redandblack__driving_B_2020.02.14_09.38.22__bandwidth__win588__seed42.csv: 30 samples (mean 8.35 Mbps)
  redandblack__driving_B_2020.02.14_09.38.22__fixed1__win588__seed43.csv: 30 samples (mean 54.74 Mbps)
  redandblack__driving_B_2020.02.14_09.38.22__fixed3__win588__seed43.csv: 30 samples (mean 13.27 Mbps)
  redandblack__driving_B_2020.02.14_09.38.22__fixed5__win588__seed43.csv: 30 samples (mean 3.10 Mbps)
  redandblack__driving_B_2020.02.14_09.38.22__cycle__win588__seed43.csv: 30 samples (mean 19.64 Mbps)
  redandblack__driving_B_2020.02.14_09.38.22__bandwidth__win588__seed43.csv: 30 samples (mean 3.10 Mbps)
  redandblack__driving_B_2020.02.14_09.38.22__fixed1__win588__seed44.csv: 30 samples (mean 56.61 Mbps)
  redandblack__driving_B_2020.02.14_09.38.22__fixed3__win588__seed44.csv: 30 samples (mean 13.11 Mbps)
  redandblack__driving_B_2020.02.14_09.38.22__fixed5__win588__seed44.csv: 30 samples (mean 3.22 Mbps)
  redandblack__driving_B_2020.02.14_09.38.22__cycle__win588__seed44.csv: 30 samples (mean 19.37 Mbps)
  redandblack__driving_B_2020.02.14_09.38.22__bandwidth__win588__seed44.csv: 30 samples (mean 8.42 Mbps)
  redandblack__driving_B_2020.02.14_09.38.22__fixed1__win804__seed42.csv: 30 samples (mean 95.75 Mbps)
  redandblack__driving_B_2020.02.14_09.38.22__fixed3__win804__seed42.csv: 30 samples (mean 7.09 Mbps)
  redandblack__driving_B_2020.02.14_09.38.22__fixed5__win804__seed42.csv: 30 samples (mean 3.77 Mbps)
  redandblack__driving_B_2020.02.14_09.38.22__cycle__win804__seed42.csv: 30 samples (mean 28.53 Mbps)
  redandblack__driving_B_2020.02.14_09.38.22__bandwidth__win804__seed42.csv: 30 samples (mean 8.53 Mbps)
  redandblack__driving_B_2020.02.14_09.38.22__fixed1__win804__seed43.csv: 30 samples (mean 102.21 Mbps)
  redandblack__driving_B_2020.02.14_09.38.22__fixed3__win804__seed43.csv: 30 samples (mean 7.04 Mbps)
  redandblack__driving_B_2020.02.14_09.38.22__fixed5__win804__seed43.csv: 30 samples (mean 3.67 Mbps)
  redandblack__driving_B_2020.02.14_09.38.22__cycle__win804__seed43.csv: 30 samples (mean 28.47 Mbps)
  redandblack__driving_B_2020.02.14_09.38.22__bandwidth__win804__seed43.csv: 30 samples (mean 3.87 Mbps)
  redandblack__driving_B_2020.02.14_09.38.22__fixed1__win804__seed44.csv: 30 samples (mean 98.46 Mbps)
  redandblack__driving_B_2020.02.14_09.38.22__fixed3__win804__seed44.csv: 30 samples (mean 7.18 Mbps)
  redandblack__driving_B_2020.02.14_09.38.22__fixed5__win804__seed44.csv: 30 samples (mean 3.80 Mbps)
  redandblack__driving_B_2020.02.14_09.38.22__cycle__win804__seed44.csv: 30 samples (mean 28.53 Mbps)
  redandblack__driving_B_2020.02.14_09.38.22__bandwidth__win804__seed44.csv: 30 samples (mean 8.29 Mbps)
  redandblack__driving_B_2020.02.14_09.38.22__fixed1__win1030__seed42.csv: 30 samples (mean 15.62 Mbps)
  redandblack__driving_B_2020.02.14_09.38.22__fixed3__win1030__seed42.csv: 30 samples (mean 8.13 Mbps)
  redandblack__driving_B_2020.02.14_09.38.22__fixed5__win1030__seed42.csv: 30 samples (mean 3.18 Mbps)
  redandblack__driving_B_2020.02.14_09.38.22__cycle__win1030__seed42.csv: 30 samples (mean 12.09 Mbps)
  redandblack__driving_B_2020.02.14_09.38.22__bandwidth__win1030__seed42.csv: 30 samples (mean 4.47 Mbps)
  redandblack__driving_B_2020.02.14_09.38.22__fixed1__win1030__seed43.csv: 30 samples (mean 15.62 Mbps)
  redandblack__driving_B_2020.02.14_09.38.22__fixed3__win1030__seed43.csv: 30 samples (mean 8.34 Mbps)
  redandblack__driving_B_2020.02.14_09.38.22__fixed5__win1030__seed43.csv: 30 samples (mean 3.08 Mbps)
  redandblack__driving_B_2020.02.14_09.38.22__cycle__win1030__seed43.csv: 30 samples (mean 11.79 Mbps)
  redandblack__driving_B_2020.02.14_09.38.22__bandwidth__win1030__seed43.csv: 30 samples (mean 3.08 Mbps)
  redandblack__driving_B_2020.02.14_09.38.22__fixed1__win1030__seed44.csv: 30 samples (mean 15.51 Mbps)
  redandblack__driving_B_2020.02.14_09.38.22__fixed3__win1030__seed44.csv: 30 samples (mean 8.40 Mbps)
  redandblack__driving_B_2020.02.14_09.38.22__fixed5__win1030__seed44.csv: 30 samples (mean 3.21 Mbps)
  redandblack__driving_B_2020.02.14_09.38.22__cycle__win1030__seed44.csv: 30 samples (mean 11.97 Mbps)
  redandblack__driving_B_2020.02.14_09.38.22__bandwidth__win1030__seed44.csv: 30 samples (mean 4.08 Mbps)
  redandblack__driving_B_2020.02.14_09.38.22__fixed1__win1209__seed42.csv: 30 samples (mean 21.79 Mbps)
  redandblack__driving_B_2020.02.14_09.38.22__fixed3__win1209__seed42.csv: 30 samples (mean 7.08 Mbps)
  redandblack__driving_B_2020.02.14_09.38.22__fixed5__win1209__seed42.csv: 30 samples (mean 3.45 Mbps)
  redandblack__driving_B_2020.02.14_09.38.22__cycle__win1209__seed42.csv: 30 samples (mean 6.43 Mbps)
  redandblack__driving_B_2020.02.14_09.38.22__bandwidth__win1209__seed42.csv: 30 samples (mean 6.10 Mbps)
  redandblack__driving_B_2020.02.14_09.38.22__fixed1__win1209__seed43.csv: 30 samples (mean 21.01 Mbps)
  redandblack__driving_B_2020.02.14_09.38.22__fixed3__win1209__seed43.csv: 30 samples (mean 6.98 Mbps)
  redandblack__driving_B_2020.02.14_09.38.22__fixed5__win1209__seed43.csv: 30 samples (mean 3.30 Mbps)
  redandblack__driving_B_2020.02.14_09.38.22__cycle__win1209__seed43.csv: 30 samples (mean 6.26 Mbps)
  redandblack__driving_B_2020.02.14_09.38.22__bandwidth__win1209__seed43.csv: 30 samples (mean 3.30 Mbps)
  redandblack__driving_B_2020.02.14_09.38.22__fixed1__win1209__seed44.csv: 30 samples (mean 21.58 Mbps)
  redandblack__driving_B_2020.02.14_09.38.22__fixed3__win1209__seed44.csv: 30 samples (mean 7.17 Mbps)
  redandblack__driving_B_2020.02.14_09.38.22__fixed5__win1209__seed44.csv: 30 samples (mean 3.43 Mbps)
  redandblack__driving_B_2020.02.14_09.38.22__cycle__win1209__seed44.csv: 30 samples (mean 6.28 Mbps)
  redandblack__driving_B_2020.02.14_09.38.22__bandwidth__win1209__seed44.csv: 30 samples (mean 6.03 Mbps)
  redandblack__driving_B_2020.02.14_09.38.22__fixed1__win1451__seed42.csv: 30 samples (mean 14.64 Mbps)
  redandblack__driving_B_2020.02.14_09.38.22__fixed3__win1451__seed42.csv: 30 samples (mean 13.93 Mbps)
  redandblack__driving_B_2020.02.14_09.38.22__fixed5__win1451__seed42.csv: 30 samples (mean 3.62 Mbps)
  redandblack__driving_B_2020.02.14_09.38.22__cycle__win1451__seed42.csv: 30 samples (mean 12.38 Mbps)
  redandblack__driving_B_2020.02.14_09.38.22__bandwidth__win1451__seed42.csv: 30 samples (mean 5.34 Mbps)
  redandblack__driving_B_2020.02.14_09.38.22__fixed1__win1451__seed43.csv: 30 samples (mean 14.76 Mbps)
  redandblack__driving_B_2020.02.14_09.38.22__fixed3__win1451__seed43.csv: 30 samples (mean 14.10 Mbps)
  redandblack__driving_B_2020.02.14_09.38.22__fixed5__win1451__seed43.csv: 30 samples (mean 3.56 Mbps)
  redandblack__driving_B_2020.02.14_09.38.22__cycle__win1451__seed43.csv: 30 samples (mean 12.38 Mbps)
  redandblack__driving_B_2020.02.14_09.38.22__bandwidth__win1451__seed43.csv: 30 samples (mean 4.92 Mbps)
  redandblack__driving_B_2020.02.14_09.38.22__fixed1__win1451__seed44.csv: 30 samples (mean 14.57 Mbps)
  redandblack__driving_B_2020.02.14_09.38.22__fixed3__win1451__seed44.csv: 30 samples (mean 14.05 Mbps)
  redandblack__driving_B_2020.02.14_09.38.22__fixed5__win1451__seed44.csv: 30 samples (mean 3.68 Mbps)
  redandblack__driving_B_2020.02.14_09.38.22__cycle__win1451__seed44.csv: 30 samples (mean 12.54 Mbps)
  redandblack__driving_B_2020.02.14_09.38.22__bandwidth__win1451__seed44.csv: 30 samples (mean 5.20 Mbps)
  redandblack__driving_B_2020.02.14_12.58.17__fixed1__win0__seed42.csv: 30 samples (mean 15.42 Mbps)
  redandblack__driving_B_2020.02.14_12.58.17__fixed3__win0__seed42.csv: 30 samples (mean 10.11 Mbps)
  redandblack__driving_B_2020.02.14_12.58.17__fixed5__win0__seed42.csv: 30 samples (mean 3.78 Mbps)
  redandblack__driving_B_2020.02.14_12.58.17__cycle__win0__seed42.csv: 30 samples (mean 9.72 Mbps)
  redandblack__driving_B_2020.02.14_12.58.17__bandwidth__win0__seed42.csv: 30 samples (mean 7.61 Mbps)
  redandblack__driving_B_2020.02.14_12.58.17__fixed1__win0__seed43.csv: 30 samples (mean 15.17 Mbps)
  redandblack__driving_B_2020.02.14_12.58.17__fixed3__win0__seed43.csv: 30 samples (mean 10.36 Mbps)
  redandblack__driving_B_2020.02.14_12.58.17__fixed5__win0__seed43.csv: 30 samples (mean 3.72 Mbps)
  redandblack__driving_B_2020.02.14_12.58.17__cycle__win0__seed43.csv: 30 samples (mean 9.80 Mbps)
  redandblack__driving_B_2020.02.14_12.58.17__bandwidth__win0__seed43.csv: 30 samples (mean 6.80 Mbps)
  redandblack__driving_B_2020.02.14_12.58.17__fixed1__win0__seed44.csv: 30 samples (mean 15.21 Mbps)
  redandblack__driving_B_2020.02.14_12.58.17__fixed3__win0__seed44.csv: 30 samples (mean 10.17 Mbps)
  redandblack__driving_B_2020.02.14_12.58.17__fixed5__win0__seed44.csv: 30 samples (mean 3.67 Mbps)
  redandblack__driving_B_2020.02.14_12.58.17__cycle__win0__seed44.csv: 30 samples (mean 9.53 Mbps)
  redandblack__driving_B_2020.02.14_12.58.17__bandwidth__win0__seed44.csv: 30 samples (mean 7.29 Mbps)
  redandblack__driving_B_2020.02.14_12.58.17__fixed1__win482__seed42.csv: 30 samples (mean 6.87 Mbps)
  redandblack__driving_B_2020.02.14_12.58.17__fixed3__win482__seed42.csv: 30 samples (mean 3.85 Mbps)
  redandblack__driving_B_2020.02.14_12.58.17__fixed5__win482__seed42.csv: 30 samples (mean 1.23 Mbps)
  redandblack__driving_B_2020.02.14_12.58.17__cycle__win482__seed42.csv: 30 samples (mean 5.83 Mbps)
  redandblack__driving_B_2020.02.14_12.58.17__bandwidth__win482__seed42.csv: 30 samples (mean 1.23 Mbps)
  redandblack__driving_B_2020.02.14_12.58.17__fixed1__win482__seed43.csv: 30 samples (mean 6.90 Mbps)
  redandblack__driving_B_2020.02.14_12.58.17__fixed3__win482__seed43.csv: 30 samples (mean 3.76 Mbps)
  redandblack__driving_B_2020.02.14_12.58.17__fixed5__win482__seed43.csv: 30 samples (mean 1.27 Mbps)
  redandblack__driving_B_2020.02.14_12.58.17__cycle__win482__seed43.csv: 30 samples (mean 5.91 Mbps)
  redandblack__driving_B_2020.02.14_12.58.17__bandwidth__win482__seed43.csv: 30 samples (mean 1.27 Mbps)
  redandblack__driving_B_2020.02.14_12.58.17__fixed1__win482__seed44.csv: 30 samples (mean 6.88 Mbps)
  redandblack__driving_B_2020.02.14_12.58.17__fixed3__win482__seed44.csv: 30 samples (mean 3.79 Mbps)
  redandblack__driving_B_2020.02.14_12.58.17__fixed5__win482__seed44.csv: 30 samples (mean 1.26 Mbps)
  redandblack__driving_B_2020.02.14_12.58.17__cycle__win482__seed44.csv: 30 samples (mean 5.88 Mbps)
  redandblack__driving_B_2020.02.14_12.58.17__bandwidth__win482__seed44.csv: 30 samples (mean 1.26 Mbps)
  redandblack__driving_B_2020.02.14_12.58.17__fixed1__win542__seed42.csv: 30 samples (mean 8.21 Mbps)
  redandblack__driving_B_2020.02.14_12.58.17__fixed3__win542__seed42.csv: 30 samples (mean 7.28 Mbps)
  redandblack__driving_B_2020.02.14_12.58.17__fixed5__win542__seed42.csv: 30 samples (mean 3.35 Mbps)
  redandblack__driving_B_2020.02.14_12.58.17__cycle__win542__seed42.csv: 30 samples (mean 7.23 Mbps)
  redandblack__driving_B_2020.02.14_12.58.17__bandwidth__win542__seed42.csv: 30 samples (mean 3.63 Mbps)
  redandblack__driving_B_2020.02.14_12.58.17__fixed1__win542__seed43.csv: 30 samples (mean 8.22 Mbps)
  redandblack__driving_B_2020.02.14_12.58.17__fixed3__win542__seed43.csv: 30 samples (mean 7.21 Mbps)
  redandblack__driving_B_2020.02.14_12.58.17__fixed5__win542__seed43.csv: 30 samples (mean 3.34 Mbps)
  redandblack__driving_B_2020.02.14_12.58.17__cycle__win542__seed43.csv: 30 samples (mean 7.05 Mbps)
  redandblack__driving_B_2020.02.14_12.58.17__bandwidth__win542__seed43.csv: 30 samples (mean 4.13 Mbps)
  redandblack__driving_B_2020.02.14_12.58.17__fixed1__win542__seed44.csv: 30 samples (mean 8.22 Mbps)
  redandblack__driving_B_2020.02.14_12.58.17__fixed3__win542__seed44.csv: 30 samples (mean 7.24 Mbps)
  redandblack__driving_B_2020.02.14_12.58.17__fixed5__win542__seed44.csv: 30 samples (mean 3.24 Mbps)
  redandblack__driving_B_2020.02.14_12.58.17__cycle__win542__seed44.csv: 30 samples (mean 7.24 Mbps)
  redandblack__driving_B_2020.02.14_12.58.17__bandwidth__win542__seed44.csv: 30 samples (mean 3.24 Mbps)
  redandblack__driving_B_2020.02.14_12.58.17__fixed1__win605__seed42.csv: 30 samples (mean 13.80 Mbps)
  redandblack__driving_B_2020.02.14_12.58.17__fixed3__win605__seed42.csv: 30 samples (mean 14.57 Mbps)
  redandblack__driving_B_2020.02.14_12.58.17__fixed5__win605__seed42.csv: 30 samples (mean 3.77 Mbps)
  redandblack__driving_B_2020.02.14_12.58.17__cycle__win605__seed42.csv: 30 samples (mean 14.08 Mbps)
  redandblack__driving_B_2020.02.14_12.58.17__bandwidth__win605__seed42.csv: 30 samples (mean 9.59 Mbps)
  redandblack__driving_B_2020.02.14_12.58.17__fixed1__win605__seed43.csv: 30 samples (mean 13.80 Mbps)
  redandblack__driving_B_2020.02.14_12.58.17__fixed3__win605__seed43.csv: 30 samples (mean 14.61 Mbps)
  redandblack__driving_B_2020.02.14_12.58.17__fixed5__win605__seed43.csv: 30 samples (mean 3.67 Mbps)
  redandblack__driving_B_2020.02.14_12.58.17__cycle__win605__seed43.csv: 30 samples (mean 13.94 Mbps)
  redandblack__driving_B_2020.02.14_12.58.17__bandwidth__win605__seed43.csv: 30 samples (mean 5.15 Mbps)
  redandblack__driving_B_2020.02.14_12.58.17__fixed1__win605__seed44.csv: 30 samples (mean 13.84 Mbps)
  redandblack__driving_B_2020.02.14_12.58.17__fixed3__win605__seed44.csv: 30 samples (mean 14.69 Mbps)
  redandblack__driving_B_2020.02.14_12.58.17__fixed5__win605__seed44.csv: 30 samples (mean 3.80 Mbps)
  redandblack__driving_B_2020.02.14_12.58.17__cycle__win605__seed44.csv: 30 samples (mean 13.71 Mbps)
  redandblack__driving_B_2020.02.14_12.58.17__bandwidth__win605__seed44.csv: 30 samples (mean 9.22 Mbps)
  redandblack__driving_B_2020.02.14_12.58.17__fixed1__win659__seed42.csv: 30 samples (mean 8.96 Mbps)
  redandblack__driving_B_2020.02.14_12.58.17__fixed3__win659__seed42.csv: 30 samples (mean 11.40 Mbps)
  redandblack__driving_B_2020.02.14_12.58.17__fixed5__win659__seed42.csv: 30 samples (mean 3.77 Mbps)
  redandblack__driving_B_2020.02.14_12.58.17__cycle__win659__seed42.csv: 30 samples (mean 9.86 Mbps)
  redandblack__driving_B_2020.02.14_12.58.17__bandwidth__win659__seed42.csv: 30 samples (mean 8.84 Mbps)
  redandblack__driving_B_2020.02.14_12.58.17__fixed1__win659__seed43.csv: 30 samples (mean 9.06 Mbps)
  redandblack__driving_B_2020.02.14_12.58.17__fixed3__win659__seed43.csv: 30 samples (mean 11.49 Mbps)
  redandblack__driving_B_2020.02.14_12.58.17__fixed5__win659__seed43.csv: 30 samples (mean 3.67 Mbps)
  redandblack__driving_B_2020.02.14_12.58.17__cycle__win659__seed43.csv: 30 samples (mean 9.75 Mbps)
  redandblack__driving_B_2020.02.14_12.58.17__bandwidth__win659__seed43.csv: 30 samples (mean 4.08 Mbps)
  redandblack__driving_B_2020.02.14_12.58.17__fixed1__win659__seed44.csv: 30 samples (mean 9.09 Mbps)
  redandblack__driving_B_2020.02.14_12.58.17__fixed3__win659__seed44.csv: 30 samples (mean 11.44 Mbps)
  redandblack__driving_B_2020.02.14_12.58.17__fixed5__win659__seed44.csv: 30 samples (mean 3.80 Mbps)
  redandblack__driving_B_2020.02.14_12.58.17__cycle__win659__seed44.csv: 30 samples (mean 9.99 Mbps)
  redandblack__driving_B_2020.02.14_12.58.17__bandwidth__win659__seed44.csv: 30 samples (mean 9.00 Mbps)
  redandblack__driving_B_2020.02.27_17.30.15__fixed1__win269__seed42.csv: 30 samples (mean 4.71 Mbps)
  redandblack__driving_B_2020.02.27_17.30.15__fixed3__win269__seed42.csv: 30 samples (mean 2.73 Mbps)
  redandblack__driving_B_2020.02.27_17.30.15__fixed5__win269__seed42.csv: 30 samples (mean 0.70 Mbps)
  redandblack__driving_B_2020.02.27_17.30.15__cycle__win269__seed42.csv: 30 samples (mean 4.57 Mbps)
  redandblack__driving_B_2020.02.27_17.30.15__bandwidth__win269__seed42.csv: 30 samples (mean 0.70 Mbps)
  redandblack__driving_B_2020.02.27_17.30.15__fixed1__win269__seed43.csv: 30 samples (mean 4.72 Mbps)
  redandblack__driving_B_2020.02.27_17.30.15__fixed3__win269__seed43.csv: 30 samples (mean 2.73 Mbps)
  redandblack__driving_B_2020.02.27_17.30.15__fixed5__win269__seed43.csv: 30 samples (mean 0.72 Mbps)
  redandblack__driving_B_2020.02.27_17.30.15__cycle__win269__seed43.csv: 30 samples (mean 4.61 Mbps)
  redandblack__driving_B_2020.02.27_17.30.15__bandwidth__win269__seed43.csv: 30 samples (mean 0.72 Mbps)
  redandblack__driving_B_2020.02.27_17.30.15__fixed1__win269__seed44.csv: 30 samples (mean 4.70 Mbps)
  redandblack__driving_B_2020.02.27_17.30.15__fixed3__win269__seed44.csv: 30 samples (mean 2.74 Mbps)
  redandblack__driving_B_2020.02.27_17.30.15__fixed5__win269__seed44.csv: 30 samples (mean 0.73 Mbps)
  redandblack__driving_B_2020.02.27_17.30.15__cycle__win269__seed44.csv: 30 samples (mean 4.47 Mbps)
  redandblack__driving_B_2020.02.27_17.30.15__bandwidth__win269__seed44.csv: 30 samples (mean 0.73 Mbps)
  redandblack__driving_B_2020.02.27_17.30.15__fixed1__win333__seed42.csv: 30 samples (mean 4.96 Mbps)
  redandblack__driving_B_2020.02.27_17.30.15__fixed3__win333__seed42.csv: 30 samples (mean 4.53 Mbps)
  redandblack__driving_B_2020.02.27_17.30.15__fixed5__win333__seed42.csv: 30 samples (mean 2.11 Mbps)
  redandblack__driving_B_2020.02.27_17.30.15__cycle__win333__seed42.csv: 30 samples (mean 5.16 Mbps)
  redandblack__driving_B_2020.02.27_17.30.15__bandwidth__win333__seed42.csv: 30 samples (mean 2.11 Mbps)
  redandblack__driving_B_2020.02.27_17.30.15__fixed1__win333__seed43.csv: 30 samples (mean 4.96 Mbps)
  redandblack__driving_B_2020.02.27_17.30.15__fixed3__win333__seed43.csv: 30 samples (mean 4.47 Mbps)
  redandblack__driving_B_2020.02.27_17.30.15__fixed5__win333__seed43.csv: 30 samples (mean 2.14 Mbps)
  redandblack__driving_B_2020.02.27_17.30.15__cycle__win333__seed43.csv: 30 samples (mean 5.14 Mbps)
  redandblack__driving_B_2020.02.27_17.30.15__bandwidth__win333__seed43.csv: 30 samples (mean 2.14 Mbps)
  redandblack__driving_B_2020.02.27_17.30.15__fixed1__win333__seed44.csv: 30 samples (mean 5.00 Mbps)
  redandblack__driving_B_2020.02.27_17.30.15__fixed3__win333__seed44.csv: 30 samples (mean 4.46 Mbps)
  redandblack__driving_B_2020.02.27_17.30.15__fixed5__win333__seed44.csv: 30 samples (mean 2.23 Mbps)
  redandblack__driving_B_2020.02.27_17.30.15__cycle__win333__seed44.csv: 30 samples (mean 5.08 Mbps)
  redandblack__driving_B_2020.02.27_17.30.15__bandwidth__win333__seed44.csv: 30 samples (mean 2.23 Mbps)
  redandblack__driving_B_2020.02.27_17.30.15__fixed1__win390__seed42.csv: 30 samples (mean 3.83 Mbps)
  redandblack__driving_B_2020.02.27_17.30.15__fixed3__win390__seed42.csv: 30 samples (mean 5.26 Mbps)
  redandblack__driving_B_2020.02.27_17.30.15__fixed5__win390__seed42.csv: 30 samples (mean 3.77 Mbps)
  redandblack__driving_B_2020.02.27_17.30.15__cycle__win390__seed42.csv: 30 samples (mean 3.98 Mbps)
  redandblack__driving_B_2020.02.27_17.30.15__bandwidth__win390__seed42.csv: 30 samples (mean 4.97 Mbps)
  redandblack__driving_B_2020.02.27_17.30.15__fixed1__win390__seed43.csv: 30 samples (mean 3.85 Mbps)
  redandblack__driving_B_2020.02.27_17.30.15__fixed3__win390__seed43.csv: 30 samples (mean 5.27 Mbps)
  redandblack__driving_B_2020.02.27_17.30.15__fixed5__win390__seed43.csv: 30 samples (mean 3.67 Mbps)
  redandblack__driving_B_2020.02.27_17.30.15__cycle__win390__seed43.csv: 30 samples (mean 3.90 Mbps)
  redandblack__driving_B_2020.02.27_17.30.15__bandwidth__win390__seed43.csv: 30 samples (mean 3.79 Mbps)
  redandblack__driving_B_2020.02.27_17.30.15__fixed1__win390__seed44.csv: 30 samples (mean 3.84 Mbps)
  redandblack__driving_B_2020.02.27_17.30.15__fixed3__win390__seed44.csv: 30 samples (mean 5.25 Mbps)
  redandblack__driving_B_2020.02.27_17.30.15__fixed5__win390__seed44.csv: 30 samples (mean 3.80 Mbps)
  redandblack__driving_B_2020.02.27_17.30.15__cycle__win390__seed44.csv: 30 samples (mean 4.02 Mbps)
  redandblack__driving_B_2020.02.27_17.30.15__bandwidth__win390__seed44.csv: 30 samples (mean 4.74 Mbps)
  redandblack__driving_B_2020.02.27_17.30.15__fixed1__win445__seed42.csv: 30 samples (mean 4.34 Mbps)
  redandblack__driving_B_2020.02.27_17.30.15__fixed3__win445__seed42.csv: 30 samples (mean 2.58 Mbps)
  redandblack__driving_B_2020.02.27_17.30.15__fixed5__win445__seed42.csv: 30 samples (mean 3.05 Mbps)
  redandblack__driving_B_2020.02.27_17.30.15__cycle__win445__seed42.csv: 30 samples (mean 2.98 Mbps)
  redandblack__driving_B_2020.02.27_17.30.15__bandwidth__win445__seed42.csv: 30 samples (mean 3.01 Mbps)
  redandblack__driving_B_2020.02.27_17.30.15__fixed1__win445__seed43.csv: 30 samples (mean 4.33 Mbps)
  redandblack__driving_B_2020.02.27_17.30.15__fixed3__win445__seed43.csv: 30 samples (mean 2.63 Mbps)
  redandblack__driving_B_2020.02.27_17.30.15__fixed5__win445__seed43.csv: 30 samples (mean 2.99 Mbps)
  redandblack__driving_B_2020.02.27_17.30.15__cycle__win445__seed43.csv: 30 samples (mean 3.03 Mbps)
  redandblack__driving_B_2020.02.27_17.30.15__bandwidth__win445__seed43.csv: 30 samples (mean 2.99 Mbps)
  redandblack__driving_B_2020.02.27_17.30.15__fixed1__win445__seed44.csv: 30 samples (mean 4.36 Mbps)
  redandblack__driving_B_2020.02.27_17.30.15__fixed3__win445__seed44.csv: 30 samples (mean 2.62 Mbps)
  redandblack__driving_B_2020.02.27_17.30.15__fixed5__win445__seed44.csv: 30 samples (mean 3.11 Mbps)
  redandblack__driving_B_2020.02.27_17.30.15__cycle__win445__seed44.csv: 30 samples (mean 3.01 Mbps)
  redandblack__driving_B_2020.02.27_17.30.15__bandwidth__win445__seed44.csv: 30 samples (mean 2.96 Mbps)
  redandblack__driving_B_2020.02.27_17.30.15__fixed1__win502__seed42.csv: 30 samples (mean 4.80 Mbps)
  redandblack__driving_B_2020.02.27_17.30.15__fixed3__win502__seed42.csv: 30 samples (mean 3.95 Mbps)
  redandblack__driving_B_2020.02.27_17.30.15__fixed5__win502__seed42.csv: 30 samples (mean 1.51 Mbps)
  redandblack__driving_B_2020.02.27_17.30.15__cycle__win502__seed42.csv: 30 samples (mean 4.51 Mbps)
  redandblack__driving_B_2020.02.27_17.30.15__bandwidth__win502__seed42.csv: 30 samples (mean 1.51 Mbps)
  redandblack__driving_B_2020.02.27_17.30.15__fixed1__win502__seed43.csv: 30 samples (mean 4.83 Mbps)
  redandblack__driving_B_2020.02.27_17.30.15__fixed3__win502__seed43.csv: 30 samples (mean 3.94 Mbps)
  redandblack__driving_B_2020.02.27_17.30.15__fixed5__win502__seed43.csv: 30 samples (mean 1.44 Mbps)
  redandblack__driving_B_2020.02.27_17.30.15__cycle__win502__seed43.csv: 30 samples (mean 4.51 Mbps)
  redandblack__driving_B_2020.02.27_17.30.15__bandwidth__win502__seed43.csv: 30 samples (mean 1.44 Mbps)
  redandblack__driving_B_2020.02.27_17.30.15__fixed1__win502__seed44.csv: 30 samples (mean 4.81 Mbps)
  redandblack__driving_B_2020.02.27_17.30.15__fixed3__win502__seed44.csv: 30 samples (mean 3.96 Mbps)
  redandblack__driving_B_2020.02.27_17.30.15__fixed5__win502__seed44.csv: 30 samples (mean 1.45 Mbps)
  redandblack__driving_B_2020.02.27_17.30.15__cycle__win502__seed44.csv: 30 samples (mean 4.44 Mbps)
  redandblack__driving_B_2020.02.27_17.30.15__bandwidth__win502__seed44.csv: 30 samples (mean 1.45 Mbps)
  redandblack__static_B_2019.12.16_13.40.04__fixed1__win0__seed42.csv: 30 samples (mean 85.24 Mbps)
  redandblack__static_B_2019.12.16_13.40.04__fixed3__win0__seed42.csv: 30 samples (mean 27.24 Mbps)
  redandblack__static_B_2019.12.16_13.40.04__fixed5__win0__seed42.csv: 30 samples (mean 3.18 Mbps)
  redandblack__static_B_2019.12.16_13.40.04__cycle__win0__seed42.csv: 30 samples (mean 57.28 Mbps)
  redandblack__static_B_2019.12.16_13.40.04__bandwidth__win0__seed42.csv: 30 samples (mean 4.62 Mbps)
  redandblack__static_B_2019.12.16_13.40.04__fixed1__win0__seed43.csv: 30 samples (mean 85.79 Mbps)
  redandblack__static_B_2019.12.16_13.40.04__fixed3__win0__seed43.csv: 30 samples (mean 26.80 Mbps)
  redandblack__static_B_2019.12.16_13.40.04__fixed5__win0__seed43.csv: 30 samples (mean 3.19 Mbps)
  redandblack__static_B_2019.12.16_13.40.04__cycle__win0__seed43.csv: 30 samples (mean 56.36 Mbps)
  redandblack__static_B_2019.12.16_13.40.04__bandwidth__win0__seed43.csv: 30 samples (mean 10.48 Mbps)
  redandblack__static_B_2019.12.16_13.40.04__fixed1__win0__seed44.csv: 30 samples (mean 86.57 Mbps)
  redandblack__static_B_2019.12.16_13.40.04__fixed3__win0__seed44.csv: 30 samples (mean 27.45 Mbps)
  redandblack__static_B_2019.12.16_13.40.04__fixed5__win0__seed44.csv: 30 samples (mean 3.21 Mbps)
  redandblack__static_B_2019.12.16_13.40.04__cycle__win0__seed44.csv: 30 samples (mean 56.81 Mbps)
  redandblack__static_B_2019.12.16_13.40.04__bandwidth__win0__seed44.csv: 30 samples (mean 10.60 Mbps)
  redandblack__static_B_2019.12.16_13.40.04__fixed1__win214__seed42.csv: 30 samples (mean 26.98 Mbps)
  redandblack__static_B_2019.12.16_13.40.04__fixed3__win214__seed42.csv: 30 samples (mean 22.95 Mbps)
  redandblack__static_B_2019.12.16_13.40.04__fixed5__win214__seed42.csv: 30 samples (mean 3.62 Mbps)
  redandblack__static_B_2019.12.16_13.40.04__cycle__win214__seed42.csv: 30 samples (mean 18.23 Mbps)
  redandblack__static_B_2019.12.16_13.40.04__bandwidth__win214__seed42.csv: 30 samples (mean 12.94 Mbps)
  redandblack__static_B_2019.12.16_13.40.04__fixed1__win214__seed43.csv: 30 samples (mean 26.63 Mbps)
  redandblack__static_B_2019.12.16_13.40.04__fixed3__win214__seed43.csv: 30 samples (mean 23.20 Mbps)
  redandblack__static_B_2019.12.16_13.40.04__fixed5__win214__seed43.csv: 30 samples (mean 3.70 Mbps)
  redandblack__static_B_2019.12.16_13.40.04__cycle__win214__seed43.csv: 30 samples (mean 17.85 Mbps)
  redandblack__static_B_2019.12.16_13.40.04__bandwidth__win214__seed43.csv: 30 samples (mean 13.98 Mbps)
  redandblack__static_B_2019.12.16_13.40.04__fixed1__win214__seed44.csv: 30 samples (mean 27.00 Mbps)
  redandblack__static_B_2019.12.16_13.40.04__fixed3__win214__seed44.csv: 30 samples (mean 23.45 Mbps)
  redandblack__static_B_2019.12.16_13.40.04__fixed5__win214__seed44.csv: 30 samples (mean 3.70 Mbps)
  redandblack__static_B_2019.12.16_13.40.04__cycle__win214__seed44.csv: 30 samples (mean 18.27 Mbps)
  redandblack__static_B_2019.12.16_13.40.04__bandwidth__win214__seed44.csv: 30 samples (mean 12.69 Mbps)
  redandblack__static_B_2019.12.16_13.40.04__fixed1__win586__seed42.csv: 30 samples (mean 33.20 Mbps)
  redandblack__static_B_2019.12.16_13.40.04__fixed3__win586__seed42.csv: 30 samples (mean 28.95 Mbps)
  redandblack__static_B_2019.12.16_13.40.04__fixed5__win586__seed42.csv: 30 samples (mean 3.77 Mbps)
  redandblack__static_B_2019.12.16_13.40.04__cycle__win586__seed42.csv: 30 samples (mean 23.73 Mbps)
  redandblack__static_B_2019.12.16_13.40.04__bandwidth__win586__seed42.csv: 30 samples (mean 14.40 Mbps)
  redandblack__static_B_2019.12.16_13.40.04__fixed1__win586__seed43.csv: 30 samples (mean 33.16 Mbps)
  redandblack__static_B_2019.12.16_13.40.04__fixed3__win586__seed43.csv: 30 samples (mean 30.42 Mbps)
  redandblack__static_B_2019.12.16_13.40.04__fixed5__win586__seed43.csv: 30 samples (mean 3.67 Mbps)
  redandblack__static_B_2019.12.16_13.40.04__cycle__win586__seed43.csv: 30 samples (mean 24.97 Mbps)
  redandblack__static_B_2019.12.16_13.40.04__bandwidth__win586__seed43.csv: 30 samples (mean 5.15 Mbps)
  redandblack__static_B_2019.12.16_13.40.04__fixed1__win586__seed44.csv: 30 samples (mean 33.17 Mbps)
  redandblack__static_B_2019.12.16_13.40.04__fixed3__win586__seed44.csv: 30 samples (mean 29.87 Mbps)
  redandblack__static_B_2019.12.16_13.40.04__fixed5__win586__seed44.csv: 30 samples (mean 3.80 Mbps)
  redandblack__static_B_2019.12.16_13.40.04__cycle__win586__seed44.csv: 30 samples (mean 24.79 Mbps)
  redandblack__static_B_2019.12.16_13.40.04__bandwidth__win586__seed44.csv: 30 samples (mean 21.68 Mbps)
  redandblack__static_B_2019.12.16_13.40.04__fixed1__win804__seed42.csv: 30 samples (mean 56.03 Mbps)
  redandblack__static_B_2019.12.16_13.40.04__fixed3__win804__seed42.csv: 30 samples (mean 36.16 Mbps)
  redandblack__static_B_2019.12.16_13.40.04__fixed5__win804__seed42.csv: 30 samples (mean 3.69 Mbps)
  redandblack__static_B_2019.12.16_13.40.04__cycle__win804__seed42.csv: 30 samples (mean 35.02 Mbps)
  redandblack__static_B_2019.12.16_13.40.04__bandwidth__win804__seed42.csv: 30 samples (mean 10.63 Mbps)
  redandblack__static_B_2019.12.16_13.40.04__fixed1__win804__seed43.csv: 30 samples (mean 56.07 Mbps)
  redandblack__static_B_2019.12.16_13.40.04__fixed3__win804__seed43.csv: 30 samples (mean 36.40 Mbps)
  redandblack__static_B_2019.12.16_13.40.04__fixed5__win804__seed43.csv: 30 samples (mean 3.55 Mbps)
  redandblack__static_B_2019.12.16_13.40.04__cycle__win804__seed43.csv: 30 samples (mean 34.77 Mbps)
  redandblack__static_B_2019.12.16_13.40.04__bandwidth__win804__seed43.csv: 30 samples (mean 3.55 Mbps)
  redandblack__static_B_2019.12.16_13.40.04__fixed1__win804__seed44.csv: 30 samples (mean 56.08 Mbps)
  redandblack__static_B_2019.12.16_13.40.04__fixed3__win804__seed44.csv: 30 samples (mean 37.28 Mbps)
  redandblack__static_B_2019.12.16_13.40.04__fixed5__win804__seed44.csv: 30 samples (mean 3.67 Mbps)
  redandblack__static_B_2019.12.16_13.40.04__cycle__win804__seed44.csv: 30 samples (mean 34.85 Mbps)
  redandblack__static_B_2019.12.16_13.40.04__bandwidth__win804__seed44.csv: 30 samples (mean 36.11 Mbps)
  redandblack__static_B_2019.12.16_13.40.04__fixed1__win1187__seed42.csv: 30 samples (mean 27.57 Mbps)
  redandblack__static_B_2019.12.16_13.40.04__fixed3__win1187__seed42.csv: 30 samples (mean 18.57 Mbps)
  redandblack__static_B_2019.12.16_13.40.04__fixed5__win1187__seed42.csv: 30 samples (mean 0.75 Mbps)
  redandblack__static_B_2019.12.16_13.40.04__cycle__win1187__seed42.csv: 30 samples (mean 20.33 Mbps)
  redandblack__static_B_2019.12.16_13.40.04__bandwidth__win1187__seed42.csv: 30 samples (mean 0.75 Mbps)
  redandblack__static_B_2019.12.16_13.40.04__fixed1__win1187__seed43.csv: 30 samples (mean 27.66 Mbps)
  redandblack__static_B_2019.12.16_13.40.04__fixed3__win1187__seed43.csv: 30 samples (mean 18.14 Mbps)
  redandblack__static_B_2019.12.16_13.40.04__fixed5__win1187__seed43.csv: 30 samples (mean 0.74 Mbps)
  redandblack__static_B_2019.12.16_13.40.04__cycle__win1187__seed43.csv: 30 samples (mean 18.61 Mbps)
  redandblack__static_B_2019.12.16_13.40.04__bandwidth__win1187__seed43.csv: 30 samples (mean 0.74 Mbps)
  redandblack__static_B_2019.12.16_13.40.04__fixed1__win1187__seed44.csv: 30 samples (mean 27.43 Mbps)
  redandblack__static_B_2019.12.16_13.40.04__fixed3__win1187__seed44.csv: 30 samples (mean 18.28 Mbps)
  redandblack__static_B_2019.12.16_13.40.04__fixed5__win1187__seed44.csv: 30 samples (mean 0.75 Mbps)
  redandblack__static_B_2019.12.16_13.40.04__cycle__win1187__seed44.csv: 30 samples (mean 20.19 Mbps)
  redandblack__static_B_2019.12.16_13.40.04__bandwidth__win1187__seed44.csv: 30 samples (mean 0.75 Mbps)
  redandblack__static_B_2019.12.16_13.40.04__fixed1__win1405__seed42.csv: 30 samples (mean 62.54 Mbps)
  redandblack__static_B_2019.12.16_13.40.04__fixed3__win1405__seed42.csv: 30 samples (mean 22.68 Mbps)
  redandblack__static_B_2019.12.16_13.40.04__fixed5__win1405__seed42.csv: 30 samples (mean 1.08 Mbps)
  redandblack__static_B_2019.12.16_13.40.04__cycle__win1405__seed42.csv: 30 samples (mean 29.43 Mbps)
  redandblack__static_B_2019.12.16_13.40.04__bandwidth__win1405__seed42.csv: 30 samples (mean 1.08 Mbps)
  redandblack__static_B_2019.12.16_13.40.04__fixed1__win1405__seed43.csv: 30 samples (mean 62.89 Mbps)
  redandblack__static_B_2019.12.16_13.40.04__fixed3__win1405__seed43.csv: 30 samples (mean 23.20 Mbps)
  redandblack__static_B_2019.12.16_13.40.04__fixed5__win1405__seed43.csv: 30 samples (mean 1.00 Mbps)
  redandblack__static_B_2019.12.16_13.40.04__cycle__win1405__seed43.csv: 30 samples (mean 29.72 Mbps)
  redandblack__static_B_2019.12.16_13.40.04__bandwidth__win1405__seed43.csv: 30 samples (mean 1.00 Mbps)
  redandblack__static_B_2019.12.16_13.40.04__fixed1__win1405__seed44.csv: 30 samples (mean 63.06 Mbps)
  redandblack__static_B_2019.12.16_13.40.04__fixed3__win1405__seed44.csv: 30 samples (mean 22.56 Mbps)
  redandblack__static_B_2019.12.16_13.40.04__fixed5__win1405__seed44.csv: 30 samples (mean 1.00 Mbps)
  redandblack__static_B_2019.12.16_13.40.04__cycle__win1405__seed44.csv: 30 samples (mean 29.36 Mbps)
  redandblack__static_B_2019.12.16_13.40.04__bandwidth__win1405__seed44.csv: 30 samples (mean 1.00 Mbps)
  redandblack__static_B_2019.12.16_13.40.04__fixed1__win1673__seed42.csv: 30 samples (mean 46.65 Mbps)
  redandblack__static_B_2019.12.16_13.40.04__fixed3__win1673__seed42.csv: 30 samples (mean 40.70 Mbps)
  redandblack__static_B_2019.12.16_13.40.04__fixed5__win1673__seed42.csv: 30 samples (mean 3.63 Mbps)
  redandblack__static_B_2019.12.16_13.40.04__cycle__win1673__seed42.csv: 30 samples (mean 30.10 Mbps)
  redandblack__static_B_2019.12.16_13.40.04__bandwidth__win1673__seed42.csv: 30 samples (mean 15.04 Mbps)
  redandblack__static_B_2019.12.16_13.40.04__fixed1__win1673__seed43.csv: 30 samples (mean 46.28 Mbps)
  redandblack__static_B_2019.12.16_13.40.04__fixed3__win1673__seed43.csv: 30 samples (mean 41.24 Mbps)
  redandblack__static_B_2019.12.16_13.40.04__fixed5__win1673__seed43.csv: 30 samples (mean 3.53 Mbps)
  redandblack__static_B_2019.12.16_13.40.04__cycle__win1673__seed43.csv: 30 samples (mean 30.26 Mbps)
  redandblack__static_B_2019.12.16_13.40.04__bandwidth__win1673__seed43.csv: 30 samples (mean 4.89 Mbps)
  redandblack__static_B_2019.12.16_13.40.04__fixed1__win1673__seed44.csv: 30 samples (mean 47.76 Mbps)
  redandblack__static_B_2019.12.16_13.40.04__fixed3__win1673__seed44.csv: 30 samples (mean 41.70 Mbps)
  redandblack__static_B_2019.12.16_13.40.04__fixed5__win1673__seed44.csv: 30 samples (mean 3.66 Mbps)
  redandblack__static_B_2019.12.16_13.40.04__cycle__win1673__seed44.csv: 30 samples (mean 31.06 Mbps)
  redandblack__static_B_2019.12.16_13.40.04__bandwidth__win1673__seed44.csv: 30 samples (mean 17.02 Mbps)
  redandblack__static_B_2019.12.16_13.40.04__fixed1__win1981__seed42.csv: 30 samples (mean 94.89 Mbps)
  redandblack__static_B_2019.12.16_13.40.04__fixed3__win1981__seed42.csv: 30 samples (mean 53.29 Mbps)
  redandblack__static_B_2019.12.16_13.40.04__fixed5__win1981__seed42.csv: 30 samples (mean 3.77 Mbps)
  redandblack__static_B_2019.12.16_13.40.04__cycle__win1981__seed42.csv: 30 samples (mean 62.48 Mbps)
  redandblack__static_B_2019.12.16_13.40.04__bandwidth__win1981__seed42.csv: 30 samples (mean 18.11 Mbps)
  redandblack__static_B_2019.12.16_13.40.04__fixed1__win1981__seed43.csv: 30 samples (mean 96.56 Mbps)
  redandblack__static_B_2019.12.16_13.40.04__fixed3__win1981__seed43.csv: 30 samples (mean 52.88 Mbps)
  redandblack__static_B_2019.12.16_13.40.04__fixed5__win1981__seed43.csv: 30 samples (mean 3.67 Mbps)
  redandblack__static_B_2019.12.16_13.40.04__cycle__win1981__seed43.csv: 30 samples (mean 59.26 Mbps)
  redandblack__static_B_2019.12.16_13.40.04__bandwidth__win1981__seed43.csv: 30 samples (mean 5.15 Mbps)
  redandblack__static_B_2019.12.16_13.40.04__fixed1__win1981__seed44.csv: 30 samples (mean 93.63 Mbps)
  redandblack__static_B_2019.12.16_13.40.04__fixed3__win1981__seed44.csv: 30 samples (mean 54.63 Mbps)
  redandblack__static_B_2019.12.16_13.40.04__fixed5__win1981__seed44.csv: 30 samples (mean 3.80 Mbps)
  redandblack__static_B_2019.12.16_13.40.04__cycle__win1981__seed44.csv: 30 samples (mean 61.88 Mbps)
  redandblack__static_B_2019.12.16_13.40.04__bandwidth__win1981__seed44.csv: 30 samples (mean 64.81 Mbps)
  redandblack__static_B_2020.02.14_13.21.26__fixed1__win0__seed42.csv: 30 samples (mean 19.56 Mbps)
  redandblack__static_B_2020.02.14_13.21.26__fixed3__win0__seed42.csv: 30 samples (mean 17.43 Mbps)
  redandblack__static_B_2020.02.14_13.21.26__fixed5__win0__seed42.csv: 30 samples (mean 3.78 Mbps)
  redandblack__static_B_2020.02.14_13.21.26__cycle__win0__seed42.csv: 30 samples (mean 14.70 Mbps)
  redandblack__static_B_2020.02.14_13.21.26__bandwidth__win0__seed42.csv: 30 samples (mean 13.26 Mbps)
  redandblack__static_B_2020.02.14_13.21.26__fixed1__win0__seed43.csv: 30 samples (mean 19.56 Mbps)
  redandblack__static_B_2020.02.14_13.21.26__fixed3__win0__seed43.csv: 30 samples (mean 18.07 Mbps)
  redandblack__static_B_2020.02.14_13.21.26__fixed5__win0__seed43.csv: 30 samples (mean 3.79 Mbps)
  redandblack__static_B_2020.02.14_13.21.26__cycle__win0__seed43.csv: 30 samples (mean 15.00 Mbps)
  redandblack__static_B_2020.02.14_13.21.26__bandwidth__win0__seed43.csv: 30 samples (mean 13.48 Mbps)
  redandblack__static_B_2020.02.14_13.21.26__fixed1__win0__seed44.csv: 30 samples (mean 19.68 Mbps)
  redandblack__static_B_2020.02.14_13.21.26__fixed3__win0__seed44.csv: 30 samples (mean 17.73 Mbps)
  redandblack__static_B_2020.02.14_13.21.26__fixed5__win0__seed44.csv: 30 samples (mean 3.77 Mbps)
  redandblack__static_B_2020.02.14_13.21.26__cycle__win0__seed44.csv: 30 samples (mean 14.61 Mbps)
  redandblack__static_B_2020.02.14_13.21.26__bandwidth__win0__seed44.csv: 30 samples (mean 13.55 Mbps)
  redandblack__static_B_2020.02.14_13.21.26__fixed1__win159__seed42.csv: 30 samples (mean 147.60 Mbps)
  redandblack__static_B_2020.02.14_13.21.26__fixed3__win159__seed42.csv: 30 samples (mean 46.53 Mbps)
  redandblack__static_B_2020.02.14_13.21.26__fixed5__win159__seed42.csv: 30 samples (mean 3.77 Mbps)
  redandblack__static_B_2020.02.14_13.21.26__cycle__win159__seed42.csv: 30 samples (mean 71.13 Mbps)
  redandblack__static_B_2020.02.14_13.21.26__bandwidth__win159__seed42.csv: 30 samples (mean 11.33 Mbps)
  redandblack__static_B_2020.02.14_13.21.26__fixed1__win159__seed43.csv: 30 samples (mean 133.31 Mbps)
  redandblack__static_B_2020.02.14_13.21.26__fixed3__win159__seed43.csv: 30 samples (mean 47.01 Mbps)
  redandblack__static_B_2020.02.14_13.21.26__fixed5__win159__seed43.csv: 30 samples (mean 3.67 Mbps)
  redandblack__static_B_2020.02.14_13.21.26__cycle__win159__seed43.csv: 30 samples (mean 69.43 Mbps)
  redandblack__static_B_2020.02.14_13.21.26__bandwidth__win159__seed43.csv: 30 samples (mean 4.08 Mbps)
  redandblack__static_B_2020.02.14_13.21.26__fixed1__win159__seed44.csv: 30 samples (mean 139.11 Mbps)
  redandblack__static_B_2020.02.14_13.21.26__fixed3__win159__seed44.csv: 30 samples (mean 47.23 Mbps)
  redandblack__static_B_2020.02.14_13.21.26__fixed5__win159__seed44.csv: 30 samples (mean 3.80 Mbps)
  redandblack__static_B_2020.02.14_13.21.26__cycle__win159__seed44.csv: 30 samples (mean 65.68 Mbps)
  redandblack__static_B_2020.02.14_13.21.26__bandwidth__win159__seed44.csv: 30 samples (mean 69.53 Mbps)
  redandblack__static_B_2020.02.14_13.21.26__fixed1__win264__seed42.csv: 30 samples (mean 80.11 Mbps)
  redandblack__static_B_2020.02.14_13.21.26__fixed3__win264__seed42.csv: 30 samples (mean 19.28 Mbps)
  redandblack__static_B_2020.02.14_13.21.26__fixed5__win264__seed42.csv: 30 samples (mean 3.77 Mbps)
  redandblack__static_B_2020.02.14_13.21.26__cycle__win264__seed42.csv: 30 samples (mean 34.41 Mbps)
  redandblack__static_B_2020.02.14_13.21.26__bandwidth__win264__seed42.csv: 30 samples (mean 12.68 Mbps)
  redandblack__static_B_2020.02.14_13.21.26__fixed1__win264__seed43.csv: 30 samples (mean 73.96 Mbps)
  redandblack__static_B_2020.02.14_13.21.26__fixed3__win264__seed43.csv: 30 samples (mean 18.81 Mbps)
  redandblack__static_B_2020.02.14_13.21.26__fixed5__win264__seed43.csv: 30 samples (mean 3.67 Mbps)
  redandblack__static_B_2020.02.14_13.21.26__cycle__win264__seed43.csv: 30 samples (mean 33.86 Mbps)
  redandblack__static_B_2020.02.14_13.21.26__bandwidth__win264__seed43.csv: 30 samples (mean 5.15 Mbps)
  redandblack__static_B_2020.02.14_13.21.26__fixed1__win264__seed44.csv: 30 samples (mean 80.11 Mbps)
  redandblack__static_B_2020.02.14_13.21.26__fixed3__win264__seed44.csv: 30 samples (mean 18.86 Mbps)
  redandblack__static_B_2020.02.14_13.21.26__fixed5__win264__seed44.csv: 30 samples (mean 3.80 Mbps)
  redandblack__static_B_2020.02.14_13.21.26__cycle__win264__seed44.csv: 30 samples (mean 33.92 Mbps)
  redandblack__static_B_2020.02.14_13.21.26__bandwidth__win264__seed44.csv: 30 samples (mean 12.52 Mbps)
  redandblack__static_B_2020.02.14_13.21.26__fixed1__win418__seed42.csv: 30 samples (mean 112.67 Mbps)
  redandblack__static_B_2020.02.14_13.21.26__fixed3__win418__seed42.csv: 30 samples (mean 53.29 Mbps)
  redandblack__static_B_2020.02.14_13.21.26__fixed5__win418__seed42.csv: 30 samples (mean 3.77 Mbps)
  redandblack__static_B_2020.02.14_13.21.26__cycle__win418__seed42.csv: 30 samples (mean 73.06 Mbps)
  redandblack__static_B_2020.02.14_13.21.26__bandwidth__win418__seed42.csv: 30 samples (mean 18.11 Mbps)
  redandblack__static_B_2020.02.14_13.21.26__fixed1__win418__seed43.csv: 30 samples (mean 113.38 Mbps)
  redandblack__static_B_2020.02.14_13.21.26__fixed3__win418__seed43.csv: 30 samples (mean 52.88 Mbps)
  redandblack__static_B_2020.02.14_13.21.26__fixed5__win418__seed43.csv: 30 samples (mean 3.67 Mbps)
  redandblack__static_B_2020.02.14_13.21.26__cycle__win418__seed43.csv: 30 samples (mean 71.59 Mbps)
  redandblack__static_B_2020.02.14_13.21.26__bandwidth__win418__seed43.csv: 30 samples (mean 5.15 Mbps)
  redandblack__static_B_2020.02.14_13.21.26__fixed1__win418__seed44.csv: 30 samples (mean 123.28 Mbps)
  redandblack__static_B_2020.02.14_13.21.26__fixed3__win418__seed44.csv: 30 samples (mean 54.63 Mbps)
  redandblack__static_B_2020.02.14_13.21.26__fixed5__win418__seed44.csv: 30 samples (mean 3.80 Mbps)
  redandblack__static_B_2020.02.14_13.21.26__cycle__win418__seed44.csv: 30 samples (mean 70.49 Mbps)
  redandblack__static_B_2020.02.14_13.21.26__bandwidth__win418__seed44.csv: 30 samples (mean 80.53 Mbps)
  redandblack__static_B_2020.02.14_13.21.26__fixed1__win525__seed42.csv: 30 samples (mean 148.24 Mbps)
  redandblack__static_B_2020.02.14_13.21.26__fixed3__win525__seed42.csv: 30 samples (mean 53.29 Mbps)
  redandblack__static_B_2020.02.14_13.21.26__fixed5__win525__seed42.csv: 30 samples (mean 3.77 Mbps)
  redandblack__static_B_2020.02.14_13.21.26__cycle__win525__seed42.csv: 30 samples (mean 73.89 Mbps)
  redandblack__static_B_2020.02.14_13.21.26__bandwidth__win525__seed42.csv: 30 samples (mean 17.42 Mbps)
  redandblack__static_B_2020.02.14_13.21.26__fixed1__win525__seed43.csv: 30 samples (mean 139.42 Mbps)
  redandblack__static_B_2020.02.14_13.21.26__fixed3__win525__seed43.csv: 30 samples (mean 52.88 Mbps)
  redandblack__static_B_2020.02.14_13.21.26__fixed5__win525__seed43.csv: 30 samples (mean 3.67 Mbps)
  redandblack__static_B_2020.02.14_13.21.26__cycle__win525__seed43.csv: 30 samples (mean 76.94 Mbps)
  redandblack__static_B_2020.02.14_13.21.26__bandwidth__win525__seed43.csv: 30 samples (mean 5.15 Mbps)
  redandblack__static_B_2020.02.14_13.21.26__fixed1__win525__seed44.csv: 30 samples (mean 143.71 Mbps)
  redandblack__static_B_2020.02.14_13.21.26__fixed3__win525__seed44.csv: 30 samples (mean 54.63 Mbps)
  redandblack__static_B_2020.02.14_13.21.26__fixed5__win525__seed44.csv: 30 samples (mean 3.80 Mbps)
  redandblack__static_B_2020.02.14_13.21.26__cycle__win525__seed44.csv: 30 samples (mean 70.89 Mbps)
  redandblack__static_B_2020.02.14_13.21.26__bandwidth__win525__seed44.csv: 30 samples (mean 16.44 Mbps)
  redandblack__static_B_2020.02.14_13.21.26__fixed1__win689__seed42.csv: 30 samples (mean 164.61 Mbps)
  redandblack__static_B_2020.02.14_13.21.26__fixed3__win689__seed42.csv: 30 samples (mean 44.57 Mbps)
  redandblack__static_B_2020.02.14_13.21.26__fixed5__win689__seed42.csv: 30 samples (mean 3.60 Mbps)
  redandblack__static_B_2020.02.14_13.21.26__cycle__win689__seed42.csv: 30 samples (mean 78.44 Mbps)
  redandblack__static_B_2020.02.14_13.21.26__bandwidth__win689__seed42.csv: 30 samples (mean 4.94 Mbps)
  redandblack__static_B_2020.02.14_13.21.26__fixed1__win689__seed43.csv: 30 samples (mean 153.28 Mbps)
  redandblack__static_B_2020.02.14_13.21.26__fixed3__win689__seed43.csv: 30 samples (mean 44.62 Mbps)
  redandblack__static_B_2020.02.14_13.21.26__fixed5__win689__seed43.csv: 30 samples (mean 3.67 Mbps)
  redandblack__static_B_2020.02.14_13.21.26__cycle__win689__seed43.csv: 30 samples (mean 80.60 Mbps)
  redandblack__static_B_2020.02.14_13.21.26__bandwidth__win689__seed43.csv: 30 samples (mean 5.15 Mbps)
  redandblack__static_B_2020.02.14_13.21.26__fixed1__win689__seed44.csv: 30 samples (mean 161.92 Mbps)
  redandblack__static_B_2020.02.14_13.21.26__fixed3__win689__seed44.csv: 30 samples (mean 43.49 Mbps)
  redandblack__static_B_2020.02.14_13.21.26__fixed5__win689__seed44.csv: 30 samples (mean 3.68 Mbps)
  redandblack__static_B_2020.02.14_13.21.26__cycle__win689__seed44.csv: 30 samples (mean 72.55 Mbps)
  redandblack__static_B_2020.02.14_13.21.26__bandwidth__win689__seed44.csv: 30 samples (mean 14.43 Mbps)
  redandblack__static_B_2020.02.14_13.21.26__fixed1__win796__seed42.csv: 30 samples (mean 68.97 Mbps)
  redandblack__static_B_2020.02.14_13.21.26__fixed3__win796__seed42.csv: 30 samples (mean 44.09 Mbps)
  redandblack__static_B_2020.02.14_13.21.26__fixed5__win796__seed42.csv: 30 samples (mean 3.77 Mbps)
  redandblack__static_B_2020.02.14_13.21.26__cycle__win796__seed42.csv: 30 samples (mean 30.46 Mbps)
  redandblack__static_B_2020.02.14_13.21.26__bandwidth__win796__seed42.csv: 30 samples (mean 14.92 Mbps)
  redandblack__static_B_2020.02.14_13.21.26__fixed1__win796__seed43.csv: 30 samples (mean 66.81 Mbps)
  redandblack__static_B_2020.02.14_13.21.26__fixed3__win796__seed43.csv: 30 samples (mean 44.04 Mbps)
  redandblack__static_B_2020.02.14_13.21.26__fixed5__win796__seed43.csv: 30 samples (mean 3.67 Mbps)
  redandblack__static_B_2020.02.14_13.21.26__cycle__win796__seed43.csv: 30 samples (mean 28.47 Mbps)
  redandblack__static_B_2020.02.14_13.21.26__bandwidth__win796__seed43.csv: 30 samples (mean 4.41 Mbps)
  redandblack__static_B_2020.02.14_13.21.26__fixed1__win796__seed44.csv: 30 samples (mean 68.83 Mbps)
  redandblack__static_B_2020.02.14_13.21.26__fixed3__win796__seed44.csv: 30 samples (mean 45.54 Mbps)
  redandblack__static_B_2020.02.14_13.21.26__fixed5__win796__seed44.csv: 30 samples (mean 3.80 Mbps)
  redandblack__static_B_2020.02.14_13.21.26__cycle__win796__seed44.csv: 30 samples (mean 30.70 Mbps)
  redandblack__static_B_2020.02.14_13.21.26__bandwidth__win796__seed44.csv: 30 samples (mean 63.59 Mbps)
  redandblack__static_B_2020.02.14_13.21.26__fixed1__win948__seed42.csv: 30 samples (mean 138.41 Mbps)
  redandblack__static_B_2020.02.14_13.21.26__fixed3__win948__seed42.csv: 30 samples (mean 50.33 Mbps)
  redandblack__static_B_2020.02.14_13.21.26__fixed5__win948__seed42.csv: 30 samples (mean 3.77 Mbps)
  redandblack__static_B_2020.02.14_13.21.26__cycle__win948__seed42.csv: 30 samples (mean 65.93 Mbps)
  redandblack__static_B_2020.02.14_13.21.26__bandwidth__win948__seed42.csv: 30 samples (mean 18.11 Mbps)
  redandblack__static_B_2020.02.14_13.21.26__fixed1__win948__seed43.csv: 30 samples (mean 137.54 Mbps)
  redandblack__static_B_2020.02.14_13.21.26__fixed3__win948__seed43.csv: 30 samples (mean 50.38 Mbps)
  redandblack__static_B_2020.02.14_13.21.26__fixed5__win948__seed43.csv: 30 samples (mean 3.67 Mbps)
  redandblack__static_B_2020.02.14_13.21.26__cycle__win948__seed43.csv: 30 samples (mean 67.41 Mbps)
  redandblack__static_B_2020.02.14_13.21.26__bandwidth__win948__seed43.csv: 30 samples (mean 5.15 Mbps)
  redandblack__static_B_2020.02.14_13.21.26__fixed1__win948__seed44.csv: 30 samples (mean 133.20 Mbps)
  redandblack__static_B_2020.02.14_13.21.26__fixed3__win948__seed44.csv: 30 samples (mean 51.43 Mbps)
  redandblack__static_B_2020.02.14_13.21.26__fixed5__win948__seed44.csv: 30 samples (mean 3.80 Mbps)
  redandblack__static_B_2020.02.14_13.21.26__cycle__win948__seed44.csv: 30 samples (mean 66.69 Mbps)
  redandblack__static_B_2020.02.14_13.21.26__bandwidth__win948__seed44.csv: 30 samples (mean 60.65 Mbps)
  redandblack__static_B_2020.02.27_18.39.27__fixed1__win2__seed42.csv: 30 samples (mean 148.36 Mbps)
  redandblack__static_B_2020.02.27_18.39.27__fixed3__win2__seed42.csv: 30 samples (mean 53.99 Mbps)
  redandblack__static_B_2020.02.27_18.39.27__fixed5__win2__seed42.csv: 30 samples (mean 3.44 Mbps)
  redandblack__static_B_2020.02.27_18.39.27__cycle__win2__seed42.csv: 30 samples (mean 76.80 Mbps)
  redandblack__static_B_2020.02.27_18.39.27__bandwidth__win2__seed42.csv: 30 samples (mean 14.48 Mbps)
  redandblack__static_B_2020.02.27_18.39.27__fixed1__win2__seed43.csv: 30 samples (mean 140.25 Mbps)
  redandblack__static_B_2020.02.27_18.39.27__fixed3__win2__seed43.csv: 30 samples (mean 53.95 Mbps)
  redandblack__static_B_2020.02.27_18.39.27__fixed5__win2__seed43.csv: 30 samples (mean 3.42 Mbps)
  redandblack__static_B_2020.02.27_18.39.27__cycle__win2__seed43.csv: 30 samples (mean 77.03 Mbps)
  redandblack__static_B_2020.02.27_18.39.27__bandwidth__win2__seed43.csv: 30 samples (mean 15.71 Mbps)
  redandblack__static_B_2020.02.27_18.39.27__fixed1__win2__seed44.csv: 30 samples (mean 155.09 Mbps)
  redandblack__static_B_2020.02.27_18.39.27__fixed3__win2__seed44.csv: 30 samples (mean 53.35 Mbps)
  redandblack__static_B_2020.02.27_18.39.27__fixed5__win2__seed44.csv: 30 samples (mean 3.51 Mbps)
  redandblack__static_B_2020.02.27_18.39.27__cycle__win2__seed44.csv: 30 samples (mean 75.72 Mbps)
  redandblack__static_B_2020.02.27_18.39.27__bandwidth__win2__seed44.csv: 30 samples (mean 44.29 Mbps)
  redandblack__static_B_2020.02.27_18.39.27__fixed1__win842__seed42.csv: 30 samples (mean 57.25 Mbps)
  redandblack__static_B_2020.02.27_18.39.27__fixed3__win842__seed42.csv: 30 samples (mean 48.93 Mbps)
  redandblack__static_B_2020.02.27_18.39.27__fixed5__win842__seed42.csv: 30 samples (mean 3.77 Mbps)
  redandblack__static_B_2020.02.27_18.39.27__cycle__win842__seed42.csv: 30 samples (mean 39.10 Mbps)
  redandblack__static_B_2020.02.27_18.39.27__bandwidth__win842__seed42.csv: 30 samples (mean 16.08 Mbps)
  redandblack__static_B_2020.02.27_18.39.27__fixed1__win842__seed43.csv: 30 samples (mean 57.60 Mbps)
  redandblack__static_B_2020.02.27_18.39.27__fixed3__win842__seed43.csv: 30 samples (mean 45.38 Mbps)
  redandblack__static_B_2020.02.27_18.39.27__fixed5__win842__seed43.csv: 30 samples (mean 3.67 Mbps)
  redandblack__static_B_2020.02.27_18.39.27__cycle__win842__seed43.csv: 30 samples (mean 38.65 Mbps)
  redandblack__static_B_2020.02.27_18.39.27__bandwidth__win842__seed43.csv: 30 samples (mean 5.15 Mbps)
  redandblack__static_B_2020.02.27_18.39.27__fixed1__win842__seed44.csv: 30 samples (mean 57.72 Mbps)
  redandblack__static_B_2020.02.27_18.39.27__fixed3__win842__seed44.csv: 30 samples (mean 47.53 Mbps)
  redandblack__static_B_2020.02.27_18.39.27__fixed5__win842__seed44.csv: 30 samples (mean 3.80 Mbps)
  redandblack__static_B_2020.02.27_18.39.27__cycle__win842__seed44.csv: 30 samples (mean 38.59 Mbps)
  redandblack__static_B_2020.02.27_18.39.27__bandwidth__win842__seed44.csv: 30 samples (mean 14.78 Mbps)
  redandblack__static_B_2020.02.27_18.39.27__fixed1__win1642__seed42.csv: 30 samples (mean 43.11 Mbps)
  redandblack__static_B_2020.02.27_18.39.27__fixed3__win1642__seed42.csv: 30 samples (mean 22.42 Mbps)
  redandblack__static_B_2020.02.27_18.39.27__fixed5__win1642__seed42.csv: 30 samples (mean 3.62 Mbps)
  redandblack__static_B_2020.02.27_18.39.27__cycle__win1642__seed42.csv: 30 samples (mean 28.08 Mbps)
  redandblack__static_B_2020.02.27_18.39.27__bandwidth__win1642__seed42.csv: 30 samples (mean 9.17 Mbps)
  redandblack__static_B_2020.02.27_18.39.27__fixed1__win1642__seed43.csv: 30 samples (mean 42.23 Mbps)
  redandblack__static_B_2020.02.27_18.39.27__fixed3__win1642__seed43.csv: 30 samples (mean 21.32 Mbps)
  redandblack__static_B_2020.02.27_18.39.27__fixed5__win1642__seed43.csv: 30 samples (mean 3.53 Mbps)
  redandblack__static_B_2020.02.27_18.39.27__cycle__win1642__seed43.csv: 30 samples (mean 28.20 Mbps)
  redandblack__static_B_2020.02.27_18.39.27__bandwidth__win1642__seed43.csv: 30 samples (mean 4.39 Mbps)
  redandblack__static_B_2020.02.27_18.39.27__fixed1__win1642__seed44.csv: 30 samples (mean 43.18 Mbps)
  redandblack__static_B_2020.02.27_18.39.27__fixed3__win1642__seed44.csv: 30 samples (mean 21.22 Mbps)
  redandblack__static_B_2020.02.27_18.39.27__fixed5__win1642__seed44.csv: 30 samples (mean 3.65 Mbps)
  redandblack__static_B_2020.02.27_18.39.27__cycle__win1642__seed44.csv: 30 samples (mean 28.23 Mbps)
  redandblack__static_B_2020.02.27_18.39.27__bandwidth__win1642__seed44.csv: 30 samples (mean 13.47 Mbps)
  redandblack__static_B_2020.02.27_18.39.27__fixed1__win2487__seed42.csv: 30 samples (mean 176.06 Mbps)
  redandblack__static_B_2020.02.27_18.39.27__fixed3__win2487__seed42.csv: 30 samples (mean 51.13 Mbps)
  redandblack__static_B_2020.02.27_18.39.27__fixed5__win2487__seed42.csv: 30 samples (mean 3.57 Mbps)
  redandblack__static_B_2020.02.27_18.39.27__cycle__win2487__seed42.csv: 30 samples (mean 81.75 Mbps)
  redandblack__static_B_2020.02.27_18.39.27__bandwidth__win2487__seed42.csv: 30 samples (mean 9.59 Mbps)
  redandblack__static_B_2020.02.27_18.39.27__fixed1__win2487__seed43.csv: 30 samples (mean 173.78 Mbps)
  redandblack__static_B_2020.02.27_18.39.27__fixed3__win2487__seed43.csv: 30 samples (mean 51.36 Mbps)
  redandblack__static_B_2020.02.27_18.39.27__fixed5__win2487__seed43.csv: 30 samples (mean 3.44 Mbps)
  redandblack__static_B_2020.02.27_18.39.27__cycle__win2487__seed43.csv: 30 samples (mean 82.33 Mbps)
  redandblack__static_B_2020.02.27_18.39.27__bandwidth__win2487__seed43.csv: 30 samples (mean 4.98 Mbps)
  redandblack__static_B_2020.02.27_18.39.27__fixed1__win2487__seed44.csv: 30 samples (mean 173.40 Mbps)
  redandblack__static_B_2020.02.27_18.39.27__fixed3__win2487__seed44.csv: 30 samples (mean 51.31 Mbps)
  redandblack__static_B_2020.02.27_18.39.27__fixed5__win2487__seed44.csv: 30 samples (mean 3.58 Mbps)
  redandblack__static_B_2020.02.27_18.39.27__cycle__win2487__seed44.csv: 30 samples (mean 85.10 Mbps)
  redandblack__static_B_2020.02.27_18.39.27__bandwidth__win2487__seed44.csv: 30 samples (mean 47.64 Mbps)
  redandblack__static_B_2020.02.27_18.39.27__fixed1__win3321__seed42.csv: 30 samples (mean 94.87 Mbps)
  redandblack__static_B_2020.02.27_18.39.27__fixed3__win3321__seed42.csv: 30 samples (mean 53.24 Mbps)
  redandblack__static_B_2020.02.27_18.39.27__fixed5__win3321__seed42.csv: 30 samples (mean 3.77 Mbps)
  redandblack__static_B_2020.02.27_18.39.27__cycle__win3321__seed42.csv: 30 samples (mean 64.94 Mbps)
  redandblack__static_B_2020.02.27_18.39.27__bandwidth__win3321__seed42.csv: 30 samples (mean 15.59 Mbps)
  redandblack__static_B_2020.02.27_18.39.27__fixed1__win3321__seed43.csv: 30 samples (mean 96.35 Mbps)
  redandblack__static_B_2020.02.27_18.39.27__fixed3__win3321__seed43.csv: 30 samples (mean 52.70 Mbps)
  redandblack__static_B_2020.02.27_18.39.27__fixed5__win3321__seed43.csv: 30 samples (mean 3.67 Mbps)
  redandblack__static_B_2020.02.27_18.39.27__cycle__win3321__seed43.csv: 30 samples (mean 65.83 Mbps)
  redandblack__static_B_2020.02.27_18.39.27__bandwidth__win3321__seed43.csv: 30 samples (mean 5.15 Mbps)
  redandblack__static_B_2020.02.27_18.39.27__fixed1__win3321__seed44.csv: 30 samples (mean 96.68 Mbps)
  redandblack__static_B_2020.02.27_18.39.27__fixed3__win3321__seed44.csv: 30 samples (mean 52.82 Mbps)
  redandblack__static_B_2020.02.27_18.39.27__fixed5__win3321__seed44.csv: 30 samples (mean 3.80 Mbps)
  redandblack__static_B_2020.02.27_18.39.27__cycle__win3321__seed44.csv: 30 samples (mean 67.89 Mbps)
  redandblack__static_B_2020.02.27_18.39.27__bandwidth__win3321__seed44.csv: 30 samples (mean 13.57 Mbps)
  redandblack__static_B_2020.02.27_18.39.27__fixed1__win4166__seed42.csv: 30 samples (mean 95.66 Mbps)
  redandblack__static_B_2020.02.27_18.39.27__fixed3__win4166__seed42.csv: 30 samples (mean 42.06 Mbps)
  redandblack__static_B_2020.02.27_18.39.27__fixed5__win4166__seed42.csv: 30 samples (mean 3.77 Mbps)
  redandblack__static_B_2020.02.27_18.39.27__cycle__win4166__seed42.csv: 30 samples (mean 64.52 Mbps)
  redandblack__static_B_2020.02.27_18.39.27__bandwidth__win4166__seed42.csv: 30 samples (mean 18.11 Mbps)
  redandblack__static_B_2020.02.27_18.39.27__fixed1__win4166__seed43.csv: 30 samples (mean 94.90 Mbps)
  redandblack__static_B_2020.02.27_18.39.27__fixed3__win4166__seed43.csv: 30 samples (mean 42.34 Mbps)
  redandblack__static_B_2020.02.27_18.39.27__fixed5__win4166__seed43.csv: 30 samples (mean 3.67 Mbps)
  redandblack__static_B_2020.02.27_18.39.27__cycle__win4166__seed43.csv: 30 samples (mean 62.70 Mbps)
  redandblack__static_B_2020.02.27_18.39.27__bandwidth__win4166__seed43.csv: 30 samples (mean 5.15 Mbps)
  redandblack__static_B_2020.02.27_18.39.27__fixed1__win4166__seed44.csv: 30 samples (mean 94.21 Mbps)
  redandblack__static_B_2020.02.27_18.39.27__fixed3__win4166__seed44.csv: 30 samples (mean 42.51 Mbps)
  redandblack__static_B_2020.02.27_18.39.27__fixed5__win4166__seed44.csv: 30 samples (mean 3.80 Mbps)
  redandblack__static_B_2020.02.27_18.39.27__cycle__win4166__seed44.csv: 30 samples (mean 59.01 Mbps)
  redandblack__static_B_2020.02.27_18.39.27__bandwidth__win4166__seed44.csv: 30 samples (mean 19.48 Mbps)
  redandblack__static_B_2020.02.27_18.39.27__fixed1__win4963__seed42.csv: 30 samples (mean 55.56 Mbps)
  redandblack__static_B_2020.02.27_18.39.27__fixed3__win4963__seed42.csv: 30 samples (mean 53.05 Mbps)
  redandblack__static_B_2020.02.27_18.39.27__fixed5__win4963__seed42.csv: 30 samples (mean 3.63 Mbps)
  redandblack__static_B_2020.02.27_18.39.27__cycle__win4963__seed42.csv: 30 samples (mean 40.76 Mbps)
  redandblack__static_B_2020.02.27_18.39.27__bandwidth__win4963__seed42.csv: 30 samples (mean 39.26 Mbps)
  redandblack__static_B_2020.02.27_18.39.27__fixed1__win4963__seed43.csv: 30 samples (mean 55.25 Mbps)
  redandblack__static_B_2020.02.27_18.39.27__fixed3__win4963__seed43.csv: 30 samples (mean 52.76 Mbps)
  redandblack__static_B_2020.02.27_18.39.27__fixed5__win4963__seed43.csv: 30 samples (mean 3.70 Mbps)
  redandblack__static_B_2020.02.27_18.39.27__cycle__win4963__seed43.csv: 30 samples (mean 41.22 Mbps)
  redandblack__static_B_2020.02.27_18.39.27__bandwidth__win4963__seed43.csv: 30 samples (mean 38.64 Mbps)
  redandblack__static_B_2020.02.27_18.39.27__fixed1__win4963__seed44.csv: 30 samples (mean 55.73 Mbps)
  redandblack__static_B_2020.02.27_18.39.27__fixed3__win4963__seed44.csv: 30 samples (mean 54.54 Mbps)
  redandblack__static_B_2020.02.27_18.39.27__fixed5__win4963__seed44.csv: 30 samples (mean 3.70 Mbps)
  redandblack__static_B_2020.02.27_18.39.27__cycle__win4963__seed44.csv: 30 samples (mean 41.82 Mbps)
  redandblack__static_B_2020.02.27_18.39.27__bandwidth__win4963__seed44.csv: 30 samples (mean 39.24 Mbps)
  redandblack__static_B_2020.02.27_18.39.27__fixed1__win5823__seed42.csv: 30 samples (mean 94.23 Mbps)
  redandblack__static_B_2020.02.27_18.39.27__fixed3__win5823__seed42.csv: 30 samples (mean 53.29 Mbps)
  redandblack__static_B_2020.02.27_18.39.27__fixed5__win5823__seed42.csv: 30 samples (mean 3.77 Mbps)
  redandblack__static_B_2020.02.27_18.39.27__cycle__win5823__seed42.csv: 30 samples (mean 59.66 Mbps)
  redandblack__static_B_2020.02.27_18.39.27__bandwidth__win5823__seed42.csv: 30 samples (mean 18.11 Mbps)
  redandblack__static_B_2020.02.27_18.39.27__fixed1__win5823__seed43.csv: 30 samples (mean 94.69 Mbps)
  redandblack__static_B_2020.02.27_18.39.27__fixed3__win5823__seed43.csv: 30 samples (mean 52.88 Mbps)
  redandblack__static_B_2020.02.27_18.39.27__fixed5__win5823__seed43.csv: 30 samples (mean 3.67 Mbps)
  redandblack__static_B_2020.02.27_18.39.27__cycle__win5823__seed43.csv: 30 samples (mean 57.98 Mbps)
  redandblack__static_B_2020.02.27_18.39.27__bandwidth__win5823__seed43.csv: 30 samples (mean 5.15 Mbps)
  redandblack__static_B_2020.02.27_18.39.27__fixed1__win5823__seed44.csv: 30 samples (mean 94.61 Mbps)
  redandblack__static_B_2020.02.27_18.39.27__fixed3__win5823__seed44.csv: 30 samples (mean 54.63 Mbps)
  redandblack__static_B_2020.02.27_18.39.27__fixed5__win5823__seed44.csv: 30 samples (mean 3.80 Mbps)
  redandblack__static_B_2020.02.27_18.39.27__cycle__win5823__seed44.csv: 30 samples (mean 53.64 Mbps)
  redandblack__static_B_2020.02.27_18.39.27__bandwidth__win5823__seed44.csv: 30 samples (mean 60.27 Mbps)
  redandblack__driving_B_2019.12.14_10.16.30__fixed1__win3__seed42.csv: 30 samples (mean 16.88 Mbps)
  redandblack__driving_B_2019.12.14_10.16.30__fixed3__win3__seed42.csv: 30 samples (mean 10.98 Mbps)
  redandblack__driving_B_2019.12.14_10.16.30__fixed5__win3__seed42.csv: 30 samples (mean 3.80 Mbps)
  redandblack__driving_B_2019.12.14_10.16.30__cycle__win3__seed42.csv: 30 samples (mean 14.54 Mbps)
  redandblack__driving_B_2019.12.14_10.16.30__bandwidth__win3__seed42.csv: 30 samples (mean 9.36 Mbps)
  redandblack__driving_B_2019.12.14_10.16.30__fixed1__win3__seed43.csv: 30 samples (mean 17.20 Mbps)
  redandblack__driving_B_2019.12.14_10.16.30__fixed3__win3__seed43.csv: 30 samples (mean 10.82 Mbps)
  redandblack__driving_B_2019.12.14_10.16.30__fixed5__win3__seed43.csv: 30 samples (mean 3.78 Mbps)
  redandblack__driving_B_2019.12.14_10.16.30__cycle__win3__seed43.csv: 30 samples (mean 15.09 Mbps)
  redandblack__driving_B_2019.12.14_10.16.30__bandwidth__win3__seed43.csv: 30 samples (mean 8.99 Mbps)
  redandblack__driving_B_2019.12.14_10.16.30__fixed1__win3__seed44.csv: 30 samples (mean 16.90 Mbps)
  redandblack__driving_B_2019.12.14_10.16.30__fixed3__win3__seed44.csv: 30 samples (mean 11.13 Mbps)
  redandblack__driving_B_2019.12.14_10.16.30__fixed5__win3__seed44.csv: 30 samples (mean 3.69 Mbps)
  redandblack__driving_B_2019.12.14_10.16.30__cycle__win3__seed44.csv: 30 samples (mean 14.61 Mbps)
  redandblack__driving_B_2019.12.14_10.16.30__bandwidth__win3__seed44.csv: 30 samples (mean 9.07 Mbps)
  redandblack__driving_B_2019.12.14_10.16.30__fixed1__win392__seed42.csv: 30 samples (mean 48.85 Mbps)
  redandblack__driving_B_2019.12.14_10.16.30__fixed3__win392__seed42.csv: 30 samples (mean 44.72 Mbps)
  redandblack__driving_B_2019.12.14_10.16.30__fixed5__win392__seed42.csv: 30 samples (mean 3.77 Mbps)
  redandblack__driving_B_2019.12.14_10.16.30__cycle__win392__seed42.csv: 30 samples (mean 31.17 Mbps)
  redandblack__driving_B_2019.12.14_10.16.30__bandwidth__win392__seed42.csv: 30 samples (mean 18.11 Mbps)
  redandblack__driving_B_2019.12.14_10.16.30__fixed1__win392__seed43.csv: 30 samples (mean 49.71 Mbps)
  redandblack__driving_B_2019.12.14_10.16.30__fixed3__win392__seed43.csv: 30 samples (mean 44.30 Mbps)
  redandblack__driving_B_2019.12.14_10.16.30__fixed5__win392__seed43.csv: 30 samples (mean 3.67 Mbps)
  redandblack__driving_B_2019.12.14_10.16.30__cycle__win392__seed43.csv: 30 samples (mean 32.95 Mbps)
  redandblack__driving_B_2019.12.14_10.16.30__bandwidth__win392__seed43.csv: 30 samples (mean 5.15 Mbps)
  redandblack__driving_B_2019.12.14_10.16.30__fixed1__win392__seed44.csv: 30 samples (mean 49.03 Mbps)
  redandblack__driving_B_2019.12.14_10.16.30__fixed3__win392__seed44.csv: 30 samples (mean 44.92 Mbps)
  redandblack__driving_B_2019.12.14_10.16.30__fixed5__win392__seed44.csv: 30 samples (mean 3.80 Mbps)
  redandblack__driving_B_2019.12.14_10.16.30__cycle__win392__seed44.csv: 30 samples (mean 31.42 Mbps)
  redandblack__driving_B_2019.12.14_10.16.30__bandwidth__win392__seed44.csv: 30 samples (mean 28.12 Mbps)
  redandblack__driving_B_2019.12.14_10.16.30__fixed1__win750__seed42.csv: 30 samples (mean 8.51 Mbps)
  redandblack__driving_B_2019.12.14_10.16.30__fixed3__win750__seed42.csv: 30 samples (mean 3.88 Mbps)
  redandblack__driving_B_2019.12.14_10.16.30__fixed5__win750__seed42.csv: 30 samples (mean 1.58 Mbps)
  redandblack__driving_B_2019.12.14_10.16.30__cycle__win750__seed42.csv: 30 samples (mean 5.49 Mbps)
  redandblack__driving_B_2019.12.14_10.16.30__bandwidth__win750__seed42.csv: 30 samples (mean 1.58 Mbps)
  redandblack__driving_B_2019.12.14_10.16.30__fixed1__win750__seed43.csv: 30 samples (mean 8.48 Mbps)
  redandblack__driving_B_2019.12.14_10.16.30__fixed3__win750__seed43.csv: 30 samples (mean 3.84 Mbps)
  redandblack__driving_B_2019.12.14_10.16.30__fixed5__win750__seed43.csv: 30 samples (mean 1.57 Mbps)
  redandblack__driving_B_2019.12.14_10.16.30__cycle__win750__seed43.csv: 30 samples (mean 5.55 Mbps)
  redandblack__driving_B_2019.12.14_10.16.30__bandwidth__win750__seed43.csv: 30 samples (mean 1.57 Mbps)
  redandblack__driving_B_2019.12.14_10.16.30__fixed1__win750__seed44.csv: 30 samples (mean 8.54 Mbps)
  redandblack__driving_B_2019.12.14_10.16.30__fixed3__win750__seed44.csv: 30 samples (mean 3.88 Mbps)
  redandblack__driving_B_2019.12.14_10.16.30__fixed5__win750__seed44.csv: 30 samples (mean 1.60 Mbps)
  redandblack__driving_B_2019.12.14_10.16.30__cycle__win750__seed44.csv: 30 samples (mean 5.50 Mbps)
  redandblack__driving_B_2019.12.14_10.16.30__bandwidth__win750__seed44.csv: 30 samples (mean 1.60 Mbps)
  redandblack__driving_B_2019.12.16_07.22.43__fixed1__win0__seed42.csv: 30 samples (mean 14.61 Mbps)
  redandblack__driving_B_2019.12.16_07.22.43__fixed3__win0__seed42.csv: 30 samples (mean 12.66 Mbps)
  redandblack__driving_B_2019.12.16_07.22.43__fixed5__win0__seed42.csv: 30 samples (mean 3.46 Mbps)
  redandblack__driving_B_2019.12.16_07.22.43__cycle__win0__seed42.csv: 30 samples (mean 11.51 Mbps)
  redandblack__driving_B_2019.12.16_07.22.43__bandwidth__win0__seed42.csv: 30 samples (mean 7.02 Mbps)
  redandblack__driving_B_2019.12.16_07.22.43__fixed1__win0__seed43.csv: 30 samples (mean 14.71 Mbps)
  redandblack__driving_B_2019.12.16_07.22.43__fixed3__win0__seed43.csv: 30 samples (mean 12.40 Mbps)
  redandblack__driving_B_2019.12.16_07.22.43__fixed5__win0__seed43.csv: 30 samples (mean 3.45 Mbps)
  redandblack__driving_B_2019.12.16_07.22.43__cycle__win0__seed43.csv: 30 samples (mean 11.29 Mbps)
  redandblack__driving_B_2019.12.16_07.22.43__bandwidth__win0__seed43.csv: 30 samples (mean 7.17 Mbps)
  redandblack__driving_B_2019.12.16_07.22.43__fixed1__win0__seed44.csv: 30 samples (mean 14.57 Mbps)
  redandblack__driving_B_2019.12.16_07.22.43__fixed3__win0__seed44.csv: 30 samples (mean 12.72 Mbps)
  redandblack__driving_B_2019.12.16_07.22.43__fixed5__win0__seed44.csv: 30 samples (mean 3.48 Mbps)
  redandblack__driving_B_2019.12.16_07.22.43__cycle__win0__seed44.csv: 30 samples (mean 11.62 Mbps)
  redandblack__driving_B_2019.12.16_07.22.43__bandwidth__win0__seed44.csv: 30 samples (mean 7.44 Mbps)
  redandblack__driving_B_2019.12.16_07.22.43__fixed1__win1181__seed42.csv: 30 samples (mean 50.67 Mbps)
  redandblack__driving_B_2019.12.16_07.22.43__fixed3__win1181__seed42.csv: 30 samples (mean 12.53 Mbps)
  redandblack__driving_B_2019.12.16_07.22.43__fixed5__win1181__seed42.csv: 30 samples (mean 3.77 Mbps)
  redandblack__driving_B_2019.12.16_07.22.43__cycle__win1181__seed42.csv: 30 samples (mean 20.07 Mbps)
  redandblack__driving_B_2019.12.16_07.22.43__bandwidth__win1181__seed42.csv: 30 samples (mean 6.21 Mbps)
  redandblack__driving_B_2019.12.16_07.22.43__fixed1__win1181__seed43.csv: 30 samples (mean 49.59 Mbps)
  redandblack__driving_B_2019.12.16_07.22.43__fixed3__win1181__seed43.csv: 30 samples (mean 12.56 Mbps)
  redandblack__driving_B_2019.12.16_07.22.43__fixed5__win1181__seed43.csv: 30 samples (mean 3.67 Mbps)
  redandblack__driving_B_2019.12.16_07.22.43__cycle__win1181__seed43.csv: 30 samples (mean 20.78 Mbps)
  redandblack__driving_B_2019.12.16_07.22.43__bandwidth__win1181__seed43.csv: 30 samples (mean 4.12 Mbps)
  redandblack__driving_B_2019.12.16_07.22.43__fixed1__win1181__seed44.csv: 30 samples (mean 49.13 Mbps)
  redandblack__driving_B_2019.12.16_07.22.43__fixed3__win1181__seed44.csv: 30 samples (mean 12.52 Mbps)
  redandblack__driving_B_2019.12.16_07.22.43__fixed5__win1181__seed44.csv: 30 samples (mean 3.80 Mbps)
  redandblack__driving_B_2019.12.16_07.22.43__cycle__win1181__seed44.csv: 30 samples (mean 19.39 Mbps)
  redandblack__driving_B_2019.12.16_07.22.43__bandwidth__win1181__seed44.csv: 30 samples (mean 6.17 Mbps)
  redandblack__driving_B_2019.12.16_07.22.43__fixed1__win2345__seed42.csv: 30 samples (mean 9.36 Mbps)
  redandblack__driving_B_2019.12.16_07.22.43__fixed3__win2345__seed42.csv: 30 samples (mean 7.14 Mbps)
  redandblack__driving_B_2019.12.16_07.22.43__fixed5__win2345__seed42.csv: 30 samples (mean 3.63 Mbps)
  redandblack__driving_B_2019.12.16_07.22.43__cycle__win2345__seed42.csv: 30 samples (mean 7.43 Mbps)
  redandblack__driving_B_2019.12.16_07.22.43__bandwidth__win2345__seed42.csv: 30 samples (mean 5.78 Mbps)
  redandblack__driving_B_2019.12.16_07.22.43__fixed1__win2345__seed43.csv: 30 samples (mean 9.34 Mbps)
  redandblack__driving_B_2019.12.16_07.22.43__fixed3__win2345__seed43.csv: 30 samples (mean 7.21 Mbps)
  redandblack__driving_B_2019.12.16_07.22.43__fixed5__win2345__seed43.csv: 30 samples (mean 3.70 Mbps)
  redandblack__driving_B_2019.12.16_07.22.43__cycle__win2345__seed43.csv: 30 samples (mean 7.46 Mbps)
  redandblack__driving_B_2019.12.16_07.22.43__bandwidth__win2345__seed43.csv: 30 samples (mean 6.12 Mbps)
  redandblack__driving_B_2019.12.16_07.22.43__fixed1__win2345__seed44.csv: 30 samples (mean 9.30 Mbps)
  redandblack__driving_B_2019.12.16_07.22.43__fixed3__win2345__seed44.csv: 30 samples (mean 7.28 Mbps)
  redandblack__driving_B_2019.12.16_07.22.43__fixed5__win2345__seed44.csv: 30 samples (mean 3.70 Mbps)
  redandblack__driving_B_2019.12.16_07.22.43__cycle__win2345__seed44.csv: 30 samples (mean 7.52 Mbps)
  redandblack__driving_B_2019.12.16_07.22.43__bandwidth__win2345__seed44.csv: 30 samples (mean 6.14 Mbps)
  redandblack__driving_B_2020.02.27_20.35.57__fixed1__win0__seed42.csv: 30 samples (mean 61.52 Mbps)
  redandblack__driving_B_2020.02.27_20.35.57__fixed3__win0__seed42.csv: 30 samples (mean 28.99 Mbps)
  redandblack__driving_B_2020.02.27_20.35.57__fixed5__win0__seed42.csv: 30 samples (mean 3.20 Mbps)
  redandblack__driving_B_2020.02.27_20.35.57__cycle__win0__seed42.csv: 30 samples (mean 37.85 Mbps)
  redandblack__driving_B_2020.02.27_20.35.57__bandwidth__win0__seed42.csv: 30 samples (mean 4.65 Mbps)
  redandblack__driving_B_2020.02.27_20.35.57__fixed1__win0__seed43.csv: 30 samples (mean 59.86 Mbps)
  redandblack__driving_B_2020.02.27_20.35.57__fixed3__win0__seed43.csv: 30 samples (mean 29.21 Mbps)
  redandblack__driving_B_2020.02.27_20.35.57__fixed5__win0__seed43.csv: 30 samples (mean 3.30 Mbps)
  redandblack__driving_B_2020.02.27_20.35.57__cycle__win0__seed43.csv: 30 samples (mean 38.06 Mbps)
  redandblack__driving_B_2020.02.27_20.35.57__bandwidth__win0__seed43.csv: 30 samples (mean 3.43 Mbps)
  redandblack__driving_B_2020.02.27_20.35.57__fixed1__win0__seed44.csv: 30 samples (mean 57.64 Mbps)
  redandblack__driving_B_2020.02.27_20.35.57__fixed3__win0__seed44.csv: 30 samples (mean 28.89 Mbps)
  redandblack__driving_B_2020.02.27_20.35.57__fixed5__win0__seed44.csv: 30 samples (mean 3.17 Mbps)
  redandblack__driving_B_2020.02.27_20.35.57__cycle__win0__seed44.csv: 30 samples (mean 37.76 Mbps)
  redandblack__driving_B_2020.02.27_20.35.57__bandwidth__win0__seed44.csv: 30 samples (mean 5.40 Mbps)
  redandblack__driving_B_2020.02.27_20.35.57__fixed1__win166__seed42.csv: 30 samples (mean 21.02 Mbps)
  redandblack__driving_B_2020.02.27_20.35.57__fixed3__win166__seed42.csv: 30 samples (mean 43.69 Mbps)
  redandblack__driving_B_2020.02.27_20.35.57__fixed5__win166__seed42.csv: 30 samples (mean 3.77 Mbps)
  redandblack__driving_B_2020.02.27_20.35.57__cycle__win166__seed42.csv: 30 samples (mean 14.11 Mbps)
  redandblack__driving_B_2020.02.27_20.35.57__bandwidth__win166__seed42.csv: 30 samples (mean 14.55 Mbps)
  redandblack__driving_B_2020.02.27_20.35.57__fixed1__win166__seed43.csv: 30 samples (mean 21.12 Mbps)
  redandblack__driving_B_2020.02.27_20.35.57__fixed3__win166__seed43.csv: 30 samples (mean 42.97 Mbps)
  redandblack__driving_B_2020.02.27_20.35.57__fixed5__win166__seed43.csv: 30 samples (mean 3.67 Mbps)
  redandblack__driving_B_2020.02.27_20.35.57__cycle__win166__seed43.csv: 30 samples (mean 15.25 Mbps)
  redandblack__driving_B_2020.02.27_20.35.57__bandwidth__win166__seed43.csv: 30 samples (mean 5.15 Mbps)
  redandblack__driving_B_2020.02.27_20.35.57__fixed1__win166__seed44.csv: 30 samples (mean 20.96 Mbps)
  redandblack__driving_B_2020.02.27_20.35.57__fixed3__win166__seed44.csv: 30 samples (mean 42.96 Mbps)
  redandblack__driving_B_2020.02.27_20.35.57__fixed5__win166__seed44.csv: 30 samples (mean 3.80 Mbps)
  redandblack__driving_B_2020.02.27_20.35.57__cycle__win166__seed44.csv: 30 samples (mean 14.43 Mbps)
  redandblack__driving_B_2020.02.27_20.35.57__bandwidth__win166__seed44.csv: 30 samples (mean 39.66 Mbps)
  redandblack__driving_B_2020.02.27_20.35.57__fixed1__win315__seed42.csv: 30 samples (mean 6.09 Mbps)
  redandblack__driving_B_2020.02.27_20.35.57__fixed3__win315__seed42.csv: 30 samples (mean 8.95 Mbps)
  redandblack__driving_B_2020.02.27_20.35.57__fixed5__win315__seed42.csv: 30 samples (mean 1.38 Mbps)
  redandblack__driving_B_2020.02.27_20.35.57__cycle__win315__seed42.csv: 30 samples (mean 7.59 Mbps)
  redandblack__driving_B_2020.02.27_20.35.57__bandwidth__win315__seed42.csv: 30 samples (mean 1.50 Mbps)
  redandblack__driving_B_2020.02.27_20.35.57__fixed1__win315__seed43.csv: 30 samples (mean 6.11 Mbps)
  redandblack__driving_B_2020.02.27_20.35.57__fixed3__win315__seed43.csv: 30 samples (mean 9.21 Mbps)
  redandblack__driving_B_2020.02.27_20.35.57__fixed5__win315__seed43.csv: 30 samples (mean 1.45 Mbps)
  redandblack__driving_B_2020.02.27_20.35.57__cycle__win315__seed43.csv: 30 samples (mean 7.44 Mbps)
  redandblack__driving_B_2020.02.27_20.35.57__bandwidth__win315__seed43.csv: 30 samples (mean 1.55 Mbps)
  redandblack__driving_B_2020.02.27_20.35.57__fixed1__win315__seed44.csv: 30 samples (mean 6.11 Mbps)
  redandblack__driving_B_2020.02.27_20.35.57__fixed3__win315__seed44.csv: 30 samples (mean 9.03 Mbps)
  redandblack__driving_B_2020.02.27_20.35.57__fixed5__win315__seed44.csv: 30 samples (mean 1.38 Mbps)
  redandblack__driving_B_2020.02.27_20.35.57__cycle__win315__seed44.csv: 30 samples (mean 7.24 Mbps)
  redandblack__driving_B_2020.02.27_20.35.57__bandwidth__win315__seed44.csv: 30 samples (mean 1.56 Mbps)
  redandblack__static_B_2020.01.16_10.43.34__fixed1__win0__seed42.csv: 30 samples (mean 96.33 Mbps)
  redandblack__static_B_2020.01.16_10.43.34__fixed3__win0__seed42.csv: 30 samples (mean 52.58 Mbps)
  redandblack__static_B_2020.01.16_10.43.34__fixed5__win0__seed42.csv: 30 samples (mean 3.62 Mbps)
  redandblack__static_B_2020.01.16_10.43.34__cycle__win0__seed42.csv: 30 samples (mean 62.44 Mbps)
  redandblack__static_B_2020.01.16_10.43.34__bandwidth__win0__seed42.csv: 30 samples (mean 17.51 Mbps)
  redandblack__static_B_2020.01.16_10.43.34__fixed1__win0__seed43.csv: 30 samples (mean 94.67 Mbps)
  redandblack__static_B_2020.01.16_10.43.34__fixed3__win0__seed43.csv: 30 samples (mean 52.83 Mbps)
  redandblack__static_B_2020.01.16_10.43.34__fixed5__win0__seed43.csv: 30 samples (mean 3.70 Mbps)
  redandblack__static_B_2020.01.16_10.43.34__cycle__win0__seed43.csv: 30 samples (mean 64.92 Mbps)
  redandblack__static_B_2020.01.16_10.43.34__bandwidth__win0__seed43.csv: 30 samples (mean 17.43 Mbps)
  redandblack__static_B_2020.01.16_10.43.34__fixed1__win0__seed44.csv: 30 samples (mean 96.02 Mbps)
  redandblack__static_B_2020.01.16_10.43.34__fixed3__win0__seed44.csv: 30 samples (mean 53.96 Mbps)
  redandblack__static_B_2020.01.16_10.43.34__fixed5__win0__seed44.csv: 30 samples (mean 3.70 Mbps)
  redandblack__static_B_2020.01.16_10.43.34__cycle__win0__seed44.csv: 30 samples (mean 60.61 Mbps)
  redandblack__static_B_2020.01.16_10.43.34__bandwidth__win0__seed44.csv: 30 samples (mean 17.27 Mbps)
  redandblack__static_B_2020.01.16_10.43.34__fixed1__win1595__seed42.csv: 30 samples (mean 180.97 Mbps)
  redandblack__static_B_2020.01.16_10.43.34__fixed3__win1595__seed42.csv: 30 samples (mean 53.05 Mbps)
  redandblack__static_B_2020.01.16_10.43.34__fixed5__win1595__seed42.csv: 30 samples (mean 3.63 Mbps)
  redandblack__static_B_2020.01.16_10.43.34__cycle__win1595__seed42.csv: 30 samples (mean 83.79 Mbps)
  redandblack__static_B_2020.01.16_10.43.34__bandwidth__win1595__seed42.csv: 30 samples (mean 83.88 Mbps)
  redandblack__static_B_2020.01.16_10.43.34__fixed1__win1595__seed43.csv: 30 samples (mean 178.23 Mbps)
  redandblack__static_B_2020.01.16_10.43.34__fixed3__win1595__seed43.csv: 30 samples (mean 52.76 Mbps)
  redandblack__static_B_2020.01.16_10.43.34__fixed5__win1595__seed43.csv: 30 samples (mean 3.70 Mbps)
  redandblack__static_B_2020.01.16_10.43.34__cycle__win1595__seed43.csv: 30 samples (mean 84.20 Mbps)
  redandblack__static_B_2020.01.16_10.43.34__bandwidth__win1595__seed43.csv: 30 samples (mean 86.31 Mbps)
  redandblack__static_B_2020.01.16_10.43.34__fixed1__win1595__seed44.csv: 30 samples (mean 183.31 Mbps)
  redandblack__static_B_2020.01.16_10.43.34__fixed3__win1595__seed44.csv: 30 samples (mean 54.54 Mbps)
  redandblack__static_B_2020.01.16_10.43.34__fixed5__win1595__seed44.csv: 30 samples (mean 3.70 Mbps)
  redandblack__static_B_2020.01.16_10.43.34__cycle__win1595__seed44.csv: 30 samples (mean 83.02 Mbps)
  redandblack__static_B_2020.01.16_10.43.34__bandwidth__win1595__seed44.csv: 30 samples (mean 79.39 Mbps)
  redandblack__static_B_2020.01.16_10.43.34__fixed1__win3174__seed42.csv: 30 samples (mean 131.26 Mbps)
  redandblack__static_B_2020.01.16_10.43.34__fixed3__win3174__seed42.csv: 30 samples (mean 45.32 Mbps)
  redandblack__static_B_2020.01.16_10.43.34__fixed5__win3174__seed42.csv: 30 samples (mean 3.77 Mbps)
  redandblack__static_B_2020.01.16_10.43.34__cycle__win3174__seed42.csv: 30 samples (mean 60.28 Mbps)
  redandblack__static_B_2020.01.16_10.43.34__bandwidth__win3174__seed42.csv: 30 samples (mean 11.41 Mbps)
  redandblack__static_B_2020.01.16_10.43.34__fixed1__win3174__seed43.csv: 30 samples (mean 132.39 Mbps)
  redandblack__static_B_2020.01.16_10.43.34__fixed3__win3174__seed43.csv: 30 samples (mean 45.30 Mbps)
  redandblack__static_B_2020.01.16_10.43.34__fixed5__win3174__seed43.csv: 30 samples (mean 3.67 Mbps)
  redandblack__static_B_2020.01.16_10.43.34__cycle__win3174__seed43.csv: 30 samples (mean 63.03 Mbps)
  redandblack__static_B_2020.01.16_10.43.34__bandwidth__win3174__seed43.csv: 30 samples (mean 4.33 Mbps)
  redandblack__static_B_2020.01.16_10.43.34__fixed1__win3174__seed44.csv: 30 samples (mean 127.54 Mbps)
  redandblack__static_B_2020.01.16_10.43.34__fixed3__win3174__seed44.csv: 30 samples (mean 45.84 Mbps)
  redandblack__static_B_2020.01.16_10.43.34__fixed5__win3174__seed44.csv: 30 samples (mean 3.80 Mbps)
  redandblack__static_B_2020.01.16_10.43.34__cycle__win3174__seed44.csv: 30 samples (mean 64.89 Mbps)
  redandblack__static_B_2020.01.16_10.43.34__bandwidth__win3174__seed44.csv: 30 samples (mean 60.61 Mbps)
  soldier__driving_B_2019.12.16_12.27.05__fixed1__win0__seed42.csv: 30 samples (mean 18.66 Mbps)
  soldier__driving_B_2019.12.16_12.27.05__fixed3__win0__seed42.csv: 30 samples (mean 18.47 Mbps)
  soldier__driving_B_2019.12.16_12.27.05__fixed5__win0__seed42.csv: 30 samples (mean 5.52 Mbps)
  soldier__driving_B_2019.12.16_12.27.05__cycle__win0__seed42.csv: 30 samples (mean 16.25 Mbps)
  soldier__driving_B_2019.12.16_12.27.05__bandwidth__win0__seed42.csv: 30 samples (mean 5.52 Mbps)
  soldier__driving_B_2019.12.16_12.27.05__fixed1__win0__seed43.csv: 30 samples (mean 18.75 Mbps)
  soldier__driving_B_2019.12.16_12.27.05__fixed3__win0__seed43.csv: 30 samples (mean 18.34 Mbps)
  soldier__driving_B_2019.12.16_12.27.05__fixed5__win0__seed43.csv: 30 samples (mean 5.50 Mbps)
  soldier__driving_B_2019.12.16_12.27.05__cycle__win0__seed43.csv: 30 samples (mean 16.54 Mbps)
  soldier__driving_B_2019.12.16_12.27.05__bandwidth__win0__seed43.csv: 30 samples (mean 5.50 Mbps)
  soldier__driving_B_2019.12.16_12.27.05__fixed1__win0__seed44.csv: 30 samples (mean 18.51 Mbps)
  soldier__driving_B_2019.12.16_12.27.05__fixed3__win0__seed44.csv: 30 samples (mean 18.95 Mbps)
  soldier__driving_B_2019.12.16_12.27.05__fixed5__win0__seed44.csv: 30 samples (mean 5.40 Mbps)
  soldier__driving_B_2019.12.16_12.27.05__cycle__win0__seed44.csv: 30 samples (mean 16.35 Mbps)
  soldier__driving_B_2019.12.16_12.27.05__bandwidth__win0__seed44.csv: 30 samples (mean 5.40 Mbps)
  soldier__driving_B_2019.12.16_12.27.05__fixed1__win167__seed42.csv: 30 samples (mean 11.67 Mbps)
  soldier__driving_B_2019.12.16_12.27.05__fixed3__win167__seed42.csv: 30 samples (mean 9.02 Mbps)
  soldier__driving_B_2019.12.16_12.27.05__fixed5__win167__seed42.csv: 30 samples (mean 5.26 Mbps)
  soldier__driving_B_2019.12.16_12.27.05__cycle__win167__seed42.csv: 30 samples (mean 10.49 Mbps)
  soldier__driving_B_2019.12.16_12.27.05__bandwidth__win167__seed42.csv: 30 samples (mean 5.26 Mbps)
  soldier__driving_B_2019.12.16_12.27.05__fixed1__win167__seed43.csv: 30 samples (mean 11.83 Mbps)
  soldier__driving_B_2019.12.16_12.27.05__fixed3__win167__seed43.csv: 30 samples (mean 9.04 Mbps)
  soldier__driving_B_2019.12.16_12.27.05__fixed5__win167__seed43.csv: 30 samples (mean 5.31 Mbps)
  soldier__driving_B_2019.12.16_12.27.05__cycle__win167__seed43.csv: 30 samples (mean 11.09 Mbps)
  soldier__driving_B_2019.12.16_12.27.05__bandwidth__win167__seed43.csv: 30 samples (mean 7.88 Mbps)
  soldier__driving_B_2019.12.16_12.27.05__fixed1__win167__seed44.csv: 30 samples (mean 11.84 Mbps)
  soldier__driving_B_2019.12.16_12.27.05__fixed3__win167__seed44.csv: 30 samples (mean 9.10 Mbps)
  soldier__driving_B_2019.12.16_12.27.05__fixed5__win167__seed44.csv: 30 samples (mean 5.43 Mbps)
  soldier__driving_B_2019.12.16_12.27.05__cycle__win167__seed44.csv: 30 samples (mean 10.53 Mbps)
  soldier__driving_B_2019.12.16_12.27.05__bandwidth__win167__seed44.csv: 30 samples (mean 7.98 Mbps)
  soldier__driving_B_2019.12.16_12.27.05__fixed1__win340__seed42.csv: 30 samples (mean 11.74 Mbps)
  soldier__driving_B_2019.12.16_12.27.05__fixed3__win340__seed42.csv: 30 samples (mean 10.05 Mbps)
  soldier__driving_B_2019.12.16_12.27.05__fixed5__win340__seed42.csv: 30 samples (mean 5.26 Mbps)
  soldier__driving_B_2019.12.16_12.27.05__cycle__win340__seed42.csv: 30 samples (mean 13.37 Mbps)
  soldier__driving_B_2019.12.16_12.27.05__bandwidth__win340__seed42.csv: 30 samples (mean 5.26 Mbps)
  soldier__driving_B_2019.12.16_12.27.05__fixed1__win340__seed43.csv: 30 samples (mean 11.89 Mbps)
  soldier__driving_B_2019.12.16_12.27.05__fixed3__win340__seed43.csv: 30 samples (mean 10.09 Mbps)
  soldier__driving_B_2019.12.16_12.27.05__fixed5__win340__seed43.csv: 30 samples (mean 5.31 Mbps)
  soldier__driving_B_2019.12.16_12.27.05__cycle__win340__seed43.csv: 30 samples (mean 13.87 Mbps)
  soldier__driving_B_2019.12.16_12.27.05__bandwidth__win340__seed43.csv: 30 samples (mean 6.25 Mbps)
  soldier__driving_B_2019.12.16_12.27.05__fixed1__win340__seed44.csv: 30 samples (mean 11.90 Mbps)
  soldier__driving_B_2019.12.16_12.27.05__fixed3__win340__seed44.csv: 30 samples (mean 9.98 Mbps)
  soldier__driving_B_2019.12.16_12.27.05__fixed5__win340__seed44.csv: 30 samples (mean 5.43 Mbps)
  soldier__driving_B_2019.12.16_12.27.05__cycle__win340__seed44.csv: 30 samples (mean 13.70 Mbps)
  soldier__driving_B_2019.12.16_12.27.05__bandwidth__win340__seed44.csv: 30 samples (mean 6.28 Mbps)
  soldier__driving_B_2019.12.16_12.27.05__fixed1__win516__seed42.csv: 30 samples (mean 5.75 Mbps)
  soldier__driving_B_2019.12.16_12.27.05__fixed3__win516__seed42.csv: 30 samples (mean 4.85 Mbps)
  soldier__driving_B_2019.12.16_12.27.05__fixed5__win516__seed42.csv: 30 samples (mean 2.34 Mbps)
  soldier__driving_B_2019.12.16_12.27.05__cycle__win516__seed42.csv: 30 samples (mean 6.13 Mbps)
  soldier__driving_B_2019.12.16_12.27.05__bandwidth__win516__seed42.csv: 30 samples (mean 2.34 Mbps)
  soldier__driving_B_2019.12.16_12.27.05__fixed1__win516__seed43.csv: 30 samples (mean 5.73 Mbps)
  soldier__driving_B_2019.12.16_12.27.05__fixed3__win516__seed43.csv: 30 samples (mean 4.92 Mbps)
  soldier__driving_B_2019.12.16_12.27.05__fixed5__win516__seed43.csv: 30 samples (mean 2.34 Mbps)
  soldier__driving_B_2019.12.16_12.27.05__cycle__win516__seed43.csv: 30 samples (mean 6.16 Mbps)
  soldier__driving_B_2019.12.16_12.27.05__bandwidth__win516__seed43.csv: 30 samples (mean 2.34 Mbps)
  soldier__driving_B_2019.12.16_12.27.05__fixed1__win516__seed44.csv: 30 samples (mean 5.73 Mbps)
  soldier__driving_B_2019.12.16_12.27.05__fixed3__win516__seed44.csv: 30 samples (mean 4.84 Mbps)
  soldier__driving_B_2019.12.16_12.27.05__fixed5__win516__seed44.csv: 30 samples (mean 2.30 Mbps)
  soldier__driving_B_2019.12.16_12.27.05__cycle__win516__seed44.csv: 30 samples (mean 6.24 Mbps)
  soldier__driving_B_2019.12.16_12.27.05__bandwidth__win516__seed44.csv: 30 samples (mean 2.30 Mbps)
  soldier__driving_B_2019.12.16_12.27.05__fixed1__win686__seed42.csv: 30 samples (mean 78.03 Mbps)
  soldier__driving_B_2019.12.16_12.27.05__fixed3__win686__seed42.csv: 30 samples (mean 16.36 Mbps)
  soldier__driving_B_2019.12.16_12.27.05__fixed5__win686__seed42.csv: 30 samples (mean 2.85 Mbps)
  soldier__driving_B_2019.12.16_12.27.05__cycle__win686__seed42.csv: 30 samples (mean 41.43 Mbps)
  soldier__driving_B_2019.12.16_12.27.05__bandwidth__win686__seed42.csv: 30 samples (mean 2.85 Mbps)
  soldier__driving_B_2019.12.16_12.27.05__fixed1__win686__seed43.csv: 30 samples (mean 77.69 Mbps)
  soldier__driving_B_2019.12.16_12.27.05__fixed3__win686__seed43.csv: 30 samples (mean 18.55 Mbps)
  soldier__driving_B_2019.12.16_12.27.05__fixed5__win686__seed43.csv: 30 samples (mean 2.92 Mbps)
  soldier__driving_B_2019.12.16_12.27.05__cycle__win686__seed43.csv: 30 samples (mean 38.30 Mbps)
  soldier__driving_B_2019.12.16_12.27.05__bandwidth__win686__seed43.csv: 30 samples (mean 2.92 Mbps)
  soldier__driving_B_2019.12.16_12.27.05__fixed1__win686__seed44.csv: 30 samples (mean 77.12 Mbps)
  soldier__driving_B_2019.12.16_12.27.05__fixed3__win686__seed44.csv: 30 samples (mean 17.74 Mbps)
  soldier__driving_B_2019.12.16_12.27.05__fixed5__win686__seed44.csv: 30 samples (mean 2.85 Mbps)
  soldier__driving_B_2019.12.16_12.27.05__cycle__win686__seed44.csv: 30 samples (mean 41.21 Mbps)
  soldier__driving_B_2019.12.16_12.27.05__bandwidth__win686__seed44.csv: 30 samples (mean 2.85 Mbps)
  soldier__driving_B_2019.12.16_12.27.05__fixed1__win865__seed42.csv: 30 samples (mean 124.11 Mbps)
  soldier__driving_B_2019.12.16_12.27.05__fixed3__win865__seed42.csv: 30 samples (mean 77.91 Mbps)
  soldier__driving_B_2019.12.16_12.27.05__fixed5__win865__seed42.csv: 30 samples (mean 5.47 Mbps)
  soldier__driving_B_2019.12.16_12.27.05__cycle__win865__seed42.csv: 30 samples (mean 85.49 Mbps)
  soldier__driving_B_2019.12.16_12.27.05__bandwidth__win865__seed42.csv: 30 samples (mean 5.47 Mbps)
  soldier__driving_B_2019.12.16_12.27.05__fixed1__win865__seed43.csv: 30 samples (mean 123.44 Mbps)
  soldier__driving_B_2019.12.16_12.27.05__fixed3__win865__seed43.csv: 30 samples (mean 77.53 Mbps)
  soldier__driving_B_2019.12.16_12.27.05__fixed5__win865__seed43.csv: 30 samples (mean 5.45 Mbps)
  soldier__driving_B_2019.12.16_12.27.05__cycle__win865__seed43.csv: 30 samples (mean 86.11 Mbps)
  soldier__driving_B_2019.12.16_12.27.05__bandwidth__win865__seed43.csv: 30 samples (mean 5.45 Mbps)
  soldier__driving_B_2019.12.16_12.27.05__fixed1__win865__seed44.csv: 30 samples (mean 125.49 Mbps)
  soldier__driving_B_2019.12.16_12.27.05__fixed3__win865__seed44.csv: 30 samples (mean 77.88 Mbps)
  soldier__driving_B_2019.12.16_12.27.05__fixed5__win865__seed44.csv: 30 samples (mean 5.52 Mbps)
  soldier__driving_B_2019.12.16_12.27.05__cycle__win865__seed44.csv: 30 samples (mean 84.04 Mbps)
  soldier__driving_B_2019.12.16_12.27.05__bandwidth__win865__seed44.csv: 30 samples (mean 13.20 Mbps)
  soldier__driving_B_2019.12.16_12.27.05__fixed1__win1025__seed42.csv: 30 samples (mean 96.77 Mbps)
  soldier__driving_B_2019.12.16_12.27.05__fixed3__win1025__seed42.csv: 30 samples (mean 55.30 Mbps)
  soldier__driving_B_2019.12.16_12.27.05__fixed5__win1025__seed42.csv: 30 samples (mean 5.47 Mbps)
  soldier__driving_B_2019.12.16_12.27.05__cycle__win1025__seed42.csv: 30 samples (mean 54.29 Mbps)
  soldier__driving_B_2019.12.16_12.27.05__bandwidth__win1025__seed42.csv: 30 samples (mean 5.47 Mbps)
  soldier__driving_B_2019.12.16_12.27.05__fixed1__win1025__seed43.csv: 30 samples (mean 97.71 Mbps)
  soldier__driving_B_2019.12.16_12.27.05__fixed3__win1025__seed43.csv: 30 samples (mean 52.01 Mbps)
  soldier__driving_B_2019.12.16_12.27.05__fixed5__win1025__seed43.csv: 30 samples (mean 5.45 Mbps)
  soldier__driving_B_2019.12.16_12.27.05__cycle__win1025__seed43.csv: 30 samples (mean 54.69 Mbps)
  soldier__driving_B_2019.12.16_12.27.05__bandwidth__win1025__seed43.csv: 30 samples (mean 5.45 Mbps)
  soldier__driving_B_2019.12.16_12.27.05__fixed1__win1025__seed44.csv: 30 samples (mean 100.96 Mbps)
  soldier__driving_B_2019.12.16_12.27.05__fixed3__win1025__seed44.csv: 30 samples (mean 54.85 Mbps)
  soldier__driving_B_2019.12.16_12.27.05__fixed5__win1025__seed44.csv: 30 samples (mean 5.52 Mbps)
  soldier__driving_B_2019.12.16_12.27.05__cycle__win1025__seed44.csv: 30 samples (mean 54.37 Mbps)
  soldier__driving_B_2019.12.16_12.27.05__bandwidth__win1025__seed44.csv: 30 samples (mean 11.91 Mbps)
  soldier__driving_B_2019.12.16_12.27.05__fixed1__win1191__seed42.csv: 30 samples (mean 137.41 Mbps)
  soldier__driving_B_2019.12.16_12.27.05__fixed3__win1191__seed42.csv: 30 samples (mean 74.99 Mbps)
  soldier__driving_B_2019.12.16_12.27.05__fixed5__win1191__seed42.csv: 30 samples (mean 5.30 Mbps)
  soldier__driving_B_2019.12.16_12.27.05__cycle__win1191__seed42.csv: 30 samples (mean 60.79 Mbps)
  soldier__driving_B_2019.12.16_12.27.05__bandwidth__win1191__seed42.csv: 30 samples (mean 5.30 Mbps)
  soldier__driving_B_2019.12.16_12.27.05__fixed1__win1191__seed43.csv: 30 samples (mean 135.30 Mbps)
  soldier__driving_B_2019.12.16_12.27.05__fixed3__win1191__seed43.csv: 30 samples (mean 73.06 Mbps)
  soldier__driving_B_2019.12.16_12.27.05__fixed5__win1191__seed43.csv: 30 samples (mean 5.28 Mbps)
  soldier__driving_B_2019.12.16_12.27.05__cycle__win1191__seed43.csv: 30 samples (mean 65.25 Mbps)
  soldier__driving_B_2019.12.16_12.27.05__bandwidth__win1191__seed43.csv: 30 samples (mean 5.28 Mbps)
  soldier__driving_B_2019.12.16_12.27.05__fixed1__win1191__seed44.csv: 30 samples (mean 126.49 Mbps)
  soldier__driving_B_2019.12.16_12.27.05__fixed3__win1191__seed44.csv: 30 samples (mean 73.09 Mbps)
  soldier__driving_B_2019.12.16_12.27.05__fixed5__win1191__seed44.csv: 30 samples (mean 5.39 Mbps)
  soldier__driving_B_2019.12.16_12.27.05__cycle__win1191__seed44.csv: 30 samples (mean 64.52 Mbps)
  soldier__driving_B_2019.12.16_12.27.05__bandwidth__win1191__seed44.csv: 30 samples (mean 5.39 Mbps)
  soldier__driving_B_2019.12.17_07.32.39__fixed1__win0__seed42.csv: 30 samples (mean 16.03 Mbps)
  soldier__driving_B_2019.12.17_07.32.39__fixed3__win0__seed42.csv: 30 samples (mean 13.15 Mbps)
  soldier__driving_B_2019.12.17_07.32.39__fixed5__win0__seed42.csv: 30 samples (mean 5.46 Mbps)
  soldier__driving_B_2019.12.17_07.32.39__cycle__win0__seed42.csv: 30 samples (mean 10.71 Mbps)
  soldier__driving_B_2019.12.17_07.32.39__bandwidth__win0__seed42.csv: 30 samples (mean 5.46 Mbps)
  soldier__driving_B_2019.12.17_07.32.39__fixed1__win0__seed43.csv: 30 samples (mean 15.83 Mbps)
  soldier__driving_B_2019.12.17_07.32.39__fixed3__win0__seed43.csv: 30 samples (mean 13.46 Mbps)
  soldier__driving_B_2019.12.17_07.32.39__fixed5__win0__seed43.csv: 30 samples (mean 5.46 Mbps)
  soldier__driving_B_2019.12.17_07.32.39__cycle__win0__seed43.csv: 30 samples (mean 10.66 Mbps)
  soldier__driving_B_2019.12.17_07.32.39__bandwidth__win0__seed43.csv: 30 samples (mean 5.46 Mbps)
  soldier__driving_B_2019.12.17_07.32.39__fixed1__win0__seed44.csv: 30 samples (mean 15.96 Mbps)
  soldier__driving_B_2019.12.17_07.32.39__fixed3__win0__seed44.csv: 30 samples (mean 13.20 Mbps)
  soldier__driving_B_2019.12.17_07.32.39__fixed5__win0__seed44.csv: 30 samples (mean 5.52 Mbps)
  soldier__driving_B_2019.12.17_07.32.39__cycle__win0__seed44.csv: 30 samples (mean 10.66 Mbps)
  soldier__driving_B_2019.12.17_07.32.39__bandwidth__win0__seed44.csv: 30 samples (mean 6.43 Mbps)
  soldier__driving_B_2019.12.17_07.32.39__fixed1__win339__seed42.csv: 30 samples (mean 32.96 Mbps)
  soldier__driving_B_2019.12.17_07.32.39__fixed3__win339__seed42.csv: 30 samples (mean 14.61 Mbps)
  soldier__driving_B_2019.12.17_07.32.39__fixed5__win339__seed42.csv: 30 samples (mean 5.46 Mbps)
  soldier__driving_B_2019.12.17_07.32.39__cycle__win339__seed42.csv: 30 samples (mean 17.22 Mbps)
  soldier__driving_B_2019.12.17_07.32.39__bandwidth__win339__seed42.csv: 30 samples (mean 5.46 Mbps)
  soldier__driving_B_2019.12.17_07.32.39__fixed1__win339__seed43.csv: 30 samples (mean 32.60 Mbps)
  soldier__driving_B_2019.12.17_07.32.39__fixed3__win339__seed43.csv: 30 samples (mean 14.84 Mbps)
  soldier__driving_B_2019.12.17_07.32.39__fixed5__win339__seed43.csv: 30 samples (mean 5.50 Mbps)
  soldier__driving_B_2019.12.17_07.32.39__cycle__win339__seed43.csv: 30 samples (mean 17.15 Mbps)
  soldier__driving_B_2019.12.17_07.32.39__bandwidth__win339__seed43.csv: 30 samples (mean 8.75 Mbps)
  soldier__driving_B_2019.12.17_07.32.39__fixed1__win339__seed44.csv: 30 samples (mean 32.69 Mbps)
  soldier__driving_B_2019.12.17_07.32.39__fixed3__win339__seed44.csv: 30 samples (mean 14.91 Mbps)
  soldier__driving_B_2019.12.17_07.32.39__fixed5__win339__seed44.csv: 30 samples (mean 5.64 Mbps)
  soldier__driving_B_2019.12.17_07.32.39__cycle__win339__seed44.csv: 30 samples (mean 17.19 Mbps)
  soldier__driving_B_2019.12.17_07.32.39__bandwidth__win339__seed44.csv: 30 samples (mean 8.77 Mbps)
  soldier__driving_B_2019.12.17_07.32.39__fixed1__win685__seed42.csv: 30 samples (mean 13.19 Mbps)
  soldier__driving_B_2019.12.17_07.32.39__fixed3__win685__seed42.csv: 30 samples (mean 12.77 Mbps)
  soldier__driving_B_2019.12.17_07.32.39__fixed5__win685__seed42.csv: 30 samples (mean 5.46 Mbps)
  soldier__driving_B_2019.12.17_07.32.39__cycle__win685__seed42.csv: 30 samples (mean 10.28 Mbps)
  soldier__driving_B_2019.12.17_07.32.39__bandwidth__win685__seed42.csv: 30 samples (mean 5.46 Mbps)
  soldier__driving_B_2019.12.17_07.32.39__fixed1__win685__seed43.csv: 30 samples (mean 13.39 Mbps)
  soldier__driving_B_2019.12.17_07.32.39__fixed3__win685__seed43.csv: 30 samples (mean 12.72 Mbps)
  soldier__driving_B_2019.12.17_07.32.39__fixed5__win685__seed43.csv: 30 samples (mean 5.50 Mbps)
  soldier__driving_B_2019.12.17_07.32.39__cycle__win685__seed43.csv: 30 samples (mean 9.75 Mbps)
  soldier__driving_B_2019.12.17_07.32.39__bandwidth__win685__seed43.csv: 30 samples (mean 6.41 Mbps)
  soldier__driving_B_2019.12.17_07.32.39__fixed1__win685__seed44.csv: 30 samples (mean 13.35 Mbps)
  soldier__driving_B_2019.12.17_07.32.39__fixed3__win685__seed44.csv: 30 samples (mean 12.64 Mbps)
  soldier__driving_B_2019.12.17_07.32.39__fixed5__win685__seed44.csv: 30 samples (mean 5.64 Mbps)
  soldier__driving_B_2019.12.17_07.32.39__cycle__win685__seed44.csv: 30 samples (mean 9.75 Mbps)
  soldier__driving_B_2019.12.17_07.32.39__bandwidth__win685__seed44.csv: 30 samples (mean 6.87 Mbps)
  soldier__driving_B_2019.12.17_07.32.39__fixed1__win1017__seed42.csv: 30 samples (mean 15.96 Mbps)
  soldier__driving_B_2019.12.17_07.32.39__fixed3__win1017__seed42.csv: 30 samples (mean 14.55 Mbps)
  soldier__driving_B_2019.12.17_07.32.39__fixed5__win1017__seed42.csv: 30 samples (mean 2.33 Mbps)
  soldier__driving_B_2019.12.17_07.32.39__cycle__win1017__seed42.csv: 30 samples (mean 13.59 Mbps)
  soldier__driving_B_2019.12.17_07.32.39__bandwidth__win1017__seed42.csv: 30 samples (mean 2.33 Mbps)
  soldier__driving_B_2019.12.17_07.32.39__fixed1__win1017__seed43.csv: 30 samples (mean 16.05 Mbps)
  soldier__driving_B_2019.12.17_07.32.39__fixed3__win1017__seed43.csv: 30 samples (mean 14.59 Mbps)
  soldier__driving_B_2019.12.17_07.32.39__fixed5__win1017__seed43.csv: 30 samples (mean 2.25 Mbps)
  soldier__driving_B_2019.12.17_07.32.39__cycle__win1017__seed43.csv: 30 samples (mean 13.43 Mbps)
  soldier__driving_B_2019.12.17_07.32.39__bandwidth__win1017__seed43.csv: 30 samples (mean 2.25 Mbps)
  soldier__driving_B_2019.12.17_07.32.39__fixed1__win1017__seed44.csv: 30 samples (mean 15.97 Mbps)
  soldier__driving_B_2019.12.17_07.32.39__fixed3__win1017__seed44.csv: 30 samples (mean 14.54 Mbps)
  soldier__driving_B_2019.12.17_07.32.39__fixed5__win1017__seed44.csv: 30 samples (mean 2.29 Mbps)
  soldier__driving_B_2019.12.17_07.32.39__cycle__win1017__seed44.csv: 30 samples (mean 13.42 Mbps)
  soldier__driving_B_2019.12.17_07.32.39__bandwidth__win1017__seed44.csv: 30 samples (mean 2.29 Mbps)
  soldier__driving_B_2019.12.17_07.32.39__fixed1__win1300__seed42.csv: 30 samples (mean 68.22 Mbps)
  soldier__driving_B_2019.12.17_07.32.39__fixed3__win1300__seed42.csv: 30 samples (mean 22.05 Mbps)
  soldier__driving_B_2019.12.17_07.32.39__fixed5__win1300__seed42.csv: 30 samples (mean 5.30 Mbps)
  soldier__driving_B_2019.12.17_07.32.39__cycle__win1300__seed42.csv: 30 samples (mean 24.52 Mbps)
  soldier__driving_B_2019.12.17_07.32.39__bandwidth__win1300__seed42.csv: 30 samples (mean 5.30 Mbps)
  soldier__driving_B_2019.12.17_07.32.39__fixed1__win1300__seed43.csv: 30 samples (mean 69.24 Mbps)
  soldier__driving_B_2019.12.17_07.32.39__fixed3__win1300__seed43.csv: 30 samples (mean 22.30 Mbps)
  soldier__driving_B_2019.12.17_07.32.39__fixed5__win1300__seed43.csv: 30 samples (mean 5.33 Mbps)
  soldier__driving_B_2019.12.17_07.32.39__cycle__win1300__seed43.csv: 30 samples (mean 22.51 Mbps)
  soldier__driving_B_2019.12.17_07.32.39__bandwidth__win1300__seed43.csv: 30 samples (mean 10.85 Mbps)
  soldier__driving_B_2019.12.17_07.32.39__fixed1__win1300__seed44.csv: 30 samples (mean 68.51 Mbps)
  soldier__driving_B_2019.12.17_07.32.39__fixed3__win1300__seed44.csv: 30 samples (mean 22.53 Mbps)
  soldier__driving_B_2019.12.17_07.32.39__fixed5__win1300__seed44.csv: 30 samples (mean 5.45 Mbps)
  soldier__driving_B_2019.12.17_07.32.39__cycle__win1300__seed44.csv: 30 samples (mean 22.48 Mbps)
  soldier__driving_B_2019.12.17_07.32.39__bandwidth__win1300__seed44.csv: 30 samples (mean 11.34 Mbps)
  soldier__driving_B_2019.12.17_07.32.39__fixed1__win1634__seed42.csv: 30 samples (mean 26.85 Mbps)
  soldier__driving_B_2019.12.17_07.32.39__fixed3__win1634__seed42.csv: 30 samples (mean 24.82 Mbps)
  soldier__driving_B_2019.12.17_07.32.39__fixed5__win1634__seed42.csv: 30 samples (mean 3.17 Mbps)
  soldier__driving_B_2019.12.17_07.32.39__cycle__win1634__seed42.csv: 30 samples (mean 23.59 Mbps)
  soldier__driving_B_2019.12.17_07.32.39__bandwidth__win1634__seed42.csv: 30 samples (mean 3.17 Mbps)
  soldier__driving_B_2019.12.17_07.32.39__fixed1__win1634__seed43.csv: 30 samples (mean 26.95 Mbps)
  soldier__driving_B_2019.12.17_07.32.39__fixed3__win1634__seed43.csv: 30 samples (mean 25.91 Mbps)
  soldier__driving_B_2019.12.17_07.32.39__fixed5__win1634__seed43.csv: 30 samples (mean 3.27 Mbps)
  soldier__driving_B_2019.12.17_07.32.39__cycle__win1634__seed43.csv: 30 samples (mean 24.29 Mbps)
  soldier__driving_B_2019.12.17_07.32.39__bandwidth__win1634__seed43.csv: 30 samples (mean 3.27 Mbps)
  soldier__driving_B_2019.12.17_07.32.39__fixed1__win1634__seed44.csv: 30 samples (mean 26.99 Mbps)
  soldier__driving_B_2019.12.17_07.32.39__fixed3__win1634__seed44.csv: 30 samples (mean 24.71 Mbps)
  soldier__driving_B_2019.12.17_07.32.39__fixed5__win1634__seed44.csv: 30 samples (mean 3.30 Mbps)
  soldier__driving_B_2019.12.17_07.32.39__cycle__win1634__seed44.csv: 30 samples (mean 24.51 Mbps)
  soldier__driving_B_2019.12.17_07.32.39__bandwidth__win1634__seed44.csv: 30 samples (mean 3.30 Mbps)
  soldier__driving_B_2019.12.17_07.32.39__fixed1__win1958__seed42.csv: 30 samples (mean 79.56 Mbps)
  soldier__driving_B_2019.12.17_07.32.39__fixed3__win1958__seed42.csv: 30 samples (mean 27.74 Mbps)
  soldier__driving_B_2019.12.17_07.32.39__fixed5__win1958__seed42.csv: 30 samples (mean 3.24 Mbps)
  soldier__driving_B_2019.12.17_07.32.39__cycle__win1958__seed42.csv: 30 samples (mean 25.33 Mbps)
  soldier__driving_B_2019.12.17_07.32.39__bandwidth__win1958__seed42.csv: 30 samples (mean 3.24 Mbps)
  soldier__driving_B_2019.12.17_07.32.39__fixed1__win1958__seed43.csv: 30 samples (mean 80.37 Mbps)
  soldier__driving_B_2019.12.17_07.32.39__fixed3__win1958__seed43.csv: 30 samples (mean 26.75 Mbps)
  soldier__driving_B_2019.12.17_07.32.39__fixed5__win1958__seed43.csv: 30 samples (mean 3.32 Mbps)
  soldier__driving_B_2019.12.17_07.32.39__cycle__win1958__seed43.csv: 30 samples (mean 25.67 Mbps)
  soldier__driving_B_2019.12.17_07.32.39__bandwidth__win1958__seed43.csv: 30 samples (mean 3.32 Mbps)
  soldier__driving_B_2019.12.17_07.32.39__fixed1__win1958__seed44.csv: 30 samples (mean 78.27 Mbps)
  soldier__driving_B_2019.12.17_07.32.39__fixed3__win1958__seed44.csv: 30 samples (mean 27.57 Mbps)
  soldier__driving_B_2019.12.17_07.32.39__fixed5__win1958__seed44.csv: 30 samples (mean 3.19 Mbps)
  soldier__driving_B_2019.12.17_07.32.39__cycle__win1958__seed44.csv: 30 samples (mean 23.76 Mbps)
  soldier__driving_B_2019.12.17_07.32.39__bandwidth__win1958__seed44.csv: 30 samples (mean 3.19 Mbps)
  soldier__driving_B_2019.12.17_07.32.39__fixed1__win2319__seed42.csv: 30 samples (mean 259.78 Mbps)
  soldier__driving_B_2019.12.17_07.32.39__fixed3__win2319__seed42.csv: 30 samples (mean 76.20 Mbps)
  soldier__driving_B_2019.12.17_07.32.39__fixed5__win2319__seed42.csv: 30 samples (mean 5.47 Mbps)
  soldier__driving_B_2019.12.17_07.32.39__cycle__win2319__seed42.csv: 30 samples (mean 108.76 Mbps)
  soldier__driving_B_2019.12.17_07.32.39__bandwidth__win2319__seed42.csv: 30 samples (mean 5.47 Mbps)
  soldier__driving_B_2019.12.17_07.32.39__fixed1__win2319__seed43.csv: 30 samples (mean 259.82 Mbps)
  soldier__driving_B_2019.12.17_07.32.39__fixed3__win2319__seed43.csv: 30 samples (mean 77.53 Mbps)
  soldier__driving_B_2019.12.17_07.32.39__fixed5__win2319__seed43.csv: 30 samples (mean 5.45 Mbps)
  soldier__driving_B_2019.12.17_07.32.39__cycle__win2319__seed43.csv: 30 samples (mean 114.05 Mbps)
  soldier__driving_B_2019.12.17_07.32.39__bandwidth__win2319__seed43.csv: 30 samples (mean 5.45 Mbps)
  soldier__driving_B_2019.12.17_07.32.39__fixed1__win2319__seed44.csv: 30 samples (mean 256.22 Mbps)
  soldier__driving_B_2019.12.17_07.32.39__fixed3__win2319__seed44.csv: 30 samples (mean 77.88 Mbps)
  soldier__driving_B_2019.12.17_07.32.39__fixed5__win2319__seed44.csv: 30 samples (mean 5.52 Mbps)
  soldier__driving_B_2019.12.17_07.32.39__cycle__win2319__seed44.csv: 30 samples (mean 118.14 Mbps)
  soldier__driving_B_2019.12.17_07.32.39__bandwidth__win2319__seed44.csv: 30 samples (mean 15.67 Mbps)
  soldier__driving_B_2020.01.16_07.26.43__fixed1__win0__seed42.csv: 30 samples (mean 11.86 Mbps)
  soldier__driving_B_2020.01.16_07.26.43__fixed3__win0__seed42.csv: 30 samples (mean 10.56 Mbps)
  soldier__driving_B_2020.01.16_07.26.43__fixed5__win0__seed42.csv: 30 samples (mean 5.18 Mbps)
  soldier__driving_B_2020.01.16_07.26.43__cycle__win0__seed42.csv: 30 samples (mean 10.27 Mbps)
  soldier__driving_B_2020.01.16_07.26.43__bandwidth__win0__seed42.csv: 30 samples (mean 5.18 Mbps)
  soldier__driving_B_2020.01.16_07.26.43__fixed1__win0__seed43.csv: 30 samples (mean 11.82 Mbps)
  soldier__driving_B_2020.01.16_07.26.43__fixed3__win0__seed43.csv: 30 samples (mean 10.37 Mbps)
  soldier__driving_B_2020.01.16_07.26.43__fixed5__win0__seed43.csv: 30 samples (mean 5.15 Mbps)
  soldier__driving_B_2020.01.16_07.26.43__cycle__win0__seed43.csv: 30 samples (mean 10.26 Mbps)
  soldier__driving_B_2020.01.16_07.26.43__bandwidth__win0__seed43.csv: 30 samples (mean 5.15 Mbps)
  soldier__driving_B_2020.01.16_07.26.43__fixed1__win0__seed44.csv: 30 samples (mean 11.83 Mbps)
  soldier__driving_B_2020.01.16_07.26.43__fixed3__win0__seed44.csv: 30 samples (mean 10.62 Mbps)
  soldier__driving_B_2020.01.16_07.26.43__fixed5__win0__seed44.csv: 30 samples (mean 5.19 Mbps)
  soldier__driving_B_2020.01.16_07.26.43__cycle__win0__seed44.csv: 30 samples (mean 10.24 Mbps)
  soldier__driving_B_2020.01.16_07.26.43__bandwidth__win0__seed44.csv: 30 samples (mean 5.39 Mbps)
  soldier__driving_B_2020.01.16_07.26.43__fixed1__win216__seed42.csv: 30 samples (mean 14.26 Mbps)
  soldier__driving_B_2020.01.16_07.26.43__fixed3__win216__seed42.csv: 30 samples (mean 10.78 Mbps)
  soldier__driving_B_2020.01.16_07.26.43__fixed5__win216__seed42.csv: 30 samples (mean 4.45 Mbps)
  soldier__driving_B_2020.01.16_07.26.43__cycle__win216__seed42.csv: 30 samples (mean 11.17 Mbps)
  soldier__driving_B_2020.01.16_07.26.43__bandwidth__win216__seed42.csv: 30 samples (mean 4.57 Mbps)
  soldier__driving_B_2020.01.16_07.26.43__fixed1__win216__seed43.csv: 30 samples (mean 14.34 Mbps)
  soldier__driving_B_2020.01.16_07.26.43__fixed3__win216__seed43.csv: 30 samples (mean 10.85 Mbps)
  soldier__driving_B_2020.01.16_07.26.43__fixed5__win216__seed43.csv: 30 samples (mean 4.34 Mbps)
  soldier__driving_B_2020.01.16_07.26.43__cycle__win216__seed43.csv: 30 samples (mean 11.25 Mbps)
  soldier__driving_B_2020.01.16_07.26.43__bandwidth__win216__seed43.csv: 30 samples (mean 4.34 Mbps)
  soldier__driving_B_2020.01.16_07.26.43__fixed1__win216__seed44.csv: 30 samples (mean 14.33 Mbps)
  soldier__driving_B_2020.01.16_07.26.43__fixed3__win216__seed44.csv: 30 samples (mean 10.83 Mbps)
  soldier__driving_B_2020.01.16_07.26.43__fixed5__win216__seed44.csv: 30 samples (mean 4.41 Mbps)
  soldier__driving_B_2020.01.16_07.26.43__cycle__win216__seed44.csv: 30 samples (mean 11.20 Mbps)
  soldier__driving_B_2020.01.16_07.26.43__bandwidth__win216__seed44.csv: 30 samples (mean 4.41 Mbps)
  soldier__driving_B_2020.01.16_07.26.43__fixed1__win506__seed42.csv: 30 samples (mean 9.67 Mbps)
  soldier__driving_B_2020.01.16_07.26.43__fixed3__win506__seed42.csv: 30 samples (mean 9.18 Mbps)
  soldier__driving_B_2020.01.16_07.26.43__fixed5__win506__seed42.csv: 30 samples (mean 5.46 Mbps)
  soldier__driving_B_2020.01.16_07.26.43__cycle__win506__seed42.csv: 30 samples (mean 8.33 Mbps)
  soldier__driving_B_2020.01.16_07.26.43__bandwidth__win506__seed42.csv: 30 samples (mean 5.46 Mbps)
  soldier__driving_B_2020.01.16_07.26.43__fixed1__win506__seed43.csv: 30 samples (mean 9.65 Mbps)
  soldier__driving_B_2020.01.16_07.26.43__fixed3__win506__seed43.csv: 30 samples (mean 9.19 Mbps)
  soldier__driving_B_2020.01.16_07.26.43__fixed5__win506__seed43.csv: 30 samples (mean 5.50 Mbps)
  soldier__driving_B_2020.01.16_07.26.43__cycle__win506__seed43.csv: 30 samples (mean 8.30 Mbps)
  soldier__driving_B_2020.01.16_07.26.43__bandwidth__win506__seed43.csv: 30 samples (mean 7.87 Mbps)
  soldier__driving_B_2020.01.16_07.26.43__fixed1__win506__seed44.csv: 30 samples (mean 9.67 Mbps)
  soldier__driving_B_2020.01.16_07.26.43__fixed3__win506__seed44.csv: 30 samples (mean 9.18 Mbps)
  soldier__driving_B_2020.01.16_07.26.43__fixed5__win506__seed44.csv: 30 samples (mean 5.64 Mbps)
  soldier__driving_B_2020.01.16_07.26.43__cycle__win506__seed44.csv: 30 samples (mean 8.32 Mbps)
  soldier__driving_B_2020.01.16_07.26.43__bandwidth__win506__seed44.csv: 30 samples (mean 8.13 Mbps)
  soldier__driving_B_2020.01.16_07.26.43__fixed1__win729__seed42.csv: 30 samples (mean 18.45 Mbps)
  soldier__driving_B_2020.01.16_07.26.43__fixed3__win729__seed42.csv: 30 samples (mean 14.23 Mbps)
  soldier__driving_B_2020.01.16_07.26.43__fixed5__win729__seed42.csv: 30 samples (mean 5.28 Mbps)
  soldier__driving_B_2020.01.16_07.26.43__cycle__win729__seed42.csv: 30 samples (mean 14.05 Mbps)
  soldier__driving_B_2020.01.16_07.26.43__bandwidth__win729__seed42.csv: 30 samples (mean 5.28 Mbps)
  soldier__driving_B_2020.01.16_07.26.43__fixed1__win729__seed43.csv: 30 samples (mean 18.59 Mbps)
  soldier__driving_B_2020.01.16_07.26.43__fixed3__win729__seed43.csv: 30 samples (mean 14.01 Mbps)
  soldier__driving_B_2020.01.16_07.26.43__fixed5__win729__seed43.csv: 30 samples (mean 5.29 Mbps)
  soldier__driving_B_2020.01.16_07.26.43__cycle__win729__seed43.csv: 30 samples (mean 14.37 Mbps)
  soldier__driving_B_2020.01.16_07.26.43__bandwidth__win729__seed43.csv: 30 samples (mean 7.55 Mbps)
  soldier__driving_B_2020.01.16_07.26.43__fixed1__win729__seed44.csv: 30 samples (mean 18.48 Mbps)
  soldier__driving_B_2020.01.16_07.26.43__fixed3__win729__seed44.csv: 30 samples (mean 13.89 Mbps)
  soldier__driving_B_2020.01.16_07.26.43__fixed5__win729__seed44.csv: 30 samples (mean 5.43 Mbps)
  soldier__driving_B_2020.01.16_07.26.43__cycle__win729__seed44.csv: 30 samples (mean 14.00 Mbps)
  soldier__driving_B_2020.01.16_07.26.43__bandwidth__win729__seed44.csv: 30 samples (mean 7.83 Mbps)
  soldier__driving_B_2020.01.16_07.26.43__fixed1__win1008__seed42.csv: 30 samples (mean 13.72 Mbps)
  soldier__driving_B_2020.01.16_07.26.43__fixed3__win1008__seed42.csv: 30 samples (mean 13.70 Mbps)
  soldier__driving_B_2020.01.16_07.26.43__fixed5__win1008__seed42.csv: 30 samples (mean 5.46 Mbps)
  soldier__driving_B_2020.01.16_07.26.43__cycle__win1008__seed42.csv: 30 samples (mean 10.49 Mbps)
  soldier__driving_B_2020.01.16_07.26.43__bandwidth__win1008__seed42.csv: 30 samples (mean 5.46 Mbps)
  soldier__driving_B_2020.01.16_07.26.43__fixed1__win1008__seed43.csv: 30 samples (mean 13.67 Mbps)
  soldier__driving_B_2020.01.16_07.26.43__fixed3__win1008__seed43.csv: 30 samples (mean 13.75 Mbps)
  soldier__driving_B_2020.01.16_07.26.43__fixed5__win1008__seed43.csv: 30 samples (mean 5.50 Mbps)
  soldier__driving_B_2020.01.16_07.26.43__cycle__win1008__seed43.csv: 30 samples (mean 10.46 Mbps)
  soldier__driving_B_2020.01.16_07.26.43__bandwidth__win1008__seed43.csv: 30 samples (mean 8.92 Mbps)
  soldier__driving_B_2020.01.16_07.26.43__fixed1__win1008__seed44.csv: 30 samples (mean 13.66 Mbps)
  soldier__driving_B_2020.01.16_07.26.43__fixed3__win1008__seed44.csv: 30 samples (mean 13.59 Mbps)
  soldier__driving_B_2020.01.16_07.26.43__fixed5__win1008__seed44.csv: 30 samples (mean 5.64 Mbps)
  soldier__driving_B_2020.01.16_07.26.43__cycle__win1008__seed44.csv: 30 samples (mean 10.99 Mbps)
  soldier__driving_B_2020.01.16_07.26.43__bandwidth__win1008__seed44.csv: 30 samples (mean 9.12 Mbps)
  soldier__driving_B_2020.01.16_07.26.43__fixed1__win1219__seed42.csv: 30 samples (mean 9.84 Mbps)
  soldier__driving_B_2020.01.16_07.26.43__fixed3__win1219__seed42.csv: 30 samples (mean 9.39 Mbps)
  soldier__driving_B_2020.01.16_07.26.43__fixed5__win1219__seed42.csv: 30 samples (mean 5.46 Mbps)
  soldier__driving_B_2020.01.16_07.26.43__cycle__win1219__seed42.csv: 30 samples (mean 8.94 Mbps)
  soldier__driving_B_2020.01.16_07.26.43__bandwidth__win1219__seed42.csv: 30 samples (mean 5.46 Mbps)
  soldier__driving_B_2020.01.16_07.26.43__fixed1__win1219__seed43.csv: 30 samples (mean 9.81 Mbps)
  soldier__driving_B_2020.01.16_07.26.43__fixed3__win1219__seed43.csv: 30 samples (mean 9.53 Mbps)
  soldier__driving_B_2020.01.16_07.26.43__fixed5__win1219__seed43.csv: 30 samples (mean 5.50 Mbps)
  soldier__driving_B_2020.01.16_07.26.43__cycle__win1219__seed43.csv: 30 samples (mean 9.00 Mbps)
  soldier__driving_B_2020.01.16_07.26.43__bandwidth__win1219__seed43.csv: 30 samples (mean 7.45 Mbps)
  soldier__driving_B_2020.01.16_07.26.43__fixed1__win1219__seed44.csv: 30 samples (mean 9.83 Mbps)
  soldier__driving_B_2020.01.16_07.26.43__fixed3__win1219__seed44.csv: 30 samples (mean 9.41 Mbps)
  soldier__driving_B_2020.01.16_07.26.43__fixed5__win1219__seed44.csv: 30 samples (mean 5.64 Mbps)
  soldier__driving_B_2020.01.16_07.26.43__cycle__win1219__seed44.csv: 30 samples (mean 8.96 Mbps)
  soldier__driving_B_2020.01.16_07.26.43__bandwidth__win1219__seed44.csv: 30 samples (mean 7.37 Mbps)
  soldier__driving_B_2020.01.16_07.26.43__fixed1__win1477__seed42.csv: 30 samples (mean 8.83 Mbps)
  soldier__driving_B_2020.01.16_07.26.43__fixed3__win1477__seed42.csv: 30 samples (mean 7.51 Mbps)
  soldier__driving_B_2020.01.16_07.26.43__fixed5__win1477__seed42.csv: 30 samples (mean 3.72 Mbps)
  soldier__driving_B_2020.01.16_07.26.43__cycle__win1477__seed42.csv: 30 samples (mean 7.85 Mbps)
  soldier__driving_B_2020.01.16_07.26.43__bandwidth__win1477__seed42.csv: 30 samples (mean 3.72 Mbps)
  soldier__driving_B_2020.01.16_07.26.43__fixed1__win1477__seed43.csv: 30 samples (mean 8.83 Mbps)
  soldier__driving_B_2020.01.16_07.26.43__fixed3__win1477__seed43.csv: 30 samples (mean 7.52 Mbps)
  soldier__driving_B_2020.01.16_07.26.43__fixed5__win1477__seed43.csv: 30 samples (mean 3.23 Mbps)
  soldier__driving_B_2020.01.16_07.26.43__cycle__win1477__seed43.csv: 30 samples (mean 7.99 Mbps)
  soldier__driving_B_2020.01.16_07.26.43__bandwidth__win1477__seed43.csv: 30 samples (mean 3.23 Mbps)
  soldier__driving_B_2020.01.16_07.26.43__fixed1__win1477__seed44.csv: 30 samples (mean 8.77 Mbps)
  soldier__driving_B_2020.01.16_07.26.43__fixed3__win1477__seed44.csv: 30 samples (mean 7.44 Mbps)
  soldier__driving_B_2020.01.16_07.26.43__fixed5__win1477__seed44.csv: 30 samples (mean 3.59 Mbps)
  soldier__driving_B_2020.01.16_07.26.43__cycle__win1477__seed44.csv: 30 samples (mean 7.71 Mbps)
  soldier__driving_B_2020.01.16_07.26.43__bandwidth__win1477__seed44.csv: 30 samples (mean 3.59 Mbps)
  soldier__driving_B_2020.01.16_07.26.43__fixed1__win1687__seed42.csv: 30 samples (mean 10.65 Mbps)
  soldier__driving_B_2020.01.16_07.26.43__fixed3__win1687__seed42.csv: 30 samples (mean 8.53 Mbps)
  soldier__driving_B_2020.01.16_07.26.43__fixed5__win1687__seed42.csv: 30 samples (mean 5.46 Mbps)
  soldier__driving_B_2020.01.16_07.26.43__cycle__win1687__seed42.csv: 30 samples (mean 9.89 Mbps)
  soldier__driving_B_2020.01.16_07.26.43__bandwidth__win1687__seed42.csv: 30 samples (mean 5.46 Mbps)
  soldier__driving_B_2020.01.16_07.26.43__fixed1__win1687__seed43.csv: 30 samples (mean 10.69 Mbps)
  soldier__driving_B_2020.01.16_07.26.43__fixed3__win1687__seed43.csv: 30 samples (mean 8.58 Mbps)
  soldier__driving_B_2020.01.16_07.26.43__fixed5__win1687__seed43.csv: 30 samples (mean 5.50 Mbps)
  soldier__driving_B_2020.01.16_07.26.43__cycle__win1687__seed43.csv: 30 samples (mean 9.90 Mbps)
  soldier__driving_B_2020.01.16_07.26.43__bandwidth__win1687__seed43.csv: 30 samples (mean 7.83 Mbps)
  soldier__driving_B_2020.01.16_07.26.43__fixed1__win1687__seed44.csv: 30 samples (mean 10.65 Mbps)
  soldier__driving_B_2020.01.16_07.26.43__fixed3__win1687__seed44.csv: 30 samples (mean 8.57 Mbps)
  soldier__driving_B_2020.01.16_07.26.43__fixed5__win1687__seed44.csv: 30 samples (mean 5.64 Mbps)
  soldier__driving_B_2020.01.16_07.26.43__cycle__win1687__seed44.csv: 30 samples (mean 9.67 Mbps)
  soldier__driving_B_2020.01.16_07.26.43__bandwidth__win1687__seed44.csv: 30 samples (mean 8.02 Mbps)
  soldier__driving_B_2020.01.16_09.56.56__fixed1__win0__seed42.csv: 30 samples (mean 14.80 Mbps)
  soldier__driving_B_2020.01.16_09.56.56__fixed3__win0__seed42.csv: 30 samples (mean 15.01 Mbps)
  soldier__driving_B_2020.01.16_09.56.56__fixed5__win0__seed42.csv: 30 samples (mean 5.49 Mbps)
  soldier__driving_B_2020.01.16_09.56.56__cycle__win0__seed42.csv: 30 samples (mean 12.60 Mbps)
  soldier__driving_B_2020.01.16_09.56.56__bandwidth__win0__seed42.csv: 30 samples (mean 5.49 Mbps)
  soldier__driving_B_2020.01.16_09.56.56__fixed1__win0__seed43.csv: 30 samples (mean 14.90 Mbps)
  soldier__driving_B_2020.01.16_09.56.56__fixed3__win0__seed43.csv: 30 samples (mean 14.74 Mbps)
  soldier__driving_B_2020.01.16_09.56.56__fixed5__win0__seed43.csv: 30 samples (mean 5.45 Mbps)
  soldier__driving_B_2020.01.16_09.56.56__cycle__win0__seed43.csv: 30 samples (mean 12.61 Mbps)
  soldier__driving_B_2020.01.16_09.56.56__bandwidth__win0__seed43.csv: 30 samples (mean 5.45 Mbps)
  soldier__driving_B_2020.01.16_09.56.56__fixed1__win0__seed44.csv: 30 samples (mean 14.92 Mbps)
  soldier__driving_B_2020.01.16_09.56.56__fixed3__win0__seed44.csv: 30 samples (mean 14.62 Mbps)
  soldier__driving_B_2020.01.16_09.56.56__fixed5__win0__seed44.csv: 30 samples (mean 5.49 Mbps)
  soldier__driving_B_2020.01.16_09.56.56__cycle__win0__seed44.csv: 30 samples (mean 12.68 Mbps)
  soldier__driving_B_2020.01.16_09.56.56__bandwidth__win0__seed44.csv: 30 samples (mean 5.49 Mbps)
  soldier__driving_B_2020.01.16_09.56.56__fixed1__win227__seed42.csv: 30 samples (mean 56.13 Mbps)
  soldier__driving_B_2020.01.16_09.56.56__fixed3__win227__seed42.csv: 30 samples (mean 14.43 Mbps)
  soldier__driving_B_2020.01.16_09.56.56__fixed5__win227__seed42.csv: 30 samples (mean 5.46 Mbps)
  soldier__driving_B_2020.01.16_09.56.56__cycle__win227__seed42.csv: 30 samples (mean 24.40 Mbps)
  soldier__driving_B_2020.01.16_09.56.56__bandwidth__win227__seed42.csv: 30 samples (mean 5.46 Mbps)
  soldier__driving_B_2020.01.16_09.56.56__fixed1__win227__seed43.csv: 30 samples (mean 56.02 Mbps)
  soldier__driving_B_2020.01.16_09.56.56__fixed3__win227__seed43.csv: 30 samples (mean 14.38 Mbps)
  soldier__driving_B_2020.01.16_09.56.56__fixed5__win227__seed43.csv: 30 samples (mean 5.44 Mbps)
  soldier__driving_B_2020.01.16_09.56.56__cycle__win227__seed43.csv: 30 samples (mean 24.75 Mbps)
  soldier__driving_B_2020.01.16_09.56.56__bandwidth__win227__seed43.csv: 30 samples (mean 5.44 Mbps)
  soldier__driving_B_2020.01.16_09.56.56__fixed1__win227__seed44.csv: 30 samples (mean 56.10 Mbps)
  soldier__driving_B_2020.01.16_09.56.56__fixed3__win227__seed44.csv: 30 samples (mean 14.19 Mbps)
  soldier__driving_B_2020.01.16_09.56.56__fixed5__win227__seed44.csv: 30 samples (mean 5.52 Mbps)
  soldier__driving_B_2020.01.16_09.56.56__cycle__win227__seed44.csv: 30 samples (mean 24.48 Mbps)
  soldier__driving_B_2020.01.16_09.56.56__bandwidth__win227__seed44.csv: 30 samples (mean 8.88 Mbps)
  soldier__driving_B_2020.01.16_09.56.56__fixed1__win526__seed42.csv: 30 samples (mean 68.38 Mbps)
  soldier__driving_B_2020.01.16_09.56.56__fixed3__win526__seed42.csv: 30 samples (mean 27.14 Mbps)
  soldier__driving_B_2020.01.16_09.56.56__fixed5__win526__seed42.csv: 30 samples (mean 5.46 Mbps)
  soldier__driving_B_2020.01.16_09.56.56__cycle__win526__seed42.csv: 30 samples (mean 30.83 Mbps)
  soldier__driving_B_2020.01.16_09.56.56__bandwidth__win526__seed42.csv: 30 samples (mean 5.46 Mbps)
  soldier__driving_B_2020.01.16_09.56.56__fixed1__win526__seed43.csv: 30 samples (mean 69.15 Mbps)
  soldier__driving_B_2020.01.16_09.56.56__fixed3__win526__seed43.csv: 30 samples (mean 27.25 Mbps)
  soldier__driving_B_2020.01.16_09.56.56__fixed5__win526__seed43.csv: 30 samples (mean 5.50 Mbps)
  soldier__driving_B_2020.01.16_09.56.56__cycle__win526__seed43.csv: 30 samples (mean 30.21 Mbps)
  soldier__driving_B_2020.01.16_09.56.56__bandwidth__win526__seed43.csv: 30 samples (mean 16.16 Mbps)
  soldier__driving_B_2020.01.16_09.56.56__fixed1__win526__seed44.csv: 30 samples (mean 71.44 Mbps)
  soldier__driving_B_2020.01.16_09.56.56__fixed3__win526__seed44.csv: 30 samples (mean 27.29 Mbps)
  soldier__driving_B_2020.01.16_09.56.56__fixed5__win526__seed44.csv: 30 samples (mean 5.64 Mbps)
  soldier__driving_B_2020.01.16_09.56.56__cycle__win526__seed44.csv: 30 samples (mean 30.40 Mbps)
  soldier__driving_B_2020.01.16_09.56.56__bandwidth__win526__seed44.csv: 30 samples (mean 15.88 Mbps)
  soldier__driving_B_2020.01.16_09.56.56__fixed1__win750__seed42.csv: 30 samples (mean 23.09 Mbps)
  soldier__driving_B_2020.01.16_09.56.56__fixed3__win750__seed42.csv: 30 samples (mean 56.99 Mbps)
  soldier__driving_B_2020.01.16_09.56.56__fixed5__win750__seed42.csv: 30 samples (mean 5.46 Mbps)
  soldier__driving_B_2020.01.16_09.56.56__cycle__win750__seed42.csv: 30 samples (mean 17.29 Mbps)
  soldier__driving_B_2020.01.16_09.56.56__bandwidth__win750__seed42.csv: 30 samples (mean 5.46 Mbps)
  soldier__driving_B_2020.01.16_09.56.56__fixed1__win750__seed43.csv: 30 samples (mean 23.25 Mbps)
  soldier__driving_B_2020.01.16_09.56.56__fixed3__win750__seed43.csv: 30 samples (mean 58.25 Mbps)
  soldier__driving_B_2020.01.16_09.56.56__fixed5__win750__seed43.csv: 30 samples (mean 5.50 Mbps)
  soldier__driving_B_2020.01.16_09.56.56__cycle__win750__seed43.csv: 30 samples (mean 16.59 Mbps)
  soldier__driving_B_2020.01.16_09.56.56__bandwidth__win750__seed43.csv: 30 samples (mean 15.31 Mbps)
  soldier__driving_B_2020.01.16_09.56.56__fixed1__win750__seed44.csv: 30 samples (mean 23.10 Mbps)
  soldier__driving_B_2020.01.16_09.56.56__fixed3__win750__seed44.csv: 30 samples (mean 58.67 Mbps)
  soldier__driving_B_2020.01.16_09.56.56__fixed5__win750__seed44.csv: 30 samples (mean 5.64 Mbps)
  soldier__driving_B_2020.01.16_09.56.56__cycle__win750__seed44.csv: 30 samples (mean 17.59 Mbps)
  soldier__driving_B_2020.01.16_09.56.56__bandwidth__win750__seed44.csv: 30 samples (mean 15.10 Mbps)
  soldier__driving_B_2020.01.16_09.56.56__fixed1__win912__seed42.csv: 30 samples (mean 17.22 Mbps)
  soldier__driving_B_2020.01.16_09.56.56__fixed3__win912__seed42.csv: 30 samples (mean 12.01 Mbps)
  soldier__driving_B_2020.01.16_09.56.56__fixed5__win912__seed42.csv: 30 samples (mean 4.64 Mbps)
  soldier__driving_B_2020.01.16_09.56.56__cycle__win912__seed42.csv: 30 samples (mean 8.76 Mbps)
  soldier__driving_B_2020.01.16_09.56.56__bandwidth__win912__seed42.csv: 30 samples (mean 4.64 Mbps)
  soldier__driving_B_2020.01.16_09.56.56__fixed1__win912__seed43.csv: 30 samples (mean 17.36 Mbps)
  soldier__driving_B_2020.01.16_09.56.56__fixed3__win912__seed43.csv: 30 samples (mean 13.25 Mbps)
  soldier__driving_B_2020.01.16_09.56.56__fixed5__win912__seed43.csv: 30 samples (mean 4.74 Mbps)
  soldier__driving_B_2020.01.16_09.56.56__cycle__win912__seed43.csv: 30 samples (mean 8.76 Mbps)
  soldier__driving_B_2020.01.16_09.56.56__bandwidth__win912__seed43.csv: 30 samples (mean 4.74 Mbps)
  soldier__driving_B_2020.01.16_09.56.56__fixed1__win912__seed44.csv: 30 samples (mean 17.64 Mbps)
  soldier__driving_B_2020.01.16_09.56.56__fixed3__win912__seed44.csv: 30 samples (mean 13.10 Mbps)
  soldier__driving_B_2020.01.16_09.56.56__fixed5__win912__seed44.csv: 30 samples (mean 4.66 Mbps)
  soldier__driving_B_2020.01.16_09.56.56__cycle__win912__seed44.csv: 30 samples (mean 9.00 Mbps)
  soldier__driving_B_2020.01.16_09.56.56__bandwidth__win912__seed44.csv: 30 samples (mean 6.76 Mbps)
  soldier__driving_B_2020.01.16_09.56.56__fixed1__win1142__seed42.csv: 30 samples (mean 21.43 Mbps)
  soldier__driving_B_2020.01.16_09.56.56__fixed3__win1142__seed42.csv: 30 samples (mean 20.54 Mbps)
  soldier__driving_B_2020.01.16_09.56.56__fixed5__win1142__seed42.csv: 30 samples (mean 4.91 Mbps)
  soldier__driving_B_2020.01.16_09.56.56__cycle__win1142__seed42.csv: 30 samples (mean 16.34 Mbps)
  soldier__driving_B_2020.01.16_09.56.56__bandwidth__win1142__seed42.csv: 30 samples (mean 4.91 Mbps)
  soldier__driving_B_2020.01.16_09.56.56__fixed1__win1142__seed43.csv: 30 samples (mean 21.43 Mbps)
  soldier__driving_B_2020.01.16_09.56.56__fixed3__win1142__seed43.csv: 30 samples (mean 20.98 Mbps)
  soldier__driving_B_2020.01.16_09.56.56__fixed5__win1142__seed43.csv: 30 samples (mean 5.00 Mbps)
  soldier__driving_B_2020.01.16_09.56.56__cycle__win1142__seed43.csv: 30 samples (mean 16.38 Mbps)
  soldier__driving_B_2020.01.16_09.56.56__bandwidth__win1142__seed43.csv: 30 samples (mean 8.72 Mbps)
  soldier__driving_B_2020.01.16_09.56.56__fixed1__win1142__seed44.csv: 30 samples (mean 21.44 Mbps)
  soldier__driving_B_2020.01.16_09.56.56__fixed3__win1142__seed44.csv: 30 samples (mean 20.68 Mbps)
  soldier__driving_B_2020.01.16_09.56.56__fixed5__win1142__seed44.csv: 30 samples (mean 4.94 Mbps)
  soldier__driving_B_2020.01.16_09.56.56__cycle__win1142__seed44.csv: 30 samples (mean 16.51 Mbps)
  soldier__driving_B_2020.01.16_09.56.56__bandwidth__win1142__seed44.csv: 30 samples (mean 9.27 Mbps)
  soldier__driving_B_2020.01.16_09.56.56__fixed1__win1367__seed42.csv: 30 samples (mean 60.27 Mbps)
  soldier__driving_B_2020.01.16_09.56.56__fixed3__win1367__seed42.csv: 30 samples (mean 23.17 Mbps)
  soldier__driving_B_2020.01.16_09.56.56__fixed5__win1367__seed42.csv: 30 samples (mean 5.46 Mbps)
  soldier__driving_B_2020.01.16_09.56.56__cycle__win1367__seed42.csv: 30 samples (mean 29.69 Mbps)
  soldier__driving_B_2020.01.16_09.56.56__bandwidth__win1367__seed42.csv: 30 samples (mean 5.46 Mbps)
  soldier__driving_B_2020.01.16_09.56.56__fixed1__win1367__seed43.csv: 30 samples (mean 59.40 Mbps)
  soldier__driving_B_2020.01.16_09.56.56__fixed3__win1367__seed43.csv: 30 samples (mean 23.99 Mbps)
  soldier__driving_B_2020.01.16_09.56.56__fixed5__win1367__seed43.csv: 30 samples (mean 5.50 Mbps)
  soldier__driving_B_2020.01.16_09.56.56__cycle__win1367__seed43.csv: 30 samples (mean 29.68 Mbps)
  soldier__driving_B_2020.01.16_09.56.56__bandwidth__win1367__seed43.csv: 30 samples (mean 16.16 Mbps)
  soldier__driving_B_2020.01.16_09.56.56__fixed1__win1367__seed44.csv: 30 samples (mean 60.61 Mbps)
  soldier__driving_B_2020.01.16_09.56.56__fixed3__win1367__seed44.csv: 30 samples (mean 24.13 Mbps)
  soldier__driving_B_2020.01.16_09.56.56__fixed5__win1367__seed44.csv: 30 samples (mean 5.64 Mbps)
  soldier__driving_B_2020.01.16_09.56.56__cycle__win1367__seed44.csv: 30 samples (mean 29.33 Mbps)
  soldier__driving_B_2020.01.16_09.56.56__bandwidth__win1367__seed44.csv: 30 samples (mean 15.88 Mbps)
  soldier__driving_B_2020.01.16_09.56.56__fixed1__win1594__seed42.csv: 30 samples (mean 68.89 Mbps)
  soldier__driving_B_2020.01.16_09.56.56__fixed3__win1594__seed42.csv: 30 samples (mean 42.52 Mbps)
  soldier__driving_B_2020.01.16_09.56.56__fixed5__win1594__seed42.csv: 30 samples (mean 5.46 Mbps)
  soldier__driving_B_2020.01.16_09.56.56__cycle__win1594__seed42.csv: 30 samples (mean 30.13 Mbps)
  soldier__driving_B_2020.01.16_09.56.56__bandwidth__win1594__seed42.csv: 30 samples (mean 5.46 Mbps)
  soldier__driving_B_2020.01.16_09.56.56__fixed1__win1594__seed43.csv: 30 samples (mean 67.19 Mbps)
  soldier__driving_B_2020.01.16_09.56.56__fixed3__win1594__seed43.csv: 30 samples (mean 42.87 Mbps)
  soldier__driving_B_2020.01.16_09.56.56__fixed5__win1594__seed43.csv: 30 samples (mean 5.50 Mbps)
  soldier__driving_B_2020.01.16_09.56.56__cycle__win1594__seed43.csv: 30 samples (mean 31.00 Mbps)
  soldier__driving_B_2020.01.16_09.56.56__bandwidth__win1594__seed43.csv: 30 samples (mean 15.22 Mbps)
  soldier__driving_B_2020.01.16_09.56.56__fixed1__win1594__seed44.csv: 30 samples (mean 69.13 Mbps)
  soldier__driving_B_2020.01.16_09.56.56__fixed3__win1594__seed44.csv: 30 samples (mean 44.97 Mbps)
  soldier__driving_B_2020.01.16_09.56.56__fixed5__win1594__seed44.csv: 30 samples (mean 5.64 Mbps)
  soldier__driving_B_2020.01.16_09.56.56__cycle__win1594__seed44.csv: 30 samples (mean 30.65 Mbps)
  soldier__driving_B_2020.01.16_09.56.56__bandwidth__win1594__seed44.csv: 30 samples (mean 15.42 Mbps)
  soldier__driving_B_2020.01.16_12.10.03__fixed1__win0__seed42.csv: 30 samples (mean 133.85 Mbps)
  soldier__driving_B_2020.01.16_12.10.03__fixed3__win0__seed42.csv: 30 samples (mean 78.68 Mbps)
  soldier__driving_B_2020.01.16_12.10.03__fixed5__win0__seed42.csv: 30 samples (mean 5.57 Mbps)
  soldier__driving_B_2020.01.16_12.10.03__cycle__win0__seed42.csv: 30 samples (mean 90.28 Mbps)
  soldier__driving_B_2020.01.16_12.10.03__bandwidth__win0__seed42.csv: 30 samples (mean 5.57 Mbps)
  soldier__driving_B_2020.01.16_12.10.03__fixed1__win0__seed43.csv: 30 samples (mean 135.64 Mbps)
  soldier__driving_B_2020.01.16_12.10.03__fixed3__win0__seed43.csv: 30 samples (mean 79.64 Mbps)
  soldier__driving_B_2020.01.16_12.10.03__fixed5__win0__seed43.csv: 30 samples (mean 5.46 Mbps)
  soldier__driving_B_2020.01.16_12.10.03__cycle__win0__seed43.csv: 30 samples (mean 90.24 Mbps)
  soldier__driving_B_2020.01.16_12.10.03__bandwidth__win0__seed43.csv: 30 samples (mean 5.46 Mbps)
  soldier__driving_B_2020.01.16_12.10.03__fixed1__win0__seed44.csv: 30 samples (mean 134.73 Mbps)
  soldier__driving_B_2020.01.16_12.10.03__fixed3__win0__seed44.csv: 30 samples (mean 77.78 Mbps)
  soldier__driving_B_2020.01.16_12.10.03__fixed5__win0__seed44.csv: 30 samples (mean 5.52 Mbps)
  soldier__driving_B_2020.01.16_12.10.03__cycle__win0__seed44.csv: 30 samples (mean 90.29 Mbps)
  soldier__driving_B_2020.01.16_12.10.03__bandwidth__win0__seed44.csv: 30 samples (mean 10.14 Mbps)
  soldier__driving_B_2020.01.16_12.10.03__fixed1__win58__seed42.csv: 30 samples (mean 92.23 Mbps)
  soldier__driving_B_2020.01.16_12.10.03__fixed3__win58__seed42.csv: 30 samples (mean 28.00 Mbps)
  soldier__driving_B_2020.01.16_12.10.03__fixed5__win58__seed42.csv: 30 samples (mean 5.46 Mbps)
  soldier__driving_B_2020.01.16_12.10.03__cycle__win58__seed42.csv: 30 samples (mean 58.47 Mbps)
  soldier__driving_B_2020.01.16_12.10.03__bandwidth__win58__seed42.csv: 30 samples (mean 5.46 Mbps)
  soldier__driving_B_2020.01.16_12.10.03__fixed1__win58__seed43.csv: 30 samples (mean 93.88 Mbps)
  soldier__driving_B_2020.01.16_12.10.03__fixed3__win58__seed43.csv: 30 samples (mean 27.92 Mbps)
  soldier__driving_B_2020.01.16_12.10.03__fixed5__win58__seed43.csv: 30 samples (mean 5.50 Mbps)
  soldier__driving_B_2020.01.16_12.10.03__cycle__win58__seed43.csv: 30 samples (mean 59.27 Mbps)
  soldier__driving_B_2020.01.16_12.10.03__bandwidth__win58__seed43.csv: 30 samples (mean 8.89 Mbps)
  soldier__driving_B_2020.01.16_12.10.03__fixed1__win58__seed44.csv: 30 samples (mean 93.44 Mbps)
  soldier__driving_B_2020.01.16_12.10.03__fixed3__win58__seed44.csv: 30 samples (mean 26.78 Mbps)
  soldier__driving_B_2020.01.16_12.10.03__fixed5__win58__seed44.csv: 30 samples (mean 5.64 Mbps)
  soldier__driving_B_2020.01.16_12.10.03__cycle__win58__seed44.csv: 30 samples (mean 60.08 Mbps)
  soldier__driving_B_2020.01.16_12.10.03__bandwidth__win58__seed44.csv: 30 samples (mean 9.03 Mbps)
  soldier__driving_B_2020.01.16_12.10.03__fixed1__win114__seed42.csv: 30 samples (mean 113.83 Mbps)
  soldier__driving_B_2020.01.16_12.10.03__fixed3__win114__seed42.csv: 30 samples (mean 76.17 Mbps)
  soldier__driving_B_2020.01.16_12.10.03__fixed5__win114__seed42.csv: 30 samples (mean 5.46 Mbps)
  soldier__driving_B_2020.01.16_12.10.03__cycle__win114__seed42.csv: 30 samples (mean 67.40 Mbps)
  soldier__driving_B_2020.01.16_12.10.03__bandwidth__win114__seed42.csv: 30 samples (mean 5.46 Mbps)
  soldier__driving_B_2020.01.16_12.10.03__fixed1__win114__seed43.csv: 30 samples (mean 116.61 Mbps)
  soldier__driving_B_2020.01.16_12.10.03__fixed3__win114__seed43.csv: 30 samples (mean 77.55 Mbps)
  soldier__driving_B_2020.01.16_12.10.03__fixed5__win114__seed43.csv: 30 samples (mean 5.50 Mbps)
  soldier__driving_B_2020.01.16_12.10.03__cycle__win114__seed43.csv: 30 samples (mean 66.82 Mbps)
  soldier__driving_B_2020.01.16_12.10.03__bandwidth__win114__seed43.csv: 30 samples (mean 16.16 Mbps)
  soldier__driving_B_2020.01.16_12.10.03__fixed1__win114__seed44.csv: 30 samples (mean 115.82 Mbps)
  soldier__driving_B_2020.01.16_12.10.03__fixed3__win114__seed44.csv: 30 samples (mean 77.94 Mbps)
  soldier__driving_B_2020.01.16_12.10.03__fixed5__win114__seed44.csv: 30 samples (mean 5.64 Mbps)
  soldier__driving_B_2020.01.16_12.10.03__cycle__win114__seed44.csv: 30 samples (mean 64.76 Mbps)
  soldier__driving_B_2020.01.16_12.10.03__bandwidth__win114__seed44.csv: 30 samples (mean 15.88 Mbps)
  soldier__driving_B_2020.01.16_12.10.03__fixed1__win171__seed42.csv: 30 samples (mean 129.99 Mbps)
  soldier__driving_B_2020.01.16_12.10.03__fixed3__win171__seed42.csv: 30 samples (mean 66.49 Mbps)
  soldier__driving_B_2020.01.16_12.10.03__fixed5__win171__seed42.csv: 30 samples (mean 5.29 Mbps)
  soldier__driving_B_2020.01.16_12.10.03__cycle__win171__seed42.csv: 30 samples (mean 90.55 Mbps)
  soldier__driving_B_2020.01.16_12.10.03__bandwidth__win171__seed42.csv: 30 samples (mean 5.29 Mbps)
  soldier__driving_B_2020.01.16_12.10.03__fixed1__win171__seed43.csv: 30 samples (mean 129.96 Mbps)
  soldier__driving_B_2020.01.16_12.10.03__fixed3__win171__seed43.csv: 30 samples (mean 67.22 Mbps)
  soldier__driving_B_2020.01.16_12.10.03__fixed5__win171__seed43.csv: 30 samples (mean 5.31 Mbps)
  soldier__driving_B_2020.01.16_12.10.03__cycle__win171__seed43.csv: 30 samples (mean 88.60 Mbps)
  soldier__driving_B_2020.01.16_12.10.03__bandwidth__win171__seed43.csv: 30 samples (mean 15.26 Mbps)
  soldier__driving_B_2020.01.16_12.10.03__fixed1__win171__seed44.csv: 30 samples (mean 130.53 Mbps)
  soldier__driving_B_2020.01.16_12.10.03__fixed3__win171__seed44.csv: 30 samples (mean 67.87 Mbps)
  soldier__driving_B_2020.01.16_12.10.03__fixed5__win171__seed44.csv: 30 samples (mean 5.38 Mbps)
  soldier__driving_B_2020.01.16_12.10.03__cycle__win171__seed44.csv: 30 samples (mean 89.76 Mbps)
  soldier__driving_B_2020.01.16_12.10.03__bandwidth__win171__seed44.csv: 30 samples (mean 15.12 Mbps)
  soldier__driving_B_2020.01.16_12.10.03__fixed1__win229__seed42.csv: 30 samples (mean 127.59 Mbps)
  soldier__driving_B_2020.01.16_12.10.03__fixed3__win229__seed42.csv: 30 samples (mean 76.17 Mbps)
  soldier__driving_B_2020.01.16_12.10.03__fixed5__win229__seed42.csv: 30 samples (mean 5.46 Mbps)
  soldier__driving_B_2020.01.16_12.10.03__cycle__win229__seed42.csv: 30 samples (mean 77.82 Mbps)
  soldier__driving_B_2020.01.16_12.10.03__bandwidth__win229__seed42.csv: 30 samples (mean 5.46 Mbps)
  soldier__driving_B_2020.01.16_12.10.03__fixed1__win229__seed43.csv: 30 samples (mean 127.85 Mbps)
  soldier__driving_B_2020.01.16_12.10.03__fixed3__win229__seed43.csv: 30 samples (mean 77.55 Mbps)
  soldier__driving_B_2020.01.16_12.10.03__fixed5__win229__seed43.csv: 30 samples (mean 5.50 Mbps)
  soldier__driving_B_2020.01.16_12.10.03__cycle__win229__seed43.csv: 30 samples (mean 83.96 Mbps)
  soldier__driving_B_2020.01.16_12.10.03__bandwidth__win229__seed43.csv: 30 samples (mean 16.16 Mbps)
  soldier__driving_B_2020.01.16_12.10.03__fixed1__win229__seed44.csv: 30 samples (mean 127.85 Mbps)
  soldier__driving_B_2020.01.16_12.10.03__fixed3__win229__seed44.csv: 30 samples (mean 77.94 Mbps)
  soldier__driving_B_2020.01.16_12.10.03__fixed5__win229__seed44.csv: 30 samples (mean 5.64 Mbps)
  soldier__driving_B_2020.01.16_12.10.03__cycle__win229__seed44.csv: 30 samples (mean 85.29 Mbps)
  soldier__driving_B_2020.01.16_12.10.03__bandwidth__win229__seed44.csv: 30 samples (mean 15.88 Mbps)
  soldier__driving_B_2020.01.16_12.10.03__fixed1__win286__seed42.csv: 30 samples (mean 54.81 Mbps)
  soldier__driving_B_2020.01.16_12.10.03__fixed3__win286__seed42.csv: 30 samples (mean 24.28 Mbps)
  soldier__driving_B_2020.01.16_12.10.03__fixed5__win286__seed42.csv: 30 samples (mean 5.46 Mbps)
  soldier__driving_B_2020.01.16_12.10.03__cycle__win286__seed42.csv: 30 samples (mean 32.28 Mbps)
  soldier__driving_B_2020.01.16_12.10.03__bandwidth__win286__seed42.csv: 30 samples (mean 5.46 Mbps)
  soldier__driving_B_2020.01.16_12.10.03__fixed1__win286__seed43.csv: 30 samples (mean 52.85 Mbps)
  soldier__driving_B_2020.01.16_12.10.03__fixed3__win286__seed43.csv: 30 samples (mean 24.59 Mbps)
  soldier__driving_B_2020.01.16_12.10.03__fixed5__win286__seed43.csv: 30 samples (mean 5.50 Mbps)
  soldier__driving_B_2020.01.16_12.10.03__cycle__win286__seed43.csv: 30 samples (mean 32.56 Mbps)
  soldier__driving_B_2020.01.16_12.10.03__bandwidth__win286__seed43.csv: 30 samples (mean 16.16 Mbps)
  soldier__driving_B_2020.01.16_12.10.03__fixed1__win286__seed44.csv: 30 samples (mean 53.60 Mbps)
  soldier__driving_B_2020.01.16_12.10.03__fixed3__win286__seed44.csv: 30 samples (mean 24.24 Mbps)
  soldier__driving_B_2020.01.16_12.10.03__fixed5__win286__seed44.csv: 30 samples (mean 5.64 Mbps)
  soldier__driving_B_2020.01.16_12.10.03__cycle__win286__seed44.csv: 30 samples (mean 34.16 Mbps)
  soldier__driving_B_2020.01.16_12.10.03__bandwidth__win286__seed44.csv: 30 samples (mean 15.88 Mbps)
  soldier__driving_B_2020.01.16_12.10.03__fixed1__win344__seed42.csv: 30 samples (mean 123.34 Mbps)
  soldier__driving_B_2020.01.16_12.10.03__fixed3__win344__seed42.csv: 30 samples (mean 62.29 Mbps)
  soldier__driving_B_2020.01.16_12.10.03__fixed5__win344__seed42.csv: 30 samples (mean 5.29 Mbps)
  soldier__driving_B_2020.01.16_12.10.03__cycle__win344__seed42.csv: 30 samples (mean 70.91 Mbps)
  soldier__driving_B_2020.01.16_12.10.03__bandwidth__win344__seed42.csv: 30 samples (mean 5.29 Mbps)
  soldier__driving_B_2020.01.16_12.10.03__fixed1__win344__seed43.csv: 30 samples (mean 125.03 Mbps)
  soldier__driving_B_2020.01.16_12.10.03__fixed3__win344__seed43.csv: 30 samples (mean 59.21 Mbps)
  soldier__driving_B_2020.01.16_12.10.03__fixed5__win344__seed43.csv: 30 samples (mean 5.31 Mbps)
  soldier__driving_B_2020.01.16_12.10.03__cycle__win344__seed43.csv: 30 samples (mean 69.48 Mbps)
  soldier__driving_B_2020.01.16_12.10.03__bandwidth__win344__seed43.csv: 30 samples (mean 12.87 Mbps)
  soldier__driving_B_2020.01.16_12.10.03__fixed1__win344__seed44.csv: 30 samples (mean 122.98 Mbps)
  soldier__driving_B_2020.01.16_12.10.03__fixed3__win344__seed44.csv: 30 samples (mean 61.42 Mbps)
  soldier__driving_B_2020.01.16_12.10.03__fixed5__win344__seed44.csv: 30 samples (mean 5.38 Mbps)
  soldier__driving_B_2020.01.16_12.10.03__cycle__win344__seed44.csv: 30 samples (mean 71.62 Mbps)
  soldier__driving_B_2020.01.16_12.10.03__bandwidth__win344__seed44.csv: 30 samples (mean 12.83 Mbps)
  soldier__driving_B_2020.02.13_13.03.24__fixed1__win0__seed42.csv: 30 samples (mean 9.63 Mbps)
  soldier__driving_B_2020.02.13_13.03.24__fixed3__win0__seed42.csv: 30 samples (mean 11.21 Mbps)
  soldier__driving_B_2020.02.13_13.03.24__fixed5__win0__seed42.csv: 30 samples (mean 4.61 Mbps)
  soldier__driving_B_2020.02.13_13.03.24__cycle__win0__seed42.csv: 30 samples (mean 8.69 Mbps)
  soldier__driving_B_2020.02.13_13.03.24__bandwidth__win0__seed42.csv: 30 samples (mean 6.82 Mbps)
  soldier__driving_B_2020.02.13_13.03.24__fixed1__win0__seed43.csv: 30 samples (mean 9.63 Mbps)
  soldier__driving_B_2020.02.13_13.03.24__fixed3__win0__seed43.csv: 30 samples (mean 11.21 Mbps)
  soldier__driving_B_2020.02.13_13.03.24__fixed5__win0__seed43.csv: 30 samples (mean 4.59 Mbps)
  soldier__driving_B_2020.02.13_13.03.24__cycle__win0__seed43.csv: 30 samples (mean 9.10 Mbps)
  soldier__driving_B_2020.02.13_13.03.24__bandwidth__win0__seed43.csv: 30 samples (mean 4.59 Mbps)
  soldier__driving_B_2020.02.13_13.03.24__fixed1__win0__seed44.csv: 30 samples (mean 9.69 Mbps)
  soldier__driving_B_2020.02.13_13.03.24__fixed3__win0__seed44.csv: 30 samples (mean 11.13 Mbps)
  soldier__driving_B_2020.02.13_13.03.24__fixed5__win0__seed44.csv: 30 samples (mean 4.52 Mbps)
  soldier__driving_B_2020.02.13_13.03.24__cycle__win0__seed44.csv: 30 samples (mean 8.77 Mbps)
  soldier__driving_B_2020.02.13_13.03.24__bandwidth__win0__seed44.csv: 30 samples (mean 4.52 Mbps)
  soldier__driving_B_2020.02.13_13.03.24__fixed1__win217__seed42.csv: 30 samples (mean 10.02 Mbps)
  soldier__driving_B_2020.02.13_13.03.24__fixed3__win217__seed42.csv: 30 samples (mean 8.44 Mbps)
  soldier__driving_B_2020.02.13_13.03.24__fixed5__win217__seed42.csv: 30 samples (mean 4.16 Mbps)
  soldier__driving_B_2020.02.13_13.03.24__cycle__win217__seed42.csv: 30 samples (mean 10.12 Mbps)
  soldier__driving_B_2020.02.13_13.03.24__bandwidth__win217__seed42.csv: 30 samples (mean 4.42 Mbps)
  soldier__driving_B_2020.02.13_13.03.24__fixed1__win217__seed43.csv: 30 samples (mean 10.02 Mbps)
  soldier__driving_B_2020.02.13_13.03.24__fixed3__win217__seed43.csv: 30 samples (mean 8.49 Mbps)
  soldier__driving_B_2020.02.13_13.03.24__fixed5__win217__seed43.csv: 30 samples (mean 4.28 Mbps)
  soldier__driving_B_2020.02.13_13.03.24__cycle__win217__seed43.csv: 30 samples (mean 10.14 Mbps)
  soldier__driving_B_2020.02.13_13.03.24__bandwidth__win217__seed43.csv: 30 samples (mean 4.28 Mbps)
  soldier__driving_B_2020.02.13_13.03.24__fixed1__win217__seed44.csv: 30 samples (mean 10.01 Mbps)
  soldier__driving_B_2020.02.13_13.03.24__fixed3__win217__seed44.csv: 30 samples (mean 8.48 Mbps)
  soldier__driving_B_2020.02.13_13.03.24__fixed5__win217__seed44.csv: 30 samples (mean 4.34 Mbps)
  soldier__driving_B_2020.02.13_13.03.24__cycle__win217__seed44.csv: 30 samples (mean 10.18 Mbps)
  soldier__driving_B_2020.02.13_13.03.24__bandwidth__win217__seed44.csv: 30 samples (mean 4.63 Mbps)
  soldier__driving_B_2020.02.13_13.03.24__fixed1__win483__seed42.csv: 30 samples (mean 8.98 Mbps)
  soldier__driving_B_2020.02.13_13.03.24__fixed3__win483__seed42.csv: 30 samples (mean 9.51 Mbps)
  soldier__driving_B_2020.02.13_13.03.24__fixed5__win483__seed42.csv: 30 samples (mean 5.46 Mbps)
  soldier__driving_B_2020.02.13_13.03.24__cycle__win483__seed42.csv: 30 samples (mean 7.62 Mbps)
  soldier__driving_B_2020.02.13_13.03.24__bandwidth__win483__seed42.csv: 30 samples (mean 5.46 Mbps)
  soldier__driving_B_2020.02.13_13.03.24__fixed1__win483__seed43.csv: 30 samples (mean 8.94 Mbps)
  soldier__driving_B_2020.02.13_13.03.24__fixed3__win483__seed43.csv: 30 samples (mean 10.05 Mbps)
  soldier__driving_B_2020.02.13_13.03.24__fixed5__win483__seed43.csv: 30 samples (mean 5.50 Mbps)
  soldier__driving_B_2020.02.13_13.03.24__cycle__win483__seed43.csv: 30 samples (mean 7.63 Mbps)
  soldier__driving_B_2020.02.13_13.03.24__bandwidth__win483__seed43.csv: 30 samples (mean 7.35 Mbps)
  soldier__driving_B_2020.02.13_13.03.24__fixed1__win483__seed44.csv: 30 samples (mean 8.99 Mbps)
  soldier__driving_B_2020.02.13_13.03.24__fixed3__win483__seed44.csv: 30 samples (mean 9.55 Mbps)
  soldier__driving_B_2020.02.13_13.03.24__fixed5__win483__seed44.csv: 30 samples (mean 5.64 Mbps)
  soldier__driving_B_2020.02.13_13.03.24__cycle__win483__seed44.csv: 30 samples (mean 7.55 Mbps)
  soldier__driving_B_2020.02.13_13.03.24__bandwidth__win483__seed44.csv: 30 samples (mean 7.00 Mbps)
  soldier__driving_B_2020.02.13_13.03.24__fixed1__win806__seed42.csv: 30 samples (mean 8.20 Mbps)
  soldier__driving_B_2020.02.13_13.03.24__fixed3__win806__seed42.csv: 30 samples (mean 11.52 Mbps)
  soldier__driving_B_2020.02.13_13.03.24__fixed5__win806__seed42.csv: 30 samples (mean 5.16 Mbps)
  soldier__driving_B_2020.02.13_13.03.24__cycle__win806__seed42.csv: 30 samples (mean 7.71 Mbps)
  soldier__driving_B_2020.02.13_13.03.24__bandwidth__win806__seed42.csv: 30 samples (mean 5.16 Mbps)
  soldier__driving_B_2020.02.13_13.03.24__fixed1__win806__seed43.csv: 30 samples (mean 8.19 Mbps)
  soldier__driving_B_2020.02.13_13.03.24__fixed3__win806__seed43.csv: 30 samples (mean 11.74 Mbps)
  soldier__driving_B_2020.02.13_13.03.24__fixed5__win806__seed43.csv: 30 samples (mean 5.17 Mbps)
  soldier__driving_B_2020.02.13_13.03.24__cycle__win806__seed43.csv: 30 samples (mean 7.73 Mbps)
  soldier__driving_B_2020.02.13_13.03.24__bandwidth__win806__seed43.csv: 30 samples (mean 6.39 Mbps)
  soldier__driving_B_2020.02.13_13.03.24__fixed1__win806__seed44.csv: 30 samples (mean 8.19 Mbps)
  soldier__driving_B_2020.02.13_13.03.24__fixed3__win806__seed44.csv: 30 samples (mean 11.54 Mbps)
  soldier__driving_B_2020.02.13_13.03.24__fixed5__win806__seed44.csv: 30 samples (mean 5.26 Mbps)
  soldier__driving_B_2020.02.13_13.03.24__cycle__win806__seed44.csv: 30 samples (mean 7.80 Mbps)
  soldier__driving_B_2020.02.13_13.03.24__bandwidth__win806__seed44.csv: 30 samples (mean 6.41 Mbps)
  soldier__driving_B_2020.02.13_13.03.24__fixed1__win1077__seed42.csv: 30 samples (mean 6.31 Mbps)
  soldier__driving_B_2020.02.13_13.03.24__fixed3__win1077__seed42.csv: 30 samples (mean 7.32 Mbps)
  soldier__driving_B_2020.02.13_13.03.24__fixed5__win1077__seed42.csv: 30 samples (mean 5.46 Mbps)
  soldier__driving_B_2020.02.13_13.03.24__cycle__win1077__seed42.csv: 30 samples (mean 5.45 Mbps)
  soldier__driving_B_2020.02.13_13.03.24__bandwidth__win1077__seed42.csv: 30 samples (mean 5.46 Mbps)
  soldier__driving_B_2020.02.13_13.03.24__fixed1__win1077__seed43.csv: 30 samples (mean 6.34 Mbps)
  soldier__driving_B_2020.02.13_13.03.24__fixed3__win1077__seed43.csv: 30 samples (mean 7.26 Mbps)
  soldier__driving_B_2020.02.13_13.03.24__fixed5__win1077__seed43.csv: 30 samples (mean 5.50 Mbps)
  soldier__driving_B_2020.02.13_13.03.24__cycle__win1077__seed43.csv: 30 samples (mean 5.48 Mbps)
  soldier__driving_B_2020.02.13_13.03.24__bandwidth__win1077__seed43.csv: 30 samples (mean 6.84 Mbps)
  soldier__driving_B_2020.02.13_13.03.24__fixed1__win1077__seed44.csv: 30 samples (mean 6.34 Mbps)
  soldier__driving_B_2020.02.13_13.03.24__fixed3__win1077__seed44.csv: 30 samples (mean 7.24 Mbps)
  soldier__driving_B_2020.02.13_13.03.24__fixed5__win1077__seed44.csv: 30 samples (mean 5.64 Mbps)
  soldier__driving_B_2020.02.13_13.03.24__cycle__win1077__seed44.csv: 30 samples (mean 5.33 Mbps)
  soldier__driving_B_2020.02.13_13.03.24__bandwidth__win1077__seed44.csv: 30 samples (mean 7.01 Mbps)
  soldier__driving_B_2020.02.13_13.03.24__fixed1__win1283__seed42.csv: 30 samples (mean 7.40 Mbps)
  soldier__driving_B_2020.02.13_13.03.24__fixed3__win1283__seed42.csv: 30 samples (mean 6.41 Mbps)
  soldier__driving_B_2020.02.13_13.03.24__fixed5__win1283__seed42.csv: 30 samples (mean 4.05 Mbps)
  soldier__driving_B_2020.02.13_13.03.24__cycle__win1283__seed42.csv: 30 samples (mean 6.14 Mbps)
  soldier__driving_B_2020.02.13_13.03.24__bandwidth__win1283__seed42.csv: 30 samples (mean 4.05 Mbps)
  soldier__driving_B_2020.02.13_13.03.24__fixed1__win1283__seed43.csv: 30 samples (mean 7.43 Mbps)
  soldier__driving_B_2020.02.13_13.03.24__fixed3__win1283__seed43.csv: 30 samples (mean 6.35 Mbps)
  soldier__driving_B_2020.02.13_13.03.24__fixed5__win1283__seed43.csv: 30 samples (mean 4.07 Mbps)
  soldier__driving_B_2020.02.13_13.03.24__cycle__win1283__seed43.csv: 30 samples (mean 6.05 Mbps)
  soldier__driving_B_2020.02.13_13.03.24__bandwidth__win1283__seed43.csv: 30 samples (mean 4.07 Mbps)
  soldier__driving_B_2020.02.13_13.03.24__fixed1__win1283__seed44.csv: 30 samples (mean 7.42 Mbps)
  soldier__driving_B_2020.02.13_13.03.24__fixed3__win1283__seed44.csv: 30 samples (mean 6.38 Mbps)
  soldier__driving_B_2020.02.13_13.03.24__fixed5__win1283__seed44.csv: 30 samples (mean 4.10 Mbps)
  soldier__driving_B_2020.02.13_13.03.24__cycle__win1283__seed44.csv: 30 samples (mean 6.04 Mbps)
  soldier__driving_B_2020.02.13_13.03.24__bandwidth__win1283__seed44.csv: 30 samples (mean 4.10 Mbps)
  soldier__driving_B_2020.02.13_13.03.24__fixed1__win1556__seed42.csv: 30 samples (mean 9.46 Mbps)
  soldier__driving_B_2020.02.13_13.03.24__fixed3__win1556__seed42.csv: 30 samples (mean 6.70 Mbps)
  soldier__driving_B_2020.02.13_13.03.24__fixed5__win1556__seed42.csv: 30 samples (mean 3.76 Mbps)
  soldier__driving_B_2020.02.13_13.03.24__cycle__win1556__seed42.csv: 30 samples (mean 6.08 Mbps)
  soldier__driving_B_2020.02.13_13.03.24__bandwidth__win1556__seed42.csv: 30 samples (mean 3.94 Mbps)
  soldier__driving_B_2020.02.13_13.03.24__fixed1__win1556__seed43.csv: 30 samples (mean 9.54 Mbps)
  soldier__driving_B_2020.02.13_13.03.24__fixed3__win1556__seed43.csv: 30 samples (mean 6.73 Mbps)
  soldier__driving_B_2020.02.13_13.03.24__fixed5__win1556__seed43.csv: 30 samples (mean 3.81 Mbps)
  soldier__driving_B_2020.02.13_13.03.24__cycle__win1556__seed43.csv: 30 samples (mean 5.94 Mbps)
  soldier__driving_B_2020.02.13_13.03.24__bandwidth__win1556__seed43.csv: 30 samples (mean 3.81 Mbps)
  soldier__driving_B_2020.02.13_13.03.24__fixed1__win1556__seed44.csv: 30 samples (mean 9.63 Mbps)
  soldier__driving_B_2020.02.13_13.03.24__fixed3__win1556__seed44.csv: 30 samples (mean 6.73 Mbps)
  soldier__driving_B_2020.02.13_13.03.24__fixed5__win1556__seed44.csv: 30 samples (mean 3.77 Mbps)
  soldier__driving_B_2020.02.13_13.03.24__cycle__win1556__seed44.csv: 30 samples (mean 6.12 Mbps)
  soldier__driving_B_2020.02.13_13.03.24__bandwidth__win1556__seed44.csv: 30 samples (mean 3.89 Mbps)
  soldier__driving_B_2020.02.13_13.03.24__fixed1__win1954__seed42.csv: 30 samples (mean 4.03 Mbps)
  soldier__driving_B_2020.02.13_13.03.24__fixed3__win1954__seed42.csv: 30 samples (mean 4.39 Mbps)
  soldier__driving_B_2020.02.13_13.03.24__fixed5__win1954__seed42.csv: 30 samples (mean 1.27 Mbps)
  soldier__driving_B_2020.02.13_13.03.24__cycle__win1954__seed42.csv: 30 samples (mean 4.70 Mbps)
  soldier__driving_B_2020.02.13_13.03.24__bandwidth__win1954__seed42.csv: 30 samples (mean 1.27 Mbps)
  soldier__driving_B_2020.02.13_13.03.24__fixed1__win1954__seed43.csv: 30 samples (mean 4.03 Mbps)
  soldier__driving_B_2020.02.13_13.03.24__fixed3__win1954__seed43.csv: 30 samples (mean 4.43 Mbps)
  soldier__driving_B_2020.02.13_13.03.24__fixed5__win1954__seed43.csv: 30 samples (mean 1.23 Mbps)
  soldier__driving_B_2020.02.13_13.03.24__cycle__win1954__seed43.csv: 30 samples (mean 4.49 Mbps)
  soldier__driving_B_2020.02.13_13.03.24__bandwidth__win1954__seed43.csv: 30 samples (mean 1.23 Mbps)
  soldier__driving_B_2020.02.13_13.03.24__fixed1__win1954__seed44.csv: 30 samples (mean 4.04 Mbps)
  soldier__driving_B_2020.02.13_13.03.24__fixed3__win1954__seed44.csv: 30 samples (mean 4.38 Mbps)
  soldier__driving_B_2020.02.13_13.03.24__fixed5__win1954__seed44.csv: 30 samples (mean 1.20 Mbps)
  soldier__driving_B_2020.02.13_13.03.24__cycle__win1954__seed44.csv: 30 samples (mean 4.67 Mbps)
  soldier__driving_B_2020.02.13_13.03.24__bandwidth__win1954__seed44.csv: 30 samples (mean 1.20 Mbps)
  soldier__driving_B_2020.02.13_15.02.01__fixed1__win0__seed42.csv: 30 samples (mean 78.60 Mbps)
  soldier__driving_B_2020.02.13_15.02.01__fixed3__win0__seed42.csv: 30 samples (mean 42.08 Mbps)
  soldier__driving_B_2020.02.13_15.02.01__fixed5__win0__seed42.csv: 30 samples (mean 5.52 Mbps)
  soldier__driving_B_2020.02.13_15.02.01__cycle__win0__seed42.csv: 30 samples (mean 53.38 Mbps)
  soldier__driving_B_2020.02.13_15.02.01__bandwidth__win0__seed42.csv: 30 samples (mean 5.52 Mbps)
  soldier__driving_B_2020.02.13_15.02.01__fixed1__win0__seed43.csv: 30 samples (mean 79.28 Mbps)
  soldier__driving_B_2020.02.13_15.02.01__fixed3__win0__seed43.csv: 30 samples (mean 41.31 Mbps)
  soldier__driving_B_2020.02.13_15.02.01__fixed5__win0__seed43.csv: 30 samples (mean 5.50 Mbps)
  soldier__driving_B_2020.02.13_15.02.01__cycle__win0__seed43.csv: 30 samples (mean 51.74 Mbps)
  soldier__driving_B_2020.02.13_15.02.01__bandwidth__win0__seed43.csv: 30 samples (mean 5.50 Mbps)
  soldier__driving_B_2020.02.13_15.02.01__fixed1__win0__seed44.csv: 30 samples (mean 78.84 Mbps)
  soldier__driving_B_2020.02.13_15.02.01__fixed3__win0__seed44.csv: 30 samples (mean 42.00 Mbps)
  soldier__driving_B_2020.02.13_15.02.01__fixed5__win0__seed44.csv: 30 samples (mean 5.40 Mbps)
  soldier__driving_B_2020.02.13_15.02.01__cycle__win0__seed44.csv: 30 samples (mean 51.28 Mbps)
  soldier__driving_B_2020.02.13_15.02.01__bandwidth__win0__seed44.csv: 30 samples (mean 5.40 Mbps)
  soldier__driving_B_2020.02.13_15.02.01__fixed1__win378__seed42.csv: 30 samples (mean 134.75 Mbps)
  soldier__driving_B_2020.02.13_15.02.01__fixed3__win378__seed42.csv: 30 samples (mean 72.63 Mbps)
  soldier__driving_B_2020.02.13_15.02.01__fixed5__win378__seed42.csv: 30 samples (mean 5.47 Mbps)
  soldier__driving_B_2020.02.13_15.02.01__cycle__win378__seed42.csv: 30 samples (mean 82.52 Mbps)
  soldier__driving_B_2020.02.13_15.02.01__bandwidth__win378__seed42.csv: 30 samples (mean 5.47 Mbps)
  soldier__driving_B_2020.02.13_15.02.01__fixed1__win378__seed43.csv: 30 samples (mean 134.78 Mbps)
  soldier__driving_B_2020.02.13_15.02.01__fixed3__win378__seed43.csv: 30 samples (mean 73.19 Mbps)
  soldier__driving_B_2020.02.13_15.02.01__fixed5__win378__seed43.csv: 30 samples (mean 5.45 Mbps)
  soldier__driving_B_2020.02.13_15.02.01__cycle__win378__seed43.csv: 30 samples (mean 78.19 Mbps)
  soldier__driving_B_2020.02.13_15.02.01__bandwidth__win378__seed43.csv: 30 samples (mean 5.45 Mbps)
  soldier__driving_B_2020.02.13_15.02.01__fixed1__win378__seed44.csv: 30 samples (mean 136.10 Mbps)
  soldier__driving_B_2020.02.13_15.02.01__fixed3__win378__seed44.csv: 30 samples (mean 72.23 Mbps)
  soldier__driving_B_2020.02.13_15.02.01__fixed5__win378__seed44.csv: 30 samples (mean 5.52 Mbps)
  soldier__driving_B_2020.02.13_15.02.01__cycle__win378__seed44.csv: 30 samples (mean 75.44 Mbps)
  soldier__driving_B_2020.02.13_15.02.01__bandwidth__win378__seed44.csv: 30 samples (mean 15.67 Mbps)
  soldier__driving_B_2020.02.13_15.02.01__fixed1__win764__seed42.csv: 30 samples (mean 22.04 Mbps)
  soldier__driving_B_2020.02.13_15.02.01__fixed3__win764__seed42.csv: 30 samples (mean 13.29 Mbps)
  soldier__driving_B_2020.02.13_15.02.01__fixed5__win764__seed42.csv: 30 samples (mean 5.46 Mbps)
  soldier__driving_B_2020.02.13_15.02.01__cycle__win764__seed42.csv: 30 samples (mean 16.24 Mbps)
  soldier__driving_B_2020.02.13_15.02.01__bandwidth__win764__seed42.csv: 30 samples (mean 5.46 Mbps)
  soldier__driving_B_2020.02.13_15.02.01__fixed1__win764__seed43.csv: 30 samples (mean 21.34 Mbps)
  soldier__driving_B_2020.02.13_15.02.01__fixed3__win764__seed43.csv: 30 samples (mean 13.20 Mbps)
  soldier__driving_B_2020.02.13_15.02.01__fixed5__win764__seed43.csv: 30 samples (mean 5.50 Mbps)
  soldier__driving_B_2020.02.13_15.02.01__cycle__win764__seed43.csv: 30 samples (mean 15.93 Mbps)
  soldier__driving_B_2020.02.13_15.02.01__bandwidth__win764__seed43.csv: 30 samples (mean 9.25 Mbps)
  soldier__driving_B_2020.02.13_15.02.01__fixed1__win764__seed44.csv: 30 samples (mean 21.21 Mbps)
  soldier__driving_B_2020.02.13_15.02.01__fixed3__win764__seed44.csv: 30 samples (mean 13.23 Mbps)
  soldier__driving_B_2020.02.13_15.02.01__fixed5__win764__seed44.csv: 30 samples (mean 5.64 Mbps)
  soldier__driving_B_2020.02.13_15.02.01__cycle__win764__seed44.csv: 30 samples (mean 16.11 Mbps)
  soldier__driving_B_2020.02.13_15.02.01__bandwidth__win764__seed44.csv: 30 samples (mean 9.31 Mbps)
  soldier__driving_B_2020.02.13_15.02.01__fixed1__win1151__seed42.csv: 30 samples (mean 31.50 Mbps)
  soldier__driving_B_2020.02.13_15.02.01__fixed3__win1151__seed42.csv: 30 samples (mean 16.16 Mbps)
  soldier__driving_B_2020.02.13_15.02.01__fixed5__win1151__seed42.csv: 30 samples (mean 5.24 Mbps)
  soldier__driving_B_2020.02.13_15.02.01__cycle__win1151__seed42.csv: 30 samples (mean 18.57 Mbps)
  soldier__driving_B_2020.02.13_15.02.01__bandwidth__win1151__seed42.csv: 30 samples (mean 5.24 Mbps)
  soldier__driving_B_2020.02.13_15.02.01__fixed1__win1151__seed43.csv: 30 samples (mean 31.45 Mbps)
  soldier__driving_B_2020.02.13_15.02.01__fixed3__win1151__seed43.csv: 30 samples (mean 15.97 Mbps)
  soldier__driving_B_2020.02.13_15.02.01__fixed5__win1151__seed43.csv: 30 samples (mean 5.31 Mbps)
  soldier__driving_B_2020.02.13_15.02.01__cycle__win1151__seed43.csv: 30 samples (mean 18.26 Mbps)
  soldier__driving_B_2020.02.13_15.02.01__bandwidth__win1151__seed43.csv: 30 samples (mean 7.93 Mbps)
  soldier__driving_B_2020.02.13_15.02.01__fixed1__win1151__seed44.csv: 30 samples (mean 31.71 Mbps)
  soldier__driving_B_2020.02.13_15.02.01__fixed3__win1151__seed44.csv: 30 samples (mean 16.12 Mbps)
  soldier__driving_B_2020.02.13_15.02.01__fixed5__win1151__seed44.csv: 30 samples (mean 5.42 Mbps)
  soldier__driving_B_2020.02.13_15.02.01__cycle__win1151__seed44.csv: 30 samples (mean 18.47 Mbps)
  soldier__driving_B_2020.02.13_15.02.01__bandwidth__win1151__seed44.csv: 30 samples (mean 7.94 Mbps)
  soldier__driving_B_2020.02.13_15.02.01__fixed1__win1568__seed42.csv: 30 samples (mean 25.43 Mbps)
  soldier__driving_B_2020.02.13_15.02.01__fixed3__win1568__seed42.csv: 30 samples (mean 2.56 Mbps)
  soldier__driving_B_2020.02.13_15.02.01__fixed5__win1568__seed42.csv: 30 samples (mean 2.49 Mbps)
  soldier__driving_B_2020.02.13_15.02.01__cycle__win1568__seed42.csv: 30 samples (mean 5.39 Mbps)
  soldier__driving_B_2020.02.13_15.02.01__bandwidth__win1568__seed42.csv: 30 samples (mean 2.49 Mbps)
  soldier__driving_B_2020.02.13_15.02.01__fixed1__win1568__seed43.csv: 30 samples (mean 24.99 Mbps)
  soldier__driving_B_2020.02.13_15.02.01__fixed3__win1568__seed43.csv: 30 samples (mean 2.55 Mbps)
  soldier__driving_B_2020.02.13_15.02.01__fixed5__win1568__seed43.csv: 30 samples (mean 2.56 Mbps)
  soldier__driving_B_2020.02.13_15.02.01__cycle__win1568__seed43.csv: 30 samples (mean 5.32 Mbps)
  soldier__driving_B_2020.02.13_15.02.01__bandwidth__win1568__seed43.csv: 30 samples (mean 2.56 Mbps)
  soldier__driving_B_2020.02.13_15.02.01__fixed1__win1568__seed44.csv: 30 samples (mean 24.46 Mbps)
  soldier__driving_B_2020.02.13_15.02.01__fixed3__win1568__seed44.csv: 30 samples (mean 2.54 Mbps)
  soldier__driving_B_2020.02.13_15.02.01__fixed5__win1568__seed44.csv: 30 samples (mean 2.54 Mbps)
  soldier__driving_B_2020.02.13_15.02.01__cycle__win1568__seed44.csv: 30 samples (mean 5.41 Mbps)
  soldier__driving_B_2020.02.13_15.02.01__bandwidth__win1568__seed44.csv: 30 samples (mean 2.54 Mbps)
  soldier__driving_B_2020.02.13_15.02.01__fixed1__win1939__seed42.csv: 30 samples (mean 43.82 Mbps)
  soldier__driving_B_2020.02.13_15.02.01__fixed3__win1939__seed42.csv: 30 samples (mean 21.75 Mbps)
  soldier__driving_B_2020.02.13_15.02.01__fixed5__win1939__seed42.csv: 30 samples (mean 5.46 Mbps)
  soldier__driving_B_2020.02.13_15.02.01__cycle__win1939__seed42.csv: 30 samples (mean 21.88 Mbps)
  soldier__driving_B_2020.02.13_15.02.01__bandwidth__win1939__seed42.csv: 30 samples (mean 5.46 Mbps)
  soldier__driving_B_2020.02.13_15.02.01__fixed1__win1939__seed43.csv: 30 samples (mean 44.49 Mbps)
  soldier__driving_B_2020.02.13_15.02.01__fixed3__win1939__seed43.csv: 30 samples (mean 22.18 Mbps)
  soldier__driving_B_2020.02.13_15.02.01__fixed5__win1939__seed43.csv: 30 samples (mean 5.50 Mbps)
  soldier__driving_B_2020.02.13_15.02.01__cycle__win1939__seed43.csv: 30 samples (mean 21.17 Mbps)
  soldier__driving_B_2020.02.13_15.02.01__bandwidth__win1939__seed43.csv: 30 samples (mean 16.16 Mbps)
  soldier__driving_B_2020.02.13_15.02.01__fixed1__win1939__seed44.csv: 30 samples (mean 44.81 Mbps)
  soldier__driving_B_2020.02.13_15.02.01__fixed3__win1939__seed44.csv: 30 samples (mean 21.56 Mbps)
  soldier__driving_B_2020.02.13_15.02.01__fixed5__win1939__seed44.csv: 30 samples (mean 5.64 Mbps)
  soldier__driving_B_2020.02.13_15.02.01__cycle__win1939__seed44.csv: 30 samples (mean 21.08 Mbps)
  soldier__driving_B_2020.02.13_15.02.01__bandwidth__win1939__seed44.csv: 30 samples (mean 15.42 Mbps)
  soldier__driving_B_2020.02.13_15.02.01__fixed1__win2330__seed42.csv: 30 samples (mean 5.16 Mbps)
  soldier__driving_B_2020.02.13_15.02.01__fixed3__win2330__seed42.csv: 30 samples (mean 5.16 Mbps)
  soldier__driving_B_2020.02.13_15.02.01__fixed5__win2330__seed42.csv: 30 samples (mean 5.09 Mbps)
  soldier__driving_B_2020.02.13_15.02.01__cycle__win2330__seed42.csv: 30 samples (mean 5.73 Mbps)
  soldier__driving_B_2020.02.13_15.02.01__bandwidth__win2330__seed42.csv: 30 samples (mean 5.09 Mbps)
  soldier__driving_B_2020.02.13_15.02.01__fixed1__win2330__seed43.csv: 30 samples (mean 5.22 Mbps)
  soldier__driving_B_2020.02.13_15.02.01__fixed3__win2330__seed43.csv: 30 samples (mean 5.20 Mbps)
  soldier__driving_B_2020.02.13_15.02.01__fixed5__win2330__seed43.csv: 30 samples (mean 5.04 Mbps)
  soldier__driving_B_2020.02.13_15.02.01__cycle__win2330__seed43.csv: 30 samples (mean 5.75 Mbps)
  soldier__driving_B_2020.02.13_15.02.01__bandwidth__win2330__seed43.csv: 30 samples (mean 7.67 Mbps)
  soldier__driving_B_2020.02.13_15.02.01__fixed1__win2330__seed44.csv: 30 samples (mean 5.26 Mbps)
  soldier__driving_B_2020.02.13_15.02.01__fixed3__win2330__seed44.csv: 30 samples (mean 5.20 Mbps)
  soldier__driving_B_2020.02.13_15.02.01__fixed5__win2330__seed44.csv: 30 samples (mean 5.27 Mbps)
  soldier__driving_B_2020.02.13_15.02.01__cycle__win2330__seed44.csv: 30 samples (mean 5.63 Mbps)
  soldier__driving_B_2020.02.13_15.02.01__bandwidth__win2330__seed44.csv: 30 samples (mean 7.77 Mbps)
  soldier__driving_B_2020.02.13_15.02.01__fixed1__win2736__seed42.csv: 30 samples (mean 9.60 Mbps)
  soldier__driving_B_2020.02.13_15.02.01__fixed3__win2736__seed42.csv: 30 samples (mean 6.13 Mbps)
  soldier__driving_B_2020.02.13_15.02.01__fixed5__win2736__seed42.csv: 30 samples (mean 4.52 Mbps)
  soldier__driving_B_2020.02.13_15.02.01__cycle__win2736__seed42.csv: 30 samples (mean 7.20 Mbps)
  soldier__driving_B_2020.02.13_15.02.01__bandwidth__win2736__seed42.csv: 30 samples (mean 4.52 Mbps)
  soldier__driving_B_2020.02.13_15.02.01__fixed1__win2736__seed43.csv: 30 samples (mean 9.60 Mbps)
  soldier__driving_B_2020.02.13_15.02.01__fixed3__win2736__seed43.csv: 30 samples (mean 6.05 Mbps)
  soldier__driving_B_2020.02.13_15.02.01__fixed5__win2736__seed43.csv: 30 samples (mean 4.58 Mbps)
  soldier__driving_B_2020.02.13_15.02.01__cycle__win2736__seed43.csv: 30 samples (mean 7.11 Mbps)
  soldier__driving_B_2020.02.13_15.02.01__bandwidth__win2736__seed43.csv: 30 samples (mean 4.48 Mbps)
  soldier__driving_B_2020.02.13_15.02.01__fixed1__win2736__seed44.csv: 30 samples (mean 9.60 Mbps)
  soldier__driving_B_2020.02.13_15.02.01__fixed3__win2736__seed44.csv: 30 samples (mean 6.10 Mbps)
  soldier__driving_B_2020.02.13_15.02.01__fixed5__win2736__seed44.csv: 30 samples (mean 4.59 Mbps)
  soldier__driving_B_2020.02.13_15.02.01__cycle__win2736__seed44.csv: 30 samples (mean 7.10 Mbps)
  soldier__driving_B_2020.02.13_15.02.01__bandwidth__win2736__seed44.csv: 30 samples (mean 4.52 Mbps)
  soldier__driving_B_2020.02.14_09.38.22__fixed1__win0__seed42.csv: 30 samples (mean 8.39 Mbps)
  soldier__driving_B_2020.02.14_09.38.22__fixed3__win0__seed42.csv: 30 samples (mean 6.16 Mbps)
  soldier__driving_B_2020.02.14_09.38.22__fixed5__win0__seed42.csv: 30 samples (mean 5.46 Mbps)
  soldier__driving_B_2020.02.14_09.38.22__cycle__win0__seed42.csv: 30 samples (mean 8.36 Mbps)
  soldier__driving_B_2020.02.14_09.38.22__bandwidth__win0__seed42.csv: 30 samples (mean 5.46 Mbps)
  soldier__driving_B_2020.02.14_09.38.22__fixed1__win0__seed43.csv: 30 samples (mean 8.38 Mbps)
  soldier__driving_B_2020.02.14_09.38.22__fixed3__win0__seed43.csv: 30 samples (mean 6.24 Mbps)
  soldier__driving_B_2020.02.14_09.38.22__fixed5__win0__seed43.csv: 30 samples (mean 5.44 Mbps)
  soldier__driving_B_2020.02.14_09.38.22__cycle__win0__seed43.csv: 30 samples (mean 8.46 Mbps)
  soldier__driving_B_2020.02.14_09.38.22__bandwidth__win0__seed43.csv: 30 samples (mean 5.44 Mbps)
  soldier__driving_B_2020.02.14_09.38.22__fixed1__win0__seed44.csv: 30 samples (mean 8.32 Mbps)
  soldier__driving_B_2020.02.14_09.38.22__fixed3__win0__seed44.csv: 30 samples (mean 6.23 Mbps)
  soldier__driving_B_2020.02.14_09.38.22__fixed5__win0__seed44.csv: 30 samples (mean 5.52 Mbps)
  soldier__driving_B_2020.02.14_09.38.22__cycle__win0__seed44.csv: 30 samples (mean 8.36 Mbps)
  soldier__driving_B_2020.02.14_09.38.22__bandwidth__win0__seed44.csv: 30 samples (mean 5.93 Mbps)
  soldier__driving_B_2020.02.14_09.38.22__fixed1__win201__seed42.csv: 30 samples (mean 4.86 Mbps)
  soldier__driving_B_2020.02.14_09.38.22__fixed3__win201__seed42.csv: 30 samples (mean 5.42 Mbps)
  soldier__driving_B_2020.02.14_09.38.22__fixed5__win201__seed42.csv: 30 samples (mean 4.38 Mbps)
  soldier__driving_B_2020.02.14_09.38.22__cycle__win201__seed42.csv: 30 samples (mean 4.87 Mbps)
  soldier__driving_B_2020.02.14_09.38.22__bandwidth__win201__seed42.csv: 30 samples (mean 4.38 Mbps)
  soldier__driving_B_2020.02.14_09.38.22__fixed1__win201__seed43.csv: 30 samples (mean 4.86 Mbps)
  soldier__driving_B_2020.02.14_09.38.22__fixed3__win201__seed43.csv: 30 samples (mean 5.40 Mbps)
  soldier__driving_B_2020.02.14_09.38.22__fixed5__win201__seed43.csv: 30 samples (mean 4.12 Mbps)
  soldier__driving_B_2020.02.14_09.38.22__cycle__win201__seed43.csv: 30 samples (mean 4.84 Mbps)
  soldier__driving_B_2020.02.14_09.38.22__bandwidth__win201__seed43.csv: 30 samples (mean 4.21 Mbps)
  soldier__driving_B_2020.02.14_09.38.22__fixed1__win201__seed44.csv: 30 samples (mean 4.86 Mbps)
  soldier__driving_B_2020.02.14_09.38.22__fixed3__win201__seed44.csv: 30 samples (mean 5.38 Mbps)
  soldier__driving_B_2020.02.14_09.38.22__fixed5__win201__seed44.csv: 30 samples (mean 4.21 Mbps)
  soldier__driving_B_2020.02.14_09.38.22__cycle__win201__seed44.csv: 30 samples (mean 4.70 Mbps)
  soldier__driving_B_2020.02.14_09.38.22__bandwidth__win201__seed44.csv: 30 samples (mean 4.21 Mbps)
  soldier__driving_B_2020.02.14_09.38.22__fixed1__win367__seed42.csv: 30 samples (mean 11.35 Mbps)
  soldier__driving_B_2020.02.14_09.38.22__fixed3__win367__seed42.csv: 30 samples (mean 5.93 Mbps)
  soldier__driving_B_2020.02.14_09.38.22__fixed5__win367__seed42.csv: 30 samples (mean 4.98 Mbps)
  soldier__driving_B_2020.02.14_09.38.22__cycle__win367__seed42.csv: 30 samples (mean 5.87 Mbps)
  soldier__driving_B_2020.02.14_09.38.22__bandwidth__win367__seed42.csv: 30 samples (mean 4.98 Mbps)
  soldier__driving_B_2020.02.14_09.38.22__fixed1__win367__seed43.csv: 30 samples (mean 11.38 Mbps)
  soldier__driving_B_2020.02.14_09.38.22__fixed3__win367__seed43.csv: 30 samples (mean 5.90 Mbps)
  soldier__driving_B_2020.02.14_09.38.22__fixed5__win367__seed43.csv: 30 samples (mean 4.91 Mbps)
  soldier__driving_B_2020.02.14_09.38.22__cycle__win367__seed43.csv: 30 samples (mean 5.90 Mbps)
  soldier__driving_B_2020.02.14_09.38.22__bandwidth__win367__seed43.csv: 30 samples (mean 4.91 Mbps)
  soldier__driving_B_2020.02.14_09.38.22__fixed1__win367__seed44.csv: 30 samples (mean 11.42 Mbps)
  soldier__driving_B_2020.02.14_09.38.22__fixed3__win367__seed44.csv: 30 samples (mean 5.87 Mbps)
  soldier__driving_B_2020.02.14_09.38.22__fixed5__win367__seed44.csv: 30 samples (mean 4.72 Mbps)
  soldier__driving_B_2020.02.14_09.38.22__cycle__win367__seed44.csv: 30 samples (mean 5.86 Mbps)
  soldier__driving_B_2020.02.14_09.38.22__bandwidth__win367__seed44.csv: 30 samples (mean 4.72 Mbps)
  soldier__driving_B_2020.02.14_09.38.22__fixed1__win588__seed42.csv: 30 samples (mean 86.10 Mbps)
  soldier__driving_B_2020.02.14_09.38.22__fixed3__win588__seed42.csv: 30 samples (mean 15.86 Mbps)
  soldier__driving_B_2020.02.14_09.38.22__fixed5__win588__seed42.csv: 30 samples (mean 4.63 Mbps)
  soldier__driving_B_2020.02.14_09.38.22__cycle__win588__seed42.csv: 30 samples (mean 42.94 Mbps)
  soldier__driving_B_2020.02.14_09.38.22__bandwidth__win588__seed42.csv: 30 samples (mean 4.63 Mbps)
  soldier__driving_B_2020.02.14_09.38.22__fixed1__win588__seed43.csv: 30 samples (mean 93.47 Mbps)
  soldier__driving_B_2020.02.14_09.38.22__fixed3__win588__seed43.csv: 30 samples (mean 15.89 Mbps)
  soldier__driving_B_2020.02.14_09.38.22__fixed5__win588__seed43.csv: 30 samples (mean 4.73 Mbps)
  soldier__driving_B_2020.02.14_09.38.22__cycle__win588__seed43.csv: 30 samples (mean 42.71 Mbps)
  soldier__driving_B_2020.02.14_09.38.22__bandwidth__win588__seed43.csv: 30 samples (mean 7.42 Mbps)
  soldier__driving_B_2020.02.14_09.38.22__fixed1__win588__seed44.csv: 30 samples (mean 89.89 Mbps)
  soldier__driving_B_2020.02.14_09.38.22__fixed3__win588__seed44.csv: 30 samples (mean 16.20 Mbps)
  soldier__driving_B_2020.02.14_09.38.22__fixed5__win588__seed44.csv: 30 samples (mean 4.85 Mbps)
  soldier__driving_B_2020.02.14_09.38.22__cycle__win588__seed44.csv: 30 samples (mean 39.95 Mbps)
  soldier__driving_B_2020.02.14_09.38.22__bandwidth__win588__seed44.csv: 30 samples (mean 8.04 Mbps)
  soldier__driving_B_2020.02.14_09.38.22__fixed1__win804__seed42.csv: 30 samples (mean 106.08 Mbps)
  soldier__driving_B_2020.02.14_09.38.22__fixed3__win804__seed42.csv: 30 samples (mean 16.01 Mbps)
  soldier__driving_B_2020.02.14_09.38.22__fixed5__win804__seed42.csv: 30 samples (mean 5.24 Mbps)
  soldier__driving_B_2020.02.14_09.38.22__cycle__win804__seed42.csv: 30 samples (mean 53.38 Mbps)
  soldier__driving_B_2020.02.14_09.38.22__bandwidth__win804__seed42.csv: 30 samples (mean 5.24 Mbps)
  soldier__driving_B_2020.02.14_09.38.22__fixed1__win804__seed43.csv: 30 samples (mean 107.91 Mbps)
  soldier__driving_B_2020.02.14_09.38.22__fixed3__win804__seed43.csv: 30 samples (mean 13.64 Mbps)
  soldier__driving_B_2020.02.14_09.38.22__fixed5__win804__seed43.csv: 30 samples (mean 5.31 Mbps)
  soldier__driving_B_2020.02.14_09.38.22__cycle__win804__seed43.csv: 30 samples (mean 52.39 Mbps)
  soldier__driving_B_2020.02.14_09.38.22__bandwidth__win804__seed43.csv: 30 samples (mean 8.24 Mbps)
  soldier__driving_B_2020.02.14_09.38.22__fixed1__win804__seed44.csv: 30 samples (mean 107.11 Mbps)
  soldier__driving_B_2020.02.14_09.38.22__fixed3__win804__seed44.csv: 30 samples (mean 14.03 Mbps)
  soldier__driving_B_2020.02.14_09.38.22__fixed5__win804__seed44.csv: 30 samples (mean 5.42 Mbps)
  soldier__driving_B_2020.02.14_09.38.22__cycle__win804__seed44.csv: 30 samples (mean 52.56 Mbps)
  soldier__driving_B_2020.02.14_09.38.22__bandwidth__win804__seed44.csv: 30 samples (mean 8.37 Mbps)
  soldier__driving_B_2020.02.14_09.38.22__fixed1__win1030__seed42.csv: 30 samples (mean 12.58 Mbps)
  soldier__driving_B_2020.02.14_09.38.22__fixed3__win1030__seed42.csv: 30 samples (mean 13.47 Mbps)
  soldier__driving_B_2020.02.14_09.38.22__fixed5__win1030__seed42.csv: 30 samples (mean 4.65 Mbps)
  soldier__driving_B_2020.02.14_09.38.22__cycle__win1030__seed42.csv: 30 samples (mean 14.44 Mbps)
  soldier__driving_B_2020.02.14_09.38.22__bandwidth__win1030__seed42.csv: 30 samples (mean 4.65 Mbps)
  soldier__driving_B_2020.02.14_09.38.22__fixed1__win1030__seed43.csv: 30 samples (mean 12.51 Mbps)
  soldier__driving_B_2020.02.14_09.38.22__fixed3__win1030__seed43.csv: 30 samples (mean 13.40 Mbps)
  soldier__driving_B_2020.02.14_09.38.22__fixed5__win1030__seed43.csv: 30 samples (mean 4.82 Mbps)
  soldier__driving_B_2020.02.14_09.38.22__cycle__win1030__seed43.csv: 30 samples (mean 14.41 Mbps)
  soldier__driving_B_2020.02.14_09.38.22__bandwidth__win1030__seed43.csv: 30 samples (mean 4.81 Mbps)
  soldier__driving_B_2020.02.14_09.38.22__fixed1__win1030__seed44.csv: 30 samples (mean 12.52 Mbps)
  soldier__driving_B_2020.02.14_09.38.22__fixed3__win1030__seed44.csv: 30 samples (mean 13.81 Mbps)
  soldier__driving_B_2020.02.14_09.38.22__fixed5__win1030__seed44.csv: 30 samples (mean 4.78 Mbps)
  soldier__driving_B_2020.02.14_09.38.22__cycle__win1030__seed44.csv: 30 samples (mean 14.36 Mbps)
  soldier__driving_B_2020.02.14_09.38.22__bandwidth__win1030__seed44.csv: 30 samples (mean 4.98 Mbps)
  soldier__driving_B_2020.02.14_09.38.22__fixed1__win1209__seed42.csv: 30 samples (mean 43.18 Mbps)
  soldier__driving_B_2020.02.14_09.38.22__fixed3__win1209__seed42.csv: 30 samples (mean 6.68 Mbps)
  soldier__driving_B_2020.02.14_09.38.22__fixed5__win1209__seed42.csv: 30 samples (mean 4.73 Mbps)
  soldier__driving_B_2020.02.14_09.38.22__cycle__win1209__seed42.csv: 30 samples (mean 10.37 Mbps)
  soldier__driving_B_2020.02.14_09.38.22__bandwidth__win1209__seed42.csv: 30 samples (mean 4.73 Mbps)
  soldier__driving_B_2020.02.14_09.38.22__fixed1__win1209__seed43.csv: 30 samples (mean 43.20 Mbps)
  soldier__driving_B_2020.02.14_09.38.22__fixed3__win1209__seed43.csv: 30 samples (mean 6.66 Mbps)
  soldier__driving_B_2020.02.14_09.38.22__fixed5__win1209__seed43.csv: 30 samples (mean 4.76 Mbps)
  soldier__driving_B_2020.02.14_09.38.22__cycle__win1209__seed43.csv: 30 samples (mean 10.26 Mbps)
  soldier__driving_B_2020.02.14_09.38.22__bandwidth__win1209__seed43.csv: 30 samples (mean 6.98 Mbps)
  soldier__driving_B_2020.02.14_09.38.22__fixed1__win1209__seed44.csv: 30 samples (mean 42.65 Mbps)
  soldier__driving_B_2020.02.14_09.38.22__fixed3__win1209__seed44.csv: 30 samples (mean 6.67 Mbps)
  soldier__driving_B_2020.02.14_09.38.22__fixed5__win1209__seed44.csv: 30 samples (mean 4.86 Mbps)
  soldier__driving_B_2020.02.14_09.38.22__cycle__win1209__seed44.csv: 30 samples (mean 10.35 Mbps)
  soldier__driving_B_2020.02.14_09.38.22__bandwidth__win1209__seed44.csv: 30 samples (mean 7.11 Mbps)
  soldier__driving_B_2020.02.14_09.38.22__fixed1__win1451__seed42.csv: 30 samples (mean 12.97 Mbps)
  soldier__driving_B_2020.02.14_09.38.22__fixed3__win1451__seed42.csv: 30 samples (mean 13.84 Mbps)
  soldier__driving_B_2020.02.14_09.38.22__fixed5__win1451__seed42.csv: 30 samples (mean 5.30 Mbps)
  soldier__driving_B_2020.02.14_09.38.22__cycle__win1451__seed42.csv: 30 samples (mean 12.70 Mbps)
  soldier__driving_B_2020.02.14_09.38.22__bandwidth__win1451__seed42.csv: 30 samples (mean 5.30 Mbps)
  soldier__driving_B_2020.02.14_09.38.22__fixed1__win1451__seed43.csv: 30 samples (mean 12.91 Mbps)
  soldier__driving_B_2020.02.14_09.38.22__fixed3__win1451__seed43.csv: 30 samples (mean 13.89 Mbps)
  soldier__driving_B_2020.02.14_09.38.22__fixed5__win1451__seed43.csv: 30 samples (mean 5.28 Mbps)
  soldier__driving_B_2020.02.14_09.38.22__cycle__win1451__seed43.csv: 30 samples (mean 12.65 Mbps)
  soldier__driving_B_2020.02.14_09.38.22__bandwidth__win1451__seed43.csv: 30 samples (mean 5.28 Mbps)
  soldier__driving_B_2020.02.14_09.38.22__fixed1__win1451__seed44.csv: 30 samples (mean 12.96 Mbps)
  soldier__driving_B_2020.02.14_09.38.22__fixed3__win1451__seed44.csv: 30 samples (mean 13.85 Mbps)
  soldier__driving_B_2020.02.14_09.38.22__fixed5__win1451__seed44.csv: 30 samples (mean 5.45 Mbps)
  soldier__driving_B_2020.02.14_09.38.22__cycle__win1451__seed44.csv: 30 samples (mean 12.52 Mbps)
  soldier__driving_B_2020.02.14_09.38.22__bandwidth__win1451__seed44.csv: 30 samples (mean 5.45 Mbps)
  soldier__driving_B_2020.02.14_12.58.17__fixed1__win0__seed42.csv: 30 samples (mean 14.78 Mbps)
  soldier__driving_B_2020.02.14_12.58.17__fixed3__win0__seed42.csv: 30 samples (mean 10.53 Mbps)
  soldier__driving_B_2020.02.14_12.58.17__fixed5__win0__seed42.csv: 30 samples (mean 5.62 Mbps)
  soldier__driving_B_2020.02.14_12.58.17__cycle__win0__seed42.csv: 30 samples (mean 11.78 Mbps)
  soldier__driving_B_2020.02.14_12.58.17__bandwidth__win0__seed42.csv: 30 samples (mean 5.62 Mbps)
  soldier__driving_B_2020.02.14_12.58.17__fixed1__win0__seed43.csv: 30 samples (mean 14.66 Mbps)
  soldier__driving_B_2020.02.14_12.58.17__fixed3__win0__seed43.csv: 30 samples (mean 10.50 Mbps)
  soldier__driving_B_2020.02.14_12.58.17__fixed5__win0__seed43.csv: 30 samples (mean 5.58 Mbps)
  soldier__driving_B_2020.02.14_12.58.17__cycle__win0__seed43.csv: 30 samples (mean 11.55 Mbps)
  soldier__driving_B_2020.02.14_12.58.17__bandwidth__win0__seed43.csv: 30 samples (mean 5.58 Mbps)
  soldier__driving_B_2020.02.14_12.58.17__fixed1__win0__seed44.csv: 30 samples (mean 14.66 Mbps)
  soldier__driving_B_2020.02.14_12.58.17__fixed3__win0__seed44.csv: 30 samples (mean 10.43 Mbps)
  soldier__driving_B_2020.02.14_12.58.17__fixed5__win0__seed44.csv: 30 samples (mean 5.49 Mbps)
  soldier__driving_B_2020.02.14_12.58.17__cycle__win0__seed44.csv: 30 samples (mean 11.84 Mbps)
  soldier__driving_B_2020.02.14_12.58.17__bandwidth__win0__seed44.csv: 30 samples (mean 5.49 Mbps)
  soldier__driving_B_2020.02.14_12.58.17__fixed1__win482__seed42.csv: 30 samples (mean 8.56 Mbps)
  soldier__driving_B_2020.02.14_12.58.17__fixed3__win482__seed42.csv: 30 samples (mean 4.57 Mbps)
  soldier__driving_B_2020.02.14_12.58.17__fixed5__win482__seed42.csv: 30 samples (mean 1.48 Mbps)
  soldier__driving_B_2020.02.14_12.58.17__cycle__win482__seed42.csv: 30 samples (mean 6.30 Mbps)
  soldier__driving_B_2020.02.14_12.58.17__bandwidth__win482__seed42.csv: 30 samples (mean 1.48 Mbps)
  soldier__driving_B_2020.02.14_12.58.17__fixed1__win482__seed43.csv: 30 samples (mean 8.56 Mbps)
  soldier__driving_B_2020.02.14_12.58.17__fixed3__win482__seed43.csv: 30 samples (mean 4.57 Mbps)
  soldier__driving_B_2020.02.14_12.58.17__fixed5__win482__seed43.csv: 30 samples (mean 1.50 Mbps)
  soldier__driving_B_2020.02.14_12.58.17__cycle__win482__seed43.csv: 30 samples (mean 6.32 Mbps)
  soldier__driving_B_2020.02.14_12.58.17__bandwidth__win482__seed43.csv: 30 samples (mean 1.50 Mbps)
  soldier__driving_B_2020.02.14_12.58.17__fixed1__win482__seed44.csv: 30 samples (mean 8.56 Mbps)
  soldier__driving_B_2020.02.14_12.58.17__fixed3__win482__seed44.csv: 30 samples (mean 4.60 Mbps)
  soldier__driving_B_2020.02.14_12.58.17__fixed5__win482__seed44.csv: 30 samples (mean 1.52 Mbps)
  soldier__driving_B_2020.02.14_12.58.17__cycle__win482__seed44.csv: 30 samples (mean 6.33 Mbps)
  soldier__driving_B_2020.02.14_12.58.17__bandwidth__win482__seed44.csv: 30 samples (mean 1.52 Mbps)
  soldier__driving_B_2020.02.14_12.58.17__fixed1__win542__seed42.csv: 30 samples (mean 10.23 Mbps)
  soldier__driving_B_2020.02.14_12.58.17__fixed3__win542__seed42.csv: 30 samples (mean 7.88 Mbps)
  soldier__driving_B_2020.02.14_12.58.17__fixed5__win542__seed42.csv: 30 samples (mean 4.21 Mbps)
  soldier__driving_B_2020.02.14_12.58.17__cycle__win542__seed42.csv: 30 samples (mean 7.65 Mbps)
  soldier__driving_B_2020.02.14_12.58.17__bandwidth__win542__seed42.csv: 30 samples (mean 4.21 Mbps)
  soldier__driving_B_2020.02.14_12.58.17__fixed1__win542__seed43.csv: 30 samples (mean 10.28 Mbps)
  soldier__driving_B_2020.02.14_12.58.17__fixed3__win542__seed43.csv: 30 samples (mean 7.88 Mbps)
  soldier__driving_B_2020.02.14_12.58.17__fixed5__win542__seed43.csv: 30 samples (mean 4.16 Mbps)
  soldier__driving_B_2020.02.14_12.58.17__cycle__win542__seed43.csv: 30 samples (mean 7.65 Mbps)
  soldier__driving_B_2020.02.14_12.58.17__bandwidth__win542__seed43.csv: 30 samples (mean 4.16 Mbps)
  soldier__driving_B_2020.02.14_12.58.17__fixed1__win542__seed44.csv: 30 samples (mean 10.20 Mbps)
  soldier__driving_B_2020.02.14_12.58.17__fixed3__win542__seed44.csv: 30 samples (mean 7.89 Mbps)
  soldier__driving_B_2020.02.14_12.58.17__fixed5__win542__seed44.csv: 30 samples (mean 4.24 Mbps)
  soldier__driving_B_2020.02.14_12.58.17__cycle__win542__seed44.csv: 30 samples (mean 7.67 Mbps)
  soldier__driving_B_2020.02.14_12.58.17__bandwidth__win542__seed44.csv: 30 samples (mean 4.24 Mbps)
  soldier__driving_B_2020.02.14_12.58.17__fixed1__win605__seed42.csv: 30 samples (mean 13.70 Mbps)
  soldier__driving_B_2020.02.14_12.58.17__fixed3__win605__seed42.csv: 30 samples (mean 15.10 Mbps)
  soldier__driving_B_2020.02.14_12.58.17__fixed5__win605__seed42.csv: 30 samples (mean 5.46 Mbps)
  soldier__driving_B_2020.02.14_12.58.17__cycle__win605__seed42.csv: 30 samples (mean 10.74 Mbps)
  soldier__driving_B_2020.02.14_12.58.17__bandwidth__win605__seed42.csv: 30 samples (mean 5.46 Mbps)
  soldier__driving_B_2020.02.14_12.58.17__fixed1__win605__seed43.csv: 30 samples (mean 13.68 Mbps)
  soldier__driving_B_2020.02.14_12.58.17__fixed3__win605__seed43.csv: 30 samples (mean 15.04 Mbps)
  soldier__driving_B_2020.02.14_12.58.17__fixed5__win605__seed43.csv: 30 samples (mean 5.50 Mbps)
  soldier__driving_B_2020.02.14_12.58.17__cycle__win605__seed43.csv: 30 samples (mean 10.59 Mbps)
  soldier__driving_B_2020.02.14_12.58.17__bandwidth__win605__seed43.csv: 30 samples (mean 8.49 Mbps)
  soldier__driving_B_2020.02.14_12.58.17__fixed1__win605__seed44.csv: 30 samples (mean 13.59 Mbps)
  soldier__driving_B_2020.02.14_12.58.17__fixed3__win605__seed44.csv: 30 samples (mean 15.23 Mbps)
  soldier__driving_B_2020.02.14_12.58.17__fixed5__win605__seed44.csv: 30 samples (mean 5.64 Mbps)
  soldier__driving_B_2020.02.14_12.58.17__cycle__win605__seed44.csv: 30 samples (mean 10.68 Mbps)
  soldier__driving_B_2020.02.14_12.58.17__bandwidth__win605__seed44.csv: 30 samples (mean 8.37 Mbps)
  soldier__driving_B_2020.02.14_12.58.17__fixed1__win659__seed42.csv: 30 samples (mean 7.51 Mbps)
  soldier__driving_B_2020.02.14_12.58.17__fixed3__win659__seed42.csv: 30 samples (mean 12.73 Mbps)
  soldier__driving_B_2020.02.14_12.58.17__fixed5__win659__seed42.csv: 30 samples (mean 5.46 Mbps)
  soldier__driving_B_2020.02.14_12.58.17__cycle__win659__seed42.csv: 30 samples (mean 8.34 Mbps)
  soldier__driving_B_2020.02.14_12.58.17__bandwidth__win659__seed42.csv: 30 samples (mean 5.46 Mbps)
  soldier__driving_B_2020.02.14_12.58.17__fixed1__win659__seed43.csv: 30 samples (mean 7.58 Mbps)
  soldier__driving_B_2020.02.14_12.58.17__fixed3__win659__seed43.csv: 30 samples (mean 12.64 Mbps)
  soldier__driving_B_2020.02.14_12.58.17__fixed5__win659__seed43.csv: 30 samples (mean 5.50 Mbps)
  soldier__driving_B_2020.02.14_12.58.17__cycle__win659__seed43.csv: 30 samples (mean 8.30 Mbps)
  soldier__driving_B_2020.02.14_12.58.17__bandwidth__win659__seed43.csv: 30 samples (mean 7.67 Mbps)
  soldier__driving_B_2020.02.14_12.58.17__fixed1__win659__seed44.csv: 30 samples (mean 7.58 Mbps)
  soldier__driving_B_2020.02.14_12.58.17__fixed3__win659__seed44.csv: 30 samples (mean 12.58 Mbps)
  soldier__driving_B_2020.02.14_12.58.17__fixed5__win659__seed44.csv: 30 samples (mean 5.64 Mbps)
  soldier__driving_B_2020.02.14_12.58.17__cycle__win659__seed44.csv: 30 samples (mean 8.34 Mbps)
  soldier__driving_B_2020.02.14_12.58.17__bandwidth__win659__seed44.csv: 30 samples (mean 7.68 Mbps)
  soldier__driving_B_2020.02.27_17.30.15__fixed1__win269__seed42.csv: 30 samples (mean 3.98 Mbps)
  soldier__driving_B_2020.02.27_17.30.15__fixed3__win269__seed42.csv: 30 samples (mean 3.65 Mbps)
  soldier__driving_B_2020.02.27_17.30.15__fixed5__win269__seed42.csv: 30 samples (mean 0.84 Mbps)
  soldier__driving_B_2020.02.27_17.30.15__cycle__win269__seed42.csv: 30 samples (mean 4.86 Mbps)
  soldier__driving_B_2020.02.27_17.30.15__bandwidth__win269__seed42.csv: 30 samples (mean 0.84 Mbps)
  soldier__driving_B_2020.02.27_17.30.15__fixed1__win269__seed43.csv: 30 samples (mean 3.98 Mbps)
  soldier__driving_B_2020.02.27_17.30.15__fixed3__win269__seed43.csv: 30 samples (mean 3.65 Mbps)
  soldier__driving_B_2020.02.27_17.30.15__fixed5__win269__seed43.csv: 30 samples (mean 0.87 Mbps)
  soldier__driving_B_2020.02.27_17.30.15__cycle__win269__seed43.csv: 30 samples (mean 4.95 Mbps)
  soldier__driving_B_2020.02.27_17.30.15__bandwidth__win269__seed43.csv: 30 samples (mean 0.87 Mbps)
  soldier__driving_B_2020.02.27_17.30.15__fixed1__win269__seed44.csv: 30 samples (mean 3.96 Mbps)
  soldier__driving_B_2020.02.27_17.30.15__fixed3__win269__seed44.csv: 30 samples (mean 3.66 Mbps)
  soldier__driving_B_2020.02.27_17.30.15__fixed5__win269__seed44.csv: 30 samples (mean 0.84 Mbps)
  soldier__driving_B_2020.02.27_17.30.15__cycle__win269__seed44.csv: 30 samples (mean 4.91 Mbps)
  soldier__driving_B_2020.02.27_17.30.15__bandwidth__win269__seed44.csv: 30 samples (mean 0.84 Mbps)
  soldier__driving_B_2020.02.27_17.30.15__fixed1__win333__seed42.csv: 30 samples (mean 4.32 Mbps)
  soldier__driving_B_2020.02.27_17.30.15__fixed3__win333__seed42.csv: 30 samples (mean 5.05 Mbps)
  soldier__driving_B_2020.02.27_17.30.15__fixed5__win333__seed42.csv: 30 samples (mean 2.47 Mbps)
  soldier__driving_B_2020.02.27_17.30.15__cycle__win333__seed42.csv: 30 samples (mean 4.83 Mbps)
  soldier__driving_B_2020.02.27_17.30.15__bandwidth__win333__seed42.csv: 30 samples (mean 2.47 Mbps)
  soldier__driving_B_2020.02.27_17.30.15__fixed1__win333__seed43.csv: 30 samples (mean 4.33 Mbps)
  soldier__driving_B_2020.02.27_17.30.15__fixed3__win333__seed43.csv: 30 samples (mean 5.12 Mbps)
  soldier__driving_B_2020.02.27_17.30.15__fixed5__win333__seed43.csv: 30 samples (mean 2.52 Mbps)
  soldier__driving_B_2020.02.27_17.30.15__cycle__win333__seed43.csv: 30 samples (mean 4.82 Mbps)
  soldier__driving_B_2020.02.27_17.30.15__bandwidth__win333__seed43.csv: 30 samples (mean 2.52 Mbps)
  soldier__driving_B_2020.02.27_17.30.15__fixed1__win333__seed44.csv: 30 samples (mean 4.34 Mbps)
  soldier__driving_B_2020.02.27_17.30.15__fixed3__win333__seed44.csv: 30 samples (mean 5.00 Mbps)
  soldier__driving_B_2020.02.27_17.30.15__fixed5__win333__seed44.csv: 30 samples (mean 2.47 Mbps)
  soldier__driving_B_2020.02.27_17.30.15__cycle__win333__seed44.csv: 30 samples (mean 4.82 Mbps)
  soldier__driving_B_2020.02.27_17.30.15__bandwidth__win333__seed44.csv: 30 samples (mean 2.47 Mbps)
  soldier__driving_B_2020.02.27_17.30.15__fixed1__win390__seed42.csv: 30 samples (mean 4.24 Mbps)
  soldier__driving_B_2020.02.27_17.30.15__fixed3__win390__seed42.csv: 30 samples (mean 5.01 Mbps)
  soldier__driving_B_2020.02.27_17.30.15__fixed5__win390__seed42.csv: 30 samples (mean 4.37 Mbps)
  soldier__driving_B_2020.02.27_17.30.15__cycle__win390__seed42.csv: 30 samples (mean 3.85 Mbps)
  soldier__driving_B_2020.02.27_17.30.15__bandwidth__win390__seed42.csv: 30 samples (mean 4.37 Mbps)
  soldier__driving_B_2020.02.27_17.30.15__fixed1__win390__seed43.csv: 30 samples (mean 4.24 Mbps)
  soldier__driving_B_2020.02.27_17.30.15__fixed3__win390__seed43.csv: 30 samples (mean 5.01 Mbps)
  soldier__driving_B_2020.02.27_17.30.15__fixed5__win390__seed43.csv: 30 samples (mean 4.88 Mbps)
  soldier__driving_B_2020.02.27_17.30.15__cycle__win390__seed43.csv: 30 samples (mean 3.90 Mbps)
  soldier__driving_B_2020.02.27_17.30.15__bandwidth__win390__seed43.csv: 30 samples (mean 4.88 Mbps)
  soldier__driving_B_2020.02.27_17.30.15__fixed1__win390__seed44.csv: 30 samples (mean 4.23 Mbps)
  soldier__driving_B_2020.02.27_17.30.15__fixed3__win390__seed44.csv: 30 samples (mean 5.03 Mbps)
  soldier__driving_B_2020.02.27_17.30.15__fixed5__win390__seed44.csv: 30 samples (mean 4.35 Mbps)
  soldier__driving_B_2020.02.27_17.30.15__cycle__win390__seed44.csv: 30 samples (mean 3.89 Mbps)
  soldier__driving_B_2020.02.27_17.30.15__bandwidth__win390__seed44.csv: 30 samples (mean 4.35 Mbps)
  soldier__driving_B_2020.02.27_17.30.15__fixed1__win445__seed42.csv: 30 samples (mean 4.29 Mbps)
  soldier__driving_B_2020.02.27_17.30.15__fixed3__win445__seed42.csv: 30 samples (mean 3.24 Mbps)
  soldier__driving_B_2020.02.27_17.30.15__fixed5__win445__seed42.csv: 30 samples (mean 2.61 Mbps)
  soldier__driving_B_2020.02.27_17.30.15__cycle__win445__seed42.csv: 30 samples (mean 3.95 Mbps)
  soldier__driving_B_2020.02.27_17.30.15__bandwidth__win445__seed42.csv: 30 samples (mean 2.61 Mbps)
  soldier__driving_B_2020.02.27_17.30.15__fixed1__win445__seed43.csv: 30 samples (mean 4.28 Mbps)
  soldier__driving_B_2020.02.27_17.30.15__fixed3__win445__seed43.csv: 30 samples (mean 3.20 Mbps)
  soldier__driving_B_2020.02.27_17.30.15__fixed5__win445__seed43.csv: 30 samples (mean 2.71 Mbps)
  soldier__driving_B_2020.02.27_17.30.15__cycle__win445__seed43.csv: 30 samples (mean 4.02 Mbps)
  soldier__driving_B_2020.02.27_17.30.15__bandwidth__win445__seed43.csv: 30 samples (mean 2.71 Mbps)
  soldier__driving_B_2020.02.27_17.30.15__fixed1__win445__seed44.csv: 30 samples (mean 4.28 Mbps)
  soldier__driving_B_2020.02.27_17.30.15__fixed3__win445__seed44.csv: 30 samples (mean 3.20 Mbps)
  soldier__driving_B_2020.02.27_17.30.15__fixed5__win445__seed44.csv: 30 samples (mean 2.99 Mbps)
  soldier__driving_B_2020.02.27_17.30.15__cycle__win445__seed44.csv: 30 samples (mean 4.07 Mbps)
  soldier__driving_B_2020.02.27_17.30.15__bandwidth__win445__seed44.csv: 30 samples (mean 2.99 Mbps)
  soldier__driving_B_2020.02.27_17.30.15__fixed1__win502__seed42.csv: 30 samples (mean 4.47 Mbps)
  soldier__driving_B_2020.02.27_17.30.15__fixed3__win502__seed42.csv: 30 samples (mean 3.87 Mbps)
  soldier__driving_B_2020.02.27_17.30.15__fixed5__win502__seed42.csv: 30 samples (mean 1.45 Mbps)
  soldier__driving_B_2020.02.27_17.30.15__cycle__win502__seed42.csv: 30 samples (mean 4.83 Mbps)
  soldier__driving_B_2020.02.27_17.30.15__bandwidth__win502__seed42.csv: 30 samples (mean 1.45 Mbps)
  soldier__driving_B_2020.02.27_17.30.15__fixed1__win502__seed43.csv: 30 samples (mean 4.45 Mbps)
  soldier__driving_B_2020.02.27_17.30.15__fixed3__win502__seed43.csv: 30 samples (mean 3.85 Mbps)
  soldier__driving_B_2020.02.27_17.30.15__fixed5__win502__seed43.csv: 30 samples (mean 1.38 Mbps)
  soldier__driving_B_2020.02.27_17.30.15__cycle__win502__seed43.csv: 30 samples (mean 4.71 Mbps)
  soldier__driving_B_2020.02.27_17.30.15__bandwidth__win502__seed43.csv: 30 samples (mean 1.38 Mbps)
  soldier__driving_B_2020.02.27_17.30.15__fixed1__win502__seed44.csv: 30 samples (mean 4.42 Mbps)
  soldier__driving_B_2020.02.27_17.30.15__fixed3__win502__seed44.csv: 30 samples (mean 3.85 Mbps)
  soldier__driving_B_2020.02.27_17.30.15__fixed5__win502__seed44.csv: 30 samples (mean 1.35 Mbps)
  soldier__driving_B_2020.02.27_17.30.15__cycle__win502__seed44.csv: 30 samples (mean 4.86 Mbps)
  soldier__driving_B_2020.02.27_17.30.15__bandwidth__win502__seed44.csv: 30 samples (mean 1.35 Mbps)
  soldier__static_B_2019.12.16_13.40.04__fixed1__win0__seed42.csv: 30 samples (mean 123.28 Mbps)
  soldier__static_B_2019.12.16_13.40.04__fixed3__win0__seed42.csv: 30 samples (mean 48.97 Mbps)
  soldier__static_B_2019.12.16_13.40.04__fixed5__win0__seed42.csv: 30 samples (mean 4.78 Mbps)
  soldier__static_B_2019.12.16_13.40.04__cycle__win0__seed42.csv: 30 samples (mean 74.21 Mbps)
  soldier__static_B_2019.12.16_13.40.04__bandwidth__win0__seed42.csv: 30 samples (mean 4.78 Mbps)
  soldier__static_B_2019.12.16_13.40.04__fixed1__win0__seed43.csv: 30 samples (mean 127.12 Mbps)
  soldier__static_B_2019.12.16_13.40.04__fixed3__win0__seed43.csv: 30 samples (mean 47.86 Mbps)
  soldier__static_B_2019.12.16_13.40.04__fixed5__win0__seed43.csv: 30 samples (mean 4.94 Mbps)
  soldier__static_B_2019.12.16_13.40.04__cycle__win0__seed43.csv: 30 samples (mean 74.29 Mbps)
  soldier__static_B_2019.12.16_13.40.04__bandwidth__win0__seed43.csv: 30 samples (mean 4.94 Mbps)
  soldier__static_B_2019.12.16_13.40.04__fixed1__win0__seed44.csv: 30 samples (mean 128.67 Mbps)
  soldier__static_B_2019.12.16_13.40.04__fixed3__win0__seed44.csv: 30 samples (mean 46.58 Mbps)
  soldier__static_B_2019.12.16_13.40.04__fixed5__win0__seed44.csv: 30 samples (mean 4.92 Mbps)
  soldier__static_B_2019.12.16_13.40.04__cycle__win0__seed44.csv: 30 samples (mean 74.52 Mbps)
  soldier__static_B_2019.12.16_13.40.04__bandwidth__win0__seed44.csv: 30 samples (mean 4.92 Mbps)
  soldier__static_B_2019.12.16_13.40.04__fixed1__win214__seed42.csv: 30 samples (mean 25.35 Mbps)
  soldier__static_B_2019.12.16_13.40.04__fixed3__win214__seed42.csv: 30 samples (mean 26.88 Mbps)
  soldier__static_B_2019.12.16_13.40.04__fixed5__win214__seed42.csv: 30 samples (mean 5.46 Mbps)
  soldier__static_B_2019.12.16_13.40.04__cycle__win214__seed42.csv: 30 samples (mean 19.65 Mbps)
  soldier__static_B_2019.12.16_13.40.04__bandwidth__win214__seed42.csv: 30 samples (mean 5.46 Mbps)
  soldier__static_B_2019.12.16_13.40.04__fixed1__win214__seed43.csv: 30 samples (mean 25.23 Mbps)
  soldier__static_B_2019.12.16_13.40.04__fixed3__win214__seed43.csv: 30 samples (mean 26.40 Mbps)
  soldier__static_B_2019.12.16_13.40.04__fixed5__win214__seed43.csv: 30 samples (mean 5.44 Mbps)
  soldier__static_B_2019.12.16_13.40.04__cycle__win214__seed43.csv: 30 samples (mean 19.94 Mbps)
  soldier__static_B_2019.12.16_13.40.04__bandwidth__win214__seed43.csv: 30 samples (mean 5.44 Mbps)
  soldier__static_B_2019.12.16_13.40.04__fixed1__win214__seed44.csv: 30 samples (mean 25.12 Mbps)
  soldier__static_B_2019.12.16_13.40.04__fixed3__win214__seed44.csv: 30 samples (mean 26.76 Mbps)
  soldier__static_B_2019.12.16_13.40.04__fixed5__win214__seed44.csv: 30 samples (mean 5.52 Mbps)
  soldier__static_B_2019.12.16_13.40.04__cycle__win214__seed44.csv: 30 samples (mean 20.08 Mbps)
  soldier__static_B_2019.12.16_13.40.04__bandwidth__win214__seed44.csv: 30 samples (mean 11.99 Mbps)
  soldier__static_B_2019.12.16_13.40.04__fixed1__win586__seed42.csv: 30 samples (mean 31.05 Mbps)
  soldier__static_B_2019.12.16_13.40.04__fixed3__win586__seed42.csv: 30 samples (mean 34.56 Mbps)
  soldier__static_B_2019.12.16_13.40.04__fixed5__win586__seed42.csv: 30 samples (mean 5.46 Mbps)
  soldier__static_B_2019.12.16_13.40.04__cycle__win586__seed42.csv: 30 samples (mean 26.27 Mbps)
  soldier__static_B_2019.12.16_13.40.04__bandwidth__win586__seed42.csv: 30 samples (mean 5.46 Mbps)
  soldier__static_B_2019.12.16_13.40.04__fixed1__win586__seed43.csv: 30 samples (mean 31.45 Mbps)
  soldier__static_B_2019.12.16_13.40.04__fixed3__win586__seed43.csv: 30 samples (mean 33.86 Mbps)
  soldier__static_B_2019.12.16_13.40.04__fixed5__win586__seed43.csv: 30 samples (mean 5.50 Mbps)
  soldier__static_B_2019.12.16_13.40.04__cycle__win586__seed43.csv: 30 samples (mean 26.78 Mbps)
  soldier__static_B_2019.12.16_13.40.04__bandwidth__win586__seed43.csv: 30 samples (mean 16.16 Mbps)
  soldier__static_B_2019.12.16_13.40.04__fixed1__win586__seed44.csv: 30 samples (mean 31.17 Mbps)
  soldier__static_B_2019.12.16_13.40.04__fixed3__win586__seed44.csv: 30 samples (mean 34.45 Mbps)
  soldier__static_B_2019.12.16_13.40.04__fixed5__win586__seed44.csv: 30 samples (mean 5.64 Mbps)
  soldier__static_B_2019.12.16_13.40.04__cycle__win586__seed44.csv: 30 samples (mean 26.28 Mbps)
  soldier__static_B_2019.12.16_13.40.04__bandwidth__win586__seed44.csv: 30 samples (mean 15.88 Mbps)
  soldier__static_B_2019.12.16_13.40.04__fixed1__win804__seed42.csv: 30 samples (mean 61.20 Mbps)
  soldier__static_B_2019.12.16_13.40.04__fixed3__win804__seed42.csv: 30 samples (mean 38.44 Mbps)
  soldier__static_B_2019.12.16_13.40.04__fixed5__win804__seed42.csv: 30 samples (mean 5.29 Mbps)
  soldier__static_B_2019.12.16_13.40.04__cycle__win804__seed42.csv: 30 samples (mean 40.85 Mbps)
  soldier__static_B_2019.12.16_13.40.04__bandwidth__win804__seed42.csv: 30 samples (mean 5.29 Mbps)
  soldier__static_B_2019.12.16_13.40.04__fixed1__win804__seed43.csv: 30 samples (mean 62.66 Mbps)
  soldier__static_B_2019.12.16_13.40.04__fixed3__win804__seed43.csv: 30 samples (mean 38.39 Mbps)
  soldier__static_B_2019.12.16_13.40.04__fixed5__win804__seed43.csv: 30 samples (mean 5.30 Mbps)
  soldier__static_B_2019.12.16_13.40.04__cycle__win804__seed43.csv: 30 samples (mean 40.92 Mbps)
  soldier__static_B_2019.12.16_13.40.04__bandwidth__win804__seed43.csv: 30 samples (mean 12.94 Mbps)
  soldier__static_B_2019.12.16_13.40.04__fixed1__win804__seed44.csv: 30 samples (mean 64.02 Mbps)
  soldier__static_B_2019.12.16_13.40.04__fixed3__win804__seed44.csv: 30 samples (mean 38.19 Mbps)
  soldier__static_B_2019.12.16_13.40.04__fixed5__win804__seed44.csv: 30 samples (mean 5.38 Mbps)
  soldier__static_B_2019.12.16_13.40.04__cycle__win804__seed44.csv: 30 samples (mean 40.93 Mbps)
  soldier__static_B_2019.12.16_13.40.04__bandwidth__win804__seed44.csv: 30 samples (mean 12.79 Mbps)
  soldier__static_B_2019.12.16_13.40.04__fixed1__win1187__seed42.csv: 30 samples (mean 30.58 Mbps)
  soldier__static_B_2019.12.16_13.40.04__fixed3__win1187__seed42.csv: 30 samples (mean 25.44 Mbps)
  soldier__static_B_2019.12.16_13.40.04__fixed5__win1187__seed42.csv: 30 samples (mean 1.52 Mbps)
  soldier__static_B_2019.12.16_13.40.04__cycle__win1187__seed42.csv: 30 samples (mean 19.62 Mbps)
  soldier__static_B_2019.12.16_13.40.04__bandwidth__win1187__seed42.csv: 30 samples (mean 1.52 Mbps)
  soldier__static_B_2019.12.16_13.40.04__fixed1__win1187__seed43.csv: 30 samples (mean 30.25 Mbps)
  soldier__static_B_2019.12.16_13.40.04__fixed3__win1187__seed43.csv: 30 samples (mean 25.18 Mbps)
  soldier__static_B_2019.12.16_13.40.04__fixed5__win1187__seed43.csv: 30 samples (mean 1.41 Mbps)
  soldier__static_B_2019.12.16_13.40.04__cycle__win1187__seed43.csv: 30 samples (mean 19.66 Mbps)
  soldier__static_B_2019.12.16_13.40.04__bandwidth__win1187__seed43.csv: 30 samples (mean 1.41 Mbps)
  soldier__static_B_2019.12.16_13.40.04__fixed1__win1187__seed44.csv: 30 samples (mean 30.26 Mbps)
  soldier__static_B_2019.12.16_13.40.04__fixed3__win1187__seed44.csv: 30 samples (mean 24.66 Mbps)
  soldier__static_B_2019.12.16_13.40.04__fixed5__win1187__seed44.csv: 30 samples (mean 1.54 Mbps)
  soldier__static_B_2019.12.16_13.40.04__cycle__win1187__seed44.csv: 30 samples (mean 19.95 Mbps)
  soldier__static_B_2019.12.16_13.40.04__bandwidth__win1187__seed44.csv: 30 samples (mean 1.54 Mbps)
  soldier__static_B_2019.12.16_13.40.04__fixed1__win1405__seed42.csv: 30 samples (mean 93.23 Mbps)
  soldier__static_B_2019.12.16_13.40.04__fixed3__win1405__seed42.csv: 30 samples (mean 25.36 Mbps)
  soldier__static_B_2019.12.16_13.40.04__fixed5__win1405__seed42.csv: 30 samples (mean 1.54 Mbps)
  soldier__static_B_2019.12.16_13.40.04__cycle__win1405__seed42.csv: 30 samples (mean 50.90 Mbps)
  soldier__static_B_2019.12.16_13.40.04__bandwidth__win1405__seed42.csv: 30 samples (mean 1.54 Mbps)
  soldier__static_B_2019.12.16_13.40.04__fixed1__win1405__seed43.csv: 30 samples (mean 89.18 Mbps)
  soldier__static_B_2019.12.16_13.40.04__fixed3__win1405__seed43.csv: 30 samples (mean 25.29 Mbps)
  soldier__static_B_2019.12.16_13.40.04__fixed5__win1405__seed43.csv: 30 samples (mean 1.56 Mbps)
  soldier__static_B_2019.12.16_13.40.04__cycle__win1405__seed43.csv: 30 samples (mean 51.80 Mbps)
  soldier__static_B_2019.12.16_13.40.04__bandwidth__win1405__seed43.csv: 30 samples (mean 1.56 Mbps)
  soldier__static_B_2019.12.16_13.40.04__fixed1__win1405__seed44.csv: 30 samples (mean 89.78 Mbps)
  soldier__static_B_2019.12.16_13.40.04__fixed3__win1405__seed44.csv: 30 samples (mean 25.19 Mbps)
  soldier__static_B_2019.12.16_13.40.04__fixed5__win1405__seed44.csv: 30 samples (mean 1.53 Mbps)
  soldier__static_B_2019.12.16_13.40.04__cycle__win1405__seed44.csv: 30 samples (mean 51.49 Mbps)
  soldier__static_B_2019.12.16_13.40.04__bandwidth__win1405__seed44.csv: 30 samples (mean 1.53 Mbps)
  soldier__static_B_2019.12.16_13.40.04__fixed1__win1673__seed42.csv: 30 samples (mean 42.32 Mbps)
  soldier__static_B_2019.12.16_13.40.04__fixed3__win1673__seed42.csv: 30 samples (mean 35.92 Mbps)
  soldier__static_B_2019.12.16_13.40.04__fixed5__win1673__seed42.csv: 30 samples (mean 5.23 Mbps)
  soldier__static_B_2019.12.16_13.40.04__cycle__win1673__seed42.csv: 30 samples (mean 33.49 Mbps)
  soldier__static_B_2019.12.16_13.40.04__bandwidth__win1673__seed42.csv: 30 samples (mean 5.23 Mbps)
  soldier__static_B_2019.12.16_13.40.04__fixed1__win1673__seed43.csv: 30 samples (mean 42.08 Mbps)
  soldier__static_B_2019.12.16_13.40.04__fixed3__win1673__seed43.csv: 30 samples (mean 36.76 Mbps)
  soldier__static_B_2019.12.16_13.40.04__fixed5__win1673__seed43.csv: 30 samples (mean 5.28 Mbps)
  soldier__static_B_2019.12.16_13.40.04__cycle__win1673__seed43.csv: 30 samples (mean 34.51 Mbps)
  soldier__static_B_2019.12.16_13.40.04__bandwidth__win1673__seed43.csv: 30 samples (mean 12.38 Mbps)
  soldier__static_B_2019.12.16_13.40.04__fixed1__win1673__seed44.csv: 30 samples (mean 41.02 Mbps)
  soldier__static_B_2019.12.16_13.40.04__fixed3__win1673__seed44.csv: 30 samples (mean 36.47 Mbps)
  soldier__static_B_2019.12.16_13.40.04__fixed5__win1673__seed44.csv: 30 samples (mean 5.40 Mbps)
  soldier__static_B_2019.12.16_13.40.04__cycle__win1673__seed44.csv: 30 samples (mean 33.94 Mbps)
  soldier__static_B_2019.12.16_13.40.04__bandwidth__win1673__seed44.csv: 30 samples (mean 11.87 Mbps)
  soldier__static_B_2019.12.16_13.40.04__fixed1__win1981__seed42.csv: 30 samples (mean 90.42 Mbps)
  soldier__static_B_2019.12.16_13.40.04__fixed3__win1981__seed42.csv: 30 samples (mean 76.17 Mbps)
  soldier__static_B_2019.12.16_13.40.04__fixed5__win1981__seed42.csv: 30 samples (mean 5.46 Mbps)
  soldier__static_B_2019.12.16_13.40.04__cycle__win1981__seed42.csv: 30 samples (mean 53.41 Mbps)
  soldier__static_B_2019.12.16_13.40.04__bandwidth__win1981__seed42.csv: 30 samples (mean 5.46 Mbps)
  soldier__static_B_2019.12.16_13.40.04__fixed1__win1981__seed43.csv: 30 samples (mean 97.15 Mbps)
  soldier__static_B_2019.12.16_13.40.04__fixed3__win1981__seed43.csv: 30 samples (mean 77.55 Mbps)
  soldier__static_B_2019.12.16_13.40.04__fixed5__win1981__seed43.csv: 30 samples (mean 5.50 Mbps)
  soldier__static_B_2019.12.16_13.40.04__cycle__win1981__seed43.csv: 30 samples (mean 57.23 Mbps)
  soldier__static_B_2019.12.16_13.40.04__bandwidth__win1981__seed43.csv: 30 samples (mean 16.16 Mbps)
  soldier__static_B_2019.12.16_13.40.04__fixed1__win1981__seed44.csv: 30 samples (mean 93.47 Mbps)
  soldier__static_B_2019.12.16_13.40.04__fixed3__win1981__seed44.csv: 30 samples (mean 77.94 Mbps)
  soldier__static_B_2019.12.16_13.40.04__fixed5__win1981__seed44.csv: 30 samples (mean 5.64 Mbps)
  soldier__static_B_2019.12.16_13.40.04__cycle__win1981__seed44.csv: 30 samples (mean 56.62 Mbps)
  soldier__static_B_2019.12.16_13.40.04__bandwidth__win1981__seed44.csv: 30 samples (mean 15.88 Mbps)
  soldier__static_B_2020.02.14_13.21.26__fixed1__win0__seed42.csv: 30 samples (mean 19.14 Mbps)
  soldier__static_B_2020.02.14_13.21.26__fixed3__win0__seed42.csv: 30 samples (mean 17.42 Mbps)
  soldier__static_B_2020.02.14_13.21.26__fixed5__win0__seed42.csv: 30 samples (mean 5.48 Mbps)
  soldier__static_B_2020.02.14_13.21.26__cycle__win0__seed42.csv: 30 samples (mean 16.26 Mbps)
  soldier__static_B_2020.02.14_13.21.26__bandwidth__win0__seed42.csv: 30 samples (mean 9.69 Mbps)
  soldier__static_B_2020.02.14_13.21.26__fixed1__win0__seed43.csv: 30 samples (mean 19.32 Mbps)
  soldier__static_B_2020.02.14_13.21.26__fixed3__win0__seed43.csv: 30 samples (mean 18.11 Mbps)
  soldier__static_B_2020.02.14_13.21.26__fixed5__win0__seed43.csv: 30 samples (mean 5.46 Mbps)
  soldier__static_B_2020.02.14_13.21.26__cycle__win0__seed43.csv: 30 samples (mean 16.10 Mbps)
  soldier__static_B_2020.02.14_13.21.26__bandwidth__win0__seed43.csv: 30 samples (mean 5.46 Mbps)
  soldier__static_B_2020.02.14_13.21.26__fixed1__win0__seed44.csv: 30 samples (mean 19.09 Mbps)
  soldier__static_B_2020.02.14_13.21.26__fixed3__win0__seed44.csv: 30 samples (mean 17.78 Mbps)
  soldier__static_B_2020.02.14_13.21.26__fixed5__win0__seed44.csv: 30 samples (mean 5.43 Mbps)
  soldier__static_B_2020.02.14_13.21.26__cycle__win0__seed44.csv: 30 samples (mean 16.49 Mbps)
  soldier__static_B_2020.02.14_13.21.26__bandwidth__win0__seed44.csv: 30 samples (mean 5.43 Mbps)
  soldier__static_B_2020.02.14_13.21.26__fixed1__win159__seed42.csv: 30 samples (mean 134.63 Mbps)
  soldier__static_B_2020.02.14_13.21.26__fixed3__win159__seed42.csv: 30 samples (mean 62.12 Mbps)
  soldier__static_B_2020.02.14_13.21.26__fixed5__win159__seed42.csv: 30 samples (mean 5.46 Mbps)
  soldier__static_B_2020.02.14_13.21.26__cycle__win159__seed42.csv: 30 samples (mean 92.48 Mbps)
  soldier__static_B_2020.02.14_13.21.26__bandwidth__win159__seed42.csv: 30 samples (mean 5.46 Mbps)
  soldier__static_B_2020.02.14_13.21.26__fixed1__win159__seed43.csv: 30 samples (mean 133.91 Mbps)
  soldier__static_B_2020.02.14_13.21.26__fixed3__win159__seed43.csv: 30 samples (mean 63.66 Mbps)
  soldier__static_B_2020.02.14_13.21.26__fixed5__win159__seed43.csv: 30 samples (mean 5.50 Mbps)
  soldier__static_B_2020.02.14_13.21.26__cycle__win159__seed43.csv: 30 samples (mean 87.69 Mbps)
  soldier__static_B_2020.02.14_13.21.26__bandwidth__win159__seed43.csv: 30 samples (mean 13.42 Mbps)
  soldier__static_B_2020.02.14_13.21.26__fixed1__win159__seed44.csv: 30 samples (mean 129.64 Mbps)
  soldier__static_B_2020.02.14_13.21.26__fixed3__win159__seed44.csv: 30 samples (mean 64.49 Mbps)
  soldier__static_B_2020.02.14_13.21.26__fixed5__win159__seed44.csv: 30 samples (mean 5.64 Mbps)
  soldier__static_B_2020.02.14_13.21.26__cycle__win159__seed44.csv: 30 samples (mean 92.40 Mbps)
  soldier__static_B_2020.02.14_13.21.26__bandwidth__win159__seed44.csv: 30 samples (mean 13.28 Mbps)
  soldier__static_B_2020.02.14_13.21.26__fixed1__win264__seed42.csv: 30 samples (mean 111.64 Mbps)
  soldier__static_B_2020.02.14_13.21.26__fixed3__win264__seed42.csv: 30 samples (mean 26.89 Mbps)
  soldier__static_B_2020.02.14_13.21.26__fixed5__win264__seed42.csv: 30 samples (mean 5.46 Mbps)
  soldier__static_B_2020.02.14_13.21.26__cycle__win264__seed42.csv: 30 samples (mean 52.37 Mbps)
  soldier__static_B_2020.02.14_13.21.26__bandwidth__win264__seed42.csv: 30 samples (mean 5.46 Mbps)
  soldier__static_B_2020.02.14_13.21.26__fixed1__win264__seed43.csv: 30 samples (mean 106.25 Mbps)
  soldier__static_B_2020.02.14_13.21.26__fixed3__win264__seed43.csv: 30 samples (mean 24.58 Mbps)
  soldier__static_B_2020.02.14_13.21.26__fixed5__win264__seed43.csv: 30 samples (mean 5.50 Mbps)
  soldier__static_B_2020.02.14_13.21.26__cycle__win264__seed43.csv: 30 samples (mean 52.62 Mbps)
  soldier__static_B_2020.02.14_13.21.26__bandwidth__win264__seed43.csv: 30 samples (mean 8.93 Mbps)
  soldier__static_B_2020.02.14_13.21.26__fixed1__win264__seed44.csv: 30 samples (mean 110.99 Mbps)
  soldier__static_B_2020.02.14_13.21.26__fixed3__win264__seed44.csv: 30 samples (mean 25.08 Mbps)
  soldier__static_B_2020.02.14_13.21.26__fixed5__win264__seed44.csv: 30 samples (mean 5.64 Mbps)
  soldier__static_B_2020.02.14_13.21.26__cycle__win264__seed44.csv: 30 samples (mean 52.28 Mbps)
  soldier__static_B_2020.02.14_13.21.26__bandwidth__win264__seed44.csv: 30 samples (mean 9.10 Mbps)
  soldier__static_B_2020.02.14_13.21.26__fixed1__win418__seed42.csv: 30 samples (mean 118.29 Mbps)
  soldier__static_B_2020.02.14_13.21.26__fixed3__win418__seed42.csv: 30 samples (mean 76.17 Mbps)
  soldier__static_B_2020.02.14_13.21.26__fixed5__win418__seed42.csv: 30 samples (mean 5.46 Mbps)
  soldier__static_B_2020.02.14_13.21.26__cycle__win418__seed42.csv: 30 samples (mean 60.16 Mbps)
  soldier__static_B_2020.02.14_13.21.26__bandwidth__win418__seed42.csv: 30 samples (mean 5.46 Mbps)
  soldier__static_B_2020.02.14_13.21.26__fixed1__win418__seed43.csv: 30 samples (mean 116.98 Mbps)
  soldier__static_B_2020.02.14_13.21.26__fixed3__win418__seed43.csv: 30 samples (mean 77.55 Mbps)
  soldier__static_B_2020.02.14_13.21.26__fixed5__win418__seed43.csv: 30 samples (mean 5.50 Mbps)
  soldier__static_B_2020.02.14_13.21.26__cycle__win418__seed43.csv: 30 samples (mean 60.47 Mbps)
  soldier__static_B_2020.02.14_13.21.26__bandwidth__win418__seed43.csv: 30 samples (mean 16.16 Mbps)
  soldier__static_B_2020.02.14_13.21.26__fixed1__win418__seed44.csv: 30 samples (mean 117.66 Mbps)
  soldier__static_B_2020.02.14_13.21.26__fixed3__win418__seed44.csv: 30 samples (mean 77.94 Mbps)
  soldier__static_B_2020.02.14_13.21.26__fixed5__win418__seed44.csv: 30 samples (mean 5.64 Mbps)
  soldier__static_B_2020.02.14_13.21.26__cycle__win418__seed44.csv: 30 samples (mean 59.77 Mbps)
  soldier__static_B_2020.02.14_13.21.26__bandwidth__win418__seed44.csv: 30 samples (mean 15.88 Mbps)
  soldier__static_B_2020.02.14_13.21.26__fixed1__win525__seed42.csv: 30 samples (mean 135.90 Mbps)
  soldier__static_B_2020.02.14_13.21.26__fixed3__win525__seed42.csv: 30 samples (mean 76.17 Mbps)
  soldier__static_B_2020.02.14_13.21.26__fixed5__win525__seed42.csv: 30 samples (mean 5.46 Mbps)
  soldier__static_B_2020.02.14_13.21.26__cycle__win525__seed42.csv: 30 samples (mean 87.84 Mbps)
  soldier__static_B_2020.02.14_13.21.26__bandwidth__win525__seed42.csv: 30 samples (mean 5.46 Mbps)
  soldier__static_B_2020.02.14_13.21.26__fixed1__win525__seed43.csv: 30 samples (mean 134.12 Mbps)
  soldier__static_B_2020.02.14_13.21.26__fixed3__win525__seed43.csv: 30 samples (mean 77.55 Mbps)
  soldier__static_B_2020.02.14_13.21.26__fixed5__win525__seed43.csv: 30 samples (mean 5.50 Mbps)
  soldier__static_B_2020.02.14_13.21.26__cycle__win525__seed43.csv: 30 samples (mean 89.22 Mbps)
  soldier__static_B_2020.02.14_13.21.26__bandwidth__win525__seed43.csv: 30 samples (mean 16.16 Mbps)
  soldier__static_B_2020.02.14_13.21.26__fixed1__win525__seed44.csv: 30 samples (mean 134.71 Mbps)
  soldier__static_B_2020.02.14_13.21.26__fixed3__win525__seed44.csv: 30 samples (mean 77.94 Mbps)
  soldier__static_B_2020.02.14_13.21.26__fixed5__win525__seed44.csv: 30 samples (mean 5.64 Mbps)
  soldier__static_B_2020.02.14_13.21.26__cycle__win525__seed44.csv: 30 samples (mean 88.55 Mbps)
  soldier__static_B_2020.02.14_13.21.26__bandwidth__win525__seed44.csv: 30 samples (mean 15.88 Mbps)
  soldier__static_B_2020.02.14_13.21.26__fixed1__win689__seed42.csv: 30 samples (mean 135.83 Mbps)
  soldier__static_B_2020.02.14_13.21.26__fixed3__win689__seed42.csv: 30 samples (mean 70.56 Mbps)
  soldier__static_B_2020.02.14_13.21.26__fixed5__win689__seed42.csv: 30 samples (mean 5.07 Mbps)
  soldier__static_B_2020.02.14_13.21.26__cycle__win689__seed42.csv: 30 samples (mean 93.08 Mbps)
  soldier__static_B_2020.02.14_13.21.26__bandwidth__win689__seed42.csv: 30 samples (mean 12.92 Mbps)
  soldier__static_B_2020.02.14_13.21.26__fixed1__win689__seed43.csv: 30 samples (mean 134.99 Mbps)
  soldier__static_B_2020.02.14_13.21.26__fixed3__win689__seed43.csv: 30 samples (mean 69.89 Mbps)
  soldier__static_B_2020.02.14_13.21.26__fixed5__win689__seed43.csv: 30 samples (mean 5.17 Mbps)
  soldier__static_B_2020.02.14_13.21.26__cycle__win689__seed43.csv: 30 samples (mean 86.08 Mbps)
  soldier__static_B_2020.02.14_13.21.26__bandwidth__win689__seed43.csv: 30 samples (mean 5.17 Mbps)
  soldier__static_B_2020.02.14_13.21.26__fixed1__win689__seed44.csv: 30 samples (mean 134.76 Mbps)
  soldier__static_B_2020.02.14_13.21.26__fixed3__win689__seed44.csv: 30 samples (mean 67.20 Mbps)
  soldier__static_B_2020.02.14_13.21.26__fixed5__win689__seed44.csv: 30 samples (mean 4.98 Mbps)
  soldier__static_B_2020.02.14_13.21.26__cycle__win689__seed44.csv: 30 samples (mean 91.24 Mbps)
  soldier__static_B_2020.02.14_13.21.26__bandwidth__win689__seed44.csv: 30 samples (mean 4.98 Mbps)
  soldier__static_B_2020.02.14_13.21.26__fixed1__win796__seed42.csv: 30 samples (mean 76.22 Mbps)
  soldier__static_B_2020.02.14_13.21.26__fixed3__win796__seed42.csv: 30 samples (mean 56.03 Mbps)
  soldier__static_B_2020.02.14_13.21.26__fixed5__win796__seed42.csv: 30 samples (mean 5.46 Mbps)
  soldier__static_B_2020.02.14_13.21.26__cycle__win796__seed42.csv: 30 samples (mean 46.34 Mbps)
  soldier__static_B_2020.02.14_13.21.26__bandwidth__win796__seed42.csv: 30 samples (mean 5.46 Mbps)
  soldier__static_B_2020.02.14_13.21.26__fixed1__win796__seed43.csv: 30 samples (mean 75.65 Mbps)
  soldier__static_B_2020.02.14_13.21.26__fixed3__win796__seed43.csv: 30 samples (mean 57.20 Mbps)
  soldier__static_B_2020.02.14_13.21.26__fixed5__win796__seed43.csv: 30 samples (mean 5.50 Mbps)
  soldier__static_B_2020.02.14_13.21.26__cycle__win796__seed43.csv: 30 samples (mean 44.83 Mbps)
  soldier__static_B_2020.02.14_13.21.26__bandwidth__win796__seed43.csv: 30 samples (mean 14.92 Mbps)
  soldier__static_B_2020.02.14_13.21.26__fixed1__win796__seed44.csv: 30 samples (mean 76.24 Mbps)
  soldier__static_B_2020.02.14_13.21.26__fixed3__win796__seed44.csv: 30 samples (mean 57.65 Mbps)
  soldier__static_B_2020.02.14_13.21.26__fixed5__win796__seed44.csv: 30 samples (mean 5.64 Mbps)
  soldier__static_B_2020.02.14_13.21.26__cycle__win796__seed44.csv: 30 samples (mean 45.47 Mbps)
  soldier__static_B_2020.02.14_13.21.26__bandwidth__win796__seed44.csv: 30 samples (mean 14.64 Mbps)
  soldier__static_B_2020.02.14_13.21.26__fixed1__win948__seed42.csv: 30 samples (mean 125.47 Mbps)
  soldier__static_B_2020.02.14_13.21.26__fixed3__win948__seed42.csv: 30 samples (mean 66.70 Mbps)
  soldier__static_B_2020.02.14_13.21.26__fixed5__win948__seed42.csv: 30 samples (mean 5.46 Mbps)
  soldier__static_B_2020.02.14_13.21.26__cycle__win948__seed42.csv: 30 samples (mean 78.44 Mbps)
  soldier__static_B_2020.02.14_13.21.26__bandwidth__win948__seed42.csv: 30 samples (mean 5.46 Mbps)
  soldier__static_B_2020.02.14_13.21.26__fixed1__win948__seed43.csv: 30 samples (mean 116.18 Mbps)
  soldier__static_B_2020.02.14_13.21.26__fixed3__win948__seed43.csv: 30 samples (mean 68.28 Mbps)
  soldier__static_B_2020.02.14_13.21.26__fixed5__win948__seed43.csv: 30 samples (mean 5.50 Mbps)
  soldier__static_B_2020.02.14_13.21.26__cycle__win948__seed43.csv: 30 samples (mean 87.38 Mbps)
  soldier__static_B_2020.02.14_13.21.26__bandwidth__win948__seed43.csv: 30 samples (mean 15.75 Mbps)
  soldier__static_B_2020.02.14_13.21.26__fixed1__win948__seed44.csv: 30 samples (mean 120.58 Mbps)
  soldier__static_B_2020.02.14_13.21.26__fixed3__win948__seed44.csv: 30 samples (mean 67.92 Mbps)
  soldier__static_B_2020.02.14_13.21.26__fixed5__win948__seed44.csv: 30 samples (mean 5.64 Mbps)
  soldier__static_B_2020.02.14_13.21.26__cycle__win948__seed44.csv: 30 samples (mean 86.45 Mbps)
  soldier__static_B_2020.02.14_13.21.26__bandwidth__win948__seed44.csv: 30 samples (mean 15.88 Mbps)
  soldier__static_B_2020.02.27_18.39.27__fixed1__win2__seed42.csv: 30 samples (mean 135.14 Mbps)
  soldier__static_B_2020.02.27_18.39.27__fixed3__win2__seed42.csv: 30 samples (mean 78.43 Mbps)
  soldier__static_B_2020.02.27_18.39.27__fixed5__win2__seed42.csv: 30 samples (mean 5.10 Mbps)
  soldier__static_B_2020.02.27_18.39.27__cycle__win2__seed42.csv: 30 samples (mean 74.51 Mbps)
  soldier__static_B_2020.02.27_18.39.27__bandwidth__win2__seed42.csv: 30 samples (mean 5.10 Mbps)
  soldier__static_B_2020.02.27_18.39.27__fixed1__win2__seed43.csv: 30 samples (mean 135.03 Mbps)
  soldier__static_B_2020.02.27_18.39.27__fixed3__win2__seed43.csv: 30 samples (mean 79.34 Mbps)
  soldier__static_B_2020.02.27_18.39.27__fixed5__win2__seed43.csv: 30 samples (mean 5.26 Mbps)
  soldier__static_B_2020.02.27_18.39.27__cycle__win2__seed43.csv: 30 samples (mean 76.09 Mbps)
  soldier__static_B_2020.02.27_18.39.27__bandwidth__win2__seed43.csv: 30 samples (mean 5.26 Mbps)
  soldier__static_B_2020.02.27_18.39.27__fixed1__win2__seed44.csv: 30 samples (mean 132.33 Mbps)
  soldier__static_B_2020.02.27_18.39.27__fixed3__win2__seed44.csv: 30 samples (mean 78.18 Mbps)
  soldier__static_B_2020.02.27_18.39.27__fixed5__win2__seed44.csv: 30 samples (mean 5.10 Mbps)
  soldier__static_B_2020.02.27_18.39.27__cycle__win2__seed44.csv: 30 samples (mean 77.33 Mbps)
  soldier__static_B_2020.02.27_18.39.27__bandwidth__win2__seed44.csv: 30 samples (mean 5.10 Mbps)
  soldier__static_B_2020.02.27_18.39.27__fixed1__win842__seed42.csv: 30 samples (mean 50.28 Mbps)
  soldier__static_B_2020.02.27_18.39.27__fixed3__win842__seed42.csv: 30 samples (mean 42.25 Mbps)
  soldier__static_B_2020.02.27_18.39.27__fixed5__win842__seed42.csv: 30 samples (mean 5.46 Mbps)
  soldier__static_B_2020.02.27_18.39.27__cycle__win842__seed42.csv: 30 samples (mean 36.42 Mbps)
  soldier__static_B_2020.02.27_18.39.27__bandwidth__win842__seed42.csv: 30 samples (mean 5.46 Mbps)
  soldier__static_B_2020.02.27_18.39.27__fixed1__win842__seed43.csv: 30 samples (mean 50.02 Mbps)
  soldier__static_B_2020.02.27_18.39.27__fixed3__win842__seed43.csv: 30 samples (mean 39.21 Mbps)
  soldier__static_B_2020.02.27_18.39.27__fixed5__win842__seed43.csv: 30 samples (mean 5.50 Mbps)
  soldier__static_B_2020.02.27_18.39.27__cycle__win842__seed43.csv: 30 samples (mean 37.81 Mbps)
  soldier__static_B_2020.02.27_18.39.27__bandwidth__win842__seed43.csv: 30 samples (mean 11.94 Mbps)
  soldier__static_B_2020.02.27_18.39.27__fixed1__win842__seed44.csv: 30 samples (mean 49.51 Mbps)
  soldier__static_B_2020.02.27_18.39.27__fixed3__win842__seed44.csv: 30 samples (mean 39.62 Mbps)
  soldier__static_B_2020.02.27_18.39.27__fixed5__win842__seed44.csv: 30 samples (mean 5.64 Mbps)
  soldier__static_B_2020.02.27_18.39.27__cycle__win842__seed44.csv: 30 samples (mean 37.20 Mbps)
  soldier__static_B_2020.02.27_18.39.27__bandwidth__win842__seed44.csv: 30 samples (mean 11.92 Mbps)
  soldier__static_B_2020.02.27_18.39.27__fixed1__win1642__seed42.csv: 30 samples (mean 42.34 Mbps)
  soldier__static_B_2020.02.27_18.39.27__fixed3__win1642__seed42.csv: 30 samples (mean 29.33 Mbps)
  soldier__static_B_2020.02.27_18.39.27__fixed5__win1642__seed42.csv: 30 samples (mean 5.22 Mbps)
  soldier__static_B_2020.02.27_18.39.27__cycle__win1642__seed42.csv: 30 samples (mean 33.84 Mbps)
  soldier__static_B_2020.02.27_18.39.27__bandwidth__win1642__seed42.csv: 30 samples (mean 5.22 Mbps)
  soldier__static_B_2020.02.27_18.39.27__fixed1__win1642__seed43.csv: 30 samples (mean 42.34 Mbps)
  soldier__static_B_2020.02.27_18.39.27__fixed3__win1642__seed43.csv: 30 samples (mean 29.08 Mbps)
  soldier__static_B_2020.02.27_18.39.27__fixed5__win1642__seed43.csv: 30 samples (mean 5.27 Mbps)
  soldier__static_B_2020.02.27_18.39.27__cycle__win1642__seed43.csv: 30 samples (mean 33.26 Mbps)
  soldier__static_B_2020.02.27_18.39.27__bandwidth__win1642__seed43.csv: 30 samples (mean 9.42 Mbps)
  soldier__static_B_2020.02.27_18.39.27__fixed1__win1642__seed44.csv: 30 samples (mean 41.31 Mbps)
  soldier__static_B_2020.02.27_18.39.27__fixed3__win1642__seed44.csv: 30 samples (mean 29.81 Mbps)
  soldier__static_B_2020.02.27_18.39.27__fixed5__win1642__seed44.csv: 30 samples (mean 5.39 Mbps)
  soldier__static_B_2020.02.27_18.39.27__cycle__win1642__seed44.csv: 30 samples (mean 33.41 Mbps)
  soldier__static_B_2020.02.27_18.39.27__bandwidth__win1642__seed44.csv: 30 samples (mean 9.41 Mbps)
  soldier__static_B_2020.02.27_18.39.27__fixed1__win2487__seed42.csv: 30 samples (mean 136.00 Mbps)
  soldier__static_B_2020.02.27_18.39.27__fixed3__win2487__seed42.csv: 30 samples (mean 72.50 Mbps)
  soldier__static_B_2020.02.27_18.39.27__fixed5__win2487__seed42.csv: 30 samples (mean 4.82 Mbps)
  soldier__static_B_2020.02.27_18.39.27__cycle__win2487__seed42.csv: 30 samples (mean 95.32 Mbps)
  soldier__static_B_2020.02.27_18.39.27__bandwidth__win2487__seed42.csv: 30 samples (mean 4.82 Mbps)
  soldier__static_B_2020.02.27_18.39.27__fixed1__win2487__seed43.csv: 30 samples (mean 132.70 Mbps)
  soldier__static_B_2020.02.27_18.39.27__fixed3__win2487__seed43.csv: 30 samples (mean 72.05 Mbps)
  soldier__static_B_2020.02.27_18.39.27__fixed5__win2487__seed43.csv: 30 samples (mean 4.93 Mbps)
  soldier__static_B_2020.02.27_18.39.27__cycle__win2487__seed43.csv: 30 samples (mean 92.80 Mbps)
  soldier__static_B_2020.02.27_18.39.27__bandwidth__win2487__seed43.csv: 30 samples (mean 9.14 Mbps)
  soldier__static_B_2020.02.27_18.39.27__fixed1__win2487__seed44.csv: 30 samples (mean 135.34 Mbps)
  soldier__static_B_2020.02.27_18.39.27__fixed3__win2487__seed44.csv: 30 samples (mean 72.91 Mbps)
  soldier__static_B_2020.02.27_18.39.27__fixed5__win2487__seed44.csv: 30 samples (mean 5.01 Mbps)
  soldier__static_B_2020.02.27_18.39.27__cycle__win2487__seed44.csv: 30 samples (mean 90.19 Mbps)
  soldier__static_B_2020.02.27_18.39.27__bandwidth__win2487__seed44.csv: 30 samples (mean 8.99 Mbps)
  soldier__static_B_2020.02.27_18.39.27__fixed1__win3321__seed42.csv: 30 samples (mean 118.68 Mbps)
  soldier__static_B_2020.02.27_18.39.27__fixed3__win3321__seed42.csv: 30 samples (mean 73.11 Mbps)
  soldier__static_B_2020.02.27_18.39.27__fixed5__win3321__seed42.csv: 30 samples (mean 5.07 Mbps)
  soldier__static_B_2020.02.27_18.39.27__cycle__win3321__seed42.csv: 30 samples (mean 71.31 Mbps)
  soldier__static_B_2020.02.27_18.39.27__bandwidth__win3321__seed42.csv: 30 samples (mean 13.45 Mbps)
  soldier__static_B_2020.02.27_18.39.27__fixed1__win3321__seed43.csv: 30 samples (mean 120.63 Mbps)
  soldier__static_B_2020.02.27_18.39.27__fixed3__win3321__seed43.csv: 30 samples (mean 78.13 Mbps)
  soldier__static_B_2020.02.27_18.39.27__fixed5__win3321__seed43.csv: 30 samples (mean 5.16 Mbps)
  soldier__static_B_2020.02.27_18.39.27__cycle__win3321__seed43.csv: 30 samples (mean 72.24 Mbps)
  soldier__static_B_2020.02.27_18.39.27__bandwidth__win3321__seed43.csv: 30 samples (mean 5.16 Mbps)
  soldier__static_B_2020.02.27_18.39.27__fixed1__win3321__seed44.csv: 30 samples (mean 119.48 Mbps)
  soldier__static_B_2020.02.27_18.39.27__fixed3__win3321__seed44.csv: 30 samples (mean 73.99 Mbps)
  soldier__static_B_2020.02.27_18.39.27__fixed5__win3321__seed44.csv: 30 samples (mean 5.28 Mbps)
  soldier__static_B_2020.02.27_18.39.27__cycle__win3321__seed44.csv: 30 samples (mean 71.73 Mbps)
  soldier__static_B_2020.02.27_18.39.27__bandwidth__win3321__seed44.csv: 30 samples (mean 5.28 Mbps)
  soldier__static_B_2020.02.27_18.39.27__fixed1__win4166__seed42.csv: 30 samples (mean 101.93 Mbps)
  soldier__static_B_2020.02.27_18.39.27__fixed3__win4166__seed42.csv: 30 samples (mean 67.00 Mbps)
  soldier__static_B_2020.02.27_18.39.27__fixed5__win4166__seed42.csv: 30 samples (mean 5.46 Mbps)
  soldier__static_B_2020.02.27_18.39.27__cycle__win4166__seed42.csv: 30 samples (mean 61.80 Mbps)
  soldier__static_B_2020.02.27_18.39.27__bandwidth__win4166__seed42.csv: 30 samples (mean 5.46 Mbps)
  soldier__static_B_2020.02.27_18.39.27__fixed1__win4166__seed43.csv: 30 samples (mean 103.52 Mbps)
  soldier__static_B_2020.02.27_18.39.27__fixed3__win4166__seed43.csv: 30 samples (mean 67.29 Mbps)
  soldier__static_B_2020.02.27_18.39.27__fixed5__win4166__seed43.csv: 30 samples (mean 5.50 Mbps)
  soldier__static_B_2020.02.27_18.39.27__cycle__win4166__seed43.csv: 30 samples (mean 60.76 Mbps)
  soldier__static_B_2020.02.27_18.39.27__bandwidth__win4166__seed43.csv: 30 samples (mean 11.96 Mbps)
  soldier__static_B_2020.02.27_18.39.27__fixed1__win4166__seed44.csv: 30 samples (mean 106.52 Mbps)
  soldier__static_B_2020.02.27_18.39.27__fixed3__win4166__seed44.csv: 30 samples (mean 67.26 Mbps)
  soldier__static_B_2020.02.27_18.39.27__fixed5__win4166__seed44.csv: 30 samples (mean 5.64 Mbps)
  soldier__static_B_2020.02.27_18.39.27__cycle__win4166__seed44.csv: 30 samples (mean 61.60 Mbps)
  soldier__static_B_2020.02.27_18.39.27__bandwidth__win4166__seed44.csv: 30 samples (mean 11.94 Mbps)
  soldier__static_B_2020.02.27_18.39.27__fixed1__win4963__seed42.csv: 30 samples (mean 77.79 Mbps)
  soldier__static_B_2020.02.27_18.39.27__fixed3__win4963__seed42.csv: 30 samples (mean 50.45 Mbps)
  soldier__static_B_2020.02.27_18.39.27__fixed5__win4963__seed42.csv: 30 samples (mean 5.47 Mbps)
  soldier__static_B_2020.02.27_18.39.27__cycle__win4963__seed42.csv: 30 samples (mean 35.87 Mbps)
  soldier__static_B_2020.02.27_18.39.27__bandwidth__win4963__seed42.csv: 30 samples (mean 5.47 Mbps)
  soldier__static_B_2020.02.27_18.39.27__fixed1__win4963__seed43.csv: 30 samples (mean 79.03 Mbps)
  soldier__static_B_2020.02.27_18.39.27__fixed3__win4963__seed43.csv: 30 samples (mean 47.86 Mbps)
  soldier__static_B_2020.02.27_18.39.27__fixed5__win4963__seed43.csv: 30 samples (mean 5.45 Mbps)
  soldier__static_B_2020.02.27_18.39.27__cycle__win4963__seed43.csv: 30 samples (mean 37.07 Mbps)
  soldier__static_B_2020.02.27_18.39.27__bandwidth__win4963__seed43.csv: 30 samples (mean 5.45 Mbps)
  soldier__static_B_2020.02.27_18.39.27__fixed1__win4963__seed44.csv: 30 samples (mean 76.78 Mbps)
  soldier__static_B_2020.02.27_18.39.27__fixed3__win4963__seed44.csv: 30 samples (mean 44.95 Mbps)
  soldier__static_B_2020.02.27_18.39.27__fixed5__win4963__seed44.csv: 30 samples (mean 5.52 Mbps)
  soldier__static_B_2020.02.27_18.39.27__cycle__win4963__seed44.csv: 30 samples (mean 36.21 Mbps)
  soldier__static_B_2020.02.27_18.39.27__bandwidth__win4963__seed44.csv: 30 samples (mean 15.67 Mbps)
  soldier__static_B_2020.02.27_18.39.27__fixed1__win5823__seed42.csv: 30 samples (mean 108.28 Mbps)
  soldier__static_B_2020.02.27_18.39.27__fixed3__win5823__seed42.csv: 30 samples (mean 76.17 Mbps)
  soldier__static_B_2020.02.27_18.39.27__fixed5__win5823__seed42.csv: 30 samples (mean 5.46 Mbps)
  soldier__static_B_2020.02.27_18.39.27__cycle__win5823__seed42.csv: 30 samples (mean 65.05 Mbps)
  soldier__static_B_2020.02.27_18.39.27__bandwidth__win5823__seed42.csv: 30 samples (mean 5.46 Mbps)
  soldier__static_B_2020.02.27_18.39.27__fixed1__win5823__seed43.csv: 30 samples (mean 102.56 Mbps)
  soldier__static_B_2020.02.27_18.39.27__fixed3__win5823__seed43.csv: 30 samples (mean 77.55 Mbps)
  soldier__static_B_2020.02.27_18.39.27__fixed5__win5823__seed43.csv: 30 samples (mean 5.50 Mbps)
  soldier__static_B_2020.02.27_18.39.27__cycle__win5823__seed43.csv: 30 samples (mean 64.14 Mbps)
  soldier__static_B_2020.02.27_18.39.27__bandwidth__win5823__seed43.csv: 30 samples (mean 16.16 Mbps)
  soldier__static_B_2020.02.27_18.39.27__fixed1__win5823__seed44.csv: 30 samples (mean 107.04 Mbps)
  soldier__static_B_2020.02.27_18.39.27__fixed3__win5823__seed44.csv: 30 samples (mean 77.94 Mbps)
  soldier__static_B_2020.02.27_18.39.27__fixed5__win5823__seed44.csv: 30 samples (mean 5.64 Mbps)
  soldier__static_B_2020.02.27_18.39.27__cycle__win5823__seed44.csv: 30 samples (mean 62.41 Mbps)
  soldier__static_B_2020.02.27_18.39.27__bandwidth__win5823__seed44.csv: 30 samples (mean 15.88 Mbps)
  soldier__driving_B_2019.12.14_10.16.30__fixed1__win3__seed42.csv: 30 samples (mean 16.51 Mbps)
  soldier__driving_B_2019.12.14_10.16.30__fixed3__win3__seed42.csv: 30 samples (mean 17.04 Mbps)
  soldier__driving_B_2019.12.14_10.16.30__fixed5__win3__seed42.csv: 30 samples (mean 5.61 Mbps)
  soldier__driving_B_2019.12.14_10.16.30__cycle__win3__seed42.csv: 30 samples (mean 14.30 Mbps)
  soldier__driving_B_2019.12.14_10.16.30__bandwidth__win3__seed42.csv: 30 samples (mean 8.01 Mbps)
  soldier__driving_B_2019.12.14_10.16.30__fixed1__win3__seed43.csv: 30 samples (mean 16.53 Mbps)
  soldier__driving_B_2019.12.14_10.16.30__fixed3__win3__seed43.csv: 30 samples (mean 17.10 Mbps)
  soldier__driving_B_2019.12.14_10.16.30__fixed5__win3__seed43.csv: 30 samples (mean 5.47 Mbps)
  soldier__driving_B_2019.12.14_10.16.30__cycle__win3__seed43.csv: 30 samples (mean 14.23 Mbps)
  soldier__driving_B_2019.12.14_10.16.30__bandwidth__win3__seed43.csv: 30 samples (mean 5.47 Mbps)
  soldier__driving_B_2019.12.14_10.16.30__fixed1__win3__seed44.csv: 30 samples (mean 16.34 Mbps)
  soldier__driving_B_2019.12.14_10.16.30__fixed3__win3__seed44.csv: 30 samples (mean 17.06 Mbps)
  soldier__driving_B_2019.12.14_10.16.30__fixed5__win3__seed44.csv: 30 samples (mean 5.54 Mbps)
  soldier__driving_B_2019.12.14_10.16.30__cycle__win3__seed44.csv: 30 samples (mean 14.11 Mbps)
  soldier__driving_B_2019.12.14_10.16.30__bandwidth__win3__seed44.csv: 30 samples (mean 5.54 Mbps)
  soldier__driving_B_2019.12.14_10.16.30__fixed1__win392__seed42.csv: 30 samples (mean 57.29 Mbps)
  soldier__driving_B_2019.12.14_10.16.30__fixed3__win392__seed42.csv: 30 samples (mean 39.36 Mbps)
  soldier__driving_B_2019.12.14_10.16.30__fixed5__win392__seed42.csv: 30 samples (mean 5.46 Mbps)
  soldier__driving_B_2019.12.14_10.16.30__cycle__win392__seed42.csv: 30 samples (mean 36.92 Mbps)
  soldier__driving_B_2019.12.14_10.16.30__bandwidth__win392__seed42.csv: 30 samples (mean 5.46 Mbps)
  soldier__driving_B_2019.12.14_10.16.30__fixed1__win392__seed43.csv: 30 samples (mean 57.81 Mbps)
  soldier__driving_B_2019.12.14_10.16.30__fixed3__win392__seed43.csv: 30 samples (mean 39.56 Mbps)
  soldier__driving_B_2019.12.14_10.16.30__fixed5__win392__seed43.csv: 30 samples (mean 5.50 Mbps)
  soldier__driving_B_2019.12.14_10.16.30__cycle__win392__seed43.csv: 30 samples (mean 36.99 Mbps)
  soldier__driving_B_2019.12.14_10.16.30__bandwidth__win392__seed43.csv: 30 samples (mean 12.80 Mbps)
  soldier__driving_B_2019.12.14_10.16.30__fixed1__win392__seed44.csv: 30 samples (mean 58.36 Mbps)
  soldier__driving_B_2019.12.14_10.16.30__fixed3__win392__seed44.csv: 30 samples (mean 39.30 Mbps)
  soldier__driving_B_2019.12.14_10.16.30__fixed5__win392__seed44.csv: 30 samples (mean 5.64 Mbps)
  soldier__driving_B_2019.12.14_10.16.30__cycle__win392__seed44.csv: 30 samples (mean 36.51 Mbps)
  soldier__driving_B_2019.12.14_10.16.30__bandwidth__win392__seed44.csv: 30 samples (mean 16.62 Mbps)
  soldier__driving_B_2019.12.14_10.16.30__fixed1__win750__seed42.csv: 30 samples (mean 7.67 Mbps)
  soldier__driving_B_2019.12.14_10.16.30__fixed3__win750__seed42.csv: 30 samples (mean 5.59 Mbps)
  soldier__driving_B_2019.12.14_10.16.30__fixed5__win750__seed42.csv: 30 samples (mean 2.15 Mbps)
  soldier__driving_B_2019.12.14_10.16.30__cycle__win750__seed42.csv: 30 samples (mean 6.74 Mbps)
  soldier__driving_B_2019.12.14_10.16.30__bandwidth__win750__seed42.csv: 30 samples (mean 2.15 Mbps)
  soldier__driving_B_2019.12.14_10.16.30__fixed1__win750__seed43.csv: 30 samples (mean 7.70 Mbps)
  soldier__driving_B_2019.12.14_10.16.30__fixed3__win750__seed43.csv: 30 samples (mean 5.60 Mbps)
  soldier__driving_B_2019.12.14_10.16.30__fixed5__win750__seed43.csv: 30 samples (mean 2.05 Mbps)
  soldier__driving_B_2019.12.14_10.16.30__cycle__win750__seed43.csv: 30 samples (mean 6.76 Mbps)
  soldier__driving_B_2019.12.14_10.16.30__bandwidth__win750__seed43.csv: 30 samples (mean 2.05 Mbps)
  soldier__driving_B_2019.12.14_10.16.30__fixed1__win750__seed44.csv: 30 samples (mean 7.67 Mbps)
  soldier__driving_B_2019.12.14_10.16.30__fixed3__win750__seed44.csv: 30 samples (mean 5.57 Mbps)
  soldier__driving_B_2019.12.14_10.16.30__fixed5__win750__seed44.csv: 30 samples (mean 2.03 Mbps)
  soldier__driving_B_2019.12.14_10.16.30__cycle__win750__seed44.csv: 30 samples (mean 6.79 Mbps)
  soldier__driving_B_2019.12.14_10.16.30__bandwidth__win750__seed44.csv: 30 samples (mean 2.03 Mbps)
  soldier__driving_B_2019.12.16_07.22.43__fixed1__win0__seed42.csv: 30 samples (mean 13.65 Mbps)
  soldier__driving_B_2019.12.16_07.22.43__fixed3__win0__seed42.csv: 30 samples (mean 12.86 Mbps)
  soldier__driving_B_2019.12.16_07.22.43__fixed5__win0__seed42.csv: 30 samples (mean 5.07 Mbps)
  soldier__driving_B_2019.12.16_07.22.43__cycle__win0__seed42.csv: 30 samples (mean 12.88 Mbps)
  soldier__driving_B_2019.12.16_07.22.43__bandwidth__win0__seed42.csv: 30 samples (mean 5.07 Mbps)
  soldier__driving_B_2019.12.16_07.22.43__fixed1__win0__seed43.csv: 30 samples (mean 13.73 Mbps)
  soldier__driving_B_2019.12.16_07.22.43__fixed3__win0__seed43.csv: 30 samples (mean 12.80 Mbps)
  soldier__driving_B_2019.12.16_07.22.43__fixed5__win0__seed43.csv: 30 samples (mean 5.07 Mbps)
  soldier__driving_B_2019.12.16_07.22.43__cycle__win0__seed43.csv: 30 samples (mean 12.25 Mbps)
  soldier__driving_B_2019.12.16_07.22.43__bandwidth__win0__seed43.csv: 30 samples (mean 5.07 Mbps)
  soldier__driving_B_2019.12.16_07.22.43__fixed1__win0__seed44.csv: 30 samples (mean 13.77 Mbps)
  soldier__driving_B_2019.12.16_07.22.43__fixed3__win0__seed44.csv: 30 samples (mean 12.75 Mbps)
  soldier__driving_B_2019.12.16_07.22.43__fixed5__win0__seed44.csv: 30 samples (mean 5.10 Mbps)
  soldier__driving_B_2019.12.16_07.22.43__cycle__win0__seed44.csv: 30 samples (mean 12.55 Mbps)
  soldier__driving_B_2019.12.16_07.22.43__bandwidth__win0__seed44.csv: 30 samples (mean 5.10 Mbps)
  soldier__driving_B_2019.12.16_07.22.43__fixed1__win1181__seed42.csv: 30 samples (mean 77.48 Mbps)
  soldier__driving_B_2019.12.16_07.22.43__fixed3__win1181__seed42.csv: 30 samples (mean 15.04 Mbps)
  soldier__driving_B_2019.12.16_07.22.43__fixed5__win1181__seed42.csv: 30 samples (mean 5.46 Mbps)
  soldier__driving_B_2019.12.16_07.22.43__cycle__win1181__seed42.csv: 30 samples (mean 36.74 Mbps)
  soldier__driving_B_2019.12.16_07.22.43__bandwidth__win1181__seed42.csv: 30 samples (mean 5.46 Mbps)
  soldier__driving_B_2019.12.16_07.22.43__fixed1__win1181__seed43.csv: 30 samples (mean 79.37 Mbps)
  soldier__driving_B_2019.12.16_07.22.43__fixed3__win1181__seed43.csv: 30 samples (mean 15.63 Mbps)
  soldier__driving_B_2019.12.16_07.22.43__fixed5__win1181__seed43.csv: 30 samples (mean 5.50 Mbps)
  soldier__driving_B_2019.12.16_07.22.43__cycle__win1181__seed43.csv: 30 samples (mean 35.93 Mbps)
  soldier__driving_B_2019.12.16_07.22.43__bandwidth__win1181__seed43.csv: 30 samples (mean 6.41 Mbps)
  soldier__driving_B_2019.12.16_07.22.43__fixed1__win1181__seed44.csv: 30 samples (mean 80.58 Mbps)
  soldier__driving_B_2019.12.16_07.22.43__fixed3__win1181__seed44.csv: 30 samples (mean 15.22 Mbps)
  soldier__driving_B_2019.12.16_07.22.43__fixed5__win1181__seed44.csv: 30 samples (mean 5.64 Mbps)
  soldier__driving_B_2019.12.16_07.22.43__cycle__win1181__seed44.csv: 30 samples (mean 35.22 Mbps)
  soldier__driving_B_2019.12.16_07.22.43__bandwidth__win1181__seed44.csv: 30 samples (mean 6.56 Mbps)
  soldier__driving_B_2019.12.16_07.22.43__fixed1__win2345__seed42.csv: 30 samples (mean 9.76 Mbps)
  soldier__driving_B_2019.12.16_07.22.43__fixed3__win2345__seed42.csv: 30 samples (mean 7.94 Mbps)
  soldier__driving_B_2019.12.16_07.22.43__fixed5__win2345__seed42.csv: 30 samples (mean 5.47 Mbps)
  soldier__driving_B_2019.12.16_07.22.43__cycle__win2345__seed42.csv: 30 samples (mean 8.25 Mbps)
  soldier__driving_B_2019.12.16_07.22.43__bandwidth__win2345__seed42.csv: 30 samples (mean 5.47 Mbps)
  soldier__driving_B_2019.12.16_07.22.43__fixed1__win2345__seed43.csv: 30 samples (mean 9.77 Mbps)
  soldier__driving_B_2019.12.16_07.22.43__fixed3__win2345__seed43.csv: 30 samples (mean 7.88 Mbps)
  soldier__driving_B_2019.12.16_07.22.43__fixed5__win2345__seed43.csv: 30 samples (mean 5.45 Mbps)
  soldier__driving_B_2019.12.16_07.22.43__cycle__win2345__seed43.csv: 30 samples (mean 8.42 Mbps)
  soldier__driving_B_2019.12.16_07.22.43__bandwidth__win2345__seed43.csv: 30 samples (mean 5.45 Mbps)
  soldier__driving_B_2019.12.16_07.22.43__fixed1__win2345__seed44.csv: 30 samples (mean 9.77 Mbps)
  soldier__driving_B_2019.12.16_07.22.43__fixed3__win2345__seed44.csv: 30 samples (mean 7.89 Mbps)
  soldier__driving_B_2019.12.16_07.22.43__fixed5__win2345__seed44.csv: 30 samples (mean 5.52 Mbps)
  soldier__driving_B_2019.12.16_07.22.43__cycle__win2345__seed44.csv: 30 samples (mean 8.17 Mbps)
  soldier__driving_B_2019.12.16_07.22.43__bandwidth__win2345__seed44.csv: 30 samples (mean 5.45 Mbps)
  soldier__driving_B_2020.02.27_20.35.57__fixed1__win0__seed42.csv: 30 samples (mean 64.00 Mbps)
  soldier__driving_B_2020.02.27_20.35.57__fixed3__win0__seed42.csv: 30 samples (mean 33.33 Mbps)
  soldier__driving_B_2020.02.27_20.35.57__fixed5__win0__seed42.csv: 30 samples (mean 4.60 Mbps)
  soldier__driving_B_2020.02.27_20.35.57__cycle__win0__seed42.csv: 30 samples (mean 45.57 Mbps)
  soldier__driving_B_2020.02.27_20.35.57__bandwidth__win0__seed42.csv: 30 samples (mean 4.60 Mbps)
  soldier__driving_B_2020.02.27_20.35.57__fixed1__win0__seed43.csv: 30 samples (mean 64.14 Mbps)
  soldier__driving_B_2020.02.27_20.35.57__fixed3__win0__seed43.csv: 30 samples (mean 30.78 Mbps)
  soldier__driving_B_2020.02.27_20.35.57__fixed5__win0__seed43.csv: 30 samples (mean 4.75 Mbps)
  soldier__driving_B_2020.02.27_20.35.57__cycle__win0__seed43.csv: 30 samples (mean 45.27 Mbps)
  soldier__driving_B_2020.02.27_20.35.57__bandwidth__win0__seed43.csv: 30 samples (mean 4.75 Mbps)
  soldier__driving_B_2020.02.27_20.35.57__fixed1__win0__seed44.csv: 30 samples (mean 62.26 Mbps)
  soldier__driving_B_2020.02.27_20.35.57__fixed3__win0__seed44.csv: 30 samples (mean 32.31 Mbps)
  soldier__driving_B_2020.02.27_20.35.57__fixed5__win0__seed44.csv: 30 samples (mean 4.64 Mbps)
  soldier__driving_B_2020.02.27_20.35.57__cycle__win0__seed44.csv: 30 samples (mean 43.31 Mbps)
  soldier__driving_B_2020.02.27_20.35.57__bandwidth__win0__seed44.csv: 30 samples (mean 4.64 Mbps)
  soldier__driving_B_2020.02.27_20.35.57__fixed1__win166__seed42.csv: 30 samples (mean 53.40 Mbps)
  soldier__driving_B_2020.02.27_20.35.57__fixed3__win166__seed42.csv: 30 samples (mean 47.76 Mbps)
  soldier__driving_B_2020.02.27_20.35.57__fixed5__win166__seed42.csv: 30 samples (mean 5.46 Mbps)
  soldier__driving_B_2020.02.27_20.35.57__cycle__win166__seed42.csv: 30 samples (mean 13.65 Mbps)
  soldier__driving_B_2020.02.27_20.35.57__bandwidth__win166__seed42.csv: 30 samples (mean 5.46 Mbps)
  soldier__driving_B_2020.02.27_20.35.57__fixed1__win166__seed43.csv: 30 samples (mean 52.51 Mbps)
  soldier__driving_B_2020.02.27_20.35.57__fixed3__win166__seed43.csv: 30 samples (mean 43.56 Mbps)
  soldier__driving_B_2020.02.27_20.35.57__fixed5__win166__seed43.csv: 30 samples (mean 5.50 Mbps)
  soldier__driving_B_2020.02.27_20.35.57__cycle__win166__seed43.csv: 30 samples (mean 13.83 Mbps)
  soldier__driving_B_2020.02.27_20.35.57__bandwidth__win166__seed43.csv: 30 samples (mean 15.34 Mbps)
  soldier__driving_B_2020.02.27_20.35.57__fixed1__win166__seed44.csv: 30 samples (mean 52.02 Mbps)
  soldier__driving_B_2020.02.27_20.35.57__fixed3__win166__seed44.csv: 30 samples (mean 42.96 Mbps)
  soldier__driving_B_2020.02.27_20.35.57__fixed5__win166__seed44.csv: 30 samples (mean 5.64 Mbps)
  soldier__driving_B_2020.02.27_20.35.57__cycle__win166__seed44.csv: 30 samples (mean 13.72 Mbps)
  soldier__driving_B_2020.02.27_20.35.57__bandwidth__win166__seed44.csv: 30 samples (mean 15.09 Mbps)
  soldier__driving_B_2020.02.27_20.35.57__fixed1__win315__seed42.csv: 30 samples (mean 4.83 Mbps)
  soldier__driving_B_2020.02.27_20.35.57__fixed3__win315__seed42.csv: 30 samples (mean 10.85 Mbps)
  soldier__driving_B_2020.02.27_20.35.57__fixed5__win315__seed42.csv: 30 samples (mean 3.07 Mbps)
  soldier__driving_B_2020.02.27_20.35.57__cycle__win315__seed42.csv: 30 samples (mean 5.89 Mbps)
  soldier__driving_B_2020.02.27_20.35.57__bandwidth__win315__seed42.csv: 30 samples (mean 3.07 Mbps)
  soldier__driving_B_2020.02.27_20.35.57__fixed1__win315__seed43.csv: 30 samples (mean 4.83 Mbps)
  soldier__driving_B_2020.02.27_20.35.57__fixed3__win315__seed43.csv: 30 samples (mean 10.69 Mbps)
  soldier__driving_B_2020.02.27_20.35.57__fixed5__win315__seed43.csv: 30 samples (mean 2.99 Mbps)
  soldier__driving_B_2020.02.27_20.35.57__cycle__win315__seed43.csv: 30 samples (mean 6.05 Mbps)
  soldier__driving_B_2020.02.27_20.35.57__bandwidth__win315__seed43.csv: 30 samples (mean 2.99 Mbps)
  soldier__driving_B_2020.02.27_20.35.57__fixed1__win315__seed44.csv: 30 samples (mean 4.85 Mbps)
  soldier__driving_B_2020.02.27_20.35.57__fixed3__win315__seed44.csv: 30 samples (mean 10.45 Mbps)
  soldier__driving_B_2020.02.27_20.35.57__fixed5__win315__seed44.csv: 30 samples (mean 3.03 Mbps)
  soldier__driving_B_2020.02.27_20.35.57__cycle__win315__seed44.csv: 30 samples (mean 6.04 Mbps)
  soldier__driving_B_2020.02.27_20.35.57__bandwidth__win315__seed44.csv: 30 samples (mean 3.03 Mbps)
  soldier__static_B_2020.01.16_10.43.34__fixed1__win0__seed42.csv: 30 samples (mean 134.02 Mbps)
  soldier__static_B_2020.01.16_10.43.34__fixed3__win0__seed42.csv: 30 samples (mean 76.16 Mbps)
  soldier__static_B_2020.01.16_10.43.34__fixed5__win0__seed42.csv: 30 samples (mean 5.46 Mbps)
  soldier__static_B_2020.01.16_10.43.34__cycle__win0__seed42.csv: 30 samples (mean 71.91 Mbps)
  soldier__static_B_2020.01.16_10.43.34__bandwidth__win0__seed42.csv: 30 samples (mean 5.46 Mbps)
  soldier__static_B_2020.01.16_10.43.34__fixed1__win0__seed43.csv: 30 samples (mean 128.60 Mbps)
  soldier__static_B_2020.01.16_10.43.34__fixed3__win0__seed43.csv: 30 samples (mean 77.49 Mbps)
  soldier__static_B_2020.01.16_10.43.34__fixed5__win0__seed43.csv: 30 samples (mean 5.44 Mbps)
  soldier__static_B_2020.01.16_10.43.34__cycle__win0__seed43.csv: 30 samples (mean 75.46 Mbps)
  soldier__static_B_2020.01.16_10.43.34__bandwidth__win0__seed43.csv: 30 samples (mean 5.44 Mbps)
  soldier__static_B_2020.01.16_10.43.34__fixed1__win0__seed44.csv: 30 samples (mean 130.30 Mbps)
  soldier__static_B_2020.01.16_10.43.34__fixed3__win0__seed44.csv: 30 samples (mean 77.84 Mbps)
  soldier__static_B_2020.01.16_10.43.34__fixed5__win0__seed44.csv: 30 samples (mean 5.51 Mbps)
  soldier__static_B_2020.01.16_10.43.34__cycle__win0__seed44.csv: 30 samples (mean 72.81 Mbps)
  soldier__static_B_2020.01.16_10.43.34__bandwidth__win0__seed44.csv: 30 samples (mean 15.66 Mbps)
  soldier__static_B_2020.01.16_10.43.34__fixed1__win1595__seed42.csv: 30 samples (mean 135.45 Mbps)
  soldier__static_B_2020.01.16_10.43.34__fixed3__win1595__seed42.csv: 30 samples (mean 76.20 Mbps)
  soldier__static_B_2020.01.16_10.43.34__fixed5__win1595__seed42.csv: 30 samples (mean 5.47 Mbps)
  soldier__static_B_2020.01.16_10.43.34__cycle__win1595__seed42.csv: 30 samples (mean 93.42 Mbps)
  soldier__static_B_2020.01.16_10.43.34__bandwidth__win1595__seed42.csv: 30 samples (mean 5.47 Mbps)
  soldier__static_B_2020.01.16_10.43.34__fixed1__win1595__seed43.csv: 30 samples (mean 134.17 Mbps)
  soldier__static_B_2020.01.16_10.43.34__fixed3__win1595__seed43.csv: 30 samples (mean 77.53 Mbps)
  soldier__static_B_2020.01.16_10.43.34__fixed5__win1595__seed43.csv: 30 samples (mean 5.45 Mbps)
  soldier__static_B_2020.01.16_10.43.34__cycle__win1595__seed43.csv: 30 samples (mean 95.42 Mbps)
  soldier__static_B_2020.01.16_10.43.34__bandwidth__win1595__seed43.csv: 30 samples (mean 5.45 Mbps)
  soldier__static_B_2020.01.16_10.43.34__fixed1__win1595__seed44.csv: 30 samples (mean 136.22 Mbps)
  soldier__static_B_2020.01.16_10.43.34__fixed3__win1595__seed44.csv: 30 samples (mean 77.88 Mbps)
  soldier__static_B_2020.01.16_10.43.34__fixed5__win1595__seed44.csv: 30 samples (mean 5.52 Mbps)
  soldier__static_B_2020.01.16_10.43.34__cycle__win1595__seed44.csv: 30 samples (mean 92.71 Mbps)
  soldier__static_B_2020.01.16_10.43.34__bandwidth__win1595__seed44.csv: 30 samples (mean 15.67 Mbps)
  soldier__static_B_2020.01.16_10.43.34__fixed1__win3174__seed42.csv: 30 samples (mean 143.43 Mbps)
  soldier__static_B_2020.01.16_10.43.34__fixed3__win3174__seed42.csv: 30 samples (mean 59.33 Mbps)
  soldier__static_B_2020.01.16_10.43.34__fixed5__win3174__seed42.csv: 30 samples (mean 5.18 Mbps)
  soldier__static_B_2020.01.16_10.43.34__cycle__win3174__seed42.csv: 30 samples (mean 90.06 Mbps)
  soldier__static_B_2020.01.16_10.43.34__bandwidth__win3174__seed42.csv: 30 samples (mean 5.18 Mbps)
  soldier__static_B_2020.01.16_10.43.34__fixed1__win3174__seed43.csv: 30 samples (mean 145.66 Mbps)
  soldier__static_B_2020.01.16_10.43.34__fixed3__win3174__seed43.csv: 30 samples (mean 61.26 Mbps)
  soldier__static_B_2020.01.16_10.43.34__fixed5__win3174__seed43.csv: 30 samples (mean 5.19 Mbps)
  soldier__static_B_2020.01.16_10.43.34__cycle__win3174__seed43.csv: 30 samples (mean 86.90 Mbps)
  soldier__static_B_2020.01.16_10.43.34__bandwidth__win3174__seed43.csv: 30 samples (mean 14.68 Mbps)
  soldier__static_B_2020.01.16_10.43.34__fixed1__win3174__seed44.csv: 30 samples (mean 146.53 Mbps)
  soldier__static_B_2020.01.16_10.43.34__fixed3__win3174__seed44.csv: 30 samples (mean 60.77 Mbps)
  soldier__static_B_2020.01.16_10.43.34__fixed5__win3174__seed44.csv: 30 samples (mean 5.27 Mbps)
  soldier__static_B_2020.01.16_10.43.34__cycle__win3174__seed44.csv: 30 samples (mean 86.03 Mbps)
  soldier__static_B_2020.01.16_10.43.34__bandwidth__win3174__seed44.csv: 30 samples (mean 14.47 Mbps)

6540 series -> C:\Users\Nima\PointCloudStreaming\data/lstm_achieved_request_pacing_s10 (5820 train / 720 validation files; final test excluded)
split: C:\Users\Nima\PointCloudStreaming\data/lstm_achieved_request_pacing_s10\split.json
Train with: python train_model.py --bandwidth-dir data/lstm_achieved --split-from data/lstm_achieved/split.json
