# C:\Users\Nima\AppData\Local\Programs\Python\Python313\python.exe -u C:\Users\Nima\PointCloudStreaming\scripts\train_dqn.py --out C:\Users\Nima\PointCloudStreaming\logs\train_runs\20260720_005851_wide\sweep\confirm\trial_011_s46\abr_dqn.pkl --run-dir C:\Users\Nima\PointCloudStreaming\logs\train_runs\20260720_005851_wide\sweep\confirm\trial_011_s46 --batch-size 64 --coverage-stride 60 --early-stop-patience 3 --epochs 8 --eps-decay-frac 0.5 --eval-every 400 --eval-offsets 3 --eval-seeds 42,43,44 --eval-sequences longdress,loot,redandblack,soldier --gamma 1.0 --hidden 256 --lam 1.0 --lr 0.0003 --mu 4.3 --protocol configs/experiment_protocol.json --reward-spec {"rebuffer_weight": 2.0, "startup_weight": 1.0} --seed 46 --segment-frames 10 --select-by qoe_quality --target-update 6000 --torch-threads 2 --trace-registry configs/trace_window_registry.json --lstm C:\Users\Nima\PointCloudStreaming\models/bandwidth_lstm_request_pacing_s10.pkl
==========================================================================================
🤖 DQN ABR training
   sequences: ['longdress', 'loot', 'redandblack', 'soldier'] | validation sequences: ['longdress', 'loot', 'redandblack', 'soldier']
   protocol: 4071599372abeb61 | train files: 13 | validation files: 4 | registered test files: 4 (NOT evaluated) | frames/episode: 300
   registry: 8297ac83fa031471 | grid: 60s | 32 episodes/parent -> 416 episodes/epoch x 8 epochs = 3328 episodes (~99840 env steps)
   segment: 10 frames/request (30 decisions/episode) | validation offsets/trace: 3 | validation seeds: [42, 43, 44]
   state_dim: 23 | actions: 6 | feature_spec: ['lstm_pred', 'buffer', 'last_rep_onehot', 'tput_last', 'tput_mean', 'tput_std', 'rep_bitrates', 'rep_densities']
   PyTorch CPU threads/trial: 2
   LSTM: models\bandwidth_lstm_request_pacing_s10.pkl
   reward = QoE: (100/N)*sum(q[fixed_log_bitrate]) - 4.3*stall_duration - 2.0*rebuffer_events - 1.0*sum|delta_segment_q| - 1.0*startup_delay  (gamma=1.0, lr=0.0003, no learner-side scaling)
   select-by: qoe_quality | out: C:\Users\Nima\PointCloudStreaming\logs\train_runs\20260720_005851_wide\sweep\confirm\trial_011_s46\abr_dqn.pkl | run-dir: C:\Users\Nima\PointCloudStreaming\logs\train_runs\20260720_005851_wide\sweep\confirm\trial_011_s46
==========================================================================================
[validation @ ep 0] untrained: reward=QoE=-151.66
[ep    1] longdress    static_B_2020.02.14_13.21.26.csv block-000@660s reward=QoE=   59.82 pacing=1.40s eps=0.999 loss=0.0000
[ep    2] loot         driving_B_2020.01.16_12.10.03.csv block-000@0s reward=QoE=   40.07 pacing=1.95s eps=0.999 loss=0.0000
[ep    3] redandblack  driving_B_2020.02.13_13.03.24.csv block-001@1394s reward=QoE=  -38.77 pacing=0.00s eps=0.998 loss=1.2907
[ep    4] soldier      driving_B_2020.02.13_13.03.24.csv block-000@60s reward=QoE=  -88.27 pacing=0.00s eps=0.998 loss=1.3096
[ep    5] longdress    driving_B_2019.12.17_07.32.39.csv block-000@480s reward=QoE=   44.74 pacing=0.28s eps=0.997 loss=1.4464
[ep    6] loot         static_B_2020.02.27_18.39.27.csv block-001@2592s reward=QoE=   45.38 pacing=0.00s eps=0.997 loss=1.1866
[ep    7] redandblack  driving_B_2020.02.14_09.38.22.csv block-000@660s reward=QoE=   15.48 pacing=0.00s eps=0.996 loss=0.9487
[ep    8] soldier      driving_B_2020.01.16_09.56.56.csv block-001@1299s reward=QoE=   16.49 pacing=0.00s eps=0.995 loss=0.8639
[ep    9] longdress    driving_B_2020.02.14_09.38.22.csv block-000@180s reward=QoE= -254.78 pacing=0.00s eps=0.995 loss=1.2392
[ep   10] loot         driving_B_2020.01.16_07.26.43.csv block-000@1860s reward=QoE=  -41.55 pacing=0.00s eps=0.994 loss=1.5691
[ep   11] redandblack  driving_B_2020.01.16_09.56.56.csv block-001@1659s reward=QoE=   41.77 pacing=2.32s eps=0.994 loss=1.4272
[ep   12] soldier      driving_B_2020.01.16_09.56.56.csv block-001@1719s reward=QoE=   30.51 pacing=0.00s eps=0.993 loss=1.4416
[ep   13] longdress    driving_B_2019.12.16_12.27.05.csv block-000@660s reward=QoE= -280.82 pacing=0.00s eps=0.993 loss=1.7937
[ep   14] loot         driving_B_2020.02.14_12.58.17.csv block-002@536s reward=QoE= -225.85 pacing=0.00s eps=0.992 loss=2.4592
[ep   15] redandblack  static_B_2019.12.16_13.40.04.csv block-000@0s reward=QoE=   33.34 pacing=0.04s eps=0.991 loss=2.0636
[ep   16] soldier      static_B_2019.12.16_13.40.04.csv block-001@775s reward=QoE=   48.19 pacing=1.09s eps=0.991 loss=2.5891
[ep   17] longdress    driving_B_2019.12.16_12.27.05.csv block-000@0s reward=QoE=    7.76 pacing=0.00s eps=0.990 loss=2.1768
[ep   18] loot         driving_B_2020.02.14_12.58.17.csv block-002@716s reward=QoE=  -36.74 pacing=0.00s eps=0.990 loss=2.0741
[ep   19] redandblack  driving_B_2019.12.16_12.27.05.csv block-000@60s reward=QoE=   -6.38 pacing=0.00s eps=0.989 loss=1.8220
[ep   20] soldier      driving_B_2020.02.13_15.02.01.csv block-000@840s reward=QoE=  -38.32 pacing=0.00s eps=0.989 loss=1.8819
[ep   21] longdress    driving_B_2019.12.17_07.32.39.csv block-004@2477s reward=QoE=   45.35 pacing=0.00s eps=0.988 loss=1.9368
[ep   22] loot         driving_B_2020.02.13_15.02.01.csv block-000@480s reward=QoE=   55.68 pacing=0.00s eps=0.987 loss=1.7882
[ep   23] redandblack  driving_B_2020.02.14_09.38.22.csv block-000@1560s reward=QoE=  -11.64 pacing=0.00s eps=0.987 loss=1.8293
[ep   24] soldier      driving_B_2020.01.16_07.26.43.csv block-000@1260s reward=QoE=  -68.17 pacing=0.00s eps=0.986 loss=1.5651
[ep   25] longdress    driving_B_2020.02.27_17.30.15.csv block-002@473s reward=QoE= -331.19 pacing=0.00s eps=0.986 loss=1.9641
[ep   26] loot         driving_B_2020.02.14_09.38.22.csv block-000@1500s reward=QoE=  -24.95 pacing=0.00s eps=0.985 loss=1.8493
[ep   27] redandblack  driving_B_2020.01.16_07.26.43.csv block-000@1500s reward=QoE=  -90.55 pacing=0.00s eps=0.985 loss=2.0024
[ep   28] soldier      driving_B_2020.02.14_09.38.22.csv block-000@180s reward=QoE= -289.19 pacing=0.00s eps=0.984 loss=1.8658
[ep   29] longdress    driving_B_2020.02.14_12.58.17.csv block-000@0s reward=QoE=  -44.01 pacing=0.00s eps=0.983 loss=1.7902
[ep   30] loot         driving_B_2019.12.16_12.27.05.csv block-000@600s reward=QoE=  -86.49 pacing=0.00s eps=0.983 loss=2.2283
[ep   31] redandblack  driving_B_2020.01.16_07.26.43.csv block-000@1140s reward=QoE=   25.50 pacing=0.00s eps=0.982 loss=2.1974
[ep   32] soldier      driving_B_2020.02.27_17.30.15.csv block-002@533s reward=QoE= -165.09 pacing=0.00s eps=0.982 loss=1.9878
[ep   33] longdress    driving_B_2020.02.14_09.38.22.csv block-000@720s reward=QoE=   44.94 pacing=0.98s eps=0.981 loss=2.2632
[ep   34] loot         driving_B_2020.01.16_12.10.03.csv block-000@120s reward=QoE=   56.25 pacing=2.12s eps=0.981 loss=1.9720
[ep   35] redandblack  driving_B_2020.02.14_12.58.17.csv block-002@716s reward=QoE=  -18.01 pacing=0.00s eps=0.980 loss=1.7276
[ep   36] soldier      driving_B_2019.12.17_07.32.39.csv block-000@180s reward=QoE=  -28.69 pacing=0.00s eps=0.979 loss=1.8770
[ep   37] longdress    driving_B_2020.02.13_15.02.01.csv block-000@2400s reward=QoE=   50.59 pacing=0.41s eps=0.979 loss=1.6231
[ep   38] loot         driving_B_2020.02.13_13.03.24.csv block-001@1214s reward=QoE= -128.48 pacing=0.00s eps=0.978 loss=1.9864
[ep   39] redandblack  static_B_2019.12.16_13.40.04.csv block-005@2006s reward=QoE=   26.46 pacing=0.00s eps=0.978 loss=1.7873
[ep   40] soldier      driving_B_2020.01.16_09.56.56.csv block-001@1599s reward=QoE=   35.87 pacing=1.12s eps=0.977 loss=1.6996
[ep   41] longdress    driving_B_2020.01.16_09.56.56.csv block-001@939s reward=QoE=  -45.83 pacing=0.00s eps=0.977 loss=1.6537
[ep   42] loot         driving_B_2020.02.14_12.58.17.csv block-000@0s reward=QoE=  -19.59 pacing=0.00s eps=0.976 loss=1.8024
[ep   43] redandblack  driving_B_2020.02.27_17.30.15.csv block-002@533s reward=QoE= -281.30 pacing=0.00s eps=0.975 loss=1.6971
[ep   44] soldier      static_B_2020.02.14_13.21.26.csv block-000@120s reward=QoE=   48.93 pacing=1.32s eps=0.975 loss=1.8332
[ep   45] longdress    driving_B_2020.01.16_09.56.56.csv block-001@999s reward=QoE= -111.13 pacing=0.00s eps=0.974 loss=1.7808
[ep   46] loot         driving_B_2020.02.13_15.02.01.csv block-000@120s reward=QoE=   47.51 pacing=2.29s eps=0.974 loss=1.6544
[ep   47] redandblack  driving_B_2020.02.14_09.38.22.csv block-000@1260s reward=QoE=  -99.66 pacing=0.00s eps=0.973 loss=1.6941
[ep   48] soldier      driving_B_2020.02.27_17.30.15.csv block-002@293s reward=QoE= -309.76 pacing=0.00s eps=0.973 loss=1.8694
[ep   49] longdress    driving_B_2020.02.27_17.30.15.csv block-002@293s reward=QoE= -358.88 pacing=0.00s eps=0.972 loss=1.7320
[ep   50] loot         driving_B_2019.12.17_07.32.39.csv block-000@1080s reward=QoE=  -28.90 pacing=0.00s eps=0.971 loss=1.9509
[ep   51] redandblack  driving_B_2020.02.27_17.30.15.csv block-002@293s reward=QoE= -309.18 pacing=0.00s eps=0.971 loss=1.9420
[ep   52] soldier      driving_B_2020.01.16_09.56.56.csv block-000@120s reward=QoE= -144.58 pacing=0.00s eps=0.970 loss=2.0321
[ep   53] longdress    driving_B_2019.12.16_12.27.05.csv block-000@300s reward=QoE= -166.59 pacing=0.00s eps=0.970 loss=1.9607
[ep   54] loot         driving_B_2020.01.16_09.56.56.csv block-000@300s reward=QoE=   27.12 pacing=2.34s eps=0.969 loss=2.0371
[ep   55] redandblack  driving_B_2020.01.16_12.10.03.csv block-000@120s reward=QoE=   31.24 pacing=2.03s eps=0.969 loss=1.9747
[ep   56] soldier      static_B_2020.02.27_18.39.27.csv block-001@2532s reward=QoE=   53.14 pacing=0.00s eps=0.968 loss=1.8419
[ep   57] longdress    driving_B_2020.02.14_09.38.22.csv block-000@0s reward=QoE= -144.39 pacing=0.00s eps=0.967 loss=1.8127
[ep   58] loot         driving_B_2019.12.16_12.27.05.csv block-000@420s reward=QoE= -204.40 pacing=0.00s eps=0.967 loss=2.0822
[ep   59] redandblack  driving_B_2020.01.16_12.10.03.csv block-000@360s reward=QoE=   46.61 pacing=1.75s eps=0.966 loss=2.0123
[ep   60] soldier      driving_B_2019.12.16_12.27.05.csv block-000@900s reward=QoE=   46.80 pacing=1.81s eps=0.966 loss=2.0982
[ep   61] longdress    static_B_2019.12.16_13.40.04.csv block-005@1406s reward=QoE=   42.97 pacing=0.00s eps=0.965 loss=2.0529
[ep   62] loot         driving_B_2019.12.16_12.27.05.csv block-000@540s reward=QoE= -160.09 pacing=0.00s eps=0.965 loss=2.1438
[ep   63] redandblack  driving_B_2020.02.13_15.02.01.csv block-000@60s reward=QoE=   63.52 pacing=0.93s eps=0.964 loss=2.0480
[ep   64] soldier      driving_B_2020.01.16_07.26.43.csv block-000@900s reward=QoE=   -6.11 pacing=0.00s eps=0.963 loss=2.0137
[ep   65] longdress    driving_B_2020.02.27_17.30.15.csv block-002@473s reward=QoE= -485.76 pacing=0.00s eps=0.963 loss=1.8075
[ep   66] loot         driving_B_2019.12.17_07.32.39.csv block-000@1140s reward=QoE=   20.50 pacing=0.00s eps=0.962 loss=2.2738
[ep   67] redandblack  driving_B_2020.01.16_09.56.56.csv block-000@180s reward=QoE=   25.64 pacing=0.00s eps=0.962 loss=2.0951
[ep   68] soldier      driving_B_2020.02.13_13.03.24.csv block-000@600s reward=QoE=  -61.72 pacing=0.00s eps=0.961 loss=1.8668
[ep   69] longdress    driving_B_2019.12.17_07.32.39.csv block-003@1594s reward=QoE=  -95.58 pacing=0.00s eps=0.961 loss=2.0554
[ep   70] loot         driving_B_2020.01.16_09.56.56.csv block-001@1179s reward=QoE=  -20.57 pacing=0.00s eps=0.960 loss=1.9856
[ep   71] redandblack  static_B_2020.02.27_18.39.27.csv block-001@4092s reward=QoE=   38.76 pacing=0.00s eps=0.959 loss=1.8705
[ep   72] soldier      driving_B_2020.02.13_13.03.24.csv block-001@974s reward=QoE=  -67.48 pacing=0.00s eps=0.959 loss=1.7707
[ep   73] longdress    static_B_2019.12.16_13.40.04.csv block-005@1886s reward=QoE=   52.26 pacing=0.00s eps=0.958 loss=1.9142
[ep   74] loot         driving_B_2020.02.27_17.30.15.csv block-002@473s reward=QoE= -400.70 pacing=0.00s eps=0.958 loss=2.1113
[ep   75] redandblack  driving_B_2019.12.17_07.32.39.csv block-000@300s reward=QoE=    8.60 pacing=0.00s eps=0.957 loss=2.0611
[ep   76] soldier      driving_B_2020.02.13_15.02.01.csv block-000@2460s reward=QoE=   33.71 pacing=1.11s eps=0.957 loss=2.1391
[ep   77] longdress    static_B_2019.12.16_13.40.04.csv block-006@2232s reward=QoE=   55.87 pacing=0.72s eps=0.956 loss=1.8096
[ep   78] loot         driving_B_2020.02.14_09.38.22.csv block-000@420s reward=QoE= -137.14 pacing=0.00s eps=0.955 loss=2.1005
[ep   79] redandblack  driving_B_2020.02.13_13.03.24.csv block-001@914s reward=QoE= -197.84 pacing=0.00s eps=0.955 loss=1.9968
[ep   80] soldier      driving_B_2019.12.17_07.32.39.csv block-004@2357s reward=QoE= -122.03 pacing=0.00s eps=0.954 loss=2.0590
[ep   81] longdress    static_B_2020.02.14_13.21.26.csv block-000@240s reward=QoE=   50.57 pacing=1.98s eps=0.954 loss=2.0862
[ep   82] loot         driving_B_2019.12.16_12.27.05.csv block-000@180s reward=QoE=  -28.38 pacing=0.00s eps=0.953 loss=1.9436
[ep   83] redandblack  driving_B_2020.02.14_12.58.17.csv block-000@0s reward=QoE=  -16.97 pacing=0.00s eps=0.953 loss=2.0198
[ep   84] soldier      driving_B_2019.12.17_07.32.39.csv block-003@1834s reward=QoE= -225.01 pacing=0.00s eps=0.952 loss=1.9709
[ep   85] longdress    driving_B_2020.02.14_12.58.17.csv block-002@536s reward=QoE= -312.28 pacing=0.00s eps=0.951 loss=1.8591
[ep   86] loot         static_B_2020.02.27_18.39.27.csv block-001@5892s reward=QoE=   34.49 pacing=2.30s eps=0.951 loss=1.7527
[ep   87] redandblack  driving_B_2019.12.17_07.32.39.csv block-003@1894s reward=QoE=  -94.02 pacing=0.00s eps=0.950 loss=2.0115
[ep   88] soldier      driving_B_2019.12.17_07.32.39.csv block-003@1774s reward=QoE=    6.91 pacing=0.00s eps=0.950 loss=1.7104
[ep   89] longdress    driving_B_2020.01.16_09.56.56.csv block-000@360s reward=QoE=    8.25 pacing=0.00s eps=0.949 loss=1.9683
[ep   90] loot         static_B_2019.12.16_13.40.04.csv block-001@715s reward=QoE=   37.28 pacing=0.00s eps=0.949 loss=1.8446
[ep   91] redandblack  driving_B_2020.01.16_12.10.03.csv block-000@180s reward=QoE=   47.93 pacing=0.70s eps=0.948 loss=1.7307
[ep   92] soldier      driving_B_2020.01.16_07.26.43.csv block-000@1380s reward=QoE=  -44.99 pacing=0.00s eps=0.947 loss=2.0335
[ep   93] longdress    driving_B_2020.01.16_12.10.03.csv block-000@120s reward=QoE=   53.46 pacing=1.22s eps=0.947 loss=1.8195
[ep   94] loot         driving_B_2020.01.16_09.56.56.csv block-001@1119s reward=QoE=   44.11 pacing=1.83s eps=0.946 loss=2.0985
[ep   95] redandblack  driving_B_2020.02.14_09.38.22.csv block-000@600s reward=QoE=   44.95 pacing=0.00s eps=0.946 loss=1.7891
[ep   96] soldier      driving_B_2020.02.27_17.30.15.csv block-002@533s reward=QoE= -224.85 pacing=0.00s eps=0.945 loss=1.9196
[ep   97] longdress    driving_B_2019.12.16_12.27.05.csv block-000@360s reward=QoE=  -34.16 pacing=0.00s eps=0.945 loss=1.7218
[ep   98] loot         driving_B_2020.02.13_15.02.01.csv block-000@1200s reward=QoE=    3.08 pacing=0.00s eps=0.944 loss=1.9607
[ep   99] redandblack  driving_B_2020.01.16_09.56.56.csv block-001@699s reward=QoE=   52.47 pacing=2.81s eps=0.943 loss=2.0006
[ep  100] soldier      driving_B_2020.01.16_07.26.43.csv block-000@1020s reward=QoE= -169.78 pacing=0.00s eps=0.943 loss=1.8259
[ep  101] longdress    static_B_2020.02.27_18.39.27.csv block-001@3612s reward=QoE= -259.78 pacing=0.41s eps=0.942 loss=1.7939
[ep  102] loot         driving_B_2020.02.14_09.38.22.csv block-000@1380s reward=QoE=    4.44 pacing=0.00s eps=0.942 loss=2.0041
[ep  103] redandblack  static_B_2020.02.14_13.21.26.csv block-000@840s reward=QoE=   36.86 pacing=2.34s eps=0.941 loss=2.0308
[ep  104] soldier      driving_B_2020.02.13_15.02.01.csv block-000@1980s reward=QoE=   38.74 pacing=0.58s eps=0.941 loss=2.2350
[ep  105] longdress    driving_B_2020.02.14_12.58.17.csv block-000@0s reward=QoE=  -41.79 pacing=0.00s eps=0.940 loss=2.0296
[ep  106] loot         static_B_2020.02.14_13.21.26.csv block-000@600s reward=QoE=   42.49 pacing=2.89s eps=0.940 loss=1.6727
[ep  107] redandblack  driving_B_2020.02.13_13.03.24.csv block-007@2290s reward=QoE= -194.98 pacing=0.00s eps=0.939 loss=2.0892
[ep  108] soldier      static_B_2020.02.27_18.39.27.csv block-001@4332s reward=QoE=   24.74 pacing=0.00s eps=0.938 loss=1.8365
[ep  109] longdress    driving_B_2020.01.16_12.10.03.csv block-000@60s reward=QoE=   31.22 pacing=0.00s eps=0.938 loss=1.7348
[ep  110] loot         driving_B_2020.02.14_09.38.22.csv block-000@780s reward=QoE=   48.82 pacing=1.71s eps=0.937 loss=1.8857
[ep  111] redandblack  driving_B_2020.01.16_12.10.03.csv block-000@0s reward=QoE=   49.31 pacing=1.88s eps=0.937 loss=1.8652
[ep  112] soldier      driving_B_2020.02.14_12.58.17.csv block-000@0s reward=QoE=  -41.38 pacing=0.00s eps=0.936 loss=1.8640
[ep  113] longdress    static_B_2019.12.16_13.40.04.csv block-005@1646s reward=QoE=   58.01 pacing=0.00s eps=0.936 loss=2.0931
[ep  114] loot         driving_B_2020.01.16_09.56.56.csv block-001@1239s reward=QoE=   19.62 pacing=0.00s eps=0.935 loss=2.2162
[ep  115] redandblack  static_B_2020.02.27_18.39.27.csv block-001@6132s reward=QoE=   38.21 pacing=1.41s eps=0.934 loss=2.2552
[ep  116] soldier      driving_B_2020.02.14_12.58.17.csv block-002@716s reward=QoE=  -88.29 pacing=0.00s eps=0.934 loss=1.6938
[ep  117] longdress    driving_B_2020.01.16_07.26.43.csv block-000@540s reward=QoE= -135.91 pacing=0.00s eps=0.933 loss=1.6967
[ep  118] loot         driving_B_2019.12.17_07.32.39.csv block-000@1200s reward=QoE=   47.61 pacing=1.84s eps=0.933 loss=1.6330
[ep  119] redandblack  driving_B_2020.01.16_09.56.56.csv block-000@0s reward=QoE=   -6.92 pacing=0.00s eps=0.932 loss=1.7933
[ep  120] soldier      driving_B_2020.02.13_15.02.01.csv block-000@420s reward=QoE=   54.80 pacing=1.45s eps=0.932 loss=1.7293
[ep  121] longdress    driving_B_2020.01.16_07.26.43.csv block-000@1560s reward=QoE= -287.57 pacing=0.00s eps=0.931 loss=1.8160
[ep  122] loot         driving_B_2020.01.16_09.56.56.csv block-000@60s reward=QoE=  -75.51 pacing=0.00s eps=0.930 loss=1.8275
[ep  123] redandblack  driving_B_2020.02.14_12.58.17.csv block-002@716s reward=QoE=    9.74 pacing=0.00s eps=0.930 loss=1.9884
[ep  124] soldier      driving_B_2020.01.16_12.10.03.csv block-000@300s reward=QoE=   11.66 pacing=0.00s eps=0.929 loss=1.7444
[ep  125] longdress    driving_B_2019.12.16_12.27.05.csv block-000@540s reward=QoE= -257.87 pacing=0.00s eps=0.929 loss=1.7115
[ep  126] loot         driving_B_2020.02.13_13.03.24.csv block-000@0s reward=QoE=  -42.60 pacing=0.00s eps=0.928 loss=1.8646
[ep  127] redandblack  driving_B_2020.02.13_13.03.24.csv block-001@1994s reward=QoE=   49.39 pacing=0.00s eps=0.928 loss=1.5703
[ep  128] soldier      static_B_2020.02.27_18.39.27.csv block-001@5472s reward=QoE=   40.42 pacing=2.32s eps=0.927 loss=1.7847
[ep  129] longdress    driving_B_2020.02.27_17.30.15.csv block-002@353s reward=QoE= -277.75 pacing=0.00s eps=0.926 loss=2.0466
[ep  130] loot         driving_B_2020.01.16_09.56.56.csv block-001@1239s reward=QoE=   27.75 pacing=0.00s eps=0.926 loss=1.8818
[ep  131] redandblack  driving_B_2020.01.16_12.10.03.csv block-000@60s reward=QoE=   16.07 pacing=0.00s eps=0.925 loss=1.7618
[ep  132] soldier      driving_B_2020.02.27_17.30.15.csv block-002@293s reward=QoE= -348.22 pacing=0.00s eps=0.925 loss=1.8836
[ep  133] longdress    static_B_2020.02.27_18.39.27.csv block-001@1872s reward=QoE=   40.23 pacing=0.00s eps=0.924 loss=1.9659
[ep  134] loot         driving_B_2020.01.16_09.56.56.csv block-001@1059s reward=QoE=  -70.49 pacing=0.00s eps=0.924 loss=1.6536
[ep  135] redandblack  static_B_2020.02.27_18.39.27.csv block-001@4512s reward=QoE=   49.02 pacing=2.14s eps=0.923 loss=1.6663
[ep  136] soldier      static_B_2019.12.16_13.40.04.csv block-005@1526s reward=QoE=   31.19 pacing=0.00s eps=0.922 loss=1.8756
[ep  137] longdress    static_B_2020.02.14_13.21.26.csv block-000@600s reward=QoE=   57.13 pacing=2.04s eps=0.922 loss=1.7500
[ep  138] loot         driving_B_2020.01.16_07.26.43.csv block-000@240s reward=QoE=  -29.32 pacing=0.00s eps=0.921 loss=1.9850
[ep  139] redandblack  driving_B_2020.02.13_15.02.01.csv block-000@1800s reward=QoE= -202.77 pacing=0.00s eps=0.921 loss=1.7288
[ep  140] soldier      static_B_2020.02.14_13.21.26.csv block-000@1020s reward=QoE=   54.78 pacing=1.45s eps=0.920 loss=1.8014
[ep  141] longdress    driving_B_2020.02.14_12.58.17.csv block-002@536s reward=QoE= -302.22 pacing=0.00s eps=0.920 loss=1.8311
[ep  142] loot         static_B_2020.02.14_13.21.26.csv block-000@0s reward=QoE=   19.77 pacing=0.00s eps=0.919 loss=1.9024
[ep  143] redandblack  driving_B_2020.02.14_12.58.17.csv block-002@536s reward=QoE= -222.37 pacing=0.00s eps=0.918 loss=1.9820
[ep  144] soldier      static_B_2020.02.14_13.21.26.csv block-000@120s reward=QoE=   43.01 pacing=1.37s eps=0.918 loss=1.9649
[ep  145] longdress    driving_B_2020.02.13_13.03.24.csv block-001@1274s reward=QoE= -203.26 pacing=0.00s eps=0.917 loss=1.9133
[ep  146] loot         driving_B_2020.02.27_17.30.15.csv block-002@473s reward=QoE= -315.37 pacing=0.00s eps=0.917 loss=1.8731
[ep  147] redandblack  static_B_2019.12.16_13.40.04.csv block-001@1015s reward=QoE=   -1.50 pacing=0.00s eps=0.916 loss=1.6985
[ep  148] soldier      driving_B_2020.02.13_15.02.01.csv block-000@2580s reward=QoE= -506.39 pacing=0.00s eps=0.916 loss=1.8737
[ep  149] longdress    driving_B_2020.02.13_13.03.24.csv block-001@1574s reward=QoE=  -84.27 pacing=0.00s eps=0.915 loss=1.8010
[ep  150] loot         driving_B_2020.02.14_12.58.17.csv block-002@596s reward=QoE=  -46.51 pacing=0.00s eps=0.914 loss=2.0055
[ep  151] redandblack  driving_B_2020.02.27_17.30.15.csv block-002@473s reward=QoE= -369.46 pacing=0.00s eps=0.914 loss=1.7342
[ep  152] soldier      driving_B_2019.12.16_12.27.05.csv block-000@240s reward=QoE=  -49.24 pacing=0.00s eps=0.913 loss=1.8943
[ep  153] longdress    static_B_2020.02.14_13.21.26.csv block-000@660s reward=QoE=   43.84 pacing=1.81s eps=0.913 loss=1.6613
[ep  154] loot         static_B_2019.12.16_13.40.04.csv block-005@1766s reward=QoE=   46.20 pacing=2.23s eps=0.912 loss=1.9042
[ep  155] redandblack  driving_B_2020.01.16_07.26.43.csv block-000@1620s reward=QoE=  -21.78 pacing=0.00s eps=0.912 loss=1.9729
[ep  156] soldier      driving_B_2020.02.14_12.58.17.csv block-002@536s reward=QoE= -267.82 pacing=0.00s eps=0.911 loss=2.0676
[ep  157] longdress    driving_B_2020.02.14_09.38.22.csv block-000@1440s reward=QoE=   45.69 pacing=1.19s eps=0.910 loss=2.1778
[ep  158] loot         driving_B_2020.01.16_12.10.03.csv block-000@180s reward=QoE=   58.98 pacing=0.27s eps=0.910 loss=1.9670
[ep  159] redandblack  driving_B_2020.02.13_13.03.24.csv block-001@1334s reward=QoE= -121.62 pacing=0.00s eps=0.909 loss=1.9482
[ep  160] soldier      driving_B_2020.02.14_09.38.22.csv block-000@1260s reward=QoE= -104.84 pacing=0.00s eps=0.909 loss=1.9502
[ep  161] longdress    static_B_2019.12.16_13.40.04.csv block-001@595s reward=QoE=   53.96 pacing=0.00s eps=0.908 loss=1.6544
[ep  162] loot         driving_B_2019.12.17_07.32.39.csv block-000@420s reward=QoE=   37.79 pacing=0.00s eps=0.908 loss=2.0815
[ep  163] redandblack  driving_B_2019.12.16_12.27.05.csv block-000@120s reward=QoE=  -32.23 pacing=0.00s eps=0.907 loss=1.8785
[ep  164] soldier      driving_B_2019.12.17_07.32.39.csv block-000@900s reward=QoE=  -71.23 pacing=0.00s eps=0.906 loss=1.9401
[ep  165] longdress    static_B_2020.02.27_18.39.27.csv block-001@3912s reward=QoE=   37.70 pacing=0.00s eps=0.906 loss=1.8737
[ep  166] loot         driving_B_2019.12.17_07.32.39.csv block-003@2014s reward=QoE=  -50.05 pacing=0.00s eps=0.905 loss=1.9474
[ep  167] redandblack  static_B_2020.02.27_18.39.27.csv block-001@672s reward=QoE=   12.15 pacing=1.79s eps=0.905 loss=1.7412
[ep  168] soldier      driving_B_2020.01.16_09.56.56.csv block-001@1359s reward=QoE=  -28.40 pacing=0.00s eps=0.904 loss=1.8290
[ep  169] longdress    driving_B_2019.12.16_12.27.05.csv block-000@780s reward=QoE=   -4.31 pacing=0.00s eps=0.904 loss=1.9950
[ep  170] loot         static_B_2020.02.14_13.21.26.csv block-000@60s reward=QoE=   48.16 pacing=2.51s eps=0.903 loss=1.8172
[ep  171] redandblack  static_B_2020.02.14_13.21.26.csv block-000@240s reward=QoE=   43.22 pacing=2.15s eps=0.902 loss=2.2136
[ep  172] soldier      driving_B_2020.02.13_13.03.24.csv block-000@300s reward=QoE=  -96.38 pacing=0.00s eps=0.902 loss=1.7143
[ep  173] longdress    driving_B_2019.12.16_12.27.05.csv block-000@1200s reward=QoE=  -61.69 pacing=0.00s eps=0.901 loss=1.8583
[ep  174] loot         driving_B_2020.02.13_13.03.24.csv block-001@1814s reward=QoE=  -66.92 pacing=0.00s eps=0.901 loss=1.8101
[ep  175] redandblack  static_B_2020.02.14_13.21.26.csv block-000@900s reward=QoE=   56.43 pacing=0.00s eps=0.900 loss=1.8251
[ep  176] soldier      driving_B_2020.02.14_12.58.17.csv block-002@656s reward=QoE=  -11.89 pacing=0.00s eps=0.900 loss=1.7439
[ep  177] longdress    driving_B_2020.02.13_13.03.24.csv block-000@540s reward=QoE= -144.27 pacing=0.00s eps=0.899 loss=1.7441
[ep  178] loot         driving_B_2020.01.16_09.56.56.csv block-001@1479s reward=QoE=   33.95 pacing=0.00s eps=0.898 loss=2.0019
[ep  179] redandblack  static_B_2019.12.16_13.40.04.csv block-000@360s reward=QoE=    3.73 pacing=0.00s eps=0.898 loss=1.7621
[ep  180] soldier      static_B_2020.02.27_18.39.27.csv block-001@5412s reward=QoE=   49.64 pacing=0.00s eps=0.897 loss=1.5066
[ep  181] longdress    static_B_2020.02.14_13.21.26.csv block-000@720s reward=QoE=   57.68 pacing=2.02s eps=0.897 loss=1.6697
[ep  182] loot         driving_B_2020.02.14_09.38.22.csv block-000@480s reward=QoE=  -28.07 pacing=0.00s eps=0.896 loss=1.7951
[ep  183] redandblack  driving_B_2020.01.16_12.10.03.csv block-000@180s reward=QoE=   44.26 pacing=1.04s eps=0.896 loss=1.7295
[ep  184] soldier      driving_B_2020.01.16_07.26.43.csv block-000@420s reward=QoE=  -87.73 pacing=0.00s eps=0.895 loss=1.9605
[ep  185] longdress    static_B_2020.02.27_18.39.27.csv block-001@912s reward=QoE=   48.03 pacing=0.00s eps=0.894 loss=1.9689
[ep  186] loot         driving_B_2020.02.13_15.02.01.csv block-000@660s reward=QoE=   15.01 pacing=0.00s eps=0.894 loss=1.6265
[ep  187] redandblack  driving_B_2020.02.13_15.02.01.csv block-000@2700s reward=QoE= -298.94 pacing=0.00s eps=0.893 loss=2.0166
[ep  188] soldier      static_B_2020.02.27_18.39.27.csv block-001@3132s reward=QoE=   49.67 pacing=0.50s eps=0.893 loss=2.0322
[ep  189] longdress    static_B_2019.12.16_13.40.04.csv block-005@1706s reward=QoE=   44.65 pacing=0.00s eps=0.892 loss=1.7212
[ep  190] loot         driving_B_2020.01.16_07.26.43.csv block-000@960s reward=QoE=  -77.13 pacing=0.00s eps=0.892 loss=1.6352
[ep  191] redandblack  driving_B_2020.02.14_09.38.22.csv block-000@360s reward=QoE= -185.85 pacing=0.00s eps=0.891 loss=1.8445
[ep  192] soldier      static_B_2020.02.27_18.39.27.csv block-001@492s reward=QoE=   33.02 pacing=0.00s eps=0.890 loss=1.8902
[ep  193] longdress    static_B_2020.02.14_13.21.26.csv block-000@300s reward=QoE=   37.32 pacing=0.00s eps=0.890 loss=1.8226
[ep  194] loot         driving_B_2019.12.17_07.32.39.csv block-003@1654s reward=QoE=  -21.07 pacing=0.00s eps=0.889 loss=2.0154
[ep  195] redandblack  driving_B_2019.12.16_12.27.05.csv block-000@180s reward=QoE=  -38.94 pacing=0.00s eps=0.889 loss=2.0017
[ep  196] soldier      static_B_2020.02.27_18.39.27.csv block-001@132s reward=QoE=   50.27 pacing=0.39s eps=0.888 loss=1.7466
[ep  197] longdress    static_B_2019.12.16_13.40.04.csv block-000@180s reward=QoE=   32.45 pacing=0.00s eps=0.888 loss=1.7687
[ep  198] loot         static_B_2020.02.14_13.21.26.csv block-000@420s reward=QoE=   55.23 pacing=0.82s eps=0.887 loss=1.7909
[ep  199] redandblack  driving_B_2020.02.14_12.58.17.csv block-002@716s reward=QoE=  -58.38 pacing=0.00s eps=0.886 loss=1.7943
[ep  200] soldier      driving_B_2020.02.14_09.38.22.csv block-000@60s reward=QoE= -169.41 pacing=0.00s eps=0.886 loss=1.5753
[ep  201] longdress    driving_B_2020.02.27_17.30.15.csv block-002@353s reward=QoE= -182.43 pacing=0.00s eps=0.885 loss=1.6809
[ep  202] loot         driving_B_2020.02.14_12.58.17.csv block-002@656s reward=QoE=    6.30 pacing=0.00s eps=0.885 loss=1.7883
[ep  203] redandblack  driving_B_2019.12.16_12.27.05.csv block-000@720s reward=QoE=  -42.69 pacing=0.00s eps=0.884 loss=2.2609
[ep  204] soldier      static_B_2019.12.16_13.40.04.csv block-005@1586s reward=QoE=   12.64 pacing=0.00s eps=0.884 loss=2.0492
[ep  205] longdress    driving_B_2020.01.16_07.26.43.csv block-000@660s reward=QoE=  -66.73 pacing=0.00s eps=0.883 loss=1.9671
[ep  206] loot         static_B_2020.02.14_13.21.26.csv block-000@780s reward=QoE=   43.35 pacing=2.54s eps=0.882 loss=1.8325
[ep  207] redandblack  static_B_2020.02.27_18.39.27.csv block-001@6252s reward=QoE=   50.70 pacing=1.55s eps=0.882 loss=1.9219
[ep  208] soldier      driving_B_2020.02.13_13.03.24.csv block-000@420s reward=QoE= -110.72 pacing=0.00s eps=0.881 loss=1.9985
[ep  209] longdress    driving_B_2020.02.14_09.38.22.csv block-000@1200s reward=QoE= -137.61 pacing=0.00s eps=0.881 loss=2.2306
[ep  210] loot         static_B_2020.02.14_13.21.26.csv block-000@540s reward=QoE=   44.23 pacing=1.08s eps=0.880 loss=1.7458
[ep  211] redandblack  static_B_2020.02.27_18.39.27.csv block-001@6012s reward=QoE=   52.37 pacing=2.04s eps=0.880 loss=1.8610
[ep  212] soldier      driving_B_2020.02.14_12.58.17.csv block-002@716s reward=QoE=  -89.28 pacing=0.00s eps=0.879 loss=1.8959
[ep  213] longdress    static_B_2019.12.16_13.40.04.csv block-005@1346s reward=QoE=  -38.84 pacing=0.00s eps=0.878 loss=1.8190
[ep  214] loot         driving_B_2020.02.13_13.03.24.csv block-000@240s reward=QoE=  -43.98 pacing=0.00s eps=0.878 loss=1.9916
[ep  215] redandblack  driving_B_2020.01.16_07.26.43.csv block-000@600s reward=QoE=  -34.93 pacing=0.00s eps=0.877 loss=1.8654
[ep  216] soldier      driving_B_2020.01.16_09.56.56.csv block-001@639s reward=QoE=   32.66 pacing=0.00s eps=0.877 loss=1.7879
[ep  217] longdress    driving_B_2019.12.16_12.27.05.csv block-000@600s reward=QoE= -413.68 pacing=0.00s eps=0.876 loss=1.8753
[ep  218] loot         driving_B_2020.01.16_07.26.43.csv block-000@1440s reward=QoE=  -31.28 pacing=0.00s eps=0.876 loss=2.0072
[ep  219] redandblack  static_B_2020.02.27_18.39.27.csv block-001@5832s reward=QoE=   44.16 pacing=2.07s eps=0.875 loss=1.7988
[ep  220] soldier      static_B_2019.12.16_13.40.04.csv block-001@1075s reward=QoE=   36.91 pacing=0.00s eps=0.874 loss=1.8886
[ep  221] longdress    driving_B_2019.12.16_12.27.05.csv block-000@60s reward=QoE=  -70.56 pacing=0.00s eps=0.874 loss=2.1267
[ep  222] loot         driving_B_2020.01.16_09.56.56.csv block-001@879s reward=QoE=   50.92 pacing=0.00s eps=0.873 loss=1.7732
[ep  223] redandblack  driving_B_2020.01.16_12.10.03.csv block-000@300s reward=QoE=   18.09 pacing=0.00s eps=0.873 loss=1.8811
[ep  224] soldier      static_B_2019.12.16_13.40.04.csv block-000@300s reward=QoE=    0.52 pacing=0.00s eps=0.872 loss=2.2018
[ep  225] longdress    driving_B_2019.12.17_07.32.39.csv block-000@1020s reward=QoE= -210.49 pacing=0.00s eps=0.872 loss=1.8137
[ep  226] loot         driving_B_2020.02.14_09.38.22.csv block-000@540s reward=QoE=  -61.13 pacing=0.00s eps=0.871 loss=1.8640
[ep  227] redandblack  driving_B_2020.01.16_12.10.03.csv block-000@240s reward=QoE=   54.38 pacing=1.93s eps=0.870 loss=2.1620
[ep  228] soldier      static_B_2020.02.27_18.39.27.csv block-001@6072s reward=QoE=   47.62 pacing=1.43s eps=0.870 loss=1.9135
[ep  229] longdress    driving_B_2020.02.14_12.58.17.csv block-002@596s reward=QoE=  -97.01 pacing=0.00s eps=0.869 loss=1.9624
[ep  230] loot         driving_B_2020.02.13_15.02.01.csv block-000@1860s reward=QoE=  -67.06 pacing=0.00s eps=0.869 loss=1.6746
[ep  231] redandblack  driving_B_2020.02.14_09.38.22.csv block-000@1020s reward=QoE=   42.13 pacing=1.56s eps=0.868 loss=1.8898
[ep  232] soldier      driving_B_2020.02.13_15.02.01.csv block-000@540s reward=QoE=  -86.42 pacing=0.00s eps=0.868 loss=2.0222
[ep  233] longdress    driving_B_2019.12.17_07.32.39.csv block-000@600s reward=QoE=  -64.09 pacing=0.00s eps=0.867 loss=2.1633
[ep  234] loot         driving_B_2019.12.16_12.27.05.csv block-000@900s reward=QoE=   37.83 pacing=1.68s eps=0.866 loss=1.8781
[ep  235] redandblack  driving_B_2020.01.16_07.26.43.csv block-000@1320s reward=QoE=  -38.52 pacing=0.00s eps=0.866 loss=1.8051
[ep  236] soldier      static_B_2020.02.27_18.39.27.csv block-001@2172s reward=QoE=   53.15 pacing=0.00s eps=0.865 loss=1.9342
[ep  237] longdress    driving_B_2020.01.16_12.10.03.csv block-000@120s reward=QoE=   38.36 pacing=0.00s eps=0.865 loss=1.7365
[ep  238] loot         driving_B_2020.02.14_09.38.22.csv block-000@1320s reward=QoE= -103.38 pacing=0.00s eps=0.864 loss=1.6868
[ep  239] redandblack  driving_B_2020.01.16_12.10.03.csv block-000@180s reward=QoE=   39.84 pacing=0.59s eps=0.864 loss=1.7842
[ep  240] soldier      driving_B_2020.01.16_07.26.43.csv block-000@780s reward=QoE=  -48.50 pacing=0.00s eps=0.863 loss=1.8222
[ep  241] longdress    driving_B_2020.01.16_09.56.56.csv block-001@1479s reward=QoE=   22.43 pacing=0.00s eps=0.862 loss=2.1210
[ep  242] loot         driving_B_2019.12.16_12.27.05.csv block-000@360s reward=QoE=  -17.14 pacing=0.00s eps=0.862 loss=1.9130
[ep  243] redandblack  driving_B_2020.02.13_13.03.24.csv block-001@1154s reward=QoE= -109.78 pacing=0.00s eps=0.861 loss=1.7359
[ep  244] soldier      driving_B_2020.02.13_13.03.24.csv block-001@1034s reward=QoE= -198.00 pacing=0.00s eps=0.861 loss=1.8731
[ep  245] longdress    driving_B_2020.02.13_15.02.01.csv block-000@2940s reward=QoE=  -91.92 pacing=0.00s eps=0.860 loss=1.8666
[ep  246] loot         driving_B_2020.01.16_09.56.56.csv block-001@1539s reward=QoE=   49.35 pacing=1.69s eps=0.860 loss=1.9624
[ep  247] redandblack  driving_B_2019.12.17_07.32.39.csv block-000@60s reward=QoE=  -22.11 pacing=0.00s eps=0.859 loss=1.7386
[ep  248] soldier      driving_B_2020.02.13_15.02.01.csv block-000@1080s reward=QoE=  -83.92 pacing=0.00s eps=0.858 loss=1.8564
[ep  249] longdress    driving_B_2020.02.14_09.38.22.csv block-000@120s reward=QoE= -117.80 pacing=0.00s eps=0.858 loss=2.1492
[ep  250] loot         driving_B_2019.12.17_07.32.39.csv block-000@240s reward=QoE=  -54.66 pacing=0.00s eps=0.857 loss=1.8482
[ep  251] redandblack  driving_B_2020.02.13_13.03.24.csv block-001@1754s reward=QoE=   -2.76 pacing=0.00s eps=0.857 loss=1.7984
[ep  252] soldier      driving_B_2020.02.27_17.30.15.csv block-002@353s reward=QoE= -188.15 pacing=0.00s eps=0.856 loss=1.6374
[ep  253] longdress    driving_B_2020.02.14_12.58.17.csv block-002@596s reward=QoE=  -64.53 pacing=0.00s eps=0.856 loss=1.7308
[ep  254] loot         driving_B_2020.02.14_09.38.22.csv block-000@540s reward=QoE=  -65.25 pacing=0.00s eps=0.855 loss=1.9095
[ep  255] redandblack  static_B_2020.02.27_18.39.27.csv block-001@2892s reward=QoE=   58.51 pacing=2.06s eps=0.854 loss=2.1435
[ep  256] soldier      static_B_2019.12.16_13.40.04.csv block-001@895s reward=QoE=   32.76 pacing=0.00s eps=0.854 loss=1.4776
[ep  257] longdress    driving_B_2020.01.16_07.26.43.csv block-000@480s reward=QoE= -195.77 pacing=0.00s eps=0.853 loss=1.6730
[ep  258] loot         driving_B_2020.02.13_15.02.01.csv block-000@2160s reward=QoE=   44.21 pacing=0.00s eps=0.853 loss=2.0113
[ep  259] redandblack  driving_B_2020.02.13_13.03.24.csv block-001@1454s reward=QoE= -187.10 pacing=0.00s eps=0.852 loss=1.8933
[ep  260] soldier      driving_B_2020.02.14_12.58.17.csv block-002@596s reward=QoE=  -92.99 pacing=0.00s eps=0.852 loss=1.5814
[ep  261] longdress    driving_B_2020.01.16_09.56.56.csv block-001@999s reward=QoE=  -92.41 pacing=0.00s eps=0.851 loss=1.8334
[ep  262] loot         static_B_2020.02.27_18.39.27.csv block-001@3972s reward=QoE=   56.78 pacing=0.00s eps=0.850 loss=1.7525
[ep  263] redandblack  driving_B_2020.02.13_13.03.24.csv block-001@1874s reward=QoE= -234.59 pacing=0.00s eps=0.850 loss=1.9365
[ep  264] soldier      driving_B_2020.01.16_09.56.56.csv block-001@819s reward=QoE=   15.71 pacing=0.00s eps=0.849 loss=1.6250
[ep  265] longdress    driving_B_2020.02.14_12.58.17.csv block-002@656s reward=QoE=   -2.70 pacing=0.00s eps=0.849 loss=1.9424
[ep  266] loot         static_B_2020.02.14_13.21.26.csv block-000@180s reward=QoE=   54.80 pacing=0.13s eps=0.848 loss=1.7677
[ep  267] redandblack  driving_B_2020.02.14_12.58.17.csv block-002@536s reward=QoE= -243.96 pacing=0.00s eps=0.848 loss=1.8622
[ep  268] soldier      driving_B_2020.02.13_13.03.24.csv block-000@480s reward=QoE=  -82.88 pacing=0.00s eps=0.847 loss=1.7639
[ep  269] longdress    driving_B_2020.01.16_07.26.43.csv block-000@1740s reward=QoE= -206.57 pacing=0.00s eps=0.846 loss=1.6028
[ep  270] loot         static_B_2019.12.16_13.40.04.csv block-005@1826s reward=QoE=   56.21 pacing=0.00s eps=0.846 loss=1.7201
[ep  271] redandblack  static_B_2019.12.16_13.40.04.csv block-005@1466s reward=QoE=   49.92 pacing=0.00s eps=0.845 loss=1.6319
[ep  272] soldier      driving_B_2020.01.16_09.56.56.csv block-001@1299s reward=QoE=   23.28 pacing=0.00s eps=0.845 loss=1.8368
[ep  273] longdress    driving_B_2020.01.16_12.10.03.csv block-000@300s reward=QoE=    4.22 pacing=0.00s eps=0.844 loss=2.0353
[ep  274] loot         static_B_2020.02.14_13.21.26.csv block-000@300s reward=QoE=   39.54 pacing=0.00s eps=0.844 loss=1.8602
[ep  275] redandblack  static_B_2020.02.27_18.39.27.csv block-001@5532s reward=QoE=   44.90 pacing=1.88s eps=0.843 loss=1.8938
[ep  276] soldier      driving_B_2020.01.16_09.56.56.csv block-001@1419s reward=QoE=   41.59 pacing=0.00s eps=0.842 loss=1.7131
[ep  277] longdress    driving_B_2019.12.17_07.32.39.csv block-000@660s reward=QoE=  -51.85 pacing=0.00s eps=0.842 loss=1.7826
[ep  278] loot         driving_B_2020.02.27_17.30.15.csv block-002@533s reward=QoE= -229.31 pacing=0.00s eps=0.841 loss=1.6670
[ep  279] redandblack  driving_B_2020.02.13_13.03.24.csv block-001@1694s reward=QoE=  -38.36 pacing=0.00s eps=0.841 loss=1.7486
[ep  280] soldier      driving_B_2020.01.16_12.10.03.csv block-000@180s reward=QoE=   42.67 pacing=1.39s eps=0.840 loss=1.8351
[ep  281] longdress    driving_B_2020.01.16_12.10.03.csv block-000@240s reward=QoE=   46.65 pacing=1.07s eps=0.840 loss=1.8450
[ep  282] loot         driving_B_2020.02.27_17.30.15.csv block-002@413s reward=QoE= -116.63 pacing=0.00s eps=0.839 loss=1.7097
[ep  283] redandblack  driving_B_2020.02.13_13.03.24.csv block-000@120s reward=QoE=  -87.38 pacing=0.00s eps=0.838 loss=1.7390
[ep  284] soldier      driving_B_2020.02.14_09.38.22.csv block-000@1080s reward=QoE=  -61.39 pacing=0.00s eps=0.838 loss=1.7141
[ep  285] longdress    driving_B_2020.02.13_15.02.01.csv block-000@240s reward=QoE=   61.81 pacing=0.00s eps=0.837 loss=1.6977
[ep  286] loot         static_B_2020.02.14_13.21.26.csv block-000@540s reward=QoE=   54.89 pacing=1.53s eps=0.837 loss=2.0363
[ep  287] redandblack  driving_B_2020.01.16_07.26.43.csv block-000@60s reward=QoE=    0.60 pacing=0.00s eps=0.836 loss=1.6435
[ep  288] soldier      driving_B_2020.02.13_13.03.24.csv block-001@1514s reward=QoE=  -87.19 pacing=0.00s eps=0.836 loss=1.8675
[ep  289] longdress    driving_B_2020.01.16_12.10.03.csv block-000@360s reward=QoE=   42.75 pacing=0.00s eps=0.835 loss=1.8623
[ep  290] loot         driving_B_2019.12.16_12.27.05.csv block-000@240s reward=QoE=  -11.59 pacing=0.00s eps=0.834 loss=1.7356
[ep  291] redandblack  static_B_2020.02.14_13.21.26.csv block-000@0s reward=QoE=    5.87 pacing=0.00s eps=0.834 loss=1.5176
[ep  292] soldier      driving_B_2020.02.13_13.03.24.csv block-001@1094s reward=QoE= -131.57 pacing=0.00s eps=0.833 loss=1.7555
[ep  293] longdress    driving_B_2020.02.13_13.03.24.csv block-000@180s reward=QoE= -137.53 pacing=0.00s eps=0.833 loss=1.5894
[ep  294] loot         driving_B_2019.12.16_12.27.05.csv block-000@840s reward=QoE=   14.49 pacing=0.00s eps=0.832 loss=1.5187
[ep  295] redandblack  driving_B_2019.12.17_07.32.39.csv block-000@540s reward=QoE= -110.75 pacing=0.00s eps=0.832 loss=1.8445
[ep  296] soldier      driving_B_2019.12.17_07.32.39.csv block-003@1534s reward=QoE=    5.00 pacing=0.00s eps=0.831 loss=1.9000
[ep  297] longdress    driving_B_2020.02.13_15.02.01.csv block-000@2880s reward=QoE=   59.04 pacing=0.03s eps=0.830 loss=1.8832
[ep  298] loot         driving_B_2020.02.14_09.38.22.csv block-000@840s reward=QoE=  -37.33 pacing=0.00s eps=0.830 loss=1.6180
[ep  299] redandblack  driving_B_2020.01.16_07.26.43.csv block-000@180s reward=QoE= -158.21 pacing=0.00s eps=0.829 loss=1.6961
[ep  300] soldier      driving_B_2020.01.16_12.10.03.csv block-000@60s reward=QoE=   30.55 pacing=0.00s eps=0.829 loss=1.6452
[ep  301] longdress    driving_B_2020.02.14_12.58.17.csv block-002@596s reward=QoE=  -89.81 pacing=0.00s eps=0.828 loss=1.7932
[ep  302] loot         driving_B_2019.12.16_12.27.05.csv block-000@1020s reward=QoE=   54.63 pacing=0.00s eps=0.828 loss=1.7101
[ep  303] redandblack  static_B_2020.02.14_13.21.26.csv block-000@360s reward=QoE=   43.79 pacing=0.95s eps=0.827 loss=1.6784
[ep  304] soldier      driving_B_2020.02.13_15.02.01.csv block-000@2100s reward=QoE=   -4.31 pacing=0.00s eps=0.826 loss=1.7850
[ep  305] longdress    driving_B_2020.01.16_12.10.03.csv block-000@300s reward=QoE=   11.12 pacing=0.00s eps=0.826 loss=1.9884
[ep  306] loot         driving_B_2020.01.16_12.10.03.csv block-000@0s reward=QoE=   39.81 pacing=2.39s eps=0.825 loss=1.7219
[ep  307] redandblack  driving_B_2020.02.14_12.58.17.csv block-002@656s reward=QoE=   18.92 pacing=0.00s eps=0.825 loss=1.7669
[ep  308] soldier      static_B_2020.02.27_18.39.27.csv block-001@3672s reward=QoE=    8.78 pacing=1.16s eps=0.824 loss=1.7461
[ep  309] longdress    driving_B_2020.02.13_13.03.24.csv block-001@1634s reward=QoE=  -84.31 pacing=0.00s eps=0.824 loss=1.7549
[ep  310] loot         static_B_2020.02.27_18.39.27.csv block-001@3372s reward=QoE=   57.10 pacing=0.00s eps=0.823 loss=1.8708
[ep  311] redandblack  static_B_2019.12.16_13.40.04.csv block-006@2172s reward=QoE=   46.38 pacing=2.47s eps=0.822 loss=1.9788
[ep  312] soldier      static_B_2019.12.16_13.40.04.csv block-001@835s reward=QoE=   43.46 pacing=1.06s eps=0.822 loss=1.6843
[ep  313] longdress    driving_B_2020.02.13_15.02.01.csv block-000@2760s reward=QoE= -124.23 pacing=0.00s eps=0.821 loss=1.5426
[ep  314] loot         driving_B_2019.12.16_12.27.05.csv block-000@1080s reward=QoE=   46.01 pacing=0.00s eps=0.821 loss=1.7068
[ep  315] redandblack  driving_B_2020.01.16_07.26.43.csv block-000@1200s reward=QoE=   16.25 pacing=0.00s eps=0.820 loss=1.7596
[ep  316] soldier      driving_B_2020.02.27_17.30.15.csv block-002@293s reward=QoE= -369.22 pacing=0.00s eps=0.820 loss=1.9206
[ep  317] longdress    driving_B_2020.02.14_09.38.22.csv block-000@240s reward=QoE= -280.16 pacing=0.00s eps=0.819 loss=1.7365
[ep  318] loot         driving_B_2020.02.13_15.02.01.csv block-000@900s reward=QoE=  -88.79 pacing=0.00s eps=0.818 loss=1.8194
[ep  319] redandblack  driving_B_2020.01.16_12.10.03.csv block-000@360s reward=QoE=   36.87 pacing=0.00s eps=0.818 loss=1.7874
[ep  320] soldier      driving_B_2020.02.27_17.30.15.csv block-002@353s reward=QoE= -274.32 pacing=0.00s eps=0.817 loss=1.6377
[ep  321] longdress    static_B_2020.02.14_13.21.26.csv block-000@900s reward=QoE=   43.43 pacing=0.00s eps=0.817 loss=1.6773
[ep  322] loot         driving_B_2020.02.14_09.38.22.csv block-000@900s reward=QoE= -137.47 pacing=0.00s eps=0.816 loss=1.7359
[ep  323] redandblack  driving_B_2020.02.14_09.38.22.csv block-000@960s reward=QoE=   38.88 pacing=0.00s eps=0.816 loss=1.8335
[ep  324] soldier      driving_B_2020.02.27_17.30.15.csv block-002@413s reward=QoE= -664.38 pacing=0.00s eps=0.815 loss=1.9030
[ep  325] longdress    driving_B_2020.01.16_12.10.03.csv block-000@360s reward=QoE=   41.06 pacing=0.00s eps=0.814 loss=1.9765
[ep  326] loot         driving_B_2020.01.16_07.26.43.csv block-000@1080s reward=QoE=   11.75 pacing=0.00s eps=0.814 loss=1.6063
[ep  327] redandblack  driving_B_2019.12.17_07.32.39.csv block-004@2417s reward=QoE=   -5.11 pacing=0.00s eps=0.813 loss=1.6736
[ep  328] soldier      driving_B_2020.01.16_09.56.56.csv block-001@759s reward=QoE=   -2.46 pacing=0.00s eps=0.813 loss=1.6874
[ep  329] longdress    driving_B_2020.01.16_07.26.43.csv block-000@0s reward=QoE=  -88.47 pacing=0.00s eps=0.812 loss=1.8550
[ep  330] loot         static_B_2019.12.16_13.40.04.csv block-001@1135s reward=QoE=   41.31 pacing=0.00s eps=0.812 loss=1.7475
[ep  331] redandblack  static_B_2020.02.14_13.21.26.csv block-000@720s reward=QoE=   54.33 pacing=0.31s eps=0.811 loss=1.8325
[ep  332] soldier      driving_B_2020.02.14_12.58.17.csv block-000@0s reward=QoE=  -44.83 pacing=0.00s eps=0.810 loss=1.6940
[ep  333] longdress    driving_B_2020.02.27_17.30.15.csv block-002@353s reward=QoE= -270.56 pacing=0.00s eps=0.810 loss=1.6281
[ep  334] loot         driving_B_2020.01.16_07.26.43.csv block-000@1800s reward=QoE=  -11.42 pacing=0.00s eps=0.809 loss=1.6962
[ep  335] redandblack  driving_B_2019.12.16_12.27.05.csv block-000@1140s reward=QoE=   41.12 pacing=0.00s eps=0.809 loss=1.7287
[ep  336] soldier      driving_B_2020.02.27_17.30.15.csv block-002@533s reward=QoE= -198.20 pacing=0.00s eps=0.808 loss=1.8457
[ep  337] longdress    static_B_2019.12.16_13.40.04.csv block-005@1946s reward=QoE=   47.95 pacing=0.00s eps=0.808 loss=1.7097
[ep  338] loot         driving_B_2020.02.14_09.38.22.csv block-000@780s reward=QoE=   40.01 pacing=0.58s eps=0.807 loss=1.7481
[ep  339] redandblack  driving_B_2020.02.14_12.58.17.csv block-002@656s reward=QoE=   11.41 pacing=0.00s eps=0.806 loss=1.7473
[ep  340] soldier      driving_B_2020.02.13_15.02.01.csv block-000@600s reward=QoE=  -48.93 pacing=0.00s eps=0.806 loss=1.7284
[ep  341] longdress    driving_B_2020.02.27_17.30.15.csv block-002@413s reward=QoE= -526.37 pacing=0.00s eps=0.805 loss=1.9176
[ep  342] loot         driving_B_2020.02.27_17.30.15.csv block-002@353s reward=QoE= -115.50 pacing=0.00s eps=0.805 loss=1.7596
[ep  343] redandblack  driving_B_2020.01.16_12.10.03.csv block-000@240s reward=QoE=   48.23 pacing=1.87s eps=0.804 loss=1.8985
[ep  344] soldier      driving_B_2020.02.27_17.30.15.csv block-002@293s reward=QoE= -405.13 pacing=0.00s eps=0.804 loss=1.7257
[ep  345] longdress    static_B_2019.12.16_13.40.04.csv block-000@420s reward=QoE=   47.14 pacing=0.00s eps=0.803 loss=2.0849
[ep  346] loot         driving_B_2020.02.14_12.58.17.csv block-002@656s reward=QoE=   24.31 pacing=0.00s eps=0.802 loss=2.0071
[ep  347] redandblack  driving_B_2019.12.17_07.32.39.csv block-004@2537s reward=QoE=   48.12 pacing=2.66s eps=0.802 loss=2.0284
[ep  348] soldier      driving_B_2020.01.16_07.26.43.csv block-000@1680s reward=QoE= -108.17 pacing=0.00s eps=0.801 loss=1.7243
[ep  349] longdress    driving_B_2019.12.16_12.27.05.csv block-000@960s reward=QoE=   49.78 pacing=0.24s eps=0.801 loss=1.5081
[ep  350] loot         driving_B_2019.12.17_07.32.39.csv block-000@120s reward=QoE=    6.87 pacing=0.00s eps=0.800 loss=1.7679
[ep  351] redandblack  static_B_2020.02.27_18.39.27.csv block-001@2112s reward=QoE=   -2.27 pacing=0.00s eps=0.800 loss=1.6966
[ep  352] soldier      driving_B_2020.02.27_17.30.15.csv block-002@413s reward=QoE= -588.69 pacing=0.00s eps=0.799 loss=2.1525
[ep  353] longdress    driving_B_2020.01.16_09.56.56.csv block-000@240s reward=QoE=    4.81 pacing=0.00s eps=0.798 loss=2.0762
[ep  354] loot         driving_B_2020.02.27_17.30.15.csv block-002@533s reward=QoE= -144.67 pacing=0.00s eps=0.798 loss=2.0207
[ep  355] redandblack  driving_B_2019.12.16_12.27.05.csv block-000@120s reward=QoE=  -52.66 pacing=0.00s eps=0.797 loss=1.7746
[ep  356] soldier      driving_B_2019.12.17_07.32.39.csv block-000@1320s reward=QoE=  -63.63 pacing=0.00s eps=0.797 loss=1.5714
[ep  357] longdress    driving_B_2020.01.16_07.26.43.csv block-000@300s reward=QoE=  -32.01 pacing=0.00s eps=0.796 loss=1.7924
[ep  358] loot         static_B_2020.02.14_13.21.26.csv block-000@420s reward=QoE=   55.35 pacing=0.96s eps=0.796 loss=1.7017
[ep  359] redandblack  static_B_2019.12.16_13.40.04.csv block-001@655s reward=QoE=   43.03 pacing=0.00s eps=0.795 loss=1.8471
[ep  360] soldier      driving_B_2020.01.16_12.10.03.csv block-000@240s reward=QoE=   57.98 pacing=0.90s eps=0.794 loss=1.7846
[ep  361] longdress    driving_B_2020.02.14_09.38.22.csv block-000@1140s reward=QoE=  -68.71 pacing=0.00s eps=0.794 loss=1.6412
[ep  362] loot         static_B_2019.12.16_13.40.04.csv block-000@60s reward=QoE=   27.31 pacing=0.00s eps=0.793 loss=2.0681
[ep  363] redandblack  driving_B_2020.02.14_12.58.17.csv block-002@596s reward=QoE=  -71.90 pacing=0.00s eps=0.793 loss=1.7351
[ep  364] soldier      driving_B_2020.02.13_15.02.01.csv block-000@2220s reward=QoE=   41.71 pacing=0.00s eps=0.792 loss=1.5737
[ep  365] longdress    driving_B_2020.01.16_07.26.43.csv block-000@840s reward=QoE=    6.17 pacing=0.00s eps=0.792 loss=1.8300
[ep  366] loot         driving_B_2020.01.16_07.26.43.csv block-000@720s reward=QoE=  -18.55 pacing=0.00s eps=0.791 loss=1.8316
[ep  367] redandblack  driving_B_2020.02.27_17.30.15.csv block-002@413s reward=QoE= -425.68 pacing=0.00s eps=0.790 loss=1.7084
[ep  368] soldier      static_B_2020.02.14_13.21.26.csv block-000@960s reward=QoE=   11.26 pacing=0.00s eps=0.790 loss=1.8153
[ep  369] longdress    static_B_2020.02.27_18.39.27.csv block-001@3552s reward=QoE=  -86.68 pacing=0.00s eps=0.789 loss=1.9605
[ep  370] loot         driving_B_2020.02.13_15.02.01.csv block-000@1680s reward=QoE= -109.36 pacing=0.00s eps=0.789 loss=1.7743
[ep  371] redandblack  driving_B_2020.02.13_15.02.01.csv block-000@1560s reward=QoE=  -66.88 pacing=0.00s eps=0.788 loss=1.6262
[ep  372] soldier      driving_B_2020.02.13_15.02.01.csv block-000@1740s reward=QoE= -507.11 pacing=0.00s eps=0.788 loss=1.8038
[ep  373] longdress    driving_B_2019.12.16_12.27.05.csv block-000@1260s reward=QoE=   50.40 pacing=2.04s eps=0.787 loss=1.7878
[ep  374] loot         driving_B_2019.12.17_07.32.39.csv block-003@2134s reward=QoE=   23.59 pacing=0.00s eps=0.786 loss=1.7867
[ep  375] redandblack  driving_B_2020.01.16_09.56.56.csv block-001@579s reward=QoE=   39.82 pacing=0.00s eps=0.786 loss=1.9205
[ep  376] soldier      driving_B_2020.02.14_12.58.17.csv block-002@716s reward=QoE=  -61.29 pacing=0.00s eps=0.785 loss=1.8461
[ep  377] longdress    driving_B_2020.01.16_07.26.43.csv block-000@360s reward=QoE=  -83.97 pacing=0.00s eps=0.785 loss=1.7843
[ep  378] loot         static_B_2020.02.27_18.39.27.csv block-001@972s reward=QoE=   57.28 pacing=0.37s eps=0.784 loss=1.7631
[ep  379] redandblack  driving_B_2020.02.27_17.30.15.csv block-002@473s reward=QoE= -358.76 pacing=0.00s eps=0.784 loss=1.8430
[ep  380] soldier      static_B_2019.12.16_13.40.04.csv block-000@120s reward=QoE=   42.57 pacing=0.84s eps=0.783 loss=1.8897
[ep  381] longdress    driving_B_2020.02.27_17.30.15.csv block-002@353s reward=QoE= -210.62 pacing=0.00s eps=0.783 loss=1.8047
[ep  382] loot         static_B_2020.02.14_13.21.26.csv block-000@360s reward=QoE=   47.57 pacing=0.00s eps=0.782 loss=1.7584
[ep  383] redandblack  driving_B_2019.12.16_12.27.05.csv block-000@480s reward=QoE=  -57.06 pacing=0.00s eps=0.781 loss=1.6653
[ep  384] soldier      driving_B_2020.01.16_12.10.03.csv block-000@60s reward=QoE=   37.32 pacing=0.00s eps=0.781 loss=1.9150
[ep  385] longdress    driving_B_2020.01.16_07.26.43.csv block-000@120s reward=QoE=  -83.41 pacing=0.00s eps=0.780 loss=1.7795
[ep  386] loot         static_B_2020.02.27_18.39.27.csv block-001@3012s reward=QoE=   50.39 pacing=0.00s eps=0.780 loss=2.0131
[ep  387] redandblack  driving_B_2020.02.13_15.02.01.csv block-000@2520s reward=QoE=  -60.00 pacing=0.00s eps=0.779 loss=1.7558
[ep  388] soldier      static_B_2020.02.14_13.21.26.csv block-000@1080s reward=QoE=   49.65 pacing=1.47s eps=0.779 loss=1.7660
[ep  389] longdress    driving_B_2019.12.17_07.32.39.csv block-003@1714s reward=QoE=  -55.48 pacing=0.00s eps=0.778 loss=1.8523
[ep  390] loot         driving_B_2020.02.13_13.03.24.csv block-001@1934s reward=QoE=  -13.13 pacing=0.00s eps=0.777 loss=1.7106
[ep  391] redandblack  driving_B_2020.02.13_15.02.01.csv block-000@1440s reward=QoE= -332.06 pacing=0.00s eps=0.777 loss=1.7457
[ep  392] soldier      driving_B_2020.01.16_12.10.03.csv block-000@300s reward=QoE=    9.55 pacing=0.00s eps=0.776 loss=1.8203
[ep  393] longdress    driving_B_2019.12.17_07.32.39.csv block-004@2237s reward=QoE=  -57.89 pacing=0.00s eps=0.776 loss=1.8720
[ep  394] loot         static_B_2020.02.27_18.39.27.csv block-001@1152s reward=QoE=   62.91 pacing=0.00s eps=0.775 loss=1.8798
[ep  395] redandblack  driving_B_2020.02.13_13.03.24.csv block-000@660s reward=QoE=  -45.36 pacing=0.00s eps=0.775 loss=1.7903
[ep  396] soldier      static_B_2020.02.14_13.21.26.csv block-000@960s reward=QoE=   14.75 pacing=0.00s eps=0.774 loss=2.0031
[ep  397] longdress    static_B_2020.02.14_13.21.26.csv block-000@480s reward=QoE=   59.93 pacing=0.81s eps=0.773 loss=1.8978
[ep  398] loot         driving_B_2020.02.13_15.02.01.csv block-000@0s reward=QoE=   39.79 pacing=1.05s eps=0.773 loss=1.8248
[ep  399] redandblack  driving_B_2020.02.14_09.38.22.csv block-000@1200s reward=QoE=  -74.32 pacing=0.00s eps=0.772 loss=1.9985
[ep  400] soldier      driving_B_2020.02.14_09.38.22.csv block-000@300s reward=QoE= -236.68 pacing=0.00s eps=0.772 loss=1.7887
    [eval @ ep 400] reward=QoE=43.21 mean_q=0.652 stall=3.1s  <-- best (saved)
[ep  401] longdress    driving_B_2020.02.27_17.30.15.csv block-002@473s reward=QoE= -491.99 pacing=0.00s eps=0.771 loss=2.0954
[ep  402] loot         driving_B_2019.12.16_12.27.05.csv block-000@1080s reward=QoE=   57.83 pacing=0.05s eps=0.771 loss=1.7287
[ep  403] redandblack  driving_B_2020.01.16_12.10.03.csv block-000@120s reward=QoE=   51.14 pacing=2.12s eps=0.770 loss=2.3259
[ep  404] soldier      static_B_2020.02.14_13.21.26.csv block-000@480s reward=QoE=   40.91 pacing=0.88s eps=0.769 loss=1.9868
[ep  405] longdress    driving_B_2020.02.27_17.30.15.csv block-002@413s reward=QoE= -714.57 pacing=0.00s eps=0.769 loss=1.9696
[ep  406] loot         driving_B_2020.01.16_12.10.03.csv block-000@360s reward=QoE=   41.72 pacing=1.06s eps=0.768 loss=1.9163
[ep  407] redandblack  driving_B_2019.12.17_07.32.39.csv block-000@0s reward=QoE=  -48.55 pacing=0.00s eps=0.768 loss=2.2115
[ep  408] soldier      driving_B_2019.12.16_12.27.05.csv block-000@780s reward=QoE=  -13.09 pacing=0.00s eps=0.767 loss=1.9932
[ep  409] longdress    driving_B_2020.02.13_13.03.24.csv block-000@360s reward=QoE=  -22.51 pacing=0.00s eps=0.767 loss=2.1440
[ep  410] loot         driving_B_2020.02.14_12.58.17.csv block-002@536s reward=QoE= -254.64 pacing=0.00s eps=0.766 loss=2.2610
[ep  411] redandblack  driving_B_2020.02.13_15.02.01.csv block-000@720s reward=QoE=   18.00 pacing=0.00s eps=0.765 loss=2.1029
[ep  412] soldier      static_B_2019.12.16_13.40.04.csv block-001@955s reward=QoE=   61.87 pacing=0.00s eps=0.765 loss=2.0692
[ep  413] longdress    static_B_2019.12.16_13.40.04.csv block-000@240s reward=QoE=   22.58 pacing=0.00s eps=0.764 loss=2.2991
[ep  414] loot         driving_B_2020.01.16_12.10.03.csv block-000@0s reward=QoE=   38.69 pacing=2.34s eps=0.764 loss=1.9467
[ep  415] redandblack  driving_B_2019.12.17_07.32.39.csv block-000@720s reward=QoE=  -31.09 pacing=0.00s eps=0.763 loss=1.9002
[ep  416] soldier      driving_B_2020.01.16_09.56.56.csv block-001@519s reward=QoE=   14.78 pacing=0.00s eps=0.763 loss=1.7691
[ep  417] loot         driving_B_2020.02.27_17.30.15.csv block-002@533s reward=QoE= -155.12 pacing=0.00s eps=0.762 loss=2.0507
[ep  418] redandblack  driving_B_2020.02.14_09.38.22.csv block-000@840s reward=QoE=  -19.36 pacing=0.00s eps=0.761 loss=1.9087
[ep  419] soldier      driving_B_2020.02.13_15.02.01.csv block-000@1680s reward=QoE= -143.62 pacing=0.00s eps=0.761 loss=1.9488
[ep  420] longdress    driving_B_2020.02.13_15.02.01.csv block-000@2640s reward=QoE= -398.02 pacing=0.00s eps=0.760 loss=1.9902
[ep  421] loot         driving_B_2020.01.16_07.26.43.csv block-000@900s reward=QoE=   31.98 pacing=0.00s eps=0.760 loss=2.3846
[ep  422] redandblack  driving_B_2020.02.27_17.30.15.csv block-002@533s reward=QoE= -124.89 pacing=0.00s eps=0.759 loss=2.3035
[ep  423] soldier      driving_B_2020.01.16_07.26.43.csv block-000@960s reward=QoE= -143.03 pacing=0.00s eps=0.759 loss=1.9326
[ep  424] longdress    driving_B_2020.02.27_17.30.15.csv block-002@353s reward=QoE= -182.93 pacing=0.00s eps=0.758 loss=2.0540
[ep  425] loot         static_B_2020.02.27_18.39.27.csv block-001@3732s reward=QoE=   56.04 pacing=0.51s eps=0.757 loss=1.8986
[ep  426] redandblack  static_B_2019.12.16_13.40.04.csv block-001@715s reward=QoE=   31.78 pacing=0.00s eps=0.757 loss=1.7827
[ep  427] soldier      static_B_2020.02.27_18.39.27.csv block-001@3312s reward=QoE=   34.68 pacing=0.00s eps=0.756 loss=2.0067
[ep  428] longdress    driving_B_2020.02.14_09.38.22.csv block-000@1440s reward=QoE=   41.24 pacing=0.63s eps=0.756 loss=1.7578
[ep  429] loot         driving_B_2020.02.13_13.03.24.csv block-001@1394s reward=QoE=  -16.15 pacing=0.00s eps=0.755 loss=2.0922
[ep  430] redandblack  driving_B_2020.02.14_09.38.22.csv block-000@780s reward=QoE=   54.37 pacing=1.16s eps=0.755 loss=1.9673
[ep  431] soldier      driving_B_2020.01.16_09.56.56.csv block-001@759s reward=QoE=   18.63 pacing=0.00s eps=0.754 loss=2.0531
[ep  432] longdress    static_B_2020.02.14_13.21.26.csv block-000@240s reward=QoE=   57.91 pacing=1.04s eps=0.753 loss=2.0800
[ep  433] loot         static_B_2019.12.16_13.40.04.csv block-005@1406s reward=QoE=   56.75 pacing=0.48s eps=0.753 loss=2.0977
[ep  434] redandblack  driving_B_2020.02.14_09.38.22.csv block-000@900s reward=QoE= -139.17 pacing=0.00s eps=0.752 loss=2.0002
[ep  435] soldier      driving_B_2019.12.16_12.27.05.csv block-000@1140s reward=QoE=   32.78 pacing=0.00s eps=0.752 loss=2.0572
[ep  436] longdress    driving_B_2019.12.16_12.27.05.csv block-000@660s reward=QoE= -249.90 pacing=0.00s eps=0.751 loss=2.3741
[ep  437] loot         driving_B_2020.02.14_12.58.17.csv block-002@536s reward=QoE= -171.78 pacing=0.00s eps=0.751 loss=1.9369
[ep  438] redandblack  static_B_2020.02.14_13.21.26.csv block-000@300s reward=QoE=   43.35 pacing=0.00s eps=0.750 loss=2.1941
[ep  439] soldier      static_B_2020.02.14_13.21.26.csv block-000@840s reward=QoE=   51.73 pacing=1.07s eps=0.749 loss=2.0682
[ep  440] longdress    driving_B_2020.01.16_12.10.03.csv block-000@120s reward=QoE=   40.50 pacing=0.95s eps=0.749 loss=1.9394
[ep  441] loot         driving_B_2020.02.14_09.38.22.csv block-000@480s reward=QoE=  -14.80 pacing=0.00s eps=0.748 loss=1.9455
[ep  442] redandblack  static_B_2020.02.14_13.21.26.csv block-000@600s reward=QoE=   63.10 pacing=1.67s eps=0.748 loss=1.7371
[ep  443] soldier      driving_B_2020.02.27_17.30.15.csv block-002@473s reward=QoE= -400.93 pacing=0.00s eps=0.747 loss=1.9902
[ep  444] longdress    driving_B_2020.02.14_09.38.22.csv block-000@360s reward=QoE= -219.52 pacing=0.00s eps=0.747 loss=1.8685
[ep  445] loot         driving_B_2020.02.14_09.38.22.csv block-000@540s reward=QoE=  -40.74 pacing=0.00s eps=0.746 loss=1.9359
[ep  446] redandblack  driving_B_2020.02.13_15.02.01.csv block-000@540s reward=QoE=    1.68 pacing=0.00s eps=0.745 loss=1.9197
[ep  447] soldier      driving_B_2020.01.16_12.10.03.csv block-000@300s reward=QoE=   13.68 pacing=0.00s eps=0.745 loss=1.8376
[ep  448] longdress    driving_B_2020.02.13_15.02.01.csv block-000@240s reward=QoE=   65.35 pacing=0.00s eps=0.744 loss=1.9899
[ep  449] loot         driving_B_2020.02.27_17.30.15.csv block-002@413s reward=QoE= -125.36 pacing=0.00s eps=0.744 loss=1.9875
[ep  450] redandblack  driving_B_2020.01.16_07.26.43.csv block-000@1380s reward=QoE=  -11.60 pacing=0.00s eps=0.743 loss=2.0344
[ep  451] soldier      static_B_2020.02.27_18.39.27.csv block-001@5712s reward=QoE=   37.11 pacing=0.00s eps=0.743 loss=2.0281
[ep  452] longdress    static_B_2019.12.16_13.40.04.csv block-005@1646s reward=QoE=   50.29 pacing=0.00s eps=0.742 loss=2.1766
[ep  453] loot         driving_B_2020.01.16_09.56.56.csv block-001@1599s reward=QoE=   60.14 pacing=0.00s eps=0.741 loss=2.0723
[ep  454] redandblack  driving_B_2020.02.14_09.38.22.csv block-000@240s reward=QoE= -116.84 pacing=0.00s eps=0.741 loss=1.9322
[ep  455] soldier      driving_B_2020.02.14_12.58.17.csv block-002@656s reward=QoE=    1.57 pacing=0.00s eps=0.740 loss=2.2832
[ep  456] longdress    static_B_2019.12.16_13.40.04.csv block-000@240s reward=QoE=   15.14 pacing=0.00s eps=0.740 loss=1.9785
[ep  457] loot         static_B_2020.02.27_18.39.27.csv block-001@12s reward=QoE=   62.08 pacing=1.96s eps=0.739 loss=2.1568
[ep  458] redandblack  driving_B_2020.01.16_12.10.03.csv block-000@0s reward=QoE=   55.04 pacing=1.72s eps=0.739 loss=2.1729
[ep  459] soldier      driving_B_2020.02.27_17.30.15.csv block-002@473s reward=QoE= -301.10 pacing=0.00s eps=0.738 loss=1.9453
[ep  460] longdress    static_B_2020.02.27_18.39.27.csv block-001@3972s reward=QoE=   56.38 pacing=0.00s eps=0.737 loss=1.8431
[ep  461] loot         driving_B_2020.01.16_07.26.43.csv block-000@360s reward=QoE=  -99.26 pacing=0.00s eps=0.737 loss=2.3800
[ep  462] redandblack  driving_B_2020.02.14_09.38.22.csv block-000@1500s reward=QoE=  -87.26 pacing=0.00s eps=0.736 loss=1.9748
[ep  463] soldier      driving_B_2020.02.13_15.02.01.csv block-000@1920s reward=QoE=   38.98 pacing=0.00s eps=0.736 loss=2.0455
[ep  464] longdress    driving_B_2019.12.17_07.32.39.csv block-003@1594s reward=QoE=  -13.93 pacing=0.00s eps=0.735 loss=1.9271
[ep  465] loot         driving_B_2020.02.14_12.58.17.csv block-002@536s reward=QoE= -216.10 pacing=0.00s eps=0.735 loss=1.8812
[ep  466] redandblack  driving_B_2020.01.16_12.10.03.csv block-000@360s reward=QoE=   45.35 pacing=0.00s eps=0.734 loss=1.8964
[ep  467] soldier      static_B_2019.12.16_13.40.04.csv block-001@955s reward=QoE=   51.86 pacing=0.00s eps=0.733 loss=1.9971
[ep  468] longdress    driving_B_2019.12.16_12.27.05.csv block-000@540s reward=QoE= -230.96 pacing=0.00s eps=0.733 loss=2.2159
[ep  469] loot         static_B_2020.02.27_18.39.27.csv block-001@6432s reward=QoE=   73.81 pacing=0.00s eps=0.732 loss=2.2826
[ep  470] redandblack  driving_B_2020.01.16_07.26.43.csv block-000@720s reward=QoE=  -92.24 pacing=0.00s eps=0.732 loss=1.9282
[ep  471] soldier      static_B_2020.02.14_13.21.26.csv block-000@180s reward=QoE=   50.79 pacing=1.31s eps=0.731 loss=2.1042
[ep  472] longdress    driving_B_2020.01.16_12.10.03.csv block-000@360s reward=QoE=   39.18 pacing=1.09s eps=0.731 loss=2.1011
[ep  473] loot         static_B_2019.12.16_13.40.04.csv block-005@2006s reward=QoE=   40.99 pacing=0.00s eps=0.730 loss=2.2271
[ep  474] redandblack  static_B_2020.02.14_13.21.26.csv block-000@360s reward=QoE=   53.24 pacing=0.00s eps=0.729 loss=2.0304
[ep  475] soldier      driving_B_2019.12.16_12.27.05.csv block-000@360s reward=QoE=  -99.31 pacing=0.00s eps=0.729 loss=2.0285
[ep  476] longdress    driving_B_2020.01.16_09.56.56.csv block-001@579s reward=QoE=   14.71 pacing=0.00s eps=0.728 loss=2.0277
[ep  477] loot         driving_B_2019.12.16_12.27.05.csv block-000@60s reward=QoE=    0.92 pacing=0.00s eps=0.728 loss=1.8993
[ep  478] redandblack  driving_B_2020.01.16_12.10.03.csv block-000@300s reward=QoE=   26.17 pacing=0.00s eps=0.727 loss=2.0331
[ep  479] soldier      driving_B_2020.02.13_15.02.01.csv block-000@2460s reward=QoE=   38.06 pacing=0.00s eps=0.727 loss=1.8377
[ep  480] longdress    static_B_2019.12.16_13.40.04.csv block-000@300s reward=QoE=   -4.29 pacing=0.00s eps=0.726 loss=2.0175
[ep  481] loot         driving_B_2020.02.13_13.03.24.csv block-007@2290s reward=QoE= -220.51 pacing=0.00s eps=0.725 loss=2.0950
[ep  482] redandblack  driving_B_2019.12.17_07.32.39.csv block-004@2477s reward=QoE=   46.30 pacing=0.35s eps=0.725 loss=1.9742
[ep  483] soldier      static_B_2020.02.27_18.39.27.csv block-001@2472s reward=QoE=   37.62 pacing=0.00s eps=0.724 loss=1.9255
[ep  484] longdress    driving_B_2020.01.16_09.56.56.csv block-000@60s reward=QoE=  -68.90 pacing=0.00s eps=0.724 loss=2.0524
[ep  485] loot         driving_B_2020.01.16_07.26.43.csv block-000@1200s reward=QoE=   33.28 pacing=0.00s eps=0.723 loss=2.2558
[ep  486] redandblack  driving_B_2020.01.16_09.56.56.csv block-000@120s reward=QoE=  -61.82 pacing=0.00s eps=0.723 loss=1.6888
[ep  487] soldier      driving_B_2020.02.13_13.03.24.csv block-001@1334s reward=QoE= -114.95 pacing=0.00s eps=0.722 loss=2.1856
[ep  488] longdress    static_B_2020.02.14_13.21.26.csv block-000@120s reward=QoE=   49.36 pacing=0.75s eps=0.721 loss=1.9955
[ep  489] loot         driving_B_2020.02.14_09.38.22.csv block-000@1380s reward=QoE=    7.72 pacing=0.00s eps=0.721 loss=2.0332
[ep  490] redandblack  driving_B_2020.02.27_17.30.15.csv block-002@473s reward=QoE= -340.83 pacing=0.00s eps=0.720 loss=2.0934
[ep  491] soldier      static_B_2019.12.16_13.40.04.csv block-005@1706s reward=QoE=   56.07 pacing=0.00s eps=0.720 loss=2.1788
[ep  492] longdress    driving_B_2020.02.14_12.58.17.csv block-002@536s reward=QoE= -258.15 pacing=0.00s eps=0.719 loss=2.0559
[ep  493] loot         driving_B_2020.01.16_09.56.56.csv block-001@1059s reward=QoE=   -7.96 pacing=0.00s eps=0.719 loss=2.1047
[ep  494] redandblack  driving_B_2020.01.16_09.56.56.csv block-000@180s reward=QoE=   62.50 pacing=0.00s eps=0.718 loss=2.1602
[ep  495] soldier      driving_B_2020.02.13_13.03.24.csv block-001@1454s reward=QoE= -111.59 pacing=0.00s eps=0.717 loss=1.9535
[ep  496] longdress    driving_B_2020.01.16_12.10.03.csv block-000@60s reward=QoE=   59.02 pacing=0.00s eps=0.717 loss=2.0829
[ep  497] loot         driving_B_2020.02.13_15.02.01.csv block-000@2100s reward=QoE=   10.83 pacing=0.00s eps=0.716 loss=1.8501
[ep  498] redandblack  driving_B_2020.02.14_12.58.17.csv block-002@656s reward=QoE=   11.23 pacing=0.00s eps=0.716 loss=2.0648
[ep  499] soldier      driving_B_2020.02.13_13.03.24.csv block-000@180s reward=QoE= -171.47 pacing=0.00s eps=0.715 loss=2.0974
[ep  500] longdress    static_B_2019.12.16_13.40.04.csv block-001@775s reward=QoE=   55.33 pacing=1.38s eps=0.715 loss=2.0629
[ep  501] loot         driving_B_2020.01.16_12.10.03.csv block-000@120s reward=QoE=   56.13 pacing=1.54s eps=0.714 loss=2.2238
[ep  502] redandblack  driving_B_2020.01.16_07.26.43.csv block-000@480s reward=QoE=  -95.55 pacing=0.00s eps=0.713 loss=1.9651
[ep  503] soldier      driving_B_2019.12.17_07.32.39.csv block-000@1020s reward=QoE=  -61.03 pacing=0.00s eps=0.713 loss=2.0714
[ep  504] longdress    driving_B_2020.01.16_07.26.43.csv block-000@1260s reward=QoE=  -39.57 pacing=0.00s eps=0.712 loss=2.2018
[ep  505] loot         driving_B_2020.01.16_09.56.56.csv block-001@1659s reward=QoE=   52.67 pacing=2.38s eps=0.712 loss=2.0886
[ep  506] redandblack  driving_B_2019.12.16_12.27.05.csv block-000@1260s reward=QoE=   53.19 pacing=1.70s eps=0.711 loss=2.2364
[ep  507] soldier      driving_B_2019.12.16_12.27.05.csv block-000@1080s reward=QoE=   49.73 pacing=0.00s eps=0.711 loss=2.0960
[ep  508] longdress    static_B_2019.12.16_13.40.04.csv block-005@1526s reward=QoE=   32.24 pacing=0.00s eps=0.710 loss=2.0975
[ep  509] loot         driving_B_2020.01.16_12.10.03.csv block-000@120s reward=QoE=   55.50 pacing=2.23s eps=0.709 loss=1.9744
[ep  510] redandblack  driving_B_2019.12.16_12.27.05.csv block-000@240s reward=QoE=   -4.48 pacing=0.00s eps=0.709 loss=1.8511
[ep  511] soldier      driving_B_2020.01.16_07.26.43.csv block-000@120s reward=QoE=  -64.05 pacing=0.00s eps=0.708 loss=2.0900
[ep  512] longdress    driving_B_2019.12.17_07.32.39.csv block-003@1894s reward=QoE= -125.70 pacing=0.00s eps=0.708 loss=1.8000
[ep  513] loot         driving_B_2020.02.14_12.58.17.csv block-002@596s reward=QoE=  -35.10 pacing=0.00s eps=0.707 loss=2.0067
[ep  514] redandblack  driving_B_2020.02.27_17.30.15.csv block-002@293s reward=QoE= -291.41 pacing=0.00s eps=0.707 loss=1.9275
[ep  515] soldier      driving_B_2020.01.16_07.26.43.csv block-000@1140s reward=QoE=    8.61 pacing=0.00s eps=0.706 loss=1.7044
[ep  516] longdress    driving_B_2020.02.13_13.03.24.csv block-001@1934s reward=QoE=  -27.41 pacing=0.00s eps=0.705 loss=2.1484
[ep  517] loot         static_B_2020.02.27_18.39.27.csv block-001@1692s reward=QoE=   33.42 pacing=0.00s eps=0.705 loss=1.9425
[ep  518] redandblack  static_B_2020.02.14_13.21.26.csv block-000@420s reward=QoE=   59.32 pacing=1.54s eps=0.704 loss=2.2254
[ep  519] soldier      static_B_2019.12.16_13.40.04.csv block-005@1766s reward=QoE=   56.57 pacing=1.19s eps=0.704 loss=1.9217
[ep  520] longdress    driving_B_2020.02.13_13.03.24.csv block-001@1694s reward=QoE=  -82.53 pacing=0.00s eps=0.703 loss=1.8617
[ep  521] loot         driving_B_2020.01.16_12.10.03.csv block-000@0s reward=QoE=   55.59 pacing=2.21s eps=0.703 loss=2.0977
[ep  522] redandblack  driving_B_2020.01.16_07.26.43.csv block-000@600s reward=QoE=  -24.11 pacing=0.00s eps=0.702 loss=1.7631
[ep  523] soldier      static_B_2020.02.27_18.39.27.csv block-001@1752s reward=QoE=   57.08 pacing=0.00s eps=0.701 loss=2.1689
[ep  524] longdress    driving_B_2019.12.17_07.32.39.csv block-000@0s reward=QoE=  -53.36 pacing=0.00s eps=0.701 loss=2.1557
[ep  525] loot         driving_B_2020.02.14_09.38.22.csv block-000@1320s reward=QoE=  -76.53 pacing=0.00s eps=0.700 loss=2.1462
[ep  526] redandblack  driving_B_2020.02.14_12.58.17.csv block-002@596s reward=QoE=  -61.98 pacing=0.00s eps=0.700 loss=1.9539
[ep  527] soldier      driving_B_2020.01.16_09.56.56.csv block-001@1119s reward=QoE=   66.98 pacing=0.00s eps=0.699 loss=1.9704
[ep  528] longdress    driving_B_2020.01.16_07.26.43.csv block-000@1500s reward=QoE= -135.90 pacing=0.00s eps=0.699 loss=1.9449
[ep  529] loot         driving_B_2020.01.16_09.56.56.csv block-001@1479s reward=QoE=   57.00 pacing=0.00s eps=0.698 loss=1.8226
[ep  530] redandblack  driving_B_2020.02.14_12.58.17.csv block-002@716s reward=QoE=   -1.61 pacing=0.00s eps=0.697 loss=1.9915
[ep  531] soldier      driving_B_2020.02.14_12.58.17.csv block-000@0s reward=QoE=  -35.75 pacing=0.00s eps=0.697 loss=2.0184
[ep  532] longdress    driving_B_2020.01.16_09.56.56.csv block-001@1119s reward=QoE=   53.98 pacing=1.22s eps=0.696 loss=1.7661
[ep  533] loot         driving_B_2020.02.13_15.02.01.csv block-000@2940s reward=QoE=   -7.67 pacing=0.00s eps=0.696 loss=2.2504
[ep  534] redandblack  driving_B_2020.02.27_17.30.15.csv block-002@473s reward=QoE= -349.00 pacing=0.00s eps=0.695 loss=1.7255
[ep  535] soldier      driving_B_2020.01.16_09.56.56.csv block-001@519s reward=QoE=   23.09 pacing=0.00s eps=0.695 loss=2.1017
[ep  536] longdress    driving_B_2020.01.16_12.10.03.csv block-000@120s reward=QoE=   65.51 pacing=0.00s eps=0.694 loss=2.0209
[ep  537] loot         driving_B_2019.12.16_12.27.05.csv block-000@240s reward=QoE=   -4.79 pacing=0.00s eps=0.693 loss=2.1546
[ep  538] redandblack  driving_B_2020.02.14_12.58.17.csv block-002@536s reward=QoE= -148.50 pacing=0.00s eps=0.693 loss=2.0401
[ep  539] soldier      driving_B_2020.02.14_09.38.22.csv block-000@1080s reward=QoE=   55.53 pacing=0.00s eps=0.692 loss=2.0995
[ep  540] longdress    driving_B_2020.01.16_12.10.03.csv block-000@360s reward=QoE=   47.81 pacing=0.00s eps=0.692 loss=1.9378
[ep  541] loot         driving_B_2020.02.14_09.38.22.csv block-000@180s reward=QoE= -148.97 pacing=0.00s eps=0.691 loss=1.9562
[ep  542] redandblack  driving_B_2019.12.17_07.32.39.csv block-000@300s reward=QoE=    4.09 pacing=0.00s eps=0.691 loss=1.9424
[ep  543] soldier      driving_B_2020.02.13_13.03.24.csv block-000@240s reward=QoE=  -72.06 pacing=0.00s eps=0.690 loss=1.9695
[ep  544] longdress    static_B_2020.02.27_18.39.27.csv block-001@3492s reward=QoE=   -0.39 pacing=0.00s eps=0.689 loss=1.7182
[ep  545] loot         static_B_2020.02.14_13.21.26.csv block-000@1020s reward=QoE=   65.11 pacing=2.21s eps=0.689 loss=1.9894
[ep  546] redandblack  static_B_2020.02.14_13.21.26.csv block-000@300s reward=QoE=   34.39 pacing=0.00s eps=0.688 loss=1.9472
[ep  547] soldier      driving_B_2019.12.17_07.32.39.csv block-004@2537s reward=QoE=   70.52 pacing=0.63s eps=0.688 loss=1.8901
[ep  548] longdress    driving_B_2019.12.16_12.27.05.csv block-000@1260s reward=QoE=   44.78 pacing=1.32s eps=0.687 loss=1.9309
[ep  549] loot         driving_B_2020.02.13_13.03.24.csv block-001@1874s reward=QoE= -222.44 pacing=0.00s eps=0.687 loss=2.0668
[ep  550] redandblack  static_B_2020.02.14_13.21.26.csv block-000@240s reward=QoE=   63.36 pacing=1.94s eps=0.686 loss=1.8606
[ep  551] soldier      driving_B_2019.12.17_07.32.39.csv block-003@1714s reward=QoE=  -36.49 pacing=0.00s eps=0.685 loss=1.9373
[ep  552] longdress    driving_B_2020.02.27_17.30.15.csv block-002@533s reward=QoE= -219.00 pacing=0.00s eps=0.685 loss=1.7393
[ep  553] loot         driving_B_2020.01.16_12.10.03.csv block-000@0s reward=QoE=   44.51 pacing=2.37s eps=0.684 loss=2.0200
[ep  554] redandblack  driving_B_2019.12.17_07.32.39.csv block-004@2297s reward=QoE=   44.74 pacing=0.30s eps=0.684 loss=2.0128
[ep  555] soldier      driving_B_2020.01.16_12.10.03.csv block-000@60s reward=QoE=   36.44 pacing=0.00s eps=0.683 loss=2.0634
[ep  556] longdress    static_B_2020.02.14_13.21.26.csv block-000@480s reward=QoE=   54.62 pacing=0.63s eps=0.683 loss=1.6937
[ep  557] loot         driving_B_2020.01.16_07.26.43.csv block-000@1020s reward=QoE= -103.05 pacing=0.00s eps=0.682 loss=1.7641
[ep  558] redandblack  driving_B_2020.02.27_17.30.15.csv block-002@293s reward=QoE= -321.48 pacing=0.00s eps=0.681 loss=2.0810
[ep  559] soldier      driving_B_2020.02.13_15.02.01.csv block-000@960s reward=QoE=   62.47 pacing=0.40s eps=0.681 loss=1.9939
[ep  560] longdress    driving_B_2019.12.17_07.32.39.csv block-000@660s reward=QoE=  -47.43 pacing=0.00s eps=0.680 loss=2.1105
[ep  561] loot         driving_B_2020.02.13_15.02.01.csv block-000@1800s reward=QoE= -142.09 pacing=0.00s eps=0.680 loss=1.9514
[ep  562] redandblack  static_B_2020.02.14_13.21.26.csv block-000@120s reward=QoE=   68.08 pacing=1.65s eps=0.679 loss=2.0768
[ep  563] soldier      driving_B_2020.02.14_09.38.22.csv block-000@540s reward=QoE=  -73.42 pacing=0.00s eps=0.679 loss=2.1016
[ep  564] longdress    driving_B_2020.02.13_15.02.01.csv block-000@1140s reward=QoE=   61.15 pacing=0.20s eps=0.678 loss=2.1399
[ep  565] loot         driving_B_2020.01.16_09.56.56.csv block-000@240s reward=QoE=   28.65 pacing=0.00s eps=0.677 loss=2.1019
[ep  566] redandblack  driving_B_2019.12.16_12.27.05.csv block-000@1020s reward=QoE=   57.57 pacing=0.00s eps=0.677 loss=2.0226
[ep  567] soldier      static_B_2020.02.14_13.21.26.csv block-000@0s reward=QoE=   13.88 pacing=0.00s eps=0.676 loss=2.1973
[ep  568] longdress    driving_B_2020.01.16_07.26.43.csv block-000@540s reward=QoE= -117.14 pacing=0.00s eps=0.676 loss=1.8051
[ep  569] loot         driving_B_2020.02.14_12.58.17.csv block-002@536s reward=QoE= -196.78 pacing=0.00s eps=0.675 loss=2.3246
[ep  570] redandblack  driving_B_2020.02.14_09.38.22.csv block-000@960s reward=QoE=   53.30 pacing=0.27s eps=0.675 loss=1.8820
[ep  571] soldier      driving_B_2019.12.16_12.27.05.csv block-000@0s reward=QoE=   -3.78 pacing=0.00s eps=0.674 loss=1.8626
[ep  572] longdress    driving_B_2020.02.13_13.03.24.csv block-000@0s reward=QoE=  -32.89 pacing=0.00s eps=0.673 loss=2.0401
[ep  573] loot         static_B_2019.12.16_13.40.04.csv block-001@655s reward=QoE=   52.03 pacing=0.00s eps=0.673 loss=1.8959
[ep  574] redandblack  driving_B_2020.02.13_13.03.24.csv block-000@300s reward=QoE=    3.90 pacing=0.00s eps=0.672 loss=2.5654
[ep  575] soldier      static_B_2020.02.27_18.39.27.csv block-001@4212s reward=QoE=   46.91 pacing=1.27s eps=0.672 loss=2.1186
[ep  576] longdress    driving_B_2020.02.13_15.02.01.csv block-000@2040s reward=QoE=   54.38 pacing=0.00s eps=0.671 loss=1.7278
[ep  577] loot         driving_B_2020.02.13_15.02.01.csv block-000@2220s reward=QoE=   30.99 pacing=0.00s eps=0.671 loss=1.9043
[ep  578] redandblack  static_B_2020.02.27_18.39.27.csv block-001@1212s reward=QoE=   48.37 pacing=0.00s eps=0.670 loss=1.8689
[ep  579] soldier      driving_B_2020.02.13_15.02.01.csv block-000@1320s reward=QoE=    7.08 pacing=0.00s eps=0.669 loss=1.9001
[ep  580] longdress    driving_B_2019.12.17_07.32.39.csv block-000@360s reward=QoE=   30.48 pacing=0.00s eps=0.669 loss=1.9601
[ep  581] loot         driving_B_2020.01.16_12.10.03.csv block-000@360s reward=QoE=   46.09 pacing=0.00s eps=0.668 loss=1.8535
[ep  582] redandblack  driving_B_2020.02.13_13.03.24.csv block-000@480s reward=QoE=  -19.37 pacing=0.00s eps=0.668 loss=1.9730
[ep  583] soldier      driving_B_2020.01.16_12.10.03.csv block-000@120s reward=QoE=   61.98 pacing=0.60s eps=0.667 loss=1.9557
[ep  584] longdress    driving_B_2019.12.16_12.27.05.csv block-000@360s reward=QoE=  -45.98 pacing=0.00s eps=0.667 loss=1.8242
[ep  585] loot         driving_B_2020.01.16_07.26.43.csv block-000@60s reward=QoE=   -5.03 pacing=0.00s eps=0.666 loss=2.2339
[ep  586] redandblack  static_B_2019.12.16_13.40.04.csv block-006@2172s reward=QoE=   60.18 pacing=1.76s eps=0.665 loss=1.8233
[ep  587] soldier      static_B_2020.02.27_18.39.27.csv block-001@1872s reward=QoE=   46.57 pacing=0.00s eps=0.665 loss=1.9084
[ep  588] longdress    static_B_2019.12.16_13.40.04.csv block-001@835s reward=QoE=   55.25 pacing=0.64s eps=0.664 loss=1.9418
[ep  589] loot         driving_B_2020.02.13_13.03.24.csv block-000@420s reward=QoE=  -24.44 pacing=0.00s eps=0.664 loss=2.0683
[ep  590] redandblack  driving_B_2020.02.14_12.58.17.csv block-002@536s reward=QoE= -194.55 pacing=0.00s eps=0.663 loss=1.8628
[ep  591] soldier      static_B_2020.02.27_18.39.27.csv block-001@4752s reward=QoE=   55.54 pacing=0.23s eps=0.663 loss=2.3300
[ep  592] longdress    static_B_2020.02.14_13.21.26.csv block-000@900s reward=QoE=   28.58 pacing=0.00s eps=0.662 loss=2.0866
[ep  593] loot         driving_B_2020.02.14_09.38.22.csv block-000@60s reward=QoE=  -76.57 pacing=0.00s eps=0.661 loss=2.0571
[ep  594] redandblack  driving_B_2020.02.14_09.38.22.csv block-000@1500s reward=QoE=  -29.02 pacing=0.00s eps=0.661 loss=1.6982
[ep  595] soldier      driving_B_2019.12.17_07.32.39.csv block-000@420s reward=QoE=   17.63 pacing=0.00s eps=0.660 loss=1.9543
[ep  596] longdress    driving_B_2020.01.16_09.56.56.csv block-001@699s reward=QoE=   42.51 pacing=1.75s eps=0.660 loss=1.9221
[ep  597] loot         driving_B_2020.01.16_12.10.03.csv block-000@180s reward=QoE=   67.12 pacing=1.26s eps=0.659 loss=1.8093
[ep  598] redandblack  driving_B_2019.12.16_12.27.05.csv block-000@180s reward=QoE=  -36.79 pacing=0.00s eps=0.659 loss=1.9586
[ep  599] soldier      driving_B_2020.02.14_12.58.17.csv block-002@536s reward=QoE= -233.37 pacing=0.00s eps=0.658 loss=2.0014
[ep  600] longdress    static_B_2019.12.16_13.40.04.csv block-005@1946s reward=QoE=   56.64 pacing=0.00s eps=0.657 loss=2.0031
[ep  601] loot         driving_B_2020.02.14_09.38.22.csv block-000@660s reward=QoE=   17.19 pacing=0.00s eps=0.657 loss=1.9916
[ep  602] redandblack  driving_B_2020.02.13_13.03.24.csv block-001@1994s reward=QoE=   45.34 pacing=0.00s eps=0.656 loss=1.8160
[ep  603] soldier      static_B_2019.12.16_13.40.04.csv block-005@1466s reward=QoE=   51.06 pacing=0.00s eps=0.656 loss=2.5131
[ep  604] longdress    driving_B_2019.12.17_07.32.39.csv block-000@540s reward=QoE=  -96.75 pacing=0.00s eps=0.655 loss=1.9888
[ep  605] loot         driving_B_2020.02.13_15.02.01.csv block-000@360s reward=QoE=   55.11 pacing=0.00s eps=0.655 loss=2.4757
[ep  606] redandblack  static_B_2019.12.16_13.40.04.csv block-000@120s reward=QoE=   68.62 pacing=0.58s eps=0.654 loss=1.9734
[ep  607] soldier      driving_B_2020.02.14_12.58.17.csv block-002@716s reward=QoE=  -47.37 pacing=0.00s eps=0.653 loss=2.4394
[ep  608] longdress    static_B_2019.12.16_13.40.04.csv block-005@1886s reward=QoE=   47.40 pacing=0.00s eps=0.653 loss=2.0895
[ep  609] loot         driving_B_2019.12.17_07.32.39.csv block-000@240s reward=QoE=  -26.38 pacing=0.00s eps=0.652 loss=2.0252
[ep  610] redandblack  static_B_2019.12.16_13.40.04.csv block-005@1586s reward=QoE=   -0.55 pacing=0.00s eps=0.652 loss=2.0841
[ep  611] soldier      driving_B_2019.12.17_07.32.39.csv block-003@1534s reward=QoE=    8.77 pacing=0.00s eps=0.651 loss=2.0427
[ep  612] longdress    driving_B_2020.01.16_09.56.56.csv block-001@879s reward=QoE=   45.46 pacing=0.00s eps=0.651 loss=2.1884
[ep  613] loot         driving_B_2020.02.13_13.03.24.csv block-000@540s reward=QoE=    1.52 pacing=0.00s eps=0.650 loss=2.3474
[ep  614] redandblack  driving_B_2020.01.16_09.56.56.csv block-001@1719s reward=QoE=   52.92 pacing=0.00s eps=0.649 loss=2.4045
[ep  615] soldier      driving_B_2020.02.14_12.58.17.csv block-002@596s reward=QoE=  -90.64 pacing=0.00s eps=0.649 loss=2.1966
[ep  616] longdress    static_B_2020.02.14_13.21.26.csv block-000@780s reward=QoE=   55.38 pacing=0.00s eps=0.648 loss=2.1442
[ep  617] loot         static_B_2020.02.27_18.39.27.csv block-001@5832s reward=QoE=   60.81 pacing=1.32s eps=0.648 loss=2.0870
[ep  618] redandblack  static_B_2020.02.27_18.39.27.csv block-001@4512s reward=QoE=   41.41 pacing=1.40s eps=0.647 loss=1.9359
[ep  619] soldier      driving_B_2020.01.16_07.26.43.csv block-000@0s reward=QoE=  -43.89 pacing=0.00s eps=0.647 loss=2.2255
[ep  620] longdress    static_B_2019.12.16_13.40.04.csv block-001@1135s reward=QoE=   15.16 pacing=0.00s eps=0.646 loss=2.3809
[ep  621] loot         driving_B_2020.01.16_07.26.43.csv block-000@1740s reward=QoE= -173.65 pacing=0.00s eps=0.645 loss=1.9635
[ep  622] redandblack  driving_B_2020.02.14_12.58.17.csv block-002@596s reward=QoE=  -34.29 pacing=0.00s eps=0.645 loss=2.0410
[ep  623] soldier      driving_B_2019.12.16_12.27.05.csv block-000@300s reward=QoE=   -5.91 pacing=0.00s eps=0.644 loss=2.1082
[ep  624] longdress    static_B_2020.02.27_18.39.27.csv block-001@3432s reward=QoE=  -27.99 pacing=0.00s eps=0.644 loss=2.1554
[ep  625] loot         driving_B_2020.01.16_12.10.03.csv block-000@180s reward=QoE=   49.46 pacing=1.10s eps=0.643 loss=2.1775
[ep  626] redandblack  driving_B_2019.12.16_12.27.05.csv block-000@1200s reward=QoE=   11.43 pacing=0.00s eps=0.643 loss=2.0985
[ep  627] soldier      driving_B_2019.12.17_07.32.39.csv block-000@1200s reward=QoE=   48.81 pacing=1.01s eps=0.642 loss=2.0553
[ep  628] longdress    static_B_2019.12.16_13.40.04.csv block-000@420s reward=QoE=   42.19 pacing=0.00s eps=0.641 loss=2.2507
[ep  629] loot         driving_B_2020.02.13_13.03.24.csv block-001@974s reward=QoE=  -30.66 pacing=0.00s eps=0.641 loss=2.1544
[ep  630] redandblack  driving_B_2020.02.27_17.30.15.csv block-002@293s reward=QoE= -223.39 pacing=0.00s eps=0.640 loss=2.1287
[ep  631] soldier      driving_B_2020.02.13_15.02.01.csv block-000@1980s reward=QoE=   50.69 pacing=0.50s eps=0.640 loss=2.1883
[ep  632] longdress    driving_B_2020.02.14_12.58.17.csv block-000@0s reward=QoE=  -38.09 pacing=0.00s eps=0.639 loss=2.1365
[ep  633] loot         driving_B_2019.12.17_07.32.39.csv block-000@1080s reward=QoE=   18.04 pacing=0.00s eps=0.639 loss=2.1324
[ep  634] redandblack  driving_B_2020.02.13_13.03.24.csv block-001@1154s reward=QoE=  -79.36 pacing=0.00s eps=0.638 loss=2.2952
[ep  635] soldier      driving_B_2019.12.17_07.32.39.csv block-000@1260s reward=QoE=  -12.04 pacing=0.00s eps=0.637 loss=2.0308
[ep  636] longdress    driving_B_2019.12.16_12.27.05.csv block-000@1080s reward=QoE=   56.12 pacing=0.00s eps=0.637 loss=2.0189
[ep  637] loot         driving_B_2020.02.13_15.02.01.csv block-000@2700s reward=QoE= -284.87 pacing=0.00s eps=0.636 loss=2.3804
[ep  638] redandblack  driving_B_2020.02.14_12.58.17.csv block-002@656s reward=QoE=   12.56 pacing=0.00s eps=0.636 loss=1.8610
[ep  639] soldier      driving_B_2020.02.14_09.38.22.csv block-000@120s reward=QoE= -161.33 pacing=0.00s eps=0.635 loss=2.0526
[ep  640] longdress    driving_B_2019.12.16_12.27.05.csv block-000@720s reward=QoE=  -40.47 pacing=0.00s eps=0.635 loss=2.1571
[ep  641] loot         driving_B_2020.02.13_13.03.24.csv block-000@120s reward=QoE=  -12.47 pacing=0.00s eps=0.634 loss=2.3004
[ep  642] redandblack  driving_B_2020.02.14_12.58.17.csv block-002@656s reward=QoE=   26.36 pacing=0.00s eps=0.633 loss=2.1251
[ep  643] soldier      driving_B_2020.02.14_12.58.17.csv block-000@0s reward=QoE=  -42.80 pacing=0.00s eps=0.633 loss=2.1468
[ep  644] longdress    driving_B_2020.01.16_07.26.43.csv block-000@1680s reward=QoE=  -15.07 pacing=0.00s eps=0.632 loss=1.9318
[ep  645] loot         driving_B_2020.02.14_09.38.22.csv block-000@180s reward=QoE=  -54.56 pacing=0.00s eps=0.632 loss=2.1721
[ep  646] redandblack  driving_B_2020.01.16_12.10.03.csv block-000@240s reward=QoE=   57.40 pacing=1.50s eps=0.631 loss=1.9853
[ep  647] soldier      driving_B_2020.02.13_13.03.24.csv block-001@1514s reward=QoE= -172.45 pacing=0.00s eps=0.631 loss=2.1159
[ep  648] longdress    driving_B_2020.02.13_15.02.01.csv block-000@1440s reward=QoE= -396.67 pacing=0.00s eps=0.630 loss=2.0845
[ep  649] loot         driving_B_2020.02.27_17.30.15.csv block-002@353s reward=QoE= -102.75 pacing=0.00s eps=0.629 loss=1.8639
[ep  650] redandblack  static_B_2020.02.14_13.21.26.csv block-000@180s reward=QoE=   57.62 pacing=0.00s eps=0.629 loss=2.2388
[ep  651] soldier      static_B_2020.02.14_13.21.26.csv block-000@60s reward=QoE=   63.85 pacing=1.04s eps=0.628 loss=2.0390
[ep  652] longdress    driving_B_2019.12.17_07.32.39.csv block-004@2237s reward=QoE=  -49.99 pacing=0.00s eps=0.628 loss=2.1599
[ep  653] loot         driving_B_2019.12.17_07.32.39.csv block-000@1440s reward=QoE=   75.13 pacing=1.30s eps=0.627 loss=1.9267
[ep  654] redandblack  driving_B_2019.12.16_12.27.05.csv block-000@660s reward=QoE= -170.12 pacing=0.00s eps=0.627 loss=1.9762
[ep  655] soldier      static_B_2019.12.16_13.40.04.csv block-001@895s reward=QoE=   48.33 pacing=0.00s eps=0.626 loss=1.9610
[ep  656] longdress    driving_B_2020.01.16_09.56.56.csv block-001@1179s reward=QoE=  -53.21 pacing=0.00s eps=0.625 loss=2.0343
[ep  657] loot         driving_B_2020.02.14_12.58.17.csv block-002@656s reward=QoE=   19.30 pacing=0.00s eps=0.625 loss=1.9971
[ep  658] redandblack  driving_B_2020.02.13_15.02.01.csv block-000@2760s reward=QoE= -100.57 pacing=0.00s eps=0.624 loss=2.0756
[ep  659] soldier      driving_B_2020.02.27_17.30.15.csv block-002@353s reward=QoE= -122.75 pacing=0.00s eps=0.624 loss=2.0671
[ep  660] longdress    static_B_2020.02.14_13.21.26.csv block-000@0s reward=QoE=    1.67 pacing=0.00s eps=0.623 loss=2.1049
[ep  661] loot         driving_B_2020.02.13_15.02.01.csv block-000@1200s reward=QoE=    7.27 pacing=0.00s eps=0.623 loss=2.0167
[ep  662] redandblack  driving_B_2020.01.16_09.56.56.csv block-001@819s reward=QoE=   48.70 pacing=0.00s eps=0.622 loss=2.2138
[ep  663] soldier      driving_B_2020.01.16_12.10.03.csv block-000@180s reward=QoE=   47.05 pacing=0.50s eps=0.622 loss=1.9254
[ep  664] longdress    driving_B_2020.01.16_07.26.43.csv block-000@1800s reward=QoE=  -58.71 pacing=0.00s eps=0.621 loss=2.0223
[ep  665] loot         driving_B_2020.02.14_12.58.17.csv block-002@656s reward=QoE=   17.25 pacing=0.00s eps=0.620 loss=2.0377
[ep  666] redandblack  driving_B_2019.12.17_07.32.39.csv block-003@2014s reward=QoE=  -18.51 pacing=0.00s eps=0.620 loss=2.0380
[ep  667] soldier      driving_B_2019.12.17_07.32.39.csv block-003@1654s reward=QoE=  -40.50 pacing=0.00s eps=0.619 loss=2.2126
[ep  668] longdress    driving_B_2019.12.16_12.27.05.csv block-000@600s reward=QoE=  -67.67 pacing=0.00s eps=0.619 loss=2.0451
[ep  669] loot         static_B_2019.12.16_13.40.04.csv block-001@1075s reward=QoE=   32.28 pacing=0.00s eps=0.618 loss=1.9616
[ep  670] redandblack  static_B_2020.02.14_13.21.26.csv block-000@60s reward=QoE=   64.70 pacing=1.51s eps=0.618 loss=1.9700
[ep  671] soldier      driving_B_2020.02.14_09.38.22.csv block-000@0s reward=QoE= -141.17 pacing=0.00s eps=0.617 loss=2.2986
[ep  672] longdress    driving_B_2020.02.13_15.02.01.csv block-000@480s reward=QoE=   52.57 pacing=0.56s eps=0.616 loss=2.1203
[ep  673] loot         driving_B_2020.02.27_17.30.15.csv block-002@413s reward=QoE=  -49.86 pacing=0.00s eps=0.616 loss=2.2489
[ep  674] redandblack  driving_B_2019.12.16_12.27.05.csv block-000@780s reward=QoE=   27.15 pacing=0.00s eps=0.615 loss=2.0582
[ep  675] soldier      driving_B_2020.02.13_15.02.01.csv block-000@1260s reward=QoE=    8.25 pacing=0.00s eps=0.615 loss=2.0510
[ep  676] longdress    driving_B_2020.01.16_09.56.56.csv block-001@1539s reward=QoE=   39.26 pacing=0.28s eps=0.614 loss=1.9084
[ep  677] loot         driving_B_2020.02.27_17.30.15.csv block-002@413s reward=QoE= -130.08 pacing=0.00s eps=0.614 loss=1.8899
[ep  678] redandblack  driving_B_2019.12.16_12.27.05.csv block-000@480s reward=QoE=  -26.57 pacing=0.00s eps=0.613 loss=2.0525
[ep  679] soldier      static_B_2019.12.16_13.40.04.csv block-000@360s reward=QoE=  -27.72 pacing=0.00s eps=0.612 loss=2.1465
[ep  680] longdress    static_B_2020.02.27_18.39.27.csv block-001@4692s reward=QoE=   65.15 pacing=0.00s eps=0.612 loss=2.1292
[ep  681] loot         driving_B_2020.02.14_12.58.17.csv block-000@0s reward=QoE=  -10.65 pacing=0.00s eps=0.611 loss=1.9858
[ep  682] redandblack  driving_B_2019.12.17_07.32.39.csv block-000@120s reward=QoE=   11.52 pacing=0.00s eps=0.611 loss=2.2549
[ep  683] soldier      driving_B_2020.02.14_09.38.22.csv block-000@840s reward=QoE=  -40.06 pacing=0.00s eps=0.610 loss=1.9344
[ep  684] longdress    driving_B_2020.01.16_09.56.56.csv block-001@639s reward=QoE=   41.07 pacing=0.00s eps=0.610 loss=2.2887
[ep  685] loot         driving_B_2020.02.13_15.02.01.csv block-000@1080s reward=QoE=  -64.58 pacing=0.00s eps=0.609 loss=1.8618
[ep  686] redandblack  driving_B_2020.02.13_13.03.24.csv block-001@1094s reward=QoE=  -21.82 pacing=0.00s eps=0.608 loss=1.8263
[ep  687] soldier      static_B_2020.02.14_13.21.26.csv block-000@600s reward=QoE=   59.65 pacing=1.33s eps=0.608 loss=2.1542
[ep  688] longdress    driving_B_2019.12.17_07.32.39.csv block-003@1954s reward=QoE= -219.27 pacing=0.00s eps=0.607 loss=1.9531
[ep  689] loot         driving_B_2020.02.14_09.38.22.csv block-000@1200s reward=QoE=  -49.55 pacing=0.00s eps=0.607 loss=1.9628
[ep  690] redandblack  driving_B_2020.01.16_07.26.43.csv block-000@1620s reward=QoE=  -15.87 pacing=0.00s eps=0.606 loss=1.9930
[ep  691] soldier      driving_B_2020.01.16_07.26.43.csv block-000@420s reward=QoE=  -70.43 pacing=0.00s eps=0.606 loss=2.0801
[ep  692] longdress    driving_B_2020.01.16_07.26.43.csv block-000@1440s reward=QoE=  -19.38 pacing=0.00s eps=0.605 loss=1.7468
[ep  693] loot         driving_B_2020.02.14_12.58.17.csv block-000@0s reward=QoE=    7.88 pacing=0.00s eps=0.604 loss=2.0277
[ep  694] redandblack  static_B_2019.12.16_13.40.04.csv block-006@2232s reward=QoE=   51.79 pacing=1.76s eps=0.604 loss=1.9774
[ep  695] soldier      driving_B_2019.12.17_07.32.39.csv block-000@780s reward=QoE=  -33.57 pacing=0.00s eps=0.603 loss=2.1639
[ep  696] longdress    driving_B_2019.12.17_07.32.39.csv block-000@180s reward=QoE=   -1.37 pacing=0.00s eps=0.603 loss=2.1331
[ep  697] loot         static_B_2020.02.14_13.21.26.csv block-000@780s reward=QoE=   53.83 pacing=1.29s eps=0.602 loss=2.1403
[ep  698] redandblack  driving_B_2020.02.13_15.02.01.csv block-000@600s reward=QoE=   17.88 pacing=0.00s eps=0.602 loss=1.8341
[ep  699] soldier      driving_B_2020.02.13_13.03.24.csv block-000@660s reward=QoE=  -51.24 pacing=0.00s eps=0.601 loss=2.1028
[ep  700] longdress    driving_B_2020.02.14_12.58.17.csv block-002@716s reward=QoE=   -7.28 pacing=0.00s eps=0.600 loss=2.1464
[ep  701] loot         driving_B_2020.01.16_07.26.43.csv block-000@780s reward=QoE=   11.10 pacing=0.00s eps=0.600 loss=2.1642
[ep  702] redandblack  driving_B_2020.02.14_09.38.22.csv block-000@1560s reward=QoE=   21.42 pacing=0.00s eps=0.599 loss=1.9368
[ep  703] soldier      driving_B_2019.12.16_12.27.05.csv block-000@900s reward=QoE=   64.84 pacing=0.91s eps=0.599 loss=2.1920
[ep  704] longdress    driving_B_2020.02.27_17.30.15.csv block-002@533s reward=QoE= -192.30 pacing=0.00s eps=0.598 loss=1.8653
[ep  705] loot         driving_B_2020.02.13_13.03.24.csv block-000@600s reward=QoE=  -11.73 pacing=0.00s eps=0.598 loss=2.3766
[ep  706] redandblack  driving_B_2020.01.16_07.26.43.csv block-000@180s reward=QoE= -172.61 pacing=0.00s eps=0.597 loss=2.0386
[ep  707] soldier      static_B_2019.12.16_13.40.04.csv block-001@595s reward=QoE=   62.58 pacing=0.00s eps=0.596 loss=1.9885
[ep  708] longdress    static_B_2020.02.14_13.21.26.csv block-000@900s reward=QoE=   35.15 pacing=0.00s eps=0.596 loss=2.3561
[ep  709] loot         driving_B_2020.02.13_15.02.01.csv block-000@300s reward=QoE=   57.43 pacing=1.92s eps=0.595 loss=2.2350
[ep  710] redandblack  static_B_2020.02.27_18.39.27.csv block-001@312s reward=QoE=   59.04 pacing=0.00s eps=0.595 loss=2.0812
[ep  711] soldier      driving_B_2020.01.16_09.56.56.csv block-000@360s reward=QoE=   34.80 pacing=0.00s eps=0.594 loss=2.0671
[ep  712] longdress    driving_B_2020.01.16_12.10.03.csv block-000@300s reward=QoE=   16.77 pacing=0.00s eps=0.594 loss=2.0578
[ep  713] loot         driving_B_2020.01.16_09.56.56.csv block-001@1539s reward=QoE=   30.30 pacing=0.00s eps=0.593 loss=2.0782
[ep  714] redandblack  driving_B_2020.02.13_13.03.24.csv block-001@1754s reward=QoE=    2.11 pacing=0.00s eps=0.592 loss=2.0480
[ep  715] soldier      static_B_2020.02.14_13.21.26.csv block-000@660s reward=QoE=   61.04 pacing=1.48s eps=0.592 loss=1.9936
[ep  716] longdress    driving_B_2020.02.27_17.30.15.csv block-002@533s reward=QoE= -218.44 pacing=0.00s eps=0.591 loss=2.1044
[ep  717] loot         static_B_2020.02.27_18.39.27.csv block-001@2772s reward=QoE=   80.96 pacing=0.76s eps=0.591 loss=2.2582
[ep  718] redandblack  static_B_2020.02.27_18.39.27.csv block-001@432s reward=QoE=   61.68 pacing=0.00s eps=0.590 loss=1.9754
[ep  719] soldier      driving_B_2020.01.16_12.10.03.csv block-000@240s reward=QoE=   59.59 pacing=0.86s eps=0.590 loss=2.0768
[ep  720] longdress    driving_B_2020.02.27_17.30.15.csv block-002@533s reward=QoE= -286.59 pacing=0.00s eps=0.589 loss=2.1147
[ep  721] loot         driving_B_2020.01.16_12.10.03.csv block-000@360s reward=QoE=   56.43 pacing=0.00s eps=0.588 loss=2.0438
[ep  722] redandblack  driving_B_2020.02.27_17.30.15.csv block-002@413s reward=QoE= -143.65 pacing=0.00s eps=0.588 loss=1.9391
[ep  723] soldier      static_B_2020.02.14_13.21.26.csv block-000@720s reward=QoE=   58.02 pacing=0.00s eps=0.587 loss=1.8054
[ep  724] longdress    static_B_2020.02.14_13.21.26.csv block-000@960s reward=QoE=   28.74 pacing=0.00s eps=0.587 loss=2.0070
[ep  725] loot         driving_B_2020.02.14_12.58.17.csv block-002@656s reward=QoE=   13.39 pacing=0.00s eps=0.586 loss=1.9372
[ep  726] redandblack  static_B_2020.02.27_18.39.27.csv block-001@3012s reward=QoE=   48.45 pacing=0.00s eps=0.586 loss=2.1686
[ep  727] soldier      static_B_2019.12.16_13.40.04.csv block-001@1015s reward=QoE=  -24.84 pacing=0.00s eps=0.585 loss=1.9568
[ep  728] longdress    driving_B_2020.02.14_12.58.17.csv block-000@0s reward=QoE=  -14.74 pacing=0.00s eps=0.584 loss=1.9676
[ep  729] loot         driving_B_2020.02.14_12.58.17.csv block-002@716s reward=QoE=   18.82 pacing=0.00s eps=0.584 loss=1.9624
[ep  730] redandblack  driving_B_2019.12.16_12.27.05.csv block-000@0s reward=QoE=   38.53 pacing=0.00s eps=0.583 loss=2.0426
[ep  731] soldier      driving_B_2020.01.16_12.10.03.csv block-000@0s reward=QoE=   50.48 pacing=1.56s eps=0.583 loss=1.9583
[ep  732] longdress    static_B_2020.02.27_18.39.27.csv block-001@1812s reward=QoE=   30.02 pacing=0.00s eps=0.582 loss=1.9488
[ep  733] loot         driving_B_2020.02.13_15.02.01.csv block-000@1500s reward=QoE= -151.33 pacing=0.00s eps=0.582 loss=1.9700
[ep  734] redandblack  driving_B_2019.12.17_07.32.39.csv block-000@840s reward=QoE=   -8.05 pacing=0.00s eps=0.581 loss=2.1516
[ep  735] soldier      driving_B_2020.02.27_17.30.15.csv block-002@413s reward=QoE=  -65.61 pacing=0.00s eps=0.580 loss=2.0388
[ep  736] longdress    driving_B_2020.01.16_07.26.43.csv block-000@1560s reward=QoE= -111.12 pacing=0.00s eps=0.580 loss=1.9564
[ep  737] loot         driving_B_2020.02.27_17.30.15.csv block-002@353s reward=QoE= -113.92 pacing=0.00s eps=0.579 loss=2.3584
[ep  738] redandblack  driving_B_2020.01.16_07.26.43.csv block-000@840s reward=QoE=   23.07 pacing=0.00s eps=0.579 loss=1.7163
[ep  739] soldier      driving_B_2020.02.14_12.58.17.csv block-002@716s reward=QoE=  -54.32 pacing=0.00s eps=0.578 loss=2.0088
[ep  740] longdress    driving_B_2020.01.16_09.56.56.csv block-001@1359s reward=QoE=  -17.37 pacing=0.00s eps=0.578 loss=2.2799
[ep  741] loot         static_B_2020.02.27_18.39.27.csv block-001@2172s reward=QoE=   70.41 pacing=0.66s eps=0.577 loss=1.9556
[ep  742] redandblack  static_B_2020.02.14_13.21.26.csv block-000@840s reward=QoE=   44.39 pacing=2.09s eps=0.576 loss=2.0581
[ep  743] soldier      driving_B_2020.02.13_15.02.01.csv block-000@420s reward=QoE=   61.29 pacing=1.23s eps=0.576 loss=1.9457
[ep  744] longdress    driving_B_2020.01.16_07.26.43.csv block-000@240s reward=QoE=  -35.12 pacing=0.00s eps=0.575 loss=1.9987
[ep  745] loot         static_B_2020.02.27_18.39.27.csv block-001@5232s reward=QoE=   40.62 pacing=0.00s eps=0.575 loss=2.0021
[ep  746] redandblack  driving_B_2020.02.13_13.03.24.csv block-000@60s reward=QoE=   -8.21 pacing=0.00s eps=0.574 loss=2.0700
[ep  747] soldier      driving_B_2019.12.16_12.27.05.csv block-000@840s reward=QoE=   18.63 pacing=0.00s eps=0.574 loss=2.0441
[ep  748] longdress    driving_B_2020.02.14_12.58.17.csv block-002@716s reward=QoE=  -79.24 pacing=0.00s eps=0.573 loss=2.2432
[ep  749] loot         static_B_2019.12.16_13.40.04.csv block-000@180s reward=QoE=   61.93 pacing=0.00s eps=0.572 loss=2.0287
[ep  750] redandblack  static_B_2020.02.27_18.39.27.csv block-001@3552s reward=QoE=   -3.50 pacing=0.00s eps=0.572 loss=2.0086
[ep  751] soldier      driving_B_2020.02.27_17.30.15.csv block-002@293s reward=QoE= -342.24 pacing=0.00s eps=0.571 loss=1.9777
[ep  752] longdress    driving_B_2020.01.16_12.10.03.csv block-000@300s reward=QoE=   11.67 pacing=0.00s eps=0.571 loss=2.1805
[ep  753] loot         driving_B_2019.12.16_12.27.05.csv block-000@480s reward=QoE=  -19.15 pacing=0.00s eps=0.570 loss=1.9264
[ep  754] redandblack  driving_B_2020.01.16_09.56.56.csv block-001@1239s reward=QoE=   41.13 pacing=0.00s eps=0.570 loss=1.8115
[ep  755] soldier      driving_B_2020.01.16_09.56.56.csv block-000@360s reward=QoE=   32.93 pacing=0.00s eps=0.569 loss=1.6323
[ep  756] longdress    driving_B_2020.02.14_09.38.22.csv block-000@720s reward=QoE=   39.31 pacing=1.48s eps=0.568 loss=2.1670
[ep  757] loot         driving_B_2020.02.13_15.02.01.csv block-000@0s reward=QoE=   66.20 pacing=0.00s eps=0.568 loss=2.1182
[ep  758] redandblack  static_B_2019.12.16_13.40.04.csv block-005@1826s reward=QoE=   55.55 pacing=0.00s eps=0.567 loss=1.7812
[ep  759] soldier      driving_B_2020.01.16_12.10.03.csv block-000@300s reward=QoE=   16.85 pacing=0.00s eps=0.567 loss=1.8637
[ep  760] longdress    driving_B_2019.12.16_12.27.05.csv block-000@600s reward=QoE=  -55.88 pacing=0.00s eps=0.566 loss=2.0021
[ep  761] loot         static_B_2020.02.14_13.21.26.csv block-000@480s reward=QoE=   71.77 pacing=1.81s eps=0.566 loss=1.8337
[ep  762] redandblack  driving_B_2019.12.16_12.27.05.csv block-000@840s reward=QoE=   29.33 pacing=0.00s eps=0.565 loss=1.9938
[ep  763] soldier      driving_B_2020.01.16_09.56.56.csv block-001@1419s reward=QoE=   35.40 pacing=0.00s eps=0.564 loss=1.9481
[ep  764] longdress    static_B_2020.02.27_18.39.27.csv block-001@2052s reward=QoE= -329.43 pacing=0.00s eps=0.564 loss=2.1518
[ep  765] loot         static_B_2020.02.14_13.21.26.csv block-000@720s reward=QoE=   62.01 pacing=0.00s eps=0.563 loss=2.2256
[ep  766] redandblack  static_B_2019.12.16_13.40.04.csv block-000@0s reward=QoE=   55.89 pacing=0.00s eps=0.563 loss=1.9095
[ep  767] soldier      driving_B_2020.02.27_17.30.15.csv block-002@293s reward=QoE= -336.42 pacing=0.00s eps=0.562 loss=2.1261
[ep  768] longdress    driving_B_2020.02.13_15.02.01.csv block-000@2160s reward=QoE=   27.31 pacing=0.00s eps=0.562 loss=2.0486
[ep  769] loot         driving_B_2020.02.14_09.38.22.csv block-000@1140s reward=QoE=  -56.15 pacing=0.00s eps=0.561 loss=2.0698
[ep  770] redandblack  static_B_2020.02.27_18.39.27.csv block-001@5052s reward=QoE=   47.69 pacing=0.00s eps=0.560 loss=1.9411
[ep  771] soldier      driving_B_2020.01.16_12.10.03.csv block-000@0s reward=QoE=   59.07 pacing=0.76s eps=0.560 loss=2.2828
[ep  772] longdress    driving_B_2020.01.16_07.26.43.csv block-000@1860s reward=QoE=  -53.63 pacing=0.00s eps=0.559 loss=1.9317
[ep  773] loot         static_B_2020.02.27_18.39.27.csv block-001@1512s reward=QoE=   64.95 pacing=0.65s eps=0.559 loss=1.7909
[ep  774] redandblack  driving_B_2020.02.27_17.30.15.csv block-002@293s reward=QoE= -293.69 pacing=0.00s eps=0.558 loss=1.9067
[ep  775] soldier      driving_B_2020.02.13_13.03.24.csv block-001@1814s reward=QoE= -103.85 pacing=0.00s eps=0.558 loss=1.8065
[ep  776] longdress    static_B_2019.12.16_13.40.04.csv block-000@60s reward=QoE=   12.63 pacing=0.00s eps=0.557 loss=1.9994
[ep  777] loot         driving_B_2020.02.14_09.38.22.csv block-000@600s reward=QoE=   47.23 pacing=0.00s eps=0.556 loss=1.8741
[ep  778] redandblack  driving_B_2020.02.14_12.58.17.csv block-002@596s reward=QoE=    5.21 pacing=0.00s eps=0.556 loss=1.8796
[ep  779] soldier      driving_B_2020.02.14_12.58.17.csv block-002@596s reward=QoE=  -71.94 pacing=0.00s eps=0.555 loss=1.9705
[ep  780] longdress    driving_B_2020.02.14_09.38.22.csv block-000@720s reward=QoE=   62.39 pacing=1.30s eps=0.555 loss=2.0089
[ep  781] loot         static_B_2020.02.14_13.21.26.csv block-000@540s reward=QoE=   62.53 pacing=0.74s eps=0.554 loss=2.0485
[ep  782] redandblack  static_B_2020.02.27_18.39.27.csv block-001@4992s reward=QoE=   48.40 pacing=0.00s eps=0.554 loss=2.2896
[ep  783] soldier      driving_B_2019.12.17_07.32.39.csv block-000@1380s reward=QoE=   38.87 pacing=0.00s eps=0.553 loss=2.2340
[ep  784] longdress    driving_B_2020.01.16_07.26.43.csv block-000@1080s reward=QoE=  -19.47 pacing=0.00s eps=0.552 loss=1.9583
[ep  785] loot         driving_B_2020.02.13_13.03.24.csv block-001@914s reward=QoE= -172.92 pacing=0.00s eps=0.552 loss=1.9110
[ep  786] redandblack  driving_B_2020.02.13_13.03.24.csv block-000@360s reward=QoE=    5.94 pacing=0.00s eps=0.551 loss=1.8407
[ep  787] soldier      driving_B_2020.02.13_13.03.24.csv block-001@1034s reward=QoE= -210.61 pacing=0.00s eps=0.551 loss=1.8690
[ep  788] longdress    driving_B_2020.01.16_12.10.03.csv block-000@180s reward=QoE=   61.30 pacing=0.00s eps=0.550 loss=1.7907
[ep  789] loot         driving_B_2019.12.16_12.27.05.csv block-000@420s reward=QoE= -196.48 pacing=0.00s eps=0.550 loss=2.0703
[ep  790] redandblack  driving_B_2020.02.27_17.30.15.csv block-002@353s reward=QoE=  -98.12 pacing=0.00s eps=0.549 loss=2.0830
[ep  791] soldier      driving_B_2020.01.16_12.10.03.csv block-000@240s reward=QoE=   64.11 pacing=0.13s eps=0.548 loss=1.8791
[ep  792] longdress    driving_B_2020.02.13_13.03.24.csv block-001@1214s reward=QoE= -138.25 pacing=0.00s eps=0.548 loss=1.8877
[ep  793] loot         driving_B_2020.02.27_17.30.15.csv block-002@473s reward=QoE= -357.18 pacing=0.00s eps=0.547 loss=2.0299
[ep  794] redandblack  driving_B_2019.12.16_12.27.05.csv block-000@960s reward=QoE=   73.88 pacing=0.53s eps=0.547 loss=1.9710
[ep  795] soldier      static_B_2020.02.14_13.21.26.csv block-000@960s reward=QoE=   23.28 pacing=0.00s eps=0.546 loss=2.0130
[ep  796] longdress    driving_B_2019.12.17_07.32.39.csv block-003@1834s reward=QoE= -111.44 pacing=0.00s eps=0.546 loss=2.2655
[ep  797] loot         driving_B_2020.02.27_17.30.15.csv block-002@533s reward=QoE= -149.16 pacing=0.00s eps=0.545 loss=2.0469
[ep  798] redandblack  driving_B_2020.01.16_07.26.43.csv block-000@660s reward=QoE=  -32.21 pacing=0.00s eps=0.544 loss=1.7882
[ep  799] soldier      driving_B_2020.02.14_09.38.22.csv block-000@420s reward=QoE=  -80.68 pacing=0.00s eps=0.544 loss=2.0575
[ep  800] longdress    static_B_2020.02.27_18.39.27.csv block-001@2352s reward=QoE=   49.88 pacing=0.00s eps=0.543 loss=1.9472
    [eval @ ep 800] reward=QoE=47.99 mean_q=0.600 stall=1.2s  <-- best (saved)
[ep  801] loot         driving_B_2020.01.16_09.56.56.csv block-001@939s reward=QoE=    4.44 pacing=0.00s eps=0.543 loss=1.8756
[ep  802] redandblack  static_B_2020.02.27_18.39.27.csv block-001@372s reward=QoE=   71.36 pacing=0.00s eps=0.542 loss=2.2322
[ep  803] soldier      driving_B_2019.12.17_07.32.39.csv block-000@1320s reward=QoE=   -1.38 pacing=0.00s eps=0.542 loss=2.5238
[ep  804] longdress    driving_B_2019.12.17_07.32.39.csv block-000@600s reward=QoE=  -26.67 pacing=0.00s eps=0.541 loss=2.0276
[ep  805] loot         driving_B_2020.01.16_09.56.56.csv block-000@300s reward=QoE=   63.03 pacing=0.18s eps=0.540 loss=2.3591
[ep  806] redandblack  driving_B_2019.12.16_12.27.05.csv block-000@780s reward=QoE=   34.28 pacing=0.00s eps=0.540 loss=2.0234
[ep  807] soldier      driving_B_2020.02.13_13.03.24.csv block-001@1634s reward=QoE=  -27.86 pacing=0.00s eps=0.539 loss=2.2453
[ep  808] longdress    driving_B_2019.12.16_12.27.05.csv block-000@120s reward=QoE=  -42.68 pacing=0.00s eps=0.539 loss=2.2365
[ep  809] loot         driving_B_2020.01.16_09.56.56.csv block-001@999s reward=QoE=   -5.72 pacing=0.00s eps=0.538 loss=2.1082
[ep  810] redandblack  driving_B_2020.02.13_15.02.01.csv block-000@780s reward=QoE=   10.02 pacing=0.00s eps=0.538 loss=2.1201
[ep  811] soldier      driving_B_2020.02.13_15.02.01.csv block-000@1020s reward=QoE=   62.90 pacing=0.00s eps=0.537 loss=2.0748
[ep  812] longdress    driving_B_2020.02.27_17.30.15.csv block-002@353s reward=QoE=  -81.76 pacing=0.00s eps=0.536 loss=2.2435
[ep  813] loot         driving_B_2020.01.16_07.26.43.csv block-000@300s reward=QoE=   17.35 pacing=0.00s eps=0.536 loss=2.0807
[ep  814] redandblack  driving_B_2020.02.14_09.38.22.csv block-000@1020s reward=QoE=   77.33 pacing=0.00s eps=0.535 loss=2.2733
[ep  815] soldier      driving_B_2020.01.16_09.56.56.csv block-001@1179s reward=QoE=  -26.77 pacing=0.00s eps=0.535 loss=2.3716
[ep  816] longdress    driving_B_2020.02.14_09.38.22.csv block-000@300s reward=QoE= -183.71 pacing=0.00s eps=0.534 loss=2.0161
[ep  817] loot         static_B_2019.12.16_13.40.04.csv block-005@1346s reward=QoE=   -0.97 pacing=0.00s eps=0.534 loss=2.2343
[ep  818] redandblack  driving_B_2020.01.16_12.10.03.csv block-000@60s reward=QoE=   50.30 pacing=0.00s eps=0.533 loss=2.5026
[ep  819] soldier      driving_B_2020.01.16_12.10.03.csv block-000@60s reward=QoE=   48.60 pacing=0.00s eps=0.532 loss=2.4242
[ep  820] longdress    driving_B_2020.01.16_09.56.56.csv block-001@1299s reward=QoE=   26.52 pacing=0.00s eps=0.532 loss=2.2870
[ep  821] loot         driving_B_2020.02.13_13.03.24.csv block-001@1274s reward=QoE=  -70.54 pacing=0.00s eps=0.531 loss=1.9043
[ep  822] redandblack  driving_B_2020.02.27_17.30.15.csv block-002@473s reward=QoE= -303.36 pacing=0.00s eps=0.531 loss=2.1804
[ep  823] soldier      driving_B_2020.02.13_15.02.01.csv block-000@180s reward=QoE=   39.72 pacing=0.00s eps=0.530 loss=2.1624
[ep  824] longdress    driving_B_2020.02.14_09.38.22.csv block-000@1260s reward=QoE=  -41.09 pacing=0.00s eps=0.530 loss=2.3456
[ep  825] loot         driving_B_2020.02.27_17.30.15.csv block-002@413s reward=QoE=  -85.06 pacing=0.00s eps=0.529 loss=2.4054
[ep  826] redandblack  driving_B_2020.01.16_07.26.43.csv block-000@1320s reward=QoE=   18.40 pacing=0.00s eps=0.528 loss=2.1116
[ep  827] soldier      driving_B_2020.02.27_17.30.15.csv block-002@293s reward=QoE= -359.17 pacing=0.00s eps=0.528 loss=2.2943
[ep  828] longdress    driving_B_2019.12.17_07.32.39.csv block-000@480s reward=QoE=   63.83 pacing=0.00s eps=0.527 loss=2.3867
[ep  829] loot         static_B_2020.02.14_13.21.26.csv block-000@1080s reward=QoE=   75.70 pacing=0.94s eps=0.527 loss=2.3160
[ep  830] redandblack  driving_B_2020.02.13_13.03.24.csv block-001@1574s reward=QoE=  -22.36 pacing=0.00s eps=0.526 loss=2.0531
[ep  831] soldier      driving_B_2020.01.16_12.10.03.csv block-000@240s reward=QoE=   62.64 pacing=0.98s eps=0.526 loss=2.1870
[ep  832] longdress    driving_B_2020.01.16_09.56.56.csv block-000@0s reward=QoE=  -18.70 pacing=0.00s eps=0.525 loss=2.1669
[ep  833] redandblack  driving_B_2020.02.27_17.30.15.csv block-002@293s reward=QoE= -325.91 pacing=0.00s eps=0.524 loss=2.2493
[ep  834] soldier      driving_B_2020.02.27_17.30.15.csv block-002@473s reward=QoE= -358.45 pacing=0.00s eps=0.524 loss=2.3251
[ep  835] longdress    driving_B_2020.02.27_17.30.15.csv block-002@413s reward=QoE= -566.34 pacing=0.00s eps=0.523 loss=2.4499
[ep  836] loot         static_B_2020.02.14_13.21.26.csv block-000@240s reward=QoE=   66.35 pacing=1.67s eps=0.523 loss=2.1891
[ep  837] redandblack  driving_B_2020.01.16_12.10.03.csv block-000@60s reward=QoE=   37.48 pacing=0.00s eps=0.522 loss=2.3151
[ep  838] soldier      driving_B_2020.02.13_15.02.01.csv block-000@1260s reward=QoE=    2.96 pacing=0.00s eps=0.522 loss=2.1031
[ep  839] longdress    driving_B_2020.01.16_07.26.43.csv block-000@60s reward=QoE=   15.42 pacing=0.00s eps=0.521 loss=2.2581
[ep  840] loot         driving_B_2020.01.16_09.56.56.csv block-001@999s reward=QoE=   -8.87 pacing=0.00s eps=0.520 loss=2.0004
[ep  841] redandblack  static_B_2020.02.14_13.21.26.csv block-000@0s reward=QoE=   33.35 pacing=0.00s eps=0.520 loss=2.0823
[ep  842] soldier      driving_B_2020.01.16_12.10.03.csv block-000@120s reward=QoE=   58.95 pacing=1.05s eps=0.519 loss=2.2883
[ep  843] longdress    static_B_2020.02.14_13.21.26.csv block-000@720s reward=QoE=   50.54 pacing=0.00s eps=0.519 loss=2.1429
[ep  844] loot         driving_B_2020.02.13_13.03.24.csv block-000@300s reward=QoE=  -12.12 pacing=0.00s eps=0.518 loss=2.2138
[ep  845] redandblack  driving_B_2020.02.14_09.38.22.csv block-000@1320s reward=QoE=  -67.33 pacing=0.00s eps=0.518 loss=2.2179
[ep  846] soldier      driving_B_2020.01.16_07.26.43.csv block-000@960s reward=QoE=  -42.05 pacing=0.00s eps=0.517 loss=1.9665
[ep  847] longdress    driving_B_2019.12.17_07.32.39.csv block-000@300s reward=QoE=   -1.61 pacing=0.00s eps=0.516 loss=2.2509
[ep  848] loot         driving_B_2019.12.16_12.27.05.csv block-000@660s reward=QoE=  -99.88 pacing=0.00s eps=0.516 loss=2.1482
[ep  849] redandblack  driving_B_2019.12.17_07.32.39.csv block-000@840s reward=QoE=  -25.31 pacing=0.00s eps=0.515 loss=2.2566
[ep  850] soldier      driving_B_2020.02.13_13.03.24.csv block-001@1334s reward=QoE=  -72.59 pacing=0.00s eps=0.515 loss=2.1067
[ep  851] longdress    static_B_2020.02.27_18.39.27.csv block-001@792s reward=QoE=   62.45 pacing=0.33s eps=0.514 loss=2.4185
[ep  852] loot         driving_B_2020.01.16_09.56.56.csv block-001@1539s reward=QoE=   58.32 pacing=0.22s eps=0.514 loss=2.2130
[ep  853] redandblack  static_B_2020.02.27_18.39.27.csv block-001@2232s reward=QoE=   46.11 pacing=0.00s eps=0.513 loss=2.2206
[ep  854] soldier      driving_B_2020.02.14_12.58.17.csv block-002@716s reward=QoE=  -41.12 pacing=0.00s eps=0.512 loss=2.1476
[ep  855] longdress    driving_B_2020.01.16_07.26.43.csv block-000@1020s reward=QoE= -110.74 pacing=0.00s eps=0.512 loss=2.0897
[ep  856] loot         driving_B_2020.01.16_09.56.56.csv block-000@180s reward=QoE=   44.22 pacing=0.00s eps=0.511 loss=2.4185
[ep  857] redandblack  driving_B_2019.12.16_12.27.05.csv block-000@600s reward=QoE=   -5.54 pacing=0.00s eps=0.511 loss=2.0354
[ep  858] soldier      driving_B_2020.01.16_12.10.03.csv block-000@180s reward=QoE=   48.28 pacing=0.00s eps=0.510 loss=2.2178
[ep  859] longdress    driving_B_2020.01.16_12.10.03.csv block-000@120s reward=QoE=   57.55 pacing=0.00s eps=0.510 loss=2.0605
[ep  860] loot         driving_B_2020.02.13_15.02.01.csv block-000@1440s reward=QoE= -257.47 pacing=0.00s eps=0.509 loss=2.1509
[ep  861] redandblack  driving_B_2020.02.14_12.58.17.csv block-002@596s reward=QoE=  -24.12 pacing=0.00s eps=0.508 loss=2.1571
[ep  862] soldier      static_B_2020.02.27_18.39.27.csv block-001@5712s reward=QoE=   51.95 pacing=0.00s eps=0.508 loss=2.3456
[ep  863] longdress    driving_B_2020.02.13_13.03.24.csv block-001@1274s reward=QoE=  -87.89 pacing=0.00s eps=0.507 loss=1.9682
[ep  864] loot         driving_B_2020.02.14_09.38.22.csv block-000@480s reward=QoE=  -34.87 pacing=0.00s eps=0.507 loss=2.0782
[ep  865] redandblack  driving_B_2019.12.17_07.32.39.csv block-003@1954s reward=QoE=  -48.13 pacing=0.00s eps=0.506 loss=2.4919
[ep  866] soldier      driving_B_2020.02.14_12.58.17.csv block-002@656s reward=QoE=   -4.99 pacing=0.00s eps=0.506 loss=2.0884
[ep  867] longdress    driving_B_2020.02.14_09.38.22.csv block-000@180s reward=QoE=  -96.71 pacing=0.00s eps=0.505 loss=2.3036
[ep  868] loot         static_B_2020.02.27_18.39.27.csv block-001@5652s reward=QoE=   75.43 pacing=0.00s eps=0.504 loss=2.0840
[ep  869] redandblack  driving_B_2020.01.16_07.26.43.csv block-000@1440s reward=QoE=   46.86 pacing=0.00s eps=0.504 loss=1.9537
[ep  870] soldier      driving_B_2020.02.13_13.03.24.csv block-000@660s reward=QoE=  -55.94 pacing=0.00s eps=0.503 loss=2.0249
[ep  871] longdress    driving_B_2020.02.13_15.02.01.csv block-000@1080s reward=QoE=  -55.73 pacing=0.00s eps=0.503 loss=2.1203
[ep  872] loot         static_B_2020.02.27_18.39.27.csv block-001@6192s reward=QoE=   59.32 pacing=0.00s eps=0.502 loss=2.1094
[ep  873] redandblack  driving_B_2020.02.13_13.03.24.csv block-001@1514s reward=QoE=  -21.22 pacing=0.00s eps=0.502 loss=2.1636
[ep  874] soldier      driving_B_2020.02.13_15.02.01.csv block-000@1200s reward=QoE=    6.50 pacing=0.00s eps=0.501 loss=2.0023
[ep  875] longdress    driving_B_2020.02.13_13.03.24.csv block-001@1454s reward=QoE= -106.15 pacing=0.00s eps=0.500 loss=2.2304
[ep  876] loot         driving_B_2019.12.16_12.27.05.csv block-000@0s reward=QoE=   33.31 pacing=0.00s eps=0.500 loss=2.1862
[ep  877] redandblack  driving_B_2020.02.27_17.30.15.csv block-002@293s reward=QoE= -274.68 pacing=0.00s eps=0.499 loss=2.1135
[ep  878] soldier      driving_B_2020.02.14_12.58.17.csv block-002@656s reward=QoE=   -8.69 pacing=0.00s eps=0.499 loss=2.0121
[ep  879] longdress    static_B_2019.12.16_13.40.04.csv block-005@1466s reward=QoE=   45.04 pacing=0.00s eps=0.498 loss=2.1016
[ep  880] loot         driving_B_2020.02.13_13.03.24.csv block-000@120s reward=QoE=  -44.35 pacing=0.00s eps=0.498 loss=2.1413
[ep  881] redandblack  driving_B_2019.12.16_12.27.05.csv block-000@180s reward=QoE=  -23.27 pacing=0.00s eps=0.497 loss=2.2018
[ep  882] soldier      driving_B_2019.12.17_07.32.39.csv block-000@60s reward=QoE=  -41.58 pacing=0.00s eps=0.496 loss=2.2965
[ep  883] longdress    driving_B_2020.01.16_07.26.43.csv block-000@1260s reward=QoE=  -14.09 pacing=0.00s eps=0.496 loss=1.9791
[ep  884] loot         driving_B_2020.02.14_09.38.22.csv block-000@960s reward=QoE=   74.00 pacing=0.00s eps=0.495 loss=2.1002
[ep  885] redandblack  static_B_2020.02.27_18.39.27.csv block-001@5172s reward=QoE=   49.02 pacing=0.00s eps=0.495 loss=2.3083
[ep  886] soldier      driving_B_2020.02.13_13.03.24.csv block-000@600s reward=QoE=  -12.68 pacing=0.00s eps=0.494 loss=2.5779
[ep  887] longdress    static_B_2020.02.14_13.21.26.csv block-000@480s reward=QoE=   61.56 pacing=0.55s eps=0.494 loss=2.0914
[ep  888] loot         driving_B_2020.02.14_12.58.17.csv block-002@536s reward=QoE= -182.34 pacing=0.00s eps=0.493 loss=2.2195
[ep  889] redandblack  driving_B_2020.01.16_12.10.03.csv block-000@120s reward=QoE=   62.84 pacing=1.69s eps=0.492 loss=2.1342
[ep  890] soldier      driving_B_2020.02.14_09.38.22.csv block-000@120s reward=QoE= -103.56 pacing=0.00s eps=0.492 loss=2.3026
[ep  891] longdress    driving_B_2020.02.13_15.02.01.csv block-000@2940s reward=QoE= -121.13 pacing=0.00s eps=0.491 loss=2.1762
[ep  892] loot         driving_B_2020.02.13_13.03.24.csv block-001@1094s reward=QoE=  -29.35 pacing=0.00s eps=0.491 loss=2.0934
[ep  893] redandblack  static_B_2019.12.16_13.40.04.csv block-005@1406s reward=QoE=   62.65 pacing=0.00s eps=0.490 loss=2.2304
[ep  894] soldier      driving_B_2020.02.13_15.02.01.csv block-000@2100s reward=QoE=   -0.82 pacing=0.00s eps=0.490 loss=2.1713
[ep  895] longdress    driving_B_2020.01.16_07.26.43.csv block-000@1800s reward=QoE=   -8.08 pacing=0.00s eps=0.489 loss=2.2326
[ep  896] loot         driving_B_2019.12.16_12.27.05.csv block-000@420s reward=QoE= -100.26 pacing=0.00s eps=0.488 loss=2.1288
[ep  897] redandblack  driving_B_2020.02.14_12.58.17.csv block-002@536s reward=QoE= -181.52 pacing=0.00s eps=0.488 loss=2.4364
[ep  898] soldier      driving_B_2020.02.14_09.38.22.csv block-000@840s reward=QoE=  -15.26 pacing=0.00s eps=0.487 loss=2.0044
[ep  899] longdress    driving_B_2020.02.14_12.58.17.csv block-002@536s reward=QoE= -192.35 pacing=0.00s eps=0.487 loss=2.1806
[ep  900] loot         driving_B_2020.02.13_13.03.24.csv block-000@360s reward=QoE=    9.38 pacing=0.00s eps=0.486 loss=2.1508
[ep  901] redandblack  driving_B_2020.01.16_09.56.56.csv block-001@1239s reward=QoE=   32.19 pacing=0.00s eps=0.486 loss=2.0997
[ep  902] soldier      driving_B_2020.01.16_12.10.03.csv block-000@60s reward=QoE=   38.70 pacing=0.00s eps=0.485 loss=2.1270
[ep  903] longdress    driving_B_2020.02.13_15.02.01.csv block-000@720s reward=QoE=   21.88 pacing=0.00s eps=0.484 loss=2.1532
[ep  904] loot         static_B_2020.02.27_18.39.27.csv block-001@6072s reward=QoE=   61.84 pacing=1.77s eps=0.484 loss=2.1436
[ep  905] redandblack  driving_B_2020.02.27_17.30.15.csv block-002@473s reward=QoE= -336.81 pacing=0.00s eps=0.483 loss=2.0532
[ep  906] soldier      static_B_2020.02.14_13.21.26.csv block-000@660s reward=QoE=   61.11 pacing=1.34s eps=0.483 loss=2.1122
[ep  907] longdress    driving_B_2020.01.16_09.56.56.csv block-001@1059s reward=QoE=  -85.95 pacing=0.00s eps=0.482 loss=2.0873
[ep  908] loot         driving_B_2020.01.16_12.10.03.csv block-000@240s reward=QoE=   57.18 pacing=1.62s eps=0.482 loss=2.1740
[ep  909] redandblack  driving_B_2019.12.17_07.32.39.csv block-000@480s reward=QoE=   59.57 pacing=0.47s eps=0.481 loss=2.0727
[ep  910] soldier      driving_B_2020.01.16_07.26.43.csv block-000@720s reward=QoE=  -61.62 pacing=0.00s eps=0.480 loss=1.9796
[ep  911] longdress    driving_B_2020.01.16_07.26.43.csv block-000@900s reward=QoE=   24.55 pacing=0.00s eps=0.480 loss=1.9863
[ep  912] loot         static_B_2020.02.14_13.21.26.csv block-000@780s reward=QoE=   61.42 pacing=0.86s eps=0.479 loss=2.1400
[ep  913] redandblack  driving_B_2019.12.17_07.32.39.csv block-004@2357s reward=QoE=  -21.01 pacing=0.00s eps=0.479 loss=2.2990
[ep  914] soldier      driving_B_2020.02.13_13.03.24.csv block-001@1694s reward=QoE=  -27.37 pacing=0.00s eps=0.478 loss=2.3590
[ep  915] longdress    static_B_2020.02.27_18.39.27.csv block-001@312s reward=QoE=   48.13 pacing=0.00s eps=0.478 loss=2.2038
[ep  916] loot         driving_B_2019.12.16_12.27.05.csv block-000@1140s reward=QoE=   57.05 pacing=0.00s eps=0.477 loss=2.1961
[ep  917] redandblack  driving_B_2020.02.13_13.03.24.csv block-000@180s reward=QoE=  -44.52 pacing=0.00s eps=0.476 loss=2.2808
[ep  918] soldier      driving_B_2020.02.27_17.30.15.csv block-002@353s reward=QoE= -136.58 pacing=0.00s eps=0.476 loss=2.0828
[ep  919] longdress    driving_B_2020.02.13_15.02.01.csv block-000@0s reward=QoE=   69.07 pacing=0.00s eps=0.475 loss=2.2088
[ep  920] loot         driving_B_2020.01.16_09.56.56.csv block-001@1179s reward=QoE=  -18.50 pacing=0.00s eps=0.475 loss=2.1251
[ep  921] redandblack  driving_B_2020.02.14_09.38.22.csv block-000@1380s reward=QoE=    6.12 pacing=0.00s eps=0.474 loss=2.1406
[ep  922] soldier      static_B_2020.02.14_13.21.26.csv block-000@420s reward=QoE=   70.80 pacing=0.00s eps=0.474 loss=2.1398
[ep  923] longdress    driving_B_2020.02.13_15.02.01.csv block-000@1860s reward=QoE=  -68.02 pacing=0.00s eps=0.473 loss=2.0845
[ep  924] loot         driving_B_2020.02.14_09.38.22.csv block-000@360s reward=QoE=  -54.96 pacing=0.00s eps=0.472 loss=2.0112
[ep  925] redandblack  static_B_2020.02.14_13.21.26.csv block-000@60s reward=QoE=   65.59 pacing=1.19s eps=0.472 loss=2.1932
[ep  926] soldier      driving_B_2020.01.16_12.10.03.csv block-000@360s reward=QoE=   55.53 pacing=0.00s eps=0.471 loss=1.9739
[ep  927] longdress    driving_B_2019.12.16_12.27.05.csv block-000@240s reward=QoE=  -23.01 pacing=0.00s eps=0.471 loss=1.9920
[ep  928] loot         driving_B_2019.12.17_07.32.39.csv block-003@2014s reward=QoE=  -55.95 pacing=0.00s eps=0.470 loss=2.5070
[ep  929] redandblack  driving_B_2020.01.16_09.56.56.csv block-001@699s reward=QoE=   65.86 pacing=2.07s eps=0.470 loss=1.9346
[ep  930] soldier      driving_B_2019.12.16_12.27.05.csv block-000@840s reward=QoE=   13.88 pacing=0.00s eps=0.469 loss=2.1835
[ep  931] longdress    driving_B_2020.01.16_12.10.03.csv block-000@0s reward=QoE=   56.80 pacing=0.35s eps=0.468 loss=2.0501
[ep  932] loot         driving_B_2020.02.13_15.02.01.csv block-000@2040s reward=QoE=   74.12 pacing=0.09s eps=0.468 loss=2.3805
[ep  933] redandblack  static_B_2019.12.16_13.40.04.csv block-006@2172s reward=QoE=   72.95 pacing=2.05s eps=0.467 loss=2.2680
[ep  934] soldier      driving_B_2019.12.16_12.27.05.csv block-000@360s reward=QoE=  -31.51 pacing=0.00s eps=0.467 loss=2.0050
[ep  935] longdress    driving_B_2020.02.27_17.30.15.csv block-002@293s reward=QoE= -249.39 pacing=0.00s eps=0.466 loss=2.0610
[ep  936] loot         driving_B_2020.02.14_12.58.17.csv block-002@716s reward=QoE=   23.53 pacing=0.00s eps=0.466 loss=1.9780
[ep  937] redandblack  driving_B_2020.01.16_12.10.03.csv block-000@240s reward=QoE=   66.31 pacing=1.83s eps=0.465 loss=1.9027
[ep  938] soldier      driving_B_2020.02.27_17.30.15.csv block-002@533s reward=QoE= -171.69 pacing=0.00s eps=0.465 loss=2.0056
[ep  939] longdress    driving_B_2020.02.13_15.02.01.csv block-000@780s reward=QoE=   -4.47 pacing=0.00s eps=0.464 loss=2.2383
[ep  940] loot         driving_B_2020.02.14_12.58.17.csv block-002@596s reward=QoE=   -4.56 pacing=0.00s eps=0.463 loss=2.0711
[ep  941] redandblack  driving_B_2020.01.16_12.10.03.csv block-000@300s reward=QoE=   31.48 pacing=0.00s eps=0.463 loss=2.2542
[ep  942] soldier      driving_B_2020.02.27_17.30.15.csv block-002@533s reward=QoE= -162.51 pacing=0.00s eps=0.462 loss=1.9650
[ep  943] longdress    driving_B_2020.01.16_09.56.56.csv block-000@360s reward=QoE=   38.98 pacing=0.00s eps=0.462 loss=2.1288
[ep  944] loot         driving_B_2020.01.16_09.56.56.csv block-001@1599s reward=QoE=   66.97 pacing=0.00s eps=0.461 loss=2.1436
[ep  945] redandblack  driving_B_2020.01.16_09.56.56.csv block-000@0s reward=QoE=   26.09 pacing=0.00s eps=0.461 loss=2.2539
[ep  946] soldier      static_B_2020.02.14_13.21.26.csv block-000@360s reward=QoE=   60.40 pacing=0.00s eps=0.460 loss=2.0491
[ep  947] longdress    driving_B_2020.01.16_07.26.43.csv block-000@1620s reward=QoE=  -41.80 pacing=0.00s eps=0.459 loss=2.1060
[ep  948] loot         driving_B_2020.02.13_13.03.24.csv block-001@1814s reward=QoE=   -8.01 pacing=0.00s eps=0.459 loss=2.3333
[ep  949] redandblack  driving_B_2019.12.16_12.27.05.csv block-000@900s reward=QoE=   65.03 pacing=1.16s eps=0.458 loss=1.9915
[ep  950] soldier      driving_B_2020.02.13_15.02.01.csv block-000@180s reward=QoE=   49.62 pacing=0.00s eps=0.458 loss=2.2219
[ep  951] longdress    driving_B_2020.01.16_12.10.03.csv block-000@240s reward=QoE=   53.00 pacing=1.30s eps=0.457 loss=2.2906
[ep  952] loot         driving_B_2019.12.17_07.32.39.csv block-003@2074s reward=QoE=   38.15 pacing=0.53s eps=0.457 loss=2.3543
[ep  953] redandblack  static_B_2020.02.27_18.39.27.csv block-001@4632s reward=QoE=   70.34 pacing=0.00s eps=0.456 loss=1.9349
[ep  954] soldier      driving_B_2020.02.13_15.02.01.csv block-000@3000s reward=QoE=  -20.26 pacing=0.00s eps=0.455 loss=2.2238
[ep  955] longdress    static_B_2020.02.14_13.21.26.csv block-000@1020s reward=QoE=   71.17 pacing=0.00s eps=0.455 loss=1.9945
[ep  956] loot         static_B_2020.02.14_13.21.26.csv block-000@180s reward=QoE=   74.72 pacing=0.73s eps=0.454 loss=1.8586
[ep  957] redandblack  driving_B_2020.02.14_12.58.17.csv block-002@596s reward=QoE=   -7.47 pacing=0.00s eps=0.454 loss=2.2535
[ep  958] soldier      driving_B_2020.02.27_17.30.15.csv block-002@293s reward=QoE= -239.22 pacing=0.00s eps=0.453 loss=2.0915
[ep  959] longdress    driving_B_2020.01.16_12.10.03.csv block-000@0s reward=QoE=   63.14 pacing=0.57s eps=0.453 loss=2.1020
[ep  960] loot         static_B_2019.12.16_13.40.04.csv block-000@420s reward=QoE=   60.98 pacing=0.00s eps=0.452 loss=2.0845
[ep  961] redandblack  driving_B_2020.02.27_17.30.15.csv block-002@413s reward=QoE=  -67.55 pacing=0.00s eps=0.451 loss=2.2543
[ep  962] soldier      static_B_2020.02.27_18.39.27.csv block-001@3312s reward=QoE=   40.04 pacing=0.00s eps=0.451 loss=2.3671
[ep  963] longdress    driving_B_2020.01.16_07.26.43.csv block-000@600s reward=QoE=   -9.79 pacing=0.00s eps=0.450 loss=2.1814
[ep  964] loot         driving_B_2020.02.13_13.03.24.csv block-001@1934s reward=QoE=  -12.32 pacing=0.00s eps=0.450 loss=1.9654
[ep  965] redandblack  driving_B_2020.02.14_12.58.17.csv block-000@0s reward=QoE=    5.27 pacing=0.00s eps=0.449 loss=2.1371
[ep  966] soldier      static_B_2019.12.16_13.40.04.csv block-000@240s reward=QoE=   18.03 pacing=0.00s eps=0.449 loss=2.1383
[ep  967] longdress    driving_B_2020.02.27_17.30.15.csv block-002@413s reward=QoE= -138.65 pacing=0.00s eps=0.448 loss=1.9375
[ep  968] loot         driving_B_2020.02.13_15.02.01.csv block-000@300s reward=QoE=   63.91 pacing=1.63s eps=0.447 loss=2.3208
[ep  969] redandblack  driving_B_2019.12.17_07.32.39.csv block-000@1080s reward=QoE=   14.16 pacing=0.00s eps=0.447 loss=2.2345
[ep  970] soldier      driving_B_2020.01.16_12.10.03.csv block-000@180s reward=QoE=   76.41 pacing=0.00s eps=0.446 loss=1.9944
[ep  971] longdress    driving_B_2020.02.14_09.38.22.csv block-000@420s reward=QoE= -119.14 pacing=0.00s eps=0.446 loss=2.4053
[ep  972] loot         static_B_2020.02.27_18.39.27.csv block-001@672s reward=QoE=   25.12 pacing=1.58s eps=0.445 loss=2.2037
[ep  973] redandblack  static_B_2020.02.14_13.21.26.csv block-000@960s reward=QoE=   31.59 pacing=0.00s eps=0.445 loss=2.0535
[ep  974] soldier      static_B_2020.02.27_18.39.27.csv block-001@2412s reward=QoE=   38.33 pacing=0.00s eps=0.444 loss=2.1169
[ep  975] longdress    driving_B_2020.01.16_07.26.43.csv block-000@240s reward=QoE=  -42.03 pacing=0.00s eps=0.443 loss=1.9681
[ep  976] loot         static_B_2020.02.27_18.39.27.csv block-001@2472s reward=QoE=   66.26 pacing=0.00s eps=0.443 loss=2.1259
[ep  977] redandblack  driving_B_2020.02.27_17.30.15.csv block-002@353s reward=QoE=  -47.76 pacing=0.00s eps=0.442 loss=1.9219
[ep  978] soldier      driving_B_2019.12.17_07.32.39.csv block-004@2477s reward=QoE=   57.89 pacing=0.00s eps=0.442 loss=2.4159
[ep  979] longdress    driving_B_2020.01.16_09.56.56.csv block-000@240s reward=QoE=   13.08 pacing=0.00s eps=0.441 loss=2.2541
[ep  980] loot         driving_B_2020.02.14_09.38.22.csv block-000@1560s reward=QoE=    8.34 pacing=0.00s eps=0.441 loss=2.2805
[ep  981] redandblack  driving_B_2019.12.16_12.27.05.csv block-000@720s reward=QoE=  -34.74 pacing=0.00s eps=0.440 loss=2.1776
[ep  982] soldier      driving_B_2020.01.16_07.26.43.csv block-000@300s reward=QoE=  -18.19 pacing=0.00s eps=0.439 loss=2.1200
[ep  983] longdress    static_B_2019.12.16_13.40.04.csv block-001@1075s reward=QoE=   28.51 pacing=0.00s eps=0.439 loss=2.1762
[ep  984] loot         driving_B_2020.02.27_17.30.15.csv block-002@413s reward=QoE=  -50.63 pacing=0.00s eps=0.438 loss=2.1200
[ep  985] redandblack  driving_B_2020.01.16_07.26.43.csv block-000@1140s reward=QoE=   40.63 pacing=0.00s eps=0.438 loss=2.0959
[ep  986] soldier      driving_B_2020.01.16_07.26.43.csv block-000@1380s reward=QoE=  -32.16 pacing=0.00s eps=0.437 loss=1.9384
[ep  987] longdress    static_B_2020.02.27_18.39.27.csv block-001@1092s reward=QoE=   52.30 pacing=0.00s eps=0.437 loss=2.0877
[ep  988] loot         driving_B_2019.12.17_07.32.39.csv block-003@1774s reward=QoE=   28.74 pacing=0.00s eps=0.436 loss=1.8081
[ep  989] redandblack  static_B_2020.02.14_13.21.26.csv block-000@900s reward=QoE=   66.21 pacing=0.00s eps=0.435 loss=1.9356
[ep  990] soldier      driving_B_2020.01.16_07.26.43.csv block-000@180s reward=QoE= -150.84 pacing=0.00s eps=0.435 loss=2.1062
[ep  991] longdress    driving_B_2020.01.16_12.10.03.csv block-000@300s reward=QoE=    9.57 pacing=0.00s eps=0.434 loss=2.1069
[ep  992] loot         static_B_2019.12.16_13.40.04.csv block-001@1135s reward=QoE=   62.58 pacing=0.00s eps=0.434 loss=2.1799
[ep  993] redandblack  driving_B_2020.02.13_15.02.01.csv block-000@2700s reward=QoE= -144.77 pacing=0.00s eps=0.433 loss=2.1036
[ep  994] soldier      driving_B_2019.12.17_07.32.39.csv block-004@2297s reward=QoE=   63.18 pacing=0.00s eps=0.433 loss=2.0495
[ep  995] longdress    driving_B_2020.02.14_09.38.22.csv block-000@1200s reward=QoE=  -48.61 pacing=0.00s eps=0.432 loss=2.1104
[ep  996] loot         driving_B_2019.12.16_12.27.05.csv block-000@540s reward=QoE= -140.83 pacing=0.00s eps=0.431 loss=2.1328
[ep  997] redandblack  static_B_2020.02.14_13.21.26.csv block-000@480s reward=QoE=   68.34 pacing=1.64s eps=0.431 loss=1.9619
[ep  998] soldier      driving_B_2020.02.13_13.03.24.csv block-001@1214s reward=QoE=  -62.19 pacing=0.00s eps=0.430 loss=1.9592
[ep  999] longdress    driving_B_2019.12.16_12.27.05.csv block-000@1140s reward=QoE=   43.46 pacing=0.00s eps=0.430 loss=2.1216
[ep 1000] loot         driving_B_2019.12.17_07.32.39.csv block-003@1654s reward=QoE=    5.17 pacing=0.00s eps=0.429 loss=1.9831
[ep 1001] redandblack  driving_B_2020.01.16_07.26.43.csv block-000@420s reward=QoE=  -42.99 pacing=0.00s eps=0.429 loss=1.9742
[ep 1002] soldier      driving_B_2020.01.16_09.56.56.csv block-001@759s reward=QoE=   16.41 pacing=0.00s eps=0.428 loss=1.7220
[ep 1003] longdress    static_B_2019.12.16_13.40.04.csv block-001@955s reward=QoE=   48.63 pacing=0.00s eps=0.427 loss=2.5955
[ep 1004] loot         static_B_2019.12.16_13.40.04.csv block-001@595s reward=QoE=   50.87 pacing=0.15s eps=0.427 loss=2.3581
[ep 1005] redandblack  static_B_2019.12.16_13.40.04.csv block-000@300s reward=QoE=   13.26 pacing=0.00s eps=0.426 loss=2.1917
[ep 1006] soldier      driving_B_2020.02.13_15.02.01.csv block-000@900s reward=QoE=  -84.66 pacing=0.00s eps=0.426 loss=2.5608
[ep 1007] longdress    driving_B_2020.01.16_07.26.43.csv block-000@1200s reward=QoE=   25.57 pacing=0.00s eps=0.425 loss=2.4737
[ep 1008] loot         driving_B_2019.12.17_07.32.39.csv block-000@540s reward=QoE=  -31.31 pacing=0.00s eps=0.425 loss=2.3595
[ep 1009] redandblack  driving_B_2020.02.13_13.03.24.csv block-000@0s reward=QoE=   -4.73 pacing=0.00s eps=0.424 loss=2.1339
[ep 1010] soldier      driving_B_2020.01.16_07.26.43.csv block-000@1680s reward=QoE=  -51.78 pacing=0.00s eps=0.423 loss=2.5133
[ep 1011] longdress    driving_B_2019.12.17_07.32.39.csv block-000@900s reward=QoE=  -49.01 pacing=0.00s eps=0.423 loss=2.1761
[ep 1012] loot         static_B_2019.12.16_13.40.04.csv block-005@1586s reward=QoE=   31.40 pacing=0.00s eps=0.422 loss=2.1463
[ep 1013] redandblack  driving_B_2020.02.27_17.30.15.csv block-002@473s reward=QoE= -345.50 pacing=0.00s eps=0.422 loss=2.5312
[ep 1014] soldier      driving_B_2020.02.27_17.30.15.csv block-002@353s reward=QoE= -184.89 pacing=0.00s eps=0.421 loss=2.4007
[ep 1015] longdress    static_B_2020.02.27_18.39.27.csv block-001@4752s reward=QoE=   70.77 pacing=0.00s eps=0.421 loss=2.6584
[ep 1016] loot         driving_B_2020.02.27_17.30.15.csv block-002@473s reward=QoE= -306.45 pacing=0.00s eps=0.420 loss=2.6655
[ep 1017] redandblack  driving_B_2020.02.13_13.03.24.csv block-001@1994s reward=QoE=   57.13 pacing=0.00s eps=0.419 loss=2.3580
[ep 1018] soldier      driving_B_2020.02.13_13.03.24.csv block-001@974s reward=QoE=  -23.44 pacing=0.00s eps=0.419 loss=2.3743
[ep 1019] longdress    driving_B_2020.02.13_13.03.24.csv block-001@1874s reward=QoE= -118.99 pacing=0.00s eps=0.418 loss=2.6510
[ep 1020] loot         driving_B_2020.02.13_15.02.01.csv block-000@2880s reward=QoE=   75.36 pacing=1.07s eps=0.418 loss=2.4003
[ep 1021] redandblack  driving_B_2019.12.16_12.27.05.csv block-000@1200s reward=QoE=   38.03 pacing=0.00s eps=0.417 loss=2.4489
[ep 1022] soldier      driving_B_2020.02.13_13.03.24.csv block-000@480s reward=QoE=   -4.80 pacing=0.00s eps=0.417 loss=2.1697
[ep 1023] longdress    static_B_2019.12.16_13.40.04.csv block-000@120s reward=QoE=   73.08 pacing=0.00s eps=0.416 loss=2.2723
[ep 1024] loot         driving_B_2020.02.13_15.02.01.csv block-000@2160s reward=QoE=   58.13 pacing=0.00s eps=0.415 loss=2.1978
[ep 1025] redandblack  driving_B_2019.12.17_07.32.39.csv block-000@1140s reward=QoE=   38.08 pacing=0.00s eps=0.415 loss=2.4600
[ep 1026] soldier      driving_B_2020.01.16_09.56.56.csv block-000@60s reward=QoE=  -65.49 pacing=0.00s eps=0.414 loss=2.6038
[ep 1027] longdress    driving_B_2020.02.27_17.30.15.csv block-002@293s reward=QoE= -337.81 pacing=0.00s eps=0.414 loss=2.4665
[ep 1028] loot         driving_B_2020.02.13_13.03.24.csv block-000@420s reward=QoE=  -12.21 pacing=0.00s eps=0.413 loss=2.0955
[ep 1029] redandblack  driving_B_2019.12.17_07.32.39.csv block-000@1320s reward=QoE=   13.94 pacing=0.00s eps=0.413 loss=2.2168
[ep 1030] soldier      driving_B_2020.02.27_17.30.15.csv block-002@473s reward=QoE= -377.98 pacing=0.00s eps=0.412 loss=2.1266
[ep 1031] longdress    static_B_2019.12.16_13.40.04.csv block-005@1766s reward=QoE=   58.99 pacing=0.00s eps=0.411 loss=2.2367
[ep 1032] loot         driving_B_2020.02.14_12.58.17.csv block-002@536s reward=QoE= -168.09 pacing=0.00s eps=0.411 loss=2.3111
[ep 1033] redandblack  driving_B_2020.01.16_12.10.03.csv block-000@360s reward=QoE=   50.96 pacing=0.00s eps=0.410 loss=2.3777
[ep 1034] soldier      static_B_2020.02.14_13.21.26.csv block-000@1080s reward=QoE=   57.03 pacing=0.12s eps=0.410 loss=2.2917
[ep 1035] longdress    driving_B_2020.02.13_13.03.24.csv block-001@1754s reward=QoE=  -68.15 pacing=0.00s eps=0.409 loss=2.4087
[ep 1036] loot         driving_B_2020.01.16_07.26.43.csv block-000@1320s reward=QoE=   -0.66 pacing=0.00s eps=0.409 loss=2.1022
[ep 1037] redandblack  static_B_2019.12.16_13.40.04.csv block-005@1946s reward=QoE=   62.16 pacing=0.00s eps=0.408 loss=2.5614
[ep 1038] soldier      driving_B_2020.02.14_12.58.17.csv block-002@656s reward=QoE=    8.16 pacing=0.00s eps=0.407 loss=2.2166
[ep 1039] longdress    driving_B_2019.12.17_07.32.39.csv block-000@360s reward=QoE=   27.89 pacing=0.00s eps=0.407 loss=2.0932
[ep 1040] loot         driving_B_2019.12.17_07.32.39.csv block-000@1200s reward=QoE=   64.56 pacing=0.41s eps=0.406 loss=2.2118
[ep 1041] redandblack  driving_B_2020.02.13_15.02.01.csv block-000@2400s reward=QoE=   73.03 pacing=0.39s eps=0.406 loss=2.2501
[ep 1042] soldier      static_B_2019.12.16_13.40.04.csv block-006@2232s reward=QoE=   67.02 pacing=0.00s eps=0.405 loss=2.3407
[ep 1043] longdress    static_B_2020.02.27_18.39.27.csv block-001@4512s reward=QoE=   70.54 pacing=0.48s eps=0.405 loss=2.5535
[ep 1044] loot         driving_B_2020.01.16_09.56.56.csv block-001@879s reward=QoE=   56.42 pacing=0.00s eps=0.404 loss=2.3741
[ep 1045] redandblack  driving_B_2020.02.27_17.30.15.csv block-002@353s reward=QoE=  -70.07 pacing=0.00s eps=0.403 loss=2.3907
[ep 1046] soldier      driving_B_2020.02.14_09.38.22.csv block-000@240s reward=QoE= -115.88 pacing=0.00s eps=0.403 loss=2.2719
[ep 1047] longdress    driving_B_2020.02.14_12.58.17.csv block-000@0s reward=QoE=    7.80 pacing=0.00s eps=0.402 loss=2.3866
[ep 1048] loot         static_B_2019.12.16_13.40.04.csv block-000@360s reward=QoE=   19.73 pacing=0.00s eps=0.402 loss=2.3368
[ep 1049] redandblack  driving_B_2020.02.14_09.38.22.csv block-000@0s reward=QoE=  -76.05 pacing=0.00s eps=0.401 loss=2.2766
[ep 1050] soldier      driving_B_2020.02.13_15.02.01.csv block-000@600s reward=QoE=  -28.72 pacing=0.00s eps=0.401 loss=2.3907
[ep 1051] longdress    driving_B_2020.02.14_12.58.17.csv block-002@716s reward=QoE=  -31.28 pacing=0.00s eps=0.400 loss=2.2320
[ep 1052] loot         driving_B_2020.01.16_12.10.03.csv block-000@300s reward=QoE=   30.24 pacing=0.00s eps=0.399 loss=1.9057
[ep 1053] redandblack  driving_B_2020.01.16_07.26.43.csv block-000@480s reward=QoE=  -20.67 pacing=0.00s eps=0.399 loss=2.1462
[ep 1054] soldier      static_B_2020.02.27_18.39.27.csv block-001@1152s reward=QoE=   52.70 pacing=0.00s eps=0.398 loss=2.1287
[ep 1055] longdress    driving_B_2019.12.16_12.27.05.csv block-000@960s reward=QoE=   63.27 pacing=0.00s eps=0.398 loss=2.3459
[ep 1056] loot         driving_B_2019.12.16_12.27.05.csv block-000@60s reward=QoE=    7.95 pacing=0.00s eps=0.397 loss=2.3862
[ep 1057] redandblack  driving_B_2019.12.17_07.32.39.csv block-000@0s reward=QoE=   27.50 pacing=0.00s eps=0.397 loss=2.3263
[ep 1058] soldier      static_B_2020.02.14_13.21.26.csv block-000@180s reward=QoE=   65.69 pacing=0.00s eps=0.396 loss=2.8273
[ep 1059] longdress    static_B_2019.12.16_13.40.04.csv block-000@0s reward=QoE=   54.95 pacing=0.00s eps=0.395 loss=2.5059
[ep 1060] loot         static_B_2019.12.16_13.40.04.csv block-001@895s reward=QoE=   63.03 pacing=0.17s eps=0.395 loss=2.3578
[ep 1061] redandblack  driving_B_2019.12.17_07.32.39.csv block-000@180s reward=QoE=   17.98 pacing=0.00s eps=0.394 loss=2.3038
[ep 1062] soldier      driving_B_2020.02.27_17.30.15.csv block-002@533s reward=QoE= -240.84 pacing=0.00s eps=0.394 loss=2.0384
[ep 1063] longdress    driving_B_2020.02.27_17.30.15.csv block-002@533s reward=QoE=  -44.96 pacing=0.00s eps=0.393 loss=2.4795
[ep 1064] loot         static_B_2020.02.27_18.39.27.csv block-001@3792s reward=QoE=   61.11 pacing=1.14s eps=0.393 loss=2.0727
[ep 1065] redandblack  driving_B_2020.01.16_12.10.03.csv block-000@360s reward=QoE=   55.33 pacing=0.00s eps=0.392 loss=2.2505
[ep 1066] soldier      driving_B_2020.01.16_07.26.43.csv block-000@0s reward=QoE=   -1.57 pacing=0.00s eps=0.391 loss=2.2152
[ep 1067] longdress    static_B_2020.02.27_18.39.27.csv block-001@72s reward=QoE=   74.12 pacing=0.00s eps=0.391 loss=2.3775
[ep 1068] loot         driving_B_2020.02.14_09.38.22.csv block-000@780s reward=QoE=   67.10 pacing=0.43s eps=0.390 loss=2.2814
[ep 1069] redandblack  driving_B_2020.01.16_12.10.03.csv block-000@360s reward=QoE=   47.73 pacing=0.37s eps=0.390 loss=2.2191
[ep 1070] soldier      driving_B_2020.02.27_17.30.15.csv block-002@293s reward=QoE= -169.58 pacing=0.00s eps=0.389 loss=2.1312
[ep 1071] longdress    driving_B_2020.02.14_12.58.17.csv block-002@716s reward=QoE=  -40.16 pacing=0.00s eps=0.389 loss=2.2113
[ep 1072] loot         driving_B_2019.12.16_12.27.05.csv block-000@240s reward=QoE=   10.61 pacing=0.00s eps=0.388 loss=2.1544
[ep 1073] redandblack  driving_B_2020.01.16_07.26.43.csv block-000@840s reward=QoE=   51.47 pacing=0.00s eps=0.387 loss=2.3368
[ep 1074] soldier      static_B_2020.02.14_13.21.26.csv block-000@540s reward=QoE=   67.06 pacing=0.00s eps=0.387 loss=2.3529
[ep 1075] longdress    driving_B_2020.02.14_09.38.22.csv block-000@300s reward=QoE= -156.50 pacing=0.00s eps=0.386 loss=2.2062
[ep 1076] loot         driving_B_2020.02.14_12.58.17.csv block-000@0s reward=QoE=   11.47 pacing=0.00s eps=0.386 loss=2.2399
[ep 1077] redandblack  driving_B_2020.01.16_12.10.03.csv block-000@180s reward=QoE=   65.53 pacing=0.00s eps=0.385 loss=2.4156
[ep 1078] soldier      driving_B_2020.02.14_09.38.22.csv block-000@1080s reward=QoE=   46.71 pacing=0.00s eps=0.385 loss=2.1544
[ep 1079] longdress    driving_B_2019.12.16_12.27.05.csv block-000@1080s reward=QoE=   60.05 pacing=0.00s eps=0.384 loss=2.0861
[ep 1080] loot         static_B_2020.02.27_18.39.27.csv block-001@972s reward=QoE=   68.99 pacing=0.00s eps=0.383 loss=2.1204
[ep 1081] redandblack  driving_B_2020.02.13_13.03.24.csv block-001@1394s reward=QoE=   -3.26 pacing=0.00s eps=0.383 loss=2.2880
[ep 1082] soldier      driving_B_2020.01.16_07.26.43.csv block-000@1560s reward=QoE=  -29.91 pacing=0.00s eps=0.382 loss=2.3440
[ep 1083] longdress    driving_B_2019.12.17_07.32.39.csv block-000@1440s reward=QoE=   72.23 pacing=0.38s eps=0.382 loss=2.2065
[ep 1084] loot         driving_B_2020.02.13_13.03.24.csv block-001@1574s reward=QoE=   17.36 pacing=0.00s eps=0.381 loss=1.9871
[ep 1085] redandblack  driving_B_2019.12.16_12.27.05.csv block-000@660s reward=QoE=  -89.79 pacing=0.00s eps=0.381 loss=2.1007
[ep 1086] soldier      static_B_2019.12.16_13.40.04.csv block-005@1706s reward=QoE=   69.41 pacing=0.00s eps=0.380 loss=1.9798
[ep 1087] longdress    driving_B_2020.01.16_09.56.56.csv block-001@819s reward=QoE=   55.27 pacing=0.00s eps=0.379 loss=2.2309
[ep 1088] loot         driving_B_2020.01.16_09.56.56.csv block-001@639s reward=QoE=   67.48 pacing=0.17s eps=0.379 loss=2.2648
[ep 1089] redandblack  driving_B_2019.12.17_07.32.39.csv block-004@2537s reward=QoE=   67.06 pacing=1.80s eps=0.378 loss=2.2249
[ep 1090] soldier      driving_B_2020.01.16_09.56.56.csv block-000@300s reward=QoE=   60.58 pacing=0.00s eps=0.378 loss=2.1560
[ep 1091] longdress    driving_B_2020.02.14_09.38.22.csv block-000@720s reward=QoE=   81.44 pacing=0.74s eps=0.377 loss=2.0643
[ep 1092] loot         driving_B_2020.02.14_12.58.17.csv block-002@596s reward=QoE=   -4.50 pacing=0.00s eps=0.377 loss=2.1685
[ep 1093] redandblack  driving_B_2020.02.14_09.38.22.csv block-000@600s reward=QoE=   59.19 pacing=0.00s eps=0.376 loss=2.0662
[ep 1094] soldier      static_B_2020.02.14_13.21.26.csv block-000@840s reward=QoE=   66.37 pacing=0.39s eps=0.375 loss=2.2669
[ep 1095] longdress    driving_B_2020.02.14_12.58.17.csv block-000@0s reward=QoE=    2.69 pacing=0.00s eps=0.375 loss=2.3861
[ep 1096] loot         static_B_2020.02.14_13.21.26.csv block-000@1020s reward=QoE=   66.72 pacing=1.56s eps=0.374 loss=2.3791
[ep 1097] redandblack  static_B_2019.12.16_13.40.04.csv block-001@655s reward=QoE=   54.49 pacing=0.00s eps=0.374 loss=2.4063
[ep 1098] soldier      driving_B_2020.01.16_07.26.43.csv block-000@360s reward=QoE= -153.48 pacing=0.00s eps=0.373 loss=2.3938
[ep 1099] longdress    driving_B_2020.02.14_09.38.22.csv block-000@1020s reward=QoE=   69.06 pacing=0.00s eps=0.373 loss=2.3894
[ep 1100] loot         driving_B_2020.01.16_07.26.43.csv block-000@1080s reward=QoE=   39.59 pacing=0.00s eps=0.372 loss=2.1632
[ep 1101] redandblack  driving_B_2020.01.16_12.10.03.csv block-000@180s reward=QoE=   80.27 pacing=1.13s eps=0.371 loss=2.2153
[ep 1102] soldier      driving_B_2019.12.16_12.27.05.csv block-000@1020s reward=QoE=   65.80 pacing=0.00s eps=0.371 loss=2.2193
[ep 1103] longdress    static_B_2020.02.14_13.21.26.csv block-000@540s reward=QoE=   60.71 pacing=0.00s eps=0.370 loss=2.2991
[ep 1104] loot         driving_B_2019.12.16_12.27.05.csv block-000@780s reward=QoE=   51.29 pacing=0.00s eps=0.370 loss=2.2072
[ep 1105] redandblack  driving_B_2020.01.16_09.56.56.csv block-001@1419s reward=QoE=   45.18 pacing=0.00s eps=0.369 loss=2.1455
[ep 1106] soldier      driving_B_2020.02.13_13.03.24.csv block-001@1154s reward=QoE=  -72.03 pacing=0.00s eps=0.369 loss=2.2814
[ep 1107] longdress    driving_B_2020.02.27_17.30.15.csv block-002@473s reward=QoE= -413.33 pacing=0.00s eps=0.368 loss=2.3900
[ep 1108] loot         driving_B_2020.02.14_12.58.17.csv block-000@0s reward=QoE=   22.88 pacing=0.00s eps=0.367 loss=2.0365
[ep 1109] redandblack  driving_B_2020.02.14_12.58.17.csv block-002@716s reward=QoE=   25.83 pacing=0.00s eps=0.367 loss=2.4271
[ep 1110] soldier      driving_B_2020.01.16_12.10.03.csv block-000@180s reward=QoE=   81.01 pacing=0.00s eps=0.366 loss=2.3603
[ep 1111] longdress    static_B_2020.02.14_13.21.26.csv block-000@960s reward=QoE=   48.78 pacing=0.00s eps=0.366 loss=2.3315
[ep 1112] loot         driving_B_2020.02.14_09.38.22.csv block-000@900s reward=QoE= -135.51 pacing=0.00s eps=0.365 loss=2.3815
[ep 1113] redandblack  driving_B_2020.01.16_09.56.56.csv block-001@1659s reward=QoE=   73.36 pacing=1.29s eps=0.365 loss=2.2561
[ep 1114] soldier      driving_B_2020.02.27_17.30.15.csv block-002@473s reward=QoE= -365.67 pacing=0.00s eps=0.364 loss=2.2819
[ep 1115] longdress    static_B_2020.02.27_18.39.27.csv block-001@2532s reward=QoE=   53.06 pacing=0.00s eps=0.363 loss=2.3203
[ep 1116] loot         driving_B_2020.01.16_07.26.43.csv block-000@780s reward=QoE=    9.12 pacing=0.00s eps=0.363 loss=2.3492
[ep 1117] redandblack  driving_B_2020.01.16_12.10.03.csv block-000@120s reward=QoE=   65.01 pacing=1.86s eps=0.362 loss=2.2227
[ep 1118] soldier      driving_B_2020.01.16_09.56.56.csv block-000@120s reward=QoE= -132.06 pacing=0.00s eps=0.362 loss=2.1737
[ep 1119] longdress    driving_B_2020.01.16_09.56.56.csv block-000@0s reward=QoE=  -11.88 pacing=0.00s eps=0.361 loss=2.2037
[ep 1120] loot         driving_B_2020.02.27_17.30.15.csv block-002@413s reward=QoE=  -52.08 pacing=0.00s eps=0.361 loss=2.2380
[ep 1121] redandblack  static_B_2019.12.16_13.40.04.csv block-000@180s reward=QoE=   52.66 pacing=0.00s eps=0.360 loss=2.3315
[ep 1122] soldier      driving_B_2020.01.16_09.56.56.csv block-001@1719s reward=QoE=   24.74 pacing=0.00s eps=0.359 loss=2.2217
[ep 1123] longdress    driving_B_2019.12.17_07.32.39.csv block-003@1894s reward=QoE=  -74.37 pacing=0.00s eps=0.359 loss=2.2845
[ep 1124] loot         driving_B_2020.02.27_17.30.15.csv block-002@353s reward=QoE=  -67.26 pacing=0.00s eps=0.358 loss=2.2260
[ep 1125] redandblack  driving_B_2020.02.14_12.58.17.csv block-002@716s reward=QoE=    0.20 pacing=0.00s eps=0.358 loss=2.2533
[ep 1126] soldier      static_B_2020.02.27_18.39.27.csv block-001@5112s reward=QoE=   32.64 pacing=0.00s eps=0.357 loss=2.2358
[ep 1127] longdress    static_B_2020.02.27_18.39.27.csv block-001@1332s reward=QoE=   -4.69 pacing=0.00s eps=0.357 loss=2.2959
[ep 1128] loot         driving_B_2020.02.14_12.58.17.csv block-002@596s reward=QoE=  -13.20 pacing=0.00s eps=0.356 loss=2.3312
[ep 1129] redandblack  static_B_2020.02.27_18.39.27.csv block-001@492s reward=QoE=   54.64 pacing=0.00s eps=0.355 loss=1.9457
[ep 1130] soldier      driving_B_2020.02.14_09.38.22.csv block-000@960s reward=QoE=   57.99 pacing=0.00s eps=0.355 loss=2.3365
[ep 1131] longdress    driving_B_2019.12.16_12.27.05.csv block-000@600s reward=QoE=  -26.16 pacing=0.00s eps=0.354 loss=2.1212
[ep 1132] loot         driving_B_2020.02.13_13.03.24.csv block-007@2290s reward=QoE= -159.92 pacing=0.00s eps=0.354 loss=2.4115
[ep 1133] redandblack  static_B_2020.02.14_13.21.26.csv block-000@600s reward=QoE=   68.23 pacing=1.71s eps=0.353 loss=2.1127
[ep 1134] soldier      driving_B_2020.01.16_12.10.03.csv block-000@0s reward=QoE=   73.37 pacing=0.94s eps=0.353 loss=2.2723
[ep 1135] longdress    driving_B_2020.02.14_12.58.17.csv block-002@656s reward=QoE=   13.25 pacing=0.00s eps=0.352 loss=2.1523
[ep 1136] loot         static_B_2019.12.16_13.40.04.csv block-005@1646s reward=QoE=   62.82 pacing=0.81s eps=0.351 loss=2.1235
[ep 1137] redandblack  driving_B_2020.02.13_15.02.01.csv block-000@240s reward=QoE=   60.88 pacing=0.00s eps=0.351 loss=2.1233
[ep 1138] soldier      static_B_2020.02.27_18.39.27.csv block-001@252s reward=QoE=   78.97 pacing=0.00s eps=0.350 loss=2.3672
[ep 1139] longdress    driving_B_2020.02.13_13.03.24.csv block-000@540s reward=QoE=  -90.77 pacing=0.00s eps=0.350 loss=2.3413
[ep 1140] loot         driving_B_2020.02.14_09.38.22.csv block-000@1260s reward=QoE=    3.41 pacing=0.00s eps=0.349 loss=2.1771
[ep 1141] redandblack  driving_B_2020.02.13_13.03.24.csv block-000@240s reward=QoE=  -21.41 pacing=0.00s eps=0.349 loss=2.1064
[ep 1142] soldier      driving_B_2020.02.14_09.38.22.csv block-000@540s reward=QoE=  -48.73 pacing=0.00s eps=0.348 loss=2.2924
[ep 1143] longdress    driving_B_2020.02.13_13.03.24.csv block-000@60s reward=QoE=  -85.71 pacing=0.00s eps=0.347 loss=2.3239
[ep 1144] loot         driving_B_2020.01.16_09.56.56.csv block-001@1599s reward=QoE=   71.83 pacing=0.00s eps=0.347 loss=2.2188
[ep 1145] redandblack  static_B_2019.12.16_13.40.04.csv block-005@1346s reward=QoE=  -91.33 pacing=0.00s eps=0.346 loss=2.1675
[ep 1146] soldier      driving_B_2020.02.27_17.30.15.csv block-002@533s reward=QoE= -196.57 pacing=0.00s eps=0.346 loss=2.4527
[ep 1147] longdress    driving_B_2019.12.16_12.27.05.csv block-000@540s reward=QoE= -170.32 pacing=0.00s eps=0.345 loss=2.3745
[ep 1148] loot         driving_B_2020.02.27_17.30.15.csv block-002@533s reward=QoE=  -91.94 pacing=0.00s eps=0.345 loss=2.0892
[ep 1149] redandblack  driving_B_2020.01.16_07.26.43.csv block-000@660s reward=QoE=   21.10 pacing=0.00s eps=0.344 loss=2.1195
[ep 1150] soldier      driving_B_2019.12.17_07.32.39.csv block-000@420s reward=QoE=   23.71 pacing=0.00s eps=0.343 loss=1.9510
[ep 1151] longdress    driving_B_2020.02.14_12.58.17.csv block-002@596s reward=QoE=   -7.86 pacing=0.00s eps=0.343 loss=2.2778
[ep 1152] loot         static_B_2020.02.14_13.21.26.csv block-000@420s reward=QoE=   64.49 pacing=0.06s eps=0.342 loss=2.2188
[ep 1153] redandblack  static_B_2020.02.27_18.39.27.csv block-001@2052s reward=QoE=  -39.37 pacing=0.00s eps=0.342 loss=2.1167
[ep 1154] soldier      driving_B_2019.12.16_12.27.05.csv block-000@480s reward=QoE=  -33.25 pacing=0.00s eps=0.341 loss=2.3979
[ep 1155] longdress    static_B_2020.02.27_18.39.27.csv block-001@2292s reward=QoE=   52.89 pacing=0.00s eps=0.341 loss=2.0549
[ep 1156] loot         driving_B_2020.02.27_17.30.15.csv block-002@353s reward=QoE= -102.88 pacing=0.00s eps=0.340 loss=2.5265
[ep 1157] redandblack  driving_B_2019.12.16_12.27.05.csv block-000@480s reward=QoE=    0.42 pacing=0.00s eps=0.339 loss=2.1553
[ep 1158] soldier      driving_B_2019.12.16_12.27.05.csv block-000@720s reward=QoE=  -51.74 pacing=0.00s eps=0.339 loss=2.2896
[ep 1159] longdress    driving_B_2020.01.16_12.10.03.csv block-000@300s reward=QoE=   22.86 pacing=0.00s eps=0.338 loss=2.0804
[ep 1160] loot         driving_B_2020.01.16_09.56.56.csv block-000@60s reward=QoE=   -6.23 pacing=0.00s eps=0.338 loss=2.0473
[ep 1161] redandblack  driving_B_2020.02.14_12.58.17.csv block-002@536s reward=QoE= -165.41 pacing=0.00s eps=0.337 loss=2.2771
[ep 1162] soldier      driving_B_2020.02.14_09.38.22.csv block-000@1140s reward=QoE=  -50.99 pacing=0.00s eps=0.337 loss=2.3683
[ep 1163] longdress    static_B_2020.02.14_13.21.26.csv block-000@240s reward=QoE=   66.83 pacing=0.51s eps=0.336 loss=2.0687
[ep 1164] loot         driving_B_2019.12.17_07.32.39.csv block-000@1260s reward=QoE=   10.70 pacing=0.00s eps=0.335 loss=2.2510
[ep 1165] redandblack  driving_B_2020.02.14_09.38.22.csv block-000@720s reward=QoE=   66.66 pacing=1.43s eps=0.335 loss=2.1758
[ep 1166] soldier      static_B_2019.12.16_13.40.04.csv block-005@1826s reward=QoE=   61.38 pacing=0.00s eps=0.334 loss=2.1665
[ep 1167] longdress    static_B_2020.02.14_13.21.26.csv block-000@900s reward=QoE=   60.36 pacing=0.00s eps=0.334 loss=2.1076
[ep 1168] loot         driving_B_2020.02.13_13.03.24.csv block-001@1034s reward=QoE=  -39.91 pacing=0.00s eps=0.333 loss=2.2827
[ep 1169] redandblack  driving_B_2020.02.14_09.38.22.csv block-000@1440s reward=QoE=   78.90 pacing=0.71s eps=0.333 loss=2.1570
[ep 1170] soldier      driving_B_2020.01.16_12.10.03.csv block-000@300s reward=QoE=   26.38 pacing=0.00s eps=0.332 loss=2.1857
[ep 1171] longdress    static_B_2020.02.14_13.21.26.csv block-000@120s reward=QoE=   79.45 pacing=0.26s eps=0.331 loss=2.3130
[ep 1172] loot         static_B_2020.02.14_13.21.26.csv block-000@120s reward=QoE=   71.56 pacing=1.55s eps=0.331 loss=2.1912
[ep 1173] redandblack  static_B_2019.12.16_13.40.04.csv block-001@775s reward=QoE=   77.13 pacing=1.51s eps=0.330 loss=2.3311
[ep 1174] soldier      driving_B_2020.02.13_15.02.01.csv block-000@1500s reward=QoE= -132.84 pacing=0.00s eps=0.330 loss=2.2949
[ep 1175] longdress    driving_B_2020.02.14_12.58.17.csv block-002@536s reward=QoE= -191.23 pacing=0.00s eps=0.329 loss=2.5474
[ep 1176] loot         driving_B_2019.12.17_07.32.39.csv block-000@960s reward=QoE=    7.49 pacing=0.00s eps=0.329 loss=2.3142
[ep 1177] redandblack  driving_B_2019.12.16_12.27.05.csv block-000@120s reward=QoE=   48.50 pacing=0.00s eps=0.328 loss=1.9627
[ep 1178] soldier      driving_B_2020.02.13_15.02.01.csv block-000@420s reward=QoE=   75.26 pacing=0.25s eps=0.327 loss=2.5604
[ep 1179] longdress    driving_B_2019.12.16_12.27.05.csv block-000@1260s reward=QoE=   77.97 pacing=0.13s eps=0.327 loss=2.3806
[ep 1180] loot         driving_B_2020.01.16_09.56.56.csv block-001@1119s reward=QoE=   68.82 pacing=1.69s eps=0.326 loss=2.5296
[ep 1181] redandblack  driving_B_2019.12.16_12.27.05.csv block-000@780s reward=QoE=   50.43 pacing=0.00s eps=0.326 loss=2.0945
[ep 1182] soldier      driving_B_2019.12.16_12.27.05.csv block-000@420s reward=QoE= -115.39 pacing=0.00s eps=0.325 loss=2.3331
[ep 1183] longdress    driving_B_2020.02.14_09.38.22.csv block-000@600s reward=QoE=   70.74 pacing=0.00s eps=0.325 loss=2.3346
[ep 1184] loot         driving_B_2020.02.14_09.38.22.csv block-000@480s reward=QoE=  -14.32 pacing=0.00s eps=0.324 loss=2.2302
[ep 1185] redandblack  static_B_2019.12.16_13.40.04.csv block-000@60s reward=QoE=   43.56 pacing=0.00s eps=0.323 loss=2.2262
[ep 1186] soldier      static_B_2020.02.27_18.39.27.csv block-001@5292s reward=QoE=  -62.64 pacing=0.00s eps=0.323 loss=2.3312
[ep 1187] longdress    static_B_2020.02.14_13.21.26.csv block-000@600s reward=QoE=   77.28 pacing=0.09s eps=0.322 loss=2.1630
[ep 1188] loot         driving_B_2019.12.17_07.32.39.csv block-000@600s reward=QoE=   41.34 pacing=0.00s eps=0.322 loss=2.2915
[ep 1189] redandblack  driving_B_2020.01.16_12.10.03.csv block-000@240s reward=QoE=   72.80 pacing=1.38s eps=0.321 loss=2.2651
[ep 1190] soldier      driving_B_2020.02.13_15.02.01.csv block-000@1380s reward=QoE=   32.64 pacing=0.00s eps=0.321 loss=2.4046
[ep 1191] longdress    driving_B_2020.02.13_15.02.01.csv block-000@480s reward=QoE=   60.74 pacing=0.00s eps=0.320 loss=2.2074
[ep 1192] loot         driving_B_2020.02.14_12.58.17.csv block-002@596s reward=QoE=  -15.25 pacing=0.00s eps=0.319 loss=2.0707
[ep 1193] redandblack  driving_B_2020.01.16_09.56.56.csv block-001@579s reward=QoE=   48.55 pacing=0.00s eps=0.319 loss=2.1869
[ep 1194] soldier      driving_B_2020.01.16_09.56.56.csv block-001@1479s reward=QoE=   53.81 pacing=0.00s eps=0.318 loss=2.0872
[ep 1195] longdress    driving_B_2020.02.14_09.38.22.csv block-000@660s reward=QoE=   20.30 pacing=0.00s eps=0.318 loss=2.3683
[ep 1196] loot         driving_B_2020.01.16_07.26.43.csv block-000@1740s reward=QoE=  -78.98 pacing=0.00s eps=0.317 loss=2.2527
[ep 1197] redandblack  static_B_2020.02.14_13.21.26.csv block-000@360s reward=QoE=   68.99 pacing=0.00s eps=0.317 loss=2.1151
[ep 1198] soldier      driving_B_2020.01.16_07.26.43.csv block-000@1860s reward=QoE=  -23.07 pacing=0.00s eps=0.316 loss=2.0434
[ep 1199] longdress    static_B_2020.02.14_13.21.26.csv block-000@780s reward=QoE=   61.53 pacing=0.00s eps=0.315 loss=2.2674
[ep 1200] loot         driving_B_2020.02.13_15.02.01.csv block-000@60s reward=QoE=   84.20 pacing=0.46s eps=0.315 loss=2.1817
    [eval @ ep 1200] reward=QoE=49.20 mean_q=0.624 stall=1.2s  <-- best (saved)
[ep 1201] redandblack  static_B_2020.02.27_18.39.27.csv block-001@6432s reward=QoE=   76.04 pacing=0.00s eps=0.314 loss=2.4738
[ep 1202] soldier      driving_B_2020.01.16_07.26.43.csv block-000@120s reward=QoE=   -3.24 pacing=0.00s eps=0.314 loss=2.2359
[ep 1203] longdress    driving_B_2019.12.17_07.32.39.csv block-003@1594s reward=QoE=  -28.66 pacing=0.00s eps=0.313 loss=2.5805
[ep 1204] loot         driving_B_2020.02.13_13.03.24.csv block-001@914s reward=QoE= -132.74 pacing=0.00s eps=0.313 loss=2.8369
[ep 1205] redandblack  driving_B_2020.02.13_15.02.01.csv block-000@120s reward=QoE=   71.93 pacing=1.45s eps=0.312 loss=2.3701
[ep 1206] soldier      driving_B_2019.12.16_12.27.05.csv block-000@300s reward=QoE=  -40.15 pacing=0.00s eps=0.311 loss=2.4617
[ep 1207] longdress    driving_B_2020.01.16_07.26.43.csv block-000@1500s reward=QoE=  -30.62 pacing=0.00s eps=0.311 loss=2.2954
[ep 1208] loot         static_B_2020.02.14_13.21.26.csv block-000@300s reward=QoE=   57.64 pacing=0.00s eps=0.310 loss=2.3407
[ep 1209] redandblack  static_B_2020.02.27_18.39.27.csv block-001@6552s reward=QoE=   62.85 pacing=0.16s eps=0.310 loss=2.5252
[ep 1210] soldier      static_B_2019.12.16_13.40.04.csv block-001@1015s reward=QoE=    4.46 pacing=0.00s eps=0.309 loss=2.6347
[ep 1211] longdress    static_B_2020.02.27_18.39.27.csv block-001@5832s reward=QoE=   77.04 pacing=0.00s eps=0.309 loss=2.8056
[ep 1212] loot         static_B_2020.02.27_18.39.27.csv block-001@1872s reward=QoE=   71.85 pacing=0.00s eps=0.308 loss=2.4493
[ep 1213] redandblack  static_B_2019.12.16_13.40.04.csv block-005@1886s reward=QoE=   56.30 pacing=0.00s eps=0.308 loss=2.5919
[ep 1214] soldier      driving_B_2020.01.16_12.10.03.csv block-000@240s reward=QoE=   70.16 pacing=0.58s eps=0.307 loss=2.3304
[ep 1215] longdress    driving_B_2020.02.13_15.02.01.csv block-000@2820s reward=QoE=   56.94 pacing=0.00s eps=0.306 loss=2.6580
[ep 1216] loot         driving_B_2020.02.27_17.30.15.csv block-002@413s reward=QoE=   -6.56 pacing=0.00s eps=0.306 loss=2.4718
[ep 1217] redandblack  driving_B_2020.02.13_15.02.01.csv block-000@1320s reward=QoE=   40.20 pacing=0.00s eps=0.305 loss=2.4121
[ep 1218] soldier      driving_B_2019.12.16_12.27.05.csv block-000@960s reward=QoE=   60.61 pacing=0.00s eps=0.305 loss=2.0762
[ep 1219] longdress    driving_B_2020.01.16_12.10.03.csv block-000@60s reward=QoE=   43.29 pacing=0.00s eps=0.304 loss=2.4012
[ep 1220] loot         driving_B_2020.01.16_12.10.03.csv block-000@0s reward=QoE=   68.56 pacing=1.46s eps=0.304 loss=2.3022
[ep 1221] redandblack  driving_B_2020.01.16_09.56.56.csv block-001@519s reward=QoE=   55.07 pacing=0.00s eps=0.303 loss=2.2429
[ep 1222] soldier      static_B_2019.12.16_13.40.04.csv block-005@1526s reward=QoE=   43.29 pacing=0.00s eps=0.302 loss=2.2199
[ep 1223] longdress    driving_B_2020.02.13_15.02.01.csv block-000@360s reward=QoE=   51.43 pacing=0.00s eps=0.302 loss=2.6693
[ep 1224] loot         driving_B_2020.02.14_12.58.17.csv block-002@656s reward=QoE=   37.38 pacing=0.00s eps=0.301 loss=2.1921
[ep 1225] redandblack  driving_B_2020.02.14_09.38.22.csv block-000@1500s reward=QoE=  -13.66 pacing=0.00s eps=0.301 loss=2.4845
[ep 1226] soldier      driving_B_2020.02.13_15.02.01.csv block-000@960s reward=QoE=   72.27 pacing=0.00s eps=0.300 loss=2.2891
[ep 1227] longdress    driving_B_2020.02.14_12.58.17.csv block-002@656s reward=QoE=   28.85 pacing=0.00s eps=0.300 loss=2.5559
[ep 1228] loot         driving_B_2020.01.16_09.56.56.csv block-001@1359s reward=QoE=   34.73 pacing=0.00s eps=0.299 loss=2.2940
[ep 1229] redandblack  driving_B_2019.12.17_07.32.39.csv block-003@1714s reward=QoE=   15.16 pacing=0.00s eps=0.298 loss=2.3922
[ep 1230] soldier      static_B_2019.12.16_13.40.04.csv block-001@835s reward=QoE=   63.11 pacing=0.71s eps=0.298 loss=2.3524
[ep 1231] longdress    driving_B_2020.02.14_09.38.22.csv block-000@60s reward=QoE=  -18.42 pacing=0.00s eps=0.297 loss=2.5211
[ep 1232] loot         driving_B_2020.01.16_07.26.43.csv block-000@540s reward=QoE=  -10.23 pacing=0.00s eps=0.297 loss=2.3172
[ep 1233] redandblack  driving_B_2019.12.17_07.32.39.csv block-000@1020s reward=QoE=   -4.18 pacing=0.00s eps=0.296 loss=2.5965
[ep 1234] soldier      driving_B_2020.01.16_12.10.03.csv block-000@60s reward=QoE=   68.97 pacing=0.00s eps=0.296 loss=2.3015
[ep 1235] longdress    driving_B_2020.01.16_12.10.03.csv block-000@120s reward=QoE=   69.48 pacing=0.22s eps=0.295 loss=2.5336
[ep 1236] loot         driving_B_2020.01.16_09.56.56.csv block-001@1299s reward=QoE=   67.91 pacing=0.00s eps=0.294 loss=2.6829
[ep 1237] redandblack  driving_B_2020.01.16_09.56.56.csv block-001@939s reward=QoE=   29.50 pacing=0.00s eps=0.294 loss=2.3795
[ep 1238] soldier      driving_B_2020.02.27_17.30.15.csv block-002@353s reward=QoE= -135.87 pacing=0.00s eps=0.293 loss=2.2920
[ep 1239] longdress    driving_B_2020.02.14_12.58.17.csv block-000@0s reward=QoE=   -6.03 pacing=0.00s eps=0.293 loss=2.5340
[ep 1240] loot         driving_B_2020.02.13_15.02.01.csv block-000@1680s reward=QoE=    3.65 pacing=0.00s eps=0.292 loss=2.2403
[ep 1241] redandblack  driving_B_2020.02.13_13.03.24.csv block-001@1634s reward=QoE=  -10.44 pacing=0.00s eps=0.292 loss=2.2692
[ep 1242] soldier      static_B_2020.02.14_13.21.26.csv block-000@660s reward=QoE=   82.15 pacing=0.41s eps=0.291 loss=2.3646
[ep 1243] longdress    driving_B_2020.02.14_09.38.22.csv block-000@240s reward=QoE=  -76.38 pacing=0.00s eps=0.290 loss=2.4063
[ep 1244] loot         driving_B_2020.01.16_09.56.56.csv block-001@1359s reward=QoE=   29.15 pacing=0.00s eps=0.290 loss=2.2431
[ep 1245] redandblack  driving_B_2019.12.17_07.32.39.csv block-000@1380s reward=QoE=   42.92 pacing=0.00s eps=0.289 loss=2.3724
[ep 1246] soldier      static_B_2019.12.16_13.40.04.csv block-001@715s reward=QoE=   33.20 pacing=0.00s eps=0.289 loss=2.1125
[ep 1247] longdress    static_B_2019.12.16_13.40.04.csv block-005@2006s reward=QoE=   41.52 pacing=0.00s eps=0.288 loss=2.5038
[ep 1248] loot         driving_B_2020.02.14_12.58.17.csv block-002@536s reward=QoE= -157.46 pacing=0.00s eps=0.288 loss=2.7415
[ep 1249] soldier      static_B_2020.02.27_18.39.27.csv block-001@3672s reward=QoE=   50.63 pacing=1.13s eps=0.287 loss=2.4954
[ep 1250] longdress    driving_B_2020.01.16_07.26.43.csv block-000@1740s reward=QoE= -179.20 pacing=0.00s eps=0.286 loss=2.4948
[ep 1251] loot         driving_B_2020.01.16_09.56.56.csv block-001@759s reward=QoE=   21.70 pacing=0.00s eps=0.286 loss=2.3576
[ep 1252] redandblack  driving_B_2019.12.16_12.27.05.csv block-000@1200s reward=QoE=   26.77 pacing=0.00s eps=0.285 loss=2.1922
[ep 1253] soldier      driving_B_2019.12.17_07.32.39.csv block-000@720s reward=QoE=   -1.39 pacing=0.00s eps=0.285 loss=2.2254
[ep 1254] longdress    driving_B_2019.12.17_07.32.39.csv block-000@780s reward=QoE=   33.68 pacing=0.00s eps=0.284 loss=2.3542
[ep 1255] loot         driving_B_2020.02.27_17.30.15.csv block-002@293s reward=QoE= -154.06 pacing=0.00s eps=0.284 loss=2.3820
[ep 1256] redandblack  driving_B_2020.02.27_17.30.15.csv block-002@473s reward=QoE= -320.26 pacing=0.00s eps=0.283 loss=2.4363
[ep 1257] soldier      driving_B_2020.02.27_17.30.15.csv block-002@353s reward=QoE= -101.39 pacing=0.00s eps=0.282 loss=2.7008
[ep 1258] longdress    driving_B_2020.01.16_09.56.56.csv block-000@0s reward=QoE=   21.66 pacing=0.00s eps=0.282 loss=2.5813
[ep 1259] loot         driving_B_2020.02.13_15.02.01.csv block-000@1140s reward=QoE=   71.70 pacing=0.00s eps=0.281 loss=2.5086
[ep 1260] redandblack  driving_B_2020.02.14_09.38.22.csv block-000@720s reward=QoE=   72.01 pacing=0.00s eps=0.281 loss=2.4560
[ep 1261] soldier      driving_B_2020.02.13_15.02.01.csv block-000@1320s reward=QoE=   26.46 pacing=0.00s eps=0.280 loss=2.5543
[ep 1262] longdress    static_B_2020.02.27_18.39.27.csv block-001@2412s reward=QoE=   36.99 pacing=0.00s eps=0.280 loss=2.4308
[ep 1263] loot         static_B_2020.02.27_18.39.27.csv block-001@2652s reward=QoE=   53.11 pacing=0.00s eps=0.279 loss=2.1899
[ep 1264] redandblack  driving_B_2020.02.13_13.03.24.csv block-007@2290s reward=QoE= -156.19 pacing=0.00s eps=0.278 loss=2.3255
[ep 1265] soldier      driving_B_2020.02.27_17.30.15.csv block-002@413s reward=QoE=  -20.45 pacing=0.00s eps=0.278 loss=2.1928
[ep 1266] longdress    static_B_2020.02.14_13.21.26.csv block-000@720s reward=QoE=   57.28 pacing=0.00s eps=0.277 loss=2.4355
[ep 1267] loot         static_B_2020.02.27_18.39.27.csv block-001@852s reward=QoE=   50.70 pacing=0.00s eps=0.277 loss=2.3631
[ep 1268] redandblack  driving_B_2019.12.16_12.27.05.csv block-000@540s reward=QoE= -191.43 pacing=0.00s eps=0.276 loss=2.6703
[ep 1269] soldier      driving_B_2019.12.16_12.27.05.csv block-000@780s reward=QoE=   32.37 pacing=0.00s eps=0.276 loss=2.4969
[ep 1270] longdress    driving_B_2020.01.16_09.56.56.csv block-001@519s reward=QoE=   40.64 pacing=0.00s eps=0.275 loss=2.0942
[ep 1271] loot         driving_B_2020.02.13_15.02.01.csv block-000@900s reward=QoE=   10.25 pacing=0.00s eps=0.274 loss=2.2259
[ep 1272] redandblack  driving_B_2020.01.16_07.26.43.csv block-000@1320s reward=QoE=   21.47 pacing=0.00s eps=0.274 loss=2.3661
[ep 1273] soldier      driving_B_2020.01.16_07.26.43.csv block-000@240s reward=QoE=  -11.18 pacing=0.00s eps=0.273 loss=2.5028
[ep 1274] longdress    static_B_2019.12.16_13.40.04.csv block-006@2172s reward=QoE=   78.03 pacing=0.52s eps=0.273 loss=2.4601
[ep 1275] loot         driving_B_2020.01.16_07.26.43.csv block-000@0s reward=QoE=    0.35 pacing=0.00s eps=0.272 loss=2.6326
[ep 1276] redandblack  driving_B_2020.02.27_17.30.15.csv block-002@293s reward=QoE= -199.62 pacing=0.00s eps=0.272 loss=2.4736
[ep 1277] soldier      driving_B_2020.01.16_09.56.56.csv block-001@1299s reward=QoE=   59.23 pacing=0.00s eps=0.271 loss=2.6611
[ep 1278] longdress    driving_B_2020.02.27_17.30.15.csv block-002@353s reward=QoE=  -65.13 pacing=0.00s eps=0.270 loss=2.3644
[ep 1279] loot         static_B_2020.02.14_13.21.26.csv block-000@60s reward=QoE=   86.72 pacing=1.00s eps=0.270 loss=2.2140
[ep 1280] redandblack  driving_B_2020.01.16_09.56.56.csv block-001@819s reward=QoE=   64.01 pacing=0.00s eps=0.269 loss=2.5088
[ep 1281] soldier      driving_B_2020.01.16_07.26.43.csv block-000@780s reward=QoE=   -6.48 pacing=0.00s eps=0.269 loss=2.3992
[ep 1282] longdress    driving_B_2020.02.13_15.02.01.csv block-000@1980s reward=QoE=   77.92 pacing=0.00s eps=0.268 loss=2.3056
[ep 1283] loot         driving_B_2020.02.13_13.03.24.csv block-001@1334s reward=QoE=  -23.86 pacing=0.00s eps=0.268 loss=2.1926
[ep 1284] redandblack  driving_B_2020.01.16_12.10.03.csv block-000@180s reward=QoE=   78.10 pacing=0.00s eps=0.267 loss=2.3974
[ep 1285] soldier      driving_B_2020.02.14_12.58.17.csv block-002@656s reward=QoE=   10.79 pacing=0.00s eps=0.266 loss=2.4945
[ep 1286] longdress    driving_B_2020.01.16_12.10.03.csv block-000@360s reward=QoE=   61.90 pacing=0.00s eps=0.266 loss=2.1587
[ep 1287] loot         driving_B_2020.01.16_07.26.43.csv block-000@960s reward=QoE=  -13.43 pacing=0.00s eps=0.265 loss=2.2093
[ep 1288] redandblack  static_B_2020.02.27_18.39.27.csv block-001@5052s reward=QoE=   75.99 pacing=0.00s eps=0.265 loss=2.2100
[ep 1289] soldier      driving_B_2019.12.16_12.27.05.csv block-000@0s reward=QoE=   32.09 pacing=0.00s eps=0.264 loss=2.3841
[ep 1290] longdress    static_B_2020.02.14_13.21.26.csv block-000@1080s reward=QoE=   71.40 pacing=0.00s eps=0.264 loss=2.4683
[ep 1291] loot         driving_B_2020.02.14_09.38.22.csv block-000@60s reward=QoE=    2.15 pacing=0.00s eps=0.263 loss=2.3863
[ep 1292] redandblack  driving_B_2019.12.16_12.27.05.csv block-000@360s reward=QoE=   29.75 pacing=0.00s eps=0.262 loss=2.5140
[ep 1293] soldier      driving_B_2020.02.13_13.03.24.csv block-001@1874s reward=QoE= -123.79 pacing=0.00s eps=0.262 loss=2.5558
[ep 1294] longdress    driving_B_2019.12.16_12.27.05.csv block-000@1080s reward=QoE=   63.28 pacing=0.00s eps=0.261 loss=2.3125
[ep 1295] loot         driving_B_2020.02.13_13.03.24.csv block-000@360s reward=QoE=   14.87 pacing=0.00s eps=0.261 loss=2.2145
[ep 1296] redandblack  static_B_2020.02.27_18.39.27.csv block-001@5412s reward=QoE=   68.06 pacing=0.00s eps=0.260 loss=2.2986
[ep 1297] soldier      driving_B_2020.01.16_09.56.56.csv block-000@120s reward=QoE=  -56.69 pacing=0.00s eps=0.260 loss=2.2766
[ep 1298] longdress    driving_B_2019.12.16_12.27.05.csv block-000@960s reward=QoE=   70.68 pacing=0.00s eps=0.259 loss=2.2904
[ep 1299] loot         driving_B_2020.01.16_12.10.03.csv block-000@120s reward=QoE=   82.74 pacing=1.14s eps=0.258 loss=2.3771
[ep 1300] redandblack  driving_B_2020.02.13_15.02.01.csv block-000@300s reward=QoE=   73.38 pacing=1.63s eps=0.258 loss=2.4526
[ep 1301] soldier      driving_B_2020.02.14_09.38.22.csv block-000@360s reward=QoE=  -29.23 pacing=0.00s eps=0.257 loss=2.2559
[ep 1302] longdress    static_B_2020.02.27_18.39.27.csv block-001@2472s reward=QoE=   62.62 pacing=0.00s eps=0.257 loss=2.3306
[ep 1303] loot         driving_B_2020.01.16_12.10.03.csv block-000@0s reward=QoE=   67.57 pacing=1.69s eps=0.256 loss=2.3812
[ep 1304] redandblack  driving_B_2020.02.13_15.02.01.csv block-000@180s reward=QoE=   59.20 pacing=0.00s eps=0.256 loss=2.2520
[ep 1305] soldier      driving_B_2020.01.16_07.26.43.csv block-000@1680s reward=QoE=  -18.90 pacing=0.00s eps=0.255 loss=2.4782
[ep 1306] longdress    driving_B_2019.12.17_07.32.39.csv block-003@1534s reward=QoE=   34.07 pacing=0.00s eps=0.254 loss=2.3941
[ep 1307] loot         driving_B_2020.01.16_09.56.56.csv block-001@1359s reward=QoE=   31.84 pacing=0.00s eps=0.254 loss=2.3796
[ep 1308] redandblack  driving_B_2020.01.16_07.26.43.csv block-000@1080s reward=QoE=   49.74 pacing=0.00s eps=0.253 loss=2.2111
[ep 1309] soldier      static_B_2019.12.16_13.40.04.csv block-000@240s reward=QoE=   40.29 pacing=0.00s eps=0.253 loss=2.3764
[ep 1310] longdress    driving_B_2020.02.13_13.03.24.csv block-001@1574s reward=QoE=    3.75 pacing=0.00s eps=0.252 loss=2.2877
[ep 1311] loot         static_B_2020.02.27_18.39.27.csv block-001@6192s reward=QoE=   60.60 pacing=0.00s eps=0.252 loss=2.0305
[ep 1312] redandblack  driving_B_2019.12.17_07.32.39.csv block-000@480s reward=QoE=   50.60 pacing=0.00s eps=0.251 loss=2.2644
[ep 1313] soldier      driving_B_2020.02.13_13.03.24.csv block-001@1994s reward=QoE=   57.94 pacing=0.00s eps=0.250 loss=2.2755
[ep 1314] longdress    static_B_2019.12.16_13.40.04.csv block-005@1946s reward=QoE=   75.27 pacing=0.00s eps=0.250 loss=2.2080
[ep 1315] loot         driving_B_2020.01.16_12.10.03.csv block-000@360s reward=QoE=   61.62 pacing=0.00s eps=0.249 loss=2.3153
[ep 1316] redandblack  driving_B_2020.02.14_12.58.17.csv block-002@536s reward=QoE= -117.97 pacing=0.00s eps=0.249 loss=2.5556
[ep 1317] soldier      driving_B_2020.02.14_09.38.22.csv block-000@420s reward=QoE=  -20.47 pacing=0.00s eps=0.248 loss=2.4061
[ep 1318] longdress    driving_B_2020.02.13_13.03.24.csv block-001@1454s reward=QoE=  -33.64 pacing=0.00s eps=0.248 loss=2.2217
[ep 1319] loot         driving_B_2019.12.16_12.27.05.csv block-000@480s reward=QoE=   19.68 pacing=0.00s eps=0.247 loss=2.2289
[ep 1320] redandblack  driving_B_2020.02.14_09.38.22.csv block-000@120s reward=QoE=  -25.73 pacing=0.00s eps=0.246 loss=2.1829
[ep 1321] soldier      driving_B_2020.01.16_07.26.43.csv block-000@1620s reward=QoE=  -17.51 pacing=0.00s eps=0.246 loss=2.3010
[ep 1322] longdress    driving_B_2020.02.14_09.38.22.csv block-000@780s reward=QoE=   67.93 pacing=0.00s eps=0.245 loss=2.4038
[ep 1323] loot         driving_B_2020.01.16_12.10.03.csv block-000@0s reward=QoE=   77.83 pacing=1.66s eps=0.245 loss=2.3919
[ep 1324] redandblack  driving_B_2020.02.14_12.58.17.csv block-002@716s reward=QoE=   18.49 pacing=0.00s eps=0.244 loss=2.3327
[ep 1325] soldier      driving_B_2020.02.13_13.03.24.csv block-001@1394s reward=QoE=   -0.23 pacing=0.00s eps=0.244 loss=2.3334
[ep 1326] longdress    driving_B_2020.02.14_09.38.22.csv block-000@720s reward=QoE=   73.37 pacing=0.88s eps=0.243 loss=2.3354
[ep 1327] loot         driving_B_2020.02.27_17.30.15.csv block-002@473s reward=QoE= -225.90 pacing=0.00s eps=0.242 loss=2.2213
[ep 1328] redandblack  driving_B_2020.02.13_15.02.01.csv block-000@1860s reward=QoE=    2.79 pacing=0.00s eps=0.242 loss=2.1901
[ep 1329] soldier      driving_B_2020.02.14_12.58.17.csv block-002@536s reward=QoE= -161.57 pacing=0.00s eps=0.241 loss=2.5328
[ep 1330] longdress    driving_B_2020.01.16_09.56.56.csv block-001@1719s reward=QoE=   66.45 pacing=0.00s eps=0.241 loss=2.2924
[ep 1331] loot         driving_B_2020.02.27_17.30.15.csv block-002@413s reward=QoE=    5.55 pacing=0.00s eps=0.240 loss=2.4156
[ep 1332] redandblack  driving_B_2020.02.13_13.03.24.csv block-000@540s reward=QoE=   24.94 pacing=0.00s eps=0.240 loss=2.4465
[ep 1333] soldier      driving_B_2020.02.13_15.02.01.csv block-000@1080s reward=QoE=  -37.85 pacing=0.00s eps=0.239 loss=2.4036
[ep 1334] longdress    driving_B_2020.02.14_12.58.17.csv block-002@536s reward=QoE= -144.32 pacing=0.00s eps=0.238 loss=2.5874
[ep 1335] loot         driving_B_2019.12.16_12.27.05.csv block-000@180s reward=QoE=  -18.64 pacing=0.00s eps=0.238 loss=2.2455
[ep 1336] redandblack  driving_B_2019.12.17_07.32.39.csv block-000@0s reward=QoE=   41.15 pacing=0.00s eps=0.237 loss=2.3409
[ep 1337] soldier      static_B_2020.02.14_13.21.26.csv block-000@480s reward=QoE=   82.76 pacing=0.00s eps=0.237 loss=2.4504
[ep 1338] longdress    static_B_2019.12.16_13.40.04.csv block-001@1015s reward=QoE=   37.69 pacing=0.00s eps=0.236 loss=2.5840
[ep 1339] loot         driving_B_2020.01.16_07.26.43.csv block-000@660s reward=QoE=    4.26 pacing=0.00s eps=0.236 loss=2.2941
[ep 1340] redandblack  driving_B_2019.12.16_12.27.05.csv block-000@120s reward=QoE=   -7.51 pacing=0.00s eps=0.235 loss=2.1934
[ep 1341] soldier      driving_B_2020.02.13_13.03.24.csv block-001@1934s reward=QoE=  -19.81 pacing=0.00s eps=0.234 loss=2.2731
[ep 1342] longdress    static_B_2019.12.16_13.40.04.csv block-005@1526s reward=QoE=   55.23 pacing=0.00s eps=0.234 loss=2.4053
[ep 1343] loot         static_B_2020.02.14_13.21.26.csv block-000@420s reward=QoE=   80.09 pacing=0.00s eps=0.233 loss=2.3320
[ep 1344] redandblack  static_B_2020.02.27_18.39.27.csv block-001@3252s reward=QoE=   79.39 pacing=0.00s eps=0.233 loss=2.0759
[ep 1345] soldier      driving_B_2019.12.17_07.32.39.csv block-000@60s reward=QoE=   15.00 pacing=0.00s eps=0.232 loss=2.4369
[ep 1346] longdress    driving_B_2020.02.13_15.02.01.csv block-000@2220s reward=QoE=   47.27 pacing=0.00s eps=0.232 loss=2.2369
[ep 1347] loot         driving_B_2020.01.16_12.10.03.csv block-000@60s reward=QoE=   53.66 pacing=0.00s eps=0.231 loss=2.2351
[ep 1348] redandblack  driving_B_2020.01.16_07.26.43.csv block-000@180s reward=QoE= -177.13 pacing=0.00s eps=0.230 loss=2.0626
[ep 1349] soldier      driving_B_2020.02.13_13.03.24.csv block-000@60s reward=QoE=  -84.14 pacing=0.00s eps=0.230 loss=2.3976
[ep 1350] longdress    driving_B_2020.01.16_12.10.03.csv block-000@120s reward=QoE=   79.80 pacing=0.06s eps=0.229 loss=2.3845
[ep 1351] loot         driving_B_2020.02.27_17.30.15.csv block-002@413s reward=QoE=    4.65 pacing=0.00s eps=0.229 loss=2.6692
[ep 1352] redandblack  driving_B_2019.12.16_12.27.05.csv block-000@720s reward=QoE=  -36.71 pacing=0.00s eps=0.228 loss=2.3645
[ep 1353] soldier      static_B_2019.12.16_13.40.04.csv block-001@895s reward=QoE=   57.03 pacing=0.00s eps=0.228 loss=2.3702
[ep 1354] longdress    driving_B_2020.01.16_09.56.56.csv block-001@1359s reward=QoE=   15.40 pacing=0.00s eps=0.227 loss=2.0665
[ep 1355] loot         driving_B_2020.01.16_09.56.56.csv block-000@240s reward=QoE=   47.20 pacing=0.00s eps=0.226 loss=2.2084
[ep 1356] redandblack  driving_B_2020.01.16_07.26.43.csv block-000@1560s reward=QoE=  -19.68 pacing=0.00s eps=0.226 loss=2.5304
[ep 1357] soldier      static_B_2020.02.27_18.39.27.csv block-001@4452s reward=QoE=   81.64 pacing=0.00s eps=0.225 loss=2.6062
[ep 1358] longdress    static_B_2020.02.27_18.39.27.csv block-001@1152s reward=QoE=   60.93 pacing=0.00s eps=0.225 loss=2.4899
[ep 1359] loot         driving_B_2019.12.16_12.27.05.csv block-000@600s reward=QoE=    1.99 pacing=0.00s eps=0.224 loss=2.1490
[ep 1360] redandblack  driving_B_2020.02.13_13.03.24.csv block-001@1094s reward=QoE=    8.20 pacing=0.00s eps=0.224 loss=2.3127
[ep 1361] soldier      driving_B_2020.02.13_15.02.01.csv block-000@1260s reward=QoE=   17.03 pacing=0.00s eps=0.223 loss=2.2416
[ep 1362] longdress    driving_B_2020.02.13_15.02.01.csv block-000@1920s reward=QoE=   51.64 pacing=0.00s eps=0.222 loss=2.2583
[ep 1363] loot         driving_B_2019.12.17_07.32.39.csv block-003@1774s reward=QoE=   29.74 pacing=0.00s eps=0.222 loss=2.1973
[ep 1364] redandblack  driving_B_2019.12.16_12.27.05.csv block-000@660s reward=QoE= -131.31 pacing=0.00s eps=0.221 loss=2.1577
[ep 1365] soldier      driving_B_2019.12.17_07.32.39.csv block-003@1714s reward=QoE=  -16.95 pacing=0.00s eps=0.221 loss=2.2782
[ep 1366] longdress    driving_B_2020.01.16_12.10.03.csv block-000@180s reward=QoE=   69.82 pacing=0.00s eps=0.220 loss=2.6275
[ep 1367] loot         driving_B_2019.12.16_12.27.05.csv block-000@180s reward=QoE=   32.72 pacing=0.00s eps=0.220 loss=2.2673
[ep 1368] redandblack  driving_B_2020.01.16_12.10.03.csv block-000@120s reward=QoE=   87.16 pacing=1.04s eps=0.219 loss=2.3957
[ep 1369] soldier      driving_B_2019.12.17_07.32.39.csv block-004@2357s reward=QoE=  -20.96 pacing=0.00s eps=0.218 loss=2.4854
[ep 1370] longdress    driving_B_2020.02.14_09.38.22.csv block-000@960s reward=QoE=   60.94 pacing=0.00s eps=0.218 loss=2.1037
[ep 1371] loot         driving_B_2020.01.16_12.10.03.csv block-000@180s reward=QoE=   84.85 pacing=0.00s eps=0.217 loss=2.3196
[ep 1372] redandblack  driving_B_2020.01.16_07.26.43.csv block-000@840s reward=QoE=   52.28 pacing=0.00s eps=0.217 loss=2.6313
[ep 1373] soldier      static_B_2020.02.14_13.21.26.csv block-000@960s reward=QoE=   42.62 pacing=0.00s eps=0.216 loss=2.4663
[ep 1374] longdress    driving_B_2020.02.13_15.02.01.csv block-000@780s reward=QoE=  -40.78 pacing=0.00s eps=0.216 loss=2.3896
[ep 1375] loot         static_B_2020.02.14_13.21.26.csv block-000@120s reward=QoE=   67.13 pacing=1.51s eps=0.215 loss=2.2537
[ep 1376] redandblack  static_B_2020.02.14_13.21.26.csv block-000@300s reward=QoE=   49.95 pacing=0.00s eps=0.214 loss=2.3226
[ep 1377] soldier      static_B_2020.02.27_18.39.27.csv block-001@1812s reward=QoE=   43.88 pacing=0.00s eps=0.214 loss=2.5081
[ep 1378] longdress    driving_B_2020.02.27_17.30.15.csv block-002@473s reward=QoE= -303.86 pacing=0.00s eps=0.213 loss=2.2594
[ep 1379] loot         driving_B_2019.12.17_07.32.39.csv block-003@1654s reward=QoE=   24.10 pacing=0.00s eps=0.213 loss=2.2398
[ep 1380] redandblack  driving_B_2020.02.14_12.58.17.csv block-002@716s reward=QoE=   21.70 pacing=0.00s eps=0.212 loss=2.0353
[ep 1381] soldier      driving_B_2020.02.14_12.58.17.csv block-000@0s reward=QoE=  -12.91 pacing=0.00s eps=0.212 loss=2.2539
[ep 1382] longdress    driving_B_2020.02.14_09.38.22.csv block-000@300s reward=QoE=  -87.16 pacing=0.00s eps=0.211 loss=2.3457
[ep 1383] loot         driving_B_2020.02.13_15.02.01.csv block-000@1500s reward=QoE=  -80.29 pacing=0.00s eps=0.210 loss=2.5030
[ep 1384] redandblack  driving_B_2020.01.16_12.10.03.csv block-000@60s reward=QoE=   47.67 pacing=0.00s eps=0.210 loss=2.1729
[ep 1385] soldier      static_B_2019.12.16_13.40.04.csv block-005@1766s reward=QoE=   85.81 pacing=0.42s eps=0.209 loss=2.2742
[ep 1386] longdress    driving_B_2020.01.16_07.26.43.csv block-000@120s reward=QoE=   32.16 pacing=0.00s eps=0.209 loss=2.2474
[ep 1387] loot         driving_B_2020.02.13_13.03.24.csv block-000@240s reward=QoE=   24.15 pacing=0.00s eps=0.208 loss=2.3750
[ep 1388] redandblack  driving_B_2020.02.14_09.38.22.csv block-000@1020s reward=QoE=   87.46 pacing=0.00s eps=0.208 loss=2.2556
[ep 1389] soldier      driving_B_2019.12.17_07.32.39.csv block-000@1200s reward=QoE=   68.06 pacing=0.00s eps=0.207 loss=2.3253
[ep 1390] longdress    static_B_2020.02.14_13.21.26.csv block-000@780s reward=QoE=   78.15 pacing=0.10s eps=0.206 loss=2.2381
[ep 1391] loot         driving_B_2019.12.17_07.32.39.csv block-000@1080s reward=QoE=   19.97 pacing=0.00s eps=0.206 loss=2.4942
[ep 1392] redandblack  driving_B_2020.02.27_17.30.15.csv block-002@533s reward=QoE=  -84.44 pacing=0.00s eps=0.205 loss=2.2271
[ep 1393] soldier      driving_B_2020.02.14_12.58.17.csv block-002@716s reward=QoE=   13.63 pacing=0.00s eps=0.205 loss=2.2577
[ep 1394] longdress    static_B_2020.02.14_13.21.26.csv block-000@900s reward=QoE=   58.06 pacing=0.00s eps=0.204 loss=2.1069
[ep 1395] loot         driving_B_2019.12.16_12.27.05.csv block-000@120s reward=QoE=   43.82 pacing=0.00s eps=0.204 loss=2.4606
[ep 1396] redandblack  driving_B_2019.12.17_07.32.39.csv block-004@2417s reward=QoE=   34.76 pacing=0.00s eps=0.203 loss=2.5327
[ep 1397] soldier      driving_B_2020.02.14_09.38.22.csv block-000@1080s reward=QoE=   77.66 pacing=0.00s eps=0.202 loss=2.2235
[ep 1398] longdress    driving_B_2019.12.17_07.32.39.csv block-000@180s reward=QoE=   20.49 pacing=0.00s eps=0.202 loss=2.4145
[ep 1399] loot         static_B_2019.12.16_13.40.04.csv block-006@2232s reward=QoE=   85.46 pacing=1.18s eps=0.201 loss=2.2555
[ep 1400] redandblack  driving_B_2020.02.14_12.58.17.csv block-002@596s reward=QoE=    5.02 pacing=0.00s eps=0.201 loss=2.4387
[ep 1401] soldier      driving_B_2019.12.17_07.32.39.csv block-004@2237s reward=QoE=  -19.22 pacing=0.00s eps=0.200 loss=2.1924
[ep 1402] longdress    driving_B_2020.02.13_15.02.01.csv block-000@2040s reward=QoE=   58.27 pacing=0.00s eps=0.200 loss=2.3733
[ep 1403] loot         driving_B_2020.01.16_09.56.56.csv block-001@999s reward=QoE=   -0.43 pacing=0.00s eps=0.199 loss=2.3583
[ep 1404] redandblack  static_B_2019.12.16_13.40.04.csv block-005@1706s reward=QoE=   72.51 pacing=0.00s eps=0.198 loss=2.5930
[ep 1405] soldier      driving_B_2020.02.14_12.58.17.csv block-002@596s reward=QoE=   24.31 pacing=0.00s eps=0.198 loss=2.4093
[ep 1406] longdress    driving_B_2019.12.17_07.32.39.csv block-003@1834s reward=QoE=  -30.40 pacing=0.00s eps=0.197 loss=2.6559
[ep 1407] loot         driving_B_2019.12.17_07.32.39.csv block-000@360s reward=QoE=   45.99 pacing=0.00s eps=0.197 loss=2.3907
[ep 1408] redandblack  driving_B_2020.02.14_09.38.22.csv block-000@1560s reward=QoE=   39.98 pacing=0.00s eps=0.196 loss=2.3448
[ep 1409] soldier      driving_B_2020.02.13_15.02.01.csv block-000@1440s reward=QoE=  -29.34 pacing=0.00s eps=0.196 loss=2.3359
[ep 1410] longdress    driving_B_2019.12.16_12.27.05.csv block-000@240s reward=QoE=   30.20 pacing=0.00s eps=0.195 loss=2.4921
[ep 1411] loot         driving_B_2019.12.16_12.27.05.csv block-000@660s reward=QoE=  -68.78 pacing=0.00s eps=0.194 loss=2.3726
[ep 1412] redandblack  driving_B_2020.02.14_12.58.17.csv block-002@596s reward=QoE=  -10.40 pacing=0.00s eps=0.194 loss=2.3841
[ep 1413] soldier      driving_B_2020.01.16_12.10.03.csv block-000@300s reward=QoE=   18.54 pacing=0.00s eps=0.193 loss=2.7488
[ep 1414] longdress    driving_B_2020.01.16_09.56.56.csv block-001@1059s reward=QoE=  -14.91 pacing=0.00s eps=0.193 loss=2.6765
[ep 1415] loot         driving_B_2020.02.13_15.02.01.csv block-000@2520s reward=QoE=   24.15 pacing=0.00s eps=0.192 loss=2.7838
[ep 1416] redandblack  driving_B_2020.01.16_12.10.03.csv block-000@300s reward=QoE=   34.23 pacing=0.00s eps=0.192 loss=2.6002
[ep 1417] soldier      driving_B_2019.12.16_12.27.05.csv block-000@540s reward=QoE= -114.22 pacing=0.00s eps=0.191 loss=2.0811
[ep 1418] longdress    driving_B_2019.12.16_12.27.05.csv block-000@1140s reward=QoE=   50.17 pacing=0.00s eps=0.190 loss=2.3932
[ep 1419] loot         driving_B_2019.12.16_12.27.05.csv block-000@1200s reward=QoE=   17.73 pacing=0.00s eps=0.190 loss=2.4928
[ep 1420] redandblack  driving_B_2020.01.16_12.10.03.csv block-000@0s reward=QoE=   81.65 pacing=1.13s eps=0.189 loss=2.6110
[ep 1421] soldier      static_B_2020.02.27_18.39.27.csv block-001@2232s reward=QoE=   35.90 pacing=0.00s eps=0.189 loss=2.2784
[ep 1422] longdress    driving_B_2020.02.27_17.30.15.csv block-002@413s reward=QoE=  -52.51 pacing=0.00s eps=0.188 loss=2.3859
[ep 1423] loot         static_B_2020.02.14_13.21.26.csv block-000@180s reward=QoE=   79.15 pacing=0.39s eps=0.188 loss=2.3546
[ep 1424] redandblack  driving_B_2020.01.16_07.26.43.csv block-000@540s reward=QoE=   11.67 pacing=0.00s eps=0.187 loss=2.3976
[ep 1425] soldier      driving_B_2020.01.16_07.26.43.csv block-000@1140s reward=QoE=   46.04 pacing=0.00s eps=0.186 loss=2.7372
[ep 1426] longdress    static_B_2020.02.14_13.21.26.csv block-000@300s reward=QoE=   41.79 pacing=0.00s eps=0.186 loss=2.2744
[ep 1427] loot         driving_B_2020.01.16_07.26.43.csv block-000@1260s reward=QoE=   44.31 pacing=0.00s eps=0.185 loss=2.4233
[ep 1428] redandblack  driving_B_2019.12.17_07.32.39.csv block-003@1894s reward=QoE=  -31.79 pacing=0.00s eps=0.185 loss=2.2915
[ep 1429] soldier      static_B_2020.02.27_18.39.27.csv block-001@6072s reward=QoE=   67.72 pacing=0.74s eps=0.184 loss=2.5797
[ep 1430] longdress    static_B_2019.12.16_13.40.04.csv block-001@1075s reward=QoE=   34.86 pacing=0.00s eps=0.184 loss=2.1899
[ep 1431] loot         driving_B_2020.02.14_12.58.17.csv block-002@656s reward=QoE=   52.91 pacing=0.00s eps=0.183 loss=2.5888
[ep 1432] redandblack  driving_B_2020.01.16_07.26.43.csv block-000@1800s reward=QoE=   20.74 pacing=0.00s eps=0.182 loss=2.4654
[ep 1433] soldier      driving_B_2019.12.17_07.32.39.csv block-000@900s reward=QoE=    9.94 pacing=0.00s eps=0.182 loss=2.6775
[ep 1434] longdress    driving_B_2020.02.13_13.03.24.csv block-001@1214s reward=QoE=   -2.06 pacing=0.00s eps=0.181 loss=2.2959
[ep 1435] loot         driving_B_2019.12.17_07.32.39.csv block-004@2297s reward=QoE=   63.96 pacing=0.00s eps=0.181 loss=2.5561
[ep 1436] redandblack  static_B_2020.02.14_13.21.26.csv block-000@1080s reward=QoE=   81.24 pacing=0.28s eps=0.180 loss=2.3212
[ep 1437] soldier      driving_B_2020.02.14_09.38.22.csv block-000@1140s reward=QoE=  -29.87 pacing=0.00s eps=0.180 loss=2.8821
[ep 1438] longdress    driving_B_2020.02.14_12.58.17.csv block-002@656s reward=QoE=   28.81 pacing=0.00s eps=0.179 loss=2.4262
[ep 1439] loot         static_B_2020.02.27_18.39.27.csv block-001@4332s reward=QoE=   57.73 pacing=0.00s eps=0.178 loss=2.3244
[ep 1440] redandblack  driving_B_2020.02.13_13.03.24.csv block-000@120s reward=QoE=   26.60 pacing=0.00s eps=0.178 loss=2.4672
[ep 1441] soldier      driving_B_2020.02.14_09.38.22.csv block-000@1440s reward=QoE=   78.24 pacing=0.00s eps=0.177 loss=2.6681
[ep 1442] longdress    driving_B_2019.12.16_12.27.05.csv block-000@840s reward=QoE=   47.81 pacing=0.00s eps=0.177 loss=2.1703
[ep 1443] loot         static_B_2019.12.16_13.40.04.csv block-000@300s reward=QoE=   37.70 pacing=0.00s eps=0.176 loss=2.4146
[ep 1444] redandblack  driving_B_2020.02.13_15.02.01.csv block-000@2460s reward=QoE=   73.17 pacing=0.00s eps=0.176 loss=2.5715
[ep 1445] soldier      driving_B_2020.01.16_12.10.03.csv block-000@300s reward=QoE=   30.84 pacing=0.00s eps=0.175 loss=2.6043
[ep 1446] longdress    driving_B_2020.01.16_09.56.56.csv block-000@300s reward=QoE=   81.48 pacing=0.00s eps=0.174 loss=2.5650
[ep 1447] loot         driving_B_2020.02.14_09.38.22.csv block-000@0s reward=QoE=    2.61 pacing=0.00s eps=0.174 loss=2.5481
[ep 1448] redandblack  static_B_2020.02.27_18.39.27.csv block-001@552s reward=QoE=   67.09 pacing=0.00s eps=0.173 loss=2.4614
[ep 1449] soldier      driving_B_2020.01.16_12.10.03.csv block-000@240s reward=QoE=   79.46 pacing=0.00s eps=0.173 loss=2.4650
[ep 1450] longdress    driving_B_2020.02.13_13.03.24.csv block-000@0s reward=QoE=   13.97 pacing=0.00s eps=0.172 loss=2.4910
[ep 1451] loot         driving_B_2020.01.16_09.56.56.csv block-000@120s reward=QoE=  -42.47 pacing=0.00s eps=0.172 loss=2.3025
[ep 1452] redandblack  driving_B_2020.01.16_07.26.43.csv block-000@1020s reward=QoE=   32.34 pacing=0.00s eps=0.171 loss=2.3811
[ep 1453] soldier      driving_B_2020.02.14_12.58.17.csv block-002@656s reward=QoE=   42.51 pacing=0.00s eps=0.170 loss=2.2924
[ep 1454] longdress    static_B_2020.02.14_13.21.26.csv block-000@960s reward=QoE=   56.03 pacing=0.00s eps=0.170 loss=2.4006
[ep 1455] loot         driving_B_2020.02.13_15.02.01.csv block-000@2760s reward=QoE=  -62.14 pacing=0.00s eps=0.169 loss=2.4020
[ep 1456] redandblack  static_B_2020.02.14_13.21.26.csv block-000@480s reward=QoE=   79.07 pacing=1.18s eps=0.169 loss=2.6928
[ep 1457] soldier      static_B_2020.02.14_13.21.26.csv block-000@660s reward=QoE=   70.52 pacing=1.20s eps=0.168 loss=2.6868
[ep 1458] longdress    static_B_2019.12.16_13.40.04.csv block-000@180s reward=QoE=   59.79 pacing=0.00s eps=0.168 loss=2.6137
[ep 1459] loot         driving_B_2020.02.14_12.58.17.csv block-002@536s reward=QoE= -155.40 pacing=0.00s eps=0.167 loss=2.5757
[ep 1460] redandblack  driving_B_2020.02.27_17.30.15.csv block-002@353s reward=QoE=  -17.34 pacing=0.00s eps=0.166 loss=2.6863
[ep 1461] soldier      driving_B_2020.01.16_12.10.03.csv block-000@240s reward=QoE=   77.02 pacing=0.86s eps=0.166 loss=2.5247
[ep 1462] longdress    driving_B_2020.02.13_13.03.24.csv block-001@1154s reward=QoE=  -33.09 pacing=0.00s eps=0.165 loss=2.7435
[ep 1463] loot         static_B_2020.02.14_13.21.26.csv block-000@1020s reward=QoE=   80.57 pacing=1.19s eps=0.165 loss=2.5762
[ep 1464] redandblack  driving_B_2020.01.16_07.26.43.csv block-000@600s reward=QoE=   33.00 pacing=0.00s eps=0.164 loss=2.4479
[ep 1465] soldier      driving_B_2020.02.14_12.58.17.csv block-000@0s reward=QoE=   17.73 pacing=0.00s eps=0.164 loss=2.4355
[ep 1466] longdress    static_B_2019.12.16_13.40.04.csv block-005@1826s reward=QoE=   64.81 pacing=0.00s eps=0.163 loss=2.3911
[ep 1467] loot         driving_B_2020.02.13_13.03.24.csv block-001@1274s reward=QoE=   24.41 pacing=0.00s eps=0.162 loss=2.5314
[ep 1468] redandblack  static_B_2020.02.27_18.39.27.csv block-001@12s reward=QoE=   75.18 pacing=1.59s eps=0.162 loss=2.7048
[ep 1469] soldier      static_B_2020.02.27_18.39.27.csv block-001@3312s reward=QoE=   49.19 pacing=0.00s eps=0.161 loss=2.7723
[ep 1470] longdress    driving_B_2020.02.13_13.03.24.csv block-000@420s reward=QoE=   15.62 pacing=0.00s eps=0.161 loss=2.5096
[ep 1471] loot         driving_B_2020.01.16_07.26.43.csv block-000@1200s reward=QoE=   52.00 pacing=0.00s eps=0.160 loss=2.5258
[ep 1472] redandblack  driving_B_2020.01.16_09.56.56.csv block-001@1479s reward=QoE=   61.70 pacing=0.00s eps=0.160 loss=2.6803
[ep 1473] soldier      static_B_2019.12.16_13.40.04.csv block-005@1586s reward=QoE=  -38.00 pacing=0.00s eps=0.159 loss=2.2584
[ep 1474] longdress    driving_B_2020.02.14_09.38.22.csv block-000@420s reward=QoE=   27.79 pacing=0.00s eps=0.158 loss=2.2185
[ep 1475] loot         driving_B_2020.02.13_13.03.24.csv block-000@180s reward=QoE=   23.95 pacing=0.00s eps=0.158 loss=2.5912
[ep 1476] redandblack  driving_B_2020.01.16_09.56.56.csv block-001@1539s reward=QoE=   52.74 pacing=0.00s eps=0.157 loss=2.3853
[ep 1477] soldier      driving_B_2020.01.16_12.10.03.csv block-000@180s reward=QoE=   69.09 pacing=0.00s eps=0.157 loss=2.5615
[ep 1478] longdress    driving_B_2020.01.16_07.26.43.csv block-000@360s reward=QoE=  -77.39 pacing=0.00s eps=0.156 loss=2.3114
[ep 1479] loot         driving_B_2020.01.16_07.26.43.csv block-000@480s reward=QoE=   26.59 pacing=0.00s eps=0.156 loss=2.3576
[ep 1480] redandblack  driving_B_2019.12.16_12.27.05.csv block-000@60s reward=QoE=    9.99 pacing=0.00s eps=0.155 loss=2.6552
[ep 1481] soldier      driving_B_2020.01.16_09.56.56.csv block-001@1659s reward=QoE=   77.74 pacing=0.87s eps=0.154 loss=2.3701
[ep 1482] longdress    driving_B_2020.02.13_15.02.01.csv block-000@1740s reward=QoE=  -90.21 pacing=0.00s eps=0.154 loss=2.3948
[ep 1483] loot         driving_B_2020.02.14_09.38.22.csv block-000@180s reward=QoE=  -15.70 pacing=0.00s eps=0.153 loss=2.3768
[ep 1484] redandblack  driving_B_2020.02.13_13.03.24.csv block-000@660s reward=QoE=   20.84 pacing=0.00s eps=0.153 loss=2.3496
[ep 1485] soldier      driving_B_2020.01.16_07.26.43.csv block-000@1500s reward=QoE=  -12.29 pacing=0.00s eps=0.152 loss=2.6543
[ep 1486] longdress    driving_B_2020.01.16_09.56.56.csv block-001@1119s reward=QoE=   74.00 pacing=1.03s eps=0.152 loss=2.4538
[ep 1487] loot         driving_B_2020.01.16_09.56.56.csv block-001@1239s reward=QoE=   42.45 pacing=0.00s eps=0.151 loss=2.4220
[ep 1488] redandblack  driving_B_2020.02.27_17.30.15.csv block-002@293s reward=QoE= -165.85 pacing=0.00s eps=0.150 loss=2.3685
[ep 1489] soldier      driving_B_2020.02.14_12.58.17.csv block-000@0s reward=QoE=   21.27 pacing=0.00s eps=0.150 loss=2.3719
[ep 1490] longdress    driving_B_2020.02.14_09.38.22.csv block-000@900s reward=QoE=  -26.87 pacing=0.00s eps=0.149 loss=2.5313
[ep 1491] loot         driving_B_2020.02.13_13.03.24.csv block-001@1754s reward=QoE=   28.63 pacing=0.00s eps=0.149 loss=2.4418
[ep 1492] redandblack  driving_B_2020.01.16_12.10.03.csv block-000@360s reward=QoE=   62.37 pacing=0.00s eps=0.148 loss=2.3983
[ep 1493] soldier      static_B_2020.02.14_13.21.26.csv block-000@600s reward=QoE=   81.11 pacing=0.13s eps=0.148 loss=2.1526
[ep 1494] longdress    static_B_2019.12.16_13.40.04.csv block-000@360s reward=QoE=   25.07 pacing=0.00s eps=0.147 loss=2.3953
[ep 1495] loot         static_B_2020.02.14_13.21.26.csv block-000@420s reward=QoE=   73.96 pacing=0.00s eps=0.147 loss=2.3606
[ep 1496] redandblack  driving_B_2020.02.27_17.30.15.csv block-002@473s reward=QoE= -160.49 pacing=0.00s eps=0.146 loss=2.4849
[ep 1497] soldier      driving_B_2020.02.13_15.02.01.csv block-000@2940s reward=QoE=   14.15 pacing=0.00s eps=0.145 loss=2.3107
[ep 1498] longdress    static_B_2019.12.16_13.40.04.csv block-001@595s reward=QoE=   71.64 pacing=0.00s eps=0.145 loss=2.2623
[ep 1499] loot         static_B_2019.12.16_13.40.04.csv block-005@1886s reward=QoE=   56.32 pacing=0.00s eps=0.144 loss=2.3678
[ep 1500] redandblack  driving_B_2020.02.14_09.38.22.csv block-000@1320s reward=QoE=   18.66 pacing=0.00s eps=0.144 loss=2.2313
[ep 1501] soldier      driving_B_2020.01.16_07.26.43.csv block-000@1860s reward=QoE=  -12.36 pacing=0.00s eps=0.143 loss=2.5593
[ep 1502] longdress    driving_B_2019.12.16_12.27.05.csv block-000@420s reward=QoE= -141.16 pacing=0.00s eps=0.143 loss=2.5229
[ep 1503] loot         driving_B_2020.02.14_09.38.22.csv block-000@480s reward=QoE=   21.57 pacing=0.00s eps=0.142 loss=2.5556
[ep 1504] redandblack  driving_B_2020.02.27_17.30.15.csv block-002@353s reward=QoE=  -39.08 pacing=0.00s eps=0.141 loss=2.6027
[ep 1505] soldier      driving_B_2020.02.27_17.30.15.csv block-002@413s reward=QoE=  -58.71 pacing=0.00s eps=0.141 loss=2.2614
[ep 1506] longdress    driving_B_2019.12.17_07.32.39.csv block-000@240s reward=QoE=   26.01 pacing=0.00s eps=0.140 loss=2.3711
[ep 1507] loot         static_B_2019.12.16_13.40.04.csv block-001@655s reward=QoE=   60.48 pacing=0.00s eps=0.140 loss=2.4545
[ep 1508] redandblack  static_B_2020.02.14_13.21.26.csv block-000@660s reward=QoE=   79.15 pacing=1.44s eps=0.139 loss=2.2374
[ep 1509] soldier      static_B_2019.12.16_13.40.04.csv block-001@715s reward=QoE=   32.65 pacing=0.00s eps=0.139 loss=2.5445
[ep 1510] longdress    driving_B_2020.02.27_17.30.15.csv block-002@533s reward=QoE=  -28.66 pacing=0.00s eps=0.138 loss=2.1217
[ep 1511] loot         static_B_2020.02.14_13.21.26.csv block-000@540s reward=QoE=   84.72 pacing=0.00s eps=0.137 loss=2.3664
[ep 1512] redandblack  static_B_2019.12.16_13.40.04.csv block-005@1346s reward=QoE=  -63.46 pacing=0.00s eps=0.137 loss=2.5747
[ep 1513] soldier      driving_B_2020.02.27_17.30.15.csv block-002@293s reward=QoE= -237.89 pacing=0.00s eps=0.136 loss=2.2684
[ep 1514] longdress    static_B_2020.02.14_13.21.26.csv block-000@900s reward=QoE=   71.17 pacing=0.98s eps=0.136 loss=2.5616
[ep 1515] loot         driving_B_2020.01.16_09.56.56.csv block-001@579s reward=QoE=   54.15 pacing=0.00s eps=0.135 loss=2.6944
[ep 1516] redandblack  driving_B_2019.12.17_07.32.39.csv block-000@1380s reward=QoE=   56.62 pacing=0.00s eps=0.135 loss=2.2273
[ep 1517] soldier      driving_B_2020.01.16_12.10.03.csv block-000@240s reward=QoE=   81.98 pacing=0.00s eps=0.134 loss=2.3436
[ep 1518] longdress    static_B_2020.02.14_13.21.26.csv block-000@360s reward=QoE=   66.13 pacing=0.00s eps=0.133 loss=2.3311
[ep 1519] loot         driving_B_2020.02.14_12.58.17.csv block-002@716s reward=QoE=   18.63 pacing=0.00s eps=0.133 loss=2.5573
[ep 1520] redandblack  driving_B_2020.02.14_12.58.17.csv block-000@0s reward=QoE=   35.53 pacing=0.00s eps=0.132 loss=2.4070
[ep 1521] soldier      driving_B_2020.02.14_09.38.22.csv block-000@360s reward=QoE=    8.25 pacing=0.00s eps=0.132 loss=2.6438
[ep 1522] longdress    static_B_2020.02.27_18.39.27.csv block-001@2892s reward=QoE=   83.58 pacing=0.00s eps=0.131 loss=2.3383
[ep 1523] loot         driving_B_2020.02.13_15.02.01.csv block-000@1800s reward=QoE=  -41.83 pacing=0.00s eps=0.131 loss=2.8978
[ep 1524] redandblack  driving_B_2019.12.16_12.27.05.csv block-000@600s reward=QoE=   12.07 pacing=0.00s eps=0.130 loss=2.3666
[ep 1525] soldier      static_B_2020.02.27_18.39.27.csv block-001@132s reward=QoE=   76.26 pacing=0.00s eps=0.129 loss=2.6570
[ep 1526] longdress    static_B_2020.02.27_18.39.27.csv block-001@1872s reward=QoE=   43.20 pacing=0.00s eps=0.129 loss=2.4072
[ep 1527] loot         driving_B_2020.02.13_13.03.24.csv block-001@1034s reward=QoE=   32.24 pacing=0.00s eps=0.128 loss=2.5552
[ep 1528] redandblack  driving_B_2020.01.16_09.56.56.csv block-001@1179s reward=QoE=   44.07 pacing=0.00s eps=0.128 loss=2.4345
[ep 1529] soldier      driving_B_2020.01.16_12.10.03.csv block-000@60s reward=QoE=   38.52 pacing=0.00s eps=0.127 loss=2.3620
[ep 1530] longdress    static_B_2020.02.27_18.39.27.csv block-001@2592s reward=QoE=   54.11 pacing=0.00s eps=0.127 loss=2.3123
[ep 1531] loot         driving_B_2020.01.16_09.56.56.csv block-001@879s reward=QoE=   53.02 pacing=0.00s eps=0.126 loss=2.5019
[ep 1532] redandblack  driving_B_2020.02.14_09.38.22.csv block-000@540s reward=QoE=   23.86 pacing=0.00s eps=0.125 loss=2.4843
[ep 1533] soldier      driving_B_2019.12.17_07.32.39.csv block-000@1140s reward=QoE=   35.34 pacing=0.00s eps=0.125 loss=2.3938
[ep 1534] longdress    driving_B_2020.02.27_17.30.15.csv block-002@473s reward=QoE= -331.87 pacing=0.00s eps=0.124 loss=2.6394
[ep 1535] loot         driving_B_2020.02.27_17.30.15.csv block-002@533s reward=QoE=  -70.48 pacing=0.00s eps=0.124 loss=2.3302
[ep 1536] redandblack  driving_B_2020.02.14_12.58.17.csv block-002@656s reward=QoE=   56.88 pacing=0.00s eps=0.123 loss=2.1991
[ep 1537] soldier      driving_B_2020.01.16_12.10.03.csv block-000@360s reward=QoE=   56.47 pacing=0.00s eps=0.123 loss=2.5526
[ep 1538] longdress    static_B_2020.02.27_18.39.27.csv block-001@5292s reward=QoE=  -29.34 pacing=0.00s eps=0.122 loss=2.4145
[ep 1539] loot         driving_B_2020.02.13_13.03.24.csv block-001@1634s reward=QoE=   29.54 pacing=0.00s eps=0.121 loss=2.4936
[ep 1540] redandblack  static_B_2020.02.14_13.21.26.csv block-000@360s reward=QoE=   75.66 pacing=0.00s eps=0.121 loss=2.2316
[ep 1541] soldier      driving_B_2020.02.27_17.30.15.csv block-002@413s reward=QoE=   -7.85 pacing=0.00s eps=0.120 loss=2.5677
[ep 1542] longdress    static_B_2020.02.14_13.21.26.csv block-000@60s reward=QoE=   80.30 pacing=0.00s eps=0.120 loss=2.4573
[ep 1543] loot         driving_B_2020.01.16_09.56.56.csv block-001@639s reward=QoE=   79.83 pacing=0.47s eps=0.119 loss=2.2555
[ep 1544] redandblack  driving_B_2020.02.13_15.02.01.csv block-000@1380s reward=QoE=   54.66 pacing=0.00s eps=0.119 loss=2.3776
[ep 1545] soldier      driving_B_2019.12.17_07.32.39.csv block-000@1440s reward=QoE=   88.76 pacing=0.00s eps=0.118 loss=2.4953
[ep 1546] longdress    static_B_2019.12.16_13.40.04.csv block-005@1466s reward=QoE=   57.57 pacing=0.00s eps=0.117 loss=2.3963
[ep 1547] loot         driving_B_2020.02.14_12.58.17.csv block-002@716s reward=QoE=   30.37 pacing=0.00s eps=0.117 loss=2.4446
[ep 1548] redandblack  driving_B_2019.12.16_12.27.05.csv block-000@1260s reward=QoE=   79.38 pacing=1.36s eps=0.116 loss=2.3848
[ep 1549] soldier      driving_B_2020.01.16_09.56.56.csv block-001@1419s reward=QoE=   42.64 pacing=0.00s eps=0.116 loss=2.2209
[ep 1550] longdress    static_B_2019.12.16_13.40.04.csv block-001@775s reward=QoE=   77.71 pacing=0.59s eps=0.115 loss=2.1257
[ep 1551] loot         static_B_2020.02.27_18.39.27.csv block-001@4572s reward=QoE=   47.33 pacing=0.00s eps=0.115 loss=2.4734
[ep 1552] redandblack  static_B_2020.02.27_18.39.27.csv block-001@432s reward=QoE=   77.69 pacing=0.00s eps=0.114 loss=2.5540
[ep 1553] soldier      static_B_2019.12.16_13.40.04.csv block-000@420s reward=QoE=   61.03 pacing=0.00s eps=0.113 loss=2.4009
[ep 1554] longdress    static_B_2020.02.27_18.39.27.csv block-001@792s reward=QoE=   66.52 pacing=0.00s eps=0.113 loss=2.2441
[ep 1555] loot         driving_B_2020.02.14_09.38.22.csv block-000@1380s reward=QoE=   34.26 pacing=0.00s eps=0.112 loss=2.7696
[ep 1556] redandblack  driving_B_2019.12.16_12.27.05.csv block-000@300s reward=QoE=   36.39 pacing=0.00s eps=0.112 loss=2.4534
[ep 1557] soldier      driving_B_2020.02.13_15.02.01.csv block-000@1560s reward=QoE=   10.74 pacing=0.00s eps=0.111 loss=2.6591
[ep 1558] longdress    driving_B_2020.02.13_13.03.24.csv block-001@1514s reward=QoE=  -11.77 pacing=0.00s eps=0.111 loss=2.5233
[ep 1559] loot         driving_B_2020.02.14_12.58.17.csv block-002@716s reward=QoE=   26.05 pacing=0.00s eps=0.110 loss=2.4058
[ep 1560] redandblack  static_B_2020.02.27_18.39.27.csv block-001@2952s reward=QoE=   67.26 pacing=0.00s eps=0.109 loss=2.4371
[ep 1561] soldier      driving_B_2020.02.13_15.02.01.csv block-000@1020s reward=QoE=   75.96 pacing=1.86s eps=0.109 loss=2.3527
[ep 1562] longdress    driving_B_2020.01.16_07.26.43.csv block-000@900s reward=QoE=   50.38 pacing=0.00s eps=0.108 loss=2.4157
[ep 1563] loot         driving_B_2020.02.14_09.38.22.csv block-000@660s reward=QoE=   37.16 pacing=0.00s eps=0.108 loss=2.5393
[ep 1564] redandblack  driving_B_2019.12.17_07.32.39.csv block-003@2134s reward=QoE=   54.27 pacing=0.00s eps=0.107 loss=2.5672
[ep 1565] soldier      driving_B_2020.02.14_12.58.17.csv block-002@536s reward=QoE= -118.39 pacing=0.00s eps=0.107 loss=2.3560
[ep 1566] longdress    driving_B_2020.02.27_17.30.15.csv block-002@353s reward=QoE=  -13.36 pacing=0.00s eps=0.106 loss=2.5709
[ep 1567] loot         driving_B_2019.12.17_07.32.39.csv block-000@960s reward=QoE=   31.76 pacing=0.00s eps=0.105 loss=2.4411
[ep 1568] redandblack  driving_B_2020.02.13_15.02.01.csv block-000@2400s reward=QoE=   85.38 pacing=0.00s eps=0.105 loss=2.4109
[ep 1569] soldier      driving_B_2020.01.16_07.26.43.csv block-000@720s reward=QoE=   26.67 pacing=0.00s eps=0.104 loss=2.5540
[ep 1570] longdress    driving_B_2020.02.13_13.03.24.csv block-001@1694s reward=QoE=   21.91 pacing=0.00s eps=0.104 loss=2.3880
[ep 1571] loot         driving_B_2019.12.17_07.32.39.csv block-004@2537s reward=QoE=   72.38 pacing=2.06s eps=0.103 loss=2.4294
[ep 1572] redandblack  driving_B_2020.02.27_17.30.15.csv block-002@533s reward=QoE=  -60.39 pacing=0.00s eps=0.103 loss=2.5797
[ep 1573] soldier      driving_B_2020.01.16_12.10.03.csv block-000@60s reward=QoE=   39.91 pacing=0.00s eps=0.102 loss=2.4616
[ep 1574] longdress    driving_B_2020.02.13_15.02.01.csv block-000@0s reward=QoE=   73.54 pacing=0.00s eps=0.101 loss=2.4428
[ep 1575] loot         driving_B_2019.12.17_07.32.39.csv block-000@1320s reward=QoE=   38.38 pacing=0.00s eps=0.101 loss=2.4627
[ep 1576] redandblack  driving_B_2020.02.14_09.38.22.csv block-000@600s reward=QoE=   53.94 pacing=0.00s eps=0.100 loss=2.4204
[ep 1577] soldier      static_B_2020.02.27_18.39.27.csv block-001@5892s reward=QoE=   79.85 pacing=0.00s eps=0.100 loss=2.1187
[ep 1578] longdress    static_B_2020.02.14_13.21.26.csv block-000@240s reward=QoE=   72.09 pacing=0.51s eps=0.099 loss=2.2528
[ep 1579] loot         driving_B_2019.12.16_12.27.05.csv block-000@1260s reward=QoE=   76.34 pacing=2.56s eps=0.099 loss=2.4557
[ep 1580] redandblack  driving_B_2020.02.14_12.58.17.csv block-002@596s reward=QoE=   31.98 pacing=0.00s eps=0.098 loss=2.4760
[ep 1581] soldier      driving_B_2020.02.13_13.03.24.csv block-000@600s reward=QoE=   12.99 pacing=0.00s eps=0.097 loss=2.2160
[ep 1582] longdress    driving_B_2020.02.14_12.58.17.csv block-002@716s reward=QoE=   15.70 pacing=0.00s eps=0.097 loss=2.3760
[ep 1583] loot         driving_B_2020.02.27_17.30.15.csv block-002@293s reward=QoE= -111.27 pacing=0.00s eps=0.096 loss=2.4311
[ep 1584] redandblack  static_B_2020.02.14_13.21.26.csv block-000@120s reward=QoE=   83.93 pacing=1.81s eps=0.096 loss=2.4990
[ep 1585] soldier      driving_B_2019.12.16_12.27.05.csv block-000@840s reward=QoE=   38.92 pacing=0.00s eps=0.095 loss=2.2852
[ep 1586] longdress    driving_B_2020.02.14_09.38.22.csv block-000@1200s reward=QoE=  -26.58 pacing=0.00s eps=0.095 loss=2.3174
[ep 1587] loot         driving_B_2019.12.17_07.32.39.csv block-003@1594s reward=QoE=   33.25 pacing=0.00s eps=0.094 loss=2.6807
[ep 1588] redandblack  driving_B_2020.01.16_07.26.43.csv block-000@1380s reward=QoE=   36.30 pacing=0.00s eps=0.093 loss=2.1797
[ep 1589] soldier      driving_B_2020.02.27_17.30.15.csv block-002@533s reward=QoE=  -96.96 pacing=0.00s eps=0.093 loss=2.6252
[ep 1590] longdress    driving_B_2020.02.14_12.58.17.csv block-000@0s reward=QoE=   34.70 pacing=0.00s eps=0.092 loss=2.1006
[ep 1591] loot         driving_B_2020.02.14_09.38.22.csv block-000@1260s reward=QoE=   14.99 pacing=0.00s eps=0.092 loss=2.5451
[ep 1592] redandblack  static_B_2020.02.14_13.21.26.csv block-000@0s reward=QoE=   54.21 pacing=0.00s eps=0.091 loss=2.3649
[ep 1593] soldier      driving_B_2019.12.17_07.32.39.csv block-000@540s reward=QoE=   22.72 pacing=0.00s eps=0.091 loss=2.4422
[ep 1594] longdress    driving_B_2020.01.16_12.10.03.csv block-000@180s reward=QoE=   80.56 pacing=0.00s eps=0.090 loss=2.3216
[ep 1595] loot         static_B_2020.02.14_13.21.26.csv block-000@840s reward=QoE=   78.17 pacing=1.76s eps=0.089 loss=2.3333
[ep 1596] redandblack  driving_B_2020.02.14_12.58.17.csv block-002@656s reward=QoE=   50.45 pacing=0.00s eps=0.089 loss=2.3193
[ep 1597] soldier      static_B_2019.12.16_13.40.04.csv block-005@1406s reward=QoE=   63.42 pacing=0.00s eps=0.088 loss=2.3851
[ep 1598] longdress    driving_B_2020.02.14_12.58.17.csv block-002@536s reward=QoE=  -99.05 pacing=0.00s eps=0.088 loss=2.3744
[ep 1599] loot         driving_B_2020.02.14_09.38.22.csv block-000@1260s reward=QoE=   23.26 pacing=0.00s eps=0.087 loss=2.2423
[ep 1600] redandblack  driving_B_2020.02.13_13.03.24.csv block-000@300s reward=QoE=   32.55 pacing=0.00s eps=0.087 loss=2.6431
    [eval @ ep 1600] reward=QoE=44.86 mean_q=0.562 stall=1.0s
[ep 1601] soldier      driving_B_2019.12.16_12.27.05.csv block-000@900s reward=QoE=   71.91 pacing=0.32s eps=0.086 loss=2.3879
[ep 1602] longdress    driving_B_2020.01.16_12.10.03.csv block-000@240s reward=QoE=   81.52 pacing=0.00s eps=0.085 loss=2.2051
[ep 1603] loot         driving_B_2020.02.14_09.38.22.csv block-000@840s reward=QoE=   10.99 pacing=0.00s eps=0.085 loss=2.6066
[ep 1604] redandblack  driving_B_2020.02.13_13.03.24.csv block-001@974s reward=QoE=   22.92 pacing=0.00s eps=0.084 loss=2.8384
[ep 1605] soldier      driving_B_2020.02.27_17.30.15.csv block-002@473s reward=QoE= -206.77 pacing=0.00s eps=0.084 loss=2.4935
[ep 1606] longdress    driving_B_2019.12.16_12.27.05.csv block-000@1020s reward=QoE=   76.76 pacing=0.00s eps=0.083 loss=2.5656
[ep 1607] loot         static_B_2020.02.27_18.39.27.csv block-001@6132s reward=QoE=   89.56 pacing=0.30s eps=0.083 loss=2.7519
[ep 1608] redandblack  driving_B_2020.01.16_12.10.03.csv block-000@120s reward=QoE=   90.65 pacing=0.73s eps=0.082 loss=2.5774
[ep 1609] soldier      driving_B_2020.01.16_12.10.03.csv block-000@300s reward=QoE=   32.06 pacing=0.00s eps=0.081 loss=2.3756
[ep 1610] longdress    driving_B_2020.01.16_07.26.43.csv block-000@300s reward=QoE=   46.39 pacing=0.00s eps=0.081 loss=2.8475
[ep 1611] loot         driving_B_2020.02.27_17.30.15.csv block-002@293s reward=QoE= -144.37 pacing=0.00s eps=0.080 loss=2.5387
[ep 1612] redandblack  static_B_2020.02.27_18.39.27.csv block-001@192s reward=QoE=   89.63 pacing=0.62s eps=0.080 loss=2.5411
[ep 1613] soldier      driving_B_2020.02.14_12.58.17.csv block-000@0s reward=QoE=   29.22 pacing=0.00s eps=0.079 loss=2.4213
[ep 1614] longdress    driving_B_2019.12.16_12.27.05.csv block-000@360s reward=QoE=   12.90 pacing=0.00s eps=0.079 loss=2.4550
[ep 1615] loot         driving_B_2020.01.16_09.56.56.csv block-000@60s reward=QoE=   13.45 pacing=0.00s eps=0.078 loss=2.7406
[ep 1616] redandblack  driving_B_2020.01.16_09.56.56.csv block-001@1479s reward=QoE=   64.67 pacing=0.00s eps=0.077 loss=2.6332
[ep 1617] soldier      driving_B_2020.02.13_13.03.24.csv block-001@914s reward=QoE= -119.99 pacing=0.00s eps=0.077 loss=2.4822
[ep 1618] longdress    static_B_2020.02.14_13.21.26.csv block-000@840s reward=QoE=   82.84 pacing=0.08s eps=0.076 loss=2.7897
[ep 1619] loot         driving_B_2020.01.16_09.56.56.csv block-001@699s reward=QoE=   82.81 pacing=2.63s eps=0.076 loss=2.5648
[ep 1620] redandblack  driving_B_2020.02.13_13.03.24.csv block-001@1814s reward=QoE=   13.22 pacing=0.00s eps=0.075 loss=2.5598
[ep 1621] soldier      driving_B_2020.02.27_17.30.15.csv block-002@533s reward=QoE=  -80.23 pacing=0.00s eps=0.075 loss=2.7601
[ep 1622] longdress    driving_B_2020.01.16_12.10.03.csv block-000@0s reward=QoE=   64.79 pacing=0.62s eps=0.074 loss=2.8661
[ep 1623] loot         driving_B_2020.02.27_17.30.15.csv block-002@473s reward=QoE= -244.59 pacing=0.00s eps=0.073 loss=2.4926
[ep 1624] redandblack  driving_B_2020.01.16_09.56.56.csv block-001@519s reward=QoE=   55.37 pacing=0.00s eps=0.073 loss=2.6829
[ep 1625] soldier      static_B_2019.12.16_13.40.04.csv block-005@2006s reward=QoE=   40.32 pacing=0.00s eps=0.072 loss=2.5496
[ep 1626] longdress    driving_B_2019.12.17_07.32.39.csv block-000@120s reward=QoE=   24.98 pacing=0.00s eps=0.072 loss=2.6732
[ep 1627] loot         driving_B_2020.01.16_12.10.03.csv block-000@300s reward=QoE=   44.16 pacing=0.00s eps=0.071 loss=2.5792
[ep 1628] redandblack  driving_B_2019.12.17_07.32.39.csv block-004@2477s reward=QoE=   80.31 pacing=0.00s eps=0.071 loss=2.5686
[ep 1629] soldier      driving_B_2020.02.13_15.02.01.csv block-000@2580s reward=QoE=  -16.08 pacing=0.00s eps=0.070 loss=2.4257
[ep 1630] longdress    driving_B_2020.01.16_07.26.43.csv block-000@60s reward=QoE=   39.87 pacing=0.00s eps=0.069 loss=2.7824
[ep 1631] loot         driving_B_2020.01.16_12.10.03.csv block-000@0s reward=QoE=   84.81 pacing=1.28s eps=0.069 loss=2.4784
[ep 1632] redandblack  driving_B_2020.02.14_12.58.17.csv block-002@596s reward=QoE=   32.38 pacing=0.00s eps=0.068 loss=2.5820
[ep 1633] soldier      static_B_2020.02.14_13.21.26.csv block-000@240s reward=QoE=   81.70 pacing=0.82s eps=0.068 loss=2.7945
[ep 1634] longdress    static_B_2019.12.16_13.40.04.csv block-001@1135s reward=QoE=   52.52 pacing=0.00s eps=0.067 loss=2.7874
[ep 1635] loot         driving_B_2020.01.16_12.10.03.csv block-000@60s reward=QoE=   56.25 pacing=0.00s eps=0.067 loss=2.7261
[ep 1636] redandblack  driving_B_2020.01.16_09.56.56.csv block-000@180s reward=QoE=   58.28 pacing=0.00s eps=0.066 loss=2.5827
[ep 1637] soldier      driving_B_2020.02.14_09.38.22.csv block-000@1500s reward=QoE=  -20.42 pacing=0.00s eps=0.065 loss=2.5494
[ep 1638] longdress    driving_B_2019.12.16_12.27.05.csv block-000@900s reward=QoE=   78.33 pacing=0.00s eps=0.065 loss=2.3077
[ep 1639] loot         static_B_2019.12.16_13.40.04.csv block-000@60s reward=QoE=   58.48 pacing=0.00s eps=0.064 loss=2.9800
[ep 1640] redandblack  static_B_2020.02.14_13.21.26.csv block-000@540s reward=QoE=   89.01 pacing=0.00s eps=0.064 loss=2.7703
[ep 1641] soldier      driving_B_2020.01.16_07.26.43.csv block-000@1440s reward=QoE=   59.03 pacing=0.00s eps=0.063 loss=2.4050
[ep 1642] longdress    static_B_2019.12.16_13.40.04.csv block-000@0s reward=QoE=   70.45 pacing=0.00s eps=0.063 loss=2.5227
[ep 1643] loot         driving_B_2020.02.27_17.30.15.csv block-002@413s reward=QoE=   28.03 pacing=0.00s eps=0.062 loss=2.4139
[ep 1644] redandblack  driving_B_2020.02.13_15.02.01.csv block-000@720s reward=QoE=   40.64 pacing=0.00s eps=0.061 loss=2.7002
[ep 1645] soldier      driving_B_2020.01.16_09.56.56.csv block-001@939s reward=QoE=   36.50 pacing=0.00s eps=0.061 loss=2.3748
[ep 1646] longdress    driving_B_2020.02.13_15.02.01.csv block-000@60s reward=QoE=   85.88 pacing=0.00s eps=0.060 loss=2.5465
[ep 1647] loot         static_B_2019.12.16_13.40.04.csv block-000@120s reward=QoE=   86.74 pacing=0.00s eps=0.060 loss=2.4424
[ep 1648] redandblack  static_B_2019.12.16_13.40.04.csv block-001@835s reward=QoE=   90.10 pacing=1.04s eps=0.059 loss=2.5884
[ep 1649] soldier      driving_B_2020.02.13_15.02.01.csv block-000@2100s reward=QoE=    6.66 pacing=0.00s eps=0.059 loss=2.4212
[ep 1650] longdress    driving_B_2020.01.16_09.56.56.csv block-001@1599s reward=QoE=   53.52 pacing=0.00s eps=0.058 loss=2.6017
[ep 1651] loot         static_B_2020.02.27_18.39.27.csv block-001@5472s reward=QoE=   84.11 pacing=1.10s eps=0.057 loss=2.6387
[ep 1652] redandblack  driving_B_2020.02.14_12.58.17.csv block-002@596s reward=QoE=   27.28 pacing=0.00s eps=0.057 loss=2.7522
[ep 1653] soldier      driving_B_2020.02.13_15.02.01.csv block-000@2880s reward=QoE=   69.59 pacing=0.00s eps=0.056 loss=2.4973
[ep 1654] longdress    static_B_2020.02.27_18.39.27.csv block-001@3552s reward=QoE=   42.87 pacing=0.00s eps=0.056 loss=2.4131
[ep 1655] loot         driving_B_2020.01.16_09.56.56.csv block-000@360s reward=QoE=   53.58 pacing=0.00s eps=0.055 loss=2.3437
[ep 1656] redandblack  driving_B_2020.02.27_17.30.15.csv block-002@353s reward=QoE=  -20.10 pacing=0.00s eps=0.055 loss=2.3270
[ep 1657] soldier      driving_B_2020.02.13_15.02.01.csv block-000@2340s reward=QoE=   16.34 pacing=0.00s eps=0.054 loss=2.2983
[ep 1658] longdress    driving_B_2020.02.14_09.38.22.csv block-000@240s reward=QoE=   25.87 pacing=0.00s eps=0.053 loss=2.4417
[ep 1659] loot         driving_B_2020.01.16_07.26.43.csv block-000@420s reward=QoE=   30.74 pacing=0.00s eps=0.053 loss=2.8411
[ep 1660] redandblack  driving_B_2020.02.14_09.38.22.csv block-000@60s reward=QoE=   40.27 pacing=0.00s eps=0.052 loss=2.4594
[ep 1661] soldier      driving_B_2020.02.13_13.03.24.csv block-000@480s reward=QoE=   15.89 pacing=0.00s eps=0.052 loss=2.6100
[ep 1662] longdress    static_B_2019.12.16_13.40.04.csv block-005@1646s reward=QoE=   88.99 pacing=0.00s eps=0.051 loss=2.6259
[ep 1663] loot         driving_B_2020.02.14_12.58.17.csv block-002@536s reward=QoE=  -34.07 pacing=0.00s eps=0.051 loss=2.4635
[ep 1664] redandblack  static_B_2019.12.16_13.40.04.csv block-001@955s reward=QoE=   70.32 pacing=0.00s eps=0.050 loss=2.5258
[ep 1665] longdress    driving_B_2020.02.27_17.30.15.csv block-002@533s reward=QoE=  -89.92 pacing=0.00s eps=0.050 loss=2.8028
[ep 1666] loot         driving_B_2020.02.27_17.30.15.csv block-002@533s reward=QoE=  -63.99 pacing=0.00s eps=0.050 loss=2.3475
[ep 1667] redandblack  driving_B_2020.01.16_07.26.43.csv block-000@1260s reward=QoE=   44.24 pacing=0.00s eps=0.050 loss=2.6402
[ep 1668] soldier      driving_B_2020.02.27_17.30.15.csv block-002@293s reward=QoE= -186.73 pacing=0.00s eps=0.050 loss=2.7046
[ep 1669] longdress    driving_B_2019.12.17_07.32.39.csv block-000@960s reward=QoE=   36.67 pacing=0.00s eps=0.050 loss=2.5636
[ep 1670] loot         driving_B_2019.12.17_07.32.39.csv block-000@840s reward=QoE=   15.42 pacing=0.00s eps=0.050 loss=2.4077
[ep 1671] redandblack  driving_B_2020.01.16_09.56.56.csv block-001@1299s reward=QoE=   61.90 pacing=0.00s eps=0.050 loss=2.3680
[ep 1672] soldier      static_B_2020.02.14_13.21.26.csv block-000@840s reward=QoE=   87.04 pacing=0.00s eps=0.050 loss=2.6355
[ep 1673] longdress    driving_B_2020.01.16_07.26.43.csv block-000@1380s reward=QoE=   35.12 pacing=0.00s eps=0.050 loss=2.5985
[ep 1674] loot         static_B_2020.02.27_18.39.27.csv block-001@72s reward=QoE=   91.15 pacing=1.02s eps=0.050 loss=2.7807
[ep 1675] redandblack  static_B_2020.02.14_13.21.26.csv block-000@120s reward=QoE=   89.68 pacing=1.07s eps=0.050 loss=2.6624
[ep 1676] soldier      driving_B_2020.02.13_13.03.24.csv block-001@1994s reward=QoE=   68.48 pacing=0.00s eps=0.050 loss=2.5722
[ep 1677] longdress    static_B_2020.02.27_18.39.27.csv block-001@912s reward=QoE=   62.19 pacing=0.00s eps=0.050 loss=2.6490
[ep 1678] loot         driving_B_2019.12.17_07.32.39.csv block-003@2074s reward=QoE=   57.53 pacing=0.00s eps=0.050 loss=2.7335
[ep 1679] redandblack  driving_B_2020.02.13_15.02.01.csv block-000@2160s reward=QoE=   62.42 pacing=0.00s eps=0.050 loss=2.6964
[ep 1680] soldier      driving_B_2020.02.14_12.58.17.csv block-002@716s reward=QoE=   21.18 pacing=0.00s eps=0.050 loss=2.4745
[ep 1681] longdress    driving_B_2020.01.16_07.26.43.csv block-000@1200s reward=QoE=   57.84 pacing=0.00s eps=0.050 loss=2.7552
[ep 1682] loot         driving_B_2019.12.16_12.27.05.csv block-000@0s reward=QoE=   48.29 pacing=0.00s eps=0.050 loss=2.4408
[ep 1683] redandblack  static_B_2020.02.14_13.21.26.csv block-000@900s reward=QoE=   82.52 pacing=0.00s eps=0.050 loss=2.5021
[ep 1684] soldier      driving_B_2020.01.16_09.56.56.csv block-000@240s reward=QoE=   43.44 pacing=0.00s eps=0.050 loss=2.3829
[ep 1685] longdress    driving_B_2020.02.13_13.03.24.csv block-000@600s reward=QoE=   23.23 pacing=0.00s eps=0.050 loss=2.6689
[ep 1686] loot         driving_B_2020.02.13_13.03.24.csv block-001@1094s reward=QoE=   16.67 pacing=0.00s eps=0.050 loss=2.7705
[ep 1687] redandblack  driving_B_2020.02.14_09.38.22.csv block-000@1560s reward=QoE=   52.92 pacing=0.00s eps=0.050 loss=2.7618
[ep 1688] soldier      driving_B_2020.01.16_07.26.43.csv block-000@180s reward=QoE= -151.69 pacing=0.00s eps=0.050 loss=2.6376
[ep 1689] longdress    driving_B_2020.02.14_09.38.22.csv block-000@1320s reward=QoE=    8.48 pacing=0.00s eps=0.050 loss=2.6339
[ep 1690] loot         driving_B_2020.01.16_12.10.03.csv block-000@120s reward=QoE=   89.08 pacing=1.07s eps=0.050 loss=2.5996
[ep 1691] redandblack  driving_B_2020.02.13_15.02.01.csv block-000@300s reward=QoE=   85.42 pacing=1.18s eps=0.050 loss=2.4812
[ep 1692] soldier      driving_B_2020.01.16_07.26.43.csv block-000@900s reward=QoE=   40.73 pacing=0.00s eps=0.050 loss=2.3362
[ep 1693] longdress    driving_B_2020.01.16_12.10.03.csv block-000@240s reward=QoE=   89.55 pacing=0.00s eps=0.050 loss=2.5319
[ep 1694] loot         driving_B_2020.01.16_09.56.56.csv block-000@120s reward=QoE=   12.12 pacing=0.00s eps=0.050 loss=2.4591
[ep 1695] redandblack  driving_B_2020.01.16_07.26.43.csv block-000@1800s reward=QoE=   40.01 pacing=0.00s eps=0.050 loss=2.6672
[ep 1696] soldier      driving_B_2019.12.16_12.27.05.csv block-000@120s reward=QoE=   38.18 pacing=0.00s eps=0.050 loss=2.4323
[ep 1697] longdress    driving_B_2020.01.16_07.26.43.csv block-000@240s reward=QoE=   37.77 pacing=0.00s eps=0.050 loss=2.3209
[ep 1698] loot         driving_B_2019.12.16_12.27.05.csv block-000@300s reward=QoE=   16.94 pacing=0.00s eps=0.050 loss=2.7144
[ep 1699] redandblack  driving_B_2019.12.17_07.32.39.csv block-000@1080s reward=QoE=   23.93 pacing=0.00s eps=0.050 loss=2.4740
[ep 1700] soldier      driving_B_2020.02.13_15.02.01.csv block-000@960s reward=QoE=   69.75 pacing=0.00s eps=0.050 loss=2.3650
[ep 1701] longdress    driving_B_2020.02.13_13.03.24.csv block-000@300s reward=QoE=   17.49 pacing=0.00s eps=0.050 loss=2.6421
[ep 1702] loot         driving_B_2020.01.16_09.56.56.csv block-000@180s reward=QoE=   72.10 pacing=0.00s eps=0.050 loss=2.7516
[ep 1703] redandblack  driving_B_2020.02.13_13.03.24.csv block-001@1814s reward=QoE=   37.86 pacing=0.00s eps=0.050 loss=2.2942
[ep 1704] soldier      driving_B_2019.12.16_12.27.05.csv block-000@120s reward=QoE=   35.41 pacing=0.00s eps=0.050 loss=2.2903
[ep 1705] longdress    static_B_2019.12.16_13.40.04.csv block-006@2232s reward=QoE=   87.85 pacing=0.00s eps=0.050 loss=2.9834
[ep 1706] loot         driving_B_2019.12.16_12.27.05.csv block-000@1200s reward=QoE=   37.51 pacing=0.00s eps=0.050 loss=2.6276
[ep 1707] redandblack  static_B_2019.12.16_13.40.04.csv block-000@180s reward=QoE=   67.53 pacing=0.00s eps=0.050 loss=2.4690
[ep 1708] soldier      driving_B_2019.12.16_12.27.05.csv block-000@780s reward=QoE=   43.54 pacing=0.00s eps=0.050 loss=2.4058
[ep 1709] longdress    driving_B_2020.01.16_07.26.43.csv block-000@840s reward=QoE=   57.51 pacing=0.00s eps=0.050 loss=2.5959
[ep 1710] loot         driving_B_2020.02.14_09.38.22.csv block-000@600s reward=QoE=   52.43 pacing=0.00s eps=0.050 loss=2.5470
[ep 1711] redandblack  driving_B_2020.02.14_12.58.17.csv block-000@0s reward=QoE=   29.29 pacing=0.00s eps=0.050 loss=2.9042
[ep 1712] soldier      static_B_2020.02.27_18.39.27.csv block-001@4572s reward=QoE=   38.19 pacing=0.00s eps=0.050 loss=2.4365
[ep 1713] longdress    driving_B_2020.02.14_09.38.22.csv block-000@420s reward=QoE=   29.24 pacing=0.00s eps=0.050 loss=2.6056
[ep 1714] loot         driving_B_2020.02.14_09.38.22.csv block-000@960s reward=QoE=   67.20 pacing=0.00s eps=0.050 loss=2.9338
[ep 1715] redandblack  driving_B_2020.01.16_12.10.03.csv block-000@240s reward=QoE=   91.14 pacing=0.62s eps=0.050 loss=2.4725
[ep 1716] soldier      driving_B_2020.02.13_13.03.24.csv block-000@0s reward=QoE=   15.44 pacing=0.00s eps=0.050 loss=2.3520
[ep 1717] longdress    driving_B_2020.02.13_13.03.24.csv block-001@1934s reward=QoE=   11.21 pacing=0.00s eps=0.050 loss=2.7033
[ep 1718] loot         driving_B_2020.02.13_15.02.01.csv block-000@780s reward=QoE=   42.65 pacing=0.00s eps=0.050 loss=2.5934
[ep 1719] redandblack  driving_B_2020.02.13_15.02.01.csv block-000@1740s reward=QoE=  -27.27 pacing=0.00s eps=0.050 loss=2.3363
[ep 1720] soldier      driving_B_2020.02.14_09.38.22.csv block-000@0s reward=QoE=   24.23 pacing=0.00s eps=0.050 loss=2.5061
[ep 1721] longdress    static_B_2020.02.14_13.21.26.csv block-000@480s reward=QoE=   87.43 pacing=0.00s eps=0.050 loss=2.6928
[ep 1722] loot         driving_B_2020.02.13_13.03.24.csv block-001@1514s reward=QoE=   14.19 pacing=0.00s eps=0.050 loss=2.3215
[ep 1723] redandblack  driving_B_2020.02.13_13.03.24.csv block-001@1874s reward=QoE=   -9.10 pacing=0.00s eps=0.050 loss=2.6042
[ep 1724] soldier      static_B_2020.02.27_18.39.27.csv block-001@5412s reward=QoE=   63.33 pacing=0.00s eps=0.050 loss=2.3406
[ep 1725] longdress    static_B_2019.12.16_13.40.04.csv block-001@895s reward=QoE=   51.05 pacing=0.00s eps=0.050 loss=2.5819
[ep 1726] loot         driving_B_2019.12.17_07.32.39.csv block-003@2134s reward=QoE=   40.55 pacing=0.00s eps=0.050 loss=2.4070
[ep 1727] redandblack  driving_B_2020.01.16_09.56.56.csv block-001@699s reward=QoE=   89.89 pacing=1.68s eps=0.050 loss=2.7922
[ep 1728] soldier      driving_B_2020.02.14_09.38.22.csv block-000@720s reward=QoE=   84.15 pacing=0.00s eps=0.050 loss=2.4067
[ep 1729] longdress    driving_B_2019.12.17_07.32.39.csv block-000@900s reward=QoE=   10.73 pacing=0.00s eps=0.050 loss=2.4722
[ep 1730] loot         driving_B_2020.02.13_15.02.01.csv block-000@2580s reward=QoE=   12.53 pacing=0.00s eps=0.050 loss=2.5919
[ep 1731] redandblack  static_B_2020.02.27_18.39.27.csv block-001@2652s reward=QoE=   50.93 pacing=0.00s eps=0.050 loss=2.4460
[ep 1732] soldier      driving_B_2020.01.16_07.26.43.csv block-000@1680s reward=QoE=    1.32 pacing=0.00s eps=0.050 loss=2.3885
[ep 1733] longdress    driving_B_2020.02.14_09.38.22.csv block-000@0s reward=QoE=   28.50 pacing=0.00s eps=0.050 loss=2.6303
[ep 1734] loot         static_B_2020.02.27_18.39.27.csv block-001@132s reward=QoE=   86.16 pacing=0.00s eps=0.050 loss=2.4865
[ep 1735] redandblack  driving_B_2020.02.14_12.58.17.csv block-002@596s reward=QoE=   18.70 pacing=0.00s eps=0.050 loss=2.2136
[ep 1736] soldier      driving_B_2020.02.13_15.02.01.csv block-000@1560s reward=QoE=   18.95 pacing=0.00s eps=0.050 loss=2.4267
[ep 1737] longdress    driving_B_2020.02.14_09.38.22.csv block-000@1080s reward=QoE=   65.61 pacing=0.00s eps=0.050 loss=2.7259
[ep 1738] loot         static_B_2019.12.16_13.40.04.csv block-005@2006s reward=QoE=   59.83 pacing=0.00s eps=0.050 loss=2.4042
[ep 1739] redandblack  static_B_2020.02.14_13.21.26.csv block-000@240s reward=QoE=   84.34 pacing=0.77s eps=0.050 loss=2.4109
[ep 1740] soldier      static_B_2019.12.16_13.40.04.csv block-005@1466s reward=QoE=   57.98 pacing=0.00s eps=0.050 loss=2.3525
[ep 1741] longdress    driving_B_2020.01.16_12.10.03.csv block-000@0s reward=QoE=   82.79 pacing=0.45s eps=0.050 loss=2.6889
[ep 1742] loot         driving_B_2020.02.13_15.02.01.csv block-000@900s reward=QoE=   28.81 pacing=0.00s eps=0.050 loss=2.6091
[ep 1743] redandblack  static_B_2020.02.27_18.39.27.csv block-001@672s reward=QoE=   45.79 pacing=0.23s eps=0.050 loss=2.5009
[ep 1744] soldier      driving_B_2020.02.14_12.58.17.csv block-000@0s reward=QoE=   26.76 pacing=0.00s eps=0.050 loss=2.7510
[ep 1745] longdress    static_B_2019.12.16_13.40.04.csv block-000@360s reward=QoE=   26.26 pacing=0.00s eps=0.050 loss=2.6672
[ep 1746] loot         driving_B_2020.01.16_12.10.03.csv block-000@300s reward=QoE=   40.18 pacing=0.00s eps=0.050 loss=2.6271
[ep 1747] redandblack  driving_B_2020.02.27_17.30.15.csv block-002@533s reward=QoE=  -59.62 pacing=0.00s eps=0.050 loss=2.4448
[ep 1748] soldier      static_B_2020.02.27_18.39.27.csv block-001@4392s reward=QoE=   27.47 pacing=0.00s eps=0.050 loss=2.4710
[ep 1749] longdress    driving_B_2019.12.17_07.32.39.csv block-003@1534s reward=QoE=   55.19 pacing=0.00s eps=0.050 loss=2.4569
[ep 1750] loot         static_B_2020.02.14_13.21.26.csv block-000@1020s reward=QoE=   88.62 pacing=1.10s eps=0.050 loss=2.6843
[ep 1751] redandblack  driving_B_2020.01.16_07.26.43.csv block-000@1440s reward=QoE=   62.87 pacing=0.00s eps=0.050 loss=2.5520
[ep 1752] soldier      driving_B_2019.12.17_07.32.39.csv block-000@420s reward=QoE=   29.40 pacing=0.00s eps=0.050 loss=2.4773
[ep 1753] longdress    static_B_2020.02.27_18.39.27.csv block-001@6132s reward=QoE=   77.29 pacing=0.00s eps=0.050 loss=2.2986
[ep 1754] loot         static_B_2019.12.16_13.40.04.csv block-001@955s reward=QoE=   80.16 pacing=0.00s eps=0.050 loss=2.4106
[ep 1755] redandblack  driving_B_2019.12.17_07.32.39.csv block-000@600s reward=QoE=   39.59 pacing=0.00s eps=0.050 loss=2.5881
[ep 1756] soldier      static_B_2020.02.14_13.21.26.csv block-000@780s reward=QoE=   84.52 pacing=0.00s eps=0.050 loss=2.6605
[ep 1757] longdress    driving_B_2019.12.16_12.27.05.csv block-000@840s reward=QoE=   49.72 pacing=0.00s eps=0.050 loss=2.7556
[ep 1758] loot         static_B_2020.02.14_13.21.26.csv block-000@540s reward=QoE=   86.91 pacing=0.26s eps=0.050 loss=2.7664
[ep 1759] redandblack  driving_B_2020.01.16_12.10.03.csv block-000@0s reward=QoE=   81.12 pacing=1.09s eps=0.050 loss=2.4529
[ep 1760] soldier      static_B_2020.02.14_13.21.26.csv block-000@420s reward=QoE=   76.27 pacing=0.00s eps=0.050 loss=2.2914
[ep 1761] longdress    driving_B_2020.01.16_09.56.56.csv block-001@939s reward=QoE=   30.55 pacing=0.00s eps=0.050 loss=2.3517
[ep 1762] loot         static_B_2020.02.14_13.21.26.csv block-000@960s reward=QoE=   59.21 pacing=0.00s eps=0.050 loss=2.6970
[ep 1763] redandblack  driving_B_2020.02.14_09.38.22.csv block-000@480s reward=QoE=   25.11 pacing=0.00s eps=0.050 loss=2.5038
[ep 1764] soldier      driving_B_2019.12.17_07.32.39.csv block-000@240s reward=QoE=   23.25 pacing=0.00s eps=0.050 loss=2.5217
[ep 1765] longdress    static_B_2020.02.14_13.21.26.csv block-000@720s reward=QoE=   71.65 pacing=0.00s eps=0.050 loss=2.6002
[ep 1766] loot         driving_B_2020.01.16_07.26.43.csv block-000@1020s reward=QoE=   28.92 pacing=0.00s eps=0.050 loss=2.4510
[ep 1767] redandblack  driving_B_2020.01.16_09.56.56.csv block-001@1059s reward=QoE=   35.10 pacing=0.00s eps=0.050 loss=2.5461
[ep 1768] soldier      driving_B_2020.01.16_12.10.03.csv block-000@360s reward=QoE=   67.87 pacing=0.00s eps=0.050 loss=2.4144
[ep 1769] longdress    driving_B_2019.12.16_12.27.05.csv block-000@1140s reward=QoE=   57.05 pacing=0.00s eps=0.050 loss=2.4752
[ep 1770] loot         driving_B_2020.02.13_15.02.01.csv block-000@1680s reward=QoE=   31.33 pacing=0.00s eps=0.050 loss=2.3282
[ep 1771] redandblack  static_B_2020.02.14_13.21.26.csv block-000@120s reward=QoE=   85.45 pacing=1.10s eps=0.050 loss=2.4614
[ep 1772] soldier      driving_B_2020.02.27_17.30.15.csv block-002@413s reward=QoE=   17.00 pacing=0.00s eps=0.050 loss=2.6533
[ep 1773] longdress    driving_B_2020.02.27_17.30.15.csv block-002@473s reward=QoE= -206.99 pacing=0.00s eps=0.050 loss=2.5995
[ep 1774] loot         static_B_2020.02.27_18.39.27.csv block-001@2052s reward=QoE= -276.65 pacing=0.00s eps=0.050 loss=2.2580
[ep 1775] redandblack  driving_B_2020.01.16_07.26.43.csv block-000@60s reward=QoE=   51.42 pacing=0.00s eps=0.050 loss=2.6419
[ep 1776] soldier      static_B_2020.02.27_18.39.27.csv block-001@5232s reward=QoE=   45.42 pacing=0.00s eps=0.050 loss=2.3146
[ep 1777] longdress    driving_B_2020.02.13_13.03.24.csv block-001@914s reward=QoE= -137.21 pacing=0.00s eps=0.050 loss=2.2549
[ep 1778] loot         driving_B_2020.02.13_13.03.24.csv block-001@1454s reward=QoE=   29.40 pacing=0.00s eps=0.050 loss=2.5845
[ep 1779] redandblack  static_B_2020.02.27_18.39.27.csv block-001@5592s reward=QoE=   31.38 pacing=0.00s eps=0.050 loss=2.4781
[ep 1780] soldier      driving_B_2019.12.16_12.27.05.csv block-000@900s reward=QoE=   86.16 pacing=0.00s eps=0.050 loss=2.4852
[ep 1781] longdress    static_B_2020.02.14_13.21.26.csv block-000@360s reward=QoE=   72.62 pacing=0.00s eps=0.050 loss=2.5213
[ep 1782] loot         driving_B_2020.01.16_12.10.03.csv block-000@360s reward=QoE=   72.69 pacing=0.00s eps=0.050 loss=2.3967
[ep 1783] redandblack  driving_B_2020.02.14_09.38.22.csv block-000@600s reward=QoE=   61.18 pacing=0.00s eps=0.050 loss=2.6370
[ep 1784] soldier      static_B_2020.02.27_18.39.27.csv block-001@12s reward=QoE=   88.42 pacing=0.30s eps=0.050 loss=2.4597
[ep 1785] longdress    driving_B_2020.02.13_15.02.01.csv block-000@420s reward=QoE=   83.88 pacing=0.15s eps=0.050 loss=2.3615
[ep 1786] loot         driving_B_2020.02.13_15.02.01.csv block-000@1380s reward=QoE=   54.65 pacing=0.00s eps=0.050 loss=2.4491
[ep 1787] redandblack  driving_B_2020.01.16_12.10.03.csv block-000@60s reward=QoE=   59.54 pacing=0.00s eps=0.050 loss=2.4338
[ep 1788] soldier      driving_B_2020.01.16_07.26.43.csv block-000@360s reward=QoE=  -18.68 pacing=0.00s eps=0.050 loss=2.6112
[ep 1789] longdress    driving_B_2020.01.16_09.56.56.csv block-001@1659s reward=QoE=   88.85 pacing=0.00s eps=0.050 loss=2.3349
[ep 1790] loot         driving_B_2020.02.14_09.38.22.csv block-000@1200s reward=QoE=    5.30 pacing=0.00s eps=0.050 loss=2.5314
[ep 1791] redandblack  driving_B_2019.12.16_12.27.05.csv block-000@600s reward=QoE=   12.44 pacing=0.00s eps=0.050 loss=2.8459
[ep 1792] soldier      driving_B_2020.02.14_09.38.22.csv block-000@120s reward=QoE=   16.68 pacing=0.00s eps=0.050 loss=2.4534
[ep 1793] longdress    driving_B_2020.01.16_12.10.03.csv block-000@180s reward=QoE=   81.23 pacing=0.00s eps=0.050 loss=2.6992
[ep 1794] loot         driving_B_2020.01.16_12.10.03.csv block-000@300s reward=QoE=   45.53 pacing=0.00s eps=0.050 loss=2.5815
[ep 1795] redandblack  driving_B_2020.02.27_17.30.15.csv block-002@413s reward=QoE=   29.67 pacing=0.00s eps=0.050 loss=2.6227
[ep 1796] soldier      static_B_2019.12.16_13.40.04.csv block-000@120s reward=QoE=   73.35 pacing=0.00s eps=0.050 loss=2.6180
[ep 1797] longdress    driving_B_2020.02.13_15.02.01.csv block-000@2820s reward=QoE=   63.79 pacing=0.00s eps=0.050 loss=2.4506
[ep 1798] loot         driving_B_2020.01.16_07.26.43.csv block-000@780s reward=QoE=   36.56 pacing=0.00s eps=0.050 loss=2.6566
[ep 1799] redandblack  static_B_2020.02.14_13.21.26.csv block-000@60s reward=QoE=   90.64 pacing=0.69s eps=0.050 loss=2.5821
[ep 1800] soldier      driving_B_2020.02.13_13.03.24.csv block-001@1694s reward=QoE=   16.93 pacing=0.00s eps=0.050 loss=2.4879
[ep 1801] longdress    driving_B_2019.12.17_07.32.39.csv block-000@780s reward=QoE=   32.51 pacing=0.00s eps=0.050 loss=2.3587
[ep 1802] loot         driving_B_2019.12.17_07.32.39.csv block-000@0s reward=QoE=   43.44 pacing=0.00s eps=0.050 loss=2.3089
[ep 1803] redandblack  driving_B_2020.02.14_09.38.22.csv block-000@1260s reward=QoE=   29.83 pacing=0.00s eps=0.050 loss=3.0655
[ep 1804] soldier      driving_B_2020.02.27_17.30.15.csv block-002@353s reward=QoE=  -44.65 pacing=0.00s eps=0.050 loss=2.6306
[ep 1805] longdress    static_B_2019.12.16_13.40.04.csv block-005@1646s reward=QoE=   77.33 pacing=0.00s eps=0.050 loss=2.8729
[ep 1806] loot         driving_B_2019.12.17_07.32.39.csv block-004@2237s reward=QoE=   14.57 pacing=0.00s eps=0.050 loss=2.7204
[ep 1807] redandblack  driving_B_2020.01.16_09.56.56.csv block-001@1419s reward=QoE=   49.29 pacing=0.00s eps=0.050 loss=2.9513
[ep 1808] soldier      static_B_2020.02.14_13.21.26.csv block-000@1020s reward=QoE=   87.25 pacing=0.00s eps=0.050 loss=2.5368
[ep 1809] longdress    driving_B_2020.02.13_13.03.24.csv block-000@360s reward=QoE=   30.72 pacing=0.00s eps=0.050 loss=2.5882
[ep 1810] loot         driving_B_2020.02.13_13.03.24.csv block-001@1034s reward=QoE=   14.88 pacing=0.00s eps=0.050 loss=2.7620
[ep 1811] redandblack  driving_B_2020.01.16_09.56.56.csv block-001@1179s reward=QoE=   38.99 pacing=0.00s eps=0.050 loss=2.7693
[ep 1812] soldier      driving_B_2020.02.13_15.02.01.csv block-000@1620s reward=QoE=    5.07 pacing=0.00s eps=0.050 loss=2.7528
[ep 1813] longdress    driving_B_2020.01.16_07.26.43.csv block-000@1860s reward=QoE=   33.29 pacing=0.00s eps=0.050 loss=2.6158
[ep 1814] loot         driving_B_2020.02.13_15.02.01.csv block-000@240s reward=QoE=   65.06 pacing=0.00s eps=0.050 loss=2.7077
[ep 1815] redandblack  driving_B_2020.01.16_12.10.03.csv block-000@300s reward=QoE=   39.79 pacing=0.00s eps=0.050 loss=2.5542
[ep 1816] soldier      driving_B_2020.02.13_13.03.24.csv block-001@1394s reward=QoE=   24.88 pacing=0.00s eps=0.050 loss=2.8705
[ep 1817] longdress    driving_B_2020.02.27_17.30.15.csv block-002@353s reward=QoE=   -0.41 pacing=0.00s eps=0.050 loss=2.4990
[ep 1818] loot         driving_B_2020.01.16_12.10.03.csv block-000@180s reward=QoE=   89.50 pacing=0.00s eps=0.050 loss=2.6591
[ep 1819] redandblack  driving_B_2019.12.17_07.32.39.csv block-000@300s reward=QoE=   52.55 pacing=0.00s eps=0.050 loss=2.6331
[ep 1820] soldier      static_B_2019.12.16_13.40.04.csv block-001@655s reward=QoE=   50.20 pacing=0.00s eps=0.050 loss=2.8541
[ep 1821] longdress    driving_B_2020.02.13_13.03.24.csv block-001@1214s reward=QoE=   32.58 pacing=0.00s eps=0.050 loss=2.7445
[ep 1822] loot         driving_B_2020.02.13_15.02.01.csv block-000@180s reward=QoE=   68.74 pacing=0.00s eps=0.050 loss=2.8602
[ep 1823] redandblack  static_B_2019.12.16_13.40.04.csv block-006@2172s reward=QoE=   82.78 pacing=1.30s eps=0.050 loss=2.9029
[ep 1824] soldier      static_B_2020.02.27_18.39.27.csv block-001@5112s reward=QoE=   53.73 pacing=0.00s eps=0.050 loss=2.8591
[ep 1825] longdress    static_B_2020.02.14_13.21.26.csv block-000@240s reward=QoE=   81.49 pacing=0.00s eps=0.050 loss=2.8684
[ep 1826] loot         driving_B_2020.02.27_17.30.15.csv block-002@353s reward=QoE=  -10.95 pacing=0.00s eps=0.050 loss=2.9737
[ep 1827] redandblack  driving_B_2020.02.14_12.58.17.csv block-002@656s reward=QoE=   53.29 pacing=0.00s eps=0.050 loss=2.8590
[ep 1828] soldier      driving_B_2020.01.16_07.26.43.csv block-000@960s reward=QoE=    6.82 pacing=0.00s eps=0.050 loss=2.7768
[ep 1829] longdress    driving_B_2019.12.16_12.27.05.csv block-000@540s reward=QoE=   -7.98 pacing=0.00s eps=0.050 loss=2.6473
[ep 1830] loot         driving_B_2020.02.14_12.58.17.csv block-000@0s reward=QoE=   35.17 pacing=0.00s eps=0.050 loss=2.8649
[ep 1831] redandblack  driving_B_2020.02.13_13.03.24.csv block-001@1574s reward=QoE=   37.25 pacing=0.00s eps=0.050 loss=2.8800
[ep 1832] soldier      driving_B_2020.02.14_09.38.22.csv block-000@1020s reward=QoE=   82.96 pacing=0.00s eps=0.050 loss=2.7081
[ep 1833] longdress    driving_B_2020.02.13_15.02.01.csv block-000@2940s reward=QoE=   25.05 pacing=0.00s eps=0.050 loss=2.6465
[ep 1834] loot         driving_B_2020.02.14_09.38.22.csv block-000@660s reward=QoE=   42.11 pacing=0.00s eps=0.050 loss=2.7675
[ep 1835] redandblack  driving_B_2020.02.14_09.38.22.csv block-000@60s reward=QoE=   35.72 pacing=0.00s eps=0.050 loss=2.6863
[ep 1836] soldier      driving_B_2020.02.13_13.03.24.csv block-000@420s reward=QoE=   23.69 pacing=0.00s eps=0.050 loss=2.9546
[ep 1837] longdress    driving_B_2020.02.13_13.03.24.csv block-000@240s reward=QoE=    7.07 pacing=0.00s eps=0.050 loss=2.8290
[ep 1838] loot         driving_B_2019.12.17_07.32.39.csv block-000@1260s reward=QoE=   14.92 pacing=0.00s eps=0.050 loss=2.8205
[ep 1839] redandblack  driving_B_2020.02.13_13.03.24.csv block-001@1754s reward=QoE=   33.71 pacing=0.00s eps=0.050 loss=2.6318
[ep 1840] soldier      driving_B_2020.02.13_15.02.01.csv block-000@2040s reward=QoE=   65.05 pacing=0.00s eps=0.050 loss=3.0659
[ep 1841] longdress    driving_B_2019.12.17_07.32.39.csv block-000@540s reward=QoE=   35.99 pacing=0.00s eps=0.050 loss=2.8347
[ep 1842] loot         driving_B_2020.02.13_15.02.01.csv block-000@2280s reward=QoE=   54.04 pacing=0.00s eps=0.050 loss=2.6957
[ep 1843] redandblack  driving_B_2020.02.14_12.58.17.csv block-002@596s reward=QoE=   30.45 pacing=0.00s eps=0.050 loss=2.7029
[ep 1844] soldier      static_B_2019.12.16_13.40.04.csv block-001@715s reward=QoE=   41.90 pacing=0.00s eps=0.050 loss=2.8404
[ep 1845] longdress    driving_B_2019.12.17_07.32.39.csv block-000@720s reward=QoE=   29.85 pacing=0.00s eps=0.050 loss=2.7230
[ep 1846] loot         driving_B_2020.02.13_15.02.01.csv block-000@0s reward=QoE=   85.50 pacing=0.00s eps=0.050 loss=2.6009
[ep 1847] redandblack  driving_B_2020.02.14_12.58.17.csv block-002@596s reward=QoE=   29.31 pacing=0.00s eps=0.050 loss=2.7018
[ep 1848] soldier      driving_B_2020.01.16_07.26.43.csv block-000@1080s reward=QoE=   34.12 pacing=0.00s eps=0.050 loss=2.7783
[ep 1849] longdress    driving_B_2020.01.16_12.10.03.csv block-000@0s reward=QoE=   80.93 pacing=0.23s eps=0.050 loss=2.4319
[ep 1850] loot         driving_B_2020.02.14_12.58.17.csv block-002@536s reward=QoE=  -38.90 pacing=0.00s eps=0.050 loss=2.9283
[ep 1851] redandblack  driving_B_2020.02.14_09.38.22.csv block-000@1440s reward=QoE=   85.96 pacing=0.45s eps=0.050 loss=2.4317
[ep 1852] soldier      driving_B_2019.12.16_12.27.05.csv block-000@660s reward=QoE=   -5.73 pacing=0.00s eps=0.050 loss=2.8475
[ep 1853] longdress    driving_B_2020.02.14_12.58.17.csv block-002@656s reward=QoE=   48.63 pacing=0.00s eps=0.050 loss=2.5082
[ep 1854] loot         static_B_2020.02.27_18.39.27.csv block-001@6012s reward=QoE=   85.67 pacing=1.15s eps=0.050 loss=2.6362
[ep 1855] redandblack  static_B_2019.12.16_13.40.04.csv block-001@1015s reward=QoE=   39.95 pacing=0.00s eps=0.050 loss=2.8332
[ep 1856] soldier      static_B_2019.12.16_13.40.04.csv block-005@1586s reward=QoE=  -38.26 pacing=0.00s eps=0.050 loss=2.7130
[ep 1857] longdress    driving_B_2019.12.16_12.27.05.csv block-000@480s reward=QoE=   18.86 pacing=0.00s eps=0.050 loss=2.9159
[ep 1858] loot         driving_B_2020.01.16_07.26.43.csv block-000@1500s reward=QoE=   26.57 pacing=0.00s eps=0.050 loss=2.8085
[ep 1859] redandblack  driving_B_2020.01.16_12.10.03.csv block-000@120s reward=QoE=   91.18 pacing=0.96s eps=0.050 loss=2.6362
[ep 1860] soldier      static_B_2020.02.14_13.21.26.csv block-000@0s reward=QoE=   46.88 pacing=0.00s eps=0.050 loss=2.4509
[ep 1861] longdress    driving_B_2020.02.13_13.03.24.csv block-000@120s reward=QoE=    5.20 pacing=0.00s eps=0.050 loss=2.7225
[ep 1862] loot         static_B_2020.02.14_13.21.26.csv block-000@480s reward=QoE=   91.14 pacing=1.05s eps=0.050 loss=2.4748
[ep 1863] redandblack  driving_B_2019.12.16_12.27.05.csv block-000@660s reward=QoE=  -20.93 pacing=0.00s eps=0.050 loss=2.5090
[ep 1864] soldier      driving_B_2020.02.14_09.38.22.csv block-000@900s reward=QoE=  -82.39 pacing=0.00s eps=0.050 loss=2.5200
[ep 1865] longdress    driving_B_2020.02.27_17.30.15.csv block-002@533s reward=QoE=  -69.24 pacing=0.00s eps=0.050 loss=2.7824
[ep 1866] loot         static_B_2020.02.14_13.21.26.csv block-000@600s reward=QoE=   91.81 pacing=0.86s eps=0.050 loss=2.5500
[ep 1867] redandblack  static_B_2019.12.16_13.40.04.csv block-005@1706s reward=QoE=   76.89 pacing=0.00s eps=0.050 loss=2.5043
[ep 1868] soldier      driving_B_2019.12.17_07.32.39.csv block-003@1894s reward=QoE=   17.60 pacing=0.00s eps=0.050 loss=2.8283
[ep 1869] longdress    static_B_2020.02.14_13.21.26.csv block-000@960s reward=QoE=   55.00 pacing=0.00s eps=0.050 loss=2.7837
[ep 1870] loot         driving_B_2019.12.17_07.32.39.csv block-000@1140s reward=QoE=   51.97 pacing=0.00s eps=0.050 loss=2.5607
[ep 1871] redandblack  driving_B_2019.12.16_12.27.05.csv block-000@180s reward=QoE=   38.88 pacing=0.00s eps=0.050 loss=2.6137
[ep 1872] soldier      static_B_2020.02.14_13.21.26.csv block-000@660s reward=QoE=   89.29 pacing=0.03s eps=0.050 loss=2.5387
[ep 1873] longdress    driving_B_2020.01.16_07.26.43.csv block-000@1560s reward=QoE=   31.46 pacing=0.00s eps=0.050 loss=2.7008
[ep 1874] loot         static_B_2020.02.14_13.21.26.csv block-000@300s reward=QoE=   57.60 pacing=0.00s eps=0.050 loss=2.7925
[ep 1875] redandblack  driving_B_2020.02.13_13.03.24.csv block-001@974s reward=QoE=    8.16 pacing=0.00s eps=0.050 loss=2.6769
[ep 1876] soldier      driving_B_2020.02.27_17.30.15.csv block-002@533s reward=QoE=  -90.45 pacing=0.00s eps=0.050 loss=2.7556
[ep 1877] longdress    driving_B_2020.01.16_07.26.43.csv block-000@540s reward=QoE=   28.12 pacing=0.00s eps=0.050 loss=2.4592
[ep 1878] loot         static_B_2020.02.14_13.21.26.csv block-000@420s reward=QoE=   81.25 pacing=0.00s eps=0.050 loss=2.7007
[ep 1879] redandblack  driving_B_2020.02.13_13.03.24.csv block-000@60s reward=QoE=   40.20 pacing=0.00s eps=0.050 loss=2.5901
[ep 1880] soldier      driving_B_2020.01.16_07.26.43.csv block-000@120s reward=QoE=   25.99 pacing=0.00s eps=0.050 loss=2.9146
[ep 1881] longdress    driving_B_2020.01.16_12.10.03.csv block-000@60s reward=QoE=   53.75 pacing=0.00s eps=0.050 loss=2.5673
[ep 1882] loot         driving_B_2020.02.14_12.58.17.csv block-002@536s reward=QoE=  -27.68 pacing=0.00s eps=0.050 loss=2.5520
[ep 1883] redandblack  driving_B_2019.12.17_07.32.39.csv block-003@1654s reward=QoE=   34.73 pacing=0.00s eps=0.050 loss=2.5050
[ep 1884] soldier      static_B_2020.02.27_18.39.27.csv block-001@792s reward=QoE=   66.56 pacing=0.00s eps=0.050 loss=2.5893
[ep 1885] longdress    driving_B_2019.12.16_12.27.05.csv block-000@180s reward=QoE=   27.77 pacing=0.00s eps=0.050 loss=2.7405
[ep 1886] loot         static_B_2020.02.27_18.39.27.csv block-001@1812s reward=QoE=   52.04 pacing=0.00s eps=0.050 loss=2.7391
[ep 1887] redandblack  static_B_2019.12.16_13.40.04.csv block-001@775s reward=QoE=   88.69 pacing=0.90s eps=0.050 loss=2.7806
[ep 1888] soldier      driving_B_2020.02.13_13.03.24.csv block-000@480s reward=QoE=   23.58 pacing=0.00s eps=0.050 loss=2.8538
[ep 1889] longdress    driving_B_2020.02.27_17.30.15.csv block-002@533s reward=QoE=  -62.21 pacing=0.00s eps=0.050 loss=2.5604
[ep 1890] loot         driving_B_2020.01.16_07.26.43.csv block-000@420s reward=QoE=   32.67 pacing=0.00s eps=0.050 loss=2.5481
[ep 1891] redandblack  driving_B_2020.02.13_13.03.24.csv block-000@180s reward=QoE=   29.28 pacing=0.00s eps=0.050 loss=2.3924
[ep 1892] soldier      driving_B_2020.02.14_12.58.17.csv block-002@596s reward=QoE=   27.91 pacing=0.00s eps=0.050 loss=2.5689
[ep 1893] longdress    driving_B_2020.02.13_13.03.24.csv block-000@660s reward=QoE=   33.18 pacing=0.00s eps=0.050 loss=2.8519
[ep 1894] loot         driving_B_2019.12.16_12.27.05.csv block-000@360s reward=QoE=   30.77 pacing=0.00s eps=0.050 loss=2.8154
[ep 1895] redandblack  static_B_2019.12.16_13.40.04.csv block-000@420s reward=QoE=   66.08 pacing=0.00s eps=0.050 loss=2.5267
[ep 1896] soldier      driving_B_2020.02.27_17.30.15.csv block-002@293s reward=QoE= -237.83 pacing=0.00s eps=0.050 loss=2.7798
[ep 1897] longdress    driving_B_2020.02.14_12.58.17.csv block-002@716s reward=QoE=   20.98 pacing=0.00s eps=0.050 loss=2.4864
[ep 1898] loot         driving_B_2019.12.17_07.32.39.csv block-000@360s reward=QoE=   42.91 pacing=0.00s eps=0.050 loss=2.4420
[ep 1899] redandblack  driving_B_2020.02.14_12.58.17.csv block-002@596s reward=QoE=   32.81 pacing=0.00s eps=0.050 loss=2.9925
[ep 1900] soldier      driving_B_2020.02.13_15.02.01.csv block-000@660s reward=QoE=   46.53 pacing=0.00s eps=0.050 loss=2.6183
[ep 1901] longdress    static_B_2019.12.16_13.40.04.csv block-005@1406s reward=QoE=   69.14 pacing=0.00s eps=0.050 loss=3.0909
[ep 1902] loot         driving_B_2020.01.16_12.10.03.csv block-000@120s reward=QoE=   88.44 pacing=0.94s eps=0.050 loss=2.7307
[ep 1903] redandblack  driving_B_2019.12.17_07.32.39.csv block-000@660s reward=QoE=   27.88 pacing=0.00s eps=0.050 loss=2.6484
[ep 1904] soldier      driving_B_2020.02.27_17.30.15.csv block-002@353s reward=QoE=  -24.01 pacing=0.00s eps=0.050 loss=2.5406
[ep 1905] longdress    static_B_2020.02.27_18.39.27.csv block-001@1692s reward=QoE=   47.05 pacing=0.00s eps=0.050 loss=2.6418
[ep 1906] loot         static_B_2020.02.14_13.21.26.csv block-000@660s reward=QoE=   90.06 pacing=0.93s eps=0.050 loss=2.7362
[ep 1907] redandblack  driving_B_2020.02.27_17.30.15.csv block-002@353s reward=QoE=  -14.93 pacing=0.00s eps=0.050 loss=2.9254
[ep 1908] soldier      static_B_2019.12.16_13.40.04.csv block-005@1826s reward=QoE=   56.89 pacing=0.00s eps=0.050 loss=2.8258
[ep 1909] longdress    static_B_2020.02.27_18.39.27.csv block-001@4272s reward=QoE=   84.48 pacing=0.00s eps=0.050 loss=2.5946
[ep 1910] loot         static_B_2020.02.14_13.21.26.csv block-000@720s reward=QoE=   76.04 pacing=0.00s eps=0.050 loss=2.6853
[ep 1911] redandblack  driving_B_2020.01.16_07.26.43.csv block-000@1620s reward=QoE=   30.64 pacing=0.00s eps=0.050 loss=2.7632
[ep 1912] soldier      static_B_2019.12.16_13.40.04.csv block-005@1526s reward=QoE=   46.96 pacing=0.00s eps=0.050 loss=2.6637
[ep 1913] longdress    driving_B_2020.02.14_12.58.17.csv block-000@0s reward=QoE=   29.18 pacing=0.00s eps=0.050 loss=2.8019
[ep 1914] loot         driving_B_2020.01.16_09.56.56.csv block-001@1239s reward=QoE=   42.99 pacing=0.00s eps=0.050 loss=2.7247
[ep 1915] redandblack  driving_B_2020.01.16_12.10.03.csv block-000@360s reward=QoE=   68.65 pacing=0.00s eps=0.050 loss=2.7555
[ep 1916] soldier      driving_B_2020.02.13_15.02.01.csv block-000@2640s reward=QoE= -132.92 pacing=0.00s eps=0.050 loss=2.3636
[ep 1917] longdress    static_B_2020.02.27_18.39.27.csv block-001@2952s reward=QoE=   69.76 pacing=0.00s eps=0.050 loss=2.6416
[ep 1918] loot         driving_B_2019.12.16_12.27.05.csv block-000@60s reward=QoE=   34.85 pacing=0.00s eps=0.050 loss=2.6374
[ep 1919] redandblack  driving_B_2020.02.14_09.38.22.csv block-000@960s reward=QoE=   64.18 pacing=0.00s eps=0.050 loss=2.9834
[ep 1920] soldier      driving_B_2020.01.16_07.26.43.csv block-000@0s reward=QoE=    9.59 pacing=0.00s eps=0.050 loss=2.9520
[ep 1921] longdress    driving_B_2020.02.14_09.38.22.csv block-000@420s reward=QoE=   27.38 pacing=0.00s eps=0.050 loss=2.6236
[ep 1922] loot         driving_B_2020.01.16_12.10.03.csv block-000@120s reward=QoE=   82.21 pacing=1.10s eps=0.050 loss=2.8719
[ep 1923] redandblack  driving_B_2019.12.16_12.27.05.csv block-000@900s reward=QoE=   86.28 pacing=0.04s eps=0.050 loss=2.7269
[ep 1924] soldier      static_B_2019.12.16_13.40.04.csv block-001@1075s reward=QoE=   34.41 pacing=0.00s eps=0.050 loss=2.7824
[ep 1925] longdress    static_B_2019.12.16_13.40.04.csv block-000@300s reward=QoE=   25.37 pacing=0.00s eps=0.050 loss=2.6198
[ep 1926] loot         driving_B_2020.02.14_12.58.17.csv block-002@596s reward=QoE=   30.31 pacing=0.00s eps=0.050 loss=2.6195
[ep 1927] redandblack  driving_B_2020.02.14_09.38.22.csv block-000@360s reward=QoE=   28.52 pacing=0.00s eps=0.050 loss=2.8037
[ep 1928] soldier      driving_B_2020.01.16_07.26.43.csv block-000@300s reward=QoE=   42.11 pacing=0.00s eps=0.050 loss=2.7295
[ep 1929] longdress    static_B_2020.02.14_13.21.26.csv block-000@180s reward=QoE=   83.02 pacing=0.00s eps=0.050 loss=2.8700
[ep 1930] loot         driving_B_2020.01.16_09.56.56.csv block-001@1719s reward=QoE=   67.66 pacing=0.00s eps=0.050 loss=2.7605
[ep 1931] redandblack  driving_B_2020.02.13_13.03.24.csv block-000@540s reward=QoE=   23.80 pacing=0.00s eps=0.050 loss=2.9077
[ep 1932] soldier      driving_B_2019.12.16_12.27.05.csv block-000@240s reward=QoE=   33.31 pacing=0.00s eps=0.050 loss=3.0694
[ep 1933] longdress    driving_B_2019.12.16_12.27.05.csv block-000@1260s reward=QoE=   85.50 pacing=0.86s eps=0.050 loss=2.5287
[ep 1934] loot         driving_B_2020.01.16_12.10.03.csv block-000@300s reward=QoE=   38.84 pacing=0.00s eps=0.050 loss=2.7632
[ep 1935] redandblack  driving_B_2020.01.16_09.56.56.csv block-001@1359s reward=QoE=   34.01 pacing=0.00s eps=0.050 loss=2.5738
[ep 1936] soldier      driving_B_2019.12.17_07.32.39.csv block-004@2297s reward=QoE=   69.44 pacing=0.00s eps=0.050 loss=2.8243
[ep 1937] longdress    driving_B_2020.01.16_09.56.56.csv block-001@819s reward=QoE=   50.94 pacing=0.00s eps=0.050 loss=2.6173
[ep 1938] loot         driving_B_2020.01.16_12.10.03.csv block-000@300s reward=QoE=   40.42 pacing=0.00s eps=0.050 loss=2.5646
[ep 1939] redandblack  driving_B_2020.01.16_09.56.56.csv block-001@879s reward=QoE=   63.41 pacing=0.00s eps=0.050 loss=2.8129
[ep 1940] soldier      driving_B_2020.02.13_15.02.01.csv block-000@1500s reward=QoE=  -80.31 pacing=0.00s eps=0.050 loss=2.7563
[ep 1941] longdress    driving_B_2020.02.13_13.03.24.csv block-001@1274s reward=QoE=   25.68 pacing=0.00s eps=0.050 loss=2.8217
[ep 1942] loot         static_B_2019.12.16_13.40.04.csv block-001@595s reward=QoE=   84.19 pacing=0.00s eps=0.050 loss=2.7552
[ep 1943] redandblack  driving_B_2020.02.14_12.58.17.csv block-002@536s reward=QoE=  -19.94 pacing=0.00s eps=0.050 loss=2.7339
[ep 1944] soldier      driving_B_2020.02.13_13.03.24.csv block-001@1154s reward=QoE=   18.36 pacing=0.00s eps=0.050 loss=2.4057
[ep 1945] longdress    driving_B_2020.02.27_17.30.15.csv block-002@413s reward=QoE=   29.98 pacing=0.00s eps=0.050 loss=2.9777
[ep 1946] loot         driving_B_2020.01.16_12.10.03.csv block-000@360s reward=QoE=   73.87 pacing=0.00s eps=0.050 loss=2.8838
[ep 1947] redandblack  driving_B_2020.01.16_09.56.56.csv block-001@1479s reward=QoE=   61.84 pacing=0.00s eps=0.050 loss=2.9172
[ep 1948] soldier      driving_B_2020.02.13_13.03.24.csv block-001@1334s reward=QoE=    5.76 pacing=0.00s eps=0.050 loss=2.5991
[ep 1949] longdress    driving_B_2020.02.13_15.02.01.csv block-000@1140s reward=QoE=   77.89 pacing=0.00s eps=0.050 loss=2.8050
[ep 1950] loot         driving_B_2020.01.16_09.56.56.csv block-000@0s reward=QoE=   50.91 pacing=0.00s eps=0.050 loss=2.9486
[ep 1951] redandblack  driving_B_2019.12.16_12.27.05.csv block-000@1020s reward=QoE=   83.86 pacing=0.00s eps=0.050 loss=2.7666
[ep 1952] soldier      driving_B_2020.02.14_12.58.17.csv block-002@716s reward=QoE=   19.51 pacing=0.00s eps=0.050 loss=2.6599
[ep 1953] longdress    driving_B_2019.12.16_12.27.05.csv block-000@60s reward=QoE=   32.64 pacing=0.00s eps=0.050 loss=2.9217
[ep 1954] loot         driving_B_2019.12.16_12.27.05.csv block-000@1020s reward=QoE=   84.43 pacing=0.00s eps=0.050 loss=2.4305
[ep 1955] redandblack  static_B_2019.12.16_13.40.04.csv block-000@60s reward=QoE=   53.03 pacing=0.00s eps=0.050 loss=2.6374
[ep 1956] soldier      driving_B_2020.02.27_17.30.15.csv block-002@473s reward=QoE= -201.59 pacing=0.00s eps=0.050 loss=2.6556
[ep 1957] longdress    driving_B_2020.01.16_09.56.56.csv block-001@759s reward=QoE=   35.66 pacing=0.00s eps=0.050 loss=2.6830
[ep 1958] loot         static_B_2020.02.27_18.39.27.csv block-001@372s reward=QoE=   86.93 pacing=0.00s eps=0.050 loss=2.4655
[ep 1959] redandblack  driving_B_2020.02.14_12.58.17.csv block-002@536s reward=QoE= -103.14 pacing=0.00s eps=0.050 loss=2.8953
[ep 1960] soldier      driving_B_2020.02.14_09.38.22.csv block-000@840s reward=QoE=   -3.81 pacing=0.00s eps=0.050 loss=2.7396
[ep 1961] longdress    static_B_2019.12.16_13.40.04.csv block-005@1946s reward=QoE=   77.24 pacing=0.00s eps=0.050 loss=2.6338
[ep 1962] loot         driving_B_2020.01.16_09.56.56.csv block-000@0s reward=QoE=   46.50 pacing=0.00s eps=0.050 loss=2.6658
[ep 1963] redandblack  driving_B_2019.12.16_12.27.05.csv block-000@720s reward=QoE=   24.09 pacing=0.00s eps=0.050 loss=2.8811
[ep 1964] soldier      driving_B_2020.01.16_12.10.03.csv block-000@180s reward=QoE=   82.88 pacing=0.00s eps=0.050 loss=2.7670
[ep 1965] longdress    driving_B_2020.01.16_12.10.03.csv block-000@180s reward=QoE=   75.72 pacing=0.00s eps=0.050 loss=2.6262
[ep 1966] loot         driving_B_2020.01.16_12.10.03.csv block-000@240s reward=QoE=   90.95 pacing=0.73s eps=0.050 loss=2.6017
[ep 1967] redandblack  static_B_2020.02.14_13.21.26.csv block-000@600s reward=QoE=   90.28 pacing=0.66s eps=0.050 loss=2.7085
[ep 1968] soldier      driving_B_2020.02.14_09.38.22.csv block-000@1500s reward=QoE=  -17.07 pacing=0.00s eps=0.050 loss=2.6790
[ep 1969] longdress    driving_B_2020.02.14_09.38.22.csv block-000@1380s reward=QoE=   24.96 pacing=0.00s eps=0.050 loss=2.7746
[ep 1970] loot         driving_B_2019.12.16_12.27.05.csv block-000@1080s reward=QoE=   83.88 pacing=0.00s eps=0.050 loss=2.5628
[ep 1971] redandblack  driving_B_2020.02.14_12.58.17.csv block-002@716s reward=QoE=   28.88 pacing=0.00s eps=0.050 loss=2.7262
[ep 1972] soldier      driving_B_2020.02.14_12.58.17.csv block-002@716s reward=QoE=   20.19 pacing=0.00s eps=0.050 loss=2.7882
[ep 1973] longdress    driving_B_2020.02.27_17.30.15.csv block-002@473s reward=QoE= -248.97 pacing=0.00s eps=0.050 loss=2.6470
[ep 1974] loot         driving_B_2020.02.27_17.30.15.csv block-002@473s reward=QoE= -262.10 pacing=0.00s eps=0.050 loss=2.6982
[ep 1975] redandblack  static_B_2019.12.16_13.40.04.csv block-000@0s reward=QoE=   68.87 pacing=0.00s eps=0.050 loss=2.6371
[ep 1976] soldier      static_B_2019.12.16_13.40.04.csv block-001@835s reward=QoE=   88.58 pacing=0.00s eps=0.050 loss=2.7808
[ep 1977] longdress    driving_B_2020.02.14_12.58.17.csv block-000@0s reward=QoE=   21.60 pacing=0.00s eps=0.050 loss=2.3891
[ep 1978] loot         static_B_2020.02.27_18.39.27.csv block-001@492s reward=QoE=   62.70 pacing=0.00s eps=0.050 loss=2.8809
[ep 1979] redandblack  driving_B_2020.02.14_12.58.17.csv block-002@536s reward=QoE=  -26.90 pacing=0.00s eps=0.050 loss=3.0881
[ep 1980] soldier      driving_B_2020.02.13_13.03.24.csv block-007@2290s reward=QoE= -170.80 pacing=0.00s eps=0.050 loss=2.6785
[ep 1981] longdress    driving_B_2020.01.16_09.56.56.csv block-001@639s reward=QoE=   60.61 pacing=0.00s eps=0.050 loss=2.5672
[ep 1982] loot         driving_B_2020.02.27_17.30.15.csv block-002@293s reward=QoE= -152.22 pacing=0.00s eps=0.050 loss=2.8163
[ep 1983] redandblack  driving_B_2019.12.17_07.32.39.csv block-003@1954s reward=QoE=   31.28 pacing=0.00s eps=0.050 loss=2.7451
[ep 1984] soldier      driving_B_2020.02.14_12.58.17.csv block-002@656s reward=QoE=   41.58 pacing=0.00s eps=0.050 loss=2.6498
[ep 1985] longdress    driving_B_2020.02.27_17.30.15.csv block-002@293s reward=QoE= -165.75 pacing=0.00s eps=0.050 loss=2.9795
[ep 1986] loot         driving_B_2020.01.16_07.26.43.csv block-000@480s reward=QoE=   29.87 pacing=0.00s eps=0.050 loss=2.5203
[ep 1987] redandblack  driving_B_2020.02.27_17.30.15.csv block-002@473s reward=QoE= -219.93 pacing=0.00s eps=0.050 loss=2.7018
[ep 1988] soldier      static_B_2020.02.27_18.39.27.csv block-001@3372s reward=QoE=   56.89 pacing=0.00s eps=0.050 loss=2.8470
[ep 1989] longdress    driving_B_2019.12.16_12.27.05.csv block-000@1140s reward=QoE=   52.13 pacing=0.00s eps=0.050 loss=2.6213
[ep 1990] loot         driving_B_2020.01.16_07.26.43.csv block-000@1140s reward=QoE=   48.72 pacing=0.00s eps=0.050 loss=2.3925
[ep 1991] redandblack  driving_B_2020.01.16_12.10.03.csv block-000@0s reward=QoE=   84.36 pacing=0.82s eps=0.050 loss=2.8682
[ep 1992] soldier      driving_B_2020.02.14_12.58.17.csv block-002@656s reward=QoE=   41.14 pacing=0.00s eps=0.050 loss=2.7371
[ep 1993] longdress    driving_B_2020.01.16_07.26.43.csv block-000@1740s reward=QoE=  -36.42 pacing=0.00s eps=0.050 loss=2.6756
[ep 1994] loot         driving_B_2020.02.14_12.58.17.csv block-002@656s reward=QoE=   53.94 pacing=0.00s eps=0.050 loss=2.8123
[ep 1995] redandblack  driving_B_2020.01.16_12.10.03.csv block-000@240s reward=QoE=   89.73 pacing=0.67s eps=0.050 loss=2.6450
[ep 1996] soldier      static_B_2020.02.27_18.39.27.csv block-001@3792s reward=QoE=   79.76 pacing=0.00s eps=0.050 loss=2.3985
[ep 1997] longdress    driving_B_2020.02.14_12.58.17.csv block-002@596s reward=QoE=   27.81 pacing=0.00s eps=0.050 loss=2.7884
[ep 1998] loot         driving_B_2020.01.16_12.10.03.csv block-000@60s reward=QoE=   57.03 pacing=0.00s eps=0.050 loss=2.8183
[ep 1999] redandblack  static_B_2020.02.27_18.39.27.csv block-001@4212s reward=QoE=   86.36 pacing=1.09s eps=0.050 loss=2.8580
[ep 2000] soldier      driving_B_2020.02.14_09.38.22.csv block-000@540s reward=QoE=   22.35 pacing=0.00s eps=0.050 loss=2.5406
    [eval @ ep 2000] reward=QoE=46.59 mean_q=0.598 stall=1.0s
[ep 2001] longdress    static_B_2020.02.14_13.21.26.csv block-000@360s reward=QoE=   66.08 pacing=0.00s eps=0.050 loss=2.8668
[ep 2002] loot         driving_B_2020.01.16_09.56.56.csv block-001@999s reward=QoE=   16.85 pacing=0.00s eps=0.050 loss=2.8074
[ep 2003] redandblack  driving_B_2020.02.13_15.02.01.csv block-000@120s reward=QoE=   89.70 pacing=0.96s eps=0.050 loss=3.0736
[ep 2004] soldier      driving_B_2020.01.16_07.26.43.csv block-000@660s reward=QoE=   14.58 pacing=0.00s eps=0.050 loss=2.8873
[ep 2005] longdress    static_B_2019.12.16_13.40.04.csv block-001@1135s reward=QoE=   49.84 pacing=0.00s eps=0.050 loss=2.8827
[ep 2006] loot         static_B_2019.12.16_13.40.04.csv block-005@1766s reward=QoE=   84.35 pacing=1.07s eps=0.050 loss=3.1601
[ep 2007] redandblack  driving_B_2019.12.17_07.32.39.csv block-003@1594s reward=QoE=   18.69 pacing=0.00s eps=0.050 loss=2.8803
[ep 2008] soldier      driving_B_2020.02.14_09.38.22.csv block-000@1140s reward=QoE=  -12.76 pacing=0.00s eps=0.050 loss=2.9883
[ep 2009] longdress    driving_B_2020.02.14_09.38.22.csv block-000@300s reward=QoE=  -61.13 pacing=0.00s eps=0.050 loss=2.8855
[ep 2010] loot         driving_B_2020.02.27_17.30.15.csv block-002@473s reward=QoE= -160.13 pacing=0.00s eps=0.050 loss=2.7142
[ep 2011] redandblack  driving_B_2019.12.16_12.27.05.csv block-000@420s reward=QoE= -111.97 pacing=0.00s eps=0.050 loss=2.9664
[ep 2012] soldier      driving_B_2020.02.14_09.38.22.csv block-000@1020s reward=QoE=   81.95 pacing=0.00s eps=0.050 loss=3.1194
[ep 2013] longdress    driving_B_2020.01.16_12.10.03.csv block-000@180s reward=QoE=   76.40 pacing=0.00s eps=0.050 loss=3.0052
[ep 2014] loot         driving_B_2019.12.17_07.32.39.csv block-000@120s reward=QoE=   40.56 pacing=0.00s eps=0.050 loss=2.6136
[ep 2015] redandblack  driving_B_2020.02.13_15.02.01.csv block-000@600s reward=QoE=   46.49 pacing=0.00s eps=0.050 loss=2.9518
[ep 2016] soldier      static_B_2020.02.27_18.39.27.csv block-001@1572s reward=QoE=   85.85 pacing=0.00s eps=0.050 loss=2.8126
[ep 2017] longdress    static_B_2019.12.16_13.40.04.csv block-000@240s reward=QoE=   48.66 pacing=0.00s eps=0.050 loss=3.0551
[ep 2018] loot         driving_B_2020.01.16_09.56.56.csv block-001@759s reward=QoE=   18.59 pacing=0.00s eps=0.050 loss=2.7318
[ep 2019] redandblack  static_B_2020.02.14_13.21.26.csv block-000@780s reward=QoE=   84.17 pacing=0.00s eps=0.050 loss=2.6516
[ep 2020] soldier      driving_B_2019.12.16_12.27.05.csv block-000@1200s reward=QoE=   13.07 pacing=0.00s eps=0.050 loss=2.9383
[ep 2021] longdress    driving_B_2020.02.14_09.38.22.csv block-000@240s reward=QoE=   22.64 pacing=0.00s eps=0.050 loss=3.2854
[ep 2022] loot         driving_B_2020.02.13_15.02.01.csv block-000@1080s reward=QoE=   12.37 pacing=0.00s eps=0.050 loss=2.9223
[ep 2023] redandblack  driving_B_2020.01.16_09.56.56.csv block-001@1119s reward=QoE=   81.94 pacing=1.02s eps=0.050 loss=2.8621
[ep 2024] soldier      driving_B_2020.02.13_13.03.24.csv block-001@1634s reward=QoE=   24.70 pacing=0.00s eps=0.050 loss=2.9902
[ep 2025] longdress    driving_B_2020.01.16_12.10.03.csv block-000@60s reward=QoE=   50.62 pacing=0.00s eps=0.050 loss=2.7751
[ep 2026] loot         driving_B_2020.01.16_07.26.43.csv block-000@1320s reward=QoE=   35.93 pacing=0.00s eps=0.050 loss=2.7270
[ep 2027] redandblack  driving_B_2020.01.16_07.26.43.csv block-000@720s reward=QoE=   11.63 pacing=0.00s eps=0.050 loss=2.6534
[ep 2028] soldier      static_B_2020.02.14_13.21.26.csv block-000@900s reward=QoE=   58.02 pacing=0.00s eps=0.050 loss=3.0281
[ep 2029] longdress    driving_B_2020.02.13_15.02.01.csv block-000@2880s reward=QoE=   61.41 pacing=0.00s eps=0.050 loss=2.7591
[ep 2030] loot         driving_B_2020.02.27_17.30.15.csv block-002@413s reward=QoE=   -8.44 pacing=0.00s eps=0.050 loss=2.8560
[ep 2031] redandblack  driving_B_2019.12.17_07.32.39.csv block-004@2537s reward=QoE=   87.27 pacing=1.40s eps=0.050 loss=2.6617
[ep 2032] soldier      static_B_2020.02.27_18.39.27.csv block-001@5832s reward=QoE=   87.12 pacing=0.43s eps=0.050 loss=2.7844
[ep 2033] longdress    driving_B_2020.01.16_12.10.03.csv block-000@120s reward=QoE=   83.70 pacing=0.00s eps=0.050 loss=2.7925
[ep 2034] loot         driving_B_2020.02.14_09.38.22.csv block-000@180s reward=QoE=   -9.24 pacing=0.00s eps=0.050 loss=2.9664
[ep 2035] redandblack  driving_B_2020.02.13_15.02.01.csv block-000@1800s reward=QoE=  -32.09 pacing=0.00s eps=0.050 loss=2.7282
[ep 2036] soldier      driving_B_2019.12.17_07.32.39.csv block-003@2014s reward=QoE=  -12.46 pacing=0.00s eps=0.050 loss=2.9628
[ep 2037] longdress    driving_B_2020.01.16_09.56.56.csv block-001@1539s reward=QoE=   44.52 pacing=0.00s eps=0.050 loss=2.9758
[ep 2038] loot         driving_B_2020.02.27_17.30.15.csv block-002@353s reward=QoE=  -23.23 pacing=0.00s eps=0.050 loss=2.8450
[ep 2039] redandblack  driving_B_2020.02.27_17.30.15.csv block-002@533s reward=QoE=  -62.96 pacing=0.00s eps=0.050 loss=2.7001
[ep 2040] soldier      driving_B_2020.02.14_12.58.17.csv block-002@536s reward=QoE= -180.02 pacing=0.00s eps=0.050 loss=2.8934
[ep 2041] longdress    driving_B_2020.01.16_09.56.56.csv block-000@60s reward=QoE=   17.11 pacing=0.00s eps=0.050 loss=2.7705
[ep 2042] loot         static_B_2020.02.27_18.39.27.csv block-001@3492s reward=QoE=   53.27 pacing=0.00s eps=0.050 loss=2.8390
[ep 2043] redandblack  static_B_2019.12.16_13.40.04.csv block-005@1886s reward=QoE=   56.12 pacing=0.00s eps=0.050 loss=2.4585
[ep 2044] soldier      driving_B_2019.12.16_12.27.05.csv block-000@960s reward=QoE=   80.14 pacing=0.00s eps=0.050 loss=3.0574
[ep 2045] longdress    driving_B_2020.02.13_15.02.01.csv block-000@840s reward=QoE=   28.96 pacing=0.00s eps=0.050 loss=2.7539
[ep 2046] loot         driving_B_2020.02.14_12.58.17.csv block-002@716s reward=QoE=   29.28 pacing=0.00s eps=0.050 loss=2.6823
[ep 2047] redandblack  driving_B_2020.02.27_17.30.15.csv block-002@413s reward=QoE=    7.09 pacing=0.00s eps=0.050 loss=3.0505
[ep 2048] soldier      driving_B_2020.01.16_09.56.56.csv block-001@1599s reward=QoE=   67.89 pacing=0.00s eps=0.050 loss=2.6148
[ep 2049] longdress    static_B_2019.12.16_13.40.04.csv block-005@1346s reward=QoE=  -46.95 pacing=0.00s eps=0.050 loss=2.9273
[ep 2050] loot         driving_B_2020.02.13_15.02.01.csv block-000@1860s reward=QoE=   16.08 pacing=0.00s eps=0.050 loss=3.1815
[ep 2051] redandblack  driving_B_2020.02.27_17.30.15.csv block-002@293s reward=QoE= -153.09 pacing=0.00s eps=0.050 loss=3.1950
[ep 2052] soldier      driving_B_2020.02.14_09.38.22.csv block-000@780s reward=QoE=   63.77 pacing=0.00s eps=0.050 loss=2.9206
[ep 2053] longdress    driving_B_2020.01.16_09.56.56.csv block-001@1359s reward=QoE=   17.02 pacing=0.00s eps=0.050 loss=2.9557
[ep 2054] loot         static_B_2020.02.27_18.39.27.csv block-001@6552s reward=QoE=   84.98 pacing=0.18s eps=0.050 loss=2.8385
[ep 2055] redandblack  driving_B_2019.12.17_07.32.39.csv block-000@1020s reward=QoE=   22.24 pacing=0.00s eps=0.050 loss=3.0689
[ep 2056] soldier      driving_B_2020.01.16_12.10.03.csv block-000@60s reward=QoE=   51.20 pacing=0.00s eps=0.050 loss=2.8872
[ep 2057] longdress    static_B_2020.02.27_18.39.27.csv block-001@5712s reward=QoE=   68.87 pacing=0.00s eps=0.050 loss=3.0414
[ep 2058] loot         driving_B_2020.02.14_12.58.17.csv block-000@0s reward=QoE=   30.01 pacing=0.00s eps=0.050 loss=2.8979
[ep 2059] redandblack  static_B_2020.02.27_18.39.27.csv block-001@1332s reward=QoE=    7.43 pacing=0.00s eps=0.050 loss=3.0739
[ep 2060] soldier      static_B_2020.02.14_13.21.26.csv block-000@60s reward=QoE=   85.23 pacing=0.04s eps=0.050 loss=3.0480
[ep 2061] longdress    static_B_2020.02.27_18.39.27.csv block-001@6252s reward=QoE=   75.73 pacing=0.00s eps=0.050 loss=2.9159
[ep 2062] loot         driving_B_2020.01.16_09.56.56.csv block-000@360s reward=QoE=   55.47 pacing=0.00s eps=0.050 loss=2.9903
[ep 2063] redandblack  driving_B_2020.02.27_17.30.15.csv block-002@293s reward=QoE= -173.53 pacing=0.00s eps=0.050 loss=3.0045
[ep 2064] soldier      driving_B_2020.02.13_15.02.01.csv block-000@720s reward=QoE=   22.01 pacing=0.00s eps=0.050 loss=2.9597
[ep 2065] longdress    driving_B_2019.12.16_12.27.05.csv block-000@0s reward=QoE=   32.38 pacing=0.00s eps=0.050 loss=2.8546
[ep 2066] loot         driving_B_2019.12.16_12.27.05.csv block-000@720s reward=QoE=   20.21 pacing=0.00s eps=0.050 loss=2.7957
[ep 2067] redandblack  driving_B_2020.02.14_12.58.17.csv block-002@716s reward=QoE=   31.33 pacing=0.00s eps=0.050 loss=2.9518
[ep 2068] soldier      driving_B_2020.01.16_07.26.43.csv block-000@600s reward=QoE=   14.26 pacing=0.00s eps=0.050 loss=2.5632
[ep 2069] longdress    driving_B_2020.02.14_12.58.17.csv block-002@656s reward=QoE=   29.26 pacing=0.00s eps=0.050 loss=2.7465
[ep 2070] loot         driving_B_2020.01.16_09.56.56.csv block-001@579s reward=QoE=   56.01 pacing=0.00s eps=0.050 loss=2.7804
[ep 2071] redandblack  driving_B_2020.02.27_17.30.15.csv block-002@413s reward=QoE=   11.21 pacing=0.00s eps=0.050 loss=2.9083
[ep 2072] soldier      driving_B_2020.02.27_17.30.15.csv block-002@293s reward=QoE=  -96.20 pacing=0.00s eps=0.050 loss=3.0587
[ep 2073] longdress    driving_B_2019.12.17_07.32.39.csv block-000@1380s reward=QoE=   37.73 pacing=0.00s eps=0.050 loss=2.7521
[ep 2074] loot         driving_B_2020.01.16_09.56.56.csv block-001@519s reward=QoE=   41.88 pacing=0.00s eps=0.050 loss=2.7165
[ep 2075] redandblack  driving_B_2020.02.13_15.02.01.csv block-000@360s reward=QoE=   63.48 pacing=0.00s eps=0.050 loss=2.5578
[ep 2076] soldier      driving_B_2020.01.16_09.56.56.csv block-000@300s reward=QoE=   86.99 pacing=0.00s eps=0.050 loss=2.9996
[ep 2077] longdress    driving_B_2020.01.16_09.56.56.csv block-001@1059s reward=QoE=   31.15 pacing=0.00s eps=0.050 loss=2.8166
[ep 2078] loot         static_B_2020.02.14_13.21.26.csv block-000@1080s reward=QoE=   89.21 pacing=0.00s eps=0.050 loss=2.8406
[ep 2079] redandblack  driving_B_2019.12.17_07.32.39.csv block-004@2357s reward=QoE=   13.40 pacing=0.00s eps=0.050 loss=2.9418
[ep 2080] soldier      driving_B_2019.12.17_07.32.39.csv block-004@2417s reward=QoE=   23.82 pacing=0.00s eps=0.050 loss=2.8392
[ep 2081] loot         driving_B_2020.01.16_09.56.56.csv block-001@1419s reward=QoE=   40.90 pacing=0.00s eps=0.050 loss=2.8239
[ep 2082] redandblack  static_B_2020.02.14_13.21.26.csv block-000@840s reward=QoE=   86.53 pacing=0.98s eps=0.050 loss=2.9120
[ep 2083] soldier      driving_B_2019.12.17_07.32.39.csv block-003@1894s reward=QoE=    8.73 pacing=0.00s eps=0.050 loss=2.9536
[ep 2084] longdress    driving_B_2020.02.14_12.58.17.csv block-000@0s reward=QoE=   23.39 pacing=0.00s eps=0.050 loss=2.6929
[ep 2085] loot         driving_B_2020.02.13_13.03.24.csv block-001@1574s reward=QoE=   24.88 pacing=0.00s eps=0.050 loss=2.8431
[ep 2086] redandblack  static_B_2020.02.14_13.21.26.csv block-000@240s reward=QoE=   90.25 pacing=0.91s eps=0.050 loss=2.9174
[ep 2087] soldier      driving_B_2019.12.16_12.27.05.csv block-000@1200s reward=QoE=   20.13 pacing=0.00s eps=0.050 loss=2.9611
[ep 2088] longdress    driving_B_2020.02.14_12.58.17.csv block-002@596s reward=QoE=   26.02 pacing=0.00s eps=0.050 loss=3.1344
[ep 2089] loot         driving_B_2020.01.16_07.26.43.csv block-000@180s reward=QoE=    4.72 pacing=0.00s eps=0.050 loss=2.6898
[ep 2090] redandblack  static_B_2020.02.14_13.21.26.csv block-000@540s reward=QoE=   89.69 pacing=0.00s eps=0.050 loss=2.9144
[ep 2091] soldier      driving_B_2019.12.17_07.32.39.csv block-000@120s reward=QoE=   23.93 pacing=0.00s eps=0.050 loss=2.9907
[ep 2092] longdress    driving_B_2019.12.16_12.27.05.csv block-000@120s reward=QoE=   27.95 pacing=0.00s eps=0.050 loss=2.8582
[ep 2093] loot         driving_B_2020.01.16_07.26.43.csv block-000@1560s reward=QoE=    3.47 pacing=0.00s eps=0.050 loss=2.6629
[ep 2094] redandblack  static_B_2020.02.27_18.39.27.csv block-001@4392s reward=QoE=   25.28 pacing=0.00s eps=0.050 loss=3.1278
[ep 2095] soldier      static_B_2019.12.16_13.40.04.csv block-005@1766s reward=QoE=   85.82 pacing=0.00s eps=0.050 loss=2.7005
[ep 2096] longdress    driving_B_2020.02.14_12.58.17.csv block-002@536s reward=QoE= -107.29 pacing=0.00s eps=0.050 loss=2.9592
[ep 2097] loot         static_B_2020.02.27_18.39.27.csv block-001@3972s reward=QoE=   77.62 pacing=0.00s eps=0.050 loss=2.6850
[ep 2098] redandblack  static_B_2019.12.16_13.40.04.csv block-001@1015s reward=QoE=   41.41 pacing=0.00s eps=0.050 loss=3.0050
[ep 2099] soldier      driving_B_2019.12.16_12.27.05.csv block-000@300s reward=QoE=    2.69 pacing=0.00s eps=0.050 loss=2.8056
[ep 2100] longdress    driving_B_2020.02.14_09.38.22.csv block-000@60s reward=QoE=   30.95 pacing=0.00s eps=0.050 loss=2.8200
[ep 2101] loot         static_B_2019.12.16_13.40.04.csv block-000@420s reward=QoE=   75.66 pacing=0.00s eps=0.050 loss=2.8012
[ep 2102] redandblack  driving_B_2020.01.16_12.10.03.csv block-000@360s reward=QoE=   63.19 pacing=0.00s eps=0.050 loss=2.7133
[ep 2103] soldier      driving_B_2020.02.14_09.38.22.csv block-000@240s reward=QoE=  -36.33 pacing=0.00s eps=0.050 loss=2.9620
[ep 2104] longdress    static_B_2020.02.27_18.39.27.csv block-001@2652s reward=QoE=   40.71 pacing=0.00s eps=0.050 loss=2.9119
[ep 2105] loot         driving_B_2019.12.17_07.32.39.csv block-000@1440s reward=QoE=   89.71 pacing=0.96s eps=0.050 loss=2.5388
[ep 2106] redandblack  driving_B_2020.01.16_07.26.43.csv block-000@1320s reward=QoE=   35.86 pacing=0.00s eps=0.050 loss=2.5244
[ep 2107] soldier      driving_B_2020.02.14_09.38.22.csv block-000@960s reward=QoE=   48.17 pacing=0.00s eps=0.050 loss=2.8270
[ep 2108] longdress    static_B_2020.02.27_18.39.27.csv block-001@3852s reward=QoE=   82.37 pacing=0.00s eps=0.050 loss=2.9787
[ep 2109] loot         driving_B_2020.01.16_09.56.56.csv block-001@699s reward=QoE=   88.18 pacing=2.48s eps=0.050 loss=2.7372
[ep 2110] redandblack  static_B_2020.02.27_18.39.27.csv block-001@1092s reward=QoE=   62.37 pacing=0.00s eps=0.050 loss=2.7331
[ep 2111] soldier      static_B_2020.02.14_13.21.26.csv block-000@300s reward=QoE=   36.59 pacing=0.00s eps=0.050 loss=3.0001
[ep 2112] longdress    driving_B_2020.01.16_09.56.56.csv block-001@999s reward=QoE=  -16.39 pacing=0.00s eps=0.050 loss=2.8011
[ep 2113] loot         static_B_2020.02.14_13.21.26.csv block-000@240s reward=QoE=   86.57 pacing=1.15s eps=0.050 loss=2.8718
[ep 2114] redandblack  driving_B_2020.02.27_17.30.15.csv block-002@533s reward=QoE=  -73.28 pacing=0.00s eps=0.050 loss=2.7862
[ep 2115] soldier      driving_B_2020.02.13_15.02.01.csv block-000@2820s reward=QoE=   62.16 pacing=0.00s eps=0.050 loss=2.9036
[ep 2116] longdress    static_B_2020.02.27_18.39.27.csv block-001@6552s reward=QoE=   75.78 pacing=0.00s eps=0.050 loss=2.9009
[ep 2117] loot         driving_B_2020.01.16_07.26.43.csv block-000@300s reward=QoE=   59.08 pacing=0.00s eps=0.050 loss=3.1363
[ep 2118] redandblack  driving_B_2020.02.27_17.30.15.csv block-002@473s reward=QoE= -259.27 pacing=0.00s eps=0.050 loss=2.8389
[ep 2119] soldier      driving_B_2020.01.16_12.10.03.csv block-000@300s reward=QoE=   15.60 pacing=0.00s eps=0.050 loss=2.6642
[ep 2120] longdress    static_B_2019.12.16_13.40.04.csv block-005@1646s reward=QoE=   84.72 pacing=0.00s eps=0.050 loss=2.8827
[ep 2121] loot         driving_B_2020.02.13_13.03.24.csv block-000@240s reward=QoE=   15.58 pacing=0.00s eps=0.050 loss=2.6226
[ep 2122] redandblack  driving_B_2020.01.16_07.26.43.csv block-000@1740s reward=QoE=   13.60 pacing=0.00s eps=0.050 loss=2.8422
[ep 2123] soldier      driving_B_2020.02.13_15.02.01.csv block-000@480s reward=QoE=   74.17 pacing=0.00s eps=0.050 loss=2.8826
[ep 2124] longdress    driving_B_2020.01.16_12.10.03.csv block-000@0s reward=QoE=   80.60 pacing=0.29s eps=0.050 loss=2.7394
[ep 2125] loot         driving_B_2020.02.27_17.30.15.csv block-002@533s reward=QoE=  -57.57 pacing=0.00s eps=0.050 loss=2.9359
[ep 2126] redandblack  static_B_2019.12.16_13.40.04.csv block-006@2232s reward=QoE=   82.86 pacing=0.00s eps=0.050 loss=3.0068
[ep 2127] soldier      driving_B_2020.02.13_15.02.01.csv block-000@600s reward=QoE=   27.28 pacing=0.00s eps=0.050 loss=2.9362
[ep 2128] longdress    driving_B_2020.01.16_07.26.43.csv block-000@1080s reward=QoE=   43.63 pacing=0.00s eps=0.050 loss=2.7603
[ep 2129] loot         driving_B_2020.01.16_07.26.43.csv block-000@420s reward=QoE=   15.72 pacing=0.00s eps=0.050 loss=2.9482
[ep 2130] redandblack  driving_B_2020.01.16_09.56.56.csv block-001@1719s reward=QoE=   66.07 pacing=0.00s eps=0.050 loss=2.8129
[ep 2131] soldier      driving_B_2020.01.16_09.56.56.csv block-001@1059s reward=QoE=   27.06 pacing=0.00s eps=0.050 loss=2.6865
[ep 2132] longdress    driving_B_2019.12.17_07.32.39.csv block-003@1534s reward=QoE=   41.21 pacing=0.00s eps=0.050 loss=2.9651
[ep 2133] loot         driving_B_2020.01.16_09.56.56.csv block-001@1479s reward=QoE=   62.77 pacing=0.00s eps=0.050 loss=2.9400
[ep 2134] redandblack  driving_B_2019.12.17_07.32.39.csv block-004@2417s reward=QoE=   43.36 pacing=0.00s eps=0.050 loss=2.7802
[ep 2135] soldier      static_B_2020.02.27_18.39.27.csv block-001@3252s reward=QoE=   65.24 pacing=0.00s eps=0.050 loss=2.9903
[ep 2136] longdress    static_B_2020.02.27_18.39.27.csv block-001@3192s reward=QoE=   77.69 pacing=0.00s eps=0.050 loss=2.8372
[ep 2137] loot         driving_B_2019.12.16_12.27.05.csv block-000@0s reward=QoE=   44.54 pacing=0.00s eps=0.050 loss=2.9719
[ep 2138] redandblack  driving_B_2020.01.16_09.56.56.csv block-000@360s reward=QoE=   44.34 pacing=0.00s eps=0.050 loss=2.7778
[ep 2139] soldier      driving_B_2020.02.13_13.03.24.csv block-001@1454s reward=QoE=   21.96 pacing=0.00s eps=0.050 loss=2.8537
[ep 2140] longdress    static_B_2020.02.14_13.21.26.csv block-000@780s reward=QoE=   76.57 pacing=0.00s eps=0.050 loss=2.9360
[ep 2141] loot         static_B_2019.12.16_13.40.04.csv block-005@1346s reward=QoE=   23.43 pacing=0.00s eps=0.050 loss=2.6706
[ep 2142] redandblack  driving_B_2020.02.13_13.03.24.csv block-001@1274s reward=QoE=   10.91 pacing=0.00s eps=0.050 loss=2.8446
[ep 2143] soldier      driving_B_2020.01.16_07.26.43.csv block-000@1380s reward=QoE=   20.64 pacing=0.00s eps=0.050 loss=2.7582
[ep 2144] longdress    driving_B_2020.02.14_12.58.17.csv block-002@656s reward=QoE=   44.17 pacing=0.00s eps=0.050 loss=3.2085
[ep 2145] loot         driving_B_2020.01.16_12.10.03.csv block-000@300s reward=QoE=   35.89 pacing=0.00s eps=0.050 loss=2.8365
[ep 2146] redandblack  driving_B_2020.02.14_12.58.17.csv block-002@596s reward=QoE=   28.23 pacing=0.00s eps=0.050 loss=3.0080
[ep 2147] soldier      driving_B_2020.02.13_13.03.24.csv block-001@1754s reward=QoE=    7.45 pacing=0.00s eps=0.050 loss=3.0373
[ep 2148] longdress    driving_B_2020.01.16_09.56.56.csv block-001@759s reward=QoE=   25.65 pacing=0.00s eps=0.050 loss=2.6955
[ep 2149] loot         driving_B_2020.01.16_12.10.03.csv block-000@0s reward=QoE=   79.74 pacing=1.83s eps=0.050 loss=2.6435
[ep 2150] redandblack  driving_B_2020.01.16_07.26.43.csv block-000@1260s reward=QoE=   39.78 pacing=0.00s eps=0.050 loss=2.8181
[ep 2151] soldier      static_B_2019.12.16_13.40.04.csv block-001@595s reward=QoE=   83.66 pacing=0.00s eps=0.050 loss=2.8254
[ep 2152] longdress    driving_B_2020.02.13_13.03.24.csv block-001@1874s reward=QoE=  -20.01 pacing=0.00s eps=0.050 loss=2.7349
[ep 2153] loot         static_B_2020.02.14_13.21.26.csv block-000@540s reward=QoE=   78.31 pacing=0.35s eps=0.050 loss=2.6499
[ep 2154] redandblack  static_B_2020.02.27_18.39.27.csv block-001@912s reward=QoE=   65.75 pacing=0.00s eps=0.050 loss=2.8348
[ep 2155] soldier      static_B_2020.02.14_13.21.26.csv block-000@900s reward=QoE=   58.92 pacing=0.00s eps=0.050 loss=3.0993
[ep 2156] longdress    driving_B_2019.12.17_07.32.39.csv block-003@2074s reward=QoE=   31.30 pacing=0.00s eps=0.050 loss=3.0674
[ep 2157] loot         static_B_2020.02.14_13.21.26.csv block-000@420s reward=QoE=   78.42 pacing=0.00s eps=0.050 loss=2.8138
[ep 2158] redandblack  driving_B_2020.01.16_09.56.56.csv block-000@120s reward=QoE=  -33.82 pacing=0.00s eps=0.050 loss=2.6780
[ep 2159] soldier      driving_B_2020.02.27_17.30.15.csv block-002@533s reward=QoE=  -93.56 pacing=0.00s eps=0.050 loss=2.9667
[ep 2160] longdress    static_B_2019.12.16_13.40.04.csv block-000@240s reward=QoE=   46.99 pacing=0.00s eps=0.050 loss=2.7521
[ep 2161] loot         static_B_2020.02.27_18.39.27.csv block-001@6192s reward=QoE=   61.04 pacing=0.00s eps=0.050 loss=2.7308
[ep 2162] redandblack  driving_B_2020.02.27_17.30.15.csv block-002@533s reward=QoE=  -59.18 pacing=0.00s eps=0.050 loss=2.7118
[ep 2163] soldier      driving_B_2020.02.14_09.38.22.csv block-000@1380s reward=QoE=   24.99 pacing=0.00s eps=0.050 loss=3.1323
[ep 2164] longdress    driving_B_2020.01.16_07.26.43.csv block-000@840s reward=QoE=   37.64 pacing=0.00s eps=0.050 loss=2.7669
[ep 2165] loot         driving_B_2020.01.16_12.10.03.csv block-000@60s reward=QoE=   50.92 pacing=0.00s eps=0.050 loss=2.7858
[ep 2166] redandblack  driving_B_2020.01.16_12.10.03.csv block-000@360s reward=QoE=   68.50 pacing=0.00s eps=0.050 loss=2.7582
[ep 2167] soldier      driving_B_2020.01.16_12.10.03.csv block-000@240s reward=QoE=   88.93 pacing=0.00s eps=0.050 loss=3.0184
[ep 2168] longdress    driving_B_2020.01.16_07.26.43.csv block-000@1200s reward=QoE=   32.94 pacing=0.00s eps=0.050 loss=2.7277
[ep 2169] loot         driving_B_2020.02.13_13.03.24.csv block-001@1814s reward=QoE=    7.19 pacing=0.00s eps=0.050 loss=3.0918
[ep 2170] redandblack  static_B_2020.02.27_18.39.27.csv block-001@5472s reward=QoE=   89.05 pacing=1.10s eps=0.050 loss=2.8044
[ep 2171] soldier      driving_B_2020.02.13_13.03.24.csv block-001@1934s reward=QoE=   -1.35 pacing=0.00s eps=0.050 loss=2.8046
[ep 2172] longdress    driving_B_2020.01.16_07.26.43.csv block-000@360s reward=QoE=  -51.35 pacing=0.00s eps=0.050 loss=3.0408
[ep 2173] loot         driving_B_2020.02.13_13.03.24.csv block-000@300s reward=QoE=   18.81 pacing=0.00s eps=0.050 loss=2.9345
[ep 2174] redandblack  driving_B_2020.01.16_09.56.56.csv block-000@180s reward=QoE=   66.31 pacing=0.00s eps=0.050 loss=2.6404
[ep 2175] soldier      driving_B_2019.12.16_12.27.05.csv block-000@1020s reward=QoE=   77.57 pacing=0.00s eps=0.050 loss=2.5738
[ep 2176] longdress    driving_B_2019.12.16_12.27.05.csv block-000@180s reward=QoE=   20.18 pacing=0.00s eps=0.050 loss=2.8048
[ep 2177] loot         driving_B_2020.02.27_17.30.15.csv block-002@533s reward=QoE=  -57.65 pacing=0.00s eps=0.050 loss=2.9962
[ep 2178] redandblack  driving_B_2020.01.16_12.10.03.csv block-000@300s reward=QoE=   26.05 pacing=0.00s eps=0.050 loss=2.6171
[ep 2179] soldier      driving_B_2020.01.16_07.26.43.csv block-000@600s reward=QoE=   31.68 pacing=0.00s eps=0.050 loss=2.6542
[ep 2180] longdress    driving_B_2019.12.16_12.27.05.csv block-000@960s reward=QoE=   76.70 pacing=0.00s eps=0.050 loss=2.8780
[ep 2181] loot         static_B_2020.02.27_18.39.27.csv block-001@1692s reward=QoE=   50.47 pacing=0.00s eps=0.050 loss=2.7980
[ep 2182] redandblack  driving_B_2020.02.13_13.03.24.csv block-000@420s reward=QoE=    8.39 pacing=0.00s eps=0.050 loss=2.9137
[ep 2183] soldier      driving_B_2020.01.16_07.26.43.csv block-000@1440s reward=QoE=   22.03 pacing=0.00s eps=0.050 loss=2.8032
[ep 2184] longdress    driving_B_2020.02.27_17.30.15.csv block-002@473s reward=QoE= -198.65 pacing=0.00s eps=0.050 loss=2.9880
[ep 2185] loot         static_B_2020.02.27_18.39.27.csv block-001@5352s reward=QoE=  -85.22 pacing=0.00s eps=0.050 loss=2.9203
[ep 2186] redandblack  driving_B_2020.02.14_09.38.22.csv block-000@540s reward=QoE=   20.38 pacing=0.00s eps=0.050 loss=2.7640
[ep 2187] soldier      driving_B_2020.02.27_17.30.15.csv block-002@413s reward=QoE=    0.99 pacing=0.00s eps=0.050 loss=2.6543
[ep 2188] longdress    driving_B_2020.01.16_12.10.03.csv block-000@300s reward=QoE=   23.06 pacing=0.00s eps=0.050 loss=2.6400
[ep 2189] loot         driving_B_2020.02.13_15.02.01.csv block-000@720s reward=QoE=   36.06 pacing=0.00s eps=0.050 loss=2.8656
[ep 2190] redandblack  driving_B_2019.12.17_07.32.39.csv block-000@1260s reward=QoE=    9.92 pacing=0.00s eps=0.050 loss=2.6689
[ep 2191] soldier      static_B_2019.12.16_13.40.04.csv block-000@360s reward=QoE=   16.08 pacing=0.00s eps=0.050 loss=2.9018
[ep 2192] longdress    driving_B_2020.02.27_17.30.15.csv block-002@353s reward=QoE=  -18.03 pacing=0.00s eps=0.050 loss=2.8183
[ep 2193] loot         driving_B_2020.02.14_12.58.17.csv block-002@656s reward=QoE=   54.29 pacing=0.00s eps=0.050 loss=2.5048
[ep 2194] redandblack  static_B_2019.12.16_13.40.04.csv block-006@2172s reward=QoE=   89.30 pacing=0.91s eps=0.050 loss=2.8029
[ep 2195] soldier      static_B_2019.12.16_13.40.04.csv block-005@1946s reward=QoE=   70.08 pacing=0.00s eps=0.050 loss=3.0757
[ep 2196] longdress    static_B_2020.02.14_13.21.26.csv block-000@180s reward=QoE=   72.98 pacing=0.00s eps=0.050 loss=2.8746
[ep 2197] loot         driving_B_2020.02.13_15.02.01.csv block-000@1680s reward=QoE=   20.43 pacing=0.00s eps=0.050 loss=2.5726
[ep 2198] redandblack  driving_B_2020.01.16_07.26.43.csv block-000@720s reward=QoE=   21.29 pacing=0.00s eps=0.050 loss=2.8161
[ep 2199] soldier      driving_B_2019.12.16_12.27.05.csv block-000@1080s reward=QoE=   69.90 pacing=0.00s eps=0.050 loss=2.8976
[ep 2200] longdress    static_B_2019.12.16_13.40.04.csv block-005@1526s reward=QoE=   43.57 pacing=0.00s eps=0.050 loss=2.8802
[ep 2201] loot         driving_B_2020.02.27_17.30.15.csv block-002@353s reward=QoE=  -34.44 pacing=0.00s eps=0.050 loss=2.8825
[ep 2202] redandblack  static_B_2020.02.14_13.21.26.csv block-000@600s reward=QoE=   89.57 pacing=0.67s eps=0.050 loss=2.8435
[ep 2203] soldier      driving_B_2020.01.16_12.10.03.csv block-000@360s reward=QoE=   63.42 pacing=0.00s eps=0.050 loss=3.3528
[ep 2204] longdress    driving_B_2020.02.14_09.38.22.csv block-000@1140s reward=QoE=   23.56 pacing=0.00s eps=0.050 loss=3.3006
[ep 2205] loot         driving_B_2020.01.16_12.10.03.csv block-000@120s reward=QoE=   89.13 pacing=0.95s eps=0.050 loss=2.9748
[ep 2206] redandblack  driving_B_2020.02.13_15.02.01.csv block-000@1920s reward=QoE=   40.42 pacing=0.00s eps=0.050 loss=3.1967
[ep 2207] soldier      driving_B_2020.01.16_12.10.03.csv block-000@360s reward=QoE=   68.00 pacing=0.00s eps=0.050 loss=2.9263
[ep 2208] longdress    static_B_2020.02.27_18.39.27.csv block-001@4212s reward=QoE=   89.93 pacing=0.00s eps=0.050 loss=3.2087
[ep 2209] loot         driving_B_2020.02.13_15.02.01.csv block-000@2640s reward=QoE=  -41.87 pacing=0.00s eps=0.050 loss=3.0816
[ep 2210] redandblack  driving_B_2019.12.17_07.32.39.csv block-000@780s reward=QoE=   25.91 pacing=0.00s eps=0.050 loss=3.1852
[ep 2211] soldier      driving_B_2020.02.13_13.03.24.csv block-000@120s reward=QoE=   10.09 pacing=0.00s eps=0.050 loss=3.2649
[ep 2212] longdress    driving_B_2020.02.14_12.58.17.csv block-002@656s reward=QoE=   32.67 pacing=0.00s eps=0.050 loss=3.0565
[ep 2213] loot         driving_B_2020.02.14_12.58.17.csv block-000@0s reward=QoE=   22.70 pacing=0.00s eps=0.050 loss=3.0247
[ep 2214] redandblack  static_B_2020.02.14_13.21.26.csv block-000@120s reward=QoE=   82.83 pacing=1.02s eps=0.050 loss=3.1950
[ep 2215] soldier      driving_B_2020.02.14_09.38.22.csv block-000@0s reward=QoE=   10.52 pacing=0.00s eps=0.050 loss=3.0564
[ep 2216] longdress    driving_B_2020.02.13_15.02.01.csv block-000@60s reward=QoE=   86.19 pacing=0.00s eps=0.050 loss=3.2709
[ep 2217] loot         driving_B_2020.01.16_09.56.56.csv block-001@1179s reward=QoE=    0.95 pacing=0.00s eps=0.050 loss=3.1113
[ep 2218] redandblack  driving_B_2020.01.16_07.26.43.csv block-000@660s reward=QoE=   29.18 pacing=0.00s eps=0.050 loss=3.1391
[ep 2219] soldier      driving_B_2020.02.13_15.02.01.csv block-000@1200s reward=QoE=   21.57 pacing=0.00s eps=0.050 loss=3.0548
[ep 2220] longdress    driving_B_2020.02.14_12.58.17.csv block-002@656s reward=QoE=   26.20 pacing=0.00s eps=0.050 loss=3.1518
[ep 2221] loot         driving_B_2020.02.14_09.38.22.csv block-000@1020s reward=QoE=   82.82 pacing=0.40s eps=0.050 loss=3.2296
[ep 2222] redandblack  driving_B_2020.01.16_12.10.03.csv block-000@120s reward=QoE=   87.49 pacing=1.06s eps=0.050 loss=2.8716
[ep 2223] soldier      driving_B_2020.01.16_09.56.56.csv block-001@1659s reward=QoE=   87.52 pacing=0.04s eps=0.050 loss=2.8924
[ep 2224] longdress    driving_B_2020.01.16_09.56.56.csv block-000@60s reward=QoE=   10.80 pacing=0.00s eps=0.050 loss=3.1432
[ep 2225] loot         driving_B_2020.02.14_09.38.22.csv block-000@600s reward=QoE=   49.33 pacing=0.00s eps=0.050 loss=2.8971
[ep 2226] redandblack  driving_B_2020.02.13_15.02.01.csv block-000@240s reward=QoE=   75.64 pacing=0.00s eps=0.050 loss=2.7995
[ep 2227] soldier      driving_B_2019.12.16_12.27.05.csv block-000@1260s reward=QoE=   82.54 pacing=0.13s eps=0.050 loss=3.0769
[ep 2228] longdress    driving_B_2020.02.13_13.03.24.csv block-000@0s reward=QoE=    7.33 pacing=0.00s eps=0.050 loss=3.2424
[ep 2229] loot         driving_B_2020.02.14_12.58.17.csv block-000@0s reward=QoE=   34.22 pacing=0.00s eps=0.050 loss=3.2620
[ep 2230] redandblack  static_B_2020.02.14_13.21.26.csv block-000@840s reward=QoE=   90.22 pacing=0.90s eps=0.050 loss=2.9908
[ep 2231] soldier      driving_B_2020.01.16_12.10.03.csv block-000@180s reward=QoE=   75.59 pacing=0.00s eps=0.050 loss=3.0502
[ep 2232] longdress    driving_B_2020.01.16_12.10.03.csv block-000@360s reward=QoE=   60.04 pacing=0.00s eps=0.050 loss=3.0919
[ep 2233] loot         driving_B_2020.02.14_09.38.22.csv block-000@120s reward=QoE=   13.30 pacing=0.00s eps=0.050 loss=3.0192
[ep 2234] redandblack  driving_B_2020.01.16_07.26.43.csv block-000@960s reward=QoE=   -6.05 pacing=0.00s eps=0.050 loss=2.8489
[ep 2235] soldier      driving_B_2020.02.14_12.58.17.csv block-002@596s reward=QoE=   -5.41 pacing=0.00s eps=0.050 loss=3.0561
[ep 2236] longdress    driving_B_2020.01.16_07.26.43.csv block-000@1500s reward=QoE=   18.74 pacing=0.00s eps=0.050 loss=3.3798
[ep 2237] loot         driving_B_2019.12.16_12.27.05.csv block-000@840s reward=QoE=   42.79 pacing=0.00s eps=0.050 loss=2.9371
[ep 2238] redandblack  driving_B_2020.01.16_09.56.56.csv block-001@879s reward=QoE=   55.27 pacing=0.00s eps=0.050 loss=3.1152
[ep 2239] soldier      static_B_2019.12.16_13.40.04.csv block-000@60s reward=QoE=   34.15 pacing=0.00s eps=0.050 loss=3.1921
[ep 2240] longdress    driving_B_2020.02.13_15.02.01.csv block-000@2280s reward=QoE=   33.78 pacing=0.00s eps=0.050 loss=2.9663
[ep 2241] loot         driving_B_2020.01.16_07.26.43.csv block-000@120s reward=QoE=   31.42 pacing=0.00s eps=0.050 loss=3.0515
[ep 2242] redandblack  driving_B_2019.12.17_07.32.39.csv block-003@1654s reward=QoE=    2.58 pacing=0.00s eps=0.050 loss=2.9173
[ep 2243] soldier      driving_B_2019.12.16_12.27.05.csv block-000@60s reward=QoE=   13.51 pacing=0.00s eps=0.050 loss=2.9352
[ep 2244] longdress    driving_B_2019.12.16_12.27.05.csv block-000@480s reward=QoE=   15.39 pacing=0.00s eps=0.050 loss=2.9643
[ep 2245] loot         driving_B_2020.01.16_09.56.56.csv block-001@1119s reward=QoE=   84.02 pacing=0.95s eps=0.050 loss=3.2249
[ep 2246] redandblack  driving_B_2020.02.13_15.02.01.csv block-000@2040s reward=QoE=   87.79 pacing=0.00s eps=0.050 loss=3.3366
[ep 2247] soldier      static_B_2020.02.14_13.21.26.csv block-000@0s reward=QoE=   18.88 pacing=0.00s eps=0.050 loss=2.7021
[ep 2248] longdress    driving_B_2020.01.16_07.26.43.csv block-000@1860s reward=QoE=   17.45 pacing=0.00s eps=0.050 loss=3.2455
[ep 2249] loot         static_B_2019.12.16_13.40.04.csv block-005@1886s reward=QoE=   62.90 pacing=0.00s eps=0.050 loss=2.9413
[ep 2250] redandblack  driving_B_2019.12.16_12.27.05.csv block-000@1080s reward=QoE=   80.29 pacing=0.00s eps=0.050 loss=2.8952
[ep 2251] soldier      static_B_2019.12.16_13.40.04.csv block-001@835s reward=QoE=   84.56 pacing=0.00s eps=0.050 loss=3.1935
[ep 2252] longdress    driving_B_2020.02.27_17.30.15.csv block-002@293s reward=QoE= -216.04 pacing=0.00s eps=0.050 loss=3.2250
[ep 2253] loot         driving_B_2020.01.16_09.56.56.csv block-000@0s reward=QoE=   33.44 pacing=0.00s eps=0.050 loss=3.1477
[ep 2254] redandblack  driving_B_2019.12.16_12.27.05.csv block-000@660s reward=QoE=  -26.10 pacing=0.00s eps=0.050 loss=3.1542
[ep 2255] soldier      driving_B_2020.02.14_12.58.17.csv block-000@0s reward=QoE=    7.81 pacing=0.00s eps=0.050 loss=2.9558
[ep 2256] longdress    driving_B_2019.12.17_07.32.39.csv block-000@900s reward=QoE=   24.84 pacing=0.00s eps=0.050 loss=3.2714
[ep 2257] loot         driving_B_2019.12.17_07.32.39.csv block-003@1774s reward=QoE=   37.03 pacing=0.00s eps=0.050 loss=2.8746
[ep 2258] redandblack  driving_B_2020.01.16_07.26.43.csv block-000@1680s reward=QoE=   28.81 pacing=0.00s eps=0.050 loss=3.2200
[ep 2259] soldier      driving_B_2019.12.17_07.32.39.csv block-000@0s reward=QoE=   11.26 pacing=0.00s eps=0.050 loss=3.4117
[ep 2260] longdress    driving_B_2020.01.16_07.26.43.csv block-000@240s reward=QoE=   30.24 pacing=0.00s eps=0.050 loss=2.8797
[ep 2261] loot         driving_B_2020.02.13_15.02.01.csv block-000@1320s reward=QoE=   47.96 pacing=0.00s eps=0.050 loss=3.1714
[ep 2262] redandblack  driving_B_2020.02.14_12.58.17.csv block-002@536s reward=QoE= -159.26 pacing=0.00s eps=0.050 loss=3.1039
[ep 2263] soldier      static_B_2020.02.14_13.21.26.csv block-000@900s reward=QoE=   50.33 pacing=0.00s eps=0.050 loss=2.9612
[ep 2264] longdress    static_B_2020.02.27_18.39.27.csv block-001@5592s reward=QoE=   30.49 pacing=0.00s eps=0.050 loss=3.1715
[ep 2265] loot         driving_B_2020.01.16_12.10.03.csv block-000@0s reward=QoE=   78.98 pacing=1.24s eps=0.050 loss=3.0975
[ep 2266] redandblack  driving_B_2020.02.27_17.30.15.csv block-002@473s reward=QoE= -205.67 pacing=0.00s eps=0.050 loss=2.9319
[ep 2267] soldier      static_B_2019.12.16_13.40.04.csv block-000@120s reward=QoE=   79.48 pacing=0.00s eps=0.050 loss=3.2116
[ep 2268] longdress    driving_B_2020.01.16_09.56.56.csv block-001@1179s reward=QoE=  -11.24 pacing=0.00s eps=0.050 loss=2.8900
[ep 2269] loot         driving_B_2020.02.14_09.38.22.csv block-000@1260s reward=QoE=   29.06 pacing=0.00s eps=0.050 loss=2.8889
[ep 2270] redandblack  driving_B_2020.02.14_09.38.22.csv block-000@1560s reward=QoE=   56.76 pacing=0.00s eps=0.050 loss=2.9233
[ep 2271] soldier      driving_B_2020.02.27_17.30.15.csv block-002@473s reward=QoE= -174.53 pacing=0.00s eps=0.050 loss=2.9093
[ep 2272] longdress    driving_B_2019.12.17_07.32.39.csv block-000@60s reward=QoE=   13.21 pacing=0.00s eps=0.050 loss=3.2061
[ep 2273] loot         driving_B_2020.01.16_12.10.03.csv block-000@60s reward=QoE=   59.14 pacing=0.00s eps=0.050 loss=2.8801
[ep 2274] redandblack  driving_B_2020.02.13_15.02.01.csv block-000@1020s reward=QoE=   84.46 pacing=1.32s eps=0.050 loss=3.2664
[ep 2275] soldier      driving_B_2019.12.16_12.27.05.csv block-000@900s reward=QoE=   86.19 pacing=0.34s eps=0.050 loss=2.9720
[ep 2276] longdress    static_B_2019.12.16_13.40.04.csv block-005@1466s reward=QoE=   47.59 pacing=0.00s eps=0.050 loss=3.1254
[ep 2277] loot         driving_B_2020.02.13_13.03.24.csv block-001@1334s reward=QoE=   23.14 pacing=0.00s eps=0.050 loss=3.0052
[ep 2278] redandblack  static_B_2019.12.16_13.40.04.csv block-005@1406s reward=QoE=   53.95 pacing=0.00s eps=0.050 loss=3.0518
[ep 2279] soldier      static_B_2019.12.16_13.40.04.csv block-001@1135s reward=QoE=   38.90 pacing=0.00s eps=0.050 loss=3.2770
[ep 2280] longdress    driving_B_2020.02.13_15.02.01.csv block-000@1860s reward=QoE=  -11.33 pacing=0.00s eps=0.050 loss=3.5628
[ep 2281] loot         driving_B_2020.01.16_07.26.43.csv block-000@1020s reward=QoE=   10.63 pacing=0.00s eps=0.050 loss=3.0670
[ep 2282] redandblack  driving_B_2019.12.16_12.27.05.csv block-000@780s reward=QoE=   46.99 pacing=0.00s eps=0.050 loss=3.1177
[ep 2283] soldier      driving_B_2020.01.16_12.10.03.csv block-000@60s reward=QoE=   37.22 pacing=0.00s eps=0.050 loss=2.9788
[ep 2284] longdress    driving_B_2020.02.13_13.03.24.csv block-000@360s reward=QoE=   20.50 pacing=0.00s eps=0.050 loss=3.0197
[ep 2285] loot         driving_B_2020.01.16_09.56.56.csv block-000@240s reward=QoE=   46.09 pacing=0.00s eps=0.050 loss=2.9106
[ep 2286] redandblack  driving_B_2020.02.14_12.58.17.csv block-002@536s reward=QoE=  -97.74 pacing=0.00s eps=0.050 loss=3.1140
[ep 2287] soldier      driving_B_2020.02.27_17.30.15.csv block-002@473s reward=QoE= -177.28 pacing=0.00s eps=0.050 loss=2.7453
[ep 2288] longdress    static_B_2020.02.27_18.39.27.csv block-001@3492s reward=QoE=   36.96 pacing=0.00s eps=0.050 loss=2.9700
[ep 2289] loot         static_B_2020.02.27_18.39.27.csv block-001@6252s reward=QoE=   90.21 pacing=0.00s eps=0.050 loss=2.8928
[ep 2290] redandblack  driving_B_2019.12.16_12.27.05.csv block-000@480s reward=QoE=   20.39 pacing=0.00s eps=0.050 loss=2.5244
[ep 2291] soldier      static_B_2019.12.16_13.40.04.csv block-000@180s reward=QoE=   64.03 pacing=0.00s eps=0.050 loss=3.1525
[ep 2292] longdress    driving_B_2020.02.14_09.38.22.csv block-000@900s reward=QoE=    9.83 pacing=0.00s eps=0.050 loss=3.2161
[ep 2293] loot         driving_B_2019.12.17_07.32.39.csv block-000@480s reward=QoE=   77.32 pacing=0.00s eps=0.050 loss=2.6273
[ep 2294] redandblack  driving_B_2020.01.16_09.56.56.csv block-000@120s reward=QoE=   16.89 pacing=0.00s eps=0.050 loss=3.1192
[ep 2295] soldier      driving_B_2020.02.13_15.02.01.csv block-000@2520s reward=QoE=   18.83 pacing=0.00s eps=0.050 loss=2.7066
[ep 2296] longdress    driving_B_2020.02.14_12.58.17.csv block-000@0s reward=QoE=    6.67 pacing=0.00s eps=0.050 loss=2.9960
[ep 2297] loot         driving_B_2019.12.17_07.32.39.csv block-000@300s reward=QoE=   32.32 pacing=0.00s eps=0.050 loss=3.2031
[ep 2298] redandblack  driving_B_2020.02.14_09.38.22.csv block-000@1260s reward=QoE=   24.88 pacing=0.00s eps=0.050 loss=3.1740
[ep 2299] soldier      driving_B_2020.02.13_15.02.01.csv block-000@0s reward=QoE=   76.97 pacing=0.00s eps=0.050 loss=3.0848
[ep 2300] longdress    driving_B_2020.01.16_09.56.56.csv block-001@1599s reward=QoE=   72.45 pacing=0.00s eps=0.050 loss=3.0904
[ep 2301] loot         driving_B_2020.01.16_09.56.56.csv block-001@819s reward=QoE=   84.89 pacing=0.00s eps=0.050 loss=3.1763
[ep 2302] redandblack  driving_B_2020.02.27_17.30.15.csv block-002@473s reward=QoE= -172.24 pacing=0.00s eps=0.050 loss=3.3119
[ep 2303] soldier      static_B_2020.02.14_13.21.26.csv block-000@720s reward=QoE=   71.81 pacing=0.00s eps=0.050 loss=3.3372
[ep 2304] longdress    driving_B_2020.01.16_07.26.43.csv block-000@0s reward=QoE=   14.13 pacing=0.00s eps=0.050 loss=3.0465
[ep 2305] loot         driving_B_2020.02.27_17.30.15.csv block-002@293s reward=QoE= -204.22 pacing=0.00s eps=0.050 loss=3.5234
[ep 2306] redandblack  driving_B_2020.01.16_12.10.03.csv block-000@0s reward=QoE=   82.76 pacing=1.00s eps=0.050 loss=3.1249
[ep 2307] soldier      driving_B_2019.12.16_12.27.05.csv block-000@0s reward=QoE=   15.30 pacing=0.00s eps=0.050 loss=2.9500
[ep 2308] longdress    driving_B_2020.02.13_13.03.24.csv block-001@1694s reward=QoE=   16.88 pacing=0.00s eps=0.050 loss=3.4023
[ep 2309] loot         driving_B_2019.12.17_07.32.39.csv block-000@600s reward=QoE=   25.40 pacing=0.00s eps=0.050 loss=3.2185
[ep 2310] redandblack  driving_B_2020.02.13_15.02.01.csv block-000@1260s reward=QoE=   35.95 pacing=0.00s eps=0.050 loss=3.1288
[ep 2311] soldier      driving_B_2020.02.27_17.30.15.csv block-002@353s reward=QoE=  -37.66 pacing=0.00s eps=0.050 loss=3.2997
[ep 2312] longdress    driving_B_2019.12.17_07.32.39.csv block-000@540s reward=QoE=   24.21 pacing=0.00s eps=0.050 loss=2.8431
[ep 2313] loot         driving_B_2020.01.16_12.10.03.csv block-000@240s reward=QoE=   89.67 pacing=0.66s eps=0.050 loss=3.0273
[ep 2314] redandblack  driving_B_2020.02.13_15.02.01.csv block-000@1800s reward=QoE=  -82.50 pacing=0.00s eps=0.050 loss=2.9433
[ep 2315] soldier      driving_B_2020.01.16_12.10.03.csv block-000@120s reward=QoE=   78.51 pacing=0.00s eps=0.050 loss=3.0222
[ep 2316] longdress    driving_B_2020.01.16_07.26.43.csv block-000@780s reward=QoE=   -9.41 pacing=0.00s eps=0.050 loss=3.0403
[ep 2317] loot         driving_B_2020.02.14_12.58.17.csv block-002@716s reward=QoE=   25.64 pacing=0.00s eps=0.050 loss=2.9934
[ep 2318] redandblack  static_B_2019.12.16_13.40.04.csv block-005@1826s reward=QoE=   71.30 pacing=0.00s eps=0.050 loss=3.0388
[ep 2319] soldier      driving_B_2020.01.16_09.56.56.csv block-001@519s reward=QoE=   46.33 pacing=0.00s eps=0.050 loss=3.1407
[ep 2320] longdress    static_B_2020.02.14_13.21.26.csv block-000@480s reward=QoE=   86.84 pacing=0.00s eps=0.050 loss=3.1865
[ep 2321] loot         driving_B_2020.02.14_12.58.17.csv block-002@596s reward=QoE=   11.46 pacing=0.00s eps=0.050 loss=2.7502
[ep 2322] redandblack  driving_B_2020.01.16_12.10.03.csv block-000@300s reward=QoE=   26.39 pacing=0.00s eps=0.050 loss=2.8842
[ep 2323] soldier      driving_B_2019.12.16_12.27.05.csv block-000@1140s reward=QoE=   28.89 pacing=0.00s eps=0.050 loss=2.9981
[ep 2324] longdress    driving_B_2020.02.14_09.38.22.csv block-000@1440s reward=QoE=   78.25 pacing=0.00s eps=0.050 loss=3.0456
[ep 2325] loot         static_B_2020.02.27_18.39.27.csv block-001@1572s reward=QoE=   90.89 pacing=0.73s eps=0.050 loss=3.1159
[ep 2326] redandblack  driving_B_2020.02.13_13.03.24.csv block-000@540s reward=QoE=   40.36 pacing=0.00s eps=0.050 loss=2.9855
[ep 2327] soldier      driving_B_2020.02.14_09.38.22.csv block-000@1200s reward=QoE=  -26.50 pacing=0.00s eps=0.050 loss=2.9885
[ep 2328] longdress    driving_B_2020.01.16_09.56.56.csv block-000@300s reward=QoE=   84.76 pacing=0.00s eps=0.050 loss=2.9381
[ep 2329] loot         static_B_2019.12.16_13.40.04.csv block-001@775s reward=QoE=   88.77 pacing=0.82s eps=0.050 loss=3.1030
[ep 2330] redandblack  static_B_2020.02.27_18.39.27.csv block-001@1032s reward=QoE=   44.27 pacing=0.00s eps=0.050 loss=2.8724
[ep 2331] soldier      driving_B_2020.02.14_09.38.22.csv block-000@420s reward=QoE=    3.21 pacing=0.00s eps=0.050 loss=3.2564
[ep 2332] longdress    driving_B_2020.02.14_09.38.22.csv block-000@240s reward=QoE=  -42.01 pacing=0.00s eps=0.050 loss=3.2111
[ep 2333] loot         static_B_2020.02.14_13.21.26.csv block-000@960s reward=QoE=   48.09 pacing=0.00s eps=0.050 loss=3.0671
[ep 2334] redandblack  driving_B_2020.01.16_12.10.03.csv block-000@240s reward=QoE=   89.70 pacing=0.61s eps=0.050 loss=2.9264
[ep 2335] soldier      driving_B_2020.02.13_13.03.24.csv block-000@180s reward=QoE=   25.79 pacing=0.00s eps=0.050 loss=2.7783
[ep 2336] longdress    static_B_2020.02.14_13.21.26.csv block-000@600s reward=QoE=   82.64 pacing=0.00s eps=0.050 loss=3.1773
[ep 2337] loot         static_B_2020.02.27_18.39.27.csv block-001@3372s reward=QoE=   69.00 pacing=0.00s eps=0.050 loss=3.0598
[ep 2338] redandblack  driving_B_2020.01.16_07.26.43.csv block-000@480s reward=QoE=   17.34 pacing=0.00s eps=0.050 loss=3.0780
[ep 2339] soldier      driving_B_2019.12.16_12.27.05.csv block-000@180s reward=QoE=   17.06 pacing=0.00s eps=0.050 loss=2.7808
[ep 2340] longdress    driving_B_2020.02.14_09.38.22.csv block-000@840s reward=QoE=   -9.24 pacing=0.00s eps=0.050 loss=3.0351
[ep 2341] loot         static_B_2019.12.16_13.40.04.csv block-001@655s reward=QoE=   45.81 pacing=0.00s eps=0.050 loss=2.7705
[ep 2342] redandblack  driving_B_2020.02.14_09.38.22.csv block-000@960s reward=QoE=   56.23 pacing=0.00s eps=0.050 loss=3.0058
[ep 2343] soldier      driving_B_2020.02.13_13.03.24.csv block-001@1154s reward=QoE=   -1.12 pacing=0.00s eps=0.050 loss=2.8975
[ep 2344] longdress    static_B_2020.02.14_13.21.26.csv block-000@420s reward=QoE=   91.05 pacing=0.00s eps=0.050 loss=2.9756
[ep 2345] loot         driving_B_2020.02.13_13.03.24.csv block-001@1214s reward=QoE=   21.61 pacing=0.00s eps=0.050 loss=3.2906
[ep 2346] redandblack  driving_B_2019.12.16_12.27.05.csv block-000@540s reward=QoE=  -11.06 pacing=0.00s eps=0.050 loss=3.1960
[ep 2347] soldier      driving_B_2020.02.13_15.02.01.csv block-000@2880s reward=QoE=   64.15 pacing=0.00s eps=0.050 loss=2.9515
[ep 2348] longdress    driving_B_2020.02.27_17.30.15.csv block-002@413s reward=QoE=    7.16 pacing=0.00s eps=0.050 loss=2.8661
[ep 2349] loot         static_B_2019.12.16_13.40.04.csv block-001@895s reward=QoE=   68.67 pacing=0.00s eps=0.050 loss=3.2126
[ep 2350] redandblack  driving_B_2020.02.13_15.02.01.csv block-000@2220s reward=QoE=   37.16 pacing=0.00s eps=0.050 loss=3.3048
[ep 2351] soldier      static_B_2020.02.27_18.39.27.csv block-001@5892s reward=QoE=   89.04 pacing=0.00s eps=0.050 loss=2.7933
[ep 2352] longdress    driving_B_2020.02.13_13.03.24.csv block-001@1034s reward=QoE=   17.98 pacing=0.00s eps=0.050 loss=2.9025
[ep 2353] loot         static_B_2020.02.27_18.39.27.csv block-001@5172s reward=QoE=   52.23 pacing=0.00s eps=0.050 loss=3.3592
[ep 2354] redandblack  static_B_2020.02.27_18.39.27.csv block-001@2412s reward=QoE=   53.25 pacing=0.00s eps=0.050 loss=3.1229
[ep 2355] soldier      driving_B_2020.02.27_17.30.15.csv block-002@353s reward=QoE=  -41.82 pacing=0.00s eps=0.050 loss=2.8848
[ep 2356] longdress    driving_B_2020.02.13_15.02.01.csv block-000@1440s reward=QoE=   -5.87 pacing=0.00s eps=0.050 loss=3.2477
[ep 2357] loot         driving_B_2020.02.27_17.30.15.csv block-002@293s reward=QoE= -155.01 pacing=0.00s eps=0.050 loss=2.8473
[ep 2358] redandblack  static_B_2020.02.27_18.39.27.csv block-001@4032s reward=QoE=   63.73 pacing=0.00s eps=0.050 loss=3.2557
[ep 2359] soldier      static_B_2020.02.27_18.39.27.csv block-001@4752s reward=QoE=   85.26 pacing=0.00s eps=0.050 loss=3.2955
[ep 2360] longdress    driving_B_2020.01.16_09.56.56.csv block-001@1239s reward=QoE=   25.61 pacing=0.00s eps=0.050 loss=2.8875
[ep 2361] loot         driving_B_2019.12.16_12.27.05.csv block-000@1260s reward=QoE=   85.60 pacing=1.79s eps=0.050 loss=3.1246
[ep 2362] redandblack  driving_B_2020.02.13_13.03.24.csv block-001@1094s reward=QoE=   -0.81 pacing=0.00s eps=0.050 loss=3.0162
[ep 2363] soldier      static_B_2020.02.27_18.39.27.csv block-001@3612s reward=QoE=  -52.45 pacing=0.00s eps=0.050 loss=3.0883
[ep 2364] longdress    driving_B_2020.02.14_09.38.22.csv block-000@1500s reward=QoE=   24.41 pacing=0.00s eps=0.050 loss=2.7191
[ep 2365] loot         driving_B_2020.02.14_12.58.17.csv block-002@716s reward=QoE=   16.44 pacing=0.00s eps=0.050 loss=2.7776
[ep 2366] redandblack  static_B_2020.02.14_13.21.26.csv block-000@1080s reward=QoE=   79.90 pacing=0.00s eps=0.050 loss=3.0530
[ep 2367] soldier      driving_B_2020.02.27_17.30.15.csv block-002@353s reward=QoE=  -19.66 pacing=0.00s eps=0.050 loss=3.0374
[ep 2368] longdress    driving_B_2020.02.27_17.30.15.csv block-002@413s reward=QoE=   17.83 pacing=0.31s eps=0.050 loss=3.0264
[ep 2369] loot         driving_B_2020.02.14_12.58.17.csv block-002@536s reward=QoE= -149.14 pacing=0.00s eps=0.050 loss=2.9392
[ep 2370] redandblack  driving_B_2020.02.13_15.02.01.csv block-000@3000s reward=QoE=   14.78 pacing=0.00s eps=0.050 loss=3.2656
[ep 2371] soldier      driving_B_2020.02.27_17.30.15.csv block-002@293s reward=QoE= -154.47 pacing=0.00s eps=0.050 loss=3.0289
[ep 2372] longdress    driving_B_2020.02.13_15.02.01.csv block-000@2940s reward=QoE=    1.89 pacing=0.00s eps=0.050 loss=3.0715
[ep 2373] loot         driving_B_2020.01.16_09.56.56.csv block-001@939s reward=QoE=   25.09 pacing=0.00s eps=0.050 loss=2.9905
[ep 2374] redandblack  driving_B_2020.02.13_13.03.24.csv block-000@600s reward=QoE=   19.55 pacing=0.00s eps=0.050 loss=2.9340
[ep 2375] soldier      static_B_2020.02.14_13.21.26.csv block-000@360s reward=QoE=   58.63 pacing=0.00s eps=0.050 loss=2.9984
[ep 2376] longdress    driving_B_2020.02.13_13.03.24.csv block-001@1514s reward=QoE=   12.12 pacing=0.00s eps=0.050 loss=3.1775
[ep 2377] loot         driving_B_2020.02.13_13.03.24.csv block-001@974s reward=QoE=   12.52 pacing=0.00s eps=0.050 loss=3.2376
[ep 2378] redandblack  driving_B_2020.01.16_07.26.43.csv block-000@1140s reward=QoE=   40.71 pacing=0.00s eps=0.050 loss=3.1100
[ep 2379] soldier      driving_B_2020.02.13_13.03.24.csv block-001@914s reward=QoE= -125.65 pacing=0.00s eps=0.050 loss=3.2609
[ep 2380] longdress    driving_B_2020.02.27_17.30.15.csv block-002@533s reward=QoE=  -88.02 pacing=0.00s eps=0.050 loss=3.0639
[ep 2381] loot         static_B_2019.12.16_13.40.04.csv block-005@1586s reward=QoE=  -41.54 pacing=0.00s eps=0.050 loss=2.6964
[ep 2382] redandblack  driving_B_2020.01.16_07.26.43.csv block-000@60s reward=QoE=   37.27 pacing=0.00s eps=0.050 loss=3.4811
[ep 2383] soldier      driving_B_2019.12.17_07.32.39.csv block-004@2237s reward=QoE=   14.59 pacing=0.00s eps=0.050 loss=2.9343
[ep 2384] longdress    driving_B_2020.02.27_17.30.15.csv block-002@413s reward=QoE=   29.25 pacing=0.00s eps=0.050 loss=3.2580
[ep 2385] loot         static_B_2019.12.16_13.40.04.csv block-001@955s reward=QoE=   72.55 pacing=0.00s eps=0.050 loss=3.2880
[ep 2386] redandblack  static_B_2020.02.14_13.21.26.csv block-000@660s reward=QoE=   89.19 pacing=0.93s eps=0.050 loss=3.1094
[ep 2387] soldier      static_B_2020.02.27_18.39.27.csv block-001@72s reward=QoE=   88.96 pacing=0.00s eps=0.050 loss=3.1158
[ep 2388] longdress    driving_B_2020.02.27_17.30.15.csv block-002@293s reward=QoE= -174.89 pacing=0.00s eps=0.050 loss=3.1154
[ep 2389] loot         static_B_2020.02.14_13.21.26.csv block-000@960s reward=QoE=   47.28 pacing=0.00s eps=0.050 loss=3.1841
[ep 2390] redandblack  driving_B_2019.12.17_07.32.39.csv block-000@420s reward=QoE=   37.74 pacing=0.00s eps=0.050 loss=3.2363
[ep 2391] soldier      driving_B_2020.02.14_09.38.22.csv block-000@180s reward=QoE=   -3.70 pacing=0.00s eps=0.050 loss=3.1607
[ep 2392] longdress    driving_B_2020.02.14_09.38.22.csv block-000@1140s reward=QoE=  -20.03 pacing=0.00s eps=0.050 loss=2.9412
[ep 2393] loot         driving_B_2020.02.14_12.58.17.csv block-002@656s reward=QoE=   45.49 pacing=0.00s eps=0.050 loss=3.2145
[ep 2394] redandblack  driving_B_2020.01.16_09.56.56.csv block-000@60s reward=QoE=   -5.67 pacing=0.00s eps=0.050 loss=2.7235
[ep 2395] soldier      driving_B_2019.12.17_07.32.39.csv block-004@2357s reward=QoE=    5.57 pacing=0.01s eps=0.050 loss=2.7917
[ep 2396] longdress    driving_B_2020.02.14_12.58.17.csv block-002@536s reward=QoE= -164.17 pacing=0.00s eps=0.050 loss=2.8585
[ep 2397] loot         driving_B_2020.02.14_12.58.17.csv block-000@0s reward=QoE=   11.31 pacing=0.00s eps=0.050 loss=3.1098
[ep 2398] redandblack  driving_B_2020.02.13_15.02.01.csv block-000@300s reward=QoE=   88.58 pacing=1.09s eps=0.050 loss=2.8774
[ep 2399] soldier      driving_B_2019.12.17_07.32.39.csv block-003@1834s reward=QoE=    6.58 pacing=0.00s eps=0.050 loss=3.0483
[ep 2400] longdress    driving_B_2019.12.16_12.27.05.csv block-000@1200s reward=QoE=   13.98 pacing=0.00s eps=0.050 loss=2.7773
    [eval @ ep 2400] reward=QoE=38.61 mean_q=0.553 stall=1.1s
    [early stop] no validation improvement for 3 checks
==========================================================================================
✅ Training done. untrained qoe_quality=-151.66 -> final 38.61 (best=49.20)
📦 Saved: C:\Users\Nima\PointCloudStreaming\logs\train_runs\20260720_005851_wide\sweep\confirm\trial_011_s46\abr_dqn.pkl  (+ C:\Users\Nima\PointCloudStreaming\logs\train_runs\20260720_005851_wide\sweep\confirm\trial_011_s46\abr_dqn_best.pkl)
🧾 History: C:\Users\Nima\PointCloudStreaming\logs\train_runs\20260720_005851_wide\sweep\confirm\trial_011_s46\abr_dqn_train_history.json
🧾 Summary: C:\Users\Nima\PointCloudStreaming\logs\train_runs\20260720_005851_wide\sweep\confirm\trial_011_s46\train_summary.json
