episode,sequence,file,window_id,block_id,start_time_s,reward,qoe,qoe_quality,request_pacing_s,epsilon,mean_loss
1,longdress,driving_B_2020.02.27_17.30.15.csv,train/driving_B_2020.02.27_17.30.15.csv#block-002@time-413.000s,block-002,413.000,-538.5797,-538.58,-538.58,0.0000,0.9995,0.000000
2,loot,static_B_2020.02.27_18.39.27.csv,train/static_B_2020.02.27_18.39.27.csv#block-001@time-3192.000s,block-001,3192.000,45.8950,45.89,45.89,0.7410,0.9989,0.000000
3,redandblack,static_B_2019.12.16_13.40.04.csv,train/static_B_2019.12.16_13.40.04.csv#block-001@time-595.000s,block-001,595.000,54.9348,54.93,54.93,1.3197,0.9983,0.000000
4,soldier,driving_B_2020.02.14_12.58.17.csv,train/driving_B_2020.02.14_12.58.17.csv#block-002@time-596.000s,block-002,596.000,-162.7634,-162.76,-162.76,0.0000,0.9977,9.714633
5,longdress,driving_B_2020.02.13_13.03.24.csv,train/driving_B_2020.02.13_13.03.24.csv#block-001@time-974.000s,block-001,974.000,-82.3116,-82.31,-82.31,0.0000,0.9972,9.133604
6,loot,driving_B_2020.02.13_13.03.24.csv,train/driving_B_2020.02.13_13.03.24.csv#block-000@time-600.000s,block-000,600.000,-16.3513,-16.35,-16.35,0.0000,0.9966,8.269183
7,redandblack,driving_B_2020.02.14_12.58.17.csv,train/driving_B_2020.02.14_12.58.17.csv#block-002@time-656.000s,block-002,656.000,-59.5765,-59.58,-59.58,0.0000,0.9960,6.580396
8,soldier,driving_B_2020.01.16_09.56.56.csv,train/driving_B_2020.01.16_09.56.56.csv#block-001@time-1719.000s,block-001,1719.000,29.3069,29.31,29.31,0.0000,0.9955,7.031423
9,longdress,static_B_2020.02.27_18.39.27.csv,train/static_B_2020.02.27_18.39.27.csv#block-001@time-2952.000s,block-001,2952.000,47.4548,47.45,47.45,0.0000,0.9949,6.239212
10,loot,driving_B_2020.02.13_15.02.01.csv,train/driving_B_2020.02.13_15.02.01.csv#block-000@time-1200.000s,block-000,1200.000,31.0272,31.03,31.03,0.0000,0.9943,3.804418
11,redandblack,driving_B_2020.01.16_09.56.56.csv,train/driving_B_2020.01.16_09.56.56.csv#block-001@time-1599.000s,block-001,1599.000,52.9562,52.96,52.96,1.3522,0.9937,4.748825
12,soldier,driving_B_2019.12.16_12.27.05.csv,train/driving_B_2019.12.16_12.27.05.csv#block-000@time-240.000s,block-000,240.000,-31.9246,-31.92,-31.92,0.0000,0.9932,4.211346
13,longdress,driving_B_2020.02.14_12.58.17.csv,train/driving_B_2020.02.14_12.58.17.csv#block-002@time-656.000s,block-002,656.000,-87.5531,-87.55,-87.55,0.0000,0.9926,4.771331
14,loot,driving_B_2020.02.13_15.02.01.csv,train/driving_B_2020.02.13_15.02.01.csv#block-000@time-240.000s,block-000,240.000,55.7285,55.73,55.73,2.0253,0.9920,3.709716
15,redandblack,driving_B_2020.02.13_15.02.01.csv,train/driving_B_2020.02.13_15.02.01.csv#block-000@time-1680.000s,block-000,1680.000,-115.7493,-115.75,-115.75,0.0000,0.9915,4.489332
16,soldier,driving_B_2019.12.16_12.27.05.csv,train/driving_B_2019.12.16_12.27.05.csv#block-000@time-180.000s,block-000,180.000,-71.3396,-71.34,-71.34,0.0000,0.9909,4.217654
17,longdress,driving_B_2020.02.27_17.30.15.csv,train/driving_B_2020.02.27_17.30.15.csv#block-002@time-473.000s,block-002,473.000,-544.3739,-544.37,-544.37,0.0000,0.9903,5.124115
18,loot,driving_B_2020.02.14_12.58.17.csv,train/driving_B_2020.02.14_12.58.17.csv#block-002@time-596.000s,block-002,596.000,-42.0563,-42.06,-42.06,0.0000,0.9898,5.001386
19,redandblack,driving_B_2020.02.13_13.03.24.csv,train/driving_B_2020.02.13_13.03.24.csv#block-000@time-480.000s,block-000,480.000,-27.6531,-27.65,-27.65,0.0000,0.9892,5.155380
20,soldier,driving_B_2019.12.17_07.32.39.csv,train/driving_B_2019.12.17_07.32.39.csv#block-000@time-120.000s,block-000,120.000,-36.2843,-36.28,-36.28,0.0000,0.9886,4.023085
21,longdress,driving_B_2020.01.16_07.26.43.csv,train/driving_B_2020.01.16_07.26.43.csv#block-000@time-240.000s,block-000,240.000,-49.6200,-49.62,-49.62,0.0000,0.9880,4.122911
22,loot,driving_B_2020.02.13_13.03.24.csv,train/driving_B_2020.02.13_13.03.24.csv#block-000@time-540.000s,block-000,540.000,-54.7428,-54.74,-54.74,0.0000,0.9875,4.187965
23,redandblack,driving_B_2020.01.16_07.26.43.csv,train/driving_B_2020.01.16_07.26.43.csv#block-000@time-480.000s,block-000,480.000,-138.5124,-138.51,-138.51,0.0000,0.9869,3.388210
24,soldier,driving_B_2020.01.16_07.26.43.csv,train/driving_B_2020.01.16_07.26.43.csv#block-000@time-900.000s,block-000,900.000,18.2471,18.25,18.25,0.0000,0.9863,3.984044
25,longdress,static_B_2020.02.14_13.21.26.csv,train/static_B_2020.02.14_13.21.26.csv#block-000@time-840.000s,block-000,840.000,45.4804,45.48,45.48,2.1259,0.9858,3.956580
26,loot,driving_B_2020.02.13_15.02.01.csv,train/driving_B_2020.02.13_15.02.01.csv#block-000@time-1740.000s,block-000,1740.000,-473.3339,-473.33,-473.33,0.0000,0.9852,4.544362
27,redandblack,static_B_2020.02.27_18.39.27.csv,train/static_B_2020.02.27_18.39.27.csv#block-001@time-2052.000s,block-001,2052.000,-295.2171,-295.22,-295.22,0.0000,0.9846,5.158224
28,soldier,driving_B_2020.01.16_07.26.43.csv,train/driving_B_2020.01.16_07.26.43.csv#block-000@time-180.000s,block-000,180.000,-230.2819,-230.28,-230.28,0.0000,0.9840,5.134686
29,longdress,driving_B_2020.01.16_09.56.56.csv,train/driving_B_2020.01.16_09.56.56.csv#block-001@time-639.000s,block-001,639.000,51.8808,51.88,51.88,0.0000,0.9835,4.680152
30,loot,static_B_2019.12.16_13.40.04.csv,train/static_B_2019.12.16_13.40.04.csv#block-000@time-0.000s,block-000,0.000,52.7141,52.71,52.71,1.4253,0.9829,4.691971
31,redandblack,static_B_2020.02.14_13.21.26.csv,train/static_B_2020.02.14_13.21.26.csv#block-000@time-360.000s,block-000,360.000,52.4775,52.48,52.48,0.0531,0.9823,5.731648
32,soldier,driving_B_2020.01.16_09.56.56.csv,train/driving_B_2020.01.16_09.56.56.csv#block-000@time-360.000s,block-000,360.000,7.3870,7.39,7.39,0.0000,0.9818,4.900535
33,longdress,driving_B_2020.02.27_17.30.15.csv,train/driving_B_2020.02.27_17.30.15.csv#block-002@time-293.000s,block-002,293.000,-453.0551,-453.06,-453.06,0.0000,0.9812,5.755751
34,loot,driving_B_2020.02.13_15.02.01.csv,train/driving_B_2020.02.13_15.02.01.csv#block-000@time-60.000s,block-000,60.000,45.7169,45.72,45.72,1.9076,0.9806,4.862177
35,redandblack,driving_B_2020.02.27_17.30.15.csv,train/driving_B_2020.02.27_17.30.15.csv#block-002@time-413.000s,block-002,413.000,-430.7756,-430.78,-430.78,0.0000,0.9800,4.060485
36,soldier,static_B_2020.02.27_18.39.27.csv,train/static_B_2020.02.27_18.39.27.csv#block-001@time-852.000s,block-001,852.000,17.3431,17.34,17.34,0.0000,0.9795,5.317331
37,longdress,driving_B_2019.12.16_12.27.05.csv,train/driving_B_2019.12.16_12.27.05.csv#block-000@time-720.000s,block-000,720.000,-72.4965,-72.50,-72.50,0.0000,0.9789,5.160903
38,loot,driving_B_2020.02.14_12.58.17.csv,train/driving_B_2020.02.14_12.58.17.csv#block-002@time-656.000s,block-002,656.000,15.5555,15.56,15.56,0.0000,0.9783,6.777013
39,redandblack,driving_B_2020.02.14_12.58.17.csv,train/driving_B_2020.02.14_12.58.17.csv#block-002@time-596.000s,block-002,596.000,-60.1343,-60.13,-60.13,0.0000,0.9778,4.752614
40,soldier,driving_B_2020.02.13_15.02.01.csv,train/driving_B_2020.02.13_15.02.01.csv#block-000@time-2760.000s,block-000,2760.000,-117.7956,-117.80,-117.80,0.0000,0.9772,5.243416
41,longdress,driving_B_2020.02.13_13.03.24.csv,train/driving_B_2020.02.13_13.03.24.csv#block-001@time-1034.000s,block-001,1034.000,-237.3051,-237.31,-237.31,0.0000,0.9766,5.134647
42,loot,static_B_2020.02.27_18.39.27.csv,train/static_B_2020.02.27_18.39.27.csv#block-001@time-6012.000s,block-001,6012.000,44.7886,44.79,44.79,3.0516,0.9761,4.856076
43,redandblack,static_B_2019.12.16_13.40.04.csv,train/static_B_2019.12.16_13.40.04.csv#block-005@time-1706.000s,block-005,1706.000,37.2807,37.28,37.28,0.3884,0.9755,4.245272
44,soldier,driving_B_2020.02.14_12.58.17.csv,train/driving_B_2020.02.14_12.58.17.csv#block-002@time-656.000s,block-002,656.000,-14.0993,-14.10,-14.10,0.0000,0.9749,4.763750
45,longdress,driving_B_2020.02.14_09.38.22.csv,train/driving_B_2020.02.14_09.38.22.csv#block-000@time-240.000s,block-000,240.000,-258.6152,-258.62,-258.62,0.0000,0.9743,3.569533
46,loot,driving_B_2020.01.16_09.56.56.csv,train/driving_B_2020.01.16_09.56.56.csv#block-001@time-519.000s,block-001,519.000,28.3511,28.35,28.35,0.0000,0.9738,4.419402
47,redandblack,driving_B_2020.01.16_09.56.56.csv,train/driving_B_2020.01.16_09.56.56.csv#block-001@time-759.000s,block-001,759.000,19.2265,19.23,19.23,0.0000,0.9732,4.990635
48,soldier,driving_B_2020.01.16_09.56.56.csv,train/driving_B_2020.01.16_09.56.56.csv#block-001@time-699.000s,block-001,699.000,62.9459,62.95,62.95,1.1727,0.9726,5.043668
49,longdress,driving_B_2019.12.16_12.27.05.csv,train/driving_B_2019.12.16_12.27.05.csv#block-000@time-0.000s,block-000,0.000,4.9091,4.91,4.91,0.0000,0.9721,4.698406
50,loot,driving_B_2020.02.14_12.58.17.csv,train/driving_B_2020.02.14_12.58.17.csv#block-002@time-716.000s,block-002,716.000,-3.6203,-3.62,-3.62,0.0000,0.9715,4.591733
51,redandblack,driving_B_2020.01.16_09.56.56.csv,train/driving_B_2020.01.16_09.56.56.csv#block-001@time-1239.000s,block-001,1239.000,35.7167,35.72,35.72,0.0000,0.9709,5.033434
52,soldier,static_B_2020.02.14_13.21.26.csv,train/static_B_2020.02.14_13.21.26.csv#block-000@time-840.000s,block-000,840.000,49.2767,49.28,49.28,1.1224,0.9703,3.878912
53,longdress,static_B_2020.02.27_18.39.27.csv,train/static_B_2020.02.27_18.39.27.csv#block-001@time-2352.000s,block-001,2352.000,34.9621,34.96,34.96,0.0000,0.9698,4.639706
54,loot,static_B_2019.12.16_13.40.04.csv,train/static_B_2019.12.16_13.40.04.csv#block-001@time-715.000s,block-001,715.000,31.6669,31.67,31.67,0.0000,0.9692,3.878059
55,redandblack,driving_B_2020.01.16_09.56.56.csv,train/driving_B_2020.01.16_09.56.56.csv#block-001@time-819.000s,block-001,819.000,15.7448,15.74,15.74,0.0000,0.9686,3.577346
56,soldier,static_B_2019.12.16_13.40.04.csv,train/static_B_2019.12.16_13.40.04.csv#block-001@time-895.000s,block-001,895.000,33.1783,33.18,33.18,0.0000,0.9681,3.900076
57,longdress,driving_B_2020.01.16_07.26.43.csv,train/driving_B_2020.01.16_07.26.43.csv#block-000@time-1380.000s,block-000,1380.000,-34.7199,-34.72,-34.72,0.0000,0.9675,4.116452
58,loot,static_B_2020.02.14_13.21.26.csv,train/static_B_2020.02.14_13.21.26.csv#block-000@time-720.000s,block-000,720.000,47.5972,47.60,47.60,2.9104,0.9669,4.283541
59,redandblack,static_B_2019.12.16_13.40.04.csv,train/static_B_2019.12.16_13.40.04.csv#block-005@time-1946.000s,block-005,1946.000,53.7574,53.76,53.76,0.5235,0.9663,4.065879
60,soldier,driving_B_2020.02.14_09.38.22.csv,train/driving_B_2020.02.14_09.38.22.csv#block-000@time-1380.000s,block-000,1380.000,11.3784,11.38,11.38,0.0000,0.9658,3.908485
61,longdress,driving_B_2019.12.17_07.32.39.csv,train/driving_B_2019.12.17_07.32.39.csv#block-004@time-2537.000s,block-004,2537.000,57.6597,57.66,57.66,1.8580,0.9652,3.485724
62,loot,static_B_2019.12.16_13.40.04.csv,train/static_B_2019.12.16_13.40.04.csv#block-001@time-1135.000s,block-001,1135.000,50.2075,50.21,50.21,0.0000,0.9646,3.012747
63,redandblack,driving_B_2019.12.17_07.32.39.csv,train/driving_B_2019.12.17_07.32.39.csv#block-003@time-1534.000s,block-003,1534.000,17.5393,17.54,17.54,0.0000,0.9641,3.169669
64,soldier,static_B_2020.02.14_13.21.26.csv,train/static_B_2020.02.14_13.21.26.csv#block-000@time-180.000s,block-000,180.000,43.3075,43.31,43.31,2.7955,0.9635,4.702592
65,longdress,driving_B_2020.02.14_09.38.22.csv,train/driving_B_2020.02.14_09.38.22.csv#block-000@time-1440.000s,block-000,1440.000,35.7019,35.70,35.70,1.0261,0.9629,2.943253
66,loot,driving_B_2019.12.16_12.27.05.csv,train/driving_B_2019.12.16_12.27.05.csv#block-000@time-960.000s,block-000,960.000,49.1553,49.16,49.16,2.1454,0.9623,2.960870
67,redandblack,driving_B_2020.02.13_15.02.01.csv,train/driving_B_2020.02.13_15.02.01.csv#block-000@time-600.000s,block-000,600.000,4.5356,4.54,4.54,0.0000,0.9618,2.982053
68,soldier,driving_B_2019.12.16_12.27.05.csv,train/driving_B_2019.12.16_12.27.05.csv#block-000@time-660.000s,block-000,660.000,-251.6257,-251.63,-251.63,0.0000,0.9612,3.897184
69,longdress,static_B_2019.12.16_13.40.04.csv,train/static_B_2019.12.16_13.40.04.csv#block-005@time-1346.000s,block-005,1346.000,-25.7362,-25.74,-25.74,0.0000,0.9606,3.534065
70,loot,driving_B_2019.12.17_07.32.39.csv,train/driving_B_2019.12.17_07.32.39.csv#block-000@time-0.000s,block-000,0.000,-11.1375,-11.14,-11.14,0.0000,0.9601,3.295800
71,redandblack,driving_B_2020.01.16_09.56.56.csv,train/driving_B_2020.01.16_09.56.56.csv#block-001@time-1419.000s,block-001,1419.000,32.0622,32.06,32.06,0.0000,0.9595,3.489740
72,soldier,driving_B_2020.02.14_12.58.17.csv,train/driving_B_2020.02.14_12.58.17.csv#block-002@time-716.000s,block-002,716.000,-188.9124,-188.91,-188.91,0.0000,0.9589,4.014759
73,longdress,static_B_2020.02.14_13.21.26.csv,train/static_B_2020.02.14_13.21.26.csv#block-000@time-960.000s,block-000,960.000,3.8677,3.87,3.87,0.0000,0.9584,3.899901
74,loot,driving_B_2019.12.17_07.32.39.csv,train/driving_B_2019.12.17_07.32.39.csv#block-000@time-180.000s,block-000,180.000,16.9980,17.00,17.00,0.0000,0.9578,3.086764
75,redandblack,driving_B_2019.12.17_07.32.39.csv,train/driving_B_2019.12.17_07.32.39.csv#block-000@time-420.000s,block-000,420.000,37.6285,37.63,37.63,0.0000,0.9572,3.956413
76,soldier,driving_B_2020.02.14_09.38.22.csv,train/driving_B_2020.02.14_09.38.22.csv#block-000@time-1200.000s,block-000,1200.000,-110.2166,-110.22,-110.22,0.0000,0.9566,2.594952
77,longdress,driving_B_2020.01.16_12.10.03.csv,train/driving_B_2020.01.16_12.10.03.csv#block-000@time-240.000s,block-000,240.000,25.1906,25.19,25.19,1.2422,0.9561,2.662311
78,loot,driving_B_2019.12.16_12.27.05.csv,train/driving_B_2019.12.16_12.27.05.csv#block-000@time-360.000s,block-000,360.000,-0.8485,-0.85,-0.85,0.0000,0.9555,3.122886
79,redandblack,driving_B_2020.02.27_17.30.15.csv,train/driving_B_2020.02.27_17.30.15.csv#block-002@time-473.000s,block-002,473.000,-348.1624,-348.16,-348.16,0.0000,0.9549,3.680187
80,soldier,static_B_2020.02.27_18.39.27.csv,train/static_B_2020.02.27_18.39.27.csv#block-001@time-1752.000s,block-001,1752.000,39.3620,39.36,39.36,0.0000,0.9544,4.161249
81,longdress,driving_B_2020.01.16_12.10.03.csv,train/driving_B_2020.01.16_12.10.03.csv#block-000@time-120.000s,block-000,120.000,39.2379,39.24,39.24,0.6971,0.9538,4.466156
82,loot,driving_B_2019.12.16_12.27.05.csv,train/driving_B_2019.12.16_12.27.05.csv#block-000@time-840.000s,block-000,840.000,37.0227,37.02,37.02,0.0000,0.9532,3.882874
83,redandblack,driving_B_2020.02.14_12.58.17.csv,train/driving_B_2020.02.14_12.58.17.csv#block-000@time-0.000s,block-000,0.000,-30.4258,-30.43,-30.43,0.0000,0.9526,4.019868
84,soldier,driving_B_2020.02.27_17.30.15.csv,train/driving_B_2020.02.27_17.30.15.csv#block-002@time-293.000s,block-002,293.000,-316.1944,-316.19,-316.19,0.0000,0.9521,2.841306
85,longdress,driving_B_2020.02.13_15.02.01.csv,train/driving_B_2020.02.13_15.02.01.csv#block-000@time-1980.000s,block-000,1980.000,43.1638,43.16,43.16,1.5674,0.9515,3.435420
86,loot,driving_B_2020.02.13_13.03.24.csv,train/driving_B_2020.02.13_13.03.24.csv#block-001@time-1154.000s,block-001,1154.000,-132.8281,-132.83,-132.83,0.0000,0.9509,3.726727
87,redandblack,driving_B_2020.02.13_15.02.01.csv,train/driving_B_2020.02.13_15.02.01.csv#block-000@time-480.000s,block-000,480.000,56.5004,56.50,56.50,0.0000,0.9504,3.062671
88,soldier,driving_B_2020.02.14_09.38.22.csv,train/driving_B_2020.02.14_09.38.22.csv#block-000@time-480.000s,block-000,480.000,-24.7013,-24.70,-24.70,0.0000,0.9498,3.048884
89,longdress,static_B_2020.02.27_18.39.27.csv,train/static_B_2020.02.27_18.39.27.csv#block-001@time-3552.000s,block-001,3552.000,-79.1117,-79.11,-79.11,0.0000,0.9492,2.976728
90,loot,driving_B_2019.12.16_12.27.05.csv,train/driving_B_2019.12.16_12.27.05.csv#block-000@time-900.000s,block-000,900.000,53.2450,53.24,53.24,2.3433,0.9486,2.307204
91,redandblack,driving_B_2020.02.13_15.02.01.csv,train/driving_B_2020.02.13_15.02.01.csv#block-000@time-2040.000s,block-000,2040.000,36.8712,36.87,36.87,2.4989,0.9481,3.503070
92,soldier,driving_B_2020.02.14_09.38.22.csv,train/driving_B_2020.02.14_09.38.22.csv#block-000@time-720.000s,block-000,720.000,51.6238,51.62,51.62,0.1640,0.9475,3.432525
93,longdress,driving_B_2020.02.27_17.30.15.csv,train/driving_B_2020.02.27_17.30.15.csv#block-002@time-353.000s,block-002,353.000,-627.7961,-627.80,-627.80,0.0000,0.9469,3.453779
94,loot,driving_B_2019.12.16_12.27.05.csv,train/driving_B_2019.12.16_12.27.05.csv#block-000@time-300.000s,block-000,300.000,-10.4755,-10.48,-10.48,0.0000,0.9464,4.264420
95,redandblack,driving_B_2020.02.14_09.38.22.csv,train/driving_B_2020.02.14_09.38.22.csv#block-000@time-60.000s,block-000,60.000,-144.1570,-144.16,-144.16,0.0000,0.9458,3.519934
96,soldier,driving_B_2020.01.16_12.10.03.csv,train/driving_B_2020.01.16_12.10.03.csv#block-000@time-120.000s,block-000,120.000,49.9107,49.91,49.91,1.1941,0.9452,3.659625
97,longdress,driving_B_2019.12.16_12.27.05.csv,train/driving_B_2019.12.16_12.27.05.csv#block-000@time-660.000s,block-000,660.000,-310.6511,-310.65,-310.65,0.0000,0.9446,3.140950
98,loot,driving_B_2019.12.16_12.27.05.csv,train/driving_B_2019.12.16_12.27.05.csv#block-000@time-60.000s,block-000,60.000,-11.5421,-11.54,-11.54,0.0000,0.9441,3.912534
99,redandblack,driving_B_2020.02.27_17.30.15.csv,train/driving_B_2020.02.27_17.30.15.csv#block-002@time-293.000s,block-002,293.000,-351.3192,-351.32,-351.32,0.0000,0.9435,3.241649
100,soldier,driving_B_2020.02.14_09.38.22.csv,train/driving_B_2020.02.14_09.38.22.csv#block-000@time-960.000s,block-000,960.000,42.6908,42.69,42.69,1.8942,0.9429,3.486960
101,longdress,driving_B_2020.02.13_15.02.01.csv,train/driving_B_2020.02.13_15.02.01.csv#block-000@time-2460.000s,block-000,2460.000,38.1395,38.14,38.14,0.0000,0.9424,3.283964
102,loot,driving_B_2020.01.16_07.26.43.csv,train/driving_B_2020.01.16_07.26.43.csv#block-000@time-600.000s,block-000,600.000,-7.5816,-7.58,-7.58,0.0000,0.9418,3.334166
103,redandblack,driving_B_2020.01.16_07.26.43.csv,train/driving_B_2020.01.16_07.26.43.csv#block-000@time-1620.000s,block-000,1620.000,-57.1152,-57.12,-57.12,0.0000,0.9412,3.451942
104,soldier,driving_B_2020.02.14_12.58.17.csv,train/driving_B_2020.02.14_12.58.17.csv#block-002@time-596.000s,block-002,596.000,-155.3191,-155.32,-155.32,0.0000,0.9407,3.472933
105,longdress,static_B_2020.02.27_18.39.27.csv,train/static_B_2020.02.27_18.39.27.csv#block-001@time-1092.000s,block-001,1092.000,53.7808,53.78,53.78,0.0000,0.9401,3.433685
106,loot,static_B_2020.02.27_18.39.27.csv,train/static_B_2020.02.27_18.39.27.csv#block-001@time-1512.000s,block-001,1512.000,53.9408,53.94,53.94,0.4013,0.9395,3.459141
107,redandblack,driving_B_2020.01.16_07.26.43.csv,train/driving_B_2020.01.16_07.26.43.csv#block-000@time-300.000s,block-000,300.000,21.6537,21.65,21.65,0.0000,0.9389,2.947926
108,soldier,static_B_2019.12.16_13.40.04.csv,train/static_B_2019.12.16_13.40.04.csv#block-000@time-360.000s,block-000,360.000,-41.4348,-41.43,-41.43,0.0000,0.9384,3.470351
109,longdress,driving_B_2020.02.13_15.02.01.csv,train/driving_B_2020.02.13_15.02.01.csv#block-000@time-2940.000s,block-000,2940.000,-162.0828,-162.08,-162.08,0.0000,0.9378,3.588345
110,loot,driving_B_2020.02.13_13.03.24.csv,train/driving_B_2020.02.13_13.03.24.csv#block-001@time-914.000s,block-001,914.000,-148.8750,-148.88,-148.88,0.0000,0.9372,2.847921
111,redandblack,driving_B_2019.12.16_12.27.05.csv,train/driving_B_2019.12.16_12.27.05.csv#block-000@time-840.000s,block-000,840.000,37.0754,37.08,37.08,0.0000,0.9367,3.206350
112,soldier,static_B_2019.12.16_13.40.04.csv,train/static_B_2019.12.16_13.40.04.csv#block-005@time-1466.000s,block-005,1466.000,44.9004,44.90,44.90,0.0000,0.9361,2.968388
113,longdress,driving_B_2020.01.16_12.10.03.csv,train/driving_B_2020.01.16_12.10.03.csv#block-000@time-60.000s,block-000,60.000,36.4541,36.45,36.45,0.0000,0.9355,2.552232
114,loot,static_B_2020.02.27_18.39.27.csv,train/static_B_2020.02.27_18.39.27.csv#block-001@time-4332.000s,block-001,4332.000,56.6404,56.64,56.64,0.0000,0.9349,3.457388
115,redandblack,driving_B_2019.12.17_07.32.39.csv,train/driving_B_2019.12.17_07.32.39.csv#block-003@time-1954.000s,block-003,1954.000,-125.1956,-125.20,-125.20,0.0000,0.9344,2.663222
116,soldier,driving_B_2020.02.27_17.30.15.csv,train/driving_B_2020.02.27_17.30.15.csv#block-002@time-293.000s,block-002,293.000,-318.2461,-318.25,-318.25,0.0000,0.9338,3.059262
117,longdress,static_B_2020.02.27_18.39.27.csv,train/static_B_2020.02.27_18.39.27.csv#block-001@time-5892.000s,block-001,5892.000,38.4893,38.49,38.49,1.2987,0.9332,4.185296
118,loot,driving_B_2020.01.16_12.10.03.csv,train/driving_B_2020.01.16_12.10.03.csv#block-000@time-180.000s,block-000,180.000,37.8290,37.83,37.83,0.9146,0.9327,3.023249
119,redandblack,driving_B_2020.01.16_12.10.03.csv,train/driving_B_2020.01.16_12.10.03.csv#block-000@time-0.000s,block-000,0.000,51.2245,51.22,51.22,2.8409,0.9321,3.236557
120,soldier,driving_B_2020.01.16_09.56.56.csv,train/driving_B_2020.01.16_09.56.56.csv#block-001@time-579.000s,block-001,579.000,21.5358,21.54,21.54,0.0000,0.9315,3.295312
121,longdress,driving_B_2019.12.17_07.32.39.csv,train/driving_B_2019.12.17_07.32.39.csv#block-004@time-2477.000s,block-004,2477.000,49.1896,49.19,49.19,0.0000,0.9309,3.194732
122,loot,static_B_2020.02.14_13.21.26.csv,train/static_B_2020.02.14_13.21.26.csv#block-000@time-180.000s,block-000,180.000,49.6835,49.68,49.68,0.0000,0.9304,3.251223
123,redandblack,static_B_2019.12.16_13.40.04.csv,train/static_B_2019.12.16_13.40.04.csv#block-001@time-655.000s,block-001,655.000,44.2565,44.26,44.26,0.0000,0.9298,3.574296
124,soldier,driving_B_2020.01.16_09.56.56.csv,train/driving_B_2020.01.16_09.56.56.csv#block-001@time-939.000s,block-001,939.000,-31.3186,-31.32,-31.32,0.0000,0.9292,3.183993
125,longdress,driving_B_2020.01.16_12.10.03.csv,train/driving_B_2020.01.16_12.10.03.csv#block-000@time-300.000s,block-000,300.000,21.7326,21.73,21.73,0.0000,0.9287,2.630067
126,loot,driving_B_2020.02.13_15.02.01.csv,train/driving_B_2020.02.13_15.02.01.csv#block-000@time-2580.000s,block-000,2580.000,-378.7729,-378.77,-378.77,0.0000,0.9281,3.925985
127,redandblack,driving_B_2020.02.27_17.30.15.csv,train/driving_B_2020.02.27_17.30.15.csv#block-002@time-533.000s,block-002,533.000,-201.7763,-201.78,-201.78,0.0000,0.9275,3.348796
128,soldier,driving_B_2019.12.16_12.27.05.csv,train/driving_B_2019.12.16_12.27.05.csv#block-000@time-1260.000s,block-000,1260.000,36.0277,36.03,36.03,1.2688,0.9270,2.959066
129,longdress,static_B_2019.12.16_13.40.04.csv,train/static_B_2019.12.16_13.40.04.csv#block-000@time-240.000s,block-000,240.000,-5.2333,-5.23,-5.23,0.0000,0.9264,3.541155
130,loot,driving_B_2020.02.13_15.02.01.csv,train/driving_B_2020.02.13_15.02.01.csv#block-000@time-2400.000s,block-000,2400.000,67.6355,67.64,67.64,1.8290,0.9258,3.149248
131,redandblack,static_B_2020.02.14_13.21.26.csv,train/static_B_2020.02.14_13.21.26.csv#block-000@time-780.000s,block-000,780.000,50.0889,50.09,50.09,2.4956,0.9252,3.453658
132,soldier,driving_B_2020.01.16_09.56.56.csv,train/driving_B_2020.01.16_09.56.56.csv#block-001@time-1119.000s,block-001,1119.000,54.8876,54.89,54.89,1.3468,0.9247,2.732787
133,longdress,driving_B_2020.01.16_12.10.03.csv,train/driving_B_2020.01.16_12.10.03.csv#block-000@time-360.000s,block-000,360.000,53.9277,53.93,53.93,1.5544,0.9241,3.290579
134,loot,static_B_2020.02.27_18.39.27.csv,train/static_B_2020.02.27_18.39.27.csv#block-001@time-3432.000s,block-001,3432.000,30.1073,30.11,30.11,0.0000,0.9235,3.337194
135,redandblack,static_B_2020.02.27_18.39.27.csv,train/static_B_2020.02.27_18.39.27.csv#block-001@time-6252.000s,block-001,6252.000,42.9942,42.99,42.99,1.5664,0.9230,2.921227
136,soldier,static_B_2019.12.16_13.40.04.csv,train/static_B_2019.12.16_13.40.04.csv#block-006@time-2232.000s,block-006,2232.000,51.6267,51.63,51.63,1.4908,0.9224,3.246953
137,longdress,static_B_2020.02.14_13.21.26.csv,train/static_B_2020.02.14_13.21.26.csv#block-000@time-600.000s,block-000,600.000,58.8330,58.83,58.83,1.4656,0.9218,3.291478
138,loot,driving_B_2020.01.16_09.56.56.csv,train/driving_B_2020.01.16_09.56.56.csv#block-000@time-120.000s,block-000,120.000,-132.2895,-132.29,-132.29,0.0000,0.9212,2.802372
139,redandblack,driving_B_2020.02.13_13.03.24.csv,train/driving_B_2020.02.13_13.03.24.csv#block-001@time-1634.000s,block-001,1634.000,-99.4805,-99.48,-99.48,0.0000,0.9207,3.647312
140,soldier,driving_B_2020.01.16_12.10.03.csv,train/driving_B_2020.01.16_12.10.03.csv#block-000@time-180.000s,block-000,180.000,56.1448,56.14,56.14,1.9912,0.9201,3.191453
141,longdress,driving_B_2020.02.13_15.02.01.csv,train/driving_B_2020.02.13_15.02.01.csv#block-000@time-2700.000s,block-000,2700.000,-370.8114,-370.81,-370.81,0.0000,0.9195,3.993972
142,loot,driving_B_2019.12.16_12.27.05.csv,train/driving_B_2019.12.16_12.27.05.csv#block-000@time-60.000s,block-000,60.000,-5.0546,-5.05,-5.05,0.0000,0.9190,3.069922
143,redandblack,driving_B_2020.01.16_12.10.03.csv,train/driving_B_2020.01.16_12.10.03.csv#block-000@time-360.000s,block-000,360.000,35.6809,35.68,35.68,0.9148,0.9184,2.716562
144,soldier,driving_B_2020.01.16_07.26.43.csv,train/driving_B_2020.01.16_07.26.43.csv#block-000@time-540.000s,block-000,540.000,-146.3320,-146.33,-146.33,0.0000,0.9178,3.321251
145,longdress,driving_B_2020.01.16_12.10.03.csv,train/driving_B_2020.01.16_12.10.03.csv#block-000@time-180.000s,block-000,180.000,32.1700,32.17,32.17,2.6246,0.9172,3.013641
146,loot,driving_B_2019.12.17_07.32.39.csv,train/driving_B_2019.12.17_07.32.39.csv#block-000@time-1200.000s,block-000,1200.000,27.6617,27.66,27.66,1.4245,0.9167,3.435887
147,redandblack,driving_B_2020.02.27_17.30.15.csv,train/driving_B_2020.02.27_17.30.15.csv#block-002@time-473.000s,block-002,473.000,-336.9473,-336.95,-336.95,0.0000,0.9161,2.758776
148,soldier,static_B_2020.02.14_13.21.26.csv,train/static_B_2020.02.14_13.21.26.csv#block-000@time-300.000s,block-000,300.000,44.4462,44.45,44.45,0.7349,0.9155,2.528505
149,longdress,static_B_2020.02.14_13.21.26.csv,train/static_B_2020.02.14_13.21.26.csv#block-000@time-720.000s,block-000,720.000,33.4308,33.43,33.43,0.4564,0.9150,2.913284
150,loot,driving_B_2020.01.16_12.10.03.csv,train/driving_B_2020.01.16_12.10.03.csv#block-000@time-300.000s,block-000,300.000,20.9694,20.97,20.97,0.0000,0.9144,2.968122
151,redandblack,driving_B_2019.12.17_07.32.39.csv,train/driving_B_2019.12.17_07.32.39.csv#block-000@time-1320.000s,block-000,1320.000,-27.4365,-27.44,-27.44,0.0000,0.9138,2.986193
152,soldier,driving_B_2020.02.13_13.03.24.csv,train/driving_B_2020.02.13_13.03.24.csv#block-000@time-360.000s,block-000,360.000,-82.4737,-82.47,-82.47,0.0000,0.9132,3.197356
153,longdress,driving_B_2020.01.16_12.10.03.csv,train/driving_B_2020.01.16_12.10.03.csv#block-000@time-240.000s,block-000,240.000,68.4807,68.48,68.48,0.0814,0.9127,3.310204
154,loot,driving_B_2020.02.13_13.03.24.csv,train/driving_B_2020.02.13_13.03.24.csv#block-000@time-0.000s,block-000,0.000,-42.8649,-42.86,-42.86,0.0000,0.9121,2.753186
155,redandblack,static_B_2019.12.16_13.40.04.csv,train/static_B_2019.12.16_13.40.04.csv#block-006@time-2172.000s,block-006,2172.000,43.2991,43.30,43.30,2.5248,0.9115,2.975082
156,soldier,driving_B_2020.01.16_07.26.43.csv,train/driving_B_2020.01.16_07.26.43.csv#block-000@time-1080.000s,block-000,1080.000,-57.7078,-57.71,-57.71,0.0000,0.9110,2.793313
157,longdress,driving_B_2020.02.14_09.38.22.csv,train/driving_B_2020.02.14_09.38.22.csv#block-000@time-600.000s,block-000,600.000,49.8147,49.81,49.81,0.0000,0.9104,3.307884
158,loot,driving_B_2020.01.16_07.26.43.csv,train/driving_B_2020.01.16_07.26.43.csv#block-000@time-720.000s,block-000,720.000,-46.1374,-46.14,-46.14,0.0000,0.9098,3.167480
159,redandblack,driving_B_2020.02.27_17.30.15.csv,train/driving_B_2020.02.27_17.30.15.csv#block-002@time-533.000s,block-002,533.000,-249.4788,-249.48,-249.48,0.0000,0.9093,3.141901
160,soldier,driving_B_2020.02.14_12.58.17.csv,train/driving_B_2020.02.14_12.58.17.csv#block-000@time-0.000s,block-000,0.000,-57.4790,-57.48,-57.48,0.0000,0.9087,2.703781
161,longdress,driving_B_2020.01.16_12.10.03.csv,train/driving_B_2020.01.16_12.10.03.csv#block-000@time-120.000s,block-000,120.000,42.9656,42.97,42.97,0.8262,0.9081,3.094396
162,loot,static_B_2020.02.14_13.21.26.csv,train/static_B_2020.02.14_13.21.26.csv#block-000@time-60.000s,block-000,60.000,39.9156,39.92,39.92,2.4411,0.9075,3.571690
163,redandblack,driving_B_2019.12.16_12.27.05.csv,train/driving_B_2019.12.16_12.27.05.csv#block-000@time-900.000s,block-000,900.000,49.5876,49.59,49.59,2.2572,0.9070,3.101741
164,soldier,driving_B_2020.02.14_12.58.17.csv,train/driving_B_2020.02.14_12.58.17.csv#block-002@time-716.000s,block-002,716.000,-129.6012,-129.60,-129.60,0.0000,0.9064,3.723799
165,longdress,driving_B_2019.12.17_07.32.39.csv,train/driving_B_2019.12.17_07.32.39.csv#block-003@time-1594.000s,block-003,1594.000,-62.1796,-62.18,-62.18,0.0000,0.9058,2.905342
166,loot,driving_B_2020.02.13_15.02.01.csv,train/driving_B_2020.02.13_15.02.01.csv#block-000@time-840.000s,block-000,840.000,10.5865,10.59,10.59,0.0000,0.9053,2.525692
167,redandblack,driving_B_2020.02.14_09.38.22.csv,train/driving_B_2020.02.14_09.38.22.csv#block-000@time-960.000s,block-000,960.000,44.3377,44.34,44.34,0.7087,0.9047,3.250529
168,soldier,driving_B_2019.12.17_07.32.39.csv,train/driving_B_2019.12.17_07.32.39.csv#block-004@time-2297.000s,block-004,2297.000,49.3951,49.40,49.40,0.6602,0.9041,2.329394
169,longdress,driving_B_2020.01.16_07.26.43.csv,train/driving_B_2020.01.16_07.26.43.csv#block-000@time-360.000s,block-000,360.000,-184.0018,-184.00,-184.00,0.0000,0.9035,2.725639
170,loot,driving_B_2019.12.17_07.32.39.csv,train/driving_B_2019.12.17_07.32.39.csv#block-000@time-360.000s,block-000,360.000,16.5337,16.53,16.53,0.0000,0.9030,2.769223
171,redandblack,driving_B_2020.02.13_13.03.24.csv,train/driving_B_2020.02.13_13.03.24.csv#block-001@time-1394.000s,block-001,1394.000,-52.8479,-52.85,-52.85,0.0000,0.9024,2.963802
172,soldier,driving_B_2019.12.17_07.32.39.csv,train/driving_B_2019.12.17_07.32.39.csv#block-003@time-1774.000s,block-003,1774.000,30.5297,30.53,30.53,0.0000,0.9018,2.849838
173,longdress,driving_B_2019.12.17_07.32.39.csv,train/driving_B_2019.12.17_07.32.39.csv#block-000@time-840.000s,block-000,840.000,-88.8960,-88.90,-88.90,0.0000,0.9013,2.794825
174,loot,driving_B_2019.12.16_12.27.05.csv,train/driving_B_2019.12.16_12.27.05.csv#block-000@time-120.000s,block-000,120.000,34.4261,34.43,34.43,0.0000,0.9007,3.110359
175,redandblack,driving_B_2020.01.16_07.26.43.csv,train/driving_B_2020.01.16_07.26.43.csv#block-000@time-0.000s,block-000,0.000,8.3442,8.34,8.34,0.0000,0.9001,2.639533
176,soldier,driving_B_2020.02.13_15.02.01.csv,train/driving_B_2020.02.13_15.02.01.csv#block-000@time-180.000s,block-000,180.000,30.3001,30.30,30.30,0.0000,0.8995,2.569785
177,longdress,driving_B_2020.02.14_12.58.17.csv,train/driving_B_2020.02.14_12.58.17.csv#block-002@time-536.000s,block-002,536.000,-290.4498,-290.45,-290.45,0.0000,0.8990,3.006722
178,loot,static_B_2020.02.14_13.21.26.csv,train/static_B_2020.02.14_13.21.26.csv#block-000@time-420.000s,block-000,420.000,51.0874,51.09,51.09,0.8160,0.8984,3.113800
179,redandblack,driving_B_2020.01.16_07.26.43.csv,train/driving_B_2020.01.16_07.26.43.csv#block-000@time-1800.000s,block-000,1800.000,-32.7263,-32.73,-32.73,0.0000,0.8978,2.692664
180,soldier,static_B_2020.02.14_13.21.26.csv,train/static_B_2020.02.14_13.21.26.csv#block-000@time-900.000s,block-000,900.000,51.7428,51.74,51.74,0.4595,0.8973,3.108228
181,longdress,driving_B_2020.02.13_13.03.24.csv,train/driving_B_2020.02.13_13.03.24.csv#block-001@time-1094.000s,block-001,1094.000,-177.5007,-177.50,-177.50,0.0000,0.8967,2.833267
182,loot,driving_B_2020.01.16_07.26.43.csv,train/driving_B_2020.01.16_07.26.43.csv#block-000@time-1200.000s,block-000,1200.000,26.8343,26.83,26.83,0.0000,0.8961,2.464995
183,redandblack,driving_B_2020.01.16_12.10.03.csv,train/driving_B_2020.01.16_12.10.03.csv#block-000@time-120.000s,block-000,120.000,40.1606,40.16,40.16,1.4586,0.8956,2.422546
184,soldier,driving_B_2020.02.14_09.38.22.csv,train/driving_B_2020.02.14_09.38.22.csv#block-000@time-1500.000s,block-000,1500.000,-76.2215,-76.22,-76.22,0.0000,0.8950,3.039776
185,longdress,static_B_2019.12.16_13.40.04.csv,train/static_B_2019.12.16_13.40.04.csv#block-000@time-180.000s,block-000,180.000,41.3266,41.33,41.33,0.0000,0.8944,2.699291
186,loot,driving_B_2020.01.16_12.10.03.csv,train/driving_B_2020.01.16_12.10.03.csv#block-000@time-300.000s,block-000,300.000,20.6564,20.66,20.66,0.0000,0.8938,2.843062
187,redandblack,driving_B_2020.02.27_17.30.15.csv,train/driving_B_2020.02.27_17.30.15.csv#block-002@time-413.000s,block-002,413.000,-499.7366,-499.74,-499.74,0.0000,0.8933,2.883589
188,soldier,driving_B_2020.02.27_17.30.15.csv,train/driving_B_2020.02.27_17.30.15.csv#block-002@time-293.000s,block-002,293.000,-349.8208,-349.82,-349.82,0.0000,0.8927,2.885387
189,longdress,driving_B_2020.02.14_12.58.17.csv,train/driving_B_2020.02.14_12.58.17.csv#block-002@time-536.000s,block-002,536.000,-225.3643,-225.36,-225.36,0.0000,0.8921,2.849549
190,loot,driving_B_2020.02.14_12.58.17.csv,train/driving_B_2020.02.14_12.58.17.csv#block-002@time-536.000s,block-002,536.000,-181.8167,-181.82,-181.82,0.0000,0.8916,2.794147
191,redandblack,driving_B_2020.02.14_12.58.17.csv,train/driving_B_2020.02.14_12.58.17.csv#block-002@time-656.000s,block-002,656.000,16.3613,16.36,16.36,0.0000,0.8910,3.461898
192,soldier,static_B_2020.02.27_18.39.27.csv,train/static_B_2020.02.27_18.39.27.csv#block-001@time-972.000s,block-001,972.000,58.4266,58.43,58.43,0.0000,0.8904,3.118156
193,longdress,static_B_2020.02.27_18.39.27.csv,train/static_B_2020.02.27_18.39.27.csv#block-001@time-6192.000s,block-001,6192.000,5.4360,5.44,5.44,0.0000,0.8898,3.111731
194,loot,static_B_2020.02.14_13.21.26.csv,train/static_B_2020.02.14_13.21.26.csv#block-000@time-0.000s,block-000,0.000,23.2074,23.21,23.21,0.0000,0.8893,3.365590
195,redandblack,driving_B_2020.01.16_12.10.03.csv,train/driving_B_2020.01.16_12.10.03.csv#block-000@time-360.000s,block-000,360.000,36.8874,36.89,36.89,0.0000,0.8887,2.408446
196,soldier,driving_B_2020.02.14_09.38.22.csv,train/driving_B_2020.02.14_09.38.22.csv#block-000@time-0.000s,block-000,0.000,-163.2695,-163.27,-163.27,0.0000,0.8881,2.571659
197,longdress,driving_B_2019.12.16_12.27.05.csv,train/driving_B_2019.12.16_12.27.05.csv#block-000@time-300.000s,block-000,300.000,-68.5646,-68.56,-68.56,0.0000,0.8876,3.200620
198,loot,driving_B_2020.02.13_15.02.01.csv,train/driving_B_2020.02.13_15.02.01.csv#block-000@time-660.000s,block-000,660.000,29.2944,29.29,29.29,0.0000,0.8870,2.606977
199,redandblack,driving_B_2020.02.27_17.30.15.csv,train/driving_B_2020.02.27_17.30.15.csv#block-002@time-353.000s,block-002,353.000,-133.1013,-133.10,-133.10,0.0000,0.8864,3.224543
200,soldier,driving_B_2020.02.14_09.38.22.csv,train/driving_B_2020.02.14_09.38.22.csv#block-000@time-900.000s,block-000,900.000,-143.2180,-143.22,-143.22,0.0000,0.8858,3.051338
201,longdress,driving_B_2020.02.27_17.30.15.csv,train/driving_B_2020.02.27_17.30.15.csv#block-002@time-533.000s,block-002,533.000,-303.1555,-303.16,-303.16,0.0000,0.8853,3.369984
202,loot,driving_B_2020.01.16_09.56.56.csv,train/driving_B_2020.01.16_09.56.56.csv#block-000@time-300.000s,block-000,300.000,70.0121,70.01,70.01,1.1216,0.8847,3.135769
203,redandblack,driving_B_2019.12.16_12.27.05.csv,train/driving_B_2019.12.16_12.27.05.csv#block-000@time-1020.000s,block-000,1020.000,63.4299,63.43,63.43,0.9375,0.8841,2.704879
204,soldier,driving_B_2019.12.17_07.32.39.csv,train/driving_B_2019.12.17_07.32.39.csv#block-000@time-540.000s,block-000,540.000,-194.8661,-194.87,-194.87,0.0000,0.8836,2.643925
205,longdress,driving_B_2020.01.16_07.26.43.csv,train/driving_B_2020.01.16_07.26.43.csv#block-000@time-1560.000s,block-000,1560.000,-197.1793,-197.18,-197.18,0.0000,0.8830,3.169254
206,loot,driving_B_2020.01.16_07.26.43.csv,train/driving_B_2020.01.16_07.26.43.csv#block-000@time-1740.000s,block-000,1740.000,-184.1666,-184.17,-184.17,0.0000,0.8824,2.709659
207,redandblack,static_B_2020.02.27_18.39.27.csv,train/static_B_2020.02.27_18.39.27.csv#block-001@time-432.000s,block-001,432.000,38.5908,38.59,38.59,0.6939,0.8818,3.110561
208,soldier,static_B_2019.12.16_13.40.04.csv,train/static_B_2019.12.16_13.40.04.csv#block-000@time-120.000s,block-000,120.000,40.9792,40.98,40.98,0.1566,0.8813,2.759891
209,longdress,driving_B_2020.02.13_13.03.24.csv,train/driving_B_2020.02.13_13.03.24.csv#block-001@time-1934.000s,block-001,1934.000,-35.9738,-35.97,-35.97,0.0000,0.8807,2.548326
210,loot,static_B_2019.12.16_13.40.04.csv,train/static_B_2019.12.16_13.40.04.csv#block-005@time-1526.000s,block-005,1526.000,48.3260,48.33,48.33,0.0000,0.8801,3.107383
211,redandblack,driving_B_2020.02.13_15.02.01.csv,train/driving_B_2020.02.13_15.02.01.csv#block-000@time-420.000s,block-000,420.000,57.1764,57.18,57.18,2.8552,0.8796,3.255199
212,soldier,driving_B_2020.01.16_07.26.43.csv,train/driving_B_2020.01.16_07.26.43.csv#block-000@time-1680.000s,block-000,1680.000,-245.1600,-245.16,-245.16,0.0000,0.8790,2.586950
213,longdress,driving_B_2020.01.16_09.56.56.csv,train/driving_B_2020.01.16_09.56.56.csv#block-000@time-180.000s,block-000,180.000,23.6500,23.65,23.65,0.0000,0.8784,3.324930
214,loot,driving_B_2020.02.13_13.03.24.csv,train/driving_B_2020.02.13_13.03.24.csv#block-001@time-1514.000s,block-001,1514.000,-71.7536,-71.75,-71.75,0.0000,0.8779,2.365524
215,redandblack,driving_B_2020.02.13_13.03.24.csv,train/driving_B_2020.02.13_13.03.24.csv#block-001@time-1994.000s,block-001,1994.000,64.1521,64.15,64.15,0.0000,0.8773,2.598757
216,soldier,driving_B_2019.12.17_07.32.39.csv,train/driving_B_2019.12.17_07.32.39.csv#block-000@time-720.000s,block-000,720.000,-93.2561,-93.26,-93.26,0.0000,0.8767,2.500535
217,longdress,static_B_2020.02.27_18.39.27.csv,train/static_B_2020.02.27_18.39.27.csv#block-001@time-1692.000s,block-001,1692.000,15.7012,15.70,15.70,0.0000,0.8761,2.848800
218,loot,driving_B_2019.12.17_07.32.39.csv,train/driving_B_2019.12.17_07.32.39.csv#block-004@time-2357.000s,block-004,2357.000,-64.0313,-64.03,-64.03,0.0000,0.8756,3.338626
219,redandblack,driving_B_2020.01.16_09.56.56.csv,train/driving_B_2020.01.16_09.56.56.csv#block-001@time-1659.000s,block-001,1659.000,52.4999,52.50,52.50,2.0928,0.8750,2.911361
220,soldier,static_B_2019.12.16_13.40.04.csv,train/static_B_2019.12.16_13.40.04.csv#block-005@time-1586.000s,block-005,1586.000,23.0491,23.05,23.05,0.0000,0.8744,2.602001
221,longdress,static_B_2019.12.16_13.40.04.csv,train/static_B_2019.12.16_13.40.04.csv#block-005@time-2006.000s,block-005,2006.000,37.9324,37.93,37.93,0.0000,0.8739,3.049009
222,loot,driving_B_2020.01.16_09.56.56.csv,train/driving_B_2020.01.16_09.56.56.csv#block-001@time-1299.000s,block-001,1299.000,53.5246,53.52,53.52,0.0198,0.8733,2.692671
223,redandblack,driving_B_2020.02.14_12.58.17.csv,train/driving_B_2020.02.14_12.58.17.csv#block-002@time-656.000s,block-002,656.000,1.6105,1.61,1.61,0.0000,0.8727,2.651095
224,soldier,driving_B_2020.02.14_12.58.17.csv,train/driving_B_2020.02.14_12.58.17.csv#block-002@time-596.000s,block-002,596.000,-125.6679,-125.67,-125.67,0.0000,0.8721,2.721539
225,longdress,driving_B_2020.02.13_15.02.01.csv,train/driving_B_2020.02.13_15.02.01.csv#block-000@time-2340.000s,block-000,2340.000,-0.9707,-0.97,-0.97,0.0000,0.8716,3.010537
226,loot,static_B_2020.02.14_13.21.26.csv,train/static_B_2020.02.14_13.21.26.csv#block-000@time-1020.000s,block-000,1020.000,57.8825,57.88,57.88,2.0158,0.8710,2.652519
227,redandblack,static_B_2020.02.14_13.21.26.csv,train/static_B_2020.02.14_13.21.26.csv#block-000@time-0.000s,block-000,0.000,1.9906,1.99,1.99,0.0000,0.8704,3.536542
228,soldier,driving_B_2020.01.16_07.26.43.csv,train/driving_B_2020.01.16_07.26.43.csv#block-000@time-1140.000s,block-000,1140.000,-13.9954,-14.00,-14.00,0.0000,0.8699,3.098462
229,longdress,driving_B_2020.02.13_15.02.01.csv,train/driving_B_2020.02.13_15.02.01.csv#block-000@time-2160.000s,block-000,2160.000,12.2298,12.23,12.23,0.0000,0.8693,2.868086
230,loot,driving_B_2020.02.13_13.03.24.csv,train/driving_B_2020.02.13_13.03.24.csv#block-000@time-300.000s,block-000,300.000,8.0050,8.01,8.01,0.0000,0.8687,2.237540
231,redandblack,driving_B_2020.02.14_09.38.22.csv,train/driving_B_2020.02.14_09.38.22.csv#block-000@time-540.000s,block-000,540.000,-52.6729,-52.67,-52.67,0.0000,0.8681,2.603435
232,soldier,driving_B_2020.02.14_09.38.22.csv,train/driving_B_2020.02.14_09.38.22.csv#block-000@time-1320.000s,block-000,1320.000,-121.9122,-121.91,-121.91,0.0000,0.8676,2.865778
233,longdress,driving_B_2020.02.27_17.30.15.csv,train/driving_B_2020.02.27_17.30.15.csv#block-002@time-533.000s,block-002,533.000,-330.0811,-330.08,-330.08,0.0000,0.8670,2.780035
234,loot,driving_B_2019.12.16_12.27.05.csv,train/driving_B_2019.12.16_12.27.05.csv#block-000@time-420.000s,block-000,420.000,-149.0822,-149.08,-149.08,0.0000,0.8664,2.441181
235,redandblack,driving_B_2020.02.14_12.58.17.csv,train/driving_B_2020.02.14_12.58.17.csv#block-002@time-536.000s,block-002,536.000,-210.6000,-210.60,-210.60,0.0000,0.8659,3.008663
236,soldier,static_B_2020.02.27_18.39.27.csv,train/static_B_2020.02.27_18.39.27.csv#block-001@time-5712.000s,block-001,5712.000,49.8356,49.84,49.84,0.0000,0.8653,2.608197
237,longdress,driving_B_2020.02.14_09.38.22.csv,train/driving_B_2020.02.14_09.38.22.csv#block-000@time-360.000s,block-000,360.000,-160.9573,-160.96,-160.96,0.0000,0.8647,3.564409
238,loot,static_B_2019.12.16_13.40.04.csv,train/static_B_2019.12.16_13.40.04.csv#block-005@time-1646.000s,block-005,1646.000,63.7827,63.78,63.78,1.4835,0.8642,3.120172
239,redandblack,driving_B_2020.01.16_07.26.43.csv,train/driving_B_2020.01.16_07.26.43.csv#block-000@time-840.000s,block-000,840.000,21.9358,21.94,21.94,0.0000,0.8636,2.900672
240,soldier,driving_B_2019.12.17_07.32.39.csv,train/driving_B_2019.12.17_07.32.39.csv#block-003@time-2014.000s,block-003,2014.000,-38.5361,-38.54,-38.54,0.0000,0.8630,2.787512
241,longdress,driving_B_2020.01.16_12.10.03.csv,train/driving_B_2020.01.16_12.10.03.csv#block-000@time-0.000s,block-000,0.000,50.0992,50.10,50.10,2.2574,0.8624,2.815758
242,loot,driving_B_2020.02.13_15.02.01.csv,train/driving_B_2020.02.13_15.02.01.csv#block-000@time-1560.000s,block-000,1560.000,-20.2175,-20.22,-20.22,0.0000,0.8619,2.485265
243,redandblack,driving_B_2020.02.13_13.03.24.csv,train/driving_B_2020.02.13_13.03.24.csv#block-000@time-180.000s,block-000,180.000,-102.9427,-102.94,-102.94,0.0000,0.8613,2.658889
244,soldier,static_B_2020.02.14_13.21.26.csv,train/static_B_2020.02.14_13.21.26.csv#block-000@time-240.000s,block-000,240.000,62.3681,62.37,62.37,1.5418,0.8607,3.210599
245,longdress,driving_B_2019.12.16_12.27.05.csv,train/driving_B_2019.12.16_12.27.05.csv#block-000@time-1080.000s,block-000,1080.000,48.7420,48.74,48.74,0.0000,0.8602,2.318708
246,loot,driving_B_2020.02.14_09.38.22.csv,train/driving_B_2020.02.14_09.38.22.csv#block-000@time-120.000s,block-000,120.000,-132.2784,-132.28,-132.28,0.0000,0.8596,3.190704
247,redandblack,driving_B_2020.02.14_09.38.22.csv,train/driving_B_2020.02.14_09.38.22.csv#block-000@time-300.000s,block-000,300.000,-244.4942,-244.49,-244.49,0.0000,0.8590,2.450447
248,soldier,static_B_2020.02.14_13.21.26.csv,train/static_B_2020.02.14_13.21.26.csv#block-000@time-1080.000s,block-000,1080.000,26.7179,26.72,26.72,2.8922,0.8584,2.588492
249,longdress,driving_B_2020.01.16_09.56.56.csv,train/driving_B_2020.01.16_09.56.56.csv#block-001@time-879.000s,block-001,879.000,42.0710,42.07,42.07,0.0000,0.8579,3.196597
250,loot,driving_B_2020.02.13_13.03.24.csv,train/driving_B_2020.02.13_13.03.24.csv#block-001@time-1214.000s,block-001,1214.000,-67.8497,-67.85,-67.85,0.0000,0.8573,3.219121
251,redandblack,driving_B_2020.01.16_12.10.03.csv,train/driving_B_2020.01.16_12.10.03.csv#block-000@time-60.000s,block-000,60.000,47.4072,47.41,47.41,0.0000,0.8567,2.618239
252,soldier,static_B_2019.12.16_13.40.04.csv,train/static_B_2019.12.16_13.40.04.csv#block-005@time-1766.000s,block-005,1766.000,61.5142,61.51,61.51,1.7669,0.8562,2.774252
253,longdress,driving_B_2020.01.16_09.56.56.csv,train/driving_B_2020.01.16_09.56.56.csv#block-001@time-1539.000s,block-001,1539.000,59.3956,59.40,59.40,0.5784,0.8556,2.727665
254,loot,driving_B_2019.12.17_07.32.39.csv,train/driving_B_2019.12.17_07.32.39.csv#block-003@time-1834.000s,block-003,1834.000,-39.2725,-39.27,-39.27,0.0000,0.8550,2.480154
255,redandblack,static_B_2020.02.14_13.21.26.csv,train/static_B_2020.02.14_13.21.26.csv#block-000@time-480.000s,block-000,480.000,52.4536,52.45,52.45,1.5268,0.8544,2.935140
256,soldier,driving_B_2019.12.17_07.32.39.csv,train/driving_B_2019.12.17_07.32.39.csv#block-000@time-1080.000s,block-000,1080.000,-10.3791,-10.38,-10.38,0.0000,0.8539,2.750105
257,longdress,driving_B_2020.02.14_09.38.22.csv,train/driving_B_2020.02.14_09.38.22.csv#block-000@time-1140.000s,block-000,1140.000,-98.2026,-98.20,-98.20,0.0000,0.8533,2.697166
258,loot,driving_B_2020.01.16_12.10.03.csv,train/driving_B_2020.01.16_12.10.03.csv#block-000@time-300.000s,block-000,300.000,30.5231,30.52,30.52,0.0000,0.8527,3.098978
259,redandblack,driving_B_2019.12.17_07.32.39.csv,train/driving_B_2019.12.17_07.32.39.csv#block-003@time-2074.000s,block-003,2074.000,-15.6644,-15.66,-15.66,0.0000,0.8522,2.884087
260,soldier,driving_B_2020.02.14_09.38.22.csv,train/driving_B_2020.02.14_09.38.22.csv#block-000@time-600.000s,block-000,600.000,49.5388,49.54,49.54,0.0000,0.8516,2.983019
261,longdress,static_B_2020.02.27_18.39.27.csv,train/static_B_2020.02.27_18.39.27.csv#block-001@time-1332.000s,block-001,1332.000,-27.2573,-27.26,-27.26,0.0000,0.8510,2.888474
262,loot,driving_B_2020.02.27_17.30.15.csv,train/driving_B_2020.02.27_17.30.15.csv#block-002@time-353.000s,block-002,353.000,-92.1687,-92.17,-92.17,0.0000,0.8504,2.374252
263,redandblack,static_B_2020.02.27_18.39.27.csv,train/static_B_2020.02.27_18.39.27.csv#block-001@time-5952.000s,block-001,5952.000,25.8855,25.89,25.89,0.0000,0.8499,2.477380
264,soldier,driving_B_2020.02.14_09.38.22.csv,train/driving_B_2020.02.14_09.38.22.csv#block-000@time-180.000s,block-000,180.000,-189.6283,-189.63,-189.63,0.0000,0.8493,2.769765
265,longdress,driving_B_2020.02.13_15.02.01.csv,train/driving_B_2020.02.13_15.02.01.csv#block-000@time-2820.000s,block-000,2820.000,35.5831,35.58,35.58,0.2276,0.8487,2.950254
266,loot,driving_B_2019.12.16_12.27.05.csv,train/driving_B_2019.12.16_12.27.05.csv#block-000@time-1080.000s,block-000,1080.000,65.7738,65.77,65.77,0.0000,0.8482,2.762499
267,redandblack,driving_B_2019.12.16_12.27.05.csv,train/driving_B_2019.12.16_12.27.05.csv#block-000@time-540.000s,block-000,540.000,-237.8904,-237.89,-237.89,0.0000,0.8476,2.546081
268,soldier,driving_B_2020.01.16_09.56.56.csv,train/driving_B_2020.01.16_09.56.56.csv#block-001@time-1059.000s,block-001,1059.000,-71.3323,-71.33,-71.33,0.0000,0.8470,2.806241
269,longdress,driving_B_2020.01.16_12.10.03.csv,train/driving_B_2020.01.16_12.10.03.csv#block-000@time-0.000s,block-000,0.000,42.2608,42.26,42.26,2.6297,0.8465,2.277762
270,loot,driving_B_2020.01.16_07.26.43.csv,train/driving_B_2020.01.16_07.26.43.csv#block-000@time-1860.000s,block-000,1860.000,-61.6696,-61.67,-61.67,0.0000,0.8459,2.827569
271,redandblack,driving_B_2020.02.27_17.30.15.csv,train/driving_B_2020.02.27_17.30.15.csv#block-002@time-473.000s,block-002,473.000,-492.9087,-492.91,-492.91,0.0000,0.8453,2.300508
272,soldier,static_B_2020.02.27_18.39.27.csv,train/static_B_2020.02.27_18.39.27.csv#block-001@time-3312.000s,block-001,3312.000,29.1034,29.10,29.10,0.0000,0.8447,2.280174
273,longdress,static_B_2020.02.14_13.21.26.csv,train/static_B_2020.02.14_13.21.26.csv#block-000@time-120.000s,block-000,120.000,59.0165,59.02,59.02,0.3086,0.8442,3.229817
274,loot,static_B_2020.02.14_13.21.26.csv,train/static_B_2020.02.14_13.21.26.csv#block-000@time-300.000s,block-000,300.000,32.8790,32.88,32.88,0.0000,0.8436,2.895531
275,redandblack,static_B_2019.12.16_13.40.04.csv,train/static_B_2019.12.16_13.40.04.csv#block-000@time-300.000s,block-000,300.000,12.2559,12.26,12.26,0.0000,0.8430,2.887826
276,soldier,driving_B_2020.02.14_12.58.17.csv,train/driving_B_2020.02.14_12.58.17.csv#block-000@time-0.000s,block-000,0.000,-29.0358,-29.04,-29.04,0.0000,0.8425,2.427579
277,longdress,driving_B_2020.01.16_07.26.43.csv,train/driving_B_2020.01.16_07.26.43.csv#block-000@time-960.000s,block-000,960.000,-143.7963,-143.80,-143.80,0.0000,0.8419,2.702517
278,loot,driving_B_2020.02.13_13.03.24.csv,train/driving_B_2020.02.13_13.03.24.csv#block-001@time-1814.000s,block-001,1814.000,-47.0755,-47.08,-47.08,0.0000,0.8413,2.258007
279,redandblack,static_B_2020.02.27_18.39.27.csv,train/static_B_2020.02.27_18.39.27.csv#block-001@time-1632.000s,block-001,1632.000,57.4020,57.40,57.40,1.2576,0.8407,2.759994
280,soldier,driving_B_2020.02.13_13.03.24.csv,train/driving_B_2020.02.13_13.03.24.csv#block-001@time-1694.000s,block-001,1694.000,-92.3644,-92.36,-92.36,0.0000,0.8402,3.112370
281,longdress,driving_B_2020.02.14_12.58.17.csv,train/driving_B_2020.02.14_12.58.17.csv#block-002@time-596.000s,block-002,596.000,-81.2977,-81.30,-81.30,0.0000,0.8396,2.781176
282,loot,driving_B_2019.12.17_07.32.39.csv,train/driving_B_2019.12.17_07.32.39.csv#block-000@time-1260.000s,block-000,1260.000,-33.3318,-33.33,-33.33,0.0000,0.8390,2.779387
283,redandblack,driving_B_2020.02.13_15.02.01.csv,train/driving_B_2020.02.13_15.02.01.csv#block-000@time-0.000s,block-000,0.000,37.3854,37.39,37.39,1.2133,0.8385,2.741950
284,soldier,static_B_2020.02.14_13.21.26.csv,train/static_B_2020.02.14_13.21.26.csv#block-000@time-660.000s,block-000,660.000,47.1029,47.10,47.10,0.0879,0.8379,2.447988
285,longdress,static_B_2020.02.27_18.39.27.csv,train/static_B_2020.02.27_18.39.27.csv#block-001@time-4992.000s,block-001,4992.000,47.0958,47.10,47.10,0.0000,0.8373,2.739628
286,loot,driving_B_2020.01.16_07.26.43.csv,train/driving_B_2020.01.16_07.26.43.csv#block-000@time-1440.000s,block-000,1440.000,47.1678,47.17,47.17,0.0000,0.8367,3.225957
287,redandblack,driving_B_2019.12.16_12.27.05.csv,train/driving_B_2019.12.16_12.27.05.csv#block-000@time-120.000s,block-000,120.000,-28.7138,-28.71,-28.71,0.0000,0.8362,2.468403
288,soldier,static_B_2019.12.16_13.40.04.csv,train/static_B_2019.12.16_13.40.04.csv#block-001@time-955.000s,block-001,955.000,60.3538,60.35,60.35,0.0000,0.8356,3.045546
289,longdress,driving_B_2020.01.16_07.26.43.csv,train/driving_B_2020.01.16_07.26.43.csv#block-000@time-1500.000s,block-000,1500.000,-74.7271,-74.73,-74.73,0.0000,0.8350,2.930282
290,loot,static_B_2020.02.27_18.39.27.csv,train/static_B_2020.02.27_18.39.27.csv#block-001@time-6612.000s,block-001,6612.000,58.6884,58.69,58.69,1.9884,0.8345,3.120589
291,redandblack,driving_B_2019.12.17_07.32.39.csv,train/driving_B_2019.12.17_07.32.39.csv#block-000@time-300.000s,block-000,300.000,10.9223,10.92,10.92,0.0000,0.8339,2.519126
292,soldier,driving_B_2020.02.13_13.03.24.csv,train/driving_B_2020.02.13_13.03.24.csv#block-001@time-1874.000s,block-001,1874.000,-247.6632,-247.66,-247.66,0.0000,0.8333,2.819639
293,longdress,driving_B_2020.01.16_07.26.43.csv,train/driving_B_2020.01.16_07.26.43.csv#block-000@time-1320.000s,block-000,1320.000,-45.3532,-45.35,-45.35,0.0000,0.8328,2.620733
294,loot,driving_B_2020.02.13_13.03.24.csv,train/driving_B_2020.02.13_13.03.24.csv#block-001@time-1274.000s,block-001,1274.000,-124.7817,-124.78,-124.78,0.0000,0.8322,2.106020
295,redandblack,driving_B_2019.12.17_07.32.39.csv,train/driving_B_2019.12.17_07.32.39.csv#block-000@time-1020.000s,block-000,1020.000,-87.7691,-87.77,-87.77,0.0000,0.8316,2.398123
296,soldier,driving_B_2020.02.14_12.58.17.csv,train/driving_B_2020.02.14_12.58.17.csv#block-002@time-536.000s,block-002,536.000,-294.3657,-294.37,-294.37,0.0000,0.8310,2.666404
297,longdress,driving_B_2019.12.17_07.32.39.csv,train/driving_B_2019.12.17_07.32.39.csv#block-003@time-1654.000s,block-003,1654.000,-27.8146,-27.81,-27.81,0.0000,0.8305,2.598708
298,loot,driving_B_2019.12.16_12.27.05.csv,train/driving_B_2019.12.16_12.27.05.csv#block-000@time-360.000s,block-000,360.000,-7.6581,-7.66,-7.66,0.0000,0.8299,2.508913
299,redandblack,static_B_2020.02.27_18.39.27.csv,train/static_B_2020.02.27_18.39.27.csv#block-001@time-3672.000s,block-001,3672.000,23.1028,23.10,23.10,0.9255,0.8293,2.864430
300,soldier,driving_B_2019.12.16_12.27.05.csv,train/driving_B_2019.12.16_12.27.05.csv#block-000@time-1200.000s,block-000,1200.000,-41.8221,-41.82,-41.82,0.0000,0.8288,3.072250
301,longdress,driving_B_2019.12.17_07.32.39.csv,train/driving_B_2019.12.17_07.32.39.csv#block-003@time-1894.000s,block-003,1894.000,-136.0305,-136.03,-136.03,0.0000,0.8282,2.719771
302,loot,driving_B_2020.02.27_17.30.15.csv,train/driving_B_2020.02.27_17.30.15.csv#block-002@time-413.000s,block-002,413.000,-339.0525,-339.05,-339.05,0.0000,0.8276,2.547569
303,redandblack,driving_B_2020.02.27_17.30.15.csv,train/driving_B_2020.02.27_17.30.15.csv#block-002@time-473.000s,block-002,473.000,-364.9436,-364.94,-364.94,0.0000,0.8270,2.750025
304,soldier,static_B_2019.12.16_13.40.04.csv,train/static_B_2019.12.16_13.40.04.csv#block-005@time-1406.000s,block-005,1406.000,13.1593,13.16,13.16,0.0000,0.8265,3.892999
305,longdress,driving_B_2020.02.13_15.02.01.csv,train/driving_B_2020.02.13_15.02.01.csv#block-000@time-900.000s,block-000,900.000,-52.2687,-52.27,-52.27,0.0000,0.8259,3.149394
306,loot,driving_B_2020.02.13_13.03.24.csv,train/driving_B_2020.02.13_13.03.24.csv#block-000@time-60.000s,block-000,60.000,-47.7073,-47.71,-47.71,0.0000,0.8253,3.373862
307,redandblack,static_B_2019.12.16_13.40.04.csv,train/static_B_2019.12.16_13.40.04.csv#block-000@time-60.000s,block-000,60.000,32.0220,32.02,32.02,0.0000,0.8248,2.808651
308,soldier,driving_B_2020.02.14_09.38.22.csv,train/driving_B_2020.02.14_09.38.22.csv#block-000@time-840.000s,block-000,840.000,-28.5786,-28.58,-28.58,0.0000,0.8242,3.006541
309,longdress,driving_B_2020.02.14_12.58.17.csv,train/driving_B_2020.02.14_12.58.17.csv#block-002@time-716.000s,block-002,716.000,-36.6792,-36.68,-36.68,0.0000,0.8236,2.847007
310,loot,driving_B_2020.02.14_12.58.17.csv,train/driving_B_2020.02.14_12.58.17.csv#block-000@time-0.000s,block-000,0.000,-6.1104,-6.11,-6.11,0.0000,0.8230,3.149204
311,redandblack,driving_B_2020.02.13_15.02.01.csv,train/driving_B_2020.02.13_15.02.01.csv#block-000@time-2880.000s,block-000,2880.000,49.3335,49.33,49.33,0.7426,0.8225,3.077131
312,soldier,driving_B_2020.02.14_12.58.17.csv,train/driving_B_2020.02.14_12.58.17.csv#block-002@time-716.000s,block-002,716.000,-134.3666,-134.37,-134.37,0.0000,0.8219,3.979199
313,longdress,driving_B_2020.02.27_17.30.15.csv,train/driving_B_2020.02.27_17.30.15.csv#block-002@time-533.000s,block-002,533.000,-339.3089,-339.31,-339.31,0.0000,0.8213,3.376739
314,loot,static_B_2020.02.27_18.39.27.csv,train/static_B_2020.02.27_18.39.27.csv#block-001@time-6492.000s,block-001,6492.000,63.3257,63.33,63.33,0.0000,0.8208,3.023131
315,redandblack,driving_B_2020.01.16_09.56.56.csv,train/driving_B_2020.01.16_09.56.56.csv#block-000@time-240.000s,block-000,240.000,8.0141,8.01,8.01,0.0000,0.8202,2.894451
316,soldier,static_B_2019.12.16_13.40.04.csv,train/static_B_2019.12.16_13.40.04.csv#block-000@time-420.000s,block-000,420.000,58.7613,58.76,58.76,0.0000,0.8196,2.877524
317,longdress,driving_B_2020.01.16_09.56.56.csv,train/driving_B_2020.01.16_09.56.56.csv#block-001@time-1299.000s,block-001,1299.000,27.7872,27.79,27.79,0.0000,0.8190,3.024537
318,loot,driving_B_2019.12.17_07.32.39.csv,train/driving_B_2019.12.17_07.32.39.csv#block-004@time-2237.000s,block-004,2237.000,-9.8589,-9.86,-9.86,0.0000,0.8185,3.649652
319,redandblack,driving_B_2019.12.16_12.27.05.csv,train/driving_B_2019.12.16_12.27.05.csv#block-000@time-480.000s,block-000,480.000,-69.7498,-69.75,-69.75,0.0000,0.8179,3.454387
320,soldier,driving_B_2020.02.13_13.03.24.csv,train/driving_B_2020.02.13_13.03.24.csv#block-001@time-1334.000s,block-001,1334.000,-180.1915,-180.19,-180.19,0.0000,0.8173,3.611638
321,longdress,static_B_2020.02.14_13.21.26.csv,train/static_B_2020.02.14_13.21.26.csv#block-000@time-600.000s,block-000,600.000,51.5138,51.51,51.51,1.9807,0.8168,3.308603
322,loot,driving_B_2020.02.27_17.30.15.csv,train/driving_B_2020.02.27_17.30.15.csv#block-002@time-533.000s,block-002,533.000,-190.3710,-190.37,-190.37,0.0000,0.8162,2.635325
323,redandblack,driving_B_2020.01.16_07.26.43.csv,train/driving_B_2020.01.16_07.26.43.csv#block-000@time-1020.000s,block-000,1020.000,-73.9057,-73.91,-73.91,0.0000,0.8156,3.105811
324,soldier,driving_B_2020.02.13_15.02.01.csv,train/driving_B_2020.02.13_15.02.01.csv#block-000@time-2100.000s,block-000,2100.000,-27.9031,-27.90,-27.90,0.0000,0.8151,3.388798
325,longdress,static_B_2020.02.14_13.21.26.csv,train/static_B_2020.02.14_13.21.26.csv#block-000@time-480.000s,block-000,480.000,50.5067,50.51,50.51,1.0648,0.8145,3.332649
326,loot,driving_B_2020.02.14_09.38.22.csv,train/driving_B_2020.02.14_09.38.22.csv#block-000@time-780.000s,block-000,780.000,59.9525,59.95,59.95,0.8502,0.8139,3.315299
327,redandblack,driving_B_2020.02.14_09.38.22.csv,train/driving_B_2020.02.14_09.38.22.csv#block-000@time-480.000s,block-000,480.000,-28.0507,-28.05,-28.05,0.0000,0.8133,2.972396
328,soldier,driving_B_2020.01.16_09.56.56.csv,train/driving_B_2020.01.16_09.56.56.csv#block-001@time-1479.000s,block-001,1479.000,18.1796,18.18,18.18,0.0000,0.8128,3.087776
329,longdress,driving_B_2020.02.14_09.38.22.csv,train/driving_B_2020.02.14_09.38.22.csv#block-000@time-660.000s,block-000,660.000,-1.6269,-1.63,-1.63,0.0000,0.8122,2.736227
330,loot,driving_B_2020.01.16_12.10.03.csv,train/driving_B_2020.01.16_12.10.03.csv#block-000@time-240.000s,block-000,240.000,60.0535,60.05,60.05,2.8638,0.8116,3.105046
331,redandblack,static_B_2019.12.16_13.40.04.csv,train/static_B_2019.12.16_13.40.04.csv#block-005@time-1886.000s,block-005,1886.000,62.3867,62.39,62.39,0.0000,0.8111,2.774778
332,soldier,driving_B_2020.02.14_12.58.17.csv,train/driving_B_2020.02.14_12.58.17.csv#block-000@time-0.000s,block-000,0.000,-32.2049,-32.20,-32.20,0.0000,0.8105,3.667740
333,longdress,static_B_2020.02.27_18.39.27.csv,train/static_B_2020.02.27_18.39.27.csv#block-001@time-912.000s,block-001,912.000,48.3197,48.32,48.32,0.0000,0.8099,3.234632
334,loot,driving_B_2020.02.14_12.58.17.csv,train/driving_B_2020.02.14_12.58.17.csv#block-002@time-536.000s,block-002,536.000,-212.5626,-212.56,-212.56,0.0000,0.8093,2.696817
335,redandblack,driving_B_2020.01.16_09.56.56.csv,train/driving_B_2020.01.16_09.56.56.csv#block-001@time-1419.000s,block-001,1419.000,40.5708,40.57,40.57,0.0000,0.8088,2.914611
336,soldier,driving_B_2020.02.27_17.30.15.csv,train/driving_B_2020.02.27_17.30.15.csv#block-002@time-353.000s,block-002,353.000,-79.5794,-79.58,-79.58,0.0000,0.8082,3.131959
337,longdress,driving_B_2019.12.16_12.27.05.csv,train/driving_B_2019.12.16_12.27.05.csv#block-000@time-1140.000s,block-000,1140.000,39.8647,39.86,39.86,0.0000,0.8076,3.193787
338,loot,static_B_2020.02.27_18.39.27.csv,train/static_B_2020.02.27_18.39.27.csv#block-001@time-552.000s,block-001,552.000,63.0900,63.09,63.09,0.0000,0.8071,3.224973
339,redandblack,driving_B_2020.02.13_13.03.24.csv,train/driving_B_2020.02.13_13.03.24.csv#block-000@time-420.000s,block-000,420.000,-60.3289,-60.33,-60.33,0.0000,0.8065,2.639420
340,soldier,driving_B_2020.02.13_13.03.24.csv,train/driving_B_2020.02.13_13.03.24.csv#block-000@time-240.000s,block-000,240.000,-69.0401,-69.04,-69.04,0.0000,0.8059,2.906090
341,longdress,driving_B_2020.01.16_12.10.03.csv,train/driving_B_2020.01.16_12.10.03.csv#block-000@time-180.000s,block-000,180.000,64.4344,64.43,64.43,0.0000,0.8053,2.883800
342,loot,driving_B_2020.02.13_13.03.24.csv,train/driving_B_2020.02.13_13.03.24.csv#block-007@time-2290.000s,block-007,2290.000,-253.5488,-253.55,-253.55,0.0000,0.8048,3.087134
343,redandblack,driving_B_2019.12.16_12.27.05.csv,train/driving_B_2019.12.16_12.27.05.csv#block-000@time-720.000s,block-000,720.000,-41.9780,-41.98,-41.98,0.0000,0.8042,2.975067
344,soldier,driving_B_2019.12.17_07.32.39.csv,train/driving_B_2019.12.17_07.32.39.csv#block-000@time-1140.000s,block-000,1140.000,-2.1368,-2.14,-2.14,0.0000,0.8036,2.799508
345,longdress,driving_B_2020.02.14_09.38.22.csv,train/driving_B_2020.02.14_09.38.22.csv#block-000@time-1260.000s,block-000,1260.000,-225.1924,-225.19,-225.19,0.0000,0.8031,3.627820
346,loot,static_B_2020.02.14_13.21.26.csv,train/static_B_2020.02.14_13.21.26.csv#block-000@time-240.000s,block-000,240.000,65.6957,65.70,65.70,2.2888,0.8025,3.454015
347,redandblack,driving_B_2020.02.14_12.58.17.csv,train/driving_B_2020.02.14_12.58.17.csv#block-002@time-716.000s,block-002,716.000,-26.3631,-26.36,-26.36,0.0000,0.8019,2.722624
348,soldier,driving_B_2020.01.16_12.10.03.csv,train/driving_B_2020.01.16_12.10.03.csv#block-000@time-360.000s,block-000,360.000,47.6440,47.64,47.64,1.0398,0.8014,3.144865
349,longdress,driving_B_2020.02.27_17.30.15.csv,train/driving_B_2020.02.27_17.30.15.csv#block-002@time-413.000s,block-002,413.000,-664.6707,-664.67,-664.67,0.0000,0.8008,3.793187
350,loot,static_B_2019.12.16_13.40.04.csv,train/static_B_2019.12.16_13.40.04.csv#block-001@time-1075.000s,block-001,1075.000,39.4854,39.49,39.49,0.0000,0.8002,3.617052
351,redandblack,driving_B_2020.02.13_15.02.01.csv,train/driving_B_2020.02.13_15.02.01.csv#block-000@time-1380.000s,block-000,1380.000,17.3413,17.34,17.34,0.0000,0.7996,2.996962
352,soldier,driving_B_2020.01.16_07.26.43.csv,train/driving_B_2020.01.16_07.26.43.csv#block-000@time-780.000s,block-000,780.000,-46.1650,-46.16,-46.16,0.0000,0.7991,2.920670
353,longdress,driving_B_2020.01.16_12.10.03.csv,train/driving_B_2020.01.16_12.10.03.csv#block-000@time-60.000s,block-000,60.000,38.6722,38.67,38.67,0.0000,0.7985,2.870056
354,loot,driving_B_2020.02.14_12.58.17.csv,train/driving_B_2020.02.14_12.58.17.csv#block-002@time-596.000s,block-002,596.000,-61.5343,-61.53,-61.53,0.0000,0.7979,2.960540
355,redandblack,static_B_2020.02.14_13.21.26.csv,train/static_B_2020.02.14_13.21.26.csv#block-000@time-660.000s,block-000,660.000,63.1664,63.17,63.17,2.1084,0.7974,2.849735
356,soldier,static_B_2019.12.16_13.40.04.csv,train/static_B_2019.12.16_13.40.04.csv#block-005@time-1826.000s,block-005,1826.000,61.4383,61.44,61.44,0.0000,0.7968,2.839957
357,longdress,driving_B_2020.02.14_09.38.22.csv,train/driving_B_2020.02.14_09.38.22.csv#block-000@time-1560.000s,block-000,1560.000,-31.7233,-31.72,-31.72,0.0000,0.7962,3.044416
358,loot,driving_B_2020.01.16_12.10.03.csv,train/driving_B_2020.01.16_12.10.03.csv#block-000@time-0.000s,block-000,0.000,51.0908,51.09,51.09,2.8660,0.7956,2.793768
359,redandblack,driving_B_2020.01.16_07.26.43.csv,train/driving_B_2020.01.16_07.26.43.csv#block-000@time-420.000s,block-000,420.000,-54.8653,-54.87,-54.87,0.0000,0.7951,3.100146
360,soldier,driving_B_2020.02.14_09.38.22.csv,train/driving_B_2020.02.14_09.38.22.csv#block-000@time-660.000s,block-000,660.000,17.6758,17.68,17.68,0.0000,0.7945,3.239153
361,longdress,driving_B_2020.01.16_12.10.03.csv,train/driving_B_2020.01.16_12.10.03.csv#block-000@time-120.000s,block-000,120.000,38.4039,38.40,38.40,1.1378,0.7939,2.657553
362,loot,static_B_2020.02.14_13.21.26.csv,train/static_B_2020.02.14_13.21.26.csv#block-000@time-900.000s,block-000,900.000,51.9527,51.95,51.95,0.0000,0.7934,2.884188
363,redandblack,static_B_2020.02.27_18.39.27.csv,train/static_B_2020.02.27_18.39.27.csv#block-001@time-12.000s,block-001,12.000,64.2835,64.28,64.28,2.1463,0.7928,3.870112
364,soldier,driving_B_2020.02.13_15.02.01.csv,train/driving_B_2020.02.13_15.02.01.csv#block-000@time-1860.000s,block-000,1860.000,-52.5952,-52.60,-52.60,0.0000,0.7922,2.843572
365,longdress,driving_B_2019.12.17_07.32.39.csv,train/driving_B_2019.12.17_07.32.39.csv#block-000@time-1380.000s,block-000,1380.000,10.1928,10.19,10.19,0.0000,0.7916,3.436672
366,loot,driving_B_2019.12.16_12.27.05.csv,train/driving_B_2019.12.16_12.27.05.csv#block-000@time-780.000s,block-000,780.000,36.1730,36.17,36.17,0.0000,0.7911,3.005155
367,redandblack,driving_B_2020.02.27_17.30.15.csv,train/driving_B_2020.02.27_17.30.15.csv#block-002@time-473.000s,block-002,473.000,-330.7448,-330.74,-330.74,0.0000,0.7905,3.304309
368,soldier,driving_B_2020.02.13_13.03.24.csv,train/driving_B_2020.02.13_13.03.24.csv#block-000@time-120.000s,block-000,120.000,-78.1828,-78.18,-78.18,0.0000,0.7899,2.854927
369,longdress,static_B_2019.12.16_13.40.04.csv,train/static_B_2019.12.16_13.40.04.csv#block-001@time-775.000s,block-001,775.000,56.4538,56.45,56.45,2.6020,0.7894,3.662067
370,loot,driving_B_2020.01.16_12.10.03.csv,train/driving_B_2020.01.16_12.10.03.csv#block-000@time-0.000s,block-000,0.000,50.2083,50.21,50.21,2.6139,0.7888,2.556590
371,redandblack,driving_B_2020.02.13_13.03.24.csv,train/driving_B_2020.02.13_13.03.24.csv#block-000@time-660.000s,block-000,660.000,-9.8609,-9.86,-9.86,0.0000,0.7882,2.866569
372,soldier,driving_B_2020.02.27_17.30.15.csv,train/driving_B_2020.02.27_17.30.15.csv#block-002@time-413.000s,block-002,413.000,-412.3545,-412.35,-412.35,0.0000,0.7876,3.248463
373,longdress,driving_B_2019.12.16_12.27.05.csv,train/driving_B_2019.12.16_12.27.05.csv#block-000@time-0.000s,block-000,0.000,-35.1490,-35.15,-35.15,0.0000,0.7871,3.266186
374,loot,static_B_2020.02.14_13.21.26.csv,train/static_B_2020.02.14_13.21.26.csv#block-000@time-960.000s,block-000,960.000,41.7205,41.72,41.72,0.0000,0.7865,2.765941
375,redandblack,driving_B_2020.01.16_07.26.43.csv,train/driving_B_2020.01.16_07.26.43.csv#block-000@time-660.000s,block-000,660.000,-18.4532,-18.45,-18.45,0.0000,0.7859,3.074609
376,soldier,driving_B_2020.02.14_12.58.17.csv,train/driving_B_2020.02.14_12.58.17.csv#block-002@time-536.000s,block-002,536.000,-238.6836,-238.68,-238.68,0.0000,0.7854,2.985087
377,longdress,driving_B_2019.12.17_07.32.39.csv,train/driving_B_2019.12.17_07.32.39.csv#block-000@time-240.000s,block-000,240.000,-82.9848,-82.98,-82.98,0.0000,0.7848,2.814753
378,loot,driving_B_2020.01.16_12.10.03.csv,train/driving_B_2020.01.16_12.10.03.csv#block-000@time-60.000s,block-000,60.000,53.6133,53.61,53.61,0.0000,0.7842,2.774039
379,redandblack,driving_B_2020.01.16_09.56.56.csv,train/driving_B_2020.01.16_09.56.56.csv#block-001@time-1179.000s,block-001,1179.000,-47.3885,-47.39,-47.39,0.0000,0.7837,3.246264
380,soldier,driving_B_2020.02.27_17.30.15.csv,train/driving_B_2020.02.27_17.30.15.csv#block-002@time-413.000s,block-002,413.000,-395.9795,-395.98,-395.98,0.0000,0.7831,2.630508
381,longdress,static_B_2020.02.14_13.21.26.csv,train/static_B_2020.02.14_13.21.26.csv#block-000@time-540.000s,block-000,540.000,57.7980,57.80,57.80,0.0000,0.7825,2.981488
382,loot,driving_B_2020.02.13_15.02.01.csv,train/driving_B_2020.02.13_15.02.01.csv#block-000@time-960.000s,block-000,960.000,50.3544,50.35,50.35,0.0000,0.7819,3.277399
383,redandblack,driving_B_2020.02.14_12.58.17.csv,train/driving_B_2020.02.14_12.58.17.csv#block-000@time-0.000s,block-000,0.000,-7.0964,-7.10,-7.10,0.0000,0.7814,3.109923
384,soldier,driving_B_2020.01.16_07.26.43.csv,train/driving_B_2020.01.16_07.26.43.csv#block-000@time-60.000s,block-000,60.000,-42.0003,-42.00,-42.00,0.0000,0.7808,2.976760
385,longdress,driving_B_2020.02.27_17.30.15.csv,train/driving_B_2020.02.27_17.30.15.csv#block-002@time-353.000s,block-002,353.000,-178.9145,-178.91,-178.91,0.0000,0.7802,2.894633
386,loot,static_B_2019.12.16_13.40.04.csv,train/static_B_2019.12.16_13.40.04.csv#block-001@time-835.000s,block-001,835.000,49.6020,49.60,49.60,1.8490,0.7797,2.917142
387,redandblack,driving_B_2020.02.13_13.03.24.csv,train/driving_B_2020.02.13_13.03.24.csv#block-001@time-1454.000s,block-001,1454.000,-55.9547,-55.95,-55.95,0.0000,0.7791,2.810524
388,soldier,static_B_2019.12.16_13.40.04.csv,train/static_B_2019.12.16_13.40.04.csv#block-001@time-1015.000s,block-001,1015.000,-16.6923,-16.69,-16.69,0.0000,0.7785,2.799138
389,longdress,driving_B_2019.12.16_12.27.05.csv,train/driving_B_2019.12.16_12.27.05.csv#block-000@time-600.000s,block-000,600.000,-277.2739,-277.27,-277.27,0.0000,0.7779,3.009578
390,loot,driving_B_2020.02.27_17.30.15.csv,train/driving_B_2020.02.27_17.30.15.csv#block-002@time-533.000s,block-002,533.000,-159.3897,-159.39,-159.39,0.0000,0.7774,3.137130
391,redandblack,driving_B_2020.02.13_15.02.01.csv,train/driving_B_2020.02.13_15.02.01.csv#block-000@time-1260.000s,block-000,1260.000,12.0427,12.04,12.04,0.0000,0.7768,3.025297
392,soldier,driving_B_2020.01.16_09.56.56.csv,train/driving_B_2020.01.16_09.56.56.csv#block-001@time-999.000s,block-001,999.000,-90.2390,-90.24,-90.24,0.0000,0.7762,3.092667
393,longdress,driving_B_2020.01.16_09.56.56.csv,train/driving_B_2020.01.16_09.56.56.csv#block-001@time-1359.000s,block-001,1359.000,-31.4587,-31.46,-31.46,0.0000,0.7757,3.156625
394,loot,driving_B_2020.02.13_13.03.24.csv,train/driving_B_2020.02.13_13.03.24.csv#block-001@time-1754.000s,block-001,1754.000,1.9205,1.92,1.92,0.0000,0.7751,2.711072
395,redandblack,driving_B_2020.01.16_09.56.56.csv,train/driving_B_2020.01.16_09.56.56.csv#block-000@time-180.000s,block-000,180.000,57.6905,57.69,57.69,0.0000,0.7745,3.094973
396,soldier,driving_B_2020.01.16_07.26.43.csv,train/driving_B_2020.01.16_07.26.43.csv#block-000@time-1260.000s,block-000,1260.000,-21.2003,-21.20,-21.20,0.0000,0.7739,3.078882
397,longdress,static_B_2020.02.14_13.21.26.csv,train/static_B_2020.02.14_13.21.26.csv#block-000@time-120.000s,block-000,120.000,58.8423,58.84,58.84,1.9439,0.7734,2.964031
398,loot,driving_B_2020.01.16_12.10.03.csv,train/driving_B_2020.01.16_12.10.03.csv#block-000@time-240.000s,block-000,240.000,44.6643,44.66,44.66,2.1283,0.7728,3.292776
399,redandblack,driving_B_2020.02.14_09.38.22.csv,train/driving_B_2020.02.14_09.38.22.csv#block-000@time-1080.000s,block-000,1080.000,47.7451,47.75,47.75,1.3760,0.7722,2.898488
400,soldier,driving_B_2020.02.14_09.38.22.csv,train/driving_B_2020.02.14_09.38.22.csv#block-000@time-1020.000s,block-000,1020.000,70.4296,70.43,70.43,0.0000,0.7717,2.920126
401,longdress,driving_B_2020.02.27_17.30.15.csv,train/driving_B_2020.02.27_17.30.15.csv#block-002@time-353.000s,block-002,353.000,-183.7015,-183.70,-183.70,0.0000,0.7711,2.635535
402,loot,driving_B_2020.01.16_12.10.03.csv,train/driving_B_2020.01.16_12.10.03.csv#block-000@time-180.000s,block-000,180.000,58.1883,58.19,58.19,1.6807,0.7705,3.179597
403,redandblack,driving_B_2020.02.27_17.30.15.csv,train/driving_B_2020.02.27_17.30.15.csv#block-002@time-293.000s,block-002,293.000,-267.7521,-267.75,-267.75,0.0000,0.7700,3.231253
404,soldier,static_B_2020.02.14_13.21.26.csv,train/static_B_2020.02.14_13.21.26.csv#block-000@time-360.000s,block-000,360.000,72.5160,72.52,72.52,0.8540,0.7694,2.535916
405,longdress,static_B_2020.02.27_18.39.27.csv,train/static_B_2020.02.27_18.39.27.csv#block-001@time-3852.000s,block-001,3852.000,53.6180,53.62,53.62,1.1854,0.7688,3.010723
406,loot,driving_B_2019.12.17_07.32.39.csv,train/driving_B_2019.12.17_07.32.39.csv#block-000@time-960.000s,block-000,960.000,-41.8080,-41.81,-41.81,0.0000,0.7682,3.019799
407,redandblack,driving_B_2020.01.16_07.26.43.csv,train/driving_B_2020.01.16_07.26.43.csv#block-000@time-120.000s,block-000,120.000,-6.1739,-6.17,-6.17,0.0000,0.7677,2.631455
408,soldier,driving_B_2020.02.14_09.38.22.csv,train/driving_B_2020.02.14_09.38.22.csv#block-000@time-420.000s,block-000,420.000,-251.2698,-251.27,-251.27,0.0000,0.7671,2.815638
409,longdress,static_B_2020.02.27_18.39.27.csv,train/static_B_2020.02.27_18.39.27.csv#block-001@time-132.000s,block-001,132.000,47.4040,47.40,47.40,0.0000,0.7665,2.897687
410,loot,driving_B_2020.02.13_13.03.24.csv,train/driving_B_2020.02.13_13.03.24.csv#block-001@time-1574.000s,block-001,1574.000,-55.9546,-55.95,-55.95,0.0000,0.7660,3.103950
411,redandblack,driving_B_2020.02.13_15.02.01.csv,train/driving_B_2020.02.13_15.02.01.csv#block-000@time-300.000s,block-000,300.000,54.3150,54.31,54.31,2.5468,0.7654,3.181839
412,soldier,driving_B_2020.01.16_12.10.03.csv,train/driving_B_2020.01.16_12.10.03.csv#block-000@time-300.000s,block-000,300.000,20.9758,20.98,20.98,0.0000,0.7648,3.374292
413,longdress,driving_B_2020.01.16_09.56.56.csv,train/driving_B_2020.01.16_09.56.56.csv#block-001@time-1599.000s,block-001,1599.000,56.2799,56.28,56.28,1.3639,0.7642,3.062786
414,loot,driving_B_2020.01.16_09.56.56.csv,train/driving_B_2020.01.16_09.56.56.csv#block-000@time-60.000s,block-000,60.000,-19.5680,-19.57,-19.57,0.0000,0.7637,3.192404
415,redandblack,driving_B_2020.02.14_09.38.22.csv,train/driving_B_2020.02.14_09.38.22.csv#block-000@time-840.000s,block-000,840.000,-22.6938,-22.69,-22.69,0.0000,0.7631,3.193666
416,soldier,driving_B_2020.01.16_09.56.56.csv,train/driving_B_2020.01.16_09.56.56.csv#block-000@time-0.000s,block-000,0.000,-11.5256,-11.53,-11.53,0.0000,0.7625,3.152559
417,loot,static_B_2020.02.14_13.21.26.csv,train/static_B_2020.02.14_13.21.26.csv#block-000@time-480.000s,block-000,480.000,54.4653,54.47,54.47,1.7730,0.7620,2.968875
418,redandblack,driving_B_2020.02.14_12.58.17.csv,train/driving_B_2020.02.14_12.58.17.csv#block-002@time-716.000s,block-002,716.000,-18.6950,-18.70,-18.70,0.0000,0.7614,2.936090
419,soldier,driving_B_2020.02.14_09.38.22.csv,train/driving_B_2020.02.14_09.38.22.csv#block-000@time-0.000s,block-000,0.000,-154.9457,-154.95,-154.95,0.0000,0.7608,2.549878
420,longdress,static_B_2020.02.27_18.39.27.csv,train/static_B_2020.02.27_18.39.27.csv#block-001@time-1932.000s,block-001,1932.000,17.0175,17.02,17.02,0.0000,0.7602,2.981602
421,loot,static_B_2020.02.14_13.21.26.csv,train/static_B_2020.02.14_13.21.26.csv#block-000@time-600.000s,block-000,600.000,58.5518,58.55,58.55,2.1327,0.7597,2.496329
422,redandblack,driving_B_2019.12.17_07.32.39.csv,train/driving_B_2019.12.17_07.32.39.csv#block-004@time-2237.000s,block-004,2237.000,-19.8094,-19.81,-19.81,0.0000,0.7591,3.652749
423,soldier,driving_B_2020.01.16_12.10.03.csv,train/driving_B_2020.01.16_12.10.03.csv#block-000@time-120.000s,block-000,120.000,65.3718,65.37,65.37,0.1098,0.7585,2.500429
424,longdress,driving_B_2020.01.16_09.56.56.csv,train/driving_B_2020.01.16_09.56.56.csv#block-001@time-1239.000s,block-001,1239.000,1.7398,1.74,1.74,0.0000,0.7580,3.179005
425,loot,driving_B_2020.02.13_15.02.01.csv,train/driving_B_2020.02.13_15.02.01.csv#block-000@time-2400.000s,block-000,2400.000,48.7961,48.80,48.80,1.1790,0.7574,2.339246
426,redandblack,driving_B_2020.02.13_15.02.01.csv,train/driving_B_2020.02.13_15.02.01.csv#block-000@time-480.000s,block-000,480.000,58.8700,58.87,58.87,1.5547,0.7568,2.993493
427,soldier,driving_B_2020.01.16_09.56.56.csv,train/driving_B_2020.01.16_09.56.56.csv#block-001@time-999.000s,block-001,999.000,-76.8606,-76.86,-76.86,0.0000,0.7562,3.021092
428,longdress,static_B_2020.02.14_13.21.26.csv,train/static_B_2020.02.14_13.21.26.csv#block-000@time-240.000s,block-000,240.000,55.8230,55.82,55.82,1.5396,0.7557,3.167778
429,loot,driving_B_2020.02.13_13.03.24.csv,train/driving_B_2020.02.13_13.03.24.csv#block-001@time-1274.000s,block-001,1274.000,-74.1533,-74.15,-74.15,0.0000,0.7551,2.868420
430,redandblack,driving_B_2020.02.14_12.58.17.csv,train/driving_B_2020.02.14_12.58.17.csv#block-002@time-656.000s,block-002,656.000,6.9664,6.97,6.97,0.0000,0.7545,2.496147
431,soldier,driving_B_2019.12.16_12.27.05.csv,train/driving_B_2019.12.16_12.27.05.csv#block-000@time-1020.000s,block-000,1020.000,70.7024,70.70,70.70,0.0000,0.7540,3.002961
432,longdress,driving_B_2020.01.16_12.10.03.csv,train/driving_B_2020.01.16_12.10.03.csv#block-000@time-240.000s,block-000,240.000,52.5029,52.50,52.50,1.3740,0.7534,2.440824
433,loot,driving_B_2020.01.16_12.10.03.csv,train/driving_B_2020.01.16_12.10.03.csv#block-000@time-0.000s,block-000,0.000,56.1482,56.15,56.15,2.3605,0.7528,2.911460
434,redandblack,driving_B_2020.01.16_12.10.03.csv,train/driving_B_2020.01.16_12.10.03.csv#block-000@time-60.000s,block-000,60.000,45.1420,45.14,45.14,0.0000,0.7523,2.434517
435,soldier,driving_B_2020.01.16_09.56.56.csv,train/driving_B_2020.01.16_09.56.56.csv#block-001@time-519.000s,block-001,519.000,41.2012,41.20,41.20,0.0000,0.7517,2.391970
436,longdress,static_B_2020.02.27_18.39.27.csv,train/static_B_2020.02.27_18.39.27.csv#block-001@time-1392.000s,block-001,1392.000,22.2895,22.29,22.29,0.8653,0.7511,2.901042
437,loot,driving_B_2020.01.16_12.10.03.csv,train/driving_B_2020.01.16_12.10.03.csv#block-000@time-240.000s,block-000,240.000,39.7914,39.79,39.79,1.5621,0.7505,2.838706
438,redandblack,driving_B_2020.02.27_17.30.15.csv,train/driving_B_2020.02.27_17.30.15.csv#block-002@time-473.000s,block-002,473.000,-406.2625,-406.26,-406.26,0.0000,0.7500,3.089925
439,soldier,static_B_2020.02.27_18.39.27.csv,train/static_B_2020.02.27_18.39.27.csv#block-001@time-732.000s,block-001,732.000,56.5407,56.54,56.54,0.0000,0.7494,3.265214
440,longdress,driving_B_2020.02.14_09.38.22.csv,train/driving_B_2020.02.14_09.38.22.csv#block-000@time-1200.000s,block-000,1200.000,-164.2970,-164.30,-164.30,0.0000,0.7488,3.089395
441,loot,driving_B_2019.12.16_12.27.05.csv,train/driving_B_2019.12.16_12.27.05.csv#block-000@time-600.000s,block-000,600.000,-39.5653,-39.57,-39.57,0.0000,0.7483,3.572844
442,redandblack,driving_B_2019.12.16_12.27.05.csv,train/driving_B_2019.12.16_12.27.05.csv#block-000@time-420.000s,block-000,420.000,-90.0541,-90.05,-90.05,0.0000,0.7477,2.900844
443,soldier,static_B_2020.02.14_13.21.26.csv,train/static_B_2020.02.14_13.21.26.csv#block-000@time-300.000s,block-000,300.000,19.8820,19.88,19.88,0.0000,0.7471,2.795155
444,longdress,driving_B_2019.12.17_07.32.39.csv,train/driving_B_2019.12.17_07.32.39.csv#block-003@time-2134.000s,block-003,2134.000,6.6187,6.62,6.62,0.0000,0.7465,3.157540
445,loot,static_B_2020.02.27_18.39.27.csv,train/static_B_2020.02.27_18.39.27.csv#block-001@time-2292.000s,block-001,2292.000,33.0511,33.05,33.05,0.0000,0.7460,3.017419
446,redandblack,driving_B_2020.02.27_17.30.15.csv,train/driving_B_2020.02.27_17.30.15.csv#block-002@time-293.000s,block-002,293.000,-313.2773,-313.28,-313.28,0.0000,0.7454,2.405729
447,soldier,driving_B_2020.02.14_12.58.17.csv,train/driving_B_2020.02.14_12.58.17.csv#block-000@time-0.000s,block-000,0.000,-35.4913,-35.49,-35.49,0.0000,0.7448,3.171010
448,longdress,driving_B_2020.02.13_13.03.24.csv,train/driving_B_2020.02.13_13.03.24.csv#block-000@time-240.000s,block-000,240.000,-112.0860,-112.09,-112.09,0.0000,0.7443,3.187004
449,loot,driving_B_2020.02.13_15.02.01.csv,train/driving_B_2020.02.13_15.02.01.csv#block-000@time-780.000s,block-000,780.000,-15.8315,-15.83,-15.83,0.0000,0.7437,2.960626
450,redandblack,static_B_2020.02.27_18.39.27.csv,train/static_B_2020.02.27_18.39.27.csv#block-001@time-972.000s,block-001,972.000,50.7493,50.75,50.75,0.0000,0.7431,3.537480
451,soldier,static_B_2019.12.16_13.40.04.csv,train/static_B_2019.12.16_13.40.04.csv#block-000@time-300.000s,block-000,300.000,14.8823,14.88,14.88,0.0000,0.7425,2.897833
452,longdress,driving_B_2020.01.16_07.26.43.csv,train/driving_B_2020.01.16_07.26.43.csv#block-000@time-60.000s,block-000,60.000,-1.5345,-1.53,-1.53,0.0000,0.7420,3.022685
453,loot,driving_B_2020.02.27_17.30.15.csv,train/driving_B_2020.02.27_17.30.15.csv#block-002@time-293.000s,block-002,293.000,-279.0717,-279.07,-279.07,0.0000,0.7414,3.524569
454,redandblack,driving_B_2020.02.27_17.30.15.csv,train/driving_B_2020.02.27_17.30.15.csv#block-002@time-413.000s,block-002,413.000,-203.4085,-203.41,-203.41,0.0000,0.7408,2.740111
455,soldier,driving_B_2019.12.17_07.32.39.csv,train/driving_B_2019.12.17_07.32.39.csv#block-000@time-420.000s,block-000,420.000,21.7313,21.73,21.73,0.0000,0.7403,2.964039
456,longdress,static_B_2020.02.27_18.39.27.csv,train/static_B_2020.02.27_18.39.27.csv#block-001@time-2712.000s,block-001,2712.000,-149.6761,-149.68,-149.68,0.0000,0.7397,3.375240
457,loot,driving_B_2019.12.17_07.32.39.csv,train/driving_B_2019.12.17_07.32.39.csv#block-003@time-1594.000s,block-003,1594.000,-14.8757,-14.88,-14.88,0.0000,0.7391,3.032763
458,redandblack,driving_B_2020.02.14_09.38.22.csv,train/driving_B_2020.02.14_09.38.22.csv#block-000@time-1380.000s,block-000,1380.000,16.5487,16.55,16.55,0.0000,0.7386,2.819781
459,soldier,static_B_2019.12.16_13.40.04.csv,train/static_B_2019.12.16_13.40.04.csv#block-005@time-1526.000s,block-005,1526.000,17.8306,17.83,17.83,0.0000,0.7380,3.358739
460,longdress,driving_B_2019.12.16_12.27.05.csv,train/driving_B_2019.12.16_12.27.05.csv#block-000@time-120.000s,block-000,120.000,29.0444,29.04,29.04,0.0000,0.7374,3.132079
461,loot,driving_B_2020.01.16_12.10.03.csv,train/driving_B_2020.01.16_12.10.03.csv#block-000@time-180.000s,block-000,180.000,63.0481,63.05,63.05,0.3060,0.7368,3.217935
462,redandblack,driving_B_2020.02.14_09.38.22.csv,train/driving_B_2020.02.14_09.38.22.csv#block-000@time-1020.000s,block-000,1020.000,56.0968,56.10,56.10,1.6619,0.7363,2.667325
463,soldier,driving_B_2020.02.13_15.02.01.csv,train/driving_B_2020.02.13_15.02.01.csv#block-000@time-2580.000s,block-000,2580.000,-472.0204,-472.02,-472.02,0.0000,0.7357,2.672918
464,longdress,static_B_2020.02.27_18.39.27.csv,train/static_B_2020.02.27_18.39.27.csv#block-001@time-912.000s,block-001,912.000,42.6625,42.66,42.66,0.0000,0.7351,2.676836
465,loot,driving_B_2020.02.13_15.02.01.csv,train/driving_B_2020.02.13_15.02.01.csv#block-000@time-2820.000s,block-000,2820.000,40.3241,40.32,40.32,0.0411,0.7346,3.086714
466,redandblack,driving_B_2020.02.13_13.03.24.csv,train/driving_B_2020.02.13_13.03.24.csv#block-001@time-974.000s,block-001,974.000,-8.4665,-8.47,-8.47,0.0000,0.7340,2.764340
467,soldier,driving_B_2020.02.14_12.58.17.csv,train/driving_B_2020.02.14_12.58.17.csv#block-002@time-716.000s,block-002,716.000,6.1845,6.18,6.18,0.0000,0.7334,2.859868
468,longdress,driving_B_2020.02.14_12.58.17.csv,train/driving_B_2020.02.14_12.58.17.csv#block-002@time-536.000s,block-002,536.000,-184.2562,-184.26,-184.26,0.0000,0.7328,3.432533
469,loot,driving_B_2019.12.17_07.32.39.csv,train/driving_B_2019.12.17_07.32.39.csv#block-000@time-60.000s,block-000,60.000,-16.5698,-16.57,-16.57,0.0000,0.7323,2.610632
470,redandblack,driving_B_2019.12.16_12.27.05.csv,train/driving_B_2019.12.16_12.27.05.csv#block-000@time-1020.000s,block-000,1020.000,57.3905,57.39,57.39,0.0000,0.7317,2.841370
471,soldier,static_B_2020.02.27_18.39.27.csv,train/static_B_2020.02.27_18.39.27.csv#block-001@time-2172.000s,block-001,2172.000,62.3488,62.35,62.35,0.0000,0.7311,3.114621
472,longdress,driving_B_2020.02.13_13.03.24.csv,train/driving_B_2020.02.13_13.03.24.csv#block-001@time-1994.000s,block-001,1994.000,19.0337,19.03,19.03,0.0000,0.7306,2.788661
473,loot,driving_B_2020.02.27_17.30.15.csv,train/driving_B_2020.02.27_17.30.15.csv#block-002@time-353.000s,block-002,353.000,-121.2771,-121.28,-121.28,0.0000,0.7300,3.020555
474,redandblack,static_B_2020.02.27_18.39.27.csv,train/static_B_2020.02.27_18.39.27.csv#block-001@time-5592.000s,block-001,5592.000,27.4419,27.44,27.44,0.0000,0.7294,2.965955
475,soldier,static_B_2020.02.27_18.39.27.csv,train/static_B_2020.02.27_18.39.27.csv#block-001@time-5172.000s,block-001,5172.000,15.6956,15.70,15.70,0.0000,0.7288,2.520126
476,longdress,driving_B_2020.01.16_07.26.43.csv,train/driving_B_2020.01.16_07.26.43.csv#block-000@time-1020.000s,block-000,1020.000,-88.9027,-88.90,-88.90,0.0000,0.7283,3.218077
477,loot,driving_B_2020.01.16_07.26.43.csv,train/driving_B_2020.01.16_07.26.43.csv#block-000@time-0.000s,block-000,0.000,-10.1797,-10.18,-10.18,0.0000,0.7277,2.674609
478,redandblack,driving_B_2020.02.14_12.58.17.csv,train/driving_B_2020.02.14_12.58.17.csv#block-002@time-536.000s,block-002,536.000,-229.9017,-229.90,-229.90,0.0000,0.7271,2.725932
479,soldier,driving_B_2020.02.14_12.58.17.csv,train/driving_B_2020.02.14_12.58.17.csv#block-002@time-656.000s,block-002,656.000,-12.8898,-12.89,-12.89,0.0000,0.7266,2.697778
480,longdress,driving_B_2020.01.16_12.10.03.csv,train/driving_B_2020.01.16_12.10.03.csv#block-000@time-300.000s,block-000,300.000,13.0179,13.02,13.02,0.0000,0.7260,2.757336
481,loot,driving_B_2020.01.16_12.10.03.csv,train/driving_B_2020.01.16_12.10.03.csv#block-000@time-360.000s,block-000,360.000,59.9822,59.98,59.98,0.0000,0.7254,2.565444
482,redandblack,driving_B_2019.12.16_12.27.05.csv,train/driving_B_2019.12.16_12.27.05.csv#block-000@time-240.000s,block-000,240.000,-1.6056,-1.61,-1.61,0.0000,0.7248,2.714918
483,soldier,static_B_2019.12.16_13.40.04.csv,train/static_B_2019.12.16_13.40.04.csv#block-005@time-1346.000s,block-005,1346.000,-22.3668,-22.37,-22.37,0.0000,0.7243,2.880701
484,longdress,driving_B_2019.12.16_12.27.05.csv,train/driving_B_2019.12.16_12.27.05.csv#block-000@time-780.000s,block-000,780.000,-4.3128,-4.31,-4.31,0.0000,0.7237,3.244618
485,loot,driving_B_2020.02.14_09.38.22.csv,train/driving_B_2020.02.14_09.38.22.csv#block-000@time-480.000s,block-000,480.000,-35.1399,-35.14,-35.14,0.0000,0.7231,2.687813
486,redandblack,driving_B_2020.02.14_09.38.22.csv,train/driving_B_2020.02.14_09.38.22.csv#block-000@time-420.000s,block-000,420.000,-130.4077,-130.41,-130.41,0.0000,0.7226,3.247021
487,soldier,driving_B_2020.01.16_12.10.03.csv,train/driving_B_2020.01.16_12.10.03.csv#block-000@time-0.000s,block-000,0.000,35.9841,35.98,35.98,2.3890,0.7220,2.935938
488,longdress,static_B_2019.12.16_13.40.04.csv,train/static_B_2019.12.16_13.40.04.csv#block-001@time-595.000s,block-001,595.000,63.4255,63.43,63.43,0.0000,0.7214,2.554174
489,loot,driving_B_2020.01.16_09.56.56.csv,train/driving_B_2020.01.16_09.56.56.csv#block-001@time-1359.000s,block-001,1359.000,13.9186,13.92,13.92,0.0000,0.7209,3.532094
490,redandblack,driving_B_2020.02.14_09.38.22.csv,train/driving_B_2020.02.14_09.38.22.csv#block-000@time-300.000s,block-000,300.000,-115.0470,-115.05,-115.05,0.0000,0.7203,2.950118
491,soldier,driving_B_2020.02.13_15.02.01.csv,train/driving_B_2020.02.13_15.02.01.csv#block-000@time-60.000s,block-000,60.000,60.3910,60.39,60.39,0.0000,0.7197,2.504226
492,longdress,driving_B_2020.02.14_12.58.17.csv,train/driving_B_2020.02.14_12.58.17.csv#block-002@time-716.000s,block-002,716.000,3.2375,3.24,3.24,0.0000,0.7191,2.907383
493,loot,driving_B_2020.02.14_12.58.17.csv,train/driving_B_2020.02.14_12.58.17.csv#block-002@time-716.000s,block-002,716.000,-22.2610,-22.26,-22.26,0.0000,0.7186,3.028096
494,redandblack,driving_B_2020.02.27_17.30.15.csv,train/driving_B_2020.02.27_17.30.15.csv#block-002@time-473.000s,block-002,473.000,-374.1524,-374.15,-374.15,0.0000,0.7180,2.924077
495,soldier,driving_B_2019.12.17_07.32.39.csv,train/driving_B_2019.12.17_07.32.39.csv#block-000@time-1080.000s,block-000,1080.000,-21.0480,-21.05,-21.05,0.0000,0.7174,2.866572
496,longdress,driving_B_2020.02.13_15.02.01.csv,train/driving_B_2020.02.13_15.02.01.csv#block-000@time-2280.000s,block-000,2280.000,-4.5044,-4.50,-4.50,0.0000,0.7169,2.705535
497,loot,driving_B_2020.02.13_13.03.24.csv,train/driving_B_2020.02.13_13.03.24.csv#block-000@time-600.000s,block-000,600.000,1.9085,1.91,1.91,0.0000,0.7163,3.099680
498,redandblack,driving_B_2020.01.16_07.26.43.csv,train/driving_B_2020.01.16_07.26.43.csv#block-000@time-1140.000s,block-000,1140.000,32.7103,32.71,32.71,0.0000,0.7157,2.857159
499,soldier,driving_B_2020.01.16_09.56.56.csv,train/driving_B_2020.01.16_09.56.56.csv#block-001@time-939.000s,block-001,939.000,-51.7962,-51.80,-51.80,0.0000,0.7151,3.316498
500,longdress,driving_B_2019.12.17_07.32.39.csv,train/driving_B_2019.12.17_07.32.39.csv#block-000@time-300.000s,block-000,300.000,-77.5948,-77.59,-77.59,0.0000,0.7146,2.639517
501,loot,driving_B_2020.01.16_09.56.56.csv,train/driving_B_2020.01.16_09.56.56.csv#block-001@time-1539.000s,block-001,1539.000,60.5948,60.59,60.59,1.9724,0.7140,2.794405
502,redandblack,static_B_2019.12.16_13.40.04.csv,train/static_B_2019.12.16_13.40.04.csv#block-001@time-775.000s,block-001,775.000,49.7676,49.77,49.77,1.6655,0.7134,2.462190
503,soldier,driving_B_2020.02.14_09.38.22.csv,train/driving_B_2020.02.14_09.38.22.csv#block-000@time-60.000s,block-000,60.000,-116.5803,-116.58,-116.58,0.0000,0.7129,2.923133
504,longdress,driving_B_2020.01.16_12.10.03.csv,train/driving_B_2020.01.16_12.10.03.csv#block-000@time-60.000s,block-000,60.000,33.2997,33.30,33.30,0.0000,0.7123,2.949029
505,loot,driving_B_2019.12.17_07.32.39.csv,train/driving_B_2019.12.17_07.32.39.csv#block-000@time-0.000s,block-000,0.000,20.1729,20.17,20.17,0.0000,0.7117,2.705790
506,redandblack,static_B_2020.02.14_13.21.26.csv,train/static_B_2020.02.14_13.21.26.csv#block-000@time-420.000s,block-000,420.000,58.8566,58.86,58.86,0.7028,0.7111,2.791805
507,soldier,driving_B_2019.12.17_07.32.39.csv,train/driving_B_2019.12.17_07.32.39.csv#block-000@time-900.000s,block-000,900.000,-65.1238,-65.12,-65.12,0.0000,0.7106,3.229706
508,longdress,static_B_2020.02.14_13.21.26.csv,train/static_B_2020.02.14_13.21.26.csv#block-000@time-660.000s,block-000,660.000,72.0134,72.01,72.01,0.4450,0.7100,2.820008
509,loot,static_B_2019.12.16_13.40.04.csv,train/static_B_2019.12.16_13.40.04.csv#block-005@time-1766.000s,block-005,1766.000,65.5070,65.51,65.51,2.0671,0.7094,3.521194
510,redandblack,driving_B_2020.01.16_12.10.03.csv,train/driving_B_2020.01.16_12.10.03.csv#block-000@time-300.000s,block-000,300.000,29.9608,29.96,29.96,0.0000,0.7089,2.696678
511,soldier,static_B_2019.12.16_13.40.04.csv,train/static_B_2019.12.16_13.40.04.csv#block-005@time-1886.000s,block-005,1886.000,37.3810,37.38,37.38,0.0000,0.7083,2.765008
512,longdress,driving_B_2020.01.16_07.26.43.csv,train/driving_B_2020.01.16_07.26.43.csv#block-000@time-180.000s,block-000,180.000,-223.4022,-223.40,-223.40,0.0000,0.7077,2.321080
513,loot,static_B_2019.12.16_13.40.04.csv,train/static_B_2019.12.16_13.40.04.csv#block-001@time-1135.000s,block-001,1135.000,56.6847,56.68,56.68,0.0000,0.7071,2.619242
514,redandblack,driving_B_2020.02.13_15.02.01.csv,train/driving_B_2020.02.13_15.02.01.csv#block-000@time-1260.000s,block-000,1260.000,11.6927,11.69,11.69,0.0000,0.7066,2.910362
515,soldier,driving_B_2019.12.17_07.32.39.csv,train/driving_B_2019.12.17_07.32.39.csv#block-000@time-1020.000s,block-000,1020.000,-75.5323,-75.53,-75.53,0.0000,0.7060,3.084944
516,longdress,driving_B_2020.01.16_12.10.03.csv,train/driving_B_2020.01.16_12.10.03.csv#block-000@time-0.000s,block-000,0.000,60.8303,60.83,60.83,1.3723,0.7054,3.224559
517,loot,driving_B_2020.02.14_09.38.22.csv,train/driving_B_2020.02.14_09.38.22.csv#block-000@time-540.000s,block-000,540.000,-40.2070,-40.21,-40.21,0.0000,0.7049,2.565886
518,redandblack,driving_B_2019.12.16_12.27.05.csv,train/driving_B_2019.12.16_12.27.05.csv#block-000@time-840.000s,block-000,840.000,33.1351,33.14,33.14,0.0000,0.7043,3.032818
519,soldier,driving_B_2020.02.14_09.38.22.csv,train/driving_B_2020.02.14_09.38.22.csv#block-000@time-840.000s,block-000,840.000,-60.6816,-60.68,-60.68,0.0000,0.7037,2.763663
520,longdress,driving_B_2020.01.16_12.10.03.csv,train/driving_B_2020.01.16_12.10.03.csv#block-000@time-360.000s,block-000,360.000,49.3433,49.34,49.34,1.4367,0.7032,3.514746
521,loot,static_B_2020.02.27_18.39.27.csv,train/static_B_2020.02.27_18.39.27.csv#block-001@time-3252.000s,block-001,3252.000,60.4463,60.45,60.45,0.0000,0.7026,2.870479
522,redandblack,static_B_2019.12.16_13.40.04.csv,train/static_B_2019.12.16_13.40.04.csv#block-005@time-1406.000s,block-005,1406.000,58.8131,58.81,58.81,0.0000,0.7020,2.559335
523,soldier,driving_B_2020.02.13_13.03.24.csv,train/driving_B_2020.02.13_13.03.24.csv#block-001@time-1814.000s,block-001,1814.000,-124.6886,-124.69,-124.69,0.0000,0.7014,2.836983
524,longdress,driving_B_2020.02.27_17.30.15.csv,train/driving_B_2020.02.27_17.30.15.csv#block-002@time-533.000s,block-002,533.000,-159.8276,-159.83,-159.83,0.0000,0.7009,2.846709
525,loot,driving_B_2020.02.13_15.02.01.csv,train/driving_B_2020.02.13_15.02.01.csv#block-000@time-2700.000s,block-000,2700.000,-245.3314,-245.33,-245.33,0.0000,0.7003,2.729120
526,redandblack,driving_B_2019.12.16_12.27.05.csv,train/driving_B_2019.12.16_12.27.05.csv#block-000@time-1140.000s,block-000,1140.000,34.2400,34.24,34.24,0.0000,0.6997,2.873207
527,soldier,static_B_2020.02.14_13.21.26.csv,train/static_B_2020.02.14_13.21.26.csv#block-000@time-720.000s,block-000,720.000,42.7144,42.71,42.71,0.2229,0.6992,2.885334
528,longdress,static_B_2020.02.14_13.21.26.csv,train/static_B_2020.02.14_13.21.26.csv#block-000@time-120.000s,block-000,120.000,53.2795,53.28,53.28,0.9945,0.6986,3.197350
529,loot,driving_B_2020.02.13_15.02.01.csv,train/driving_B_2020.02.13_15.02.01.csv#block-000@time-1560.000s,block-000,1560.000,-29.6360,-29.64,-29.64,0.0000,0.6980,2.854291
530,redandblack,driving_B_2020.02.14_12.58.17.csv,train/driving_B_2020.02.14_12.58.17.csv#block-002@time-596.000s,block-002,596.000,-31.6232,-31.62,-31.62,0.0000,0.6974,2.943364
531,soldier,driving_B_2020.02.13_13.03.24.csv,train/driving_B_2020.02.13_13.03.24.csv#block-001@time-1934.000s,block-001,1934.000,-14.6750,-14.68,-14.68,0.0000,0.6969,2.890780
532,longdress,driving_B_2020.01.16_09.56.56.csv,train/driving_B_2020.01.16_09.56.56.csv#block-000@time-240.000s,block-000,240.000,12.2615,12.26,12.26,0.0000,0.6963,2.759378
533,loot,static_B_2020.02.27_18.39.27.csv,train/static_B_2020.02.27_18.39.27.csv#block-001@time-5232.000s,block-001,5232.000,47.8744,47.87,47.87,0.0000,0.6957,2.683323
534,redandblack,static_B_2020.02.14_13.21.26.csv,train/static_B_2020.02.14_13.21.26.csv#block-000@time-60.000s,block-000,60.000,58.9624,58.96,58.96,2.6880,0.6952,2.694997
535,soldier,driving_B_2020.01.16_07.26.43.csv,train/driving_B_2020.01.16_07.26.43.csv#block-000@time-300.000s,block-000,300.000,5.9522,5.95,5.95,0.0000,0.6946,3.267327
536,longdress,driving_B_2020.02.14_09.38.22.csv,train/driving_B_2020.02.14_09.38.22.csv#block-000@time-720.000s,block-000,720.000,64.2039,64.20,64.20,0.8690,0.6940,3.315459
537,loot,driving_B_2020.02.13_13.03.24.csv,train/driving_B_2020.02.13_13.03.24.csv#block-000@time-480.000s,block-000,480.000,-41.7699,-41.77,-41.77,0.0000,0.6934,2.704661
538,redandblack,driving_B_2020.02.13_15.02.01.csv,train/driving_B_2020.02.13_15.02.01.csv#block-000@time-2940.000s,block-000,2940.000,-51.6047,-51.60,-51.60,0.0000,0.6929,2.734345
539,soldier,driving_B_2020.02.13_13.03.24.csv,train/driving_B_2020.02.13_13.03.24.csv#block-001@time-1874.000s,block-001,1874.000,-239.4134,-239.41,-239.41,0.0000,0.6923,3.330164
540,longdress,driving_B_2020.02.27_17.30.15.csv,train/driving_B_2020.02.27_17.30.15.csv#block-002@time-473.000s,block-002,473.000,-465.8711,-465.87,-465.87,0.0000,0.6917,3.242728
541,loot,driving_B_2019.12.17_07.32.39.csv,train/driving_B_2019.12.17_07.32.39.csv#block-000@time-180.000s,block-000,180.000,27.0344,27.03,27.03,0.0000,0.6912,2.830204
542,redandblack,driving_B_2019.12.17_07.32.39.csv,train/driving_B_2019.12.17_07.32.39.csv#block-004@time-2537.000s,block-004,2537.000,64.0691,64.07,64.07,2.3518,0.6906,2.630485
543,soldier,driving_B_2020.01.16_07.26.43.csv,train/driving_B_2020.01.16_07.26.43.csv#block-000@time-720.000s,block-000,720.000,-108.4333,-108.43,-108.43,0.0000,0.6900,2.467337
544,longdress,driving_B_2020.01.16_09.56.56.csv,train/driving_B_2020.01.16_09.56.56.csv#block-001@time-579.000s,block-001,579.000,34.6684,34.67,34.67,0.0000,0.6895,3.120385
545,loot,driving_B_2020.02.14_09.38.22.csv,train/driving_B_2020.02.14_09.38.22.csv#block-000@time-660.000s,block-000,660.000,25.7328,25.73,25.73,0.0000,0.6889,2.665042
546,redandblack,static_B_2019.12.16_13.40.04.csv,train/static_B_2019.12.16_13.40.04.csv#block-001@time-835.000s,block-001,835.000,58.5493,58.55,58.55,2.0450,0.6883,2.752443
547,soldier,driving_B_2019.12.16_12.27.05.csv,train/driving_B_2019.12.16_12.27.05.csv#block-000@time-120.000s,block-000,120.000,-44.5105,-44.51,-44.51,0.0000,0.6877,2.530948
548,longdress,static_B_2019.12.16_13.40.04.csv,train/static_B_2019.12.16_13.40.04.csv#block-005@time-2006.000s,block-005,2006.000,36.9517,36.95,36.95,0.0000,0.6872,3.081964
549,loot,driving_B_2020.02.27_17.30.15.csv,train/driving_B_2020.02.27_17.30.15.csv#block-002@time-293.000s,block-002,293.000,-222.6246,-222.62,-222.62,0.0000,0.6866,2.902492
550,redandblack,driving_B_2020.01.16_07.26.43.csv,train/driving_B_2020.01.16_07.26.43.csv#block-000@time-240.000s,block-000,240.000,-29.1293,-29.13,-29.13,0.0000,0.6860,2.771383
551,soldier,driving_B_2019.12.16_12.27.05.csv,train/driving_B_2019.12.16_12.27.05.csv#block-000@time-1080.000s,block-000,1080.000,70.0249,70.02,70.02,0.0000,0.6855,3.088426
552,longdress,driving_B_2020.01.16_07.26.43.csv,train/driving_B_2020.01.16_07.26.43.csv#block-000@time-480.000s,block-000,480.000,-167.3418,-167.34,-167.34,0.0000,0.6849,2.808597
553,loot,driving_B_2020.02.14_12.58.17.csv,train/driving_B_2020.02.14_12.58.17.csv#block-000@time-0.000s,block-000,0.000,6.0121,6.01,6.01,0.0000,0.6843,2.667938
554,redandblack,driving_B_2020.01.16_09.56.56.csv,train/driving_B_2020.01.16_09.56.56.csv#block-001@time-759.000s,block-001,759.000,19.5404,19.54,19.54,0.0000,0.6837,2.798254
555,soldier,static_B_2020.02.27_18.39.27.csv,train/static_B_2020.02.27_18.39.27.csv#block-001@time-5472.000s,block-001,5472.000,53.9803,53.98,53.98,1.2442,0.6832,3.022615
556,longdress,driving_B_2020.02.14_12.58.17.csv,train/driving_B_2020.02.14_12.58.17.csv#block-002@time-536.000s,block-002,536.000,-248.9794,-248.98,-248.98,0.0000,0.6826,2.745182
557,loot,driving_B_2020.02.14_12.58.17.csv,train/driving_B_2020.02.14_12.58.17.csv#block-002@time-596.000s,block-002,596.000,-36.4107,-36.41,-36.41,0.0000,0.6820,2.633866
558,redandblack,driving_B_2020.02.14_09.38.22.csv,train/driving_B_2020.02.14_09.38.22.csv#block-000@time-240.000s,block-000,240.000,-97.5836,-97.58,-97.58,0.0000,0.6815,2.675312
559,soldier,driving_B_2020.02.27_17.30.15.csv,train/driving_B_2020.02.27_17.30.15.csv#block-002@time-293.000s,block-002,293.000,-290.7368,-290.74,-290.74,0.0000,0.6809,2.622240
560,longdress,driving_B_2020.02.14_09.38.22.csv,train/driving_B_2020.02.14_09.38.22.csv#block-000@time-1320.000s,block-000,1320.000,-42.0896,-42.09,-42.09,0.0000,0.6803,3.511202
561,loot,static_B_2019.12.16_13.40.04.csv,train/static_B_2019.12.16_13.40.04.csv#block-005@time-1706.000s,block-005,1706.000,55.9802,55.98,55.98,0.0000,0.6797,3.579777
562,redandblack,driving_B_2020.02.13_15.02.01.csv,train/driving_B_2020.02.13_15.02.01.csv#block-000@time-900.000s,block-000,900.000,-5.8741,-5.87,-5.87,0.0000,0.6792,2.710064
563,soldier,static_B_2019.12.16_13.40.04.csv,train/static_B_2019.12.16_13.40.04.csv#block-000@time-120.000s,block-000,120.000,61.0454,61.05,61.05,0.0000,0.6786,2.612341
564,longdress,static_B_2020.02.27_18.39.27.csv,train/static_B_2020.02.27_18.39.27.csv#block-001@time-4632.000s,block-001,4632.000,59.9729,59.97,59.97,0.9234,0.6780,3.545586
565,loot,driving_B_2020.02.14_12.58.17.csv,train/driving_B_2020.02.14_12.58.17.csv#block-002@time-596.000s,block-002,596.000,-20.9625,-20.96,-20.96,0.0000,0.6775,2.934170
566,redandblack,static_B_2020.02.27_18.39.27.csv,train/static_B_2020.02.27_18.39.27.csv#block-001@time-6012.000s,block-001,6012.000,61.6724,61.67,61.67,1.8122,0.6769,3.183417
567,soldier,static_B_2020.02.14_13.21.26.csv,train/static_B_2020.02.14_13.21.26.csv#block-000@time-120.000s,block-000,120.000,49.8943,49.89,49.89,1.6873,0.6763,2.523428
568,longdress,driving_B_2019.12.16_12.27.05.csv,train/driving_B_2019.12.16_12.27.05.csv#block-000@time-960.000s,block-000,960.000,42.7075,42.71,42.71,0.0000,0.6757,3.106013
569,loot,driving_B_2020.01.16_07.26.43.csv,train/driving_B_2020.01.16_07.26.43.csv#block-000@time-900.000s,block-000,900.000,38.1195,38.12,38.12,0.0000,0.6752,3.249231
570,redandblack,static_B_2020.02.14_13.21.26.csv,train/static_B_2020.02.14_13.21.26.csv#block-000@time-1080.000s,block-000,1080.000,51.2607,51.26,51.26,1.0533,0.6746,3.055396
571,soldier,driving_B_2019.12.16_12.27.05.csv,train/driving_B_2019.12.16_12.27.05.csv#block-000@time-1200.000s,block-000,1200.000,-21.2297,-21.23,-21.23,0.0000,0.6740,3.224120
572,longdress,driving_B_2019.12.16_12.27.05.csv,train/driving_B_2019.12.16_12.27.05.csv#block-000@time-0.000s,block-000,0.000,17.9343,17.93,17.93,0.0000,0.6735,2.650082
573,loot,static_B_2019.12.16_13.40.04.csv,train/static_B_2019.12.16_13.40.04.csv#block-000@time-420.000s,block-000,420.000,62.5735,62.57,62.57,0.0000,0.6729,2.588372
574,redandblack,driving_B_2019.12.16_12.27.05.csv,train/driving_B_2019.12.16_12.27.05.csv#block-000@time-1260.000s,block-000,1260.000,65.2074,65.21,65.21,0.9321,0.6723,2.605554
575,soldier,static_B_2019.12.16_13.40.04.csv,train/static_B_2019.12.16_13.40.04.csv#block-006@time-2232.000s,block-006,2232.000,57.2132,57.21,57.21,1.1042,0.6718,2.760579
576,longdress,driving_B_2020.02.13_15.02.01.csv,train/driving_B_2020.02.13_15.02.01.csv#block-000@time-1140.000s,block-000,1140.000,65.5910,65.59,65.59,0.4499,0.6712,2.972213
577,loot,static_B_2020.02.27_18.39.27.csv,train/static_B_2020.02.27_18.39.27.csv#block-001@time-2472.000s,block-001,2472.000,66.9764,66.98,66.98,0.0000,0.6706,2.719243
578,redandblack,driving_B_2019.12.16_12.27.05.csv,train/driving_B_2019.12.16_12.27.05.csv#block-000@time-540.000s,block-000,540.000,-169.8101,-169.81,-169.81,0.0000,0.6700,2.809535
579,soldier,driving_B_2020.02.14_09.38.22.csv,train/driving_B_2020.02.14_09.38.22.csv#block-000@time-360.000s,block-000,360.000,-180.6183,-180.62,-180.62,0.0000,0.6695,2.872592
580,longdress,driving_B_2020.01.16_12.10.03.csv,train/driving_B_2020.01.16_12.10.03.csv#block-000@time-300.000s,block-000,300.000,15.4397,15.44,15.44,0.0000,0.6689,3.045304
581,loot,driving_B_2020.02.14_09.38.22.csv,train/driving_B_2020.02.14_09.38.22.csv#block-000@time-1500.000s,block-000,1500.000,-54.6791,-54.68,-54.68,0.0000,0.6683,2.567699
582,redandblack,static_B_2020.02.14_13.21.26.csv,train/static_B_2020.02.14_13.21.26.csv#block-000@time-660.000s,block-000,660.000,65.8120,65.81,65.81,1.4493,0.6678,2.681479
583,soldier,driving_B_2020.02.14_12.58.17.csv,train/driving_B_2020.02.14_12.58.17.csv#block-000@time-0.000s,block-000,0.000,-51.9718,-51.97,-51.97,0.0000,0.6672,2.855608
584,longdress,driving_B_2020.02.27_17.30.15.csv,train/driving_B_2020.02.27_17.30.15.csv#block-002@time-473.000s,block-002,473.000,-443.6687,-443.67,-443.67,0.0000,0.6666,3.053581
585,loot,driving_B_2020.02.13_15.02.01.csv,train/driving_B_2020.02.13_15.02.01.csv#block-000@time-2100.000s,block-000,2100.000,11.8130,11.81,11.81,0.0000,0.6660,2.683010
586,redandblack,driving_B_2019.12.17_07.32.39.csv,train/driving_B_2019.12.17_07.32.39.csv#block-000@time-1380.000s,block-000,1380.000,24.0348,24.03,24.03,0.0000,0.6655,2.820038
587,soldier,driving_B_2020.02.13_15.02.01.csv,train/driving_B_2020.02.13_15.02.01.csv#block-000@time-2160.000s,block-000,2160.000,21.7984,21.80,21.80,0.0000,0.6649,2.697496
588,longdress,driving_B_2020.02.13_15.02.01.csv,train/driving_B_2020.02.13_15.02.01.csv#block-000@time-1620.000s,block-000,1620.000,-168.9165,-168.92,-168.92,0.0000,0.6643,3.009540
589,loot,driving_B_2020.01.16_07.26.43.csv,train/driving_B_2020.01.16_07.26.43.csv#block-000@time-120.000s,block-000,120.000,23.7214,23.72,23.72,0.0000,0.6638,2.892040
590,redandblack,driving_B_2019.12.17_07.32.39.csv,train/driving_B_2019.12.17_07.32.39.csv#block-000@time-1140.000s,block-000,1140.000,40.7085,40.71,40.71,0.0000,0.6632,2.938208
591,soldier,static_B_2020.02.14_13.21.26.csv,train/static_B_2020.02.14_13.21.26.csv#block-000@time-360.000s,block-000,360.000,49.4248,49.42,49.42,0.0000,0.6626,2.848844
592,longdress,driving_B_2019.12.16_12.27.05.csv,train/driving_B_2019.12.16_12.27.05.csv#block-000@time-720.000s,block-000,720.000,-59.2264,-59.23,-59.23,0.0000,0.6620,2.676542
593,loot,driving_B_2020.02.14_09.38.22.csv,train/driving_B_2020.02.14_09.38.22.csv#block-000@time-1020.000s,block-000,1020.000,56.9679,56.97,56.97,2.2157,0.6615,3.046870
594,redandblack,driving_B_2019.12.17_07.32.39.csv,train/driving_B_2019.12.17_07.32.39.csv#block-000@time-120.000s,block-000,120.000,14.5388,14.54,14.54,0.0000,0.6609,2.989145
595,soldier,driving_B_2019.12.17_07.32.39.csv,train/driving_B_2019.12.17_07.32.39.csv#block-003@time-1894.000s,block-003,1894.000,-42.6644,-42.66,-42.66,0.0000,0.6603,3.093494
596,longdress,driving_B_2020.02.27_17.30.15.csv,train/driving_B_2020.02.27_17.30.15.csv#block-002@time-293.000s,block-002,293.000,-378.2113,-378.21,-378.21,0.0000,0.6598,2.646957
597,loot,driving_B_2019.12.16_12.27.05.csv,train/driving_B_2019.12.16_12.27.05.csv#block-000@time-480.000s,block-000,480.000,-16.3571,-16.36,-16.36,0.0000,0.6592,2.453937
598,redandblack,driving_B_2020.02.13_13.03.24.csv,train/driving_B_2020.02.13_13.03.24.csv#block-001@time-1694.000s,block-001,1694.000,-19.3174,-19.32,-19.32,0.0000,0.6586,3.007649
599,soldier,driving_B_2020.02.13_13.03.24.csv,train/driving_B_2020.02.13_13.03.24.csv#block-007@time-2290.000s,block-007,2290.000,-272.6800,-272.68,-272.68,0.0000,0.6581,3.029477
600,longdress,static_B_2020.02.27_18.39.27.csv,train/static_B_2020.02.27_18.39.27.csv#block-001@time-4692.000s,block-001,4692.000,45.4093,45.41,45.41,0.1282,0.6575,2.886865
601,loot,driving_B_2020.02.14_09.38.22.csv,train/driving_B_2020.02.14_09.38.22.csv#block-000@time-1560.000s,block-000,1560.000,8.1990,8.20,8.20,0.0000,0.6569,2.958232
602,redandblack,driving_B_2019.12.17_07.32.39.csv,train/driving_B_2019.12.17_07.32.39.csv#block-000@time-600.000s,block-000,600.000,17.2494,17.25,17.25,0.0000,0.6563,2.792634
603,soldier,driving_B_2019.12.17_07.32.39.csv,train/driving_B_2019.12.17_07.32.39.csv#block-000@time-1440.000s,block-000,1440.000,44.0208,44.02,44.02,1.8405,0.6558,2.533277
604,longdress,driving_B_2020.01.16_12.10.03.csv,train/driving_B_2020.01.16_12.10.03.csv#block-000@time-360.000s,block-000,360.000,72.8452,72.85,72.85,0.2164,0.6552,3.943668
605,loot,driving_B_2020.02.13_15.02.01.csv,train/driving_B_2020.02.13_15.02.01.csv#block-000@time-180.000s,block-000,180.000,47.9646,47.96,47.96,0.0000,0.6546,3.616190
606,redandblack,driving_B_2020.01.16_07.26.43.csv,train/driving_B_2020.01.16_07.26.43.csv#block-000@time-780.000s,block-000,780.000,-7.5768,-7.58,-7.58,0.0000,0.6541,3.466382
607,soldier,driving_B_2020.02.14_12.58.17.csv,train/driving_B_2020.02.14_12.58.17.csv#block-002@time-536.000s,block-002,536.000,-307.5138,-307.51,-307.51,0.0000,0.6535,3.260359
608,longdress,driving_B_2020.01.16_09.56.56.csv,train/driving_B_2020.01.16_09.56.56.csv#block-000@time-60.000s,block-000,60.000,-74.0546,-74.05,-74.05,0.0000,0.6529,3.547109
609,loot,driving_B_2019.12.17_07.32.39.csv,train/driving_B_2019.12.17_07.32.39.csv#block-003@time-1534.000s,block-003,1534.000,25.6397,25.64,25.64,0.0000,0.6523,3.139139
610,redandblack,driving_B_2020.01.16_12.10.03.csv,train/driving_B_2020.01.16_12.10.03.csv#block-000@time-120.000s,block-000,120.000,59.6238,59.62,59.62,1.4137,0.6518,2.752167
611,soldier,driving_B_2020.02.27_17.30.15.csv,train/driving_B_2020.02.27_17.30.15.csv#block-002@time-413.000s,block-002,413.000,-197.0152,-197.02,-197.02,0.0000,0.6512,3.396092
612,longdress,driving_B_2020.01.16_09.56.56.csv,train/driving_B_2020.01.16_09.56.56.csv#block-001@time-879.000s,block-001,879.000,26.9745,26.97,26.97,0.0000,0.6506,3.188949
613,loot,driving_B_2020.02.13_15.02.01.csv,train/driving_B_2020.02.13_15.02.01.csv#block-000@time-360.000s,block-000,360.000,44.4437,44.44,44.44,0.9004,0.6501,3.012706
614,redandblack,driving_B_2020.01.16_12.10.03.csv,train/driving_B_2020.01.16_12.10.03.csv#block-000@time-180.000s,block-000,180.000,59.7224,59.72,59.72,0.0000,0.6495,3.857666
615,soldier,static_B_2020.02.14_13.21.26.csv,train/static_B_2020.02.14_13.21.26.csv#block-000@time-540.000s,block-000,540.000,49.2533,49.25,49.25,0.5999,0.6489,2.879695
616,longdress,static_B_2020.02.27_18.39.27.csv,train/static_B_2020.02.27_18.39.27.csv#block-001@time-5832.000s,block-001,5832.000,66.2333,66.23,66.23,1.3147,0.6483,3.040611
617,loot,static_B_2020.02.14_13.21.26.csv,train/static_B_2020.02.14_13.21.26.csv#block-000@time-960.000s,block-000,960.000,42.5426,42.54,42.54,0.0000,0.6478,2.782662
618,redandblack,driving_B_2020.01.16_07.26.43.csv,train/driving_B_2020.01.16_07.26.43.csv#block-000@time-1560.000s,block-000,1560.000,-24.2242,-24.22,-24.22,0.0000,0.6472,2.995466
619,soldier,driving_B_2020.02.14_12.58.17.csv,train/driving_B_2020.02.14_12.58.17.csv#block-002@time-536.000s,block-002,536.000,-269.8484,-269.85,-269.85,0.0000,0.6466,3.019329
620,longdress,driving_B_2020.01.16_09.56.56.csv,train/driving_B_2020.01.16_09.56.56.csv#block-000@time-120.000s,block-000,120.000,-120.7079,-120.71,-120.71,0.0000,0.6461,2.730195
621,loot,static_B_2019.12.16_13.40.04.csv,train/static_B_2019.12.16_13.40.04.csv#block-005@time-1646.000s,block-005,1646.000,64.2330,64.23,64.23,1.2496,0.6455,2.901848
622,redandblack,static_B_2020.02.14_13.21.26.csv,train/static_B_2020.02.14_13.21.26.csv#block-000@time-240.000s,block-000,240.000,57.9122,57.91,57.91,2.0956,0.6449,3.561180
623,soldier,driving_B_2020.02.13_15.02.01.csv,train/driving_B_2020.02.13_15.02.01.csv#block-000@time-2040.000s,block-000,2040.000,57.9161,57.92,57.92,0.0000,0.6443,3.438358
624,longdress,driving_B_2019.12.17_07.32.39.csv,train/driving_B_2019.12.17_07.32.39.csv#block-003@time-1954.000s,block-003,1954.000,-50.3091,-50.31,-50.31,0.0000,0.6438,3.178173
625,loot,driving_B_2020.02.14_09.38.22.csv,train/driving_B_2020.02.14_09.38.22.csv#block-000@time-600.000s,block-000,600.000,58.5120,58.51,58.51,0.0000,0.6432,3.471942
626,redandblack,driving_B_2020.02.13_13.03.24.csv,train/driving_B_2020.02.13_13.03.24.csv#block-000@time-120.000s,block-000,120.000,-28.8706,-28.87,-28.87,0.0000,0.6426,3.214421
627,soldier,driving_B_2020.02.14_09.38.22.csv,train/driving_B_2020.02.14_09.38.22.csv#block-000@time-1380.000s,block-000,1380.000,60.9944,60.99,60.99,0.0000,0.6421,3.403379
628,longdress,static_B_2020.02.27_18.39.27.csv,train/static_B_2020.02.27_18.39.27.csv#block-001@time-5712.000s,block-001,5712.000,57.4997,57.50,57.50,0.0000,0.6415,4.030870
629,loot,driving_B_2020.02.14_12.58.17.csv,train/driving_B_2020.02.14_12.58.17.csv#block-000@time-0.000s,block-000,0.000,2.3509,2.35,2.35,0.0000,0.6409,3.184090
630,redandblack,driving_B_2020.01.16_09.56.56.csv,train/driving_B_2020.01.16_09.56.56.csv#block-001@time-819.000s,block-001,819.000,72.5380,72.54,72.54,0.0000,0.6404,3.616493
631,soldier,driving_B_2020.02.27_17.30.15.csv,train/driving_B_2020.02.27_17.30.15.csv#block-002@time-533.000s,block-002,533.000,-266.6142,-266.61,-266.61,0.0000,0.6398,3.046317
632,longdress,driving_B_2020.02.14_09.38.22.csv,train/driving_B_2020.02.14_09.38.22.csv#block-000@time-900.000s,block-000,900.000,-152.6809,-152.68,-152.68,0.0000,0.6392,2.989561
633,loot,driving_B_2019.12.16_12.27.05.csv,train/driving_B_2019.12.16_12.27.05.csv#block-000@time-480.000s,block-000,480.000,-17.2025,-17.20,-17.20,0.0000,0.6386,3.633073
634,redandblack,static_B_2020.02.14_13.21.26.csv,train/static_B_2020.02.14_13.21.26.csv#block-000@time-780.000s,block-000,780.000,50.3090,50.31,50.31,0.4251,0.6381,2.987447
635,soldier,driving_B_2020.01.16_07.26.43.csv,train/driving_B_2020.01.16_07.26.43.csv#block-000@time-1680.000s,block-000,1680.000,-72.3553,-72.36,-72.36,0.0000,0.6375,2.764974
636,longdress,driving_B_2019.12.17_07.32.39.csv,train/driving_B_2019.12.17_07.32.39.csv#block-003@time-1654.000s,block-003,1654.000,-55.2422,-55.24,-55.24,0.0000,0.6369,3.461893
637,loot,driving_B_2020.02.14_12.58.17.csv,train/driving_B_2020.02.14_12.58.17.csv#block-002@time-656.000s,block-002,656.000,31.3212,31.32,31.32,0.0000,0.6364,3.565411
638,redandblack,static_B_2019.12.16_13.40.04.csv,train/static_B_2019.12.16_13.40.04.csv#block-000@time-240.000s,block-000,240.000,36.8573,36.86,36.86,0.0000,0.6358,3.168667
639,soldier,driving_B_2019.12.17_07.32.39.csv,train/driving_B_2019.12.17_07.32.39.csv#block-000@time-660.000s,block-000,660.000,-36.2453,-36.25,-36.25,0.0000,0.6352,3.017286
640,longdress,driving_B_2020.02.13_15.02.01.csv,train/driving_B_2020.02.13_15.02.01.csv#block-000@time-1020.000s,block-000,1020.000,61.2808,61.28,61.28,1.3967,0.6346,3.249026
641,loot,driving_B_2019.12.16_12.27.05.csv,train/driving_B_2019.12.16_12.27.05.csv#block-000@time-840.000s,block-000,840.000,36.2462,36.25,36.25,0.0000,0.6341,2.679310
642,redandblack,static_B_2019.12.16_13.40.04.csv,train/static_B_2019.12.16_13.40.04.csv#block-001@time-1015.000s,block-001,1015.000,7.4981,7.50,7.50,0.0000,0.6335,3.041104
643,soldier,driving_B_2020.02.27_17.30.15.csv,train/driving_B_2020.02.27_17.30.15.csv#block-002@time-473.000s,block-002,473.000,-338.3465,-338.35,-338.35,0.0000,0.6329,3.006139
644,longdress,static_B_2020.02.14_13.21.26.csv,train/static_B_2020.02.14_13.21.26.csv#block-000@time-0.000s,block-000,0.000,15.9823,15.98,15.98,0.0000,0.6324,3.533264
645,loot,static_B_2020.02.27_18.39.27.csv,train/static_B_2020.02.27_18.39.27.csv#block-001@time-132.000s,block-001,132.000,37.4809,37.48,37.48,0.0000,0.6318,3.437039
646,redandblack,driving_B_2020.02.27_17.30.15.csv,train/driving_B_2020.02.27_17.30.15.csv#block-002@time-353.000s,block-002,353.000,-111.2756,-111.28,-111.28,0.0000,0.6312,2.547311
647,soldier,driving_B_2019.12.16_12.27.05.csv,train/driving_B_2019.12.16_12.27.05.csv#block-000@time-180.000s,block-000,180.000,-68.0381,-68.04,-68.04,0.0000,0.6306,3.212840
648,longdress,driving_B_2020.02.27_17.30.15.csv,train/driving_B_2020.02.27_17.30.15.csv#block-002@time-353.000s,block-002,353.000,-186.5086,-186.51,-186.51,0.0000,0.6301,2.798874
649,loot,driving_B_2020.01.16_07.26.43.csv,train/driving_B_2020.01.16_07.26.43.csv#block-000@time-840.000s,block-000,840.000,38.7419,38.74,38.74,0.0000,0.6295,3.174986
650,redandblack,driving_B_2020.02.27_17.30.15.csv,train/driving_B_2020.02.27_17.30.15.csv#block-002@time-353.000s,block-002,353.000,-100.3729,-100.37,-100.37,0.0000,0.6289,3.644971
651,soldier,driving_B_2020.02.13_15.02.01.csv,train/driving_B_2020.02.13_15.02.01.csv#block-000@time-1800.000s,block-000,1800.000,-200.8469,-200.85,-200.85,0.0000,0.6284,2.790600
652,longdress,driving_B_2020.02.14_09.38.22.csv,train/driving_B_2020.02.14_09.38.22.csv#block-000@time-120.000s,block-000,120.000,-54.2187,-54.22,-54.22,0.0000,0.6278,3.469328
653,loot,driving_B_2020.02.14_09.38.22.csv,train/driving_B_2020.02.14_09.38.22.csv#block-000@time-780.000s,block-000,780.000,58.1757,58.18,58.18,1.3219,0.6272,2.933665
654,redandblack,driving_B_2020.01.16_12.10.03.csv,train/driving_B_2020.01.16_12.10.03.csv#block-000@time-240.000s,block-000,240.000,46.4910,46.49,46.49,1.5744,0.6267,2.956679
655,soldier,driving_B_2020.01.16_09.56.56.csv,train/driving_B_2020.01.16_09.56.56.csv#block-001@time-1479.000s,block-001,1479.000,24.6959,24.70,24.70,0.0000,0.6261,3.575061
656,longdress,driving_B_2019.12.16_12.27.05.csv,train/driving_B_2019.12.16_12.27.05.csv#block-000@time-360.000s,block-000,360.000,8.2782,8.28,8.28,0.0000,0.6255,2.680325
657,loot,driving_B_2019.12.17_07.32.39.csv,train/driving_B_2019.12.17_07.32.39.csv#block-003@time-1714.000s,block-003,1714.000,-55.7911,-55.79,-55.79,0.0000,0.6249,2.807427
658,redandblack,static_B_2020.02.27_18.39.27.csv,train/static_B_2020.02.27_18.39.27.csv#block-001@time-612.000s,block-001,612.000,20.2296,20.23,20.23,0.0000,0.6244,3.614802
659,soldier,driving_B_2020.02.13_15.02.01.csv,train/driving_B_2020.02.13_15.02.01.csv#block-000@time-2760.000s,block-000,2760.000,-161.8466,-161.85,-161.85,0.0000,0.6238,3.181546
660,longdress,driving_B_2020.02.14_12.58.17.csv,train/driving_B_2020.02.14_12.58.17.csv#block-002@time-596.000s,block-002,596.000,-110.8300,-110.83,-110.83,0.0000,0.6232,2.907209
661,loot,driving_B_2019.12.17_07.32.39.csv,train/driving_B_2019.12.17_07.32.39.csv#block-000@time-780.000s,block-000,780.000,-4.0985,-4.10,-4.10,0.0000,0.6227,2.949983
662,redandblack,driving_B_2020.01.16_07.26.43.csv,train/driving_B_2020.01.16_07.26.43.csv#block-000@time-660.000s,block-000,660.000,-5.3584,-5.36,-5.36,0.0000,0.6221,3.274407
663,soldier,driving_B_2020.01.16_09.56.56.csv,train/driving_B_2020.01.16_09.56.56.csv#block-001@time-1359.000s,block-001,1359.000,13.0935,13.09,13.09,0.0000,0.6215,3.184452
664,longdress,driving_B_2020.02.14_09.38.22.csv,train/driving_B_2020.02.14_09.38.22.csv#block-000@time-1140.000s,block-000,1140.000,-58.4844,-58.48,-58.48,0.0000,0.6209,3.233672
665,loot,driving_B_2020.02.13_13.03.24.csv,train/driving_B_2020.02.13_13.03.24.csv#block-000@time-0.000s,block-000,0.000,-9.7430,-9.74,-9.74,0.0000,0.6204,2.993074
666,redandblack,driving_B_2020.01.16_07.26.43.csv,train/driving_B_2020.01.16_07.26.43.csv#block-000@time-1740.000s,block-000,1740.000,-166.2483,-166.25,-166.25,0.0000,0.6198,3.331053
667,soldier,driving_B_2020.01.16_07.26.43.csv,train/driving_B_2020.01.16_07.26.43.csv#block-000@time-540.000s,block-000,540.000,-48.9458,-48.95,-48.95,0.0000,0.6192,3.106171
668,longdress,driving_B_2020.01.16_09.56.56.csv,train/driving_B_2020.01.16_09.56.56.csv#block-001@time-1719.000s,block-001,1719.000,43.6239,43.62,43.62,0.0000,0.6187,3.314141
669,loot,driving_B_2020.02.13_13.03.24.csv,train/driving_B_2020.02.13_13.03.24.csv#block-001@time-1094.000s,block-001,1094.000,-11.4994,-11.50,-11.50,0.0000,0.6181,2.981878
670,redandblack,static_B_2019.12.16_13.40.04.csv,train/static_B_2019.12.16_13.40.04.csv#block-005@time-1466.000s,block-005,1466.000,50.4071,50.41,50.41,0.0000,0.6175,3.247410
671,soldier,driving_B_2020.01.16_09.56.56.csv,train/driving_B_2020.01.16_09.56.56.csv#block-001@time-639.000s,block-001,639.000,39.3108,39.31,39.31,0.0000,0.6169,3.256599
672,longdress,driving_B_2020.01.16_09.56.56.csv,train/driving_B_2020.01.16_09.56.56.csv#block-001@time-699.000s,block-001,699.000,55.2871,55.29,55.29,2.0435,0.6164,2.861396
673,loot,driving_B_2020.02.13_13.03.24.csv,train/driving_B_2020.02.13_13.03.24.csv#block-001@time-1214.000s,block-001,1214.000,-78.2378,-78.24,-78.24,0.0000,0.6158,2.980473
674,redandblack,static_B_2019.12.16_13.40.04.csv,train/static_B_2019.12.16_13.40.04.csv#block-000@time-180.000s,block-000,180.000,62.2473,62.25,62.25,0.0000,0.6152,2.775578
675,soldier,static_B_2020.02.27_18.39.27.csv,train/static_B_2020.02.27_18.39.27.csv#block-001@time-5652.000s,block-001,5652.000,46.5599,46.56,46.56,0.0000,0.6147,3.215889
676,longdress,driving_B_2020.02.27_17.30.15.csv,train/driving_B_2020.02.27_17.30.15.csv#block-002@time-413.000s,block-002,413.000,-404.2232,-404.22,-404.22,0.0000,0.6141,2.728020
677,loot,driving_B_2020.02.13_13.03.24.csv,train/driving_B_2020.02.13_13.03.24.csv#block-000@time-300.000s,block-000,300.000,10.6816,10.68,10.68,0.0000,0.6135,3.103206
678,redandblack,driving_B_2020.02.13_15.02.01.csv,train/driving_B_2020.02.13_15.02.01.csv#block-000@time-1920.000s,block-000,1920.000,37.5404,37.54,37.54,0.0000,0.6129,3.083235
679,soldier,static_B_2020.02.27_18.39.27.csv,train/static_B_2020.02.27_18.39.27.csv#block-001@time-3492.000s,block-001,3492.000,5.8340,5.83,5.83,0.0000,0.6124,2.757087
680,longdress,driving_B_2020.02.14_12.58.17.csv,train/driving_B_2020.02.14_12.58.17.csv#block-002@time-596.000s,block-002,596.000,-99.1608,-99.16,-99.16,0.0000,0.6118,3.368457
681,loot,driving_B_2020.02.14_12.58.17.csv,train/driving_B_2020.02.14_12.58.17.csv#block-002@time-536.000s,block-002,536.000,-174.2237,-174.22,-174.22,0.0000,0.6112,3.249283
682,redandblack,driving_B_2020.01.16_07.26.43.csv,train/driving_B_2020.01.16_07.26.43.csv#block-000@time-1620.000s,block-000,1620.000,3.4652,3.47,3.47,0.0000,0.6107,2.940330
683,soldier,driving_B_2020.01.16_09.56.56.csv,train/driving_B_2020.01.16_09.56.56.csv#block-001@time-1179.000s,block-001,1179.000,-40.7393,-40.74,-40.74,0.0000,0.6101,3.209304
684,longdress,static_B_2019.12.16_13.40.04.csv,train/static_B_2019.12.16_13.40.04.csv#block-000@time-0.000s,block-000,0.000,37.1534,37.15,37.15,0.0277,0.6095,3.257896
685,loot,static_B_2019.12.16_13.40.04.csv,train/static_B_2019.12.16_13.40.04.csv#block-000@time-360.000s,block-000,360.000,16.1139,16.11,16.11,0.0000,0.6090,2.991202
686,redandblack,static_B_2019.12.16_13.40.04.csv,train/static_B_2019.12.16_13.40.04.csv#block-001@time-655.000s,block-001,655.000,58.8355,58.84,58.84,0.0000,0.6084,3.904684
687,soldier,static_B_2020.02.27_18.39.27.csv,train/static_B_2020.02.27_18.39.27.csv#block-001@time-6432.000s,block-001,6432.000,64.1590,64.16,64.16,0.0000,0.6078,2.806150
688,longdress,driving_B_2020.01.16_07.26.43.csv,train/driving_B_2020.01.16_07.26.43.csv#block-000@time-1200.000s,block-000,1200.000,21.4248,21.42,21.42,0.0000,0.6072,2.922086
689,loot,static_B_2019.12.16_13.40.04.csv,train/static_B_2019.12.16_13.40.04.csv#block-005@time-1946.000s,block-005,1946.000,73.5549,73.55,73.55,0.0000,0.6067,2.523162
690,redandblack,static_B_2020.02.27_18.39.27.csv,train/static_B_2020.02.27_18.39.27.csv#block-001@time-4392.000s,block-001,4392.000,12.8114,12.81,12.81,0.0000,0.6061,3.384797
691,soldier,static_B_2020.02.14_13.21.26.csv,train/static_B_2020.02.14_13.21.26.csv#block-000@time-900.000s,block-000,900.000,43.5523,43.55,43.55,0.0000,0.6055,2.925375
692,longdress,driving_B_2019.12.17_07.32.39.csv,train/driving_B_2019.12.17_07.32.39.csv#block-003@time-2074.000s,block-003,2074.000,-13.5433,-13.54,-13.54,0.0000,0.6050,2.919009
693,loot,driving_B_2020.02.14_12.58.17.csv,train/driving_B_2020.02.14_12.58.17.csv#block-000@time-0.000s,block-000,0.000,21.1362,21.14,21.14,0.0000,0.6044,2.704793
694,redandblack,driving_B_2020.02.14_12.58.17.csv,train/driving_B_2020.02.14_12.58.17.csv#block-002@time-656.000s,block-002,656.000,30.4753,30.48,30.48,0.0000,0.6038,2.871747
695,soldier,driving_B_2020.02.27_17.30.15.csv,train/driving_B_2020.02.27_17.30.15.csv#block-002@time-533.000s,block-002,533.000,-215.4688,-215.47,-215.47,0.0000,0.6032,3.595381
696,longdress,static_B_2020.02.14_13.21.26.csv,train/static_B_2020.02.14_13.21.26.csv#block-000@time-900.000s,block-000,900.000,51.9975,52.00,52.00,0.0000,0.6027,3.303364
697,loot,driving_B_2020.01.16_07.26.43.csv,train/driving_B_2020.01.16_07.26.43.csv#block-000@time-1860.000s,block-000,1860.000,-45.0204,-45.02,-45.02,0.0000,0.6021,2.799862
698,redandblack,static_B_2019.12.16_13.40.04.csv,train/static_B_2019.12.16_13.40.04.csv#block-005@time-1586.000s,block-005,1586.000,33.5687,33.57,33.57,0.0000,0.6015,2.583070
699,soldier,static_B_2020.02.14_13.21.26.csv,train/static_B_2020.02.14_13.21.26.csv#block-000@time-300.000s,block-000,300.000,45.6800,45.68,45.68,0.0000,0.6010,2.904878
700,longdress,driving_B_2020.01.16_07.26.43.csv,train/driving_B_2020.01.16_07.26.43.csv#block-000@time-1440.000s,block-000,1440.000,-34.3825,-34.38,-34.38,0.0000,0.6004,3.000379
701,loot,driving_B_2020.01.16_12.10.03.csv,train/driving_B_2020.01.16_12.10.03.csv#block-000@time-180.000s,block-000,180.000,60.6897,60.69,60.69,0.0748,0.5998,3.354504
702,redandblack,driving_B_2020.01.16_09.56.56.csv,train/driving_B_2020.01.16_09.56.56.csv#block-001@time-1059.000s,block-001,1059.000,-22.3437,-22.34,-22.34,0.0000,0.5992,2.957689
703,soldier,driving_B_2020.01.16_12.10.03.csv,train/driving_B_2020.01.16_12.10.03.csv#block-000@time-300.000s,block-000,300.000,18.2902,18.29,18.29,0.0000,0.5987,2.552153
704,longdress,driving_B_2020.02.14_09.38.22.csv,train/driving_B_2020.02.14_09.38.22.csv#block-000@time-180.000s,block-000,180.000,-107.6777,-107.68,-107.68,0.0000,0.5981,2.906764
705,loot,driving_B_2020.01.16_12.10.03.csv,train/driving_B_2020.01.16_12.10.03.csv#block-000@time-120.000s,block-000,120.000,57.5152,57.52,57.52,2.1676,0.5975,2.921238
706,redandblack,static_B_2020.02.27_18.39.27.csv,train/static_B_2020.02.27_18.39.27.csv#block-001@time-2052.000s,block-001,2052.000,-237.0956,-237.10,-237.10,0.0000,0.5970,3.590785
707,soldier,driving_B_2019.12.16_12.27.05.csv,train/driving_B_2019.12.16_12.27.05.csv#block-000@time-1260.000s,block-000,1260.000,69.5690,69.57,69.57,1.7701,0.5964,2.982155
708,longdress,driving_B_2020.02.13_15.02.01.csv,train/driving_B_2020.02.13_15.02.01.csv#block-000@time-1380.000s,block-000,1380.000,3.5363,3.54,3.54,0.0000,0.5958,3.069483
709,loot,driving_B_2020.02.14_12.58.17.csv,train/driving_B_2020.02.14_12.58.17.csv#block-002@time-596.000s,block-002,596.000,-24.7682,-24.77,-24.77,0.0000,0.5953,3.184235
710,redandblack,driving_B_2020.01.16_12.10.03.csv,train/driving_B_2020.01.16_12.10.03.csv#block-000@time-360.000s,block-000,360.000,48.5297,48.53,48.53,0.8492,0.5947,2.727018
711,soldier,driving_B_2020.02.27_17.30.15.csv,train/driving_B_2020.02.27_17.30.15.csv#block-002@time-533.000s,block-002,533.000,-165.4932,-165.49,-165.49,0.0000,0.5941,2.706727
712,longdress,driving_B_2020.02.14_12.58.17.csv,train/driving_B_2020.02.14_12.58.17.csv#block-002@time-656.000s,block-002,656.000,-11.5256,-11.53,-11.53,0.0000,0.5935,3.090450
713,loot,driving_B_2020.02.27_17.30.15.csv,train/driving_B_2020.02.27_17.30.15.csv#block-002@time-413.000s,block-002,413.000,-156.1302,-156.13,-156.13,0.0000,0.5930,2.839879
714,redandblack,driving_B_2020.02.13_13.03.24.csv,train/driving_B_2020.02.13_13.03.24.csv#block-000@time-540.000s,block-000,540.000,-23.7764,-23.78,-23.78,0.0000,0.5924,2.930867
715,soldier,driving_B_2020.02.27_17.30.15.csv,train/driving_B_2020.02.27_17.30.15.csv#block-002@time-293.000s,block-002,293.000,-362.2639,-362.26,-362.26,0.0000,0.5918,2.769653
716,longdress,static_B_2020.02.14_13.21.26.csv,train/static_B_2020.02.14_13.21.26.csv#block-000@time-360.000s,block-000,360.000,58.6278,58.63,58.63,0.3934,0.5913,3.772363
717,loot,driving_B_2020.02.13_13.03.24.csv,train/driving_B_2020.02.13_13.03.24.csv#block-000@time-660.000s,block-000,660.000,-23.8490,-23.85,-23.85,0.0000,0.5907,3.049915
718,redandblack,driving_B_2020.02.27_17.30.15.csv,train/driving_B_2020.02.27_17.30.15.csv#block-002@time-413.000s,block-002,413.000,-49.1672,-49.17,-49.17,0.0000,0.5901,3.196901
719,soldier,static_B_2020.02.14_13.21.26.csv,train/static_B_2020.02.14_13.21.26.csv#block-000@time-840.000s,block-000,840.000,62.3547,62.35,62.35,0.7998,0.5895,3.370910
720,longdress,driving_B_2020.02.14_09.38.22.csv,train/driving_B_2020.02.14_09.38.22.csv#block-000@time-960.000s,block-000,960.000,69.8655,69.87,69.87,0.8569,0.5890,2.851648
721,loot,driving_B_2020.02.13_15.02.01.csv,train/driving_B_2020.02.13_15.02.01.csv#block-000@time-1200.000s,block-000,1200.000,36.9569,36.96,36.96,0.0000,0.5884,3.288811
722,redandblack,driving_B_2020.01.16_07.26.43.csv,train/driving_B_2020.01.16_07.26.43.csv#block-000@time-420.000s,block-000,420.000,-31.9188,-31.92,-31.92,0.0000,0.5878,3.159417
723,soldier,static_B_2020.02.14_13.21.26.csv,train/static_B_2020.02.14_13.21.26.csv#block-000@time-480.000s,block-000,480.000,54.8661,54.87,54.87,1.0065,0.5873,3.073699
724,longdress,driving_B_2019.12.16_12.27.05.csv,train/driving_B_2019.12.16_12.27.05.csv#block-000@time-300.000s,block-000,300.000,-53.8333,-53.83,-53.83,0.0000,0.5867,3.348208
725,loot,driving_B_2020.02.13_15.02.01.csv,train/driving_B_2020.02.13_15.02.01.csv#block-000@time-420.000s,block-000,420.000,62.8641,62.86,62.86,1.7619,0.5861,3.007727
726,redandblack,static_B_2020.02.27_18.39.27.csv,train/static_B_2020.02.27_18.39.27.csv#block-001@time-4452.000s,block-001,4452.000,62.0906,62.09,62.09,0.0000,0.5855,2.693577
727,soldier,driving_B_2020.02.13_15.02.01.csv,train/driving_B_2020.02.13_15.02.01.csv#block-000@time-0.000s,block-000,0.000,55.0567,55.06,55.06,0.0000,0.5850,3.193667
728,longdress,driving_B_2020.01.16_09.56.56.csv,train/driving_B_2020.01.16_09.56.56.csv#block-001@time-1479.000s,block-001,1479.000,39.5278,39.53,39.53,0.0000,0.5844,3.088195
729,loot,static_B_2019.12.16_13.40.04.csv,train/static_B_2019.12.16_13.40.04.csv#block-005@time-1826.000s,block-005,1826.000,68.1643,68.16,68.16,0.0000,0.5838,2.643176
730,redandblack,driving_B_2020.01.16_07.26.43.csv,train/driving_B_2020.01.16_07.26.43.csv#block-000@time-1500.000s,block-000,1500.000,-1.0459,-1.05,-1.05,0.0000,0.5833,3.495569
731,soldier,driving_B_2019.12.17_07.32.39.csv,train/driving_B_2019.12.17_07.32.39.csv#block-000@time-1320.000s,block-000,1320.000,-40.4595,-40.46,-40.46,0.0000,0.5827,3.063888
732,longdress,driving_B_2020.02.13_13.03.24.csv,train/driving_B_2020.02.13_13.03.24.csv#block-001@time-1154.000s,block-001,1154.000,-55.0211,-55.02,-55.02,0.0000,0.5821,3.377744
733,loot,driving_B_2020.01.16_12.10.03.csv,train/driving_B_2020.01.16_12.10.03.csv#block-000@time-180.000s,block-000,180.000,74.7316,74.73,74.73,0.6765,0.5815,2.901940
734,redandblack,driving_B_2020.01.16_07.26.43.csv,train/driving_B_2020.01.16_07.26.43.csv#block-000@time-1320.000s,block-000,1320.000,9.3408,9.34,9.34,0.0000,0.5810,3.115397
735,soldier,driving_B_2020.01.16_07.26.43.csv,train/driving_B_2020.01.16_07.26.43.csv#block-000@time-360.000s,block-000,360.000,-185.6357,-185.64,-185.64,0.0000,0.5804,3.181206
736,longdress,driving_B_2020.02.14_09.38.22.csv,train/driving_B_2020.02.14_09.38.22.csv#block-000@time-1440.000s,block-000,1440.000,55.7440,55.74,55.74,0.3741,0.5798,3.153171
737,loot,static_B_2019.12.16_13.40.04.csv,train/static_B_2019.12.16_13.40.04.csv#block-001@time-1075.000s,block-001,1075.000,50.0735,50.07,50.07,0.0000,0.5793,3.207731
738,redandblack,driving_B_2020.01.16_09.56.56.csv,train/driving_B_2020.01.16_09.56.56.csv#block-001@time-1299.000s,block-001,1299.000,47.1852,47.19,47.19,0.0000,0.5787,3.328572
739,soldier,driving_B_2019.12.17_07.32.39.csv,train/driving_B_2019.12.17_07.32.39.csv#block-000@time-840.000s,block-000,840.000,-82.3241,-82.32,-82.32,0.0000,0.5781,3.154198
740,longdress,driving_B_2020.01.16_12.10.03.csv,train/driving_B_2020.01.16_12.10.03.csv#block-000@time-60.000s,block-000,60.000,47.8352,47.84,47.84,0.0000,0.5776,2.784800
741,loot,driving_B_2020.02.13_13.03.24.csv,train/driving_B_2020.02.13_13.03.24.csv#block-001@time-1034.000s,block-001,1034.000,-65.7134,-65.71,-65.71,0.0000,0.5770,2.731310
742,redandblack,driving_B_2020.02.14_12.58.17.csv,train/driving_B_2020.02.14_12.58.17.csv#block-002@time-716.000s,block-002,716.000,-2.3615,-2.36,-2.36,0.0000,0.5764,2.748624
743,soldier,driving_B_2020.01.16_12.10.03.csv,train/driving_B_2020.01.16_12.10.03.csv#block-000@time-0.000s,block-000,0.000,54.8518,54.85,54.85,1.9777,0.5758,3.066476
744,longdress,driving_B_2020.01.16_12.10.03.csv,train/driving_B_2020.01.16_12.10.03.csv#block-000@time-240.000s,block-000,240.000,55.3306,55.33,55.33,1.2344,0.5753,3.053936
745,loot,static_B_2019.12.16_13.40.04.csv,train/static_B_2019.12.16_13.40.04.csv#block-001@time-715.000s,block-001,715.000,42.6865,42.69,42.69,0.0000,0.5747,2.875549
746,redandblack,driving_B_2020.02.13_15.02.01.csv,train/driving_B_2020.02.13_15.02.01.csv#block-000@time-300.000s,block-000,300.000,46.8464,46.85,46.85,1.5346,0.5741,2.578250
747,soldier,driving_B_2020.02.13_13.03.24.csv,train/driving_B_2020.02.13_13.03.24.csv#block-000@time-60.000s,block-000,60.000,-58.3245,-58.32,-58.32,0.0000,0.5736,3.066884
748,longdress,driving_B_2020.02.14_09.38.22.csv,train/driving_B_2020.02.14_09.38.22.csv#block-000@time-600.000s,block-000,600.000,54.0382,54.04,54.04,0.0000,0.5730,2.884961
749,loot,driving_B_2020.02.13_15.02.01.csv,train/driving_B_2020.02.13_15.02.01.csv#block-000@time-2340.000s,block-000,2340.000,33.8238,33.82,33.82,0.4228,0.5724,3.326016
750,redandblack,driving_B_2020.02.13_15.02.01.csv,train/driving_B_2020.02.13_15.02.01.csv#block-000@time-540.000s,block-000,540.000,-33.9840,-33.98,-33.98,0.0000,0.5718,2.900277
751,soldier,driving_B_2020.01.16_07.26.43.csv,train/driving_B_2020.01.16_07.26.43.csv#block-000@time-960.000s,block-000,960.000,-81.5374,-81.54,-81.54,0.0000,0.5713,2.735136
752,longdress,static_B_2019.12.16_13.40.04.csv,train/static_B_2019.12.16_13.40.04.csv#block-006@time-2172.000s,block-006,2172.000,74.7702,74.77,74.77,1.0708,0.5707,2.918114
753,loot,driving_B_2019.12.16_12.27.05.csv,train/driving_B_2019.12.16_12.27.05.csv#block-000@time-720.000s,block-000,720.000,-22.5324,-22.53,-22.53,0.0000,0.5701,2.695826
754,redandblack,static_B_2020.02.14_13.21.26.csv,train/static_B_2020.02.14_13.21.26.csv#block-000@time-180.000s,block-000,180.000,50.3180,50.32,50.32,1.1675,0.5696,2.580248
755,soldier,driving_B_2020.01.16_12.10.03.csv,train/driving_B_2020.01.16_12.10.03.csv#block-000@time-180.000s,block-000,180.000,46.2859,46.29,46.29,1.9290,0.5690,2.589009
756,longdress,driving_B_2020.02.14_09.38.22.csv,train/driving_B_2020.02.14_09.38.22.csv#block-000@time-120.000s,block-000,120.000,-248.0906,-248.09,-248.09,0.0000,0.5684,2.831459
757,loot,driving_B_2020.01.16_09.56.56.csv,train/driving_B_2020.01.16_09.56.56.csv#block-001@time-1059.000s,block-001,1059.000,13.2377,13.24,13.24,0.0000,0.5678,3.293046
758,redandblack,driving_B_2020.02.14_09.38.22.csv,train/driving_B_2020.02.14_09.38.22.csv#block-000@time-1260.000s,block-000,1260.000,5.6510,5.65,5.65,0.0000,0.5673,3.364335
759,soldier,driving_B_2020.02.14_12.58.17.csv,train/driving_B_2020.02.14_12.58.17.csv#block-002@time-656.000s,block-002,656.000,-20.2057,-20.21,-20.21,0.0000,0.5667,2.647398
760,longdress,driving_B_2020.02.27_17.30.15.csv,train/driving_B_2020.02.27_17.30.15.csv#block-002@time-353.000s,block-002,353.000,-136.7815,-136.78,-136.78,0.0000,0.5661,2.927445
761,loot,driving_B_2020.01.16_12.10.03.csv,train/driving_B_2020.01.16_12.10.03.csv#block-000@time-360.000s,block-000,360.000,60.2600,60.26,60.26,0.7145,0.5656,2.966400
762,redandblack,static_B_2020.02.14_13.21.26.csv,train/static_B_2020.02.14_13.21.26.csv#block-000@time-60.000s,block-000,60.000,45.0771,45.08,45.08,2.2269,0.5650,3.029548
763,soldier,driving_B_2020.02.27_17.30.15.csv,train/driving_B_2020.02.27_17.30.15.csv#block-002@time-353.000s,block-002,353.000,-112.0225,-112.02,-112.02,0.0000,0.5644,3.172088
764,longdress,driving_B_2020.02.14_12.58.17.csv,train/driving_B_2020.02.14_12.58.17.csv#block-002@time-716.000s,block-002,716.000,22.0036,22.00,22.00,0.0000,0.5639,2.863215
765,loot,driving_B_2020.02.13_13.03.24.csv,train/driving_B_2020.02.13_13.03.24.csv#block-001@time-1334.000s,block-001,1334.000,-45.4551,-45.46,-45.46,0.0000,0.5633,3.089590
766,redandblack,driving_B_2020.01.16_09.56.56.csv,train/driving_B_2020.01.16_09.56.56.csv#block-001@time-1659.000s,block-001,1659.000,47.6945,47.69,47.69,2.7643,0.5627,2.828531
767,soldier,driving_B_2020.02.14_12.58.17.csv,train/driving_B_2020.02.14_12.58.17.csv#block-002@time-656.000s,block-002,656.000,31.0115,31.01,31.01,0.0000,0.5621,2.998330
768,longdress,driving_B_2020.02.27_17.30.15.csv,train/driving_B_2020.02.27_17.30.15.csv#block-002@time-473.000s,block-002,473.000,-521.1618,-521.16,-521.16,0.0000,0.5616,2.856515
769,loot,driving_B_2020.02.13_15.02.01.csv,train/driving_B_2020.02.13_15.02.01.csv#block-000@time-660.000s,block-000,660.000,50.3966,50.40,50.40,0.0000,0.5610,3.250276
770,redandblack,driving_B_2019.12.16_12.27.05.csv,train/driving_B_2019.12.16_12.27.05.csv#block-000@time-900.000s,block-000,900.000,58.6247,58.62,58.62,1.3963,0.5604,2.716291
771,soldier,driving_B_2020.01.16_07.26.43.csv,train/driving_B_2020.01.16_07.26.43.csv#block-000@time-1080.000s,block-000,1080.000,3.3726,3.37,3.37,0.0000,0.5599,2.910237
772,longdress,static_B_2020.02.27_18.39.27.csv,train/static_B_2020.02.27_18.39.27.csv#block-001@time-6132.000s,block-001,6132.000,48.6411,48.64,48.64,0.0000,0.5593,2.811661
773,loot,driving_B_2020.01.16_09.56.56.csv,train/driving_B_2020.01.16_09.56.56.csv#block-000@time-0.000s,block-000,0.000,20.7914,20.79,20.79,0.0000,0.5587,3.114054
774,redandblack,driving_B_2020.02.14_09.38.22.csv,train/driving_B_2020.02.14_09.38.22.csv#block-000@time-1080.000s,block-000,1080.000,73.6257,73.63,73.63,1.3078,0.5581,3.418836
775,soldier,static_B_2020.02.14_13.21.26.csv,train/static_B_2020.02.14_13.21.26.csv#block-000@time-720.000s,block-000,720.000,53.8789,53.88,53.88,0.1058,0.5576,3.675904
776,longdress,static_B_2020.02.27_18.39.27.csv,train/static_B_2020.02.27_18.39.27.csv#block-001@time-1872.000s,block-001,1872.000,35.0110,35.01,35.01,0.0000,0.5570,3.399637
777,loot,driving_B_2020.02.27_17.30.15.csv,train/driving_B_2020.02.27_17.30.15.csv#block-002@time-533.000s,block-002,533.000,-129.5336,-129.53,-129.53,0.0000,0.5564,3.078247
778,redandblack,driving_B_2020.01.16_09.56.56.csv,train/driving_B_2020.01.16_09.56.56.csv#block-000@time-180.000s,block-000,180.000,45.1656,45.17,45.17,0.9424,0.5559,3.210771
779,soldier,driving_B_2019.12.16_12.27.05.csv,train/driving_B_2019.12.16_12.27.05.csv#block-000@time-60.000s,block-000,60.000,-62.0969,-62.10,-62.10,0.0000,0.5553,2.804225
780,longdress,driving_B_2020.02.13_13.03.24.csv,train/driving_B_2020.02.13_13.03.24.csv#block-001@time-1394.000s,block-001,1394.000,-16.3768,-16.38,-16.38,0.0000,0.5547,3.462963
781,loot,driving_B_2020.02.13_13.03.24.csv,train/driving_B_2020.02.13_13.03.24.csv#block-000@time-180.000s,block-000,180.000,-34.7439,-34.74,-34.74,0.0000,0.5541,3.146420
782,redandblack,driving_B_2020.02.13_13.03.24.csv,train/driving_B_2020.02.13_13.03.24.csv#block-001@time-1754.000s,block-001,1754.000,-17.0570,-17.06,-17.06,0.0000,0.5536,3.340951
783,soldier,static_B_2019.12.16_13.40.04.csv,train/static_B_2019.12.16_13.40.04.csv#block-000@time-60.000s,block-000,60.000,21.4457,21.45,21.45,0.0000,0.5530,3.314209
784,longdress,driving_B_2020.01.16_07.26.43.csv,train/driving_B_2020.01.16_07.26.43.csv#block-000@time-1260.000s,block-000,1260.000,18.9862,18.99,18.99,0.0000,0.5524,3.073477
785,loot,driving_B_2020.02.13_13.03.24.csv,train/driving_B_2020.02.13_13.03.24.csv#block-000@time-420.000s,block-000,420.000,-13.6519,-13.65,-13.65,0.0000,0.5519,3.005681
786,redandblack,static_B_2019.12.16_13.40.04.csv,train/static_B_2019.12.16_13.40.04.csv#block-001@time-895.000s,block-001,895.000,52.2521,52.25,52.25,0.0000,0.5513,2.935958
787,soldier,driving_B_2020.02.13_13.03.24.csv,train/driving_B_2020.02.13_13.03.24.csv#block-001@time-1574.000s,block-001,1574.000,-62.5316,-62.53,-62.53,0.0000,0.5507,3.072250
788,longdress,driving_B_2020.02.13_13.03.24.csv,train/driving_B_2020.02.13_13.03.24.csv#block-001@time-1454.000s,block-001,1454.000,-119.1677,-119.17,-119.17,0.0000,0.5501,3.039428
789,loot,static_B_2020.02.14_13.21.26.csv,train/static_B_2020.02.14_13.21.26.csv#block-000@time-1020.000s,block-000,1020.000,67.1307,67.13,67.13,1.9343,0.5496,3.099323
790,redandblack,driving_B_2020.01.16_09.56.56.csv,train/driving_B_2020.01.16_09.56.56.csv#block-001@time-1599.000s,block-001,1599.000,55.8811,55.88,55.88,0.0000,0.5490,2.940313
791,soldier,static_B_2020.02.27_18.39.27.csv,train/static_B_2020.02.27_18.39.27.csv#block-001@time-1092.000s,block-001,1092.000,65.5962,65.60,65.60,0.0000,0.5484,3.064721
792,longdress,driving_B_2020.01.16_09.56.56.csv,train/driving_B_2020.01.16_09.56.56.csv#block-000@time-300.000s,block-000,300.000,48.5803,48.58,48.58,0.0000,0.5479,2.725391
793,loot,static_B_2020.02.27_18.39.27.csv,train/static_B_2020.02.27_18.39.27.csv#block-001@time-5772.000s,block-001,5772.000,54.3631,54.36,54.36,1.9875,0.5473,2.288440
794,redandblack,driving_B_2019.12.16_12.27.05.csv,train/driving_B_2019.12.16_12.27.05.csv#block-000@time-1200.000s,block-000,1200.000,5.9576,5.96,5.96,0.0000,0.5467,3.304265
795,soldier,driving_B_2020.02.27_17.30.15.csv,train/driving_B_2020.02.27_17.30.15.csv#block-002@time-413.000s,block-002,413.000,-59.5740,-59.57,-59.57,0.0000,0.5462,3.430381
796,longdress,driving_B_2020.02.13_13.03.24.csv,train/driving_B_2020.02.13_13.03.24.csv#block-001@time-1514.000s,block-001,1514.000,-58.0640,-58.06,-58.06,0.0000,0.5456,3.022531
797,loot,driving_B_2020.01.16_12.10.03.csv,train/driving_B_2020.01.16_12.10.03.csv#block-000@time-120.000s,block-000,120.000,49.8064,49.81,49.81,2.2638,0.5450,3.035164
798,redandblack,driving_B_2020.02.27_17.30.15.csv,train/driving_B_2020.02.27_17.30.15.csv#block-002@time-293.000s,block-002,293.000,-141.5115,-141.51,-141.51,0.0000,0.5444,2.700738
799,soldier,driving_B_2020.02.14_12.58.17.csv,train/driving_B_2020.02.14_12.58.17.csv#block-000@time-0.000s,block-000,0.000,-27.5441,-27.54,-27.54,0.0000,0.5439,2.959244
800,longdress,driving_B_2020.02.14_09.38.22.csv,train/driving_B_2020.02.14_09.38.22.csv#block-000@time-300.000s,block-000,300.000,-166.7222,-166.72,-166.72,0.0000,0.5433,2.916008
801,loot,driving_B_2020.01.16_09.56.56.csv,train/driving_B_2020.01.16_09.56.56.csv#block-001@time-759.000s,block-001,759.000,14.3078,14.31,14.31,0.0000,0.5427,2.757710
802,redandblack,driving_B_2020.01.16_12.10.03.csv,train/driving_B_2020.01.16_12.10.03.csv#block-000@time-300.000s,block-000,300.000,8.4926,8.49,8.49,0.0000,0.5422,2.771872
803,soldier,driving_B_2020.01.16_12.10.03.csv,train/driving_B_2020.01.16_12.10.03.csv#block-000@time-60.000s,block-000,60.000,52.7454,52.75,52.75,0.0000,0.5416,3.316712
804,longdress,driving_B_2019.12.16_12.27.05.csv,train/driving_B_2019.12.16_12.27.05.csv#block-000@time-600.000s,block-000,600.000,-51.4019,-51.40,-51.40,0.0000,0.5410,2.817797
805,loot,driving_B_2019.12.17_07.32.39.csv,train/driving_B_2019.12.17_07.32.39.csv#block-000@time-360.000s,block-000,360.000,28.6280,28.63,28.63,0.0000,0.5404,2.722765
806,redandblack,static_B_2019.12.16_13.40.04.csv,train/static_B_2019.12.16_13.40.04.csv#block-001@time-955.000s,block-001,955.000,58.6608,58.66,58.66,0.0000,0.5399,2.524934
807,soldier,driving_B_2020.02.13_13.03.24.csv,train/driving_B_2020.02.13_13.03.24.csv#block-001@time-914.000s,block-001,914.000,-164.0438,-164.04,-164.04,0.0000,0.5393,3.045446
808,longdress,driving_B_2020.02.13_13.03.24.csv,train/driving_B_2020.02.13_13.03.24.csv#block-001@time-1634.000s,block-001,1634.000,-49.4273,-49.43,-49.43,0.0000,0.5387,2.981207
809,loot,static_B_2020.02.27_18.39.27.csv,train/static_B_2020.02.27_18.39.27.csv#block-001@time-1512.000s,block-001,1512.000,66.4906,66.49,66.49,2.2554,0.5382,2.880173
810,redandblack,driving_B_2019.12.17_07.32.39.csv,train/driving_B_2019.12.17_07.32.39.csv#block-003@time-1834.000s,block-003,1834.000,-35.1315,-35.13,-35.13,0.0000,0.5376,2.763691
811,soldier,driving_B_2019.12.16_12.27.05.csv,train/driving_B_2019.12.16_12.27.05.csv#block-000@time-900.000s,block-000,900.000,65.1909,65.19,65.19,1.2243,0.5370,2.796989
812,longdress,driving_B_2020.02.27_17.30.15.csv,train/driving_B_2020.02.27_17.30.15.csv#block-002@time-533.000s,block-002,533.000,-218.3975,-218.40,-218.40,0.0000,0.5364,2.949970
813,loot,driving_B_2019.12.17_07.32.39.csv,train/driving_B_2019.12.17_07.32.39.csv#block-000@time-1200.000s,block-000,1200.000,69.0859,69.09,69.09,0.0922,0.5359,3.131721
814,redandblack,driving_B_2019.12.16_12.27.05.csv,train/driving_B_2019.12.16_12.27.05.csv#block-000@time-660.000s,block-000,660.000,-210.2542,-210.25,-210.25,0.0000,0.5353,3.627302
815,soldier,driving_B_2020.02.13_13.03.24.csv,train/driving_B_2020.02.13_13.03.24.csv#block-000@time-360.000s,block-000,360.000,-14.4163,-14.42,-14.42,0.0000,0.5347,3.199238
816,longdress,driving_B_2019.12.16_12.27.05.csv,train/driving_B_2019.12.16_12.27.05.csv#block-000@time-60.000s,block-000,60.000,3.9336,3.93,3.93,0.0000,0.5342,2.829270
817,loot,driving_B_2020.01.16_09.56.56.csv,train/driving_B_2020.01.16_09.56.56.csv#block-001@time-1419.000s,block-001,1419.000,40.4583,40.46,40.46,0.0000,0.5336,3.219714
818,redandblack,driving_B_2020.01.16_09.56.56.csv,train/driving_B_2020.01.16_09.56.56.csv#block-001@time-1119.000s,block-001,1119.000,66.8262,66.83,66.83,1.6553,0.5330,2.815657
819,soldier,driving_B_2020.01.16_12.10.03.csv,train/driving_B_2020.01.16_12.10.03.csv#block-000@time-240.000s,block-000,240.000,78.7764,78.78,78.78,0.9575,0.5325,2.777689
820,longdress,driving_B_2020.02.14_12.58.17.csv,train/driving_B_2020.02.14_12.58.17.csv#block-000@time-0.000s,block-000,0.000,-14.5668,-14.57,-14.57,0.0000,0.5319,2.786656
821,loot,driving_B_2019.12.17_07.32.39.csv,train/driving_B_2019.12.17_07.32.39.csv#block-000@time-480.000s,block-000,480.000,61.3877,61.39,61.39,0.1890,0.5313,2.778696
822,redandblack,driving_B_2020.01.16_07.26.43.csv,train/driving_B_2020.01.16_07.26.43.csv#block-000@time-600.000s,block-000,600.000,21.8330,21.83,21.83,0.0000,0.5307,2.985070
823,soldier,driving_B_2020.02.27_17.30.15.csv,train/driving_B_2020.02.27_17.30.15.csv#block-002@time-413.000s,block-002,413.000,-108.9252,-108.93,-108.93,0.0000,0.5302,3.199742
824,longdress,driving_B_2020.01.16_07.26.43.csv,train/driving_B_2020.01.16_07.26.43.csv#block-000@time-1380.000s,block-000,1380.000,-33.3809,-33.38,-33.38,0.0000,0.5296,2.762722
825,loot,static_B_2020.02.14_13.21.26.csv,train/static_B_2020.02.14_13.21.26.csv#block-000@time-420.000s,block-000,420.000,64.2591,64.26,64.26,0.8093,0.5290,2.601049
826,redandblack,static_B_2020.02.14_13.21.26.csv,train/static_B_2020.02.14_13.21.26.csv#block-000@time-180.000s,block-000,180.000,65.2173,65.22,65.22,0.0000,0.5285,3.098587
827,soldier,static_B_2020.02.14_13.21.26.csv,train/static_B_2020.02.14_13.21.26.csv#block-000@time-600.000s,block-000,600.000,75.8227,75.82,75.82,0.7757,0.5279,3.030209
828,longdress,driving_B_2020.02.13_15.02.01.csv,train/driving_B_2020.02.13_15.02.01.csv#block-000@time-1440.000s,block-000,1440.000,-347.3725,-347.37,-347.37,0.0000,0.5273,3.022720
829,loot,driving_B_2020.01.16_07.26.43.csv,train/driving_B_2020.01.16_07.26.43.csv#block-000@time-1800.000s,block-000,1800.000,5.9867,5.99,5.99,0.0000,0.5267,2.561587
830,redandblack,static_B_2020.02.14_13.21.26.csv,train/static_B_2020.02.14_13.21.26.csv#block-000@time-840.000s,block-000,840.000,72.0245,72.02,72.02,1.7457,0.5262,2.630532
831,soldier,driving_B_2020.01.16_09.56.56.csv,train/driving_B_2020.01.16_09.56.56.csv#block-000@time-360.000s,block-000,360.000,25.0351,25.04,25.04,0.0000,0.5256,2.958070
832,longdress,driving_B_2019.12.17_07.32.39.csv,train/driving_B_2019.12.17_07.32.39.csv#block-000@time-540.000s,block-000,540.000,-107.0849,-107.08,-107.08,0.0000,0.5250,3.059957
833,redandblack,driving_B_2020.02.14_09.38.22.csv,train/driving_B_2020.02.14_09.38.22.csv#block-000@time-1320.000s,block-000,1320.000,-61.8686,-61.87,-61.87,0.0000,0.5245,3.135068
834,soldier,driving_B_2020.02.14_12.58.17.csv,train/driving_B_2020.02.14_12.58.17.csv#block-002@time-716.000s,block-002,716.000,-58.3508,-58.35,-58.35,0.0000,0.5239,2.692042
835,longdress,driving_B_2020.01.16_09.56.56.csv,train/driving_B_2020.01.16_09.56.56.csv#block-001@time-1059.000s,block-001,1059.000,-14.3196,-14.32,-14.32,0.0000,0.5233,3.470485
836,loot,driving_B_2020.01.16_07.26.43.csv,train/driving_B_2020.01.16_07.26.43.csv#block-000@time-360.000s,block-000,360.000,-46.9968,-47.00,-47.00,0.0000,0.5227,2.805522
837,redandblack,driving_B_2020.01.16_12.10.03.csv,train/driving_B_2020.01.16_12.10.03.csv#block-000@time-120.000s,block-000,120.000,77.8669,77.87,77.87,1.0369,0.5222,2.680720
838,soldier,static_B_2020.02.27_18.39.27.csv,train/static_B_2020.02.27_18.39.27.csv#block-001@time-5172.000s,block-001,5172.000,29.8394,29.84,29.84,0.0000,0.5216,2.875435
839,longdress,driving_B_2020.01.16_12.10.03.csv,train/driving_B_2020.01.16_12.10.03.csv#block-000@time-120.000s,block-000,120.000,49.8236,49.82,49.82,1.5426,0.5210,2.818688
840,loot,driving_B_2020.02.27_17.30.15.csv,train/driving_B_2020.02.27_17.30.15.csv#block-002@time-293.000s,block-002,293.000,-291.9434,-291.94,-291.94,0.0000,0.5205,2.606577
841,redandblack,driving_B_2020.02.13_15.02.01.csv,train/driving_B_2020.02.13_15.02.01.csv#block-000@time-1560.000s,block-000,1560.000,0.7607,0.76,0.76,0.0000,0.5199,2.754152
842,soldier,static_B_2020.02.14_13.21.26.csv,train/static_B_2020.02.14_13.21.26.csv#block-000@time-600.000s,block-000,600.000,60.9230,60.92,60.92,1.1985,0.5193,2.844689
843,longdress,driving_B_2020.01.16_09.56.56.csv,train/driving_B_2020.01.16_09.56.56.csv#block-001@time-699.000s,block-001,699.000,75.7682,75.77,75.77,0.7249,0.5187,2.943749
844,loot,driving_B_2020.01.16_12.10.03.csv,train/driving_B_2020.01.16_12.10.03.csv#block-000@time-300.000s,block-000,300.000,29.4333,29.43,29.43,0.0000,0.5182,2.689751
845,redandblack,driving_B_2020.02.13_13.03.24.csv,train/driving_B_2020.02.13_13.03.24.csv#block-001@time-1814.000s,block-001,1814.000,-67.4310,-67.43,-67.43,0.0000,0.5176,2.636681
846,soldier,driving_B_2020.02.14_09.38.22.csv,train/driving_B_2020.02.14_09.38.22.csv#block-000@time-360.000s,block-000,360.000,-119.6402,-119.64,-119.64,0.0000,0.5170,3.141418
847,longdress,static_B_2020.02.14_13.21.26.csv,train/static_B_2020.02.14_13.21.26.csv#block-000@time-180.000s,block-000,180.000,59.6015,59.60,59.60,0.5750,0.5165,2.661694
848,loot,driving_B_2020.02.14_12.58.17.csv,train/driving_B_2020.02.14_12.58.17.csv#block-000@time-0.000s,block-000,0.000,26.4091,26.41,26.41,0.0000,0.5159,3.170802
849,redandblack,driving_B_2019.12.16_12.27.05.csv,train/driving_B_2019.12.16_12.27.05.csv#block-000@time-660.000s,block-000,660.000,-177.5434,-177.54,-177.54,0.0000,0.5153,3.315738
850,soldier,driving_B_2020.02.27_17.30.15.csv,train/driving_B_2020.02.27_17.30.15.csv#block-002@time-533.000s,block-002,533.000,-161.0318,-161.03,-161.03,0.0000,0.5148,3.345460
851,longdress,driving_B_2020.02.14_12.58.17.csv,train/driving_B_2020.02.14_12.58.17.csv#block-002@time-596.000s,block-002,596.000,-25.3800,-25.38,-25.38,0.0000,0.5142,2.949875
852,loot,driving_B_2020.02.13_15.02.01.csv,train/driving_B_2020.02.13_15.02.01.csv#block-000@time-660.000s,block-000,660.000,29.0113,29.01,29.01,0.0000,0.5136,3.120504
853,redandblack,driving_B_2020.02.13_13.03.24.csv,train/driving_B_2020.02.13_13.03.24.csv#block-001@time-1994.000s,block-001,1994.000,42.6055,42.61,42.61,0.0000,0.5130,3.003400
854,soldier,driving_B_2020.02.13_15.02.01.csv,train/driving_B_2020.02.13_15.02.01.csv#block-000@time-540.000s,block-000,540.000,-27.3950,-27.40,-27.40,0.0000,0.5125,2.968719
855,longdress,driving_B_2020.02.27_17.30.15.csv,train/driving_B_2020.02.27_17.30.15.csv#block-002@time-413.000s,block-002,413.000,5.3322,5.33,5.33,0.0000,0.5119,3.058312
856,loot,driving_B_2020.01.16_09.56.56.csv,train/driving_B_2020.01.16_09.56.56.csv#block-000@time-60.000s,block-000,60.000,5.5422,5.54,5.54,0.0000,0.5113,3.032279
857,redandblack,driving_B_2019.12.16_12.27.05.csv,train/driving_B_2019.12.16_12.27.05.csv#block-000@time-780.000s,block-000,780.000,50.8261,50.83,50.83,0.1406,0.5108,3.270215
858,soldier,driving_B_2020.01.16_07.26.43.csv,train/driving_B_2020.01.16_07.26.43.csv#block-000@time-300.000s,block-000,300.000,36.4752,36.48,36.48,0.0000,0.5102,2.562108
859,longdress,driving_B_2020.01.16_07.26.43.csv,train/driving_B_2020.01.16_07.26.43.csv#block-000@time-540.000s,block-000,540.000,-7.8294,-7.83,-7.83,0.0000,0.5096,3.076310
860,loot,driving_B_2020.02.14_09.38.22.csv,train/driving_B_2020.02.14_09.38.22.csv#block-000@time-0.000s,block-000,0.000,-19.1040,-19.10,-19.10,0.0000,0.5090,2.693717
861,redandblack,static_B_2020.02.14_13.21.26.csv,train/static_B_2020.02.14_13.21.26.csv#block-000@time-1080.000s,block-000,1080.000,56.6485,56.65,56.65,1.8173,0.5085,2.766250
862,soldier,driving_B_2020.02.14_09.38.22.csv,train/driving_B_2020.02.14_09.38.22.csv#block-000@time-300.000s,block-000,300.000,-180.4871,-180.49,-180.49,0.0000,0.5079,3.270483
863,longdress,driving_B_2019.12.17_07.32.39.csv,train/driving_B_2019.12.17_07.32.39.csv#block-000@time-600.000s,block-000,600.000,-42.5242,-42.52,-42.52,0.0000,0.5073,3.216280
864,loot,driving_B_2019.12.17_07.32.39.csv,train/driving_B_2019.12.17_07.32.39.csv#block-000@time-1200.000s,block-000,1200.000,58.2894,58.29,58.29,0.0766,0.5068,2.765855
865,redandblack,static_B_2020.02.27_18.39.27.csv,train/static_B_2020.02.27_18.39.27.csv#block-001@time-3552.000s,block-001,3552.000,24.4698,24.47,24.47,0.0000,0.5062,2.882669
866,soldier,static_B_2020.02.14_13.21.26.csv,train/static_B_2020.02.14_13.21.26.csv#block-000@time-240.000s,block-000,240.000,72.8242,72.82,72.82,0.2851,0.5056,2.949420
867,longdress,driving_B_2020.02.13_15.02.01.csv,train/driving_B_2020.02.13_15.02.01.csv#block-000@time-1740.000s,block-000,1740.000,-479.0199,-479.02,-479.02,0.0000,0.5050,2.766218
868,loot,driving_B_2020.02.14_09.38.22.csv,train/driving_B_2020.02.14_09.38.22.csv#block-000@time-660.000s,block-000,660.000,34.9776,34.98,34.98,0.0000,0.5045,3.389699
869,redandblack,driving_B_2020.01.16_07.26.43.csv,train/driving_B_2020.01.16_07.26.43.csv#block-000@time-420.000s,block-000,420.000,8.0716,8.07,8.07,0.0000,0.5039,3.142818
870,soldier,driving_B_2020.01.16_09.56.56.csv,train/driving_B_2020.01.16_09.56.56.csv#block-001@time-1719.000s,block-001,1719.000,26.6159,26.62,26.62,0.0000,0.5033,3.053860
871,longdress,driving_B_2020.01.16_12.10.03.csv,train/driving_B_2020.01.16_12.10.03.csv#block-000@time-60.000s,block-000,60.000,52.0288,52.03,52.03,0.0000,0.5028,3.264737
872,loot,driving_B_2019.12.17_07.32.39.csv,train/driving_B_2019.12.17_07.32.39.csv#block-000@time-1020.000s,block-000,1020.000,-29.8894,-29.89,-29.89,0.0000,0.5022,2.718996
873,redandblack,driving_B_2020.02.14_09.38.22.csv,train/driving_B_2020.02.14_09.38.22.csv#block-000@time-1260.000s,block-000,1260.000,5.9487,5.95,5.95,0.0000,0.5016,3.236924
874,soldier,driving_B_2020.02.14_09.38.22.csv,train/driving_B_2020.02.14_09.38.22.csv#block-000@time-120.000s,block-000,120.000,-96.5517,-96.55,-96.55,0.0000,0.5011,3.030709
875,longdress,static_B_2020.02.27_18.39.27.csv,train/static_B_2020.02.27_18.39.27.csv#block-001@time-132.000s,block-001,132.000,67.7957,67.80,67.80,0.0000,0.5005,2.980606
876,loot,static_B_2019.12.16_13.40.04.csv,train/static_B_2019.12.16_13.40.04.csv#block-005@time-1946.000s,block-005,1946.000,68.8308,68.83,68.83,0.0000,0.4999,3.296150
877,redandblack,static_B_2020.02.14_13.21.26.csv,train/static_B_2020.02.14_13.21.26.csv#block-000@time-360.000s,block-000,360.000,76.0128,76.01,76.01,0.0000,0.4993,2.890366
878,soldier,driving_B_2019.12.17_07.32.39.csv,train/driving_B_2019.12.17_07.32.39.csv#block-000@time-1440.000s,block-000,1440.000,75.3604,75.36,75.36,0.2275,0.4988,2.733907
879,longdress,driving_B_2020.02.13_15.02.01.csv,train/driving_B_2020.02.13_15.02.01.csv#block-000@time-1380.000s,block-000,1380.000,7.2805,7.28,7.28,0.0000,0.4982,2.980873
880,loot,driving_B_2019.12.16_12.27.05.csv,train/driving_B_2019.12.16_12.27.05.csv#block-000@time-180.000s,block-000,180.000,-5.2129,-5.21,-5.21,0.0000,0.4976,2.662812
881,redandblack,driving_B_2019.12.17_07.32.39.csv,train/driving_B_2019.12.17_07.32.39.csv#block-000@time-420.000s,block-000,420.000,37.1084,37.11,37.11,0.0000,0.4971,2.845893
882,soldier,driving_B_2020.02.13_13.03.24.csv,train/driving_B_2020.02.13_13.03.24.csv#block-000@time-180.000s,block-000,180.000,-115.5438,-115.54,-115.54,0.0000,0.4965,2.960174
883,longdress,static_B_2020.02.27_18.39.27.csv,train/static_B_2020.02.27_18.39.27.csv#block-001@time-1872.000s,block-001,1872.000,39.2476,39.25,39.25,0.0000,0.4959,2.859511
884,loot,driving_B_2020.02.27_17.30.15.csv,train/driving_B_2020.02.27_17.30.15.csv#block-002@time-293.000s,block-002,293.000,-218.3757,-218.38,-218.38,0.0000,0.4953,2.910931
885,redandblack,driving_B_2020.02.14_12.58.17.csv,train/driving_B_2020.02.14_12.58.17.csv#block-002@time-536.000s,block-002,536.000,-212.5642,-212.56,-212.56,0.0000,0.4948,2.577082
886,soldier,static_B_2020.02.27_18.39.27.csv,train/static_B_2020.02.27_18.39.27.csv#block-001@time-372.000s,block-001,372.000,78.5047,78.50,78.50,0.0000,0.4942,2.634576
887,longdress,driving_B_2020.02.27_17.30.15.csv,train/driving_B_2020.02.27_17.30.15.csv#block-002@time-473.000s,block-002,473.000,-351.6751,-351.68,-351.68,0.0000,0.4936,2.741569
888,loot,static_B_2020.02.14_13.21.26.csv,train/static_B_2020.02.14_13.21.26.csv#block-000@time-660.000s,block-000,660.000,73.4810,73.48,73.48,1.5976,0.4931,2.791262
889,redandblack,driving_B_2020.01.16_12.10.03.csv,train/driving_B_2020.01.16_12.10.03.csv#block-000@time-180.000s,block-000,180.000,55.6075,55.61,55.61,1.7933,0.4925,2.833222
890,soldier,driving_B_2020.02.27_17.30.15.csv,train/driving_B_2020.02.27_17.30.15.csv#block-002@time-533.000s,block-002,533.000,-219.0414,-219.04,-219.04,0.0000,0.4919,3.492716
891,longdress,static_B_2019.12.16_13.40.04.csv,train/static_B_2019.12.16_13.40.04.csv#block-001@time-1075.000s,block-001,1075.000,47.0414,47.04,47.04,0.0000,0.4913,3.050434
892,loot,driving_B_2020.02.14_09.38.22.csv,train/driving_B_2020.02.14_09.38.22.csv#block-000@time-840.000s,block-000,840.000,15.9670,15.97,15.97,0.0000,0.4908,3.399716
893,redandblack,driving_B_2019.12.17_07.32.39.csv,train/driving_B_2019.12.17_07.32.39.csv#block-004@time-2357.000s,block-004,2357.000,-35.9763,-35.98,-35.98,0.0000,0.4902,3.121398
894,soldier,driving_B_2020.01.16_12.10.03.csv,train/driving_B_2020.01.16_12.10.03.csv#block-000@time-0.000s,block-000,0.000,56.1222,56.12,56.12,1.6249,0.4896,2.985819
895,longdress,driving_B_2020.02.13_15.02.01.csv,train/driving_B_2020.02.13_15.02.01.csv#block-000@time-2340.000s,block-000,2340.000,29.7376,29.74,29.74,0.0000,0.4891,2.940328
896,loot,driving_B_2019.12.17_07.32.39.csv,train/driving_B_2019.12.17_07.32.39.csv#block-003@time-1594.000s,block-003,1594.000,-11.3199,-11.32,-11.32,0.0000,0.4885,2.711152
897,redandblack,driving_B_2020.01.16_12.10.03.csv,train/driving_B_2020.01.16_12.10.03.csv#block-000@time-60.000s,block-000,60.000,48.4787,48.48,48.48,0.0000,0.4879,2.819278
898,soldier,driving_B_2020.01.16_09.56.56.csv,train/driving_B_2020.01.16_09.56.56.csv#block-001@time-939.000s,block-001,939.000,22.0229,22.02,22.02,0.0000,0.4873,2.786174
899,longdress,driving_B_2020.02.14_09.38.22.csv,train/driving_B_2020.02.14_09.38.22.csv#block-000@time-60.000s,block-000,60.000,13.4823,13.48,13.48,0.0000,0.4868,2.974692
900,loot,static_B_2020.02.14_13.21.26.csv,train/static_B_2020.02.14_13.21.26.csv#block-000@time-0.000s,block-000,0.000,46.3011,46.30,46.30,0.0000,0.4862,3.243526
901,redandblack,static_B_2020.02.27_18.39.27.csv,train/static_B_2020.02.27_18.39.27.csv#block-001@time-2532.000s,block-001,2532.000,62.7398,62.74,62.74,0.0000,0.4856,3.355452
902,soldier,driving_B_2020.02.13_15.02.01.csv,train/driving_B_2020.02.13_15.02.01.csv#block-000@time-1140.000s,block-000,1140.000,59.0302,59.03,59.03,1.1132,0.4851,2.932318
903,longdress,static_B_2020.02.14_13.21.26.csv,train/static_B_2020.02.14_13.21.26.csv#block-000@time-840.000s,block-000,840.000,75.9304,75.93,75.93,0.4550,0.4845,2.514559
904,loot,driving_B_2020.02.13_13.03.24.csv,train/driving_B_2020.02.13_13.03.24.csv#block-000@time-420.000s,block-000,420.000,-12.5898,-12.59,-12.59,0.0000,0.4839,4.158595
905,redandblack,driving_B_2020.02.13_13.03.24.csv,train/driving_B_2020.02.13_13.03.24.csv#block-001@time-1274.000s,block-001,1274.000,-49.6881,-49.69,-49.69,0.0000,0.4834,3.419860
906,soldier,driving_B_2020.02.13_15.02.01.csv,train/driving_B_2020.02.13_15.02.01.csv#block-000@time-2640.000s,block-000,2640.000,-244.8431,-244.84,-244.84,0.0000,0.4828,3.363270
907,longdress,driving_B_2019.12.16_12.27.05.csv,train/driving_B_2019.12.16_12.27.05.csv#block-000@time-0.000s,block-000,0.000,8.7043,8.70,8.70,0.0000,0.4822,3.313910
908,loot,static_B_2020.02.27_18.39.27.csv,train/static_B_2020.02.27_18.39.27.csv#block-001@time-12.000s,block-001,12.000,76.0151,76.02,76.02,1.9290,0.4816,3.228537
909,redandblack,driving_B_2020.01.16_07.26.43.csv,train/driving_B_2020.01.16_07.26.43.csv#block-000@time-1680.000s,block-000,1680.000,11.5538,11.55,11.55,0.0000,0.4811,3.608355
910,soldier,driving_B_2020.02.27_17.30.15.csv,train/driving_B_2020.02.27_17.30.15.csv#block-002@time-353.000s,block-002,353.000,-59.9721,-59.97,-59.97,0.0000,0.4805,3.273547
911,longdress,driving_B_2019.12.17_07.32.39.csv,train/driving_B_2019.12.17_07.32.39.csv#block-000@time-1080.000s,block-000,1080.000,21.6117,21.61,21.61,0.0000,0.4799,3.243801
912,loot,driving_B_2019.12.16_12.27.05.csv,train/driving_B_2019.12.16_12.27.05.csv#block-000@time-0.000s,block-000,0.000,35.6143,35.61,35.61,0.0000,0.4794,3.594834
913,redandblack,driving_B_2020.02.14_09.38.22.csv,train/driving_B_2020.02.14_09.38.22.csv#block-000@time-1380.000s,block-000,1380.000,18.1699,18.17,18.17,0.0000,0.4788,2.920500
914,soldier,driving_B_2020.02.14_09.38.22.csv,train/driving_B_2020.02.14_09.38.22.csv#block-000@time-720.000s,block-000,720.000,73.3107,73.31,73.31,1.0745,0.4782,3.210388
915,longdress,static_B_2019.12.16_13.40.04.csv,train/static_B_2019.12.16_13.40.04.csv#block-005@time-2006.000s,block-005,2006.000,37.2950,37.30,37.30,0.0000,0.4776,3.121264
916,loot,driving_B_2020.02.14_12.58.17.csv,train/driving_B_2020.02.14_12.58.17.csv#block-002@time-536.000s,block-002,536.000,-176.6014,-176.60,-176.60,0.0000,0.4771,3.360828
917,redandblack,driving_B_2020.01.16_07.26.43.csv,train/driving_B_2020.01.16_07.26.43.csv#block-000@time-1080.000s,block-000,1080.000,33.0803,33.08,33.08,0.0000,0.4765,3.244170
918,soldier,driving_B_2020.01.16_09.56.56.csv,train/driving_B_2020.01.16_09.56.56.csv#block-001@time-939.000s,block-001,939.000,-2.2692,-2.27,-2.27,0.0000,0.4759,3.150790
919,longdress,driving_B_2020.02.14_12.58.17.csv,train/driving_B_2020.02.14_12.58.17.csv#block-002@time-716.000s,block-002,716.000,-1.8719,-1.87,-1.87,0.0000,0.4754,3.469917
920,loot,static_B_2019.12.16_13.40.04.csv,train/static_B_2019.12.16_13.40.04.csv#block-001@time-1015.000s,block-001,1015.000,26.1375,26.14,26.14,0.0000,0.4748,2.930921
921,redandblack,static_B_2020.02.27_18.39.27.csv,train/static_B_2020.02.27_18.39.27.csv#block-001@time-6612.000s,block-001,6612.000,68.0378,68.04,68.04,1.1368,0.4742,3.388559
922,soldier,driving_B_2020.02.13_13.03.24.csv,train/driving_B_2020.02.13_13.03.24.csv#block-000@time-0.000s,block-000,0.000,-36.8958,-36.90,-36.90,0.0000,0.4736,3.641581
923,longdress,static_B_2019.12.16_13.40.04.csv,train/static_B_2019.12.16_13.40.04.csv#block-001@time-895.000s,block-001,895.000,39.0446,39.04,39.04,0.0000,0.4731,3.142952
924,loot,driving_B_2020.02.13_15.02.01.csv,train/driving_B_2020.02.13_15.02.01.csv#block-000@time-2220.000s,block-000,2220.000,33.1384,33.14,33.14,0.0000,0.4725,3.122459
925,redandblack,driving_B_2020.01.16_12.10.03.csv,train/driving_B_2020.01.16_12.10.03.csv#block-000@time-120.000s,block-000,120.000,53.7743,53.77,53.77,1.8459,0.4719,2.884482
926,soldier,driving_B_2019.12.16_12.27.05.csv,train/driving_B_2019.12.16_12.27.05.csv#block-000@time-840.000s,block-000,840.000,19.4521,19.45,19.45,0.0000,0.4714,3.297916
927,longdress,driving_B_2020.02.13_13.03.24.csv,train/driving_B_2020.02.13_13.03.24.csv#block-000@time-60.000s,block-000,60.000,-16.4152,-16.42,-16.42,0.0000,0.4708,2.989081
928,loot,driving_B_2020.01.16_09.56.56.csv,train/driving_B_2020.01.16_09.56.56.csv#block-000@time-360.000s,block-000,360.000,41.3788,41.38,41.38,0.0000,0.4702,3.453225
929,redandblack,driving_B_2020.01.16_09.56.56.csv,train/driving_B_2020.01.16_09.56.56.csv#block-001@time-819.000s,block-001,819.000,66.3458,66.35,66.35,0.8600,0.4696,3.253264
930,soldier,static_B_2019.12.16_13.40.04.csv,train/static_B_2019.12.16_13.40.04.csv#block-005@time-1346.000s,block-005,1346.000,-23.3351,-23.34,-23.34,0.0000,0.4691,3.469287
931,longdress,driving_B_2020.02.13_13.03.24.csv,train/driving_B_2020.02.13_13.03.24.csv#block-000@time-540.000s,block-000,540.000,11.0758,11.08,11.08,0.0000,0.4685,3.524784
932,loot,driving_B_2020.02.27_17.30.15.csv,train/driving_B_2020.02.27_17.30.15.csv#block-002@time-473.000s,block-002,473.000,-233.5753,-233.58,-233.58,0.0000,0.4679,2.960595
933,redandblack,static_B_2019.12.16_13.40.04.csv,train/static_B_2019.12.16_13.40.04.csv#block-005@time-1526.000s,block-005,1526.000,68.7196,68.72,68.72,0.0000,0.4674,3.340456
934,soldier,driving_B_2019.12.17_07.32.39.csv,train/driving_B_2019.12.17_07.32.39.csv#block-003@time-2014.000s,block-003,2014.000,-49.2490,-49.25,-49.25,0.0000,0.4668,3.091728
935,longdress,driving_B_2020.02.14_12.58.17.csv,train/driving_B_2020.02.14_12.58.17.csv#block-002@time-656.000s,block-002,656.000,-4.7784,-4.78,-4.78,0.0000,0.4662,3.216974
936,loot,driving_B_2020.02.13_13.03.24.csv,train/driving_B_2020.02.13_13.03.24.csv#block-000@time-660.000s,block-000,660.000,-18.6311,-18.63,-18.63,0.0000,0.4657,3.054725
937,redandblack,static_B_2020.02.27_18.39.27.csv,train/static_B_2020.02.27_18.39.27.csv#block-001@time-4092.000s,block-001,4092.000,40.2409,40.24,40.24,0.0000,0.4651,2.844078
938,soldier,driving_B_2019.12.16_12.27.05.csv,train/driving_B_2019.12.16_12.27.05.csv#block-000@time-60.000s,block-000,60.000,11.9333,11.93,11.93,0.0000,0.4645,3.712719
939,longdress,driving_B_2020.01.16_07.26.43.csv,train/driving_B_2020.01.16_07.26.43.csv#block-000@time-1200.000s,block-000,1200.000,41.0293,41.03,41.03,0.0000,0.4639,3.604569
940,loot,driving_B_2019.12.16_12.27.05.csv,train/driving_B_2019.12.16_12.27.05.csv#block-000@time-300.000s,block-000,300.000,4.9028,4.90,4.90,0.0000,0.4634,3.476294
941,redandblack,driving_B_2020.02.14_12.58.17.csv,train/driving_B_2020.02.14_12.58.17.csv#block-002@time-716.000s,block-002,716.000,12.4612,12.46,12.46,0.0000,0.4628,3.327628
942,soldier,driving_B_2020.02.14_09.38.22.csv,train/driving_B_2020.02.14_09.38.22.csv#block-000@time-1560.000s,block-000,1560.000,18.3149,18.31,18.31,0.0000,0.4622,3.471701
943,longdress,driving_B_2019.12.16_12.27.05.csv,train/driving_B_2019.12.16_12.27.05.csv#block-000@time-960.000s,block-000,960.000,65.7304,65.73,65.73,0.0000,0.4617,3.680085
944,loot,driving_B_2019.12.17_07.32.39.csv,train/driving_B_2019.12.17_07.32.39.csv#block-000@time-1320.000s,block-000,1320.000,5.7109,5.71,5.71,0.0000,0.4611,3.141491
945,redandblack,static_B_2020.02.27_18.39.27.csv,train/static_B_2020.02.27_18.39.27.csv#block-001@time-312.000s,block-001,312.000,45.1469,45.15,45.15,0.0000,0.4605,2.851168
946,soldier,driving_B_2020.01.16_12.10.03.csv,train/driving_B_2020.01.16_12.10.03.csv#block-000@time-360.000s,block-000,360.000,54.1307,54.13,54.13,0.0000,0.4599,3.217071
947,longdress,driving_B_2020.02.13_15.02.01.csv,train/driving_B_2020.02.13_15.02.01.csv#block-000@time-900.000s,block-000,900.000,-58.4491,-58.45,-58.45,0.0000,0.4594,3.004963
948,loot,driving_B_2019.12.17_07.32.39.csv,train/driving_B_2019.12.17_07.32.39.csv#block-000@time-180.000s,block-000,180.000,26.8966,26.90,26.90,0.0000,0.4588,3.043431
949,redandblack,driving_B_2020.02.27_17.30.15.csv,train/driving_B_2020.02.27_17.30.15.csv#block-002@time-533.000s,block-002,533.000,-79.5097,-79.51,-79.51,0.0000,0.4582,3.302006
950,soldier,static_B_2020.02.14_13.21.26.csv,train/static_B_2020.02.14_13.21.26.csv#block-000@time-960.000s,block-000,960.000,27.2753,27.28,27.28,0.0000,0.4577,3.237640
951,longdress,static_B_2019.12.16_13.40.04.csv,train/static_B_2019.12.16_13.40.04.csv#block-000@time-240.000s,block-000,240.000,19.6985,19.70,19.70,0.0000,0.4571,3.101331
952,loot,driving_B_2019.12.17_07.32.39.csv,train/driving_B_2019.12.17_07.32.39.csv#block-000@time-1380.000s,block-000,1380.000,50.8984,50.90,50.90,0.0000,0.4565,3.386811
953,redandblack,driving_B_2020.01.16_07.26.43.csv,train/driving_B_2020.01.16_07.26.43.csv#block-000@time-480.000s,block-000,480.000,-39.2108,-39.21,-39.21,0.0000,0.4559,3.743195
954,soldier,driving_B_2020.01.16_07.26.43.csv,train/driving_B_2020.01.16_07.26.43.csv#block-000@time-600.000s,block-000,600.000,-2.7488,-2.75,-2.75,0.0000,0.4554,3.124955
955,longdress,driving_B_2020.02.14_09.38.22.csv,train/driving_B_2020.02.14_09.38.22.csv#block-000@time-1500.000s,block-000,1500.000,-20.1921,-20.19,-20.19,0.0000,0.4548,2.857064
956,loot,static_B_2020.02.27_18.39.27.csv,train/static_B_2020.02.27_18.39.27.csv#block-001@time-6432.000s,block-001,6432.000,61.4003,61.40,61.40,0.0481,0.4542,3.463606
957,redandblack,driving_B_2020.01.16_07.26.43.csv,train/driving_B_2020.01.16_07.26.43.csv#block-000@time-1020.000s,block-000,1020.000,4.3668,4.37,4.37,0.0000,0.4537,3.762123
958,soldier,driving_B_2020.01.16_12.10.03.csv,train/driving_B_2020.01.16_12.10.03.csv#block-000@time-300.000s,block-000,300.000,23.0450,23.04,23.04,0.0000,0.4531,3.198397
959,longdress,static_B_2020.02.14_13.21.26.csv,train/static_B_2020.02.14_13.21.26.csv#block-000@time-1020.000s,block-000,1020.000,61.8491,61.85,61.85,1.1047,0.4525,3.359076
960,loot,driving_B_2019.12.16_12.27.05.csv,train/driving_B_2019.12.16_12.27.05.csv#block-000@time-900.000s,block-000,900.000,81.2566,81.26,81.26,2.3138,0.4520,3.063482
961,redandblack,static_B_2020.02.27_18.39.27.csv,train/static_B_2020.02.27_18.39.27.csv#block-001@time-612.000s,block-001,612.000,28.5450,28.55,28.55,0.0000,0.4514,2.968833
962,soldier,driving_B_2019.12.16_12.27.05.csv,train/driving_B_2019.12.16_12.27.05.csv#block-000@time-300.000s,block-000,300.000,-25.5876,-25.59,-25.59,0.0000,0.4508,3.166797
963,longdress,driving_B_2020.01.16_07.26.43.csv,train/driving_B_2020.01.16_07.26.43.csv#block-000@time-900.000s,block-000,900.000,18.2878,18.29,18.29,0.0000,0.4502,3.207306
964,loot,driving_B_2020.02.14_09.38.22.csv,train/driving_B_2020.02.14_09.38.22.csv#block-000@time-1380.000s,block-000,1380.000,17.0916,17.09,17.09,0.0000,0.4497,3.142360
965,redandblack,driving_B_2020.02.13_13.03.24.csv,train/driving_B_2020.02.13_13.03.24.csv#block-000@time-360.000s,block-000,360.000,-8.6546,-8.65,-8.65,0.0000,0.4491,3.326374
966,soldier,driving_B_2020.02.13_13.03.24.csv,train/driving_B_2020.02.13_13.03.24.csv#block-001@time-1574.000s,block-001,1574.000,-38.6105,-38.61,-38.61,0.0000,0.4485,3.305478
967,longdress,driving_B_2020.01.16_09.56.56.csv,train/driving_B_2020.01.16_09.56.56.csv#block-001@time-999.000s,block-001,999.000,13.4978,13.50,13.50,0.0000,0.4480,3.531910
968,loot,driving_B_2020.02.13_13.03.24.csv,train/driving_B_2020.02.13_13.03.24.csv#block-001@time-1934.000s,block-001,1934.000,58.0042,58.00,58.00,0.0000,0.4474,2.684909
969,redandblack,driving_B_2020.02.14_09.38.22.csv,train/driving_B_2020.02.14_09.38.22.csv#block-000@time-240.000s,block-000,240.000,-147.8480,-147.85,-147.85,0.0000,0.4468,3.563861
970,soldier,static_B_2020.02.14_13.21.26.csv,train/static_B_2020.02.14_13.21.26.csv#block-000@time-600.000s,block-000,600.000,59.7773,59.78,59.78,1.0696,0.4462,3.452901
971,longdress,driving_B_2020.02.13_15.02.01.csv,train/driving_B_2020.02.13_15.02.01.csv#block-000@time-2520.000s,block-000,2520.000,-135.1105,-135.11,-135.11,0.0000,0.4457,3.126832
972,loot,driving_B_2020.02.27_17.30.15.csv,train/driving_B_2020.02.27_17.30.15.csv#block-002@time-533.000s,block-002,533.000,-109.3528,-109.35,-109.35,0.0000,0.4451,3.905171
973,redandblack,driving_B_2019.12.17_07.32.39.csv,train/driving_B_2019.12.17_07.32.39.csv#block-000@time-540.000s,block-000,540.000,-98.9228,-98.92,-98.92,0.0000,0.4445,2.954271
974,soldier,driving_B_2020.02.13_13.03.24.csv,train/driving_B_2020.02.13_13.03.24.csv#block-001@time-1514.000s,block-001,1514.000,-49.2118,-49.21,-49.21,0.0000,0.4440,3.269071
975,longdress,driving_B_2020.02.13_15.02.01.csv,train/driving_B_2020.02.13_15.02.01.csv#block-000@time-1920.000s,block-000,1920.000,27.7520,27.75,27.75,0.0000,0.4434,3.248916
976,loot,driving_B_2020.02.14_09.38.22.csv,train/driving_B_2020.02.14_09.38.22.csv#block-000@time-720.000s,block-000,720.000,75.4332,75.43,75.43,2.4113,0.4428,3.248332
977,redandblack,driving_B_2020.02.27_17.30.15.csv,train/driving_B_2020.02.27_17.30.15.csv#block-002@time-353.000s,block-002,353.000,-75.3210,-75.32,-75.32,0.0000,0.4422,3.429255
978,soldier,driving_B_2020.02.14_12.58.17.csv,train/driving_B_2020.02.14_12.58.17.csv#block-000@time-0.000s,block-000,0.000,-1.1534,-1.15,-1.15,0.0000,0.4417,3.088337
979,longdress,driving_B_2020.02.14_09.38.22.csv,train/driving_B_2020.02.14_09.38.22.csv#block-000@time-1080.000s,block-000,1080.000,51.2880,51.29,51.29,0.0000,0.4411,3.019933
980,loot,driving_B_2020.02.14_09.38.22.csv,train/driving_B_2020.02.14_09.38.22.csv#block-000@time-900.000s,block-000,900.000,-136.9986,-137.00,-137.00,0.0000,0.4405,3.397643
981,redandblack,driving_B_2020.02.13_13.03.24.csv,train/driving_B_2020.02.13_13.03.24.csv#block-007@time-2290.000s,block-007,2290.000,-69.6045,-69.60,-69.60,0.0000,0.4400,3.095980
982,soldier,driving_B_2020.02.14_12.58.17.csv,train/driving_B_2020.02.14_12.58.17.csv#block-000@time-0.000s,block-000,0.000,-18.4777,-18.48,-18.48,0.0000,0.4394,3.349711
983,longdress,driving_B_2019.12.17_07.32.39.csv,train/driving_B_2019.12.17_07.32.39.csv#block-003@time-1954.000s,block-003,1954.000,-57.4571,-57.46,-57.46,0.0000,0.4388,2.865560
984,loot,driving_B_2020.02.14_12.58.17.csv,train/driving_B_2020.02.14_12.58.17.csv#block-000@time-0.000s,block-000,0.000,-7.1186,-7.12,-7.12,0.0000,0.4382,3.631964
985,redandblack,driving_B_2020.01.16_09.56.56.csv,train/driving_B_2020.01.16_09.56.56.csv#block-001@time-1359.000s,block-001,1359.000,5.1889,5.19,5.19,0.0000,0.4377,2.693240
986,soldier,static_B_2020.02.14_13.21.26.csv,train/static_B_2020.02.14_13.21.26.csv#block-000@time-60.000s,block-000,60.000,63.5974,63.60,63.60,0.9818,0.4371,3.631039
987,longdress,static_B_2019.12.16_13.40.04.csv,train/static_B_2019.12.16_13.40.04.csv#block-000@time-180.000s,block-000,180.000,57.6972,57.70,57.70,0.0000,0.4365,3.470935
988,loot,static_B_2020.02.14_13.21.26.csv,train/static_B_2020.02.14_13.21.26.csv#block-000@time-780.000s,block-000,780.000,68.9447,68.94,68.94,1.6191,0.4360,3.284984
989,redandblack,driving_B_2020.01.16_09.56.56.csv,train/driving_B_2020.01.16_09.56.56.csv#block-001@time-1299.000s,block-001,1299.000,51.8413,51.84,51.84,0.0000,0.4354,3.141967
990,soldier,driving_B_2020.01.16_12.10.03.csv,train/driving_B_2020.01.16_12.10.03.csv#block-000@time-240.000s,block-000,240.000,65.3670,65.37,65.37,0.2208,0.4348,3.240104
991,longdress,driving_B_2020.02.14_12.58.17.csv,train/driving_B_2020.02.14_12.58.17.csv#block-000@time-0.000s,block-000,0.000,-29.7189,-29.72,-29.72,0.0000,0.4343,3.120959
992,loot,driving_B_2020.02.14_09.38.22.csv,train/driving_B_2020.02.14_09.38.22.csv#block-000@time-600.000s,block-000,600.000,57.3558,57.36,57.36,0.0000,0.4337,3.282480
993,redandblack,driving_B_2020.02.13_13.03.24.csv,train/driving_B_2020.02.13_13.03.24.csv#block-001@time-1034.000s,block-001,1034.000,13.8803,13.88,13.88,0.0000,0.4331,3.571249
994,soldier,driving_B_2020.02.14_12.58.17.csv,train/driving_B_2020.02.14_12.58.17.csv#block-002@time-596.000s,block-002,596.000,-20.5274,-20.53,-20.53,0.0000,0.4325,3.365507
995,longdress,driving_B_2020.01.16_07.26.43.csv,train/driving_B_2020.01.16_07.26.43.csv#block-000@time-1560.000s,block-000,1560.000,-76.0541,-76.05,-76.05,0.0000,0.4320,3.012139
996,loot,static_B_2019.12.16_13.40.04.csv,train/static_B_2019.12.16_13.40.04.csv#block-000@time-300.000s,block-000,300.000,27.4899,27.49,27.49,0.0000,0.4314,3.156623
997,redandblack,driving_B_2020.02.13_15.02.01.csv,train/driving_B_2020.02.13_15.02.01.csv#block-000@time-2400.000s,block-000,2400.000,81.5524,81.55,81.55,0.0000,0.4308,3.520338
998,soldier,static_B_2019.12.16_13.40.04.csv,train/static_B_2019.12.16_13.40.04.csv#block-001@time-595.000s,block-001,595.000,49.6162,49.62,49.62,0.0000,0.4303,3.179748
999,longdress,driving_B_2020.01.16_07.26.43.csv,train/driving_B_2020.01.16_07.26.43.csv#block-000@time-840.000s,block-000,840.000,28.4101,28.41,28.41,0.0000,0.4297,3.360417
1000,loot,static_B_2020.02.14_13.21.26.csv,train/static_B_2020.02.14_13.21.26.csv#block-000@time-240.000s,block-000,240.000,76.0430,76.04,76.04,2.1762,0.4291,3.189815
1001,redandblack,static_B_2020.02.14_13.21.26.csv,train/static_B_2020.02.14_13.21.26.csv#block-000@time-420.000s,block-000,420.000,67.2334,67.23,67.23,0.0000,0.4285,3.282738
1002,soldier,driving_B_2020.01.16_09.56.56.csv,train/driving_B_2020.01.16_09.56.56.csv#block-001@time-519.000s,block-001,519.000,37.1814,37.18,37.18,0.0000,0.4280,3.621143
1003,longdress,static_B_2019.12.16_13.40.04.csv,train/static_B_2019.12.16_13.40.04.csv#block-006@time-2232.000s,block-006,2232.000,72.8609,72.86,72.86,0.0000,0.4274,3.197827
1004,loot,driving_B_2020.02.13_15.02.01.csv,train/driving_B_2020.02.13_15.02.01.csv#block-000@time-60.000s,block-000,60.000,67.7687,67.77,67.77,1.4925,0.4268,2.926616
1005,redandblack,static_B_2020.02.14_13.21.26.csv,train/static_B_2020.02.14_13.21.26.csv#block-000@time-1020.000s,block-000,1020.000,74.8636,74.86,74.86,1.6142,0.4263,3.359206
1006,soldier,driving_B_2020.02.13_15.02.01.csv,train/driving_B_2020.02.13_15.02.01.csv#block-000@time-120.000s,block-000,120.000,58.7439,58.74,58.74,0.8548,0.4257,3.580684
1007,longdress,driving_B_2020.01.16_07.26.43.csv,train/driving_B_2020.01.16_07.26.43.csv#block-000@time-1380.000s,block-000,1380.000,-24.6471,-24.65,-24.65,0.0000,0.4251,3.188568
1008,loot,driving_B_2020.02.13_15.02.01.csv,train/driving_B_2020.02.13_15.02.01.csv#block-000@time-600.000s,block-000,600.000,38.9046,38.90,38.90,0.0000,0.4245,3.185839
1009,redandblack,driving_B_2019.12.16_12.27.05.csv,train/driving_B_2019.12.16_12.27.05.csv#block-000@time-540.000s,block-000,540.000,-179.3154,-179.32,-179.32,0.0000,0.4240,3.068140
1010,soldier,driving_B_2020.01.16_12.10.03.csv,train/driving_B_2020.01.16_12.10.03.csv#block-000@time-120.000s,block-000,120.000,75.2433,75.24,75.24,0.0000,0.4234,3.492482
1011,longdress,static_B_2019.12.16_13.40.04.csv,train/static_B_2019.12.16_13.40.04.csv#block-001@time-835.000s,block-001,835.000,58.4302,58.43,58.43,1.2950,0.4228,3.214072
1012,loot,driving_B_2020.01.16_12.10.03.csv,train/driving_B_2020.01.16_12.10.03.csv#block-000@time-300.000s,block-000,300.000,37.7650,37.77,37.77,0.0000,0.4223,3.214372
1013,redandblack,driving_B_2020.01.16_12.10.03.csv,train/driving_B_2020.01.16_12.10.03.csv#block-000@time-180.000s,block-000,180.000,69.2528,69.25,69.25,1.6042,0.4217,3.246405
1014,soldier,driving_B_2020.01.16_09.56.56.csv,train/driving_B_2020.01.16_09.56.56.csv#block-001@time-1659.000s,block-001,1659.000,80.3585,80.36,80.36,0.0000,0.4211,2.863106
1015,longdress,driving_B_2020.02.27_17.30.15.csv,train/driving_B_2020.02.27_17.30.15.csv#block-002@time-413.000s,block-002,413.000,-91.9301,-91.93,-91.93,0.0000,0.4206,3.263106
1016,loot,driving_B_2020.02.13_13.03.24.csv,train/driving_B_2020.02.13_13.03.24.csv#block-001@time-914.000s,block-001,914.000,-134.9824,-134.98,-134.98,0.0000,0.4200,3.288393
1017,redandblack,driving_B_2020.02.14_12.58.17.csv,train/driving_B_2020.02.14_12.58.17.csv#block-002@time-536.000s,block-002,536.000,-186.6521,-186.65,-186.65,0.0000,0.4194,3.166672
1018,soldier,driving_B_2020.01.16_07.26.43.csv,train/driving_B_2020.01.16_07.26.43.csv#block-000@time-60.000s,block-000,60.000,17.8346,17.83,17.83,0.0000,0.4188,4.318939
1019,longdress,driving_B_2020.01.16_07.26.43.csv,train/driving_B_2020.01.16_07.26.43.csv#block-000@time-1140.000s,block-000,1140.000,43.9577,43.96,43.96,0.0000,0.4183,2.562220
1020,loot,driving_B_2020.01.16_07.26.43.csv,train/driving_B_2020.01.16_07.26.43.csv#block-000@time-1800.000s,block-000,1800.000,-24.7503,-24.75,-24.75,0.0000,0.4177,3.110825
1021,redandblack,driving_B_2020.01.16_07.26.43.csv,train/driving_B_2020.01.16_07.26.43.csv#block-000@time-660.000s,block-000,660.000,2.4887,2.49,2.49,0.0000,0.4171,3.190295
1022,soldier,driving_B_2020.02.14_12.58.17.csv,train/driving_B_2020.02.14_12.58.17.csv#block-002@time-536.000s,block-002,536.000,-162.6790,-162.68,-162.68,0.0000,0.4166,3.507526
1023,longdress,driving_B_2020.01.16_12.10.03.csv,train/driving_B_2020.01.16_12.10.03.csv#block-000@time-180.000s,block-000,180.000,76.0395,76.04,76.04,0.0000,0.4160,3.339075
1024,loot,driving_B_2020.02.27_17.30.15.csv,train/driving_B_2020.02.27_17.30.15.csv#block-002@time-533.000s,block-002,533.000,-88.0619,-88.06,-88.06,0.0000,0.4154,3.127583
1025,redandblack,driving_B_2020.02.14_09.38.22.csv,train/driving_B_2020.02.14_09.38.22.csv#block-000@time-1200.000s,block-000,1200.000,-25.7010,-25.70,-25.70,0.0000,0.4148,2.945502
1026,soldier,driving_B_2020.01.16_12.10.03.csv,train/driving_B_2020.01.16_12.10.03.csv#block-000@time-0.000s,block-000,0.000,64.6747,64.67,64.67,1.3494,0.4143,3.220372
1027,longdress,driving_B_2019.12.16_12.27.05.csv,train/driving_B_2019.12.16_12.27.05.csv#block-000@time-540.000s,block-000,540.000,-239.8872,-239.89,-239.89,0.0000,0.4137,3.016657
1028,loot,driving_B_2019.12.16_12.27.05.csv,train/driving_B_2019.12.16_12.27.05.csv#block-000@time-720.000s,block-000,720.000,-36.9620,-36.96,-36.96,0.0000,0.4131,3.229384
1029,redandblack,driving_B_2019.12.16_12.27.05.csv,train/driving_B_2019.12.16_12.27.05.csv#block-000@time-660.000s,block-000,660.000,-183.6252,-183.63,-183.63,0.0000,0.4126,2.964014
1030,soldier,driving_B_2020.02.27_17.30.15.csv,train/driving_B_2020.02.27_17.30.15.csv#block-002@time-413.000s,block-002,413.000,-84.5653,-84.57,-84.57,0.0000,0.4120,2.857906
1031,longdress,driving_B_2020.02.13_15.02.01.csv,train/driving_B_2020.02.13_15.02.01.csv#block-000@time-1500.000s,block-000,1500.000,-156.3718,-156.37,-156.37,0.0000,0.4114,3.009193
1032,loot,static_B_2020.02.27_18.39.27.csv,train/static_B_2020.02.27_18.39.27.csv#block-001@time-5652.000s,block-001,5652.000,77.0475,77.05,77.05,0.0000,0.4108,3.525522
1033,redandblack,driving_B_2020.02.14_09.38.22.csv,train/driving_B_2020.02.14_09.38.22.csv#block-000@time-1440.000s,block-000,1440.000,66.1274,66.13,66.13,1.6264,0.4103,2.713492
1034,soldier,driving_B_2020.01.16_09.56.56.csv,train/driving_B_2020.01.16_09.56.56.csv#block-001@time-1299.000s,block-001,1299.000,51.1614,51.16,51.16,0.0000,0.4097,3.046189
1035,longdress,driving_B_2019.12.17_07.32.39.csv,train/driving_B_2019.12.17_07.32.39.csv#block-000@time-720.000s,block-000,720.000,2.5051,2.51,2.51,0.0000,0.4091,3.159669
1036,loot,driving_B_2020.02.14_09.38.22.csv,train/driving_B_2020.02.14_09.38.22.csv#block-000@time-480.000s,block-000,480.000,-23.7727,-23.77,-23.77,0.0000,0.4086,3.246617
1037,redandblack,driving_B_2020.02.14_12.58.17.csv,train/driving_B_2020.02.14_12.58.17.csv#block-002@time-596.000s,block-002,596.000,6.3995,6.40,6.40,0.0000,0.4080,3.010168
1038,soldier,static_B_2019.12.16_13.40.04.csv,train/static_B_2019.12.16_13.40.04.csv#block-001@time-1135.000s,block-001,1135.000,32.7648,32.76,32.76,0.0000,0.4074,2.998562
1039,longdress,static_B_2019.12.16_13.40.04.csv,train/static_B_2019.12.16_13.40.04.csv#block-000@time-120.000s,block-000,120.000,76.6467,76.65,76.65,0.0000,0.4068,2.946123
1040,loot,driving_B_2020.01.16_09.56.56.csv,train/driving_B_2020.01.16_09.56.56.csv#block-001@time-1539.000s,block-001,1539.000,70.0899,70.09,70.09,0.7672,0.4063,3.075058
1041,redandblack,driving_B_2020.02.13_15.02.01.csv,train/driving_B_2020.02.13_15.02.01.csv#block-000@time-1800.000s,block-000,1800.000,-150.6747,-150.67,-150.67,0.0000,0.4057,2.913976
1042,soldier,static_B_2020.02.27_18.39.27.csv,train/static_B_2020.02.27_18.39.27.csv#block-001@time-972.000s,block-001,972.000,57.8941,57.89,57.89,0.0000,0.4051,3.263420
1043,longdress,driving_B_2020.01.16_09.56.56.csv,train/driving_B_2020.01.16_09.56.56.csv#block-000@time-240.000s,block-000,240.000,35.0189,35.02,35.02,0.0000,0.4046,3.616392
1044,loot,driving_B_2020.01.16_07.26.43.csv,train/driving_B_2020.01.16_07.26.43.csv#block-000@time-1500.000s,block-000,1500.000,-15.1041,-15.10,-15.10,0.0000,0.4040,3.476304
1045,redandblack,driving_B_2020.02.14_09.38.22.csv,train/driving_B_2020.02.14_09.38.22.csv#block-000@time-180.000s,block-000,180.000,-25.6769,-25.68,-25.68,0.0000,0.4034,3.279451
1046,soldier,driving_B_2019.12.17_07.32.39.csv,train/driving_B_2019.12.17_07.32.39.csv#block-000@time-0.000s,block-000,0.000,5.0866,5.09,5.09,0.0000,0.4029,3.244527
1047,longdress,driving_B_2019.12.17_07.32.39.csv,train/driving_B_2019.12.17_07.32.39.csv#block-004@time-2297.000s,block-004,2297.000,67.5346,67.53,67.53,0.0000,0.4023,2.765778
1048,loot,driving_B_2020.02.27_17.30.15.csv,train/driving_B_2020.02.27_17.30.15.csv#block-002@time-473.000s,block-002,473.000,-277.7607,-277.76,-277.76,0.0000,0.4017,3.030173
1049,redandblack,driving_B_2020.02.27_17.30.15.csv,train/driving_B_2020.02.27_17.30.15.csv#block-002@time-473.000s,block-002,473.000,-332.9188,-332.92,-332.92,0.0000,0.4011,3.228532
1050,soldier,driving_B_2020.01.16_07.26.43.csv,train/driving_B_2020.01.16_07.26.43.csv#block-000@time-0.000s,block-000,0.000,4.5918,4.59,4.59,0.0000,0.4006,3.364339
1051,longdress,driving_B_2019.12.16_12.27.05.csv,train/driving_B_2019.12.16_12.27.05.csv#block-000@time-600.000s,block-000,600.000,-41.5406,-41.54,-41.54,0.0000,0.4000,2.933641
1052,loot,driving_B_2020.02.27_17.30.15.csv,train/driving_B_2020.02.27_17.30.15.csv#block-002@time-293.000s,block-002,293.000,-232.6453,-232.65,-232.65,0.0000,0.3994,2.845246
1053,redandblack,driving_B_2020.01.16_12.10.03.csv,train/driving_B_2020.01.16_12.10.03.csv#block-000@time-60.000s,block-000,60.000,61.0954,61.10,61.10,0.0000,0.3989,3.532020
1054,soldier,static_B_2020.02.27_18.39.27.csv,train/static_B_2020.02.27_18.39.27.csv#block-001@time-5412.000s,block-001,5412.000,64.6295,64.63,64.63,0.0000,0.3983,2.925821
1055,longdress,driving_B_2019.12.16_12.27.05.csv,train/driving_B_2019.12.16_12.27.05.csv#block-000@time-600.000s,block-000,600.000,-50.4930,-50.49,-50.49,0.0000,0.3977,3.294293
1056,loot,driving_B_2020.02.14_09.38.22.csv,train/driving_B_2020.02.14_09.38.22.csv#block-000@time-1500.000s,block-000,1500.000,21.6385,21.64,21.64,0.0000,0.3971,3.323594
1057,redandblack,driving_B_2019.12.17_07.32.39.csv,train/driving_B_2019.12.17_07.32.39.csv#block-003@time-1774.000s,block-003,1774.000,33.4050,33.41,33.41,0.0000,0.3966,3.733492
1058,soldier,driving_B_2019.12.17_07.32.39.csv,train/driving_B_2019.12.17_07.32.39.csv#block-004@time-2537.000s,block-004,2537.000,72.9312,72.93,72.93,2.1322,0.3960,3.056655
1059,longdress,driving_B_2020.02.27_17.30.15.csv,train/driving_B_2020.02.27_17.30.15.csv#block-002@time-293.000s,block-002,293.000,-238.5231,-238.52,-238.52,0.0000,0.3954,2.510913
1060,loot,driving_B_2020.02.13_13.03.24.csv,train/driving_B_2020.02.13_13.03.24.csv#block-001@time-1634.000s,block-001,1634.000,8.6343,8.63,8.63,0.0000,0.3949,3.283329
1061,redandblack,driving_B_2020.01.16_09.56.56.csv,train/driving_B_2020.01.16_09.56.56.csv#block-000@time-300.000s,block-000,300.000,74.9010,74.90,74.90,0.8259,0.3943,2.735747
1062,soldier,driving_B_2020.02.13_13.03.24.csv,train/driving_B_2020.02.13_13.03.24.csv#block-001@time-1754.000s,block-001,1754.000,-1.9879,-1.99,-1.99,0.0000,0.3937,2.825256
1063,longdress,driving_B_2020.02.13_15.02.01.csv,train/driving_B_2020.02.13_15.02.01.csv#block-000@time-780.000s,block-000,780.000,11.8402,11.84,11.84,0.0000,0.3931,3.077014
1064,loot,static_B_2019.12.16_13.40.04.csv,train/static_B_2019.12.16_13.40.04.csv#block-005@time-1406.000s,block-005,1406.000,71.3265,71.33,71.33,0.0000,0.3926,3.211627
1065,redandblack,driving_B_2020.01.16_09.56.56.csv,train/driving_B_2020.01.16_09.56.56.csv#block-001@time-1179.000s,block-001,1179.000,4.8714,4.87,4.87,0.0000,0.3920,3.183632
1066,soldier,driving_B_2020.02.27_17.30.15.csv,train/driving_B_2020.02.27_17.30.15.csv#block-002@time-293.000s,block-002,293.000,-313.5055,-313.51,-313.51,0.0000,0.3914,3.698090
1067,longdress,driving_B_2020.02.27_17.30.15.csv,train/driving_B_2020.02.27_17.30.15.csv#block-002@time-353.000s,block-002,353.000,-96.4807,-96.48,-96.48,0.0000,0.3909,3.139394
1068,loot,static_B_2019.12.16_13.40.04.csv,train/static_B_2019.12.16_13.40.04.csv#block-001@time-775.000s,block-001,775.000,69.1518,69.15,69.15,2.3038,0.3903,2.744791
1069,redandblack,driving_B_2020.02.13_15.02.01.csv,train/driving_B_2020.02.13_15.02.01.csv#block-000@time-1200.000s,block-000,1200.000,10.9399,10.94,10.94,0.0000,0.3897,3.120321
1070,soldier,driving_B_2020.02.14_12.58.17.csv,train/driving_B_2020.02.14_12.58.17.csv#block-000@time-0.000s,block-000,0.000,-6.6084,-6.61,-6.61,0.0000,0.3892,3.258531
1071,longdress,driving_B_2020.01.16_09.56.56.csv,train/driving_B_2020.01.16_09.56.56.csv#block-001@time-1599.000s,block-001,1599.000,62.7417,62.74,62.74,0.0000,0.3886,3.440278
1072,loot,static_B_2020.02.27_18.39.27.csv,train/static_B_2020.02.27_18.39.27.csv#block-001@time-5112.000s,block-001,5112.000,49.5965,49.60,49.60,0.0000,0.3880,2.899087
1073,redandblack,static_B_2020.02.14_13.21.26.csv,train/static_B_2020.02.14_13.21.26.csv#block-000@time-480.000s,block-000,480.000,81.4011,81.40,81.40,1.4985,0.3874,3.418416
1074,soldier,driving_B_2020.02.27_17.30.15.csv,train/driving_B_2020.02.27_17.30.15.csv#block-002@time-413.000s,block-002,413.000,-62.9648,-62.96,-62.96,0.0000,0.3869,3.290547
1075,longdress,driving_B_2019.12.17_07.32.39.csv,train/driving_B_2019.12.17_07.32.39.csv#block-000@time-120.000s,block-000,120.000,5.6801,5.68,5.68,0.0000,0.3863,2.963729
1076,loot,static_B_2020.02.14_13.21.26.csv,train/static_B_2020.02.14_13.21.26.csv#block-000@time-360.000s,block-000,360.000,64.5744,64.57,64.57,0.3996,0.3857,3.212252
1077,redandblack,driving_B_2020.01.16_09.56.56.csv,train/driving_B_2020.01.16_09.56.56.csv#block-001@time-1479.000s,block-001,1479.000,53.8117,53.81,53.81,0.0000,0.3852,3.597163
1078,soldier,driving_B_2020.01.16_12.10.03.csv,train/driving_B_2020.01.16_12.10.03.csv#block-000@time-360.000s,block-000,360.000,53.8367,53.84,53.84,0.0000,0.3846,2.979844
1079,longdress,driving_B_2020.01.16_09.56.56.csv,train/driving_B_2020.01.16_09.56.56.csv#block-001@time-1239.000s,block-001,1239.000,25.0813,25.08,25.08,0.0000,0.3840,3.309550
1080,loot,driving_B_2020.02.13_13.03.24.csv,train/driving_B_2020.02.13_13.03.24.csv#block-001@time-1874.000s,block-001,1874.000,-107.7492,-107.75,-107.75,0.0000,0.3834,3.232556
1081,redandblack,static_B_2020.02.14_13.21.26.csv,train/static_B_2020.02.14_13.21.26.csv#block-000@time-840.000s,block-000,840.000,46.2367,46.24,46.24,1.7772,0.3829,3.057594
1082,soldier,driving_B_2020.02.14_09.38.22.csv,train/driving_B_2020.02.14_09.38.22.csv#block-000@time-780.000s,block-000,780.000,72.3507,72.35,72.35,0.0000,0.3823,2.765520
1083,longdress,static_B_2020.02.27_18.39.27.csv,train/static_B_2020.02.27_18.39.27.csv#block-001@time-552.000s,block-001,552.000,45.8948,45.89,45.89,0.0000,0.3817,3.231529
1084,loot,driving_B_2020.01.16_12.10.03.csv,train/driving_B_2020.01.16_12.10.03.csv#block-000@time-0.000s,block-000,0.000,69.9349,69.93,69.93,2.5074,0.3812,3.354807
1085,redandblack,driving_B_2020.02.14_12.58.17.csv,train/driving_B_2020.02.14_12.58.17.csv#block-002@time-656.000s,block-002,656.000,18.7387,18.74,18.74,0.0000,0.3806,3.124322
1086,soldier,driving_B_2019.12.17_07.32.39.csv,train/driving_B_2019.12.17_07.32.39.csv#block-000@time-240.000s,block-000,240.000,-74.2718,-74.27,-74.27,0.0000,0.3800,3.496803
1087,longdress,static_B_2020.02.27_18.39.27.csv,train/static_B_2020.02.27_18.39.27.csv#block-001@time-1032.000s,block-001,1032.000,45.3300,45.33,45.33,0.0000,0.3794,3.176822
1088,loot,driving_B_2020.01.16_09.56.56.csv,train/driving_B_2020.01.16_09.56.56.csv#block-001@time-759.000s,block-001,759.000,17.0969,17.10,17.10,0.0000,0.3789,3.268440
1089,redandblack,driving_B_2019.12.16_12.27.05.csv,train/driving_B_2019.12.16_12.27.05.csv#block-000@time-420.000s,block-000,420.000,-153.2426,-153.24,-153.24,0.0000,0.3783,3.339650
1090,soldier,driving_B_2020.02.13_15.02.01.csv,train/driving_B_2020.02.13_15.02.01.csv#block-000@time-2580.000s,block-000,2580.000,-2.5010,-2.50,-2.50,0.0000,0.3777,3.138263
1091,longdress,driving_B_2020.01.16_12.10.03.csv,train/driving_B_2020.01.16_12.10.03.csv#block-000@time-240.000s,block-000,240.000,70.3257,70.33,70.33,0.7503,0.3772,3.381966
1092,loot,driving_B_2020.02.14_09.38.22.csv,train/driving_B_2020.02.14_09.38.22.csv#block-000@time-240.000s,block-000,240.000,-79.2562,-79.26,-79.26,0.0000,0.3766,3.409135
1093,redandblack,driving_B_2020.02.14_09.38.22.csv,train/driving_B_2020.02.14_09.38.22.csv#block-000@time-960.000s,block-000,960.000,56.5473,56.55,56.55,0.0000,0.3760,2.929735
1094,soldier,driving_B_2020.02.14_12.58.17.csv,train/driving_B_2020.02.14_12.58.17.csv#block-002@time-656.000s,block-002,656.000,6.7768,6.78,6.78,0.0000,0.3754,3.342097
1095,longdress,driving_B_2020.02.13_13.03.24.csv,train/driving_B_2020.02.13_13.03.24.csv#block-000@time-120.000s,block-000,120.000,-4.3567,-4.36,-4.36,0.0000,0.3749,3.034238
1096,loot,driving_B_2019.12.16_12.27.05.csv,train/driving_B_2019.12.16_12.27.05.csv#block-000@time-240.000s,block-000,240.000,11.0565,11.06,11.06,0.0000,0.3743,3.071818
1097,redandblack,driving_B_2019.12.17_07.32.39.csv,train/driving_B_2019.12.17_07.32.39.csv#block-004@time-2237.000s,block-004,2237.000,-19.1689,-19.17,-19.17,0.0000,0.3737,3.092459
1098,soldier,driving_B_2019.12.16_12.27.05.csv,train/driving_B_2019.12.16_12.27.05.csv#block-000@time-780.000s,block-000,780.000,24.3585,24.36,24.36,0.0000,0.3732,3.061830
1099,longdress,driving_B_2020.02.14_09.38.22.csv,train/driving_B_2020.02.14_09.38.22.csv#block-000@time-0.000s,block-000,0.000,-132.3850,-132.38,-132.38,0.0000,0.3726,3.083906
1100,loot,driving_B_2020.01.16_09.56.56.csv,train/driving_B_2020.01.16_09.56.56.csv#block-001@time-1419.000s,block-001,1419.000,51.3700,51.37,51.37,0.0000,0.3720,3.121517
1101,redandblack,driving_B_2020.02.14_12.58.17.csv,train/driving_B_2020.02.14_12.58.17.csv#block-002@time-656.000s,block-002,656.000,42.0642,42.06,42.06,0.0000,0.3715,2.811755
1102,soldier,driving_B_2020.02.14_12.58.17.csv,train/driving_B_2020.02.14_12.58.17.csv#block-002@time-596.000s,block-002,596.000,-28.7055,-28.71,-28.71,0.0000,0.3709,3.354047
1103,longdress,static_B_2020.02.27_18.39.27.csv,train/static_B_2020.02.27_18.39.27.csv#block-001@time-72.000s,block-001,72.000,64.7415,64.74,64.74,0.0000,0.3703,3.513336
1104,loot,driving_B_2019.12.17_07.32.39.csv,train/driving_B_2019.12.17_07.32.39.csv#block-003@time-1654.000s,block-003,1654.000,-16.9855,-16.99,-16.99,0.0000,0.3697,3.354379
1105,redandblack,static_B_2020.02.27_18.39.27.csv,train/static_B_2020.02.27_18.39.27.csv#block-001@time-2412.000s,block-001,2412.000,50.0329,50.03,50.03,0.0000,0.3692,3.004778
1106,soldier,static_B_2019.12.16_13.40.04.csv,train/static_B_2019.12.16_13.40.04.csv#block-005@time-1466.000s,block-005,1466.000,52.1303,52.13,52.13,0.0000,0.3686,3.015642
1107,longdress,driving_B_2019.12.16_12.27.05.csv,train/driving_B_2019.12.16_12.27.05.csv#block-000@time-1140.000s,block-000,1140.000,47.1704,47.17,47.17,0.0000,0.3680,3.125169
1108,loot,driving_B_2020.02.14_09.38.22.csv,train/driving_B_2020.02.14_09.38.22.csv#block-000@time-1140.000s,block-000,1140.000,-12.3328,-12.33,-12.33,0.0000,0.3675,3.074161
1109,redandblack,driving_B_2020.01.16_07.26.43.csv,train/driving_B_2020.01.16_07.26.43.csv#block-000@time-240.000s,block-000,240.000,4.2440,4.24,4.24,0.0000,0.3669,3.013107
1110,soldier,static_B_2019.12.16_13.40.04.csv,train/static_B_2019.12.16_13.40.04.csv#block-001@time-955.000s,block-001,955.000,62.2118,62.21,62.21,0.0000,0.3663,2.915782
1111,longdress,driving_B_2020.02.14_12.58.17.csv,train/driving_B_2020.02.14_12.58.17.csv#block-002@time-656.000s,block-002,656.000,17.2795,17.28,17.28,0.0000,0.3657,3.114963
1112,loot,driving_B_2020.02.13_15.02.01.csv,train/driving_B_2020.02.13_15.02.01.csv#block-000@time-480.000s,block-000,480.000,83.4774,83.48,83.48,0.9352,0.3652,2.776867
1113,redandblack,driving_B_2020.02.27_17.30.15.csv,train/driving_B_2020.02.27_17.30.15.csv#block-002@time-293.000s,block-002,293.000,-385.8856,-385.89,-385.89,0.0000,0.3646,3.306906
1114,soldier,driving_B_2020.02.13_15.02.01.csv,train/driving_B_2020.02.13_15.02.01.csv#block-000@time-420.000s,block-000,420.000,67.3035,67.30,67.30,0.8288,0.3640,3.243090
1115,longdress,driving_B_2020.02.27_17.30.15.csv,train/driving_B_2020.02.27_17.30.15.csv#block-002@time-533.000s,block-002,533.000,-107.4842,-107.48,-107.48,0.0000,0.3635,3.125104
1116,loot,driving_B_2020.01.16_07.26.43.csv,train/driving_B_2020.01.16_07.26.43.csv#block-000@time-720.000s,block-000,720.000,-24.1144,-24.11,-24.11,0.0000,0.3629,2.976394
1117,redandblack,driving_B_2019.12.17_07.32.39.csv,train/driving_B_2019.12.17_07.32.39.csv#block-003@time-2074.000s,block-003,2074.000,16.1571,16.16,16.16,0.0000,0.3623,3.359565
1118,soldier,driving_B_2020.01.16_12.10.03.csv,train/driving_B_2020.01.16_12.10.03.csv#block-000@time-60.000s,block-000,60.000,45.6642,45.66,45.66,0.0000,0.3617,3.411052
1119,longdress,static_B_2019.12.16_13.40.04.csv,train/static_B_2019.12.16_13.40.04.csv#block-005@time-1826.000s,block-005,1826.000,61.5302,61.53,61.53,0.0000,0.3612,3.416314
1120,loot,driving_B_2020.01.16_07.26.43.csv,train/driving_B_2020.01.16_07.26.43.csv#block-000@time-180.000s,block-000,180.000,-169.6620,-169.66,-169.66,0.0000,0.3606,3.023102
1121,redandblack,static_B_2020.02.14_13.21.26.csv,train/static_B_2020.02.14_13.21.26.csv#block-000@time-900.000s,block-000,900.000,70.4278,70.43,70.43,0.5939,0.3600,3.557260
1122,soldier,driving_B_2020.02.14_12.58.17.csv,train/driving_B_2020.02.14_12.58.17.csv#block-002@time-536.000s,block-002,536.000,-173.4164,-173.42,-173.42,0.0000,0.3595,3.345102
1123,longdress,driving_B_2020.01.16_12.10.03.csv,train/driving_B_2020.01.16_12.10.03.csv#block-000@time-300.000s,block-000,300.000,22.8297,22.83,22.83,0.0000,0.3589,3.253778
1124,loot,driving_B_2019.12.17_07.32.39.csv,train/driving_B_2019.12.17_07.32.39.csv#block-000@time-300.000s,block-000,300.000,41.7112,41.71,41.71,0.0000,0.3583,3.357869
1125,redandblack,driving_B_2019.12.17_07.32.39.csv,train/driving_B_2019.12.17_07.32.39.csv#block-000@time-960.000s,block-000,960.000,11.9849,11.98,11.98,0.0000,0.3578,3.061254
1126,soldier,driving_B_2020.01.16_07.26.43.csv,train/driving_B_2020.01.16_07.26.43.csv#block-000@time-1260.000s,block-000,1260.000,5.0747,5.07,5.07,0.0000,0.3572,3.185496
1127,longdress,driving_B_2020.02.27_17.30.15.csv,train/driving_B_2020.02.27_17.30.15.csv#block-002@time-413.000s,block-002,413.000,-357.2933,-357.29,-357.29,0.0000,0.3566,3.350626
1128,loot,driving_B_2019.12.17_07.32.39.csv,train/driving_B_2019.12.17_07.32.39.csv#block-003@time-1894.000s,block-003,1894.000,-46.8364,-46.84,-46.84,0.0000,0.3560,3.097891
1129,redandblack,static_B_2020.02.14_13.21.26.csv,train/static_B_2020.02.14_13.21.26.csv#block-000@time-480.000s,block-000,480.000,75.0739,75.07,75.07,1.6244,0.3555,3.192537
1130,soldier,driving_B_2019.12.16_12.27.05.csv,train/driving_B_2019.12.16_12.27.05.csv#block-000@time-120.000s,block-000,120.000,30.2604,30.26,30.26,0.0000,0.3549,2.751126
1131,longdress,static_B_2020.02.27_18.39.27.csv,train/static_B_2020.02.27_18.39.27.csv#block-001@time-492.000s,block-001,492.000,39.2812,39.28,39.28,0.0000,0.3543,3.105139
1132,loot,static_B_2020.02.14_13.21.26.csv,train/static_B_2020.02.14_13.21.26.csv#block-000@time-1080.000s,block-000,1080.000,69.6362,69.64,69.64,0.7683,0.3538,3.066744
1133,redandblack,driving_B_2020.01.16_12.10.03.csv,train/driving_B_2020.01.16_12.10.03.csv#block-000@time-300.000s,block-000,300.000,24.2961,24.30,24.30,0.0000,0.3532,3.091743
1134,soldier,driving_B_2020.02.13_13.03.24.csv,train/driving_B_2020.02.13_13.03.24.csv#block-000@time-480.000s,block-000,480.000,-76.3015,-76.30,-76.30,0.0000,0.3526,3.314867
1135,longdress,driving_B_2020.02.13_15.02.01.csv,train/driving_B_2020.02.13_15.02.01.csv#block-000@time-1860.000s,block-000,1860.000,-59.6842,-59.68,-59.68,0.0000,0.3520,3.517252
1136,loot,driving_B_2020.01.16_07.26.43.csv,train/driving_B_2020.01.16_07.26.43.csv#block-000@time-1440.000s,block-000,1440.000,32.2031,32.20,32.20,0.0000,0.3515,2.696687
1137,redandblack,static_B_2020.02.27_18.39.27.csv,train/static_B_2020.02.27_18.39.27.csv#block-001@time-4332.000s,block-001,4332.000,63.1342,63.13,63.13,0.0000,0.3509,2.789698
1138,soldier,driving_B_2020.02.13_13.03.24.csv,train/driving_B_2020.02.13_13.03.24.csv#block-000@time-300.000s,block-000,300.000,13.3072,13.31,13.31,0.0000,0.3503,3.201785
1139,longdress,static_B_2020.02.14_13.21.26.csv,train/static_B_2020.02.14_13.21.26.csv#block-000@time-0.000s,block-000,0.000,48.9089,48.91,48.91,0.0000,0.3498,3.403940
1140,loot,static_B_2020.02.27_18.39.27.csv,train/static_B_2020.02.27_18.39.27.csv#block-001@time-3192.000s,block-001,3192.000,72.2411,72.24,72.24,0.6260,0.3492,3.000854
1141,redandblack,driving_B_2020.02.13_13.03.24.csv,train/driving_B_2020.02.13_13.03.24.csv#block-001@time-1454.000s,block-001,1454.000,-41.8585,-41.86,-41.86,0.0000,0.3486,2.916492
1142,soldier,driving_B_2020.02.13_13.03.24.csv,train/driving_B_2020.02.13_13.03.24.csv#block-001@time-1094.000s,block-001,1094.000,-28.8946,-28.89,-28.89,0.0000,0.3480,3.750456
1143,longdress,driving_B_2020.01.16_07.26.43.csv,train/driving_B_2020.01.16_07.26.43.csv#block-000@time-1860.000s,block-000,1860.000,-41.8197,-41.82,-41.82,0.0000,0.3475,2.850543
1144,loot,driving_B_2020.02.27_17.30.15.csv,train/driving_B_2020.02.27_17.30.15.csv#block-002@time-353.000s,block-002,353.000,-81.2133,-81.21,-81.21,0.0000,0.3469,3.551317
1145,redandblack,driving_B_2019.12.16_12.27.05.csv,train/driving_B_2019.12.16_12.27.05.csv#block-000@time-1140.000s,block-000,1140.000,48.4395,48.44,48.44,0.0000,0.3463,3.173578
1146,soldier,driving_B_2020.02.13_13.03.24.csv,train/driving_B_2020.02.13_13.03.24.csv#block-000@time-240.000s,block-000,240.000,-11.0263,-11.03,-11.03,0.0000,0.3458,2.932861
1147,longdress,driving_B_2020.01.16_12.10.03.csv,train/driving_B_2020.01.16_12.10.03.csv#block-000@time-120.000s,block-000,120.000,73.8798,73.88,73.88,0.5341,0.3452,2.821659
1148,loot,static_B_2020.02.14_13.21.26.csv,train/static_B_2020.02.14_13.21.26.csv#block-000@time-540.000s,block-000,540.000,78.6982,78.70,78.70,0.0930,0.3446,2.973361
1149,redandblack,driving_B_2020.02.14_12.58.17.csv,train/driving_B_2020.02.14_12.58.17.csv#block-002@time-716.000s,block-002,716.000,23.0790,23.08,23.08,0.0000,0.3440,3.307749
1150,soldier,driving_B_2020.02.14_09.38.22.csv,train/driving_B_2020.02.14_09.38.22.csv#block-000@time-1020.000s,block-000,1020.000,77.1672,77.17,77.17,0.0000,0.3435,3.167389
1151,longdress,driving_B_2020.01.16_07.26.43.csv,train/driving_B_2020.01.16_07.26.43.csv#block-000@time-120.000s,block-000,120.000,5.7672,5.77,5.77,0.0000,0.3429,2.836664
1152,loot,driving_B_2019.12.16_12.27.05.csv,train/driving_B_2019.12.16_12.27.05.csv#block-000@time-480.000s,block-000,480.000,-5.9511,-5.95,-5.95,0.0000,0.3423,3.213008
1153,redandblack,driving_B_2020.02.27_17.30.15.csv,train/driving_B_2020.02.27_17.30.15.csv#block-002@time-473.000s,block-002,473.000,-231.5311,-231.53,-231.53,0.0000,0.3418,2.926004
1154,soldier,static_B_2020.02.27_18.39.27.csv,train/static_B_2020.02.27_18.39.27.csv#block-001@time-1692.000s,block-001,1692.000,42.4143,42.41,42.41,0.0000,0.3412,3.200409
1155,longdress,driving_B_2019.12.16_12.27.05.csv,train/driving_B_2019.12.16_12.27.05.csv#block-000@time-480.000s,block-000,480.000,-27.8003,-27.80,-27.80,0.0000,0.3406,3.277138
1156,loot,static_B_2019.12.16_13.40.04.csv,train/static_B_2019.12.16_13.40.04.csv#block-001@time-715.000s,block-001,715.000,55.4273,55.43,55.43,0.0000,0.3401,3.170437
1157,redandblack,driving_B_2020.02.14_09.38.22.csv,train/driving_B_2020.02.14_09.38.22.csv#block-000@time-540.000s,block-000,540.000,17.5863,17.59,17.59,0.0000,0.3395,3.128191
1158,soldier,driving_B_2020.01.16_12.10.03.csv,train/driving_B_2020.01.16_12.10.03.csv#block-000@time-0.000s,block-000,0.000,65.3946,65.39,65.39,1.5627,0.3389,2.838118
1159,longdress,static_B_2020.02.14_13.21.26.csv,train/static_B_2020.02.14_13.21.26.csv#block-000@time-660.000s,block-000,660.000,62.0398,62.04,62.04,1.1954,0.3383,2.991876
1160,loot,driving_B_2020.01.16_12.10.03.csv,train/driving_B_2020.01.16_12.10.03.csv#block-000@time-180.000s,block-000,180.000,77.6160,77.62,77.62,0.0281,0.3378,3.379816
1161,redandblack,static_B_2020.02.14_13.21.26.csv,train/static_B_2020.02.14_13.21.26.csv#block-000@time-900.000s,block-000,900.000,72.6596,72.66,72.66,0.4369,0.3372,3.102206
1162,soldier,static_B_2020.02.14_13.21.26.csv,train/static_B_2020.02.14_13.21.26.csv#block-000@time-300.000s,block-000,300.000,53.7013,53.70,53.70,0.0000,0.3366,2.953693
1163,longdress,static_B_2020.02.27_18.39.27.csv,train/static_B_2020.02.27_18.39.27.csv#block-001@time-3672.000s,block-001,3672.000,39.7832,39.78,39.78,0.0000,0.3361,3.260904
1164,loot,static_B_2020.02.14_13.21.26.csv,train/static_B_2020.02.14_13.21.26.csv#block-000@time-780.000s,block-000,780.000,83.4272,83.43,83.43,2.0068,0.3355,2.993115
1165,redandblack,static_B_2020.02.27_18.39.27.csv,train/static_B_2020.02.27_18.39.27.csv#block-001@time-4632.000s,block-001,4632.000,73.8154,73.82,73.82,1.0313,0.3349,3.504869
1166,soldier,driving_B_2019.12.17_07.32.39.csv,train/driving_B_2019.12.17_07.32.39.csv#block-000@time-660.000s,block-000,660.000,-17.5616,-17.56,-17.56,0.0000,0.3343,3.264493
1167,longdress,static_B_2020.02.14_13.21.26.csv,train/static_B_2020.02.14_13.21.26.csv#block-000@time-120.000s,block-000,120.000,78.6549,78.65,78.65,0.5309,0.3338,3.165209
1168,loot,driving_B_2020.01.16_12.10.03.csv,train/driving_B_2020.01.16_12.10.03.csv#block-000@time-240.000s,block-000,240.000,83.3798,83.38,83.38,1.6891,0.3332,3.121597
1169,redandblack,static_B_2019.12.16_13.40.04.csv,train/static_B_2019.12.16_13.40.04.csv#block-005@time-1886.000s,block-005,1886.000,62.5488,62.55,62.55,0.0000,0.3326,3.016827
1170,soldier,static_B_2019.12.16_13.40.04.csv,train/static_B_2019.12.16_13.40.04.csv#block-006@time-2172.000s,block-006,2172.000,78.3235,78.32,78.32,0.8594,0.3321,2.951079
1171,longdress,driving_B_2020.02.14_12.58.17.csv,train/driving_B_2020.02.14_12.58.17.csv#block-002@time-716.000s,block-002,716.000,10.8047,10.80,10.80,0.0000,0.3315,3.106952
1172,loot,driving_B_2020.02.27_17.30.15.csv,train/driving_B_2020.02.27_17.30.15.csv#block-002@time-293.000s,block-002,293.000,-203.8085,-203.81,-203.81,0.0000,0.3309,3.203002
1173,redandblack,driving_B_2020.01.16_09.56.56.csv,train/driving_B_2020.01.16_09.56.56.csv#block-000@time-0.000s,block-000,0.000,30.4344,30.43,30.43,0.0000,0.3303,3.052926
1174,soldier,driving_B_2020.02.27_17.30.15.csv,train/driving_B_2020.02.27_17.30.15.csv#block-002@time-353.000s,block-002,353.000,-131.2593,-131.26,-131.26,0.0000,0.3298,2.936227
1175,longdress,driving_B_2020.02.14_12.58.17.csv,train/driving_B_2020.02.14_12.58.17.csv#block-002@time-716.000s,block-002,716.000,7.8638,7.86,7.86,0.0000,0.3292,2.883021
1176,loot,static_B_2020.02.27_18.39.27.csv,train/static_B_2020.02.27_18.39.27.csv#block-001@time-3372.000s,block-001,3372.000,72.7672,72.77,72.77,0.0000,0.3286,2.925012
1177,redandblack,driving_B_2020.01.16_12.10.03.csv,train/driving_B_2020.01.16_12.10.03.csv#block-000@time-240.000s,block-000,240.000,85.6669,85.67,85.67,1.0153,0.3281,3.213622
1178,soldier,driving_B_2020.02.14_12.58.17.csv,train/driving_B_2020.02.14_12.58.17.csv#block-002@time-596.000s,block-002,596.000,-57.0307,-57.03,-57.03,0.0000,0.3275,3.409626
1179,longdress,driving_B_2020.02.13_13.03.24.csv,train/driving_B_2020.02.13_13.03.24.csv#block-001@time-1394.000s,block-001,1394.000,16.8062,16.81,16.81,0.0000,0.3269,2.947926
1180,loot,driving_B_2020.02.13_13.03.24.csv,train/driving_B_2020.02.13_13.03.24.csv#block-000@time-600.000s,block-000,600.000,5.2308,5.23,5.23,0.0000,0.3264,2.908703
1181,redandblack,driving_B_2019.12.17_07.32.39.csv,train/driving_B_2019.12.17_07.32.39.csv#block-003@time-2134.000s,block-003,2134.000,28.1547,28.15,28.15,0.0000,0.3258,3.158283
1182,soldier,driving_B_2020.01.16_09.56.56.csv,train/driving_B_2020.01.16_09.56.56.csv#block-001@time-879.000s,block-001,879.000,52.8738,52.87,52.87,0.0000,0.3252,3.451924
1183,longdress,static_B_2020.02.27_18.39.27.csv,train/static_B_2020.02.27_18.39.27.csv#block-001@time-2112.000s,block-001,2112.000,-0.1911,-0.19,-0.19,0.0000,0.3246,3.450491
1184,loot,driving_B_2020.01.16_07.26.43.csv,train/driving_B_2020.01.16_07.26.43.csv#block-000@time-1620.000s,block-000,1620.000,13.3821,13.38,13.38,0.0000,0.3241,2.954824
1185,redandblack,driving_B_2019.12.16_12.27.05.csv,train/driving_B_2019.12.16_12.27.05.csv#block-000@time-1200.000s,block-000,1200.000,32.8944,32.89,32.89,0.0000,0.3235,2.979015
1186,soldier,driving_B_2020.02.13_15.02.01.csv,train/driving_B_2020.02.13_15.02.01.csv#block-000@time-1320.000s,block-000,1320.000,20.5553,20.56,20.56,0.0000,0.3229,2.853149
1187,longdress,driving_B_2019.12.16_12.27.05.csv,train/driving_B_2019.12.16_12.27.05.csv#block-000@time-1020.000s,block-000,1020.000,75.7947,75.79,75.79,0.0000,0.3224,2.907905
1188,loot,driving_B_2020.02.14_12.58.17.csv,train/driving_B_2020.02.14_12.58.17.csv#block-000@time-0.000s,block-000,0.000,18.4692,18.47,18.47,0.0000,0.3218,3.044737
1189,redandblack,driving_B_2019.12.16_12.27.05.csv,train/driving_B_2019.12.16_12.27.05.csv#block-000@time-120.000s,block-000,120.000,44.6671,44.67,44.67,0.0000,0.3212,2.853360
1190,soldier,static_B_2019.12.16_13.40.04.csv,train/static_B_2019.12.16_13.40.04.csv#block-001@time-655.000s,block-001,655.000,45.3687,45.37,45.37,0.0000,0.3206,3.428448
1191,longdress,driving_B_2020.01.16_12.10.03.csv,train/driving_B_2020.01.16_12.10.03.csv#block-000@time-360.000s,block-000,360.000,51.4848,51.48,51.48,0.0000,0.3201,3.165517
1192,loot,driving_B_2020.01.16_07.26.43.csv,train/driving_B_2020.01.16_07.26.43.csv#block-000@time-960.000s,block-000,960.000,-36.4132,-36.41,-36.41,0.0000,0.3195,3.271535
1193,redandblack,driving_B_2020.01.16_09.56.56.csv,train/driving_B_2020.01.16_09.56.56.csv#block-000@time-120.000s,block-000,120.000,-40.6228,-40.62,-40.62,0.0000,0.3189,2.885103
1194,soldier,driving_B_2020.01.16_07.26.43.csv,train/driving_B_2020.01.16_07.26.43.csv#block-000@time-1320.000s,block-000,1320.000,-29.0950,-29.10,-29.10,0.0000,0.3184,3.192421
1195,longdress,static_B_2020.02.27_18.39.27.csv,train/static_B_2020.02.27_18.39.27.csv#block-001@time-5292.000s,block-001,5292.000,-150.6497,-150.65,-150.65,0.0000,0.3178,3.218585
1196,loot,driving_B_2020.02.14_09.38.22.csv,train/driving_B_2020.02.14_09.38.22.csv#block-000@time-420.000s,block-000,420.000,29.6628,29.66,29.66,0.0000,0.3172,3.398414
1197,redandblack,static_B_2020.02.27_18.39.27.csv,train/static_B_2020.02.27_18.39.27.csv#block-001@time-5892.000s,block-001,5892.000,65.5278,65.53,65.53,1.2565,0.3166,3.348145
1198,soldier,static_B_2019.12.16_13.40.04.csv,train/static_B_2019.12.16_13.40.04.csv#block-005@time-1646.000s,block-005,1646.000,68.6679,68.67,68.67,0.8694,0.3161,2.981343
1199,longdress,driving_B_2020.01.16_12.10.03.csv,train/driving_B_2020.01.16_12.10.03.csv#block-000@time-360.000s,block-000,360.000,66.9606,66.96,66.96,0.0000,0.3155,2.720338
1200,loot,driving_B_2020.02.27_17.30.15.csv,train/driving_B_2020.02.27_17.30.15.csv#block-002@time-353.000s,block-002,353.000,-68.7318,-68.73,-68.73,0.0000,0.3149,3.311010
1201,redandblack,static_B_2019.12.16_13.40.04.csv,train/static_B_2019.12.16_13.40.04.csv#block-000@time-60.000s,block-000,60.000,48.6187,48.62,48.62,0.0000,0.3144,3.238786
1202,soldier,driving_B_2020.02.13_13.03.24.csv,train/driving_B_2020.02.13_13.03.24.csv#block-001@time-1214.000s,block-001,1214.000,-122.5033,-122.50,-122.50,0.0000,0.3138,2.958902
1203,longdress,driving_B_2020.02.27_17.30.15.csv,train/driving_B_2020.02.27_17.30.15.csv#block-002@time-353.000s,block-002,353.000,-63.8869,-63.89,-63.89,0.0000,0.3132,3.154518
1204,loot,driving_B_2019.12.16_12.27.05.csv,train/driving_B_2019.12.16_12.27.05.csv#block-000@time-360.000s,block-000,360.000,0.6689,0.67,0.67,0.0000,0.3126,4.424217
1205,redandblack,static_B_2020.02.27_18.39.27.csv,train/static_B_2020.02.27_18.39.27.csv#block-001@time-1272.000s,block-001,1272.000,32.2188,32.22,32.22,0.0000,0.3121,4.187704
1206,soldier,static_B_2019.12.16_13.40.04.csv,train/static_B_2019.12.16_13.40.04.csv#block-000@time-360.000s,block-000,360.000,-17.4325,-17.43,-17.43,0.0000,0.3115,3.652999
1207,longdress,driving_B_2019.12.17_07.32.39.csv,train/driving_B_2019.12.17_07.32.39.csv#block-004@time-2477.000s,block-004,2477.000,56.0953,56.10,56.10,0.0000,0.3109,3.346263
1208,loot,static_B_2019.12.16_13.40.04.csv,train/static_B_2019.12.16_13.40.04.csv#block-000@time-0.000s,block-000,0.000,59.0918,59.09,59.09,0.0000,0.3104,3.091680
1209,redandblack,static_B_2019.12.16_13.40.04.csv,train/static_B_2019.12.16_13.40.04.csv#block-005@time-1706.000s,block-005,1706.000,67.9721,67.97,67.97,0.0000,0.3098,3.158342
1210,soldier,driving_B_2020.01.16_12.10.03.csv,train/driving_B_2020.01.16_12.10.03.csv#block-000@time-0.000s,block-000,0.000,74.8936,74.89,74.89,0.7619,0.3092,3.122332
1211,longdress,driving_B_2020.02.14_12.58.17.csv,train/driving_B_2020.02.14_12.58.17.csv#block-002@time-536.000s,block-002,536.000,-199.5234,-199.52,-199.52,0.0000,0.3087,3.854960
1212,loot,driving_B_2020.01.16_09.56.56.csv,train/driving_B_2020.01.16_09.56.56.csv#block-001@time-579.000s,block-001,579.000,58.4020,58.40,58.40,0.0000,0.3081,3.579150
1213,redandblack,driving_B_2020.02.14_12.58.17.csv,train/driving_B_2020.02.14_12.58.17.csv#block-002@time-596.000s,block-002,596.000,10.0221,10.02,10.02,0.0000,0.3075,3.169349
1214,soldier,driving_B_2020.02.13_15.02.01.csv,train/driving_B_2020.02.13_15.02.01.csv#block-000@time-1260.000s,block-000,1260.000,10.3792,10.38,10.38,0.0000,0.3069,3.493893
1215,longdress,static_B_2020.02.14_13.21.26.csv,train/static_B_2020.02.14_13.21.26.csv#block-000@time-120.000s,block-000,120.000,78.7451,78.75,78.75,0.7509,0.3064,3.746245
1216,loot,static_B_2020.02.27_18.39.27.csv,train/static_B_2020.02.27_18.39.27.csv#block-001@time-3132.000s,block-001,3132.000,72.7056,72.71,72.71,0.0000,0.3058,3.345495
1217,redandblack,driving_B_2020.01.16_09.56.56.csv,train/driving_B_2020.01.16_09.56.56.csv#block-001@time-639.000s,block-001,639.000,62.5359,62.54,62.54,0.0000,0.3052,3.241223
1218,soldier,driving_B_2020.02.13_13.03.24.csv,train/driving_B_2020.02.13_13.03.24.csv#block-001@time-1154.000s,block-001,1154.000,-62.5011,-62.50,-62.50,0.0000,0.3047,3.329848
1219,longdress,static_B_2019.12.16_13.40.04.csv,train/static_B_2019.12.16_13.40.04.csv#block-005@time-1766.000s,block-005,1766.000,58.2705,58.27,58.27,0.5620,0.3041,3.455887
1220,loot,driving_B_2020.01.16_09.56.56.csv,train/driving_B_2020.01.16_09.56.56.csv#block-001@time-1059.000s,block-001,1059.000,-14.2498,-14.25,-14.25,0.0000,0.3035,3.216412
1221,redandblack,driving_B_2020.02.27_17.30.15.csv,train/driving_B_2020.02.27_17.30.15.csv#block-002@time-413.000s,block-002,413.000,26.2316,26.23,26.23,0.0000,0.3029,3.876950
1222,soldier,driving_B_2020.02.13_15.02.01.csv,train/driving_B_2020.02.13_15.02.01.csv#block-000@time-2820.000s,block-000,2820.000,51.7864,51.79,51.79,0.0000,0.3024,3.633573
1223,longdress,driving_B_2020.01.16_12.10.03.csv,train/driving_B_2020.01.16_12.10.03.csv#block-000@time-180.000s,block-000,180.000,71.4698,71.47,71.47,0.3236,0.3018,3.469336
1224,loot,driving_B_2019.12.17_07.32.39.csv,train/driving_B_2019.12.17_07.32.39.csv#block-000@time-360.000s,block-000,360.000,40.2413,40.24,40.24,0.0000,0.3012,3.656136
1225,redandblack,driving_B_2020.02.13_13.03.24.csv,train/driving_B_2020.02.13_13.03.24.csv#block-001@time-1334.000s,block-001,1334.000,-35.1024,-35.10,-35.10,0.0000,0.3007,3.854041
1226,soldier,driving_B_2020.02.13_13.03.24.csv,train/driving_B_2020.02.13_13.03.24.csv#block-001@time-1694.000s,block-001,1694.000,-28.8554,-28.86,-28.86,0.0000,0.3001,3.283689
1227,longdress,driving_B_2020.01.16_07.26.43.csv,train/driving_B_2020.01.16_07.26.43.csv#block-000@time-780.000s,block-000,780.000,1.5185,1.52,1.52,0.0000,0.2995,3.593801
1228,loot,driving_B_2020.02.27_17.30.15.csv,train/driving_B_2020.02.27_17.30.15.csv#block-002@time-473.000s,block-002,473.000,-149.7765,-149.78,-149.78,0.0000,0.2989,3.615080
1229,redandblack,static_B_2020.02.14_13.21.26.csv,train/static_B_2020.02.14_13.21.26.csv#block-000@time-540.000s,block-000,540.000,75.4498,75.45,75.45,0.0000,0.2984,4.199428
1230,soldier,driving_B_2019.12.16_12.27.05.csv,train/driving_B_2019.12.16_12.27.05.csv#block-000@time-1080.000s,block-000,1080.000,82.8178,82.82,82.82,0.0000,0.2978,3.784728
1231,longdress,static_B_2019.12.16_13.40.04.csv,train/static_B_2019.12.16_13.40.04.csv#block-000@time-420.000s,block-000,420.000,49.7294,49.73,49.73,0.0000,0.2972,3.364632
1232,loot,static_B_2019.12.16_13.40.04.csv,train/static_B_2019.12.16_13.40.04.csv#block-005@time-1586.000s,block-005,1586.000,41.9417,41.94,41.94,0.0000,0.2967,3.389300
1233,redandblack,driving_B_2020.02.13_15.02.01.csv,train/driving_B_2020.02.13_15.02.01.csv#block-000@time-1620.000s,block-000,1620.000,0.0227,0.02,0.02,0.0000,0.2961,3.596665
1234,soldier,driving_B_2020.01.16_09.56.56.csv,train/driving_B_2020.01.16_09.56.56.csv#block-001@time-1479.000s,block-001,1479.000,55.4599,55.46,55.46,0.0000,0.2955,3.548874
1235,longdress,driving_B_2020.02.14_12.58.17.csv,train/driving_B_2020.02.14_12.58.17.csv#block-002@time-656.000s,block-002,656.000,25.4179,25.42,25.42,0.0000,0.2950,3.114479
1236,loot,driving_B_2019.12.16_12.27.05.csv,train/driving_B_2019.12.16_12.27.05.csv#block-000@time-1260.000s,block-000,1260.000,64.2677,64.27,64.27,2.4884,0.2944,3.215870
1237,redandblack,driving_B_2019.12.16_12.27.05.csv,train/driving_B_2019.12.16_12.27.05.csv#block-000@time-1260.000s,block-000,1260.000,71.3895,71.39,71.39,1.1176,0.2938,3.281230
1238,soldier,driving_B_2020.01.16_09.56.56.csv,train/driving_B_2020.01.16_09.56.56.csv#block-001@time-1119.000s,block-001,1119.000,86.3503,86.35,86.35,0.0000,0.2932,3.335067
1239,longdress,driving_B_2020.02.14_12.58.17.csv,train/driving_B_2020.02.14_12.58.17.csv#block-002@time-596.000s,block-002,596.000,-9.6944,-9.69,-9.69,0.0000,0.2927,3.146885
1240,loot,static_B_2020.02.14_13.21.26.csv,train/static_B_2020.02.14_13.21.26.csv#block-000@time-720.000s,block-000,720.000,71.6972,71.70,71.70,0.8637,0.2921,3.568385
1241,redandblack,driving_B_2019.12.17_07.32.39.csv,train/driving_B_2019.12.17_07.32.39.csv#block-000@time-60.000s,block-000,60.000,9.8301,9.83,9.83,0.0000,0.2915,3.323125
1242,soldier,driving_B_2020.02.13_15.02.01.csv,train/driving_B_2020.02.13_15.02.01.csv#block-000@time-1440.000s,block-000,1440.000,-52.5529,-52.55,-52.55,0.0000,0.2910,3.254170
1243,longdress,driving_B_2020.01.16_07.26.43.csv,train/driving_B_2020.01.16_07.26.43.csv#block-000@time-1740.000s,block-000,1740.000,-73.2406,-73.24,-73.24,0.0000,0.2904,3.386170
1244,loot,driving_B_2020.02.13_15.02.01.csv,train/driving_B_2020.02.13_15.02.01.csv#block-000@time-360.000s,block-000,360.000,64.6534,64.65,64.65,0.0000,0.2898,3.453295
1245,redandblack,driving_B_2020.02.13_15.02.01.csv,train/driving_B_2020.02.13_15.02.01.csv#block-000@time-1980.000s,block-000,1980.000,86.4336,86.43,86.43,0.0000,0.2892,3.768868
1246,soldier,driving_B_2020.01.16_09.56.56.csv,train/driving_B_2020.01.16_09.56.56.csv#block-000@time-180.000s,block-000,180.000,4.6655,4.67,4.67,0.0000,0.2887,3.165321
1247,longdress,driving_B_2020.02.13_15.02.01.csv,train/driving_B_2020.02.13_15.02.01.csv#block-000@time-2040.000s,block-000,2040.000,61.3966,61.40,61.40,0.0000,0.2881,3.523506
1248,loot,driving_B_2020.02.13_13.03.24.csv,train/driving_B_2020.02.13_13.03.24.csv#block-001@time-974.000s,block-001,974.000,-0.9978,-1.00,-1.00,0.0000,0.2875,3.200035
1249,soldier,static_B_2020.02.27_18.39.27.csv,train/static_B_2020.02.27_18.39.27.csv#block-001@time-5112.000s,block-001,5112.000,44.9310,44.93,44.93,0.0000,0.2870,3.214305
1250,longdress,driving_B_2020.02.13_15.02.01.csv,train/driving_B_2020.02.13_15.02.01.csv#block-000@time-2940.000s,block-000,2940.000,3.2946,3.29,3.29,0.0000,0.2864,3.538139
1251,loot,driving_B_2020.01.16_09.56.56.csv,train/driving_B_2020.01.16_09.56.56.csv#block-001@time-1119.000s,block-001,1119.000,81.6337,81.63,81.63,1.6935,0.2858,3.080652
1252,redandblack,static_B_2019.12.16_13.40.04.csv,train/static_B_2019.12.16_13.40.04.csv#block-001@time-655.000s,block-001,655.000,60.1804,60.18,60.18,0.0000,0.2852,3.054698
1253,soldier,driving_B_2020.02.14_12.58.17.csv,train/driving_B_2020.02.14_12.58.17.csv#block-002@time-596.000s,block-002,596.000,-7.0972,-7.10,-7.10,0.0000,0.2847,4.066316
1254,longdress,driving_B_2020.02.14_09.38.22.csv,train/driving_B_2020.02.14_09.38.22.csv#block-000@time-600.000s,block-000,600.000,54.5751,54.58,54.58,0.0000,0.2841,3.279848
1255,loot,driving_B_2019.12.16_12.27.05.csv,train/driving_B_2019.12.16_12.27.05.csv#block-000@time-600.000s,block-000,600.000,-12.9339,-12.93,-12.93,0.0000,0.2835,3.196135
1256,redandblack,driving_B_2020.01.16_12.10.03.csv,train/driving_B_2020.01.16_12.10.03.csv#block-000@time-360.000s,block-000,360.000,75.3626,75.36,75.36,1.0187,0.2830,3.515795
1257,soldier,driving_B_2020.02.13_13.03.24.csv,train/driving_B_2020.02.13_13.03.24.csv#block-000@time-660.000s,block-000,660.000,1.5766,1.58,1.58,0.0000,0.2824,3.487137
1258,longdress,driving_B_2020.01.16_12.10.03.csv,train/driving_B_2020.01.16_12.10.03.csv#block-000@time-300.000s,block-000,300.000,35.8076,35.81,35.81,0.0000,0.2818,3.379384
1259,loot,driving_B_2019.12.17_07.32.39.csv,train/driving_B_2019.12.17_07.32.39.csv#block-003@time-1654.000s,block-003,1654.000,21.0317,21.03,21.03,0.0000,0.2812,3.458943
1260,redandblack,driving_B_2020.02.14_09.38.22.csv,train/driving_B_2020.02.14_09.38.22.csv#block-000@time-0.000s,block-000,0.000,18.5206,18.52,18.52,0.0000,0.2807,3.306643
1261,soldier,static_B_2020.02.14_13.21.26.csv,train/static_B_2020.02.14_13.21.26.csv#block-000@time-120.000s,block-000,120.000,63.1925,63.19,63.19,0.8266,0.2801,3.286336
1262,longdress,driving_B_2020.02.13_13.03.24.csv,train/driving_B_2020.02.13_13.03.24.csv#block-001@time-1694.000s,block-001,1694.000,-86.9857,-86.99,-86.99,0.0000,0.2795,3.214583
1263,loot,driving_B_2020.01.16_12.10.03.csv,train/driving_B_2020.01.16_12.10.03.csv#block-000@time-0.000s,block-000,0.000,76.8679,76.87,76.87,2.2067,0.2790,3.449213
1264,redandblack,static_B_2020.02.27_18.39.27.csv,train/static_B_2020.02.27_18.39.27.csv#block-001@time-6252.000s,block-001,6252.000,83.2166,83.22,83.22,0.0000,0.2784,3.207877
1265,soldier,driving_B_2020.01.16_09.56.56.csv,train/driving_B_2020.01.16_09.56.56.csv#block-001@time-1359.000s,block-001,1359.000,12.8782,12.88,12.88,0.0000,0.2778,3.495851
1266,longdress,driving_B_2020.02.27_17.30.15.csv,train/driving_B_2020.02.27_17.30.15.csv#block-002@time-353.000s,block-002,353.000,0.3552,0.36,0.36,0.0000,0.2773,3.426240
1267,loot,driving_B_2020.02.14_12.58.17.csv,train/driving_B_2020.02.14_12.58.17.csv#block-002@time-596.000s,block-002,596.000,-10.4292,-10.43,-10.43,0.0000,0.2767,3.262456
1268,redandblack,static_B_2020.02.27_18.39.27.csv,train/static_B_2020.02.27_18.39.27.csv#block-001@time-5232.000s,block-001,5232.000,55.0317,55.03,55.03,0.0000,0.2761,3.365639
1269,soldier,driving_B_2020.01.16_12.10.03.csv,train/driving_B_2020.01.16_12.10.03.csv#block-000@time-120.000s,block-000,120.000,78.3175,78.32,78.32,0.2036,0.2755,3.379647
1270,longdress,driving_B_2020.02.13_13.03.24.csv,train/driving_B_2020.02.13_13.03.24.csv#block-001@time-1394.000s,block-001,1394.000,3.8905,3.89,3.89,0.0000,0.2750,3.422911
1271,loot,driving_B_2020.02.27_17.30.15.csv,train/driving_B_2020.02.27_17.30.15.csv#block-002@time-473.000s,block-002,473.000,-311.4667,-311.47,-311.47,0.0000,0.2744,3.669309
1272,redandblack,driving_B_2020.02.14_09.38.22.csv,train/driving_B_2020.02.14_09.38.22.csv#block-000@time-300.000s,block-000,300.000,-28.9993,-29.00,-29.00,0.0000,0.2738,3.541698
1273,soldier,driving_B_2020.01.16_07.26.43.csv,train/driving_B_2020.01.16_07.26.43.csv#block-000@time-660.000s,block-000,660.000,20.0740,20.07,20.07,0.0000,0.2733,3.154658
1274,longdress,driving_B_2019.12.17_07.32.39.csv,train/driving_B_2019.12.17_07.32.39.csv#block-000@time-1140.000s,block-000,1140.000,6.3407,6.34,6.34,0.0000,0.2727,3.435357
1275,loot,driving_B_2019.12.16_12.27.05.csv,train/driving_B_2019.12.16_12.27.05.csv#block-000@time-180.000s,block-000,180.000,25.7800,25.78,25.78,0.0000,0.2721,3.370578
1276,redandblack,driving_B_2020.02.13_13.03.24.csv,train/driving_B_2020.02.13_13.03.24.csv#block-000@time-540.000s,block-000,540.000,9.0696,9.07,9.07,0.0000,0.2715,3.019688
1277,soldier,driving_B_2020.02.13_15.02.01.csv,train/driving_B_2020.02.13_15.02.01.csv#block-000@time-660.000s,block-000,660.000,15.8424,15.84,15.84,0.0000,0.2710,3.056958
1278,longdress,driving_B_2020.02.13_15.02.01.csv,train/driving_B_2020.02.13_15.02.01.csv#block-000@time-1140.000s,block-000,1140.000,72.4699,72.47,72.47,0.0000,0.2704,3.460941
1279,loot,driving_B_2020.02.13_13.03.24.csv,train/driving_B_2020.02.13_13.03.24.csv#block-000@time-60.000s,block-000,60.000,-10.3713,-10.37,-10.37,0.0000,0.2698,3.316070
1280,redandblack,driving_B_2020.01.16_09.56.56.csv,train/driving_B_2020.01.16_09.56.56.csv#block-001@time-1659.000s,block-001,1659.000,71.3640,71.36,71.36,1.3038,0.2693,3.708619
1281,soldier,driving_B_2019.12.16_12.27.05.csv,train/driving_B_2019.12.16_12.27.05.csv#block-000@time-480.000s,block-000,480.000,-29.4065,-29.41,-29.41,0.0000,0.2687,3.578916
1282,longdress,driving_B_2020.02.14_12.58.17.csv,train/driving_B_2020.02.14_12.58.17.csv#block-002@time-536.000s,block-002,536.000,-228.3305,-228.33,-228.33,0.0000,0.2681,3.451809
1283,loot,static_B_2019.12.16_13.40.04.csv,train/static_B_2019.12.16_13.40.04.csv#block-001@time-715.000s,block-001,715.000,51.9427,51.94,51.94,0.0000,0.2675,3.432387
1284,redandblack,static_B_2020.02.14_13.21.26.csv,train/static_B_2020.02.14_13.21.26.csv#block-000@time-60.000s,block-000,60.000,73.9994,74.00,74.00,1.6456,0.2670,3.153777
1285,soldier,driving_B_2020.01.16_12.10.03.csv,train/driving_B_2020.01.16_12.10.03.csv#block-000@time-300.000s,block-000,300.000,28.1888,28.19,28.19,0.0000,0.2664,3.286188
1286,longdress,driving_B_2020.02.13_15.02.01.csv,train/driving_B_2020.02.13_15.02.01.csv#block-000@time-1980.000s,block-000,1980.000,70.7736,70.77,70.77,0.0000,0.2658,4.155626
1287,loot,static_B_2020.02.14_13.21.26.csv,train/static_B_2020.02.14_13.21.26.csv#block-000@time-0.000s,block-000,0.000,40.7725,40.77,40.77,0.0000,0.2653,3.424720
1288,redandblack,static_B_2020.02.14_13.21.26.csv,train/static_B_2020.02.14_13.21.26.csv#block-000@time-720.000s,block-000,720.000,65.9225,65.92,65.92,1.2252,0.2647,3.421941
1289,soldier,driving_B_2019.12.17_07.32.39.csv,train/driving_B_2019.12.17_07.32.39.csv#block-003@time-1714.000s,block-003,1714.000,25.8184,25.82,25.82,0.0000,0.2641,3.256464
1290,longdress,driving_B_2020.01.16_09.56.56.csv,train/driving_B_2020.01.16_09.56.56.csv#block-001@time-1479.000s,block-001,1479.000,45.7243,45.72,45.72,0.0000,0.2636,3.194753
1291,loot,static_B_2019.12.16_13.40.04.csv,train/static_B_2019.12.16_13.40.04.csv#block-005@time-1946.000s,block-005,1946.000,86.2918,86.29,86.29,0.0000,0.2630,3.953642
1292,redandblack,driving_B_2020.02.27_17.30.15.csv,train/driving_B_2020.02.27_17.30.15.csv#block-002@time-533.000s,block-002,533.000,-24.9641,-24.96,-24.96,0.0000,0.2624,3.626280
1293,soldier,static_B_2019.12.16_13.40.04.csv,train/static_B_2019.12.16_13.40.04.csv#block-001@time-1075.000s,block-001,1075.000,40.1774,40.18,40.18,0.0000,0.2618,3.460287
1294,longdress,driving_B_2020.02.14_12.58.17.csv,train/driving_B_2020.02.14_12.58.17.csv#block-002@time-596.000s,block-002,596.000,-14.1450,-14.14,-14.14,0.0000,0.2613,3.401350
1295,loot,driving_B_2020.01.16_07.26.43.csv,train/driving_B_2020.01.16_07.26.43.csv#block-000@time-720.000s,block-000,720.000,-5.5750,-5.58,-5.58,0.0000,0.2607,3.224873
1296,redandblack,static_B_2019.12.16_13.40.04.csv,train/static_B_2019.12.16_13.40.04.csv#block-005@time-1526.000s,block-005,1526.000,61.0028,61.00,61.00,0.0000,0.2601,3.734283
1297,soldier,driving_B_2020.02.13_15.02.01.csv,train/driving_B_2020.02.13_15.02.01.csv#block-000@time-1800.000s,block-000,1800.000,-181.2041,-181.20,-181.20,0.0000,0.2596,3.347019
1298,longdress,driving_B_2019.12.17_07.32.39.csv,train/driving_B_2019.12.17_07.32.39.csv#block-000@time-0.000s,block-000,0.000,-12.4941,-12.49,-12.49,0.0000,0.2590,3.376658
1299,loot,driving_B_2020.01.16_07.26.43.csv,train/driving_B_2020.01.16_07.26.43.csv#block-000@time-1860.000s,block-000,1860.000,11.4358,11.44,11.44,0.0000,0.2584,3.221437
1300,redandblack,driving_B_2020.02.13_13.03.24.csv,train/driving_B_2020.02.13_13.03.24.csv#block-001@time-1634.000s,block-001,1634.000,21.7173,21.72,21.72,0.0000,0.2578,3.495736
1301,soldier,static_B_2019.12.16_13.40.04.csv,train/static_B_2019.12.16_13.40.04.csv#block-000@time-120.000s,block-000,120.000,69.8290,69.83,69.83,0.0000,0.2573,3.096201
1302,longdress,driving_B_2020.01.16_07.26.43.csv,train/driving_B_2020.01.16_07.26.43.csv#block-000@time-840.000s,block-000,840.000,47.9941,47.99,47.99,0.0000,0.2567,3.113073
1303,loot,driving_B_2019.12.16_12.27.05.csv,train/driving_B_2019.12.16_12.27.05.csv#block-000@time-300.000s,block-000,300.000,24.1911,24.19,24.19,0.0000,0.2561,3.224929
1304,redandblack,static_B_2020.02.27_18.39.27.csv,train/static_B_2020.02.27_18.39.27.csv#block-001@time-2892.000s,block-001,2892.000,78.9548,78.95,78.95,1.5285,0.2556,3.171039
1305,soldier,static_B_2020.02.27_18.39.27.csv,train/static_B_2020.02.27_18.39.27.csv#block-001@time-372.000s,block-001,372.000,74.2680,74.27,74.27,0.0000,0.2550,3.567606
1306,longdress,driving_B_2020.02.13_15.02.01.csv,train/driving_B_2020.02.13_15.02.01.csv#block-000@time-1860.000s,block-000,1860.000,-45.7482,-45.75,-45.75,0.0000,0.2544,3.677455
1307,loot,driving_B_2020.01.16_09.56.56.csv,train/driving_B_2020.01.16_09.56.56.csv#block-001@time-819.000s,block-001,819.000,48.3355,48.34,48.34,0.0000,0.2538,3.227414
1308,redandblack,static_B_2020.02.14_13.21.26.csv,train/static_B_2020.02.14_13.21.26.csv#block-000@time-480.000s,block-000,480.000,74.0612,74.06,74.06,1.1681,0.2533,3.596261
1309,soldier,driving_B_2020.02.13_15.02.01.csv,train/driving_B_2020.02.13_15.02.01.csv#block-000@time-600.000s,block-000,600.000,31.3684,31.37,31.37,0.0000,0.2527,3.922082
1310,longdress,driving_B_2020.01.16_07.26.43.csv,train/driving_B_2020.01.16_07.26.43.csv#block-000@time-480.000s,block-000,480.000,-122.8312,-122.83,-122.83,0.0000,0.2521,3.084538
1311,loot,driving_B_2020.02.14_12.58.17.csv,train/driving_B_2020.02.14_12.58.17.csv#block-002@time-656.000s,block-002,656.000,49.7100,49.71,49.71,0.0000,0.2516,3.396343
1312,redandblack,driving_B_2019.12.17_07.32.39.csv,train/driving_B_2019.12.17_07.32.39.csv#block-000@time-780.000s,block-000,780.000,29.4425,29.44,29.44,0.0000,0.2510,3.545987
1313,soldier,static_B_2020.02.14_13.21.26.csv,train/static_B_2020.02.14_13.21.26.csv#block-000@time-1080.000s,block-000,1080.000,73.3669,73.37,73.37,0.0000,0.2504,3.781293
1314,longdress,driving_B_2020.02.13_15.02.01.csv,train/driving_B_2020.02.13_15.02.01.csv#block-000@time-3000.000s,block-000,3000.000,-2.1089,-2.11,-2.11,0.0000,0.2498,3.972673
1315,loot,driving_B_2020.02.27_17.30.15.csv,train/driving_B_2020.02.27_17.30.15.csv#block-002@time-293.000s,block-002,293.000,-217.4690,-217.47,-217.47,0.0000,0.2493,3.576976
1316,redandblack,driving_B_2020.02.27_17.30.15.csv,train/driving_B_2020.02.27_17.30.15.csv#block-002@time-473.000s,block-002,473.000,-196.1537,-196.15,-196.15,0.0000,0.2487,3.368055
1317,soldier,static_B_2020.02.27_18.39.27.csv,train/static_B_2020.02.27_18.39.27.csv#block-001@time-4392.000s,block-001,4392.000,-11.0167,-11.02,-11.02,0.0000,0.2481,3.364910
1318,longdress,static_B_2020.02.27_18.39.27.csv,train/static_B_2020.02.27_18.39.27.csv#block-001@time-72.000s,block-001,72.000,68.5754,68.58,68.58,0.0000,0.2476,3.241538
1319,loot,driving_B_2020.02.14_12.58.17.csv,train/driving_B_2020.02.14_12.58.17.csv#block-000@time-0.000s,block-000,0.000,22.2834,22.28,22.28,0.0000,0.2470,3.426335
1320,redandblack,static_B_2020.02.27_18.39.27.csv,train/static_B_2020.02.27_18.39.27.csv#block-001@time-3192.000s,block-001,3192.000,70.5163,70.52,70.52,0.9424,0.2464,3.190652
1321,soldier,driving_B_2019.12.17_07.32.39.csv,train/driving_B_2019.12.17_07.32.39.csv#block-004@time-2237.000s,block-004,2237.000,-32.2280,-32.23,-32.23,0.0000,0.2459,3.501210
1322,longdress,driving_B_2020.02.27_17.30.15.csv,train/driving_B_2020.02.27_17.30.15.csv#block-002@time-413.000s,block-002,413.000,10.6572,10.66,10.66,0.0000,0.2453,3.447994
1323,loot,static_B_2020.02.14_13.21.26.csv,train/static_B_2020.02.14_13.21.26.csv#block-000@time-120.000s,block-000,120.000,75.2939,75.29,75.29,1.9751,0.2447,3.333635
1324,redandblack,driving_B_2020.01.16_12.10.03.csv,train/driving_B_2020.01.16_12.10.03.csv#block-000@time-0.000s,block-000,0.000,74.6616,74.66,74.66,1.7784,0.2441,3.266376
1325,soldier,driving_B_2020.01.16_12.10.03.csv,train/driving_B_2020.01.16_12.10.03.csv#block-000@time-60.000s,block-000,60.000,60.7477,60.75,60.75,0.0000,0.2436,3.648869
1326,longdress,static_B_2020.02.27_18.39.27.csv,train/static_B_2020.02.27_18.39.27.csv#block-001@time-5412.000s,block-001,5412.000,50.7879,50.79,50.79,0.0000,0.2430,3.526398
1327,loot,static_B_2020.02.27_18.39.27.csv,train/static_B_2020.02.27_18.39.27.csv#block-001@time-192.000s,block-001,192.000,72.5959,72.60,72.60,1.7735,0.2424,3.359312
1328,redandblack,driving_B_2019.12.17_07.32.39.csv,train/driving_B_2019.12.17_07.32.39.csv#block-000@time-540.000s,block-000,540.000,27.4568,27.46,27.46,0.0000,0.2419,3.047566
1329,soldier,driving_B_2020.01.16_09.56.56.csv,train/driving_B_2020.01.16_09.56.56.csv#block-001@time-879.000s,block-001,879.000,58.5755,58.58,58.58,0.0000,0.2413,2.869602
1330,longdress,driving_B_2020.01.16_09.56.56.csv,train/driving_B_2020.01.16_09.56.56.csv#block-001@time-1719.000s,block-001,1719.000,37.4676,37.47,37.47,0.0000,0.2407,3.356563
1331,loot,driving_B_2020.02.13_15.02.01.csv,train/driving_B_2020.02.13_15.02.01.csv#block-000@time-300.000s,block-000,300.000,74.3415,74.34,74.34,2.2207,0.2401,3.303141
1332,redandblack,static_B_2019.12.16_13.40.04.csv,train/static_B_2019.12.16_13.40.04.csv#block-001@time-895.000s,block-001,895.000,54.5588,54.56,54.56,0.0000,0.2396,3.783212
1333,soldier,driving_B_2020.01.16_07.26.43.csv,train/driving_B_2020.01.16_07.26.43.csv#block-000@time-900.000s,block-000,900.000,19.1884,19.19,19.19,0.0000,0.2390,3.226147
1334,longdress,driving_B_2020.02.27_17.30.15.csv,train/driving_B_2020.02.27_17.30.15.csv#block-002@time-293.000s,block-002,293.000,-335.8861,-335.89,-335.89,0.0000,0.2384,3.612443
1335,loot,driving_B_2020.01.16_09.56.56.csv,train/driving_B_2020.01.16_09.56.56.csv#block-001@time-759.000s,block-001,759.000,27.6925,27.69,27.69,0.0000,0.2379,3.472470
1336,redandblack,static_B_2019.12.16_13.40.04.csv,train/static_B_2019.12.16_13.40.04.csv#block-001@time-775.000s,block-001,775.000,73.6780,73.68,73.68,2.3500,0.2373,3.363099
1337,soldier,driving_B_2020.02.27_17.30.15.csv,train/driving_B_2020.02.27_17.30.15.csv#block-002@time-533.000s,block-002,533.000,-130.5142,-130.51,-130.51,0.0000,0.2367,2.989666
1338,longdress,driving_B_2020.02.14_12.58.17.csv,train/driving_B_2020.02.14_12.58.17.csv#block-002@time-656.000s,block-002,656.000,45.1688,45.17,45.17,0.0000,0.2361,3.176469
1339,loot,driving_B_2020.02.14_12.58.17.csv,train/driving_B_2020.02.14_12.58.17.csv#block-002@time-716.000s,block-002,716.000,27.3667,27.37,27.37,0.0000,0.2356,2.930756
1340,redandblack,driving_B_2020.02.14_09.38.22.csv,train/driving_B_2020.02.14_09.38.22.csv#block-000@time-1140.000s,block-000,1140.000,-15.8868,-15.89,-15.89,0.0000,0.2350,3.509239
1341,soldier,driving_B_2019.12.17_07.32.39.csv,train/driving_B_2019.12.17_07.32.39.csv#block-004@time-2537.000s,block-004,2537.000,68.0623,68.06,68.06,0.2241,0.2344,2.983147
1342,longdress,driving_B_2019.12.17_07.32.39.csv,train/driving_B_2019.12.17_07.32.39.csv#block-000@time-1080.000s,block-000,1080.000,34.7295,34.73,34.73,0.0000,0.2339,3.730762
1343,loot,driving_B_2019.12.16_12.27.05.csv,train/driving_B_2019.12.16_12.27.05.csv#block-000@time-120.000s,block-000,120.000,47.4831,47.48,47.48,0.0000,0.2333,3.267939
1344,redandblack,driving_B_2020.02.14_12.58.17.csv,train/driving_B_2020.02.14_12.58.17.csv#block-002@time-536.000s,block-002,536.000,-134.0374,-134.04,-134.04,0.0000,0.2327,2.973939
1345,soldier,driving_B_2020.02.14_09.38.22.csv,train/driving_B_2020.02.14_09.38.22.csv#block-000@time-1020.000s,block-000,1020.000,70.4152,70.42,70.42,0.0712,0.2321,3.047007
1346,longdress,driving_B_2020.01.16_07.26.43.csv,train/driving_B_2020.01.16_07.26.43.csv#block-000@time-1680.000s,block-000,1680.000,19.8986,19.90,19.90,0.0000,0.2316,3.358661
1347,loot,static_B_2020.02.27_18.39.27.csv,train/static_B_2020.02.27_18.39.27.csv#block-001@time-1152.000s,block-001,1152.000,87.2931,87.29,87.29,0.0000,0.2310,3.472584
1348,redandblack,static_B_2020.02.14_13.21.26.csv,train/static_B_2020.02.14_13.21.26.csv#block-000@time-720.000s,block-000,720.000,74.6729,74.67,74.67,0.1242,0.2304,3.143080
1349,soldier,static_B_2020.02.14_13.21.26.csv,train/static_B_2020.02.14_13.21.26.csv#block-000@time-240.000s,block-000,240.000,59.2348,59.23,59.23,1.5962,0.2299,3.648446
1350,longdress,driving_B_2019.12.17_07.32.39.csv,train/driving_B_2019.12.17_07.32.39.csv#block-000@time-960.000s,block-000,960.000,-22.7431,-22.74,-22.74,0.0000,0.2293,3.499107
1351,loot,driving_B_2020.01.16_09.56.56.csv,train/driving_B_2020.01.16_09.56.56.csv#block-001@time-1299.000s,block-001,1299.000,67.6747,67.67,67.67,0.0000,0.2287,3.154909
1352,redandblack,driving_B_2020.02.27_17.30.15.csv,train/driving_B_2020.02.27_17.30.15.csv#block-002@time-413.000s,block-002,413.000,5.9048,5.90,5.90,0.0000,0.2282,3.255499
1353,soldier,driving_B_2020.02.14_09.38.22.csv,train/driving_B_2020.02.14_09.38.22.csv#block-000@time-60.000s,block-000,60.000,-4.2066,-4.21,-4.21,0.0000,0.2276,3.447453
1354,longdress,driving_B_2020.02.13_13.03.24.csv,train/driving_B_2020.02.13_13.03.24.csv#block-001@time-1094.000s,block-001,1094.000,-41.3224,-41.32,-41.32,0.0000,0.2270,3.753027
1355,loot,driving_B_2020.02.13_15.02.01.csv,train/driving_B_2020.02.13_15.02.01.csv#block-000@time-2820.000s,block-000,2820.000,73.6489,73.65,73.65,0.0000,0.2264,3.491570
1356,redandblack,driving_B_2020.01.16_09.56.56.csv,train/driving_B_2020.01.16_09.56.56.csv#block-001@time-1719.000s,block-001,1719.000,67.6950,67.70,67.70,0.0000,0.2259,3.511873
1357,soldier,static_B_2020.02.27_18.39.27.csv,train/static_B_2020.02.27_18.39.27.csv#block-001@time-4692.000s,block-001,4692.000,78.4683,78.47,78.47,0.0000,0.2253,2.914263
1358,longdress,driving_B_2020.01.16_09.56.56.csv,train/driving_B_2020.01.16_09.56.56.csv#block-000@time-360.000s,block-000,360.000,27.2147,27.21,27.21,0.0000,0.2247,2.893700
1359,loot,driving_B_2020.01.16_12.10.03.csv,train/driving_B_2020.01.16_12.10.03.csv#block-000@time-240.000s,block-000,240.000,77.0253,77.03,77.03,1.0251,0.2242,3.339121
1360,redandblack,driving_B_2019.12.16_12.27.05.csv,train/driving_B_2019.12.16_12.27.05.csv#block-000@time-240.000s,block-000,240.000,22.5636,22.56,22.56,0.0000,0.2236,3.143350
1361,soldier,driving_B_2020.02.27_17.30.15.csv,train/driving_B_2020.02.27_17.30.15.csv#block-002@time-353.000s,block-002,353.000,-99.6015,-99.60,-99.60,0.0000,0.2230,3.542707
1362,longdress,driving_B_2020.02.14_09.38.22.csv,train/driving_B_2020.02.14_09.38.22.csv#block-000@time-1140.000s,block-000,1140.000,-28.7701,-28.77,-28.77,0.0000,0.2224,3.383403
1363,loot,driving_B_2019.12.16_12.27.05.csv,train/driving_B_2019.12.16_12.27.05.csv#block-000@time-0.000s,block-000,0.000,48.5603,48.56,48.56,0.0000,0.2219,3.215400
1364,redandblack,driving_B_2019.12.16_12.27.05.csv,train/driving_B_2019.12.16_12.27.05.csv#block-000@time-540.000s,block-000,540.000,-71.0191,-71.02,-71.02,0.0000,0.2213,3.688984
1365,soldier,driving_B_2020.02.14_12.58.17.csv,train/driving_B_2020.02.14_12.58.17.csv#block-002@time-716.000s,block-002,716.000,12.3976,12.40,12.40,0.0000,0.2207,3.474267
1366,longdress,driving_B_2020.01.16_12.10.03.csv,train/driving_B_2020.01.16_12.10.03.csv#block-000@time-180.000s,block-000,180.000,70.1181,70.12,70.12,0.0000,0.2202,2.976342
1367,loot,driving_B_2020.01.16_12.10.03.csv,train/driving_B_2020.01.16_12.10.03.csv#block-000@time-240.000s,block-000,240.000,80.1678,80.17,80.17,1.8622,0.2196,3.507629
1368,redandblack,driving_B_2020.01.16_09.56.56.csv,train/driving_B_2020.01.16_09.56.56.csv#block-001@time-1239.000s,block-001,1239.000,57.2584,57.26,57.26,0.0000,0.2190,3.120293
1369,soldier,driving_B_2020.02.27_17.30.15.csv,train/driving_B_2020.02.27_17.30.15.csv#block-002@time-533.000s,block-002,533.000,-126.8028,-126.80,-126.80,0.0000,0.2184,2.958541
1370,longdress,driving_B_2020.02.13_13.03.24.csv,train/driving_B_2020.02.13_13.03.24.csv#block-001@time-1754.000s,block-001,1754.000,25.4437,25.44,25.44,0.0000,0.2179,3.731541
1371,loot,static_B_2020.02.27_18.39.27.csv,train/static_B_2020.02.27_18.39.27.csv#block-001@time-5712.000s,block-001,5712.000,74.7233,74.72,74.72,0.0000,0.2173,3.354430
1372,redandblack,driving_B_2020.02.14_09.38.22.csv,train/driving_B_2020.02.14_09.38.22.csv#block-000@time-1260.000s,block-000,1260.000,29.2383,29.24,29.24,0.0000,0.2167,3.345540
1373,soldier,static_B_2020.02.27_18.39.27.csv,train/static_B_2020.02.27_18.39.27.csv#block-001@time-6192.000s,block-001,6192.000,25.4571,25.46,25.46,0.0000,0.2162,3.285624
1374,longdress,driving_B_2020.02.14_09.38.22.csv,train/driving_B_2020.02.14_09.38.22.csv#block-000@time-540.000s,block-000,540.000,9.4873,9.49,9.49,0.0000,0.2156,3.293524
1375,loot,driving_B_2020.02.13_15.02.01.csv,train/driving_B_2020.02.13_15.02.01.csv#block-000@time-540.000s,block-000,540.000,15.1832,15.18,15.18,0.0000,0.2150,3.348568
1376,redandblack,driving_B_2020.02.13_13.03.24.csv,train/driving_B_2020.02.13_13.03.24.csv#block-007@time-2290.000s,block-007,2290.000,-186.6319,-186.63,-186.63,0.0000,0.2145,3.005711
1377,soldier,static_B_2019.12.16_13.40.04.csv,train/static_B_2019.12.16_13.40.04.csv#block-005@time-1406.000s,block-005,1406.000,42.5940,42.59,42.59,0.0000,0.2139,3.006241
1378,longdress,driving_B_2020.02.14_12.58.17.csv,train/driving_B_2020.02.14_12.58.17.csv#block-002@time-656.000s,block-002,656.000,35.3737,35.37,35.37,0.0000,0.2133,3.170838
1379,loot,driving_B_2019.12.16_12.27.05.csv,train/driving_B_2019.12.16_12.27.05.csv#block-000@time-1260.000s,block-000,1260.000,87.3121,87.31,87.31,1.1483,0.2127,3.202389
1380,redandblack,driving_B_2020.01.16_12.10.03.csv,train/driving_B_2020.01.16_12.10.03.csv#block-000@time-180.000s,block-000,180.000,78.6408,78.64,78.64,0.0000,0.2122,3.586952
1381,soldier,driving_B_2019.12.17_07.32.39.csv,train/driving_B_2019.12.17_07.32.39.csv#block-004@time-2477.000s,block-004,2477.000,56.1079,56.11,56.11,0.0000,0.2116,3.209797
1382,longdress,driving_B_2020.01.16_12.10.03.csv,train/driving_B_2020.01.16_12.10.03.csv#block-000@time-0.000s,block-000,0.000,76.4531,76.45,76.45,0.3670,0.2110,3.160881
1383,loot,driving_B_2020.02.27_17.30.15.csv,train/driving_B_2020.02.27_17.30.15.csv#block-002@time-473.000s,block-002,473.000,-234.2005,-234.20,-234.20,0.0000,0.2105,3.960825
1384,redandblack,driving_B_2020.01.16_12.10.03.csv,train/driving_B_2020.01.16_12.10.03.csv#block-000@time-60.000s,block-000,60.000,58.1798,58.18,58.18,0.0000,0.2099,3.026953
1385,soldier,driving_B_2020.02.27_17.30.15.csv,train/driving_B_2020.02.27_17.30.15.csv#block-002@time-413.000s,block-002,413.000,-120.7017,-120.70,-120.70,0.0000,0.2093,3.515590
1386,longdress,static_B_2020.02.14_13.21.26.csv,train/static_B_2020.02.14_13.21.26.csv#block-000@time-240.000s,block-000,240.000,81.1796,81.18,81.18,0.7894,0.2087,3.128036
1387,loot,driving_B_2019.12.17_07.32.39.csv,train/driving_B_2019.12.17_07.32.39.csv#block-000@time-1380.000s,block-000,1380.000,55.9021,55.90,55.90,0.0000,0.2082,3.305721
1388,redandblack,static_B_2020.02.27_18.39.27.csv,train/static_B_2020.02.27_18.39.27.csv#block-001@time-612.000s,block-001,612.000,43.0245,43.02,43.02,0.0000,0.2076,3.040951
1389,soldier,driving_B_2020.02.27_17.30.15.csv,train/driving_B_2020.02.27_17.30.15.csv#block-002@time-413.000s,block-002,413.000,29.2430,29.24,29.24,0.0000,0.2070,3.010793
1390,longdress,driving_B_2020.01.16_07.26.43.csv,train/driving_B_2020.01.16_07.26.43.csv#block-000@time-1080.000s,block-000,1080.000,30.6404,30.64,30.64,0.0000,0.2065,3.386030
1391,loot,driving_B_2019.12.16_12.27.05.csv,train/driving_B_2019.12.16_12.27.05.csv#block-000@time-300.000s,block-000,300.000,15.7050,15.71,15.71,0.0000,0.2059,3.411823
1392,redandblack,driving_B_2020.02.14_12.58.17.csv,train/driving_B_2020.02.14_12.58.17.csv#block-002@time-536.000s,block-002,536.000,-141.0031,-141.00,-141.00,0.0000,0.2053,2.982967
1393,soldier,driving_B_2020.01.16_12.10.03.csv,train/driving_B_2020.01.16_12.10.03.csv#block-000@time-60.000s,block-000,60.000,51.8175,51.82,51.82,0.0000,0.2047,3.144502
1394,longdress,driving_B_2020.02.27_17.30.15.csv,train/driving_B_2020.02.27_17.30.15.csv#block-002@time-293.000s,block-002,293.000,-123.1681,-123.17,-123.17,0.0000,0.2042,3.326608
1395,loot,static_B_2020.02.14_13.21.26.csv,train/static_B_2020.02.14_13.21.26.csv#block-000@time-300.000s,block-000,300.000,56.3415,56.34,56.34,0.0000,0.2036,3.135297
1396,redandblack,static_B_2020.02.27_18.39.27.csv,train/static_B_2020.02.27_18.39.27.csv#block-001@time-672.000s,block-001,672.000,27.2014,27.20,27.20,1.5228,0.2030,3.322794
1397,soldier,driving_B_2019.12.17_07.32.39.csv,train/driving_B_2019.12.17_07.32.39.csv#block-004@time-2297.000s,block-004,2297.000,66.9677,66.97,66.97,0.0000,0.2025,3.730832
1398,longdress,static_B_2020.02.14_13.21.26.csv,train/static_B_2020.02.14_13.21.26.csv#block-000@time-360.000s,block-000,360.000,73.8264,73.83,73.83,0.0000,0.2019,3.032657
1399,loot,driving_B_2020.02.13_15.02.01.csv,train/driving_B_2020.02.13_15.02.01.csv#block-000@time-2160.000s,block-000,2160.000,62.8072,62.81,62.81,0.0000,0.2013,3.287991
1400,redandblack,static_B_2020.02.27_18.39.27.csv,train/static_B_2020.02.27_18.39.27.csv#block-001@time-972.000s,block-001,972.000,66.7829,66.78,66.78,0.0000,0.2007,3.203616
1401,soldier,driving_B_2020.02.13_15.02.01.csv,train/driving_B_2020.02.13_15.02.01.csv#block-000@time-2520.000s,block-000,2520.000,-0.9585,-0.96,-0.96,0.0000,0.2002,3.656828
1402,longdress,driving_B_2020.02.13_13.03.24.csv,train/driving_B_2020.02.13_13.03.24.csv#block-000@time-180.000s,block-000,180.000,26.0876,26.09,26.09,0.0000,0.1996,3.187222
1403,loot,driving_B_2019.12.16_12.27.05.csv,train/driving_B_2019.12.16_12.27.05.csv#block-000@time-960.000s,block-000,960.000,82.5161,82.52,82.52,1.4245,0.1990,3.494156
1404,redandblack,driving_B_2019.12.17_07.32.39.csv,train/driving_B_2019.12.17_07.32.39.csv#block-003@time-1594.000s,block-003,1594.000,27.8698,27.87,27.87,0.0000,0.1985,2.847379
1405,soldier,driving_B_2020.02.14_12.58.17.csv,train/driving_B_2020.02.14_12.58.17.csv#block-002@time-656.000s,block-002,656.000,19.1389,19.14,19.14,0.0000,0.1979,3.393082
1406,longdress,driving_B_2020.02.13_15.02.01.csv,train/driving_B_2020.02.13_15.02.01.csv#block-000@time-1740.000s,block-000,1740.000,-47.0045,-47.00,-47.00,0.0000,0.1973,3.480652
1407,loot,driving_B_2020.01.16_09.56.56.csv,train/driving_B_2020.01.16_09.56.56.csv#block-001@time-1419.000s,block-001,1419.000,56.6121,56.61,56.61,0.0000,0.1968,3.380008
1408,redandblack,driving_B_2020.01.16_07.26.43.csv,train/driving_B_2020.01.16_07.26.43.csv#block-000@time-960.000s,block-000,960.000,9.9890,9.99,9.99,0.0000,0.1962,3.562682
1409,soldier,static_B_2019.12.16_13.40.04.csv,train/static_B_2019.12.16_13.40.04.csv#block-006@time-2172.000s,block-006,2172.000,77.0119,77.01,77.01,1.0781,0.1956,3.474082
1410,longdress,driving_B_2019.12.17_07.32.39.csv,train/driving_B_2019.12.17_07.32.39.csv#block-003@time-1834.000s,block-003,1834.000,27.4433,27.44,27.44,0.0000,0.1950,3.406795
1411,loot,driving_B_2020.02.27_17.30.15.csv,train/driving_B_2020.02.27_17.30.15.csv#block-002@time-413.000s,block-002,413.000,11.7670,11.77,11.77,0.0000,0.1945,3.167225
1412,redandblack,driving_B_2020.02.13_15.02.01.csv,train/driving_B_2020.02.13_15.02.01.csv#block-000@time-2580.000s,block-000,2580.000,10.2395,10.24,10.24,0.0000,0.1939,3.150977
1413,soldier,driving_B_2020.01.16_09.56.56.csv,train/driving_B_2020.01.16_09.56.56.csv#block-000@time-120.000s,block-000,120.000,-36.9333,-36.93,-36.93,0.0000,0.1933,3.142143
1414,longdress,driving_B_2019.12.17_07.32.39.csv,train/driving_B_2019.12.17_07.32.39.csv#block-004@time-2357.000s,block-004,2357.000,-16.5024,-16.50,-16.50,0.0000,0.1928,3.509471
1415,loot,driving_B_2020.01.16_07.26.43.csv,train/driving_B_2020.01.16_07.26.43.csv#block-000@time-540.000s,block-000,540.000,28.4209,28.42,28.42,0.0000,0.1922,3.546435
1416,redandblack,driving_B_2019.12.16_12.27.05.csv,train/driving_B_2019.12.16_12.27.05.csv#block-000@time-1020.000s,block-000,1020.000,86.7311,86.73,86.73,0.0000,0.1916,3.144658
1417,soldier,driving_B_2020.02.13_15.02.01.csv,train/driving_B_2020.02.13_15.02.01.csv#block-000@time-0.000s,block-000,0.000,65.6802,65.68,65.68,0.0000,0.1910,3.510017
1418,longdress,driving_B_2019.12.16_12.27.05.csv,train/driving_B_2019.12.16_12.27.05.csv#block-000@time-840.000s,block-000,840.000,31.6908,31.69,31.69,0.0000,0.1905,3.254617
1419,loot,driving_B_2020.01.16_07.26.43.csv,train/driving_B_2020.01.16_07.26.43.csv#block-000@time-120.000s,block-000,120.000,34.2892,34.29,34.29,0.0000,0.1899,2.768746
1420,redandblack,driving_B_2020.02.13_15.02.01.csv,train/driving_B_2020.02.13_15.02.01.csv#block-000@time-900.000s,block-000,900.000,27.0993,27.10,27.10,0.0000,0.1893,3.213726
1421,soldier,static_B_2020.02.14_13.21.26.csv,train/static_B_2020.02.14_13.21.26.csv#block-000@time-660.000s,block-000,660.000,68.6814,68.68,68.68,1.2819,0.1888,3.066553
1422,longdress,driving_B_2019.12.16_12.27.05.csv,train/driving_B_2019.12.16_12.27.05.csv#block-000@time-0.000s,block-000,0.000,38.9110,38.91,38.91,0.0000,0.1882,3.303683
1423,loot,driving_B_2020.02.14_12.58.17.csv,train/driving_B_2020.02.14_12.58.17.csv#block-002@time-716.000s,block-002,716.000,30.7966,30.80,30.80,0.0000,0.1876,3.120456
1424,redandblack,static_B_2019.12.16_13.40.04.csv,train/static_B_2019.12.16_13.40.04.csv#block-000@time-240.000s,block-000,240.000,57.5836,57.58,57.58,0.0000,0.1870,3.143137
1425,soldier,static_B_2019.12.16_13.40.04.csv,train/static_B_2019.12.16_13.40.04.csv#block-005@time-1886.000s,block-005,1886.000,52.1971,52.20,52.20,0.0000,0.1865,3.032092
1426,longdress,static_B_2020.02.27_18.39.27.csv,train/static_B_2020.02.27_18.39.27.csv#block-001@time-1872.000s,block-001,1872.000,50.7586,50.76,50.76,0.0000,0.1859,3.245113
1427,loot,static_B_2019.12.16_13.40.04.csv,train/static_B_2019.12.16_13.40.04.csv#block-005@time-1346.000s,block-005,1346.000,20.3751,20.38,20.38,0.0000,0.1853,2.927683
1428,redandblack,driving_B_2020.02.13_13.03.24.csv,train/driving_B_2020.02.13_13.03.24.csv#block-001@time-1274.000s,block-001,1274.000,2.4180,2.42,2.42,0.0000,0.1848,2.981418
1429,soldier,driving_B_2019.12.17_07.32.39.csv,train/driving_B_2019.12.17_07.32.39.csv#block-003@time-1774.000s,block-003,1774.000,35.9678,35.97,35.97,0.0000,0.1842,2.859924
1430,longdress,driving_B_2020.02.14_09.38.22.csv,train/driving_B_2020.02.14_09.38.22.csv#block-000@time-1380.000s,block-000,1380.000,43.0623,43.06,43.06,0.0000,0.1836,3.567028
1431,loot,driving_B_2020.02.14_09.38.22.csv,train/driving_B_2020.02.14_09.38.22.csv#block-000@time-960.000s,block-000,960.000,69.7019,69.70,69.70,0.0000,0.1831,3.001963
1432,redandblack,driving_B_2020.01.16_07.26.43.csv,train/driving_B_2020.01.16_07.26.43.csv#block-000@time-780.000s,block-000,780.000,22.0148,22.01,22.01,0.0000,0.1825,3.447009
1433,soldier,static_B_2020.02.14_13.21.26.csv,train/static_B_2020.02.14_13.21.26.csv#block-000@time-840.000s,block-000,840.000,87.5615,87.56,87.56,0.0000,0.1819,3.331218
1434,longdress,driving_B_2020.02.14_09.38.22.csv,train/driving_B_2020.02.14_09.38.22.csv#block-000@time-120.000s,block-000,120.000,-3.9264,-3.93,-3.93,0.0000,0.1813,3.102489
1435,loot,static_B_2019.12.16_13.40.04.csv,train/static_B_2019.12.16_13.40.04.csv#block-005@time-1646.000s,block-005,1646.000,82.7441,82.74,82.74,0.0000,0.1808,3.579293
1436,redandblack,driving_B_2019.12.16_12.27.05.csv,train/driving_B_2019.12.16_12.27.05.csv#block-000@time-540.000s,block-000,540.000,-15.4288,-15.43,-15.43,0.0000,0.1802,3.003394
1437,soldier,driving_B_2020.02.14_09.38.22.csv,train/driving_B_2020.02.14_09.38.22.csv#block-000@time-840.000s,block-000,840.000,6.1921,6.19,6.19,0.0000,0.1796,4.231077
1438,longdress,driving_B_2020.01.16_07.26.43.csv,train/driving_B_2020.01.16_07.26.43.csv#block-000@time-1320.000s,block-000,1320.000,29.4374,29.44,29.44,0.0000,0.1791,3.544599
1439,loot,static_B_2019.12.16_13.40.04.csv,train/static_B_2019.12.16_13.40.04.csv#block-001@time-1015.000s,block-001,1015.000,29.1290,29.13,29.13,0.0000,0.1785,3.008936
1440,redandblack,driving_B_2020.02.27_17.30.15.csv,train/driving_B_2020.02.27_17.30.15.csv#block-002@time-533.000s,block-002,533.000,-64.0136,-64.01,-64.01,0.0000,0.1779,3.212695
1441,soldier,driving_B_2020.01.16_07.26.43.csv,train/driving_B_2020.01.16_07.26.43.csv#block-000@time-420.000s,block-000,420.000,-0.7209,-0.72,-0.72,0.0000,0.1773,3.574283
1442,longdress,driving_B_2020.01.16_12.10.03.csv,train/driving_B_2020.01.16_12.10.03.csv#block-000@time-120.000s,block-000,120.000,78.9260,78.93,78.93,0.0667,0.1768,3.357566
1443,loot,static_B_2020.02.27_18.39.27.csv,train/static_B_2020.02.27_18.39.27.csv#block-001@time-1692.000s,block-001,1692.000,56.4616,56.46,56.46,0.0000,0.1762,3.076938
1444,redandblack,driving_B_2020.02.13_15.02.01.csv,train/driving_B_2020.02.13_15.02.01.csv#block-000@time-1560.000s,block-000,1560.000,-11.3583,-11.36,-11.36,0.0000,0.1756,3.397445
1445,soldier,driving_B_2020.02.14_12.58.17.csv,train/driving_B_2020.02.14_12.58.17.csv#block-002@time-716.000s,block-002,716.000,34.0056,34.01,34.01,0.0000,0.1751,3.000183
1446,longdress,static_B_2019.12.16_13.40.04.csv,train/static_B_2019.12.16_13.40.04.csv#block-001@time-595.000s,block-001,595.000,81.1675,81.17,81.17,0.0000,0.1745,3.175583
1447,loot,driving_B_2020.01.16_07.26.43.csv,train/driving_B_2020.01.16_07.26.43.csv#block-000@time-1200.000s,block-000,1200.000,45.4687,45.47,45.47,0.0000,0.1739,3.132544
1448,redandblack,driving_B_2020.01.16_09.56.56.csv,train/driving_B_2020.01.16_09.56.56.csv#block-001@time-1599.000s,block-001,1599.000,74.1066,74.11,74.11,0.0000,0.1733,2.863754
1449,soldier,driving_B_2020.02.27_17.30.15.csv,train/driving_B_2020.02.27_17.30.15.csv#block-002@time-413.000s,block-002,413.000,-25.6240,-25.62,-25.62,0.0000,0.1728,3.167053
1450,longdress,static_B_2020.02.27_18.39.27.csv,train/static_B_2020.02.27_18.39.27.csv#block-001@time-4272.000s,block-001,4272.000,66.9658,66.97,66.97,0.0000,0.1722,3.469530
1451,loot,driving_B_2020.01.16_12.10.03.csv,train/driving_B_2020.01.16_12.10.03.csv#block-000@time-180.000s,block-000,180.000,87.2911,87.29,87.29,0.0000,0.1716,2.866750
1452,redandblack,driving_B_2019.12.17_07.32.39.csv,train/driving_B_2019.12.17_07.32.39.csv#block-000@time-1320.000s,block-000,1320.000,35.9679,35.97,35.97,0.0000,0.1711,3.090943
1453,soldier,static_B_2020.02.27_18.39.27.csv,train/static_B_2020.02.27_18.39.27.csv#block-001@time-132.000s,block-001,132.000,63.2375,63.24,63.24,0.0000,0.1705,3.405637
1454,longdress,driving_B_2020.01.16_07.26.43.csv,train/driving_B_2020.01.16_07.26.43.csv#block-000@time-0.000s,block-000,0.000,29.9208,29.92,29.92,0.0000,0.1699,2.720998
1455,loot,driving_B_2020.01.16_07.26.43.csv,train/driving_B_2020.01.16_07.26.43.csv#block-000@time-1560.000s,block-000,1560.000,17.7325,17.73,17.73,0.0000,0.1693,3.103891
1456,redandblack,driving_B_2020.02.27_17.30.15.csv,train/driving_B_2020.02.27_17.30.15.csv#block-002@time-293.000s,block-002,293.000,-112.2157,-112.22,-112.22,0.0000,0.1688,3.254810
1457,soldier,static_B_2020.02.27_18.39.27.csv,train/static_B_2020.02.27_18.39.27.csv#block-001@time-6552.000s,block-001,6552.000,59.0700,59.07,59.07,0.0000,0.1682,2.994572
1458,longdress,driving_B_2020.02.13_13.03.24.csv,train/driving_B_2020.02.13_13.03.24.csv#block-001@time-1154.000s,block-001,1154.000,16.6148,16.61,16.61,0.0000,0.1676,3.096057
1459,loot,static_B_2020.02.27_18.39.27.csv,train/static_B_2020.02.27_18.39.27.csv#block-001@time-4332.000s,block-001,4332.000,51.2942,51.29,51.29,0.0000,0.1671,3.129043
1460,redandblack,driving_B_2020.02.27_17.30.15.csv,train/driving_B_2020.02.27_17.30.15.csv#block-002@time-533.000s,block-002,533.000,-36.3199,-36.32,-36.32,0.0000,0.1665,3.169293
1461,soldier,driving_B_2020.02.27_17.30.15.csv,train/driving_B_2020.02.27_17.30.15.csv#block-002@time-293.000s,block-002,293.000,-208.3842,-208.38,-208.38,0.0000,0.1659,3.138603
1462,longdress,driving_B_2020.02.13_15.02.01.csv,train/driving_B_2020.02.13_15.02.01.csv#block-000@time-960.000s,block-000,960.000,61.7915,61.79,61.79,0.0000,0.1654,3.369309
1463,loot,driving_B_2020.02.13_13.03.24.csv,train/driving_B_2020.02.13_13.03.24.csv#block-001@time-1994.000s,block-001,1994.000,70.3940,70.39,70.39,0.0000,0.1648,3.337886
1464,redandblack,static_B_2020.02.27_18.39.27.csv,train/static_B_2020.02.27_18.39.27.csv#block-001@time-2712.000s,block-001,2712.000,29.9434,29.94,29.94,0.5274,0.1642,2.882065
1465,soldier,static_B_2020.02.14_13.21.26.csv,train/static_B_2020.02.14_13.21.26.csv#block-000@time-540.000s,block-000,540.000,83.5839,83.58,83.58,0.0000,0.1636,3.214060
1466,longdress,driving_B_2020.02.13_15.02.01.csv,train/driving_B_2020.02.13_15.02.01.csv#block-000@time-2400.000s,block-000,2400.000,66.0858,66.09,66.09,0.0000,0.1631,3.182948
1467,loot,static_B_2020.02.14_13.21.26.csv,train/static_B_2020.02.14_13.21.26.csv#block-000@time-600.000s,block-000,600.000,76.7164,76.72,76.72,2.4290,0.1625,3.350278
1468,redandblack,driving_B_2020.02.14_09.38.22.csv,train/driving_B_2020.02.14_09.38.22.csv#block-000@time-660.000s,block-000,660.000,26.6955,26.70,26.70,0.0000,0.1619,3.384424
1469,soldier,driving_B_2020.02.13_15.02.01.csv,train/driving_B_2020.02.13_15.02.01.csv#block-000@time-1080.000s,block-000,1080.000,-43.7945,-43.79,-43.79,0.0000,0.1614,3.257565
1470,longdress,driving_B_2020.01.16_09.56.56.csv,train/driving_B_2020.01.16_09.56.56.csv#block-001@time-939.000s,block-001,939.000,31.5019,31.50,31.50,0.0000,0.1608,3.104854
1471,loot,driving_B_2020.02.13_13.03.24.csv,train/driving_B_2020.02.13_13.03.24.csv#block-001@time-1814.000s,block-001,1814.000,12.1791,12.18,12.18,0.0000,0.1602,3.089454
1472,redandblack,static_B_2019.12.16_13.40.04.csv,train/static_B_2019.12.16_13.40.04.csv#block-000@time-60.000s,block-000,60.000,54.9088,54.91,54.91,0.0000,0.1596,3.093018
1473,soldier,static_B_2019.12.16_13.40.04.csv,train/static_B_2019.12.16_13.40.04.csv#block-000@time-180.000s,block-000,180.000,64.8544,64.85,64.85,0.0000,0.1591,3.207735
1474,longdress,driving_B_2020.02.14_12.58.17.csv,train/driving_B_2020.02.14_12.58.17.csv#block-002@time-656.000s,block-002,656.000,42.7676,42.77,42.77,0.0000,0.1585,3.613378
1475,loot,driving_B_2019.12.16_12.27.05.csv,train/driving_B_2019.12.16_12.27.05.csv#block-000@time-240.000s,block-000,240.000,28.7962,28.80,28.80,0.0000,0.1579,3.266538
1476,redandblack,driving_B_2019.12.16_12.27.05.csv,train/driving_B_2019.12.16_12.27.05.csv#block-000@time-1080.000s,block-000,1080.000,79.2567,79.26,79.26,0.0000,0.1574,3.202527
1477,soldier,driving_B_2020.02.14_09.38.22.csv,train/driving_B_2020.02.14_09.38.22.csv#block-000@time-240.000s,block-000,240.000,-30.4506,-30.45,-30.45,0.0000,0.1568,3.066928
1478,longdress,driving_B_2020.01.16_09.56.56.csv,train/driving_B_2020.01.16_09.56.56.csv#block-000@time-60.000s,block-000,60.000,14.7659,14.77,14.77,0.0000,0.1562,3.338895
1479,loot,driving_B_2020.02.14_12.58.17.csv,train/driving_B_2020.02.14_12.58.17.csv#block-002@time-596.000s,block-002,596.000,31.0601,31.06,31.06,0.0000,0.1556,3.442743
1480,redandblack,driving_B_2020.01.16_07.26.43.csv,train/driving_B_2020.01.16_07.26.43.csv#block-000@time-240.000s,block-000,240.000,8.5963,8.60,8.60,0.0000,0.1551,3.083081
1481,soldier,driving_B_2020.01.16_12.10.03.csv,train/driving_B_2020.01.16_12.10.03.csv#block-000@time-120.000s,block-000,120.000,77.1958,77.20,77.20,0.2941,0.1545,3.262870
1482,longdress,static_B_2020.02.27_18.39.27.csv,train/static_B_2020.02.27_18.39.27.csv#block-001@time-2472.000s,block-001,2472.000,65.1962,65.20,65.20,0.0000,0.1539,3.930690
1483,loot,driving_B_2020.01.16_07.26.43.csv,train/driving_B_2020.01.16_07.26.43.csv#block-000@time-180.000s,block-000,180.000,-15.4660,-15.47,-15.47,0.0000,0.1534,3.050437
1484,redandblack,driving_B_2019.12.17_07.32.39.csv,train/driving_B_2019.12.17_07.32.39.csv#block-000@time-360.000s,block-000,360.000,39.9828,39.98,39.98,0.0000,0.1528,3.563331
1485,soldier,driving_B_2020.01.16_12.10.03.csv,train/driving_B_2020.01.16_12.10.03.csv#block-000@time-300.000s,block-000,300.000,34.7189,34.72,34.72,0.0000,0.1522,3.288757
1486,longdress,static_B_2020.02.14_13.21.26.csv,train/static_B_2020.02.14_13.21.26.csv#block-000@time-480.000s,block-000,480.000,69.0546,69.05,69.05,0.7696,0.1517,2.908907
1487,loot,driving_B_2020.02.13_15.02.01.csv,train/driving_B_2020.02.13_15.02.01.csv#block-000@time-120.000s,block-000,120.000,79.0329,79.03,79.03,2.4959,0.1511,3.267479
1488,redandblack,driving_B_2019.12.17_07.32.39.csv,train/driving_B_2019.12.17_07.32.39.csv#block-000@time-600.000s,block-000,600.000,44.3357,44.34,44.34,0.0000,0.1505,3.094214
1489,soldier,static_B_2019.12.16_13.40.04.csv,train/static_B_2019.12.16_13.40.04.csv#block-005@time-1466.000s,block-005,1466.000,52.9973,53.00,53.00,0.0000,0.1499,3.148761
1490,longdress,driving_B_2020.01.16_12.10.03.csv,train/driving_B_2020.01.16_12.10.03.csv#block-000@time-60.000s,block-000,60.000,55.6561,55.66,55.66,0.0000,0.1494,3.159044
1491,loot,driving_B_2020.02.13_13.03.24.csv,train/driving_B_2020.02.13_13.03.24.csv#block-001@time-1454.000s,block-001,1454.000,26.9779,26.98,26.98,0.0000,0.1488,3.235817
1492,redandblack,driving_B_2020.02.14_09.38.22.csv,train/driving_B_2020.02.14_09.38.22.csv#block-000@time-1320.000s,block-000,1320.000,2.5797,2.58,2.58,0.0000,0.1482,3.686038
1493,soldier,driving_B_2020.02.14_09.38.22.csv,train/driving_B_2020.02.14_09.38.22.csv#block-000@time-1080.000s,block-000,1080.000,73.4350,73.44,73.44,0.2187,0.1477,3.132317
1494,longdress,driving_B_2019.12.16_12.27.05.csv,train/driving_B_2019.12.16_12.27.05.csv#block-000@time-660.000s,block-000,660.000,-72.8415,-72.84,-72.84,0.0000,0.1471,2.857494
1495,loot,driving_B_2020.01.16_12.10.03.csv,train/driving_B_2020.01.16_12.10.03.csv#block-000@time-120.000s,block-000,120.000,88.2046,88.20,88.20,0.8667,0.1465,3.275062
1496,redandblack,driving_B_2020.01.16_12.10.03.csv,train/driving_B_2020.01.16_12.10.03.csv#block-000@time-240.000s,block-000,240.000,81.6794,81.68,81.68,1.1228,0.1459,3.266043
1497,soldier,driving_B_2020.01.16_12.10.03.csv,train/driving_B_2020.01.16_12.10.03.csv#block-000@time-360.000s,block-000,360.000,66.8539,66.85,66.85,0.0000,0.1454,3.314867
1498,longdress,driving_B_2019.12.17_07.32.39.csv,train/driving_B_2019.12.17_07.32.39.csv#block-003@time-2014.000s,block-003,2014.000,-34.1898,-34.19,-34.19,0.0000,0.1448,3.238307
1499,loot,driving_B_2020.02.27_17.30.15.csv,train/driving_B_2020.02.27_17.30.15.csv#block-002@time-533.000s,block-002,533.000,-70.6909,-70.69,-70.69,0.0000,0.1442,3.231221
1500,redandblack,static_B_2020.02.14_13.21.26.csv,train/static_B_2020.02.14_13.21.26.csv#block-000@time-660.000s,block-000,660.000,74.7945,74.79,74.79,1.8182,0.1437,2.959626
1501,soldier,static_B_2020.02.14_13.21.26.csv,train/static_B_2020.02.14_13.21.26.csv#block-000@time-900.000s,block-000,900.000,55.9399,55.94,55.94,0.0000,0.1431,3.073680
1502,longdress,driving_B_2020.02.13_13.03.24.csv,train/driving_B_2020.02.13_13.03.24.csv#block-001@time-974.000s,block-001,974.000,33.4011,33.40,33.40,0.0000,0.1425,3.563968
1503,loot,static_B_2020.02.27_18.39.27.csv,train/static_B_2020.02.27_18.39.27.csv#block-001@time-492.000s,block-001,492.000,61.3406,61.34,61.34,0.0000,0.1419,3.084744
1504,redandblack,driving_B_2020.01.16_09.56.56.csv,train/driving_B_2020.01.16_09.56.56.csv#block-001@time-639.000s,block-001,639.000,73.5293,73.53,73.53,0.0000,0.1414,4.238616
1505,soldier,driving_B_2020.01.16_07.26.43.csv,train/driving_B_2020.01.16_07.26.43.csv#block-000@time-600.000s,block-000,600.000,14.9417,14.94,14.94,0.0000,0.1408,3.512647
1506,longdress,static_B_2020.02.14_13.21.26.csv,train/static_B_2020.02.14_13.21.26.csv#block-000@time-0.000s,block-000,0.000,37.4578,37.46,37.46,0.0000,0.1402,3.524949
1507,loot,driving_B_2020.02.27_17.30.15.csv,train/driving_B_2020.02.27_17.30.15.csv#block-002@time-353.000s,block-002,353.000,-78.9446,-78.94,-78.94,0.0000,0.1397,3.422410
1508,redandblack,static_B_2019.12.16_13.40.04.csv,train/static_B_2019.12.16_13.40.04.csv#block-006@time-2232.000s,block-006,2232.000,87.9761,87.98,87.98,0.2830,0.1391,3.681119
1509,soldier,driving_B_2020.02.14_09.38.22.csv,train/driving_B_2020.02.14_09.38.22.csv#block-000@time-480.000s,block-000,480.000,-7.3703,-7.37,-7.37,0.0000,0.1385,3.212165
1510,longdress,driving_B_2019.12.16_12.27.05.csv,train/driving_B_2019.12.16_12.27.05.csv#block-000@time-960.000s,block-000,960.000,76.8931,76.89,76.89,0.0000,0.1379,3.710996
1511,loot,driving_B_2019.12.17_07.32.39.csv,train/driving_B_2019.12.17_07.32.39.csv#block-000@time-300.000s,block-000,300.000,52.9961,53.00,53.00,0.0000,0.1374,4.055825
1512,redandblack,driving_B_2020.01.16_09.56.56.csv,train/driving_B_2020.01.16_09.56.56.csv#block-001@time-1179.000s,block-001,1179.000,17.2969,17.30,17.30,0.0000,0.1368,3.655309
1513,soldier,driving_B_2020.01.16_12.10.03.csv,train/driving_B_2020.01.16_12.10.03.csv#block-000@time-180.000s,block-000,180.000,59.1510,59.15,59.15,0.0000,0.1362,3.911267
1514,longdress,driving_B_2020.01.16_09.56.56.csv,train/driving_B_2020.01.16_09.56.56.csv#block-001@time-519.000s,block-001,519.000,40.1637,40.16,40.16,0.0000,0.1357,3.598159
1515,loot,driving_B_2020.02.14_09.38.22.csv,train/driving_B_2020.02.14_09.38.22.csv#block-000@time-900.000s,block-000,900.000,18.2831,18.28,18.28,0.0000,0.1351,3.712547
1516,redandblack,driving_B_2020.01.16_12.10.03.csv,train/driving_B_2020.01.16_12.10.03.csv#block-000@time-300.000s,block-000,300.000,44.1004,44.10,44.10,0.0000,0.1345,3.416996
1517,soldier,driving_B_2019.12.17_07.32.39.csv,train/driving_B_2019.12.17_07.32.39.csv#block-000@time-660.000s,block-000,660.000,6.4866,6.49,6.49,0.0000,0.1340,3.578316
1518,longdress,driving_B_2020.02.14_09.38.22.csv,train/driving_B_2020.02.14_09.38.22.csv#block-000@time-1440.000s,block-000,1440.000,80.6866,80.69,80.69,0.0000,0.1334,3.218330
1519,loot,driving_B_2020.01.16_12.10.03.csv,train/driving_B_2020.01.16_12.10.03.csv#block-000@time-360.000s,block-000,360.000,77.8812,77.88,77.88,0.0000,0.1328,3.774251
1520,redandblack,driving_B_2020.01.16_12.10.03.csv,train/driving_B_2020.01.16_12.10.03.csv#block-000@time-360.000s,block-000,360.000,73.1511,73.15,73.15,0.0000,0.1322,3.339356
1521,soldier,driving_B_2020.02.27_17.30.15.csv,train/driving_B_2020.02.27_17.30.15.csv#block-002@time-533.000s,block-002,533.000,-26.4036,-26.40,-26.40,0.0000,0.1317,3.854896
1522,longdress,driving_B_2020.01.16_07.26.43.csv,train/driving_B_2020.01.16_07.26.43.csv#block-000@time-1020.000s,block-000,1020.000,-10.7231,-10.72,-10.72,0.0000,0.1311,3.793606
1523,loot,driving_B_2020.02.14_12.58.17.csv,train/driving_B_2020.02.14_12.58.17.csv#block-002@time-536.000s,block-002,536.000,-141.3841,-141.38,-141.38,0.0000,0.1305,3.865390
1524,redandblack,driving_B_2020.02.13_13.03.24.csv,train/driving_B_2020.02.13_13.03.24.csv#block-000@time-120.000s,block-000,120.000,9.6175,9.62,9.62,0.0000,0.1300,3.800918
1525,soldier,driving_B_2020.02.27_17.30.15.csv,train/driving_B_2020.02.27_17.30.15.csv#block-002@time-353.000s,block-002,353.000,-21.3044,-21.30,-21.30,0.0000,0.1294,3.727749
1526,longdress,driving_B_2020.01.16_09.56.56.csv,train/driving_B_2020.01.16_09.56.56.csv#block-001@time-1359.000s,block-001,1359.000,32.3114,32.31,32.31,0.0000,0.1288,3.450884
1527,loot,driving_B_2019.12.17_07.32.39.csv,train/driving_B_2019.12.17_07.32.39.csv#block-000@time-840.000s,block-000,840.000,28.3227,28.32,28.32,0.0000,0.1282,3.873960
1528,redandblack,static_B_2019.12.16_13.40.04.csv,train/static_B_2019.12.16_13.40.04.csv#block-005@time-1766.000s,block-005,1766.000,80.3268,80.33,80.33,1.0932,0.1277,3.220441
1529,soldier,driving_B_2020.02.13_15.02.01.csv,train/driving_B_2020.02.13_15.02.01.csv#block-000@time-2280.000s,block-000,2280.000,16.6689,16.67,16.67,0.0000,0.1271,3.485637
1530,longdress,driving_B_2020.01.16_09.56.56.csv,train/driving_B_2020.01.16_09.56.56.csv#block-000@time-0.000s,block-000,0.000,15.3606,15.36,15.36,0.0000,0.1265,3.534373
1531,loot,driving_B_2020.02.14_09.38.22.csv,train/driving_B_2020.02.14_09.38.22.csv#block-000@time-1560.000s,block-000,1560.000,42.8367,42.84,42.84,0.0000,0.1260,3.644714
1532,redandblack,driving_B_2020.01.16_09.56.56.csv,train/driving_B_2020.01.16_09.56.56.csv#block-001@time-999.000s,block-001,999.000,-19.0393,-19.04,-19.04,0.0000,0.1254,3.538242
1533,soldier,static_B_2019.12.16_13.40.04.csv,train/static_B_2019.12.16_13.40.04.csv#block-000@time-360.000s,block-000,360.000,34.9046,34.90,34.90,0.0000,0.1248,3.964716
1534,longdress,driving_B_2020.01.16_07.26.43.csv,train/driving_B_2020.01.16_07.26.43.csv#block-000@time-60.000s,block-000,60.000,39.2120,39.21,39.21,0.0000,0.1242,3.466151
1535,loot,driving_B_2020.02.14_09.38.22.csv,train/driving_B_2020.02.14_09.38.22.csv#block-000@time-1200.000s,block-000,1200.000,16.9146,16.91,16.91,0.0000,0.1237,3.631677
1536,redandblack,driving_B_2020.02.27_17.30.15.csv,train/driving_B_2020.02.27_17.30.15.csv#block-002@time-473.000s,block-002,473.000,-273.5802,-273.58,-273.58,0.0000,0.1231,4.115154
1537,soldier,driving_B_2020.01.16_09.56.56.csv,train/driving_B_2020.01.16_09.56.56.csv#block-000@time-180.000s,block-000,180.000,36.8350,36.84,36.84,0.0000,0.1225,3.368683
1538,longdress,driving_B_2020.02.27_17.30.15.csv,train/driving_B_2020.02.27_17.30.15.csv#block-002@time-353.000s,block-002,353.000,-17.4941,-17.49,-17.49,0.0000,0.1220,3.719132
1539,loot,driving_B_2019.12.16_12.27.05.csv,train/driving_B_2019.12.16_12.27.05.csv#block-000@time-720.000s,block-000,720.000,-22.5178,-22.52,-22.52,0.0000,0.1214,3.619449
1540,redandblack,driving_B_2020.02.14_12.58.17.csv,train/driving_B_2020.02.14_12.58.17.csv#block-002@time-536.000s,block-002,536.000,-35.0732,-35.07,-35.07,0.0000,0.1208,3.587048
1541,soldier,driving_B_2020.02.13_13.03.24.csv,train/driving_B_2020.02.13_13.03.24.csv#block-000@time-480.000s,block-000,480.000,-12.1101,-12.11,-12.11,0.0000,0.1203,3.621929
1542,longdress,static_B_2020.02.14_13.21.26.csv,train/static_B_2020.02.14_13.21.26.csv#block-000@time-1020.000s,block-000,1020.000,68.5261,68.53,68.53,0.8751,0.1197,3.443007
1543,loot,driving_B_2020.01.16_07.26.43.csv,train/driving_B_2020.01.16_07.26.43.csv#block-000@time-1620.000s,block-000,1620.000,20.6090,20.61,20.61,0.0000,0.1191,3.762737
1544,redandblack,static_B_2019.12.16_13.40.04.csv,train/static_B_2019.12.16_13.40.04.csv#block-005@time-1586.000s,block-005,1586.000,-32.0304,-32.03,-32.03,0.0000,0.1185,3.817270
1545,soldier,static_B_2019.12.16_13.40.04.csv,train/static_B_2019.12.16_13.40.04.csv#block-001@time-955.000s,block-001,955.000,69.4513,69.45,69.45,0.0000,0.1180,3.793284
1546,longdress,driving_B_2019.12.16_12.27.05.csv,train/driving_B_2019.12.16_12.27.05.csv#block-000@time-1140.000s,block-000,1140.000,61.2386,61.24,61.24,0.0000,0.1174,3.886997
1547,loot,static_B_2020.02.14_13.21.26.csv,train/static_B_2020.02.14_13.21.26.csv#block-000@time-960.000s,block-000,960.000,61.3415,61.34,61.34,0.0000,0.1168,3.538125
1548,redandblack,driving_B_2020.02.13_15.02.01.csv,train/driving_B_2020.02.13_15.02.01.csv#block-000@time-720.000s,block-000,720.000,35.6946,35.69,35.69,0.0000,0.1163,3.518562
1549,soldier,driving_B_2020.01.16_09.56.56.csv,train/driving_B_2020.01.16_09.56.56.csv#block-001@time-939.000s,block-001,939.000,33.7713,33.77,33.77,0.0000,0.1157,3.582794
1550,longdress,driving_B_2020.02.13_15.02.01.csv,train/driving_B_2020.02.13_15.02.01.csv#block-000@time-1260.000s,block-000,1260.000,23.7470,23.75,23.75,0.0000,0.1151,3.888413
1551,loot,driving_B_2019.12.17_07.32.39.csv,train/driving_B_2019.12.17_07.32.39.csv#block-000@time-60.000s,block-000,60.000,50.3188,50.32,50.32,0.0000,0.1145,3.657652
1552,redandblack,driving_B_2020.01.16_07.26.43.csv,train/driving_B_2020.01.16_07.26.43.csv#block-000@time-1260.000s,block-000,1260.000,42.6909,42.69,42.69,0.0000,0.1140,4.358173
1553,soldier,static_B_2020.02.27_18.39.27.csv,train/static_B_2020.02.27_18.39.27.csv#block-001@time-2832.000s,block-001,2832.000,76.8315,76.83,76.83,0.4475,0.1134,3.637489
1554,longdress,static_B_2020.02.14_13.21.26.csv,train/static_B_2020.02.14_13.21.26.csv#block-000@time-780.000s,block-000,780.000,78.9724,78.97,78.97,0.0000,0.1128,3.649190
1555,loot,driving_B_2020.02.14_09.38.22.csv,train/driving_B_2020.02.14_09.38.22.csv#block-000@time-720.000s,block-000,720.000,78.4674,78.47,78.47,0.0000,0.1123,3.431921
1556,redandblack,driving_B_2020.01.16_12.10.03.csv,train/driving_B_2020.01.16_12.10.03.csv#block-000@time-360.000s,block-000,360.000,68.5156,68.52,68.52,0.0000,0.1117,3.749478
1557,soldier,driving_B_2020.01.16_07.26.43.csv,train/driving_B_2020.01.16_07.26.43.csv#block-000@time-1140.000s,block-000,1140.000,45.3493,45.35,45.35,0.0000,0.1111,3.740419
1558,longdress,driving_B_2019.12.17_07.32.39.csv,train/driving_B_2019.12.17_07.32.39.csv#block-000@time-1020.000s,block-000,1020.000,31.1990,31.20,31.20,0.0000,0.1105,2.983569
1559,loot,driving_B_2020.01.16_09.56.56.csv,train/driving_B_2020.01.16_09.56.56.csv#block-000@time-60.000s,block-000,60.000,29.6237,29.62,29.62,0.0000,0.1100,3.919748
1560,redandblack,static_B_2019.12.16_13.40.04.csv,train/static_B_2019.12.16_13.40.04.csv#block-001@time-835.000s,block-001,835.000,78.2698,78.27,78.27,1.4664,0.1094,3.212438
1561,soldier,driving_B_2020.02.13_15.02.01.csv,train/driving_B_2020.02.13_15.02.01.csv#block-000@time-420.000s,block-000,420.000,70.2442,70.24,70.24,0.9492,0.1088,3.643210
1562,longdress,driving_B_2020.02.13_13.03.24.csv,train/driving_B_2020.02.13_13.03.24.csv#block-001@time-1574.000s,block-001,1574.000,18.6242,18.62,18.62,0.0000,0.1083,3.783802
1563,loot,driving_B_2020.01.16_07.26.43.csv,train/driving_B_2020.01.16_07.26.43.csv#block-000@time-1740.000s,block-000,1740.000,11.7120,11.71,11.71,0.0000,0.1077,3.489778
1564,redandblack,driving_B_2020.02.14_12.58.17.csv,train/driving_B_2020.02.14_12.58.17.csv#block-002@time-536.000s,block-002,536.000,-98.3266,-98.33,-98.33,0.0000,0.1071,3.638937
1565,soldier,driving_B_2020.02.14_12.58.17.csv,train/driving_B_2020.02.14_12.58.17.csv#block-000@time-0.000s,block-000,0.000,24.4061,24.41,24.41,0.0000,0.1065,3.797831
1566,longdress,driving_B_2020.01.16_12.10.03.csv,train/driving_B_2020.01.16_12.10.03.csv#block-000@time-240.000s,block-000,240.000,83.4913,83.49,83.49,0.0000,0.1060,3.726985
1567,loot,static_B_2020.02.14_13.21.26.csv,train/static_B_2020.02.14_13.21.26.csv#block-000@time-780.000s,block-000,780.000,73.3089,73.31,73.31,1.4833,0.1054,3.594872
1568,redandblack,driving_B_2020.01.16_09.56.56.csv,train/driving_B_2020.01.16_09.56.56.csv#block-001@time-579.000s,block-001,579.000,60.9233,60.92,60.92,0.0000,0.1048,3.298004
1569,soldier,driving_B_2020.02.13_13.03.24.csv,train/driving_B_2020.02.13_13.03.24.csv#block-001@time-914.000s,block-001,914.000,-140.9805,-140.98,-140.98,0.0000,0.1043,4.056122
1570,longdress,static_B_2020.02.27_18.39.27.csv,train/static_B_2020.02.27_18.39.27.csv#block-001@time-2532.000s,block-001,2532.000,45.1200,45.12,45.12,0.0000,0.1037,3.548274
1571,loot,driving_B_2020.02.13_15.02.01.csv,train/driving_B_2020.02.13_15.02.01.csv#block-000@time-1620.000s,block-000,1620.000,10.6092,10.61,10.61,0.0000,0.1031,3.097656
1572,redandblack,static_B_2020.02.14_13.21.26.csv,train/static_B_2020.02.14_13.21.26.csv#block-000@time-840.000s,block-000,840.000,82.2639,82.26,82.26,1.3528,0.1026,3.458400
1573,soldier,driving_B_2020.01.16_09.56.56.csv,train/driving_B_2020.01.16_09.56.56.csv#block-001@time-1059.000s,block-001,1059.000,29.6767,29.68,29.68,0.0000,0.1020,3.639058
1574,longdress,driving_B_2020.02.14_12.58.17.csv,train/driving_B_2020.02.14_12.58.17.csv#block-002@time-596.000s,block-002,596.000,15.8736,15.87,15.87,0.0000,0.1014,3.518279
1575,loot,driving_B_2020.02.14_12.58.17.csv,train/driving_B_2020.02.14_12.58.17.csv#block-002@time-716.000s,block-002,716.000,28.9934,28.99,28.99,0.0000,0.1008,3.621647
1576,redandblack,driving_B_2020.02.14_12.58.17.csv,train/driving_B_2020.02.14_12.58.17.csv#block-002@time-716.000s,block-002,716.000,37.4832,37.48,37.48,0.0000,0.1003,3.740459
1577,soldier,driving_B_2020.02.13_15.02.01.csv,train/driving_B_2020.02.13_15.02.01.csv#block-000@time-780.000s,block-000,780.000,19.7768,19.78,19.78,0.0000,0.0997,3.309248
1578,longdress,driving_B_2020.01.16_12.10.03.csv,train/driving_B_2020.01.16_12.10.03.csv#block-000@time-0.000s,block-000,0.000,76.2796,76.28,76.28,0.7093,0.0991,3.375506
1579,loot,static_B_2020.02.14_13.21.26.csv,train/static_B_2020.02.14_13.21.26.csv#block-000@time-1080.000s,block-000,1080.000,88.7059,88.71,88.71,0.4138,0.0986,3.497869
1580,redandblack,driving_B_2019.12.16_12.27.05.csv,train/driving_B_2019.12.16_12.27.05.csv#block-000@time-1200.000s,block-000,1200.000,32.5355,32.54,32.54,0.0000,0.0980,3.789088
1581,soldier,static_B_2020.02.14_13.21.26.csv,train/static_B_2020.02.14_13.21.26.csv#block-000@time-540.000s,block-000,540.000,79.9987,80.00,80.00,0.0000,0.0974,3.212387
1582,longdress,static_B_2020.02.27_18.39.27.csv,train/static_B_2020.02.27_18.39.27.csv#block-001@time-12.000s,block-001,12.000,86.4386,86.44,86.44,0.0000,0.0968,3.246617
1583,loot,static_B_2019.12.16_13.40.04.csv,train/static_B_2019.12.16_13.40.04.csv#block-001@time-1135.000s,block-001,1135.000,70.0616,70.06,70.06,0.0000,0.0963,3.348440
1584,redandblack,driving_B_2020.01.16_07.26.43.csv,train/driving_B_2020.01.16_07.26.43.csv#block-000@time-1500.000s,block-000,1500.000,26.9351,26.94,26.94,0.0000,0.0957,4.072261
1585,soldier,driving_B_2019.12.17_07.32.39.csv,train/driving_B_2019.12.17_07.32.39.csv#block-003@time-2134.000s,block-003,2134.000,41.8212,41.82,41.82,0.0000,0.0951,3.378551
1586,longdress,driving_B_2020.01.16_07.26.43.csv,train/driving_B_2020.01.16_07.26.43.csv#block-000@time-360.000s,block-000,360.000,18.6185,18.62,18.62,0.0000,0.0946,3.671299
1587,loot,static_B_2019.12.16_13.40.04.csv,train/static_B_2019.12.16_13.40.04.csv#block-000@time-300.000s,block-000,300.000,49.3916,49.39,49.39,0.0000,0.0940,3.245259
1588,redandblack,driving_B_2020.02.13_13.03.24.csv,train/driving_B_2020.02.13_13.03.24.csv#block-000@time-600.000s,block-000,600.000,26.0182,26.02,26.02,0.0000,0.0934,3.803670
1589,soldier,static_B_2020.02.27_18.39.27.csv,train/static_B_2020.02.27_18.39.27.csv#block-001@time-4632.000s,block-001,4632.000,72.4265,72.43,72.43,0.0000,0.0928,3.650068
1590,longdress,driving_B_2020.02.14_09.38.22.csv,train/driving_B_2020.02.14_09.38.22.csv#block-000@time-1500.000s,block-000,1500.000,-6.7571,-6.76,-6.76,0.0000,0.0923,3.808184
1591,loot,driving_B_2020.02.13_13.03.24.csv,train/driving_B_2020.02.13_13.03.24.csv#block-000@time-360.000s,block-000,360.000,24.4230,24.42,24.42,0.0000,0.0917,3.491720
1592,redandblack,driving_B_2020.02.13_15.02.01.csv,train/driving_B_2020.02.13_15.02.01.csv#block-000@time-1680.000s,block-000,1680.000,36.3749,36.37,36.37,0.0000,0.0911,3.468226
1593,soldier,static_B_2020.02.27_18.39.27.csv,train/static_B_2020.02.27_18.39.27.csv#block-001@time-2772.000s,block-001,2772.000,84.4557,84.46,84.46,0.0000,0.0906,3.706111
1594,longdress,driving_B_2020.02.13_13.03.24.csv,train/driving_B_2020.02.13_13.03.24.csv#block-000@time-300.000s,block-000,300.000,30.8085,30.81,30.81,0.0000,0.0900,3.404444
1595,loot,driving_B_2019.12.17_07.32.39.csv,train/driving_B_2019.12.17_07.32.39.csv#block-000@time-1440.000s,block-000,1440.000,79.4407,79.44,79.44,1.6246,0.0894,3.552297
1596,redandblack,driving_B_2020.02.27_17.30.15.csv,train/driving_B_2020.02.27_17.30.15.csv#block-002@time-293.000s,block-002,293.000,-131.8617,-131.86,-131.86,0.0000,0.0889,3.484182
1597,soldier,driving_B_2020.02.14_09.38.22.csv,train/driving_B_2020.02.14_09.38.22.csv#block-000@time-420.000s,block-000,420.000,27.5860,27.59,27.59,0.0000,0.0883,3.364121
1598,longdress,driving_B_2019.12.16_12.27.05.csv,train/driving_B_2019.12.16_12.27.05.csv#block-000@time-780.000s,block-000,780.000,45.5199,45.52,45.52,0.0000,0.0877,3.754287
1599,loot,driving_B_2020.02.27_17.30.15.csv,train/driving_B_2020.02.27_17.30.15.csv#block-002@time-473.000s,block-002,473.000,-142.6578,-142.66,-142.66,0.0000,0.0871,3.762256
1600,redandblack,driving_B_2019.12.17_07.32.39.csv,train/driving_B_2019.12.17_07.32.39.csv#block-004@time-2417.000s,block-004,2417.000,46.7518,46.75,46.75,0.0000,0.0866,3.450953
1601,soldier,driving_B_2020.01.16_09.56.56.csv,train/driving_B_2020.01.16_09.56.56.csv#block-001@time-1539.000s,block-001,1539.000,81.7753,81.78,81.78,0.0000,0.0860,3.679917
1602,longdress,driving_B_2019.12.17_07.32.39.csv,train/driving_B_2019.12.17_07.32.39.csv#block-000@time-180.000s,block-000,180.000,39.3126,39.31,39.31,0.0000,0.0854,3.897227
1603,loot,driving_B_2019.12.16_12.27.05.csv,train/driving_B_2019.12.16_12.27.05.csv#block-000@time-600.000s,block-000,600.000,7.1371,7.14,7.14,0.0000,0.0849,3.422130
1604,redandblack,driving_B_2020.02.14_12.58.17.csv,train/driving_B_2020.02.14_12.58.17.csv#block-000@time-0.000s,block-000,0.000,40.9336,40.93,40.93,0.0000,0.0843,3.129746
1605,soldier,driving_B_2020.02.27_17.30.15.csv,train/driving_B_2020.02.27_17.30.15.csv#block-002@time-413.000s,block-002,413.000,10.7758,10.78,10.78,0.0000,0.0837,3.350628
1606,longdress,driving_B_2020.02.13_13.03.24.csv,train/driving_B_2020.02.13_13.03.24.csv#block-000@time-240.000s,block-000,240.000,21.4744,21.47,21.47,0.0000,0.0831,3.438000
1607,loot,static_B_2020.02.27_18.39.27.csv,train/static_B_2020.02.27_18.39.27.csv#block-001@time-3912.000s,block-001,3912.000,80.2658,80.27,80.27,0.0000,0.0826,3.153458
1608,redandblack,static_B_2019.12.16_13.40.04.csv,train/static_B_2019.12.16_13.40.04.csv#block-000@time-0.000s,block-000,0.000,77.7712,77.77,77.77,0.0000,0.0820,3.405142
1609,soldier,driving_B_2020.02.14_12.58.17.csv,train/driving_B_2020.02.14_12.58.17.csv#block-000@time-0.000s,block-000,0.000,11.9961,12.00,12.00,0.0000,0.0814,3.399100
1610,longdress,driving_B_2020.02.13_13.03.24.csv,train/driving_B_2020.02.13_13.03.24.csv#block-001@time-1214.000s,block-001,1214.000,3.1707,3.17,3.17,0.0000,0.0809,3.484413
1611,loot,driving_B_2020.01.16_09.56.56.csv,train/driving_B_2020.01.16_09.56.56.csv#block-000@time-300.000s,block-000,300.000,81.7036,81.70,81.70,0.2128,0.0803,3.379779
1612,redandblack,static_B_2020.02.14_13.21.26.csv,train/static_B_2020.02.14_13.21.26.csv#block-000@time-180.000s,block-000,180.000,85.9490,85.95,85.95,0.0000,0.0797,3.283482
1613,soldier,driving_B_2020.02.13_15.02.01.csv,train/driving_B_2020.02.13_15.02.01.csv#block-000@time-2880.000s,block-000,2880.000,65.3319,65.33,65.33,0.0000,0.0791,3.380643
1614,longdress,driving_B_2019.12.16_12.27.05.csv,train/driving_B_2019.12.16_12.27.05.csv#block-000@time-660.000s,block-000,660.000,-78.3106,-78.31,-78.31,0.0000,0.0786,3.265871
1615,loot,driving_B_2020.02.13_13.03.24.csv,train/driving_B_2020.02.13_13.03.24.csv#block-001@time-1514.000s,block-001,1514.000,30.8513,30.85,30.85,0.0000,0.0780,3.359169
1616,redandblack,driving_B_2020.02.14_12.58.17.csv,train/driving_B_2020.02.14_12.58.17.csv#block-002@time-716.000s,block-002,716.000,38.9167,38.92,38.92,0.0000,0.0774,3.165623
1617,soldier,driving_B_2019.12.16_12.27.05.csv,train/driving_B_2019.12.16_12.27.05.csv#block-000@time-180.000s,block-000,180.000,30.1554,30.16,30.16,0.0000,0.0769,3.600887
1618,longdress,driving_B_2020.02.14_09.38.22.csv,train/driving_B_2020.02.14_09.38.22.csv#block-000@time-360.000s,block-000,360.000,-54.2312,-54.23,-54.23,0.0000,0.0763,3.449981
1619,loot,driving_B_2020.02.14_09.38.22.csv,train/driving_B_2020.02.14_09.38.22.csv#block-000@time-180.000s,block-000,180.000,17.6336,17.63,17.63,0.0000,0.0757,3.464653
1620,redandblack,driving_B_2020.01.16_07.26.43.csv,train/driving_B_2020.01.16_07.26.43.csv#block-000@time-300.000s,block-000,300.000,53.7821,53.78,53.78,0.0000,0.0751,3.542195
1621,soldier,static_B_2020.02.14_13.21.26.csv,train/static_B_2020.02.14_13.21.26.csv#block-000@time-600.000s,block-000,600.000,85.2834,85.28,85.28,0.0196,0.0746,3.707508
1622,longdress,static_B_2020.02.14_13.21.26.csv,train/static_B_2020.02.14_13.21.26.csv#block-000@time-60.000s,block-000,60.000,83.7747,83.77,83.77,0.0471,0.0740,3.661408
1623,loot,driving_B_2020.02.14_12.58.17.csv,train/driving_B_2020.02.14_12.58.17.csv#block-002@time-656.000s,block-002,656.000,57.1580,57.16,57.16,0.0000,0.0734,3.486836
1624,redandblack,driving_B_2019.12.17_07.32.39.csv,train/driving_B_2019.12.17_07.32.39.csv#block-003@time-1954.000s,block-003,1954.000,32.4457,32.45,32.45,0.0000,0.0729,3.648320
1625,soldier,driving_B_2020.01.16_07.26.43.csv,train/driving_B_2020.01.16_07.26.43.csv#block-000@time-1380.000s,block-000,1380.000,32.0728,32.07,32.07,0.0000,0.0723,3.582761
1626,longdress,driving_B_2020.02.13_15.02.01.csv,train/driving_B_2020.02.13_15.02.01.csv#block-000@time-240.000s,block-000,240.000,76.3969,76.40,76.40,0.0000,0.0717,3.846295
1627,loot,driving_B_2020.02.13_15.02.01.csv,train/driving_B_2020.02.13_15.02.01.csv#block-000@time-1200.000s,block-000,1200.000,47.5072,47.51,47.51,0.0000,0.0712,3.837336
1628,redandblack,driving_B_2019.12.16_12.27.05.csv,train/driving_B_2019.12.16_12.27.05.csv#block-000@time-420.000s,block-000,420.000,-116.3760,-116.38,-116.38,0.0000,0.0706,3.324439
1629,soldier,driving_B_2020.02.13_13.03.24.csv,train/driving_B_2020.02.13_13.03.24.csv#block-001@time-1334.000s,block-001,1334.000,29.1741,29.17,29.17,0.0000,0.0700,3.599528
1630,longdress,driving_B_2020.02.14_09.38.22.csv,train/driving_B_2020.02.14_09.38.22.csv#block-000@time-780.000s,block-000,780.000,71.6823,71.68,71.68,0.0000,0.0694,3.295570
1631,loot,driving_B_2020.02.14_12.58.17.csv,train/driving_B_2020.02.14_12.58.17.csv#block-000@time-0.000s,block-000,0.000,41.3287,41.33,41.33,0.0000,0.0689,3.608466
1632,redandblack,static_B_2019.12.16_13.40.04.csv,train/static_B_2019.12.16_13.40.04.csv#block-005@time-1706.000s,block-005,1706.000,83.3993,83.40,83.40,0.0000,0.0683,3.729410
1633,soldier,driving_B_2020.01.16_09.56.56.csv,train/driving_B_2020.01.16_09.56.56.csv#block-000@time-240.000s,block-000,240.000,31.1732,31.17,31.17,0.0000,0.0677,3.134544
1634,longdress,driving_B_2020.01.16_12.10.03.csv,train/driving_B_2020.01.16_12.10.03.csv#block-000@time-120.000s,block-000,120.000,82.4161,82.42,82.42,0.0000,0.0672,3.376436
1635,loot,driving_B_2019.12.16_12.27.05.csv,train/driving_B_2019.12.16_12.27.05.csv#block-000@time-60.000s,block-000,60.000,39.5656,39.57,39.57,0.0000,0.0666,3.481474
1636,redandblack,driving_B_2020.02.14_09.38.22.csv,train/driving_B_2020.02.14_09.38.22.csv#block-000@time-960.000s,block-000,960.000,73.1916,73.19,73.19,0.0000,0.0660,3.348642
1637,soldier,driving_B_2020.02.27_17.30.15.csv,train/driving_B_2020.02.27_17.30.15.csv#block-002@time-353.000s,block-002,353.000,-15.7617,-15.76,-15.76,0.0000,0.0654,3.159060
1638,longdress,static_B_2019.12.16_13.40.04.csv,train/static_B_2019.12.16_13.40.04.csv#block-005@time-2006.000s,block-005,2006.000,52.9384,52.94,52.94,0.0000,0.0649,3.359060
1639,loot,driving_B_2020.02.13_13.03.24.csv,train/driving_B_2020.02.13_13.03.24.csv#block-000@time-420.000s,block-000,420.000,31.4632,31.46,31.46,0.0000,0.0643,3.498386
1640,redandblack,driving_B_2020.02.13_13.03.24.csv,train/driving_B_2020.02.13_13.03.24.csv#block-000@time-0.000s,block-000,0.000,12.1775,12.18,12.18,0.0000,0.0637,3.752314
1641,soldier,driving_B_2020.02.27_17.30.15.csv,train/driving_B_2020.02.27_17.30.15.csv#block-002@time-473.000s,block-002,473.000,-195.4611,-195.46,-195.46,0.0000,0.0632,3.679093
1642,longdress,driving_B_2020.01.16_07.26.43.csv,train/driving_B_2020.01.16_07.26.43.csv#block-000@time-1440.000s,block-000,1440.000,49.1597,49.16,49.16,0.0000,0.0626,3.154286
1643,loot,static_B_2019.12.16_13.40.04.csv,train/static_B_2019.12.16_13.40.04.csv#block-000@time-420.000s,block-000,420.000,80.7706,80.77,80.77,0.0000,0.0620,3.906505
1644,redandblack,driving_B_2020.01.16_12.10.03.csv,train/driving_B_2020.01.16_12.10.03.csv#block-000@time-240.000s,block-000,240.000,88.6928,88.69,88.69,0.9174,0.0614,3.644580
1645,soldier,driving_B_2020.02.13_13.03.24.csv,train/driving_B_2020.02.13_13.03.24.csv#block-001@time-1934.000s,block-001,1934.000,12.5270,12.53,12.53,0.0000,0.0609,3.312240
1646,longdress,driving_B_2019.12.16_12.27.05.csv,train/driving_B_2019.12.16_12.27.05.csv#block-000@time-900.000s,block-000,900.000,77.4638,77.46,77.46,0.1168,0.0603,3.624136
1647,loot,driving_B_2020.02.14_12.58.17.csv,train/driving_B_2020.02.14_12.58.17.csv#block-002@time-656.000s,block-002,656.000,57.1236,57.12,57.12,0.0000,0.0597,3.414150
1648,redandblack,driving_B_2019.12.17_07.32.39.csv,train/driving_B_2019.12.17_07.32.39.csv#block-000@time-240.000s,block-000,240.000,23.0091,23.01,23.01,0.0000,0.0592,3.573068
1649,soldier,static_B_2020.02.14_13.21.26.csv,train/static_B_2020.02.14_13.21.26.csv#block-000@time-420.000s,block-000,420.000,68.1965,68.20,68.20,0.4540,0.0586,3.526927
1650,longdress,driving_B_2020.02.14_12.58.17.csv,train/driving_B_2020.02.14_12.58.17.csv#block-002@time-596.000s,block-002,596.000,30.1983,30.20,30.20,0.0000,0.0580,3.357952
1651,loot,driving_B_2020.02.14_12.58.17.csv,train/driving_B_2020.02.14_12.58.17.csv#block-000@time-0.000s,block-000,0.000,33.8243,33.82,33.82,0.0000,0.0575,3.784951
1652,redandblack,static_B_2020.02.14_13.21.26.csv,train/static_B_2020.02.14_13.21.26.csv#block-000@time-1020.000s,block-000,1020.000,87.7464,87.75,87.75,1.1175,0.0569,3.378990
1653,soldier,driving_B_2020.02.14_09.38.22.csv,train/driving_B_2020.02.14_09.38.22.csv#block-000@time-780.000s,block-000,780.000,77.9396,77.94,77.94,0.0000,0.0563,3.688082
1654,longdress,driving_B_2019.12.16_12.27.05.csv,train/driving_B_2019.12.16_12.27.05.csv#block-000@time-360.000s,block-000,360.000,-0.5632,-0.56,-0.56,0.0000,0.0557,3.479918
1655,loot,static_B_2019.12.16_13.40.04.csv,train/static_B_2019.12.16_13.40.04.csv#block-005@time-1826.000s,block-005,1826.000,80.2180,80.22,80.22,0.0000,0.0552,3.600416
1656,redandblack,driving_B_2020.01.16_12.10.03.csv,train/driving_B_2020.01.16_12.10.03.csv#block-000@time-60.000s,block-000,60.000,56.9064,56.91,56.91,0.0000,0.0546,3.551793
1657,soldier,driving_B_2020.02.13_13.03.24.csv,train/driving_B_2020.02.13_13.03.24.csv#block-001@time-1874.000s,block-001,1874.000,9.1596,9.16,9.16,0.0000,0.0540,3.565986
1658,longdress,driving_B_2020.01.16_07.26.43.csv,train/driving_B_2020.01.16_07.26.43.csv#block-000@time-1800.000s,block-000,1800.000,32.1005,32.10,32.10,0.0000,0.0535,3.151154
1659,loot,driving_B_2020.01.16_09.56.56.csv,train/driving_B_2020.01.16_09.56.56.csv#block-001@time-699.000s,block-001,699.000,84.7550,84.75,84.75,1.9076,0.0529,3.492707
1660,redandblack,driving_B_2019.12.16_12.27.05.csv,train/driving_B_2019.12.16_12.27.05.csv#block-000@time-420.000s,block-000,420.000,-111.2916,-111.29,-111.29,0.0000,0.0523,3.881671
1661,soldier,driving_B_2020.02.13_13.03.24.csv,train/driving_B_2020.02.13_13.03.24.csv#block-001@time-1034.000s,block-001,1034.000,22.5693,22.57,22.57,0.0000,0.0517,3.343321
1662,longdress,driving_B_2020.02.14_09.38.22.csv,train/driving_B_2020.02.14_09.38.22.csv#block-000@time-0.000s,block-000,0.000,-0.6172,-0.62,-0.62,0.0000,0.0512,3.516144
1663,loot,driving_B_2019.12.16_12.27.05.csv,train/driving_B_2019.12.16_12.27.05.csv#block-000@time-120.000s,block-000,120.000,44.0341,44.03,44.03,0.0000,0.0506,3.432485
1664,redandblack,driving_B_2020.02.14_09.38.22.csv,train/driving_B_2020.02.14_09.38.22.csv#block-000@time-480.000s,block-000,480.000,30.1603,30.16,30.16,0.0000,0.0500,3.545211
1665,longdress,driving_B_2020.01.16_12.10.03.csv,train/driving_B_2020.01.16_12.10.03.csv#block-000@time-240.000s,block-000,240.000,85.8230,85.82,85.82,0.0000,0.0500,3.580479
1666,loot,driving_B_2020.02.13_13.03.24.csv,train/driving_B_2020.02.13_13.03.24.csv#block-007@time-2290.000s,block-007,2290.000,-33.7357,-33.74,-33.74,0.0000,0.0500,3.128850
1667,redandblack,driving_B_2020.01.16_07.26.43.csv,train/driving_B_2020.01.16_07.26.43.csv#block-000@time-780.000s,block-000,780.000,44.0339,44.03,44.03,0.0000,0.0500,3.619663
1668,soldier,driving_B_2020.02.13_13.03.24.csv,train/driving_B_2020.02.13_13.03.24.csv#block-000@time-120.000s,block-000,120.000,10.8445,10.84,10.84,0.0000,0.0500,3.528582
1669,longdress,static_B_2019.12.16_13.40.04.csv,train/static_B_2019.12.16_13.40.04.csv#block-000@time-0.000s,block-000,0.000,60.5434,60.54,60.54,0.0000,0.0500,3.690748
1670,loot,driving_B_2019.12.16_12.27.05.csv,train/driving_B_2019.12.16_12.27.05.csv#block-000@time-840.000s,block-000,840.000,52.1064,52.11,52.11,0.0000,0.0500,3.278688
1671,redandblack,driving_B_2020.02.14_09.38.22.csv,train/driving_B_2020.02.14_09.38.22.csv#block-000@time-1080.000s,block-000,1080.000,88.7279,88.73,88.73,0.3726,0.0500,3.107125
1672,soldier,static_B_2020.02.27_18.39.27.csv,train/static_B_2020.02.27_18.39.27.csv#block-001@time-372.000s,block-001,372.000,77.7556,77.76,77.76,0.0000,0.0500,3.278461
1673,longdress,static_B_2020.02.14_13.21.26.csv,train/static_B_2020.02.14_13.21.26.csv#block-000@time-960.000s,block-000,960.000,57.6017,57.60,57.60,0.0000,0.0500,3.685180
1674,loot,driving_B_2020.02.14_12.58.17.csv,train/driving_B_2020.02.14_12.58.17.csv#block-000@time-0.000s,block-000,0.000,38.5863,38.59,38.59,0.0000,0.0500,3.526706
1675,redandblack,static_B_2020.02.27_18.39.27.csv,train/static_B_2020.02.27_18.39.27.csv#block-001@time-3372.000s,block-001,3372.000,76.9538,76.95,76.95,0.0000,0.0500,3.757789
1676,soldier,driving_B_2020.01.16_12.10.03.csv,train/driving_B_2020.01.16_12.10.03.csv#block-000@time-240.000s,block-000,240.000,85.3307,85.33,85.33,0.1931,0.0500,3.771754
1677,longdress,static_B_2019.12.16_13.40.04.csv,train/static_B_2019.12.16_13.40.04.csv#block-001@time-715.000s,block-001,715.000,49.6687,49.67,49.67,0.0000,0.0500,3.336310
1678,loot,driving_B_2019.12.17_07.32.39.csv,train/driving_B_2019.12.17_07.32.39.csv#block-000@time-1440.000s,block-000,1440.000,88.7301,88.73,88.73,1.2147,0.0500,3.483042
1679,redandblack,driving_B_2020.02.14_12.58.17.csv,train/driving_B_2020.02.14_12.58.17.csv#block-002@time-656.000s,block-002,656.000,57.9251,57.93,57.93,0.0000,0.0500,2.879889
1680,soldier,driving_B_2019.12.17_07.32.39.csv,train/driving_B_2019.12.17_07.32.39.csv#block-000@time-1200.000s,block-000,1200.000,84.0759,84.08,84.08,1.0258,0.0500,3.153374
1681,longdress,driving_B_2020.02.14_09.38.22.csv,train/driving_B_2020.02.14_09.38.22.csv#block-000@time-1020.000s,block-000,1020.000,74.3087,74.31,74.31,0.0000,0.0500,3.735333
1682,loot,driving_B_2020.02.14_12.58.17.csv,train/driving_B_2020.02.14_12.58.17.csv#block-002@time-536.000s,block-002,536.000,-93.5965,-93.60,-93.60,0.0000,0.0500,3.414914
1683,redandblack,driving_B_2020.02.13_15.02.01.csv,train/driving_B_2020.02.13_15.02.01.csv#block-000@time-1920.000s,block-000,1920.000,56.4455,56.45,56.45,0.0000,0.0500,3.272599
1684,soldier,driving_B_2020.02.13_13.03.24.csv,train/driving_B_2020.02.13_13.03.24.csv#block-001@time-1754.000s,block-001,1754.000,28.2762,28.28,28.28,0.0000,0.0500,3.629288
1685,longdress,driving_B_2020.01.16_09.56.56.csv,train/driving_B_2020.01.16_09.56.56.csv#block-001@time-699.000s,block-001,699.000,83.4575,83.46,83.46,1.2759,0.0500,3.315907
1686,loot,driving_B_2020.01.16_09.56.56.csv,train/driving_B_2020.01.16_09.56.56.csv#block-000@time-180.000s,block-000,180.000,53.6511,53.65,53.65,0.0000,0.0500,3.151357
1687,redandblack,driving_B_2020.01.16_12.10.03.csv,train/driving_B_2020.01.16_12.10.03.csv#block-000@time-60.000s,block-000,60.000,63.4982,63.50,63.50,0.0000,0.0500,3.869462
1688,soldier,driving_B_2020.02.13_13.03.24.csv,train/driving_B_2020.02.13_13.03.24.csv#block-001@time-1274.000s,block-001,1274.000,9.2480,9.25,9.25,0.0000,0.0500,3.207998
1689,longdress,static_B_2020.02.27_18.39.27.csv,train/static_B_2020.02.27_18.39.27.csv#block-001@time-5352.000s,block-001,5352.000,11.9516,11.95,11.95,0.0000,0.0500,3.522846
1690,loot,driving_B_2020.02.13_15.02.01.csv,train/driving_B_2020.02.13_15.02.01.csv#block-000@time-1020.000s,block-000,1020.000,88.6933,88.69,88.69,1.6827,0.0500,3.580381
1691,redandblack,driving_B_2020.02.14_12.58.17.csv,train/driving_B_2020.02.14_12.58.17.csv#block-000@time-0.000s,block-000,0.000,36.9847,36.98,36.98,0.0000,0.0500,3.489215
1692,soldier,driving_B_2020.01.16_07.26.43.csv,train/driving_B_2020.01.16_07.26.43.csv#block-000@time-660.000s,block-000,660.000,37.3414,37.34,37.34,0.0000,0.0500,3.517420
1693,longdress,driving_B_2020.02.13_15.02.01.csv,train/driving_B_2020.02.13_15.02.01.csv#block-000@time-2280.000s,block-000,2280.000,42.8617,42.86,42.86,0.0000,0.0500,3.719202
1694,loot,static_B_2020.02.27_18.39.27.csv,train/static_B_2020.02.27_18.39.27.csv#block-001@time-792.000s,block-001,792.000,79.8059,79.81,79.81,1.1089,0.0500,3.638709
1695,redandblack,driving_B_2020.01.16_09.56.56.csv,train/driving_B_2020.01.16_09.56.56.csv#block-001@time-1599.000s,block-001,1599.000,66.5340,66.53,66.53,0.0000,0.0500,3.533596
1696,soldier,driving_B_2020.02.13_15.02.01.csv,train/driving_B_2020.02.13_15.02.01.csv#block-000@time-600.000s,block-000,600.000,37.7616,37.76,37.76,0.0000,0.0500,3.473508
1697,longdress,driving_B_2020.01.16_07.26.43.csv,train/driving_B_2020.01.16_07.26.43.csv#block-000@time-840.000s,block-000,840.000,57.5981,57.60,57.60,0.0000,0.0500,3.405480
1698,loot,driving_B_2020.01.16_07.26.43.csv,train/driving_B_2020.01.16_07.26.43.csv#block-000@time-900.000s,block-000,900.000,54.0768,54.08,54.08,0.0000,0.0500,3.373006
1699,redandblack,static_B_2020.02.27_18.39.27.csv,train/static_B_2020.02.27_18.39.27.csv#block-001@time-5412.000s,block-001,5412.000,65.8237,65.82,65.82,0.0000,0.0500,3.394432
1700,soldier,driving_B_2020.02.14_09.38.22.csv,train/driving_B_2020.02.14_09.38.22.csv#block-000@time-1080.000s,block-000,1080.000,78.2670,78.27,78.27,0.0000,0.0500,3.454359
1701,longdress,driving_B_2020.02.14_12.58.17.csv,train/driving_B_2020.02.14_12.58.17.csv#block-002@time-656.000s,block-002,656.000,36.3810,36.38,36.38,0.0000,0.0500,3.339002
1702,loot,driving_B_2019.12.17_07.32.39.csv,train/driving_B_2019.12.17_07.32.39.csv#block-003@time-2074.000s,block-003,2074.000,36.0752,36.08,36.08,0.0000,0.0500,3.296592
1703,redandblack,static_B_2019.12.16_13.40.04.csv,train/static_B_2019.12.16_13.40.04.csv#block-005@time-1346.000s,block-005,1346.000,21.5094,21.51,21.51,0.0000,0.0500,3.532637
1704,soldier,driving_B_2020.01.16_09.56.56.csv,train/driving_B_2020.01.16_09.56.56.csv#block-001@time-519.000s,block-001,519.000,52.3417,52.34,52.34,0.0000,0.0500,3.075349
1705,longdress,driving_B_2020.01.16_09.56.56.csv,train/driving_B_2020.01.16_09.56.56.csv#block-001@time-1059.000s,block-001,1059.000,33.6258,33.63,33.63,0.0000,0.0500,3.636407
1706,loot,driving_B_2020.01.16_12.10.03.csv,train/driving_B_2020.01.16_12.10.03.csv#block-000@time-120.000s,block-000,120.000,89.6400,89.64,89.64,1.0662,0.0500,3.112036
1707,redandblack,driving_B_2020.02.27_17.30.15.csv,train/driving_B_2020.02.27_17.30.15.csv#block-002@time-293.000s,block-002,293.000,-136.5097,-136.51,-136.51,0.0000,0.0500,3.965418
1708,soldier,driving_B_2020.02.14_09.38.22.csv,train/driving_B_2020.02.14_09.38.22.csv#block-000@time-480.000s,block-000,480.000,-2.4858,-2.49,-2.49,0.0000,0.0500,3.467875
1709,longdress,driving_B_2019.12.16_12.27.05.csv,train/driving_B_2019.12.16_12.27.05.csv#block-000@time-1080.000s,block-000,1080.000,83.6631,83.66,83.66,0.0000,0.0500,3.268823
1710,loot,driving_B_2020.02.27_17.30.15.csv,train/driving_B_2020.02.27_17.30.15.csv#block-002@time-353.000s,block-002,353.000,-7.1150,-7.11,-7.11,0.0000,0.0500,3.425365
1711,redandblack,driving_B_2020.02.13_15.02.01.csv,train/driving_B_2020.02.13_15.02.01.csv#block-000@time-2640.000s,block-000,2640.000,-50.9101,-50.91,-50.91,0.0000,0.0500,3.819248
1712,soldier,driving_B_2020.02.14_09.38.22.csv,train/driving_B_2020.02.14_09.38.22.csv#block-000@time-360.000s,block-000,360.000,1.1396,1.14,1.14,0.0000,0.0500,3.165977
1713,longdress,static_B_2020.02.14_13.21.26.csv,train/static_B_2020.02.14_13.21.26.csv#block-000@time-240.000s,block-000,240.000,83.8244,83.82,83.82,0.1034,0.0500,3.531229
1714,loot,driving_B_2020.02.14_12.58.17.csv,train/driving_B_2020.02.14_12.58.17.csv#block-000@time-0.000s,block-000,0.000,40.1135,40.11,40.11,0.0000,0.0500,3.565403
1715,redandblack,static_B_2020.02.14_13.21.26.csv,train/static_B_2020.02.14_13.21.26.csv#block-000@time-600.000s,block-000,600.000,87.7139,87.71,87.71,1.1338,0.0500,3.313037
1716,soldier,driving_B_2020.02.13_13.03.24.csv,train/driving_B_2020.02.13_13.03.24.csv#block-001@time-1514.000s,block-001,1514.000,28.6729,28.67,28.67,0.0000,0.0500,3.351203
1717,longdress,driving_B_2019.12.16_12.27.05.csv,train/driving_B_2019.12.16_12.27.05.csv#block-000@time-420.000s,block-000,420.000,-51.1590,-51.16,-51.16,0.0000,0.0500,3.257396
1718,loot,static_B_2019.12.16_13.40.04.csv,train/static_B_2019.12.16_13.40.04.csv#block-005@time-1466.000s,block-005,1466.000,75.4670,75.47,75.47,0.0000,0.0500,3.589012
1719,redandblack,driving_B_2019.12.17_07.32.39.csv,train/driving_B_2019.12.17_07.32.39.csv#block-000@time-600.000s,block-000,600.000,43.9226,43.92,43.92,0.0000,0.0500,3.467730
1720,soldier,driving_B_2020.02.27_17.30.15.csv,train/driving_B_2020.02.27_17.30.15.csv#block-002@time-533.000s,block-002,533.000,1.0704,1.07,1.07,0.0000,0.0500,3.674180
1721,longdress,driving_B_2020.02.13_13.03.24.csv,train/driving_B_2020.02.13_13.03.24.csv#block-000@time-420.000s,block-000,420.000,28.9384,28.94,28.94,0.0000,0.0500,3.422581
1722,loot,driving_B_2020.02.13_13.03.24.csv,train/driving_B_2020.02.13_13.03.24.csv#block-000@time-360.000s,block-000,360.000,34.5011,34.50,34.50,0.0000,0.0500,3.588406
1723,redandblack,driving_B_2020.02.13_15.02.01.csv,train/driving_B_2020.02.13_15.02.01.csv#block-000@time-1560.000s,block-000,1560.000,1.7205,1.72,1.72,0.0000,0.0500,3.258862
1724,soldier,static_B_2020.02.27_18.39.27.csv,train/static_B_2020.02.27_18.39.27.csv#block-001@time-2952.000s,block-001,2952.000,74.7351,74.74,74.74,0.0000,0.0500,3.181826
1725,longdress,driving_B_2020.02.14_12.58.17.csv,train/driving_B_2020.02.14_12.58.17.csv#block-002@time-596.000s,block-002,596.000,31.1122,31.11,31.11,0.0000,0.0500,3.213030
1726,loot,driving_B_2019.12.16_12.27.05.csv,train/driving_B_2019.12.16_12.27.05.csv#block-000@time-240.000s,block-000,240.000,46.7075,46.71,46.71,0.0000,0.0500,2.936001
1727,redandblack,driving_B_2020.01.16_12.10.03.csv,train/driving_B_2020.01.16_12.10.03.csv#block-000@time-300.000s,block-000,300.000,38.5711,38.57,38.57,0.0000,0.0500,3.017246
1728,soldier,driving_B_2020.01.16_09.56.56.csv,train/driving_B_2020.01.16_09.56.56.csv#block-001@time-1179.000s,block-001,1179.000,27.7907,27.79,27.79,0.0000,0.0500,3.586233
1729,longdress,driving_B_2020.01.16_12.10.03.csv,train/driving_B_2020.01.16_12.10.03.csv#block-000@time-60.000s,block-000,60.000,47.1180,47.12,47.12,0.0000,0.0500,3.395730
1730,loot,static_B_2019.12.16_13.40.04.csv,train/static_B_2019.12.16_13.40.04.csv#block-001@time-655.000s,block-001,655.000,61.7865,61.79,61.79,0.0000,0.0500,3.362363
1731,redandblack,static_B_2019.12.16_13.40.04.csv,train/static_B_2019.12.16_13.40.04.csv#block-001@time-955.000s,block-001,955.000,78.6680,78.67,78.67,0.0000,0.0500,3.773226
1732,soldier,driving_B_2019.12.16_12.27.05.csv,train/driving_B_2019.12.16_12.27.05.csv#block-000@time-540.000s,block-000,540.000,-21.9625,-21.96,-21.96,0.0000,0.0500,3.461463
1733,longdress,driving_B_2020.02.14_12.58.17.csv,train/driving_B_2020.02.14_12.58.17.csv#block-002@time-596.000s,block-002,596.000,-1.8920,-1.89,-1.89,0.0000,0.0500,3.540591
1734,loot,static_B_2020.02.14_13.21.26.csv,train/static_B_2020.02.14_13.21.26.csv#block-000@time-900.000s,block-000,900.000,73.3004,73.30,73.30,0.0000,0.0500,3.099878
1735,redandblack,driving_B_2020.02.13_15.02.01.csv,train/driving_B_2020.02.13_15.02.01.csv#block-000@time-480.000s,block-000,480.000,84.9667,84.97,84.97,0.2758,0.0500,3.722637
1736,soldier,driving_B_2020.01.16_07.26.43.csv,train/driving_B_2020.01.16_07.26.43.csv#block-000@time-600.000s,block-000,600.000,24.2964,24.30,24.30,0.0000,0.0500,3.554259
1737,longdress,driving_B_2020.01.16_12.10.03.csv,train/driving_B_2020.01.16_12.10.03.csv#block-000@time-0.000s,block-000,0.000,81.0152,81.02,81.02,0.4635,0.0500,3.475335
1738,loot,driving_B_2020.02.14_09.38.22.csv,train/driving_B_2020.02.14_09.38.22.csv#block-000@time-660.000s,block-000,660.000,44.3094,44.31,44.31,0.0000,0.0500,3.406866
1739,redandblack,driving_B_2020.02.14_09.38.22.csv,train/driving_B_2020.02.14_09.38.22.csv#block-000@time-120.000s,block-000,120.000,32.4046,32.40,32.40,0.0000,0.0500,3.446277
1740,soldier,static_B_2019.12.16_13.40.04.csv,train/static_B_2019.12.16_13.40.04.csv#block-005@time-1766.000s,block-005,1766.000,78.9579,78.96,78.96,0.3089,0.0500,3.469686
1741,longdress,static_B_2019.12.16_13.40.04.csv,train/static_B_2019.12.16_13.40.04.csv#block-001@time-595.000s,block-001,595.000,69.6456,69.65,69.65,0.0000,0.0500,3.420052
1742,loot,driving_B_2020.01.16_07.26.43.csv,train/driving_B_2020.01.16_07.26.43.csv#block-000@time-300.000s,block-000,300.000,58.8770,58.88,58.88,0.0000,0.0500,3.323496
1743,redandblack,driving_B_2020.02.27_17.30.15.csv,train/driving_B_2020.02.27_17.30.15.csv#block-002@time-353.000s,block-002,353.000,-20.1938,-20.19,-20.19,0.0000,0.0500,3.523550
1744,soldier,driving_B_2020.01.16_12.10.03.csv,train/driving_B_2020.01.16_12.10.03.csv#block-000@time-360.000s,block-000,360.000,63.2662,63.27,63.27,0.0000,0.0500,3.692478
1745,longdress,static_B_2020.02.27_18.39.27.csv,train/static_B_2020.02.27_18.39.27.csv#block-001@time-3672.000s,block-001,3672.000,64.2503,64.25,64.25,0.4126,0.0500,3.421915
1746,loot,driving_B_2020.02.13_13.03.24.csv,train/driving_B_2020.02.13_13.03.24.csv#block-001@time-1874.000s,block-001,1874.000,25.2187,25.22,25.22,0.0000,0.0500,3.627029
1747,redandblack,driving_B_2020.02.27_17.30.15.csv,train/driving_B_2020.02.27_17.30.15.csv#block-002@time-533.000s,block-002,533.000,-3.3204,-3.32,-3.32,0.0000,0.0500,3.287608
1748,soldier,static_B_2019.12.16_13.40.04.csv,train/static_B_2019.12.16_13.40.04.csv#block-001@time-1135.000s,block-001,1135.000,58.8708,58.87,58.87,0.0000,0.0500,4.156783
1749,longdress,static_B_2020.02.27_18.39.27.csv,train/static_B_2020.02.27_18.39.27.csv#block-001@time-1872.000s,block-001,1872.000,47.9088,47.91,47.91,0.0000,0.0500,3.090167
1750,loot,static_B_2020.02.27_18.39.27.csv,train/static_B_2020.02.27_18.39.27.csv#block-001@time-2592.000s,block-001,2592.000,70.9935,70.99,70.99,0.0000,0.0500,3.205595
1751,redandblack,static_B_2020.02.27_18.39.27.csv,train/static_B_2020.02.27_18.39.27.csv#block-001@time-2412.000s,block-001,2412.000,63.5712,63.57,63.57,0.0000,0.0500,3.463354
1752,soldier,static_B_2020.02.27_18.39.27.csv,train/static_B_2020.02.27_18.39.27.csv#block-001@time-3072.000s,block-001,3072.000,68.4628,68.46,68.46,0.0000,0.0500,3.275695
1753,longdress,driving_B_2020.01.16_09.56.56.csv,train/driving_B_2020.01.16_09.56.56.csv#block-000@time-0.000s,block-000,0.000,40.5866,40.59,40.59,0.0000,0.0500,3.303335
1754,loot,driving_B_2019.12.17_07.32.39.csv,train/driving_B_2019.12.17_07.32.39.csv#block-004@time-2537.000s,block-004,2537.000,87.9726,87.97,87.97,2.2011,0.0500,3.319747
1755,redandblack,driving_B_2020.01.16_09.56.56.csv,train/driving_B_2020.01.16_09.56.56.csv#block-001@time-759.000s,block-001,759.000,46.2324,46.23,46.23,0.0000,0.0500,3.454866
1756,soldier,static_B_2020.02.14_13.21.26.csv,train/static_B_2020.02.14_13.21.26.csv#block-000@time-780.000s,block-000,780.000,83.5617,83.56,83.56,0.5387,0.0500,3.243467
1757,longdress,driving_B_2020.02.27_17.30.15.csv,train/driving_B_2020.02.27_17.30.15.csv#block-002@time-353.000s,block-002,353.000,-16.2998,-16.30,-16.30,0.0000,0.0500,3.328210
1758,loot,driving_B_2020.02.14_09.38.22.csv,train/driving_B_2020.02.14_09.38.22.csv#block-000@time-300.000s,block-000,300.000,20.4077,20.41,20.41,0.0000,0.0500,4.006952
1759,redandblack,static_B_2020.02.14_13.21.26.csv,train/static_B_2020.02.14_13.21.26.csv#block-000@time-540.000s,block-000,540.000,88.0203,88.02,88.02,0.0000,0.0500,3.237078
1760,soldier,driving_B_2019.12.16_12.27.05.csv,train/driving_B_2019.12.16_12.27.05.csv#block-000@time-840.000s,block-000,840.000,50.7298,50.73,50.73,0.0000,0.0500,3.421616
1761,longdress,driving_B_2020.02.27_17.30.15.csv,train/driving_B_2020.02.27_17.30.15.csv#block-002@time-293.000s,block-002,293.000,-115.9510,-115.95,-115.95,0.0000,0.0500,3.270675
1762,loot,driving_B_2020.01.16_07.26.43.csv,train/driving_B_2020.01.16_07.26.43.csv#block-000@time-1740.000s,block-000,1740.000,23.0779,23.08,23.08,0.0000,0.0500,3.466208
1763,redandblack,driving_B_2019.12.17_07.32.39.csv,train/driving_B_2019.12.17_07.32.39.csv#block-000@time-660.000s,block-000,660.000,31.2512,31.25,31.25,0.0000,0.0500,3.735276
1764,soldier,driving_B_2020.02.13_13.03.24.csv,train/driving_B_2020.02.13_13.03.24.csv#block-001@time-1994.000s,block-001,1994.000,63.2003,63.20,63.20,0.0000,0.0500,3.157775
1765,longdress,static_B_2020.02.14_13.21.26.csv,train/static_B_2020.02.14_13.21.26.csv#block-000@time-420.000s,block-000,420.000,85.2657,85.27,85.27,0.0000,0.0500,3.210903
1766,loot,driving_B_2020.01.16_07.26.43.csv,train/driving_B_2020.01.16_07.26.43.csv#block-000@time-1560.000s,block-000,1560.000,28.3336,28.33,28.33,0.0000,0.0500,3.558330
1767,redandblack,driving_B_2019.12.16_12.27.05.csv,train/driving_B_2019.12.16_12.27.05.csv#block-000@time-1200.000s,block-000,1200.000,31.3168,31.32,31.32,0.0000,0.0500,3.194771
1768,soldier,driving_B_2020.02.14_09.38.22.csv,train/driving_B_2020.02.14_09.38.22.csv#block-000@time-900.000s,block-000,900.000,-8.5052,-8.51,-8.51,0.0000,0.0500,3.305687
1769,longdress,static_B_2019.12.16_13.40.04.csv,train/static_B_2019.12.16_13.40.04.csv#block-005@time-1526.000s,block-005,1526.000,55.7026,55.70,55.70,0.0000,0.0500,3.657474
1770,loot,driving_B_2020.01.16_07.26.43.csv,train/driving_B_2020.01.16_07.26.43.csv#block-000@time-1440.000s,block-000,1440.000,54.0785,54.08,54.08,0.0000,0.0500,3.900386
1771,redandblack,driving_B_2020.01.16_12.10.03.csv,train/driving_B_2020.01.16_12.10.03.csv#block-000@time-300.000s,block-000,300.000,45.2818,45.28,45.28,0.0000,0.0500,3.329952
1772,soldier,driving_B_2020.02.14_09.38.22.csv,train/driving_B_2020.02.14_09.38.22.csv#block-000@time-1560.000s,block-000,1560.000,17.8587,17.86,17.86,0.0000,0.0500,3.424416
1773,longdress,driving_B_2020.01.16_12.10.03.csv,train/driving_B_2020.01.16_12.10.03.csv#block-000@time-240.000s,block-000,240.000,78.1116,78.11,78.11,0.0000,0.0500,3.178479
1774,loot,driving_B_2020.01.16_07.26.43.csv,train/driving_B_2020.01.16_07.26.43.csv#block-000@time-180.000s,block-000,180.000,10.1705,10.17,10.17,0.0000,0.0500,2.994496
1775,redandblack,driving_B_2020.02.13_13.03.24.csv,train/driving_B_2020.02.13_13.03.24.csv#block-001@time-1454.000s,block-001,1454.000,35.4714,35.47,35.47,0.0000,0.0500,3.206425
1776,soldier,driving_B_2020.02.27_17.30.15.csv,train/driving_B_2020.02.27_17.30.15.csv#block-002@time-293.000s,block-002,293.000,-188.4516,-188.45,-188.45,0.0000,0.0500,3.418787
1777,longdress,driving_B_2020.02.13_13.03.24.csv,train/driving_B_2020.02.13_13.03.24.csv#block-001@time-1694.000s,block-001,1694.000,33.1376,33.14,33.14,0.0000,0.0500,3.907399
1778,loot,static_B_2019.12.16_13.40.04.csv,train/static_B_2019.12.16_13.40.04.csv#block-005@time-2006.000s,block-005,2006.000,61.2247,61.22,61.22,0.0000,0.0500,3.369620
1779,redandblack,driving_B_2020.02.13_15.02.01.csv,train/driving_B_2020.02.13_15.02.01.csv#block-000@time-2940.000s,block-000,2940.000,32.6615,32.66,32.66,0.0000,0.0500,3.146359
1780,soldier,driving_B_2020.02.13_13.03.24.csv,train/driving_B_2020.02.13_13.03.24.csv#block-001@time-1094.000s,block-001,1094.000,15.4186,15.42,15.42,0.0000,0.0500,3.615531
1781,longdress,driving_B_2020.02.13_13.03.24.csv,train/driving_B_2020.02.13_13.03.24.csv#block-001@time-1214.000s,block-001,1214.000,29.2762,29.28,29.28,0.0000,0.0500,3.468740
1782,loot,static_B_2020.02.14_13.21.26.csv,train/static_B_2020.02.14_13.21.26.csv#block-000@time-960.000s,block-000,960.000,60.6601,60.66,60.66,0.0000,0.0500,3.321088
1783,redandblack,static_B_2019.12.16_13.40.04.csv,train/static_B_2019.12.16_13.40.04.csv#block-001@time-835.000s,block-001,835.000,87.2971,87.30,87.30,1.1629,0.0500,3.392046
1784,soldier,static_B_2019.12.16_13.40.04.csv,train/static_B_2019.12.16_13.40.04.csv#block-000@time-120.000s,block-000,120.000,85.2863,85.29,85.29,0.0000,0.0500,3.283037
1785,longdress,static_B_2020.02.14_13.21.26.csv,train/static_B_2020.02.14_13.21.26.csv#block-000@time-720.000s,block-000,720.000,80.1683,80.17,80.17,0.0000,0.0500,3.430428
1786,loot,driving_B_2020.02.13_13.03.24.csv,train/driving_B_2020.02.13_13.03.24.csv#block-000@time-180.000s,block-000,180.000,32.7281,32.73,32.73,0.0000,0.0500,3.859847
1787,redandblack,driving_B_2020.02.27_17.30.15.csv,train/driving_B_2020.02.27_17.30.15.csv#block-002@time-413.000s,block-002,413.000,31.5517,31.55,31.55,0.0000,0.0500,3.492772
1788,soldier,driving_B_2020.01.16_09.56.56.csv,train/driving_B_2020.01.16_09.56.56.csv#block-000@time-120.000s,block-000,120.000,-38.9061,-38.91,-38.91,0.0000,0.0500,3.696014
1789,longdress,driving_B_2020.02.13_13.03.24.csv,train/driving_B_2020.02.13_13.03.24.csv#block-000@time-0.000s,block-000,0.000,25.6628,25.66,25.66,0.0000,0.0500,3.072541
1790,loot,driving_B_2019.12.16_12.27.05.csv,train/driving_B_2019.12.16_12.27.05.csv#block-000@time-720.000s,block-000,720.000,-0.7432,-0.74,-0.74,0.0000,0.0500,3.365193
1791,redandblack,driving_B_2020.01.16_07.26.43.csv,train/driving_B_2020.01.16_07.26.43.csv#block-000@time-540.000s,block-000,540.000,22.6450,22.65,22.65,0.0000,0.0500,3.095102
1792,soldier,driving_B_2020.02.14_09.38.22.csv,train/driving_B_2020.02.14_09.38.22.csv#block-000@time-540.000s,block-000,540.000,25.6420,25.64,25.64,0.0000,0.0500,3.022217
1793,longdress,driving_B_2020.02.27_17.30.15.csv,train/driving_B_2020.02.27_17.30.15.csv#block-002@time-413.000s,block-002,413.000,29.7361,29.74,29.74,0.0000,0.0500,3.248841
1794,loot,static_B_2020.02.14_13.21.26.csv,train/static_B_2020.02.14_13.21.26.csv#block-000@time-480.000s,block-000,480.000,90.0943,90.09,90.09,1.6809,0.0500,3.171717
1795,redandblack,driving_B_2019.12.17_07.32.39.csv,train/driving_B_2019.12.17_07.32.39.csv#block-003@time-1774.000s,block-003,1774.000,44.2744,44.27,44.27,0.0000,0.0500,3.597438
1796,soldier,driving_B_2019.12.16_12.27.05.csv,train/driving_B_2019.12.16_12.27.05.csv#block-000@time-300.000s,block-000,300.000,24.4083,24.41,24.41,0.0000,0.0500,3.186445
1797,longdress,driving_B_2020.02.14_09.38.22.csv,train/driving_B_2020.02.14_09.38.22.csv#block-000@time-180.000s,block-000,180.000,22.5465,22.55,22.55,0.0000,0.0500,3.732194
1798,loot,driving_B_2020.02.14_09.38.22.csv,train/driving_B_2020.02.14_09.38.22.csv#block-000@time-1440.000s,block-000,1440.000,78.9990,79.00,79.00,1.3977,0.0500,3.402251
1799,redandblack,static_B_2019.12.16_13.40.04.csv,train/static_B_2019.12.16_13.40.04.csv#block-006@time-2172.000s,block-006,2172.000,76.6500,76.65,76.65,1.7180,0.0500,3.306736
1800,soldier,driving_B_2020.01.16_09.56.56.csv,train/driving_B_2020.01.16_09.56.56.csv#block-001@time-699.000s,block-001,699.000,80.5650,80.57,80.57,0.2276,0.0500,2.970066
1801,longdress,driving_B_2020.01.16_07.26.43.csv,train/driving_B_2020.01.16_07.26.43.csv#block-000@time-960.000s,block-000,960.000,9.2356,9.24,9.24,0.0000,0.0500,3.032063
1802,loot,driving_B_2020.02.27_17.30.15.csv,train/driving_B_2020.02.27_17.30.15.csv#block-002@time-353.000s,block-002,353.000,-10.0447,-10.04,-10.04,0.0000,0.0500,3.849720
1803,redandblack,driving_B_2019.12.17_07.32.39.csv,train/driving_B_2019.12.17_07.32.39.csv#block-003@time-2014.000s,block-003,2014.000,20.7684,20.77,20.77,0.0000,0.0500,3.463777
1804,soldier,driving_B_2020.02.14_12.58.17.csv,train/driving_B_2020.02.14_12.58.17.csv#block-002@time-656.000s,block-002,656.000,38.2198,38.22,38.22,0.0000,0.0500,3.961004
1805,longdress,driving_B_2020.01.16_07.26.43.csv,train/driving_B_2020.01.16_07.26.43.csv#block-000@time-1260.000s,block-000,1260.000,41.8499,41.85,41.85,0.0000,0.0500,3.945761
1806,loot,driving_B_2020.01.16_07.26.43.csv,train/driving_B_2020.01.16_07.26.43.csv#block-000@time-240.000s,block-000,240.000,36.3876,36.39,36.39,0.0000,0.0500,4.079397
1807,redandblack,driving_B_2020.01.16_12.10.03.csv,train/driving_B_2020.01.16_12.10.03.csv#block-000@time-180.000s,block-000,180.000,89.0013,89.00,89.00,0.0000,0.0500,3.660521
1808,soldier,driving_B_2019.12.17_07.32.39.csv,train/driving_B_2019.12.17_07.32.39.csv#block-000@time-1140.000s,block-000,1140.000,44.4921,44.49,44.49,0.0000,0.0500,3.734379
1809,longdress,driving_B_2020.01.16_12.10.03.csv,train/driving_B_2020.01.16_12.10.03.csv#block-000@time-0.000s,block-000,0.000,81.4678,81.47,81.47,0.2909,0.0500,3.319750
1810,loot,static_B_2020.02.27_18.39.27.csv,train/static_B_2020.02.27_18.39.27.csv#block-001@time-1272.000s,block-001,1272.000,41.2238,41.22,41.22,0.0000,0.0500,4.051639
1811,redandblack,driving_B_2020.01.16_07.26.43.csv,train/driving_B_2020.01.16_07.26.43.csv#block-000@time-1500.000s,block-000,1500.000,37.2654,37.27,37.27,0.0000,0.0500,3.862904
1812,soldier,driving_B_2020.02.13_15.02.01.csv,train/driving_B_2020.02.13_15.02.01.csv#block-000@time-780.000s,block-000,780.000,35.0714,35.07,35.07,0.0000,0.0500,3.799102
1813,longdress,driving_B_2019.12.16_12.27.05.csv,train/driving_B_2019.12.16_12.27.05.csv#block-000@time-600.000s,block-000,600.000,16.2405,16.24,16.24,0.0000,0.0500,3.991778
1814,loot,driving_B_2020.02.13_13.03.24.csv,train/driving_B_2020.02.13_13.03.24.csv#block-001@time-1034.000s,block-001,1034.000,33.6667,33.67,33.67,0.0000,0.0500,3.622297
1815,redandblack,driving_B_2020.01.16_09.56.56.csv,train/driving_B_2020.01.16_09.56.56.csv#block-001@time-1239.000s,block-001,1239.000,53.1865,53.19,53.19,0.0000,0.0500,3.869062
1816,soldier,driving_B_2019.12.17_07.32.39.csv,train/driving_B_2019.12.17_07.32.39.csv#block-000@time-1260.000s,block-000,1260.000,13.4564,13.46,13.46,0.0000,0.0500,3.302219
1817,longdress,driving_B_2020.02.13_15.02.01.csv,train/driving_B_2020.02.13_15.02.01.csv#block-000@time-2160.000s,block-000,2160.000,54.0260,54.03,54.03,0.0000,0.0500,3.571098
1818,loot,driving_B_2020.02.13_15.02.01.csv,train/driving_B_2020.02.13_15.02.01.csv#block-000@time-60.000s,block-000,60.000,83.8395,83.84,83.84,1.2995,0.0500,3.400835
1819,redandblack,driving_B_2020.01.16_12.10.03.csv,train/driving_B_2020.01.16_12.10.03.csv#block-000@time-0.000s,block-000,0.000,77.9826,77.98,77.98,1.5127,0.0500,3.680789
1820,soldier,static_B_2019.12.16_13.40.04.csv,train/static_B_2019.12.16_13.40.04.csv#block-006@time-2232.000s,block-006,2232.000,87.0232,87.02,87.02,0.0000,0.0500,3.688710
1821,longdress,static_B_2020.02.14_13.21.26.csv,train/static_B_2020.02.14_13.21.26.csv#block-000@time-480.000s,block-000,480.000,83.0794,83.08,83.08,0.0000,0.0500,3.631280
1822,loot,driving_B_2019.12.16_12.27.05.csv,train/driving_B_2019.12.16_12.27.05.csv#block-000@time-60.000s,block-000,60.000,35.0843,35.08,35.08,0.0000,0.0500,3.530226
1823,redandblack,driving_B_2020.01.16_12.10.03.csv,train/driving_B_2020.01.16_12.10.03.csv#block-000@time-120.000s,block-000,120.000,84.4775,84.48,84.48,1.4477,0.0500,3.399264
1824,soldier,driving_B_2020.02.27_17.30.15.csv,train/driving_B_2020.02.27_17.30.15.csv#block-002@time-293.000s,block-002,293.000,-71.4262,-71.43,-71.43,0.0000,0.0500,3.843952
1825,longdress,driving_B_2019.12.16_12.27.05.csv,train/driving_B_2019.12.16_12.27.05.csv#block-000@time-1140.000s,block-000,1140.000,56.1224,56.12,56.12,0.0000,0.0500,3.982605
1826,loot,driving_B_2020.02.13_13.03.24.csv,train/driving_B_2020.02.13_13.03.24.csv#block-000@time-300.000s,block-000,300.000,37.1098,37.11,37.11,0.0000,0.0500,3.348666
1827,redandblack,static_B_2020.02.27_18.39.27.csv,train/static_B_2020.02.27_18.39.27.csv#block-001@time-1572.000s,block-001,1572.000,86.1368,86.14,86.14,1.1681,0.0500,3.591305
1828,soldier,driving_B_2020.02.13_15.02.01.csv,train/driving_B_2020.02.13_15.02.01.csv#block-000@time-2580.000s,block-000,2580.000,-75.8818,-75.88,-75.88,0.0000,0.0500,3.521152
1829,longdress,driving_B_2020.02.14_12.58.17.csv,train/driving_B_2020.02.14_12.58.17.csv#block-002@time-656.000s,block-002,656.000,52.0461,52.05,52.05,0.0000,0.0500,3.600584
1830,loot,driving_B_2020.02.14_09.38.22.csv,train/driving_B_2020.02.14_09.38.22.csv#block-000@time-420.000s,block-000,420.000,6.0922,6.09,6.09,0.0000,0.0500,3.924612
1831,redandblack,driving_B_2020.01.16_09.56.56.csv,train/driving_B_2020.01.16_09.56.56.csv#block-001@time-759.000s,block-001,759.000,47.0564,47.06,47.06,0.0000,0.0500,3.595151
1832,soldier,driving_B_2019.12.17_07.32.39.csv,train/driving_B_2019.12.17_07.32.39.csv#block-000@time-240.000s,block-000,240.000,12.0805,12.08,12.08,0.0000,0.0500,3.821779
1833,longdress,driving_B_2020.02.13_13.03.24.csv,train/driving_B_2020.02.13_13.03.24.csv#block-000@time-600.000s,block-000,600.000,36.4888,36.49,36.49,0.0000,0.0500,3.897936
1834,loot,driving_B_2020.01.16_07.26.43.csv,train/driving_B_2020.01.16_07.26.43.csv#block-000@time-1020.000s,block-000,1020.000,-5.6242,-5.62,-5.62,0.0000,0.0500,3.900472
1835,redandblack,static_B_2019.12.16_13.40.04.csv,train/static_B_2019.12.16_13.40.04.csv#block-005@time-1946.000s,block-005,1946.000,80.0307,80.03,80.03,0.0000,0.0500,3.700479
1836,soldier,static_B_2020.02.14_13.21.26.csv,train/static_B_2020.02.14_13.21.26.csv#block-000@time-1020.000s,block-000,1020.000,86.0073,86.01,86.01,0.0000,0.0500,3.736949
1837,longdress,driving_B_2020.01.16_07.26.43.csv,train/driving_B_2020.01.16_07.26.43.csv#block-000@time-1860.000s,block-000,1860.000,3.5373,3.54,3.54,0.0000,0.0500,3.467130
1838,loot,static_B_2020.02.27_18.39.27.csv,train/static_B_2020.02.27_18.39.27.csv#block-001@time-3972.000s,block-001,3972.000,80.7981,80.80,80.80,0.0000,0.0500,3.601505
1839,redandblack,driving_B_2019.12.17_07.32.39.csv,train/driving_B_2019.12.17_07.32.39.csv#block-000@time-120.000s,block-000,120.000,32.7809,32.78,32.78,0.0000,0.0500,3.611058
1840,soldier,driving_B_2020.02.13_13.03.24.csv,train/driving_B_2020.02.13_13.03.24.csv#block-001@time-1154.000s,block-001,1154.000,10.5590,10.56,10.56,0.0000,0.0500,3.424200
1841,longdress,driving_B_2019.12.16_12.27.05.csv,train/driving_B_2019.12.16_12.27.05.csv#block-000@time-900.000s,block-000,900.000,85.9988,86.00,86.00,0.3876,0.0500,3.624477
1842,loot,driving_B_2020.01.16_09.56.56.csv,train/driving_B_2020.01.16_09.56.56.csv#block-001@time-1659.000s,block-001,1659.000,80.0911,80.09,80.09,1.9964,0.0500,3.324176
1843,redandblack,driving_B_2020.01.16_07.26.43.csv,train/driving_B_2020.01.16_07.26.43.csv#block-000@time-1380.000s,block-000,1380.000,41.1444,41.14,41.14,0.0000,0.0500,4.276245
1844,soldier,driving_B_2020.02.27_17.30.15.csv,train/driving_B_2020.02.27_17.30.15.csv#block-002@time-413.000s,block-002,413.000,20.9292,20.93,20.93,0.0000,0.0500,3.371361
1845,longdress,driving_B_2019.12.17_07.32.39.csv,train/driving_B_2019.12.17_07.32.39.csv#block-003@time-2134.000s,block-003,2134.000,41.6412,41.64,41.64,0.0000,0.0500,3.747401
1846,loot,static_B_2020.02.27_18.39.27.csv,train/static_B_2020.02.27_18.39.27.csv#block-001@time-6492.000s,block-001,6492.000,61.8693,61.87,61.87,0.0000,0.0500,3.742249
1847,redandblack,driving_B_2020.01.16_12.10.03.csv,train/driving_B_2020.01.16_12.10.03.csv#block-000@time-60.000s,block-000,60.000,58.5486,58.55,58.55,0.0000,0.0500,4.086319
1848,soldier,static_B_2020.02.27_18.39.27.csv,train/static_B_2020.02.27_18.39.27.csv#block-001@time-6132.000s,block-001,6132.000,68.5683,68.57,68.57,0.0000,0.0500,3.519140
1849,longdress,driving_B_2020.02.14_12.58.17.csv,train/driving_B_2020.02.14_12.58.17.csv#block-002@time-596.000s,block-002,596.000,-15.1072,-15.11,-15.11,0.0000,0.0500,3.721547
1850,loot,driving_B_2020.01.16_12.10.03.csv,train/driving_B_2020.01.16_12.10.03.csv#block-000@time-300.000s,block-000,300.000,42.8257,42.83,42.83,0.0000,0.0500,3.574157
1851,redandblack,driving_B_2020.02.27_17.30.15.csv,train/driving_B_2020.02.27_17.30.15.csv#block-002@time-533.000s,block-002,533.000,-55.6957,-55.70,-55.70,0.0000,0.0500,3.758904
1852,soldier,driving_B_2020.02.13_15.02.01.csv,train/driving_B_2020.02.13_15.02.01.csv#block-000@time-1080.000s,block-000,1080.000,-47.5622,-47.56,-47.56,0.0000,0.0500,3.957462
1853,longdress,static_B_2020.02.14_13.21.26.csv,train/static_B_2020.02.14_13.21.26.csv#block-000@time-0.000s,block-000,0.000,53.2899,53.29,53.29,0.0000,0.0500,3.736424
1854,loot,driving_B_2020.02.13_15.02.01.csv,train/driving_B_2020.02.13_15.02.01.csv#block-000@time-1440.000s,block-000,1440.000,-28.4260,-28.43,-28.43,0.0000,0.0500,4.034448
1855,redandblack,driving_B_2020.01.16_07.26.43.csv,train/driving_B_2020.01.16_07.26.43.csv#block-000@time-1620.000s,block-000,1620.000,27.3597,27.36,27.36,0.0000,0.0500,3.435600
1856,soldier,driving_B_2020.02.13_15.02.01.csv,train/driving_B_2020.02.13_15.02.01.csv#block-000@time-2820.000s,block-000,2820.000,63.4047,63.40,63.40,0.0000,0.0500,3.423900
1857,longdress,driving_B_2020.02.14_09.38.22.csv,train/driving_B_2020.02.14_09.38.22.csv#block-000@time-480.000s,block-000,480.000,15.7391,15.74,15.74,0.2724,0.0500,3.614967
1858,loot,driving_B_2020.02.14_12.58.17.csv,train/driving_B_2020.02.14_12.58.17.csv#block-002@time-716.000s,block-002,716.000,39.7647,39.76,39.76,0.0000,0.0500,3.983528
1859,redandblack,driving_B_2019.12.17_07.32.39.csv,train/driving_B_2019.12.17_07.32.39.csv#block-004@time-2297.000s,block-004,2297.000,78.2317,78.23,78.23,0.0000,0.0500,3.478586
1860,soldier,driving_B_2020.01.16_12.10.03.csv,train/driving_B_2020.01.16_12.10.03.csv#block-000@time-360.000s,block-000,360.000,69.9405,69.94,69.94,0.0000,0.0500,3.648400
1861,longdress,driving_B_2020.01.16_09.56.56.csv,train/driving_B_2020.01.16_09.56.56.csv#block-001@time-1419.000s,block-001,1419.000,54.6931,54.69,54.69,0.0000,0.0500,3.520460
1862,loot,driving_B_2020.02.14_12.58.17.csv,train/driving_B_2020.02.14_12.58.17.csv#block-002@time-716.000s,block-002,716.000,31.6209,31.62,31.62,0.0000,0.0500,4.095656
1863,redandblack,static_B_2019.12.16_13.40.04.csv,train/static_B_2019.12.16_13.40.04.csv#block-000@time-240.000s,block-000,240.000,61.6120,61.61,61.61,0.0000,0.0500,4.235742
1864,soldier,static_B_2019.12.16_13.40.04.csv,train/static_B_2019.12.16_13.40.04.csv#block-000@time-180.000s,block-000,180.000,76.9893,76.99,76.99,0.0000,0.0500,3.900715
1865,longdress,static_B_2020.02.14_13.21.26.csv,train/static_B_2020.02.14_13.21.26.csv#block-000@time-240.000s,block-000,240.000,84.3223,84.32,84.32,0.0000,0.0500,3.513814
1866,loot,driving_B_2020.01.16_12.10.03.csv,train/driving_B_2020.01.16_12.10.03.csv#block-000@time-300.000s,block-000,300.000,43.2262,43.23,43.23,0.0000,0.0500,3.726446
1867,redandblack,driving_B_2020.02.27_17.30.15.csv,train/driving_B_2020.02.27_17.30.15.csv#block-002@time-473.000s,block-002,473.000,-87.6584,-87.66,-87.66,0.0000,0.0500,3.746310
1868,soldier,static_B_2020.02.14_13.21.26.csv,train/static_B_2020.02.14_13.21.26.csv#block-000@time-540.000s,block-000,540.000,88.2997,88.30,88.30,0.0000,0.0500,3.799657
1869,longdress,driving_B_2020.02.14_12.58.17.csv,train/driving_B_2020.02.14_12.58.17.csv#block-002@time-716.000s,block-002,716.000,39.6832,39.68,39.68,0.0000,0.0500,3.855749
1870,loot,driving_B_2019.12.17_07.32.39.csv,train/driving_B_2019.12.17_07.32.39.csv#block-003@time-1834.000s,block-003,1834.000,30.9033,30.90,30.90,0.0000,0.0500,3.819465
1871,redandblack,driving_B_2019.12.16_12.27.05.csv,train/driving_B_2019.12.16_12.27.05.csv#block-000@time-480.000s,block-000,480.000,7.7803,7.78,7.78,0.0000,0.0500,3.518002
1872,soldier,driving_B_2020.02.13_15.02.01.csv,train/driving_B_2020.02.13_15.02.01.csv#block-000@time-180.000s,block-000,180.000,43.7222,43.72,43.72,0.0000,0.0500,3.823771
1873,longdress,driving_B_2020.02.13_15.02.01.csv,train/driving_B_2020.02.13_15.02.01.csv#block-000@time-660.000s,block-000,660.000,49.2003,49.20,49.20,0.0000,0.0500,3.709726
1874,loot,driving_B_2020.02.13_13.03.24.csv,train/driving_B_2020.02.13_13.03.24.csv#block-001@time-914.000s,block-001,914.000,-120.7450,-120.75,-120.75,0.0000,0.0500,3.747302
1875,redandblack,driving_B_2020.02.13_13.03.24.csv,train/driving_B_2020.02.13_13.03.24.csv#block-000@time-660.000s,block-000,660.000,35.7307,35.73,35.73,0.0000,0.0500,3.552365
1876,soldier,driving_B_2019.12.17_07.32.39.csv,train/driving_B_2019.12.17_07.32.39.csv#block-004@time-2357.000s,block-004,2357.000,27.1300,27.13,27.13,0.0000,0.0500,3.549196
1877,longdress,driving_B_2020.01.16_07.26.43.csv,train/driving_B_2020.01.16_07.26.43.csv#block-000@time-360.000s,block-000,360.000,20.7714,20.77,20.77,0.0000,0.0500,3.389816
1878,loot,static_B_2019.12.16_13.40.04.csv,train/static_B_2019.12.16_13.40.04.csv#block-005@time-1706.000s,block-005,1706.000,82.6182,82.62,82.62,0.0000,0.0500,3.551850
1879,redandblack,driving_B_2020.02.27_17.30.15.csv,train/driving_B_2020.02.27_17.30.15.csv#block-002@time-293.000s,block-002,293.000,-111.9946,-111.99,-111.99,0.0000,0.0500,4.415591
1880,soldier,driving_B_2020.02.13_15.02.01.csv,train/driving_B_2020.02.13_15.02.01.csv#block-000@time-3000.000s,block-000,3000.000,20.5441,20.54,20.54,0.0000,0.0500,4.194792
1881,longdress,driving_B_2020.02.14_09.38.22.csv,train/driving_B_2020.02.14_09.38.22.csv#block-000@time-1320.000s,block-000,1320.000,12.9357,12.94,12.94,0.0000,0.0500,3.618333
1882,loot,driving_B_2020.02.14_12.58.17.csv,train/driving_B_2020.02.14_12.58.17.csv#block-002@time-716.000s,block-002,716.000,43.6232,43.62,43.62,0.0000,0.0500,4.207103
1883,redandblack,driving_B_2020.02.14_09.38.22.csv,train/driving_B_2020.02.14_09.38.22.csv#block-000@time-600.000s,block-000,600.000,61.2600,61.26,61.26,0.0000,0.0500,3.606012
1884,soldier,driving_B_2020.02.13_15.02.01.csv,train/driving_B_2020.02.13_15.02.01.csv#block-000@time-1260.000s,block-000,1260.000,33.9612,33.96,33.96,0.0000,0.0500,3.830072
1885,longdress,driving_B_2020.02.13_13.03.24.csv,train/driving_B_2020.02.13_13.03.24.csv#block-000@time-540.000s,block-000,540.000,27.1029,27.10,27.10,0.0000,0.0500,3.704129
1886,loot,driving_B_2019.12.17_07.32.39.csv,train/driving_B_2019.12.17_07.32.39.csv#block-003@time-1954.000s,block-003,1954.000,-11.6043,-11.60,-11.60,0.0000,0.0500,3.563287
1887,redandblack,driving_B_2020.02.27_17.30.15.csv,train/driving_B_2020.02.27_17.30.15.csv#block-002@time-413.000s,block-002,413.000,-7.5439,-7.54,-7.54,0.0000,0.0500,4.044038
1888,soldier,driving_B_2020.02.13_15.02.01.csv,train/driving_B_2020.02.13_15.02.01.csv#block-000@time-2700.000s,block-000,2700.000,-3.0801,-3.08,-3.08,0.0000,0.0500,3.505152
1889,longdress,driving_B_2020.01.16_09.56.56.csv,train/driving_B_2020.01.16_09.56.56.csv#block-001@time-1359.000s,block-001,1359.000,30.4213,30.42,30.42,0.0000,0.0500,3.585377
1890,loot,driving_B_2020.01.16_09.56.56.csv,train/driving_B_2020.01.16_09.56.56.csv#block-000@time-240.000s,block-000,240.000,55.3064,55.31,55.31,0.0000,0.0500,3.687574
1891,redandblack,driving_B_2019.12.17_07.32.39.csv,train/driving_B_2019.12.17_07.32.39.csv#block-004@time-2477.000s,block-004,2477.000,66.3417,66.34,66.34,0.0000,0.0500,3.641398
1892,soldier,driving_B_2020.01.16_07.26.43.csv,train/driving_B_2020.01.16_07.26.43.csv#block-000@time-480.000s,block-000,480.000,4.0637,4.06,4.06,0.0000,0.0500,3.812439
1893,longdress,driving_B_2020.02.13_15.02.01.csv,train/driving_B_2020.02.13_15.02.01.csv#block-000@time-1500.000s,block-000,1500.000,-52.2313,-52.23,-52.23,0.0000,0.0500,3.250478
1894,loot,driving_B_2020.01.16_07.26.43.csv,train/driving_B_2020.01.16_07.26.43.csv#block-000@time-420.000s,block-000,420.000,25.9020,25.90,25.90,0.0000,0.0500,4.293743
1895,redandblack,driving_B_2020.02.27_17.30.15.csv,train/driving_B_2020.02.27_17.30.15.csv#block-002@time-533.000s,block-002,533.000,-17.6076,-17.61,-17.61,0.0425,0.0500,3.837079
1896,soldier,driving_B_2019.12.17_07.32.39.csv,train/driving_B_2019.12.17_07.32.39.csv#block-000@time-840.000s,block-000,840.000,31.2211,31.22,31.22,0.0000,0.0500,3.767832
1897,longdress,driving_B_2019.12.16_12.27.05.csv,train/driving_B_2019.12.16_12.27.05.csv#block-000@time-1080.000s,block-000,1080.000,83.6249,83.62,83.62,0.0000,0.0500,3.572195
1898,loot,driving_B_2020.02.27_17.30.15.csv,train/driving_B_2020.02.27_17.30.15.csv#block-002@time-353.000s,block-002,353.000,-58.1978,-58.20,-58.20,0.0000,0.0500,3.252333
1899,redandblack,driving_B_2020.02.14_09.38.22.csv,train/driving_B_2020.02.14_09.38.22.csv#block-000@time-240.000s,block-000,240.000,6.9593,6.96,6.96,0.0000,0.0500,4.245045
1900,soldier,driving_B_2019.12.16_12.27.05.csv,train/driving_B_2019.12.16_12.27.05.csv#block-000@time-1260.000s,block-000,1260.000,86.1493,86.15,86.15,0.6854,0.0500,3.800817
1901,longdress,driving_B_2020.01.16_09.56.56.csv,train/driving_B_2020.01.16_09.56.56.csv#block-000@time-300.000s,block-000,300.000,85.7850,85.79,85.79,0.0000,0.0500,3.783346
1902,loot,driving_B_2019.12.16_12.27.05.csv,train/driving_B_2019.12.16_12.27.05.csv#block-000@time-360.000s,block-000,360.000,35.2299,35.23,35.23,0.0000,0.0500,3.916786
1903,redandblack,static_B_2020.02.14_13.21.26.csv,train/static_B_2020.02.14_13.21.26.csv#block-000@time-300.000s,block-000,300.000,55.7858,55.79,55.79,0.0000,0.0500,3.448709
1904,soldier,driving_B_2020.02.14_09.38.22.csv,train/driving_B_2020.02.14_09.38.22.csv#block-000@time-840.000s,block-000,840.000,13.3513,13.35,13.35,0.0000,0.0500,3.567962
1905,longdress,driving_B_2020.01.16_12.10.03.csv,train/driving_B_2020.01.16_12.10.03.csv#block-000@time-180.000s,block-000,180.000,83.2965,83.30,83.30,0.0000,0.0500,3.837983
1906,loot,static_B_2020.02.14_13.21.26.csv,train/static_B_2020.02.14_13.21.26.csv#block-000@time-360.000s,block-000,360.000,79.2471,79.25,79.25,0.0000,0.0500,3.567121
1907,redandblack,driving_B_2020.02.13_15.02.01.csv,train/driving_B_2020.02.13_15.02.01.csv#block-000@time-1680.000s,block-000,1680.000,31.0333,31.03,31.03,0.0000,0.0500,3.865756
1908,soldier,driving_B_2020.01.16_12.10.03.csv,train/driving_B_2020.01.16_12.10.03.csv#block-000@time-60.000s,block-000,60.000,61.8515,61.85,61.85,0.0000,0.0500,4.285754
1909,longdress,driving_B_2020.01.16_12.10.03.csv,train/driving_B_2020.01.16_12.10.03.csv#block-000@time-120.000s,block-000,120.000,87.3304,87.33,87.33,0.0000,0.0500,3.789765
1910,loot,driving_B_2020.01.16_09.56.56.csv,train/driving_B_2020.01.16_09.56.56.csv#block-001@time-999.000s,block-001,999.000,8.3522,8.35,8.35,0.0000,0.0500,3.460295
1911,redandblack,driving_B_2019.12.16_12.27.05.csv,train/driving_B_2019.12.16_12.27.05.csv#block-000@time-0.000s,block-000,0.000,53.3810,53.38,53.38,0.0000,0.0500,4.018897
1912,soldier,driving_B_2020.02.13_15.02.01.csv,train/driving_B_2020.02.13_15.02.01.csv#block-000@time-120.000s,block-000,120.000,87.5179,87.52,87.52,0.5493,0.0500,3.622415
1913,longdress,driving_B_2020.01.16_09.56.56.csv,train/driving_B_2020.01.16_09.56.56.csv#block-001@time-1119.000s,block-001,1119.000,86.1580,86.16,86.16,0.0000,0.0500,3.520062
1914,loot,static_B_2020.02.14_13.21.26.csv,train/static_B_2020.02.14_13.21.26.csv#block-000@time-1080.000s,block-000,1080.000,86.7971,86.80,86.80,0.6556,0.0500,3.639971
1915,redandblack,driving_B_2020.01.16_09.56.56.csv,train/driving_B_2020.01.16_09.56.56.csv#block-001@time-1299.000s,block-001,1299.000,70.4479,70.45,70.45,0.0000,0.0500,3.518928
1916,soldier,driving_B_2019.12.17_07.32.39.csv,train/driving_B_2019.12.17_07.32.39.csv#block-000@time-0.000s,block-000,0.000,22.6979,22.70,22.70,0.0000,0.0500,3.556784
1917,longdress,driving_B_2020.01.16_07.26.43.csv,train/driving_B_2020.01.16_07.26.43.csv#block-000@time-0.000s,block-000,0.000,2.9220,2.92,2.92,0.0000,0.0500,3.884434
1918,loot,static_B_2020.02.27_18.39.27.csv,train/static_B_2020.02.27_18.39.27.csv#block-001@time-2352.000s,block-001,2352.000,72.9780,72.98,72.98,0.0000,0.0500,3.604069
1919,redandblack,driving_B_2020.01.16_12.10.03.csv,train/driving_B_2020.01.16_12.10.03.csv#block-000@time-180.000s,block-000,180.000,87.4744,87.47,87.47,0.0000,0.0500,3.733773
1920,soldier,driving_B_2019.12.17_07.32.39.csv,train/driving_B_2019.12.17_07.32.39.csv#block-004@time-2417.000s,block-004,2417.000,32.6086,32.61,32.61,0.0000,0.0500,3.644431
1921,longdress,driving_B_2020.02.14_12.58.17.csv,train/driving_B_2020.02.14_12.58.17.csv#block-002@time-716.000s,block-002,716.000,32.4382,32.44,32.44,0.0000,0.0500,3.793934
1922,loot,driving_B_2020.01.16_07.26.43.csv,train/driving_B_2020.01.16_07.26.43.csv#block-000@time-1200.000s,block-000,1200.000,56.8585,56.86,56.86,0.0000,0.0500,3.606350
1923,redandblack,driving_B_2020.02.14_12.58.17.csv,train/driving_B_2020.02.14_12.58.17.csv#block-002@time-536.000s,block-002,536.000,-95.6076,-95.61,-95.61,0.0000,0.0500,3.563712
1924,soldier,driving_B_2020.01.16_07.26.43.csv,train/driving_B_2020.01.16_07.26.43.csv#block-000@time-1680.000s,block-000,1680.000,28.7975,28.80,28.80,0.0000,0.0500,4.068025
1925,longdress,driving_B_2020.02.13_15.02.01.csv,train/driving_B_2020.02.13_15.02.01.csv#block-000@time-2880.000s,block-000,2880.000,69.7175,69.72,69.72,0.0000,0.0500,4.077688
1926,loot,driving_B_2019.12.16_12.27.05.csv,train/driving_B_2019.12.16_12.27.05.csv#block-000@time-180.000s,block-000,180.000,33.4199,33.42,33.42,0.0000,0.0500,3.257165
1927,redandblack,driving_B_2019.12.16_12.27.05.csv,train/driving_B_2019.12.16_12.27.05.csv#block-000@time-120.000s,block-000,120.000,50.7982,50.80,50.80,0.0000,0.0500,3.957577
1928,soldier,driving_B_2019.12.16_12.27.05.csv,train/driving_B_2019.12.16_12.27.05.csv#block-000@time-900.000s,block-000,900.000,84.0265,84.03,84.03,0.5997,0.0500,3.976393
1929,longdress,static_B_2019.12.16_13.40.04.csv,train/static_B_2019.12.16_13.40.04.csv#block-001@time-895.000s,block-001,895.000,57.4172,57.42,57.42,0.0000,0.0500,3.760919
1930,loot,driving_B_2020.01.16_07.26.43.csv,train/driving_B_2020.01.16_07.26.43.csv#block-000@time-1800.000s,block-000,1800.000,32.6457,32.65,32.65,0.0000,0.0500,3.385316
1931,redandblack,driving_B_2020.02.14_12.58.17.csv,train/driving_B_2020.02.14_12.58.17.csv#block-002@time-656.000s,block-002,656.000,54.9890,54.99,54.99,0.0000,0.0500,3.448176
1932,soldier,static_B_2020.02.14_13.21.26.csv,train/static_B_2020.02.14_13.21.26.csv#block-000@time-660.000s,block-000,660.000,78.8739,78.87,78.87,0.8226,0.0500,3.825335
1933,longdress,driving_B_2020.01.16_07.26.43.csv,train/driving_B_2020.01.16_07.26.43.csv#block-000@time-1080.000s,block-000,1080.000,56.9332,56.93,56.93,0.0000,0.0500,4.095903
1934,loot,static_B_2020.02.14_13.21.26.csv,train/static_B_2020.02.14_13.21.26.csv#block-000@time-660.000s,block-000,660.000,86.7789,86.78,86.78,1.7626,0.0500,3.805794
1935,redandblack,driving_B_2020.01.16_09.56.56.csv,train/driving_B_2020.01.16_09.56.56.csv#block-001@time-819.000s,block-001,819.000,53.9703,53.97,53.97,0.0000,0.0500,3.692996
1936,soldier,static_B_2020.02.27_18.39.27.csv,train/static_B_2020.02.27_18.39.27.csv#block-001@time-1992.000s,block-001,1992.000,57.5088,57.51,57.51,0.0000,0.0500,3.581646
1937,longdress,driving_B_2020.02.14_09.38.22.csv,train/driving_B_2020.02.14_09.38.22.csv#block-000@time-720.000s,block-000,720.000,85.7568,85.76,85.76,0.1899,0.0500,3.698533
1938,loot,driving_B_2020.01.16_07.26.43.csv,train/driving_B_2020.01.16_07.26.43.csv#block-000@time-60.000s,block-000,60.000,58.4764,58.48,58.48,0.0000,0.0500,3.401685
1939,redandblack,driving_B_2020.02.13_13.03.24.csv,train/driving_B_2020.02.13_13.03.24.csv#block-001@time-1934.000s,block-001,1934.000,9.1314,9.13,9.13,0.0000,0.0500,3.650018
1940,soldier,driving_B_2019.12.17_07.32.39.csv,train/driving_B_2019.12.17_07.32.39.csv#block-000@time-1020.000s,block-000,1020.000,29.4228,29.42,29.42,0.0000,0.0500,3.989817
1941,longdress,driving_B_2020.02.13_15.02.01.csv,train/driving_B_2020.02.13_15.02.01.csv#block-000@time-300.000s,block-000,300.000,82.4758,82.48,82.48,0.4151,0.0500,3.572953
1942,loot,static_B_2020.02.27_18.39.27.csv,train/static_B_2020.02.27_18.39.27.csv#block-001@time-1452.000s,block-001,1452.000,84.9732,84.97,84.97,1.0391,0.0500,3.521804
1943,redandblack,driving_B_2020.02.13_13.03.24.csv,train/driving_B_2020.02.13_13.03.24.csv#block-000@time-60.000s,block-000,60.000,34.7287,34.73,34.73,0.0000,0.0500,3.820413
1944,soldier,driving_B_2020.02.14_12.58.17.csv,train/driving_B_2020.02.14_12.58.17.csv#block-000@time-0.000s,block-000,0.000,25.7539,25.75,25.75,0.0000,0.0500,3.341013
1945,longdress,static_B_2019.12.16_13.40.04.csv,train/static_B_2019.12.16_13.40.04.csv#block-000@time-60.000s,block-000,60.000,44.8314,44.83,44.83,0.0000,0.0500,3.643688
1946,loot,driving_B_2020.01.16_12.10.03.csv,train/driving_B_2020.01.16_12.10.03.csv#block-000@time-120.000s,block-000,120.000,88.6381,88.64,88.64,1.1056,0.0500,3.514517
1947,redandblack,driving_B_2020.01.16_12.10.03.csv,train/driving_B_2020.01.16_12.10.03.csv#block-000@time-300.000s,block-000,300.000,40.2148,40.21,40.21,0.0000,0.0500,3.434549
1948,soldier,driving_B_2020.02.14_09.38.22.csv,train/driving_B_2020.02.14_09.38.22.csv#block-000@time-1260.000s,block-000,1260.000,13.0242,13.02,13.02,0.0000,0.0500,3.597553
1949,longdress,driving_B_2019.12.16_12.27.05.csv,train/driving_B_2019.12.16_12.27.05.csv#block-000@time-780.000s,block-000,780.000,41.5696,41.57,41.57,0.0000,0.0500,3.822562
1950,loot,driving_B_2020.02.13_15.02.01.csv,train/driving_B_2020.02.13_15.02.01.csv#block-000@time-1380.000s,block-000,1380.000,58.6701,58.67,58.67,0.0000,0.0500,3.633799
1951,redandblack,driving_B_2020.02.13_13.03.24.csv,train/driving_B_2020.02.13_13.03.24.csv#block-001@time-1634.000s,block-001,1634.000,42.5860,42.59,42.59,0.0000,0.0500,3.744674
1952,soldier,driving_B_2020.01.16_09.56.56.csv,train/driving_B_2020.01.16_09.56.56.csv#block-001@time-579.000s,block-001,579.000,56.8939,56.89,56.89,0.0000,0.0500,3.939590
1953,longdress,driving_B_2019.12.16_12.27.05.csv,train/driving_B_2019.12.16_12.27.05.csv#block-000@time-960.000s,block-000,960.000,59.6878,59.69,59.69,0.0000,0.0500,3.736926
1954,loot,static_B_2020.02.27_18.39.27.csv,train/static_B_2020.02.27_18.39.27.csv#block-001@time-3792.000s,block-001,3792.000,83.5349,83.53,83.53,0.8721,0.0500,3.663525
1955,redandblack,driving_B_2020.01.16_07.26.43.csv,train/driving_B_2020.01.16_07.26.43.csv#block-000@time-720.000s,block-000,720.000,17.0074,17.01,17.01,0.0000,0.0500,3.936508
1956,soldier,driving_B_2020.02.27_17.30.15.csv,train/driving_B_2020.02.27_17.30.15.csv#block-002@time-353.000s,block-002,353.000,-20.4497,-20.45,-20.45,0.0000,0.0500,3.518783
1957,longdress,driving_B_2020.02.13_15.02.01.csv,train/driving_B_2020.02.13_15.02.01.csv#block-000@time-1740.000s,block-000,1740.000,1.9492,1.95,1.95,0.0000,0.0500,3.496149
1958,loot,driving_B_2020.02.14_09.38.22.csv,train/driving_B_2020.02.14_09.38.22.csv#block-000@time-0.000s,block-000,0.000,28.2580,28.26,28.26,0.0000,0.0500,3.407526
1959,redandblack,driving_B_2020.01.16_12.10.03.csv,train/driving_B_2020.01.16_12.10.03.csv#block-000@time-180.000s,block-000,180.000,86.3661,86.37,86.37,0.0000,0.0500,3.591179
1960,soldier,driving_B_2020.02.14_12.58.17.csv,train/driving_B_2020.02.14_12.58.17.csv#block-002@time-536.000s,block-002,536.000,-35.7148,-35.71,-35.71,0.0000,0.0500,3.886387
1961,longdress,driving_B_2020.01.16_12.10.03.csv,train/driving_B_2020.01.16_12.10.03.csv#block-000@time-240.000s,block-000,240.000,81.7384,81.74,81.74,0.0000,0.0500,3.367683
1962,loot,driving_B_2020.01.16_09.56.56.csv,train/driving_B_2020.01.16_09.56.56.csv#block-001@time-939.000s,block-001,939.000,38.9605,38.96,38.96,0.0000,0.0500,3.387053
1963,redandblack,static_B_2019.12.16_13.40.04.csv,train/static_B_2019.12.16_13.40.04.csv#block-001@time-1075.000s,block-001,1075.000,55.2194,55.22,55.22,0.0000,0.0500,3.394064
1964,soldier,driving_B_2020.02.13_13.03.24.csv,train/driving_B_2020.02.13_13.03.24.csv#block-001@time-1394.000s,block-001,1394.000,24.6905,24.69,24.69,0.0000,0.0500,3.788785
1965,longdress,driving_B_2020.01.16_12.10.03.csv,train/driving_B_2020.01.16_12.10.03.csv#block-000@time-0.000s,block-000,0.000,77.7315,77.73,77.73,0.5529,0.0500,3.512487
1966,loot,driving_B_2019.12.17_07.32.39.csv,train/driving_B_2019.12.17_07.32.39.csv#block-000@time-180.000s,block-000,180.000,49.1460,49.15,49.15,0.0000,0.0500,3.242490
1967,redandblack,static_B_2019.12.16_13.40.04.csv,train/static_B_2019.12.16_13.40.04.csv#block-000@time-420.000s,block-000,420.000,68.9297,68.93,68.93,0.0000,0.0500,3.979748
1968,soldier,driving_B_2020.02.14_09.38.22.csv,train/driving_B_2020.02.14_09.38.22.csv#block-000@time-960.000s,block-000,960.000,54.9755,54.98,54.98,0.0000,0.0500,3.751352
1969,longdress,driving_B_2020.02.13_15.02.01.csv,train/driving_B_2020.02.13_15.02.01.csv#block-000@time-540.000s,block-000,540.000,16.6124,16.61,16.61,0.0000,0.0500,3.429186
1970,loot,driving_B_2020.02.27_17.30.15.csv,train/driving_B_2020.02.27_17.30.15.csv#block-002@time-473.000s,block-002,473.000,-198.8413,-198.84,-198.84,0.0000,0.0500,3.920307
1971,redandblack,driving_B_2020.02.27_17.30.15.csv,train/driving_B_2020.02.27_17.30.15.csv#block-002@time-353.000s,block-002,353.000,1.2881,1.29,1.29,0.0000,0.0500,3.568869
1972,soldier,static_B_2020.02.14_13.21.26.csv,train/static_B_2020.02.14_13.21.26.csv#block-000@time-780.000s,block-000,780.000,81.6885,81.69,81.69,0.0000,0.0500,4.229420
1973,longdress,static_B_2020.02.27_18.39.27.csv,train/static_B_2020.02.27_18.39.27.csv#block-001@time-912.000s,block-001,912.000,65.4280,65.43,65.43,0.0000,0.0500,3.701219
1974,loot,driving_B_2019.12.16_12.27.05.csv,train/driving_B_2019.12.16_12.27.05.csv#block-000@time-960.000s,block-000,960.000,84.0407,84.04,84.04,1.0893,0.0500,3.262726
1975,redandblack,static_B_2020.02.27_18.39.27.csv,train/static_B_2020.02.27_18.39.27.csv#block-001@time-4152.000s,block-001,4152.000,80.8054,80.81,80.81,1.1317,0.0500,3.618972
1976,soldier,driving_B_2020.02.13_13.03.24.csv,train/driving_B_2020.02.13_13.03.24.csv#block-000@time-480.000s,block-000,480.000,21.3653,21.37,21.37,0.0000,0.0500,3.560757
1977,longdress,driving_B_2020.01.16_12.10.03.csv,train/driving_B_2020.01.16_12.10.03.csv#block-000@time-240.000s,block-000,240.000,85.4229,85.42,85.42,0.0654,0.0500,3.622267
1978,loot,driving_B_2020.01.16_12.10.03.csv,train/driving_B_2020.01.16_12.10.03.csv#block-000@time-360.000s,block-000,360.000,69.3049,69.30,69.30,0.0844,0.0500,3.687433
1979,redandblack,static_B_2020.02.14_13.21.26.csv,train/static_B_2020.02.14_13.21.26.csv#block-000@time-1020.000s,block-000,1020.000,88.6633,88.66,88.66,0.8513,0.0500,3.430527
1980,soldier,driving_B_2020.02.13_13.03.24.csv,train/driving_B_2020.02.13_13.03.24.csv#block-001@time-1814.000s,block-001,1814.000,17.4678,17.47,17.47,0.0000,0.0500,3.591212
1981,longdress,driving_B_2020.02.14_09.38.22.csv,train/driving_B_2020.02.14_09.38.22.csv#block-000@time-1140.000s,block-000,1140.000,10.9756,10.98,10.98,0.0000,0.0500,3.743513
1982,loot,driving_B_2020.02.13_13.03.24.csv,train/driving_B_2020.02.13_13.03.24.csv#block-001@time-1334.000s,block-001,1334.000,8.9063,8.91,8.91,0.0000,0.0500,3.806400
1983,redandblack,driving_B_2020.02.14_09.38.22.csv,train/driving_B_2020.02.14_09.38.22.csv#block-000@time-780.000s,block-000,780.000,87.4617,87.46,87.46,0.0000,0.0500,3.761758
1984,soldier,static_B_2020.02.27_18.39.27.csv,train/static_B_2020.02.27_18.39.27.csv#block-001@time-2472.000s,block-001,2472.000,69.0144,69.01,69.01,0.0000,0.0500,3.368461
1985,longdress,driving_B_2020.01.16_07.26.43.csv,train/driving_B_2020.01.16_07.26.43.csv#block-000@time-120.000s,block-000,120.000,40.6955,40.70,40.70,0.0000,0.0500,3.389325
1986,loot,driving_B_2020.02.14_12.58.17.csv,train/driving_B_2020.02.14_12.58.17.csv#block-002@time-536.000s,block-002,536.000,-25.6409,-25.64,-25.64,0.0000,0.0500,3.390623
1987,redandblack,driving_B_2020.02.13_13.03.24.csv,train/driving_B_2020.02.13_13.03.24.csv#block-001@time-974.000s,block-001,974.000,32.4283,32.43,32.43,0.0000,0.0500,3.473772
1988,soldier,driving_B_2020.02.13_13.03.24.csv,train/driving_B_2020.02.13_13.03.24.csv#block-000@time-240.000s,block-000,240.000,26.1019,26.10,26.10,0.0000,0.0500,3.791508
1989,longdress,driving_B_2020.02.14_12.58.17.csv,train/driving_B_2020.02.14_12.58.17.csv#block-000@time-0.000s,block-000,0.000,32.4276,32.43,32.43,0.0000,0.0500,4.000600
1990,loot,driving_B_2020.02.13_15.02.01.csv,train/driving_B_2020.02.13_15.02.01.csv#block-000@time-420.000s,block-000,420.000,89.9968,90.00,90.00,1.7929,0.0500,3.238101
1991,redandblack,static_B_2019.12.16_13.40.04.csv,train/static_B_2019.12.16_13.40.04.csv#block-005@time-1826.000s,block-005,1826.000,75.0888,75.09,75.09,0.0000,0.0500,3.398909
1992,soldier,static_B_2020.02.14_13.21.26.csv,train/static_B_2020.02.14_13.21.26.csv#block-000@time-840.000s,block-000,840.000,86.1861,86.19,86.19,0.0000,0.0500,3.382194
1993,longdress,driving_B_2019.12.16_12.27.05.csv,train/driving_B_2019.12.16_12.27.05.csv#block-000@time-120.000s,block-000,120.000,51.6300,51.63,51.63,0.0000,0.0500,3.363700
1994,loot,static_B_2019.12.16_13.40.04.csv,train/static_B_2019.12.16_13.40.04.csv#block-005@time-1586.000s,block-005,1586.000,39.7696,39.77,39.77,0.0000,0.0500,3.642445
1995,redandblack,driving_B_2019.12.16_12.27.05.csv,train/driving_B_2019.12.16_12.27.05.csv#block-000@time-600.000s,block-000,600.000,18.6731,18.67,18.67,0.0000,0.0500,3.560700
1996,soldier,driving_B_2020.02.14_12.58.17.csv,train/driving_B_2020.02.14_12.58.17.csv#block-002@time-656.000s,block-002,656.000,36.5469,36.55,36.55,0.0000,0.0500,3.324091
1997,longdress,static_B_2019.12.16_13.40.04.csv,train/static_B_2019.12.16_13.40.04.csv#block-005@time-1886.000s,block-005,1886.000,52.0982,52.10,52.10,0.0000,0.0500,3.769513
1998,loot,driving_B_2020.02.14_12.58.17.csv,train/driving_B_2020.02.14_12.58.17.csv#block-000@time-0.000s,block-000,0.000,33.7655,33.77,33.77,0.0000,0.0500,3.781130
1999,redandblack,static_B_2020.02.14_13.21.26.csv,train/static_B_2020.02.14_13.21.26.csv#block-000@time-300.000s,block-000,300.000,62.4584,62.46,62.46,0.0000,0.0500,3.654763
2000,soldier,driving_B_2020.02.14_12.58.17.csv,train/driving_B_2020.02.14_12.58.17.csv#block-002@time-536.000s,block-002,536.000,-12.6282,-12.63,-12.63,0.0000,0.0500,3.964015
2001,longdress,driving_B_2020.02.14_09.38.22.csv,train/driving_B_2020.02.14_09.38.22.csv#block-000@time-1200.000s,block-000,1200.000,29.5474,29.55,29.55,0.0000,0.0500,3.624333
2002,loot,driving_B_2020.02.27_17.30.15.csv,train/driving_B_2020.02.27_17.30.15.csv#block-002@time-473.000s,block-002,473.000,-102.7535,-102.75,-102.75,0.0000,0.0500,3.544868
2003,redandblack,driving_B_2019.12.16_12.27.05.csv,train/driving_B_2019.12.16_12.27.05.csv#block-000@time-240.000s,block-000,240.000,29.8723,29.87,29.87,0.0000,0.0500,4.098580
2004,soldier,driving_B_2020.02.14_12.58.17.csv,train/driving_B_2020.02.14_12.58.17.csv#block-002@time-596.000s,block-002,596.000,1.9246,1.92,1.92,0.0000,0.0500,4.150813
2005,longdress,driving_B_2019.12.17_07.32.39.csv,train/driving_B_2019.12.17_07.32.39.csv#block-000@time-540.000s,block-000,540.000,30.6623,30.66,30.66,0.0000,0.0500,3.892326
2006,loot,driving_B_2020.02.27_17.30.15.csv,train/driving_B_2020.02.27_17.30.15.csv#block-002@time-533.000s,block-002,533.000,-7.8653,-7.87,-7.87,0.0000,0.0500,3.532565
2007,redandblack,static_B_2019.12.16_13.40.04.csv,train/static_B_2019.12.16_13.40.04.csv#block-005@time-1406.000s,block-005,1406.000,57.9679,57.97,57.97,0.0000,0.0500,3.962708
2008,soldier,static_B_2020.02.14_13.21.26.csv,train/static_B_2020.02.14_13.21.26.csv#block-000@time-180.000s,block-000,180.000,77.9950,77.99,77.99,0.0000,0.0500,3.840793
2009,longdress,static_B_2020.02.27_18.39.27.csv,train/static_B_2020.02.27_18.39.27.csv#block-001@time-1512.000s,block-001,1512.000,80.3448,80.34,80.34,0.0000,0.0500,4.004240
2010,loot,static_B_2020.02.14_13.21.26.csv,train/static_B_2020.02.14_13.21.26.csv#block-000@time-600.000s,block-000,600.000,88.8918,88.89,88.89,1.5746,0.0500,3.770839
2011,redandblack,static_B_2020.02.14_13.21.26.csv,train/static_B_2020.02.14_13.21.26.csv#block-000@time-840.000s,block-000,840.000,87.0716,87.07,87.07,1.3503,0.0500,3.412306
2012,soldier,driving_B_2020.02.14_09.38.22.csv,train/driving_B_2020.02.14_09.38.22.csv#block-000@time-1500.000s,block-000,1500.000,23.2838,23.28,23.28,0.0000,0.0500,3.909356
2013,longdress,driving_B_2020.02.27_17.30.15.csv,train/driving_B_2020.02.27_17.30.15.csv#block-002@time-413.000s,block-002,413.000,5.8220,5.82,5.82,0.0000,0.0500,3.720980
2014,loot,driving_B_2019.12.16_12.27.05.csv,train/driving_B_2019.12.16_12.27.05.csv#block-000@time-660.000s,block-000,660.000,-6.9581,-6.96,-6.96,0.0000,0.0500,3.623844
2015,redandblack,static_B_2019.12.16_13.40.04.csv,train/static_B_2019.12.16_13.40.04.csv#block-005@time-1646.000s,block-005,1646.000,88.6518,88.65,88.65,0.0000,0.0500,3.905865
2016,soldier,driving_B_2019.12.16_12.27.05.csv,train/driving_B_2019.12.16_12.27.05.csv#block-000@time-360.000s,block-000,360.000,-1.8429,-1.84,-1.84,0.0000,0.0500,3.634055
2017,longdress,static_B_2020.02.27_18.39.27.csv,train/static_B_2020.02.27_18.39.27.csv#block-001@time-4992.000s,block-001,4992.000,53.1856,53.19,53.19,0.0000,0.0500,3.462600
2018,loot,driving_B_2020.02.27_17.30.15.csv,train/driving_B_2020.02.27_17.30.15.csv#block-002@time-473.000s,block-002,473.000,-167.6967,-167.70,-167.70,0.0000,0.0500,3.773331
2019,redandblack,static_B_2020.02.14_13.21.26.csv,train/static_B_2020.02.14_13.21.26.csv#block-000@time-60.000s,block-000,60.000,87.7434,87.74,87.74,1.4548,0.0500,3.272111
2020,soldier,driving_B_2020.01.16_07.26.43.csv,train/driving_B_2020.01.16_07.26.43.csv#block-000@time-1320.000s,block-000,1320.000,32.2271,32.23,32.23,0.0000,0.0500,3.712639
2021,longdress,driving_B_2020.02.13_15.02.01.csv,train/driving_B_2020.02.13_15.02.01.csv#block-000@time-0.000s,block-000,0.000,77.3422,77.34,77.34,0.0000,0.0500,3.695969
2022,loot,driving_B_2020.02.27_17.30.15.csv,train/driving_B_2020.02.27_17.30.15.csv#block-002@time-473.000s,block-002,473.000,-187.5608,-187.56,-187.56,0.0000,0.0500,3.594998
2023,redandblack,driving_B_2020.02.14_09.38.22.csv,train/driving_B_2020.02.14_09.38.22.csv#block-000@time-660.000s,block-000,660.000,44.2911,44.29,44.29,0.0000,0.0500,3.615716
2024,soldier,driving_B_2020.01.16_07.26.43.csv,train/driving_B_2020.01.16_07.26.43.csv#block-000@time-1140.000s,block-000,1140.000,40.3370,40.34,40.34,0.0000,0.0500,3.662617
2025,longdress,static_B_2020.02.27_18.39.27.csv,train/static_B_2020.02.27_18.39.27.csv#block-001@time-5112.000s,block-001,5112.000,56.6326,56.63,56.63,0.0000,0.0500,4.089882
2026,loot,driving_B_2019.12.16_12.27.05.csv,train/driving_B_2019.12.16_12.27.05.csv#block-000@time-1020.000s,block-000,1020.000,88.7233,88.72,88.72,0.0000,0.0500,3.474685
2027,redandblack,driving_B_2020.01.16_09.56.56.csv,train/driving_B_2020.01.16_09.56.56.csv#block-001@time-1719.000s,block-001,1719.000,60.5988,60.60,60.60,0.0000,0.0500,3.715859
2028,soldier,static_B_2020.02.14_13.21.26.csv,train/static_B_2020.02.14_13.21.26.csv#block-000@time-900.000s,block-000,900.000,53.4065,53.41,53.41,0.0000,0.0500,3.422291
2029,longdress,driving_B_2019.12.17_07.32.39.csv,train/driving_B_2019.12.17_07.32.39.csv#block-000@time-1380.000s,block-000,1380.000,52.2995,52.30,52.30,0.0000,0.0500,3.543129
2030,loot,driving_B_2020.01.16_12.10.03.csv,train/driving_B_2020.01.16_12.10.03.csv#block-000@time-120.000s,block-000,120.000,90.9256,90.93,90.93,0.8733,0.0500,3.663915
2031,redandblack,driving_B_2020.02.14_12.58.17.csv,train/driving_B_2020.02.14_12.58.17.csv#block-002@time-656.000s,block-002,656.000,48.8518,48.85,48.85,0.0000,0.0500,3.841663
2032,soldier,driving_B_2020.01.16_09.56.56.csv,train/driving_B_2020.01.16_09.56.56.csv#block-001@time-639.000s,block-001,639.000,60.2013,60.20,60.20,0.0000,0.0500,3.798737
2033,longdress,driving_B_2020.02.13_15.02.01.csv,train/driving_B_2020.02.13_15.02.01.csv#block-000@time-2400.000s,block-000,2400.000,71.0768,71.08,71.08,0.0000,0.0500,3.483460
2034,loot,driving_B_2020.02.14_09.38.22.csv,train/driving_B_2020.02.14_09.38.22.csv#block-000@time-60.000s,block-000,60.000,7.5601,7.56,7.56,0.0000,0.0500,3.523189
2035,redandblack,static_B_2020.02.27_18.39.27.csv,train/static_B_2020.02.27_18.39.27.csv#block-001@time-732.000s,block-001,732.000,87.7345,87.73,87.73,0.0000,0.0500,4.064304
2036,soldier,driving_B_2019.12.17_07.32.39.csv,train/driving_B_2019.12.17_07.32.39.csv#block-003@time-1594.000s,block-003,1594.000,19.9236,19.92,19.92,0.0000,0.0500,3.957476
2037,longdress,driving_B_2019.12.17_07.32.39.csv,train/driving_B_2019.12.17_07.32.39.csv#block-000@time-720.000s,block-000,720.000,30.7506,30.75,30.75,0.0000,0.0500,3.391708
2038,loot,static_B_2020.02.27_18.39.27.csv,train/static_B_2020.02.27_18.39.27.csv#block-001@time-3132.000s,block-001,3132.000,79.7363,79.74,79.74,0.5835,0.0500,3.762392
2039,redandblack,static_B_2019.12.16_13.40.04.csv,train/static_B_2019.12.16_13.40.04.csv#block-000@time-360.000s,block-000,360.000,47.2749,47.27,47.27,0.0000,0.0500,3.817288
2040,soldier,driving_B_2020.02.14_12.58.17.csv,train/driving_B_2020.02.14_12.58.17.csv#block-002@time-716.000s,block-002,716.000,-18.1201,-18.12,-18.12,0.0000,0.0500,3.586270
2041,longdress,driving_B_2020.02.13_15.02.01.csv,train/driving_B_2020.02.13_15.02.01.csv#block-000@time-2460.000s,block-000,2460.000,69.6620,69.66,69.66,0.0000,0.0500,3.338034
2042,loot,driving_B_2020.02.14_09.38.22.csv,train/driving_B_2020.02.14_09.38.22.csv#block-000@time-1500.000s,block-000,1500.000,8.5111,8.51,8.51,0.0000,0.0500,3.363739
2043,redandblack,driving_B_2020.01.16_09.56.56.csv,train/driving_B_2020.01.16_09.56.56.csv#block-001@time-1539.000s,block-001,1539.000,75.3375,75.34,75.34,0.1342,0.0500,4.217025
2044,soldier,driving_B_2019.12.17_07.32.39.csv,train/driving_B_2019.12.17_07.32.39.csv#block-000@time-480.000s,block-000,480.000,76.7293,76.73,76.73,0.0000,0.0500,3.537109
2045,longdress,static_B_2020.02.14_13.21.26.csv,train/static_B_2020.02.14_13.21.26.csv#block-000@time-360.000s,block-000,360.000,75.1264,75.13,75.13,0.0000,0.0500,3.870254
2046,loot,driving_B_2019.12.17_07.32.39.csv,train/driving_B_2019.12.17_07.32.39.csv#block-003@time-1714.000s,block-003,1714.000,30.0455,30.05,30.05,0.0000,0.0500,3.289757
2047,redandblack,driving_B_2020.01.16_12.10.03.csv,train/driving_B_2020.01.16_12.10.03.csv#block-000@time-60.000s,block-000,60.000,56.2893,56.29,56.29,0.0000,0.0500,3.650071
2048,soldier,driving_B_2020.02.14_09.38.22.csv,train/driving_B_2020.02.14_09.38.22.csv#block-000@time-1380.000s,block-000,1380.000,12.5506,12.55,12.55,0.0000,0.0500,3.830351
2049,longdress,driving_B_2020.02.27_17.30.15.csv,train/driving_B_2020.02.27_17.30.15.csv#block-002@time-473.000s,block-002,473.000,-159.6597,-159.66,-159.66,0.0000,0.0500,3.337812
2050,loot,driving_B_2020.02.14_12.58.17.csv,train/driving_B_2020.02.14_12.58.17.csv#block-002@time-536.000s,block-002,536.000,-41.5878,-41.59,-41.59,0.0000,0.0500,3.426459
2051,redandblack,driving_B_2020.01.16_09.56.56.csv,train/driving_B_2020.01.16_09.56.56.csv#block-000@time-360.000s,block-000,360.000,57.1097,57.11,57.11,0.0000,0.0500,3.251624
2052,soldier,static_B_2020.02.14_13.21.26.csv,train/static_B_2020.02.14_13.21.26.csv#block-000@time-720.000s,block-000,720.000,78.5404,78.54,78.54,0.0000,0.0500,3.788941
2053,longdress,driving_B_2020.02.27_17.30.15.csv,train/driving_B_2020.02.27_17.30.15.csv#block-002@time-533.000s,block-002,533.000,-29.6676,-29.67,-29.67,0.0000,0.0500,3.783069
2054,loot,driving_B_2020.01.16_09.56.56.csv,train/driving_B_2020.01.16_09.56.56.csv#block-001@time-879.000s,block-001,879.000,74.1282,74.13,74.13,0.0000,0.0500,3.423268
2055,redandblack,driving_B_2020.02.27_17.30.15.csv,train/driving_B_2020.02.27_17.30.15.csv#block-002@time-413.000s,block-002,413.000,26.6251,26.63,26.63,0.0000,0.0500,4.014515
2056,soldier,driving_B_2019.12.17_07.32.39.csv,train/driving_B_2019.12.17_07.32.39.csv#block-000@time-960.000s,block-000,960.000,31.0961,31.10,31.10,0.0000,0.0500,3.388909
2057,longdress,driving_B_2020.02.14_12.58.17.csv,train/driving_B_2020.02.14_12.58.17.csv#block-002@time-536.000s,block-002,536.000,-8.9837,-8.98,-8.98,0.0000,0.0500,3.498376
2058,loot,driving_B_2020.01.16_09.56.56.csv,train/driving_B_2020.01.16_09.56.56.csv#block-001@time-819.000s,block-001,819.000,66.2841,66.28,66.28,0.0000,0.0500,3.777840
2059,redandblack,driving_B_2020.02.13_13.03.24.csv,train/driving_B_2020.02.13_13.03.24.csv#block-001@time-1574.000s,block-001,1574.000,26.9688,26.97,26.97,0.0000,0.0500,3.422080
2060,soldier,driving_B_2020.01.16_09.56.56.csv,train/driving_B_2020.01.16_09.56.56.csv#block-000@time-60.000s,block-000,60.000,23.8010,23.80,23.80,0.0000,0.0500,3.659545
2061,longdress,static_B_2019.12.16_13.40.04.csv,train/static_B_2019.12.16_13.40.04.csv#block-000@time-300.000s,block-000,300.000,31.1812,31.18,31.18,0.0000,0.0500,3.420437
2062,loot,driving_B_2020.02.14_09.38.22.csv,train/driving_B_2020.02.14_09.38.22.csv#block-000@time-1380.000s,block-000,1380.000,30.9672,30.97,30.97,0.0000,0.0500,3.560430
2063,redandblack,driving_B_2019.12.17_07.32.39.csv,train/driving_B_2019.12.17_07.32.39.csv#block-004@time-2237.000s,block-004,2237.000,20.4217,20.42,20.42,0.0000,0.0500,3.694003
2064,soldier,static_B_2020.02.14_13.21.26.csv,train/static_B_2020.02.14_13.21.26.csv#block-000@time-120.000s,block-000,120.000,87.5562,87.56,87.56,0.2442,0.0500,3.543817
2065,longdress,driving_B_2019.12.16_12.27.05.csv,train/driving_B_2019.12.16_12.27.05.csv#block-000@time-180.000s,block-000,180.000,2.8771,2.88,2.88,0.0000,0.0500,3.719881
2066,loot,driving_B_2020.02.14_12.58.17.csv,train/driving_B_2020.02.14_12.58.17.csv#block-002@time-596.000s,block-002,596.000,33.2441,33.24,33.24,0.0000,0.0500,3.355928
2067,redandblack,driving_B_2020.01.16_09.56.56.csv,train/driving_B_2020.01.16_09.56.56.csv#block-001@time-1479.000s,block-001,1479.000,62.0349,62.03,62.03,0.0000,0.0500,3.394328
2068,soldier,static_B_2020.02.27_18.39.27.csv,train/static_B_2020.02.27_18.39.27.csv#block-001@time-2052.000s,block-001,2052.000,-279.8929,-279.89,-279.89,0.0000,0.0500,3.961090
2069,longdress,driving_B_2020.02.27_17.30.15.csv,train/driving_B_2020.02.27_17.30.15.csv#block-002@time-533.000s,block-002,533.000,-8.5152,-8.52,-8.52,0.0000,0.0500,4.004381
2070,loot,static_B_2019.12.16_13.40.04.csv,train/static_B_2019.12.16_13.40.04.csv#block-001@time-775.000s,block-001,775.000,83.2647,83.26,83.26,1.3418,0.0500,3.759915
2071,redandblack,driving_B_2020.01.16_09.56.56.csv,train/driving_B_2020.01.16_09.56.56.csv#block-001@time-1239.000s,block-001,1239.000,45.5671,45.57,45.57,0.0000,0.0500,3.535165
2072,soldier,driving_B_2019.12.16_12.27.05.csv,train/driving_B_2019.12.16_12.27.05.csv#block-000@time-480.000s,block-000,480.000,7.8018,7.80,7.80,0.0000,0.0500,3.768729
2073,longdress,driving_B_2019.12.17_07.32.39.csv,train/driving_B_2019.12.17_07.32.39.csv#block-000@time-900.000s,block-000,900.000,22.5722,22.57,22.57,0.0000,0.0500,3.878674
2074,loot,static_B_2020.02.27_18.39.27.csv,train/static_B_2020.02.27_18.39.27.csv#block-001@time-3012.000s,block-001,3012.000,74.4713,74.47,74.47,0.0000,0.0500,3.322974
2075,redandblack,driving_B_2020.01.16_12.10.03.csv,train/driving_B_2020.01.16_12.10.03.csv#block-000@time-360.000s,block-000,360.000,74.2259,74.23,74.23,0.0000,0.0500,3.677611
2076,soldier,driving_B_2020.02.14_12.58.17.csv,train/driving_B_2020.02.14_12.58.17.csv#block-002@time-596.000s,block-002,596.000,10.2803,10.28,10.28,0.0000,0.0500,4.079746
2077,longdress,static_B_2020.02.27_18.39.27.csv,train/static_B_2020.02.27_18.39.27.csv#block-001@time-1032.000s,block-001,1032.000,65.3363,65.34,65.34,0.0000,0.0500,3.999099
2078,loot,static_B_2020.02.27_18.39.27.csv,train/static_B_2020.02.27_18.39.27.csv#block-001@time-72.000s,block-001,72.000,90.8526,90.85,90.85,0.9757,0.0500,4.240911
2079,redandblack,driving_B_2020.02.27_17.30.15.csv,train/driving_B_2020.02.27_17.30.15.csv#block-002@time-293.000s,block-002,293.000,-31.3712,-31.37,-31.37,0.0000,0.0500,3.260303
2080,soldier,static_B_2019.12.16_13.40.04.csv,train/static_B_2019.12.16_13.40.04.csv#block-001@time-1015.000s,block-001,1015.000,21.7412,21.74,21.74,0.0000,0.0500,3.378548
2081,loot,driving_B_2019.12.16_12.27.05.csv,train/driving_B_2019.12.16_12.27.05.csv#block-000@time-1140.000s,block-000,1140.000,64.2779,64.28,64.28,0.0000,0.0500,3.332138
2082,redandblack,driving_B_2020.02.14_12.58.17.csv,train/driving_B_2020.02.14_12.58.17.csv#block-002@time-596.000s,block-002,596.000,2.3554,2.36,2.36,0.0000,0.0500,3.709492
2083,soldier,static_B_2020.02.14_13.21.26.csv,train/static_B_2020.02.14_13.21.26.csv#block-000@time-60.000s,block-000,60.000,87.5513,87.55,87.55,0.2563,0.0500,3.853880
2084,longdress,driving_B_2019.12.16_12.27.05.csv,train/driving_B_2019.12.16_12.27.05.csv#block-000@time-1260.000s,block-000,1260.000,81.4539,81.45,81.45,0.1125,0.0500,3.287966
2085,loot,driving_B_2020.02.13_13.03.24.csv,train/driving_B_2020.02.13_13.03.24.csv#block-001@time-974.000s,block-001,974.000,37.6827,37.68,37.68,0.0000,0.0500,3.345596
2086,redandblack,static_B_2020.02.14_13.21.26.csv,train/static_B_2020.02.14_13.21.26.csv#block-000@time-480.000s,block-000,480.000,88.6917,88.69,88.69,1.1482,0.0500,4.041657
2087,soldier,driving_B_2020.02.14_12.58.17.csv,train/driving_B_2020.02.14_12.58.17.csv#block-002@time-716.000s,block-002,716.000,19.7372,19.74,19.74,0.0000,0.0500,3.489577
2088,longdress,driving_B_2020.02.14_09.38.22.csv,train/driving_B_2020.02.14_09.38.22.csv#block-000@time-540.000s,block-000,540.000,19.1578,19.16,19.16,0.0000,0.0500,3.348668
2089,loot,driving_B_2020.02.14_09.38.22.csv,train/driving_B_2020.02.14_09.38.22.csv#block-000@time-1260.000s,block-000,1260.000,27.9357,27.94,27.94,0.0000,0.0500,3.547636
2090,redandblack,driving_B_2019.12.17_07.32.39.csv,train/driving_B_2019.12.17_07.32.39.csv#block-000@time-900.000s,block-000,900.000,24.4130,24.41,24.41,0.0000,0.0500,3.282258
2091,soldier,driving_B_2020.02.13_15.02.01.csv,train/driving_B_2020.02.13_15.02.01.csv#block-000@time-2460.000s,block-000,2460.000,69.9671,69.97,69.97,0.0000,0.0500,3.733540
2092,longdress,driving_B_2020.02.14_09.38.22.csv,train/driving_B_2020.02.14_09.38.22.csv#block-000@time-240.000s,block-000,240.000,-46.3428,-46.34,-46.34,0.0000,0.0500,3.507532
2093,loot,driving_B_2019.12.16_12.27.05.csv,train/driving_B_2019.12.16_12.27.05.csv#block-000@time-600.000s,block-000,600.000,-8.8088,-8.81,-8.81,0.0000,0.0500,3.561105
2094,redandblack,static_B_2019.12.16_13.40.04.csv,train/static_B_2019.12.16_13.40.04.csv#block-000@time-120.000s,block-000,120.000,88.6606,88.66,88.66,0.0280,0.0500,3.461314
2095,soldier,static_B_2019.12.16_13.40.04.csv,train/static_B_2019.12.16_13.40.04.csv#block-005@time-1826.000s,block-005,1826.000,62.8528,62.85,62.85,0.0000,0.0500,3.566967
2096,longdress,static_B_2020.02.27_18.39.27.csv,train/static_B_2020.02.27_18.39.27.csv#block-001@time-2592.000s,block-001,2592.000,64.3682,64.37,64.37,0.0000,0.0500,3.307569
2097,loot,driving_B_2020.02.13_15.02.01.csv,train/driving_B_2020.02.13_15.02.01.csv#block-000@time-1020.000s,block-000,1020.000,85.2524,85.25,85.25,1.6493,0.0500,3.347257
2098,redandblack,static_B_2019.12.16_13.40.04.csv,train/static_B_2019.12.16_13.40.04.csv#block-001@time-655.000s,block-001,655.000,62.3601,62.36,62.36,0.0000,0.0500,3.408400
2099,soldier,driving_B_2020.01.16_12.10.03.csv,train/driving_B_2020.01.16_12.10.03.csv#block-000@time-0.000s,block-000,0.000,77.5031,77.50,77.50,0.6665,0.0500,3.327362
2100,longdress,static_B_2019.12.16_13.40.04.csv,train/static_B_2019.12.16_13.40.04.csv#block-001@time-775.000s,block-001,775.000,81.5843,81.58,81.58,0.0648,0.0500,3.405230
2101,loot,driving_B_2020.02.13_15.02.01.csv,train/driving_B_2020.02.13_15.02.01.csv#block-000@time-2640.000s,block-000,2640.000,-64.8451,-64.85,-64.85,0.0000,0.0500,3.767149
2102,redandblack,driving_B_2020.01.16_12.10.03.csv,train/driving_B_2020.01.16_12.10.03.csv#block-000@time-300.000s,block-000,300.000,38.5001,38.50,38.50,0.0000,0.0500,3.854832
2103,soldier,driving_B_2020.02.13_15.02.01.csv,train/driving_B_2020.02.13_15.02.01.csv#block-000@time-120.000s,block-000,120.000,77.7665,77.77,77.77,0.9072,0.0500,3.320740
2104,longdress,driving_B_2020.01.16_07.26.43.csv,train/driving_B_2020.01.16_07.26.43.csv#block-000@time-960.000s,block-000,960.000,5.4993,5.50,5.50,0.0000,0.0500,4.504626
2105,loot,driving_B_2019.12.16_12.27.05.csv,train/driving_B_2019.12.16_12.27.05.csv#block-000@time-1200.000s,block-000,1200.000,36.0102,36.01,36.01,0.0000,0.0500,4.604219
2106,redandblack,static_B_2020.02.14_13.21.26.csv,train/static_B_2020.02.14_13.21.26.csv#block-000@time-960.000s,block-000,960.000,60.6983,60.70,60.70,0.0000,0.0500,4.048928
2107,soldier,driving_B_2020.01.16_07.26.43.csv,train/driving_B_2020.01.16_07.26.43.csv#block-000@time-1080.000s,block-000,1080.000,39.3508,39.35,39.35,0.0000,0.0500,3.954203
2108,longdress,driving_B_2020.01.16_12.10.03.csv,train/driving_B_2020.01.16_12.10.03.csv#block-000@time-120.000s,block-000,120.000,88.2473,88.25,88.25,0.0000,0.0500,3.588208
2109,loot,driving_B_2020.02.13_13.03.24.csv,train/driving_B_2020.02.13_13.03.24.csv#block-000@time-300.000s,block-000,300.000,25.8174,25.82,25.82,0.0000,0.0500,4.187545
2110,redandblack,static_B_2020.02.27_18.39.27.csv,train/static_B_2020.02.27_18.39.27.csv#block-001@time-2172.000s,block-001,2172.000,81.6827,81.68,81.68,0.0000,0.0500,4.226346
2111,soldier,driving_B_2020.02.13_13.03.24.csv,train/driving_B_2020.02.13_13.03.24.csv#block-001@time-1754.000s,block-001,1754.000,23.2828,23.28,23.28,0.0000,0.0500,3.615678
2112,longdress,driving_B_2020.02.27_17.30.15.csv,train/driving_B_2020.02.27_17.30.15.csv#block-002@time-293.000s,block-002,293.000,-119.0634,-119.06,-119.06,0.0000,0.0500,3.961961
2113,loot,driving_B_2020.02.14_12.58.17.csv,train/driving_B_2020.02.14_12.58.17.csv#block-000@time-0.000s,block-000,0.000,38.3567,38.36,38.36,0.0000,0.0500,4.392011
2114,redandblack,static_B_2020.02.14_13.21.26.csv,train/static_B_2020.02.14_13.21.26.csv#block-000@time-240.000s,block-000,240.000,84.5152,84.52,84.52,1.3005,0.0500,4.472333
2115,soldier,static_B_2020.02.27_18.39.27.csv,train/static_B_2020.02.27_18.39.27.csv#block-001@time-6312.000s,block-001,6312.000,73.0220,73.02,73.02,0.0000,0.0500,4.183742
2116,longdress,driving_B_2020.02.13_13.03.24.csv,train/driving_B_2020.02.13_13.03.24.csv#block-001@time-914.000s,block-001,914.000,10.8349,10.83,10.83,0.0000,0.0500,4.431145
2117,loot,driving_B_2019.12.16_12.27.05.csv,train/driving_B_2019.12.16_12.27.05.csv#block-000@time-0.000s,block-000,0.000,47.8510,47.85,47.85,0.0000,0.0500,3.645195
2118,redandblack,driving_B_2020.02.13_13.03.24.csv,train/driving_B_2020.02.13_13.03.24.csv#block-001@time-1514.000s,block-001,1514.000,16.7053,16.71,16.71,0.0000,0.0500,4.013337
2119,soldier,driving_B_2020.02.14_09.38.22.csv,train/driving_B_2020.02.14_09.38.22.csv#block-000@time-600.000s,block-000,600.000,63.8950,63.90,63.90,0.0000,0.0500,4.104775
2120,longdress,driving_B_2020.02.13_13.03.24.csv,train/driving_B_2020.02.13_13.03.24.csv#block-000@time-240.000s,block-000,240.000,29.1033,29.10,29.10,0.0327,0.0500,4.196639
2121,loot,driving_B_2020.01.16_09.56.56.csv,train/driving_B_2020.01.16_09.56.56.csv#block-001@time-1239.000s,block-001,1239.000,49.3754,49.38,49.38,0.0000,0.0500,4.485298
2122,redandblack,static_B_2020.02.14_13.21.26.csv,train/static_B_2020.02.14_13.21.26.csv#block-000@time-780.000s,block-000,780.000,85.2343,85.23,85.23,0.6949,0.0500,4.407207
2123,soldier,static_B_2019.12.16_13.40.04.csv,train/static_B_2019.12.16_13.40.04.csv#block-005@time-1466.000s,block-005,1466.000,60.1474,60.15,60.15,0.0000,0.0500,4.259631
2124,longdress,driving_B_2020.01.16_09.56.56.csv,train/driving_B_2020.01.16_09.56.56.csv#block-001@time-1419.000s,block-001,1419.000,52.5479,52.55,52.55,0.0000,0.0500,3.923312
2125,loot,driving_B_2020.01.16_07.26.43.csv,train/driving_B_2020.01.16_07.26.43.csv#block-000@time-180.000s,block-000,180.000,-5.3634,-5.36,-5.36,0.0000,0.0500,3.718825
2126,redandblack,driving_B_2020.02.27_17.30.15.csv,train/driving_B_2020.02.27_17.30.15.csv#block-002@time-473.000s,block-002,473.000,-210.3548,-210.35,-210.35,0.0000,0.0500,4.079142
2127,soldier,driving_B_2019.12.16_12.27.05.csv,train/driving_B_2019.12.16_12.27.05.csv#block-000@time-300.000s,block-000,300.000,10.5906,10.59,10.59,0.0000,0.0500,4.161702
2128,longdress,driving_B_2019.12.16_12.27.05.csv,train/driving_B_2019.12.16_12.27.05.csv#block-000@time-420.000s,block-000,420.000,-63.9861,-63.99,-63.99,0.0000,0.0500,3.969117
2129,loot,driving_B_2020.02.27_17.30.15.csv,train/driving_B_2020.02.27_17.30.15.csv#block-002@time-473.000s,block-002,473.000,-211.5363,-211.54,-211.54,0.0000,0.0500,4.240416
2130,redandblack,static_B_2020.02.14_13.21.26.csv,train/static_B_2020.02.14_13.21.26.csv#block-000@time-780.000s,block-000,780.000,76.7652,76.77,76.77,1.0632,0.0500,4.048405
2131,soldier,driving_B_2020.02.14_09.38.22.csv,train/driving_B_2020.02.14_09.38.22.csv#block-000@time-120.000s,block-000,120.000,23.9381,23.94,23.94,0.0000,0.0500,3.962630
2132,longdress,driving_B_2020.02.13_15.02.01.csv,train/driving_B_2020.02.13_15.02.01.csv#block-000@time-2280.000s,block-000,2280.000,50.8615,50.86,50.86,0.0000,0.0500,3.983638
2133,loot,driving_B_2019.12.17_07.32.39.csv,train/driving_B_2019.12.17_07.32.39.csv#block-000@time-840.000s,block-000,840.000,35.8269,35.83,35.83,0.0000,0.0500,3.853590
2134,redandblack,static_B_2019.12.16_13.40.04.csv,train/static_B_2019.12.16_13.40.04.csv#block-000@time-360.000s,block-000,360.000,43.5036,43.50,43.50,0.0000,0.0500,3.617066
2135,soldier,static_B_2020.02.27_18.39.27.csv,train/static_B_2020.02.27_18.39.27.csv#block-001@time-1872.000s,block-001,1872.000,63.3325,63.33,63.33,0.0000,0.0500,4.109049
2136,longdress,driving_B_2020.01.16_09.56.56.csv,train/driving_B_2020.01.16_09.56.56.csv#block-001@time-519.000s,block-001,519.000,48.5180,48.52,48.52,0.0000,0.0500,3.965574
2137,loot,driving_B_2020.02.14_12.58.17.csv,train/driving_B_2020.02.14_12.58.17.csv#block-002@time-656.000s,block-002,656.000,55.5675,55.57,55.57,0.0000,0.0500,4.226803
2138,redandblack,driving_B_2019.12.16_12.27.05.csv,train/driving_B_2019.12.16_12.27.05.csv#block-000@time-600.000s,block-000,600.000,17.4160,17.42,17.42,0.0000,0.0500,4.277324
2139,soldier,driving_B_2020.02.14_09.38.22.csv,train/driving_B_2020.02.14_09.38.22.csv#block-000@time-60.000s,block-000,60.000,29.7021,29.70,29.70,0.0000,0.0500,4.009808
2140,longdress,static_B_2020.02.27_18.39.27.csv,train/static_B_2020.02.27_18.39.27.csv#block-001@time-1512.000s,block-001,1512.000,85.9048,85.90,85.90,0.0000,0.0500,3.930045
2141,loot,driving_B_2020.01.16_07.26.43.csv,train/driving_B_2020.01.16_07.26.43.csv#block-000@time-1140.000s,block-000,1140.000,51.0472,51.05,51.05,0.0000,0.0500,3.777334
2142,redandblack,driving_B_2020.02.27_17.30.15.csv,train/driving_B_2020.02.27_17.30.15.csv#block-002@time-533.000s,block-002,533.000,-58.0167,-58.02,-58.02,0.0000,0.0500,4.060622
2143,soldier,driving_B_2019.12.17_07.32.39.csv,train/driving_B_2019.12.17_07.32.39.csv#block-004@time-2417.000s,block-004,2417.000,29.4433,29.44,29.44,0.0000,0.0500,4.140192
2144,longdress,driving_B_2020.02.14_12.58.17.csv,train/driving_B_2020.02.14_12.58.17.csv#block-002@time-596.000s,block-002,596.000,18.6023,18.60,18.60,0.0000,0.0500,4.218962
2145,loot,static_B_2020.02.27_18.39.27.csv,train/static_B_2020.02.27_18.39.27.csv#block-001@time-5892.000s,block-001,5892.000,81.6737,81.67,81.67,1.1653,0.0500,3.946594
2146,redandblack,driving_B_2020.02.27_17.30.15.csv,train/driving_B_2020.02.27_17.30.15.csv#block-002@time-473.000s,block-002,473.000,-246.1277,-246.13,-246.13,0.0000,0.0500,3.902417
2147,soldier,driving_B_2019.12.17_07.32.39.csv,train/driving_B_2019.12.17_07.32.39.csv#block-000@time-120.000s,block-000,120.000,31.2630,31.26,31.26,0.0000,0.0500,4.031535
2148,longdress,driving_B_2020.02.13_13.03.24.csv,train/driving_B_2020.02.13_13.03.24.csv#block-000@time-420.000s,block-000,420.000,31.4101,31.41,31.41,0.0000,0.0500,4.393048
2149,loot,driving_B_2020.02.14_09.38.22.csv,train/driving_B_2020.02.14_09.38.22.csv#block-000@time-1500.000s,block-000,1500.000,22.9308,22.93,22.93,0.0000,0.0500,3.898546
2150,redandblack,static_B_2019.12.16_13.40.04.csv,train/static_B_2019.12.16_13.40.04.csv#block-005@time-1646.000s,block-005,1646.000,86.5066,86.51,86.51,0.0000,0.0500,4.414521
2151,soldier,driving_B_2019.12.17_07.32.39.csv,train/driving_B_2019.12.17_07.32.39.csv#block-003@time-2134.000s,block-003,2134.000,29.6214,29.62,29.62,0.0000,0.0500,3.834509
2152,longdress,driving_B_2020.02.14_09.38.22.csv,train/driving_B_2020.02.14_09.38.22.csv#block-000@time-1560.000s,block-000,1560.000,47.9970,48.00,48.00,0.0000,0.0500,3.741971
2153,loot,driving_B_2020.02.13_15.02.01.csv,train/driving_B_2020.02.13_15.02.01.csv#block-000@time-1920.000s,block-000,1920.000,57.3256,57.33,57.33,0.0000,0.0500,3.954184
2154,redandblack,driving_B_2019.12.16_12.27.05.csv,train/driving_B_2019.12.16_12.27.05.csv#block-000@time-480.000s,block-000,480.000,21.9656,21.97,21.97,0.9936,0.0500,3.583642
2155,soldier,static_B_2020.02.14_13.21.26.csv,train/static_B_2020.02.14_13.21.26.csv#block-000@time-360.000s,block-000,360.000,77.9078,77.91,77.91,0.0000,0.0500,3.969093
2156,longdress,static_B_2020.02.14_13.21.26.csv,train/static_B_2020.02.14_13.21.26.csv#block-000@time-660.000s,block-000,660.000,88.3151,88.32,88.32,0.0000,0.0500,3.975397
2157,loot,driving_B_2019.12.17_07.32.39.csv,train/driving_B_2019.12.17_07.32.39.csv#block-004@time-2297.000s,block-004,2297.000,75.5575,75.56,75.56,0.0000,0.0500,3.943510
2158,redandblack,driving_B_2020.01.16_12.10.03.csv,train/driving_B_2020.01.16_12.10.03.csv#block-000@time-180.000s,block-000,180.000,80.2456,80.25,80.25,0.0000,0.0500,3.780865
2159,soldier,driving_B_2020.01.16_09.56.56.csv,train/driving_B_2020.01.16_09.56.56.csv#block-001@time-1719.000s,block-001,1719.000,58.5410,58.54,58.54,0.0000,0.0500,3.981444
2160,longdress,static_B_2019.12.16_13.40.04.csv,train/static_B_2019.12.16_13.40.04.csv#block-005@time-1526.000s,block-005,1526.000,55.9455,55.95,55.95,0.0000,0.0500,3.694485
2161,loot,driving_B_2020.02.13_15.02.01.csv,train/driving_B_2020.02.13_15.02.01.csv#block-000@time-3000.000s,block-000,3000.000,9.7368,9.74,9.74,1.5446,0.0500,4.381949
2162,redandblack,driving_B_2020.02.14_09.38.22.csv,train/driving_B_2020.02.14_09.38.22.csv#block-000@time-960.000s,block-000,960.000,57.6801,57.68,57.68,0.0000,0.0500,3.950321
2163,soldier,driving_B_2020.01.16_09.56.56.csv,train/driving_B_2020.01.16_09.56.56.csv#block-000@time-120.000s,block-000,120.000,-34.6171,-34.62,-34.62,0.0000,0.0500,4.364010
2164,longdress,driving_B_2020.02.14_12.58.17.csv,train/driving_B_2020.02.14_12.58.17.csv#block-002@time-716.000s,block-002,716.000,26.2471,26.25,26.25,0.0000,0.0500,3.866173
2165,loot,static_B_2020.02.27_18.39.27.csv,train/static_B_2020.02.27_18.39.27.csv#block-001@time-2472.000s,block-001,2472.000,75.3985,75.40,75.40,0.0000,0.0500,4.624183
2166,redandblack,driving_B_2020.01.16_09.56.56.csv,train/driving_B_2020.01.16_09.56.56.csv#block-001@time-1119.000s,block-001,1119.000,88.7570,88.76,88.76,0.8833,0.0500,3.554936
2167,soldier,driving_B_2020.01.16_12.10.03.csv,train/driving_B_2020.01.16_12.10.03.csv#block-000@time-240.000s,block-000,240.000,72.5491,72.55,72.55,0.6992,0.0500,4.502082
2168,longdress,driving_B_2020.02.14_12.58.17.csv,train/driving_B_2020.02.14_12.58.17.csv#block-002@time-536.000s,block-002,536.000,-83.3401,-83.34,-83.34,0.0000,0.0500,4.144804
2169,loot,static_B_2019.12.16_13.40.04.csv,train/static_B_2019.12.16_13.40.04.csv#block-001@time-715.000s,block-001,715.000,51.9745,51.97,51.97,0.0000,0.0500,3.944112
2170,redandblack,driving_B_2020.01.16_12.10.03.csv,train/driving_B_2020.01.16_12.10.03.csv#block-000@time-360.000s,block-000,360.000,74.5888,74.59,74.59,0.0000,0.0500,3.875173
2171,soldier,static_B_2020.02.14_13.21.26.csv,train/static_B_2020.02.14_13.21.26.csv#block-000@time-300.000s,block-000,300.000,55.0162,55.02,55.02,0.0000,0.0500,3.749565
2172,longdress,driving_B_2020.02.13_15.02.01.csv,train/driving_B_2020.02.13_15.02.01.csv#block-000@time-1980.000s,block-000,1980.000,87.5973,87.60,87.60,0.0000,0.0500,4.313619
2173,loot,driving_B_2020.01.16_09.56.56.csv,train/driving_B_2020.01.16_09.56.56.csv#block-001@time-699.000s,block-001,699.000,86.6050,86.61,86.61,1.6793,0.0500,4.098105
2174,redandblack,driving_B_2020.02.13_13.03.24.csv,train/driving_B_2020.02.13_13.03.24.csv#block-001@time-1094.000s,block-001,1094.000,25.6005,25.60,25.60,0.0000,0.0500,3.991503
2175,soldier,driving_B_2020.02.13_13.03.24.csv,train/driving_B_2020.02.13_13.03.24.csv#block-001@time-1994.000s,block-001,1994.000,58.7589,58.76,58.76,0.0000,0.0500,3.792175
2176,longdress,static_B_2020.02.27_18.39.27.csv,train/static_B_2020.02.27_18.39.27.csv#block-001@time-1032.000s,block-001,1032.000,65.3150,65.31,65.31,0.0000,0.0500,4.279929
2177,loot,static_B_2020.02.14_13.21.26.csv,train/static_B_2020.02.14_13.21.26.csv#block-000@time-120.000s,block-000,120.000,82.4045,82.40,82.40,2.1103,0.0500,3.554904
2178,redandblack,driving_B_2020.01.16_07.26.43.csv,train/driving_B_2020.01.16_07.26.43.csv#block-000@time-1740.000s,block-000,1740.000,23.2573,23.26,23.26,0.0000,0.0500,4.639996
2179,soldier,driving_B_2020.01.16_12.10.03.csv,train/driving_B_2020.01.16_12.10.03.csv#block-000@time-360.000s,block-000,360.000,72.5557,72.56,72.56,0.0000,0.0500,4.505048
2180,longdress,driving_B_2019.12.17_07.32.39.csv,train/driving_B_2019.12.17_07.32.39.csv#block-000@time-1380.000s,block-000,1380.000,47.3985,47.40,47.40,0.0000,0.0500,4.482324
2181,loot,driving_B_2020.01.16_09.56.56.csv,train/driving_B_2020.01.16_09.56.56.csv#block-001@time-879.000s,block-001,879.000,66.5126,66.51,66.51,0.0000,0.0500,3.760203
2182,redandblack,driving_B_2020.02.13_13.03.24.csv,train/driving_B_2020.02.13_13.03.24.csv#block-000@time-480.000s,block-000,480.000,16.3108,16.31,16.31,0.0000,0.0500,4.222051
2183,soldier,driving_B_2020.02.14_12.58.17.csv,train/driving_B_2020.02.14_12.58.17.csv#block-002@time-536.000s,block-002,536.000,-18.1808,-18.18,-18.18,0.0652,0.0500,4.006190
2184,longdress,driving_B_2020.01.16_12.10.03.csv,train/driving_B_2020.01.16_12.10.03.csv#block-000@time-180.000s,block-000,180.000,81.7729,81.77,81.77,0.0000,0.0500,3.989088
2185,loot,static_B_2020.02.14_13.21.26.csv,train/static_B_2020.02.14_13.21.26.csv#block-000@time-900.000s,block-000,900.000,71.9616,71.96,71.96,0.0000,0.0500,4.012340
2186,redandblack,driving_B_2020.02.14_09.38.22.csv,train/driving_B_2020.02.14_09.38.22.csv#block-000@time-0.000s,block-000,0.000,28.7735,28.77,28.77,0.0000,0.0500,4.424400
2187,soldier,driving_B_2019.12.17_07.32.39.csv,train/driving_B_2019.12.17_07.32.39.csv#block-004@time-2357.000s,block-004,2357.000,-5.7319,-5.73,-5.73,0.0000,0.0500,4.140988
2188,longdress,driving_B_2020.01.16_09.56.56.csv,train/driving_B_2020.01.16_09.56.56.csv#block-000@time-60.000s,block-000,60.000,25.5826,25.58,25.58,0.0000,0.0500,3.588737
2189,loot,driving_B_2019.12.17_07.32.39.csv,train/driving_B_2019.12.17_07.32.39.csv#block-000@time-1140.000s,block-000,1140.000,46.5080,46.51,46.51,0.0000,0.0500,4.491595
2190,redandblack,driving_B_2020.01.16_12.10.03.csv,train/driving_B_2020.01.16_12.10.03.csv#block-000@time-60.000s,block-000,60.000,57.0960,57.10,57.10,0.0000,0.0500,3.997972
2191,soldier,driving_B_2020.01.16_07.26.43.csv,train/driving_B_2020.01.16_07.26.43.csv#block-000@time-780.000s,block-000,780.000,10.6364,10.64,10.64,0.0000,0.0500,4.079428
2192,longdress,driving_B_2019.12.16_12.27.05.csv,train/driving_B_2019.12.16_12.27.05.csv#block-000@time-1020.000s,block-000,1020.000,83.0295,83.03,83.03,0.0000,0.0500,4.011053
2193,loot,driving_B_2020.01.16_12.10.03.csv,train/driving_B_2020.01.16_12.10.03.csv#block-000@time-180.000s,block-000,180.000,86.3012,86.30,86.30,0.0000,0.0500,4.126827
2194,redandblack,driving_B_2020.01.16_07.26.43.csv,train/driving_B_2020.01.16_07.26.43.csv#block-000@time-1860.000s,block-000,1860.000,31.3098,31.31,31.31,0.0000,0.0500,3.409665
2195,soldier,static_B_2020.02.27_18.39.27.csv,train/static_B_2020.02.27_18.39.27.csv#block-001@time-2112.000s,block-001,2112.000,14.9117,14.91,14.91,0.0000,0.0500,3.951320
2196,longdress,driving_B_2020.02.14_09.38.22.csv,train/driving_B_2020.02.14_09.38.22.csv#block-000@time-720.000s,block-000,720.000,84.6379,84.64,84.64,0.0000,0.0500,3.999273
2197,loot,driving_B_2020.01.16_07.26.43.csv,train/driving_B_2020.01.16_07.26.43.csv#block-000@time-720.000s,block-000,720.000,28.7903,28.79,28.79,0.0000,0.0500,3.820857
2198,redandblack,driving_B_2020.01.16_07.26.43.csv,train/driving_B_2020.01.16_07.26.43.csv#block-000@time-1680.000s,block-000,1680.000,29.4525,29.45,29.45,0.0000,0.0500,4.091965
2199,soldier,driving_B_2020.02.13_15.02.01.csv,train/driving_B_2020.02.13_15.02.01.csv#block-000@time-300.000s,block-000,300.000,77.9392,77.94,77.94,0.6261,0.0500,4.520820
2200,longdress,driving_B_2020.01.16_07.26.43.csv,train/driving_B_2020.01.16_07.26.43.csv#block-000@time-1500.000s,block-000,1500.000,24.3700,24.37,24.37,0.3578,0.0500,4.473502
2201,loot,static_B_2020.02.14_13.21.26.csv,train/static_B_2020.02.14_13.21.26.csv#block-000@time-600.000s,block-000,600.000,80.4857,80.49,80.49,1.9080,0.0500,3.736560
2202,redandblack,static_B_2020.02.14_13.21.26.csv,train/static_B_2020.02.14_13.21.26.csv#block-000@time-600.000s,block-000,600.000,85.9466,85.95,85.95,1.0626,0.0500,3.702251
2203,soldier,static_B_2020.02.27_18.39.27.csv,train/static_B_2020.02.27_18.39.27.csv#block-001@time-1272.000s,block-001,1272.000,29.7407,29.74,29.74,0.0000,0.0500,4.106270
2204,longdress,static_B_2020.02.14_13.21.26.csv,train/static_B_2020.02.14_13.21.26.csv#block-000@time-0.000s,block-000,0.000,52.2621,52.26,52.26,0.0000,0.0500,4.153246
2205,loot,static_B_2019.12.16_13.40.04.csv,train/static_B_2019.12.16_13.40.04.csv#block-005@time-1886.000s,block-005,1886.000,74.6975,74.70,74.70,0.0000,0.0500,4.184553
2206,redandblack,driving_B_2020.01.16_09.56.56.csv,train/driving_B_2020.01.16_09.56.56.csv#block-001@time-639.000s,block-001,639.000,72.3290,72.33,72.33,0.0000,0.0500,3.925552
2207,soldier,driving_B_2019.12.16_12.27.05.csv,train/driving_B_2019.12.16_12.27.05.csv#block-000@time-660.000s,block-000,660.000,-18.8690,-18.87,-18.87,1.2712,0.0500,3.862289
2208,longdress,driving_B_2020.01.16_12.10.03.csv,train/driving_B_2020.01.16_12.10.03.csv#block-000@time-300.000s,block-000,300.000,39.3574,39.36,39.36,0.0000,0.0500,3.916163
2209,loot,driving_B_2020.02.27_17.30.15.csv,train/driving_B_2020.02.27_17.30.15.csv#block-002@time-413.000s,block-002,413.000,7.8173,7.82,7.82,0.0000,0.0500,3.744085
2210,redandblack,driving_B_2020.02.13_15.02.01.csv,train/driving_B_2020.02.13_15.02.01.csv#block-000@time-2820.000s,block-000,2820.000,72.3953,72.40,72.40,0.0000,0.0500,3.485286
2211,soldier,static_B_2020.02.14_13.21.26.csv,train/static_B_2020.02.14_13.21.26.csv#block-000@time-960.000s,block-000,960.000,48.0247,48.02,48.02,0.0000,0.0500,4.257240
2212,longdress,driving_B_2020.02.27_17.30.15.csv,train/driving_B_2020.02.27_17.30.15.csv#block-002@time-293.000s,block-002,293.000,-120.3775,-120.38,-120.38,0.0000,0.0500,3.820600
2213,loot,driving_B_2020.01.16_12.10.03.csv,train/driving_B_2020.01.16_12.10.03.csv#block-000@time-60.000s,block-000,60.000,59.8711,59.87,59.87,0.0000,0.0500,3.832848
2214,redandblack,driving_B_2020.02.14_12.58.17.csv,train/driving_B_2020.02.14_12.58.17.csv#block-002@time-716.000s,block-002,716.000,20.8783,20.88,20.88,0.4073,0.0500,4.191134
2215,soldier,static_B_2020.02.14_13.21.26.csv,train/static_B_2020.02.14_13.21.26.csv#block-000@time-1020.000s,block-000,1020.000,77.8063,77.81,77.81,0.0000,0.0500,4.021729
2216,longdress,driving_B_2020.02.13_13.03.24.csv,train/driving_B_2020.02.13_13.03.24.csv#block-001@time-1814.000s,block-001,1814.000,26.8518,26.85,26.85,0.0000,0.0500,4.173857
2217,loot,static_B_2019.12.16_13.40.04.csv,train/static_B_2019.12.16_13.40.04.csv#block-006@time-2172.000s,block-006,2172.000,84.0875,84.09,84.09,2.1896,0.0500,3.986917
2218,redandblack,driving_B_2020.02.14_09.38.22.csv,train/driving_B_2020.02.14_09.38.22.csv#block-000@time-480.000s,block-000,480.000,17.3281,17.33,17.33,0.7324,0.0500,3.821971
2219,soldier,driving_B_2019.12.17_07.32.39.csv,train/driving_B_2019.12.17_07.32.39.csv#block-000@time-1200.000s,block-000,1200.000,80.5093,80.51,80.51,1.1313,0.0500,4.232940
2220,longdress,driving_B_2020.01.16_12.10.03.csv,train/driving_B_2020.01.16_12.10.03.csv#block-000@time-240.000s,block-000,240.000,87.3088,87.31,87.31,0.0000,0.0500,4.303811
2221,loot,static_B_2019.12.16_13.40.04.csv,train/static_B_2019.12.16_13.40.04.csv#block-005@time-1766.000s,block-005,1766.000,83.7925,83.79,83.79,1.5568,0.0500,3.965137
2222,redandblack,static_B_2019.12.16_13.40.04.csv,train/static_B_2019.12.16_13.40.04.csv#block-000@time-180.000s,block-000,180.000,72.6169,72.62,72.62,0.0000,0.0500,3.834118
2223,soldier,driving_B_2020.01.16_12.10.03.csv,train/driving_B_2020.01.16_12.10.03.csv#block-000@time-120.000s,block-000,120.000,82.2949,82.29,82.29,0.0000,0.0500,3.772805
2224,longdress,driving_B_2020.01.16_12.10.03.csv,train/driving_B_2020.01.16_12.10.03.csv#block-000@time-300.000s,block-000,300.000,43.3122,43.31,43.31,0.0000,0.0500,4.061116
2225,loot,static_B_2019.12.16_13.40.04.csv,train/static_B_2019.12.16_13.40.04.csv#block-000@time-420.000s,block-000,420.000,79.4806,79.48,79.48,0.0000,0.0500,3.763003
2226,redandblack,driving_B_2020.01.16_07.26.43.csv,train/driving_B_2020.01.16_07.26.43.csv#block-000@time-420.000s,block-000,420.000,31.1777,31.18,31.18,0.0000,0.0500,3.933329
2227,soldier,driving_B_2020.02.14_12.58.17.csv,train/driving_B_2020.02.14_12.58.17.csv#block-002@time-596.000s,block-002,596.000,16.7791,16.78,16.78,0.0000,0.0500,4.033616
2228,longdress,driving_B_2020.01.16_09.56.56.csv,train/driving_B_2020.01.16_09.56.56.csv#block-001@time-1719.000s,block-001,1719.000,53.9143,53.91,53.91,0.0000,0.0500,3.563996
2229,loot,driving_B_2020.02.27_17.30.15.csv,train/driving_B_2020.02.27_17.30.15.csv#block-002@time-533.000s,block-002,533.000,0.3269,0.33,0.33,0.0000,0.0500,3.509585
2230,redandblack,static_B_2020.02.14_13.21.26.csv,train/static_B_2020.02.14_13.21.26.csv#block-000@time-720.000s,block-000,720.000,81.7146,81.71,81.71,0.0000,0.0500,3.943092
2231,soldier,static_B_2020.02.14_13.21.26.csv,train/static_B_2020.02.14_13.21.26.csv#block-000@time-180.000s,block-000,180.000,76.0142,76.01,76.01,0.0000,0.0500,3.911118
2232,longdress,driving_B_2020.02.13_13.03.24.csv,train/driving_B_2020.02.13_13.03.24.csv#block-001@time-1394.000s,block-001,1394.000,27.0876,27.09,27.09,1.3171,0.0500,3.773108
2233,loot,driving_B_2020.02.14_12.58.17.csv,train/driving_B_2020.02.14_12.58.17.csv#block-002@time-596.000s,block-002,596.000,28.9277,28.93,28.93,0.0000,0.0500,3.924115
2234,redandblack,static_B_2020.02.27_18.39.27.csv,train/static_B_2020.02.27_18.39.27.csv#block-001@time-492.000s,block-001,492.000,66.3306,66.33,66.33,0.0000,0.0500,4.011245
2235,soldier,driving_B_2020.02.13_15.02.01.csv,train/driving_B_2020.02.13_15.02.01.csv#block-000@time-1740.000s,block-000,1740.000,-60.8448,-60.84,-60.84,0.0000,0.0500,4.089675
2236,longdress,driving_B_2019.12.16_12.27.05.csv,train/driving_B_2019.12.16_12.27.05.csv#block-000@time-120.000s,block-000,120.000,46.7298,46.73,46.73,0.0000,0.0500,3.747467
2237,loot,driving_B_2020.02.14_09.38.22.csv,train/driving_B_2020.02.14_09.38.22.csv#block-000@time-840.000s,block-000,840.000,15.8058,15.81,15.81,0.0000,0.0500,4.074573
2238,redandblack,driving_B_2020.01.16_12.10.03.csv,train/driving_B_2020.01.16_12.10.03.csv#block-000@time-300.000s,block-000,300.000,41.4967,41.50,41.50,0.0000,0.0500,4.157839
2239,soldier,static_B_2019.12.16_13.40.04.csv,train/static_B_2019.12.16_13.40.04.csv#block-001@time-1015.000s,block-001,1015.000,29.8269,29.83,29.83,0.7395,0.0500,4.378683
2240,longdress,driving_B_2020.02.14_09.38.22.csv,train/driving_B_2020.02.14_09.38.22.csv#block-000@time-300.000s,block-000,300.000,11.7739,11.77,11.77,0.0000,0.0500,4.020155
2241,loot,driving_B_2020.02.27_17.30.15.csv,train/driving_B_2020.02.27_17.30.15.csv#block-002@time-473.000s,block-002,473.000,-4.0901,-4.09,-4.09,0.0000,0.0500,4.013786
2242,redandblack,static_B_2019.12.16_13.40.04.csv,train/static_B_2019.12.16_13.40.04.csv#block-001@time-1135.000s,block-001,1135.000,66.7215,66.72,66.72,0.0000,0.0500,4.227763
2243,soldier,driving_B_2020.01.16_12.10.03.csv,train/driving_B_2020.01.16_12.10.03.csv#block-000@time-300.000s,block-000,300.000,24.8225,24.82,24.82,0.0000,0.0500,4.377625
2244,longdress,static_B_2020.02.14_13.21.26.csv,train/static_B_2020.02.14_13.21.26.csv#block-000@time-840.000s,block-000,840.000,76.3734,76.37,76.37,0.0000,0.0500,3.904335
2245,loot,driving_B_2020.01.16_09.56.56.csv,train/driving_B_2020.01.16_09.56.56.csv#block-001@time-1479.000s,block-001,1479.000,63.0550,63.06,63.06,0.0000,0.0500,4.137287
2246,redandblack,driving_B_2020.01.16_12.10.03.csv,train/driving_B_2020.01.16_12.10.03.csv#block-000@time-120.000s,block-000,120.000,90.5060,90.51,90.51,0.7040,0.0500,4.007616
2247,soldier,driving_B_2020.01.16_09.56.56.csv,train/driving_B_2020.01.16_09.56.56.csv#block-000@time-0.000s,block-000,0.000,37.4868,37.49,37.49,0.0000,0.0500,3.820421
2248,longdress,driving_B_2019.12.16_12.27.05.csv,train/driving_B_2019.12.16_12.27.05.csv#block-000@time-420.000s,block-000,420.000,-50.3758,-50.38,-50.38,0.0000,0.0500,3.992369
2249,loot,driving_B_2019.12.16_12.27.05.csv,train/driving_B_2019.12.16_12.27.05.csv#block-000@time-360.000s,block-000,360.000,27.5582,27.56,27.56,0.0110,0.0500,4.193558
2250,redandblack,driving_B_2020.02.14_09.38.22.csv,train/driving_B_2020.02.14_09.38.22.csv#block-000@time-1080.000s,block-000,1080.000,87.7349,87.73,87.73,0.5647,0.0500,4.027222
2251,soldier,driving_B_2020.02.27_17.30.15.csv,train/driving_B_2020.02.27_17.30.15.csv#block-002@time-353.000s,block-002,353.000,-48.6075,-48.61,-48.61,0.0000,0.0500,3.717056
2252,longdress,driving_B_2020.02.14_09.38.22.csv,train/driving_B_2020.02.14_09.38.22.csv#block-000@time-1380.000s,block-000,1380.000,26.0979,26.10,26.10,0.0000,0.0500,4.245788
2253,loot,driving_B_2020.02.14_12.58.17.csv,train/driving_B_2020.02.14_12.58.17.csv#block-002@time-716.000s,block-002,716.000,35.3123,35.31,35.31,0.0000,0.0500,3.653005
2254,redandblack,driving_B_2020.02.13_15.02.01.csv,train/driving_B_2020.02.13_15.02.01.csv#block-000@time-1800.000s,block-000,1800.000,-34.2676,-34.27,-34.27,0.0000,0.0500,3.911210
2255,soldier,static_B_2020.02.27_18.39.27.csv,train/static_B_2020.02.27_18.39.27.csv#block-001@time-3132.000s,block-001,3132.000,74.5314,74.53,74.53,0.0000,0.0500,4.190311
2256,longdress,driving_B_2020.02.27_17.30.15.csv,train/driving_B_2020.02.27_17.30.15.csv#block-002@time-353.000s,block-002,353.000,-18.0440,-18.04,-18.04,0.0000,0.0500,4.153453
2257,loot,static_B_2020.02.27_18.39.27.csv,train/static_B_2020.02.27_18.39.27.csv#block-001@time-972.000s,block-001,972.000,84.7221,84.72,84.72,0.0000,0.0500,3.667648
2258,redandblack,static_B_2020.02.14_13.21.26.csv,train/static_B_2020.02.14_13.21.26.csv#block-000@time-840.000s,block-000,840.000,88.7407,88.74,88.74,1.1085,0.0500,4.013977
2259,soldier,driving_B_2020.02.14_12.58.17.csv,train/driving_B_2020.02.14_12.58.17.csv#block-000@time-0.000s,block-000,0.000,26.8809,26.88,26.88,0.0000,0.0500,3.759091
2260,longdress,driving_B_2019.12.16_12.27.05.csv,train/driving_B_2019.12.16_12.27.05.csv#block-000@time-300.000s,block-000,300.000,28.5356,28.54,28.54,0.0000,0.0500,3.510235
2261,loot,static_B_2019.12.16_13.40.04.csv,train/static_B_2019.12.16_13.40.04.csv#block-005@time-1946.000s,block-005,1946.000,88.6921,88.69,88.69,0.0000,0.0500,4.143733
2262,redandblack,driving_B_2020.01.16_09.56.56.csv,train/driving_B_2020.01.16_09.56.56.csv#block-001@time-819.000s,block-001,819.000,57.7264,57.73,57.73,0.0000,0.0500,4.042690
2263,soldier,driving_B_2020.02.13_15.02.01.csv,train/driving_B_2020.02.13_15.02.01.csv#block-000@time-1620.000s,block-000,1620.000,18.6600,18.66,18.66,0.0000,0.0500,3.940572
2264,longdress,driving_B_2019.12.17_07.32.39.csv,train/driving_B_2019.12.17_07.32.39.csv#block-000@time-540.000s,block-000,540.000,20.6154,20.62,20.62,1.5280,0.0500,3.952004
2265,loot,driving_B_2019.12.17_07.32.39.csv,train/driving_B_2019.12.17_07.32.39.csv#block-000@time-1080.000s,block-000,1080.000,29.1401,29.14,29.14,0.0000,0.0500,3.695273
2266,redandblack,driving_B_2019.12.17_07.32.39.csv,train/driving_B_2019.12.17_07.32.39.csv#block-000@time-600.000s,block-000,600.000,38.3975,38.40,38.40,0.0000,0.0500,3.831501
2267,soldier,driving_B_2020.01.16_07.26.43.csv,train/driving_B_2020.01.16_07.26.43.csv#block-000@time-840.000s,block-000,840.000,51.9813,51.98,51.98,0.0000,0.0500,3.973257
2268,longdress,driving_B_2020.02.27_17.30.15.csv,train/driving_B_2020.02.27_17.30.15.csv#block-002@time-473.000s,block-002,473.000,-107.7954,-107.80,-107.80,0.0000,0.0500,3.870905
2269,loot,static_B_2019.12.16_13.40.04.csv,train/static_B_2019.12.16_13.40.04.csv#block-001@time-895.000s,block-001,895.000,67.2910,67.29,67.29,0.0000,0.0500,4.527058
2270,redandblack,static_B_2020.02.27_18.39.27.csv,train/static_B_2020.02.27_18.39.27.csv#block-001@time-5352.000s,block-001,5352.000,-57.4004,-57.40,-57.40,0.0000,0.0500,4.019723
2271,soldier,static_B_2020.02.27_18.39.27.csv,train/static_B_2020.02.27_18.39.27.csv#block-001@time-2772.000s,block-001,2772.000,85.3491,85.35,85.35,0.0000,0.0500,4.559673
2272,longdress,driving_B_2020.02.14_09.38.22.csv,train/driving_B_2020.02.14_09.38.22.csv#block-000@time-900.000s,block-000,900.000,-56.9732,-56.97,-56.97,0.0000,0.0500,3.543166
2273,loot,driving_B_2020.01.16_12.10.03.csv,train/driving_B_2020.01.16_12.10.03.csv#block-000@time-60.000s,block-000,60.000,63.1365,63.14,63.14,0.0000,0.0500,4.446045
2274,redandblack,driving_B_2020.01.16_12.10.03.csv,train/driving_B_2020.01.16_12.10.03.csv#block-000@time-120.000s,block-000,120.000,88.7091,88.71,88.71,0.9125,0.0500,3.703890
2275,soldier,driving_B_2020.02.27_17.30.15.csv,train/driving_B_2020.02.27_17.30.15.csv#block-002@time-533.000s,block-002,533.000,-38.1134,-38.11,-38.11,0.0000,0.0500,3.795022
2276,longdress,driving_B_2020.02.13_13.03.24.csv,train/driving_B_2020.02.13_13.03.24.csv#block-001@time-1874.000s,block-001,1874.000,7.5362,7.54,7.54,0.9075,0.0500,3.777131
2277,loot,driving_B_2020.02.14_12.58.17.csv,train/driving_B_2020.02.14_12.58.17.csv#block-002@time-656.000s,block-002,656.000,54.6228,54.62,54.62,0.0000,0.0500,4.142068
2278,redandblack,driving_B_2020.02.27_17.30.15.csv,train/driving_B_2020.02.27_17.30.15.csv#block-002@time-353.000s,block-002,353.000,-35.9260,-35.93,-35.93,0.0000,0.0500,4.171291
2279,soldier,static_B_2019.12.16_13.40.04.csv,train/static_B_2019.12.16_13.40.04.csv#block-001@time-1075.000s,block-001,1075.000,33.8134,33.81,33.81,0.0000,0.0500,4.140880
2280,longdress,driving_B_2020.01.16_09.56.56.csv,train/driving_B_2020.01.16_09.56.56.csv#block-001@time-1179.000s,block-001,1179.000,1.0153,1.02,1.02,0.0000,0.0500,4.143655
2281,loot,driving_B_2020.02.27_17.30.15.csv,train/driving_B_2020.02.27_17.30.15.csv#block-002@time-413.000s,block-002,413.000,27.4235,27.42,27.42,0.0000,0.0500,3.485353
2282,redandblack,driving_B_2020.02.13_15.02.01.csv,train/driving_B_2020.02.13_15.02.01.csv#block-000@time-2940.000s,block-000,2940.000,24.8033,24.80,24.80,0.0000,0.0500,4.144662
2283,soldier,driving_B_2020.02.13_13.03.24.csv,train/driving_B_2020.02.13_13.03.24.csv#block-001@time-1634.000s,block-001,1634.000,28.7002,28.70,28.70,0.0000,0.0500,3.701165
2284,longdress,driving_B_2020.02.13_15.02.01.csv,train/driving_B_2020.02.13_15.02.01.csv#block-000@time-480.000s,block-000,480.000,70.9851,70.99,70.99,0.0000,0.0500,3.940573
2285,loot,driving_B_2020.02.14_12.58.17.csv,train/driving_B_2020.02.14_12.58.17.csv#block-002@time-596.000s,block-002,596.000,35.4347,35.43,35.43,0.0000,0.0500,4.002402
2286,redandblack,driving_B_2020.02.13_13.03.24.csv,train/driving_B_2020.02.13_13.03.24.csv#block-007@time-2290.000s,block-007,2290.000,-37.1419,-37.14,-37.14,0.0000,0.0500,3.612565
2287,soldier,driving_B_2020.01.16_12.10.03.csv,train/driving_B_2020.01.16_12.10.03.csv#block-000@time-360.000s,block-000,360.000,74.3444,74.34,74.34,0.0000,0.0500,4.032227
2288,longdress,driving_B_2020.01.16_12.10.03.csv,train/driving_B_2020.01.16_12.10.03.csv#block-000@time-180.000s,block-000,180.000,85.8022,85.80,85.80,0.0000,0.0500,3.627844
2289,loot,driving_B_2020.01.16_09.56.56.csv,train/driving_B_2020.01.16_09.56.56.csv#block-001@time-579.000s,block-001,579.000,56.7508,56.75,56.75,0.0000,0.0500,3.731314
2290,redandblack,static_B_2020.02.14_13.21.26.csv,train/static_B_2020.02.14_13.21.26.csv#block-000@time-360.000s,block-000,360.000,69.6458,69.65,69.65,0.0000,0.0500,3.730512
2291,soldier,driving_B_2020.02.13_13.03.24.csv,train/driving_B_2020.02.13_13.03.24.csv#block-001@time-1034.000s,block-001,1034.000,-26.4087,-26.41,-26.41,0.0000,0.0500,3.961666
2292,longdress,driving_B_2020.02.14_12.58.17.csv,train/driving_B_2020.02.14_12.58.17.csv#block-002@time-716.000s,block-002,716.000,19.9901,19.99,19.99,0.0000,0.0500,3.932294
2293,loot,driving_B_2020.02.14_09.38.22.csv,train/driving_B_2020.02.14_09.38.22.csv#block-000@time-1080.000s,block-000,1080.000,87.9962,88.00,88.00,0.7960,0.0500,4.264491
2294,redandblack,driving_B_2020.02.14_12.58.17.csv,train/driving_B_2020.02.14_12.58.17.csv#block-002@time-656.000s,block-002,656.000,57.1826,57.18,57.18,0.0000,0.0500,3.555219
2295,soldier,static_B_2020.02.14_13.21.26.csv,train/static_B_2020.02.14_13.21.26.csv#block-000@time-900.000s,block-000,900.000,56.5833,56.58,56.58,0.0000,0.0500,3.750892
2296,longdress,driving_B_2020.01.16_09.56.56.csv,train/driving_B_2020.01.16_09.56.56.csv#block-001@time-1659.000s,block-001,1659.000,88.2780,88.28,88.28,0.0000,0.0500,4.485819
2297,loot,driving_B_2020.02.13_15.02.01.csv,train/driving_B_2020.02.13_15.02.01.csv#block-000@time-960.000s,block-000,960.000,73.8581,73.86,73.86,0.0000,0.0500,3.975208
2298,redandblack,driving_B_2020.01.16_07.26.43.csv,train/driving_B_2020.01.16_07.26.43.csv#block-000@time-1800.000s,block-000,1800.000,43.3440,43.34,43.34,0.0000,0.0500,3.686842
2299,soldier,driving_B_2020.02.13_15.02.01.csv,train/driving_B_2020.02.13_15.02.01.csv#block-000@time-2580.000s,block-000,2580.000,-108.3138,-108.31,-108.31,0.0000,0.0500,3.796693
2300,longdress,driving_B_2020.02.14_09.38.22.csv,train/driving_B_2020.02.14_09.38.22.csv#block-000@time-240.000s,block-000,240.000,13.1905,13.19,13.19,0.0000,0.0500,3.748725
2301,loot,driving_B_2020.02.14_09.38.22.csv,train/driving_B_2020.02.14_09.38.22.csv#block-000@time-1200.000s,block-000,1200.000,24.3020,24.30,24.30,0.0000,0.0500,4.523440
2302,redandblack,static_B_2020.02.27_18.39.27.csv,train/static_B_2020.02.27_18.39.27.csv#block-001@time-6612.000s,block-001,6612.000,88.6998,88.70,88.70,0.0712,0.0500,3.606452
2303,soldier,static_B_2020.02.27_18.39.27.csv,train/static_B_2020.02.27_18.39.27.csv#block-001@time-5712.000s,block-001,5712.000,43.7983,43.80,43.80,0.0000,0.0500,4.142245
2304,longdress,driving_B_2020.01.16_07.26.43.csv,train/driving_B_2020.01.16_07.26.43.csv#block-000@time-300.000s,block-000,300.000,54.5733,54.57,54.57,0.0000,0.0500,4.058262
2305,loot,driving_B_2020.02.27_17.30.15.csv,train/driving_B_2020.02.27_17.30.15.csv#block-002@time-353.000s,block-002,353.000,0.7517,0.75,0.75,0.0000,0.0500,4.247784
2306,redandblack,static_B_2019.12.16_13.40.04.csv,train/static_B_2019.12.16_13.40.04.csv#block-005@time-1706.000s,block-005,1706.000,81.1568,81.16,81.16,0.0000,0.0500,3.958550
2307,soldier,driving_B_2019.12.17_07.32.39.csv,train/driving_B_2019.12.17_07.32.39.csv#block-003@time-1954.000s,block-003,1954.000,-0.1340,-0.13,-0.13,0.0000,0.0500,3.915172
2308,longdress,static_B_2019.12.16_13.40.04.csv,train/static_B_2019.12.16_13.40.04.csv#block-005@time-1406.000s,block-005,1406.000,38.8545,38.85,38.85,0.0000,0.0500,4.222028
2309,loot,driving_B_2020.02.13_15.02.01.csv,train/driving_B_2020.02.13_15.02.01.csv#block-000@time-840.000s,block-000,840.000,55.5574,55.56,55.56,0.0000,0.0500,4.199488
2310,redandblack,driving_B_2020.02.14_09.38.22.csv,train/driving_B_2020.02.14_09.38.22.csv#block-000@time-660.000s,block-000,660.000,52.8184,52.82,52.82,0.0000,0.0500,4.041491
2311,soldier,driving_B_2020.01.16_09.56.56.csv,train/driving_B_2020.01.16_09.56.56.csv#block-000@time-240.000s,block-000,240.000,42.1184,42.12,42.12,0.0000,0.0500,3.934182
2312,longdress,driving_B_2019.12.16_12.27.05.csv,train/driving_B_2019.12.16_12.27.05.csv#block-000@time-60.000s,block-000,60.000,8.1822,8.18,8.18,3.1637,0.0500,4.269075
2313,loot,driving_B_2019.12.17_07.32.39.csv,train/driving_B_2019.12.17_07.32.39.csv#block-000@time-180.000s,block-000,180.000,40.6223,40.62,40.62,0.0000,0.0500,4.333913
2314,redandblack,driving_B_2020.02.13_15.02.01.csv,train/driving_B_2020.02.13_15.02.01.csv#block-000@time-1500.000s,block-000,1500.000,-78.3333,-78.33,-78.33,0.0000,0.0500,3.803881
2315,soldier,driving_B_2020.02.27_17.30.15.csv,train/driving_B_2020.02.27_17.30.15.csv#block-002@time-413.000s,block-002,413.000,-5.6121,-5.61,-5.61,0.0000,0.0500,3.959188
2316,longdress,static_B_2020.02.14_13.21.26.csv,train/static_B_2020.02.14_13.21.26.csv#block-000@time-660.000s,block-000,660.000,78.4431,78.44,78.44,0.9285,0.0500,3.990548
2317,loot,driving_B_2019.12.17_07.32.39.csv,train/driving_B_2019.12.17_07.32.39.csv#block-000@time-1440.000s,block-000,1440.000,86.3611,86.36,86.36,1.4175,0.0500,3.752265
2318,redandblack,driving_B_2020.02.13_13.03.24.csv,train/driving_B_2020.02.13_13.03.24.csv#block-000@time-540.000s,block-000,540.000,45.3142,45.31,45.31,0.0000,0.0500,3.747406
2319,soldier,driving_B_2020.01.16_09.56.56.csv,train/driving_B_2020.01.16_09.56.56.csv#block-001@time-1059.000s,block-001,1059.000,27.7622,27.76,27.76,0.0000,0.0500,3.869640
2320,longdress,driving_B_2019.12.17_07.32.39.csv,train/driving_B_2019.12.17_07.32.39.csv#block-003@time-1834.000s,block-003,1834.000,35.5312,35.53,35.53,0.0000,0.0500,4.127178
2321,loot,driving_B_2019.12.16_12.27.05.csv,train/driving_B_2019.12.16_12.27.05.csv#block-000@time-780.000s,block-000,780.000,50.8068,50.81,50.81,0.0000,0.0500,4.114848
2322,redandblack,static_B_2020.02.14_13.21.26.csv,train/static_B_2020.02.14_13.21.26.csv#block-000@time-0.000s,block-000,0.000,54.9327,54.93,54.93,0.0000,0.0500,3.821961
2323,soldier,driving_B_2019.12.17_07.32.39.csv,train/driving_B_2019.12.17_07.32.39.csv#block-000@time-780.000s,block-000,780.000,32.5058,32.51,32.51,0.0000,0.0500,4.111446
2324,longdress,driving_B_2020.01.16_07.26.43.csv,train/driving_B_2020.01.16_07.26.43.csv#block-000@time-0.000s,block-000,0.000,-10.1849,-10.18,-10.18,0.0000,0.0500,4.107442
2325,loot,driving_B_2019.12.16_12.27.05.csv,train/driving_B_2019.12.16_12.27.05.csv#block-000@time-1080.000s,block-000,1080.000,83.1110,83.11,83.11,0.0000,0.0500,4.214057
2326,redandblack,driving_B_2019.12.16_12.27.05.csv,train/driving_B_2019.12.16_12.27.05.csv#block-000@time-240.000s,block-000,240.000,38.0107,38.01,38.01,0.0000,0.0500,3.907582
2327,soldier,static_B_2020.02.14_13.21.26.csv,train/static_B_2020.02.14_13.21.26.csv#block-000@time-120.000s,block-000,120.000,88.2650,88.27,88.27,0.0000,0.0500,4.142663
2328,longdress,driving_B_2020.02.27_17.30.15.csv,train/driving_B_2020.02.27_17.30.15.csv#block-002@time-353.000s,block-002,353.000,-4.7486,-4.75,-4.75,0.2208,0.0500,3.659328
2329,loot,driving_B_2019.12.17_07.32.39.csv,train/driving_B_2019.12.17_07.32.39.csv#block-000@time-720.000s,block-000,720.000,13.2802,13.28,13.28,0.0000,0.0500,4.049976
2330,redandblack,driving_B_2020.02.14_09.38.22.csv,train/driving_B_2020.02.14_09.38.22.csv#block-000@time-780.000s,block-000,780.000,83.1474,83.15,83.15,0.0713,0.0500,4.249449
2331,soldier,driving_B_2020.02.27_17.30.15.csv,train/driving_B_2020.02.27_17.30.15.csv#block-002@time-473.000s,block-002,473.000,-268.8991,-268.90,-268.90,0.0000,0.0500,4.214376
2332,longdress,driving_B_2020.01.16_12.10.03.csv,train/driving_B_2020.01.16_12.10.03.csv#block-000@time-240.000s,block-000,240.000,77.7497,77.75,77.75,0.0000,0.0500,4.079847
2333,loot,driving_B_2019.12.17_07.32.39.csv,train/driving_B_2019.12.17_07.32.39.csv#block-003@time-1534.000s,block-003,1534.000,51.6448,51.64,51.64,0.0000,0.0500,3.982979
2334,redandblack,driving_B_2019.12.17_07.32.39.csv,train/driving_B_2019.12.17_07.32.39.csv#block-003@time-1714.000s,block-003,1714.000,32.6536,32.65,32.65,0.0000,0.0500,4.150105
2335,soldier,driving_B_2020.02.27_17.30.15.csv,train/driving_B_2020.02.27_17.30.15.csv#block-002@time-293.000s,block-002,293.000,-123.6680,-123.67,-123.67,0.0000,0.0500,3.788243
2336,longdress,driving_B_2020.01.16_07.26.43.csv,train/driving_B_2020.01.16_07.26.43.csv#block-000@time-900.000s,block-000,900.000,48.9657,48.97,48.97,0.0000,0.0500,3.899792
2337,loot,static_B_2020.02.14_13.21.26.csv,train/static_B_2020.02.14_13.21.26.csv#block-000@time-1080.000s,block-000,1080.000,84.5045,84.50,84.50,0.5012,0.0500,4.292235
2338,redandblack,driving_B_2020.01.16_07.26.43.csv,train/driving_B_2020.01.16_07.26.43.csv#block-000@time-1620.000s,block-000,1620.000,11.3417,11.34,11.34,0.0000,0.0500,4.037753
2339,soldier,driving_B_2019.12.16_12.27.05.csv,train/driving_B_2019.12.16_12.27.05.csv#block-000@time-180.000s,block-000,180.000,29.4474,29.45,29.45,0.0000,0.0500,3.784596
2340,longdress,driving_B_2020.01.16_09.56.56.csv,train/driving_B_2020.01.16_09.56.56.csv#block-001@time-1299.000s,block-001,1299.000,64.9802,64.98,64.98,0.0000,0.0500,4.188360
2341,loot,driving_B_2020.01.16_12.10.03.csv,train/driving_B_2020.01.16_12.10.03.csv#block-000@time-0.000s,block-000,0.000,82.8678,82.87,82.87,2.1123,0.0500,4.252581
2342,redandblack,driving_B_2020.02.27_17.30.15.csv,train/driving_B_2020.02.27_17.30.15.csv#block-002@time-473.000s,block-002,473.000,-263.1007,-263.10,-263.10,0.0000,0.0500,4.171920
2343,soldier,static_B_2020.02.27_18.39.27.csv,train/static_B_2020.02.27_18.39.27.csv#block-001@time-4872.000s,block-001,4872.000,82.2524,82.25,82.25,0.0000,0.0500,4.314363
2344,longdress,driving_B_2020.02.13_15.02.01.csv,train/driving_B_2020.02.13_15.02.01.csv#block-000@time-1680.000s,block-000,1680.000,18.9006,18.90,18.90,0.0000,0.0500,3.583464
2345,loot,driving_B_2020.02.14_12.58.17.csv,train/driving_B_2020.02.14_12.58.17.csv#block-002@time-656.000s,block-002,656.000,38.3132,38.31,38.31,0.0000,0.0500,4.239758
2346,redandblack,driving_B_2020.01.16_09.56.56.csv,train/driving_B_2020.01.16_09.56.56.csv#block-001@time-759.000s,block-001,759.000,40.1437,40.14,40.14,0.0000,0.0500,3.771157
2347,soldier,driving_B_2020.02.27_17.30.15.csv,train/driving_B_2020.02.27_17.30.15.csv#block-002@time-413.000s,block-002,413.000,0.3426,0.34,0.34,0.0000,0.0500,3.962661
2348,longdress,static_B_2019.12.16_13.40.04.csv,train/static_B_2019.12.16_13.40.04.csv#block-001@time-595.000s,block-001,595.000,69.0626,69.06,69.06,0.0000,0.0500,3.768711
2349,loot,static_B_2019.12.16_13.40.04.csv,train/static_B_2019.12.16_13.40.04.csv#block-005@time-1346.000s,block-005,1346.000,24.5782,24.58,24.58,0.0000,0.0500,3.838646
2350,redandblack,static_B_2019.12.16_13.40.04.csv,train/static_B_2019.12.16_13.40.04.csv#block-005@time-2006.000s,block-005,2006.000,53.6618,53.66,53.66,0.0000,0.0500,3.800615
2351,soldier,static_B_2020.02.27_18.39.27.csv,train/static_B_2020.02.27_18.39.27.csv#block-001@time-252.000s,block-001,252.000,80.4138,80.41,80.41,0.0000,0.0500,3.626533
2352,longdress,driving_B_2020.02.14_09.38.22.csv,train/driving_B_2020.02.14_09.38.22.csv#block-000@time-1140.000s,block-000,1140.000,29.3181,29.32,29.32,0.0000,0.0500,3.759626
2353,loot,driving_B_2020.01.16_07.26.43.csv,train/driving_B_2020.01.16_07.26.43.csv#block-000@time-240.000s,block-000,240.000,36.0485,36.05,36.05,0.0000,0.0500,4.160568
2354,redandblack,driving_B_2020.02.13_13.03.24.csv,train/driving_B_2020.02.13_13.03.24.csv#block-001@time-1274.000s,block-001,1274.000,33.5978,33.60,33.60,0.0000,0.0500,4.267628
2355,soldier,driving_B_2020.02.13_15.02.01.csv,train/driving_B_2020.02.13_15.02.01.csv#block-000@time-1320.000s,block-000,1320.000,45.2583,45.26,45.26,0.0000,0.0500,3.827677
2356,longdress,driving_B_2020.01.16_12.10.03.csv,train/driving_B_2020.01.16_12.10.03.csv#block-000@time-360.000s,block-000,360.000,69.4640,69.46,69.46,0.0000,0.0500,3.737223
2357,loot,static_B_2020.02.14_13.21.26.csv,train/static_B_2020.02.14_13.21.26.csv#block-000@time-300.000s,block-000,300.000,55.9287,55.93,55.93,0.0000,0.0500,4.101867
2358,redandblack,driving_B_2020.02.27_17.30.15.csv,train/driving_B_2020.02.27_17.30.15.csv#block-002@time-293.000s,block-002,293.000,-69.4049,-69.40,-69.40,0.0000,0.0500,3.445415
2359,soldier,driving_B_2020.02.14_12.58.17.csv,train/driving_B_2020.02.14_12.58.17.csv#block-002@time-716.000s,block-002,716.000,34.1944,34.19,34.19,0.0000,0.0500,3.860034
2360,longdress,driving_B_2020.02.14_12.58.17.csv,train/driving_B_2020.02.14_12.58.17.csv#block-002@time-656.000s,block-002,656.000,42.5010,42.50,42.50,0.0000,0.0500,3.872133
2361,loot,driving_B_2019.12.17_07.32.39.csv,train/driving_B_2019.12.17_07.32.39.csv#block-004@time-2237.000s,block-004,2237.000,25.2842,25.28,25.28,0.0000,0.0500,3.789782
2362,redandblack,driving_B_2020.02.13_13.03.24.csv,train/driving_B_2020.02.13_13.03.24.csv#block-001@time-1574.000s,block-001,1574.000,16.0980,16.10,16.10,1.4991,0.0500,3.832169
2363,soldier,static_B_2020.02.27_18.39.27.csv,train/static_B_2020.02.27_18.39.27.csv#block-001@time-2712.000s,block-001,2712.000,30.7300,30.73,30.73,0.0000,0.0500,3.971646
2364,longdress,driving_B_2019.12.17_07.32.39.csv,train/driving_B_2019.12.17_07.32.39.csv#block-000@time-480.000s,block-000,480.000,70.2510,70.25,70.25,0.0000,0.0500,3.798545
2365,loot,driving_B_2020.02.14_09.38.22.csv,train/driving_B_2020.02.14_09.38.22.csv#block-000@time-360.000s,block-000,360.000,29.6958,29.70,29.70,0.0000,0.0500,4.380379
2366,redandblack,driving_B_2020.01.16_09.56.56.csv,train/driving_B_2020.01.16_09.56.56.csv#block-000@time-300.000s,block-000,300.000,81.6798,81.68,81.68,0.0000,0.0500,4.276002
2367,soldier,driving_B_2020.02.27_17.30.15.csv,train/driving_B_2020.02.27_17.30.15.csv#block-002@time-293.000s,block-002,293.000,-158.2558,-158.26,-158.26,0.0000,0.0500,4.242406
2368,longdress,driving_B_2020.02.13_15.02.01.csv,train/driving_B_2020.02.13_15.02.01.csv#block-000@time-540.000s,block-000,540.000,25.1627,25.16,25.16,0.0000,0.0500,4.334919
2369,loot,static_B_2020.02.14_13.21.26.csv,train/static_B_2020.02.14_13.21.26.csv#block-000@time-420.000s,block-000,420.000,83.8332,83.83,83.83,1.0028,0.0500,3.914982
2370,redandblack,driving_B_2020.01.16_07.26.43.csv,train/driving_B_2020.01.16_07.26.43.csv#block-000@time-600.000s,block-000,600.000,39.4256,39.43,39.43,0.0000,0.0500,4.176745
2371,soldier,driving_B_2020.02.27_17.30.15.csv,train/driving_B_2020.02.27_17.30.15.csv#block-002@time-353.000s,block-002,353.000,-5.2824,-5.28,-5.28,0.0000,0.0500,3.962533
2372,longdress,static_B_2020.02.14_13.21.26.csv,train/static_B_2020.02.14_13.21.26.csv#block-000@time-60.000s,block-000,60.000,80.1418,80.14,80.14,0.4006,0.0500,4.040292
2373,loot,static_B_2020.02.27_18.39.27.csv,train/static_B_2020.02.27_18.39.27.csv#block-001@time-4092.000s,block-001,4092.000,56.4248,56.42,56.42,0.0000,0.0500,3.954066
2374,redandblack,static_B_2020.02.27_18.39.27.csv,train/static_B_2020.02.27_18.39.27.csv#block-001@time-2652.000s,block-001,2652.000,43.1189,43.12,43.12,0.0000,0.0500,3.817500
2375,soldier,static_B_2020.02.27_18.39.27.csv,train/static_B_2020.02.27_18.39.27.csv#block-001@time-1092.000s,block-001,1092.000,63.7539,63.75,63.75,0.0000,0.0500,3.605985
2376,longdress,driving_B_2020.02.13_13.03.24.csv,train/driving_B_2020.02.13_13.03.24.csv#block-000@time-0.000s,block-000,0.000,3.3298,3.33,3.33,0.0000,0.0500,3.844209
2377,loot,driving_B_2019.12.16_12.27.05.csv,train/driving_B_2019.12.16_12.27.05.csv#block-000@time-840.000s,block-000,840.000,43.0970,43.10,43.10,0.0000,0.0500,3.589329
2378,redandblack,driving_B_2020.02.14_12.58.17.csv,train/driving_B_2020.02.14_12.58.17.csv#block-002@time-536.000s,block-002,536.000,-150.9826,-150.98,-150.98,0.0000,0.0500,3.744234
2379,soldier,driving_B_2019.12.16_12.27.05.csv,train/driving_B_2019.12.16_12.27.05.csv#block-000@time-720.000s,block-000,720.000,-18.9023,-18.90,-18.90,0.0000,0.0500,3.920798
2380,longdress,driving_B_2020.01.16_09.56.56.csv,train/driving_B_2020.01.16_09.56.56.csv#block-001@time-1599.000s,block-001,1599.000,72.5724,72.57,72.57,0.0000,0.0500,4.113988
2381,loot,driving_B_2020.01.16_09.56.56.csv,train/driving_B_2020.01.16_09.56.56.csv#block-000@time-360.000s,block-000,360.000,53.6837,53.68,53.68,0.0000,0.0500,4.105566
2382,redandblack,driving_B_2020.02.14_12.58.17.csv,train/driving_B_2020.02.14_12.58.17.csv#block-002@time-596.000s,block-002,596.000,32.8152,32.82,32.82,0.0000,0.0500,3.424272
2383,soldier,driving_B_2019.12.17_07.32.39.csv,train/driving_B_2019.12.17_07.32.39.csv#block-000@time-960.000s,block-000,960.000,30.7359,30.74,30.74,0.0000,0.0500,3.624223
2384,longdress,driving_B_2020.01.16_07.26.43.csv,train/driving_B_2020.01.16_07.26.43.csv#block-000@time-480.000s,block-000,480.000,-12.4350,-12.43,-12.43,0.0000,0.0500,4.635530
2385,loot,driving_B_2020.02.13_15.02.01.csv,train/driving_B_2020.02.13_15.02.01.csv#block-000@time-2220.000s,block-000,2220.000,54.2086,54.21,54.21,0.0000,0.0500,3.612542
2386,redandblack,driving_B_2019.12.17_07.32.39.csv,train/driving_B_2019.12.17_07.32.39.csv#block-003@time-1654.000s,block-003,1654.000,17.9482,17.95,17.95,0.0000,0.0500,3.802940
2387,soldier,driving_B_2020.01.16_12.10.03.csv,train/driving_B_2020.01.16_12.10.03.csv#block-000@time-240.000s,block-000,240.000,90.0630,90.06,90.06,0.0886,0.0500,3.917291
2388,longdress,driving_B_2020.01.16_12.10.03.csv,train/driving_B_2020.01.16_12.10.03.csv#block-000@time-60.000s,block-000,60.000,43.6059,43.61,43.61,0.0000,0.0500,3.851665
2389,loot,driving_B_2020.02.13_13.03.24.csv,train/driving_B_2020.02.13_13.03.24.csv#block-001@time-1154.000s,block-001,1154.000,14.9109,14.91,14.91,0.5266,0.0500,3.814036
2390,redandblack,driving_B_2020.01.16_07.26.43.csv,train/driving_B_2020.01.16_07.26.43.csv#block-000@time-1320.000s,block-000,1320.000,37.2183,37.22,37.22,0.0000,0.0500,4.607878
2391,soldier,driving_B_2020.02.14_09.38.22.csv,train/driving_B_2020.02.14_09.38.22.csv#block-000@time-1020.000s,block-000,1020.000,76.9871,76.99,76.99,0.0000,0.0500,3.875305
2392,longdress,driving_B_2020.01.16_07.26.43.csv,train/driving_B_2020.01.16_07.26.43.csv#block-000@time-660.000s,block-000,660.000,40.6730,40.67,40.67,0.0000,0.0500,3.745875
2393,loot,driving_B_2020.02.13_13.03.24.csv,train/driving_B_2020.02.13_13.03.24.csv#block-000@time-60.000s,block-000,60.000,12.2433,12.24,12.24,0.0000,0.0500,3.684340
2394,redandblack,driving_B_2020.02.13_15.02.01.csv,train/driving_B_2020.02.13_15.02.01.csv#block-000@time-180.000s,block-000,180.000,53.4441,53.44,53.44,0.0000,0.0500,3.751749
2395,soldier,driving_B_2019.12.17_07.32.39.csv,train/driving_B_2019.12.17_07.32.39.csv#block-003@time-2014.000s,block-003,2014.000,7.1620,7.16,7.16,0.0000,0.0500,3.911125
2396,longdress,driving_B_2019.12.16_12.27.05.csv,train/driving_B_2019.12.16_12.27.05.csv#block-000@time-180.000s,block-000,180.000,29.1488,29.15,29.15,0.0000,0.0500,3.980737
2397,loot,static_B_2020.02.14_13.21.26.csv,train/static_B_2020.02.14_13.21.26.csv#block-000@time-240.000s,block-000,240.000,84.9719,84.97,84.97,2.0297,0.0500,3.794607
2398,redandblack,driving_B_2020.01.16_09.56.56.csv,train/driving_B_2020.01.16_09.56.56.csv#block-000@time-180.000s,block-000,180.000,56.5399,56.54,56.54,0.0000,0.0500,3.639228
2399,soldier,driving_B_2020.02.14_12.58.17.csv,train/driving_B_2020.02.14_12.58.17.csv#block-000@time-0.000s,block-000,0.000,23.4515,23.45,23.45,0.5264,0.0500,3.799766
2400,longdress,driving_B_2019.12.17_07.32.39.csv,train/driving_B_2019.12.17_07.32.39.csv#block-004@time-2537.000s,block-004,2537.000,86.4320,86.43,86.43,1.0584,0.0500,3.896237
2401,loot,driving_B_2020.02.13_13.03.24.csv,train/driving_B_2020.02.13_13.03.24.csv#block-000@time-120.000s,block-000,120.000,29.6879,29.69,29.69,0.0000,0.0500,3.558056
2402,redandblack,driving_B_2020.02.27_17.30.15.csv,train/driving_B_2020.02.27_17.30.15.csv#block-002@time-533.000s,block-002,533.000,-27.8664,-27.87,-27.87,0.0000,0.0500,3.715907
2403,soldier,driving_B_2020.02.14_12.58.17.csv,train/driving_B_2020.02.14_12.58.17.csv#block-002@time-596.000s,block-002,596.000,28.4725,28.47,28.47,0.0000,0.0500,4.043030
2404,longdress,driving_B_2020.02.14_09.38.22.csv,train/driving_B_2020.02.14_09.38.22.csv#block-000@time-300.000s,block-000,300.000,-96.8439,-96.84,-96.84,0.0000,0.0500,5.093990
2405,loot,driving_B_2020.02.14_09.38.22.csv,train/driving_B_2020.02.14_09.38.22.csv#block-000@time-180.000s,block-000,180.000,22.0052,22.01,22.01,0.0000,0.0500,4.607978
2406,redandblack,static_B_2020.02.14_13.21.26.csv,train/static_B_2020.02.14_13.21.26.csv#block-000@time-420.000s,block-000,420.000,87.0318,87.03,87.03,0.1765,0.0500,4.023625
2407,soldier,driving_B_2020.02.14_12.58.17.csv,train/driving_B_2020.02.14_12.58.17.csv#block-002@time-536.000s,block-002,536.000,-74.0008,-74.00,-74.00,0.3117,0.0500,4.151514
2408,longdress,driving_B_2020.02.13_13.03.24.csv,train/driving_B_2020.02.13_13.03.24.csv#block-000@time-180.000s,block-000,180.000,19.6928,19.69,19.69,0.0000,0.0500,4.617473
2409,loot,static_B_2020.02.27_18.39.27.csv,train/static_B_2020.02.27_18.39.27.csv#block-001@time-6132.000s,block-001,6132.000,81.6579,81.66,81.66,0.0000,0.0500,4.177625
2410,redandblack,driving_B_2020.01.16_07.26.43.csv,train/driving_B_2020.01.16_07.26.43.csv#block-000@time-120.000s,block-000,120.000,40.5179,40.52,40.52,0.0000,0.0500,4.183817
2411,soldier,static_B_2020.02.27_18.39.27.csv,train/static_B_2020.02.27_18.39.27.csv#block-001@time-5292.000s,block-001,5292.000,-5.8794,-5.88,-5.88,0.0000,0.0500,4.475815
2412,longdress,driving_B_2020.01.16_12.10.03.csv,train/driving_B_2020.01.16_12.10.03.csv#block-000@time-180.000s,block-000,180.000,76.4934,76.49,76.49,0.0000,0.0500,4.078410
2413,loot,driving_B_2020.01.16_12.10.03.csv,train/driving_B_2020.01.16_12.10.03.csv#block-000@time-0.000s,block-000,0.000,83.7682,83.77,83.77,1.8787,0.0500,4.486475
2414,redandblack,static_B_2019.12.16_13.40.04.csv,train/static_B_2019.12.16_13.40.04.csv#block-000@time-300.000s,block-000,300.000,32.3554,32.36,32.36,0.0000,0.0500,4.184652
2415,soldier,driving_B_2020.02.13_13.03.24.csv,train/driving_B_2020.02.13_13.03.24.csv#block-001@time-1934.000s,block-001,1934.000,-2.0931,-2.09,-2.09,0.0000,0.0500,4.394505
2416,longdress,driving_B_2020.02.27_17.30.15.csv,train/driving_B_2020.02.27_17.30.15.csv#block-002@time-413.000s,block-002,413.000,28.8437,28.84,28.84,0.0000,0.0500,4.791666
2417,loot,static_B_2019.12.16_13.40.04.csv,train/static_B_2019.12.16_13.40.04.csv#block-001@time-835.000s,block-001,835.000,88.6963,88.70,88.70,1.3842,0.0500,4.493966
2418,redandblack,driving_B_2020.02.14_09.38.22.csv,train/driving_B_2020.02.14_09.38.22.csv#block-000@time-420.000s,block-000,420.000,20.4754,20.48,20.48,0.0000,0.0500,4.117438
2419,soldier,driving_B_2020.01.16_12.10.03.csv,train/driving_B_2020.01.16_12.10.03.csv#block-000@time-240.000s,block-000,240.000,90.4377,90.44,90.44,0.0000,0.0500,4.389476
2420,longdress,driving_B_2020.01.16_07.26.43.csv,train/driving_B_2020.01.16_07.26.43.csv#block-000@time-60.000s,block-000,60.000,48.4040,48.40,48.40,0.0000,0.0500,4.150839
2421,loot,driving_B_2020.02.14_09.38.22.csv,train/driving_B_2020.02.14_09.38.22.csv#block-000@time-1320.000s,block-000,1320.000,7.3797,7.38,7.38,0.0000,0.0500,3.930634
2422,redandblack,driving_B_2020.02.14_12.58.17.csv,train/driving_B_2020.02.14_12.58.17.csv#block-000@time-0.000s,block-000,0.000,40.0244,40.02,40.02,0.0000,0.0500,4.631110
2423,soldier,driving_B_2020.02.13_15.02.01.csv,train/driving_B_2020.02.13_15.02.01.csv#block-000@time-1380.000s,block-000,1380.000,43.9157,43.92,43.92,0.0000,0.0500,5.013372
2424,longdress,driving_B_2020.02.14_12.58.17.csv,train/driving_B_2020.02.14_12.58.17.csv#block-000@time-0.000s,block-000,0.000,30.6695,30.67,30.67,0.0000,0.0500,4.927733
2425,loot,driving_B_2020.02.13_15.02.01.csv,train/driving_B_2020.02.13_15.02.01.csv#block-000@time-2700.000s,block-000,2700.000,-6.7357,-6.74,-6.74,0.0000,0.0500,4.267871
2426,redandblack,driving_B_2020.01.16_07.26.43.csv,train/driving_B_2020.01.16_07.26.43.csv#block-000@time-1200.000s,block-000,1200.000,56.4068,56.41,56.41,0.0000,0.0500,3.852839
2427,soldier,static_B_2020.02.27_18.39.27.csv,train/static_B_2020.02.27_18.39.27.csv#block-001@time-1572.000s,block-001,1572.000,78.1527,78.15,78.15,0.0000,0.0500,4.336998
2428,longdress,driving_B_2020.02.13_15.02.01.csv,train/driving_B_2020.02.13_15.02.01.csv#block-000@time-780.000s,block-000,780.000,36.3859,36.39,36.39,0.0000,0.0500,4.873856
2429,loot,driving_B_2020.01.16_09.56.56.csv,train/driving_B_2020.01.16_09.56.56.csv#block-001@time-1479.000s,block-001,1479.000,65.3559,65.36,65.36,0.0000,0.0500,4.377632
2430,redandblack,driving_B_2020.02.14_09.38.22.csv,train/driving_B_2020.02.14_09.38.22.csv#block-000@time-120.000s,block-000,120.000,8.4091,8.41,8.41,0.0000,0.0500,4.189800
2431,soldier,driving_B_2020.01.16_07.26.43.csv,train/driving_B_2020.01.16_07.26.43.csv#block-000@time-1020.000s,block-000,1020.000,19.1894,19.19,19.19,0.0000,0.0500,4.072207
2432,longdress,static_B_2020.02.14_13.21.26.csv,train/static_B_2020.02.14_13.21.26.csv#block-000@time-540.000s,block-000,540.000,88.2730,88.27,88.27,0.0000,0.0500,3.898931
2433,loot,driving_B_2020.02.13_15.02.01.csv,train/driving_B_2020.02.13_15.02.01.csv#block-000@time-720.000s,block-000,720.000,46.0913,46.09,46.09,0.0000,0.0500,4.409096
2434,redandblack,static_B_2019.12.16_13.40.04.csv,train/static_B_2019.12.16_13.40.04.csv#block-000@time-240.000s,block-000,240.000,55.0688,55.07,55.07,0.0000,0.0500,3.897818
2435,soldier,static_B_2019.12.16_13.40.04.csv,train/static_B_2019.12.16_13.40.04.csv#block-005@time-1586.000s,block-005,1586.000,35.1294,35.13,35.13,0.0000,0.0500,4.246182
2436,longdress,driving_B_2020.01.16_07.26.43.csv,train/driving_B_2020.01.16_07.26.43.csv#block-000@time-1260.000s,block-000,1260.000,38.7187,38.72,38.72,0.0000,0.0500,4.452489
2437,loot,driving_B_2020.01.16_09.56.56.csv,train/driving_B_2020.01.16_09.56.56.csv#block-001@time-1359.000s,block-001,1359.000,27.7450,27.74,27.74,0.0000,0.0500,4.619211
2438,redandblack,driving_B_2020.01.16_07.26.43.csv,train/driving_B_2020.01.16_07.26.43.csv#block-000@time-360.000s,block-000,360.000,-23.6028,-23.60,-23.60,0.0000,0.0500,4.094465
2439,soldier,driving_B_2020.02.13_15.02.01.csv,train/driving_B_2020.02.13_15.02.01.csv#block-000@time-0.000s,block-000,0.000,82.3476,82.35,82.35,0.0000,0.0500,4.112628
2440,longdress,driving_B_2020.02.14_09.38.22.csv,train/driving_B_2020.02.14_09.38.22.csv#block-000@time-1440.000s,block-000,1440.000,81.2988,81.30,81.30,0.0000,0.0500,4.135680
2441,loot,static_B_2020.02.27_18.39.27.csv,train/static_B_2020.02.27_18.39.27.csv#block-001@time-2532.000s,block-001,2532.000,84.9587,84.96,84.96,0.0000,0.0500,4.055313
2442,redandblack,static_B_2020.02.27_18.39.27.csv,train/static_B_2020.02.27_18.39.27.csv#block-001@time-5772.000s,block-001,5772.000,80.6715,80.67,80.67,0.0000,0.0500,4.317136
2443,soldier,static_B_2019.12.16_13.40.04.csv,train/static_B_2019.12.16_13.40.04.csv#block-000@time-60.000s,block-000,60.000,51.0857,51.09,51.09,0.0000,0.0500,4.409747
2444,longdress,driving_B_2020.02.13_13.03.24.csv,train/driving_B_2020.02.13_13.03.24.csv#block-001@time-1454.000s,block-001,1454.000,30.0267,30.03,30.03,0.0000,0.0500,4.200449
2445,loot,static_B_2020.02.27_18.39.27.csv,train/static_B_2020.02.27_18.39.27.csv#block-001@time-4692.000s,block-001,4692.000,88.6737,88.67,88.67,0.6936,0.0500,4.269594
2446,redandblack,driving_B_2019.12.16_12.27.05.csv,train/driving_B_2019.12.16_12.27.05.csv#block-000@time-540.000s,block-000,540.000,-14.5860,-14.59,-14.59,0.0000,0.0500,4.374737
2447,soldier,driving_B_2019.12.16_12.27.05.csv,train/driving_B_2019.12.16_12.27.05.csv#block-000@time-360.000s,block-000,360.000,25.1096,25.11,25.11,0.0000,0.0500,4.600848
2448,longdress,driving_B_2020.01.16_07.26.43.csv,train/driving_B_2020.01.16_07.26.43.csv#block-000@time-540.000s,block-000,540.000,1.7805,1.78,1.78,0.0000,0.0500,4.414560
2449,loot,driving_B_2020.02.27_17.30.15.csv,train/driving_B_2020.02.27_17.30.15.csv#block-002@time-533.000s,block-002,533.000,-37.6328,-37.63,-37.63,0.0000,0.0500,4.669752
2450,redandblack,driving_B_2020.01.16_09.56.56.csv,train/driving_B_2020.01.16_09.56.56.csv#block-000@time-240.000s,block-000,240.000,56.4436,56.44,56.44,0.0000,0.0500,4.186210
2451,soldier,driving_B_2020.02.14_12.58.17.csv,train/driving_B_2020.02.14_12.58.17.csv#block-002@time-536.000s,block-002,536.000,-66.4130,-66.41,-66.41,0.0000,0.0500,4.124527
2452,longdress,driving_B_2020.02.13_13.03.24.csv,train/driving_B_2020.02.13_13.03.24.csv#block-001@time-1694.000s,block-001,1694.000,30.3184,30.32,30.32,0.0000,0.0500,4.091878
2453,loot,driving_B_2019.12.16_12.27.05.csv,train/driving_B_2019.12.16_12.27.05.csv#block-000@time-720.000s,block-000,720.000,-22.9474,-22.95,-22.95,0.0000,0.0500,4.142635
2454,redandblack,static_B_2019.12.16_13.40.04.csv,train/static_B_2019.12.16_13.40.04.csv#block-006@time-2232.000s,block-006,2232.000,83.5634,83.56,83.56,0.7528,0.0500,4.830370
2455,soldier,static_B_2019.12.16_13.40.04.csv,train/static_B_2019.12.16_13.40.04.csv#block-000@time-0.000s,block-000,0.000,79.8285,79.83,79.83,0.0000,0.0500,4.025563
2456,longdress,driving_B_2019.12.16_12.27.05.csv,train/driving_B_2019.12.16_12.27.05.csv#block-000@time-780.000s,block-000,780.000,35.6174,35.62,35.62,0.0000,0.0500,4.096632
2457,loot,driving_B_2020.01.16_12.10.03.csv,train/driving_B_2020.01.16_12.10.03.csv#block-000@time-0.000s,block-000,0.000,77.9443,77.94,77.94,2.2750,0.0500,4.499349
2458,redandblack,driving_B_2020.01.16_09.56.56.csv,train/driving_B_2020.01.16_09.56.56.csv#block-001@time-999.000s,block-001,999.000,-7.3301,-7.33,-7.33,0.0000,0.0500,4.293231
2459,soldier,driving_B_2020.02.13_13.03.24.csv,train/driving_B_2020.02.13_13.03.24.csv#block-000@time-360.000s,block-000,360.000,9.6986,9.70,9.70,0.0000,0.0500,5.160583
2460,longdress,driving_B_2020.01.16_09.56.56.csv,train/driving_B_2020.01.16_09.56.56.csv#block-001@time-1539.000s,block-001,1539.000,81.1915,81.19,81.19,0.0000,0.0500,4.371832
2461,loot,driving_B_2020.02.13_15.02.01.csv,train/driving_B_2020.02.13_15.02.01.csv#block-000@time-600.000s,block-000,600.000,54.1771,54.18,54.18,0.0000,0.0500,4.169754
2462,redandblack,driving_B_2020.01.16_09.56.56.csv,train/driving_B_2020.01.16_09.56.56.csv#block-001@time-999.000s,block-001,999.000,-5.5429,-5.54,-5.54,0.0000,0.0500,4.301318
2463,soldier,driving_B_2019.12.16_12.27.05.csv,train/driving_B_2019.12.16_12.27.05.csv#block-000@time-120.000s,block-000,120.000,-29.3535,-29.35,-29.35,0.0000,0.0500,3.838161
2464,longdress,driving_B_2020.01.16_09.56.56.csv,train/driving_B_2020.01.16_09.56.56.csv#block-001@time-939.000s,block-001,939.000,37.8726,37.87,37.87,0.0000,0.0500,4.268011
2465,loot,driving_B_2020.02.13_13.03.24.csv,train/driving_B_2020.02.13_13.03.24.csv#block-001@time-1334.000s,block-001,1334.000,-18.2051,-18.21,-18.21,0.0000,0.0500,4.544893
2466,redandblack,driving_B_2019.12.17_07.32.39.csv,train/driving_B_2019.12.17_07.32.39.csv#block-000@time-660.000s,block-000,660.000,16.2786,16.28,16.28,0.0000,0.0500,4.318347
2467,soldier,static_B_2020.02.27_18.39.27.csv,train/static_B_2020.02.27_18.39.27.csv#block-001@time-3612.000s,block-001,3612.000,-278.1604,-278.16,-278.16,0.0000,0.0500,4.485315
2468,longdress,driving_B_2020.02.14_12.58.17.csv,train/driving_B_2020.02.14_12.58.17.csv#block-002@time-536.000s,block-002,536.000,-157.6472,-157.65,-157.65,0.0000,0.0500,4.142292
2469,loot,driving_B_2020.02.13_13.03.24.csv,train/driving_B_2020.02.13_13.03.24.csv#block-000@time-600.000s,block-000,600.000,23.9103,23.91,23.91,0.0000,0.0500,4.558896
2470,redandblack,driving_B_2019.12.16_12.27.05.csv,train/driving_B_2019.12.16_12.27.05.csv#block-000@time-900.000s,block-000,900.000,87.0991,87.10,87.10,1.5675,0.0500,3.838069
2471,soldier,driving_B_2020.02.27_17.30.15.csv,train/driving_B_2020.02.27_17.30.15.csv#block-002@time-293.000s,block-002,293.000,-120.0596,-120.06,-120.06,0.0000,0.0500,4.337938
2472,longdress,driving_B_2020.02.13_15.02.01.csv,train/driving_B_2020.02.13_15.02.01.csv#block-000@time-2340.000s,block-000,2340.000,23.3885,23.39,23.39,0.0000,0.0500,4.140776
2473,loot,driving_B_2020.01.16_07.26.43.csv,train/driving_B_2020.01.16_07.26.43.csv#block-000@time-1560.000s,block-000,1560.000,22.6533,22.65,22.65,0.0000,0.0500,3.871929
2474,redandblack,driving_B_2020.02.27_17.30.15.csv,train/driving_B_2020.02.27_17.30.15.csv#block-002@time-413.000s,block-002,413.000,14.6539,14.65,14.65,0.0000,0.0500,4.350973
2475,soldier,driving_B_2019.12.16_12.27.05.csv,train/driving_B_2019.12.16_12.27.05.csv#block-000@time-960.000s,block-000,960.000,60.7789,60.78,60.78,0.0000,0.0500,4.063743
2476,longdress,driving_B_2020.01.16_07.26.43.csv,train/driving_B_2020.01.16_07.26.43.csv#block-000@time-1380.000s,block-000,1380.000,36.8069,36.81,36.81,0.0000,0.0500,4.285778
2477,loot,driving_B_2020.02.13_15.02.01.csv,train/driving_B_2020.02.13_15.02.01.csv#block-000@time-360.000s,block-000,360.000,72.0454,72.05,72.05,0.0000,0.0500,4.599991
2478,redandblack,driving_B_2019.12.17_07.32.39.csv,train/driving_B_2019.12.17_07.32.39.csv#block-000@time-1020.000s,block-000,1020.000,31.7989,31.80,31.80,0.0000,0.0500,4.173306
2479,soldier,driving_B_2019.12.16_12.27.05.csv,train/driving_B_2019.12.16_12.27.05.csv#block-000@time-1200.000s,block-000,1200.000,26.4478,26.45,26.45,0.0000,0.0500,4.278741
2480,longdress,driving_B_2020.02.27_17.30.15.csv,train/driving_B_2020.02.27_17.30.15.csv#block-002@time-533.000s,block-002,533.000,-7.2830,-7.28,-7.28,0.0000,0.0500,4.534280
2481,loot,driving_B_2020.02.14_12.58.17.csv,train/driving_B_2020.02.14_12.58.17.csv#block-002@time-656.000s,block-002,656.000,47.1918,47.19,47.19,0.0000,0.0500,4.429244
2482,redandblack,driving_B_2019.12.17_07.32.39.csv,train/driving_B_2019.12.17_07.32.39.csv#block-003@time-1594.000s,block-003,1594.000,28.2114,28.21,28.21,0.0000,0.0500,4.294918
2483,soldier,driving_B_2020.02.27_17.30.15.csv,train/driving_B_2020.02.27_17.30.15.csv#block-002@time-353.000s,block-002,353.000,-5.1628,-5.16,-5.16,0.0000,0.0500,4.396400
2484,longdress,driving_B_2019.12.16_12.27.05.csv,train/driving_B_2019.12.16_12.27.05.csv#block-000@time-1080.000s,block-000,1080.000,79.9555,79.96,79.96,0.0000,0.0500,4.529225
2485,loot,driving_B_2020.02.14_12.58.17.csv,train/driving_B_2020.02.14_12.58.17.csv#block-000@time-0.000s,block-000,0.000,27.2547,27.25,27.25,0.0000,0.0500,4.348289
2486,redandblack,driving_B_2019.12.17_07.32.39.csv,train/driving_B_2019.12.17_07.32.39.csv#block-000@time-1320.000s,block-000,1320.000,36.5869,36.59,36.59,0.0000,0.0500,4.569138
2487,soldier,driving_B_2020.02.14_09.38.22.csv,train/driving_B_2020.02.14_09.38.22.csv#block-000@time-180.000s,block-000,180.000,6.4520,6.45,6.45,0.0000,0.0500,4.615275
2488,longdress,static_B_2020.02.27_18.39.27.csv,train/static_B_2020.02.27_18.39.27.csv#block-001@time-912.000s,block-001,912.000,61.4183,61.42,61.42,0.0000,0.0500,4.414494
2489,loot,static_B_2019.12.16_13.40.04.csv,train/static_B_2019.12.16_13.40.04.csv#block-001@time-955.000s,block-001,955.000,78.6375,78.64,78.64,0.0000,0.0500,4.710836
2490,redandblack,driving_B_2019.12.17_07.32.39.csv,train/driving_B_2019.12.17_07.32.39.csv#block-000@time-1260.000s,block-000,1260.000,15.3801,15.38,15.38,0.0000,0.0500,4.205211
2491,soldier,driving_B_2020.02.13_13.03.24.csv,train/driving_B_2020.02.13_13.03.24.csv#block-001@time-1214.000s,block-001,1214.000,25.7704,25.77,25.77,0.0000,0.0500,4.100414
2492,longdress,driving_B_2020.01.16_12.10.03.csv,train/driving_B_2020.01.16_12.10.03.csv#block-000@time-120.000s,block-000,120.000,88.2352,88.24,88.24,0.0000,0.0500,4.552042
2493,loot,driving_B_2020.01.16_07.26.43.csv,train/driving_B_2020.01.16_07.26.43.csv#block-000@time-1440.000s,block-000,1440.000,49.2342,49.23,49.23,0.0000,0.0500,4.359173
2494,redandblack,driving_B_2020.02.14_12.58.17.csv,train/driving_B_2020.02.14_12.58.17.csv#block-002@time-716.000s,block-002,716.000,33.9246,33.92,33.92,0.0000,0.0500,4.310178
2495,soldier,static_B_2020.02.27_18.39.27.csv,train/static_B_2020.02.27_18.39.27.csv#block-001@time-3672.000s,block-001,3672.000,59.8496,59.85,59.85,0.7164,0.0500,4.027422
2496,longdress,driving_B_2020.02.13_13.03.24.csv,train/driving_B_2020.02.13_13.03.24.csv#block-000@time-660.000s,block-000,660.000,30.7685,30.77,30.77,0.0000,0.0500,4.097918
2497,redandblack,driving_B_2020.02.27_17.30.15.csv,train/driving_B_2020.02.27_17.30.15.csv#block-002@time-353.000s,block-002,353.000,-17.8229,-17.82,-17.82,0.0000,0.0500,4.093133
2498,soldier,driving_B_2020.01.16_09.56.56.csv,train/driving_B_2020.01.16_09.56.56.csv#block-001@time-1179.000s,block-001,1179.000,-19.9250,-19.93,-19.93,0.0000,0.0500,3.947158
2499,longdress,driving_B_2020.02.14_09.38.22.csv,train/driving_B_2020.02.14_09.38.22.csv#block-000@time-1080.000s,block-000,1080.000,-10.3322,-10.33,-10.33,0.0000,0.0500,3.908814
2500,loot,driving_B_2020.01.16_07.26.43.csv,train/driving_B_2020.01.16_07.26.43.csv#block-000@time-1380.000s,block-000,1380.000,45.0697,45.07,45.07,0.0000,0.0500,4.641943
2501,redandblack,driving_B_2020.02.27_17.30.15.csv,train/driving_B_2020.02.27_17.30.15.csv#block-002@time-293.000s,block-002,293.000,-22.7427,-22.74,-22.74,0.0000,0.0500,4.312607
2502,soldier,driving_B_2020.02.14_12.58.17.csv,train/driving_B_2020.02.14_12.58.17.csv#block-000@time-0.000s,block-000,0.000,22.7821,22.78,22.78,0.0000,0.0500,3.934387
2503,longdress,driving_B_2020.02.13_15.02.01.csv,train/driving_B_2020.02.13_15.02.01.csv#block-000@time-1260.000s,block-000,1260.000,42.3405,42.34,42.34,0.0000,0.0500,4.117120
2504,loot,driving_B_2020.02.13_13.03.24.csv,train/driving_B_2020.02.13_13.03.24.csv#block-000@time-660.000s,block-000,660.000,3.1241,3.12,3.12,0.0000,0.0500,4.697675
2505,redandblack,static_B_2020.02.14_13.21.26.csv,train/static_B_2020.02.14_13.21.26.csv#block-000@time-1020.000s,block-000,1020.000,83.8696,83.87,83.87,1.0904,0.0500,4.135972
2506,soldier,driving_B_2020.02.14_12.58.17.csv,train/driving_B_2020.02.14_12.58.17.csv#block-002@time-596.000s,block-002,596.000,27.5854,27.59,27.59,0.0000,0.0500,4.177307
2507,longdress,driving_B_2019.12.17_07.32.39.csv,train/driving_B_2019.12.17_07.32.39.csv#block-000@time-0.000s,block-000,0.000,35.8725,35.87,35.87,0.0000,0.0500,4.006335
2508,loot,static_B_2020.02.27_18.39.27.csv,train/static_B_2020.02.27_18.39.27.csv#block-001@time-6492.000s,block-001,6492.000,63.5917,63.59,63.59,0.0000,0.0500,4.006393
2509,redandblack,driving_B_2020.01.16_12.10.03.csv,train/driving_B_2020.01.16_12.10.03.csv#block-000@time-240.000s,block-000,240.000,87.9735,87.97,87.97,0.9526,0.0500,4.332273
2510,soldier,driving_B_2020.02.13_15.02.01.csv,train/driving_B_2020.02.13_15.02.01.csv#block-000@time-1980.000s,block-000,1980.000,87.0051,87.01,87.01,0.0000,0.0500,3.763541
2511,longdress,static_B_2019.12.16_13.40.04.csv,train/static_B_2019.12.16_13.40.04.csv#block-001@time-1075.000s,block-001,1075.000,44.1348,44.13,44.13,0.0000,0.0500,4.195516
2512,loot,driving_B_2020.02.13_15.02.01.csv,train/driving_B_2020.02.13_15.02.01.csv#block-000@time-2640.000s,block-000,2640.000,0.5502,0.55,0.55,0.0000,0.0500,4.197162
2513,redandblack,static_B_2020.02.27_18.39.27.csv,train/static_B_2020.02.27_18.39.27.csv#block-001@time-4152.000s,block-001,4152.000,81.5789,81.58,81.58,1.0828,0.0500,3.807648
2514,soldier,driving_B_2020.01.16_12.10.03.csv,train/driving_B_2020.01.16_12.10.03.csv#block-000@time-300.000s,block-000,300.000,23.8290,23.83,23.83,0.0000,0.0500,4.391385
2515,longdress,driving_B_2020.02.27_17.30.15.csv,train/driving_B_2020.02.27_17.30.15.csv#block-002@time-293.000s,block-002,293.000,-192.4651,-192.47,-192.47,0.0000,0.0500,4.395341
2516,loot,driving_B_2020.02.14_12.58.17.csv,train/driving_B_2020.02.14_12.58.17.csv#block-002@time-596.000s,block-002,596.000,30.5638,30.56,30.56,0.0000,0.0500,4.602595
2517,redandblack,static_B_2020.02.27_18.39.27.csv,train/static_B_2020.02.27_18.39.27.csv#block-001@time-1932.000s,block-001,1932.000,61.7940,61.79,61.79,0.0000,0.0500,4.330727
2518,soldier,driving_B_2020.01.16_07.26.43.csv,train/driving_B_2020.01.16_07.26.43.csv#block-000@time-1320.000s,block-000,1320.000,30.6535,30.65,30.65,0.0000,0.0500,4.149879
2519,longdress,driving_B_2020.02.27_17.30.15.csv,train/driving_B_2020.02.27_17.30.15.csv#block-002@time-353.000s,block-002,353.000,-0.4735,-0.47,-0.47,0.0000,0.0500,4.497215
2520,loot,driving_B_2020.01.16_07.26.43.csv,train/driving_B_2020.01.16_07.26.43.csv#block-000@time-1680.000s,block-000,1680.000,5.6406,5.64,5.64,0.0000,0.0500,4.850476
2521,redandblack,static_B_2019.12.16_13.40.04.csv,train/static_B_2019.12.16_13.40.04.csv#block-005@time-1886.000s,block-005,1886.000,77.9627,77.96,77.96,0.0000,0.0500,4.121542
2522,soldier,driving_B_2019.12.17_07.32.39.csv,train/driving_B_2019.12.17_07.32.39.csv#block-000@time-180.000s,block-000,180.000,27.4948,27.49,27.49,0.0000,0.0500,4.164574
2523,longdress,driving_B_2019.12.17_07.32.39.csv,train/driving_B_2019.12.17_07.32.39.csv#block-003@time-2014.000s,block-003,2014.000,18.1344,18.13,18.13,0.0000,0.0500,4.190075
2524,loot,driving_B_2020.01.16_09.56.56.csv,train/driving_B_2020.01.16_09.56.56.csv#block-001@time-1419.000s,block-001,1419.000,43.1542,43.15,43.15,0.0000,0.0500,4.278037
2525,redandblack,driving_B_2019.12.17_07.32.39.csv,train/driving_B_2019.12.17_07.32.39.csv#block-000@time-420.000s,block-000,420.000,44.2300,44.23,44.23,0.0000,0.0500,3.952637
2526,soldier,driving_B_2020.02.27_17.30.15.csv,train/driving_B_2020.02.27_17.30.15.csv#block-002@time-533.000s,block-002,533.000,-13.9358,-13.94,-13.94,0.0101,0.0500,4.427302
2527,longdress,static_B_2020.02.27_18.39.27.csv,train/static_B_2020.02.27_18.39.27.csv#block-001@time-2652.000s,block-001,2652.000,40.3630,40.36,40.36,0.0000,0.0500,3.742724
2528,loot,driving_B_2020.01.16_07.26.43.csv,train/driving_B_2020.01.16_07.26.43.csv#block-000@time-660.000s,block-000,660.000,44.1483,44.15,44.15,0.0000,0.0500,4.327372
2529,redandblack,driving_B_2020.02.13_13.03.24.csv,train/driving_B_2020.02.13_13.03.24.csv#block-000@time-360.000s,block-000,360.000,8.0883,8.09,8.09,0.0000,0.0500,4.708424
2530,soldier,driving_B_2019.12.16_12.27.05.csv,train/driving_B_2019.12.16_12.27.05.csv#block-000@time-540.000s,block-000,540.000,-13.6185,-13.62,-13.62,0.0000,0.0500,4.087601
2531,longdress,driving_B_2020.01.16_12.10.03.csv,train/driving_B_2020.01.16_12.10.03.csv#block-000@time-0.000s,block-000,0.000,72.6534,72.65,72.65,0.6698,0.0500,4.462316
2532,loot,driving_B_2020.02.13_13.03.24.csv,train/driving_B_2020.02.13_13.03.24.csv#block-001@time-1754.000s,block-001,1754.000,27.5031,27.50,27.50,0.0000,0.0500,4.345901
2533,redandblack,driving_B_2019.12.16_12.27.05.csv,train/driving_B_2019.12.16_12.27.05.csv#block-000@time-1200.000s,block-000,1200.000,25.2806,25.28,25.28,0.0000,0.0500,4.112996
2534,soldier,driving_B_2019.12.16_12.27.05.csv,train/driving_B_2019.12.16_12.27.05.csv#block-000@time-1080.000s,block-000,1080.000,82.9679,82.97,82.97,0.0000,0.0500,3.860839
2535,longdress,static_B_2020.02.27_18.39.27.csv,train/static_B_2020.02.27_18.39.27.csv#block-001@time-6372.000s,block-001,6372.000,75.5587,75.56,75.56,0.0000,0.0500,3.890550
2536,loot,driving_B_2020.01.16_07.26.43.csv,train/driving_B_2020.01.16_07.26.43.csv#block-000@time-540.000s,block-000,540.000,16.8237,16.82,16.82,0.0000,0.0500,4.394389
2537,redandblack,driving_B_2020.01.16_09.56.56.csv,train/driving_B_2020.01.16_09.56.56.csv#block-001@time-1239.000s,block-001,1239.000,43.0223,43.02,43.02,0.0000,0.0500,4.556469
2538,soldier,static_B_2020.02.27_18.39.27.csv,train/static_B_2020.02.27_18.39.27.csv#block-001@time-2292.000s,block-001,2292.000,43.4680,43.47,43.47,0.0000,0.0500,4.365600
2539,longdress,driving_B_2020.01.16_12.10.03.csv,train/driving_B_2020.01.16_12.10.03.csv#block-000@time-180.000s,block-000,180.000,80.6538,80.65,80.65,0.0000,0.0500,4.060702
2540,loot,driving_B_2020.02.13_15.02.01.csv,train/driving_B_2020.02.13_15.02.01.csv#block-000@time-2700.000s,block-000,2700.000,-19.2060,-19.21,-19.21,0.0000,0.0500,4.441992
2541,redandblack,driving_B_2020.02.14_09.38.22.csv,train/driving_B_2020.02.14_09.38.22.csv#block-000@time-1560.000s,block-000,1560.000,56.7377,56.74,56.74,0.0000,0.0500,4.379957
2542,soldier,driving_B_2020.01.16_12.10.03.csv,train/driving_B_2020.01.16_12.10.03.csv#block-000@time-300.000s,block-000,300.000,13.9487,13.95,13.95,0.0000,0.0500,4.395620
2543,longdress,driving_B_2020.02.13_13.03.24.csv,train/driving_B_2020.02.13_13.03.24.csv#block-000@time-120.000s,block-000,120.000,15.6625,15.66,15.66,0.0000,0.0500,4.143856
2544,loot,driving_B_2019.12.17_07.32.39.csv,train/driving_B_2019.12.17_07.32.39.csv#block-000@time-1380.000s,block-000,1380.000,52.8498,52.85,52.85,0.0000,0.0500,4.269919
2545,redandblack,driving_B_2019.12.16_12.27.05.csv,train/driving_B_2019.12.16_12.27.05.csv#block-000@time-120.000s,block-000,120.000,47.4156,47.42,47.42,0.0000,0.0500,4.345987
2546,soldier,driving_B_2020.01.16_12.10.03.csv,train/driving_B_2020.01.16_12.10.03.csv#block-000@time-180.000s,block-000,180.000,79.5315,79.53,79.53,0.0000,0.0500,3.879446
2547,longdress,driving_B_2020.02.13_13.03.24.csv,train/driving_B_2020.02.13_13.03.24.csv#block-001@time-1454.000s,block-001,1454.000,-17.3113,-17.31,-17.31,0.0000,0.0500,3.935021
2548,loot,driving_B_2020.01.16_12.10.03.csv,train/driving_B_2020.01.16_12.10.03.csv#block-000@time-180.000s,block-000,180.000,87.4690,87.47,87.47,0.0000,0.0500,4.959610
2549,redandblack,driving_B_2020.02.13_13.03.24.csv,train/driving_B_2020.02.13_13.03.24.csv#block-000@time-600.000s,block-000,600.000,39.7616,39.76,39.76,0.0000,0.0500,3.953322
2550,soldier,driving_B_2020.02.13_15.02.01.csv,train/driving_B_2020.02.13_15.02.01.csv#block-000@time-720.000s,block-000,720.000,32.3936,32.39,32.39,0.0000,0.0500,4.291794
2551,longdress,static_B_2019.12.16_13.40.04.csv,train/static_B_2019.12.16_13.40.04.csv#block-001@time-715.000s,block-001,715.000,52.2220,52.22,52.22,0.0000,0.0500,4.102384
2552,loot,static_B_2020.02.14_13.21.26.csv,train/static_B_2020.02.14_13.21.26.csv#block-000@time-780.000s,block-000,780.000,71.6494,71.65,71.65,1.4967,0.0500,4.041754
2553,redandblack,driving_B_2019.12.16_12.27.05.csv,train/driving_B_2019.12.16_12.27.05.csv#block-000@time-600.000s,block-000,600.000,5.5965,5.60,5.60,0.0000,0.0500,3.975875
2554,soldier,driving_B_2020.02.13_15.02.01.csv,train/driving_B_2020.02.13_15.02.01.csv#block-000@time-2040.000s,block-000,2040.000,68.0089,68.01,68.01,0.0000,0.0500,4.381344
2555,longdress,driving_B_2020.02.27_17.30.15.csv,train/driving_B_2020.02.27_17.30.15.csv#block-002@time-413.000s,block-002,413.000,-0.8816,-0.88,-0.88,0.0000,0.0500,4.283968
2556,loot,driving_B_2020.01.16_12.10.03.csv,train/driving_B_2020.01.16_12.10.03.csv#block-000@time-360.000s,block-000,360.000,74.8399,74.84,74.84,0.0000,0.0500,4.173493
2557,redandblack,static_B_2020.02.27_18.39.27.csv,train/static_B_2020.02.27_18.39.27.csv#block-001@time-5892.000s,block-001,5892.000,88.6488,88.65,88.65,0.4416,0.0500,4.965246
2558,soldier,driving_B_2020.01.16_07.26.43.csv,train/driving_B_2020.01.16_07.26.43.csv#block-000@time-60.000s,block-000,60.000,34.2101,34.21,34.21,0.0000,0.0500,4.616275
2559,longdress,driving_B_2019.12.16_12.27.05.csv,train/driving_B_2019.12.16_12.27.05.csv#block-000@time-480.000s,block-000,480.000,16.7915,16.79,16.79,0.0000,0.0500,3.909402
2560,loot,driving_B_2019.12.17_07.32.39.csv,train/driving_B_2019.12.17_07.32.39.csv#block-004@time-2417.000s,block-004,2417.000,31.8155,31.82,31.82,0.0000,0.0500,3.772610
2561,redandblack,static_B_2019.12.16_13.40.04.csv,train/static_B_2019.12.16_13.40.04.csv#block-000@time-360.000s,block-000,360.000,45.9763,45.98,45.98,0.0000,0.0500,3.984388
2562,soldier,driving_B_2020.02.14_09.38.22.csv,train/driving_B_2020.02.14_09.38.22.csv#block-000@time-840.000s,block-000,840.000,9.6649,9.66,9.66,0.0000,0.0500,4.427181
2563,longdress,static_B_2020.02.14_13.21.26.csv,train/static_B_2020.02.14_13.21.26.csv#block-000@time-420.000s,block-000,420.000,86.7389,86.74,86.74,0.0000,0.0500,3.866864
2564,loot,driving_B_2020.02.13_13.03.24.csv,train/driving_B_2020.02.13_13.03.24.csv#block-000@time-60.000s,block-000,60.000,37.0359,37.04,37.04,0.0000,0.0500,3.950975
2565,redandblack,driving_B_2020.02.13_13.03.24.csv,train/driving_B_2020.02.13_13.03.24.csv#block-007@time-2290.000s,block-007,2290.000,-17.1883,-17.19,-17.19,0.0000,0.0500,4.156028
2566,soldier,static_B_2020.02.27_18.39.27.csv,train/static_B_2020.02.27_18.39.27.csv#block-001@time-4512.000s,block-001,4512.000,80.8239,80.82,80.82,1.0786,0.0500,4.031217
2567,longdress,driving_B_2020.01.16_12.10.03.csv,train/driving_B_2020.01.16_12.10.03.csv#block-000@time-300.000s,block-000,300.000,36.2237,36.22,36.22,0.0000,0.0500,4.202733
2568,loot,driving_B_2019.12.16_12.27.05.csv,train/driving_B_2019.12.16_12.27.05.csv#block-000@time-840.000s,block-000,840.000,46.7933,46.79,46.79,0.0000,0.0500,4.278923
2569,redandblack,driving_B_2020.02.14_09.38.22.csv,train/driving_B_2020.02.14_09.38.22.csv#block-000@time-0.000s,block-000,0.000,-5.1073,-5.11,-5.11,0.0000,0.0500,4.355841
2570,soldier,static_B_2019.12.16_13.40.04.csv,train/static_B_2019.12.16_13.40.04.csv#block-005@time-1526.000s,block-005,1526.000,45.2321,45.23,45.23,0.0000,0.0500,4.484637
2571,longdress,driving_B_2020.02.14_12.58.17.csv,train/driving_B_2020.02.14_12.58.17.csv#block-002@time-716.000s,block-002,716.000,30.0018,30.00,30.00,0.0000,0.0500,3.888054
2572,loot,driving_B_2020.02.14_09.38.22.csv,train/driving_B_2020.02.14_09.38.22.csv#block-000@time-840.000s,block-000,840.000,4.7049,4.70,4.70,0.0000,0.0500,4.242909
2573,redandblack,driving_B_2020.02.13_15.02.01.csv,train/driving_B_2020.02.13_15.02.01.csv#block-000@time-960.000s,block-000,960.000,83.9670,83.97,83.97,0.0000,0.0500,4.201622
2574,soldier,static_B_2020.02.14_13.21.26.csv,train/static_B_2020.02.14_13.21.26.csv#block-000@time-0.000s,block-000,0.000,26.8400,26.84,26.84,0.0000,0.0500,4.238252
2575,longdress,driving_B_2020.01.16_07.26.43.csv,train/driving_B_2020.01.16_07.26.43.csv#block-000@time-360.000s,block-000,360.000,-40.6022,-40.60,-40.60,0.0000,0.0500,4.023835
2576,loot,driving_B_2019.12.17_07.32.39.csv,train/driving_B_2019.12.17_07.32.39.csv#block-000@time-660.000s,block-000,660.000,17.3116,17.31,17.31,0.0000,0.0500,4.291776
2577,redandblack,driving_B_2020.02.14_09.38.22.csv,train/driving_B_2020.02.14_09.38.22.csv#block-000@time-420.000s,block-000,420.000,17.6840,17.68,17.68,0.0000,0.0500,4.217034
2578,soldier,driving_B_2020.02.27_17.30.15.csv,train/driving_B_2020.02.27_17.30.15.csv#block-002@time-353.000s,block-002,353.000,-37.0353,-37.04,-37.04,0.0000,0.0500,3.765999
2579,longdress,driving_B_2020.01.16_09.56.56.csv,train/driving_B_2020.01.16_09.56.56.csv#block-001@time-1719.000s,block-001,1719.000,36.3958,36.40,36.40,0.0000,0.0500,4.544982
2580,loot,driving_B_2020.01.16_12.10.03.csv,train/driving_B_2020.01.16_12.10.03.csv#block-000@time-120.000s,block-000,120.000,87.3109,87.31,87.31,1.3317,0.0500,4.278150
2581,redandblack,driving_B_2019.12.16_12.27.05.csv,train/driving_B_2019.12.16_12.27.05.csv#block-000@time-660.000s,block-000,660.000,-4.5611,-4.56,-4.56,0.0000,0.0500,3.886529
2582,soldier,driving_B_2020.02.13_13.03.24.csv,train/driving_B_2020.02.13_13.03.24.csv#block-001@time-1934.000s,block-001,1934.000,25.2569,25.26,25.26,0.0000,0.0500,4.237740
2583,longdress,driving_B_2020.01.16_07.26.43.csv,train/driving_B_2020.01.16_07.26.43.csv#block-000@time-1860.000s,block-000,1860.000,4.7100,4.71,4.71,0.0000,0.0500,4.266711
2584,loot,static_B_2019.12.16_13.40.04.csv,train/static_B_2019.12.16_13.40.04.csv#block-005@time-1466.000s,block-005,1466.000,68.5555,68.56,68.56,0.0000,0.0500,3.715218
2585,redandblack,driving_B_2020.02.14_09.38.22.csv,train/driving_B_2020.02.14_09.38.22.csv#block-000@time-1440.000s,block-000,1440.000,87.2326,87.23,87.23,0.2930,0.0500,4.168274
2586,soldier,static_B_2020.02.27_18.39.27.csv,train/static_B_2020.02.27_18.39.27.csv#block-001@time-4992.000s,block-001,4992.000,58.5719,58.57,58.57,0.0000,0.0500,3.944512
2587,longdress,driving_B_2020.01.16_07.26.43.csv,train/driving_B_2020.01.16_07.26.43.csv#block-000@time-0.000s,block-000,0.000,2.3204,2.32,2.32,0.0000,0.0500,4.305781
2588,loot,driving_B_2020.01.16_12.10.03.csv,train/driving_B_2020.01.16_12.10.03.csv#block-000@time-240.000s,block-000,240.000,85.4669,85.47,85.47,1.4027,0.0500,4.166494
2589,redandblack,static_B_2019.12.16_13.40.04.csv,train/static_B_2019.12.16_13.40.04.csv#block-005@time-1946.000s,block-005,1946.000,86.3409,86.34,86.34,0.0000,0.0500,4.472363
2590,soldier,driving_B_2020.01.16_07.26.43.csv,train/driving_B_2020.01.16_07.26.43.csv#block-000@time-120.000s,block-000,120.000,30.6584,30.66,30.66,0.0000,0.0500,4.649629
2591,longdress,driving_B_2020.01.16_09.56.56.csv,train/driving_B_2020.01.16_09.56.56.csv#block-001@time-1419.000s,block-001,1419.000,53.1168,53.12,53.12,0.0000,0.0500,4.309774
2592,loot,driving_B_2020.02.14_12.58.17.csv,train/driving_B_2020.02.14_12.58.17.csv#block-000@time-0.000s,block-000,0.000,39.8202,39.82,39.82,0.0000,0.0500,4.377540
2593,redandblack,static_B_2019.12.16_13.40.04.csv,train/static_B_2019.12.16_13.40.04.csv#block-001@time-775.000s,block-001,775.000,80.8445,80.84,80.84,1.2845,0.0500,3.341218
2594,soldier,static_B_2019.12.16_13.40.04.csv,train/static_B_2019.12.16_13.40.04.csv#block-006@time-2172.000s,block-006,2172.000,81.3565,81.36,81.36,0.3867,0.0500,4.182263
2595,longdress,driving_B_2020.02.14_12.58.17.csv,train/driving_B_2020.02.14_12.58.17.csv#block-002@time-716.000s,block-002,716.000,21.8123,21.81,21.81,0.0000,0.0500,3.880137
2596,loot,driving_B_2019.12.17_07.32.39.csv,train/driving_B_2019.12.17_07.32.39.csv#block-000@time-540.000s,block-000,540.000,38.2523,38.25,38.25,0.0000,0.0500,4.349103
2597,redandblack,driving_B_2019.12.17_07.32.39.csv,train/driving_B_2019.12.17_07.32.39.csv#block-003@time-1714.000s,block-003,1714.000,29.0309,29.03,29.03,0.0000,0.0500,3.910522
2598,soldier,driving_B_2020.02.27_17.30.15.csv,train/driving_B_2020.02.27_17.30.15.csv#block-002@time-353.000s,block-002,353.000,-5.1865,-5.19,-5.19,0.0000,0.0500,4.229727
2599,longdress,driving_B_2020.02.13_13.03.24.csv,train/driving_B_2020.02.13_13.03.24.csv#block-001@time-1514.000s,block-001,1514.000,-33.1049,-33.10,-33.10,0.0000,0.0500,4.343299
2600,loot,driving_B_2020.02.13_13.03.24.csv,train/driving_B_2020.02.13_13.03.24.csv#block-001@time-1394.000s,block-001,1394.000,40.1251,40.13,40.13,0.0000,0.0500,4.340431
2601,redandblack,driving_B_2020.02.14_09.38.22.csv,train/driving_B_2020.02.14_09.38.22.csv#block-000@time-1140.000s,block-000,1140.000,5.8530,5.85,5.85,0.0000,0.0500,4.073734
2602,soldier,static_B_2020.02.27_18.39.27.csv,train/static_B_2020.02.27_18.39.27.csv#block-001@time-3492.000s,block-001,3492.000,37.5574,37.56,37.56,0.0000,0.0500,3.812884
2603,longdress,static_B_2020.02.27_18.39.27.csv,train/static_B_2020.02.27_18.39.27.csv#block-001@time-492.000s,block-001,492.000,60.4360,60.44,60.44,0.0000,0.0500,4.306188
2604,loot,driving_B_2020.02.13_13.03.24.csv,train/driving_B_2020.02.13_13.03.24.csv#block-000@time-480.000s,block-000,480.000,17.4045,17.40,17.40,0.0000,0.0500,4.382759
2605,redandblack,driving_B_2019.12.17_07.32.39.csv,train/driving_B_2019.12.17_07.32.39.csv#block-000@time-1320.000s,block-000,1320.000,29.0808,29.08,29.08,0.0000,0.0500,4.403550
2606,soldier,driving_B_2020.01.16_07.26.43.csv,train/driving_B_2020.01.16_07.26.43.csv#block-000@time-180.000s,block-000,180.000,-5.6653,-5.67,-5.67,0.0476,0.0500,4.211349
2607,longdress,driving_B_2020.02.27_17.30.15.csv,train/driving_B_2020.02.27_17.30.15.csv#block-002@time-533.000s,block-002,533.000,-9.3917,-9.39,-9.39,0.2359,0.0500,4.350855
2608,loot,driving_B_2020.02.14_12.58.17.csv,train/driving_B_2020.02.14_12.58.17.csv#block-002@time-656.000s,block-002,656.000,36.1388,36.14,36.14,0.0000,0.0500,4.350216
2609,redandblack,driving_B_2020.01.16_12.10.03.csv,train/driving_B_2020.01.16_12.10.03.csv#block-000@time-60.000s,block-000,60.000,61.9122,61.91,61.91,0.0000,0.0500,4.283916
2610,soldier,driving_B_2020.02.13_15.02.01.csv,train/driving_B_2020.02.13_15.02.01.csv#block-000@time-1320.000s,block-000,1320.000,17.1145,17.11,17.11,0.0000,0.0500,4.105242
2611,longdress,driving_B_2020.01.16_07.26.43.csv,train/driving_B_2020.01.16_07.26.43.csv#block-000@time-1020.000s,block-000,1020.000,29.4815,29.48,29.48,0.0000,0.0500,4.129415
2612,loot,static_B_2019.12.16_13.40.04.csv,train/static_B_2019.12.16_13.40.04.csv#block-005@time-1766.000s,block-005,1766.000,81.1026,81.10,81.10,1.6367,0.0500,3.893063
2613,redandblack,driving_B_2020.01.16_09.56.56.csv,train/driving_B_2020.01.16_09.56.56.csv#block-001@time-1119.000s,block-001,1119.000,87.9344,87.93,87.93,0.9876,0.0500,3.995024
2614,soldier,static_B_2020.02.14_13.21.26.csv,train/static_B_2020.02.14_13.21.26.csv#block-000@time-240.000s,block-000,240.000,87.8011,87.80,87.80,0.3582,0.0500,3.912545
2615,longdress,driving_B_2020.02.13_13.03.24.csv,train/driving_B_2020.02.13_13.03.24.csv#block-000@time-420.000s,block-000,420.000,19.2064,19.21,19.21,0.0000,0.0500,4.545130
2616,loot,driving_B_2020.01.16_09.56.56.csv,train/driving_B_2020.01.16_09.56.56.csv#block-001@time-999.000s,block-001,999.000,13.0379,13.04,13.04,0.0000,0.0500,4.232859
2617,redandblack,driving_B_2020.02.14_09.38.22.csv,train/driving_B_2020.02.14_09.38.22.csv#block-000@time-1500.000s,block-000,1500.000,34.2734,34.27,34.27,0.0000,0.0500,4.427194
2618,soldier,driving_B_2019.12.17_07.32.39.csv,train/driving_B_2019.12.17_07.32.39.csv#block-000@time-300.000s,block-000,300.000,23.8118,23.81,23.81,0.0000,0.0500,4.125497
2619,longdress,driving_B_2020.02.14_09.38.22.csv,train/driving_B_2020.02.14_09.38.22.csv#block-000@time-1260.000s,block-000,1260.000,33.0712,33.07,33.07,0.0000,0.0500,4.216874
2620,loot,static_B_2020.02.14_13.21.26.csv,train/static_B_2020.02.14_13.21.26.csv#block-000@time-60.000s,block-000,60.000,86.8911,86.89,86.89,1.4380,0.0500,4.094650
2621,redandblack,driving_B_2019.12.17_07.32.39.csv,train/driving_B_2019.12.17_07.32.39.csv#block-000@time-60.000s,block-000,60.000,42.8680,42.87,42.87,0.0000,0.0500,3.854692
2622,soldier,driving_B_2020.02.14_12.58.17.csv,train/driving_B_2020.02.14_12.58.17.csv#block-000@time-0.000s,block-000,0.000,17.9458,17.95,17.95,0.0000,0.0500,4.690359
2623,longdress,static_B_2019.12.16_13.40.04.csv,train/static_B_2019.12.16_13.40.04.csv#block-000@time-300.000s,block-000,300.000,35.9316,35.93,35.93,0.0000,0.0500,4.218765
2624,loot,driving_B_2020.02.27_17.30.15.csv,train/driving_B_2020.02.27_17.30.15.csv#block-002@time-533.000s,block-002,533.000,-15.9382,-15.94,-15.94,0.0000,0.0500,4.015826
2625,redandblack,driving_B_2020.02.13_15.02.01.csv,train/driving_B_2020.02.13_15.02.01.csv#block-000@time-1560.000s,block-000,1560.000,17.4575,17.46,17.46,0.0000,0.0500,3.942972
2626,soldier,driving_B_2020.02.13_13.03.24.csv,train/driving_B_2020.02.13_13.03.24.csv#block-000@time-240.000s,block-000,240.000,13.4500,13.45,13.45,0.0000,0.0500,4.558761
2627,longdress,driving_B_2019.12.16_12.27.05.csv,train/driving_B_2019.12.16_12.27.05.csv#block-000@time-1020.000s,block-000,1020.000,81.8368,81.84,81.84,0.0000,0.0500,4.252629
2628,loot,static_B_2020.02.14_13.21.26.csv,train/static_B_2020.02.14_13.21.26.csv#block-000@time-900.000s,block-000,900.000,59.3141,59.31,59.31,0.0000,0.0500,4.331058
2629,redandblack,driving_B_2020.02.14_09.38.22.csv,train/driving_B_2020.02.14_09.38.22.csv#block-000@time-180.000s,block-000,180.000,2.3722,2.37,2.37,0.2535,0.0500,4.692345
2630,soldier,driving_B_2019.12.16_12.27.05.csv,train/driving_B_2019.12.16_12.27.05.csv#block-000@time-1200.000s,block-000,1200.000,17.2428,17.24,17.24,0.0000,0.0500,4.357623
2631,longdress,static_B_2020.02.14_13.21.26.csv,train/static_B_2020.02.14_13.21.26.csv#block-000@time-960.000s,block-000,960.000,42.2583,42.26,42.26,0.0000,0.0500,4.596287
2632,loot,driving_B_2020.01.16_12.10.03.csv,train/driving_B_2020.01.16_12.10.03.csv#block-000@time-360.000s,block-000,360.000,65.0576,65.06,65.06,0.0498,0.0500,3.828598
2633,redandblack,driving_B_2019.12.16_12.27.05.csv,train/driving_B_2019.12.16_12.27.05.csv#block-000@time-60.000s,block-000,60.000,38.9516,38.95,38.95,0.0000,0.0500,3.812153
2634,soldier,driving_B_2020.02.27_17.30.15.csv,train/driving_B_2020.02.27_17.30.15.csv#block-002@time-533.000s,block-002,533.000,-12.2094,-12.21,-12.21,0.0000,0.0500,4.380241
2635,longdress,driving_B_2020.02.14_09.38.22.csv,train/driving_B_2020.02.14_09.38.22.csv#block-000@time-900.000s,block-000,900.000,10.2949,10.29,10.29,0.0000,0.0500,3.972606
2636,loot,driving_B_2020.02.14_12.58.17.csv,train/driving_B_2020.02.14_12.58.17.csv#block-002@time-716.000s,block-002,716.000,30.9491,30.95,30.95,0.0000,0.0500,4.956245
2637,redandblack,driving_B_2020.02.27_17.30.15.csv,train/driving_B_2020.02.27_17.30.15.csv#block-002@time-473.000s,block-002,473.000,-0.7585,-0.76,-0.76,1.1018,0.0500,4.014188
2638,soldier,driving_B_2019.12.16_12.27.05.csv,train/driving_B_2019.12.16_12.27.05.csv#block-000@time-1260.000s,block-000,1260.000,79.8342,79.83,79.83,0.0183,0.0500,4.377225
2639,longdress,driving_B_2020.02.14_09.38.22.csv,train/driving_B_2020.02.14_09.38.22.csv#block-000@time-1380.000s,block-000,1380.000,21.1548,21.15,21.15,0.0000,0.0500,3.851268
2640,loot,driving_B_2020.02.14_12.58.17.csv,train/driving_B_2020.02.14_12.58.17.csv#block-002@time-536.000s,block-002,536.000,-5.0674,-5.07,-5.07,0.0000,0.0500,4.718480
2641,redandblack,driving_B_2020.02.13_15.02.01.csv,train/driving_B_2020.02.13_15.02.01.csv#block-000@time-480.000s,block-000,480.000,88.1412,88.14,88.14,0.0622,0.0500,4.308276
2642,soldier,driving_B_2020.01.16_09.56.56.csv,train/driving_B_2020.01.16_09.56.56.csv#block-000@time-180.000s,block-000,180.000,19.7629,19.76,19.76,0.0000,0.0500,4.168580
2643,longdress,driving_B_2020.02.14_09.38.22.csv,train/driving_B_2020.02.14_09.38.22.csv#block-000@time-0.000s,block-000,0.000,21.9373,21.94,21.94,0.0000,0.0500,4.121616
2644,loot,driving_B_2020.01.16_07.26.43.csv,train/driving_B_2020.01.16_07.26.43.csv#block-000@time-840.000s,block-000,840.000,47.1143,47.11,47.11,0.0000,0.0500,4.123800
2645,redandblack,driving_B_2020.01.16_12.10.03.csv,train/driving_B_2020.01.16_12.10.03.csv#block-000@time-180.000s,block-000,180.000,83.7822,83.78,83.78,0.0000,0.0500,4.427758
2646,soldier,driving_B_2020.02.14_09.38.22.csv,train/driving_B_2020.02.14_09.38.22.csv#block-000@time-1200.000s,block-000,1200.000,-14.8075,-14.81,-14.81,0.0000,0.0500,3.998229
2647,longdress,driving_B_2020.01.16_12.10.03.csv,train/driving_B_2020.01.16_12.10.03.csv#block-000@time-240.000s,block-000,240.000,88.2875,88.29,88.29,0.0000,0.0500,3.681515
2648,loot,driving_B_2020.01.16_07.26.43.csv,train/driving_B_2020.01.16_07.26.43.csv#block-000@time-1740.000s,block-000,1740.000,-1.4653,-1.47,-1.47,0.0000,0.0500,3.853966
2649,redandblack,driving_B_2020.02.14_12.58.17.csv,train/driving_B_2020.02.14_12.58.17.csv#block-002@time-536.000s,block-002,536.000,-27.7583,-27.76,-27.76,0.0000,0.0500,4.208146
2650,soldier,driving_B_2020.02.27_17.30.15.csv,train/driving_B_2020.02.27_17.30.15.csv#block-002@time-473.000s,block-002,473.000,-217.4863,-217.49,-217.49,0.0000,0.0500,4.147247
2651,longdress,driving_B_2020.01.16_09.56.56.csv,train/driving_B_2020.01.16_09.56.56.csv#block-001@time-1299.000s,block-001,1299.000,61.4820,61.48,61.48,0.0000,0.0500,4.347093
2652,loot,driving_B_2020.01.16_09.56.56.csv,train/driving_B_2020.01.16_09.56.56.csv#block-001@time-939.000s,block-001,939.000,35.7138,35.71,35.71,0.0000,0.0500,4.631423
2653,redandblack,static_B_2019.12.16_13.40.04.csv,train/static_B_2019.12.16_13.40.04.csv#block-001@time-835.000s,block-001,835.000,83.5021,83.50,83.50,1.3040,0.0500,4.287178
2654,soldier,driving_B_2020.01.16_12.10.03.csv,train/driving_B_2020.01.16_12.10.03.csv#block-000@time-60.000s,block-000,60.000,61.2732,61.27,61.27,0.0000,0.0500,3.917848
2655,longdress,driving_B_2020.02.14_12.58.17.csv,train/driving_B_2020.02.14_12.58.17.csv#block-002@time-596.000s,block-002,596.000,12.8421,12.84,12.84,0.0000,0.0500,4.614653
2656,loot,driving_B_2020.02.27_17.30.15.csv,train/driving_B_2020.02.27_17.30.15.csv#block-002@time-353.000s,block-002,353.000,-40.4340,-40.43,-40.43,0.0000,0.0500,4.563985
2657,redandblack,driving_B_2020.02.13_15.02.01.csv,train/driving_B_2020.02.13_15.02.01.csv#block-000@time-1860.000s,block-000,1860.000,8.0144,8.01,8.01,0.0000,0.0500,4.321623
2658,soldier,driving_B_2020.01.16_09.56.56.csv,train/driving_B_2020.01.16_09.56.56.csv#block-001@time-639.000s,block-001,639.000,55.1776,55.18,55.18,0.0000,0.0500,4.082043
2659,longdress,driving_B_2020.02.13_15.02.01.csv,train/driving_B_2020.02.13_15.02.01.csv#block-000@time-180.000s,block-000,180.000,48.4202,48.42,48.42,0.0000,0.0500,3.936088
2660,loot,driving_B_2020.02.27_17.30.15.csv,train/driving_B_2020.02.27_17.30.15.csv#block-002@time-473.000s,block-002,473.000,-164.7281,-164.73,-164.73,0.0000,0.0500,4.000895
2661,redandblack,static_B_2020.02.27_18.39.27.csv,train/static_B_2020.02.27_18.39.27.csv#block-001@time-1152.000s,block-001,1152.000,71.8184,71.82,71.82,0.0000,0.0500,3.939489
2662,soldier,static_B_2020.02.14_13.21.26.csv,train/static_B_2020.02.14_13.21.26.csv#block-000@time-120.000s,block-000,120.000,87.7835,87.78,87.78,0.0000,0.0500,4.051575
2663,longdress,driving_B_2020.02.14_09.38.22.csv,train/driving_B_2020.02.14_09.38.22.csv#block-000@time-660.000s,block-000,660.000,40.5836,40.58,40.58,0.0000,0.0500,4.447666
2664,loot,static_B_2019.12.16_13.40.04.csv,train/static_B_2019.12.16_13.40.04.csv#block-005@time-1346.000s,block-005,1346.000,25.6380,25.64,25.64,0.0000,0.0500,4.308720
2665,redandblack,driving_B_2019.12.17_07.32.39.csv,train/driving_B_2019.12.17_07.32.39.csv#block-000@time-960.000s,block-000,960.000,35.6801,35.68,35.68,0.0000,0.0500,4.231962
2666,soldier,static_B_2020.02.27_18.39.27.csv,train/static_B_2020.02.27_18.39.27.csv#block-001@time-5772.000s,block-001,5772.000,75.2926,75.29,75.29,0.0000,0.0500,4.349449
2667,longdress,driving_B_2020.02.13_13.03.24.csv,train/driving_B_2020.02.13_13.03.24.csv#block-000@time-300.000s,block-000,300.000,13.7888,13.79,13.79,0.0000,0.0500,4.062728
2668,loot,driving_B_2020.02.14_09.38.22.csv,train/driving_B_2020.02.14_09.38.22.csv#block-000@time-480.000s,block-000,480.000,-0.3334,-0.33,-0.33,1.2080,0.0500,3.908848
2669,redandblack,static_B_2020.02.14_13.21.26.csv,train/static_B_2020.02.14_13.21.26.csv#block-000@time-480.000s,block-000,480.000,85.9989,86.00,86.00,1.2179,0.0500,4.174442
2670,soldier,static_B_2020.02.14_13.21.26.csv,train/static_B_2020.02.14_13.21.26.csv#block-000@time-840.000s,block-000,840.000,87.8168,87.82,87.82,0.0000,0.0500,4.245955
2671,longdress,driving_B_2019.12.16_12.27.05.csv,train/driving_B_2019.12.16_12.27.05.csv#block-000@time-180.000s,block-000,180.000,23.8457,23.85,23.85,0.0000,0.0500,3.947036
2672,loot,driving_B_2019.12.17_07.32.39.csv,train/driving_B_2019.12.17_07.32.39.csv#block-003@time-1834.000s,block-003,1834.000,17.8117,17.81,17.81,0.0000,0.0500,3.838435
2673,redandblack,driving_B_2020.01.16_09.56.56.csv,train/driving_B_2020.01.16_09.56.56.csv#block-001@time-1539.000s,block-001,1539.000,83.0794,83.08,83.08,0.0000,0.0500,4.637383
2674,soldier,driving_B_2019.12.17_07.32.39.csv,train/driving_B_2019.12.17_07.32.39.csv#block-003@time-1894.000s,block-003,1894.000,9.3927,9.39,9.39,0.6887,0.0500,4.198589
2675,longdress,static_B_2020.02.27_18.39.27.csv,train/static_B_2020.02.27_18.39.27.csv#block-001@time-5292.000s,block-001,5292.000,-2.9050,-2.90,-2.90,0.0000,0.0500,4.122637
2676,loot,static_B_2019.12.16_13.40.04.csv,train/static_B_2019.12.16_13.40.04.csv#block-000@time-420.000s,block-000,420.000,79.4719,79.47,79.47,0.0000,0.0500,4.290086
2677,redandblack,static_B_2019.12.16_13.40.04.csv,train/static_B_2019.12.16_13.40.04.csv#block-001@time-595.000s,block-001,595.000,82.9608,82.96,82.96,0.0000,0.0500,4.202085
2678,soldier,driving_B_2019.12.16_12.27.05.csv,train/driving_B_2019.12.16_12.27.05.csv#block-000@time-1260.000s,block-000,1260.000,84.1171,84.12,84.12,0.0365,0.0500,4.161058
2679,longdress,driving_B_2020.02.27_17.30.15.csv,train/driving_B_2020.02.27_17.30.15.csv#block-002@time-293.000s,block-002,293.000,-26.4935,-26.49,-26.49,0.0000,0.0500,4.679427
2680,loot,static_B_2019.12.16_13.40.04.csv,train/static_B_2019.12.16_13.40.04.csv#block-001@time-1015.000s,block-001,1015.000,26.7912,26.79,26.79,0.0000,0.0500,4.473503
2681,redandblack,driving_B_2020.02.14_09.38.22.csv,train/driving_B_2020.02.14_09.38.22.csv#block-000@time-1380.000s,block-000,1380.000,32.3095,32.31,32.31,0.0000,0.0500,4.315847
2682,soldier,driving_B_2020.01.16_07.26.43.csv,train/driving_B_2020.01.16_07.26.43.csv#block-000@time-1260.000s,block-000,1260.000,16.0273,16.03,16.03,0.0000,0.0500,4.250553
2683,longdress,static_B_2020.02.14_13.21.26.csv,train/static_B_2020.02.14_13.21.26.csv#block-000@time-840.000s,block-000,840.000,88.2232,88.22,88.22,0.0000,0.0500,4.185732
2684,loot,driving_B_2020.02.14_12.58.17.csv,train/driving_B_2020.02.14_12.58.17.csv#block-000@time-0.000s,block-000,0.000,40.6637,40.66,40.66,0.0000,0.0500,3.668771
2685,redandblack,static_B_2019.12.16_13.40.04.csv,train/static_B_2019.12.16_13.40.04.csv#block-000@time-240.000s,block-000,240.000,54.3015,54.30,54.30,0.0000,0.0500,4.109008
2686,soldier,static_B_2019.12.16_13.40.04.csv,train/static_B_2019.12.16_13.40.04.csv#block-001@time-1135.000s,block-001,1135.000,58.6848,58.68,58.68,0.0000,0.0500,4.149618
2687,longdress,driving_B_2020.01.16_09.56.56.csv,train/driving_B_2020.01.16_09.56.56.csv#block-001@time-1599.000s,block-001,1599.000,68.1018,68.10,68.10,0.0000,0.0500,4.232285
2688,loot,driving_B_2020.02.13_15.02.01.csv,train/driving_B_2020.02.13_15.02.01.csv#block-000@time-60.000s,block-000,60.000,86.2678,86.27,86.27,0.1596,0.0500,4.256486
2689,redandblack,driving_B_2020.02.14_12.58.17.csv,train/driving_B_2020.02.14_12.58.17.csv#block-002@time-536.000s,block-002,536.000,-22.7107,-22.71,-22.71,0.0000,0.0500,4.028210
2690,soldier,driving_B_2019.12.17_07.32.39.csv,train/driving_B_2019.12.17_07.32.39.csv#block-000@time-600.000s,block-000,600.000,28.6818,28.68,28.68,0.0000,0.0500,4.415602
2691,longdress,driving_B_2019.12.17_07.32.39.csv,train/driving_B_2019.12.17_07.32.39.csv#block-000@time-1260.000s,block-000,1260.000,41.2333,41.23,41.23,0.0000,0.0500,4.599832
2692,loot,driving_B_2020.01.16_07.26.43.csv,train/driving_B_2020.01.16_07.26.43.csv#block-000@time-1440.000s,block-000,1440.000,52.9097,52.91,52.91,0.0000,0.0500,4.145582
2693,redandblack,driving_B_2020.02.13_15.02.01.csv,train/driving_B_2020.02.13_15.02.01.csv#block-000@time-1020.000s,block-000,1020.000,85.9748,85.97,85.97,1.2498,0.0500,4.436017
2694,soldier,driving_B_2019.12.17_07.32.39.csv,train/driving_B_2019.12.17_07.32.39.csv#block-003@time-1594.000s,block-003,1594.000,0.1247,0.12,0.12,0.0000,0.0500,4.461890
2695,longdress,driving_B_2020.02.14_09.38.22.csv,train/driving_B_2020.02.14_09.38.22.csv#block-000@time-660.000s,block-000,660.000,37.4620,37.46,37.46,0.0000,0.0500,4.472352
2696,loot,driving_B_2020.02.27_17.30.15.csv,train/driving_B_2020.02.27_17.30.15.csv#block-002@time-413.000s,block-002,413.000,13.6815,13.68,13.68,0.1724,0.0500,3.948272
2697,redandblack,driving_B_2020.01.16_09.56.56.csv,train/driving_B_2020.01.16_09.56.56.csv#block-001@time-1059.000s,block-001,1059.000,33.7791,33.78,33.78,0.0000,0.0500,4.327501
2698,soldier,driving_B_2020.02.27_17.30.15.csv,train/driving_B_2020.02.27_17.30.15.csv#block-002@time-533.000s,block-002,533.000,-79.7298,-79.73,-79.73,0.0000,0.0500,4.276942
2699,longdress,driving_B_2020.02.13_15.02.01.csv,train/driving_B_2020.02.13_15.02.01.csv#block-000@time-3000.000s,block-000,3000.000,26.1523,26.15,26.15,0.0000,0.0500,3.924014
2700,loot,driving_B_2019.12.17_07.32.39.csv,train/driving_B_2019.12.17_07.32.39.csv#block-000@time-1140.000s,block-000,1140.000,37.3038,37.30,37.30,0.0000,0.0500,4.218567
2701,redandblack,static_B_2020.02.27_18.39.27.csv,train/static_B_2020.02.27_18.39.27.csv#block-001@time-3672.000s,block-001,3672.000,66.1606,66.16,66.16,0.9890,0.0500,4.111379
2702,soldier,driving_B_2019.12.16_12.27.05.csv,train/driving_B_2019.12.16_12.27.05.csv#block-000@time-780.000s,block-000,780.000,30.5625,30.56,30.56,0.0000,0.0500,4.158486
2703,longdress,driving_B_2020.02.14_12.58.17.csv,train/driving_B_2020.02.14_12.58.17.csv#block-002@time-656.000s,block-002,656.000,50.5754,50.58,50.58,0.0000,0.0500,4.243035
2704,loot,driving_B_2019.12.16_12.27.05.csv,train/driving_B_2019.12.16_12.27.05.csv#block-000@time-480.000s,block-000,480.000,8.3685,8.37,8.37,0.0000,0.0500,4.954230
2705,redandblack,driving_B_2020.02.14_12.58.17.csv,train/driving_B_2020.02.14_12.58.17.csv#block-002@time-596.000s,block-002,596.000,25.2693,25.27,25.27,0.7583,0.0500,4.391379
2706,soldier,static_B_2019.12.16_13.40.04.csv,train/static_B_2019.12.16_13.40.04.csv#block-006@time-2232.000s,block-006,2232.000,68.0548,68.05,68.05,0.0000,0.0500,4.554655
2707,longdress,static_B_2020.02.14_13.21.26.csv,train/static_B_2020.02.14_13.21.26.csv#block-000@time-540.000s,block-000,540.000,87.4717,87.47,87.47,0.0000,0.0500,4.488700
2708,loot,driving_B_2020.01.16_12.10.03.csv,train/driving_B_2020.01.16_12.10.03.csv#block-000@time-360.000s,block-000,360.000,74.4437,74.44,74.44,0.2950,0.0500,4.683030
2709,redandblack,static_B_2020.02.27_18.39.27.csv,train/static_B_2020.02.27_18.39.27.csv#block-001@time-1452.000s,block-001,1452.000,88.6978,88.70,88.70,0.0000,0.0500,4.524956
2710,soldier,driving_B_2019.12.17_07.32.39.csv,train/driving_B_2019.12.17_07.32.39.csv#block-000@time-1020.000s,block-000,1020.000,-16.7063,-16.71,-16.71,0.0000,0.0500,4.939363
2711,longdress,driving_B_2019.12.16_12.27.05.csv,train/driving_B_2019.12.16_12.27.05.csv#block-000@time-0.000s,block-000,0.000,44.3537,44.35,44.35,0.0000,0.0500,4.636899
2712,loot,driving_B_2020.01.16_09.56.56.csv,train/driving_B_2020.01.16_09.56.56.csv#block-001@time-519.000s,block-001,519.000,52.6655,52.67,52.67,0.0000,0.0500,4.529852
2713,redandblack,static_B_2020.02.14_13.21.26.csv,train/static_B_2020.02.14_13.21.26.csv#block-000@time-420.000s,block-000,420.000,81.8754,81.88,81.88,0.4266,0.0500,4.610130
2714,soldier,driving_B_2019.12.16_12.27.05.csv,train/driving_B_2019.12.16_12.27.05.csv#block-000@time-240.000s,block-000,240.000,29.0107,29.01,29.01,0.0000,0.0500,4.131911
2715,longdress,static_B_2019.12.16_13.40.04.csv,train/static_B_2019.12.16_13.40.04.csv#block-005@time-1586.000s,block-005,1586.000,25.5770,25.58,25.58,0.0000,0.0500,4.390368
2716,loot,driving_B_2020.01.16_07.26.43.csv,train/driving_B_2020.01.16_07.26.43.csv#block-000@time-1620.000s,block-000,1620.000,30.1168,30.12,30.12,0.0360,0.0500,4.633204
2717,redandblack,static_B_2019.12.16_13.40.04.csv,train/static_B_2019.12.16_13.40.04.csv#block-005@time-1706.000s,block-005,1706.000,75.6975,75.70,75.70,0.0000,0.0500,4.941913
2718,soldier,static_B_2020.02.14_13.21.26.csv,train/static_B_2020.02.14_13.21.26.csv#block-000@time-1080.000s,block-000,1080.000,87.8520,87.85,87.85,0.0000,0.0500,4.473335
2719,longdress,driving_B_2020.02.13_15.02.01.csv,train/driving_B_2020.02.13_15.02.01.csv#block-000@time-360.000s,block-000,360.000,54.6540,54.65,54.65,0.0000,0.0500,4.509734
2720,loot,driving_B_2020.02.14_09.38.22.csv,train/driving_B_2020.02.14_09.38.22.csv#block-000@time-120.000s,block-000,120.000,29.3057,29.31,29.31,0.0000,0.0500,4.774556
2721,redandblack,static_B_2020.02.27_18.39.27.csv,train/static_B_2020.02.27_18.39.27.csv#block-001@time-6552.000s,block-001,6552.000,84.0881,84.09,84.09,0.0000,0.0500,4.797892
2722,soldier,driving_B_2020.01.16_07.26.43.csv,train/driving_B_2020.01.16_07.26.43.csv#block-000@time-900.000s,block-000,900.000,39.4350,39.43,39.43,0.0000,0.0500,4.962493
2723,longdress,driving_B_2019.12.17_07.32.39.csv,train/driving_B_2019.12.17_07.32.39.csv#block-003@time-1774.000s,block-003,1774.000,39.8590,39.86,39.86,0.0000,0.0500,4.240501
2724,loot,static_B_2020.02.27_18.39.27.csv,train/static_B_2020.02.27_18.39.27.csv#block-001@time-5592.000s,block-001,5592.000,24.4476,24.45,24.45,0.0000,0.0500,4.622789
2725,redandblack,driving_B_2020.02.27_17.30.15.csv,train/driving_B_2020.02.27_17.30.15.csv#block-002@time-473.000s,block-002,473.000,-79.4117,-79.41,-79.41,0.0000,0.0500,4.638539
2726,soldier,driving_B_2020.02.14_12.58.17.csv,train/driving_B_2020.02.14_12.58.17.csv#block-002@time-656.000s,block-002,656.000,35.9052,35.91,35.91,0.0000,0.0500,4.932251
2727,longdress,static_B_2020.02.27_18.39.27.csv,train/static_B_2020.02.27_18.39.27.csv#block-001@time-4332.000s,block-001,4332.000,50.2100,50.21,50.21,0.0000,0.0500,4.961226
2728,loot,driving_B_2020.02.13_15.02.01.csv,train/driving_B_2020.02.13_15.02.01.csv#block-000@time-1140.000s,block-000,1140.000,88.5867,88.59,88.59,0.1661,0.0500,4.612592
2729,redandblack,driving_B_2020.02.27_17.30.15.csv,train/driving_B_2020.02.27_17.30.15.csv#block-002@time-413.000s,block-002,413.000,28.6397,28.64,28.64,0.0000,0.0500,4.886751
2730,soldier,driving_B_2020.01.16_12.10.03.csv,train/driving_B_2020.01.16_12.10.03.csv#block-000@time-120.000s,block-000,120.000,80.8300,80.83,80.83,0.0000,0.0500,4.513603
2731,longdress,driving_B_2019.12.16_12.27.05.csv,train/driving_B_2019.12.16_12.27.05.csv#block-000@time-900.000s,block-000,900.000,80.4047,80.40,80.40,0.4251,0.0500,4.682206
2732,loot,driving_B_2020.02.13_15.02.01.csv,train/driving_B_2020.02.13_15.02.01.csv#block-000@time-120.000s,block-000,120.000,87.7486,87.75,87.75,1.8236,0.0500,4.690806
2733,redandblack,driving_B_2020.02.14_09.38.22.csv,train/driving_B_2020.02.14_09.38.22.csv#block-000@time-540.000s,block-000,540.000,14.4940,14.49,14.49,0.0000,0.0500,4.621133
2734,soldier,driving_B_2020.01.16_09.56.56.csv,train/driving_B_2020.01.16_09.56.56.csv#block-000@time-240.000s,block-000,240.000,36.8868,36.89,36.89,0.0000,0.0500,4.411604
2735,longdress,static_B_2019.12.16_13.40.04.csv,train/static_B_2019.12.16_13.40.04.csv#block-001@time-655.000s,block-001,655.000,51.9183,51.92,51.92,0.0000,0.0500,4.998791
2736,loot,driving_B_2020.01.16_09.56.56.csv,train/driving_B_2020.01.16_09.56.56.csv#block-001@time-1299.000s,block-001,1299.000,69.3078,69.31,69.31,0.0000,0.0500,4.328729
2737,redandblack,driving_B_2020.02.14_12.58.17.csv,train/driving_B_2020.02.14_12.58.17.csv#block-002@time-656.000s,block-002,656.000,54.9971,55.00,55.00,0.0000,0.0500,4.437849
2738,soldier,static_B_2020.02.14_13.21.26.csv,train/static_B_2020.02.14_13.21.26.csv#block-000@time-60.000s,block-000,60.000,87.1174,87.12,87.12,0.0749,0.0500,4.891305
2739,longdress,driving_B_2020.01.16_12.10.03.csv,train/driving_B_2020.01.16_12.10.03.csv#block-000@time-0.000s,block-000,0.000,75.3509,75.35,75.35,0.4912,0.0500,4.595648
2740,loot,static_B_2020.02.27_18.39.27.csv,train/static_B_2020.02.27_18.39.27.csv#block-001@time-6012.000s,block-001,6012.000,88.0507,88.05,88.05,1.6127,0.0500,4.604115
2741,redandblack,driving_B_2020.02.27_17.30.15.csv,train/driving_B_2020.02.27_17.30.15.csv#block-002@time-293.000s,block-002,293.000,-25.1253,-25.13,-25.13,0.0000,0.0500,4.393354
2742,soldier,driving_B_2020.01.16_12.10.03.csv,train/driving_B_2020.01.16_12.10.03.csv#block-000@time-60.000s,block-000,60.000,53.3116,53.31,53.31,0.0000,0.0500,4.573507
2743,longdress,driving_B_2020.02.27_17.30.15.csv,train/driving_B_2020.02.27_17.30.15.csv#block-002@time-533.000s,block-002,533.000,-7.0930,-7.09,-7.09,0.0000,0.0500,4.392478
2744,loot,driving_B_2020.02.13_15.02.01.csv,train/driving_B_2020.02.13_15.02.01.csv#block-000@time-1500.000s,block-000,1500.000,-77.6635,-77.66,-77.66,0.0000,0.0500,5.218152
2745,redandblack,static_B_2020.02.14_13.21.26.csv,train/static_B_2020.02.14_13.21.26.csv#block-000@time-960.000s,block-000,960.000,57.7106,57.71,57.71,0.0000,0.0500,4.834595
2746,soldier,driving_B_2020.02.13_13.03.24.csv,train/driving_B_2020.02.13_13.03.24.csv#block-001@time-1874.000s,block-001,1874.000,2.1355,2.14,2.14,0.5256,0.0500,4.828300
2747,longdress,driving_B_2020.02.13_13.03.24.csv,train/driving_B_2020.02.13_13.03.24.csv#block-001@time-1034.000s,block-001,1034.000,-11.2480,-11.25,-11.25,0.0000,0.0500,4.807578
2748,loot,driving_B_2019.12.17_07.32.39.csv,train/driving_B_2019.12.17_07.32.39.csv#block-000@time-720.000s,block-000,720.000,20.2573,20.26,20.26,0.0000,0.0500,4.453720
2749,redandblack,driving_B_2020.01.16_12.10.03.csv,train/driving_B_2020.01.16_12.10.03.csv#block-000@time-300.000s,block-000,300.000,34.2858,34.29,34.29,0.0000,0.0500,5.664050
2750,soldier,driving_B_2020.02.27_17.30.15.csv,train/driving_B_2020.02.27_17.30.15.csv#block-002@time-293.000s,block-002,293.000,-136.1510,-136.15,-136.15,0.0000,0.0500,5.008642
2751,longdress,driving_B_2020.02.14_09.38.22.csv,train/driving_B_2020.02.14_09.38.22.csv#block-000@time-180.000s,block-000,180.000,-9.3403,-9.34,-9.34,0.0000,0.0500,4.877559
2752,loot,driving_B_2020.02.14_12.58.17.csv,train/driving_B_2020.02.14_12.58.17.csv#block-002@time-536.000s,block-002,536.000,4.0303,4.03,4.03,0.0000,0.0500,4.437717
2753,redandblack,static_B_2020.02.27_18.39.27.csv,train/static_B_2020.02.27_18.39.27.csv#block-001@time-1032.000s,block-001,1032.000,56.7655,56.77,56.77,0.0000,0.0500,4.252561
2754,soldier,driving_B_2020.01.16_07.26.43.csv,train/driving_B_2020.01.16_07.26.43.csv#block-000@time-1560.000s,block-000,1560.000,22.5532,22.55,22.55,0.0000,0.0500,5.298130
2755,longdress,driving_B_2020.02.13_13.03.24.csv,train/driving_B_2020.02.13_13.03.24.csv#block-001@time-1814.000s,block-001,1814.000,15.9335,15.93,15.93,0.0000,0.0500,4.482220
2756,loot,driving_B_2019.12.17_07.32.39.csv,train/driving_B_2019.12.17_07.32.39.csv#block-000@time-1200.000s,block-000,1200.000,81.6063,81.61,81.61,1.3037,0.0500,4.444720
2757,redandblack,driving_B_2020.01.16_07.26.43.csv,train/driving_B_2020.01.16_07.26.43.csv#block-000@time-1200.000s,block-000,1200.000,47.5316,47.53,47.53,0.0000,0.0500,4.255124
2758,soldier,driving_B_2020.02.13_15.02.01.csv,train/driving_B_2020.02.13_15.02.01.csv#block-000@time-660.000s,block-000,660.000,36.6150,36.61,36.61,0.0000,0.0500,4.470021
2759,longdress,static_B_2020.02.14_13.21.26.csv,train/static_B_2020.02.14_13.21.26.csv#block-000@time-660.000s,block-000,660.000,88.2542,88.25,88.25,0.0000,0.0500,4.476658
2760,loot,driving_B_2020.01.16_09.56.56.csv,train/driving_B_2020.01.16_09.56.56.csv#block-001@time-819.000s,block-001,819.000,64.8290,64.83,64.83,0.0000,0.0500,4.690975
2761,redandblack,driving_B_2020.02.27_17.30.15.csv,train/driving_B_2020.02.27_17.30.15.csv#block-002@time-473.000s,block-002,473.000,-180.6004,-180.60,-180.60,0.0000,0.0500,4.638591
2762,soldier,static_B_2020.02.27_18.39.27.csv,train/static_B_2020.02.27_18.39.27.csv#block-001@time-552.000s,block-001,552.000,59.7245,59.72,59.72,0.0000,0.0500,4.839698
2763,longdress,driving_B_2020.02.13_15.02.01.csv,train/driving_B_2020.02.13_15.02.01.csv#block-000@time-2760.000s,block-000,2760.000,-56.0360,-56.04,-56.04,0.0000,0.0500,4.801281
2764,loot,driving_B_2019.12.17_07.32.39.csv,train/driving_B_2019.12.17_07.32.39.csv#block-003@time-1534.000s,block-003,1534.000,54.2693,54.27,54.27,0.0000,0.0500,4.748105
2765,redandblack,driving_B_2020.02.13_15.02.01.csv,train/driving_B_2020.02.13_15.02.01.csv#block-000@time-2280.000s,block-000,2280.000,47.4634,47.46,47.46,0.0000,0.0500,4.415019
2766,soldier,driving_B_2020.01.16_09.56.56.csv,train/driving_B_2020.01.16_09.56.56.csv#block-001@time-1359.000s,block-001,1359.000,9.5332,9.53,9.53,0.0000,0.0500,4.094735
2767,longdress,driving_B_2020.01.16_07.26.43.csv,train/driving_B_2020.01.16_07.26.43.csv#block-000@time-720.000s,block-000,720.000,32.3037,32.30,32.30,0.0000,0.0500,4.616732
2768,loot,driving_B_2020.01.16_07.26.43.csv,train/driving_B_2020.01.16_07.26.43.csv#block-000@time-420.000s,block-000,420.000,18.4300,18.43,18.43,0.0000,0.0500,4.637782
2769,redandblack,driving_B_2020.02.13_13.03.24.csv,train/driving_B_2020.02.13_13.03.24.csv#block-001@time-1094.000s,block-001,1094.000,19.9264,19.93,19.93,0.0000,0.0500,4.656271
2770,soldier,driving_B_2019.12.16_12.27.05.csv,train/driving_B_2019.12.16_12.27.05.csv#block-000@time-1020.000s,block-000,1020.000,80.5311,80.53,80.53,0.0000,0.0500,4.706392
2771,longdress,driving_B_2020.02.13_15.02.01.csv,train/driving_B_2020.02.13_15.02.01.csv#block-000@time-2820.000s,block-000,2820.000,60.3841,60.38,60.38,0.0000,0.0500,4.335820
2772,loot,static_B_2019.12.16_13.40.04.csv,train/static_B_2019.12.16_13.40.04.csv#block-001@time-955.000s,block-001,955.000,82.9787,82.98,82.98,0.0000,0.0500,4.321042
2773,redandblack,static_B_2020.02.27_18.39.27.csv,train/static_B_2020.02.27_18.39.27.csv#block-001@time-3552.000s,block-001,3552.000,42.5631,42.56,42.56,0.0000,0.0500,4.926060
2774,soldier,driving_B_2020.02.13_13.03.24.csv,train/driving_B_2020.02.13_13.03.24.csv#block-001@time-1574.000s,block-001,1574.000,13.1524,13.15,13.15,0.1795,0.0500,4.434712
2775,longdress,driving_B_2020.01.16_09.56.56.csv,train/driving_B_2020.01.16_09.56.56.csv#block-001@time-1479.000s,block-001,1479.000,35.6199,35.62,35.62,0.0000,0.0500,4.680782
2776,loot,driving_B_2020.02.14_12.58.17.csv,train/driving_B_2020.02.14_12.58.17.csv#block-002@time-536.000s,block-002,536.000,-103.0282,-103.03,-103.03,0.0000,0.0500,4.667684
2777,redandblack,static_B_2020.02.14_13.21.26.csv,train/static_B_2020.02.14_13.21.26.csv#block-000@time-360.000s,block-000,360.000,69.4693,69.47,69.47,0.0000,0.0500,4.533405
2778,soldier,driving_B_2019.12.17_07.32.39.csv,train/driving_B_2019.12.17_07.32.39.csv#block-003@time-1654.000s,block-003,1654.000,16.7919,16.79,16.79,0.0000,0.0500,4.551168
2779,longdress,driving_B_2020.02.13_13.03.24.csv,train/driving_B_2020.02.13_13.03.24.csv#block-001@time-1694.000s,block-001,1694.000,30.6154,30.62,30.62,0.0000,0.0500,4.664044
2780,loot,driving_B_2020.01.16_07.26.43.csv,train/driving_B_2020.01.16_07.26.43.csv#block-000@time-1500.000s,block-000,1500.000,16.9891,16.99,16.99,0.0000,0.0500,4.442970
2781,redandblack,driving_B_2020.02.13_13.03.24.csv,train/driving_B_2020.02.13_13.03.24.csv#block-000@time-540.000s,block-000,540.000,40.6549,40.65,40.65,0.0000,0.0500,5.002265
2782,soldier,driving_B_2020.01.16_09.56.56.csv,train/driving_B_2020.01.16_09.56.56.csv#block-000@time-0.000s,block-000,0.000,35.0891,35.09,35.09,0.0000,0.0500,4.693355
2783,longdress,static_B_2020.02.14_13.21.26.csv,train/static_B_2020.02.14_13.21.26.csv#block-000@time-780.000s,block-000,780.000,79.1051,79.11,79.11,0.2154,0.0500,5.123800
2784,loot,driving_B_2020.02.13_15.02.01.csv,train/driving_B_2020.02.13_15.02.01.csv#block-000@time-1080.000s,block-000,1080.000,-8.6336,-8.63,-8.63,0.0000,0.0500,4.271698
2785,redandblack,driving_B_2020.01.16_09.56.56.csv,train/driving_B_2020.01.16_09.56.56.csv#block-000@time-120.000s,block-000,120.000,19.0058,19.01,19.01,0.0000,0.0500,4.603952
2786,soldier,driving_B_2020.01.16_07.26.43.csv,train/driving_B_2020.01.16_07.26.43.csv#block-000@time-1080.000s,block-000,1080.000,29.8698,29.87,29.87,0.0000,0.0500,4.869162
2787,longdress,driving_B_2020.01.16_07.26.43.csv,train/driving_B_2020.01.16_07.26.43.csv#block-000@time-1140.000s,block-000,1140.000,50.8878,50.89,50.89,0.0000,0.0500,4.985509
2788,loot,driving_B_2020.02.14_12.58.17.csv,train/driving_B_2020.02.14_12.58.17.csv#block-002@time-656.000s,block-002,656.000,57.1471,57.15,57.15,0.0000,0.0500,3.991926
2789,redandblack,driving_B_2020.02.14_09.38.22.csv,train/driving_B_2020.02.14_09.38.22.csv#block-000@time-1020.000s,block-000,1020.000,85.2331,85.23,85.23,0.4434,0.0500,4.874810
2790,soldier,driving_B_2020.01.16_07.26.43.csv,train/driving_B_2020.01.16_07.26.43.csv#block-000@time-780.000s,block-000,780.000,9.0751,9.08,9.08,0.0000,0.0500,4.390634
2791,longdress,driving_B_2019.12.16_12.27.05.csv,train/driving_B_2019.12.16_12.27.05.csv#block-000@time-720.000s,block-000,720.000,24.1298,24.13,24.13,0.0000,0.0500,4.652607
2792,loot,driving_B_2020.02.14_12.58.17.csv,train/driving_B_2020.02.14_12.58.17.csv#block-002@time-716.000s,block-002,716.000,35.0512,35.05,35.05,0.0000,0.0500,4.983224
2793,redandblack,driving_B_2020.02.14_12.58.17.csv,train/driving_B_2020.02.14_12.58.17.csv#block-002@time-656.000s,block-002,656.000,38.7262,38.73,38.73,0.0000,0.0500,4.364684
2794,soldier,driving_B_2019.12.16_12.27.05.csv,train/driving_B_2019.12.16_12.27.05.csv#block-000@time-420.000s,block-000,420.000,-49.2797,-49.28,-49.28,0.0000,0.0500,4.198785
2795,longdress,driving_B_2020.02.13_15.02.01.csv,train/driving_B_2020.02.13_15.02.01.csv#block-000@time-300.000s,block-000,300.000,76.3709,76.37,76.37,0.5551,0.0500,4.214317
2796,loot,static_B_2020.02.14_13.21.26.csv,train/static_B_2020.02.14_13.21.26.csv#block-000@time-300.000s,block-000,300.000,53.4766,53.48,53.48,0.0000,0.0500,4.357474
2797,redandblack,driving_B_2020.02.27_17.30.15.csv,train/driving_B_2020.02.27_17.30.15.csv#block-002@time-473.000s,block-002,473.000,-33.8306,-33.83,-33.83,0.0000,0.0500,4.426230
2798,soldier,static_B_2019.12.16_13.40.04.csv,train/static_B_2019.12.16_13.40.04.csv#block-005@time-1826.000s,block-005,1826.000,56.6639,56.66,56.66,0.0000,0.0500,4.501814
2799,longdress,driving_B_2020.01.16_09.56.56.csv,train/driving_B_2020.01.16_09.56.56.csv#block-000@time-360.000s,block-000,360.000,45.1530,45.15,45.15,0.0000,0.0500,5.064904
2800,loot,driving_B_2020.02.27_17.30.15.csv,train/driving_B_2020.02.27_17.30.15.csv#block-002@time-413.000s,block-002,413.000,3.4287,3.43,3.43,0.0000,0.0500,5.101623
2801,redandblack,static_B_2020.02.27_18.39.27.csv,train/static_B_2020.02.27_18.39.27.csv#block-001@time-72.000s,block-001,72.000,82.8407,82.84,82.84,0.8905,0.0500,4.363204
2802,soldier,static_B_2020.02.14_13.21.26.csv,train/static_B_2020.02.14_13.21.26.csv#block-000@time-600.000s,block-000,600.000,87.8515,87.85,87.85,0.0000,0.0500,4.997477
2803,longdress,static_B_2020.02.14_13.21.26.csv,train/static_B_2020.02.14_13.21.26.csv#block-000@time-180.000s,block-000,180.000,76.7183,76.72,76.72,0.0000,0.0500,5.039809
2804,loot,driving_B_2020.01.16_09.56.56.csv,train/driving_B_2020.01.16_09.56.56.csv#block-000@time-300.000s,block-000,300.000,87.3520,87.35,87.35,0.2184,0.0500,4.621280
2805,redandblack,driving_B_2020.02.14_09.38.22.csv,train/driving_B_2020.02.14_09.38.22.csv#block-000@time-780.000s,block-000,780.000,87.7522,87.75,87.75,0.0000,0.0500,4.407042
2806,soldier,static_B_2019.12.16_13.40.04.csv,train/static_B_2019.12.16_13.40.04.csv#block-005@time-2006.000s,block-005,2006.000,37.5339,37.53,37.53,0.0000,0.0500,4.872048
2807,longdress,driving_B_2020.01.16_12.10.03.csv,train/driving_B_2020.01.16_12.10.03.csv#block-000@time-60.000s,block-000,60.000,55.8801,55.88,55.88,0.0000,0.0500,4.684380
2808,loot,driving_B_2020.01.16_09.56.56.csv,train/driving_B_2020.01.16_09.56.56.csv#block-001@time-1479.000s,block-001,1479.000,61.1400,61.14,61.14,0.0000,0.0500,3.893101
2809,redandblack,driving_B_2020.01.16_12.10.03.csv,train/driving_B_2020.01.16_12.10.03.csv#block-000@time-60.000s,block-000,60.000,58.0099,58.01,58.01,0.0000,0.0500,4.460727
2810,soldier,driving_B_2020.02.14_12.58.17.csv,train/driving_B_2020.02.14_12.58.17.csv#block-000@time-0.000s,block-000,0.000,29.3521,29.35,29.35,0.0000,0.0500,4.805343
2811,longdress,driving_B_2020.01.16_12.10.03.csv,train/driving_B_2020.01.16_12.10.03.csv#block-000@time-360.000s,block-000,360.000,68.5201,68.52,68.52,0.0000,0.0500,4.662311
2812,loot,static_B_2020.02.14_13.21.26.csv,train/static_B_2020.02.14_13.21.26.csv#block-000@time-480.000s,block-000,480.000,87.7678,87.77,87.77,1.6796,0.0500,4.543165
2813,redandblack,driving_B_2020.02.13_15.02.01.csv,train/driving_B_2020.02.13_15.02.01.csv#block-000@time-2460.000s,block-000,2460.000,66.4999,66.50,66.50,0.0000,0.0500,4.574915
2814,soldier,driving_B_2019.12.16_12.27.05.csv,train/driving_B_2019.12.16_12.27.05.csv#block-000@time-960.000s,block-000,960.000,59.0245,59.02,59.02,0.0000,0.0500,4.788067
2815,longdress,driving_B_2019.12.16_12.27.05.csv,train/driving_B_2019.12.16_12.27.05.csv#block-000@time-1140.000s,block-000,1140.000,41.3766,41.38,41.38,0.0000,0.0500,4.954150
2816,loot,driving_B_2020.02.13_13.03.24.csv,train/driving_B_2020.02.13_13.03.24.csv#block-001@time-1334.000s,block-001,1334.000,26.1435,26.14,26.14,0.0000,0.0500,4.502803
2817,redandblack,driving_B_2019.12.16_12.27.05.csv,train/driving_B_2019.12.16_12.27.05.csv#block-000@time-300.000s,block-000,300.000,39.1764,39.18,39.18,0.0000,0.0500,4.812493
2818,soldier,driving_B_2019.12.16_12.27.05.csv,train/driving_B_2019.12.16_12.27.05.csv#block-000@time-360.000s,block-000,360.000,24.4697,24.47,24.47,0.0000,0.0500,4.324878
2819,longdress,driving_B_2019.12.17_07.32.39.csv,train/driving_B_2019.12.17_07.32.39.csv#block-000@time-1440.000s,block-000,1440.000,88.2513,88.25,88.25,0.0000,0.0500,4.698493
2820,loot,driving_B_2020.01.16_09.56.56.csv,train/driving_B_2020.01.16_09.56.56.csv#block-001@time-879.000s,block-001,879.000,66.1805,66.18,66.18,0.0000,0.0500,4.648122
2821,redandblack,driving_B_2020.01.16_09.56.56.csv,train/driving_B_2020.01.16_09.56.56.csv#block-001@time-699.000s,block-001,699.000,86.8236,86.82,86.82,1.5786,0.0500,4.452289
2822,soldier,static_B_2019.12.16_13.40.04.csv,train/static_B_2019.12.16_13.40.04.csv#block-000@time-180.000s,block-000,180.000,75.1324,75.13,75.13,0.0000,0.0500,4.672275
2823,longdress,static_B_2020.02.27_18.39.27.csv,train/static_B_2020.02.27_18.39.27.csv#block-001@time-612.000s,block-001,612.000,33.9847,33.98,33.98,0.0000,0.0500,4.274622
2824,loot,static_B_2020.02.14_13.21.26.csv,train/static_B_2020.02.14_13.21.26.csv#block-000@time-1020.000s,block-000,1020.000,86.0002,86.00,86.00,1.4114,0.0500,4.460959
2825,redandblack,driving_B_2020.02.14_09.38.22.csv,train/driving_B_2020.02.14_09.38.22.csv#block-000@time-360.000s,block-000,360.000,21.6330,21.63,21.63,0.0000,0.0500,4.361939
2826,soldier,driving_B_2020.02.13_15.02.01.csv,train/driving_B_2020.02.13_15.02.01.csv#block-000@time-420.000s,block-000,420.000,84.7180,84.72,84.72,0.3914,0.0500,4.582707
2827,longdress,driving_B_2019.12.17_07.32.39.csv,train/driving_B_2019.12.17_07.32.39.csv#block-004@time-2537.000s,block-004,2537.000,84.6903,84.69,84.69,1.1466,0.0500,4.590656
2828,loot,driving_B_2019.12.16_12.27.05.csv,train/driving_B_2019.12.16_12.27.05.csv#block-000@time-60.000s,block-000,60.000,30.1570,30.16,30.16,0.0000,0.0500,4.004203
2829,redandblack,driving_B_2020.02.27_17.30.15.csv,train/driving_B_2020.02.27_17.30.15.csv#block-002@time-353.000s,block-002,353.000,-32.5860,-32.59,-32.59,0.0000,0.0500,5.035824
2830,soldier,static_B_2020.02.27_18.39.27.csv,train/static_B_2020.02.27_18.39.27.csv#block-001@time-1272.000s,block-001,1272.000,21.0053,21.01,21.01,0.0000,0.0500,4.359735
2831,longdress,driving_B_2020.01.16_09.56.56.csv,train/driving_B_2020.01.16_09.56.56.csv#block-001@time-1539.000s,block-001,1539.000,81.2497,81.25,81.25,0.0000,0.0500,4.227078
2832,loot,static_B_2020.02.27_18.39.27.csv,train/static_B_2020.02.27_18.39.27.csv#block-001@time-2592.000s,block-001,2592.000,62.0761,62.08,62.08,0.0000,0.0500,4.531297
2833,redandblack,driving_B_2020.01.16_12.10.03.csv,train/driving_B_2020.01.16_12.10.03.csv#block-000@time-180.000s,block-000,180.000,79.1337,79.13,79.13,0.0000,0.0500,4.702256
2834,soldier,driving_B_2020.02.13_15.02.01.csv,train/driving_B_2020.02.13_15.02.01.csv#block-000@time-1920.000s,block-000,1920.000,41.1471,41.15,41.15,0.0000,0.0500,4.394364
2835,longdress,driving_B_2020.02.14_09.38.22.csv,train/driving_B_2020.02.14_09.38.22.csv#block-000@time-720.000s,block-000,720.000,88.2734,88.27,88.27,0.0000,0.0500,4.454004
2836,loot,driving_B_2019.12.17_07.32.39.csv,train/driving_B_2019.12.17_07.32.39.csv#block-004@time-2357.000s,block-004,2357.000,19.7497,19.75,19.75,0.0000,0.0500,4.375901
2837,redandblack,driving_B_2020.01.16_12.10.03.csv,train/driving_B_2020.01.16_12.10.03.csv#block-000@time-120.000s,block-000,120.000,87.9789,87.98,87.98,0.8932,0.0500,4.575069
2838,soldier,driving_B_2020.02.14_12.58.17.csv,train/driving_B_2020.02.14_12.58.17.csv#block-002@time-716.000s,block-002,716.000,4.6271,4.63,4.63,0.7786,0.0500,4.871590
2839,longdress,static_B_2020.02.14_13.21.26.csv,train/static_B_2020.02.14_13.21.26.csv#block-000@time-540.000s,block-000,540.000,88.2884,88.29,88.29,0.0000,0.0500,4.517358
2840,loot,static_B_2020.02.14_13.21.26.csv,train/static_B_2020.02.14_13.21.26.csv#block-000@time-0.000s,block-000,0.000,53.8497,53.85,53.85,0.0000,0.0500,4.395420
2841,redandblack,static_B_2020.02.27_18.39.27.csv,train/static_B_2020.02.27_18.39.27.csv#block-001@time-1092.000s,block-001,1092.000,68.3833,68.38,68.38,0.0000,0.0500,4.828150
2842,soldier,driving_B_2020.01.16_09.56.56.csv,train/driving_B_2020.01.16_09.56.56.csv#block-001@time-579.000s,block-001,579.000,38.6205,38.62,38.62,0.0000,0.0500,4.278434
2843,longdress,static_B_2019.12.16_13.40.04.csv,train/static_B_2019.12.16_13.40.04.csv#block-000@time-120.000s,block-000,120.000,75.9298,75.93,75.93,0.0000,0.0500,5.024537
2844,loot,static_B_2019.12.16_13.40.04.csv,train/static_B_2019.12.16_13.40.04.csv#block-005@time-1646.000s,block-005,1646.000,82.2878,82.29,82.29,0.0000,0.0500,4.667853
2845,redandblack,driving_B_2020.02.27_17.30.15.csv,train/driving_B_2020.02.27_17.30.15.csv#block-002@time-293.000s,block-002,293.000,-34.9077,-34.91,-34.91,0.0000,0.0500,4.230080
2846,soldier,driving_B_2019.12.17_07.32.39.csv,train/driving_B_2019.12.17_07.32.39.csv#block-003@time-2134.000s,block-003,2134.000,41.5653,41.57,41.57,0.0000,0.0500,4.985262
2847,longdress,driving_B_2019.12.16_12.27.05.csv,train/driving_B_2019.12.16_12.27.05.csv#block-000@time-780.000s,block-000,780.000,32.2162,32.22,32.22,0.0000,0.0500,4.149439
2848,loot,driving_B_2020.02.13_15.02.01.csv,train/driving_B_2020.02.13_15.02.01.csv#block-000@time-600.000s,block-000,600.000,38.4961,38.50,38.50,0.0000,0.0500,4.390862
2849,redandblack,static_B_2020.02.27_18.39.27.csv,train/static_B_2020.02.27_18.39.27.csv#block-001@time-1872.000s,block-001,1872.000,69.1563,69.16,69.16,0.0000,0.0500,4.458816
2850,soldier,driving_B_2020.02.27_17.30.15.csv,train/driving_B_2020.02.27_17.30.15.csv#block-002@time-293.000s,block-002,293.000,-196.4247,-196.42,-196.42,0.0000,0.0500,4.545909
2851,longdress,static_B_2019.12.16_13.40.04.csv,train/static_B_2019.12.16_13.40.04.csv#block-000@time-60.000s,block-000,60.000,50.0381,50.04,50.04,0.0000,0.0500,4.331776
2852,loot,driving_B_2019.12.16_12.27.05.csv,train/driving_B_2019.12.16_12.27.05.csv#block-000@time-360.000s,block-000,360.000,14.4220,14.42,14.42,0.5206,0.0500,4.931712
2853,redandblack,driving_B_2020.01.16_09.56.56.csv,train/driving_B_2020.01.16_09.56.56.csv#block-000@time-60.000s,block-000,60.000,10.7644,10.76,10.76,0.6172,0.0500,4.769064
2854,soldier,driving_B_2020.01.16_12.10.03.csv,train/driving_B_2020.01.16_12.10.03.csv#block-000@time-0.000s,block-000,0.000,74.9478,74.95,74.95,0.9155,0.0500,4.575393
2855,longdress,static_B_2020.02.14_13.21.26.csv,train/static_B_2020.02.14_13.21.26.csv#block-000@time-720.000s,block-000,720.000,74.8646,74.86,74.86,0.0000,0.0500,4.521112
2856,loot,driving_B_2020.02.14_12.58.17.csv,train/driving_B_2020.02.14_12.58.17.csv#block-002@time-656.000s,block-002,656.000,51.7750,51.77,51.77,0.0000,0.0500,4.749405
2857,redandblack,driving_B_2020.02.14_12.58.17.csv,train/driving_B_2020.02.14_12.58.17.csv#block-002@time-716.000s,block-002,716.000,32.6379,32.64,32.64,0.0000,0.0500,4.817318
2858,soldier,static_B_2020.02.14_13.21.26.csv,train/static_B_2020.02.14_13.21.26.csv#block-000@time-900.000s,block-000,900.000,45.8711,45.87,45.87,0.0000,0.0500,4.385083
2859,longdress,driving_B_2020.01.16_12.10.03.csv,train/driving_B_2020.01.16_12.10.03.csv#block-000@time-120.000s,block-000,120.000,81.3711,81.37,81.37,0.0000,0.0500,4.619212
2860,loot,static_B_2019.12.16_13.40.04.csv,train/static_B_2019.12.16_13.40.04.csv#block-000@time-0.000s,block-000,0.000,75.0834,75.08,75.08,0.0000,0.0500,4.605613
2861,redandblack,driving_B_2020.01.16_09.56.56.csv,train/driving_B_2020.01.16_09.56.56.csv#block-001@time-759.000s,block-001,759.000,50.3506,50.35,50.35,0.0000,0.0500,4.828928
2862,soldier,driving_B_2019.12.17_07.32.39.csv,train/driving_B_2019.12.17_07.32.39.csv#block-000@time-480.000s,block-000,480.000,72.8575,72.86,72.86,0.0000,0.0500,4.772857
2863,longdress,driving_B_2020.02.14_12.58.17.csv,train/driving_B_2020.02.14_12.58.17.csv#block-002@time-596.000s,block-002,596.000,29.0396,29.04,29.04,0.0000,0.0500,4.613282
2864,loot,driving_B_2020.02.13_13.03.24.csv,train/driving_B_2020.02.13_13.03.24.csv#block-000@time-180.000s,block-000,180.000,23.3501,23.35,23.35,0.0000,0.0500,4.753188
2865,redandblack,driving_B_2019.12.17_07.32.39.csv,train/driving_B_2019.12.17_07.32.39.csv#block-003@time-1954.000s,block-003,1954.000,0.4678,0.47,0.47,0.0000,0.0500,4.336426
2866,soldier,static_B_2019.12.16_13.40.04.csv,train/static_B_2019.12.16_13.40.04.csv#block-005@time-1406.000s,block-005,1406.000,32.9190,32.92,32.92,0.0000,0.0500,5.004033
2867,longdress,driving_B_2020.02.14_12.58.17.csv,train/driving_B_2020.02.14_12.58.17.csv#block-002@time-596.000s,block-002,596.000,0.6478,0.65,0.65,0.0000,0.0500,4.718372
2868,loot,static_B_2020.02.27_18.39.27.csv,train/static_B_2020.02.27_18.39.27.csv#block-001@time-6192.000s,block-001,6192.000,63.3435,63.34,63.34,0.0000,0.0500,4.545672
2869,redandblack,driving_B_2020.01.16_07.26.43.csv,train/driving_B_2020.01.16_07.26.43.csv#block-000@time-240.000s,block-000,240.000,41.0242,41.02,41.02,0.0000,0.0500,4.708747
2870,soldier,static_B_2020.02.27_18.39.27.csv,train/static_B_2020.02.27_18.39.27.csv#block-001@time-3432.000s,block-001,3432.000,48.9965,49.00,49.00,0.0000,0.0500,4.326836
2871,longdress,driving_B_2020.02.14_09.38.22.csv,train/driving_B_2020.02.14_09.38.22.csv#block-000@time-60.000s,block-000,60.000,20.2407,20.24,20.24,0.0000,0.0500,4.914641
2872,loot,driving_B_2020.01.16_07.26.43.csv,train/driving_B_2020.01.16_07.26.43.csv#block-000@time-480.000s,block-000,480.000,27.2837,27.28,27.28,0.1431,0.0500,4.768362
2873,redandblack,driving_B_2020.02.27_17.30.15.csv,train/driving_B_2020.02.27_17.30.15.csv#block-002@time-413.000s,block-002,413.000,21.6633,21.66,21.66,0.0000,0.0500,4.881845
2874,soldier,driving_B_2020.02.13_13.03.24.csv,train/driving_B_2020.02.13_13.03.24.csv#block-001@time-1634.000s,block-001,1634.000,8.3049,8.30,8.30,1.8518,0.0500,4.341437
2875,longdress,driving_B_2020.02.14_09.38.22.csv,train/driving_B_2020.02.14_09.38.22.csv#block-000@time-960.000s,block-000,960.000,67.0122,67.01,67.01,0.0000,0.0500,4.946589
2876,loot,driving_B_2020.02.13_13.03.24.csv,train/driving_B_2020.02.13_13.03.24.csv#block-001@time-974.000s,block-001,974.000,22.4005,22.40,22.40,0.0000,0.0500,4.507353
2877,redandblack,static_B_2020.02.14_13.21.26.csv,train/static_B_2020.02.14_13.21.26.csv#block-000@time-600.000s,block-000,600.000,86.0154,86.02,86.02,0.9715,0.0500,5.068432
2878,soldier,driving_B_2020.02.14_12.58.17.csv,train/driving_B_2020.02.14_12.58.17.csv#block-000@time-0.000s,block-000,0.000,27.1234,27.12,27.12,0.0000,0.0500,4.007128
2879,longdress,driving_B_2020.01.16_07.26.43.csv,train/driving_B_2020.01.16_07.26.43.csv#block-000@time-600.000s,block-000,600.000,38.6756,38.68,38.68,0.0000,0.0500,4.866028
2880,loot,driving_B_2020.02.14_09.38.22.csv,train/driving_B_2020.02.14_09.38.22.csv#block-000@time-240.000s,block-000,240.000,16.2521,16.25,16.25,0.0000,0.0500,4.795895
2881,redandblack,driving_B_2020.02.14_09.38.22.csv,train/driving_B_2020.02.14_09.38.22.csv#block-000@time-1320.000s,block-000,1320.000,14.1621,14.16,14.16,0.0000,0.0500,4.157688
2882,soldier,driving_B_2020.01.16_12.10.03.csv,train/driving_B_2020.01.16_12.10.03.csv#block-000@time-120.000s,block-000,120.000,80.8888,80.89,80.89,0.0000,0.0500,4.562547
2883,longdress,static_B_2019.12.16_13.40.04.csv,train/static_B_2019.12.16_13.40.04.csv#block-001@time-895.000s,block-001,895.000,52.5311,52.53,52.53,0.0000,0.0500,4.451373
2884,loot,driving_B_2020.02.13_13.03.24.csv,train/driving_B_2020.02.13_13.03.24.csv#block-001@time-1214.000s,block-001,1214.000,32.2159,32.22,32.22,0.0000,0.0500,4.544532
2885,redandblack,driving_B_2020.02.13_13.03.24.csv,train/driving_B_2020.02.13_13.03.24.csv#block-001@time-1994.000s,block-001,1994.000,77.4734,77.47,77.47,0.0000,0.0500,4.514708
2886,soldier,static_B_2020.02.14_13.21.26.csv,train/static_B_2020.02.14_13.21.26.csv#block-000@time-240.000s,block-000,240.000,87.8685,87.87,87.87,0.2337,0.0500,4.710139
2887,longdress,driving_B_2019.12.17_07.32.39.csv,train/driving_B_2019.12.17_07.32.39.csv#block-000@time-840.000s,block-000,840.000,26.8169,26.82,26.82,0.0000,0.0500,4.907395
2888,loot,static_B_2020.02.27_18.39.27.csv,train/static_B_2020.02.27_18.39.27.csv#block-001@time-1812.000s,block-001,1812.000,45.4892,45.49,45.49,0.0000,0.0500,5.243485
2889,redandblack,driving_B_2020.02.27_17.30.15.csv,train/driving_B_2020.02.27_17.30.15.csv#block-002@time-473.000s,block-002,473.000,-227.0528,-227.05,-227.05,0.0000,0.0500,4.925804
2890,soldier,driving_B_2020.02.14_12.58.17.csv,train/driving_B_2020.02.14_12.58.17.csv#block-002@time-536.000s,block-002,536.000,-19.9324,-19.93,-19.93,0.0000,0.0500,4.531376
2891,longdress,driving_B_2020.01.16_09.56.56.csv,train/driving_B_2020.01.16_09.56.56.csv#block-001@time-1659.000s,block-001,1659.000,88.2814,88.28,88.28,0.0000,0.0500,4.751246
2892,loot,driving_B_2020.02.13_13.03.24.csv,train/driving_B_2020.02.13_13.03.24.csv#block-001@time-1154.000s,block-001,1154.000,17.5400,17.54,17.54,0.0000,0.0500,4.765022
2893,redandblack,driving_B_2020.02.14_09.38.22.csv,train/driving_B_2020.02.14_09.38.22.csv#block-000@time-300.000s,block-000,300.000,23.5818,23.58,23.58,0.0000,0.0500,4.459959
2894,soldier,driving_B_2020.01.16_07.26.43.csv,train/driving_B_2020.01.16_07.26.43.csv#block-000@time-300.000s,block-000,300.000,37.2638,37.26,37.26,0.0000,0.0500,4.626266
2895,longdress,driving_B_2020.02.14_12.58.17.csv,train/driving_B_2020.02.14_12.58.17.csv#block-002@time-596.000s,block-002,596.000,18.5194,18.52,18.52,0.0980,0.0500,4.824972
2896,loot,driving_B_2019.12.16_12.27.05.csv,train/driving_B_2019.12.16_12.27.05.csv#block-000@time-1140.000s,block-000,1140.000,57.6655,57.67,57.67,0.0000,0.0500,4.540417
2897,redandblack,driving_B_2020.01.16_12.10.03.csv,train/driving_B_2020.01.16_12.10.03.csv#block-000@time-240.000s,block-000,240.000,88.6786,88.68,88.68,0.8172,0.0500,4.420512
2898,soldier,driving_B_2020.02.27_17.30.15.csv,train/driving_B_2020.02.27_17.30.15.csv#block-002@time-413.000s,block-002,413.000,-2.4588,-2.46,-2.46,0.0000,0.0500,4.740823
2899,longdress,static_B_2020.02.14_13.21.26.csv,train/static_B_2020.02.14_13.21.26.csv#block-000@time-180.000s,block-000,180.000,73.3265,73.33,73.33,0.0000,0.0500,4.314017
2900,loot,driving_B_2020.01.16_07.26.43.csv,train/driving_B_2020.01.16_07.26.43.csv#block-000@time-960.000s,block-000,960.000,-2.3663,-2.37,-2.37,0.0000,0.0500,4.627733
2901,redandblack,driving_B_2020.02.13_13.03.24.csv,train/driving_B_2020.02.13_13.03.24.csv#block-001@time-914.000s,block-001,914.000,-3.1687,-3.17,-3.17,1.7878,0.0500,4.174076
2902,soldier,driving_B_2020.02.13_13.03.24.csv,train/driving_B_2020.02.13_13.03.24.csv#block-000@time-0.000s,block-000,0.000,13.8624,13.86,13.86,0.0000,0.0500,4.586903
2903,longdress,driving_B_2020.02.13_15.02.01.csv,train/driving_B_2020.02.13_15.02.01.csv#block-000@time-780.000s,block-000,780.000,20.9155,20.92,20.92,0.0000,0.0500,4.302832
2904,loot,driving_B_2020.02.14_09.38.22.csv,train/driving_B_2020.02.14_09.38.22.csv#block-000@time-600.000s,block-000,600.000,54.2223,54.22,54.22,0.0000,0.0500,4.513077
2905,redandblack,driving_B_2019.12.16_12.27.05.csv,train/driving_B_2019.12.16_12.27.05.csv#block-000@time-180.000s,block-000,180.000,34.2196,34.22,34.22,0.0000,0.0500,4.755630
2906,soldier,driving_B_2020.02.13_13.03.24.csv,train/driving_B_2020.02.13_13.03.24.csv#block-001@time-1274.000s,block-001,1274.000,5.6557,5.66,5.66,2.7488,0.0500,4.042090
2907,longdress,driving_B_2020.02.13_15.02.01.csv,train/driving_B_2020.02.13_15.02.01.csv#block-000@time-2520.000s,block-000,2520.000,30.1905,30.19,30.19,0.0000,0.0500,4.864089
2908,loot,driving_B_2020.01.16_12.10.03.csv,train/driving_B_2020.01.16_12.10.03.csv#block-000@time-360.000s,block-000,360.000,77.0396,77.04,77.04,1.1112,0.0500,4.218380
2909,redandblack,driving_B_2020.02.13_15.02.01.csv,train/driving_B_2020.02.13_15.02.01.csv#block-000@time-240.000s,block-000,240.000,85.8717,85.87,85.87,0.0000,0.0500,4.207368
2910,soldier,driving_B_2020.01.16_07.26.43.csv,train/driving_B_2020.01.16_07.26.43.csv#block-000@time-1800.000s,block-000,1800.000,20.0940,20.09,20.09,0.0000,0.0500,4.939572
2911,longdress,driving_B_2020.01.16_12.10.03.csv,train/driving_B_2020.01.16_12.10.03.csv#block-000@time-0.000s,block-000,0.000,82.4512,82.45,82.45,0.2256,0.0500,4.963743
2912,loot,driving_B_2019.12.16_12.27.05.csv,train/driving_B_2019.12.16_12.27.05.csv#block-000@time-300.000s,block-000,300.000,16.5943,16.59,16.59,0.0000,0.0500,4.352345
2913,soldier,static_B_2019.12.16_13.40.04.csv,train/static_B_2019.12.16_13.40.04.csv#block-001@time-1075.000s,block-001,1075.000,34.7599,34.76,34.76,0.0000,0.0500,4.954156
2914,longdress,driving_B_2020.01.16_12.10.03.csv,train/driving_B_2020.01.16_12.10.03.csv#block-000@time-0.000s,block-000,0.000,73.0311,73.03,73.03,0.3912,0.0500,4.699934
2915,loot,driving_B_2020.02.14_09.38.22.csv,train/driving_B_2020.02.14_09.38.22.csv#block-000@time-1440.000s,block-000,1440.000,90.9020,90.90,90.90,0.8596,0.0500,4.329775
2916,redandblack,driving_B_2019.12.17_07.32.39.csv,train/driving_B_2019.12.17_07.32.39.csv#block-000@time-1380.000s,block-000,1380.000,44.3966,44.40,44.40,0.0000,0.0500,4.486307
2917,soldier,driving_B_2020.01.16_09.56.56.csv,train/driving_B_2020.01.16_09.56.56.csv#block-001@time-1119.000s,block-001,1119.000,87.0606,87.06,87.06,0.0000,0.0500,4.619426
2918,longdress,static_B_2020.02.27_18.39.27.csv,train/static_B_2020.02.27_18.39.27.csv#block-001@time-3012.000s,block-001,3012.000,62.2890,62.29,62.29,0.0000,0.0500,4.351285
2919,loot,driving_B_2020.01.16_12.10.03.csv,train/driving_B_2020.01.16_12.10.03.csv#block-000@time-180.000s,block-000,180.000,81.6776,81.68,81.68,0.0000,0.0500,4.735921
2920,redandblack,driving_B_2020.01.16_07.26.43.csv,train/driving_B_2020.01.16_07.26.43.csv#block-000@time-540.000s,block-000,540.000,30.3555,30.36,30.36,0.0000,0.0500,4.587918
2921,soldier,static_B_2019.12.16_13.40.04.csv,train/static_B_2019.12.16_13.40.04.csv#block-001@time-715.000s,block-001,715.000,55.0193,55.02,55.02,0.0000,0.0500,4.990252
2922,longdress,driving_B_2020.02.14_09.38.22.csv,train/driving_B_2020.02.14_09.38.22.csv#block-000@time-1260.000s,block-000,1260.000,31.3351,31.34,31.34,0.0000,0.0500,4.389289
2923,loot,static_B_2020.02.14_13.21.26.csv,train/static_B_2020.02.14_13.21.26.csv#block-000@time-720.000s,block-000,720.000,77.8079,77.81,77.81,0.0000,0.0500,4.496562
2924,redandblack,driving_B_2020.02.13_15.02.01.csv,train/driving_B_2020.02.13_15.02.01.csv#block-000@time-2880.000s,block-000,2880.000,54.9728,54.97,54.97,0.1346,0.0500,4.429019
2925,soldier,driving_B_2020.02.27_17.30.15.csv,train/driving_B_2020.02.27_17.30.15.csv#block-002@time-473.000s,block-002,473.000,-178.5900,-178.59,-178.59,0.0000,0.0500,4.303232
2926,longdress,driving_B_2020.02.13_15.02.01.csv,train/driving_B_2020.02.13_15.02.01.csv#block-000@time-2100.000s,block-000,2100.000,20.0077,20.01,20.01,0.4785,0.0500,4.518172
2927,loot,static_B_2020.02.27_18.39.27.csv,train/static_B_2020.02.27_18.39.27.csv#block-001@time-672.000s,block-001,672.000,49.5540,49.55,49.55,1.2166,0.0500,4.054839
2928,redandblack,driving_B_2020.02.14_09.38.22.csv,train/driving_B_2020.02.14_09.38.22.csv#block-000@time-240.000s,block-000,240.000,-14.7770,-14.78,-14.78,0.0000,0.0500,4.599331
2929,soldier,driving_B_2020.01.16_09.56.56.csv,train/driving_B_2020.01.16_09.56.56.csv#block-001@time-699.000s,block-001,699.000,84.3566,84.36,84.36,0.1357,0.0500,5.008749
2930,longdress,driving_B_2020.02.14_09.38.22.csv,train/driving_B_2020.02.14_09.38.22.csv#block-000@time-120.000s,block-000,120.000,-7.5036,-7.50,-7.50,0.2037,0.0500,4.618996
2931,loot,static_B_2020.02.14_13.21.26.csv,train/static_B_2020.02.14_13.21.26.csv#block-000@time-660.000s,block-000,660.000,87.9121,87.91,87.91,1.7669,0.0500,4.701507
2932,redandblack,static_B_2020.02.27_18.39.27.csv,train/static_B_2020.02.27_18.39.27.csv#block-001@time-3912.000s,block-001,3912.000,79.1724,79.17,79.17,0.0000,0.0500,4.584136
2933,soldier,driving_B_2020.02.27_17.30.15.csv,train/driving_B_2020.02.27_17.30.15.csv#block-002@time-293.000s,block-002,293.000,-139.8577,-139.86,-139.86,0.0000,0.0500,4.162972
2934,longdress,driving_B_2020.01.16_07.26.43.csv,train/driving_B_2020.01.16_07.26.43.csv#block-000@time-60.000s,block-000,60.000,38.0501,38.05,38.05,0.0000,0.0500,4.902583
2935,loot,driving_B_2020.01.16_07.26.43.csv,train/driving_B_2020.01.16_07.26.43.csv#block-000@time-360.000s,block-000,360.000,0.5351,0.54,0.54,0.0000,0.0500,4.882049
2936,redandblack,driving_B_2020.02.27_17.30.15.csv,train/driving_B_2020.02.27_17.30.15.csv#block-002@time-533.000s,block-002,533.000,-7.9603,-7.96,-7.96,0.0000,0.0500,4.502240
2937,soldier,driving_B_2020.01.16_09.56.56.csv,train/driving_B_2020.01.16_09.56.56.csv#block-001@time-639.000s,block-001,639.000,42.5205,42.52,42.52,0.0000,0.0500,4.488580
2938,longdress,driving_B_2020.01.16_07.26.43.csv,train/driving_B_2020.01.16_07.26.43.csv#block-000@time-1020.000s,block-000,1020.000,1.3204,1.32,1.32,0.0000,0.0500,4.573315
2939,loot,driving_B_2020.02.13_13.03.24.csv,train/driving_B_2020.02.13_13.03.24.csv#block-001@time-1214.000s,block-001,1214.000,12.1928,12.19,12.19,0.7184,0.0500,4.553338
2940,redandblack,driving_B_2020.01.16_09.56.56.csv,train/driving_B_2020.01.16_09.56.56.csv#block-000@time-360.000s,block-000,360.000,57.1399,57.14,57.14,0.0000,0.0500,4.656217
2941,soldier,driving_B_2020.02.14_09.38.22.csv,train/driving_B_2020.02.14_09.38.22.csv#block-000@time-480.000s,block-000,480.000,7.4591,7.46,7.46,0.0000,0.0500,4.816665
2942,longdress,driving_B_2019.12.16_12.27.05.csv,train/driving_B_2019.12.16_12.27.05.csv#block-000@time-0.000s,block-000,0.000,44.9697,44.97,44.97,0.0000,0.0500,4.033217
2943,loot,static_B_2020.02.14_13.21.26.csv,train/static_B_2020.02.14_13.21.26.csv#block-000@time-840.000s,block-000,840.000,85.9444,85.94,85.94,1.2440,0.0500,4.753593
2944,redandblack,driving_B_2019.12.16_12.27.05.csv,train/driving_B_2019.12.16_12.27.05.csv#block-000@time-1200.000s,block-000,1200.000,24.1166,24.12,24.12,0.0000,0.0500,4.608036
2945,soldier,static_B_2020.02.27_18.39.27.csv,train/static_B_2020.02.27_18.39.27.csv#block-001@time-2952.000s,block-001,2952.000,64.4048,64.40,64.40,0.0000,0.0500,4.280224
2946,longdress,driving_B_2020.01.16_12.10.03.csv,train/driving_B_2020.01.16_12.10.03.csv#block-000@time-360.000s,block-000,360.000,70.7023,70.70,70.70,0.0000,0.0500,4.347231
2947,loot,driving_B_2020.02.13_15.02.01.csv,train/driving_B_2020.02.13_15.02.01.csv#block-000@time-60.000s,block-000,60.000,84.3576,84.36,84.36,0.9075,0.0500,4.947081
2948,redandblack,driving_B_2019.12.16_12.27.05.csv,train/driving_B_2019.12.16_12.27.05.csv#block-000@time-840.000s,block-000,840.000,44.8396,44.84,44.84,0.0000,0.0500,4.705072
2949,soldier,driving_B_2020.01.16_12.10.03.csv,train/driving_B_2020.01.16_12.10.03.csv#block-000@time-300.000s,block-000,300.000,23.0567,23.06,23.06,0.0000,0.0500,4.431185
2950,longdress,driving_B_2020.02.27_17.30.15.csv,train/driving_B_2020.02.27_17.30.15.csv#block-002@time-293.000s,block-002,293.000,-34.8031,-34.80,-34.80,0.0000,0.0500,4.541978
2951,loot,driving_B_2019.12.16_12.27.05.csv,train/driving_B_2019.12.16_12.27.05.csv#block-000@time-780.000s,block-000,780.000,44.2391,44.24,44.24,0.0000,0.0500,4.851948
2952,redandblack,driving_B_2020.02.13_15.02.01.csv,train/driving_B_2020.02.13_15.02.01.csv#block-000@time-2340.000s,block-000,2340.000,48.2900,48.29,48.29,0.0000,0.0500,4.751705
2953,soldier,driving_B_2019.12.16_12.27.05.csv,train/driving_B_2019.12.16_12.27.05.csv#block-000@time-1080.000s,block-000,1080.000,75.6723,75.67,75.67,0.0000,0.0500,4.462736
2954,longdress,driving_B_2020.02.14_09.38.22.csv,train/driving_B_2020.02.14_09.38.22.csv#block-000@time-1200.000s,block-000,1200.000,-5.4568,-5.46,-5.46,0.1224,0.0500,4.907482
2955,loot,driving_B_2019.12.16_12.27.05.csv,train/driving_B_2019.12.16_12.27.05.csv#block-000@time-960.000s,block-000,960.000,73.3524,73.35,73.35,1.5106,0.0500,4.761594
2956,redandblack,driving_B_2020.01.16_09.56.56.csv,train/driving_B_2020.01.16_09.56.56.csv#block-001@time-1599.000s,block-001,1599.000,72.6886,72.69,72.69,0.0000,0.0500,4.583436
2957,soldier,driving_B_2020.01.16_12.10.03.csv,train/driving_B_2020.01.16_12.10.03.csv#block-000@time-240.000s,block-000,240.000,79.8850,79.88,79.88,0.3154,0.0500,4.591581
2958,longdress,driving_B_2020.02.27_17.30.15.csv,train/driving_B_2020.02.27_17.30.15.csv#block-002@time-293.000s,block-002,293.000,-26.4781,-26.48,-26.48,0.0000,0.0500,4.629366
2959,loot,driving_B_2020.02.13_15.02.01.csv,train/driving_B_2020.02.13_15.02.01.csv#block-000@time-2460.000s,block-000,2460.000,69.7983,69.80,69.80,0.0000,0.0500,4.474959
2960,redandblack,driving_B_2020.02.13_13.03.24.csv,train/driving_B_2020.02.13_13.03.24.csv#block-000@time-480.000s,block-000,480.000,27.1303,27.13,27.13,0.0000,0.0500,4.249946
2961,soldier,static_B_2019.12.16_13.40.04.csv,train/static_B_2019.12.16_13.40.04.csv#block-005@time-1406.000s,block-005,1406.000,32.7289,32.73,32.73,0.0000,0.0500,4.142699
2962,longdress,driving_B_2019.12.17_07.32.39.csv,train/driving_B_2019.12.17_07.32.39.csv#block-003@time-1894.000s,block-003,1894.000,26.0608,26.06,26.06,0.0000,0.0500,4.320688
2963,loot,static_B_2020.02.14_13.21.26.csv,train/static_B_2020.02.14_13.21.26.csv#block-000@time-60.000s,block-000,60.000,85.9780,85.98,85.98,1.8844,0.0500,5.031474
2964,redandblack,driving_B_2019.12.16_12.27.05.csv,train/driving_B_2019.12.16_12.27.05.csv#block-000@time-1260.000s,block-000,1260.000,87.6947,87.69,87.69,1.1701,0.0500,4.847539
2965,soldier,driving_B_2020.02.13_13.03.24.csv,train/driving_B_2020.02.13_13.03.24.csv#block-001@time-1874.000s,block-001,1874.000,-3.6667,-3.67,-3.67,2.0457,0.0500,4.302212
2966,longdress,driving_B_2020.01.16_09.56.56.csv,train/driving_B_2020.01.16_09.56.56.csv#block-001@time-639.000s,block-001,639.000,55.3478,55.35,55.35,0.0000,0.0500,4.573229
2967,loot,driving_B_2020.02.14_09.38.22.csv,train/driving_B_2020.02.14_09.38.22.csv#block-000@time-840.000s,block-000,840.000,11.2275,11.23,11.23,0.0000,0.0500,4.786393
2968,redandblack,driving_B_2020.01.16_12.10.03.csv,train/driving_B_2020.01.16_12.10.03.csv#block-000@time-0.000s,block-000,0.000,82.8012,82.80,82.80,1.4794,0.0500,4.368238
2969,soldier,driving_B_2020.02.13_13.03.24.csv,train/driving_B_2020.02.13_13.03.24.csv#block-000@time-0.000s,block-000,0.000,10.9103,10.91,10.91,0.0000,0.0500,4.451822
2970,longdress,static_B_2019.12.16_13.40.04.csv,train/static_B_2019.12.16_13.40.04.csv#block-005@time-1526.000s,block-005,1526.000,45.8334,45.83,45.83,0.0000,0.0500,4.312921
2971,loot,driving_B_2020.02.13_13.03.24.csv,train/driving_B_2020.02.13_13.03.24.csv#block-007@time-2290.000s,block-007,2290.000,-44.5167,-44.52,-44.52,0.0000,0.0500,4.952469
2972,redandblack,driving_B_2020.02.14_12.58.17.csv,train/driving_B_2020.02.14_12.58.17.csv#block-002@time-536.000s,block-002,536.000,-7.5864,-7.59,-7.59,0.8289,0.0500,4.710766
2973,soldier,driving_B_2020.01.16_09.56.56.csv,train/driving_B_2020.01.16_09.56.56.csv#block-001@time-1059.000s,block-001,1059.000,6.1685,6.17,6.17,0.7378,0.0500,4.703639
2974,longdress,driving_B_2020.02.13_13.03.24.csv,train/driving_B_2020.02.13_13.03.24.csv#block-000@time-180.000s,block-000,180.000,27.9880,27.99,27.99,0.0287,0.0500,4.308184
2975,loot,driving_B_2019.12.17_07.32.39.csv,train/driving_B_2019.12.17_07.32.39.csv#block-000@time-1080.000s,block-000,1080.000,36.6199,36.62,36.62,0.0000,0.0500,4.140699
2976,redandblack,driving_B_2019.12.17_07.32.39.csv,train/driving_B_2019.12.17_07.32.39.csv#block-000@time-780.000s,block-000,780.000,29.7888,29.79,29.79,0.0000,0.0500,3.971494
2977,soldier,driving_B_2020.02.13_13.03.24.csv,train/driving_B_2020.02.13_13.03.24.csv#block-000@time-300.000s,block-000,300.000,23.2751,23.28,23.28,0.0000,0.0500,4.250478
2978,longdress,driving_B_2020.01.16_09.56.56.csv,train/driving_B_2020.01.16_09.56.56.csv#block-000@time-240.000s,block-000,240.000,52.6801,52.68,52.68,0.0000,0.0500,4.211716
2979,loot,driving_B_2020.01.16_09.56.56.csv,train/driving_B_2020.01.16_09.56.56.csv#block-000@time-180.000s,block-000,180.000,51.1732,51.17,51.17,0.0000,0.0500,4.392742
2980,redandblack,driving_B_2019.12.17_07.32.39.csv,train/driving_B_2019.12.17_07.32.39.csv#block-000@time-1200.000s,block-000,1200.000,84.9096,84.91,84.91,1.0608,0.0500,4.636006
2981,soldier,driving_B_2020.02.13_13.03.24.csv,train/driving_B_2020.02.13_13.03.24.csv#block-001@time-1934.000s,block-001,1934.000,-7.5568,-7.56,-7.56,0.0000,0.0500,4.676628
2982,longdress,driving_B_2019.12.16_12.27.05.csv,train/driving_B_2019.12.16_12.27.05.csv#block-000@time-360.000s,block-000,360.000,12.6943,12.69,12.69,0.0000,0.0500,4.613613
2983,loot,driving_B_2020.01.16_07.26.43.csv,train/driving_B_2020.01.16_07.26.43.csv#block-000@time-960.000s,block-000,960.000,8.3605,8.36,8.36,0.0000,0.0500,4.765674
2984,redandblack,driving_B_2020.02.14_09.38.22.csv,train/driving_B_2020.02.14_09.38.22.csv#block-000@time-420.000s,block-000,420.000,14.7195,14.72,14.72,0.9272,0.0500,4.631060
2985,soldier,static_B_2020.02.27_18.39.27.csv,train/static_B_2020.02.27_18.39.27.csv#block-001@time-3072.000s,block-001,3072.000,82.0646,82.06,82.06,0.0000,0.0500,4.197854
2986,longdress,driving_B_2020.02.14_12.58.17.csv,train/driving_B_2020.02.14_12.58.17.csv#block-002@time-536.000s,block-002,536.000,-66.6566,-66.66,-66.66,0.0000,0.0500,4.340275
2987,loot,driving_B_2020.02.13_15.02.01.csv,train/driving_B_2020.02.13_15.02.01.csv#block-000@time-720.000s,block-000,720.000,38.1762,38.18,38.18,0.0000,0.0500,4.268567
2988,redandblack,driving_B_2019.12.17_07.32.39.csv,train/driving_B_2019.12.17_07.32.39.csv#block-003@time-1774.000s,block-003,1774.000,17.3281,17.33,17.33,1.5167,0.0500,4.537821
2989,soldier,driving_B_2020.02.13_15.02.01.csv,train/driving_B_2020.02.13_15.02.01.csv#block-000@time-1500.000s,block-000,1500.000,-3.3100,-3.31,-3.31,0.0000,0.0500,4.620562
2990,longdress,driving_B_2020.02.13_15.02.01.csv,train/driving_B_2020.02.13_15.02.01.csv#block-000@time-1680.000s,block-000,1680.000,24.1984,24.20,24.20,0.0000,0.0500,4.646213
2991,loot,static_B_2020.02.14_13.21.26.csv,train/static_B_2020.02.14_13.21.26.csv#block-000@time-1080.000s,block-000,1080.000,86.0013,86.00,86.00,0.6219,0.0500,4.340016
2992,redandblack,driving_B_2019.12.16_12.27.05.csv,train/driving_B_2019.12.16_12.27.05.csv#block-000@time-540.000s,block-000,540.000,2.0360,2.04,2.04,0.1083,0.0500,4.421567
2993,soldier,driving_B_2020.02.13_13.03.24.csv,train/driving_B_2020.02.13_13.03.24.csv#block-001@time-1694.000s,block-001,1694.000,4.6394,4.64,4.64,0.1030,0.0500,4.240283
2994,longdress,static_B_2020.02.14_13.21.26.csv,train/static_B_2020.02.14_13.21.26.csv#block-000@time-780.000s,block-000,780.000,85.8820,85.88,85.88,0.0000,0.0500,5.090427
2995,loot,static_B_2019.12.16_13.40.04.csv,train/static_B_2019.12.16_13.40.04.csv#block-005@time-1766.000s,block-005,1766.000,86.0078,86.01,86.01,1.5774,0.0500,4.456332
2996,redandblack,static_B_2020.02.27_18.39.27.csv,train/static_B_2020.02.27_18.39.27.csv#block-001@time-4632.000s,block-001,4632.000,81.0949,81.09,81.09,0.0000,0.0500,4.619076
2997,soldier,driving_B_2020.01.16_07.26.43.csv,train/driving_B_2020.01.16_07.26.43.csv#block-000@time-1080.000s,block-000,1080.000,33.2046,33.20,33.20,0.0000,0.0500,4.587446
2998,longdress,driving_B_2020.01.16_07.26.43.csv,train/driving_B_2020.01.16_07.26.43.csv#block-000@time-1380.000s,block-000,1380.000,25.7736,25.77,25.77,0.0000,0.0500,4.783983
2999,loot,driving_B_2020.02.14_12.58.17.csv,train/driving_B_2020.02.14_12.58.17.csv#block-002@time-656.000s,block-002,656.000,53.4041,53.40,53.40,0.0000,0.0500,4.173942
3000,redandblack,driving_B_2020.01.16_07.26.43.csv,train/driving_B_2020.01.16_07.26.43.csv#block-000@time-300.000s,block-000,300.000,49.8129,49.81,49.81,0.0000,0.0500,3.783908
3001,soldier,driving_B_2020.02.27_17.30.15.csv,train/driving_B_2020.02.27_17.30.15.csv#block-002@time-413.000s,block-002,413.000,3.4614,3.46,3.46,1.1856,0.0500,4.208284
3002,longdress,driving_B_2020.02.27_17.30.15.csv,train/driving_B_2020.02.27_17.30.15.csv#block-002@time-413.000s,block-002,413.000,-6.5397,-6.54,-6.54,0.0000,0.0500,4.392109
3003,loot,driving_B_2020.02.27_17.30.15.csv,train/driving_B_2020.02.27_17.30.15.csv#block-002@time-413.000s,block-002,413.000,21.0033,21.00,21.00,0.0000,0.0500,4.646561
3004,redandblack,static_B_2019.12.16_13.40.04.csv,train/static_B_2019.12.16_13.40.04.csv#block-005@time-1826.000s,block-005,1826.000,67.4965,67.50,67.50,0.0000,0.0500,5.206409
3005,soldier,driving_B_2020.02.14_12.58.17.csv,train/driving_B_2020.02.14_12.58.17.csv#block-002@time-596.000s,block-002,596.000,-5.6817,-5.68,-5.68,0.0000,0.0500,5.198040
3006,longdress,driving_B_2020.01.16_09.56.56.csv,train/driving_B_2020.01.16_09.56.56.csv#block-001@time-1179.000s,block-001,1179.000,10.5574,10.56,10.56,0.0000,0.0500,4.957580
3007,loot,driving_B_2020.02.13_15.02.01.csv,train/driving_B_2020.02.13_15.02.01.csv#block-000@time-900.000s,block-000,900.000,32.0062,32.01,32.01,0.0000,0.0500,5.244067
3008,redandblack,static_B_2020.02.14_13.21.26.csv,train/static_B_2020.02.14_13.21.26.csv#block-000@time-0.000s,block-000,0.000,50.3813,50.38,50.38,0.0000,0.0500,4.634737
3009,soldier,driving_B_2020.01.16_09.56.56.csv,train/driving_B_2020.01.16_09.56.56.csv#block-001@time-1719.000s,block-001,1719.000,39.4404,39.44,39.44,0.0000,0.0500,4.880942
3010,longdress,static_B_2020.02.14_13.21.26.csv,train/static_B_2020.02.14_13.21.26.csv#block-000@time-240.000s,block-000,240.000,87.2724,87.27,87.27,0.0000,0.0500,4.732341
3011,loot,driving_B_2019.12.17_07.32.39.csv,train/driving_B_2019.12.17_07.32.39.csv#block-000@time-1440.000s,block-000,1440.000,88.6715,88.67,88.67,1.2083,0.0500,4.987863
3012,redandblack,driving_B_2020.02.13_13.03.24.csv,train/driving_B_2020.02.13_13.03.24.csv#block-001@time-1514.000s,block-001,1514.000,3.6619,3.66,3.66,0.0000,0.0500,4.790467
3013,soldier,driving_B_2020.01.16_07.26.43.csv,train/driving_B_2020.01.16_07.26.43.csv#block-000@time-1440.000s,block-000,1440.000,20.7954,20.80,20.80,0.0000,0.0500,4.666267
3014,longdress,static_B_2019.12.16_13.40.04.csv,train/static_B_2019.12.16_13.40.04.csv#block-000@time-60.000s,block-000,60.000,39.8818,39.88,39.88,0.0000,0.0500,5.433913
3015,loot,static_B_2020.02.27_18.39.27.csv,train/static_B_2020.02.27_18.39.27.csv#block-001@time-72.000s,block-001,72.000,82.6000,82.60,82.60,1.0621,0.0500,4.414462
3016,redandblack,driving_B_2020.02.13_15.02.01.csv,train/driving_B_2020.02.13_15.02.01.csv#block-000@time-240.000s,block-000,240.000,85.0914,85.09,85.09,0.0000,0.0500,5.002601
3017,soldier,driving_B_2019.12.17_07.32.39.csv,train/driving_B_2019.12.17_07.32.39.csv#block-003@time-1654.000s,block-003,1654.000,26.6735,26.67,26.67,0.0000,0.0500,4.570028
3018,longdress,driving_B_2020.01.16_12.10.03.csv,train/driving_B_2020.01.16_12.10.03.csv#block-000@time-120.000s,block-000,120.000,81.2822,81.28,81.28,0.0000,0.0500,4.673922
3019,loot,driving_B_2020.02.13_15.02.01.csv,train/driving_B_2020.02.13_15.02.01.csv#block-000@time-1380.000s,block-000,1380.000,58.5811,58.58,58.58,0.0000,0.0500,5.175841
3020,redandblack,driving_B_2019.12.16_12.27.05.csv,train/driving_B_2019.12.16_12.27.05.csv#block-000@time-600.000s,block-000,600.000,-4.7556,-4.76,-4.76,0.0000,0.0500,4.673327
3021,soldier,driving_B_2020.01.16_07.26.43.csv,train/driving_B_2020.01.16_07.26.43.csv#block-000@time-720.000s,block-000,720.000,3.7068,3.71,3.71,0.0000,0.0500,4.870269
3022,longdress,driving_B_2020.02.13_13.03.24.csv,train/driving_B_2020.02.13_13.03.24.csv#block-001@time-1754.000s,block-001,1754.000,26.2552,26.26,26.26,0.0000,0.0500,4.692954
3023,loot,driving_B_2019.12.16_12.27.05.csv,train/driving_B_2019.12.16_12.27.05.csv#block-000@time-660.000s,block-000,660.000,-14.7893,-14.79,-14.79,0.0000,0.0500,5.215534
3024,redandblack,static_B_2019.12.16_13.40.04.csv,train/static_B_2019.12.16_13.40.04.csv#block-001@time-595.000s,block-001,595.000,88.7198,88.72,88.72,0.0000,0.0500,4.989168
3025,soldier,driving_B_2019.12.17_07.32.39.csv,train/driving_B_2019.12.17_07.32.39.csv#block-000@time-840.000s,block-000,840.000,27.5627,27.56,27.56,0.0000,0.0500,5.442066
3026,longdress,static_B_2019.12.16_13.40.04.csv,train/static_B_2019.12.16_13.40.04.csv#block-005@time-1346.000s,block-005,1346.000,13.4929,13.49,13.49,0.0000,0.0500,5.026665
3027,loot,static_B_2019.12.16_13.40.04.csv,train/static_B_2019.12.16_13.40.04.csv#block-001@time-1015.000s,block-001,1015.000,35.3352,35.34,35.34,0.0000,0.0500,4.896199
3028,redandblack,static_B_2019.12.16_13.40.04.csv,train/static_B_2019.12.16_13.40.04.csv#block-006@time-2172.000s,block-006,2172.000,85.0968,85.10,85.10,1.6876,0.0500,4.954530
3029,soldier,driving_B_2020.02.27_17.30.15.csv,train/driving_B_2020.02.27_17.30.15.csv#block-002@time-533.000s,block-002,533.000,-41.3425,-41.34,-41.34,0.0000,0.0500,4.883491
3030,longdress,driving_B_2020.02.13_13.03.24.csv,train/driving_B_2020.02.13_13.03.24.csv#block-001@time-1154.000s,block-001,1154.000,26.0680,26.07,26.07,0.0000,0.0500,4.697332
3031,loot,driving_B_2020.02.13_15.02.01.csv,train/driving_B_2020.02.13_15.02.01.csv#block-000@time-1320.000s,block-000,1320.000,59.3801,59.38,59.38,0.0000,0.0500,4.572638
3032,redandblack,driving_B_2020.02.13_13.03.24.csv,train/driving_B_2020.02.13_13.03.24.csv#block-000@time-120.000s,block-000,120.000,18.3974,18.40,18.40,0.0000,0.0500,5.038075
3033,soldier,driving_B_2020.02.13_13.03.24.csv,train/driving_B_2020.02.13_13.03.24.csv#block-001@time-1454.000s,block-001,1454.000,14.7486,14.75,14.75,0.0000,0.0500,4.682737
3034,longdress,static_B_2020.02.27_18.39.27.csv,train/static_B_2020.02.27_18.39.27.csv#block-001@time-1692.000s,block-001,1692.000,53.7782,53.78,53.78,0.0000,0.0500,4.351404
3035,loot,driving_B_2020.02.14_09.38.22.csv,train/driving_B_2020.02.14_09.38.22.csv#block-000@time-900.000s,block-000,900.000,-87.3884,-87.39,-87.39,0.0000,0.0500,4.665780
3036,redandblack,driving_B_2020.02.13_15.02.01.csv,train/driving_B_2020.02.13_15.02.01.csv#block-000@time-120.000s,block-000,120.000,88.2439,88.24,88.24,1.4441,0.0500,4.850277
3037,soldier,driving_B_2020.02.27_17.30.15.csv,train/driving_B_2020.02.27_17.30.15.csv#block-002@time-293.000s,block-002,293.000,-28.6620,-28.66,-28.66,0.0000,0.0500,4.532288
3038,longdress,driving_B_2020.02.14_12.58.17.csv,train/driving_B_2020.02.14_12.58.17.csv#block-002@time-596.000s,block-002,596.000,29.0450,29.04,29.04,0.0000,0.0500,5.201426
3039,loot,driving_B_2020.02.14_12.58.17.csv,train/driving_B_2020.02.14_12.58.17.csv#block-002@time-596.000s,block-002,596.000,19.6732,19.67,19.67,0.0000,0.0500,4.920361
3040,redandblack,driving_B_2020.01.16_09.56.56.csv,train/driving_B_2020.01.16_09.56.56.csv#block-001@time-1479.000s,block-001,1479.000,56.3048,56.30,56.30,0.0000,0.0500,5.159087
3041,soldier,driving_B_2020.02.27_17.30.15.csv,train/driving_B_2020.02.27_17.30.15.csv#block-002@time-353.000s,block-002,353.000,-3.8077,-3.81,-3.81,0.0000,0.0500,5.372182
3042,longdress,static_B_2020.02.14_13.21.26.csv,train/static_B_2020.02.14_13.21.26.csv#block-000@time-300.000s,block-000,300.000,53.8025,53.80,53.80,0.0000,0.0500,4.410086
3043,loot,driving_B_2019.12.17_07.32.39.csv,train/driving_B_2019.12.17_07.32.39.csv#block-004@time-2297.000s,block-004,2297.000,73.2870,73.29,73.29,0.0000,0.0500,4.510549
3044,redandblack,static_B_2020.02.27_18.39.27.csv,train/static_B_2020.02.27_18.39.27.csv#block-001@time-852.000s,block-001,852.000,48.5803,48.58,48.58,0.0000,0.0500,4.786602
3045,soldier,driving_B_2020.02.13_13.03.24.csv,train/driving_B_2020.02.13_13.03.24.csv#block-001@time-1094.000s,block-001,1094.000,10.0781,10.08,10.08,0.0000,0.0500,5.131073
3046,longdress,driving_B_2019.12.16_12.27.05.csv,train/driving_B_2019.12.16_12.27.05.csv#block-000@time-600.000s,block-000,600.000,13.8111,13.81,13.81,0.0000,0.0500,4.358814
3047,loot,driving_B_2020.02.14_12.58.17.csv,train/driving_B_2020.02.14_12.58.17.csv#block-002@time-536.000s,block-002,536.000,-20.4144,-20.41,-20.41,0.0000,0.0500,4.597878
3048,redandblack,static_B_2020.02.27_18.39.27.csv,train/static_B_2020.02.27_18.39.27.csv#block-001@time-3972.000s,block-001,3972.000,79.4340,79.43,79.43,0.0000,0.0500,5.084439
3049,soldier,driving_B_2020.01.16_07.26.43.csv,train/driving_B_2020.01.16_07.26.43.csv#block-000@time-660.000s,block-000,660.000,31.7446,31.74,31.74,0.0000,0.0500,5.148202
3050,longdress,static_B_2020.02.27_18.39.27.csv,train/static_B_2020.02.27_18.39.27.csv#block-001@time-252.000s,block-001,252.000,77.1257,77.13,77.13,0.0000,0.0500,4.417473
3051,loot,driving_B_2019.12.16_12.27.05.csv,train/driving_B_2019.12.16_12.27.05.csv#block-000@time-480.000s,block-000,480.000,27.9112,27.91,27.91,0.0000,0.0500,4.818777
3052,redandblack,driving_B_2020.02.14_12.58.17.csv,train/driving_B_2020.02.14_12.58.17.csv#block-002@time-716.000s,block-002,716.000,29.1595,29.16,29.16,0.0000,0.0500,4.262604
3053,soldier,static_B_2019.12.16_13.40.04.csv,train/static_B_2019.12.16_13.40.04.csv#block-000@time-300.000s,block-000,300.000,27.9621,27.96,27.96,0.0000,0.0500,5.192640
3054,longdress,static_B_2020.02.27_18.39.27.csv,train/static_B_2020.02.27_18.39.27.csv#block-001@time-1332.000s,block-001,1332.000,28.2411,28.24,28.24,0.0000,0.0500,4.599475
3055,loot,driving_B_2020.02.14_12.58.17.csv,train/driving_B_2020.02.14_12.58.17.csv#block-000@time-0.000s,block-000,0.000,20.2908,20.29,20.29,0.0000,0.0500,4.522663
3056,redandblack,driving_B_2020.01.16_09.56.56.csv,train/driving_B_2020.01.16_09.56.56.csv#block-001@time-519.000s,block-001,519.000,37.8364,37.84,37.84,0.0000,0.0500,4.657699
3057,soldier,driving_B_2019.12.17_07.32.39.csv,train/driving_B_2019.12.17_07.32.39.csv#block-004@time-2237.000s,block-004,2237.000,7.4066,7.41,7.41,0.0000,0.0500,5.038368
3058,longdress,driving_B_2020.02.14_09.38.22.csv,train/driving_B_2020.02.14_09.38.22.csv#block-000@time-540.000s,block-000,540.000,3.3802,3.38,3.38,0.0000,0.0500,5.194503
3059,loot,driving_B_2020.01.16_07.26.43.csv,train/driving_B_2020.01.16_07.26.43.csv#block-000@time-900.000s,block-000,900.000,51.3819,51.38,51.38,0.0000,0.0500,5.095488
3060,redandblack,driving_B_2020.02.27_17.30.15.csv,train/driving_B_2020.02.27_17.30.15.csv#block-002@time-473.000s,block-002,473.000,-197.3932,-197.39,-197.39,0.0000,0.0500,4.800768
3061,soldier,driving_B_2020.02.14_09.38.22.csv,train/driving_B_2020.02.14_09.38.22.csv#block-000@time-720.000s,block-000,720.000,80.3494,80.35,80.35,0.0000,0.0500,4.813506
3062,longdress,driving_B_2019.12.16_12.27.05.csv,train/driving_B_2019.12.16_12.27.05.csv#block-000@time-180.000s,block-000,180.000,26.1178,26.12,26.12,0.0000,0.0500,4.969461
3063,loot,static_B_2020.02.14_13.21.26.csv,train/static_B_2020.02.14_13.21.26.csv#block-000@time-240.000s,block-000,240.000,88.6983,88.70,88.70,1.9883,0.0500,4.868364
3064,redandblack,driving_B_2020.02.14_09.38.22.csv,train/driving_B_2020.02.14_09.38.22.csv#block-000@time-300.000s,block-000,300.000,17.2701,17.27,17.27,0.0000,0.0500,5.267065
3065,soldier,driving_B_2019.12.16_12.27.05.csv,train/driving_B_2019.12.16_12.27.05.csv#block-000@time-240.000s,block-000,240.000,27.1731,27.17,27.17,0.0000,0.0500,5.125614
3066,longdress,static_B_2020.02.27_18.39.27.csv,train/static_B_2020.02.27_18.39.27.csv#block-001@time-2832.000s,block-001,2832.000,86.9474,86.95,86.95,0.1558,0.0500,5.141491
3067,loot,driving_B_2020.01.16_07.26.43.csv,train/driving_B_2020.01.16_07.26.43.csv#block-000@time-120.000s,block-000,120.000,10.2695,10.27,10.27,0.0000,0.0500,4.540866
3068,redandblack,driving_B_2020.01.16_09.56.56.csv,train/driving_B_2020.01.16_09.56.56.csv#block-001@time-1539.000s,block-001,1539.000,79.9526,79.95,79.95,0.0000,0.0500,4.894836
3069,soldier,driving_B_2019.12.16_12.27.05.csv,train/driving_B_2019.12.16_12.27.05.csv#block-000@time-120.000s,block-000,120.000,31.4563,31.46,31.46,0.0000,0.0500,4.573818
3070,longdress,driving_B_2020.01.16_12.10.03.csv,train/driving_B_2020.01.16_12.10.03.csv#block-000@time-240.000s,block-000,240.000,88.2743,88.27,88.27,0.0000,0.0500,4.979441
3071,loot,static_B_2020.02.27_18.39.27.csv,train/static_B_2020.02.27_18.39.27.csv#block-001@time-2892.000s,block-001,2892.000,89.6496,89.65,89.65,0.9192,0.0500,5.153538
3072,redandblack,driving_B_2020.01.16_07.26.43.csv,train/driving_B_2020.01.16_07.26.43.csv#block-000@time-840.000s,block-000,840.000,49.4170,49.42,49.42,0.0000,0.0500,4.930304
3073,soldier,driving_B_2020.02.14_12.58.17.csv,train/driving_B_2020.02.14_12.58.17.csv#block-002@time-716.000s,block-002,716.000,21.4783,21.48,21.48,0.0000,0.0500,4.654808
3074,longdress,driving_B_2020.01.16_12.10.03.csv,train/driving_B_2020.01.16_12.10.03.csv#block-000@time-180.000s,block-000,180.000,82.0999,82.10,82.10,0.0000,0.0500,4.727217
3075,loot,driving_B_2019.12.16_12.27.05.csv,train/driving_B_2019.12.16_12.27.05.csv#block-000@time-120.000s,block-000,120.000,45.6263,45.63,45.63,0.0000,0.0500,4.758139
3076,redandblack,driving_B_2020.01.16_07.26.43.csv,train/driving_B_2020.01.16_07.26.43.csv#block-000@time-1560.000s,block-000,1560.000,27.3839,27.38,27.38,0.0000,0.0500,4.620153
3077,soldier,driving_B_2020.02.14_12.58.17.csv,train/driving_B_2020.02.14_12.58.17.csv#block-002@time-656.000s,block-002,656.000,28.0634,28.06,28.06,0.0000,0.0500,4.534635
3078,longdress,driving_B_2020.02.27_17.30.15.csv,train/driving_B_2020.02.27_17.30.15.csv#block-002@time-473.000s,block-002,473.000,-87.3113,-87.31,-87.31,0.0000,0.0500,4.572381
3079,loot,driving_B_2020.02.14_12.58.17.csv,train/driving_B_2020.02.14_12.58.17.csv#block-002@time-596.000s,block-002,596.000,29.9587,29.96,29.96,0.0000,0.0500,4.891724
3080,redandblack,driving_B_2020.02.13_13.03.24.csv,train/driving_B_2020.02.13_13.03.24.csv#block-001@time-1274.000s,block-001,1274.000,3.3793,3.38,3.38,0.0000,0.0500,5.102549
3081,soldier,driving_B_2020.02.13_15.02.01.csv,train/driving_B_2020.02.13_15.02.01.csv#block-000@time-1020.000s,block-000,1020.000,87.7915,87.79,87.79,0.0000,0.0500,4.544649
3082,longdress,driving_B_2020.02.14_12.58.17.csv,train/driving_B_2020.02.14_12.58.17.csv#block-000@time-0.000s,block-000,0.000,35.6656,35.67,35.67,0.0000,0.0500,5.669907
3083,loot,driving_B_2020.02.13_13.03.24.csv,train/driving_B_2020.02.13_13.03.24.csv#block-000@time-420.000s,block-000,420.000,23.8726,23.87,23.87,0.0000,0.0500,5.209968
3084,redandblack,driving_B_2020.02.13_15.02.01.csv,train/driving_B_2020.02.13_15.02.01.csv#block-000@time-2760.000s,block-000,2760.000,3.0708,3.07,3.07,0.0000,0.0500,5.153524
3085,soldier,driving_B_2019.12.17_07.32.39.csv,train/driving_B_2019.12.17_07.32.39.csv#block-000@time-300.000s,block-000,300.000,31.0476,31.05,31.05,0.0000,0.0500,4.828480
3086,longdress,static_B_2020.02.14_13.21.26.csv,train/static_B_2020.02.14_13.21.26.csv#block-000@time-480.000s,block-000,480.000,82.0150,82.01,82.01,0.0000,0.0500,4.690075
3087,loot,static_B_2020.02.27_18.39.27.csv,train/static_B_2020.02.27_18.39.27.csv#block-001@time-4272.000s,block-001,4272.000,82.7393,82.74,82.74,0.0000,0.0500,5.424903
3088,redandblack,static_B_2019.12.16_13.40.04.csv,train/static_B_2019.12.16_13.40.04.csv#block-001@time-835.000s,block-001,835.000,88.7142,88.71,88.71,1.0867,0.0500,4.711294
3089,soldier,static_B_2020.02.14_13.21.26.csv,train/static_B_2020.02.14_13.21.26.csv#block-000@time-480.000s,block-000,480.000,87.8124,87.81,87.81,0.0000,0.0500,4.721926
3090,longdress,driving_B_2020.02.13_13.03.24.csv,train/driving_B_2020.02.13_13.03.24.csv#block-000@time-600.000s,block-000,600.000,22.4033,22.40,22.40,0.0000,0.0500,4.782944
3091,loot,driving_B_2020.02.14_12.58.17.csv,train/driving_B_2020.02.14_12.58.17.csv#block-000@time-0.000s,block-000,0.000,7.9311,7.93,7.93,0.0000,0.0500,5.536054
3092,redandblack,driving_B_2020.01.16_09.56.56.csv,train/driving_B_2020.01.16_09.56.56.csv#block-000@time-0.000s,block-000,0.000,29.8308,29.83,29.83,0.0000,0.0500,5.152775
3093,soldier,static_B_2020.02.14_13.21.26.csv,train/static_B_2020.02.14_13.21.26.csv#block-000@time-960.000s,block-000,960.000,43.2055,43.21,43.21,0.0000,0.0500,4.656353
3094,longdress,driving_B_2020.02.13_15.02.01.csv,train/driving_B_2020.02.13_15.02.01.csv#block-000@time-2820.000s,block-000,2820.000,49.5915,49.59,49.59,0.0000,0.0500,4.675687
3095,loot,driving_B_2019.12.17_07.32.39.csv,train/driving_B_2019.12.17_07.32.39.csv#block-000@time-60.000s,block-000,60.000,41.6800,41.68,41.68,0.0000,0.0500,4.803765
3096,redandblack,driving_B_2019.12.17_07.32.39.csv,train/driving_B_2019.12.17_07.32.39.csv#block-000@time-960.000s,block-000,960.000,9.2753,9.28,9.28,0.0000,0.0500,5.311326
3097,soldier,driving_B_2020.02.14_09.38.22.csv,train/driving_B_2020.02.14_09.38.22.csv#block-000@time-480.000s,block-000,480.000,-3.2910,-3.29,-3.29,0.0000,0.0500,5.000293
3098,longdress,static_B_2020.02.14_13.21.26.csv,train/static_B_2020.02.14_13.21.26.csv#block-000@time-360.000s,block-000,360.000,71.3816,71.38,71.38,0.0000,0.0500,4.834337
3099,loot,driving_B_2020.02.27_17.30.15.csv,train/driving_B_2020.02.27_17.30.15.csv#block-002@time-413.000s,block-002,413.000,26.1750,26.18,26.18,0.0000,0.0500,5.019101
3100,redandblack,driving_B_2020.02.14_12.58.17.csv,train/driving_B_2020.02.14_12.58.17.csv#block-002@time-656.000s,block-002,656.000,30.1535,30.15,30.15,0.0000,0.0500,4.247942
3101,soldier,driving_B_2020.02.14_12.58.17.csv,train/driving_B_2020.02.14_12.58.17.csv#block-002@time-716.000s,block-002,716.000,27.5086,27.51,27.51,0.0000,0.0500,4.482564
3102,longdress,driving_B_2020.01.16_09.56.56.csv,train/driving_B_2020.01.16_09.56.56.csv#block-001@time-1299.000s,block-001,1299.000,62.7602,62.76,62.76,0.0000,0.0500,4.418452
3103,loot,driving_B_2020.02.13_13.03.24.csv,train/driving_B_2020.02.13_13.03.24.csv#block-001@time-1394.000s,block-001,1394.000,21.5702,21.57,21.57,0.0000,0.0500,5.020927
3104,redandblack,static_B_2019.12.16_13.40.04.csv,train/static_B_2019.12.16_13.40.04.csv#block-006@time-2232.000s,block-006,2232.000,88.6578,88.66,88.66,0.2076,0.0500,4.844908
3105,soldier,driving_B_2019.12.17_07.32.39.csv,train/driving_B_2019.12.17_07.32.39.csv#block-000@time-180.000s,block-000,180.000,25.2101,25.21,25.21,0.0000,0.0500,4.781921
3106,longdress,driving_B_2019.12.16_12.27.05.csv,train/driving_B_2019.12.16_12.27.05.csv#block-000@time-720.000s,block-000,720.000,-4.9914,-4.99,-4.99,0.0000,0.0500,4.749792
3107,loot,driving_B_2020.02.13_15.02.01.csv,train/driving_B_2020.02.13_15.02.01.csv#block-000@time-1860.000s,block-000,1860.000,-21.0152,-21.02,-21.02,0.0000,0.0500,4.818055
3108,redandblack,static_B_2019.12.16_13.40.04.csv,train/static_B_2019.12.16_13.40.04.csv#block-001@time-955.000s,block-001,955.000,83.8100,83.81,83.81,0.0000,0.0500,5.517333
3109,soldier,driving_B_2020.02.14_12.58.17.csv,train/driving_B_2020.02.14_12.58.17.csv#block-002@time-656.000s,block-002,656.000,31.9288,31.93,31.93,0.0000,0.0500,4.668736
3110,longdress,driving_B_2020.01.16_12.10.03.csv,train/driving_B_2020.01.16_12.10.03.csv#block-000@time-120.000s,block-000,120.000,77.8706,77.87,77.87,0.0000,0.0500,4.588508
3111,loot,driving_B_2020.02.13_15.02.01.csv,train/driving_B_2020.02.13_15.02.01.csv#block-000@time-1920.000s,block-000,1920.000,54.2849,54.28,54.28,0.0000,0.0500,5.037482
3112,redandblack,driving_B_2020.02.14_09.38.22.csv,train/driving_B_2020.02.14_09.38.22.csv#block-000@time-1500.000s,block-000,1500.000,23.7495,23.75,23.75,0.0000,0.0500,4.824101
3113,soldier,driving_B_2020.01.16_12.10.03.csv,train/driving_B_2020.01.16_12.10.03.csv#block-000@time-360.000s,block-000,360.000,76.1389,76.14,76.14,0.0000,0.0500,5.167510
3114,longdress,driving_B_2020.02.13_13.03.24.csv,train/driving_B_2020.02.13_13.03.24.csv#block-001@time-1574.000s,block-001,1574.000,30.3996,30.40,30.40,0.0000,0.0500,4.727669
3115,loot,driving_B_2020.01.16_09.56.56.csv,train/driving_B_2020.01.16_09.56.56.csv#block-001@time-939.000s,block-001,939.000,37.8172,37.82,37.82,0.0000,0.0500,4.899361
3116,redandblack,driving_B_2019.12.17_07.32.39.csv,train/driving_B_2019.12.17_07.32.39.csv#block-000@time-540.000s,block-000,540.000,36.1570,36.16,36.16,0.0000,0.0500,4.861232
3117,soldier,static_B_2019.12.16_13.40.04.csv,train/static_B_2019.12.16_13.40.04.csv#block-000@time-240.000s,block-000,240.000,32.9665,32.97,32.97,0.0000,0.0500,5.053657
3118,longdress,driving_B_2020.02.27_17.30.15.csv,train/driving_B_2020.02.27_17.30.15.csv#block-002@time-293.000s,block-002,293.000,-73.1097,-73.11,-73.11,0.0000,0.0500,4.682563
3119,loot,driving_B_2020.02.27_17.30.15.csv,train/driving_B_2020.02.27_17.30.15.csv#block-002@time-353.000s,block-002,353.000,17.7070,17.71,17.71,0.0000,0.0500,4.813071
3120,redandblack,driving_B_2020.01.16_09.56.56.csv,train/driving_B_2020.01.16_09.56.56.csv#block-000@time-120.000s,block-000,120.000,11.2480,11.25,11.25,0.0000,0.0500,4.877527
3121,soldier,driving_B_2020.02.27_17.30.15.csv,train/driving_B_2020.02.27_17.30.15.csv#block-002@time-473.000s,block-002,473.000,-265.3328,-265.33,-265.33,0.0000,0.0500,4.908605
3122,longdress,driving_B_2020.01.16_12.10.03.csv,train/driving_B_2020.01.16_12.10.03.csv#block-000@time-60.000s,block-000,60.000,61.8221,61.82,61.82,0.0000,0.0500,4.403555
3123,loot,static_B_2020.02.27_18.39.27.csv,train/static_B_2020.02.27_18.39.27.csv#block-001@time-6612.000s,block-001,6612.000,89.7149,89.71,89.71,0.0000,0.0500,4.790272
3124,redandblack,static_B_2019.12.16_13.40.04.csv,train/static_B_2019.12.16_13.40.04.csv#block-000@time-360.000s,block-000,360.000,35.7352,35.74,35.74,0.0000,0.0500,4.961409
3125,soldier,driving_B_2020.01.16_09.56.56.csv,train/driving_B_2020.01.16_09.56.56.csv#block-001@time-1539.000s,block-001,1539.000,79.9577,79.96,79.96,0.0000,0.0500,4.590580
3126,longdress,static_B_2020.02.14_13.21.26.csv,train/static_B_2020.02.14_13.21.26.csv#block-000@time-1020.000s,block-000,1020.000,87.5324,87.53,87.53,0.0000,0.0500,4.622500
3127,loot,driving_B_2019.12.17_07.32.39.csv,train/driving_B_2019.12.17_07.32.39.csv#block-003@time-2074.000s,block-003,2074.000,32.0712,32.07,32.07,0.0000,0.0500,4.874950
3128,redandblack,static_B_2020.02.14_13.21.26.csv,train/static_B_2020.02.14_13.21.26.csv#block-000@time-420.000s,block-000,420.000,87.0742,87.07,87.07,0.1010,0.0500,4.800478
3129,soldier,driving_B_2020.01.16_09.56.56.csv,train/driving_B_2020.01.16_09.56.56.csv#block-000@time-300.000s,block-000,300.000,73.9878,73.99,73.99,0.0000,0.0500,4.362707
3130,longdress,driving_B_2019.12.16_12.27.05.csv,train/driving_B_2019.12.16_12.27.05.csv#block-000@time-660.000s,block-000,660.000,-7.2015,-7.20,-7.20,0.0000,0.0500,5.169846
3131,loot,static_B_2020.02.27_18.39.27.csv,train/static_B_2020.02.27_18.39.27.csv#block-001@time-5712.000s,block-001,5712.000,63.3087,63.31,63.31,0.0000,0.0500,4.685786
3132,redandblack,driving_B_2020.02.13_15.02.01.csv,train/driving_B_2020.02.13_15.02.01.csv#block-000@time-3000.000s,block-000,3000.000,29.2224,29.22,29.22,0.0000,0.0500,5.551094
3133,soldier,driving_B_2020.02.27_17.30.15.csv,train/driving_B_2020.02.27_17.30.15.csv#block-002@time-533.000s,block-002,533.000,-114.8953,-114.90,-114.90,0.0000,0.0500,4.666542
3134,longdress,driving_B_2019.12.17_07.32.39.csv,train/driving_B_2019.12.17_07.32.39.csv#block-000@time-720.000s,block-000,720.000,29.1754,29.18,29.18,0.0000,0.0500,4.759976
3135,loot,driving_B_2020.01.16_09.56.56.csv,train/driving_B_2020.01.16_09.56.56.csv#block-001@time-1239.000s,block-001,1239.000,38.0502,38.05,38.05,0.0000,0.0500,4.766610
3136,redandblack,driving_B_2020.01.16_09.56.56.csv,train/driving_B_2020.01.16_09.56.56.csv#block-001@time-1059.000s,block-001,1059.000,29.6571,29.66,29.66,0.0000,0.0500,5.042567
3137,soldier,driving_B_2019.12.17_07.32.39.csv,train/driving_B_2019.12.17_07.32.39.csv#block-000@time-1020.000s,block-000,1020.000,-3.8971,-3.90,-3.90,0.0000,0.0500,5.092413
3138,longdress,static_B_2020.02.14_13.21.26.csv,train/static_B_2020.02.14_13.21.26.csv#block-000@time-420.000s,block-000,420.000,85.9195,85.92,85.92,0.0000,0.0500,4.810976
3139,loot,driving_B_2020.01.16_12.10.03.csv,train/driving_B_2020.01.16_12.10.03.csv#block-000@time-60.000s,block-000,60.000,55.5742,55.57,55.57,0.0000,0.0500,4.669630
3140,redandblack,driving_B_2020.02.14_12.58.17.csv,train/driving_B_2020.02.14_12.58.17.csv#block-002@time-536.000s,block-002,536.000,-41.6034,-41.60,-41.60,0.0000,0.0500,5.151875
3141,soldier,driving_B_2020.01.16_12.10.03.csv,train/driving_B_2020.01.16_12.10.03.csv#block-000@time-60.000s,block-000,60.000,55.6934,55.69,55.69,0.0000,0.0500,4.546799
3142,longdress,static_B_2020.02.14_13.21.26.csv,train/static_B_2020.02.14_13.21.26.csv#block-000@time-780.000s,block-000,780.000,85.9029,85.90,85.90,0.0000,0.0500,4.939158
3143,loot,driving_B_2020.02.13_15.02.01.csv,train/driving_B_2020.02.13_15.02.01.csv#block-000@time-1080.000s,block-000,1080.000,-46.9963,-47.00,-47.00,0.0000,0.0500,4.979785
3144,redandblack,driving_B_2020.02.27_17.30.15.csv,train/driving_B_2020.02.27_17.30.15.csv#block-002@time-473.000s,block-002,473.000,-71.0935,-71.09,-71.09,0.0000,0.0500,4.898803
3145,soldier,driving_B_2020.01.16_07.26.43.csv,train/driving_B_2020.01.16_07.26.43.csv#block-000@time-1260.000s,block-000,1260.000,21.6274,21.63,21.63,0.0000,0.0500,5.022225
3146,longdress,static_B_2019.12.16_13.40.04.csv,train/static_B_2019.12.16_13.40.04.csv#block-005@time-1886.000s,block-005,1886.000,63.1882,63.19,63.19,0.0000,0.0500,4.964870
3147,loot,driving_B_2020.01.16_09.56.56.csv,train/driving_B_2020.01.16_09.56.56.csv#block-001@time-1659.000s,block-001,1659.000,82.6296,82.63,82.63,1.6766,0.0500,4.801159
3148,redandblack,static_B_2019.12.16_13.40.04.csv,train/static_B_2019.12.16_13.40.04.csv#block-000@time-0.000s,block-000,0.000,76.5525,76.55,76.55,0.0000,0.0500,4.034341
3149,soldier,driving_B_2020.02.14_12.58.17.csv,train/driving_B_2020.02.14_12.58.17.csv#block-002@time-536.000s,block-002,536.000,-25.5557,-25.56,-25.56,0.0000,0.0500,4.904863
3150,longdress,driving_B_2020.02.13_15.02.01.csv,train/driving_B_2020.02.13_15.02.01.csv#block-000@time-1620.000s,block-000,1620.000,27.9786,27.98,27.98,0.0000,0.0500,4.674868
3151,loot,static_B_2020.02.27_18.39.27.csv,train/static_B_2020.02.27_18.39.27.csv#block-001@time-5652.000s,block-001,5652.000,81.8762,81.88,81.88,0.0000,0.0500,4.851481
3152,redandblack,driving_B_2020.01.16_12.10.03.csv,train/driving_B_2020.01.16_12.10.03.csv#block-000@time-120.000s,block-000,120.000,88.7195,88.72,88.72,0.8378,0.0500,4.918922
3153,soldier,driving_B_2020.01.16_07.26.43.csv,train/driving_B_2020.01.16_07.26.43.csv#block-000@time-1200.000s,block-000,1200.000,46.9034,46.90,46.90,0.0000,0.0500,4.737980
3154,longdress,driving_B_2020.01.16_09.56.56.csv,train/driving_B_2020.01.16_09.56.56.csv#block-001@time-879.000s,block-001,879.000,69.3152,69.32,69.32,0.0000,0.0500,5.001842
3155,loot,driving_B_2020.02.14_09.38.22.csv,train/driving_B_2020.02.14_09.38.22.csv#block-000@time-1380.000s,block-000,1380.000,21.9678,21.97,21.97,0.0000,0.0500,4.941096
3156,redandblack,driving_B_2020.01.16_09.56.56.csv,train/driving_B_2020.01.16_09.56.56.csv#block-001@time-819.000s,block-001,819.000,50.2001,50.20,50.20,0.0000,0.0500,5.298121
3157,soldier,static_B_2020.02.14_13.21.26.csv,train/static_B_2020.02.14_13.21.26.csv#block-000@time-720.000s,block-000,720.000,78.0041,78.00,78.00,0.0000,0.0500,4.960928
3158,longdress,driving_B_2019.12.16_12.27.05.csv,train/driving_B_2019.12.16_12.27.05.csv#block-000@time-1020.000s,block-000,1020.000,77.3204,77.32,77.32,0.0000,0.0500,4.792444
3159,loot,static_B_2020.02.27_18.39.27.csv,train/static_B_2020.02.27_18.39.27.csv#block-001@time-6432.000s,block-001,6432.000,87.0281,87.03,87.03,0.0000,0.0500,4.743982
3160,redandblack,driving_B_2020.02.13_15.02.01.csv,train/driving_B_2020.02.13_15.02.01.csv#block-000@time-480.000s,block-000,480.000,79.7665,79.77,79.77,0.4062,0.0500,4.687656
3161,soldier,driving_B_2020.02.13_15.02.01.csv,train/driving_B_2020.02.13_15.02.01.csv#block-000@time-1800.000s,block-000,1800.000,-27.9314,-27.93,-27.93,0.0000,0.0500,4.464240
3162,longdress,driving_B_2020.02.13_15.02.01.csv,train/driving_B_2020.02.13_15.02.01.csv#block-000@time-1440.000s,block-000,1440.000,-21.7521,-21.75,-21.75,0.0000,0.0500,4.826004
3163,loot,static_B_2020.02.14_13.21.26.csv,train/static_B_2020.02.14_13.21.26.csv#block-000@time-300.000s,block-000,300.000,53.7164,53.72,53.72,0.0000,0.0500,4.799580
3164,redandblack,driving_B_2020.01.16_09.56.56.csv,train/driving_B_2020.01.16_09.56.56.csv#block-001@time-759.000s,block-001,759.000,23.1415,23.14,23.14,0.0000,0.0500,4.607605
3165,soldier,driving_B_2020.02.27_17.30.15.csv,train/driving_B_2020.02.27_17.30.15.csv#block-002@time-473.000s,block-002,473.000,-204.9968,-205.00,-205.00,0.0000,0.0500,4.818617
3166,longdress,driving_B_2020.02.27_17.30.15.csv,train/driving_B_2020.02.27_17.30.15.csv#block-002@time-473.000s,block-002,473.000,-308.1603,-308.16,-308.16,0.0000,0.0500,5.038674
3167,loot,driving_B_2019.12.17_07.32.39.csv,train/driving_B_2019.12.17_07.32.39.csv#block-003@time-1834.000s,block-003,1834.000,2.8733,2.87,2.87,0.0000,0.0500,5.039201
3168,redandblack,static_B_2020.02.14_13.21.26.csv,train/static_B_2020.02.14_13.21.26.csv#block-000@time-180.000s,block-000,180.000,78.2861,78.29,78.29,0.0000,0.0500,5.398451
3169,soldier,driving_B_2020.02.14_09.38.22.csv,train/driving_B_2020.02.14_09.38.22.csv#block-000@time-1560.000s,block-000,1560.000,23.1940,23.19,23.19,0.0000,0.0500,5.156909
3170,longdress,static_B_2019.12.16_13.40.04.csv,train/static_B_2019.12.16_13.40.04.csv#block-001@time-1135.000s,block-001,1135.000,60.9340,60.93,60.93,0.0000,0.0500,4.600868
3171,loot,driving_B_2020.02.13_15.02.01.csv,train/driving_B_2020.02.13_15.02.01.csv#block-000@time-840.000s,block-000,840.000,35.0413,35.04,35.04,0.0000,0.0500,5.265371
3172,redandblack,driving_B_2020.02.13_13.03.24.csv,train/driving_B_2020.02.13_13.03.24.csv#block-001@time-974.000s,block-001,974.000,21.0249,21.02,21.02,0.0000,0.0500,4.968166
3173,soldier,driving_B_2020.02.14_09.38.22.csv,train/driving_B_2020.02.14_09.38.22.csv#block-000@time-780.000s,block-000,780.000,58.8827,58.88,58.88,0.0000,0.0500,5.360090
3174,longdress,driving_B_2020.01.16_07.26.43.csv,train/driving_B_2020.01.16_07.26.43.csv#block-000@time-0.000s,block-000,0.000,21.0485,21.05,21.05,0.0000,0.0500,5.011879
3175,loot,driving_B_2020.01.16_12.10.03.csv,train/driving_B_2020.01.16_12.10.03.csv#block-000@time-300.000s,block-000,300.000,36.1004,36.10,36.10,0.0000,0.0500,4.947749
3176,redandblack,driving_B_2020.02.27_17.30.15.csv,train/driving_B_2020.02.27_17.30.15.csv#block-002@time-293.000s,block-002,293.000,-21.4882,-21.49,-21.49,0.0000,0.0500,4.802181
3177,soldier,driving_B_2020.01.16_12.10.03.csv,train/driving_B_2020.01.16_12.10.03.csv#block-000@time-180.000s,block-000,180.000,79.5343,79.53,79.53,0.0000,0.0500,4.717592
3178,longdress,driving_B_2019.12.17_07.32.39.csv,train/driving_B_2019.12.17_07.32.39.csv#block-000@time-240.000s,block-000,240.000,26.5001,26.50,26.50,0.0000,0.0500,4.596878
3179,loot,driving_B_2020.02.13_15.02.01.csv,train/driving_B_2020.02.13_15.02.01.csv#block-000@time-0.000s,block-000,0.000,85.3704,85.37,85.37,0.0000,0.0500,4.683264
3180,redandblack,driving_B_2019.12.17_07.32.39.csv,train/driving_B_2019.12.17_07.32.39.csv#block-000@time-0.000s,block-000,0.000,32.8828,32.88,32.88,0.0000,0.0500,4.763729
3181,soldier,driving_B_2020.01.16_07.26.43.csv,train/driving_B_2020.01.16_07.26.43.csv#block-000@time-780.000s,block-000,780.000,19.8766,19.88,19.88,0.0000,0.0500,5.096654
3182,longdress,driving_B_2020.02.14_09.38.22.csv,train/driving_B_2020.02.14_09.38.22.csv#block-000@time-60.000s,block-000,60.000,21.7650,21.77,21.77,0.0000,0.0500,4.449048
3183,loot,driving_B_2020.01.16_12.10.03.csv,train/driving_B_2020.01.16_12.10.03.csv#block-000@time-360.000s,block-000,360.000,69.5821,69.58,69.58,0.0366,0.0500,4.638869
3184,redandblack,driving_B_2020.02.14_12.58.17.csv,train/driving_B_2020.02.14_12.58.17.csv#block-002@time-536.000s,block-002,536.000,-109.4165,-109.42,-109.42,0.0000,0.0500,5.188873
3185,soldier,static_B_2020.02.14_13.21.26.csv,train/static_B_2020.02.14_13.21.26.csv#block-000@time-660.000s,block-000,660.000,76.7152,76.72,76.72,0.0702,0.0500,4.573706
3186,longdress,driving_B_2019.12.16_12.27.05.csv,train/driving_B_2019.12.16_12.27.05.csv#block-000@time-60.000s,block-000,60.000,18.9392,18.94,18.94,0.4071,0.0500,4.311349
3187,loot,static_B_2020.02.27_18.39.27.csv,train/static_B_2020.02.27_18.39.27.csv#block-001@time-2112.000s,block-001,2112.000,16.1367,16.14,16.14,0.0000,0.0500,4.454635
3188,redandblack,driving_B_2020.02.13_13.03.24.csv,train/driving_B_2020.02.13_13.03.24.csv#block-000@time-360.000s,block-000,360.000,9.4957,9.50,9.50,0.0000,0.0500,4.717858
3189,soldier,driving_B_2020.01.16_12.10.03.csv,train/driving_B_2020.01.16_12.10.03.csv#block-000@time-240.000s,block-000,240.000,87.8070,87.81,87.81,0.0356,0.0500,5.044163
3190,longdress,static_B_2020.02.14_13.21.26.csv,train/static_B_2020.02.14_13.21.26.csv#block-000@time-180.000s,block-000,180.000,74.6130,74.61,74.61,0.0000,0.0500,5.232811
3191,loot,driving_B_2020.01.16_07.26.43.csv,train/driving_B_2020.01.16_07.26.43.csv#block-000@time-1620.000s,block-000,1620.000,31.0483,31.05,31.05,0.0000,0.0500,5.063032
3192,redandblack,driving_B_2020.02.13_13.03.24.csv,train/driving_B_2020.02.13_13.03.24.csv#block-000@time-240.000s,block-000,240.000,24.6456,24.65,24.65,0.0000,0.0500,5.048581
3193,soldier,static_B_2020.02.14_13.21.26.csv,train/static_B_2020.02.14_13.21.26.csv#block-000@time-600.000s,block-000,600.000,79.7897,79.79,79.79,0.5735,0.0500,4.933899
3194,longdress,driving_B_2020.01.16_07.26.43.csv,train/driving_B_2020.01.16_07.26.43.csv#block-000@time-480.000s,block-000,480.000,27.5543,27.55,27.55,0.0000,0.0500,4.672307
3195,loot,driving_B_2020.01.16_09.56.56.csv,train/driving_B_2020.01.16_09.56.56.csv#block-001@time-999.000s,block-001,999.000,-13.7538,-13.75,-13.75,0.0000,0.0500,5.029644
3196,redandblack,driving_B_2020.02.27_17.30.15.csv,train/driving_B_2020.02.27_17.30.15.csv#block-002@time-353.000s,block-002,353.000,-33.7037,-33.70,-33.70,0.0000,0.0500,5.356390
3197,soldier,driving_B_2020.02.14_09.38.22.csv,train/driving_B_2020.02.14_09.38.22.csv#block-000@time-420.000s,block-000,420.000,11.1682,11.17,11.17,0.0000,0.0500,4.572495
3198,longdress,driving_B_2020.01.16_12.10.03.csv,train/driving_B_2020.01.16_12.10.03.csv#block-000@time-180.000s,block-000,180.000,79.2244,79.22,79.22,0.0000,0.0500,4.716126
3199,loot,static_B_2019.12.16_13.40.04.csv,train/static_B_2019.12.16_13.40.04.csv#block-005@time-1586.000s,block-005,1586.000,42.6296,42.63,42.63,0.0000,0.0500,5.039665
3200,redandblack,driving_B_2020.01.16_12.10.03.csv,train/driving_B_2020.01.16_12.10.03.csv#block-000@time-360.000s,block-000,360.000,73.2526,73.25,73.25,0.0000,0.0500,4.820018
