# C:\Users\Nima\AppData\Local\Programs\Python\Python313\python.exe -u C:\Users\Nima\PointCloudStreaming\scripts\train_dqn.py --out C:\Users\Nima\PointCloudStreaming\logs/train_runs/qoe_v2_wide\sweep\confirm\trial_001_s43\abr_dqn.pkl --run-dir C:\Users\Nima\PointCloudStreaming\logs/train_runs/qoe_v2_wide\sweep\confirm\trial_001_s43 --batch-size 64 --coverage-stride 60 --early-stop-patience 3 --epochs 8 --eps-decay-frac 0.5 --eval-every 400 --eval-offsets 3 --eval-seeds 42,43,44 --eval-sequences longdress,loot,redandblack,soldier --gamma 1.0 --hidden 256 --lam 1.0 --lr 0.0003 --mu 4.3 --protocol configs/experiment_protocol.json --reward-spec {"rebuffer_weight": 2.0, "startup_weight": 1.0, "drop_weight": null} --seed 43 --segment-frames 5 --select-by qoe_quality --target-update 6000 --torch-threads 2 --lstm C:\Users\Nima\PointCloudStreaming\models/bandwidth_lstm_s5.pkl
==========================================================================================
🤖 DQN ABR training
   sequences: ['longdress', 'loot', 'redandblack', 'soldier'] | validation sequences: ['longdress', 'loot', 'redandblack', 'soldier']
   protocol: 4071599372abeb61 | train files: 13 | validation files: 4 | registered test files: 4 (NOT evaluated) | frames/episode: 300
   coverage stride: 60 samples -> 417 episodes/epoch x 8 epochs = 3336 episodes (~200160 env steps)
   segment: 5 frames/request (60 decisions/episode) | validation offsets/trace: 3 | validation seeds: [42, 43, 44]
   state_dim: 23 | actions: 6 | feature_spec: ['lstm_pred', 'buffer', 'last_rep_onehot', 'tput_last', 'tput_mean', 'tput_std', 'rep_bitrates', 'rep_densities']
   PyTorch CPU threads/trial: 2
   LSTM: models\bandwidth_lstm_s5.pkl
   reward = QoE: (100/N)*sum(q[fixed_log_bitrate]) - 4.3*stall_duration - 2.0*rebuffer_events - 1.0*sum|delta_segment_q| - (100/N)*dropped_frames - 1.0*startup_delay  (gamma=1.0, lr=0.0003, no learner-side scaling)
   select-by: qoe_quality | out: C:\Users\Nima\PointCloudStreaming\logs/train_runs/qoe_v2_wide\sweep\confirm\trial_001_s43\abr_dqn.pkl | run-dir: C:\Users\Nima\PointCloudStreaming\logs/train_runs/qoe_v2_wide\sweep\confirm\trial_001_s43
==========================================================================================
[validation @ ep 0] untrained: reward=QoE=-4582.82
[ep    1] longdress    driving_B_2020.01.16_07.26.43.csv@1594  reward=QoE= -163.88 eps=0.999 loss=0.0000
[ep    2] loot         static_B_2020.02.14_13.21.26.csv@494   reward=QoE=   28.79 eps=0.999 loss=1.5976
[ep    3] redandblack  static_B_2019.12.16_13.40.04.csv@301   reward=QoE=  -14.41 eps=0.998 loss=0.9946
[ep    4] soldier      driving_B_2020.02.14_09.38.22.csv@324   reward=QoE= -279.03 eps=0.998 loss=1.1524
[ep    5] longdress    driving_B_2020.02.13_13.03.24.csv@1747  reward=QoE=  -13.10 eps=0.997 loss=1.2254
[ep    6] loot         driving_B_2020.01.16_09.56.56.csv@104   reward=QoE= -106.42 eps=0.997 loss=1.3616
[ep    7] redandblack  static_B_2020.02.14_13.21.26.csv@314   reward=QoE=   31.37 eps=0.996 loss=1.1458
[ep    8] soldier      static_B_2020.02.14_13.21.26.csv@194   reward=QoE=   31.99 eps=0.995 loss=1.0458
[ep    9] longdress    driving_B_2020.01.16_12.10.03.csv@244   reward=QoE=   34.47 eps=0.995 loss=0.9350
[ep   10] loot         static_B_2020.02.27_18.39.27.csv@5707  reward=QoE=   40.08 eps=0.994 loss=0.7951
[ep   11] redandblack  static_B_2020.02.27_18.39.27.csv@3367  reward=QoE=   42.83 eps=0.994 loss=0.6869
[ep   12] soldier      driving_B_2020.02.13_13.03.24.csv@2188  reward=QoE= -522.04 eps=0.993 loss=0.8719
[ep   13] longdress    driving_B_2019.12.16_12.27.05.csv@686   reward=QoE=  -49.43 eps=0.993 loss=1.2423
[ep   14] loot         driving_B_2019.12.16_12.27.05.csv@1106  reward=QoE=  -42.19 eps=0.992 loss=1.0869
[ep   15] redandblack  driving_B_2020.01.16_07.26.43.csv@1770  reward=QoE= -117.28 eps=0.991 loss=1.0701
[ep   16] soldier      driving_B_2020.02.13_15.02.01.csv@1571  reward=QoE= -536.57 eps=0.991 loss=1.3310
[ep   17] longdress    driving_B_2019.12.17_07.32.39.csv@153   reward=QoE=  -80.23 eps=0.990 loss=1.5048
[ep   18] loot         driving_B_2020.02.13_13.03.24.csv@247   reward=QoE=  -43.18 eps=0.990 loss=1.3391
[ep   19] redandblack  static_B_2020.02.27_18.39.27.csv@1627  reward=QoE=   19.01 eps=0.989 loss=1.2811
[ep   20] soldier      driving_B_2019.12.16_12.27.05.csv@746   reward=QoE=    5.83 eps=0.989 loss=1.2291
[ep   21] longdress    driving_B_2019.12.16_12.27.05.csv@986   reward=QoE=   33.12 eps=0.988 loss=1.0850
[ep   22] loot         driving_B_2020.02.13_15.02.01.csv@851   reward=QoE=  -32.13 eps=0.987 loss=1.3017
[ep   23] redandblack  static_B_2020.02.27_18.39.27.csv@5742  reward=QoE=   26.98 eps=0.987 loss=1.0195
[ep   24] soldier      driving_B_2020.02.14_09.38.22.csv@24    reward=QoE= -158.81 eps=0.986 loss=0.9682
[ep   25] longdress    driving_B_2020.02.13_15.02.01.csv@1751  reward=QoE=    9.91 eps=0.986 loss=0.9956
[ep   26] loot         driving_B_2020.02.14_09.38.22.csv@84    reward=QoE=  -80.12 eps=0.985 loss=1.2260
[ep   27] redandblack  driving_B_2019.12.17_07.32.39.csv@2288  reward=QoE=   28.49 eps=0.985 loss=1.0662
[ep   28] soldier      static_B_2020.02.27_18.39.27.csv@5227  reward=QoE=  -30.44 eps=0.984 loss=0.8636
[ep   29] longdress    driving_B_2020.01.16_09.56.56.csv@704   reward=QoE=   27.91 eps=0.983 loss=1.0687
[ep   30] loot         driving_B_2020.02.13_15.02.01.csv@2171  reward=QoE=   20.24 eps=0.983 loss=0.8750
[ep   31] redandblack  driving_B_2020.01.16_09.56.56.csv@1064  reward=QoE=  -14.37 eps=0.982 loss=0.9530
[ep   32] soldier      static_B_2020.02.27_18.39.27.csv@1267  reward=QoE=   29.92 eps=0.982 loss=0.8781
[ep   33] longdress    driving_B_2020.02.13_13.03.24.csv@367   reward=QoE= -114.90 eps=0.981 loss=0.9023
[ep   34] loot         static_B_2020.02.27_18.39.27.csv@3907  reward=QoE=   36.59 eps=0.981 loss=0.8437
[ep   35] redandblack  static_B_2020.02.27_18.39.27.csv@4027  reward=QoE=   12.12 eps=0.980 loss=0.8043
[ep   36] soldier      driving_B_2020.02.13_13.03.24.csv@487   reward=QoE= -149.13 eps=0.980 loss=0.8870
[ep   37] longdress    driving_B_2019.12.17_07.32.39.csv@813   reward=QoE= -140.83 eps=0.979 loss=0.7908
[ep   38] loot         driving_B_2020.02.13_15.02.01.csv@971   reward=QoE=  -84.85 eps=0.978 loss=0.8330
[ep   39] redandblack  driving_B_2020.02.14_09.38.22.csv@1478  reward=QoE=  -55.78 eps=0.978 loss=0.8098
[ep   40] soldier      driving_B_2020.02.13_15.02.01.csv@371   reward=QoE=   39.72 eps=0.977 loss=0.8615
[ep   41] longdress    driving_B_2020.01.16_09.56.56.csv@884   reward=QoE=  -89.83 eps=0.977 loss=0.8096
[ep   42] loot         driving_B_2020.02.13_15.02.01.csv@2711  reward=QoE=  -91.52 eps=0.976 loss=0.8221
[ep   43] redandblack  driving_B_2020.02.13_13.03.24.csv@187   reward=QoE= -111.33 eps=0.976 loss=0.8416
[ep   44] soldier      driving_B_2020.01.16_07.26.43.csv@274   reward=QoE=  -49.24 eps=0.975 loss=0.8237
[ep   45] longdress    static_B_2020.02.14_13.21.26.csv@254   reward=QoE=   23.78 eps=0.974 loss=0.9077
[ep   46] loot         driving_B_2019.12.17_07.32.39.csv@1593  reward=QoE=   -6.60 eps=0.974 loss=0.7261
[ep   47] redandblack  driving_B_2019.12.17_07.32.39.csv@393   reward=QoE=   28.27 eps=0.973 loss=0.7313
[ep   48] soldier      static_B_2019.12.16_13.40.04.csv@1381  reward=QoE= -121.17 eps=0.973 loss=0.8230
[ep   49] longdress    driving_B_2019.12.17_07.32.39.csv@933   reward=QoE= -197.04 eps=0.972 loss=0.7351
[ep   50] loot         driving_B_2019.12.17_07.32.39.csv@2288  reward=QoE=   35.17 eps=0.972 loss=0.7303
[ep   51] redandblack  static_B_2019.12.16_13.40.04.csv@361   reward=QoE=   -1.23 eps=0.971 loss=0.7870
[ep   52] soldier      driving_B_2020.01.16_07.26.43.csv@814   reward=QoE=   -2.50 eps=0.970 loss=0.7850
[ep   53] longdress    driving_B_2020.01.16_07.26.43.csv@1714  reward=QoE=  -87.60 eps=0.970 loss=0.6180
[ep   54] loot         static_B_2020.02.27_18.39.27.csv@2527  reward=QoE=   26.46 eps=0.969 loss=0.7986
[ep   55] redandblack  driving_B_2019.12.17_07.32.39.csv@1773  reward=QoE=  -79.97 eps=0.969 loss=0.7258
[ep   56] soldier      driving_B_2020.02.27_17.30.15.csv@618   reward=QoE= -364.54 eps=0.968 loss=0.7446
[ep   57] longdress    static_B_2020.02.27_18.39.27.csv@1087  reward=QoE=  -46.73 eps=0.968 loss=0.8341
[ep   58] loot         driving_B_2020.02.14_12.58.17.csv@314   reward=QoE= -297.93 eps=0.967 loss=0.9659
[ep   59] redandblack  static_B_2020.02.27_18.39.27.csv@4327  reward=QoE=   28.84 eps=0.966 loss=0.8004
[ep   60] soldier      driving_B_2019.12.17_07.32.39.csv@1533  reward=QoE=  -54.74 eps=0.966 loss=0.7681
[ep   61] longdress    driving_B_2019.12.17_07.32.39.csv@1953  reward=QoE=  -23.44 eps=0.965 loss=0.8517
[ep   62] loot         driving_B_2020.01.16_09.56.56.csv@584   reward=QoE=   21.52 eps=0.965 loss=0.8367
[ep   63] redandblack  static_B_2020.02.27_18.39.27.csv@3187  reward=QoE=  -46.64 eps=0.964 loss=0.8793
[ep   64] soldier      driving_B_2020.02.13_13.03.24.csv@1807  reward=QoE= -833.31 eps=0.964 loss=1.0322
[ep   65] longdress    driving_B_2019.12.16_12.27.05.csv@326   reward=QoE=  -85.69 eps=0.963 loss=0.9661
[ep   66] loot         driving_B_2020.01.16_09.56.56.csv@1424  reward=QoE=   17.32 eps=0.962 loss=0.9864
[ep   67] redandblack  static_B_2020.02.27_18.39.27.csv@127   reward=QoE=   25.29 eps=0.962 loss=0.9755
[ep   68] soldier      driving_B_2020.01.16_09.56.56.csv@764   reward=QoE=  -13.32 eps=0.961 loss=0.8674
[ep   69] longdress    driving_B_2020.02.14_09.38.22.csv@444   reward=QoE=  -32.94 eps=0.961 loss=0.8475
[ep   70] loot         driving_B_2020.02.13_15.02.01.csv@911   reward=QoE=   24.91 eps=0.960 loss=1.0639
[ep   71] redandblack  static_B_2020.02.27_18.39.27.csv@3307  reward=QoE=   29.97 eps=0.960 loss=0.9870
[ep   72] soldier      driving_B_2019.12.16_12.27.05.csv@866   reward=QoE=   26.80 eps=0.959 loss=0.9757
[ep   73] longdress    driving_B_2020.02.13_15.02.01.csv@1871  reward=QoE=  -67.12 eps=0.958 loss=0.7613
[ep   74] loot         static_B_2020.02.27_18.39.27.csv@2887  reward=QoE=   34.77 eps=0.958 loss=1.0442
[ep   75] redandblack  driving_B_2020.02.13_13.03.24.csv@1147  reward=QoE= -106.46 eps=0.957 loss=0.7798
[ep   76] soldier      static_B_2019.12.16_13.40.04.csv@1861  reward=QoE= -301.77 eps=0.957 loss=0.9271
[ep   77] longdress    static_B_2020.02.27_18.39.27.csv@3247  reward=QoE=   28.31 eps=0.956 loss=0.9631
[ep   78] loot         static_B_2020.02.14_13.21.26.csv@14    reward=QoE=   15.03 eps=0.956 loss=1.1563
[ep   79] redandblack  driving_B_2020.02.13_15.02.01.csv@1631  reward=QoE= -180.13 eps=0.955 loss=0.8836
[ep   80] soldier      static_B_2020.02.27_18.39.27.csv@1327  reward=QoE=   32.30 eps=0.954 loss=0.9554
[ep   81] longdress    driving_B_2020.02.13_13.03.24.csv@1987  reward=QoE= -310.56 eps=0.954 loss=1.0705
[ep   82] loot         static_B_2020.02.27_18.39.27.csv@367   reward=QoE=   42.00 eps=0.953 loss=0.8329
[ep   83] redandblack  driving_B_2020.02.13_15.02.01.csv@11    reward=QoE=   33.58 eps=0.953 loss=1.1091
[ep   84] soldier      driving_B_2020.02.13_15.02.01.csv@1811  reward=QoE=   21.03 eps=0.952 loss=0.9559
[ep   85] longdress    static_B_2020.02.27_18.39.27.csv@4567  reward=QoE=    9.68 eps=0.952 loss=0.8853
[ep   86] loot         driving_B_2020.02.14_09.38.22.csv@204   reward=QoE= -173.36 eps=0.951 loss=0.9025
[ep   87] redandblack  driving_B_2020.02.13_13.03.24.csv@1507  reward=QoE=  -75.18 eps=0.950 loss=0.9707
[ep   88] soldier      driving_B_2020.02.14_12.58.17.csv@800   reward=QoE= -193.85 eps=0.950 loss=0.9030
[ep   89] longdress    driving_B_2019.12.16_12.27.05.csv@926   reward=QoE=   -8.80 eps=0.949 loss=0.8588
[ep   90] loot         static_B_2020.02.27_18.39.27.csv@1387  reward=QoE=   30.07 eps=0.949 loss=0.8383
[ep   91] redandblack  driving_B_2019.12.17_07.32.39.csv@1113  reward=QoE=   34.03 eps=0.948 loss=0.8481
[ep   92] soldier      driving_B_2019.12.16_12.27.05.csv@566   reward=QoE= -230.32 eps=0.948 loss=0.8954
[ep   93] longdress    static_B_2020.02.27_18.39.27.csv@2227  reward=QoE=   32.13 eps=0.947 loss=0.9873
[ep   94] loot         static_B_2020.02.27_18.39.27.csv@847   reward=QoE=   30.61 eps=0.946 loss=0.9506
[ep   95] redandblack  driving_B_2020.01.16_07.26.43.csv@34    reward=QoE=  -37.60 eps=0.946 loss=0.7914
[ep   96] soldier      driving_B_2020.02.13_15.02.01.csv@2591  reward=QoE=   30.41 eps=0.945 loss=0.8706
[ep   97] longdress    static_B_2020.02.27_18.39.27.csv@4927  reward=QoE=   35.19 eps=0.945 loss=0.8253
[ep   98] loot         driving_B_2020.01.16_09.56.56.csv@824   reward=QoE=  -60.05 eps=0.944 loss=0.8764
[ep   99] redandblack  driving_B_2020.02.13_13.03.24.csv@847   reward=QoE= -108.51 eps=0.944 loss=0.8384
[ep  100] soldier      driving_B_2020.02.27_17.30.15.csv@720   reward=QoE= -391.05 eps=0.943 loss=0.9138
[ep  101] longdress    driving_B_2020.01.16_12.10.03.csv@55    reward=QoE=   39.10 eps=0.942 loss=0.7899
[ep  102] loot         static_B_2020.02.27_18.39.27.csv@5047  reward=QoE=   12.66 eps=0.942 loss=0.9751
[ep  103] redandblack  driving_B_2020.02.14_09.38.22.csv@264   reward=QoE= -171.37 eps=0.941 loss=0.8034
[ep  104] soldier      driving_B_2020.02.14_09.38.22.csv@1464  reward=QoE=  -85.47 eps=0.941 loss=0.9902
[ep  105] longdress    static_B_2019.12.16_13.40.04.csv@1501  reward=QoE=   28.16 eps=0.940 loss=0.9163
[ep  106] loot         driving_B_2020.02.14_12.58.17.csv@794   reward=QoE=  -86.33 eps=0.940 loss=0.8813
[ep  107] redandblack  driving_B_2019.12.17_07.32.39.csv@33    reward=QoE=   -3.76 eps=0.939 loss=0.9743
[ep  108] soldier      static_B_2019.12.16_13.40.04.csv@721   reward=QoE=   38.76 eps=0.938 loss=0.9633
[ep  109] longdress    driving_B_2019.12.16_12.27.05.csv@386   reward=QoE= -182.08 eps=0.938 loss=0.9668
[ep  110] loot         driving_B_2020.01.16_07.26.43.csv@874   reward=QoE=  -81.14 eps=0.937 loss=0.9241
[ep  111] redandblack  static_B_2019.12.16_13.40.04.csv@181   reward=QoE=   41.48 eps=0.937 loss=0.8396
[ep  112] soldier      driving_B_2019.12.16_12.27.05.csv@26    reward=QoE=  -57.13 eps=0.936 loss=0.8573
[ep  113] longdress    driving_B_2020.02.13_15.02.01.csv@311   reward=QoE=   39.14 eps=0.936 loss=0.8779
[ep  114] loot         driving_B_2020.02.14_09.38.22.csv@984   reward=QoE= -108.96 eps=0.935 loss=1.0831
[ep  115] redandblack  static_B_2019.12.16_13.40.04.csv@481   reward=QoE=  -39.78 eps=0.935 loss=1.0005
[ep  116] soldier      driving_B_2020.01.16_09.56.56.csv@1184  reward=QoE=    6.99 eps=0.934 loss=1.0455
[ep  117] longdress    driving_B_2020.02.13_15.02.01.csv@251   reward=QoE=   44.50 eps=0.933 loss=0.9982
[ep  118] loot         driving_B_2020.01.16_07.26.43.csv@1770  reward=QoE= -122.17 eps=0.933 loss=0.9177
[ep  119] redandblack  driving_B_2020.01.16_07.26.43.csv@1414  reward=QoE=  -93.94 eps=0.932 loss=0.8663
[ep  120] soldier      driving_B_2020.02.13_15.02.01.csv@2351  reward=QoE= -576.34 eps=0.932 loss=0.9316
[ep  121] longdress    driving_B_2020.01.16_07.26.43.csv@1534  reward=QoE= -307.06 eps=0.931 loss=0.8286
[ep  122] loot         static_B_2020.02.27_18.39.27.csv@2947  reward=QoE=   46.80 eps=0.931 loss=1.0033
[ep  123] redandblack  driving_B_2019.12.17_07.32.39.csv@333   reward=QoE=    0.13 eps=0.930 loss=0.9584
[ep  124] soldier      driving_B_2020.02.14_12.58.17.csv@374   reward=QoE= -652.82 eps=0.929 loss=0.8565
[ep  125] longdress    driving_B_2020.01.16_09.56.56.csv@404   reward=QoE=  -73.91 eps=0.929 loss=1.0534
[ep  126] loot         static_B_2020.02.27_18.39.27.csv@3007  reward=QoE=   36.88 eps=0.928 loss=0.9390
[ep  127] redandblack  static_B_2020.02.14_13.21.26.csv@850   reward=QoE=   15.67 eps=0.928 loss=1.0485
[ep  128] soldier      static_B_2020.02.27_18.39.27.csv@2707  reward=QoE=   26.48 eps=0.927 loss=0.8522
[ep  129] longdress    driving_B_2019.12.17_07.32.39.csv@2253  reward=QoE=   25.39 eps=0.927 loss=0.8680
[ep  130] loot         driving_B_2020.02.14_09.38.22.csv@684   reward=QoE=   22.28 eps=0.926 loss=0.9540
[ep  131] redandblack  driving_B_2020.02.13_15.02.01.csv@2651  reward=QoE=   20.16 eps=0.925 loss=0.8787
[ep  132] soldier      driving_B_2020.01.16_09.56.56.csv@1124  reward=QoE=  -13.52 eps=0.925 loss=0.9784
[ep  133] longdress    static_B_2020.02.27_18.39.27.csv@3727  reward=QoE=   42.44 eps=0.924 loss=0.9708
[ep  134] loot         static_B_2019.12.16_13.40.04.csv@121   reward=QoE=   24.86 eps=0.924 loss=0.8938
[ep  135] redandblack  driving_B_2020.02.13_15.02.01.csv@2291  reward=QoE= -136.36 eps=0.923 loss=0.8985
[ep  136] soldier      static_B_2020.02.27_18.39.27.csv@2467  reward=QoE=   39.45 eps=0.923 loss=1.0234
[ep  137] longdress    driving_B_2020.01.16_09.56.56.csv@944   reward=QoE=  -51.08 eps=0.922 loss=0.9434
[ep  138] loot         static_B_2020.02.27_18.39.27.csv@1147  reward=QoE=   22.71 eps=0.921 loss=0.9361
[ep  139] redandblack  driving_B_2020.01.16_09.56.56.csv@44    reward=QoE=  -33.21 eps=0.921 loss=0.9318
[ep  140] soldier      driving_B_2019.12.16_12.27.05.csv@626   reward=QoE= -214.90 eps=0.920 loss=0.9729
[ep  141] longdress    driving_B_2020.01.16_07.26.43.csv@1654  reward=QoE=  -99.32 eps=0.920 loss=1.0111
[ep  142] loot         static_B_2020.02.27_18.39.27.csv@2407  reward=QoE=    8.20 eps=0.919 loss=0.8839
[ep  143] redandblack  driving_B_2020.02.13_15.02.01.csv@2051  reward=QoE= -126.13 eps=0.919 loss=0.8956
[ep  144] soldier      driving_B_2020.02.27_17.30.15.csv@78    reward=QoE= -504.06 eps=0.918 loss=0.8421
[ep  145] longdress    driving_B_2020.01.16_07.26.43.csv@214   reward=QoE=  -78.61 eps=0.917 loss=1.0592
[ep  146] loot         static_B_2020.02.27_18.39.27.csv@1027  reward=QoE=   20.30 eps=0.917 loss=0.9086
[ep  147] redandblack  driving_B_2020.02.13_15.02.01.csv@2111  reward=QoE=   26.17 eps=0.916 loss=0.9599
[ep  148] soldier      driving_B_2019.12.17_07.32.39.csv@453   reward=QoE=   32.63 eps=0.916 loss=0.9104
[ep  149] longdress    driving_B_2020.01.16_09.56.56.csv@1484  reward=QoE=   34.37 eps=0.915 loss=1.0080
[ep  150] loot         driving_B_2020.01.16_12.10.03.csv@175   reward=QoE=   16.27 eps=0.915 loss=0.8141
[ep  151] redandblack  driving_B_2020.02.13_15.02.01.csv@431   reward=QoE=   27.90 eps=0.914 loss=0.9347
[ep  152] soldier      static_B_2019.12.16_13.40.04.csv@1561  reward=QoE=   42.44 eps=0.913 loss=1.0405
[ep  153] longdress    driving_B_2020.01.16_09.56.56.csv@1244  reward=QoE=  -32.11 eps=0.913 loss=0.8856
[ep  154] loot         driving_B_2020.02.14_09.38.22.csv@1404  reward=QoE=  -53.15 eps=0.912 loss=0.8045
[ep  155] redandblack  static_B_2020.02.27_18.39.27.csv@4867  reward=QoE=   25.71 eps=0.912 loss=0.8312
[ep  156] soldier      driving_B_2020.02.14_09.38.22.csv@744   reward=QoE=  -59.75 eps=0.911 loss=0.7799
[ep  157] longdress    driving_B_2020.01.16_09.56.56.csv@1570  reward=QoE=  -15.29 eps=0.911 loss=1.0703
[ep  158] loot         static_B_2019.12.16_13.40.04.csv@61    reward=QoE=   33.70 eps=0.910 loss=0.9235
[ep  159] redandblack  driving_B_2020.01.16_09.56.56.csv@1364  reward=QoE=   13.16 eps=0.909 loss=0.9756
[ep  160] soldier      driving_B_2020.01.16_07.26.43.csv@694   reward=QoE=  -61.14 eps=0.909 loss=0.9898
[ep  161] longdress    driving_B_2019.12.17_07.32.39.csv@1473  reward=QoE=  -79.49 eps=0.908 loss=0.9413
[ep  162] loot         driving_B_2020.01.16_12.10.03.csv@115   reward=QoE=   35.26 eps=0.908 loss=1.0202
[ep  163] redandblack  driving_B_2020.02.14_09.38.22.csv@384   reward=QoE= -128.41 eps=0.907 loss=0.8709
[ep  164] soldier      driving_B_2020.02.13_15.02.01.csv@1991  reward=QoE=    2.07 eps=0.907 loss=0.8826
[ep  165] longdress    static_B_2019.12.16_13.40.04.csv@1261  reward=QoE=  -63.11 eps=0.906 loss=0.8553
[ep  166] loot         driving_B_2020.02.27_17.30.15.csv@258   reward=QoE= -308.23 eps=0.905 loss=0.8743
[ep  167] redandblack  driving_B_2020.01.16_07.26.43.csv@934   reward=QoE= -130.30 eps=0.905 loss=0.8168
[ep  168] soldier      static_B_2019.12.16_13.40.04.csv@781   reward=QoE=   34.73 eps=0.904 loss=0.8400
[ep  169] longdress    driving_B_2020.01.16_07.26.43.csv@574   reward=QoE= -132.18 eps=0.904 loss=0.7822
[ep  170] loot         driving_B_2020.02.13_13.03.24.csv@1327  reward=QoE=  -60.34 eps=0.903 loss=0.8646
[ep  171] redandblack  driving_B_2020.01.16_07.26.43.csv@154   reward=QoE= -231.40 eps=0.903 loss=0.9281
[ep  172] soldier      driving_B_2020.01.16_09.56.56.csv@164   reward=QoE=   23.41 eps=0.902 loss=0.8865
[ep  173] longdress    static_B_2020.02.27_18.39.27.csv@3427  reward=QoE=   46.55 eps=0.901 loss=0.8909
[ep  174] loot         driving_B_2020.01.16_07.26.43.csv@514   reward=QoE=  -57.40 eps=0.901 loss=0.8054
[ep  175] redandblack  driving_B_2020.01.16_09.56.56.csv@1004  reward=QoE=   48.74 eps=0.900 loss=0.9690
[ep  176] soldier      driving_B_2020.02.14_09.38.22.csv@924   reward=QoE=   24.84 eps=0.900 loss=1.1117
[ep  177] longdress    static_B_2020.02.27_18.39.27.csv@4807  reward=QoE=   33.53 eps=0.899 loss=1.0306
[ep  178] loot         static_B_2020.02.14_13.21.26.csv@134   reward=QoE=   32.68 eps=0.899 loss=0.8549
[ep  179] redandblack  driving_B_2019.12.17_07.32.39.csv@1413  reward=QoE=   -2.33 eps=0.898 loss=0.8351
[ep  180] soldier      static_B_2020.02.27_18.39.27.csv@5527  reward=QoE=   39.21 eps=0.897 loss=1.1555
[ep  181] longdress    driving_B_2020.02.14_09.38.22.csv@144   reward=QoE= -322.49 eps=0.897 loss=0.8528
[ep  182] loot         driving_B_2020.02.13_15.02.01.csv@1271  reward=QoE=    0.40 eps=0.896 loss=0.9689
[ep  183] redandblack  static_B_2020.02.27_18.39.27.csv@3667  reward=QoE=   32.50 eps=0.896 loss=0.9226
[ep  184] soldier      driving_B_2019.12.17_07.32.39.csv@513   reward=QoE= -168.09 eps=0.895 loss=0.8637
[ep  185] longdress    driving_B_2019.12.17_07.32.39.csv@1893  reward=QoE=   32.55 eps=0.895 loss=0.8130
[ep  186] loot         driving_B_2019.12.16_12.27.05.csv@506   reward=QoE= -210.35 eps=0.894 loss=0.8433
[ep  187] redandblack  driving_B_2020.02.13_15.02.01.csv@2754  reward=QoE=  -78.74 eps=0.894 loss=0.8250
[ep  188] soldier      static_B_2020.02.27_18.39.27.csv@3967  reward=QoE=   36.65 eps=0.893 loss=0.8735
[ep  189] longdress    driving_B_2020.02.13_13.03.24.csv@1927  reward=QoE= -361.51 eps=0.892 loss=0.8450
[ep  190] loot         driving_B_2020.02.13_15.02.01.csv@131   reward=QoE=   46.39 eps=0.892 loss=0.8735
[ep  191] redandblack  static_B_2020.02.27_18.39.27.csv@4507  reward=QoE=   36.00 eps=0.891 loss=0.8653
[ep  192] soldier      driving_B_2020.02.13_13.03.24.csv@1447  reward=QoE=  -82.86 eps=0.891 loss=0.9004
[ep  193] longdress    static_B_2020.02.27_18.39.27.csv@4147  reward=QoE=   48.60 eps=0.890 loss=0.9024
[ep  194] loot         driving_B_2020.01.16_07.26.43.csv@1294  reward=QoE=   35.29 eps=0.890 loss=1.0109
[ep  195] redandblack  static_B_2019.12.16_13.40.04.csv@1     reward=QoE=   41.85 eps=0.889 loss=0.8880
[ep  196] soldier      static_B_2020.02.27_18.39.27.csv@3547  reward=QoE=    5.04 eps=0.888 loss=0.8281
[ep  197] longdress    driving_B_2020.02.13_13.03.24.csv@1867  reward=QoE= -541.34 eps=0.888 loss=0.9252
[ep  198] loot         static_B_2020.02.27_18.39.27.csv@4687  reward=QoE=  -25.07 eps=0.887 loss=0.8457
[ep  199] redandblack  driving_B_2019.12.17_07.32.39.csv@1233  reward=QoE=  -29.63 eps=0.887 loss=0.8532
[ep  200] soldier      driving_B_2020.02.14_09.38.22.csv@1344  reward=QoE=   34.09 eps=0.886 loss=0.9267
[ep  201] longdress    static_B_2020.02.27_18.39.27.csv@4267  reward=QoE=   42.51 eps=0.886 loss=0.8148
[ep  202] loot         static_B_2020.02.27_18.39.27.csv@1807  reward=QoE= -206.71 eps=0.885 loss=1.0028
[ep  203] redandblack  driving_B_2020.02.14_09.38.22.csv@1478  reward=QoE=  -60.20 eps=0.884 loss=1.0724
[ep  204] soldier      driving_B_2020.01.16_07.26.43.csv@1054  reward=QoE=   -4.95 eps=0.884 loss=0.9939
[ep  205] longdress    driving_B_2020.02.27_17.30.15.csv@18    reward=QoE= -239.32 eps=0.883 loss=0.9581
[ep  206] loot         driving_B_2019.12.16_12.27.05.csv@806   reward=QoE=   12.43 eps=0.883 loss=1.1431
[ep  207] redandblack  driving_B_2020.02.27_17.30.15.csv@318   reward=QoE= -232.62 eps=0.882 loss=0.9962
[ep  208] soldier      driving_B_2020.02.13_13.03.24.csv@547   reward=QoE= -116.38 eps=0.882 loss=0.9365
[ep  209] longdress    driving_B_2020.01.16_09.56.56.csv@464   reward=QoE=    4.93 eps=0.881 loss=0.9066
[ep  210] loot         static_B_2020.02.27_18.39.27.csv@5287  reward=QoE=   30.12 eps=0.880 loss=1.1636
[ep  211] redandblack  static_B_2020.02.27_18.39.27.csv@427   reward=QoE=   43.14 eps=0.880 loss=0.9752
[ep  212] soldier      static_B_2020.02.27_18.39.27.csv@2827  reward=QoE=   47.52 eps=0.879 loss=0.8940
[ep  213] longdress    static_B_2020.02.27_18.39.27.csv@1567  reward=QoE=    1.26 eps=0.879 loss=0.9958
[ep  214] loot         driving_B_2020.02.27_17.30.15.csv@558   reward=QoE= -130.10 eps=0.878 loss=0.9162
[ep  215] redandblack  static_B_2020.02.27_18.39.27.csv@4207  reward=QoE=   21.60 eps=0.878 loss=0.9516
[ep  216] soldier      driving_B_2019.12.17_07.32.39.csv@1293  reward=QoE=    0.45 eps=0.877 loss=1.1204
[ep  217] longdress    static_B_2019.12.16_13.40.04.csv@1681  reward=QoE=    5.18 eps=0.876 loss=0.8425
[ep  218] loot         static_B_2020.02.27_18.39.27.csv@5407  reward=QoE=   24.67 eps=0.876 loss=0.9428
[ep  219] redandblack  driving_B_2019.12.17_07.32.39.csv@2013  reward=QoE=   34.79 eps=0.875 loss=0.9077
[ep  220] soldier      driving_B_2020.02.13_15.02.01.csv@791   reward=QoE=    3.03 eps=0.875 loss=0.9206
[ep  221] longdress    driving_B_2020.02.13_13.03.24.csv@607   reward=QoE= -123.25 eps=0.874 loss=0.8903
[ep  222] loot         static_B_2020.02.14_13.21.26.csv@554   reward=QoE=   32.54 eps=0.874 loss=0.8670
[ep  223] redandblack  driving_B_2020.01.16_07.26.43.csv@1114  reward=QoE=   14.32 eps=0.873 loss=1.0192
[ep  224] soldier      driving_B_2020.01.16_07.26.43.csv@1474  reward=QoE= -152.15 eps=0.872 loss=0.8912
[ep  225] longdress    driving_B_2020.02.14_12.58.17.csv@494   reward=QoE= -264.17 eps=0.872 loss=1.0046
[ep  226] loot         driving_B_2020.02.13_15.02.01.csv@1391  reward=QoE=  -64.30 eps=0.871 loss=1.1824
[ep  227] redandblack  driving_B_2020.02.14_12.58.17.csv@614   reward=QoE=  -60.68 eps=0.871 loss=0.8162
[ep  228] soldier      static_B_2020.02.27_18.39.27.csv@1927  reward=QoE=   40.62 eps=0.870 loss=0.9574
[ep  229] longdress    driving_B_2019.12.17_07.32.39.csv@1173  reward=QoE=  -58.32 eps=0.870 loss=1.0243
[ep  230] loot         static_B_2019.12.16_13.40.04.csv@1201  reward=QoE=   -4.36 eps=0.869 loss=0.9899
[ep  231] redandblack  driving_B_2019.12.17_07.32.39.csv@2133  reward=QoE= -130.89 eps=0.868 loss=0.9897
[ep  232] soldier      static_B_2020.02.27_18.39.27.csv@547   reward=QoE= -304.74 eps=0.868 loss=1.0316
[ep  233] longdress    static_B_2019.12.16_13.40.04.csv@1021  reward=QoE=    6.52 eps=0.867 loss=0.9120
[ep  234] loot         driving_B_2020.02.13_15.02.01.csv@611   reward=QoE=  -84.33 eps=0.867 loss=0.8925
[ep  235] redandblack  driving_B_2020.02.13_15.02.01.csv@1511  reward=QoE= -145.42 eps=0.866 loss=0.9466
[ep  236] soldier      static_B_2020.02.27_18.39.27.csv@4087  reward=QoE=   35.18 eps=0.866 loss=0.9490
[ep  237] longdress    driving_B_2020.02.13_13.03.24.csv@1207  reward=QoE= -188.86 eps=0.865 loss=0.8680
[ep  238] loot         static_B_2020.02.27_18.39.27.csv@3487  reward=QoE=   38.05 eps=0.864 loss=1.0357
[ep  239] redandblack  static_B_2020.02.27_18.39.27.csv@3607  reward=QoE=   44.38 eps=0.864 loss=0.8247
[ep  240] soldier      static_B_2019.12.16_13.40.04.csv@1441  reward=QoE=   37.41 eps=0.863 loss=1.0536
[ep  241] longdress    static_B_2019.12.16_13.40.04.csv@1801  reward=QoE=   26.88 eps=0.863 loss=1.0147
[ep  242] loot         static_B_2020.02.27_18.39.27.csv@667   reward=QoE=   22.13 eps=0.862 loss=1.1445
[ep  243] redandblack  static_B_2019.12.16_13.40.04.csv@1081  reward=QoE=    8.20 eps=0.862 loss=0.9190
[ep  244] soldier      driving_B_2020.02.14_12.58.17.csv@14    reward=QoE=  -18.66 eps=0.861 loss=0.9292
[ep  245] longdress    driving_B_2020.01.16_09.56.56.csv@644   reward=QoE=   47.42 eps=0.860 loss=0.9130
[ep  246] loot         driving_B_2020.02.14_12.58.17.csv@734   reward=QoE= -246.66 eps=0.860 loss=0.9204
[ep  247] redandblack  driving_B_2020.02.14_09.38.22.csv@1284  reward=QoE=   32.71 eps=0.859 loss=0.8754
[ep  248] soldier      driving_B_2019.12.16_12.27.05.csv@1152  reward=QoE=  -28.49 eps=0.859 loss=0.9624
[ep  249] longdress    driving_B_2019.12.16_12.27.05.csv@86    reward=QoE=  -54.19 eps=0.858 loss=0.9283
[ep  250] loot         static_B_2020.02.27_18.39.27.csv@2347  reward=QoE= -345.57 eps=0.858 loss=0.8608
[ep  251] redandblack  driving_B_2020.02.27_17.30.15.csv@678   reward=QoE= -135.88 eps=0.857 loss=0.9792
[ep  252] soldier      driving_B_2020.02.13_13.03.24.csv@7     reward=QoE=  -87.38 eps=0.856 loss=0.9549
[ep  253] longdress    static_B_2020.02.27_18.39.27.csv@5467  reward=QoE=   46.93 eps=0.856 loss=0.9511
[ep  254] loot         driving_B_2020.01.16_07.26.43.csv@1354  reward=QoE= -104.37 eps=0.855 loss=0.9320
[ep  255] redandblack  static_B_2020.02.14_13.21.26.csv@74    reward=QoE=   25.53 eps=0.855 loss=0.9883
[ep  256] soldier      driving_B_2020.02.13_13.03.24.csv@2167  reward=QoE= -434.35 eps=0.854 loss=1.0886
[ep  257] longdress    static_B_2020.02.27_18.39.27.csv@607   reward=QoE=   29.40 eps=0.854 loss=1.0455
[ep  258] loot         driving_B_2020.02.13_15.02.01.csv@1331  reward=QoE= -224.97 eps=0.853 loss=0.9480
[ep  259] redandblack  driving_B_2020.01.16_09.56.56.csv@1544  reward=QoE=   36.10 eps=0.852 loss=1.0214
[ep  260] soldier      static_B_2019.12.16_13.40.04.csv@841   reward=QoE=   23.39 eps=0.852 loss=0.8313
[ep  261] longdress    driving_B_2020.02.13_13.03.24.csv@67    reward=QoE=  -97.93 eps=0.851 loss=0.9887
[ep  262] loot         driving_B_2020.02.14_09.38.22.csv@1104  reward=QoE=  -81.82 eps=0.851 loss=0.9437
[ep  263] redandblack  driving_B_2020.01.16_07.26.43.csv@634   reward=QoE=  -61.29 eps=0.850 loss=1.0532
[ep  264] soldier      driving_B_2020.02.13_15.02.01.csv@2754  reward=QoE=  -91.93 eps=0.850 loss=0.9301
[ep  265] longdress    static_B_2020.02.14_13.21.26.csv@674   reward=QoE=   42.42 eps=0.849 loss=1.0557
[ep  266] loot         driving_B_2020.02.27_17.30.15.csv@198   reward=QoE= -609.19 eps=0.849 loss=0.9716
[ep  267] redandblack  static_B_2020.02.27_18.39.27.csv@967   reward=QoE=   33.28 eps=0.848 loss=1.0619
[ep  268] soldier      static_B_2019.12.16_13.40.04.csv@1741  reward=QoE=   38.11 eps=0.847 loss=0.9341
[ep  269] longdress    static_B_2020.02.27_18.39.27.csv@2107  reward=QoE=   14.59 eps=0.847 loss=0.9621
[ep  270] loot         static_B_2020.02.27_18.39.27.csv@3847  reward=QoE=   30.06 eps=0.846 loss=0.9147
[ep  271] redandblack  driving_B_2020.01.16_12.10.03.csv@235   reward=QoE=   46.29 eps=0.846 loss=0.9312
[ep  272] soldier      driving_B_2020.02.13_15.02.01.csv@1211  reward=QoE=   14.46 eps=0.845 loss=0.8860
[ep  273] longdress    driving_B_2020.02.27_17.30.15.csv@138   reward=QoE= -753.53 eps=0.845 loss=1.0914
[ep  274] loot         static_B_2019.12.16_13.40.04.csv@241   reward=QoE=   39.82 eps=0.844 loss=0.9954
[ep  275] redandblack  static_B_2020.02.27_18.39.27.csv@1687  reward=QoE=   31.69 eps=0.843 loss=0.9634
[ep  276] soldier      driving_B_2020.01.16_07.26.43.csv@454   reward=QoE= -164.35 eps=0.843 loss=0.8358
[ep  277] longdress    static_B_2020.02.27_18.39.27.csv@487   reward=QoE=   24.68 eps=0.842 loss=0.8768
[ep  278] loot         driving_B_2019.12.17_07.32.39.csv@1353  reward=QoE=   30.18 eps=0.842 loss=1.0149
[ep  279] redandblack  driving_B_2020.02.14_09.38.22.csv@864   reward=QoE=   26.03 eps=0.841 loss=1.1736
[ep  280] soldier      static_B_2020.02.27_18.39.27.csv@3787  reward=QoE=   -3.72 eps=0.841 loss=0.9770
[ep  281] longdress    driving_B_2020.02.13_15.02.01.csv@2231  reward=QoE=   39.77 eps=0.840 loss=1.0397
[ep  282] loot         driving_B_2020.02.14_09.38.22.csv@804   reward=QoE= -160.50 eps=0.839 loss=0.9234
[ep  283] redandblack  static_B_2020.02.14_13.21.26.csv@614   reward=QoE=   28.59 eps=0.839 loss=0.9519
[ep  284] soldier      static_B_2020.02.27_18.39.27.csv@1207  reward=QoE=    0.62 eps=0.838 loss=1.0457
[ep  285] longdress    static_B_2019.12.16_13.40.04.csv@961   reward=QoE=   -7.68 eps=0.838 loss=0.8933
[ep  286] loot         driving_B_2020.01.16_07.26.43.csv@394   reward=QoE=  -70.61 eps=0.837 loss=1.0461
[ep  287] redandblack  driving_B_2020.02.13_13.03.24.csv@127   reward=QoE=  -63.92 eps=0.837 loss=0.9276
[ep  288] soldier      driving_B_2020.02.13_13.03.24.csv@2107  reward=QoE= -552.18 eps=0.836 loss=1.0177
[ep  289] longdress    static_B_2020.02.27_18.39.27.csv@4747  reward=QoE=   34.11 eps=0.835 loss=0.9446
[ep  290] loot         driving_B_2020.02.14_09.38.22.csv@1044  reward=QoE=  -29.45 eps=0.835 loss=1.0962
[ep  291] redandblack  static_B_2019.12.16_13.40.04.csv@661   reward=QoE=   35.92 eps=0.834 loss=0.9053
[ep  292] soldier      driving_B_2020.02.13_13.03.24.csv@1627  reward=QoE= -225.53 eps=0.834 loss=1.0413
[ep  293] longdress    driving_B_2020.02.13_15.02.01.csv@2471  reward=QoE= -247.72 eps=0.833 loss=1.0009
[ep  294] loot         driving_B_2020.02.13_15.02.01.csv@2411  reward=QoE= -190.43 eps=0.833 loss=1.0369
[ep  295] redandblack  driving_B_2020.02.13_13.03.24.csv@1567  reward=QoE=  -91.03 eps=0.832 loss=1.0568
[ep  296] soldier      driving_B_2020.02.14_12.58.17.csv@674   reward=QoE= -165.10 eps=0.831 loss=0.9808
[ep  297] longdress    driving_B_2020.02.13_13.03.24.csv@1087  reward=QoE= -153.63 eps=0.831 loss=1.0750
[ep  298] loot         static_B_2020.02.27_18.39.27.csv@2287  reward=QoE=   13.99 eps=0.830 loss=1.1943
[ep  299] redandblack  driving_B_2020.02.14_12.58.17.csv@554   reward=QoE=  -84.40 eps=0.830 loss=0.8464
[ep  300] soldier      static_B_2019.12.16_13.40.04.csv@601   reward=QoE=   12.51 eps=0.829 loss=0.9711
[ep  301] longdress    static_B_2020.02.27_18.39.27.csv@2587  reward=QoE=   37.34 eps=0.829 loss=0.8346
[ep  302] loot         driving_B_2020.02.27_17.30.15.csv@438   reward=QoE= -427.95 eps=0.828 loss=1.1175
[ep  303] redandblack  driving_B_2019.12.17_07.32.39.csv@753   reward=QoE=  -33.96 eps=0.827 loss=1.0657
[ep  304] soldier      driving_B_2020.02.13_13.03.24.csv@427   reward=QoE= -139.73 eps=0.827 loss=1.2115
[ep  305] longdress    static_B_2020.02.27_18.39.27.csv@4987  reward=QoE=   32.92 eps=0.826 loss=1.0377
[ep  306] loot         driving_B_2020.02.13_13.03.24.csv@967   reward=QoE= -108.82 eps=0.826 loss=1.0411
[ep  307] redandblack  driving_B_2019.12.17_07.32.39.csv@633   reward=QoE=  -44.82 eps=0.825 loss=1.1245
[ep  308] soldier      driving_B_2020.01.16_09.56.56.csv@344   reward=QoE=  -37.91 eps=0.825 loss=0.9807
[ep  309] longdress    driving_B_2020.02.27_17.30.15.csv@720   reward=QoE= -540.36 eps=0.824 loss=1.0889
[ep  310] loot         static_B_2020.02.27_18.39.27.csv@247   reward=QoE=   39.65 eps=0.823 loss=1.1082
[ep  311] redandblack  driving_B_2020.02.13_13.03.24.csv@787   reward=QoE=  -45.01 eps=0.823 loss=1.0454
[ep  312] soldier      driving_B_2020.02.14_09.38.22.csv@564   reward=QoE=   50.44 eps=0.822 loss=1.1208
[ep  313] longdress    driving_B_2019.12.16_12.27.05.csv@206   reward=QoE=  -83.38 eps=0.822 loss=1.1938
[ep  314] loot         driving_B_2019.12.17_07.32.39.csv@1053  reward=QoE=    6.77 eps=0.821 loss=1.0892
[ep  315] redandblack  driving_B_2020.02.13_13.03.24.csv@727   reward=QoE=  -89.24 eps=0.821 loss=0.8921
[ep  316] soldier      driving_B_2019.12.17_07.32.39.csv@693   reward=QoE=  -66.86 eps=0.820 loss=1.3745
[ep  317] longdress    driving_B_2020.02.13_13.03.24.csv@1387  reward=QoE= -116.89 eps=0.819 loss=1.0411
[ep  318] loot         static_B_2020.02.14_13.21.26.csv@850   reward=QoE=   16.89 eps=0.819 loss=0.9695
[ep  319] redandblack  driving_B_2019.12.16_12.27.05.csv@146   reward=QoE=  -31.40 eps=0.818 loss=1.0242
[ep  320] soldier      driving_B_2020.01.16_07.26.43.csv@1770  reward=QoE= -199.05 eps=0.818 loss=0.9878
[ep  321] longdress    driving_B_2020.01.16_07.26.43.csv@754   reward=QoE=   -1.59 eps=0.817 loss=0.9944
[ep  322] loot         driving_B_2020.01.16_07.26.43.csv@94    reward=QoE=  -15.52 eps=0.817 loss=1.1206
[ep  323] redandblack  driving_B_2020.02.14_12.58.17.csv@134   reward=QoE=  -19.24 eps=0.816 loss=1.2110
[ep  324] soldier      static_B_2020.02.27_18.39.27.csv@7     reward=QoE=   26.63 eps=0.815 loss=1.0267
[ep  325] longdress    driving_B_2019.12.17_07.32.39.csv@213   reward=QoE=  -72.00 eps=0.815 loss=0.8904
[ep  326] loot         driving_B_2020.02.14_09.38.22.csv@504   reward=QoE=   17.86 eps=0.814 loss=1.0665
[ep  327] redandblack  driving_B_2019.12.17_07.32.39.csv@573   reward=QoE=  -54.69 eps=0.814 loss=1.1947
[ep  328] soldier      static_B_2020.02.14_13.21.26.csv@434   reward=QoE=   38.14 eps=0.813 loss=1.0248
[ep  329] longdress    static_B_2020.02.27_18.39.27.csv@3067  reward=QoE=   -9.18 eps=0.813 loss=0.8917
[ep  330] loot         static_B_2020.02.27_18.39.27.csv@787   reward=QoE=   33.38 eps=0.812 loss=1.1182
[ep  331] redandblack  driving_B_2020.02.13_15.02.01.csv@551   reward=QoE=  -25.48 eps=0.811 loss=0.9382
[ep  332] soldier      driving_B_2020.02.13_15.02.01.csv@1151  reward=QoE=   -5.18 eps=0.811 loss=0.9759
[ep  333] longdress    static_B_2020.02.27_18.39.27.csv@4447  reward=QoE=   25.20 eps=0.810 loss=0.9848
[ep  334] loot         static_B_2020.02.27_18.39.27.csv@5107  reward=QoE=   28.88 eps=0.810 loss=1.0029
[ep  335] redandblack  driving_B_2020.01.16_09.56.56.csv@524   reward=QoE=   19.76 eps=0.809 loss=1.0345
[ep  336] soldier      static_B_2019.12.16_13.40.04.csv@1141  reward=QoE= -259.96 eps=0.809 loss=1.0509
[ep  337] longdress    driving_B_2020.02.13_15.02.01.csv@1031  reward=QoE=   33.19 eps=0.808 loss=0.8706
[ep  338] loot         static_B_2020.02.27_18.39.27.csv@5587  reward=QoE=   36.56 eps=0.808 loss=1.0213
[ep  339] redandblack  static_B_2019.12.16_13.40.04.csv@541   reward=QoE=   34.81 eps=0.807 loss=0.9397
[ep  340] soldier      static_B_2019.12.16_13.40.04.csv@901   reward=QoE=    2.90 eps=0.806 loss=1.0116
[ep  341] longdress    static_B_2020.02.27_18.39.27.csv@727   reward=QoE=  -22.16 eps=0.806 loss=1.0365
[ep  342] loot         static_B_2020.02.14_13.21.26.csv@374   reward=QoE=   46.61 eps=0.805 loss=1.0352
[ep  343] redandblack  static_B_2019.12.16_13.40.04.csv@1621  reward=QoE=   53.64 eps=0.805 loss=1.0500
[ep  344] soldier      driving_B_2019.12.16_12.27.05.csv@446   reward=QoE= -106.78 eps=0.804 loss=1.0048
[ep  345] longdress    driving_B_2020.01.16_09.56.56.csv@1304  reward=QoE=   34.78 eps=0.804 loss=1.1525
[ep  346] loot         static_B_2020.02.27_18.39.27.csv@5742  reward=QoE=   24.72 eps=0.803 loss=0.9055
[ep  347] redandblack  static_B_2020.02.27_18.39.27.csv@5647  reward=QoE=   38.37 eps=0.802 loss=1.0964
[ep  348] soldier      driving_B_2020.02.13_13.03.24.csv@907   reward=QoE= -196.69 eps=0.802 loss=1.0111
[ep  349] longdress    static_B_2020.02.27_18.39.27.csv@3127  reward=QoE= -123.11 eps=0.801 loss=1.2136
[ep  350] loot         static_B_2020.02.14_13.21.26.csv@734   reward=QoE=   45.85 eps=0.801 loss=0.8651
[ep  351] redandblack  driving_B_2020.02.13_15.02.01.csv@731   reward=QoE=  -37.15 eps=0.800 loss=0.8225
[ep  352] soldier      static_B_2020.02.27_18.39.27.csv@1867  reward=QoE=   -8.08 eps=0.800 loss=0.9828
[ep  353] longdress    driving_B_2020.02.14_09.38.22.csv@1224  reward=QoE=  -99.43 eps=0.799 loss=1.0651
[ep  354] loot         driving_B_2020.02.14_12.58.17.csv@434   reward=QoE= -454.19 eps=0.798 loss=1.0377
[ep  355] redandblack  driving_B_2020.01.16_09.56.56.csv@1570  reward=QoE=    5.17 eps=0.798 loss=1.1313
[ep  356] soldier      driving_B_2020.01.16_07.26.43.csv@994   reward=QoE=  -36.53 eps=0.797 loss=1.0002
[ep  357] longdress    static_B_2019.12.16_13.40.04.csv@421   reward=QoE=  -24.01 eps=0.797 loss=0.9614
[ep  358] loot         static_B_2020.02.27_18.39.27.csv@5167  reward=QoE=   45.32 eps=0.796 loss=0.9071
[ep  359] redandblack  driving_B_2020.02.14_09.38.22.csv@1164  reward=QoE= -144.83 eps=0.796 loss=1.0282
[ep  360] soldier      static_B_2020.02.27_18.39.27.csv@187   reward=QoE=   25.73 eps=0.795 loss=0.9177
[ep  361] longdress    driving_B_2020.02.14_12.58.17.csv@74    reward=QoE= -203.33 eps=0.794 loss=0.9253
[ep  362] loot         driving_B_2020.02.13_15.02.01.csv@1451  reward=QoE=  -63.41 eps=0.794 loss=1.2158
[ep  363] redandblack  driving_B_2020.02.13_15.02.01.csv@191   reward=QoE=   30.47 eps=0.793 loss=1.0771
[ep  364] soldier      static_B_2020.02.27_18.39.27.csv@907   reward=QoE=   27.29 eps=0.793 loss=1.0302
[ep  365] longdress    static_B_2020.02.27_18.39.27.csv@5347  reward=QoE=   37.83 eps=0.792 loss=1.0026
[ep  366] loot         static_B_2020.02.27_18.39.27.csv@2767  reward=QoE=   48.98 eps=0.792 loss=1.0161
[ep  367] redandblack  driving_B_2019.12.16_12.27.05.csv@1152  reward=QoE=  -12.55 eps=0.791 loss=1.0271
[ep  368] soldier      static_B_2020.02.27_18.39.27.csv@2647  reward=QoE=   16.70 eps=0.790 loss=0.9930
[ep  369] longdress    driving_B_2020.02.14_09.38.22.csv@624   reward=QoE=   -5.56 eps=0.790 loss=1.1855
[ep  370] loot         static_B_2020.02.27_18.39.27.csv@1747  reward=QoE=   48.08 eps=0.789 loss=0.8397
[ep  371] redandblack  static_B_2020.02.27_18.39.27.csv@1507  reward=QoE=   42.75 eps=0.789 loss=0.8991
[ep  372] soldier      driving_B_2019.12.17_07.32.39.csv@93    reward=QoE=  -53.37 eps=0.788 loss=1.1375
[ep  373] longdress    driving_B_2019.12.17_07.32.39.csv@273   reward=QoE=  -45.59 eps=0.788 loss=0.9253
[ep  374] loot         driving_B_2020.01.16_12.10.03.csv@244   reward=QoE=   53.25 eps=0.787 loss=0.9598
[ep  375] redandblack  driving_B_2020.02.13_13.03.24.csv@307   reward=QoE=   -3.31 eps=0.786 loss=0.9057
[ep  376] soldier      driving_B_2020.01.16_07.26.43.csv@334   reward=QoE= -171.74 eps=0.786 loss=1.0010
[ep  377] longdress    driving_B_2020.01.16_09.56.56.csv@224   reward=QoE=  -19.01 eps=0.785 loss=1.0251
[ep  378] loot         driving_B_2020.01.16_09.56.56.csv@284   reward=QoE=   40.10 eps=0.785 loss=1.0348
[ep  379] redandblack  driving_B_2020.02.14_12.58.17.csv@194   reward=QoE= -724.99 eps=0.784 loss=1.0141
[ep  380] soldier      driving_B_2020.02.14_12.58.17.csv@254   reward=QoE= -596.18 eps=0.784 loss=1.0449
[ep  381] longdress    driving_B_2019.12.17_07.32.39.csv@1713  reward=QoE= -179.89 eps=0.783 loss=1.0391
[ep  382] loot         driving_B_2020.02.13_15.02.01.csv@1931  reward=QoE=   36.53 eps=0.782 loss=1.0281
[ep  383] redandblack  driving_B_2020.02.13_15.02.01.csv@671   reward=QoE=   29.94 eps=0.782 loss=0.9990
[ep  384] soldier      driving_B_2019.12.16_12.27.05.csv@1046  reward=QoE=   -7.78 eps=0.781 loss=0.9379
[ep  385] longdress    driving_B_2020.02.13_13.03.24.csv@1267  reward=QoE= -229.86 eps=0.781 loss=1.0584
[ep  386] loot         static_B_2020.02.27_18.39.27.csv@67    reward=QoE=   42.19 eps=0.780 loss=1.0011
[ep  387] redandblack  driving_B_2019.12.17_07.32.39.csv@2073  reward=QoE=   53.69 eps=0.780 loss=1.0070
[ep  388] soldier      driving_B_2020.02.13_13.03.24.csv@2047  reward=QoE= -286.85 eps=0.779 loss=1.0294
[ep  389] longdress    driving_B_2020.02.13_13.03.24.csv@667   reward=QoE= -119.20 eps=0.778 loss=0.9855
[ep  390] loot         driving_B_2019.12.17_07.32.39.csv@1653  reward=QoE=   10.20 eps=0.778 loss=1.1428
[ep  391] redandblack  static_B_2019.12.16_13.40.04.csv@1904  reward=QoE=   26.85 eps=0.777 loss=0.9543
[ep  392] soldier      driving_B_2019.12.17_07.32.39.csv@873   reward=QoE=  -79.87 eps=0.777 loss=1.0825
[ep  393] longdress    driving_B_2020.02.27_17.30.15.csv@378   reward=QoE= -164.39 eps=0.776 loss=0.8869
[ep  394] loot         driving_B_2019.12.17_07.32.39.csv@2193  reward=QoE=   -4.55 eps=0.776 loss=0.9354
[ep  395] redandblack  driving_B_2020.01.16_07.26.43.csv@1234  reward=QoE=  -26.40 eps=0.775 loss=1.0954
[ep  396] soldier      static_B_2020.02.14_13.21.26.csv@794   reward=QoE=   28.62 eps=0.774 loss=0.9745
[ep  397] longdress    driving_B_2020.02.13_13.03.24.csv@1027  reward=QoE= -156.76 eps=0.774 loss=0.8890
[ep  398] loot         driving_B_2020.02.13_15.02.01.csv@491   reward=QoE=  -66.45 eps=0.773 loss=0.9772
[ep  399] redandblack  driving_B_2019.12.17_07.32.39.csv@993   reward=QoE= -105.25 eps=0.773 loss=0.8836
[ep  400] soldier      driving_B_2020.02.13_15.02.01.csv@1091  reward=QoE=   -0.66 eps=0.772 loss=0.9816
    [eval @ ep 400] reward=QoE=-1089.75 mean_q=0.575 stall=259.1s  <-- best (saved)
[ep  401] longdress    driving_B_2020.02.13_15.02.01.csv@71    reward=QoE=   43.89 eps=0.772 loss=1.0350
[ep  402] loot         static_B_2020.02.27_18.39.27.csv@1447  reward=QoE=   38.92 eps=0.771 loss=1.1511
[ep  403] redandblack  static_B_2020.02.27_18.39.27.csv@2047  reward=QoE=    6.84 eps=0.770 loss=1.1550
[ep  404] soldier      static_B_2020.02.27_18.39.27.csv@4387  reward=QoE=   46.58 eps=0.770 loss=1.1559
[ep  405] longdress    driving_B_2020.02.13_15.02.01.csv@2531  reward=QoE=  -52.80 eps=0.769 loss=0.9618
[ep  406] loot         static_B_2019.12.16_13.40.04.csv@1904  reward=QoE=   -7.52 eps=0.769 loss=1.0096
[ep  407] redandblack  driving_B_2020.02.13_15.02.01.csv@1691  reward=QoE=    8.86 eps=0.768 loss=1.0448
[ep  408] soldier      static_B_2020.02.27_18.39.27.csv@307   reward=QoE=    8.34 eps=0.768 loss=0.9907
[ep  409] longdress    static_B_2020.02.27_18.39.27.csv@2167  reward=QoE=   40.79 eps=0.767 loss=1.0438
[ep  410] loot         driving_B_2020.02.13_13.03.24.csv@1687  reward=QoE=   50.70 eps=0.766 loss=1.0842
[ep  411] redandblack  static_B_2020.02.27_18.39.27.csv@1987  reward=QoE=   -2.80 eps=0.766 loss=1.0522
[ep  412] soldier      driving_B_2020.02.27_17.30.15.csv@498   reward=QoE= -358.97 eps=0.765 loss=1.0568
[ep  413] longdress    static_B_2020.02.27_18.39.27.csv@4627  reward=QoE=  -78.82 eps=0.765 loss=1.0468
[ep  414] loot         driving_B_2020.01.16_07.26.43.csv@1174  reward=QoE=   -1.30 eps=0.764 loss=1.0435
[ep  415] redandblack  driving_B_2019.12.17_07.32.39.csv@1833  reward=QoE= -124.46 eps=0.764 loss=1.1631
[ep  416] soldier      driving_B_2019.12.16_12.27.05.csv@266   reward=QoE= -108.23 eps=0.763 loss=1.0899
[ep  417] longdress    static_B_2019.12.16_13.40.04.csv@1321  reward=QoE=   18.30 eps=0.763 loss=1.0135
[ep  418] loot         driving_B_2020.01.16_09.56.56.csv@1014  reward=QoE=   38.18 eps=0.762 loss=1.1656
[ep  419] redandblack  driving_B_2020.02.14_12.58.17.csv@740   reward=QoE= -182.25 eps=0.761 loss=1.1244
[ep  420] soldier      driving_B_2020.02.13_13.03.24.csv@1376  reward=QoE= -124.78 eps=0.761 loss=1.0898
[ep  421] longdress    driving_B_2020.02.13_13.03.24.csv@2096  reward=QoE= -213.52 eps=0.760 loss=1.1473
[ep  422] loot         driving_B_2020.02.13_15.02.01.csv@1862  reward=QoE=  -65.67 eps=0.760 loss=0.9629
[ep  423] redandblack  driving_B_2020.01.16_07.26.43.csv@1346  reward=QoE= -121.37 eps=0.759 loss=1.0726
[ep  424] soldier      static_B_2020.02.27_18.39.27.csv@2314  reward=QoE=   18.29 eps=0.759 loss=1.1719
[ep  425] longdress    driving_B_2020.02.13_15.02.01.csv@2582  reward=QoE=   24.03 eps=0.758 loss=1.0672
[ep  426] loot         static_B_2019.12.16_13.40.04.csv@520   reward=QoE=   28.22 eps=0.757 loss=0.8613
[ep  427] redandblack  driving_B_2020.02.14_09.38.22.csv@385   reward=QoE= -124.81 eps=0.757 loss=1.0759
[ep  428] soldier      driving_B_2020.02.14_09.38.22.csv@1105  reward=QoE=  -92.93 eps=0.756 loss=1.0470
[ep  429] longdress    driving_B_2019.12.17_07.32.39.csv@1461  reward=QoE=  -80.64 eps=0.756 loss=1.0552
[ep  430] loot         driving_B_2020.01.16_07.26.43.csv@266   reward=QoE=   19.68 eps=0.755 loss=1.0625
[ep  431] redandblack  driving_B_2020.01.16_07.26.43.csv@626   reward=QoE=  -41.11 eps=0.755 loss=1.0845
[ep  432] soldier      static_B_2019.12.16_13.40.04.csv@1900  reward=QoE=    6.29 eps=0.754 loss=1.0019
[ep  433] longdress    driving_B_2020.02.13_13.03.24.csv@1076  reward=QoE= -176.75 eps=0.753 loss=1.0023
[ep  434] loot         static_B_2020.02.27_18.39.27.csv@4354  reward=QoE=   23.44 eps=0.753 loss=1.0068
[ep  435] redandblack  driving_B_2020.01.16_07.26.43.csv@1586  reward=QoE= -149.57 eps=0.752 loss=1.0591
[ep  436] soldier      driving_B_2020.02.14_09.38.22.csv@205   reward=QoE= -277.48 eps=0.752 loss=1.0693
[ep  437] longdress    static_B_2020.02.27_18.39.27.csv@3574  reward=QoE=  -28.66 eps=0.751 loss=1.0951
[ep  438] loot         static_B_2020.02.27_18.39.27.csv@5074  reward=QoE=   29.26 eps=0.751 loss=0.9560
[ep  439] redandblack  driving_B_2020.02.13_13.03.24.csv@1496  reward=QoE=  -72.56 eps=0.750 loss=0.9765
[ep  440] soldier      driving_B_2019.12.16_12.27.05.csv@1152  reward=QoE=  -31.06 eps=0.749 loss=1.1549
[ep  441] longdress    static_B_2020.02.14_13.21.26.csv@335   reward=QoE=   61.13 eps=0.749 loss=0.9621
[ep  442] loot         driving_B_2020.02.13_13.03.24.csv@596   reward=QoE=  -22.22 eps=0.748 loss=0.9897
[ep  443] redandblack  driving_B_2019.12.17_07.32.39.csv@381   reward=QoE=   42.21 eps=0.748 loss=1.0221
[ep  444] soldier      static_B_2020.02.27_18.39.27.csv@514   reward=QoE=    8.23 eps=0.747 loss=1.2416
[ep  445] longdress    driving_B_2020.02.13_13.03.24.csv@56    reward=QoE=  -98.55 eps=0.747 loss=0.9917
[ep  446] loot         static_B_2020.02.27_18.39.27.csv@4654  reward=QoE=  -62.91 eps=0.746 loss=0.9806
[ep  447] redandblack  driving_B_2020.01.16_09.56.56.csv@1314  reward=QoE=   35.29 eps=0.745 loss=1.2546
[ep  448] soldier      static_B_2019.12.16_13.40.04.csv@1780  reward=QoE=   11.49 eps=0.745 loss=1.0754
[ep  449] longdress    driving_B_2020.02.14_12.58.17.csv@800   reward=QoE= -147.41 eps=0.744 loss=1.0569
[ep  450] loot         static_B_2020.02.27_18.39.27.csv@3514  reward=QoE=   34.63 eps=0.744 loss=1.0635
[ep  451] redandblack  driving_B_2020.01.16_07.26.43.csv@1466  reward=QoE=  -87.23 eps=0.743 loss=1.0580
[ep  452] soldier      driving_B_2020.02.13_15.02.01.csv@2754  reward=QoE=  -88.23 eps=0.743 loss=0.9706
[ep  453] longdress    static_B_2020.02.27_18.39.27.csv@4234  reward=QoE=   19.77 eps=0.742 loss=1.1651
[ep  454] loot         driving_B_2020.02.13_13.03.24.csv@1196  reward=QoE=  -58.54 eps=0.741 loss=1.1099
[ep  455] redandblack  static_B_2019.12.16_13.40.04.csv@1480  reward=QoE=   41.33 eps=0.741 loss=0.9899
[ep  456] soldier      static_B_2019.12.16_13.40.04.csv@880   reward=QoE=    6.22 eps=0.740 loss=1.0407
[ep  457] longdress    static_B_2020.02.14_13.21.26.csv@850   reward=QoE=   13.67 eps=0.740 loss=0.9435
[ep  458] loot         static_B_2020.02.27_18.39.27.csv@3214  reward=QoE=    3.56 eps=0.739 loss=1.0038
[ep  459] redandblack  static_B_2019.12.16_13.40.04.csv@1540  reward=QoE=   47.31 eps=0.739 loss=1.0270
[ep  460] soldier      static_B_2020.02.27_18.39.27.csv@3694  reward=QoE=   45.39 eps=0.738 loss=1.0391
[ep  461] longdress    driving_B_2020.02.14_09.38.22.csv@625   reward=QoE=    4.78 eps=0.737 loss=1.0938
[ep  462] loot         driving_B_2020.02.27_17.30.15.csv@209   reward=QoE= -530.11 eps=0.737 loss=1.1613
[ep  463] redandblack  driving_B_2019.12.16_12.27.05.csv@807   reward=QoE=   -2.18 eps=0.736 loss=1.0516
[ep  464] soldier      driving_B_2019.12.17_07.32.39.csv@2121  reward=QoE=   38.65 eps=0.736 loss=0.8728
[ep  465] longdress    driving_B_2020.01.16_09.56.56.csv@1554  reward=QoE=   47.76 eps=0.735 loss=0.9433
[ep  466] loot         static_B_2020.02.27_18.39.27.csv@1954  reward=QoE=   46.86 eps=0.735 loss=1.2630
[ep  467] redandblack  static_B_2020.02.27_18.39.27.csv@1474  reward=QoE=   25.59 eps=0.734 loss=1.2128
[ep  468] soldier      driving_B_2020.02.13_13.03.24.csv@176   reward=QoE= -150.77 eps=0.733 loss=1.0997
[ep  469] longdress    driving_B_2020.02.13_15.02.01.csv@1922  reward=QoE=   14.43 eps=0.733 loss=1.1504
[ep  470] loot         driving_B_2020.02.14_12.58.17.csv@260   reward=QoE= -583.65 eps=0.732 loss=1.1097
[ep  471] redandblack  driving_B_2020.02.13_13.03.24.csv@2188  reward=QoE= -271.75 eps=0.732 loss=1.0370
[ep  472] soldier      static_B_2020.02.27_18.39.27.csv@34    reward=QoE=   45.76 eps=0.731 loss=1.1059
[ep  473] longdress    static_B_2019.12.16_13.40.04.csv@700   reward=QoE=   45.24 eps=0.731 loss=1.1491
[ep  474] loot         static_B_2019.12.16_13.40.04.csv@1000  reward=QoE=   29.25 eps=0.730 loss=1.0996
[ep  475] redandblack  driving_B_2020.01.16_07.26.43.csv@986   reward=QoE=  -25.89 eps=0.729 loss=1.0234
[ep  476] soldier      driving_B_2020.01.16_09.56.56.csv@1570  reward=QoE=  -12.91 eps=0.729 loss=1.0760
[ep  477] longdress    static_B_2020.02.27_18.39.27.csv@1894  reward=QoE=   37.67 eps=0.728 loss=1.0177
[ep  478] loot         driving_B_2019.12.16_12.27.05.csv@147   reward=QoE=   -3.30 eps=0.728 loss=0.9919
[ep  479] redandblack  driving_B_2020.01.16_09.56.56.csv@894   reward=QoE=  -28.77 eps=0.727 loss=1.1269
[ep  480] soldier      driving_B_2020.01.16_07.26.43.csv@566   reward=QoE=  -56.66 eps=0.727 loss=0.9485
[ep  481] longdress    static_B_2020.02.27_18.39.27.csv@634   reward=QoE=   33.70 eps=0.726 loss=1.1234
[ep  482] loot         static_B_2020.02.27_18.39.27.csv@754   reward=QoE=   42.81 eps=0.725 loss=1.0515
[ep  483] redandblack  driving_B_2020.02.13_15.02.01.csv@1202  reward=QoE=   43.31 eps=0.725 loss=1.0712
[ep  484] soldier      driving_B_2020.02.13_15.02.01.csv@2642  reward=QoE=   45.46 eps=0.724 loss=1.1632
[ep  485] longdress    static_B_2020.02.27_18.39.27.csv@4894  reward=QoE=  -56.76 eps=0.724 loss=0.9417
[ep  486] loot         driving_B_2020.02.13_13.03.24.csv@716   reward=QoE=  -20.47 eps=0.723 loss=0.9588
[ep  487] redandblack  static_B_2020.02.27_18.39.27.csv@5742  reward=QoE=   31.85 eps=0.723 loss=1.1012
[ep  488] soldier      driving_B_2020.01.16_09.56.56.csv@1374  reward=QoE=   37.38 eps=0.722 loss=0.9964
[ep  489] longdress    driving_B_2020.02.14_09.38.22.csv@685   reward=QoE=   38.00 eps=0.722 loss=0.8989
[ep  490] loot         static_B_2020.02.27_18.39.27.csv@3034  reward=QoE=   20.08 eps=0.721 loss=1.2523
[ep  491] redandblack  driving_B_2019.12.17_07.32.39.csv@561   reward=QoE=  -11.56 eps=0.720 loss=0.9528
[ep  492] soldier      driving_B_2020.01.16_07.26.43.csv@926   reward=QoE= -110.51 eps=0.720 loss=1.1935
[ep  493] longdress    static_B_2019.12.16_13.40.04.csv@1660  reward=QoE=   16.61 eps=0.719 loss=1.0239
[ep  494] loot         driving_B_2020.01.16_07.26.43.csv@1406  reward=QoE=  -32.45 eps=0.719 loss=1.1295
[ep  495] redandblack  driving_B_2020.01.16_07.26.43.csv@1286  reward=QoE=   21.84 eps=0.718 loss=1.0099
[ep  496] soldier      static_B_2020.02.27_18.39.27.csv@2854  reward=QoE=   44.20 eps=0.718 loss=1.0420
[ep  497] longdress    driving_B_2019.12.17_07.32.39.csv@2181  reward=QoE=  -76.66 eps=0.717 loss=0.9320
[ep  498] loot         driving_B_2019.12.17_07.32.39.csv@1821  reward=QoE= -109.45 eps=0.716 loss=1.0558
[ep  499] redandblack  static_B_2019.12.16_13.40.04.csv@820   reward=QoE=   44.33 eps=0.716 loss=0.9288
[ep  500] soldier      static_B_2020.02.27_18.39.27.csv@5494  reward=QoE=   42.73 eps=0.715 loss=1.1105
[ep  501] longdress    static_B_2020.02.27_18.39.27.csv@5554  reward=QoE=   39.87 eps=0.715 loss=1.1180
[ep  502] loot         static_B_2019.12.16_13.40.04.csv@280   reward=QoE=   31.04 eps=0.714 loss=1.1837
[ep  503] redandblack  driving_B_2020.02.13_13.03.24.csv@1316  reward=QoE=  -94.27 eps=0.714 loss=1.0785
[ep  504] soldier      driving_B_2020.02.13_15.02.01.csv@122   reward=QoE=   25.02 eps=0.713 loss=1.1569
[ep  505] longdress    static_B_2020.02.27_18.39.27.csv@994   reward=QoE=   28.21 eps=0.712 loss=1.1183
[ep  506] loot         static_B_2019.12.16_13.40.04.csv@1180  reward=QoE= -178.20 eps=0.712 loss=1.1298
[ep  507] redandblack  driving_B_2019.12.17_07.32.39.csv@1701  reward=QoE= -114.61 eps=0.711 loss=1.2700
[ep  508] soldier      driving_B_2020.01.16_12.10.03.csv@244   reward=QoE=   56.42 eps=0.711 loss=1.0347
[ep  509] longdress    driving_B_2020.01.16_09.56.56.csv@1194  reward=QoE=   17.68 eps=0.710 loss=1.1118
[ep  510] loot         static_B_2020.02.14_13.21.26.csv@815   reward=QoE=   42.29 eps=0.710 loss=1.1466
[ep  511] redandblack  driving_B_2020.01.16_09.56.56.csv@414   reward=QoE=  -88.88 eps=0.709 loss=1.0446
[ep  512] soldier      static_B_2020.02.14_13.21.26.csv@850   reward=QoE=   22.25 eps=0.708 loss=1.2488
[ep  513] longdress    static_B_2020.02.27_18.39.27.csv@274   reward=QoE=   36.49 eps=0.708 loss=1.2490
[ep  514] loot         static_B_2020.02.27_18.39.27.csv@5194  reward=QoE=   52.38 eps=0.707 loss=1.2142
[ep  515] redandblack  driving_B_2019.12.17_07.32.39.csv@2061  reward=QoE=   10.24 eps=0.707 loss=0.9120
[ep  516] soldier      static_B_2020.02.27_18.39.27.csv@2254  reward=QoE=   22.67 eps=0.706 loss=1.1613
[ep  517] longdress    driving_B_2020.01.16_09.56.56.csv@1494  reward=QoE=   12.16 eps=0.706 loss=1.0687
[ep  518] loot         static_B_2020.02.27_18.39.27.csv@454   reward=QoE=   35.99 eps=0.705 loss=0.9185
[ep  519] redandblack  driving_B_2019.12.17_07.32.39.csv@1581  reward=QoE=  -42.49 eps=0.704 loss=0.9778
[ep  520] soldier      driving_B_2020.02.13_15.02.01.csv@1142  reward=QoE=  -36.87 eps=0.704 loss=1.1337
[ep  521] longdress    driving_B_2020.02.13_15.02.01.csv@2282  reward=QoE= -146.98 eps=0.703 loss=1.2003
[ep  522] loot         driving_B_2019.12.16_12.27.05.csv@87    reward=QoE=  -25.89 eps=0.703 loss=1.0744
[ep  523] redandblack  driving_B_2020.02.27_17.30.15.csv@389   reward=QoE= -138.55 eps=0.702 loss=1.1525
[ep  524] soldier      driving_B_2020.02.13_13.03.24.csv@2188  reward=QoE= -213.52 eps=0.702 loss=0.9943
[ep  525] longdress    static_B_2019.12.16_13.40.04.csv@1240  reward=QoE=    3.46 eps=0.701 loss=1.1165
[ep  526] loot         driving_B_2020.01.16_09.56.56.csv@774   reward=QoE=   24.70 eps=0.700 loss=1.0071
[ep  527] redandblack  static_B_2020.02.27_18.39.27.csv@2734  reward=QoE=   39.49 eps=0.700 loss=1.0674
[ep  528] soldier      static_B_2020.02.27_18.39.27.csv@3454  reward=QoE=   48.13 eps=0.699 loss=1.1052
[ep  529] longdress    driving_B_2019.12.17_07.32.39.csv@1221  reward=QoE=   36.15 eps=0.699 loss=1.1247
[ep  530] loot         static_B_2020.02.27_18.39.27.csv@4774  reward=QoE=   36.15 eps=0.698 loss=1.1183
[ep  531] redandblack  driving_B_2020.02.14_09.38.22.csv@1285  reward=QoE=   43.34 eps=0.698 loss=1.0649
[ep  532] soldier      driving_B_2020.02.13_13.03.24.csv@116   reward=QoE=  -74.90 eps=0.697 loss=1.0861
[ep  533] longdress    static_B_2020.02.27_18.39.27.csv@874   reward=QoE=   24.92 eps=0.696 loss=0.9769
[ep  534] loot         driving_B_2019.12.17_07.32.39.csv@441   reward=QoE=   36.81 eps=0.696 loss=1.3386
[ep  535] redandblack  driving_B_2020.02.13_15.02.01.csv@1802  reward=QoE=   45.48 eps=0.695 loss=1.1005
[ep  536] soldier      driving_B_2020.02.13_15.02.01.csv@722   reward=QoE=  -78.01 eps=0.695 loss=1.0583
[ep  537] longdress    driving_B_2020.01.16_12.10.03.csv@21    reward=QoE=   38.80 eps=0.694 loss=1.0190
[ep  538] loot         static_B_2020.02.27_18.39.27.csv@1654  reward=QoE=   36.05 eps=0.694 loss=1.0939
[ep  539] redandblack  driving_B_2020.01.16_09.56.56.csv@114   reward=QoE=  -78.78 eps=0.693 loss=1.0288
[ep  540] soldier      driving_B_2020.02.14_12.58.17.csv@560   reward=QoE= -106.10 eps=0.692 loss=1.0165
[ep  541] longdress    static_B_2020.02.27_18.39.27.csv@2914  reward=QoE=   13.34 eps=0.692 loss=1.0417
[ep  542] loot         static_B_2019.12.16_13.40.04.csv@1600  reward=QoE=   47.41 eps=0.691 loss=1.0381
[ep  543] redandblack  static_B_2020.02.27_18.39.27.csv@4834  reward=QoE=   41.18 eps=0.691 loss=1.0194
[ep  544] soldier      driving_B_2020.02.13_15.02.01.csv@1082  reward=QoE=   -3.17 eps=0.690 loss=1.1145
[ep  545] longdress    driving_B_2020.02.13_15.02.01.csv@2102  reward=QoE=   23.39 eps=0.690 loss=0.9956
[ep  546] loot         static_B_2019.12.16_13.40.04.csv@1120  reward=QoE= -497.59 eps=0.689 loss=1.0648
[ep  547] redandblack  driving_B_2019.12.17_07.32.39.csv@1641  reward=QoE=   30.47 eps=0.688 loss=1.1477
[ep  548] soldier      static_B_2020.02.14_13.21.26.csv@635   reward=QoE=   36.60 eps=0.688 loss=1.1700
[ep  549] longdress    static_B_2019.12.16_13.40.04.csv@1904  reward=QoE=   22.13 eps=0.687 loss=0.9936
[ep  550] loot         static_B_2020.02.14_13.21.26.csv@155   reward=QoE=   48.58 eps=0.687 loss=1.0131
[ep  551] redandblack  driving_B_2019.12.16_12.27.05.csv@867   reward=QoE=   36.91 eps=0.686 loss=1.0265
[ep  552] soldier      driving_B_2020.01.16_07.26.43.csv@86    reward=QoE=  -42.16 eps=0.686 loss=1.0861
[ep  553] longdress    driving_B_2020.02.14_09.38.22.csv@865   reward=QoE=   40.39 eps=0.685 loss=1.0595
[ep  554] loot         driving_B_2020.01.16_07.26.43.csv@146   reward=QoE=  -63.95 eps=0.684 loss=1.0845
[ep  555] redandblack  driving_B_2020.01.16_07.26.43.csv@686   reward=QoE=  -53.51 eps=0.684 loss=1.0945
[ep  556] soldier      driving_B_2020.02.27_17.30.15.csv@89    reward=QoE= -391.70 eps=0.683 loss=1.2392
[ep  557] longdress    static_B_2020.02.27_18.39.27.csv@3274  reward=QoE=   35.27 eps=0.683 loss=1.1093
[ep  558] loot         static_B_2019.12.16_13.40.04.csv@1840  reward=QoE=   49.48 eps=0.682 loss=1.0907
[ep  559] redandblack  driving_B_2020.02.13_13.03.24.csv@1556  reward=QoE= -116.31 eps=0.682 loss=1.1449
[ep  560] soldier      driving_B_2020.02.13_13.03.24.csv@476   reward=QoE= -127.45 eps=0.681 loss=0.8883
[ep  561] longdress    driving_B_2020.02.27_17.30.15.csv@720   reward=QoE= -286.86 eps=0.680 loss=1.0749
[ep  562] loot         driving_B_2019.12.17_07.32.39.csv@861   reward=QoE=   -0.74 eps=0.680 loss=1.1187
[ep  563] redandblack  driving_B_2020.02.13_15.02.01.csv@482   reward=QoE=  -34.85 eps=0.679 loss=1.0198
[ep  564] soldier      static_B_2020.02.27_18.39.27.csv@2074  reward=QoE=   39.85 eps=0.679 loss=1.0758
[ep  565] longdress    driving_B_2020.01.16_07.26.43.csv@1106  reward=QoE=   -9.63 eps=0.678 loss=0.9222
[ep  566] loot         static_B_2019.12.16_13.40.04.csv@1720  reward=QoE=   37.52 eps=0.678 loss=1.0775
[ep  567] redandblack  static_B_2020.02.27_18.39.27.csv@1234  reward=QoE=   50.78 eps=0.677 loss=1.1666
[ep  568] soldier      driving_B_2020.02.13_15.02.01.csv@242   reward=QoE=   43.22 eps=0.677 loss=1.0984
[ep  569] longdress    static_B_2020.02.27_18.39.27.csv@814   reward=QoE=   35.72 eps=0.676 loss=1.1600
[ep  570] loot         driving_B_2020.02.14_09.38.22.csv@85    reward=QoE=  -56.94 eps=0.675 loss=0.9740
[ep  571] redandblack  driving_B_2020.02.14_09.38.22.csv@805   reward=QoE= -149.03 eps=0.675 loss=0.9513
[ep  572] soldier      driving_B_2019.12.17_07.32.39.csv@981   reward=QoE= -165.59 eps=0.674 loss=1.0838
[ep  573] longdress    driving_B_2020.02.13_15.02.01.csv@1982  reward=QoE=  -14.66 eps=0.674 loss=1.0234
[ep  574] loot         static_B_2020.02.27_18.39.27.csv@5742  reward=QoE=   44.29 eps=0.673 loss=1.0980
[ep  575] redandblack  static_B_2020.02.27_18.39.27.csv@1414  reward=QoE=   54.21 eps=0.673 loss=1.1350
[ep  576] soldier      driving_B_2020.01.16_07.26.43.csv@1646  reward=QoE=  -68.52 eps=0.672 loss=1.1860
[ep  577] longdress    static_B_2020.02.27_18.39.27.csv@2494  reward=QoE=   47.57 eps=0.671 loss=1.1280
[ep  578] loot         driving_B_2020.02.14_12.58.17.csv@20    reward=QoE=   14.42 eps=0.671 loss=1.0634
[ep  579] redandblack  static_B_2020.02.27_18.39.27.csv@4594  reward=QoE=   17.26 eps=0.670 loss=1.1813
[ep  580] soldier      driving_B_2020.02.13_15.02.01.csv@422   reward=QoE=   17.04 eps=0.670 loss=0.9715
[ep  581] longdress    driving_B_2020.01.16_07.26.43.csv@386   reward=QoE= -101.74 eps=0.669 loss=0.9752
[ep  582] loot         driving_B_2020.02.14_12.58.17.csv@200   reward=QoE= -624.28 eps=0.669 loss=1.0220
[ep  583] redandblack  driving_B_2020.02.13_13.03.24.csv@1736  reward=QoE=   41.32 eps=0.668 loss=0.9717
[ep  584] soldier      driving_B_2019.12.16_12.27.05.csv@1107  reward=QoE=  -40.40 eps=0.667 loss=1.1435
[ep  585] longdress    driving_B_2020.02.14_09.38.22.csv@1045  reward=QoE=  -47.84 eps=0.667 loss=1.0347
[ep  586] loot         driving_B_2020.02.27_17.30.15.csv@149   reward=QoE= -136.63 eps=0.666 loss=1.2021
[ep  587] redandblack  static_B_2020.02.27_18.39.27.csv@3994  reward=QoE=   39.44 eps=0.666 loss=1.0881
[ep  588] soldier      driving_B_2019.12.17_07.32.39.csv@81    reward=QoE=  -21.96 eps=0.665 loss=1.0507
[ep  589] longdress    driving_B_2020.02.13_13.03.24.csv@1016  reward=QoE= -147.32 eps=0.665 loss=1.0123
[ep  590] loot         static_B_2020.02.27_18.39.27.csv@1534  reward=QoE=   51.97 eps=0.664 loss=1.0717
[ep  591] redandblack  driving_B_2019.12.17_07.32.39.csv@2241  reward=QoE=   34.36 eps=0.663 loss=1.0073
[ep  592] soldier      static_B_2020.02.27_18.39.27.csv@2674  reward=QoE=  -14.61 eps=0.663 loss=1.0863
[ep  593] longdress    static_B_2020.02.27_18.39.27.csv@2014  reward=QoE=   15.80 eps=0.662 loss=1.1158
[ep  594] loot         driving_B_2020.02.14_09.38.22.csv@1405  reward=QoE=  -61.40 eps=0.662 loss=1.1034
[ep  595] redandblack  static_B_2020.02.14_13.21.26.csv@275   reward=QoE=   43.79 eps=0.661 loss=1.0702
[ep  596] soldier      driving_B_2019.12.17_07.32.39.csv@681   reward=QoE=  -62.78 eps=0.661 loss=0.9510
[ep  597] longdress    driving_B_2020.01.16_09.56.56.csv@474   reward=QoE=   18.18 eps=0.660 loss=1.0940
[ep  598] loot         driving_B_2020.02.14_09.38.22.csv@565   reward=QoE=   49.93 eps=0.659 loss=1.1074
[ep  599] redandblack  driving_B_2020.01.16_09.56.56.csv@1134  reward=QoE=   20.03 eps=0.659 loss=1.1294
[ep  600] soldier      driving_B_2020.01.16_09.56.56.csv@714   reward=QoE=   51.72 eps=0.658 loss=1.0518
[ep  601] longdress    driving_B_2020.02.13_15.02.01.csv@2162  reward=QoE=   25.92 eps=0.658 loss=1.1071
[ep  602] loot         driving_B_2020.01.16_07.26.43.csv@806   reward=QoE=   30.57 eps=0.657 loss=1.2113
[ep  603] redandblack  driving_B_2020.02.14_12.58.17.csv@320   reward=QoE= -230.84 eps=0.657 loss=1.3122
[ep  604] soldier      driving_B_2020.02.13_15.02.01.csv@182   reward=QoE=   32.91 eps=0.656 loss=1.1881
[ep  605] longdress    driving_B_2020.02.13_15.02.01.csv@2462  reward=QoE= -256.82 eps=0.655 loss=1.0059
[ep  606] loot         driving_B_2020.02.13_15.02.01.csv@302   reward=QoE=   45.24 eps=0.655 loss=1.1553
[ep  607] redandblack  driving_B_2020.02.13_15.02.01.csv@962   reward=QoE=  -39.00 eps=0.654 loss=1.0502
[ep  608] soldier      driving_B_2020.02.13_15.02.01.csv@362   reward=QoE=   47.54 eps=0.654 loss=1.1818
[ep  609] longdress    static_B_2020.02.27_18.39.27.csv@5134  reward=QoE=   55.90 eps=0.653 loss=1.1928
[ep  610] loot         driving_B_2020.02.27_17.30.15.csv@629   reward=QoE= -203.69 eps=0.653 loss=1.2415
[ep  611] redandblack  driving_B_2019.12.17_07.32.39.csv@1941  reward=QoE=   14.83 eps=0.652 loss=1.0656
[ep  612] soldier      static_B_2020.02.27_18.39.27.csv@574   reward=QoE=    3.13 eps=0.651 loss=0.9895
[ep  613] longdress    driving_B_2020.02.13_15.02.01.csv@1262  reward=QoE=  -22.05 eps=0.651 loss=1.1081
[ep  614] loot         driving_B_2020.01.16_07.26.43.csv@446   reward=QoE= -104.36 eps=0.650 loss=1.0801
[ep  615] redandblack  driving_B_2020.01.16_07.26.43.csv@1526  reward=QoE=  -32.90 eps=0.650 loss=1.0402
[ep  616] soldier      driving_B_2019.12.17_07.32.39.csv@921   reward=QoE= -116.64 eps=0.649 loss=1.0532
[ep  617] longdress    static_B_2020.02.27_18.39.27.csv@3814  reward=QoE=   11.94 eps=0.649 loss=1.1224
[ep  618] loot         static_B_2020.02.27_18.39.27.csv@3394  reward=QoE=   37.44 eps=0.648 loss=1.0817
[ep  619] redandblack  static_B_2020.02.27_18.39.27.csv@4954  reward=QoE=   46.02 eps=0.647 loss=1.0324
[ep  620] soldier      driving_B_2020.02.14_09.38.22.csv@925   reward=QoE=   58.81 eps=0.647 loss=1.1643
[ep  621] longdress    driving_B_2019.12.17_07.32.39.csv@1041  reward=QoE=  -37.30 eps=0.646 loss=1.0497
[ep  622] loot         driving_B_2020.02.14_09.38.22.csv@1465  reward=QoE=    3.21 eps=0.646 loss=1.2665
[ep  623] redandblack  driving_B_2020.02.13_15.02.01.csv@1622  reward=QoE= -180.85 eps=0.645 loss=1.0347
[ep  624] soldier      static_B_2020.02.27_18.39.27.csv@4474  reward=QoE=   -5.01 eps=0.645 loss=1.0509
[ep  625] longdress    static_B_2020.02.27_18.39.27.csv@2614  reward=QoE=   54.71 eps=0.644 loss=1.0281
[ep  626] loot         static_B_2020.02.27_18.39.27.csv@3754  reward=QoE=   40.06 eps=0.643 loss=1.3369
[ep  627] redandblack  static_B_2020.02.27_18.39.27.csv@4534  reward=QoE=   32.06 eps=0.643 loss=1.1106
[ep  628] soldier      driving_B_2020.01.16_09.56.56.csv@1254  reward=QoE=   -6.30 eps=0.642 loss=1.0021
[ep  629] longdress    static_B_2019.12.16_13.40.04.csv@940   reward=QoE=    1.54 eps=0.642 loss=1.0809
[ep  630] loot         static_B_2019.12.16_13.40.04.csv@400   reward=QoE=   41.93 eps=0.641 loss=1.2084
[ep  631] redandblack  driving_B_2020.01.16_07.26.43.csv@1766  reward=QoE=  -64.66 eps=0.641 loss=1.1381
[ep  632] soldier      driving_B_2020.01.16_09.56.56.csv@834   reward=QoE=  -90.59 eps=0.640 loss=1.1257
[ep  633] longdress    static_B_2019.12.16_13.40.04.csv@580   reward=QoE=   23.60 eps=0.639 loss=1.0650
[ep  634] loot         driving_B_2020.02.13_15.02.01.csv@662   reward=QoE=   38.01 eps=0.639 loss=1.0799
[ep  635] redandblack  driving_B_2020.01.16_07.26.43.csv@506   reward=QoE=  -50.97 eps=0.638 loss=1.2227
[ep  636] soldier      driving_B_2020.02.14_09.38.22.csv@145   reward=QoE= -162.97 eps=0.638 loss=1.1290
[ep  637] longdress    static_B_2020.02.27_18.39.27.csv@4054  reward=QoE=   42.53 eps=0.637 loss=1.0670
[ep  638] loot         driving_B_2020.01.16_09.56.56.csv@594   reward=QoE=   40.91 eps=0.637 loss=0.9972
[ep  639] redandblack  driving_B_2019.12.16_12.27.05.csv@747   reward=QoE=   26.91 eps=0.636 loss=1.2172
[ep  640] soldier      driving_B_2020.02.14_12.58.17.csv@140   reward=QoE=  -61.52 eps=0.636 loss=1.1044
[ep  641] longdress    driving_B_2020.01.16_12.10.03.csv@244   reward=QoE=   57.97 eps=0.635 loss=1.1855
[ep  642] loot         driving_B_2019.12.16_12.27.05.csv@1152  reward=QoE=    0.62 eps=0.634 loss=1.1935
[ep  643] redandblack  driving_B_2020.02.13_15.02.01.csv@2     reward=QoE=   61.81 eps=0.634 loss=1.1763
[ep  644] soldier      driving_B_2020.02.13_15.02.01.csv@2522  reward=QoE=  -75.43 eps=0.633 loss=1.1520
[ep  645] longdress    driving_B_2020.02.13_15.02.01.csv@902   reward=QoE=   38.71 eps=0.633 loss=1.0831
[ep  646] loot         driving_B_2020.02.14_09.38.22.csv@325   reward=QoE=  -83.64 eps=0.632 loss=1.0801
[ep  647] redandblack  driving_B_2019.12.17_07.32.39.csv@741   reward=QoE=  -22.69 eps=0.632 loss=1.0754
[ep  648] soldier      driving_B_2020.02.14_12.58.17.csv@800   reward=QoE= -220.64 eps=0.631 loss=1.1066
[ep  649] longdress    driving_B_2020.01.16_07.26.43.csv@1770  reward=QoE= -212.83 eps=0.630 loss=1.0474
[ep  650] loot         static_B_2020.02.27_18.39.27.csv@94    reward=QoE=   45.16 eps=0.630 loss=1.2041
[ep  651] redandblack  driving_B_2020.02.13_15.02.01.csv@1382  reward=QoE=  -51.11 eps=0.629 loss=1.1270
[ep  652] soldier      static_B_2020.02.27_18.39.27.csv@5734  reward=QoE=   45.06 eps=0.629 loss=1.0303
[ep  653] longdress    driving_B_2020.02.13_13.03.24.csv@656   reward=QoE= -114.09 eps=0.628 loss=1.0635
[ep  654] loot         static_B_2020.02.14_13.21.26.csv@35    reward=QoE=   40.88 eps=0.628 loss=1.0567
[ep  655] redandblack  static_B_2020.02.27_18.39.27.csv@3094  reward=QoE=  -12.95 eps=0.627 loss=1.0408
[ep  656] soldier      static_B_2020.02.27_18.39.27.csv@154   reward=QoE=   54.42 eps=0.626 loss=1.0931
[ep  657] longdress    static_B_2020.02.27_18.39.27.csv@3934  reward=QoE=   48.87 eps=0.626 loss=1.0370
[ep  658] loot         driving_B_2019.12.17_07.32.39.csv@621   reward=QoE=  -46.72 eps=0.625 loss=1.0355
[ep  659] redandblack  static_B_2020.02.27_18.39.27.csv@4714  reward=QoE=    6.49 eps=0.625 loss=0.9893
[ep  660] soldier      driving_B_2019.12.16_12.27.05.csv@567   reward=QoE= -102.21 eps=0.624 loss=1.2545
[ep  661] longdress    driving_B_2019.12.16_12.27.05.csv@267   reward=QoE=  -68.06 eps=0.624 loss=1.2487
[ep  662] loot         driving_B_2020.02.14_09.38.22.csv@745   reward=QoE=  -46.63 eps=0.623 loss=1.0683
[ep  663] redandblack  driving_B_2020.01.16_09.56.56.csv@1074  reward=QoE=  -49.08 eps=0.622 loss=1.0222
[ep  664] soldier      static_B_2020.02.27_18.39.27.csv@2974  reward=QoE=   39.88 eps=0.622 loss=1.0037
[ep  665] longdress    driving_B_2020.02.13_13.03.24.csv@896   reward=QoE= -143.52 eps=0.621 loss=1.0949
[ep  666] loot         driving_B_2020.02.13_15.02.01.csv@1562  reward=QoE= -205.97 eps=0.621 loss=1.1017
[ep  667] redandblack  static_B_2020.02.14_13.21.26.csv@95    reward=QoE=   37.18 eps=0.620 loss=1.1400
[ep  668] soldier      driving_B_2020.02.13_13.03.24.csv@1976  reward=QoE= -236.35 eps=0.620 loss=1.0544
[ep  669] longdress    driving_B_2020.02.27_17.30.15.csv@269   reward=QoE= -294.88 eps=0.619 loss=1.1997
[ep  670] loot         static_B_2019.12.16_13.40.04.csv@460   reward=QoE=   34.33 eps=0.618 loss=1.0835
[ep  671] redandblack  driving_B_2020.02.14_09.38.22.csv@1478  reward=QoE=  -45.27 eps=0.618 loss=1.1322
[ep  672] soldier      driving_B_2020.02.13_15.02.01.csv@1022  reward=QoE=   43.96 eps=0.617 loss=1.0234
[ep  673] longdress    driving_B_2019.12.17_07.32.39.csv@501   reward=QoE= -105.30 eps=0.617 loss=1.0526
[ep  674] loot         driving_B_2020.02.13_15.02.01.csv@602   reward=QoE=   14.60 eps=0.616 loss=1.0802
[ep  675] redandblack  driving_B_2020.02.13_15.02.01.csv@1682  reward=QoE=  -59.06 eps=0.616 loss=1.1114
[ep  676] soldier      static_B_2020.02.27_18.39.27.csv@214   reward=QoE=   55.43 eps=0.615 loss=0.9547
[ep  677] longdress    driving_B_2020.02.13_13.03.24.csv@236   reward=QoE=  -44.05 eps=0.614 loss=1.0983
[ep  678] loot         driving_B_2020.01.16_07.26.43.csv@326   reward=QoE= -116.50 eps=0.614 loss=1.0779
[ep  679] redandblack  driving_B_2020.01.16_07.26.43.csv@206   reward=QoE=   -7.48 eps=0.613 loss=1.1789
[ep  680] soldier      driving_B_2020.01.16_09.56.56.csv@54    reward=QoE=  -74.32 eps=0.613 loss=1.0299
[ep  681] longdress    static_B_2020.02.27_18.39.27.csv@1834  reward=QoE=  -26.72 eps=0.612 loss=1.0240
[ep  682] loot         driving_B_2019.12.17_07.32.39.csv@1521  reward=QoE=  -30.04 eps=0.612 loss=1.3071
[ep  683] redandblack  driving_B_2019.12.17_07.32.39.csv@201   reward=QoE=    4.92 eps=0.611 loss=1.1354
[ep  684] soldier      driving_B_2019.12.17_07.32.39.csv@1161  reward=QoE=  -45.96 eps=0.610 loss=1.0044
[ep  685] longdress    driving_B_2020.01.16_07.26.43.csv@866   reward=QoE=  -83.15 eps=0.610 loss=1.0789
[ep  686] loot         driving_B_2019.12.17_07.32.39.csv@321   reward=QoE=    1.58 eps=0.609 loss=1.0555
[ep  687] redandblack  driving_B_2020.02.27_17.30.15.csv@509   reward=QoE= -169.51 eps=0.609 loss=1.0881
[ep  688] soldier      driving_B_2020.01.16_07.26.43.csv@26    reward=QoE=  -55.24 eps=0.608 loss=1.0271
[ep  689] longdress    static_B_2020.02.27_18.39.27.csv@4174  reward=QoE=   41.49 eps=0.608 loss=1.0517
[ep  690] loot         driving_B_2019.12.17_07.32.39.csv@2288  reward=QoE=   50.20 eps=0.607 loss=1.0528
[ep  691] redandblack  driving_B_2020.02.14_09.38.22.csv@1165  reward=QoE= -111.09 eps=0.606 loss=1.0745
[ep  692] soldier      driving_B_2020.01.16_07.26.43.csv@1706  reward=QoE=  -63.51 eps=0.606 loss=1.1751
[ep  693] longdress    driving_B_2020.02.13_15.02.01.csv@542   reward=QoE=  -37.83 eps=0.605 loss=1.1330
[ep  694] loot         driving_B_2019.12.17_07.32.39.csv@1761  reward=QoE=  -21.00 eps=0.605 loss=1.1977
[ep  695] redandblack  driving_B_2020.02.14_09.38.22.csv@445   reward=QoE=   13.76 eps=0.604 loss=1.1608
[ep  696] soldier      driving_B_2020.02.27_17.30.15.csv@449   reward=QoE= -297.28 eps=0.604 loss=0.9791
[ep  697] longdress    driving_B_2019.12.16_12.27.05.csv@507   reward=QoE= -244.75 eps=0.603 loss=1.1148
[ep  698] loot         static_B_2020.02.14_13.21.26.csv@395   reward=QoE=   26.59 eps=0.602 loss=1.1046
[ep  699] redandblack  static_B_2020.02.27_18.39.27.csv@3154  reward=QoE= -372.54 eps=0.602 loss=1.1158
[ep  700] soldier      static_B_2020.02.27_18.39.27.csv@4114  reward=QoE=   45.93 eps=0.601 loss=1.0729
[ep  701] longdress    driving_B_2019.12.17_07.32.39.csv@261   reward=QoE=  -23.53 eps=0.601 loss=1.1367
[ep  702] loot         static_B_2019.12.16_13.40.04.csv@1420  reward=QoE=   36.11 eps=0.600 loss=1.1977
[ep  703] redandblack  driving_B_2020.02.27_17.30.15.csv@720   reward=QoE= -194.86 eps=0.600 loss=1.1568
[ep  704] soldier      driving_B_2020.02.13_13.03.24.csv@1436  reward=QoE=  -41.01 eps=0.599 loss=1.1287
[ep  705] longdress    driving_B_2020.02.14_12.58.17.csv@380   reward=QoE= -498.15 eps=0.598 loss=1.2038
[ep  706] loot         driving_B_2020.02.27_17.30.15.csv@569   reward=QoE=  -75.38 eps=0.598 loss=1.1614
[ep  707] redandblack  static_B_2020.02.27_18.39.27.csv@1354  reward=QoE=   55.13 eps=0.597 loss=1.0495
[ep  708] soldier      driving_B_2020.01.16_07.26.43.csv@1046  reward=QoE=   -9.12 eps=0.597 loss=1.0841
[ep  709] longdress    driving_B_2019.12.16_12.27.05.csv@627   reward=QoE= -282.58 eps=0.596 loss=1.3139
[ep  710] loot         static_B_2020.02.27_18.39.27.csv@1294  reward=QoE=   63.71 eps=0.596 loss=1.1809
[ep  711] redandblack  static_B_2020.02.27_18.39.27.csv@2194  reward=QoE=   41.77 eps=0.595 loss=1.0664
[ep  712] soldier      driving_B_2020.02.13_13.03.24.csv@2156  reward=QoE= -363.00 eps=0.594 loss=1.1051
[ep  713] longdress    driving_B_2020.01.16_09.56.56.csv@354   reward=QoE=  -59.93 eps=0.594 loss=1.2410
[ep  714] loot         driving_B_2020.01.16_12.10.03.csv@201   reward=QoE=   48.32 eps=0.593 loss=1.3076
[ep  715] redandblack  driving_B_2020.02.27_17.30.15.csv@329   reward=QoE= -156.08 eps=0.593 loss=1.0525
[ep  716] soldier      driving_B_2020.02.14_09.38.22.csv@985   reward=QoE= -109.99 eps=0.592 loss=1.1580
[ep  717] longdress    driving_B_2020.02.13_15.02.01.csv@1742  reward=QoE=   51.52 eps=0.592 loss=1.3592
[ep  718] loot         driving_B_2020.02.14_09.38.22.csv@1478  reward=QoE=   -6.90 eps=0.591 loss=1.0327
[ep  719] redandblack  driving_B_2019.12.17_07.32.39.csv@2288  reward=QoE=   42.94 eps=0.591 loss=1.2294
[ep  720] soldier      driving_B_2020.01.16_09.56.56.csv@534   reward=QoE=   39.81 eps=0.590 loss=1.1113
[ep  721] longdress    driving_B_2020.02.13_15.02.01.csv@2702  reward=QoE=  -66.10 eps=0.589 loss=1.3103
[ep  722] loot         driving_B_2019.12.16_12.27.05.csv@447   reward=QoE=  -40.40 eps=0.589 loss=1.1859
[ep  723] redandblack  driving_B_2020.02.13_13.03.24.csv@1616  reward=QoE= -161.83 eps=0.588 loss=1.1748
[ep  724] soldier      static_B_2020.02.27_18.39.27.csv@1774  reward=QoE= -155.26 eps=0.588 loss=1.2811
[ep  725] longdress    static_B_2019.12.16_13.40.04.csv@40    reward=QoE=    3.34 eps=0.587 loss=1.1306
[ep  726] loot         static_B_2020.02.14_13.21.26.csv@515   reward=QoE=   36.83 eps=0.587 loss=1.1908
[ep  727] redandblack  driving_B_2020.02.13_13.03.24.csv@1136  reward=QoE=  -74.99 eps=0.586 loss=1.2050
[ep  728] soldier      driving_B_2020.02.14_09.38.22.csv@265   reward=QoE= -252.09 eps=0.585 loss=1.2396
[ep  729] longdress    driving_B_2020.02.14_09.38.22.csv@505   reward=QoE=   23.02 eps=0.585 loss=1.2535
[ep  730] loot         static_B_2020.02.27_18.39.27.csv@1174  reward=QoE=   16.39 eps=0.584 loss=1.0825
[ep  731] redandblack  driving_B_2020.01.16_07.26.43.csv@1770  reward=QoE=  -23.88 eps=0.584 loss=1.1575
[ep  732] soldier      driving_B_2019.12.16_12.27.05.csv@987   reward=QoE=   54.60 eps=0.583 loss=1.1179
[ep  733] longdress    driving_B_2019.12.16_12.27.05.csv@927   reward=QoE=   -3.69 eps=0.583 loss=1.2597
[ep  734] loot         driving_B_2020.02.13_13.03.24.csv@1856  reward=QoE= -588.51 eps=0.582 loss=1.3616
[ep  735] redandblack  driving_B_2020.01.16_09.56.56.csv@294   reward=QoE=   63.68 eps=0.581 loss=1.1845
[ep  736] soldier      driving_B_2020.02.13_13.03.24.csv@296   reward=QoE=  -52.32 eps=0.581 loss=1.0527
[ep  737] longdress    driving_B_2020.02.14_09.38.22.csv@1345  reward=QoE=   67.72 eps=0.580 loss=1.1109
[ep  738] loot         driving_B_2019.12.17_07.32.39.csv@1881  reward=QoE=   10.74 eps=0.580 loss=1.1062
[ep  739] redandblack  driving_B_2020.01.16_09.56.56.csv@174   reward=QoE=    6.49 eps=0.579 loss=1.3795
[ep  740] soldier      static_B_2020.02.27_18.39.27.csv@5254  reward=QoE=   52.02 eps=0.579 loss=1.2873
[ep  741] longdress    static_B_2020.02.27_18.39.27.csv@934   reward=QoE=   47.65 eps=0.578 loss=1.2150
[ep  742] loot         driving_B_2020.02.13_15.02.01.csv@2042  reward=QoE=   52.43 eps=0.577 loss=1.2733
[ep  743] redandblack  driving_B_2020.02.13_13.03.24.csv@2036  reward=QoE=  -89.10 eps=0.577 loss=1.1292
[ep  744] soldier      driving_B_2019.12.16_12.27.05.csv@27    reward=QoE=  -49.92 eps=0.576 loss=1.1863
[ep  745] longdress    driving_B_2019.12.17_07.32.39.csv@801   reward=QoE=  -51.61 eps=0.576 loss=1.1880
[ep  746] loot         static_B_2019.12.16_13.40.04.csv@640   reward=QoE=   20.18 eps=0.575 loss=1.0486
[ep  747] redandblack  driving_B_2020.02.13_13.03.24.csv@536   reward=QoE=  -13.87 eps=0.575 loss=1.3048
[ep  748] soldier      driving_B_2019.12.16_12.27.05.csv@1047  reward=QoE=   -4.54 eps=0.574 loss=1.1724
[ep  749] longdress    driving_B_2020.02.14_09.38.22.csv@25    reward=QoE=  -80.56 eps=0.573 loss=1.1024
[ep  750] loot         static_B_2020.02.27_18.39.27.csv@694   reward=QoE=   56.36 eps=0.573 loss=1.2957
[ep  751] redandblack  driving_B_2020.02.14_12.58.17.csv@680   reward=QoE= -102.39 eps=0.572 loss=1.1096
[ep  752] soldier      driving_B_2020.02.13_13.03.24.csv@356   reward=QoE=  -46.99 eps=0.572 loss=1.2675
[ep  753] longdress    static_B_2020.02.27_18.39.27.csv@1114  reward=QoE=    0.40 eps=0.571 loss=1.1003
[ep  754] loot         driving_B_2019.12.16_12.27.05.csv@327   reward=QoE=  -52.31 eps=0.571 loss=1.2762
[ep  755] redandblack  static_B_2020.02.27_18.39.27.csv@5674  reward=QoE=   64.36 eps=0.570 loss=1.2874
[ep  756] soldier      driving_B_2020.02.13_15.02.01.csv@842   reward=QoE=  -73.69 eps=0.569 loss=1.1669
[ep  757] longdress    driving_B_2020.02.27_17.30.15.csv@29    reward=QoE= -131.16 eps=0.569 loss=1.1086
[ep  758] loot         static_B_2020.02.27_18.39.27.csv@2434  reward=QoE=   53.34 eps=0.568 loss=1.2195
[ep  759] redandblack  static_B_2020.02.27_18.39.27.csv@394   reward=QoE=   54.28 eps=0.568 loss=1.2041
[ep  760] soldier      static_B_2020.02.27_18.39.27.csv@1714  reward=QoE=   18.19 eps=0.567 loss=1.1045
[ep  761] longdress    driving_B_2020.02.13_15.02.01.csv@2402  reward=QoE= -360.66 eps=0.567 loss=1.0933
[ep  762] loot         static_B_2020.02.27_18.39.27.csv@3634  reward=QoE=   46.41 eps=0.566 loss=1.2820
[ep  763] redandblack  static_B_2020.02.27_18.39.27.csv@2134  reward=QoE=   43.73 eps=0.565 loss=1.1056
[ep  764] soldier      driving_B_2020.02.13_15.02.01.csv@782   reward=QoE=   -8.13 eps=0.565 loss=1.1905
[ep  765] longdress    static_B_2020.02.27_18.39.27.csv@2374  reward=QoE= -207.68 eps=0.564 loss=1.1919
[ep  766] loot         driving_B_2019.12.17_07.32.39.csv@1341  reward=QoE=   53.09 eps=0.564 loss=1.1150
[ep  767] redandblack  driving_B_2019.12.17_07.32.39.csv@141   reward=QoE=  -17.06 eps=0.563 loss=1.1444
[ep  768] soldier      driving_B_2019.12.17_07.32.39.csv@1101  reward=QoE=   -8.15 eps=0.563 loss=1.1548
[ep  769] longdress    driving_B_2020.02.13_13.03.24.csv@776   reward=QoE=  -81.32 eps=0.562 loss=1.2577
[ep  770] loot         driving_B_2020.02.13_15.02.01.csv@1502  reward=QoE=  -42.48 eps=0.561 loss=1.2057
[ep  771] redandblack  static_B_2020.02.27_18.39.27.csv@5614  reward=QoE=   56.32 eps=0.561 loss=1.3652
[ep  772] soldier      driving_B_2020.02.27_17.30.15.csv@689   reward=QoE= -348.26 eps=0.560 loss=1.0958
[ep  773] longdress    driving_B_2020.02.13_15.02.01.csv@1442  reward=QoE=  -85.00 eps=0.560 loss=1.1190
[ep  774] loot         driving_B_2020.02.13_15.02.01.csv@2342  reward=QoE= -314.93 eps=0.559 loss=1.1748
[ep  775] redandblack  static_B_2020.02.14_13.21.26.csv@755   reward=QoE=   58.43 eps=0.559 loss=1.2451
[ep  776] soldier      static_B_2019.12.16_13.40.04.csv@760   reward=QoE=   55.07 eps=0.558 loss=1.0982
[ep  777] longdress    static_B_2020.02.27_18.39.27.csv@334   reward=QoE=   59.70 eps=0.557 loss=1.2085
[ep  778] loot         static_B_2020.02.27_18.39.27.csv@5374  reward=QoE=   57.40 eps=0.557 loss=1.2597
[ep  779] redandblack  driving_B_2020.02.13_15.02.01.csv@2222  reward=QoE=   42.61 eps=0.556 loss=1.1042
[ep  780] soldier      driving_B_2020.01.16_07.26.43.csv@746   reward=QoE=   -2.64 eps=0.556 loss=1.2648
[ep  781] longdress    static_B_2020.02.27_18.39.27.csv@3874  reward=QoE=  -29.68 eps=0.555 loss=1.1504
[ep  782] loot         static_B_2019.12.16_13.40.04.csv@1360  reward=QoE=   31.99 eps=0.555 loss=1.2190
[ep  783] redandblack  driving_B_2020.02.13_13.03.24.csv@1676  reward=QoE=   35.27 eps=0.554 loss=1.0003
[ep  784] soldier      driving_B_2020.02.14_12.58.17.csv@500   reward=QoE= -189.09 eps=0.553 loss=1.0871
[ep  785] longdress    driving_B_2020.01.16_09.56.56.csv@654   reward=QoE= -101.74 eps=0.553 loss=1.1431
[ep  786] loot         static_B_2019.12.16_13.40.04.csv@220   reward=QoE=   23.30 eps=0.552 loss=1.0536
[ep  787] redandblack  static_B_2020.02.27_18.39.27.csv@2554  reward=QoE=   40.86 eps=0.552 loss=1.2527
[ep  788] soldier      driving_B_2020.01.16_09.56.56.csv@1570  reward=QoE=   15.61 eps=0.551 loss=1.1819
[ep  789] longdress    static_B_2020.02.14_13.21.26.csv@455   reward=QoE=   59.45 eps=0.551 loss=1.2201
[ep  790] loot         static_B_2020.02.27_18.39.27.csv@5014  reward=QoE=   49.50 eps=0.550 loss=1.2471
[ep  791] redandblack  static_B_2020.02.14_13.21.26.csv@575   reward=QoE=   50.66 eps=0.549 loss=1.1352
[ep  792] soldier      static_B_2019.12.16_13.40.04.csv@1060  reward=QoE=   15.44 eps=0.549 loss=1.0384
[ep  793] longdress    driving_B_2020.02.14_12.58.17.csv@80    reward=QoE= -192.38 eps=0.548 loss=1.1216
[ep  794] loot         driving_B_2020.02.13_15.02.01.csv@2754  reward=QoE=  -44.03 eps=0.548 loss=1.2231
[ep  795] redandblack  driving_B_2019.12.17_07.32.39.csv@1401  reward=QoE= -156.00 eps=0.547 loss=1.2800
[ep  796] soldier      static_B_2019.12.16_13.40.04.csv@340   reward=QoE=  -16.28 eps=0.547 loss=1.1517
[ep  797] longdress    driving_B_2019.12.16_12.27.05.csv@687   reward=QoE=  -45.14 eps=0.546 loss=1.2519
[ep  798] loot         driving_B_2019.12.16_12.27.05.csv@207   reward=QoE=  -21.89 eps=0.546 loss=1.5291
[ep  799] redandblack  driving_B_2020.02.13_13.03.24.csv@836   reward=QoE=  -52.05 eps=0.545 loss=1.1208
[ep  800] soldier      driving_B_2020.01.16_07.26.43.csv@1166  reward=QoE=  -13.44 eps=0.544 loss=1.0724
    [eval @ ep 800] reward=QoE=-710.68 mean_q=0.544 stall=172.3s  <-- best (saved)
[ep  801] longdress    driving_B_2020.02.13_15.02.01.csv@62    reward=QoE=   44.87 eps=0.544 loss=1.1452
[ep  802] loot         driving_B_2020.01.16_09.56.56.csv@1434  reward=QoE=   58.72 eps=0.543 loss=1.3446
[ep  803] redandblack  static_B_2020.02.27_18.39.27.csv@1594  reward=QoE=   38.50 eps=0.543 loss=1.1687
[ep  804] soldier      static_B_2019.12.16_13.40.04.csv@100   reward=QoE=   50.09 eps=0.542 loss=1.2676
[ep  805] longdress    driving_B_2020.01.16_12.10.03.csv@81    reward=QoE=   42.38 eps=0.542 loss=1.3412
[ep  806] loot         driving_B_2020.02.13_13.03.24.csv@1916  reward=QoE= -291.67 eps=0.541 loss=1.3043
[ep  807] redandblack  static_B_2020.02.27_18.39.27.csv@5434  reward=QoE=   20.39 eps=0.540 loss=1.3491
[ep  808] soldier      driving_B_2020.01.16_09.56.56.csv@234   reward=QoE=   19.37 eps=0.540 loss=1.2542
[ep  809] longdress    driving_B_2019.12.17_07.32.39.csv@1281  reward=QoE=   16.54 eps=0.539 loss=1.2123
[ep  810] loot         static_B_2020.02.14_13.21.26.csv@695   reward=QoE=   52.63 eps=0.539 loss=1.2111
[ep  811] redandblack  driving_B_2019.12.16_12.27.05.csv@387   reward=QoE= -145.53 eps=0.538 loss=1.4427
[ep  812] soldier      driving_B_2020.02.14_09.38.22.csv@1225  reward=QoE= -101.52 eps=0.538 loss=1.2968
[ep  813] longdress    driving_B_2020.01.16_09.56.56.csv@954   reward=QoE=   -8.74 eps=0.537 loss=1.4153
[ep  814] loot         static_B_2019.12.16_13.40.04.csv@160   reward=QoE=   46.78 eps=0.536 loss=1.3800
[ep  815] redandblack  static_B_2020.02.27_18.39.27.csv@5314  reward=QoE=   52.09 eps=0.536 loss=1.2905
[ep  816] soldier      static_B_2019.12.16_13.40.04.csv@1300  reward=QoE=   40.78 eps=0.535 loss=1.3227
[ep  817] longdress    driving_B_2020.02.13_13.03.24.csv@1256  reward=QoE= -175.78 eps=0.535 loss=1.2732
[ep  818] loot         static_B_2020.02.27_18.39.27.csv@4414  reward=QoE=   58.97 eps=0.534 loss=1.2377
[ep  819] redandblack  static_B_2020.02.27_18.39.27.csv@3334  reward=QoE=   40.96 eps=0.534 loss=1.2907
[ep  820] soldier      driving_B_2020.01.16_12.10.03.csv@141   reward=QoE=   49.67 eps=0.533 loss=1.4155
[ep  821] longdress    driving_B_2020.02.13_13.03.24.csv@1796  reward=QoE= -999.46 eps=0.532 loss=1.4146
[ep  822] loot         driving_B_2020.02.13_13.03.24.csv@956   reward=QoE=  -62.42 eps=0.532 loss=1.2842
[ep  823] redandblack  driving_B_2019.12.17_07.32.39.csv@2001  reward=QoE=   39.58 eps=0.531 loss=1.2123
[ep  824] soldier      static_B_2020.02.27_18.39.27.csv@1054  reward=QoE=   32.80 eps=0.531 loss=1.2699
[ep  825] longdress    static_B_2020.02.14_13.21.26.csv@215   reward=QoE=   58.29 eps=0.530 loss=1.4014
[ep  826] loot         static_B_2020.02.27_18.39.27.csv@2794  reward=QoE=   47.45 eps=0.530 loss=1.1819
[ep  827] redandblack  driving_B_2020.02.14_12.58.17.csv@620   reward=QoE=  -48.17 eps=0.529 loss=1.3329
[ep  828] soldier      static_B_2020.02.27_18.39.27.csv@4294  reward=QoE=   29.29 eps=0.528 loss=1.2332
[ep  829] longdress    driving_B_2020.02.14_12.58.17.csv@440   reward=QoE= -397.02 eps=0.528 loss=1.2484
[ep  830] loot         driving_B_2019.12.17_07.32.39.csv@21    reward=QoE=   11.65 eps=0.527 loss=1.5981
[ep  831] redandblack  driving_B_2020.01.16_07.26.43.csv@1226  reward=QoE=   -7.93 eps=0.527 loss=1.2427
[ep  832] soldier      driving_B_2020.02.13_15.02.01.csv@1322  reward=QoE= -324.47 eps=0.526 loss=1.3856
[ep  833] longdress    static_B_2019.12.16_13.40.04.csv@1904  reward=QoE=  -51.13 eps=0.526 loss=1.3729
[ep  834] loot         driving_B_2020.02.13_13.03.24.csv@416   reward=QoE=  -36.34 eps=0.525 loss=1.2037
[ep  835] redandblack  driving_B_2020.01.16_07.26.43.csv@283   reward=QoE=  -19.13 eps=0.524 loss=1.3417
[ep  836] soldier      driving_B_2019.12.17_07.32.39.csv@1670  reward=QoE= -130.41 eps=0.524 loss=1.2932
[ep  837] longdress    driving_B_2020.02.13_13.03.24.csv@278   reward=QoE=   -6.48 eps=0.523 loss=1.3991
[ep  838] loot         static_B_2019.12.16_13.40.04.csv@1290  reward=QoE=   51.83 eps=0.523 loss=1.3500
[ep  839] redandblack  driving_B_2020.02.14_09.38.22.csv@1400  reward=QoE=  -44.43 eps=0.522 loss=1.2742
[ep  840] soldier      static_B_2020.02.27_18.39.27.csv@4574  reward=QoE=   31.76 eps=0.522 loss=1.3317
[ep  841] longdress    driving_B_2020.02.13_15.02.01.csv@2373  reward=QoE= -238.67 eps=0.521 loss=1.2321
[ep  842] loot         static_B_2020.02.27_18.39.27.csv@1694  reward=QoE=   36.83 eps=0.520 loss=1.2569
[ep  843] redandblack  driving_B_2020.02.13_15.02.01.csv@1473  reward=QoE=  -95.95 eps=0.520 loss=1.2776
[ep  844] soldier      driving_B_2020.02.27_17.30.15.csv@720   reward=QoE= -341.80 eps=0.519 loss=1.1302
[ep  845] longdress    driving_B_2019.12.17_07.32.39.csv@1970  reward=QoE=   41.87 eps=0.519 loss=1.1685
[ep  846] loot         static_B_2020.02.27_18.39.27.csv@4274  reward=QoE=   60.40 eps=0.518 loss=1.2943
[ep  847] redandblack  static_B_2020.02.27_18.39.27.csv@4514  reward=QoE=   21.73 eps=0.518 loss=1.2575
[ep  848] soldier      driving_B_2020.02.14_09.38.22.csv@20    reward=QoE= -109.89 eps=0.517 loss=1.3138
[ep  849] longdress    driving_B_2019.12.17_07.32.39.csv@770   reward=QoE=  -10.03 eps=0.516 loss=1.2579
[ep  850] loot         driving_B_2020.02.14_09.38.22.csv@440   reward=QoE=   16.96 eps=0.516 loss=1.1744
[ep  851] redandblack  driving_B_2020.01.16_07.26.43.csv@1423  reward=QoE=  -40.60 eps=0.515 loss=1.2457
[ep  852] soldier      static_B_2020.02.27_18.39.27.csv@734   reward=QoE=   11.56 eps=0.515 loss=1.2306
[ep  853] longdress    driving_B_2019.12.17_07.32.39.csv@2210  reward=QoE=  -45.30 eps=0.514 loss=1.3514
[ep  854] loot         driving_B_2019.12.16_12.27.05.csv@1006  reward=QoE=   59.35 eps=0.514 loss=1.2274
[ep  855] redandblack  driving_B_2020.01.16_09.56.56.csv@72    reward=QoE=  -34.47 eps=0.513 loss=1.3031
[ep  856] soldier      static_B_2020.02.27_18.39.27.csv@5534  reward=QoE=   60.98 eps=0.512 loss=1.2858
[ep  857] longdress    driving_B_2019.12.17_07.32.39.csv@1730  reward=QoE= -160.35 eps=0.512 loss=1.0880
[ep  858] loot         driving_B_2020.02.14_12.58.17.csv@800   reward=QoE=  -16.48 eps=0.511 loss=1.2733
[ep  859] redandblack  static_B_2020.02.14_13.21.26.csv@1     reward=QoE=   13.27 eps=0.511 loss=1.3057
[ep  860] soldier      driving_B_2020.02.13_13.03.24.csv@2188  reward=QoE= -306.29 eps=0.510 loss=1.3674
[ep  861] longdress    driving_B_2020.01.16_07.26.43.csv@1770  reward=QoE= -118.89 eps=0.510 loss=1.3906
[ep  862] loot         driving_B_2020.01.16_12.10.03.csv@244   reward=QoE=   55.04 eps=0.509 loss=1.3807
[ep  863] redandblack  static_B_2020.02.27_18.39.27.csv@3854  reward=QoE=   10.51 eps=0.508 loss=1.3006
[ep  864] soldier      static_B_2020.02.14_13.21.26.csv@241   reward=QoE=   69.48 eps=0.508 loss=1.3336
[ep  865] longdress    driving_B_2020.02.13_13.03.24.csv@1598  reward=QoE= -219.62 eps=0.507 loss=1.3181
[ep  866] loot         driving_B_2019.12.17_07.32.39.csv@1370  reward=QoE=   56.88 eps=0.507 loss=1.2795
[ep  867] redandblack  static_B_2019.12.16_13.40.04.csv@1830  reward=QoE=    4.79 eps=0.506 loss=1.2532
[ep  868] soldier      driving_B_2020.02.14_09.38.22.csv@380   reward=QoE= -135.90 eps=0.506 loss=1.1831
[ep  869] longdress    driving_B_2020.02.13_15.02.01.csv@1773  reward=QoE=   48.78 eps=0.505 loss=1.2432
[ep  870] loot         driving_B_2020.01.16_07.26.43.csv@883   reward=QoE=  -36.40 eps=0.505 loss=1.1603
[ep  871] redandblack  driving_B_2020.01.16_07.26.43.csv@1063  reward=QoE=   33.13 eps=0.504 loss=1.2847
[ep  872] soldier      static_B_2020.02.14_13.21.26.csv@721   reward=QoE=   59.22 eps=0.503 loss=1.2879
[ep  873] longdress    driving_B_2020.02.14_12.58.17.csv@220   reward=QoE= -647.85 eps=0.503 loss=1.3204
[ep  874] loot         driving_B_2020.02.13_13.03.24.csv@398   reward=QoE=  -26.77 eps=0.502 loss=1.3652
[ep  875] redandblack  static_B_2020.02.27_18.39.27.csv@614   reward=QoE=   36.03 eps=0.502 loss=1.1765
[ep  876] soldier      driving_B_2020.01.16_09.56.56.csv@1152  reward=QoE=  -72.02 eps=0.501 loss=1.2103
[ep  877] longdress    driving_B_2020.01.16_09.56.56.csv@1212  reward=QoE=   -1.14 eps=0.501 loss=1.2991
[ep  878] loot         static_B_2020.02.27_18.39.27.csv@4034  reward=QoE=   26.99 eps=0.500 loss=1.2892
[ep  879] redandblack  static_B_2020.02.14_13.21.26.csv@781   reward=QoE=   37.70 eps=0.499 loss=1.2615
[ep  880] soldier      driving_B_2019.12.17_07.32.39.csv@950   reward=QoE=  -68.23 eps=0.499 loss=1.4173
[ep  881] longdress    static_B_2020.02.27_18.39.27.csv@974   reward=QoE=   46.13 eps=0.498 loss=1.3467
[ep  882] loot         driving_B_2020.02.13_13.03.24.csv@158   reward=QoE=  -44.19 eps=0.498 loss=1.4463
[ep  883] redandblack  driving_B_2020.02.14_12.58.17.csv@580   reward=QoE=  -37.14 eps=0.497 loss=1.3134
[ep  884] soldier      driving_B_2020.02.13_15.02.01.csv@453   reward=QoE=  -38.94 eps=0.497 loss=1.2832
[ep  885] longdress    driving_B_2020.01.16_09.56.56.csv@192   reward=QoE=   18.06 eps=0.496 loss=1.2107
[ep  886] loot         static_B_2020.02.27_18.39.27.csv@1454  reward=QoE=   48.13 eps=0.495 loss=1.3171
[ep  887] redandblack  driving_B_2019.12.17_07.32.39.csv@1790  reward=QoE=  -68.95 eps=0.495 loss=1.2283
[ep  888] soldier      driving_B_2020.01.16_09.56.56.csv@252   reward=QoE=  -19.78 eps=0.494 loss=1.2179
[ep  889] longdress    driving_B_2020.02.13_13.03.24.csv@818   reward=QoE=  -43.73 eps=0.494 loss=1.4337
[ep  890] loot         static_B_2020.02.27_18.39.27.csv@14    reward=QoE=   30.02 eps=0.493 loss=1.2080
[ep  891] redandblack  driving_B_2020.02.13_15.02.01.csv@1593  reward=QoE= -394.64 eps=0.493 loss=1.2823
[ep  892] soldier      static_B_2020.02.27_18.39.27.csv@2354  reward=QoE= -307.99 eps=0.492 loss=1.2219
[ep  893] longdress    driving_B_2020.02.27_17.30.15.csv@364   reward=QoE=  -81.05 eps=0.491 loss=1.2205
[ep  894] loot         driving_B_2019.12.17_07.32.39.csv@2150  reward=QoE=  -52.50 eps=0.491 loss=1.3620
[ep  895] redandblack  driving_B_2020.01.16_09.56.56.csv@1332  reward=QoE=   51.03 eps=0.490 loss=1.4735
[ep  896] soldier      static_B_2019.12.16_13.40.04.csv@510   reward=QoE=   20.96 eps=0.490 loss=1.2767
[ep  897] longdress    driving_B_2020.02.13_13.03.24.csv@1118  reward=QoE= -140.92 eps=0.489 loss=1.3816
[ep  898] loot         driving_B_2020.02.13_15.02.01.csv@993   reward=QoE=  -14.66 eps=0.489 loss=1.3331
[ep  899] redandblack  driving_B_2020.02.14_09.38.22.csv@800   reward=QoE= -159.54 eps=0.488 loss=1.3132
[ep  900] soldier      driving_B_2020.02.14_12.58.17.csv@100   reward=QoE=  -24.20 eps=0.487 loss=1.2488
[ep  901] longdress    driving_B_2020.02.13_13.03.24.csv@698   reward=QoE=  -73.13 eps=0.487 loss=1.1656
[ep  902] loot         static_B_2020.02.27_18.39.27.csv@5714  reward=QoE=   33.73 eps=0.486 loss=1.2535
[ep  903] redandblack  static_B_2019.12.16_13.40.04.csv@30    reward=QoE=   48.02 eps=0.486 loss=1.3393
[ep  904] soldier      driving_B_2019.12.17_07.32.39.csv@110   reward=QoE=  -24.75 eps=0.485 loss=1.3592
[ep  905] longdress    driving_B_2020.01.16_09.56.56.csv@852   reward=QoE=  -47.40 eps=0.485 loss=1.2486
[ep  906] loot         driving_B_2019.12.16_12.27.05.csv@1126  reward=QoE=   28.90 eps=0.484 loss=1.3626
[ep  907] redandblack  static_B_2020.02.27_18.39.27.csv@1574  reward=QoE=   40.66 eps=0.483 loss=1.3655
[ep  908] soldier      static_B_2020.02.14_13.21.26.csv@121   reward=QoE=   62.55 eps=0.483 loss=1.2191
[ep  909] longdress    driving_B_2020.02.14_09.38.22.csv@980   reward=QoE= -116.13 eps=0.482 loss=1.3228
[ep  910] loot         static_B_2019.12.16_13.40.04.csv@990   reward=QoE=   46.87 eps=0.482 loss=1.2742
[ep  911] redandblack  driving_B_2020.02.13_15.02.01.csv@1413  reward=QoE=  -39.42 eps=0.481 loss=1.3422
[ep  912] soldier      driving_B_2020.02.13_15.02.01.csv@93    reward=QoE=   66.75 eps=0.481 loss=1.3330
[ep  913] longdress    static_B_2020.02.27_18.39.27.csv@1154  reward=QoE=  -27.51 eps=0.480 loss=1.2724
[ep  914] loot         driving_B_2020.02.13_15.02.01.csv@2613  reward=QoE=   42.54 eps=0.479 loss=1.3010
[ep  915] redandblack  driving_B_2020.02.14_12.58.17.csv@640   reward=QoE=   12.87 eps=0.479 loss=1.3295
[ep  916] soldier      static_B_2019.12.16_13.40.04.csv@90    reward=QoE=   51.47 eps=0.478 loss=1.3742
[ep  917] longdress    static_B_2020.02.27_18.39.27.csv@2414  reward=QoE=   42.41 eps=0.478 loss=1.2616
[ep  918] loot         driving_B_2019.12.17_07.32.39.csv@1130  reward=QoE=   58.73 eps=0.477 loss=1.4065
[ep  919] redandblack  driving_B_2020.01.16_12.10.03.csv@215   reward=QoE=   48.80 eps=0.477 loss=1.2613
[ep  920] soldier      driving_B_2019.12.17_07.32.39.csv@2288  reward=QoE=   38.65 eps=0.476 loss=1.2821
[ep  921] longdress    driving_B_2020.01.16_09.56.56.csv@1392  reward=QoE=    8.11 eps=0.475 loss=1.3178
[ep  922] loot         static_B_2019.12.16_13.40.04.csv@570   reward=QoE=   54.07 eps=0.475 loss=1.3495
[ep  923] redandblack  static_B_2020.02.27_18.39.27.csv@1514  reward=QoE=   55.34 eps=0.474 loss=1.3624
[ep  924] soldier      driving_B_2020.02.13_15.02.01.csv@1893  reward=QoE=   13.11 eps=0.474 loss=1.3917
[ep  925] longdress    static_B_2020.02.27_18.39.27.csv@4994  reward=QoE=   49.08 eps=0.473 loss=1.3194
[ep  926] loot         static_B_2020.02.27_18.39.27.csv@194   reward=QoE=   63.89 eps=0.473 loss=1.4016
[ep  927] redandblack  driving_B_2020.02.13_15.02.01.csv@873   reward=QoE=   69.19 eps=0.472 loss=1.2821
[ep  928] soldier      driving_B_2020.02.14_09.38.22.csv@1160  reward=QoE=  -98.87 eps=0.471 loss=1.2582
[ep  929] longdress    driving_B_2020.02.14_09.38.22.csv@1340  reward=QoE=   60.98 eps=0.471 loss=1.2373
[ep  930] loot         driving_B_2019.12.16_12.27.05.csv@46    reward=QoE=  -14.99 eps=0.470 loss=1.3800
[ep  931] redandblack  static_B_2019.12.16_13.40.04.csv@1410  reward=QoE=  -38.54 eps=0.470 loss=1.3078
[ep  932] soldier      static_B_2020.02.27_18.39.27.csv@4334  reward=QoE=   32.48 eps=0.469 loss=1.2964
[ep  933] longdress    static_B_2020.02.27_18.39.27.csv@854   reward=QoE=   44.72 eps=0.469 loss=1.1587
[ep  934] loot         static_B_2020.02.27_18.39.27.csv@1094  reward=QoE=    7.77 eps=0.468 loss=1.2324
[ep  935] redandblack  static_B_2020.02.27_18.39.27.csv@3494  reward=QoE=   51.96 eps=0.467 loss=1.6221
[ep  936] soldier      static_B_2020.02.27_18.39.27.csv@2594  reward=QoE=   46.39 eps=0.467 loss=1.3370
[ep  937] longdress    driving_B_2019.12.17_07.32.39.csv@2270  reward=QoE=   42.10 eps=0.466 loss=1.4541
[ep  938] loot         driving_B_2020.02.14_09.38.22.csv@1460  reward=QoE=    8.68 eps=0.466 loss=1.1951
[ep  939] redandblack  static_B_2020.02.27_18.39.27.csv@2834  reward=QoE=   58.41 eps=0.465 loss=1.3802
[ep  940] soldier      driving_B_2020.02.13_15.02.01.csv@2493  reward=QoE= -170.29 eps=0.465 loss=1.3006
[ep  941] longdress    driving_B_2020.02.13_15.02.01.csv@1113  reward=QoE=   62.42 eps=0.464 loss=1.2218
[ep  942] loot         driving_B_2020.01.16_07.26.43.csv@403   reward=QoE=  -56.72 eps=0.463 loss=1.3813
[ep  943] redandblack  driving_B_2020.02.13_13.03.24.csv@1958  reward=QoE= -171.40 eps=0.463 loss=1.2724
[ep  944] soldier      driving_B_2020.01.16_07.26.43.csv@163   reward=QoE= -218.62 eps=0.462 loss=1.2454
[ep  945] longdress    static_B_2020.02.27_18.39.27.csv@5054  reward=QoE=   39.76 eps=0.462 loss=1.3344
[ep  946] loot         static_B_2020.02.27_18.39.27.csv@1994  reward=QoE=   31.14 eps=0.461 loss=1.2748
[ep  947] redandblack  driving_B_2020.01.16_09.56.56.csv@1092  reward=QoE=  -40.20 eps=0.461 loss=1.3885
[ep  948] soldier      driving_B_2020.02.13_15.02.01.csv@1713  reward=QoE=   34.56 eps=0.460 loss=1.4811
[ep  949] longdress    static_B_2020.02.27_18.39.27.csv@2654  reward=QoE=   33.58 eps=0.460 loss=1.3979
[ep  950] loot         static_B_2020.02.27_18.39.27.csv@2954  reward=QoE=   61.10 eps=0.459 loss=1.5792
[ep  951] redandblack  driving_B_2020.01.16_07.26.43.csv@1183  reward=QoE=  -49.98 eps=0.458 loss=1.1742
[ep  952] soldier      driving_B_2020.02.13_13.03.24.csv@998   reward=QoE=  -45.87 eps=0.458 loss=1.3444
[ep  953] longdress    driving_B_2019.12.17_07.32.39.csv@530   reward=QoE= -103.95 eps=0.457 loss=1.2457
[ep  954] loot         driving_B_2020.01.16_09.56.56.csv@972   reward=QoE=  -40.19 eps=0.457 loss=1.3589
[ep  955] redandblack  static_B_2019.12.16_13.40.04.csv@1170  reward=QoE= -183.69 eps=0.456 loss=1.3005
[ep  956] soldier      driving_B_2020.01.16_07.26.43.csv@1603  reward=QoE=  -94.46 eps=0.456 loss=1.4115
[ep  957] longdress    driving_B_2020.01.16_12.10.03.csv@155   reward=QoE=   62.09 eps=0.455 loss=1.2558
[ep  958] loot         driving_B_2020.02.27_17.30.15.csv@4     reward=QoE= -100.24 eps=0.454 loss=1.4172
[ep  959] redandblack  static_B_2020.02.27_18.39.27.csv@4814  reward=QoE=   41.98 eps=0.454 loss=1.5297
[ep  960] soldier      driving_B_2020.02.13_15.02.01.csv@2193  reward=QoE=   25.62 eps=0.453 loss=1.3044
[ep  961] longdress    driving_B_2020.02.13_13.03.24.csv@578   reward=QoE=  -43.85 eps=0.453 loss=1.3937
[ep  962] loot         static_B_2020.02.27_18.39.27.csv@4394  reward=QoE=   55.57 eps=0.452 loss=1.3671
[ep  963] redandblack  static_B_2020.02.27_18.39.27.csv@4874  reward=QoE=   -1.61 eps=0.452 loss=1.2620
[ep  964] soldier      driving_B_2020.01.16_07.26.43.csv@1770  reward=QoE=  -96.06 eps=0.451 loss=1.3367
[ep  965] longdress    static_B_2020.02.27_18.39.27.csv@3794  reward=QoE=   16.60 eps=0.450 loss=1.1448
[ep  966] loot         static_B_2020.02.27_18.39.27.csv@3614  reward=QoE=   47.35 eps=0.450 loss=1.2390
[ep  967] redandblack  driving_B_2020.01.16_09.56.56.csv@732   reward=QoE=   39.46 eps=0.449 loss=1.3370
[ep  968] soldier      driving_B_2020.02.13_13.03.24.csv@1898  reward=QoE= -607.80 eps=0.449 loss=1.2619
[ep  969] longdress    driving_B_2020.02.27_17.30.15.csv@244   reward=QoE= -336.85 eps=0.448 loss=1.1854
[ep  970] loot         driving_B_2019.12.17_07.32.39.csv@590   reward=QoE=   -3.13 eps=0.448 loss=1.3694
[ep  971] redandblack  driving_B_2020.01.16_09.56.56.csv@552   reward=QoE=   34.81 eps=0.447 loss=1.4484
[ep  972] soldier      static_B_2020.02.27_18.39.27.csv@134   reward=QoE=   11.02 eps=0.446 loss=1.2695
[ep  973] longdress    static_B_2020.02.27_18.39.27.csv@2474  reward=QoE=   42.67 eps=0.446 loss=1.2558
[ep  974] loot         static_B_2020.02.27_18.39.27.csv@5594  reward=QoE=   50.13 eps=0.445 loss=1.2958
[ep  975] redandblack  driving_B_2020.02.14_09.38.22.csv@500   reward=QoE=   20.94 eps=0.445 loss=1.2740
[ep  976] soldier      driving_B_2020.02.13_15.02.01.csv@333   reward=QoE=   65.94 eps=0.444 loss=1.1671
[ep  977] longdress    static_B_2020.02.27_18.39.27.csv@3314  reward=QoE=   61.67 eps=0.444 loss=1.4249
[ep  978] loot         driving_B_2020.02.13_15.02.01.csv@2553  reward=QoE=   29.99 eps=0.443 loss=1.2763
[ep  979] redandblack  driving_B_2020.02.14_09.38.22.csv@1100  reward=QoE=  -88.21 eps=0.442 loss=1.2465
[ep  980] soldier      driving_B_2019.12.16_12.27.05.csv@1152  reward=QoE=  -25.43 eps=0.442 loss=1.3666
[ep  981] longdress    static_B_2020.02.27_18.39.27.csv@2534  reward=QoE=   47.99 eps=0.441 loss=1.4621
[ep  982] loot         driving_B_2020.02.27_17.30.15.csv@544   reward=QoE=  -73.83 eps=0.441 loss=1.3216
[ep  983] redandblack  static_B_2019.12.16_13.40.04.csv@1470  reward=QoE=   44.98 eps=0.440 loss=1.3152
[ep  984] soldier      driving_B_2020.02.13_13.03.24.csv@1178  reward=QoE=  -34.33 eps=0.440 loss=1.3381
[ep  985] longdress    driving_B_2020.02.14_09.38.22.csv@740   reward=QoE=  -58.68 eps=0.439 loss=1.3018
[ep  986] loot         driving_B_2020.01.16_09.56.56.csv@432   reward=QoE=  -24.32 eps=0.438 loss=1.2422
[ep  987] redandblack  driving_B_2020.02.13_13.03.24.csv@1238  reward=QoE=  -59.61 eps=0.438 loss=1.3336
[ep  988] soldier      static_B_2020.02.14_13.21.26.csv@841   reward=QoE=   24.78 eps=0.437 loss=1.2411
[ep  989] longdress    driving_B_2020.02.14_12.58.17.csv@400   reward=QoE= -220.27 eps=0.437 loss=1.3204
[ep  990] loot         static_B_2019.12.16_13.40.04.csv@1710  reward=QoE=   58.00 eps=0.436 loss=1.5201
[ep  991] redandblack  static_B_2019.12.16_13.40.04.csv@150   reward=QoE=   37.74 eps=0.436 loss=1.2059
[ep  992] soldier      static_B_2020.02.27_18.39.27.csv@314   reward=QoE=   44.26 eps=0.435 loss=1.2355
[ep  993] longdress    driving_B_2019.12.17_07.32.39.csv@470   reward=QoE=   30.92 eps=0.434 loss=1.3437
[ep  994] loot         driving_B_2019.12.17_07.32.39.csv@230   reward=QoE=   -6.53 eps=0.434 loss=1.3685
[ep  995] redandblack  driving_B_2019.12.17_07.32.39.csv@2030  reward=QoE=  -26.94 eps=0.433 loss=1.2915
[ep  996] soldier      driving_B_2020.01.16_09.56.56.csv@1032  reward=QoE=  -77.78 eps=0.433 loss=1.3291
[ep  997] longdress    driving_B_2019.12.17_07.32.39.csv@1430  reward=QoE=   35.95 eps=0.432 loss=1.4101
[ep  998] loot         driving_B_2020.02.27_17.30.15.csv@720   reward=QoE=  -61.51 eps=0.432 loss=1.2722
[ep  999] redandblack  driving_B_2020.01.16_07.26.43.csv@763   reward=QoE=   43.85 eps=0.431 loss=1.2555
[ep 1000] soldier      static_B_2020.02.14_13.21.26.csv@361   reward=QoE=   30.21 eps=0.430 loss=1.3215
[ep 1001] longdress    static_B_2020.02.27_18.39.27.csv@5354  reward=QoE=   61.61 eps=0.430 loss=1.3827
[ep 1002] loot         static_B_2019.12.16_13.40.04.csv@1350  reward=QoE=   52.27 eps=0.429 loss=1.5046
[ep 1003] redandblack  static_B_2020.02.27_18.39.27.csv@4214  reward=QoE=   64.20 eps=0.429 loss=1.2617
[ep 1004] soldier      static_B_2020.02.27_18.39.27.csv@5234  reward=QoE=   27.79 eps=0.428 loss=1.3375
[ep 1005] longdress    static_B_2019.12.16_13.40.04.csv@870   reward=QoE=   50.98 eps=0.428 loss=1.3275
[ep 1006] loot         driving_B_2020.02.13_15.02.01.csv@1053  reward=QoE=   62.91 eps=0.427 loss=1.2175
[ep 1007] redandblack  driving_B_2020.02.14_09.38.22.csv@620   reward=QoE=   15.45 eps=0.426 loss=1.3649
[ep 1008] soldier      driving_B_2019.12.17_07.32.39.csv@1250  reward=QoE=  -38.72 eps=0.426 loss=1.3766
[ep 1009] longdress    static_B_2020.02.27_18.39.27.csv@1274  reward=QoE=   70.18 eps=0.425 loss=1.3200
[ep 1010] loot         driving_B_2019.12.16_12.27.05.csv@466   reward=QoE=  -16.79 eps=0.425 loss=1.3074
[ep 1011] redandblack  static_B_2020.02.27_18.39.27.csv@5474  reward=QoE=   52.39 eps=0.424 loss=1.3865
[ep 1012] soldier      driving_B_2020.02.14_12.58.17.csv@340   reward=QoE= -313.20 eps=0.424 loss=1.3079
[ep 1013] longdress    driving_B_2020.02.13_13.03.24.csv@458   reward=QoE=  -55.13 eps=0.423 loss=1.4642
[ep 1014] loot         driving_B_2020.02.13_13.03.24.csv@2188  reward=QoE= -102.23 eps=0.422 loss=1.4153
[ep 1015] redandblack  driving_B_2020.02.13_15.02.01.csv@2133  reward=QoE=   61.78 eps=0.422 loss=1.3880
[ep 1016] soldier      driving_B_2020.01.16_07.26.43.csv@943   reward=QoE= -131.29 eps=0.421 loss=1.4681
[ep 1017] longdress    driving_B_2019.12.16_12.27.05.csv@706   reward=QoE=   38.32 eps=0.421 loss=1.4098
[ep 1018] loot         driving_B_2020.01.16_07.26.43.csv@1363  reward=QoE=  -53.49 eps=0.420 loss=1.3340
[ep 1019] redandblack  driving_B_2019.12.17_07.32.39.csv@1910  reward=QoE=   13.60 eps=0.420 loss=1.3144
[ep 1020] soldier      static_B_2020.02.14_13.21.26.csv@181   reward=QoE=   50.67 eps=0.419 loss=1.4589
[ep 1021] longdress    driving_B_2019.12.16_12.27.05.csv@1152  reward=QoE=   -8.07 eps=0.419 loss=1.3175
[ep 1022] loot         static_B_2019.12.16_13.40.04.csv@390   reward=QoE=   49.27 eps=0.418 loss=1.3157
[ep 1023] redandblack  driving_B_2019.12.16_12.27.05.csv@946   reward=QoE=   48.32 eps=0.417 loss=1.2910
[ep 1024] soldier      static_B_2020.02.27_18.39.27.csv@5742  reward=QoE=   51.79 eps=0.417 loss=1.4702
[ep 1025] longdress    static_B_2019.12.16_13.40.04.csv@750   reward=QoE=   54.05 eps=0.416 loss=1.4846
[ep 1026] loot         driving_B_2020.02.13_15.02.01.csv@1233  reward=QoE=    6.11 eps=0.416 loss=1.4118
[ep 1027] redandblack  driving_B_2020.01.16_09.56.56.csv@492   reward=QoE=   45.89 eps=0.415 loss=1.3362
[ep 1028] soldier      driving_B_2020.02.14_12.58.17.csv@800   reward=QoE=  -97.15 eps=0.415 loss=1.4343
[ep 1029] longdress    static_B_2020.02.27_18.39.27.csv@4754  reward=QoE=   67.14 eps=0.414 loss=1.3887
[ep 1030] loot         driving_B_2020.02.13_15.02.01.csv@2733  reward=QoE=  -42.78 eps=0.413 loss=1.5110
[ep 1031] redandblack  driving_B_2019.12.17_07.32.39.csv@350   reward=QoE=   25.04 eps=0.413 loss=1.4349
[ep 1032] soldier      driving_B_2020.01.16_07.26.43.csv@823   reward=QoE=    7.75 eps=0.412 loss=1.1847
[ep 1033] longdress    driving_B_2020.01.16_09.56.56.csv@792   reward=QoE=   -4.43 eps=0.412 loss=1.2219
[ep 1034] loot         static_B_2020.02.27_18.39.27.csv@5654  reward=QoE=   53.65 eps=0.411 loss=1.2831
[ep 1035] redandblack  static_B_2020.02.14_13.21.26.csv@541   reward=QoE=   49.22 eps=0.411 loss=1.3640
[ep 1036] soldier      driving_B_2020.02.14_09.38.22.csv@860   reward=QoE=   56.81 eps=0.410 loss=1.3958
[ep 1037] longdress    driving_B_2020.02.13_13.03.24.csv@38    reward=QoE=  -61.91 eps=0.409 loss=1.4074
[ep 1038] loot         driving_B_2020.02.27_17.30.15.csv@304   reward=QoE= -100.71 eps=0.409 loss=1.4037
[ep 1039] redandblack  static_B_2019.12.16_13.40.04.csv@1904  reward=QoE=   21.77 eps=0.408 loss=1.2821
[ep 1040] soldier      driving_B_2020.02.27_17.30.15.csv@424   reward=QoE= -442.96 eps=0.408 loss=1.3565
[ep 1041] longdress    driving_B_2019.12.17_07.32.39.csv@290   reward=QoE=   -0.67 eps=0.407 loss=1.2918
[ep 1042] loot         driving_B_2020.02.13_13.03.24.csv@2138  reward=QoE= -136.21 eps=0.407 loss=1.2661
[ep 1043] redandblack  static_B_2019.12.16_13.40.04.csv@1650  reward=QoE=   61.83 eps=0.406 loss=1.3856
[ep 1044] soldier      driving_B_2020.02.27_17.30.15.csv@484   reward=QoE= -183.46 eps=0.405 loss=1.3156
[ep 1045] longdress    static_B_2020.02.27_18.39.27.csv@674   reward=QoE=   64.00 eps=0.405 loss=1.3884
[ep 1046] loot         driving_B_2020.02.13_13.03.24.csv@218   reward=QoE=  -14.01 eps=0.404 loss=1.5205
[ep 1047] redandblack  driving_B_2020.02.13_15.02.01.csv@2013  reward=QoE=   45.21 eps=0.404 loss=1.4141
[ep 1048] soldier      driving_B_2019.12.17_07.32.39.csv@1610  reward=QoE=  -24.35 eps=0.403 loss=1.3710
[ep 1049] longdress    static_B_2020.02.27_18.39.27.csv@5414  reward=QoE=   47.03 eps=0.403 loss=1.3787
[ep 1050] loot         static_B_2019.12.16_13.40.04.csv@630   reward=QoE=    1.84 eps=0.402 loss=1.3099
[ep 1051] redandblack  driving_B_2020.02.13_15.02.01.csv@1953  reward=QoE=   63.11 eps=0.401 loss=1.3736
[ep 1052] soldier      driving_B_2020.02.13_15.02.01.csv@813   reward=QoE=  -49.65 eps=0.401 loss=1.5040
[ep 1053] longdress    driving_B_2019.12.16_12.27.05.csv@766   reward=QoE=   15.00 eps=0.400 loss=1.3877
[ep 1054] loot         static_B_2020.02.27_18.39.27.csv@3434  reward=QoE=   62.90 eps=0.400 loss=1.2702
[ep 1055] redandblack  driving_B_2020.01.16_07.26.43.csv@1303  reward=QoE=   27.90 eps=0.399 loss=1.2535
[ep 1056] soldier      driving_B_2020.01.16_09.56.56.csv@1452  reward=QoE=   32.45 eps=0.399 loss=1.5781
[ep 1057] longdress    driving_B_2020.01.16_07.26.43.csv@583   reward=QoE=  -47.53 eps=0.398 loss=1.3199
[ep 1058] loot         driving_B_2020.02.13_13.03.24.csv@1778  reward=QoE=   22.76 eps=0.397 loss=1.3764
[ep 1059] redandblack  driving_B_2019.12.17_07.32.39.csv@410   reward=QoE=   48.01 eps=0.397 loss=1.3607
[ep 1060] soldier      static_B_2020.02.27_18.39.27.csv@3074  reward=QoE=   11.44 eps=0.396 loss=1.3358
[ep 1061] longdress    static_B_2020.02.27_18.39.27.csv@2294  reward=QoE=   42.98 eps=0.396 loss=1.2488
[ep 1062] loot         driving_B_2020.02.14_09.38.22.csv@80    reward=QoE=  -41.69 eps=0.395 loss=1.3905
[ep 1063] redandblack  driving_B_2020.02.13_15.02.01.csv@933   reward=QoE=   62.39 eps=0.395 loss=1.3613
[ep 1064] soldier      driving_B_2020.02.13_15.02.01.csv@693   reward=QoE=    8.74 eps=0.394 loss=1.3032
[ep 1065] longdress    static_B_2020.02.27_18.39.27.csv@5742  reward=QoE=   53.15 eps=0.393 loss=1.3656
[ep 1066] loot         driving_B_2020.02.14_09.38.22.csv@200   reward=QoE=  -58.15 eps=0.393 loss=1.3999
[ep 1067] redandblack  driving_B_2020.01.16_09.56.56.csv@312   reward=QoE=   18.91 eps=0.392 loss=1.3663
[ep 1068] soldier      static_B_2020.02.27_18.39.27.csv@1034  reward=QoE=    8.16 eps=0.392 loss=1.2323
[ep 1069] longdress    driving_B_2020.02.13_13.03.24.csv@1058  reward=QoE=  -28.77 eps=0.391 loss=1.5042
[ep 1070] loot         static_B_2020.02.27_18.39.27.csv@2114  reward=QoE=   49.86 eps=0.391 loss=1.3658
[ep 1071] redandblack  driving_B_2020.02.13_15.02.01.csv@1173  reward=QoE=   33.83 eps=0.390 loss=1.5708
[ep 1072] soldier      driving_B_2020.01.16_12.10.03.csv@35    reward=QoE=   57.63 eps=0.389 loss=1.3901
[ep 1073] longdress    driving_B_2020.02.13_15.02.01.csv@1653  reward=QoE= -151.23 eps=0.389 loss=1.3995
[ep 1074] loot         driving_B_2020.01.16_07.26.43.csv@343   reward=QoE=  -69.98 eps=0.388 loss=1.4425
[ep 1075] redandblack  driving_B_2020.02.13_13.03.24.csv@1478  reward=QoE=   38.84 eps=0.388 loss=1.3768
[ep 1076] soldier      driving_B_2019.12.17_07.32.39.csv@1490  reward=QoE=  -22.00 eps=0.387 loss=1.2489
[ep 1077] longdress    driving_B_2020.01.16_07.26.43.csv@43    reward=QoE=   10.45 eps=0.387 loss=1.4965
[ep 1078] loot         static_B_2020.02.27_18.39.27.csv@2714  reward=QoE=   50.99 eps=0.386 loss=1.2899
[ep 1079] redandblack  driving_B_2020.02.27_17.30.15.csv@184   reward=QoE=  -65.55 eps=0.385 loss=1.4482
[ep 1080] soldier      static_B_2020.02.27_18.39.27.csv@2234  reward=QoE=   44.33 eps=0.385 loss=1.3815
[ep 1081] longdress    static_B_2020.02.27_18.39.27.csv@1874  reward=QoE=   49.29 eps=0.384 loss=1.3712
[ep 1082] loot         driving_B_2020.01.16_09.56.56.csv@1512  reward=QoE=   67.88 eps=0.384 loss=1.4255
[ep 1083] redandblack  driving_B_2020.01.16_07.26.43.csv@103   reward=QoE=   -8.44 eps=0.383 loss=1.3913
[ep 1084] soldier      static_B_2020.02.27_18.39.27.csv@2174  reward=QoE=   57.48 eps=0.383 loss=1.4361
[ep 1085] longdress    driving_B_2020.02.13_15.02.01.csv@2073  reward=QoE=  -68.29 eps=0.382 loss=1.2843
[ep 1086] loot         driving_B_2020.02.13_13.03.24.csv@1838  reward=QoE= -659.73 eps=0.381 loss=1.4868
[ep 1087] redandblack  driving_B_2020.02.13_13.03.24.csv@878   reward=QoE=  -81.71 eps=0.381 loss=1.2837
[ep 1088] soldier      driving_B_2019.12.16_12.27.05.csv@586   reward=QoE=   -8.79 eps=0.380 loss=1.2778
[ep 1089] longdress    static_B_2020.02.27_18.39.27.csv@4094  reward=QoE=   68.36 eps=0.380 loss=1.3829
[ep 1090] loot         static_B_2019.12.16_13.40.04.csv@930   reward=QoE=   17.52 eps=0.379 loss=1.5779
[ep 1091] redandblack  driving_B_2020.01.16_07.26.43.csv@1543  reward=QoE=  -54.04 eps=0.379 loss=1.4424
[ep 1092] soldier      driving_B_2019.12.17_07.32.39.csv@1550  reward=QoE=  -10.59 eps=0.378 loss=1.2834
[ep 1093] longdress    driving_B_2019.12.17_07.32.39.csv@710   reward=QoE=  -22.69 eps=0.377 loss=1.3425
[ep 1094] loot         static_B_2019.12.16_13.40.04.csv@1890  reward=QoE= -108.21 eps=0.377 loss=1.2912
[ep 1095] redandblack  driving_B_2020.02.14_12.58.17.csv@40    reward=QoE=   16.71 eps=0.376 loss=1.3367
[ep 1096] soldier      static_B_2020.02.14_13.21.26.csv@61    reward=QoE=   63.19 eps=0.376 loss=1.1907
[ep 1097] longdress    driving_B_2019.12.17_07.32.39.csv@2090  reward=QoE=   49.89 eps=0.375 loss=1.4262
[ep 1098] loot         driving_B_2020.02.14_09.38.22.csv@680   reward=QoE=   34.43 eps=0.375 loss=1.3766
[ep 1099] redandblack  static_B_2019.12.16_13.40.04.csv@210   reward=QoE=   31.54 eps=0.374 loss=1.3519
[ep 1100] soldier      driving_B_2019.12.16_12.27.05.csv@346   reward=QoE=    3.38 eps=0.374 loss=1.2484
[ep 1101] longdress    driving_B_2020.01.16_07.26.43.csv@703   reward=QoE=  -22.05 eps=0.373 loss=1.4966
[ep 1102] loot         static_B_2020.02.27_18.39.27.csv@4634  reward=QoE=  -10.09 eps=0.372 loss=1.4834
[ep 1103] redandblack  static_B_2020.02.27_18.39.27.csv@5294  reward=QoE=   56.03 eps=0.372 loss=1.2525
[ep 1104] soldier      driving_B_2019.12.16_12.27.05.csv@286   reward=QoE=  -31.98 eps=0.371 loss=1.4036
[ep 1105] longdress    driving_B_2020.02.13_15.02.01.csv@1533  reward=QoE=  -76.19 eps=0.371 loss=1.3721
[ep 1106] loot         driving_B_2020.01.16_09.56.56.csv@132   reward=QoE=    9.99 eps=0.370 loss=1.3398
[ep 1107] redandblack  driving_B_2020.01.16_09.56.56.csv@672   reward=QoE=  -61.91 eps=0.370 loss=1.4099
[ep 1108] soldier      driving_B_2019.12.17_07.32.39.csv@890   reward=QoE=  -39.97 eps=0.369 loss=1.5025
[ep 1109] longdress    static_B_2020.02.27_18.39.27.csv@4454  reward=QoE=   31.31 eps=0.368 loss=1.3745
[ep 1110] loot         driving_B_2020.02.13_15.02.01.csv@573   reward=QoE=   14.94 eps=0.368 loss=1.5229
[ep 1111] redandblack  driving_B_2019.12.17_07.32.39.csv@1850  reward=QoE=  -42.62 eps=0.367 loss=1.4403
[ep 1112] soldier      static_B_2020.02.14_13.21.26.csv@601   reward=QoE=   62.04 eps=0.367 loss=1.3695
[ep 1113] longdress    static_B_2019.12.16_13.40.04.csv@690   reward=QoE=   61.07 eps=0.366 loss=1.4354
[ep 1114] loot         static_B_2020.02.27_18.39.27.csv@3014  reward=QoE=   52.45 eps=0.366 loss=1.4515
[ep 1115] redandblack  driving_B_2020.02.13_13.03.24.csv@1418  reward=QoE=   -0.23 eps=0.365 loss=1.3859
[ep 1116] soldier      static_B_2020.02.27_18.39.27.csv@1634  reward=QoE=   32.34 eps=0.364 loss=1.3996
[ep 1117] longdress    driving_B_2020.02.27_17.30.15.csv@124   reward=QoE= -156.54 eps=0.364 loss=1.2750
[ep 1118] loot         static_B_2020.02.27_18.39.27.csv@3974  reward=QoE=   70.93 eps=0.363 loss=1.4774
[ep 1119] redandblack  static_B_2020.02.27_18.39.27.csv@4934  reward=QoE=   49.69 eps=0.363 loss=1.3491
[ep 1120] soldier      driving_B_2020.02.13_15.02.01.csv@153   reward=QoE=   53.66 eps=0.362 loss=1.3278
[ep 1121] longdress    static_B_2020.02.27_18.39.27.csv@3674  reward=QoE=   58.27 eps=0.362 loss=1.2974
[ep 1122] loot         driving_B_2020.02.13_15.02.01.csv@2433  reward=QoE= -146.84 eps=0.361 loss=1.4356
[ep 1123] redandblack  driving_B_2020.02.14_09.38.22.csv@1280  reward=QoE=   47.32 eps=0.360 loss=1.4467
[ep 1124] soldier      driving_B_2019.12.16_12.27.05.csv@226   reward=QoE=  -15.44 eps=0.360 loss=1.4917
[ep 1125] longdress    driving_B_2020.02.14_12.58.17.csv@760   reward=QoE=  -97.24 eps=0.359 loss=1.3746
[ep 1126] loot         driving_B_2019.12.16_12.27.05.csv@886   reward=QoE=   60.15 eps=0.359 loss=1.3638
[ep 1127] redandblack  static_B_2019.12.16_13.40.04.csv@1590  reward=QoE=   62.68 eps=0.358 loss=1.3690
[ep 1128] soldier      driving_B_2020.01.16_09.56.56.csv@1272  reward=QoE=   22.15 eps=0.358 loss=1.5214
[ep 1129] longdress    static_B_2020.02.27_18.39.27.csv@2774  reward=QoE=   59.94 eps=0.357 loss=1.3685
[ep 1130] loot         driving_B_2020.02.13_13.03.24.csv@938   reward=QoE=  -24.87 eps=0.356 loss=1.4523
[ep 1131] redandblack  driving_B_2020.02.13_15.02.01.csv@2313  reward=QoE=  -41.34 eps=0.356 loss=1.5146
[ep 1132] soldier      driving_B_2020.02.13_15.02.01.csv@2253  reward=QoE=   65.63 eps=0.355 loss=1.3266
[ep 1133] longdress    driving_B_2020.01.16_07.26.43.csv@1770  reward=QoE=  -64.65 eps=0.355 loss=1.4001
[ep 1134] loot         driving_B_2020.02.14_12.58.17.csv@700   reward=QoE=  -75.00 eps=0.354 loss=1.4215
[ep 1135] redandblack  driving_B_2020.02.13_13.03.24.csv@1658  reward=QoE=  -60.06 eps=0.354 loss=1.5782
[ep 1136] soldier      driving_B_2020.02.13_13.03.24.csv@1298  reward=QoE=  -26.91 eps=0.353 loss=1.5293
[ep 1137] longdress    driving_B_2020.01.16_12.10.03.csv@244   reward=QoE=   74.02 eps=0.352 loss=1.4599
[ep 1138] loot         static_B_2020.02.27_18.39.27.csv@494   reward=QoE=   55.73 eps=0.352 loss=1.3772
[ep 1139] redandblack  driving_B_2019.12.17_07.32.39.csv@1190  reward=QoE=   25.36 eps=0.351 loss=1.4786
[ep 1140] soldier      static_B_2019.12.16_13.40.04.csv@1530  reward=QoE=   43.70 eps=0.351 loss=1.4459
[ep 1141] longdress    driving_B_2020.02.14_09.38.22.csv@1220  reward=QoE=  -57.20 eps=0.350 loss=1.4540
[ep 1142] loot         static_B_2020.02.27_18.39.27.csv@1754  reward=QoE=   48.43 eps=0.350 loss=1.3535
[ep 1143] redandblack  driving_B_2020.02.13_15.02.01.csv@33    reward=QoE=   64.89 eps=0.349 loss=1.3738
[ep 1144] soldier      driving_B_2020.02.13_15.02.01.csv@1353  reward=QoE= -118.68 eps=0.348 loss=1.3956
[ep 1145] longdress    driving_B_2020.01.16_07.26.43.csv@463   reward=QoE= -105.61 eps=0.348 loss=1.4873
[ep 1146] loot         static_B_2020.02.27_18.39.27.csv@3194  reward=QoE=   -5.16 eps=0.347 loss=1.4256
[ep 1147] redandblack  driving_B_2020.02.14_12.58.17.csv@460   reward=QoE= -178.37 eps=0.347 loss=1.2988
[ep 1148] soldier      driving_B_2020.02.14_12.58.17.csv@520   reward=QoE=  -66.53 eps=0.346 loss=1.3756
[ep 1149] longdress    driving_B_2019.12.16_12.27.05.csv@526   reward=QoE= -122.63 eps=0.346 loss=1.3389
[ep 1150] loot         static_B_2020.02.14_13.21.26.csv@661   reward=QoE=   64.59 eps=0.345 loss=1.3084
[ep 1151] redandblack  driving_B_2020.02.14_09.38.22.csv@320   reward=QoE=  -66.01 eps=0.344 loss=1.4233
[ep 1152] soldier      driving_B_2020.01.16_07.26.43.csv@643   reward=QoE=   -8.79 eps=0.344 loss=1.2825
[ep 1153] longdress    driving_B_2020.02.13_13.03.24.csv@518   reward=QoE=  -25.14 eps=0.343 loss=1.3349
[ep 1154] loot         static_B_2020.02.27_18.39.27.csv@3134  reward=QoE=  -51.62 eps=0.343 loss=1.3569
[ep 1155] redandblack  static_B_2020.02.27_18.39.27.csv@914   reward=QoE=   47.90 eps=0.342 loss=1.4888
[ep 1156] soldier      static_B_2020.02.27_18.39.27.csv@3374  reward=QoE=   64.44 eps=0.342 loss=1.3245
[ep 1157] longdress    driving_B_2020.02.14_09.38.22.csv@140   reward=QoE=  -32.41 eps=0.341 loss=1.4693
[ep 1158] loot         driving_B_2019.12.17_07.32.39.csv@2288  reward=QoE=   63.14 eps=0.340 loss=1.4019
[ep 1159] redandblack  static_B_2020.02.27_18.39.27.csv@794   reward=QoE=   64.51 eps=0.340 loss=1.4284
[ep 1160] soldier      driving_B_2020.02.13_13.03.24.csv@338   reward=QoE=  -42.74 eps=0.339 loss=1.4757
[ep 1161] longdress    driving_B_2020.02.27_17.30.15.csv@664   reward=QoE= -160.62 eps=0.339 loss=1.3537
[ep 1162] loot         static_B_2019.12.16_13.40.04.csv@270   reward=QoE=    6.76 eps=0.338 loss=1.3718
[ep 1163] redandblack  driving_B_2019.12.17_07.32.39.csv@830   reward=QoE=   -5.58 eps=0.338 loss=1.2897
[ep 1164] soldier      driving_B_2020.02.13_13.03.24.csv@1538  reward=QoE=  -71.58 eps=0.337 loss=1.4260
[ep 1165] longdress    driving_B_2020.01.16_07.26.43.csv@523   reward=QoE=  -29.71 eps=0.336 loss=1.4141
[ep 1166] loot         driving_B_2020.02.13_15.02.01.csv@213   reward=QoE=   49.43 eps=0.336 loss=1.3700
[ep 1167] redandblack  driving_B_2019.12.16_12.27.05.csv@406   reward=QoE=  -53.05 eps=0.335 loss=1.3302
[ep 1168] soldier      driving_B_2020.02.13_15.02.01.csv@753   reward=QoE=   17.54 eps=0.335 loss=1.2926
[ep 1169] longdress    driving_B_2019.12.16_12.27.05.csv@826   reward=QoE=   30.15 eps=0.334 loss=1.3804
[ep 1170] loot         driving_B_2020.01.16_09.56.56.csv@372   reward=QoE=  -24.26 eps=0.334 loss=1.2755
[ep 1171] redandblack  static_B_2019.12.16_13.40.04.csv@1770  reward=QoE=   62.63 eps=0.333 loss=1.3905
[ep 1172] soldier      static_B_2020.02.14_13.21.26.csv@421   reward=QoE=   52.80 eps=0.333 loss=1.2899
[ep 1173] longdress    static_B_2020.02.27_18.39.27.csv@1334  reward=QoE=   67.65 eps=0.332 loss=1.4253
[ep 1174] loot         static_B_2020.02.27_18.39.27.csv@254   reward=QoE=   68.58 eps=0.331 loss=1.1998
[ep 1175] redandblack  driving_B_2020.01.16_07.26.43.csv@223   reward=QoE=   -7.71 eps=0.331 loss=1.3408
[ep 1176] soldier      driving_B_2020.02.13_15.02.01.csv@1293  reward=QoE= -194.83 eps=0.330 loss=1.3770
[ep 1177] longdress    static_B_2019.12.16_13.40.04.csv@1050  reward=QoE=   -6.73 eps=0.330 loss=1.4243
[ep 1178] loot         driving_B_2020.02.14_12.58.17.csv@160   reward=QoE= -170.87 eps=0.329 loss=1.4004
[ep 1179] redandblack  static_B_2020.02.14_13.21.26.csv@481   reward=QoE=   59.79 eps=0.329 loss=1.2157
[ep 1180] soldier      driving_B_2020.01.16_07.26.43.csv@1003  reward=QoE=  -10.97 eps=0.328 loss=1.3682
[ep 1181] longdress    static_B_2019.12.16_13.40.04.csv@1110  reward=QoE= -336.57 eps=0.327 loss=1.4150
[ep 1182] loot         driving_B_2020.02.14_12.58.17.csv@280   reward=QoE= -281.56 eps=0.327 loss=1.3235
[ep 1183] redandblack  static_B_2020.02.27_18.39.27.csv@5114  reward=QoE=   79.21 eps=0.326 loss=1.3464
[ep 1184] soldier      driving_B_2019.12.16_12.27.05.csv@1066  reward=QoE=   29.78 eps=0.326 loss=1.4951
[ep 1185] longdress    driving_B_2019.12.17_07.32.39.csv@50    reward=QoE=   -3.58 eps=0.325 loss=1.4047
[ep 1186] loot         static_B_2019.12.16_13.40.04.csv@1230  reward=QoE=   56.87 eps=0.325 loss=1.2902
[ep 1187] redandblack  static_B_2020.02.27_18.39.27.csv@1214  reward=QoE=   37.41 eps=0.324 loss=1.3992
[ep 1188] soldier      static_B_2020.02.27_18.39.27.csv@3554  reward=QoE=  -12.54 eps=0.323 loss=1.3303
[ep 1189] longdress    static_B_2020.02.27_18.39.27.csv@2054  reward=QoE=   34.57 eps=0.323 loss=1.3856
[ep 1190] loot         driving_B_2019.12.16_12.27.05.csv@106   reward=QoE=   32.66 eps=0.322 loss=1.2249
[ep 1191] redandblack  driving_B_2020.02.13_15.02.01.csv@513   reward=QoE=    1.83 eps=0.322 loss=1.3923
[ep 1192] soldier      driving_B_2020.01.16_09.56.56.csv@12    reward=QoE=   10.43 eps=0.321 loss=1.2555
[ep 1193] longdress    driving_B_2020.02.14_09.38.22.csv@260   reward=QoE= -105.43 eps=0.321 loss=1.2991
[ep 1194] loot         static_B_2019.12.16_13.40.04.csv@810   reward=QoE=   63.38 eps=0.320 loss=1.2755
[ep 1195] redandblack  driving_B_2020.01.16_09.56.56.csv@1570  reward=QoE=   57.36 eps=0.319 loss=1.3344
[ep 1196] soldier      static_B_2020.02.27_18.39.27.csv@1394  reward=QoE=   70.67 eps=0.319 loss=1.4585
[ep 1197] longdress    driving_B_2020.02.13_13.03.24.csv@638   reward=QoE=  -21.44 eps=0.318 loss=1.2779
[ep 1198] loot         static_B_2020.02.14_13.21.26.csv@850   reward=QoE=   42.28 eps=0.318 loss=1.4341
[ep 1199] redandblack  driving_B_2019.12.17_07.32.39.csv@1070  reward=QoE=   31.43 eps=0.317 loss=1.3249
[ep 1200] soldier      driving_B_2020.01.16_07.26.43.csv@1723  reward=QoE=   12.36 eps=0.317 loss=1.3985
    [eval @ ep 1200] reward=QoE=-773.97 mean_q=0.431 stall=186.5s
[ep 1201] longdress    driving_B_2020.01.16_09.56.56.csv@1570  reward=QoE=   29.98 eps=0.316 loss=1.6540
[ep 1202] loot         driving_B_2020.02.13_13.03.24.csv@758   reward=QoE=  -31.53 eps=0.315 loss=1.4520
[ep 1203] redandblack  driving_B_2020.01.16_12.10.03.csv@95    reward=QoE=   58.96 eps=0.315 loss=1.4915
[ep 1204] soldier      driving_B_2020.01.16_07.26.43.csv@1663  reward=QoE=   20.31 eps=0.314 loss=1.5004
[ep 1205] longdress    driving_B_2019.12.16_12.27.05.csv@166   reward=QoE=    5.49 eps=0.314 loss=1.6202
[ep 1206] loot         static_B_2019.12.16_13.40.04.csv@330   reward=QoE=   39.77 eps=0.313 loss=1.5249
[ep 1207] redandblack  driving_B_2020.02.27_17.30.15.csv@604   reward=QoE=  -43.93 eps=0.313 loss=1.5512
[ep 1208] soldier      static_B_2020.02.27_18.39.27.csv@374   reward=QoE=   63.68 eps=0.312 loss=1.4743
[ep 1209] longdress    driving_B_2020.02.13_15.02.01.csv@633   reward=QoE=  -37.61 eps=0.311 loss=1.4740
[ep 1210] loot         driving_B_2020.02.13_15.02.01.csv@393   reward=QoE=   74.76 eps=0.311 loss=1.5424
[ep 1211] redandblack  static_B_2020.02.27_18.39.27.csv@2894  reward=QoE=   63.06 eps=0.310 loss=1.4436
[ep 1212] soldier      driving_B_2019.12.17_07.32.39.csv@1010  reward=QoE=  -35.48 eps=0.310 loss=1.4593
[ep 1213] longdress    static_B_2020.02.27_18.39.27.csv@5174  reward=QoE=   63.89 eps=0.309 loss=1.3360
[ep 1214] loot         driving_B_2020.02.14_09.38.22.csv@1478  reward=QoE=   -4.23 eps=0.309 loss=1.4418
[ep 1215] redandblack  driving_B_2019.12.17_07.32.39.csv@1310  reward=QoE=   32.01 eps=0.308 loss=1.5777
[ep 1216] soldier      driving_B_2019.12.16_12.27.05.csv@646   reward=QoE= -201.74 eps=0.307 loss=1.4532
[ep 1217] longdress    static_B_2019.12.16_13.40.04.csv@450   reward=QoE=   29.36 eps=0.307 loss=1.2127
[ep 1218] loot         driving_B_2020.02.14_09.38.22.csv@560   reward=QoE=   64.73 eps=0.306 loss=1.3894
[ep 1219] redandblack  driving_B_2020.02.13_15.02.01.csv@2754  reward=QoE=  -46.65 eps=0.306 loss=1.5182
[ep 1220] soldier      driving_B_2020.01.16_07.26.43.csv@1243  reward=QoE=   -8.18 eps=0.305 loss=1.6061
[ep 1221] longdress    driving_B_2020.02.13_13.03.24.csv@98    reward=QoE=  -28.92 eps=0.305 loss=1.4676
[ep 1222] loot         driving_B_2020.02.13_13.03.24.csv@1358  reward=QoE=  -11.64 eps=0.304 loss=1.3221
[ep 1223] redandblack  driving_B_2019.12.17_07.32.39.csv@650   reward=QoE=  -12.04 eps=0.303 loss=1.4921
[ep 1224] soldier      driving_B_2020.02.13_15.02.01.csv@1833  reward=QoE=   49.17 eps=0.303 loss=1.5539
[ep 1225] longdress    driving_B_2020.02.14_09.38.22.csv@1040  reward=QoE=  -35.16 eps=0.302 loss=1.5465
[ep 1226] loot         driving_B_2020.01.16_07.26.43.csv@1123  reward=QoE=   30.54 eps=0.302 loss=1.4844
[ep 1227] redandblack  static_B_2020.02.27_18.39.27.csv@4154  reward=QoE=   37.86 eps=0.301 loss=1.4575
[ep 1228] soldier      static_B_2020.02.27_18.39.27.csv@1934  reward=QoE=   66.45 eps=0.301 loss=1.5064
[ep 1229] longdress    static_B_2020.02.27_18.39.27.csv@4694  reward=QoE=  -84.49 eps=0.300 loss=1.4420
[ep 1230] loot         driving_B_2020.02.13_15.02.01.csv@273   reward=QoE=   44.68 eps=0.299 loss=1.5547
[ep 1231] redandblack  driving_B_2020.02.13_15.02.01.csv@2673  reward=QoE=   -1.34 eps=0.299 loss=1.3246
[ep 1232] soldier      driving_B_2020.01.16_09.56.56.csv@912   reward=QoE=  -38.78 eps=0.298 loss=1.5630
[ep 1233] longdress    static_B_2020.02.27_18.39.27.csv@1814  reward=QoE= -118.77 eps=0.298 loss=1.5027
[ep 1234] loot         driving_B_2020.01.16_07.26.43.csv@1483  reward=QoE=    7.12 eps=0.297 loss=1.3922
[ep 1235] redandblack  driving_B_2020.02.13_13.03.24.csv@2018  reward=QoE=  -39.88 eps=0.297 loss=1.6960
[ep 1236] soldier      static_B_2020.02.14_13.21.26.csv@301   reward=QoE=   69.43 eps=0.296 loss=1.4437
[ep 1237] longdress    driving_B_2020.02.14_09.38.22.csv@1478  reward=QoE=   -2.31 eps=0.295 loss=1.4175
[ep 1238] loot         driving_B_2020.02.13_13.03.24.csv@2078  reward=QoE=  -69.77 eps=0.295 loss=1.2540
[ep 1239] redandblack  driving_B_2020.01.16_09.56.56.csv@612   reward=QoE=   56.34 eps=0.294 loss=1.4839
[ep 1240] soldier      static_B_2020.02.27_18.39.27.csv@554   reward=QoE= -291.51 eps=0.294 loss=1.4869
[ep 1241] longdress    static_B_2020.02.27_18.39.27.csv@74    reward=QoE=   64.56 eps=0.293 loss=1.3752
[ep 1242] loot         driving_B_2020.02.27_17.30.15.csv@64    reward=QoE=   -4.44 eps=0.293 loss=1.6134
[ep 1243] redandblack  static_B_2020.02.27_18.39.27.csv@3914  reward=QoE=   63.03 eps=0.292 loss=1.5273
[ep 1244] soldier      static_B_2020.02.27_18.39.27.csv@3254  reward=QoE=   74.50 eps=0.291 loss=1.4547
[ep 1245] longdress    static_B_2020.02.27_18.39.27.csv@3734  reward=QoE=   60.19 eps=0.291 loss=1.4748
[ep 1246] loot         static_B_2019.12.16_13.40.04.csv@1904  reward=QoE=  -57.47 eps=0.290 loss=1.5010
[ep 1247] redandblack  static_B_2020.02.27_18.39.27.csv@434   reward=QoE=   71.19 eps=0.290 loss=1.2991
[ep 1248] soldier      driving_B_2020.02.14_09.38.22.csv@920   reward=QoE=   50.15 eps=0.289 loss=1.3551
[ep 1249] longdress    driving_B_2019.12.17_07.32.39.csv@170   reward=QoE=    6.89 eps=0.289 loss=1.4163
[ep 1250] loot         driving_B_2020.02.13_13.03.24.csv@1718  reward=QoE=   55.55 eps=0.288 loss=1.5276
[ep 1251] redandblack  driving_B_2020.02.13_15.02.01.csv@2754  reward=QoE=  -37.92 eps=0.288 loss=1.3463
[ep 1252] soldier      driving_B_2019.12.17_07.32.39.csv@2288  reward=QoE=   48.18 eps=0.287 loss=1.3295
[ep 1253] longdress    static_B_2019.12.16_13.40.04.csv@1876  reward=QoE= -223.06 eps=0.286 loss=1.4089
[ep 1254] loot         driving_B_2019.12.16_12.27.05.csv@482   reward=QoE=  -14.62 eps=0.286 loss=1.3385
[ep 1255] redandblack  driving_B_2019.12.17_07.32.39.csv@1127  reward=QoE=   64.19 eps=0.285 loss=1.3774
[ep 1256] soldier      driving_B_2020.01.16_07.26.43.csv@97    reward=QoE=   -0.14 eps=0.285 loss=1.4363
[ep 1257] longdress    static_B_2020.02.14_13.21.26.csv@440   reward=QoE=   76.35 eps=0.284 loss=1.5339
[ep 1258] loot         driving_B_2020.01.16_07.26.43.csv@697   reward=QoE=  -21.35 eps=0.284 loss=1.3421
[ep 1259] redandblack  static_B_2020.02.27_18.39.27.csv@1185  reward=QoE= -177.28 eps=0.283 loss=1.5308
[ep 1260] soldier      driving_B_2020.01.16_09.56.56.csv@210   reward=QoE=   26.11 eps=0.282 loss=1.4816
[ep 1261] longdress    static_B_2020.02.27_18.39.27.csv@3885  reward=QoE=    0.13 eps=0.282 loss=1.5807
[ep 1262] loot         static_B_2020.02.27_18.39.27.csv@525   reward=QoE=   26.72 eps=0.281 loss=1.5514
[ep 1263] redandblack  static_B_2020.02.27_18.39.27.csv@4185  reward=QoE=   42.07 eps=0.281 loss=1.4407
[ep 1264] soldier      driving_B_2019.12.17_07.32.39.csv@1247  reward=QoE=  -11.86 eps=0.280 loss=1.2780
[ep 1265] longdress    driving_B_2020.02.13_15.02.01.csv@1880  reward=QoE=  -23.44 eps=0.280 loss=1.3041
[ep 1266] loot         static_B_2020.02.27_18.39.27.csv@645   reward=QoE=   56.89 eps=0.279 loss=1.5479
[ep 1267] redandblack  static_B_2020.02.14_13.21.26.csv@800   reward=QoE=   60.54 eps=0.278 loss=1.4241
[ep 1268] soldier      driving_B_2019.12.17_07.32.39.csv@167   reward=QoE=    0.41 eps=0.278 loss=1.5341
[ep 1269] longdress    driving_B_2020.02.13_13.03.24.csv@150   reward=QoE=  -46.68 eps=0.277 loss=1.4896
[ep 1270] loot         driving_B_2020.01.16_07.26.43.csv@277   reward=QoE=   31.00 eps=0.277 loss=1.4998
[ep 1271] redandblack  driving_B_2020.02.27_17.30.15.csv@313   reward=QoE= -108.27 eps=0.276 loss=1.4079
[ep 1272] soldier      driving_B_2020.02.13_15.02.01.csv@2180  reward=QoE=   24.13 eps=0.276 loss=1.3911
[ep 1273] longdress    static_B_2020.02.27_18.39.27.csv@2025  reward=QoE=   67.19 eps=0.275 loss=1.5237
[ep 1274] loot         driving_B_2019.12.17_07.32.39.csv@467   reward=QoE=   -8.27 eps=0.274 loss=1.4112
[ep 1275] redandblack  driving_B_2019.12.17_07.32.39.csv@827   reward=QoE=   11.13 eps=0.274 loss=1.5506
[ep 1276] soldier      static_B_2020.02.27_18.39.27.csv@825   reward=QoE=   53.64 eps=0.273 loss=1.3142
[ep 1277] longdress    static_B_2020.02.27_18.39.27.csv@4605  reward=QoE=   32.49 eps=0.273 loss=1.4993
[ep 1278] loot         driving_B_2020.02.13_13.03.24.csv@2188  reward=QoE= -207.74 eps=0.272 loss=1.6067
[ep 1279] redandblack  static_B_2020.02.27_18.39.27.csv@585   reward=QoE=   30.03 eps=0.272 loss=1.3788
[ep 1280] soldier      driving_B_2020.02.14_12.58.17.csv@635   reward=QoE=    5.20 eps=0.271 loss=1.4493
[ep 1281] longdress    driving_B_2020.01.16_07.26.43.csv@637   reward=QoE=   -3.04 eps=0.270 loss=1.3678
[ep 1282] loot         driving_B_2020.01.16_07.26.43.csv@1477  reward=QoE=    0.46 eps=0.270 loss=1.3418
[ep 1283] redandblack  driving_B_2019.12.16_12.27.05.csv@302   reward=QoE=  -52.19 eps=0.269 loss=1.3718
[ep 1284] soldier      driving_B_2020.02.13_15.02.01.csv@680   reward=QoE=   32.46 eps=0.269 loss=1.4343
[ep 1285] longdress    static_B_2020.02.27_18.39.27.csv@5445  reward=QoE=   23.50 eps=0.268 loss=1.4100
[ep 1286] loot         driving_B_2019.12.17_07.32.39.csv@707   reward=QoE=   -9.14 eps=0.268 loss=1.6145
[ep 1287] redandblack  driving_B_2020.02.14_12.58.17.csv@155   reward=QoE= -118.10 eps=0.267 loss=1.4517
[ep 1288] soldier      driving_B_2019.12.16_12.27.05.csv@662   reward=QoE= -137.61 eps=0.266 loss=1.4778
[ep 1289] longdress    driving_B_2020.02.14_09.38.22.csv@1310  reward=QoE=   69.32 eps=0.266 loss=1.4524
[ep 1290] loot         static_B_2019.12.16_13.40.04.csv@1336  reward=QoE=   49.79 eps=0.265 loss=1.4088
[ep 1291] redandblack  driving_B_2019.12.16_12.27.05.csv@242   reward=QoE=   44.14 eps=0.265 loss=1.6446
[ep 1292] soldier      driving_B_2020.02.27_17.30.15.csv@193   reward=QoE= -219.78 eps=0.264 loss=1.4496
[ep 1293] longdress    driving_B_2020.02.14_12.58.17.csv@455   reward=QoE= -349.93 eps=0.264 loss=1.4634
[ep 1294] loot         static_B_2019.12.16_13.40.04.csv@736   reward=QoE=   75.62 eps=0.263 loss=1.5688
[ep 1295] redandblack  driving_B_2019.12.17_07.32.39.csv@347   reward=QoE=   50.64 eps=0.262 loss=1.4503
[ep 1296] soldier      static_B_2019.12.16_13.40.04.csv@196   reward=QoE=   54.93 eps=0.262 loss=1.3629
[ep 1297] longdress    driving_B_2020.02.13_13.03.24.csv@870   reward=QoE=  -89.50 eps=0.261 loss=1.4063
[ep 1298] loot         driving_B_2019.12.17_07.32.39.csv@2027  reward=QoE=  -84.77 eps=0.261 loss=1.5259
[ep 1299] redandblack  driving_B_2020.02.13_13.03.24.csv@2130  reward=QoE= -172.92 eps=0.260 loss=1.4334
[ep 1300] soldier      driving_B_2019.12.17_07.32.39.csv@1367  reward=QoE=   69.02 eps=0.260 loss=1.4160
[ep 1301] longdress    driving_B_2020.02.13_13.03.24.csv@1410  reward=QoE=  -13.82 eps=0.259 loss=1.5108
[ep 1302] loot         driving_B_2020.02.13_15.02.01.csv@2540  reward=QoE=   -4.02 eps=0.258 loss=1.6507
[ep 1303] redandblack  static_B_2020.02.14_13.21.26.csv@850   reward=QoE=   34.04 eps=0.258 loss=1.6061
[ep 1304] soldier      static_B_2020.02.27_18.39.27.csv@1845  reward=QoE=  -10.67 eps=0.257 loss=1.5398
[ep 1305] longdress    static_B_2020.02.27_18.39.27.csv@4365  reward=QoE=   27.45 eps=0.257 loss=1.4983
[ep 1306] loot         driving_B_2019.12.17_07.32.39.csv@1547  reward=QoE=   30.29 eps=0.256 loss=1.4510
[ep 1307] redandblack  driving_B_2019.12.16_12.27.05.csv@962   reward=QoE=   57.70 eps=0.256 loss=1.4759
[ep 1308] soldier      driving_B_2020.01.16_09.56.56.csv@510   reward=QoE=   37.30 eps=0.255 loss=1.3751
[ep 1309] longdress    driving_B_2019.12.17_07.32.39.csv@2288  reward=QoE=   40.50 eps=0.254 loss=1.4357
[ep 1310] loot         driving_B_2020.01.16_07.26.43.csv@457   reward=QoE=    8.88 eps=0.254 loss=1.5007
[ep 1311] redandblack  static_B_2020.02.27_18.39.27.csv@3825  reward=QoE=   42.90 eps=0.253 loss=1.6513
[ep 1312] soldier      driving_B_2020.02.13_15.02.01.csv@620   reward=QoE=  -31.50 eps=0.253 loss=1.4160
[ep 1313] longdress    static_B_2019.12.16_13.40.04.csv@316   reward=QoE=   24.40 eps=0.252 loss=1.4680
[ep 1314] loot         driving_B_2020.02.13_15.02.01.csv@1220  reward=QoE=   49.00 eps=0.252 loss=1.5420
[ep 1315] redandblack  static_B_2020.02.27_18.39.27.csv@5742  reward=QoE=   63.07 eps=0.251 loss=1.4366
[ep 1316] soldier      static_B_2020.02.14_13.21.26.csv@620   reward=QoE=   74.70 eps=0.250 loss=1.6162
[ep 1317] longdress    driving_B_2020.01.16_07.26.43.csv@1770  reward=QoE=   21.47 eps=0.250 loss=1.5498
[ep 1318] loot         static_B_2020.02.27_18.39.27.csv@2205  reward=QoE=   74.98 eps=0.249 loss=1.6021
[ep 1319] redandblack  driving_B_2020.02.14_12.58.17.csv@35    reward=QoE=    6.06 eps=0.249 loss=1.5222
[ep 1320] soldier      driving_B_2019.12.17_07.32.39.csv@2267  reward=QoE=   65.33 eps=0.248 loss=1.4904
[ep 1321] longdress    driving_B_2019.12.16_12.27.05.csv@1152  reward=QoE=  -13.41 eps=0.248 loss=1.5309
[ep 1322] loot         driving_B_2020.02.13_13.03.24.csv@1830  reward=QoE= -796.90 eps=0.247 loss=1.5335
[ep 1323] redandblack  driving_B_2020.02.13_13.03.24.csv@210   reward=QoE=  -40.30 eps=0.247 loss=1.6379
[ep 1324] soldier      driving_B_2020.02.13_15.02.01.csv@1100  reward=QoE=    3.23 eps=0.246 loss=1.6306
[ep 1325] longdress    driving_B_2020.02.14_09.38.22.csv@1190  reward=QoE=  -45.42 eps=0.245 loss=1.5822
[ep 1326] loot         driving_B_2020.01.16_09.56.56.csv@870   reward=QoE=   -4.62 eps=0.245 loss=1.5317
[ep 1327] redandblack  driving_B_2020.02.14_09.38.22.csv@830   reward=QoE=  -15.52 eps=0.244 loss=1.4018
[ep 1328] soldier      driving_B_2019.12.17_07.32.39.csv@947   reward=QoE=   -7.35 eps=0.244 loss=1.3055
[ep 1329] longdress    driving_B_2019.12.17_07.32.39.csv@287   reward=QoE=   21.14 eps=0.243 loss=1.7377
[ep 1330] loot         driving_B_2020.02.13_15.02.01.csv@2754  reward=QoE=  -30.20 eps=0.243 loss=1.6287
[ep 1331] redandblack  driving_B_2020.02.14_12.58.17.csv@215   reward=QoE= -252.54 eps=0.242 loss=1.5054
[ep 1332] soldier      driving_B_2020.02.13_15.02.01.csv@320   reward=QoE=   48.30 eps=0.241 loss=1.4039
[ep 1333] longdress    driving_B_2020.01.16_09.56.56.csv@390   reward=QoE=   -4.93 eps=0.241 loss=1.5458
[ep 1334] loot         driving_B_2020.02.13_15.02.01.csv@2420  reward=QoE=  -48.43 eps=0.240 loss=1.4656
[ep 1335] redandblack  static_B_2020.02.27_18.39.27.csv@5505  reward=QoE=   64.93 eps=0.240 loss=1.6175
[ep 1336] soldier      driving_B_2019.12.16_12.27.05.csv@722   reward=QoE=   45.91 eps=0.239 loss=1.5208
[ep 1337] longdress    driving_B_2020.02.13_13.03.24.csv@1770  reward=QoE=   33.31 eps=0.239 loss=1.4878
[ep 1338] loot         driving_B_2020.01.16_12.10.03.csv@60    reward=QoE=   68.11 eps=0.238 loss=1.5194
[ep 1339] redandblack  driving_B_2020.02.13_13.03.24.csv@1710  reward=QoE=   61.40 eps=0.237 loss=1.5057
[ep 1340] soldier      driving_B_2020.01.16_12.10.03.csv@180   reward=QoE=   75.23 eps=0.237 loss=1.5750
[ep 1341] longdress    driving_B_2019.12.17_07.32.39.csv@107   reward=QoE=   19.76 eps=0.236 loss=1.4335
[ep 1342] loot         driving_B_2020.02.14_09.38.22.csv@110   reward=QoE=    3.89 eps=0.236 loss=1.4316
[ep 1343] redandblack  driving_B_2020.02.13_15.02.01.csv@260   reward=QoE=   62.05 eps=0.235 loss=1.4870
[ep 1344] soldier      driving_B_2020.01.16_07.26.43.csv@577   reward=QoE=  -10.97 eps=0.235 loss=1.4752
[ep 1345] longdress    driving_B_2020.02.14_09.38.22.csv@1370  reward=QoE=   70.75 eps=0.234 loss=1.4402
[ep 1346] loot         static_B_2020.02.14_13.21.26.csv@20    reward=QoE=   41.97 eps=0.233 loss=1.4257
[ep 1347] redandblack  static_B_2019.12.16_13.40.04.csv@1276  reward=QoE=   27.27 eps=0.233 loss=1.3485
[ep 1348] soldier      driving_B_2020.02.14_09.38.22.csv@290   reward=QoE=  -52.88 eps=0.232 loss=1.3729
[ep 1349] longdress    static_B_2020.02.27_18.39.27.csv@1065  reward=QoE=   50.39 eps=0.232 loss=1.5902
[ep 1350] loot         static_B_2020.02.27_18.39.27.csv@4785  reward=QoE=   52.22 eps=0.231 loss=1.4503
[ep 1351] redandblack  driving_B_2020.02.13_13.03.24.csv@1950  reward=QoE= -153.55 eps=0.231 loss=1.5937
[ep 1352] soldier      driving_B_2020.02.27_17.30.15.csv@720   reward=QoE=  -56.04 eps=0.230 loss=1.4734
[ep 1353] longdress    static_B_2019.12.16_13.40.04.csv@1396  reward=QoE=  -76.00 eps=0.229 loss=1.6382
[ep 1354] loot         driving_B_2020.01.16_09.56.56.csv@810   reward=QoE=   63.71 eps=0.229 loss=1.3813
[ep 1355] redandblack  driving_B_2020.02.14_09.38.22.csv@1070  reward=QoE=    1.79 eps=0.228 loss=1.5663
[ep 1356] soldier      static_B_2020.02.27_18.39.27.csv@1425  reward=QoE=   68.38 eps=0.228 loss=1.5640
[ep 1357] longdress    driving_B_2020.02.13_13.03.24.csv@90    reward=QoE=   24.67 eps=0.227 loss=1.5624
[ep 1358] loot         static_B_2020.02.14_13.21.26.csv@680   reward=QoE=   70.38 eps=0.227 loss=1.5360
[ep 1359] redandblack  static_B_2020.02.27_18.39.27.csv@1125  reward=QoE=   18.62 eps=0.226 loss=1.5484
[ep 1360] soldier      driving_B_2020.01.16_09.56.56.csv@1470  reward=QoE=   71.17 eps=0.225 loss=1.4745
[ep 1361] longdress    driving_B_2019.12.17_07.32.39.csv@767   reward=QoE=   23.91 eps=0.225 loss=1.5661
[ep 1362] loot         static_B_2020.02.27_18.39.27.csv@3765  reward=QoE=   67.16 eps=0.224 loss=1.5619
[ep 1363] redandblack  static_B_2020.02.27_18.39.27.csv@405   reward=QoE=   57.22 eps=0.224 loss=1.4348
[ep 1364] soldier      static_B_2019.12.16_13.40.04.csv@496   reward=QoE=    1.91 eps=0.223 loss=1.6043
[ep 1365] longdress    static_B_2019.12.16_13.40.04.csv@1216  reward=QoE=   28.48 eps=0.223 loss=1.5816
[ep 1366] loot         driving_B_2020.01.16_07.26.43.csv@157   reward=QoE=   16.84 eps=0.222 loss=1.6088
[ep 1367] redandblack  driving_B_2020.02.14_09.38.22.csv@410   reward=QoE=  -33.77 eps=0.221 loss=1.5531
[ep 1368] soldier      driving_B_2020.02.14_12.58.17.csv@800   reward=QoE=  -81.48 eps=0.221 loss=1.3587
[ep 1369] longdress    driving_B_2020.01.16_09.56.56.csv@90    reward=QoE=   -5.82 eps=0.220 loss=1.4770
[ep 1370] loot         static_B_2020.02.14_13.21.26.csv@560   reward=QoE=   82.11 eps=0.220 loss=1.4490
[ep 1371] redandblack  driving_B_2020.02.13_13.03.24.csv@1110  reward=QoE=  -16.79 eps=0.219 loss=1.4261
[ep 1372] soldier      static_B_2020.02.27_18.39.27.csv@4545  reward=QoE=   38.51 eps=0.219 loss=1.3919
[ep 1373] longdress    driving_B_2019.12.16_12.27.05.csv@1142  reward=QoE=   19.97 eps=0.218 loss=1.5448
[ep 1374] loot         static_B_2020.02.27_18.39.27.csv@4905  reward=QoE=   -0.94 eps=0.217 loss=1.4814
[ep 1375] redandblack  driving_B_2019.12.16_12.27.05.csv@902   reward=QoE=   39.35 eps=0.217 loss=1.4243
[ep 1376] soldier      driving_B_2020.02.13_15.02.01.csv@800   reward=QoE=   33.61 eps=0.216 loss=1.4290
[ep 1377] longdress    driving_B_2020.01.16_07.26.43.csv@517   reward=QoE=  -39.57 eps=0.216 loss=1.3282
[ep 1378] loot         driving_B_2019.12.16_12.27.05.csv@362   reward=QoE=   26.30 eps=0.215 loss=1.6481
[ep 1379] redandblack  driving_B_2020.01.16_07.26.43.csv@37    reward=QoE=   29.11 eps=0.215 loss=1.7394
[ep 1380] soldier      driving_B_2020.02.13_13.03.24.csv@1230  reward=QoE=  -68.05 eps=0.214 loss=1.4825
[ep 1381] longdress    driving_B_2020.01.16_07.26.43.csv@757   reward=QoE=   42.15 eps=0.213 loss=1.4746
[ep 1382] loot         static_B_2020.02.27_18.39.27.csv@5085  reward=QoE=   69.80 eps=0.213 loss=1.4658
[ep 1383] redandblack  driving_B_2019.12.17_07.32.39.csv@1067  reward=QoE=   26.94 eps=0.212 loss=1.5133
[ep 1384] soldier      static_B_2020.02.27_18.39.27.csv@765   reward=QoE=   64.73 eps=0.212 loss=1.5477
[ep 1385] longdress    driving_B_2019.12.16_12.27.05.csv@542   reward=QoE=  -66.15 eps=0.211 loss=1.6330
[ep 1386] loot         driving_B_2020.01.16_09.56.56.csv@930   reward=QoE=   20.10 eps=0.211 loss=1.5451
[ep 1387] redandblack  static_B_2019.12.16_13.40.04.csv@256   reward=QoE=   67.21 eps=0.210 loss=1.3896
[ep 1388] soldier      driving_B_2020.02.14_09.38.22.csv@890   reward=QoE=   72.17 eps=0.209 loss=1.4359
[ep 1389] longdress    static_B_2020.02.27_18.39.27.csv@4065  reward=QoE=   59.39 eps=0.209 loss=1.4220
[ep 1390] loot         driving_B_2020.01.16_09.56.56.csv@330   reward=QoE=   48.28 eps=0.208 loss=1.5170
[ep 1391] redandblack  static_B_2019.12.16_13.40.04.csv@1096  reward=QoE=   50.93 eps=0.208 loss=1.5797
[ep 1392] soldier      driving_B_2020.02.13_13.03.24.csv@2070  reward=QoE= -134.04 eps=0.207 loss=1.4585
[ep 1393] longdress    static_B_2020.02.14_13.21.26.csv@500   reward=QoE=   86.05 eps=0.207 loss=1.4548
[ep 1394] loot         driving_B_2020.02.13_15.02.01.csv@1580  reward=QoE= -288.20 eps=0.206 loss=1.5932
[ep 1395] redandblack  static_B_2020.02.27_18.39.27.csv@3705  reward=QoE=   76.03 eps=0.205 loss=1.4040
[ep 1396] soldier      driving_B_2020.01.16_09.56.56.csv@990   reward=QoE=   35.07 eps=0.205 loss=1.5708
[ep 1397] longdress    driving_B_2019.12.17_07.32.39.csv@1667  reward=QoE=  -55.24 eps=0.204 loss=1.6215
[ep 1398] loot         static_B_2020.02.27_18.39.27.csv@945   reward=QoE=   82.88 eps=0.204 loss=1.3813
[ep 1399] redandblack  driving_B_2020.02.13_13.03.24.csv@570   reward=QoE=    0.10 eps=0.203 loss=1.5671
[ep 1400] soldier      static_B_2020.02.27_18.39.27.csv@2685  reward=QoE=   39.14 eps=0.203 loss=1.3981
[ep 1401] longdress    driving_B_2020.02.14_12.58.17.csv@755   reward=QoE= -144.96 eps=0.202 loss=1.3379
[ep 1402] loot         static_B_2020.02.27_18.39.27.csv@2325  reward=QoE=   44.00 eps=0.202 loss=1.5394
[ep 1403] redandblack  static_B_2020.02.27_18.39.27.csv@1605  reward=QoE=   31.58 eps=0.201 loss=1.6437
[ep 1404] soldier      driving_B_2019.12.17_07.32.39.csv@1967  reward=QoE=   18.38 eps=0.200 loss=1.5541
[ep 1405] longdress    driving_B_2019.12.17_07.32.39.csv@1487  reward=QoE=  -14.90 eps=0.200 loss=1.7490
[ep 1406] loot         static_B_2020.02.27_18.39.27.csv@4245  reward=QoE=   56.13 eps=0.199 loss=1.6330
[ep 1407] redandblack  driving_B_2019.12.16_12.27.05.csv@422   reward=QoE=  -48.16 eps=0.199 loss=1.6164
[ep 1408] soldier      driving_B_2019.12.17_07.32.39.csv@1307  reward=QoE=   22.40 eps=0.198 loss=1.3904
[ep 1409] longdress    driving_B_2020.02.13_13.03.24.csv@1290  reward=QoE=  -25.12 eps=0.198 loss=1.4755
[ep 1410] loot         driving_B_2020.01.16_07.26.43.csv@997   reward=QoE=   17.40 eps=0.197 loss=1.6279
[ep 1411] redandblack  driving_B_2020.01.16_07.26.43.csv@217   reward=QoE=    0.46 eps=0.196 loss=1.6287
[ep 1412] soldier      static_B_2020.02.27_18.39.27.csv@3585  reward=QoE=   34.04 eps=0.196 loss=1.5419
[ep 1413] longdress    driving_B_2019.12.17_07.32.39.csv@1187  reward=QoE=   -8.00 eps=0.195 loss=1.7531
[ep 1414] loot         driving_B_2020.01.16_12.10.03.csv@244   reward=QoE=   84.36 eps=0.195 loss=1.6186
[ep 1415] redandblack  driving_B_2020.01.16_07.26.43.csv@1657  reward=QoE=    8.36 eps=0.194 loss=1.5550
[ep 1416] soldier      driving_B_2020.01.16_07.26.43.csv@1057  reward=QoE=   19.12 eps=0.194 loss=1.5851
[ep 1417] longdress    static_B_2020.02.27_18.39.27.csv@1485  reward=QoE=   39.15 eps=0.193 loss=1.5667
[ep 1418] loot         driving_B_2019.12.17_07.32.39.csv@2147  reward=QoE=    2.16 eps=0.192 loss=1.6304
[ep 1419] redandblack  static_B_2020.02.27_18.39.27.csv@285   reward=QoE=   80.55 eps=0.192 loss=1.6420
[ep 1420] soldier      driving_B_2020.01.16_12.10.03.csv@120   reward=QoE=   75.77 eps=0.191 loss=1.6321
[ep 1421] longdress    driving_B_2020.02.14_12.58.17.csv@515   reward=QoE=  -41.82 eps=0.191 loss=1.4545
[ep 1422] loot         static_B_2020.02.27_18.39.27.csv@1365  reward=QoE=   77.63 eps=0.190 loss=1.4472
[ep 1423] redandblack  driving_B_2020.01.16_09.56.56.csv@750   reward=QoE=   52.36 eps=0.190 loss=1.5138
[ep 1424] soldier      driving_B_2020.01.16_09.56.56.csv@1050  reward=QoE=  -22.51 eps=0.189 loss=1.4531
[ep 1425] longdress    driving_B_2019.12.16_12.27.05.csv@602   reward=QoE= -159.01 eps=0.188 loss=1.6285
[ep 1426] loot         static_B_2019.12.16_13.40.04.csv@76    reward=QoE=   72.06 eps=0.188 loss=1.5023
[ep 1427] redandblack  driving_B_2020.02.13_15.02.01.csv@20    reward=QoE=   70.32 eps=0.187 loss=1.4229
[ep 1428] soldier      driving_B_2020.02.27_17.30.15.csv@673   reward=QoE=  -33.68 eps=0.187 loss=1.4774
[ep 1429] longdress    driving_B_2020.02.13_13.03.24.csv@1050  reward=QoE=   -7.17 eps=0.186 loss=1.5425
[ep 1430] loot         driving_B_2020.02.27_17.30.15.csv@373   reward=QoE=  -26.26 eps=0.186 loss=1.5359
[ep 1431] redandblack  driving_B_2020.02.13_15.02.01.csv@2660  reward=QoE=   -8.80 eps=0.185 loss=1.5525
[ep 1432] soldier      static_B_2020.02.27_18.39.27.csv@3045  reward=QoE=   31.85 eps=0.184 loss=1.6305
[ep 1433] longdress    static_B_2019.12.16_13.40.04.csv@676   reward=QoE=   77.74 eps=0.184 loss=1.5127
[ep 1434] loot         driving_B_2020.02.14_09.38.22.csv@1130  reward=QoE=   -4.54 eps=0.183 loss=1.5588
[ep 1435] redandblack  driving_B_2020.01.16_07.26.43.csv@1237  reward=QoE=   19.50 eps=0.183 loss=1.4805
[ep 1436] soldier      static_B_2020.02.27_18.39.27.csv@2085  reward=QoE=   61.39 eps=0.182 loss=1.4869
[ep 1437] longdress    driving_B_2020.02.13_15.02.01.csv@1160  reward=QoE=   36.40 eps=0.182 loss=1.4273
[ep 1438] loot         driving_B_2020.01.16_09.56.56.csv@1170  reward=QoE=   10.34 eps=0.181 loss=1.6858
[ep 1439] redandblack  driving_B_2020.02.13_13.03.24.csv@690   reward=QoE=   19.28 eps=0.180 loss=1.6015
[ep 1440] soldier      static_B_2020.02.27_18.39.27.csv@5742  reward=QoE=   60.53 eps=0.180 loss=1.5711
[ep 1441] longdress    static_B_2020.02.27_18.39.27.csv@1545  reward=QoE=   77.20 eps=0.179 loss=1.5293
[ep 1442] loot         static_B_2020.02.27_18.39.27.csv@2625  reward=QoE=   73.72 eps=0.179 loss=1.4830
[ep 1443] redandblack  static_B_2019.12.16_13.40.04.csv@916   reward=QoE=   15.98 eps=0.178 loss=1.6033
[ep 1444] soldier      static_B_2020.02.27_18.39.27.csv@5025  reward=QoE=   55.85 eps=0.178 loss=1.5646
[ep 1445] longdress    driving_B_2020.02.27_17.30.15.csv@253   reward=QoE= -225.41 eps=0.177 loss=1.3976
[ep 1446] loot         driving_B_2020.02.13_13.03.24.csv@990   reward=QoE=    7.22 eps=0.176 loss=1.6339
[ep 1447] redandblack  static_B_2020.02.27_18.39.27.csv@1665  reward=QoE=   43.58 eps=0.176 loss=1.5701
[ep 1448] soldier      driving_B_2020.01.16_07.26.43.csv@1417  reward=QoE=    2.50 eps=0.175 loss=1.5241
[ep 1449] longdress    static_B_2019.12.16_13.40.04.csv@1576  reward=QoE=   60.30 eps=0.175 loss=1.6347
[ep 1450] loot         driving_B_2020.01.16_07.26.43.csv@397   reward=QoE=    8.78 eps=0.174 loss=1.6168
[ep 1451] redandblack  static_B_2020.02.27_18.39.27.csv@2565  reward=QoE=   77.13 eps=0.174 loss=1.4186
[ep 1452] soldier      static_B_2020.02.27_18.39.27.csv@1785  reward=QoE= -187.85 eps=0.173 loss=1.6338
[ep 1453] longdress    driving_B_2020.02.27_17.30.15.csv@13    reward=QoE=  -20.06 eps=0.172 loss=1.7083
[ep 1454] loot         driving_B_2020.02.13_15.02.01.csv@1340  reward=QoE=  -79.82 eps=0.172 loss=1.7035
[ep 1455] redandblack  driving_B_2020.01.16_07.26.43.csv@1357  reward=QoE=  -30.00 eps=0.171 loss=1.6337
[ep 1456] soldier      static_B_2020.02.27_18.39.27.csv@4725  reward=QoE=   30.55 eps=0.171 loss=1.4928
[ep 1457] longdress    driving_B_2020.02.13_15.02.01.csv@2600  reward=QoE=   70.12 eps=0.170 loss=1.5886
[ep 1458] loot         driving_B_2020.02.14_09.38.22.csv@50    reward=QoE=   19.49 eps=0.170 loss=1.5176
[ep 1459] redandblack  static_B_2020.02.27_18.39.27.csv@3345  reward=QoE=   60.87 eps=0.169 loss=1.7537
[ep 1460] soldier      driving_B_2020.02.14_09.38.22.csv@1250  reward=QoE=   -6.02 eps=0.168 loss=1.6289
[ep 1461] longdress    driving_B_2020.02.13_15.02.01.csv@2120  reward=QoE=   34.48 eps=0.168 loss=1.3988
[ep 1462] loot         driving_B_2020.02.13_15.02.01.csv@1760  reward=QoE=   56.42 eps=0.167 loss=1.5598
[ep 1463] redandblack  driving_B_2020.02.14_09.38.22.csv@1478  reward=QoE=   25.54 eps=0.167 loss=1.5272
[ep 1464] soldier      driving_B_2020.02.13_15.02.01.csv@1700  reward=QoE=   37.37 eps=0.166 loss=1.5053
[ep 1465] longdress    driving_B_2020.01.16_09.56.56.csv@570   reward=QoE=   71.00 eps=0.166 loss=1.4214
[ep 1466] loot         driving_B_2020.02.13_13.03.24.csv@1530  reward=QoE=    5.56 eps=0.165 loss=1.3764
[ep 1467] redandblack  static_B_2020.02.27_18.39.27.csv@4125  reward=QoE=   75.86 eps=0.164 loss=1.5751
[ep 1468] soldier      driving_B_2020.01.16_07.26.43.csv@1770  reward=QoE=   -9.41 eps=0.164 loss=1.4876
[ep 1469] longdress    static_B_2020.02.27_18.39.27.csv@5205  reward=QoE=   19.51 eps=0.163 loss=1.5905
[ep 1470] loot         static_B_2019.12.16_13.40.04.csv@1036  reward=QoE=   40.45 eps=0.163 loss=1.5478
[ep 1471] redandblack  driving_B_2020.02.13_15.02.01.csv@2360  reward=QoE= -132.19 eps=0.162 loss=1.5908
[ep 1472] soldier      static_B_2020.02.27_18.39.27.csv@1905  reward=QoE=   81.58 eps=0.162 loss=1.5188
[ep 1473] longdress    driving_B_2020.02.14_12.58.17.csv@395   reward=QoE=  -32.65 eps=0.161 loss=1.4540
[ep 1474] loot         static_B_2020.02.27_18.39.27.csv@705   reward=QoE=   38.96 eps=0.161 loss=1.5886
[ep 1475] redandblack  static_B_2020.02.27_18.39.27.csv@3285  reward=QoE=   78.02 eps=0.160 loss=1.5024
[ep 1476] soldier      driving_B_2020.02.13_15.02.01.csv@740   reward=QoE=    2.13 eps=0.159 loss=1.3190
[ep 1477] longdress    driving_B_2020.02.27_17.30.15.csv@553   reward=QoE=  -12.90 eps=0.159 loss=1.4762
[ep 1478] loot         static_B_2019.12.16_13.40.04.csv@1904  reward=QoE=  -45.19 eps=0.158 loss=1.5659
[ep 1479] redandblack  static_B_2020.02.14_13.21.26.csv@380   reward=QoE=   57.50 eps=0.158 loss=1.5093
[ep 1480] soldier      driving_B_2020.02.13_15.02.01.csv@1640  reward=QoE=  -83.82 eps=0.157 loss=1.5005
[ep 1481] longdress    driving_B_2020.02.13_15.02.01.csv@2000  reward=QoE=   60.25 eps=0.157 loss=1.6553
[ep 1482] loot         static_B_2020.02.27_18.39.27.csv@3165  reward=QoE= -316.25 eps=0.156 loss=1.4562
[ep 1483] redandblack  driving_B_2020.02.13_15.02.01.csv@1460  reward=QoE=   10.18 eps=0.155 loss=1.5504
[ep 1484] soldier      static_B_2020.02.27_18.39.27.csv@4845  reward=QoE=   70.95 eps=0.155 loss=1.4865
[ep 1485] longdress    driving_B_2020.01.16_07.26.43.csv@937   reward=QoE=    7.98 eps=0.154 loss=1.5905
[ep 1486] loot         static_B_2020.02.27_18.39.27.csv@5385  reward=QoE=   70.83 eps=0.154 loss=1.5117
[ep 1487] redandblack  driving_B_2020.02.13_15.02.01.csv@1820  reward=QoE=   85.26 eps=0.153 loss=1.5128
[ep 1488] soldier      static_B_2020.02.27_18.39.27.csv@2985  reward=QoE=   40.41 eps=0.153 loss=1.6182
[ep 1489] longdress    static_B_2020.02.27_18.39.27.csv@1725  reward=QoE=   46.06 eps=0.152 loss=1.5035
[ep 1490] loot         driving_B_2020.02.27_17.30.15.csv@133   reward=QoE=  -67.16 eps=0.151 loss=1.8908
[ep 1491] redandblack  static_B_2019.12.16_13.40.04.csv@796   reward=QoE=   83.75 eps=0.151 loss=1.5371
[ep 1492] soldier      driving_B_2019.12.17_07.32.39.csv@1787  reward=QoE=    7.74 eps=0.150 loss=1.6074
[ep 1493] longdress    driving_B_2020.02.13_13.03.24.csv@270   reward=QoE=   26.54 eps=0.150 loss=1.5691
[ep 1494] loot         driving_B_2020.02.13_13.03.24.csv@1890  reward=QoE= -456.45 eps=0.149 loss=1.4814
[ep 1495] redandblack  driving_B_2020.01.16_09.56.56.csv@30    reward=QoE=   25.05 eps=0.149 loss=1.5912
[ep 1496] soldier      static_B_2020.02.27_18.39.27.csv@345   reward=QoE=   79.90 eps=0.148 loss=1.5409
[ep 1497] longdress    static_B_2020.02.27_18.39.27.csv@1305  reward=QoE=   77.62 eps=0.147 loss=1.4714
[ep 1498] loot         static_B_2020.02.14_13.21.26.csv@140   reward=QoE=   72.73 eps=0.147 loss=1.5275
[ep 1499] redandblack  driving_B_2019.12.17_07.32.39.csv@2087  reward=QoE=   58.37 eps=0.146 loss=1.4388
[ep 1500] soldier      static_B_2019.12.16_13.40.04.csv@556   reward=QoE=   64.44 eps=0.146 loss=1.6456
[ep 1501] longdress    driving_B_2019.12.17_07.32.39.csv@527   reward=QoE=  -42.88 eps=0.145 loss=1.4383
[ep 1502] loot         static_B_2019.12.16_13.40.04.csv@1516  reward=QoE=   71.58 eps=0.145 loss=1.7912
[ep 1503] redandblack  driving_B_2020.02.13_15.02.01.csv@380   reward=QoE=   75.82 eps=0.144 loss=1.5998
[ep 1504] soldier      static_B_2020.02.27_18.39.27.csv@885   reward=QoE=   45.19 eps=0.143 loss=1.4783
[ep 1505] longdress    static_B_2020.02.27_18.39.27.csv@4305  reward=QoE=   52.42 eps=0.143 loss=1.6732
[ep 1506] loot         driving_B_2020.01.16_07.26.43.csv@1177  reward=QoE=   21.30 eps=0.142 loss=1.5330
[ep 1507] redandblack  driving_B_2019.12.16_12.27.05.csv@2     reward=QoE=   35.51 eps=0.142 loss=1.8081
[ep 1508] soldier      driving_B_2020.02.13_15.02.01.csv@140   reward=QoE=   83.02 eps=0.141 loss=1.5870
[ep 1509] longdress    driving_B_2020.01.16_12.10.03.csv@0     reward=QoE=   79.96 eps=0.141 loss=1.6704
[ep 1510] loot         static_B_2020.02.14_13.21.26.csv@740   reward=QoE=   76.07 eps=0.140 loss=1.6110
[ep 1511] redandblack  driving_B_2020.02.13_15.02.01.csv@80    reward=QoE=   70.33 eps=0.139 loss=1.6780
[ep 1512] soldier      driving_B_2020.02.13_13.03.24.csv@1590  reward=QoE=  -35.77 eps=0.139 loss=1.6543
[ep 1513] longdress    driving_B_2019.12.17_07.32.39.csv@407   reward=QoE=   47.12 eps=0.138 loss=1.4972
[ep 1514] loot         driving_B_2020.01.16_09.56.56.csv@1290  reward=QoE=   79.89 eps=0.138 loss=1.6345
[ep 1515] redandblack  static_B_2020.02.27_18.39.27.csv@5565  reward=QoE=   76.34 eps=0.137 loss=1.4394
[ep 1516] soldier      static_B_2019.12.16_13.40.04.csv@976   reward=QoE=   57.74 eps=0.137 loss=1.5402
[ep 1517] longdress    driving_B_2020.02.14_09.38.22.csv@530   reward=QoE=   17.80 eps=0.136 loss=1.8538
[ep 1518] loot         driving_B_2020.02.14_12.58.17.csv@695   reward=QoE=  -37.67 eps=0.135 loss=1.5982
[ep 1519] redandblack  driving_B_2020.02.27_17.30.15.csv@73    reward=QoE=    4.81 eps=0.135 loss=1.5223
[ep 1520] soldier      driving_B_2020.01.16_12.10.03.csv@240   reward=QoE=   75.88 eps=0.134 loss=1.5357
[ep 1521] longdress    static_B_2020.02.14_13.21.26.csv@80    reward=QoE=   84.10 eps=0.134 loss=1.8322
[ep 1522] loot         driving_B_2020.01.16_09.56.56.csv@1570  reward=QoE=   56.74 eps=0.133 loss=1.6523
[ep 1523] redandblack  driving_B_2020.01.16_07.26.43.csv@1597  reward=QoE=  -78.43 eps=0.133 loss=1.6273
[ep 1524] soldier      static_B_2020.02.27_18.39.27.csv@2865  reward=QoE=   69.70 eps=0.132 loss=1.5121
[ep 1525] longdress    static_B_2020.02.27_18.39.27.csv@1245  reward=QoE=   72.32 eps=0.131 loss=1.4766
[ep 1526] loot         driving_B_2020.02.14_09.38.22.csv@470   reward=QoE=   23.45 eps=0.131 loss=1.5958
[ep 1527] redandblack  driving_B_2020.01.16_09.56.56.csv@1230  reward=QoE=   26.03 eps=0.130 loss=1.5154
[ep 1528] soldier      driving_B_2020.02.14_12.58.17.csv@275   reward=QoE= -326.64 eps=0.130 loss=1.4920
[ep 1529] longdress    driving_B_2020.01.16_07.26.43.csv@1537  reward=QoE=   -4.27 eps=0.129 loss=1.4453
[ep 1530] loot         static_B_2020.02.27_18.39.27.csv@2745  reward=QoE=   70.41 eps=0.129 loss=1.6756
[ep 1531] redandblack  static_B_2020.02.27_18.39.27.csv@3225  reward=QoE=   57.40 eps=0.128 loss=1.5377
[ep 1532] soldier      driving_B_2020.02.14_12.58.17.csv@800   reward=QoE=   -6.21 eps=0.127 loss=1.5409
[ep 1533] longdress    driving_B_2020.02.14_09.38.22.csv@1478  reward=QoE=   20.14 eps=0.127 loss=1.5673
[ep 1534] loot         driving_B_2020.02.13_13.03.24.csv@630   reward=QoE=    7.76 eps=0.126 loss=1.6920
[ep 1535] redandblack  driving_B_2020.02.13_13.03.24.csv@30    reward=QoE=   18.02 eps=0.126 loss=1.5473
[ep 1536] soldier      driving_B_2020.02.13_15.02.01.csv@2754  reward=QoE=  -17.08 eps=0.125 loss=1.4404
[ep 1537] longdress    driving_B_2020.02.13_13.03.24.csv@2188  reward=QoE= -234.78 eps=0.125 loss=1.5305
[ep 1538] loot         driving_B_2020.02.14_09.38.22.csv@230   reward=QoE=   12.60 eps=0.124 loss=1.5299
[ep 1539] redandblack  driving_B_2019.12.16_12.27.05.csv@842   reward=QoE=   58.17 eps=0.123 loss=1.5704
[ep 1540] soldier      driving_B_2020.02.13_15.02.01.csv@560   reward=QoE=    5.69 eps=0.123 loss=1.4332
[ep 1541] longdress    static_B_2019.12.16_13.40.04.csv@856   reward=QoE=   57.62 eps=0.122 loss=1.5279
[ep 1542] loot         static_B_2020.02.14_13.21.26.csv@320   reward=QoE=   80.11 eps=0.122 loss=1.4547
[ep 1543] redandblack  static_B_2020.02.27_18.39.27.csv@4425  reward=QoE=   77.32 eps=0.121 loss=1.6382
[ep 1544] soldier      driving_B_2020.01.16_09.56.56.csv@1570  reward=QoE=   25.42 eps=0.121 loss=1.7205
[ep 1545] longdress    driving_B_2020.01.16_07.26.43.csv@877   reward=QoE=  -37.18 eps=0.120 loss=1.5615
[ep 1546] loot         driving_B_2020.02.13_15.02.01.csv@2300  reward=QoE=  -11.13 eps=0.119 loss=1.5013
[ep 1547] redandblack  static_B_2020.02.27_18.39.27.csv@2505  reward=QoE=   67.86 eps=0.119 loss=1.4541
[ep 1548] soldier      static_B_2020.02.27_18.39.27.csv@45    reward=QoE=   77.55 eps=0.118 loss=1.4279
[ep 1549] longdress    driving_B_2020.02.14_12.58.17.csv@335   reward=QoE= -146.36 eps=0.118 loss=1.8893
[ep 1550] loot         static_B_2020.02.27_18.39.27.csv@3645  reward=QoE=   81.96 eps=0.117 loss=1.5708
[ep 1551] redandblack  driving_B_2019.12.17_07.32.39.csv@1847  reward=QoE=   10.04 eps=0.117 loss=1.5023
[ep 1552] soldier      driving_B_2020.01.16_09.56.56.csv@690   reward=QoE=  -17.64 eps=0.116 loss=1.5935
[ep 1553] longdress    driving_B_2020.02.27_17.30.15.csv@493   reward=QoE= -126.22 eps=0.116 loss=1.3990
[ep 1554] loot         driving_B_2020.02.13_13.03.24.csv@2010  reward=QoE=  -10.43 eps=0.115 loss=1.4669
[ep 1555] redandblack  static_B_2019.12.16_13.40.04.csv@436   reward=QoE=   58.38 eps=0.114 loss=1.5903
[ep 1556] soldier      driving_B_2020.02.13_13.03.24.csv@510   reward=QoE=    3.49 eps=0.114 loss=1.5302
[ep 1557] longdress    static_B_2020.02.27_18.39.27.csv@3105  reward=QoE=   28.45 eps=0.113 loss=1.4452
[ep 1558] loot         driving_B_2019.12.16_12.27.05.csv@62    reward=QoE=   19.83 eps=0.113 loss=1.4850
[ep 1559] redandblack  driving_B_2019.12.16_12.27.05.csv@1082  reward=QoE=   51.31 eps=0.112 loss=1.4711
[ep 1560] soldier      static_B_2020.02.27_18.39.27.csv@2145  reward=QoE=   63.24 eps=0.112 loss=1.7717
[ep 1561] longdress    driving_B_2020.02.13_15.02.01.csv@200   reward=QoE=   36.22 eps=0.111 loss=1.5725
[ep 1562] loot         static_B_2020.02.27_18.39.27.csv@5145  reward=QoE=   88.09 eps=0.110 loss=1.6484
[ep 1563] redandblack  driving_B_2019.12.17_07.32.39.csv@1427  reward=QoE=   62.95 eps=0.110 loss=1.5241
[ep 1564] soldier      driving_B_2020.02.13_15.02.01.csv@920   reward=QoE=   80.16 eps=0.109 loss=1.6231
[ep 1565] longdress    driving_B_2020.02.14_09.38.22.csv@170   reward=QoE=  -36.34 eps=0.109 loss=1.5833
[ep 1566] loot         driving_B_2019.12.17_07.32.39.csv@227   reward=QoE=   -1.76 eps=0.108 loss=1.6082
[ep 1567] redandblack  driving_B_2020.02.13_15.02.01.csv@2240  reward=QoE=   69.07 eps=0.108 loss=1.6705
[ep 1568] soldier      driving_B_2020.01.16_09.56.56.csv@1410  reward=QoE=   78.42 eps=0.107 loss=1.4095
[ep 1569] longdress    driving_B_2020.02.13_15.02.01.csv@1040  reward=QoE=   72.85 eps=0.106 loss=1.5195
[ep 1570] loot         driving_B_2020.02.13_13.03.24.csv@330   reward=QoE=   20.30 eps=0.106 loss=1.6498
[ep 1571] redandblack  static_B_2019.12.16_13.40.04.csv@1816  reward=QoE=   69.50 eps=0.105 loss=1.5608
[ep 1572] soldier      driving_B_2020.02.14_09.38.22.csv@770   reward=QoE=   32.50 eps=0.105 loss=1.6637
[ep 1573] longdress    driving_B_2020.02.13_15.02.01.csv@1520  reward=QoE=   28.19 eps=0.104 loss=1.4264
[ep 1574] loot         driving_B_2019.12.16_12.27.05.csv@182   reward=QoE=   19.44 eps=0.104 loss=1.5384
[ep 1575] redandblack  driving_B_2020.02.13_15.02.01.csv@2060  reward=QoE=  -57.17 eps=0.103 loss=1.5073
[ep 1576] soldier      static_B_2020.02.27_18.39.27.csv@4665  reward=QoE=   -6.66 eps=0.102 loss=1.5871
[ep 1577] longdress    driving_B_2020.02.13_15.02.01.csv@500   reward=QoE=   -0.24 eps=0.102 loss=1.7251
[ep 1578] loot         driving_B_2020.02.13_15.02.01.csv@1400  reward=QoE=   14.69 eps=0.101 loss=1.5061
[ep 1579] redandblack  static_B_2020.02.27_18.39.27.csv@2385  reward=QoE=   29.09 eps=0.101 loss=1.6591
[ep 1580] soldier      driving_B_2020.02.14_09.38.22.csv@710   reward=QoE=   63.38 eps=0.100 loss=1.6632
[ep 1581] longdress    static_B_2020.02.27_18.39.27.csv@3525  reward=QoE=   50.66 eps=0.100 loss=1.6016
[ep 1582] loot         driving_B_2019.12.16_12.27.05.csv@1022  reward=QoE=   64.85 eps=0.099 loss=1.3762
[ep 1583] redandblack  driving_B_2019.12.16_12.27.05.csv@122   reward=QoE=  -10.14 eps=0.098 loss=1.5968
[ep 1584] soldier      driving_B_2020.02.13_15.02.01.csv@440   reward=QoE=   24.74 eps=0.098 loss=1.4225
[ep 1585] longdress    driving_B_2019.12.17_07.32.39.csv@1607  reward=QoE=   60.80 eps=0.097 loss=1.5045
[ep 1586] loot         driving_B_2020.01.16_07.26.43.csv@817   reward=QoE=   54.71 eps=0.097 loss=1.5421
[ep 1587] redandblack  static_B_2020.02.27_18.39.27.csv@105   reward=QoE=   83.48 eps=0.096 loss=1.6444
[ep 1588] soldier      static_B_2020.02.27_18.39.27.csv@2805  reward=QoE=   81.63 eps=0.096 loss=1.4702
[ep 1589] longdress    static_B_2019.12.16_13.40.04.csv@1904  reward=QoE=   48.44 eps=0.095 loss=1.6801
[ep 1590] loot         driving_B_2020.02.13_15.02.01.csv@1940  reward=QoE=   44.41 eps=0.094 loss=1.5109
[ep 1591] redandblack  driving_B_2020.01.16_07.26.43.csv@1117  reward=QoE=   55.85 eps=0.094 loss=1.4894
[ep 1592] soldier      driving_B_2020.02.13_15.02.01.csv@1280  reward=QoE=   17.31 eps=0.093 loss=1.5945
[ep 1593] longdress    static_B_2020.02.27_18.39.27.csv@5625  reward=QoE=   81.23 eps=0.093 loss=1.7576
[ep 1594] loot         static_B_2020.02.27_18.39.27.csv@2445  reward=QoE=   70.36 eps=0.092 loss=1.5065
[ep 1595] redandblack  driving_B_2020.02.13_15.02.01.csv@860   reward=QoE=   24.76 eps=0.092 loss=1.6146
[ep 1596] soldier      static_B_2020.02.27_18.39.27.csv@3465  reward=QoE=   71.68 eps=0.091 loss=1.4605
[ep 1597] longdress    driving_B_2020.01.16_07.26.43.csv@1717  reward=QoE=   24.55 eps=0.090 loss=1.5143
[ep 1598] loot         static_B_2019.12.16_13.40.04.csv@1636  reward=QoE=   69.02 eps=0.090 loss=1.5237
[ep 1599] redandblack  static_B_2019.12.16_13.40.04.csv@1456  reward=QoE=   83.62 eps=0.089 loss=1.5552
[ep 1600] soldier      static_B_2020.02.27_18.39.27.csv@3405  reward=QoE=   62.72 eps=0.089 loss=1.7073
    [eval @ ep 1600] reward=QoE=-1894.94 mean_q=0.549 stall=442.0s
[ep 1601] longdress    driving_B_2020.01.16_09.56.56.csv@1530  reward=QoE=   71.77 eps=0.088 loss=1.6020
[ep 1602] loot         driving_B_2020.01.16_09.56.56.csv@1350  reward=QoE=   77.08 eps=0.088 loss=1.8131
[ep 1603] redandblack  driving_B_2020.01.16_07.26.43.csv@337   reward=QoE=  -28.27 eps=0.087 loss=1.5967
[ep 1604] soldier      driving_B_2020.02.14_09.38.22.csv@1478  reward=QoE=    4.47 eps=0.086 loss=1.7093
[ep 1605] longdress    driving_B_2020.02.14_09.38.22.csv@650   reward=QoE=   82.16 eps=0.086 loss=1.5379
[ep 1606] loot         driving_B_2020.02.13_13.03.24.csv@1170  reward=QoE=   16.06 eps=0.085 loss=1.5360
[ep 1607] redandblack  driving_B_2019.12.17_07.32.39.csv@1007  reward=QoE=  -20.89 eps=0.085 loss=1.6939
[ep 1608] soldier      static_B_2020.02.27_18.39.27.csv@225   reward=QoE=   86.56 eps=0.084 loss=1.6990
[ep 1609] longdress    driving_B_2020.01.16_09.56.56.csv@150   reward=QoE=  -10.03 eps=0.084 loss=1.5759
[ep 1610] loot         driving_B_2020.02.13_13.03.24.csv@930   reward=QoE=   20.91 eps=0.083 loss=1.5118
[ep 1611] redandblack  static_B_2020.02.27_18.39.27.csv@5685  reward=QoE=   61.12 eps=0.082 loss=1.5964
[ep 1612] soldier      static_B_2020.02.27_18.39.27.csv@5265  reward=QoE=   87.41 eps=0.082 loss=1.6154
[ep 1613] longdress    static_B_2019.12.16_13.40.04.csv@1756  reward=QoE=   55.19 eps=0.081 loss=1.5530
[ep 1614] loot         driving_B_2020.02.13_13.03.24.csv@1650  reward=QoE=  -50.53 eps=0.081 loss=1.5077
[ep 1615] redandblack  static_B_2020.02.27_18.39.27.csv@165   reward=QoE=   81.18 eps=0.080 loss=1.4861
[ep 1616] soldier      driving_B_2020.01.16_07.26.43.csv@1297  reward=QoE=   39.13 eps=0.080 loss=1.5477
[ep 1617] longdress    driving_B_2019.12.17_07.32.39.csv@1907  reward=QoE=   19.38 eps=0.079 loss=1.4964
[ep 1618] loot         driving_B_2020.02.14_09.38.22.csv@590   reward=QoE=   40.42 eps=0.078 loss=1.5490
[ep 1619] redandblack  driving_B_2020.02.14_12.58.17.csv@95    reward=QoE=  -91.59 eps=0.078 loss=1.5166
[ep 1620] soldier      driving_B_2020.02.14_09.38.22.csv@350   reward=QoE=  -11.04 eps=0.077 loss=1.5345
[ep 1621] longdress    driving_B_2020.02.13_13.03.24.csv@1350  reward=QoE=    3.27 eps=0.077 loss=1.4560
[ep 1622] loot         driving_B_2020.02.13_13.03.24.csv@450   reward=QoE=    2.73 eps=0.076 loss=1.6236
[ep 1623] redandblack  driving_B_2019.12.17_07.32.39.csv@587   reward=QoE=   27.92 eps=0.076 loss=1.5215
[ep 1624] soldier      driving_B_2020.01.16_07.26.43.csv@1770  reward=QoE=    6.25 eps=0.075 loss=1.5132
[ep 1625] longdress    driving_B_2019.12.17_07.32.39.csv@887   reward=QoE=   24.57 eps=0.074 loss=1.4961
[ep 1626] loot         driving_B_2020.02.13_13.03.24.csv@810   reward=QoE=   29.49 eps=0.074 loss=1.6460
[ep 1627] redandblack  static_B_2019.12.16_13.40.04.csv@616   reward=QoE=   27.85 eps=0.073 loss=1.4728
[ep 1628] soldier      driving_B_2019.12.17_07.32.39.csv@47    reward=QoE=   15.83 eps=0.073 loss=1.6847
[ep 1629] longdress    static_B_2020.02.27_18.39.27.csv@1965  reward=QoE=   32.39 eps=0.072 loss=1.5232
[ep 1630] loot         static_B_2019.12.16_13.40.04.csv@16    reward=QoE=   86.34 eps=0.072 loss=1.7152
[ep 1631] redandblack  driving_B_2019.12.17_07.32.39.csv@647   reward=QoE=   38.69 eps=0.071 loss=1.5862
[ep 1632] soldier      driving_B_2020.02.13_13.03.24.csv@1470  reward=QoE=   15.35 eps=0.071 loss=1.5268
[ep 1633] longdress    driving_B_2020.02.13_15.02.01.csv@2480  reward=QoE=  -72.27 eps=0.070 loss=1.6546
[ep 1634] loot         static_B_2020.02.27_18.39.27.csv@1005  reward=QoE=   72.42 eps=0.069 loss=1.5178
[ep 1635] redandblack  static_B_2019.12.16_13.40.04.csv@136   reward=QoE=   73.29 eps=0.069 loss=1.6075
[ep 1636] soldier      driving_B_2020.02.13_13.03.24.csv@750   reward=QoE=    5.04 eps=0.068 loss=1.5337
[ep 1637] longdress    static_B_2020.02.27_18.39.27.csv@2925  reward=QoE=   35.53 eps=0.068 loss=1.4287
[ep 1638] loot         static_B_2020.02.27_18.39.27.csv@5742  reward=QoE=   65.23 eps=0.067 loss=1.6254
[ep 1639] redandblack  driving_B_2020.02.14_09.38.22.csv@1430  reward=QoE=   13.05 eps=0.067 loss=1.5677
[ep 1640] soldier      driving_B_2019.12.17_07.32.39.csv@2207  reward=QoE=    4.55 eps=0.066 loss=1.5980
[ep 1641] longdress    driving_B_2020.01.16_09.56.56.csv@450   reward=QoE=   32.33 eps=0.065 loss=1.5927
[ep 1642] loot         static_B_2020.02.14_13.21.26.csv@260   reward=QoE=   46.24 eps=0.065 loss=1.6611
[ep 1643] redandblack  driving_B_2020.01.16_09.56.56.csv@630   reward=QoE=   48.42 eps=0.064 loss=1.5203
[ep 1644] soldier      driving_B_2019.12.16_12.27.05.csv@782   reward=QoE=   33.36 eps=0.064 loss=1.4311
[ep 1645] longdress    driving_B_2020.02.27_17.30.15.csv@613   reward=QoE=  -46.89 eps=0.063 loss=1.4684
[ep 1646] loot         static_B_2020.02.27_18.39.27.csv@465   reward=QoE=   57.18 eps=0.063 loss=1.7035
[ep 1647] redandblack  driving_B_2020.02.14_12.58.17.csv@575   reward=QoE=   24.85 eps=0.062 loss=1.5862
[ep 1648] soldier      static_B_2020.02.27_18.39.27.csv@4485  reward=QoE=   40.31 eps=0.061 loss=1.5645
[ep 1649] longdress    static_B_2020.02.27_18.39.27.csv@4965  reward=QoE=   65.04 eps=0.061 loss=1.6208
[ep 1650] loot         driving_B_2020.02.14_09.38.22.csv@950   reward=QoE=   79.15 eps=0.060 loss=1.5884
[ep 1651] redandblack  static_B_2020.02.27_18.39.27.csv@2265  reward=QoE=   59.78 eps=0.060 loss=1.6438
[ep 1652] soldier      static_B_2019.12.16_13.40.04.csv@376   reward=QoE=   48.17 eps=0.059 loss=1.5018
[ep 1653] longdress    static_B_2020.02.27_18.39.27.csv@5325  reward=QoE=   87.97 eps=0.059 loss=1.5451
[ep 1654] loot         static_B_2020.02.27_18.39.27.csv@4005  reward=QoE=   47.39 eps=0.058 loss=1.5029
[ep 1655] redandblack  driving_B_2019.12.17_07.32.39.csv@1727  reward=QoE=  -17.88 eps=0.057 loss=1.5220
[ep 1656] soldier      driving_B_2020.01.16_09.56.56.csv@270   reward=QoE=   58.55 eps=0.057 loss=1.5640
[ep 1657] longdress    driving_B_2020.01.16_09.56.56.csv@1110  reward=QoE=   21.22 eps=0.056 loss=1.4809
[ep 1658] loot         driving_B_2020.02.13_15.02.01.csv@980   reward=QoE=   20.79 eps=0.056 loss=1.4995
[ep 1659] redandblack  static_B_2020.02.14_13.21.26.csv@200   reward=QoE=   83.89 eps=0.055 loss=1.5003
[ep 1660] soldier      driving_B_2020.02.27_17.30.15.csv@433   reward=QoE= -198.82 eps=0.055 loss=1.7906
[ep 1661] longdress    driving_B_2020.02.13_15.02.01.csv@2720  reward=QoE=  -10.82 eps=0.054 loss=1.7855
[ep 1662] loot         driving_B_2020.02.13_13.03.24.csv@390   reward=QoE=   21.95 eps=0.053 loss=1.5975
[ep 1663] redandblack  driving_B_2020.02.14_09.38.22.csv@1010  reward=QoE=   22.39 eps=0.053 loss=1.6134
[ep 1664] soldier      static_B_2019.12.16_13.40.04.csv@1156  reward=QoE= -193.37 eps=0.052 loss=1.6592
[ep 1665] longdress    static_B_2020.02.14_13.21.26.csv@850   reward=QoE=   40.72 eps=0.052 loss=1.7315
[ep 1666] loot         static_B_2019.12.16_13.40.04.csv@1696  reward=QoE=   60.31 eps=0.051 loss=1.7022
[ep 1667] redandblack  static_B_2020.02.27_18.39.27.csv@3945  reward=QoE=   84.74 eps=0.051 loss=1.6530
[ep 1668] soldier      driving_B_2020.02.27_17.30.15.csv@720   reward=QoE=  -32.05 eps=0.050 loss=1.5721
[ep 1669] longdress    driving_B_2020.02.27_17.30.15.csv@528   reward=QoE=  -13.86 eps=0.050 loss=1.5465
[ep 1670] loot         driving_B_2019.12.16_12.27.05.csv@1152  reward=QoE=   37.34 eps=0.050 loss=1.5919
[ep 1671] redandblack  static_B_2019.12.16_13.40.04.csv@1727  reward=QoE=   85.50 eps=0.050 loss=1.5133
[ep 1672] soldier      static_B_2020.02.14_13.21.26.csv@165   reward=QoE=   91.77 eps=0.050 loss=1.7157
[ep 1673] longdress    static_B_2020.02.27_18.39.27.csv@5539  reward=QoE=   74.67 eps=0.050 loss=1.5921
[ep 1674] loot         driving_B_2020.02.13_15.02.01.csv@846   reward=QoE=   24.75 eps=0.050 loss=1.5910
[ep 1675] redandblack  static_B_2019.12.16_13.40.04.csv@1547  reward=QoE=   64.39 eps=0.050 loss=1.5468
[ep 1676] soldier      driving_B_2020.02.13_13.03.24.csv@2188  reward=QoE= -193.93 eps=0.050 loss=1.4203
[ep 1677] longdress    driving_B_2020.02.13_15.02.01.csv@2166  reward=QoE=   60.91 eps=0.050 loss=1.5148
[ep 1678] loot         driving_B_2020.02.14_12.58.17.csv@202   reward=QoE=  -81.70 eps=0.050 loss=1.5188
[ep 1679] redandblack  driving_B_2019.12.16_12.27.05.csv@1105  reward=QoE=   36.48 eps=0.050 loss=1.4230
[ep 1680] soldier      driving_B_2020.01.16_07.26.43.csv@1725  reward=QoE=   30.51 eps=0.050 loss=1.6347
[ep 1681] longdress    driving_B_2019.12.16_12.27.05.csv@805   reward=QoE=   42.79 eps=0.050 loss=1.4786
[ep 1682] loot         static_B_2020.02.27_18.39.27.csv@1279  reward=QoE=   75.94 eps=0.050 loss=1.4800
[ep 1683] redandblack  static_B_2020.02.27_18.39.27.csv@2539  reward=QoE=   79.47 eps=0.050 loss=1.4051
[ep 1684] soldier      static_B_2020.02.27_18.39.27.csv@1879  reward=QoE=   49.20 eps=0.050 loss=1.5518
[ep 1685] longdress    driving_B_2019.12.17_07.32.39.csv@1462  reward=QoE=   -7.31 eps=0.050 loss=1.5472
[ep 1686] loot         static_B_2020.02.27_18.39.27.csv@1759  reward=QoE=   54.20 eps=0.050 loss=1.5382
[ep 1687] redandblack  static_B_2019.12.16_13.40.04.csv@347   reward=QoE=   35.03 eps=0.050 loss=1.4465
[ep 1688] soldier      driving_B_2020.02.13_13.03.24.csv@895   reward=QoE=  -39.79 eps=0.050 loss=1.5009
[ep 1689] longdress    driving_B_2020.02.13_15.02.01.csv@66    reward=QoE=   59.85 eps=0.050 loss=1.4872
[ep 1690] loot         driving_B_2020.02.13_15.02.01.csv@1386  reward=QoE=   12.11 eps=0.050 loss=1.4676
[ep 1691] redandblack  static_B_2020.02.14_13.21.26.csv@705   reward=QoE=   89.35 eps=0.050 loss=1.5806
[ep 1692] soldier      driving_B_2020.02.13_15.02.01.csv@426   reward=QoE=   39.40 eps=0.050 loss=1.4706
[ep 1693] longdress    driving_B_2019.12.17_07.32.39.csv@22    reward=QoE=   17.89 eps=0.050 loss=1.6457
[ep 1694] loot         driving_B_2020.02.13_15.02.01.csv@1806  reward=QoE=   89.79 eps=0.050 loss=1.5354
[ep 1695] redandblack  static_B_2020.02.27_18.39.27.csv@4399  reward=QoE=   84.65 eps=0.050 loss=1.6079
[ep 1696] soldier      driving_B_2020.01.16_12.10.03.csv@244   reward=QoE=   79.78 eps=0.050 loss=1.5797
[ep 1697] longdress    driving_B_2019.12.17_07.32.39.csv@742   reward=QoE=   16.86 eps=0.050 loss=1.6159
[ep 1698] loot         driving_B_2019.12.17_07.32.39.csv@382   reward=QoE=   75.72 eps=0.050 loss=1.7271
[ep 1699] redandblack  driving_B_2020.02.14_12.58.17.csv@800   reward=QoE=   23.44 eps=0.050 loss=1.5323
[ep 1700] soldier      static_B_2019.12.16_13.40.04.csv@587   reward=QoE=   49.72 eps=0.050 loss=1.3990
[ep 1701] longdress    driving_B_2020.02.13_13.03.24.csv@1615  reward=QoE=  -15.34 eps=0.050 loss=1.6668
[ep 1702] loot         driving_B_2020.02.14_09.38.22.csv@858   reward=QoE=   79.17 eps=0.050 loss=1.6449
[ep 1703] redandblack  static_B_2020.02.27_18.39.27.csv@2239  reward=QoE=   59.25 eps=0.050 loss=1.6476
[ep 1704] soldier      driving_B_2020.02.14_12.58.17.csv@262   reward=QoE= -231.10 eps=0.050 loss=1.5906
[ep 1705] longdress    driving_B_2020.02.13_13.03.24.csv@775   reward=QoE=  -95.07 eps=0.050 loss=1.6317
[ep 1706] loot         static_B_2020.02.27_18.39.27.csv@4579  reward=QoE=   76.47 eps=0.050 loss=1.6092
[ep 1707] redandblack  driving_B_2020.02.14_09.38.22.csv@558   reward=QoE=   61.53 eps=0.050 loss=1.4591
[ep 1708] soldier      driving_B_2020.02.27_17.30.15.csv@648   reward=QoE=  -20.46 eps=0.050 loss=1.5542
[ep 1709] longdress    static_B_2019.12.16_13.40.04.csv@407   reward=QoE=   68.45 eps=0.050 loss=1.5515
[ep 1710] loot         driving_B_2020.02.13_15.02.01.csv@306   reward=QoE=   81.00 eps=0.050 loss=1.5089
[ep 1711] redandblack  driving_B_2020.02.13_13.03.24.csv@2095  reward=QoE=   -8.21 eps=0.050 loss=1.7225
[ep 1712] soldier      static_B_2020.02.14_13.21.26.csv@585   reward=QoE=   74.92 eps=0.050 loss=1.4245
[ep 1713] longdress    static_B_2020.02.27_18.39.27.csv@2179  reward=QoE=   67.06 eps=0.050 loss=1.6476
[ep 1714] loot         static_B_2020.02.27_18.39.27.csv@2899  reward=QoE=   68.28 eps=0.050 loss=1.5875
[ep 1715] redandblack  driving_B_2020.01.16_09.56.56.csv@210   reward=QoE=   28.45 eps=0.050 loss=1.8003
[ep 1716] soldier      static_B_2020.02.27_18.39.27.csv@1819  reward=QoE= -188.16 eps=0.050 loss=1.3740
[ep 1717] longdress    driving_B_2020.01.16_09.56.56.csv@390   reward=QoE=   -6.47 eps=0.050 loss=1.5488
[ep 1718] loot         static_B_2020.02.27_18.39.27.csv@799   reward=QoE=   90.25 eps=0.050 loss=1.4787
[ep 1719] redandblack  driving_B_2019.12.16_12.27.05.csv@385   reward=QoE=  -52.50 eps=0.050 loss=1.7104
[ep 1720] soldier      driving_B_2019.12.17_07.32.39.csv@802   reward=QoE=  -29.66 eps=0.050 loss=1.6619
[ep 1721] longdress    driving_B_2020.02.13_15.02.01.csv@1986  reward=QoE=   50.17 eps=0.050 loss=1.6432
[ep 1722] loot         driving_B_2020.01.16_07.26.43.csv@1545  reward=QoE=   27.17 eps=0.050 loss=1.4679
[ep 1723] redandblack  static_B_2020.02.27_18.39.27.csv@2479  reward=QoE=   78.85 eps=0.050 loss=1.6322
[ep 1724] soldier      driving_B_2020.02.14_09.38.22.csv@78    reward=QoE=  -25.76 eps=0.050 loss=1.5946
[ep 1725] longdress    driving_B_2020.02.13_13.03.24.csv@1795  reward=QoE=  -24.60 eps=0.050 loss=1.7522
[ep 1726] loot         static_B_2020.02.27_18.39.27.csv@3919  reward=QoE=   82.36 eps=0.050 loss=1.5680
[ep 1727] redandblack  driving_B_2020.02.13_15.02.01.csv@1446  reward=QoE=   12.39 eps=0.050 loss=1.7046
[ep 1728] soldier      static_B_2020.02.27_18.39.27.csv@3259  reward=QoE=   88.40 eps=0.050 loss=1.7090
[ep 1729] longdress    driving_B_2020.02.13_15.02.01.csv@1686  reward=QoE=   -2.60 eps=0.050 loss=1.4982
[ep 1730] loot         driving_B_2020.02.13_15.02.01.csv@126   reward=QoE=   80.79 eps=0.050 loss=1.4405
[ep 1731] redandblack  static_B_2019.12.16_13.40.04.csv@1904  reward=QoE=   46.60 eps=0.050 loss=1.6108
[ep 1732] soldier      driving_B_2019.12.17_07.32.39.csv@622   reward=QoE=  -13.87 eps=0.050 loss=1.5156
[ep 1733] longdress    driving_B_2019.12.17_07.32.39.csv@1942  reward=QoE=    2.02 eps=0.050 loss=1.5648
[ep 1734] loot         driving_B_2020.01.16_07.26.43.csv@1770  reward=QoE=   21.22 eps=0.050 loss=1.4767
[ep 1735] redandblack  driving_B_2020.02.13_13.03.24.csv@1675  reward=QoE=   16.87 eps=0.050 loss=1.7097
[ep 1736] soldier      driving_B_2020.02.13_13.03.24.csv@1735  reward=QoE=   59.82 eps=0.050 loss=1.6786
[ep 1737] longdress    driving_B_2020.01.16_09.56.56.csv@1570  reward=QoE=   40.54 eps=0.050 loss=1.4674
[ep 1738] loot         static_B_2020.02.27_18.39.27.csv@3139  reward=QoE=  -35.02 eps=0.050 loss=1.6748
[ep 1739] redandblack  static_B_2019.12.16_13.40.04.csv@1307  reward=QoE=   59.28 eps=0.050 loss=1.6865
[ep 1740] soldier      driving_B_2020.01.16_07.26.43.csv@825   reward=QoE=   27.65 eps=0.050 loss=1.5529
[ep 1741] longdress    driving_B_2020.02.14_12.58.17.csv@322   reward=QoE= -137.59 eps=0.050 loss=1.4760
[ep 1742] loot         static_B_2019.12.16_13.40.04.csv@1427  reward=QoE=   75.89 eps=0.050 loss=1.5360
[ep 1743] redandblack  driving_B_2019.12.17_07.32.39.csv@142   reward=QoE=   26.74 eps=0.050 loss=1.5554
[ep 1744] soldier      static_B_2020.02.27_18.39.27.csv@1039  reward=QoE=   42.45 eps=0.050 loss=1.5397
[ep 1745] longdress    driving_B_2020.01.16_09.56.56.csv@1110  reward=QoE=   13.09 eps=0.050 loss=1.5667
[ep 1746] loot         driving_B_2020.02.27_17.30.15.csv@468   reward=QoE= -142.34 eps=0.050 loss=1.5509
[ep 1747] redandblack  static_B_2019.12.16_13.40.04.csv@1787  reward=QoE=   64.62 eps=0.050 loss=1.7002
[ep 1748] soldier      static_B_2019.12.16_13.40.04.csv@827   reward=QoE=   65.73 eps=0.050 loss=1.4562
[ep 1749] longdress    driving_B_2020.02.13_13.03.24.csv@1855  reward=QoE= -145.35 eps=0.050 loss=1.6753
[ep 1750] loot         static_B_2019.12.16_13.40.04.csv@707   reward=QoE=   83.97 eps=0.050 loss=1.6875
[ep 1751] redandblack  static_B_2020.02.27_18.39.27.csv@1219  reward=QoE=   59.63 eps=0.050 loss=1.6302
[ep 1752] soldier      driving_B_2020.02.14_09.38.22.csv@138   reward=QoE=  -37.64 eps=0.050 loss=1.4262
[ep 1753] longdress    driving_B_2020.02.13_13.03.24.csv@2035  reward=QoE=    1.44 eps=0.050 loss=1.6222
[ep 1754] loot         driving_B_2019.12.16_12.27.05.csv@25    reward=QoE=   41.23 eps=0.050 loss=1.7642
[ep 1755] redandblack  static_B_2020.02.27_18.39.27.csv@4219  reward=QoE=   81.91 eps=0.050 loss=1.6134
[ep 1756] soldier      driving_B_2020.02.13_15.02.01.csv@1086  reward=QoE=   38.67 eps=0.050 loss=1.5762
[ep 1757] longdress    driving_B_2020.01.16_07.26.43.csv@1065  reward=QoE=   49.55 eps=0.050 loss=1.5253
[ep 1758] loot         static_B_2020.02.27_18.39.27.csv@5059  reward=QoE=   83.40 eps=0.050 loss=1.6253
[ep 1759] redandblack  static_B_2020.02.27_18.39.27.csv@3679  reward=QoE=   88.78 eps=0.050 loss=1.6671
[ep 1760] soldier      static_B_2020.02.27_18.39.27.csv@3379  reward=QoE=   90.04 eps=0.050 loss=1.5762
[ep 1761] longdress    driving_B_2020.01.16_09.56.56.csv@1290  reward=QoE=   84.85 eps=0.050 loss=1.6309
[ep 1762] loot         driving_B_2020.02.14_12.58.17.csv@622   reward=QoE=   13.11 eps=0.050 loss=1.7395
[ep 1763] redandblack  driving_B_2019.12.16_12.27.05.csv@865   reward=QoE=   86.41 eps=0.050 loss=1.5349
[ep 1764] soldier      driving_B_2020.01.16_07.26.43.csv@1005  reward=QoE=   30.36 eps=0.050 loss=1.6249
[ep 1765] longdress    static_B_2020.02.27_18.39.27.csv@259   reward=QoE=   59.69 eps=0.050 loss=1.5606
[ep 1766] loot         static_B_2020.02.27_18.39.27.csv@3079  reward=QoE=   45.08 eps=0.050 loss=1.5878
[ep 1767] redandblack  static_B_2020.02.27_18.39.27.csv@4339  reward=QoE=   50.97 eps=0.050 loss=1.5308
[ep 1768] soldier      driving_B_2020.02.14_09.38.22.csv@438   reward=QoE=   13.40 eps=0.050 loss=1.6335
[ep 1769] longdress    driving_B_2020.01.16_07.26.43.csv@405   reward=QoE=   -2.72 eps=0.050 loss=1.6131
[ep 1770] loot         driving_B_2020.02.14_09.38.22.csv@618   reward=QoE=   73.05 eps=0.050 loss=1.5036
[ep 1771] redandblack  driving_B_2020.02.13_15.02.01.csv@1506  reward=QoE=  -13.72 eps=0.050 loss=1.5569
[ep 1772] soldier      static_B_2020.02.14_13.21.26.csv@105   reward=QoE=   84.55 eps=0.050 loss=1.5118
[ep 1773] longdress    driving_B_2020.02.27_17.30.15.csv@168   reward=QoE=    7.27 eps=0.050 loss=1.5978
[ep 1774] loot         driving_B_2020.02.27_17.30.15.csv@108   reward=QoE= -127.36 eps=0.050 loss=1.5202
[ep 1775] redandblack  static_B_2020.02.27_18.39.27.csv@979   reward=QoE=   68.33 eps=0.050 loss=1.5627
[ep 1776] soldier      static_B_2020.02.27_18.39.27.csv@2119  reward=QoE=   55.44 eps=0.050 loss=1.5661
[ep 1777] longdress    driving_B_2019.12.16_12.27.05.csv@625   reward=QoE=  -44.02 eps=0.050 loss=1.5280
[ep 1778] loot         driving_B_2020.01.16_07.26.43.csv@705   reward=QoE=   17.43 eps=0.050 loss=1.4365
[ep 1779] redandblack  static_B_2020.02.27_18.39.27.csv@19    reward=QoE=   56.67 eps=0.050 loss=1.4178
[ep 1780] soldier      static_B_2020.02.27_18.39.27.csv@5179  reward=QoE=   92.29 eps=0.050 loss=1.7065
[ep 1781] longdress    driving_B_2020.02.13_13.03.24.csv@595   reward=QoE=   32.16 eps=0.050 loss=1.5708
[ep 1782] loot         static_B_2020.02.27_18.39.27.csv@3319  reward=QoE=   88.02 eps=0.050 loss=1.6123
[ep 1783] redandblack  driving_B_2020.01.16_07.26.43.csv@885   reward=QoE=    6.57 eps=0.050 loss=1.5465
[ep 1784] soldier      static_B_2020.02.27_18.39.27.csv@5239  reward=QoE=   58.43 eps=0.050 loss=1.6808
[ep 1785] longdress    driving_B_2020.02.13_15.02.01.csv@246   reward=QoE=   88.96 eps=0.050 loss=1.5171
[ep 1786] loot         static_B_2020.02.27_18.39.27.csv@2959  reward=QoE=   72.00 eps=0.050 loss=1.5508
[ep 1787] redandblack  driving_B_2020.02.27_17.30.15.csv@288   reward=QoE= -109.08 eps=0.050 loss=1.5659
[ep 1788] soldier      static_B_2020.02.14_13.21.26.csv@765   reward=QoE=   92.98 eps=0.050 loss=1.5964
[ep 1789] longdress    driving_B_2019.12.17_07.32.39.csv@1762  reward=QoE=   17.12 eps=0.050 loss=1.5909
[ep 1790] loot         driving_B_2020.01.16_09.56.56.csv@870   reward=QoE=   -5.39 eps=0.050 loss=1.4236
[ep 1791] redandblack  driving_B_2020.01.16_09.56.56.csv@510   reward=QoE=   66.01 eps=0.050 loss=1.6487
[ep 1792] soldier      static_B_2019.12.16_13.40.04.csv@1067  reward=QoE=   53.57 eps=0.050 loss=1.5734
[ep 1793] longdress    driving_B_2020.02.27_17.30.15.csv@408   reward=QoE= -132.81 eps=0.050 loss=1.5272
[ep 1794] loot         driving_B_2020.02.13_13.03.24.csv@835   reward=QoE=   -7.34 eps=0.050 loss=1.4146
[ep 1795] redandblack  static_B_2020.02.27_18.39.27.csv@619   reward=QoE=   82.84 eps=0.050 loss=1.5258
[ep 1796] soldier      static_B_2019.12.16_13.40.04.csv@647   reward=QoE=   61.95 eps=0.050 loss=1.4185
[ep 1797] longdress    driving_B_2020.01.16_07.26.43.csv@1125  reward=QoE=   26.61 eps=0.050 loss=1.6456
[ep 1798] loot         driving_B_2020.01.16_09.56.56.csv@1410  reward=QoE=   81.64 eps=0.050 loss=1.4944
[ep 1799] redandblack  driving_B_2020.01.16_07.26.43.csv@105   reward=QoE=   43.11 eps=0.050 loss=1.6462
[ep 1800] soldier      static_B_2020.02.27_18.39.27.csv@739   reward=QoE=   50.84 eps=0.050 loss=1.7022
[ep 1801] longdress    static_B_2020.02.27_18.39.27.csv@5419  reward=QoE=   65.30 eps=0.050 loss=1.4936
[ep 1802] loot         static_B_2019.12.16_13.40.04.csv@467   reward=QoE= -309.35 eps=0.050 loss=1.6183
[ep 1803] redandblack  static_B_2020.02.27_18.39.27.csv@3799  reward=QoE=   63.02 eps=0.050 loss=1.5686
[ep 1804] soldier      driving_B_2020.02.14_09.38.22.csv@798   reward=QoE=   27.79 eps=0.050 loss=1.5817
[ep 1805] longdress    driving_B_2020.01.16_09.56.56.csv@930   reward=QoE=   24.66 eps=0.050 loss=1.6825
[ep 1806] loot         driving_B_2020.02.14_12.58.17.csv@382   reward=QoE=   -5.74 eps=0.050 loss=1.7768
[ep 1807] redandblack  driving_B_2020.02.13_15.02.01.csv@2586  reward=QoE=   59.22 eps=0.050 loss=1.8021
[ep 1808] soldier      static_B_2019.12.16_13.40.04.csv@47    reward=QoE=   24.29 eps=0.050 loss=1.8575
[ep 1809] longdress    driving_B_2020.02.13_15.02.01.csv@1206  reward=QoE=   48.90 eps=0.050 loss=1.6312
[ep 1810] loot         driving_B_2019.12.17_07.32.39.csv@1282  reward=QoE=   43.79 eps=0.050 loss=1.6505
[ep 1811] redandblack  driving_B_2020.02.13_13.03.24.csv@1555  reward=QoE=   28.06 eps=0.050 loss=1.6851
[ep 1812] soldier      static_B_2020.02.27_18.39.27.csv@5742  reward=QoE=   66.30 eps=0.050 loss=1.6057
[ep 1813] longdress    driving_B_2020.02.13_15.02.01.csv@966   reward=QoE=   21.95 eps=0.050 loss=1.6882
[ep 1814] loot         static_B_2020.02.27_18.39.27.csv@79    reward=QoE=   76.43 eps=0.050 loss=1.7528
[ep 1815] redandblack  static_B_2020.02.27_18.39.27.csv@859   reward=QoE=   59.38 eps=0.050 loss=1.6728
[ep 1816] soldier      static_B_2020.02.27_18.39.27.csv@5742  reward=QoE=   64.07 eps=0.050 loss=1.6118
[ep 1817] longdress    static_B_2019.12.16_13.40.04.csv@1607  reward=QoE=   75.04 eps=0.050 loss=1.6971
[ep 1818] loot         driving_B_2020.02.14_09.38.22.csv@1158  reward=QoE=   27.89 eps=0.050 loss=1.5641
[ep 1819] redandblack  static_B_2020.02.27_18.39.27.csv@3619  reward=QoE=   47.20 eps=0.050 loss=1.5023
[ep 1820] soldier      driving_B_2020.01.16_09.56.56.csv@630   reward=QoE=   49.11 eps=0.050 loss=1.6149
[ep 1821] longdress    static_B_2020.02.27_18.39.27.csv@559   reward=QoE= -236.99 eps=0.050 loss=1.5288
[ep 1822] loot         static_B_2020.02.27_18.39.27.csv@5299  reward=QoE=   77.17 eps=0.050 loss=1.5983
[ep 1823] redandblack  driving_B_2019.12.17_07.32.39.csv@1402  reward=QoE=   15.13 eps=0.050 loss=1.5715
[ep 1824] soldier      static_B_2020.02.27_18.39.27.csv@3559  reward=QoE=   32.80 eps=0.050 loss=1.4995
[ep 1825] longdress    driving_B_2019.12.17_07.32.39.csv@2122  reward=QoE=   80.45 eps=0.050 loss=1.6734
[ep 1826] loot         static_B_2019.12.16_13.40.04.csv@107   reward=QoE=   80.64 eps=0.050 loss=1.6435
[ep 1827] redandblack  static_B_2020.02.27_18.39.27.csv@4759  reward=QoE=   79.63 eps=0.050 loss=1.6265
[ep 1828] soldier      driving_B_2020.01.16_07.26.43.csv@285   reward=QoE=   15.07 eps=0.050 loss=1.6167
[ep 1829] longdress    driving_B_2019.12.16_12.27.05.csv@925   reward=QoE=   53.67 eps=0.050 loss=1.6881
[ep 1830] loot         static_B_2019.12.16_13.40.04.csv@1847  reward=QoE=   51.12 eps=0.050 loss=1.6097
[ep 1831] redandblack  driving_B_2020.01.16_12.10.03.csv@244   reward=QoE=   85.54 eps=0.050 loss=1.6385
[ep 1832] soldier      driving_B_2020.02.14_09.38.22.csv@1038  reward=QoE=  -17.07 eps=0.050 loss=1.5570
[ep 1833] longdress    driving_B_2019.12.17_07.32.39.csv@1102  reward=QoE=    1.79 eps=0.050 loss=1.4820
[ep 1834] loot         static_B_2020.02.27_18.39.27.csv@2419  reward=QoE=   66.21 eps=0.050 loss=1.5424
[ep 1835] redandblack  driving_B_2020.02.13_13.03.24.csv@2155  reward=QoE=  -47.30 eps=0.050 loss=1.6357
[ep 1836] soldier      driving_B_2020.02.13_15.02.01.csv@1746  reward=QoE=   75.79 eps=0.050 loss=1.4972
[ep 1837] longdress    static_B_2019.12.16_13.40.04.csv@1904  reward=QoE=   49.78 eps=0.050 loss=1.5763
[ep 1838] loot         static_B_2020.02.27_18.39.27.csv@1939  reward=QoE=   62.11 eps=0.050 loss=1.6572
[ep 1839] redandblack  driving_B_2020.02.14_12.58.17.csv@800   reward=QoE=   27.03 eps=0.050 loss=1.6121
[ep 1840] soldier      driving_B_2020.01.16_09.56.56.csv@1350  reward=QoE=   63.15 eps=0.050 loss=1.6513
[ep 1841] longdress    driving_B_2019.12.17_07.32.39.csv@2002  reward=QoE=   54.20 eps=0.050 loss=1.7279
[ep 1842] loot         driving_B_2020.02.14_09.38.22.csv@1478  reward=QoE=   21.87 eps=0.050 loss=1.6905
[ep 1843] redandblack  driving_B_2020.02.13_15.02.01.csv@726   reward=QoE=   31.14 eps=0.050 loss=1.6147
[ep 1844] soldier      driving_B_2020.02.14_09.38.22.csv@318   reward=QoE=  -31.35 eps=0.050 loss=1.5185
[ep 1845] longdress    driving_B_2020.02.13_13.03.24.csv@1435  reward=QoE=   29.22 eps=0.050 loss=1.6147
[ep 1846] loot         static_B_2020.02.27_18.39.27.csv@2719  reward=QoE=   79.60 eps=0.050 loss=1.5990
[ep 1847] redandblack  driving_B_2020.02.13_15.02.01.csv@546   reward=QoE=   41.79 eps=0.050 loss=1.5419
[ep 1848] soldier      driving_B_2020.02.13_13.03.24.csv@715   reward=QoE=   24.70 eps=0.050 loss=1.5391
[ep 1849] longdress    driving_B_2019.12.17_07.32.39.csv@1042  reward=QoE=   19.32 eps=0.050 loss=1.7398
[ep 1850] loot         static_B_2020.02.14_13.21.26.csv@285   reward=QoE=   78.20 eps=0.050 loss=1.4684
[ep 1851] redandblack  driving_B_2020.01.16_07.26.43.csv@225   reward=QoE=   15.88 eps=0.050 loss=1.5838
[ep 1852] soldier      static_B_2019.12.16_13.40.04.csv@1904  reward=QoE=  -57.35 eps=0.050 loss=1.5465
[ep 1853] longdress    driving_B_2019.12.17_07.32.39.csv@862   reward=QoE=   22.48 eps=0.050 loss=1.6766
[ep 1854] loot         driving_B_2020.02.13_15.02.01.csv@786   reward=QoE=   43.91 eps=0.050 loss=1.6711
[ep 1855] redandblack  driving_B_2020.02.13_15.02.01.csv@1326  reward=QoE=  -77.24 eps=0.050 loss=1.6426
[ep 1856] soldier      driving_B_2020.01.16_12.10.03.csv@36    reward=QoE=   70.20 eps=0.050 loss=1.5376
[ep 1857] longdress    static_B_2020.02.27_18.39.27.csv@2599  reward=QoE=   91.62 eps=0.050 loss=1.6301
[ep 1858] loot         driving_B_2020.02.14_12.58.17.csv@682   reward=QoE=   25.18 eps=0.050 loss=1.6620
[ep 1859] redandblack  static_B_2020.02.27_18.39.27.csv@2659  reward=QoE=   61.51 eps=0.050 loss=1.6090
[ep 1860] soldier      driving_B_2020.02.13_15.02.01.csv@1626  reward=QoE= -105.03 eps=0.050 loss=1.7098
[ep 1861] longdress    static_B_2019.12.16_13.40.04.csv@767   reward=QoE=   58.89 eps=0.050 loss=1.5574
[ep 1862] loot         driving_B_2019.12.17_07.32.39.csv@2288  reward=QoE=   63.30 eps=0.050 loss=1.6385
[ep 1863] redandblack  driving_B_2020.02.13_13.03.24.csv@1015  reward=QoE=   28.22 eps=0.050 loss=1.6643
[ep 1864] soldier      driving_B_2019.12.17_07.32.39.csv@1702  reward=QoE=   15.26 eps=0.050 loss=1.7505
[ep 1865] longdress    driving_B_2020.01.16_07.26.43.csv@1245  reward=QoE=   27.85 eps=0.050 loss=1.5535
[ep 1866] loot         driving_B_2020.02.13_15.02.01.csv@2226  reward=QoE=   80.09 eps=0.050 loss=1.4418
[ep 1867] redandblack  driving_B_2020.01.16_07.26.43.csv@1485  reward=QoE=   28.17 eps=0.050 loss=1.6680
[ep 1868] soldier      driving_B_2020.02.13_15.02.01.csv@486   reward=QoE=   28.15 eps=0.050 loss=1.5565
[ep 1869] longdress    driving_B_2020.01.16_09.56.56.csv@1170  reward=QoE=   16.98 eps=0.050 loss=1.6146
[ep 1870] loot         driving_B_2019.12.16_12.27.05.csv@325   reward=QoE=    9.41 eps=0.050 loss=1.5484
[ep 1871] redandblack  static_B_2020.02.27_18.39.27.csv@3019  reward=QoE=   45.28 eps=0.050 loss=1.7374
[ep 1872] soldier      static_B_2020.02.27_18.39.27.csv@679   reward=QoE=   82.49 eps=0.050 loss=1.5996
[ep 1873] longdress    static_B_2020.02.27_18.39.27.csv@2779  reward=QoE=   89.21 eps=0.050 loss=1.6331
[ep 1874] loot         static_B_2020.02.27_18.39.27.csv@5719  reward=QoE=   75.87 eps=0.050 loss=1.6843
[ep 1875] redandblack  static_B_2019.12.16_13.40.04.csv@527   reward=QoE=   69.93 eps=0.050 loss=1.5815
[ep 1876] soldier      static_B_2020.02.27_18.39.27.csv@439   reward=QoE=   49.75 eps=0.050 loss=1.4688
[ep 1877] longdress    driving_B_2020.02.13_15.02.01.csv@1266  reward=QoE=   47.71 eps=0.050 loss=1.4846
[ep 1878] loot         static_B_2019.12.16_13.40.04.csv@1127  reward=QoE= -139.90 eps=0.050 loss=1.8297
[ep 1879] redandblack  driving_B_2019.12.17_07.32.39.csv@322   reward=QoE=   38.43 eps=0.050 loss=1.6562
[ep 1880] soldier      driving_B_2019.12.17_07.32.39.csv@1582  reward=QoE=  -11.01 eps=0.050 loss=1.6106
[ep 1881] longdress    driving_B_2020.02.13_15.02.01.csv@366   reward=QoE=   90.96 eps=0.050 loss=1.5038
[ep 1882] loot         driving_B_2020.01.16_07.26.43.csv@465   reward=QoE=   -5.96 eps=0.050 loss=1.5064
[ep 1883] redandblack  driving_B_2020.02.13_13.03.24.csv@1195  reward=QoE=   14.26 eps=0.050 loss=1.5894
[ep 1884] soldier      static_B_2020.02.27_18.39.27.csv@5119  reward=QoE=   88.04 eps=0.050 loss=1.3757
[ep 1885] longdress    static_B_2020.02.27_18.39.27.csv@1579  reward=QoE=   64.82 eps=0.050 loss=1.4543
[ep 1886] loot         static_B_2020.02.27_18.39.27.csv@5479  reward=QoE=   81.26 eps=0.050 loss=1.4993
[ep 1887] redandblack  driving_B_2019.12.17_07.32.39.csv@1162  reward=QoE=   27.02 eps=0.050 loss=1.4583
[ep 1888] soldier      driving_B_2020.02.14_09.38.22.csv@198   reward=QoE=    2.58 eps=0.050 loss=1.5520
[ep 1889] longdress    driving_B_2020.01.16_07.26.43.csv@765   reward=QoE=   48.12 eps=0.050 loss=1.7471
[ep 1890] loot         static_B_2019.12.16_13.40.04.csv@1667  reward=QoE=   64.57 eps=0.050 loss=1.8318
[ep 1891] redandblack  static_B_2020.02.27_18.39.27.csv@4159  reward=QoE=   36.48 eps=0.050 loss=1.5510
[ep 1892] soldier      driving_B_2020.02.13_13.03.24.csv@355   reward=QoE=    1.45 eps=0.050 loss=1.7003
[ep 1893] longdress    driving_B_2020.02.14_09.38.22.csv@678   reward=QoE=   25.08 eps=0.050 loss=1.6392
[ep 1894] loot         driving_B_2020.02.13_15.02.01.csv@1146  reward=QoE=   29.93 eps=0.050 loss=1.4133
[ep 1895] redandblack  static_B_2019.12.16_13.40.04.csv@1487  reward=QoE=   79.29 eps=0.050 loss=1.6398
[ep 1896] soldier      driving_B_2020.02.13_15.02.01.csv@1866  reward=QoE=    2.95 eps=0.050 loss=1.6223
[ep 1897] longdress    driving_B_2020.02.14_12.58.17.csv@502   reward=QoE= -119.58 eps=0.050 loss=1.7054
[ep 1898] loot         driving_B_2020.02.13_15.02.01.csv@1026  reward=QoE=   79.64 eps=0.050 loss=1.5895
[ep 1899] redandblack  driving_B_2020.02.27_17.30.15.csv@348   reward=QoE=    3.06 eps=0.050 loss=1.5425
[ep 1900] soldier      driving_B_2020.02.27_17.30.15.csv@588   reward=QoE=   -9.40 eps=0.050 loss=1.7799
[ep 1901] longdress    static_B_2020.02.27_18.39.27.csv@3439  reward=QoE=   63.07 eps=0.050 loss=1.5378
[ep 1902] loot         driving_B_2020.01.16_07.26.43.csv@1770  reward=QoE=   28.32 eps=0.050 loss=1.6490
[ep 1903] redandblack  driving_B_2020.02.13_15.02.01.csv@2406  reward=QoE=   -4.33 eps=0.050 loss=1.6161
[ep 1904] soldier      driving_B_2020.02.13_15.02.01.csv@2046  reward=QoE=   39.04 eps=0.050 loss=1.6225
[ep 1905] longdress    driving_B_2020.02.27_17.30.15.csv@48    reward=QoE=   -5.22 eps=0.050 loss=1.5758
[ep 1906] loot         driving_B_2020.02.14_09.38.22.csv@378   reward=QoE=   25.08 eps=0.050 loss=1.7931
[ep 1907] redandblack  driving_B_2019.12.17_07.32.39.csv@442   reward=QoE=   60.44 eps=0.050 loss=1.5834
[ep 1908] soldier      driving_B_2019.12.16_12.27.05.csv@565   reward=QoE=   23.12 eps=0.050 loss=1.8101
[ep 1909] longdress    driving_B_2020.02.13_15.02.01.csv@1926  reward=QoE=   42.91 eps=0.050 loss=1.6286
[ep 1910] loot         driving_B_2020.01.16_09.56.56.csv@30    reward=QoE=   24.24 eps=0.050 loss=1.6469
[ep 1911] redandblack  driving_B_2019.12.17_07.32.39.csv@682   reward=QoE=   25.48 eps=0.050 loss=1.5630
[ep 1912] soldier      driving_B_2020.02.13_13.03.24.csv@475   reward=QoE=   23.51 eps=0.050 loss=1.7407
[ep 1913] longdress    driving_B_2019.12.16_12.27.05.csv@85    reward=QoE=   21.14 eps=0.050 loss=1.7468
[ep 1914] loot         static_B_2020.02.27_18.39.27.csv@5659  reward=QoE=   91.46 eps=0.050 loss=1.7763
[ep 1915] redandblack  driving_B_2020.02.27_17.30.15.csv@228   reward=QoE= -245.98 eps=0.050 loss=1.6257
[ep 1916] soldier      driving_B_2020.02.13_15.02.01.csv@2706  reward=QoE=   -9.44 eps=0.050 loss=1.6688
[ep 1917] longdress    driving_B_2019.12.17_07.32.39.csv@1642  reward=QoE=   49.57 eps=0.050 loss=1.5969
[ep 1918] loot         static_B_2020.02.27_18.39.27.csv@5359  reward=QoE=   77.65 eps=0.050 loss=1.6478
[ep 1919] redandblack  driving_B_2020.01.16_12.10.03.csv@156   reward=QoE=   81.18 eps=0.050 loss=1.6485
[ep 1920] soldier      driving_B_2020.02.13_13.03.24.csv@295   reward=QoE=   25.62 eps=0.050 loss=1.6415
[ep 1921] longdress    static_B_2019.12.16_13.40.04.csv@227   reward=QoE=   60.57 eps=0.050 loss=1.6370
[ep 1922] loot         static_B_2020.02.27_18.39.27.csv@4819  reward=QoE=   82.87 eps=0.050 loss=1.5280
[ep 1923] redandblack  static_B_2020.02.27_18.39.27.csv@4039  reward=QoE=   66.23 eps=0.050 loss=1.7367
[ep 1924] soldier      driving_B_2020.02.13_15.02.01.csv@2466  reward=QoE=  -65.77 eps=0.050 loss=1.7178
[ep 1925] longdress    driving_B_2020.02.13_13.03.24.csv@1915  reward=QoE= -130.27 eps=0.050 loss=1.7933
[ep 1926] loot         driving_B_2020.01.16_07.26.43.csv@1305  reward=QoE=   56.10 eps=0.050 loss=1.7682
[ep 1927] redandblack  static_B_2020.02.27_18.39.27.csv@2839  reward=QoE=   74.18 eps=0.050 loss=1.7377
[ep 1928] soldier      static_B_2020.02.14_13.21.26.csv@850   reward=QoE=   41.12 eps=0.050 loss=1.7583
[ep 1929] longdress    driving_B_2020.02.13_13.03.24.csv@1375  reward=QoE=    3.33 eps=0.050 loss=1.5442
[ep 1930] loot         static_B_2020.02.27_18.39.27.csv@1699  reward=QoE=   50.56 eps=0.050 loss=1.5477
[ep 1931] redandblack  driving_B_2020.01.16_09.56.56.csv@270   reward=QoE=   74.59 eps=0.050 loss=1.8291
[ep 1932] soldier      static_B_2020.02.27_18.39.27.csv@919   reward=QoE=   77.04 eps=0.050 loss=1.9337
[ep 1933] longdress    static_B_2020.02.27_18.39.27.csv@2359  reward=QoE=   13.83 eps=0.050 loss=1.6793
[ep 1934] loot         driving_B_2019.12.17_07.32.39.csv@502   reward=QoE=   13.71 eps=0.050 loss=1.7239
[ep 1935] redandblack  driving_B_2020.01.16_07.26.43.csv@1185  reward=QoE=   30.11 eps=0.050 loss=1.6218
[ep 1936] soldier      static_B_2020.02.27_18.39.27.csv@319   reward=QoE=   78.42 eps=0.050 loss=1.5549
[ep 1937] longdress    driving_B_2020.02.13_13.03.24.csv@115   reward=QoE=    9.30 eps=0.050 loss=1.6326
[ep 1938] loot         static_B_2020.02.27_18.39.27.csv@1399  reward=QoE=   86.79 eps=0.050 loss=1.5944
[ep 1939] redandblack  static_B_2020.02.27_18.39.27.csv@199   reward=QoE=   85.01 eps=0.050 loss=1.6455
[ep 1940] soldier      driving_B_2020.01.16_09.56.56.csv@150   reward=QoE=   -5.15 eps=0.050 loss=1.7475
[ep 1941] longdress    static_B_2020.02.27_18.39.27.csv@4279  reward=QoE=   40.65 eps=0.050 loss=1.6891
[ep 1942] loot         driving_B_2019.12.17_07.32.39.csv@1822  reward=QoE=   20.62 eps=0.050 loss=1.5682
[ep 1943] redandblack  driving_B_2020.02.13_13.03.24.csv@1495  reward=QoE=   23.62 eps=0.050 loss=1.5945
[ep 1944] soldier      driving_B_2020.01.16_12.10.03.csv@96    reward=QoE=   81.29 eps=0.050 loss=1.6573
[ep 1945] longdress    driving_B_2019.12.16_12.27.05.csv@745   reward=QoE=   46.99 eps=0.050 loss=1.5926
[ep 1946] loot         driving_B_2020.02.13_15.02.01.csv@906   reward=QoE=   81.43 eps=0.050 loss=1.6245
[ep 1947] redandblack  driving_B_2020.01.16_07.26.43.csv@165   reward=QoE=  -12.47 eps=0.050 loss=1.5404
[ep 1948] soldier      driving_B_2020.01.16_09.56.56.csv@450   reward=QoE=   17.89 eps=0.050 loss=1.6475
[ep 1949] longdress    driving_B_2020.01.16_09.56.56.csv@690   reward=QoE=    9.01 eps=0.050 loss=1.5304
[ep 1950] loot         driving_B_2019.12.16_12.27.05.csv@1045  reward=QoE=   48.77 eps=0.050 loss=1.6574
[ep 1951] redandblack  driving_B_2020.02.27_17.30.15.csv@708   reward=QoE=   -8.34 eps=0.050 loss=1.6305
[ep 1952] soldier      driving_B_2019.12.16_12.27.05.csv@505   reward=QoE=  -22.58 eps=0.050 loss=1.6324
[ep 1953] longdress    driving_B_2020.01.16_07.26.43.csv@45    reward=QoE=   16.76 eps=0.050 loss=1.6114
[ep 1954] loot         static_B_2020.02.27_18.39.27.csv@3859  reward=QoE=   29.52 eps=0.050 loss=1.7706
[ep 1955] redandblack  driving_B_2020.02.13_15.02.01.csv@2646  reward=QoE=   93.69 eps=0.050 loss=1.6497
[ep 1956] soldier      driving_B_2020.02.13_15.02.01.csv@2346  reward=QoE=  -95.63 eps=0.050 loss=1.6140
[ep 1957] longdress    driving_B_2020.02.13_13.03.24.csv@535   reward=QoE=   18.34 eps=0.050 loss=1.5796
[ep 1958] loot         driving_B_2019.12.17_07.32.39.csv@2182  reward=QoE=   34.15 eps=0.050 loss=1.7637
[ep 1959] redandblack  static_B_2020.02.14_13.21.26.csv@850   reward=QoE=   35.76 eps=0.050 loss=1.6812
[ep 1960] soldier      driving_B_2020.01.16_07.26.43.csv@1665  reward=QoE=   12.33 eps=0.050 loss=1.7882
[ep 1961] longdress    driving_B_2020.01.16_09.56.56.csv@90    reward=QoE=   24.86 eps=0.050 loss=1.4974
[ep 1962] loot         static_B_2020.02.27_18.39.27.csv@4699  reward=QoE=  -48.48 eps=0.050 loss=1.5938
[ep 1963] redandblack  driving_B_2019.12.17_07.32.39.csv@262   reward=QoE=   19.55 eps=0.050 loss=1.7636
[ep 1964] soldier      driving_B_2020.01.16_09.56.56.csv@1530  reward=QoE=   83.61 eps=0.050 loss=1.5982
[ep 1965] longdress    static_B_2020.02.14_13.21.26.csv@525   reward=QoE=   90.89 eps=0.050 loss=1.6397
[ep 1966] loot         driving_B_2020.01.16_07.26.43.csv@1365  reward=QoE=   16.50 eps=0.050 loss=1.5270
[ep 1967] redandblack  static_B_2020.02.14_13.21.26.csv@465   reward=QoE=   76.28 eps=0.050 loss=1.6238
[ep 1968] soldier      static_B_2020.02.27_18.39.27.csv@5599  reward=QoE=   86.27 eps=0.050 loss=1.5279
[ep 1969] longdress    driving_B_2019.12.16_12.27.05.csv@985   reward=QoE=   84.99 eps=0.050 loss=1.4994
[ep 1970] loot         driving_B_2020.01.16_07.26.43.csv@345   reward=QoE=   15.93 eps=0.050 loss=1.6073
[ep 1971] redandblack  static_B_2020.02.27_18.39.27.csv@1099  reward=QoE=   25.98 eps=0.050 loss=1.6911
[ep 1972] soldier      static_B_2020.02.14_13.21.26.csv@345   reward=QoE=   87.34 eps=0.050 loss=1.5156
[ep 1973] longdress    driving_B_2020.02.13_15.02.01.csv@2106  reward=QoE=   41.88 eps=0.050 loss=1.6218
[ep 1974] loot         driving_B_2020.02.14_09.38.22.csv@1218  reward=QoE=   -7.84 eps=0.050 loss=1.6260
[ep 1975] redandblack  driving_B_2019.12.16_12.27.05.csv@265   reward=QoE=   31.82 eps=0.050 loss=1.6216
[ep 1976] soldier      driving_B_2019.12.17_07.32.39.csv@1882  reward=QoE=   28.78 eps=0.050 loss=1.5141
[ep 1977] longdress    driving_B_2020.02.14_12.58.17.csv@562   reward=QoE=   13.70 eps=0.050 loss=1.6707
[ep 1978] loot         driving_B_2020.02.13_15.02.01.csv@1566  reward=QoE=  -68.46 eps=0.050 loss=1.7278
[ep 1979] redandblack  static_B_2019.12.16_13.40.04.csv@887   reward=QoE=   53.16 eps=0.050 loss=1.7968
[ep 1980] soldier      driving_B_2020.01.16_12.10.03.csv@216   reward=QoE=   83.53 eps=0.050 loss=1.6402
[ep 1981] longdress    driving_B_2020.02.13_13.03.24.csv@655   reward=QoE=   13.14 eps=0.050 loss=1.6595
[ep 1982] loot         driving_B_2020.02.13_13.03.24.csv@235   reward=QoE=   29.91 eps=0.050 loss=1.4723
[ep 1983] redandblack  driving_B_2019.12.17_07.32.39.csv@2062  reward=QoE=   39.73 eps=0.050 loss=1.6124
[ep 1984] soldier      driving_B_2020.02.13_13.03.24.csv@955   reward=QoE=   -6.19 eps=0.050 loss=1.5295
[ep 1985] longdress    driving_B_2019.12.17_07.32.39.csv@1222  reward=QoE=   60.25 eps=0.050 loss=1.6516
[ep 1986] loot         driving_B_2020.02.14_12.58.17.csv@22    reward=QoE=   33.57 eps=0.050 loss=1.6333
[ep 1987] redandblack  static_B_2020.02.27_18.39.27.csv@499   reward=QoE=   78.23 eps=0.050 loss=1.5054
[ep 1988] soldier      driving_B_2020.01.16_07.26.43.csv@945   reward=QoE=    5.82 eps=0.050 loss=1.6158
[ep 1989] longdress    driving_B_2020.02.14_09.38.22.csv@1338  reward=QoE=   76.52 eps=0.050 loss=1.6465
[ep 1990] loot         driving_B_2019.12.17_07.32.39.csv@2242  reward=QoE=   84.16 eps=0.050 loss=1.7633
[ep 1991] redandblack  driving_B_2019.12.17_07.32.39.csv@982   reward=QoE=   13.91 eps=0.050 loss=1.5347
[ep 1992] soldier      driving_B_2020.01.16_09.56.56.csv@990   reward=QoE=   33.66 eps=0.050 loss=1.5305
[ep 1993] longdress    driving_B_2020.02.14_09.38.22.csv@918   reward=QoE=   60.36 eps=0.050 loss=1.6799
[ep 1994] loot         driving_B_2020.02.14_09.38.22.csv@1098  reward=QoE=   24.12 eps=0.050 loss=1.6145
[ep 1995] redandblack  driving_B_2020.02.13_13.03.24.csv@1075  reward=QoE=   31.00 eps=0.050 loss=1.6263
[ep 1996] soldier      static_B_2020.02.27_18.39.27.csv@3739  reward=QoE=   85.27 eps=0.050 loss=1.6085
[ep 1997] longdress    driving_B_2020.02.13_15.02.01.csv@2526  reward=QoE=    3.03 eps=0.050 loss=1.6583
[ep 1998] loot         driving_B_2020.02.13_13.03.24.csv@2188  reward=QoE= -181.24 eps=0.050 loss=1.5916
[ep 1999] redandblack  static_B_2020.02.14_13.21.26.csv@825   reward=QoE=   80.40 eps=0.050 loss=1.4450
[ep 2000] soldier      driving_B_2019.12.16_12.27.05.csv@685   reward=QoE=  -23.74 eps=0.050 loss=1.5478
    [eval @ ep 2000] reward=QoE=-2227.32 mean_q=0.517 stall=514.9s
    [early stop] no validation improvement for 3 checks
==========================================================================================
✅ Training done. untrained qoe_quality=-4582.82 -> final -2227.32 (best=-710.68)
📦 Saved: C:\Users\Nima\PointCloudStreaming\logs/train_runs/qoe_v2_wide\sweep\confirm\trial_001_s43\abr_dqn.pkl  (+ C:\Users\Nima\PointCloudStreaming\logs/train_runs/qoe_v2_wide\sweep\confirm\trial_001_s43\abr_dqn_best.pkl)
🧾 History: C:\Users\Nima\PointCloudStreaming\logs/train_runs/qoe_v2_wide\sweep\confirm\trial_001_s43\abr_dqn_train_history.json
🧾 Summary: C:\Users\Nima\PointCloudStreaming\logs/train_runs/qoe_v2_wide\sweep\confirm\trial_001_s43\train_summary.json
