# C:\Users\Nima\AppData\Local\Programs\Python\Python313\python.exe -u C:\Users\Nima\PointCloudStreaming\train_dqn.py --out C:\Users\Nima\PointCloudStreaming\logs\train_runs\20260710_083943_full\sweep\trial_008_s42\abr_dqn.pkl --run-dir C:\Users\Nima\PointCloudStreaming\logs\train_runs\20260710_083943_full\sweep\trial_008_s42 --coverage-stride 60 --epochs 8 --eval-every 100 --lam 0.5 --lr 0.0001 --mu 8.0 --reward-spec {} --seed 42 --select-by qoe_quality --target-update 3000
==========================================================================================
🤖 DQN ABR training
   sequences: ['longdress', 'loot', 'redandblack', 'soldier'] | eval sequence: longdress
   train files: 4 | test files: 1 | frames/episode: 300
   coverage stride: 60 samples -> 199 episodes/epoch x 8 epochs = 1592 episodes (~477600 env steps)
   state_dim: 23 | actions: 6 | feature_spec: ['lstm_pred', 'buffer', 'last_rep_onehot', 'tput_last', 'tput_mean', 'tput_std', 'rep_bitrates', 'rep_densities']
   reward: q[log_density] - 8.0*stall - 0.5*|dq|  (gamma=0.99, lr=0.0001, reward_norm=True, reward_scale=1.0)
   select-by: qoe_quality | out: C:\Users\Nima\PointCloudStreaming\logs\train_runs\20260710_083943_full\sweep\trial_008_s42\abr_dqn.pkl | run-dir: C:\Users\Nima\PointCloudStreaming\logs\train_runs\20260710_083943_full\sweep\trial_008_s42
==========================================================================================
[eval @ ep 0] untrained: reward=-148.74 qoe=0.0 qoe_q=-140.8
[ep    1] longdress    static_B_2020.02.13_13.57.29.csv@78    reward= -325.55 qoe=   0.0 qoe_q= -182.1 eps=0.999 loss=0.1299
[ep    2] loot         static_B_2020.02.27_18.39.27.csv@2448  reward= -108.81 qoe=   0.0 qoe_q= -118.3 eps=0.998 loss=0.1012
[ep    3] redandblack  static_B_2020.02.13_13.57.29.csv@378   reward= -407.80 qoe=   0.0 qoe_q= -191.5 eps=0.997 loss=0.1039
[ep    4] soldier      static_B_2019.12.16_13.40.04.csv@1262  reward= -275.78 qoe=   0.0 qoe_q= -163.3 eps=0.996 loss=0.0991
[ep    5] longdress    static_B_2020.02.27_18.39.27.csv@3768  reward= -219.54 qoe=   0.0 qoe_q= -168.3 eps=0.995 loss=0.1094
[ep    6] loot         static_B_2020.02.27_18.39.27.csv@3888  reward= -231.60 qoe=   0.0 qoe_q= -145.1 eps=0.994 loss=0.1057
[ep    7] redandblack  static_B_2020.02.27_18.39.27.csv@2028  reward= -140.42 qoe=   0.0 qoe_q= -132.2 eps=0.993 loss=0.1021
[ep    8] soldier      static_B_2020.02.27_18.39.27.csv@828   reward=  -44.00 qoe=   0.0 qoe_q=  -93.1 eps=0.992 loss=0.1000
[ep    9] longdress    static_B_2020.02.13_13.57.29.csv@2945  reward= -234.44 qoe=   0.0 qoe_q= -147.7 eps=0.991 loss=0.1010
[ep   10] loot         static_B_2020.02.27_18.39.27.csv@1488  reward= -123.91 qoe=   0.0 qoe_q= -139.8 eps=0.990 loss=0.1042
[ep   11] redandblack  static_B_2019.12.16_13.40.04.csv@1022  reward= -119.35 qoe=   0.0 qoe_q= -117.8 eps=0.989 loss=0.1013
[ep   12] soldier      static_B_2020.02.27_18.39.27.csv@3708  reward=  -92.74 qoe=   0.0 qoe_q= -117.1 eps=0.988 loss=0.1086
[ep   13] longdress    static_B_2020.02.27_18.39.27.csv@5742  reward= -221.77 qoe=   0.0 qoe_q= -153.5 eps=0.987 loss=0.0999
[ep   14] loot         static_B_2020.02.27_18.39.27.csv@2628  reward= -614.00 qoe=   0.0 qoe_q= -252.2 eps=0.986 loss=0.1043
[ep   15] redandblack  static_B_2020.02.27_18.39.27.csv@5742  reward= -322.30 qoe=   0.0 qoe_q= -177.8 eps=0.985 loss=0.1083
[ep   16] soldier      static_B_2020.02.27_18.39.27.csv@1248  reward=  -38.77 qoe=   0.0 qoe_q=  -89.1 eps=0.984 loss=0.1088
[ep   17] longdress    static_B_2020.02.27_18.39.27.csv@2328  reward=-1657.55 qoe=   0.0 qoe_q= -548.3 eps=0.983 loss=0.0937
[ep   18] loot         static_B_2020.02.27_18.39.27.csv@288   reward=  -97.92 qoe=   0.0 qoe_q= -113.3 eps=0.982 loss=0.0830
[ep   19] redandblack  static_B_2019.12.16_13.40.04.csv@302   reward= -362.50 qoe=   0.0 qoe_q= -183.7 eps=0.981 loss=0.0804
[ep   20] soldier      static_B_2020.02.27_18.39.27.csv@4548  reward=  -92.62 qoe=   0.0 qoe_q= -110.8 eps=0.980 loss=0.0826
[ep   21] longdress    static_B_2020.02.27_18.39.27.csv@4608  reward= -180.30 qoe=   0.0 qoe_q= -139.7 eps=0.979 loss=0.0840
[ep   22] loot         static_B_2020.02.13_13.57.29.csv@1278  reward= -128.81 qoe=   0.0 qoe_q= -116.1 eps=0.978 loss=0.0871
[ep   23] redandblack  static_B_2020.02.27_18.39.27.csv@1788  reward=-1711.43 qoe=   0.0 qoe_q= -547.7 eps=0.977 loss=0.0722
[ep   24] soldier      static_B_2020.02.13_13.57.29.csv@1518  reward= -331.70 qoe=   0.0 qoe_q= -174.4 eps=0.976 loss=0.0810
[ep   25] longdress    static_B_2020.02.27_18.39.27.csv@468   reward=  -76.87 qoe=   0.0 qoe_q= -101.4 eps=0.975 loss=0.0866
[ep   26] loot         static_B_2020.02.27_18.39.27.csv@768   reward= -122.69 qoe=   0.0 qoe_q= -120.6 eps=0.974 loss=0.0781
[ep   27] redandblack  static_B_2020.02.27_18.39.27.csv@108   reward= -267.56 qoe=   0.0 qoe_q= -147.8 eps=0.973 loss=0.0801
[ep   28] soldier      static_B_2019.12.16_13.40.04.csv@1802  reward= -259.34 qoe=   0.0 qoe_q= -163.8 eps=0.972 loss=0.0739
[ep   29] longdress    static_B_2020.02.13_13.57.29.csv@2718  reward= -189.96 qoe=   0.0 qoe_q= -137.4 eps=0.971 loss=0.0861
[ep   30] loot         static_B_2020.02.27_18.39.27.csv@1188  reward= -964.23 qoe=   0.0 qoe_q= -347.1 eps=0.970 loss=0.0717
[ep   31] redandblack  static_B_2020.02.13_13.57.29.csv@2298  reward= -131.89 qoe=   0.0 qoe_q= -112.8 eps=0.969 loss=0.0810
[ep   32] soldier      static_B_2020.02.27_18.39.27.csv@48    reward=  -13.29 qoe=   0.0 qoe_q=  -99.3 eps=0.968 loss=0.0804
[ep   33] longdress    static_B_2020.02.14_13.21.26.csv@764   reward=  -24.07 qoe=   0.0 qoe_q=  -99.6 eps=0.967 loss=0.0770
[ep   34] loot         static_B_2019.12.16_13.40.04.csv@542   reward= -228.67 qoe=   0.0 qoe_q= -151.2 eps=0.966 loss=0.0830
[ep   35] redandblack  static_B_2019.12.16_13.40.04.csv@1502  reward= -190.65 qoe=   0.0 qoe_q= -161.5 eps=0.965 loss=0.0699
[ep   36] soldier      static_B_2019.12.16_13.40.04.csv@1682  reward= -132.97 qoe=   0.0 qoe_q= -124.0 eps=0.964 loss=0.0744
[ep   37] longdress    static_B_2019.12.16_13.40.04.csv@482   reward= -160.70 qoe=   0.0 qoe_q= -160.5 eps=0.963 loss=0.0661
[ep   38] loot         static_B_2020.02.27_18.39.27.csv@348   reward= -196.03 qoe=   0.0 qoe_q= -164.6 eps=0.962 loss=0.0746
[ep   39] redandblack  static_B_2020.02.14_13.21.26.csv@824   reward=  -43.43 qoe=   0.0 qoe_q=  -98.0 eps=0.961 loss=0.0789
[ep   40] soldier      static_B_2020.02.13_13.57.29.csv@1638  reward= -400.69 qoe=   0.0 qoe_q= -197.2 eps=0.960 loss=0.0775
[ep   41] longdress    static_B_2020.02.13_13.57.29.csv@198   reward= -357.28 qoe=   0.0 qoe_q= -180.8 eps=0.959 loss=0.0690
[ep   42] loot         static_B_2019.12.16_13.40.04.csv@422   reward= -207.40 qoe=   0.0 qoe_q= -144.6 eps=0.958 loss=0.0791
[ep   43] redandblack  static_B_2020.02.14_13.21.26.csv@164   reward=  -71.66 qoe=   0.0 qoe_q=  -94.1 eps=0.957 loss=0.0712
[ep   44] soldier      static_B_2020.02.13_13.57.29.csv@2238  reward= -333.26 qoe=   0.0 qoe_q= -189.2 eps=0.956 loss=0.0694
[ep   45] longdress    static_B_2020.02.13_13.57.29.csv@2658  reward=  -55.46 qoe=   0.0 qoe_q= -103.0 eps=0.955 loss=0.0646
[ep   46] loot         static_B_2020.02.27_18.39.27.csv@5148  reward= -106.33 qoe=   0.0 qoe_q= -114.4 eps=0.954 loss=0.0738
[ep   47] redandblack  static_B_2020.02.13_13.57.29.csv@18    reward=  -19.02 qoe=   0.0 qoe_q=  -81.1 eps=0.953 loss=0.0711
[ep   48] soldier      static_B_2020.02.13_13.57.29.csv@858   reward= -354.79 qoe=   0.0 qoe_q= -176.0 eps=0.952 loss=0.0674
[ep   49] longdress    static_B_2019.12.16_13.40.04.csv@62    reward= -131.76 qoe=   0.0 qoe_q= -116.1 eps=0.951 loss=0.0681
[ep   50] loot         static_B_2020.02.13_13.57.29.csv@1878  reward= -656.29 qoe=   0.0 qoe_q= -258.8 eps=0.950 loss=0.0782
[ep   51] redandblack  static_B_2020.02.27_18.39.27.csv@1428  reward=  -10.14 qoe=   0.0 qoe_q=  -87.5 eps=0.949 loss=0.0818
[ep   52] soldier      static_B_2020.02.27_18.39.27.csv@4908  reward= -288.13 qoe=   0.0 qoe_q= -162.8 eps=0.948 loss=0.0838
[ep   53] longdress    static_B_2020.02.13_13.57.29.csv@1818  reward= -274.59 qoe=   0.0 qoe_q= -164.1 eps=0.947 loss=0.0700
[ep   54] loot         static_B_2019.12.16_13.40.04.csv@182   reward= -114.09 qoe=   0.0 qoe_q= -115.2 eps=0.946 loss=0.0672
[ep   55] redandblack  static_B_2020.02.13_13.57.29.csv@1698  reward= -241.09 qoe=   0.0 qoe_q= -147.3 eps=0.945 loss=0.0807
[ep   56] soldier      static_B_2020.02.13_13.57.29.csv@1398  reward= -406.35 qoe=   0.0 qoe_q= -206.0 eps=0.944 loss=0.0806
[ep   57] longdress    static_B_2020.02.13_13.57.29.csv@2418  reward=-1363.69 qoe=   0.0 qoe_q= -473.9 eps=0.943 loss=0.0832
[ep   58] loot         static_B_2020.02.13_13.57.29.csv@1938  reward= -521.73 qoe=   0.0 qoe_q= -223.3 eps=0.942 loss=0.0693
[ep   59] redandblack  static_B_2020.02.27_18.39.27.csv@4788  reward=  -29.15 qoe=   0.0 qoe_q=  -98.5 eps=0.941 loss=0.0851
[ep   60] soldier      static_B_2020.02.14_13.21.26.csv@104   reward= -229.04 qoe=   0.0 qoe_q= -162.4 eps=0.940 loss=0.0838
[ep   61] longdress    static_B_2020.02.27_18.39.27.csv@2208  reward=  -56.82 qoe=   0.0 qoe_q=  -82.0 eps=0.939 loss=0.0765
[ep   62] loot         static_B_2020.02.13_13.57.29.csv@1998  reward=  -98.88 qoe=   0.0 qoe_q= -138.6 eps=0.938 loss=0.0836
[ep   63] redandblack  static_B_2020.02.27_18.39.27.csv@5628  reward= -289.13 qoe=   0.0 qoe_q= -155.6 eps=0.937 loss=0.0755
[ep   64] soldier      static_B_2020.02.13_13.57.29.csv@258   reward= -135.65 qoe=   0.0 qoe_q= -129.9 eps=0.936 loss=0.0780
[ep   65] longdress    static_B_2020.02.27_18.39.27.csv@1908  reward=  -67.50 qoe=   0.0 qoe_q= -105.2 eps=0.935 loss=0.0782
[ep   66] loot         static_B_2020.02.27_18.39.27.csv@5448  reward=  -63.69 qoe=   0.0 qoe_q= -111.5 eps=0.934 loss=0.0809
[ep   67] redandblack  static_B_2020.02.13_13.57.29.csv@2778  reward= -226.83 qoe=   0.0 qoe_q= -135.9 eps=0.933 loss=0.0756
[ep   68] soldier      static_B_2019.12.16_13.40.04.csv@1322  reward= -167.58 qoe=   0.0 qoe_q= -134.0 eps=0.932 loss=0.0754
[ep   69] longdress    static_B_2020.02.27_18.39.27.csv@3948  reward=  -42.96 qoe=   0.0 qoe_q=  -94.6 eps=0.931 loss=0.0787
[ep   70] loot         static_B_2019.12.16_13.40.04.csv@1382  reward= -583.37 qoe=   0.0 qoe_q= -245.3 eps=0.930 loss=0.0741
[ep   71] redandblack  static_B_2019.12.16_13.40.04.csv@362   reward= -154.02 qoe=   0.0 qoe_q= -128.6 eps=0.929 loss=0.0686
[ep   72] soldier      static_B_2020.02.13_13.57.29.csv@618   reward= -540.54 qoe=   0.0 qoe_q= -230.6 eps=0.928 loss=0.0854
[ep   73] longdress    static_B_2020.02.13_13.57.29.csv@978   reward=-1390.15 qoe=   0.0 qoe_q= -457.4 eps=0.927 loss=0.0808
[ep   74] loot         static_B_2020.02.27_18.39.27.csv@4308  reward=  -18.21 qoe=   0.0 qoe_q=  -92.0 eps=0.926 loss=0.0778
[ep   75] redandblack  static_B_2020.02.13_13.57.29.csv@1098  reward= -145.40 qoe=   0.0 qoe_q= -128.9 eps=0.925 loss=0.0721
[ep   76] soldier      static_B_2020.02.27_18.39.27.csv@228   reward=  -96.17 qoe=   0.0 qoe_q= -109.6 eps=0.924 loss=0.0920
[ep   77] longdress    static_B_2020.02.27_18.39.27.csv@5688  reward=  -63.24 qoe=   0.0 qoe_q=  -90.7 eps=0.923 loss=0.0945
[ep   78] loot         static_B_2020.02.14_13.21.26.csv@344   reward=  -52.64 qoe=   0.0 qoe_q=  -92.9 eps=0.922 loss=0.0793
[ep   79] redandblack  static_B_2020.02.27_18.39.27.csv@2268  reward=  -17.16 qoe=   0.0 qoe_q=  -85.1 eps=0.921 loss=0.0924
[ep   80] soldier      static_B_2020.02.27_18.39.27.csv@2508  reward=  -75.83 qoe=   0.0 qoe_q= -105.8 eps=0.920 loss=0.0805
[ep   81] longdress    static_B_2020.02.27_18.39.27.csv@3828  reward= -500.66 qoe=   0.0 qoe_q= -254.0 eps=0.919 loss=0.0850
[ep   82] loot         static_B_2020.02.13_13.57.29.csv@1038  reward= -103.10 qoe=   0.0 qoe_q= -116.7 eps=0.918 loss=0.0734
[ep   83] redandblack  static_B_2020.02.27_18.39.27.csv@2988  reward= -169.44 qoe=   0.0 qoe_q= -122.6 eps=0.917 loss=0.0734
[ep   84] soldier      static_B_2020.02.27_18.39.27.csv@888   reward= -136.95 qoe=   0.0 qoe_q= -111.0 eps=0.916 loss=0.0748
[ep   85] longdress    static_B_2020.02.27_18.39.27.csv@5508  reward= -121.35 qoe=   0.0 qoe_q= -112.5 eps=0.915 loss=0.0798
[ep   86] loot         static_B_2020.02.27_18.39.27.csv@2748  reward=  -10.23 qoe=   0.0 qoe_q=  -91.6 eps=0.914 loss=0.0861
[ep   87] redandblack  static_B_2020.02.13_13.57.29.csv@918   reward= -201.88 qoe=   0.0 qoe_q= -147.9 eps=0.913 loss=0.0847
[ep   88] soldier      static_B_2020.02.27_18.39.27.csv@5028  reward= -159.94 qoe=   0.0 qoe_q= -137.6 eps=0.912 loss=0.0752
[ep   89] longdress    static_B_2020.02.13_13.57.29.csv@1458  reward= -172.01 qoe=   0.0 qoe_q= -138.6 eps=0.911 loss=0.0788
[ep   90] loot         static_B_2020.02.14_13.21.26.csv@284   reward=  -26.72 qoe=   0.0 qoe_q=  -84.4 eps=0.910 loss=0.0783
[ep   91] redandblack  static_B_2019.12.16_13.40.04.csv@1904  reward=   -6.37 qoe=   0.0 qoe_q=  -88.6 eps=0.909 loss=0.0717
[ep   92] soldier      static_B_2020.02.13_13.57.29.csv@1758  reward= -444.43 qoe=   0.0 qoe_q= -204.6 eps=0.909 loss=0.0763
[ep   93] longdress    static_B_2020.02.27_18.39.27.csv@408   reward=  -16.64 qoe=   0.0 qoe_q=  -85.8 eps=0.908 loss=0.0949
[ep   94] loot         static_B_2020.02.14_13.21.26.csv@404   reward= -110.18 qoe=   0.0 qoe_q= -119.7 eps=0.907 loss=0.0781
[ep   95] redandblack  static_B_2020.02.27_18.39.27.csv@1308  reward= -201.32 qoe=   0.0 qoe_q= -135.6 eps=0.906 loss=0.0772
[ep   96] soldier      static_B_2020.02.13_13.57.29.csv@558   reward= -193.11 qoe=   0.0 qoe_q= -135.0 eps=0.905 loss=0.0814
[ep   97] longdress    static_B_2019.12.16_13.40.04.csv@122   reward=  -71.54 qoe=   0.0 qoe_q= -107.8 eps=0.904 loss=0.0751
[ep   98] loot         static_B_2020.02.27_18.39.27.csv@2568  reward= -213.76 qoe=   0.0 qoe_q= -165.5 eps=0.903 loss=0.0900
[ep   99] redandblack  static_B_2020.02.27_18.39.27.csv@1128  reward= -442.68 qoe=   0.0 qoe_q= -203.5 eps=0.902 loss=0.1003
[ep  100] soldier      static_B_2020.02.27_18.39.27.csv@4968  reward= -107.42 qoe=   0.0 qoe_q= -106.6 eps=0.901 loss=0.0788
    [eval @ ep 100] reward=-182.26 qoe=0.0 qoe_q=-50.3 mean_q=0.894 stall=27.8s  <-- best (saved)
[ep  101] longdress    static_B_2020.02.27_18.39.27.csv@528   reward=-1512.50 qoe=   0.0 qoe_q= -481.5 eps=0.900 loss=0.0786
[ep  102] loot         static_B_2019.12.16_13.40.04.csv@2     reward=  -97.85 qoe=   0.0 qoe_q= -117.6 eps=0.899 loss=0.0790
[ep  103] redandblack  static_B_2020.02.27_18.39.27.csv@3048  reward= -100.83 qoe=   0.0 qoe_q= -117.2 eps=0.898 loss=0.0841
[ep  104] soldier      static_B_2020.02.27_18.39.27.csv@5268  reward=  -46.75 qoe=   0.0 qoe_q=  -90.4 eps=0.897 loss=0.0786
[ep  105] longdress    static_B_2020.02.27_18.39.27.csv@3228  reward= -131.14 qoe=   0.0 qoe_q= -128.1 eps=0.896 loss=0.0830
[ep  106] loot         static_B_2020.02.13_13.57.29.csv@1338  reward=  -87.55 qoe=   0.0 qoe_q= -105.3 eps=0.895 loss=0.0822
[ep  107] redandblack  static_B_2020.02.13_13.57.29.csv@1218  reward=  -75.64 qoe=   0.0 qoe_q= -118.3 eps=0.894 loss=0.0820
[ep  108] soldier      static_B_2020.02.27_18.39.27.csv@2148  reward=  -38.40 qoe=   0.0 qoe_q= -101.1 eps=0.893 loss=0.0817
[ep  109] longdress    static_B_2020.02.14_13.21.26.csv@224   reward=  -46.21 qoe=   0.0 qoe_q=  -92.5 eps=0.892 loss=0.0661
[ep  110] loot         static_B_2019.12.16_13.40.04.csv@782   reward=  -57.81 qoe=   0.0 qoe_q= -117.6 eps=0.891 loss=0.0752
[ep  111] redandblack  static_B_2020.02.27_18.39.27.csv@4428  reward=  -53.28 qoe=   0.0 qoe_q=  -97.7 eps=0.890 loss=0.0862
[ep  112] soldier      static_B_2020.02.27_18.39.27.csv@168   reward=  -81.32 qoe=   0.0 qoe_q= -113.7 eps=0.889 loss=0.0854
[ep  113] longdress    static_B_2020.02.13_13.57.29.csv@2358  reward= -274.94 qoe=   0.0 qoe_q= -161.7 eps=0.888 loss=0.0720
[ep  114] loot         static_B_2020.02.27_18.39.27.csv@4008  reward= -105.23 qoe=   0.0 qoe_q= -119.5 eps=0.887 loss=0.0884
[ep  115] redandblack  static_B_2020.02.14_13.21.26.csv@524   reward=  -38.00 qoe=   0.0 qoe_q=  -98.6 eps=0.886 loss=0.0862
[ep  116] soldier      static_B_2020.02.14_13.21.26.csv@44    reward=  -20.03 qoe=   0.0 qoe_q=  -93.8 eps=0.885 loss=0.0872
[ep  117] longdress    static_B_2020.02.27_18.39.27.csv@1668  reward= -138.44 qoe=   0.0 qoe_q= -121.9 eps=0.884 loss=0.0815
[ep  118] loot         static_B_2019.12.16_13.40.04.csv@662   reward=  -17.28 qoe=   0.0 qoe_q=  -99.7 eps=0.883 loss=0.0821
[ep  119] redandblack  static_B_2020.02.13_13.57.29.csv@2898  reward= -325.61 qoe=   0.0 qoe_q= -161.9 eps=0.882 loss=0.0819
[ep  120] soldier      static_B_2020.02.27_18.39.27.csv@3648  reward= -262.41 qoe=   0.0 qoe_q= -155.3 eps=0.881 loss=0.0815
[ep  121] longdress    static_B_2020.02.27_18.39.27.csv@4728  reward= -179.26 qoe=   0.0 qoe_q= -127.7 eps=0.880 loss=0.0766
[ep  122] loot         static_B_2020.02.27_18.39.27.csv@5388  reward=  -28.89 qoe=   0.0 qoe_q=  -84.1 eps=0.879 loss=0.0862
[ep  123] redandblack  static_B_2020.02.27_18.39.27.csv@4068  reward=   -8.49 qoe=   0.0 qoe_q=  -84.7 eps=0.878 loss=0.0871
[ep  124] soldier      static_B_2020.02.13_13.57.29.csv@2598  reward= -163.70 qoe=   0.0 qoe_q= -131.3 eps=0.877 loss=0.0824
[ep  125] longdress    static_B_2020.02.13_13.57.29.csv@1158  reward= -175.42 qoe=   0.0 qoe_q= -126.0 eps=0.876 loss=0.0754
[ep  126] loot         static_B_2020.02.27_18.39.27.csv@1368  reward=  -87.91 qoe=   0.0 qoe_q= -110.3 eps=0.875 loss=0.0712
[ep  127] redandblack  static_B_2020.02.13_13.57.29.csv@1578  reward=  -10.19 qoe=   0.0 qoe_q=  -87.2 eps=0.874 loss=0.0793
[ep  128] soldier      static_B_2019.12.16_13.40.04.csv@602   reward= -428.46 qoe=   0.0 qoe_q= -205.0 eps=0.873 loss=0.0705
[ep  129] longdress    static_B_2020.02.27_18.39.27.csv@4848  reward= -119.85 qoe=   0.0 qoe_q= -106.0 eps=0.872 loss=0.0749
[ep  130] loot         static_B_2020.02.14_13.21.26.csv@464   reward=  -29.47 qoe=   0.0 qoe_q=  -98.4 eps=0.871 loss=0.0913
[ep  131] redandblack  static_B_2020.02.27_18.39.27.csv@4188  reward= -398.41 qoe=   0.0 qoe_q= -206.9 eps=0.870 loss=0.0940
[ep  132] soldier      static_B_2020.02.13_13.57.29.csv@2538  reward= -289.48 qoe=   0.0 qoe_q= -153.3 eps=0.869 loss=0.0744
[ep  133] longdress    static_B_2019.12.16_13.40.04.csv@1742  reward= -294.70 qoe=   0.0 qoe_q= -167.8 eps=0.868 loss=0.0923
[ep  134] loot         static_B_2019.12.16_13.40.04.csv@1082  reward=-1941.17 qoe=   0.0 qoe_q= -635.0 eps=0.867 loss=0.0841
[ep  135] redandblack  static_B_2020.02.27_18.39.27.csv@3408  reward=  -22.35 qoe=   0.0 qoe_q=  -77.7 eps=0.866 loss=0.0865
[ep  136] soldier      static_B_2020.02.27_18.39.27.csv@5742  reward= -299.68 qoe=   0.0 qoe_q= -163.0 eps=0.865 loss=0.0771
[ep  137] longdress    static_B_2020.02.13_13.57.29.csv@2058  reward=  -36.75 qoe=   0.0 qoe_q=  -90.4 eps=0.864 loss=0.0788
[ep  138] loot         static_B_2020.02.27_18.39.27.csv@3588  reward=   -8.37 qoe=   0.0 qoe_q=  -91.2 eps=0.863 loss=0.0837
[ep  139] redandblack  static_B_2020.02.13_13.57.29.csv@2838  reward= -297.26 qoe=   0.0 qoe_q= -160.0 eps=0.862 loss=0.0868
[ep  140] soldier      static_B_2019.12.16_13.40.04.csv@1202  reward= -210.11 qoe=   0.0 qoe_q= -150.6 eps=0.861 loss=0.0942
[ep  141] longdress    static_B_2020.02.27_18.39.27.csv@4128  reward=  -25.30 qoe=   0.0 qoe_q= -101.2 eps=0.860 loss=0.0850
[ep  142] loot         static_B_2020.02.27_18.39.27.csv@5328  reward= -187.47 qoe=   0.0 qoe_q= -134.5 eps=0.859 loss=0.0833
[ep  143] redandblack  static_B_2020.02.27_18.39.27.csv@708   reward= -493.81 qoe=   0.0 qoe_q= -209.6 eps=0.858 loss=0.0804
[ep  144] soldier      static_B_2020.02.27_18.39.27.csv@2088  reward=  -73.59 qoe=   0.0 qoe_q= -102.0 eps=0.857 loss=0.0877
[ep  145] longdress    static_B_2020.02.27_18.39.27.csv@2688  reward= -110.65 qoe=   0.0 qoe_q= -106.6 eps=0.856 loss=0.0813
[ep  146] loot         static_B_2020.02.13_13.57.29.csv@2945  reward= -160.59 qoe=   0.0 qoe_q= -115.1 eps=0.855 loss=0.0897
[ep  147] redandblack  static_B_2020.02.27_18.39.27.csv@1008  reward= -105.81 qoe=   0.0 qoe_q= -113.2 eps=0.854 loss=0.0849
[ep  148] soldier      static_B_2020.02.27_18.39.27.csv@4368  reward= -300.05 qoe=   0.0 qoe_q= -161.9 eps=0.853 loss=0.0892
[ep  149] longdress    static_B_2020.02.27_18.39.27.csv@3348  reward=  -10.74 qoe=   0.0 qoe_q=  -84.9 eps=0.852 loss=0.0833
[ep  150] loot         static_B_2020.02.27_18.39.27.csv@2928  reward=  -48.17 qoe=   0.0 qoe_q=  -87.8 eps=0.851 loss=0.0799
[ep  151] redandblack  static_B_2019.12.16_13.40.04.csv@1562  reward=  -86.98 qoe=   0.0 qoe_q= -106.4 eps=0.850 loss=0.0869
[ep  152] soldier      static_B_2020.02.27_18.39.27.csv@1968  reward= -109.42 qoe=   0.0 qoe_q= -118.3 eps=0.849 loss=0.0797
[ep  153] longdress    static_B_2019.12.16_13.40.04.csv@1142  reward= -590.57 qoe=   0.0 qoe_q= -244.1 eps=0.848 loss=0.0872
[ep  154] loot         static_B_2020.02.13_13.57.29.csv@2178  reward= -175.61 qoe=   0.0 qoe_q= -137.8 eps=0.847 loss=0.0936
[ep  155] redandblack  static_B_2020.02.13_13.57.29.csv@2478  reward= -251.09 qoe=   0.0 qoe_q= -152.6 eps=0.846 loss=0.0772
[ep  156] soldier      static_B_2020.02.13_13.57.29.csv@498   reward= -199.58 qoe=   0.0 qoe_q= -144.9 eps=0.845 loss=0.0709
[ep  157] longdress    static_B_2020.02.27_18.39.27.csv@3468  reward= -239.62 qoe=   0.0 qoe_q= -150.3 eps=0.844 loss=0.0942
[ep  158] loot         static_B_2020.02.13_13.57.29.csv@798   reward= -227.66 qoe=   0.0 qoe_q= -151.1 eps=0.843 loss=0.0868
[ep  159] redandblack  static_B_2019.12.16_13.40.04.csv@902   reward= -436.52 qoe=   0.0 qoe_q= -202.5 eps=0.842 loss=0.0813
[ep  160] soldier      static_B_2020.02.27_18.39.27.csv@2868  reward=  -53.18 qoe=   0.0 qoe_q=  -94.2 eps=0.841 loss=0.0843
[ep  161] longdress    static_B_2019.12.16_13.40.04.csv@722   reward= -422.81 qoe=   0.0 qoe_q= -201.9 eps=0.840 loss=0.0840
[ep  162] loot         static_B_2019.12.16_13.40.04.csv@962   reward= -138.40 qoe=   0.0 qoe_q= -123.6 eps=0.839 loss=0.0806
[ep  163] redandblack  static_B_2020.02.27_18.39.27.csv@4488  reward=  -56.15 qoe=   0.0 qoe_q=  -88.5 eps=0.838 loss=0.0814
[ep  164] soldier      static_B_2020.02.13_13.57.29.csv@738   reward= -325.22 qoe=   0.0 qoe_q= -191.1 eps=0.837 loss=0.0795
[ep  165] longdress    static_B_2020.02.27_18.39.27.csv@5088  reward=   -2.94 qoe=   0.0 qoe_q=  -71.7 eps=0.836 loss=0.0869
[ep  166] loot         static_B_2020.02.13_13.57.29.csv@2118  reward= -107.93 qoe=   0.0 qoe_q= -111.0 eps=0.835 loss=0.0795
[ep  167] redandblack  static_B_2020.02.27_18.39.27.csv@1728  reward= -231.77 qoe=   0.0 qoe_q= -142.5 eps=0.834 loss=0.0892
[ep  168] soldier      static_B_2020.02.27_18.39.27.csv@3108  reward= -631.37 qoe=   0.0 qoe_q= -276.9 eps=0.833 loss=0.0815
[ep  169] longdress    static_B_2020.02.14_13.21.26.csv@850   reward= -179.53 qoe=   0.0 qoe_q= -125.5 eps=0.832 loss=0.0884
[ep  170] loot         static_B_2019.12.16_13.40.04.csv@1904  reward=    8.04 qoe=   0.0 qoe_q=  -78.5 eps=0.831 loss=0.1014
[ep  171] redandblack  static_B_2020.02.27_18.39.27.csv@1548  reward=  -40.62 qoe=   0.0 qoe_q=  -90.1 eps=0.830 loss=0.0946
[ep  172] soldier      static_B_2020.02.27_18.39.27.csv@5208  reward= -364.29 qoe=   0.0 qoe_q= -187.2 eps=0.829 loss=0.0975
[ep  173] longdress    static_B_2020.02.13_13.57.29.csv@438   reward= -315.10 qoe=   0.0 qoe_q= -161.1 eps=0.828 loss=0.0853
[ep  174] loot         static_B_2020.02.27_18.39.27.csv@5568  reward= -105.56 qoe=   0.0 qoe_q= -106.0 eps=0.827 loss=0.0940
[ep  175] redandblack  static_B_2020.02.13_13.57.29.csv@318   reward= -179.07 qoe=   0.0 qoe_q= -124.1 eps=0.826 loss=0.0852
[ep  176] soldier      static_B_2020.02.14_13.21.26.csv@704   reward=  -20.00 qoe=   0.0 qoe_q=  -96.9 eps=0.825 loss=0.0841
[ep  177] longdress    static_B_2019.12.16_13.40.04.csv@1862  reward=-1187.19 qoe=   0.0 qoe_q= -404.6 eps=0.824 loss=0.1039
[ep  178] loot         static_B_2019.12.16_13.40.04.csv@1622  reward= -201.11 qoe=   0.0 qoe_q= -139.5 eps=0.823 loss=0.0835
[ep  179] redandblack  static_B_2019.12.16_13.40.04.csv@842   reward= -308.99 qoe=   0.0 qoe_q= -168.3 eps=0.822 loss=0.0928
[ep  180] soldier      static_B_2020.02.13_13.57.29.csv@678   reward= -695.95 qoe=   0.0 qoe_q= -283.0 eps=0.821 loss=0.0932
[ep  181] longdress    static_B_2020.02.14_13.21.26.csv@850   reward= -173.45 qoe=   0.0 qoe_q= -112.0 eps=0.820 loss=0.0825
[ep  182] loot         static_B_2020.02.27_18.39.27.csv@648   reward=  -33.99 qoe=   0.0 qoe_q=  -85.1 eps=0.819 loss=0.0928
[ep  183] redandblack  static_B_2020.02.27_18.39.27.csv@2388  reward=  -26.31 qoe=   0.0 qoe_q=  -98.7 eps=0.818 loss=0.0838
[ep  184] soldier      static_B_2020.02.27_18.39.27.csv@3528  reward= -174.72 qoe=   0.0 qoe_q= -129.7 eps=0.817 loss=0.0934
[ep  185] longdress    static_B_2020.02.14_13.21.26.csv@644   reward=  -57.85 qoe=   0.0 qoe_q=  -88.3 eps=0.816 loss=0.0846
[ep  186] loot         static_B_2020.02.27_18.39.27.csv@2808  reward=  -19.44 qoe=   0.0 qoe_q= -100.4 eps=0.815 loss=0.0824
[ep  187] redandblack  static_B_2020.02.27_18.39.27.csv@588   reward=   -1.10 qoe=   0.0 qoe_q=  -75.9 eps=0.814 loss=0.0828
[ep  188] soldier      static_B_2020.02.27_18.39.27.csv@1848  reward= -165.84 qoe=   0.0 qoe_q= -130.2 eps=0.813 loss=0.0898
[ep  189] longdress    static_B_2019.12.16_13.40.04.csv@242   reward= -457.10 qoe=   0.0 qoe_q= -209.0 eps=0.812 loss=0.1038
[ep  190] loot         static_B_2020.02.27_18.39.27.csv@3288  reward=    3.22 qoe=   0.0 qoe_q=  -77.8 eps=0.811 loss=0.0952
[ep  191] redandblack  static_B_2020.02.27_18.39.27.csv@1608  reward= -414.00 qoe=   0.0 qoe_q= -191.7 eps=0.810 loss=0.0902
[ep  192] soldier      static_B_2020.02.27_18.39.27.csv@3168  reward=-1228.72 qoe=   0.0 qoe_q= -405.5 eps=0.809 loss=0.0811
[ep  193] longdress    static_B_2020.02.27_18.39.27.csv@948   reward=  -44.52 qoe=   0.0 qoe_q= -101.3 eps=0.808 loss=0.0901
[ep  194] loot         static_B_2019.12.16_13.40.04.csv@1442  reward=  -86.97 qoe=   0.0 qoe_q=  -98.4 eps=0.807 loss=0.0880
[ep  195] redandblack  static_B_2020.02.27_18.39.27.csv@4668  reward=-1053.88 qoe=   0.0 qoe_q= -369.2 eps=0.806 loss=0.0836
[ep  196] soldier      static_B_2020.02.27_18.39.27.csv@4248  reward=  -27.65 qoe=   0.0 qoe_q= -101.0 eps=0.805 loss=0.0886
[ep  197] longdress    static_B_2020.02.14_13.21.26.csv@584   reward=  -23.50 qoe=   0.0 qoe_q=  -87.6 eps=0.804 loss=0.0848
[ep  198] loot         static_B_2020.02.27_18.39.27.csv@1068  reward=  -97.30 qoe=   0.0 qoe_q= -113.4 eps=0.803 loss=0.0845
[ep  199] redandblack  static_B_2020.02.13_13.57.29.csv@138   reward= -191.59 qoe=   0.0 qoe_q= -138.7 eps=0.802 loss=0.0859
[ep  200] loot         static_B_2020.02.27_18.39.27.csv@4613  reward=  -58.97 qoe=   0.0 qoe_q=  -99.2 eps=0.801 loss=0.0847
    [eval @ ep 200] reward=-196.65 qoe=0.0 qoe_q=-58.9 mean_q=0.849 stall=27.6s
[ep  201] redandblack  static_B_2019.12.16_13.40.04.csv@284   reward= -171.13 qoe=   0.0 qoe_q= -127.7 eps=0.800 loss=0.0868
[ep  202] soldier      static_B_2020.02.27_18.39.27.csv@2933  reward=  -74.89 qoe=   0.0 qoe_q=  -98.3 eps=0.799 loss=0.0850
[ep  203] longdress    static_B_2020.02.14_13.21.26.csv@437   reward=  -27.65 qoe=   0.0 qoe_q=  -85.6 eps=0.798 loss=0.0890
[ep  204] loot         static_B_2019.12.16_13.40.04.csv@1724  reward= -508.59 qoe=   0.0 qoe_q= -225.0 eps=0.797 loss=0.0912
[ep  205] redandblack  static_B_2020.02.13_13.57.29.csv@479   reward= -286.04 qoe=   0.0 qoe_q= -169.0 eps=0.796 loss=0.0867
[ep  206] soldier      static_B_2020.02.13_13.57.29.csv@2459  reward= -279.30 qoe=   0.0 qoe_q= -156.4 eps=0.795 loss=0.0793
[ep  207] longdress    static_B_2020.02.27_18.39.27.csv@713   reward= -515.75 qoe=   0.0 qoe_q= -220.2 eps=0.794 loss=0.0858
[ep  208] loot         static_B_2020.02.27_18.39.27.csv@4073  reward=  -10.30 qoe=   0.0 qoe_q=  -85.6 eps=0.793 loss=0.0819
[ep  209] redandblack  static_B_2020.02.27_18.39.27.csv@1853  reward= -159.87 qoe=   0.0 qoe_q= -128.8 eps=0.792 loss=0.0811
[ep  210] soldier      static_B_2019.12.16_13.40.04.csv@644   reward= -141.64 qoe=   0.0 qoe_q= -119.5 eps=0.791 loss=0.0888
[ep  211] longdress    static_B_2019.12.16_13.40.04.csv@1904  reward=   -7.40 qoe=   0.0 qoe_q=  -88.8 eps=0.790 loss=0.0868
[ep  212] loot         static_B_2020.02.27_18.39.27.csv@3233  reward= -142.39 qoe=   0.0 qoe_q= -138.8 eps=0.789 loss=0.0908
[ep  213] redandblack  static_B_2020.02.13_13.57.29.csv@1079  reward= -171.89 qoe=   0.0 qoe_q= -116.1 eps=0.788 loss=0.0902
[ep  214] soldier      static_B_2020.02.14_13.21.26.csv@677   reward=  -40.60 qoe=   0.0 qoe_q=  -83.5 eps=0.787 loss=0.0934
[ep  215] longdress    static_B_2020.02.27_18.39.27.csv@3533  reward= -191.70 qoe=   0.0 qoe_q= -124.4 eps=0.786 loss=0.0846
[ep  216] loot         static_B_2020.02.27_18.39.27.csv@113   reward= -124.23 qoe=   0.0 qoe_q= -124.4 eps=0.785 loss=0.0898
[ep  217] redandblack  static_B_2019.12.16_13.40.04.csv@524   reward= -124.92 qoe=   0.0 qoe_q= -134.0 eps=0.784 loss=0.0829
[ep  218] soldier      static_B_2020.02.27_18.39.27.csv@2873  reward=  -52.47 qoe=   0.0 qoe_q=  -93.9 eps=0.783 loss=0.0927
[ep  219] longdress    static_B_2020.02.13_13.57.29.csv@1139  reward= -190.88 qoe=   0.0 qoe_q= -125.4 eps=0.782 loss=0.0930
[ep  220] loot         static_B_2020.02.13_13.57.29.csv@2945  reward= -165.27 qoe=   0.0 qoe_q= -119.5 eps=0.781 loss=0.0778
[ep  221] redandblack  static_B_2020.02.27_18.39.27.csv@1673  reward=  -61.20 qoe=   0.0 qoe_q=  -90.7 eps=0.780 loss=0.0835
[ep  222] soldier      static_B_2020.02.14_13.21.26.csv@737   reward=    6.45 qoe=   0.0 qoe_q=  -82.2 eps=0.779 loss=0.0802
[ep  223] longdress    static_B_2020.02.27_18.39.27.csv@2753  reward=  -42.00 qoe=   0.0 qoe_q=  -85.0 eps=0.778 loss=0.0987
[ep  224] loot         static_B_2020.02.27_18.39.27.csv@2093  reward=  -15.83 qoe=   0.0 qoe_q=  -87.2 eps=0.777 loss=0.0798
[ep  225] redandblack  static_B_2020.02.27_18.39.27.csv@1193  reward=  -30.40 qoe=   0.0 qoe_q=  -84.6 eps=0.776 loss=0.0884
[ep  226] soldier      static_B_2020.02.27_18.39.27.csv@893   reward= -127.00 qoe=   0.0 qoe_q= -109.9 eps=0.775 loss=0.0851
[ep  227] longdress    static_B_2020.02.27_18.39.27.csv@5633  reward= -320.16 qoe=   0.0 qoe_q= -175.4 eps=0.774 loss=0.0797
[ep  228] loot         static_B_2020.02.27_18.39.27.csv@53    reward=   -0.34 qoe=   0.0 qoe_q=  -87.6 eps=0.773 loss=0.0775
[ep  229] redandblack  static_B_2020.02.13_13.57.29.csv@719   reward= -337.63 qoe=   0.0 qoe_q= -172.6 eps=0.772 loss=0.0952
[ep  230] soldier      static_B_2020.02.13_13.57.29.csv@659   reward= -406.92 qoe=   0.0 qoe_q= -194.9 eps=0.771 loss=0.1003
[ep  231] longdress    static_B_2020.02.13_13.57.29.csv@539   reward= -166.87 qoe=   0.0 qoe_q= -116.9 eps=0.770 loss=0.0900
[ep  232] loot         static_B_2020.02.27_18.39.27.csv@2213  reward= -114.51 qoe=   0.0 qoe_q= -120.0 eps=0.769 loss=0.0884
[ep  233] redandblack  static_B_2020.02.13_13.57.29.csv@2819  reward= -254.95 qoe=   0.0 qoe_q= -154.9 eps=0.768 loss=0.0862
[ep  234] soldier      static_B_2019.12.16_13.40.04.csv@884   reward= -420.39 qoe=   0.0 qoe_q= -188.6 eps=0.767 loss=0.0946
[ep  235] longdress    static_B_2020.02.14_13.21.26.csv@797   reward= -265.89 qoe=   0.0 qoe_q= -161.4 eps=0.766 loss=0.0912
[ep  236] loot         static_B_2020.02.27_18.39.27.csv@4013  reward= -102.27 qoe=   0.0 qoe_q= -100.2 eps=0.765 loss=0.0959
[ep  237] redandblack  static_B_2019.12.16_13.40.04.csv@224   reward= -443.88 qoe=   0.0 qoe_q= -219.7 eps=0.764 loss=0.0934
[ep  238] soldier      static_B_2020.02.27_18.39.27.csv@4433  reward=  -53.78 qoe=   0.0 qoe_q=  -87.5 eps=0.763 loss=0.0872
[ep  239] longdress    static_B_2020.02.27_18.39.27.csv@2153  reward=  -74.48 qoe=   0.0 qoe_q=  -91.1 eps=0.762 loss=0.0843
[ep  240] loot         static_B_2019.12.16_13.40.04.csv@464   reward=-1344.57 qoe=   0.0 qoe_q= -431.6 eps=0.761 loss=0.0848
[ep  241] redandblack  static_B_2020.02.27_18.39.27.csv@1553  reward=  -80.81 qoe=   0.0 qoe_q=  -93.0 eps=0.760 loss=0.0957
[ep  242] soldier      static_B_2020.02.27_18.39.27.csv@1313  reward= -170.68 qoe=   0.0 qoe_q= -129.8 eps=0.759 loss=0.0975
[ep  243] longdress    static_B_2020.02.14_13.21.26.csv@257   reward= -100.97 qoe=   0.0 qoe_q= -104.8 eps=0.758 loss=0.0858
[ep  244] loot         static_B_2020.02.13_13.57.29.csv@419   reward=  -29.50 qoe=   0.0 qoe_q=  -88.5 eps=0.757 loss=0.0998
[ep  245] redandblack  static_B_2020.02.27_18.39.27.csv@293   reward= -122.76 qoe=   0.0 qoe_q= -110.3 eps=0.756 loss=0.0896
[ep  246] soldier      static_B_2020.02.13_13.57.29.csv@2639  reward= -116.66 qoe=   0.0 qoe_q= -105.7 eps=0.755 loss=0.0819
[ep  247] longdress    static_B_2019.12.16_13.40.04.csv@1244  reward= -380.55 qoe=   0.0 qoe_q= -192.1 eps=0.754 loss=0.0871
[ep  248] loot         static_B_2020.02.27_18.39.27.csv@2453  reward=  -41.57 qoe=   0.0 qoe_q=  -78.5 eps=0.753 loss=0.0940
[ep  249] redandblack  static_B_2020.02.27_18.39.27.csv@1793  reward=-1209.13 qoe=   0.0 qoe_q= -398.0 eps=0.752 loss=0.1054
[ep  250] soldier      static_B_2020.02.27_18.39.27.csv@5393  reward=  -23.25 qoe=   0.0 qoe_q=  -85.8 eps=0.751 loss=0.0833
[ep  251] longdress    static_B_2019.12.16_13.40.04.csv@1304  reward= -196.24 qoe=   0.0 qoe_q= -128.1 eps=0.750 loss=0.0831
[ep  252] loot         static_B_2020.02.27_18.39.27.csv@1973  reward=  -81.57 qoe=   0.0 qoe_q= -106.9 eps=0.749 loss=0.0843
[ep  253] redandblack  static_B_2019.12.16_13.40.04.csv@344   reward= -220.81 qoe=   0.0 qoe_q= -144.7 eps=0.748 loss=0.0907
[ep  254] soldier      static_B_2019.12.16_13.40.04.csv@44    reward= -245.35 qoe=   0.0 qoe_q= -167.7 eps=0.747 loss=0.0800
[ep  255] longdress    static_B_2020.02.27_18.39.27.csv@473   reward=  -37.83 qoe=   0.0 qoe_q=  -87.0 eps=0.746 loss=0.0885
[ep  256] loot         static_B_2020.02.27_18.39.27.csv@2033  reward= -131.92 qoe=   0.0 qoe_q= -103.3 eps=0.745 loss=0.0866
[ep  257] redandblack  static_B_2020.02.27_18.39.27.csv@2573  reward=   -1.88 qoe=   0.0 qoe_q=  -77.7 eps=0.744 loss=0.0978
[ep  258] soldier      static_B_2020.02.27_18.39.27.csv@4733  reward= -149.53 qoe=   0.0 qoe_q= -118.4 eps=0.743 loss=0.0955
[ep  259] longdress    static_B_2020.02.27_18.39.27.csv@593   reward=    8.24 qoe=   0.0 qoe_q=  -68.6 eps=0.742 loss=0.0898
[ep  260] loot         static_B_2020.02.13_13.57.29.csv@59    reward= -574.02 qoe=   0.0 qoe_q= -228.4 eps=0.741 loss=0.0896
[ep  261] redandblack  static_B_2020.02.13_13.57.29.csv@2219  reward= -149.35 qoe=   0.0 qoe_q= -122.0 eps=0.740 loss=0.0884
[ep  262] soldier      static_B_2020.02.27_18.39.27.csv@3113  reward= -707.58 qoe=   0.0 qoe_q= -305.1 eps=0.739 loss=0.0848
[ep  263] longdress    static_B_2019.12.16_13.40.04.csv@704   reward=  -31.16 qoe=   0.0 qoe_q=  -61.7 eps=0.738 loss=0.0793
[ep  264] loot         static_B_2020.02.27_18.39.27.csv@5453  reward=  -46.36 qoe=   0.0 qoe_q=  -81.5 eps=0.737 loss=0.0961
[ep  265] redandblack  static_B_2019.12.16_13.40.04.csv@1604  reward=   -0.44 qoe=   0.0 qoe_q=  -81.4 eps=0.736 loss=0.0809
[ep  266] soldier      static_B_2020.02.13_13.57.29.csv@2339  reward= -162.36 qoe=   0.0 qoe_q= -130.0 eps=0.735 loss=0.0863
[ep  267] longdress    static_B_2020.02.27_18.39.27.csv@5573  reward= -176.20 qoe=   0.0 qoe_q= -110.4 eps=0.734 loss=0.1013
[ep  268] loot         static_B_2019.12.16_13.40.04.csv@584   reward=  -22.17 qoe=   0.0 qoe_q=  -89.0 eps=0.733 loss=0.0887
[ep  269] redandblack  static_B_2020.02.13_13.57.29.csv@1679  reward= -395.03 qoe=   0.0 qoe_q= -186.3 eps=0.732 loss=0.0918
[ep  270] soldier      static_B_2020.02.13_13.57.29.csv@1739  reward= -456.26 qoe=   0.0 qoe_q= -213.9 eps=0.731 loss=0.0973
[ep  271] longdress    static_B_2019.12.16_13.40.04.csv@104   reward=   -4.67 qoe=   0.0 qoe_q=  -74.9 eps=0.730 loss=0.1033
[ep  272] loot         static_B_2020.02.14_13.21.26.csv@317   reward=   16.22 qoe=   0.0 qoe_q=  -67.4 eps=0.729 loss=0.0923
[ep  273] redandblack  static_B_2020.02.13_13.57.29.csv@2159  reward= -215.44 qoe=   0.0 qoe_q= -132.8 eps=0.728 loss=0.0949
[ep  274] soldier      static_B_2020.02.27_18.39.27.csv@1733  reward= -195.03 qoe=   0.0 qoe_q= -133.2 eps=0.727 loss=0.0881
[ep  275] longdress    static_B_2020.02.13_13.57.29.csv@2279  reward=  -31.17 qoe=   0.0 qoe_q=  -86.5 eps=0.727 loss=0.0894
[ep  276] loot         static_B_2020.02.13_13.57.29.csv@1499  reward= -105.56 qoe=   0.0 qoe_q= -101.3 eps=0.726 loss=0.0812
[ep  277] redandblack  static_B_2020.02.13_13.57.29.csv@1379  reward= -179.68 qoe=   0.0 qoe_q= -119.7 eps=0.725 loss=0.1007
[ep  278] soldier      static_B_2020.02.27_18.39.27.csv@5742  reward= -163.97 qoe=   0.0 qoe_q= -133.0 eps=0.724 loss=0.0973
[ep  279] longdress    static_B_2020.02.27_18.39.27.csv@3473  reward= -264.06 qoe=   0.0 qoe_q= -147.6 eps=0.723 loss=0.0923
[ep  280] loot         static_B_2020.02.27_18.39.27.csv@4973  reward=   -7.21 qoe=   0.0 qoe_q=  -74.9 eps=0.722 loss=0.0949
[ep  281] redandblack  static_B_2020.02.27_18.39.27.csv@3953  reward=   -9.32 qoe=   0.0 qoe_q=  -75.7 eps=0.721 loss=0.0866
[ep  282] soldier      static_B_2020.02.13_13.57.29.csv@1979  reward= -186.25 qoe=   0.0 qoe_q= -128.6 eps=0.720 loss=0.0833
[ep  283] longdress    static_B_2020.02.27_18.39.27.csv@5033  reward= -160.64 qoe=   0.0 qoe_q= -130.6 eps=0.719 loss=0.0952
[ep  284] loot         static_B_2020.02.27_18.39.27.csv@4913  reward= -164.10 qoe=   0.0 qoe_q= -118.1 eps=0.718 loss=0.0805
[ep  285] redandblack  static_B_2019.12.16_13.40.04.csv@764   reward=  -60.95 qoe=   0.0 qoe_q= -101.9 eps=0.717 loss=0.0957
[ep  286] soldier      static_B_2020.02.14_13.21.26.csv@617   reward=   -3.25 qoe=   0.0 qoe_q=  -84.4 eps=0.716 loss=0.0850
[ep  287] longdress    static_B_2020.02.27_18.39.27.csv@233   reward=  -79.97 qoe=   0.0 qoe_q=  -95.4 eps=0.715 loss=0.0861
[ep  288] loot         static_B_2020.02.27_18.39.27.csv@3833  reward= -229.97 qoe=   0.0 qoe_q= -175.8 eps=0.714 loss=0.0843
[ep  289] redandblack  static_B_2020.02.27_18.39.27.csv@3053  reward=  -63.57 qoe=   0.0 qoe_q=  -90.5 eps=0.713 loss=0.0947
[ep  290] soldier      static_B_2020.02.14_13.21.26.csv@557   reward=  -72.40 qoe=   0.0 qoe_q=  -91.1 eps=0.712 loss=0.0903
[ep  291] longdress    static_B_2020.02.27_18.39.27.csv@4313  reward=  -96.86 qoe=   0.0 qoe_q= -106.6 eps=0.711 loss=0.0943
[ep  292] loot         static_B_2020.02.27_18.39.27.csv@2513  reward=   12.43 qoe=   0.0 qoe_q=  -74.8 eps=0.710 loss=0.0903
[ep  293] redandblack  static_B_2020.02.27_18.39.27.csv@3173  reward=-1202.36 qoe=   0.0 qoe_q= -407.9 eps=0.709 loss=0.0946
[ep  294] soldier      static_B_2019.12.16_13.40.04.csv@824   reward=  -97.67 qoe=   0.0 qoe_q= -123.5 eps=0.708 loss=0.0903
[ep  295] longdress    static_B_2019.12.16_13.40.04.csv@1904  reward=    5.46 qoe=   0.0 qoe_q=  -80.5 eps=0.707 loss=0.0950
[ep  296] loot         static_B_2020.02.27_18.39.27.csv@953   reward=  -46.12 qoe=   0.0 qoe_q=  -92.1 eps=0.706 loss=0.0893
[ep  297] redandblack  static_B_2020.02.27_18.39.27.csv@1133  reward= -484.14 qoe=   0.0 qoe_q= -210.0 eps=0.705 loss=0.0894
[ep  298] soldier      static_B_2020.02.13_13.57.29.csv@959   reward=-1662.98 qoe=   0.0 qoe_q= -556.6 eps=0.704 loss=0.0965
[ep  299] longdress    static_B_2020.02.13_13.57.29.csv@1799  reward= -436.94 qoe=   0.0 qoe_q= -192.7 eps=0.703 loss=0.0960
[ep  300] loot         static_B_2019.12.16_13.40.04.csv@1904  reward=   -1.84 qoe=   0.0 qoe_q=  -89.3 eps=0.702 loss=0.0896
    [eval @ ep 300] reward=-220.23 qoe=0.0 qoe_q=-78.4 mean_q=0.901 stall=30.3s
[ep  301] redandblack  static_B_2019.12.16_13.40.04.csv@1484  reward=  -82.35 qoe=   0.0 qoe_q=  -94.7 eps=0.701 loss=0.0994
[ep  302] soldier      static_B_2020.02.27_18.39.27.csv@173   reward=  -24.42 qoe=   0.0 qoe_q=  -72.0 eps=0.700 loss=0.0863
[ep  303] longdress    static_B_2020.02.27_18.39.27.csv@2273  reward= -137.44 qoe=   0.0 qoe_q= -114.9 eps=0.699 loss=0.0908
[ep  304] loot         static_B_2020.02.13_13.57.29.csv@1859  reward= -836.26 qoe=   0.0 qoe_q= -302.3 eps=0.698 loss=0.0878
[ep  305] redandblack  static_B_2020.02.27_18.39.27.csv@5213  reward= -238.16 qoe=   0.0 qoe_q= -147.2 eps=0.697 loss=0.0968
[ep  306] soldier      static_B_2020.02.27_18.39.27.csv@2333  reward=-1647.53 qoe=   0.0 qoe_q= -543.4 eps=0.696 loss=0.0841
[ep  307] longdress    static_B_2020.02.14_13.21.26.csv@197   reward=   -5.42 qoe=   0.0 qoe_q=  -76.3 eps=0.695 loss=0.0870
[ep  308] loot         static_B_2020.02.27_18.39.27.csv@3593  reward=    9.93 qoe=   0.0 qoe_q=  -69.8 eps=0.694 loss=0.1029
[ep  309] redandblack  static_B_2019.12.16_13.40.04.csv@1064  reward=  -83.36 qoe=   0.0 qoe_q= -100.2 eps=0.693 loss=0.1011
[ep  310] soldier      static_B_2020.02.27_18.39.27.csv@3653  reward= -207.11 qoe=   0.0 qoe_q= -129.5 eps=0.692 loss=0.0933
[ep  311] longdress    static_B_2019.12.16_13.40.04.csv@1184  reward= -203.15 qoe=   0.0 qoe_q= -129.4 eps=0.691 loss=0.0853
[ep  312] loot         static_B_2020.02.14_13.21.26.csv@850   reward= -133.52 qoe=   0.0 qoe_q= -104.9 eps=0.690 loss=0.0913
[ep  313] redandblack  static_B_2020.02.27_18.39.27.csv@4133  reward=    8.21 qoe=   0.0 qoe_q=  -69.6 eps=0.689 loss=0.1020
[ep  314] soldier      static_B_2020.02.27_18.39.27.csv@2633  reward= -542.54 qoe=   0.0 qoe_q= -222.7 eps=0.688 loss=0.0921
[ep  315] longdress    static_B_2020.02.27_18.39.27.csv@1493  reward= -217.36 qoe=   0.0 qoe_q= -126.4 eps=0.687 loss=0.0902
[ep  316] loot         static_B_2019.12.16_13.40.04.csv@1424  reward= -165.65 qoe=   0.0 qoe_q= -110.7 eps=0.686 loss=0.0904
[ep  317] redandblack  static_B_2020.02.27_18.39.27.csv@3713  reward=  -28.57 qoe=   0.0 qoe_q=  -86.1 eps=0.685 loss=0.0957
[ep  318] soldier      static_B_2020.02.27_18.39.27.csv@5513  reward=  -88.10 qoe=   0.0 qoe_q= -101.2 eps=0.684 loss=0.0905
[ep  319] longdress    static_B_2020.02.13_13.57.29.csv@2039  reward=  -40.17 qoe=   0.0 qoe_q=  -76.7 eps=0.683 loss=0.0945
[ep  320] loot         static_B_2020.02.13_13.57.29.csv@239   reward=   -6.42 qoe=   0.0 qoe_q=  -84.5 eps=0.682 loss=0.1013
[ep  321] redandblack  static_B_2020.02.13_13.57.29.csv@2519  reward=  -44.12 qoe=   0.0 qoe_q=  -82.9 eps=0.681 loss=0.0871
[ep  322] soldier      static_B_2020.02.27_18.39.27.csv@353   reward= -342.42 qoe=   0.0 qoe_q= -165.6 eps=0.680 loss=0.0954
[ep  323] longdress    static_B_2019.12.16_13.40.04.csv@1844  reward=-1284.76 qoe=   0.0 qoe_q= -441.3 eps=0.679 loss=0.0928
[ep  324] loot         static_B_2020.02.13_13.57.29.csv@1319  reward= -156.99 qoe=   0.0 qoe_q= -107.2 eps=0.678 loss=0.0856
[ep  325] redandblack  static_B_2020.02.27_18.39.27.csv@5093  reward=   10.49 qoe=   0.0 qoe_q=  -59.1 eps=0.677 loss=0.0854
[ep  326] soldier      static_B_2020.02.13_13.57.29.csv@839   reward= -175.90 qoe=   0.0 qoe_q= -133.4 eps=0.676 loss=0.0855
[ep  327] longdress    static_B_2020.02.13_13.57.29.csv@779   reward= -369.56 qoe=   0.0 qoe_q= -181.7 eps=0.675 loss=0.0942
[ep  328] loot         static_B_2020.02.27_18.39.27.csv@2993  reward=  -79.28 qoe=   0.0 qoe_q= -109.0 eps=0.674 loss=0.0955
[ep  329] redandblack  static_B_2020.02.13_13.57.29.csv@1619  reward=  -61.74 qoe=   0.0 qoe_q=  -91.5 eps=0.673 loss=0.0890
[ep  330] soldier      static_B_2020.02.27_18.39.27.csv@5273  reward=   -5.29 qoe=   0.0 qoe_q=  -83.7 eps=0.672 loss=0.0743
[ep  331] longdress    static_B_2020.02.13_13.57.29.csv@2759  reward= -178.41 qoe=   0.0 qoe_q= -123.5 eps=0.671 loss=0.0867
[ep  332] loot         static_B_2020.02.13_13.57.29.csv@2945  reward= -164.16 qoe=   0.0 qoe_q= -114.1 eps=0.670 loss=0.0936
[ep  333] redandblack  static_B_2020.02.27_18.39.27.csv@833   reward=    1.00 qoe=   0.0 qoe_q=  -72.3 eps=0.669 loss=0.0938
[ep  334] soldier      static_B_2020.02.14_13.21.26.csv@850   reward= -157.21 qoe=   0.0 qoe_q= -109.5 eps=0.668 loss=0.0935
[ep  335] longdress    static_B_2019.12.16_13.40.04.csv@1544  reward= -145.63 qoe=   0.0 qoe_q= -109.2 eps=0.667 loss=0.0883
[ep  336] loot         static_B_2020.02.14_13.21.26.csv@497   reward=    9.31 qoe=   0.0 qoe_q=  -66.3 eps=0.666 loss=0.0927
[ep  337] redandblack  static_B_2020.02.14_13.21.26.csv@17    reward= -302.89 qoe=   0.0 qoe_q= -152.9 eps=0.665 loss=0.0963
[ep  338] soldier      static_B_2020.02.14_13.21.26.csv@377   reward= -125.53 qoe=   0.0 qoe_q= -104.8 eps=0.664 loss=0.0890
[ep  339] longdress    static_B_2020.02.13_13.57.29.csv@2939  reward= -196.44 qoe=   0.0 qoe_q= -112.7 eps=0.663 loss=0.0821
[ep  340] loot         static_B_2019.12.16_13.40.04.csv@1784  reward= -258.73 qoe=   0.0 qoe_q= -127.7 eps=0.662 loss=0.0915
[ep  341] redandblack  static_B_2020.02.13_13.57.29.csv@119   reward= -289.94 qoe=   0.0 qoe_q= -153.8 eps=0.661 loss=0.0989
[ep  342] soldier      static_B_2020.02.27_18.39.27.csv@1613  reward= -427.44 qoe=   0.0 qoe_q= -188.1 eps=0.660 loss=0.0862
[ep  343] longdress    static_B_2020.02.13_13.57.29.csv@2099  reward= -298.76 qoe=   0.0 qoe_q= -161.5 eps=0.659 loss=0.0924
[ep  344] loot         static_B_2020.02.27_18.39.27.csv@4673  reward= -794.52 qoe=   0.0 qoe_q= -324.1 eps=0.658 loss=0.0850
[ep  345] redandblack  static_B_2020.02.27_18.39.27.csv@1013  reward= -163.52 qoe=   0.0 qoe_q= -119.2 eps=0.657 loss=0.0929
[ep  346] soldier      static_B_2020.02.14_13.21.26.csv@137   reward= -194.37 qoe=   0.0 qoe_q= -124.0 eps=0.656 loss=0.0980
[ep  347] longdress    static_B_2019.12.16_13.40.04.csv@1004  reward= -277.64 qoe=   0.0 qoe_q= -146.4 eps=0.655 loss=0.0847
[ep  348] loot         static_B_2020.02.27_18.39.27.csv@5693  reward=   15.84 qoe=   0.0 qoe_q=  -64.4 eps=0.654 loss=0.0961
[ep  349] redandblack  static_B_2020.02.27_18.39.27.csv@413   reward=  -22.49 qoe=   0.0 qoe_q=  -89.6 eps=0.653 loss=0.0911
[ep  350] soldier      static_B_2020.02.27_18.39.27.csv@1073  reward= -279.10 qoe=   0.0 qoe_q= -154.3 eps=0.652 loss=0.0924
[ep  351] longdress    static_B_2020.02.27_18.39.27.csv@4493  reward=  -68.02 qoe=   0.0 qoe_q=  -91.1 eps=0.651 loss=0.0882
[ep  352] loot         static_B_2020.02.13_13.57.29.csv@599   reward= -137.23 qoe=   0.0 qoe_q= -127.6 eps=0.650 loss=0.0830
[ep  353] redandblack  static_B_2020.02.13_13.57.29.csv@1919  reward= -105.54 qoe=   0.0 qoe_q= -126.1 eps=0.649 loss=0.0887
[ep  354] soldier      static_B_2019.12.16_13.40.04.csv@944   reward= -335.08 qoe=   0.0 qoe_q= -163.5 eps=0.648 loss=0.0990
[ep  355] longdress    static_B_2020.02.27_18.39.27.csv@4193  reward= -657.22 qoe=   0.0 qoe_q= -263.0 eps=0.647 loss=0.0849
[ep  356] loot         static_B_2020.02.27_18.39.27.csv@4373  reward= -288.00 qoe=   0.0 qoe_q= -148.6 eps=0.646 loss=0.0838
[ep  357] redandblack  static_B_2020.02.13_13.57.29.csv@1019  reward=  -87.55 qoe=   0.0 qoe_q= -106.3 eps=0.645 loss=0.1014
[ep  358] soldier      static_B_2020.02.13_13.57.29.csv@899   reward= -227.78 qoe=   0.0 qoe_q= -142.6 eps=0.644 loss=0.0863
[ep  359] longdress    static_B_2020.02.13_13.57.29.csv@1559  reward= -357.50 qoe=   0.0 qoe_q= -179.5 eps=0.643 loss=0.1024
[ep  360] loot         static_B_2019.12.16_13.40.04.csv@1364  reward= -932.91 qoe=   0.0 qoe_q= -343.9 eps=0.642 loss=0.1036
[ep  361] redandblack  static_B_2019.12.16_13.40.04.csv@1664  reward= -113.61 qoe=   0.0 qoe_q=  -98.7 eps=0.641 loss=0.0957
[ep  362] soldier      static_B_2019.12.16_13.40.04.csv@404   reward= -341.15 qoe=   0.0 qoe_q= -176.9 eps=0.640 loss=0.1025
[ep  363] longdress    static_B_2020.02.27_18.39.27.csv@3293  reward=    1.19 qoe=   0.0 qoe_q=  -64.2 eps=0.639 loss=0.0953
[ep  364] loot         static_B_2020.02.13_13.57.29.csv@359   reward= -250.67 qoe=   0.0 qoe_q= -139.6 eps=0.638 loss=0.0864
[ep  365] redandblack  static_B_2020.02.27_18.39.27.csv@5333  reward= -159.47 qoe=   0.0 qoe_q= -107.8 eps=0.637 loss=0.0804
[ep  366] soldier      static_B_2020.02.27_18.39.27.csv@3413  reward=  -60.12 qoe=   0.0 qoe_q=  -88.5 eps=0.636 loss=0.0907
[ep  367] longdress    static_B_2020.02.13_13.57.29.csv@1259  reward= -278.79 qoe=   0.0 qoe_q= -148.9 eps=0.635 loss=0.0915
[ep  368] loot         static_B_2020.02.27_18.39.27.csv@5742  reward= -267.09 qoe=   0.0 qoe_q= -143.7 eps=0.634 loss=0.1042
[ep  369] redandblack  static_B_2020.02.27_18.39.27.csv@2813  reward= -103.94 qoe=   0.0 qoe_q=  -99.5 eps=0.633 loss=0.1056
[ep  370] soldier      static_B_2020.02.27_18.39.27.csv@1913  reward=    3.65 qoe=   0.0 qoe_q=  -76.7 eps=0.632 loss=0.0973
[ep  371] longdress    static_B_2020.02.27_18.39.27.csv@653   reward= -141.87 qoe=   0.0 qoe_q= -102.2 eps=0.631 loss=0.0856
[ep  372] loot         static_B_2020.02.27_18.39.27.csv@533   reward=-1408.19 qoe=   0.0 qoe_q= -457.2 eps=0.630 loss=0.1141
[ep  373] redandblack  static_B_2020.02.27_18.39.27.csv@3353  reward=  -23.03 qoe=   0.0 qoe_q=  -72.9 eps=0.629 loss=0.0927
[ep  374] soldier      static_B_2020.02.27_18.39.27.csv@4553  reward=  -65.77 qoe=   0.0 qoe_q=  -95.2 eps=0.628 loss=0.0879
[ep  375] longdress    static_B_2020.02.27_18.39.27.csv@1433  reward=  -45.19 qoe=   0.0 qoe_q=  -76.7 eps=0.627 loss=0.0929
[ep  376] loot         static_B_2020.02.27_18.39.27.csv@2393  reward=   -5.63 qoe=   0.0 qoe_q=  -81.5 eps=0.626 loss=0.0988
[ep  377] redandblack  static_B_2020.02.13_13.57.29.csv@2699  reward=  -31.42 qoe=   0.0 qoe_q=  -65.5 eps=0.625 loss=0.0977
[ep  378] soldier      static_B_2020.02.27_18.39.27.csv@4853  reward= -209.98 qoe=   0.0 qoe_q= -143.1 eps=0.624 loss=0.0853
[ep  379] longdress    static_B_2020.02.27_18.39.27.csv@5742  reward= -263.55 qoe=   0.0 qoe_q= -127.9 eps=0.623 loss=0.1023
[ep  380] loot         static_B_2020.02.13_13.57.29.csv@2579  reward= -355.81 qoe=   0.0 qoe_q= -161.8 eps=0.622 loss=0.1026
[ep  381] redandblack  static_B_2020.02.27_18.39.27.csv@773   reward=  -76.67 qoe=   0.0 qoe_q=  -88.6 eps=0.621 loss=0.1011
[ep  382] soldier      static_B_2020.02.27_18.39.27.csv@4253  reward=   -1.90 qoe=   0.0 qoe_q=  -74.9 eps=0.620 loss=0.0868
[ep  383] longdress    static_B_2020.02.27_18.39.27.csv@2693  reward=  -79.57 qoe=   0.0 qoe_q=  -91.4 eps=0.619 loss=0.0949
[ep  384] loot         static_B_2020.02.13_13.57.29.csv@2399  reward= -112.43 qoe=   0.0 qoe_q= -102.6 eps=0.618 loss=0.0996
[ep  385] redandblack  static_B_2020.02.13_13.57.29.csv@299   reward=   25.55 qoe=   0.0 qoe_q=  -51.7 eps=0.617 loss=0.0789
[ep  386] soldier      static_B_2020.02.27_18.39.27.csv@3773  reward= -294.51 qoe=   0.0 qoe_q= -169.3 eps=0.616 loss=0.0931
[ep  387] longdress    static_B_2020.02.27_18.39.27.csv@1253  reward=   16.46 qoe=   0.0 qoe_q=  -64.4 eps=0.615 loss=0.0921
[ep  388] loot         static_B_2020.02.13_13.57.29.csv@1199  reward=  -54.19 qoe=   0.0 qoe_q=  -82.4 eps=0.614 loss=0.0876
[ep  389] redandblack  static_B_2020.02.27_18.39.27.csv@5153  reward=  -83.51 qoe=   0.0 qoe_q=  -87.9 eps=0.613 loss=0.0891
[ep  390] soldier      static_B_2019.12.16_13.40.04.csv@164   reward=  -51.47 qoe=   0.0 qoe_q=  -98.0 eps=0.612 loss=0.0850
[ep  391] longdress    static_B_2020.02.13_13.57.29.csv@1439  reward= -368.92 qoe=   0.0 qoe_q= -171.1 eps=0.611 loss=0.1032
[ep  392] loot         static_B_2020.02.13_13.57.29.csv@2879  reward= -155.82 qoe=   0.0 qoe_q= -127.5 eps=0.610 loss=0.0897
[ep  393] redandblack  static_B_2020.02.13_13.57.29.csv@179   reward= -124.96 qoe=   0.0 qoe_q=  -97.7 eps=0.609 loss=0.0961
[ep  394] soldier      static_B_2020.02.14_13.21.26.csv@77    reward=   28.97 qoe=   0.0 qoe_q=  -53.6 eps=0.608 loss=0.0902
[ep  395] longdress    static_B_2020.02.27_18.39.27.csv@4793  reward=   -3.27 qoe=   0.0 qoe_q=  -67.0 eps=0.607 loss=0.0864
[ep  396] loot         static_B_2020.02.27_18.39.27.csv@1373  reward= -163.85 qoe=   0.0 qoe_q= -108.0 eps=0.606 loss=0.0916
[ep  397] redandblack  static_B_2019.12.16_13.40.04.csv@1124  reward=-1738.97 qoe=   0.0 qoe_q= -582.4 eps=0.605 loss=0.1010
[ep  398] soldier      static_B_2020.02.27_18.39.27.csv@3893  reward= -363.77 qoe=   0.0 qoe_q= -167.0 eps=0.604 loss=0.1000
[ep  399] redandblack  static_B_2020.02.27_18.39.27.csv@2068  reward=   -2.20 qoe=   0.0 qoe_q=  -64.1 eps=0.603 loss=0.0992
[ep  400] soldier      static_B_2020.02.27_18.39.27.csv@2968  reward= -163.28 qoe=   0.0 qoe_q= -102.8 eps=0.602 loss=0.0902
    [eval @ ep 400] reward=-266.61 qoe=0.0 qoe_q=-101.6 mean_q=0.033 stall=24.1s
[ep  401] longdress    static_B_2020.02.27_18.39.27.csv@5728  reward= -113.05 qoe=   0.0 qoe_q=  -97.1 eps=0.601 loss=0.0958
[ep  402] loot         static_B_2020.02.27_18.39.27.csv@2428  reward=   15.63 qoe=   0.0 qoe_q=  -67.6 eps=0.600 loss=0.1025
[ep  403] redandblack  static_B_2020.02.27_18.39.27.csv@3508  reward= -232.51 qoe=   0.0 qoe_q= -133.4 eps=0.599 loss=0.0910
[ep  404] soldier      static_B_2020.02.13_13.57.29.csv@827   reward= -147.03 qoe=   0.0 qoe_q= -109.0 eps=0.598 loss=0.1099
[ep  405] longdress    static_B_2020.02.27_18.39.27.csv@1828  reward= -137.04 qoe=   0.0 qoe_q= -102.6 eps=0.597 loss=0.0954
[ep  406] loot         static_B_2020.02.14_13.21.26.csv@73    reward=   -8.63 qoe=   0.0 qoe_q=  -75.1 eps=0.596 loss=0.1039
[ep  407] redandblack  static_B_2020.02.27_18.39.27.csv@1228  reward=    0.03 qoe=   0.0 qoe_q=  -60.7 eps=0.595 loss=0.0880
[ep  408] soldier      static_B_2020.02.13_13.57.29.csv@2627  reward= -158.06 qoe=   0.0 qoe_q= -114.5 eps=0.594 loss=0.1014
[ep  409] longdress    static_B_2020.02.27_18.39.27.csv@268   reward=  -69.67 qoe=   0.0 qoe_q=  -77.9 eps=0.593 loss=0.0773
[ep  410] loot         static_B_2020.02.27_18.39.27.csv@988   reward= -182.72 qoe=   0.0 qoe_q= -117.9 eps=0.592 loss=0.0871
[ep  411] redandblack  static_B_2020.02.13_13.57.29.csv@1607  reward=    8.31 qoe=   0.0 qoe_q=  -50.4 eps=0.591 loss=0.0978
[ep  412] soldier      static_B_2020.02.27_18.39.27.csv@1348  reward=  -76.39 qoe=   0.0 qoe_q=  -95.6 eps=0.590 loss=0.0969
[ep  413] longdress    static_B_2020.02.14_13.21.26.csv@850   reward= -166.39 qoe=   0.0 qoe_q= -112.3 eps=0.589 loss=0.0940
[ep  414] loot         static_B_2020.02.27_18.39.27.csv@4048  reward=   -0.85 qoe=   0.0 qoe_q=  -83.6 eps=0.588 loss=0.0957
[ep  415] redandblack  static_B_2020.02.27_18.39.27.csv@2608  reward=  -28.35 qoe=   0.0 qoe_q=  -75.3 eps=0.587 loss=0.0919
[ep  416] soldier      static_B_2019.12.16_13.40.04.csv@1537  reward= -145.95 qoe=   0.0 qoe_q=  -97.3 eps=0.586 loss=0.0871
[ep  417] longdress    static_B_2020.02.13_13.57.29.csv@2507  reward=  -59.01 qoe=   0.0 qoe_q=  -76.8 eps=0.585 loss=0.1084
[ep  418] loot         static_B_2020.02.27_18.39.27.csv@1108  reward= -146.34 qoe=   0.0 qoe_q= -100.0 eps=0.584 loss=0.0915
[ep  419] redandblack  static_B_2020.02.14_13.21.26.csv@253   reward=  -57.95 qoe=   0.0 qoe_q=  -82.2 eps=0.583 loss=0.1022
[ep  420] soldier      static_B_2019.12.16_13.40.04.csv@757   reward=  -72.89 qoe=   0.0 qoe_q=  -80.0 eps=0.582 loss=0.1031
[ep  421] longdress    static_B_2020.02.27_18.39.27.csv@5742  reward= -276.60 qoe=   0.0 qoe_q= -140.1 eps=0.581 loss=0.0900
[ep  422] loot         static_B_2020.02.14_13.21.26.csv@313   reward=   -7.51 qoe=   0.0 qoe_q=  -65.0 eps=0.580 loss=0.0892
[ep  423] redandblack  static_B_2020.02.13_13.57.29.csv@587   reward=  -20.10 qoe=   0.0 qoe_q=  -69.6 eps=0.579 loss=0.0842
[ep  424] soldier      static_B_2020.02.13_13.57.29.csv@2267  reward= -104.16 qoe=   0.0 qoe_q=  -94.9 eps=0.578 loss=0.1026
[ep  425] longdress    static_B_2020.02.13_13.57.29.csv@2447  reward=-1148.96 qoe=   0.0 qoe_q= -384.2 eps=0.577 loss=0.1054
[ep  426] loot         static_B_2020.02.27_18.39.27.csv@3568  reward= -271.83 qoe=   0.0 qoe_q= -149.1 eps=0.576 loss=0.0944
[ep  427] redandblack  static_B_2020.02.27_18.39.27.csv@4888  reward= -258.72 qoe=   0.0 qoe_q= -153.1 eps=0.575 loss=0.0880
[ep  428] soldier      static_B_2019.12.16_13.40.04.csv@1837  reward= -630.56 qoe=   0.0 qoe_q= -294.2 eps=0.574 loss=0.1004
[ep  429] longdress    static_B_2020.02.13_13.57.29.csv@887   reward= -280.80 qoe=   0.0 qoe_q= -169.9 eps=0.573 loss=0.1153
[ep  430] loot         static_B_2020.02.27_18.39.27.csv@1708  reward=  -27.10 qoe=   0.0 qoe_q=  -79.4 eps=0.572 loss=0.1009
[ep  431] redandblack  static_B_2020.02.13_13.57.29.csv@2087  reward= -119.31 qoe=   0.0 qoe_q= -101.8 eps=0.571 loss=0.0886
[ep  432] soldier      static_B_2020.02.27_18.39.27.csv@148   reward=    8.07 qoe=   0.0 qoe_q=  -71.0 eps=0.570 loss=0.1002
[ep  433] longdress    static_B_2020.02.13_13.57.29.csv@1727  reward= -484.89 qoe=   0.0 qoe_q= -197.8 eps=0.569 loss=0.1035
[ep  434] loot         static_B_2020.02.27_18.39.27.csv@3328  reward= -255.72 qoe=   0.0 qoe_q= -134.5 eps=0.568 loss=0.0955
[ep  435] redandblack  static_B_2020.02.13_13.57.29.csv@2027  reward=    4.63 qoe=   0.0 qoe_q=  -67.7 eps=0.567 loss=0.0929
[ep  436] soldier      static_B_2020.02.13_13.57.29.csv@1487  reward= -234.20 qoe=   0.0 qoe_q= -145.1 eps=0.566 loss=0.0826
[ep  437] longdress    static_B_2020.02.27_18.39.27.csv@2548  reward= -485.35 qoe=   0.0 qoe_q= -199.9 eps=0.565 loss=0.0983
[ep  438] loot         static_B_2020.02.27_18.39.27.csv@4288  reward=    7.12 qoe=   0.0 qoe_q=  -76.8 eps=0.564 loss=0.0995
[ep  439] redandblack  static_B_2020.02.27_18.39.27.csv@328   reward= -664.60 qoe=   0.0 qoe_q= -250.7 eps=0.563 loss=0.0942
[ep  440] soldier      static_B_2019.12.16_13.40.04.csv@217   reward= -745.90 qoe=   0.0 qoe_q= -287.9 eps=0.562 loss=0.1052
[ep  441] longdress    static_B_2019.12.16_13.40.04.csv@697   reward=   -4.88 qoe=   0.0 qoe_q=  -57.7 eps=0.561 loss=0.1026
[ep  442] loot         static_B_2020.02.27_18.39.27.csv@4348  reward=  -48.16 qoe=   0.0 qoe_q=  -71.0 eps=0.560 loss=0.1046
[ep  443] redandblack  static_B_2020.02.13_13.57.29.csv@2867  reward=  -77.29 qoe=   0.0 qoe_q=  -87.6 eps=0.559 loss=0.0927
[ep  444] soldier      static_B_2020.02.27_18.39.27.csv@2728  reward=  -19.02 qoe=   0.0 qoe_q=  -80.7 eps=0.558 loss=0.0919
[ep  445] longdress    static_B_2020.02.27_18.39.27.csv@808   reward=   17.68 qoe=   0.0 qoe_q=  -50.7 eps=0.557 loss=0.1098
[ep  446] loot         static_B_2020.02.27_18.39.27.csv@388   reward=   18.37 qoe=   0.0 qoe_q=  -66.0 eps=0.556 loss=0.0899
[ep  447] redandblack  static_B_2020.02.27_18.39.27.csv@5548  reward=    9.96 qoe=   0.0 qoe_q=  -61.7 eps=0.555 loss=0.0996
[ep  448] soldier      static_B_2020.02.27_18.39.27.csv@5068  reward= -173.94 qoe=   0.0 qoe_q= -112.8 eps=0.554 loss=0.0963
[ep  449] longdress    static_B_2019.12.16_13.40.04.csv@1237  reward= -211.46 qoe=   0.0 qoe_q= -135.4 eps=0.553 loss=0.1103
[ep  450] loot         static_B_2020.02.13_13.57.29.csv@107   reward= -243.99 qoe=   0.0 qoe_q= -138.2 eps=0.552 loss=0.0930
[ep  451] redandblack  static_B_2020.02.27_18.39.27.csv@3028  reward=  -75.65 qoe=   0.0 qoe_q=  -86.8 eps=0.551 loss=0.0906
[ep  452] soldier      static_B_2020.02.14_13.21.26.csv@133   reward= -239.39 qoe=   0.0 qoe_q= -129.8 eps=0.550 loss=0.1012
[ep  453] longdress    static_B_2019.12.16_13.40.04.csv@1057  reward= -318.98 qoe=   0.0 qoe_q= -168.3 eps=0.549 loss=0.0943
[ep  454] loot         static_B_2019.12.16_13.40.04.csv@37    reward= -131.42 qoe=   0.0 qoe_q= -101.6 eps=0.548 loss=0.0920
[ep  455] redandblack  static_B_2020.02.13_13.57.29.csv@1967  reward= -304.81 qoe=   0.0 qoe_q= -155.9 eps=0.547 loss=0.0921
[ep  456] soldier      static_B_2020.02.27_18.39.27.csv@3208  reward= -115.59 qoe=   0.0 qoe_q= -115.7 eps=0.546 loss=0.0999
[ep  457] longdress    static_B_2020.02.14_13.21.26.csv@433   reward=  -97.67 qoe=   0.0 qoe_q=  -92.8 eps=0.545 loss=0.1106
[ep  458] loot         static_B_2020.02.13_13.57.29.csv@2387  reward=  -65.19 qoe=   0.0 qoe_q=  -85.1 eps=0.544 loss=0.0968
[ep  459] redandblack  static_B_2020.02.27_18.39.27.csv@1288  reward= -112.31 qoe=   0.0 qoe_q=  -97.6 eps=0.544 loss=0.1095
[ep  460] soldier      static_B_2020.02.14_13.21.26.csv@193   reward=  -76.12 qoe=   0.0 qoe_q=  -89.2 eps=0.543 loss=0.1122
[ep  461] longdress    static_B_2020.02.27_18.39.27.csv@3388  reward=   35.04 qoe=   0.0 qoe_q=  -55.9 eps=0.542 loss=0.1059
[ep  462] loot         static_B_2020.02.13_13.57.29.csv@2945  reward= -162.15 qoe=   0.0 qoe_q= -117.8 eps=0.541 loss=0.0967
[ep  463] redandblack  static_B_2020.02.13_13.57.29.csv@647   reward= -235.79 qoe=   0.0 qoe_q= -127.7 eps=0.540 loss=0.1062
[ep  464] soldier      static_B_2019.12.16_13.40.04.csv@1477  reward=  -67.94 qoe=   0.0 qoe_q=  -75.7 eps=0.539 loss=0.0988
[ep  465] longdress    static_B_2020.02.13_13.57.29.csv@227   reward=  -66.70 qoe=   0.0 qoe_q=  -74.0 eps=0.538 loss=0.0987
[ep  466] loot         static_B_2019.12.16_13.40.04.csv@1297  reward=  -88.39 qoe=   0.0 qoe_q=  -87.8 eps=0.537 loss=0.1035
[ep  467] redandblack  static_B_2019.12.16_13.40.04.csv@97    reward=   -5.74 qoe=   0.0 qoe_q=  -71.5 eps=0.536 loss=0.0960
[ep  468] soldier      static_B_2020.02.27_18.39.27.csv@2248  reward=  -10.27 qoe=   0.0 qoe_q=  -71.7 eps=0.535 loss=0.0969
[ep  469] longdress    static_B_2020.02.27_18.39.27.csv@5668  reward=   11.41 qoe=   0.0 qoe_q=  -58.9 eps=0.534 loss=0.1006
[ep  470] loot         static_B_2020.02.27_18.39.27.csv@3268  reward= -189.94 qoe=   0.0 qoe_q= -110.3 eps=0.533 loss=0.1006
[ep  471] redandblack  static_B_2020.02.13_13.57.29.csv@947   reward= -463.24 qoe=   0.0 qoe_q= -201.8 eps=0.532 loss=0.1014
[ep  472] soldier      static_B_2019.12.16_13.40.04.csv@1904  reward=   28.39 qoe=   0.0 qoe_q=  -60.6 eps=0.531 loss=0.0946
[ep  473] longdress    static_B_2020.02.27_18.39.27.csv@5128  reward=   24.99 qoe=   0.0 qoe_q=  -50.9 eps=0.530 loss=0.0902
[ep  474] loot         static_B_2020.02.13_13.57.29.csv@2207  reward= -234.93 qoe=   0.0 qoe_q= -133.3 eps=0.529 loss=0.1128
[ep  475] redandblack  static_B_2020.02.14_13.21.26.csv@733   reward=   23.19 qoe=   0.0 qoe_q=  -49.9 eps=0.528 loss=0.1056
[ep  476] soldier      static_B_2020.02.27_18.39.27.csv@4648  reward=-1229.25 qoe=   0.0 qoe_q= -416.5 eps=0.527 loss=0.0996
[ep  477] longdress    static_B_2020.02.13_13.57.29.csv@1907  reward=  -10.30 qoe=   0.0 qoe_q=  -63.4 eps=0.526 loss=0.0974
[ep  478] loot         static_B_2020.02.13_13.57.29.csv@2747  reward=  -95.52 qoe=   0.0 qoe_q=  -81.4 eps=0.525 loss=0.1050
[ep  479] redandblack  static_B_2020.02.13_13.57.29.csv@2945  reward= -157.42 qoe=   0.0 qoe_q= -104.2 eps=0.524 loss=0.0974
[ep  480] soldier      static_B_2020.02.27_18.39.27.csv@208   reward= -275.63 qoe=   0.0 qoe_q= -144.5 eps=0.523 loss=0.1000
[ep  481] longdress    static_B_2020.02.13_13.57.29.csv@467   reward= -339.04 qoe=   0.0 qoe_q= -163.7 eps=0.522 loss=0.0911
[ep  482] loot         static_B_2020.02.27_18.39.27.csv@5008  reward= -131.50 qoe=   0.0 qoe_q=  -93.5 eps=0.521 loss=0.0985
[ep  483] redandblack  static_B_2020.02.14_13.21.26.csv@793   reward= -210.18 qoe=   0.0 qoe_q= -120.8 eps=0.520 loss=0.0946
[ep  484] soldier      static_B_2020.02.13_13.57.29.csv@1127  reward= -208.04 qoe=   0.0 qoe_q= -139.9 eps=0.519 loss=0.0969
[ep  485] longdress    static_B_2020.02.27_18.39.27.csv@4108  reward=  -11.98 qoe=   0.0 qoe_q=  -71.1 eps=0.518 loss=0.0932
[ep  486] loot         static_B_2020.02.27_18.39.27.csv@88    reward=  -97.81 qoe=   0.0 qoe_q= -101.1 eps=0.517 loss=0.0960
[ep  487] redandblack  static_B_2020.02.27_18.39.27.csv@3808  reward= -256.91 qoe=   0.0 qoe_q= -138.8 eps=0.516 loss=0.1128
[ep  488] soldier      static_B_2020.02.27_18.39.27.csv@1468  reward= -262.55 qoe=   0.0 qoe_q= -144.3 eps=0.515 loss=0.1020
[ep  489] longdress    static_B_2020.02.27_18.39.27.csv@1888  reward=  -43.68 qoe=   0.0 qoe_q=  -70.5 eps=0.514 loss=0.1007
[ep  490] loot         static_B_2020.02.14_13.21.26.csv@13    reward= -311.24 qoe=   0.0 qoe_q= -148.6 eps=0.513 loss=0.1105
[ep  491] redandblack  static_B_2020.02.27_18.39.27.csv@5248  reward=   29.25 qoe=   0.0 qoe_q=  -55.6 eps=0.512 loss=0.0929
[ep  492] soldier      static_B_2020.02.27_18.39.27.csv@2368  reward= -971.23 qoe=   0.0 qoe_q= -332.3 eps=0.511 loss=0.1039
[ep  493] longdress    static_B_2020.02.27_18.39.27.csv@4168  reward= -263.78 qoe=   0.0 qoe_q= -137.4 eps=0.510 loss=0.1166
[ep  494] loot         static_B_2020.02.13_13.57.29.csv@1307  reward= -215.36 qoe=   0.0 qoe_q= -124.3 eps=0.509 loss=0.0959
[ep  495] redandblack  static_B_2020.02.13_13.57.29.csv@1247  reward= -373.45 qoe=   0.0 qoe_q= -167.3 eps=0.508 loss=0.0936
[ep  496] soldier      static_B_2020.02.13_13.57.29.csv@1367  reward= -247.58 qoe=   0.0 qoe_q= -132.9 eps=0.507 loss=0.1018
[ep  497] longdress    static_B_2019.12.16_13.40.04.csv@817   reward=   -2.69 qoe=   0.0 qoe_q=  -61.1 eps=0.506 loss=0.0968
[ep  498] loot         static_B_2019.12.16_13.40.04.csv@1417  reward= -154.17 qoe=   0.0 qoe_q= -105.8 eps=0.505 loss=0.1042
[ep  499] redandblack  static_B_2020.02.27_18.39.27.csv@5742  reward= -254.73 qoe=   0.0 qoe_q= -124.4 eps=0.504 loss=0.0999
[ep  500] soldier      static_B_2020.02.27_18.39.27.csv@928   reward=  -59.31 qoe=   0.0 qoe_q=  -72.3 eps=0.503 loss=0.1026
    [eval @ ep 500] reward=-231.55 qoe=0.0 qoe_q=-89.2 mean_q=0.866 stall=30.0s
[ep  501] longdress    static_B_2020.02.13_13.57.29.csv@1787  reward= -145.25 qoe=   0.0 qoe_q= -122.6 eps=0.502 loss=0.0924
[ep  502] loot         static_B_2019.12.16_13.40.04.csv@877   reward=  -92.36 qoe=   0.0 qoe_q=  -78.9 eps=0.501 loss=0.0909
[ep  503] redandblack  static_B_2020.02.13_13.57.29.csv@167   reward= -214.34 qoe=   0.0 qoe_q= -124.9 eps=0.500 loss=0.1025
[ep  504] soldier      static_B_2020.02.13_13.57.29.csv@1427  reward= -317.29 qoe=   0.0 qoe_q= -169.6 eps=0.499 loss=0.1010
[ep  505] longdress    static_B_2020.02.27_18.39.27.csv@2668  reward= -338.26 qoe=   0.0 qoe_q= -164.5 eps=0.498 loss=0.0977
[ep  506] loot         static_B_2020.02.13_13.57.29.csv@767   reward=  -98.90 qoe=   0.0 qoe_q=  -97.5 eps=0.497 loss=0.0942
[ep  507] redandblack  static_B_2020.02.13_13.57.29.csv@527   reward= -174.20 qoe=   0.0 qoe_q= -104.4 eps=0.496 loss=0.0884
[ep  508] soldier      static_B_2020.02.13_13.57.29.csv@1187  reward= -154.70 qoe=   0.0 qoe_q= -108.8 eps=0.495 loss=0.1006
[ep  509] longdress    static_B_2020.02.27_18.39.27.csv@1528  reward= -234.51 qoe=   0.0 qoe_q= -127.8 eps=0.494 loss=0.1169
[ep  510] loot         static_B_2020.02.27_18.39.27.csv@4468  reward=  -80.56 qoe=   0.0 qoe_q=  -89.6 eps=0.493 loss=0.1020
[ep  511] redandblack  static_B_2019.12.16_13.40.04.csv@1657  reward= -283.98 qoe=   0.0 qoe_q= -131.5 eps=0.492 loss=0.0954
[ep  512] soldier      static_B_2020.02.14_13.21.26.csv@553   reward=  -16.50 qoe=   0.0 qoe_q=  -58.9 eps=0.491 loss=0.0959
[ep  513] longdress    static_B_2020.02.27_18.39.27.csv@28    reward=    6.16 qoe=   0.0 qoe_q=  -56.7 eps=0.490 loss=0.0854
[ep  514] loot         static_B_2020.02.27_18.39.27.csv@2128  reward=  -20.71 qoe=   0.0 qoe_q=  -73.7 eps=0.489 loss=0.0967
[ep  515] redandblack  static_B_2020.02.27_18.39.27.csv@5308  reward=  -35.73 qoe=   0.0 qoe_q=  -65.2 eps=0.488 loss=0.1123
[ep  516] soldier      static_B_2019.12.16_13.40.04.csv@637   reward= -164.57 qoe=   0.0 qoe_q= -109.5 eps=0.487 loss=0.0946
[ep  517] longdress    static_B_2020.02.13_13.57.29.csv@407   reward= -129.71 qoe=   0.0 qoe_q=  -93.6 eps=0.486 loss=0.1070
[ep  518] loot         static_B_2020.02.14_13.21.26.csv@673   reward=  -16.82 qoe=   0.0 qoe_q=  -68.5 eps=0.485 loss=0.1018
[ep  519] redandblack  static_B_2020.02.13_13.57.29.csv@47    reward= -143.98 qoe=   0.0 qoe_q= -113.9 eps=0.484 loss=0.1068
[ep  520] soldier      static_B_2020.02.27_18.39.27.csv@3928  reward=   29.75 qoe=   0.0 qoe_q=  -62.8 eps=0.483 loss=0.1003
[ep  521] longdress    static_B_2020.02.13_13.57.29.csv@287   reward= -100.66 qoe=   0.0 qoe_q=  -78.6 eps=0.482 loss=0.1113
[ep  522] loot         static_B_2020.02.13_13.57.29.csv@1007  reward= -440.65 qoe=   0.0 qoe_q= -190.2 eps=0.481 loss=0.1098
[ep  523] redandblack  static_B_2020.02.27_18.39.27.csv@2788  reward=  -73.24 qoe=   0.0 qoe_q=  -76.4 eps=0.480 loss=0.1040
[ep  524] soldier      static_B_2020.02.27_18.39.27.csv@1168  reward= -748.80 qoe=   0.0 qoe_q= -369.3 eps=0.479 loss=0.0930
[ep  525] longdress    static_B_2020.02.27_18.39.27.csv@2188  reward= -357.94 qoe=   0.0 qoe_q= -158.3 eps=0.478 loss=0.0986
[ep  526] loot         static_B_2020.02.27_18.39.27.csv@5428  reward=  -90.35 qoe=   0.0 qoe_q=  -94.5 eps=0.477 loss=0.0967
[ep  527] redandblack  static_B_2020.02.13_13.57.29.csv@2687  reward=  -11.06 qoe=   0.0 qoe_q=  -52.0 eps=0.476 loss=0.1119
[ep  528] soldier      static_B_2020.02.27_18.39.27.csv@868   reward= -108.74 qoe=   0.0 qoe_q=  -89.6 eps=0.475 loss=0.1005
[ep  529] longdress    static_B_2020.02.27_18.39.27.csv@5368  reward=  -52.44 qoe=   0.0 qoe_q=  -75.8 eps=0.474 loss=0.1042
[ep  530] loot         static_B_2019.12.16_13.40.04.csv@397   reward=  -95.77 qoe=   0.0 qoe_q=  -78.9 eps=0.473 loss=0.1046
[ep  531] redandblack  static_B_2020.02.13_13.57.29.csv@2567  reward= -280.35 qoe=   0.0 qoe_q= -141.6 eps=0.472 loss=0.0936
[ep  532] soldier      static_B_2020.02.27_18.39.27.csv@4708  reward= -151.59 qoe=   0.0 qoe_q= -108.2 eps=0.471 loss=0.1056
[ep  533] longdress    static_B_2020.02.13_13.57.29.csv@2147  reward= -254.56 qoe=   0.0 qoe_q= -151.2 eps=0.470 loss=0.1017
[ep  534] loot         static_B_2020.02.27_18.39.27.csv@508   reward=  -41.07 qoe=   0.0 qoe_q=  -82.5 eps=0.469 loss=0.1071
[ep  535] redandblack  static_B_2020.02.27_18.39.27.csv@3088  reward= -215.41 qoe=   0.0 qoe_q= -140.7 eps=0.468 loss=0.1003
[ep  536] soldier      static_B_2019.12.16_13.40.04.csv@937   reward= -328.82 qoe=   0.0 qoe_q= -174.2 eps=0.467 loss=0.0955
[ep  537] longdress    static_B_2020.02.27_18.39.27.csv@3748  reward=   34.96 qoe=   0.0 qoe_q=  -48.0 eps=0.466 loss=0.1016
[ep  538] loot         static_B_2019.12.16_13.40.04.csv@457   reward=-1376.85 qoe=   0.0 qoe_q= -437.9 eps=0.465 loss=0.1029
[ep  539] redandblack  static_B_2020.02.27_18.39.27.csv@3868  reward= -288.57 qoe=   0.0 qoe_q= -146.2 eps=0.464 loss=0.0982
[ep  540] soldier      static_B_2020.02.27_18.39.27.csv@5488  reward=  -70.24 qoe=   0.0 qoe_q=  -86.1 eps=0.463 loss=0.1074
[ep  541] longdress    static_B_2020.02.27_18.39.27.csv@2908  reward= -113.67 qoe=   0.0 qoe_q= -110.4 eps=0.462 loss=0.0999
[ep  542] loot         static_B_2020.02.27_18.39.27.csv@2308  reward= -161.00 qoe=   0.0 qoe_q= -112.5 eps=0.461 loss=0.0978
[ep  543] redandblack  static_B_2020.02.27_18.39.27.csv@448   reward=  -82.91 qoe=   0.0 qoe_q= -105.8 eps=0.460 loss=0.1047
[ep  544] soldier      static_B_2020.02.13_13.57.29.csv@2327  reward= -156.57 qoe=   0.0 qoe_q= -120.6 eps=0.459 loss=0.0984
[ep  545] longdress    static_B_2020.02.14_13.21.26.csv@613   reward=   28.90 qoe=   0.0 qoe_q=  -51.4 eps=0.458 loss=0.1134
[ep  546] loot         static_B_2020.02.13_13.57.29.csv@2927  reward= -155.40 qoe=   0.0 qoe_q= -113.2 eps=0.457 loss=0.1009
[ep  547] redandblack  static_B_2020.02.14_13.21.26.csv@373   reward= -110.70 qoe=   0.0 qoe_q=  -89.5 eps=0.456 loss=0.1058
[ep  548] soldier      static_B_2020.02.27_18.39.27.csv@4828  reward=  -22.19 qoe=   0.0 qoe_q=  -67.1 eps=0.455 loss=0.0939
[ep  549] longdress    static_B_2020.02.27_18.39.27.csv@1768  reward=-1863.78 qoe=   0.0 qoe_q= -585.7 eps=0.454 loss=0.1087
[ep  550] loot         static_B_2020.02.27_18.39.27.csv@3448  reward= -147.73 qoe=   0.0 qoe_q=  -89.9 eps=0.453 loss=0.0983
[ep  551] redandblack  static_B_2020.02.27_18.39.27.csv@4768  reward=  -49.14 qoe=   0.0 qoe_q=  -72.4 eps=0.452 loss=0.1086
[ep  552] soldier      static_B_2020.02.27_18.39.27.csv@2488  reward=  -89.83 qoe=   0.0 qoe_q=  -92.8 eps=0.451 loss=0.1031
[ep  553] longdress    static_B_2020.02.27_18.39.27.csv@4588  reward= -189.47 qoe=   0.0 qoe_q= -122.1 eps=0.450 loss=0.0902
[ep  554] loot         static_B_2020.02.13_13.57.29.csv@1067  reward=  -55.40 qoe=   0.0 qoe_q=  -80.3 eps=0.449 loss=0.1040
[ep  555] redandblack  static_B_2019.12.16_13.40.04.csv@997   reward= -164.43 qoe=   0.0 qoe_q= -103.4 eps=0.448 loss=0.1094
[ep  556] soldier      static_B_2019.12.16_13.40.04.csv@577   reward= -250.78 qoe=   0.0 qoe_q= -131.0 eps=0.447 loss=0.1027
[ep  557] longdress    static_B_2020.02.27_18.39.27.csv@568   reward=   37.62 qoe=   0.0 qoe_q=  -43.0 eps=0.446 loss=0.1061
[ep  558] loot         static_B_2019.12.16_13.40.04.csv@1777  reward=  -46.88 qoe=   0.0 qoe_q=  -74.3 eps=0.445 loss=0.1057
[ep  559] redandblack  static_B_2019.12.16_13.40.04.csv@1117  reward=-1655.46 qoe=   0.0 qoe_q= -582.5 eps=0.444 loss=0.1041
[ep  560] soldier      static_B_2020.02.27_18.39.27.csv@3148  reward=-1485.41 qoe=   0.0 qoe_q= -510.2 eps=0.443 loss=0.1207
[ep  561] longdress    static_B_2020.02.27_18.39.27.csv@5608  reward=  -74.72 qoe=   0.0 qoe_q=  -71.4 eps=0.442 loss=0.1089
[ep  562] loot         static_B_2020.02.27_18.39.27.csv@4228  reward= -150.69 qoe=   0.0 qoe_q= -105.9 eps=0.441 loss=0.1073
[ep  563] redandblack  static_B_2019.12.16_13.40.04.csv@1904  reward=   46.27 qoe=   0.0 qoe_q=  -37.3 eps=0.440 loss=0.0954
[ep  564] soldier      static_B_2019.12.16_13.40.04.csv@1357  reward=-1021.17 qoe=   0.0 qoe_q= -358.6 eps=0.439 loss=0.1025
[ep  565] longdress    static_B_2020.02.27_18.39.27.csv@4408  reward=   11.30 qoe=   0.0 qoe_q=  -56.1 eps=0.438 loss=0.1147
[ep  566] loot         static_B_2020.02.27_18.39.27.csv@4948  reward= -165.90 qoe=   0.0 qoe_q= -103.2 eps=0.437 loss=0.1035
[ep  567] redandblack  static_B_2020.02.14_13.21.26.csv@493   reward=   35.27 qoe=   0.0 qoe_q=  -44.9 eps=0.436 loss=0.1040
[ep  568] soldier      static_B_2020.02.13_13.57.29.csv@2807  reward= -390.87 qoe=   0.0 qoe_q= -177.2 eps=0.435 loss=0.1151
[ep  569] longdress    static_B_2020.02.13_13.57.29.csv@1667  reward= -143.58 qoe=   0.0 qoe_q= -105.6 eps=0.434 loss=0.1012
[ep  570] loot         static_B_2019.12.16_13.40.04.csv@157   reward= -277.10 qoe=   0.0 qoe_q= -135.8 eps=0.433 loss=0.1090
[ep  571] redandblack  static_B_2020.02.27_18.39.27.csv@1588  reward=  -90.70 qoe=   0.0 qoe_q=  -83.3 eps=0.432 loss=0.0968
[ep  572] soldier      static_B_2020.02.13_13.57.29.csv@1547  reward=  -96.96 qoe=   0.0 qoe_q= -100.0 eps=0.431 loss=0.1038
[ep  573] longdress    static_B_2020.02.14_13.21.26.csv@850   reward= -171.66 qoe=   0.0 qoe_q= -116.8 eps=0.430 loss=0.1027
[ep  574] loot         static_B_2020.02.27_18.39.27.csv@2008  reward=  -97.88 qoe=   0.0 qoe_q=  -87.9 eps=0.429 loss=0.1081
[ep  575] redandblack  static_B_2020.02.27_18.39.27.csv@1648  reward=   23.19 qoe=   0.0 qoe_q=  -51.5 eps=0.428 loss=0.1006
[ep  576] soldier      static_B_2020.02.27_18.39.27.csv@3988  reward= -144.39 qoe=   0.0 qoe_q= -108.3 eps=0.427 loss=0.1075
[ep  577] longdress    static_B_2020.02.27_18.39.27.csv@4528  reward=  -68.98 qoe=   0.0 qoe_q=  -79.9 eps=0.426 loss=0.0984
[ep  578] loot         static_B_2020.02.13_13.57.29.csv@1847  reward= -360.92 qoe=   0.0 qoe_q= -191.9 eps=0.425 loss=0.0984
[ep  579] redandblack  static_B_2020.02.27_18.39.27.csv@3628  reward= -218.63 qoe=   0.0 qoe_q= -119.6 eps=0.424 loss=0.1146
[ep  580] soldier      static_B_2019.12.16_13.40.04.csv@337   reward= -321.73 qoe=   0.0 qoe_q= -170.7 eps=0.423 loss=0.1015
[ep  581] longdress    static_B_2019.12.16_13.40.04.csv@1897  reward=   51.16 qoe=   0.0 qoe_q=  -35.7 eps=0.422 loss=0.1067
[ep  582] loot         static_B_2019.12.16_13.40.04.csv@1597  reward=   34.39 qoe=   0.0 qoe_q=  -51.2 eps=0.421 loss=0.1060
[ep  583] redandblack  static_B_2020.02.27_18.39.27.csv@1048  reward=   13.85 qoe=   0.0 qoe_q=  -55.8 eps=0.420 loss=0.1048
[ep  584] soldier      static_B_2020.02.27_18.39.27.csv@5188  reward= -325.93 qoe=   0.0 qoe_q= -188.8 eps=0.419 loss=0.1102
[ep  585] longdress    static_B_2020.02.27_18.39.27.csv@748   reward=   31.88 qoe=   0.0 qoe_q=  -45.3 eps=0.418 loss=0.1054
[ep  586] loot         static_B_2019.12.16_13.40.04.csv@1177  reward= -402.19 qoe=   0.0 qoe_q= -195.3 eps=0.417 loss=0.1116
[ep  587] redandblack  static_B_2019.12.16_13.40.04.csv@1717  reward=    3.89 qoe=   0.0 qoe_q=  -65.2 eps=0.416 loss=0.1050
[ep  588] soldier      static_B_2020.02.13_13.57.29.csv@707   reward= -586.73 qoe=   0.0 qoe_q= -247.5 eps=0.415 loss=0.1025
[ep  589] longdress    static_B_2020.02.27_18.39.27.csv@2848  reward=  -30.73 qoe=   0.0 qoe_q=  -58.0 eps=0.414 loss=0.0942
[ep  590] loot         static_B_2019.12.16_13.40.04.csv@517   reward= -104.98 qoe=   0.0 qoe_q= -118.5 eps=0.413 loss=0.1057
[ep  591] redandblack  static_B_2020.02.27_18.39.27.csv@688   reward=    5.72 qoe=   0.0 qoe_q=  -53.9 eps=0.412 loss=0.1083
[ep  592] soldier      static_B_2020.02.13_13.57.29.csv@347   reward= -165.00 qoe=   0.0 qoe_q= -116.7 eps=0.411 loss=0.0992
[ep  593] longdress    static_B_2020.02.27_18.39.27.csv@1948  reward= -173.04 qoe=   0.0 qoe_q= -112.5 eps=0.410 loss=0.0990
[ep  594] loot         static_B_2019.12.16_13.40.04.csv@277   reward=  -38.44 qoe=   0.0 qoe_q=  -74.2 eps=0.409 loss=0.1021
[ep  595] redandblack  static_B_2020.02.27_18.39.27.csv@1408  reward=   23.89 qoe=   0.0 qoe_q=  -46.5 eps=0.408 loss=0.0963
[ep  596] soldier      static_B_2020.02.27_18.39.27.csv@3688  reward=   20.65 qoe=   0.0 qoe_q=  -44.4 eps=0.407 loss=0.1078
[ep  597] longdress    static_B_2020.02.27_18.39.27.csv@628   reward=   17.68 qoe=   0.0 qoe_q=  -52.7 eps=0.406 loss=0.1025
[ep  598] soldier      static_B_2020.02.27_18.39.27.csv@663   reward= -120.69 qoe=   0.0 qoe_q=  -95.6 eps=0.405 loss=0.0999
[ep  599] longdress    static_B_2020.02.14_13.21.26.csv@557   reward=  -71.85 qoe=   0.0 qoe_q=  -75.1 eps=0.404 loss=0.1105
[ep  600] loot         static_B_2020.02.14_13.21.26.csv@137   reward= -155.83 qoe=   0.0 qoe_q=  -88.8 eps=0.403 loss=0.1064
    [eval @ ep 600] reward=-239.15 qoe=0.0 qoe_q=-84.9 mean_q=0.835 stall=30.2s
[ep  601] redandblack  static_B_2020.02.27_18.39.27.csv@5583  reward= -267.81 qoe=   0.0 qoe_q= -127.4 eps=0.402 loss=0.1100
[ep  602] soldier      static_B_2020.02.27_18.39.27.csv@4983  reward= -274.44 qoe=   0.0 qoe_q= -127.6 eps=0.401 loss=0.1061
[ep  603] longdress    static_B_2020.02.27_18.39.27.csv@5103  reward=  -79.43 qoe=   0.0 qoe_q=  -88.4 eps=0.400 loss=0.1211
[ep  604] loot         static_B_2020.02.13_13.57.29.csv@1942  reward= -408.89 qoe=   0.0 qoe_q= -199.5 eps=0.399 loss=0.0994
[ep  605] redandblack  static_B_2020.02.27_18.39.27.csv@1503  reward= -149.64 qoe=   0.0 qoe_q=  -90.6 eps=0.398 loss=0.1062
[ep  606] soldier      static_B_2020.02.13_13.57.29.csv@562   reward=  -96.82 qoe=   0.0 qoe_q=  -92.0 eps=0.397 loss=0.1067
[ep  607] longdress    static_B_2020.02.27_18.39.27.csv@2643  reward= -501.11 qoe=   0.0 qoe_q= -219.2 eps=0.396 loss=0.1025
[ep  608] loot         static_B_2019.12.16_13.40.04.csv@78    reward=  -53.08 qoe=   0.0 qoe_q=  -90.5 eps=0.395 loss=0.0990
[ep  609] redandblack  static_B_2020.02.27_18.39.27.csv@5343  reward= -216.55 qoe=   0.0 qoe_q= -112.1 eps=0.394 loss=0.0950
[ep  610] soldier      static_B_2020.02.27_18.39.27.csv@2343  reward=-1431.57 qoe=   0.0 qoe_q= -455.1 eps=0.393 loss=0.1081
[ep  611] longdress    static_B_2020.02.13_13.57.29.csv@1822  reward= -105.39 qoe=   0.0 qoe_q=  -75.7 eps=0.392 loss=0.1204
[ep  612] loot         static_B_2019.12.16_13.40.04.csv@1904  reward=   50.85 qoe=   0.0 qoe_q=  -40.6 eps=0.391 loss=0.0953
[ep  613] redandblack  static_B_2019.12.16_13.40.04.csv@798   reward=  -32.61 qoe=   0.0 qoe_q=  -57.2 eps=0.390 loss=0.1133
[ep  614] soldier      static_B_2019.12.16_13.40.04.csv@1638  reward= -186.73 qoe=   0.0 qoe_q= -104.1 eps=0.389 loss=0.1158
[ep  615] longdress    static_B_2019.12.16_13.40.04.csv@318   reward= -568.81 qoe=   0.0 qoe_q= -207.6 eps=0.388 loss=0.1008
[ep  616] loot         static_B_2020.02.27_18.39.27.csv@4203  reward= -529.17 qoe=   0.0 qoe_q= -191.6 eps=0.387 loss=0.1041
[ep  617] redandblack  static_B_2020.02.13_13.57.29.csv@1342  reward=  -84.72 qoe=   0.0 qoe_q=  -74.8 eps=0.386 loss=0.1094
[ep  618] soldier      static_B_2019.12.16_13.40.04.csv@1158  reward= -220.26 qoe=   0.0 qoe_q= -126.0 eps=0.385 loss=0.1066
[ep  619] longdress    static_B_2020.02.27_18.39.27.csv@1443  reward= -127.08 qoe=   0.0 qoe_q=  -84.1 eps=0.384 loss=0.1110
[ep  620] loot         static_B_2020.02.27_18.39.27.csv@4323  reward=  -18.86 qoe=   0.0 qoe_q=  -71.5 eps=0.383 loss=0.1065
[ep  621] redandblack  static_B_2020.02.27_18.39.27.csv@2103  reward=  -15.51 qoe=   0.0 qoe_q=  -50.9 eps=0.382 loss=0.1031
[ep  622] soldier      static_B_2020.02.13_13.57.29.csv@2602  reward= -116.73 qoe=   0.0 qoe_q=  -82.5 eps=0.381 loss=0.0966
[ep  623] longdress    static_B_2020.02.13_13.57.29.csv@1102  reward= -419.77 qoe=   0.0 qoe_q= -196.5 eps=0.380 loss=0.1188
[ep  624] loot         static_B_2020.02.27_18.39.27.csv@5043  reward=  -49.02 qoe=   0.0 qoe_q=  -68.4 eps=0.379 loss=0.1175
[ep  625] redandblack  static_B_2020.02.27_18.39.27.csv@5163  reward= -162.79 qoe=   0.0 qoe_q=  -94.4 eps=0.378 loss=0.1126
[ep  626] soldier      static_B_2020.02.14_13.21.26.csv@317   reward=   44.49 qoe=   0.0 qoe_q=  -46.7 eps=0.377 loss=0.1172
[ep  627] longdress    static_B_2020.02.27_18.39.27.csv@1563  reward= -127.26 qoe=   0.0 qoe_q= -106.4 eps=0.376 loss=0.1114
[ep  628] loot         static_B_2020.02.27_18.39.27.csv@3243  reward= -141.12 qoe=   0.0 qoe_q=  -88.9 eps=0.375 loss=0.1104
[ep  629] redandblack  static_B_2020.02.27_18.39.27.csv@2703  reward=   -2.14 qoe=   0.0 qoe_q=  -55.6 eps=0.374 loss=0.1015
[ep  630] soldier      static_B_2020.02.13_13.57.29.csv@2122  reward= -171.85 qoe=   0.0 qoe_q= -147.5 eps=0.373 loss=0.1027
[ep  631] longdress    static_B_2020.02.27_18.39.27.csv@1683  reward= -174.36 qoe=   0.0 qoe_q= -123.3 eps=0.372 loss=0.1061
[ep  632] loot         static_B_2020.02.27_18.39.27.csv@3903  reward=  -48.39 qoe=   0.0 qoe_q=  -95.1 eps=0.371 loss=0.0950
[ep  633] redandblack  static_B_2020.02.27_18.39.27.csv@1863  reward= -122.07 qoe=   0.0 qoe_q=  -96.9 eps=0.370 loss=0.1178
[ep  634] soldier      static_B_2020.02.27_18.39.27.csv@4683  reward= -739.64 qoe=   0.0 qoe_q= -260.0 eps=0.369 loss=0.1112
[ep  635] longdress    static_B_2020.02.13_13.57.29.csv@142   reward= -137.84 qoe=   0.0 qoe_q=  -91.5 eps=0.368 loss=0.1105
[ep  636] loot         static_B_2020.02.27_18.39.27.csv@1743  reward=  -24.03 qoe=   0.0 qoe_q=  -65.4 eps=0.367 loss=0.1169
[ep  637] redandblack  static_B_2019.12.16_13.40.04.csv@1458  reward= -241.57 qoe=   0.0 qoe_q= -111.6 eps=0.366 loss=0.1137
[ep  638] soldier      static_B_2019.12.16_13.40.04.csv@978   reward= -149.35 qoe=   0.0 qoe_q= -109.7 eps=0.365 loss=0.1040
[ep  639] longdress    static_B_2020.02.27_18.39.27.csv@1803  reward= -308.47 qoe=   0.0 qoe_q= -130.5 eps=0.364 loss=0.1102
[ep  640] loot         static_B_2020.02.13_13.57.29.csv@2002  reward= -242.01 qoe=   0.0 qoe_q= -116.9 eps=0.363 loss=0.1036
[ep  641] redandblack  static_B_2020.02.27_18.39.27.csv@2163  reward=   14.69 qoe=   0.0 qoe_q=  -37.2 eps=0.362 loss=0.1134
[ep  642] soldier      static_B_2019.12.16_13.40.04.csv@1038  reward= -206.65 qoe=   0.0 qoe_q= -131.0 eps=0.361 loss=0.0968
[ep  643] longdress    static_B_2019.12.16_13.40.04.csv@1698  reward= -239.24 qoe=   0.0 qoe_q= -110.7 eps=0.361 loss=0.1093
[ep  644] loot         static_B_2020.02.27_18.39.27.csv@4863  reward= -172.33 qoe=   0.0 qoe_q= -103.3 eps=0.360 loss=0.1259
[ep  645] redandblack  static_B_2020.02.13_13.57.29.csv@382   reward= -350.33 qoe=   0.0 qoe_q= -153.3 eps=0.359 loss=0.0991
[ep  646] soldier      static_B_2020.02.13_13.57.29.csv@862   reward= -362.25 qoe=   0.0 qoe_q= -170.8 eps=0.358 loss=0.1072
[ep  647] longdress    static_B_2020.02.27_18.39.27.csv@3363  reward=   20.90 qoe=   0.0 qoe_q=  -39.3 eps=0.357 loss=0.1138
[ep  648] loot         static_B_2019.12.16_13.40.04.csv@1098  reward=-1880.74 qoe=   0.0 qoe_q= -559.4 eps=0.356 loss=0.1060
[ep  649] redandblack  static_B_2020.02.13_13.57.29.csv@502   reward=  -25.71 qoe=   0.0 qoe_q=  -56.8 eps=0.355 loss=0.1105
[ep  650] soldier      static_B_2020.02.27_18.39.27.csv@4383  reward= -263.47 qoe=   0.0 qoe_q= -122.7 eps=0.354 loss=0.1109
[ep  651] longdress    static_B_2019.12.16_13.40.04.csv@18    reward= -122.81 qoe=   0.0 qoe_q=  -84.7 eps=0.353 loss=0.1024
[ep  652] loot         static_B_2020.02.14_13.21.26.csv@197   reward=  -43.68 qoe=   0.0 qoe_q=  -88.1 eps=0.352 loss=0.1085
[ep  653] redandblack  static_B_2020.02.14_13.21.26.csv@497   reward=   57.16 qoe=   0.0 qoe_q=  -25.7 eps=0.351 loss=0.1150
[ep  654] soldier      static_B_2020.02.27_18.39.27.csv@603   reward=   55.15 qoe=   0.0 qoe_q=  -28.7 eps=0.350 loss=0.1023
[ep  655] longdress    static_B_2020.02.13_13.57.29.csv@2062  reward=  -19.06 qoe=   0.0 qoe_q=  -57.5 eps=0.349 loss=0.0994
[ep  656] loot         static_B_2020.02.27_18.39.27.csv@4023  reward=  -83.36 qoe=   0.0 qoe_q=  -98.2 eps=0.348 loss=0.1016
[ep  657] redandblack  static_B_2020.02.27_18.39.27.csv@1023  reward= -188.44 qoe=   0.0 qoe_q= -135.2 eps=0.347 loss=0.1101
[ep  658] soldier      static_B_2020.02.27_18.39.27.csv@2763  reward=    1.14 qoe=   0.0 qoe_q=  -46.4 eps=0.346 loss=0.1181
[ep  659] longdress    static_B_2020.02.27_18.39.27.csv@4263  reward=   49.62 qoe=   0.0 qoe_q=  -29.5 eps=0.345 loss=0.1166
[ep  660] loot         static_B_2020.02.13_13.57.29.csv@22    reward=   16.18 qoe=   0.0 qoe_q=  -64.8 eps=0.344 loss=0.1138
[ep  661] redandblack  static_B_2020.02.13_13.57.29.csv@1522  reward= -282.91 qoe=   0.0 qoe_q= -163.3 eps=0.343 loss=0.1120
[ep  662] soldier      static_B_2019.12.16_13.40.04.csv@1338  reward= -127.43 qoe=   0.0 qoe_q= -113.8 eps=0.342 loss=0.0955
[ep  663] longdress    static_B_2020.02.27_18.39.27.csv@4563  reward=  -31.77 qoe=   0.0 qoe_q=  -62.1 eps=0.341 loss=0.1147
[ep  664] loot         static_B_2020.02.27_18.39.27.csv@5703  reward= -172.20 qoe=   0.0 qoe_q=  -89.1 eps=0.340 loss=0.0968
[ep  665] redandblack  static_B_2020.02.27_18.39.27.csv@5223  reward=  -77.65 qoe=   0.0 qoe_q=  -69.4 eps=0.339 loss=0.1040
[ep  666] soldier      static_B_2020.02.13_13.57.29.csv@2242  reward= -355.57 qoe=   0.0 qoe_q= -164.7 eps=0.338 loss=0.1238
[ep  667] longdress    static_B_2020.02.13_13.57.29.csv@1042  reward= -171.29 qoe=   0.0 qoe_q= -120.5 eps=0.337 loss=0.1133
[ep  668] loot         static_B_2020.02.27_18.39.27.csv@5643  reward=  -38.93 qoe=   0.0 qoe_q=  -56.7 eps=0.336 loss=0.1172
[ep  669] redandblack  static_B_2020.02.27_18.39.27.csv@423   reward=   21.38 qoe=   0.0 qoe_q=  -31.5 eps=0.335 loss=0.1148
[ep  670] soldier      static_B_2020.02.27_18.39.27.csv@2463  reward=    0.27 qoe=   0.0 qoe_q=  -65.9 eps=0.334 loss=0.1027
[ep  671] longdress    static_B_2020.02.14_13.21.26.csv@797   reward= -213.12 qoe=   0.0 qoe_q= -103.4 eps=0.333 loss=0.1009
[ep  672] loot         static_B_2020.02.27_18.39.27.csv@903   reward=  -64.69 qoe=   0.0 qoe_q=  -66.8 eps=0.332 loss=0.1007
[ep  673] redandblack  static_B_2020.02.27_18.39.27.csv@1263  reward=   50.30 qoe=   0.0 qoe_q=  -33.4 eps=0.331 loss=0.0993
[ep  674] soldier      static_B_2020.02.27_18.39.27.csv@3303  reward=   60.13 qoe=   0.1 qoe_q=  -36.6 eps=0.330 loss=0.1097
[ep  675] longdress    static_B_2020.02.13_13.57.29.csv@622   reward= -468.28 qoe=   0.0 qoe_q= -208.1 eps=0.329 loss=0.1067
[ep  676] loot         static_B_2020.02.14_13.21.26.csv@437   reward=   34.01 qoe=   0.0 qoe_q=  -43.9 eps=0.328 loss=0.1071
[ep  677] redandblack  static_B_2020.02.13_13.57.29.csv@1882  reward= -217.13 qoe=   0.0 qoe_q= -106.9 eps=0.327 loss=0.1051
[ep  678] soldier      static_B_2020.02.13_13.57.29.csv@2542  reward= -151.24 qoe=   0.0 qoe_q= -103.0 eps=0.326 loss=0.0979
[ep  679] longdress    static_B_2020.02.27_18.39.27.csv@1623  reward= -328.19 qoe=   0.0 qoe_q= -147.7 eps=0.325 loss=0.1002
[ep  680] loot         static_B_2020.02.27_18.39.27.csv@3423  reward=   23.81 qoe=   0.0 qoe_q=  -46.2 eps=0.324 loss=0.1085
[ep  681] redandblack  static_B_2020.02.27_18.39.27.csv@783   reward=   29.02 qoe=   0.0 qoe_q=  -44.5 eps=0.323 loss=0.1010
[ep  682] soldier      static_B_2019.12.16_13.40.04.csv@1518  reward= -241.52 qoe=   0.0 qoe_q= -143.9 eps=0.322 loss=0.1208
[ep  683] longdress    static_B_2020.02.13_13.57.29.csv@202   reward= -325.61 qoe=   0.0 qoe_q= -152.2 eps=0.321 loss=0.1127
[ep  684] loot         static_B_2020.02.13_13.57.29.csv@922   reward= -231.79 qoe=   0.0 qoe_q= -128.5 eps=0.320 loss=0.1089
[ep  685] redandblack  static_B_2020.02.27_18.39.27.csv@1143  reward= -289.23 qoe=   0.0 qoe_q= -148.6 eps=0.319 loss=0.1024
[ep  686] soldier      static_B_2019.12.16_13.40.04.csv@1578  reward=   57.03 qoe=   0.0 qoe_q=  -29.0 eps=0.318 loss=0.1107
[ep  687] longdress    static_B_2019.12.16_13.40.04.csv@378   reward=  -67.02 qoe=   0.0 qoe_q=  -65.1 eps=0.317 loss=0.1093
[ep  688] loot         static_B_2020.02.27_18.39.27.csv@2883  reward=   38.41 qoe=   0.0 qoe_q=  -38.6 eps=0.316 loss=0.1047
[ep  689] redandblack  static_B_2020.02.27_18.39.27.csv@303   reward=  -26.77 qoe=   0.0 qoe_q=  -61.4 eps=0.315 loss=0.1124
[ep  690] soldier      static_B_2020.02.27_18.39.27.csv@5742  reward= -164.33 qoe=   0.0 qoe_q=  -90.8 eps=0.314 loss=0.1054
[ep  691] longdress    static_B_2020.02.27_18.39.27.csv@2523  reward=    0.39 qoe=   0.0 qoe_q=  -48.0 eps=0.313 loss=0.1023
[ep  692] loot         static_B_2020.02.27_18.39.27.csv@3783  reward= -479.04 qoe=   0.0 qoe_q= -175.7 eps=0.312 loss=0.1150
[ep  693] redandblack  static_B_2020.02.27_18.39.27.csv@543   reward=-1030.91 qoe=   0.0 qoe_q= -329.6 eps=0.311 loss=0.1093
[ep  694] soldier      static_B_2020.02.13_13.57.29.csv@2662  reward=  -31.80 qoe=   0.0 qoe_q=  -59.8 eps=0.310 loss=0.1093
[ep  695] longdress    static_B_2020.02.27_18.39.27.csv@183   reward= -311.82 qoe=   0.0 qoe_q= -145.0 eps=0.309 loss=0.1179
[ep  696] loot         static_B_2019.12.16_13.40.04.csv@1818  reward= -159.53 qoe=   0.0 qoe_q= -100.9 eps=0.308 loss=0.1055
[ep  697] redandblack  static_B_2020.02.13_13.57.29.csv@322   reward= -103.49 qoe=   0.0 qoe_q=  -82.4 eps=0.307 loss=0.1051
[ep  698] soldier      static_B_2020.02.13_13.57.29.csv@1282  reward=  -97.06 qoe=   0.0 qoe_q=  -74.9 eps=0.306 loss=0.1039
[ep  699] longdress    static_B_2019.12.16_13.40.04.csv@678   reward= -190.32 qoe=   0.0 qoe_q=  -98.1 eps=0.305 loss=0.1117
[ep  700] loot         static_B_2020.02.13_13.57.29.csv@802   reward= -159.30 qoe=   0.0 qoe_q=  -95.8 eps=0.304 loss=0.1122
    [eval @ ep 700] reward=-229.18 qoe=0.0 qoe_q=-81.2 mean_q=0.872 stall=30.2s
[ep  701] redandblack  static_B_2020.02.27_18.39.27.csv@3663  reward=   41.82 qoe=   0.0 qoe_q=  -25.0 eps=0.303 loss=0.1162
[ep  702] soldier      static_B_2020.02.13_13.57.29.csv@682   reward= -822.14 qoe=   0.0 qoe_q= -310.3 eps=0.302 loss=0.1186
[ep  703] longdress    static_B_2020.02.27_18.39.27.csv@243   reward=   22.08 qoe=   0.0 qoe_q=  -43.5 eps=0.301 loss=0.1065
[ep  704] loot         static_B_2020.02.13_13.57.29.csv@2902  reward=  -80.39 qoe=   0.0 qoe_q=  -65.4 eps=0.300 loss=0.1051
[ep  705] redandblack  static_B_2020.02.27_18.39.27.csv@4743  reward=  -22.85 qoe=   0.0 qoe_q=  -47.8 eps=0.299 loss=0.1077
[ep  706] soldier      static_B_2020.02.13_13.57.29.csv@2182  reward= -489.39 qoe=   0.0 qoe_q= -217.2 eps=0.298 loss=0.1087
[ep  707] longdress    static_B_2020.02.27_18.39.27.csv@363   reward= -241.46 qoe=   0.0 qoe_q= -106.1 eps=0.297 loss=0.1010
[ep  708] loot         static_B_2020.02.13_13.57.29.csv@1162  reward=  -77.83 qoe=   0.0 qoe_q=  -73.2 eps=0.296 loss=0.1110
[ep  709] redandblack  static_B_2020.02.13_13.57.29.csv@2722  reward= -120.69 qoe=   0.0 qoe_q=  -91.9 eps=0.295 loss=0.1193
[ep  710] soldier      static_B_2020.02.27_18.39.27.csv@4923  reward= -241.30 qoe=   0.0 qoe_q= -118.2 eps=0.294 loss=0.1100
[ep  711] longdress    static_B_2020.02.14_13.21.26.csv@617   reward=   -4.53 qoe=   0.0 qoe_q=  -61.9 eps=0.293 loss=0.1098
[ep  712] loot         static_B_2020.02.27_18.39.27.csv@1083  reward= -167.47 qoe=   0.0 qoe_q= -105.1 eps=0.292 loss=0.1217
[ep  713] redandblack  static_B_2020.02.27_18.39.27.csv@843   reward=   58.31 qoe=   0.0 qoe_q=  -23.7 eps=0.291 loss=0.1181
[ep  714] soldier      static_B_2020.02.14_13.21.26.csv@377   reward=  -91.96 qoe=   0.0 qoe_q=  -86.4 eps=0.290 loss=0.1067
[ep  715] longdress    static_B_2020.02.27_18.39.27.csv@4143  reward= -163.25 qoe=   0.0 qoe_q= -106.4 eps=0.289 loss=0.0991
[ep  716] loot         static_B_2020.02.27_18.39.27.csv@3123  reward= -714.81 qoe=   0.0 qoe_q= -318.9 eps=0.288 loss=0.1190
[ep  717] redandblack  static_B_2020.02.14_13.21.26.csv@850   reward= -117.19 qoe=   0.0 qoe_q=  -83.7 eps=0.287 loss=0.1017
[ep  718] soldier      static_B_2019.12.16_13.40.04.csv@738   reward= -237.05 qoe=   0.0 qoe_q= -109.0 eps=0.286 loss=0.1325
[ep  719] longdress    static_B_2020.02.13_13.57.29.csv@1402  reward= -477.17 qoe=   0.0 qoe_q= -200.4 eps=0.285 loss=0.1083
[ep  720] loot         static_B_2020.02.27_18.39.27.csv@4443  reward=  -62.09 qoe=   0.0 qoe_q=  -81.2 eps=0.284 loss=0.1132
[ep  721] redandblack  static_B_2020.02.27_18.39.27.csv@123   reward=  -84.34 qoe=   0.0 qoe_q=  -71.5 eps=0.283 loss=0.1078
[ep  722] soldier      static_B_2020.02.13_13.57.29.csv@82    reward= -642.11 qoe=   0.0 qoe_q= -253.3 eps=0.282 loss=0.1118
[ep  723] longdress    static_B_2020.02.27_18.39.27.csv@2043  reward= -116.93 qoe=   0.0 qoe_q=  -95.7 eps=0.281 loss=0.0976
[ep  724] loot         static_B_2019.12.16_13.40.04.csv@918   reward= -250.07 qoe=   0.0 qoe_q= -129.4 eps=0.280 loss=0.1182
[ep  725] redandblack  static_B_2020.02.13_13.57.29.csv@1762  reward= -220.45 qoe=   0.0 qoe_q= -113.7 eps=0.279 loss=0.1283
[ep  726] soldier      static_B_2019.12.16_13.40.04.csv@1218  reward= -297.70 qoe=   0.0 qoe_q= -155.6 eps=0.278 loss=0.1086
[ep  727] longdress    static_B_2020.02.27_18.39.27.csv@5283  reward=  -61.52 qoe=   0.0 qoe_q=  -61.7 eps=0.277 loss=0.1014
[ep  728] loot         static_B_2020.02.27_18.39.27.csv@3963  reward=   11.95 qoe=   0.0 qoe_q=  -58.1 eps=0.276 loss=0.1151
[ep  729] redandblack  static_B_2020.02.27_18.39.27.csv@2223  reward=   33.66 qoe=   0.0 qoe_q=  -47.3 eps=0.275 loss=0.0984
[ep  730] soldier      static_B_2019.12.16_13.40.04.csv@1904  reward=   54.92 qoe=   0.0 qoe_q=  -34.6 eps=0.274 loss=0.1149
[ep  731] longdress    static_B_2020.02.13_13.57.29.csv@1582  reward=  -99.86 qoe=   0.0 qoe_q=  -75.3 eps=0.273 loss=0.1136
[ep  732] loot         static_B_2020.02.27_18.39.27.csv@4803  reward=   36.90 qoe=   0.0 qoe_q=  -34.9 eps=0.272 loss=0.1067
[ep  733] redandblack  static_B_2020.02.27_18.39.27.csv@63    reward=   44.40 qoe=   0.0 qoe_q=  -24.3 eps=0.271 loss=0.1054
[ep  734] soldier      static_B_2020.02.27_18.39.27.csv@1203  reward=   24.79 qoe=   0.0 qoe_q=  -44.3 eps=0.270 loss=0.1042
[ep  735] longdress    static_B_2019.12.16_13.40.04.csv@498   reward=  -94.84 qoe=   0.0 qoe_q=  -97.9 eps=0.269 loss=0.1174
[ep  736] loot         static_B_2019.12.16_13.40.04.csv@858   reward=  -68.01 qoe=   0.0 qoe_q=  -55.9 eps=0.268 loss=0.1071
[ep  737] redandblack  static_B_2020.02.27_18.39.27.csv@3183  reward=  -54.84 qoe=   0.0 qoe_q=  -54.5 eps=0.267 loss=0.1044
[ep  738] soldier      static_B_2019.12.16_13.40.04.csv@558   reward= -108.31 qoe=   0.0 qoe_q=  -80.5 eps=0.266 loss=0.1085
[ep  739] longdress    static_B_2020.02.14_13.21.26.csv@850   reward= -134.14 qoe=   0.0 qoe_q=  -79.7 eps=0.265 loss=0.1081
[ep  740] loot         static_B_2019.12.16_13.40.04.csv@138   reward= -248.65 qoe=   0.0 qoe_q= -110.0 eps=0.264 loss=0.1124
[ep  741] redandblack  static_B_2020.02.13_13.57.29.csv@2302  reward= -116.19 qoe=   0.0 qoe_q=  -86.9 eps=0.263 loss=0.1184
[ep  742] soldier      static_B_2020.02.13_13.57.29.csv@1222  reward=  -53.82 qoe=   0.0 qoe_q=  -66.5 eps=0.262 loss=0.1111
[ep  743] longdress    static_B_2020.02.27_18.39.27.csv@5403  reward=   26.22 qoe=   0.0 qoe_q=  -24.8 eps=0.261 loss=0.1213
[ep  744] loot         static_B_2020.02.13_13.57.29.csv@2422  reward=-1059.46 qoe=   0.0 qoe_q= -366.7 eps=0.260 loss=0.1213
[ep  745] redandblack  static_B_2019.12.16_13.40.04.csv@438   reward=  -96.76 qoe=   0.0 qoe_q=  -74.4 eps=0.259 loss=0.1204
[ep  746] soldier      static_B_2019.12.16_13.40.04.csv@618   reward= -366.10 qoe=   0.0 qoe_q= -169.9 eps=0.258 loss=0.1109
[ep  747] longdress    static_B_2020.02.27_18.39.27.csv@5463  reward=   54.84 qoe=   0.0 qoe_q=  -23.4 eps=0.257 loss=0.1081
[ep  748] loot         static_B_2019.12.16_13.40.04.csv@1878  reward=   68.24 qoe=   0.0 qoe_q=  -21.2 eps=0.256 loss=0.1130
[ep  749] redandblack  static_B_2020.02.13_13.57.29.csv@2945  reward= -132.55 qoe=   0.0 qoe_q=  -79.6 eps=0.255 loss=0.1269
[ep  750] soldier      static_B_2020.02.27_18.39.27.csv@1323  reward= -252.08 qoe=   0.0 qoe_q= -117.9 eps=0.254 loss=0.1038
[ep  751] longdress    static_B_2019.12.16_13.40.04.csv@1758  reward=  -86.86 qoe=   0.0 qoe_q=  -64.5 eps=0.253 loss=0.1122
[ep  752] loot         static_B_2020.02.27_18.39.27.csv@3483  reward=   52.81 qoe=   0.0 qoe_q=  -34.4 eps=0.252 loss=0.1095
[ep  753] redandblack  static_B_2020.02.13_13.57.29.csv@2362  reward= -245.19 qoe=   0.0 qoe_q= -121.5 eps=0.251 loss=0.1129
[ep  754] soldier      static_B_2019.12.16_13.40.04.csv@1278  reward= -122.37 qoe=   0.0 qoe_q=  -86.4 eps=0.250 loss=0.1146
[ep  755] longdress    static_B_2020.02.27_18.39.27.csv@1383  reward= -121.95 qoe=   0.0 qoe_q=  -65.0 eps=0.249 loss=0.1032
[ep  756] loot         static_B_2020.02.27_18.39.27.csv@3603  reward=   11.76 qoe=   0.0 qoe_q=  -39.4 eps=0.248 loss=0.1111
[ep  757] redandblack  static_B_2020.02.13_13.57.29.csv@2842  reward= -152.19 qoe=   0.0 qoe_q=  -90.3 eps=0.247 loss=0.1042
[ep  758] soldier      static_B_2020.02.27_18.39.27.csv@4083  reward=   48.98 qoe=   0.0 qoe_q=  -19.8 eps=0.246 loss=0.1138
[ep  759] longdress    static_B_2020.02.13_13.57.29.csv@1462  reward= -192.52 qoe=   0.0 qoe_q= -109.1 eps=0.245 loss=0.0975
[ep  760] loot         static_B_2020.02.13_13.57.29.csv@2945  reward= -104.51 qoe=   0.0 qoe_q=  -62.5 eps=0.244 loss=0.1098
[ep  761] redandblack  static_B_2020.02.14_13.21.26.csv@677   reward=    0.29 qoe=   0.0 qoe_q=  -43.9 eps=0.243 loss=0.0983
[ep  762] soldier      static_B_2020.02.27_18.39.27.csv@1923  reward=  -15.67 qoe=   0.0 qoe_q=  -62.5 eps=0.242 loss=0.1044
[ep  763] longdress    static_B_2020.02.27_18.39.27.csv@2943  reward= -169.17 qoe=   0.0 qoe_q=  -85.4 eps=0.241 loss=0.1019
[ep  764] loot         static_B_2020.02.27_18.39.27.csv@2403  reward=   14.05 qoe=   0.0 qoe_q=  -39.4 eps=0.240 loss=0.1126
[ep  765] redandblack  static_B_2020.02.27_18.39.27.csv@483   reward=   23.81 qoe=   0.0 qoe_q=  -47.6 eps=0.239 loss=0.0958
[ep  766] soldier      static_B_2020.02.13_13.57.29.csv@982   reward=-1238.57 qoe=   0.0 qoe_q= -399.5 eps=0.238 loss=0.1085
[ep  767] longdress    static_B_2020.02.13_13.57.29.csv@1642  reward= -435.79 qoe=   0.0 qoe_q= -196.4 eps=0.237 loss=0.1114
[ep  768] loot         static_B_2020.02.13_13.57.29.csv@442   reward= -112.31 qoe=   0.0 qoe_q=  -84.2 eps=0.236 loss=0.1192
[ep  769] redandblack  static_B_2020.02.27_18.39.27.csv@1983  reward=  -97.02 qoe=   0.0 qoe_q=  -83.0 eps=0.235 loss=0.1123
[ep  770] soldier      static_B_2020.02.13_13.57.29.csv@2482  reward= -248.27 qoe=   0.0 qoe_q= -128.1 eps=0.234 loss=0.1011
[ep  771] longdress    static_B_2020.02.14_13.21.26.csv@17    reward= -230.86 qoe=   0.0 qoe_q= -158.9 eps=0.233 loss=0.1053
[ep  772] loot         static_B_2020.02.14_13.21.26.csv@737   reward=   39.93 qoe=   0.0 qoe_q=  -49.8 eps=0.232 loss=0.1078
[ep  773] redandblack  static_B_2019.12.16_13.40.04.csv@198   reward= -261.07 qoe=   0.0 qoe_q= -118.1 eps=0.231 loss=0.1014
[ep  774] soldier      static_B_2020.02.27_18.39.27.csv@3723  reward=   38.53 qoe=   0.0 qoe_q=  -36.1 eps=0.230 loss=0.1250
[ep  775] longdress    static_B_2020.02.27_18.39.27.csv@723   reward= -271.39 qoe=   0.0 qoe_q= -126.6 eps=0.229 loss=0.1166
[ep  776] loot         static_B_2020.02.27_18.39.27.csv@2283  reward=  -33.52 qoe=   0.0 qoe_q=  -67.3 eps=0.228 loss=0.1169
[ep  777] redandblack  static_B_2019.12.16_13.40.04.csv@1398  reward= -166.01 qoe=   0.0 qoe_q=  -91.9 eps=0.227 loss=0.1044
[ep  778] soldier      static_B_2020.02.14_13.21.26.csv@77    reward=   57.21 qoe=   0.0 qoe_q=  -28.2 eps=0.226 loss=0.1072
[ep  779] longdress    static_B_2020.02.27_18.39.27.csv@3843  reward= -459.10 qoe=   0.0 qoe_q= -190.2 eps=0.225 loss=0.1056
[ep  780] loot         static_B_2020.02.13_13.57.29.csv@742   reward= -157.17 qoe=   0.0 qoe_q=  -93.8 eps=0.224 loss=0.1121
[ep  781] redandblack  static_B_2020.02.13_13.57.29.csv@1702  reward= -239.99 qoe=   0.0 qoe_q= -113.3 eps=0.223 loss=0.1167
[ep  782] soldier      static_B_2020.02.27_18.39.27.csv@5742  reward= -163.72 qoe=   0.0 qoe_q=  -84.1 eps=0.222 loss=0.1189
[ep  783] longdress    static_B_2019.12.16_13.40.04.csv@258   reward= -273.48 qoe=   0.0 qoe_q= -112.5 eps=0.221 loss=0.1205
[ep  784] loot         static_B_2020.02.27_18.39.27.csv@2823  reward= -113.70 qoe=   0.0 qoe_q=  -71.3 eps=0.220 loss=0.1291
[ep  785] redandblack  static_B_2020.02.27_18.39.27.csv@5523  reward= -127.25 qoe=   0.0 qoe_q=  -61.2 eps=0.219 loss=0.1121
[ep  786] soldier      static_B_2020.02.13_13.57.29.csv@2782  reward= -334.93 qoe=   0.0 qoe_q= -136.0 eps=0.218 loss=0.1081
[ep  787] longdress    static_B_2020.02.14_13.21.26.csv@257   reward=  -35.34 qoe=   0.0 qoe_q=  -51.6 eps=0.217 loss=0.1101
[ep  788] loot         static_B_2020.02.27_18.39.27.csv@2583  reward=   66.64 qoe=   0.0 qoe_q=  -18.1 eps=0.216 loss=0.1034
[ep  789] redandblack  static_B_2020.02.27_18.39.27.csv@3003  reward=  -59.56 qoe=   0.0 qoe_q=  -59.8 eps=0.215 loss=0.1130
[ep  790] soldier      static_B_2020.02.27_18.39.27.csv@4503  reward= -176.26 qoe=   0.0 qoe_q= -100.1 eps=0.214 loss=0.1102
[ep  791] longdress    static_B_2020.02.27_18.39.27.csv@4623  reward= -780.35 qoe=   0.0 qoe_q= -276.1 eps=0.213 loss=0.1155
[ep  792] loot         static_B_2020.02.27_18.39.27.csv@3063  reward=  -11.85 qoe=   0.0 qoe_q=  -39.9 eps=0.212 loss=0.1077
[ep  793] redandblack  static_B_2020.02.27_18.39.27.csv@963   reward=   20.53 qoe=   0.0 qoe_q=  -26.8 eps=0.211 loss=0.1199
[ep  794] soldier      static_B_2020.02.27_18.39.27.csv@3543  reward= -357.00 qoe=   0.0 qoe_q= -145.6 eps=0.210 loss=0.1172
[ep  795] longdress    static_B_2020.02.13_13.57.29.csv@262   reward= -190.23 qoe=   0.0 qoe_q=  -98.6 eps=0.209 loss=0.1129
[ep  796] loot         static_B_2020.02.27_18.39.27.csv@3     reward=    1.02 qoe=   0.0 qoe_q=  -43.2 eps=0.208 loss=0.1340
[ep  797] longdress    static_B_2019.12.16_13.40.04.csv@1029  reward= -247.02 qoe=   0.0 qoe_q= -120.7 eps=0.207 loss=0.1171
[ep  798] loot         static_B_2019.12.16_13.40.04.csv@729   reward= -394.22 qoe=   0.0 qoe_q= -148.2 eps=0.206 loss=0.1049
[ep  799] redandblack  static_B_2020.02.27_18.39.27.csv@1228  reward=   49.01 qoe=   0.0 qoe_q=  -26.2 eps=0.205 loss=0.1157
[ep  800] soldier      static_B_2019.12.16_13.40.04.csv@669   reward=   50.83 qoe=   0.0 qoe_q=  -23.8 eps=0.204 loss=0.1114
    [eval @ ep 800] reward=-210.09 qoe=0.0 qoe_q=-72.8 mean_q=0.889 stall=29.8s
[ep  801] longdress    static_B_2020.02.27_18.39.27.csv@1708  reward= -193.30 qoe=   0.0 qoe_q= -100.6 eps=0.203 loss=0.1111
[ep  802] loot         static_B_2020.02.27_18.39.27.csv@3688  reward=   46.20 qoe=   0.0 qoe_q=  -26.5 eps=0.202 loss=0.1151
[ep  803] redandblack  static_B_2020.02.13_13.57.29.csv@178   reward= -125.31 qoe=   0.0 qoe_q=  -73.6 eps=0.201 loss=0.1150
[ep  804] soldier      static_B_2020.02.13_13.57.29.csv@598   reward= -387.74 qoe=   0.0 qoe_q= -160.6 eps=0.200 loss=0.1130
[ep  805] longdress    static_B_2019.12.16_13.40.04.csv@1509  reward= -264.53 qoe=   0.0 qoe_q= -111.6 eps=0.199 loss=0.1069
[ep  806] loot         static_B_2020.02.13_13.57.29.csv@238   reward=   53.74 qoe=   0.0 qoe_q=  -30.8 eps=0.198 loss=0.1180
[ep  807] redandblack  static_B_2020.02.27_18.39.27.csv@3148  reward=-1398.97 qoe=   0.0 qoe_q= -424.4 eps=0.197 loss=0.1129
[ep  808] soldier      static_B_2020.02.27_18.39.27.csv@4408  reward=    5.75 qoe=   0.0 qoe_q=  -36.9 eps=0.196 loss=0.1209
[ep  809] longdress    static_B_2020.02.27_18.39.27.csv@2668  reward= -328.32 qoe=   0.0 qoe_q= -142.0 eps=0.195 loss=0.1184
[ep  810] loot         static_B_2020.02.13_13.57.29.csv@1078  reward= -125.29 qoe=   0.0 qoe_q=  -84.2 eps=0.194 loss=0.1074
[ep  811] redandblack  static_B_2020.02.27_18.39.27.csv@2848  reward=   -3.75 qoe=   0.0 qoe_q=  -45.3 eps=0.193 loss=0.1292
[ep  812] soldier      static_B_2019.12.16_13.40.04.csv@1904  reward=   76.88 qoe=   0.0 qoe_q=  -19.9 eps=0.192 loss=0.1247
[ep  813] longdress    static_B_2020.02.27_18.39.27.csv@2188  reward= -279.83 qoe=   0.0 qoe_q= -107.8 eps=0.191 loss=0.1104
[ep  814] loot         static_B_2020.02.27_18.39.27.csv@628   reward=   46.12 qoe=   0.0 qoe_q=  -35.0 eps=0.190 loss=0.1159
[ep  815] redandblack  static_B_2020.02.27_18.39.27.csv@688   reward=   19.04 qoe=   0.0 qoe_q=  -44.2 eps=0.189 loss=0.1107
[ep  816] soldier      static_B_2020.02.27_18.39.27.csv@4348  reward=  -99.17 qoe=   0.0 qoe_q=  -72.2 eps=0.188 loss=0.1053
[ep  817] longdress    static_B_2020.02.27_18.39.27.csv@2368  reward=   36.49 qoe=   0.0 qoe_q=  -33.2 eps=0.187 loss=0.1099
[ep  818] loot         static_B_2020.02.13_13.57.29.csv@1678  reward= -383.81 qoe=   0.0 qoe_q= -170.2 eps=0.186 loss=0.0999
[ep  819] redandblack  static_B_2020.02.13_13.57.29.csv@478   reward= -289.32 qoe=   0.0 qoe_q= -127.3 eps=0.185 loss=0.1117
[ep  820] soldier      static_B_2020.02.13_13.57.29.csv@2878  reward= -394.97 qoe=   0.0 qoe_q= -159.6 eps=0.184 loss=0.1100
[ep  821] longdress    static_B_2020.02.14_13.21.26.csv@219   reward= -144.34 qoe=   0.0 qoe_q=  -80.4 eps=0.183 loss=0.1208
[ep  822] loot         static_B_2020.02.27_18.39.27.csv@2308  reward= -136.01 qoe=   0.0 qoe_q=  -90.7 eps=0.182 loss=0.1035
[ep  823] redandblack  static_B_2020.02.27_18.39.27.csv@5488  reward=  -54.57 qoe=   0.0 qoe_q=  -63.9 eps=0.181 loss=0.1230
[ep  824] soldier      static_B_2020.02.27_18.39.27.csv@388   reward=   60.29 qoe=   0.0 qoe_q=  -27.9 eps=0.180 loss=0.1179
[ep  825] longdress    static_B_2020.02.13_13.57.29.csv@658   reward= -505.37 qoe=   0.0 qoe_q= -241.6 eps=0.179 loss=0.1197
[ep  826] loot         static_B_2020.02.13_13.57.29.csv@1918  reward=  -59.55 qoe=   0.0 qoe_q=  -88.7 eps=0.178 loss=0.1172
[ep  827] redandblack  static_B_2019.12.16_13.40.04.csv@789   reward=    5.15 qoe=   0.0 qoe_q=  -55.9 eps=0.178 loss=0.1181
[ep  828] soldier      static_B_2020.02.13_13.57.29.csv@1378  reward= -148.97 qoe=   0.0 qoe_q=  -94.5 eps=0.177 loss=0.1135
[ep  829] longdress    static_B_2020.02.13_13.57.29.csv@2938  reward= -162.79 qoe=   0.0 qoe_q=  -99.6 eps=0.176 loss=0.1219
[ep  830] loot         static_B_2020.02.27_18.39.27.csv@2248  reward=    3.99 qoe=   0.0 qoe_q=  -59.6 eps=0.175 loss=0.1134
[ep  831] redandblack  static_B_2020.02.27_18.39.27.csv@1828  reward= -115.19 qoe=   0.0 qoe_q=  -89.4 eps=0.174 loss=0.1127
[ep  832] soldier      static_B_2020.02.13_13.57.29.csv@2945  reward= -167.80 qoe=   0.0 qoe_q= -104.0 eps=0.173 loss=0.1107
[ep  833] longdress    static_B_2020.02.27_18.39.27.csv@3748  reward=   58.30 qoe=   0.0 qoe_q=  -27.1 eps=0.172 loss=0.1098
[ep  834] loot         static_B_2020.02.13_13.57.29.csv@2945  reward= -130.91 qoe=   0.0 qoe_q=  -88.8 eps=0.171 loss=0.1201
[ep  835] redandblack  static_B_2020.02.27_18.39.27.csv@4468  reward= -107.95 qoe=   0.0 qoe_q=  -92.4 eps=0.170 loss=0.1158
[ep  836] soldier      static_B_2019.12.16_13.40.04.csv@1689  reward= -235.86 qoe=   0.0 qoe_q= -119.7 eps=0.169 loss=0.1112
[ep  837] longdress    static_B_2020.02.27_18.39.27.csv@3088  reward= -830.95 qoe=   0.0 qoe_q= -301.8 eps=0.168 loss=0.1162
[ep  838] loot         static_B_2020.02.27_18.39.27.csv@3868  reward= -262.19 qoe=   0.0 qoe_q= -126.4 eps=0.167 loss=0.1102
[ep  839] redandblack  static_B_2020.02.27_18.39.27.csv@3628  reward= -211.29 qoe=   0.0 qoe_q= -101.8 eps=0.166 loss=0.1291
[ep  840] soldier      static_B_2020.02.13_13.57.29.csv@2098  reward= -359.10 qoe=   0.0 qoe_q= -195.7 eps=0.165 loss=0.1078
[ep  841] longdress    static_B_2020.02.27_18.39.27.csv@2728  reward=   41.88 qoe=   0.0 qoe_q=  -26.5 eps=0.164 loss=0.1003
[ep  842] loot         static_B_2020.02.27_18.39.27.csv@5368  reward=   -3.86 qoe=   0.0 qoe_q=  -40.3 eps=0.163 loss=0.1212
[ep  843] redandblack  static_B_2020.02.27_18.39.27.csv@1588  reward= -178.36 qoe=   0.0 qoe_q=  -79.3 eps=0.162 loss=0.1155
[ep  844] soldier      static_B_2020.02.27_18.39.27.csv@988   reward= -180.27 qoe=   0.0 qoe_q= -100.9 eps=0.161 loss=0.1111
[ep  845] longdress    static_B_2020.02.27_18.39.27.csv@2428  reward=   38.32 qoe=   0.0 qoe_q=  -26.1 eps=0.160 loss=0.1264
[ep  846] loot         static_B_2020.02.13_13.57.29.csv@1198  reward=   -5.54 qoe=   0.0 qoe_q=  -54.4 eps=0.159 loss=0.1171
[ep  847] redandblack  static_B_2020.02.27_18.39.27.csv@88    reward= -128.01 qoe=   0.0 qoe_q=  -74.3 eps=0.158 loss=0.1216
[ep  848] soldier      static_B_2020.02.27_18.39.27.csv@4048  reward=   44.15 qoe=   0.0 qoe_q=  -33.2 eps=0.157 loss=0.1179
[ep  849] longdress    static_B_2020.02.13_13.57.29.csv@298   reward=   56.09 qoe=   0.0 qoe_q=  -21.7 eps=0.156 loss=0.1118
[ep  850] loot         static_B_2020.02.27_18.39.27.csv@1348  reward=  -48.02 qoe=   0.0 qoe_q=  -52.9 eps=0.155 loss=0.1100
[ep  851] redandblack  static_B_2020.02.13_13.57.29.csv@2698  reward=   -1.32 qoe=   0.0 qoe_q=  -34.9 eps=0.154 loss=0.1167
[ep  852] soldier      static_B_2020.02.13_13.57.29.csv@2398  reward= -525.12 qoe=   0.0 qoe_q= -202.7 eps=0.153 loss=0.1202
[ep  853] longdress    static_B_2020.02.13_13.57.29.csv@2158  reward= -293.47 qoe=   0.0 qoe_q= -154.2 eps=0.152 loss=0.1176
[ep  854] loot         static_B_2020.02.13_13.57.29.csv@2638  reward=  -54.70 qoe=   0.0 qoe_q=  -62.4 eps=0.151 loss=0.1262
[ep  855] redandblack  static_B_2020.02.27_18.39.27.csv@2608  reward=   16.60 qoe=   0.0 qoe_q=  -47.9 eps=0.150 loss=0.0994
[ep  856] soldier      static_B_2020.02.27_18.39.27.csv@5608  reward=  -46.60 qoe=   0.0 qoe_q=  -52.2 eps=0.149 loss=0.1086
[ep  857] longdress    static_B_2020.02.27_18.39.27.csv@5308  reward=   14.07 qoe=   0.0 qoe_q=  -33.7 eps=0.148 loss=0.1152
[ep  858] loot         static_B_2020.02.14_13.21.26.csv@459   reward=   34.49 qoe=   0.0 qoe_q=  -33.0 eps=0.147 loss=0.1048
[ep  859] redandblack  static_B_2019.12.16_13.40.04.csv@1904  reward=   79.98 qoe=   0.0 qoe_q=  -10.9 eps=0.146 loss=0.1057
[ep  860] soldier      static_B_2019.12.16_13.40.04.csv@129   reward=  -52.24 qoe=   0.0 qoe_q=  -60.6 eps=0.145 loss=0.1219
[ep  861] longdress    static_B_2020.02.13_13.57.29.csv@1858  reward= -823.20 qoe=   0.0 qoe_q= -276.7 eps=0.144 loss=0.1148
[ep  862] loot         static_B_2020.02.27_18.39.27.csv@3028  reward=  -54.83 qoe=   0.0 qoe_q=  -79.3 eps=0.143 loss=0.1167
[ep  863] redandblack  static_B_2020.02.13_13.57.29.csv@418   reward=   35.61 qoe=   0.0 qoe_q=  -41.0 eps=0.142 loss=0.1135
[ep  864] soldier      static_B_2020.02.27_18.39.27.csv@5128  reward=   53.58 qoe=   0.0 qoe_q=  -37.3 eps=0.141 loss=0.1212
[ep  865] longdress    static_B_2019.12.16_13.40.04.csv@1629  reward= -420.05 qoe=   0.0 qoe_q= -179.4 eps=0.140 loss=0.1198
[ep  866] loot         static_B_2019.12.16_13.40.04.csv@1449  reward=  -33.39 qoe=   0.0 qoe_q=  -82.8 eps=0.139 loss=0.1232
[ep  867] redandblack  static_B_2020.02.13_13.57.29.csv@538   reward= -122.38 qoe=   0.0 qoe_q=  -80.6 eps=0.138 loss=0.1152
[ep  868] soldier      static_B_2020.02.27_18.39.27.csv@3508  reward= -268.52 qoe=   0.0 qoe_q= -138.6 eps=0.137 loss=0.1044
[ep  869] longdress    static_B_2020.02.27_18.39.27.csv@3928  reward=   66.58 qoe=   0.0 qoe_q=  -29.0 eps=0.136 loss=0.1229
[ep  870] loot         static_B_2020.02.13_13.57.29.csv@1618  reward=  -23.32 qoe=   0.0 qoe_q=  -60.9 eps=0.135 loss=0.1256
[ep  871] redandblack  static_B_2020.02.13_13.57.29.csv@58    reward= -582.25 qoe=   0.0 qoe_q= -207.6 eps=0.134 loss=0.1194
[ep  872] soldier      static_B_2020.02.14_13.21.26.csv@850   reward= -127.58 qoe=   0.0 qoe_q=  -92.5 eps=0.133 loss=0.1123
[ep  873] longdress    static_B_2020.02.27_18.39.27.csv@1108  reward= -539.33 qoe=   0.0 qoe_q= -205.8 eps=0.132 loss=0.1156
[ep  874] loot         static_B_2020.02.13_13.57.29.csv@1558  reward= -102.72 qoe=   0.0 qoe_q= -105.4 eps=0.131 loss=0.1111
[ep  875] redandblack  static_B_2020.02.27_18.39.27.csv@2128  reward=  -16.83 qoe=   0.0 qoe_q=  -39.3 eps=0.130 loss=0.1149
[ep  876] soldier      static_B_2020.02.13_13.57.29.csv@118   reward= -337.16 qoe=   0.0 qoe_q= -154.1 eps=0.129 loss=0.1308
[ep  877] longdress    static_B_2019.12.16_13.40.04.csv@969   reward= -121.02 qoe=   0.0 qoe_q=  -78.4 eps=0.128 loss=0.1028
[ep  878] loot         static_B_2020.02.14_13.21.26.csv@339   reward=   16.33 qoe=   0.0 qoe_q=  -30.4 eps=0.127 loss=0.1112
[ep  879] redandblack  static_B_2020.02.13_13.57.29.csv@778   reward= -169.02 qoe=   0.0 qoe_q=  -89.0 eps=0.126 loss=0.1107
[ep  880] soldier      static_B_2020.02.27_18.39.27.csv@1288  reward=  -90.03 qoe=   0.0 qoe_q=  -73.7 eps=0.125 loss=0.1078
[ep  881] longdress    static_B_2020.02.27_18.39.27.csv@4648  reward=-1224.75 qoe=   0.0 qoe_q= -386.1 eps=0.124 loss=0.1227
[ep  882] loot         static_B_2020.02.27_18.39.27.csv@4108  reward=   30.81 qoe=   0.0 qoe_q=  -36.8 eps=0.123 loss=0.1144
[ep  883] redandblack  static_B_2020.02.27_18.39.27.csv@3808  reward= -185.07 qoe=   0.0 qoe_q=  -83.6 eps=0.122 loss=0.1272
[ep  884] soldier      static_B_2020.02.27_18.39.27.csv@2968  reward= -123.15 qoe=   0.0 qoe_q=  -72.7 eps=0.121 loss=0.1066
[ep  885] longdress    static_B_2020.02.27_18.39.27.csv@5068  reward= -133.77 qoe=   0.0 qoe_q=  -70.8 eps=0.120 loss=0.1133
[ep  886] loot         static_B_2020.02.13_13.57.29.csv@358   reward= -176.14 qoe=   0.0 qoe_q=  -88.0 eps=0.119 loss=0.1163
[ep  887] redandblack  static_B_2020.02.27_18.39.27.csv@448   reward=  -36.83 qoe=   0.0 qoe_q=  -62.7 eps=0.118 loss=0.1086
[ep  888] soldier      static_B_2020.02.14_13.21.26.csv@399   reward=  -25.97 qoe=   0.0 qoe_q=  -46.9 eps=0.117 loss=0.1165
[ep  889] longdress    static_B_2020.02.27_18.39.27.csv@4588  reward= -168.71 qoe=   0.0 qoe_q=  -99.2 eps=0.116 loss=0.1194
[ep  890] loot         static_B_2020.02.14_13.21.26.csv@159   reward=    8.06 qoe=   0.0 qoe_q=  -29.3 eps=0.115 loss=0.1090
[ep  891] redandblack  static_B_2020.02.27_18.39.27.csv@748   reward=   58.67 qoe=   0.0 qoe_q=  -27.5 eps=0.114 loss=0.1170
[ep  892] soldier      static_B_2020.02.27_18.39.27.csv@808   reward=   23.51 qoe=   0.0 qoe_q=  -66.9 eps=0.113 loss=0.1255
[ep  893] longdress    static_B_2020.02.27_18.39.27.csv@2548  reward= -451.72 qoe=   0.0 qoe_q= -177.0 eps=0.112 loss=0.1076
[ep  894] loot         static_B_2020.02.14_13.21.26.csv@519   reward=   23.61 qoe=   0.0 qoe_q=  -68.4 eps=0.111 loss=0.1078
[ep  895] redandblack  static_B_2020.02.13_13.57.29.csv@1498  reward= -185.65 qoe=   0.0 qoe_q= -124.8 eps=0.110 loss=0.1067
[ep  896] soldier      static_B_2019.12.16_13.40.04.csv@69    reward=  -52.28 qoe=   0.0 qoe_q=  -75.6 eps=0.109 loss=0.1103
[ep  897] longdress    static_B_2020.02.27_18.39.27.csv@1408  reward=   -3.62 qoe=   0.0 qoe_q=  -55.9 eps=0.108 loss=0.1196
[ep  898] loot         static_B_2019.12.16_13.40.04.csv@369   reward=  -48.37 qoe=   0.0 qoe_q=  -74.1 eps=0.107 loss=0.1082
[ep  899] redandblack  static_B_2020.02.27_18.39.27.csv@3448  reward= -124.99 qoe=   0.0 qoe_q=  -86.1 eps=0.106 loss=0.1372
[ep  900] soldier      static_B_2020.02.14_13.21.26.csv@759   reward=   49.36 qoe=   0.0 qoe_q=  -45.4 eps=0.105 loss=0.1134
    [eval @ ep 900] reward=-276.41 qoe=0.0 qoe_q=-135.6 mean_q=0.815 stall=31.0s
[ep  901] longdress    static_B_2020.02.13_13.57.29.csv@898   reward= -526.96 qoe=   0.0 qoe_q= -232.5 eps=0.104 loss=0.1169
[ep  902] loot         static_B_2019.12.16_13.40.04.csv@849   reward=   33.05 qoe=   0.0 qoe_q=  -51.4 eps=0.103 loss=0.1092
[ep  903] redandblack  static_B_2020.02.27_18.39.27.csv@208   reward= -243.25 qoe=   0.0 qoe_q= -114.8 eps=0.102 loss=0.1148
[ep  904] soldier      static_B_2019.12.16_13.40.04.csv@549   reward= -296.21 qoe=   0.0 qoe_q= -140.7 eps=0.101 loss=0.1238
[ep  905] longdress    static_B_2019.12.16_13.40.04.csv@1749  reward= -173.19 qoe=   0.0 qoe_q= -118.4 eps=0.100 loss=0.1331
[ep  906] loot         static_B_2020.02.27_18.39.27.csv@4888  reward= -225.56 qoe=   0.0 qoe_q= -134.9 eps=0.099 loss=0.1203
[ep  907] redandblack  static_B_2020.02.27_18.39.27.csv@5428  reward= -160.80 qoe=   0.0 qoe_q=  -99.1 eps=0.098 loss=0.1155
[ep  908] soldier      static_B_2020.02.27_18.39.27.csv@2068  reward=   21.10 qoe=   0.0 qoe_q=  -56.8 eps=0.097 loss=0.1318
[ep  909] longdress    static_B_2020.02.13_13.57.29.csv@958   reward=-1796.45 qoe=   0.0 qoe_q= -583.0 eps=0.096 loss=0.1121
[ep  910] loot         static_B_2020.02.13_13.57.29.csv@838   reward=  -35.57 qoe=   0.0 qoe_q=  -68.6 eps=0.095 loss=0.1043
[ep  911] redandblack  static_B_2020.02.27_18.39.27.csv@1648  reward=   -8.30 qoe=   0.0 qoe_q=  -65.7 eps=0.094 loss=0.1254
[ep  912] soldier      static_B_2020.02.13_13.57.29.csv@2458  reward= -236.29 qoe=   0.0 qoe_q= -120.7 eps=0.093 loss=0.1259
[ep  913] longdress    static_B_2020.02.27_18.39.27.csv@4768  reward=  -23.68 qoe=   0.0 qoe_q=  -42.8 eps=0.092 loss=0.1193
[ep  914] loot         static_B_2020.02.13_13.57.29.csv@2338  reward=  -45.85 qoe=   0.0 qoe_q=  -60.1 eps=0.091 loss=0.1174
[ep  915] redandblack  static_B_2020.02.14_13.21.26.csv@850   reward= -109.67 qoe=   0.0 qoe_q=  -75.2 eps=0.090 loss=0.1137
[ep  916] soldier      static_B_2020.02.27_18.39.27.csv@1168  reward=-1087.32 qoe=   0.0 qoe_q= -352.9 eps=0.089 loss=0.1100
[ep  917] longdress    static_B_2020.02.27_18.39.27.csv@2788  reward=  -14.39 qoe=   0.0 qoe_q=  -33.8 eps=0.088 loss=0.1136
[ep  918] loot         static_B_2020.02.14_13.21.26.csv@819   reward=   24.26 qoe=   0.0 qoe_q=  -36.5 eps=0.087 loss=0.1132
[ep  919] redandblack  static_B_2020.02.14_13.21.26.csv@639   reward=   44.77 qoe=   0.0 qoe_q=  -26.8 eps=0.086 loss=0.1231
[ep  920] soldier      static_B_2019.12.16_13.40.04.csv@1149  reward= -202.59 qoe=   0.0 qoe_q= -115.8 eps=0.085 loss=0.1131
[ep  921] longdress    static_B_2020.02.13_13.57.29.csv@2518  reward=  -70.82 qoe=   0.0 qoe_q=  -71.6 eps=0.084 loss=0.1078
[ep  922] loot         static_B_2020.02.27_18.39.27.csv@5742  reward= -112.16 qoe=   0.0 qoe_q=  -63.1 eps=0.083 loss=0.1102
[ep  923] redandblack  static_B_2020.02.27_18.39.27.csv@4948  reward= -143.67 qoe=   0.0 qoe_q=  -83.2 eps=0.082 loss=0.1144
[ep  924] soldier      static_B_2020.02.27_18.39.27.csv@568   reward=   78.05 qoe=   0.0 qoe_q=  -11.9 eps=0.081 loss=0.1138
[ep  925] longdress    static_B_2020.02.27_18.39.27.csv@148   reward=   46.96 qoe=   0.0 qoe_q=  -12.1 eps=0.080 loss=0.1133
[ep  926] loot         static_B_2020.02.27_18.39.27.csv@1768  reward=-1559.75 qoe=   0.0 qoe_q= -466.6 eps=0.079 loss=0.1118
[ep  927] redandblack  static_B_2020.02.27_18.39.27.csv@3388  reward=   84.28 qoe=   0.0 qoe_q=   -5.5 eps=0.078 loss=0.1251
[ep  928] soldier      static_B_2020.02.13_13.57.29.csv@2818  reward= -419.98 qoe=   0.0 qoe_q= -170.5 eps=0.077 loss=0.1217
[ep  929] longdress    static_B_2020.02.27_18.39.27.csv@5548  reward=   26.26 qoe=   0.0 qoe_q=  -20.2 eps=0.076 loss=0.1239
[ep  930] loot         static_B_2020.02.27_18.39.27.csv@1048  reward=   68.93 qoe=   0.0 qoe_q=  -12.1 eps=0.075 loss=0.1187
[ep  931] redandblack  static_B_2019.12.16_13.40.04.csv@909   reward= -151.83 qoe=   0.0 qoe_q=  -93.2 eps=0.074 loss=0.1115
[ep  932] soldier      static_B_2019.12.16_13.40.04.csv@1569  reward=    2.58 qoe=   0.0 qoe_q=  -44.5 eps=0.073 loss=0.1242
[ep  933] longdress    static_B_2019.12.16_13.40.04.csv@1809  reward= -313.42 qoe=   0.0 qoe_q= -152.2 eps=0.072 loss=0.1197
[ep  934] loot         static_B_2020.02.27_18.39.27.csv@508   reward=  -51.16 qoe=   0.0 qoe_q=  -66.1 eps=0.071 loss=0.1022
[ep  935] redandblack  static_B_2020.02.27_18.39.27.csv@3568  reward= -211.87 qoe=   0.0 qoe_q= -126.8 eps=0.070 loss=0.1109
[ep  936] soldier      static_B_2020.02.27_18.39.27.csv@868   reward= -139.95 qoe=   0.0 qoe_q= -101.7 eps=0.069 loss=0.1192
[ep  937] longdress    static_B_2020.02.27_18.39.27.csv@5008  reward= -101.68 qoe=   0.0 qoe_q=  -68.0 eps=0.068 loss=0.1048
[ep  938] loot         static_B_2020.02.27_18.39.27.csv@4708  reward= -103.44 qoe=   0.0 qoe_q=  -73.1 eps=0.067 loss=0.1058
[ep  939] redandblack  static_B_2020.02.27_18.39.27.csv@328   reward= -628.18 qoe=   0.0 qoe_q= -222.8 eps=0.066 loss=0.1225
[ep  940] soldier      static_B_2020.02.14_13.21.26.csv@699   reward=   64.78 qoe=   0.0 qoe_q=  -26.5 eps=0.065 loss=0.1139
[ep  941] longdress    static_B_2020.02.27_18.39.27.csv@28    reward=   44.80 qoe=   0.0 qoe_q=  -17.1 eps=0.064 loss=0.1180
[ep  942] loot         static_B_2020.02.13_13.57.29.csv@2218  reward= -117.11 qoe=   0.0 qoe_q=  -67.8 eps=0.063 loss=0.1224
[ep  943] redandblack  static_B_2020.02.13_13.57.29.csv@1258  reward= -207.77 qoe=   0.0 qoe_q=  -81.6 eps=0.062 loss=0.1196
[ep  944] soldier      static_B_2020.02.27_18.39.27.csv@3208  reward=  -36.40 qoe=   0.0 qoe_q=  -46.2 eps=0.061 loss=0.1138
[ep  945] longdress    static_B_2020.02.13_13.57.29.csv@1798  reward= -373.63 qoe=   0.0 qoe_q= -135.9 eps=0.060 loss=0.1155
[ep  946] loot         static_B_2019.12.16_13.40.04.csv@309   reward= -322.89 qoe=   0.0 qoe_q= -122.0 eps=0.059 loss=0.1208
[ep  947] redandblack  static_B_2020.02.27_18.39.27.csv@1528  reward= -115.31 qoe=   0.0 qoe_q=  -70.9 eps=0.058 loss=0.1242
[ep  948] soldier      static_B_2019.12.16_13.40.04.csv@1209  reward= -238.32 qoe=   0.0 qoe_q= -104.6 eps=0.057 loss=0.1221
[ep  949] longdress    static_B_2020.02.27_18.39.27.csv@3988  reward= -130.30 qoe=   0.0 qoe_q=  -73.5 eps=0.056 loss=0.1064
[ep  950] loot         static_B_2019.12.16_13.40.04.csv@609   reward= -190.67 qoe=   0.0 qoe_q=  -85.6 eps=0.055 loss=0.1203
[ep  951] redandblack  static_B_2020.02.14_13.21.26.csv@39    reward=   79.25 qoe=   0.0 qoe_q=   -7.9 eps=0.054 loss=0.1334
[ep  952] soldier      static_B_2020.02.27_18.39.27.csv@4168  reward= -244.02 qoe=   0.0 qoe_q= -113.2 eps=0.053 loss=0.1194
[ep  953] longdress    static_B_2020.02.27_18.39.27.csv@1948  reward= -132.48 qoe=   0.0 qoe_q=  -73.0 eps=0.052 loss=0.1181
[ep  954] loot         static_B_2020.02.13_13.57.29.csv@1018  reward=  -54.72 qoe=   0.0 qoe_q=  -59.7 eps=0.051 loss=0.1125
[ep  955] redandblack  static_B_2020.02.27_18.39.27.csv@4828  reward=   21.78 qoe=   0.0 qoe_q=  -24.1 eps=0.050 loss=0.1183
[ep  956] soldier      static_B_2020.02.27_18.39.27.csv@3328  reward= -210.31 qoe=   0.0 qoe_q=  -88.9 eps=0.050 loss=0.1164
[ep  957] longdress    static_B_2020.02.27_18.39.27.csv@3268  reward= -148.75 qoe=   0.0 qoe_q=  -67.6 eps=0.050 loss=0.1068
[ep  958] loot         static_B_2020.02.14_13.21.26.csv@99    reward= -144.21 qoe=   0.0 qoe_q=  -79.1 eps=0.050 loss=0.1161
[ep  959] redandblack  static_B_2020.02.27_18.39.27.csv@5742  reward= -119.10 qoe=   0.0 qoe_q=  -66.4 eps=0.050 loss=0.1176
[ep  960] soldier      static_B_2020.02.27_18.39.27.csv@4528  reward= -115.03 qoe=   0.0 qoe_q=  -91.9 eps=0.050 loss=0.1108
[ep  961] longdress    static_B_2019.12.16_13.40.04.csv@429   reward=-1494.67 qoe=   0.0 qoe_q= -471.4 eps=0.050 loss=0.1307
[ep  962] loot         static_B_2020.02.13_13.57.29.csv@1138  reward= -144.90 qoe=   0.0 qoe_q=  -89.0 eps=0.050 loss=0.1200
[ep  963] redandblack  static_B_2020.02.27_18.39.27.csv@268   reward=  -28.48 qoe=   0.0 qoe_q=  -48.0 eps=0.050 loss=0.1171
[ep  964] soldier      static_B_2020.02.13_13.57.29.csv@2278  reward=    9.32 qoe=   0.0 qoe_q=  -42.7 eps=0.050 loss=0.1284
[ep  965] longdress    static_B_2019.12.16_13.40.04.csv@249   reward= -477.12 qoe=   0.0 qoe_q= -176.6 eps=0.050 loss=0.1142
[ep  966] loot         static_B_2020.02.27_18.39.27.csv@4288  reward=   52.46 qoe=   0.0 qoe_q=  -38.4 eps=0.050 loss=0.1108
[ep  967] redandblack  static_B_2020.02.27_18.39.27.csv@5188  reward= -279.05 qoe=   0.0 qoe_q= -133.8 eps=0.050 loss=0.1133
[ep  968] soldier      static_B_2020.02.13_13.57.29.csv@1438  reward= -396.30 qoe=   0.0 qoe_q= -158.4 eps=0.050 loss=0.1274
[ep  969] longdress    static_B_2020.02.27_18.39.27.csv@2908  reward= -146.86 qoe=   0.0 qoe_q=  -89.3 eps=0.050 loss=0.1251
[ep  970] loot         static_B_2019.12.16_13.40.04.csv@1269  reward= -150.15 qoe=   0.0 qoe_q=  -85.9 eps=0.050 loss=0.1142
[ep  971] redandblack  static_B_2020.02.13_13.57.29.csv@2578  reward= -379.04 qoe=   0.0 qoe_q= -141.5 eps=0.050 loss=0.1162
[ep  972] soldier      static_B_2019.12.16_13.40.04.csv@9     reward=  -37.26 qoe=   0.0 qoe_q=  -43.2 eps=0.050 loss=0.1124
[ep  973] longdress    static_B_2019.12.16_13.40.04.csv@1869  reward=   81.82 qoe=   0.0 qoe_q=  -11.4 eps=0.050 loss=0.1205
[ep  974] loot         static_B_2019.12.16_13.40.04.csv@1089  reward=-2308.75 qoe=   0.0 qoe_q= -690.6 eps=0.050 loss=0.1238
[ep  975] redandblack  static_B_2020.02.14_13.21.26.csv@279   reward=   37.07 qoe=   0.0 qoe_q=  -21.9 eps=0.050 loss=0.1241
[ep  976] soldier      static_B_2019.12.16_13.40.04.csv@489   reward= -198.26 qoe=   0.0 qoe_q=  -92.1 eps=0.050 loss=0.1227
[ep  977] longdress    static_B_2020.02.14_13.21.26.csv@579   reward=   72.72 qoe=   0.0 qoe_q=  -13.0 eps=0.050 loss=0.1109
[ep  978] loot         static_B_2020.02.27_18.39.27.csv@928   reward=   22.01 qoe=   0.0 qoe_q=  -27.8 eps=0.050 loss=0.1160
[ep  979] redandblack  static_B_2019.12.16_13.40.04.csv@189   reward=   51.37 qoe=   0.0 qoe_q=  -19.0 eps=0.050 loss=0.1144
[ep  980] soldier      static_B_2020.02.27_18.39.27.csv@1888  reward=    5.40 qoe=   0.0 qoe_q=  -30.5 eps=0.050 loss=0.1153
[ep  981] longdress    static_B_2020.02.27_18.39.27.csv@5248  reward=   73.26 qoe=   0.0 qoe_q=  -11.3 eps=0.050 loss=0.1225
[ep  982] loot         static_B_2020.02.27_18.39.27.csv@1468  reward= -194.75 qoe=   0.0 qoe_q= -102.9 eps=0.050 loss=0.1214
[ep  983] redandblack  static_B_2020.02.27_18.39.27.csv@4228  reward= -139.23 qoe=   0.0 qoe_q=  -73.2 eps=0.050 loss=0.1067
[ep  984] soldier      static_B_2020.02.13_13.57.29.csv@2038  reward=  -24.20 qoe=   0.0 qoe_q=  -57.0 eps=0.050 loss=0.1109
[ep  985] longdress    static_B_2020.02.13_13.57.29.csv@2758  reward= -281.43 qoe=   0.0 qoe_q= -147.7 eps=0.050 loss=0.1205
[ep  986] loot         static_B_2020.02.27_18.39.27.csv@5668  reward=   66.21 qoe=   0.0 qoe_q=  -22.4 eps=0.050 loss=0.1230
[ep  987] redandblack  static_B_2020.02.27_18.39.27.csv@5728  reward=  -52.84 qoe=   0.0 qoe_q=  -44.4 eps=0.050 loss=0.1107
[ep  988] soldier      static_B_2019.12.16_13.40.04.csv@1329  reward= -225.87 qoe=   0.0 qoe_q= -140.5 eps=0.050 loss=0.1371
[ep  989] longdress    static_B_2020.02.13_13.57.29.csv@1978  reward= -116.21 qoe=   0.0 qoe_q=  -61.4 eps=0.050 loss=0.1197
[ep  990] loot         static_B_2020.02.27_18.39.27.csv@2488  reward=  -31.77 qoe=   0.0 qoe_q=  -50.0 eps=0.050 loss=0.1112
[ep  991] redandblack  static_B_2020.02.13_13.57.29.csv@1738  reward= -387.04 qoe=   0.0 qoe_q= -146.1 eps=0.050 loss=0.1104
[ep  992] soldier      static_B_2020.02.13_13.57.29.csv@718   reward= -430.25 qoe=   0.0 qoe_q= -201.3 eps=0.050 loss=0.1221
[ep  993] longdress    static_B_2019.12.16_13.40.04.csv@1389  reward= -135.77 qoe=   0.0 qoe_q=  -79.3 eps=0.050 loss=0.1225
[ep  994] loot         static_B_2020.02.13_13.57.29.csv@1318  reward= -156.54 qoe=   0.0 qoe_q=  -98.3 eps=0.050 loss=0.1213
[ep  995] redandblack  static_B_2020.02.27_18.39.27.csv@2008  reward= -105.40 qoe=   0.0 qoe_q=  -66.7 eps=0.050 loss=0.1183
[ep  996] loot         static_B_2019.12.16_13.40.04.csv@1904  reward=   69.32 qoe=   0.0 qoe_q=  -27.7 eps=0.050 loss=0.1278
[ep  997] redandblack  static_B_2020.02.13_13.57.29.csv@1861  reward= -760.88 qoe=   0.0 qoe_q= -245.7 eps=0.050 loss=0.1092
[ep  998] soldier      static_B_2020.02.27_18.39.27.csv@1090  reward= -569.85 qoe=   0.0 qoe_q= -263.1 eps=0.050 loss=0.1147
[ep  999] longdress    static_B_2020.02.13_13.57.29.csv@1561  reward= -333.09 qoe=   0.0 qoe_q= -139.2 eps=0.050 loss=0.1192
[ep 1000] loot         static_B_2020.02.27_18.39.27.csv@4630  reward=-1478.58 qoe=   0.0 qoe_q= -446.4 eps=0.050 loss=0.1189
    [eval @ ep 1000] reward=-245.56 qoe=0.0 qoe_q=-107.8 mean_q=0.852 stall=30.4s
[ep 1001] redandblack  static_B_2020.02.27_18.39.27.csv@5742  reward= -115.16 qoe=   0.0 qoe_q=  -62.1 eps=0.050 loss=0.1288
[ep 1002] soldier      static_B_2020.02.14_13.21.26.csv@837   reward= -107.03 qoe=   0.0 qoe_q=  -69.6 eps=0.050 loss=0.1289
[ep 1003] longdress    static_B_2020.02.14_13.21.26.csv@417   reward=  -83.51 qoe=   0.0 qoe_q=  -52.9 eps=0.050 loss=0.1202
[ep 1004] loot         static_B_2020.02.13_13.57.29.csv@2701  reward=   41.72 qoe=   0.0 qoe_q=  -15.9 eps=0.050 loss=0.1191
[ep 1005] redandblack  static_B_2019.12.16_13.40.04.csv@1545  reward=  -74.42 qoe=   0.0 qoe_q=  -54.1 eps=0.050 loss=0.1248
[ep 1006] soldier      static_B_2019.12.16_13.40.04.csv@705   reward=   20.48 qoe=   0.0 qoe_q=  -34.6 eps=0.050 loss=0.1179
[ep 1007] longdress    static_B_2020.02.27_18.39.27.csv@610   reward=   84.94 qoe=   0.0 qoe_q=   -1.0 eps=0.050 loss=0.1241
[ep 1008] loot         static_B_2019.12.16_13.40.04.csv@1904  reward=   84.38 qoe=   0.0 qoe_q=   -5.6 eps=0.050 loss=0.1106
[ep 1009] redandblack  static_B_2020.02.27_18.39.27.csv@2530  reward=   33.31 qoe=   0.0 qoe_q=  -21.1 eps=0.050 loss=0.1217
[ep 1010] soldier      static_B_2019.12.16_13.40.04.csv@945   reward= -362.71 qoe=   0.0 qoe_q= -152.0 eps=0.050 loss=0.1213
[ep 1011] longdress    static_B_2020.02.13_13.57.29.csv@2641  reward=   -9.14 qoe=   0.0 qoe_q=  -38.0 eps=0.050 loss=0.1223
[ep 1012] loot         static_B_2019.12.16_13.40.04.csv@1125  reward=-1919.39 qoe=   0.0 qoe_q= -556.2 eps=0.050 loss=0.1256
[ep 1013] redandblack  static_B_2019.12.16_13.40.04.csv@1185  reward= -102.02 qoe=   0.0 qoe_q=  -65.4 eps=0.050 loss=0.1280
[ep 1014] soldier      static_B_2020.02.13_13.57.29.csv@1261  reward= -180.23 qoe=   0.0 qoe_q=  -92.7 eps=0.050 loss=0.1174
[ep 1015] longdress    static_B_2020.02.27_18.39.27.csv@2290  reward= -127.86 qoe=   0.0 qoe_q=  -70.1 eps=0.050 loss=0.1073
[ep 1016] loot         static_B_2020.02.27_18.39.27.csv@190   reward= -444.23 qoe=   0.0 qoe_q= -178.7 eps=0.050 loss=0.1325
[ep 1017] redandblack  static_B_2020.02.13_13.57.29.csv@1321  reward= -175.08 qoe=   0.0 qoe_q=  -71.4 eps=0.050 loss=0.1135
[ep 1018] soldier      static_B_2020.02.13_13.57.29.csv@1681  reward= -535.21 qoe=   0.0 qoe_q= -185.4 eps=0.050 loss=0.1204
[ep 1019] longdress    static_B_2020.02.14_13.21.26.csv@850   reward= -141.71 qoe=   0.0 qoe_q=  -67.8 eps=0.050 loss=0.1230
[ep 1020] loot         static_B_2020.02.27_18.39.27.csv@1330  reward= -112.45 qoe=   0.0 qoe_q=  -96.5 eps=0.050 loss=0.1124
[ep 1021] redandblack  static_B_2020.02.27_18.39.27.csv@2350  reward=-1231.50 qoe=   0.0 qoe_q= -382.3 eps=0.050 loss=0.1182
[ep 1022] soldier      static_B_2020.02.13_13.57.29.csv@2281  reward=  -15.21 qoe=   0.0 qoe_q=  -57.4 eps=0.050 loss=0.1215
[ep 1023] longdress    static_B_2019.12.16_13.40.04.csv@165   reward=  -85.35 qoe=   0.0 qoe_q=  -66.1 eps=0.050 loss=0.1209
[ep 1024] loot         static_B_2020.02.13_13.57.29.csv@301   reward=   57.73 qoe=   0.0 qoe_q=  -26.8 eps=0.050 loss=0.1130
[ep 1025] redandblack  static_B_2020.02.13_13.57.29.csv@901   reward= -181.25 qoe=   0.0 qoe_q= -100.3 eps=0.050 loss=0.1326
[ep 1026] soldier      static_B_2020.02.13_13.57.29.csv@361   reward= -316.34 qoe=   0.0 qoe_q= -144.5 eps=0.050 loss=0.1197
[ep 1027] longdress    static_B_2020.02.27_18.39.27.csv@4870  reward= -484.47 qoe=   0.0 qoe_q= -195.1 eps=0.050 loss=0.1172
[ep 1028] loot         static_B_2020.02.27_18.39.27.csv@1930  reward=   -1.15 qoe=   0.0 qoe_q=  -46.7 eps=0.050 loss=0.1264
[ep 1029] redandblack  static_B_2020.02.27_18.39.27.csv@3490  reward=   44.88 qoe=   0.0 qoe_q=  -28.8 eps=0.050 loss=0.1216
[ep 1030] soldier      static_B_2020.02.27_18.39.27.csv@3790  reward= -706.72 qoe=   0.0 qoe_q= -247.5 eps=0.050 loss=0.1115
[ep 1031] longdress    static_B_2020.02.14_13.21.26.csv@477   reward=   64.24 qoe=   0.0 qoe_q=  -14.7 eps=0.050 loss=0.1228
[ep 1032] loot         static_B_2020.02.27_18.39.27.csv@4210  reward= -108.46 qoe=   0.0 qoe_q=  -64.2 eps=0.050 loss=0.1285
[ep 1033] redandblack  static_B_2020.02.27_18.39.27.csv@1270  reward=   33.77 qoe=   0.0 qoe_q=  -21.0 eps=0.050 loss=0.1178
[ep 1034] soldier      static_B_2020.02.27_18.39.27.csv@4930  reward=  -88.60 qoe=   0.0 qoe_q=  -51.7 eps=0.050 loss=0.1297
[ep 1035] longdress    static_B_2020.02.27_18.39.27.csv@2410  reward=   42.80 qoe=   0.0 qoe_q=  -10.1 eps=0.050 loss=0.1186
[ep 1036] loot         static_B_2019.12.16_13.40.04.csv@645   reward=  -36.55 qoe=   0.0 qoe_q=  -40.9 eps=0.050 loss=0.1188
[ep 1037] redandblack  static_B_2020.02.27_18.39.27.csv@3310  reward=   72.47 qoe=   0.0 qoe_q=   -5.6 eps=0.050 loss=0.1246
[ep 1038] soldier      static_B_2020.02.27_18.39.27.csv@1570  reward=  -87.84 qoe=   0.0 qoe_q=  -72.8 eps=0.050 loss=0.1311
[ep 1039] longdress    static_B_2020.02.13_13.57.29.csv@2945  reward= -175.97 qoe=   0.0 qoe_q=  -88.4 eps=0.050 loss=0.1316
[ep 1040] loot         static_B_2020.02.27_18.39.27.csv@3670  reward=   71.23 qoe=   0.0 qoe_q=  -24.1 eps=0.050 loss=0.1264
[ep 1041] redandblack  static_B_2019.12.16_13.40.04.csv@465   reward=-1285.16 qoe=   0.0 qoe_q= -402.8 eps=0.050 loss=0.1162
[ep 1042] soldier      static_B_2020.02.27_18.39.27.csv@3850  reward= -716.94 qoe=   0.0 qoe_q= -270.8 eps=0.050 loss=0.1348
[ep 1043] longdress    static_B_2020.02.14_13.21.26.csv@597   reward=   44.24 qoe=   0.0 qoe_q=  -37.1 eps=0.050 loss=0.1414
[ep 1044] loot         static_B_2020.02.13_13.57.29.csv@1981  reward= -125.81 qoe=   0.0 qoe_q=  -87.0 eps=0.050 loss=0.1426
[ep 1045] redandblack  static_B_2020.02.27_18.39.27.csv@2710  reward=   43.11 qoe=   0.0 qoe_q=  -27.0 eps=0.050 loss=0.1497
[ep 1046] soldier      static_B_2019.12.16_13.40.04.csv@45    reward= -260.50 qoe=   0.0 qoe_q= -142.0 eps=0.050 loss=0.1242
[ep 1047] longdress    static_B_2020.02.13_13.57.29.csv@2521  reward= -197.91 qoe=   0.0 qoe_q= -121.2 eps=0.050 loss=0.1252
[ep 1048] loot         static_B_2020.02.27_18.39.27.csv@5530  reward= -166.47 qoe=   0.0 qoe_q=  -99.8 eps=0.050 loss=0.1198
[ep 1049] redandblack  static_B_2020.02.27_18.39.27.csv@4090  reward=   40.54 qoe=   0.0 qoe_q=  -29.4 eps=0.050 loss=0.1232
[ep 1050] soldier      static_B_2020.02.27_18.39.27.csv@1690  reward= -240.17 qoe=   0.0 qoe_q= -141.1 eps=0.050 loss=0.1161
[ep 1051] longdress    static_B_2019.12.16_13.40.04.csv@1665  reward= -267.17 qoe=   0.0 qoe_q= -142.1 eps=0.050 loss=0.1237
[ep 1052] loot         static_B_2020.02.13_13.57.29.csv@1141  reward= -162.12 qoe=   0.0 qoe_q= -153.0 eps=0.050 loss=0.1300
[ep 1053] redandblack  static_B_2020.02.27_18.39.27.csv@4270  reward=   36.26 qoe=   0.0 qoe_q=  -39.1 eps=0.050 loss=0.1232
[ep 1054] soldier      static_B_2020.02.27_18.39.27.csv@4510  reward= -264.35 qoe=   0.0 qoe_q= -163.5 eps=0.050 loss=0.1227
[ep 1055] longdress    static_B_2019.12.16_13.40.04.csv@525   reward= -212.46 qoe=   0.0 qoe_q= -102.7 eps=0.050 loss=0.1176
[ep 1056] loot         static_B_2020.02.13_13.57.29.csv@1801  reward= -418.11 qoe=   0.0 qoe_q= -212.9 eps=0.050 loss=0.1219
[ep 1057] redandblack  static_B_2020.02.14_13.21.26.csv@657   reward=   31.23 qoe=   0.0 qoe_q=  -46.0 eps=0.050 loss=0.1182
[ep 1058] soldier      static_B_2020.02.27_18.39.27.csv@2230  reward=  -44.06 qoe=   0.0 qoe_q=  -90.8 eps=0.050 loss=0.1378
[ep 1059] longdress    static_B_2020.02.27_18.39.27.csv@4150  reward= -190.51 qoe=   0.0 qoe_q= -129.9 eps=0.050 loss=0.1135
[ep 1060] loot         static_B_2020.02.27_18.39.27.csv@3250  reward= -147.81 qoe=   0.0 qoe_q= -145.6 eps=0.050 loss=0.1288
[ep 1061] redandblack  static_B_2020.02.14_13.21.26.csv@117   reward=   33.59 qoe=   0.0 qoe_q=  -29.8 eps=0.050 loss=0.1181
[ep 1062] soldier      static_B_2020.02.27_18.39.27.csv@2170  reward=   54.46 qoe=   0.0 qoe_q=  -31.1 eps=0.050 loss=0.1223
[ep 1063] longdress    static_B_2020.02.14_13.21.26.csv@357   reward= -114.34 qoe=   0.0 qoe_q=  -83.1 eps=0.050 loss=0.1342
[ep 1064] loot         static_B_2020.02.27_18.39.27.csv@1150  reward= -207.38 qoe=   0.0 qoe_q= -127.8 eps=0.050 loss=0.1239
[ep 1065] redandblack  static_B_2020.02.27_18.39.27.csv@4990  reward= -199.91 qoe=   0.0 qoe_q=  -82.8 eps=0.050 loss=0.1193
[ep 1066] soldier      static_B_2020.02.13_13.57.29.csv@1921  reward=  -41.82 qoe=   0.0 qoe_q=  -73.9 eps=0.050 loss=0.1130
[ep 1067] longdress    static_B_2020.02.27_18.39.27.csv@1030  reward= -157.99 qoe=   0.0 qoe_q=  -93.4 eps=0.050 loss=0.1253
[ep 1068] loot         static_B_2020.02.27_18.39.27.csv@1750  reward=    3.11 qoe=   0.0 qoe_q=  -45.2 eps=0.050 loss=0.1257
[ep 1069] redandblack  static_B_2020.02.27_18.39.27.csv@5410  reward=  -16.86 qoe=   0.0 qoe_q=  -45.4 eps=0.050 loss=0.1184
[ep 1070] soldier      static_B_2020.02.27_18.39.27.csv@5470  reward=   82.63 qoe=   0.0 qoe_q=  -12.3 eps=0.050 loss=0.1357
[ep 1071] longdress    static_B_2020.02.27_18.39.27.csv@10    reward= -108.39 qoe=   0.0 qoe_q=  -88.1 eps=0.050 loss=0.1208
[ep 1072] loot         static_B_2020.02.13_13.57.29.csv@481   reward= -251.72 qoe=   0.0 qoe_q= -135.1 eps=0.050 loss=0.1337
[ep 1073] redandblack  static_B_2020.02.13_13.57.29.csv@2881  reward= -369.06 qoe=   0.0 qoe_q= -172.1 eps=0.050 loss=0.1120
[ep 1074] soldier      static_B_2020.02.27_18.39.27.csv@4330  reward= -223.48 qoe=   0.0 qoe_q= -164.3 eps=0.050 loss=0.1236
[ep 1075] longdress    static_B_2020.02.13_13.57.29.csv@1381  reward= -180.17 qoe=   0.0 qoe_q= -102.9 eps=0.050 loss=0.1114
[ep 1076] loot         static_B_2020.02.27_18.39.27.csv@790   reward=   37.49 qoe=   0.0 qoe_q=  -28.7 eps=0.050 loss=0.1239
[ep 1077] redandblack  static_B_2020.02.27_18.39.27.csv@4570  reward=  -26.92 qoe=   0.0 qoe_q=  -65.8 eps=0.050 loss=0.1133
[ep 1078] soldier      static_B_2020.02.27_18.39.27.csv@850   reward= -432.53 qoe=   0.0 qoe_q= -180.6 eps=0.050 loss=0.1100
[ep 1079] longdress    static_B_2020.02.27_18.39.27.csv@250   reward=  -19.82 qoe=   0.0 qoe_q=  -44.4 eps=0.050 loss=0.1200
[ep 1080] loot         static_B_2020.02.27_18.39.27.csv@5742  reward= -120.22 qoe=   0.0 qoe_q=  -80.5 eps=0.050 loss=0.1222
[ep 1081] redandblack  static_B_2020.02.27_18.39.27.csv@3130  reward=-1824.05 qoe=   0.0 qoe_q= -580.8 eps=0.050 loss=0.1229
[ep 1082] soldier      static_B_2020.02.27_18.39.27.csv@1510  reward=   61.54 qoe=   0.0 qoe_q=  -31.1 eps=0.050 loss=0.1144
[ep 1083] longdress    static_B_2020.02.14_13.21.26.csv@717   reward=   69.15 qoe=   0.0 qoe_q=  -25.3 eps=0.050 loss=0.1333
[ep 1084] loot         static_B_2020.02.13_13.57.29.csv@1441  reward= -266.70 qoe=   0.0 qoe_q= -118.5 eps=0.050 loss=0.1255
[ep 1085] redandblack  static_B_2019.12.16_13.40.04.csv@885   reward= -349.21 qoe=   0.0 qoe_q= -132.7 eps=0.050 loss=0.1136
[ep 1086] soldier      static_B_2020.02.27_18.39.27.csv@5230  reward=  -11.75 qoe=   0.0 qoe_q=  -32.8 eps=0.050 loss=0.1291
[ep 1087] longdress    static_B_2020.02.13_13.57.29.csv@661   reward= -860.72 qoe=   0.0 qoe_q= -322.0 eps=0.050 loss=0.1292
[ep 1088] loot         static_B_2020.02.27_18.39.27.csv@2470  reward=   22.94 qoe=   0.0 qoe_q=  -23.6 eps=0.050 loss=0.1151
[ep 1089] redandblack  static_B_2019.12.16_13.40.04.csv@1005  reward= -137.28 qoe=   0.0 qoe_q=  -78.1 eps=0.050 loss=0.1257
[ep 1090] soldier      static_B_2020.02.27_18.39.27.csv@4030  reward=  -39.65 qoe=   0.0 qoe_q=  -66.5 eps=0.050 loss=0.1134
[ep 1091] longdress    static_B_2020.02.27_18.39.27.csv@550   reward=-1059.59 qoe=   0.0 qoe_q= -328.4 eps=0.050 loss=0.1134
[ep 1092] loot         static_B_2020.02.13_13.57.29.csv@241   reward=   51.87 qoe=   0.0 qoe_q=  -24.7 eps=0.050 loss=0.1212
[ep 1093] redandblack  static_B_2020.02.27_18.39.27.csv@70    reward=  -36.49 qoe=   0.0 qoe_q=  -41.0 eps=0.050 loss=0.1352
[ep 1094] soldier      static_B_2020.02.27_18.39.27.csv@5710  reward= -214.11 qoe=   0.0 qoe_q= -112.1 eps=0.050 loss=0.1242
[ep 1095] longdress    static_B_2020.02.14_13.21.26.csv@297   reward=    2.77 qoe=   0.0 qoe_q=  -37.7 eps=0.050 loss=0.1231
[ep 1096] loot         static_B_2020.02.27_18.39.27.csv@910   reward=  -70.37 qoe=   0.0 qoe_q=  -55.1 eps=0.050 loss=0.1532
[ep 1097] redandblack  static_B_2020.02.27_18.39.27.csv@2590  reward=   44.90 qoe=   0.0 qoe_q=  -26.4 eps=0.050 loss=0.1210
[ep 1098] soldier      static_B_2020.02.27_18.39.27.csv@1450  reward=  -71.41 qoe=   0.0 qoe_q=  -71.5 eps=0.050 loss=0.1285
[ep 1099] longdress    static_B_2020.02.13_13.57.29.csv@1021  reward= -320.47 qoe=   0.0 qoe_q= -142.3 eps=0.050 loss=0.1247
[ep 1100] loot         static_B_2019.12.16_13.40.04.csv@1785  reward= -243.38 qoe=   0.0 qoe_q= -106.9 eps=0.050 loss=0.1302
    [eval @ ep 1100] reward=-250.70 qoe=0.0 qoe_q=-106.4 mean_q=0.861 stall=31.1s
[ep 1101] redandblack  static_B_2020.02.13_13.57.29.csv@2461  reward= -200.98 qoe=   0.0 qoe_q=  -89.0 eps=0.050 loss=0.1322
[ep 1102] soldier      static_B_2020.02.13_13.57.29.csv@1501  reward= -408.69 qoe=   0.0 qoe_q= -197.0 eps=0.050 loss=0.1163
[ep 1103] longdress    static_B_2020.02.13_13.57.29.csv@61    reward= -692.11 qoe=   0.0 qoe_q= -259.6 eps=0.050 loss=0.1215
[ep 1104] loot         static_B_2020.02.13_13.57.29.csv@601   reward= -207.61 qoe=   0.0 qoe_q= -120.0 eps=0.050 loss=0.1188
[ep 1105] redandblack  static_B_2020.02.27_18.39.27.csv@370   reward=  -17.79 qoe=   0.0 qoe_q=  -38.6 eps=0.050 loss=0.1197
[ep 1106] soldier      static_B_2020.02.27_18.39.27.csv@3910  reward=  -89.10 qoe=   0.0 qoe_q=  -51.5 eps=0.050 loss=0.1246
[ep 1107] longdress    static_B_2020.02.27_18.39.27.csv@2950  reward= -210.02 qoe=   0.0 qoe_q=  -86.3 eps=0.050 loss=0.1314
[ep 1108] loot         static_B_2020.02.13_13.57.29.csv@841   reward=  -57.07 qoe=   0.0 qoe_q=  -69.6 eps=0.050 loss=0.1287
[ep 1109] redandblack  static_B_2020.02.27_18.39.27.csv@3010  reward= -148.27 qoe=   0.0 qoe_q= -106.6 eps=0.050 loss=0.1205
[ep 1110] soldier      static_B_2020.02.27_18.39.27.csv@3610  reward= -334.13 qoe=   0.0 qoe_q= -154.9 eps=0.050 loss=0.1195
[ep 1111] longdress    static_B_2020.02.14_13.21.26.csv@57    reward=   69.94 qoe=   0.0 qoe_q=   -8.5 eps=0.050 loss=0.1105
[ep 1112] loot         static_B_2020.02.27_18.39.27.csv@130   reward=  -60.30 qoe=   0.0 qoe_q=  -52.2 eps=0.050 loss=0.1186
[ep 1113] redandblack  static_B_2020.02.13_13.57.29.csv@2761  reward=  -45.38 qoe=   0.0 qoe_q=  -48.4 eps=0.050 loss=0.1130
[ep 1114] soldier      static_B_2019.12.16_13.40.04.csv@1245  reward= -451.02 qoe=   0.0 qoe_q= -200.3 eps=0.050 loss=0.1158
[ep 1115] longdress    static_B_2020.02.27_18.39.27.csv@5290  reward=   -2.67 qoe=   0.0 qoe_q=  -28.0 eps=0.050 loss=0.1238
[ep 1116] loot         static_B_2020.02.13_13.57.29.csv@2041  reward=   35.66 qoe=   0.0 qoe_q=  -21.6 eps=0.050 loss=0.1185
[ep 1117] redandblack  static_B_2020.02.27_18.39.27.csv@1630  reward=   43.76 qoe=   0.0 qoe_q=  -16.4 eps=0.050 loss=0.1110
[ep 1118] soldier      static_B_2020.02.27_18.39.27.csv@730   reward=  -19.33 qoe=   0.0 qoe_q=  -36.6 eps=0.050 loss=0.1246
[ep 1119] longdress    static_B_2020.02.13_13.57.29.csv@1     reward=  -70.61 qoe=   0.0 qoe_q=  -57.9 eps=0.050 loss=0.1171
[ep 1120] loot         static_B_2020.02.13_13.57.29.csv@2161  reward= -121.93 qoe=   0.0 qoe_q=  -70.6 eps=0.050 loss=0.1208
[ep 1121] redandblack  static_B_2020.02.27_18.39.27.csv@3970  reward=  -53.45 qoe=   0.0 qoe_q=  -64.2 eps=0.050 loss=0.1202
[ep 1122] soldier      static_B_2020.02.27_18.39.27.csv@3370  reward=   63.16 qoe=   0.0 qoe_q=  -20.2 eps=0.050 loss=0.1162
[ep 1123] longdress    static_B_2020.02.13_13.57.29.csv@1741  reward= -566.20 qoe=   0.0 qoe_q= -195.6 eps=0.050 loss=0.1175
[ep 1124] loot         static_B_2020.02.27_18.39.27.csv@310   reward=   47.99 qoe=   0.0 qoe_q=  -28.4 eps=0.050 loss=0.1293
[ep 1125] redandblack  static_B_2020.02.27_18.39.27.csv@3430  reward=   31.88 qoe=   0.0 qoe_q=  -25.3 eps=0.050 loss=0.1156
[ep 1126] soldier      static_B_2020.02.13_13.57.29.csv@1201  reward=  -68.35 qoe=   0.0 qoe_q=  -72.0 eps=0.050 loss=0.1089
[ep 1127] longdress    static_B_2020.02.13_13.57.29.csv@2941  reward= -196.07 qoe=   0.0 qoe_q= -111.9 eps=0.050 loss=0.1329
[ep 1128] loot         static_B_2020.02.27_18.39.27.csv@5350  reward=  -66.69 qoe=   0.0 qoe_q=  -53.9 eps=0.050 loss=0.1111
[ep 1129] redandblack  static_B_2020.02.13_13.57.29.csv@2581  reward= -280.86 qoe=   0.0 qoe_q= -119.8 eps=0.050 loss=0.1293
[ep 1130] soldier      static_B_2020.02.13_13.57.29.csv@721   reward= -478.35 qoe=   0.0 qoe_q= -195.3 eps=0.050 loss=0.1253
[ep 1131] longdress    static_B_2020.02.13_13.57.29.csv@2341  reward= -430.77 qoe=   0.0 qoe_q= -173.3 eps=0.050 loss=0.1160
[ep 1132] loot         static_B_2020.02.27_18.39.27.csv@3730  reward=   29.94 qoe=   0.0 qoe_q=  -35.8 eps=0.050 loss=0.1306
[ep 1133] redandblack  static_B_2020.02.27_18.39.27.csv@2890  reward=   26.86 qoe=   0.0 qoe_q=  -31.6 eps=0.050 loss=0.1425
[ep 1134] soldier      static_B_2020.02.27_18.39.27.csv@1210  reward=   36.74 qoe=   0.0 qoe_q=  -38.1 eps=0.050 loss=0.1302
[ep 1135] longdress    static_B_2019.12.16_13.40.04.csv@585   reward= -313.52 qoe=   0.0 qoe_q= -142.4 eps=0.050 loss=0.1208
[ep 1136] loot         static_B_2019.12.16_13.40.04.csv@405   reward= -185.16 qoe=   0.0 qoe_q= -109.4 eps=0.050 loss=0.1241
[ep 1137] redandblack  static_B_2019.12.16_13.40.04.csv@1725  reward= -386.12 qoe=   0.0 qoe_q= -140.8 eps=0.050 loss=0.1217
[ep 1138] soldier      static_B_2020.02.13_13.57.29.csv@1621  reward= -288.28 qoe=   0.0 qoe_q= -161.9 eps=0.050 loss=0.1139
[ep 1139] longdress    static_B_2019.12.16_13.40.04.csv@1425  reward= -162.79 qoe=   0.0 qoe_q=  -92.1 eps=0.050 loss=0.1249
[ep 1140] loot         static_B_2020.02.27_18.39.27.csv@970   reward=   58.67 qoe=   0.0 qoe_q=  -22.1 eps=0.050 loss=0.1230
[ep 1141] redandblack  static_B_2020.02.27_18.39.27.csv@5170  reward= -128.05 qoe=   0.0 qoe_q=  -74.6 eps=0.050 loss=0.1223
[ep 1142] soldier      static_B_2020.02.27_18.39.27.csv@2050  reward=  -57.49 qoe=   0.0 qoe_q=  -65.4 eps=0.050 loss=0.1122
[ep 1143] longdress    static_B_2020.02.27_18.39.27.csv@4690  reward= -106.77 qoe=   0.0 qoe_q=  -78.4 eps=0.050 loss=0.1277
[ep 1144] loot         static_B_2019.12.16_13.40.04.csv@1904  reward=   85.59 qoe=   0.0 qoe_q=   -7.9 eps=0.050 loss=0.1333
[ep 1145] redandblack  static_B_2020.02.27_18.39.27.csv@5650  reward=  -93.71 qoe=   0.0 qoe_q=  -50.3 eps=0.050 loss=0.1453
[ep 1146] soldier      static_B_2020.02.27_18.39.27.csv@670   reward=  -40.85 qoe=   0.0 qoe_q=  -50.0 eps=0.050 loss=0.1126
[ep 1147] longdress    static_B_2019.12.16_13.40.04.csv@1845  reward=-1325.00 qoe=   0.0 qoe_q= -411.7 eps=0.050 loss=0.1292
[ep 1148] loot         static_B_2020.02.27_18.39.27.csv@2770  reward=   44.22 qoe=   0.0 qoe_q=  -18.1 eps=0.050 loss=0.1334
[ep 1149] redandblack  static_B_2019.12.16_13.40.04.csv@285   reward= -137.56 qoe=   0.0 qoe_q=  -87.6 eps=0.050 loss=0.1271
[ep 1150] soldier      static_B_2019.12.16_13.40.04.csv@105   reward=   33.87 qoe=   0.0 qoe_q=  -45.8 eps=0.050 loss=0.1166
[ep 1151] longdress    static_B_2020.02.13_13.57.29.csv@181   reward= -464.64 qoe=   0.0 qoe_q= -205.7 eps=0.050 loss=0.1280
[ep 1152] loot         static_B_2020.02.14_13.21.26.csv@777   reward=   31.94 qoe=   0.0 qoe_q=  -23.6 eps=0.050 loss=0.1305
[ep 1153] redandblack  static_B_2020.02.27_18.39.27.csv@430   reward=   42.28 qoe=   0.0 qoe_q=  -18.6 eps=0.050 loss=0.1280
[ep 1154] soldier      static_B_2020.02.27_18.39.27.csv@3070  reward= -500.93 qoe=   0.0 qoe_q= -208.4 eps=0.050 loss=0.1153
[ep 1155] longdress    static_B_2019.12.16_13.40.04.csv@1065  reward=-1408.06 qoe=   0.0 qoe_q= -601.4 eps=0.050 loss=0.1300
[ep 1156] loot         static_B_2020.02.27_18.39.27.csv@1810  reward= -278.48 qoe=   0.0 qoe_q= -122.0 eps=0.050 loss=0.1161
[ep 1157] redandblack  static_B_2020.02.13_13.57.29.csv@2101  reward= -233.63 qoe=   0.0 qoe_q= -101.3 eps=0.050 loss=0.1084
[ep 1158] soldier      static_B_2020.02.14_13.21.26.csv@177   reward= -259.21 qoe=   0.0 qoe_q= -107.9 eps=0.050 loss=0.1250
[ep 1159] longdress    static_B_2019.12.16_13.40.04.csv@825   reward= -191.78 qoe=   0.0 qoe_q=  -95.9 eps=0.050 loss=0.1266
[ep 1160] loot         static_B_2020.02.13_13.57.29.csv@2401  reward= -211.25 qoe=   0.0 qoe_q= -124.9 eps=0.050 loss=0.1234
[ep 1161] redandblack  static_B_2020.02.13_13.57.29.csv@961   reward=-1596.60 qoe=   0.0 qoe_q= -503.8 eps=0.050 loss=0.1332
[ep 1162] soldier      static_B_2020.02.27_18.39.27.csv@4810  reward=    1.96 qoe=   0.0 qoe_q=  -45.5 eps=0.050 loss=0.1402
[ep 1163] longdress    static_B_2020.02.27_18.39.27.csv@490   reward=  -59.94 qoe=   0.0 qoe_q=  -69.7 eps=0.050 loss=0.1283
[ep 1164] loot         static_B_2020.02.27_18.39.27.csv@2110  reward=   44.82 qoe=   0.0 qoe_q=  -21.0 eps=0.050 loss=0.1208
[ep 1165] redandblack  static_B_2020.02.27_18.39.27.csv@2830  reward=  -56.53 qoe=   0.0 qoe_q=  -56.8 eps=0.050 loss=0.1349
[ep 1166] soldier      static_B_2020.02.27_18.39.27.csv@5110  reward=  -80.52 qoe=   0.0 qoe_q=  -69.5 eps=0.050 loss=0.1203
[ep 1167] longdress    static_B_2019.12.16_13.40.04.csv@1605  reward=    0.71 qoe=   0.0 qoe_q=  -36.2 eps=0.050 loss=0.1420
[ep 1168] loot         static_B_2020.02.27_18.39.27.csv@3550  reward= -365.14 qoe=   0.0 qoe_q= -151.1 eps=0.050 loss=0.1292
[ep 1169] redandblack  static_B_2020.02.13_13.57.29.csv@781   reward= -146.81 qoe=   0.0 qoe_q=  -80.9 eps=0.050 loss=0.1212
[ep 1170] soldier      static_B_2020.02.27_18.39.27.csv@1870  reward=  -92.62 qoe=   0.0 qoe_q=  -69.0 eps=0.050 loss=0.1215
[ep 1171] longdress    static_B_2020.02.13_13.57.29.csv@1081  reward= -326.92 qoe=   0.0 qoe_q= -163.5 eps=0.050 loss=0.1199
[ep 1172] loot         static_B_2020.02.27_18.39.27.csv@3190  reward=  -24.30 qoe=   0.0 qoe_q=  -53.4 eps=0.050 loss=0.1218
[ep 1173] redandblack  static_B_2020.02.13_13.57.29.csv@2221  reward=  -41.00 qoe=   0.0 qoe_q=  -57.7 eps=0.050 loss=0.1108
[ep 1174] soldier      static_B_2019.12.16_13.40.04.csv@1365  reward=-1060.26 qoe=   0.0 qoe_q= -349.3 eps=0.050 loss=0.1211
[ep 1175] longdress    static_B_2019.12.16_13.40.04.csv@1305  reward= -270.58 qoe=   0.0 qoe_q= -119.8 eps=0.050 loss=0.1328
[ep 1176] loot         static_B_2020.02.27_18.39.27.csv@5590  reward= -204.85 qoe=   0.0 qoe_q=  -95.9 eps=0.050 loss=0.1197
[ep 1177] redandblack  static_B_2020.02.27_18.39.27.csv@2650  reward= -235.93 qoe=   0.0 qoe_q= -120.3 eps=0.050 loss=0.1193
[ep 1178] soldier      static_B_2020.02.14_13.21.26.csv@537   reward=   25.83 qoe=   0.0 qoe_q=  -28.7 eps=0.050 loss=0.1323
[ep 1179] longdress    static_B_2020.02.27_18.39.27.csv@4750  reward=   56.42 qoe=   0.0 qoe_q=  -28.8 eps=0.050 loss=0.1285
[ep 1180] loot         static_B_2020.02.13_13.57.29.csv@121   reward= -301.12 qoe=   0.0 qoe_q= -127.8 eps=0.050 loss=0.1294
[ep 1181] redandblack  static_B_2019.12.16_13.40.04.csv@1485  reward=  -35.22 qoe=   0.0 qoe_q=  -41.4 eps=0.050 loss=0.1162
[ep 1182] soldier      static_B_2019.12.16_13.40.04.csv@225   reward= -460.60 qoe=   0.0 qoe_q= -165.8 eps=0.050 loss=0.1321
[ep 1183] longdress    static_B_2019.12.16_13.40.04.csv@765   reward=  -89.84 qoe=   0.0 qoe_q=  -63.3 eps=0.050 loss=0.1281
[ep 1184] loot         static_B_2019.12.16_13.40.04.csv@345   reward= -169.29 qoe=   0.0 qoe_q=  -90.8 eps=0.050 loss=0.1328
[ep 1185] redandblack  static_B_2020.02.13_13.57.29.csv@2821  reward= -292.96 qoe=   0.0 qoe_q= -126.0 eps=0.050 loss=0.1246
[ep 1186] soldier      static_B_2020.02.27_18.39.27.csv@4390  reward= -250.30 qoe=   0.0 qoe_q= -104.0 eps=0.050 loss=0.1267
[ep 1187] longdress    static_B_2020.02.27_18.39.27.csv@5050  reward= -169.53 qoe=   0.0 qoe_q=  -81.1 eps=0.050 loss=0.1200
[ep 1188] loot         static_B_2020.02.13_13.57.29.csv@541   reward= -101.72 qoe=   0.0 qoe_q=  -65.4 eps=0.050 loss=0.1263
[ep 1189] redandblack  static_B_2020.02.27_18.39.27.csv@4450  reward= -213.09 qoe=   0.0 qoe_q=  -95.0 eps=0.050 loss=0.1302
[ep 1190] soldier      static_B_2020.02.27_18.39.27.csv@1990  reward= -286.42 qoe=   0.0 qoe_q= -132.4 eps=0.050 loss=0.1286
[ep 1191] longdress    static_B_2020.02.13_13.57.29.csv@421   reward=  -35.43 qoe=   0.0 qoe_q=  -78.8 eps=0.050 loss=0.1209
[ep 1192] loot         static_B_2020.02.14_13.21.26.csv@850   reward= -106.11 qoe=   0.0 qoe_q=  -83.8 eps=0.050 loss=0.1299
[ep 1193] redandblack  static_B_2020.02.14_13.21.26.csv@237   reward=   76.50 qoe=   0.0 qoe_q=  -12.2 eps=0.050 loss=0.1367
[ep 1194] soldier      static_B_2020.02.27_18.39.27.csv@1390  reward= -108.43 qoe=   0.0 qoe_q=  -66.9 eps=0.050 loss=0.1209
[ep 1195] redandblack  static_B_2020.02.27_18.39.27.csv@3276  reward=   46.00 qoe=   0.0 qoe_q=  -22.7 eps=0.050 loss=0.1268
[ep 1196] soldier      static_B_2019.12.16_13.40.04.csv@474   reward=  -82.64 qoe=   0.0 qoe_q= -104.8 eps=0.050 loss=0.1208
[ep 1197] longdress    static_B_2020.02.27_18.39.27.csv@2316  reward=-1729.16 qoe=   0.0 qoe_q= -510.8 eps=0.050 loss=0.1308
[ep 1198] loot         static_B_2020.02.27_18.39.27.csv@2976  reward=  -89.95 qoe=   0.0 qoe_q=  -62.4 eps=0.050 loss=0.1410
[ep 1199] redandblack  static_B_2020.02.27_18.39.27.csv@3216  reward=  -55.76 qoe=   0.0 qoe_q=  -63.0 eps=0.050 loss=0.1447
[ep 1200] soldier      static_B_2020.02.27_18.39.27.csv@5016  reward=  -61.88 qoe=   0.0 qoe_q=  -64.1 eps=0.050 loss=0.1332
    [eval @ ep 1200] reward=-261.25 qoe=0.0 qoe_q=-111.1 mean_q=0.843 stall=31.8s
[ep 1201] longdress    static_B_2020.02.13_13.57.29.csv@1360  reward= -230.19 qoe=   0.0 qoe_q= -108.5 eps=0.050 loss=0.1267
[ep 1202] loot         static_B_2020.02.27_18.39.27.csv@1776  reward=-1805.58 qoe=   0.0 qoe_q= -545.6 eps=0.050 loss=0.1336
[ep 1203] redandblack  static_B_2020.02.13_13.57.29.csv@640   reward= -381.13 qoe=   0.0 qoe_q= -145.2 eps=0.050 loss=0.1328
[ep 1204] soldier      static_B_2020.02.27_18.39.27.csv@3096  reward= -845.84 qoe=   0.0 qoe_q= -334.1 eps=0.050 loss=0.1252
[ep 1205] longdress    static_B_2020.02.27_18.39.27.csv@4716  reward=  -83.65 qoe=   0.0 qoe_q=  -54.4 eps=0.050 loss=0.1256
[ep 1206] loot         static_B_2020.02.27_18.39.27.csv@1116  reward= -401.95 qoe=   0.0 qoe_q= -161.5 eps=0.050 loss=0.1357
[ep 1207] redandblack  static_B_2020.02.27_18.39.27.csv@5256  reward=   53.77 qoe=   0.0 qoe_q=  -18.1 eps=0.050 loss=0.1276
[ep 1208] soldier      static_B_2020.02.13_13.57.29.csv@580   reward=  -68.57 qoe=   0.0 qoe_q=  -67.7 eps=0.050 loss=0.1196
[ep 1209] longdress    static_B_2020.02.14_13.21.26.csv@398   reward=  -39.60 qoe=   0.0 qoe_q=  -44.8 eps=0.050 loss=0.1316
[ep 1210] loot         static_B_2020.02.27_18.39.27.csv@1596  reward= -132.54 qoe=   0.0 qoe_q=  -98.5 eps=0.050 loss=0.1306
[ep 1211] redandblack  static_B_2019.12.16_13.40.04.csv@834   reward= -165.33 qoe=   0.0 qoe_q=  -93.3 eps=0.050 loss=0.1344
[ep 1212] soldier      static_B_2020.02.27_18.39.27.csv@4236  reward=  -81.56 qoe=   0.0 qoe_q=  -62.3 eps=0.050 loss=0.1335
[ep 1213] longdress    static_B_2020.02.14_13.21.26.csv@38    reward=   60.08 qoe=   0.0 qoe_q=  -28.9 eps=0.050 loss=0.1361
[ep 1214] loot         static_B_2020.02.27_18.39.27.csv@2616  reward=  -34.38 qoe=   0.0 qoe_q=  -77.8 eps=0.050 loss=0.1316
[ep 1215] redandblack  static_B_2020.02.13_13.57.29.csv@2500  reward= -216.28 qoe=   0.0 qoe_q= -111.5 eps=0.050 loss=0.1325
[ep 1216] soldier      static_B_2020.02.13_13.57.29.csv@2380  reward= -291.99 qoe=   0.0 qoe_q= -148.0 eps=0.050 loss=0.1342
[ep 1217] longdress    static_B_2019.12.16_13.40.04.csv@894   reward= -589.71 qoe=   0.0 qoe_q= -225.5 eps=0.050 loss=0.1527
[ep 1218] loot         static_B_2020.02.27_18.39.27.csv@156   reward=   18.19 qoe=   0.0 qoe_q=  -30.4 eps=0.050 loss=0.1363
[ep 1219] redandblack  static_B_2020.02.13_13.57.29.csv@1180  reward=  -88.99 qoe=   0.0 qoe_q=  -64.1 eps=0.050 loss=0.1360
[ep 1220] soldier      static_B_2019.12.16_13.40.04.csv@1014  reward= -169.77 qoe=   0.0 qoe_q=  -96.4 eps=0.050 loss=0.1360
[ep 1221] longdress    static_B_2020.02.27_18.39.27.csv@3816  reward= -640.19 qoe=   0.0 qoe_q= -257.2 eps=0.050 loss=0.1314
[ep 1222] loot         static_B_2020.02.13_13.57.29.csv@2260  reward=  -51.21 qoe=   0.0 qoe_q=  -50.2 eps=0.050 loss=0.1291
[ep 1223] redandblack  static_B_2019.12.16_13.40.04.csv@1434  reward=  -34.83 qoe=   0.0 qoe_q=  -52.6 eps=0.050 loss=0.1346
[ep 1224] soldier      static_B_2020.02.13_13.57.29.csv@1900  reward= -243.84 qoe=   0.0 qoe_q= -123.9 eps=0.050 loss=0.1623
[ep 1225] longdress    static_B_2020.02.13_13.57.29.csv@2320  reward= -243.71 qoe=   0.0 qoe_q= -136.6 eps=0.050 loss=0.1155
[ep 1226] loot         static_B_2020.02.27_18.39.27.csv@576   reward=   76.32 qoe=   0.0 qoe_q=  -11.4 eps=0.050 loss=0.1325
[ep 1227] redandblack  static_B_2020.02.13_13.57.29.csv@1420  reward= -435.79 qoe=   0.0 qoe_q= -172.3 eps=0.050 loss=0.1254
[ep 1228] soldier      static_B_2020.02.27_18.39.27.csv@5496  reward=    6.28 qoe=   0.0 qoe_q=  -57.1 eps=0.050 loss=0.1427
[ep 1229] longdress    static_B_2020.02.13_13.57.29.csv@1060  reward= -295.90 qoe=   0.0 qoe_q= -144.7 eps=0.050 loss=0.1363
[ep 1230] loot         static_B_2020.02.13_13.57.29.csv@100   reward= -266.69 qoe=   0.0 qoe_q= -132.6 eps=0.050 loss=0.1390
[ep 1231] redandblack  static_B_2020.02.27_18.39.27.csv@2736  reward=   60.52 qoe=   0.0 qoe_q=  -21.7 eps=0.050 loss=0.1441
[ep 1232] soldier      static_B_2020.02.14_13.21.26.csv@338   reward=  -32.42 qoe=   0.0 qoe_q=  -60.0 eps=0.050 loss=0.1363
[ep 1233] longdress    static_B_2020.02.14_13.21.26.csv@850   reward= -146.72 qoe=   0.0 qoe_q=  -89.1 eps=0.050 loss=0.1328
[ep 1234] loot         static_B_2020.02.13_13.57.29.csv@1240  reward= -284.41 qoe=   0.0 qoe_q= -119.8 eps=0.050 loss=0.1348
[ep 1235] redandblack  static_B_2020.02.27_18.39.27.csv@2496  reward=  -81.11 qoe=   0.0 qoe_q=  -52.7 eps=0.050 loss=0.1199
[ep 1236] soldier      static_B_2020.02.27_18.39.27.csv@4896  reward= -305.84 qoe=   0.0 qoe_q= -126.8 eps=0.050 loss=0.1255
[ep 1237] longdress    static_B_2019.12.16_13.40.04.csv@1854  reward=-1140.94 qoe=   0.0 qoe_q= -359.2 eps=0.050 loss=0.1441
[ep 1238] loot         static_B_2020.02.27_18.39.27.csv@1176  reward= -827.80 qoe=   0.0 qoe_q= -315.4 eps=0.050 loss=0.1413
[ep 1239] redandblack  static_B_2020.02.27_18.39.27.csv@996   reward=  -19.48 qoe=   0.0 qoe_q=  -38.2 eps=0.050 loss=0.1300
[ep 1240] soldier      static_B_2020.02.27_18.39.27.csv@1236  reward=   30.84 qoe=   0.0 qoe_q=  -28.0 eps=0.050 loss=0.1284
[ep 1241] longdress    static_B_2020.02.27_18.39.27.csv@5376  reward=   -6.84 qoe=   0.0 qoe_q=  -81.2 eps=0.050 loss=0.1316
[ep 1242] loot         static_B_2020.02.13_13.57.29.csv@880   reward= -216.74 qoe=   0.0 qoe_q= -112.5 eps=0.050 loss=0.1536
[ep 1243] redandblack  static_B_2020.02.27_18.39.27.csv@3696  reward=   45.77 qoe=   0.0 qoe_q=  -33.0 eps=0.050 loss=0.1374
[ep 1244] soldier      static_B_2020.02.27_18.39.27.csv@4536  reward=  -84.66 qoe=   0.0 qoe_q=  -79.9 eps=0.050 loss=0.1448
[ep 1245] longdress    static_B_2020.02.27_18.39.27.csv@456   reward= -154.85 qoe=   0.0 qoe_q=  -76.3 eps=0.050 loss=0.1422
[ep 1246] loot         static_B_2020.02.27_18.39.27.csv@636   reward=   66.66 qoe=   0.0 qoe_q=  -23.2 eps=0.050 loss=0.1200
[ep 1247] redandblack  static_B_2020.02.27_18.39.27.csv@3036  reward=    7.74 qoe=   0.0 qoe_q=  -33.6 eps=0.050 loss=0.1208
[ep 1248] soldier      static_B_2019.12.16_13.40.04.csv@114   reward=   60.40 qoe=   0.0 qoe_q=  -24.2 eps=0.050 loss=0.1251
[ep 1249] longdress    static_B_2020.02.27_18.39.27.csv@4956  reward= -118.96 qoe=   0.0 qoe_q=  -67.9 eps=0.050 loss=0.1156
[ep 1250] loot         static_B_2019.12.16_13.40.04.csv@174   reward=  -18.45 qoe=   0.0 qoe_q=  -47.5 eps=0.050 loss=0.1275
[ep 1251] redandblack  static_B_2019.12.16_13.40.04.csv@234   reward= -479.14 qoe=   0.0 qoe_q= -176.1 eps=0.050 loss=0.1299
[ep 1252] soldier      static_B_2020.02.13_13.57.29.csv@1000  reward= -139.70 qoe=   0.0 qoe_q=  -93.3 eps=0.050 loss=0.1376
[ep 1253] longdress    static_B_2019.12.16_13.40.04.csv@1314  reward= -118.58 qoe=   0.0 qoe_q=  -73.8 eps=0.050 loss=0.1217
[ep 1254] loot         static_B_2020.02.27_18.39.27.csv@4416  reward=   42.53 qoe=   0.0 qoe_q=  -22.7 eps=0.050 loss=0.1299
[ep 1255] redandblack  static_B_2020.02.27_18.39.27.csv@4176  reward= -141.67 qoe=   0.0 qoe_q=  -79.9 eps=0.050 loss=0.1213
[ep 1256] soldier      static_B_2019.12.16_13.40.04.csv@1254  reward= -273.67 qoe=   0.0 qoe_q= -100.6 eps=0.050 loss=0.1312
[ep 1257] longdress    static_B_2020.02.27_18.39.27.csv@5556  reward=   64.28 qoe=   0.0 qoe_q=  -20.2 eps=0.050 loss=0.1370
[ep 1258] loot         static_B_2019.12.16_13.40.04.csv@1374  reward= -511.15 qoe=   0.0 qoe_q= -162.1 eps=0.050 loss=0.1254
[ep 1259] redandblack  static_B_2020.02.27_18.39.27.csv@2436  reward=   53.50 qoe=   0.0 qoe_q=  -14.1 eps=0.050 loss=0.1458
[ep 1260] soldier      static_B_2020.02.13_13.57.29.csv@2920  reward= -104.36 qoe=   0.0 qoe_q=  -58.2 eps=0.050 loss=0.1397
[ep 1261] longdress    static_B_2020.02.27_18.39.27.csv@2376  reward=   28.94 qoe=   0.0 qoe_q=  -49.2 eps=0.050 loss=0.1407
[ep 1262] loot         static_B_2020.02.27_18.39.27.csv@4296  reward=   62.96 qoe=   0.0 qoe_q=  -20.4 eps=0.050 loss=0.1262
[ep 1263] redandblack  static_B_2020.02.27_18.39.27.csv@2916  reward=  -80.64 qoe=   0.0 qoe_q=  -62.3 eps=0.050 loss=0.1276
[ep 1264] soldier      static_B_2020.02.13_13.57.29.csv@520   reward= -179.36 qoe=   0.0 qoe_q= -114.0 eps=0.050 loss=0.1362
[ep 1265] longdress    static_B_2020.02.27_18.39.27.csv@36    reward=   44.19 qoe=   0.0 qoe_q=  -36.7 eps=0.050 loss=0.1369
[ep 1266] loot         static_B_2020.02.27_18.39.27.csv@2856  reward=   19.54 qoe=   0.0 qoe_q=  -44.7 eps=0.050 loss=0.1214
[ep 1267] redandblack  static_B_2020.02.27_18.39.27.csv@936   reward=   47.36 qoe=   0.0 qoe_q=  -26.5 eps=0.050 loss=0.1303
[ep 1268] soldier      static_B_2020.02.14_13.21.26.csv@518   reward=   45.86 qoe=   0.0 qoe_q=  -39.9 eps=0.050 loss=0.1317
[ep 1269] longdress    static_B_2020.02.13_13.57.29.csv@280   reward= -152.16 qoe=   0.0 qoe_q=  -98.0 eps=0.050 loss=0.1214
[ep 1270] loot         static_B_2019.12.16_13.40.04.csv@1074  reward= -606.84 qoe=   0.0 qoe_q= -207.2 eps=0.050 loss=0.1415
[ep 1271] redandblack  static_B_2020.02.27_18.39.27.csv@3456  reward=   71.71 qoe=   0.6 qoe_q=  -27.4 eps=0.050 loss=0.1456
[ep 1272] soldier      static_B_2020.02.27_18.39.27.csv@3396  reward=   21.67 qoe=   0.0 qoe_q=  -47.7 eps=0.050 loss=0.1321
[ep 1273] longdress    static_B_2020.02.27_18.39.27.csv@5742  reward= -187.07 qoe=   0.0 qoe_q= -106.2 eps=0.050 loss=0.1272
[ep 1274] loot         static_B_2020.02.27_18.39.27.csv@396   reward=   44.24 qoe=   0.0 qoe_q=  -35.2 eps=0.050 loss=0.1365
[ep 1275] redandblack  static_B_2020.02.27_18.39.27.csv@1716  reward= -154.23 qoe=   0.0 qoe_q= -104.7 eps=0.050 loss=0.1306
[ep 1276] soldier      static_B_2020.02.14_13.21.26.csv@850   reward= -116.91 qoe=   0.0 qoe_q=  -79.0 eps=0.050 loss=0.1220
[ep 1277] longdress    static_B_2020.02.27_18.39.27.csv@4356  reward= -139.65 qoe=   0.0 qoe_q=  -90.2 eps=0.050 loss=0.1405
[ep 1278] loot         static_B_2020.02.27_18.39.27.csv@3516  reward=   16.26 qoe=   0.0 qoe_q=  -37.2 eps=0.050 loss=0.1195
[ep 1279] redandblack  static_B_2020.02.13_13.57.29.csv@940   reward=-1250.27 qoe=   0.0 qoe_q= -498.6 eps=0.050 loss=0.1427
[ep 1280] soldier      static_B_2020.02.27_18.39.27.csv@4776  reward=   39.67 qoe=   0.0 qoe_q=  -35.6 eps=0.050 loss=0.1373
[ep 1281] longdress    static_B_2020.02.14_13.21.26.csv@458   reward=  -27.52 qoe=   0.0 qoe_q=  -93.3 eps=0.050 loss=0.1390
[ep 1282] loot         static_B_2020.02.27_18.39.27.csv@5742  reward= -110.17 qoe=   0.0 qoe_q=  -71.9 eps=0.050 loss=0.1214
[ep 1283] redandblack  static_B_2019.12.16_13.40.04.csv@1134  reward= -186.13 qoe=   0.0 qoe_q= -111.8 eps=0.050 loss=0.1384
[ep 1284] soldier      static_B_2019.12.16_13.40.04.csv@714   reward= -268.62 qoe=   0.0 qoe_q= -181.2 eps=0.050 loss=0.1344
[ep 1285] longdress    static_B_2019.12.16_13.40.04.csv@594   reward= -401.12 qoe=   0.0 qoe_q= -174.7 eps=0.050 loss=0.1289
[ep 1286] loot         static_B_2020.02.27_18.39.27.csv@5436  reward= -113.96 qoe=   0.0 qoe_q= -104.8 eps=0.050 loss=0.1227
[ep 1287] redandblack  static_B_2020.02.27_18.39.27.csv@2136  reward=   13.04 qoe=   0.0 qoe_q=  -49.9 eps=0.050 loss=0.1357
[ep 1288] soldier      static_B_2020.02.13_13.57.29.csv@160   reward= -312.85 qoe=   0.0 qoe_q= -156.2 eps=0.050 loss=0.1412
[ep 1289] longdress    static_B_2019.12.16_13.40.04.csv@1794  reward= -531.16 qoe=   0.0 qoe_q= -216.8 eps=0.050 loss=0.1303
[ep 1290] loot         static_B_2020.02.13_13.57.29.csv@700   reward= -533.22 qoe=   0.0 qoe_q= -200.4 eps=0.050 loss=0.1298
[ep 1291] redandblack  static_B_2020.02.13_13.57.29.csv@340   reward=  -75.44 qoe=   0.0 qoe_q=  -62.0 eps=0.050 loss=0.1350
[ep 1292] soldier      static_B_2020.02.13_13.57.29.csv@1120  reward= -522.23 qoe=   0.0 qoe_q= -200.1 eps=0.050 loss=0.1498
[ep 1293] longdress    static_B_2020.02.13_13.57.29.csv@2560  reward= -108.95 qoe=   0.0 qoe_q=  -72.5 eps=0.050 loss=0.1359
[ep 1294] loot         static_B_2020.02.14_13.21.26.csv@278   reward=   59.10 qoe=   0.0 qoe_q=  -20.5 eps=0.050 loss=0.1448
[ep 1295] redandblack  static_B_2020.02.13_13.57.29.csv@2800  reward= -339.59 qoe=   0.0 qoe_q= -150.6 eps=0.050 loss=0.1427
[ep 1296] soldier      static_B_2020.02.14_13.21.26.csv@818   reward=   12.06 qoe=   0.0 qoe_q=  -39.0 eps=0.050 loss=0.1256
[ep 1297] longdress    static_B_2020.02.13_13.57.29.csv@2440  reward=-1154.89 qoe=   0.0 qoe_q= -354.3 eps=0.050 loss=0.1321
[ep 1298] loot         static_B_2020.02.14_13.21.26.csv@98    reward= -228.06 qoe=   0.0 qoe_q=  -98.3 eps=0.050 loss=0.1447
[ep 1299] redandblack  static_B_2020.02.27_18.39.27.csv@3336  reward=  -45.93 qoe=   0.0 qoe_q=  -47.9 eps=0.050 loss=0.1332
[ep 1300] soldier      static_B_2019.12.16_13.40.04.csv@654   reward=   83.84 qoe=   0.0 qoe_q=  -16.6 eps=0.050 loss=0.1343
    [eval @ ep 1300] reward=-262.74 qoe=0.0 qoe_q=-114.1 mean_q=0.856 stall=32.0s
[ep 1301] longdress    static_B_2020.02.27_18.39.27.csv@2076  reward=  -21.07 qoe=   0.0 qoe_q=  -50.6 eps=0.050 loss=0.1322
[ep 1302] loot         static_B_2020.02.27_18.39.27.csv@2796  reward=  -56.69 qoe=   0.0 qoe_q=  -67.6 eps=0.050 loss=0.1539
[ep 1303] redandblack  static_B_2020.02.27_18.39.27.csv@5316  reward=  -90.30 qoe=   0.0 qoe_q=  -66.4 eps=0.050 loss=0.1427
[ep 1304] soldier      static_B_2020.02.27_18.39.27.csv@2256  reward=   15.96 qoe=   0.0 qoe_q=  -46.0 eps=0.050 loss=0.1399
[ep 1305] longdress    static_B_2020.02.27_18.39.27.csv@876   reward= -317.01 qoe=   0.0 qoe_q= -135.3 eps=0.050 loss=0.1343
[ep 1306] loot         static_B_2020.02.27_18.39.27.csv@1056  reward=   36.39 qoe=   0.0 qoe_q=  -29.9 eps=0.050 loss=0.1271
[ep 1307] redandblack  static_B_2020.02.13_13.57.29.csv@400   reward=  -67.70 qoe=   0.0 qoe_q=  -58.2 eps=0.050 loss=0.1423
[ep 1308] soldier      static_B_2020.02.27_18.39.27.csv@1416  reward=   16.42 qoe=   0.0 qoe_q=  -45.0 eps=0.050 loss=0.1291
[ep 1309] longdress    static_B_2020.02.13_13.57.29.csv@760   reward= -462.55 qoe=   0.0 qoe_q= -175.2 eps=0.050 loss=0.1360
[ep 1310] loot         static_B_2020.02.13_13.57.29.csv@1480  reward=  -33.78 qoe=   0.0 qoe_q=  -52.1 eps=0.050 loss=0.1387
[ep 1311] redandblack  static_B_2020.02.27_18.39.27.csv@3996  reward= -122.91 qoe=   0.0 qoe_q=  -80.9 eps=0.050 loss=0.1262
[ep 1312] soldier      static_B_2019.12.16_13.40.04.csv@1674  reward=  -80.80 qoe=   0.0 qoe_q=  -58.1 eps=0.050 loss=0.1291
[ep 1313] longdress    static_B_2020.02.27_18.39.27.csv@3636  reward= -212.08 qoe=   0.0 qoe_q= -113.7 eps=0.050 loss=0.1375
[ep 1314] loot         static_B_2020.02.27_18.39.27.csv@4056  reward=   58.72 qoe=   0.0 qoe_q=  -26.8 eps=0.050 loss=0.1397
[ep 1315] redandblack  static_B_2020.02.14_13.21.26.csv@158   reward=    6.54 qoe=   0.0 qoe_q=  -46.8 eps=0.050 loss=0.1235
[ep 1316] soldier      static_B_2019.12.16_13.40.04.csv@954   reward= -342.01 qoe=   0.0 qoe_q= -145.6 eps=0.050 loss=0.1363
[ep 1317] longdress    static_B_2020.02.27_18.39.27.csv@3756  reward=   25.49 qoe=   0.0 qoe_q=  -40.4 eps=0.050 loss=0.1503
[ep 1318] loot         static_B_2019.12.16_13.40.04.csv@1904  reward=   72.88 qoe=   0.0 qoe_q=  -21.7 eps=0.050 loss=0.1360
[ep 1319] redandblack  static_B_2020.02.13_13.57.29.csv@1780  reward= -611.42 qoe=   0.0 qoe_q= -204.5 eps=0.050 loss=0.1373
[ep 1320] soldier      static_B_2020.02.27_18.39.27.csv@96    reward= -110.56 qoe=   0.0 qoe_q=  -69.6 eps=0.050 loss=0.1246
[ep 1321] longdress    static_B_2020.02.27_18.39.27.csv@3936  reward=   46.93 qoe=   0.0 qoe_q=  -24.8 eps=0.050 loss=0.1296
[ep 1322] loot         static_B_2020.02.13_13.57.29.csv@2200  reward= -262.69 qoe=   0.0 qoe_q= -124.4 eps=0.050 loss=0.1374
[ep 1323] redandblack  static_B_2020.02.27_18.39.27.csv@4656  reward=-1192.33 qoe=   0.0 qoe_q= -362.2 eps=0.050 loss=0.1427
[ep 1324] soldier      static_B_2020.02.27_18.39.27.csv@756   reward=   12.71 qoe=   0.0 qoe_q=  -40.2 eps=0.050 loss=0.1280
[ep 1325] longdress    static_B_2019.12.16_13.40.04.csv@1494  reward=   -5.46 qoe=   0.0 qoe_q=  -68.5 eps=0.050 loss=0.1459
[ep 1326] loot         static_B_2020.02.13_13.57.29.csv@1540  reward= -127.66 qoe=   0.0 qoe_q=  -90.3 eps=0.050 loss=0.1342
[ep 1327] redandblack  static_B_2020.02.27_18.39.27.csv@5616  reward=  -38.54 qoe=   0.0 qoe_q=  -77.4 eps=0.050 loss=0.1418
[ep 1328] soldier      static_B_2020.02.27_18.39.27.csv@5736  reward= -137.16 qoe=   0.0 qoe_q=  -87.5 eps=0.050 loss=0.1419
[ep 1329] longdress    static_B_2020.02.13_13.57.29.csv@2680  reward=  -36.83 qoe=   0.0 qoe_q=  -51.2 eps=0.050 loss=0.1383
[ep 1330] loot         static_B_2019.12.16_13.40.04.csv@414   reward= -213.70 qoe=   0.0 qoe_q= -111.7 eps=0.050 loss=0.1301
[ep 1331] redandblack  static_B_2019.12.16_13.40.04.csv@54    reward=  -74.44 qoe=   0.0 qoe_q=  -56.2 eps=0.050 loss=0.1350
[ep 1332] soldier      static_B_2020.02.27_18.39.27.csv@3876  reward= -343.47 qoe=   0.0 qoe_q= -168.4 eps=0.050 loss=0.1374
[ep 1333] longdress    static_B_2020.02.27_18.39.27.csv@1296  reward= -127.54 qoe=   0.0 qoe_q=  -72.2 eps=0.050 loss=0.1305
[ep 1334] loot         static_B_2020.02.27_18.39.27.csv@5076  reward=   71.61 qoe=   0.0 qoe_q=  -12.9 eps=0.050 loss=0.1417
[ep 1335] redandblack  static_B_2020.02.27_18.39.27.csv@1656  reward=  -57.42 qoe=   0.0 qoe_q=  -64.0 eps=0.050 loss=0.1347
[ep 1336] soldier      static_B_2020.02.27_18.39.27.csv@2676  reward= -191.53 qoe=   0.0 qoe_q=  -96.9 eps=0.050 loss=0.1409
[ep 1337] longdress    static_B_2019.12.16_13.40.04.csv@1194  reward= -284.64 qoe=   0.0 qoe_q= -128.7 eps=0.050 loss=0.1268
[ep 1338] loot         static_B_2020.02.13_13.57.29.csv@2945  reward= -104.55 qoe=   0.0 qoe_q=  -67.8 eps=0.050 loss=0.1364
[ep 1339] redandblack  static_B_2020.02.27_18.39.27.csv@1356  reward=   12.36 qoe=   0.0 qoe_q=  -46.8 eps=0.050 loss=0.1404
[ep 1340] soldier      static_B_2020.02.13_13.57.29.csv@1960  reward= -234.61 qoe=   0.0 qoe_q= -101.3 eps=0.050 loss=0.1248
[ep 1341] longdress    static_B_2020.02.27_18.39.27.csv@216   reward= -240.13 qoe=   0.0 qoe_q= -117.1 eps=0.050 loss=0.1368
[ep 1342] loot         static_B_2020.02.27_18.39.27.csv@1536  reward=  -74.27 qoe=   0.0 qoe_q=  -59.7 eps=0.050 loss=0.1339
[ep 1343] redandblack  static_B_2020.02.27_18.39.27.csv@1896  reward=  -13.74 qoe=   0.0 qoe_q=  -40.2 eps=0.050 loss=0.1395
[ep 1344] soldier      static_B_2020.02.27_18.39.27.csv@1956  reward= -125.89 qoe=   0.0 qoe_q=  -77.4 eps=0.050 loss=0.1420
[ep 1345] longdress    static_B_2020.02.27_18.39.27.csv@2016  reward=  -74.15 qoe=   0.0 qoe_q=  -63.5 eps=0.050 loss=0.1358
[ep 1346] loot         static_B_2020.02.27_18.39.27.csv@5676  reward=   26.03 qoe=   0.0 qoe_q=  -28.1 eps=0.050 loss=0.1291
[ep 1347] redandblack  static_B_2020.02.14_13.21.26.csv@758   reward=   34.84 qoe=   0.0 qoe_q=  -26.3 eps=0.050 loss=0.1381
[ep 1348] soldier      static_B_2020.02.27_18.39.27.csv@3156  reward=-1302.66 qoe=   0.0 qoe_q= -404.6 eps=0.050 loss=0.1294
[ep 1349] longdress    static_B_2020.02.27_18.39.27.csv@3576  reward=  -93.60 qoe=   0.0 qoe_q=  -71.8 eps=0.050 loss=0.1425
[ep 1350] loot         static_B_2020.02.13_13.57.29.csv@1300  reward= -111.68 qoe=   0.0 qoe_q=  -91.4 eps=0.050 loss=0.1274
[ep 1351] redandblack  static_B_2020.02.13_13.57.29.csv@1720  reward= -307.05 qoe=   0.0 qoe_q= -131.7 eps=0.050 loss=0.1431
[ep 1352] soldier      static_B_2020.02.14_13.21.26.csv@218   reward= -145.24 qoe=   0.0 qoe_q=  -82.9 eps=0.050 loss=0.1288
[ep 1353] longdress    static_B_2020.02.13_13.57.29.csv@40    reward= -510.06 qoe=   0.0 qoe_q= -260.1 eps=0.050 loss=0.1290
[ep 1354] loot         static_B_2020.02.27_18.39.27.csv@336   reward= -296.14 qoe=   0.0 qoe_q= -145.7 eps=0.050 loss=0.1385
[ep 1355] redandblack  static_B_2020.02.27_18.39.27.csv@696   reward= -407.06 qoe=   0.0 qoe_q= -198.2 eps=0.050 loss=0.1343
[ep 1356] soldier      static_B_2020.02.14_13.21.26.csv@578   reward=   38.79 qoe=   0.0 qoe_q=  -48.9 eps=0.050 loss=0.1236
[ep 1357] longdress    static_B_2019.12.16_13.40.04.csv@354   reward= -230.26 qoe=   0.0 qoe_q= -120.7 eps=0.050 loss=0.1347
[ep 1358] loot         static_B_2020.02.14_13.21.26.csv@638   reward=   19.77 qoe=   0.0 qoe_q=  -32.2 eps=0.050 loss=0.1300
[ep 1359] redandblack  static_B_2020.02.13_13.57.29.csv@1840  reward= -241.13 qoe=   0.0 qoe_q= -142.3 eps=0.050 loss=0.1216
[ep 1360] soldier      static_B_2019.12.16_13.40.04.csv@294   reward= -446.31 qoe=   0.0 qoe_q= -190.1 eps=0.050 loss=0.1313
[ep 1361] longdress    static_B_2020.02.27_18.39.27.csv@4596  reward= -198.60 qoe=   0.0 qoe_q=  -90.1 eps=0.050 loss=0.1376
[ep 1362] loot         static_B_2020.02.27_18.39.27.csv@816   reward=   47.01 qoe=   0.0 qoe_q=  -20.0 eps=0.050 loss=0.1306
[ep 1363] redandblack  static_B_2019.12.16_13.40.04.csv@1904  reward=   76.81 qoe=   0.0 qoe_q=  -16.0 eps=0.050 loss=0.1406
[ep 1364] soldier      static_B_2020.02.13_13.57.29.csv@2020  reward=  -60.73 qoe=   0.0 qoe_q=  -52.0 eps=0.050 loss=0.1385
[ep 1365] longdress    static_B_2020.02.13_13.57.29.csv@820   reward= -263.45 qoe=   0.0 qoe_q= -106.8 eps=0.050 loss=0.1385
[ep 1366] loot         static_B_2020.02.27_18.39.27.csv@4836  reward=   -8.18 qoe=   0.0 qoe_q=  -39.1 eps=0.050 loss=0.1331
[ep 1367] redandblack  static_B_2020.02.27_18.39.27.csv@4116  reward=   52.85 qoe=   0.0 qoe_q=  -17.2 eps=0.050 loss=0.1380
[ep 1368] soldier      static_B_2020.02.13_13.57.29.csv@2620  reward=  -83.86 qoe=   0.0 qoe_q=  -56.8 eps=0.050 loss=0.1358
[ep 1369] longdress    static_B_2019.12.16_13.40.04.csv@1614  reward= -206.20 qoe=   0.0 qoe_q=  -95.4 eps=0.050 loss=0.1338
[ep 1370] loot         static_B_2019.12.16_13.40.04.csv@1734  reward= -391.39 qoe=   0.0 qoe_q= -139.5 eps=0.050 loss=0.1412
[ep 1371] redandblack  static_B_2019.12.16_13.40.04.csv@774   reward=  -23.62 qoe=   0.0 qoe_q=  -37.7 eps=0.050 loss=0.1393
[ep 1372] soldier      static_B_2020.02.27_18.39.27.csv@276   reward=  -81.76 qoe=   0.0 qoe_q=  -67.9 eps=0.050 loss=0.1419
[ep 1373] longdress    static_B_2019.12.16_13.40.04.csv@1554  reward=  -91.47 qoe=   0.0 qoe_q=  -78.8 eps=0.050 loss=0.1392
[ep 1374] loot         static_B_2020.02.13_13.57.29.csv@2860  reward= -118.63 qoe=   0.0 qoe_q=  -88.5 eps=0.050 loss=0.1396
[ep 1375] redandblack  static_B_2020.02.27_18.39.27.csv@1836  reward=  -92.79 qoe=   0.0 qoe_q=  -62.3 eps=0.050 loss=0.1256
[ep 1376] soldier      static_B_2020.02.27_18.39.27.csv@1476  reward= -428.45 qoe=   0.0 qoe_q= -165.1 eps=0.050 loss=0.1401
[ep 1377] longdress    static_B_2020.02.14_13.21.26.csv@698   reward=    2.33 qoe=   0.0 qoe_q=  -56.9 eps=0.050 loss=0.1543
[ep 1378] loot         static_B_2020.02.13_13.57.29.csv@460   reward=  -92.10 qoe=   0.0 qoe_q=  -81.1 eps=0.050 loss=0.1323
[ep 1379] redandblack  static_B_2020.02.13_13.57.29.csv@220   reward= -129.73 qoe=   0.0 qoe_q=  -83.3 eps=0.050 loss=0.1521
[ep 1380] soldier      static_B_2020.02.27_18.39.27.csv@2196  reward= -217.97 qoe=   0.0 qoe_q=  -95.1 eps=0.050 loss=0.1404
[ep 1381] longdress    static_B_2020.02.27_18.39.27.csv@4476  reward= -151.89 qoe=   0.0 qoe_q=  -91.8 eps=0.050 loss=0.1327
[ep 1382] loot         static_B_2020.02.27_18.39.27.csv@2556  reward= -444.13 qoe=   0.0 qoe_q= -156.5 eps=0.050 loss=0.1383
[ep 1383] redandblack  static_B_2020.02.13_13.57.29.csv@1600  reward=   48.89 qoe=   0.0 qoe_q=  -20.7 eps=0.050 loss=0.1558
[ep 1384] soldier      static_B_2020.02.13_13.57.29.csv@1660  reward= -199.86 qoe=   0.0 qoe_q= -108.2 eps=0.050 loss=0.1244
[ep 1385] longdress    static_B_2020.02.27_18.39.27.csv@516   reward=-1610.22 qoe=   0.0 qoe_q= -488.2 eps=0.050 loss=0.1355
[ep 1386] loot         static_B_2019.12.16_13.40.04.csv@534   reward=  -66.49 qoe=   0.0 qoe_q=  -83.4 eps=0.050 loss=0.1263
[ep 1387] redandblack  static_B_2020.02.13_13.57.29.csv@2740  reward= -220.65 qoe=   0.0 qoe_q= -113.1 eps=0.050 loss=0.1376
[ep 1388] soldier      static_B_2020.02.13_13.57.29.csv@2140  reward= -330.03 qoe=   0.0 qoe_q= -138.4 eps=0.050 loss=0.1365
[ep 1389] longdress    static_B_2020.02.27_18.39.27.csv@5136  reward=  -62.93 qoe=   0.0 qoe_q=  -70.4 eps=0.050 loss=0.1386
[ep 1390] loot         static_B_2020.02.27_18.39.27.csv@5196  reward= -165.79 qoe=   0.0 qoe_q= -111.2 eps=0.050 loss=0.1345
[ep 1391] redandblack  static_B_2020.02.13_13.57.29.csv@2945  reward= -171.08 qoe=   0.0 qoe_q= -113.9 eps=0.050 loss=0.1240
[ep 1392] soldier      static_B_2019.12.16_13.40.04.csv@1904  reward=   25.17 qoe=   0.0 qoe_q=  -75.2 eps=0.050 loss=0.1358
[ep 1393] longdress    static_B_2020.02.13_13.57.29.csv@2080  reward= -122.65 qoe=   0.0 qoe_q= -119.9 eps=0.050 loss=0.1332
[ep 1394] soldier      static_B_2020.02.27_18.39.27.csv@360   reward= -251.63 qoe=   0.0 qoe_q= -141.5 eps=0.050 loss=0.1392
[ep 1395] longdress    static_B_2019.12.16_13.40.04.csv@1816  reward= -442.02 qoe=   0.0 qoe_q= -185.8 eps=0.050 loss=0.1475
[ep 1396] loot         static_B_2019.12.16_13.40.04.csv@316   reward= -394.96 qoe=   0.0 qoe_q= -158.8 eps=0.050 loss=0.1269
[ep 1397] redandblack  static_B_2020.02.27_18.39.27.csv@720   reward=   40.78 qoe=   0.0 qoe_q=  -42.7 eps=0.050 loss=0.1168
[ep 1398] soldier      static_B_2020.02.27_18.39.27.csv@3540  reward= -449.54 qoe=   0.0 qoe_q= -194.8 eps=0.050 loss=0.1364
[ep 1399] longdress    static_B_2020.02.27_18.39.27.csv@180   reward= -147.94 qoe=   0.0 qoe_q= -121.9 eps=0.050 loss=0.1278
[ep 1400] loot         static_B_2020.02.13_13.57.29.csv@1577  reward=   14.14 qoe=   0.0 qoe_q=  -68.0 eps=0.050 loss=0.1338
    [eval @ ep 1400] reward=-301.16 qoe=0.0 qoe_q=-163.2 mean_q=0.752 stall=30.8s
[ep 1401] redandblack  static_B_2020.02.13_13.57.29.csv@1997  reward=  -40.87 qoe=   0.0 qoe_q=  -88.8 eps=0.050 loss=0.1398
[ep 1402] soldier      static_B_2020.02.27_18.39.27.csv@2880  reward=  -20.16 qoe=   0.0 qoe_q=  -53.3 eps=0.050 loss=0.1279
[ep 1403] longdress    static_B_2019.12.16_13.40.04.csv@1156  reward= -273.18 qoe=   0.0 qoe_q= -131.8 eps=0.050 loss=0.1333
[ep 1404] loot         static_B_2020.02.27_18.39.27.csv@4500  reward=  -54.34 qoe=   0.0 qoe_q=  -67.4 eps=0.050 loss=0.1359
[ep 1405] redandblack  static_B_2020.02.13_13.57.29.csv@1517  reward= -357.21 qoe=   0.0 qoe_q= -157.6 eps=0.050 loss=0.1467
[ep 1406] soldier      static_B_2019.12.16_13.40.04.csv@1336  reward= -806.25 qoe=   0.0 qoe_q= -355.6 eps=0.050 loss=0.1397
[ep 1407] longdress    static_B_2020.02.27_18.39.27.csv@4260  reward=    3.03 qoe=   0.0 qoe_q=  -70.1 eps=0.050 loss=0.1286
[ep 1408] loot         static_B_2019.12.16_13.40.04.csv@16    reward=   45.63 qoe=   0.0 qoe_q=  -31.5 eps=0.050 loss=0.1441
[ep 1409] redandblack  static_B_2020.02.27_18.39.27.csv@120   reward= -175.61 qoe=   0.0 qoe_q=  -86.2 eps=0.050 loss=0.1276
[ep 1410] soldier      static_B_2020.02.27_18.39.27.csv@1200  reward=   24.57 qoe=   0.0 qoe_q=  -54.0 eps=0.050 loss=0.1408
[ep 1411] longdress    static_B_2019.12.16_13.40.04.csv@796   reward=  -54.26 qoe=   0.0 qoe_q=  -84.5 eps=0.050 loss=0.1396
[ep 1412] loot         static_B_2020.02.13_13.57.29.csv@1037  reward=  -49.01 qoe=   0.0 qoe_q=  -63.9 eps=0.050 loss=0.1243
[ep 1413] redandblack  static_B_2020.02.27_18.39.27.csv@3480  reward=   38.15 qoe=   0.0 qoe_q=  -38.8 eps=0.050 loss=0.1329
[ep 1414] soldier      static_B_2020.02.27_18.39.27.csv@1080  reward= -362.76 qoe=   0.0 qoe_q= -166.5 eps=0.050 loss=0.1440
[ep 1415] longdress    static_B_2020.02.27_18.39.27.csv@2640  reward= -571.88 qoe=   0.0 qoe_q= -203.1 eps=0.050 loss=0.1326
[ep 1416] loot         static_B_2020.02.27_18.39.27.csv@2520  reward=   14.64 qoe=   0.0 qoe_q=  -44.7 eps=0.050 loss=0.1385
[ep 1417] redandblack  static_B_2020.02.14_13.21.26.csv@772   reward=    1.84 qoe=   0.0 qoe_q=  -50.4 eps=0.050 loss=0.1558
[ep 1418] soldier      static_B_2020.02.13_13.57.29.csv@2945  reward= -146.53 qoe=   0.0 qoe_q=  -80.1 eps=0.050 loss=0.1268
[ep 1419] longdress    static_B_2020.02.14_13.21.26.csv@232   reward=   11.80 qoe=   0.0 qoe_q=  -56.5 eps=0.050 loss=0.1400
[ep 1420] loot         static_B_2020.02.14_13.21.26.csv@352   reward=  -39.28 qoe=   0.0 qoe_q=  -56.3 eps=0.050 loss=0.1259
[ep 1421] redandblack  static_B_2020.02.13_13.57.29.csv@2057  reward=   -7.14 qoe=   0.0 qoe_q=  -46.1 eps=0.050 loss=0.1402
[ep 1422] soldier      static_B_2019.12.16_13.40.04.csv@916   reward= -579.95 qoe=   0.0 qoe_q= -215.9 eps=0.050 loss=0.1535
[ep 1423] longdress    static_B_2020.02.27_18.39.27.csv@1380  reward= -131.58 qoe=   0.0 qoe_q=  -86.8 eps=0.050 loss=0.1433
[ep 1424] loot         static_B_2020.02.27_18.39.27.csv@900   reward=  -63.05 qoe=   0.0 qoe_q=  -57.4 eps=0.050 loss=0.1285
[ep 1425] redandblack  static_B_2020.02.27_18.39.27.csv@3720  reward=  -21.90 qoe=   0.0 qoe_q=  -46.4 eps=0.050 loss=0.1488
[ep 1426] soldier      static_B_2020.02.27_18.39.27.csv@1620  reward= -327.00 qoe=   0.0 qoe_q= -131.2 eps=0.050 loss=0.1419
[ep 1427] longdress    static_B_2020.02.27_18.39.27.csv@5460  reward=   46.01 qoe=   0.0 qoe_q=  -35.5 eps=0.050 loss=0.1396
[ep 1428] loot         static_B_2020.02.27_18.39.27.csv@2220  reward=   37.26 qoe=   0.0 qoe_q=  -31.5 eps=0.050 loss=0.1273
[ep 1429] redandblack  static_B_2019.12.16_13.40.04.csv@76    reward=   26.61 qoe=   0.0 qoe_q=  -38.8 eps=0.050 loss=0.1327
[ep 1430] soldier      static_B_2019.12.16_13.40.04.csv@1904  reward=   61.18 qoe=   0.0 qoe_q=  -25.6 eps=0.050 loss=0.1411
[ep 1431] longdress    static_B_2020.02.27_18.39.27.csv@2160  reward=  -34.78 qoe=   0.0 qoe_q=  -53.0 eps=0.050 loss=0.1333
[ep 1432] loot         static_B_2020.02.13_13.57.29.csv@2537  reward= -240.68 qoe=   0.0 qoe_q= -113.3 eps=0.050 loss=0.1324
[ep 1433] redandblack  static_B_2020.02.14_13.21.26.csv@532   reward=   12.16 qoe=   0.0 qoe_q=  -38.1 eps=0.050 loss=0.1391
[ep 1434] soldier      static_B_2020.02.27_18.39.27.csv@3420  reward=   42.53 qoe=   0.0 qoe_q=  -37.3 eps=0.050 loss=0.1383
[ep 1435] longdress    static_B_2019.12.16_13.40.04.csv@616   reward= -383.09 qoe=   0.0 qoe_q= -160.1 eps=0.050 loss=0.1309
[ep 1436] loot         static_B_2020.02.27_18.39.27.csv@660   reward= -177.83 qoe=   0.0 qoe_q=  -95.5 eps=0.050 loss=0.1163
[ep 1437] redandblack  static_B_2020.02.27_18.39.27.csv@4860  reward= -363.67 qoe=   0.0 qoe_q= -154.8 eps=0.050 loss=0.1301
[ep 1438] soldier      static_B_2020.02.13_13.57.29.csv@2597  reward= -126.65 qoe=   0.0 qoe_q=  -77.4 eps=0.050 loss=0.1251
[ep 1439] longdress    static_B_2019.12.16_13.40.04.csv@196   reward= -364.30 qoe=   0.0 qoe_q= -161.3 eps=0.050 loss=0.1365
[ep 1440] loot         static_B_2020.02.13_13.57.29.csv@317   reward= -146.54 qoe=   0.0 qoe_q=  -91.5 eps=0.050 loss=0.1390
[ep 1441] redandblack  static_B_2020.02.13_13.57.29.csv@2477  reward= -247.56 qoe=   0.0 qoe_q= -138.8 eps=0.050 loss=0.1343
[ep 1442] soldier      static_B_2020.02.27_18.39.27.csv@60    reward=   -5.70 qoe=   0.0 qoe_q= -104.7 eps=0.050 loss=0.1485
[ep 1443] longdress    static_B_2020.02.13_13.57.29.csv@1637  reward= -436.21 qoe=   0.0 qoe_q= -205.0 eps=0.050 loss=0.1416
[ep 1444] loot         static_B_2020.02.27_18.39.27.csv@3180  reward=  -85.36 qoe=   0.0 qoe_q= -131.7 eps=0.050 loss=0.1402
[ep 1445] redandblack  static_B_2020.02.13_13.57.29.csv@17    reward=  -37.98 qoe=   0.0 qoe_q= -104.0 eps=0.050 loss=0.1340
[ep 1446] soldier      static_B_2020.02.14_13.21.26.csv@412   reward= -182.68 qoe=   0.0 qoe_q= -157.7 eps=0.050 loss=0.1542
[ep 1447] longdress    static_B_2020.02.13_13.57.29.csv@2897  reward= -181.02 qoe=   0.0 qoe_q= -152.5 eps=0.050 loss=0.1303
[ep 1448] loot         static_B_2020.02.13_13.57.29.csv@1397  reward= -347.04 qoe=   0.0 qoe_q= -192.8 eps=0.050 loss=0.1320
[ep 1449] redandblack  static_B_2020.02.27_18.39.27.csv@3840  reward= -555.36 qoe=   0.0 qoe_q= -238.7 eps=0.050 loss=0.1392
[ep 1450] soldier      static_B_2020.02.13_13.57.29.csv@437   reward= -359.05 qoe=   0.0 qoe_q= -190.1 eps=0.050 loss=0.1301
[ep 1451] longdress    static_B_2020.02.27_18.39.27.csv@4920  reward= -166.49 qoe=   0.0 qoe_q= -133.6 eps=0.050 loss=0.1336
[ep 1452] loot         static_B_2019.12.16_13.40.04.csv@1904  reward=   47.99 qoe=   0.0 qoe_q=  -47.7 eps=0.050 loss=0.1474
[ep 1453] redandblack  static_B_2020.02.27_18.39.27.csv@4740  reward=  -53.75 qoe=   0.0 qoe_q=  -68.1 eps=0.050 loss=0.1257
[ep 1454] soldier      static_B_2019.12.16_13.40.04.csv@1636  reward= -290.83 qoe=   0.0 qoe_q= -134.7 eps=0.050 loss=0.1454
[ep 1455] longdress    static_B_2019.12.16_13.40.04.csv@496   reward= -227.10 qoe=   0.0 qoe_q= -115.8 eps=0.050 loss=0.1477
[ep 1456] loot         static_B_2019.12.16_13.40.04.csv@1756  reward=  -42.37 qoe=   0.0 qoe_q=  -65.3 eps=0.050 loss=0.1319
[ep 1457] redandblack  static_B_2020.02.27_18.39.27.csv@5100  reward=  -58.40 qoe=   0.0 qoe_q=  -68.8 eps=0.050 loss=0.1480
[ep 1458] soldier      static_B_2019.12.16_13.40.04.csv@1516  reward= -194.61 qoe=   0.0 qoe_q= -111.4 eps=0.050 loss=0.1441
[ep 1459] longdress    static_B_2020.02.27_18.39.27.csv@4320  reward= -124.30 qoe=   0.0 qoe_q=  -86.0 eps=0.050 loss=0.1489
[ep 1460] loot         static_B_2020.02.27_18.39.27.csv@420   reward=    9.20 qoe=   0.0 qoe_q=  -67.8 eps=0.050 loss=0.1419
[ep 1461] redandblack  static_B_2020.02.27_18.39.27.csv@1260  reward=   36.19 qoe=   0.0 qoe_q=  -44.6 eps=0.050 loss=0.1364
[ep 1462] soldier      static_B_2020.02.14_13.21.26.csv@292   reward=   43.15 qoe=   0.0 qoe_q=  -35.9 eps=0.050 loss=0.1441
[ep 1463] longdress    static_B_2019.12.16_13.40.04.csv@1096  reward=-2038.31 qoe=   0.0 qoe_q= -657.8 eps=0.050 loss=0.1521
[ep 1464] loot         static_B_2020.02.13_13.57.29.csv@677   reward= -681.08 qoe=   0.0 qoe_q= -253.9 eps=0.050 loss=0.1513
[ep 1465] redandblack  static_B_2020.02.13_13.57.29.csv@1757  reward= -395.58 qoe=   0.0 qoe_q= -150.3 eps=0.050 loss=0.1289
[ep 1466] soldier      static_B_2020.02.27_18.39.27.csv@5160  reward=  -59.69 qoe=   0.0 qoe_q=  -92.9 eps=0.050 loss=0.1583
[ep 1467] longdress    static_B_2020.02.27_18.39.27.csv@480   reward=  -91.68 qoe=   0.0 qoe_q=  -80.7 eps=0.050 loss=0.1514
[ep 1468] loot         static_B_2020.02.27_18.39.27.csv@2940  reward=   47.82 qoe=   0.0 qoe_q=  -42.8 eps=0.050 loss=0.1359
[ep 1469] redandblack  static_B_2020.02.27_18.39.27.csv@3600  reward=   -9.56 qoe=   0.0 qoe_q=  -58.9 eps=0.050 loss=0.1370
[ep 1470] soldier      static_B_2019.12.16_13.40.04.csv@136   reward= -317.65 qoe=   0.0 qoe_q= -154.7 eps=0.050 loss=0.1455
[ep 1471] longdress    static_B_2020.02.13_13.57.29.csv@977   reward=-1140.49 qoe=   0.0 qoe_q= -430.6 eps=0.050 loss=0.1335
[ep 1472] loot         static_B_2020.02.27_18.39.27.csv@3360  reward=   20.32 qoe=   0.0 qoe_q=  -46.2 eps=0.050 loss=0.1353
[ep 1473] redandblack  static_B_2020.02.27_18.39.27.csv@4560  reward=   15.94 qoe=   0.0 qoe_q=  -29.2 eps=0.050 loss=0.1262
[ep 1474] soldier      static_B_2020.02.13_13.57.29.csv@1337  reward= -189.11 qoe=   0.0 qoe_q=  -96.4 eps=0.050 loss=0.1538
[ep 1475] longdress    static_B_2020.02.13_13.57.29.csv@1157  reward= -201.94 qoe=   0.0 qoe_q= -105.8 eps=0.050 loss=0.1305
[ep 1476] loot         static_B_2020.02.27_18.39.27.csv@1140  reward= -278.47 qoe=   0.0 qoe_q= -116.9 eps=0.050 loss=0.1509
[ep 1477] redandblack  static_B_2020.02.27_18.39.27.csv@4440  reward= -137.36 qoe=   0.0 qoe_q=  -99.0 eps=0.050 loss=0.1259
[ep 1478] soldier      static_B_2019.12.16_13.40.04.csv@436   reward=-1491.67 qoe=   0.0 qoe_q= -447.0 eps=0.050 loss=0.1546
[ep 1479] longdress    static_B_2020.02.27_18.39.27.csv@1800  reward= -137.37 qoe=   0.0 qoe_q= -112.4 eps=0.050 loss=0.1299
[ep 1480] loot         static_B_2019.12.16_13.40.04.csv@1036  reward= -177.64 qoe=   0.0 qoe_q=  -96.6 eps=0.050 loss=0.1406
[ep 1481] redandblack  static_B_2020.02.27_18.39.27.csv@2340  reward=-1402.44 qoe=   0.0 qoe_q= -435.1 eps=0.050 loss=0.1360
[ep 1482] soldier      static_B_2020.02.27_18.39.27.csv@2100  reward=  -91.85 qoe=   0.0 qoe_q=  -82.2 eps=0.050 loss=0.1428
[ep 1483] longdress    static_B_2020.02.27_18.39.27.csv@960   reward=  -58.00 qoe=   0.0 qoe_q=  -94.6 eps=0.050 loss=0.1403
[ep 1484] loot         static_B_2020.02.27_18.39.27.csv@780   reward=  -73.34 qoe=   0.0 qoe_q=  -91.7 eps=0.050 loss=0.1434
[ep 1485] redandblack  static_B_2020.02.27_18.39.27.csv@1320  reward= -358.03 qoe=   0.0 qoe_q= -183.2 eps=0.050 loss=0.1353
[ep 1486] soldier      static_B_2020.02.13_13.57.29.csv@1817  reward= -221.92 qoe=   0.0 qoe_q= -122.6 eps=0.050 loss=0.1519
[ep 1487] longdress    static_B_2020.02.27_18.39.27.csv@4140  reward= -121.13 qoe=   0.0 qoe_q= -131.7 eps=0.050 loss=0.1476
[ep 1488] loot         static_B_2020.02.13_13.57.29.csv@2237  reward= -137.00 qoe=   0.0 qoe_q= -136.0 eps=0.050 loss=0.1491
[ep 1489] redandblack  static_B_2020.02.14_13.21.26.csv@850   reward= -126.11 qoe=   0.0 qoe_q=  -89.9 eps=0.050 loss=0.1437
[ep 1490] soldier      static_B_2020.02.27_18.39.27.csv@540   reward=-1208.33 qoe=   0.0 qoe_q= -390.4 eps=0.050 loss=0.1548
[ep 1491] longdress    static_B_2020.02.14_13.21.26.csv@652   reward=   11.67 qoe=   0.0 qoe_q=  -51.7 eps=0.050 loss=0.1427
[ep 1492] loot         static_B_2020.02.27_18.39.27.csv@3120  reward=-1844.02 qoe=   0.0 qoe_q= -570.6 eps=0.050 loss=0.1360
[ep 1493] redandblack  static_B_2019.12.16_13.40.04.csv@1456  reward= -209.60 qoe=   0.0 qoe_q= -143.1 eps=0.050 loss=0.1353
[ep 1494] soldier      static_B_2020.02.13_13.57.29.csv@2417  reward=-1464.85 qoe=   0.0 qoe_q= -454.2 eps=0.050 loss=0.1556
[ep 1495] longdress    static_B_2020.02.27_18.39.27.csv@300   reward=  -99.23 qoe=   0.0 qoe_q=  -84.6 eps=0.050 loss=0.1331
[ep 1496] loot         static_B_2020.02.27_18.39.27.csv@1440  reward=  -23.55 qoe=   0.0 qoe_q=  -73.1 eps=0.050 loss=0.1419
[ep 1497] redandblack  static_B_2019.12.16_13.40.04.csv@256   reward= -204.97 qoe=   0.0 qoe_q= -120.1 eps=0.050 loss=0.1500
[ep 1498] soldier      static_B_2020.02.13_13.57.29.csv@197   reward= -319.74 qoe=   0.0 qoe_q= -148.7 eps=0.050 loss=0.1466
[ep 1499] longdress    static_B_2020.02.27_18.39.27.csv@3300  reward=   50.26 qoe=   0.0 qoe_q=  -46.4 eps=0.050 loss=0.1520
[ep 1500] loot         static_B_2020.02.13_13.57.29.csv@857   reward= -272.53 qoe=   0.0 qoe_q= -139.1 eps=0.050 loss=0.1413
    [eval @ ep 1500] reward=-281.16 qoe=0.0 qoe_q=-145.5 mean_q=0.779 stall=30.3s
[ep 1501] redandblack  static_B_2019.12.16_13.40.04.csv@1576  reward=   33.37 qoe=   0.0 qoe_q=  -59.4 eps=0.050 loss=0.1417
[ep 1502] soldier      static_B_2020.02.27_18.39.27.csv@3900  reward=   28.04 qoe=   0.0 qoe_q=  -51.7 eps=0.050 loss=0.1422
[ep 1503] longdress    static_B_2020.02.27_18.39.27.csv@5742  reward= -174.94 qoe=   0.0 qoe_q=  -95.2 eps=0.050 loss=0.1617
[ep 1504] loot         static_B_2020.02.27_18.39.27.csv@1860  reward= -105.11 qoe=   0.0 qoe_q=  -78.7 eps=0.050 loss=0.1503
[ep 1505] redandblack  static_B_2020.02.27_18.39.27.csv@3240  reward= -123.45 qoe=   0.0 qoe_q=  -80.1 eps=0.050 loss=0.1486
[ep 1506] soldier      static_B_2020.02.14_13.21.26.csv@832   reward=  -88.42 qoe=   0.0 qoe_q=  -91.1 eps=0.050 loss=0.1478
[ep 1507] longdress    static_B_2020.02.14_13.21.26.csv@172   reward= -265.12 qoe=   0.0 qoe_q= -122.6 eps=0.050 loss=0.1510
[ep 1508] loot         static_B_2020.02.13_13.57.29.csv@1457  reward= -165.48 qoe=   0.0 qoe_q=  -95.8 eps=0.050 loss=0.1525
[ep 1509] redandblack  static_B_2020.02.13_13.57.29.csv@2717  reward= -118.84 qoe=   0.0 qoe_q=  -96.1 eps=0.050 loss=0.1533
[ep 1510] soldier      static_B_2020.02.13_13.57.29.csv@257   reward=  -79.26 qoe=   0.0 qoe_q=  -73.1 eps=0.050 loss=0.1416
[ep 1511] longdress    static_B_2019.12.16_13.40.04.csv@1396  reward= -168.37 qoe=   0.0 qoe_q=  -92.4 eps=0.050 loss=0.1425
[ep 1512] loot         static_B_2020.02.27_18.39.27.csv@2400  reward=   12.82 qoe=   0.0 qoe_q=  -36.0 eps=0.050 loss=0.1557
[ep 1513] redandblack  static_B_2020.02.27_18.39.27.csv@4380  reward= -222.03 qoe=   0.0 qoe_q= -109.5 eps=0.050 loss=0.1478
[ep 1514] soldier      static_B_2020.02.27_18.39.27.csv@3060  reward= -261.53 qoe=   0.0 qoe_q= -122.0 eps=0.050 loss=0.1543
[ep 1515] longdress    static_B_2019.12.16_13.40.04.csv@556   reward= -140.27 qoe=   0.0 qoe_q=  -81.8 eps=0.050 loss=0.1337
[ep 1516] loot         static_B_2020.02.27_18.39.27.csv@3960  reward=   56.64 qoe=   0.0 qoe_q=  -30.0 eps=0.050 loss=0.1456
[ep 1517] redandblack  static_B_2020.02.13_13.57.29.csv@2357  reward= -248.95 qoe=   0.0 qoe_q= -115.8 eps=0.050 loss=0.1341
[ep 1518] soldier      static_B_2020.02.13_13.57.29.csv@797   reward= -304.60 qoe=   0.0 qoe_q= -130.7 eps=0.050 loss=0.1270
[ep 1519] longdress    static_B_2020.02.13_13.57.29.csv@2837  reward= -365.00 qoe=   0.0 qoe_q= -140.6 eps=0.050 loss=0.1410
[ep 1520] loot         static_B_2020.02.13_13.57.29.csv@377   reward= -341.13 qoe=   0.0 qoe_q= -137.8 eps=0.050 loss=0.1492
[ep 1521] redandblack  static_B_2020.02.13_13.57.29.csv@917   reward= -405.41 qoe=   0.0 qoe_q= -165.4 eps=0.050 loss=0.1524
[ep 1522] soldier      static_B_2019.12.16_13.40.04.csv@676   reward= -182.98 qoe=   0.0 qoe_q= -139.4 eps=0.050 loss=0.1500
[ep 1523] longdress    static_B_2020.02.27_18.39.27.csv@600   reward=   -1.17 qoe=   0.0 qoe_q= -100.4 eps=0.050 loss=0.1450
[ep 1524] loot         static_B_2020.02.13_13.57.29.csv@1217  reward=  -29.88 qoe=   0.0 qoe_q= -100.6 eps=0.050 loss=0.1396
[ep 1525] redandblack  static_B_2020.02.27_18.39.27.csv@3780  reward= -573.56 qoe=   0.0 qoe_q= -234.8 eps=0.050 loss=0.1354
[ep 1526] soldier      static_B_2020.02.14_13.21.26.csv@712   reward=   16.70 qoe=   0.0 qoe_q=  -89.8 eps=0.050 loss=0.1450
[ep 1527] longdress    static_B_2019.12.16_13.40.04.csv@1696  reward= -314.79 qoe=   0.0 qoe_q= -178.2 eps=0.050 loss=0.1320
[ep 1528] loot         static_B_2020.02.27_18.39.27.csv@5340  reward= -193.17 qoe=   0.0 qoe_q= -156.7 eps=0.050 loss=0.1523
[ep 1529] redandblack  static_B_2020.02.14_13.21.26.csv@592   reward=   -1.59 qoe=   0.0 qoe_q= -102.0 eps=0.050 loss=0.1324
[ep 1530] soldier      static_B_2020.02.27_18.39.27.csv@1980  reward= -152.64 qoe=   0.0 qoe_q= -112.6 eps=0.050 loss=0.1506
[ep 1531] longdress    static_B_2020.02.27_18.39.27.csv@4080  reward=   24.10 qoe=   0.0 qoe_q=  -63.3 eps=0.050 loss=0.1538
[ep 1532] loot         static_B_2020.02.13_13.57.29.csv@1937  reward= -497.95 qoe=   0.0 qoe_q= -183.2 eps=0.050 loss=0.1433
[ep 1533] redandblack  static_B_2020.02.27_18.39.27.csv@2820  reward= -143.15 qoe=   0.0 qoe_q=  -89.7 eps=0.050 loss=0.1463
[ep 1534] soldier      static_B_2019.12.16_13.40.04.csv@976   reward= -125.38 qoe=   0.0 qoe_q=  -81.2 eps=0.050 loss=0.1521
[ep 1535] longdress    static_B_2020.02.27_18.39.27.csv@5280  reward=  -66.72 qoe=   0.0 qoe_q=  -76.0 eps=0.050 loss=0.1349
[ep 1536] loot         static_B_2020.02.13_13.57.29.csv@137   reward= -192.61 qoe=   0.0 qoe_q=  -88.0 eps=0.050 loss=0.1411
[ep 1537] redandblack  static_B_2019.12.16_13.40.04.csv@1216  reward= -113.91 qoe=   0.0 qoe_q=  -71.8 eps=0.050 loss=0.1390
[ep 1538] soldier      static_B_2020.02.27_18.39.27.csv@5700  reward= -209.57 qoe=   0.0 qoe_q= -102.2 eps=0.050 loss=0.1311
[ep 1539] longdress    static_B_2020.02.27_18.39.27.csv@1740  reward= -154.80 qoe=   0.0 qoe_q=  -82.0 eps=0.050 loss=0.1543
[ep 1540] loot         static_B_2020.02.13_13.57.29.csv@2777  reward= -157.74 qoe=   0.0 qoe_q=  -78.9 eps=0.050 loss=0.1381
[ep 1541] redandblack  static_B_2020.02.27_18.39.27.csv@1920  reward=   11.63 qoe=   0.0 qoe_q=  -50.5 eps=0.050 loss=0.1434
[ep 1542] soldier      static_B_2020.02.27_18.39.27.csv@5580  reward= -326.05 qoe=   0.0 qoe_q= -152.2 eps=0.050 loss=0.1455
[ep 1543] longdress    static_B_2020.02.27_18.39.27.csv@1020  reward= -277.44 qoe=   0.0 qoe_q= -151.8 eps=0.050 loss=0.1440
[ep 1544] loot         static_B_2020.02.27_18.39.27.csv@2760  reward=   16.40 qoe=   0.0 qoe_q=  -73.0 eps=0.050 loss=0.1442
[ep 1545] redandblack  static_B_2020.02.27_18.39.27.csv@2280  reward=  -84.54 qoe=   0.0 qoe_q=  -75.9 eps=0.050 loss=0.1511
[ep 1546] soldier      static_B_2020.02.14_13.21.26.csv@52    reward=   41.84 qoe=   0.0 qoe_q=  -55.8 eps=0.050 loss=0.1491
[ep 1547] longdress    static_B_2020.02.27_18.39.27.csv@4620  reward=-1665.02 qoe=   0.0 qoe_q= -534.3 eps=0.050 loss=0.1426
[ep 1548] loot         static_B_2020.02.13_13.57.29.csv@2177  reward= -163.29 qoe=   0.0 qoe_q= -119.7 eps=0.050 loss=0.1445
[ep 1549] redandblack  static_B_2020.02.27_18.39.27.csv@2460  reward=  -32.26 qoe=   0.0 qoe_q=  -62.0 eps=0.050 loss=0.1513
[ep 1550] soldier      static_B_2020.02.27_18.39.27.csv@1500  reward= -167.90 qoe=   0.0 qoe_q= -100.3 eps=0.050 loss=0.1469
[ep 1551] longdress    static_B_2020.02.13_13.57.29.csv@77    reward= -370.86 qoe=   0.0 qoe_q= -158.3 eps=0.050 loss=0.1393
[ep 1552] loot         static_B_2020.02.27_18.39.27.csv@2700  reward=   31.81 qoe=   0.0 qoe_q=  -42.2 eps=0.050 loss=0.1426
[ep 1553] redandblack  static_B_2020.02.13_13.57.29.csv@1277  reward=  -55.43 qoe=   0.0 qoe_q=  -68.3 eps=0.050 loss=0.1431
[ep 1554] soldier      static_B_2020.02.13_13.57.29.csv@557   reward= -134.75 qoe=   0.0 qoe_q= -103.4 eps=0.050 loss=0.1376
[ep 1555] longdress    static_B_2020.02.27_18.39.27.csv@0     reward=  -92.66 qoe=   0.0 qoe_q=  -73.2 eps=0.050 loss=0.1595
[ep 1556] loot         static_B_2020.02.13_13.57.29.csv@2117  reward= -108.44 qoe=   0.0 qoe_q=  -77.3 eps=0.050 loss=0.1397
[ep 1557] redandblack  static_B_2020.02.27_18.39.27.csv@1680  reward=  -59.42 qoe=   0.0 qoe_q=  -61.7 eps=0.050 loss=0.1516
[ep 1558] soldier      static_B_2020.02.13_13.57.29.csv@2945  reward= -154.72 qoe=   0.0 qoe_q=  -84.2 eps=0.050 loss=0.1493
[ep 1559] longdress    static_B_2020.02.14_13.21.26.csv@112   reward=  -44.73 qoe=   0.0 qoe_q=  -70.7 eps=0.050 loss=0.1390
[ep 1560] loot         static_B_2019.12.16_13.40.04.csv@376   reward=  -32.19 qoe=   0.0 qoe_q=  -69.1 eps=0.050 loss=0.1477
[ep 1561] redandblack  static_B_2020.02.27_18.39.27.csv@4980  reward= -171.36 qoe=   0.0 qoe_q= -104.0 eps=0.050 loss=0.1502
[ep 1562] soldier      static_B_2019.12.16_13.40.04.csv@1276  reward= -137.30 qoe=   0.0 qoe_q=  -90.5 eps=0.050 loss=0.1500
[ep 1563] longdress    static_B_2020.02.27_18.39.27.csv@4200  reward= -596.57 qoe=   0.0 qoe_q= -219.5 eps=0.050 loss=0.1393
[ep 1564] loot         static_B_2019.12.16_13.40.04.csv@856   reward=  -64.28 qoe=   0.0 qoe_q=  -86.0 eps=0.050 loss=0.1508
[ep 1565] redandblack  static_B_2020.02.13_13.57.29.csv@1097  reward= -158.48 qoe=   0.0 qoe_q=  -96.4 eps=0.050 loss=0.1522
[ep 1566] soldier      static_B_2020.02.27_18.39.27.csv@1560  reward= -115.79 qoe=   0.0 qoe_q=  -84.6 eps=0.050 loss=0.1473
[ep 1567] longdress    static_B_2020.02.27_18.39.27.csv@2040  reward= -210.08 qoe=   0.0 qoe_q= -117.4 eps=0.050 loss=0.1370
[ep 1568] loot         static_B_2020.02.13_13.57.29.csv@617   reward= -432.30 qoe=   0.0 qoe_q= -195.3 eps=0.050 loss=0.1408
[ep 1569] redandblack  static_B_2019.12.16_13.40.04.csv@1876  reward=   38.68 qoe=   0.0 qoe_q=  -55.8 eps=0.050 loss=0.1462
[ep 1570] soldier      static_B_2020.02.27_18.39.27.csv@5400  reward=   58.74 qoe=   0.0 qoe_q=  -34.5 eps=0.050 loss=0.1386
[ep 1571] longdress    static_B_2019.12.16_13.40.04.csv@736   reward= -219.38 qoe=   0.0 qoe_q= -119.1 eps=0.050 loss=0.1335
[ep 1572] loot         static_B_2020.02.27_18.39.27.csv@4680  reward= -822.27 qoe=   0.0 qoe_q= -286.5 eps=0.050 loss=0.1461
[ep 1573] redandblack  static_B_2020.02.27_18.39.27.csv@4800  reward=   29.30 qoe=   0.0 qoe_q=  -59.3 eps=0.050 loss=0.1500
[ep 1574] soldier      static_B_2020.02.27_18.39.27.csv@3000  reward= -160.13 qoe=   0.0 qoe_q= -116.5 eps=0.050 loss=0.1389
[ep 1575] longdress    static_B_2020.02.27_18.39.27.csv@5640  reward= -335.78 qoe=   0.0 qoe_q= -161.0 eps=0.050 loss=0.1608
[ep 1576] loot         static_B_2020.02.13_13.57.29.csv@2657  reward=   -9.53 qoe=   0.0 qoe_q=  -78.9 eps=0.050 loss=0.1433
[ep 1577] redandblack  static_B_2020.02.13_13.57.29.csv@497   reward= -142.63 qoe=   0.0 qoe_q= -109.6 eps=0.050 loss=0.1379
[ep 1578] soldier      static_B_2020.02.27_18.39.27.csv@3660  reward= -178.25 qoe=   0.0 qoe_q= -110.3 eps=0.050 loss=0.1509
[ep 1579] longdress    static_B_2020.02.14_13.21.26.csv@850   reward= -141.55 qoe=   0.0 qoe_q=  -98.1 eps=0.050 loss=0.1551
[ep 1580] loot         static_B_2020.02.27_18.39.27.csv@840   reward=   21.48 qoe=   0.0 qoe_q=  -58.5 eps=0.050 loss=0.1436
[ep 1581] redandblack  static_B_2020.02.13_13.57.29.csv@1877  reward= -596.78 qoe=   0.0 qoe_q= -223.4 eps=0.050 loss=0.1365
[ep 1582] soldier      static_B_2020.02.27_18.39.27.csv@2580  reward=  -90.86 qoe=   0.0 qoe_q=  -68.4 eps=0.050 loss=0.1439
[ep 1583] longdress    static_B_2020.02.27_18.39.27.csv@5220  reward= -115.72 qoe=   0.0 qoe_q=  -82.0 eps=0.050 loss=0.1531
[ep 1584] loot         static_B_2020.02.13_13.57.29.csv@2297  reward=  -93.20 qoe=   0.0 qoe_q=  -69.4 eps=0.050 loss=0.1455
[ep 1585] redandblack  static_B_2020.02.13_13.57.29.csv@1697  reward= -233.27 qoe=   0.0 qoe_q= -113.9 eps=0.050 loss=0.1389
[ep 1586] soldier      static_B_2020.02.27_18.39.27.csv@5520  reward=   51.37 qoe=   0.0 qoe_q=  -38.4 eps=0.050 loss=0.1433
[ep 1587] longdress    static_B_2020.02.13_13.57.29.csv@737   reward= -492.57 qoe=   0.0 qoe_q= -183.8 eps=0.050 loss=0.1475
[ep 1588] loot         static_B_2020.02.27_18.39.27.csv@4020  reward=  -76.58 qoe=   0.0 qoe_q=  -72.3 eps=0.050 loss=0.1445
[ep 1589] redandblack  static_B_2020.02.27_18.39.27.csv@5742  reward= -172.19 qoe=   0.0 qoe_q= -100.9 eps=0.050 loss=0.1394
[ep 1590] soldier      static_B_2020.02.14_13.21.26.csv@472   reward=    7.53 qoe=   0.0 qoe_q=  -61.1 eps=0.050 loss=0.1434
[ep 1591] longdress    static_B_2020.02.27_18.39.27.csv@5040  reward= -120.04 qoe=   0.0 qoe_q=  -75.5 eps=0.050 loss=0.1557
[ep 1592] loot         static_B_2020.02.27_18.39.27.csv@240   reward=   58.90 qoe=   0.0 qoe_q=  -28.8 eps=0.050 loss=0.1457
    [eval @ final] reward=-265.58 qoe=0.0 qoe_q=-119.9 mean_q=0.793 stall=30.7s
==========================================================================================
✅ Training done. untrained qoe_quality=-140.77 -> final -119.87 (best=-50.33)
📦 Saved: C:\Users\Nima\PointCloudStreaming\logs\train_runs\20260710_083943_full\sweep\trial_008_s42\abr_dqn.pkl  (+ C:\Users\Nima\PointCloudStreaming\logs\train_runs\20260710_083943_full\sweep\trial_008_s42\abr_dqn_best.pkl)
🧾 History: C:\Users\Nima\PointCloudStreaming\logs\train_runs\20260710_083943_full\sweep\trial_008_s42\abr_dqn_train_history.json
🧾 Summary: C:\Users\Nima\PointCloudStreaming\logs\train_runs\20260710_083943_full\sweep\trial_008_s42\train_summary.json
