# C:\Users\Nima\AppData\Local\Programs\Python\Python313\python.exe -u C:\Users\Nima\PointCloudStreaming\train_dqn.py --out C:\Users\Nima\PointCloudStreaming\logs\train_runs\20260711_130607_full\sweep\trial_000_s49\abr_dqn.pkl --run-dir C:\Users\Nima\PointCloudStreaming\logs\train_runs\20260711_130607_full\sweep\trial_000_s49 --coverage-stride 60 --epochs 8 --eval-every 100 --eval-seeds 42,43,44 --lam 1.0 --lr 0.0001 --mu 4.3 --playback-rate-min 0.9 --reward-spec {"stall_mode": "bounded", "stall_cap_s": 2.0, "event_penalty": 2.0} --seed 49 --segment-frames 5 --select-by qoe_quality --target-update 3000
==========================================================================================
🤖 DQN ABR training
   sequences: ['longdress', 'loot', 'redandblack', 'soldier'] | eval sequence: longdress
   train files: 4 | test files: 1 | frames/episode: 300
   coverage stride: 60 samples -> 155 episodes/epoch x 8 epochs = 1240 episodes (~74400 env steps)
   segment: 5 frames/request (60 decisions/episode) | playback-rate-min: 0.9 | eval seeds: [42, 43, 44]
   state_dim: 23 | actions: 6 | feature_spec: ['lstm_pred', 'buffer', 'last_rep_onehot', 'tput_last', 'tput_mean', 'tput_std', 'rep_bitrates', 'rep_densities']
   reward: q[log_density] - 4.3*min(stall,2.0) + 2.0*new_event - 1.0*|dq|  (gamma=0.99, lr=0.0001, reward_norm=True, reward_scale=1.0)
   select-by: qoe_quality | out: C:\Users\Nima\PointCloudStreaming\logs\train_runs\20260711_130607_full\sweep\trial_000_s49\abr_dqn.pkl | run-dir: C:\Users\Nima\PointCloudStreaming\logs\train_runs\20260711_130607_full\sweep\trial_000_s49
==========================================================================================
[eval @ ep 0] untrained: reward=84.21 qoe=50.7 qoe_q=27.3
[ep    1] longdress    static_B_2020.02.13_13.57.29.csv@2657  reward=  166.09 qoe=  84.0 qoe_q=   40.1 eps=0.999 loss=0.0000
[ep    2] loot         static_B_2020.01.16_10.43.34.csv@2214  reward=  104.27 qoe=  82.1 qoe_q=    7.4 eps=0.997 loss=0.9383
[ep    3] redandblack  static_B_2020.01.16_10.43.34.csv@234   reward=  161.92 qoe=  74.7 qoe_q=   31.7 eps=0.996 loss=0.6101
[ep    4] soldier      static_B_2020.02.13_13.57.29.csv@917   reward=   99.20 qoe=  16.9 qoe_q=    0.2 eps=0.995 loss=0.3338
[ep    5] longdress    static_B_2019.12.16_13.40.04.csv@511   reward=  174.17 qoe= 100.0 qoe_q=   44.4 eps=0.994 loss=0.1442
[ep    6] loot         static_B_2020.01.16_10.43.34.csv@2034  reward=  138.75 qoe=  22.5 qoe_q=  -12.1 eps=0.992 loss=0.1022
[ep    7] redandblack  static_B_2019.12.16_13.40.04.csv@871   reward=  151.07 qoe=  85.6 qoe_q=   31.5 eps=0.991 loss=0.0923
[ep    8] soldier      static_B_2020.02.13_13.57.29.csv@317   reward=  152.19 qoe=  72.3 qoe_q=   28.0 eps=0.990 loss=0.0982
[ep    9] longdress    static_B_2020.01.16_10.43.34.csv@2574  reward=  194.90 qoe=  88.0 qoe_q=   52.2 eps=0.989 loss=0.0908
[ep   10] loot         static_B_2019.12.16_13.40.04.csv@1111  reward=   30.35 qoe=   0.0 qoe_q= -495.7 eps=0.987 loss=0.1208
[ep   11] redandblack  static_B_2020.02.13_13.57.29.csv@2177  reward=  150.67 qoe=  64.1 qoe_q=   20.9 eps=0.986 loss=0.1226
[ep   12] soldier      static_B_2020.02.14_13.21.26.csv@383   reward=  151.36 qoe=  80.2 qoe_q=   28.8 eps=0.985 loss=0.1438
[ep   13] longdress    static_B_2020.02.13_13.57.29.csv@137   reward=  121.00 qoe=  67.3 qoe_q=   12.6 eps=0.983 loss=0.1249
[ep   14] loot         static_B_2020.01.16_10.43.34.csv@654   reward=  183.19 qoe= 100.0 qoe_q=   48.9 eps=0.982 loss=0.1239
[ep   15] redandblack  static_B_2020.02.14_13.21.26.csv@850   reward=  128.43 qoe=  53.2 qoe_q=   -0.3 eps=0.981 loss=0.1234
[ep   16] soldier      static_B_2020.02.13_13.57.29.csv@2057  reward=  187.59 qoe= 100.0 qoe_q=   50.1 eps=0.980 loss=0.1049
[ep   17] longdress    static_B_2020.02.13_13.57.29.csv@377   reward=  110.27 qoe=   0.0 qoe_q=  -51.5 eps=0.978 loss=0.1212
[ep   18] loot         static_B_2020.02.13_13.57.29.csv@617   reward=  104.05 qoe=   0.0 qoe_q=  -34.6 eps=0.977 loss=0.1249
[ep   19] redandblack  static_B_2020.01.16_10.43.34.csv@774   reward=  127.04 qoe=  35.7 qoe_q=    9.4 eps=0.976 loss=0.1336
[ep   20] soldier      static_B_2020.02.13_13.57.29.csv@1037  reward=  132.81 qoe=  38.1 qoe_q=    9.9 eps=0.974 loss=0.1423
[ep   21] longdress    static_B_2019.12.16_13.40.04.csv@571   reward=  128.82 qoe=  63.4 qoe_q=    6.8 eps=0.973 loss=0.1294
[ep   22] loot         static_B_2020.02.13_13.57.29.csv@857   reward=  135.65 qoe=  85.3 qoe_q=   25.4 eps=0.972 loss=0.1454
[ep   23] redandblack  static_B_2019.12.16_13.40.04.csv@1471  reward=  136.44 qoe=  41.9 qoe_q=   -4.7 eps=0.971 loss=0.1378
[ep   24] soldier      static_B_2020.01.16_10.43.34.csv@2334  reward=  156.10 qoe=  17.8 qoe_q=  -17.4 eps=0.969 loss=0.1366
[ep   25] longdress    static_B_2020.02.13_13.57.29.csv@1817  reward=  152.19 qoe=  25.1 qoe_q=    3.0 eps=0.968 loss=0.1300
[ep   26] loot         static_B_2020.01.16_10.43.34.csv@114   reward=  139.66 qoe=  52.7 qoe_q=   17.5 eps=0.967 loss=0.1276
[ep   27] redandblack  static_B_2020.02.14_13.21.26.csv@683   reward=  170.72 qoe=  58.0 qoe_q=   41.0 eps=0.966 loss=0.1413
[ep   28] soldier      static_B_2019.12.16_13.40.04.csv@151   reward=  132.73 qoe=   0.0 qoe_q=  -24.8 eps=0.964 loss=0.1270
[ep   29] longdress    static_B_2020.02.14_13.21.26.csv@443   reward=  198.23 qoe=  92.0 qoe_q=   52.8 eps=0.963 loss=0.1296
[ep   30] loot         static_B_2020.01.16_10.43.34.csv@1074  reward=  162.05 qoe= 100.0 qoe_q=   37.7 eps=0.962 loss=0.1114
[ep   31] redandblack  static_B_2020.02.14_13.21.26.csv@850   reward=  115.94 qoe=  35.5 qoe_q=   -4.1 eps=0.960 loss=0.1207
[ep   32] soldier      static_B_2020.01.16_10.43.34.csv@2934  reward=  119.07 qoe=  21.6 qoe_q=   -0.8 eps=0.959 loss=0.1213
[ep   33] longdress    static_B_2019.12.16_13.40.04.csv@1651  reward=  167.52 qoe=  32.9 qoe_q=   -2.8 eps=0.958 loss=0.1353
[ep   34] loot         static_B_2020.02.13_13.57.29.csv@1097  reward=  116.16 qoe=  20.2 qoe_q=    8.0 eps=0.957 loss=0.1408
[ep   35] redandblack  static_B_2020.01.16_10.43.34.csv@474   reward=  154.69 qoe=  79.3 qoe_q=   29.2 eps=0.955 loss=0.1363
[ep   36] soldier      static_B_2020.01.16_10.43.34.csv@1314  reward=  112.17 qoe=  19.0 qoe_q=  -17.5 eps=0.954 loss=0.1367
[ep   37] longdress    static_B_2020.01.16_10.43.34.csv@2274  reward=  161.17 qoe=  60.1 qoe_q=   31.7 eps=0.953 loss=0.1310
[ep   38] loot         static_B_2020.01.16_10.43.34.csv@1854  reward=  162.80 qoe= 100.0 qoe_q=   35.7 eps=0.951 loss=0.1492
[ep   39] redandblack  static_B_2020.02.13_13.57.29.csv@1577  reward=  162.46 qoe=  61.5 qoe_q=   23.5 eps=0.950 loss=0.1269
[ep   40] soldier      static_B_2020.02.13_13.57.29.csv@2837  reward=   54.19 qoe=   0.0 qoe_q=  -65.0 eps=0.949 loss=0.1343
[ep   41] longdress    static_B_2020.01.16_10.43.34.csv@2634  reward=  169.20 qoe= 100.0 qoe_q=   41.7 eps=0.948 loss=0.1295
[ep   42] loot         static_B_2020.02.13_13.57.29.csv@437   reward=  115.05 qoe=  30.0 qoe_q=    1.5 eps=0.946 loss=0.1259
[ep   43] redandblack  static_B_2020.02.13_13.57.29.csv@2717  reward=  151.49 qoe= 100.0 qoe_q=   31.6 eps=0.945 loss=0.1391
[ep   44] soldier      static_B_2020.01.16_10.43.34.csv@1674  reward=  122.64 qoe=  69.7 qoe_q=   13.6 eps=0.944 loss=0.1270
[ep   45] longdress    static_B_2020.01.16_10.43.34.csv@414   reward=   71.52 qoe=   0.0 qoe_q=  -82.6 eps=0.943 loss=0.1245
[ep   46] loot         static_B_2020.01.16_10.43.34.csv@534   reward=  169.80 qoe= 100.0 qoe_q=   44.2 eps=0.941 loss=0.1318
[ep   47] redandblack  static_B_2020.01.16_10.43.34.csv@2694  reward=  120.63 qoe=  21.8 qoe_q=    3.5 eps=0.940 loss=0.1570
[ep   48] soldier      static_B_2020.02.13_13.57.29.csv@797   reward=  159.53 qoe=  24.2 qoe_q=    8.9 eps=0.939 loss=0.1269
[ep   49] longdress    static_B_2020.01.16_10.43.34.csv@2994  reward=  160.25 qoe=  98.0 qoe_q=   38.2 eps=0.937 loss=0.1385
[ep   50] loot         static_B_2020.01.16_10.43.34.csv@1014  reward=  174.24 qoe=  80.0 qoe_q=   42.5 eps=0.936 loss=0.1508
[ep   51] redandblack  static_B_2020.01.16_10.43.34.csv@1554  reward=  152.14 qoe=  80.4 qoe_q=   31.8 eps=0.935 loss=0.1185
[ep   52] soldier      static_B_2019.12.16_13.40.04.csv@211   reward=   87.96 qoe=   0.0 qoe_q=  -67.6 eps=0.934 loss=0.4083
[ep   53] longdress    static_B_2019.12.16_13.40.04.csv@1411  reward=  174.97 qoe= 100.0 qoe_q=   40.9 eps=0.932 loss=0.1681
[ep   54] loot         static_B_2019.12.16_13.40.04.csv@451   reward=  146.23 qoe=  67.3 qoe_q=   19.9 eps=0.931 loss=0.1574
[ep   55] redandblack  static_B_2020.02.14_13.21.26.csv@563   reward=  176.58 qoe=  60.0 qoe_q=   46.9 eps=0.930 loss=0.1611
[ep   56] soldier      static_B_2019.12.16_13.40.04.csv@331   reward=   57.78 qoe=   0.0 qoe_q=  -55.5 eps=0.929 loss=0.1482
[ep   57] longdress    static_B_2020.01.16_10.43.34.csv@1914  reward=  168.84 qoe=  84.0 qoe_q=   40.4 eps=0.927 loss=0.1660
[ep   58] loot         static_B_2020.02.13_13.57.29.csv@2117  reward=  106.05 qoe=  45.4 qoe_q=    8.0 eps=0.926 loss=0.1538
[ep   59] redandblack  static_B_2020.02.14_13.21.26.csv@143   reward=  180.29 qoe=  46.0 qoe_q=   46.5 eps=0.925 loss=0.1492
[ep   60] soldier      static_B_2020.01.16_10.43.34.csv@954   reward=  137.10 qoe=   0.0 qoe_q=  -45.8 eps=0.923 loss=0.1700
[ep   61] longdress    static_B_2020.02.13_13.57.29.csv@1457  reward=  101.98 qoe=   0.0 qoe_q=  -24.5 eps=0.922 loss=0.1691
[ep   62] loot         static_B_2020.01.16_10.43.34.csv@174   reward=  133.44 qoe=  22.7 qoe_q=    0.1 eps=0.921 loss=0.1546
[ep   63] redandblack  static_B_2019.12.16_13.40.04.csv@1771  reward=  174.81 qoe= 100.0 qoe_q=   44.1 eps=0.920 loss=0.1640
[ep   64] soldier      static_B_2020.01.16_10.43.34.csv@1194  reward=  131.40 qoe=  58.0 qoe_q=   17.0 eps=0.918 loss=0.1558
[ep   65] longdress    static_B_2019.12.16_13.40.04.csv@1904  reward=  185.89 qoe=  68.0 qoe_q=   45.6 eps=0.917 loss=0.1499
[ep   66] loot         static_B_2019.12.16_13.40.04.csv@1831  reward=  131.78 qoe=  44.3 qoe_q=    0.7 eps=0.916 loss=0.1447
[ep   67] redandblack  static_B_2019.12.16_13.40.04.csv@631   reward=  116.85 qoe=  29.4 qoe_q=   12.1 eps=0.914 loss=0.1544
[ep   68] soldier      static_B_2019.12.16_13.40.04.csv@391   reward=  173.87 qoe=  63.6 qoe_q=   38.6 eps=0.913 loss=0.1520
[ep   69] longdress    static_B_2020.02.13_13.57.29.csv@1157  reward=  126.46 qoe=  12.5 qoe_q=   13.6 eps=0.912 loss=0.1507
[ep   70] loot         static_B_2019.12.16_13.40.04.csv@271   reward=  155.21 qoe=  49.8 qoe_q=    8.5 eps=0.911 loss=0.1627
[ep   71] redandblack  static_B_2020.01.16_10.43.34.csv@594   reward=  173.51 qoe=  58.0 qoe_q=   41.5 eps=0.909 loss=0.1559
[ep   72] soldier      static_B_2019.12.16_13.40.04.csv@1891  reward=  180.97 qoe=  52.0 qoe_q=   47.7 eps=0.908 loss=0.1593
[ep   73] longdress    static_B_2020.02.14_13.21.26.csv@23    reward=  104.09 qoe=   0.0 qoe_q=  -46.8 eps=0.907 loss=0.1675
[ep   74] loot         static_B_2019.12.16_13.40.04.csv@1904  reward=  185.55 qoe=  44.0 qoe_q=   46.1 eps=0.906 loss=0.1553
[ep   75] redandblack  static_B_2020.02.13_13.57.29.csv@2945  reward=  164.03 qoe=  64.5 qoe_q=   25.9 eps=0.904 loss=0.1524
[ep   76] soldier      static_B_2019.12.16_13.40.04.csv@751   reward=  171.06 qoe=  74.0 qoe_q=   43.8 eps=0.903 loss=0.1365
[ep   77] longdress    static_B_2020.02.13_13.57.29.csv@257   reward=  166.31 qoe=  62.0 qoe_q=   42.0 eps=0.902 loss=0.1590
[ep   78] loot         static_B_2019.12.16_13.40.04.csv@1231  reward=  163.04 qoe=  65.8 qoe_q=   29.7 eps=0.900 loss=0.1596
[ep   79] redandblack  static_B_2019.12.16_13.40.04.csv@1711  reward=  152.52 qoe=  17.1 qoe_q=   -4.4 eps=0.899 loss=0.1642
[ep   80] soldier      static_B_2020.02.13_13.57.29.csv@497   reward=  133.59 qoe=  14.5 qoe_q=  -11.5 eps=0.898 loss=0.1780
[ep   81] longdress    static_B_2020.01.16_10.43.34.csv@1614  reward=  169.32 qoe=  96.0 qoe_q=   39.8 eps=0.897 loss=0.1545
[ep   82] loot         static_B_2020.02.13_13.57.29.csv@1217  reward=  172.90 qoe= 100.0 qoe_q=   43.2 eps=0.895 loss=0.1398
[ep   83] redandblack  static_B_2020.01.16_10.43.34.csv@2514  reward=  152.25 qoe=  50.0 qoe_q=   33.7 eps=0.894 loss=0.1602
[ep   84] soldier      static_B_2020.02.13_13.57.29.csv@2597  reward=  124.50 qoe=  39.2 qoe_q=    2.1 eps=0.893 loss=0.1496
[ep   85] longdress    static_B_2020.01.16_10.43.34.csv@714   reward=  190.12 qoe=  81.0 qoe_q=   45.8 eps=0.891 loss=0.1543
[ep   86] loot         static_B_2019.12.16_13.40.04.csv@31    reward=  173.37 qoe=  50.0 qoe_q=   43.9 eps=0.890 loss=0.1459
[ep   87] redandblack  static_B_2019.12.16_13.40.04.csv@1171  reward=   98.82 qoe=   0.0 qoe_q= -149.3 eps=0.889 loss=0.1511
[ep   88] soldier      static_B_2020.02.13_13.57.29.csv@197   reward=  134.66 qoe=  34.8 qoe_q=   16.9 eps=0.888 loss=0.1614
[ep   89] longdress    static_B_2020.01.16_10.43.34.csv@834   reward=  160.72 qoe=  65.8 qoe_q=   26.4 eps=0.886 loss=0.1275
[ep   90] loot         static_B_2019.12.16_13.40.04.csv@691   reward=  177.31 qoe=  38.6 qoe_q=    9.0 eps=0.885 loss=0.1497
[ep   91] redandblack  static_B_2020.01.16_10.43.34.csv@294   reward=  183.03 qoe=  66.7 qoe_q=   37.2 eps=0.884 loss=0.1488
[ep   92] soldier      static_B_2020.02.13_13.57.29.csv@557   reward=  185.86 qoe=  64.2 qoe_q=   34.3 eps=0.883 loss=0.1565
[ep   93] longdress    static_B_2020.01.16_10.43.34.csv@2394  reward=  202.47 qoe= 100.0 qoe_q=   57.4 eps=0.881 loss=0.1316
[ep   94] loot         static_B_2020.02.13_13.57.29.csv@677   reward=   94.40 qoe=   1.0 qoe_q=  -31.4 eps=0.880 loss=0.1425
[ep   95] redandblack  static_B_2020.02.13_13.57.29.csv@1877  reward=  161.51 qoe=  42.0 qoe_q=   17.8 eps=0.879 loss=0.1460
[ep   96] soldier      static_B_2020.02.13_13.57.29.csv@2477  reward=  164.29 qoe=  23.7 qoe_q=   -7.5 eps=0.877 loss=0.1604
[ep   97] longdress    static_B_2020.02.13_13.57.29.csv@2357  reward=   90.58 qoe=   5.1 qoe_q=  -10.8 eps=0.876 loss=0.1679
[ep   98] loot         static_B_2020.01.16_10.43.34.csv@1974  reward=  194.21 qoe=  85.7 qoe_q=   53.2 eps=0.875 loss=0.1537
[ep   99] redandblack  static_B_2020.01.16_10.43.34.csv@1254  reward=  191.65 qoe= 100.0 qoe_q=   50.3 eps=0.874 loss=0.1534
[ep  100] soldier      static_B_2020.01.16_10.43.34.csv@1794  reward=  189.74 qoe= 100.0 qoe_q=   48.5 eps=0.872 loss=0.1516
    [eval @ ep 100] reward=286.56 qoe=100.0 qoe_q=95.0 mean_q=0.957 stall=0.0s  <-- best (saved)
[ep  101] longdress    static_B_2020.01.16_10.43.34.csv@2154  reward=  188.62 qoe= 100.0 qoe_q=   50.1 eps=0.871 loss=0.1452
[ep  102] loot         static_B_2020.02.13_13.57.29.csv@737   reward=  139.61 qoe=  47.1 qoe_q=   12.8 eps=0.870 loss=0.3697
[ep  103] redandblack  static_B_2020.01.16_10.43.34.csv@2814  reward=  153.84 qoe=  87.0 qoe_q=   30.1 eps=0.869 loss=0.1917
[ep  104] soldier      static_B_2020.02.13_13.57.29.csv@2897  reward=  160.18 qoe=   0.0 qoe_q=  -17.3 eps=0.867 loss=0.2192
[ep  105] longdress    static_B_2020.02.13_13.57.29.csv@977   reward=    9.93 qoe=   0.0 qoe_q= -387.0 eps=0.866 loss=0.1915
[ep  106] loot         static_B_2020.02.13_13.57.29.csv@2297  reward=  165.17 qoe= 100.0 qoe_q=   35.8 eps=0.865 loss=0.1893
[ep  107] redandblack  static_B_2020.02.13_13.57.29.csv@1517  reward=  142.73 qoe=  58.2 qoe_q=   15.0 eps=0.863 loss=0.1941
[ep  108] soldier      static_B_2020.01.16_10.43.34.csv@3109  reward=  190.09 qoe= 100.0 qoe_q=   50.4 eps=0.862 loss=0.1756
[ep  109] longdress    static_B_2020.01.16_10.43.34.csv@1134  reward=  101.49 qoe=   0.0 qoe_q= -149.5 eps=0.861 loss=0.1973
[ep  110] loot         static_B_2019.12.16_13.40.04.csv@931   reward=  156.08 qoe=  39.4 qoe_q=   17.2 eps=0.860 loss=0.2022
[ep  111] redandblack  static_B_2020.02.13_13.57.29.csv@1757  reward=  146.49 qoe=  40.6 qoe_q=   -1.7 eps=0.858 loss=0.1837
[ep  112] soldier      static_B_2020.02.13_13.57.29.csv@2417  reward=   97.69 qoe=   0.0 qoe_q=  -54.5 eps=0.857 loss=0.1923
[ep  113] longdress    static_B_2019.12.16_13.40.04.csv@1591  reward=  143.00 qoe=  80.3 qoe_q=   27.4 eps=0.856 loss=0.1859
[ep  114] loot         static_B_2020.01.16_10.43.34.csv@2754  reward=  158.72 qoe=  52.7 qoe_q=   15.7 eps=0.854 loss=0.1892
[ep  115] redandblack  static_B_2020.02.13_13.57.29.csv@1937  reward=  151.18 qoe=  51.4 qoe_q=    7.2 eps=0.853 loss=0.1972
[ep  116] soldier      static_B_2020.02.13_13.57.29.csv@2777  reward=  135.84 qoe=  29.1 qoe_q=   -0.7 eps=0.852 loss=0.1912
[ep  117] longdress    static_B_2020.02.13_13.57.29.csv@2537  reward=  145.68 qoe=   4.6 qoe_q=   -0.8 eps=0.851 loss=0.1932
[ep  118] loot         static_B_2020.01.16_10.43.34.csv@2454  reward=  187.21 qoe=  44.0 qoe_q=   47.7 eps=0.849 loss=0.1953
[ep  119] redandblack  static_B_2020.02.14_13.21.26.csv@503   reward=  143.90 qoe=  64.0 qoe_q=   29.5 eps=0.848 loss=0.1753
[ep  120] soldier      static_B_2020.02.13_13.57.29.csv@1637  reward=   70.17 qoe=   0.0 qoe_q=  -54.7 eps=0.847 loss=0.1830
[ep  121] longdress    static_B_2020.01.16_10.43.34.csv@54    reward=   90.20 qoe=   0.0 qoe_q=  -90.9 eps=0.846 loss=0.2010
[ep  122] loot         static_B_2020.02.14_13.21.26.csv@83    reward=  202.46 qoe=  68.0 qoe_q=   54.4 eps=0.844 loss=0.1744
[ep  123] redandblack  static_B_2020.02.13_13.57.29.csv@1697  reward=   87.47 qoe=   0.0 qoe_q=  -79.9 eps=0.843 loss=0.1931
[ep  124] soldier      static_B_2020.02.14_13.21.26.csv@263   reward=  142.82 qoe=  44.8 qoe_q=   24.7 eps=0.842 loss=0.1765
[ep  125] longdress    static_B_2019.12.16_13.40.04.csv@811   reward=  193.68 qoe= 100.0 qoe_q=   47.7 eps=0.840 loss=0.1874
[ep  126] loot         static_B_2020.02.13_13.57.29.csv@2237  reward=  197.42 qoe= 100.0 qoe_q=   52.5 eps=0.839 loss=0.1928
[ep  127] redandblack  static_B_2020.02.13_13.57.29.csv@77    reward=  152.96 qoe=  55.7 qoe_q=   12.5 eps=0.838 loss=0.2045
[ep  128] soldier      static_B_2020.02.13_13.57.29.csv@1397  reward=  189.56 qoe= 100.0 qoe_q=   50.5 eps=0.837 loss=0.1829
[ep  129] longdress    static_B_2020.01.16_10.43.34.csv@2094  reward=   79.54 qoe=   0.0 qoe_q=  -25.7 eps=0.835 loss=0.1818
[ep  130] loot         static_B_2020.01.16_10.43.34.csv@3109  reward=  194.15 qoe= 100.0 qoe_q=   49.8 eps=0.834 loss=0.1843
[ep  131] redandblack  static_B_2020.01.16_10.43.34.csv@1494  reward=  210.36 qoe= 100.0 qoe_q=   58.9 eps=0.833 loss=0.1909
[ep  132] soldier      static_B_2019.12.16_13.40.04.csv@91    reward=  205.82 qoe=  80.0 qoe_q=   56.0 eps=0.831 loss=0.2059
[ep  133] longdress    static_B_2020.02.13_13.57.29.csv@1337  reward=  123.87 qoe=  16.7 qoe_q=    9.6 eps=0.830 loss=0.1941
[ep  134] loot         static_B_2020.01.16_10.43.34.csv@3109  reward=  184.97 qoe=  58.0 qoe_q=   48.4 eps=0.829 loss=0.2022
[ep  135] redandblack  static_B_2019.12.16_13.40.04.csv@991   reward=  210.28 qoe= 100.0 qoe_q=   58.7 eps=0.828 loss=0.1792
[ep  136] soldier      static_B_2019.12.16_13.40.04.csv@1351  reward=  123.99 qoe=  39.7 qoe_q=   11.3 eps=0.826 loss=0.1961
[ep  137] longdress    static_B_2020.02.13_13.57.29.csv@1277  reward=  127.59 qoe=  43.5 qoe_q=    4.5 eps=0.825 loss=0.1862
[ep  138] loot         static_B_2020.02.14_13.21.26.csv@803   reward=  194.85 qoe= 100.0 qoe_q=   51.2 eps=0.824 loss=0.1943
[ep  139] redandblack  static_B_2019.12.16_13.40.04.csv@1051  reward=  104.05 qoe=   9.8 qoe_q=  -14.0 eps=0.823 loss=0.1911
[ep  140] soldier      static_B_2020.01.16_10.43.34.csv@894   reward=  144.39 qoe=  70.8 qoe_q=   18.2 eps=0.821 loss=0.1994
[ep  141] longdress    static_B_2020.01.16_10.43.34.csv@1374  reward=  157.16 qoe=  69.1 qoe_q=   24.5 eps=0.820 loss=0.1724
[ep  142] loot         static_B_2020.02.14_13.21.26.csv@623   reward=  160.15 qoe= 100.0 qoe_q=   33.9 eps=0.819 loss=0.1804
[ep  143] redandblack  static_B_2020.02.14_13.21.26.csv@323   reward=  193.23 qoe=  56.0 qoe_q=   49.8 eps=0.817 loss=0.1988
[ep  144] soldier      static_B_2019.12.16_13.40.04.csv@1531  reward=  193.71 qoe= 100.0 qoe_q=   51.2 eps=0.816 loss=0.1860
[ep  145] longdress    static_B_2020.02.13_13.57.29.csv@17    reward=  184.56 qoe= 100.0 qoe_q=   46.1 eps=0.815 loss=0.1691
[ep  146] loot         static_B_2020.01.16_10.43.34.csv@354   reward=  164.96 qoe=  56.4 qoe_q=   32.1 eps=0.814 loss=0.1994
[ep  147] redandblack  static_B_2020.02.14_13.21.26.csv@743   reward=  190.95 qoe=  46.0 qoe_q=   49.8 eps=0.812 loss=0.1758
[ep  148] soldier      static_B_2020.02.14_13.21.26.csv@203   reward=  206.10 qoe=  92.0 qoe_q=   55.6 eps=0.811 loss=0.1759
[ep  149] longdress    static_B_2020.01.16_10.43.34.csv@1434  reward=  185.98 qoe=   0.0 qoe_q= -143.0 eps=0.810 loss=0.2043
[ep  150] loot         static_B_2020.01.16_10.43.34.csv@2874  reward=   56.22 qoe=   0.0 qoe_q=  -33.9 eps=0.808 loss=0.1849
[ep  151] redandblack  static_B_2020.02.13_13.57.29.csv@2945  reward=  158.84 qoe=  69.1 qoe_q=   23.2 eps=0.807 loss=0.1970
[ep  152] soldier      static_B_2019.12.16_13.40.04.csv@1291  reward=  187.32 qoe=  80.8 qoe_q=   40.2 eps=0.806 loss=0.3876
[ep  153] longdress    static_B_2020.01.16_10.43.34.csv@3054  reward=  183.17 qoe=  84.0 qoe_q=   46.9 eps=0.805 loss=0.1964
[ep  154] loot         static_B_2020.02.13_13.57.29.csv@1997  reward=  212.61 qoe= 100.0 qoe_q=   59.2 eps=0.803 loss=0.2306
[ep  155] redandblack  static_B_2020.01.16_10.43.34.csv@1734  reward=  179.30 qoe= 100.0 qoe_q=   44.2 eps=0.802 loss=0.2315
[ep  156] loot         static_B_2019.12.16_13.40.04.csv@1353  reward=  199.21 qoe=  78.6 qoe_q=   44.0 eps=0.801 loss=0.2391
[ep  157] redandblack  static_B_2020.02.13_13.57.29.csv@2778  reward=  149.49 qoe=  44.7 qoe_q=    8.9 eps=0.800 loss=0.2414
[ep  158] soldier      static_B_2020.01.16_10.43.34.csv@1118  reward=  131.68 qoe=  59.4 qoe_q=   11.5 eps=0.798 loss=0.2240
[ep  159] longdress    static_B_2020.01.16_10.43.34.csv@758   reward=   65.13 qoe=   0.0 qoe_q=  -46.8 eps=0.797 loss=0.2225
[ep  160] loot         static_B_2020.01.16_10.43.34.csv@3109  reward=  205.19 qoe= 100.0 qoe_q=   55.5 eps=0.796 loss=0.2271
[ep  161] redandblack  static_B_2020.01.16_10.43.34.csv@1598  reward=  174.98 qoe=  44.0 qoe_q=   44.4 eps=0.794 loss=0.2323
[ep  162] soldier      static_B_2020.01.16_10.43.34.csv@818   reward=  182.73 qoe=  82.1 qoe_q=   46.0 eps=0.793 loss=0.2202
[ep  163] longdress    static_B_2020.02.13_13.57.29.csv@1218  reward=  202.17 qoe= 100.0 qoe_q=   54.9 eps=0.792 loss=0.2243
[ep  164] loot         static_B_2020.01.16_10.43.34.csv@1478  reward=  153.89 qoe=  80.5 qoe_q=   30.5 eps=0.791 loss=0.2291
[ep  165] redandblack  static_B_2019.12.16_13.40.04.csv@1593  reward=  173.42 qoe=  68.1 qoe_q=   30.3 eps=0.789 loss=0.2416
[ep  166] soldier      static_B_2020.01.16_10.43.34.csv@2198  reward=  137.53 qoe=  16.0 qoe_q=  -13.8 eps=0.788 loss=0.2449
[ep  167] longdress    static_B_2020.01.16_10.43.34.csv@1238  reward=  157.01 qoe= 100.0 qoe_q=   34.8 eps=0.787 loss=0.2183
[ep  168] loot         static_B_2020.02.13_13.57.29.csv@678   reward=   98.69 qoe=   0.0 qoe_q=  -54.3 eps=0.786 loss=0.2383
[ep  169] redandblack  static_B_2019.12.16_13.40.04.csv@513   reward=  189.92 qoe= 100.0 qoe_q=   52.1 eps=0.784 loss=0.2297
[ep  170] soldier      static_B_2020.01.16_10.43.34.csv@3109  reward=  195.51 qoe= 100.0 qoe_q=   50.9 eps=0.783 loss=0.2501
[ep  171] longdress    static_B_2019.12.16_13.40.04.csv@1173  reward=   97.82 qoe=   0.0 qoe_q= -164.5 eps=0.782 loss=0.2197
[ep  172] loot         static_B_2020.02.14_13.21.26.csv@352   reward=  135.84 qoe=  46.1 qoe_q=   14.1 eps=0.780 loss=0.2082
[ep  173] redandblack  static_B_2020.01.16_10.43.34.csv@1058  reward=  148.10 qoe=  54.8 qoe_q=   23.2 eps=0.779 loss=0.2162
[ep  174] soldier      static_B_2020.01.16_10.43.34.csv@578   reward=  165.50 qoe=  61.2 qoe_q=   31.3 eps=0.778 loss=0.2262
[ep  175] longdress    static_B_2020.02.13_13.57.29.csv@438   reward=   85.19 qoe=   0.0 qoe_q=  -36.1 eps=0.777 loss=0.2207
[ep  176] loot         static_B_2020.02.13_13.57.29.csv@918   reward=  142.10 qoe=  50.2 qoe_q=   18.9 eps=0.775 loss=0.2103
[ep  177] redandblack  static_B_2020.01.16_10.43.34.csv@2678  reward=  173.13 qoe=  61.6 qoe_q=   39.3 eps=0.774 loss=0.2161
[ep  178] soldier      static_B_2020.01.16_10.43.34.csv@938   reward=  175.70 qoe= 100.0 qoe_q=   42.5 eps=0.773 loss=0.2187
[ep  179] longdress    static_B_2019.12.16_13.40.04.csv@993   reward=  169.75 qoe=  77.0 qoe_q=   36.8 eps=0.771 loss=0.2130
[ep  180] loot         static_B_2020.02.14_13.21.26.csv@850   reward=  147.98 qoe=  42.9 qoe_q=   16.5 eps=0.770 loss=0.2217
[ep  181] redandblack  static_B_2019.12.16_13.40.04.csv@573   reward=  165.17 qoe=  61.6 qoe_q=   23.4 eps=0.769 loss=0.2068
[ep  182] soldier      static_B_2020.02.13_13.57.29.csv@1938  reward=  145.25 qoe=  17.9 qoe_q=  -10.0 eps=0.768 loss=0.2415
[ep  183] longdress    static_B_2020.02.13_13.57.29.csv@1158  reward=  128.93 qoe=  31.9 qoe_q=   13.6 eps=0.766 loss=0.2289
[ep  184] loot         static_B_2020.02.13_13.57.29.csv@2945  reward=  177.83 qoe=  65.4 qoe_q=   34.5 eps=0.765 loss=0.2369
[ep  185] redandblack  static_B_2020.01.16_10.43.34.csv@2438  reward=  226.47 qoe= 100.0 qoe_q=   66.4 eps=0.764 loss=0.2216
[ep  186] soldier      static_B_2020.02.13_13.57.29.csv@18    reward=  211.09 qoe= 100.0 qoe_q=   57.8 eps=0.763 loss=0.2200
[ep  187] longdress    static_B_2020.02.14_13.21.26.csv@712   reward=  225.76 qoe= 100.0 qoe_q=   64.4 eps=0.761 loss=0.2257
[ep  188] loot         static_B_2020.01.16_10.43.34.csv@38    reward=  157.19 qoe=  63.7 qoe_q=   23.7 eps=0.760 loss=0.2396
[ep  189] redandblack  static_B_2020.01.16_10.43.34.csv@458   reward=  115.57 qoe=   7.9 qoe_q=   -2.5 eps=0.759 loss=0.2411
[ep  190] soldier      static_B_2020.01.16_10.43.34.csv@398   reward=  163.44 qoe=  38.3 qoe_q=   17.2 eps=0.757 loss=0.2225
[ep  191] longdress    static_B_2020.02.13_13.57.29.csv@1398  reward=  209.12 qoe= 100.0 qoe_q=   52.6 eps=0.756 loss=0.2222
[ep  192] loot         static_B_2020.01.16_10.43.34.csv@638   reward=  158.18 qoe=  82.6 qoe_q=   31.9 eps=0.755 loss=0.2381
[ep  193] redandblack  static_B_2020.02.14_13.21.26.csv@232   reward=  180.35 qoe= 100.0 qoe_q=   45.5 eps=0.754 loss=0.2201
[ep  194] soldier      static_B_2020.02.14_13.21.26.csv@832   reward=  198.70 qoe= 100.0 qoe_q=   51.2 eps=0.752 loss=0.2397
[ep  195] longdress    static_B_2020.02.13_13.57.29.csv@2298  reward=  149.44 qoe=   8.3 qoe_q=    8.7 eps=0.751 loss=0.2419
[ep  196] loot         static_B_2019.12.16_13.40.04.csv@1904  reward=  211.70 qoe=  48.0 qoe_q=   57.9 eps=0.750 loss=0.2026
[ep  197] redandblack  static_B_2020.02.14_13.21.26.csv@652   reward=  194.24 qoe=  74.0 qoe_q=   50.2 eps=0.748 loss=0.2363
[ep  198] soldier      static_B_2020.02.13_13.57.29.csv@2538  reward=  150.23 qoe=   4.4 qoe_q=    4.7 eps=0.747 loss=0.2530
[ep  199] longdress    static_B_2020.02.13_13.57.29.csv@1458  reward=  151.83 qoe=  33.1 qoe_q=   23.0 eps=0.746 loss=0.2303
[ep  200] loot         static_B_2020.02.13_13.57.29.csv@1998  reward=  185.29 qoe=  96.0 qoe_q=   48.5 eps=0.745 loss=0.2142
    [eval @ ep 200] reward=289.16 qoe=100.0 qoe_q=95.9 mean_q=0.965 stall=0.0s  <-- best (saved)
[ep  201] redandblack  static_B_2020.02.13_13.57.29.csv@1578  reward=  202.47 qoe= 100.0 qoe_q=   54.2 eps=0.743 loss=0.2264
[ep  202] soldier      static_B_2020.02.13_13.57.29.csv@2358  reward=   98.68 qoe=   0.0 qoe_q=  -11.8 eps=0.742 loss=0.4157
[ep  203] longdress    static_B_2019.12.16_13.40.04.csv@153   reward=  124.31 qoe=   0.0 qoe_q=  -24.8 eps=0.741 loss=0.2667
[ep  204] loot         static_B_2019.12.16_13.40.04.csv@93    reward=  182.28 qoe=  53.1 qoe_q=   23.8 eps=0.740 loss=0.2609
[ep  205] redandblack  static_B_2020.01.16_10.43.34.csv@1958  reward=  183.77 qoe=  60.0 qoe_q=   45.7 eps=0.738 loss=0.2969
[ep  206] soldier      static_B_2020.02.13_13.57.29.csv@738   reward=  138.19 qoe=   0.0 qoe_q=   -7.1 eps=0.737 loss=0.2581
[ep  207] longdress    static_B_2020.01.16_10.43.34.csv@2738  reward=  155.11 qoe=  58.6 qoe_q=   25.8 eps=0.736 loss=0.2473
[ep  208] loot         static_B_2020.02.13_13.57.29.csv@1278  reward=  157.41 qoe=  49.5 qoe_q=   20.3 eps=0.734 loss=0.2457
[ep  209] redandblack  static_B_2019.12.16_13.40.04.csv@333   reward=  103.66 qoe=   3.8 qoe_q=   -6.6 eps=0.733 loss=0.3055
[ep  210] soldier      static_B_2020.02.13_13.57.29.csv@378   reward=  129.60 qoe=   0.0 qoe_q=  -67.8 eps=0.732 loss=0.2734
[ep  211] longdress    static_B_2020.02.14_13.21.26.csv@532   reward=  184.01 qoe= 100.0 qoe_q=   45.7 eps=0.731 loss=0.2543
[ep  212] loot         static_B_2020.02.13_13.57.29.csv@1338  reward=  191.40 qoe= 100.0 qoe_q=   46.3 eps=0.729 loss=0.2594
[ep  213] redandblack  static_B_2020.01.16_10.43.34.csv@2618  reward=  181.02 qoe= 100.0 qoe_q=   47.0 eps=0.728 loss=0.2672
[ep  214] soldier      static_B_2020.01.16_10.43.34.csv@1178  reward=  153.28 qoe=  32.6 qoe_q=   24.9 eps=0.727 loss=0.2479
[ep  215] longdress    static_B_2020.02.13_13.57.29.csv@1638  reward=  114.39 qoe=   0.0 qoe_q=  -53.9 eps=0.725 loss=0.2527
[ep  216] loot         static_B_2019.12.16_13.40.04.csv@633   reward=  155.40 qoe=  44.3 qoe_q=   26.3 eps=0.724 loss=0.2716
[ep  217] redandblack  static_B_2020.02.13_13.57.29.csv@1098  reward=  133.85 qoe=  37.2 qoe_q=   15.6 eps=0.723 loss=0.2820
[ep  218] soldier      static_B_2020.01.16_10.43.34.csv@1658  reward=  181.99 qoe=  55.0 qoe_q=   25.8 eps=0.722 loss=0.2393
[ep  219] longdress    static_B_2020.01.16_10.43.34.csv@2858  reward=   81.10 qoe=   0.0 qoe_q=  -70.0 eps=0.720 loss=0.2416
[ep  220] loot         static_B_2020.02.14_13.21.26.csv@472   reward=  207.35 qoe=  48.0 qoe_q=   57.4 eps=0.719 loss=0.2825
[ep  221] redandblack  static_B_2020.02.13_13.57.29.csv@138   reward=  152.74 qoe=  63.1 qoe_q=   31.0 eps=0.718 loss=0.2464
[ep  222] soldier      static_B_2020.01.16_10.43.34.csv@1358  reward=  185.00 qoe=  58.2 qoe_q=   27.5 eps=0.717 loss=0.2748
[ep  223] longdress    static_B_2019.12.16_13.40.04.csv@813   reward=  194.78 qoe= 100.0 qoe_q=   46.5 eps=0.715 loss=0.2611
[ep  224] loot         static_B_2019.12.16_13.40.04.csv@1113  reward=   49.83 qoe=   0.0 qoe_q= -486.4 eps=0.714 loss=0.2517
[ep  225] redandblack  static_B_2019.12.16_13.40.04.csv@1713  reward=  212.90 qoe= 100.0 qoe_q=   59.9 eps=0.713 loss=0.2832
[ep  226] soldier      static_B_2020.02.14_13.21.26.csv@772   reward=  189.78 qoe=  98.0 qoe_q=   49.8 eps=0.711 loss=0.2896
[ep  227] longdress    static_B_2020.01.16_10.43.34.csv@2918  reward=  116.35 qoe=   0.0 qoe_q=   -6.6 eps=0.710 loss=0.2649
[ep  228] loot         static_B_2020.02.13_13.57.29.csv@2238  reward=  202.85 qoe=  89.2 qoe_q=   56.2 eps=0.709 loss=0.2902
[ep  229] redandblack  static_B_2020.01.16_10.43.34.csv@698   reward=  177.82 qoe=  73.9 qoe_q=   39.9 eps=0.708 loss=0.2531
[ep  230] soldier      static_B_2019.12.16_13.40.04.csv@273   reward=  158.51 qoe=  19.5 qoe_q=    2.5 eps=0.706 loss=0.2795
[ep  231] longdress    static_B_2020.02.13_13.57.29.csv@2838  reward=   85.01 qoe=   0.0 qoe_q=  -50.3 eps=0.705 loss=0.2675
[ep  232] loot         static_B_2020.02.13_13.57.29.csv@1518  reward=  143.50 qoe=  37.1 qoe_q=   15.3 eps=0.704 loss=0.2530
[ep  233] redandblack  static_B_2020.02.13_13.57.29.csv@978   reward=   17.90 qoe=   0.0 qoe_q= -331.0 eps=0.703 loss=0.2782
[ep  234] soldier      static_B_2020.01.16_10.43.34.csv@2078  reward=  107.89 qoe=   0.0 qoe_q=  -16.6 eps=0.701 loss=0.3081
[ep  235] longdress    static_B_2020.01.16_10.43.34.csv@1538  reward=  203.87 qoe=  50.0 qoe_q=   55.1 eps=0.700 loss=0.2723
[ep  236] loot         static_B_2020.02.13_13.57.29.csv@1038  reward=  136.78 qoe=  41.1 qoe_q=   17.3 eps=0.699 loss=0.2824
[ep  237] redandblack  static_B_2020.02.13_13.57.29.csv@198   reward=  132.17 qoe=  44.5 qoe_q=   15.7 eps=0.697 loss=0.2894
[ep  238] soldier      static_B_2019.12.16_13.40.04.csv@1473  reward=  179.84 qoe=  64.2 qoe_q=   30.8 eps=0.696 loss=0.2706
[ep  239] longdress    static_B_2020.02.13_13.57.29.csv@618   reward=   69.66 qoe=   0.0 qoe_q=  -83.8 eps=0.695 loss=0.2696
[ep  240] loot         static_B_2019.12.16_13.40.04.csv@213   reward=  135.83 qoe=   0.0 qoe_q=  -46.4 eps=0.694 loss=0.2745
[ep  241] redandblack  static_B_2020.02.13_13.57.29.csv@2118  reward=  134.18 qoe=  24.9 qoe_q=   14.4 eps=0.692 loss=0.2819
[ep  242] soldier      static_B_2020.02.14_13.21.26.csv@172   reward=  171.28 qoe=  62.4 qoe_q=   34.7 eps=0.691 loss=0.2932
[ep  243] longdress    static_B_2020.01.16_10.43.34.csv@518   reward=  176.19 qoe= 100.0 qoe_q=   42.6 eps=0.690 loss=0.2916
[ep  244] loot         static_B_2019.12.16_13.40.04.csv@1293  reward=  187.66 qoe=  83.5 qoe_q=   45.3 eps=0.688 loss=0.2795
[ep  245] redandblack  static_B_2020.02.13_13.57.29.csv@798   reward=  147.26 qoe=  44.4 qoe_q=   10.7 eps=0.687 loss=0.2708
[ep  246] soldier      static_B_2019.12.16_13.40.04.csv@933   reward=  123.39 qoe=  20.9 qoe_q=    5.4 eps=0.686 loss=0.2927
[ep  247] longdress    static_B_2020.02.13_13.57.29.csv@1698  reward=  128.99 qoe=  23.0 qoe_q=    4.8 eps=0.685 loss=0.2668
[ep  248] loot         static_B_2020.01.16_10.43.34.csv@338   reward=  190.99 qoe=  50.0 qoe_q=   52.5 eps=0.683 loss=0.2599
[ep  249] redandblack  static_B_2020.02.13_13.57.29.csv@2418  reward=  113.98 qoe=   0.0 qoe_q=  -38.4 eps=0.682 loss=0.2668
[ep  250] soldier      static_B_2020.02.13_13.57.29.csv@2658  reward=  199.74 qoe= 100.0 qoe_q=   51.4 eps=0.681 loss=0.2793
[ep  251] longdress    static_B_2020.01.16_10.43.34.csv@2138  reward=  154.78 qoe=  68.8 qoe_q=   26.3 eps=0.680 loss=0.3010
[ep  252] loot         static_B_2020.01.16_10.43.34.csv@998   reward=  198.41 qoe=  85.6 qoe_q=   51.6 eps=0.678 loss=0.4334
[ep  253] redandblack  static_B_2020.01.16_10.43.34.csv@1718  reward=  143.53 qoe=  44.8 qoe_q=   13.2 eps=0.677 loss=0.3347
[ep  254] soldier      static_B_2020.02.14_13.21.26.csv@412   reward=  195.99 qoe=  96.0 qoe_q=   51.3 eps=0.676 loss=0.3425
[ep  255] longdress    static_B_2020.01.16_10.43.34.csv@1298  reward=  153.97 qoe=  83.0 qoe_q=   31.8 eps=0.674 loss=0.3167
[ep  256] loot         static_B_2020.02.14_13.21.26.csv@850   reward=  166.23 qoe=  42.7 qoe_q=   17.0 eps=0.673 loss=0.3147
[ep  257] redandblack  static_B_2019.12.16_13.40.04.csv@1233  reward=  189.97 qoe=  62.6 qoe_q=   36.4 eps=0.672 loss=0.3188
[ep  258] soldier      static_B_2020.02.13_13.57.29.csv@858   reward=   48.86 qoe=   0.0 qoe_q=  -69.2 eps=0.671 loss=0.3079
[ep  259] longdress    static_B_2019.12.16_13.40.04.csv@753   reward=  190.91 qoe=  81.1 qoe_q=   48.6 eps=0.669 loss=0.2936
[ep  260] loot         static_B_2020.02.13_13.57.29.csv@1758  reward=  177.42 qoe=  40.4 qoe_q=    9.6 eps=0.668 loss=0.3047
[ep  261] redandblack  static_B_2020.01.16_10.43.34.csv@158   reward=  145.95 qoe=  41.5 qoe_q=   -6.3 eps=0.667 loss=0.3287
[ep  262] soldier      static_B_2020.02.13_13.57.29.csv@318   reward=  164.88 qoe=  53.0 qoe_q=   29.4 eps=0.665 loss=0.2971
[ep  263] longdress    static_B_2019.12.16_13.40.04.csv@33    reward=  127.61 qoe=   0.0 qoe_q=  -23.3 eps=0.664 loss=0.3243
[ep  264] loot         static_B_2020.02.14_13.21.26.csv@292   reward=  200.63 qoe=  50.0 qoe_q=   52.7 eps=0.663 loss=0.3500
[ep  265] redandblack  static_B_2020.01.16_10.43.34.csv@878   reward=   97.86 qoe=   0.0 qoe_q=  -10.1 eps=0.662 loss=0.2929
[ep  266] soldier      static_B_2020.02.13_13.57.29.csv@258   reward=  201.85 qoe=  56.0 qoe_q=   54.9 eps=0.660 loss=0.3529
[ep  267] longdress    static_B_2020.01.16_10.43.34.csv@98    reward=  103.17 qoe=   0.0 qoe_q=   -7.7 eps=0.659 loss=0.3180
[ep  268] loot         static_B_2020.02.13_13.57.29.csv@78    reward=  193.11 qoe=  59.3 qoe_q=   34.4 eps=0.658 loss=0.3185
[ep  269] redandblack  static_B_2019.12.16_13.40.04.csv@873   reward=  190.02 qoe=  86.6 qoe_q=   48.2 eps=0.657 loss=0.3327
[ep  270] soldier      static_B_2019.12.16_13.40.04.csv@1833  reward=  141.62 qoe=  24.5 qoe_q=    9.8 eps=0.655 loss=0.3336
[ep  271] longdress    static_B_2019.12.16_13.40.04.csv@1413  reward=  165.04 qoe=  53.6 qoe_q=   27.9 eps=0.654 loss=0.2949
[ep  272] loot         static_B_2020.02.13_13.57.29.csv@2478  reward=  169.72 qoe=  16.0 qoe_q=    0.2 eps=0.653 loss=0.3220
[ep  273] redandblack  static_B_2020.01.16_10.43.34.csv@2258  reward=  185.06 qoe= 100.0 qoe_q=   48.0 eps=0.651 loss=0.3070
[ep  274] soldier      static_B_2020.02.13_13.57.29.csv@1818  reward=  169.86 qoe=  45.5 qoe_q=    9.2 eps=0.650 loss=0.3316
[ep  275] longdress    static_B_2019.12.16_13.40.04.csv@393   reward=  191.78 qoe=  85.4 qoe_q=   47.6 eps=0.649 loss=0.3127
[ep  276] loot         static_B_2020.02.13_13.57.29.csv@2718  reward=  199.46 qoe= 100.0 qoe_q=   53.9 eps=0.648 loss=0.3372
[ep  277] redandblack  static_B_2020.01.16_10.43.34.csv@278   reward=  194.60 qoe=  42.0 qoe_q=   51.0 eps=0.646 loss=0.3258
[ep  278] soldier      static_B_2020.02.14_13.21.26.csv@112   reward=  216.59 qoe=  80.6 qoe_q=   59.7 eps=0.645 loss=0.3327
[ep  279] longdress    static_B_2020.02.13_13.57.29.csv@2945  reward=  172.58 qoe=  55.3 qoe_q=   18.9 eps=0.644 loss=0.2999
[ep  280] loot         static_B_2020.02.14_13.21.26.csv@592   reward=  215.16 qoe=  44.0 qoe_q=   61.6 eps=0.642 loss=0.2689
[ep  281] redandblack  static_B_2020.01.16_10.43.34.csv@3038  reward=  182.22 qoe=  78.0 qoe_q=   45.2 eps=0.641 loss=0.3222
[ep  282] soldier      static_B_2020.01.16_10.43.34.csv@2378  reward=  188.00 qoe=  82.0 qoe_q=   47.5 eps=0.640 loss=0.3687
[ep  283] longdress    static_B_2020.01.16_10.43.34.csv@1418  reward=  138.00 qoe=   0.0 qoe_q= -173.4 eps=0.639 loss=0.3292
[ep  284] loot         static_B_2020.01.16_10.43.34.csv@2018  reward=  141.17 qoe=   0.0 qoe_q=  -52.1 eps=0.637 loss=0.3134
[ep  285] redandblack  static_B_2020.01.16_10.43.34.csv@1778  reward=  209.29 qoe=  96.0 qoe_q=   60.0 eps=0.636 loss=0.2832
[ep  286] soldier      static_B_2020.01.16_10.43.34.csv@2498  reward=  201.52 qoe= 100.0 qoe_q=   55.0 eps=0.635 loss=0.3187
[ep  287] longdress    static_B_2020.01.16_10.43.34.csv@1838  reward=  207.58 qoe= 100.0 qoe_q=   57.2 eps=0.634 loss=0.2872
[ep  288] loot         static_B_2020.02.13_13.57.29.csv@1878  reward=  207.05 qoe=  44.8 qoe_q=   27.6 eps=0.632 loss=0.3068
[ep  289] redandblack  static_B_2020.02.13_13.57.29.csv@2178  reward=  197.46 qoe=  56.6 qoe_q=   32.6 eps=0.631 loss=0.3098
[ep  290] soldier      static_B_2020.01.16_10.43.34.csv@2558  reward=  164.92 qoe=  21.1 qoe_q=   -0.8 eps=0.630 loss=0.3006
[ep  291] longdress    static_B_2019.12.16_13.40.04.csv@1653  reward=  161.72 qoe=   0.0 qoe_q=  -28.6 eps=0.628 loss=0.2886
[ep  292] loot         static_B_2019.12.16_13.40.04.csv@453   reward=  182.31 qoe=  63.6 qoe_q=   27.4 eps=0.627 loss=0.3325
[ep  293] redandblack  static_B_2019.12.16_13.40.04.csv@1053  reward=  155.22 qoe=  25.3 qoe_q=    2.2 eps=0.626 loss=0.3146
[ep  294] soldier      static_B_2019.12.16_13.40.04.csv@1533  reward=  165.18 qoe=  64.0 qoe_q=   34.3 eps=0.625 loss=0.3068
[ep  295] longdress    static_B_2019.12.16_13.40.04.csv@1893  reward=  209.73 qoe=  72.0 qoe_q=   58.6 eps=0.623 loss=0.3125
[ep  296] loot         static_B_2020.02.14_13.21.26.csv@52    reward=  212.90 qoe=  60.0 qoe_q=   58.9 eps=0.622 loss=0.3029
[ep  297] redandblack  static_B_2020.02.13_13.57.29.csv@2598  reward=  201.38 qoe=  61.7 qoe_q=   39.7 eps=0.621 loss=0.3004
[ep  298] soldier      static_B_2020.01.16_10.43.34.csv@1898  reward=  189.20 qoe=  67.6 qoe_q=   44.6 eps=0.620 loss=0.3022
[ep  299] longdress    static_B_2020.02.13_13.57.29.csv@558   reward=  178.94 qoe=  61.7 qoe_q=   29.5 eps=0.618 loss=0.3500
[ep  300] loot         static_B_2020.01.16_10.43.34.csv@2798  reward=  203.46 qoe= 100.0 qoe_q=   52.9 eps=0.617 loss=0.3198
    [eval @ ep 300] reward=285.94 qoe=100.0 qoe_q=94.9 mean_q=0.955 stall=0.0s
[ep  301] redandblack  static_B_2019.12.16_13.40.04.csv@1773  reward=  218.47 qoe= 100.0 qoe_q=   56.5 eps=0.616 loss=0.3323
[ep  302] soldier      static_B_2019.12.16_13.40.04.csv@1904  reward=  198.37 qoe=  76.0 qoe_q=   51.3 eps=0.614 loss=0.4590
[ep  303] longdress    static_B_2020.01.16_10.43.34.csv@2318  reward=  189.55 qoe=  24.9 qoe_q=    1.7 eps=0.613 loss=0.3394
[ep  304] loot         static_B_2020.02.13_13.57.29.csv@2058  reward=  173.70 qoe=  70.0 qoe_q=   40.2 eps=0.612 loss=0.3587
[ep  305] redandblack  static_B_2020.02.13_13.57.29.csv@2898  reward=  178.69 qoe=   4.9 qoe_q=   -2.4 eps=0.611 loss=0.3478
[ep  306] soldier      static_B_2020.01.16_10.43.34.csv@218   reward=  159.80 qoe=  55.9 qoe_q=   31.3 eps=0.609 loss=0.3675
[ep  307] longdress    static_B_2019.12.16_13.40.04.csv@693   reward=  183.99 qoe=  79.8 qoe_q=   44.3 eps=0.608 loss=0.3660
[ep  308] loot         static_B_2020.01.16_10.43.34.csv@2978  reward=  174.85 qoe=  32.8 qoe_q=   21.7 eps=0.607 loss=0.3358
[ep  309] redandblack  static_B_2020.02.13_13.57.29.csv@498   reward=  146.82 qoe=  14.5 qoe_q=    2.5 eps=0.605 loss=0.3589
[ep  310] soldier      static_B_2020.01.16_10.43.34.csv@3098  reward=  200.52 qoe= 100.0 qoe_q=   53.8 eps=0.604 loss=0.3460
[ep  311] redandblack  static_B_2020.02.13_13.57.29.csv@2644  reward=  231.42 qoe= 100.0 qoe_q=   67.4 eps=0.603 loss=0.3370
[ep  312] soldier      static_B_2020.01.16_10.43.34.csv@246   reward=  190.22 qoe=  76.5 qoe_q=   46.4 eps=0.602 loss=0.3618
[ep  313] longdress    static_B_2019.12.16_13.40.04.csv@175   reward=  196.25 qoe= 100.0 qoe_q=   47.0 eps=0.600 loss=0.3936
[ep  314] loot         static_B_2020.02.14_13.21.26.csv@850   reward=  144.20 qoe=  39.5 qoe_q=    4.7 eps=0.599 loss=0.3763
[ep  315] redandblack  static_B_2019.12.16_13.40.04.csv@835   reward=  183.21 qoe= 100.0 qoe_q=   45.0 eps=0.598 loss=0.3463
[ep  316] soldier      static_B_2020.01.16_10.43.34.csv@1566  reward=  163.01 qoe=  68.4 qoe_q=   27.9 eps=0.597 loss=0.3249
[ep  317] longdress    static_B_2020.02.14_13.21.26.csv@177   reward=  154.36 qoe=  12.9 qoe_q=  -10.3 eps=0.595 loss=0.3614
[ep  318] loot         static_B_2020.01.16_10.43.34.csv@426   reward=  132.29 qoe=   0.0 qoe_q=  -63.4 eps=0.594 loss=0.3641
[ep  319] redandblack  static_B_2020.02.13_13.57.29.csv@2344  reward=  145.35 qoe=  44.7 qoe_q=   15.5 eps=0.593 loss=0.3593
[ep  320] soldier      static_B_2019.12.16_13.40.04.csv@1795  reward=  159.84 qoe=   0.0 qoe_q=  -17.6 eps=0.591 loss=0.3769
[ep  321] longdress    static_B_2019.12.16_13.40.04.csv@415   reward=  116.82 qoe=   0.0 qoe_q=  -29.7 eps=0.590 loss=0.3228
[ep  322] loot         static_B_2020.01.16_10.43.34.csv@2766  reward=  209.33 qoe= 100.0 qoe_q=   56.0 eps=0.589 loss=0.3399
[ep  323] redandblack  static_B_2020.01.16_10.43.34.csv@846   reward=  187.34 qoe=  69.2 qoe_q=   40.8 eps=0.588 loss=0.3789
[ep  324] soldier      static_B_2019.12.16_13.40.04.csv@1435  reward=  206.44 qoe=  72.8 qoe_q=   51.5 eps=0.586 loss=0.3561
[ep  325] longdress    static_B_2019.12.16_13.40.04.csv@1075  reward=  142.62 qoe=  39.6 qoe_q=    3.5 eps=0.585 loss=0.3346
[ep  326] loot         static_B_2019.12.16_13.40.04.csv@1195  reward=  140.22 qoe=  36.8 qoe_q=   21.1 eps=0.584 loss=0.3291
[ep  327] redandblack  static_B_2019.12.16_13.40.04.csv@1855  reward=  119.12 qoe=   0.0 qoe_q= -270.4 eps=0.582 loss=0.3879
[ep  328] soldier      static_B_2020.02.13_13.57.29.csv@2764  reward=  140.94 qoe=   1.8 qoe_q=    5.4 eps=0.581 loss=0.3808
[ep  329] longdress    static_B_2019.12.16_13.40.04.csv@955   reward=  132.21 qoe=   0.0 qoe_q=  -30.3 eps=0.580 loss=0.3664
[ep  330] loot         static_B_2020.01.16_10.43.34.csv@1026  reward=  208.69 qoe=  63.0 qoe_q=   43.8 eps=0.579 loss=0.3251
[ep  331] redandblack  static_B_2020.02.13_13.57.29.csv@1084  reward=  130.18 qoe=  10.0 qoe_q=   -8.0 eps=0.577 loss=0.3444
[ep  332] soldier      static_B_2020.01.16_10.43.34.csv@1326  reward=  162.14 qoe=   0.0 qoe_q=   -7.9 eps=0.576 loss=0.3317
[ep  333] longdress    static_B_2019.12.16_13.40.04.csv@1255  reward=  100.46 qoe=   0.0 qoe_q=  -29.7 eps=0.575 loss=0.3272
[ep  334] loot         static_B_2020.02.14_13.21.26.csv@117   reward=  213.92 qoe=  42.0 qoe_q=   58.3 eps=0.574 loss=0.3402
[ep  335] redandblack  static_B_2019.12.16_13.40.04.csv@1904  reward=  220.65 qoe=  52.0 qoe_q=   65.4 eps=0.572 loss=0.3449
[ep  336] soldier      static_B_2020.02.13_13.57.29.csv@1444  reward=  122.67 qoe=   0.0 qoe_q=  -43.9 eps=0.571 loss=0.3599
[ep  337] longdress    static_B_2019.12.16_13.40.04.csv@1315  reward=  174.68 qoe=  55.4 qoe_q=   27.1 eps=0.570 loss=0.3232
[ep  338] loot         static_B_2020.01.16_10.43.34.csv@2706  reward=  217.88 qoe= 100.0 qoe_q=   52.9 eps=0.568 loss=0.3463
[ep  339] redandblack  static_B_2020.02.14_13.21.26.csv@357   reward=  159.57 qoe=  55.1 qoe_q=   29.9 eps=0.567 loss=0.3265
[ep  340] soldier      static_B_2020.01.16_10.43.34.csv@1806  reward=  238.77 qoe= 100.0 qoe_q=   71.3 eps=0.566 loss=0.3492
[ep  341] longdress    static_B_2020.01.16_10.43.34.csv@906   reward=  152.57 qoe=  19.0 qoe_q=   13.7 eps=0.565 loss=0.3351
[ep  342] loot         static_B_2020.02.13_13.57.29.csv@724   reward=  127.83 qoe=   0.0 qoe_q=  -24.5 eps=0.563 loss=0.3264
[ep  343] redandblack  static_B_2020.01.16_10.43.34.csv@2226  reward=  199.27 qoe= 100.0 qoe_q=   49.8 eps=0.562 loss=0.3724
[ep  344] soldier      static_B_2020.01.16_10.43.34.csv@1266  reward=  186.69 qoe=  81.9 qoe_q=   36.2 eps=0.561 loss=0.3524
[ep  345] longdress    static_B_2020.02.13_13.57.29.csv@1624  reward=  180.29 qoe=  66.0 qoe_q=   34.1 eps=0.559 loss=0.3529
[ep  346] loot         static_B_2020.02.13_13.57.29.csv@1144  reward=  160.66 qoe=   7.7 qoe_q=   18.5 eps=0.558 loss=0.3671
[ep  347] redandblack  static_B_2020.02.13_13.57.29.csv@2824  reward=  191.24 qoe=  57.1 qoe_q=   29.7 eps=0.557 loss=0.3442
[ep  348] soldier      static_B_2020.01.16_10.43.34.csv@1866  reward=  220.43 qoe= 100.0 qoe_q=   61.9 eps=0.556 loss=0.3626
[ep  349] longdress    static_B_2020.02.13_13.57.29.csv@1384  reward=  209.25 qoe=  10.1 qoe_q=   14.4 eps=0.554 loss=0.3138
[ep  350] loot         static_B_2019.12.16_13.40.04.csv@1675  reward=  194.38 qoe=  81.8 qoe_q=   47.2 eps=0.553 loss=0.3873
[ep  351] redandblack  static_B_2019.12.16_13.40.04.csv@1015  reward=  144.33 qoe=  45.0 qoe_q=   18.7 eps=0.552 loss=0.3427
[ep  352] soldier      static_B_2020.01.16_10.43.34.csv@2346  reward=  212.64 qoe=  27.3 qoe_q=   13.4 eps=0.551 loss=0.4940
[ep  353] longdress    static_B_2020.02.13_13.57.29.csv@1864  reward=  186.95 qoe=   0.0 qoe_q=  -24.6 eps=0.549 loss=0.4182
[ep  354] loot         static_B_2020.01.16_10.43.34.csv@1506  reward=  192.41 qoe=  77.7 qoe_q=   45.7 eps=0.548 loss=0.4348
[ep  355] redandblack  static_B_2019.12.16_13.40.04.csv@895   reward=  178.56 qoe=   0.0 qoe_q=  -24.4 eps=0.547 loss=0.3608
[ep  356] soldier      static_B_2020.02.13_13.57.29.csv@544   reward=  204.66 qoe=  66.3 qoe_q=   44.5 eps=0.545 loss=0.4282
[ep  357] longdress    static_B_2020.01.16_10.43.34.csv@2466  reward=  216.99 qoe= 100.0 qoe_q=   59.5 eps=0.544 loss=0.3763
[ep  358] loot         static_B_2020.02.13_13.57.29.csv@244   reward=  229.00 qoe= 100.0 qoe_q=   66.0 eps=0.543 loss=0.3724
[ep  359] redandblack  static_B_2019.12.16_13.40.04.csv@655   reward=  225.25 qoe= 100.0 qoe_q=   63.5 eps=0.542 loss=0.3979
[ep  360] soldier      static_B_2019.12.16_13.40.04.csv@1615  reward=  182.20 qoe=  71.9 qoe_q=   34.5 eps=0.540 loss=0.4086
[ep  361] longdress    static_B_2020.01.16_10.43.34.csv@2166  reward=  191.54 qoe=  52.7 qoe_q=   42.2 eps=0.539 loss=0.4072
[ep  362] loot         static_B_2020.02.13_13.57.29.csv@184   reward=  150.55 qoe=  33.8 qoe_q=   19.9 eps=0.538 loss=0.3727
[ep  363] redandblack  static_B_2020.02.14_13.21.26.csv@777   reward=  230.37 qoe=  64.0 qoe_q=   66.7 eps=0.537 loss=0.4170
[ep  364] soldier      static_B_2020.01.16_10.43.34.csv@666   reward=  214.70 qoe= 100.0 qoe_q=   59.1 eps=0.535 loss=0.4441
[ep  365] longdress    static_B_2020.01.16_10.43.34.csv@2586  reward=  159.40 qoe=  28.6 qoe_q=    5.8 eps=0.534 loss=0.3697
[ep  366] loot         static_B_2020.02.13_13.57.29.csv@784   reward=  182.44 qoe=  59.7 qoe_q=   38.5 eps=0.533 loss=0.3497
[ep  367] redandblack  static_B_2020.01.16_10.43.34.csv@1926  reward=  188.62 qoe= 100.0 qoe_q=   45.0 eps=0.531 loss=0.4444
[ep  368] soldier      static_B_2020.02.13_13.57.29.csv@1504  reward=  142.01 qoe=   0.0 qoe_q=   -8.1 eps=0.530 loss=0.3918
[ep  369] longdress    static_B_2020.02.13_13.57.29.csv@1024  reward=  154.78 qoe=  26.0 qoe_q=   21.3 eps=0.529 loss=0.3721
[ep  370] loot         static_B_2019.12.16_13.40.04.csv@1135  reward=  154.15 qoe=  42.2 qoe_q=   29.0 eps=0.528 loss=0.3646
[ep  371] redandblack  static_B_2020.01.16_10.43.34.csv@186   reward=  181.89 qoe=  78.1 qoe_q=   41.3 eps=0.526 loss=0.4106
[ep  372] soldier      static_B_2019.12.16_13.40.04.csv@295   reward=  156.24 qoe=   0.0 qoe_q=   -5.8 eps=0.525 loss=0.4140
[ep  373] longdress    static_B_2019.12.16_13.40.04.csv@1735  reward=  141.55 qoe=   0.0 qoe_q=  -72.5 eps=0.524 loss=0.4343
[ep  374] loot         static_B_2019.12.16_13.40.04.csv@115   reward=  230.26 qoe=  56.0 qoe_q=   65.4 eps=0.522 loss=0.3875
[ep  375] redandblack  static_B_2020.02.14_13.21.26.csv@537   reward=  221.77 qoe= 100.0 qoe_q=   63.1 eps=0.521 loss=0.3645
[ep  376] soldier      static_B_2020.02.13_13.57.29.csv@2044  reward=  208.97 qoe=  68.0 qoe_q=   56.8 eps=0.520 loss=0.3821
[ep  377] longdress    static_B_2020.02.13_13.57.29.csv@904   reward=  116.62 qoe=   0.0 qoe_q=   -4.6 eps=0.519 loss=0.3681
[ep  378] loot         static_B_2020.01.16_10.43.34.csv@726   reward=  234.89 qoe=  46.0 qoe_q=   68.6 eps=0.517 loss=0.3933
[ep  379] redandblack  static_B_2020.02.13_13.57.29.csv@664   reward=  195.52 qoe=  44.2 qoe_q=   30.0 eps=0.516 loss=0.3525
[ep  380] soldier      static_B_2019.12.16_13.40.04.csv@595   reward=  162.26 qoe=  21.6 qoe_q=    7.9 eps=0.515 loss=0.3476
[ep  381] longdress    static_B_2020.02.13_13.57.29.csv@2284  reward=  218.05 qoe= 100.0 qoe_q=   56.9 eps=0.514 loss=0.3933
[ep  382] loot         static_B_2019.12.16_13.40.04.csv@715   reward=  237.06 qoe=  70.0 qoe_q=   69.1 eps=0.512 loss=0.3715
[ep  383] redandblack  static_B_2020.01.16_10.43.34.csv@306   reward=  228.76 qoe=  86.0 qoe_q=   66.8 eps=0.511 loss=0.4089
[ep  384] soldier      static_B_2019.12.16_13.40.04.csv@235   reward=  157.91 qoe=   0.0 qoe_q=  -59.4 eps=0.510 loss=0.4525
[ep  385] longdress    static_B_2019.12.16_13.40.04.csv@1555  reward=  172.42 qoe=  56.9 qoe_q=   36.9 eps=0.508 loss=0.3876
[ep  386] loot         static_B_2019.12.16_13.40.04.csv@1904  reward=  233.14 qoe=  50.0 qoe_q=   68.2 eps=0.507 loss=0.3805
[ep  387] redandblack  static_B_2020.02.13_13.57.29.csv@2524  reward=  245.70 qoe= 100.0 qoe_q=   74.2 eps=0.506 loss=0.3410
[ep  388] soldier      static_B_2020.02.13_13.57.29.csv@2584  reward=  237.83 qoe= 100.0 qoe_q=   71.3 eps=0.505 loss=0.4047
[ep  389] longdress    static_B_2020.01.16_10.43.34.csv@6     reward=  204.05 qoe= 100.0 qoe_q=   53.2 eps=0.503 loss=0.4173
[ep  390] loot         static_B_2020.02.14_13.21.26.csv@717   reward=  233.65 qoe= 100.0 qoe_q=   68.2 eps=0.502 loss=0.3843
[ep  391] redandblack  static_B_2020.01.16_10.43.34.csv@1626  reward=  202.34 qoe=  60.0 qoe_q=   56.4 eps=0.501 loss=0.4045
[ep  392] soldier      static_B_2020.01.16_10.43.34.csv@2106  reward=  136.21 qoe=  16.3 qoe_q=    5.4 eps=0.499 loss=0.3862
[ep  393] longdress    static_B_2020.01.16_10.43.34.csv@3109  reward=  230.96 qoe= 100.0 qoe_q=   67.2 eps=0.498 loss=0.3808
[ep  394] loot         static_B_2020.02.13_13.57.29.csv@424   reward=  226.29 qoe= 100.0 qoe_q=   64.1 eps=0.497 loss=0.4003
[ep  395] redandblack  static_B_2020.02.14_13.21.26.csv@657   reward=  244.86 qoe= 100.0 qoe_q=   73.6 eps=0.496 loss=0.3670
[ep  396] soldier      static_B_2020.01.16_10.43.34.csv@2826  reward=  101.62 qoe=   0.0 qoe_q=  -38.2 eps=0.494 loss=0.4080
[ep  397] longdress    static_B_2020.02.14_13.21.26.csv@237   reward=  219.46 qoe= 100.0 qoe_q=   61.8 eps=0.493 loss=0.3391
[ep  398] loot         static_B_2020.01.16_10.43.34.csv@606   reward=  201.93 qoe=  50.0 qoe_q=   56.2 eps=0.492 loss=0.4092
[ep  399] redandblack  static_B_2020.01.16_10.43.34.csv@2046  reward=  208.59 qoe=  77.0 qoe_q=   52.0 eps=0.491 loss=0.3717
[ep  400] soldier      static_B_2020.02.14_13.21.26.csv@477   reward=  224.98 qoe= 100.0 qoe_q=   64.5 eps=0.489 loss=0.4088
    [eval @ ep 400] reward=289.11 qoe=100.0 qoe_q=95.9 mean_q=0.965 stall=0.0s
[ep  401] longdress    static_B_2019.12.16_13.40.04.csv@775   reward=  222.64 qoe= 100.0 qoe_q=   63.3 eps=0.488 loss=0.4116
[ep  402] loot         static_B_2019.12.16_13.40.04.csv@1904  reward=  209.52 qoe=  50.0 qoe_q=   57.8 eps=0.487 loss=0.5431
[ep  403] redandblack  static_B_2020.02.13_13.57.29.csv@1924  reward=  208.13 qoe=  82.3 qoe_q=   56.8 eps=0.485 loss=0.4220
[ep  404] soldier      static_B_2020.02.13_13.57.29.csv@1804  reward=  185.95 qoe=   0.0 qoe_q=  -19.9 eps=0.484 loss=0.4244
[ep  405] longdress    static_B_2020.01.16_10.43.34.csv@1086  reward=  168.55 qoe=  38.6 qoe_q=   23.3 eps=0.483 loss=0.4243
[ep  406] loot         static_B_2019.12.16_13.40.04.csv@475   reward=  221.72 qoe= 100.0 qoe_q=   64.2 eps=0.482 loss=0.4222
[ep  407] redandblack  static_B_2020.01.16_10.43.34.csv@2946  reward=  208.04 qoe=  84.1 qoe_q=   53.1 eps=0.480 loss=0.3902
[ep  408] soldier      static_B_2020.02.13_13.57.29.csv@1204  reward=  189.47 qoe=  52.7 qoe_q=   40.2 eps=0.479 loss=0.3827
[ep  409] longdress    static_B_2020.01.16_10.43.34.csv@2406  reward=  214.46 qoe=  87.7 qoe_q=   58.1 eps=0.478 loss=0.4561
[ep  410] loot         static_B_2020.01.16_10.43.34.csv@786   reward=  190.98 qoe=  64.6 qoe_q=   44.9 eps=0.476 loss=0.4202
[ep  411] redandblack  static_B_2020.01.16_10.43.34.csv@66    reward=  218.30 qoe= 100.0 qoe_q=   61.5 eps=0.475 loss=0.4029
[ep  412] soldier      static_B_2020.02.13_13.57.29.csv@2104  reward=  114.06 qoe=   0.0 qoe_q=  -10.0 eps=0.474 loss=0.4325
[ep  413] longdress    static_B_2020.02.13_13.57.29.csv@64    reward=  100.23 qoe=   0.0 qoe_q= -114.3 eps=0.473 loss=0.4362
[ep  414] loot         static_B_2020.02.13_13.57.29.csv@484   reward=  188.83 qoe=  42.9 qoe_q=   22.6 eps=0.471 loss=0.4123
[ep  415] redandblack  static_B_2020.01.16_10.43.34.csv@1446  reward=  220.37 qoe= 100.0 qoe_q=   64.3 eps=0.470 loss=0.4135
[ep  416] soldier      static_B_2020.02.13_13.57.29.csv@604   reward=  139.12 qoe=   0.0 qoe_q=  -31.8 eps=0.469 loss=0.4542
[ep  417] longdress    static_B_2020.01.16_10.43.34.csv@966   reward=  224.88 qoe=  48.9 qoe_q=   38.9 eps=0.468 loss=0.4432
[ep  418] loot         static_B_2020.02.13_13.57.29.csv@4     reward=  193.85 qoe=  49.1 qoe_q=   38.0 eps=0.466 loss=0.4631
[ep  419] redandblack  static_B_2020.02.13_13.57.29.csv@2164  reward=  217.75 qoe=  56.9 qoe_q=   40.1 eps=0.465 loss=0.4489
[ep  420] soldier      static_B_2020.01.16_10.43.34.csv@2286  reward=  168.62 qoe=  38.0 qoe_q=   25.9 eps=0.464 loss=0.4331
[ep  421] longdress    static_B_2019.12.16_13.40.04.csv@1375  reward=  164.94 qoe=   0.0 qoe_q=  -59.9 eps=0.462 loss=0.4034
[ep  422] loot         static_B_2020.02.14_13.21.26.csv@417   reward=  270.41 qoe=  56.0 qoe_q=   86.2 eps=0.461 loss=0.4402
[ep  423] redandblack  static_B_2020.02.13_13.57.29.csv@2464  reward=  200.45 qoe=  12.2 qoe_q=   10.7 eps=0.460 loss=0.4679
[ep  424] soldier      static_B_2020.02.14_13.21.26.csv@597   reward=  232.55 qoe= 100.0 qoe_q=   66.7 eps=0.459 loss=0.4702
[ep  425] longdress    static_B_2020.01.16_10.43.34.csv@2886  reward=  128.21 qoe=   0.0 qoe_q=    4.8 eps=0.457 loss=0.4288
[ep  426] loot         static_B_2020.02.13_13.57.29.csv@1744  reward=  187.29 qoe=   0.0 qoe_q=  -29.3 eps=0.456 loss=0.3897
[ep  427] redandblack  static_B_2020.02.14_13.21.26.csv@297   reward=  215.99 qoe=  50.0 qoe_q=   58.9 eps=0.455 loss=0.3834
[ep  428] soldier      static_B_2020.01.16_10.43.34.csv@1386  reward=   89.97 qoe=   0.0 qoe_q= -108.1 eps=0.454 loss=0.4418
[ep  429] longdress    static_B_2020.01.16_10.43.34.csv@546   reward=  212.65 qoe=  71.3 qoe_q=   52.3 eps=0.452 loss=0.4743
[ep  430] loot         static_B_2020.01.16_10.43.34.csv@2526  reward=  231.35 qoe=  60.0 qoe_q=   67.2 eps=0.451 loss=0.4087
[ep  431] redandblack  static_B_2020.02.13_13.57.29.csv@2224  reward=  187.12 qoe=  76.2 qoe_q=   43.5 eps=0.450 loss=0.4551
[ep  432] soldier      static_B_2020.02.13_13.57.29.csv@1564  reward=  199.11 qoe=   6.3 qoe_q=   -1.7 eps=0.448 loss=0.4143
[ep  433] longdress    static_B_2020.01.16_10.43.34.csv@1986  reward=  208.18 qoe= 100.0 qoe_q=   55.2 eps=0.447 loss=0.4161
[ep  434] loot         static_B_2020.01.16_10.43.34.csv@486   reward=  203.81 qoe=  75.2 qoe_q=   48.6 eps=0.446 loss=0.4334
[ep  435] redandblack  static_B_2020.01.16_10.43.34.csv@1206  reward=  220.90 qoe= 100.0 qoe_q=   62.6 eps=0.445 loss=0.4812
[ep  436] soldier      static_B_2020.01.16_10.43.34.csv@3109  reward=  257.36 qoe= 100.0 qoe_q=   79.4 eps=0.443 loss=0.4043
[ep  437] longdress    static_B_2020.02.13_13.57.29.csv@304   reward=  238.13 qoe= 100.0 qoe_q=   70.9 eps=0.442 loss=0.4356
[ep  438] loot         static_B_2020.02.13_13.57.29.csv@844   reward=  186.34 qoe=  60.1 qoe_q=   44.9 eps=0.441 loss=0.4202
[ep  439] redandblack  static_B_2020.02.13_13.57.29.csv@2404  reward=  128.02 qoe=   5.4 qoe_q=    6.9 eps=0.439 loss=0.4363
[ep  440] soldier      static_B_2019.12.16_13.40.04.csv@1495  reward=  247.66 qoe= 100.0 qoe_q=   74.7 eps=0.438 loss=0.4198
[ep  441] longdress    static_B_2020.01.16_10.43.34.csv@1746  reward=  212.32 qoe= 100.0 qoe_q=   58.2 eps=0.437 loss=0.3979
[ep  442] loot         static_B_2020.02.13_13.57.29.csv@364   reward=  144.81 qoe=   0.0 qoe_q=  -15.9 eps=0.436 loss=0.3543
[ep  443] redandblack  static_B_2019.12.16_13.40.04.csv@55    reward=  211.38 qoe=  61.1 qoe_q=   55.3 eps=0.434 loss=0.3979
[ep  444] soldier      static_B_2020.02.13_13.57.29.csv@124   reward=  204.37 qoe=  66.0 qoe_q=   46.8 eps=0.433 loss=0.4429
[ep  445] longdress    static_B_2020.02.13_13.57.29.csv@2704  reward=  220.46 qoe= 100.0 qoe_q=   55.1 eps=0.432 loss=0.4371
[ep  446] loot         static_B_2020.02.13_13.57.29.csv@2944  reward=  215.12 qoe=  59.3 qoe_q=   43.7 eps=0.431 loss=0.4250
[ep  447] redandblack  static_B_2020.01.16_10.43.34.csv@366   reward=  217.38 qoe= 100.0 qoe_q=   59.6 eps=0.429 loss=0.4071
[ep  448] soldier      static_B_2020.01.16_10.43.34.csv@1686  reward=  208.24 qoe= 100.0 qoe_q=   58.3 eps=0.428 loss=0.4370
[ep  449] longdress    static_B_2020.02.14_13.21.26.csv@837   reward=  200.78 qoe=  76.9 qoe_q=   49.6 eps=0.427 loss=0.4786
[ep  450] loot         static_B_2019.12.16_13.40.04.csv@535   reward=  213.60 qoe=  79.5 qoe_q=   57.8 eps=0.425 loss=0.4213
[ep  451] redandblack  static_B_2020.01.16_10.43.34.csv@3006  reward=  189.54 qoe=  43.9 qoe_q=   34.7 eps=0.424 loss=0.4195
[ep  452] soldier      static_B_2020.02.13_13.57.29.csv@1684  reward=  121.05 qoe=   0.0 qoe_q=  -70.4 eps=0.423 loss=0.6014
[ep  453] longdress    static_B_2020.01.16_10.43.34.csv@2646  reward=  223.31 qoe=  75.6 qoe_q=   50.5 eps=0.422 loss=0.4938
[ep  454] loot         static_B_2020.01.16_10.43.34.csv@126   reward=  175.44 qoe=   7.8 qoe_q=   -1.5 eps=0.420 loss=0.5005
[ep  455] redandblack  static_B_2020.01.16_10.43.34.csv@1146  reward=  134.19 qoe=   0.0 qoe_q=  -80.6 eps=0.419 loss=0.4787
[ep  456] soldier      static_B_2020.02.13_13.57.29.csv@1264  reward=  118.10 qoe=   9.6 qoe_q=    5.5 eps=0.418 loss=0.4398
[ep  457] longdress    static_B_2019.12.16_13.40.04.csv@355   reward=  151.90 qoe=  43.6 qoe_q=   18.0 eps=0.416 loss=0.4234
[ep  458] loot         static_B_2020.02.13_13.57.29.csv@2945  reward=  210.31 qoe=  62.0 qoe_q=   44.8 eps=0.415 loss=0.5185
[ep  459] redandblack  static_B_2020.02.13_13.57.29.csv@1984  reward=  260.64 qoe=  46.0 qoe_q=   81.7 eps=0.414 loss=0.4951
[ep  460] soldier      static_B_2020.02.13_13.57.29.csv@964   reward=  -20.78 qoe=   0.0 qoe_q= -408.8 eps=0.413 loss=0.4839
[ep  461] longdress    static_B_2020.02.13_13.57.29.csv@1324  reward=  146.64 qoe=  19.5 qoe_q=   15.0 eps=0.411 loss=0.4286
[ep  462] loot         static_B_2020.02.14_13.21.26.csv@57    reward=  239.06 qoe=  56.0 qoe_q=   70.0 eps=0.410 loss=0.4527
[ep  463] redandblack  static_B_2020.01.16_10.43.34.csv@3066  reward=  222.57 qoe=  48.0 qoe_q=   62.4 eps=0.409 loss=0.4916
[ep  464] soldier      static_B_2020.02.14_13.21.26.csv@850   reward=  171.74 qoe=  38.3 qoe_q=   20.0 eps=0.408 loss=0.4900
[ep  465] longdress    static_B_2020.02.13_13.57.29.csv@2884  reward=  139.96 qoe=   0.0 qoe_q=  -38.8 eps=0.406 loss=0.5478
[ep  466] soldier      static_B_2020.02.14_13.21.26.csv@846   reward=  174.87 qoe=  15.9 qoe_q=   22.9 eps=0.405 loss=0.4449
[ep  467] longdress    static_B_2020.02.13_13.57.29.csv@2834  reward=  162.58 qoe=  12.1 qoe_q=   -4.1 eps=0.404 loss=0.4476
[ep  468] loot         static_B_2020.01.16_10.43.34.csv@1655  reward=  195.26 qoe=  81.9 qoe_q=   47.7 eps=0.402 loss=0.4745
[ep  469] redandblack  static_B_2019.12.16_13.40.04.csv@1238  reward=  229.10 qoe=  80.6 qoe_q=   62.4 eps=0.401 loss=0.5051
[ep  470] soldier      static_B_2020.02.13_13.57.29.csv@1574  reward=  205.93 qoe=   0.0 qoe_q=   -9.0 eps=0.400 loss=0.4826
[ep  471] longdress    static_B_2020.02.13_13.57.29.csv@1754  reward=  178.69 qoe=  42.4 qoe_q=   11.3 eps=0.399 loss=0.4602
[ep  472] loot         static_B_2020.02.13_13.57.29.csv@1634  reward=  167.89 qoe=  41.2 qoe_q=   35.0 eps=0.397 loss=0.4432
[ep  473] redandblack  static_B_2019.12.16_13.40.04.csv@1178  reward=  158.74 qoe=  27.8 qoe_q=   22.2 eps=0.396 loss=0.4475
[ep  474] soldier      static_B_2019.12.16_13.40.04.csv@998   reward=  171.19 qoe=  19.1 qoe_q=    6.1 eps=0.395 loss=0.5014
[ep  475] longdress    static_B_2020.02.13_13.57.29.csv@674   reward=  124.43 qoe=   0.0 qoe_q=  -57.7 eps=0.394 loss=0.5242
[ep  476] loot         static_B_2020.01.16_10.43.34.csv@1355  reward=  234.31 qoe= 100.0 qoe_q=   68.5 eps=0.392 loss=0.4616
[ep  477] redandblack  static_B_2019.12.16_13.40.04.csv@698   reward=  250.08 qoe=  44.0 qoe_q=   76.3 eps=0.391 loss=0.4602
[ep  478] soldier      static_B_2020.02.13_13.57.29.csv@614   reward=   85.02 qoe=   0.0 qoe_q= -115.1 eps=0.390 loss=0.4330
[ep  479] longdress    static_B_2020.01.16_10.43.34.csv@95    reward=  112.83 qoe=   0.0 qoe_q=  -22.5 eps=0.388 loss=0.4617
[ep  480] loot         static_B_2020.01.16_10.43.34.csv@875   reward=  127.71 qoe=   0.0 qoe_q=    9.3 eps=0.387 loss=0.4069
[ep  481] redandblack  static_B_2020.01.16_10.43.34.csv@3109  reward=  249.20 qoe= 100.0 qoe_q=   76.2 eps=0.386 loss=0.4503
[ep  482] soldier      static_B_2019.12.16_13.40.04.csv@278   reward=  202.03 qoe=  57.6 qoe_q=   46.3 eps=0.385 loss=0.4797
[ep  483] longdress    static_B_2020.02.14_13.21.26.csv@546   reward=  224.30 qoe=  80.1 qoe_q=   63.1 eps=0.383 loss=0.5246
[ep  484] loot         static_B_2020.01.16_10.43.34.csv@215   reward=  241.24 qoe=  50.0 qoe_q=   70.5 eps=0.382 loss=0.4394
[ep  485] redandblack  static_B_2020.01.16_10.43.34.csv@3095  reward=  202.59 qoe=  92.0 qoe_q=   53.6 eps=0.381 loss=0.4783
[ep  486] soldier      static_B_2020.01.16_10.43.34.csv@1055  reward=  132.66 qoe=   6.5 qoe_q=   12.5 eps=0.379 loss=0.4850
[ep  487] longdress    static_B_2019.12.16_13.40.04.csv@1418  reward=  202.44 qoe=  48.2 qoe_q=   43.5 eps=0.378 loss=0.4689
[ep  488] loot         static_B_2020.01.16_10.43.34.csv@515   reward=  241.34 qoe= 100.0 qoe_q=   69.7 eps=0.377 loss=0.4760
[ep  489] redandblack  static_B_2020.02.13_13.57.29.csv@974   reward=   32.01 qoe=   0.0 qoe_q= -336.9 eps=0.376 loss=0.4925
[ep  490] soldier      static_B_2020.01.16_10.43.34.csv@1595  reward=  225.52 qoe= 100.0 qoe_q=   63.4 eps=0.374 loss=0.4839
[ep  491] longdress    static_B_2019.12.16_13.40.04.csv@98    reward=  223.18 qoe=  80.6 qoe_q=   63.3 eps=0.373 loss=0.5266
[ep  492] loot         static_B_2020.01.16_10.43.34.csv@695   reward=  256.08 qoe=  48.0 qoe_q=   78.8 eps=0.372 loss=0.4566
[ep  493] redandblack  static_B_2020.02.14_13.21.26.csv@246   reward=  248.46 qoe= 100.0 qoe_q=   75.1 eps=0.371 loss=0.5173
[ep  494] soldier      static_B_2020.02.13_13.57.29.csv@1694  reward=  113.24 qoe=   0.0 qoe_q=  -72.7 eps=0.369 loss=0.5125
[ep  495] longdress    static_B_2019.12.16_13.40.04.csv@1598  reward=  228.03 qoe= 100.0 qoe_q=   58.9 eps=0.368 loss=0.4593
[ep  496] loot         static_B_2020.02.14_13.21.26.csv@786   reward=  246.00 qoe=  70.0 qoe_q=   73.3 eps=0.367 loss=0.5636
[ep  497] redandblack  static_B_2020.01.16_10.43.34.csv@3109  reward=  237.41 qoe= 100.0 qoe_q=   69.8 eps=0.365 loss=0.4601
[ep  498] soldier      static_B_2020.01.16_10.43.34.csv@1895  reward=  234.90 qoe=  75.3 qoe_q=   65.3 eps=0.364 loss=0.5104
[ep  499] longdress    static_B_2020.02.13_13.57.29.csv@1334  reward=  191.96 qoe=  53.8 qoe_q=   38.9 eps=0.363 loss=0.5160
[ep  500] loot         static_B_2020.02.13_13.57.29.csv@554   reward=  215.32 qoe=  65.9 qoe_q=   48.2 eps=0.362 loss=0.4960
    [eval @ ep 500] reward=290.07 qoe=100.0 qoe_q=96.2 mean_q=0.968 stall=0.0s  <-- best (saved)
[ep  501] redandblack  static_B_2020.01.16_10.43.34.csv@2615  reward=  252.43 qoe= 100.0 qoe_q=   76.8 eps=0.360 loss=0.4758
[ep  502] soldier      static_B_2020.01.16_10.43.34.csv@395   reward=  148.64 qoe=   2.2 qoe_q=   15.0 eps=0.359 loss=0.6324
[ep  503] longdress    static_B_2020.01.16_10.43.34.csv@1115  reward=  160.08 qoe=  24.2 qoe_q=   21.8 eps=0.358 loss=0.5036
[ep  504] loot         static_B_2020.02.13_13.57.29.csv@734   reward=  176.80 qoe=  39.8 qoe_q=   18.6 eps=0.356 loss=0.5634
[ep  505] redandblack  static_B_2020.02.13_13.57.29.csv@1214  reward=  222.78 qoe=  80.6 qoe_q=   59.0 eps=0.355 loss=0.5369
[ep  506] soldier      static_B_2020.01.16_10.43.34.csv@35    reward=  133.92 qoe=   0.0 qoe_q=    8.0 eps=0.354 loss=0.5055
[ep  507] longdress    static_B_2020.02.13_13.57.29.csv@2114  reward=  140.57 qoe=   0.0 qoe_q=   13.1 eps=0.353 loss=0.5622
[ep  508] loot         static_B_2019.12.16_13.40.04.csv@758   reward=  238.18 qoe=  46.0 qoe_q=   70.1 eps=0.351 loss=0.4999
[ep  509] redandblack  static_B_2020.02.14_13.21.26.csv@186   reward=  232.40 qoe=  46.8 qoe_q=   54.2 eps=0.350 loss=0.4880
[ep  510] soldier      static_B_2020.01.16_10.43.34.csv@635   reward=  196.72 qoe=  67.2 qoe_q=   41.4 eps=0.349 loss=0.5763
[ep  511] longdress    static_B_2020.01.16_10.43.34.csv@2855  reward=  188.72 qoe=  35.0 qoe_q=   23.0 eps=0.348 loss=0.5792
[ep  512] loot         static_B_2020.01.16_10.43.34.csv@2915  reward=  124.60 qoe=   0.0 qoe_q=  -61.1 eps=0.346 loss=0.4605
[ep  513] redandblack  static_B_2020.01.16_10.43.34.csv@2315  reward=  157.29 qoe=   0.0 qoe_q=  -70.9 eps=0.345 loss=0.5591
[ep  514] soldier      static_B_2020.02.13_13.57.29.csv@1154  reward=  134.78 qoe=   8.1 qoe_q=   11.8 eps=0.344 loss=0.5372
[ep  515] longdress    static_B_2020.02.13_13.57.29.csv@1274  reward=  156.56 qoe=  24.7 qoe_q=   17.5 eps=0.342 loss=0.5092
[ep  516] loot         static_B_2020.02.14_13.21.26.csv@366   reward=  240.00 qoe= 100.0 qoe_q=   70.9 eps=0.341 loss=0.5056
[ep  517] redandblack  static_B_2020.02.13_13.57.29.csv@914   reward=  179.22 qoe=  30.4 qoe_q=   33.4 eps=0.340 loss=0.4994
[ep  518] soldier      static_B_2019.12.16_13.40.04.csv@578   reward=  210.71 qoe=  75.4 qoe_q=   51.7 eps=0.339 loss=0.4993
[ep  519] longdress    static_B_2019.12.16_13.40.04.csv@1904  reward=  238.92 qoe=  90.0 qoe_q=   69.9 eps=0.337 loss=0.4806
[ep  520] loot         static_B_2020.02.14_13.21.26.csv@66    reward=  240.80 qoe=  48.0 qoe_q=   71.1 eps=0.336 loss=0.5008
[ep  521] redandblack  static_B_2019.12.16_13.40.04.csv@638   reward=  183.02 qoe=  57.1 qoe_q=   37.5 eps=0.335 loss=0.5034
[ep  522] soldier      static_B_2020.01.16_10.43.34.csv@2555  reward=  219.58 qoe=  13.6 qoe_q=   25.1 eps=0.333 loss=0.5250
[ep  523] longdress    static_B_2020.02.13_13.57.29.csv@2414  reward=  128.18 qoe=   0.0 qoe_q=  -44.6 eps=0.332 loss=0.5002
[ep  524] loot         static_B_2020.01.16_10.43.34.csv@2435  reward=  208.52 qoe=   0.0 qoe_q=   -8.4 eps=0.331 loss=0.5504
[ep  525] redandblack  static_B_2019.12.16_13.40.04.csv@1904  reward=  261.55 qoe=  54.0 qoe_q=   81.7 eps=0.330 loss=0.4924
[ep  526] soldier      static_B_2019.12.16_13.40.04.csv@1778  reward=  183.96 qoe=  40.4 qoe_q=   23.8 eps=0.328 loss=0.5341
[ep  527] longdress    static_B_2020.01.16_10.43.34.csv@335   reward=  225.73 qoe= 100.0 qoe_q=   62.9 eps=0.327 loss=0.5333
[ep  528] loot         static_B_2019.12.16_13.40.04.csv@1718  reward=  220.79 qoe=  82.3 qoe_q=   59.2 eps=0.326 loss=0.5453
[ep  529] redandblack  static_B_2020.02.13_13.57.29.csv@2054  reward=  222.92 qoe=  84.4 qoe_q=   62.2 eps=0.325 loss=0.5821
[ep  530] soldier      static_B_2020.02.13_13.57.29.csv@1814  reward=  234.96 qoe=  76.0 qoe_q=   69.1 eps=0.323 loss=0.5569
[ep  531] longdress    static_B_2020.02.14_13.21.26.csv@606   reward=  261.33 qoe= 100.0 qoe_q=   81.5 eps=0.322 loss=0.5376
[ep  532] loot         static_B_2020.01.16_10.43.34.csv@1175  reward=  225.56 qoe=  82.8 qoe_q=   61.9 eps=0.321 loss=0.5934
[ep  533] redandblack  static_B_2019.12.16_13.40.04.csv@338   reward=  130.05 qoe=   0.0 qoe_q=  -10.8 eps=0.319 loss=0.4208
[ep  534] soldier      static_B_2019.12.16_13.40.04.csv@1118  reward=   93.49 qoe=   0.0 qoe_q= -487.6 eps=0.318 loss=0.5242
[ep  535] longdress    static_B_2020.01.16_10.43.34.csv@2075  reward=  150.38 qoe=  19.7 qoe_q=   13.0 eps=0.317 loss=0.5632
[ep  536] loot         static_B_2019.12.16_13.40.04.csv@1058  reward=  203.23 qoe=  28.3 qoe_q=   24.9 eps=0.316 loss=0.4639
[ep  537] redandblack  static_B_2020.01.16_10.43.34.csv@815   reward=  246.22 qoe= 100.0 qoe_q=   72.9 eps=0.314 loss=0.5850
[ep  538] soldier      static_B_2020.02.13_13.57.29.csv@2654  reward=  243.00 qoe= 100.0 qoe_q=   71.2 eps=0.313 loss=0.4856
[ep  539] longdress    static_B_2020.02.13_13.57.29.csv@74    reward=  179.72 qoe=   0.0 qoe_q=  -34.8 eps=0.312 loss=0.4894
[ep  540] loot         static_B_2019.12.16_13.40.04.csv@1538  reward=  233.45 qoe= 100.0 qoe_q=   64.0 eps=0.311 loss=0.5711
[ep  541] redandblack  static_B_2020.01.16_10.43.34.csv@1475  reward=  188.44 qoe=  64.4 qoe_q=   45.2 eps=0.309 loss=0.5247
[ep  542] soldier      static_B_2020.02.13_13.57.29.csv@2594  reward=  190.86 qoe=  48.3 qoe_q=   39.8 eps=0.308 loss=0.5198
[ep  543] longdress    static_B_2020.02.14_13.21.26.csv@666   reward=  260.55 qoe= 100.0 qoe_q=   81.3 eps=0.307 loss=0.4694
[ep  544] loot         static_B_2019.12.16_13.40.04.csv@878   reward=  191.27 qoe=  76.4 qoe_q=   37.9 eps=0.305 loss=0.4269
[ep  545] redandblack  static_B_2020.02.14_13.21.26.csv@426   reward=  216.81 qoe=  81.3 qoe_q=   57.3 eps=0.304 loss=0.4768
[ep  546] soldier      static_B_2019.12.16_13.40.04.csv@818   reward=  241.18 qoe=  85.7 qoe_q=   72.9 eps=0.303 loss=0.4591
[ep  547] longdress    static_B_2020.01.16_10.43.34.csv@2015  reward=  115.74 qoe=   0.0 qoe_q=  -79.6 eps=0.302 loss=0.5069
[ep  548] loot         static_B_2020.02.13_13.57.29.csv@1934  reward=  238.62 qoe=  44.2 qoe_q=   35.7 eps=0.300 loss=0.5490
[ep  549] redandblack  static_B_2020.02.14_13.21.26.csv@726   reward=  247.90 qoe= 100.0 qoe_q=   74.8 eps=0.299 loss=0.5080
[ep  550] soldier      static_B_2020.02.13_13.57.29.csv@1994  reward=  272.56 qoe= 100.0 qoe_q=   82.5 eps=0.298 loss=0.4937
[ep  551] longdress    static_B_2020.01.16_10.43.34.csv@3035  reward=  227.72 qoe=  68.8 qoe_q=   56.8 eps=0.296 loss=0.4808
[ep  552] loot         static_B_2020.02.14_13.21.26.csv@850   reward=  215.48 qoe=  52.0 qoe_q=   35.8 eps=0.295 loss=0.6092
[ep  553] redandblack  static_B_2020.02.13_13.57.29.csv@2774  reward=  185.16 qoe=  57.8 qoe_q=   42.7 eps=0.294 loss=0.5087
[ep  554] soldier      static_B_2020.02.13_13.57.29.csv@2945  reward=  203.40 qoe=  55.2 qoe_q=   29.1 eps=0.293 loss=0.6142
[ep  555] longdress    static_B_2020.01.16_10.43.34.csv@1415  reward=  136.47 qoe=   0.0 qoe_q= -189.3 eps=0.291 loss=0.5455
[ep  556] loot         static_B_2019.12.16_13.40.04.csv@938   reward=  220.92 qoe=  60.3 qoe_q=   58.8 eps=0.290 loss=0.6114
[ep  557] redandblack  static_B_2020.01.16_10.43.34.csv@995   reward=  240.77 qoe=  83.0 qoe_q=   71.6 eps=0.289 loss=0.6239
[ep  558] soldier      static_B_2019.12.16_13.40.04.csv@1358  reward=  137.78 qoe=   0.0 qoe_q= -219.7 eps=0.288 loss=0.6950
[ep  559] longdress    static_B_2020.01.16_10.43.34.csv@935   reward=  244.23 qoe= 100.0 qoe_q=   67.1 eps=0.286 loss=0.6061
[ep  560] loot         static_B_2020.02.13_13.57.29.csv@1394  reward=  211.92 qoe= 100.0 qoe_q=   56.6 eps=0.285 loss=0.6346
[ep  561] redandblack  static_B_2020.01.16_10.43.34.csv@1535  reward=  224.97 qoe= 100.0 qoe_q=   62.8 eps=0.284 loss=0.5904
[ep  562] soldier      static_B_2020.01.16_10.43.34.csv@1235  reward=  224.81 qoe=  61.2 qoe_q=   46.1 eps=0.282 loss=0.5191
[ep  563] longdress    static_B_2020.01.16_10.43.34.csv@2495  reward=  228.41 qoe=  81.1 qoe_q=   66.1 eps=0.281 loss=0.6446
[ep  564] loot         static_B_2020.01.16_10.43.34.csv@275   reward=  249.03 qoe=  44.0 qoe_q=   76.9 eps=0.280 loss=0.5716
[ep  565] redandblack  static_B_2020.02.13_13.57.29.csv@2234  reward=  226.39 qoe=  76.8 qoe_q=   57.5 eps=0.279 loss=0.6117
[ep  566] soldier      static_B_2020.01.16_10.43.34.csv@1955  reward=  250.49 qoe= 100.0 qoe_q=   75.7 eps=0.277 loss=0.5866
[ep  567] longdress    static_B_2019.12.16_13.40.04.csv@218   reward=  130.49 qoe=   0.0 qoe_q=  -43.3 eps=0.276 loss=0.5247
[ep  568] loot         static_B_2020.02.13_13.57.29.csv@2474  reward=  199.54 qoe=  15.6 qoe_q=   12.1 eps=0.275 loss=0.5840
[ep  569] redandblack  static_B_2020.01.16_10.43.34.csv@2195  reward=  243.66 qoe=  29.5 qoe_q=   29.0 eps=0.273 loss=0.5733
[ep  570] soldier      static_B_2020.02.13_13.57.29.csv@494   reward=  178.12 qoe=   0.0 qoe_q=    7.3 eps=0.272 loss=0.5283
[ep  571] longdress    static_B_2020.01.16_10.43.34.csv@1295  reward=  213.18 qoe=  75.7 qoe_q=   54.2 eps=0.271 loss=0.6233
[ep  572] loot         static_B_2020.01.16_10.43.34.csv@1715  reward=  202.33 qoe=  28.2 qoe_q=   37.5 eps=0.270 loss=0.6296
[ep  573] redandblack  static_B_2020.02.13_13.57.29.csv@134   reward=  245.44 qoe= 100.0 qoe_q=   72.5 eps=0.268 loss=0.4692
[ep  574] soldier      static_B_2020.01.16_10.43.34.csv@2735  reward=  205.76 qoe=  66.7 qoe_q=   40.9 eps=0.267 loss=0.5572
[ep  575] longdress    static_B_2020.02.13_13.57.29.csv@1454  reward=  162.68 qoe=   0.0 qoe_q=   -4.1 eps=0.266 loss=0.5581
[ep  576] loot         static_B_2019.12.16_13.40.04.csv@458   reward=  215.42 qoe=   0.0 qoe_q= -279.8 eps=0.265 loss=0.5343
[ep  577] redandblack  static_B_2020.02.13_13.57.29.csv@254   reward=  250.76 qoe=  74.0 qoe_q=   76.4 eps=0.263 loss=0.5017
[ep  578] soldier      static_B_2020.02.13_13.57.29.csv@1874  reward=  271.28 qoe=  96.0 qoe_q=   86.6 eps=0.262 loss=0.5704
[ep  579] longdress    static_B_2020.02.13_13.57.29.csv@2174  reward=  223.75 qoe=  64.0 qoe_q=   38.8 eps=0.261 loss=0.5688
[ep  580] loot         static_B_2020.02.13_13.57.29.csv@434   reward=  273.90 qoe=  48.0 qoe_q=   87.2 eps=0.259 loss=0.5685
[ep  581] redandblack  static_B_2020.02.13_13.57.29.csv@314   reward=  228.71 qoe=  54.0 qoe_q=   65.9 eps=0.258 loss=0.6418
[ep  582] soldier      static_B_2020.01.16_10.43.34.csv@755   reward=  141.09 qoe=   0.0 qoe_q=  -13.2 eps=0.257 loss=0.6124
[ep  583] longdress    static_B_2020.01.16_10.43.34.csv@2675  reward=  206.20 qoe=  69.1 qoe_q=   46.0 eps=0.256 loss=0.5307
[ep  584] loot         static_B_2020.02.13_13.57.29.csv@1094  reward=  184.94 qoe=  30.7 qoe_q=   36.4 eps=0.254 loss=0.5726
[ep  585] redandblack  static_B_2020.02.13_13.57.29.csv@194   reward=  162.33 qoe=  21.6 qoe_q=   27.6 eps=0.253 loss=0.5926
[ep  586] soldier      static_B_2020.02.13_13.57.29.csv@2534  reward=  186.17 qoe=   0.0 qoe_q=   11.5 eps=0.252 loss=0.5681
[ep  587] longdress    static_B_2020.02.13_13.57.29.csv@2294  reward=  221.27 qoe=  63.2 qoe_q=   59.0 eps=0.250 loss=0.5536
[ep  588] loot         static_B_2020.02.13_13.57.29.csv@2894  reward=  200.59 qoe=   0.0 qoe_q=    6.1 eps=0.249 loss=0.6540
[ep  589] redandblack  static_B_2020.02.13_13.57.29.csv@854   reward=  196.75 qoe=  42.1 qoe_q=   42.7 eps=0.248 loss=0.5727
[ep  590] soldier      static_B_2020.01.16_10.43.34.csv@2135  reward=  192.73 qoe=  42.4 qoe_q=   38.9 eps=0.247 loss=0.5298
[ep  591] longdress    static_B_2019.12.16_13.40.04.csv@38    reward=  149.94 qoe=   0.0 qoe_q=   -1.7 eps=0.245 loss=0.6486
[ep  592] loot         static_B_2020.02.13_13.57.29.csv@1034  reward=  193.09 qoe=  34.9 qoe_q=   40.2 eps=0.244 loss=0.6348
[ep  593] redandblack  static_B_2020.01.16_10.43.34.csv@575   reward=  212.47 qoe=  60.5 qoe_q=   53.8 eps=0.243 loss=0.5576
[ep  594] soldier      static_B_2020.01.16_10.43.34.csv@1835  reward=  253.23 qoe=  88.0 qoe_q=   76.9 eps=0.242 loss=0.5780
[ep  595] longdress    static_B_2020.01.16_10.43.34.csv@2975  reward=  190.28 qoe=  15.1 qoe_q=   25.7 eps=0.240 loss=0.5022
[ep  596] loot         static_B_2020.02.13_13.57.29.csv@1514  reward=  156.61 qoe=  25.7 qoe_q=   28.7 eps=0.239 loss=0.4681
[ep  597] redandblack  static_B_2019.12.16_13.40.04.csv@1298  reward=  229.57 qoe=  83.0 qoe_q=   60.9 eps=0.238 loss=0.5017
[ep  598] soldier      static_B_2019.12.16_13.40.04.csv@398   reward=  229.04 qoe=  56.1 qoe_q=   40.9 eps=0.236 loss=0.5189
[ep  599] longdress    static_B_2020.02.14_13.21.26.csv@306   reward=  261.10 qoe= 100.0 qoe_q=   81.4 eps=0.235 loss=0.4680
[ep  600] loot         static_B_2019.12.16_13.40.04.csv@518   reward=  279.44 qoe= 100.0 qoe_q=   90.9 eps=0.234 loss=0.5741
    [eval @ ep 600] reward=290.07 qoe=100.0 qoe_q=96.2 mean_q=0.968 stall=0.0s
[ep  601] redandblack  static_B_2019.12.16_13.40.04.csv@158   reward=  208.25 qoe=  12.5 qoe_q=   15.8 eps=0.233 loss=0.6262
[ep  602] soldier      static_B_2020.02.13_13.57.29.csv@2945  reward=  215.98 qoe=  55.0 qoe_q=   34.3 eps=0.231 loss=0.6779
[ep  603] longdress    static_B_2020.01.16_10.43.34.csv@455   reward=  143.70 qoe=   0.0 qoe_q=   -2.3 eps=0.230 loss=0.5721
[ep  604] loot         static_B_2020.02.13_13.57.29.csv@2354  reward=  206.41 qoe=  41.9 qoe_q=   47.7 eps=0.229 loss=0.5541
[ep  605] redandblack  static_B_2020.02.13_13.57.29.csv@14    reward=  238.41 qoe=  62.2 qoe_q=   59.4 eps=0.228 loss=0.6538
[ep  606] soldier      static_B_2019.12.16_13.40.04.csv@1838  reward=  207.48 qoe=  10.5 qoe_q=   23.2 eps=0.226 loss=0.6551
[ep  607] longdress    static_B_2020.01.16_10.43.34.csv@2795  reward=  234.86 qoe=  76.3 qoe_q=   64.7 eps=0.225 loss=0.6127
[ep  608] loot         static_B_2019.12.16_13.40.04.csv@1898  reward=  212.21 qoe=   0.0 qoe_q=  -24.8 eps=0.224 loss=0.5971
[ep  609] redandblack  static_B_2020.01.16_10.43.34.csv@2375  reward=  272.58 qoe=  48.0 qoe_q=   88.4 eps=0.222 loss=0.5719
[ep  610] soldier      static_B_2020.01.16_10.43.34.csv@1775  reward=  248.87 qoe= 100.0 qoe_q=   75.6 eps=0.221 loss=0.5712
[ep  611] longdress    static_B_2020.02.14_13.21.26.csv@486   reward=  262.33 qoe=  76.8 qoe_q=   81.0 eps=0.220 loss=0.5206
[ep  612] loot         static_B_2020.02.13_13.57.29.csv@2714  reward=  223.59 qoe=  78.9 qoe_q=   63.4 eps=0.219 loss=0.5519
[ep  613] redandblack  static_B_2020.02.13_13.57.29.csv@794   reward=  188.44 qoe=   0.0 qoe_q=   -5.0 eps=0.217 loss=0.6013
[ep  614] soldier      static_B_2019.12.16_13.40.04.csv@1658  reward=  200.94 qoe=  29.6 qoe_q=   26.7 eps=0.216 loss=0.5981
[ep  615] longdress    static_B_2020.01.16_10.43.34.csv@2255  reward=  253.75 qoe= 100.0 qoe_q=   72.8 eps=0.215 loss=0.5461
[ep  616] loot         static_B_2019.12.16_13.40.04.csv@1478  reward=  258.74 qoe=  46.0 qoe_q=   80.1 eps=0.213 loss=0.5917
[ep  617] redandblack  static_B_2020.02.14_13.21.26.csv@6     reward=  174.72 qoe=  36.4 qoe_q=   34.7 eps=0.212 loss=0.6636
[ep  618] soldier      static_B_2020.02.13_13.57.29.csv@374   reward=  162.72 qoe=   0.0 qoe_q=   -2.0 eps=0.211 loss=0.6101
[ep  619] longdress    static_B_2020.02.14_13.21.26.csv@126   reward=  259.82 qoe= 100.0 qoe_q=   81.0 eps=0.210 loss=0.5949
[ep  620] loot         static_B_2020.01.16_10.43.34.csv@155   reward=  224.74 qoe=  53.3 qoe_q=   45.6 eps=0.208 loss=0.6227
[ep  621] longdress    static_B_2020.02.13_13.57.29.csv@381   reward=  189.31 qoe=  26.2 qoe_q=   38.4 eps=0.207 loss=0.6198
[ep  622] loot         static_B_2020.02.14_13.21.26.csv@292   reward=  250.72 qoe=  64.0 qoe_q=   76.0 eps=0.206 loss=0.5380
[ep  623] redandblack  static_B_2020.02.13_13.57.29.csv@2721  reward=  236.92 qoe=  83.0 qoe_q=   66.8 eps=0.205 loss=0.5723
[ep  624] soldier      static_B_2020.01.16_10.43.34.csv@2951  reward=  219.37 qoe=  45.3 qoe_q=   43.9 eps=0.203 loss=0.7224
[ep  625] longdress    static_B_2020.02.13_13.57.29.csv@2541  reward=  200.81 qoe=  48.5 qoe_q=   41.7 eps=0.202 loss=0.6319
[ep  626] loot         static_B_2020.01.16_10.43.34.csv@1151  reward=  179.85 qoe=   0.0 qoe_q=  -54.2 eps=0.201 loss=0.6732
[ep  627] redandblack  static_B_2020.01.16_10.43.34.csv@191   reward=  228.34 qoe=  69.6 qoe_q=   61.8 eps=0.199 loss=0.5526
[ep  628] soldier      static_B_2019.12.16_13.40.04.csv@1417  reward=  234.43 qoe=  50.4 qoe_q=   58.4 eps=0.198 loss=0.6382
[ep  629] longdress    static_B_2020.01.16_10.43.34.csv@971   reward=  240.71 qoe=  63.7 qoe_q=   61.1 eps=0.197 loss=0.6115
[ep  630] loot         static_B_2019.12.16_13.40.04.csv@1537  reward=  238.00 qoe= 100.0 qoe_q=   67.8 eps=0.196 loss=0.6098
[ep  631] redandblack  static_B_2020.01.16_10.43.34.csv@551   reward=  270.51 qoe= 100.0 qoe_q=   84.8 eps=0.194 loss=0.5738
[ep  632] soldier      static_B_2019.12.16_13.40.04.csv@1717  reward=  223.06 qoe=  74.5 qoe_q=   56.6 eps=0.193 loss=0.6340
[ep  633] longdress    static_B_2020.02.13_13.57.29.csv@21    reward=  257.96 qoe= 100.0 qoe_q=   80.9 eps=0.192 loss=0.6148
[ep  634] loot         static_B_2020.01.16_10.43.34.csv@1091  reward=  152.79 qoe=   0.0 qoe_q=    8.7 eps=0.190 loss=0.5716
[ep  635] redandblack  static_B_2020.01.16_10.43.34.csv@371   reward=  265.88 qoe= 100.0 qoe_q=   84.0 eps=0.189 loss=0.6318
[ep  636] soldier      static_B_2019.12.16_13.40.04.csv@517   reward=  246.82 qoe=  72.1 qoe_q=   69.5 eps=0.188 loss=0.5601
[ep  637] longdress    static_B_2020.02.13_13.57.29.csv@1161  reward=  211.73 qoe=  52.6 qoe_q=   52.2 eps=0.187 loss=0.6569
[ep  638] loot         static_B_2020.02.13_13.57.29.csv@2901  reward=  245.92 qoe=  77.8 qoe_q=   73.0 eps=0.185 loss=0.5617
[ep  639] redandblack  static_B_2020.02.13_13.57.29.csv@741   reward=  191.59 qoe=   6.1 qoe_q=   20.3 eps=0.184 loss=0.5901
[ep  640] soldier      static_B_2020.01.16_10.43.34.csv@1031  reward=  218.26 qoe=  23.1 qoe_q=   35.7 eps=0.183 loss=0.5832
[ep  641] longdress    static_B_2019.12.16_13.40.04.csv@1237  reward=  227.46 qoe=  55.9 qoe_q=   54.8 eps=0.182 loss=0.5994
[ep  642] loot         static_B_2020.01.16_10.43.34.csv@251   reward=  259.26 qoe= 100.0 qoe_q=   79.6 eps=0.180 loss=0.6017
[ep  643] redandblack  static_B_2020.02.13_13.57.29.csv@201   reward=  199.08 qoe=  61.4 qoe_q=   44.7 eps=0.179 loss=0.5371
[ep  644] soldier      static_B_2020.01.16_10.43.34.csv@2231  reward=  253.40 qoe=  83.8 qoe_q=   72.8 eps=0.178 loss=0.5932
[ep  645] longdress    static_B_2020.02.13_13.57.29.csv@1281  reward=  221.36 qoe=  61.9 qoe_q=   44.4 eps=0.176 loss=0.5788
[ep  646] loot         static_B_2020.01.16_10.43.34.csv@3109  reward=  264.09 qoe= 100.0 qoe_q=   82.3 eps=0.175 loss=0.5664
[ep  647] redandblack  static_B_2020.01.16_10.43.34.csv@3109  reward=  253.62 qoe= 100.0 qoe_q=   77.4 eps=0.174 loss=0.6406
[ep  648] soldier      static_B_2019.12.16_13.40.04.csv@1837  reward=  197.31 qoe=  15.1 qoe_q=   20.8 eps=0.173 loss=0.5106
[ep  649] longdress    static_B_2020.02.13_13.57.29.csv@321   reward=  184.96 qoe=  33.1 qoe_q=   36.7 eps=0.171 loss=0.6291
[ep  650] loot         static_B_2020.01.16_10.43.34.csv@2351  reward=  221.10 qoe=  29.5 qoe_q=   17.6 eps=0.170 loss=0.6000
[ep  651] redandblack  static_B_2020.02.14_13.21.26.csv@472   reward=  256.69 qoe= 100.0 qoe_q=   79.1 eps=0.169 loss=0.6520
[ep  652] soldier      static_B_2020.01.16_10.43.34.csv@491   reward=  232.36 qoe=  40.9 qoe_q=   44.4 eps=0.167 loss=0.7081
[ep  653] longdress    static_B_2020.01.16_10.43.34.csv@1391  reward=   66.51 qoe=   0.0 qoe_q= -156.1 eps=0.166 loss=0.6172
[ep  654] loot         static_B_2019.12.16_13.40.04.csv@577   reward=  210.11 qoe=  38.1 qoe_q=   40.3 eps=0.165 loss=0.6137
[ep  655] redandblack  static_B_2020.01.16_10.43.34.csv@1751  reward=  253.59 qoe=  58.0 qoe_q=   77.5 eps=0.164 loss=0.5832
[ep  656] soldier      static_B_2020.01.16_10.43.34.csv@2531  reward=  251.75 qoe=  82.2 qoe_q=   76.8 eps=0.162 loss=0.6855
[ep  657] longdress    static_B_2019.12.16_13.40.04.csv@877   reward=  202.54 qoe=  56.8 qoe_q=   45.9 eps=0.161 loss=0.6149
[ep  658] loot         static_B_2020.02.13_13.57.29.csv@2361  reward=  193.61 qoe=  22.0 qoe_q=   33.9 eps=0.160 loss=0.6686
[ep  659] redandblack  static_B_2020.01.16_10.43.34.csv@1331  reward=  259.36 qoe=  81.8 qoe_q=   73.8 eps=0.159 loss=0.5651
[ep  660] soldier      static_B_2020.01.16_10.43.34.csv@1211  reward=  220.28 qoe=  18.8 qoe_q=   26.3 eps=0.157 loss=0.6514
[ep  661] longdress    static_B_2020.01.16_10.43.34.csv@2111  reward=  225.38 qoe=  57.3 qoe_q=   57.2 eps=0.156 loss=0.6540
[ep  662] loot         static_B_2020.02.13_13.57.29.csv@2661  reward=  269.96 qoe= 100.0 qoe_q=   84.9 eps=0.155 loss=0.5694
[ep  663] redandblack  static_B_2020.02.13_13.57.29.csv@1821  reward=  254.42 qoe=  70.0 qoe_q=   78.0 eps=0.153 loss=0.6149
[ep  664] soldier      static_B_2020.02.13_13.57.29.csv@621   reward=  220.35 qoe=  38.4 qoe_q=   34.9 eps=0.152 loss=0.6468
[ep  665] longdress    static_B_2019.12.16_13.40.04.csv@277   reward=  227.51 qoe=  53.1 qoe_q=   57.7 eps=0.151 loss=0.5850
[ep  666] loot         static_B_2019.12.16_13.40.04.csv@217   reward=  177.63 qoe=   0.0 qoe_q=  -20.1 eps=0.150 loss=0.6241
[ep  667] redandblack  static_B_2020.02.13_13.57.29.csv@1041  reward=  200.71 qoe=  31.8 qoe_q=   47.3 eps=0.148 loss=0.5891
[ep  668] soldier      static_B_2020.02.13_13.57.29.csv@561   reward=  237.77 qoe=  65.5 qoe_q=   63.1 eps=0.147 loss=0.6417
[ep  669] longdress    static_B_2020.01.16_10.43.34.csv@1451  reward=  231.61 qoe=  54.8 qoe_q=   51.1 eps=0.146 loss=0.6874
[ep  670] loot         static_B_2020.01.16_10.43.34.csv@2471  reward=  244.21 qoe=  70.9 qoe_q=   69.5 eps=0.145 loss=0.5900
[ep  671] redandblack  static_B_2020.02.14_13.21.26.csv@232   reward=  252.93 qoe= 100.0 qoe_q=   76.9 eps=0.143 loss=0.6092
[ep  672] soldier      static_B_2020.02.13_13.57.29.csv@501   reward=  221.35 qoe=  73.3 qoe_q=   52.6 eps=0.142 loss=0.6242
[ep  673] longdress    static_B_2020.01.16_10.43.34.csv@911   reward=  174.32 qoe=  20.7 qoe_q=   38.0 eps=0.141 loss=0.5862
[ep  674] loot         static_B_2020.02.13_13.57.29.csv@861   reward=  126.13 qoe=   0.0 qoe_q=  -14.5 eps=0.139 loss=0.6747
[ep  675] redandblack  static_B_2019.12.16_13.40.04.csv@1477  reward=  272.85 qoe=  96.0 qoe_q=   87.4 eps=0.138 loss=0.7072
[ep  676] soldier      static_B_2020.02.14_13.21.26.csv@172   reward=  236.08 qoe=  16.1 qoe_q=   29.2 eps=0.137 loss=0.7047
[ep  677] longdress    static_B_2020.01.16_10.43.34.csv@851   reward=  231.45 qoe=  62.9 qoe_q=   54.9 eps=0.136 loss=0.6811
[ep  678] loot         static_B_2020.02.13_13.57.29.csv@1401  reward=  286.32 qoe= 100.0 qoe_q=   93.8 eps=0.134 loss=0.6648
[ep  679] redandblack  static_B_2020.02.14_13.21.26.csv@52    reward=  259.45 qoe=  70.0 qoe_q=   80.6 eps=0.133 loss=0.5795
[ep  680] soldier      static_B_2020.02.13_13.57.29.csv@2001  reward=  230.89 qoe=  84.9 qoe_q=   66.7 eps=0.132 loss=0.5885
[ep  681] longdress    static_B_2019.12.16_13.40.04.csv@1904  reward=  275.80 qoe= 100.0 qoe_q=   88.6 eps=0.130 loss=0.5980
[ep  682] loot         static_B_2020.02.14_13.21.26.csv@412   reward=  269.75 qoe=  40.0 qoe_q=   84.9 eps=0.129 loss=0.6247
[ep  683] redandblack  static_B_2020.02.14_13.21.26.csv@112   reward=  275.84 qoe= 100.0 qoe_q=   88.5 eps=0.128 loss=0.5056
[ep  684] soldier      static_B_2019.12.16_13.40.04.csv@1657  reward=  181.33 qoe=   0.0 qoe_q=  -23.6 eps=0.127 loss=0.6652
[ep  685] longdress    static_B_2020.02.13_13.57.29.csv@1941  reward=  164.46 qoe=   0.0 qoe_q=  -31.8 eps=0.125 loss=0.6329
[ep  686] loot         static_B_2020.01.16_10.43.34.csv@2171  reward=  257.62 qoe=  75.8 qoe_q=   76.2 eps=0.124 loss=0.7083
[ep  687] redandblack  static_B_2020.02.13_13.57.29.csv@2061  reward=  262.08 qoe=  74.0 qoe_q=   82.1 eps=0.123 loss=0.6624
[ep  688] soldier      static_B_2020.02.14_13.21.26.csv@832   reward=  264.38 qoe= 100.0 qoe_q=   76.9 eps=0.122 loss=0.5513
[ep  689] longdress    static_B_2020.02.13_13.57.29.csv@2781  reward=  213.15 qoe=  38.8 qoe_q=   35.6 eps=0.120 loss=0.6021
[ep  690] loot         static_B_2020.01.16_10.43.34.csv@11    reward=  254.41 qoe=  73.4 qoe_q=   75.8 eps=0.119 loss=0.6502
[ep  691] redandblack  static_B_2020.01.16_10.43.34.csv@1271  reward=  252.54 qoe=  81.9 qoe_q=   75.3 eps=0.118 loss=0.6737
[ep  692] soldier      static_B_2019.12.16_13.40.04.csv@397   reward=  232.60 qoe=  54.6 qoe_q=   42.8 eps=0.116 loss=0.5675
[ep  693] longdress    static_B_2020.01.16_10.43.34.csv@2831  reward=  137.26 qoe=   0.0 qoe_q=   -4.7 eps=0.115 loss=0.5961
[ep  694] loot         static_B_2020.01.16_10.43.34.csv@3071  reward=  261.25 qoe=  42.0 qoe_q=   80.8 eps=0.114 loss=0.6241
[ep  695] redandblack  static_B_2020.02.13_13.57.29.csv@1701  reward=  218.10 qoe=  39.2 qoe_q=   41.5 eps=0.113 loss=0.6055
[ep  696] soldier      static_B_2019.12.16_13.40.04.csv@1904  reward=  284.12 qoe=  60.0 qoe_q=   93.0 eps=0.111 loss=0.6752
[ep  697] longdress    static_B_2020.01.16_10.43.34.csv@2771  reward=  232.34 qoe=   6.0 qoe_q=   22.9 eps=0.110 loss=0.6555
[ep  698] loot         static_B_2019.12.16_13.40.04.csv@757   reward=  260.29 qoe=  47.9 qoe_q=   77.4 eps=0.109 loss=0.6632
[ep  699] redandblack  static_B_2019.12.16_13.40.04.csv@1177  reward=  195.12 qoe=  24.0 qoe_q=   37.9 eps=0.107 loss=0.6565
[ep  700] soldier      static_B_2019.12.16_13.40.04.csv@637   reward=  202.71 qoe=  24.9 qoe_q=   46.4 eps=0.106 loss=0.6402
    [eval @ ep 700] reward=290.07 qoe=100.0 qoe_q=96.2 mean_q=0.968 stall=0.0s
[ep  701] longdress    static_B_2020.02.14_13.21.26.csv@772   reward=  261.13 qoe= 100.0 qoe_q=   80.3 eps=0.105 loss=0.5795
[ep  702] loot         static_B_2020.02.14_13.21.26.csv@352   reward=  183.72 qoe=  29.5 qoe_q=   35.4 eps=0.104 loss=0.7727
[ep  703] redandblack  static_B_2019.12.16_13.40.04.csv@997   reward=  231.83 qoe=  60.4 qoe_q=   63.5 eps=0.102 loss=0.7359
[ep  704] soldier      static_B_2020.01.16_10.43.34.csv@2711  reward=  210.06 qoe=  29.9 qoe_q=   44.9 eps=0.101 loss=0.7131
[ep  705] longdress    static_B_2020.01.16_10.43.34.csv@2051  reward=  222.24 qoe=  60.4 qoe_q=   55.8 eps=0.100 loss=0.7304
[ep  706] loot         static_B_2020.02.13_13.57.29.csv@2421  reward=  181.39 qoe=   0.0 qoe_q=   -7.9 eps=0.099 loss=0.7146
[ep  707] redandblack  static_B_2020.01.16_10.43.34.csv@2591  reward=  243.73 qoe=  56.2 qoe_q=   54.8 eps=0.097 loss=0.5961
[ep  708] soldier      static_B_2019.12.16_13.40.04.csv@1897  reward=  279.32 qoe=  88.0 qoe_q=   90.4 eps=0.096 loss=0.6931
[ep  709] longdress    static_B_2020.01.16_10.43.34.csv@2291  reward=   82.78 qoe=   0.0 qoe_q= -225.6 eps=0.095 loss=0.6474
[ep  710] loot         static_B_2020.02.13_13.57.29.csv@2601  reward=  223.12 qoe=  14.9 qoe_q=   40.0 eps=0.093 loss=0.6510
[ep  711] redandblack  static_B_2020.02.13_13.57.29.csv@261   reward=  245.02 qoe=  64.0 qoe_q=   70.4 eps=0.092 loss=0.7380
[ep  712] soldier      static_B_2020.02.13_13.57.29.csv@2241  reward=  206.80 qoe=  43.3 qoe_q=   42.4 eps=0.091 loss=0.5867
[ep  713] longdress    static_B_2020.02.13_13.57.29.csv@2181  reward=  181.24 qoe=   0.0 qoe_q=   13.6 eps=0.090 loss=0.6759
[ep  714] loot         static_B_2020.01.16_10.43.34.csv@1631  reward=  213.77 qoe=  42.6 qoe_q=   55.3 eps=0.088 loss=0.6858
[ep  715] redandblack  static_B_2020.01.16_10.43.34.csv@1931  reward=  264.64 qoe=  81.6 qoe_q=   83.4 eps=0.087 loss=0.6826
[ep  716] soldier      static_B_2020.02.13_13.57.29.csv@2945  reward=  236.97 qoe=  56.0 qoe_q=   47.2 eps=0.086 loss=0.7113
[ep  717] longdress    static_B_2019.12.16_13.40.04.csv@1057  reward=  197.76 qoe=   5.2 qoe_q=   21.5 eps=0.084 loss=0.7291
[ep  718] loot         static_B_2020.01.16_10.43.34.csv@671   reward=  278.97 qoe=  42.0 qoe_q=   89.8 eps=0.083 loss=0.6933
[ep  719] redandblack  static_B_2020.01.16_10.43.34.csv@1571  reward=  272.59 qoe=  72.0 qoe_q=   87.3 eps=0.082 loss=0.6181
[ep  720] soldier      static_B_2020.02.13_13.57.29.csv@1881  reward=  199.92 qoe=   0.0 qoe_q=  -34.3 eps=0.081 loss=0.6656
[ep  721] longdress    static_B_2020.01.16_10.43.34.csv@311   reward=  272.33 qoe= 100.0 qoe_q=   85.8 eps=0.079 loss=0.6686
[ep  722] loot         static_B_2019.12.16_13.40.04.csv@1597  reward=  277.74 qoe= 100.0 qoe_q=   89.1 eps=0.078 loss=0.7239
[ep  723] redandblack  static_B_2020.02.13_13.57.29.csv@1641  reward=  191.70 qoe=   0.0 qoe_q=  -18.1 eps=0.077 loss=0.6347
[ep  724] soldier      static_B_2019.12.16_13.40.04.csv@697   reward=  275.59 qoe= 100.0 qoe_q=   88.7 eps=0.076 loss=0.6462
[ep  725] longdress    static_B_2020.02.13_13.57.29.csv@81    reward=  192.59 qoe=   0.0 qoe_q=  -29.5 eps=0.074 loss=0.6858
[ep  726] loot         static_B_2019.12.16_13.40.04.csv@37    reward=  199.58 qoe=  17.1 qoe_q=   24.5 eps=0.073 loss=0.6587
[ep  727] redandblack  static_B_2020.02.13_13.57.29.csv@681   reward=  117.68 qoe=   0.0 qoe_q=  -76.5 eps=0.072 loss=0.6784
[ep  728] soldier      static_B_2020.02.13_13.57.29.csv@2841  reward=  137.83 qoe=   0.0 qoe_q=    1.5 eps=0.070 loss=0.7673
[ep  729] longdress    static_B_2019.12.16_13.40.04.csv@1117  reward=  121.17 qoe=   0.0 qoe_q= -470.9 eps=0.069 loss=0.7219
[ep  730] loot         static_B_2020.01.16_10.43.34.csv@2891  reward=  173.65 qoe=   3.3 qoe_q=   24.0 eps=0.068 loss=0.7433
[ep  731] redandblack  static_B_2020.01.16_10.43.34.csv@1991  reward=  288.46 qoe=  68.0 qoe_q=   95.4 eps=0.067 loss=0.7589
[ep  732] soldier      static_B_2020.02.13_13.57.29.csv@1461  reward=  196.14 qoe=  34.1 qoe_q=   43.5 eps=0.065 loss=0.6252
[ep  733] longdress    static_B_2020.02.13_13.57.29.csv@2481  reward=  226.09 qoe=   6.8 qoe_q=   17.4 eps=0.064 loss=0.7447
[ep  734] loot         static_B_2020.01.16_10.43.34.csv@131   reward=  234.05 qoe=   4.5 qoe_q=   24.3 eps=0.063 loss=0.6274
[ep  735] redandblack  static_B_2019.12.16_13.40.04.csv@457   reward=  191.24 qoe=   0.0 qoe_q= -302.2 eps=0.062 loss=0.7865
[ep  736] soldier      static_B_2020.01.16_10.43.34.csv@791   reward=  245.08 qoe=  58.1 qoe_q=   54.7 eps=0.060 loss=0.7301
[ep  737] longdress    static_B_2020.01.16_10.43.34.csv@1871  reward=  259.19 qoe=  79.3 qoe_q=   80.6 eps=0.059 loss=0.7688
[ep  738] loot         static_B_2020.02.13_13.57.29.csv@921   reward=  176.39 qoe=   0.0 qoe_q=   25.1 eps=0.058 loss=0.6916
[ep  739] redandblack  static_B_2019.12.16_13.40.04.csv@817   reward=  265.39 qoe= 100.0 qoe_q=   80.0 eps=0.056 loss=0.6218
[ep  740] soldier      static_B_2020.02.13_13.57.29.csv@1521  reward=  125.86 qoe=   0.0 qoe_q=  -10.0 eps=0.055 loss=0.7420
[ep  741] longdress    static_B_2020.02.13_13.57.29.csv@981   reward=   93.14 qoe=   0.0 qoe_q= -285.6 eps=0.054 loss=0.7649
[ep  742] loot         static_B_2020.02.14_13.21.26.csv@652   reward=  292.74 qoe=  56.0 qoe_q=   96.9 eps=0.053 loss=0.7349
[ep  743] redandblack  static_B_2020.02.14_13.21.26.csv@712   reward=  283.61 qoe= 100.0 qoe_q=   93.0 eps=0.051 loss=0.7231
[ep  744] soldier      static_B_2020.02.13_13.57.29.csv@141   reward=  255.20 qoe=  84.1 qoe_q=   78.7 eps=0.050 loss=0.6973
[ep  745] longdress    static_B_2020.02.13_13.57.29.csv@2121  reward=  171.78 qoe=   0.0 qoe_q=   24.5 eps=0.050 loss=0.7620
[ep  746] loot         static_B_2020.01.16_10.43.34.csv@1811  reward=  290.94 qoe= 100.0 qoe_q=   94.1 eps=0.050 loss=0.5679
[ep  747] redandblack  static_B_2020.02.14_13.21.26.csv@592   reward=  282.66 qoe=  52.0 qoe_q=   92.5 eps=0.050 loss=0.6937
[ep  748] soldier      static_B_2020.01.16_10.43.34.csv@1691  reward=  287.27 qoe= 100.0 qoe_q=   93.3 eps=0.050 loss=0.7306
[ep  749] longdress    static_B_2020.01.16_10.43.34.csv@431   reward=  132.39 qoe=   0.0 qoe_q=    2.8 eps=0.050 loss=0.6877
[ep  750] loot         static_B_2020.02.13_13.57.29.csv@1101  reward=  204.88 qoe=  34.7 qoe_q=   47.8 eps=0.050 loss=0.7334
[ep  751] redandblack  static_B_2019.12.16_13.40.04.csv@1357  reward=  220.26 qoe=  57.8 qoe_q=   56.3 eps=0.050 loss=0.7119
[ep  752] soldier      static_B_2020.01.16_10.43.34.csv@2411  reward=  230.18 qoe=   7.1 qoe_q=   18.8 eps=0.050 loss=0.8470
[ep  753] longdress    static_B_2020.02.13_13.57.29.csv@1761  reward=  249.33 qoe=  84.2 qoe_q=   75.5 eps=0.050 loss=0.7601
[ep  754] loot         static_B_2020.02.13_13.57.29.csv@1341  reward=  226.71 qoe=  45.0 qoe_q=   54.0 eps=0.050 loss=0.6615
[ep  755] redandblack  static_B_2019.12.16_13.40.04.csv@1297  reward=  256.39 qoe=  82.5 qoe_q=   79.2 eps=0.050 loss=0.7781
[ep  756] soldier      static_B_2019.12.16_13.40.04.csv@937   reward=  185.67 qoe=   9.8 qoe_q=   33.6 eps=0.050 loss=0.7471
[ep  757] longdress    static_B_2020.01.16_10.43.34.csv@611   reward=  261.88 qoe=  82.9 qoe_q=   80.1 eps=0.050 loss=0.7276
[ep  758] loot         static_B_2020.02.13_13.57.29.csv@1221  reward=  269.47 qoe= 100.0 qoe_q=   86.2 eps=0.050 loss=0.7081
[ep  759] redandblack  static_B_2019.12.16_13.40.04.csv@1777  reward=  229.42 qoe=  43.9 qoe_q=   45.3 eps=0.050 loss=0.6758
[ep  760] soldier      static_B_2019.12.16_13.40.04.csv@157   reward=  218.38 qoe=   8.8 qoe_q=   15.3 eps=0.050 loss=0.7010
[ep  761] longdress    static_B_2020.02.13_13.57.29.csv@801   reward=  205.36 qoe=   8.4 qoe_q=   15.4 eps=0.050 loss=0.7235
[ep  762] loot         static_B_2019.12.16_13.40.04.csv@97    reward=  266.27 qoe=  83.6 qoe_q=   84.4 eps=0.050 loss=0.7133
[ep  763] redandblack  static_B_2020.01.16_10.43.34.csv@731   reward=  284.03 qoe=  46.0 qoe_q=   93.4 eps=0.050 loss=0.7518
[ep  764] soldier      static_B_2020.01.16_10.43.34.csv@3011  reward=  250.85 qoe=  78.3 qoe_q=   76.2 eps=0.050 loss=0.7768
[ep  765] longdress    static_B_2020.02.13_13.57.29.csv@441   reward=  151.01 qoe=   0.0 qoe_q=   12.7 eps=0.050 loss=0.7406
[ep  766] loot         static_B_2019.12.16_13.40.04.csv@337   reward=  176.93 qoe=   0.0 qoe_q=    3.6 eps=0.050 loss=0.7494
[ep  767] redandblack  static_B_2020.02.13_13.57.29.csv@2301  reward=  200.03 qoe=  49.3 qoe_q=   42.1 eps=0.050 loss=0.7710
[ep  768] soldier      static_B_2020.02.14_13.21.26.csv@850   reward=  235.58 qoe=  33.9 qoe_q=   49.7 eps=0.050 loss=0.6771
[ep  769] longdress    static_B_2020.02.14_13.21.26.csv@850   reward=  231.76 qoe=  34.4 qoe_q=   48.3 eps=0.050 loss=0.7402
[ep  770] loot         static_B_2020.02.13_13.57.29.csv@2945  reward=  256.32 qoe=  58.4 qoe_q=   59.8 eps=0.050 loss=0.6977
[ep  771] redandblack  static_B_2020.01.16_10.43.34.csv@2651  reward=  255.83 qoe=  78.3 qoe_q=   79.5 eps=0.050 loss=0.7432
[ep  772] soldier      static_B_2020.01.16_10.43.34.csv@71    reward=  134.97 qoe=   0.0 qoe_q=  -57.1 eps=0.050 loss=0.7094
[ep  773] longdress    static_B_2020.02.13_13.57.29.csv@1581  reward=  199.21 qoe=  14.7 qoe_q=   32.1 eps=0.050 loss=0.7382
[ep  774] loot         static_B_2020.02.14_13.21.26.csv@532   reward=  290.06 qoe=  94.0 qoe_q=   96.0 eps=0.050 loss=0.6855
[ep  775] redandblack  static_B_2020.01.16_10.43.34.csv@1511  reward=  269.14 qoe= 100.0 qoe_q=   84.7 eps=0.050 loss=0.7210
[ep  776] loot         static_B_2020.02.13_13.57.29.csv@2330  reward=  240.08 qoe=  63.4 qoe_q=   61.7 eps=0.050 loss=0.6890
[ep  777] redandblack  static_B_2020.02.14_13.21.26.csv@415   reward=  282.55 qoe= 100.0 qoe_q=   93.3 eps=0.050 loss=0.7820
[ep  778] soldier      static_B_2019.12.16_13.40.04.csv@451   reward=  190.96 qoe=   0.0 qoe_q= -280.1 eps=0.050 loss=0.6332
[ep  779] longdress    static_B_2020.01.16_10.43.34.csv@146   reward=  225.21 qoe=  33.1 qoe_q=   35.1 eps=0.050 loss=0.6973
[ep  780] loot         static_B_2020.02.13_13.57.29.csv@830   reward=  230.51 qoe=  60.8 qoe_q=   60.7 eps=0.050 loss=0.8118
[ep  781] redandblack  static_B_2020.02.13_13.57.29.csv@410   reward=  246.91 qoe=  51.0 qoe_q=   54.5 eps=0.050 loss=0.7896
[ep  782] soldier      static_B_2020.01.16_10.43.34.csv@206   reward=  256.01 qoe=  78.0 qoe_q=   78.6 eps=0.050 loss=0.6438
[ep  783] longdress    static_B_2020.01.16_10.43.34.csv@746   reward=  167.25 qoe=   0.0 qoe_q=  -17.5 eps=0.050 loss=0.7192
[ep  784] loot         static_B_2020.01.16_10.43.34.csv@2366  reward=  285.13 qoe=  46.0 qoe_q=   93.2 eps=0.050 loss=0.7288
[ep  785] redandblack  static_B_2020.02.13_13.57.29.csv@2630  reward=  282.26 qoe=  62.0 qoe_q=   92.3 eps=0.050 loss=0.7681
[ep  786] soldier      static_B_2020.01.16_10.43.34.csv@266   reward=  243.35 qoe=  60.6 qoe_q=   55.1 eps=0.050 loss=0.7444
[ep  787] longdress    static_B_2020.02.14_13.21.26.csv@535   reward=  260.26 qoe=  84.1 qoe_q=   78.0 eps=0.050 loss=0.7094
[ep  788] loot         static_B_2019.12.16_13.40.04.csv@1471  reward=  249.42 qoe=   9.4 qoe_q=   35.4 eps=0.050 loss=0.7619
[ep  789] redandblack  static_B_2020.01.16_10.43.34.csv@1526  reward=  279.92 qoe=  48.0 qoe_q=   91.8 eps=0.050 loss=0.6788
[ep  790] soldier      static_B_2020.02.13_13.57.29.csv@230   reward=  285.06 qoe= 100.0 qoe_q=   93.3 eps=0.050 loss=0.6912
[ep  791] longdress    static_B_2020.01.16_10.43.34.csv@2546  reward=  243.50 qoe=  67.1 qoe_q=   66.0 eps=0.050 loss=0.7470
[ep  792] loot         static_B_2020.02.13_13.57.29.csv@2945  reward=  254.80 qoe=  58.2 qoe_q=   59.3 eps=0.050 loss=0.7509
[ep  793] redandblack  static_B_2020.01.16_10.43.34.csv@3026  reward=  250.07 qoe=  59.8 qoe_q=   63.4 eps=0.050 loss=0.7239
[ep  794] soldier      static_B_2020.02.14_13.21.26.csv@475   reward=  280.42 qoe= 100.0 qoe_q=   91.1 eps=0.050 loss=0.7159
[ep  795] longdress    static_B_2020.02.13_13.57.29.csv@290   reward=  246.59 qoe=  56.1 qoe_q=   58.6 eps=0.050 loss=0.7199
[ep  796] loot         static_B_2019.12.16_13.40.04.csv@91    reward=  265.31 qoe=  42.0 qoe_q=   82.7 eps=0.050 loss=0.7584
[ep  797] redandblack  static_B_2020.01.16_10.43.34.csv@2066  reward=  240.75 qoe=  59.7 qoe_q=   62.6 eps=0.050 loss=0.7906
[ep  798] soldier      static_B_2020.01.16_10.43.34.csv@1586  reward=  271.68 qoe=  58.0 qoe_q=   86.3 eps=0.050 loss=0.6709
[ep  799] longdress    static_B_2019.12.16_13.40.04.csv@1051  reward=  187.57 qoe=   0.0 qoe_q=   13.2 eps=0.050 loss=0.7052
[ep  800] loot         static_B_2020.01.16_10.43.34.csv@1766  reward=  285.13 qoe= 100.0 qoe_q=   93.0 eps=0.050 loss=0.7208
    [eval @ ep 800] reward=290.29 qoe=100.0 qoe_q=96.3 mean_q=0.969 stall=0.0s  <-- best (saved)
[ep  801] redandblack  static_B_2020.02.13_13.57.29.csv@950   reward=  122.99 qoe=   0.0 qoe_q=  -62.6 eps=0.050 loss=0.6560
[ep  802] soldier      static_B_2020.02.14_13.21.26.csv@850   reward=  233.28 qoe=  35.5 qoe_q=   49.9 eps=0.050 loss=0.9798
[ep  803] longdress    static_B_2020.02.13_13.57.29.csv@1550  reward=  237.52 qoe=  73.2 qoe_q=   61.5 eps=0.050 loss=0.8325
[ep  804] loot         static_B_2019.12.16_13.40.04.csv@1904  reward=  279.92 qoe=  48.0 qoe_q=   90.5 eps=0.050 loss=0.8083
[ep  805] redandblack  static_B_2019.12.16_13.40.04.csv@271   reward=  212.72 qoe=  22.3 qoe_q=   25.9 eps=0.050 loss=0.8730
[ep  806] soldier      static_B_2019.12.16_13.40.04.csv@31    reward=  205.11 qoe=   0.0 qoe_q=   16.2 eps=0.050 loss=0.7706
[ep  807] longdress    static_B_2020.02.13_13.57.29.csv@1250  reward=  169.34 qoe=   5.2 qoe_q=   28.3 eps=0.050 loss=0.8294
[ep  808] loot         static_B_2019.12.16_13.40.04.csv@1351  reward=  232.47 qoe=  62.7 qoe_q=   61.2 eps=0.050 loss=0.7902
[ep  809] redandblack  static_B_2020.01.16_10.43.34.csv@626   reward=  249.05 qoe=  81.9 qoe_q=   76.2 eps=0.050 loss=0.8552
[ep  810] soldier      static_B_2020.02.13_13.57.29.csv@2750  reward=  155.24 qoe=   0.0 qoe_q=    6.5 eps=0.050 loss=0.8805
[ep  811] longdress    static_B_2020.01.16_10.43.34.csv@1826  reward=  269.42 qoe= 100.0 qoe_q=   86.1 eps=0.050 loss=0.7283
[ep  812] loot         static_B_2019.12.16_13.40.04.csv@331   reward=  178.91 qoe=   0.0 qoe_q=    2.0 eps=0.050 loss=0.7827
[ep  813] redandblack  static_B_2020.01.16_10.43.34.csv@2846  reward=  242.34 qoe=  53.1 qoe_q=   52.2 eps=0.050 loss=0.8057
[ep  814] soldier      static_B_2019.12.16_13.40.04.csv@1651  reward=  233.62 qoe=  28.2 qoe_q=   23.0 eps=0.050 loss=0.7992
[ep  815] longdress    static_B_2020.02.13_13.57.29.csv@1430  reward=  239.51 qoe=  50.8 qoe_q=   45.6 eps=0.050 loss=0.7517
[ep  816] loot         static_B_2020.02.13_13.57.29.csv@2030  reward=  266.23 qoe=  83.2 qoe_q=   83.2 eps=0.050 loss=0.7489
[ep  817] redandblack  static_B_2019.12.16_13.40.04.csv@211   reward=  172.02 qoe=   0.0 qoe_q=  -37.6 eps=0.050 loss=0.7772
[ep  818] soldier      static_B_2020.01.16_10.43.34.csv@2726  reward=  228.62 qoe=  63.0 qoe_q=   51.1 eps=0.050 loss=0.7164
[ep  819] longdress    static_B_2020.01.16_10.43.34.csv@3086  reward=  243.11 qoe=  66.5 qoe_q=   72.5 eps=0.050 loss=0.8047
[ep  820] loot         static_B_2020.01.16_10.43.34.csv@2966  reward=  206.28 qoe=   0.0 qoe_q=   -1.0 eps=0.050 loss=0.8560
[ep  821] redandblack  static_B_2020.02.13_13.57.29.csv@2210  reward=  241.15 qoe=  47.5 qoe_q=   40.8 eps=0.050 loss=0.6964
[ep  822] soldier      static_B_2020.02.14_13.21.26.csv@850   reward=  235.59 qoe=  34.2 qoe_q=   49.5 eps=0.050 loss=0.7757
[ep  823] longdress    static_B_2019.12.16_13.40.04.csv@871   reward=  223.35 qoe=  54.9 qoe_q=   56.2 eps=0.050 loss=0.7469
[ep  824] loot         static_B_2019.12.16_13.40.04.csv@1904  reward=  291.75 qoe=  44.0 qoe_q=   96.5 eps=0.050 loss=0.6946
[ep  825] redandblack  static_B_2020.02.13_13.57.29.csv@1970  reward=  235.11 qoe=  46.1 qoe_q=   56.8 eps=0.050 loss=0.8134
[ep  826] soldier      static_B_2020.01.16_10.43.34.csv@26    reward=  160.30 qoe=   0.0 qoe_q=   18.7 eps=0.050 loss=0.7759
[ep  827] longdress    static_B_2020.01.16_10.43.34.csv@926   reward=  239.27 qoe=  77.2 qoe_q=   65.5 eps=0.050 loss=0.8071
[ep  828] loot         static_B_2020.01.16_10.43.34.csv@386   reward=  277.09 qoe=  92.0 qoe_q=   89.0 eps=0.050 loss=0.7251
[ep  829] redandblack  static_B_2020.02.13_13.57.29.csv@2090  reward=  279.77 qoe=  86.0 qoe_q=   91.4 eps=0.050 loss=0.8057
[ep  830] soldier      static_B_2020.02.13_13.57.29.csv@1190  reward=  263.29 qoe=  60.7 qoe_q=   71.1 eps=0.050 loss=0.7503
[ep  831] longdress    static_B_2020.02.14_13.21.26.csv@115   reward=  286.24 qoe= 100.0 qoe_q=   94.7 eps=0.050 loss=0.7323
[ep  832] loot         static_B_2019.12.16_13.40.04.csv@1831  reward=  209.10 qoe=  39.0 qoe_q=   42.9 eps=0.050 loss=0.7400
[ep  833] redandblack  static_B_2019.12.16_13.40.04.csv@1411  reward=  238.52 qoe=  50.8 qoe_q=   60.9 eps=0.050 loss=0.7592
[ep  834] soldier      static_B_2020.02.13_13.57.29.csv@50    reward=  170.68 qoe=   0.0 qoe_q=   14.8 eps=0.050 loss=0.7334
[ep  835] longdress    static_B_2020.02.13_13.57.29.csv@770   reward=  211.85 qoe=  40.1 qoe_q=   44.0 eps=0.050 loss=0.9063
[ep  836] loot         static_B_2020.01.16_10.43.34.csv@446   reward=  194.24 qoe=  30.0 qoe_q=   41.4 eps=0.050 loss=0.7508
[ep  837] redandblack  static_B_2019.12.16_13.40.04.csv@1771  reward=  250.93 qoe=  83.7 qoe_q=   74.2 eps=0.050 loss=0.6857
[ep  838] soldier      static_B_2020.01.16_10.43.34.csv@2306  reward=  159.01 qoe=   0.0 qoe_q= -204.5 eps=0.050 loss=0.6939
[ep  839] longdress    static_B_2020.02.14_13.21.26.csv@655   reward=  257.70 qoe=  84.5 qoe_q=   81.4 eps=0.050 loss=0.8527
[ep  840] loot         static_B_2019.12.16_13.40.04.csv@1891  reward=  280.04 qoe=  56.0 qoe_q=   90.9 eps=0.050 loss=0.8067
[ep  841] redandblack  static_B_2019.12.16_13.40.04.csv@1591  reward=  249.28 qoe=  68.4 qoe_q=   69.4 eps=0.050 loss=0.6884
[ep  842] soldier      static_B_2020.01.16_10.43.34.csv@86    reward=  137.35 qoe=   0.0 qoe_q=  -13.6 eps=0.050 loss=0.7895
[ep  843] longdress    static_B_2020.01.16_10.43.34.csv@1646  reward=  278.90 qoe= 100.0 qoe_q=   90.5 eps=0.050 loss=0.6079
[ep  844] loot         static_B_2020.01.16_10.43.34.csv@2246  reward=  240.26 qoe=  75.4 qoe_q=   65.2 eps=0.050 loss=0.8194
[ep  845] redandblack  static_B_2020.02.14_13.21.26.csv@235   reward=  281.13 qoe= 100.0 qoe_q=   92.2 eps=0.050 loss=0.6964
[ep  846] soldier      static_B_2020.02.14_13.21.26.csv@835   reward=  270.44 qoe= 100.0 qoe_q=   87.6 eps=0.050 loss=0.8779
[ep  847] longdress    static_B_2019.12.16_13.40.04.csv@1711  reward=  231.44 qoe=  75.0 qoe_q=   64.7 eps=0.050 loss=0.7012
[ep  848] loot         static_B_2020.02.13_13.57.29.csv@2810  reward=  192.10 qoe=   0.0 qoe_q=    5.2 eps=0.050 loss=0.8388
[ep  849] redandblack  static_B_2019.12.16_13.40.04.csv@151   reward=  224.83 qoe=  11.4 qoe_q=   21.0 eps=0.050 loss=0.6894
[ep  850] soldier      static_B_2020.02.13_13.57.29.csv@2570  reward=  261.36 qoe=  67.1 qoe_q=   72.3 eps=0.050 loss=0.7049
[ep  851] longdress    static_B_2020.01.16_10.43.34.csv@1286  reward=  228.41 qoe=  74.3 qoe_q=   58.3 eps=0.050 loss=0.7692
[ep  852] loot         static_B_2020.01.16_10.43.34.csv@2606  reward=  253.69 qoe=  77.3 qoe_q=   77.1 eps=0.050 loss=0.9831
[ep  853] redandblack  static_B_2019.12.16_13.40.04.csv@1231  reward=  228.08 qoe=  31.7 qoe_q=   39.3 eps=0.050 loss=0.7484
[ep  854] soldier      static_B_2020.01.16_10.43.34.csv@2486  reward=  282.63 qoe= 100.0 qoe_q=   92.3 eps=0.050 loss=0.8435
[ep  855] longdress    static_B_2020.02.13_13.57.29.csv@2510  reward=  287.00 qoe= 100.0 qoe_q=   94.8 eps=0.050 loss=0.8577
[ep  856] loot         static_B_2020.02.13_13.57.29.csv@530   reward=  232.18 qoe=  40.0 qoe_q=   55.1 eps=0.050 loss=0.7826
[ep  857] redandblack  static_B_2020.02.13_13.57.29.csv@110   reward=  189.60 qoe=   0.0 qoe_q=   -4.1 eps=0.050 loss=0.7228
[ep  858] soldier      static_B_2020.01.16_10.43.34.csv@1166  reward=  193.44 qoe=  15.8 qoe_q=   33.0 eps=0.050 loss=0.8096
[ep  859] longdress    static_B_2020.02.13_13.57.29.csv@170   reward=  279.64 qoe= 100.0 qoe_q=   90.7 eps=0.050 loss=0.8838
[ep  860] loot         static_B_2019.12.16_13.40.04.csv@991   reward=  265.60 qoe=  81.8 qoe_q=   80.2 eps=0.050 loss=0.7327
[ep  861] redandblack  static_B_2020.01.16_10.43.34.csv@566   reward=  222.62 qoe=  53.9 qoe_q=   52.0 eps=0.050 loss=0.8143
[ep  862] soldier      static_B_2020.02.14_13.21.26.csv@355   reward=  204.70 qoe=  46.1 qoe_q=   49.5 eps=0.050 loss=0.8755
[ep  863] longdress    static_B_2020.02.13_13.57.29.csv@1850  reward=  164.66 qoe=   0.0 qoe_q=  -22.8 eps=0.050 loss=0.7236
[ep  864] loot         static_B_2020.02.13_13.57.29.csv@2150  reward=  201.35 qoe=  23.1 qoe_q=   37.4 eps=0.050 loss=0.8605
[ep  865] redandblack  static_B_2020.02.13_13.57.29.csv@470   reward=  279.75 qoe=  76.0 qoe_q=   91.3 eps=0.050 loss=0.8215
[ep  866] soldier      static_B_2019.12.16_13.40.04.csv@1111  reward=  104.36 qoe=   0.0 qoe_q= -487.6 eps=0.050 loss=0.7883
[ep  867] longdress    static_B_2019.12.16_13.40.04.csv@931   reward=  169.12 qoe=   0.0 qoe_q=   15.5 eps=0.050 loss=0.8045
[ep  868] loot         static_B_2020.01.16_10.43.34.csv@2186  reward=  243.93 qoe=  77.6 qoe_q=   69.8 eps=0.050 loss=0.8078
[ep  869] redandblack  static_B_2019.12.16_13.40.04.csv@691   reward=  257.58 qoe=  35.2 qoe_q=   42.8 eps=0.050 loss=0.8928
[ep  870] soldier      static_B_2019.12.16_13.40.04.csv@391   reward=  221.17 qoe=  22.1 qoe_q=   38.2 eps=0.050 loss=0.8596
[ep  871] longdress    static_B_2020.01.16_10.43.34.csv@1226  reward=  254.60 qoe=  56.5 qoe_q=   58.7 eps=0.050 loss=0.7608
[ep  872] loot         static_B_2020.01.16_10.43.34.csv@1466  reward=  272.76 qoe= 100.0 qoe_q=   86.6 eps=0.050 loss=0.8604
[ep  873] redandblack  static_B_2020.02.13_13.57.29.csv@1070  reward=  237.81 qoe=  62.5 qoe_q=   69.6 eps=0.050 loss=0.7593
[ep  874] soldier      static_B_2020.02.14_13.21.26.csv@295   reward=  291.83 qoe= 100.0 qoe_q=   96.4 eps=0.050 loss=0.8117
[ep  875] longdress    static_B_2020.02.13_13.57.29.csv@1730  reward=  218.21 qoe=  34.6 qoe_q=   48.4 eps=0.050 loss=0.8473
[ep  876] loot         static_B_2019.12.16_13.40.04.csv@1291  reward=  253.23 qoe=  81.6 qoe_q=   74.8 eps=0.050 loss=0.8073
[ep  877] redandblack  static_B_2020.01.16_10.43.34.csv@1346  reward=  244.71 qoe=  59.4 qoe_q=   57.9 eps=0.050 loss=0.8367
[ep  878] soldier      static_B_2020.01.16_10.43.34.csv@2426  reward=  283.29 qoe=  78.0 qoe_q=   91.8 eps=0.050 loss=0.8071
[ep  879] longdress    static_B_2020.02.14_13.21.26.csv@715   reward=  269.00 qoe= 100.0 qoe_q=   81.0 eps=0.050 loss=0.7839
[ep  880] loot         static_B_2020.01.16_10.43.34.csv@1706  reward=  279.73 qoe= 100.0 qoe_q=   90.6 eps=0.050 loss=0.8513
[ep  881] redandblack  static_B_2020.01.16_10.43.34.csv@1046  reward=  173.16 qoe=   8.3 qoe_q=   28.2 eps=0.050 loss=0.7383
[ep  882] soldier      static_B_2020.01.16_10.43.34.csv@806   reward=  251.78 qoe=  51.9 qoe_q=   54.3 eps=0.050 loss=0.7313
[ep  883] longdress    static_B_2020.01.16_10.43.34.csv@2006  reward=  145.30 qoe=   0.0 qoe_q=  -27.1 eps=0.050 loss=0.7850
[ep  884] loot         static_B_2020.02.13_13.57.29.csv@1610  reward=  265.24 qoe=  82.8 qoe_q=   83.6 eps=0.050 loss=0.8348
[ep  885] redandblack  static_B_2020.02.13_13.57.29.csv@2690  reward=  264.96 qoe= 100.0 qoe_q=   82.5 eps=0.050 loss=0.7913
[ep  886] soldier      static_B_2020.02.13_13.57.29.csv@2450  reward=  192.30 qoe=   0.0 qoe_q= -230.6 eps=0.050 loss=0.7991
[ep  887] longdress    static_B_2019.12.16_13.40.04.csv@751   reward=  266.08 qoe=  72.3 qoe_q=   79.5 eps=0.050 loss=0.9064
[ep  888] loot         static_B_2020.02.13_13.57.29.csv@1130  reward=  164.61 qoe=   0.0 qoe_q=   -1.4 eps=0.050 loss=0.7883
[ep  889] redandblack  static_B_2019.12.16_13.40.04.csv@631   reward=  214.91 qoe=  51.0 qoe_q=   49.7 eps=0.050 loss=0.9257
[ep  890] soldier      static_B_2020.02.13_13.57.29.csv@2390  reward=  207.23 qoe=  34.7 qoe_q=   45.1 eps=0.050 loss=0.8777
[ep  891] longdress    static_B_2020.01.16_10.43.34.csv@1106  reward=  182.39 qoe=   8.0 qoe_q=   30.9 eps=0.050 loss=0.7256
[ep  892] loot         static_B_2020.02.14_13.21.26.csv@595   reward=  290.78 qoe=  74.0 qoe_q=   96.0 eps=0.050 loss=0.8530
[ep  893] redandblack  static_B_2019.12.16_13.40.04.csv@1531  reward=  248.53 qoe=  82.6 qoe_q=   74.9 eps=0.050 loss=0.7541
[ep  894] soldier      static_B_2020.02.13_13.57.29.csv@350   reward=  256.48 qoe=  73.4 qoe_q=   69.7 eps=0.050 loss=0.8091
[ep  895] longdress    static_B_2019.12.16_13.40.04.csv@571   reward=  215.56 qoe=  41.1 qoe_q=   39.2 eps=0.050 loss=0.8773
[ep  896] loot         static_B_2019.12.16_13.40.04.csv@511   reward=  284.24 qoe= 100.0 qoe_q=   92.7 eps=0.050 loss=0.8298
[ep  897] redandblack  static_B_2020.02.13_13.57.29.csv@2270  reward=  271.69 qoe= 100.0 qoe_q=   86.0 eps=0.050 loss=0.8365
[ep  898] soldier      static_B_2020.02.14_13.21.26.csv@175   reward=  230.86 qoe=  11.6 qoe_q=   28.1 eps=0.050 loss=0.8764
[ep  899] longdress    static_B_2020.01.16_10.43.34.csv@1406  reward=  149.33 qoe=   0.0 qoe_q= -214.2 eps=0.050 loss=0.7252
[ep  900] loot         static_B_2020.01.16_10.43.34.csv@1946  reward=  251.01 qoe=  74.3 qoe_q=   68.7 eps=0.050 loss=0.8873
    [eval @ ep 900] reward=290.86 qoe=100.0 qoe_q=96.4 mean_q=0.971 stall=0.0s  <-- best (saved)
[ep  901] redandblack  static_B_2020.02.13_13.57.29.csv@1790  reward=  282.81 qoe=  42.0 qoe_q=   92.5 eps=0.050 loss=0.7881
[ep  902] soldier      static_B_2020.01.16_10.43.34.csv@986   reward=  219.76 qoe=  34.5 qoe_q=   55.0 eps=0.050 loss=0.9173
[ep  903] longdress    static_B_2020.02.13_13.57.29.csv@1490  reward=  193.99 qoe=  34.4 qoe_q=   42.4 eps=0.050 loss=0.9389
[ep  904] loot         static_B_2020.01.16_10.43.34.csv@2126  reward=  226.51 qoe=   0.0 qoe_q=   13.1 eps=0.050 loss=0.8345
[ep  905] redandblack  static_B_2020.02.13_13.57.29.csv@1910  reward=  225.13 qoe=  50.0 qoe_q=   54.6 eps=0.050 loss=0.9067
[ep  906] soldier      static_B_2020.02.14_13.21.26.csv@55    reward=  282.97 qoe= 100.0 qoe_q=   92.0 eps=0.050 loss=0.8640
[ep  907] longdress    static_B_2020.02.13_13.57.29.csv@1310  reward=  132.95 qoe=   0.0 qoe_q=    4.5 eps=0.050 loss=0.9430
[ep  908] loot         static_B_2020.01.16_10.43.34.csv@506   reward=  285.47 qoe= 100.0 qoe_q=   92.0 eps=0.050 loss=0.7629
[ep  909] redandblack  static_B_2019.12.16_13.40.04.csv@1171  reward=  188.70 qoe=  18.8 qoe_q=   32.0 eps=0.050 loss=0.7442
[ep  910] soldier      static_B_2020.02.13_13.57.29.csv@2870  reward=  225.99 qoe=  43.4 qoe_q=   51.3 eps=0.050 loss=0.9850
[ep  911] longdress    static_B_2020.01.16_10.43.34.csv@686   reward=  258.07 qoe=  62.2 qoe_q=   66.9 eps=0.050 loss=0.8973
[ep  912] loot         static_B_2020.01.16_10.43.34.csv@3109  reward=  265.41 qoe= 100.0 qoe_q=   82.6 eps=0.050 loss=0.8458
[ep  913] redandblack  static_B_2020.02.13_13.57.29.csv@650   reward=  192.44 qoe=   0.0 qoe_q=    4.6 eps=0.050 loss=0.8716
[ep  914] soldier      static_B_2020.02.13_13.57.29.csv@590   reward=  237.28 qoe=  57.3 qoe_q=   66.6 eps=0.050 loss=0.8189
[ep  915] longdress    static_B_2020.02.14_13.21.26.csv@775   reward=  279.11 qoe= 100.0 qoe_q=   90.4 eps=0.050 loss=0.8237
[ep  916] loot         static_B_2020.02.13_13.57.29.csv@1670  reward=  238.29 qoe=  58.2 qoe_q=   67.3 eps=0.050 loss=0.7642
[ep  917] redandblack  static_B_2020.02.13_13.57.29.csv@2945  reward=  239.90 qoe=  58.0 qoe_q=   52.2 eps=0.050 loss=1.0213
[ep  918] soldier      static_B_2020.01.16_10.43.34.csv@2906  reward=  184.17 qoe=   0.0 qoe_q=  -28.6 eps=0.050 loss=0.8131
[ep  919] longdress    static_B_2020.02.13_13.57.29.csv@710   reward=  137.47 qoe=   0.0 qoe_q=  -54.5 eps=0.050 loss=0.7813
[ep  920] loot         static_B_2020.01.16_10.43.34.csv@1886  reward=  247.17 qoe=  37.8 qoe_q=   61.5 eps=0.050 loss=0.8283
[ep  921] redandblack  static_B_2020.02.13_13.57.29.csv@1370  reward=  245.05 qoe=  73.4 qoe_q=   66.0 eps=0.050 loss=0.8374
[ep  922] soldier      static_B_2020.02.13_13.57.29.csv@1010  reward=  203.96 qoe=  23.6 qoe_q=   41.4 eps=0.050 loss=0.8406
[ep  923] longdress    static_B_2020.02.13_13.57.29.csv@2930  reward=  225.45 qoe=  40.9 qoe_q=   46.4 eps=0.050 loss=0.8335
[ep  924] loot         static_B_2020.02.13_13.57.29.csv@890   reward=  186.97 qoe=  29.7 qoe_q=   32.8 eps=0.050 loss=0.7981
[ep  925] redandblack  static_B_2020.01.16_10.43.34.csv@3109  reward=  275.56 qoe= 100.0 qoe_q=   89.4 eps=0.050 loss=0.8000
[ep  926] soldier      static_B_2019.12.16_13.40.04.csv@811   reward=  256.55 qoe=  85.1 qoe_q=   74.9 eps=0.050 loss=0.8052
[ep  927] longdress    static_B_2020.01.16_10.43.34.csv@2786  reward=  236.00 qoe=  80.3 qoe_q=   65.1 eps=0.050 loss=0.8164
[ep  928] loot         static_B_2020.01.16_10.43.34.csv@2666  reward=  251.83 qoe=  77.5 qoe_q=   73.1 eps=0.050 loss=0.9198
[ep  929] redandblack  static_B_2020.01.16_10.43.34.csv@866   reward=  261.05 qoe=  60.4 qoe_q=   65.1 eps=0.050 loss=0.9070
[ep  930] soldier      static_B_2020.01.16_10.43.34.csv@326   reward=  286.34 qoe= 100.0 qoe_q=   94.0 eps=0.050 loss=0.9135
[ep  931] redandblack  static_B_2020.02.14_13.21.26.csv@848   reward=  225.69 qoe=  36.6 qoe_q=   43.7 eps=0.050 loss=0.8335
[ep  932] soldier      static_B_2020.02.13_13.57.29.csv@109   reward=  192.37 qoe=   0.0 qoe_q=  -12.9 eps=0.050 loss=0.8032
[ep  933] longdress    static_B_2020.01.16_10.43.34.csv@1140  reward=  181.28 qoe=   0.0 qoe_q=  -21.1 eps=0.050 loss=0.8495
[ep  934] loot         static_B_2020.02.13_13.57.29.csv@1009  reward=  172.27 qoe=   0.0 qoe_q=   21.7 eps=0.050 loss=0.9438
[ep  935] redandblack  static_B_2019.12.16_13.40.04.csv@1774  reward=  233.26 qoe=  82.4 qoe_q=   64.8 eps=0.050 loss=0.9238
[ep  936] soldier      static_B_2020.02.14_13.21.26.csv@850   reward=  233.27 qoe=  35.5 qoe_q=   49.2 eps=0.050 loss=0.7778
[ep  937] longdress    static_B_2020.02.13_13.57.29.csv@649   reward=  186.40 qoe=   2.0 qoe_q=    4.6 eps=0.050 loss=0.9404
[ep  938] loot         static_B_2019.12.16_13.40.04.csv@1654  reward=  227.64 qoe=   0.0 qoe_q=    6.6 eps=0.050 loss=0.7853
[ep  939] redandblack  static_B_2020.02.13_13.57.29.csv@1849  reward=  178.19 qoe=  15.7 qoe_q=   35.7 eps=0.050 loss=0.7829
[ep  940] soldier      static_B_2020.01.16_10.43.34.csv@3109  reward=  281.72 qoe= 100.0 qoe_q=   90.5 eps=0.050 loss=0.7617
[ep  941] longdress    static_B_2020.02.13_13.57.29.csv@769   reward=  175.69 qoe=  24.2 qoe_q=   32.0 eps=0.050 loss=0.7891
[ep  942] loot         static_B_2020.02.13_13.57.29.csv@2569  reward=  284.09 qoe=  44.0 qoe_q=   92.9 eps=0.050 loss=0.9312
[ep  943] redandblack  static_B_2020.01.16_10.43.34.csv@2460  reward=  255.42 qoe=  84.7 qoe_q=   78.7 eps=0.050 loss=0.8464
[ep  944] soldier      static_B_2020.02.13_13.57.29.csv@889   reward=  158.28 qoe=   0.0 qoe_q=    3.3 eps=0.050 loss=0.7788
[ep  945] longdress    static_B_2020.01.16_10.43.34.csv@2580  reward=  202.77 qoe=  61.4 qoe_q=   52.5 eps=0.050 loss=0.7756
[ep  946] loot         static_B_2020.02.13_13.57.29.csv@1549  reward=  242.00 qoe=  73.3 qoe_q=   64.4 eps=0.050 loss=0.9266
[ep  947] redandblack  static_B_2020.01.16_10.43.34.csv@2820  reward=  227.34 qoe=  46.0 qoe_q=   62.1 eps=0.050 loss=0.7811
[ep  948] soldier      static_B_2020.01.16_10.43.34.csv@3000  reward=  243.01 qoe=   7.0 qoe_q=   30.2 eps=0.050 loss=0.8725
[ep  949] longdress    static_B_2020.02.14_13.21.26.csv@308   reward=  287.14 qoe= 100.0 qoe_q=   94.7 eps=0.050 loss=0.8503
[ep  950] loot         static_B_2019.12.16_13.40.04.csv@94    reward=  263.18 qoe=  48.6 qoe_q=   57.3 eps=0.050 loss=0.8359
[ep  951] redandblack  static_B_2020.02.13_13.57.29.csv@1249  reward=  155.87 qoe=   0.0 qoe_q=   14.0 eps=0.050 loss=0.7690
[ep  952] soldier      static_B_2020.02.13_13.57.29.csv@2869  reward=  218.95 qoe=  53.0 qoe_q=   47.8 eps=0.050 loss=0.9312
[ep  953] longdress    static_B_2020.01.16_10.43.34.csv@1800  reward=  280.26 qoe= 100.0 qoe_q=   89.2 eps=0.050 loss=0.8976
[ep  954] loot         static_B_2020.02.13_13.57.29.csv@2329  reward=  243.48 qoe=  70.9 qoe_q=   62.8 eps=0.050 loss=1.0072
[ep  955] redandblack  static_B_2020.02.14_13.21.26.csv@548   reward=  251.44 qoe=  64.0 qoe_q=   78.0 eps=0.050 loss=0.9027
[ep  956] soldier      static_B_2020.01.16_10.43.34.csv@480   reward=  234.70 qoe=  49.5 qoe_q=   56.7 eps=0.050 loss=0.7835
[ep  957] longdress    static_B_2020.02.13_13.57.29.csv@1909  reward=  224.07 qoe=  47.0 qoe_q=   49.3 eps=0.050 loss=0.8078
[ep  958] loot         static_B_2020.02.13_13.57.29.csv@2629  reward=  286.62 qoe=  52.0 qoe_q=   94.1 eps=0.050 loss=0.9618
[ep  959] redandblack  static_B_2019.12.16_13.40.04.csv@1714  reward=  279.71 qoe= 100.0 qoe_q=   87.5 eps=0.050 loss=1.0151
[ep  960] soldier      static_B_2019.12.16_13.40.04.csv@994   reward=  222.19 qoe=  39.2 qoe_q=   52.2 eps=0.050 loss=0.8812
[ep  961] longdress    static_B_2020.02.14_13.21.26.csv@608   reward=  272.20 qoe=  85.6 qoe_q=   87.3 eps=0.050 loss=0.8942
[ep  962] loot         static_B_2020.02.13_13.57.29.csv@709   reward=  145.58 qoe=   0.0 qoe_q=  -36.0 eps=0.050 loss=0.8134
[ep  963] redandblack  static_B_2019.12.16_13.40.04.csv@874   reward=  232.14 qoe=  71.5 qoe_q=   57.9 eps=0.050 loss=0.8140
[ep  964] soldier      static_B_2020.02.14_13.21.26.csv@728   reward=  285.01 qoe= 100.0 qoe_q=   93.8 eps=0.050 loss=0.8422
[ep  965] longdress    static_B_2020.02.13_13.57.29.csv@1489  reward=  189.07 qoe=  18.6 qoe_q=   37.3 eps=0.050 loss=0.7605
[ep  966] loot         static_B_2020.02.13_13.57.29.csv@2945  reward=  249.20 qoe=  59.0 qoe_q=   60.0 eps=0.050 loss=0.9810
[ep  967] redandblack  static_B_2020.02.13_13.57.29.csv@589   reward=  253.93 qoe=  79.1 qoe_q=   78.1 eps=0.050 loss=0.9304
[ep  968] soldier      static_B_2020.02.13_13.57.29.csv@169   reward=  292.96 qoe= 100.0 qoe_q=   97.0 eps=0.050 loss=0.9225
[ep  969] longdress    static_B_2019.12.16_13.40.04.csv@694   reward=  242.90 qoe=  81.2 qoe_q=   75.5 eps=0.050 loss=0.9685
[ep  970] loot         static_B_2020.01.16_10.43.34.csv@3109  reward=  284.11 qoe= 100.0 qoe_q=   92.6 eps=0.050 loss=0.8892
[ep  971] redandblack  static_B_2020.02.14_13.21.26.csv@788   reward=  288.29 qoe= 100.0 qoe_q=   95.4 eps=0.050 loss=0.9419
[ep  972] soldier      static_B_2020.02.13_13.57.29.csv@2449  reward=  169.18 qoe=   0.0 qoe_q= -236.3 eps=0.050 loss=0.7694
[ep  973] longdress    static_B_2020.02.13_13.57.29.csv@2089  reward=  272.56 qoe= 100.0 qoe_q=   87.0 eps=0.050 loss=1.0364
[ep  974] loot         static_B_2020.01.16_10.43.34.csv@960   reward=  282.72 qoe= 100.0 qoe_q=   91.8 eps=0.050 loss=0.9241
[ep  975] redandblack  static_B_2020.01.16_10.43.34.csv@2400  reward=  289.01 qoe=  74.0 qoe_q=   95.7 eps=0.050 loss=0.9540
[ep  976] soldier      static_B_2020.01.16_10.43.34.csv@1080  reward=  189.86 qoe=  22.5 qoe_q=   34.6 eps=0.050 loss=0.9165
[ep  977] longdress    static_B_2020.01.16_10.43.34.csv@2940  reward=  184.86 qoe=  18.6 qoe_q=   26.7 eps=0.050 loss=0.8677
[ep  978] loot         static_B_2020.01.16_10.43.34.csv@2100  reward=  204.40 qoe=  24.6 qoe_q=   40.4 eps=0.050 loss=0.9115
[ep  979] redandblack  static_B_2019.12.16_13.40.04.csv@274   reward=  227.69 qoe=  28.7 qoe_q=   44.8 eps=0.050 loss=0.8761
[ep  980] soldier      static_B_2020.01.16_10.43.34.csv@1200  reward=  283.26 qoe= 100.0 qoe_q=   90.5 eps=0.050 loss=0.8516
[ep  981] longdress    static_B_2020.02.13_13.57.29.csv@1729  reward=  226.72 qoe=  70.0 qoe_q=   57.0 eps=0.050 loss=0.8858
[ep  982] loot         static_B_2020.01.16_10.43.34.csv@60    reward=  177.29 qoe=   0.0 qoe_q=   -1.9 eps=0.050 loss=0.8594
[ep  983] redandblack  static_B_2020.02.13_13.57.29.csv@2945  reward=  249.98 qoe=  56.1 qoe_q=   52.9 eps=0.050 loss=0.8077
[ep  984] soldier      static_B_2019.12.16_13.40.04.csv@454   reward=  196.16 qoe=   0.0 qoe_q= -313.8 eps=0.050 loss=0.8733
[ep  985] longdress    static_B_2020.02.13_13.57.29.csv@349   reward=  225.27 qoe=  62.3 qoe_q=   59.7 eps=0.050 loss=0.9185
[ep  986] loot         static_B_2019.12.16_13.40.04.csv@934   reward=  231.52 qoe=  53.9 qoe_q=   63.6 eps=0.050 loss=0.8282
[ep  987] redandblack  static_B_2020.02.13_13.57.29.csv@289   reward=  238.01 qoe=  44.5 qoe_q=   57.3 eps=0.050 loss=0.8994
[ep  988] soldier      static_B_2020.02.13_13.57.29.csv@529   reward=  237.20 qoe=  33.0 qoe_q=   48.3 eps=0.050 loss=0.8485
[ep  989] longdress    static_B_2020.01.16_10.43.34.csv@660   reward=  259.21 qoe=  76.6 qoe_q=   78.0 eps=0.050 loss=0.8961
[ep  990] loot         static_B_2020.01.16_10.43.34.csv@2160  reward=  242.28 qoe=  55.6 qoe_q=   68.9 eps=0.050 loss=0.9190
[ep  991] redandblack  static_B_2019.12.16_13.40.04.csv@1534  reward=  246.63 qoe=  64.5 qoe_q=   72.2 eps=0.050 loss=0.8590
[ep  992] soldier      static_B_2020.02.13_13.57.29.csv@1669  reward=  219.84 qoe=  37.4 qoe_q=   55.2 eps=0.050 loss=0.8410
[ep  993] longdress    static_B_2020.02.13_13.57.29.csv@2209  reward=  193.17 qoe=  14.7 qoe_q=   20.8 eps=0.050 loss=0.9648
[ep  994] loot         static_B_2020.01.16_10.43.34.csv@2520  reward=  276.49 qoe=  85.2 qoe_q=   87.8 eps=0.050 loss=0.8262
[ep  995] redandblack  static_B_2019.12.16_13.40.04.csv@814   reward=  270.22 qoe= 100.0 qoe_q=   85.5 eps=0.050 loss=0.9631
[ep  996] soldier      static_B_2020.01.16_10.43.34.csv@300   reward=  291.99 qoe=  72.0 qoe_q=   96.4 eps=0.050 loss=0.8367
[ep  997] longdress    static_B_2020.02.13_13.57.29.csv@1069  reward=  248.02 qoe=  79.2 qoe_q=   74.1 eps=0.050 loss=0.8207
[ep  998] loot         static_B_2020.01.16_10.43.34.csv@2040  reward=  267.92 qoe= 100.0 qoe_q=   81.8 eps=0.050 loss=0.7495
[ep  999] redandblack  static_B_2020.02.13_13.57.29.csv@1369  reward=  225.18 qoe=  71.7 qoe_q=   56.3 eps=0.050 loss=0.9115
[ep 1000] soldier      static_B_2020.01.16_10.43.34.csv@120   reward=  174.35 qoe=   0.0 qoe_q=  -18.1 eps=0.050 loss=0.8218
    [eval @ ep 1000] reward=291.01 qoe=100.0 qoe_q=96.5 mean_q=0.972 stall=0.0s  <-- best (saved)
[ep 1001] longdress    static_B_2019.12.16_13.40.04.csv@154   reward=  225.34 qoe=   1.6 qoe_q=   13.6 eps=0.050 loss=0.8645
[ep 1002] loot         static_B_2020.01.16_10.43.34.csv@1680  reward=  283.57 qoe=  74.0 qoe_q=   92.2 eps=0.050 loss=1.1044
[ep 1003] redandblack  static_B_2020.01.16_10.43.34.csv@1020  reward=  278.12 qoe= 100.0 qoe_q=   87.3 eps=0.050 loss=0.9270
[ep 1004] soldier      static_B_2020.01.16_10.43.34.csv@1740  reward=  291.31 qoe= 100.0 qoe_q=   96.1 eps=0.050 loss=1.0168
[ep 1005] longdress    static_B_2020.01.16_10.43.34.csv@1560  reward=  290.64 qoe= 100.0 qoe_q=   96.3 eps=0.050 loss=1.0232
[ep 1006] loot         static_B_2020.02.13_13.57.29.csv@1129  reward=  170.05 qoe=   0.0 qoe_q=   24.6 eps=0.050 loss=1.0822
[ep 1007] redandblack  static_B_2020.02.13_13.57.29.csv@949   reward=  103.30 qoe=   0.0 qoe_q=  -60.2 eps=0.050 loss=0.9068
[ep 1008] soldier      static_B_2019.12.16_13.40.04.csv@1114  reward=   94.09 qoe=   0.0 qoe_q= -481.1 eps=0.050 loss=0.9831
[ep 1009] longdress    static_B_2020.02.13_13.57.29.csv@1309  reward=  151.30 qoe=   0.3 qoe_q=    8.3 eps=0.050 loss=0.9591
[ep 1010] loot         static_B_2020.02.13_13.57.29.csv@2509  reward=  286.55 qoe=  50.0 qoe_q=   93.9 eps=0.050 loss=1.0496
[ep 1011] redandblack  static_B_2020.01.16_10.43.34.csv@360   reward=  255.96 qoe=  84.9 qoe_q=   79.2 eps=0.050 loss=0.8876
[ep 1012] soldier      static_B_2020.02.13_13.57.29.csv@2029  reward=  264.63 qoe=  77.4 qoe_q=   78.6 eps=0.050 loss=1.0474
[ep 1013] longdress    static_B_2019.12.16_13.40.04.csv@1414  reward=  240.33 qoe=  48.9 qoe_q=   60.5 eps=0.050 loss=1.0064
[ep 1014] loot         static_B_2020.02.14_13.21.26.csv@488   reward=  290.08 qoe=  56.0 qoe_q=   95.9 eps=0.050 loss=0.8995
[ep 1015] redandblack  static_B_2020.02.14_13.21.26.csv@8     reward=  200.52 qoe=  33.3 qoe_q=   44.8 eps=0.050 loss=0.9969
[ep 1016] soldier      static_B_2020.02.13_13.57.29.csv@2809  reward=  182.10 qoe=   0.0 qoe_q=  -11.7 eps=0.050 loss=0.9828
[ep 1017] longdress    static_B_2020.01.16_10.43.34.csv@420   reward=  141.61 qoe=   0.0 qoe_q=  -58.3 eps=0.050 loss=1.0345
[ep 1018] loot         static_B_2020.01.16_10.43.34.csv@1500  reward=  286.28 qoe=  64.0 qoe_q=   93.7 eps=0.050 loss=0.9409
[ep 1019] redandblack  static_B_2020.01.16_10.43.34.csv@1980  reward=  273.11 qoe=  48.0 qoe_q=   87.5 eps=0.050 loss=1.0211
[ep 1020] soldier      static_B_2020.02.14_13.21.26.csv@248   reward=  294.33 qoe= 100.0 qoe_q=   97.7 eps=0.050 loss=0.9424
[ep 1021] longdress    static_B_2020.01.16_10.43.34.csv@2280  reward=  201.99 qoe=  38.0 qoe_q=   47.2 eps=0.050 loss=0.9808
[ep 1022] loot         static_B_2019.12.16_13.40.04.csv@394   reward=  268.65 qoe= 100.0 qoe_q=   80.4 eps=0.050 loss=1.0579
[ep 1023] redandblack  static_B_2019.12.16_13.40.04.csv@574   reward=  239.72 qoe=  54.8 qoe_q=   46.8 eps=0.050 loss=0.9028
[ep 1024] soldier      static_B_2019.12.16_13.40.04.csv@334   reward=  130.49 qoe=   0.0 qoe_q=  -25.4 eps=0.050 loss=0.8047
[ep 1025] longdress    static_B_2020.01.16_10.43.34.csv@600   reward=  267.61 qoe=  80.9 qoe_q=   84.6 eps=0.050 loss=0.9436
[ep 1026] loot         static_B_2019.12.16_13.40.04.csv@1904  reward=  287.00 qoe=  50.0 qoe_q=   93.9 eps=0.050 loss=0.8854
[ep 1027] redandblack  static_B_2020.02.13_13.57.29.csv@2269  reward=  262.74 qoe=  83.2 qoe_q=   77.1 eps=0.050 loss=0.9493
[ep 1028] soldier      static_B_2020.01.16_10.43.34.csv@3060  reward=  277.51 qoe= 100.0 qoe_q=   87.2 eps=0.050 loss=1.0565
[ep 1029] longdress    static_B_2020.01.16_10.43.34.csv@1620  reward=  253.27 qoe=  79.3 qoe_q=   77.5 eps=0.050 loss=0.8941
[ep 1030] loot         static_B_2020.02.14_13.21.26.csv@428   reward=  248.56 qoe=  80.5 qoe_q=   74.0 eps=0.050 loss=0.9033
[ep 1031] redandblack  static_B_2019.12.16_13.40.04.csv@34    reward=  162.78 qoe=   0.0 qoe_q=   -4.2 eps=0.050 loss=0.9331
[ep 1032] soldier      static_B_2020.02.14_13.21.26.csv@668   reward=  279.31 qoe= 100.0 qoe_q=   89.0 eps=0.050 loss=0.9770
[ep 1033] longdress    static_B_2020.02.13_13.57.29.csv@1189  reward=  278.83 qoe= 100.0 qoe_q=   90.6 eps=0.050 loss=0.8958
[ep 1034] loot         static_B_2019.12.16_13.40.04.csv@1234  reward=  222.40 qoe=  48.1 qoe_q=   56.4 eps=0.050 loss=0.9621
[ep 1035] redandblack  static_B_2020.01.16_10.43.34.csv@2700  reward=  215.55 qoe=  47.9 qoe_q=   47.9 eps=0.050 loss=0.9569
[ep 1036] soldier      static_B_2020.02.13_13.57.29.csv@409   reward=  246.46 qoe=  46.8 qoe_q=   49.9 eps=0.050 loss=0.9752
[ep 1037] longdress    static_B_2020.01.16_10.43.34.csv@2220  reward=  246.62 qoe=  83.3 qoe_q=   68.6 eps=0.050 loss=0.8687
[ep 1038] loot         static_B_2020.01.16_10.43.34.csv@0     reward=  278.06 qoe=  54.0 qoe_q=   90.0 eps=0.050 loss=0.8899
[ep 1039] redandblack  static_B_2020.01.16_10.43.34.csv@780   reward=  200.52 qoe=  41.5 qoe_q=   49.2 eps=0.050 loss=0.9310
[ep 1040] soldier      static_B_2020.01.16_10.43.34.csv@840   reward=  284.95 qoe= 100.0 qoe_q=   93.4 eps=0.050 loss=0.7908
[ep 1041] longdress    static_B_2020.01.16_10.43.34.csv@1920  reward=  264.95 qoe=  83.1 qoe_q=   84.4 eps=0.050 loss=0.9190
[ep 1042] loot         static_B_2020.02.14_13.21.26.csv@188   reward=  283.82 qoe= 100.0 qoe_q=   93.2 eps=0.050 loss=0.8716
[ep 1043] redandblack  static_B_2020.02.13_13.57.29.csv@49    reward=  202.90 qoe=  21.1 qoe_q=   33.4 eps=0.050 loss=0.9487
[ep 1044] soldier      static_B_2020.01.16_10.43.34.csv@1380  reward=  206.68 qoe=  22.7 qoe_q=   38.1 eps=0.050 loss=0.9405
[ep 1045] longdress    static_B_2020.01.16_10.43.34.csv@720   reward=  266.87 qoe=  65.7 qoe_q=   73.9 eps=0.050 loss=0.8987
[ep 1046] loot         static_B_2020.02.13_13.57.29.csv@1609  reward=  263.66 qoe=  82.6 qoe_q=   83.2 eps=0.050 loss=0.8553
[ep 1047] redandblack  static_B_2020.01.16_10.43.34.csv@180   reward=  257.74 qoe=  54.3 qoe_q=   59.6 eps=0.050 loss=1.0212
[ep 1048] soldier      static_B_2020.02.13_13.57.29.csv@1429  reward=  239.89 qoe=  51.3 qoe_q=   47.3 eps=0.050 loss=1.0216
[ep 1049] longdress    static_B_2020.02.13_13.57.29.csv@1969  reward=  235.86 qoe=  40.3 qoe_q=   53.9 eps=0.050 loss=0.9105
[ep 1050] loot         static_B_2019.12.16_13.40.04.csv@634   reward=  226.91 qoe=  56.3 qoe_q=   57.9 eps=0.050 loss=0.9575
[ep 1051] redandblack  static_B_2020.01.16_10.43.34.csv@240   reward=  281.00 qoe=  86.0 qoe_q=   91.5 eps=0.050 loss=0.8972
[ep 1052] soldier      static_B_2019.12.16_13.40.04.csv@1594  reward=  260.05 qoe=  57.8 qoe_q=   61.5 eps=0.050 loss=1.1029
[ep 1053] longdress    static_B_2020.02.13_13.57.29.csv@229   reward=  284.29 qoe= 100.0 qoe_q=   93.1 eps=0.050 loss=1.0177
[ep 1054] loot         static_B_2020.01.16_10.43.34.csv@2760  reward=  245.59 qoe=  71.0 qoe_q=   65.0 eps=0.050 loss=0.9565
[ep 1055] redandblack  static_B_2020.02.13_13.57.29.csv@2149  reward=  192.21 qoe=   0.0 qoe_q=   14.6 eps=0.050 loss=0.9969
[ep 1056] soldier      static_B_2019.12.16_13.40.04.csv@1054  reward=  190.90 qoe=   0.0 qoe_q=   10.5 eps=0.050 loss=0.9672
[ep 1057] longdress    static_B_2019.12.16_13.40.04.csv@1174  reward=  174.11 qoe=   9.4 qoe_q=   19.3 eps=0.050 loss=0.9249
[ep 1058] loot         static_B_2020.02.13_13.57.29.csv@2929  reward=  260.08 qoe=  60.0 qoe_q=   62.4 eps=0.050 loss=1.1272
[ep 1059] redandblack  static_B_2020.02.13_13.57.29.csv@1789  reward=  268.70 qoe=  44.0 qoe_q=   85.2 eps=0.050 loss=0.8207
[ep 1060] soldier      static_B_2020.01.16_10.43.34.csv@900   reward=  204.38 qoe=  30.6 qoe_q=   45.4 eps=0.050 loss=1.0699
[ep 1061] longdress    static_B_2019.12.16_13.40.04.csv@1894  reward=  284.38 qoe= 100.0 qoe_q=   93.2 eps=0.050 loss=1.0315
[ep 1062] loot         static_B_2020.01.16_10.43.34.csv@2340  reward=  257.56 qoe=  23.9 qoe_q=   33.8 eps=0.050 loss=1.0641
[ep 1063] redandblack  static_B_2020.02.13_13.57.29.csv@2389  reward=  240.78 qoe=  78.0 qoe_q=   63.9 eps=0.050 loss=0.8010
[ep 1064] soldier      static_B_2019.12.16_13.40.04.csv@1294  reward=  227.37 qoe=  62.6 qoe_q=   58.0 eps=0.050 loss=1.0656
[ep 1065] longdress    static_B_2019.12.16_13.40.04.csv@1354  reward=  146.39 qoe=   0.0 qoe_q=  -89.6 eps=0.050 loss=1.0345
[ep 1066] loot         static_B_2019.12.16_13.40.04.csv@514   reward=  273.19 qoe=  80.7 qoe_q=   83.9 eps=0.050 loss=0.8942
[ep 1067] redandblack  static_B_2020.01.16_10.43.34.csv@2880  reward=  137.78 qoe=   0.0 qoe_q=   -6.3 eps=0.050 loss=1.0071
[ep 1068] soldier      static_B_2019.12.16_13.40.04.csv@214   reward=  173.36 qoe=   0.0 qoe_q=  -77.1 eps=0.050 loss=0.9961
[ep 1069] longdress    static_B_2019.12.16_13.40.04.csv@754   reward=  261.27 qoe=  68.0 qoe_q=   72.9 eps=0.050 loss=0.9376
[ep 1070] loot         static_B_2019.12.16_13.40.04.csv@1834  reward=  237.83 qoe=  61.4 qoe_q=   51.1 eps=0.050 loss=1.0769
[ep 1071] redandblack  static_B_2020.02.13_13.57.29.csv@2689  reward=  266.76 qoe=  82.7 qoe_q=   77.4 eps=0.050 loss=0.9309
[ep 1072] soldier      static_B_2020.01.16_10.43.34.csv@2640  reward=  251.40 qoe=  71.1 qoe_q=   66.0 eps=0.050 loss=0.9630
[ep 1073] longdress    static_B_2019.12.16_13.40.04.csv@1904  reward=  282.23 qoe= 100.0 qoe_q=   91.9 eps=0.050 loss=1.0264
[ep 1074] loot         static_B_2020.02.13_13.57.29.csv@2749  reward=  174.24 qoe=   0.0 qoe_q=   16.4 eps=0.050 loss=1.0041
[ep 1075] redandblack  static_B_2019.12.16_13.40.04.csv@1474  reward=  280.29 qoe=  56.0 qoe_q=   91.0 eps=0.050 loss=1.0983
[ep 1076] soldier      static_B_2020.02.13_13.57.29.csv@829   reward=  203.47 qoe=  28.6 qoe_q=   42.0 eps=0.050 loss=1.0443
[ep 1077] longdress    static_B_2020.01.16_10.43.34.csv@1860  reward=  265.92 qoe=  81.5 qoe_q=   84.1 eps=0.050 loss=0.9814
[ep 1078] loot         static_B_2020.02.14_13.21.26.csv@68    reward=  291.54 qoe=  48.0 qoe_q=   96.4 eps=0.050 loss=1.0207
[ep 1079] redandblack  static_B_2020.02.14_13.21.26.csv@368   reward=  275.26 qoe=  80.0 qoe_q=   88.7 eps=0.050 loss=1.0273
[ep 1080] soldier      static_B_2020.01.16_10.43.34.csv@1260  reward=  226.59 qoe=  66.7 qoe_q=   51.3 eps=0.050 loss=1.0416
[ep 1081] longdress    static_B_2020.02.14_13.21.26.csv@128   reward=  267.12 qoe=  74.5 qoe_q=   82.7 eps=0.050 loss=1.0018
[ep 1082] loot         static_B_2020.01.16_10.43.34.csv@540   reward=  274.92 qoe= 100.0 qoe_q=   85.0 eps=0.050 loss=0.9474
[ep 1083] redandblack  static_B_2020.01.16_10.43.34.csv@1320  reward=  258.43 qoe=  14.6 qoe_q=   36.3 eps=0.050 loss=0.8749
[ep 1084] soldier      static_B_2020.02.13_13.57.29.csv@469   reward=  211.09 qoe=   0.0 qoe_q=   21.9 eps=0.050 loss=0.9821
[ep 1085] longdress    static_B_2020.01.16_10.43.34.csv@1440  reward=  265.68 qoe=  59.5 qoe_q=   65.7 eps=0.050 loss=0.9576
[ep 1086] soldier      static_B_2020.01.16_10.43.34.csv@2187  reward=  199.28 qoe=   0.0 qoe_q=   -3.4 eps=0.050 loss=0.9176
[ep 1087] longdress    static_B_2020.02.13_13.57.29.csv@416   reward=  266.68 qoe=  75.8 qoe_q=   82.3 eps=0.050 loss=1.0886
[ep 1088] loot         static_B_2020.02.13_13.57.29.csv@2216  reward=  231.58 qoe=  48.4 qoe_q=   39.0 eps=0.050 loss=1.1058
[ep 1089] redandblack  static_B_2020.02.13_13.57.29.csv@2936  reward=  231.84 qoe=  20.7 qoe_q=   24.5 eps=0.050 loss=0.8188
[ep 1090] soldier      static_B_2019.12.16_13.40.04.csv@326   reward=  117.75 qoe=   0.0 qoe_q=  -41.0 eps=0.050 loss=1.0129
[ep 1091] longdress    static_B_2020.02.13_13.57.29.csv@1616  reward=  283.77 qoe= 100.0 qoe_q=   85.0 eps=0.050 loss=0.9321
[ep 1092] loot         static_B_2020.01.16_10.43.34.csv@2307  reward=  144.57 qoe=   0.0 qoe_q= -200.1 eps=0.050 loss=0.9501
[ep 1093] redandblack  static_B_2020.02.13_13.57.29.csv@596   reward=  232.74 qoe=  58.1 qoe_q=   60.2 eps=0.050 loss=1.0239
[ep 1094] soldier      static_B_2020.01.16_10.43.34.csv@987   reward=  188.27 qoe=  34.6 qoe_q=   40.6 eps=0.050 loss=1.0007
[ep 1095] longdress    static_B_2019.12.16_13.40.04.csv@1706  reward=  228.88 qoe=   0.0 qoe_q=   10.9 eps=0.050 loss=0.9307
[ep 1096] loot         static_B_2020.02.13_13.57.29.csv@956   reward=   69.71 qoe=   0.0 qoe_q= -216.9 eps=0.050 loss=0.9737
[ep 1097] redandblack  static_B_2020.02.13_13.57.29.csv@1136  reward=  139.84 qoe=   0.0 qoe_q=   -9.9 eps=0.050 loss=1.0575
[ep 1098] soldier      static_B_2019.12.16_13.40.04.csv@626   reward=  164.86 qoe=   0.0 qoe_q=   -3.5 eps=0.050 loss=0.9641
[ep 1099] longdress    static_B_2020.01.16_10.43.34.csv@1587  reward=  280.37 qoe= 100.0 qoe_q=   91.1 eps=0.050 loss=0.9846
[ep 1100] loot         static_B_2020.01.16_10.43.34.csv@2547  reward=  259.39 qoe=  80.1 qoe_q=   78.3 eps=0.050 loss=1.1158
    [eval @ ep 1100] reward=291.29 qoe=100.0 qoe_q=96.6 mean_q=0.973 stall=0.0s  <-- best (saved)
[ep 1101] redandblack  static_B_2020.02.13_13.57.29.csv@2156  reward=  194.67 qoe=   4.2 qoe_q=   21.0 eps=0.050 loss=0.8805
[ep 1102] soldier      static_B_2019.12.16_13.40.04.csv@686   reward=  256.84 qoe=  35.9 qoe_q=   43.1 eps=0.050 loss=1.1776
[ep 1103] longdress    static_B_2019.12.16_13.40.04.csv@1406  reward=  238.98 qoe=  44.2 qoe_q=   58.6 eps=0.050 loss=1.0991
[ep 1104] loot         static_B_2019.12.16_13.40.04.csv@1346  reward=  232.04 qoe=  51.5 qoe_q=   61.0 eps=0.050 loss=1.0474
[ep 1105] redandblack  static_B_2020.02.13_13.57.29.csv@2876  reward=  152.82 qoe=   0.0 qoe_q=   18.4 eps=0.050 loss=1.0397
[ep 1106] soldier      static_B_2019.12.16_13.40.04.csv@986   reward=  233.65 qoe=  49.8 qoe_q=   55.3 eps=0.050 loss=1.0205
[ep 1107] longdress    static_B_2020.01.16_10.43.34.csv@3087  reward=  243.73 qoe=  60.4 qoe_q=   69.9 eps=0.050 loss=1.0628
[ep 1108] loot         static_B_2020.01.16_10.43.34.csv@27    reward=  203.62 qoe=  21.5 qoe_q=   46.1 eps=0.050 loss=1.0518
[ep 1109] redandblack  static_B_2020.02.14_13.21.26.csv@169   reward=  265.68 qoe=  84.2 qoe_q=   84.5 eps=0.050 loss=1.0955
[ep 1110] soldier      static_B_2020.01.16_10.43.34.csv@1707  reward=  228.50 qoe=  52.3 qoe_q=   56.8 eps=0.050 loss=1.0068
[ep 1111] longdress    static_B_2020.02.13_13.57.29.csv@1496  reward=  174.10 qoe=   1.9 qoe_q=   21.5 eps=0.050 loss=1.0508
[ep 1112] loot         static_B_2020.01.16_10.43.34.csv@2247  reward=  247.75 qoe=  72.0 qoe_q=   63.1 eps=0.050 loss=0.9125
[ep 1113] redandblack  static_B_2020.01.16_10.43.34.csv@447   reward=  158.15 qoe=   0.0 qoe_q=   16.3 eps=0.050 loss=0.9822
[ep 1114] soldier      static_B_2020.01.16_10.43.34.csv@327   reward=  274.50 qoe= 100.0 qoe_q=   88.2 eps=0.050 loss=1.0613
[ep 1115] longdress    static_B_2020.02.13_13.57.29.csv@2756  reward=  163.79 qoe=  11.5 qoe_q=   26.4 eps=0.050 loss=0.9850
[ep 1116] loot         static_B_2019.12.16_13.40.04.csv@1046  reward=  200.66 qoe=   0.0 qoe_q=   20.5 eps=0.050 loss=0.9921
[ep 1117] redandblack  static_B_2019.12.16_13.40.04.csv@1826  reward=  195.17 qoe=  24.7 qoe_q=   36.6 eps=0.050 loss=0.9285
[ep 1118] soldier      static_B_2019.12.16_13.40.04.csv@386   reward=  232.13 qoe=  54.8 qoe_q=   58.5 eps=0.050 loss=1.0479
[ep 1119] longdress    static_B_2019.12.16_13.40.04.csv@26    reward=  275.41 qoe= 100.0 qoe_q=   89.6 eps=0.050 loss=1.0121
[ep 1120] loot         static_B_2020.02.13_13.57.29.csv@1436  reward=  201.43 qoe=   0.0 qoe_q=    0.9 eps=0.050 loss=1.0952
[ep 1121] redandblack  static_B_2020.02.13_13.57.29.csv@56    reward=  170.39 qoe=   0.0 qoe_q=  -13.7 eps=0.050 loss=0.9804
[ep 1122] soldier      static_B_2019.12.16_13.40.04.csv@1526  reward=  266.51 qoe=  78.9 qoe_q=   81.7 eps=0.050 loss=1.1274
[ep 1123] longdress    static_B_2020.01.16_10.43.34.csv@2847  reward=  190.39 qoe=   0.0 qoe_q=    1.3 eps=0.050 loss=1.1915
[ep 1124] loot         static_B_2020.02.13_13.57.29.csv@2096  reward=  278.06 qoe=  88.3 qoe_q=   88.9 eps=0.050 loss=1.0807
[ep 1125] redandblack  static_B_2020.01.16_10.43.34.csv@1407  reward=  128.35 qoe=   0.0 qoe_q= -204.7 eps=0.050 loss=1.0713
[ep 1126] soldier      static_B_2020.02.14_13.21.26.csv@709   reward=  281.49 qoe=  84.9 qoe_q=   91.6 eps=0.050 loss=0.9616
[ep 1127] longdress    static_B_2020.01.16_10.43.34.csv@1287  reward=  258.06 qoe= 100.0 qoe_q=   73.8 eps=0.050 loss=1.0413
[ep 1128] loot         static_B_2020.02.14_13.21.26.csv@850   reward=  238.43 qoe=  40.9 qoe_q=   52.4 eps=0.050 loss=1.0455
[ep 1129] redandblack  static_B_2020.01.16_10.43.34.csv@267   reward=  253.11 qoe=  60.1 qoe_q=   60.8 eps=0.050 loss=1.1351
[ep 1130] soldier      static_B_2020.01.16_10.43.34.csv@3027  reward=  242.01 qoe=  56.5 qoe_q=   56.1 eps=0.050 loss=1.0372
[ep 1131] longdress    static_B_2020.02.14_13.21.26.csv@289   reward=  283.33 qoe= 100.0 qoe_q=   92.2 eps=0.050 loss=1.0656
[ep 1132] loot         static_B_2020.02.13_13.57.29.csv@116   reward=  214.61 qoe=   0.0 qoe_q=   17.3 eps=0.050 loss=1.1179
[ep 1133] redandblack  static_B_2020.01.16_10.43.34.csv@387   reward=  260.15 qoe=  80.0 qoe_q=   80.8 eps=0.050 loss=1.1066
[ep 1134] soldier      static_B_2020.02.13_13.57.29.csv@716   reward=  175.96 qoe=   0.0 qoe_q=  -10.0 eps=0.050 loss=0.9410
[ep 1135] longdress    static_B_2019.12.16_13.40.04.csv@1904  reward=  288.34 qoe= 100.0 qoe_q=   95.2 eps=0.050 loss=1.0832
[ep 1136] loot         static_B_2020.01.16_10.43.34.csv@147   reward=  266.21 qoe= 100.0 qoe_q=   79.2 eps=0.050 loss=1.0763
[ep 1137] redandblack  static_B_2020.02.13_13.57.29.csv@1916  reward=  262.79 qoe=  78.2 qoe_q=   75.1 eps=0.050 loss=0.9463
[ep 1138] soldier      static_B_2020.02.13_13.57.29.csv@1676  reward=  168.22 qoe=   0.0 qoe_q=  -19.1 eps=0.050 loss=0.9696
[ep 1139] longdress    static_B_2020.01.16_10.43.34.csv@3109  reward=  277.62 qoe=  84.8 qoe_q=   90.6 eps=0.050 loss=1.1145
[ep 1140] loot         static_B_2020.01.16_10.43.34.csv@2907  reward=  222.21 qoe=   0.0 qoe_q=    3.2 eps=0.050 loss=1.0381
[ep 1141] redandblack  static_B_2019.12.16_13.40.04.csv@1106  reward=   94.12 qoe=   0.0 qoe_q= -519.7 eps=0.050 loss=1.1139
[ep 1142] soldier      static_B_2019.12.16_13.40.04.csv@446   reward=  181.17 qoe=   0.0 qoe_q=   22.9 eps=0.050 loss=1.1481
[ep 1143] longdress    static_B_2020.02.13_13.57.29.csv@896   reward=  132.10 qoe=   0.0 qoe_q=   -4.8 eps=0.050 loss=1.0103
[ep 1144] loot         static_B_2020.01.16_10.43.34.csv@1467  reward=  292.16 qoe= 100.0 qoe_q=   96.5 eps=0.050 loss=1.0071
[ep 1145] redandblack  static_B_2020.01.16_10.43.34.csv@807   reward=  255.85 qoe=  56.2 qoe_q=   62.2 eps=0.050 loss=0.8736
[ep 1146] soldier      static_B_2020.01.16_10.43.34.csv@1527  reward=  291.58 qoe=  78.0 qoe_q=   96.6 eps=0.050 loss=0.9450
[ep 1147] longdress    static_B_2020.02.13_13.57.29.csv@2576  reward=  262.88 qoe=  63.6 qoe_q=   70.4 eps=0.050 loss=1.0175
[ep 1148] loot         static_B_2020.01.16_10.43.34.csv@687   reward=  286.12 qoe=  46.0 qoe_q=   93.4 eps=0.050 loss=1.0562
[ep 1149] redandblack  static_B_2020.01.16_10.43.34.csv@1347  reward=  251.00 qoe=  60.0 qoe_q=   62.4 eps=0.050 loss=0.9409
[ep 1150] soldier      static_B_2020.01.16_10.43.34.csv@2067  reward=  208.51 qoe=  36.5 qoe_q=   49.0 eps=0.050 loss=1.1814
[ep 1151] longdress    static_B_2020.02.14_13.21.26.csv@109   reward=  241.48 qoe=  13.3 qoe_q=   35.1 eps=0.050 loss=0.9565
[ep 1152] loot         static_B_2020.02.13_13.57.29.csv@1556  reward=  246.40 qoe=  73.5 qoe_q=   65.3 eps=0.050 loss=1.2996
[ep 1153] redandblack  static_B_2020.02.13_13.57.29.csv@176   reward=  168.14 qoe=   0.0 qoe_q=   26.3 eps=0.050 loss=1.0440
[ep 1154] soldier      static_B_2020.02.13_13.57.29.csv@836   reward=  210.16 qoe=  33.1 qoe_q=   44.1 eps=0.050 loss=1.2037
[ep 1155] longdress    static_B_2020.02.13_13.57.29.csv@2456  reward=  230.96 qoe=   1.3 qoe_q=   19.8 eps=0.050 loss=1.2732
[ep 1156] loot         static_B_2019.12.16_13.40.04.csv@1904  reward=  283.53 qoe=  50.0 qoe_q=   92.2 eps=0.050 loss=1.1498
[ep 1157] redandblack  static_B_2020.01.16_10.43.34.csv@207   reward=  265.61 qoe=  81.9 qoe_q=   84.6 eps=0.050 loss=1.0815
[ep 1158] soldier      static_B_2020.02.13_13.57.29.csv@2516  reward=  265.71 qoe=  82.8 qoe_q=   84.1 eps=0.050 loss=0.9683
[ep 1159] longdress    static_B_2019.12.16_13.40.04.csv@1226  reward=  188.98 qoe=   0.0 qoe_q=   19.3 eps=0.050 loss=1.0047
[ep 1160] loot         static_B_2020.02.13_13.57.29.csv@1736  reward=  211.91 qoe=   0.0 qoe_q=   15.5 eps=0.050 loss=1.0340
[ep 1161] redandblack  static_B_2019.12.16_13.40.04.csv@926   reward=  196.73 qoe=   9.0 qoe_q=   27.2 eps=0.050 loss=1.0964
[ep 1162] soldier      static_B_2020.02.13_13.57.29.csv@2396  reward=  198.20 qoe=   7.5 qoe_q=   36.3 eps=0.050 loss=1.0217
[ep 1163] longdress    static_B_2019.12.16_13.40.04.csv@146   reward=  190.10 qoe=   0.0 qoe_q=   -5.1 eps=0.050 loss=1.0380
[ep 1164] loot         static_B_2020.02.13_13.57.29.csv@1196  reward=  281.69 qoe=  89.8 qoe_q=   90.6 eps=0.050 loss=1.0191
[ep 1165] redandblack  static_B_2020.02.13_13.57.29.csv@1316  reward=  156.21 qoe=   0.0 qoe_q=    5.6 eps=0.050 loss=1.0279
[ep 1166] soldier      static_B_2020.02.14_13.21.26.csv@850   reward=  221.53 qoe=  36.0 qoe_q=   42.0 eps=0.050 loss=1.0125
[ep 1167] longdress    static_B_2020.01.16_10.43.34.csv@2367  reward=  279.85 qoe= 100.0 qoe_q=   91.2 eps=0.050 loss=1.0750
[ep 1168] loot         static_B_2020.01.16_10.43.34.csv@2427  reward=  280.69 qoe=  44.0 qoe_q=   91.2 eps=0.050 loss=0.9818
[ep 1169] redandblack  static_B_2019.12.16_13.40.04.csv@1286  reward=  243.01 qoe=  81.1 qoe_q=   67.8 eps=0.050 loss=0.9196
[ep 1170] soldier      static_B_2020.02.13_13.57.29.csv@2276  reward=  246.96 qoe=  80.4 qoe_q=   68.5 eps=0.050 loss=1.1151
[ep 1171] longdress    static_B_2020.02.13_13.57.29.csv@1796  reward=  191.26 qoe=   0.0 qoe_q=  -35.7 eps=0.050 loss=1.0860
[ep 1172] loot         static_B_2020.02.13_13.57.29.csv@2696  reward=  272.61 qoe=  83.2 qoe_q=   85.0 eps=0.050 loss=1.0651
[ep 1173] redandblack  static_B_2020.01.16_10.43.34.csv@2127  reward=  221.57 qoe=   0.0 qoe_q=   13.2 eps=0.050 loss=1.0634
[ep 1174] soldier      static_B_2020.02.13_13.57.29.csv@2945  reward=  225.62 qoe=  38.8 qoe_q=   40.8 eps=0.050 loss=0.9681
[ep 1175] longdress    static_B_2020.01.16_10.43.34.csv@747   reward=  152.26 qoe=   0.0 qoe_q=  -18.2 eps=0.050 loss=1.1670
[ep 1176] loot         static_B_2020.01.16_10.43.34.csv@627   reward=  272.05 qoe=  82.2 qoe_q=   87.5 eps=0.050 loss=1.0655
[ep 1177] redandblack  static_B_2020.02.13_13.57.29.csv@236   reward=  250.32 qoe=  64.8 qoe_q=   66.5 eps=0.050 loss=1.0554
[ep 1178] soldier      static_B_2020.01.16_10.43.34.csv@2667  reward=  197.84 qoe=  26.0 qoe_q=   33.8 eps=0.050 loss=1.2702
[ep 1179] longdress    static_B_2019.12.16_13.40.04.csv@266   reward=  212.17 qoe=  23.1 qoe_q=   25.1 eps=0.050 loss=1.0077
[ep 1180] loot         static_B_2020.01.16_10.43.34.csv@1107  reward=  198.22 qoe=  30.6 qoe_q=   43.2 eps=0.050 loss=0.8757
[ep 1181] redandblack  static_B_2020.01.16_10.43.34.csv@2727  reward=  238.88 qoe=  70.0 qoe_q=   59.1 eps=0.050 loss=1.1489
[ep 1182] soldier      static_B_2019.12.16_13.40.04.csv@806   reward=  256.03 qoe=  82.4 qoe_q=   72.3 eps=0.050 loss=0.9730
[ep 1183] longdress    static_B_2019.12.16_13.40.04.csv@1886  reward=  287.71 qoe= 100.0 qoe_q=   94.8 eps=0.050 loss=1.0105
[ep 1184] loot         static_B_2020.01.16_10.43.34.csv@2487  reward=  288.41 qoe=  84.0 qoe_q=   95.1 eps=0.050 loss=1.0596
[ep 1185] redandblack  static_B_2020.01.16_10.43.34.csv@1887  reward=  283.52 qoe=  48.0 qoe_q=   93.7 eps=0.050 loss=1.0249
[ep 1186] soldier      static_B_2020.02.14_13.21.26.csv@649   reward=  284.65 qoe= 100.0 qoe_q=   94.1 eps=0.050 loss=1.2273
[ep 1187] longdress    static_B_2020.02.13_13.57.29.csv@296   reward=  286.65 qoe= 100.0 qoe_q=   94.8 eps=0.050 loss=0.9832
[ep 1188] loot         static_B_2019.12.16_13.40.04.csv@1646  reward=  270.06 qoe= 100.0 qoe_q=   82.3 eps=0.050 loss=1.0901
[ep 1189] redandblack  static_B_2020.01.16_10.43.34.csv@1827  reward=  277.90 qoe= 100.0 qoe_q=   89.4 eps=0.050 loss=1.0793
[ep 1190] soldier      static_B_2019.12.16_13.40.04.csv@1586  reward=  283.44 qoe= 100.0 qoe_q=   92.0 eps=0.050 loss=1.2005
[ep 1191] longdress    static_B_2020.01.16_10.43.34.csv@1647  reward=  253.50 qoe=  70.8 qoe_q=   77.8 eps=0.050 loss=1.1415
[ep 1192] loot         static_B_2020.01.16_10.43.34.csv@2607  reward=  252.67 qoe=  74.2 qoe_q=   74.3 eps=0.050 loss=1.0682
[ep 1193] redandblack  static_B_2020.01.16_10.43.34.csv@1227  reward=  249.61 qoe=  62.8 qoe_q=   63.8 eps=0.050 loss=1.0909
[ep 1194] soldier      static_B_2020.02.14_13.21.26.csv@469   reward=  280.28 qoe= 100.0 qoe_q=   90.4 eps=0.050 loss=0.9622
[ep 1195] longdress    static_B_2020.01.16_10.43.34.csv@2007  reward=  140.64 qoe=   0.0 qoe_q=  -72.3 eps=0.050 loss=1.0257
[ep 1196] loot         static_B_2020.01.16_10.43.34.csv@1947  reward=  238.97 qoe=  61.5 qoe_q=   66.6 eps=0.050 loss=1.0596
[ep 1197] redandblack  static_B_2020.01.16_10.43.34.csv@3109  reward=  284.40 qoe= 100.0 qoe_q=   93.3 eps=0.050 loss=1.0417
[ep 1198] soldier      static_B_2020.01.16_10.43.34.csv@927   reward=  246.98 qoe=  75.1 qoe_q=   67.1 eps=0.050 loss=1.1715
[ep 1199] longdress    static_B_2020.01.16_10.43.34.csv@2787  reward=  253.84 qoe=  80.8 qoe_q=   74.9 eps=0.050 loss=1.1194
[ep 1200] loot         static_B_2020.02.13_13.57.29.csv@1256  reward=  240.60 qoe=  55.4 qoe_q=   64.7 eps=0.050 loss=1.1439
    [eval @ ep 1200] reward=290.68 qoe=100.0 qoe_q=96.4 mean_q=0.971 stall=0.0s
[ep 1201] redandblack  static_B_2020.02.14_13.21.26.csv@49    reward=  265.25 qoe=  84.9 qoe_q=   83.5 eps=0.050 loss=1.0689
[ep 1202] soldier      static_B_2020.02.14_13.21.26.csv@769   reward=  276.64 qoe= 100.0 qoe_q=   88.8 eps=0.050 loss=1.1797
[ep 1203] longdress    static_B_2019.12.16_13.40.04.csv@206   reward=  177.48 qoe=   0.0 qoe_q=  -51.5 eps=0.050 loss=1.1141
[ep 1204] loot         static_B_2019.12.16_13.40.04.csv@506   reward=  279.45 qoe=  77.5 qoe_q=   85.8 eps=0.050 loss=1.2035
[ep 1205] redandblack  static_B_2020.02.13_13.57.29.csv@776   reward=  223.21 qoe=  55.0 qoe_q=   51.4 eps=0.050 loss=1.2389
[ep 1206] soldier      static_B_2020.01.16_10.43.34.csv@567   reward=  204.88 qoe=  14.6 qoe_q=   42.0 eps=0.050 loss=1.1108
[ep 1207] longdress    static_B_2020.02.14_13.21.26.csv@349   reward=  192.74 qoe=   6.7 qoe_q=   36.7 eps=0.050 loss=1.2118
[ep 1208] loot         static_B_2020.02.13_13.57.29.csv@476   reward=  196.17 qoe=   0.0 qoe_q=   22.9 eps=0.050 loss=1.1326
[ep 1209] redandblack  static_B_2020.02.13_13.57.29.csv@1076  reward=  283.73 qoe=  82.0 qoe_q=   93.1 eps=0.050 loss=1.2089
[ep 1210] soldier      static_B_2020.01.16_10.43.34.csv@1767  reward=  284.40 qoe=  94.0 qoe_q=   92.4 eps=0.050 loss=1.1636
[ep 1211] longdress    static_B_2020.02.14_13.21.26.csv@829   reward=  256.34 qoe=  72.6 qoe_q=   77.3 eps=0.050 loss=1.1780
[ep 1212] loot         static_B_2020.02.14_13.21.26.csv@409   reward=  271.98 qoe=  67.9 qoe_q=   77.9 eps=0.050 loss=1.1946
[ep 1213] redandblack  static_B_2020.02.13_13.57.29.csv@356   reward=  280.13 qoe= 100.0 qoe_q=   91.1 eps=0.050 loss=1.2413
[ep 1214] soldier      static_B_2020.01.16_10.43.34.csv@2967  reward=  214.33 qoe=  16.6 qoe_q=   40.1 eps=0.050 loss=1.0819
[ep 1215] longdress    static_B_2020.01.16_10.43.34.csv@87    reward=  141.95 qoe=   0.0 qoe_q=   -6.5 eps=0.050 loss=0.9737
[ep 1216] loot         static_B_2020.02.13_13.57.29.csv@2816  reward=  248.00 qoe=  42.2 qoe_q=   44.2 eps=0.050 loss=1.2271
[ep 1217] redandblack  static_B_2020.02.13_13.57.29.csv@1016  reward=  188.65 qoe=  13.0 qoe_q=   40.0 eps=0.050 loss=1.0218
[ep 1218] soldier      static_B_2020.01.16_10.43.34.csv@1167  reward=  165.06 qoe=  20.2 qoe_q=   25.3 eps=0.050 loss=1.1814
[ep 1219] longdress    static_B_2019.12.16_13.40.04.csv@1466  reward=  260.97 qoe=  36.1 qoe_q=   46.7 eps=0.050 loss=1.0967
[ep 1220] loot         static_B_2020.01.16_10.43.34.csv@1047  reward=  182.18 qoe=   9.7 qoe_q=   33.4 eps=0.050 loss=1.0465
[ep 1221] redandblack  static_B_2019.12.16_13.40.04.csv@746   reward=  275.07 qoe=  62.0 qoe_q=   88.6 eps=0.050 loss=0.9441
[ep 1222] soldier      static_B_2020.02.13_13.57.29.csv@1856  reward=  206.62 qoe=   0.0 qoe_q=    8.6 eps=0.050 loss=1.0902
[ep 1223] longdress    static_B_2019.12.16_13.40.04.csv@1766  reward=  215.50 qoe=  46.8 qoe_q=   52.5 eps=0.050 loss=1.0068
[ep 1224] loot         static_B_2020.02.14_13.21.26.csv@229   reward=  288.01 qoe=  50.0 qoe_q=   94.4 eps=0.050 loss=1.1732
[ep 1225] redandblack  static_B_2020.01.16_10.43.34.csv@507   reward=  261.56 qoe=  76.8 qoe_q=   78.8 eps=0.050 loss=1.1632
[ep 1226] soldier      static_B_2020.02.13_13.57.29.csv@536   reward=  263.07 qoe=  62.0 qoe_q=   69.8 eps=0.050 loss=1.1555
[ep 1227] longdress    static_B_2019.12.16_13.40.04.csv@866   reward=  207.18 qoe=  24.7 qoe_q=   27.1 eps=0.050 loss=1.1144
[ep 1228] loot         static_B_2020.01.16_10.43.34.csv@867   reward=  239.61 qoe=  32.4 qoe_q=   48.7 eps=0.050 loss=1.0916
[ep 1229] redandblack  static_B_2020.02.13_13.57.29.csv@2036  reward=  251.69 qoe=  81.2 qoe_q=   77.1 eps=0.050 loss=1.2211
[ep 1230] soldier      static_B_2020.02.13_13.57.29.csv@1976  reward=  260.38 qoe=  54.2 qoe_q=   54.7 eps=0.050 loss=1.1181
[ep 1231] longdress    static_B_2020.02.13_13.57.29.csv@2945  reward=  230.98 qoe=   9.0 qoe_q=   16.3 eps=0.050 loss=1.1926
[ep 1232] loot         static_B_2019.12.16_13.40.04.csv@566   reward=  270.63 qoe= 100.0 qoe_q=   76.6 eps=0.050 loss=1.1835
[ep 1233] redandblack  static_B_2020.02.13_13.57.29.csv@1376  reward=  256.93 qoe=  31.6 qoe_q=   38.1 eps=0.050 loss=0.9725
[ep 1234] soldier      static_B_2020.02.13_13.57.29.csv@656   reward=  149.09 qoe=   0.0 qoe_q=  -43.6 eps=0.050 loss=1.1698
[ep 1235] longdress    static_B_2020.02.14_13.21.26.csv@589   reward=  283.71 qoe= 100.0 qoe_q=   92.6 eps=0.050 loss=1.1800
[ep 1236] loot         static_B_2019.12.16_13.40.04.csv@1166  reward=  194.84 qoe=  10.0 qoe_q=   38.5 eps=0.050 loss=1.1452
[ep 1237] redandblack  static_B_2019.12.16_13.40.04.csv@86    reward=  275.49 qoe=  58.0 qoe_q=   90.4 eps=0.050 loss=1.1121
[ep 1238] soldier      static_B_2020.02.14_13.21.26.csv@529   reward=  275.52 qoe=  82.9 qoe_q=   88.5 eps=0.050 loss=1.1594
[ep 1239] longdress    static_B_2020.02.13_13.57.29.csv@2336  reward=  195.73 qoe=  35.1 qoe_q=   42.2 eps=0.050 loss=1.0863
[ep 1240] loot         static_B_2020.02.13_13.57.29.csv@2636  reward=  263.15 qoe=  74.9 qoe_q=   80.2 eps=0.050 loss=1.0306
    [eval @ final] reward=291.04 qoe=100.0 qoe_q=96.4 mean_q=0.973 stall=0.0s
==========================================================================================
✅ Training done. untrained qoe_quality=27.28 -> final 96.38 (best=96.61)
📦 Saved: C:\Users\Nima\PointCloudStreaming\logs\train_runs\20260711_130607_full\sweep\trial_000_s49\abr_dqn.pkl  (+ C:\Users\Nima\PointCloudStreaming\logs\train_runs\20260711_130607_full\sweep\trial_000_s49\abr_dqn_best.pkl)
🧾 History: C:\Users\Nima\PointCloudStreaming\logs\train_runs\20260711_130607_full\sweep\trial_000_s49\abr_dqn_train_history.json
🧾 Summary: C:\Users\Nima\PointCloudStreaming\logs\train_runs\20260711_130607_full\sweep\trial_000_s49\train_summary.json
