# C:\Users\Nima\AppData\Local\Programs\Python\Python313\python.exe -u C:\Users\Nima\PointCloudStreaming\train_dqn.py --out C:\Users\Nima\PointCloudStreaming\logs\train_runs\20260710_083943_full\sweep\trial_022_s42\abr_dqn.pkl --run-dir C:\Users\Nima\PointCloudStreaming\logs\train_runs\20260710_083943_full\sweep\trial_022_s42 --coverage-stride 60 --epochs 8 --eval-every 100 --lam 1.0 --lr 0.0001 --mu 8.0 --no-lstm-pred --reward-spec {} --seed 42 --select-by qoe_quality --target-update 3000
==========================================================================================
🤖 DQN ABR training
   sequences: ['longdress', 'loot', 'redandblack', 'soldier'] | eval sequence: longdress
   train files: 4 | test files: 1 | frames/episode: 300
   coverage stride: 60 samples -> 199 episodes/epoch x 8 epochs = 1592 episodes (~477600 env steps)
   state_dim: 22 | actions: 6 | feature_spec: ['buffer', 'last_rep_onehot', 'tput_last', 'tput_mean', 'tput_std', 'rep_bitrates', 'rep_densities']
   reward: q[log_density] - 8.0*stall - 1.0*|dq|  (gamma=0.99, lr=0.0001, reward_norm=True, reward_scale=1.0)
   select-by: qoe_quality | out: C:\Users\Nima\PointCloudStreaming\logs\train_runs\20260710_083943_full\sweep\trial_022_s42\abr_dqn.pkl | run-dir: C:\Users\Nima\PointCloudStreaming\logs\train_runs\20260710_083943_full\sweep\trial_022_s42
==========================================================================================
[eval @ ep 0] untrained: reward=-172.81 qoe=0.0 qoe_q=-31.0
[ep    1] longdress    static_B_2020.02.13_13.57.29.csv@78    reward= -384.26 qoe=   0.0 qoe_q= -182.1 eps=0.999 loss=0.1296
[ep    2] loot         static_B_2020.02.27_18.39.27.csv@2448  reward= -167.06 qoe=   0.0 qoe_q= -118.3 eps=0.998 loss=0.1013
[ep    3] redandblack  static_B_2020.02.13_13.57.29.csv@378   reward= -461.78 qoe=   0.0 qoe_q= -191.5 eps=0.997 loss=0.1040
[ep    4] soldier      static_B_2019.12.16_13.40.04.csv@1262  reward= -333.28 qoe=   0.0 qoe_q= -163.3 eps=0.996 loss=0.0991
[ep    5] longdress    static_B_2020.02.27_18.39.27.csv@3768  reward= -271.36 qoe=   0.0 qoe_q= -168.3 eps=0.995 loss=0.1091
[ep    6] loot         static_B_2020.02.27_18.39.27.csv@3888  reward= -287.48 qoe=   0.0 qoe_q= -147.2 eps=0.994 loss=0.1057
[ep    7] redandblack  static_B_2020.02.27_18.39.27.csv@2028  reward= -165.26 qoe=   0.0 qoe_q= -110.6 eps=0.993 loss=0.1036
[ep    8] soldier      static_B_2020.02.27_18.39.27.csv@828   reward= -100.59 qoe=   0.0 qoe_q=  -94.7 eps=0.992 loss=0.1013
[ep    9] longdress    static_B_2020.02.13_13.57.29.csv@2945  reward= -298.27 qoe=   0.0 qoe_q= -151.5 eps=0.991 loss=0.1019
[ep   10] loot         static_B_2020.02.27_18.39.27.csv@1488  reward= -195.59 qoe=   0.0 qoe_q= -159.1 eps=0.990 loss=0.1000
[ep   11] redandblack  static_B_2019.12.16_13.40.04.csv@1022  reward= -158.48 qoe=   0.0 qoe_q= -104.1 eps=0.989 loss=0.0991
[ep   12] soldier      static_B_2020.02.27_18.39.27.csv@3708  reward= -128.30 qoe=   0.0 qoe_q= -111.0 eps=0.988 loss=0.1109
[ep   13] longdress    static_B_2020.02.27_18.39.27.csv@5742  reward= -364.00 qoe=   0.0 qoe_q= -169.2 eps=0.987 loss=0.1030
[ep   14] loot         static_B_2020.02.27_18.39.27.csv@2628  reward= -682.35 qoe=   0.0 qoe_q= -253.9 eps=0.986 loss=0.1051
[ep   15] redandblack  static_B_2020.02.27_18.39.27.csv@5742  reward= -249.53 qoe=   0.0 qoe_q= -135.4 eps=0.985 loss=0.1120
[ep   16] soldier      static_B_2020.02.27_18.39.27.csv@1248  reward=  -74.94 qoe=   0.0 qoe_q=  -85.4 eps=0.984 loss=0.1157
[ep   17] longdress    static_B_2020.02.27_18.39.27.csv@2328  reward=-1777.01 qoe=   0.0 qoe_q= -543.1 eps=0.983 loss=0.1026
[ep   18] loot         static_B_2020.02.27_18.39.27.csv@288   reward= -153.87 qoe=   0.0 qoe_q= -108.8 eps=0.982 loss=0.0675
[ep   19] redandblack  static_B_2019.12.16_13.40.04.csv@302   reward= -324.57 qoe=   0.0 qoe_q= -155.8 eps=0.981 loss=0.0759
[ep   20] soldier      static_B_2020.02.27_18.39.27.csv@4548  reward= -163.69 qoe=   0.0 qoe_q= -120.6 eps=0.980 loss=0.0792
[ep   21] longdress    static_B_2020.02.27_18.39.27.csv@4608  reward= -224.61 qoe=   0.0 qoe_q= -138.9 eps=0.979 loss=0.0788
[ep   22] loot         static_B_2020.02.13_13.57.29.csv@1278  reward= -190.20 qoe=   0.0 qoe_q= -125.4 eps=0.978 loss=0.0904
[ep   23] redandblack  static_B_2020.02.27_18.39.27.csv@1788  reward=-1759.71 qoe=   0.0 qoe_q= -540.0 eps=0.977 loss=0.0828
[ep   24] soldier      static_B_2020.02.13_13.57.29.csv@1518  reward= -348.18 qoe=   0.0 qoe_q= -165.2 eps=0.976 loss=0.0832
[ep   25] longdress    static_B_2020.02.27_18.39.27.csv@468   reward= -118.22 qoe=   0.0 qoe_q=  -93.1 eps=0.975 loss=0.0833
[ep   26] loot         static_B_2020.02.27_18.39.27.csv@768   reward= -170.77 qoe=   0.0 qoe_q= -116.2 eps=0.974 loss=0.0651
[ep   27] redandblack  static_B_2020.02.27_18.39.27.csv@108   reward= -348.23 qoe=   0.0 qoe_q= -165.7 eps=0.973 loss=0.0679
[ep   28] soldier      static_B_2019.12.16_13.40.04.csv@1802  reward= -312.12 qoe=   0.0 qoe_q= -157.5 eps=0.972 loss=0.0853
[ep   29] longdress    static_B_2020.02.13_13.57.29.csv@2718  reward= -205.82 qoe=   0.0 qoe_q= -123.7 eps=0.971 loss=0.0751
[ep   30] loot         static_B_2020.02.27_18.39.27.csv@1188  reward= -294.03 qoe=   0.0 qoe_q= -148.5 eps=0.970 loss=0.0815
[ep   31] redandblack  static_B_2020.02.13_13.57.29.csv@2298  reward= -189.35 qoe=   0.0 qoe_q= -125.3 eps=0.969 loss=0.0657
[ep   32] soldier      static_B_2020.02.27_18.39.27.csv@48    reward= -102.07 qoe=   0.0 qoe_q= -101.6 eps=0.968 loss=0.0756
[ep   33] longdress    static_B_2020.02.14_13.21.26.csv@764   reward=  -58.56 qoe=   0.0 qoe_q=  -83.6 eps=0.967 loss=0.0796
[ep   34] loot         static_B_2019.12.16_13.40.04.csv@542   reward= -255.39 qoe=   0.0 qoe_q= -130.8 eps=0.966 loss=0.0713
[ep   35] redandblack  static_B_2019.12.16_13.40.04.csv@1502  reward= -260.36 qoe=   0.0 qoe_q= -172.3 eps=0.965 loss=0.0792
[ep   36] soldier      static_B_2019.12.16_13.40.04.csv@1682  reward= -180.06 qoe=   0.0 qoe_q= -118.6 eps=0.964 loss=0.0654
[ep   37] longdress    static_B_2019.12.16_13.40.04.csv@482   reward= -198.71 qoe=   0.0 qoe_q= -142.4 eps=0.963 loss=0.0626
[ep   38] loot         static_B_2020.02.27_18.39.27.csv@348   reward= -233.44 qoe=   0.0 qoe_q= -156.4 eps=0.962 loss=0.0843
[ep   39] redandblack  static_B_2020.02.14_13.21.26.csv@824   reward=  -88.27 qoe=   0.0 qoe_q=  -93.3 eps=0.961 loss=0.0735
[ep   40] soldier      static_B_2020.02.13_13.57.29.csv@1638  reward= -478.71 qoe=   0.0 qoe_q= -216.2 eps=0.960 loss=0.0687
[ep   41] longdress    static_B_2020.02.13_13.57.29.csv@198   reward= -428.34 qoe=   0.0 qoe_q= -184.0 eps=0.959 loss=0.0788
[ep   42] loot         static_B_2019.12.16_13.40.04.csv@422   reward= -286.57 qoe=   0.0 qoe_q= -150.0 eps=0.958 loss=0.0937
[ep   43] redandblack  static_B_2020.02.14_13.21.26.csv@164   reward= -143.15 qoe=   0.0 qoe_q= -112.5 eps=0.957 loss=0.0754
[ep   44] soldier      static_B_2020.02.13_13.57.29.csv@2238  reward= -383.49 qoe=   0.0 qoe_q= -179.5 eps=0.956 loss=0.0724
[ep   45] longdress    static_B_2020.02.13_13.57.29.csv@2658  reward= -102.21 qoe=   0.0 qoe_q=  -98.2 eps=0.955 loss=0.0686
[ep   46] loot         static_B_2020.02.27_18.39.27.csv@5148  reward= -165.46 qoe=   0.0 qoe_q= -115.4 eps=0.954 loss=0.0794
[ep   47] redandblack  static_B_2020.02.13_13.57.29.csv@18    reward=  -96.53 qoe=   0.0 qoe_q=  -91.5 eps=0.953 loss=0.0695
[ep   48] soldier      static_B_2020.02.13_13.57.29.csv@858   reward= -417.41 qoe=   0.0 qoe_q= -183.8 eps=0.952 loss=0.0864
[ep   49] longdress    static_B_2019.12.16_13.40.04.csv@62    reward= -177.73 qoe=   0.0 qoe_q= -113.0 eps=0.951 loss=0.0832
[ep   50] loot         static_B_2020.02.13_13.57.29.csv@1878  reward= -711.73 qoe=   0.0 qoe_q= -261.4 eps=0.950 loss=0.0891
[ep   51] redandblack  static_B_2020.02.27_18.39.27.csv@1428  reward=  -83.32 qoe=   0.0 qoe_q=  -97.2 eps=0.949 loss=0.0882
[ep   52] soldier      static_B_2020.02.27_18.39.27.csv@4908  reward= -306.21 qoe=   0.0 qoe_q= -148.8 eps=0.948 loss=0.0775
[ep   53] longdress    static_B_2020.02.13_13.57.29.csv@1818  reward= -299.37 qoe=   0.0 qoe_q= -143.1 eps=0.947 loss=0.0870
[ep   54] loot         static_B_2019.12.16_13.40.04.csv@182   reward= -180.16 qoe=   0.0 qoe_q= -121.2 eps=0.946 loss=0.0734
[ep   55] redandblack  static_B_2020.02.13_13.57.29.csv@1698  reward= -307.51 qoe=   0.0 qoe_q= -163.5 eps=0.945 loss=0.0887
[ep   56] soldier      static_B_2020.02.13_13.57.29.csv@1398  reward= -462.12 qoe=   0.0 qoe_q= -209.4 eps=0.944 loss=0.0859
[ep   57] longdress    static_B_2020.02.13_13.57.29.csv@2418  reward=-1420.44 qoe=   0.0 qoe_q= -473.2 eps=0.943 loss=0.0859
[ep   58] loot         static_B_2020.02.13_13.57.29.csv@1938  reward= -588.49 qoe=   0.0 qoe_q= -233.5 eps=0.942 loss=0.0847
[ep   59] redandblack  static_B_2020.02.27_18.39.27.csv@4788  reward=  -82.20 qoe=   0.0 qoe_q=  -93.6 eps=0.941 loss=0.0834
[ep   60] soldier      static_B_2020.02.14_13.21.26.csv@104   reward= -273.83 qoe=   0.0 qoe_q= -145.1 eps=0.940 loss=0.0813
[ep   61] longdress    static_B_2020.02.27_18.39.27.csv@2208  reward=  -93.31 qoe=   0.0 qoe_q=  -88.4 eps=0.939 loss=0.0898
[ep   62] loot         static_B_2020.02.13_13.57.29.csv@1998  reward= -159.11 qoe=   0.0 qoe_q= -141.2 eps=0.938 loss=0.0752
[ep   63] redandblack  static_B_2020.02.27_18.39.27.csv@5628  reward= -355.13 qoe=   0.0 qoe_q= -165.5 eps=0.937 loss=0.0741
[ep   64] soldier      static_B_2020.02.13_13.57.29.csv@258   reward= -173.08 qoe=   0.0 qoe_q= -112.1 eps=0.936 loss=0.0851
[ep   65] longdress    static_B_2020.02.27_18.39.27.csv@1908  reward= -106.04 qoe=   0.0 qoe_q=  -94.3 eps=0.935 loss=0.0856
[ep   66] loot         static_B_2020.02.27_18.39.27.csv@5448  reward= -117.97 qoe=   0.0 qoe_q=  -99.7 eps=0.934 loss=0.0869
[ep   67] redandblack  static_B_2020.02.13_13.57.29.csv@2778  reward= -282.85 qoe=   0.0 qoe_q= -144.7 eps=0.933 loss=0.0782
[ep   68] soldier      static_B_2019.12.16_13.40.04.csv@1322  reward= -234.10 qoe=   0.0 qoe_q= -137.1 eps=0.932 loss=0.0807
[ep   69] longdress    static_B_2020.02.27_18.39.27.csv@3948  reward=  -74.66 qoe=   0.0 qoe_q=  -89.8 eps=0.931 loss=0.0847
[ep   70] loot         static_B_2019.12.16_13.40.04.csv@1382  reward= -584.50 qoe=   0.0 qoe_q= -227.8 eps=0.930 loss=0.0870
[ep   71] redandblack  static_B_2019.12.16_13.40.04.csv@362   reward= -182.96 qoe=   0.0 qoe_q= -107.9 eps=0.929 loss=0.0791
[ep   72] soldier      static_B_2020.02.13_13.57.29.csv@618   reward= -581.90 qoe=   0.0 qoe_q= -224.4 eps=0.928 loss=0.0841
[ep   73] longdress    static_B_2020.02.13_13.57.29.csv@978   reward=-1473.13 qoe=   0.0 qoe_q= -468.6 eps=0.927 loss=0.0846
[ep   74] loot         static_B_2020.02.27_18.39.27.csv@4308  reward=  -61.38 qoe=   0.0 qoe_q=  -87.9 eps=0.926 loss=0.0875
[ep   75] redandblack  static_B_2020.02.13_13.57.29.csv@1098  reward= -187.70 qoe=   0.0 qoe_q= -122.4 eps=0.925 loss=0.0764
[ep   76] soldier      static_B_2020.02.27_18.39.27.csv@228   reward= -150.13 qoe=   0.0 qoe_q= -110.8 eps=0.924 loss=0.0833
[ep   77] longdress    static_B_2020.02.27_18.39.27.csv@5688  reward=  -98.73 qoe=   0.0 qoe_q=  -82.9 eps=0.923 loss=0.0970
[ep   78] loot         static_B_2020.02.14_13.21.26.csv@344   reward= -113.89 qoe=   0.0 qoe_q=  -96.7 eps=0.922 loss=0.0871
[ep   79] redandblack  static_B_2020.02.27_18.39.27.csv@2268  reward=  -98.45 qoe=   0.0 qoe_q=  -92.3 eps=0.921 loss=0.0985
[ep   80] soldier      static_B_2020.02.27_18.39.27.csv@2508  reward= -106.44 qoe=   0.0 qoe_q= -108.2 eps=0.920 loss=0.0756
[ep   81] longdress    static_B_2020.02.27_18.39.27.csv@3828  reward= -546.56 qoe=   0.0 qoe_q= -245.7 eps=0.919 loss=0.0878
[ep   82] loot         static_B_2020.02.13_13.57.29.csv@1038  reward= -135.41 qoe=   0.0 qoe_q= -107.8 eps=0.918 loss=0.0700
[ep   83] redandblack  static_B_2020.02.27_18.39.27.csv@2988  reward= -215.17 qoe=   0.0 qoe_q= -127.4 eps=0.917 loss=0.0871
[ep   84] soldier      static_B_2020.02.27_18.39.27.csv@888   reward= -208.75 qoe=   0.0 qoe_q= -122.9 eps=0.916 loss=0.0774
[ep   85] longdress    static_B_2020.02.27_18.39.27.csv@5508  reward= -142.55 qoe=   0.0 qoe_q=  -99.1 eps=0.915 loss=0.0811
[ep   86] loot         static_B_2020.02.27_18.39.27.csv@2748  reward=  -85.33 qoe=   0.0 qoe_q= -100.1 eps=0.914 loss=0.0858
[ep   87] redandblack  static_B_2020.02.13_13.57.29.csv@918   reward= -260.49 qoe=   0.0 qoe_q= -149.5 eps=0.913 loss=0.0917
[ep   88] soldier      static_B_2020.02.27_18.39.27.csv@5028  reward= -204.38 qoe=   0.0 qoe_q= -130.8 eps=0.912 loss=0.0819
[ep   89] longdress    static_B_2020.02.13_13.57.29.csv@1458  reward= -325.56 qoe=   0.0 qoe_q= -148.3 eps=0.911 loss=0.1000
[ep   90] loot         static_B_2020.02.14_13.21.26.csv@284   reward=  -82.21 qoe=   0.0 qoe_q=  -87.4 eps=0.910 loss=0.0922
[ep   91] redandblack  static_B_2019.12.16_13.40.04.csv@1904  reward=  -77.89 qoe=   0.0 qoe_q=  -98.0 eps=0.909 loss=0.0834
[ep   92] soldier      static_B_2020.02.13_13.57.29.csv@1758  reward= -498.90 qoe=   0.0 qoe_q= -217.9 eps=0.909 loss=0.0789
[ep   93] longdress    static_B_2020.02.27_18.39.27.csv@408   reward=  -92.12 qoe=   0.0 qoe_q=  -96.2 eps=0.908 loss=0.1124
[ep   94] loot         static_B_2020.02.14_13.21.26.csv@404   reward= -141.68 qoe=   0.0 qoe_q= -105.8 eps=0.907 loss=0.0865
[ep   95] redandblack  static_B_2020.02.27_18.39.27.csv@1308  reward= -242.10 qoe=   0.0 qoe_q= -127.7 eps=0.906 loss=0.0849
[ep   96] soldier      static_B_2020.02.13_13.57.29.csv@558   reward= -265.73 qoe=   0.0 qoe_q= -141.4 eps=0.905 loss=0.0787
[ep   97] longdress    static_B_2019.12.16_13.40.04.csv@122   reward= -105.49 qoe=   0.0 qoe_q= -101.7 eps=0.904 loss=0.0895
[ep   98] loot         static_B_2020.02.27_18.39.27.csv@2568  reward= -372.42 qoe=   0.0 qoe_q= -167.6 eps=0.903 loss=0.0957
[ep   99] redandblack  static_B_2020.02.27_18.39.27.csv@1128  reward= -505.51 qoe=   0.0 qoe_q= -192.0 eps=0.902 loss=0.0863
[ep  100] soldier      static_B_2020.02.27_18.39.27.csv@4968  reward= -188.09 qoe=   0.0 qoe_q= -121.8 eps=0.901 loss=0.0946
    [eval @ ep 100] reward=-164.44 qoe=0.0 qoe_q=-28.6 mean_q=0.950 stall=28.1s  <-- best (saved)
[ep  101] longdress    static_B_2020.02.27_18.39.27.csv@528   reward=-1575.10 qoe=   0.0 qoe_q= -500.7 eps=0.900 loss=0.0922
[ep  102] loot         static_B_2019.12.16_13.40.04.csv@2     reward= -156.06 qoe=   0.0 qoe_q= -102.5 eps=0.899 loss=0.0807
[ep  103] redandblack  static_B_2020.02.27_18.39.27.csv@3048  reward= -144.59 qoe=   0.0 qoe_q= -107.0 eps=0.898 loss=0.0752
[ep  104] soldier      static_B_2020.02.27_18.39.27.csv@5268  reward= -109.18 qoe=   0.0 qoe_q= -103.9 eps=0.897 loss=0.0723
[ep  105] longdress    static_B_2020.02.27_18.39.27.csv@3228  reward= -192.74 qoe=   0.0 qoe_q= -132.1 eps=0.896 loss=0.0886
[ep  106] loot         static_B_2020.02.13_13.57.29.csv@1338  reward= -147.01 qoe=   0.0 qoe_q= -110.9 eps=0.895 loss=0.0805
[ep  107] redandblack  static_B_2020.02.13_13.57.29.csv@1218  reward= -132.33 qoe=   0.0 qoe_q= -120.3 eps=0.894 loss=0.0851
[ep  108] soldier      static_B_2020.02.27_18.39.27.csv@2148  reward=  -94.14 qoe=   0.0 qoe_q= -100.4 eps=0.893 loss=0.0855
[ep  109] longdress    static_B_2020.02.14_13.21.26.csv@224   reward=  -76.17 qoe=   0.0 qoe_q=  -84.3 eps=0.892 loss=0.0916
[ep  110] loot         static_B_2019.12.16_13.40.04.csv@782   reward= -121.02 qoe=   0.0 qoe_q= -119.9 eps=0.891 loss=0.0900
[ep  111] redandblack  static_B_2020.02.27_18.39.27.csv@4428  reward= -101.30 qoe=   0.0 qoe_q=  -92.5 eps=0.890 loss=0.0723
[ep  112] soldier      static_B_2020.02.27_18.39.27.csv@168   reward= -145.48 qoe=   0.0 qoe_q= -115.0 eps=0.889 loss=0.0823
[ep  113] longdress    static_B_2020.02.13_13.57.29.csv@2358  reward= -343.64 qoe=   0.0 qoe_q= -161.1 eps=0.888 loss=0.0891
[ep  114] loot         static_B_2020.02.27_18.39.27.csv@4008  reward= -161.52 qoe=   0.0 qoe_q= -114.6 eps=0.887 loss=0.0880
[ep  115] redandblack  static_B_2020.02.14_13.21.26.csv@524   reward=  -91.39 qoe=   0.0 qoe_q=  -97.5 eps=0.886 loss=0.0743
[ep  116] soldier      static_B_2020.02.14_13.21.26.csv@44    reward=  -63.64 qoe=   0.0 qoe_q=  -85.9 eps=0.885 loss=0.0838
[ep  117] longdress    static_B_2020.02.27_18.39.27.csv@1668  reward= -166.50 qoe=   0.0 qoe_q= -114.4 eps=0.884 loss=0.0902
[ep  118] loot         static_B_2019.12.16_13.40.04.csv@662   reward=  -68.81 qoe=   0.0 qoe_q=  -93.4 eps=0.883 loss=0.0843
[ep  119] redandblack  static_B_2020.02.13_13.57.29.csv@2898  reward= -401.76 qoe=   0.0 qoe_q= -181.0 eps=0.882 loss=0.0920
[ep  120] soldier      static_B_2020.02.27_18.39.27.csv@3648  reward= -306.57 qoe=   0.0 qoe_q= -146.7 eps=0.881 loss=0.0808
[ep  121] longdress    static_B_2020.02.27_18.39.27.csv@4728  reward= -251.66 qoe=   0.0 qoe_q= -137.4 eps=0.880 loss=0.0723
[ep  122] loot         static_B_2020.02.27_18.39.27.csv@5388  reward= -106.62 qoe=   0.0 qoe_q= -104.1 eps=0.879 loss=0.0880
[ep  123] redandblack  static_B_2020.02.27_18.39.27.csv@4068  reward=  -81.77 qoe=   0.0 qoe_q=  -99.9 eps=0.878 loss=0.0769
[ep  124] soldier      static_B_2020.02.13_13.57.29.csv@2598  reward= -234.90 qoe=   0.0 qoe_q= -138.0 eps=0.877 loss=0.0744
[ep  125] longdress    static_B_2020.02.13_13.57.29.csv@1158  reward= -218.95 qoe=   0.0 qoe_q= -131.5 eps=0.876 loss=0.0807
[ep  126] loot         static_B_2020.02.27_18.39.27.csv@1368  reward= -213.65 qoe=   0.0 qoe_q= -146.4 eps=0.875 loss=0.0790
[ep  127] redandblack  static_B_2020.02.13_13.57.29.csv@1578  reward=  -72.01 qoe=   0.0 qoe_q=  -96.8 eps=0.874 loss=0.0847
[ep  128] soldier      static_B_2019.12.16_13.40.04.csv@602   reward= -468.85 qoe=   0.0 qoe_q= -199.6 eps=0.873 loss=0.0807
[ep  129] longdress    static_B_2020.02.27_18.39.27.csv@4848  reward= -182.60 qoe=   0.0 qoe_q= -108.0 eps=0.872 loss=0.0676
[ep  130] loot         static_B_2020.02.14_13.21.26.csv@464   reward=  -79.80 qoe=   0.0 qoe_q=  -95.1 eps=0.871 loss=0.0936
[ep  131] redandblack  static_B_2020.02.27_18.39.27.csv@4188  reward= -636.49 qoe=   0.0 qoe_q= -257.3 eps=0.870 loss=0.0861
[ep  132] soldier      static_B_2020.02.13_13.57.29.csv@2538  reward= -351.66 qoe=   0.0 qoe_q= -163.1 eps=0.869 loss=0.0759
[ep  133] longdress    static_B_2019.12.16_13.40.04.csv@1742  reward= -363.61 qoe=   0.0 qoe_q= -173.1 eps=0.868 loss=0.0930
[ep  134] loot         static_B_2019.12.16_13.40.04.csv@1082  reward=-2557.44 qoe=   0.0 qoe_q= -761.0 eps=0.867 loss=0.0781
[ep  135] redandblack  static_B_2020.02.27_18.39.27.csv@3408  reward= -104.48 qoe=   0.0 qoe_q= -108.1 eps=0.866 loss=0.0703
[ep  136] soldier      static_B_2020.02.27_18.39.27.csv@5742  reward= -356.31 qoe=   0.0 qoe_q= -164.2 eps=0.865 loss=0.0844
[ep  137] longdress    static_B_2020.02.13_13.57.29.csv@2058  reward= -114.39 qoe=   0.0 qoe_q=  -92.7 eps=0.864 loss=0.0766
[ep  138] loot         static_B_2020.02.27_18.39.27.csv@3588  reward= -187.49 qoe=   0.0 qoe_q= -122.0 eps=0.863 loss=0.0868
[ep  139] redandblack  static_B_2020.02.13_13.57.29.csv@2838  reward= -335.08 qoe=   0.0 qoe_q= -148.5 eps=0.862 loss=0.0873
[ep  140] soldier      static_B_2019.12.16_13.40.04.csv@1202  reward= -265.75 qoe=   0.0 qoe_q= -146.8 eps=0.861 loss=0.0853
[ep  141] longdress    static_B_2020.02.27_18.39.27.csv@4128  reward=  -64.33 qoe=   0.0 qoe_q=  -86.8 eps=0.860 loss=0.0780
[ep  142] loot         static_B_2020.02.27_18.39.27.csv@5328  reward= -253.28 qoe=   0.0 qoe_q= -143.7 eps=0.859 loss=0.0782
[ep  143] redandblack  static_B_2020.02.27_18.39.27.csv@708   reward= -544.99 qoe=   0.0 qoe_q= -211.0 eps=0.858 loss=0.0777
[ep  144] soldier      static_B_2020.02.27_18.39.27.csv@2088  reward= -150.56 qoe=   0.0 qoe_q= -119.9 eps=0.857 loss=0.0857
[ep  145] longdress    static_B_2020.02.27_18.39.27.csv@2688  reward= -184.86 qoe=   0.0 qoe_q= -120.0 eps=0.856 loss=0.0923
[ep  146] loot         static_B_2020.02.13_13.57.29.csv@2945  reward= -243.23 qoe=   0.0 qoe_q= -137.3 eps=0.855 loss=0.0986
[ep  147] redandblack  static_B_2020.02.27_18.39.27.csv@1008  reward= -175.79 qoe=   0.0 qoe_q= -121.1 eps=0.854 loss=0.0882
[ep  148] soldier      static_B_2020.02.27_18.39.27.csv@4368  reward= -385.32 qoe=   0.0 qoe_q= -181.4 eps=0.853 loss=0.0740
[ep  149] longdress    static_B_2020.02.27_18.39.27.csv@3348  reward=  -55.76 qoe=   0.0 qoe_q=  -78.4 eps=0.852 loss=0.0871
[ep  150] loot         static_B_2020.02.27_18.39.27.csv@2928  reward=  -80.03 qoe=   0.0 qoe_q=  -87.4 eps=0.851 loss=0.0932
[ep  151] redandblack  static_B_2019.12.16_13.40.04.csv@1562  reward= -109.14 qoe=   0.0 qoe_q=  -93.6 eps=0.850 loss=0.0706
[ep  152] soldier      static_B_2020.02.27_18.39.27.csv@1968  reward= -161.32 qoe=   0.0 qoe_q= -114.8 eps=0.849 loss=0.0738
[ep  153] longdress    static_B_2019.12.16_13.40.04.csv@1142  reward= -284.38 qoe=   0.0 qoe_q= -137.4 eps=0.848 loss=0.0813
[ep  154] loot         static_B_2020.02.13_13.57.29.csv@2178  reward= -223.06 qoe=   0.0 qoe_q= -126.2 eps=0.847 loss=0.0872
[ep  155] redandblack  static_B_2020.02.13_13.57.29.csv@2478  reward= -213.17 qoe=   0.0 qoe_q= -146.8 eps=0.846 loss=0.0775
[ep  156] soldier      static_B_2020.02.13_13.57.29.csv@498   reward= -257.47 qoe=   0.0 qoe_q= -148.2 eps=0.845 loss=0.0856
[ep  157] longdress    static_B_2020.02.27_18.39.27.csv@3468  reward= -283.22 qoe=   0.0 qoe_q= -137.4 eps=0.844 loss=0.0871
[ep  158] loot         static_B_2020.02.13_13.57.29.csv@798   reward= -272.67 qoe=   0.0 qoe_q= -143.3 eps=0.843 loss=0.0847
[ep  159] redandblack  static_B_2019.12.16_13.40.04.csv@902   reward= -484.86 qoe=   0.0 qoe_q= -194.3 eps=0.842 loss=0.0906
[ep  160] soldier      static_B_2020.02.27_18.39.27.csv@2868  reward= -120.86 qoe=   0.0 qoe_q= -104.1 eps=0.841 loss=0.0858
[ep  161] longdress    static_B_2019.12.16_13.40.04.csv@722   reward= -480.30 qoe=   0.0 qoe_q= -185.3 eps=0.840 loss=0.0726
[ep  162] loot         static_B_2019.12.16_13.40.04.csv@962   reward= -194.65 qoe=   0.0 qoe_q= -130.8 eps=0.839 loss=0.0790
[ep  163] redandblack  static_B_2020.02.27_18.39.27.csv@4488  reward=  -94.99 qoe=   0.0 qoe_q=  -83.6 eps=0.838 loss=0.0885
[ep  164] soldier      static_B_2020.02.13_13.57.29.csv@738   reward= -444.25 qoe=   0.0 qoe_q= -191.2 eps=0.837 loss=0.0900
[ep  165] longdress    static_B_2020.02.27_18.39.27.csv@5088  reward=  -63.08 qoe=   0.0 qoe_q=  -80.9 eps=0.836 loss=0.0874
[ep  166] loot         static_B_2020.02.13_13.57.29.csv@2118  reward= -171.90 qoe=   0.0 qoe_q= -116.2 eps=0.835 loss=0.0874
[ep  167] redandblack  static_B_2020.02.27_18.39.27.csv@1728  reward= -296.81 qoe=   0.0 qoe_q= -149.4 eps=0.834 loss=0.0827
[ep  168] soldier      static_B_2020.02.27_18.39.27.csv@3108  reward= -634.74 qoe=   0.0 qoe_q= -257.9 eps=0.833 loss=0.0840
[ep  169] longdress    static_B_2020.02.14_13.21.26.csv@850   reward= -235.91 qoe=   0.0 qoe_q= -125.4 eps=0.832 loss=0.0846
[ep  170] loot         static_B_2019.12.16_13.40.04.csv@1904  reward=  -45.24 qoe=   0.0 qoe_q=  -76.5 eps=0.831 loss=0.0910
[ep  171] redandblack  static_B_2020.02.27_18.39.27.csv@1548  reward= -110.17 qoe=   0.0 qoe_q=  -99.9 eps=0.830 loss=0.0976
[ep  172] soldier      static_B_2020.02.27_18.39.27.csv@5208  reward= -400.81 qoe=   0.0 qoe_q= -189.4 eps=0.829 loss=0.0806
[ep  173] longdress    static_B_2020.02.13_13.57.29.csv@438   reward= -372.99 qoe=   0.0 qoe_q= -161.5 eps=0.828 loss=0.0859
[ep  174] loot         static_B_2020.02.27_18.39.27.csv@5568  reward= -194.75 qoe=   0.0 qoe_q= -137.1 eps=0.827 loss=0.0912
[ep  175] redandblack  static_B_2020.02.13_13.57.29.csv@318   reward= -219.17 qoe=   0.0 qoe_q= -117.8 eps=0.826 loss=0.0956
[ep  176] soldier      static_B_2020.02.14_13.21.26.csv@704   reward=  -68.30 qoe=   0.0 qoe_q=  -89.8 eps=0.825 loss=0.0839
[ep  177] longdress    static_B_2019.12.16_13.40.04.csv@1862  reward=-1247.33 qoe=   0.0 qoe_q= -406.2 eps=0.824 loss=0.0895
[ep  178] loot         static_B_2019.12.16_13.40.04.csv@1622  reward= -247.15 qoe=   0.0 qoe_q= -130.2 eps=0.823 loss=0.0823
[ep  179] redandblack  static_B_2019.12.16_13.40.04.csv@842   reward= -342.45 qoe=   0.0 qoe_q= -148.3 eps=0.822 loss=0.0778
[ep  180] soldier      static_B_2020.02.13_13.57.29.csv@678   reward= -776.05 qoe=   0.0 qoe_q= -293.9 eps=0.821 loss=0.1036
[ep  181] longdress    static_B_2020.02.14_13.21.26.csv@850   reward= -239.99 qoe=   0.0 qoe_q= -130.9 eps=0.820 loss=0.0753
[ep  182] loot         static_B_2020.02.27_18.39.27.csv@648   reward=  -94.89 qoe=   0.0 qoe_q=  -89.3 eps=0.819 loss=0.0959
[ep  183] redandblack  static_B_2020.02.27_18.39.27.csv@2388  reward=  -60.71 qoe=   0.0 qoe_q=  -82.1 eps=0.818 loss=0.0778
[ep  184] soldier      static_B_2020.02.27_18.39.27.csv@3528  reward= -226.47 qoe=   0.0 qoe_q= -125.6 eps=0.817 loss=0.0962
[ep  185] longdress    static_B_2020.02.14_13.21.26.csv@644   reward= -112.79 qoe=   0.0 qoe_q=  -98.5 eps=0.816 loss=0.0813
[ep  186] loot         static_B_2020.02.27_18.39.27.csv@2808  reward=  -80.24 qoe=   0.0 qoe_q=  -87.3 eps=0.815 loss=0.0825
[ep  187] redandblack  static_B_2020.02.27_18.39.27.csv@588   reward=  -60.92 qoe=   0.0 qoe_q=  -88.3 eps=0.814 loss=0.1048
[ep  188] soldier      static_B_2020.02.27_18.39.27.csv@1848  reward= -230.91 qoe=   0.0 qoe_q= -139.2 eps=0.813 loss=0.1041
[ep  189] longdress    static_B_2019.12.16_13.40.04.csv@242   reward= -542.35 qoe=   0.0 qoe_q= -214.1 eps=0.812 loss=0.0967
[ep  190] loot         static_B_2020.02.27_18.39.27.csv@3288  reward=  -30.46 qoe=   0.0 qoe_q=  -70.4 eps=0.811 loss=0.0819
[ep  191] redandblack  static_B_2020.02.27_18.39.27.csv@1608  reward= -473.50 qoe=   0.0 qoe_q= -196.7 eps=0.810 loss=0.0886
[ep  192] soldier      static_B_2020.02.27_18.39.27.csv@3168  reward=-1177.22 qoe=   0.0 qoe_q= -380.1 eps=0.809 loss=0.0871
[ep  193] longdress    static_B_2020.02.27_18.39.27.csv@948   reward=  -74.82 qoe=   0.0 qoe_q=  -83.0 eps=0.808 loss=0.0766
[ep  194] loot         static_B_2019.12.16_13.40.04.csv@1442  reward= -159.23 qoe=   0.0 qoe_q= -107.9 eps=0.807 loss=0.0881
[ep  195] redandblack  static_B_2020.02.27_18.39.27.csv@4668  reward=-1085.20 qoe=   0.0 qoe_q= -349.3 eps=0.806 loss=0.0756
[ep  196] soldier      static_B_2020.02.27_18.39.27.csv@4248  reward=  -56.92 qoe=   0.0 qoe_q=  -78.2 eps=0.805 loss=0.1006
[ep  197] longdress    static_B_2020.02.14_13.21.26.csv@584   reward=  -43.61 qoe=   0.0 qoe_q=  -69.7 eps=0.804 loss=0.0925
[ep  198] loot         static_B_2020.02.27_18.39.27.csv@1068  reward= -163.23 qoe=   0.0 qoe_q= -109.5 eps=0.803 loss=0.0898
[ep  199] redandblack  static_B_2020.02.13_13.57.29.csv@138   reward= -229.63 qoe=   0.0 qoe_q= -135.5 eps=0.802 loss=0.0849
[ep  200] loot         static_B_2020.02.27_18.39.27.csv@4613  reward= -128.45 qoe=   0.0 qoe_q= -110.4 eps=0.801 loss=0.0896
    [eval @ ep 200] reward=-200.25 qoe=0.0 qoe_q=-47.4 mean_q=0.946 stall=29.8s
[ep  201] redandblack  static_B_2019.12.16_13.40.04.csv@284   reward= -206.30 qoe=   0.0 qoe_q= -120.1 eps=0.800 loss=0.1099
[ep  202] soldier      static_B_2020.02.27_18.39.27.csv@2933  reward= -143.26 qoe=   0.0 qoe_q= -107.9 eps=0.799 loss=0.0937
[ep  203] longdress    static_B_2020.02.14_13.21.26.csv@437   reward=  -43.86 qoe=   0.0 qoe_q=  -61.1 eps=0.798 loss=0.0877
[ep  204] loot         static_B_2019.12.16_13.40.04.csv@1724  reward= -528.47 qoe=   0.0 qoe_q= -200.0 eps=0.797 loss=0.0824
[ep  205] redandblack  static_B_2020.02.13_13.57.29.csv@479   reward= -366.90 qoe=   0.0 qoe_q= -161.4 eps=0.796 loss=0.0850
[ep  206] soldier      static_B_2020.02.13_13.57.29.csv@2459  reward= -354.56 qoe=   0.0 qoe_q= -170.5 eps=0.795 loss=0.0850
[ep  207] longdress    static_B_2020.02.27_18.39.27.csv@713   reward= -576.62 qoe=   0.0 qoe_q= -228.4 eps=0.794 loss=0.0950
[ep  208] loot         static_B_2020.02.27_18.39.27.csv@4073  reward=  -68.82 qoe=   0.0 qoe_q=  -87.4 eps=0.793 loss=0.1003
[ep  209] redandblack  static_B_2020.02.27_18.39.27.csv@1853  reward= -200.83 qoe=   0.0 qoe_q= -120.6 eps=0.792 loss=0.0820
[ep  210] soldier      static_B_2019.12.16_13.40.04.csv@644   reward= -220.54 qoe=   0.0 qoe_q= -133.5 eps=0.791 loss=0.0811
[ep  211] longdress    static_B_2019.12.16_13.40.04.csv@1904  reward=  -48.39 qoe=   0.0 qoe_q=  -79.7 eps=0.790 loss=0.0918
[ep  212] loot         static_B_2020.02.27_18.39.27.csv@3233  reward= -197.69 qoe=   0.0 qoe_q= -141.6 eps=0.789 loss=0.0841
[ep  213] redandblack  static_B_2020.02.13_13.57.29.csv@1079  reward= -307.32 qoe=   0.0 qoe_q= -154.1 eps=0.788 loss=0.0955
[ep  214] soldier      static_B_2020.02.14_13.21.26.csv@677   reward=  -89.76 qoe=   0.0 qoe_q=  -93.1 eps=0.787 loss=0.0888
[ep  215] longdress    static_B_2020.02.27_18.39.27.csv@3533  reward= -236.49 qoe=   0.0 qoe_q= -119.7 eps=0.786 loss=0.0828
[ep  216] loot         static_B_2020.02.27_18.39.27.csv@113   reward= -175.13 qoe=   0.0 qoe_q= -125.0 eps=0.785 loss=0.0851
[ep  217] redandblack  static_B_2019.12.16_13.40.04.csv@524   reward= -197.89 qoe=   0.0 qoe_q= -148.0 eps=0.784 loss=0.0874
[ep  218] soldier      static_B_2020.02.27_18.39.27.csv@2873  reward= -108.09 qoe=   0.0 qoe_q=  -88.9 eps=0.783 loss=0.0874
[ep  219] longdress    static_B_2020.02.13_13.57.29.csv@1139  reward= -241.58 qoe=   0.0 qoe_q= -127.8 eps=0.782 loss=0.0968
[ep  220] loot         static_B_2020.02.13_13.57.29.csv@2945  reward= -246.70 qoe=   0.0 qoe_q= -141.1 eps=0.781 loss=0.0938
[ep  221] redandblack  static_B_2020.02.27_18.39.27.csv@1673  reward= -111.43 qoe=   0.0 qoe_q=  -90.9 eps=0.780 loss=0.0937
[ep  222] soldier      static_B_2020.02.14_13.21.26.csv@737   reward=  -60.70 qoe=   0.0 qoe_q=  -87.3 eps=0.779 loss=0.0768
[ep  223] longdress    static_B_2020.02.27_18.39.27.csv@2753  reward=  -76.80 qoe=   0.0 qoe_q=  -84.2 eps=0.778 loss=0.0907
[ep  224] loot         static_B_2020.02.27_18.39.27.csv@2093  reward=  -72.19 qoe=   0.0 qoe_q=  -87.5 eps=0.777 loss=0.0860
[ep  225] redandblack  static_B_2020.02.27_18.39.27.csv@1193  reward=  -81.79 qoe=   0.0 qoe_q=  -99.0 eps=0.776 loss=0.0791
[ep  226] soldier      static_B_2020.02.27_18.39.27.csv@893   reward= -196.41 qoe=   0.0 qoe_q= -122.8 eps=0.775 loss=0.0818
[ep  227] longdress    static_B_2020.02.27_18.39.27.csv@5633  reward= -356.15 qoe=   0.0 qoe_q= -165.1 eps=0.774 loss=0.0914
[ep  228] loot         static_B_2020.02.27_18.39.27.csv@53    reward=  -47.55 qoe=   0.8 qoe_q=  -82.0 eps=0.773 loss=0.0785
[ep  229] redandblack  static_B_2020.02.13_13.57.29.csv@719   reward= -391.38 qoe=   0.0 qoe_q= -172.7 eps=0.772 loss=0.0863
[ep  230] soldier      static_B_2020.02.13_13.57.29.csv@659   reward= -474.17 qoe=   0.0 qoe_q= -200.1 eps=0.771 loss=0.0839
[ep  231] longdress    static_B_2020.02.13_13.57.29.csv@539   reward= -250.43 qoe=   0.0 qoe_q= -130.7 eps=0.770 loss=0.0933
[ep  232] loot         static_B_2020.02.27_18.39.27.csv@2213  reward= -174.63 qoe=   0.0 qoe_q= -117.0 eps=0.769 loss=0.0900
[ep  233] redandblack  static_B_2020.02.13_13.57.29.csv@2819  reward= -335.69 qoe=   0.0 qoe_q= -151.7 eps=0.768 loss=0.0950
[ep  234] soldier      static_B_2019.12.16_13.40.04.csv@884   reward= -525.28 qoe=   0.0 qoe_q= -231.9 eps=0.767 loss=0.0965
[ep  235] longdress    static_B_2020.02.14_13.21.26.csv@797   reward= -303.43 qoe=   0.0 qoe_q= -146.5 eps=0.766 loss=0.0949
[ep  236] loot         static_B_2020.02.27_18.39.27.csv@4013  reward= -166.67 qoe=   0.0 qoe_q= -113.0 eps=0.765 loss=0.0983
[ep  237] redandblack  static_B_2019.12.16_13.40.04.csv@224   reward= -488.73 qoe=   0.0 qoe_q= -213.7 eps=0.764 loss=0.0935
[ep  238] soldier      static_B_2020.02.27_18.39.27.csv@4433  reward= -102.91 qoe=   0.0 qoe_q=  -90.3 eps=0.763 loss=0.0873
[ep  239] longdress    static_B_2020.02.27_18.39.27.csv@2153  reward= -112.52 qoe=   0.0 qoe_q=  -93.6 eps=0.762 loss=0.0843
[ep  240] loot         static_B_2019.12.16_13.40.04.csv@464   reward=-1413.64 qoe=   0.0 qoe_q= -446.5 eps=0.761 loss=0.0922
[ep  241] redandblack  static_B_2020.02.27_18.39.27.csv@1553  reward= -125.61 qoe=   0.0 qoe_q=  -90.6 eps=0.760 loss=0.0975
[ep  242] soldier      static_B_2020.02.27_18.39.27.csv@1313  reward= -227.98 qoe=   0.0 qoe_q= -134.3 eps=0.759 loss=0.1068
[ep  243] longdress    static_B_2020.02.14_13.21.26.csv@257   reward= -142.85 qoe=   0.0 qoe_q=  -97.4 eps=0.758 loss=0.0862
[ep  244] loot         static_B_2020.02.13_13.57.29.csv@419   reward=  -93.33 qoe=   0.0 qoe_q=  -95.5 eps=0.757 loss=0.0897
[ep  245] redandblack  static_B_2020.02.27_18.39.27.csv@293   reward= -160.41 qoe=   0.0 qoe_q= -106.4 eps=0.756 loss=0.0908
[ep  246] soldier      static_B_2020.02.13_13.57.29.csv@2639  reward=  -43.12 qoe=   0.0 qoe_q=  -64.8 eps=0.755 loss=0.0758
[ep  247] longdress    static_B_2019.12.16_13.40.04.csv@1244  reward= -430.13 qoe=   0.0 qoe_q= -188.5 eps=0.754 loss=0.0952
[ep  248] loot         static_B_2020.02.27_18.39.27.csv@2453  reward=  -87.63 qoe=   0.0 qoe_q=  -84.8 eps=0.753 loss=0.0862
[ep  249] redandblack  static_B_2020.02.27_18.39.27.csv@1793  reward=-1222.15 qoe=   0.0 qoe_q= -382.6 eps=0.752 loss=0.1032
[ep  250] soldier      static_B_2020.02.27_18.39.27.csv@5393  reward=  -56.13 qoe=   0.0 qoe_q=  -77.0 eps=0.751 loss=0.0829
[ep  251] longdress    static_B_2019.12.16_13.40.04.csv@1304  reward= -240.59 qoe=   0.0 qoe_q= -134.5 eps=0.750 loss=0.0759
[ep  252] loot         static_B_2020.02.27_18.39.27.csv@1973  reward= -112.81 qoe=   0.0 qoe_q=  -91.6 eps=0.749 loss=0.1006
[ep  253] redandblack  static_B_2019.12.16_13.40.04.csv@344   reward= -286.51 qoe=   0.0 qoe_q= -144.1 eps=0.748 loss=0.0813
[ep  254] soldier      static_B_2019.12.16_13.40.04.csv@44    reward= -234.57 qoe=   0.0 qoe_q= -131.4 eps=0.747 loss=0.0969
[ep  255] longdress    static_B_2020.02.27_18.39.27.csv@473   reward= -108.61 qoe=   0.0 qoe_q=  -93.8 eps=0.746 loss=0.0837
[ep  256] loot         static_B_2020.02.27_18.39.27.csv@2033  reward= -178.41 qoe=   0.0 qoe_q= -105.5 eps=0.745 loss=0.0904
[ep  257] redandblack  static_B_2020.02.27_18.39.27.csv@2573  reward=  -61.12 qoe=   0.0 qoe_q=  -82.1 eps=0.744 loss=0.0849
[ep  258] soldier      static_B_2020.02.27_18.39.27.csv@4733  reward= -211.73 qoe=   0.0 qoe_q= -129.2 eps=0.743 loss=0.0958
[ep  259] longdress    static_B_2020.02.27_18.39.27.csv@593   reward=  -45.01 qoe=   0.0 qoe_q=  -74.4 eps=0.742 loss=0.0925
[ep  260] loot         static_B_2020.02.13_13.57.29.csv@59    reward= -641.94 qoe=   0.0 qoe_q= -240.2 eps=0.741 loss=0.0844
[ep  261] redandblack  static_B_2020.02.13_13.57.29.csv@2219  reward= -199.68 qoe=   0.0 qoe_q= -117.5 eps=0.740 loss=0.0892
[ep  262] soldier      static_B_2020.02.27_18.39.27.csv@3113  reward= -685.87 qoe=   0.0 qoe_q= -265.9 eps=0.739 loss=0.0908
[ep  263] longdress    static_B_2019.12.16_13.40.04.csv@704   reward=  -96.71 qoe=   0.0 qoe_q=  -84.3 eps=0.738 loss=0.0935
[ep  264] loot         static_B_2020.02.27_18.39.27.csv@5453  reward= -123.89 qoe=   0.0 qoe_q= -100.1 eps=0.737 loss=0.0957
[ep  265] redandblack  static_B_2019.12.16_13.40.04.csv@1604  reward=  -61.89 qoe=   0.0 qoe_q=  -85.4 eps=0.736 loss=0.0911
[ep  266] soldier      static_B_2020.02.13_13.57.29.csv@2339  reward= -210.40 qoe=   0.0 qoe_q= -123.6 eps=0.735 loss=0.0912
[ep  267] longdress    static_B_2020.02.27_18.39.27.csv@5573  reward= -222.26 qoe=   0.0 qoe_q= -115.2 eps=0.734 loss=0.0940
[ep  268] loot         static_B_2019.12.16_13.40.04.csv@584   reward=  -68.33 qoe=   0.0 qoe_q=  -83.3 eps=0.733 loss=0.0818
[ep  269] redandblack  static_B_2020.02.13_13.57.29.csv@1679  reward= -501.23 qoe=   0.0 qoe_q= -189.8 eps=0.732 loss=0.1007
[ep  270] soldier      static_B_2020.02.13_13.57.29.csv@1739  reward= -714.96 qoe=   0.0 qoe_q= -254.6 eps=0.731 loss=0.0926
[ep  271] longdress    static_B_2019.12.16_13.40.04.csv@104   reward=  -63.66 qoe=   0.0 qoe_q=  -85.6 eps=0.730 loss=0.0992
[ep  272] loot         static_B_2020.02.14_13.21.26.csv@317   reward=  -22.49 qoe=   0.0 qoe_q=  -63.2 eps=0.729 loss=0.0866
[ep  273] redandblack  static_B_2020.02.13_13.57.29.csv@2159  reward= -256.66 qoe=   0.0 qoe_q= -122.7 eps=0.728 loss=0.0796
[ep  274] soldier      static_B_2020.02.27_18.39.27.csv@1733  reward= -204.72 qoe=   0.0 qoe_q= -137.5 eps=0.727 loss=0.0926
[ep  275] longdress    static_B_2020.02.13_13.57.29.csv@2279  reward=  -84.72 qoe=   0.0 qoe_q=  -90.5 eps=0.727 loss=0.1103
[ep  276] loot         static_B_2020.02.13_13.57.29.csv@1499  reward= -158.26 qoe=   0.0 qoe_q= -106.8 eps=0.726 loss=0.1058
[ep  277] redandblack  static_B_2020.02.13_13.57.29.csv@1379  reward= -237.48 qoe=   0.0 qoe_q= -128.0 eps=0.725 loss=0.1060
[ep  278] soldier      static_B_2020.02.27_18.39.27.csv@5742  reward= -260.25 qoe=   0.0 qoe_q= -130.3 eps=0.724 loss=0.0830
[ep  279] longdress    static_B_2020.02.27_18.39.27.csv@3473  reward= -301.65 qoe=   0.0 qoe_q= -142.3 eps=0.723 loss=0.0903
[ep  280] loot         static_B_2020.02.27_18.39.27.csv@4973  reward=  -55.66 qoe=   0.0 qoe_q=  -72.8 eps=0.722 loss=0.0932
[ep  281] redandblack  static_B_2020.02.27_18.39.27.csv@3953  reward=  -43.69 qoe=   0.0 qoe_q=  -70.4 eps=0.721 loss=0.0889
[ep  282] soldier      static_B_2020.02.13_13.57.29.csv@1979  reward= -222.54 qoe=   0.0 qoe_q= -116.5 eps=0.720 loss=0.1005
[ep  283] longdress    static_B_2020.02.27_18.39.27.csv@5033  reward= -218.44 qoe=   0.0 qoe_q= -129.0 eps=0.719 loss=0.0891
[ep  284] loot         static_B_2020.02.27_18.39.27.csv@4913  reward= -219.83 qoe=   0.0 qoe_q= -125.8 eps=0.718 loss=0.0860
[ep  285] redandblack  static_B_2019.12.16_13.40.04.csv@764   reward= -106.10 qoe=   0.0 qoe_q= -101.5 eps=0.717 loss=0.0945
[ep  286] soldier      static_B_2020.02.14_13.21.26.csv@617   reward=  -43.45 qoe=   0.0 qoe_q=  -72.6 eps=0.716 loss=0.0745
[ep  287] longdress    static_B_2020.02.27_18.39.27.csv@233   reward= -124.16 qoe=   0.0 qoe_q=  -90.9 eps=0.715 loss=0.0830
[ep  288] loot         static_B_2020.02.27_18.39.27.csv@3833  reward= -402.78 qoe=   0.0 qoe_q= -182.5 eps=0.714 loss=0.0912
[ep  289] redandblack  static_B_2020.02.27_18.39.27.csv@3053  reward= -142.39 qoe=   0.0 qoe_q= -107.2 eps=0.713 loss=0.1035
[ep  290] soldier      static_B_2020.02.14_13.21.26.csv@557   reward= -124.41 qoe=   0.0 qoe_q=  -99.6 eps=0.712 loss=0.0844
[ep  291] longdress    static_B_2020.02.27_18.39.27.csv@4313  reward= -181.99 qoe=   0.0 qoe_q= -111.6 eps=0.711 loss=0.0989
[ep  292] loot         static_B_2020.02.27_18.39.27.csv@2513  reward=  -46.81 qoe=   0.0 qoe_q=  -82.0 eps=0.710 loss=0.0891
[ep  293] redandblack  static_B_2020.02.27_18.39.27.csv@3173  reward=-1265.07 qoe=   0.0 qoe_q= -409.2 eps=0.709 loss=0.0898
[ep  294] soldier      static_B_2019.12.16_13.40.04.csv@824   reward= -157.26 qoe=   0.0 qoe_q= -133.8 eps=0.708 loss=0.0829
[ep  295] longdress    static_B_2019.12.16_13.40.04.csv@1904  reward=  -41.76 qoe=   0.0 qoe_q=  -73.5 eps=0.707 loss=0.0945
[ep  296] loot         static_B_2020.02.27_18.39.27.csv@953   reward=  -96.17 qoe=   0.0 qoe_q=  -90.6 eps=0.706 loss=0.0874
[ep  297] redandblack  static_B_2020.02.27_18.39.27.csv@1133  reward= -326.92 qoe=   0.0 qoe_q= -150.2 eps=0.705 loss=0.0934
[ep  298] soldier      static_B_2020.02.13_13.57.29.csv@959   reward=-1682.95 qoe=   0.0 qoe_q= -527.3 eps=0.704 loss=0.0852
[ep  299] longdress    static_B_2020.02.13_13.57.29.csv@1799  reward= -479.19 qoe=   0.0 qoe_q= -187.4 eps=0.703 loss=0.0755
[ep  300] loot         static_B_2019.12.16_13.40.04.csv@1904  reward=  -11.04 qoe=   0.0 qoe_q=  -53.5 eps=0.702 loss=0.0862
    [eval @ ep 300] reward=-195.28 qoe=0.0 qoe_q=-47.8 mean_q=0.858 stall=27.5s
[ep  301] redandblack  static_B_2019.12.16_13.40.04.csv@1484  reward= -119.85 qoe=   0.0 qoe_q=  -87.8 eps=0.701 loss=0.0984
[ep  302] soldier      static_B_2020.02.27_18.39.27.csv@173   reward=  -88.68 qoe=   0.0 qoe_q=  -87.5 eps=0.700 loss=0.0945
[ep  303] longdress    static_B_2020.02.27_18.39.27.csv@2273  reward= -128.12 qoe=   0.0 qoe_q= -104.4 eps=0.699 loss=0.1036
[ep  304] loot         static_B_2020.02.13_13.57.29.csv@1859  reward= -904.11 qoe=   0.0 qoe_q= -307.7 eps=0.698 loss=0.1022
[ep  305] redandblack  static_B_2020.02.27_18.39.27.csv@5213  reward= -304.83 qoe=   0.0 qoe_q= -148.4 eps=0.697 loss=0.0920
[ep  306] soldier      static_B_2020.02.27_18.39.27.csv@2333  reward=-1655.57 qoe=   0.0 qoe_q= -517.5 eps=0.696 loss=0.0829
[ep  307] longdress    static_B_2020.02.14_13.21.26.csv@197   reward= -153.74 qoe=   0.0 qoe_q= -134.4 eps=0.695 loss=0.0859
[ep  308] loot         static_B_2020.02.27_18.39.27.csv@3593  reward=  -47.18 qoe=   0.0 qoe_q=  -79.0 eps=0.694 loss=0.0950
[ep  309] redandblack  static_B_2019.12.16_13.40.04.csv@1064  reward= -216.28 qoe=   0.0 qoe_q= -121.4 eps=0.693 loss=0.0944
[ep  310] soldier      static_B_2020.02.27_18.39.27.csv@3653  reward= -246.11 qoe=   0.0 qoe_q= -130.7 eps=0.692 loss=0.0903
[ep  311] longdress    static_B_2019.12.16_13.40.04.csv@1184  reward= -286.33 qoe=   0.0 qoe_q= -150.0 eps=0.691 loss=0.0901
[ep  312] loot         static_B_2020.02.14_13.21.26.csv@850   reward= -207.93 qoe=   0.0 qoe_q= -118.2 eps=0.690 loss=0.0898
[ep  313] redandblack  static_B_2020.02.27_18.39.27.csv@4133  reward=  -18.90 qoe=   0.0 qoe_q=  -60.8 eps=0.689 loss=0.0912
[ep  314] soldier      static_B_2020.02.27_18.39.27.csv@2633  reward= -669.03 qoe=   0.0 qoe_q= -254.4 eps=0.688 loss=0.0939
[ep  315] longdress    static_B_2020.02.27_18.39.27.csv@1493  reward= -256.71 qoe=   0.0 qoe_q= -126.0 eps=0.687 loss=0.0908
[ep  316] loot         static_B_2019.12.16_13.40.04.csv@1424  reward= -234.30 qoe=   0.0 qoe_q= -117.6 eps=0.686 loss=0.0906
[ep  317] redandblack  static_B_2020.02.27_18.39.27.csv@3713  reward=  -69.86 qoe=   0.0 qoe_q=  -79.3 eps=0.685 loss=0.0891
[ep  318] soldier      static_B_2020.02.27_18.39.27.csv@5513  reward= -120.94 qoe=   0.0 qoe_q=  -91.2 eps=0.684 loss=0.1079
[ep  319] longdress    static_B_2020.02.13_13.57.29.csv@2039  reward=  -69.56 qoe=   0.0 qoe_q=  -69.2 eps=0.683 loss=0.0983
[ep  320] loot         static_B_2020.02.13_13.57.29.csv@239   reward=  -29.58 qoe=   0.0 qoe_q=  -69.3 eps=0.682 loss=0.0960
[ep  321] redandblack  static_B_2020.02.13_13.57.29.csv@2519  reward= -125.03 qoe=   0.0 qoe_q=  -93.1 eps=0.681 loss=0.0963
[ep  322] soldier      static_B_2020.02.27_18.39.27.csv@353   reward= -404.66 qoe=   0.0 qoe_q= -170.9 eps=0.680 loss=0.1009
[ep  323] longdress    static_B_2019.12.16_13.40.04.csv@1844  reward=-1360.50 qoe=   0.0 qoe_q= -426.3 eps=0.679 loss=0.0970
[ep  324] loot         static_B_2020.02.13_13.57.29.csv@1319  reward= -200.84 qoe=   0.0 qoe_q= -106.2 eps=0.678 loss=0.0923
[ep  325] redandblack  static_B_2020.02.27_18.39.27.csv@5093  reward=  -34.87 qoe=   0.0 qoe_q=  -65.9 eps=0.677 loss=0.0977
[ep  326] soldier      static_B_2020.02.13_13.57.29.csv@839   reward= -217.27 qoe=   0.0 qoe_q= -127.2 eps=0.676 loss=0.0938
[ep  327] longdress    static_B_2020.02.13_13.57.29.csv@779   reward= -264.77 qoe=   0.0 qoe_q= -133.9 eps=0.675 loss=0.0995
[ep  328] loot         static_B_2020.02.27_18.39.27.csv@2993  reward= -100.62 qoe=   0.0 qoe_q=  -77.3 eps=0.674 loss=0.0856
[ep  329] redandblack  static_B_2020.02.13_13.57.29.csv@1619  reward=  -92.18 qoe=   0.0 qoe_q=  -76.0 eps=0.673 loss=0.0895
[ep  330] soldier      static_B_2020.02.27_18.39.27.csv@5273  reward=  -23.65 qoe=   0.0 qoe_q=  -59.5 eps=0.672 loss=0.0990
[ep  331] longdress    static_B_2020.02.13_13.57.29.csv@2759  reward= -369.10 qoe=   0.0 qoe_q= -168.0 eps=0.671 loss=0.0993
[ep  332] loot         static_B_2020.02.13_13.57.29.csv@2945  reward= -214.24 qoe=   0.0 qoe_q= -118.0 eps=0.670 loss=0.0962
[ep  333] redandblack  static_B_2020.02.27_18.39.27.csv@833   reward=  -53.40 qoe=   0.0 qoe_q=  -80.3 eps=0.669 loss=0.0846
[ep  334] soldier      static_B_2020.02.14_13.21.26.csv@850   reward= -219.17 qoe=   0.0 qoe_q= -122.4 eps=0.668 loss=0.0985
[ep  335] longdress    static_B_2019.12.16_13.40.04.csv@1544  reward= -186.22 qoe=   0.0 qoe_q= -105.2 eps=0.667 loss=0.1054
[ep  336] loot         static_B_2020.02.14_13.21.26.csv@497   reward=  -25.83 qoe=   0.0 qoe_q=  -63.4 eps=0.666 loss=0.0978
[ep  337] redandblack  static_B_2020.02.14_13.21.26.csv@17    reward= -376.65 qoe=   0.0 qoe_q= -162.2 eps=0.665 loss=0.0893
[ep  338] soldier      static_B_2020.02.14_13.21.26.csv@377   reward= -179.31 qoe=   0.0 qoe_q= -113.9 eps=0.664 loss=0.0848
[ep  339] longdress    static_B_2020.02.13_13.57.29.csv@2939  reward= -239.07 qoe=   0.0 qoe_q= -115.6 eps=0.663 loss=0.0973
[ep  340] loot         static_B_2019.12.16_13.40.04.csv@1784  reward= -334.03 qoe=   0.0 qoe_q= -147.0 eps=0.662 loss=0.1009
[ep  341] redandblack  static_B_2020.02.13_13.57.29.csv@119   reward= -399.41 qoe=   0.0 qoe_q= -160.4 eps=0.661 loss=0.0996
[ep  342] soldier      static_B_2020.02.27_18.39.27.csv@1613  reward= -454.08 qoe=   0.0 qoe_q= -194.3 eps=0.660 loss=0.0929
[ep  343] longdress    static_B_2020.02.13_13.57.29.csv@2099  reward= -344.70 qoe=   0.0 qoe_q= -161.6 eps=0.659 loss=0.0945
[ep  344] loot         static_B_2020.02.27_18.39.27.csv@4673  reward= -926.92 qoe=   0.0 qoe_q= -319.0 eps=0.658 loss=0.0877
[ep  345] redandblack  static_B_2020.02.27_18.39.27.csv@1013  reward= -206.04 qoe=   0.0 qoe_q= -115.7 eps=0.657 loss=0.1019
[ep  346] soldier      static_B_2020.02.14_13.21.26.csv@137   reward= -214.19 qoe=   0.0 qoe_q= -107.7 eps=0.656 loss=0.0955
[ep  347] longdress    static_B_2019.12.16_13.40.04.csv@1004  reward= -228.45 qoe=   0.0 qoe_q= -129.1 eps=0.655 loss=0.0911
[ep  348] loot         static_B_2020.02.27_18.39.27.csv@5693  reward=  -43.91 qoe=   0.0 qoe_q=  -76.9 eps=0.654 loss=0.1022
[ep  349] redandblack  static_B_2020.02.27_18.39.27.csv@413   reward=  -46.03 qoe=   0.0 qoe_q=  -71.6 eps=0.653 loss=0.1030
[ep  350] soldier      static_B_2020.02.27_18.39.27.csv@1073  reward= -324.45 qoe=   0.0 qoe_q= -145.4 eps=0.652 loss=0.0930
[ep  351] longdress    static_B_2020.02.27_18.39.27.csv@4493  reward= -146.28 qoe=   0.0 qoe_q= -101.1 eps=0.651 loss=0.0977
[ep  352] loot         static_B_2020.02.13_13.57.29.csv@599   reward= -300.90 qoe=   0.0 qoe_q= -142.2 eps=0.650 loss=0.0815
[ep  353] redandblack  static_B_2020.02.13_13.57.29.csv@1919  reward= -138.36 qoe=   0.0 qoe_q= -117.0 eps=0.649 loss=0.0870
[ep  354] soldier      static_B_2019.12.16_13.40.04.csv@944   reward= -388.78 qoe=   0.0 qoe_q= -170.7 eps=0.648 loss=0.0985
[ep  355] longdress    static_B_2020.02.27_18.39.27.csv@4193  reward= -687.82 qoe=   0.0 qoe_q= -248.1 eps=0.647 loss=0.0963
[ep  356] loot         static_B_2020.02.27_18.39.27.csv@4373  reward= -346.91 qoe=   0.0 qoe_q= -163.1 eps=0.646 loss=0.0909
[ep  357] redandblack  static_B_2020.02.13_13.57.29.csv@1019  reward= -179.81 qoe=   0.0 qoe_q= -108.3 eps=0.645 loss=0.1062
[ep  358] soldier      static_B_2020.02.13_13.57.29.csv@899   reward= -293.74 qoe=   0.0 qoe_q= -144.5 eps=0.644 loss=0.0964
[ep  359] longdress    static_B_2020.02.13_13.57.29.csv@1559  reward= -395.79 qoe=   0.0 qoe_q= -167.6 eps=0.643 loss=0.0924
[ep  360] loot         static_B_2019.12.16_13.40.04.csv@1364  reward=-1009.78 qoe=   0.0 qoe_q= -350.3 eps=0.642 loss=0.1030
[ep  361] redandblack  static_B_2019.12.16_13.40.04.csv@1664  reward= -134.09 qoe=   0.0 qoe_q=  -86.3 eps=0.641 loss=0.1007
[ep  362] soldier      static_B_2019.12.16_13.40.04.csv@404   reward= -396.24 qoe=   0.0 qoe_q= -169.5 eps=0.640 loss=0.0934
[ep  363] longdress    static_B_2020.02.27_18.39.27.csv@3293  reward=  -39.37 qoe=   0.0 qoe_q=  -60.6 eps=0.639 loss=0.0923
[ep  364] loot         static_B_2020.02.13_13.57.29.csv@359   reward= -295.88 qoe=   0.0 qoe_q= -144.7 eps=0.638 loss=0.1069
[ep  365] redandblack  static_B_2020.02.27_18.39.27.csv@5333  reward= -199.21 qoe=   0.0 qoe_q= -107.7 eps=0.637 loss=0.0918
[ep  366] soldier      static_B_2020.02.27_18.39.27.csv@3413  reward=  -76.87 qoe=   0.0 qoe_q=  -87.9 eps=0.636 loss=0.0970
[ep  367] longdress    static_B_2020.02.13_13.57.29.csv@1259  reward= -337.19 qoe=   0.0 qoe_q= -159.5 eps=0.635 loss=0.0928
[ep  368] loot         static_B_2020.02.27_18.39.27.csv@5742  reward= -294.52 qoe=   0.0 qoe_q= -126.3 eps=0.634 loss=0.0936
[ep  369] redandblack  static_B_2020.02.27_18.39.27.csv@2813  reward= -148.18 qoe=   0.0 qoe_q=  -99.0 eps=0.633 loss=0.0988
[ep  370] soldier      static_B_2020.02.27_18.39.27.csv@1913  reward=  -37.92 qoe=   0.0 qoe_q=  -72.2 eps=0.632 loss=0.0912
[ep  371] longdress    static_B_2020.02.27_18.39.27.csv@653   reward= -182.98 qoe=   0.0 qoe_q= -104.1 eps=0.631 loss=0.0958
[ep  372] loot         static_B_2020.02.27_18.39.27.csv@533   reward=-1449.41 qoe=   0.0 qoe_q= -451.1 eps=0.630 loss=0.1091
[ep  373] redandblack  static_B_2020.02.27_18.39.27.csv@3353  reward=  -64.57 qoe=   0.0 qoe_q=  -75.0 eps=0.629 loss=0.0912
[ep  374] soldier      static_B_2020.02.27_18.39.27.csv@4553  reward= -123.88 qoe=   0.0 qoe_q=  -95.8 eps=0.628 loss=0.1010
[ep  375] longdress    static_B_2020.02.27_18.39.27.csv@1433  reward= -118.55 qoe=   0.0 qoe_q=  -92.6 eps=0.627 loss=0.0915
[ep  376] loot         static_B_2020.02.27_18.39.27.csv@2393  reward=  -47.78 qoe=   0.0 qoe_q=  -75.4 eps=0.626 loss=0.1034
[ep  377] redandblack  static_B_2020.02.13_13.57.29.csv@2699  reward=  -87.38 qoe=   0.0 qoe_q=  -79.9 eps=0.625 loss=0.0885
[ep  378] soldier      static_B_2020.02.27_18.39.27.csv@4853  reward= -226.78 qoe=   0.0 qoe_q= -122.6 eps=0.624 loss=0.1047
[ep  379] longdress    static_B_2020.02.27_18.39.27.csv@5742  reward= -316.94 qoe=   0.0 qoe_q= -136.9 eps=0.623 loss=0.0979
[ep  380] loot         static_B_2020.02.13_13.57.29.csv@2579  reward= -418.06 qoe=   0.0 qoe_q= -172.6 eps=0.622 loss=0.0876
[ep  381] redandblack  static_B_2020.02.27_18.39.27.csv@773   reward= -127.92 qoe=   0.0 qoe_q=  -95.9 eps=0.621 loss=0.1032
[ep  382] soldier      static_B_2020.02.27_18.39.27.csv@4253  reward=  -43.55 qoe=   0.0 qoe_q=  -72.3 eps=0.620 loss=0.1064
[ep  383] longdress    static_B_2020.02.27_18.39.27.csv@2693  reward= -105.94 qoe=   0.0 qoe_q=  -76.3 eps=0.619 loss=0.1085
[ep  384] loot         static_B_2020.02.13_13.57.29.csv@2399  reward= -165.14 qoe=   0.0 qoe_q= -107.4 eps=0.618 loss=0.1035
[ep  385] redandblack  static_B_2020.02.13_13.57.29.csv@299   reward=   -9.07 qoe=   0.0 qoe_q=  -50.3 eps=0.617 loss=0.0990
[ep  386] soldier      static_B_2020.02.27_18.39.27.csv@3773  reward= -413.93 qoe=   0.0 qoe_q= -190.9 eps=0.616 loss=0.0990
[ep  387] longdress    static_B_2020.02.27_18.39.27.csv@1253  reward=   -9.05 qoe=   0.0 qoe_q=  -50.1 eps=0.615 loss=0.0967
[ep  388] loot         static_B_2020.02.13_13.57.29.csv@1199  reward= -110.69 qoe=   0.0 qoe_q=  -85.0 eps=0.614 loss=0.0932
[ep  389] redandblack  static_B_2020.02.27_18.39.27.csv@5153  reward= -133.72 qoe=   0.0 qoe_q=  -92.4 eps=0.613 loss=0.0857
[ep  390] soldier      static_B_2019.12.16_13.40.04.csv@164   reward=  -40.60 qoe=   0.0 qoe_q=  -62.9 eps=0.612 loss=0.0895
[ep  391] longdress    static_B_2020.02.13_13.57.29.csv@1439  reward= -410.95 qoe=   0.0 qoe_q= -167.8 eps=0.611 loss=0.1064
[ep  392] loot         static_B_2020.02.13_13.57.29.csv@2879  reward= -346.90 qoe=   0.0 qoe_q= -157.5 eps=0.610 loss=0.0971
[ep  393] redandblack  static_B_2020.02.13_13.57.29.csv@179   reward= -181.15 qoe=   0.0 qoe_q= -104.0 eps=0.609 loss=0.1019
[ep  394] soldier      static_B_2020.02.14_13.21.26.csv@77    reward=  -32.33 qoe=   0.0 qoe_q=  -71.8 eps=0.608 loss=0.0961
[ep  395] longdress    static_B_2020.02.27_18.39.27.csv@4793  reward=  -77.54 qoe=   0.0 qoe_q=  -75.9 eps=0.607 loss=0.0981
[ep  396] loot         static_B_2020.02.27_18.39.27.csv@1373  reward= -222.89 qoe=   0.0 qoe_q= -118.4 eps=0.606 loss=0.0957
[ep  397] redandblack  static_B_2019.12.16_13.40.04.csv@1124  reward=-2008.56 qoe=   0.0 qoe_q= -605.6 eps=0.605 loss=0.1025
[ep  398] soldier      static_B_2020.02.27_18.39.27.csv@3893  reward= -403.29 qoe=   0.0 qoe_q= -162.2 eps=0.604 loss=0.0932
[ep  399] redandblack  static_B_2020.02.27_18.39.27.csv@2068  reward=  -48.08 qoe=   0.0 qoe_q=  -68.3 eps=0.603 loss=0.1040
[ep  400] soldier      static_B_2020.02.27_18.39.27.csv@2968  reward= -185.58 qoe=   0.0 qoe_q=  -91.4 eps=0.602 loss=0.0979
    [eval @ ep 400] reward=-197.97 qoe=0.0 qoe_q=-59.1 mean_q=0.894 stall=27.5s
[ep  401] longdress    static_B_2020.02.27_18.39.27.csv@5728  reward= -168.10 qoe=   0.0 qoe_q= -102.4 eps=0.601 loss=0.0843
[ep  402] loot         static_B_2020.02.27_18.39.27.csv@2428  reward=  -26.77 qoe=   0.0 qoe_q=  -60.9 eps=0.600 loss=0.0901
[ep  403] redandblack  static_B_2020.02.27_18.39.27.csv@3508  reward= -241.33 qoe=   0.0 qoe_q= -117.3 eps=0.599 loss=0.1027
[ep  404] soldier      static_B_2020.02.13_13.57.29.csv@827   reward= -189.00 qoe=   0.0 qoe_q= -101.7 eps=0.598 loss=0.1054
[ep  405] longdress    static_B_2020.02.27_18.39.27.csv@1828  reward= -198.04 qoe=   0.0 qoe_q= -114.8 eps=0.597 loss=0.0874
[ep  406] loot         static_B_2020.02.14_13.21.26.csv@73    reward=  -45.22 qoe=   0.0 qoe_q=  -62.1 eps=0.596 loss=0.0917
[ep  407] redandblack  static_B_2020.02.27_18.39.27.csv@1228  reward=  -36.70 qoe=   0.0 qoe_q=  -65.2 eps=0.595 loss=0.0975
[ep  408] soldier      static_B_2020.02.13_13.57.29.csv@2627  reward= -198.23 qoe=   0.0 qoe_q=  -99.6 eps=0.594 loss=0.0955
[ep  409] longdress    static_B_2020.02.27_18.39.27.csv@268   reward= -106.18 qoe=   0.0 qoe_q=  -76.1 eps=0.593 loss=0.1031
[ep  410] loot         static_B_2020.02.27_18.39.27.csv@988   reward= -223.51 qoe=   0.0 qoe_q= -117.2 eps=0.592 loss=0.1005
[ep  411] redandblack  static_B_2020.02.13_13.57.29.csv@1607  reward=  -25.64 qoe=   0.0 qoe_q=  -48.7 eps=0.591 loss=0.0971
[ep  412] soldier      static_B_2020.02.27_18.39.27.csv@1348  reward= -162.40 qoe=   0.0 qoe_q= -107.9 eps=0.590 loss=0.1017
[ep  413] longdress    static_B_2020.02.14_13.21.26.csv@850   reward= -180.00 qoe=   0.0 qoe_q=  -90.9 eps=0.589 loss=0.1017
[ep  414] loot         static_B_2020.02.27_18.39.27.csv@4048  reward=  -27.74 qoe=   0.0 qoe_q=  -63.7 eps=0.588 loss=0.1005
[ep  415] redandblack  static_B_2020.02.27_18.39.27.csv@2608  reward=  -34.73 qoe=   0.0 qoe_q=  -50.9 eps=0.587 loss=0.1020
[ep  416] soldier      static_B_2019.12.16_13.40.04.csv@1537  reward= -196.21 qoe=   0.0 qoe_q= -107.6 eps=0.586 loss=0.0998
[ep  417] longdress    static_B_2020.02.13_13.57.29.csv@2507  reward= -136.15 qoe=   0.0 qoe_q=  -95.4 eps=0.585 loss=0.0968
[ep  418] loot         static_B_2020.02.27_18.39.27.csv@1108  reward= -212.00 qoe=   0.0 qoe_q= -116.7 eps=0.584 loss=0.1121
[ep  419] redandblack  static_B_2020.02.14_13.21.26.csv@253   reward=  -99.86 qoe=   0.0 qoe_q=  -77.0 eps=0.583 loss=0.0908
[ep  420] soldier      static_B_2019.12.16_13.40.04.csv@757   reward=  -47.99 qoe=   0.0 qoe_q=  -62.5 eps=0.582 loss=0.1116
[ep  421] longdress    static_B_2020.02.27_18.39.27.csv@5742  reward= -323.78 qoe=   0.0 qoe_q= -139.4 eps=0.581 loss=0.1050
[ep  422] loot         static_B_2020.02.14_13.21.26.csv@313   reward=  -74.79 qoe=   0.0 qoe_q=  -93.0 eps=0.580 loss=0.1030
[ep  423] redandblack  static_B_2020.02.13_13.57.29.csv@587   reward=  -82.79 qoe=   0.0 qoe_q=  -77.7 eps=0.579 loss=0.1019
[ep  424] soldier      static_B_2020.02.13_13.57.29.csv@2267  reward= -133.82 qoe=   0.0 qoe_q=  -91.8 eps=0.578 loss=0.0930
[ep  425] longdress    static_B_2020.02.13_13.57.29.csv@2447  reward=-1179.80 qoe=   0.0 qoe_q= -372.3 eps=0.577 loss=0.0983
[ep  426] loot         static_B_2020.02.27_18.39.27.csv@3568  reward= -350.89 qoe=   0.0 qoe_q= -156.5 eps=0.576 loss=0.1034
[ep  427] redandblack  static_B_2020.02.27_18.39.27.csv@4888  reward= -403.81 qoe=   0.0 qoe_q= -161.6 eps=0.575 loss=0.0969
[ep  428] soldier      static_B_2019.12.16_13.40.04.csv@1837  reward=-1129.89 qoe=   0.0 qoe_q= -426.6 eps=0.574 loss=0.1057
[ep  429] longdress    static_B_2020.02.13_13.57.29.csv@887   reward= -278.93 qoe=   0.0 qoe_q= -138.5 eps=0.573 loss=0.1057
[ep  430] loot         static_B_2020.02.27_18.39.27.csv@1708  reward= -129.81 qoe=   0.0 qoe_q= -105.6 eps=0.572 loss=0.1115
[ep  431] redandblack  static_B_2020.02.13_13.57.29.csv@2087  reward= -136.62 qoe=   0.0 qoe_q=  -83.3 eps=0.571 loss=0.1005
[ep  432] soldier      static_B_2020.02.27_18.39.27.csv@148   reward=  -31.03 qoe=   0.0 qoe_q=  -60.0 eps=0.570 loss=0.1009
[ep  433] longdress    static_B_2020.02.13_13.57.29.csv@1727  reward= -391.90 qoe=   0.0 qoe_q= -181.5 eps=0.569 loss=0.1031
[ep  434] loot         static_B_2020.02.27_18.39.27.csv@3328  reward= -299.54 qoe=   0.0 qoe_q= -130.0 eps=0.568 loss=0.1054
[ep  435] redandblack  static_B_2020.02.13_13.57.29.csv@2027  reward=  -42.08 qoe=   0.0 qoe_q=  -68.5 eps=0.567 loss=0.1045
[ep  436] soldier      static_B_2020.02.13_13.57.29.csv@1487  reward= -177.67 qoe=   0.0 qoe_q=  -95.8 eps=0.566 loss=0.0937
[ep  437] longdress    static_B_2020.02.27_18.39.27.csv@2548  reward= -511.44 qoe=   0.0 qoe_q= -185.6 eps=0.565 loss=0.0993
[ep  438] loot         static_B_2020.02.27_18.39.27.csv@4288  reward=    4.01 qoe=   0.0 qoe_q=  -39.4 eps=0.564 loss=0.1042
[ep  439] redandblack  static_B_2020.02.27_18.39.27.csv@328   reward= -691.14 qoe=   0.0 qoe_q= -236.7 eps=0.563 loss=0.0903
[ep  440] soldier      static_B_2019.12.16_13.40.04.csv@217   reward= -673.84 qoe=   0.0 qoe_q= -246.6 eps=0.562 loss=0.0979
[ep  441] longdress    static_B_2019.12.16_13.40.04.csv@697   reward=  -32.48 qoe=   0.0 qoe_q=  -60.2 eps=0.561 loss=0.1009
[ep  442] loot         static_B_2020.02.27_18.39.27.csv@4348  reward= -111.86 qoe=   0.0 qoe_q=  -86.8 eps=0.560 loss=0.0853
[ep  443] redandblack  static_B_2020.02.13_13.57.29.csv@2867  reward= -145.03 qoe=   0.0 qoe_q= -100.4 eps=0.559 loss=0.0964
[ep  444] soldier      static_B_2020.02.27_18.39.27.csv@2728  reward=  -29.23 qoe=   0.0 qoe_q=  -60.3 eps=0.558 loss=0.0963
[ep  445] longdress    static_B_2020.02.27_18.39.27.csv@808   reward=  -39.16 qoe=   0.0 qoe_q=  -53.9 eps=0.557 loss=0.0988
[ep  446] loot         static_B_2020.02.27_18.39.27.csv@388   reward=  -25.46 qoe=   0.0 qoe_q=  -57.0 eps=0.556 loss=0.0929
[ep  447] redandblack  static_B_2020.02.27_18.39.27.csv@5548  reward=  -48.05 qoe=   0.0 qoe_q=  -71.9 eps=0.555 loss=0.1071
[ep  448] soldier      static_B_2020.02.27_18.39.27.csv@5068  reward= -197.09 qoe=   0.0 qoe_q=  -98.1 eps=0.554 loss=0.0979
[ep  449] longdress    static_B_2019.12.16_13.40.04.csv@1237  reward= -265.95 qoe=   0.0 qoe_q= -135.2 eps=0.553 loss=0.0941
[ep  450] loot         static_B_2020.02.13_13.57.29.csv@107   reward= -282.64 qoe=   0.0 qoe_q= -128.0 eps=0.552 loss=0.0929
[ep  451] redandblack  static_B_2020.02.27_18.39.27.csv@3028  reward= -102.26 qoe=   0.0 qoe_q=  -71.1 eps=0.551 loss=0.1133
[ep  452] soldier      static_B_2020.02.14_13.21.26.csv@133   reward= -270.03 qoe=   0.0 qoe_q= -123.6 eps=0.550 loss=0.0898
[ep  453] longdress    static_B_2019.12.16_13.40.04.csv@1057  reward= -345.04 qoe=   0.0 qoe_q= -147.0 eps=0.549 loss=0.1067
[ep  454] loot         static_B_2019.12.16_13.40.04.csv@37    reward= -202.55 qoe=   0.0 qoe_q= -117.1 eps=0.548 loss=0.1039
[ep  455] redandblack  static_B_2020.02.13_13.57.29.csv@1967  reward= -341.43 qoe=   0.0 qoe_q= -146.8 eps=0.547 loss=0.1066
[ep  456] soldier      static_B_2020.02.27_18.39.27.csv@3208  reward= -136.21 qoe=   0.0 qoe_q=  -98.9 eps=0.546 loss=0.0989
[ep  457] longdress    static_B_2020.02.14_13.21.26.csv@433   reward= -136.62 qoe=   0.0 qoe_q=  -90.8 eps=0.545 loss=0.0950
[ep  458] loot         static_B_2020.02.13_13.57.29.csv@2387  reward= -132.15 qoe=   0.0 qoe_q=  -91.5 eps=0.544 loss=0.1117
[ep  459] redandblack  static_B_2020.02.27_18.39.27.csv@1288  reward= -134.38 qoe=   0.0 qoe_q=  -80.4 eps=0.544 loss=0.0901
[ep  460] soldier      static_B_2020.02.14_13.21.26.csv@193   reward= -120.96 qoe=   0.0 qoe_q=  -88.4 eps=0.543 loss=0.1017
[ep  461] longdress    static_B_2020.02.27_18.39.27.csv@3388  reward=   -2.91 qoe=   0.0 qoe_q=  -50.0 eps=0.542 loss=0.0976
[ep  462] loot         static_B_2020.02.13_13.57.29.csv@2945  reward= -200.69 qoe=   0.0 qoe_q= -109.7 eps=0.541 loss=0.0954
[ep  463] redandblack  static_B_2020.02.13_13.57.29.csv@647   reward= -350.54 qoe=   0.0 qoe_q= -146.4 eps=0.540 loss=0.1013
[ep  464] soldier      static_B_2019.12.16_13.40.04.csv@1477  reward= -101.95 qoe=   0.0 qoe_q=  -83.8 eps=0.539 loss=0.0969
[ep  465] longdress    static_B_2020.02.13_13.57.29.csv@227   reward= -114.17 qoe=   0.0 qoe_q=  -82.7 eps=0.538 loss=0.1020
[ep  466] loot         static_B_2019.12.16_13.40.04.csv@1297  reward= -116.17 qoe=   0.0 qoe_q=  -77.6 eps=0.537 loss=0.1050
[ep  467] redandblack  static_B_2019.12.16_13.40.04.csv@97    reward=  -45.57 qoe=   0.0 qoe_q=  -64.9 eps=0.536 loss=0.0965
[ep  468] soldier      static_B_2020.02.27_18.39.27.csv@2248  reward=  -60.51 qoe=   0.0 qoe_q=  -74.8 eps=0.535 loss=0.1072
[ep  469] longdress    static_B_2020.02.27_18.39.27.csv@5668  reward=  -12.73 qoe=   0.0 qoe_q=  -50.4 eps=0.534 loss=0.1024
[ep  470] loot         static_B_2020.02.27_18.39.27.csv@3268  reward= -237.40 qoe=   0.0 qoe_q= -115.0 eps=0.533 loss=0.0831
[ep  471] redandblack  static_B_2020.02.13_13.57.29.csv@947   reward= -506.32 qoe=   0.0 qoe_q= -194.5 eps=0.532 loss=0.1012
[ep  472] soldier      static_B_2019.12.16_13.40.04.csv@1904  reward=   -9.72 qoe=   0.0 qoe_q=  -54.9 eps=0.531 loss=0.1029
[ep  473] longdress    static_B_2020.02.27_18.39.27.csv@5128  reward=   -6.84 qoe=   0.0 qoe_q=  -46.1 eps=0.530 loss=0.1048
[ep  474] loot         static_B_2020.02.13_13.57.29.csv@2207  reward= -270.50 qoe=   0.0 qoe_q= -121.3 eps=0.529 loss=0.1016
[ep  475] redandblack  static_B_2020.02.14_13.21.26.csv@733   reward=  -27.15 qoe=   0.0 qoe_q=  -57.1 eps=0.528 loss=0.1000
[ep  476] soldier      static_B_2020.02.27_18.39.27.csv@4648  reward=-1283.47 qoe=   0.0 qoe_q= -411.6 eps=0.527 loss=0.1057
[ep  477] longdress    static_B_2020.02.13_13.57.29.csv@1907  reward=  -46.76 qoe=   0.0 qoe_q=  -58.0 eps=0.526 loss=0.1013
[ep  478] loot         static_B_2020.02.13_13.57.29.csv@2747  reward= -178.17 qoe=   0.0 qoe_q= -116.7 eps=0.525 loss=0.0970
[ep  479] redandblack  static_B_2020.02.13_13.57.29.csv@2945  reward= -205.81 qoe=   0.0 qoe_q= -109.6 eps=0.524 loss=0.0993
[ep  480] soldier      static_B_2020.02.27_18.39.27.csv@208   reward= -465.34 qoe=   0.0 qoe_q= -173.0 eps=0.523 loss=0.1038
[ep  481] longdress    static_B_2020.02.13_13.57.29.csv@467   reward= -248.58 qoe=   0.0 qoe_q= -124.3 eps=0.522 loss=0.1182
[ep  482] loot         static_B_2020.02.27_18.39.27.csv@5008  reward= -155.53 qoe=   0.0 qoe_q=  -87.9 eps=0.521 loss=0.0916
[ep  483] redandblack  static_B_2020.02.14_13.21.26.csv@793   reward= -216.75 qoe=   0.0 qoe_q=  -93.7 eps=0.520 loss=0.1031
[ep  484] soldier      static_B_2020.02.13_13.57.29.csv@1127  reward= -247.90 qoe=   0.0 qoe_q= -126.7 eps=0.519 loss=0.1084
[ep  485] longdress    static_B_2020.02.27_18.39.27.csv@4108  reward=  -33.60 qoe=   0.0 qoe_q=  -55.4 eps=0.518 loss=0.0964
[ep  486] loot         static_B_2020.02.27_18.39.27.csv@88    reward= -197.11 qoe=   0.0 qoe_q=  -98.3 eps=0.517 loss=0.0977
[ep  487] redandblack  static_B_2020.02.27_18.39.27.csv@3808  reward= -318.90 qoe=   0.0 qoe_q= -132.4 eps=0.516 loss=0.1030
[ep  488] soldier      static_B_2020.02.27_18.39.27.csv@1468  reward= -294.26 qoe=   0.0 qoe_q= -123.2 eps=0.515 loss=0.1098
[ep  489] longdress    static_B_2020.02.27_18.39.27.csv@1888  reward= -100.09 qoe=   0.0 qoe_q=  -76.3 eps=0.514 loss=0.1015
[ep  490] loot         static_B_2020.02.14_13.21.26.csv@13    reward= -342.51 qoe=   0.0 qoe_q= -147.2 eps=0.513 loss=0.0912
[ep  491] redandblack  static_B_2020.02.27_18.39.27.csv@5248  reward=   -0.81 qoe=   0.0 qoe_q=  -46.9 eps=0.512 loss=0.0999
[ep  492] soldier      static_B_2020.02.27_18.39.27.csv@2368  reward=-1028.85 qoe=   0.0 qoe_q= -329.8 eps=0.511 loss=0.0982
[ep  493] longdress    static_B_2020.02.27_18.39.27.csv@4168  reward= -302.35 qoe=   0.0 qoe_q= -136.0 eps=0.510 loss=0.0951
[ep  494] loot         static_B_2020.02.13_13.57.29.csv@1307  reward= -135.55 qoe=   0.0 qoe_q=  -90.2 eps=0.509 loss=0.1018
[ep  495] redandblack  static_B_2020.02.13_13.57.29.csv@1247  reward= -237.41 qoe=   0.0 qoe_q= -130.6 eps=0.508 loss=0.0959
[ep  496] soldier      static_B_2020.02.13_13.57.29.csv@1367  reward= -301.91 qoe=   0.0 qoe_q= -139.8 eps=0.507 loss=0.1090
[ep  497] longdress    static_B_2019.12.16_13.40.04.csv@817   reward=  -50.10 qoe=   0.0 qoe_q=  -59.8 eps=0.506 loss=0.1096
[ep  498] loot         static_B_2019.12.16_13.40.04.csv@1417  reward= -189.30 qoe=   0.0 qoe_q=  -99.6 eps=0.505 loss=0.1141
[ep  499] redandblack  static_B_2020.02.27_18.39.27.csv@5742  reward= -301.67 qoe=   0.0 qoe_q= -125.8 eps=0.504 loss=0.1017
[ep  500] soldier      static_B_2020.02.27_18.39.27.csv@928   reward=  -80.02 qoe=   0.0 qoe_q=  -68.0 eps=0.503 loss=0.1005
    [eval @ ep 500] reward=-236.90 qoe=0.0 qoe_q=-77.9 mean_q=0.868 stall=28.7s
[ep  501] longdress    static_B_2020.02.13_13.57.29.csv@1787  reward= -262.84 qoe=   0.0 qoe_q= -114.7 eps=0.502 loss=0.1049
[ep  502] loot         static_B_2019.12.16_13.40.04.csv@877   reward= -128.18 qoe=   0.0 qoe_q=  -76.1 eps=0.501 loss=0.1059
[ep  503] redandblack  static_B_2020.02.13_13.57.29.csv@167   reward= -180.96 qoe=   0.0 qoe_q=  -95.9 eps=0.500 loss=0.1018
[ep  504] soldier      static_B_2020.02.13_13.57.29.csv@1427  reward= -392.68 qoe=   0.0 qoe_q= -152.3 eps=0.499 loss=0.0949
[ep  505] longdress    static_B_2020.02.27_18.39.27.csv@2668  reward= -316.48 qoe=   0.0 qoe_q= -131.0 eps=0.498 loss=0.1039
[ep  506] loot         static_B_2020.02.13_13.57.29.csv@767   reward= -111.56 qoe=   0.0 qoe_q=  -82.7 eps=0.497 loss=0.0897
[ep  507] redandblack  static_B_2020.02.13_13.57.29.csv@527   reward= -215.39 qoe=   0.0 qoe_q= -101.7 eps=0.496 loss=0.1114
[ep  508] soldier      static_B_2020.02.13_13.57.29.csv@1187  reward= -187.94 qoe=   0.0 qoe_q=  -96.2 eps=0.495 loss=0.0979
[ep  509] longdress    static_B_2020.02.27_18.39.27.csv@1528  reward= -206.02 qoe=   0.0 qoe_q= -104.2 eps=0.494 loss=0.1196
[ep  510] loot         static_B_2020.02.27_18.39.27.csv@4468  reward=  -92.39 qoe=   0.0 qoe_q=  -72.2 eps=0.493 loss=0.1082
[ep  511] redandblack  static_B_2019.12.16_13.40.04.csv@1657  reward= -320.23 qoe=   0.0 qoe_q= -131.0 eps=0.492 loss=0.0988
[ep  512] soldier      static_B_2020.02.14_13.21.26.csv@553   reward=  -75.37 qoe=   0.0 qoe_q=  -77.4 eps=0.491 loss=0.1007
[ep  513] longdress    static_B_2020.02.27_18.39.27.csv@28    reward=  -43.69 qoe=   0.0 qoe_q=  -63.9 eps=0.490 loss=0.1065
[ep  514] loot         static_B_2020.02.27_18.39.27.csv@2128  reward=  -80.31 qoe=   0.0 qoe_q=  -69.2 eps=0.489 loss=0.0898
[ep  515] redandblack  static_B_2020.02.27_18.39.27.csv@5308  reward=  -60.96 qoe=   0.0 qoe_q=  -67.9 eps=0.488 loss=0.1008
[ep  516] soldier      static_B_2019.12.16_13.40.04.csv@637   reward= -187.06 qoe=   0.0 qoe_q=  -95.1 eps=0.487 loss=0.1104
[ep  517] longdress    static_B_2020.02.13_13.57.29.csv@407   reward= -154.91 qoe=   0.0 qoe_q=  -84.8 eps=0.486 loss=0.0960
[ep  518] loot         static_B_2020.02.14_13.21.26.csv@673   reward=  -27.37 qoe=   0.0 qoe_q=  -38.8 eps=0.485 loss=0.0984
[ep  519] redandblack  static_B_2020.02.13_13.57.29.csv@47    reward= -161.09 qoe=   0.0 qoe_q=  -88.9 eps=0.484 loss=0.0970
[ep  520] soldier      static_B_2020.02.27_18.39.27.csv@3928  reward=    4.48 qoe=   0.0 qoe_q=  -49.2 eps=0.483 loss=0.0989
[ep  521] longdress    static_B_2020.02.13_13.57.29.csv@287   reward= -160.92 qoe=   0.0 qoe_q=  -99.2 eps=0.482 loss=0.1053
[ep  522] loot         static_B_2020.02.13_13.57.29.csv@1007  reward= -147.47 qoe=   0.0 qoe_q=  -84.2 eps=0.481 loss=0.1067
[ep  523] redandblack  static_B_2020.02.27_18.39.27.csv@2788  reward=  -95.08 qoe=   0.0 qoe_q=  -64.3 eps=0.480 loss=0.1084
[ep  524] soldier      static_B_2020.02.27_18.39.27.csv@1168  reward=-1177.21 qoe=   0.0 qoe_q= -381.5 eps=0.479 loss=0.0960
[ep  525] longdress    static_B_2020.02.27_18.39.27.csv@2188  reward= -356.61 qoe=   0.0 qoe_q= -133.3 eps=0.478 loss=0.0957
[ep  526] loot         static_B_2020.02.27_18.39.27.csv@5428  reward= -130.06 qoe=   0.0 qoe_q=  -83.2 eps=0.477 loss=0.1010
[ep  527] redandblack  static_B_2020.02.13_13.57.29.csv@2687  reward=  -44.49 qoe=   0.0 qoe_q=  -57.6 eps=0.476 loss=0.1078
[ep  528] soldier      static_B_2020.02.27_18.39.27.csv@868   reward= -158.61 qoe=   0.0 qoe_q=  -94.1 eps=0.475 loss=0.1060
[ep  529] longdress    static_B_2020.02.27_18.39.27.csv@5368  reward=  -53.29 qoe=   0.0 qoe_q=  -50.8 eps=0.474 loss=0.1010
[ep  530] loot         static_B_2019.12.16_13.40.04.csv@397   reward= -123.02 qoe=   0.0 qoe_q=  -72.2 eps=0.473 loss=0.1009
[ep  531] redandblack  static_B_2020.02.13_13.57.29.csv@2567  reward= -327.69 qoe=   0.0 qoe_q= -147.6 eps=0.472 loss=0.1049
[ep  532] soldier      static_B_2020.02.27_18.39.27.csv@4708  reward= -175.04 qoe=   0.0 qoe_q=  -91.7 eps=0.471 loss=0.1013
[ep  533] longdress    static_B_2020.02.13_13.57.29.csv@2147  reward= -271.62 qoe=   0.0 qoe_q= -132.5 eps=0.470 loss=0.0896
[ep  534] loot         static_B_2020.02.27_18.39.27.csv@508   reward=  -75.45 qoe=   0.0 qoe_q=  -64.6 eps=0.469 loss=0.1025
[ep  535] redandblack  static_B_2020.02.27_18.39.27.csv@3088  reward= -267.15 qoe=   0.0 qoe_q= -128.7 eps=0.468 loss=0.1132
[ep  536] soldier      static_B_2019.12.16_13.40.04.csv@937   reward= -361.42 qoe=   0.0 qoe_q= -156.2 eps=0.467 loss=0.1011
[ep  537] longdress    static_B_2020.02.27_18.39.27.csv@3748  reward=   -2.28 qoe=   0.0 qoe_q=  -45.5 eps=0.466 loss=0.0956
[ep  538] loot         static_B_2019.12.16_13.40.04.csv@457   reward=-1413.64 qoe=   0.0 qoe_q= -429.2 eps=0.465 loss=0.1011
[ep  539] redandblack  static_B_2020.02.27_18.39.27.csv@3868  reward= -315.91 qoe=   0.0 qoe_q= -125.7 eps=0.464 loss=0.0985
[ep  540] soldier      static_B_2020.02.27_18.39.27.csv@5488  reward=  -99.02 qoe=   0.0 qoe_q=  -72.2 eps=0.463 loss=0.1047
[ep  541] longdress    static_B_2020.02.27_18.39.27.csv@2908  reward= -135.00 qoe=   0.0 qoe_q=  -88.6 eps=0.462 loss=0.1140
[ep  542] loot         static_B_2020.02.27_18.39.27.csv@2308  reward= -161.87 qoe=   0.0 qoe_q=  -76.1 eps=0.461 loss=0.0998
[ep  543] redandblack  static_B_2020.02.27_18.39.27.csv@448   reward= -110.59 qoe=   0.0 qoe_q=  -96.6 eps=0.460 loss=0.1014
[ep  544] soldier      static_B_2020.02.13_13.57.29.csv@2327  reward= -156.43 qoe=   0.0 qoe_q=  -87.4 eps=0.459 loss=0.0921
[ep  545] longdress    static_B_2020.02.14_13.21.26.csv@613   reward=   -3.58 qoe=   0.0 qoe_q=  -43.5 eps=0.458 loss=0.0891
[ep  546] loot         static_B_2020.02.13_13.57.29.csv@2927  reward= -172.81 qoe=   0.0 qoe_q=  -90.7 eps=0.457 loss=0.1094
[ep  547] redandblack  static_B_2020.02.14_13.21.26.csv@373   reward= -146.95 qoe=   0.0 qoe_q=  -87.6 eps=0.456 loss=0.1022
[ep  548] soldier      static_B_2020.02.27_18.39.27.csv@4828  reward=  -41.97 qoe=   0.0 qoe_q=  -54.8 eps=0.455 loss=0.1043
[ep  549] longdress    static_B_2020.02.27_18.39.27.csv@1768  reward=-1934.18 qoe=   0.0 qoe_q= -587.6 eps=0.454 loss=0.0985
[ep  550] loot         static_B_2020.02.27_18.39.27.csv@3448  reward= -175.83 qoe=   0.0 qoe_q=  -87.9 eps=0.453 loss=0.1104
[ep  551] redandblack  static_B_2020.02.27_18.39.27.csv@4768  reward=  -76.80 qoe=   0.0 qoe_q=  -61.9 eps=0.452 loss=0.1017
[ep  552] soldier      static_B_2020.02.27_18.39.27.csv@2488  reward= -102.44 qoe=   0.0 qoe_q=  -76.2 eps=0.451 loss=0.0965
[ep  553] longdress    static_B_2020.02.27_18.39.27.csv@4588  reward= -178.70 qoe=   0.0 qoe_q=  -85.7 eps=0.450 loss=0.1014
[ep  554] loot         static_B_2020.02.13_13.57.29.csv@1067  reward=  -61.88 qoe=   0.0 qoe_q=  -58.7 eps=0.449 loss=0.1058
[ep  555] redandblack  static_B_2019.12.16_13.40.04.csv@997   reward= -206.22 qoe=   0.0 qoe_q= -102.0 eps=0.448 loss=0.1014
[ep  556] soldier      static_B_2019.12.16_13.40.04.csv@577   reward= -206.20 qoe=   0.0 qoe_q= -114.8 eps=0.447 loss=0.1086
[ep  557] longdress    static_B_2020.02.27_18.39.27.csv@568   reward=   12.73 qoe=   0.0 qoe_q=  -36.0 eps=0.446 loss=0.1040
[ep  558] loot         static_B_2019.12.16_13.40.04.csv@1777  reward=  -20.67 qoe=   0.0 qoe_q=  -39.7 eps=0.445 loss=0.0963
[ep  559] redandblack  static_B_2019.12.16_13.40.04.csv@1117  reward=-1898.60 qoe=   0.0 qoe_q= -571.5 eps=0.444 loss=0.0981
[ep  560] soldier      static_B_2020.02.27_18.39.27.csv@3148  reward=-1530.26 qoe=   0.0 qoe_q= -483.3 eps=0.443 loss=0.1091
[ep  561] longdress    static_B_2020.02.27_18.39.27.csv@5608  reward= -112.02 qoe=   0.0 qoe_q=  -71.5 eps=0.442 loss=0.1196
[ep  562] loot         static_B_2020.02.27_18.39.27.csv@4228  reward= -186.85 qoe=   0.0 qoe_q= -100.3 eps=0.441 loss=0.1009
[ep  563] redandblack  static_B_2019.12.16_13.40.04.csv@1904  reward=   11.12 qoe=   0.0 qoe_q=  -43.0 eps=0.440 loss=0.1030
[ep  564] soldier      static_B_2019.12.16_13.40.04.csv@1357  reward=-1069.09 qoe=   0.0 qoe_q= -341.6 eps=0.439 loss=0.0905
[ep  565] longdress    static_B_2020.02.27_18.39.27.csv@4408  reward=  -54.20 qoe=   0.0 qoe_q=  -54.7 eps=0.438 loss=0.1042
[ep  566] loot         static_B_2020.02.27_18.39.27.csv@4948  reward= -177.61 qoe=   0.0 qoe_q=  -86.7 eps=0.437 loss=0.1115
[ep  567] redandblack  static_B_2020.02.14_13.21.26.csv@493   reward=    7.53 qoe=   0.0 qoe_q=  -42.6 eps=0.436 loss=0.1123
[ep  568] soldier      static_B_2020.02.13_13.57.29.csv@2807  reward= -449.74 qoe=   0.0 qoe_q= -162.7 eps=0.435 loss=0.1070
[ep  569] longdress    static_B_2020.02.13_13.57.29.csv@1667  reward= -131.65 qoe=   0.0 qoe_q=  -71.5 eps=0.434 loss=0.1027
[ep  570] loot         static_B_2019.12.16_13.40.04.csv@157   reward= -303.97 qoe=   0.0 qoe_q= -126.4 eps=0.433 loss=0.1023
[ep  571] redandblack  static_B_2020.02.27_18.39.27.csv@1588  reward= -141.84 qoe=   0.0 qoe_q=  -86.8 eps=0.432 loss=0.1026
[ep  572] soldier      static_B_2020.02.13_13.57.29.csv@1547  reward= -117.98 qoe=   0.0 qoe_q=  -78.4 eps=0.431 loss=0.1162
[ep  573] longdress    static_B_2020.02.14_13.21.26.csv@850   reward= -192.83 qoe=   0.0 qoe_q=  -99.0 eps=0.430 loss=0.1109
[ep  574] loot         static_B_2020.02.27_18.39.27.csv@2008  reward= -153.15 qoe=   0.0 qoe_q=  -89.4 eps=0.429 loss=0.1012
[ep  575] redandblack  static_B_2020.02.27_18.39.27.csv@1648  reward=  -54.01 qoe=   0.0 qoe_q=  -60.1 eps=0.428 loss=0.1014
[ep  576] soldier      static_B_2020.02.27_18.39.27.csv@3988  reward= -190.07 qoe=   0.0 qoe_q= -100.2 eps=0.427 loss=0.1107
[ep  577] longdress    static_B_2020.02.27_18.39.27.csv@4528  reward= -123.63 qoe=   0.0 qoe_q=  -82.5 eps=0.426 loss=0.1063
[ep  578] loot         static_B_2020.02.13_13.57.29.csv@1847  reward= -361.03 qoe=   0.0 qoe_q= -163.8 eps=0.425 loss=0.1069
[ep  579] redandblack  static_B_2020.02.27_18.39.27.csv@3628  reward= -239.78 qoe=   0.0 qoe_q= -106.0 eps=0.424 loss=0.1107
[ep  580] soldier      static_B_2019.12.16_13.40.04.csv@337   reward= -345.12 qoe=   0.0 qoe_q= -147.2 eps=0.423 loss=0.1037
[ep  581] longdress    static_B_2019.12.16_13.40.04.csv@1897  reward= -481.48 qoe=   0.0 qoe_q= -180.2 eps=0.422 loss=0.0869
[ep  582] loot         static_B_2019.12.16_13.40.04.csv@1597  reward=   29.94 qoe=   0.0 qoe_q=  -23.8 eps=0.421 loss=0.1017
[ep  583] redandblack  static_B_2020.02.27_18.39.27.csv@1048  reward=  -25.10 qoe=   0.0 qoe_q=  -56.8 eps=0.420 loss=0.1000
[ep  584] soldier      static_B_2020.02.27_18.39.27.csv@5188  reward= -325.61 qoe=   0.0 qoe_q= -148.7 eps=0.419 loss=0.1076
[ep  585] longdress    static_B_2020.02.27_18.39.27.csv@748   reward=    0.15 qoe=   0.0 qoe_q=  -39.6 eps=0.418 loss=0.1043
[ep  586] loot         static_B_2019.12.16_13.40.04.csv@1177  reward= -527.03 qoe=   0.0 qoe_q= -188.3 eps=0.417 loss=0.1074
[ep  587] redandblack  static_B_2019.12.16_13.40.04.csv@1717  reward=  -25.59 qoe=   0.0 qoe_q=  -45.1 eps=0.416 loss=0.1080
[ep  588] soldier      static_B_2020.02.13_13.57.29.csv@707   reward= -505.51 qoe=   0.0 qoe_q= -201.7 eps=0.415 loss=0.1069
[ep  589] longdress    static_B_2020.02.27_18.39.27.csv@2848  reward=  -52.44 qoe=   0.0 qoe_q=  -47.7 eps=0.414 loss=0.1075
[ep  590] loot         static_B_2019.12.16_13.40.04.csv@517   reward= -114.35 qoe=   0.0 qoe_q=  -92.5 eps=0.413 loss=0.1107
[ep  591] redandblack  static_B_2020.02.27_18.39.27.csv@688   reward=  -27.73 qoe=   0.0 qoe_q=  -51.0 eps=0.412 loss=0.0916
[ep  592] soldier      static_B_2020.02.13_13.57.29.csv@347   reward= -185.78 qoe=   0.0 qoe_q=  -91.1 eps=0.411 loss=0.1077
[ep  593] longdress    static_B_2020.02.27_18.39.27.csv@1948  reward= -193.92 qoe=   0.0 qoe_q=  -98.7 eps=0.410 loss=0.1193
[ep  594] loot         static_B_2019.12.16_13.40.04.csv@277   reward=  -81.00 qoe=   0.0 qoe_q=  -79.4 eps=0.409 loss=0.1100
[ep  595] redandblack  static_B_2020.02.27_18.39.27.csv@1408  reward=   11.08 qoe=   0.0 qoe_q=  -33.9 eps=0.408 loss=0.1027
[ep  596] soldier      static_B_2020.02.27_18.39.27.csv@3688  reward=  -13.52 qoe=   0.0 qoe_q=  -42.8 eps=0.407 loss=0.1040
[ep  597] longdress    static_B_2020.02.27_18.39.27.csv@628   reward=    2.43 qoe=   0.0 qoe_q=  -40.6 eps=0.406 loss=0.1035
[ep  598] soldier      static_B_2020.02.27_18.39.27.csv@663   reward= -217.35 qoe=   0.0 qoe_q= -108.5 eps=0.405 loss=0.1009
[ep  599] longdress    static_B_2020.02.14_13.21.26.csv@557   reward=  -84.83 qoe=   0.0 qoe_q=  -57.4 eps=0.404 loss=0.1131
[ep  600] loot         static_B_2020.02.14_13.21.26.csv@137   reward= -193.63 qoe=   0.0 qoe_q=  -92.0 eps=0.403 loss=0.0930
    [eval @ ep 600] reward=-244.75 qoe=0.0 qoe_q=-82.1 mean_q=0.828 stall=28.4s
[ep  601] redandblack  static_B_2020.02.27_18.39.27.csv@5583  reward= -216.37 qoe=   0.0 qoe_q= -137.4 eps=0.402 loss=0.1074
[ep  602] soldier      static_B_2020.02.27_18.39.27.csv@4983  reward= -265.94 qoe=   0.0 qoe_q=  -95.6 eps=0.401 loss=0.1065
[ep  603] longdress    static_B_2020.02.27_18.39.27.csv@5103  reward= -105.30 qoe=   0.0 qoe_q=  -75.7 eps=0.400 loss=0.1033
[ep  604] loot         static_B_2020.02.13_13.57.29.csv@1942  reward= -297.66 qoe=   0.0 qoe_q= -112.4 eps=0.399 loss=0.1058
[ep  605] redandblack  static_B_2020.02.27_18.39.27.csv@1503  reward= -164.35 qoe=   0.0 qoe_q=  -75.7 eps=0.398 loss=0.1093
[ep  606] soldier      static_B_2020.02.13_13.57.29.csv@562   reward= -107.52 qoe=   0.0 qoe_q=  -59.3 eps=0.397 loss=0.1054
[ep  607] longdress    static_B_2020.02.27_18.39.27.csv@2643  reward= -594.77 qoe=   0.0 qoe_q= -210.9 eps=0.396 loss=0.1183
[ep  608] loot         static_B_2019.12.16_13.40.04.csv@78    reward=  -80.37 qoe=   0.0 qoe_q=  -84.9 eps=0.395 loss=0.1036
[ep  609] redandblack  static_B_2020.02.27_18.39.27.csv@5343  reward= -263.71 qoe=   0.0 qoe_q= -116.7 eps=0.394 loss=0.1108
[ep  610] soldier      static_B_2020.02.27_18.39.27.csv@2343  reward=-1385.51 qoe=   0.0 qoe_q= -432.8 eps=0.393 loss=0.1103
[ep  611] longdress    static_B_2020.02.13_13.57.29.csv@1822  reward=  -71.01 qoe=   0.0 qoe_q=  -55.7 eps=0.392 loss=0.1163
[ep  612] loot         static_B_2019.12.16_13.40.04.csv@1904  reward=   23.27 qoe=   0.0 qoe_q=  -32.8 eps=0.391 loss=0.1028
[ep  613] redandblack  static_B_2019.12.16_13.40.04.csv@798   reward=  -75.90 qoe=   0.0 qoe_q=  -51.4 eps=0.390 loss=0.1002
[ep  614] soldier      static_B_2019.12.16_13.40.04.csv@1638  reward=  -20.98 qoe=   0.0 qoe_q=  -45.7 eps=0.389 loss=0.1090
[ep  615] longdress    static_B_2019.12.16_13.40.04.csv@318   reward= -429.35 qoe=   0.0 qoe_q= -148.1 eps=0.388 loss=0.0992
[ep  616] loot         static_B_2020.02.27_18.39.27.csv@4203  reward= -558.00 qoe=   0.0 qoe_q= -182.2 eps=0.387 loss=0.1121
[ep  617] redandblack  static_B_2020.02.13_13.57.29.csv@1342  reward= -106.97 qoe=   0.0 qoe_q=  -75.1 eps=0.386 loss=0.1057
[ep  618] soldier      static_B_2019.12.16_13.40.04.csv@1158  reward= -263.66 qoe=   0.0 qoe_q= -120.8 eps=0.385 loss=0.0986
[ep  619] longdress    static_B_2020.02.27_18.39.27.csv@1443  reward=  -65.40 qoe=   0.0 qoe_q=  -51.0 eps=0.384 loss=0.1153
[ep  620] loot         static_B_2020.02.27_18.39.27.csv@4323  reward=  -17.91 qoe=   0.0 qoe_q=  -37.1 eps=0.383 loss=0.1052
[ep  621] redandblack  static_B_2020.02.27_18.39.27.csv@2103  reward=  -34.02 qoe=   0.0 qoe_q=  -39.1 eps=0.382 loss=0.1022
[ep  622] soldier      static_B_2020.02.13_13.57.29.csv@2602  reward= -147.34 qoe=   0.0 qoe_q=  -75.2 eps=0.381 loss=0.1091
[ep  623] longdress    static_B_2020.02.13_13.57.29.csv@1102  reward= -441.20 qoe=   0.0 qoe_q= -171.7 eps=0.380 loss=0.1016
[ep  624] loot         static_B_2020.02.27_18.39.27.csv@5043  reward= -101.84 qoe=   0.0 qoe_q=  -73.0 eps=0.379 loss=0.1117
[ep  625] redandblack  static_B_2020.02.27_18.39.27.csv@5163  reward= -185.70 qoe=   0.0 qoe_q=  -80.1 eps=0.378 loss=0.1098
[ep  626] soldier      static_B_2020.02.14_13.21.26.csv@317   reward=    4.01 qoe=   0.0 qoe_q=  -45.4 eps=0.377 loss=0.1208
[ep  627] longdress    static_B_2020.02.27_18.39.27.csv@1563  reward= -150.69 qoe=   0.0 qoe_q=  -85.9 eps=0.376 loss=0.1096
[ep  628] loot         static_B_2020.02.27_18.39.27.csv@3243  reward= -159.78 qoe=   0.0 qoe_q=  -74.6 eps=0.375 loss=0.0935
[ep  629] redandblack  static_B_2020.02.27_18.39.27.csv@2703  reward=  -35.61 qoe=   0.0 qoe_q=  -49.4 eps=0.374 loss=0.0989
[ep  630] soldier      static_B_2020.02.13_13.57.29.csv@2122  reward= -209.06 qoe=   0.0 qoe_q= -112.4 eps=0.373 loss=0.1085
[ep  631] longdress    static_B_2020.02.27_18.39.27.csv@1683  reward= -216.84 qoe=   0.0 qoe_q= -114.5 eps=0.372 loss=0.1076
[ep  632] loot         static_B_2020.02.27_18.39.27.csv@3903  reward=  -88.54 qoe=   0.0 qoe_q=  -93.9 eps=0.371 loss=0.1019
[ep  633] redandblack  static_B_2020.02.27_18.39.27.csv@1863  reward= -146.19 qoe=   0.0 qoe_q=  -82.3 eps=0.370 loss=0.1093
[ep  634] soldier      static_B_2020.02.27_18.39.27.csv@4683  reward= -922.09 qoe=   0.0 qoe_q= -293.5 eps=0.369 loss=0.1157
[ep  635] longdress    static_B_2020.02.13_13.57.29.csv@142   reward= -195.31 qoe=   0.0 qoe_q= -106.3 eps=0.368 loss=0.0999
[ep  636] loot         static_B_2020.02.27_18.39.27.csv@1743  reward=  -57.90 qoe=   0.0 qoe_q=  -58.1 eps=0.367 loss=0.1024
[ep  637] redandblack  static_B_2019.12.16_13.40.04.csv@1458  reward= -273.27 qoe=   0.0 qoe_q= -108.4 eps=0.366 loss=0.0964
[ep  638] soldier      static_B_2019.12.16_13.40.04.csv@978   reward= -194.06 qoe=   0.0 qoe_q= -105.1 eps=0.365 loss=0.1073
[ep  639] longdress    static_B_2020.02.27_18.39.27.csv@1803  reward=-1307.21 qoe=   0.0 qoe_q= -388.8 eps=0.364 loss=0.0980
[ep  640] loot         static_B_2020.02.13_13.57.29.csv@2002  reward= -270.05 qoe=   0.0 qoe_q= -104.3 eps=0.363 loss=0.0992
[ep  641] redandblack  static_B_2020.02.27_18.39.27.csv@2163  reward=   -9.18 qoe=   0.0 qoe_q=  -31.7 eps=0.362 loss=0.1104
[ep  642] soldier      static_B_2019.12.16_13.40.04.csv@1038  reward= -225.71 qoe=   0.0 qoe_q= -104.9 eps=0.361 loss=0.1122
[ep  643] longdress    static_B_2019.12.16_13.40.04.csv@1698  reward= -271.53 qoe=   0.0 qoe_q= -106.0 eps=0.361 loss=0.1038
[ep  644] loot         static_B_2020.02.27_18.39.27.csv@4863  reward= -219.68 qoe=   0.0 qoe_q=  -98.6 eps=0.360 loss=0.1148
[ep  645] redandblack  static_B_2020.02.13_13.57.29.csv@382   reward= -390.48 qoe=   0.0 qoe_q= -148.7 eps=0.359 loss=0.1016
[ep  646] soldier      static_B_2020.02.13_13.57.29.csv@862   reward= -442.49 qoe=   0.0 qoe_q= -187.0 eps=0.358 loss=0.1063
[ep  647] longdress    static_B_2020.02.27_18.39.27.csv@3363  reward=   13.92 qoe=   0.0 qoe_q=  -21.4 eps=0.357 loss=0.1101
[ep  648] loot         static_B_2019.12.16_13.40.04.csv@1098  reward=-1934.38 qoe=   0.0 qoe_q= -565.3 eps=0.356 loss=0.1005
[ep  649] redandblack  static_B_2020.02.13_13.57.29.csv@502   reward=  -23.07 qoe=   0.0 qoe_q=  -32.1 eps=0.355 loss=0.1037
[ep  650] soldier      static_B_2020.02.27_18.39.27.csv@4383  reward= -279.70 qoe=   0.0 qoe_q= -106.3 eps=0.354 loss=0.1109
[ep  651] longdress    static_B_2019.12.16_13.40.04.csv@18    reward=  -57.63 qoe=   0.0 qoe_q=  -69.1 eps=0.353 loss=0.1005
[ep  652] loot         static_B_2020.02.14_13.21.26.csv@197   reward=   16.25 qoe=   0.0 qoe_q=  -35.6 eps=0.352 loss=0.1146
[ep  653] redandblack  static_B_2020.02.14_13.21.26.csv@497   reward=   13.34 qoe=   0.0 qoe_q=  -24.4 eps=0.351 loss=0.1094
[ep  654] soldier      static_B_2020.02.27_18.39.27.csv@603   reward=   17.08 qoe=   0.0 qoe_q=  -32.8 eps=0.350 loss=0.1098
[ep  655] longdress    static_B_2020.02.13_13.57.29.csv@2062  reward=  -55.96 qoe=   0.0 qoe_q=  -53.8 eps=0.349 loss=0.1134
[ep  656] loot         static_B_2020.02.27_18.39.27.csv@4023  reward= -100.93 qoe=   0.0 qoe_q=  -62.5 eps=0.348 loss=0.1128
[ep  657] redandblack  static_B_2020.02.27_18.39.27.csv@1023  reward= -193.22 qoe=   0.0 qoe_q=  -87.4 eps=0.347 loss=0.1105
[ep  658] soldier      static_B_2020.02.27_18.39.27.csv@2763  reward=  -14.38 qoe=   0.0 qoe_q=  -32.8 eps=0.346 loss=0.1093
[ep  659] longdress    static_B_2020.02.27_18.39.27.csv@4263  reward=   11.99 qoe=   0.0 qoe_q=  -34.2 eps=0.345 loss=0.1013
[ep  660] loot         static_B_2020.02.13_13.57.29.csv@22    reward=   10.94 qoe=   0.0 qoe_q=  -32.7 eps=0.344 loss=0.1131
[ep  661] redandblack  static_B_2020.02.13_13.57.29.csv@1522  reward= -317.36 qoe=   0.0 qoe_q= -123.9 eps=0.343 loss=0.1081
[ep  662] soldier      static_B_2019.12.16_13.40.04.csv@1338  reward= -210.29 qoe=   0.0 qoe_q= -101.8 eps=0.342 loss=0.1108
[ep  663] longdress    static_B_2020.02.27_18.39.27.csv@4563  reward= -187.19 qoe=   0.0 qoe_q=  -92.7 eps=0.341 loss=0.1098
[ep  664] loot         static_B_2020.02.27_18.39.27.csv@5703  reward= -202.61 qoe=   0.0 qoe_q=  -88.7 eps=0.340 loss=0.1010
[ep  665] redandblack  static_B_2020.02.27_18.39.27.csv@5223  reward= -140.25 qoe=   0.0 qoe_q=  -90.1 eps=0.339 loss=0.1093
[ep  666] soldier      static_B_2020.02.13_13.57.29.csv@2242  reward= -397.37 qoe=   0.0 qoe_q= -157.8 eps=0.338 loss=0.1083
[ep  667] longdress    static_B_2020.02.13_13.57.29.csv@1042  reward= -256.11 qoe=   0.0 qoe_q= -129.0 eps=0.337 loss=0.1125
[ep  668] loot         static_B_2020.02.27_18.39.27.csv@5643  reward=  -54.05 qoe=   0.0 qoe_q=  -48.8 eps=0.336 loss=0.1194
[ep  669] redandblack  static_B_2020.02.27_18.39.27.csv@423   reward=   -3.91 qoe=   0.0 qoe_q=  -32.1 eps=0.335 loss=0.1135
[ep  670] soldier      static_B_2020.02.27_18.39.27.csv@2463  reward=  -69.08 qoe=   0.0 qoe_q=  -57.0 eps=0.334 loss=0.1127
[ep  671] longdress    static_B_2020.02.14_13.21.26.csv@797   reward= -262.95 qoe=   0.0 qoe_q= -108.6 eps=0.333 loss=0.1081
[ep  672] loot         static_B_2020.02.27_18.39.27.csv@903   reward= -102.16 qoe=   0.0 qoe_q=  -61.6 eps=0.332 loss=0.1222
[ep  673] redandblack  static_B_2020.02.27_18.39.27.csv@1263  reward=   22.82 qoe=   0.0 qoe_q=  -26.2 eps=0.331 loss=0.1096
[ep  674] soldier      static_B_2020.02.27_18.39.27.csv@3303  reward=   56.95 qoe=   0.9 qoe_q=   -8.6 eps=0.330 loss=0.1109
[ep  675] longdress    static_B_2020.02.13_13.57.29.csv@622   reward= -396.25 qoe=   0.0 qoe_q= -139.5 eps=0.329 loss=0.1178
[ep  676] loot         static_B_2020.02.14_13.21.26.csv@437   reward=  -78.51 qoe=   0.0 qoe_q=  -49.4 eps=0.328 loss=0.1065
[ep  677] redandblack  static_B_2020.02.13_13.57.29.csv@1882  reward= -199.02 qoe=   0.0 qoe_q=  -88.0 eps=0.327 loss=0.1128
[ep  678] soldier      static_B_2020.02.13_13.57.29.csv@2542  reward= -163.47 qoe=   0.0 qoe_q=  -73.9 eps=0.326 loss=0.1040
[ep  679] longdress    static_B_2020.02.27_18.39.27.csv@1623  reward= -331.53 qoe=   0.0 qoe_q= -119.7 eps=0.325 loss=0.1067
[ep  680] loot         static_B_2020.02.27_18.39.27.csv@3423  reward=    3.96 qoe=   0.0 qoe_q=  -31.3 eps=0.324 loss=0.1042
[ep  681] redandblack  static_B_2020.02.27_18.39.27.csv@783   reward=  -14.09 qoe=   0.0 qoe_q=  -48.3 eps=0.323 loss=0.1098
[ep  682] soldier      static_B_2019.12.16_13.40.04.csv@1518  reward= -262.28 qoe=   0.0 qoe_q= -122.9 eps=0.322 loss=0.1273
[ep  683] longdress    static_B_2020.02.13_13.57.29.csv@202   reward= -361.85 qoe=   0.0 qoe_q= -149.5 eps=0.321 loss=0.1189
[ep  684] loot         static_B_2020.02.13_13.57.29.csv@922   reward= -312.21 qoe=   0.0 qoe_q= -154.3 eps=0.320 loss=0.1226
[ep  685] redandblack  static_B_2020.02.27_18.39.27.csv@1143  reward= -359.50 qoe=   0.0 qoe_q= -163.4 eps=0.319 loss=0.1048
[ep  686] soldier      static_B_2019.12.16_13.40.04.csv@1578  reward=   31.88 qoe=   0.0 qoe_q=  -25.7 eps=0.318 loss=0.1161
[ep  687] longdress    static_B_2019.12.16_13.40.04.csv@378   reward= -105.34 qoe=   0.0 qoe_q=  -59.7 eps=0.317 loss=0.1023
[ep  688] loot         static_B_2020.02.27_18.39.27.csv@2883  reward=   21.13 qoe=   0.0 qoe_q=  -25.9 eps=0.316 loss=0.1007
[ep  689] redandblack  static_B_2020.02.27_18.39.27.csv@303   reward=  -81.35 qoe=   0.0 qoe_q=  -70.3 eps=0.315 loss=0.1101
[ep  690] soldier      static_B_2020.02.27_18.39.27.csv@5742  reward= -272.05 qoe=   0.0 qoe_q= -107.3 eps=0.314 loss=0.1135
[ep  691] longdress    static_B_2020.02.27_18.39.27.csv@2523  reward=   -8.43 qoe=   0.0 qoe_q=  -38.2 eps=0.313 loss=0.1018
[ep  692] loot         static_B_2020.02.27_18.39.27.csv@3783  reward= -493.29 qoe=   0.0 qoe_q= -162.6 eps=0.312 loss=0.0974
[ep  693] redandblack  static_B_2020.02.27_18.39.27.csv@543   reward= -957.12 qoe=   0.0 qoe_q= -289.0 eps=0.311 loss=0.1074
[ep  694] soldier      static_B_2020.02.13_13.57.29.csv@2662  reward=  -55.62 qoe=   0.0 qoe_q=  -42.4 eps=0.310 loss=0.1026
[ep  695] longdress    static_B_2020.02.27_18.39.27.csv@183   reward= -338.71 qoe=   0.0 qoe_q= -144.2 eps=0.309 loss=0.1105
[ep  696] loot         static_B_2019.12.16_13.40.04.csv@1818  reward= -163.94 qoe=   0.0 qoe_q=  -70.2 eps=0.308 loss=0.1148
[ep  697] redandblack  static_B_2020.02.13_13.57.29.csv@322   reward= -109.44 qoe=   0.0 qoe_q=  -67.9 eps=0.307 loss=0.1158
[ep  698] soldier      static_B_2020.02.13_13.57.29.csv@1282  reward=  -97.28 qoe=   0.0 qoe_q=  -54.7 eps=0.306 loss=0.1047
[ep  699] longdress    static_B_2019.12.16_13.40.04.csv@678   reward= -216.24 qoe=   0.0 qoe_q=  -96.3 eps=0.305 loss=0.1131
[ep  700] loot         static_B_2020.02.13_13.57.29.csv@802   reward= -191.95 qoe=   0.0 qoe_q=  -87.8 eps=0.304 loss=0.1068
    [eval @ ep 700] reward=-198.42 qoe=0.0 qoe_q=-51.6 mean_q=0.904 stall=28.3s
[ep  701] redandblack  static_B_2020.02.27_18.39.27.csv@3663  reward=   -5.03 qoe=   0.0 qoe_q=  -34.5 eps=0.303 loss=0.1122
[ep  702] soldier      static_B_2020.02.13_13.57.29.csv@682   reward= -739.57 qoe=   0.0 qoe_q= -263.4 eps=0.302 loss=0.1233
[ep  703] longdress    static_B_2020.02.27_18.39.27.csv@243   reward=  -35.33 qoe=   0.0 qoe_q=  -63.8 eps=0.301 loss=0.1161
[ep  704] loot         static_B_2020.02.13_13.57.29.csv@2902  reward= -100.97 qoe=   0.0 qoe_q=  -53.5 eps=0.300 loss=0.1174
[ep  705] redandblack  static_B_2020.02.27_18.39.27.csv@4743  reward=  -33.87 qoe=   0.0 qoe_q=  -32.8 eps=0.299 loss=0.1085
[ep  706] soldier      static_B_2020.02.13_13.57.29.csv@2182  reward= -527.18 qoe=   0.0 qoe_q= -189.7 eps=0.298 loss=0.1043
[ep  707] longdress    static_B_2020.02.27_18.39.27.csv@363   reward= -280.41 qoe=   0.0 qoe_q= -107.9 eps=0.297 loss=0.1007
[ep  708] loot         static_B_2020.02.13_13.57.29.csv@1162  reward=  -84.36 qoe=   0.0 qoe_q=  -59.6 eps=0.296 loss=0.0975
[ep  709] redandblack  static_B_2020.02.13_13.57.29.csv@2722  reward= -171.72 qoe=   0.0 qoe_q=  -83.5 eps=0.295 loss=0.1065
[ep  710] soldier      static_B_2020.02.27_18.39.27.csv@4923  reward= -248.36 qoe=   0.0 qoe_q=  -94.0 eps=0.294 loss=0.1131
[ep  711] longdress    static_B_2020.02.14_13.21.26.csv@617   reward=   20.74 qoe=   0.0 qoe_q=  -22.8 eps=0.293 loss=0.1094
[ep  712] loot         static_B_2020.02.27_18.39.27.csv@1083  reward= -287.55 qoe=   0.0 qoe_q= -149.1 eps=0.292 loss=0.1024
[ep  713] redandblack  static_B_2020.02.27_18.39.27.csv@843   reward=   -3.73 qoe=   0.0 qoe_q=  -43.5 eps=0.291 loss=0.1117
[ep  714] soldier      static_B_2020.02.14_13.21.26.csv@377   reward= -136.81 qoe=   0.0 qoe_q=  -74.7 eps=0.290 loss=0.1096
[ep  715] longdress    static_B_2020.02.27_18.39.27.csv@4143  reward= -197.83 qoe=   0.0 qoe_q= -101.7 eps=0.289 loss=0.1065
[ep  716] loot         static_B_2020.02.27_18.39.27.csv@3123  reward= -653.17 qoe=   0.0 qoe_q= -247.0 eps=0.288 loss=0.1118
[ep  717] redandblack  static_B_2020.02.14_13.21.26.csv@850   reward= -179.55 qoe=   0.0 qoe_q=  -93.2 eps=0.287 loss=0.1108
[ep  718] soldier      static_B_2019.12.16_13.40.04.csv@738   reward= -272.77 qoe=   0.0 qoe_q= -109.6 eps=0.286 loss=0.1249
[ep  719] longdress    static_B_2020.02.13_13.57.29.csv@1402  reward= -410.97 qoe=   0.0 qoe_q= -173.1 eps=0.285 loss=0.1039
[ep  720] loot         static_B_2020.02.27_18.39.27.csv@4443  reward= -129.62 qoe=   0.0 qoe_q=  -95.5 eps=0.284 loss=0.1052
[ep  721] redandblack  static_B_2020.02.27_18.39.27.csv@123   reward=  -85.60 qoe=   0.0 qoe_q=  -48.2 eps=0.283 loss=0.1137
[ep  722] soldier      static_B_2020.02.13_13.57.29.csv@82    reward= -434.56 qoe=   0.0 qoe_q= -219.9 eps=0.282 loss=0.1111
[ep  723] longdress    static_B_2020.02.27_18.39.27.csv@2043  reward= -113.70 qoe=   0.0 qoe_q=  -69.3 eps=0.281 loss=0.0987
[ep  724] loot         static_B_2019.12.16_13.40.04.csv@918   reward= -247.55 qoe=   0.0 qoe_q=  -97.1 eps=0.280 loss=0.1031
[ep  725] redandblack  static_B_2020.02.13_13.57.29.csv@1762  reward= -216.04 qoe=   0.0 qoe_q=  -86.9 eps=0.279 loss=0.1074
[ep  726] soldier      static_B_2019.12.16_13.40.04.csv@1218  reward= -182.90 qoe=   0.0 qoe_q=  -94.5 eps=0.278 loss=0.1255
[ep  727] longdress    static_B_2020.02.27_18.39.27.csv@5283  reward=  -97.69 qoe=   0.0 qoe_q=  -60.5 eps=0.277 loss=0.1063
[ep  728] loot         static_B_2020.02.27_18.39.27.csv@3963  reward=  -23.10 qoe=   0.0 qoe_q=  -54.8 eps=0.276 loss=0.1089
[ep  729] redandblack  static_B_2020.02.27_18.39.27.csv@2223  reward=   27.61 qoe=   0.0 qoe_q=  -21.8 eps=0.275 loss=0.1113
[ep  730] soldier      static_B_2019.12.16_13.40.04.csv@1904  reward=   30.55 qoe=   0.0 qoe_q=  -25.4 eps=0.274 loss=0.1193
[ep  731] longdress    static_B_2020.02.13_13.57.29.csv@1582  reward= -139.16 qoe=   0.0 qoe_q=  -72.8 eps=0.273 loss=0.1135
[ep  732] loot         static_B_2020.02.27_18.39.27.csv@4803  reward=   49.36 qoe=   0.0 qoe_q=  -10.3 eps=0.272 loss=0.1092
[ep  733] redandblack  static_B_2020.02.27_18.39.27.csv@63    reward=   53.06 qoe=   0.0 qoe_q=   -9.0 eps=0.271 loss=0.1080
[ep  734] soldier      static_B_2020.02.27_18.39.27.csv@1203  reward=    6.59 qoe=   0.0 qoe_q=  -31.5 eps=0.270 loss=0.1081
[ep  735] longdress    static_B_2019.12.16_13.40.04.csv@498   reward= -132.41 qoe=   0.0 qoe_q= -102.2 eps=0.269 loss=0.1051
[ep  736] loot         static_B_2019.12.16_13.40.04.csv@858   reward=  -86.24 qoe=   0.0 qoe_q=  -47.0 eps=0.268 loss=0.1184
[ep  737] redandblack  static_B_2020.02.27_18.39.27.csv@3183  reward=  -87.65 qoe=   0.0 qoe_q=  -56.8 eps=0.267 loss=0.1205
[ep  738] soldier      static_B_2019.12.16_13.40.04.csv@558   reward= -135.34 qoe=   0.0 qoe_q=  -66.2 eps=0.266 loss=0.1085
[ep  739] longdress    static_B_2020.02.14_13.21.26.csv@850   reward= -184.88 qoe=   0.0 qoe_q=  -85.2 eps=0.265 loss=0.1100
[ep  740] loot         static_B_2019.12.16_13.40.04.csv@138   reward= -286.41 qoe=   0.0 qoe_q= -110.1 eps=0.264 loss=0.1110
[ep  741] redandblack  static_B_2020.02.13_13.57.29.csv@2302  reward= -110.25 qoe=   0.0 qoe_q=  -54.1 eps=0.263 loss=0.1026
[ep  742] soldier      static_B_2020.02.13_13.57.29.csv@1222  reward=  -54.20 qoe=   0.0 qoe_q=  -38.5 eps=0.262 loss=0.1056
[ep  743] longdress    static_B_2020.02.27_18.39.27.csv@5403  reward=    5.90 qoe=   0.0 qoe_q=  -23.2 eps=0.261 loss=0.1201
[ep  744] loot         static_B_2020.02.13_13.57.29.csv@2422  reward=-1166.47 qoe=   0.0 qoe_q= -357.7 eps=0.260 loss=0.1089
[ep  745] redandblack  static_B_2019.12.16_13.40.04.csv@438   reward=  -83.89 qoe=   0.0 qoe_q=  -43.0 eps=0.259 loss=0.1151
[ep  746] soldier      static_B_2019.12.16_13.40.04.csv@618   reward= -297.47 qoe=   0.0 qoe_q= -118.2 eps=0.258 loss=0.1120
[ep  747] longdress    static_B_2020.02.27_18.39.27.csv@5463  reward=   31.76 qoe=   0.0 qoe_q=  -22.0 eps=0.257 loss=0.1097
[ep  748] loot         static_B_2019.12.16_13.40.04.csv@1878  reward=   49.76 qoe=   0.0 qoe_q=  -16.5 eps=0.256 loss=0.1164
[ep  749] redandblack  static_B_2020.02.13_13.57.29.csv@2945  reward= -137.24 qoe=   0.0 qoe_q=  -63.0 eps=0.255 loss=0.1204
[ep  750] soldier      static_B_2020.02.27_18.39.27.csv@1323  reward= -274.16 qoe=   0.0 qoe_q= -109.1 eps=0.254 loss=0.1069
[ep  751] longdress    static_B_2019.12.16_13.40.04.csv@1758  reward= -117.97 qoe=   0.0 qoe_q=  -64.5 eps=0.253 loss=0.1168
[ep  752] loot         static_B_2020.02.27_18.39.27.csv@3483  reward=   24.99 qoe=   0.0 qoe_q=  -24.3 eps=0.252 loss=0.1201
[ep  753] redandblack  static_B_2020.02.13_13.57.29.csv@2362  reward= -263.20 qoe=   0.0 qoe_q= -106.4 eps=0.251 loss=0.1191
[ep  754] soldier      static_B_2019.12.16_13.40.04.csv@1278  reward= -144.81 qoe=   0.0 qoe_q=  -71.7 eps=0.250 loss=0.1163
[ep  755] longdress    static_B_2020.02.27_18.39.27.csv@1383  reward= -161.67 qoe=   0.0 qoe_q=  -74.2 eps=0.249 loss=0.1124
[ep  756] loot         static_B_2020.02.27_18.39.27.csv@3603  reward=  -52.92 qoe=   0.0 qoe_q=  -53.0 eps=0.248 loss=0.1178
[ep  757] redandblack  static_B_2020.02.13_13.57.29.csv@2842  reward= -198.67 qoe=   0.0 qoe_q=  -97.9 eps=0.247 loss=0.0933
[ep  758] soldier      static_B_2020.02.27_18.39.27.csv@4083  reward=    7.81 qoe=   0.0 qoe_q=  -28.1 eps=0.246 loss=0.1294
[ep  759] longdress    static_B_2020.02.13_13.57.29.csv@1462  reward= -194.76 qoe=   0.0 qoe_q=  -86.0 eps=0.245 loss=0.1192
[ep  760] loot         static_B_2020.02.13_13.57.29.csv@2945  reward= -129.24 qoe=   0.0 qoe_q=  -61.3 eps=0.244 loss=0.1075
[ep  761] redandblack  static_B_2020.02.14_13.21.26.csv@677   reward=    7.15 qoe=   0.0 qoe_q=  -11.8 eps=0.243 loss=0.1188
[ep  762] soldier      static_B_2020.02.27_18.39.27.csv@1923  reward=  -21.79 qoe=   0.0 qoe_q=  -30.2 eps=0.242 loss=0.1084
[ep  763] longdress    static_B_2020.02.27_18.39.27.csv@2943  reward= -102.55 qoe=   0.0 qoe_q=  -85.1 eps=0.241 loss=0.1008
[ep  764] loot         static_B_2020.02.27_18.39.27.csv@2403  reward=    4.59 qoe=   0.0 qoe_q=  -21.5 eps=0.240 loss=0.1033
[ep  765] redandblack  static_B_2020.02.27_18.39.27.csv@483   reward=   24.20 qoe=   0.0 qoe_q=  -19.3 eps=0.239 loss=0.1167
[ep  766] soldier      static_B_2020.02.13_13.57.29.csv@982   reward=-1286.22 qoe=   0.0 qoe_q= -391.3 eps=0.238 loss=0.0977
[ep  767] longdress    static_B_2020.02.13_13.57.29.csv@1642  reward= -392.67 qoe=   0.0 qoe_q= -138.1 eps=0.237 loss=0.1087
[ep  768] loot         static_B_2020.02.13_13.57.29.csv@442   reward= -143.71 qoe=   0.0 qoe_q=  -65.9 eps=0.236 loss=0.1106
[ep  769] redandblack  static_B_2020.02.27_18.39.27.csv@1983  reward= -126.67 qoe=   0.0 qoe_q=  -69.0 eps=0.235 loss=0.1083
[ep  770] soldier      static_B_2020.02.13_13.57.29.csv@2482  reward= -271.38 qoe=   0.0 qoe_q= -112.4 eps=0.234 loss=0.1086
[ep  771] longdress    static_B_2020.02.14_13.21.26.csv@17    reward= -381.32 qoe=   0.0 qoe_q= -153.4 eps=0.233 loss=0.1171
[ep  772] loot         static_B_2020.02.14_13.21.26.csv@737   reward=   27.87 qoe=   0.0 qoe_q=  -27.6 eps=0.232 loss=0.1146
[ep  773] redandblack  static_B_2019.12.16_13.40.04.csv@198   reward= -353.81 qoe=   0.0 qoe_q= -141.5 eps=0.231 loss=0.1113
[ep  774] soldier      static_B_2020.02.27_18.39.27.csv@3723  reward=    0.77 qoe=   0.0 qoe_q=  -38.8 eps=0.230 loss=0.1059
[ep  775] longdress    static_B_2020.02.27_18.39.27.csv@723   reward= -332.10 qoe=   0.0 qoe_q= -135.7 eps=0.229 loss=0.1125
[ep  776] loot         static_B_2020.02.27_18.39.27.csv@2283  reward= -113.78 qoe=   0.0 qoe_q=  -68.4 eps=0.228 loss=0.1182
[ep  777] redandblack  static_B_2019.12.16_13.40.04.csv@1398  reward= -490.81 qoe=   0.0 qoe_q= -171.5 eps=0.227 loss=0.1154
[ep  778] soldier      static_B_2020.02.14_13.21.26.csv@77    reward=   31.67 qoe=   0.0 qoe_q=  -22.3 eps=0.226 loss=0.1048
[ep  779] longdress    static_B_2020.02.27_18.39.27.csv@3843  reward= -523.10 qoe=   0.0 qoe_q= -198.1 eps=0.225 loss=0.1088
[ep  780] loot         static_B_2020.02.13_13.57.29.csv@742   reward= -189.55 qoe=   0.0 qoe_q=  -93.8 eps=0.224 loss=0.1053
[ep  781] redandblack  static_B_2020.02.13_13.57.29.csv@1702  reward= -280.72 qoe=   0.0 qoe_q= -111.7 eps=0.223 loss=0.1156
[ep  782] soldier      static_B_2020.02.27_18.39.27.csv@5742  reward= -274.29 qoe=   0.0 qoe_q= -108.1 eps=0.222 loss=0.1198
[ep  783] longdress    static_B_2019.12.16_13.40.04.csv@258   reward= -312.11 qoe=   0.0 qoe_q= -134.6 eps=0.221 loss=0.1164
[ep  784] loot         static_B_2020.02.27_18.39.27.csv@2823  reward= -146.59 qoe=   0.0 qoe_q=  -72.1 eps=0.220 loss=0.1223
[ep  785] redandblack  static_B_2020.02.27_18.39.27.csv@5523  reward=  -44.23 qoe=   0.0 qoe_q=  -60.3 eps=0.219 loss=0.1290
[ep  786] soldier      static_B_2020.02.13_13.57.29.csv@2782  reward= -369.86 qoe=   0.0 qoe_q= -140.0 eps=0.218 loss=0.1197
[ep  787] longdress    static_B_2020.02.14_13.21.26.csv@257   reward=  -79.18 qoe=   0.0 qoe_q=  -52.4 eps=0.217 loss=0.1132
[ep  788] loot         static_B_2020.02.27_18.39.27.csv@2583  reward=   22.52 qoe=   0.0 qoe_q=  -20.8 eps=0.216 loss=0.1121
[ep  789] redandblack  static_B_2020.02.27_18.39.27.csv@3003  reward=  -67.55 qoe=   0.0 qoe_q=  -48.1 eps=0.215 loss=0.1084
[ep  790] soldier      static_B_2020.02.27_18.39.27.csv@4503  reward= -179.49 qoe=   0.0 qoe_q= -100.0 eps=0.214 loss=0.1134
[ep  791] longdress    static_B_2020.02.27_18.39.27.csv@4623  reward=-1118.24 qoe=   0.0 qoe_q= -403.0 eps=0.213 loss=0.1193
[ep  792] loot         static_B_2020.02.27_18.39.27.csv@3063  reward=  -55.59 qoe=   0.0 qoe_q=  -37.0 eps=0.212 loss=0.1156
[ep  793] redandblack  static_B_2020.02.27_18.39.27.csv@963   reward=  -39.94 qoe=   0.0 qoe_q=  -44.8 eps=0.211 loss=0.1187
[ep  794] soldier      static_B_2020.02.27_18.39.27.csv@3543  reward= -303.90 qoe=   0.0 qoe_q= -136.2 eps=0.210 loss=0.1127
[ep  795] longdress    static_B_2020.02.13_13.57.29.csv@262   reward= -208.86 qoe=   0.0 qoe_q= -100.4 eps=0.209 loss=0.1066
[ep  796] loot         static_B_2020.02.27_18.39.27.csv@3     reward=  -54.61 qoe=   0.0 qoe_q=  -44.5 eps=0.208 loss=0.1243
[ep  797] longdress    static_B_2019.12.16_13.40.04.csv@1029  reward= -303.28 qoe=   0.0 qoe_q= -143.1 eps=0.207 loss=0.1193
[ep  798] loot         static_B_2019.12.16_13.40.04.csv@729   reward= -417.84 qoe=   0.0 qoe_q= -136.9 eps=0.206 loss=0.1021
[ep  799] redandblack  static_B_2020.02.27_18.39.27.csv@1228  reward=   23.98 qoe=   0.0 qoe_q=  -21.6 eps=0.205 loss=0.1213
[ep  800] soldier      static_B_2019.12.16_13.40.04.csv@669   reward=   44.76 qoe=   0.0 qoe_q=   -4.2 eps=0.204 loss=0.1070
    [eval @ ep 800] reward=-229.23 qoe=0.0 qoe_q=-70.6 mean_q=0.904 stall=29.7s
[ep  801] longdress    static_B_2020.02.27_18.39.27.csv@1708  reward= -208.74 qoe=   0.0 qoe_q= -100.1 eps=0.203 loss=0.1180
[ep  802] loot         static_B_2020.02.27_18.39.27.csv@3688  reward=   24.91 qoe=   0.0 qoe_q=  -16.1 eps=0.202 loss=0.1173
[ep  803] redandblack  static_B_2020.02.13_13.57.29.csv@178   reward= -149.11 qoe=   0.0 qoe_q=  -68.1 eps=0.201 loss=0.1139
[ep  804] soldier      static_B_2020.02.13_13.57.29.csv@598   reward= -395.07 qoe=   0.0 qoe_q= -132.2 eps=0.200 loss=0.1210
[ep  805] longdress    static_B_2019.12.16_13.40.04.csv@1509  reward= -282.44 qoe=   0.0 qoe_q=  -97.2 eps=0.199 loss=0.1101
[ep  806] loot         static_B_2020.02.13_13.57.29.csv@238   reward=   57.66 qoe=   0.0 qoe_q=   -4.2 eps=0.198 loss=0.1067
[ep  807] redandblack  static_B_2020.02.27_18.39.27.csv@3148  reward=-1428.68 qoe=   0.0 qoe_q= -436.2 eps=0.197 loss=0.1123
[ep  808] soldier      static_B_2020.02.27_18.39.27.csv@4408  reward=   17.50 qoe=   0.0 qoe_q=  -21.5 eps=0.196 loss=0.1154
[ep  809] longdress    static_B_2020.02.27_18.39.27.csv@2668  reward= -328.49 qoe=   0.0 qoe_q= -120.8 eps=0.195 loss=0.1192
[ep  810] loot         static_B_2020.02.13_13.57.29.csv@1078  reward= -134.48 qoe=   0.0 qoe_q=  -56.1 eps=0.194 loss=0.1221
[ep  811] redandblack  static_B_2020.02.27_18.39.27.csv@2848  reward=   16.39 qoe=   0.0 qoe_q=  -23.2 eps=0.193 loss=0.1203
[ep  812] soldier      static_B_2019.12.16_13.40.04.csv@1904  reward=   41.98 qoe=   0.0 qoe_q=  -18.0 eps=0.192 loss=0.1004
[ep  813] longdress    static_B_2020.02.27_18.39.27.csv@2188  reward= -338.87 qoe=   0.0 qoe_q= -114.1 eps=0.191 loss=0.1349
[ep  814] loot         static_B_2020.02.27_18.39.27.csv@628   reward=   50.66 qoe=   0.0 qoe_q=  -16.5 eps=0.190 loss=0.1089
[ep  815] redandblack  static_B_2020.02.27_18.39.27.csv@688   reward=    8.32 qoe=   0.0 qoe_q=  -26.5 eps=0.189 loss=0.1134
[ep  816] soldier      static_B_2020.02.27_18.39.27.csv@4348  reward= -138.11 qoe=   0.0 qoe_q=  -78.1 eps=0.188 loss=0.1237
[ep  817] longdress    static_B_2020.02.27_18.39.27.csv@2368  reward= -987.93 qoe=   0.0 qoe_q= -289.7 eps=0.187 loss=0.1247
[ep  818] loot         static_B_2020.02.13_13.57.29.csv@1678  reward= -405.01 qoe=   0.0 qoe_q= -152.7 eps=0.186 loss=0.1184
[ep  819] redandblack  static_B_2020.02.13_13.57.29.csv@478   reward= -285.38 qoe=   0.0 qoe_q= -107.2 eps=0.185 loss=0.1073
[ep  820] soldier      static_B_2020.02.13_13.57.29.csv@2878  reward= -397.93 qoe=   0.0 qoe_q= -149.2 eps=0.184 loss=0.1276
[ep  821] longdress    static_B_2020.02.14_13.21.26.csv@219   reward= -160.43 qoe=   0.0 qoe_q=  -68.7 eps=0.183 loss=0.1097
[ep  822] loot         static_B_2020.02.27_18.39.27.csv@2308  reward= -135.89 qoe=   0.0 qoe_q=  -62.3 eps=0.182 loss=0.1214
[ep  823] redandblack  static_B_2020.02.27_18.39.27.csv@5488  reward=  -57.18 qoe=   0.0 qoe_q=  -41.8 eps=0.181 loss=0.1181
[ep  824] soldier      static_B_2020.02.27_18.39.27.csv@388   reward=   33.91 qoe=   0.0 qoe_q=  -21.4 eps=0.180 loss=0.1153
[ep  825] longdress    static_B_2020.02.13_13.57.29.csv@658   reward= -500.61 qoe=   0.0 qoe_q= -195.5 eps=0.179 loss=0.1091
[ep  826] loot         static_B_2020.02.13_13.57.29.csv@1918  reward=  -71.20 qoe=   0.0 qoe_q=  -72.7 eps=0.178 loss=0.1061
[ep  827] redandblack  static_B_2019.12.16_13.40.04.csv@789   reward=    7.61 qoe=   0.0 qoe_q=  -31.5 eps=0.178 loss=0.1375
[ep  828] soldier      static_B_2020.02.13_13.57.29.csv@1378  reward= -144.01 qoe=   0.0 qoe_q=  -62.7 eps=0.177 loss=0.1225
[ep  829] longdress    static_B_2020.02.13_13.57.29.csv@2938  reward= -270.14 qoe=   0.0 qoe_q= -101.3 eps=0.176 loss=0.1112
[ep  830] loot         static_B_2020.02.27_18.39.27.csv@2248  reward=   35.43 qoe=   0.0 qoe_q=  -17.4 eps=0.175 loss=0.1205
[ep  831] redandblack  static_B_2020.02.27_18.39.27.csv@1828  reward= -106.29 qoe=   0.0 qoe_q=  -56.0 eps=0.174 loss=0.1196
[ep  832] soldier      static_B_2020.02.13_13.57.29.csv@2945  reward= -187.42 qoe=   0.0 qoe_q=  -84.1 eps=0.173 loss=0.1105
[ep  833] longdress    static_B_2020.02.27_18.39.27.csv@3748  reward=   41.84 qoe=   0.0 qoe_q=  -13.9 eps=0.172 loss=0.1074
[ep  834] loot         static_B_2020.02.13_13.57.29.csv@2945  reward= -122.44 qoe=   0.0 qoe_q=  -55.9 eps=0.171 loss=0.1204
[ep  835] redandblack  static_B_2020.02.27_18.39.27.csv@4468  reward= -126.31 qoe=   0.0 qoe_q=  -68.8 eps=0.170 loss=0.1371
[ep  836] soldier      static_B_2019.12.16_13.40.04.csv@1689  reward= -241.25 qoe=   0.0 qoe_q=  -93.6 eps=0.169 loss=0.1077
[ep  837] longdress    static_B_2020.02.27_18.39.27.csv@3088  reward= -403.92 qoe=   0.0 qoe_q= -164.0 eps=0.168 loss=0.1187
[ep  838] loot         static_B_2020.02.27_18.39.27.csv@3868  reward= -282.80 qoe=   0.0 qoe_q= -112.6 eps=0.167 loss=0.1065
[ep  839] redandblack  static_B_2020.02.27_18.39.27.csv@3628  reward= -235.91 qoe=   0.0 qoe_q=  -90.8 eps=0.166 loss=0.1248
[ep  840] soldier      static_B_2020.02.13_13.57.29.csv@2098  reward= -311.60 qoe=   0.0 qoe_q= -133.8 eps=0.165 loss=0.1091
[ep  841] longdress    static_B_2020.02.27_18.39.27.csv@2728  reward=   18.48 qoe=   0.0 qoe_q=  -18.9 eps=0.164 loss=0.1199
[ep  842] loot         static_B_2020.02.27_18.39.27.csv@5368  reward=  -21.44 qoe=   0.0 qoe_q=  -31.1 eps=0.163 loss=0.1273
[ep  843] redandblack  static_B_2020.02.27_18.39.27.csv@1588  reward= -131.98 qoe=   0.0 qoe_q=  -61.3 eps=0.162 loss=0.1176
[ep  844] soldier      static_B_2020.02.27_18.39.27.csv@988   reward= -206.64 qoe=   0.0 qoe_q=  -92.7 eps=0.161 loss=0.1115
[ep  845] longdress    static_B_2020.02.27_18.39.27.csv@2428  reward=   15.64 qoe=   0.0 qoe_q=  -21.7 eps=0.160 loss=0.1135
[ep  846] loot         static_B_2020.02.13_13.57.29.csv@1198  reward=  -50.17 qoe=   0.0 qoe_q=  -40.5 eps=0.159 loss=0.1236
[ep  847] redandblack  static_B_2020.02.27_18.39.27.csv@88    reward=  -82.08 qoe=   0.0 qoe_q=  -61.5 eps=0.158 loss=0.1127
[ep  848] soldier      static_B_2020.02.27_18.39.27.csv@4048  reward=   34.26 qoe=   0.0 qoe_q=  -19.5 eps=0.157 loss=0.1143
[ep  849] longdress    static_B_2020.02.13_13.57.29.csv@298   reward=   -3.68 qoe=   0.0 qoe_q=  -35.5 eps=0.156 loss=0.1136
[ep  850] loot         static_B_2020.02.27_18.39.27.csv@1348  reward=  -61.54 qoe=   0.0 qoe_q=  -38.1 eps=0.155 loss=0.1052
[ep  851] redandblack  static_B_2020.02.13_13.57.29.csv@2698  reward=   -8.64 qoe=   0.0 qoe_q=  -17.5 eps=0.154 loss=0.1109
[ep  852] soldier      static_B_2020.02.13_13.57.29.csv@2398  reward= -212.29 qoe=   0.0 qoe_q= -116.1 eps=0.153 loss=0.1155
[ep  853] longdress    static_B_2020.02.13_13.57.29.csv@2158  reward= -335.33 qoe=   0.0 qoe_q= -144.4 eps=0.152 loss=0.1173
[ep  854] loot         static_B_2020.02.13_13.57.29.csv@2638  reward=  -46.29 qoe=   0.0 qoe_q=  -37.5 eps=0.151 loss=0.1214
[ep  855] redandblack  static_B_2020.02.27_18.39.27.csv@2608  reward=   17.78 qoe=   0.0 qoe_q=  -15.7 eps=0.150 loss=0.1243
[ep  856] soldier      static_B_2020.02.27_18.39.27.csv@5608  reward=  -71.79 qoe=   0.0 qoe_q=  -43.3 eps=0.149 loss=0.1123
[ep  857] longdress    static_B_2020.02.27_18.39.27.csv@5308  reward=    3.02 qoe=   0.0 qoe_q=  -18.8 eps=0.148 loss=0.1159
[ep  858] loot         static_B_2020.02.14_13.21.26.csv@459   reward=    3.46 qoe=   0.0 qoe_q=  -24.4 eps=0.147 loss=0.1198
[ep  859] redandblack  static_B_2019.12.16_13.40.04.csv@1904  reward=   47.93 qoe=   0.0 qoe_q=  -12.4 eps=0.146 loss=0.1246
[ep  860] soldier      static_B_2019.12.16_13.40.04.csv@129   reward=  -68.76 qoe=   0.0 qoe_q=  -49.4 eps=0.145 loss=0.1210
[ep  861] longdress    static_B_2020.02.13_13.57.29.csv@1858  reward= -873.15 qoe=   0.0 qoe_q= -277.7 eps=0.144 loss=0.1199
[ep  862] loot         static_B_2020.02.27_18.39.27.csv@3028  reward=  -97.87 qoe=   0.0 qoe_q=  -56.4 eps=0.143 loss=0.1146
[ep  863] redandblack  static_B_2020.02.13_13.57.29.csv@418   reward=   21.22 qoe=   0.0 qoe_q=  -22.6 eps=0.142 loss=0.1177
[ep  864] soldier      static_B_2020.02.27_18.39.27.csv@5128  reward=   32.82 qoe=   0.0 qoe_q=  -19.1 eps=0.141 loss=0.1121
[ep  865] longdress    static_B_2019.12.16_13.40.04.csv@1629  reward= -426.26 qoe=   0.0 qoe_q= -172.7 eps=0.140 loss=0.1149
[ep  866] loot         static_B_2019.12.16_13.40.04.csv@1449  reward= -164.58 qoe=   0.0 qoe_q=  -69.4 eps=0.139 loss=0.1201
[ep  867] redandblack  static_B_2020.02.13_13.57.29.csv@538   reward= -128.89 qoe=   0.0 qoe_q=  -59.3 eps=0.138 loss=0.1211
[ep  868] soldier      static_B_2020.02.27_18.39.27.csv@3508  reward= -274.27 qoe=   0.0 qoe_q= -102.8 eps=0.137 loss=0.1118
[ep  869] longdress    static_B_2020.02.27_18.39.27.csv@3928  reward=   62.70 qoe=   0.0 qoe_q=   -3.8 eps=0.136 loss=0.1163
[ep  870] loot         static_B_2020.02.13_13.57.29.csv@1618  reward=  -46.06 qoe=   0.0 qoe_q=  -29.8 eps=0.135 loss=0.1160
[ep  871] redandblack  static_B_2020.02.13_13.57.29.csv@58    reward= -588.06 qoe=   0.0 qoe_q= -178.9 eps=0.134 loss=0.1137
[ep  872] soldier      static_B_2020.02.14_13.21.26.csv@850   reward= -151.89 qoe=   0.0 qoe_q=  -71.1 eps=0.133 loss=0.1145
[ep  873] longdress    static_B_2020.02.27_18.39.27.csv@1108  reward= -445.89 qoe=   0.0 qoe_q= -144.3 eps=0.132 loss=0.1219
[ep  874] loot         static_B_2020.02.13_13.57.29.csv@1558  reward=  -73.88 qoe=   0.0 qoe_q=  -69.8 eps=0.131 loss=0.1217
[ep  875] redandblack  static_B_2020.02.27_18.39.27.csv@2128  reward=    2.00 qoe=   0.0 qoe_q=  -16.0 eps=0.130 loss=0.1203
[ep  876] soldier      static_B_2020.02.13_13.57.29.csv@118   reward= -336.53 qoe=   0.0 qoe_q= -109.6 eps=0.129 loss=0.1245
[ep  877] longdress    static_B_2019.12.16_13.40.04.csv@969   reward= -117.93 qoe=   0.0 qoe_q=  -51.6 eps=0.128 loss=0.1138
[ep  878] loot         static_B_2020.02.14_13.21.26.csv@339   reward=   17.95 qoe=   0.0 qoe_q=  -12.3 eps=0.127 loss=0.1212
[ep  879] redandblack  static_B_2020.02.13_13.57.29.csv@778   reward= -119.52 qoe=   0.0 qoe_q=  -71.8 eps=0.126 loss=0.1233
[ep  880] soldier      static_B_2020.02.27_18.39.27.csv@1288  reward=  -94.82 qoe=   0.0 qoe_q=  -45.5 eps=0.125 loss=0.1228
[ep  881] longdress    static_B_2020.02.27_18.39.27.csv@4648  reward=-1148.60 qoe=   0.0 qoe_q= -339.8 eps=0.124 loss=0.1155
[ep  882] loot         static_B_2020.02.27_18.39.27.csv@4108  reward=   36.27 qoe=   0.0 qoe_q=  -11.6 eps=0.123 loss=0.1155
[ep  883] redandblack  static_B_2020.02.27_18.39.27.csv@3808  reward= -269.26 qoe=   0.0 qoe_q=  -99.7 eps=0.122 loss=0.1192
[ep  884] soldier      static_B_2020.02.27_18.39.27.csv@2968  reward= -129.00 qoe=   0.0 qoe_q=  -50.4 eps=0.121 loss=0.1144
[ep  885] longdress    static_B_2020.02.27_18.39.27.csv@5068  reward= -160.77 qoe=   0.0 qoe_q=  -70.8 eps=0.120 loss=0.1190
[ep  886] loot         static_B_2020.02.13_13.57.29.csv@358   reward= -208.66 qoe=   0.0 qoe_q=  -77.6 eps=0.119 loss=0.1209
[ep  887] redandblack  static_B_2020.02.27_18.39.27.csv@448   reward=  -63.44 qoe=   0.0 qoe_q=  -60.5 eps=0.118 loss=0.1208
[ep  888] soldier      static_B_2020.02.14_13.21.26.csv@399   reward=  -30.26 qoe=   0.0 qoe_q=  -21.6 eps=0.117 loss=0.1177
[ep  889] longdress    static_B_2020.02.27_18.39.27.csv@4588  reward= -275.40 qoe=   0.0 qoe_q= -121.8 eps=0.116 loss=0.1188
[ep  890] loot         static_B_2020.02.14_13.21.26.csv@159   reward=    6.41 qoe=   0.0 qoe_q=  -10.5 eps=0.115 loss=0.1149
[ep  891] redandblack  static_B_2020.02.27_18.39.27.csv@748   reward=   47.73 qoe=   0.0 qoe_q=   -5.7 eps=0.114 loss=0.1238
[ep  892] soldier      static_B_2020.02.27_18.39.27.csv@808   reward=   54.58 qoe=   0.0 qoe_q=   -1.8 eps=0.113 loss=0.1220
[ep  893] longdress    static_B_2020.02.27_18.39.27.csv@2548  reward= -449.47 qoe=   0.0 qoe_q= -136.0 eps=0.112 loss=0.1187
[ep  894] loot         static_B_2020.02.14_13.21.26.csv@519   reward=   52.50 qoe=   0.0 qoe_q=   -8.4 eps=0.111 loss=0.1170
[ep  895] redandblack  static_B_2020.02.13_13.57.29.csv@1498  reward= -184.36 qoe=   0.0 qoe_q=  -71.1 eps=0.110 loss=0.1106
[ep  896] soldier      static_B_2019.12.16_13.40.04.csv@69    reward=  -38.67 qoe=   0.0 qoe_q=  -26.3 eps=0.109 loss=0.1157
[ep  897] longdress    static_B_2020.02.27_18.39.27.csv@1408  reward=   43.26 qoe=   0.0 qoe_q=   -7.8 eps=0.108 loss=0.1105
[ep  898] loot         static_B_2019.12.16_13.40.04.csv@369   reward=  -43.75 qoe=   0.0 qoe_q=  -34.9 eps=0.107 loss=0.1083
[ep  899] redandblack  static_B_2020.02.27_18.39.27.csv@3448  reward=   -9.20 qoe=   0.0 qoe_q=  -39.5 eps=0.106 loss=0.1003
[ep  900] soldier      static_B_2020.02.14_13.21.26.csv@759   reward=   53.49 qoe=   0.0 qoe_q=   -0.1 eps=0.105 loss=0.1040
    [eval @ ep 900] reward=-261.51 qoe=0.0 qoe_q=-89.9 mean_q=0.864 stall=30.3s
[ep  901] longdress    static_B_2020.02.13_13.57.29.csv@898   reward= -355.58 qoe=   0.0 qoe_q= -134.6 eps=0.104 loss=0.1293
[ep  902] loot         static_B_2019.12.16_13.40.04.csv@849   reward=  -63.21 qoe=   0.0 qoe_q=  -32.1 eps=0.103 loss=0.1278
[ep  903] redandblack  static_B_2020.02.27_18.39.27.csv@208   reward= -212.84 qoe=   0.0 qoe_q=  -64.4 eps=0.102 loss=0.1143
[ep  904] soldier      static_B_2019.12.16_13.40.04.csv@549   reward= -269.74 qoe=   0.0 qoe_q=  -85.3 eps=0.101 loss=0.1133
[ep  905] longdress    static_B_2019.12.16_13.40.04.csv@1749  reward= -241.34 qoe=   0.0 qoe_q= -101.7 eps=0.100 loss=0.1294
[ep  906] loot         static_B_2020.02.27_18.39.27.csv@4888  reward= -332.54 qoe=   0.0 qoe_q= -106.1 eps=0.099 loss=0.1323
[ep  907] redandblack  static_B_2020.02.27_18.39.27.csv@5428  reward= -181.04 qoe=   0.0 qoe_q=  -76.8 eps=0.098 loss=0.1150
[ep  908] soldier      static_B_2020.02.27_18.39.27.csv@2068  reward=   56.08 qoe=   0.0 qoe_q=    0.4 eps=0.097 loss=0.1213
[ep  909] longdress    static_B_2020.02.13_13.57.29.csv@958   reward=-1667.19 qoe=   0.0 qoe_q= -503.5 eps=0.096 loss=0.1300
[ep  910] loot         static_B_2020.02.13_13.57.29.csv@838   reward=  -33.38 qoe=   0.0 qoe_q=  -34.4 eps=0.095 loss=0.1182
[ep  911] redandblack  static_B_2020.02.27_18.39.27.csv@1648  reward=   26.04 qoe=   0.0 qoe_q=  -11.1 eps=0.094 loss=0.1116
[ep  912] soldier      static_B_2020.02.13_13.57.29.csv@2458  reward= -278.01 qoe=   0.0 qoe_q= -120.4 eps=0.093 loss=0.1124
[ep  913] longdress    static_B_2020.02.27_18.39.27.csv@4768  reward=  -61.39 qoe=   0.0 qoe_q=  -48.9 eps=0.092 loss=0.1191
[ep  914] loot         static_B_2020.02.13_13.57.29.csv@2338  reward=  -70.62 qoe=   0.0 qoe_q=  -47.3 eps=0.091 loss=0.1225
[ep  915] redandblack  static_B_2020.02.14_13.21.26.csv@850   reward= -148.96 qoe=   0.0 qoe_q=  -73.3 eps=0.090 loss=0.1135
[ep  916] soldier      static_B_2020.02.27_18.39.27.csv@1168  reward=-1031.24 qoe=   0.0 qoe_q= -345.7 eps=0.089 loss=0.1120
[ep  917] longdress    static_B_2020.02.27_18.39.27.csv@2788  reward=  -53.02 qoe=   0.0 qoe_q=  -34.4 eps=0.088 loss=0.1199
[ep  918] loot         static_B_2020.02.14_13.21.26.csv@819   reward=    0.10 qoe=   0.0 qoe_q=  -29.7 eps=0.087 loss=0.1106
[ep  919] redandblack  static_B_2020.02.14_13.21.26.csv@639   reward=    7.46 qoe=   0.0 qoe_q=  -22.2 eps=0.086 loss=0.1332
[ep  920] soldier      static_B_2019.12.16_13.40.04.csv@1149  reward= -859.64 qoe=   0.0 qoe_q= -280.2 eps=0.085 loss=0.1133
[ep  921] longdress    static_B_2020.02.13_13.57.29.csv@2518  reward=  -39.93 qoe=   0.0 qoe_q=  -38.1 eps=0.084 loss=0.1121
[ep  922] loot         static_B_2020.02.27_18.39.27.csv@5742  reward= -237.29 qoe=   0.0 qoe_q=  -86.5 eps=0.083 loss=0.1112
[ep  923] redandblack  static_B_2020.02.27_18.39.27.csv@4948  reward= -160.05 qoe=   0.0 qoe_q=  -70.1 eps=0.082 loss=0.1303
[ep  924] soldier      static_B_2020.02.27_18.39.27.csv@568   reward=   51.39 qoe=   0.0 qoe_q=   -8.6 eps=0.081 loss=0.1161
[ep  925] longdress    static_B_2020.02.27_18.39.27.csv@148   reward=   10.94 qoe=   0.0 qoe_q=  -17.8 eps=0.080 loss=0.1107
[ep  926] loot         static_B_2020.02.27_18.39.27.csv@1768  reward= -250.28 qoe=   0.0 qoe_q= -108.2 eps=0.079 loss=0.1084
[ep  927] redandblack  static_B_2020.02.27_18.39.27.csv@3388  reward=   66.07 qoe=   0.0 qoe_q=    4.2 eps=0.078 loss=0.1304
[ep  928] soldier      static_B_2020.02.13_13.57.29.csv@2818  reward= -257.68 qoe=   0.0 qoe_q=  -89.7 eps=0.077 loss=0.1192
[ep  929] longdress    static_B_2020.02.27_18.39.27.csv@5548  reward=  -11.19 qoe=   0.0 qoe_q=  -20.5 eps=0.076 loss=0.1238
[ep  930] loot         static_B_2020.02.27_18.39.27.csv@1048  reward=   42.82 qoe=   0.0 qoe_q=   -6.7 eps=0.075 loss=0.1082
[ep  931] redandblack  static_B_2019.12.16_13.40.04.csv@909   reward= -172.89 qoe=   0.0 qoe_q=  -59.6 eps=0.074 loss=0.1096
[ep  932] soldier      static_B_2019.12.16_13.40.04.csv@1569  reward=   -4.76 qoe=   0.0 qoe_q=  -12.9 eps=0.073 loss=0.1115
[ep  933] longdress    static_B_2019.12.16_13.40.04.csv@1809  reward= -252.16 qoe=   0.0 qoe_q=  -82.0 eps=0.072 loss=0.1187
[ep  934] loot         static_B_2020.02.27_18.39.27.csv@508   reward=  -40.35 qoe=   0.0 qoe_q=  -29.9 eps=0.071 loss=0.1026
[ep  935] redandblack  static_B_2020.02.27_18.39.27.csv@3568  reward= -230.92 qoe=   0.0 qoe_q=  -68.1 eps=0.070 loss=0.1152
[ep  936] soldier      static_B_2020.02.27_18.39.27.csv@868   reward=  -63.56 qoe=   0.0 qoe_q=  -23.9 eps=0.069 loss=0.1164
[ep  937] longdress    static_B_2020.02.27_18.39.27.csv@5008  reward= -104.82 qoe=   0.0 qoe_q=  -38.7 eps=0.068 loss=0.1140
[ep  938] loot         static_B_2020.02.27_18.39.27.csv@4708  reward=  -76.61 qoe=   0.0 qoe_q=  -34.0 eps=0.067 loss=0.1087
[ep  939] redandblack  static_B_2020.02.27_18.39.27.csv@328   reward= -632.74 qoe=   0.0 qoe_q= -194.7 eps=0.066 loss=0.1160
[ep  940] soldier      static_B_2020.02.14_13.21.26.csv@699   reward=   34.89 qoe=   0.0 qoe_q=   -6.1 eps=0.065 loss=0.1250
[ep  941] longdress    static_B_2020.02.27_18.39.27.csv@28    reward=   30.75 qoe=   0.0 qoe_q=   -7.3 eps=0.064 loss=0.1198
[ep  942] loot         static_B_2020.02.13_13.57.29.csv@2218  reward=  -98.22 qoe=   0.0 qoe_q=  -32.1 eps=0.063 loss=0.1184
[ep  943] redandblack  static_B_2020.02.13_13.57.29.csv@1258  reward= -208.35 qoe=   0.0 qoe_q=  -66.2 eps=0.062 loss=0.1266
[ep  944] soldier      static_B_2020.02.27_18.39.27.csv@3208  reward=  -27.55 qoe=   0.0 qoe_q=  -22.0 eps=0.061 loss=0.1103
[ep  945] longdress    static_B_2020.02.13_13.57.29.csv@1798  reward= -392.84 qoe=   0.0 qoe_q= -121.7 eps=0.060 loss=0.1172
[ep  946] loot         static_B_2019.12.16_13.40.04.csv@309   reward= -329.10 qoe=   0.0 qoe_q= -109.9 eps=0.059 loss=0.1160
[ep  947] redandblack  static_B_2020.02.27_18.39.27.csv@1528  reward=  -88.74 qoe=   0.0 qoe_q=  -29.5 eps=0.058 loss=0.1197
[ep  948] soldier      static_B_2019.12.16_13.40.04.csv@1209  reward= -267.76 qoe=   0.0 qoe_q=  -91.6 eps=0.057 loss=0.1044
[ep  949] longdress    static_B_2020.02.27_18.39.27.csv@3988  reward= -177.58 qoe=   0.0 qoe_q=  -74.7 eps=0.056 loss=0.1120
[ep  950] loot         static_B_2019.12.16_13.40.04.csv@609   reward= -230.24 qoe=   0.0 qoe_q=  -76.1 eps=0.055 loss=0.1088
[ep  951] redandblack  static_B_2020.02.14_13.21.26.csv@39    reward=   65.73 qoe=   0.0 qoe_q=   10.7 eps=0.054 loss=0.1190
[ep  952] soldier      static_B_2020.02.27_18.39.27.csv@4168  reward= -267.89 qoe=   0.0 qoe_q= -101.6 eps=0.053 loss=0.1201
[ep  953] longdress    static_B_2020.02.27_18.39.27.csv@1948  reward= -189.31 qoe=   0.0 qoe_q=  -93.9 eps=0.052 loss=0.1252
[ep  954] loot         static_B_2020.02.13_13.57.29.csv@1018  reward=  -86.63 qoe=   0.0 qoe_q=  -53.9 eps=0.051 loss=0.1157
[ep  955] redandblack  static_B_2020.02.27_18.39.27.csv@4828  reward=   13.94 qoe=   0.0 qoe_q=  -11.2 eps=0.050 loss=0.1234
[ep  956] soldier      static_B_2020.02.27_18.39.27.csv@3328  reward= -223.13 qoe=   0.0 qoe_q=  -79.5 eps=0.050 loss=0.1181
[ep  957] longdress    static_B_2020.02.27_18.39.27.csv@3268  reward= -165.65 qoe=   0.0 qoe_q=  -59.2 eps=0.050 loss=0.1125
[ep  958] loot         static_B_2020.02.14_13.21.26.csv@99    reward= -159.04 qoe=   0.0 qoe_q=  -61.7 eps=0.050 loss=0.1232
[ep  959] redandblack  static_B_2020.02.27_18.39.27.csv@5742  reward= -133.56 qoe=   0.0 qoe_q=  -56.0 eps=0.050 loss=0.1264
[ep  960] soldier      static_B_2020.02.27_18.39.27.csv@4528  reward= -106.26 qoe=   0.0 qoe_q=  -71.8 eps=0.050 loss=0.1185
[ep  961] longdress    static_B_2019.12.16_13.40.04.csv@429   reward=-1567.44 qoe=   0.0 qoe_q= -471.2 eps=0.050 loss=0.1216
[ep  962] loot         static_B_2020.02.13_13.57.29.csv@1138  reward= -152.31 qoe=   0.0 qoe_q=  -59.3 eps=0.050 loss=0.1188
[ep  963] redandblack  static_B_2020.02.27_18.39.27.csv@268   reward=  -14.02 qoe=   0.0 qoe_q=   -6.8 eps=0.050 loss=0.1161
[ep  964] soldier      static_B_2020.02.13_13.57.29.csv@2278  reward=   28.12 qoe=   0.0 qoe_q=   -0.0 eps=0.050 loss=0.1191
[ep  965] longdress    static_B_2019.12.16_13.40.04.csv@249   reward= -494.56 qoe=   0.0 qoe_q= -167.9 eps=0.050 loss=0.1118
[ep  966] loot         static_B_2020.02.27_18.39.27.csv@4288  reward=   83.41 qoe=   0.0 qoe_q=   15.1 eps=0.050 loss=0.1189
[ep  967] redandblack  static_B_2020.02.27_18.39.27.csv@5188  reward= -354.23 qoe=   0.0 qoe_q= -138.0 eps=0.050 loss=0.1226
[ep  968] soldier      static_B_2020.02.13_13.57.29.csv@1438  reward= -417.47 qoe=   0.0 qoe_q= -145.9 eps=0.050 loss=0.1207
[ep  969] longdress    static_B_2020.02.27_18.39.27.csv@2908  reward= -223.09 qoe=   0.0 qoe_q= -100.7 eps=0.050 loss=0.1205
[ep  970] loot         static_B_2019.12.16_13.40.04.csv@1269  reward= -153.59 qoe=   0.0 qoe_q=  -61.0 eps=0.050 loss=0.1215
[ep  971] redandblack  static_B_2020.02.13_13.57.29.csv@2578  reward= -356.85 qoe=   0.0 qoe_q= -117.9 eps=0.050 loss=0.1179
[ep  972] soldier      static_B_2019.12.16_13.40.04.csv@9     reward=  -49.10 qoe=   0.0 qoe_q=  -25.0 eps=0.050 loss=0.1330
[ep  973] longdress    static_B_2019.12.16_13.40.04.csv@1869  reward=-1013.12 qoe=   0.0 qoe_q= -290.4 eps=0.050 loss=0.1272
[ep  974] loot         static_B_2019.12.16_13.40.04.csv@1089  reward=-2385.89 qoe=   0.0 qoe_q= -653.2 eps=0.050 loss=0.1103
[ep  975] redandblack  static_B_2020.02.14_13.21.26.csv@279   reward=   39.43 qoe=   0.0 qoe_q=   -5.3 eps=0.050 loss=0.1181
[ep  976] soldier      static_B_2019.12.16_13.40.04.csv@489   reward=  -77.85 qoe=   0.0 qoe_q=  -65.4 eps=0.050 loss=0.1329
[ep  977] longdress    static_B_2020.02.14_13.21.26.csv@579   reward=   55.55 qoe=   0.0 qoe_q=   -3.9 eps=0.050 loss=0.1126
[ep  978] loot         static_B_2020.02.27_18.39.27.csv@928   reward=   -6.81 qoe=   0.0 qoe_q=  -15.7 eps=0.050 loss=0.1256
[ep  979] redandblack  static_B_2019.12.16_13.40.04.csv@189   reward=   47.73 qoe=   0.0 qoe_q=    2.1 eps=0.050 loss=0.1193
[ep  980] soldier      static_B_2020.02.27_18.39.27.csv@1888  reward=   -8.54 qoe=   0.0 qoe_q=  -16.6 eps=0.050 loss=0.1271
[ep  981] longdress    static_B_2020.02.27_18.39.27.csv@5248  reward=   60.02 qoe=   0.0 qoe_q=   -1.0 eps=0.050 loss=0.1155
[ep  982] loot         static_B_2020.02.27_18.39.27.csv@1468  reward= -197.83 qoe=   0.0 qoe_q=  -68.6 eps=0.050 loss=0.1063
[ep  983] redandblack  static_B_2020.02.27_18.39.27.csv@4228  reward= -154.48 qoe=   0.0 qoe_q=  -57.8 eps=0.050 loss=0.1230
[ep  984] soldier      static_B_2020.02.13_13.57.29.csv@2038  reward=  -21.12 qoe=   0.0 qoe_q=  -21.8 eps=0.050 loss=0.1147
[ep  985] longdress    static_B_2020.02.13_13.57.29.csv@2758  reward= -309.43 qoe=   0.0 qoe_q= -115.8 eps=0.050 loss=0.1145
[ep  986] loot         static_B_2020.02.27_18.39.27.csv@5668  reward=   48.28 qoe=   0.0 qoe_q=  -10.9 eps=0.050 loss=0.1125
[ep  987] redandblack  static_B_2020.02.27_18.39.27.csv@5728  reward=  -68.77 qoe=   0.0 qoe_q=  -33.8 eps=0.050 loss=0.1267
[ep  988] soldier      static_B_2019.12.16_13.40.04.csv@1329  reward= -232.58 qoe=   0.0 qoe_q= -104.2 eps=0.050 loss=0.1160
[ep  989] longdress    static_B_2020.02.13_13.57.29.csv@1978  reward= -124.00 qoe=   0.0 qoe_q=  -45.0 eps=0.050 loss=0.1242
[ep  990] loot         static_B_2020.02.27_18.39.27.csv@2488  reward=  -44.62 qoe=   0.0 qoe_q=  -38.5 eps=0.050 loss=0.1266
[ep  991] redandblack  static_B_2020.02.13_13.57.29.csv@1738  reward= -499.08 qoe=   0.0 qoe_q= -184.3 eps=0.050 loss=0.1181
[ep  992] soldier      static_B_2020.02.13_13.57.29.csv@718   reward= -441.20 qoe=   0.0 qoe_q= -148.1 eps=0.050 loss=0.1183
[ep  993] longdress    static_B_2019.12.16_13.40.04.csv@1389  reward= -165.12 qoe=   0.0 qoe_q=  -60.5 eps=0.050 loss=0.1207
[ep  994] loot         static_B_2020.02.13_13.57.29.csv@1318  reward= -148.09 qoe=   0.0 qoe_q=  -55.1 eps=0.050 loss=0.1264
[ep  995] redandblack  static_B_2020.02.27_18.39.27.csv@2008  reward= -120.92 qoe=   0.0 qoe_q=  -48.3 eps=0.050 loss=0.1223
[ep  996] loot         static_B_2019.12.16_13.40.04.csv@1904  reward=   96.52 qoe=   0.0 qoe_q=   20.7 eps=0.050 loss=0.1126
[ep  997] redandblack  static_B_2020.02.13_13.57.29.csv@1861  reward= -749.77 qoe=   0.0 qoe_q= -207.4 eps=0.050 loss=0.1088
[ep  998] soldier      static_B_2020.02.27_18.39.27.csv@1090  reward= -266.01 qoe=   0.0 qoe_q=  -93.3 eps=0.050 loss=0.1224
[ep  999] longdress    static_B_2020.02.13_13.57.29.csv@1561  reward= -320.73 qoe=   0.0 qoe_q= -105.5 eps=0.050 loss=0.1098
[ep 1000] loot         static_B_2020.02.27_18.39.27.csv@4630  reward= -449.35 qoe=   0.0 qoe_q= -157.6 eps=0.050 loss=0.1082
    [eval @ ep 1000] reward=-228.42 qoe=0.0 qoe_q=-71.0 mean_q=0.861 stall=28.5s
[ep 1001] redandblack  static_B_2020.02.27_18.39.27.csv@5742  reward= -210.02 qoe=   0.0 qoe_q=  -58.2 eps=0.050 loss=0.1280
[ep 1002] soldier      static_B_2020.02.14_13.21.26.csv@837   reward= -115.20 qoe=   0.0 qoe_q=  -45.1 eps=0.050 loss=0.1132
[ep 1003] longdress    static_B_2020.02.14_13.21.26.csv@417   reward=  -88.91 qoe=   0.0 qoe_q=  -37.4 eps=0.050 loss=0.1176
[ep 1004] loot         static_B_2020.02.13_13.57.29.csv@2701  reward=   44.58 qoe=   0.0 qoe_q=    9.0 eps=0.050 loss=0.1236
[ep 1005] redandblack  static_B_2019.12.16_13.40.04.csv@1545  reward=  -44.81 qoe=   0.0 qoe_q=  -37.4 eps=0.050 loss=0.1158
[ep 1006] soldier      static_B_2019.12.16_13.40.04.csv@705   reward=   22.00 qoe=   0.0 qoe_q=   -4.2 eps=0.050 loss=0.1176
[ep 1007] longdress    static_B_2020.02.27_18.39.27.csv@610   reward=   89.02 qoe=   0.0 qoe_q=   23.0 eps=0.050 loss=0.1190
[ep 1008] loot         static_B_2019.12.16_13.40.04.csv@1904  reward=  110.40 qoe=   0.2 qoe_q=   30.7 eps=0.050 loss=0.1224
[ep 1009] redandblack  static_B_2020.02.27_18.39.27.csv@2530  reward=   32.50 qoe=   0.0 qoe_q=    7.0 eps=0.050 loss=0.1250
[ep 1010] soldier      static_B_2019.12.16_13.40.04.csv@945   reward= -370.54 qoe=   0.0 qoe_q= -125.5 eps=0.050 loss=0.1221
[ep 1011] longdress    static_B_2020.02.13_13.57.29.csv@2641  reward=   19.37 qoe=   0.0 qoe_q=  -16.9 eps=0.050 loss=0.1255
[ep 1012] loot         static_B_2019.12.16_13.40.04.csv@1125  reward=-1903.82 qoe=   0.0 qoe_q= -533.6 eps=0.050 loss=0.1172
[ep 1013] redandblack  static_B_2019.12.16_13.40.04.csv@1185  reward= -134.56 qoe=   0.0 qoe_q=  -57.5 eps=0.050 loss=0.1210
[ep 1014] soldier      static_B_2020.02.13_13.57.29.csv@1261  reward= -175.23 qoe=   0.0 qoe_q=  -72.3 eps=0.050 loss=0.1287
[ep 1015] longdress    static_B_2020.02.27_18.39.27.csv@2290  reward= -164.03 qoe=   0.0 qoe_q=  -80.3 eps=0.050 loss=0.1234
[ep 1016] loot         static_B_2020.02.27_18.39.27.csv@190   reward= -436.40 qoe=   0.0 qoe_q= -143.4 eps=0.050 loss=0.1110
[ep 1017] redandblack  static_B_2020.02.13_13.57.29.csv@1321  reward= -198.59 qoe=   0.0 qoe_q=  -73.8 eps=0.050 loss=0.1192
[ep 1018] soldier      static_B_2020.02.13_13.57.29.csv@1681  reward= -518.58 qoe=   0.0 qoe_q= -167.7 eps=0.050 loss=0.1262
[ep 1019] longdress    static_B_2020.02.14_13.21.26.csv@850   reward= -154.60 qoe=   0.0 qoe_q=  -75.5 eps=0.050 loss=0.1395
[ep 1020] loot         static_B_2020.02.27_18.39.27.csv@1330  reward= -293.08 qoe=   0.0 qoe_q=  -90.3 eps=0.050 loss=0.1281
[ep 1021] redandblack  static_B_2020.02.27_18.39.27.csv@2350  reward=-1225.33 qoe=   0.0 qoe_q= -342.9 eps=0.050 loss=0.1110
[ep 1022] soldier      static_B_2020.02.13_13.57.29.csv@2281  reward=  -23.15 qoe=   0.0 qoe_q=  -29.1 eps=0.050 loss=0.1197
[ep 1023] longdress    static_B_2019.12.16_13.40.04.csv@165   reward=  -79.07 qoe=   0.0 qoe_q=  -29.8 eps=0.050 loss=0.1297
[ep 1024] loot         static_B_2020.02.13_13.57.29.csv@301   reward=   97.45 qoe=   0.0 qoe_q=   26.9 eps=0.050 loss=0.1168
[ep 1025] redandblack  static_B_2020.02.13_13.57.29.csv@901   reward= -232.78 qoe=   0.0 qoe_q= -112.2 eps=0.050 loss=0.1383
[ep 1026] soldier      static_B_2020.02.13_13.57.29.csv@361   reward= -470.15 qoe=   0.0 qoe_q= -205.1 eps=0.050 loss=0.1280
[ep 1027] longdress    static_B_2020.02.27_18.39.27.csv@4870  reward= -586.72 qoe=   0.0 qoe_q= -227.9 eps=0.050 loss=0.1185
[ep 1028] loot         static_B_2020.02.27_18.39.27.csv@1930  reward=  -20.99 qoe=   0.0 qoe_q=  -34.0 eps=0.050 loss=0.1270
[ep 1029] redandblack  static_B_2020.02.27_18.39.27.csv@3490  reward=   47.37 qoe=   0.0 qoe_q=   -1.9 eps=0.050 loss=0.1282
[ep 1030] soldier      static_B_2020.02.27_18.39.27.csv@3790  reward= -725.89 qoe=   0.0 qoe_q= -235.3 eps=0.050 loss=0.1259
[ep 1031] longdress    static_B_2020.02.14_13.21.26.csv@477   reward=   47.09 qoe=   0.0 qoe_q=   -1.3 eps=0.050 loss=0.1174
[ep 1032] loot         static_B_2020.02.27_18.39.27.csv@4210  reward= -115.32 qoe=   0.0 qoe_q=  -43.2 eps=0.050 loss=0.1192
[ep 1033] redandblack  static_B_2020.02.27_18.39.27.csv@1270  reward=    8.07 qoe=   0.0 qoe_q=  -11.6 eps=0.050 loss=0.1207
[ep 1034] soldier      static_B_2020.02.27_18.39.27.csv@4930  reward=  -99.32 qoe=   0.0 qoe_q=  -36.3 eps=0.050 loss=0.1276
[ep 1035] longdress    static_B_2020.02.27_18.39.27.csv@2410  reward=   14.88 qoe=   0.0 qoe_q=   -5.9 eps=0.050 loss=0.1172
[ep 1036] loot         static_B_2019.12.16_13.40.04.csv@645   reward=  -62.77 qoe=   0.0 qoe_q=  -32.4 eps=0.050 loss=0.1207
[ep 1037] redandblack  static_B_2020.02.27_18.39.27.csv@3310  reward=   61.43 qoe=   0.0 qoe_q=   12.0 eps=0.050 loss=0.1288
[ep 1038] soldier      static_B_2020.02.27_18.39.27.csv@1570  reward= -145.29 qoe=   0.0 qoe_q=  -77.4 eps=0.050 loss=0.1296
[ep 1039] longdress    static_B_2020.02.13_13.57.29.csv@2945  reward= -226.68 qoe=   0.0 qoe_q=  -96.7 eps=0.050 loss=0.1159
[ep 1040] loot         static_B_2020.02.27_18.39.27.csv@3670  reward=   74.08 qoe=   0.0 qoe_q=    9.5 eps=0.050 loss=0.1260
[ep 1041] redandblack  static_B_2019.12.16_13.40.04.csv@465   reward=-1300.35 qoe=   0.0 qoe_q= -364.2 eps=0.050 loss=0.1234
[ep 1042] soldier      static_B_2020.02.27_18.39.27.csv@3850  reward= -704.47 qoe=   0.0 qoe_q= -235.4 eps=0.050 loss=0.1263
[ep 1043] longdress    static_B_2020.02.14_13.21.26.csv@597   reward=   45.12 qoe=   0.0 qoe_q=   -4.5 eps=0.050 loss=0.1372
[ep 1044] loot         static_B_2020.02.13_13.57.29.csv@1981  reward= -110.34 qoe=   0.0 qoe_q=  -42.7 eps=0.050 loss=0.1245
[ep 1045] redandblack  static_B_2020.02.27_18.39.27.csv@2710  reward=   52.71 qoe=   0.0 qoe_q=    5.7 eps=0.050 loss=0.1236
[ep 1046] soldier      static_B_2019.12.16_13.40.04.csv@45    reward= -255.92 qoe=   0.0 qoe_q=  -96.2 eps=0.050 loss=0.1286
[ep 1047] longdress    static_B_2020.02.13_13.57.29.csv@2521  reward= -174.96 qoe=   0.0 qoe_q=  -76.5 eps=0.050 loss=0.1130
[ep 1048] loot         static_B_2020.02.27_18.39.27.csv@5530  reward= -135.72 qoe=   0.0 qoe_q=  -42.3 eps=0.050 loss=0.1434
[ep 1049] redandblack  static_B_2020.02.27_18.39.27.csv@4090  reward=   57.65 qoe=   0.0 qoe_q=   13.0 eps=0.050 loss=0.1224
[ep 1050] soldier      static_B_2020.02.27_18.39.27.csv@1690  reward= -240.48 qoe=   0.0 qoe_q= -113.1 eps=0.050 loss=0.1178
[ep 1051] longdress    static_B_2019.12.16_13.40.04.csv@1665  reward= -301.83 qoe=   0.0 qoe_q= -121.5 eps=0.050 loss=0.1218
[ep 1052] loot         static_B_2020.02.13_13.57.29.csv@1141  reward= -156.09 qoe=   0.0 qoe_q=  -70.9 eps=0.050 loss=0.1232
[ep 1053] redandblack  static_B_2020.02.27_18.39.27.csv@4270  reward=   17.61 qoe=   0.0 qoe_q=  -11.6 eps=0.050 loss=0.1210
[ep 1054] soldier      static_B_2020.02.27_18.39.27.csv@4510  reward= -261.19 qoe=   0.0 qoe_q= -106.0 eps=0.050 loss=0.1214
[ep 1055] longdress    static_B_2019.12.16_13.40.04.csv@525   reward= -260.19 qoe=   0.0 qoe_q=  -98.3 eps=0.050 loss=0.1345
[ep 1056] loot         static_B_2020.02.13_13.57.29.csv@1801  reward= -347.61 qoe=   0.0 qoe_q= -110.1 eps=0.050 loss=0.1268
[ep 1057] redandblack  static_B_2020.02.14_13.21.26.csv@657   reward=   24.89 qoe=   0.0 qoe_q=  -10.7 eps=0.050 loss=0.1326
[ep 1058] soldier      static_B_2020.02.27_18.39.27.csv@2230  reward=  -44.64 qoe=   0.0 qoe_q=  -40.5 eps=0.050 loss=0.1132
[ep 1059] longdress    static_B_2020.02.27_18.39.27.csv@4150  reward= -273.04 qoe=   0.0 qoe_q= -104.7 eps=0.050 loss=0.1313
[ep 1060] loot         static_B_2020.02.27_18.39.27.csv@3250  reward= -102.39 qoe=   0.0 qoe_q=  -63.7 eps=0.050 loss=0.1258
[ep 1061] redandblack  static_B_2020.02.14_13.21.26.csv@117   reward=   14.20 qoe=   0.0 qoe_q=  -18.4 eps=0.050 loss=0.1279
[ep 1062] soldier      static_B_2020.02.27_18.39.27.csv@2170  reward=   61.37 qoe=   0.0 qoe_q=    0.5 eps=0.050 loss=0.1370
[ep 1063] longdress    static_B_2020.02.14_13.21.26.csv@357   reward=  -92.03 qoe=   0.0 qoe_q=  -50.3 eps=0.050 loss=0.1273
[ep 1064] loot         static_B_2020.02.27_18.39.27.csv@1150  reward= -156.34 qoe=   0.0 qoe_q=  -68.2 eps=0.050 loss=0.1204
[ep 1065] redandblack  static_B_2020.02.27_18.39.27.csv@4990  reward= -191.95 qoe=   0.0 qoe_q=  -54.4 eps=0.050 loss=0.1183
[ep 1066] soldier      static_B_2020.02.13_13.57.29.csv@1921  reward=  -43.54 qoe=   0.0 qoe_q=  -48.9 eps=0.050 loss=0.1303
[ep 1067] longdress    static_B_2020.02.27_18.39.27.csv@1030  reward= -152.24 qoe=   0.0 qoe_q=  -62.6 eps=0.050 loss=0.1289
[ep 1068] loot         static_B_2020.02.27_18.39.27.csv@1750  reward=   28.63 qoe=   0.0 qoe_q=   -3.2 eps=0.050 loss=0.1326
[ep 1069] redandblack  static_B_2020.02.27_18.39.27.csv@5410  reward=   -3.65 qoe=   0.0 qoe_q=   -8.6 eps=0.050 loss=0.1191
[ep 1070] soldier      static_B_2020.02.27_18.39.27.csv@5470  reward=   84.11 qoe=   0.0 qoe_q=   21.2 eps=0.050 loss=0.1230
[ep 1071] longdress    static_B_2020.02.27_18.39.27.csv@10    reward=  -73.46 qoe=   0.0 qoe_q=  -45.2 eps=0.050 loss=0.1346
[ep 1072] loot         static_B_2020.02.13_13.57.29.csv@481   reward= -272.96 qoe=   0.0 qoe_q= -113.5 eps=0.050 loss=0.1308
[ep 1073] redandblack  static_B_2020.02.13_13.57.29.csv@2881  reward= -349.65 qoe=   0.0 qoe_q= -128.7 eps=0.050 loss=0.1267
[ep 1074] soldier      static_B_2020.02.27_18.39.27.csv@4330  reward= -177.07 qoe=   0.0 qoe_q=  -94.5 eps=0.050 loss=0.1329
[ep 1075] longdress    static_B_2020.02.13_13.57.29.csv@1381  reward= -186.43 qoe=   0.0 qoe_q=  -80.2 eps=0.050 loss=0.1211
[ep 1076] loot         static_B_2020.02.27_18.39.27.csv@790   reward=   15.89 qoe=   0.0 qoe_q=  -13.4 eps=0.050 loss=0.1218
[ep 1077] redandblack  static_B_2020.02.27_18.39.27.csv@4570  reward=  -20.01 qoe=   0.0 qoe_q=  -23.6 eps=0.050 loss=0.1219
[ep 1078] soldier      static_B_2020.02.27_18.39.27.csv@850   reward= -441.21 qoe=   0.0 qoe_q= -164.6 eps=0.050 loss=0.1230
[ep 1079] longdress    static_B_2020.02.27_18.39.27.csv@250   reward=  -15.84 qoe=   0.0 qoe_q=  -15.0 eps=0.050 loss=0.1204
[ep 1080] loot         static_B_2020.02.27_18.39.27.csv@5742  reward= -212.00 qoe=   0.0 qoe_q=  -67.2 eps=0.050 loss=0.1345
[ep 1081] redandblack  static_B_2020.02.27_18.39.27.csv@3130  reward=-1761.14 qoe=   0.0 qoe_q= -491.9 eps=0.050 loss=0.1259
[ep 1082] soldier      static_B_2020.02.27_18.39.27.csv@1510  reward=   59.45 qoe=   0.0 qoe_q=   -0.5 eps=0.050 loss=0.1262
[ep 1083] longdress    static_B_2020.02.14_13.21.26.csv@717   reward=   78.56 qoe=   0.0 qoe_q=   11.2 eps=0.050 loss=0.1197
[ep 1084] loot         static_B_2020.02.13_13.57.29.csv@1441  reward= -217.16 qoe=   0.0 qoe_q=  -93.8 eps=0.050 loss=0.1249
[ep 1085] redandblack  static_B_2019.12.16_13.40.04.csv@885   reward= -347.29 qoe=   0.0 qoe_q= -108.4 eps=0.050 loss=0.1206
[ep 1086] soldier      static_B_2020.02.27_18.39.27.csv@5230  reward=  -35.46 qoe=   0.0 qoe_q=  -20.1 eps=0.050 loss=0.1284
[ep 1087] longdress    static_B_2020.02.13_13.57.29.csv@661   reward= -577.13 qoe=   0.0 qoe_q= -200.5 eps=0.050 loss=0.1219
[ep 1088] loot         static_B_2020.02.27_18.39.27.csv@2470  reward=   48.56 qoe=   0.0 qoe_q=   -4.1 eps=0.050 loss=0.1351
[ep 1089] redandblack  static_B_2019.12.16_13.40.04.csv@1005  reward= -141.06 qoe=   0.0 qoe_q=  -57.7 eps=0.050 loss=0.1188
[ep 1090] soldier      static_B_2020.02.27_18.39.27.csv@4030  reward=  -52.70 qoe=   0.0 qoe_q=  -37.6 eps=0.050 loss=0.1343
[ep 1091] longdress    static_B_2020.02.27_18.39.27.csv@550   reward=-1202.22 qoe=   0.0 qoe_q= -352.5 eps=0.050 loss=0.1321
[ep 1092] loot         static_B_2020.02.13_13.57.29.csv@241   reward=   35.58 qoe=   0.0 qoe_q=   -8.1 eps=0.050 loss=0.1247
[ep 1093] redandblack  static_B_2020.02.27_18.39.27.csv@70    reward=  -53.93 qoe=   0.0 qoe_q=  -27.6 eps=0.050 loss=0.1270
[ep 1094] soldier      static_B_2020.02.27_18.39.27.csv@5710  reward= -190.81 qoe=   0.0 qoe_q=  -67.7 eps=0.050 loss=0.1230
[ep 1095] longdress    static_B_2020.02.14_13.21.26.csv@297   reward=   10.97 qoe=   0.0 qoe_q=  -21.6 eps=0.050 loss=0.1247
[ep 1096] loot         static_B_2020.02.27_18.39.27.csv@910   reward=  -73.10 qoe=   0.0 qoe_q=  -31.3 eps=0.050 loss=0.1459
[ep 1097] redandblack  static_B_2020.02.27_18.39.27.csv@2590  reward=   38.13 qoe=   0.0 qoe_q=   -5.3 eps=0.050 loss=0.1048
[ep 1098] soldier      static_B_2020.02.27_18.39.27.csv@1450  reward=  -99.14 qoe=   0.0 qoe_q=  -57.6 eps=0.050 loss=0.1276
[ep 1099] longdress    static_B_2020.02.13_13.57.29.csv@1021  reward= -197.32 qoe=   0.0 qoe_q=  -82.3 eps=0.050 loss=0.1323
[ep 1100] loot         static_B_2019.12.16_13.40.04.csv@1785  reward= -249.84 qoe=   0.0 qoe_q=  -85.0 eps=0.050 loss=0.1278
    [eval @ ep 1100] reward=-250.01 qoe=0.0 qoe_q=-81.5 mean_q=0.859 stall=30.1s
[ep 1101] redandblack  static_B_2020.02.13_13.57.29.csv@2461  reward= -215.27 qoe=   0.0 qoe_q=  -72.9 eps=0.050 loss=0.1354
[ep 1102] soldier      static_B_2020.02.13_13.57.29.csv@1501  reward= -304.54 qoe=   0.0 qoe_q= -115.3 eps=0.050 loss=0.1256
[ep 1103] longdress    static_B_2020.02.13_13.57.29.csv@61    reward= -641.59 qoe=   0.0 qoe_q= -213.6 eps=0.050 loss=0.1267
[ep 1104] loot         static_B_2020.02.13_13.57.29.csv@601   reward= -326.73 qoe=   0.0 qoe_q= -108.5 eps=0.050 loss=0.1226
[ep 1105] redandblack  static_B_2020.02.27_18.39.27.csv@370   reward=  -15.56 qoe=   0.0 qoe_q=  -13.3 eps=0.050 loss=0.1228
[ep 1106] soldier      static_B_2020.02.27_18.39.27.csv@3910  reward=  -90.45 qoe=   0.0 qoe_q=  -33.8 eps=0.050 loss=0.1235
[ep 1107] longdress    static_B_2020.02.27_18.39.27.csv@2950  reward= -236.03 qoe=   0.0 qoe_q=  -79.8 eps=0.050 loss=0.1420
[ep 1108] loot         static_B_2020.02.13_13.57.29.csv@841   reward=  -53.25 qoe=   0.0 qoe_q=  -34.2 eps=0.050 loss=0.1399
[ep 1109] redandblack  static_B_2020.02.27_18.39.27.csv@3010  reward= -208.92 qoe=   0.0 qoe_q=  -79.6 eps=0.050 loss=0.1384
[ep 1110] soldier      static_B_2020.02.27_18.39.27.csv@3610  reward= -340.27 qoe=   0.0 qoe_q= -124.0 eps=0.050 loss=0.1332
[ep 1111] longdress    static_B_2020.02.14_13.21.26.csv@57    reward=   41.91 qoe=   0.0 qoe_q=   -7.4 eps=0.050 loss=0.1185
[ep 1112] loot         static_B_2020.02.27_18.39.27.csv@130   reward=  -77.32 qoe=   0.0 qoe_q=  -45.7 eps=0.050 loss=0.1369
[ep 1113] redandblack  static_B_2020.02.13_13.57.29.csv@2761  reward=  -74.81 qoe=   0.0 qoe_q=  -42.6 eps=0.050 loss=0.1269
[ep 1114] soldier      static_B_2019.12.16_13.40.04.csv@1245  reward= -262.67 qoe=   0.0 qoe_q=  -99.6 eps=0.050 loss=0.1355
[ep 1115] longdress    static_B_2020.02.27_18.39.27.csv@5290  reward=  -20.75 qoe=   0.0 qoe_q=  -17.4 eps=0.050 loss=0.1195
[ep 1116] loot         static_B_2020.02.13_13.57.29.csv@2041  reward=   20.12 qoe=   0.0 qoe_q=   -5.5 eps=0.050 loss=0.1328
[ep 1117] redandblack  static_B_2020.02.27_18.39.27.csv@1630  reward=  -70.32 qoe=   0.0 qoe_q=  -36.3 eps=0.050 loss=0.1366
[ep 1118] soldier      static_B_2020.02.27_18.39.27.csv@730   reward= -221.45 qoe=   0.0 qoe_q=  -74.3 eps=0.050 loss=0.1288
[ep 1119] longdress    static_B_2020.02.13_13.57.29.csv@1     reward=  -87.37 qoe=   0.0 qoe_q=  -42.5 eps=0.050 loss=0.1429
[ep 1120] loot         static_B_2020.02.13_13.57.29.csv@2161  reward= -134.92 qoe=   0.0 qoe_q=  -51.6 eps=0.050 loss=0.1321
[ep 1121] redandblack  static_B_2020.02.27_18.39.27.csv@3970  reward=  -48.11 qoe=   0.0 qoe_q=  -31.6 eps=0.050 loss=0.1440
[ep 1122] soldier      static_B_2020.02.27_18.39.27.csv@3370  reward=   59.92 qoe=   0.0 qoe_q=    5.0 eps=0.050 loss=0.1363
[ep 1123] longdress    static_B_2020.02.13_13.57.29.csv@1741  reward= -588.56 qoe=   0.0 qoe_q= -179.6 eps=0.050 loss=0.1208
[ep 1124] loot         static_B_2020.02.27_18.39.27.csv@310   reward=   42.44 qoe=   0.0 qoe_q=   -2.0 eps=0.050 loss=0.1309
[ep 1125] redandblack  static_B_2020.02.27_18.39.27.csv@3430  reward=    9.55 qoe=   0.0 qoe_q=   -9.5 eps=0.050 loss=0.1184
[ep 1126] soldier      static_B_2020.02.13_13.57.29.csv@1201  reward=  -98.06 qoe=   0.0 qoe_q=  -56.0 eps=0.050 loss=0.1296
[ep 1127] longdress    static_B_2020.02.13_13.57.29.csv@2941  reward= -222.76 qoe=   0.0 qoe_q=  -96.4 eps=0.050 loss=0.1284
[ep 1128] loot         static_B_2020.02.27_18.39.27.csv@5350  reward=  -67.28 qoe=   0.0 qoe_q=  -26.8 eps=0.050 loss=0.1358
[ep 1129] redandblack  static_B_2020.02.13_13.57.29.csv@2581  reward= -310.56 qoe=   0.0 qoe_q= -106.4 eps=0.050 loss=0.1260
[ep 1130] soldier      static_B_2020.02.13_13.57.29.csv@721   reward= -560.81 qoe=   0.0 qoe_q= -193.3 eps=0.050 loss=0.1223
[ep 1131] longdress    static_B_2020.02.13_13.57.29.csv@2341  reward= -398.55 qoe=   0.0 qoe_q= -161.0 eps=0.050 loss=0.1431
[ep 1132] loot         static_B_2020.02.27_18.39.27.csv@3730  reward=   41.33 qoe=   0.0 qoe_q=    2.6 eps=0.050 loss=0.1290
[ep 1133] redandblack  static_B_2020.02.27_18.39.27.csv@2890  reward=   24.67 qoe=   0.0 qoe_q=   -7.9 eps=0.050 loss=0.1388
[ep 1134] soldier      static_B_2020.02.27_18.39.27.csv@1210  reward=   35.28 qoe=   0.0 qoe_q=   -7.6 eps=0.050 loss=0.1298
[ep 1135] longdress    static_B_2019.12.16_13.40.04.csv@585   reward= -269.48 qoe=   0.0 qoe_q= -119.8 eps=0.050 loss=0.1288
[ep 1136] loot         static_B_2019.12.16_13.40.04.csv@405   reward= -191.76 qoe=   0.0 qoe_q=  -77.3 eps=0.050 loss=0.1410
[ep 1137] redandblack  static_B_2019.12.16_13.40.04.csv@1725  reward= -390.12 qoe=   0.0 qoe_q= -115.1 eps=0.050 loss=0.1411
[ep 1138] soldier      static_B_2020.02.13_13.57.29.csv@1621  reward= -172.05 qoe=   0.0 qoe_q=  -66.0 eps=0.050 loss=0.1292
[ep 1139] longdress    static_B_2019.12.16_13.40.04.csv@1425  reward= -152.93 qoe=   0.0 qoe_q=  -63.9 eps=0.050 loss=0.1209
[ep 1140] loot         static_B_2020.02.27_18.39.27.csv@970   reward=   39.59 qoe=   0.0 qoe_q=   -8.9 eps=0.050 loss=0.1237
[ep 1141] redandblack  static_B_2020.02.27_18.39.27.csv@5170  reward= -126.07 qoe=   0.0 qoe_q=  -44.4 eps=0.050 loss=0.1178
[ep 1142] soldier      static_B_2020.02.27_18.39.27.csv@2050  reward=  -78.45 qoe=   0.0 qoe_q=  -47.1 eps=0.050 loss=0.1227
[ep 1143] longdress    static_B_2020.02.27_18.39.27.csv@4690  reward= -141.18 qoe=   0.0 qoe_q=  -62.5 eps=0.050 loss=0.1284
[ep 1144] loot         static_B_2019.12.16_13.40.04.csv@1904  reward=   84.51 qoe=   0.0 qoe_q=   13.2 eps=0.050 loss=0.1319
[ep 1145] redandblack  static_B_2020.02.27_18.39.27.csv@5650  reward= -107.26 qoe=   0.0 qoe_q=  -38.6 eps=0.050 loss=0.1388
[ep 1146] soldier      static_B_2020.02.27_18.39.27.csv@670   reward=  -27.32 qoe=   0.0 qoe_q=  -16.4 eps=0.050 loss=0.1227
[ep 1147] longdress    static_B_2019.12.16_13.40.04.csv@1845  reward=-1347.65 qoe=   0.0 qoe_q= -410.2 eps=0.050 loss=0.1290
[ep 1148] loot         static_B_2020.02.27_18.39.27.csv@2770  reward=   47.18 qoe=   0.0 qoe_q=    4.7 eps=0.050 loss=0.1278
[ep 1149] redandblack  static_B_2019.12.16_13.40.04.csv@285   reward= -120.72 qoe=   0.0 qoe_q=  -58.7 eps=0.050 loss=0.1290
[ep 1150] soldier      static_B_2019.12.16_13.40.04.csv@105   reward=   44.86 qoe=   0.0 qoe_q=   -5.0 eps=0.050 loss=0.1198
[ep 1151] longdress    static_B_2020.02.13_13.57.29.csv@181   reward= -356.18 qoe=   0.0 qoe_q= -166.9 eps=0.050 loss=0.1135
[ep 1152] loot         static_B_2020.02.14_13.21.26.csv@777   reward=   36.47 qoe=   0.0 qoe_q=   -1.0 eps=0.050 loss=0.1292
[ep 1153] redandblack  static_B_2020.02.27_18.39.27.csv@430   reward=   19.37 qoe=   0.0 qoe_q=   -7.0 eps=0.050 loss=0.1195
[ep 1154] soldier      static_B_2020.02.27_18.39.27.csv@3070  reward= -434.10 qoe=   0.0 qoe_q= -155.3 eps=0.050 loss=0.1373
[ep 1155] longdress    static_B_2019.12.16_13.40.04.csv@1065  reward= -799.66 qoe=   0.0 qoe_q= -258.6 eps=0.050 loss=0.1314
[ep 1156] loot         static_B_2020.02.27_18.39.27.csv@1810  reward= -288.46 qoe=   0.0 qoe_q=  -96.8 eps=0.050 loss=0.1315
[ep 1157] redandblack  static_B_2020.02.13_13.57.29.csv@2101  reward= -218.90 qoe=   0.0 qoe_q=  -99.1 eps=0.050 loss=0.1261
[ep 1158] soldier      static_B_2020.02.14_13.21.26.csv@177   reward= -244.31 qoe=   0.0 qoe_q=  -84.6 eps=0.050 loss=0.1304
[ep 1159] longdress    static_B_2019.12.16_13.40.04.csv@825   reward=  -57.17 qoe=   0.0 qoe_q=  -57.3 eps=0.050 loss=0.1233
[ep 1160] loot         static_B_2020.02.13_13.57.29.csv@2401  reward= -237.51 qoe=   0.0 qoe_q= -115.3 eps=0.050 loss=0.1224
[ep 1161] redandblack  static_B_2020.02.13_13.57.29.csv@961   reward=-1698.88 qoe=   0.0 qoe_q= -513.5 eps=0.050 loss=0.1341
[ep 1162] soldier      static_B_2020.02.27_18.39.27.csv@4810  reward=   14.82 qoe=   0.0 qoe_q=   -5.3 eps=0.050 loss=0.1295
[ep 1163] longdress    static_B_2020.02.27_18.39.27.csv@490   reward=  -86.00 qoe=   0.0 qoe_q=  -58.6 eps=0.050 loss=0.1406
[ep 1164] loot         static_B_2020.02.27_18.39.27.csv@2110  reward=   10.96 qoe=   0.0 qoe_q=  -19.0 eps=0.050 loss=0.1332
[ep 1165] redandblack  static_B_2020.02.27_18.39.27.csv@2830  reward=  -56.28 qoe=   0.0 qoe_q=  -27.8 eps=0.050 loss=0.1328
[ep 1166] soldier      static_B_2020.02.27_18.39.27.csv@5110  reward=  -87.37 qoe=   0.0 qoe_q=  -41.3 eps=0.050 loss=0.1311
[ep 1167] longdress    static_B_2019.12.16_13.40.04.csv@1605  reward=  -17.56 qoe=   0.0 qoe_q=  -18.2 eps=0.050 loss=0.1280
[ep 1168] loot         static_B_2020.02.27_18.39.27.csv@3550  reward= -419.96 qoe=   0.0 qoe_q= -159.6 eps=0.050 loss=0.1295
[ep 1169] redandblack  static_B_2020.02.13_13.57.29.csv@781   reward= -239.14 qoe=   0.0 qoe_q=  -99.7 eps=0.050 loss=0.1234
[ep 1170] soldier      static_B_2020.02.27_18.39.27.csv@1870  reward=  -80.47 qoe=   0.0 qoe_q=  -35.3 eps=0.050 loss=0.1255
[ep 1171] longdress    static_B_2020.02.13_13.57.29.csv@1081  reward= -313.41 qoe=   0.0 qoe_q= -118.7 eps=0.050 loss=0.1345
[ep 1172] loot         static_B_2020.02.27_18.39.27.csv@3190  reward=   -7.82 qoe=   0.0 qoe_q=  -13.4 eps=0.050 loss=0.1303
[ep 1173] redandblack  static_B_2020.02.13_13.57.29.csv@2221  reward=  -46.75 qoe=   0.0 qoe_q=  -32.7 eps=0.050 loss=0.1197
[ep 1174] soldier      static_B_2019.12.16_13.40.04.csv@1365  reward=-1098.52 qoe=   0.0 qoe_q= -333.2 eps=0.050 loss=0.1268
[ep 1175] longdress    static_B_2019.12.16_13.40.04.csv@1305  reward= -257.73 qoe=   0.0 qoe_q= -129.2 eps=0.050 loss=0.1320
[ep 1176] loot         static_B_2020.02.27_18.39.27.csv@5590  reward= -330.29 qoe=   0.0 qoe_q= -119.4 eps=0.050 loss=0.1291
[ep 1177] redandblack  static_B_2020.02.27_18.39.27.csv@2650  reward= -247.64 qoe=   0.0 qoe_q=  -96.4 eps=0.050 loss=0.1294
[ep 1178] soldier      static_B_2020.02.14_13.21.26.csv@537   reward=    7.41 qoe=   0.0 qoe_q=  -15.1 eps=0.050 loss=0.1338
[ep 1179] longdress    static_B_2020.02.27_18.39.27.csv@4750  reward=   63.26 qoe=   0.0 qoe_q=    1.9 eps=0.050 loss=0.1267
[ep 1180] loot         static_B_2020.02.13_13.57.29.csv@121   reward= -290.90 qoe=   0.0 qoe_q=  -96.0 eps=0.050 loss=0.1356
[ep 1181] redandblack  static_B_2019.12.16_13.40.04.csv@1485  reward=  -49.91 qoe=   0.0 qoe_q=  -27.2 eps=0.050 loss=0.1151
[ep 1182] soldier      static_B_2019.12.16_13.40.04.csv@225   reward= -445.63 qoe=   0.0 qoe_q= -153.6 eps=0.050 loss=0.1345
[ep 1183] longdress    static_B_2019.12.16_13.40.04.csv@765   reward=  -99.56 qoe=   0.0 qoe_q=  -47.8 eps=0.050 loss=0.1276
[ep 1184] loot         static_B_2019.12.16_13.40.04.csv@345   reward= -199.88 qoe=   0.0 qoe_q=  -79.9 eps=0.050 loss=0.1228
[ep 1185] redandblack  static_B_2020.02.13_13.57.29.csv@2821  reward= -265.24 qoe=   0.0 qoe_q=  -92.4 eps=0.050 loss=0.1238
[ep 1186] soldier      static_B_2020.02.27_18.39.27.csv@4390  reward= -269.17 qoe=   0.0 qoe_q=  -89.1 eps=0.050 loss=0.1208
[ep 1187] longdress    static_B_2020.02.27_18.39.27.csv@5050  reward= -106.58 qoe=   0.0 qoe_q=  -79.1 eps=0.050 loss=0.1231
[ep 1188] loot         static_B_2020.02.13_13.57.29.csv@541   reward= -114.90 qoe=   0.0 qoe_q=  -44.6 eps=0.050 loss=0.1357
[ep 1189] redandblack  static_B_2020.02.27_18.39.27.csv@4450  reward= -123.76 qoe=   0.0 qoe_q=  -63.1 eps=0.050 loss=0.1297
[ep 1190] soldier      static_B_2020.02.27_18.39.27.csv@1990  reward= -142.27 qoe=   0.0 qoe_q=  -65.5 eps=0.050 loss=0.1225
[ep 1191] longdress    static_B_2020.02.13_13.57.29.csv@421   reward=  -55.50 qoe=   0.0 qoe_q=  -55.3 eps=0.050 loss=0.1368
[ep 1192] loot         static_B_2020.02.14_13.21.26.csv@850   reward= -141.65 qoe=   0.0 qoe_q=  -64.0 eps=0.050 loss=0.1209
[ep 1193] redandblack  static_B_2020.02.14_13.21.26.csv@237   reward=   20.15 qoe=   0.0 qoe_q=  -19.6 eps=0.050 loss=0.1312
[ep 1194] soldier      static_B_2020.02.27_18.39.27.csv@1390  reward= -163.37 qoe=   0.0 qoe_q=  -75.1 eps=0.050 loss=0.1270
[ep 1195] redandblack  static_B_2020.02.27_18.39.27.csv@3276  reward=   14.32 qoe=   0.0 qoe_q=  -16.5 eps=0.050 loss=0.1259
[ep 1196] soldier      static_B_2019.12.16_13.40.04.csv@474   reward=  -95.23 qoe=   0.0 qoe_q=  -71.9 eps=0.050 loss=0.1262
[ep 1197] longdress    static_B_2020.02.27_18.39.27.csv@2316  reward= -741.64 qoe=   0.0 qoe_q= -258.9 eps=0.050 loss=0.1174
[ep 1198] loot         static_B_2020.02.27_18.39.27.csv@2976  reward=   -1.70 qoe=   0.0 qoe_q=  -32.5 eps=0.050 loss=0.1371
[ep 1199] redandblack  static_B_2020.02.27_18.39.27.csv@3216  reward=  -91.89 qoe=   0.0 qoe_q=  -59.8 eps=0.050 loss=0.1294
[ep 1200] soldier      static_B_2020.02.27_18.39.27.csv@5016  reward= -117.79 qoe=   0.0 qoe_q=  -69.8 eps=0.050 loss=0.1299
    [eval @ ep 1200] reward=-301.64 qoe=0.0 qoe_q=-109.8 mean_q=0.780 stall=31.4s
[ep 1201] longdress    static_B_2020.02.13_13.57.29.csv@1360  reward= -256.53 qoe=   0.0 qoe_q=  -95.9 eps=0.050 loss=0.1220
[ep 1202] loot         static_B_2020.02.27_18.39.27.csv@1776  reward=-1807.93 qoe=   0.0 qoe_q= -504.8 eps=0.050 loss=0.1330
[ep 1203] redandblack  static_B_2020.02.13_13.57.29.csv@640   reward= -448.63 qoe=   0.0 qoe_q= -146.4 eps=0.050 loss=0.1533
[ep 1204] soldier      static_B_2020.02.27_18.39.27.csv@3096  reward= -364.76 qoe=   0.0 qoe_q= -135.5 eps=0.050 loss=0.1258
[ep 1205] longdress    static_B_2020.02.27_18.39.27.csv@4716  reward= -135.26 qoe=   0.0 qoe_q=  -61.1 eps=0.050 loss=0.1288
[ep 1206] loot         static_B_2020.02.27_18.39.27.csv@1116  reward= -425.70 qoe=   0.0 qoe_q= -139.5 eps=0.050 loss=0.1456
[ep 1207] redandblack  static_B_2020.02.27_18.39.27.csv@5256  reward=   42.27 qoe=   0.0 qoe_q=   -1.6 eps=0.050 loss=0.1258
[ep 1208] soldier      static_B_2020.02.13_13.57.29.csv@580   reward=  -61.82 qoe=   0.0 qoe_q=  -33.6 eps=0.050 loss=0.1378
[ep 1209] longdress    static_B_2020.02.14_13.21.26.csv@398   reward=  -52.64 qoe=   0.0 qoe_q=  -25.7 eps=0.050 loss=0.1424
[ep 1210] loot         static_B_2020.02.27_18.39.27.csv@1596  reward=  -94.38 qoe=   0.0 qoe_q=  -54.0 eps=0.050 loss=0.1362
[ep 1211] redandblack  static_B_2019.12.16_13.40.04.csv@834   reward= -168.77 qoe=   0.0 qoe_q=  -61.1 eps=0.050 loss=0.1223
[ep 1212] soldier      static_B_2020.02.27_18.39.27.csv@4236  reward=  -93.38 qoe=   0.0 qoe_q=  -52.4 eps=0.050 loss=0.1340
[ep 1213] longdress    static_B_2020.02.14_13.21.26.csv@38    reward=   18.29 qoe=   0.0 qoe_q=  -13.5 eps=0.050 loss=0.1342
[ep 1214] loot         static_B_2020.02.27_18.39.27.csv@2616  reward=  -31.00 qoe=   0.0 qoe_q=  -49.5 eps=0.050 loss=0.1298
[ep 1215] redandblack  static_B_2020.02.13_13.57.29.csv@2500  reward= -223.94 qoe=   0.0 qoe_q=  -82.5 eps=0.050 loss=0.1289
[ep 1216] soldier      static_B_2020.02.13_13.57.29.csv@2380  reward= -306.19 qoe=   0.0 qoe_q= -123.8 eps=0.050 loss=0.1412
[ep 1217] longdress    static_B_2019.12.16_13.40.04.csv@894   reward= -583.48 qoe=   0.0 qoe_q= -193.6 eps=0.050 loss=0.1406
[ep 1218] loot         static_B_2020.02.27_18.39.27.csv@156   reward=   16.86 qoe=   0.0 qoe_q=  -19.9 eps=0.050 loss=0.1398
[ep 1219] redandblack  static_B_2020.02.13_13.57.29.csv@1180  reward=  -95.40 qoe=   0.0 qoe_q=  -39.2 eps=0.050 loss=0.1356
[ep 1220] soldier      static_B_2019.12.16_13.40.04.csv@1014  reward= -183.61 qoe=   0.0 qoe_q=  -78.2 eps=0.050 loss=0.1403
[ep 1221] longdress    static_B_2020.02.27_18.39.27.csv@3816  reward= -375.50 qoe=   0.0 qoe_q= -167.4 eps=0.050 loss=0.1298
[ep 1222] loot         static_B_2020.02.13_13.57.29.csv@2260  reward=  -59.85 qoe=   0.0 qoe_q=  -30.5 eps=0.050 loss=0.1357
[ep 1223] redandblack  static_B_2019.12.16_13.40.04.csv@1434  reward=  -19.99 qoe=   0.0 qoe_q=  -16.0 eps=0.050 loss=0.1211
[ep 1224] soldier      static_B_2020.02.13_13.57.29.csv@1900  reward= -221.96 qoe=   0.0 qoe_q=  -72.7 eps=0.050 loss=0.1543
[ep 1225] longdress    static_B_2020.02.13_13.57.29.csv@2320  reward= -236.54 qoe=   0.0 qoe_q= -104.7 eps=0.050 loss=0.1358
[ep 1226] loot         static_B_2020.02.27_18.39.27.csv@576   reward=   66.64 qoe=   0.0 qoe_q=    2.8 eps=0.050 loss=0.1347
[ep 1227] redandblack  static_B_2020.02.13_13.57.29.csv@1420  reward= -432.63 qoe=   0.0 qoe_q= -144.0 eps=0.050 loss=0.1283
[ep 1228] soldier      static_B_2020.02.27_18.39.27.csv@5496  reward=   -3.20 qoe=   0.0 qoe_q=  -33.2 eps=0.050 loss=0.1340
[ep 1229] longdress    static_B_2020.02.13_13.57.29.csv@1060  reward= -237.50 qoe=   0.0 qoe_q= -111.8 eps=0.050 loss=0.1265
[ep 1230] loot         static_B_2020.02.13_13.57.29.csv@100   reward= -278.55 qoe=   0.0 qoe_q= -110.0 eps=0.050 loss=0.1368
[ep 1231] redandblack  static_B_2020.02.27_18.39.27.csv@2736  reward=   19.24 qoe=   0.0 qoe_q=  -19.1 eps=0.050 loss=0.1241
[ep 1232] soldier      static_B_2020.02.14_13.21.26.csv@338   reward=  -71.52 qoe=   0.0 qoe_q=  -45.4 eps=0.050 loss=0.1400
[ep 1233] longdress    static_B_2020.02.14_13.21.26.csv@850   reward= -204.93 qoe=   0.0 qoe_q=  -90.4 eps=0.050 loss=0.1310
[ep 1234] loot         static_B_2020.02.13_13.57.29.csv@1240  reward= -332.36 qoe=   0.0 qoe_q= -121.1 eps=0.050 loss=0.1416
[ep 1235] redandblack  static_B_2020.02.27_18.39.27.csv@2496  reward= -124.38 qoe=   0.0 qoe_q=  -56.6 eps=0.050 loss=0.1376
[ep 1236] soldier      static_B_2020.02.27_18.39.27.csv@4896  reward= -302.88 qoe=   0.0 qoe_q= -128.5 eps=0.050 loss=0.1397
[ep 1237] longdress    static_B_2019.12.16_13.40.04.csv@1854  reward=-1180.07 qoe=   0.0 qoe_q= -342.8 eps=0.050 loss=0.1417
[ep 1238] loot         static_B_2020.02.27_18.39.27.csv@1176  reward=-1065.98 qoe=   0.0 qoe_q= -321.4 eps=0.050 loss=0.1440
[ep 1239] redandblack  static_B_2020.02.27_18.39.27.csv@996   reward=  -52.71 qoe=   0.0 qoe_q=  -37.8 eps=0.050 loss=0.1142
[ep 1240] soldier      static_B_2020.02.27_18.39.27.csv@1236  reward=    5.53 qoe=   0.0 qoe_q=  -26.9 eps=0.050 loss=0.1303
[ep 1241] longdress    static_B_2020.02.27_18.39.27.csv@5376  reward=   -3.27 qoe=   0.0 qoe_q=  -26.8 eps=0.050 loss=0.1345
[ep 1242] loot         static_B_2020.02.13_13.57.29.csv@880   reward= -261.53 qoe=   0.0 qoe_q= -106.5 eps=0.050 loss=0.1384
[ep 1243] redandblack  static_B_2020.02.27_18.39.27.csv@3696  reward=   26.63 qoe=   0.0 qoe_q=   -9.6 eps=0.050 loss=0.1308
[ep 1244] soldier      static_B_2020.02.27_18.39.27.csv@4536  reward= -174.66 qoe=   0.0 qoe_q=  -83.4 eps=0.050 loss=0.1302
[ep 1245] longdress    static_B_2020.02.27_18.39.27.csv@456   reward= -215.43 qoe=   0.0 qoe_q=  -85.4 eps=0.050 loss=0.1331
[ep 1246] loot         static_B_2020.02.27_18.39.27.csv@636   reward=   45.26 qoe=   0.0 qoe_q=   -3.1 eps=0.050 loss=0.1376
[ep 1247] redandblack  static_B_2020.02.27_18.39.27.csv@3036  reward=  -62.32 qoe=   0.0 qoe_q=  -45.3 eps=0.050 loss=0.1207
[ep 1248] soldier      static_B_2019.12.16_13.40.04.csv@114   reward=   28.67 qoe=   0.0 qoe_q=  -12.3 eps=0.050 loss=0.1339
[ep 1249] longdress    static_B_2020.02.27_18.39.27.csv@4956  reward= -156.46 qoe=   0.0 qoe_q=  -59.0 eps=0.050 loss=0.1225
[ep 1250] loot         static_B_2019.12.16_13.40.04.csv@174   reward=  -27.24 qoe=   0.0 qoe_q=  -23.4 eps=0.050 loss=0.1385
[ep 1251] redandblack  static_B_2019.12.16_13.40.04.csv@234   reward= -520.89 qoe=   0.0 qoe_q= -162.9 eps=0.050 loss=0.1329
[ep 1252] soldier      static_B_2020.02.13_13.57.29.csv@1000  reward=-1059.53 qoe=   0.0 qoe_q= -310.1 eps=0.050 loss=0.1415
[ep 1253] longdress    static_B_2019.12.16_13.40.04.csv@1314  reward= -207.89 qoe=   0.0 qoe_q=  -87.4 eps=0.050 loss=0.1407
[ep 1254] loot         static_B_2020.02.27_18.39.27.csv@4416  reward=   25.11 qoe=   0.0 qoe_q=   -7.6 eps=0.050 loss=0.1432
[ep 1255] redandblack  static_B_2020.02.27_18.39.27.csv@4176  reward= -295.65 qoe=   0.0 qoe_q= -137.8 eps=0.050 loss=0.1331
[ep 1256] soldier      static_B_2019.12.16_13.40.04.csv@1254  reward= -406.51 qoe=   0.0 qoe_q= -141.6 eps=0.050 loss=0.1417
[ep 1257] longdress    static_B_2020.02.27_18.39.27.csv@5556  reward=   31.10 qoe=   0.0 qoe_q=  -12.2 eps=0.050 loss=0.1340
[ep 1258] loot         static_B_2019.12.16_13.40.04.csv@1374  reward= -613.96 qoe=   0.0 qoe_q= -180.5 eps=0.050 loss=0.1257
[ep 1259] redandblack  static_B_2020.02.27_18.39.27.csv@2436  reward=   32.72 qoe=   0.0 qoe_q=   -0.6 eps=0.050 loss=0.1250
[ep 1260] soldier      static_B_2020.02.13_13.57.29.csv@2920  reward= -137.10 qoe=   0.0 qoe_q=  -55.3 eps=0.050 loss=0.1430
[ep 1261] longdress    static_B_2020.02.27_18.39.27.csv@2376  reward=   22.32 qoe=   0.0 qoe_q=  -15.8 eps=0.050 loss=0.1390
[ep 1262] loot         static_B_2020.02.27_18.39.27.csv@4296  reward=   66.01 qoe=   0.0 qoe_q=    5.0 eps=0.050 loss=0.1440
[ep 1263] redandblack  static_B_2020.02.27_18.39.27.csv@2916  reward= -100.54 qoe=   0.0 qoe_q=  -51.8 eps=0.050 loss=0.1300
[ep 1264] soldier      static_B_2020.02.13_13.57.29.csv@520   reward= -195.87 qoe=   0.0 qoe_q=  -91.5 eps=0.050 loss=0.1322
[ep 1265] longdress    static_B_2020.02.27_18.39.27.csv@36    reward=   64.36 qoe=   0.0 qoe_q=    8.8 eps=0.050 loss=0.1196
[ep 1266] loot         static_B_2020.02.27_18.39.27.csv@2856  reward=   39.51 qoe=   0.0 qoe_q=   -8.7 eps=0.050 loss=0.1399
[ep 1267] redandblack  static_B_2020.02.27_18.39.27.csv@936   reward=   37.66 qoe=   0.0 qoe_q=   -5.8 eps=0.050 loss=0.1350
[ep 1268] soldier      static_B_2020.02.14_13.21.26.csv@518   reward=   24.80 qoe=   0.0 qoe_q=  -22.9 eps=0.050 loss=0.1137
[ep 1269] longdress    static_B_2020.02.13_13.57.29.csv@280   reward= -171.27 qoe=   0.0 qoe_q=  -73.3 eps=0.050 loss=0.1386
[ep 1270] loot         static_B_2019.12.16_13.40.04.csv@1074  reward= -649.03 qoe=   0.0 qoe_q= -203.1 eps=0.050 loss=0.1245
[ep 1271] redandblack  static_B_2020.02.27_18.39.27.csv@3456  reward=   69.04 qoe=   0.0 qoe_q=    3.9 eps=0.050 loss=0.1285
[ep 1272] soldier      static_B_2020.02.27_18.39.27.csv@3396  reward=    9.73 qoe=   0.0 qoe_q=  -20.0 eps=0.050 loss=0.1301
[ep 1273] longdress    static_B_2020.02.27_18.39.27.csv@5742  reward= -150.66 qoe=   0.0 qoe_q=  -78.1 eps=0.050 loss=0.1282
[ep 1274] loot         static_B_2020.02.27_18.39.27.csv@396   reward=   25.38 qoe=   0.0 qoe_q=  -14.3 eps=0.050 loss=0.1378
[ep 1275] redandblack  static_B_2020.02.27_18.39.27.csv@1716  reward= -109.59 qoe=   0.0 qoe_q=  -54.7 eps=0.050 loss=0.1361
[ep 1276] soldier      static_B_2020.02.14_13.21.26.csv@850   reward= -166.45 qoe=   0.0 qoe_q=  -71.9 eps=0.050 loss=0.1291
[ep 1277] longdress    static_B_2020.02.27_18.39.27.csv@4356  reward= -161.93 qoe=   0.0 qoe_q=  -74.9 eps=0.050 loss=0.1274
[ep 1278] loot         static_B_2020.02.27_18.39.27.csv@3516  reward=   14.27 qoe=   0.0 qoe_q=   -9.8 eps=0.050 loss=0.1351
[ep 1279] redandblack  static_B_2020.02.13_13.57.29.csv@940   reward=-1142.19 qoe=   0.0 qoe_q= -354.2 eps=0.050 loss=0.1323
[ep 1280] soldier      static_B_2020.02.27_18.39.27.csv@4776  reward=   25.17 qoe=   0.0 qoe_q=  -16.7 eps=0.050 loss=0.1404
[ep 1281] longdress    static_B_2020.02.14_13.21.26.csv@458   reward=   16.56 qoe=   0.0 qoe_q=   -8.6 eps=0.050 loss=0.1352
[ep 1282] loot         static_B_2020.02.27_18.39.27.csv@5742  reward= -133.26 qoe=   0.0 qoe_q=  -53.3 eps=0.050 loss=0.1311
[ep 1283] redandblack  static_B_2019.12.16_13.40.04.csv@1134  reward= -214.49 qoe=   0.0 qoe_q=  -82.1 eps=0.050 loss=0.1293
[ep 1284] soldier      static_B_2019.12.16_13.40.04.csv@714   reward= -235.45 qoe=   0.0 qoe_q= -104.2 eps=0.050 loss=0.1388
[ep 1285] longdress    static_B_2019.12.16_13.40.04.csv@594   reward= -458.89 qoe=   0.0 qoe_q= -163.8 eps=0.050 loss=0.1239
[ep 1286] loot         static_B_2020.02.27_18.39.27.csv@5436  reward=  -88.20 qoe=   0.0 qoe_q=  -50.9 eps=0.050 loss=0.1386
[ep 1287] redandblack  static_B_2020.02.27_18.39.27.csv@2136  reward=    9.13 qoe=   0.0 qoe_q=  -18.9 eps=0.050 loss=0.1453
[ep 1288] soldier      static_B_2020.02.13_13.57.29.csv@160   reward= -307.23 qoe=   0.0 qoe_q= -110.6 eps=0.050 loss=0.1384
[ep 1289] longdress    static_B_2019.12.16_13.40.04.csv@1794  reward= -421.92 qoe=   0.0 qoe_q= -162.7 eps=0.050 loss=0.1277
[ep 1290] loot         static_B_2020.02.13_13.57.29.csv@700   reward= -538.38 qoe=   0.0 qoe_q= -173.5 eps=0.050 loss=0.1232
[ep 1291] redandblack  static_B_2020.02.13_13.57.29.csv@340   reward=  -99.29 qoe=   0.0 qoe_q=  -49.0 eps=0.050 loss=0.1479
[ep 1292] soldier      static_B_2020.02.13_13.57.29.csv@1120  reward= -538.94 qoe=   0.0 qoe_q= -176.5 eps=0.050 loss=0.1401
[ep 1293] longdress    static_B_2020.02.13_13.57.29.csv@2560  reward= -108.61 qoe=   0.0 qoe_q=  -40.7 eps=0.050 loss=0.1413
[ep 1294] loot         static_B_2020.02.14_13.21.26.csv@278   reward=   65.25 qoe=   0.0 qoe_q=   10.8 eps=0.050 loss=0.1341
[ep 1295] redandblack  static_B_2020.02.13_13.57.29.csv@2800  reward= -386.16 qoe=   0.0 qoe_q= -143.5 eps=0.050 loss=0.1431
[ep 1296] soldier      static_B_2020.02.14_13.21.26.csv@818   reward=    9.86 qoe=   0.0 qoe_q=  -10.3 eps=0.050 loss=0.1427
[ep 1297] longdress    static_B_2020.02.13_13.57.29.csv@2440  reward=-1217.14 qoe=   0.0 qoe_q= -360.3 eps=0.050 loss=0.1388
[ep 1298] loot         static_B_2020.02.14_13.21.26.csv@98    reward= -229.18 qoe=   0.0 qoe_q=  -70.9 eps=0.050 loss=0.1299
[ep 1299] redandblack  static_B_2020.02.27_18.39.27.csv@3336  reward=  -50.78 qoe=   0.0 qoe_q=  -25.6 eps=0.050 loss=0.1285
[ep 1300] soldier      static_B_2019.12.16_13.40.04.csv@654   reward=   75.36 qoe=   0.0 qoe_q=    6.0 eps=0.050 loss=0.1364
    [eval @ ep 1300] reward=-223.88 qoe=0.0 qoe_q=-68.7 mean_q=0.881 stall=28.9s
[ep 1301] longdress    static_B_2020.02.27_18.39.27.csv@2076  reward=   -6.24 qoe=   0.0 qoe_q=  -14.9 eps=0.050 loss=0.1299
[ep 1302] loot         static_B_2020.02.27_18.39.27.csv@2796  reward=    9.83 qoe=   0.0 qoe_q=  -18.7 eps=0.050 loss=0.1280
[ep 1303] redandblack  static_B_2020.02.27_18.39.27.csv@5316  reward=  -78.53 qoe=   0.0 qoe_q=  -26.2 eps=0.050 loss=0.1401
[ep 1304] soldier      static_B_2020.02.27_18.39.27.csv@2256  reward=   22.27 qoe=   0.0 qoe_q=   -6.8 eps=0.050 loss=0.1280
[ep 1305] longdress    static_B_2020.02.27_18.39.27.csv@876   reward= -315.24 qoe=   0.0 qoe_q= -102.9 eps=0.050 loss=0.1331
[ep 1306] loot         static_B_2020.02.27_18.39.27.csv@1056  reward=   45.09 qoe=   0.0 qoe_q=    4.6 eps=0.050 loss=0.1353
[ep 1307] redandblack  static_B_2020.02.13_13.57.29.csv@400   reward=  -69.42 qoe=   0.0 qoe_q=  -26.1 eps=0.050 loss=0.1325
[ep 1308] soldier      static_B_2020.02.27_18.39.27.csv@1416  reward=   28.71 qoe=   0.0 qoe_q=    0.3 eps=0.050 loss=0.1250
[ep 1309] longdress    static_B_2020.02.13_13.57.29.csv@760   reward= -480.70 qoe=   0.0 qoe_q= -160.4 eps=0.050 loss=0.1284
[ep 1310] loot         static_B_2020.02.13_13.57.29.csv@1480  reward=  -51.28 qoe=   0.0 qoe_q=  -37.6 eps=0.050 loss=0.1391
[ep 1311] redandblack  static_B_2020.02.27_18.39.27.csv@3996  reward=  -87.30 qoe=   0.0 qoe_q=  -46.5 eps=0.050 loss=0.1342
[ep 1312] soldier      static_B_2019.12.16_13.40.04.csv@1674  reward=  -95.31 qoe=   0.0 qoe_q=  -53.2 eps=0.050 loss=0.1384
[ep 1313] longdress    static_B_2020.02.27_18.39.27.csv@3636  reward= -215.32 qoe=   0.0 qoe_q=  -75.3 eps=0.050 loss=0.1233
[ep 1314] loot         static_B_2020.02.27_18.39.27.csv@4056  reward=   60.18 qoe=   0.0 qoe_q=    3.5 eps=0.050 loss=0.1363
[ep 1315] redandblack  static_B_2020.02.14_13.21.26.csv@158   reward=    3.51 qoe=   0.0 qoe_q=  -15.5 eps=0.050 loss=0.1291
[ep 1316] soldier      static_B_2019.12.16_13.40.04.csv@954   reward= -369.99 qoe=   0.0 qoe_q= -124.2 eps=0.050 loss=0.1457
[ep 1317] longdress    static_B_2020.02.27_18.39.27.csv@3756  reward=   14.72 qoe=   0.0 qoe_q=   -9.3 eps=0.050 loss=0.1381
[ep 1318] loot         static_B_2019.12.16_13.40.04.csv@1904  reward=   55.32 qoe=   0.0 qoe_q=   -3.5 eps=0.050 loss=0.1371
[ep 1319] redandblack  static_B_2020.02.13_13.57.29.csv@1780  reward= -634.61 qoe=   0.0 qoe_q= -199.0 eps=0.050 loss=0.1333
[ep 1320] soldier      static_B_2020.02.27_18.39.27.csv@96    reward= -140.85 qoe=   0.0 qoe_q=  -61.2 eps=0.050 loss=0.1243
[ep 1321] longdress    static_B_2020.02.27_18.39.27.csv@3936  reward=   42.97 qoe=   0.0 qoe_q=  -12.5 eps=0.050 loss=0.1306
[ep 1322] loot         static_B_2020.02.13_13.57.29.csv@2200  reward= -289.06 qoe=   0.0 qoe_q= -113.0 eps=0.050 loss=0.1321
[ep 1323] redandblack  static_B_2020.02.27_18.39.27.csv@4656  reward=-1217.57 qoe=   0.0 qoe_q= -357.7 eps=0.050 loss=0.1320
[ep 1324] soldier      static_B_2020.02.27_18.39.27.csv@756   reward=  -36.04 qoe=   0.0 qoe_q=  -39.0 eps=0.050 loss=0.1428
[ep 1325] longdress    static_B_2019.12.16_13.40.04.csv@1494  reward=  -14.63 qoe=   0.0 qoe_q=  -38.9 eps=0.050 loss=0.1379
[ep 1326] loot         static_B_2020.02.13_13.57.29.csv@1540  reward= -192.85 qoe=   0.0 qoe_q=  -89.0 eps=0.050 loss=0.1201
[ep 1327] redandblack  static_B_2020.02.27_18.39.27.csv@5616  reward=  -70.99 qoe=   0.0 qoe_q=  -67.5 eps=0.050 loss=0.1482
[ep 1328] soldier      static_B_2020.02.27_18.39.27.csv@5736  reward= -177.11 qoe=   0.0 qoe_q=  -80.1 eps=0.050 loss=0.1326
[ep 1329] longdress    static_B_2020.02.13_13.57.29.csv@2680  reward=  -32.22 qoe=   0.0 qoe_q=  -37.2 eps=0.050 loss=0.1329
[ep 1330] loot         static_B_2019.12.16_13.40.04.csv@414   reward= -260.40 qoe=   0.0 qoe_q= -111.0 eps=0.050 loss=0.1364
[ep 1331] redandblack  static_B_2019.12.16_13.40.04.csv@54    reward= -113.24 qoe=   0.0 qoe_q=  -53.5 eps=0.050 loss=0.1257
[ep 1332] soldier      static_B_2020.02.27_18.39.27.csv@3876  reward= -253.02 qoe=   0.0 qoe_q=  -83.5 eps=0.050 loss=0.1286
[ep 1333] longdress    static_B_2020.02.27_18.39.27.csv@1296  reward=  -60.89 qoe=   0.0 qoe_q=  -44.2 eps=0.050 loss=0.1225
[ep 1334] loot         static_B_2020.02.27_18.39.27.csv@5076  reward=   73.57 qoe=   0.0 qoe_q=    9.3 eps=0.050 loss=0.1267
[ep 1335] redandblack  static_B_2020.02.27_18.39.27.csv@1656  reward=  -86.76 qoe=   0.0 qoe_q=  -32.4 eps=0.050 loss=0.1321
[ep 1336] soldier      static_B_2020.02.27_18.39.27.csv@2676  reward= -212.94 qoe=   0.0 qoe_q=  -87.9 eps=0.050 loss=0.1336
[ep 1337] longdress    static_B_2019.12.16_13.40.04.csv@1194  reward= -298.28 qoe=   0.0 qoe_q= -108.8 eps=0.050 loss=0.1292
[ep 1338] loot         static_B_2020.02.13_13.57.29.csv@2945  reward=  -89.48 qoe=   0.0 qoe_q=  -31.0 eps=0.050 loss=0.1288
[ep 1339] redandblack  static_B_2020.02.27_18.39.27.csv@1356  reward=   24.23 qoe=   0.0 qoe_q=  -14.4 eps=0.050 loss=0.1199
[ep 1340] soldier      static_B_2020.02.13_13.57.29.csv@1960  reward= -413.42 qoe=   0.0 qoe_q= -122.2 eps=0.050 loss=0.1190
[ep 1341] longdress    static_B_2020.02.27_18.39.27.csv@216   reward= -209.06 qoe=   0.0 qoe_q=  -63.0 eps=0.050 loss=0.1304
[ep 1342] loot         static_B_2020.02.27_18.39.27.csv@1536  reward=  -57.32 qoe=   0.0 qoe_q=  -27.2 eps=0.050 loss=0.1364
[ep 1343] redandblack  static_B_2020.02.27_18.39.27.csv@1896  reward=   -5.33 qoe=   0.0 qoe_q=  -13.0 eps=0.050 loss=0.1310
[ep 1344] soldier      static_B_2020.02.27_18.39.27.csv@1956  reward= -151.12 qoe=   0.0 qoe_q=  -63.3 eps=0.050 loss=0.1249
[ep 1345] longdress    static_B_2020.02.27_18.39.27.csv@2016  reward=  -17.66 qoe=   0.0 qoe_q=  -38.2 eps=0.050 loss=0.1267
[ep 1346] loot         static_B_2020.02.27_18.39.27.csv@5676  reward=   38.62 qoe=   0.0 qoe_q=   -0.3 eps=0.050 loss=0.1434
[ep 1347] redandblack  static_B_2020.02.14_13.21.26.csv@758   reward=   29.01 qoe=   0.0 qoe_q=   -2.0 eps=0.050 loss=0.1301
[ep 1348] soldier      static_B_2020.02.27_18.39.27.csv@3156  reward=-1324.15 qoe=   0.0 qoe_q= -372.5 eps=0.050 loss=0.1376
[ep 1349] longdress    static_B_2020.02.27_18.39.27.csv@3576  reward=  -95.92 qoe=   0.0 qoe_q=  -46.3 eps=0.050 loss=0.1424
[ep 1350] loot         static_B_2020.02.13_13.57.29.csv@1300  reward= -144.59 qoe=   0.0 qoe_q=  -63.4 eps=0.050 loss=0.1291
[ep 1351] redandblack  static_B_2020.02.13_13.57.29.csv@1720  reward= -373.06 qoe=   0.0 qoe_q= -147.9 eps=0.050 loss=0.1416
[ep 1352] soldier      static_B_2020.02.14_13.21.26.csv@218   reward= -126.99 qoe=   0.0 qoe_q=  -47.3 eps=0.050 loss=0.1363
[ep 1353] longdress    static_B_2020.02.13_13.57.29.csv@40    reward= -430.79 qoe=   0.0 qoe_q= -192.4 eps=0.050 loss=0.1320
[ep 1354] loot         static_B_2020.02.27_18.39.27.csv@336   reward= -290.78 qoe=   0.0 qoe_q= -115.2 eps=0.050 loss=0.1255
[ep 1355] redandblack  static_B_2020.02.27_18.39.27.csv@696   reward= -414.85 qoe=   0.0 qoe_q= -176.9 eps=0.050 loss=0.1313
[ep 1356] soldier      static_B_2020.02.14_13.21.26.csv@578   reward=   68.94 qoe=   0.0 qoe_q=    4.3 eps=0.050 loss=0.1405
[ep 1357] longdress    static_B_2019.12.16_13.40.04.csv@354   reward= -189.20 qoe=   0.0 qoe_q=  -85.0 eps=0.050 loss=0.1416
[ep 1358] loot         static_B_2020.02.14_13.21.26.csv@638   reward=   67.03 qoe=   0.0 qoe_q=    5.0 eps=0.050 loss=0.1268
[ep 1359] redandblack  static_B_2020.02.13_13.57.29.csv@1840  reward= -376.92 qoe=   0.0 qoe_q= -137.1 eps=0.050 loss=0.1238
[ep 1360] soldier      static_B_2019.12.16_13.40.04.csv@294   reward= -445.01 qoe=   0.0 qoe_q= -162.2 eps=0.050 loss=0.1304
[ep 1361] longdress    static_B_2020.02.27_18.39.27.csv@4596  reward= -260.78 qoe=   0.0 qoe_q= -121.4 eps=0.050 loss=0.1363
[ep 1362] loot         static_B_2020.02.27_18.39.27.csv@816   reward=    7.70 qoe=   0.0 qoe_q=  -16.3 eps=0.050 loss=0.1369
[ep 1363] redandblack  static_B_2019.12.16_13.40.04.csv@1904  reward=   26.91 qoe=   0.0 qoe_q=  -18.9 eps=0.050 loss=0.1382
[ep 1364] soldier      static_B_2020.02.13_13.57.29.csv@2020  reward= -112.34 qoe=   0.0 qoe_q=  -58.9 eps=0.050 loss=0.1345
[ep 1365] longdress    static_B_2020.02.13_13.57.29.csv@820   reward= -313.57 qoe=   0.0 qoe_q= -125.9 eps=0.050 loss=0.1285
[ep 1366] loot         static_B_2020.02.27_18.39.27.csv@4836  reward=  -24.04 qoe=   0.0 qoe_q=  -29.3 eps=0.050 loss=0.1280
[ep 1367] redandblack  static_B_2020.02.27_18.39.27.csv@4116  reward=    4.57 qoe=   0.0 qoe_q=  -24.0 eps=0.050 loss=0.1232
[ep 1368] soldier      static_B_2020.02.13_13.57.29.csv@2620  reward= -138.80 qoe=   0.0 qoe_q=  -65.3 eps=0.050 loss=0.1365
[ep 1369] longdress    static_B_2019.12.16_13.40.04.csv@1614  reward= -263.02 qoe=   0.0 qoe_q=  -98.0 eps=0.050 loss=0.1321
[ep 1370] loot         static_B_2019.12.16_13.40.04.csv@1734  reward= -444.62 qoe=   0.0 qoe_q= -144.4 eps=0.050 loss=0.1392
[ep 1371] redandblack  static_B_2019.12.16_13.40.04.csv@774   reward=  -49.45 qoe=   0.0 qoe_q=  -33.2 eps=0.050 loss=0.1348
[ep 1372] soldier      static_B_2020.02.27_18.39.27.csv@276   reward=  -56.23 qoe=   0.0 qoe_q=  -47.0 eps=0.050 loss=0.1333
[ep 1373] longdress    static_B_2019.12.16_13.40.04.csv@1554  reward= -110.15 qoe=   0.0 qoe_q=  -57.0 eps=0.050 loss=0.1300
[ep 1374] loot         static_B_2020.02.13_13.57.29.csv@2860  reward= -146.34 qoe=   0.0 qoe_q=  -73.2 eps=0.050 loss=0.1362
[ep 1375] redandblack  static_B_2020.02.27_18.39.27.csv@1836  reward= -139.42 qoe=   0.0 qoe_q=  -68.9 eps=0.050 loss=0.1318
[ep 1376] soldier      static_B_2020.02.27_18.39.27.csv@1476  reward= -464.74 qoe=   0.0 qoe_q= -155.8 eps=0.050 loss=0.1392
[ep 1377] longdress    static_B_2020.02.14_13.21.26.csv@698   reward=    2.25 qoe=   0.0 qoe_q=  -20.5 eps=0.050 loss=0.1399
[ep 1378] loot         static_B_2020.02.13_13.57.29.csv@460   reward= -124.17 qoe=   0.0 qoe_q=  -64.3 eps=0.050 loss=0.1384
[ep 1379] redandblack  static_B_2020.02.13_13.57.29.csv@220   reward= -137.32 qoe=   0.0 qoe_q=  -56.5 eps=0.050 loss=0.1219
[ep 1380] soldier      static_B_2020.02.27_18.39.27.csv@2196  reward= -226.58 qoe=   0.0 qoe_q=  -76.0 eps=0.050 loss=0.1328
[ep 1381] longdress    static_B_2020.02.27_18.39.27.csv@4476  reward= -198.72 qoe=   0.0 qoe_q=  -84.8 eps=0.050 loss=0.1304
[ep 1382] loot         static_B_2020.02.27_18.39.27.csv@2556  reward= -431.48 qoe=   0.0 qoe_q= -133.6 eps=0.050 loss=0.1399
[ep 1383] redandblack  static_B_2020.02.13_13.57.29.csv@1600  reward=   38.85 qoe=   0.0 qoe_q=   -5.8 eps=0.050 loss=0.1393
[ep 1384] soldier      static_B_2020.02.13_13.57.29.csv@1660  reward= -252.64 qoe=   0.0 qoe_q=  -98.2 eps=0.050 loss=0.1247
[ep 1385] longdress    static_B_2020.02.27_18.39.27.csv@516   reward=-1663.06 qoe=   0.0 qoe_q= -478.8 eps=0.050 loss=0.1274
[ep 1386] loot         static_B_2019.12.16_13.40.04.csv@534   reward= -175.43 qoe=   0.0 qoe_q=  -59.5 eps=0.050 loss=0.1354
[ep 1387] redandblack  static_B_2020.02.13_13.57.29.csv@2740  reward= -235.84 qoe=   0.0 qoe_q=  -84.5 eps=0.050 loss=0.1308
[ep 1388] soldier      static_B_2020.02.13_13.57.29.csv@2140  reward= -340.42 qoe=   0.0 qoe_q= -114.4 eps=0.050 loss=0.1278
[ep 1389] longdress    static_B_2020.02.27_18.39.27.csv@5136  reward=  -52.43 qoe=   0.0 qoe_q=  -38.9 eps=0.050 loss=0.1314
[ep 1390] loot         static_B_2020.02.27_18.39.27.csv@5196  reward= -246.77 qoe=   0.0 qoe_q=  -90.8 eps=0.050 loss=0.1416
[ep 1391] redandblack  static_B_2020.02.13_13.57.29.csv@2945  reward= -119.70 qoe=   0.0 qoe_q=  -47.4 eps=0.050 loss=0.1355
[ep 1392] soldier      static_B_2019.12.16_13.40.04.csv@1904  reward=   67.54 qoe=   0.0 qoe_q=    0.4 eps=0.050 loss=0.1220
[ep 1393] longdress    static_B_2020.02.13_13.57.29.csv@2080  reward=  -68.28 qoe=   0.0 qoe_q=  -37.4 eps=0.050 loss=0.1242
[ep 1394] soldier      static_B_2020.02.27_18.39.27.csv@360   reward= -211.59 qoe=   0.0 qoe_q=  -70.4 eps=0.050 loss=0.1309
[ep 1395] longdress    static_B_2019.12.16_13.40.04.csv@1816  reward= -403.19 qoe=   0.0 qoe_q= -160.7 eps=0.050 loss=0.1400
[ep 1396] loot         static_B_2019.12.16_13.40.04.csv@316   reward= -409.62 qoe=   0.0 qoe_q= -141.1 eps=0.050 loss=0.1332
[ep 1397] redandblack  static_B_2020.02.27_18.39.27.csv@720   reward=   57.63 qoe=   0.0 qoe_q=   -1.1 eps=0.050 loss=0.1326
[ep 1398] soldier      static_B_2020.02.27_18.39.27.csv@3540  reward= -429.06 qoe=   0.0 qoe_q= -139.8 eps=0.050 loss=0.1460
[ep 1399] longdress    static_B_2020.02.27_18.39.27.csv@180   reward=  -87.55 qoe=   0.0 qoe_q=  -32.0 eps=0.050 loss=0.1250
[ep 1400] loot         static_B_2020.02.13_13.57.29.csv@1577  reward=   47.63 qoe=   0.0 qoe_q=   -2.5 eps=0.050 loss=0.1262
    [eval @ ep 1400] reward=-264.86 qoe=0.0 qoe_q=-91.5 mean_q=0.853 stall=30.2s
[ep 1401] redandblack  static_B_2020.02.13_13.57.29.csv@1997  reward=  -54.65 qoe=   0.0 qoe_q=  -64.1 eps=0.050 loss=0.1389
[ep 1402] soldier      static_B_2020.02.27_18.39.27.csv@2880  reward=  -59.45 qoe=   0.0 qoe_q=  -53.4 eps=0.050 loss=0.1397
[ep 1403] longdress    static_B_2019.12.16_13.40.04.csv@1156  reward= -330.69 qoe=   0.0 qoe_q= -139.0 eps=0.050 loss=0.1317
[ep 1404] loot         static_B_2020.02.27_18.39.27.csv@4500  reward= -100.74 qoe=   0.0 qoe_q=  -60.9 eps=0.050 loss=0.1302
[ep 1405] redandblack  static_B_2020.02.13_13.57.29.csv@1517  reward= -371.67 qoe=   0.0 qoe_q= -136.4 eps=0.050 loss=0.1272
[ep 1406] soldier      static_B_2019.12.16_13.40.04.csv@1336  reward=-1028.48 qoe=   0.0 qoe_q= -372.1 eps=0.050 loss=0.1350
[ep 1407] longdress    static_B_2020.02.27_18.39.27.csv@4260  reward=   38.33 qoe=   0.0 qoe_q=  -15.2 eps=0.050 loss=0.1354
[ep 1408] loot         static_B_2019.12.16_13.40.04.csv@16    reward=   -2.47 qoe=   0.0 qoe_q=  -28.3 eps=0.050 loss=0.1293
[ep 1409] redandblack  static_B_2020.02.27_18.39.27.csv@120   reward= -223.37 qoe=   0.0 qoe_q=  -94.0 eps=0.050 loss=0.1367
[ep 1410] soldier      static_B_2020.02.27_18.39.27.csv@1200  reward=   -4.42 qoe=   0.0 qoe_q=  -33.6 eps=0.050 loss=0.1335
[ep 1411] longdress    static_B_2019.12.16_13.40.04.csv@796   reward=  -35.67 qoe=   0.0 qoe_q=  -32.4 eps=0.050 loss=0.1407
[ep 1412] loot         static_B_2020.02.13_13.57.29.csv@1037  reward=  -85.48 qoe=   0.0 qoe_q=  -51.8 eps=0.050 loss=0.1437
[ep 1413] redandblack  static_B_2020.02.27_18.39.27.csv@3480  reward=   50.47 qoe=   0.0 qoe_q=   -0.7 eps=0.050 loss=0.1444
[ep 1414] soldier      static_B_2020.02.27_18.39.27.csv@1080  reward= -490.53 qoe=   0.0 qoe_q= -182.0 eps=0.050 loss=0.1365
[ep 1415] longdress    static_B_2020.02.27_18.39.27.csv@2640  reward= -586.38 qoe=   0.0 qoe_q= -187.6 eps=0.050 loss=0.1212
[ep 1416] loot         static_B_2020.02.27_18.39.27.csv@2520  reward=   48.25 qoe=   0.0 qoe_q=    8.4 eps=0.050 loss=0.1364
[ep 1417] redandblack  static_B_2020.02.14_13.21.26.csv@772   reward=   18.29 qoe=   0.0 qoe_q=   -4.2 eps=0.050 loss=0.1305
[ep 1418] soldier      static_B_2020.02.13_13.57.29.csv@2945  reward= -149.51 qoe=   0.0 qoe_q=  -56.2 eps=0.050 loss=0.1295
[ep 1419] longdress    static_B_2020.02.14_13.21.26.csv@232   reward=   44.88 qoe=   0.0 qoe_q=    0.5 eps=0.050 loss=0.1317
[ep 1420] loot         static_B_2020.02.14_13.21.26.csv@352   reward=  -47.76 qoe=   0.0 qoe_q=  -32.3 eps=0.050 loss=0.1366
[ep 1421] redandblack  static_B_2020.02.13_13.57.29.csv@2057  reward=  -12.76 qoe=   0.0 qoe_q=  -24.4 eps=0.050 loss=0.1412
[ep 1422] soldier      static_B_2019.12.16_13.40.04.csv@916   reward= -596.36 qoe=   0.0 qoe_q= -199.7 eps=0.050 loss=0.1214
[ep 1423] longdress    static_B_2020.02.27_18.39.27.csv@1380  reward= -130.87 qoe=   0.0 qoe_q=  -57.3 eps=0.050 loss=0.1351
[ep 1424] loot         static_B_2020.02.27_18.39.27.csv@900   reward=  -86.46 qoe=   0.0 qoe_q=  -47.7 eps=0.050 loss=0.1169
[ep 1425] redandblack  static_B_2020.02.27_18.39.27.csv@3720  reward=  -55.41 qoe=   0.0 qoe_q=  -42.4 eps=0.050 loss=0.1414
[ep 1426] soldier      static_B_2020.02.27_18.39.27.csv@1620  reward= -314.54 qoe=   0.0 qoe_q= -126.7 eps=0.050 loss=0.1194
[ep 1427] longdress    static_B_2020.02.27_18.39.27.csv@5460  reward=   20.01 qoe=   0.0 qoe_q=  -19.5 eps=0.050 loss=0.1324
[ep 1428] loot         static_B_2020.02.27_18.39.27.csv@2220  reward=   12.08 qoe=   0.0 qoe_q=  -32.1 eps=0.050 loss=0.1214
[ep 1429] redandblack  static_B_2019.12.16_13.40.04.csv@76    reward=    4.05 qoe=   0.0 qoe_q=  -24.3 eps=0.050 loss=0.1305
[ep 1430] soldier      static_B_2019.12.16_13.40.04.csv@1904  reward=   49.27 qoe=   0.0 qoe_q=  -11.2 eps=0.050 loss=0.1405
[ep 1431] longdress    static_B_2020.02.27_18.39.27.csv@2160  reward=  -14.22 qoe=   0.0 qoe_q=  -36.0 eps=0.050 loss=0.1359
[ep 1432] loot         static_B_2020.02.13_13.57.29.csv@2537  reward= -287.71 qoe=   0.0 qoe_q= -112.1 eps=0.050 loss=0.1274
[ep 1433] redandblack  static_B_2020.02.14_13.21.26.csv@532   reward=  -18.58 qoe=   0.0 qoe_q=  -31.0 eps=0.050 loss=0.1437
[ep 1434] soldier      static_B_2020.02.27_18.39.27.csv@3420  reward=   30.66 qoe=   0.0 qoe_q=  -16.6 eps=0.050 loss=0.1440
[ep 1435] longdress    static_B_2019.12.16_13.40.04.csv@616   reward= -473.56 qoe=   0.0 qoe_q= -175.8 eps=0.050 loss=0.1311
[ep 1436] loot         static_B_2020.02.27_18.39.27.csv@660   reward= -202.73 qoe=   0.0 qoe_q=  -82.9 eps=0.050 loss=0.1218
[ep 1437] redandblack  static_B_2020.02.27_18.39.27.csv@4860  reward= -483.36 qoe=   0.0 qoe_q= -184.8 eps=0.050 loss=0.1270
[ep 1438] soldier      static_B_2020.02.13_13.57.29.csv@2597  reward= -155.91 qoe=   0.0 qoe_q=  -81.6 eps=0.050 loss=0.1313
[ep 1439] longdress    static_B_2019.12.16_13.40.04.csv@196   reward= -397.60 qoe=   0.0 qoe_q= -153.1 eps=0.050 loss=0.1331
[ep 1440] loot         static_B_2020.02.13_13.57.29.csv@317   reward= -199.88 qoe=   0.0 qoe_q=  -93.8 eps=0.050 loss=0.1346
[ep 1441] redandblack  static_B_2020.02.13_13.57.29.csv@2477  reward= -239.87 qoe=   0.0 qoe_q=  -90.3 eps=0.050 loss=0.1417
[ep 1442] soldier      static_B_2020.02.27_18.39.27.csv@60    reward=   95.61 qoe=   0.0 qoe_q=   22.4 eps=0.050 loss=0.1300
[ep 1443] longdress    static_B_2020.02.13_13.57.29.csv@1637  reward= -439.93 qoe=   0.0 qoe_q= -142.0 eps=0.050 loss=0.1363
[ep 1444] loot         static_B_2020.02.27_18.39.27.csv@3180  reward=  -16.10 qoe=   0.0 qoe_q=  -20.9 eps=0.050 loss=0.1318
[ep 1445] redandblack  static_B_2020.02.13_13.57.29.csv@17    reward=   24.48 qoe=   0.0 qoe_q=   -6.5 eps=0.050 loss=0.1392
[ep 1446] soldier      static_B_2020.02.14_13.21.26.csv@412   reward=  -49.07 qoe=   0.0 qoe_q=  -34.8 eps=0.050 loss=0.1353
[ep 1447] longdress    static_B_2020.02.13_13.57.29.csv@2897  reward= -275.01 qoe=   0.0 qoe_q=  -87.7 eps=0.050 loss=0.1289
[ep 1448] loot         static_B_2020.02.13_13.57.29.csv@1397  reward= -277.85 qoe=   0.0 qoe_q=  -86.3 eps=0.050 loss=0.1311
[ep 1449] redandblack  static_B_2020.02.27_18.39.27.csv@3840  reward= -518.94 qoe=   0.0 qoe_q= -163.3 eps=0.050 loss=0.1350
[ep 1450] soldier      static_B_2020.02.13_13.57.29.csv@437   reward= -338.39 qoe=   0.0 qoe_q= -120.6 eps=0.050 loss=0.1323
[ep 1451] longdress    static_B_2020.02.27_18.39.27.csv@4920  reward=  -98.32 qoe=   0.0 qoe_q=  -29.8 eps=0.050 loss=0.1321
[ep 1452] loot         static_B_2019.12.16_13.40.04.csv@1904  reward=   63.06 qoe=   0.0 qoe_q=   -4.1 eps=0.050 loss=0.1403
[ep 1453] redandblack  static_B_2020.02.27_18.39.27.csv@4740  reward=  -43.73 qoe=   0.0 qoe_q=  -29.2 eps=0.050 loss=0.1409
[ep 1454] soldier      static_B_2019.12.16_13.40.04.csv@1636  reward= -278.10 qoe=   0.0 qoe_q= -104.5 eps=0.050 loss=0.1390
[ep 1455] longdress    static_B_2019.12.16_13.40.04.csv@496   reward=  -86.10 qoe=   0.0 qoe_q=  -69.7 eps=0.050 loss=0.1295
[ep 1456] loot         static_B_2019.12.16_13.40.04.csv@1756  reward=  -29.64 qoe=   0.0 qoe_q=  -30.1 eps=0.050 loss=0.1309
[ep 1457] redandblack  static_B_2020.02.27_18.39.27.csv@5100  reward=  -39.46 qoe=   0.0 qoe_q=  -31.0 eps=0.050 loss=0.1258
[ep 1458] soldier      static_B_2019.12.16_13.40.04.csv@1516  reward= -180.38 qoe=   0.0 qoe_q=  -66.5 eps=0.050 loss=0.1585
[ep 1459] longdress    static_B_2020.02.27_18.39.27.csv@4320  reward= -186.39 qoe=   0.0 qoe_q=  -99.6 eps=0.050 loss=0.1318
[ep 1460] loot         static_B_2020.02.27_18.39.27.csv@420   reward=   29.67 qoe=   0.0 qoe_q=  -13.7 eps=0.050 loss=0.1347
[ep 1461] redandblack  static_B_2020.02.27_18.39.27.csv@1260  reward=   33.60 qoe=   0.0 qoe_q=  -17.0 eps=0.050 loss=0.1265
[ep 1462] soldier      static_B_2020.02.14_13.21.26.csv@292   reward=   12.72 qoe=   0.0 qoe_q=  -28.7 eps=0.050 loss=0.1244
[ep 1463] longdress    static_B_2019.12.16_13.40.04.csv@1096  reward=-2251.38 qoe=   0.0 qoe_q= -649.1 eps=0.050 loss=0.1327
[ep 1464] loot         static_B_2020.02.13_13.57.29.csv@677   reward= -760.61 qoe=   0.0 qoe_q= -262.7 eps=0.050 loss=0.1413
[ep 1465] redandblack  static_B_2020.02.13_13.57.29.csv@1757  reward= -441.47 qoe=   0.0 qoe_q= -155.4 eps=0.050 loss=0.1351
[ep 1466] soldier      static_B_2020.02.27_18.39.27.csv@5160  reward=   24.10 qoe=   0.0 qoe_q=  -20.7 eps=0.050 loss=0.1304
[ep 1467] longdress    static_B_2020.02.27_18.39.27.csv@480   reward= -107.25 qoe=   0.0 qoe_q=  -70.2 eps=0.050 loss=0.1249
[ep 1468] loot         static_B_2020.02.27_18.39.27.csv@2940  reward=    7.79 qoe=   0.0 qoe_q=  -34.1 eps=0.050 loss=0.1307
[ep 1469] redandblack  static_B_2020.02.27_18.39.27.csv@3600  reward=  -48.48 qoe=   0.0 qoe_q=  -44.1 eps=0.050 loss=0.1163
[ep 1470] soldier      static_B_2019.12.16_13.40.04.csv@136   reward= -353.18 qoe=   0.0 qoe_q= -135.3 eps=0.050 loss=0.1237
[ep 1471] longdress    static_B_2020.02.13_13.57.29.csv@977   reward=-1479.90 qoe=   0.0 qoe_q= -431.2 eps=0.050 loss=0.1374
[ep 1472] loot         static_B_2020.02.27_18.39.27.csv@3360  reward=   43.30 qoe=   0.0 qoe_q=    2.7 eps=0.050 loss=0.1386
[ep 1473] redandblack  static_B_2020.02.27_18.39.27.csv@4560  reward=   22.91 qoe=   0.0 qoe_q=   -6.7 eps=0.050 loss=0.1398
[ep 1474] soldier      static_B_2020.02.13_13.57.29.csv@1337  reward= -182.51 qoe=   0.0 qoe_q=  -84.6 eps=0.050 loss=0.1364
[ep 1475] longdress    static_B_2020.02.13_13.57.29.csv@1157  reward= -193.26 qoe=   0.0 qoe_q=  -84.7 eps=0.050 loss=0.1316
[ep 1476] loot         static_B_2020.02.27_18.39.27.csv@1140  reward= -316.11 qoe=   0.0 qoe_q= -111.4 eps=0.050 loss=0.1291
[ep 1477] redandblack  static_B_2020.02.27_18.39.27.csv@4440  reward=  -95.69 qoe=   0.0 qoe_q=  -53.5 eps=0.050 loss=0.1328
[ep 1478] soldier      static_B_2019.12.16_13.40.04.csv@436   reward=-1529.76 qoe=   0.0 qoe_q= -448.7 eps=0.050 loss=0.1280
[ep 1479] longdress    static_B_2020.02.27_18.39.27.csv@1800  reward= -301.83 qoe=   0.0 qoe_q=  -93.4 eps=0.050 loss=0.1373
[ep 1480] loot         static_B_2019.12.16_13.40.04.csv@1036  reward= -217.33 qoe=   0.0 qoe_q=  -88.0 eps=0.050 loss=0.1373
[ep 1481] redandblack  static_B_2020.02.27_18.39.27.csv@2340  reward=-1434.02 qoe=   0.0 qoe_q= -418.1 eps=0.050 loss=0.1354
[ep 1482] soldier      static_B_2020.02.27_18.39.27.csv@2100  reward= -108.45 qoe=   0.0 qoe_q=  -80.9 eps=0.050 loss=0.1417
[ep 1483] longdress    static_B_2020.02.27_18.39.27.csv@960   reward=   22.44 qoe=   0.0 qoe_q=  -15.0 eps=0.050 loss=0.1243
[ep 1484] loot         static_B_2020.02.27_18.39.27.csv@780   reward=  -74.47 qoe=   0.0 qoe_q=  -52.1 eps=0.050 loss=0.1263
[ep 1485] redandblack  static_B_2020.02.27_18.39.27.csv@1320  reward= -328.38 qoe=   0.0 qoe_q= -115.7 eps=0.050 loss=0.1228
[ep 1486] soldier      static_B_2020.02.13_13.57.29.csv@1817  reward= -224.97 qoe=   0.0 qoe_q=  -81.7 eps=0.050 loss=0.1201
[ep 1487] longdress    static_B_2020.02.27_18.39.27.csv@4140  reward=  -82.12 qoe=   0.0 qoe_q=  -56.7 eps=0.050 loss=0.1281
[ep 1488] loot         static_B_2020.02.13_13.57.29.csv@2237  reward= -149.61 qoe=   0.0 qoe_q= -100.6 eps=0.050 loss=0.1457
[ep 1489] redandblack  static_B_2020.02.14_13.21.26.csv@850   reward= -160.00 qoe=   0.0 qoe_q=  -77.2 eps=0.050 loss=0.1290
[ep 1490] soldier      static_B_2020.02.27_18.39.27.csv@540   reward=-1372.49 qoe=   0.0 qoe_q= -391.0 eps=0.050 loss=0.1287
[ep 1491] longdress    static_B_2020.02.14_13.21.26.csv@652   reward=   52.77 qoe=   0.0 qoe_q=    7.7 eps=0.050 loss=0.1267
[ep 1492] loot         static_B_2020.02.27_18.39.27.csv@3120  reward=-1860.05 qoe=   0.0 qoe_q= -552.7 eps=0.050 loss=0.1366
[ep 1493] redandblack  static_B_2019.12.16_13.40.04.csv@1456  reward= -227.16 qoe=   0.0 qoe_q= -105.5 eps=0.050 loss=0.1335
[ep 1494] soldier      static_B_2020.02.13_13.57.29.csv@2417  reward=-1513.08 qoe=   0.0 qoe_q= -462.6 eps=0.050 loss=0.1227
[ep 1495] longdress    static_B_2020.02.27_18.39.27.csv@300   reward= -124.27 qoe=   0.0 qoe_q=  -66.6 eps=0.050 loss=0.1214
[ep 1496] loot         static_B_2020.02.27_18.39.27.csv@1440  reward=  -44.46 qoe=   0.0 qoe_q=  -39.9 eps=0.050 loss=0.1285
[ep 1497] redandblack  static_B_2019.12.16_13.40.04.csv@256   reward= -252.60 qoe=   0.0 qoe_q=  -99.8 eps=0.050 loss=0.1265
[ep 1498] soldier      static_B_2020.02.13_13.57.29.csv@197   reward= -353.76 qoe=   0.0 qoe_q= -131.1 eps=0.050 loss=0.1297
[ep 1499] longdress    static_B_2020.02.27_18.39.27.csv@3300  reward=   91.46 qoe=   0.0 qoe_q=   16.9 eps=0.050 loss=0.1280
[ep 1500] loot         static_B_2020.02.13_13.57.29.csv@857   reward= -318.46 qoe=   0.0 qoe_q= -128.5 eps=0.050 loss=0.1506
    [eval @ ep 1500] reward=-259.99 qoe=0.0 qoe_q=-86.2 mean_q=0.878 stall=31.4s
[ep 1501] redandblack  static_B_2019.12.16_13.40.04.csv@1576  reward=   25.91 qoe=   0.0 qoe_q=  -20.4 eps=0.050 loss=0.1365
[ep 1502] soldier      static_B_2020.02.27_18.39.27.csv@3900  reward=    8.48 qoe=   0.0 qoe_q=  -21.8 eps=0.050 loss=0.1260
[ep 1503] longdress    static_B_2020.02.27_18.39.27.csv@5742  reward= -195.49 qoe=   0.0 qoe_q=  -76.2 eps=0.050 loss=0.1372
[ep 1504] loot         static_B_2020.02.27_18.39.27.csv@1860  reward= -158.32 qoe=   0.0 qoe_q=  -83.1 eps=0.050 loss=0.1507
[ep 1505] redandblack  static_B_2020.02.27_18.39.27.csv@3240  reward= -149.14 qoe=   0.0 qoe_q=  -68.3 eps=0.050 loss=0.1396
[ep 1506] soldier      static_B_2020.02.14_13.21.26.csv@832   reward= -233.53 qoe=   0.0 qoe_q= -103.3 eps=0.050 loss=0.1419
[ep 1507] longdress    static_B_2020.02.14_13.21.26.csv@172   reward= -265.70 qoe=   0.0 qoe_q=  -87.2 eps=0.050 loss=0.1372
[ep 1508] loot         static_B_2020.02.13_13.57.29.csv@1457  reward=  -89.18 qoe=   0.0 qoe_q=  -66.8 eps=0.050 loss=0.1417
[ep 1509] redandblack  static_B_2020.02.13_13.57.29.csv@2717  reward= -182.99 qoe=   0.0 qoe_q=  -86.7 eps=0.050 loss=0.1394
[ep 1510] soldier      static_B_2020.02.13_13.57.29.csv@257   reward= -177.11 qoe=   0.0 qoe_q=  -86.7 eps=0.050 loss=0.1372
[ep 1511] longdress    static_B_2019.12.16_13.40.04.csv@1396  reward= -156.64 qoe=   0.0 qoe_q=  -56.9 eps=0.050 loss=0.1432
[ep 1512] loot         static_B_2020.02.27_18.39.27.csv@2400  reward=   -8.58 qoe=   0.0 qoe_q=  -28.1 eps=0.050 loss=0.1481
[ep 1513] redandblack  static_B_2020.02.27_18.39.27.csv@4380  reward= -210.71 qoe=   0.0 qoe_q=  -73.2 eps=0.050 loss=0.1365
[ep 1514] soldier      static_B_2020.02.27_18.39.27.csv@3060  reward= -322.70 qoe=   0.0 qoe_q= -128.9 eps=0.050 loss=0.1305
[ep 1515] longdress    static_B_2019.12.16_13.40.04.csv@556   reward=  -81.79 qoe=   0.0 qoe_q=  -58.7 eps=0.050 loss=0.1361
[ep 1516] loot         static_B_2020.02.27_18.39.27.csv@3960  reward=   72.94 qoe=   0.0 qoe_q=    5.7 eps=0.050 loss=0.1384
[ep 1517] redandblack  static_B_2020.02.13_13.57.29.csv@2357  reward= -287.46 qoe=   0.0 qoe_q= -121.4 eps=0.050 loss=0.1304
[ep 1518] soldier      static_B_2020.02.13_13.57.29.csv@797   reward= -404.67 qoe=   0.0 qoe_q= -165.9 eps=0.050 loss=0.1405
[ep 1519] longdress    static_B_2020.02.13_13.57.29.csv@2837  reward= -355.69 qoe=   0.0 qoe_q= -133.3 eps=0.050 loss=0.1448
[ep 1520] loot         static_B_2020.02.13_13.57.29.csv@377   reward= -389.23 qoe=   0.0 qoe_q= -142.8 eps=0.050 loss=0.1241
[ep 1521] redandblack  static_B_2020.02.13_13.57.29.csv@917   reward= -397.34 qoe=   0.0 qoe_q= -158.4 eps=0.050 loss=0.1445
[ep 1522] soldier      static_B_2019.12.16_13.40.04.csv@676   reward= -111.16 qoe=   0.0 qoe_q=  -40.7 eps=0.050 loss=0.1427
[ep 1523] longdress    static_B_2020.02.27_18.39.27.csv@600   reward=   90.21 qoe=   0.0 qoe_q=   19.9 eps=0.050 loss=0.1373
[ep 1524] loot         static_B_2020.02.13_13.57.29.csv@1217  reward=    9.00 qoe=   0.0 qoe_q=  -29.8 eps=0.050 loss=0.1288
[ep 1525] redandblack  static_B_2020.02.27_18.39.27.csv@3780  reward= -536.15 qoe=   0.0 qoe_q= -166.9 eps=0.050 loss=0.1337
[ep 1526] soldier      static_B_2020.02.14_13.21.26.csv@712   reward=   96.38 qoe=   0.0 qoe_q=   21.3 eps=0.050 loss=0.1420
[ep 1527] longdress    static_B_2019.12.16_13.40.04.csv@1696  reward= -255.87 qoe=   0.0 qoe_q=  -85.6 eps=0.050 loss=0.1373
[ep 1528] loot         static_B_2020.02.27_18.39.27.csv@5340  reward= -120.49 qoe=   0.0 qoe_q=  -43.1 eps=0.050 loss=0.1409
[ep 1529] redandblack  static_B_2020.02.14_13.21.26.csv@592   reward=   85.91 qoe=   0.0 qoe_q=   15.4 eps=0.050 loss=0.1345
[ep 1530] soldier      static_B_2020.02.27_18.39.27.csv@1980  reward= -156.86 qoe=   0.0 qoe_q=  -67.3 eps=0.050 loss=0.1423
[ep 1531] longdress    static_B_2020.02.27_18.39.27.csv@4080  reward=   78.12 qoe=   0.0 qoe_q=   16.3 eps=0.050 loss=0.1373
[ep 1532] loot         static_B_2020.02.13_13.57.29.csv@1937  reward= -547.33 qoe=   0.0 qoe_q= -188.8 eps=0.050 loss=0.1274
[ep 1533] redandblack  static_B_2020.02.27_18.39.27.csv@2820  reward= -136.29 qoe=   0.0 qoe_q=  -50.8 eps=0.050 loss=0.1493
[ep 1534] soldier      static_B_2019.12.16_13.40.04.csv@976   reward= -163.74 qoe=   0.0 qoe_q=  -71.0 eps=0.050 loss=0.1348
[ep 1535] longdress    static_B_2020.02.27_18.39.27.csv@5280  reward=  -22.99 qoe=   0.0 qoe_q=   -9.8 eps=0.050 loss=0.1202
[ep 1536] loot         static_B_2020.02.13_13.57.29.csv@137   reward= -224.41 qoe=   0.0 qoe_q=  -85.0 eps=0.050 loss=0.1394
[ep 1537] redandblack  static_B_2019.12.16_13.40.04.csv@1216  reward= -146.39 qoe=   0.0 qoe_q=  -69.6 eps=0.050 loss=0.1308
[ep 1538] soldier      static_B_2020.02.27_18.39.27.csv@5700  reward= -222.09 qoe=   0.0 qoe_q=  -85.7 eps=0.050 loss=0.1342
[ep 1539] longdress    static_B_2020.02.27_18.39.27.csv@1740  reward= -341.13 qoe=   0.0 qoe_q= -144.7 eps=0.050 loss=0.1377
[ep 1540] loot         static_B_2020.02.13_13.57.29.csv@2777  reward= -202.47 qoe=   0.0 qoe_q=  -83.7 eps=0.050 loss=0.1378
[ep 1541] redandblack  static_B_2020.02.27_18.39.27.csv@1920  reward=   41.86 qoe=   0.0 qoe_q=    1.5 eps=0.050 loss=0.1390
[ep 1542] soldier      static_B_2020.02.27_18.39.27.csv@5580  reward= -267.98 qoe=   0.0 qoe_q=  -73.6 eps=0.050 loss=0.1353
[ep 1543] longdress    static_B_2020.02.27_18.39.27.csv@1020  reward= -193.79 qoe=   0.0 qoe_q=  -81.0 eps=0.050 loss=0.1187
[ep 1544] loot         static_B_2020.02.27_18.39.27.csv@2760  reward=   66.58 qoe=   0.0 qoe_q=    4.2 eps=0.050 loss=0.1387
[ep 1545] redandblack  static_B_2020.02.27_18.39.27.csv@2280  reward=  -76.18 qoe=   0.0 qoe_q=  -37.3 eps=0.050 loss=0.1476
[ep 1546] soldier      static_B_2020.02.14_13.21.26.csv@52    reward=   89.50 qoe=   0.0 qoe_q=   16.8 eps=0.050 loss=0.1334
[ep 1547] longdress    static_B_2020.02.27_18.39.27.csv@4620  reward= -813.26 qoe=   0.0 qoe_q= -266.8 eps=0.050 loss=0.1382
[ep 1548] loot         static_B_2020.02.13_13.57.29.csv@2177  reward= -159.43 qoe=   0.0 qoe_q=  -69.4 eps=0.050 loss=0.1453
[ep 1549] redandblack  static_B_2020.02.27_18.39.27.csv@2460  reward=   -6.72 qoe=   0.0 qoe_q=  -17.4 eps=0.050 loss=0.1488
[ep 1550] soldier      static_B_2020.02.27_18.39.27.csv@1500  reward= -133.08 qoe=   0.0 qoe_q=  -44.1 eps=0.050 loss=0.1533
[ep 1551] longdress    static_B_2020.02.13_13.57.29.csv@77    reward= -397.92 qoe=   0.0 qoe_q= -140.2 eps=0.050 loss=0.1326
[ep 1552] loot         static_B_2020.02.27_18.39.27.csv@2700  reward=   37.15 qoe=   0.0 qoe_q=  -10.8 eps=0.050 loss=0.1440
[ep 1553] redandblack  static_B_2020.02.13_13.57.29.csv@1277  reward=  -89.78 qoe=   0.0 qoe_q=  -42.4 eps=0.050 loss=0.1334
[ep 1554] soldier      static_B_2020.02.13_13.57.29.csv@557   reward= -105.38 qoe=   0.0 qoe_q=  -46.3 eps=0.050 loss=0.1490
[ep 1555] longdress    static_B_2020.02.27_18.39.27.csv@0     reward=  -92.78 qoe=   0.0 qoe_q=  -43.0 eps=0.050 loss=0.1383
[ep 1556] loot         static_B_2020.02.13_13.57.29.csv@2117  reward= -158.59 qoe=   0.0 qoe_q=  -82.8 eps=0.050 loss=0.1287
[ep 1557] redandblack  static_B_2020.02.27_18.39.27.csv@1680  reward=  -80.28 qoe=   0.0 qoe_q=  -59.3 eps=0.050 loss=0.1418
[ep 1558] soldier      static_B_2020.02.13_13.57.29.csv@2945  reward= -125.03 qoe=   0.0 qoe_q=  -40.3 eps=0.050 loss=0.1385
[ep 1559] longdress    static_B_2020.02.14_13.21.26.csv@112   reward=   -1.77 qoe=   0.0 qoe_q=   -7.2 eps=0.050 loss=0.1514
[ep 1560] loot         static_B_2019.12.16_13.40.04.csv@376   reward=   20.53 qoe=   0.0 qoe_q=  -19.4 eps=0.050 loss=0.1331
[ep 1561] redandblack  static_B_2020.02.27_18.39.27.csv@4980  reward=  -29.22 qoe=   0.0 qoe_q=  -46.5 eps=0.050 loss=0.1221
[ep 1562] soldier      static_B_2019.12.16_13.40.04.csv@1276  reward= -205.00 qoe=   0.0 qoe_q=  -92.8 eps=0.050 loss=0.1388
[ep 1563] longdress    static_B_2020.02.27_18.39.27.csv@4200  reward= -624.69 qoe=   0.0 qoe_q= -193.7 eps=0.050 loss=0.1323
[ep 1564] loot         static_B_2019.12.16_13.40.04.csv@856   reward=  -65.62 qoe=   0.0 qoe_q=  -28.4 eps=0.050 loss=0.1297
[ep 1565] redandblack  static_B_2020.02.13_13.57.29.csv@1097  reward= -192.25 qoe=   0.0 qoe_q=  -73.5 eps=0.050 loss=0.1258
[ep 1566] soldier      static_B_2020.02.27_18.39.27.csv@1560  reward= -114.72 qoe=   0.0 qoe_q=  -48.1 eps=0.050 loss=0.1257
[ep 1567] longdress    static_B_2020.02.27_18.39.27.csv@2040  reward= -194.13 qoe=   0.0 qoe_q=  -70.6 eps=0.050 loss=0.1259
[ep 1568] loot         static_B_2020.02.13_13.57.29.csv@617   reward= -471.43 qoe=   0.0 qoe_q= -153.0 eps=0.050 loss=0.1540
[ep 1569] redandblack  static_B_2019.12.16_13.40.04.csv@1876  reward=   78.76 qoe=   0.0 qoe_q=    8.0 eps=0.050 loss=0.1253
[ep 1570] soldier      static_B_2020.02.27_18.39.27.csv@5400  reward=  105.60 qoe=   0.0 qoe_q=   26.5 eps=0.050 loss=0.1246
[ep 1571] longdress    static_B_2019.12.16_13.40.04.csv@736   reward= -179.34 qoe=   0.0 qoe_q=  -53.6 eps=0.050 loss=0.1431
[ep 1572] loot         static_B_2020.02.27_18.39.27.csv@4680  reward= -788.49 qoe=   0.0 qoe_q= -232.1 eps=0.050 loss=0.1308
[ep 1573] redandblack  static_B_2020.02.27_18.39.27.csv@4800  reward=   87.70 qoe=   0.0 qoe_q=   20.6 eps=0.050 loss=0.1335
[ep 1574] soldier      static_B_2020.02.27_18.39.27.csv@3000  reward= -171.46 qoe=   0.0 qoe_q=  -83.8 eps=0.050 loss=0.1418
[ep 1575] longdress    static_B_2020.02.27_18.39.27.csv@5640  reward= -266.42 qoe=   0.0 qoe_q=  -73.4 eps=0.050 loss=0.1297
[ep 1576] loot         static_B_2020.02.13_13.57.29.csv@2657  reward=   20.46 qoe=   0.0 qoe_q=  -14.9 eps=0.050 loss=0.1376
[ep 1577] redandblack  static_B_2020.02.13_13.57.29.csv@497   reward= -124.14 qoe=   0.0 qoe_q=  -60.1 eps=0.050 loss=0.1299
[ep 1578] soldier      static_B_2020.02.27_18.39.27.csv@3660  reward= -137.82 qoe=   0.0 qoe_q=  -46.2 eps=0.050 loss=0.1421
[ep 1579] longdress    static_B_2020.02.14_13.21.26.csv@850   reward= -157.57 qoe=   0.0 qoe_q=  -61.2 eps=0.050 loss=0.1346
[ep 1580] loot         static_B_2020.02.27_18.39.27.csv@840   reward=   60.84 qoe=   0.0 qoe_q=    1.4 eps=0.050 loss=0.1422
[ep 1581] redandblack  static_B_2020.02.13_13.57.29.csv@1877  reward= -580.36 qoe=   0.0 qoe_q= -178.7 eps=0.050 loss=0.1482
[ep 1582] soldier      static_B_2020.02.27_18.39.27.csv@2580  reward=  -90.46 qoe=   0.0 qoe_q=  -41.3 eps=0.050 loss=0.1283
[ep 1583] longdress    static_B_2020.02.27_18.39.27.csv@5220  reward= -129.18 qoe=   0.0 qoe_q=  -58.7 eps=0.050 loss=0.1343
[ep 1584] loot         static_B_2020.02.13_13.57.29.csv@2297  reward=  -94.18 qoe=   0.0 qoe_q=  -52.6 eps=0.050 loss=0.1391
[ep 1585] redandblack  static_B_2020.02.13_13.57.29.csv@1697  reward= -248.55 qoe=   0.0 qoe_q= -101.9 eps=0.050 loss=0.1377
[ep 1586] soldier      static_B_2020.02.27_18.39.27.csv@5520  reward=   80.89 qoe=   0.0 qoe_q=   10.2 eps=0.050 loss=0.1444
[ep 1587] longdress    static_B_2020.02.13_13.57.29.csv@737   reward= -537.53 qoe=   0.0 qoe_q= -189.7 eps=0.050 loss=0.1362
[ep 1588] loot         static_B_2020.02.27_18.39.27.csv@4020  reward=  -95.36 qoe=   0.0 qoe_q=  -60.7 eps=0.050 loss=0.1436
[ep 1589] redandblack  static_B_2020.02.27_18.39.27.csv@5742  reward= -105.42 qoe=   0.0 qoe_q=  -53.3 eps=0.050 loss=0.1402
[ep 1590] soldier      static_B_2020.02.14_13.21.26.csv@472   reward=   46.89 qoe=   0.0 qoe_q=    3.4 eps=0.050 loss=0.1384
[ep 1591] longdress    static_B_2020.02.27_18.39.27.csv@5040  reward= -143.89 qoe=   0.0 qoe_q=  -64.9 eps=0.050 loss=0.1366
[ep 1592] loot         static_B_2020.02.27_18.39.27.csv@240   reward=   55.91 qoe=   0.0 qoe_q=   -4.5 eps=0.050 loss=0.1293
    [eval @ final] reward=-253.69 qoe=0.0 qoe_q=-79.1 mean_q=0.889 stall=31.9s
==========================================================================================
✅ Training done. untrained qoe_quality=-31.00 -> final -79.05 (best=-28.64)
📦 Saved: C:\Users\Nima\PointCloudStreaming\logs\train_runs\20260710_083943_full\sweep\trial_022_s42\abr_dqn.pkl  (+ C:\Users\Nima\PointCloudStreaming\logs\train_runs\20260710_083943_full\sweep\trial_022_s42\abr_dqn_best.pkl)
🧾 History: C:\Users\Nima\PointCloudStreaming\logs\train_runs\20260710_083943_full\sweep\trial_022_s42\abr_dqn_train_history.json
🧾 Summary: C:\Users\Nima\PointCloudStreaming\logs\train_runs\20260710_083943_full\sweep\trial_022_s42\train_summary.json
