# C:\Users\Nima\AppData\Local\Programs\Python\Python313\python.exe -u C:\Users\Nima\PointCloudStreaming\scripts\train_dqn.py --out C:\Users\Nima\PointCloudStreaming\logs\train_runs\20260720_005851_wide\sweep\screen\trial_011_s42\abr_dqn.pkl --run-dir C:\Users\Nima\PointCloudStreaming\logs\train_runs\20260720_005851_wide\sweep\screen\trial_011_s42 --batch-size 64 --coverage-stride 60 --early-stop-patience 0 --epochs 3 --eps-decay-frac 0.5 --eval-every 400 --eval-offsets 3 --eval-seeds 42,43,44 --eval-sequences longdress,loot,redandblack,soldier --gamma 1.0 --hidden 256 --lam 1.0 --lr 0.0003 --mu 4.3 --protocol configs/experiment_protocol.json --reward-spec {"rebuffer_weight": 2.0, "startup_weight": 1.0} --seed 42 --segment-frames 10 --select-by qoe_quality --target-update 6000 --torch-threads 2 --trace-registry configs/trace_window_registry.json --lstm C:\Users\Nima\PointCloudStreaming\models/bandwidth_lstm_request_pacing_s10.pkl
==========================================================================================
🤖 DQN ABR training
   sequences: ['longdress', 'loot', 'redandblack', 'soldier'] | validation sequences: ['longdress', 'loot', 'redandblack', 'soldier']
   protocol: 4071599372abeb61 | train files: 13 | validation files: 4 | registered test files: 4 (NOT evaluated) | frames/episode: 300
   registry: 8297ac83fa031471 | grid: 60s | 32 episodes/parent -> 416 episodes/epoch x 3 epochs = 1248 episodes (~37440 env steps)
   segment: 10 frames/request (30 decisions/episode) | validation offsets/trace: 3 | validation seeds: [42, 43, 44]
   state_dim: 23 | actions: 6 | feature_spec: ['lstm_pred', 'buffer', 'last_rep_onehot', 'tput_last', 'tput_mean', 'tput_std', 'rep_bitrates', 'rep_densities']
   PyTorch CPU threads/trial: 2
   LSTM: models\bandwidth_lstm_request_pacing_s10.pkl
   reward = QoE: (100/N)*sum(q[fixed_log_bitrate]) - 4.3*stall_duration - 2.0*rebuffer_events - 1.0*sum|delta_segment_q| - 1.0*startup_delay  (gamma=1.0, lr=0.0003, no learner-side scaling)
   select-by: qoe_quality | out: C:\Users\Nima\PointCloudStreaming\logs\train_runs\20260720_005851_wide\sweep\screen\trial_011_s42\abr_dqn.pkl | run-dir: C:\Users\Nima\PointCloudStreaming\logs\train_runs\20260720_005851_wide\sweep\screen\trial_011_s42
==========================================================================================
[validation @ ep 0] untrained: reward=QoE=-8.32
[ep    1] longdress    driving_B_2020.01.16_07.26.43.csv block-000@1200s reward=QoE=  -26.44 pacing=0.00s eps=0.999 loss=0.0000
[ep    2] loot         driving_B_2019.12.16_12.27.05.csv block-000@780s reward=QoE=   16.95 pacing=0.00s eps=0.997 loss=0.0000
[ep    3] redandblack  driving_B_2020.02.14_09.38.22.csv block-000@600s reward=QoE=   37.98 pacing=0.00s eps=0.995 loss=1.1489
[ep    4] soldier      driving_B_2020.02.14_12.58.17.csv block-002@716s reward=QoE= -158.31 pacing=0.00s eps=0.994 loss=1.0824
[ep    5] longdress    driving_B_2020.02.27_17.30.15.csv block-002@473s reward=QoE= -576.73 pacing=0.00s eps=0.992 loss=4.7820
[ep    6] loot         driving_B_2020.01.16_07.26.43.csv block-000@1680s reward=QoE=  -52.98 pacing=0.00s eps=0.991 loss=4.6341
[ep    7] redandblack  driving_B_2020.02.14_09.38.22.csv block-000@1380s reward=QoE=    3.73 pacing=0.00s eps=0.989 loss=4.4751
[ep    8] soldier      driving_B_2020.02.14_09.38.22.csv block-000@1140s reward=QoE=  -87.68 pacing=0.00s eps=0.988 loss=3.9763
[ep    9] longdress    driving_B_2019.12.17_07.32.39.csv block-003@1654s reward=QoE=  -61.88 pacing=0.00s eps=0.986 loss=4.2439
[ep   10] loot         driving_B_2020.02.14_09.38.22.csv block-000@1200s reward=QoE=  -62.36 pacing=0.00s eps=0.985 loss=2.8769
[ep   11] redandblack  driving_B_2020.02.13_15.02.01.csv block-000@1800s reward=QoE= -201.52 pacing=0.00s eps=0.983 loss=3.4377
[ep   12] soldier      driving_B_2020.02.13_15.02.01.csv block-000@540s reward=QoE=  -87.90 pacing=0.00s eps=0.982 loss=3.6736
[ep   13] longdress    driving_B_2020.02.14_09.38.22.csv block-000@780s reward=QoE=   39.94 pacing=0.00s eps=0.980 loss=3.1866
[ep   14] loot         static_B_2020.02.14_13.21.26.csv block-000@180s reward=QoE=   39.08 pacing=0.09s eps=0.979 loss=2.9846
[ep   15] redandblack  driving_B_2019.12.17_07.32.39.csv block-000@1200s reward=QoE=   35.08 pacing=1.64s eps=0.977 loss=3.0958
[ep   16] soldier      driving_B_2020.01.16_09.56.56.csv block-000@360s reward=QoE=   14.89 pacing=0.00s eps=0.976 loss=2.8753
[ep   17] longdress    static_B_2019.12.16_13.40.04.csv block-005@1466s reward=QoE=   39.60 pacing=0.00s eps=0.974 loss=2.9062
[ep   18] loot         driving_B_2020.01.16_07.26.43.csv block-000@1740s reward=QoE= -187.89 pacing=0.00s eps=0.973 loss=2.7559
[ep   19] redandblack  driving_B_2020.01.16_09.56.56.csv block-001@1599s reward=QoE=   45.53 pacing=0.00s eps=0.971 loss=2.7343
[ep   20] soldier      static_B_2020.02.14_13.21.26.csv block-000@720s reward=QoE=   42.83 pacing=1.83s eps=0.970 loss=2.9245
[ep   21] longdress    driving_B_2020.01.16_12.10.03.csv block-000@240s reward=QoE=   53.54 pacing=0.90s eps=0.968 loss=2.4662
[ep   22] loot         driving_B_2020.02.27_17.30.15.csv block-002@413s reward=QoE= -422.11 pacing=0.00s eps=0.967 loss=2.2071
[ep   23] redandblack  driving_B_2020.01.16_07.26.43.csv block-000@1560s reward=QoE= -172.05 pacing=0.00s eps=0.965 loss=3.0680
[ep   24] soldier      driving_B_2020.02.27_17.30.15.csv block-002@533s reward=QoE= -302.58 pacing=0.00s eps=0.964 loss=2.8249
[ep   25] longdress    static_B_2020.02.27_18.39.27.csv block-001@3732s reward=QoE=   42.10 pacing=0.00s eps=0.962 loss=2.8537
[ep   26] loot         driving_B_2020.01.16_09.56.56.csv block-000@180s reward=QoE=   47.80 pacing=0.00s eps=0.960 loss=2.8777
[ep   27] redandblack  static_B_2020.02.14_13.21.26.csv block-000@480s reward=QoE=   43.93 pacing=2.19s eps=0.959 loss=2.7767
[ep   28] soldier      driving_B_2019.12.17_07.32.39.csv block-000@1380s reward=QoE=   -0.69 pacing=0.00s eps=0.957 loss=2.3008
[ep   29] longdress    driving_B_2020.02.13_13.03.24.csv block-001@1994s reward=QoE=   34.64 pacing=0.00s eps=0.956 loss=2.7331
[ep   30] loot         static_B_2019.12.16_13.40.04.csv block-005@1586s reward=QoE=   23.43 pacing=0.00s eps=0.954 loss=2.2319
[ep   31] redandblack  static_B_2020.02.27_18.39.27.csv block-001@5832s reward=QoE=   58.24 pacing=1.50s eps=0.953 loss=2.3514
[ep   32] soldier      driving_B_2020.01.16_09.56.56.csv block-000@300s reward=QoE=   48.99 pacing=1.56s eps=0.951 loss=2.8757
[ep   33] longdress    static_B_2020.02.14_13.21.26.csv block-000@1080s reward=QoE=   47.33 pacing=1.50s eps=0.950 loss=2.4679
[ep   34] loot         driving_B_2020.02.14_12.58.17.csv block-000@0s reward=QoE=  -31.71 pacing=0.00s eps=0.948 loss=2.3391
[ep   35] redandblack  driving_B_2020.02.27_17.30.15.csv block-002@353s reward=QoE= -161.05 pacing=0.00s eps=0.947 loss=2.2382
[ep   36] soldier      static_B_2020.02.14_13.21.26.csv block-000@240s reward=QoE=   51.70 pacing=1.73s eps=0.945 loss=2.1915
[ep   37] longdress    driving_B_2020.02.27_17.30.15.csv block-002@293s reward=QoE= -272.76 pacing=0.00s eps=0.944 loss=2.1365
[ep   38] loot         static_B_2019.12.16_13.40.04.csv block-005@1706s reward=QoE=   40.69 pacing=0.00s eps=0.942 loss=2.1586
[ep   39] redandblack  driving_B_2020.02.13_13.03.24.csv block-007@2290s reward=QoE= -237.94 pacing=0.00s eps=0.941 loss=2.5216
[ep   40] soldier      static_B_2020.02.27_18.39.27.csv block-001@5352s reward=QoE=    0.40 pacing=0.00s eps=0.939 loss=2.1701
[ep   41] longdress    static_B_2019.12.16_13.40.04.csv block-001@955s reward=QoE=   55.97 pacing=0.00s eps=0.938 loss=2.0562
[ep   42] loot         driving_B_2020.02.14_12.58.17.csv block-002@596s reward=QoE=  -64.33 pacing=0.00s eps=0.936 loss=2.0149
[ep   43] redandblack  driving_B_2020.02.14_12.58.17.csv block-002@596s reward=QoE=  -65.93 pacing=0.00s eps=0.935 loss=2.0973
[ep   44] soldier      driving_B_2020.02.14_12.58.17.csv block-000@0s reward=QoE=  -62.63 pacing=0.00s eps=0.933 loss=2.1939
[ep   45] longdress    driving_B_2020.02.13_15.02.01.csv block-000@1200s reward=QoE=   -0.52 pacing=0.00s eps=0.932 loss=2.2660
[ep   46] loot         driving_B_2020.02.14_12.58.17.csv block-002@716s reward=QoE=    7.25 pacing=0.00s eps=0.930 loss=2.3463
[ep   47] redandblack  driving_B_2020.01.16_12.10.03.csv block-000@300s reward=QoE=   18.16 pacing=0.00s eps=0.928 loss=1.7419
[ep   48] soldier      driving_B_2020.02.14_09.38.22.csv block-000@480s reward=QoE=  -63.44 pacing=0.00s eps=0.927 loss=2.1037
[ep   49] longdress    driving_B_2019.12.17_07.32.39.csv block-000@960s reward=QoE=  -89.11 pacing=0.00s eps=0.925 loss=1.7844
[ep   50] loot         driving_B_2020.02.13_15.02.01.csv block-000@2760s reward=QoE= -108.61 pacing=0.00s eps=0.924 loss=1.8989
[ep   51] redandblack  static_B_2020.02.27_18.39.27.csv block-001@3972s reward=QoE=   45.52 pacing=0.00s eps=0.922 loss=2.0355
[ep   52] soldier      static_B_2020.02.14_13.21.26.csv block-000@420s reward=QoE=   50.31 pacing=1.36s eps=0.921 loss=1.8795
[ep   53] longdress    driving_B_2020.02.13_15.02.01.csv block-000@480s reward=QoE=   53.95 pacing=0.00s eps=0.919 loss=1.8889
[ep   54] loot         static_B_2020.02.27_18.39.27.csv block-001@2652s reward=QoE= -122.97 pacing=0.00s eps=0.918 loss=1.8882
[ep   55] redandblack  driving_B_2020.02.14_12.58.17.csv block-002@536s reward=QoE= -146.65 pacing=0.00s eps=0.916 loss=1.9052
[ep   56] soldier      static_B_2019.12.16_13.40.04.csv block-005@1646s reward=QoE=   47.21 pacing=0.00s eps=0.915 loss=1.9276
[ep   57] longdress    driving_B_2019.12.17_07.32.39.csv block-000@900s reward=QoE= -120.53 pacing=0.00s eps=0.913 loss=1.8822
[ep   58] loot         driving_B_2019.12.16_12.27.05.csv block-000@900s reward=QoE=   44.12 pacing=2.47s eps=0.912 loss=1.8681
[ep   59] redandblack  static_B_2019.12.16_13.40.04.csv block-005@1886s reward=QoE=   54.11 pacing=0.00s eps=0.910 loss=1.9199
[ep   60] soldier      static_B_2020.02.27_18.39.27.csv block-001@492s reward=QoE=   33.69 pacing=0.00s eps=0.909 loss=1.8314
[ep   61] longdress    driving_B_2020.02.14_12.58.17.csv block-002@716s reward=QoE=  -67.05 pacing=0.00s eps=0.907 loss=2.0121
[ep   62] loot         driving_B_2020.02.13_13.03.24.csv block-000@480s reward=QoE=  -65.86 pacing=0.00s eps=0.906 loss=1.6947
[ep   63] redandblack  driving_B_2019.12.16_12.27.05.csv block-000@660s reward=QoE= -276.94 pacing=0.00s eps=0.904 loss=1.8225
[ep   64] soldier      driving_B_2020.01.16_09.56.56.csv block-001@1179s reward=QoE=  -60.30 pacing=0.00s eps=0.903 loss=1.9074
[ep   65] longdress    driving_B_2020.02.27_17.30.15.csv block-002@413s reward=QoE= -282.90 pacing=0.00s eps=0.901 loss=2.0406
[ep   66] loot         driving_B_2020.02.13_15.02.01.csv block-000@1920s reward=QoE=   26.11 pacing=0.00s eps=0.900 loss=1.8175
[ep   67] redandblack  driving_B_2020.02.14_09.38.22.csv block-000@1440s reward=QoE=   65.12 pacing=1.29s eps=0.898 loss=1.8220
[ep   68] soldier      driving_B_2020.02.14_09.38.22.csv block-000@120s reward=QoE= -229.61 pacing=0.00s eps=0.897 loss=1.8907
[ep   69] longdress    driving_B_2020.02.27_17.30.15.csv block-002@293s reward=QoE= -396.35 pacing=0.00s eps=0.895 loss=1.9436
[ep   70] loot         static_B_2020.02.27_18.39.27.csv block-001@6072s reward=QoE=   54.20 pacing=2.10s eps=0.893 loss=2.0715
[ep   71] redandblack  driving_B_2019.12.17_07.32.39.csv block-000@420s reward=QoE=   21.68 pacing=0.00s eps=0.892 loss=2.2464
[ep   72] soldier      driving_B_2020.02.14_12.58.17.csv block-002@656s reward=QoE=  -93.86 pacing=0.00s eps=0.890 loss=1.8314
[ep   73] longdress    driving_B_2020.01.16_09.56.56.csv block-001@1539s reward=QoE=   39.77 pacing=1.00s eps=0.889 loss=1.9969
[ep   74] loot         static_B_2020.02.14_13.21.26.csv block-000@1020s reward=QoE=   43.65 pacing=1.93s eps=0.887 loss=1.7536
[ep   75] redandblack  driving_B_2020.02.14_12.58.17.csv block-002@716s reward=QoE=   -1.99 pacing=0.00s eps=0.886 loss=1.9538
[ep   76] soldier      driving_B_2020.01.16_09.56.56.csv block-001@519s reward=QoE=   29.12 pacing=0.00s eps=0.884 loss=2.0678
[ep   77] longdress    driving_B_2020.01.16_09.56.56.csv block-001@1239s reward=QoE=  -38.95 pacing=0.00s eps=0.883 loss=1.5596
[ep   78] loot         driving_B_2020.01.16_09.56.56.csv block-001@1719s reward=QoE=   50.65 pacing=0.41s eps=0.881 loss=1.5918
[ep   79] redandblack  driving_B_2020.01.16_07.26.43.csv block-000@780s reward=QoE=  -18.54 pacing=0.00s eps=0.880 loss=1.8406
[ep   80] soldier      driving_B_2020.02.14_12.58.17.csv block-002@656s reward=QoE=  -82.84 pacing=0.00s eps=0.878 loss=1.8103
[ep   81] longdress    static_B_2020.02.14_13.21.26.csv block-000@660s reward=QoE=   39.61 pacing=1.63s eps=0.877 loss=1.8024
[ep   82] loot         static_B_2019.12.16_13.40.04.csv block-000@60s reward=QoE=   11.39 pacing=0.00s eps=0.875 loss=1.9471
[ep   83] redandblack  driving_B_2020.02.14_09.38.22.csv block-000@360s reward=QoE= -167.16 pacing=0.00s eps=0.874 loss=1.6526
[ep   84] soldier      driving_B_2020.01.16_09.56.56.csv block-001@1059s reward=QoE=  -64.79 pacing=0.00s eps=0.872 loss=1.5858
[ep   85] longdress    driving_B_2020.02.14_12.58.17.csv block-000@0s reward=QoE=  -31.57 pacing=0.00s eps=0.871 loss=1.7464
[ep   86] loot         static_B_2020.02.27_18.39.27.csv block-001@1152s reward=QoE=   68.31 pacing=0.00s eps=0.869 loss=1.8720
[ep   87] redandblack  driving_B_2020.02.27_17.30.15.csv block-002@353s reward=QoE= -112.58 pacing=0.00s eps=0.868 loss=1.8667
[ep   88] soldier      static_B_2020.02.14_13.21.26.csv block-000@540s reward=QoE=   58.08 pacing=0.00s eps=0.866 loss=1.7690
[ep   89] longdress    driving_B_2020.02.27_17.30.15.csv block-002@413s reward=QoE= -578.83 pacing=0.00s eps=0.865 loss=1.7973
[ep   90] loot         driving_B_2020.02.13_13.03.24.csv block-001@914s reward=QoE= -162.56 pacing=0.00s eps=0.863 loss=2.0718
[ep   91] redandblack  static_B_2020.02.14_13.21.26.csv block-000@840s reward=QoE=   55.64 pacing=1.94s eps=0.862 loss=1.8048
[ep   92] soldier      driving_B_2019.12.16_12.27.05.csv block-000@780s reward=QoE=  -24.19 pacing=0.00s eps=0.860 loss=1.8925
[ep   93] longdress    driving_B_2020.02.27_17.30.15.csv block-002@293s reward=QoE= -367.11 pacing=0.00s eps=0.858 loss=2.2788
[ep   94] loot         driving_B_2020.02.27_17.30.15.csv block-002@473s reward=QoE= -420.39 pacing=0.00s eps=0.857 loss=2.2589
[ep   95] redandblack  driving_B_2020.01.16_07.26.43.csv block-000@1260s reward=QoE=   16.87 pacing=0.00s eps=0.855 loss=2.1398
[ep   96] soldier      static_B_2020.02.27_18.39.27.csv block-001@5472s reward=QoE=   49.83 pacing=2.12s eps=0.854 loss=2.0814
[ep   97] longdress    driving_B_2020.02.14_09.38.22.csv block-000@1080s reward=QoE=   43.73 pacing=1.15s eps=0.852 loss=2.1686
[ep   98] loot         driving_B_2020.01.16_09.56.56.csv block-001@939s reward=QoE=    6.45 pacing=0.00s eps=0.851 loss=2.3622
[ep   99] redandblack  driving_B_2020.01.16_12.10.03.csv block-000@0s reward=QoE=   30.74 pacing=2.56s eps=0.849 loss=2.1139
[ep  100] soldier      static_B_2020.02.27_18.39.27.csv block-001@2592s reward=QoE=   34.82 pacing=0.00s eps=0.848 loss=2.2168
[ep  101] longdress    driving_B_2020.02.13_15.02.01.csv block-000@2940s reward=QoE= -133.25 pacing=0.00s eps=0.846 loss=1.7864
[ep  102] loot         driving_B_2020.02.27_17.30.15.csv block-002@473s reward=QoE= -369.12 pacing=0.00s eps=0.845 loss=2.1388
[ep  103] redandblack  driving_B_2020.01.16_07.26.43.csv block-000@300s reward=QoE=   -7.69 pacing=0.00s eps=0.843 loss=2.2168
[ep  104] soldier      driving_B_2020.02.13_15.02.01.csv block-000@1620s reward=QoE= -138.30 pacing=0.00s eps=0.842 loss=1.9997
[ep  105] longdress    driving_B_2020.02.13_15.02.01.csv block-000@120s reward=QoE=   46.82 pacing=0.63s eps=0.840 loss=2.0984
[ep  106] loot         driving_B_2019.12.17_07.32.39.csv block-000@1140s reward=QoE=    9.42 pacing=0.00s eps=0.839 loss=1.9035
[ep  107] redandblack  static_B_2019.12.16_13.40.04.csv block-000@120s reward=QoE=   59.93 pacing=1.56s eps=0.837 loss=1.8424
[ep  108] soldier      static_B_2019.12.16_13.40.04.csv block-001@895s reward=QoE=   39.99 pacing=0.00s eps=0.836 loss=2.2980
[ep  109] longdress    driving_B_2020.02.14_12.58.17.csv block-002@596s reward=QoE= -120.18 pacing=0.00s eps=0.834 loss=2.3277
[ep  110] loot         driving_B_2020.02.14_09.38.22.csv block-000@1200s reward=QoE=  -69.27 pacing=0.00s eps=0.833 loss=1.9663
[ep  111] redandblack  driving_B_2020.02.14_12.58.17.csv block-002@536s reward=QoE= -236.09 pacing=0.00s eps=0.831 loss=2.1283
[ep  112] soldier      driving_B_2019.12.17_07.32.39.csv block-000@120s reward=QoE=  -27.50 pacing=0.00s eps=0.830 loss=2.1392
[ep  113] longdress    driving_B_2020.01.16_12.10.03.csv block-000@60s reward=QoE=   33.33 pacing=0.00s eps=0.828 loss=1.8699
[ep  114] loot         driving_B_2020.02.14_12.58.17.csv block-002@656s reward=QoE=   17.59 pacing=0.00s eps=0.826 loss=2.1053
[ep  115] redandblack  driving_B_2020.01.16_09.56.56.csv block-001@1359s reward=QoE=    2.36 pacing=0.00s eps=0.825 loss=1.8234
[ep  116] soldier      static_B_2019.12.16_13.40.04.csv block-000@0s reward=QoE=   38.16 pacing=0.32s eps=0.823 loss=2.0482
[ep  117] longdress    static_B_2019.12.16_13.40.04.csv block-001@1015s reward=QoE=  -39.23 pacing=0.00s eps=0.822 loss=2.0145
[ep  118] loot         driving_B_2020.01.16_12.10.03.csv block-000@240s reward=QoE=   51.13 pacing=2.13s eps=0.820 loss=2.1694
[ep  119] redandblack  static_B_2020.02.14_13.21.26.csv block-000@360s reward=QoE=   35.76 pacing=1.89s eps=0.819 loss=2.1337
[ep  120] soldier      static_B_2020.02.27_18.39.27.csv block-001@6432s reward=QoE=   36.14 pacing=0.00s eps=0.817 loss=1.9318
[ep  121] longdress    driving_B_2019.12.17_07.32.39.csv block-003@1534s reward=QoE=    8.62 pacing=0.00s eps=0.816 loss=1.8276
[ep  122] loot         driving_B_2020.01.16_09.56.56.csv block-001@1299s reward=QoE=   50.11 pacing=0.00s eps=0.814 loss=1.9936
[ep  123] redandblack  driving_B_2020.02.14_12.58.17.csv block-002@716s reward=QoE=   -2.82 pacing=0.00s eps=0.813 loss=1.9312
[ep  124] soldier      driving_B_2019.12.17_07.32.39.csv block-000@660s reward=QoE=  -29.55 pacing=0.00s eps=0.811 loss=1.7218
[ep  125] longdress    driving_B_2020.02.13_15.02.01.csv block-000@780s reward=QoE=  -54.98 pacing=0.00s eps=0.810 loss=1.8749
[ep  126] loot         driving_B_2020.02.14_12.58.17.csv block-000@0s reward=QoE=    3.03 pacing=0.00s eps=0.808 loss=1.9472
[ep  127] redandblack  static_B_2020.02.14_13.21.26.csv block-000@840s reward=QoE=   39.32 pacing=2.32s eps=0.807 loss=2.0329
[ep  128] soldier      driving_B_2020.02.13_13.03.24.csv block-000@0s reward=QoE=  -75.47 pacing=0.00s eps=0.805 loss=2.3065
[ep  129] longdress    static_B_2020.02.27_18.39.27.csv block-001@5292s reward=QoE= -204.17 pacing=0.00s eps=0.804 loss=1.8422
[ep  130] loot         driving_B_2020.01.16_07.26.43.csv block-000@360s reward=QoE= -129.97 pacing=0.00s eps=0.802 loss=1.9829
[ep  131] redandblack  driving_B_2019.12.17_07.32.39.csv block-000@480s reward=QoE=   50.06 pacing=0.46s eps=0.801 loss=1.7794
[ep  132] soldier      driving_B_2020.01.16_12.10.03.csv block-000@240s reward=QoE=   64.83 pacing=0.89s eps=0.799 loss=2.3585
[ep  133] longdress    driving_B_2020.02.27_17.30.15.csv block-002@533s reward=QoE= -201.23 pacing=0.00s eps=0.798 loss=2.0189
[ep  134] loot         static_B_2020.02.14_13.21.26.csv block-000@1080s reward=QoE=   46.06 pacing=1.46s eps=0.796 loss=1.8332
[ep  135] redandblack  driving_B_2020.01.16_09.56.56.csv block-001@1719s reward=QoE=   56.93 pacing=0.00s eps=0.795 loss=1.7245
[ep  136] soldier      static_B_2020.02.14_13.21.26.csv block-000@780s reward=QoE=   34.56 pacing=2.31s eps=0.793 loss=1.8586
[ep  137] longdress    static_B_2019.12.16_13.40.04.csv block-006@2232s reward=QoE=   58.77 pacing=0.25s eps=0.791 loss=1.9672
[ep  138] loot         driving_B_2019.12.16_12.27.05.csv block-000@480s reward=QoE=  -66.78 pacing=0.00s eps=0.790 loss=1.9149
[ep  139] redandblack  static_B_2020.02.27_18.39.27.csv block-001@432s reward=QoE=   63.22 pacing=0.00s eps=0.788 loss=1.9109
[ep  140] soldier      driving_B_2020.01.16_12.10.03.csv block-000@180s reward=QoE=   52.23 pacing=0.00s eps=0.787 loss=1.5941
[ep  141] longdress    driving_B_2020.01.16_12.10.03.csv block-000@180s reward=QoE=   45.86 pacing=0.00s eps=0.785 loss=1.6287
[ep  142] loot         driving_B_2019.12.17_07.32.39.csv block-003@1894s reward=QoE=  -61.56 pacing=0.00s eps=0.784 loss=1.8901
[ep  143] redandblack  driving_B_2020.02.14_09.38.22.csv block-000@240s reward=QoE=  -77.73 pacing=0.00s eps=0.782 loss=1.7821
[ep  144] soldier      driving_B_2020.02.13_15.02.01.csv block-000@2580s reward=QoE= -544.81 pacing=0.00s eps=0.781 loss=1.8903
[ep  145] longdress    static_B_2020.02.14_13.21.26.csv block-000@180s reward=QoE=   67.87 pacing=0.80s eps=0.779 loss=1.8883
[ep  146] loot         driving_B_2020.02.14_12.58.17.csv block-002@656s reward=QoE=   14.22 pacing=0.00s eps=0.778 loss=1.8356
[ep  147] redandblack  driving_B_2020.02.13_15.02.01.csv block-000@2280s reward=QoE=  -64.84 pacing=0.00s eps=0.776 loss=1.9783
[ep  148] soldier      driving_B_2019.12.17_07.32.39.csv block-003@1834s reward=QoE= -171.48 pacing=0.00s eps=0.775 loss=1.8949
[ep  149] longdress    static_B_2020.02.27_18.39.27.csv block-001@4512s reward=QoE=   59.10 pacing=1.64s eps=0.773 loss=1.9157
[ep  150] loot         driving_B_2020.01.16_07.26.43.csv block-000@960s reward=QoE=  -53.17 pacing=0.00s eps=0.772 loss=1.8175
[ep  151] redandblack  driving_B_2019.12.16_12.27.05.csv block-000@1020s reward=QoE=   47.88 pacing=0.10s eps=0.770 loss=1.5738
[ep  152] soldier      driving_B_2020.02.14_09.38.22.csv block-000@1320s reward=QoE= -153.14 pacing=0.00s eps=0.769 loss=1.9921
[ep  153] longdress    static_B_2019.12.16_13.40.04.csv block-000@300s reward=QoE=   -1.13 pacing=0.00s eps=0.767 loss=1.8364
[ep  154] loot         driving_B_2019.12.17_07.32.39.csv block-000@600s reward=QoE=  -22.58 pacing=0.00s eps=0.766 loss=1.9082
[ep  155] redandblack  driving_B_2020.01.16_12.10.03.csv block-000@300s reward=QoE=   16.70 pacing=0.00s eps=0.764 loss=1.7649
[ep  156] soldier      driving_B_2019.12.16_12.27.05.csv block-000@60s reward=QoE=  -70.37 pacing=0.00s eps=0.763 loss=1.8292
[ep  157] longdress    static_B_2020.02.14_13.21.26.csv block-000@60s reward=QoE=   36.53 pacing=1.80s eps=0.761 loss=1.6456
[ep  158] loot         driving_B_2020.02.13_15.02.01.csv block-000@3000s reward=QoE=  -47.83 pacing=0.00s eps=0.760 loss=1.7502
[ep  159] redandblack  static_B_2020.02.14_13.21.26.csv block-000@60s reward=QoE=   43.07 pacing=2.54s eps=0.758 loss=1.8778
[ep  160] soldier      driving_B_2019.12.16_12.27.05.csv block-000@840s reward=QoE=   -3.31 pacing=0.00s eps=0.756 loss=1.8596
[ep  161] longdress    driving_B_2020.01.16_07.26.43.csv block-000@1020s reward=QoE= -123.71 pacing=0.00s eps=0.755 loss=1.4948
[ep  162] loot         driving_B_2020.02.13_13.03.24.csv block-000@420s reward=QoE=  -20.18 pacing=0.00s eps=0.753 loss=1.9403
[ep  163] redandblack  driving_B_2020.01.16_07.26.43.csv block-000@1080s reward=QoE=   20.65 pacing=0.00s eps=0.752 loss=2.1655
[ep  164] soldier      static_B_2019.12.16_13.40.04.csv block-001@835s reward=QoE=   50.61 pacing=0.00s eps=0.750 loss=1.6470
[ep  165] longdress    driving_B_2020.02.27_17.30.15.csv block-002@413s reward=QoE= -570.28 pacing=0.00s eps=0.749 loss=1.9394
[ep  166] loot         static_B_2020.02.27_18.39.27.csv block-001@4212s reward=QoE=   63.11 pacing=2.27s eps=0.747 loss=1.7210
[ep  167] redandblack  driving_B_2020.02.13_13.03.24.csv block-001@1214s reward=QoE= -127.08 pacing=0.00s eps=0.746 loss=1.7470
[ep  168] soldier      static_B_2020.02.14_13.21.26.csv block-000@600s reward=QoE=   50.80 pacing=1.04s eps=0.744 loss=1.9629
[ep  169] longdress    driving_B_2020.02.27_17.30.15.csv block-002@293s reward=QoE= -203.45 pacing=0.00s eps=0.743 loss=1.7372
[ep  170] loot         driving_B_2020.01.16_07.26.43.csv block-000@1140s reward=QoE=   41.38 pacing=0.00s eps=0.741 loss=1.9883
[ep  171] redandblack  driving_B_2020.02.13_13.03.24.csv block-001@1334s reward=QoE=  -88.47 pacing=0.00s eps=0.740 loss=1.6271
[ep  172] soldier      driving_B_2020.02.13_13.03.24.csv block-001@1634s reward=QoE=  -58.03 pacing=0.00s eps=0.738 loss=1.7876
[ep  173] longdress    driving_B_2019.12.16_12.27.05.csv block-000@600s reward=QoE= -204.28 pacing=0.00s eps=0.737 loss=1.6732
[ep  174] loot         driving_B_2020.01.16_07.26.43.csv block-000@600s reward=QoE=  -15.32 pacing=0.00s eps=0.735 loss=2.0703
[ep  175] redandblack  driving_B_2020.01.16_12.10.03.csv block-000@180s reward=QoE=   64.93 pacing=0.00s eps=0.734 loss=1.9416
[ep  176] soldier      driving_B_2019.12.17_07.32.39.csv block-000@300s reward=QoE=  -12.79 pacing=0.00s eps=0.732 loss=2.1944
[ep  177] longdress    driving_B_2020.02.14_12.58.17.csv block-002@536s reward=QoE= -264.22 pacing=0.00s eps=0.731 loss=1.8151
[ep  178] loot         static_B_2020.02.27_18.39.27.csv block-001@2232s reward=QoE=   30.30 pacing=0.00s eps=0.729 loss=2.2633
[ep  179] redandblack  driving_B_2020.02.14_09.38.22.csv block-000@420s reward=QoE=  -62.89 pacing=0.00s eps=0.728 loss=1.6241
[ep  180] soldier      driving_B_2020.01.16_12.10.03.csv block-000@60s reward=QoE=   30.73 pacing=0.00s eps=0.726 loss=1.4927
[ep  181] longdress    driving_B_2020.01.16_09.56.56.csv block-001@879s reward=QoE=   44.16 pacing=0.00s eps=0.724 loss=1.9071
[ep  182] loot         driving_B_2020.01.16_12.10.03.csv block-000@120s reward=QoE=   61.03 pacing=1.97s eps=0.723 loss=1.9514
[ep  183] redandblack  driving_B_2020.02.13_13.03.24.csv block-000@240s reward=QoE=  -23.95 pacing=0.00s eps=0.721 loss=2.0399
[ep  184] soldier      driving_B_2019.12.17_07.32.39.csv block-003@2074s reward=QoE=  -26.75 pacing=0.00s eps=0.720 loss=2.3507
[ep  185] longdress    driving_B_2020.01.16_12.10.03.csv block-000@360s reward=QoE=   70.05 pacing=0.00s eps=0.718 loss=1.7922
[ep  186] loot         driving_B_2020.02.14_09.38.22.csv block-000@120s reward=QoE=  -98.89 pacing=0.00s eps=0.717 loss=1.8728
[ep  187] redandblack  static_B_2019.12.16_13.40.04.csv block-006@2172s reward=QoE=   45.74 pacing=2.34s eps=0.715 loss=1.9841
[ep  188] soldier      driving_B_2019.12.17_07.32.39.csv block-000@1080s reward=QoE=   -6.36 pacing=0.00s eps=0.714 loss=2.0685
[ep  189] longdress    driving_B_2020.01.16_09.56.56.csv block-000@240s reward=QoE=   16.35 pacing=0.00s eps=0.712 loss=1.6638
[ep  190] loot         driving_B_2020.02.14_12.58.17.csv block-002@596s reward=QoE=  -45.16 pacing=0.00s eps=0.711 loss=1.7848
[ep  191] redandblack  driving_B_2020.01.16_12.10.03.csv block-000@300s reward=QoE=    6.34 pacing=0.00s eps=0.709 loss=2.0750
[ep  192] soldier      driving_B_2020.02.27_17.30.15.csv block-002@473s reward=QoE= -505.35 pacing=0.00s eps=0.708 loss=1.5004
[ep  193] longdress    driving_B_2020.02.13_13.03.24.csv block-001@1454s reward=QoE= -162.88 pacing=0.00s eps=0.706 loss=1.8417
[ep  194] loot         driving_B_2019.12.16_12.27.05.csv block-000@1020s reward=QoE=   55.76 pacing=0.10s eps=0.705 loss=1.6697
[ep  195] redandblack  driving_B_2020.01.16_07.26.43.csv block-000@1440s reward=QoE=  -17.64 pacing=0.00s eps=0.703 loss=1.7287
[ep  196] soldier      static_B_2020.02.14_13.21.26.csv block-000@480s reward=QoE=   53.73 pacing=0.81s eps=0.702 loss=1.9493
[ep  197] longdress    static_B_2020.02.14_13.21.26.csv block-000@960s reward=QoE=   16.09 pacing=0.00s eps=0.700 loss=1.9228
[ep  198] loot         driving_B_2019.12.16_12.27.05.csv block-000@120s reward=QoE=  -31.68 pacing=0.00s eps=0.699 loss=1.8356
[ep  199] redandblack  driving_B_2020.01.16_09.56.56.csv block-001@699s reward=QoE=   44.95 pacing=2.59s eps=0.697 loss=2.0908
[ep  200] soldier      driving_B_2020.02.27_17.30.15.csv block-002@293s reward=QoE= -296.87 pacing=0.00s eps=0.696 loss=1.7268
[ep  201] longdress    driving_B_2019.12.16_12.27.05.csv block-000@720s reward=QoE=  -43.05 pacing=0.00s eps=0.694 loss=2.0399
[ep  202] loot         driving_B_2020.02.13_13.03.24.csv block-001@974s reward=QoE=    2.75 pacing=0.00s eps=0.693 loss=1.6550
[ep  203] redandblack  driving_B_2019.12.17_07.32.39.csv block-000@840s reward=QoE=   -9.83 pacing=0.00s eps=0.691 loss=2.2608
[ep  204] soldier      static_B_2019.12.16_13.40.04.csv block-001@1135s reward=QoE=    5.66 pacing=0.00s eps=0.689 loss=1.9941
[ep  205] longdress    driving_B_2019.12.16_12.27.05.csv block-000@1140s reward=QoE=   17.86 pacing=0.00s eps=0.688 loss=2.0269
[ep  206] loot         driving_B_2020.01.16_12.10.03.csv block-000@360s reward=QoE=   42.86 pacing=0.31s eps=0.686 loss=1.8235
[ep  207] redandblack  driving_B_2020.01.16_12.10.03.csv block-000@120s reward=QoE=   55.50 pacing=1.74s eps=0.685 loss=1.9117
[ep  208] soldier      driving_B_2020.02.14_09.38.22.csv block-000@1020s reward=QoE=   48.63 pacing=0.00s eps=0.683 loss=1.8637
[ep  209] longdress    driving_B_2020.01.16_09.56.56.csv block-001@1359s reward=QoE=    5.69 pacing=0.00s eps=0.682 loss=2.0491
[ep  210] loot         static_B_2020.02.14_13.21.26.csv block-000@120s reward=QoE=   48.76 pacing=2.26s eps=0.680 loss=1.8596
[ep  211] redandblack  driving_B_2020.01.16_12.10.03.csv block-000@60s reward=QoE=   46.51 pacing=0.00s eps=0.679 loss=1.6941
[ep  212] soldier      driving_B_2020.01.16_07.26.43.csv block-000@540s reward=QoE=  -68.57 pacing=0.00s eps=0.677 loss=2.0018
[ep  213] longdress    driving_B_2019.12.17_07.32.39.csv block-000@780s reward=QoE=  -29.25 pacing=0.00s eps=0.676 loss=2.2964
[ep  214] loot         static_B_2020.02.27_18.39.27.csv block-001@1752s reward=QoE=   68.66 pacing=0.00s eps=0.674 loss=1.6954
[ep  215] redandblack  driving_B_2020.01.16_07.26.43.csv block-000@180s reward=QoE= -184.48 pacing=0.00s eps=0.673 loss=1.8841
[ep  216] soldier      driving_B_2020.01.16_07.26.43.csv block-000@480s reward=QoE= -202.96 pacing=0.00s eps=0.671 loss=1.7697
[ep  217] longdress    driving_B_2020.01.16_07.26.43.csv block-000@1800s reward=QoE= -103.94 pacing=0.00s eps=0.670 loss=1.9246
[ep  218] loot         driving_B_2019.12.16_12.27.05.csv block-000@1140s reward=QoE=   45.29 pacing=0.00s eps=0.668 loss=2.0303
[ep  219] redandblack  static_B_2020.02.27_18.39.27.csv block-001@672s reward=QoE=   21.88 pacing=1.34s eps=0.667 loss=1.8763
[ep  220] soldier      driving_B_2020.01.16_12.10.03.csv block-000@0s reward=QoE=   54.38 pacing=1.64s eps=0.665 loss=1.7384
[ep  221] longdress    driving_B_2020.02.13_15.02.01.csv block-000@1500s reward=QoE= -185.40 pacing=0.00s eps=0.664 loss=1.7347
[ep  222] loot         driving_B_2020.01.16_12.10.03.csv block-000@360s reward=QoE=   64.50 pacing=0.00s eps=0.662 loss=1.8496
[ep  223] redandblack  driving_B_2020.02.13_13.03.24.csv block-001@1094s reward=QoE=  -65.39 pacing=0.00s eps=0.661 loss=2.2556
[ep  224] soldier      driving_B_2020.01.16_07.26.43.csv block-000@1860s reward=QoE=  -67.79 pacing=0.00s eps=0.659 loss=2.3516
[ep  225] longdress    static_B_2019.12.16_13.40.04.csv block-005@2006s reward=QoE=   39.59 pacing=0.00s eps=0.658 loss=1.8774
[ep  226] loot         driving_B_2020.01.16_12.10.03.csv block-000@60s reward=QoE=   40.82 pacing=0.00s eps=0.656 loss=1.8797
[ep  227] redandblack  driving_B_2020.02.14_12.58.17.csv block-002@596s reward=QoE=  -31.94 pacing=0.00s eps=0.654 loss=1.9170
[ep  228] soldier      driving_B_2020.01.16_12.10.03.csv block-000@0s reward=QoE=   60.64 pacing=1.51s eps=0.653 loss=1.8404
[ep  229] longdress    driving_B_2020.02.13_13.03.24.csv block-001@1574s reward=QoE=  -60.96 pacing=0.00s eps=0.651 loss=1.5747
[ep  230] loot         driving_B_2020.01.16_09.56.56.csv block-001@999s reward=QoE=  -30.37 pacing=0.00s eps=0.650 loss=1.7495
[ep  231] redandblack  driving_B_2020.02.13_15.02.01.csv block-000@1680s reward=QoE=  -18.94 pacing=0.00s eps=0.648 loss=1.7950
[ep  232] soldier      static_B_2020.02.27_18.39.27.csv block-001@3552s reward=QoE= -113.98 pacing=0.00s eps=0.647 loss=2.0215
[ep  233] longdress    static_B_2020.02.14_13.21.26.csv block-000@360s reward=QoE=   51.73 pacing=0.91s eps=0.645 loss=1.8202
[ep  234] loot         static_B_2019.12.16_13.40.04.csv block-005@1826s reward=QoE=   54.82 pacing=0.00s eps=0.644 loss=2.0238
[ep  235] redandblack  driving_B_2020.02.14_09.38.22.csv block-000@0s reward=QoE=  -70.14 pacing=0.00s eps=0.642 loss=2.1298
[ep  236] soldier      driving_B_2020.02.13_15.02.01.csv block-000@2100s reward=QoE=   -1.38 pacing=0.00s eps=0.641 loss=1.9760
[ep  237] longdress    static_B_2020.02.27_18.39.27.csv block-001@5952s reward=QoE=   52.38 pacing=0.00s eps=0.639 loss=1.8981
[ep  238] loot         static_B_2020.02.27_18.39.27.csv block-001@4392s reward=QoE=   33.64 pacing=0.00s eps=0.638 loss=1.7326
[ep  239] redandblack  driving_B_2020.01.16_09.56.56.csv block-001@579s reward=QoE=   39.09 pacing=0.00s eps=0.636 loss=1.7800
[ep  240] soldier      driving_B_2020.02.13_13.03.24.csv block-000@360s reward=QoE= -107.49 pacing=0.00s eps=0.635 loss=1.7540
[ep  241] longdress    static_B_2019.12.16_13.40.04.csv block-001@715s reward=QoE=   23.69 pacing=0.00s eps=0.633 loss=1.8594
[ep  242] loot         static_B_2020.02.27_18.39.27.csv block-001@6312s reward=QoE=   61.96 pacing=0.00s eps=0.632 loss=1.7367
[ep  243] redandblack  driving_B_2020.01.16_12.10.03.csv block-000@120s reward=QoE=   59.38 pacing=1.42s eps=0.630 loss=1.7456
[ep  244] soldier      driving_B_2020.01.16_07.26.43.csv block-000@420s reward=QoE=  -80.30 pacing=0.00s eps=0.629 loss=1.6678
[ep  245] longdress    driving_B_2020.02.13_13.03.24.csv block-000@660s reward=QoE=  -68.96 pacing=0.00s eps=0.627 loss=1.7580
[ep  246] loot         driving_B_2020.02.13_13.03.24.csv block-001@1274s reward=QoE=  -92.70 pacing=0.00s eps=0.626 loss=2.2491
[ep  247] redandblack  driving_B_2020.02.14_09.38.22.csv block-000@840s reward=QoE=  -31.13 pacing=0.00s eps=0.624 loss=1.9111
[ep  248] soldier      driving_B_2019.12.16_12.27.05.csv block-000@600s reward=QoE=  -46.89 pacing=0.00s eps=0.622 loss=1.8377
[ep  249] longdress    driving_B_2020.01.16_09.56.56.csv block-001@759s reward=QoE=   14.97 pacing=0.00s eps=0.621 loss=1.7940
[ep  250] loot         driving_B_2019.12.16_12.27.05.csv block-000@0s reward=QoE=   26.29 pacing=0.00s eps=0.619 loss=2.0179
[ep  251] redandblack  driving_B_2020.02.14_12.58.17.csv block-002@536s reward=QoE= -204.26 pacing=0.00s eps=0.618 loss=1.7570
[ep  252] soldier      driving_B_2020.02.13_13.03.24.csv block-000@300s reward=QoE=  -19.58 pacing=0.00s eps=0.616 loss=2.2762
[ep  253] longdress    static_B_2020.02.14_13.21.26.csv block-000@540s reward=QoE=   48.94 pacing=0.00s eps=0.615 loss=1.7410
[ep  254] loot         driving_B_2020.02.27_17.30.15.csv block-002@533s reward=QoE= -190.19 pacing=0.00s eps=0.613 loss=1.6691
[ep  255] redandblack  driving_B_2019.12.16_12.27.05.csv block-000@60s reward=QoE=    7.70 pacing=0.00s eps=0.612 loss=2.2725
[ep  256] soldier      driving_B_2019.12.16_12.27.05.csv block-000@420s reward=QoE= -279.57 pacing=0.00s eps=0.610 loss=1.5396
[ep  257] longdress    driving_B_2020.02.14_09.38.22.csv block-000@900s reward=QoE= -136.72 pacing=0.00s eps=0.609 loss=1.9451
[ep  258] loot         driving_B_2020.01.16_07.26.43.csv block-000@1320s reward=QoE=   -5.17 pacing=0.00s eps=0.607 loss=1.8935
[ep  259] redandblack  driving_B_2020.02.13_15.02.01.csv block-000@1380s reward=QoE=   32.52 pacing=0.00s eps=0.606 loss=2.0421
[ep  260] soldier      driving_B_2020.02.14_09.38.22.csv block-000@300s reward=QoE= -209.20 pacing=0.00s eps=0.604 loss=1.7261
[ep  261] longdress    driving_B_2020.01.16_07.26.43.csv block-000@840s reward=QoE=   18.90 pacing=0.00s eps=0.603 loss=1.8660
[ep  262] loot         driving_B_2020.02.13_13.03.24.csv block-001@1814s reward=QoE=  -36.50 pacing=0.00s eps=0.601 loss=1.8250
[ep  263] redandblack  driving_B_2020.02.13_15.02.01.csv block-000@360s reward=QoE=   63.23 pacing=0.00s eps=0.600 loss=1.8266
[ep  264] soldier      driving_B_2020.02.27_17.30.15.csv block-002@413s reward=QoE= -341.58 pacing=0.00s eps=0.598 loss=1.7973
[ep  265] longdress    driving_B_2019.12.16_12.27.05.csv block-000@300s reward=QoE=  -66.75 pacing=0.00s eps=0.597 loss=1.8751
[ep  266] loot         driving_B_2020.02.14_12.58.17.csv block-002@656s reward=QoE=   30.50 pacing=0.00s eps=0.595 loss=2.1660
[ep  267] redandblack  driving_B_2020.02.14_09.38.22.csv block-000@1260s reward=QoE=  -38.02 pacing=0.00s eps=0.594 loss=2.0549
[ep  268] soldier      driving_B_2019.12.16_12.27.05.csv block-000@420s reward=QoE= -301.71 pacing=0.00s eps=0.592 loss=1.7248
[ep  269] longdress    driving_B_2020.01.16_07.26.43.csv block-000@240s reward=QoE=  -15.02 pacing=0.00s eps=0.591 loss=1.6890
[ep  270] loot         driving_B_2020.02.13_13.03.24.csv block-001@1514s reward=QoE=  -78.18 pacing=0.00s eps=0.589 loss=1.8119
[ep  271] redandblack  driving_B_2019.12.17_07.32.39.csv block-003@1954s reward=QoE=  -66.30 pacing=0.00s eps=0.587 loss=1.5674
[ep  272] soldier      driving_B_2020.02.14_12.58.17.csv block-002@656s reward=QoE=   -5.43 pacing=0.00s eps=0.586 loss=1.6637
[ep  273] longdress    driving_B_2020.01.16_07.26.43.csv block-000@0s reward=QoE=  -56.53 pacing=0.00s eps=0.584 loss=1.8650
[ep  274] loot         driving_B_2020.02.14_09.38.22.csv block-000@780s reward=QoE=   63.90 pacing=0.05s eps=0.583 loss=1.7218
[ep  275] redandblack  driving_B_2020.02.13_15.02.01.csv block-000@900s reward=QoE=  -58.81 pacing=0.00s eps=0.581 loss=1.9291
[ep  276] soldier      driving_B_2020.01.16_09.56.56.csv block-001@639s reward=QoE=   58.43 pacing=0.00s eps=0.580 loss=1.6402
[ep  277] longdress    driving_B_2020.01.16_12.10.03.csv block-000@60s reward=QoE=   42.12 pacing=0.00s eps=0.578 loss=2.1036
[ep  278] loot         driving_B_2020.02.13_15.02.01.csv block-000@2520s reward=QoE=  -42.93 pacing=0.00s eps=0.577 loss=1.5400
[ep  279] redandblack  driving_B_2019.12.17_07.32.39.csv block-004@2237s reward=QoE=   -2.42 pacing=0.00s eps=0.575 loss=1.9540
[ep  280] soldier      driving_B_2020.01.16_09.56.56.csv block-001@1119s reward=QoE=   73.47 pacing=0.00s eps=0.574 loss=1.6487
[ep  281] longdress    driving_B_2019.12.16_12.27.05.csv block-000@1200s reward=QoE=   17.96 pacing=0.00s eps=0.572 loss=2.0137
[ep  282] loot         driving_B_2019.12.17_07.32.39.csv block-000@720s reward=QoE=  -14.11 pacing=0.00s eps=0.571 loss=1.9278
[ep  283] redandblack  driving_B_2020.02.14_09.38.22.csv block-000@480s reward=QoE=  -30.61 pacing=0.00s eps=0.569 loss=1.6457
[ep  284] soldier      driving_B_2020.02.13_15.02.01.csv block-000@1440s reward=QoE= -321.28 pacing=0.00s eps=0.568 loss=2.2351
[ep  285] longdress    driving_B_2020.02.27_17.30.15.csv block-002@293s reward=QoE= -401.34 pacing=0.00s eps=0.566 loss=2.1302
[ep  286] loot         static_B_2019.12.16_13.40.04.csv block-001@1075s reward=QoE=   47.19 pacing=0.00s eps=0.565 loss=1.7667
[ep  287] redandblack  driving_B_2020.01.16_12.10.03.csv block-000@180s reward=QoE=   48.23 pacing=0.00s eps=0.563 loss=2.0374
[ep  288] soldier      driving_B_2020.02.13_15.02.01.csv block-000@1320s reward=QoE=   19.43 pacing=0.00s eps=0.562 loss=1.9365
[ep  289] longdress    static_B_2020.02.27_18.39.27.csv block-001@1872s reward=QoE=   27.49 pacing=0.00s eps=0.560 loss=1.6033
[ep  290] loot         driving_B_2020.02.13_13.03.24.csv block-000@540s reward=QoE=    3.49 pacing=0.00s eps=0.559 loss=1.7158
[ep  291] redandblack  driving_B_2020.02.13_13.03.24.csv block-001@1034s reward=QoE=  -37.82 pacing=0.00s eps=0.557 loss=1.7567
[ep  292] soldier      driving_B_2020.02.14_12.58.17.csv block-000@0s reward=QoE=  -33.11 pacing=0.00s eps=0.555 loss=1.9794
[ep  293] longdress    driving_B_2020.02.13_15.02.01.csv block-000@660s reward=QoE=  -80.35 pacing=0.00s eps=0.554 loss=1.9611
[ep  294] loot         static_B_2020.02.14_13.21.26.csv block-000@900s reward=QoE=   60.60 pacing=1.08s eps=0.552 loss=1.9657
[ep  295] redandblack  static_B_2019.12.16_13.40.04.csv block-000@420s reward=QoE=   55.08 pacing=0.00s eps=0.551 loss=1.7931
[ep  296] soldier      driving_B_2020.01.16_09.56.56.csv block-001@1479s reward=QoE=   20.35 pacing=0.00s eps=0.549 loss=1.7347
[ep  297] longdress    driving_B_2019.12.17_07.32.39.csv block-004@2537s reward=QoE=   55.68 pacing=1.32s eps=0.548 loss=2.0070
[ep  298] loot         driving_B_2020.02.14_09.38.22.csv block-000@720s reward=QoE=   51.33 pacing=1.63s eps=0.546 loss=1.7397
[ep  299] redandblack  driving_B_2019.12.16_12.27.05.csv block-000@1200s reward=QoE=   -4.32 pacing=0.00s eps=0.545 loss=1.6483
[ep  300] soldier      driving_B_2020.01.16_12.10.03.csv block-000@180s reward=QoE=   64.22 pacing=0.00s eps=0.543 loss=2.1124
[ep  301] longdress    driving_B_2019.12.17_07.32.39.csv block-004@2477s reward=QoE=   46.00 pacing=0.00s eps=0.542 loss=1.9590
[ep  302] loot         driving_B_2020.01.16_09.56.56.csv block-001@579s reward=QoE=   46.90 pacing=0.00s eps=0.540 loss=2.2311
[ep  303] redandblack  static_B_2020.02.27_18.39.27.csv block-001@5532s reward=QoE=   58.64 pacing=1.67s eps=0.539 loss=1.8080
[ep  304] soldier      static_B_2020.02.27_18.39.27.csv block-001@4572s reward=QoE=   22.67 pacing=0.00s eps=0.537 loss=1.9226
[ep  305] longdress    static_B_2020.02.14_13.21.26.csv block-000@120s reward=QoE=   70.31 pacing=0.52s eps=0.536 loss=1.8995
[ep  306] loot         driving_B_2020.02.13_15.02.01.csv block-000@2820s reward=QoE=   59.52 pacing=0.00s eps=0.534 loss=1.8182
[ep  307] redandblack  driving_B_2020.02.27_17.30.15.csv block-002@353s reward=QoE=  -58.48 pacing=0.00s eps=0.533 loss=1.7538
[ep  308] soldier      driving_B_2020.02.27_17.30.15.csv block-002@533s reward=QoE= -211.77 pacing=0.00s eps=0.531 loss=2.0817
[ep  309] longdress    driving_B_2020.01.16_07.26.43.csv block-000@120s reward=QoE=  -30.11 pacing=0.00s eps=0.530 loss=1.7453
[ep  310] loot         driving_B_2020.01.16_09.56.56.csv block-000@120s reward=QoE=  -52.66 pacing=0.00s eps=0.528 loss=1.6778
[ep  311] redandblack  static_B_2019.12.16_13.40.04.csv block-001@655s reward=QoE=   55.34 pacing=0.00s eps=0.527 loss=1.6317
[ep  312] soldier      driving_B_2020.02.13_15.02.01.csv block-000@420s reward=QoE=   80.06 pacing=0.72s eps=0.525 loss=1.7584
[ep  313] longdress    driving_B_2020.02.14_09.38.22.csv block-000@960s reward=QoE=   56.15 pacing=0.00s eps=0.524 loss=1.6664
[ep  314] loot         driving_B_2019.12.16_12.27.05.csv block-000@180s reward=QoE=  -17.72 pacing=0.00s eps=0.522 loss=1.5928
[ep  315] redandblack  driving_B_2019.12.16_12.27.05.csv block-000@0s reward=QoE=   12.16 pacing=0.00s eps=0.520 loss=1.7139
[ep  316] soldier      driving_B_2020.02.13_13.03.24.csv block-000@120s reward=QoE=  -91.47 pacing=0.00s eps=0.519 loss=1.6613
[ep  317] longdress    driving_B_2020.02.27_17.30.15.csv block-002@533s reward=QoE= -232.99 pacing=0.00s eps=0.517 loss=1.7317
[ep  318] loot         driving_B_2019.12.16_12.27.05.csv block-000@240s reward=QoE=    8.12 pacing=0.00s eps=0.516 loss=1.8765
[ep  319] redandblack  driving_B_2020.02.27_17.30.15.csv block-002@533s reward=QoE=  -72.65 pacing=0.00s eps=0.514 loss=1.8488
[ep  320] soldier      driving_B_2020.02.13_15.02.01.csv block-000@1080s reward=QoE=  -79.41 pacing=0.00s eps=0.513 loss=1.9165
[ep  321] longdress    driving_B_2019.12.16_12.27.05.csv block-000@1260s reward=QoE=   57.10 pacing=1.33s eps=0.511 loss=1.8696
[ep  322] loot         driving_B_2020.01.16_12.10.03.csv block-000@0s reward=QoE=   61.38 pacing=1.32s eps=0.510 loss=2.0639
[ep  323] redandblack  driving_B_2020.01.16_09.56.56.csv block-000@0s reward=QoE=   37.50 pacing=0.00s eps=0.508 loss=1.7068
[ep  324] soldier      static_B_2019.12.16_13.40.04.csv block-001@595s reward=QoE=   73.89 pacing=0.00s eps=0.507 loss=1.8518
[ep  325] longdress    driving_B_2020.01.16_12.10.03.csv block-000@240s reward=QoE=   78.89 pacing=0.00s eps=0.505 loss=1.7087
[ep  326] loot         driving_B_2019.12.16_12.27.05.csv block-000@1080s reward=QoE=   69.73 pacing=0.00s eps=0.504 loss=1.7776
[ep  327] redandblack  driving_B_2019.12.16_12.27.05.csv block-000@540s reward=QoE= -151.11 pacing=0.00s eps=0.502 loss=1.7090
[ep  328] soldier      driving_B_2020.02.13_15.02.01.csv block-000@60s reward=QoE=   60.42 pacing=0.00s eps=0.501 loss=1.9957
[ep  329] longdress    driving_B_2019.12.17_07.32.39.csv block-003@1714s reward=QoE=  -58.70 pacing=0.00s eps=0.499 loss=2.0042
[ep  330] loot         driving_B_2020.02.13_13.03.24.csv block-000@180s reward=QoE=  -80.86 pacing=0.00s eps=0.498 loss=1.8595
[ep  331] redandblack  static_B_2020.02.27_18.39.27.csv block-001@1272s reward=QoE=   45.00 pacing=0.00s eps=0.496 loss=1.6768
[ep  332] soldier      driving_B_2019.12.17_07.32.39.csv block-000@1440s reward=QoE=   68.53 pacing=0.38s eps=0.495 loss=1.6578
[ep  333] longdress    static_B_2019.12.16_13.40.04.csv block-005@1406s reward=QoE=   44.33 pacing=0.00s eps=0.493 loss=1.3798
[ep  334] loot         driving_B_2020.01.16_12.10.03.csv block-000@360s reward=QoE=   49.47 pacing=0.00s eps=0.492 loss=1.4289
[ep  335] redandblack  driving_B_2019.12.17_07.32.39.csv block-003@2134s reward=QoE=   26.16 pacing=0.00s eps=0.490 loss=1.7867
[ep  336] soldier      driving_B_2020.02.14_09.38.22.csv block-000@1500s reward=QoE= -108.32 pacing=0.00s eps=0.489 loss=1.7657
[ep  337] longdress    static_B_2019.12.16_13.40.04.csv block-000@180s reward=QoE=   58.77 pacing=0.00s eps=0.487 loss=1.9133
[ep  338] loot         driving_B_2020.02.13_13.03.24.csv block-001@1874s reward=QoE= -130.25 pacing=0.00s eps=0.485 loss=1.5913
[ep  339] redandblack  driving_B_2020.01.16_09.56.56.csv block-000@60s reward=QoE=    5.92 pacing=0.00s eps=0.484 loss=1.6664
[ep  340] soldier      static_B_2019.12.16_13.40.04.csv block-005@1526s reward=QoE=   19.12 pacing=0.00s eps=0.482 loss=1.6431
[ep  341] longdress    driving_B_2020.01.16_09.56.56.csv block-001@819s reward=QoE=   64.34 pacing=0.00s eps=0.481 loss=1.8275
[ep  342] loot         driving_B_2020.02.13_13.03.24.csv block-000@60s reward=QoE=  -42.15 pacing=0.00s eps=0.479 loss=1.5603
[ep  343] redandblack  driving_B_2020.02.13_15.02.01.csv block-000@1020s reward=QoE=   54.37 pacing=1.60s eps=0.478 loss=1.8127
[ep  344] soldier      driving_B_2020.02.14_12.58.17.csv block-002@536s reward=QoE= -217.24 pacing=0.00s eps=0.476 loss=1.7823
[ep  345] longdress    driving_B_2020.02.27_17.30.15.csv block-002@473s reward=QoE= -401.75 pacing=0.00s eps=0.475 loss=1.7411
[ep  346] loot         driving_B_2020.02.14_12.58.17.csv block-002@596s reward=QoE=  -14.20 pacing=0.00s eps=0.473 loss=1.9332
[ep  347] redandblack  driving_B_2020.02.13_15.02.01.csv block-000@2040s reward=QoE=   67.24 pacing=0.12s eps=0.472 loss=1.5373
[ep  348] soldier      driving_B_2020.01.16_09.56.56.csv block-001@1659s reward=QoE=   67.14 pacing=1.03s eps=0.470 loss=1.8921
[ep  349] longdress    driving_B_2020.01.16_09.56.56.csv block-001@1419s reward=QoE=   38.73 pacing=0.00s eps=0.469 loss=1.8447
[ep  350] loot         driving_B_2020.01.16_07.26.43.csv block-000@1620s reward=QoE=  -19.17 pacing=0.00s eps=0.467 loss=1.6121
[ep  351] redandblack  driving_B_2020.02.14_12.58.17.csv block-000@0s reward=QoE=    7.49 pacing=0.00s eps=0.466 loss=2.0788
[ep  352] soldier      driving_B_2020.01.16_12.10.03.csv block-000@240s reward=QoE=   68.94 pacing=0.40s eps=0.464 loss=1.5116
[ep  353] longdress    driving_B_2020.02.13_13.03.24.csv block-001@1754s reward=QoE=  -47.35 pacing=0.00s eps=0.463 loss=1.5257
[ep  354] loot         static_B_2020.02.27_18.39.27.csv block-001@4752s reward=QoE=   53.36 pacing=0.66s eps=0.461 loss=1.6716
[ep  355] redandblack  driving_B_2019.12.16_12.27.05.csv block-000@960s reward=QoE=   73.75 pacing=0.54s eps=0.460 loss=1.7528
[ep  356] soldier      static_B_2019.12.16_13.40.04.csv block-005@1946s reward=QoE=   61.22 pacing=0.00s eps=0.458 loss=1.5994
[ep  357] longdress    driving_B_2020.02.14_09.38.22.csv block-000@660s reward=QoE=   39.19 pacing=0.00s eps=0.457 loss=1.7430
[ep  358] loot         driving_B_2020.02.14_12.58.17.csv block-002@536s reward=QoE= -150.12 pacing=0.00s eps=0.455 loss=2.0151
[ep  359] redandblack  static_B_2020.02.27_18.39.27.csv block-001@1032s reward=QoE=   44.60 pacing=0.00s eps=0.453 loss=1.9466
[ep  360] soldier      driving_B_2020.02.13_13.03.24.csv block-001@1154s reward=QoE=  -85.84 pacing=0.00s eps=0.452 loss=1.5352
[ep  361] longdress    static_B_2019.12.16_13.40.04.csv block-005@1766s reward=QoE=   58.73 pacing=0.00s eps=0.450 loss=1.6804
[ep  362] loot         driving_B_2020.01.16_07.26.43.csv block-000@1500s reward=QoE=  -14.83 pacing=0.00s eps=0.449 loss=1.5155
[ep  363] redandblack  driving_B_2020.01.16_09.56.56.csv block-001@759s reward=QoE=   32.33 pacing=0.00s eps=0.447 loss=1.7822
[ep  364] soldier      static_B_2020.02.14_13.21.26.csv block-000@780s reward=QoE=   71.56 pacing=0.00s eps=0.446 loss=1.6393
[ep  365] longdress    driving_B_2019.12.16_12.27.05.csv block-000@360s reward=QoE=  -18.64 pacing=0.00s eps=0.444 loss=1.6151
[ep  366] loot         driving_B_2020.02.27_17.30.15.csv block-002@473s reward=QoE= -394.85 pacing=0.00s eps=0.443 loss=1.7286
[ep  367] redandblack  static_B_2020.02.14_13.21.26.csv block-000@720s reward=QoE=   58.44 pacing=0.74s eps=0.441 loss=1.6447
[ep  368] soldier      driving_B_2020.02.13_13.03.24.csv block-001@1934s reward=QoE=   14.15 pacing=0.00s eps=0.440 loss=1.5364
[ep  369] longdress    static_B_2020.02.14_13.21.26.csv block-000@1020s reward=QoE=   67.76 pacing=0.08s eps=0.438 loss=1.4958
[ep  370] loot         driving_B_2020.02.27_17.30.15.csv block-002@413s reward=QoE=  -47.54 pacing=0.00s eps=0.437 loss=2.0032
[ep  371] redandblack  static_B_2020.02.27_18.39.27.csv block-001@3072s reward=QoE=   71.25 pacing=0.00s eps=0.435 loss=1.5508
[ep  372] soldier      static_B_2020.02.14_13.21.26.csv block-000@900s reward=QoE=   60.01 pacing=0.00s eps=0.434 loss=1.7540
[ep  373] longdress    static_B_2020.02.14_13.21.26.csv block-000@420s reward=QoE=   55.76 pacing=0.00s eps=0.432 loss=1.5600
[ep  374] loot         driving_B_2020.02.27_17.30.15.csv block-002@293s reward=QoE= -239.62 pacing=0.00s eps=0.431 loss=1.5485
[ep  375] redandblack  driving_B_2020.02.14_09.38.22.csv block-000@60s reward=QoE=  -68.61 pacing=0.00s eps=0.429 loss=1.7121
[ep  376] soldier      static_B_2019.12.16_13.40.04.csv block-001@775s reward=QoE=   67.38 pacing=0.31s eps=0.428 loss=1.5573
[ep  377] longdress    driving_B_2020.01.16_07.26.43.csv block-000@1380s reward=QoE=  -20.31 pacing=0.00s eps=0.426 loss=1.6290
[ep  378] loot         driving_B_2020.02.13_15.02.01.csv block-000@2880s reward=QoE=   56.78 pacing=0.00s eps=0.425 loss=1.8331
[ep  379] redandblack  driving_B_2019.12.16_12.27.05.csv block-000@360s reward=QoE=   -6.68 pacing=0.00s eps=0.423 loss=1.4131
[ep  380] soldier      driving_B_2020.01.16_12.10.03.csv block-000@120s reward=QoE=   74.36 pacing=0.00s eps=0.422 loss=1.7914
[ep  381] longdress    driving_B_2020.02.13_13.03.24.csv block-001@1694s reward=QoE=  -57.28 pacing=0.00s eps=0.420 loss=1.6458
[ep  382] loot         driving_B_2020.01.16_12.10.03.csv block-000@300s reward=QoE=   27.21 pacing=0.00s eps=0.418 loss=1.7217
[ep  383] redandblack  driving_B_2020.02.13_15.02.01.csv block-000@2160s reward=QoE=   37.84 pacing=0.00s eps=0.417 loss=1.4186
[ep  384] soldier      driving_B_2020.02.14_09.38.22.csv block-000@1560s reward=QoE=    5.23 pacing=0.00s eps=0.415 loss=1.6061
[ep  385] longdress    driving_B_2020.01.16_07.26.43.csv block-000@900s reward=QoE=   22.84 pacing=0.00s eps=0.414 loss=1.7079
[ep  386] loot         driving_B_2020.01.16_07.26.43.csv block-000@720s reward=QoE=  -36.64 pacing=0.00s eps=0.412 loss=1.7326
[ep  387] redandblack  driving_B_2019.12.17_07.32.39.csv block-000@60s reward=QoE=   -2.34 pacing=0.00s eps=0.411 loss=1.8517
[ep  388] soldier      static_B_2020.02.27_18.39.27.csv block-001@4032s reward=QoE=   46.15 pacing=0.00s eps=0.409 loss=1.3146
[ep  389] longdress    driving_B_2019.12.17_07.32.39.csv block-000@1320s reward=QoE=    0.37 pacing=0.00s eps=0.408 loss=1.6940
[ep  390] loot         driving_B_2020.02.27_17.30.15.csv block-002@413s reward=QoE=  -25.24 pacing=0.00s eps=0.406 loss=1.6376
[ep  391] redandblack  driving_B_2020.02.14_09.38.22.csv block-000@1440s reward=QoE=   71.67 pacing=1.08s eps=0.405 loss=1.4766
[ep  392] soldier      static_B_2019.12.16_13.40.04.csv block-005@1346s reward=QoE=  -79.97 pacing=0.00s eps=0.403 loss=1.6174
[ep  393] longdress    driving_B_2019.12.17_07.32.39.csv block-000@0s reward=QoE=   12.14 pacing=0.00s eps=0.402 loss=1.5366
[ep  394] loot         static_B_2020.02.27_18.39.27.csv block-001@2832s reward=QoE=   64.11 pacing=0.00s eps=0.400 loss=1.8086
[ep  395] redandblack  static_B_2019.12.16_13.40.04.csv block-000@240s reward=QoE=   29.83 pacing=0.00s eps=0.399 loss=1.5047
[ep  396] soldier      driving_B_2020.02.14_09.38.22.csv block-000@180s reward=QoE= -101.71 pacing=0.00s eps=0.397 loss=1.4552
[ep  397] longdress    driving_B_2020.02.27_17.30.15.csv block-002@353s reward=QoE=  -88.59 pacing=0.00s eps=0.396 loss=1.8338
[ep  398] loot         driving_B_2020.02.13_13.03.24.csv block-000@600s reward=QoE=   -8.63 pacing=0.00s eps=0.394 loss=1.5683
[ep  399] redandblack  driving_B_2019.12.17_07.32.39.csv block-003@1594s reward=QoE=    1.15 pacing=0.00s eps=0.393 loss=1.6894
[ep  400] soldier      static_B_2020.02.27_18.39.27.csv block-001@4692s reward=QoE=   51.39 pacing=0.00s eps=0.391 loss=1.7459
    [eval @ ep 400] reward=QoE=46.25 mean_q=0.630 stall=2.0s  <-- best (saved)
[ep  401] longdress    driving_B_2020.02.13_13.03.24.csv block-001@1394s reward=QoE=  -45.68 pacing=0.00s eps=0.390 loss=1.6873
[ep  402] loot         static_B_2019.12.16_13.40.04.csv block-000@360s reward=QoE=   23.31 pacing=0.00s eps=0.388 loss=1.8303
[ep  403] redandblack  driving_B_2020.02.14_12.58.17.csv block-002@716s reward=QoE=   16.47 pacing=0.00s eps=0.387 loss=2.7207
[ep  404] soldier      driving_B_2020.01.16_07.26.43.csv block-000@660s reward=QoE=  -25.89 pacing=0.00s eps=0.385 loss=1.9547
[ep  405] longdress    driving_B_2020.02.27_17.30.15.csv block-002@353s reward=QoE=  -83.35 pacing=0.00s eps=0.383 loss=1.8127
[ep  406] loot         static_B_2020.02.14_13.21.26.csv block-000@300s reward=QoE=   51.00 pacing=0.00s eps=0.382 loss=1.8428
[ep  407] redandblack  static_B_2020.02.14_13.21.26.csv block-000@0s reward=QoE=   34.61 pacing=0.00s eps=0.380 loss=1.8432
[ep  408] soldier      driving_B_2020.02.14_12.58.17.csv block-002@656s reward=QoE=   25.51 pacing=0.00s eps=0.379 loss=1.6324
[ep  409] longdress    driving_B_2020.01.16_12.10.03.csv block-000@120s reward=QoE=   71.40 pacing=0.00s eps=0.377 loss=1.6436
[ep  410] loot         driving_B_2020.02.13_15.02.01.csv block-000@0s reward=QoE=   61.54 pacing=0.00s eps=0.376 loss=2.0870
[ep  411] redandblack  driving_B_2019.12.17_07.32.39.csv block-000@540s reward=QoE=  -54.50 pacing=0.00s eps=0.374 loss=1.9109
[ep  412] soldier      driving_B_2020.01.16_07.26.43.csv block-000@60s reward=QoE=  -15.36 pacing=0.00s eps=0.373 loss=1.7494
[ep  413] longdress    driving_B_2019.12.16_12.27.05.csv block-000@660s reward=QoE= -202.95 pacing=0.00s eps=0.371 loss=1.5740
[ep  414] loot         driving_B_2020.02.14_12.58.17.csv block-002@596s reward=QoE=    0.39 pacing=0.00s eps=0.370 loss=1.5881
[ep  415] redandblack  driving_B_2020.02.14_09.38.22.csv block-000@540s reward=QoE=   15.11 pacing=0.00s eps=0.368 loss=1.8808
[ep  416] soldier      driving_B_2020.02.27_17.30.15.csv block-002@353s reward=QoE=  -86.16 pacing=0.00s eps=0.367 loss=1.7235
[ep  417] loot         driving_B_2020.02.13_13.03.24.csv block-000@480s reward=QoE=   12.25 pacing=0.00s eps=0.365 loss=1.6285
[ep  418] redandblack  driving_B_2020.01.16_07.26.43.csv block-000@1020s reward=QoE=  -64.34 pacing=0.00s eps=0.364 loss=1.8184
[ep  419] soldier      static_B_2020.02.27_18.39.27.csv block-001@3312s reward=QoE=   24.44 pacing=0.00s eps=0.362 loss=1.7612
[ep  420] longdress    driving_B_2020.01.16_12.10.03.csv block-000@300s reward=QoE=   22.33 pacing=0.00s eps=0.361 loss=1.6897
[ep  421] loot         driving_B_2020.02.13_15.02.01.csv block-000@600s reward=QoE=   30.26 pacing=0.00s eps=0.359 loss=2.3255
[ep  422] redandblack  driving_B_2020.02.13_15.02.01.csv block-000@180s reward=QoE=   61.89 pacing=0.00s eps=0.358 loss=1.5944
[ep  423] soldier      driving_B_2020.01.16_12.10.03.csv block-000@120s reward=QoE=   82.67 pacing=0.26s eps=0.356 loss=1.7853
[ep  424] longdress    driving_B_2020.01.16_09.56.56.csv block-001@699s reward=QoE=   66.93 pacing=0.83s eps=0.355 loss=1.7931
[ep  425] loot         static_B_2019.12.16_13.40.04.csv block-000@300s reward=QoE=   30.04 pacing=0.00s eps=0.353 loss=1.6978
[ep  426] redandblack  driving_B_2020.02.14_12.58.17.csv block-002@716s reward=QoE=   -3.06 pacing=0.00s eps=0.351 loss=1.6256
[ep  427] soldier      driving_B_2019.12.16_12.27.05.csv block-000@720s reward=QoE=  -44.25 pacing=0.00s eps=0.350 loss=1.6947
[ep  428] longdress    driving_B_2020.02.14_09.38.22.csv block-000@960s reward=QoE=   55.78 pacing=0.00s eps=0.348 loss=1.6844
[ep  429] loot         driving_B_2020.01.16_09.56.56.csv block-000@300s reward=QoE=   69.51 pacing=0.10s eps=0.347 loss=1.5867
[ep  430] redandblack  driving_B_2020.02.27_17.30.15.csv block-002@293s reward=QoE= -259.98 pacing=0.00s eps=0.345 loss=1.5934
[ep  431] soldier      driving_B_2020.02.14_09.38.22.csv block-000@360s reward=QoE=  -92.73 pacing=0.00s eps=0.344 loss=1.9520
[ep  432] longdress    driving_B_2020.02.13_13.03.24.csv block-001@1094s reward=QoE=  -72.13 pacing=0.00s eps=0.342 loss=1.8737
[ep  433] loot         driving_B_2020.01.16_12.10.03.csv block-000@300s reward=QoE=   34.44 pacing=0.00s eps=0.341 loss=1.6413
[ep  434] redandblack  driving_B_2020.02.13_13.03.24.csv block-001@1034s reward=QoE=  -42.36 pacing=0.00s eps=0.339 loss=1.9865
[ep  435] soldier      static_B_2019.12.16_13.40.04.csv block-000@360s reward=QoE=    6.63 pacing=0.00s eps=0.338 loss=1.8968
[ep  436] longdress    driving_B_2020.01.16_09.56.56.csv block-001@879s reward=QoE=   63.45 pacing=0.00s eps=0.336 loss=1.7520
[ep  437] loot         static_B_2019.12.16_13.40.04.csv block-001@955s reward=QoE=   67.29 pacing=0.00s eps=0.335 loss=1.7811
[ep  438] redandblack  driving_B_2020.02.14_09.38.22.csv block-000@420s reward=QoE=  -15.85 pacing=0.00s eps=0.333 loss=1.6747
[ep  439] soldier      driving_B_2020.02.27_17.30.15.csv block-002@473s reward=QoE= -384.27 pacing=0.00s eps=0.332 loss=1.8448
[ep  440] longdress    driving_B_2019.12.17_07.32.39.csv block-000@660s reward=QoE=  -23.23 pacing=0.00s eps=0.330 loss=1.5025
[ep  441] loot         driving_B_2019.12.17_07.32.39.csv block-000@540s reward=QoE=  -29.23 pacing=0.00s eps=0.329 loss=1.5924
[ep  442] redandblack  driving_B_2020.02.14_09.38.22.csv block-000@60s reward=QoE=   -4.92 pacing=0.00s eps=0.327 loss=1.9540
[ep  443] soldier      driving_B_2020.02.27_17.30.15.csv block-002@533s reward=QoE=  -69.43 pacing=0.00s eps=0.326 loss=1.9929
[ep  444] longdress    driving_B_2020.01.16_09.56.56.csv block-001@1539s reward=QoE=   58.72 pacing=0.00s eps=0.324 loss=1.7433
[ep  445] loot         driving_B_2020.02.14_12.58.17.csv block-000@0s reward=QoE=   23.77 pacing=0.00s eps=0.323 loss=1.6166
[ep  446] redandblack  driving_B_2020.02.14_12.58.17.csv block-000@0s reward=QoE=   22.27 pacing=0.00s eps=0.321 loss=1.6878
[ep  447] soldier      driving_B_2019.12.17_07.32.39.csv block-000@780s reward=QoE=  -15.82 pacing=0.00s eps=0.320 loss=1.5765
[ep  448] longdress    driving_B_2020.02.13_15.02.01.csv block-000@120s reward=QoE=   69.80 pacing=0.94s eps=0.318 loss=1.8031
[ep  449] loot         driving_B_2019.12.16_12.27.05.csv block-000@240s reward=QoE=   21.14 pacing=0.00s eps=0.316 loss=1.7080
[ep  450] redandblack  driving_B_2020.01.16_07.26.43.csv block-000@1260s reward=QoE=   36.60 pacing=0.00s eps=0.315 loss=1.6486
[ep  451] soldier      driving_B_2020.01.16_12.10.03.csv block-000@60s reward=QoE=   38.87 pacing=0.00s eps=0.313 loss=1.7566
[ep  452] longdress    driving_B_2020.01.16_12.10.03.csv block-000@240s reward=QoE=   74.46 pacing=0.00s eps=0.312 loss=1.4770
[ep  453] loot         driving_B_2019.12.17_07.32.39.csv block-003@2134s reward=QoE=   42.07 pacing=0.00s eps=0.310 loss=1.6653
[ep  454] redandblack  driving_B_2020.02.27_17.30.15.csv block-002@533s reward=QoE=  -76.22 pacing=0.00s eps=0.309 loss=1.6339
[ep  455] soldier      driving_B_2020.02.27_17.30.15.csv block-002@413s reward=QoE=  -54.44 pacing=0.00s eps=0.307 loss=1.6729
[ep  456] longdress    driving_B_2020.02.27_17.30.15.csv block-002@353s reward=QoE=  -62.58 pacing=0.00s eps=0.306 loss=1.6962
[ep  457] loot         static_B_2019.12.16_13.40.04.csv block-001@1135s reward=QoE=   68.79 pacing=0.00s eps=0.304 loss=1.6393
[ep  458] redandblack  static_B_2019.12.16_13.40.04.csv block-000@420s reward=QoE=   45.16 pacing=0.00s eps=0.303 loss=1.5920
[ep  459] soldier      driving_B_2020.01.16_07.26.43.csv block-000@900s reward=QoE=   23.16 pacing=0.00s eps=0.301 loss=1.8010
[ep  460] longdress    static_B_2019.12.16_13.40.04.csv block-000@180s reward=QoE=   56.69 pacing=0.00s eps=0.300 loss=1.8954
[ep  461] loot         static_B_2019.12.16_13.40.04.csv block-005@1406s reward=QoE=   53.68 pacing=0.00s eps=0.298 loss=1.5750
[ep  462] redandblack  driving_B_2020.02.13_15.02.01.csv block-000@1740s reward=QoE= -140.64 pacing=0.00s eps=0.297 loss=1.5423
[ep  463] soldier      driving_B_2020.02.13_13.03.24.csv block-000@300s reward=QoE=  -34.69 pacing=0.00s eps=0.295 loss=1.9273
[ep  464] longdress    driving_B_2020.02.13_13.03.24.csv block-001@1454s reward=QoE=  -70.46 pacing=0.00s eps=0.294 loss=1.6833
[ep  465] loot         driving_B_2020.01.16_09.56.56.csv block-000@120s reward=QoE=  -43.39 pacing=0.00s eps=0.292 loss=1.8409
[ep  466] redandblack  driving_B_2020.02.14_12.58.17.csv block-002@536s reward=QoE= -107.35 pacing=0.00s eps=0.291 loss=1.8037
[ep  467] soldier      driving_B_2020.02.14_09.38.22.csv block-000@1380s reward=QoE=   11.41 pacing=0.00s eps=0.289 loss=1.9919
[ep  468] longdress    static_B_2020.02.14_13.21.26.csv block-000@240s reward=QoE=   74.70 pacing=0.19s eps=0.288 loss=1.6282
[ep  469] loot         driving_B_2020.01.16_09.56.56.csv block-001@1299s reward=QoE=   55.91 pacing=0.00s eps=0.286 loss=1.7712
[ep  470] redandblack  driving_B_2020.02.13_13.03.24.csv block-000@180s reward=QoE=    3.26 pacing=0.00s eps=0.285 loss=1.6379
[ep  471] soldier      static_B_2019.12.16_13.40.04.csv block-006@2172s reward=QoE=   85.93 pacing=0.75s eps=0.283 loss=1.5010
[ep  472] longdress    driving_B_2019.12.17_07.32.39.csv block-000@360s reward=QoE=   15.83 pacing=0.00s eps=0.281 loss=1.6460
[ep  473] loot         driving_B_2020.01.16_07.26.43.csv block-000@60s reward=QoE=   40.95 pacing=0.00s eps=0.280 loss=1.8580
[ep  474] redandblack  driving_B_2020.02.14_12.58.17.csv block-002@596s reward=QoE=    8.43 pacing=0.00s eps=0.278 loss=1.7572
[ep  475] soldier      driving_B_2019.12.17_07.32.39.csv block-004@2477s reward=QoE=   61.21 pacing=0.00s eps=0.277 loss=1.8348
[ep  476] longdress    driving_B_2020.02.14_12.58.17.csv block-002@716s reward=QoE=   12.99 pacing=0.00s eps=0.275 loss=1.5355
[ep  477] loot         driving_B_2020.02.14_09.38.22.csv block-000@0s reward=QoE=  -13.37 pacing=0.00s eps=0.274 loss=1.6671
[ep  478] redandblack  driving_B_2020.02.27_17.30.15.csv block-002@473s reward=QoE= -318.20 pacing=0.00s eps=0.272 loss=1.7417
[ep  479] soldier      driving_B_2020.01.16_09.56.56.csv block-001@639s reward=QoE=   58.15 pacing=0.00s eps=0.271 loss=1.7438
[ep  480] longdress    driving_B_2020.01.16_12.10.03.csv block-000@300s reward=QoE=   27.15 pacing=0.00s eps=0.269 loss=2.0689
[ep  481] loot         static_B_2020.02.14_13.21.26.csv block-000@780s reward=QoE=   84.33 pacing=0.00s eps=0.268 loss=1.7774
[ep  482] redandblack  driving_B_2020.02.13_13.03.24.csv block-001@974s reward=QoE=   15.47 pacing=0.00s eps=0.266 loss=1.7868
[ep  483] soldier      driving_B_2020.02.13_13.03.24.csv block-001@1214s reward=QoE=  -42.94 pacing=0.00s eps=0.265 loss=1.7243
[ep  484] longdress    static_B_2020.02.27_18.39.27.csv block-001@792s reward=QoE=   82.14 pacing=0.00s eps=0.263 loss=1.7954
[ep  485] loot         driving_B_2020.02.14_12.58.17.csv block-002@596s reward=QoE=   15.34 pacing=0.00s eps=0.262 loss=1.8542
[ep  486] redandblack  driving_B_2020.02.14_09.38.22.csv block-000@660s reward=QoE=   22.09 pacing=0.00s eps=0.260 loss=1.5245
[ep  487] soldier      static_B_2019.12.16_13.40.04.csv block-001@895s reward=QoE=   44.15 pacing=0.00s eps=0.259 loss=1.6127
[ep  488] longdress    driving_B_2020.01.16_09.56.56.csv block-001@1479s reward=QoE=   44.70 pacing=0.00s eps=0.257 loss=1.5478
[ep  489] loot         static_B_2020.02.14_13.21.26.csv block-000@180s reward=QoE=   81.38 pacing=0.00s eps=0.256 loss=1.6658
[ep  490] redandblack  driving_B_2019.12.17_07.32.39.csv block-000@480s reward=QoE=   59.16 pacing=0.00s eps=0.254 loss=1.7014
[ep  491] soldier      static_B_2020.02.27_18.39.27.csv block-001@1512s reward=QoE=   69.51 pacing=0.29s eps=0.253 loss=1.6561
[ep  492] longdress    driving_B_2020.02.13_13.03.24.csv block-000@600s reward=QoE=   21.50 pacing=0.00s eps=0.251 loss=1.6052
[ep  493] loot         driving_B_2019.12.17_07.32.39.csv block-003@2074s reward=QoE=   34.61 pacing=0.00s eps=0.249 loss=1.6756
[ep  494] redandblack  driving_B_2019.12.16_12.27.05.csv block-000@420s reward=QoE= -109.15 pacing=0.00s eps=0.248 loss=1.5717
[ep  495] soldier      driving_B_2020.02.13_15.02.01.csv block-000@2400s reward=QoE=   67.26 pacing=0.00s eps=0.246 loss=1.8950
[ep  496] longdress    driving_B_2019.12.16_12.27.05.csv block-000@840s reward=QoE=   43.44 pacing=0.00s eps=0.245 loss=1.3951
[ep  497] loot         driving_B_2019.12.17_07.32.39.csv block-003@1834s reward=QoE=   12.98 pacing=0.00s eps=0.243 loss=1.5334
[ep  498] redandblack  driving_B_2019.12.16_12.27.05.csv block-000@420s reward=QoE=  -69.33 pacing=0.00s eps=0.242 loss=1.4900
[ep  499] soldier      driving_B_2020.01.16_12.10.03.csv block-000@120s reward=QoE=   83.63 pacing=0.00s eps=0.240 loss=1.8470
[ep  500] longdress    static_B_2020.02.27_18.39.27.csv block-001@4992s reward=QoE=   44.30 pacing=0.00s eps=0.239 loss=1.8610
[ep  501] loot         driving_B_2019.12.16_12.27.05.csv block-000@960s reward=QoE=   85.04 pacing=1.17s eps=0.237 loss=1.5727
[ep  502] redandblack  static_B_2020.02.14_13.21.26.csv block-000@840s reward=QoE=   81.83 pacing=1.34s eps=0.236 loss=1.5698
[ep  503] soldier      driving_B_2020.02.13_13.03.24.csv block-000@660s reward=QoE=   -4.15 pacing=0.00s eps=0.234 loss=1.6578
[ep  504] longdress    driving_B_2020.02.13_13.03.24.csv block-001@1574s reward=QoE=   14.96 pacing=0.00s eps=0.233 loss=1.7333
[ep  505] loot         static_B_2020.02.27_18.39.27.csv block-001@6372s reward=QoE=   75.24 pacing=1.75s eps=0.231 loss=1.8841
[ep  506] redandblack  driving_B_2020.02.13_15.02.01.csv block-000@2580s reward=QoE=  -13.33 pacing=0.00s eps=0.230 loss=1.9645
[ep  507] soldier      driving_B_2020.02.14_12.58.17.csv block-002@536s reward=QoE= -188.63 pacing=0.00s eps=0.228 loss=1.6762
[ep  508] longdress    driving_B_2020.02.13_15.02.01.csv block-000@2220s reward=QoE=   41.80 pacing=0.00s eps=0.227 loss=1.8413
[ep  509] loot         static_B_2020.02.14_13.21.26.csv block-000@900s reward=QoE=   83.96 pacing=0.00s eps=0.225 loss=1.5204
[ep  510] redandblack  driving_B_2019.12.16_12.27.05.csv block-000@540s reward=QoE=   -6.63 pacing=0.00s eps=0.224 loss=1.4756
[ep  511] soldier      driving_B_2019.12.16_12.27.05.csv block-000@180s reward=QoE=   -8.58 pacing=0.00s eps=0.222 loss=1.3954
[ep  512] longdress    driving_B_2020.02.27_17.30.15.csv block-002@293s reward=QoE= -246.98 pacing=0.00s eps=0.221 loss=1.6483
[ep  513] loot         static_B_2019.12.16_13.40.04.csv block-005@1346s reward=QoE=  -65.62 pacing=0.00s eps=0.219 loss=1.6048
[ep  514] redandblack  static_B_2019.12.16_13.40.04.csv block-001@1075s reward=QoE=   47.70 pacing=0.00s eps=0.218 loss=1.6999
[ep  515] soldier      driving_B_2020.02.14_09.38.22.csv block-000@0s reward=QoE=  -12.49 pacing=0.00s eps=0.216 loss=1.7362
[ep  516] longdress    driving_B_2020.01.16_07.26.43.csv block-000@300s reward=QoE=   18.48 pacing=0.00s eps=0.214 loss=1.6798
[ep  517] loot         driving_B_2019.12.16_12.27.05.csv block-000@900s reward=QoE=   86.85 pacing=1.42s eps=0.213 loss=1.6925
[ep  518] redandblack  driving_B_2020.02.27_17.30.15.csv block-002@473s reward=QoE= -183.28 pacing=0.00s eps=0.211 loss=1.5955
[ep  519] soldier      driving_B_2020.01.16_12.10.03.csv block-000@0s reward=QoE=   79.62 pacing=0.73s eps=0.210 loss=1.5404
[ep  520] longdress    driving_B_2019.12.17_07.32.39.csv block-000@1320s reward=QoE=   -4.07 pacing=0.00s eps=0.208 loss=1.4187
[ep  521] loot         static_B_2020.02.14_13.21.26.csv block-000@960s reward=QoE=   60.15 pacing=0.00s eps=0.207 loss=1.5207
[ep  522] redandblack  driving_B_2020.02.14_12.58.17.csv block-002@596s reward=QoE=   27.72 pacing=0.00s eps=0.205 loss=1.5913
[ep  523] soldier      driving_B_2020.02.14_09.38.22.csv block-000@240s reward=QoE= -130.29 pacing=0.00s eps=0.204 loss=1.7346
[ep  524] longdress    driving_B_2020.02.14_12.58.17.csv block-002@656s reward=QoE=   44.26 pacing=0.00s eps=0.202 loss=1.4979
[ep  525] loot         driving_B_2019.12.17_07.32.39.csv block-000@1200s reward=QoE=   69.22 pacing=0.10s eps=0.201 loss=1.6662
[ep  526] redandblack  driving_B_2020.01.16_07.26.43.csv block-000@1620s reward=QoE=   17.37 pacing=0.00s eps=0.199 loss=1.5868
[ep  527] soldier      driving_B_2020.02.13_15.02.01.csv block-000@1200s reward=QoE=   24.12 pacing=0.00s eps=0.198 loss=1.7823
[ep  528] longdress    driving_B_2020.01.16_09.56.56.csv block-001@1599s reward=QoE=   85.47 pacing=0.00s eps=0.196 loss=1.7129
[ep  529] loot         driving_B_2020.02.13_15.02.01.csv block-000@720s reward=QoE=   40.90 pacing=0.00s eps=0.195 loss=1.7471
[ep  530] redandblack  driving_B_2019.12.16_12.27.05.csv block-000@720s reward=QoE=  -20.36 pacing=0.00s eps=0.193 loss=1.8434
[ep  531] soldier      driving_B_2020.01.16_07.26.43.csv block-000@1380s reward=QoE=    4.83 pacing=0.00s eps=0.192 loss=1.5734
[ep  532] longdress    driving_B_2020.01.16_07.26.43.csv block-000@780s reward=QoE=   22.54 pacing=0.00s eps=0.190 loss=1.7096
[ep  533] loot         driving_B_2020.01.16_09.56.56.csv block-000@120s reward=QoE=  -39.61 pacing=0.00s eps=0.189 loss=1.4768
[ep  534] redandblack  driving_B_2020.02.13_13.03.24.csv block-001@1274s reward=QoE=   21.26 pacing=0.00s eps=0.187 loss=1.8432
[ep  535] soldier      driving_B_2019.12.16_12.27.05.csv block-000@960s reward=QoE=   68.57 pacing=0.00s eps=0.186 loss=1.4595
[ep  536] longdress    driving_B_2019.12.17_07.32.39.csv block-000@840s reward=QoE=   36.09 pacing=0.00s eps=0.184 loss=2.0319
[ep  537] loot         driving_B_2020.02.14_09.38.22.csv block-000@720s reward=QoE=   88.82 pacing=2.06s eps=0.183 loss=1.5711
[ep  538] redandblack  driving_B_2020.02.14_09.38.22.csv block-000@840s reward=QoE=   -6.36 pacing=0.00s eps=0.181 loss=1.4185
[ep  539] soldier      driving_B_2020.02.14_12.58.17.csv block-002@536s reward=QoE= -168.25 pacing=0.00s eps=0.179 loss=1.4594
[ep  540] longdress    driving_B_2019.12.16_12.27.05.csv block-000@1080s reward=QoE=   78.48 pacing=0.00s eps=0.178 loss=1.7688
[ep  541] loot         static_B_2020.02.27_18.39.27.csv block-001@1812s reward=QoE=   53.12 pacing=0.00s eps=0.176 loss=1.7702
[ep  542] redandblack  driving_B_2020.01.16_07.26.43.csv block-000@600s reward=QoE=   27.72 pacing=0.00s eps=0.175 loss=1.5913
[ep  543] soldier      static_B_2019.12.16_13.40.04.csv block-001@775s reward=QoE=   69.19 pacing=0.57s eps=0.173 loss=1.8260
[ep  544] longdress    driving_B_2020.02.14_09.38.22.csv block-000@960s reward=QoE=   55.85 pacing=0.00s eps=0.172 loss=1.6779
[ep  545] loot         driving_B_2019.12.17_07.32.39.csv block-000@0s reward=QoE=   34.70 pacing=0.00s eps=0.170 loss=1.5238
[ep  546] redandblack  static_B_2020.02.14_13.21.26.csv block-000@240s reward=QoE=   84.10 pacing=1.13s eps=0.169 loss=1.5358
[ep  547] soldier      driving_B_2020.02.27_17.30.15.csv block-002@413s reward=QoE= -108.85 pacing=0.00s eps=0.167 loss=1.8551
[ep  548] longdress    static_B_2019.12.16_13.40.04.csv block-001@835s reward=QoE=   77.40 pacing=0.16s eps=0.166 loss=1.6632
[ep  549] loot         driving_B_2020.02.13_13.03.24.csv block-001@1994s reward=QoE=   69.02 pacing=0.00s eps=0.164 loss=1.4760
[ep  550] redandblack  driving_B_2020.01.16_09.56.56.csv block-001@519s reward=QoE=   50.04 pacing=0.00s eps=0.163 loss=1.6739
[ep  551] soldier      driving_B_2019.12.17_07.32.39.csv block-000@1380s reward=QoE=   24.43 pacing=0.00s eps=0.161 loss=1.7234
[ep  552] longdress    driving_B_2020.02.14_12.58.17.csv block-002@656s reward=QoE=   22.99 pacing=0.00s eps=0.160 loss=1.6307
[ep  553] loot         driving_B_2020.02.13_13.03.24.csv block-001@1754s reward=QoE=    7.97 pacing=0.00s eps=0.158 loss=1.5902
[ep  554] redandblack  static_B_2020.02.27_18.39.27.csv block-001@3432s reward=QoE=   59.79 pacing=0.00s eps=0.157 loss=1.2714
[ep  555] soldier      driving_B_2020.01.16_07.26.43.csv block-000@1500s reward=QoE=    0.90 pacing=0.00s eps=0.155 loss=1.5437
[ep  556] longdress    static_B_2020.02.27_18.39.27.csv block-001@5892s reward=QoE=   85.75 pacing=0.00s eps=0.154 loss=1.6559
[ep  557] loot         driving_B_2020.02.14_12.58.17.csv block-002@656s reward=QoE=   46.56 pacing=0.00s eps=0.152 loss=1.6615
[ep  558] redandblack  driving_B_2020.02.13_15.02.01.csv block-000@240s reward=QoE=   81.02 pacing=0.00s eps=0.151 loss=1.6638
[ep  559] soldier      driving_B_2020.02.13_13.03.24.csv block-000@0s reward=QoE=   -4.14 pacing=0.00s eps=0.149 loss=1.6015
[ep  560] longdress    driving_B_2020.02.14_09.38.22.csv block-000@1020s reward=QoE=   87.85 pacing=0.00s eps=0.147 loss=1.3564
[ep  561] loot         driving_B_2019.12.17_07.32.39.csv block-000@1140s reward=QoE=   50.89 pacing=0.00s eps=0.146 loss=1.7556
[ep  562] redandblack  driving_B_2020.02.13_13.03.24.csv block-000@120s reward=QoE=   14.47 pacing=0.00s eps=0.144 loss=1.6512
[ep  563] soldier      driving_B_2020.01.16_07.26.43.csv block-000@840s reward=QoE=   56.18 pacing=0.00s eps=0.143 loss=1.8085
[ep  564] longdress    driving_B_2020.01.16_09.56.56.csv block-001@1659s reward=QoE=   77.74 pacing=0.72s eps=0.141 loss=1.5207
[ep  565] loot         driving_B_2019.12.16_12.27.05.csv block-000@660s reward=QoE=  -26.25 pacing=0.00s eps=0.140 loss=1.7110
[ep  566] redandblack  driving_B_2020.01.16_07.26.43.csv block-000@120s reward=QoE=   27.25 pacing=0.00s eps=0.138 loss=1.3603
[ep  567] soldier      driving_B_2020.01.16_07.26.43.csv block-000@660s reward=QoE=    1.09 pacing=0.00s eps=0.137 loss=1.7991
[ep  568] longdress    static_B_2019.12.16_13.40.04.csv block-005@1706s reward=QoE=   68.93 pacing=0.00s eps=0.135 loss=1.7587
[ep  569] loot         driving_B_2020.02.13_13.03.24.csv block-000@60s reward=QoE=   -4.56 pacing=0.00s eps=0.134 loss=1.5486
[ep  570] redandblack  static_B_2020.02.14_13.21.26.csv block-000@0s reward=QoE=   49.22 pacing=0.00s eps=0.132 loss=1.4509
[ep  571] soldier      driving_B_2020.02.27_17.30.15.csv block-002@533s reward=QoE= -124.06 pacing=0.00s eps=0.131 loss=1.7159
[ep  572] longdress    driving_B_2019.12.16_12.27.05.csv block-000@600s reward=QoE=    2.86 pacing=0.00s eps=0.129 loss=1.6784
[ep  573] loot         driving_B_2020.01.16_09.56.56.csv block-001@1239s reward=QoE=   52.99 pacing=0.00s eps=0.128 loss=1.5974
[ep  574] redandblack  static_B_2020.02.14_13.21.26.csv block-000@600s reward=QoE=   87.32 pacing=1.12s eps=0.126 loss=1.3746
[ep  575] soldier      driving_B_2020.01.16_12.10.03.csv block-000@240s reward=QoE=   83.66 pacing=0.00s eps=0.125 loss=1.5004
[ep  576] longdress    driving_B_2019.12.16_12.27.05.csv block-000@480s reward=QoE=    4.63 pacing=0.00s eps=0.123 loss=1.5547
[ep  577] loot         driving_B_2020.02.13_15.02.01.csv block-000@1860s reward=QoE=   14.49 pacing=0.00s eps=0.122 loss=1.6133
[ep  578] redandblack  driving_B_2020.01.16_07.26.43.csv block-000@1860s reward=QoE=    6.14 pacing=0.00s eps=0.120 loss=1.5184
[ep  579] soldier      driving_B_2019.12.17_07.32.39.csv block-000@600s reward=QoE=   30.72 pacing=0.00s eps=0.119 loss=1.3760
[ep  580] longdress    driving_B_2019.12.16_12.27.05.csv block-000@1200s reward=QoE=   34.78 pacing=0.00s eps=0.117 loss=1.5868
[ep  581] loot         driving_B_2020.01.16_09.56.56.csv block-001@819s reward=QoE=   84.65 pacing=0.35s eps=0.116 loss=1.6126
[ep  582] redandblack  driving_B_2020.02.13_13.03.24.csv block-001@1934s reward=QoE=   -0.44 pacing=0.00s eps=0.114 loss=1.6233
[ep  583] soldier      static_B_2020.02.14_13.21.26.csv block-000@780s reward=QoE=   83.18 pacing=0.00s eps=0.112 loss=1.6308
[ep  584] longdress    driving_B_2020.01.16_07.26.43.csv block-000@420s reward=QoE=  -24.17 pacing=0.00s eps=0.111 loss=1.8305
[ep  585] loot         driving_B_2019.12.16_12.27.05.csv block-000@1140s reward=QoE=   57.49 pacing=0.00s eps=0.109 loss=1.5689
[ep  586] redandblack  static_B_2020.02.27_18.39.27.csv block-001@6252s reward=QoE=   80.97 pacing=0.00s eps=0.108 loss=1.6903
[ep  587] soldier      driving_B_2020.01.16_07.26.43.csv block-000@540s reward=QoE=   16.73 pacing=0.00s eps=0.106 loss=1.4777
[ep  588] longdress    driving_B_2020.02.13_13.03.24.csv block-001@1394s reward=QoE=   24.60 pacing=0.00s eps=0.105 loss=1.5079
[ep  589] loot         static_B_2019.12.16_13.40.04.csv block-000@120s reward=QoE=   87.17 pacing=0.00s eps=0.103 loss=1.6055
[ep  590] redandblack  static_B_2020.02.14_13.21.26.csv block-000@960s reward=QoE=   56.58 pacing=0.00s eps=0.102 loss=1.3711
[ep  591] soldier      static_B_2020.02.27_18.39.27.csv block-001@6072s reward=QoE=   85.23 pacing=0.00s eps=0.100 loss=1.6667
[ep  592] longdress    driving_B_2020.02.14_09.38.22.csv block-000@1020s reward=QoE=   81.68 pacing=0.00s eps=0.099 loss=1.4901
[ep  593] loot         driving_B_2019.12.17_07.32.39.csv block-003@1714s reward=QoE=   16.16 pacing=0.00s eps=0.097 loss=1.3066
[ep  594] redandblack  static_B_2020.02.14_13.21.26.csv block-000@480s reward=QoE=   76.18 pacing=1.28s eps=0.096 loss=1.7037
[ep  595] soldier      driving_B_2020.01.16_09.56.56.csv block-000@180s reward=QoE=   42.01 pacing=0.00s eps=0.094 loss=1.4605
[ep  596] longdress    driving_B_2020.01.16_12.10.03.csv block-000@60s reward=QoE=   57.93 pacing=0.00s eps=0.093 loss=1.4218
[ep  597] loot         driving_B_2020.01.16_07.26.43.csv block-000@240s reward=QoE=   41.61 pacing=0.00s eps=0.091 loss=1.6289
[ep  598] redandblack  driving_B_2020.02.14_12.58.17.csv block-002@536s reward=QoE=   -1.51 pacing=0.00s eps=0.090 loss=1.7663
[ep  599] soldier      driving_B_2020.01.16_12.10.03.csv block-000@60s reward=QoE=   60.45 pacing=0.00s eps=0.088 loss=1.5743
[ep  600] longdress    driving_B_2020.01.16_09.56.56.csv block-001@1419s reward=QoE=   49.82 pacing=0.00s eps=0.087 loss=1.6797
[ep  601] loot         driving_B_2020.01.16_12.10.03.csv block-000@120s reward=QoE=   86.64 pacing=1.19s eps=0.085 loss=1.5124
[ep  602] redandblack  driving_B_2020.01.16_07.26.43.csv block-000@180s reward=QoE=   -6.28 pacing=0.00s eps=0.084 loss=1.5466
[ep  603] soldier      static_B_2020.02.27_18.39.27.csv block-001@912s reward=QoE=   59.07 pacing=0.00s eps=0.082 loss=1.9736
[ep  604] longdress    driving_B_2020.02.14_09.38.22.csv block-000@180s reward=QoE=  -17.10 pacing=0.00s eps=0.080 loss=1.8192
[ep  605] loot         driving_B_2020.02.14_09.38.22.csv block-000@120s reward=QoE=   25.81 pacing=0.00s eps=0.079 loss=1.7715
[ep  606] redandblack  static_B_2020.02.27_18.39.27.csv block-001@4572s reward=QoE=   44.60 pacing=0.00s eps=0.077 loss=1.6955
[ep  607] soldier      static_B_2019.12.16_13.40.04.csv block-000@60s reward=QoE=   48.30 pacing=0.00s eps=0.076 loss=1.4630
[ep  608] longdress    driving_B_2020.02.27_17.30.15.csv block-002@413s reward=QoE=   26.99 pacing=0.00s eps=0.074 loss=1.6799
[ep  609] loot         driving_B_2020.01.16_07.26.43.csv block-000@1680s reward=QoE=   35.44 pacing=0.00s eps=0.073 loss=1.6575
[ep  610] redandblack  static_B_2020.02.27_18.39.27.csv block-001@5412s reward=QoE=   74.90 pacing=0.00s eps=0.071 loss=1.7999
[ep  611] soldier      static_B_2020.02.27_18.39.27.csv block-001@4632s reward=QoE=   75.56 pacing=0.00s eps=0.070 loss=1.7720
[ep  612] longdress    static_B_2020.02.14_13.21.26.csv block-000@600s reward=QoE=   79.45 pacing=0.00s eps=0.068 loss=1.7821
[ep  613] loot         static_B_2020.02.14_13.21.26.csv block-000@1080s reward=QoE=   88.91 pacing=0.00s eps=0.067 loss=1.6888
[ep  614] redandblack  driving_B_2020.01.16_12.10.03.csv block-000@360s reward=QoE=   68.22 pacing=0.00s eps=0.065 loss=1.7048
[ep  615] soldier      driving_B_2019.12.17_07.32.39.csv block-000@960s reward=QoE=   21.07 pacing=0.00s eps=0.064 loss=1.6478
[ep  616] longdress    driving_B_2020.02.27_17.30.15.csv block-002@293s reward=QoE= -145.75 pacing=0.00s eps=0.062 loss=1.5803
[ep  617] loot         driving_B_2020.01.16_09.56.56.csv block-001@1359s reward=QoE=   31.06 pacing=0.00s eps=0.061 loss=1.7124
[ep  618] redandblack  static_B_2020.02.27_18.39.27.csv block-001@612s reward=QoE=   47.88 pacing=0.00s eps=0.059 loss=1.9385
[ep  619] soldier      driving_B_2020.01.16_07.26.43.csv block-000@1320s reward=QoE=   24.39 pacing=0.00s eps=0.058 loss=1.9808
[ep  620] longdress    static_B_2019.12.16_13.40.04.csv block-005@1886s reward=QoE=   58.44 pacing=0.00s eps=0.056 loss=1.7091
[ep  621] loot         static_B_2020.02.27_18.39.27.csv block-001@2592s reward=QoE=   75.99 pacing=0.00s eps=0.055 loss=1.8638
[ep  622] redandblack  driving_B_2020.01.16_07.26.43.csv block-000@1200s reward=QoE=   52.84 pacing=0.00s eps=0.053 loss=1.6200
[ep  623] soldier      static_B_2020.02.14_13.21.26.csv block-000@360s reward=QoE=   80.14 pacing=0.00s eps=0.052 loss=1.6599
[ep  624] longdress    driving_B_2019.12.16_12.27.05.csv block-000@360s reward=QoE=   27.35 pacing=0.00s eps=0.050 loss=1.7507
[ep  625] loot         static_B_2020.02.14_13.21.26.csv block-000@420s reward=QoE=   82.57 pacing=0.00s eps=0.050 loss=1.8754
[ep  626] redandblack  driving_B_2020.02.14_09.38.22.csv block-000@300s reward=QoE=  -23.64 pacing=0.00s eps=0.050 loss=1.4995
[ep  627] soldier      driving_B_2020.02.27_17.30.15.csv block-002@353s reward=QoE=  -51.53 pacing=0.00s eps=0.050 loss=1.6964
[ep  628] longdress    static_B_2020.02.14_13.21.26.csv block-000@60s reward=QoE=   88.53 pacing=0.00s eps=0.050 loss=1.7134
[ep  629] loot         driving_B_2019.12.16_12.27.05.csv block-000@360s reward=QoE=   20.53 pacing=0.00s eps=0.050 loss=1.8497
[ep  630] redandblack  driving_B_2020.01.16_07.26.43.csv block-000@1140s reward=QoE=   48.38 pacing=0.00s eps=0.050 loss=1.5990
[ep  631] soldier      driving_B_2020.02.27_17.30.15.csv block-002@533s reward=QoE=  -62.16 pacing=0.00s eps=0.050 loss=1.9141
[ep  632] longdress    driving_B_2020.02.27_17.30.15.csv block-002@413s reward=QoE=   29.91 pacing=0.00s eps=0.050 loss=1.8167
[ep  633] loot         driving_B_2020.01.16_09.56.56.csv block-001@999s reward=QoE=    2.26 pacing=0.00s eps=0.050 loss=1.4788
[ep  634] redandblack  driving_B_2020.02.13_15.02.01.csv block-000@2460s reward=QoE=   76.95 pacing=0.00s eps=0.050 loss=1.6519
[ep  635] soldier      static_B_2020.02.27_18.39.27.csv block-001@5832s reward=QoE=   87.43 pacing=0.49s eps=0.050 loss=1.6945
[ep  636] longdress    driving_B_2019.12.16_12.27.05.csv block-000@120s reward=QoE=  -12.69 pacing=0.00s eps=0.050 loss=1.9388
[ep  637] loot         driving_B_2019.12.16_12.27.05.csv block-000@1020s reward=QoE=   83.25 pacing=0.00s eps=0.050 loss=1.7887
[ep  638] redandblack  driving_B_2020.02.13_15.02.01.csv block-000@1500s reward=QoE=  -98.85 pacing=0.00s eps=0.050 loss=1.7663
[ep  639] soldier      driving_B_2020.02.27_17.30.15.csv block-002@353s reward=QoE=  -41.47 pacing=0.00s eps=0.050 loss=1.4818
[ep  640] longdress    driving_B_2020.02.27_17.30.15.csv block-002@413s reward=QoE=   16.51 pacing=0.00s eps=0.050 loss=1.7430
[ep  641] loot         driving_B_2019.12.17_07.32.39.csv block-000@300s reward=QoE=   44.66 pacing=0.00s eps=0.050 loss=1.7751
[ep  642] redandblack  driving_B_2020.02.14_09.38.22.csv block-000@600s reward=QoE=   57.20 pacing=0.00s eps=0.050 loss=1.6247
[ep  643] soldier      driving_B_2020.01.16_09.56.56.csv block-001@819s reward=QoE=   44.19 pacing=0.00s eps=0.050 loss=1.6429
[ep  644] longdress    driving_B_2020.01.16_09.56.56.csv block-000@60s reward=QoE=   15.41 pacing=0.00s eps=0.050 loss=1.6222
[ep  645] loot         static_B_2020.02.14_13.21.26.csv block-000@0s reward=QoE=   54.35 pacing=0.00s eps=0.050 loss=1.7473
[ep  646] redandblack  driving_B_2020.02.13_15.02.01.csv block-000@2100s reward=QoE=   25.02 pacing=0.00s eps=0.050 loss=1.5970
[ep  647] soldier      driving_B_2019.12.16_12.27.05.csv block-000@900s reward=QoE=   83.71 pacing=0.26s eps=0.050 loss=1.5303
[ep  648] longdress    driving_B_2019.12.16_12.27.05.csv block-000@1260s reward=QoE=   85.59 pacing=0.95s eps=0.050 loss=1.5789
[ep  649] loot         driving_B_2020.01.16_09.56.56.csv block-001@759s reward=QoE=   42.97 pacing=0.00s eps=0.050 loss=1.7344
[ep  650] redandblack  driving_B_2020.02.14_12.58.17.csv block-000@0s reward=QoE=   42.15 pacing=0.00s eps=0.050 loss=1.7887
[ep  651] soldier      static_B_2020.02.27_18.39.27.csv block-001@6612s reward=QoE=   89.24 pacing=0.00s eps=0.050 loss=1.7871
[ep  652] longdress    driving_B_2020.01.16_09.56.56.csv block-001@579s reward=QoE=   53.62 pacing=0.00s eps=0.050 loss=1.6549
[ep  653] loot         driving_B_2020.02.14_12.58.17.csv block-002@716s reward=QoE=   43.17 pacing=0.00s eps=0.050 loss=1.8598
[ep  654] redandblack  driving_B_2019.12.17_07.32.39.csv block-000@60s reward=QoE=   52.59 pacing=0.00s eps=0.050 loss=1.6353
[ep  655] soldier      driving_B_2020.01.16_07.26.43.csv block-000@1800s reward=QoE=   31.88 pacing=0.00s eps=0.050 loss=1.6756
[ep  656] longdress    driving_B_2020.01.16_12.10.03.csv block-000@180s reward=QoE=   81.56 pacing=0.00s eps=0.050 loss=1.4019
[ep  657] loot         driving_B_2020.02.13_15.02.01.csv block-000@2280s reward=QoE=   59.51 pacing=0.00s eps=0.050 loss=1.3605
[ep  658] redandblack  driving_B_2020.01.16_07.26.43.csv block-000@480s reward=QoE=   16.03 pacing=0.00s eps=0.050 loss=1.9187
[ep  659] soldier      driving_B_2019.12.16_12.27.05.csv block-000@1200s reward=QoE=   28.41 pacing=0.00s eps=0.050 loss=1.7789
[ep  660] longdress    driving_B_2019.12.16_12.27.05.csv block-000@780s reward=QoE=   48.54 pacing=0.00s eps=0.050 loss=1.8059
[ep  661] loot         driving_B_2020.02.14_12.58.17.csv block-002@536s reward=QoE=  -33.08 pacing=0.00s eps=0.050 loss=1.5418
[ep  662] redandblack  driving_B_2019.12.16_12.27.05.csv block-000@780s reward=QoE=   50.75 pacing=0.00s eps=0.050 loss=1.4901
[ep  663] soldier      driving_B_2019.12.17_07.32.39.csv block-003@1594s reward=QoE=   13.92 pacing=0.00s eps=0.050 loss=1.5864
[ep  664] longdress    driving_B_2020.01.16_09.56.56.csv block-001@1719s reward=QoE=   66.19 pacing=0.00s eps=0.050 loss=1.6628
[ep  665] loot         static_B_2020.02.27_18.39.27.csv block-001@2772s reward=QoE=   82.31 pacing=1.32s eps=0.050 loss=1.7059
[ep  666] redandblack  driving_B_2019.12.16_12.27.05.csv block-000@300s reward=QoE=   33.17 pacing=0.00s eps=0.050 loss=1.7935
[ep  667] soldier      driving_B_2020.01.16_12.10.03.csv block-000@360s reward=QoE=   66.90 pacing=0.00s eps=0.050 loss=1.5940
[ep  668] longdress    driving_B_2020.02.27_17.30.15.csv block-002@353s reward=QoE=  -17.49 pacing=0.00s eps=0.050 loss=1.5838
[ep  669] loot         driving_B_2020.02.14_09.38.22.csv block-000@1140s reward=QoE=   30.81 pacing=0.00s eps=0.050 loss=1.5756
[ep  670] redandblack  driving_B_2020.02.14_09.38.22.csv block-000@900s reward=QoE=  -76.08 pacing=0.00s eps=0.050 loss=1.7048
[ep  671] soldier      driving_B_2019.12.17_07.32.39.csv block-003@2014s reward=QoE=   -0.66 pacing=0.00s eps=0.050 loss=1.6889
[ep  672] longdress    driving_B_2020.02.13_13.03.24.csv block-000@540s reward=QoE=   35.40 pacing=0.00s eps=0.050 loss=1.4969
[ep  673] loot         driving_B_2020.01.16_12.10.03.csv block-000@240s reward=QoE=   90.88 pacing=0.74s eps=0.050 loss=1.8334
[ep  674] redandblack  driving_B_2020.02.13_13.03.24.csv block-000@360s reward=QoE=   31.27 pacing=0.00s eps=0.050 loss=1.5711
[ep  675] soldier      driving_B_2020.02.14_12.58.17.csv block-002@536s reward=QoE= -199.61 pacing=0.00s eps=0.050 loss=1.7980
[ep  676] longdress    static_B_2020.02.14_13.21.26.csv block-000@60s reward=QoE=   83.75 pacing=0.09s eps=0.050 loss=1.5730
[ep  677] loot         driving_B_2020.02.13_15.02.01.csv block-000@360s reward=QoE=   78.08 pacing=0.00s eps=0.050 loss=1.6414
[ep  678] redandblack  driving_B_2020.02.13_13.03.24.csv block-000@240s reward=QoE=   36.41 pacing=0.00s eps=0.050 loss=1.6159
[ep  679] soldier      driving_B_2020.02.14_12.58.17.csv block-002@716s reward=QoE=   27.47 pacing=0.00s eps=0.050 loss=1.6778
[ep  680] longdress    driving_B_2020.02.14_12.58.17.csv block-002@656s reward=QoE=   36.20 pacing=0.00s eps=0.050 loss=1.5708
[ep  681] loot         driving_B_2020.02.13_13.03.24.csv block-001@1874s reward=QoE=    9.42 pacing=0.00s eps=0.050 loss=1.6141
[ep  682] redandblack  static_B_2019.12.16_13.40.04.csv block-001@1015s reward=QoE=   44.38 pacing=0.00s eps=0.050 loss=1.5613
[ep  683] soldier      static_B_2019.12.16_13.40.04.csv block-005@1526s reward=QoE=   53.72 pacing=0.00s eps=0.050 loss=1.6376
[ep  684] longdress    driving_B_2020.02.14_12.58.17.csv block-000@0s reward=QoE=   13.32 pacing=0.00s eps=0.050 loss=1.3221
[ep  685] loot         driving_B_2020.02.13_15.02.01.csv block-000@2160s reward=QoE=   66.56 pacing=0.00s eps=0.050 loss=1.7918
[ep  686] redandblack  driving_B_2020.01.16_12.10.03.csv block-000@120s reward=QoE=   86.15 pacing=0.96s eps=0.050 loss=1.6071
[ep  687] soldier      driving_B_2019.12.17_07.32.39.csv block-004@2537s reward=QoE=   79.44 pacing=0.52s eps=0.050 loss=1.6794
[ep  688] longdress    driving_B_2020.01.16_07.26.43.csv block-000@720s reward=QoE=   26.37 pacing=0.00s eps=0.050 loss=1.7158
[ep  689] loot         driving_B_2020.02.13_15.02.01.csv block-000@2040s reward=QoE=   90.02 pacing=0.00s eps=0.050 loss=1.6912
[ep  690] redandblack  driving_B_2020.01.16_12.10.03.csv block-000@60s reward=QoE=   57.26 pacing=0.00s eps=0.050 loss=1.5715
[ep  691] soldier      driving_B_2020.02.27_17.30.15.csv block-002@293s reward=QoE= -149.22 pacing=0.00s eps=0.050 loss=1.6332
[ep  692] longdress    driving_B_2020.02.14_12.58.17.csv block-002@716s reward=QoE=   38.94 pacing=0.00s eps=0.050 loss=1.5413
[ep  693] loot         driving_B_2020.02.14_09.38.22.csv block-000@1080s reward=QoE=   90.00 pacing=0.62s eps=0.050 loss=1.3368
[ep  694] redandblack  driving_B_2020.02.14_12.58.17.csv block-000@0s reward=QoE=   38.11 pacing=0.00s eps=0.050 loss=1.6715
[ep  695] soldier      static_B_2020.02.14_13.21.26.csv block-000@300s reward=QoE=   43.50 pacing=0.00s eps=0.050 loss=1.5934
[ep  696] longdress    driving_B_2020.02.13_15.02.01.csv block-000@0s reward=QoE=   73.19 pacing=0.00s eps=0.050 loss=1.5123
[ep  697] loot         driving_B_2020.02.13_13.03.24.csv block-000@420s reward=QoE=   27.51 pacing=0.00s eps=0.050 loss=1.3920
[ep  698] redandblack  static_B_2019.12.16_13.40.04.csv block-001@655s reward=QoE=   67.80 pacing=0.00s eps=0.050 loss=1.3763
[ep  699] soldier      driving_B_2020.01.16_09.56.56.csv block-001@1119s reward=QoE=   83.18 pacing=0.00s eps=0.050 loss=1.5645
[ep  700] longdress    driving_B_2019.12.17_07.32.39.csv block-003@1534s reward=QoE=   54.09 pacing=0.00s eps=0.050 loss=1.3173
[ep  701] loot         static_B_2020.02.14_13.21.26.csv block-000@180s reward=QoE=   82.73 pacing=0.21s eps=0.050 loss=1.7741
[ep  702] redandblack  driving_B_2020.02.14_12.58.17.csv block-000@0s reward=QoE=   29.18 pacing=0.00s eps=0.050 loss=1.8662
[ep  703] soldier      driving_B_2020.02.13_15.02.01.csv block-000@2880s reward=QoE=   67.37 pacing=0.00s eps=0.050 loss=1.4516
[ep  704] longdress    driving_B_2019.12.17_07.32.39.csv block-004@2357s reward=QoE=   30.83 pacing=0.00s eps=0.050 loss=1.7364
[ep  705] loot         driving_B_2020.02.13_13.03.24.csv block-001@1634s reward=QoE=   43.97 pacing=0.00s eps=0.050 loss=1.5986
[ep  706] redandblack  driving_B_2020.02.27_17.30.15.csv block-002@293s reward=QoE=  -64.81 pacing=0.00s eps=0.050 loss=1.6611
[ep  707] soldier      driving_B_2020.02.14_09.38.22.csv block-000@1440s reward=QoE=   78.37 pacing=0.00s eps=0.050 loss=1.4310
[ep  708] longdress    driving_B_2020.01.16_07.26.43.csv block-000@960s reward=QoE=   10.73 pacing=0.00s eps=0.050 loss=1.5895
[ep  709] loot         driving_B_2020.01.16_07.26.43.csv block-000@1560s reward=QoE=   32.07 pacing=0.00s eps=0.050 loss=1.5303
[ep  710] redandblack  static_B_2020.02.14_13.21.26.csv block-000@420s reward=QoE=   81.33 pacing=0.00s eps=0.050 loss=1.7789
[ep  711] soldier      driving_B_2020.01.16_12.10.03.csv block-000@240s reward=QoE=   82.71 pacing=0.00s eps=0.050 loss=1.5806
[ep  712] longdress    static_B_2020.02.27_18.39.27.csv block-001@2532s reward=QoE=   60.95 pacing=0.00s eps=0.050 loss=1.7636
[ep  713] loot         driving_B_2020.01.16_09.56.56.csv block-000@240s reward=QoE=   56.21 pacing=0.00s eps=0.050 loss=1.4768
[ep  714] redandblack  static_B_2019.12.16_13.40.04.csv block-000@0s reward=QoE=   70.22 pacing=0.00s eps=0.050 loss=1.4579
[ep  715] soldier      static_B_2020.02.14_13.21.26.csv block-000@1020s reward=QoE=   88.22 pacing=0.00s eps=0.050 loss=1.6683
[ep  716] longdress    static_B_2019.12.16_13.40.04.csv block-005@1466s reward=QoE=   61.47 pacing=0.00s eps=0.050 loss=1.4394
[ep  717] loot         driving_B_2020.01.16_12.10.03.csv block-000@0s reward=QoE=   84.10 pacing=1.18s eps=0.050 loss=1.7467
[ep  718] redandblack  driving_B_2020.02.13_15.02.01.csv block-000@840s reward=QoE=   46.03 pacing=0.00s eps=0.050 loss=1.3979
[ep  719] soldier      static_B_2019.12.16_13.40.04.csv block-001@595s reward=QoE=   86.49 pacing=0.00s eps=0.050 loss=1.4349
[ep  720] longdress    static_B_2020.02.27_18.39.27.csv block-001@1692s reward=QoE=   50.38 pacing=0.00s eps=0.050 loss=1.4109
[ep  721] loot         driving_B_2019.12.17_07.32.39.csv block-003@1774s reward=QoE=   35.90 pacing=0.00s eps=0.050 loss=1.6433
[ep  722] redandblack  driving_B_2020.02.14_09.38.22.csv block-000@720s reward=QoE=   85.94 pacing=1.45s eps=0.050 loss=1.7619
[ep  723] soldier      driving_B_2020.02.13_15.02.01.csv block-000@3000s reward=QoE=    0.44 pacing=0.00s eps=0.050 loss=1.4652
[ep  724] longdress    driving_B_2020.01.16_12.10.03.csv block-000@360s reward=QoE=   63.71 pacing=0.00s eps=0.050 loss=1.4689
[ep  725] loot         driving_B_2020.01.16_07.26.43.csv block-000@0s reward=QoE=   19.77 pacing=0.00s eps=0.050 loss=1.7408
[ep  726] redandblack  static_B_2019.12.16_13.40.04.csv block-005@1826s reward=QoE=   75.88 pacing=0.00s eps=0.050 loss=1.4879
[ep  727] soldier      driving_B_2020.02.27_17.30.15.csv block-002@353s reward=QoE=  -25.32 pacing=0.00s eps=0.050 loss=1.8140
[ep  728] longdress    driving_B_2020.02.27_17.30.15.csv block-002@293s reward=QoE=  -18.34 pacing=0.00s eps=0.050 loss=1.4579
[ep  729] loot         driving_B_2020.01.16_12.10.03.csv block-000@180s reward=QoE=   89.46 pacing=0.00s eps=0.050 loss=1.4368
[ep  730] redandblack  driving_B_2020.01.16_12.10.03.csv block-000@180s reward=QoE=   85.05 pacing=0.00s eps=0.050 loss=1.6375
[ep  731] soldier      static_B_2020.02.27_18.39.27.csv block-001@6012s reward=QoE=   87.49 pacing=0.00s eps=0.050 loss=1.5706
[ep  732] longdress    driving_B_2020.01.16_12.10.03.csv block-000@300s reward=QoE=   35.18 pacing=0.00s eps=0.050 loss=1.5504
[ep  733] loot         driving_B_2019.12.16_12.27.05.csv block-000@1020s reward=QoE=   86.73 pacing=0.00s eps=0.050 loss=1.7648
[ep  734] redandblack  driving_B_2020.01.16_12.10.03.csv block-000@120s reward=QoE=   83.80 pacing=1.20s eps=0.050 loss=1.5946
[ep  735] soldier      driving_B_2019.12.17_07.32.39.csv block-004@2297s reward=QoE=   78.84 pacing=0.00s eps=0.050 loss=1.6061
[ep  736] longdress    driving_B_2020.02.13_13.03.24.csv block-001@1814s reward=QoE=   31.09 pacing=0.00s eps=0.050 loss=1.7728
[ep  737] loot         driving_B_2020.02.13_15.02.01.csv block-000@1260s reward=QoE=   41.78 pacing=0.00s eps=0.050 loss=1.5889
[ep  738] redandblack  driving_B_2020.01.16_09.56.56.csv block-001@519s reward=QoE=   49.83 pacing=0.00s eps=0.050 loss=1.6576
[ep  739] soldier      static_B_2020.02.27_18.39.27.csv block-001@1092s reward=QoE=   65.51 pacing=0.00s eps=0.050 loss=1.5344
[ep  740] longdress    driving_B_2020.02.13_13.03.24.csv block-001@1334s reward=QoE=   -0.48 pacing=0.00s eps=0.050 loss=1.6449
[ep  741] loot         static_B_2020.02.27_18.39.27.csv block-001@72s reward=QoE=   90.58 pacing=1.14s eps=0.050 loss=1.4477
[ep  742] redandblack  driving_B_2020.02.27_17.30.15.csv block-002@353s reward=QoE=    9.02 pacing=0.00s eps=0.050 loss=1.4014
[ep  743] soldier      static_B_2020.02.14_13.21.26.csv block-000@540s reward=QoE=   83.76 pacing=0.00s eps=0.050 loss=1.8537
[ep  744] longdress    static_B_2020.02.14_13.21.26.csv block-000@900s reward=QoE=   60.69 pacing=0.00s eps=0.050 loss=1.5185
[ep  745] loot         driving_B_2020.02.14_09.38.22.csv block-000@540s reward=QoE=   29.51 pacing=0.00s eps=0.050 loss=1.3609
[ep  746] redandblack  driving_B_2019.12.16_12.27.05.csv block-000@60s reward=QoE=   41.02 pacing=0.00s eps=0.050 loss=1.6098
[ep  747] soldier      driving_B_2020.01.16_09.56.56.csv block-000@360s reward=QoE=   45.37 pacing=0.00s eps=0.050 loss=1.7709
[ep  748] longdress    static_B_2020.02.14_13.21.26.csv block-000@300s reward=QoE=   57.28 pacing=0.00s eps=0.050 loss=1.4244
[ep  749] loot         static_B_2019.12.16_13.40.04.csv block-006@2232s reward=QoE=   87.19 pacing=1.19s eps=0.050 loss=1.5085
[ep  750] redandblack  driving_B_2020.01.16_07.26.43.csv block-000@1080s reward=QoE=   59.13 pacing=0.00s eps=0.050 loss=1.5865
[ep  751] soldier      driving_B_2019.12.17_07.32.39.csv block-000@420s reward=QoE=   33.12 pacing=0.00s eps=0.050 loss=1.5230
[ep  752] longdress    static_B_2019.12.16_13.40.04.csv block-005@1586s reward=QoE=  -27.01 pacing=0.00s eps=0.050 loss=1.5719
[ep  753] loot         driving_B_2019.12.17_07.32.39.csv block-000@900s reward=QoE=   14.16 pacing=0.00s eps=0.050 loss=1.6344
[ep  754] redandblack  static_B_2020.02.27_18.39.27.csv block-001@1152s reward=QoE=   74.22 pacing=0.00s eps=0.050 loss=1.6057
[ep  755] soldier      driving_B_2020.01.16_12.10.03.csv block-000@240s reward=QoE=   75.87 pacing=0.18s eps=0.050 loss=1.8728
[ep  756] longdress    driving_B_2020.01.16_09.56.56.csv block-001@1059s reward=QoE=   31.37 pacing=0.00s eps=0.050 loss=1.3155
[ep  757] loot         driving_B_2020.02.27_17.30.15.csv block-002@413s reward=QoE=   29.21 pacing=0.00s eps=0.050 loss=1.7401
[ep  758] redandblack  driving_B_2020.02.13_13.03.24.csv block-001@914s reward=QoE=   -3.59 pacing=0.00s eps=0.050 loss=1.4878
[ep  759] soldier      driving_B_2020.02.14_09.38.22.csv block-000@1560s reward=QoE=   23.28 pacing=0.00s eps=0.050 loss=1.3760
[ep  760] longdress    static_B_2020.02.27_18.39.27.csv block-001@4932s reward=QoE=   67.64 pacing=0.00s eps=0.050 loss=1.5110
[ep  761] loot         driving_B_2020.01.16_12.10.03.csv block-000@0s reward=QoE=   81.30 pacing=1.41s eps=0.050 loss=1.4700
[ep  762] redandblack  driving_B_2019.12.17_07.32.39.csv block-004@2417s reward=QoE=   48.73 pacing=0.00s eps=0.050 loss=1.3735
[ep  763] soldier      driving_B_2020.01.16_12.10.03.csv block-000@360s reward=QoE=   67.52 pacing=0.00s eps=0.050 loss=1.5212
[ep  764] longdress    driving_B_2020.02.14_09.38.22.csv block-000@1500s reward=QoE=   22.83 pacing=0.00s eps=0.050 loss=1.6832
[ep  765] loot         static_B_2020.02.27_18.39.27.csv block-001@3552s reward=QoE=   48.19 pacing=0.00s eps=0.050 loss=1.5112
[ep  766] redandblack  driving_B_2020.01.16_12.10.03.csv block-000@300s reward=QoE=   37.69 pacing=0.00s eps=0.050 loss=1.6194
[ep  767] soldier      driving_B_2020.02.14_09.38.22.csv block-000@1200s reward=QoE=   22.96 pacing=0.00s eps=0.050 loss=1.7005
[ep  768] longdress    driving_B_2020.02.14_12.58.17.csv block-002@536s reward=QoE=  -15.13 pacing=0.00s eps=0.050 loss=1.6043
[ep  769] loot         driving_B_2020.02.14_12.58.17.csv block-002@656s reward=QoE=   56.04 pacing=0.00s eps=0.050 loss=1.3925
[ep  770] redandblack  driving_B_2020.02.27_17.30.15.csv block-002@413s reward=QoE=   15.75 pacing=0.00s eps=0.050 loss=1.4710
[ep  771] soldier      driving_B_2020.02.13_15.02.01.csv block-000@1140s reward=QoE=   81.80 pacing=0.00s eps=0.050 loss=1.5337
[ep  772] longdress    driving_B_2020.02.27_17.30.15.csv block-002@533s reward=QoE=  -27.52 pacing=0.00s eps=0.050 loss=1.4766
[ep  773] loot         driving_B_2020.02.27_17.30.15.csv block-002@533s reward=QoE=  -24.65 pacing=0.00s eps=0.050 loss=1.5824
[ep  774] redandblack  driving_B_2020.01.16_12.10.03.csv block-000@0s reward=QoE=   79.85 pacing=1.29s eps=0.050 loss=1.5263
[ep  775] soldier      driving_B_2019.12.17_07.32.39.csv block-000@120s reward=QoE=   23.64 pacing=0.00s eps=0.050 loss=1.4702
[ep  776] longdress    static_B_2019.12.16_13.40.04.csv block-005@1766s reward=QoE=   83.91 pacing=0.00s eps=0.050 loss=1.6360
[ep  777] loot         driving_B_2020.02.14_12.58.17.csv block-002@596s reward=QoE=   24.31 pacing=0.00s eps=0.050 loss=1.3972
[ep  778] redandblack  driving_B_2020.02.14_09.38.22.csv block-000@1260s reward=QoE=   21.55 pacing=0.00s eps=0.050 loss=1.6800
[ep  779] soldier      driving_B_2020.02.13_15.02.01.csv block-000@540s reward=QoE=   35.17 pacing=0.00s eps=0.050 loss=1.4781
[ep  780] longdress    driving_B_2019.12.17_07.32.39.csv block-003@1894s reward=QoE=   20.18 pacing=0.00s eps=0.050 loss=1.4667
[ep  781] loot         driving_B_2020.02.13_13.03.24.csv block-001@1514s reward=QoE=  -25.63 pacing=0.00s eps=0.050 loss=1.4914
[ep  782] redandblack  driving_B_2020.02.14_09.38.22.csv block-000@780s reward=QoE=   85.36 pacing=0.00s eps=0.050 loss=1.4139
[ep  783] soldier      static_B_2020.02.27_18.39.27.csv block-001@3612s reward=QoE=  -98.12 pacing=0.00s eps=0.050 loss=1.7501
[ep  784] longdress    driving_B_2020.02.14_12.58.17.csv block-002@716s reward=QoE=   29.43 pacing=0.00s eps=0.050 loss=1.3521
[ep  785] loot         static_B_2020.02.14_13.21.26.csv block-000@840s reward=QoE=   90.34 pacing=1.14s eps=0.050 loss=1.3616
[ep  786] redandblack  static_B_2020.02.14_13.21.26.csv block-000@540s reward=QoE=   87.87 pacing=0.00s eps=0.050 loss=1.6990
[ep  787] soldier      driving_B_2020.01.16_09.56.56.csv block-001@939s reward=QoE=   33.46 pacing=0.00s eps=0.050 loss=1.4579
[ep  788] longdress    driving_B_2020.02.13_13.03.24.csv block-001@1694s reward=QoE=   29.05 pacing=0.00s eps=0.050 loss=1.5295
[ep  789] loot         driving_B_2020.02.13_15.02.01.csv block-000@1080s reward=QoE=   19.01 pacing=0.00s eps=0.050 loss=1.3877
[ep  790] redandblack  driving_B_2020.02.27_17.30.15.csv block-002@473s reward=QoE=  -64.77 pacing=0.00s eps=0.050 loss=1.5496
[ep  791] soldier      driving_B_2020.02.14_09.38.22.csv block-000@1200s reward=QoE=   12.35 pacing=0.00s eps=0.050 loss=1.5069
[ep  792] longdress    static_B_2019.12.16_13.40.04.csv block-005@1646s reward=QoE=   80.73 pacing=0.00s eps=0.050 loss=1.5426
[ep  793] loot         driving_B_2020.02.13_15.02.01.csv block-000@300s reward=QoE=   80.04 pacing=2.33s eps=0.050 loss=1.6424
[ep  794] redandblack  driving_B_2020.01.16_09.56.56.csv block-001@1179s reward=QoE=   30.94 pacing=0.00s eps=0.050 loss=1.4240
[ep  795] soldier      driving_B_2020.02.27_17.30.15.csv block-002@473s reward=QoE= -292.29 pacing=0.00s eps=0.050 loss=1.3656
[ep  796] longdress    static_B_2020.02.27_18.39.27.csv block-001@4092s reward=QoE=   48.32 pacing=0.00s eps=0.050 loss=1.3617
[ep  797] loot         driving_B_2020.02.13_15.02.01.csv block-000@1620s reward=QoE=   16.47 pacing=0.00s eps=0.050 loss=1.4904
[ep  798] redandblack  static_B_2019.12.16_13.40.04.csv block-000@240s reward=QoE=   64.95 pacing=0.00s eps=0.050 loss=1.3676
[ep  799] soldier      driving_B_2020.01.16_07.26.43.csv block-000@1740s reward=QoE=    5.52 pacing=0.00s eps=0.050 loss=1.5265
[ep  800] longdress    static_B_2019.12.16_13.40.04.csv block-005@2006s reward=QoE=   55.18 pacing=0.00s eps=0.050 loss=1.4564
    [eval @ ep 800] reward=QoE=50.25 mean_q=0.623 stall=0.8s  <-- best (saved)
[ep  801] loot         driving_B_2019.12.16_12.27.05.csv block-000@840s reward=QoE=   53.87 pacing=0.00s eps=0.050 loss=1.4270
[ep  802] redandblack  driving_B_2020.02.27_17.30.15.csv block-002@473s reward=QoE= -261.28 pacing=0.00s eps=0.050 loss=1.5253
[ep  803] soldier      driving_B_2020.02.14_12.58.17.csv block-002@596s reward=QoE=   15.26 pacing=0.00s eps=0.050 loss=2.1352
[ep  804] longdress    static_B_2020.02.14_13.21.26.csv block-000@660s reward=QoE=   85.75 pacing=0.00s eps=0.050 loss=1.6377
[ep  805] loot         driving_B_2020.02.14_12.58.17.csv block-002@596s reward=QoE=   34.28 pacing=0.00s eps=0.050 loss=1.5980
[ep  806] redandblack  static_B_2020.02.27_18.39.27.csv block-001@12s reward=QoE=   85.20 pacing=1.14s eps=0.050 loss=1.6158
[ep  807] soldier      static_B_2020.02.14_13.21.26.csv block-000@720s reward=QoE=   78.84 pacing=0.00s eps=0.050 loss=1.4707
[ep  808] longdress    driving_B_2019.12.16_12.27.05.csv block-000@120s reward=QoE=   45.50 pacing=0.00s eps=0.050 loss=1.6196
[ep  809] loot         static_B_2020.02.27_18.39.27.csv block-001@5292s reward=QoE=   -7.91 pacing=0.00s eps=0.050 loss=1.8395
[ep  810] redandblack  driving_B_2020.02.14_09.38.22.csv block-000@480s reward=QoE=   10.09 pacing=0.00s eps=0.050 loss=1.8396
[ep  811] soldier      driving_B_2020.02.13_13.03.24.csv block-001@1154s reward=QoE=    9.86 pacing=0.00s eps=0.050 loss=1.8558
[ep  812] longdress    driving_B_2020.01.16_12.10.03.csv block-000@180s reward=QoE=   86.98 pacing=0.00s eps=0.050 loss=1.7282
[ep  813] loot         driving_B_2020.02.13_15.02.01.csv block-000@1020s reward=QoE=   82.36 pacing=2.36s eps=0.050 loss=1.9086
[ep  814] redandblack  driving_B_2020.02.13_13.03.24.csv block-007@2290s reward=QoE=  -86.44 pacing=0.00s eps=0.050 loss=1.7127
[ep  815] soldier      driving_B_2020.02.13_15.02.01.csv block-000@1800s reward=QoE=  -38.79 pacing=0.00s eps=0.050 loss=1.5901
[ep  816] longdress    driving_B_2020.01.16_07.26.43.csv block-000@1440s reward=QoE=   43.50 pacing=0.00s eps=0.050 loss=1.9884
[ep  817] loot         static_B_2020.02.27_18.39.27.csv block-001@3972s reward=QoE=   79.93 pacing=0.00s eps=0.050 loss=1.7158
[ep  818] redandblack  driving_B_2020.02.27_17.30.15.csv block-002@473s reward=QoE=  -89.74 pacing=0.00s eps=0.050 loss=1.6346
[ep  819] soldier      driving_B_2020.02.13_15.02.01.csv block-000@1920s reward=QoE=   43.00 pacing=0.00s eps=0.050 loss=1.8450
[ep  820] longdress    static_B_2019.12.16_13.40.04.csv block-001@715s reward=QoE=   45.32 pacing=0.00s eps=0.050 loss=1.5411
[ep  821] loot         driving_B_2020.01.16_09.56.56.csv block-001@1119s reward=QoE=   86.45 pacing=1.18s eps=0.050 loss=1.7438
[ep  822] redandblack  static_B_2019.12.16_13.40.04.csv block-005@1946s reward=QoE=   87.69 pacing=0.00s eps=0.050 loss=1.8098
[ep  823] soldier      static_B_2020.02.14_13.21.26.csv block-000@120s reward=QoE=   88.34 pacing=0.00s eps=0.050 loss=1.6695
[ep  824] longdress    driving_B_2020.02.14_12.58.17.csv block-002@596s reward=QoE=   30.20 pacing=0.00s eps=0.050 loss=1.5740
[ep  825] loot         driving_B_2020.02.14_09.38.22.csv block-000@1320s reward=QoE=   13.41 pacing=0.00s eps=0.050 loss=1.5356
[ep  826] redandblack  static_B_2020.02.14_13.21.26.csv block-000@360s reward=QoE=   82.42 pacing=0.00s eps=0.050 loss=1.7056
[ep  827] soldier      driving_B_2020.01.16_09.56.56.csv block-000@0s reward=QoE=   28.27 pacing=0.00s eps=0.050 loss=1.9153
[ep  828] longdress    driving_B_2020.02.14_12.58.17.csv block-002@656s reward=QoE=   37.88 pacing=0.00s eps=0.050 loss=1.6559
[ep  829] loot         driving_B_2019.12.16_12.27.05.csv block-000@0s reward=QoE=   52.95 pacing=0.00s eps=0.050 loss=1.9225
[ep  830] redandblack  driving_B_2020.01.16_07.26.43.csv block-000@360s reward=QoE=   30.19 pacing=0.00s eps=0.050 loss=1.6490
[ep  831] soldier      driving_B_2020.01.16_12.10.03.csv block-000@0s reward=QoE=   83.34 pacing=0.80s eps=0.050 loss=1.7980
[ep  832] longdress    driving_B_2020.02.13_15.02.01.csv block-000@1980s reward=QoE=   85.46 pacing=0.00s eps=0.050 loss=1.6344
[ep  833] redandblack  driving_B_2020.01.16_07.26.43.csv block-000@1440s reward=QoE=   54.28 pacing=0.00s eps=0.050 loss=1.5770
[ep  834] soldier      static_B_2020.02.14_13.21.26.csv block-000@60s reward=QoE=   88.19 pacing=0.25s eps=0.050 loss=1.6729
[ep  835] longdress    driving_B_2019.12.16_12.27.05.csv block-000@300s reward=QoE=   24.73 pacing=0.00s eps=0.050 loss=1.7411
[ep  836] loot         driving_B_2020.02.14_09.38.22.csv block-000@1140s reward=QoE=   27.89 pacing=0.00s eps=0.050 loss=1.5622
[ep  837] redandblack  static_B_2019.12.16_13.40.04.csv block-001@715s reward=QoE=   54.36 pacing=0.00s eps=0.050 loss=1.6550
[ep  838] soldier      driving_B_2020.01.16_12.10.03.csv block-000@360s reward=QoE=   66.69 pacing=0.00s eps=0.050 loss=1.6163
[ep  839] longdress    driving_B_2020.01.16_12.10.03.csv block-000@300s reward=QoE=   32.75 pacing=0.00s eps=0.050 loss=1.4109
[ep  840] loot         driving_B_2020.02.13_13.03.24.csv block-001@1874s reward=QoE=   10.12 pacing=0.00s eps=0.050 loss=1.5864
[ep  841] redandblack  static_B_2019.12.16_13.40.04.csv block-005@1946s reward=QoE=   87.68 pacing=0.00s eps=0.050 loss=1.8359
[ep  842] soldier      driving_B_2020.02.13_13.03.24.csv block-001@1574s reward=QoE=   19.40 pacing=0.00s eps=0.050 loss=1.7233
[ep  843] longdress    driving_B_2020.02.13_13.03.24.csv block-000@600s reward=QoE=   38.08 pacing=0.00s eps=0.050 loss=1.5482
[ep  844] loot         driving_B_2019.12.16_12.27.05.csv block-000@60s reward=QoE=   34.26 pacing=0.00s eps=0.050 loss=1.9978
[ep  845] redandblack  driving_B_2020.02.14_12.58.17.csv block-002@536s reward=QoE=   -5.15 pacing=0.00s eps=0.050 loss=1.7380
[ep  846] soldier      driving_B_2020.02.13_15.02.01.csv block-000@2460s reward=QoE=   75.21 pacing=0.00s eps=0.050 loss=1.4714
[ep  847] longdress    driving_B_2019.12.17_07.32.39.csv block-003@1534s reward=QoE=   54.12 pacing=0.00s eps=0.050 loss=1.5758
[ep  848] loot         driving_B_2020.01.16_07.26.43.csv block-000@180s reward=QoE=   -0.87 pacing=0.00s eps=0.050 loss=1.6142
[ep  849] redandblack  driving_B_2020.01.16_12.10.03.csv block-000@360s reward=QoE=   71.44 pacing=0.00s eps=0.050 loss=1.6190
[ep  850] soldier      driving_B_2020.02.27_17.30.15.csv block-002@473s reward=QoE= -172.10 pacing=0.00s eps=0.050 loss=1.5182
[ep  851] longdress    driving_B_2020.02.13_15.02.01.csv block-000@1680s reward=QoE=   30.26 pacing=0.00s eps=0.050 loss=1.6850
[ep  852] loot         static_B_2020.02.14_13.21.26.csv block-000@300s reward=QoE=   62.22 pacing=0.00s eps=0.050 loss=1.9195
[ep  853] redandblack  driving_B_2019.12.16_12.27.05.csv block-000@420s reward=QoE=   -4.80 pacing=0.00s eps=0.050 loss=1.5747
[ep  854] soldier      driving_B_2019.12.17_07.32.39.csv block-003@2134s reward=QoE=   44.41 pacing=0.00s eps=0.050 loss=1.6302
[ep  855] longdress    driving_B_2019.12.16_12.27.05.csv block-000@1080s reward=QoE=   71.00 pacing=0.00s eps=0.050 loss=1.4352
[ep  856] loot         driving_B_2020.01.16_09.56.56.csv block-001@819s reward=QoE=   81.61 pacing=0.36s eps=0.050 loss=1.4642
[ep  857] redandblack  static_B_2020.02.27_18.39.27.csv block-001@1212s reward=QoE=   71.74 pacing=0.00s eps=0.050 loss=1.7462
[ep  858] soldier      static_B_2020.02.14_13.21.26.csv block-000@240s reward=QoE=   87.55 pacing=0.63s eps=0.050 loss=1.5761
[ep  859] longdress    driving_B_2020.01.16_09.56.56.csv block-001@939s reward=QoE=   35.22 pacing=0.00s eps=0.050 loss=1.6092
[ep  860] loot         driving_B_2020.02.14_09.38.22.csv block-000@1020s reward=QoE=   88.01 pacing=0.54s eps=0.050 loss=1.5973
[ep  861] redandblack  driving_B_2019.12.17_07.32.39.csv block-003@1954s reward=QoE=   34.08 pacing=0.00s eps=0.050 loss=1.7253
[ep  862] soldier      driving_B_2020.02.13_15.02.01.csv block-000@2940s reward=QoE=   14.15 pacing=0.00s eps=0.050 loss=1.8731
[ep  863] longdress    driving_B_2020.02.14_12.58.17.csv block-002@656s reward=QoE=   46.87 pacing=0.00s eps=0.050 loss=1.6172
[ep  864] loot         driving_B_2020.01.16_09.56.56.csv block-001@1179s reward=QoE=   34.12 pacing=0.00s eps=0.050 loss=1.5800
[ep  865] redandblack  driving_B_2020.01.16_07.26.43.csv block-000@900s reward=QoE=   49.62 pacing=0.00s eps=0.050 loss=1.5408
[ep  866] soldier      driving_B_2019.12.17_07.32.39.csv block-000@540s reward=QoE=   30.07 pacing=0.00s eps=0.050 loss=1.7075
[ep  867] longdress    driving_B_2020.02.14_09.38.22.csv block-000@660s reward=QoE=   34.69 pacing=0.00s eps=0.050 loss=1.4302
[ep  868] loot         driving_B_2020.02.14_09.38.22.csv block-000@60s reward=QoE=   41.82 pacing=0.00s eps=0.050 loss=1.6133
[ep  869] redandblack  driving_B_2020.02.27_17.30.15.csv block-002@413s reward=QoE=   22.97 pacing=0.00s eps=0.050 loss=1.5530
[ep  870] soldier      static_B_2019.12.16_13.40.04.csv block-005@1826s reward=QoE=   60.16 pacing=0.00s eps=0.050 loss=1.8424
[ep  871] longdress    driving_B_2020.02.27_17.30.15.csv block-002@353s reward=QoE=   -9.40 pacing=0.00s eps=0.050 loss=1.5686
[ep  872] loot         driving_B_2020.01.16_07.26.43.csv block-000@1500s reward=QoE=   25.21 pacing=0.00s eps=0.050 loss=1.8551
[ep  873] redandblack  driving_B_2020.02.14_12.58.17.csv block-002@536s reward=QoE=  -36.65 pacing=0.00s eps=0.050 loss=1.7657
[ep  874] soldier      driving_B_2019.12.16_12.27.05.csv block-000@600s reward=QoE=   12.76 pacing=0.00s eps=0.050 loss=1.7229
[ep  875] longdress    driving_B_2020.02.13_15.02.01.csv block-000@2640s reward=QoE=  -50.72 pacing=0.00s eps=0.050 loss=1.6160
[ep  876] loot         driving_B_2020.01.16_09.56.56.csv block-001@1059s reward=QoE=   40.02 pacing=0.00s eps=0.050 loss=1.7362
[ep  877] redandblack  static_B_2020.02.27_18.39.27.csv block-001@3732s reward=QoE=   79.36 pacing=0.00s eps=0.050 loss=1.6551
[ep  878] soldier      static_B_2019.12.16_13.40.04.csv block-005@1526s reward=QoE=   59.87 pacing=0.00s eps=0.050 loss=1.5293
[ep  879] longdress    driving_B_2020.02.27_17.30.15.csv block-002@413s reward=QoE=   29.46 pacing=0.00s eps=0.050 loss=1.5755
[ep  880] loot         driving_B_2020.01.16_12.10.03.csv block-000@0s reward=QoE=   80.14 pacing=1.53s eps=0.050 loss=1.7577
[ep  881] redandblack  driving_B_2020.02.14_12.58.17.csv block-002@536s reward=QoE=  -19.35 pacing=0.00s eps=0.050 loss=1.4010
[ep  882] soldier      driving_B_2020.02.14_09.38.22.csv block-000@360s reward=QoE=   18.47 pacing=0.00s eps=0.050 loss=1.4720
[ep  883] longdress    static_B_2020.02.27_18.39.27.csv block-001@1992s reward=QoE=   61.94 pacing=0.00s eps=0.050 loss=1.5264
[ep  884] loot         driving_B_2019.12.17_07.32.39.csv block-000@720s reward=QoE=   30.68 pacing=0.00s eps=0.050 loss=1.7123
[ep  885] redandblack  driving_B_2020.02.27_17.30.15.csv block-002@293s reward=QoE=  -56.76 pacing=0.00s eps=0.050 loss=1.6702
[ep  886] soldier      driving_B_2019.12.17_07.32.39.csv block-000@660s reward=QoE=   14.44 pacing=0.00s eps=0.050 loss=1.5635
[ep  887] longdress    driving_B_2020.01.16_07.26.43.csv block-000@1200s reward=QoE=   48.36 pacing=0.00s eps=0.050 loss=1.5026
[ep  888] loot         static_B_2020.02.27_18.39.27.csv block-001@2532s reward=QoE=   83.64 pacing=0.00s eps=0.050 loss=1.4494
[ep  889] redandblack  driving_B_2019.12.16_12.27.05.csv block-000@480s reward=QoE=   28.36 pacing=0.00s eps=0.050 loss=1.7297
[ep  890] soldier      driving_B_2019.12.16_12.27.05.csv block-000@0s reward=QoE=   40.99 pacing=0.00s eps=0.050 loss=1.5867
[ep  891] longdress    static_B_2019.12.16_13.40.04.csv block-001@1135s reward=QoE=   60.76 pacing=0.00s eps=0.050 loss=1.5130
[ep  892] loot         driving_B_2020.01.16_07.26.43.csv block-000@1680s reward=QoE=   38.15 pacing=0.00s eps=0.050 loss=1.6746
[ep  893] redandblack  driving_B_2020.02.14_09.38.22.csv block-000@480s reward=QoE=   24.25 pacing=0.00s eps=0.050 loss=1.5366
[ep  894] soldier      driving_B_2020.02.13_15.02.01.csv block-000@1980s reward=QoE=   87.27 pacing=0.00s eps=0.050 loss=1.6575
[ep  895] longdress    driving_B_2020.02.27_17.30.15.csv block-002@473s reward=QoE=   -0.78 pacing=0.00s eps=0.050 loss=1.7387
[ep  896] loot         static_B_2020.02.14_13.21.26.csv block-000@660s reward=QoE=   86.20 pacing=1.35s eps=0.050 loss=1.7177
[ep  897] redandblack  static_B_2019.12.16_13.40.04.csv block-005@1466s reward=QoE=   70.37 pacing=0.00s eps=0.050 loss=1.6290
[ep  898] soldier      driving_B_2020.01.16_09.56.56.csv block-001@1599s reward=QoE=   68.42 pacing=0.00s eps=0.050 loss=1.5602
[ep  899] longdress    static_B_2020.02.14_13.21.26.csv block-000@480s reward=QoE=   79.08 pacing=0.00s eps=0.050 loss=1.5317
[ep  900] loot         static_B_2020.02.14_13.21.26.csv block-000@420s reward=QoE=   78.48 pacing=0.00s eps=0.050 loss=1.7426
[ep  901] redandblack  driving_B_2020.01.16_07.26.43.csv block-000@1620s reward=QoE=   30.86 pacing=0.00s eps=0.050 loss=1.8117
[ep  902] soldier      driving_B_2020.02.14_12.58.17.csv block-000@0s reward=QoE=   23.11 pacing=0.00s eps=0.050 loss=1.5365
[ep  903] longdress    static_B_2020.02.14_13.21.26.csv block-000@180s reward=QoE=   82.75 pacing=0.00s eps=0.050 loss=1.7641
[ep  904] loot         driving_B_2020.02.27_17.30.15.csv block-002@473s reward=QoE=   -6.01 pacing=0.00s eps=0.050 loss=1.4922
[ep  905] redandblack  static_B_2020.02.27_18.39.27.csv block-001@1692s reward=QoE=   65.22 pacing=0.00s eps=0.050 loss=1.6536
[ep  906] soldier      driving_B_2020.02.13_15.02.01.csv block-000@480s reward=QoE=   80.80 pacing=0.00s eps=0.050 loss=1.5503
[ep  907] longdress    static_B_2020.02.27_18.39.27.csv block-001@3312s reward=QoE=   57.13 pacing=0.00s eps=0.050 loss=1.6168
[ep  908] loot         driving_B_2020.02.14_12.58.17.csv block-002@716s reward=QoE=   31.90 pacing=0.00s eps=0.050 loss=1.5088
[ep  909] redandblack  driving_B_2020.02.14_12.58.17.csv block-002@716s reward=QoE=   40.50 pacing=0.00s eps=0.050 loss=1.6917
[ep  910] soldier      driving_B_2020.02.13_13.03.24.csv block-000@300s reward=QoE=   29.15 pacing=0.00s eps=0.050 loss=1.8640
[ep  911] longdress    driving_B_2020.01.16_09.56.56.csv block-001@759s reward=QoE=   43.70 pacing=0.00s eps=0.050 loss=1.6568
[ep  912] loot         static_B_2020.02.14_13.21.26.csv block-000@420s reward=QoE=   83.20 pacing=0.00s eps=0.050 loss=1.3254
[ep  913] redandblack  driving_B_2020.01.16_09.56.56.csv block-000@120s reward=QoE=   12.99 pacing=0.00s eps=0.050 loss=1.6458
[ep  914] soldier      driving_B_2020.02.13_13.03.24.csv block-001@1514s reward=QoE=   15.33 pacing=0.00s eps=0.050 loss=1.7454
[ep  915] longdress    driving_B_2019.12.16_12.27.05.csv block-000@720s reward=QoE=   -9.82 pacing=0.00s eps=0.050 loss=1.6424
[ep  916] loot         static_B_2020.02.27_18.39.27.csv block-001@4032s reward=QoE=   81.43 pacing=0.00s eps=0.050 loss=1.6684
[ep  917] redandblack  static_B_2020.02.14_13.21.26.csv block-000@900s reward=QoE=   84.15 pacing=0.00s eps=0.050 loss=1.8859
[ep  918] soldier      driving_B_2019.12.17_07.32.39.csv block-000@780s reward=QoE=   26.21 pacing=0.00s eps=0.050 loss=1.5779
[ep  919] longdress    static_B_2020.02.27_18.39.27.csv block-001@6132s reward=QoE=   84.07 pacing=0.00s eps=0.050 loss=1.5802
[ep  920] loot         driving_B_2020.02.13_15.02.01.csv block-000@2520s reward=QoE=   30.65 pacing=0.00s eps=0.050 loss=1.5747
[ep  921] redandblack  driving_B_2020.01.16_12.10.03.csv block-000@240s reward=QoE=   87.65 pacing=1.01s eps=0.050 loss=1.6706
[ep  922] soldier      driving_B_2019.12.16_12.27.05.csv block-000@240s reward=QoE=   21.10 pacing=0.00s eps=0.050 loss=1.7540
[ep  923] longdress    driving_B_2020.02.13_13.03.24.csv block-001@1334s reward=QoE=   21.09 pacing=0.00s eps=0.050 loss=1.5235
[ep  924] loot         driving_B_2020.02.13_13.03.24.csv block-001@1394s reward=QoE=   39.67 pacing=0.00s eps=0.050 loss=1.6519
[ep  925] redandblack  driving_B_2020.01.16_09.56.56.csv block-001@879s reward=QoE=   69.85 pacing=0.00s eps=0.050 loss=1.5745
[ep  926] soldier      driving_B_2019.12.16_12.27.05.csv block-000@1140s reward=QoE=   50.30 pacing=0.00s eps=0.050 loss=1.6683
[ep  927] longdress    driving_B_2020.02.13_13.03.24.csv block-001@1934s reward=QoE=   12.10 pacing=0.00s eps=0.050 loss=1.5343
[ep  928] loot         driving_B_2020.02.14_12.58.17.csv block-002@656s reward=QoE=   56.26 pacing=0.00s eps=0.050 loss=1.6865
[ep  929] redandblack  driving_B_2019.12.16_12.27.05.csv block-000@600s reward=QoE=    9.60 pacing=0.00s eps=0.050 loss=1.6164
[ep  930] soldier      static_B_2019.12.16_13.40.04.csv block-001@655s reward=QoE=   55.38 pacing=0.00s eps=0.050 loss=1.8261
[ep  931] longdress    driving_B_2020.02.13_15.02.01.csv block-000@1620s reward=QoE=   24.75 pacing=0.00s eps=0.050 loss=1.5218
[ep  932] loot         driving_B_2019.12.17_07.32.39.csv block-000@1020s reward=QoE=   37.44 pacing=0.00s eps=0.050 loss=1.3795
[ep  933] redandblack  driving_B_2020.02.14_12.58.17.csv block-002@536s reward=QoE=   -1.74 pacing=0.00s eps=0.050 loss=1.6049
[ep  934] soldier      driving_B_2020.02.13_13.03.24.csv block-001@1994s reward=QoE=   53.64 pacing=0.00s eps=0.050 loss=1.6221
[ep  935] longdress    static_B_2020.02.14_13.21.26.csv block-000@540s reward=QoE=   87.03 pacing=0.00s eps=0.050 loss=1.6318
[ep  936] loot         static_B_2019.12.16_13.40.04.csv block-006@2232s reward=QoE=   87.17 pacing=1.17s eps=0.050 loss=1.5661
[ep  937] redandblack  static_B_2019.12.16_13.40.04.csv block-000@180s reward=QoE=   70.72 pacing=0.00s eps=0.050 loss=1.5019
[ep  938] soldier      driving_B_2020.02.13_15.02.01.csv block-000@2400s reward=QoE=   65.80 pacing=0.00s eps=0.050 loss=1.6232
[ep  939] longdress    static_B_2020.02.14_13.21.26.csv block-000@120s reward=QoE=   79.76 pacing=0.10s eps=0.050 loss=1.6590
[ep  940] loot         driving_B_2020.02.27_17.30.15.csv block-002@533s reward=QoE=  -53.71 pacing=0.00s eps=0.050 loss=1.7177
[ep  941] redandblack  static_B_2019.12.16_13.40.04.csv block-006@2172s reward=QoE=   86.80 pacing=1.40s eps=0.050 loss=1.3313
[ep  942] soldier      driving_B_2020.02.13_13.03.24.csv block-001@1694s reward=QoE=   24.24 pacing=0.00s eps=0.050 loss=1.3928
[ep  943] longdress    driving_B_2019.12.17_07.32.39.csv block-000@240s reward=QoE=    1.81 pacing=0.00s eps=0.050 loss=1.5630
[ep  944] loot         driving_B_2019.12.16_12.27.05.csv block-000@840s reward=QoE=   48.86 pacing=0.00s eps=0.050 loss=1.6789
[ep  945] redandblack  driving_B_2019.12.17_07.32.39.csv block-000@1140s reward=QoE=   50.94 pacing=0.00s eps=0.050 loss=1.5421
[ep  946] soldier      driving_B_2020.02.14_12.58.17.csv block-002@656s reward=QoE=   35.90 pacing=0.00s eps=0.050 loss=1.4193
[ep  947] longdress    driving_B_2020.02.13_13.03.24.csv block-001@1094s reward=QoE=   14.01 pacing=0.00s eps=0.050 loss=1.6622
[ep  948] loot         driving_B_2020.01.16_07.26.43.csv block-000@300s reward=QoE=   59.45 pacing=0.00s eps=0.050 loss=1.4748
[ep  949] redandblack  driving_B_2019.12.17_07.32.39.csv block-004@2537s reward=QoE=   90.03 pacing=1.29s eps=0.050 loss=1.5243
[ep  950] soldier      driving_B_2020.01.16_12.10.03.csv block-000@300s reward=QoE=   31.49 pacing=0.00s eps=0.050 loss=1.6432
[ep  951] longdress    driving_B_2020.01.16_09.56.56.csv block-001@519s reward=QoE=   41.41 pacing=0.00s eps=0.050 loss=1.7303
[ep  952] loot         driving_B_2020.02.14_09.38.22.csv block-000@900s reward=QoE=   19.37 pacing=0.00s eps=0.050 loss=1.5228
[ep  953] redandblack  driving_B_2020.01.16_12.10.03.csv block-000@120s reward=QoE=   90.89 pacing=0.74s eps=0.050 loss=1.4078
[ep  954] soldier      static_B_2019.12.16_13.40.04.csv block-000@420s reward=QoE=   62.37 pacing=0.00s eps=0.050 loss=1.3416
[ep  955] longdress    driving_B_2019.12.17_07.32.39.csv block-003@1774s reward=QoE=   35.77 pacing=0.00s eps=0.050 loss=1.4663
[ep  956] loot         driving_B_2020.01.16_09.56.56.csv block-000@360s reward=QoE=   58.69 pacing=0.00s eps=0.050 loss=1.5717
[ep  957] redandblack  driving_B_2020.02.14_12.58.17.csv block-002@716s reward=QoE=   41.45 pacing=0.00s eps=0.050 loss=1.6333
[ep  958] soldier      driving_B_2019.12.16_12.27.05.csv block-000@480s reward=QoE=   28.50 pacing=0.00s eps=0.050 loss=1.4990
[ep  959] longdress    driving_B_2020.02.13_15.02.01.csv block-000@240s reward=QoE=   78.11 pacing=0.00s eps=0.050 loss=1.3665
[ep  960] loot         driving_B_2020.02.13_15.02.01.csv block-000@1380s reward=QoE=   48.53 pacing=0.00s eps=0.050 loss=1.4834
[ep  961] redandblack  static_B_2019.12.16_13.40.04.csv block-005@1646s reward=QoE=   90.34 pacing=0.09s eps=0.050 loss=1.5127
[ep  962] soldier      static_B_2020.02.27_18.39.27.csv block-001@132s reward=QoE=   75.56 pacing=0.00s eps=0.050 loss=1.6879
[ep  963] longdress    driving_B_2020.02.14_09.38.22.csv block-000@600s reward=QoE=   52.06 pacing=0.00s eps=0.050 loss=1.5864
[ep  964] loot         driving_B_2020.01.16_09.56.56.csv block-000@60s reward=QoE=   28.73 pacing=0.00s eps=0.050 loss=1.6392
[ep  965] redandblack  driving_B_2020.02.13_15.02.01.csv block-000@600s reward=QoE=   50.59 pacing=0.00s eps=0.050 loss=1.5258
[ep  966] soldier      driving_B_2020.02.27_17.30.15.csv block-002@533s reward=QoE=  -82.69 pacing=0.00s eps=0.050 loss=1.7818
[ep  967] longdress    driving_B_2020.02.13_15.02.01.csv block-000@660s reward=QoE=   39.14 pacing=0.00s eps=0.050 loss=1.5279
[ep  968] loot         driving_B_2020.02.14_09.38.22.csv block-000@540s reward=QoE=   29.16 pacing=0.00s eps=0.050 loss=1.5090
[ep  969] redandblack  driving_B_2019.12.17_07.32.39.csv block-000@60s reward=QoE=   53.79 pacing=0.00s eps=0.050 loss=1.5076
[ep  970] soldier      driving_B_2020.02.14_12.58.17.csv block-000@0s reward=QoE=   29.39 pacing=0.00s eps=0.050 loss=1.8400
[ep  971] longdress    driving_B_2020.02.14_09.38.22.csv block-000@1440s reward=QoE=   87.99 pacing=0.00s eps=0.050 loss=1.5982
[ep  972] loot         static_B_2019.12.16_13.40.04.csv block-005@1346s reward=QoE=  -63.83 pacing=0.00s eps=0.050 loss=1.3079
[ep  973] redandblack  static_B_2020.02.14_13.21.26.csv block-000@720s reward=QoE=   88.82 pacing=0.00s eps=0.050 loss=1.6571
[ep  974] soldier      static_B_2020.02.27_18.39.27.csv block-001@1632s reward=QoE=   66.55 pacing=0.00s eps=0.050 loss=1.6114
[ep  975] longdress    driving_B_2020.02.14_09.38.22.csv block-000@0s reward=QoE=    0.47 pacing=0.00s eps=0.050 loss=1.9304
[ep  976] loot         driving_B_2019.12.17_07.32.39.csv block-000@1200s reward=QoE=   74.28 pacing=0.58s eps=0.050 loss=1.5483
[ep  977] redandblack  driving_B_2020.01.16_09.56.56.csv block-001@1599s reward=QoE=   80.16 pacing=0.00s eps=0.050 loss=1.7021
[ep  978] soldier      driving_B_2020.02.14_09.38.22.csv block-000@1020s reward=QoE=   87.47 pacing=0.00s eps=0.050 loss=1.5567
[ep  979] longdress    static_B_2020.02.27_18.39.27.csv block-001@4752s reward=QoE=   73.99 pacing=0.00s eps=0.050 loss=1.5806
[ep  980] loot         driving_B_2020.01.16_07.26.43.csv block-000@1800s reward=QoE=   44.59 pacing=0.00s eps=0.050 loss=1.4522
[ep  981] redandblack  driving_B_2020.02.14_09.38.22.csv block-000@1380s reward=QoE=   36.71 pacing=0.00s eps=0.050 loss=1.4758
[ep  982] soldier      driving_B_2020.02.27_17.30.15.csv block-002@473s reward=QoE=    3.67 pacing=0.00s eps=0.050 loss=1.5271
[ep  983] longdress    static_B_2020.02.27_18.39.27.csv block-001@6012s reward=QoE=   82.23 pacing=0.00s eps=0.050 loss=1.3999
[ep  984] loot         driving_B_2020.01.16_12.10.03.csv block-000@60s reward=QoE=   68.01 pacing=0.00s eps=0.050 loss=1.4096
[ep  985] redandblack  driving_B_2020.01.16_12.10.03.csv block-000@180s reward=QoE=   83.10 pacing=0.00s eps=0.050 loss=1.7391
[ep  986] soldier      driving_B_2020.01.16_12.10.03.csv block-000@180s reward=QoE=   86.13 pacing=0.00s eps=0.050 loss=1.5175
[ep  987] longdress    static_B_2020.02.14_13.21.26.csv block-000@0s reward=QoE=   51.69 pacing=0.00s eps=0.050 loss=1.4563
[ep  988] loot         driving_B_2020.02.13_15.02.01.csv block-000@1740s reward=QoE=  -41.44 pacing=0.00s eps=0.050 loss=1.6121
[ep  989] redandblack  static_B_2019.12.16_13.40.04.csv block-001@835s reward=QoE=   90.89 pacing=0.94s eps=0.050 loss=1.5605
[ep  990] soldier      driving_B_2020.01.16_09.56.56.csv block-001@1419s reward=QoE=   47.71 pacing=0.00s eps=0.050 loss=1.5266
[ep  991] longdress    driving_B_2019.12.17_07.32.39.csv block-000@120s reward=QoE=   32.90 pacing=0.00s eps=0.050 loss=1.8083
[ep  992] loot         driving_B_2020.02.13_15.02.01.csv block-000@1080s reward=QoE=   -5.58 pacing=0.00s eps=0.050 loss=1.4208
[ep  993] redandblack  driving_B_2019.12.17_07.32.39.csv block-003@2014s reward=QoE=  -18.64 pacing=0.00s eps=0.050 loss=1.2756
[ep  994] soldier      static_B_2019.12.16_13.40.04.csv block-001@1015s reward=QoE=   19.03 pacing=0.00s eps=0.050 loss=1.5891
[ep  995] longdress    static_B_2020.02.27_18.39.27.csv block-001@1752s reward=QoE=   76.77 pacing=0.00s eps=0.050 loss=1.7359
[ep  996] loot         driving_B_2019.12.17_07.32.39.csv block-000@900s reward=QoE=   32.73 pacing=0.00s eps=0.050 loss=1.5507
[ep  997] redandblack  driving_B_2020.01.16_09.56.56.csv block-001@1239s reward=QoE=   46.06 pacing=0.00s eps=0.050 loss=1.5642
[ep  998] soldier      static_B_2020.02.14_13.21.26.csv block-000@900s reward=QoE=   63.62 pacing=0.00s eps=0.050 loss=1.8178
[ep  999] longdress    driving_B_2020.02.14_09.38.22.csv block-000@420s reward=QoE=   10.59 pacing=0.00s eps=0.050 loss=1.3256
[ep 1000] loot         driving_B_2019.12.16_12.27.05.csv block-000@360s reward=QoE=   22.12 pacing=0.00s eps=0.050 loss=1.4707
[ep 1001] redandblack  driving_B_2019.12.17_07.32.39.csv block-000@960s reward=QoE=   37.27 pacing=0.00s eps=0.050 loss=1.5398
[ep 1002] soldier      driving_B_2020.02.13_13.03.24.csv block-000@540s reward=QoE=   26.26 pacing=0.00s eps=0.050 loss=1.5905
[ep 1003] longdress    driving_B_2020.02.27_17.30.15.csv block-002@353s reward=QoE=    5.47 pacing=0.00s eps=0.050 loss=2.1003
[ep 1004] loot         driving_B_2019.12.16_12.27.05.csv block-000@120s reward=QoE=   54.32 pacing=0.00s eps=0.050 loss=1.8121
[ep 1005] redandblack  driving_B_2020.01.16_12.10.03.csv block-000@120s reward=QoE=   87.87 pacing=0.77s eps=0.050 loss=1.8074
[ep 1006] soldier      driving_B_2020.01.16_07.26.43.csv block-000@1320s reward=QoE=   31.12 pacing=0.00s eps=0.050 loss=1.7497
[ep 1007] longdress    static_B_2020.02.14_13.21.26.csv block-000@0s reward=QoE=   53.59 pacing=0.00s eps=0.050 loss=1.6431
[ep 1008] loot         static_B_2020.02.27_18.39.27.csv block-001@4992s reward=QoE=   73.15 pacing=0.00s eps=0.050 loss=1.8107
[ep 1009] redandblack  driving_B_2020.02.27_17.30.15.csv block-002@413s reward=QoE=   30.41 pacing=0.00s eps=0.050 loss=1.8992
[ep 1010] soldier      driving_B_2019.12.16_12.27.05.csv block-000@240s reward=QoE=   26.87 pacing=0.00s eps=0.050 loss=1.7167
[ep 1011] longdress    static_B_2019.12.16_13.40.04.csv block-000@0s reward=QoE=   68.82 pacing=0.00s eps=0.050 loss=1.7415
[ep 1012] loot         driving_B_2019.12.16_12.27.05.csv block-000@1020s reward=QoE=   80.76 pacing=0.00s eps=0.050 loss=1.6093
[ep 1013] redandblack  driving_B_2020.02.14_12.58.17.csv block-002@536s reward=QoE=  -47.70 pacing=0.00s eps=0.050 loss=1.6661
[ep 1014] soldier      driving_B_2019.12.16_12.27.05.csv block-000@660s reward=QoE=  -25.74 pacing=0.00s eps=0.050 loss=1.8495
[ep 1015] longdress    driving_B_2020.02.13_15.02.01.csv block-000@1440s reward=QoE=    0.63 pacing=0.00s eps=0.050 loss=1.7516
[ep 1016] loot         driving_B_2020.01.16_07.26.43.csv block-000@1380s reward=QoE=   36.51 pacing=0.00s eps=0.050 loss=1.5664
[ep 1017] redandblack  driving_B_2020.02.14_12.58.17.csv block-002@716s reward=QoE=   41.37 pacing=0.00s eps=0.050 loss=1.8186
[ep 1018] soldier      static_B_2020.02.27_18.39.27.csv block-001@6612s reward=QoE=   85.58 pacing=0.00s eps=0.050 loss=1.6464
[ep 1019] longdress    driving_B_2020.02.13_15.02.01.csv block-000@2580s reward=QoE=   16.30 pacing=0.00s eps=0.050 loss=1.6398
[ep 1020] loot         static_B_2020.02.27_18.39.27.csv block-001@3912s reward=QoE=   82.93 pacing=0.00s eps=0.050 loss=1.5398
[ep 1021] redandblack  driving_B_2020.01.16_12.10.03.csv block-000@180s reward=QoE=   89.28 pacing=0.00s eps=0.050 loss=1.7309
[ep 1022] soldier      driving_B_2020.01.16_12.10.03.csv block-000@60s reward=QoE=   56.91 pacing=0.00s eps=0.050 loss=1.7677
[ep 1023] longdress    driving_B_2020.02.13_13.03.24.csv block-000@480s reward=QoE=   25.48 pacing=0.00s eps=0.050 loss=1.7422
[ep 1024] loot         driving_B_2019.12.17_07.32.39.csv block-003@1714s reward=QoE=   26.05 pacing=0.00s eps=0.050 loss=1.5871
[ep 1025] redandblack  driving_B_2019.12.17_07.32.39.csv block-000@1320s reward=QoE=   23.69 pacing=0.00s eps=0.050 loss=1.6301
[ep 1026] soldier      driving_B_2020.02.14_12.58.17.csv block-002@536s reward=QoE=  -24.44 pacing=0.00s eps=0.050 loss=1.8246
[ep 1027] longdress    driving_B_2020.02.13_13.03.24.csv block-001@1754s reward=QoE=   30.50 pacing=0.00s eps=0.050 loss=1.7452
[ep 1028] loot         driving_B_2020.02.27_17.30.15.csv block-002@353s reward=QoE=  -15.67 pacing=0.00s eps=0.050 loss=1.8231
[ep 1029] redandblack  driving_B_2020.02.27_17.30.15.csv block-002@533s reward=QoE=  -82.87 pacing=0.00s eps=0.050 loss=1.6692
[ep 1030] soldier      driving_B_2020.02.27_17.30.15.csv block-002@353s reward=QoE=  -51.02 pacing=0.00s eps=0.050 loss=1.7452
[ep 1031] longdress    driving_B_2020.01.16_07.26.43.csv block-000@540s reward=QoE=   12.54 pacing=0.00s eps=0.050 loss=1.6455
[ep 1032] loot         driving_B_2020.01.16_09.56.56.csv block-001@699s reward=QoE=   86.98 pacing=2.54s eps=0.050 loss=1.5774
[ep 1033] redandblack  static_B_2020.02.14_13.21.26.csv block-000@780s reward=QoE=   71.96 pacing=0.00s eps=0.050 loss=1.5163
[ep 1034] soldier      driving_B_2019.12.17_07.32.39.csv block-003@1654s reward=QoE=    6.56 pacing=0.00s eps=0.050 loss=1.7507
[ep 1035] longdress    static_B_2019.12.16_13.40.04.csv block-001@595s reward=QoE=   75.45 pacing=0.00s eps=0.050 loss=1.6889
[ep 1036] loot         driving_B_2020.02.13_15.02.01.csv block-000@1800s reward=QoE=  -54.39 pacing=0.00s eps=0.050 loss=1.8354
[ep 1037] redandblack  driving_B_2020.02.27_17.30.15.csv block-002@293s reward=QoE=  -14.30 pacing=0.00s eps=0.050 loss=1.5916
[ep 1038] soldier      driving_B_2020.02.27_17.30.15.csv block-002@473s reward=QoE= -177.31 pacing=0.00s eps=0.050 loss=1.5429
[ep 1039] longdress    driving_B_2020.02.14_09.38.22.csv block-000@1260s reward=QoE=   28.55 pacing=0.00s eps=0.050 loss=1.4319
[ep 1040] loot         driving_B_2020.01.16_07.26.43.csv block-000@960s reward=QoE=    0.54 pacing=0.00s eps=0.050 loss=1.7495
[ep 1041] redandblack  driving_B_2020.01.16_09.56.56.csv block-001@1299s reward=QoE=   63.72 pacing=0.00s eps=0.050 loss=1.8235
[ep 1042] soldier      driving_B_2020.01.16_07.26.43.csv block-000@1020s reward=QoE=   26.64 pacing=0.00s eps=0.050 loss=1.7657
[ep 1043] longdress    driving_B_2020.01.16_09.56.56.csv block-000@300s reward=QoE=   85.48 pacing=0.00s eps=0.050 loss=1.8848
[ep 1044] loot         driving_B_2020.02.13_15.02.01.csv block-000@2820s reward=QoE=   75.45 pacing=0.00s eps=0.050 loss=1.7028
[ep 1045] redandblack  static_B_2020.02.27_18.39.27.csv block-001@1452s reward=QoE=   84.52 pacing=0.06s eps=0.050 loss=1.7666
[ep 1046] soldier      driving_B_2020.02.14_12.58.17.csv block-002@596s reward=QoE=   28.74 pacing=0.00s eps=0.050 loss=1.5744
[ep 1047] longdress    static_B_2020.02.27_18.39.27.csv block-001@192s reward=QoE=   86.74 pacing=0.00s eps=0.050 loss=1.6985
[ep 1048] loot         static_B_2020.02.27_18.39.27.csv block-001@1932s reward=QoE=   63.59 pacing=0.00s eps=0.050 loss=1.7399
[ep 1049] redandblack  driving_B_2020.02.14_09.38.22.csv block-000@840s reward=QoE=   16.03 pacing=0.00s eps=0.050 loss=1.5413
[ep 1050] soldier      driving_B_2020.02.14_12.58.17.csv block-002@596s reward=QoE=   23.05 pacing=0.00s eps=0.050 loss=1.6700
[ep 1051] longdress    driving_B_2020.02.27_17.30.15.csv block-002@293s reward=QoE=  -67.50 pacing=0.00s eps=0.050 loss=1.6475
[ep 1052] loot         driving_B_2020.02.14_12.58.17.csv block-002@656s reward=QoE=   57.19 pacing=0.00s eps=0.050 loss=1.7326
[ep 1053] redandblack  driving_B_2019.12.16_12.27.05.csv block-000@780s reward=QoE=   52.84 pacing=0.00s eps=0.050 loss=1.6001
[ep 1054] soldier      driving_B_2020.02.14_09.38.22.csv block-000@780s reward=QoE=   78.55 pacing=0.00s eps=0.050 loss=1.8980
[ep 1055] longdress    driving_B_2020.02.14_12.58.17.csv block-002@656s reward=QoE=   35.17 pacing=0.00s eps=0.050 loss=1.6796
[ep 1056] loot         driving_B_2019.12.16_12.27.05.csv block-000@1200s reward=QoE=   37.10 pacing=0.00s eps=0.050 loss=1.9209
[ep 1057] redandblack  static_B_2020.02.14_13.21.26.csv block-000@600s reward=QoE=   87.66 pacing=1.35s eps=0.050 loss=1.7715
[ep 1058] soldier      static_B_2019.12.16_13.40.04.csv block-000@300s reward=QoE=   18.80 pacing=0.00s eps=0.050 loss=1.7298
[ep 1059] longdress    driving_B_2020.01.16_07.26.43.csv block-000@840s reward=QoE=   57.53 pacing=0.00s eps=0.050 loss=1.8049
[ep 1060] loot         static_B_2020.02.27_18.39.27.csv block-001@552s reward=QoE=   81.64 pacing=0.00s eps=0.050 loss=1.4856
[ep 1061] redandblack  driving_B_2020.01.16_09.56.56.csv block-001@1479s reward=QoE=   62.35 pacing=0.00s eps=0.050 loss=1.7287
[ep 1062] soldier      driving_B_2019.12.17_07.32.39.csv block-004@2417s reward=QoE=   37.80 pacing=0.00s eps=0.050 loss=1.5941
[ep 1063] longdress    driving_B_2020.02.13_13.03.24.csv block-001@914s reward=QoE=    5.78 pacing=0.00s eps=0.050 loss=1.5385
[ep 1064] loot         driving_B_2020.01.16_12.10.03.csv block-000@0s reward=QoE=   76.24 pacing=2.18s eps=0.050 loss=1.6166
[ep 1065] redandblack  driving_B_2020.01.16_09.56.56.csv block-000@240s reward=QoE=   56.18 pacing=0.00s eps=0.050 loss=1.8558
[ep 1066] soldier      driving_B_2020.01.16_12.10.03.csv block-000@0s reward=QoE=   74.03 pacing=0.96s eps=0.050 loss=1.4941
[ep 1067] longdress    driving_B_2020.01.16_12.10.03.csv block-000@240s reward=QoE=   87.52 pacing=0.00s eps=0.050 loss=1.6040
[ep 1068] loot         driving_B_2020.02.14_09.38.22.csv block-000@1440s reward=QoE=   85.54 pacing=1.23s eps=0.050 loss=1.8663
[ep 1069] redandblack  driving_B_2020.01.16_07.26.43.csv block-000@480s reward=QoE=    8.06 pacing=0.00s eps=0.050 loss=1.8754
[ep 1070] soldier      driving_B_2020.01.16_12.10.03.csv block-000@300s reward=QoE=   33.43 pacing=0.00s eps=0.050 loss=1.8036
[ep 1071] longdress    driving_B_2020.02.14_09.38.22.csv block-000@240s reward=QoE=  -35.50 pacing=0.00s eps=0.050 loss=1.7521
[ep 1072] loot         static_B_2020.02.14_13.21.26.csv block-000@960s reward=QoE=   61.14 pacing=0.00s eps=0.050 loss=1.8864
[ep 1073] redandblack  driving_B_2020.02.13_15.02.01.csv block-000@2760s reward=QoE=    2.88 pacing=0.00s eps=0.050 loss=1.6524
[ep 1074] soldier      driving_B_2020.01.16_07.26.43.csv block-000@600s reward=QoE=   25.14 pacing=0.00s eps=0.050 loss=1.9486
[ep 1075] longdress    driving_B_2020.01.16_12.10.03.csv block-000@60s reward=QoE=   54.81 pacing=0.00s eps=0.050 loss=1.7520
[ep 1076] loot         driving_B_2020.02.14_09.38.22.csv block-000@180s reward=QoE=  -13.43 pacing=0.00s eps=0.050 loss=1.7137
[ep 1077] redandblack  static_B_2019.12.16_13.40.04.csv block-005@1886s reward=QoE=   65.90 pacing=0.00s eps=0.050 loss=1.8926
[ep 1078] soldier      driving_B_2020.01.16_12.10.03.csv block-000@360s reward=QoE=   69.47 pacing=0.00s eps=0.050 loss=1.6599
[ep 1079] longdress    static_B_2020.02.27_18.39.27.csv block-001@5472s reward=QoE=   83.87 pacing=0.00s eps=0.050 loss=1.6244
[ep 1080] loot         driving_B_2020.02.13_15.02.01.csv block-000@1560s reward=QoE=   40.90 pacing=0.00s eps=0.050 loss=1.8467
[ep 1081] redandblack  driving_B_2020.02.13_13.03.24.csv block-001@1034s reward=QoE=   31.80 pacing=0.00s eps=0.050 loss=1.7832
[ep 1082] soldier      driving_B_2020.02.13_15.02.01.csv block-000@1500s reward=QoE=    4.52 pacing=0.00s eps=0.050 loss=1.5672
[ep 1083] longdress    driving_B_2020.02.27_17.30.15.csv block-002@533s reward=QoE=  -24.51 pacing=0.00s eps=0.050 loss=1.8027
[ep 1084] loot         driving_B_2020.01.16_09.56.56.csv block-000@240s reward=QoE=   56.16 pacing=0.00s eps=0.050 loss=1.7071
[ep 1085] redandblack  static_B_2020.02.27_18.39.27.csv block-001@1872s reward=QoE=   58.12 pacing=0.00s eps=0.050 loss=1.5066
[ep 1086] soldier      driving_B_2020.02.13_13.03.24.csv block-000@360s reward=QoE=   27.85 pacing=0.00s eps=0.050 loss=1.6558
[ep 1087] longdress    driving_B_2020.01.16_12.10.03.csv block-000@0s reward=QoE=   83.59 pacing=0.19s eps=0.050 loss=1.7869
[ep 1088] loot         static_B_2019.12.16_13.40.04.csv block-005@2006s reward=QoE=   56.86 pacing=0.00s eps=0.050 loss=1.5387
[ep 1089] redandblack  driving_B_2020.02.14_12.58.17.csv block-000@0s reward=QoE=   36.66 pacing=0.00s eps=0.050 loss=1.5415
[ep 1090] soldier      driving_B_2020.02.13_15.02.01.csv block-000@1200s reward=QoE=   26.85 pacing=0.00s eps=0.050 loss=1.7069
[ep 1091] longdress    driving_B_2020.01.16_07.26.43.csv block-000@1140s reward=QoE=   45.26 pacing=0.00s eps=0.050 loss=1.6267
[ep 1092] loot         driving_B_2020.01.16_09.56.56.csv block-000@0s reward=QoE=   52.24 pacing=0.00s eps=0.050 loss=1.6503
[ep 1093] redandblack  static_B_2020.02.27_18.39.27.csv block-001@5592s reward=QoE=   31.76 pacing=0.00s eps=0.050 loss=1.5671
[ep 1094] soldier      static_B_2019.12.16_13.40.04.csv block-001@775s reward=QoE=   88.72 pacing=0.00s eps=0.050 loss=1.6752
[ep 1095] longdress    driving_B_2020.02.14_09.38.22.csv block-000@1200s reward=QoE=   26.01 pacing=0.00s eps=0.050 loss=1.7697
[ep 1096] loot         driving_B_2019.12.16_12.27.05.csv block-000@900s reward=QoE=   87.42 pacing=0.76s eps=0.050 loss=1.8168
[ep 1097] redandblack  driving_B_2019.12.16_12.27.05.csv block-000@360s reward=QoE=   22.56 pacing=0.00s eps=0.050 loss=1.7901
[ep 1098] soldier      driving_B_2019.12.16_12.27.05.csv block-000@1260s reward=QoE=   85.60 pacing=0.92s eps=0.050 loss=1.6809
[ep 1099] longdress    static_B_2020.02.14_13.21.26.csv block-000@840s reward=QoE=   87.36 pacing=0.00s eps=0.050 loss=1.7725
[ep 1100] loot         driving_B_2020.02.13_13.03.24.csv block-000@240s reward=QoE=   32.31 pacing=0.00s eps=0.050 loss=1.5092
[ep 1101] redandblack  driving_B_2020.01.16_09.56.56.csv block-001@1539s reward=QoE=   69.95 pacing=0.00s eps=0.050 loss=1.6618
[ep 1102] soldier      static_B_2019.12.16_13.40.04.csv block-001@895s reward=QoE=   61.94 pacing=0.00s eps=0.050 loss=1.5680
[ep 1103] longdress    static_B_2020.02.14_13.21.26.csv block-000@1080s reward=QoE=   86.13 pacing=0.00s eps=0.050 loss=1.7040
[ep 1104] loot         static_B_2019.12.16_13.40.04.csv block-000@240s reward=QoE=   59.97 pacing=0.00s eps=0.050 loss=1.5533
[ep 1105] redandblack  static_B_2019.12.16_13.40.04.csv block-005@1706s reward=QoE=   81.90 pacing=0.00s eps=0.050 loss=1.6070
[ep 1106] soldier      static_B_2020.02.14_13.21.26.csv block-000@720s reward=QoE=   77.83 pacing=0.00s eps=0.050 loss=1.5029
[ep 1107] longdress    driving_B_2020.02.14_12.58.17.csv block-002@656s reward=QoE=   46.30 pacing=0.00s eps=0.050 loss=1.5677
[ep 1108] loot         driving_B_2020.02.14_09.38.22.csv block-000@1560s reward=QoE=   55.12 pacing=0.00s eps=0.050 loss=1.7122
[ep 1109] redandblack  driving_B_2019.12.17_07.32.39.csv block-003@1594s reward=QoE=   40.06 pacing=0.00s eps=0.050 loss=1.6424
[ep 1110] soldier      driving_B_2019.12.16_12.27.05.csv block-000@180s reward=QoE=    5.97 pacing=0.00s eps=0.050 loss=1.7037
[ep 1111] longdress    driving_B_2020.01.16_07.26.43.csv block-000@0s reward=QoE=    9.20 pacing=0.00s eps=0.050 loss=1.7108
[ep 1112] loot         driving_B_2020.01.16_07.26.43.csv block-000@1560s reward=QoE=   32.03 pacing=0.00s eps=0.050 loss=1.7263
[ep 1113] redandblack  driving_B_2020.02.14_09.38.22.csv block-000@120s reward=QoE=   10.10 pacing=0.00s eps=0.050 loss=1.7065
[ep 1114] soldier      driving_B_2019.12.16_12.27.05.csv block-000@960s reward=QoE=   89.25 pacing=0.00s eps=0.050 loss=1.5716
[ep 1115] longdress    driving_B_2020.01.16_09.56.56.csv block-001@1119s reward=QoE=   86.96 pacing=0.00s eps=0.050 loss=1.6507
[ep 1116] loot         static_B_2020.02.14_13.21.26.csv block-000@1080s reward=QoE=   90.32 pacing=0.01s eps=0.050 loss=1.6619
[ep 1117] redandblack  driving_B_2020.02.13_13.03.24.csv block-001@974s reward=QoE=   21.34 pacing=0.00s eps=0.050 loss=1.8329
[ep 1118] soldier      driving_B_2020.02.13_13.03.24.csv block-000@0s reward=QoE=    0.83 pacing=0.00s eps=0.050 loss=1.5959
[ep 1119] longdress    driving_B_2020.02.14_09.38.22.csv block-000@420s reward=QoE=   28.59 pacing=0.00s eps=0.050 loss=1.5635
[ep 1120] loot         driving_B_2020.01.16_07.26.43.csv block-000@1260s reward=QoE=   44.50 pacing=0.00s eps=0.050 loss=1.8183
[ep 1121] redandblack  driving_B_2020.01.16_07.26.43.csv block-000@1860s reward=QoE=   28.04 pacing=0.00s eps=0.050 loss=1.9002
[ep 1122] soldier      driving_B_2020.02.14_12.58.17.csv block-000@0s reward=QoE=   26.35 pacing=0.00s eps=0.050 loss=1.6916
[ep 1123] longdress    static_B_2020.02.14_13.21.26.csv block-000@300s reward=QoE=   51.10 pacing=0.00s eps=0.050 loss=1.7368
[ep 1124] loot         driving_B_2020.02.27_17.30.15.csv block-002@413s reward=QoE=   19.80 pacing=0.00s eps=0.050 loss=1.6800
[ep 1125] redandblack  static_B_2020.02.27_18.39.27.csv block-001@6072s reward=QoE=   84.16 pacing=1.34s eps=0.050 loss=1.6464
[ep 1126] soldier      driving_B_2020.02.14_12.58.17.csv block-002@596s reward=QoE=   28.79 pacing=0.00s eps=0.050 loss=1.6379
[ep 1127] longdress    driving_B_2020.02.13_15.02.01.csv block-000@780s reward=QoE=   33.57 pacing=0.00s eps=0.050 loss=1.7445
[ep 1128] loot         driving_B_2020.01.16_12.10.03.csv block-000@240s reward=QoE=   87.19 pacing=0.81s eps=0.050 loss=1.6833
[ep 1129] redandblack  driving_B_2020.02.13_15.02.01.csv block-000@2100s reward=QoE=   23.51 pacing=0.00s eps=0.050 loss=1.5281
[ep 1130] soldier      driving_B_2020.01.16_12.10.03.csv block-000@300s reward=QoE=   31.19 pacing=0.00s eps=0.050 loss=1.6980
[ep 1131] longdress    static_B_2019.12.16_13.40.04.csv block-005@1766s reward=QoE=   82.22 pacing=0.00s eps=0.050 loss=1.5154
[ep 1132] loot         driving_B_2020.02.13_15.02.01.csv block-000@900s reward=QoE=   28.39 pacing=0.00s eps=0.050 loss=1.5481
[ep 1133] redandblack  static_B_2020.02.27_18.39.27.csv block-001@4092s reward=QoE=   53.78 pacing=0.00s eps=0.050 loss=1.7938
[ep 1134] soldier      driving_B_2020.02.14_09.38.22.csv block-000@1500s reward=QoE=   22.40 pacing=0.00s eps=0.050 loss=1.6231
[ep 1135] longdress    driving_B_2020.02.13_13.03.24.csv block-000@60s reward=QoE=   11.69 pacing=0.00s eps=0.050 loss=1.7309
[ep 1136] loot         driving_B_2020.02.14_12.58.17.csv block-000@0s reward=QoE=   36.73 pacing=0.00s eps=0.050 loss=1.5952
[ep 1137] redandblack  driving_B_2019.12.16_12.27.05.csv block-000@660s reward=QoE=    0.62 pacing=0.00s eps=0.050 loss=1.5625
[ep 1138] soldier      driving_B_2020.02.27_17.30.15.csv block-002@353s reward=QoE=   -4.33 pacing=0.00s eps=0.050 loss=1.5233
[ep 1139] longdress    driving_B_2020.01.16_07.26.43.csv block-000@1740s reward=QoE=   28.74 pacing=0.00s eps=0.050 loss=1.5351
[ep 1140] loot         driving_B_2020.01.16_09.56.56.csv block-001@999s reward=QoE=   37.66 pacing=0.00s eps=0.050 loss=1.6795
[ep 1141] redandblack  driving_B_2020.01.16_12.10.03.csv block-000@240s reward=QoE=   87.13 pacing=1.00s eps=0.050 loss=1.7233
[ep 1142] soldier      driving_B_2020.02.13_13.03.24.csv block-000@180s reward=QoE=    4.56 pacing=0.00s eps=0.050 loss=1.6900
[ep 1143] longdress    static_B_2020.02.14_13.21.26.csv block-000@240s reward=QoE=   87.53 pacing=0.00s eps=0.050 loss=1.9612
[ep 1144] loot         static_B_2020.02.14_13.21.26.csv block-000@480s reward=QoE=   84.86 pacing=1.25s eps=0.050 loss=1.6482
[ep 1145] redandblack  driving_B_2020.01.16_09.56.56.csv block-001@1659s reward=QoE=   82.79 pacing=0.94s eps=0.050 loss=1.7399
[ep 1146] soldier      driving_B_2019.12.16_12.27.05.csv block-000@120s reward=QoE=   35.43 pacing=0.00s eps=0.050 loss=1.8945
[ep 1147] longdress    driving_B_2020.02.27_17.30.15.csv block-002@533s reward=QoE=  -86.80 pacing=0.00s eps=0.050 loss=1.7045
[ep 1148] loot         driving_B_2020.01.16_09.56.56.csv block-001@699s reward=QoE=   89.02 pacing=2.53s eps=0.050 loss=1.7506
[ep 1149] redandblack  driving_B_2020.01.16_09.56.56.csv block-001@639s reward=QoE=   76.69 pacing=0.00s eps=0.050 loss=1.5965
[ep 1150] soldier      driving_B_2020.02.14_12.58.17.csv block-002@596s reward=QoE=   29.44 pacing=0.00s eps=0.050 loss=1.5290
[ep 1151] longdress    driving_B_2020.01.16_12.10.03.csv block-000@60s reward=QoE=   57.06 pacing=0.00s eps=0.050 loss=1.8032
[ep 1152] loot         static_B_2020.02.14_13.21.26.csv block-000@1020s reward=QoE=   90.89 pacing=1.08s eps=0.050 loss=1.6911
[ep 1153] redandblack  driving_B_2020.01.16_07.26.43.csv block-000@780s reward=QoE=   43.52 pacing=0.00s eps=0.050 loss=1.7870
[ep 1154] soldier      static_B_2020.02.27_18.39.27.csv block-001@1092s reward=QoE=   68.20 pacing=0.00s eps=0.050 loss=1.6986
[ep 1155] longdress    driving_B_2020.02.13_13.03.24.csv block-001@1634s reward=QoE=   36.72 pacing=0.00s eps=0.050 loss=1.5088
[ep 1156] loot         driving_B_2020.01.16_07.26.43.csv block-000@60s reward=QoE=   43.77 pacing=0.00s eps=0.050 loss=1.8514
[ep 1157] redandblack  driving_B_2020.02.27_17.30.15.csv block-002@473s reward=QoE=    9.01 pacing=0.00s eps=0.050 loss=1.8368
[ep 1158] soldier      driving_B_2020.02.13_13.03.24.csv block-000@420s reward=QoE=   25.31 pacing=0.00s eps=0.050 loss=1.7614
[ep 1159] longdress    driving_B_2020.02.13_13.03.24.csv block-001@1154s reward=QoE=    6.09 pacing=0.00s eps=0.050 loss=1.8053
[ep 1160] loot         static_B_2020.02.14_13.21.26.csv block-000@60s reward=QoE=   89.21 pacing=0.84s eps=0.050 loss=1.7943
[ep 1161] redandblack  static_B_2019.12.16_13.40.04.csv block-005@1406s reward=QoE=   69.41 pacing=0.00s eps=0.050 loss=1.6171
[ep 1162] soldier      driving_B_2019.12.17_07.32.39.csv block-000@1080s reward=QoE=   17.93 pacing=0.00s eps=0.050 loss=1.4672
[ep 1163] longdress    driving_B_2020.02.13_15.02.01.csv block-000@1140s reward=QoE=   76.80 pacing=0.00s eps=0.050 loss=1.6328
[ep 1164] loot         driving_B_2020.02.27_17.30.15.csv block-002@413s reward=QoE=   19.95 pacing=0.00s eps=0.050 loss=1.7750
[ep 1165] redandblack  static_B_2020.02.27_18.39.27.csv block-001@72s reward=QoE=   85.59 pacing=0.53s eps=0.050 loss=1.4609
[ep 1166] soldier      driving_B_2020.02.13_15.02.01.csv block-000@1020s reward=QoE=   89.57 pacing=0.37s eps=0.050 loss=1.4877
[ep 1167] longdress    driving_B_2020.02.13_13.03.24.csv block-007@2290s reward=QoE=  -43.78 pacing=0.00s eps=0.050 loss=1.6447
[ep 1168] loot         driving_B_2019.12.17_07.32.39.csv block-000@360s reward=QoE=   47.66 pacing=0.00s eps=0.050 loss=1.5761
[ep 1169] redandblack  driving_B_2020.02.14_09.38.22.csv block-000@660s reward=QoE=   42.61 pacing=0.00s eps=0.050 loss=1.7497
[ep 1170] soldier      driving_B_2020.02.14_12.58.17.csv block-002@656s reward=QoE=   37.98 pacing=0.00s eps=0.050 loss=1.7396
[ep 1171] longdress    static_B_2020.02.14_13.21.26.csv block-000@1020s reward=QoE=   84.45 pacing=0.00s eps=0.050 loss=1.5171
[ep 1172] loot         driving_B_2020.01.16_12.10.03.csv block-000@120s reward=QoE=   90.93 pacing=1.11s eps=0.050 loss=1.6208
[ep 1173] redandblack  static_B_2020.02.27_18.39.27.csv block-001@4152s reward=QoE=   76.74 pacing=0.82s eps=0.050 loss=1.5222
[ep 1174] soldier      driving_B_2020.01.16_07.26.43.csv block-000@660s reward=QoE=   12.14 pacing=0.00s eps=0.050 loss=1.7015
[ep 1175] longdress    driving_B_2020.01.16_09.56.56.csv block-001@879s reward=QoE=   64.70 pacing=0.00s eps=0.050 loss=1.3655
[ep 1176] loot         driving_B_2020.01.16_12.10.03.csv block-000@360s reward=QoE=   72.11 pacing=0.00s eps=0.050 loss=1.6949
[ep 1177] redandblack  driving_B_2020.02.27_17.30.15.csv block-002@473s reward=QoE= -249.52 pacing=0.00s eps=0.050 loss=1.8262
[ep 1178] soldier      driving_B_2020.02.14_09.38.22.csv block-000@300s reward=QoE=   16.10 pacing=0.00s eps=0.050 loss=1.4871
[ep 1179] longdress    driving_B_2020.02.13_13.03.24.csv block-001@1274s reward=QoE=   32.29 pacing=0.00s eps=0.050 loss=1.5837
[ep 1180] loot         driving_B_2019.12.16_12.27.05.csv block-000@420s reward=QoE=  -27.19 pacing=0.00s eps=0.050 loss=1.7527
[ep 1181] redandblack  driving_B_2019.12.17_07.32.39.csv block-003@2074s reward=QoE=   52.43 pacing=0.00s eps=0.050 loss=1.4990
[ep 1182] soldier      driving_B_2020.02.27_17.30.15.csv block-002@353s reward=QoE=  -26.39 pacing=0.00s eps=0.050 loss=1.5691
[ep 1183] longdress    driving_B_2020.02.14_09.38.22.csv block-000@960s reward=QoE=   60.96 pacing=0.00s eps=0.050 loss=1.9458
[ep 1184] loot         driving_B_2020.02.14_12.58.17.csv block-002@716s reward=QoE=   38.98 pacing=0.00s eps=0.050 loss=1.5298
[ep 1185] redandblack  static_B_2020.02.27_18.39.27.csv block-001@2412s reward=QoE=   61.65 pacing=0.00s eps=0.050 loss=1.6094
[ep 1186] soldier      driving_B_2019.12.16_12.27.05.csv block-000@900s reward=QoE=   88.48 pacing=0.27s eps=0.050 loss=1.4084
[ep 1187] longdress    driving_B_2020.01.16_12.10.03.csv block-000@240s reward=QoE=   88.41 pacing=0.00s eps=0.050 loss=1.5672
[ep 1188] loot         driving_B_2020.02.27_17.30.15.csv block-002@293s reward=QoE=  -71.60 pacing=0.00s eps=0.050 loss=1.6924
[ep 1189] redandblack  static_B_2019.12.16_13.40.04.csv block-001@955s reward=QoE=   78.49 pacing=0.00s eps=0.050 loss=1.6891
[ep 1190] soldier      driving_B_2020.01.16_12.10.03.csv block-000@120s reward=QoE=   79.33 pacing=0.00s eps=0.050 loss=1.6765
[ep 1191] longdress    driving_B_2020.02.13_13.03.24.csv block-000@120s reward=QoE=  -11.67 pacing=0.00s eps=0.050 loss=1.5737
[ep 1192] loot         driving_B_2020.02.14_12.58.17.csv block-002@596s reward=QoE=   29.89 pacing=0.00s eps=0.050 loss=1.5628
[ep 1193] redandblack  static_B_2020.02.14_13.21.26.csv block-000@360s reward=QoE=   86.25 pacing=0.00s eps=0.050 loss=1.5976
[ep 1194] soldier      driving_B_2020.02.14_09.38.22.csv block-000@720s reward=QoE=   88.60 pacing=0.18s eps=0.050 loss=1.6468
[ep 1195] longdress    driving_B_2020.02.27_17.30.15.csv block-002@413s reward=QoE=    8.48 pacing=0.00s eps=0.050 loss=1.6490
[ep 1196] loot         driving_B_2019.12.17_07.32.39.csv block-000@0s reward=QoE=   43.97 pacing=0.00s eps=0.050 loss=1.5771
[ep 1197] redandblack  driving_B_2020.01.16_09.56.56.csv block-001@1719s reward=QoE=   71.82 pacing=0.00s eps=0.050 loss=1.6646
[ep 1198] soldier      driving_B_2019.12.17_07.32.39.csv block-000@420s reward=QoE=   37.77 pacing=0.00s eps=0.050 loss=1.5830
[ep 1199] longdress    static_B_2020.02.14_13.21.26.csv block-000@840s reward=QoE=   76.54 pacing=0.89s eps=0.050 loss=1.6096
[ep 1200] loot         static_B_2020.02.27_18.39.27.csv block-001@2112s reward=QoE=   25.46 pacing=0.00s eps=0.050 loss=1.4935
    [eval @ ep 1200] reward=QoE=49.76 mean_q=0.616 stall=0.7s
[ep 1201] redandblack  driving_B_2020.02.27_17.30.15.csv block-002@533s reward=QoE=  -70.96 pacing=0.00s eps=0.050 loss=1.6461
[ep 1202] soldier      static_B_2019.12.16_13.40.04.csv block-000@360s reward=QoE=   26.25 pacing=0.00s eps=0.050 loss=1.7711
[ep 1203] longdress    driving_B_2020.02.13_15.02.01.csv block-000@840s reward=QoE=   42.31 pacing=0.00s eps=0.050 loss=2.0225
[ep 1204] loot         driving_B_2020.01.16_12.10.03.csv block-000@300s reward=QoE=   40.75 pacing=0.00s eps=0.050 loss=1.7740
[ep 1205] redandblack  driving_B_2019.12.17_07.32.39.csv block-000@480s reward=QoE=   74.09 pacing=0.00s eps=0.050 loss=1.7255
[ep 1206] soldier      driving_B_2020.01.16_09.56.56.csv block-000@180s reward=QoE=   54.11 pacing=0.00s eps=0.050 loss=1.6963
[ep 1207] longdress    driving_B_2019.12.16_12.27.05.csv block-000@180s reward=QoE=   31.35 pacing=0.00s eps=0.050 loss=1.9222
[ep 1208] loot         driving_B_2020.02.27_17.30.15.csv block-002@293s reward=QoE= -158.18 pacing=0.00s eps=0.050 loss=1.7752
[ep 1209] redandblack  driving_B_2020.01.16_09.56.56.csv block-001@579s reward=QoE=   60.75 pacing=0.00s eps=0.050 loss=2.0289
[ep 1210] soldier      driving_B_2020.01.16_12.10.03.csv block-000@180s reward=QoE=   86.15 pacing=0.00s eps=0.050 loss=1.8182
[ep 1211] longdress    static_B_2019.12.16_13.40.04.csv block-005@1586s reward=QoE=  -45.03 pacing=0.00s eps=0.050 loss=1.9603
[ep 1212] loot         driving_B_2020.02.13_13.03.24.csv block-001@1214s reward=QoE=   26.42 pacing=0.00s eps=0.050 loss=1.9257
[ep 1213] redandblack  driving_B_2020.02.13_13.03.24.csv block-001@1454s reward=QoE=   33.71 pacing=0.00s eps=0.050 loss=1.8142
[ep 1214] soldier      static_B_2020.02.27_18.39.27.csv block-001@5892s reward=QoE=   85.10 pacing=0.00s eps=0.050 loss=1.6259
[ep 1215] longdress    driving_B_2019.12.17_07.32.39.csv block-003@1834s reward=QoE=   27.93 pacing=0.00s eps=0.050 loss=1.9118
[ep 1216] loot         driving_B_2020.02.13_15.02.01.csv block-000@960s reward=QoE=   61.66 pacing=0.00s eps=0.050 loss=2.3228
[ep 1217] redandblack  driving_B_2020.01.16_12.10.03.csv block-000@360s reward=QoE=   71.08 pacing=0.00s eps=0.050 loss=1.7037
[ep 1218] soldier      driving_B_2020.02.14_12.58.17.csv block-002@716s reward=QoE=   21.29 pacing=0.00s eps=0.050 loss=1.9818
[ep 1219] longdress    driving_B_2020.01.16_07.26.43.csv block-000@720s reward=QoE=   24.86 pacing=0.00s eps=0.050 loss=1.8516
[ep 1220] loot         static_B_2020.02.27_18.39.27.csv block-001@3672s reward=QoE=   51.96 pacing=0.62s eps=0.050 loss=1.8633
[ep 1221] redandblack  static_B_2019.12.16_13.40.04.csv block-000@60s reward=QoE=   54.76 pacing=0.00s eps=0.050 loss=1.9642
[ep 1222] soldier      driving_B_2020.02.14_12.58.17.csv block-002@596s reward=QoE=   29.48 pacing=0.00s eps=0.050 loss=1.7408
[ep 1223] longdress    driving_B_2020.01.16_12.10.03.csv block-000@180s reward=QoE=   87.37 pacing=0.00s eps=0.050 loss=1.8873
[ep 1224] loot         driving_B_2020.02.14_09.38.22.csv block-000@1320s reward=QoE=   23.18 pacing=0.00s eps=0.050 loss=1.8324
[ep 1225] redandblack  driving_B_2020.01.16_07.26.43.csv block-000@360s reward=QoE=   18.72 pacing=0.00s eps=0.050 loss=1.8305
[ep 1226] soldier      driving_B_2020.02.27_17.30.15.csv block-002@293s reward=QoE=  -24.46 pacing=0.00s eps=0.050 loss=1.8368
[ep 1227] longdress    driving_B_2020.02.13_13.03.24.csv block-000@660s reward=QoE=   26.64 pacing=0.00s eps=0.050 loss=1.8597
[ep 1228] loot         driving_B_2019.12.17_07.32.39.csv block-004@2237s reward=QoE=   14.82 pacing=0.00s eps=0.050 loss=1.7360
[ep 1229] redandblack  driving_B_2020.02.14_09.38.22.csv block-000@1080s reward=QoE=   80.11 pacing=0.96s eps=0.050 loss=1.8374
[ep 1230] soldier      driving_B_2020.01.16_07.26.43.csv block-000@1080s reward=QoE=   34.33 pacing=0.00s eps=0.050 loss=1.7949
[ep 1231] longdress    driving_B_2020.02.14_09.38.22.csv block-000@180s reward=QoE=  -17.51 pacing=0.00s eps=0.050 loss=1.8617
[ep 1232] loot         driving_B_2020.01.16_07.26.43.csv block-000@240s reward=QoE=   37.31 pacing=0.00s eps=0.050 loss=1.9135
[ep 1233] redandblack  driving_B_2020.02.13_13.03.24.csv block-001@1814s reward=QoE=   28.04 pacing=0.00s eps=0.050 loss=1.9854
[ep 1234] soldier      static_B_2019.12.16_13.40.04.csv block-000@120s reward=QoE=   87.17 pacing=0.00s eps=0.050 loss=1.8475
[ep 1235] longdress    static_B_2020.02.14_13.21.26.csv block-000@960s reward=QoE=   57.71 pacing=0.00s eps=0.050 loss=1.7686
[ep 1236] loot         driving_B_2020.02.14_12.58.17.csv block-000@0s reward=QoE=   33.48 pacing=0.00s eps=0.050 loss=1.8205
[ep 1237] redandblack  static_B_2019.12.16_13.40.04.csv block-001@1075s reward=QoE=   63.13 pacing=0.00s eps=0.050 loss=1.5765
[ep 1238] soldier      driving_B_2020.01.16_09.56.56.csv block-001@1359s reward=QoE=   26.59 pacing=0.00s eps=0.050 loss=1.8911
[ep 1239] longdress    driving_B_2019.12.16_12.27.05.csv block-000@720s reward=QoE=   26.40 pacing=0.00s eps=0.050 loss=1.7463
[ep 1240] loot         driving_B_2020.02.13_15.02.01.csv block-000@1320s reward=QoE=   50.23 pacing=0.00s eps=0.050 loss=1.8717
[ep 1241] redandblack  driving_B_2019.12.17_07.32.39.csv block-000@180s reward=QoE=   44.80 pacing=0.00s eps=0.050 loss=1.8313
[ep 1242] soldier      driving_B_2020.02.13_15.02.01.csv block-000@2040s reward=QoE=   68.97 pacing=0.00s eps=0.050 loss=1.7270
[ep 1243] longdress    static_B_2020.02.14_13.21.26.csv block-000@360s reward=QoE=   69.68 pacing=0.00s eps=0.050 loss=1.7706
[ep 1244] loot         driving_B_2019.12.16_12.27.05.csv block-000@540s reward=QoE=    7.41 pacing=0.00s eps=0.050 loss=1.8110
[ep 1245] redandblack  driving_B_2020.02.27_17.30.15.csv block-002@533s reward=QoE=  -50.37 pacing=0.00s eps=0.050 loss=1.9279
[ep 1246] soldier      driving_B_2020.01.16_07.26.43.csv block-000@120s reward=QoE=   16.92 pacing=0.00s eps=0.050 loss=1.7106
[ep 1247] longdress    driving_B_2020.02.14_12.58.17.csv block-002@716s reward=QoE=   36.10 pacing=0.00s eps=0.050 loss=1.7889
[ep 1248] loot         driving_B_2020.01.16_07.26.43.csv block-000@420s reward=QoE=   33.43 pacing=0.00s eps=0.050 loss=1.5765
    [eval @ final] reward=QoE=50.17 mean_q=0.603 stall=0.4s
==========================================================================================
✅ Training done. untrained qoe_quality=-8.32 -> final 50.17 (best=50.25)
📦 Saved: C:\Users\Nima\PointCloudStreaming\logs\train_runs\20260720_005851_wide\sweep\screen\trial_011_s42\abr_dqn.pkl  (+ C:\Users\Nima\PointCloudStreaming\logs\train_runs\20260720_005851_wide\sweep\screen\trial_011_s42\abr_dqn_best.pkl)
🧾 History: C:\Users\Nima\PointCloudStreaming\logs\train_runs\20260720_005851_wide\sweep\screen\trial_011_s42\abr_dqn_train_history.json
🧾 Summary: C:\Users\Nima\PointCloudStreaming\logs\train_runs\20260720_005851_wide\sweep\screen\trial_011_s42\train_summary.json
