# C:\Users\Nima\AppData\Local\Programs\Python\Python313\python.exe -u C:\Users\Nima\PointCloudStreaming\scripts\train_dqn.py --out C:\Users\Nima\PointCloudStreaming\logs\train_runs\20260720_005851_wide\sweep\confirm\trial_011_s42\abr_dqn.pkl --run-dir C:\Users\Nima\PointCloudStreaming\logs\train_runs\20260720_005851_wide\sweep\confirm\trial_011_s42 --batch-size 64 --coverage-stride 60 --early-stop-patience 3 --epochs 8 --eps-decay-frac 0.5 --eval-every 400 --eval-offsets 3 --eval-seeds 42,43,44 --eval-sequences longdress,loot,redandblack,soldier --gamma 1.0 --hidden 256 --lam 1.0 --lr 0.0003 --mu 4.3 --protocol configs/experiment_protocol.json --reward-spec {"rebuffer_weight": 2.0, "startup_weight": 1.0} --seed 42 --segment-frames 10 --select-by qoe_quality --target-update 6000 --torch-threads 2 --trace-registry configs/trace_window_registry.json --lstm C:\Users\Nima\PointCloudStreaming\models/bandwidth_lstm_request_pacing_s10.pkl
==========================================================================================
🤖 DQN ABR training
   sequences: ['longdress', 'loot', 'redandblack', 'soldier'] | validation sequences: ['longdress', 'loot', 'redandblack', 'soldier']
   protocol: 4071599372abeb61 | train files: 13 | validation files: 4 | registered test files: 4 (NOT evaluated) | frames/episode: 300
   registry: 8297ac83fa031471 | grid: 60s | 32 episodes/parent -> 416 episodes/epoch x 8 epochs = 3328 episodes (~99840 env steps)
   segment: 10 frames/request (30 decisions/episode) | validation offsets/trace: 3 | validation seeds: [42, 43, 44]
   state_dim: 23 | actions: 6 | feature_spec: ['lstm_pred', 'buffer', 'last_rep_onehot', 'tput_last', 'tput_mean', 'tput_std', 'rep_bitrates', 'rep_densities']
   PyTorch CPU threads/trial: 2
   LSTM: models\bandwidth_lstm_request_pacing_s10.pkl
   reward = QoE: (100/N)*sum(q[fixed_log_bitrate]) - 4.3*stall_duration - 2.0*rebuffer_events - 1.0*sum|delta_segment_q| - 1.0*startup_delay  (gamma=1.0, lr=0.0003, no learner-side scaling)
   select-by: qoe_quality | out: C:\Users\Nima\PointCloudStreaming\logs\train_runs\20260720_005851_wide\sweep\confirm\trial_011_s42\abr_dqn.pkl | run-dir: C:\Users\Nima\PointCloudStreaming\logs\train_runs\20260720_005851_wide\sweep\confirm\trial_011_s42
==========================================================================================
[validation @ ep 0] untrained: reward=QoE=-8.32
[ep    1] longdress    driving_B_2020.01.16_07.26.43.csv block-000@1200s reward=QoE=  -26.44 pacing=0.00s eps=0.999 loss=0.0000
[ep    2] loot         driving_B_2019.12.16_12.27.05.csv block-000@780s reward=QoE=   16.95 pacing=0.00s eps=0.999 loss=0.0000
[ep    3] redandblack  driving_B_2020.02.14_09.38.22.csv block-000@600s reward=QoE=   37.98 pacing=0.00s eps=0.998 loss=1.1489
[ep    4] soldier      driving_B_2020.02.14_12.58.17.csv block-002@716s reward=QoE=  -64.68 pacing=0.00s eps=0.998 loss=1.0224
[ep    5] longdress    driving_B_2020.02.27_17.30.15.csv block-002@473s reward=QoE= -577.30 pacing=0.00s eps=0.997 loss=3.5910
[ep    6] loot         driving_B_2020.01.16_07.26.43.csv block-000@1680s reward=QoE=  -52.25 pacing=0.00s eps=0.997 loss=4.6157
[ep    7] redandblack  driving_B_2020.02.14_09.38.22.csv block-000@1380s reward=QoE=   10.75 pacing=0.00s eps=0.996 loss=4.0058
[ep    8] soldier      driving_B_2020.02.14_09.38.22.csv block-000@1140s reward=QoE= -101.10 pacing=0.00s eps=0.995 loss=4.0453
[ep    9] longdress    driving_B_2019.12.17_07.32.39.csv block-003@1654s reward=QoE=  -63.71 pacing=0.00s eps=0.995 loss=3.8866
[ep   10] loot         driving_B_2020.02.14_09.38.22.csv block-000@1200s reward=QoE=  -68.09 pacing=0.00s eps=0.994 loss=2.8539
[ep   11] redandblack  driving_B_2020.02.13_15.02.01.csv block-000@1800s reward=QoE= -211.29 pacing=0.00s eps=0.994 loss=3.2360
[ep   12] soldier      driving_B_2020.02.13_15.02.01.csv block-000@540s reward=QoE= -138.81 pacing=0.00s eps=0.993 loss=3.4733
[ep   13] longdress    driving_B_2020.02.14_09.38.22.csv block-000@780s reward=QoE=   34.05 pacing=1.24s eps=0.993 loss=3.6736
[ep   14] loot         static_B_2020.02.14_13.21.26.csv block-000@180s reward=QoE=   45.97 pacing=1.09s eps=0.992 loss=2.8315
[ep   15] redandblack  driving_B_2019.12.17_07.32.39.csv block-000@1200s reward=QoE=   55.03 pacing=1.80s eps=0.991 loss=3.1671
[ep   16] soldier      driving_B_2020.01.16_09.56.56.csv block-000@360s reward=QoE=   -2.48 pacing=0.00s eps=0.991 loss=2.8825
[ep   17] longdress    static_B_2019.12.16_13.40.04.csv block-005@1466s reward=QoE=   42.81 pacing=0.00s eps=0.990 loss=2.6869
[ep   18] loot         driving_B_2020.01.16_07.26.43.csv block-000@1740s reward=QoE= -179.90 pacing=0.00s eps=0.990 loss=2.8602
[ep   19] redandblack  driving_B_2020.01.16_09.56.56.csv block-001@1599s reward=QoE=   44.07 pacing=1.78s eps=0.989 loss=2.7511
[ep   20] soldier      static_B_2020.02.14_13.21.26.csv block-000@720s reward=QoE=   43.36 pacing=0.00s eps=0.989 loss=2.5761
[ep   21] longdress    driving_B_2020.01.16_12.10.03.csv block-000@240s reward=QoE=   48.83 pacing=1.68s eps=0.988 loss=2.3356
[ep   22] loot         driving_B_2020.02.27_17.30.15.csv block-002@413s reward=QoE= -205.09 pacing=0.00s eps=0.987 loss=2.2064
[ep   23] redandblack  driving_B_2020.01.16_07.26.43.csv block-000@1560s reward=QoE=  -87.71 pacing=0.00s eps=0.987 loss=2.6095
[ep   24] soldier      driving_B_2020.02.27_17.30.15.csv block-002@533s reward=QoE= -315.43 pacing=0.00s eps=0.986 loss=2.3873
[ep   25] longdress    static_B_2020.02.27_18.39.27.csv block-001@3732s reward=QoE=   41.35 pacing=0.65s eps=0.986 loss=3.0255
[ep   26] loot         driving_B_2020.01.16_09.56.56.csv block-000@180s reward=QoE=   46.80 pacing=0.00s eps=0.985 loss=2.3270
[ep   27] redandblack  static_B_2020.02.14_13.21.26.csv block-000@480s reward=QoE=   53.05 pacing=1.90s eps=0.985 loss=2.3003
[ep   28] soldier      driving_B_2019.12.17_07.32.39.csv block-000@1380s reward=QoE=   11.05 pacing=0.00s eps=0.984 loss=2.1466
[ep   29] longdress    driving_B_2020.02.13_13.03.24.csv block-001@1994s reward=QoE=   38.24 pacing=0.00s eps=0.983 loss=2.3366
[ep   30] loot         static_B_2019.12.16_13.40.04.csv block-005@1586s reward=QoE=  -59.16 pacing=0.00s eps=0.983 loss=2.3176
[ep   31] redandblack  static_B_2020.02.27_18.39.27.csv block-001@5832s reward=QoE=   51.14 pacing=2.08s eps=0.982 loss=2.0177
[ep   32] soldier      driving_B_2020.01.16_09.56.56.csv block-000@300s reward=QoE=   41.61 pacing=1.34s eps=0.982 loss=2.4103
[ep   33] longdress    static_B_2020.02.14_13.21.26.csv block-000@1080s reward=QoE=   48.54 pacing=1.54s eps=0.981 loss=2.2287
[ep   34] loot         driving_B_2020.02.14_12.58.17.csv block-000@0s reward=QoE=  -18.77 pacing=0.00s eps=0.981 loss=2.1921
[ep   35] redandblack  driving_B_2020.02.27_17.30.15.csv block-002@353s reward=QoE= -144.60 pacing=0.00s eps=0.980 loss=2.0281
[ep   36] soldier      static_B_2020.02.14_13.21.26.csv block-000@240s reward=QoE=   58.19 pacing=1.44s eps=0.979 loss=1.7827
[ep   37] longdress    driving_B_2020.02.27_17.30.15.csv block-002@293s reward=QoE= -304.11 pacing=0.00s eps=0.979 loss=2.0799
[ep   38] loot         static_B_2019.12.16_13.40.04.csv block-005@1706s reward=QoE=   45.07 pacing=0.46s eps=0.978 loss=1.9391
[ep   39] redandblack  driving_B_2020.02.13_13.03.24.csv block-007@2290s reward=QoE= -250.47 pacing=0.00s eps=0.978 loss=2.3986
[ep   40] soldier      static_B_2020.02.27_18.39.27.csv block-001@5352s reward=QoE=   -9.74 pacing=0.00s eps=0.977 loss=2.0124
[ep   41] longdress    static_B_2019.12.16_13.40.04.csv block-001@955s reward=QoE=   36.09 pacing=0.00s eps=0.977 loss=2.0289
[ep   42] loot         driving_B_2020.02.14_12.58.17.csv block-002@596s reward=QoE=  -45.84 pacing=0.00s eps=0.976 loss=2.0290
[ep   43] redandblack  driving_B_2020.02.14_12.58.17.csv block-002@596s reward=QoE=  -71.58 pacing=0.00s eps=0.975 loss=1.9867
[ep   44] soldier      driving_B_2020.02.14_12.58.17.csv block-000@0s reward=QoE=  -58.56 pacing=0.00s eps=0.975 loss=1.8820
[ep   45] longdress    driving_B_2020.02.13_15.02.01.csv block-000@1200s reward=QoE=   -7.19 pacing=0.00s eps=0.974 loss=2.2852
[ep   46] loot         driving_B_2020.02.14_12.58.17.csv block-002@716s reward=QoE=  -10.40 pacing=0.00s eps=0.974 loss=1.8554
[ep   47] redandblack  driving_B_2020.01.16_12.10.03.csv block-000@300s reward=QoE=   21.31 pacing=0.00s eps=0.973 loss=1.8021
[ep   48] soldier      driving_B_2020.02.14_09.38.22.csv block-000@480s reward=QoE=  -21.70 pacing=0.00s eps=0.973 loss=2.0445
[ep   49] longdress    driving_B_2019.12.17_07.32.39.csv block-000@960s reward=QoE= -168.07 pacing=0.00s eps=0.972 loss=1.7886
[ep   50] loot         driving_B_2020.02.13_15.02.01.csv block-000@2760s reward=QoE=  -73.02 pacing=0.00s eps=0.971 loss=2.0370
[ep   51] redandblack  static_B_2020.02.27_18.39.27.csv block-001@3972s reward=QoE=   37.71 pacing=0.00s eps=0.971 loss=1.8933
[ep   52] soldier      static_B_2020.02.14_13.21.26.csv block-000@420s reward=QoE=   62.76 pacing=0.60s eps=0.970 loss=1.7474
[ep   53] longdress    driving_B_2020.02.13_15.02.01.csv block-000@480s reward=QoE=   39.28 pacing=0.93s eps=0.970 loss=1.7588
[ep   54] loot         static_B_2020.02.27_18.39.27.csv block-001@2652s reward=QoE=  -51.24 pacing=0.00s eps=0.969 loss=1.7290
[ep   55] redandblack  driving_B_2020.02.14_12.58.17.csv block-002@536s reward=QoE= -204.21 pacing=0.00s eps=0.969 loss=1.9522
[ep   56] soldier      static_B_2019.12.16_13.40.04.csv block-005@1646s reward=QoE=   51.10 pacing=0.00s eps=0.968 loss=1.7477
[ep   57] longdress    driving_B_2019.12.17_07.32.39.csv block-000@900s reward=QoE=  -88.86 pacing=0.00s eps=0.967 loss=1.5223
[ep   58] loot         driving_B_2019.12.16_12.27.05.csv block-000@900s reward=QoE=   32.65 pacing=2.39s eps=0.967 loss=1.7894
[ep   59] redandblack  static_B_2019.12.16_13.40.04.csv block-005@1886s reward=QoE=   49.38 pacing=0.00s eps=0.966 loss=1.9120
[ep   60] soldier      static_B_2020.02.27_18.39.27.csv block-001@492s reward=QoE=   40.85 pacing=0.00s eps=0.966 loss=1.5253
[ep   61] longdress    driving_B_2020.02.14_12.58.17.csv block-002@716s reward=QoE=   -9.59 pacing=0.00s eps=0.965 loss=1.6937
[ep   62] loot         driving_B_2020.02.13_13.03.24.csv block-000@480s reward=QoE=  -45.91 pacing=0.00s eps=0.965 loss=1.6412
[ep   63] redandblack  driving_B_2019.12.16_12.27.05.csv block-000@660s reward=QoE= -250.66 pacing=0.00s eps=0.964 loss=1.7178
[ep   64] soldier      driving_B_2020.01.16_09.56.56.csv block-001@1179s reward=QoE=  -81.07 pacing=0.00s eps=0.963 loss=1.8835
[ep   65] longdress    driving_B_2020.02.27_17.30.15.csv block-002@413s reward=QoE= -643.44 pacing=0.00s eps=0.963 loss=1.9952
[ep   66] loot         driving_B_2020.02.13_15.02.01.csv block-000@1920s reward=QoE=   39.59 pacing=0.00s eps=0.962 loss=2.0532
[ep   67] redandblack  driving_B_2020.02.14_09.38.22.csv block-000@1440s reward=QoE=   49.56 pacing=2.45s eps=0.962 loss=1.7958
[ep   68] soldier      driving_B_2020.02.14_09.38.22.csv block-000@120s reward=QoE= -274.75 pacing=0.00s eps=0.961 loss=1.8479
[ep   69] longdress    driving_B_2020.02.27_17.30.15.csv block-002@293s reward=QoE= -354.44 pacing=0.00s eps=0.961 loss=1.8957
[ep   70] loot         static_B_2020.02.27_18.39.27.csv block-001@6072s reward=QoE=   51.48 pacing=1.94s eps=0.960 loss=2.0240
[ep   71] redandblack  driving_B_2019.12.17_07.32.39.csv block-000@420s reward=QoE=   15.84 pacing=0.00s eps=0.959 loss=2.1592
[ep   72] soldier      driving_B_2020.02.14_12.58.17.csv block-002@656s reward=QoE=  -38.74 pacing=0.00s eps=0.959 loss=1.7701
[ep   73] longdress    driving_B_2020.01.16_09.56.56.csv block-001@1539s reward=QoE=   29.68 pacing=1.06s eps=0.958 loss=1.9635
[ep   74] loot         static_B_2020.02.14_13.21.26.csv block-000@1020s reward=QoE=   48.74 pacing=2.54s eps=0.958 loss=1.6460
[ep   75] redandblack  driving_B_2020.02.14_12.58.17.csv block-002@716s reward=QoE=  -56.77 pacing=0.00s eps=0.957 loss=2.0774
[ep   76] soldier      driving_B_2020.01.16_09.56.56.csv block-001@519s reward=QoE=   34.34 pacing=0.00s eps=0.957 loss=2.1382
[ep   77] longdress    driving_B_2020.01.16_09.56.56.csv block-001@1239s reward=QoE=   15.68 pacing=0.00s eps=0.956 loss=2.0520
[ep   78] loot         driving_B_2020.01.16_09.56.56.csv block-001@1719s reward=QoE=   50.25 pacing=0.01s eps=0.955 loss=1.7366
[ep   79] redandblack  driving_B_2020.01.16_07.26.43.csv block-000@780s reward=QoE=  -34.04 pacing=0.00s eps=0.955 loss=1.7443
[ep   80] soldier      driving_B_2020.02.14_12.58.17.csv block-002@656s reward=QoE=  -91.95 pacing=0.00s eps=0.954 loss=1.8013
[ep   81] longdress    static_B_2020.02.14_13.21.26.csv block-000@660s reward=QoE=   44.93 pacing=1.71s eps=0.954 loss=1.6631
[ep   82] loot         static_B_2019.12.16_13.40.04.csv block-000@60s reward=QoE=   23.70 pacing=0.00s eps=0.953 loss=1.8457
[ep   83] redandblack  driving_B_2020.02.14_09.38.22.csv block-000@360s reward=QoE= -138.50 pacing=0.00s eps=0.953 loss=1.7451
[ep   84] soldier      driving_B_2020.01.16_09.56.56.csv block-001@1059s reward=QoE=  -67.73 pacing=0.00s eps=0.952 loss=1.6979
[ep   85] longdress    driving_B_2020.02.14_12.58.17.csv block-000@0s reward=QoE=  -56.29 pacing=0.00s eps=0.951 loss=1.7920
[ep   86] loot         static_B_2020.02.27_18.39.27.csv block-001@1152s reward=QoE=   41.48 pacing=0.38s eps=0.951 loss=1.7881
[ep   87] redandblack  driving_B_2020.02.27_17.30.15.csv block-002@353s reward=QoE= -193.23 pacing=0.00s eps=0.950 loss=1.7134
[ep   88] soldier      static_B_2020.02.14_13.21.26.csv block-000@540s reward=QoE=   50.28 pacing=1.64s eps=0.950 loss=1.8425
[ep   89] longdress    driving_B_2020.02.27_17.30.15.csv block-002@413s reward=QoE= -579.27 pacing=0.00s eps=0.949 loss=1.7459
[ep   90] loot         driving_B_2020.02.13_13.03.24.csv block-001@914s reward=QoE= -199.51 pacing=0.00s eps=0.949 loss=2.0612
[ep   91] redandblack  static_B_2020.02.14_13.21.26.csv block-000@840s reward=QoE=   41.68 pacing=2.24s eps=0.948 loss=2.1062
[ep   92] soldier      driving_B_2019.12.16_12.27.05.csv block-000@780s reward=QoE=  -24.79 pacing=0.00s eps=0.947 loss=1.8256
[ep   93] longdress    driving_B_2020.02.27_17.30.15.csv block-002@293s reward=QoE= -333.76 pacing=0.00s eps=0.947 loss=2.3312
[ep   94] loot         driving_B_2020.02.27_17.30.15.csv block-002@473s reward=QoE= -372.74 pacing=0.00s eps=0.946 loss=2.1913
[ep   95] redandblack  driving_B_2020.01.16_07.26.43.csv block-000@1260s reward=QoE=   -9.26 pacing=0.00s eps=0.946 loss=1.8982
[ep   96] soldier      static_B_2020.02.27_18.39.27.csv block-001@5472s reward=QoE=   59.20 pacing=1.69s eps=0.945 loss=2.0001
[ep   97] longdress    driving_B_2020.02.14_09.38.22.csv block-000@1080s reward=QoE=  -74.82 pacing=0.05s eps=0.945 loss=1.8939
[ep   98] loot         driving_B_2020.01.16_09.56.56.csv block-001@939s reward=QoE=  -24.04 pacing=0.00s eps=0.944 loss=2.2244
[ep   99] redandblack  driving_B_2020.01.16_12.10.03.csv block-000@0s reward=QoE=   31.74 pacing=2.53s eps=0.943 loss=2.0356
[ep  100] soldier      static_B_2020.02.27_18.39.27.csv block-001@2592s reward=QoE=   33.38 pacing=0.00s eps=0.943 loss=2.2662
[ep  101] longdress    driving_B_2020.02.13_15.02.01.csv block-000@2940s reward=QoE= -163.03 pacing=0.00s eps=0.942 loss=1.8007
[ep  102] loot         driving_B_2020.02.27_17.30.15.csv block-002@473s reward=QoE= -465.45 pacing=0.00s eps=0.942 loss=2.3259
[ep  103] redandblack  driving_B_2020.01.16_07.26.43.csv block-000@300s reward=QoE=   -2.54 pacing=0.00s eps=0.941 loss=2.3409
[ep  104] soldier      driving_B_2020.02.13_15.02.01.csv block-000@1620s reward=QoE= -182.30 pacing=0.00s eps=0.941 loss=1.8702
[ep  105] longdress    driving_B_2020.02.13_15.02.01.csv block-000@120s reward=QoE=   38.13 pacing=2.34s eps=0.940 loss=2.0698
[ep  106] loot         driving_B_2019.12.17_07.32.39.csv block-000@1140s reward=QoE=    8.11 pacing=0.00s eps=0.940 loss=2.1213
[ep  107] redandblack  static_B_2019.12.16_13.40.04.csv block-000@120s reward=QoE=   43.13 pacing=1.72s eps=0.939 loss=1.9930
[ep  108] soldier      static_B_2019.12.16_13.40.04.csv block-001@895s reward=QoE=   25.82 pacing=0.00s eps=0.938 loss=2.1557
[ep  109] longdress    driving_B_2020.02.14_12.58.17.csv block-002@596s reward=QoE= -141.49 pacing=0.00s eps=0.938 loss=2.1952
[ep  110] loot         driving_B_2020.02.14_09.38.22.csv block-000@1200s reward=QoE=  -58.74 pacing=0.00s eps=0.937 loss=2.0397
[ep  111] redandblack  driving_B_2020.02.14_12.58.17.csv block-002@536s reward=QoE= -214.41 pacing=0.00s eps=0.937 loss=2.0182
[ep  112] soldier      driving_B_2019.12.17_07.32.39.csv block-000@120s reward=QoE=  -41.37 pacing=0.00s eps=0.936 loss=2.1902
[ep  113] longdress    driving_B_2020.01.16_12.10.03.csv block-000@60s reward=QoE=   21.45 pacing=0.00s eps=0.936 loss=2.0125
[ep  114] loot         driving_B_2020.02.14_12.58.17.csv block-002@656s reward=QoE=   -2.48 pacing=0.00s eps=0.935 loss=2.2570
[ep  115] redandblack  driving_B_2020.01.16_09.56.56.csv block-001@1359s reward=QoE=    0.23 pacing=0.00s eps=0.934 loss=1.6908
[ep  116] soldier      static_B_2019.12.16_13.40.04.csv block-000@0s reward=QoE=   32.68 pacing=0.49s eps=0.934 loss=1.9414
[ep  117] longdress    static_B_2019.12.16_13.40.04.csv block-001@1015s reward=QoE=  -44.67 pacing=0.00s eps=0.933 loss=2.2016
[ep  118] loot         driving_B_2020.01.16_12.10.03.csv block-000@240s reward=QoE=   58.02 pacing=2.24s eps=0.933 loss=2.1545
[ep  119] redandblack  static_B_2020.02.14_13.21.26.csv block-000@360s reward=QoE=   55.77 pacing=0.00s eps=0.932 loss=2.1136
[ep  120] soldier      static_B_2020.02.27_18.39.27.csv block-001@6432s reward=QoE=   46.49 pacing=0.00s eps=0.932 loss=1.9061
[ep  121] longdress    driving_B_2019.12.17_07.32.39.csv block-003@1534s reward=QoE=   -1.67 pacing=0.00s eps=0.931 loss=1.9485
[ep  122] loot         driving_B_2020.01.16_09.56.56.csv block-001@1299s reward=QoE=   55.00 pacing=0.00s eps=0.930 loss=2.0710
[ep  123] redandblack  driving_B_2020.02.14_12.58.17.csv block-002@716s reward=QoE=   -2.48 pacing=0.00s eps=0.930 loss=1.9977
[ep  124] soldier      driving_B_2019.12.17_07.32.39.csv block-000@660s reward=QoE=  -26.21 pacing=0.00s eps=0.929 loss=1.7403
[ep  125] longdress    driving_B_2020.02.13_15.02.01.csv block-000@780s reward=QoE= -103.47 pacing=0.00s eps=0.929 loss=1.8951
[ep  126] loot         driving_B_2020.02.14_12.58.17.csv block-000@0s reward=QoE=  -22.98 pacing=0.00s eps=0.928 loss=2.0029
[ep  127] redandblack  static_B_2020.02.14_13.21.26.csv block-000@840s reward=QoE=   51.66 pacing=2.02s eps=0.928 loss=1.7705
[ep  128] soldier      driving_B_2020.02.13_13.03.24.csv block-000@0s reward=QoE=  -71.04 pacing=0.00s eps=0.927 loss=1.9322
[ep  129] longdress    static_B_2020.02.27_18.39.27.csv block-001@5292s reward=QoE= -370.30 pacing=0.00s eps=0.926 loss=2.0922
[ep  130] loot         driving_B_2020.01.16_07.26.43.csv block-000@360s reward=QoE= -141.19 pacing=0.00s eps=0.926 loss=2.2273
[ep  131] redandblack  driving_B_2019.12.17_07.32.39.csv block-000@480s reward=QoE=   45.10 pacing=0.46s eps=0.925 loss=1.9027
[ep  132] soldier      driving_B_2020.01.16_12.10.03.csv block-000@240s reward=QoE=   40.47 pacing=1.40s eps=0.925 loss=2.1406
[ep  133] longdress    driving_B_2020.02.27_17.30.15.csv block-002@533s reward=QoE= -391.64 pacing=0.00s eps=0.924 loss=2.1019
[ep  134] loot         static_B_2020.02.14_13.21.26.csv block-000@1080s reward=QoE=   46.26 pacing=1.48s eps=0.924 loss=1.8555
[ep  135] redandblack  driving_B_2020.01.16_09.56.56.csv block-001@1719s reward=QoE=   47.06 pacing=0.00s eps=0.923 loss=1.9372
[ep  136] soldier      static_B_2020.02.14_13.21.26.csv block-000@780s reward=QoE=   32.33 pacing=1.15s eps=0.922 loss=1.7938
[ep  137] longdress    static_B_2019.12.16_13.40.04.csv block-006@2232s reward=QoE=   39.97 pacing=0.68s eps=0.922 loss=1.8832
[ep  138] loot         driving_B_2019.12.16_12.27.05.csv block-000@480s reward=QoE=  -52.17 pacing=0.00s eps=0.921 loss=2.0940
[ep  139] redandblack  static_B_2020.02.27_18.39.27.csv block-001@432s reward=QoE=   46.47 pacing=0.72s eps=0.921 loss=1.8113
[ep  140] soldier      driving_B_2020.01.16_12.10.03.csv block-000@180s reward=QoE=   55.60 pacing=1.58s eps=0.920 loss=1.5427
[ep  141] longdress    driving_B_2020.01.16_12.10.03.csv block-000@180s reward=QoE=   35.42 pacing=0.00s eps=0.920 loss=1.9128
[ep  142] loot         driving_B_2019.12.17_07.32.39.csv block-003@1894s reward=QoE=  -77.37 pacing=0.00s eps=0.919 loss=2.2572
[ep  143] redandblack  driving_B_2020.02.14_09.38.22.csv block-000@240s reward=QoE= -175.89 pacing=0.00s eps=0.918 loss=2.0503
[ep  144] soldier      driving_B_2020.02.13_15.02.01.csv block-000@2580s reward=QoE= -657.62 pacing=0.00s eps=0.918 loss=1.8155
[ep  145] longdress    static_B_2020.02.14_13.21.26.csv block-000@180s reward=QoE=   44.43 pacing=1.60s eps=0.917 loss=1.9529
[ep  146] loot         driving_B_2020.02.14_12.58.17.csv block-002@656s reward=QoE=   10.78 pacing=0.00s eps=0.917 loss=1.9444
[ep  147] redandblack  driving_B_2020.02.13_15.02.01.csv block-000@2280s reward=QoE=   13.35 pacing=0.00s eps=0.916 loss=2.1440
[ep  148] soldier      driving_B_2019.12.17_07.32.39.csv block-003@1834s reward=QoE=  -70.98 pacing=0.00s eps=0.916 loss=1.9391
[ep  149] longdress    static_B_2020.02.27_18.39.27.csv block-001@4512s reward=QoE=   55.28 pacing=1.55s eps=0.915 loss=1.8042
[ep  150] loot         driving_B_2020.01.16_07.26.43.csv block-000@960s reward=QoE=  -55.38 pacing=0.00s eps=0.914 loss=1.7729
[ep  151] redandblack  driving_B_2019.12.16_12.27.05.csv block-000@1020s reward=QoE=   57.20 pacing=0.12s eps=0.914 loss=1.7545
[ep  152] soldier      driving_B_2020.02.14_09.38.22.csv block-000@1320s reward=QoE= -151.25 pacing=0.00s eps=0.913 loss=1.8158
[ep  153] longdress    static_B_2019.12.16_13.40.04.csv block-000@300s reward=QoE=    3.18 pacing=0.00s eps=0.913 loss=2.2699
[ep  154] loot         driving_B_2019.12.17_07.32.39.csv block-000@600s reward=QoE=  -47.95 pacing=0.00s eps=0.912 loss=2.4350
[ep  155] redandblack  driving_B_2020.01.16_12.10.03.csv block-000@300s reward=QoE=   29.56 pacing=0.00s eps=0.912 loss=1.8773
[ep  156] soldier      driving_B_2019.12.16_12.27.05.csv block-000@60s reward=QoE=  -74.86 pacing=0.00s eps=0.911 loss=1.9569
[ep  157] longdress    static_B_2020.02.14_13.21.26.csv block-000@60s reward=QoE=   47.45 pacing=1.53s eps=0.910 loss=2.0139
[ep  158] loot         driving_B_2020.02.13_15.02.01.csv block-000@3000s reward=QoE=  -85.89 pacing=0.00s eps=0.910 loss=2.0685
[ep  159] redandblack  static_B_2020.02.14_13.21.26.csv block-000@60s reward=QoE=   48.12 pacing=2.15s eps=0.909 loss=2.0307
[ep  160] soldier      driving_B_2019.12.16_12.27.05.csv block-000@840s reward=QoE=  -12.49 pacing=0.00s eps=0.909 loss=2.0485
[ep  161] longdress    driving_B_2020.01.16_07.26.43.csv block-000@1020s reward=QoE= -180.84 pacing=0.00s eps=0.908 loss=1.7539
[ep  162] loot         driving_B_2020.02.13_13.03.24.csv block-000@420s reward=QoE=  -56.96 pacing=0.00s eps=0.908 loss=1.9728
[ep  163] redandblack  driving_B_2020.01.16_07.26.43.csv block-000@1080s reward=QoE=   13.47 pacing=0.00s eps=0.907 loss=1.8433
[ep  164] soldier      static_B_2019.12.16_13.40.04.csv block-001@835s reward=QoE=   51.67 pacing=0.95s eps=0.906 loss=1.8598
[ep  165] longdress    driving_B_2020.02.27_17.30.15.csv block-002@413s reward=QoE= -578.44 pacing=0.00s eps=0.906 loss=1.7296
[ep  166] loot         static_B_2020.02.27_18.39.27.csv block-001@4212s reward=QoE=   27.70 pacing=2.53s eps=0.905 loss=1.7421
[ep  167] redandblack  driving_B_2020.02.13_13.03.24.csv block-001@1214s reward=QoE= -115.63 pacing=0.00s eps=0.905 loss=1.8773
[ep  168] soldier      static_B_2020.02.14_13.21.26.csv block-000@600s reward=QoE=   62.82 pacing=1.12s eps=0.904 loss=1.8586
[ep  169] longdress    driving_B_2020.02.27_17.30.15.csv block-002@293s reward=QoE= -489.55 pacing=0.00s eps=0.904 loss=2.0460
[ep  170] loot         driving_B_2020.01.16_07.26.43.csv block-000@1140s reward=QoE=   19.26 pacing=0.00s eps=0.903 loss=2.1111
[ep  171] redandblack  driving_B_2020.02.13_13.03.24.csv block-001@1334s reward=QoE=  -59.24 pacing=0.00s eps=0.902 loss=1.8450
[ep  172] soldier      driving_B_2020.02.13_13.03.24.csv block-001@1634s reward=QoE= -137.10 pacing=0.00s eps=0.902 loss=2.0854
[ep  173] longdress    driving_B_2019.12.16_12.27.05.csv block-000@600s reward=QoE= -305.05 pacing=0.00s eps=0.901 loss=2.0821
[ep  174] loot         driving_B_2020.01.16_07.26.43.csv block-000@600s reward=QoE=  -28.92 pacing=0.00s eps=0.901 loss=2.3196
[ep  175] redandblack  driving_B_2020.01.16_12.10.03.csv block-000@180s reward=QoE=   42.16 pacing=0.63s eps=0.900 loss=2.0470
[ep  176] soldier      driving_B_2019.12.17_07.32.39.csv block-000@300s reward=QoE=  -11.71 pacing=0.00s eps=0.900 loss=2.3249
[ep  177] longdress    driving_B_2020.02.14_12.58.17.csv block-002@536s reward=QoE= -286.13 pacing=0.00s eps=0.899 loss=1.9620
[ep  178] loot         static_B_2020.02.27_18.39.27.csv block-001@2232s reward=QoE=   25.72 pacing=0.00s eps=0.898 loss=2.0875
[ep  179] redandblack  driving_B_2020.02.14_09.38.22.csv block-000@420s reward=QoE= -139.77 pacing=0.00s eps=0.898 loss=1.8542
[ep  180] soldier      driving_B_2020.01.16_12.10.03.csv block-000@60s reward=QoE=   24.46 pacing=0.00s eps=0.897 loss=1.8248
[ep  181] longdress    driving_B_2020.01.16_09.56.56.csv block-001@879s reward=QoE=   43.51 pacing=0.46s eps=0.897 loss=2.0255
[ep  182] loot         driving_B_2020.01.16_12.10.03.csv block-000@120s reward=QoE=   44.01 pacing=2.13s eps=0.896 loss=1.8899
[ep  183] redandblack  driving_B_2020.02.13_13.03.24.csv block-000@240s reward=QoE=  -41.54 pacing=0.00s eps=0.896 loss=2.1089
[ep  184] soldier      driving_B_2019.12.17_07.32.39.csv block-003@2074s reward=QoE=  -34.60 pacing=0.00s eps=0.895 loss=2.0425
[ep  185] longdress    driving_B_2020.01.16_12.10.03.csv block-000@360s reward=QoE=   42.63 pacing=0.00s eps=0.894 loss=1.8119
[ep  186] loot         driving_B_2020.02.14_09.38.22.csv block-000@120s reward=QoE=  -90.65 pacing=0.00s eps=0.894 loss=1.9678
[ep  187] redandblack  static_B_2019.12.16_13.40.04.csv block-006@2172s reward=QoE=   48.88 pacing=2.42s eps=0.893 loss=1.9485
[ep  188] soldier      driving_B_2019.12.17_07.32.39.csv block-000@1080s reward=QoE=  -37.56 pacing=0.00s eps=0.893 loss=1.7401
[ep  189] longdress    driving_B_2020.01.16_09.56.56.csv block-000@240s reward=QoE=    6.19 pacing=0.00s eps=0.892 loss=2.0313
[ep  190] loot         driving_B_2020.02.14_12.58.17.csv block-002@596s reward=QoE=  -63.43 pacing=0.00s eps=0.892 loss=1.7936
[ep  191] redandblack  driving_B_2020.01.16_12.10.03.csv block-000@300s reward=QoE=   17.38 pacing=0.00s eps=0.891 loss=2.1016
[ep  192] soldier      driving_B_2020.02.27_17.30.15.csv block-002@473s reward=QoE= -491.74 pacing=0.00s eps=0.890 loss=1.7157
[ep  193] longdress    driving_B_2020.02.13_13.03.24.csv block-001@1454s reward=QoE= -215.65 pacing=0.00s eps=0.890 loss=2.2524
[ep  194] loot         driving_B_2019.12.16_12.27.05.csv block-000@1020s reward=QoE=   50.19 pacing=0.13s eps=0.889 loss=1.7855
[ep  195] redandblack  driving_B_2020.01.16_07.26.43.csv block-000@1440s reward=QoE=    3.42 pacing=0.00s eps=0.889 loss=1.9608
[ep  196] soldier      static_B_2020.02.14_13.21.26.csv block-000@480s reward=QoE=   43.67 pacing=1.99s eps=0.888 loss=1.9030
[ep  197] longdress    static_B_2020.02.14_13.21.26.csv block-000@960s reward=QoE=    3.89 pacing=0.00s eps=0.888 loss=1.9530
[ep  198] loot         driving_B_2019.12.16_12.27.05.csv block-000@120s reward=QoE=  -37.17 pacing=0.00s eps=0.887 loss=2.0160
[ep  199] redandblack  driving_B_2020.01.16_09.56.56.csv block-001@699s reward=QoE=   53.40 pacing=2.56s eps=0.886 loss=2.2107
[ep  200] soldier      driving_B_2020.02.27_17.30.15.csv block-002@293s reward=QoE= -349.40 pacing=0.00s eps=0.886 loss=1.8101
[ep  201] longdress    driving_B_2019.12.16_12.27.05.csv block-000@720s reward=QoE=  -38.99 pacing=0.00s eps=0.885 loss=2.1924
[ep  202] loot         driving_B_2020.02.13_13.03.24.csv block-001@974s reward=QoE=  -24.90 pacing=0.00s eps=0.885 loss=1.9341
[ep  203] redandblack  driving_B_2019.12.17_07.32.39.csv block-000@840s reward=QoE=  -93.85 pacing=0.00s eps=0.884 loss=2.2886
[ep  204] soldier      static_B_2019.12.16_13.40.04.csv block-001@1135s reward=QoE=   12.84 pacing=0.00s eps=0.884 loss=2.2909
[ep  205] longdress    driving_B_2019.12.16_12.27.05.csv block-000@1140s reward=QoE=   22.72 pacing=0.00s eps=0.883 loss=2.3484
[ep  206] loot         driving_B_2020.01.16_12.10.03.csv block-000@360s reward=QoE=   32.87 pacing=0.00s eps=0.882 loss=2.0116
[ep  207] redandblack  driving_B_2020.01.16_12.10.03.csv block-000@120s reward=QoE=   55.75 pacing=1.49s eps=0.882 loss=2.0291
[ep  208] soldier      driving_B_2020.02.14_09.38.22.csv block-000@1020s reward=QoE=   43.59 pacing=0.46s eps=0.881 loss=1.8812
[ep  209] longdress    driving_B_2020.01.16_09.56.56.csv block-001@1359s reward=QoE=  -30.29 pacing=0.00s eps=0.881 loss=2.3401
[ep  210] loot         static_B_2020.02.14_13.21.26.csv block-000@120s reward=QoE=   41.41 pacing=2.99s eps=0.880 loss=2.1595
[ep  211] redandblack  driving_B_2020.01.16_12.10.03.csv block-000@60s reward=QoE=   49.25 pacing=0.00s eps=0.880 loss=1.7402
[ep  212] soldier      driving_B_2020.01.16_07.26.43.csv block-000@540s reward=QoE= -105.60 pacing=0.00s eps=0.879 loss=2.0175
[ep  213] longdress    driving_B_2019.12.17_07.32.39.csv block-000@780s reward=QoE=  -75.35 pacing=0.00s eps=0.878 loss=2.0590
[ep  214] loot         static_B_2020.02.27_18.39.27.csv block-001@1752s reward=QoE=   59.30 pacing=0.00s eps=0.878 loss=2.1201
[ep  215] redandblack  driving_B_2020.01.16_07.26.43.csv block-000@180s reward=QoE= -196.18 pacing=0.00s eps=0.877 loss=1.9149
[ep  216] soldier      driving_B_2020.01.16_07.26.43.csv block-000@480s reward=QoE= -147.93 pacing=0.00s eps=0.877 loss=1.9973
[ep  217] longdress    driving_B_2020.01.16_07.26.43.csv block-000@1800s reward=QoE=  -85.79 pacing=0.00s eps=0.876 loss=2.0620
[ep  218] loot         driving_B_2019.12.16_12.27.05.csv block-000@1140s reward=QoE=   45.04 pacing=0.00s eps=0.876 loss=2.0887
[ep  219] redandblack  static_B_2020.02.27_18.39.27.csv block-001@672s reward=QoE=   14.92 pacing=1.79s eps=0.875 loss=2.0685
[ep  220] soldier      driving_B_2020.01.16_12.10.03.csv block-000@0s reward=QoE=   46.19 pacing=1.83s eps=0.874 loss=2.4126
[ep  221] longdress    driving_B_2020.02.13_15.02.01.csv block-000@1500s reward=QoE= -178.13 pacing=0.00s eps=0.874 loss=2.0593
[ep  222] loot         driving_B_2020.01.16_12.10.03.csv block-000@360s reward=QoE=   55.43 pacing=0.26s eps=0.873 loss=1.9166
[ep  223] redandblack  driving_B_2020.02.13_13.03.24.csv block-001@1094s reward=QoE=  -83.03 pacing=0.00s eps=0.873 loss=2.0177
[ep  224] soldier      driving_B_2020.01.16_07.26.43.csv block-000@1860s reward=QoE=  -86.23 pacing=0.00s eps=0.872 loss=1.8732
[ep  225] longdress    static_B_2019.12.16_13.40.04.csv block-005@2006s reward=QoE=   32.50 pacing=0.00s eps=0.872 loss=2.0515
[ep  226] loot         driving_B_2020.01.16_12.10.03.csv block-000@60s reward=QoE=   35.34 pacing=0.00s eps=0.871 loss=2.1986
[ep  227] redandblack  driving_B_2020.02.14_12.58.17.csv block-002@596s reward=QoE=  -25.43 pacing=0.00s eps=0.870 loss=1.8381
[ep  228] soldier      driving_B_2020.01.16_12.10.03.csv block-000@0s reward=QoE=   44.66 pacing=1.95s eps=0.870 loss=2.0131
[ep  229] longdress    driving_B_2020.02.13_13.03.24.csv block-001@1574s reward=QoE=  -74.66 pacing=0.00s eps=0.869 loss=1.8450
[ep  230] loot         driving_B_2020.01.16_09.56.56.csv block-001@999s reward=QoE=  -63.30 pacing=0.00s eps=0.869 loss=1.6606
[ep  231] redandblack  driving_B_2020.02.13_15.02.01.csv block-000@1680s reward=QoE=  -93.39 pacing=0.00s eps=0.868 loss=1.9652
[ep  232] soldier      static_B_2020.02.27_18.39.27.csv block-001@3552s reward=QoE= -145.31 pacing=0.00s eps=0.868 loss=2.2986
[ep  233] longdress    static_B_2020.02.14_13.21.26.csv block-000@360s reward=QoE=   39.56 pacing=1.43s eps=0.867 loss=2.1681
[ep  234] loot         static_B_2019.12.16_13.40.04.csv block-005@1826s reward=QoE=   40.63 pacing=0.43s eps=0.866 loss=2.0910
[ep  235] redandblack  driving_B_2020.02.14_09.38.22.csv block-000@0s reward=QoE= -134.64 pacing=0.00s eps=0.866 loss=2.3105
[ep  236] soldier      driving_B_2020.02.13_15.02.01.csv block-000@2100s reward=QoE=  -24.33 pacing=0.00s eps=0.865 loss=2.0824
[ep  237] longdress    static_B_2020.02.27_18.39.27.csv block-001@5952s reward=QoE=   13.71 pacing=0.00s eps=0.865 loss=2.1950
[ep  238] loot         static_B_2020.02.27_18.39.27.csv block-001@4392s reward=QoE=   19.98 pacing=0.00s eps=0.864 loss=1.9245
[ep  239] redandblack  driving_B_2020.01.16_09.56.56.csv block-001@579s reward=QoE=   45.88 pacing=0.00s eps=0.864 loss=2.0064
[ep  240] soldier      driving_B_2020.02.13_13.03.24.csv block-000@360s reward=QoE= -119.17 pacing=0.00s eps=0.863 loss=2.1673
[ep  241] longdress    static_B_2019.12.16_13.40.04.csv block-001@715s reward=QoE=   23.24 pacing=0.00s eps=0.862 loss=2.1763
[ep  242] loot         static_B_2020.02.27_18.39.27.csv block-001@6312s reward=QoE=   45.45 pacing=0.88s eps=0.862 loss=1.9494
[ep  243] redandblack  driving_B_2020.01.16_12.10.03.csv block-000@120s reward=QoE=   46.56 pacing=1.18s eps=0.861 loss=1.9287
[ep  244] soldier      driving_B_2020.01.16_07.26.43.csv block-000@420s reward=QoE= -152.80 pacing=0.00s eps=0.861 loss=2.0621
[ep  245] longdress    driving_B_2020.02.13_13.03.24.csv block-000@660s reward=QoE=  -88.26 pacing=0.00s eps=0.860 loss=2.1644
[ep  246] loot         driving_B_2020.02.13_13.03.24.csv block-001@1274s reward=QoE=  -98.30 pacing=0.00s eps=0.860 loss=2.1766
[ep  247] redandblack  driving_B_2020.02.14_09.38.22.csv block-000@840s reward=QoE=  -59.29 pacing=0.00s eps=0.859 loss=2.1669
[ep  248] soldier      driving_B_2019.12.16_12.27.05.csv block-000@600s reward=QoE= -302.82 pacing=0.00s eps=0.858 loss=2.1185
[ep  249] longdress    driving_B_2020.01.16_09.56.56.csv block-001@759s reward=QoE=   15.15 pacing=0.00s eps=0.858 loss=1.8591
[ep  250] loot         driving_B_2019.12.16_12.27.05.csv block-000@0s reward=QoE=   16.61 pacing=0.00s eps=0.857 loss=2.4091
[ep  251] redandblack  driving_B_2020.02.14_12.58.17.csv block-002@536s reward=QoE= -200.69 pacing=0.00s eps=0.857 loss=2.1288
[ep  252] soldier      driving_B_2020.02.13_13.03.24.csv block-000@300s reward=QoE=  -48.98 pacing=0.00s eps=0.856 loss=1.9439
[ep  253] longdress    static_B_2020.02.14_13.21.26.csv block-000@540s reward=QoE=   45.11 pacing=0.22s eps=0.856 loss=1.9249
[ep  254] loot         driving_B_2020.02.27_17.30.15.csv block-002@533s reward=QoE= -200.17 pacing=0.00s eps=0.855 loss=1.7705
[ep  255] redandblack  driving_B_2019.12.16_12.27.05.csv block-000@60s reward=QoE=  -39.64 pacing=0.00s eps=0.854 loss=2.2140
[ep  256] soldier      driving_B_2019.12.16_12.27.05.csv block-000@420s reward=QoE= -294.84 pacing=0.00s eps=0.854 loss=1.9141
[ep  257] longdress    driving_B_2020.02.14_09.38.22.csv block-000@900s reward=QoE= -111.48 pacing=0.00s eps=0.853 loss=2.0044
[ep  258] loot         driving_B_2020.01.16_07.26.43.csv block-000@1320s reward=QoE=  -26.42 pacing=0.00s eps=0.853 loss=1.8196
[ep  259] redandblack  driving_B_2020.02.13_15.02.01.csv block-000@1380s reward=QoE=    2.40 pacing=0.00s eps=0.852 loss=2.3281
[ep  260] soldier      driving_B_2020.02.14_09.38.22.csv block-000@300s reward=QoE= -314.89 pacing=0.00s eps=0.852 loss=1.8587
[ep  261] longdress    driving_B_2020.01.16_07.26.43.csv block-000@840s reward=QoE=    0.17 pacing=0.00s eps=0.851 loss=2.3625
[ep  262] loot         driving_B_2020.02.13_13.03.24.csv block-001@1814s reward=QoE=  -39.96 pacing=0.00s eps=0.850 loss=2.0664
[ep  263] redandblack  driving_B_2020.02.13_15.02.01.csv block-000@360s reward=QoE=   55.00 pacing=0.00s eps=0.850 loss=2.0127
[ep  264] soldier      driving_B_2020.02.27_17.30.15.csv block-002@413s reward=QoE= -505.12 pacing=0.00s eps=0.849 loss=2.1021
[ep  265] longdress    driving_B_2019.12.16_12.27.05.csv block-000@300s reward=QoE=  -72.53 pacing=0.00s eps=0.849 loss=2.0720
[ep  266] loot         driving_B_2020.02.14_12.58.17.csv block-002@656s reward=QoE=   21.38 pacing=0.00s eps=0.848 loss=1.9348
[ep  267] redandblack  driving_B_2020.02.14_09.38.22.csv block-000@1260s reward=QoE=  -54.92 pacing=0.00s eps=0.848 loss=1.8630
[ep  268] soldier      driving_B_2019.12.16_12.27.05.csv block-000@420s reward=QoE= -184.33 pacing=0.00s eps=0.847 loss=2.0576
[ep  269] longdress    driving_B_2020.01.16_07.26.43.csv block-000@240s reward=QoE=  -42.74 pacing=0.00s eps=0.846 loss=2.1388
[ep  270] loot         driving_B_2020.02.13_13.03.24.csv block-001@1514s reward=QoE= -101.86 pacing=0.00s eps=0.846 loss=1.8344
[ep  271] redandblack  driving_B_2019.12.17_07.32.39.csv block-003@1954s reward=QoE=  -80.92 pacing=0.00s eps=0.845 loss=2.0647
[ep  272] soldier      driving_B_2020.02.14_12.58.17.csv block-002@656s reward=QoE= -107.72 pacing=0.00s eps=0.845 loss=1.9940
[ep  273] longdress    driving_B_2020.01.16_07.26.43.csv block-000@0s reward=QoE= -100.31 pacing=0.00s eps=0.844 loss=1.8659
[ep  274] loot         driving_B_2020.02.14_09.38.22.csv block-000@780s reward=QoE=   63.75 pacing=0.71s eps=0.844 loss=1.7898
[ep  275] redandblack  driving_B_2020.02.13_15.02.01.csv block-000@900s reward=QoE=  -22.73 pacing=0.00s eps=0.843 loss=2.1521
[ep  276] soldier      driving_B_2020.01.16_09.56.56.csv block-001@639s reward=QoE=   39.26 pacing=0.00s eps=0.842 loss=1.9573
[ep  277] longdress    driving_B_2020.01.16_12.10.03.csv block-000@60s reward=QoE=   31.58 pacing=0.00s eps=0.842 loss=2.3793
[ep  278] loot         driving_B_2020.02.13_15.02.01.csv block-000@2520s reward=QoE= -101.55 pacing=0.00s eps=0.841 loss=1.8240
[ep  279] redandblack  driving_B_2019.12.17_07.32.39.csv block-004@2237s reward=QoE=  -16.78 pacing=0.00s eps=0.841 loss=1.9401
[ep  280] soldier      driving_B_2020.01.16_09.56.56.csv block-001@1119s reward=QoE=   58.10 pacing=0.93s eps=0.840 loss=2.3070
[ep  281] longdress    driving_B_2019.12.16_12.27.05.csv block-000@1200s reward=QoE=  -28.01 pacing=0.00s eps=0.840 loss=1.9977
[ep  282] loot         driving_B_2019.12.17_07.32.39.csv block-000@720s reward=QoE=  -11.21 pacing=0.00s eps=0.839 loss=1.8812
[ep  283] redandblack  driving_B_2020.02.14_09.38.22.csv block-000@480s reward=QoE=  -33.12 pacing=0.00s eps=0.838 loss=1.9124
[ep  284] soldier      driving_B_2020.02.13_15.02.01.csv block-000@1440s reward=QoE= -406.74 pacing=0.00s eps=0.838 loss=2.3248
[ep  285] longdress    driving_B_2020.02.27_17.30.15.csv block-002@293s reward=QoE= -356.56 pacing=0.00s eps=0.837 loss=1.8776
[ep  286] loot         static_B_2019.12.16_13.40.04.csv block-001@1075s reward=QoE=   39.69 pacing=0.00s eps=0.837 loss=2.0941
[ep  287] redandblack  driving_B_2020.01.16_12.10.03.csv block-000@180s reward=QoE=   53.37 pacing=0.00s eps=0.836 loss=1.8921
[ep  288] soldier      driving_B_2020.02.13_15.02.01.csv block-000@1320s reward=QoE=   25.08 pacing=0.00s eps=0.836 loss=1.9154
[ep  289] longdress    static_B_2020.02.27_18.39.27.csv block-001@1872s reward=QoE=   20.85 pacing=0.00s eps=0.835 loss=1.9747
[ep  290] loot         driving_B_2020.02.13_13.03.24.csv block-000@540s reward=QoE=    0.00 pacing=0.00s eps=0.834 loss=1.9192
[ep  291] redandblack  driving_B_2020.02.13_13.03.24.csv block-001@1034s reward=QoE= -131.11 pacing=0.00s eps=0.834 loss=2.0618
[ep  292] soldier      driving_B_2020.02.14_12.58.17.csv block-000@0s reward=QoE=  -46.81 pacing=0.00s eps=0.833 loss=2.4619
[ep  293] longdress    driving_B_2020.02.13_15.02.01.csv block-000@660s reward=QoE=   23.27 pacing=0.00s eps=0.833 loss=2.0552
[ep  294] loot         static_B_2020.02.14_13.21.26.csv block-000@900s reward=QoE=   56.26 pacing=0.50s eps=0.832 loss=2.0791
[ep  295] redandblack  static_B_2019.12.16_13.40.04.csv block-000@420s reward=QoE=   40.01 pacing=0.00s eps=0.832 loss=2.0686
[ep  296] soldier      driving_B_2020.01.16_09.56.56.csv block-001@1479s reward=QoE=   16.94 pacing=0.00s eps=0.831 loss=2.1105
[ep  297] longdress    driving_B_2019.12.17_07.32.39.csv block-004@2537s reward=QoE=   54.70 pacing=1.39s eps=0.830 loss=2.0575
[ep  298] loot         driving_B_2020.02.14_09.38.22.csv block-000@720s reward=QoE=   40.60 pacing=2.03s eps=0.830 loss=2.1751
[ep  299] redandblack  driving_B_2019.12.16_12.27.05.csv block-000@1200s reward=QoE=  -13.22 pacing=0.00s eps=0.829 loss=1.9880
[ep  300] soldier      driving_B_2020.01.16_12.10.03.csv block-000@180s reward=QoE=   44.53 pacing=0.00s eps=0.829 loss=2.1443
[ep  301] longdress    driving_B_2019.12.17_07.32.39.csv block-004@2477s reward=QoE=   51.69 pacing=0.00s eps=0.828 loss=1.9888
[ep  302] loot         driving_B_2020.01.16_09.56.56.csv block-001@579s reward=QoE=   41.90 pacing=0.00s eps=0.828 loss=2.0023
[ep  303] redandblack  static_B_2020.02.27_18.39.27.csv block-001@5532s reward=QoE=   68.22 pacing=0.49s eps=0.827 loss=1.7357
[ep  304] soldier      static_B_2020.02.27_18.39.27.csv block-001@4572s reward=QoE=   -8.87 pacing=0.00s eps=0.826 loss=1.9627
[ep  305] longdress    static_B_2020.02.14_13.21.26.csv block-000@120s reward=QoE=   53.11 pacing=1.27s eps=0.826 loss=1.7500
[ep  306] loot         driving_B_2020.02.13_15.02.01.csv block-000@2820s reward=QoE=   50.80 pacing=0.00s eps=0.825 loss=2.0652
[ep  307] redandblack  driving_B_2020.02.27_17.30.15.csv block-002@353s reward=QoE= -151.31 pacing=0.00s eps=0.825 loss=1.7890
[ep  308] soldier      driving_B_2020.02.27_17.30.15.csv block-002@533s reward=QoE= -277.06 pacing=0.00s eps=0.824 loss=2.0971
[ep  309] longdress    driving_B_2020.01.16_07.26.43.csv block-000@120s reward=QoE=  -71.83 pacing=0.00s eps=0.824 loss=2.2671
[ep  310] loot         driving_B_2020.01.16_09.56.56.csv block-000@120s reward=QoE= -116.71 pacing=0.00s eps=0.823 loss=2.0523
[ep  311] redandblack  static_B_2019.12.16_13.40.04.csv block-001@655s reward=QoE=   49.61 pacing=0.00s eps=0.822 loss=1.6879
[ep  312] soldier      driving_B_2020.02.13_15.02.01.csv block-000@420s reward=QoE=   53.46 pacing=0.83s eps=0.822 loss=1.6032
[ep  313] longdress    driving_B_2020.02.14_09.38.22.csv block-000@960s reward=QoE=   32.91 pacing=0.52s eps=0.821 loss=1.8303
[ep  314] loot         driving_B_2019.12.16_12.27.05.csv block-000@180s reward=QoE=  -31.81 pacing=0.00s eps=0.821 loss=1.8212
[ep  315] redandblack  driving_B_2019.12.16_12.27.05.csv block-000@0s reward=QoE=   16.21 pacing=0.00s eps=0.820 loss=2.0377
[ep  316] soldier      driving_B_2020.02.13_13.03.24.csv block-000@120s reward=QoE=  -67.07 pacing=0.00s eps=0.820 loss=1.6706
[ep  317] longdress    driving_B_2020.02.27_17.30.15.csv block-002@533s reward=QoE= -252.27 pacing=0.00s eps=0.819 loss=2.2967
[ep  318] loot         driving_B_2019.12.16_12.27.05.csv block-000@240s reward=QoE=  -16.21 pacing=0.00s eps=0.818 loss=1.8798
[ep  319] redandblack  driving_B_2020.02.27_17.30.15.csv block-002@533s reward=QoE= -154.53 pacing=0.00s eps=0.818 loss=1.8311
[ep  320] soldier      driving_B_2020.02.13_15.02.01.csv block-000@1080s reward=QoE=  -92.40 pacing=0.00s eps=0.817 loss=2.1719
[ep  321] longdress    driving_B_2019.12.16_12.27.05.csv block-000@1260s reward=QoE=   63.54 pacing=0.22s eps=0.817 loss=1.8506
[ep  322] loot         driving_B_2020.01.16_12.10.03.csv block-000@0s reward=QoE=   48.62 pacing=2.16s eps=0.816 loss=1.9687
[ep  323] redandblack  driving_B_2020.01.16_09.56.56.csv block-000@0s reward=QoE=    7.70 pacing=0.00s eps=0.816 loss=2.1050
[ep  324] soldier      static_B_2019.12.16_13.40.04.csv block-001@595s reward=QoE=   66.69 pacing=0.00s eps=0.815 loss=1.8565
[ep  325] longdress    driving_B_2020.01.16_12.10.03.csv block-000@240s reward=QoE=   54.72 pacing=1.06s eps=0.814 loss=1.8250
[ep  326] loot         driving_B_2019.12.16_12.27.05.csv block-000@1080s reward=QoE=   53.48 pacing=0.00s eps=0.814 loss=1.9235
[ep  327] redandblack  driving_B_2019.12.16_12.27.05.csv block-000@540s reward=QoE= -207.68 pacing=0.00s eps=0.813 loss=1.8755
[ep  328] soldier      driving_B_2020.02.13_15.02.01.csv block-000@60s reward=QoE=   48.81 pacing=0.49s eps=0.813 loss=1.9532
[ep  329] longdress    driving_B_2019.12.17_07.32.39.csv block-003@1714s reward=QoE=  -71.70 pacing=0.00s eps=0.812 loss=1.8196
[ep  330] loot         driving_B_2020.02.13_13.03.24.csv block-000@180s reward=QoE=  -87.21 pacing=0.00s eps=0.812 loss=1.9550
[ep  331] redandblack  static_B_2020.02.27_18.39.27.csv block-001@1272s reward=QoE=   17.01 pacing=0.00s eps=0.811 loss=1.9980
[ep  332] soldier      driving_B_2019.12.17_07.32.39.csv block-000@1440s reward=QoE=   59.07 pacing=0.81s eps=0.810 loss=1.7260
[ep  333] longdress    static_B_2019.12.16_13.40.04.csv block-005@1406s reward=QoE=   19.38 pacing=0.00s eps=0.810 loss=2.0441
[ep  334] loot         driving_B_2020.01.16_12.10.03.csv block-000@360s reward=QoE=   45.15 pacing=0.00s eps=0.809 loss=1.9652
[ep  335] redandblack  driving_B_2019.12.17_07.32.39.csv block-003@2134s reward=QoE=   16.31 pacing=0.00s eps=0.809 loss=2.1478
[ep  336] soldier      driving_B_2020.02.14_09.38.22.csv block-000@1500s reward=QoE= -116.07 pacing=0.00s eps=0.808 loss=2.0735
[ep  337] longdress    static_B_2019.12.16_13.40.04.csv block-000@180s reward=QoE=   38.22 pacing=0.34s eps=0.808 loss=1.9673
[ep  338] loot         driving_B_2020.02.13_13.03.24.csv block-001@1874s reward=QoE= -222.92 pacing=0.00s eps=0.807 loss=1.8278
[ep  339] redandblack  driving_B_2020.01.16_09.56.56.csv block-000@60s reward=QoE=  -62.99 pacing=0.00s eps=0.806 loss=1.8372
[ep  340] soldier      static_B_2019.12.16_13.40.04.csv block-005@1526s reward=QoE=   37.03 pacing=0.00s eps=0.806 loss=1.9508
[ep  341] longdress    driving_B_2020.01.16_09.56.56.csv block-001@819s reward=QoE=   38.90 pacing=0.00s eps=0.805 loss=1.9672
[ep  342] loot         driving_B_2020.02.13_13.03.24.csv block-000@60s reward=QoE=  -68.54 pacing=0.00s eps=0.805 loss=2.0867
[ep  343] redandblack  driving_B_2020.02.13_15.02.01.csv block-000@1020s reward=QoE=   57.47 pacing=1.86s eps=0.804 loss=2.0037
[ep  344] soldier      driving_B_2020.02.14_12.58.17.csv block-002@536s reward=QoE= -258.77 pacing=0.00s eps=0.804 loss=1.5596
[ep  345] longdress    driving_B_2020.02.27_17.30.15.csv block-002@473s reward=QoE= -427.32 pacing=0.00s eps=0.803 loss=1.8355
[ep  346] loot         driving_B_2020.02.14_12.58.17.csv block-002@596s reward=QoE=  -38.03 pacing=0.00s eps=0.802 loss=1.9333
[ep  347] redandblack  driving_B_2020.02.13_15.02.01.csv block-000@2040s reward=QoE=   54.21 pacing=0.91s eps=0.802 loss=1.6484
[ep  348] soldier      driving_B_2020.01.16_09.56.56.csv block-001@1659s reward=QoE=   53.74 pacing=0.08s eps=0.801 loss=1.7500
[ep  349] longdress    driving_B_2020.01.16_09.56.56.csv block-001@1419s reward=QoE=   21.57 pacing=0.00s eps=0.801 loss=2.0264
[ep  350] loot         driving_B_2020.01.16_07.26.43.csv block-000@1620s reward=QoE=  -47.61 pacing=0.00s eps=0.800 loss=1.7347
[ep  351] redandblack  driving_B_2020.02.14_12.58.17.csv block-000@0s reward=QoE=  -25.02 pacing=0.00s eps=0.800 loss=2.3039
[ep  352] soldier      driving_B_2020.01.16_12.10.03.csv block-000@240s reward=QoE=   67.35 pacing=0.99s eps=0.799 loss=1.8754
[ep  353] longdress    driving_B_2020.02.13_13.03.24.csv block-001@1754s reward=QoE= -133.73 pacing=0.00s eps=0.798 loss=1.8059
[ep  354] loot         static_B_2020.02.27_18.39.27.csv block-001@4752s reward=QoE=   50.87 pacing=0.64s eps=0.798 loss=1.7253
[ep  355] redandblack  driving_B_2019.12.16_12.27.05.csv block-000@960s reward=QoE=   51.35 pacing=1.44s eps=0.797 loss=1.8590
[ep  356] soldier      static_B_2019.12.16_13.40.04.csv block-005@1946s reward=QoE=   44.51 pacing=0.00s eps=0.797 loss=1.6674
[ep  357] longdress    driving_B_2020.02.14_09.38.22.csv block-000@660s reward=QoE=   12.55 pacing=0.00s eps=0.796 loss=1.7699
[ep  358] loot         driving_B_2020.02.14_12.58.17.csv block-002@536s reward=QoE= -174.27 pacing=0.00s eps=0.796 loss=1.8095
[ep  359] redandblack  static_B_2020.02.27_18.39.27.csv block-001@1032s reward=QoE=   46.66 pacing=0.00s eps=0.795 loss=1.8802
[ep  360] soldier      driving_B_2020.02.13_13.03.24.csv block-001@1154s reward=QoE=  -64.69 pacing=0.00s eps=0.794 loss=1.8334
[ep  361] longdress    static_B_2019.12.16_13.40.04.csv block-005@1766s reward=QoE=   70.57 pacing=0.00s eps=0.794 loss=1.5809
[ep  362] loot         driving_B_2020.01.16_07.26.43.csv block-000@1500s reward=QoE=  -98.63 pacing=0.00s eps=0.793 loss=1.8370
[ep  363] redandblack  driving_B_2020.01.16_09.56.56.csv block-001@759s reward=QoE=   22.19 pacing=0.00s eps=0.793 loss=1.9302
[ep  364] soldier      static_B_2020.02.14_13.21.26.csv block-000@780s reward=QoE=   66.13 pacing=1.12s eps=0.792 loss=1.9313
[ep  365] longdress    driving_B_2019.12.16_12.27.05.csv block-000@360s reward=QoE=  -42.06 pacing=0.00s eps=0.792 loss=1.6167
[ep  366] loot         driving_B_2020.02.27_17.30.15.csv block-002@473s reward=QoE= -415.04 pacing=0.00s eps=0.791 loss=2.0381
[ep  367] redandblack  static_B_2020.02.14_13.21.26.csv block-000@720s reward=QoE=   48.07 pacing=0.60s eps=0.790 loss=1.9480
[ep  368] soldier      driving_B_2020.02.13_13.03.24.csv block-001@1934s reward=QoE=    7.31 pacing=0.00s eps=0.790 loss=1.9253
[ep  369] longdress    static_B_2020.02.14_13.21.26.csv block-000@1020s reward=QoE=   40.32 pacing=1.36s eps=0.789 loss=1.8990
[ep  370] loot         driving_B_2020.02.27_17.30.15.csv block-002@413s reward=QoE= -208.50 pacing=0.00s eps=0.789 loss=1.8179
[ep  371] redandblack  static_B_2020.02.27_18.39.27.csv block-001@3072s reward=QoE=   64.27 pacing=0.34s eps=0.788 loss=1.8914
[ep  372] soldier      static_B_2020.02.14_13.21.26.csv block-000@900s reward=QoE=   39.02 pacing=0.00s eps=0.788 loss=1.9663
[ep  373] longdress    static_B_2020.02.14_13.21.26.csv block-000@420s reward=QoE=   47.63 pacing=0.77s eps=0.787 loss=1.7757
[ep  374] loot         driving_B_2020.02.27_17.30.15.csv block-002@293s reward=QoE= -259.98 pacing=0.00s eps=0.786 loss=1.8685
[ep  375] redandblack  driving_B_2020.02.14_09.38.22.csv block-000@60s reward=QoE= -139.19 pacing=0.00s eps=0.786 loss=1.9105
[ep  376] soldier      static_B_2019.12.16_13.40.04.csv block-001@775s reward=QoE=   48.48 pacing=2.13s eps=0.785 loss=1.5957
[ep  377] longdress    driving_B_2020.01.16_07.26.43.csv block-000@1380s reward=QoE=  -42.00 pacing=0.00s eps=0.785 loss=1.9683
[ep  378] loot         driving_B_2020.02.13_15.02.01.csv block-000@2880s reward=QoE=   33.82 pacing=0.00s eps=0.784 loss=1.9523
[ep  379] redandblack  driving_B_2019.12.16_12.27.05.csv block-000@360s reward=QoE=  -10.20 pacing=0.00s eps=0.784 loss=1.7174
[ep  380] soldier      driving_B_2020.01.16_12.10.03.csv block-000@120s reward=QoE=   53.68 pacing=0.65s eps=0.783 loss=1.9662
[ep  381] longdress    driving_B_2020.02.13_13.03.24.csv block-001@1694s reward=QoE=  -74.16 pacing=0.00s eps=0.783 loss=1.9721
[ep  382] loot         driving_B_2020.01.16_12.10.03.csv block-000@300s reward=QoE=   22.74 pacing=0.00s eps=0.782 loss=2.0555
[ep  383] redandblack  driving_B_2020.02.13_15.02.01.csv block-000@2160s reward=QoE=   46.30 pacing=0.00s eps=0.781 loss=1.7375
[ep  384] soldier      driving_B_2020.02.14_09.38.22.csv block-000@1560s reward=QoE=   -8.20 pacing=0.00s eps=0.781 loss=1.9169
[ep  385] longdress    driving_B_2020.01.16_07.26.43.csv block-000@900s reward=QoE=   14.69 pacing=0.00s eps=0.780 loss=2.0144
[ep  386] loot         driving_B_2020.01.16_07.26.43.csv block-000@720s reward=QoE=  -45.61 pacing=0.00s eps=0.780 loss=1.9171
[ep  387] redandblack  driving_B_2019.12.17_07.32.39.csv block-000@60s reward=QoE=   -2.21 pacing=0.00s eps=0.779 loss=1.7499
[ep  388] soldier      static_B_2020.02.27_18.39.27.csv block-001@4032s reward=QoE=   59.00 pacing=0.00s eps=0.779 loss=1.9014
[ep  389] longdress    driving_B_2019.12.17_07.32.39.csv block-000@1320s reward=QoE=  -67.36 pacing=0.00s eps=0.778 loss=1.7796
[ep  390] loot         driving_B_2020.02.27_17.30.15.csv block-002@413s reward=QoE= -121.80 pacing=0.00s eps=0.777 loss=1.6212
[ep  391] redandblack  driving_B_2020.02.14_09.38.22.csv block-000@1440s reward=QoE=   56.41 pacing=1.36s eps=0.777 loss=1.6961
[ep  392] soldier      static_B_2019.12.16_13.40.04.csv block-005@1346s reward=QoE=  -26.42 pacing=0.00s eps=0.776 loss=1.8078
[ep  393] longdress    driving_B_2019.12.17_07.32.39.csv block-000@0s reward=QoE=  -61.99 pacing=0.00s eps=0.776 loss=1.9826
[ep  394] loot         static_B_2020.02.27_18.39.27.csv block-001@2832s reward=QoE=   51.18 pacing=1.92s eps=0.775 loss=2.1842
[ep  395] redandblack  static_B_2019.12.16_13.40.04.csv block-000@240s reward=QoE=   32.61 pacing=0.00s eps=0.775 loss=1.9540
[ep  396] soldier      driving_B_2020.02.14_09.38.22.csv block-000@180s reward=QoE= -134.13 pacing=0.00s eps=0.774 loss=1.8123
[ep  397] longdress    driving_B_2020.02.27_17.30.15.csv block-002@353s reward=QoE= -212.80 pacing=0.00s eps=0.773 loss=1.9649
[ep  398] loot         driving_B_2020.02.13_13.03.24.csv block-000@600s reward=QoE=  -27.35 pacing=0.00s eps=0.773 loss=1.8724
[ep  399] redandblack  driving_B_2019.12.17_07.32.39.csv block-003@1594s reward=QoE=  -10.97 pacing=0.00s eps=0.772 loss=1.9582
[ep  400] soldier      static_B_2020.02.27_18.39.27.csv block-001@4692s reward=QoE=   43.15 pacing=1.24s eps=0.772 loss=1.8002
    [eval @ ep 400] reward=QoE=47.35 mean_q=0.620 stall=1.7s  <-- best (saved)
[ep  401] longdress    driving_B_2020.02.13_13.03.24.csv block-001@1394s reward=QoE= -119.80 pacing=0.00s eps=0.771 loss=1.8147
[ep  402] loot         static_B_2019.12.16_13.40.04.csv block-000@360s reward=QoE=   21.25 pacing=0.00s eps=0.771 loss=1.9688
[ep  403] redandblack  driving_B_2020.02.14_12.58.17.csv block-002@716s reward=QoE=  -22.33 pacing=0.00s eps=0.770 loss=2.2762
[ep  404] soldier      driving_B_2020.01.16_07.26.43.csv block-000@660s reward=QoE=  -50.42 pacing=0.00s eps=0.769 loss=2.0639
[ep  405] longdress    driving_B_2020.02.27_17.30.15.csv block-002@353s reward=QoE= -232.61 pacing=0.00s eps=0.769 loss=1.8865
[ep  406] loot         static_B_2020.02.14_13.21.26.csv block-000@300s reward=QoE=   43.16 pacing=0.00s eps=0.768 loss=2.1252
[ep  407] redandblack  static_B_2020.02.14_13.21.26.csv block-000@0s reward=QoE=    6.36 pacing=0.00s eps=0.768 loss=1.9285
[ep  408] soldier      driving_B_2020.02.14_12.58.17.csv block-002@656s reward=QoE=   -4.93 pacing=0.00s eps=0.767 loss=1.7579
[ep  409] longdress    driving_B_2020.01.16_12.10.03.csv block-000@120s reward=QoE=   59.75 pacing=0.84s eps=0.767 loss=1.9397
[ep  410] loot         driving_B_2020.02.13_15.02.01.csv block-000@0s reward=QoE=   43.32 pacing=0.20s eps=0.766 loss=1.9895
[ep  411] redandblack  driving_B_2019.12.17_07.32.39.csv block-000@540s reward=QoE=  -60.15 pacing=0.00s eps=0.765 loss=2.0660
[ep  412] soldier      driving_B_2020.01.16_07.26.43.csv block-000@60s reward=QoE=  -64.06 pacing=0.00s eps=0.765 loss=2.0831
[ep  413] longdress    driving_B_2019.12.16_12.27.05.csv block-000@660s reward=QoE= -310.97 pacing=0.00s eps=0.764 loss=1.9579
[ep  414] loot         driving_B_2020.02.14_12.58.17.csv block-002@596s reward=QoE=  -65.20 pacing=0.00s eps=0.764 loss=1.6284
[ep  415] redandblack  driving_B_2020.02.14_09.38.22.csv block-000@540s reward=QoE=  -72.67 pacing=0.00s eps=0.763 loss=2.0019
[ep  416] soldier      driving_B_2020.02.27_17.30.15.csv block-002@353s reward=QoE= -176.14 pacing=0.00s eps=0.763 loss=2.1167
[ep  417] loot         driving_B_2020.02.13_13.03.24.csv block-000@480s reward=QoE=  -24.53 pacing=0.00s eps=0.762 loss=2.1780
[ep  418] redandblack  driving_B_2020.01.16_07.26.43.csv block-000@1020s reward=QoE= -105.76 pacing=0.00s eps=0.761 loss=2.1463
[ep  419] soldier      static_B_2020.02.27_18.39.27.csv block-001@3312s reward=QoE=   33.31 pacing=0.00s eps=0.761 loss=1.8250
[ep  420] longdress    driving_B_2020.01.16_12.10.03.csv block-000@300s reward=QoE=    9.43 pacing=0.00s eps=0.760 loss=1.9391
[ep  421] loot         driving_B_2020.02.13_15.02.01.csv block-000@600s reward=QoE=   28.11 pacing=0.00s eps=0.760 loss=2.1042
[ep  422] redandblack  driving_B_2020.02.13_15.02.01.csv block-000@180s reward=QoE=   51.05 pacing=0.00s eps=0.759 loss=1.9463
[ep  423] soldier      driving_B_2020.01.16_12.10.03.csv block-000@120s reward=QoE=   58.96 pacing=0.67s eps=0.759 loss=1.9616
[ep  424] longdress    driving_B_2020.01.16_09.56.56.csv block-001@699s reward=QoE=   55.47 pacing=1.47s eps=0.758 loss=1.9316
[ep  425] loot         static_B_2019.12.16_13.40.04.csv block-000@300s reward=QoE=   21.94 pacing=0.00s eps=0.757 loss=1.9828
[ep  426] redandblack  driving_B_2020.02.14_12.58.17.csv block-002@716s reward=QoE=  -23.64 pacing=0.00s eps=0.757 loss=1.9027
[ep  427] soldier      driving_B_2019.12.16_12.27.05.csv block-000@720s reward=QoE=  -56.92 pacing=0.00s eps=0.756 loss=2.0069
[ep  428] longdress    driving_B_2020.02.14_09.38.22.csv block-000@960s reward=QoE=   39.70 pacing=0.00s eps=0.756 loss=1.8706
[ep  429] loot         driving_B_2020.01.16_09.56.56.csv block-000@300s reward=QoE=   51.73 pacing=1.01s eps=0.755 loss=2.0650
[ep  430] redandblack  driving_B_2020.02.27_17.30.15.csv block-002@293s reward=QoE= -301.14 pacing=0.00s eps=0.755 loss=1.9003
[ep  431] soldier      driving_B_2020.02.14_09.38.22.csv block-000@360s reward=QoE= -214.64 pacing=0.00s eps=0.754 loss=1.8286
[ep  432] longdress    driving_B_2020.02.13_13.03.24.csv block-001@1094s reward=QoE=  -72.81 pacing=0.00s eps=0.753 loss=1.9013
[ep  433] loot         driving_B_2020.01.16_12.10.03.csv block-000@300s reward=QoE=   18.44 pacing=0.00s eps=0.753 loss=2.0990
[ep  434] redandblack  driving_B_2020.02.13_13.03.24.csv block-001@1034s reward=QoE= -132.52 pacing=0.00s eps=0.752 loss=1.8206
[ep  435] soldier      static_B_2019.12.16_13.40.04.csv block-000@360s reward=QoE=  -32.85 pacing=0.00s eps=0.752 loss=2.0689
[ep  436] longdress    driving_B_2020.01.16_09.56.56.csv block-001@879s reward=QoE=   47.44 pacing=0.00s eps=0.751 loss=1.9555
[ep  437] loot         static_B_2019.12.16_13.40.04.csv block-001@955s reward=QoE=   49.70 pacing=0.00s eps=0.751 loss=1.8539
[ep  438] redandblack  driving_B_2020.02.14_09.38.22.csv block-000@420s reward=QoE= -108.41 pacing=0.00s eps=0.750 loss=1.9436
[ep  439] soldier      driving_B_2020.02.27_17.30.15.csv block-002@473s reward=QoE= -480.76 pacing=0.00s eps=0.749 loss=1.9686
[ep  440] longdress    driving_B_2019.12.17_07.32.39.csv block-000@660s reward=QoE=  -21.65 pacing=0.00s eps=0.749 loss=1.7802
[ep  441] loot         driving_B_2019.12.17_07.32.39.csv block-000@540s reward=QoE=  -83.14 pacing=0.00s eps=0.748 loss=2.1462
[ep  442] redandblack  driving_B_2020.02.14_09.38.22.csv block-000@60s reward=QoE=  -52.79 pacing=0.00s eps=0.748 loss=1.7435
[ep  443] soldier      driving_B_2020.02.27_17.30.15.csv block-002@533s reward=QoE= -327.33 pacing=0.00s eps=0.747 loss=1.9755
[ep  444] longdress    driving_B_2020.01.16_09.56.56.csv block-001@1539s reward=QoE=   44.59 pacing=1.05s eps=0.747 loss=1.8381
[ep  445] loot         driving_B_2020.02.14_12.58.17.csv block-000@0s reward=QoE=  -16.56 pacing=0.00s eps=0.746 loss=1.8962
[ep  446] redandblack  driving_B_2020.02.14_12.58.17.csv block-000@0s reward=QoE=   -6.31 pacing=0.00s eps=0.745 loss=1.9398
[ep  447] soldier      driving_B_2019.12.17_07.32.39.csv block-000@780s reward=QoE=  -26.55 pacing=0.00s eps=0.745 loss=1.6400
[ep  448] longdress    driving_B_2020.02.13_15.02.01.csv block-000@120s reward=QoE=   59.39 pacing=0.42s eps=0.744 loss=2.0138
[ep  449] loot         driving_B_2019.12.16_12.27.05.csv block-000@240s reward=QoE=  -10.09 pacing=0.00s eps=0.744 loss=2.1460
[ep  450] redandblack  driving_B_2020.01.16_07.26.43.csv block-000@1260s reward=QoE=    5.04 pacing=0.00s eps=0.743 loss=2.0708
[ep  451] soldier      driving_B_2020.01.16_12.10.03.csv block-000@60s reward=QoE=   52.69 pacing=0.00s eps=0.743 loss=1.9765
[ep  452] longdress    driving_B_2020.01.16_12.10.03.csv block-000@240s reward=QoE=   65.57 pacing=0.00s eps=0.742 loss=1.8850
[ep  453] loot         driving_B_2019.12.17_07.32.39.csv block-003@2134s reward=QoE=   28.78 pacing=0.00s eps=0.741 loss=1.8183
[ep  454] redandblack  driving_B_2020.02.27_17.30.15.csv block-002@533s reward=QoE= -115.16 pacing=0.00s eps=0.741 loss=1.9843
[ep  455] soldier      driving_B_2020.02.27_17.30.15.csv block-002@413s reward=QoE= -588.58 pacing=0.00s eps=0.740 loss=2.1604
[ep  456] longdress    driving_B_2020.02.27_17.30.15.csv block-002@353s reward=QoE= -176.61 pacing=0.00s eps=0.740 loss=1.9541
[ep  457] loot         static_B_2019.12.16_13.40.04.csv block-001@1135s reward=QoE=   54.25 pacing=0.00s eps=0.739 loss=1.8451
[ep  458] redandblack  static_B_2019.12.16_13.40.04.csv block-000@420s reward=QoE=   33.27 pacing=0.00s eps=0.739 loss=2.0479
[ep  459] soldier      driving_B_2020.01.16_07.26.43.csv block-000@900s reward=QoE=    1.97 pacing=0.00s eps=0.738 loss=2.0800
[ep  460] longdress    static_B_2019.12.16_13.40.04.csv block-000@180s reward=QoE=   50.93 pacing=0.00s eps=0.737 loss=2.0432
[ep  461] loot         static_B_2019.12.16_13.40.04.csv block-005@1406s reward=QoE=   59.16 pacing=0.00s eps=0.737 loss=1.9253
[ep  462] redandblack  driving_B_2020.02.13_15.02.01.csv block-000@1740s reward=QoE= -468.37 pacing=0.00s eps=0.736 loss=2.1065
[ep  463] soldier      driving_B_2020.02.13_13.03.24.csv block-000@300s reward=QoE=  -63.84 pacing=0.00s eps=0.736 loss=2.0322
[ep  464] longdress    driving_B_2020.02.13_13.03.24.csv block-001@1454s reward=QoE= -186.75 pacing=0.00s eps=0.735 loss=2.1489
[ep  465] loot         driving_B_2020.01.16_09.56.56.csv block-000@120s reward=QoE=  -68.89 pacing=0.00s eps=0.735 loss=2.0088
[ep  466] redandblack  driving_B_2020.02.14_12.58.17.csv block-002@536s reward=QoE= -199.90 pacing=0.00s eps=0.734 loss=2.1431
[ep  467] soldier      driving_B_2020.02.14_09.38.22.csv block-000@1380s reward=QoE=   35.48 pacing=0.00s eps=0.733 loss=2.0310
[ep  468] longdress    static_B_2020.02.14_13.21.26.csv block-000@240s reward=QoE=   51.27 pacing=1.34s eps=0.733 loss=1.7922
[ep  469] loot         driving_B_2020.01.16_09.56.56.csv block-001@1299s reward=QoE=   42.20 pacing=0.00s eps=0.732 loss=2.3137
[ep  470] redandblack  driving_B_2020.02.13_13.03.24.csv block-000@180s reward=QoE=  -97.02 pacing=0.00s eps=0.732 loss=2.0901
[ep  471] soldier      static_B_2019.12.16_13.40.04.csv block-006@2172s reward=QoE=   39.14 pacing=1.96s eps=0.731 loss=1.9003
[ep  472] longdress    driving_B_2019.12.17_07.32.39.csv block-000@360s reward=QoE=   -7.62 pacing=0.00s eps=0.731 loss=1.9643
[ep  473] loot         driving_B_2020.01.16_07.26.43.csv block-000@60s reward=QoE=    2.12 pacing=0.00s eps=0.730 loss=1.9652
[ep  474] redandblack  driving_B_2020.02.14_12.58.17.csv block-002@596s reward=QoE=  -48.64 pacing=0.00s eps=0.729 loss=2.3460
[ep  475] soldier      driving_B_2019.12.17_07.32.39.csv block-004@2477s reward=QoE=   46.72 pacing=0.00s eps=0.729 loss=2.0306
[ep  476] longdress    driving_B_2020.02.14_12.58.17.csv block-002@716s reward=QoE= -137.85 pacing=0.00s eps=0.728 loss=2.0168
[ep  477] loot         driving_B_2020.02.14_09.38.22.csv block-000@0s reward=QoE=  -71.64 pacing=0.00s eps=0.728 loss=1.8696
[ep  478] redandblack  driving_B_2020.02.27_17.30.15.csv block-002@473s reward=QoE= -379.58 pacing=0.00s eps=0.727 loss=2.0367
[ep  479] soldier      driving_B_2020.01.16_09.56.56.csv block-001@639s reward=QoE=   45.71 pacing=0.00s eps=0.727 loss=2.3988
[ep  480] longdress    driving_B_2020.01.16_12.10.03.csv block-000@300s reward=QoE=   15.09 pacing=0.00s eps=0.726 loss=1.9466
[ep  481] loot         static_B_2020.02.14_13.21.26.csv block-000@780s reward=QoE=   43.58 pacing=0.32s eps=0.725 loss=2.2275
[ep  482] redandblack  driving_B_2020.02.13_13.03.24.csv block-001@974s reward=QoE=  -35.12 pacing=0.00s eps=0.725 loss=2.0313
[ep  483] soldier      driving_B_2020.02.13_13.03.24.csv block-001@1214s reward=QoE= -176.51 pacing=0.00s eps=0.724 loss=1.7859
[ep  484] longdress    static_B_2020.02.27_18.39.27.csv block-001@792s reward=QoE=   54.94 pacing=1.42s eps=0.724 loss=1.8302
[ep  485] loot         driving_B_2020.02.14_12.58.17.csv block-002@596s reward=QoE=  -61.69 pacing=0.00s eps=0.723 loss=2.2381
[ep  486] redandblack  driving_B_2020.02.14_09.38.22.csv block-000@660s reward=QoE=   11.06 pacing=0.00s eps=0.723 loss=1.9444
[ep  487] soldier      static_B_2019.12.16_13.40.04.csv block-001@895s reward=QoE=   35.23 pacing=0.00s eps=0.722 loss=1.9101
[ep  488] longdress    driving_B_2020.01.16_09.56.56.csv block-001@1479s reward=QoE=   20.45 pacing=0.00s eps=0.721 loss=1.7953
[ep  489] loot         static_B_2020.02.14_13.21.26.csv block-000@180s reward=QoE=   63.62 pacing=0.00s eps=0.721 loss=1.9370
[ep  490] redandblack  driving_B_2019.12.17_07.32.39.csv block-000@480s reward=QoE=   55.67 pacing=0.00s eps=0.720 loss=1.9357
[ep  491] soldier      static_B_2020.02.27_18.39.27.csv block-001@1512s reward=QoE=   43.06 pacing=0.00s eps=0.720 loss=2.0366
[ep  492] longdress    driving_B_2020.02.13_13.03.24.csv block-000@600s reward=QoE=  -82.83 pacing=0.00s eps=0.719 loss=2.0908
[ep  493] loot         driving_B_2019.12.17_07.32.39.csv block-003@2074s reward=QoE=   19.93 pacing=0.00s eps=0.719 loss=2.0764
[ep  494] redandblack  driving_B_2019.12.16_12.27.05.csv block-000@420s reward=QoE= -119.09 pacing=0.00s eps=0.718 loss=2.1440
[ep  495] soldier      driving_B_2020.02.13_15.02.01.csv block-000@2400s reward=QoE=   54.22 pacing=0.00s eps=0.717 loss=1.9796
[ep  496] longdress    driving_B_2019.12.16_12.27.05.csv block-000@840s reward=QoE=   -3.98 pacing=0.00s eps=0.717 loss=2.1167
[ep  497] loot         driving_B_2019.12.17_07.32.39.csv block-003@1834s reward=QoE=  -13.71 pacing=0.00s eps=0.716 loss=1.9026
[ep  498] redandblack  driving_B_2019.12.16_12.27.05.csv block-000@420s reward=QoE= -251.08 pacing=0.00s eps=0.716 loss=1.9507
[ep  499] soldier      driving_B_2020.01.16_12.10.03.csv block-000@120s reward=QoE=   55.78 pacing=0.00s eps=0.715 loss=2.2349
[ep  500] longdress    static_B_2020.02.27_18.39.27.csv block-001@4992s reward=QoE=   40.97 pacing=0.00s eps=0.715 loss=2.1509
[ep  501] loot         driving_B_2019.12.16_12.27.05.csv block-000@960s reward=QoE=   68.93 pacing=1.32s eps=0.714 loss=1.7725
[ep  502] redandblack  static_B_2020.02.14_13.21.26.csv block-000@840s reward=QoE=   56.87 pacing=2.06s eps=0.713 loss=1.9296
[ep  503] soldier      driving_B_2020.02.13_13.03.24.csv block-000@660s reward=QoE= -119.72 pacing=0.00s eps=0.713 loss=1.7609
[ep  504] longdress    driving_B_2020.02.13_13.03.24.csv block-001@1574s reward=QoE=  -72.04 pacing=0.00s eps=0.712 loss=2.1305
[ep  505] loot         static_B_2020.02.27_18.39.27.csv block-001@6372s reward=QoE=   52.34 pacing=2.16s eps=0.712 loss=2.0516
[ep  506] redandblack  driving_B_2020.02.13_15.02.01.csv block-000@2580s reward=QoE= -196.15 pacing=0.00s eps=0.711 loss=2.2366
[ep  507] soldier      driving_B_2020.02.14_12.58.17.csv block-002@536s reward=QoE= -233.72 pacing=0.00s eps=0.711 loss=1.8543
[ep  508] longdress    driving_B_2020.02.13_15.02.01.csv block-000@2220s reward=QoE=   31.35 pacing=0.00s eps=0.710 loss=1.9480
[ep  509] loot         static_B_2020.02.14_13.21.26.csv block-000@900s reward=QoE=   54.99 pacing=0.00s eps=0.709 loss=2.0455
[ep  510] redandblack  driving_B_2019.12.16_12.27.05.csv block-000@540s reward=QoE= -192.93 pacing=0.00s eps=0.709 loss=1.8084
[ep  511] soldier      driving_B_2019.12.16_12.27.05.csv block-000@180s reward=QoE=  -56.83 pacing=0.00s eps=0.708 loss=2.0668
[ep  512] longdress    driving_B_2020.02.27_17.30.15.csv block-002@293s reward=QoE= -252.48 pacing=0.00s eps=0.708 loss=1.9884
[ep  513] loot         static_B_2019.12.16_13.40.04.csv block-005@1346s reward=QoE=    9.52 pacing=0.00s eps=0.707 loss=1.7492
[ep  514] redandblack  static_B_2019.12.16_13.40.04.csv block-001@1075s reward=QoE=   31.67 pacing=0.00s eps=0.707 loss=1.9046
[ep  515] soldier      driving_B_2020.02.14_09.38.22.csv block-000@0s reward=QoE=  -50.97 pacing=0.00s eps=0.706 loss=1.9925
[ep  516] longdress    driving_B_2020.01.16_07.26.43.csv block-000@300s reward=QoE=  -41.24 pacing=0.00s eps=0.705 loss=1.9947
[ep  517] loot         driving_B_2019.12.16_12.27.05.csv block-000@900s reward=QoE=   55.05 pacing=1.07s eps=0.705 loss=1.8958
[ep  518] redandblack  driving_B_2020.02.27_17.30.15.csv block-002@473s reward=QoE= -356.92 pacing=0.00s eps=0.704 loss=1.7705
[ep  519] soldier      driving_B_2020.01.16_12.10.03.csv block-000@0s reward=QoE=   44.21 pacing=2.01s eps=0.704 loss=1.9539
[ep  520] longdress    driving_B_2019.12.17_07.32.39.csv block-000@1320s reward=QoE=  -99.80 pacing=0.00s eps=0.703 loss=1.9618
[ep  521] loot         static_B_2020.02.14_13.21.26.csv block-000@960s reward=QoE=   37.89 pacing=0.00s eps=0.703 loss=1.8157
[ep  522] redandblack  driving_B_2020.02.14_12.58.17.csv block-002@596s reward=QoE=  -22.84 pacing=0.00s eps=0.702 loss=2.0588
[ep  523] soldier      driving_B_2020.02.14_09.38.22.csv block-000@240s reward=QoE= -196.98 pacing=0.00s eps=0.701 loss=2.1096
[ep  524] longdress    driving_B_2020.02.14_12.58.17.csv block-002@656s reward=QoE=    3.20 pacing=0.00s eps=0.701 loss=2.0076
[ep  525] loot         driving_B_2019.12.17_07.32.39.csv block-000@1200s reward=QoE=   68.10 pacing=0.70s eps=0.700 loss=1.7367
[ep  526] redandblack  driving_B_2020.01.16_07.26.43.csv block-000@1620s reward=QoE=  -36.44 pacing=0.00s eps=0.700 loss=1.9152
[ep  527] soldier      driving_B_2020.02.13_15.02.01.csv block-000@1200s reward=QoE=   -2.46 pacing=0.00s eps=0.699 loss=1.9229
[ep  528] longdress    driving_B_2020.01.16_09.56.56.csv block-001@1599s reward=QoE=   55.02 pacing=0.63s eps=0.699 loss=1.7863
[ep  529] loot         driving_B_2020.02.13_15.02.01.csv block-000@720s reward=QoE=   34.38 pacing=0.00s eps=0.698 loss=2.0498
[ep  530] redandblack  driving_B_2019.12.16_12.27.05.csv block-000@720s reward=QoE=  -45.60 pacing=0.00s eps=0.697 loss=2.1793
[ep  531] soldier      driving_B_2020.01.16_07.26.43.csv block-000@1380s reward=QoE=  -37.25 pacing=0.00s eps=0.697 loss=1.9416
[ep  532] longdress    driving_B_2020.01.16_07.26.43.csv block-000@780s reward=QoE=  -29.70 pacing=0.00s eps=0.696 loss=1.8747
[ep  533] loot         driving_B_2020.01.16_09.56.56.csv block-000@120s reward=QoE=  -58.81 pacing=0.00s eps=0.696 loss=1.8231
[ep  534] redandblack  driving_B_2020.02.13_13.03.24.csv block-001@1274s reward=QoE=  -91.24 pacing=0.00s eps=0.695 loss=2.0251
[ep  535] soldier      driving_B_2019.12.16_12.27.05.csv block-000@960s reward=QoE=   64.82 pacing=0.00s eps=0.695 loss=2.0104
[ep  536] longdress    driving_B_2019.12.17_07.32.39.csv block-000@840s reward=QoE=  -97.06 pacing=0.00s eps=0.694 loss=2.0386
[ep  537] loot         driving_B_2020.02.14_09.38.22.csv block-000@720s reward=QoE=   75.80 pacing=0.95s eps=0.693 loss=2.2795
[ep  538] redandblack  driving_B_2020.02.14_09.38.22.csv block-000@840s reward=QoE=   -1.94 pacing=0.00s eps=0.693 loss=1.8452
[ep  539] soldier      driving_B_2020.02.14_12.58.17.csv block-002@536s reward=QoE= -268.15 pacing=0.00s eps=0.692 loss=1.9843
[ep  540] longdress    driving_B_2019.12.16_12.27.05.csv block-000@1080s reward=QoE=   64.48 pacing=0.00s eps=0.692 loss=2.2434
[ep  541] loot         static_B_2020.02.27_18.39.27.csv block-001@1812s reward=QoE=   33.40 pacing=0.00s eps=0.691 loss=2.1869
[ep  542] redandblack  driving_B_2020.01.16_07.26.43.csv block-000@600s reward=QoE=  -14.88 pacing=0.00s eps=0.691 loss=2.1537
[ep  543] soldier      static_B_2019.12.16_13.40.04.csv block-001@775s reward=QoE=   47.60 pacing=1.04s eps=0.690 loss=2.2088
[ep  544] longdress    driving_B_2020.02.14_09.38.22.csv block-000@960s reward=QoE=   43.74 pacing=0.95s eps=0.689 loss=1.9382
[ep  545] loot         driving_B_2019.12.17_07.32.39.csv block-000@0s reward=QoE=   15.26 pacing=0.00s eps=0.689 loss=1.9990
[ep  546] redandblack  static_B_2020.02.14_13.21.26.csv block-000@240s reward=QoE=   55.88 pacing=1.60s eps=0.688 loss=1.9448
[ep  547] soldier      driving_B_2020.02.27_17.30.15.csv block-002@413s reward=QoE= -454.62 pacing=0.00s eps=0.688 loss=2.0917
[ep  548] longdress    static_B_2019.12.16_13.40.04.csv block-001@835s reward=QoE=   55.41 pacing=0.34s eps=0.687 loss=1.8968
[ep  549] loot         driving_B_2020.02.13_13.03.24.csv block-001@1994s reward=QoE=   50.59 pacing=0.00s eps=0.687 loss=2.1451
[ep  550] redandblack  driving_B_2020.01.16_09.56.56.csv block-001@519s reward=QoE=   22.06 pacing=0.00s eps=0.686 loss=1.9994
[ep  551] soldier      driving_B_2019.12.17_07.32.39.csv block-000@1380s reward=QoE=   -2.91 pacing=0.00s eps=0.685 loss=1.8973
[ep  552] longdress    driving_B_2020.02.14_12.58.17.csv block-002@656s reward=QoE=  -63.94 pacing=0.00s eps=0.685 loss=1.8042
[ep  553] loot         driving_B_2020.02.13_13.03.24.csv block-001@1754s reward=QoE=    2.70 pacing=0.00s eps=0.684 loss=1.9424
[ep  554] redandblack  static_B_2020.02.27_18.39.27.csv block-001@3432s reward=QoE=   10.94 pacing=0.00s eps=0.684 loss=1.8981
[ep  555] soldier      driving_B_2020.01.16_07.26.43.csv block-000@1500s reward=QoE= -114.65 pacing=0.00s eps=0.683 loss=1.7363
[ep  556] longdress    static_B_2020.02.27_18.39.27.csv block-001@5892s reward=QoE=   49.34 pacing=1.25s eps=0.683 loss=1.8787
[ep  557] loot         driving_B_2020.02.14_12.58.17.csv block-002@656s reward=QoE=   27.34 pacing=0.00s eps=0.682 loss=2.1543
[ep  558] redandblack  driving_B_2020.02.13_15.02.01.csv block-000@240s reward=QoE=   57.95 pacing=0.00s eps=0.681 loss=2.0611
[ep  559] soldier      driving_B_2020.02.13_13.03.24.csv block-000@0s reward=QoE= -109.68 pacing=0.00s eps=0.681 loss=1.8004
[ep  560] longdress    driving_B_2020.02.14_09.38.22.csv block-000@1020s reward=QoE=   57.46 pacing=0.38s eps=0.680 loss=1.8796
[ep  561] loot         driving_B_2019.12.17_07.32.39.csv block-000@1140s reward=QoE=   33.63 pacing=0.00s eps=0.680 loss=2.2080
[ep  562] redandblack  driving_B_2020.02.13_13.03.24.csv block-000@120s reward=QoE=  -88.15 pacing=0.00s eps=0.679 loss=1.9402
[ep  563] soldier      driving_B_2020.01.16_07.26.43.csv block-000@840s reward=QoE=  -19.02 pacing=0.00s eps=0.679 loss=1.8630
[ep  564] longdress    driving_B_2020.01.16_09.56.56.csv block-001@1659s reward=QoE=   67.56 pacing=1.06s eps=0.678 loss=1.9417
[ep  565] loot         driving_B_2019.12.16_12.27.05.csv block-000@660s reward=QoE= -163.67 pacing=0.00s eps=0.677 loss=1.8047
[ep  566] redandblack  driving_B_2020.01.16_07.26.43.csv block-000@120s reward=QoE=  -31.90 pacing=0.00s eps=0.677 loss=1.9293
[ep  567] soldier      driving_B_2020.01.16_07.26.43.csv block-000@660s reward=QoE=  -41.87 pacing=0.00s eps=0.676 loss=1.9970
[ep  568] longdress    static_B_2019.12.16_13.40.04.csv block-005@1706s reward=QoE=   50.70 pacing=0.00s eps=0.676 loss=1.8314
[ep  569] loot         driving_B_2020.02.13_13.03.24.csv block-000@60s reward=QoE=  -12.34 pacing=0.00s eps=0.675 loss=2.1687
[ep  570] redandblack  static_B_2020.02.14_13.21.26.csv block-000@0s reward=QoE=   16.12 pacing=0.00s eps=0.675 loss=1.9805
[ep  571] soldier      driving_B_2020.02.27_17.30.15.csv block-002@533s reward=QoE= -168.65 pacing=0.00s eps=0.674 loss=1.8445
[ep  572] longdress    driving_B_2019.12.16_12.27.05.csv block-000@600s reward=QoE=  -88.82 pacing=0.00s eps=0.673 loss=1.7307
[ep  573] loot         driving_B_2020.01.16_09.56.56.csv block-001@1239s reward=QoE=   24.25 pacing=0.00s eps=0.673 loss=1.8621
[ep  574] redandblack  static_B_2020.02.14_13.21.26.csv block-000@600s reward=QoE=   74.55 pacing=1.44s eps=0.672 loss=1.8764
[ep  575] soldier      driving_B_2020.01.16_12.10.03.csv block-000@240s reward=QoE=   65.88 pacing=0.77s eps=0.672 loss=2.0703
[ep  576] longdress    driving_B_2019.12.16_12.27.05.csv block-000@480s reward=QoE= -198.87 pacing=0.00s eps=0.671 loss=2.0098
[ep  577] loot         driving_B_2020.02.13_15.02.01.csv block-000@1860s reward=QoE=  -46.10 pacing=0.00s eps=0.671 loss=1.9717
[ep  578] redandblack  driving_B_2020.01.16_07.26.43.csv block-000@1860s reward=QoE=  -55.60 pacing=0.00s eps=0.670 loss=1.9774
[ep  579] soldier      driving_B_2019.12.17_07.32.39.csv block-000@600s reward=QoE=   -6.18 pacing=0.00s eps=0.669 loss=1.9609
[ep  580] longdress    driving_B_2019.12.16_12.27.05.csv block-000@1200s reward=QoE=   -7.70 pacing=0.00s eps=0.669 loss=2.1757
[ep  581] loot         driving_B_2020.01.16_09.56.56.csv block-001@819s reward=QoE=   59.49 pacing=1.16s eps=0.668 loss=1.9127
[ep  582] redandblack  driving_B_2020.02.13_13.03.24.csv block-001@1934s reward=QoE=   25.81 pacing=0.00s eps=0.668 loss=1.9669
[ep  583] soldier      static_B_2020.02.14_13.21.26.csv block-000@780s reward=QoE=   55.76 pacing=1.67s eps=0.667 loss=1.9762
[ep  584] longdress    driving_B_2020.01.16_07.26.43.csv block-000@420s reward=QoE= -169.94 pacing=0.00s eps=0.667 loss=2.2794
[ep  585] loot         driving_B_2019.12.16_12.27.05.csv block-000@1140s reward=QoE=   42.27 pacing=0.00s eps=0.666 loss=1.9305
[ep  586] redandblack  static_B_2020.02.27_18.39.27.csv block-001@6252s reward=QoE=   53.24 pacing=0.90s eps=0.665 loss=2.0020
[ep  587] soldier      driving_B_2020.01.16_07.26.43.csv block-000@540s reward=QoE=  -68.62 pacing=0.00s eps=0.665 loss=1.9164
[ep  588] longdress    driving_B_2020.02.13_13.03.24.csv block-001@1394s reward=QoE= -142.08 pacing=0.00s eps=0.664 loss=1.8580
[ep  589] loot         static_B_2019.12.16_13.40.04.csv block-000@120s reward=QoE=   49.56 pacing=0.73s eps=0.664 loss=1.7324
[ep  590] redandblack  static_B_2020.02.14_13.21.26.csv block-000@960s reward=QoE=   19.50 pacing=0.00s eps=0.663 loss=1.8746
[ep  591] soldier      static_B_2020.02.27_18.39.27.csv block-001@6072s reward=QoE=   54.89 pacing=1.17s eps=0.663 loss=1.9185
[ep  592] longdress    driving_B_2020.02.14_09.38.22.csv block-000@1020s reward=QoE=   56.81 pacing=0.06s eps=0.662 loss=1.6087
[ep  593] loot         driving_B_2019.12.17_07.32.39.csv block-003@1714s reward=QoE=  -56.44 pacing=0.00s eps=0.661 loss=1.8872
[ep  594] redandblack  static_B_2020.02.14_13.21.26.csv block-000@480s reward=QoE=   61.30 pacing=1.74s eps=0.661 loss=1.9737
[ep  595] soldier      driving_B_2020.01.16_09.56.56.csv block-000@180s reward=QoE=   30.74 pacing=0.00s eps=0.660 loss=1.7719
[ep  596] longdress    driving_B_2020.01.16_12.10.03.csv block-000@60s reward=QoE=   36.38 pacing=0.00s eps=0.660 loss=1.7179
[ep  597] loot         driving_B_2020.01.16_07.26.43.csv block-000@240s reward=QoE=  -11.04 pacing=0.00s eps=0.659 loss=1.8330
[ep  598] redandblack  driving_B_2020.02.14_12.58.17.csv block-002@536s reward=QoE= -174.29 pacing=0.00s eps=0.659 loss=1.9440
[ep  599] soldier      driving_B_2020.01.16_12.10.03.csv block-000@60s reward=QoE=   44.10 pacing=0.00s eps=0.658 loss=1.7692
[ep  600] longdress    driving_B_2020.01.16_09.56.56.csv block-001@1419s reward=QoE=   32.70 pacing=0.00s eps=0.657 loss=1.7922
[ep  601] loot         driving_B_2020.01.16_12.10.03.csv block-000@120s reward=QoE=   64.24 pacing=1.56s eps=0.657 loss=1.7034
[ep  602] redandblack  driving_B_2020.01.16_07.26.43.csv block-000@180s reward=QoE= -188.63 pacing=0.00s eps=0.656 loss=1.8084
[ep  603] soldier      static_B_2020.02.27_18.39.27.csv block-001@912s reward=QoE=   54.42 pacing=0.00s eps=0.656 loss=2.3435
[ep  604] longdress    driving_B_2020.02.14_09.38.22.csv block-000@180s reward=QoE= -168.61 pacing=0.00s eps=0.655 loss=2.1682
[ep  605] loot         driving_B_2020.02.14_09.38.22.csv block-000@120s reward=QoE=  -96.60 pacing=0.00s eps=0.655 loss=2.2665
[ep  606] redandblack  static_B_2020.02.27_18.39.27.csv block-001@4572s reward=QoE=   22.99 pacing=0.00s eps=0.654 loss=2.1563
[ep  607] soldier      static_B_2019.12.16_13.40.04.csv block-000@60s reward=QoE=    9.29 pacing=0.00s eps=0.653 loss=1.9199
[ep  608] longdress    driving_B_2020.02.27_17.30.15.csv block-002@413s reward=QoE= -596.37 pacing=0.00s eps=0.653 loss=2.1435
[ep  609] loot         driving_B_2020.01.16_07.26.43.csv block-000@1680s reward=QoE=  -28.22 pacing=0.00s eps=0.652 loss=2.0525
[ep  610] redandblack  static_B_2020.02.27_18.39.27.csv block-001@5412s reward=QoE=   64.31 pacing=0.00s eps=0.652 loss=1.8768
[ep  611] soldier      static_B_2020.02.27_18.39.27.csv block-001@4632s reward=QoE=   60.91 pacing=0.00s eps=0.651 loss=2.2200
[ep  612] longdress    static_B_2020.02.14_13.21.26.csv block-000@600s reward=QoE=   63.49 pacing=0.63s eps=0.651 loss=2.0579
[ep  613] loot         static_B_2020.02.14_13.21.26.csv block-000@1080s reward=QoE=   68.83 pacing=0.96s eps=0.650 loss=2.2926
[ep  614] redandblack  driving_B_2020.01.16_12.10.03.csv block-000@360s reward=QoE=   46.25 pacing=0.00s eps=0.649 loss=2.5298
[ep  615] soldier      driving_B_2019.12.17_07.32.39.csv block-000@960s reward=QoE= -125.50 pacing=0.00s eps=0.649 loss=2.1179
[ep  616] longdress    driving_B_2020.02.27_17.30.15.csv block-002@293s reward=QoE= -328.79 pacing=0.00s eps=0.648 loss=2.1945
[ep  617] loot         driving_B_2020.01.16_09.56.56.csv block-001@1359s reward=QoE=   22.26 pacing=0.00s eps=0.648 loss=2.1394
[ep  618] redandblack  static_B_2020.02.27_18.39.27.csv block-001@612s reward=QoE=   22.12 pacing=0.00s eps=0.647 loss=2.2199
[ep  619] soldier      driving_B_2020.01.16_07.26.43.csv block-000@1320s reward=QoE=  -53.01 pacing=0.00s eps=0.647 loss=2.0535
[ep  620] longdress    static_B_2019.12.16_13.40.04.csv block-005@1886s reward=QoE=   54.15 pacing=0.00s eps=0.646 loss=2.0184
[ep  621] loot         static_B_2020.02.27_18.39.27.csv block-001@2592s reward=QoE=   47.99 pacing=0.00s eps=0.645 loss=2.3281
[ep  622] redandblack  driving_B_2020.01.16_07.26.43.csv block-000@1200s reward=QoE=   23.35 pacing=0.00s eps=0.645 loss=2.2518
[ep  623] soldier      static_B_2020.02.14_13.21.26.csv block-000@360s reward=QoE=   63.37 pacing=0.00s eps=0.644 loss=2.2118
[ep  624] longdress    driving_B_2019.12.16_12.27.05.csv block-000@360s reward=QoE=  -25.57 pacing=0.00s eps=0.644 loss=2.1290
[ep  625] loot         static_B_2020.02.14_13.21.26.csv block-000@420s reward=QoE=   59.65 pacing=0.00s eps=0.643 loss=2.3731
[ep  626] redandblack  driving_B_2020.02.14_09.38.22.csv block-000@300s reward=QoE= -150.93 pacing=0.00s eps=0.643 loss=2.0429
[ep  627] soldier      driving_B_2020.02.27_17.30.15.csv block-002@353s reward=QoE= -147.46 pacing=0.00s eps=0.642 loss=2.0920
[ep  628] longdress    static_B_2020.02.14_13.21.26.csv block-000@60s reward=QoE=   53.39 pacing=1.22s eps=0.641 loss=2.2828
[ep  629] loot         driving_B_2019.12.16_12.27.05.csv block-000@360s reward=QoE=  -19.69 pacing=0.00s eps=0.641 loss=2.0368
[ep  630] redandblack  driving_B_2020.01.16_07.26.43.csv block-000@1140s reward=QoE=   36.02 pacing=0.00s eps=0.640 loss=1.9213
[ep  631] soldier      driving_B_2020.02.27_17.30.15.csv block-002@533s reward=QoE= -233.46 pacing=0.00s eps=0.640 loss=2.1387
[ep  632] longdress    driving_B_2020.02.27_17.30.15.csv block-002@413s reward=QoE= -591.89 pacing=0.00s eps=0.639 loss=2.1804
[ep  633] loot         driving_B_2020.01.16_09.56.56.csv block-001@999s reward=QoE=  -35.65 pacing=0.00s eps=0.639 loss=1.8992
[ep  634] redandblack  driving_B_2020.02.13_15.02.01.csv block-000@2460s reward=QoE=   65.01 pacing=0.00s eps=0.638 loss=1.9295
[ep  635] soldier      static_B_2020.02.27_18.39.27.csv block-001@5832s reward=QoE=   71.21 pacing=1.32s eps=0.637 loss=2.1998
[ep  636] longdress    driving_B_2019.12.16_12.27.05.csv block-000@120s reward=QoE=  -91.54 pacing=0.00s eps=0.637 loss=2.3377
[ep  637] loot         driving_B_2019.12.16_12.27.05.csv block-000@1020s reward=QoE=   47.23 pacing=1.49s eps=0.636 loss=2.3034
[ep  638] redandblack  driving_B_2020.02.13_15.02.01.csv block-000@1500s reward=QoE= -139.70 pacing=0.00s eps=0.636 loss=2.3577
[ep  639] soldier      driving_B_2020.02.27_17.30.15.csv block-002@353s reward=QoE= -211.39 pacing=0.00s eps=0.635 loss=2.3020
[ep  640] longdress    driving_B_2020.02.27_17.30.15.csv block-002@413s reward=QoE= -454.48 pacing=0.00s eps=0.635 loss=2.1977
[ep  641] loot         driving_B_2019.12.17_07.32.39.csv block-000@300s reward=QoE=   16.97 pacing=0.00s eps=0.634 loss=2.2273
[ep  642] redandblack  driving_B_2020.02.14_09.38.22.csv block-000@600s reward=QoE=   49.00 pacing=0.00s eps=0.633 loss=2.1625
[ep  643] soldier      driving_B_2020.01.16_09.56.56.csv block-001@819s reward=QoE=   12.32 pacing=0.00s eps=0.633 loss=2.0552
[ep  644] longdress    driving_B_2020.01.16_09.56.56.csv block-000@60s reward=QoE=  -98.34 pacing=0.00s eps=0.632 loss=2.2654
[ep  645] loot         static_B_2020.02.14_13.21.26.csv block-000@0s reward=QoE=   48.15 pacing=0.00s eps=0.632 loss=2.1607
[ep  646] redandblack  driving_B_2020.02.13_15.02.01.csv block-000@2100s reward=QoE=   11.27 pacing=0.00s eps=0.631 loss=2.1726
[ep  647] soldier      driving_B_2019.12.16_12.27.05.csv block-000@900s reward=QoE=   58.80 pacing=0.69s eps=0.631 loss=2.1026
[ep  648] longdress    driving_B_2019.12.16_12.27.05.csv block-000@1260s reward=QoE=   56.13 pacing=1.03s eps=0.630 loss=2.1810
[ep  649] loot         driving_B_2020.01.16_09.56.56.csv block-001@759s reward=QoE=   22.83 pacing=0.00s eps=0.629 loss=2.0277
[ep  650] redandblack  driving_B_2020.02.14_12.58.17.csv block-000@0s reward=QoE=  -10.59 pacing=0.00s eps=0.629 loss=2.0382
[ep  651] soldier      static_B_2020.02.27_18.39.27.csv block-001@6612s reward=QoE=   55.98 pacing=0.12s eps=0.628 loss=2.1287
[ep  652] longdress    driving_B_2020.01.16_09.56.56.csv block-001@579s reward=QoE=   31.07 pacing=0.00s eps=0.628 loss=2.2265
[ep  653] loot         driving_B_2020.02.14_12.58.17.csv block-002@716s reward=QoE=   13.72 pacing=0.00s eps=0.627 loss=2.2309
[ep  654] redandblack  driving_B_2019.12.17_07.32.39.csv block-000@60s reward=QoE=  -25.40 pacing=0.00s eps=0.627 loss=2.1128
[ep  655] soldier      driving_B_2020.01.16_07.26.43.csv block-000@1800s reward=QoE=   -7.00 pacing=0.00s eps=0.626 loss=2.2478
[ep  656] longdress    driving_B_2020.01.16_12.10.03.csv block-000@180s reward=QoE=   56.24 pacing=0.22s eps=0.625 loss=1.9777
[ep  657] loot         driving_B_2020.02.13_15.02.01.csv block-000@2280s reward=QoE=   38.73 pacing=0.00s eps=0.625 loss=2.2769
[ep  658] redandblack  driving_B_2020.01.16_07.26.43.csv block-000@480s reward=QoE= -105.36 pacing=0.00s eps=0.624 loss=2.2739
[ep  659] soldier      driving_B_2019.12.16_12.27.05.csv block-000@1200s reward=QoE=   -8.58 pacing=0.00s eps=0.624 loss=2.4522
[ep  660] longdress    driving_B_2019.12.16_12.27.05.csv block-000@780s reward=QoE=   -5.92 pacing=0.00s eps=0.623 loss=2.0966
[ep  661] loot         driving_B_2020.02.14_12.58.17.csv block-002@536s reward=QoE= -203.70 pacing=0.00s eps=0.623 loss=2.3141
[ep  662] redandblack  driving_B_2019.12.16_12.27.05.csv block-000@780s reward=QoE=   43.79 pacing=0.00s eps=0.622 loss=2.1383
[ep  663] soldier      driving_B_2019.12.17_07.32.39.csv block-003@1594s reward=QoE=  -30.11 pacing=0.00s eps=0.622 loss=1.8704
[ep  664] longdress    driving_B_2020.01.16_09.56.56.csv block-001@1719s reward=QoE=   45.34 pacing=0.00s eps=0.621 loss=2.1934
[ep  665] loot         static_B_2020.02.27_18.39.27.csv block-001@2772s reward=QoE=   69.32 pacing=1.46s eps=0.620 loss=2.1252
[ep  666] redandblack  driving_B_2019.12.16_12.27.05.csv block-000@300s reward=QoE=  -15.40 pacing=0.00s eps=0.620 loss=2.3812
[ep  667] soldier      driving_B_2020.01.16_12.10.03.csv block-000@360s reward=QoE=   39.19 pacing=0.00s eps=0.619 loss=2.2471
[ep  668] longdress    driving_B_2020.02.27_17.30.15.csv block-002@353s reward=QoE= -120.71 pacing=0.00s eps=0.619 loss=2.2793
[ep  669] loot         driving_B_2020.02.14_09.38.22.csv block-000@1140s reward=QoE=  -21.91 pacing=0.00s eps=0.618 loss=2.2562
[ep  670] redandblack  driving_B_2020.02.14_09.38.22.csv block-000@900s reward=QoE= -145.75 pacing=0.00s eps=0.618 loss=2.3621
[ep  671] soldier      driving_B_2019.12.17_07.32.39.csv block-003@2014s reward=QoE= -132.96 pacing=0.00s eps=0.617 loss=2.3022
[ep  672] longdress    driving_B_2020.02.13_13.03.24.csv block-000@540s reward=QoE=  -72.46 pacing=0.00s eps=0.616 loss=2.1366
[ep  673] loot         driving_B_2020.01.16_12.10.03.csv block-000@240s reward=QoE=   56.39 pacing=1.72s eps=0.616 loss=2.2741
[ep  674] redandblack  driving_B_2020.02.13_13.03.24.csv block-000@360s reward=QoE=  -29.48 pacing=0.00s eps=0.615 loss=2.3932
[ep  675] soldier      driving_B_2020.02.14_12.58.17.csv block-002@536s reward=QoE= -235.26 pacing=0.00s eps=0.615 loss=1.9830
[ep  676] longdress    static_B_2020.02.14_13.21.26.csv block-000@60s reward=QoE=   54.30 pacing=0.54s eps=0.614 loss=2.2907
[ep  677] loot         driving_B_2020.02.13_15.02.01.csv block-000@360s reward=QoE=   55.41 pacing=0.00s eps=0.614 loss=2.2331
[ep  678] redandblack  driving_B_2020.02.13_13.03.24.csv block-000@240s reward=QoE=  -56.56 pacing=0.00s eps=0.613 loss=1.9319
[ep  679] soldier      driving_B_2020.02.14_12.58.17.csv block-002@716s reward=QoE=  -22.01 pacing=0.00s eps=0.612 loss=2.1063
[ep  680] longdress    driving_B_2020.02.14_12.58.17.csv block-002@656s reward=QoE=  -45.89 pacing=0.00s eps=0.612 loss=2.3184
[ep  681] loot         driving_B_2020.02.13_13.03.24.csv block-001@1874s reward=QoE= -169.86 pacing=0.00s eps=0.611 loss=2.1221
[ep  682] redandblack  static_B_2019.12.16_13.40.04.csv block-001@1015s reward=QoE=    2.00 pacing=0.00s eps=0.611 loss=2.1596
[ep  683] soldier      static_B_2019.12.16_13.40.04.csv block-005@1526s reward=QoE=   23.68 pacing=0.00s eps=0.610 loss=2.1414
[ep  684] longdress    driving_B_2020.02.14_12.58.17.csv block-000@0s reward=QoE=  -42.44 pacing=0.00s eps=0.610 loss=2.0126
[ep  685] loot         driving_B_2020.02.13_15.02.01.csv block-000@2160s reward=QoE=   48.21 pacing=0.00s eps=0.609 loss=1.8207
[ep  686] redandblack  driving_B_2020.01.16_12.10.03.csv block-000@120s reward=QoE=   66.20 pacing=0.94s eps=0.608 loss=2.0632
[ep  687] soldier      driving_B_2019.12.17_07.32.39.csv block-004@2537s reward=QoE=   61.36 pacing=1.05s eps=0.608 loss=1.9838
[ep  688] longdress    driving_B_2020.01.16_07.26.43.csv block-000@720s reward=QoE= -108.52 pacing=0.00s eps=0.607 loss=2.2783
[ep  689] loot         driving_B_2020.02.13_15.02.01.csv block-000@2040s reward=QoE=   69.98 pacing=0.41s eps=0.607 loss=2.2420
[ep  690] redandblack  driving_B_2020.01.16_12.10.03.csv block-000@60s reward=QoE=   42.42 pacing=0.00s eps=0.606 loss=2.4193
[ep  691] soldier      driving_B_2020.02.27_17.30.15.csv block-002@293s reward=QoE= -300.43 pacing=0.00s eps=0.606 loss=2.3529
[ep  692] longdress    driving_B_2020.02.14_12.58.17.csv block-002@716s reward=QoE=  -44.38 pacing=0.00s eps=0.605 loss=2.1960
[ep  693] loot         driving_B_2020.02.14_09.38.22.csv block-000@1080s reward=QoE=   49.51 pacing=2.17s eps=0.604 loss=1.9947
[ep  694] redandblack  driving_B_2020.02.14_12.58.17.csv block-000@0s reward=QoE=  -10.75 pacing=0.00s eps=0.604 loss=2.0687
[ep  695] soldier      static_B_2020.02.14_13.21.26.csv block-000@300s reward=QoE=   34.25 pacing=0.00s eps=0.603 loss=2.1833
[ep  696] longdress    driving_B_2020.02.13_15.02.01.csv block-000@0s reward=QoE=   49.28 pacing=0.00s eps=0.603 loss=2.1653
[ep  697] loot         driving_B_2020.02.13_13.03.24.csv block-000@420s reward=QoE=  -26.87 pacing=0.00s eps=0.602 loss=2.0011
[ep  698] redandblack  static_B_2019.12.16_13.40.04.csv block-001@655s reward=QoE=   45.60 pacing=0.00s eps=0.602 loss=2.0450
[ep  699] soldier      driving_B_2020.01.16_09.56.56.csv block-001@1119s reward=QoE=   54.79 pacing=1.09s eps=0.601 loss=2.3117
[ep  700] longdress    driving_B_2019.12.17_07.32.39.csv block-003@1534s reward=QoE=    5.82 pacing=0.00s eps=0.600 loss=1.9305
[ep  701] loot         static_B_2020.02.14_13.21.26.csv block-000@180s reward=QoE=   72.99 pacing=0.00s eps=0.600 loss=2.2070
[ep  702] redandblack  driving_B_2020.02.14_12.58.17.csv block-000@0s reward=QoE=  -21.35 pacing=0.00s eps=0.599 loss=2.0396
[ep  703] soldier      driving_B_2020.02.13_15.02.01.csv block-000@2880s reward=QoE=   41.88 pacing=0.00s eps=0.599 loss=2.0098
[ep  704] longdress    driving_B_2019.12.17_07.32.39.csv block-004@2357s reward=QoE=  -80.96 pacing=0.00s eps=0.598 loss=2.2512
[ep  705] loot         driving_B_2020.02.13_13.03.24.csv block-001@1634s reward=QoE=    0.95 pacing=0.00s eps=0.598 loss=2.0979
[ep  706] redandblack  driving_B_2020.02.27_17.30.15.csv block-002@293s reward=QoE= -272.80 pacing=0.00s eps=0.597 loss=2.2774
[ep  707] soldier      driving_B_2020.02.14_09.38.22.csv block-000@1440s reward=QoE=   55.01 pacing=0.62s eps=0.596 loss=2.0548
[ep  708] longdress    driving_B_2020.01.16_07.26.43.csv block-000@960s reward=QoE=  -75.14 pacing=0.00s eps=0.596 loss=2.0826
[ep  709] loot         driving_B_2020.01.16_07.26.43.csv block-000@1560s reward=QoE=  -23.89 pacing=0.00s eps=0.595 loss=1.8340
[ep  710] redandblack  static_B_2020.02.14_13.21.26.csv block-000@420s reward=QoE=   63.27 pacing=0.68s eps=0.595 loss=2.2360
[ep  711] soldier      driving_B_2020.01.16_12.10.03.csv block-000@240s reward=QoE=   59.12 pacing=1.19s eps=0.594 loss=2.0530
[ep  712] longdress    static_B_2020.02.27_18.39.27.csv block-001@2532s reward=QoE=   51.79 pacing=0.00s eps=0.594 loss=2.0078
[ep  713] loot         driving_B_2020.01.16_09.56.56.csv block-000@240s reward=QoE=   33.26 pacing=0.00s eps=0.593 loss=1.9789
[ep  714] redandblack  static_B_2019.12.16_13.40.04.csv block-000@0s reward=QoE=   45.22 pacing=0.00s eps=0.592 loss=1.7800
[ep  715] soldier      static_B_2020.02.14_13.21.26.csv block-000@1020s reward=QoE=   64.67 pacing=0.00s eps=0.592 loss=1.8485
[ep  716] longdress    static_B_2019.12.16_13.40.04.csv block-005@1466s reward=QoE=   49.08 pacing=0.00s eps=0.591 loss=2.3292
[ep  717] loot         driving_B_2020.01.16_12.10.03.csv block-000@0s reward=QoE=   49.61 pacing=2.13s eps=0.591 loss=2.4720
[ep  718] redandblack  driving_B_2020.02.13_15.02.01.csv block-000@840s reward=QoE=   23.91 pacing=0.00s eps=0.590 loss=1.9518
[ep  719] soldier      static_B_2019.12.16_13.40.04.csv block-001@595s reward=QoE=   60.02 pacing=0.00s eps=0.590 loss=2.0918
[ep  720] longdress    static_B_2020.02.27_18.39.27.csv block-001@1692s reward=QoE=   32.21 pacing=0.00s eps=0.589 loss=2.0918
[ep  721] loot         driving_B_2019.12.17_07.32.39.csv block-003@1774s reward=QoE=   48.25 pacing=0.00s eps=0.588 loss=1.8910
[ep  722] redandblack  driving_B_2020.02.14_09.38.22.csv block-000@720s reward=QoE=   51.93 pacing=2.32s eps=0.588 loss=2.2398
[ep  723] soldier      driving_B_2020.02.13_15.02.01.csv block-000@3000s reward=QoE=  -91.70 pacing=0.00s eps=0.587 loss=2.1227
[ep  724] longdress    driving_B_2020.01.16_12.10.03.csv block-000@360s reward=QoE=   62.54 pacing=0.00s eps=0.587 loss=2.0652
[ep  725] loot         driving_B_2020.01.16_07.26.43.csv block-000@0s reward=QoE=  -14.17 pacing=0.00s eps=0.586 loss=2.0842
[ep  726] redandblack  static_B_2019.12.16_13.40.04.csv block-005@1826s reward=QoE=   49.26 pacing=0.00s eps=0.586 loss=2.0746
[ep  727] soldier      driving_B_2020.02.27_17.30.15.csv block-002@353s reward=QoE=  -64.71 pacing=0.00s eps=0.585 loss=2.4109
[ep  728] longdress    driving_B_2020.02.27_17.30.15.csv block-002@293s reward=QoE= -323.98 pacing=0.00s eps=0.584 loss=2.0382
[ep  729] loot         driving_B_2020.01.16_12.10.03.csv block-000@180s reward=QoE=   50.73 pacing=0.76s eps=0.584 loss=2.2181
[ep  730] redandblack  driving_B_2020.01.16_12.10.03.csv block-000@180s reward=QoE=   72.10 pacing=0.00s eps=0.583 loss=1.9945
[ep  731] soldier      static_B_2020.02.27_18.39.27.csv block-001@6012s reward=QoE=   54.95 pacing=0.83s eps=0.583 loss=2.1577
[ep  732] longdress    driving_B_2020.01.16_12.10.03.csv block-000@300s reward=QoE=   19.84 pacing=0.00s eps=0.582 loss=1.8955
[ep  733] loot         driving_B_2019.12.16_12.27.05.csv block-000@1020s reward=QoE=   72.08 pacing=0.00s eps=0.582 loss=2.1114
[ep  734] redandblack  driving_B_2020.01.16_12.10.03.csv block-000@120s reward=QoE=   62.65 pacing=1.73s eps=0.581 loss=2.1468
[ep  735] soldier      driving_B_2019.12.17_07.32.39.csv block-004@2297s reward=QoE=   50.16 pacing=0.00s eps=0.580 loss=2.1404
[ep  736] longdress    driving_B_2020.02.13_13.03.24.csv block-001@1814s reward=QoE= -173.52 pacing=0.00s eps=0.580 loss=2.1232
[ep  737] loot         driving_B_2020.02.13_15.02.01.csv block-000@1260s reward=QoE=   22.17 pacing=0.00s eps=0.579 loss=2.1778
[ep  738] redandblack  driving_B_2020.01.16_09.56.56.csv block-001@519s reward=QoE=   40.49 pacing=0.59s eps=0.579 loss=2.2199
[ep  739] soldier      static_B_2020.02.27_18.39.27.csv block-001@1092s reward=QoE=   54.93 pacing=0.00s eps=0.578 loss=2.2264
[ep  740] longdress    driving_B_2020.02.13_13.03.24.csv block-001@1334s reward=QoE=  -46.47 pacing=0.00s eps=0.578 loss=2.3684
[ep  741] loot         static_B_2020.02.27_18.39.27.csv block-001@72s reward=QoE=   68.12 pacing=1.48s eps=0.577 loss=1.9558
[ep  742] redandblack  driving_B_2020.02.27_17.30.15.csv block-002@353s reward=QoE= -146.00 pacing=0.00s eps=0.576 loss=2.0899
[ep  743] soldier      static_B_2020.02.14_13.21.26.csv block-000@540s reward=QoE=   55.12 pacing=0.45s eps=0.576 loss=2.0776
[ep  744] longdress    static_B_2020.02.14_13.21.26.csv block-000@900s reward=QoE=   33.64 pacing=0.00s eps=0.575 loss=2.0054
[ep  745] loot         driving_B_2020.02.14_09.38.22.csv block-000@540s reward=QoE=  -41.19 pacing=0.00s eps=0.575 loss=1.9071
[ep  746] redandblack  driving_B_2019.12.16_12.27.05.csv block-000@60s reward=QoE=  -13.06 pacing=0.00s eps=0.574 loss=2.0197
[ep  747] soldier      driving_B_2020.01.16_09.56.56.csv block-000@360s reward=QoE=   24.73 pacing=0.00s eps=0.574 loss=1.9667
[ep  748] longdress    static_B_2020.02.14_13.21.26.csv block-000@300s reward=QoE=   30.93 pacing=0.00s eps=0.573 loss=2.2721
[ep  749] loot         static_B_2019.12.16_13.40.04.csv block-006@2232s reward=QoE=   71.40 pacing=1.06s eps=0.572 loss=2.1844
[ep  750] redandblack  driving_B_2020.01.16_07.26.43.csv block-000@1080s reward=QoE=   21.83 pacing=0.00s eps=0.572 loss=1.9898
[ep  751] soldier      driving_B_2019.12.17_07.32.39.csv block-000@420s reward=QoE=   -1.62 pacing=0.00s eps=0.571 loss=1.8614
[ep  752] longdress    static_B_2019.12.16_13.40.04.csv block-005@1586s reward=QoE=   27.30 pacing=0.00s eps=0.571 loss=1.9933
[ep  753] loot         driving_B_2019.12.17_07.32.39.csv block-000@900s reward=QoE=   -9.52 pacing=0.00s eps=0.570 loss=2.0269
[ep  754] redandblack  static_B_2020.02.27_18.39.27.csv block-001@1152s reward=QoE=   54.29 pacing=0.00s eps=0.570 loss=1.9699
[ep  755] soldier      driving_B_2020.01.16_12.10.03.csv block-000@240s reward=QoE=   56.50 pacing=0.95s eps=0.569 loss=2.0556
[ep  756] longdress    driving_B_2020.01.16_09.56.56.csv block-001@1059s reward=QoE=  -59.28 pacing=0.00s eps=0.568 loss=1.8828
[ep  757] loot         driving_B_2020.02.27_17.30.15.csv block-002@413s reward=QoE= -103.17 pacing=0.00s eps=0.568 loss=1.8865
[ep  758] redandblack  driving_B_2020.02.13_13.03.24.csv block-001@914s reward=QoE= -159.37 pacing=0.00s eps=0.567 loss=2.1595
[ep  759] soldier      driving_B_2020.02.14_09.38.22.csv block-000@1560s reward=QoE=   -0.17 pacing=0.00s eps=0.567 loss=1.9415
[ep  760] longdress    static_B_2020.02.27_18.39.27.csv block-001@4932s reward=QoE=   31.09 pacing=0.00s eps=0.566 loss=2.1389
[ep  761] loot         driving_B_2020.01.16_12.10.03.csv block-000@0s reward=QoE=   54.00 pacing=2.32s eps=0.566 loss=2.0535
[ep  762] redandblack  driving_B_2019.12.17_07.32.39.csv block-004@2417s reward=QoE=  -33.52 pacing=0.00s eps=0.565 loss=2.1941
[ep  763] soldier      driving_B_2020.01.16_12.10.03.csv block-000@360s reward=QoE=   60.52 pacing=0.00s eps=0.564 loss=1.9567
[ep  764] longdress    driving_B_2020.02.14_09.38.22.csv block-000@1500s reward=QoE=  -76.70 pacing=0.00s eps=0.564 loss=2.3409
[ep  765] loot         static_B_2020.02.27_18.39.27.csv block-001@3552s reward=QoE=   24.15 pacing=0.00s eps=0.563 loss=2.0021
[ep  766] redandblack  driving_B_2020.01.16_12.10.03.csv block-000@300s reward=QoE=   14.41 pacing=0.00s eps=0.563 loss=2.1998
[ep  767] soldier      driving_B_2020.02.14_09.38.22.csv block-000@1200s reward=QoE= -192.12 pacing=0.00s eps=0.562 loss=1.9014
[ep  768] longdress    driving_B_2020.02.14_12.58.17.csv block-002@536s reward=QoE= -233.04 pacing=0.00s eps=0.562 loss=2.0812
[ep  769] loot         driving_B_2020.02.14_12.58.17.csv block-002@656s reward=QoE=   18.26 pacing=0.00s eps=0.561 loss=2.0583
[ep  770] redandblack  driving_B_2020.02.27_17.30.15.csv block-002@413s reward=QoE=  -52.88 pacing=0.00s eps=0.560 loss=1.9408
[ep  771] soldier      driving_B_2020.02.13_15.02.01.csv block-000@1140s reward=QoE=   62.54 pacing=0.00s eps=0.560 loss=2.1300
[ep  772] longdress    driving_B_2020.02.27_17.30.15.csv block-002@533s reward=QoE= -153.05 pacing=0.00s eps=0.559 loss=1.9901
[ep  773] loot         driving_B_2020.02.27_17.30.15.csv block-002@533s reward=QoE=  -83.29 pacing=0.00s eps=0.559 loss=1.9318
[ep  774] redandblack  driving_B_2020.01.16_12.10.03.csv block-000@0s reward=QoE=   52.52 pacing=2.08s eps=0.558 loss=1.9068
[ep  775] soldier      driving_B_2019.12.17_07.32.39.csv block-000@120s reward=QoE=  -15.87 pacing=0.00s eps=0.558 loss=1.7986
[ep  776] longdress    static_B_2019.12.16_13.40.04.csv block-005@1766s reward=QoE=   74.43 pacing=0.00s eps=0.557 loss=2.0458
[ep  777] loot         driving_B_2020.02.14_12.58.17.csv block-002@596s reward=QoE=  -35.04 pacing=0.00s eps=0.556 loss=1.8376
[ep  778] redandblack  driving_B_2020.02.14_09.38.22.csv block-000@1260s reward=QoE=  -64.02 pacing=0.00s eps=0.556 loss=2.1810
[ep  779] soldier      driving_B_2020.02.13_15.02.01.csv block-000@540s reward=QoE=  -42.83 pacing=0.00s eps=0.555 loss=1.9047
[ep  780] longdress    driving_B_2019.12.17_07.32.39.csv block-003@1894s reward=QoE=  -86.62 pacing=0.00s eps=0.555 loss=1.9126
[ep  781] loot         driving_B_2020.02.13_13.03.24.csv block-001@1514s reward=QoE=  -27.15 pacing=0.00s eps=0.554 loss=2.1958
[ep  782] redandblack  driving_B_2020.02.14_09.38.22.csv block-000@780s reward=QoE=   57.64 pacing=0.11s eps=0.554 loss=2.1540
[ep  783] soldier      static_B_2020.02.27_18.39.27.csv block-001@3612s reward=QoE= -278.97 pacing=0.00s eps=0.553 loss=2.1323
[ep  784] longdress    driving_B_2020.02.14_12.58.17.csv block-002@716s reward=QoE=  -26.88 pacing=0.00s eps=0.552 loss=1.8057
[ep  785] loot         static_B_2020.02.14_13.21.26.csv block-000@840s reward=QoE=   69.32 pacing=1.40s eps=0.552 loss=1.7845
[ep  786] redandblack  static_B_2020.02.14_13.21.26.csv block-000@540s reward=QoE=   68.05 pacing=0.00s eps=0.551 loss=2.3792
[ep  787] soldier      driving_B_2020.01.16_09.56.56.csv block-001@939s reward=QoE=   -6.73 pacing=0.00s eps=0.551 loss=1.8692
[ep  788] longdress    driving_B_2020.02.13_13.03.24.csv block-001@1694s reward=QoE=  -58.61 pacing=0.00s eps=0.550 loss=2.3421
[ep  789] loot         driving_B_2020.02.13_15.02.01.csv block-000@1080s reward=QoE=  -50.61 pacing=0.00s eps=0.550 loss=2.2472
[ep  790] redandblack  driving_B_2020.02.27_17.30.15.csv block-002@473s reward=QoE= -336.12 pacing=0.00s eps=0.549 loss=1.9662
[ep  791] soldier      driving_B_2020.02.14_09.38.22.csv block-000@1200s reward=QoE=  -50.75 pacing=0.00s eps=0.548 loss=2.0059
[ep  792] longdress    static_B_2019.12.16_13.40.04.csv block-005@1646s reward=QoE=   53.55 pacing=0.30s eps=0.548 loss=1.7589
[ep  793] loot         driving_B_2020.02.13_15.02.01.csv block-000@300s reward=QoE=   59.79 pacing=1.96s eps=0.547 loss=1.9778
[ep  794] redandblack  driving_B_2020.01.16_09.56.56.csv block-001@1179s reward=QoE=    7.71 pacing=0.00s eps=0.547 loss=2.0402
[ep  795] soldier      driving_B_2020.02.27_17.30.15.csv block-002@473s reward=QoE= -480.90 pacing=0.00s eps=0.546 loss=2.2531
[ep  796] longdress    static_B_2020.02.27_18.39.27.csv block-001@4092s reward=QoE=   26.26 pacing=0.00s eps=0.546 loss=2.0824
[ep  797] loot         driving_B_2020.02.13_15.02.01.csv block-000@1620s reward=QoE=  -54.29 pacing=0.00s eps=0.545 loss=1.9260
[ep  798] redandblack  static_B_2019.12.16_13.40.04.csv block-000@240s reward=QoE=   30.58 pacing=0.00s eps=0.544 loss=2.1036
[ep  799] soldier      driving_B_2020.01.16_07.26.43.csv block-000@1740s reward=QoE= -204.32 pacing=0.00s eps=0.544 loss=1.9533
[ep  800] longdress    static_B_2019.12.16_13.40.04.csv block-005@2006s reward=QoE=   34.58 pacing=0.00s eps=0.543 loss=2.0388
    [eval @ ep 800] reward=QoE=48.66 mean_q=0.623 stall=1.3s  <-- best (saved)
[ep  801] loot         driving_B_2019.12.16_12.27.05.csv block-000@840s reward=QoE=   39.32 pacing=0.00s eps=0.543 loss=2.2062
[ep  802] redandblack  driving_B_2020.02.27_17.30.15.csv block-002@473s reward=QoE= -404.52 pacing=0.00s eps=0.542 loss=2.0318
[ep  803] soldier      driving_B_2020.02.14_12.58.17.csv block-002@596s reward=QoE=  -62.10 pacing=0.00s eps=0.542 loss=2.7226
[ep  804] longdress    static_B_2020.02.14_13.21.26.csv block-000@660s reward=QoE=   52.61 pacing=0.76s eps=0.541 loss=2.2165
[ep  805] loot         driving_B_2020.02.14_12.58.17.csv block-002@596s reward=QoE=  -29.64 pacing=0.00s eps=0.540 loss=2.1481
[ep  806] redandblack  static_B_2020.02.27_18.39.27.csv block-001@12s reward=QoE=   52.63 pacing=2.10s eps=0.540 loss=2.3055
[ep  807] soldier      static_B_2020.02.14_13.21.26.csv block-000@720s reward=QoE=   75.20 pacing=0.00s eps=0.539 loss=2.2446
[ep  808] longdress    driving_B_2019.12.16_12.27.05.csv block-000@120s reward=QoE=  -39.69 pacing=0.00s eps=0.539 loss=2.1082
[ep  809] loot         static_B_2020.02.27_18.39.27.csv block-001@5292s reward=QoE=  -37.36 pacing=0.00s eps=0.538 loss=2.0415
[ep  810] redandblack  driving_B_2020.02.14_09.38.22.csv block-000@480s reward=QoE=  -22.61 pacing=0.00s eps=0.538 loss=2.4629
[ep  811] soldier      driving_B_2020.02.13_13.03.24.csv block-001@1154s reward=QoE= -136.37 pacing=0.00s eps=0.537 loss=2.1898
[ep  812] longdress    driving_B_2020.01.16_12.10.03.csv block-000@180s reward=QoE=   57.01 pacing=0.00s eps=0.536 loss=2.3736
[ep  813] loot         driving_B_2020.02.13_15.02.01.csv block-000@1020s reward=QoE=   61.10 pacing=2.41s eps=0.536 loss=2.5306
[ep  814] redandblack  driving_B_2020.02.13_13.03.24.csv block-007@2290s reward=QoE= -153.53 pacing=0.00s eps=0.535 loss=2.6341
[ep  815] soldier      driving_B_2020.02.13_15.02.01.csv block-000@1800s reward=QoE= -230.95 pacing=0.00s eps=0.535 loss=2.3931
[ep  816] longdress    driving_B_2020.01.16_07.26.43.csv block-000@1440s reward=QoE=   28.68 pacing=0.00s eps=0.534 loss=2.7226
[ep  817] loot         static_B_2020.02.27_18.39.27.csv block-001@3972s reward=QoE=   65.92 pacing=0.00s eps=0.534 loss=2.2048
[ep  818] redandblack  driving_B_2020.02.27_17.30.15.csv block-002@473s reward=QoE= -347.98 pacing=0.00s eps=0.533 loss=2.0915
[ep  819] soldier      driving_B_2020.02.13_15.02.01.csv block-000@1920s reward=QoE=   28.34 pacing=0.00s eps=0.532 loss=2.2174
[ep  820] longdress    static_B_2019.12.16_13.40.04.csv block-001@715s reward=QoE=   30.23 pacing=0.00s eps=0.532 loss=2.1272
[ep  821] loot         driving_B_2020.01.16_09.56.56.csv block-001@1119s reward=QoE=   56.66 pacing=2.17s eps=0.531 loss=2.4539
[ep  822] redandblack  static_B_2019.12.16_13.40.04.csv block-005@1946s reward=QoE=   63.61 pacing=0.00s eps=0.531 loss=2.3077
[ep  823] soldier      static_B_2020.02.14_13.21.26.csv block-000@120s reward=QoE=   68.83 pacing=1.00s eps=0.530 loss=2.3784
[ep  824] longdress    driving_B_2020.02.14_12.58.17.csv block-002@596s reward=QoE= -108.70 pacing=0.00s eps=0.530 loss=2.1554
[ep  825] loot         driving_B_2020.02.14_09.38.22.csv block-000@1320s reward=QoE=  -96.27 pacing=0.00s eps=0.529 loss=2.1619
[ep  826] redandblack  static_B_2020.02.14_13.21.26.csv block-000@360s reward=QoE=   61.73 pacing=0.29s eps=0.528 loss=1.9979
[ep  827] soldier      driving_B_2020.01.16_09.56.56.csv block-000@0s reward=QoE=   25.78 pacing=0.00s eps=0.528 loss=2.3165
[ep  828] longdress    driving_B_2020.02.14_12.58.17.csv block-002@656s reward=QoE=   13.63 pacing=0.00s eps=0.527 loss=2.2651
[ep  829] loot         driving_B_2019.12.16_12.27.05.csv block-000@0s reward=QoE=   37.09 pacing=0.00s eps=0.527 loss=2.1414
[ep  830] redandblack  driving_B_2020.01.16_07.26.43.csv block-000@360s reward=QoE= -111.95 pacing=0.00s eps=0.526 loss=2.3682
[ep  831] soldier      driving_B_2020.01.16_12.10.03.csv block-000@0s reward=QoE=   58.88 pacing=1.39s eps=0.526 loss=2.2282
[ep  832] longdress    driving_B_2020.02.13_15.02.01.csv block-000@1980s reward=QoE=   68.87 pacing=0.00s eps=0.525 loss=2.2692
[ep  833] redandblack  driving_B_2020.01.16_07.26.43.csv block-000@1440s reward=QoE=   56.35 pacing=0.00s eps=0.524 loss=2.4171
[ep  834] soldier      static_B_2020.02.14_13.21.26.csv block-000@60s reward=QoE=   72.14 pacing=0.56s eps=0.524 loss=2.3896
[ep  835] longdress    driving_B_2019.12.16_12.27.05.csv block-000@300s reward=QoE=  -35.59 pacing=0.00s eps=0.523 loss=2.0803
[ep  836] loot         driving_B_2020.02.14_09.38.22.csv block-000@1140s reward=QoE=  -24.07 pacing=0.00s eps=0.523 loss=2.2068
[ep  837] redandblack  static_B_2019.12.16_13.40.04.csv block-001@715s reward=QoE=   41.80 pacing=0.00s eps=0.522 loss=2.5250
[ep  838] soldier      driving_B_2020.01.16_12.10.03.csv block-000@360s reward=QoE=   58.84 pacing=0.00s eps=0.522 loss=2.2418
[ep  839] longdress    driving_B_2020.01.16_12.10.03.csv block-000@300s reward=QoE=   21.81 pacing=0.00s eps=0.521 loss=2.1418
[ep  840] loot         driving_B_2020.02.13_13.03.24.csv block-001@1874s reward=QoE= -199.77 pacing=0.00s eps=0.520 loss=2.2429
[ep  841] redandblack  static_B_2019.12.16_13.40.04.csv block-005@1946s reward=QoE=   54.97 pacing=0.00s eps=0.520 loss=2.1721
[ep  842] soldier      driving_B_2020.02.13_13.03.24.csv block-001@1574s reward=QoE=  -69.14 pacing=0.00s eps=0.519 loss=2.4357
[ep  843] longdress    driving_B_2020.02.13_13.03.24.csv block-000@600s reward=QoE=  -44.87 pacing=0.00s eps=0.519 loss=1.9113
[ep  844] loot         driving_B_2019.12.16_12.27.05.csv block-000@60s reward=QoE=   -4.17 pacing=0.00s eps=0.518 loss=2.2292
[ep  845] redandblack  driving_B_2020.02.14_12.58.17.csv block-002@536s reward=QoE= -198.83 pacing=0.00s eps=0.518 loss=2.2340
[ep  846] soldier      driving_B_2020.02.13_15.02.01.csv block-000@2460s reward=QoE=   46.78 pacing=0.00s eps=0.517 loss=2.2802
[ep  847] longdress    driving_B_2019.12.17_07.32.39.csv block-003@1534s reward=QoE=   37.93 pacing=0.00s eps=0.516 loss=2.4237
[ep  848] loot         driving_B_2020.01.16_07.26.43.csv block-000@180s reward=QoE= -175.84 pacing=0.00s eps=0.516 loss=2.2103
[ep  849] redandblack  driving_B_2020.01.16_12.10.03.csv block-000@360s reward=QoE=   58.72 pacing=0.00s eps=0.515 loss=2.4421
[ep  850] soldier      driving_B_2020.02.27_17.30.15.csv block-002@473s reward=QoE= -459.64 pacing=0.00s eps=0.515 loss=2.2002
[ep  851] longdress    driving_B_2020.02.13_15.02.01.csv block-000@1680s reward=QoE=  -79.77 pacing=0.00s eps=0.514 loss=2.2566
[ep  852] loot         static_B_2020.02.14_13.21.26.csv block-000@300s reward=QoE=   29.53 pacing=0.00s eps=0.514 loss=2.2838
[ep  853] redandblack  driving_B_2019.12.16_12.27.05.csv block-000@420s reward=QoE= -160.11 pacing=0.00s eps=0.513 loss=2.3890
[ep  854] soldier      driving_B_2019.12.17_07.32.39.csv block-003@2134s reward=QoE=   11.58 pacing=0.00s eps=0.512 loss=2.0203
[ep  855] longdress    driving_B_2019.12.16_12.27.05.csv block-000@1080s reward=QoE=   64.90 pacing=0.00s eps=0.512 loss=2.1741
[ep  856] loot         driving_B_2020.01.16_09.56.56.csv block-001@819s reward=QoE=   56.53 pacing=0.35s eps=0.511 loss=2.2309
[ep  857] redandblack  static_B_2020.02.27_18.39.27.csv block-001@1212s reward=QoE=   57.70 pacing=0.00s eps=0.511 loss=2.4528
[ep  858] soldier      static_B_2020.02.14_13.21.26.csv block-000@240s reward=QoE=   67.97 pacing=1.58s eps=0.510 loss=2.4213
[ep  859] longdress    driving_B_2020.01.16_09.56.56.csv block-001@939s reward=QoE=  -13.28 pacing=0.00s eps=0.510 loss=2.2032
[ep  860] loot         driving_B_2020.02.14_09.38.22.csv block-000@1020s reward=QoE=   64.68 pacing=1.11s eps=0.509 loss=2.1940
[ep  861] redandblack  driving_B_2019.12.17_07.32.39.csv block-003@1954s reward=QoE=  -48.74 pacing=0.00s eps=0.508 loss=2.2880
[ep  862] soldier      driving_B_2020.02.13_15.02.01.csv block-000@2940s reward=QoE=  -90.28 pacing=0.00s eps=0.508 loss=2.1468
[ep  863] longdress    driving_B_2020.02.14_12.58.17.csv block-002@656s reward=QoE=    3.44 pacing=0.00s eps=0.507 loss=2.0404
[ep  864] loot         driving_B_2020.01.16_09.56.56.csv block-001@1179s reward=QoE=   -5.00 pacing=0.00s eps=0.507 loss=2.1841
[ep  865] redandblack  driving_B_2020.01.16_07.26.43.csv block-000@900s reward=QoE=   28.50 pacing=0.00s eps=0.506 loss=2.1706
[ep  866] soldier      driving_B_2019.12.17_07.32.39.csv block-000@540s reward=QoE= -104.01 pacing=0.00s eps=0.506 loss=2.3511
[ep  867] longdress    driving_B_2020.02.14_09.38.22.csv block-000@660s reward=QoE=   24.40 pacing=0.00s eps=0.505 loss=2.1783
[ep  868] loot         driving_B_2020.02.14_09.38.22.csv block-000@60s reward=QoE=   -8.14 pacing=0.00s eps=0.504 loss=2.0494
[ep  869] redandblack  driving_B_2020.02.27_17.30.15.csv block-002@413s reward=QoE=  -10.67 pacing=0.00s eps=0.504 loss=2.0413
[ep  870] soldier      static_B_2019.12.16_13.40.04.csv block-005@1826s reward=QoE=   52.67 pacing=0.00s eps=0.503 loss=2.1090
[ep  871] longdress    driving_B_2020.02.27_17.30.15.csv block-002@353s reward=QoE= -140.88 pacing=0.00s eps=0.503 loss=2.0174
[ep  872] loot         driving_B_2020.01.16_07.26.43.csv block-000@1500s reward=QoE=    1.14 pacing=0.00s eps=0.502 loss=2.2931
[ep  873] redandblack  driving_B_2020.02.14_12.58.17.csv block-002@536s reward=QoE= -170.79 pacing=0.00s eps=0.502 loss=2.3024
[ep  874] soldier      driving_B_2019.12.16_12.27.05.csv block-000@600s reward=QoE=  -53.74 pacing=0.00s eps=0.501 loss=2.3490
[ep  875] longdress    driving_B_2020.02.13_15.02.01.csv block-000@2640s reward=QoE= -155.46 pacing=0.00s eps=0.500 loss=2.2087
[ep  876] loot         driving_B_2020.01.16_09.56.56.csv block-001@1059s reward=QoE=   -9.32 pacing=0.00s eps=0.500 loss=2.3164
[ep  877] redandblack  static_B_2020.02.27_18.39.27.csv block-001@3732s reward=QoE=   81.77 pacing=0.00s eps=0.499 loss=2.2327
[ep  878] soldier      static_B_2019.12.16_13.40.04.csv block-005@1526s reward=QoE=   21.94 pacing=0.00s eps=0.499 loss=2.1671
[ep  879] longdress    driving_B_2020.02.27_17.30.15.csv block-002@413s reward=QoE= -486.61 pacing=0.00s eps=0.498 loss=2.1466
[ep  880] loot         driving_B_2020.01.16_12.10.03.csv block-000@0s reward=QoE=   52.41 pacing=1.98s eps=0.498 loss=2.1755
[ep  881] redandblack  driving_B_2020.02.14_12.58.17.csv block-002@536s reward=QoE= -179.56 pacing=0.00s eps=0.497 loss=2.0502
[ep  882] soldier      driving_B_2020.02.14_09.38.22.csv block-000@360s reward=QoE=  -93.22 pacing=0.00s eps=0.496 loss=2.2806
[ep  883] longdress    static_B_2020.02.27_18.39.27.csv block-001@1992s reward=QoE=   37.55 pacing=0.00s eps=0.496 loss=2.1906
[ep  884] loot         driving_B_2019.12.17_07.32.39.csv block-000@720s reward=QoE=   -4.10 pacing=0.00s eps=0.495 loss=2.4238
[ep  885] redandblack  driving_B_2020.02.27_17.30.15.csv block-002@293s reward=QoE= -267.46 pacing=0.00s eps=0.495 loss=2.2596
[ep  886] soldier      driving_B_2019.12.17_07.32.39.csv block-000@660s reward=QoE=   -5.18 pacing=0.00s eps=0.494 loss=2.0922
[ep  887] longdress    driving_B_2020.01.16_07.26.43.csv block-000@1200s reward=QoE=   33.70 pacing=0.00s eps=0.494 loss=2.1347
[ep  888] loot         static_B_2020.02.27_18.39.27.csv block-001@2532s reward=QoE=   64.87 pacing=0.00s eps=0.493 loss=2.3488
[ep  889] redandblack  driving_B_2019.12.16_12.27.05.csv block-000@480s reward=QoE=  -26.96 pacing=0.00s eps=0.492 loss=2.3614
[ep  890] soldier      driving_B_2019.12.16_12.27.05.csv block-000@0s reward=QoE=   10.51 pacing=0.00s eps=0.492 loss=2.1496
[ep  891] longdress    static_B_2019.12.16_13.40.04.csv block-001@1135s reward=QoE=   18.14 pacing=0.00s eps=0.491 loss=2.4038
[ep  892] loot         driving_B_2020.01.16_07.26.43.csv block-000@1680s reward=QoE=   -5.14 pacing=0.00s eps=0.491 loss=2.2197
[ep  893] redandblack  driving_B_2020.02.14_09.38.22.csv block-000@480s reward=QoE=    1.28 pacing=0.00s eps=0.490 loss=2.5053
[ep  894] soldier      driving_B_2020.02.13_15.02.01.csv block-000@1980s reward=QoE=   73.00 pacing=0.00s eps=0.490 loss=2.1139
[ep  895] longdress    driving_B_2020.02.27_17.30.15.csv block-002@473s reward=QoE= -358.48 pacing=0.00s eps=0.489 loss=2.2409
[ep  896] loot         static_B_2020.02.14_13.21.26.csv block-000@660s reward=QoE=   71.29 pacing=1.77s eps=0.488 loss=2.2005
[ep  897] redandblack  static_B_2019.12.16_13.40.04.csv block-005@1466s reward=QoE=   52.99 pacing=0.00s eps=0.488 loss=2.1746
[ep  898] soldier      driving_B_2020.01.16_09.56.56.csv block-001@1599s reward=QoE=   67.06 pacing=0.00s eps=0.487 loss=2.1856
[ep  899] longdress    static_B_2020.02.14_13.21.26.csv block-000@480s reward=QoE=   71.03 pacing=0.00s eps=0.487 loss=2.1722
[ep  900] loot         static_B_2020.02.14_13.21.26.csv block-000@420s reward=QoE=   57.75 pacing=0.57s eps=0.486 loss=2.1349
[ep  901] redandblack  driving_B_2020.01.16_07.26.43.csv block-000@1620s reward=QoE=  -24.02 pacing=0.00s eps=0.486 loss=2.3291
[ep  902] soldier      driving_B_2020.02.14_12.58.17.csv block-000@0s reward=QoE=  -14.50 pacing=0.00s eps=0.485 loss=2.2131
[ep  903] longdress    static_B_2020.02.14_13.21.26.csv block-000@180s reward=QoE=   70.25 pacing=0.00s eps=0.484 loss=2.8268
[ep  904] loot         driving_B_2020.02.27_17.30.15.csv block-002@473s reward=QoE= -254.19 pacing=0.00s eps=0.484 loss=1.9822
[ep  905] redandblack  static_B_2020.02.27_18.39.27.csv block-001@1692s reward=QoE=   41.61 pacing=0.00s eps=0.483 loss=2.4587
[ep  906] soldier      driving_B_2020.02.13_15.02.01.csv block-000@480s reward=QoE=   62.32 pacing=0.00s eps=0.483 loss=2.0861
[ep  907] longdress    static_B_2020.02.27_18.39.27.csv block-001@3312s reward=QoE=   44.48 pacing=0.00s eps=0.482 loss=2.5484
[ep  908] loot         driving_B_2020.02.14_12.58.17.csv block-002@716s reward=QoE=   17.12 pacing=0.00s eps=0.482 loss=2.1589
[ep  909] redandblack  driving_B_2020.02.14_12.58.17.csv block-002@716s reward=QoE=   14.98 pacing=0.00s eps=0.481 loss=2.1572
[ep  910] soldier      driving_B_2020.02.13_13.03.24.csv block-000@300s reward=QoE=  -45.95 pacing=0.00s eps=0.480 loss=2.2777
[ep  911] longdress    driving_B_2020.01.16_09.56.56.csv block-001@759s reward=QoE=   27.05 pacing=0.00s eps=0.480 loss=2.0917
[ep  912] loot         static_B_2020.02.14_13.21.26.csv block-000@420s reward=QoE=   65.40 pacing=0.00s eps=0.479 loss=2.0820
[ep  913] redandblack  driving_B_2020.01.16_09.56.56.csv block-000@120s reward=QoE= -121.02 pacing=0.00s eps=0.479 loss=2.0563
[ep  914] soldier      driving_B_2020.02.13_13.03.24.csv block-001@1514s reward=QoE= -157.06 pacing=0.00s eps=0.478 loss=2.2703
[ep  915] longdress    driving_B_2019.12.16_12.27.05.csv block-000@720s reward=QoE=  -35.26 pacing=0.00s eps=0.478 loss=1.9668
[ep  916] loot         static_B_2020.02.27_18.39.27.csv block-001@4032s reward=QoE=   63.02 pacing=0.00s eps=0.477 loss=2.3659
[ep  917] redandblack  static_B_2020.02.14_13.21.26.csv block-000@900s reward=QoE=   54.23 pacing=0.47s eps=0.476 loss=2.2755
[ep  918] soldier      driving_B_2019.12.17_07.32.39.csv block-000@780s reward=QoE=   -8.60 pacing=0.00s eps=0.476 loss=2.2314
[ep  919] longdress    static_B_2020.02.27_18.39.27.csv block-001@6132s reward=QoE=   68.29 pacing=0.00s eps=0.475 loss=2.3523
[ep  920] loot         driving_B_2020.02.13_15.02.01.csv block-000@2520s reward=QoE=  -13.12 pacing=0.00s eps=0.475 loss=2.1608
[ep  921] redandblack  driving_B_2020.01.16_12.10.03.csv block-000@240s reward=QoE=   60.71 pacing=1.73s eps=0.474 loss=2.4488
[ep  922] soldier      driving_B_2019.12.16_12.27.05.csv block-000@240s reward=QoE=   16.82 pacing=0.00s eps=0.474 loss=1.9490
[ep  923] longdress    driving_B_2020.02.13_13.03.24.csv block-001@1334s reward=QoE= -102.13 pacing=0.00s eps=0.473 loss=2.1171
[ep  924] loot         driving_B_2020.02.13_13.03.24.csv block-001@1394s reward=QoE=   10.91 pacing=0.00s eps=0.472 loss=2.3137
[ep  925] redandblack  driving_B_2020.01.16_09.56.56.csv block-001@879s reward=QoE=   42.23 pacing=0.00s eps=0.472 loss=2.1021
[ep  926] soldier      driving_B_2019.12.16_12.27.05.csv block-000@1140s reward=QoE=   37.95 pacing=0.00s eps=0.471 loss=2.3419
[ep  927] longdress    driving_B_2020.02.13_13.03.24.csv block-001@1934s reward=QoE=   11.79 pacing=0.00s eps=0.471 loss=2.1378
[ep  928] loot         driving_B_2020.02.14_12.58.17.csv block-002@656s reward=QoE=   29.13 pacing=0.00s eps=0.470 loss=2.4194
[ep  929] redandblack  driving_B_2019.12.16_12.27.05.csv block-000@600s reward=QoE=  -44.07 pacing=0.00s eps=0.470 loss=2.2337
[ep  930] soldier      static_B_2019.12.16_13.40.04.csv block-001@655s reward=QoE=   46.99 pacing=0.00s eps=0.469 loss=2.2185
[ep  931] longdress    driving_B_2020.02.13_15.02.01.csv block-000@1620s reward=QoE=  -32.97 pacing=0.00s eps=0.468 loss=2.2653
[ep  932] loot         driving_B_2019.12.17_07.32.39.csv block-000@1020s reward=QoE=   -8.82 pacing=0.00s eps=0.468 loss=2.0612
[ep  933] redandblack  driving_B_2020.02.14_12.58.17.csv block-002@536s reward=QoE= -175.88 pacing=0.00s eps=0.467 loss=2.0338
[ep  934] soldier      driving_B_2020.02.13_13.03.24.csv block-001@1994s reward=QoE=   29.74 pacing=0.00s eps=0.467 loss=2.2733
[ep  935] longdress    static_B_2020.02.14_13.21.26.csv block-000@540s reward=QoE=   62.69 pacing=0.00s eps=0.466 loss=2.1345
[ep  936] loot         static_B_2019.12.16_13.40.04.csv block-006@2232s reward=QoE=   73.79 pacing=0.70s eps=0.466 loss=1.9706
[ep  937] redandblack  static_B_2019.12.16_13.40.04.csv block-000@180s reward=QoE=   51.32 pacing=0.04s eps=0.465 loss=2.0461
[ep  938] soldier      driving_B_2020.02.13_15.02.01.csv block-000@2400s reward=QoE=   62.96 pacing=0.31s eps=0.465 loss=2.0242
[ep  939] longdress    static_B_2020.02.14_13.21.26.csv block-000@120s reward=QoE=   70.17 pacing=0.46s eps=0.464 loss=2.3817
[ep  940] loot         driving_B_2020.02.27_17.30.15.csv block-002@533s reward=QoE= -151.26 pacing=0.00s eps=0.463 loss=2.2956
[ep  941] redandblack  static_B_2019.12.16_13.40.04.csv block-006@2172s reward=QoE=   48.89 pacing=2.06s eps=0.463 loss=2.3101
[ep  942] soldier      driving_B_2020.02.13_13.03.24.csv block-001@1694s reward=QoE=  -83.53 pacing=0.00s eps=0.462 loss=2.3169
[ep  943] longdress    driving_B_2019.12.17_07.32.39.csv block-000@240s reward=QoE=  -34.46 pacing=0.00s eps=0.462 loss=2.1698
[ep  944] loot         driving_B_2019.12.16_12.27.05.csv block-000@840s reward=QoE=   42.82 pacing=0.00s eps=0.461 loss=2.0780
[ep  945] redandblack  driving_B_2019.12.17_07.32.39.csv block-000@1140s reward=QoE=   34.65 pacing=0.00s eps=0.461 loss=2.2732
[ep  946] soldier      driving_B_2020.02.14_12.58.17.csv block-002@656s reward=QoE=   12.90 pacing=0.00s eps=0.460 loss=2.1242
[ep  947] longdress    driving_B_2020.02.13_13.03.24.csv block-001@1094s reward=QoE= -109.78 pacing=0.00s eps=0.459 loss=2.1524
[ep  948] loot         driving_B_2020.01.16_07.26.43.csv block-000@300s reward=QoE=   19.94 pacing=0.00s eps=0.459 loss=2.2540
[ep  949] redandblack  driving_B_2019.12.17_07.32.39.csv block-004@2537s reward=QoE=   61.24 pacing=1.91s eps=0.458 loss=2.0982
[ep  950] soldier      driving_B_2020.01.16_12.10.03.csv block-000@300s reward=QoE=   17.68 pacing=0.00s eps=0.458 loss=2.1608
[ep  951] longdress    driving_B_2020.01.16_09.56.56.csv block-001@519s reward=QoE=   40.23 pacing=0.00s eps=0.457 loss=2.4526
[ep  952] loot         driving_B_2020.02.14_09.38.22.csv block-000@900s reward=QoE= -110.87 pacing=0.00s eps=0.457 loss=2.1952
[ep  953] redandblack  driving_B_2020.01.16_12.10.03.csv block-000@120s reward=QoE=   74.68 pacing=1.39s eps=0.456 loss=2.4021
[ep  954] soldier      static_B_2019.12.16_13.40.04.csv block-000@420s reward=QoE=   42.94 pacing=0.00s eps=0.455 loss=2.0774
[ep  955] longdress    driving_B_2019.12.17_07.32.39.csv block-003@1774s reward=QoE=   12.29 pacing=0.00s eps=0.455 loss=2.1055
[ep  956] loot         driving_B_2020.01.16_09.56.56.csv block-000@360s reward=QoE=   37.50 pacing=0.00s eps=0.454 loss=1.9493
[ep  957] redandblack  driving_B_2020.02.14_12.58.17.csv block-002@716s reward=QoE=   17.95 pacing=0.00s eps=0.454 loss=2.3236
[ep  958] soldier      driving_B_2019.12.16_12.27.05.csv block-000@480s reward=QoE=  -60.42 pacing=0.00s eps=0.453 loss=2.2299
[ep  959] longdress    driving_B_2020.02.13_15.02.01.csv block-000@240s reward=QoE=   51.59 pacing=0.00s eps=0.453 loss=2.0474
[ep  960] loot         driving_B_2020.02.13_15.02.01.csv block-000@1380s reward=QoE=   49.00 pacing=0.00s eps=0.452 loss=2.0159
[ep  961] redandblack  static_B_2019.12.16_13.40.04.csv block-005@1646s reward=QoE=   71.38 pacing=1.00s eps=0.451 loss=2.2071
[ep  962] soldier      static_B_2020.02.27_18.39.27.csv block-001@132s reward=QoE=   64.54 pacing=0.00s eps=0.451 loss=2.3599
[ep  963] longdress    driving_B_2020.02.14_09.38.22.csv block-000@600s reward=QoE=   42.11 pacing=0.00s eps=0.450 loss=2.2884
[ep  964] loot         driving_B_2020.01.16_09.56.56.csv block-000@60s reward=QoE=  -28.31 pacing=0.00s eps=0.450 loss=2.0030
[ep  965] redandblack  driving_B_2020.02.13_15.02.01.csv block-000@600s reward=QoE=   37.32 pacing=0.00s eps=0.449 loss=2.0616
[ep  966] soldier      driving_B_2020.02.27_17.30.15.csv block-002@533s reward=QoE= -136.86 pacing=0.00s eps=0.449 loss=2.2210
[ep  967] longdress    driving_B_2020.02.13_15.02.01.csv block-000@660s reward=QoE=  -35.64 pacing=0.00s eps=0.448 loss=2.1009
[ep  968] loot         driving_B_2020.02.14_09.38.22.csv block-000@540s reward=QoE=    6.11 pacing=0.00s eps=0.447 loss=2.0357
[ep  969] redandblack  driving_B_2019.12.17_07.32.39.csv block-000@60s reward=QoE=   24.91 pacing=0.00s eps=0.447 loss=1.9606
[ep  970] soldier      driving_B_2020.02.14_12.58.17.csv block-000@0s reward=QoE=  -33.84 pacing=0.00s eps=0.446 loss=2.3381
[ep  971] longdress    driving_B_2020.02.14_09.38.22.csv block-000@1440s reward=QoE=   72.88 pacing=0.00s eps=0.446 loss=2.0636
[ep  972] loot         static_B_2019.12.16_13.40.04.csv block-005@1346s reward=QoE=  -61.80 pacing=0.00s eps=0.445 loss=2.0738
[ep  973] redandblack  static_B_2020.02.14_13.21.26.csv block-000@720s reward=QoE=   73.87 pacing=1.64s eps=0.445 loss=2.1078
[ep  974] soldier      static_B_2020.02.27_18.39.27.csv block-001@1632s reward=QoE=   69.06 pacing=0.00s eps=0.444 loss=2.2726
[ep  975] longdress    driving_B_2020.02.14_09.38.22.csv block-000@0s reward=QoE= -168.91 pacing=0.00s eps=0.443 loss=2.2003
[ep  976] loot         driving_B_2019.12.17_07.32.39.csv block-000@1200s reward=QoE=   56.25 pacing=0.64s eps=0.443 loss=2.1729
[ep  977] redandblack  driving_B_2020.01.16_09.56.56.csv block-001@1599s reward=QoE=   43.76 pacing=0.00s eps=0.442 loss=2.1426
[ep  978] soldier      driving_B_2020.02.14_09.38.22.csv block-000@1020s reward=QoE=   71.46 pacing=0.00s eps=0.442 loss=2.3475
[ep  979] longdress    static_B_2020.02.27_18.39.27.csv block-001@4752s reward=QoE=   58.45 pacing=0.00s eps=0.441 loss=2.2969
[ep  980] loot         driving_B_2020.01.16_07.26.43.csv block-000@1800s reward=QoE=   12.01 pacing=0.00s eps=0.441 loss=2.1488
[ep  981] redandblack  driving_B_2020.02.14_09.38.22.csv block-000@1380s reward=QoE=   17.27 pacing=0.00s eps=0.440 loss=2.0712
[ep  982] soldier      driving_B_2020.02.27_17.30.15.csv block-002@473s reward=QoE= -319.78 pacing=0.00s eps=0.439 loss=2.1320
[ep  983] longdress    static_B_2020.02.27_18.39.27.csv block-001@6012s reward=QoE=   78.96 pacing=0.00s eps=0.439 loss=2.1583
[ep  984] loot         driving_B_2020.01.16_12.10.03.csv block-000@60s reward=QoE=   52.11 pacing=0.00s eps=0.438 loss=2.1495
[ep  985] redandblack  driving_B_2020.01.16_12.10.03.csv block-000@180s reward=QoE=   67.05 pacing=0.00s eps=0.438 loss=2.1645
[ep  986] soldier      driving_B_2020.01.16_12.10.03.csv block-000@180s reward=QoE=   64.20 pacing=0.00s eps=0.437 loss=1.9291
[ep  987] longdress    static_B_2020.02.14_13.21.26.csv block-000@0s reward=QoE=   12.39 pacing=0.00s eps=0.437 loss=2.1020
[ep  988] loot         driving_B_2020.02.13_15.02.01.csv block-000@1740s reward=QoE=  -94.73 pacing=0.00s eps=0.436 loss=2.0095
[ep  989] redandblack  static_B_2019.12.16_13.40.04.csv block-001@835s reward=QoE=   80.76 pacing=1.34s eps=0.435 loss=2.1760
[ep  990] soldier      driving_B_2020.01.16_09.56.56.csv block-001@1419s reward=QoE=   47.82 pacing=0.00s eps=0.435 loss=1.8147
[ep  991] longdress    driving_B_2019.12.17_07.32.39.csv block-000@120s reward=QoE=   22.52 pacing=0.00s eps=0.434 loss=2.1225
[ep  992] loot         driving_B_2020.02.13_15.02.01.csv block-000@1080s reward=QoE=  -24.08 pacing=0.00s eps=0.434 loss=2.1756
[ep  993] redandblack  driving_B_2019.12.17_07.32.39.csv block-003@2014s reward=QoE=  -50.31 pacing=0.00s eps=0.433 loss=1.9583
[ep  994] soldier      static_B_2019.12.16_13.40.04.csv block-001@1015s reward=QoE=   26.93 pacing=0.00s eps=0.433 loss=2.2518
[ep  995] longdress    static_B_2020.02.27_18.39.27.csv block-001@1752s reward=QoE=   54.94 pacing=0.00s eps=0.432 loss=2.1914
[ep  996] loot         driving_B_2019.12.17_07.32.39.csv block-000@900s reward=QoE=   -0.16 pacing=0.00s eps=0.431 loss=1.8958
[ep  997] redandblack  driving_B_2020.01.16_09.56.56.csv block-001@1239s reward=QoE=   46.17 pacing=0.00s eps=0.431 loss=1.9612
[ep  998] soldier      static_B_2020.02.14_13.21.26.csv block-000@900s reward=QoE=   46.39 pacing=0.00s eps=0.430 loss=2.1757
[ep  999] longdress    driving_B_2020.02.14_09.38.22.csv block-000@420s reward=QoE=  -34.86 pacing=0.00s eps=0.430 loss=2.1403
[ep 1000] loot         driving_B_2019.12.16_12.27.05.csv block-000@360s reward=QoE=   23.49 pacing=0.00s eps=0.429 loss=2.0223
[ep 1001] redandblack  driving_B_2019.12.17_07.32.39.csv block-000@960s reward=QoE=  -22.32 pacing=0.00s eps=0.429 loss=2.2554
[ep 1002] soldier      driving_B_2020.02.13_13.03.24.csv block-000@540s reward=QoE=   -7.91 pacing=0.00s eps=0.428 loss=2.1095
[ep 1003] longdress    driving_B_2020.02.27_17.30.15.csv block-002@353s reward=QoE=  -37.11 pacing=0.00s eps=0.427 loss=2.8651
[ep 1004] loot         driving_B_2019.12.16_12.27.05.csv block-000@120s reward=QoE=  -18.29 pacing=0.00s eps=0.427 loss=2.2482
[ep 1005] redandblack  driving_B_2020.01.16_12.10.03.csv block-000@120s reward=QoE=   71.15 pacing=1.51s eps=0.426 loss=2.4262
[ep 1006] soldier      driving_B_2020.01.16_07.26.43.csv block-000@1320s reward=QoE=  -13.72 pacing=0.00s eps=0.426 loss=2.2590
[ep 1007] longdress    static_B_2020.02.14_13.21.26.csv block-000@0s reward=QoE=   18.14 pacing=0.00s eps=0.425 loss=2.4490
[ep 1008] loot         static_B_2020.02.27_18.39.27.csv block-001@4992s reward=QoE=   61.39 pacing=0.00s eps=0.425 loss=2.3287
[ep 1009] redandblack  driving_B_2020.02.27_17.30.15.csv block-002@413s reward=QoE=    0.77 pacing=0.00s eps=0.424 loss=2.6314
[ep 1010] soldier      driving_B_2019.12.16_12.27.05.csv block-000@240s reward=QoE=  -13.02 pacing=0.00s eps=0.423 loss=2.6500
[ep 1011] longdress    static_B_2019.12.16_13.40.04.csv block-000@0s reward=QoE=   49.22 pacing=0.00s eps=0.423 loss=2.5135
[ep 1012] loot         driving_B_2019.12.16_12.27.05.csv block-000@1020s reward=QoE=   74.32 pacing=0.00s eps=0.422 loss=2.2928
[ep 1013] redandblack  driving_B_2020.02.14_12.58.17.csv block-002@536s reward=QoE= -170.86 pacing=0.00s eps=0.422 loss=2.3413
[ep 1014] soldier      driving_B_2019.12.16_12.27.05.csv block-000@660s reward=QoE= -286.42 pacing=0.00s eps=0.421 loss=2.2923
[ep 1015] longdress    driving_B_2020.02.13_15.02.01.csv block-000@1440s reward=QoE= -316.57 pacing=0.00s eps=0.421 loss=2.1826
[ep 1016] loot         driving_B_2020.01.16_07.26.43.csv block-000@1380s reward=QoE=   13.63 pacing=0.00s eps=0.420 loss=2.2072
[ep 1017] redandblack  driving_B_2020.02.14_12.58.17.csv block-002@716s reward=QoE=   24.92 pacing=0.00s eps=0.419 loss=2.1697
[ep 1018] soldier      static_B_2020.02.27_18.39.27.csv block-001@6612s reward=QoE=   71.43 pacing=0.00s eps=0.419 loss=2.4162
[ep 1019] longdress    driving_B_2020.02.13_15.02.01.csv block-000@2580s reward=QoE= -400.12 pacing=0.00s eps=0.418 loss=2.3789
[ep 1020] loot         static_B_2020.02.27_18.39.27.csv block-001@3912s reward=QoE=   77.64 pacing=0.00s eps=0.418 loss=2.2608
[ep 1021] redandblack  driving_B_2020.01.16_12.10.03.csv block-000@180s reward=QoE=   71.46 pacing=0.00s eps=0.417 loss=2.1508
[ep 1022] soldier      driving_B_2020.01.16_12.10.03.csv block-000@60s reward=QoE=   47.66 pacing=0.00s eps=0.417 loss=2.1790
[ep 1023] longdress    driving_B_2020.02.13_13.03.24.csv block-000@480s reward=QoE=  -43.28 pacing=0.00s eps=0.416 loss=2.4478
[ep 1024] loot         driving_B_2019.12.17_07.32.39.csv block-003@1714s reward=QoE=  -20.36 pacing=0.00s eps=0.415 loss=2.3864
[ep 1025] redandblack  driving_B_2019.12.17_07.32.39.csv block-000@1320s reward=QoE=   19.50 pacing=0.00s eps=0.415 loss=2.5326
[ep 1026] soldier      driving_B_2020.02.14_12.58.17.csv block-002@536s reward=QoE= -199.18 pacing=0.00s eps=0.414 loss=2.3353
[ep 1027] longdress    driving_B_2020.02.13_13.03.24.csv block-001@1754s reward=QoE=  -21.84 pacing=0.00s eps=0.414 loss=2.4505
[ep 1028] loot         driving_B_2020.02.27_17.30.15.csv block-002@353s reward=QoE=  -94.23 pacing=0.00s eps=0.413 loss=2.2822
[ep 1029] redandblack  driving_B_2020.02.27_17.30.15.csv block-002@533s reward=QoE= -111.65 pacing=0.00s eps=0.413 loss=2.4872
[ep 1030] soldier      driving_B_2020.02.27_17.30.15.csv block-002@353s reward=QoE= -151.96 pacing=0.00s eps=0.412 loss=2.6748
[ep 1031] longdress    driving_B_2020.01.16_07.26.43.csv block-000@540s reward=QoE=  -55.25 pacing=0.00s eps=0.411 loss=2.4778
[ep 1032] loot         driving_B_2020.01.16_09.56.56.csv block-001@699s reward=QoE=   68.93 pacing=2.66s eps=0.411 loss=2.2314
[ep 1033] redandblack  static_B_2020.02.14_13.21.26.csv block-000@780s reward=QoE=   65.37 pacing=0.00s eps=0.410 loss=2.3301
[ep 1034] soldier      driving_B_2019.12.17_07.32.39.csv block-003@1654s reward=QoE=  -47.05 pacing=0.00s eps=0.410 loss=2.2437
[ep 1035] longdress    static_B_2019.12.16_13.40.04.csv block-001@595s reward=QoE=   74.86 pacing=0.00s eps=0.409 loss=2.4523
[ep 1036] loot         driving_B_2020.02.13_15.02.01.csv block-000@1800s reward=QoE= -211.27 pacing=0.00s eps=0.409 loss=2.3756
[ep 1037] redandblack  driving_B_2020.02.27_17.30.15.csv block-002@293s reward=QoE= -174.52 pacing=0.00s eps=0.408 loss=2.4094
[ep 1038] soldier      driving_B_2020.02.27_17.30.15.csv block-002@473s reward=QoE= -376.33 pacing=0.00s eps=0.407 loss=2.3497
[ep 1039] longdress    driving_B_2020.02.14_09.38.22.csv block-000@1260s reward=QoE=   12.84 pacing=0.00s eps=0.407 loss=2.3482
[ep 1040] loot         driving_B_2020.01.16_07.26.43.csv block-000@960s reward=QoE=   -6.65 pacing=0.00s eps=0.406 loss=2.6023
[ep 1041] redandblack  driving_B_2020.01.16_09.56.56.csv block-001@1299s reward=QoE=   57.21 pacing=0.00s eps=0.406 loss=2.1165
[ep 1042] soldier      driving_B_2020.01.16_07.26.43.csv block-000@1020s reward=QoE= -133.46 pacing=0.00s eps=0.405 loss=2.2523
[ep 1043] longdress    driving_B_2020.01.16_09.56.56.csv block-000@300s reward=QoE=   70.82 pacing=0.00s eps=0.405 loss=2.3605
[ep 1044] loot         driving_B_2020.02.13_15.02.01.csv block-000@2820s reward=QoE=   60.44 pacing=0.00s eps=0.404 loss=2.6870
[ep 1045] redandblack  static_B_2020.02.27_18.39.27.csv block-001@1452s reward=QoE=   58.52 pacing=0.24s eps=0.403 loss=2.3560
[ep 1046] soldier      driving_B_2020.02.14_12.58.17.csv block-002@596s reward=QoE=  -16.93 pacing=0.00s eps=0.403 loss=2.3867
[ep 1047] longdress    static_B_2020.02.27_18.39.27.csv block-001@192s reward=QoE=   73.98 pacing=0.00s eps=0.402 loss=2.2345
[ep 1048] loot         static_B_2020.02.27_18.39.27.csv block-001@1932s reward=QoE=   59.21 pacing=0.00s eps=0.402 loss=2.2045
[ep 1049] redandblack  driving_B_2020.02.14_09.38.22.csv block-000@840s reward=QoE=  -14.48 pacing=0.00s eps=0.401 loss=2.3035
[ep 1050] soldier      driving_B_2020.02.14_12.58.17.csv block-002@596s reward=QoE=  -33.87 pacing=0.00s eps=0.401 loss=2.2978
[ep 1051] longdress    driving_B_2020.02.27_17.30.15.csv block-002@293s reward=QoE= -286.50 pacing=0.00s eps=0.400 loss=2.6024
[ep 1052] loot         driving_B_2020.02.14_12.58.17.csv block-002@656s reward=QoE=   33.15 pacing=0.00s eps=0.399 loss=2.4114
[ep 1053] redandblack  driving_B_2019.12.16_12.27.05.csv block-000@780s reward=QoE=   37.44 pacing=0.00s eps=0.399 loss=2.1997
[ep 1054] soldier      driving_B_2020.02.14_09.38.22.csv block-000@780s reward=QoE=   57.99 pacing=0.00s eps=0.398 loss=2.5592
[ep 1055] longdress    driving_B_2020.02.14_12.58.17.csv block-002@656s reward=QoE=   21.32 pacing=0.00s eps=0.398 loss=2.3723
[ep 1056] loot         driving_B_2019.12.16_12.27.05.csv block-000@1200s reward=QoE=   35.89 pacing=0.00s eps=0.397 loss=2.4580
[ep 1057] redandblack  static_B_2020.02.14_13.21.26.csv block-000@600s reward=QoE=   77.31 pacing=1.51s eps=0.397 loss=2.2807
[ep 1058] soldier      static_B_2019.12.16_13.40.04.csv block-000@300s reward=QoE=    0.79 pacing=0.00s eps=0.396 loss=2.1954
[ep 1059] longdress    driving_B_2020.01.16_07.26.43.csv block-000@840s reward=QoE=   26.31 pacing=0.00s eps=0.395 loss=2.2600
[ep 1060] loot         static_B_2020.02.27_18.39.27.csv block-001@552s reward=QoE=   67.83 pacing=0.00s eps=0.395 loss=2.2491
[ep 1061] redandblack  driving_B_2020.01.16_09.56.56.csv block-001@1479s reward=QoE=   59.62 pacing=0.00s eps=0.394 loss=2.4639
[ep 1062] soldier      driving_B_2019.12.17_07.32.39.csv block-004@2417s reward=QoE=  -46.86 pacing=0.00s eps=0.394 loss=2.1008
[ep 1063] longdress    driving_B_2020.02.13_13.03.24.csv block-001@914s reward=QoE= -171.02 pacing=0.00s eps=0.393 loss=2.4017
[ep 1064] loot         driving_B_2020.01.16_12.10.03.csv block-000@0s reward=QoE=   61.73 pacing=2.11s eps=0.393 loss=2.4725
[ep 1065] redandblack  driving_B_2020.01.16_09.56.56.csv block-000@240s reward=QoE=   45.55 pacing=0.00s eps=0.392 loss=2.3097
[ep 1066] soldier      driving_B_2020.01.16_12.10.03.csv block-000@0s reward=QoE=   68.90 pacing=1.36s eps=0.391 loss=2.2680
[ep 1067] longdress    driving_B_2020.01.16_12.10.03.csv block-000@240s reward=QoE=   50.55 pacing=0.10s eps=0.391 loss=2.2684
[ep 1068] loot         driving_B_2020.02.14_09.38.22.csv block-000@1440s reward=QoE=   76.17 pacing=1.22s eps=0.390 loss=2.5750
[ep 1069] redandblack  driving_B_2020.01.16_07.26.43.csv block-000@480s reward=QoE=  -68.28 pacing=0.00s eps=0.390 loss=2.4638
[ep 1070] soldier      driving_B_2020.01.16_12.10.03.csv block-000@300s reward=QoE=   23.13 pacing=0.00s eps=0.389 loss=2.6210
[ep 1071] longdress    driving_B_2020.02.14_09.38.22.csv block-000@240s reward=QoE=  -97.87 pacing=0.00s eps=0.389 loss=2.4016
[ep 1072] loot         static_B_2020.02.14_13.21.26.csv block-000@960s reward=QoE=   45.00 pacing=0.00s eps=0.388 loss=2.4308
[ep 1073] redandblack  driving_B_2020.02.13_15.02.01.csv block-000@2760s reward=QoE=  -82.33 pacing=0.00s eps=0.387 loss=2.5032
[ep 1074] soldier      driving_B_2020.01.16_07.26.43.csv block-000@600s reward=QoE=   -7.42 pacing=0.00s eps=0.387 loss=2.5176
[ep 1075] longdress    driving_B_2020.01.16_12.10.03.csv block-000@60s reward=QoE=   51.04 pacing=0.00s eps=0.386 loss=2.3573
[ep 1076] loot         driving_B_2020.02.14_09.38.22.csv block-000@180s reward=QoE=  -24.68 pacing=0.00s eps=0.386 loss=2.2450
[ep 1077] redandblack  static_B_2019.12.16_13.40.04.csv block-005@1886s reward=QoE=   55.83 pacing=0.00s eps=0.385 loss=2.3314
[ep 1078] soldier      driving_B_2020.01.16_12.10.03.csv block-000@360s reward=QoE=   53.55 pacing=0.00s eps=0.385 loss=2.5104
[ep 1079] longdress    static_B_2020.02.27_18.39.27.csv block-001@5472s reward=QoE=   58.64 pacing=0.94s eps=0.384 loss=2.3729
[ep 1080] loot         driving_B_2020.02.13_15.02.01.csv block-000@1560s reward=QoE=    6.49 pacing=0.00s eps=0.383 loss=2.4691
[ep 1081] redandblack  driving_B_2020.02.13_13.03.24.csv block-001@1034s reward=QoE=  -22.64 pacing=0.00s eps=0.383 loss=2.1140
[ep 1082] soldier      driving_B_2020.02.13_15.02.01.csv block-000@1500s reward=QoE= -146.15 pacing=0.00s eps=0.382 loss=2.2232
[ep 1083] longdress    driving_B_2020.02.27_17.30.15.csv block-002@533s reward=QoE= -181.67 pacing=0.00s eps=0.382 loss=2.4525
[ep 1084] loot         driving_B_2020.01.16_09.56.56.csv block-000@240s reward=QoE=   41.88 pacing=0.00s eps=0.381 loss=2.3804
[ep 1085] redandblack  static_B_2020.02.27_18.39.27.csv block-001@1872s reward=QoE=   53.03 pacing=0.00s eps=0.381 loss=2.1709
[ep 1086] soldier      driving_B_2020.02.13_13.03.24.csv block-000@360s reward=QoE=   -6.92 pacing=0.00s eps=0.380 loss=2.3015
[ep 1087] longdress    driving_B_2020.01.16_12.10.03.csv block-000@0s reward=QoE=   57.86 pacing=0.62s eps=0.379 loss=2.3027
[ep 1088] loot         static_B_2019.12.16_13.40.04.csv block-005@2006s reward=QoE=   50.21 pacing=0.00s eps=0.379 loss=2.2213
[ep 1089] redandblack  driving_B_2020.02.14_12.58.17.csv block-000@0s reward=QoE=   13.31 pacing=0.00s eps=0.378 loss=2.3829
[ep 1090] soldier      driving_B_2020.02.13_15.02.01.csv block-000@1200s reward=QoE=    4.72 pacing=0.00s eps=0.378 loss=2.0370
[ep 1091] longdress    driving_B_2020.01.16_07.26.43.csv block-000@1140s reward=QoE=   22.55 pacing=0.00s eps=0.377 loss=2.4010
[ep 1092] loot         driving_B_2020.01.16_09.56.56.csv block-000@0s reward=QoE=   38.17 pacing=0.00s eps=0.377 loss=2.6006
[ep 1093] redandblack  static_B_2020.02.27_18.39.27.csv block-001@5592s reward=QoE=   23.38 pacing=0.00s eps=0.376 loss=2.1618
[ep 1094] soldier      static_B_2019.12.16_13.40.04.csv block-001@775s reward=QoE=   54.22 pacing=0.35s eps=0.375 loss=2.1496
[ep 1095] longdress    driving_B_2020.02.14_09.38.22.csv block-000@1200s reward=QoE=  -43.70 pacing=0.00s eps=0.375 loss=2.3562
[ep 1096] loot         driving_B_2019.12.16_12.27.05.csv block-000@900s reward=QoE=   52.95 pacing=1.03s eps=0.374 loss=2.3831
[ep 1097] redandblack  driving_B_2019.12.16_12.27.05.csv block-000@360s reward=QoE=    3.52 pacing=0.00s eps=0.374 loss=2.4426
[ep 1098] soldier      driving_B_2019.12.16_12.27.05.csv block-000@1260s reward=QoE=   52.50 pacing=0.51s eps=0.373 loss=2.3332
[ep 1099] longdress    static_B_2020.02.14_13.21.26.csv block-000@840s reward=QoE=   74.20 pacing=0.05s eps=0.373 loss=2.1717
[ep 1100] loot         driving_B_2020.02.13_13.03.24.csv block-000@240s reward=QoE=   -1.48 pacing=0.00s eps=0.372 loss=2.1620
[ep 1101] redandblack  driving_B_2020.01.16_09.56.56.csv block-001@1539s reward=QoE=   31.47 pacing=0.00s eps=0.371 loss=2.3741
[ep 1102] soldier      static_B_2019.12.16_13.40.04.csv block-001@895s reward=QoE=   71.11 pacing=0.00s eps=0.371 loss=2.2088
[ep 1103] longdress    static_B_2020.02.14_13.21.26.csv block-000@1080s reward=QoE=   62.70 pacing=0.00s eps=0.370 loss=2.3319
[ep 1104] loot         static_B_2019.12.16_13.40.04.csv block-000@240s reward=QoE=   53.14 pacing=0.00s eps=0.370 loss=2.2881
[ep 1105] redandblack  static_B_2019.12.16_13.40.04.csv block-005@1706s reward=QoE=   72.42 pacing=0.00s eps=0.369 loss=2.5024
[ep 1106] soldier      static_B_2020.02.14_13.21.26.csv block-000@720s reward=QoE=   66.98 pacing=0.00s eps=0.369 loss=2.5229
[ep 1107] longdress    driving_B_2020.02.14_12.58.17.csv block-002@656s reward=QoE=   45.03 pacing=0.00s eps=0.368 loss=2.1461
[ep 1108] loot         driving_B_2020.02.14_09.38.22.csv block-000@1560s reward=QoE=   48.63 pacing=0.00s eps=0.367 loss=2.4736
[ep 1109] redandblack  driving_B_2019.12.17_07.32.39.csv block-003@1594s reward=QoE=   -8.63 pacing=0.00s eps=0.367 loss=2.2746
[ep 1110] soldier      driving_B_2019.12.16_12.27.05.csv block-000@180s reward=QoE=  -39.68 pacing=0.00s eps=0.366 loss=2.3489
[ep 1111] longdress    driving_B_2020.01.16_07.26.43.csv block-000@0s reward=QoE=  -13.37 pacing=0.00s eps=0.366 loss=2.3261
[ep 1112] loot         driving_B_2020.01.16_07.26.43.csv block-000@1560s reward=QoE=  -12.13 pacing=0.00s eps=0.365 loss=1.9739
[ep 1113] redandblack  driving_B_2020.02.14_09.38.22.csv block-000@120s reward=QoE=  -22.61 pacing=0.00s eps=0.365 loss=2.4879
[ep 1114] soldier      driving_B_2019.12.16_12.27.05.csv block-000@960s reward=QoE=   58.32 pacing=0.06s eps=0.364 loss=2.1816
[ep 1115] longdress    driving_B_2020.01.16_09.56.56.csv block-001@1119s reward=QoE=   67.34 pacing=0.31s eps=0.363 loss=2.2665
[ep 1116] loot         static_B_2020.02.14_13.21.26.csv block-000@1080s reward=QoE=   77.93 pacing=0.89s eps=0.363 loss=2.4363
[ep 1117] redandblack  driving_B_2020.02.13_13.03.24.csv block-001@974s reward=QoE=   10.40 pacing=0.00s eps=0.362 loss=2.0864
[ep 1118] soldier      driving_B_2020.02.13_13.03.24.csv block-000@0s reward=QoE=  -14.01 pacing=0.00s eps=0.362 loss=2.4264
[ep 1119] longdress    driving_B_2020.02.14_09.38.22.csv block-000@420s reward=QoE=  -85.97 pacing=0.00s eps=0.361 loss=2.2458
[ep 1120] loot         driving_B_2020.01.16_07.26.43.csv block-000@1260s reward=QoE=   19.47 pacing=0.00s eps=0.361 loss=2.2944
[ep 1121] redandblack  driving_B_2020.01.16_07.26.43.csv block-000@1860s reward=QoE=   -1.14 pacing=0.00s eps=0.360 loss=2.5479
[ep 1122] soldier      driving_B_2020.02.14_12.58.17.csv block-000@0s reward=QoE=  -14.39 pacing=0.00s eps=0.359 loss=2.1557
[ep 1123] longdress    static_B_2020.02.14_13.21.26.csv block-000@300s reward=QoE=   30.45 pacing=0.00s eps=0.359 loss=2.0159
[ep 1124] loot         driving_B_2020.02.27_17.30.15.csv block-002@413s reward=QoE=  -66.23 pacing=0.00s eps=0.358 loss=2.3108
[ep 1125] redandblack  static_B_2020.02.27_18.39.27.csv block-001@6072s reward=QoE=   60.36 pacing=2.01s eps=0.358 loss=2.4636
[ep 1126] soldier      driving_B_2020.02.14_12.58.17.csv block-002@596s reward=QoE=   26.77 pacing=0.00s eps=0.357 loss=2.4335
[ep 1127] longdress    driving_B_2020.02.13_15.02.01.csv block-000@780s reward=QoE=   23.85 pacing=0.00s eps=0.357 loss=2.2973
[ep 1128] loot         driving_B_2020.01.16_12.10.03.csv block-000@240s reward=QoE=   61.90 pacing=1.63s eps=0.356 loss=2.2149
[ep 1129] redandblack  driving_B_2020.02.13_15.02.01.csv block-000@2100s reward=QoE=    8.12 pacing=0.00s eps=0.355 loss=2.2234
[ep 1130] soldier      driving_B_2020.01.16_12.10.03.csv block-000@300s reward=QoE=   15.46 pacing=0.00s eps=0.355 loss=2.4154
[ep 1131] longdress    static_B_2019.12.16_13.40.04.csv block-005@1766s reward=QoE=   68.52 pacing=0.17s eps=0.354 loss=2.1113
[ep 1132] loot         driving_B_2020.02.13_15.02.01.csv block-000@900s reward=QoE=    5.66 pacing=0.00s eps=0.354 loss=2.5221
[ep 1133] redandblack  static_B_2020.02.27_18.39.27.csv block-001@4092s reward=QoE=   54.30 pacing=0.00s eps=0.353 loss=2.3785
[ep 1134] soldier      driving_B_2020.02.14_09.38.22.csv block-000@1500s reward=QoE=  -43.88 pacing=0.00s eps=0.353 loss=2.0508
[ep 1135] longdress    driving_B_2020.02.13_13.03.24.csv block-000@60s reward=QoE=  -56.47 pacing=0.00s eps=0.352 loss=2.1368
[ep 1136] loot         driving_B_2020.02.14_12.58.17.csv block-000@0s reward=QoE=   18.44 pacing=0.00s eps=0.351 loss=2.2320
[ep 1137] redandblack  driving_B_2019.12.16_12.27.05.csv block-000@660s reward=QoE=  -93.14 pacing=0.00s eps=0.351 loss=2.2435
[ep 1138] soldier      driving_B_2020.02.27_17.30.15.csv block-002@353s reward=QoE= -138.61 pacing=0.00s eps=0.350 loss=2.3264
[ep 1139] longdress    driving_B_2020.01.16_07.26.43.csv block-000@1740s reward=QoE= -192.66 pacing=0.00s eps=0.350 loss=2.0684
[ep 1140] loot         driving_B_2020.01.16_09.56.56.csv block-001@999s reward=QoE=   -6.18 pacing=0.00s eps=0.349 loss=2.2347
[ep 1141] redandblack  driving_B_2020.01.16_12.10.03.csv block-000@240s reward=QoE=   72.41 pacing=1.54s eps=0.349 loss=2.6021
[ep 1142] soldier      driving_B_2020.02.13_13.03.24.csv block-000@180s reward=QoE=  -37.65 pacing=0.00s eps=0.348 loss=2.0718
[ep 1143] longdress    static_B_2020.02.14_13.21.26.csv block-000@240s reward=QoE=   49.88 pacing=1.42s eps=0.347 loss=2.2134
[ep 1144] loot         static_B_2020.02.14_13.21.26.csv block-000@480s reward=QoE=   72.40 pacing=1.77s eps=0.347 loss=2.6939
[ep 1145] redandblack  driving_B_2020.01.16_09.56.56.csv block-001@1659s reward=QoE=   73.84 pacing=1.08s eps=0.346 loss=2.2492
[ep 1146] soldier      driving_B_2019.12.16_12.27.05.csv block-000@120s reward=QoE=  -57.76 pacing=0.00s eps=0.346 loss=2.0530
[ep 1147] longdress    driving_B_2020.02.27_17.30.15.csv block-002@533s reward=QoE= -219.73 pacing=0.00s eps=0.345 loss=2.3585
[ep 1148] loot         driving_B_2020.01.16_09.56.56.csv block-001@699s reward=QoE=   71.65 pacing=2.62s eps=0.345 loss=2.2856
[ep 1149] redandblack  driving_B_2020.01.16_09.56.56.csv block-001@639s reward=QoE=   58.61 pacing=0.00s eps=0.344 loss=2.0458
[ep 1150] soldier      driving_B_2020.02.14_12.58.17.csv block-002@596s reward=QoE=  -32.70 pacing=0.00s eps=0.343 loss=2.3504
[ep 1151] longdress    driving_B_2020.01.16_12.10.03.csv block-000@60s reward=QoE=   43.58 pacing=0.00s eps=0.343 loss=2.3337
[ep 1152] loot         static_B_2020.02.14_13.21.26.csv block-000@1020s reward=QoE=   74.72 pacing=1.63s eps=0.342 loss=2.1720
[ep 1153] redandblack  driving_B_2020.01.16_07.26.43.csv block-000@780s reward=QoE=   -1.50 pacing=0.00s eps=0.342 loss=2.0736
[ep 1154] soldier      static_B_2020.02.27_18.39.27.csv block-001@1092s reward=QoE=   48.41 pacing=0.00s eps=0.341 loss=2.3424
[ep 1155] longdress    driving_B_2020.02.13_13.03.24.csv block-001@1634s reward=QoE=    4.92 pacing=0.00s eps=0.341 loss=2.2695
[ep 1156] loot         driving_B_2020.01.16_07.26.43.csv block-000@60s reward=QoE=   29.19 pacing=0.00s eps=0.340 loss=2.4424
[ep 1157] redandblack  driving_B_2020.02.27_17.30.15.csv block-002@473s reward=QoE= -283.84 pacing=0.00s eps=0.339 loss=2.3362
[ep 1158] soldier      driving_B_2020.02.13_13.03.24.csv block-000@420s reward=QoE=   -7.44 pacing=0.00s eps=0.339 loss=2.3066
[ep 1159] longdress    driving_B_2020.02.13_13.03.24.csv block-001@1154s reward=QoE=  -70.09 pacing=0.00s eps=0.338 loss=2.4221
[ep 1160] loot         static_B_2020.02.14_13.21.26.csv block-000@60s reward=QoE=   56.17 pacing=1.84s eps=0.338 loss=2.2982
[ep 1161] redandblack  static_B_2019.12.16_13.40.04.csv block-005@1406s reward=QoE=   71.99 pacing=0.00s eps=0.337 loss=2.4881
[ep 1162] soldier      driving_B_2019.12.17_07.32.39.csv block-000@1080s reward=QoE=   14.44 pacing=0.00s eps=0.337 loss=2.2005
[ep 1163] longdress    driving_B_2020.02.13_15.02.01.csv block-000@1140s reward=QoE=   62.17 pacing=0.00s eps=0.336 loss=2.4354
[ep 1164] loot         driving_B_2020.02.27_17.30.15.csv block-002@413s reward=QoE=  -45.04 pacing=0.00s eps=0.335 loss=2.4232
[ep 1165] redandblack  static_B_2020.02.27_18.39.27.csv block-001@72s reward=QoE=   81.43 pacing=1.07s eps=0.335 loss=2.1032
[ep 1166] soldier      driving_B_2020.02.13_15.02.01.csv block-000@1020s reward=QoE=   76.64 pacing=0.00s eps=0.334 loss=2.2254
[ep 1167] longdress    driving_B_2020.02.13_13.03.24.csv block-007@2290s reward=QoE= -103.28 pacing=0.00s eps=0.334 loss=2.3114
[ep 1168] loot         driving_B_2019.12.17_07.32.39.csv block-000@360s reward=QoE=   39.40 pacing=0.00s eps=0.333 loss=2.1265
[ep 1169] redandblack  driving_B_2020.02.14_09.38.22.csv block-000@660s reward=QoE=   28.34 pacing=0.00s eps=0.333 loss=2.2822
[ep 1170] soldier      driving_B_2020.02.14_12.58.17.csv block-002@656s reward=QoE=   28.94 pacing=0.00s eps=0.332 loss=2.1987
[ep 1171] longdress    static_B_2020.02.14_13.21.26.csv block-000@1020s reward=QoE=   74.17 pacing=0.00s eps=0.331 loss=2.1013
[ep 1172] loot         driving_B_2020.01.16_12.10.03.csv block-000@120s reward=QoE=   77.33 pacing=1.40s eps=0.331 loss=2.1985
[ep 1173] redandblack  static_B_2020.02.27_18.39.27.csv block-001@4152s reward=QoE=   65.86 pacing=0.42s eps=0.330 loss=2.2487
[ep 1174] soldier      driving_B_2020.01.16_07.26.43.csv block-000@660s reward=QoE=  -19.91 pacing=0.00s eps=0.330 loss=2.3069
[ep 1175] longdress    driving_B_2020.01.16_09.56.56.csv block-001@879s reward=QoE=   46.96 pacing=0.00s eps=0.329 loss=2.3570
[ep 1176] loot         driving_B_2020.01.16_12.10.03.csv block-000@360s reward=QoE=   67.54 pacing=0.00s eps=0.329 loss=2.2733
[ep 1177] redandblack  driving_B_2020.02.27_17.30.15.csv block-002@473s reward=QoE= -344.05 pacing=0.00s eps=0.328 loss=2.3709
[ep 1178] soldier      driving_B_2020.02.14_09.38.22.csv block-000@300s reward=QoE= -108.91 pacing=0.00s eps=0.327 loss=2.2517
[ep 1179] longdress    driving_B_2020.02.13_13.03.24.csv block-001@1274s reward=QoE=   -0.33 pacing=0.00s eps=0.327 loss=2.1157
[ep 1180] loot         driving_B_2019.12.16_12.27.05.csv block-000@420s reward=QoE= -146.71 pacing=0.00s eps=0.326 loss=2.2697
[ep 1181] redandblack  driving_B_2019.12.17_07.32.39.csv block-003@2074s reward=QoE=   45.66 pacing=0.32s eps=0.326 loss=2.1181
[ep 1182] soldier      driving_B_2020.02.27_17.30.15.csv block-002@353s reward=QoE= -136.23 pacing=0.00s eps=0.325 loss=2.3355
[ep 1183] longdress    driving_B_2020.02.14_09.38.22.csv block-000@960s reward=QoE=   47.33 pacing=0.00s eps=0.325 loss=2.3113
[ep 1184] loot         driving_B_2020.02.14_12.58.17.csv block-002@716s reward=QoE=   16.11 pacing=0.00s eps=0.324 loss=2.3797
[ep 1185] redandblack  static_B_2020.02.27_18.39.27.csv block-001@2412s reward=QoE=   55.00 pacing=0.00s eps=0.323 loss=2.3782
[ep 1186] soldier      driving_B_2019.12.16_12.27.05.csv block-000@900s reward=QoE=   71.06 pacing=1.10s eps=0.323 loss=2.1264
[ep 1187] longdress    driving_B_2020.01.16_12.10.03.csv block-000@240s reward=QoE=   67.97 pacing=0.00s eps=0.322 loss=2.0655
[ep 1188] loot         driving_B_2020.02.27_17.30.15.csv block-002@293s reward=QoE= -254.52 pacing=0.00s eps=0.322 loss=2.1088
[ep 1189] redandblack  static_B_2019.12.16_13.40.04.csv block-001@955s reward=QoE=   63.65 pacing=0.00s eps=0.321 loss=2.3815
[ep 1190] soldier      driving_B_2020.01.16_12.10.03.csv block-000@120s reward=QoE=   64.94 pacing=0.36s eps=0.321 loss=2.1790
[ep 1191] longdress    driving_B_2020.02.13_13.03.24.csv block-000@120s reward=QoE=  -63.57 pacing=0.00s eps=0.320 loss=2.3450
[ep 1192] loot         driving_B_2020.02.14_12.58.17.csv block-002@596s reward=QoE=    1.50 pacing=0.00s eps=0.319 loss=2.1090
[ep 1193] redandblack  static_B_2020.02.14_13.21.26.csv block-000@360s reward=QoE=   76.01 pacing=0.00s eps=0.319 loss=2.0024
[ep 1194] soldier      driving_B_2020.02.14_09.38.22.csv block-000@720s reward=QoE=   58.57 pacing=0.00s eps=0.318 loss=2.0090
[ep 1195] longdress    driving_B_2020.02.27_17.30.15.csv block-002@413s reward=QoE=    4.45 pacing=0.00s eps=0.318 loss=2.2272
[ep 1196] loot         driving_B_2019.12.17_07.32.39.csv block-000@0s reward=QoE=   35.65 pacing=0.00s eps=0.317 loss=2.4229
[ep 1197] redandblack  driving_B_2020.01.16_09.56.56.csv block-001@1719s reward=QoE=   61.48 pacing=0.00s eps=0.317 loss=2.4631
[ep 1198] soldier      driving_B_2019.12.17_07.32.39.csv block-000@420s reward=QoE=   10.82 pacing=0.00s eps=0.316 loss=2.1929
[ep 1199] longdress    static_B_2020.02.14_13.21.26.csv block-000@840s reward=QoE=   64.28 pacing=0.61s eps=0.315 loss=2.1018
[ep 1200] loot         static_B_2020.02.27_18.39.27.csv block-001@2112s reward=QoE=   13.01 pacing=0.00s eps=0.315 loss=2.3292
    [eval @ ep 1200] reward=QoE=46.13 mean_q=0.580 stall=1.1s
[ep 1201] redandblack  driving_B_2020.02.27_17.30.15.csv block-002@533s reward=QoE= -107.17 pacing=0.00s eps=0.314 loss=2.0959
[ep 1202] soldier      static_B_2019.12.16_13.40.04.csv block-000@360s reward=QoE=   21.23 pacing=0.00s eps=0.314 loss=2.6840
[ep 1203] longdress    driving_B_2020.02.13_15.02.01.csv block-000@840s reward=QoE=    2.29 pacing=0.00s eps=0.313 loss=2.4220
[ep 1204] loot         driving_B_2020.01.16_12.10.03.csv block-000@300s reward=QoE=   35.07 pacing=0.00s eps=0.313 loss=2.4032
[ep 1205] redandblack  driving_B_2019.12.17_07.32.39.csv block-000@480s reward=QoE=   79.85 pacing=0.00s eps=0.312 loss=2.6707
[ep 1206] soldier      driving_B_2020.01.16_09.56.56.csv block-000@180s reward=QoE=   40.31 pacing=0.00s eps=0.311 loss=2.2924
[ep 1207] longdress    driving_B_2019.12.16_12.27.05.csv block-000@180s reward=QoE=  -42.05 pacing=0.00s eps=0.311 loss=2.5638
[ep 1208] loot         driving_B_2020.02.27_17.30.15.csv block-002@293s reward=QoE= -186.47 pacing=0.00s eps=0.310 loss=2.2318
[ep 1209] redandblack  driving_B_2020.01.16_09.56.56.csv block-001@579s reward=QoE=   43.51 pacing=0.00s eps=0.310 loss=2.3091
[ep 1210] soldier      driving_B_2020.01.16_12.10.03.csv block-000@180s reward=QoE=   68.82 pacing=0.00s eps=0.309 loss=2.4890
[ep 1211] longdress    static_B_2019.12.16_13.40.04.csv block-005@1586s reward=QoE=  -38.74 pacing=0.00s eps=0.309 loss=2.2537
[ep 1212] loot         driving_B_2020.02.13_13.03.24.csv block-001@1214s reward=QoE=  -14.12 pacing=0.00s eps=0.308 loss=2.3448
[ep 1213] redandblack  driving_B_2020.02.13_13.03.24.csv block-001@1454s reward=QoE=   25.10 pacing=0.00s eps=0.308 loss=2.5511
[ep 1214] soldier      static_B_2020.02.27_18.39.27.csv block-001@5892s reward=QoE=   73.96 pacing=0.00s eps=0.307 loss=2.2820
[ep 1215] longdress    driving_B_2019.12.17_07.32.39.csv block-003@1834s reward=QoE=  -62.79 pacing=0.00s eps=0.306 loss=2.3605
[ep 1216] loot         driving_B_2020.02.13_15.02.01.csv block-000@960s reward=QoE=   62.26 pacing=0.00s eps=0.306 loss=2.6237
[ep 1217] redandblack  driving_B_2020.01.16_12.10.03.csv block-000@360s reward=QoE=   57.92 pacing=0.00s eps=0.305 loss=2.3057
[ep 1218] soldier      driving_B_2020.02.14_12.58.17.csv block-002@716s reward=QoE=  -15.68 pacing=0.00s eps=0.305 loss=2.4084
[ep 1219] longdress    driving_B_2020.01.16_07.26.43.csv block-000@720s reward=QoE=  -22.26 pacing=0.00s eps=0.304 loss=2.1395
[ep 1220] loot         static_B_2020.02.27_18.39.27.csv block-001@3672s reward=QoE=   41.51 pacing=0.00s eps=0.304 loss=2.6556
[ep 1221] redandblack  static_B_2019.12.16_13.40.04.csv block-000@60s reward=QoE=   41.87 pacing=0.00s eps=0.303 loss=2.4799
[ep 1222] soldier      driving_B_2020.02.14_12.58.17.csv block-002@596s reward=QoE=   -1.04 pacing=0.00s eps=0.302 loss=2.3251
[ep 1223] longdress    driving_B_2020.01.16_12.10.03.csv block-000@180s reward=QoE=   76.54 pacing=0.00s eps=0.302 loss=2.4647
[ep 1224] loot         driving_B_2020.02.14_09.38.22.csv block-000@1320s reward=QoE=  -11.79 pacing=0.00s eps=0.301 loss=2.3967
[ep 1225] redandblack  driving_B_2020.01.16_07.26.43.csv block-000@360s reward=QoE=  -71.86 pacing=0.00s eps=0.301 loss=2.1818
[ep 1226] soldier      driving_B_2020.02.27_17.30.15.csv block-002@293s reward=QoE= -197.25 pacing=0.00s eps=0.300 loss=2.3995
[ep 1227] longdress    driving_B_2020.02.13_13.03.24.csv block-000@660s reward=QoE=   -8.49 pacing=0.00s eps=0.300 loss=2.3256
[ep 1228] loot         driving_B_2019.12.17_07.32.39.csv block-004@2237s reward=QoE=    6.18 pacing=0.00s eps=0.299 loss=2.4605
[ep 1229] redandblack  driving_B_2020.02.14_09.38.22.csv block-000@1080s reward=QoE=   72.77 pacing=0.80s eps=0.298 loss=2.4123
[ep 1230] soldier      driving_B_2020.01.16_07.26.43.csv block-000@1080s reward=QoE=    6.16 pacing=0.00s eps=0.298 loss=2.1464
[ep 1231] longdress    driving_B_2020.02.14_09.38.22.csv block-000@180s reward=QoE=  -43.33 pacing=0.00s eps=0.297 loss=2.3125
[ep 1232] loot         driving_B_2020.01.16_07.26.43.csv block-000@240s reward=QoE=   10.72 pacing=0.00s eps=0.297 loss=2.4406
[ep 1233] redandblack  driving_B_2020.02.13_13.03.24.csv block-001@1814s reward=QoE=   12.32 pacing=0.00s eps=0.296 loss=2.3335
[ep 1234] soldier      static_B_2019.12.16_13.40.04.csv block-000@120s reward=QoE=   78.53 pacing=0.00s eps=0.296 loss=2.4896
[ep 1235] longdress    static_B_2020.02.14_13.21.26.csv block-000@960s reward=QoE=   34.64 pacing=0.00s eps=0.295 loss=2.4549
[ep 1236] loot         driving_B_2020.02.14_12.58.17.csv block-000@0s reward=QoE=   27.57 pacing=0.00s eps=0.294 loss=2.5413
[ep 1237] redandblack  static_B_2019.12.16_13.40.04.csv block-001@1075s reward=QoE=   51.75 pacing=0.00s eps=0.294 loss=2.4073
[ep 1238] soldier      driving_B_2020.01.16_09.56.56.csv block-001@1359s reward=QoE=  -13.01 pacing=0.00s eps=0.293 loss=2.5078
[ep 1239] longdress    driving_B_2019.12.16_12.27.05.csv block-000@720s reward=QoE=   -1.12 pacing=0.00s eps=0.293 loss=2.4605
[ep 1240] loot         driving_B_2020.02.13_15.02.01.csv block-000@1320s reward=QoE=   42.86 pacing=0.00s eps=0.292 loss=2.5922
[ep 1241] redandblack  driving_B_2019.12.17_07.32.39.csv block-000@180s reward=QoE=   10.42 pacing=0.00s eps=0.292 loss=2.3716
[ep 1242] soldier      driving_B_2020.02.13_15.02.01.csv block-000@2040s reward=QoE=   61.08 pacing=0.00s eps=0.291 loss=2.2151
[ep 1243] longdress    static_B_2020.02.14_13.21.26.csv block-000@360s reward=QoE=   68.05 pacing=0.00s eps=0.290 loss=2.4273
[ep 1244] loot         driving_B_2019.12.16_12.27.05.csv block-000@540s reward=QoE=  -93.59 pacing=0.00s eps=0.290 loss=2.2178
[ep 1245] redandblack  driving_B_2020.02.27_17.30.15.csv block-002@533s reward=QoE= -124.38 pacing=0.00s eps=0.289 loss=2.2837
[ep 1246] soldier      driving_B_2020.01.16_07.26.43.csv block-000@120s reward=QoE=   18.69 pacing=0.00s eps=0.289 loss=2.4944
[ep 1247] longdress    driving_B_2020.02.14_12.58.17.csv block-002@716s reward=QoE=   17.20 pacing=0.00s eps=0.288 loss=2.3218
[ep 1248] loot         driving_B_2020.01.16_07.26.43.csv block-000@420s reward=QoE=   18.74 pacing=0.00s eps=0.288 loss=2.3039
[ep 1249] soldier      driving_B_2020.02.13_15.02.01.csv block-000@1800s reward=QoE= -154.36 pacing=0.00s eps=0.287 loss=2.2657
[ep 1250] longdress    driving_B_2020.01.16_09.56.56.csv block-001@1299s reward=QoE=   48.20 pacing=0.00s eps=0.286 loss=2.4724
[ep 1251] loot         driving_B_2020.02.27_17.30.15.csv block-002@533s reward=QoE=  -85.87 pacing=0.00s eps=0.286 loss=2.3123
[ep 1252] redandblack  driving_B_2019.12.16_12.27.05.csv block-000@720s reward=QoE=  -10.91 pacing=0.00s eps=0.285 loss=2.2086
[ep 1253] soldier      driving_B_2019.12.16_12.27.05.csv block-000@960s reward=QoE=   64.21 pacing=0.00s eps=0.285 loss=2.6309
[ep 1254] longdress    driving_B_2020.02.14_12.58.17.csv block-002@656s reward=QoE=   20.11 pacing=0.00s eps=0.284 loss=2.4623
[ep 1255] loot         driving_B_2020.02.14_12.58.17.csv block-002@656s reward=QoE=   34.40 pacing=0.00s eps=0.284 loss=2.3394
[ep 1256] redandblack  driving_B_2020.02.13_13.03.24.csv block-001@1514s reward=QoE=    4.84 pacing=0.00s eps=0.283 loss=2.3605
[ep 1257] soldier      driving_B_2020.01.16_07.26.43.csv block-000@900s reward=QoE=   25.82 pacing=0.00s eps=0.282 loss=2.3097
[ep 1258] longdress    static_B_2020.02.27_18.39.27.csv block-001@5412s reward=QoE=   60.58 pacing=0.00s eps=0.282 loss=2.3491
[ep 1259] loot         driving_B_2020.02.14_12.58.17.csv block-002@536s reward=QoE= -163.19 pacing=0.00s eps=0.281 loss=2.4339
[ep 1260] redandblack  driving_B_2020.02.13_15.02.01.csv block-000@120s reward=QoE=   75.36 pacing=1.58s eps=0.281 loss=2.3514
[ep 1261] soldier      static_B_2020.02.14_13.21.26.csv block-000@840s reward=QoE=   84.57 pacing=0.00s eps=0.280 loss=2.5170
[ep 1262] longdress    driving_B_2020.01.16_07.26.43.csv block-000@1560s reward=QoE=  -36.67 pacing=0.00s eps=0.280 loss=2.5661
[ep 1263] loot         driving_B_2019.12.17_07.32.39.csv block-004@2297s reward=QoE=   78.00 pacing=0.24s eps=0.279 loss=2.3478
[ep 1264] redandblack  driving_B_2020.02.27_17.30.15.csv block-002@473s reward=QoE= -182.79 pacing=0.00s eps=0.278 loss=2.4637
[ep 1265] soldier      static_B_2020.02.27_18.39.27.csv block-001@252s reward=QoE=   85.01 pacing=0.00s eps=0.278 loss=2.3958
[ep 1266] longdress    driving_B_2020.02.14_09.38.22.csv block-000@180s reward=QoE=  -82.96 pacing=0.00s eps=0.277 loss=2.5114
[ep 1267] loot         static_B_2020.02.14_13.21.26.csv block-000@1080s reward=QoE=   70.29 pacing=1.05s eps=0.277 loss=2.4129
[ep 1268] redandblack  driving_B_2019.12.16_12.27.05.csv block-000@600s reward=QoE=    6.15 pacing=0.00s eps=0.276 loss=2.3822
[ep 1269] soldier      driving_B_2020.02.27_17.30.15.csv block-002@353s reward=QoE=  -52.26 pacing=0.00s eps=0.276 loss=2.3864
[ep 1270] longdress    driving_B_2020.01.16_12.10.03.csv block-000@180s reward=QoE=   55.89 pacing=0.90s eps=0.275 loss=2.4216
[ep 1271] loot         static_B_2020.02.27_18.39.27.csv block-001@1692s reward=QoE=   43.34 pacing=0.00s eps=0.274 loss=2.3867
[ep 1272] redandblack  driving_B_2020.02.14_12.58.17.csv block-002@716s reward=QoE=   22.58 pacing=0.00s eps=0.274 loss=2.5201
[ep 1273] soldier      driving_B_2019.12.17_07.32.39.csv block-000@120s reward=QoE=    5.41 pacing=0.00s eps=0.273 loss=2.2577
[ep 1274] longdress    driving_B_2019.12.16_12.27.05.csv block-000@0s reward=QoE=   19.99 pacing=0.00s eps=0.273 loss=2.3962
[ep 1275] loot         static_B_2020.02.14_13.21.26.csv block-000@960s reward=QoE=   58.57 pacing=0.00s eps=0.272 loss=2.3176
[ep 1276] redandblack  static_B_2020.02.14_13.21.26.csv block-000@420s reward=QoE=   59.70 pacing=0.00s eps=0.272 loss=2.4526
[ep 1277] soldier      driving_B_2020.01.16_09.56.56.csv block-001@759s reward=QoE=   10.67 pacing=0.00s eps=0.271 loss=2.3166
[ep 1278] longdress    driving_B_2019.12.17_07.32.39.csv block-003@1654s reward=QoE=   -0.74 pacing=0.00s eps=0.270 loss=2.3210
[ep 1279] loot         driving_B_2019.12.16_12.27.05.csv block-000@1080s reward=QoE=   70.60 pacing=0.00s eps=0.270 loss=2.3106
[ep 1280] redandblack  driving_B_2019.12.16_12.27.05.csv block-000@60s reward=QoE=    0.70 pacing=0.00s eps=0.269 loss=2.1300
[ep 1281] soldier      static_B_2019.12.16_13.40.04.csv block-005@1526s reward=QoE=   47.84 pacing=0.00s eps=0.269 loss=2.1577
[ep 1282] longdress    driving_B_2019.12.17_07.32.39.csv block-004@2417s reward=QoE=   37.19 pacing=0.00s eps=0.268 loss=2.4994
[ep 1283] loot         driving_B_2020.01.16_09.56.56.csv block-001@1479s reward=QoE=   58.86 pacing=0.00s eps=0.268 loss=2.3630
[ep 1284] redandblack  static_B_2020.02.27_18.39.27.csv block-001@2412s reward=QoE=   57.98 pacing=0.00s eps=0.267 loss=2.2480
[ep 1285] soldier      driving_B_2019.12.17_07.32.39.csv block-000@720s reward=QoE=   -1.14 pacing=0.00s eps=0.266 loss=2.4646
[ep 1286] longdress    driving_B_2020.02.14_09.38.22.csv block-000@1320s reward=QoE=  -85.03 pacing=0.00s eps=0.266 loss=2.4345
[ep 1287] loot         static_B_2020.02.14_13.21.26.csv block-000@780s reward=QoE=   68.22 pacing=0.00s eps=0.265 loss=2.1703
[ep 1288] redandblack  driving_B_2020.02.14_09.38.22.csv block-000@840s reward=QoE=   -8.85 pacing=0.00s eps=0.265 loss=2.2295
[ep 1289] soldier      driving_B_2020.02.13_13.03.24.csv block-000@660s reward=QoE=   14.99 pacing=0.00s eps=0.264 loss=2.1395
[ep 1290] longdress    static_B_2020.02.27_18.39.27.csv block-001@2892s reward=QoE=   72.07 pacing=0.00s eps=0.264 loss=2.5718
[ep 1291] loot         static_B_2020.02.27_18.39.27.csv block-001@72s reward=QoE=   80.44 pacing=0.88s eps=0.263 loss=2.0635
[ep 1292] redandblack  driving_B_2020.02.13_15.02.01.csv block-000@2700s reward=QoE=  -73.36 pacing=0.00s eps=0.262 loss=2.2563
[ep 1293] soldier      driving_B_2020.02.13_13.03.24.csv block-000@120s reward=QoE=   -9.07 pacing=0.00s eps=0.262 loss=2.2952
[ep 1294] longdress    driving_B_2019.12.17_07.32.39.csv block-000@600s reward=QoE=   30.09 pacing=0.00s eps=0.261 loss=2.4552
[ep 1295] loot         driving_B_2020.01.16_09.56.56.csv block-001@1659s reward=QoE=   62.19 pacing=1.31s eps=0.261 loss=2.4592
[ep 1296] redandblack  static_B_2020.02.14_13.21.26.csv block-000@1020s reward=QoE=   78.91 pacing=1.28s eps=0.260 loss=2.4958
[ep 1297] soldier      driving_B_2020.02.14_12.58.17.csv block-002@716s reward=QoE=   -4.76 pacing=0.00s eps=0.260 loss=2.3560
[ep 1298] longdress    driving_B_2020.02.13_13.03.24.csv block-007@2290s reward=QoE= -193.26 pacing=0.00s eps=0.259 loss=2.4510
[ep 1299] loot         driving_B_2020.02.13_13.03.24.csv block-001@1754s reward=QoE=   26.75 pacing=0.00s eps=0.258 loss=2.4204
[ep 1300] redandblack  driving_B_2020.02.14_09.38.22.csv block-000@1440s reward=QoE=   66.83 pacing=0.90s eps=0.258 loss=2.3014
[ep 1301] soldier      driving_B_2019.12.17_07.32.39.csv block-000@0s reward=QoE=   -2.62 pacing=0.00s eps=0.257 loss=2.2413
[ep 1302] longdress    driving_B_2020.01.16_09.56.56.csv block-001@939s reward=QoE=   17.43 pacing=0.00s eps=0.257 loss=2.6349
[ep 1303] loot         driving_B_2020.01.16_12.10.03.csv block-000@360s reward=QoE=   75.83 pacing=0.00s eps=0.256 loss=2.3609
[ep 1304] redandblack  driving_B_2020.02.14_12.58.17.csv block-002@656s reward=QoE=   49.14 pacing=0.00s eps=0.256 loss=2.5211
[ep 1305] soldier      driving_B_2019.12.17_07.32.39.csv block-003@1834s reward=QoE=  -34.57 pacing=0.00s eps=0.255 loss=2.7090
[ep 1306] longdress    driving_B_2020.02.27_17.30.15.csv block-002@473s reward=QoE= -348.77 pacing=0.00s eps=0.254 loss=2.6062
[ep 1307] loot         driving_B_2019.12.17_07.32.39.csv block-000@420s reward=QoE=   43.69 pacing=0.00s eps=0.254 loss=2.3073
[ep 1308] redandblack  driving_B_2020.02.13_15.02.01.csv block-000@660s reward=QoE=   56.75 pacing=0.00s eps=0.253 loss=2.5723
[ep 1309] soldier      driving_B_2019.12.16_12.27.05.csv block-000@1080s reward=QoE=   66.93 pacing=0.00s eps=0.253 loss=2.4146
[ep 1310] longdress    driving_B_2020.01.16_07.26.43.csv block-000@1740s reward=QoE= -178.55 pacing=0.00s eps=0.252 loss=2.2177
[ep 1311] loot         driving_B_2020.01.16_07.26.43.csv block-000@1080s reward=QoE=   30.11 pacing=0.00s eps=0.252 loss=2.3880
[ep 1312] redandblack  driving_B_2020.01.16_07.26.43.csv block-000@120s reward=QoE=   41.40 pacing=0.00s eps=0.251 loss=2.4311
[ep 1313] soldier      static_B_2020.02.27_18.39.27.csv block-001@2232s reward=QoE=   16.73 pacing=0.00s eps=0.250 loss=2.0407
[ep 1314] longdress    static_B_2019.12.16_13.40.04.csv block-001@895s reward=QoE=   47.94 pacing=0.00s eps=0.250 loss=2.3679
[ep 1315] loot         driving_B_2019.12.16_12.27.05.csv block-000@180s reward=QoE=   26.69 pacing=0.00s eps=0.249 loss=2.1191
[ep 1316] redandblack  static_B_2020.02.14_13.21.26.csv block-000@600s reward=QoE=   76.57 pacing=1.38s eps=0.249 loss=2.0770
[ep 1317] soldier      driving_B_2020.02.14_09.38.22.csv block-000@600s reward=QoE=   47.27 pacing=0.00s eps=0.248 loss=2.2454
[ep 1318] longdress    static_B_2019.12.16_13.40.04.csv block-001@1135s reward=QoE=   58.71 pacing=0.00s eps=0.248 loss=2.2108
[ep 1319] loot         driving_B_2020.01.16_09.56.56.csv block-001@1119s reward=QoE=   73.78 pacing=2.10s eps=0.247 loss=2.2232
[ep 1320] redandblack  driving_B_2019.12.16_12.27.05.csv block-000@360s reward=QoE=    8.88 pacing=0.00s eps=0.246 loss=2.3009
[ep 1321] soldier      driving_B_2020.02.27_17.30.15.csv block-002@533s reward=QoE= -120.91 pacing=0.00s eps=0.246 loss=2.5140
[ep 1322] longdress    driving_B_2019.12.17_07.32.39.csv block-004@2477s reward=QoE=   51.89 pacing=0.00s eps=0.245 loss=2.2268
[ep 1323] loot         driving_B_2020.02.13_13.03.24.csv block-001@1574s reward=QoE=   14.02 pacing=0.00s eps=0.245 loss=2.1545
[ep 1324] redandblack  driving_B_2019.12.16_12.27.05.csv block-000@240s reward=QoE=   34.43 pacing=0.00s eps=0.244 loss=2.4680
[ep 1325] soldier      driving_B_2020.01.16_07.26.43.csv block-000@1380s reward=QoE=   -4.23 pacing=0.00s eps=0.244 loss=2.5091
[ep 1326] longdress    driving_B_2020.02.14_12.58.17.csv block-002@656s reward=QoE=   26.54 pacing=0.00s eps=0.243 loss=2.1638
[ep 1327] loot         driving_B_2020.01.16_09.56.56.csv block-000@120s reward=QoE=  -11.37 pacing=0.00s eps=0.242 loss=2.3862
[ep 1328] redandblack  static_B_2020.02.14_13.21.26.csv block-000@360s reward=QoE=   78.22 pacing=0.00s eps=0.242 loss=2.2193
[ep 1329] soldier      driving_B_2020.01.16_12.10.03.csv block-000@0s reward=QoE=   62.80 pacing=1.11s eps=0.241 loss=2.2061
[ep 1330] longdress    driving_B_2020.02.13_13.03.24.csv block-000@0s reward=QoE=  -21.36 pacing=0.00s eps=0.241 loss=2.5018
[ep 1331] loot         driving_B_2020.02.14_12.58.17.csv block-002@716s reward=QoE=   28.66 pacing=0.00s eps=0.240 loss=2.2071
[ep 1332] redandblack  static_B_2020.02.27_18.39.27.csv block-001@1992s reward=QoE=   63.52 pacing=0.00s eps=0.240 loss=2.4376
[ep 1333] soldier      driving_B_2020.02.27_17.30.15.csv block-002@413s reward=QoE=    5.88 pacing=0.00s eps=0.239 loss=2.5721
[ep 1334] longdress    driving_B_2020.01.16_12.10.03.csv block-000@240s reward=QoE=   76.52 pacing=0.00s eps=0.238 loss=2.1459
[ep 1335] loot         driving_B_2020.01.16_12.10.03.csv block-000@180s reward=QoE=   76.41 pacing=0.84s eps=0.238 loss=2.1089
[ep 1336] redandblack  static_B_2019.12.16_13.40.04.csv block-000@0s reward=QoE=   70.07 pacing=0.00s eps=0.237 loss=2.0035
[ep 1337] soldier      static_B_2020.02.27_18.39.27.csv block-001@1392s reward=QoE=   32.20 pacing=0.00s eps=0.237 loss=2.3993
[ep 1338] longdress    static_B_2020.02.27_18.39.27.csv block-001@4692s reward=QoE=   53.21 pacing=0.00s eps=0.236 loss=2.4424
[ep 1339] loot         driving_B_2020.02.13_13.03.24.csv block-000@540s reward=QoE=   24.71 pacing=0.00s eps=0.236 loss=2.1785
[ep 1340] redandblack  static_B_2020.02.27_18.39.27.csv block-001@552s reward=QoE=   74.43 pacing=0.00s eps=0.235 loss=2.3730
[ep 1341] soldier      driving_B_2020.02.27_17.30.15.csv block-002@293s reward=QoE= -248.37 pacing=0.00s eps=0.234 loss=2.4122
[ep 1342] longdress    driving_B_2020.01.16_09.56.56.csv block-001@1359s reward=QoE=   22.95 pacing=0.00s eps=0.234 loss=2.1974
[ep 1343] loot         driving_B_2020.02.13_15.02.01.csv block-000@2040s reward=QoE=   71.44 pacing=0.20s eps=0.233 loss=2.2930
[ep 1344] redandblack  driving_B_2020.02.13_13.03.24.csv block-001@1034s reward=QoE=  -30.05 pacing=0.00s eps=0.233 loss=2.1281
[ep 1345] soldier      driving_B_2020.02.13_15.02.01.csv block-000@180s reward=QoE=   53.97 pacing=0.00s eps=0.232 loss=2.6297
[ep 1346] longdress    driving_B_2020.02.14_09.38.22.csv block-000@300s reward=QoE=   -1.71 pacing=0.00s eps=0.232 loss=2.3263
[ep 1347] loot         driving_B_2020.02.14_12.58.17.csv block-002@536s reward=QoE= -167.07 pacing=0.00s eps=0.231 loss=2.4530
[ep 1348] redandblack  driving_B_2020.02.13_13.03.24.csv block-001@1094s reward=QoE=   -1.21 pacing=0.00s eps=0.230 loss=2.3590
[ep 1349] soldier      driving_B_2020.01.16_12.10.03.csv block-000@180s reward=QoE=   78.95 pacing=0.00s eps=0.230 loss=2.2360
[ep 1350] longdress    static_B_2019.12.16_13.40.04.csv block-005@1766s reward=QoE=   72.52 pacing=0.00s eps=0.229 loss=2.6785
[ep 1351] loot         static_B_2019.12.16_13.40.04.csv block-001@715s reward=QoE=   52.75 pacing=0.00s eps=0.229 loss=2.4012
[ep 1352] redandblack  driving_B_2020.02.27_17.30.15.csv block-002@473s reward=QoE= -212.83 pacing=0.00s eps=0.228 loss=2.3858
[ep 1353] soldier      driving_B_2020.01.16_09.56.56.csv block-001@1059s reward=QoE=    8.21 pacing=0.00s eps=0.228 loss=2.5411
[ep 1354] longdress    driving_B_2020.01.16_12.10.03.csv block-000@180s reward=QoE=   73.50 pacing=0.00s eps=0.227 loss=2.2772
[ep 1355] loot         driving_B_2020.02.14_09.38.22.csv block-000@1200s reward=QoE=   22.68 pacing=0.00s eps=0.226 loss=2.4486
[ep 1356] redandblack  driving_B_2020.02.14_12.58.17.csv block-002@596s reward=QoE=   25.11 pacing=0.00s eps=0.226 loss=2.4525
[ep 1357] soldier      driving_B_2020.02.13_13.03.24.csv block-000@600s reward=QoE=  -12.08 pacing=0.00s eps=0.225 loss=2.3063
[ep 1358] longdress    static_B_2019.12.16_13.40.04.csv block-005@1946s reward=QoE=   70.41 pacing=0.00s eps=0.225 loss=2.3526
[ep 1359] loot         driving_B_2020.02.14_09.38.22.csv block-000@1500s reward=QoE=   -6.41 pacing=0.00s eps=0.224 loss=2.3943
[ep 1360] redandblack  driving_B_2020.02.13_13.03.24.csv block-001@1934s reward=QoE=  -16.11 pacing=0.00s eps=0.224 loss=2.2047
[ep 1361] soldier      driving_B_2020.02.27_17.30.15.csv block-002@533s reward=QoE= -230.77 pacing=0.00s eps=0.223 loss=2.1983
[ep 1362] longdress    driving_B_2019.12.17_07.32.39.csv block-000@1320s reward=QoE=    6.44 pacing=0.00s eps=0.222 loss=2.3943
[ep 1363] loot         static_B_2019.12.16_13.40.04.csv block-001@775s reward=QoE=   77.33 pacing=1.37s eps=0.222 loss=2.1489
[ep 1364] redandblack  driving_B_2020.02.27_17.30.15.csv block-002@353s reward=QoE=  -52.81 pacing=0.00s eps=0.221 loss=2.3700
[ep 1365] soldier      driving_B_2020.02.14_09.38.22.csv block-000@1020s reward=QoE=   64.48 pacing=0.00s eps=0.221 loss=2.3922
[ep 1366] longdress    driving_B_2019.12.16_12.27.05.csv block-000@1020s reward=QoE=   70.36 pacing=0.00s eps=0.220 loss=2.4456
[ep 1367] loot         driving_B_2020.02.27_17.30.15.csv block-002@473s reward=QoE= -177.79 pacing=0.00s eps=0.220 loss=2.1671
[ep 1368] redandblack  static_B_2019.12.16_13.40.04.csv block-005@1646s reward=QoE=   74.97 pacing=1.40s eps=0.219 loss=2.1170
[ep 1369] soldier      driving_B_2020.02.13_13.03.24.csv block-000@360s reward=QoE=   26.26 pacing=0.00s eps=0.218 loss=2.3516
[ep 1370] longdress    static_B_2020.02.27_18.39.27.csv block-001@4332s reward=QoE=   46.43 pacing=0.00s eps=0.218 loss=2.1343
[ep 1371] loot         driving_B_2019.12.16_12.27.05.csv block-000@180s reward=QoE=   37.88 pacing=0.00s eps=0.217 loss=2.3002
[ep 1372] redandblack  driving_B_2020.02.14_12.58.17.csv block-002@716s reward=QoE=   11.81 pacing=0.00s eps=0.217 loss=2.2716
[ep 1373] soldier      driving_B_2020.02.14_09.38.22.csv block-000@960s reward=QoE=   57.16 pacing=0.00s eps=0.216 loss=2.3138
[ep 1374] longdress    driving_B_2020.01.16_07.26.43.csv block-000@360s reward=QoE=  -79.81 pacing=0.00s eps=0.216 loss=2.3822
[ep 1375] loot         driving_B_2020.01.16_09.56.56.csv block-001@1419s reward=QoE=   64.60 pacing=0.00s eps=0.215 loss=2.4930
[ep 1376] redandblack  driving_B_2020.01.16_12.10.03.csv block-000@120s reward=QoE=   73.51 pacing=1.47s eps=0.214 loss=2.3616
[ep 1377] soldier      static_B_2019.12.16_13.40.04.csv block-005@1406s reward=QoE=   24.70 pacing=0.00s eps=0.214 loss=2.5535
[ep 1378] longdress    driving_B_2020.02.27_17.30.15.csv block-002@293s reward=QoE= -335.58 pacing=0.00s eps=0.213 loss=2.4149
[ep 1379] loot         static_B_2020.02.27_18.39.27.csv block-001@4152s reward=QoE=   83.62 pacing=0.37s eps=0.213 loss=2.0813
[ep 1380] redandblack  driving_B_2019.12.16_12.27.05.csv block-000@120s reward=QoE=   28.72 pacing=0.00s eps=0.212 loss=2.2658
[ep 1381] soldier      driving_B_2020.01.16_09.56.56.csv block-000@360s reward=QoE=   28.21 pacing=0.00s eps=0.212 loss=2.3815
[ep 1382] longdress    driving_B_2020.02.13_15.02.01.csv block-000@2160s reward=QoE=   53.66 pacing=0.00s eps=0.211 loss=2.4172
[ep 1383] loot         driving_B_2020.02.13_13.03.24.csv block-001@1154s reward=QoE=    6.65 pacing=0.00s eps=0.210 loss=2.2128
[ep 1384] redandblack  driving_B_2020.02.13_13.03.24.csv block-000@180s reward=QoE=   -7.93 pacing=0.00s eps=0.210 loss=2.2244
[ep 1385] soldier      driving_B_2020.02.13_13.03.24.csv block-001@1274s reward=QoE=  -19.66 pacing=0.00s eps=0.209 loss=2.5589
[ep 1386] longdress    driving_B_2020.01.16_12.10.03.csv block-000@300s reward=QoE=   38.69 pacing=0.00s eps=0.209 loss=2.4689
[ep 1387] loot         driving_B_2020.02.27_17.30.15.csv block-002@353s reward=QoE=  -58.77 pacing=0.00s eps=0.208 loss=2.2375
[ep 1388] redandblack  driving_B_2020.02.13_13.03.24.csv block-001@974s reward=QoE=   23.85 pacing=0.00s eps=0.208 loss=2.1327
[ep 1389] soldier      driving_B_2020.01.16_07.26.43.csv block-000@240s reward=QoE=   -9.59 pacing=0.00s eps=0.207 loss=2.3473
[ep 1390] longdress    driving_B_2020.01.16_12.10.03.csv block-000@60s reward=QoE=   48.57 pacing=0.00s eps=0.206 loss=2.0936
[ep 1391] loot         driving_B_2020.02.13_15.02.01.csv block-000@2880s reward=QoE=   69.15 pacing=0.00s eps=0.206 loss=2.3124
[ep 1392] redandblack  driving_B_2020.02.27_17.30.15.csv block-002@353s reward=QoE=  -32.01 pacing=0.00s eps=0.205 loss=2.0959
[ep 1393] soldier      static_B_2019.12.16_13.40.04.csv block-000@360s reward=QoE=   21.42 pacing=0.00s eps=0.205 loss=2.3834
[ep 1394] longdress    driving_B_2020.01.16_09.56.56.csv block-000@180s reward=QoE=   34.47 pacing=0.00s eps=0.204 loss=2.2658
[ep 1395] loot         driving_B_2019.12.16_12.27.05.csv block-000@1140s reward=QoE=   54.92 pacing=0.00s eps=0.204 loss=2.3446
[ep 1396] redandblack  static_B_2019.12.16_13.40.04.csv block-000@180s reward=QoE=   62.36 pacing=0.00s eps=0.203 loss=2.3275
[ep 1397] soldier      driving_B_2020.02.13_13.03.24.csv block-001@1634s reward=QoE=   21.90 pacing=0.00s eps=0.202 loss=2.2362
[ep 1398] longdress    driving_B_2020.01.16_12.10.03.csv block-000@180s reward=QoE=   77.36 pacing=0.00s eps=0.202 loss=2.2945
[ep 1399] loot         static_B_2019.12.16_13.40.04.csv block-005@1706s reward=QoE=   67.49 pacing=0.00s eps=0.201 loss=2.2591
[ep 1400] redandblack  static_B_2020.02.27_18.39.27.csv block-001@2052s reward=QoE= -305.19 pacing=0.00s eps=0.201 loss=2.2408
[ep 1401] soldier      driving_B_2020.01.16_07.26.43.csv block-000@1860s reward=QoE=  -19.65 pacing=0.00s eps=0.200 loss=2.4513
[ep 1402] longdress    driving_B_2020.01.16_12.10.03.csv block-000@360s reward=QoE=   57.58 pacing=0.00s eps=0.200 loss=2.5217
[ep 1403] loot         driving_B_2020.02.14_09.38.22.csv block-000@1080s reward=QoE=   70.67 pacing=1.34s eps=0.199 loss=2.7532
[ep 1404] redandblack  static_B_2020.02.14_13.21.26.csv block-000@900s reward=QoE=   78.32 pacing=0.00s eps=0.198 loss=2.8799
[ep 1405] soldier      driving_B_2020.01.16_07.26.43.csv block-000@660s reward=QoE=   -6.91 pacing=0.00s eps=0.198 loss=2.4665
[ep 1406] longdress    driving_B_2020.02.14_09.38.22.csv block-000@900s reward=QoE= -107.31 pacing=0.00s eps=0.197 loss=2.2824
[ep 1407] loot         static_B_2019.12.16_13.40.04.csv block-001@955s reward=QoE=   69.49 pacing=0.00s eps=0.197 loss=2.6263
[ep 1408] redandblack  static_B_2020.02.14_13.21.26.csv block-000@720s reward=QoE=   71.36 pacing=0.00s eps=0.196 loss=2.4094
[ep 1409] soldier      static_B_2019.12.16_13.40.04.csv block-000@300s reward=QoE=   15.10 pacing=0.00s eps=0.196 loss=2.3988
[ep 1410] longdress    driving_B_2020.01.16_12.10.03.csv block-000@300s reward=QoE=   32.45 pacing=0.00s eps=0.195 loss=2.2850
[ep 1411] loot         driving_B_2019.12.16_12.27.05.csv block-000@840s reward=QoE=   49.42 pacing=0.00s eps=0.194 loss=2.5785
[ep 1412] redandblack  driving_B_2020.02.13_13.03.24.csv block-000@300s reward=QoE=   29.84 pacing=0.00s eps=0.194 loss=2.5759
[ep 1413] soldier      driving_B_2020.02.13_13.03.24.csv block-001@1394s reward=QoE=  -13.98 pacing=0.00s eps=0.193 loss=2.6612
[ep 1414] longdress    static_B_2020.02.27_18.39.27.csv block-001@4632s reward=QoE=   76.80 pacing=0.00s eps=0.193 loss=2.6974
[ep 1415] loot         static_B_2020.02.14_13.21.26.csv block-000@840s reward=QoE=   84.91 pacing=1.31s eps=0.192 loss=2.6415
[ep 1416] redandblack  driving_B_2019.12.17_07.32.39.csv block-000@480s reward=QoE=   53.42 pacing=0.00s eps=0.192 loss=2.4397
[ep 1417] soldier      driving_B_2020.02.13_15.02.01.csv block-000@1380s reward=QoE=   43.79 pacing=0.00s eps=0.191 loss=2.5531
[ep 1418] longdress    static_B_2020.02.27_18.39.27.csv block-001@792s reward=QoE=   79.07 pacing=0.00s eps=0.190 loss=2.4474
[ep 1419] loot         driving_B_2020.02.13_15.02.01.csv block-000@60s reward=QoE=   72.70 pacing=0.94s eps=0.190 loss=2.9671
[ep 1420] redandblack  driving_B_2020.02.27_17.30.15.csv block-002@533s reward=QoE=  -76.84 pacing=0.00s eps=0.189 loss=2.6821
[ep 1421] soldier      static_B_2020.02.27_18.39.27.csv block-001@732s reward=QoE=   77.30 pacing=0.00s eps=0.189 loss=2.8530
[ep 1422] longdress    driving_B_2019.12.16_12.27.05.csv block-000@720s reward=QoE=  -22.67 pacing=0.00s eps=0.188 loss=2.6786
[ep 1423] loot         static_B_2020.02.27_18.39.27.csv block-001@972s reward=QoE=   69.07 pacing=0.00s eps=0.188 loss=2.3883
[ep 1424] redandblack  driving_B_2020.01.16_07.26.43.csv block-000@600s reward=QoE=   36.74 pacing=0.00s eps=0.187 loss=2.3042
[ep 1425] soldier      static_B_2020.02.27_18.39.27.csv block-001@3192s reward=QoE=   83.54 pacing=0.00s eps=0.186 loss=2.5583
[ep 1426] longdress    driving_B_2020.02.13_15.02.01.csv block-000@1680s reward=QoE=  -33.12 pacing=0.00s eps=0.186 loss=2.9710
[ep 1427] loot         driving_B_2020.01.16_12.10.03.csv block-000@240s reward=QoE=   89.02 pacing=0.27s eps=0.185 loss=2.4372
[ep 1428] redandblack  driving_B_2020.02.14_12.58.17.csv block-002@596s reward=QoE=   34.43 pacing=0.00s eps=0.185 loss=2.7878
[ep 1429] soldier      driving_B_2020.02.27_17.30.15.csv block-002@353s reward=QoE=  -52.07 pacing=0.00s eps=0.184 loss=2.3498
[ep 1430] longdress    driving_B_2020.01.16_07.26.43.csv block-000@480s reward=QoE=    0.72 pacing=0.00s eps=0.184 loss=2.4542
[ep 1431] loot         driving_B_2020.02.13_13.03.24.csv block-001@1454s reward=QoE=    2.09 pacing=0.00s eps=0.183 loss=2.4784
[ep 1432] redandblack  driving_B_2020.01.16_09.56.56.csv block-001@519s reward=QoE=   38.80 pacing=0.00s eps=0.182 loss=2.5568
[ep 1433] soldier      driving_B_2020.02.14_12.58.17.csv block-002@536s reward=QoE=  -45.38 pacing=0.00s eps=0.182 loss=2.4207
[ep 1434] longdress    driving_B_2020.02.14_12.58.17.csv block-002@536s reward=QoE= -191.09 pacing=0.00s eps=0.181 loss=2.5920
[ep 1435] loot         driving_B_2020.02.27_17.30.15.csv block-002@533s reward=QoE= -106.46 pacing=0.00s eps=0.181 loss=2.3601
[ep 1436] redandblack  driving_B_2020.02.27_17.30.15.csv block-002@533s reward=QoE=  -71.33 pacing=0.00s eps=0.180 loss=2.6302
[ep 1437] soldier      driving_B_2020.01.16_09.56.56.csv block-001@1059s reward=QoE=    3.23 pacing=0.00s eps=0.180 loss=2.5034
[ep 1438] longdress    driving_B_2019.12.16_12.27.05.csv block-000@1140s reward=QoE=   39.77 pacing=0.00s eps=0.179 loss=2.5854
[ep 1439] loot         driving_B_2020.02.13_15.02.01.csv block-000@1260s reward=QoE=   32.99 pacing=0.00s eps=0.178 loss=2.4666
[ep 1440] redandblack  driving_B_2020.02.13_15.02.01.csv block-000@840s reward=QoE=   32.74 pacing=0.00s eps=0.178 loss=2.4270
[ep 1441] soldier      driving_B_2020.01.16_09.56.56.csv block-000@240s reward=QoE=   29.63 pacing=0.00s eps=0.177 loss=2.4596
[ep 1442] longdress    driving_B_2020.02.14_09.38.22.csv block-000@420s reward=QoE=  -36.68 pacing=0.00s eps=0.177 loss=2.4719
[ep 1443] loot         driving_B_2019.12.16_12.27.05.csv block-000@780s reward=QoE=   33.90 pacing=0.00s eps=0.176 loss=2.4528
[ep 1444] redandblack  driving_B_2020.02.14_09.38.22.csv block-000@120s reward=QoE=   17.80 pacing=0.00s eps=0.176 loss=2.6765
[ep 1445] soldier      driving_B_2019.12.16_12.27.05.csv block-000@420s reward=QoE= -185.14 pacing=0.00s eps=0.175 loss=2.4310
[ep 1446] longdress    driving_B_2020.01.16_07.26.43.csv block-000@720s reward=QoE=   19.53 pacing=0.00s eps=0.174 loss=2.3773
[ep 1447] loot         static_B_2020.02.14_13.21.26.csv block-000@0s reward=QoE=   47.48 pacing=0.00s eps=0.174 loss=2.5799
[ep 1448] redandblack  driving_B_2020.02.13_13.03.24.csv block-001@1814s reward=QoE=    4.87 pacing=0.00s eps=0.173 loss=2.4707
[ep 1449] soldier      driving_B_2020.02.14_12.58.17.csv block-002@536s reward=QoE= -190.74 pacing=0.00s eps=0.173 loss=2.6408
[ep 1450] longdress    driving_B_2020.01.16_07.26.43.csv block-000@960s reward=QoE=   -7.08 pacing=0.00s eps=0.172 loss=2.3959
[ep 1451] loot         driving_B_2020.02.13_13.03.24.csv block-001@1334s reward=QoE=   25.49 pacing=0.00s eps=0.172 loss=2.4552
[ep 1452] redandblack  driving_B_2020.01.16_07.26.43.csv block-000@420s reward=QoE=    8.33 pacing=0.00s eps=0.171 loss=2.3445
[ep 1453] soldier      driving_B_2020.02.14_09.38.22.csv block-000@1260s reward=QoE=   -3.31 pacing=0.00s eps=0.170 loss=2.6009
[ep 1454] longdress    driving_B_2020.02.13_15.02.01.csv block-000@2280s reward=QoE=   46.02 pacing=0.00s eps=0.170 loss=2.3983
[ep 1455] loot         driving_B_2020.02.14_12.58.17.csv block-002@536s reward=QoE=  -88.07 pacing=0.00s eps=0.169 loss=2.5407
[ep 1456] redandblack  static_B_2020.02.27_18.39.27.csv block-001@1932s reward=QoE=   62.39 pacing=0.00s eps=0.169 loss=2.4577
[ep 1457] soldier      driving_B_2020.02.14_09.38.22.csv block-000@1560s reward=QoE=   20.26 pacing=0.00s eps=0.168 loss=2.5617
[ep 1458] longdress    driving_B_2020.01.16_12.10.03.csv block-000@240s reward=QoE=   83.67 pacing=0.00s eps=0.168 loss=2.6216
[ep 1459] loot         driving_B_2020.02.13_15.02.01.csv block-000@480s reward=QoE=   67.04 pacing=0.00s eps=0.167 loss=2.1209
[ep 1460] redandblack  driving_B_2020.02.14_09.38.22.csv block-000@480s reward=QoE=   12.73 pacing=0.00s eps=0.166 loss=2.3371
[ep 1461] soldier      driving_B_2019.12.16_12.27.05.csv block-000@900s reward=QoE=   75.70 pacing=0.00s eps=0.166 loss=2.5033
[ep 1462] longdress    driving_B_2020.02.27_17.30.15.csv block-002@473s reward=QoE= -363.99 pacing=0.00s eps=0.165 loss=2.7780
[ep 1463] loot         driving_B_2020.01.16_07.26.43.csv block-000@540s reward=QoE=   21.69 pacing=0.00s eps=0.165 loss=2.6217
[ep 1464] redandblack  driving_B_2020.01.16_07.26.43.csv block-000@1020s reward=QoE=  -12.01 pacing=0.00s eps=0.164 loss=2.6537
[ep 1465] soldier      driving_B_2020.02.14_12.58.17.csv block-002@536s reward=QoE= -115.18 pacing=0.00s eps=0.164 loss=2.7029
[ep 1466] longdress    driving_B_2020.01.16_09.56.56.csv block-001@1179s reward=QoE=   19.53 pacing=0.00s eps=0.163 loss=2.5702
[ep 1467] loot         static_B_2019.12.16_13.40.04.csv block-001@595s reward=QoE=   77.47 pacing=0.00s eps=0.162 loss=2.1519
[ep 1468] redandblack  driving_B_2020.02.14_12.58.17.csv block-002@716s reward=QoE=   28.47 pacing=0.00s eps=0.162 loss=2.9603
[ep 1469] soldier      static_B_2020.02.27_18.39.27.csv block-001@4572s reward=QoE=   44.61 pacing=0.00s eps=0.161 loss=2.5327
[ep 1470] longdress    static_B_2019.12.16_13.40.04.csv block-000@420s reward=QoE=   57.08 pacing=0.00s eps=0.161 loss=2.5497
[ep 1471] loot         driving_B_2020.01.16_09.56.56.csv block-001@1239s reward=QoE=   45.00 pacing=0.00s eps=0.160 loss=2.3751
[ep 1472] redandblack  driving_B_2019.12.17_07.32.39.csv block-000@1200s reward=QoE=   80.00 pacing=0.03s eps=0.160 loss=2.4829
[ep 1473] soldier      static_B_2020.02.27_18.39.27.csv block-001@2952s reward=QoE=   64.64 pacing=0.00s eps=0.159 loss=2.5964
[ep 1474] longdress    driving_B_2020.02.13_13.03.24.csv block-000@240s reward=QoE=   14.33 pacing=0.00s eps=0.158 loss=2.3396
[ep 1475] loot         static_B_2020.02.14_13.21.26.csv block-000@540s reward=QoE=   76.29 pacing=0.38s eps=0.158 loss=2.8608
[ep 1476] redandblack  static_B_2019.12.16_13.40.04.csv block-006@2232s reward=QoE=   81.87 pacing=0.42s eps=0.157 loss=2.4792
[ep 1477] soldier      driving_B_2020.02.13_13.03.24.csv block-000@420s reward=QoE=   -3.40 pacing=0.00s eps=0.157 loss=2.6793
[ep 1478] longdress    driving_B_2020.02.13_15.02.01.csv block-000@540s reward=QoE=   21.31 pacing=0.00s eps=0.156 loss=2.4473
[ep 1479] loot         driving_B_2020.01.16_07.26.43.csv block-000@60s reward=QoE=   40.91 pacing=0.00s eps=0.156 loss=2.3830
[ep 1480] redandblack  static_B_2019.12.16_13.40.04.csv block-001@655s reward=QoE=   63.41 pacing=0.00s eps=0.155 loss=2.4235
[ep 1481] soldier      driving_B_2020.02.14_09.38.22.csv block-000@720s reward=QoE=   82.03 pacing=0.69s eps=0.154 loss=2.3383
[ep 1482] longdress    driving_B_2019.12.16_12.27.05.csv block-000@600s reward=QoE=  -14.33 pacing=0.00s eps=0.154 loss=2.3715
[ep 1483] loot         driving_B_2020.01.16_07.26.43.csv block-000@1800s reward=QoE=   34.26 pacing=0.00s eps=0.153 loss=2.4215
[ep 1484] redandblack  driving_B_2019.12.17_07.32.39.csv block-004@2537s reward=QoE=   74.08 pacing=1.68s eps=0.153 loss=2.4854
[ep 1485] soldier      static_B_2019.12.16_13.40.04.csv block-001@1075s reward=QoE=   43.40 pacing=0.00s eps=0.152 loss=2.3604
[ep 1486] longdress    driving_B_2020.01.16_12.10.03.csv block-000@120s reward=QoE=   79.49 pacing=0.00s eps=0.152 loss=2.5409
[ep 1487] loot         driving_B_2020.02.27_17.30.15.csv block-002@413s reward=QoE=  -30.03 pacing=0.00s eps=0.151 loss=2.6000
[ep 1488] redandblack  driving_B_2019.12.17_07.32.39.csv block-000@180s reward=QoE=   30.11 pacing=0.00s eps=0.150 loss=2.4913
[ep 1489] soldier      driving_B_2020.01.16_12.10.03.csv block-000@120s reward=QoE=   74.17 pacing=0.31s eps=0.150 loss=2.6779
[ep 1490] longdress    driving_B_2020.02.13_15.02.01.csv block-000@960s reward=QoE=   59.82 pacing=0.00s eps=0.149 loss=2.5287
[ep 1491] loot         driving_B_2020.01.16_07.26.43.csv block-000@1320s reward=QoE=   28.36 pacing=0.00s eps=0.149 loss=2.5665
[ep 1492] redandblack  driving_B_2019.12.17_07.32.39.csv block-000@1020s reward=QoE=   -1.02 pacing=0.00s eps=0.148 loss=2.5239
[ep 1493] soldier      driving_B_2020.02.13_15.02.01.csv block-000@300s reward=QoE=   88.41 pacing=0.80s eps=0.148 loss=2.4477
[ep 1494] longdress    driving_B_2020.02.13_13.03.24.csv block-001@1994s reward=QoE=   67.93 pacing=0.00s eps=0.147 loss=2.4700
[ep 1495] loot         driving_B_2020.02.14_09.38.22.csv block-000@60s reward=QoE=   34.16 pacing=0.00s eps=0.147 loss=2.4616
[ep 1496] redandblack  driving_B_2020.02.13_15.02.01.csv block-000@1080s reward=QoE=  -12.49 pacing=0.00s eps=0.146 loss=2.5754
[ep 1497] soldier      driving_B_2019.12.17_07.32.39.csv block-000@780s reward=QoE=   10.90 pacing=0.00s eps=0.145 loss=2.7048
[ep 1498] longdress    driving_B_2020.01.16_07.26.43.csv block-000@840s reward=QoE=   56.67 pacing=0.00s eps=0.145 loss=2.8948
[ep 1499] loot         driving_B_2019.12.17_07.32.39.csv block-000@1260s reward=QoE=   15.38 pacing=0.00s eps=0.144 loss=2.3741
[ep 1500] redandblack  driving_B_2020.01.16_09.56.56.csv block-001@639s reward=QoE=   67.47 pacing=0.00s eps=0.144 loss=2.4721
[ep 1501] soldier      driving_B_2019.12.17_07.32.39.csv block-003@2014s reward=QoE=  -31.55 pacing=0.00s eps=0.143 loss=2.4288
[ep 1502] longdress    driving_B_2020.02.14_09.38.22.csv block-000@1140s reward=QoE=    0.65 pacing=0.00s eps=0.143 loss=2.3843
[ep 1503] loot         static_B_2020.02.14_13.21.26.csv block-000@900s reward=QoE=   81.25 pacing=0.22s eps=0.142 loss=2.3791
[ep 1504] redandblack  driving_B_2020.01.16_12.10.03.csv block-000@0s reward=QoE=   71.94 pacing=1.27s eps=0.141 loss=2.4974
[ep 1505] soldier      static_B_2019.12.16_13.40.04.csv block-000@120s reward=QoE=   80.84 pacing=0.00s eps=0.141 loss=2.5146
[ep 1506] longdress    driving_B_2020.02.14_09.38.22.csv block-000@1380s reward=QoE=   11.24 pacing=0.00s eps=0.140 loss=2.3990
[ep 1507] loot         driving_B_2020.02.27_17.30.15.csv block-002@293s reward=QoE= -164.62 pacing=0.00s eps=0.140 loss=2.2731
[ep 1508] redandblack  driving_B_2020.01.16_09.56.56.csv block-001@879s reward=QoE=   61.17 pacing=0.00s eps=0.139 loss=2.7827
[ep 1509] soldier      driving_B_2020.01.16_12.10.03.csv block-000@300s reward=QoE=   34.69 pacing=0.00s eps=0.139 loss=2.6048
[ep 1510] longdress    driving_B_2020.01.16_07.26.43.csv block-000@180s reward=QoE=  -28.77 pacing=0.00s eps=0.138 loss=2.4408
[ep 1511] loot         driving_B_2020.02.14_09.38.22.csv block-000@540s reward=QoE=   27.32 pacing=0.00s eps=0.137 loss=2.4563
[ep 1512] redandblack  driving_B_2020.02.27_17.30.15.csv block-002@473s reward=QoE=  -90.22 pacing=0.00s eps=0.137 loss=2.3031
[ep 1513] soldier      static_B_2020.02.27_18.39.27.csv block-001@3132s reward=QoE=   76.54 pacing=0.00s eps=0.136 loss=2.4000
[ep 1514] longdress    driving_B_2020.01.16_07.26.43.csv block-000@1500s reward=QoE=    4.98 pacing=0.00s eps=0.136 loss=2.7010
[ep 1515] loot         driving_B_2020.02.13_15.02.01.csv block-000@1440s reward=QoE=  -37.09 pacing=0.08s eps=0.135 loss=2.6047
[ep 1516] redandblack  static_B_2020.02.14_13.21.26.csv block-000@660s reward=QoE=   85.21 pacing=1.27s eps=0.135 loss=2.5681
[ep 1517] soldier      driving_B_2020.01.16_07.26.43.csv block-000@1140s reward=QoE=   46.18 pacing=0.00s eps=0.134 loss=2.7450
[ep 1518] longdress    static_B_2020.02.14_13.21.26.csv block-000@600s reward=QoE=   83.65 pacing=0.00s eps=0.133 loss=2.4513
[ep 1519] loot         driving_B_2019.12.16_12.27.05.csv block-000@480s reward=QoE=    7.80 pacing=0.00s eps=0.133 loss=2.4435
[ep 1520] redandblack  driving_B_2020.02.27_17.30.15.csv block-002@293s reward=QoE= -170.40 pacing=0.00s eps=0.132 loss=2.5399
[ep 1521] soldier      static_B_2020.02.14_13.21.26.csv block-000@1020s reward=QoE=   84.44 pacing=0.00s eps=0.132 loss=2.4059
[ep 1522] longdress    driving_B_2020.01.16_12.10.03.csv block-000@0s reward=QoE=   75.90 pacing=0.14s eps=0.131 loss=2.5446
[ep 1523] loot         static_B_2019.12.16_13.40.04.csv block-005@1886s reward=QoE=   66.30 pacing=0.00s eps=0.131 loss=2.4328
[ep 1524] redandblack  driving_B_2020.01.16_12.10.03.csv block-000@240s reward=QoE=   87.44 pacing=0.59s eps=0.130 loss=2.6048
[ep 1525] soldier      driving_B_2020.02.27_17.30.15.csv block-002@293s reward=QoE= -216.50 pacing=0.00s eps=0.129 loss=2.5069
[ep 1526] longdress    static_B_2020.02.27_18.39.27.csv block-001@6252s reward=QoE=   78.72 pacing=0.00s eps=0.129 loss=2.4334
[ep 1527] loot         driving_B_2020.02.13_15.02.01.csv block-000@1560s reward=QoE=   28.49 pacing=0.00s eps=0.128 loss=2.5054
[ep 1528] redandblack  static_B_2020.02.14_13.21.26.csv block-000@300s reward=QoE=   55.90 pacing=0.00s eps=0.128 loss=2.6694
[ep 1529] soldier      driving_B_2019.12.16_12.27.05.csv block-000@540s reward=QoE= -116.16 pacing=0.00s eps=0.127 loss=2.3709
[ep 1530] longdress    driving_B_2020.02.13_15.02.01.csv block-000@240s reward=QoE=   74.94 pacing=0.00s eps=0.127 loss=2.3434
[ep 1531] loot         driving_B_2020.02.14_12.58.17.csv block-002@716s reward=QoE=   29.93 pacing=0.00s eps=0.126 loss=2.5363
[ep 1532] redandblack  driving_B_2020.02.13_15.02.01.csv block-000@600s reward=QoE=   46.96 pacing=0.00s eps=0.125 loss=2.3755
[ep 1533] soldier      driving_B_2020.01.16_09.56.56.csv block-000@0s reward=QoE=   30.23 pacing=0.00s eps=0.125 loss=2.3437
[ep 1534] longdress    driving_B_2020.01.16_09.56.56.csv block-000@60s reward=QoE=   19.61 pacing=0.00s eps=0.124 loss=2.4762
[ep 1535] loot         driving_B_2019.12.16_12.27.05.csv block-000@840s reward=QoE=   48.02 pacing=0.00s eps=0.124 loss=2.4599
[ep 1536] redandblack  driving_B_2019.12.17_07.32.39.csv block-000@960s reward=QoE=   38.64 pacing=0.00s eps=0.123 loss=2.2643
[ep 1537] soldier      driving_B_2020.01.16_09.56.56.csv block-001@879s reward=QoE=   59.85 pacing=0.00s eps=0.123 loss=2.3705
[ep 1538] longdress    driving_B_2019.12.17_07.32.39.csv block-000@900s reward=QoE=   -5.60 pacing=0.00s eps=0.122 loss=2.5883
[ep 1539] loot         static_B_2020.02.14_13.21.26.csv block-000@60s reward=QoE=   84.69 pacing=0.82s eps=0.121 loss=2.5308
[ep 1540] redandblack  driving_B_2019.12.16_12.27.05.csv block-000@1200s reward=QoE=   34.37 pacing=0.00s eps=0.121 loss=2.1448
[ep 1541] soldier      static_B_2019.12.16_13.40.04.csv block-006@2172s reward=QoE=   77.88 pacing=0.75s eps=0.120 loss=2.3983
[ep 1542] longdress    static_B_2020.02.14_13.21.26.csv block-000@180s reward=QoE=   80.88 pacing=0.00s eps=0.120 loss=2.2707
[ep 1543] loot         static_B_2020.02.14_13.21.26.csv block-000@420s reward=QoE=   69.82 pacing=0.00s eps=0.119 loss=2.5456
[ep 1544] redandblack  driving_B_2020.01.16_09.56.56.csv block-000@300s reward=QoE=   76.49 pacing=0.00s eps=0.119 loss=2.4549
[ep 1545] soldier      driving_B_2020.02.27_17.30.15.csv block-002@413s reward=QoE=   17.43 pacing=0.00s eps=0.118 loss=2.5462
[ep 1546] longdress    driving_B_2020.02.27_17.30.15.csv block-002@413s reward=QoE=   -0.84 pacing=0.00s eps=0.117 loss=2.2526
[ep 1547] loot         driving_B_2019.12.17_07.32.39.csv block-003@2074s reward=QoE=   40.48 pacing=0.00s eps=0.117 loss=2.6149
[ep 1548] redandblack  driving_B_2020.02.27_17.30.15.csv block-002@473s reward=QoE= -157.90 pacing=0.00s eps=0.116 loss=2.6028
[ep 1549] soldier      static_B_2020.02.14_13.21.26.csv block-000@480s reward=QoE=   76.84 pacing=0.00s eps=0.116 loss=2.3028
[ep 1550] longdress    driving_B_2019.12.17_07.32.39.csv block-004@2237s reward=QoE=    8.80 pacing=0.00s eps=0.115 loss=2.2186
[ep 1551] loot         driving_B_2020.02.14_09.38.22.csv block-000@1500s reward=QoE=   25.11 pacing=0.00s eps=0.115 loss=2.4088
[ep 1552] redandblack  driving_B_2020.02.27_17.30.15.csv block-002@533s reward=QoE=  -33.67 pacing=0.00s eps=0.114 loss=2.2004
[ep 1553] soldier      driving_B_2019.12.16_12.27.05.csv block-000@480s reward=QoE=  -25.34 pacing=0.00s eps=0.113 loss=2.5817
[ep 1554] longdress    driving_B_2020.01.16_07.26.43.csv block-000@300s reward=QoE=   49.37 pacing=0.00s eps=0.113 loss=2.5042
[ep 1555] loot         static_B_2020.02.14_13.21.26.csv block-000@720s reward=QoE=   87.43 pacing=0.00s eps=0.112 loss=2.3483
[ep 1556] redandblack  driving_B_2020.02.14_12.58.17.csv block-002@596s reward=QoE=   -4.16 pacing=0.00s eps=0.112 loss=2.3541
[ep 1557] soldier      driving_B_2020.01.16_12.10.03.csv block-000@60s reward=QoE=   39.91 pacing=0.00s eps=0.111 loss=2.5189
[ep 1558] longdress    driving_B_2020.01.16_09.56.56.csv block-001@579s reward=QoE=   55.67 pacing=0.00s eps=0.111 loss=2.4887
[ep 1559] loot         driving_B_2019.12.17_07.32.39.csv block-003@1774s reward=QoE=   45.35 pacing=0.00s eps=0.110 loss=2.8588
[ep 1560] redandblack  driving_B_2019.12.16_12.27.05.csv block-000@360s reward=QoE=   33.88 pacing=0.00s eps=0.109 loss=2.6276
[ep 1561] soldier      driving_B_2020.01.16_12.10.03.csv block-000@60s reward=QoE=   49.92 pacing=0.00s eps=0.109 loss=2.5388
[ep 1562] longdress    driving_B_2019.12.17_07.32.39.csv block-004@2357s reward=QoE=   29.36 pacing=0.00s eps=0.108 loss=2.4292
[ep 1563] loot         static_B_2020.02.14_13.21.26.csv block-000@360s reward=QoE=   85.13 pacing=0.00s eps=0.108 loss=2.2679
[ep 1564] redandblack  static_B_2019.12.16_13.40.04.csv block-005@1346s reward=QoE=  -81.04 pacing=0.00s eps=0.107 loss=2.2929
[ep 1565] soldier      driving_B_2019.12.17_07.32.39.csv block-000@540s reward=QoE=   15.87 pacing=0.00s eps=0.107 loss=2.3114
[ep 1566] longdress    driving_B_2020.01.16_12.10.03.csv block-000@240s reward=QoE=   82.58 pacing=0.00s eps=0.106 loss=2.4097
[ep 1567] loot         static_B_2020.02.14_13.21.26.csv block-000@60s reward=QoE=   73.72 pacing=1.12s eps=0.105 loss=2.3714
[ep 1568] redandblack  driving_B_2019.12.17_07.32.39.csv block-003@1954s reward=QoE=   29.57 pacing=0.00s eps=0.105 loss=2.2139
[ep 1569] soldier      driving_B_2020.02.14_09.38.22.csv block-000@600s reward=QoE=   24.27 pacing=0.00s eps=0.104 loss=2.5753
[ep 1570] longdress    driving_B_2020.02.27_17.30.15.csv block-002@293s reward=QoE= -149.47 pacing=0.00s eps=0.104 loss=2.3904
[ep 1571] loot         driving_B_2020.01.16_12.10.03.csv block-000@120s reward=QoE=   84.39 pacing=1.04s eps=0.103 loss=3.0175
[ep 1572] redandblack  driving_B_2020.01.16_09.56.56.csv block-001@999s reward=QoE=   10.04 pacing=0.00s eps=0.103 loss=2.2996
[ep 1573] soldier      driving_B_2020.02.13_15.02.01.csv block-000@720s reward=QoE=   23.71 pacing=0.00s eps=0.102 loss=2.5733
[ep 1574] longdress    driving_B_2020.02.14_12.58.17.csv block-000@0s reward=QoE=   19.29 pacing=0.00s eps=0.101 loss=2.6207
[ep 1575] loot         driving_B_2020.01.16_12.10.03.csv block-000@300s reward=QoE=   39.19 pacing=0.00s eps=0.101 loss=2.7883
[ep 1576] redandblack  driving_B_2020.02.14_12.58.17.csv block-000@0s reward=QoE=   18.62 pacing=0.00s eps=0.100 loss=2.3985
[ep 1577] soldier      driving_B_2020.02.13_13.03.24.csv block-000@480s reward=QoE=   33.39 pacing=0.00s eps=0.100 loss=2.2264
[ep 1578] longdress    driving_B_2019.12.17_07.32.39.csv block-000@840s reward=QoE=   18.12 pacing=0.00s eps=0.099 loss=2.5221
[ep 1579] loot         driving_B_2020.02.14_12.58.17.csv block-002@596s reward=QoE=   27.47 pacing=0.00s eps=0.099 loss=2.3188
[ep 1580] redandblack  driving_B_2020.01.16_07.26.43.csv block-000@1200s reward=QoE=   57.90 pacing=0.00s eps=0.098 loss=2.4211
[ep 1581] soldier      driving_B_2020.02.14_12.58.17.csv block-000@0s reward=QoE=   28.52 pacing=0.00s eps=0.097 loss=2.5251
[ep 1582] longdress    driving_B_2019.12.16_12.27.05.csv block-000@1260s reward=QoE=   87.92 pacing=0.00s eps=0.097 loss=2.2316
[ep 1583] loot         static_B_2020.02.27_18.39.27.csv block-001@4932s reward=QoE=   66.78 pacing=0.00s eps=0.096 loss=2.3287
[ep 1584] redandblack  driving_B_2019.12.17_07.32.39.csv block-000@1440s reward=QoE=   79.43 pacing=1.08s eps=0.096 loss=2.2282
[ep 1585] soldier      driving_B_2020.02.13_15.02.01.csv block-000@1980s reward=QoE=   78.25 pacing=0.00s eps=0.095 loss=2.6004
[ep 1586] longdress    driving_B_2020.02.14_12.58.17.csv block-002@596s reward=QoE=   22.60 pacing=0.00s eps=0.095 loss=2.4859
[ep 1587] loot         driving_B_2020.01.16_07.26.43.csv block-000@1260s reward=QoE=   44.40 pacing=0.00s eps=0.094 loss=2.4768
[ep 1588] redandblack  driving_B_2020.02.13_15.02.01.csv block-000@1740s reward=QoE=   -1.42 pacing=0.00s eps=0.093 loss=2.5888
[ep 1589] soldier      driving_B_2020.02.27_17.30.15.csv block-002@413s reward=QoE=    1.23 pacing=0.00s eps=0.093 loss=2.3852
[ep 1590] longdress    driving_B_2019.12.16_12.27.05.csv block-000@300s reward=QoE=   41.95 pacing=0.00s eps=0.092 loss=2.4306
[ep 1591] loot         driving_B_2020.02.14_12.58.17.csv block-002@656s reward=QoE=   54.43 pacing=0.00s eps=0.092 loss=2.3824
[ep 1592] redandblack  driving_B_2019.12.17_07.32.39.csv block-000@360s reward=QoE=   47.53 pacing=0.00s eps=0.091 loss=2.5298
[ep 1593] soldier      driving_B_2020.01.16_12.10.03.csv block-000@0s reward=QoE=   77.07 pacing=0.92s eps=0.091 loss=2.5828
[ep 1594] longdress    driving_B_2019.12.17_07.32.39.csv block-003@1534s reward=QoE=   42.40 pacing=0.00s eps=0.090 loss=2.4084
[ep 1595] loot         driving_B_2019.12.17_07.32.39.csv block-000@1080s reward=QoE=   28.34 pacing=0.00s eps=0.089 loss=2.5070
[ep 1596] redandblack  driving_B_2020.01.16_07.26.43.csv block-000@1440s reward=QoE=   59.30 pacing=0.00s eps=0.089 loss=2.2627
[ep 1597] soldier      static_B_2020.02.14_13.21.26.csv block-000@660s reward=QoE=   74.64 pacing=0.78s eps=0.088 loss=2.2971
[ep 1598] longdress    driving_B_2020.01.16_12.10.03.csv block-000@120s reward=QoE=   84.34 pacing=0.00s eps=0.088 loss=2.3328
[ep 1599] loot         driving_B_2020.02.14_09.38.22.csv block-000@360s reward=QoE=   18.86 pacing=0.00s eps=0.087 loss=2.4324
[ep 1600] redandblack  driving_B_2020.02.14_12.58.17.csv block-002@596s reward=QoE=   19.28 pacing=0.00s eps=0.087 loss=2.3673
    [eval @ ep 1600] reward=QoE=45.64 mean_q=0.575 stall=0.8s
[ep 1601] soldier      static_B_2020.02.14_13.21.26.csv block-000@300s reward=QoE=   36.02 pacing=0.00s eps=0.086 loss=2.5582
[ep 1602] longdress    driving_B_2020.02.13_15.02.01.csv block-000@0s reward=QoE=   75.70 pacing=0.00s eps=0.085 loss=2.3962
[ep 1603] loot         driving_B_2020.01.16_09.56.56.csv block-001@1719s reward=QoE=   74.66 pacing=0.00s eps=0.085 loss=2.9644
[ep 1604] redandblack  driving_B_2020.02.14_09.38.22.csv block-000@420s reward=QoE=   -2.23 pacing=0.00s eps=0.084 loss=2.6912
[ep 1605] soldier      driving_B_2020.02.13_13.03.24.csv block-001@1874s reward=QoE=  -25.89 pacing=0.00s eps=0.084 loss=2.4786
[ep 1606] longdress    driving_B_2020.01.16_09.56.56.csv block-001@819s reward=QoE=   42.73 pacing=0.00s eps=0.083 loss=2.4185
[ep 1607] loot         static_B_2020.02.14_13.21.26.csv block-000@780s reward=QoE=   74.16 pacing=0.00s eps=0.083 loss=2.7574
[ep 1608] redandblack  static_B_2019.12.16_13.40.04.csv block-000@240s reward=QoE=   58.52 pacing=0.00s eps=0.082 loss=2.4624
[ep 1609] soldier      driving_B_2019.12.16_12.27.05.csv block-000@0s reward=QoE=   25.54 pacing=0.00s eps=0.081 loss=2.6690
[ep 1610] longdress    driving_B_2020.02.14_09.38.22.csv block-000@720s reward=QoE=   85.38 pacing=0.00s eps=0.081 loss=2.7612
[ep 1611] loot         driving_B_2020.01.16_09.56.56.csv block-001@699s reward=QoE=   80.64 pacing=2.64s eps=0.080 loss=2.6433
[ep 1612] redandblack  driving_B_2020.01.16_09.56.56.csv block-001@819s reward=QoE=   67.22 pacing=0.00s eps=0.080 loss=2.5194
[ep 1613] soldier      static_B_2019.12.16_13.40.04.csv block-001@835s reward=QoE=   83.08 pacing=0.02s eps=0.079 loss=2.5204
[ep 1614] longdress    driving_B_2020.01.16_12.10.03.csv block-000@300s reward=QoE=   24.03 pacing=0.00s eps=0.079 loss=2.6731
[ep 1615] loot         driving_B_2020.01.16_07.26.43.csv block-000@1620s reward=QoE=    4.77 pacing=0.00s eps=0.078 loss=2.5466
[ep 1616] redandblack  driving_B_2020.01.16_07.26.43.csv block-000@0s reward=QoE=   29.87 pacing=0.00s eps=0.077 loss=2.5080
[ep 1617] soldier      static_B_2019.12.16_13.40.04.csv block-005@1826s reward=QoE=   55.27 pacing=0.00s eps=0.077 loss=2.7883
[ep 1618] longdress    static_B_2020.02.14_13.21.26.csv block-000@120s reward=QoE=   85.21 pacing=0.00s eps=0.076 loss=2.5008
[ep 1619] loot         static_B_2019.12.16_13.40.04.csv block-005@1466s reward=QoE=   66.56 pacing=0.00s eps=0.076 loss=2.5351
[ep 1620] redandblack  static_B_2020.02.27_18.39.27.csv block-001@912s reward=QoE=   77.66 pacing=0.00s eps=0.075 loss=2.4647
[ep 1621] soldier      driving_B_2019.12.16_12.27.05.csv block-000@960s reward=QoE=   80.66 pacing=0.00s eps=0.075 loss=2.8456
[ep 1622] longdress    driving_B_2020.01.16_09.56.56.csv block-001@1599s reward=QoE=   68.62 pacing=0.00s eps=0.074 loss=2.6201
[ep 1623] loot         driving_B_2020.02.13_15.02.01.csv block-000@1200s reward=QoE=   39.68 pacing=0.00s eps=0.073 loss=2.6982
[ep 1624] redandblack  static_B_2020.02.27_18.39.27.csv block-001@1512s reward=QoE=   72.71 pacing=0.00s eps=0.073 loss=2.4100
[ep 1625] soldier      static_B_2019.12.16_13.40.04.csv block-000@60s reward=QoE=   44.14 pacing=0.00s eps=0.072 loss=2.7785
[ep 1626] longdress    static_B_2020.02.27_18.39.27.csv block-001@5292s reward=QoE=   22.00 pacing=0.00s eps=0.072 loss=2.6231
[ep 1627] loot         driving_B_2020.02.13_13.03.24.csv block-001@914s reward=QoE=  -10.62 pacing=0.00s eps=0.071 loss=2.5000
[ep 1628] redandblack  static_B_2019.12.16_13.40.04.csv block-005@1586s reward=QoE=  -35.75 pacing=0.00s eps=0.071 loss=2.4781
[ep 1629] soldier      static_B_2020.02.27_18.39.27.csv block-001@852s reward=QoE=   41.63 pacing=0.00s eps=0.070 loss=2.8500
[ep 1630] longdress    driving_B_2020.01.16_09.56.56.csv block-000@120s reward=QoE=   31.04 pacing=0.00s eps=0.069 loss=2.7464
[ep 1631] loot         driving_B_2020.02.13_13.03.24.csv block-000@60s reward=QoE=   17.33 pacing=0.00s eps=0.069 loss=2.6598
[ep 1632] redandblack  driving_B_2020.02.27_17.30.15.csv block-002@413s reward=QoE=   14.38 pacing=0.00s eps=0.068 loss=2.7212
[ep 1633] soldier      driving_B_2020.02.14_09.38.22.csv block-000@660s reward=QoE=   31.37 pacing=0.00s eps=0.068 loss=2.5068
[ep 1634] longdress    driving_B_2019.12.16_12.27.05.csv block-000@660s reward=QoE=  -29.92 pacing=0.00s eps=0.067 loss=2.5914
[ep 1635] loot         driving_B_2020.02.14_09.38.22.csv block-000@240s reward=QoE=   -1.91 pacing=0.00s eps=0.067 loss=2.5733
[ep 1636] redandblack  driving_B_2020.02.14_12.58.17.csv block-000@0s reward=QoE=   29.38 pacing=0.00s eps=0.066 loss=2.5752
[ep 1637] soldier      driving_B_2020.02.13_15.02.01.csv block-000@2820s reward=QoE=   57.54 pacing=0.00s eps=0.065 loss=2.5062
[ep 1638] longdress    driving_B_2020.02.14_12.58.17.csv block-002@656s reward=QoE=   40.70 pacing=0.00s eps=0.065 loss=2.3606
[ep 1639] loot         driving_B_2020.02.14_12.58.17.csv block-002@716s reward=QoE=   30.00 pacing=0.00s eps=0.064 loss=2.3826
[ep 1640] redandblack  driving_B_2020.01.16_12.10.03.csv block-000@60s reward=QoE=   50.46 pacing=0.00s eps=0.064 loss=2.6388
[ep 1641] soldier      static_B_2020.02.14_13.21.26.csv block-000@960s reward=QoE=   37.78 pacing=0.00s eps=0.063 loss=2.6620
[ep 1642] longdress    driving_B_2020.01.16_12.10.03.csv block-000@360s reward=QoE=   60.44 pacing=0.00s eps=0.063 loss=2.9323
[ep 1643] loot         driving_B_2020.02.27_17.30.15.csv block-002@353s reward=QoE=  -15.75 pacing=0.00s eps=0.062 loss=2.6264
[ep 1644] redandblack  static_B_2020.02.27_18.39.27.csv block-001@1092s reward=QoE=   73.36 pacing=0.00s eps=0.061 loss=2.6284
[ep 1645] soldier      static_B_2020.02.27_18.39.27.csv block-001@5892s reward=QoE=   85.66 pacing=0.00s eps=0.061 loss=2.4532
[ep 1646] longdress    driving_B_2020.02.14_09.38.22.csv block-000@300s reward=QoE=   28.34 pacing=0.00s eps=0.060 loss=2.6209
[ep 1647] loot         static_B_2020.02.27_18.39.27.csv block-001@6072s reward=QoE=   79.02 pacing=1.24s eps=0.060 loss=2.7313
[ep 1648] redandblack  driving_B_2020.02.13_15.02.01.csv block-000@2100s reward=QoE=   28.93 pacing=0.00s eps=0.059 loss=2.4878
[ep 1649] soldier      driving_B_2020.02.13_15.02.01.csv block-000@3000s reward=QoE=   21.57 pacing=0.00s eps=0.059 loss=2.5698
[ep 1650] longdress    driving_B_2020.02.14_12.58.17.csv block-000@0s reward=QoE=   31.23 pacing=0.00s eps=0.058 loss=2.6072
[ep 1651] loot         driving_B_2020.02.13_15.02.01.csv block-000@1320s reward=QoE=   51.77 pacing=0.00s eps=0.057 loss=2.6415
[ep 1652] redandblack  static_B_2020.02.14_13.21.26.csv block-000@120s reward=QoE=   83.08 pacing=1.33s eps=0.057 loss=2.3975
[ep 1653] soldier      driving_B_2020.02.14_09.38.22.csv block-000@780s reward=QoE=   72.77 pacing=0.00s eps=0.056 loss=2.6554
[ep 1654] longdress    driving_B_2020.02.13_13.03.24.csv block-001@1214s reward=QoE=   30.92 pacing=0.00s eps=0.056 loss=2.5469
[ep 1655] loot         driving_B_2020.02.13_13.03.24.csv block-001@1694s reward=QoE=   36.29 pacing=0.00s eps=0.055 loss=2.7021
[ep 1656] redandblack  driving_B_2020.01.16_07.26.43.csv block-000@1680s reward=QoE=   31.34 pacing=0.00s eps=0.055 loss=2.6812
[ep 1657] soldier      driving_B_2020.01.16_07.26.43.csv block-000@780s reward=QoE=   24.97 pacing=0.00s eps=0.054 loss=2.6230
[ep 1658] longdress    driving_B_2020.01.16_12.10.03.csv block-000@360s reward=QoE=   68.50 pacing=0.00s eps=0.053 loss=2.5249
[ep 1659] loot         driving_B_2020.02.14_09.38.22.csv block-000@0s reward=QoE=   30.65 pacing=0.00s eps=0.053 loss=2.9700
[ep 1660] redandblack  driving_B_2020.02.14_12.58.17.csv block-000@0s reward=QoE=   36.61 pacing=0.00s eps=0.052 loss=2.3562
[ep 1661] soldier      static_B_2019.12.16_13.40.04.csv block-001@1015s reward=QoE=   36.44 pacing=0.00s eps=0.052 loss=2.4888
[ep 1662] longdress    driving_B_2020.01.16_09.56.56.csv block-001@1539s reward=QoE=   40.01 pacing=0.00s eps=0.051 loss=2.6353
[ep 1663] loot         static_B_2020.02.14_13.21.26.csv block-000@240s reward=QoE=   87.03 pacing=1.09s eps=0.051 loss=2.6307
[ep 1664] redandblack  static_B_2019.12.16_13.40.04.csv block-005@2006s reward=QoE=   51.42 pacing=0.00s eps=0.050 loss=2.5680
[ep 1665] longdress    driving_B_2020.02.14_09.38.22.csv block-000@1560s reward=QoE=   45.32 pacing=0.00s eps=0.050 loss=2.4469
[ep 1666] loot         driving_B_2020.02.14_09.38.22.csv block-000@360s reward=QoE=  -12.12 pacing=0.00s eps=0.050 loss=2.4576
[ep 1667] redandblack  driving_B_2020.01.16_09.56.56.csv block-001@1539s reward=QoE=   72.36 pacing=0.00s eps=0.050 loss=2.6296
[ep 1668] soldier      driving_B_2020.01.16_12.10.03.csv block-000@60s reward=QoE=   38.72 pacing=0.00s eps=0.050 loss=2.5553
[ep 1669] longdress    driving_B_2020.02.27_17.30.15.csv block-002@293s reward=QoE= -194.72 pacing=0.00s eps=0.050 loss=2.6637
[ep 1670] loot         driving_B_2020.02.14_09.38.22.csv block-000@1200s reward=QoE=   16.53 pacing=0.00s eps=0.050 loss=2.5613
[ep 1671] redandblack  driving_B_2019.12.17_07.32.39.csv block-000@360s reward=QoE=   43.00 pacing=0.00s eps=0.050 loss=2.6198
[ep 1672] soldier      driving_B_2020.02.13_13.03.24.csv block-000@240s reward=QoE=   26.99 pacing=0.00s eps=0.050 loss=2.3377
[ep 1673] longdress    driving_B_2020.02.13_15.02.01.csv block-000@2880s reward=QoE=   66.68 pacing=0.00s eps=0.050 loss=2.6894
[ep 1674] loot         static_B_2020.02.14_13.21.26.csv block-000@720s reward=QoE=   82.79 pacing=0.00s eps=0.050 loss=2.6119
[ep 1675] redandblack  driving_B_2019.12.17_07.32.39.csv block-000@480s reward=QoE=   63.15 pacing=0.00s eps=0.050 loss=2.4102
[ep 1676] soldier      static_B_2020.02.14_13.21.26.csv block-000@420s reward=QoE=   66.03 pacing=0.00s eps=0.050 loss=2.6219
[ep 1677] longdress    driving_B_2020.02.13_13.03.24.csv block-001@1874s reward=QoE=   10.49 pacing=0.00s eps=0.050 loss=2.7755
[ep 1678] loot         driving_B_2019.12.16_12.27.05.csv block-000@540s reward=QoE=    6.93 pacing=0.00s eps=0.050 loss=2.5333
[ep 1679] redandblack  static_B_2020.02.14_13.21.26.csv block-000@60s reward=QoE=   89.59 pacing=0.84s eps=0.050 loss=2.6754
[ep 1680] soldier      static_B_2020.02.14_13.21.26.csv block-000@900s reward=QoE=   64.43 pacing=0.00s eps=0.050 loss=2.6094
[ep 1681] longdress    driving_B_2019.12.16_12.27.05.csv block-000@900s reward=QoE=   73.02 pacing=0.00s eps=0.050 loss=2.8035
[ep 1682] loot         driving_B_2019.12.16_12.27.05.csv block-000@720s reward=QoE=   30.92 pacing=0.00s eps=0.050 loss=2.6900
[ep 1683] redandblack  static_B_2020.02.14_13.21.26.csv block-000@120s reward=QoE=   83.38 pacing=1.19s eps=0.050 loss=2.5346
[ep 1684] soldier      static_B_2020.02.27_18.39.27.csv block-001@2052s reward=QoE= -296.85 pacing=0.00s eps=0.050 loss=2.2631
[ep 1685] longdress    driving_B_2020.02.14_09.38.22.csv block-000@720s reward=QoE=   85.94 pacing=0.50s eps=0.050 loss=2.5332
[ep 1686] loot         static_B_2020.02.14_13.21.26.csv block-000@780s reward=QoE=   78.87 pacing=0.18s eps=0.050 loss=2.4604
[ep 1687] redandblack  static_B_2019.12.16_13.40.04.csv block-001@895s reward=QoE=   62.28 pacing=0.00s eps=0.050 loss=2.6982
[ep 1688] soldier      driving_B_2020.02.27_17.30.15.csv block-002@533s reward=QoE=  -68.90 pacing=0.00s eps=0.050 loss=2.4453
[ep 1689] longdress    driving_B_2020.02.13_15.02.01.csv block-000@1800s reward=QoE=  -74.88 pacing=0.00s eps=0.050 loss=2.7064
[ep 1690] loot         driving_B_2020.02.13_15.02.01.csv block-000@480s reward=QoE=   83.19 pacing=0.00s eps=0.050 loss=2.4617
[ep 1691] redandblack  static_B_2019.12.16_13.40.04.csv block-000@0s reward=QoE=   69.64 pacing=0.00s eps=0.050 loss=2.6596
[ep 1692] soldier      driving_B_2019.12.17_07.32.39.csv block-000@1380s reward=QoE=   36.66 pacing=0.00s eps=0.050 loss=2.6780
[ep 1693] longdress    driving_B_2019.12.17_07.32.39.csv block-004@2537s reward=QoE=   77.90 pacing=0.00s eps=0.050 loss=2.9058
[ep 1694] loot         driving_B_2019.12.17_07.32.39.csv block-000@1200s reward=QoE=   77.66 pacing=0.19s eps=0.050 loss=2.5533
[ep 1695] redandblack  driving_B_2020.02.14_12.58.17.csv block-002@596s reward=QoE=   25.58 pacing=0.00s eps=0.050 loss=2.5981
[ep 1696] soldier      driving_B_2020.02.27_17.30.15.csv block-002@413s reward=QoE=    8.85 pacing=0.00s eps=0.050 loss=2.7479
[ep 1697] longdress    driving_B_2020.02.13_13.03.24.csv block-001@914s reward=QoE=    3.79 pacing=0.00s eps=0.050 loss=2.6190
[ep 1698] loot         static_B_2019.12.16_13.40.04.csv block-001@1075s reward=QoE=   57.59 pacing=0.00s eps=0.050 loss=2.4237
[ep 1699] redandblack  driving_B_2020.01.16_12.10.03.csv block-000@360s reward=QoE=   69.34 pacing=0.00s eps=0.050 loss=2.4875
[ep 1700] soldier      static_B_2020.02.14_13.21.26.csv block-000@240s reward=QoE=   82.98 pacing=0.57s eps=0.050 loss=2.3654
[ep 1701] longdress    driving_B_2020.02.14_09.38.22.csv block-000@1560s reward=QoE=   34.06 pacing=0.00s eps=0.050 loss=2.2451
[ep 1702] loot         driving_B_2020.01.16_12.10.03.csv block-000@180s reward=QoE=   86.50 pacing=0.00s eps=0.050 loss=2.6398
[ep 1703] redandblack  driving_B_2020.01.16_07.26.43.csv block-000@1140s reward=QoE=   43.64 pacing=0.00s eps=0.050 loss=2.2990
[ep 1704] soldier      static_B_2020.02.27_18.39.27.csv block-001@5472s reward=QoE=   80.26 pacing=0.36s eps=0.050 loss=2.4955
[ep 1705] longdress    driving_B_2020.02.13_13.03.24.csv block-000@60s reward=QoE=   30.58 pacing=0.00s eps=0.050 loss=2.6341
[ep 1706] loot         driving_B_2020.02.14_09.38.22.csv block-000@900s reward=QoE=   16.38 pacing=0.00s eps=0.050 loss=2.4420
[ep 1707] redandblack  driving_B_2020.01.16_09.56.56.csv block-001@519s reward=QoE=   46.51 pacing=0.00s eps=0.050 loss=2.7861
[ep 1708] soldier      driving_B_2019.12.17_07.32.39.csv block-000@1080s reward=QoE=    2.91 pacing=0.00s eps=0.050 loss=2.5865
[ep 1709] longdress    driving_B_2020.01.16_07.26.43.csv block-000@360s reward=QoE=   20.00 pacing=0.00s eps=0.050 loss=2.7552
[ep 1710] loot         driving_B_2020.02.13_13.03.24.csv block-000@660s reward=QoE=   27.34 pacing=0.00s eps=0.050 loss=2.7305
[ep 1711] redandblack  driving_B_2020.02.14_12.58.17.csv block-000@0s reward=QoE=   32.91 pacing=0.00s eps=0.050 loss=2.6123
[ep 1712] soldier      driving_B_2020.02.14_09.38.22.csv block-000@420s reward=QoE=   15.96 pacing=0.00s eps=0.050 loss=2.5796
[ep 1713] longdress    driving_B_2020.02.27_17.30.15.csv block-002@353s reward=QoE=   -1.98 pacing=0.00s eps=0.050 loss=2.5873
[ep 1714] loot         driving_B_2019.12.16_12.27.05.csv block-000@960s reward=QoE=   84.39 pacing=0.83s eps=0.050 loss=2.4742
[ep 1715] redandblack  driving_B_2020.02.14_12.58.17.csv block-002@716s reward=QoE=   33.53 pacing=0.00s eps=0.050 loss=2.4333
[ep 1716] soldier      static_B_2020.02.14_13.21.26.csv block-000@1080s reward=QoE=   87.66 pacing=0.00s eps=0.050 loss=2.5165
[ep 1717] longdress    driving_B_2020.01.16_09.56.56.csv block-001@1179s reward=QoE=   20.02 pacing=0.00s eps=0.050 loss=2.3405
[ep 1718] loot         static_B_2019.12.16_13.40.04.csv block-001@955s reward=QoE=   59.49 pacing=0.00s eps=0.050 loss=2.2961
[ep 1719] redandblack  static_B_2019.12.16_13.40.04.csv block-000@360s reward=QoE=   41.81 pacing=0.00s eps=0.050 loss=2.4721
[ep 1720] soldier      driving_B_2020.02.13_15.02.01.csv block-000@1620s reward=QoE=    6.40 pacing=0.00s eps=0.050 loss=2.5905
[ep 1721] longdress    driving_B_2020.01.16_07.26.43.csv block-000@1740s reward=QoE=    9.68 pacing=0.00s eps=0.050 loss=2.3993
[ep 1722] loot         driving_B_2019.12.16_12.27.05.csv block-000@60s reward=QoE=   35.90 pacing=0.00s eps=0.050 loss=2.4940
[ep 1723] redandblack  driving_B_2020.01.16_09.56.56.csv block-000@60s reward=QoE=   25.12 pacing=0.00s eps=0.050 loss=2.4439
[ep 1724] soldier      static_B_2020.02.27_18.39.27.csv block-001@5412s reward=QoE=   58.39 pacing=0.00s eps=0.050 loss=2.3252
[ep 1725] longdress    driving_B_2020.02.13_15.02.01.csv block-000@360s reward=QoE=   53.13 pacing=0.00s eps=0.050 loss=2.5688
[ep 1726] loot         driving_B_2019.12.17_07.32.39.csv block-000@1260s reward=QoE=   15.91 pacing=0.00s eps=0.050 loss=2.4037
[ep 1727] redandblack  driving_B_2020.01.16_09.56.56.csv block-001@1659s reward=QoE=   89.63 pacing=0.88s eps=0.050 loss=2.6624
[ep 1728] soldier      driving_B_2020.02.13_15.02.01.csv block-000@120s reward=QoE=   76.11 pacing=1.10s eps=0.050 loss=2.5895
[ep 1729] longdress    driving_B_2020.02.13_13.03.24.csv block-001@1214s reward=QoE=   30.14 pacing=0.00s eps=0.050 loss=2.5498
[ep 1730] loot         driving_B_2020.02.13_15.02.01.csv block-000@0s reward=QoE=   78.32 pacing=0.00s eps=0.050 loss=2.4163
[ep 1731] redandblack  driving_B_2020.01.16_07.26.43.csv block-000@1080s reward=QoE=   51.30 pacing=0.00s eps=0.050 loss=2.3794
[ep 1732] soldier      driving_B_2020.02.14_12.58.17.csv block-002@536s reward=QoE= -152.98 pacing=0.00s eps=0.050 loss=2.4583
[ep 1733] longdress    driving_B_2020.02.13_15.02.01.csv block-000@1680s reward=QoE=   27.31 pacing=0.00s eps=0.050 loss=2.5012
[ep 1734] loot         driving_B_2020.01.16_07.26.43.csv block-000@1500s reward=QoE=   34.54 pacing=0.00s eps=0.050 loss=2.3488
[ep 1735] redandblack  driving_B_2020.01.16_09.56.56.csv block-001@999s reward=QoE=   36.54 pacing=0.00s eps=0.050 loss=2.3140
[ep 1736] soldier      driving_B_2020.02.14_12.58.17.csv block-000@0s reward=QoE=   27.74 pacing=0.00s eps=0.050 loss=2.4730
[ep 1737] longdress    driving_B_2019.12.17_07.32.39.csv block-003@1714s reward=QoE=   17.19 pacing=0.00s eps=0.050 loss=2.5759
[ep 1738] loot         driving_B_2020.02.13_13.03.24.csv block-001@1994s reward=QoE=   81.45 pacing=0.00s eps=0.050 loss=2.8270
[ep 1739] redandblack  driving_B_2019.12.16_12.27.05.csv block-000@1200s reward=QoE=   28.12 pacing=0.00s eps=0.050 loss=2.7132
[ep 1740] soldier      static_B_2019.12.16_13.40.04.csv block-005@1406s reward=QoE=   42.83 pacing=0.00s eps=0.050 loss=2.6824
[ep 1741] longdress    driving_B_2020.01.16_09.56.56.csv block-000@360s reward=QoE=   47.66 pacing=0.00s eps=0.050 loss=2.2756
[ep 1742] loot         driving_B_2019.12.17_07.32.39.csv block-000@1140s reward=QoE=   35.05 pacing=0.00s eps=0.050 loss=2.5565
[ep 1743] redandblack  static_B_2019.12.16_13.40.04.csv block-006@2232s reward=QoE=   82.85 pacing=0.38s eps=0.050 loss=2.5014
[ep 1744] soldier      static_B_2020.02.14_13.21.26.csv block-000@360s reward=QoE=   76.46 pacing=0.00s eps=0.050 loss=2.3216
[ep 1745] longdress    driving_B_2020.02.14_12.58.17.csv block-002@656s reward=QoE=   48.58 pacing=0.00s eps=0.050 loss=2.2222
[ep 1746] loot         driving_B_2020.02.27_17.30.15.csv block-002@353s reward=QoE=  -36.66 pacing=0.00s eps=0.050 loss=2.2791
[ep 1747] redandblack  driving_B_2020.01.16_12.10.03.csv block-000@360s reward=QoE=   72.98 pacing=0.00s eps=0.050 loss=2.4747
[ep 1748] soldier      driving_B_2019.12.17_07.32.39.csv block-000@180s reward=QoE=   24.57 pacing=0.00s eps=0.050 loss=2.3458
[ep 1749] longdress    driving_B_2020.02.27_17.30.15.csv block-002@533s reward=QoE=  -42.16 pacing=0.00s eps=0.050 loss=2.5391
[ep 1750] loot         driving_B_2019.12.16_12.27.05.csv block-000@900s reward=QoE=   88.69 pacing=0.74s eps=0.050 loss=2.6841
[ep 1751] redandblack  driving_B_2020.01.16_12.10.03.csv block-000@360s reward=QoE=   68.65 pacing=0.00s eps=0.050 loss=2.2577
[ep 1752] soldier      static_B_2020.02.14_13.21.26.csv block-000@540s reward=QoE=   82.45 pacing=0.00s eps=0.050 loss=2.6870
[ep 1753] longdress    driving_B_2019.12.17_07.32.39.csv block-000@300s reward=QoE=   39.47 pacing=0.00s eps=0.050 loss=2.6703
[ep 1754] loot         static_B_2020.02.14_13.21.26.csv block-000@360s reward=QoE=   81.54 pacing=0.00s eps=0.050 loss=2.6404
[ep 1755] redandblack  driving_B_2020.02.13_13.03.24.csv block-001@1814s reward=QoE=   27.76 pacing=0.00s eps=0.050 loss=2.4560
[ep 1756] soldier      driving_B_2020.02.13_13.03.24.csv block-000@120s reward=QoE=   11.35 pacing=0.10s eps=0.050 loss=2.7244
[ep 1757] longdress    driving_B_2020.01.16_12.10.03.csv block-000@60s reward=QoE=   45.02 pacing=0.00s eps=0.050 loss=2.4486
[ep 1758] loot         driving_B_2020.02.14_12.58.17.csv block-002@716s reward=QoE=   31.92 pacing=0.00s eps=0.050 loss=2.4523
[ep 1759] redandblack  driving_B_2020.01.16_09.56.56.csv block-001@1599s reward=QoE=   74.54 pacing=0.00s eps=0.050 loss=2.5608
[ep 1760] soldier      driving_B_2020.02.13_13.03.24.csv block-001@1634s reward=QoE=   21.91 pacing=0.00s eps=0.050 loss=2.5602
[ep 1761] longdress    static_B_2020.02.27_18.39.27.csv block-001@5052s reward=QoE=   67.61 pacing=0.00s eps=0.050 loss=2.5493
[ep 1762] loot         static_B_2019.12.16_13.40.04.csv block-005@1526s reward=QoE=   57.97 pacing=0.00s eps=0.050 loss=2.5700
[ep 1763] redandblack  driving_B_2019.12.16_12.27.05.csv block-000@480s reward=QoE=   27.52 pacing=0.00s eps=0.050 loss=2.4224
[ep 1764] soldier      driving_B_2020.02.27_17.30.15.csv block-002@293s reward=QoE= -195.78 pacing=0.00s eps=0.050 loss=2.6155
[ep 1765] longdress    driving_B_2019.12.16_12.27.05.csv block-000@600s reward=QoE=  -12.51 pacing=0.00s eps=0.050 loss=2.3791
[ep 1766] loot         driving_B_2020.01.16_12.10.03.csv block-000@240s reward=QoE=   81.18 pacing=0.99s eps=0.050 loss=2.5231
[ep 1767] redandblack  driving_B_2020.02.14_12.58.17.csv block-002@656s reward=QoE=   49.81 pacing=0.00s eps=0.050 loss=2.8000
[ep 1768] soldier      driving_B_2019.12.17_07.32.39.csv block-003@1834s reward=QoE=   27.46 pacing=0.00s eps=0.050 loss=2.6595
[ep 1769] longdress    driving_B_2020.01.16_12.10.03.csv block-000@120s reward=QoE=   88.32 pacing=0.00s eps=0.050 loss=2.3851
[ep 1770] loot         driving_B_2020.02.14_12.58.17.csv block-002@656s reward=QoE=   44.37 pacing=0.00s eps=0.050 loss=2.7226
[ep 1771] redandblack  driving_B_2019.12.16_12.27.05.csv block-000@1020s reward=QoE=   82.37 pacing=0.00s eps=0.050 loss=2.5561
[ep 1772] soldier      driving_B_2020.02.13_13.03.24.csv block-000@600s reward=QoE=   10.20 pacing=0.00s eps=0.050 loss=2.4266
[ep 1773] longdress    driving_B_2020.02.14_09.38.22.csv block-000@600s reward=QoE=   47.61 pacing=0.00s eps=0.050 loss=2.6213
[ep 1774] loot         driving_B_2020.02.13_13.03.24.csv block-001@1934s reward=QoE=    0.81 pacing=0.00s eps=0.050 loss=2.9095
[ep 1775] redandblack  driving_B_2020.02.27_17.30.15.csv block-002@533s reward=QoE=  -41.11 pacing=0.00s eps=0.050 loss=2.5713
[ep 1776] soldier      driving_B_2020.02.13_15.02.01.csv block-000@1500s reward=QoE=  -61.28 pacing=0.00s eps=0.050 loss=2.4873
[ep 1777] longdress    driving_B_2019.12.16_12.27.05.csv block-000@240s reward=QoE=   26.21 pacing=0.00s eps=0.050 loss=2.3795
[ep 1778] loot         driving_B_2020.02.14_12.58.17.csv block-000@0s reward=QoE=   33.62 pacing=0.00s eps=0.050 loss=2.7242
[ep 1779] redandblack  driving_B_2020.02.14_09.38.22.csv block-000@180s reward=QoE=   13.78 pacing=0.00s eps=0.050 loss=2.3595
[ep 1780] soldier      driving_B_2020.02.14_09.38.22.csv block-000@1380s reward=QoE=   13.58 pacing=0.00s eps=0.050 loss=2.3872
[ep 1781] longdress    driving_B_2020.01.16_12.10.03.csv block-000@360s reward=QoE=   59.76 pacing=0.00s eps=0.050 loss=2.2782
[ep 1782] loot         driving_B_2020.01.16_12.10.03.csv block-000@300s reward=QoE=   32.08 pacing=0.00s eps=0.050 loss=2.5075
[ep 1783] redandblack  driving_B_2020.01.16_07.26.43.csv block-000@1440s reward=QoE=   52.95 pacing=0.00s eps=0.050 loss=2.5091
[ep 1784] soldier      driving_B_2020.02.27_17.30.15.csv block-002@473s reward=QoE= -162.57 pacing=0.00s eps=0.050 loss=2.4910
[ep 1785] longdress    static_B_2020.02.27_18.39.27.csv block-001@252s reward=QoE=   85.46 pacing=0.00s eps=0.050 loss=2.4384
[ep 1786] loot         driving_B_2020.01.16_07.26.43.csv block-000@60s reward=QoE=   46.95 pacing=0.00s eps=0.050 loss=2.6573
[ep 1787] redandblack  driving_B_2019.12.16_12.27.05.csv block-000@960s reward=QoE=   88.49 pacing=0.00s eps=0.050 loss=2.6771
[ep 1788] soldier      driving_B_2020.01.16_07.26.43.csv block-000@1020s reward=QoE=    3.81 pacing=0.00s eps=0.050 loss=2.4184
[ep 1789] longdress    driving_B_2020.01.16_07.26.43.csv block-000@1620s reward=QoE=   27.28 pacing=0.00s eps=0.050 loss=2.5098
[ep 1790] loot         static_B_2020.02.14_13.21.26.csv block-000@540s reward=QoE=   87.55 pacing=0.05s eps=0.050 loss=2.4185
[ep 1791] redandblack  driving_B_2019.12.16_12.27.05.csv block-000@1260s reward=QoE=   80.67 pacing=1.42s eps=0.050 loss=2.3933
[ep 1792] soldier      driving_B_2020.02.14_12.58.17.csv block-000@0s reward=QoE=   16.61 pacing=0.00s eps=0.050 loss=2.7027
[ep 1793] longdress    driving_B_2019.12.16_12.27.05.csv block-000@840s reward=QoE=   46.11 pacing=0.00s eps=0.050 loss=2.5171
[ep 1794] loot         driving_B_2020.02.27_17.30.15.csv block-002@473s reward=QoE= -199.98 pacing=0.00s eps=0.050 loss=2.7824
[ep 1795] redandblack  driving_B_2020.01.16_09.56.56.csv block-000@120s reward=QoE=   21.11 pacing=0.00s eps=0.050 loss=2.3829
[ep 1796] soldier      driving_B_2020.01.16_09.56.56.csv block-000@180s reward=QoE=   34.91 pacing=0.00s eps=0.050 loss=2.5617
[ep 1797] longdress    static_B_2020.02.14_13.21.26.csv block-000@720s reward=QoE=   71.56 pacing=0.00s eps=0.050 loss=2.4927
[ep 1798] loot         driving_B_2020.02.13_15.02.01.csv block-000@1380s reward=QoE=   53.41 pacing=0.00s eps=0.050 loss=2.6724
[ep 1799] redandblack  static_B_2019.12.16_13.40.04.csv block-005@1706s reward=QoE=   77.38 pacing=0.00s eps=0.050 loss=2.6438
[ep 1800] soldier      driving_B_2020.02.13_15.02.01.csv block-000@180s reward=QoE=   44.68 pacing=0.00s eps=0.050 loss=2.5977
[ep 1801] longdress    static_B_2019.12.16_13.40.04.csv block-000@120s reward=QoE=   85.66 pacing=0.00s eps=0.050 loss=2.5506
[ep 1802] loot         driving_B_2020.02.27_17.30.15.csv block-002@293s reward=QoE= -145.12 pacing=0.00s eps=0.050 loss=2.3924
[ep 1803] redandblack  static_B_2019.12.16_13.40.04.csv block-000@60s reward=QoE=   50.03 pacing=0.00s eps=0.050 loss=3.0149
[ep 1804] soldier      driving_B_2020.02.14_12.58.17.csv block-002@716s reward=QoE=   21.01 pacing=0.00s eps=0.050 loss=2.3449
[ep 1805] longdress    driving_B_2020.02.13_15.02.01.csv block-000@2400s reward=QoE=   76.49 pacing=0.00s eps=0.050 loss=2.9475
[ep 1806] loot         driving_B_2020.02.13_13.03.24.csv block-007@2290s reward=QoE=  -46.14 pacing=0.00s eps=0.050 loss=2.6066
[ep 1807] redandblack  static_B_2020.02.14_13.21.26.csv block-000@1020s reward=QoE=   90.24 pacing=0.68s eps=0.050 loss=2.7591
[ep 1808] soldier      driving_B_2020.02.14_12.58.17.csv block-002@536s reward=QoE=  -32.85 pacing=0.00s eps=0.050 loss=2.5114
[ep 1809] longdress    driving_B_2020.01.16_07.26.43.csv block-000@1260s reward=QoE=   40.88 pacing=0.00s eps=0.050 loss=3.1549
[ep 1810] loot         driving_B_2020.01.16_12.10.03.csv block-000@240s reward=QoE=   89.02 pacing=0.80s eps=0.050 loss=2.7675
[ep 1811] redandblack  static_B_2020.02.14_13.21.26.csv block-000@180s reward=QoE=   81.89 pacing=0.00s eps=0.050 loss=2.8814
[ep 1812] soldier      driving_B_2020.02.13_15.02.01.csv block-000@900s reward=QoE=   11.56 pacing=0.00s eps=0.050 loss=2.4457
[ep 1813] longdress    driving_B_2020.01.16_09.56.56.csv block-001@939s reward=QoE=   20.01 pacing=0.00s eps=0.050 loss=2.8454
[ep 1814] loot         static_B_2020.02.27_18.39.27.csv block-001@72s reward=QoE=   85.13 pacing=0.62s eps=0.050 loss=2.7225
[ep 1815] redandblack  driving_B_2019.12.17_07.32.39.csv block-003@1534s reward=QoE=   55.81 pacing=0.00s eps=0.050 loss=2.5460
[ep 1816] soldier      driving_B_2020.02.13_13.03.24.csv block-001@1274s reward=QoE=   21.63 pacing=0.00s eps=0.050 loss=2.6795
[ep 1817] longdress    driving_B_2020.02.14_12.58.17.csv block-002@656s reward=QoE=   33.55 pacing=0.00s eps=0.050 loss=2.5784
[ep 1818] loot         driving_B_2020.01.16_09.56.56.csv block-001@1239s reward=QoE=   49.61 pacing=0.00s eps=0.050 loss=2.7069
[ep 1819] redandblack  driving_B_2020.01.16_07.26.43.csv block-000@960s reward=QoE=    7.26 pacing=0.00s eps=0.050 loss=2.6836
[ep 1820] soldier      driving_B_2020.02.13_15.02.01.csv block-000@1980s reward=QoE=   87.22 pacing=0.00s eps=0.050 loss=2.8542
[ep 1821] longdress    driving_B_2020.02.13_13.03.24.csv block-001@1454s reward=QoE=   -8.03 pacing=0.00s eps=0.050 loss=3.0069
[ep 1822] loot         driving_B_2020.01.16_09.56.56.csv block-001@1719s reward=QoE=   76.57 pacing=0.00s eps=0.050 loss=2.6453
[ep 1823] redandblack  static_B_2019.12.16_13.40.04.csv block-005@1466s reward=QoE=   70.33 pacing=0.00s eps=0.050 loss=2.9784
[ep 1824] soldier      driving_B_2020.02.13_13.03.24.csv block-001@1574s reward=QoE=   25.69 pacing=0.00s eps=0.050 loss=2.8060
[ep 1825] longdress    driving_B_2020.02.27_17.30.15.csv block-002@533s reward=QoE= -117.92 pacing=0.00s eps=0.050 loss=2.5259
[ep 1826] loot         driving_B_2020.02.14_12.58.17.csv block-002@716s reward=QoE=   38.70 pacing=0.00s eps=0.050 loss=2.5586
[ep 1827] redandblack  driving_B_2020.01.16_09.56.56.csv block-001@1419s reward=QoE=   49.52 pacing=0.00s eps=0.050 loss=2.7361
[ep 1828] soldier      static_B_2020.02.14_13.21.26.csv block-000@660s reward=QoE=   86.13 pacing=0.13s eps=0.050 loss=2.8791
[ep 1829] longdress    driving_B_2020.01.16_09.56.56.csv block-001@1719s reward=QoE=   57.14 pacing=0.00s eps=0.050 loss=2.9578
[ep 1830] loot         driving_B_2019.12.17_07.32.39.csv block-003@2074s reward=QoE=   44.36 pacing=0.00s eps=0.050 loss=2.4925
[ep 1831] redandblack  driving_B_2020.01.16_12.10.03.csv block-000@0s reward=QoE=   78.73 pacing=1.03s eps=0.050 loss=2.6582
[ep 1832] soldier      driving_B_2020.01.16_09.56.56.csv block-001@759s reward=QoE=   22.56 pacing=0.00s eps=0.050 loss=2.6528
[ep 1833] longdress    static_B_2019.12.16_13.40.04.csv block-000@420s reward=QoE=   63.99 pacing=0.00s eps=0.050 loss=2.7097
[ep 1834] loot         driving_B_2020.02.13_13.03.24.csv block-001@974s reward=QoE=   18.84 pacing=0.00s eps=0.050 loss=2.7544
[ep 1835] redandblack  static_B_2019.12.16_13.40.04.csv block-005@1586s reward=QoE=  -28.04 pacing=0.00s eps=0.050 loss=2.6615
[ep 1836] soldier      driving_B_2020.02.13_15.02.01.csv block-000@2520s reward=QoE=   21.70 pacing=0.00s eps=0.050 loss=2.7243
[ep 1837] longdress    driving_B_2020.02.14_09.38.22.csv block-000@1260s reward=QoE=   27.18 pacing=0.00s eps=0.050 loss=2.7112
[ep 1838] loot         driving_B_2020.01.16_09.56.56.csv block-001@1119s reward=QoE=   90.23 pacing=0.77s eps=0.050 loss=2.9914
[ep 1839] redandblack  driving_B_2019.12.16_12.27.05.csv block-000@360s reward=QoE=   19.57 pacing=0.00s eps=0.050 loss=2.5945
[ep 1840] soldier      driving_B_2019.12.16_12.27.05.csv block-000@660s reward=QoE=  -27.90 pacing=0.00s eps=0.050 loss=2.7846
[ep 1841] longdress    static_B_2020.02.27_18.39.27.csv block-001@2952s reward=QoE=   66.55 pacing=0.00s eps=0.050 loss=2.6077
[ep 1842] loot         static_B_2020.02.27_18.39.27.csv block-001@2172s reward=QoE=   84.34 pacing=0.00s eps=0.050 loss=2.3963
[ep 1843] redandblack  driving_B_2020.02.14_09.38.22.csv block-000@60s reward=QoE=   35.51 pacing=0.00s eps=0.050 loss=2.8753
[ep 1844] soldier      driving_B_2020.01.16_12.10.03.csv block-000@240s reward=QoE=   75.79 pacing=0.00s eps=0.050 loss=2.8145
[ep 1845] longdress    static_B_2020.02.27_18.39.27.csv block-001@3732s reward=QoE=   70.55 pacing=0.00s eps=0.050 loss=2.6798
[ep 1846] loot         driving_B_2020.02.27_17.30.15.csv block-002@473s reward=QoE= -197.39 pacing=0.00s eps=0.050 loss=2.8733
[ep 1847] redandblack  driving_B_2020.01.16_09.56.56.csv block-001@1059s reward=QoE=   21.75 pacing=0.00s eps=0.050 loss=2.5416
[ep 1848] soldier      driving_B_2020.02.13_13.03.24.csv block-000@360s reward=QoE=    9.76 pacing=0.00s eps=0.050 loss=2.5899
[ep 1849] longdress    driving_B_2020.02.13_13.03.24.csv block-000@540s reward=QoE=   26.16 pacing=0.00s eps=0.050 loss=2.7952
[ep 1850] loot         driving_B_2020.02.27_17.30.15.csv block-002@533s reward=QoE=  -67.42 pacing=0.00s eps=0.050 loss=2.7223
[ep 1851] redandblack  driving_B_2020.02.14_09.38.22.csv block-000@1440s reward=QoE=   88.48 pacing=0.12s eps=0.050 loss=2.4214
[ep 1852] soldier      driving_B_2020.01.16_07.26.43.csv block-000@240s reward=QoE=   22.88 pacing=0.00s eps=0.050 loss=2.7508
[ep 1853] longdress    static_B_2020.02.27_18.39.27.csv block-001@1872s reward=QoE=   45.27 pacing=0.00s eps=0.050 loss=2.6660
[ep 1854] loot         driving_B_2020.02.13_15.02.01.csv block-000@2700s reward=QoE=  -14.09 pacing=0.00s eps=0.050 loss=2.5725
[ep 1855] redandblack  driving_B_2020.01.16_09.56.56.csv block-001@1419s reward=QoE=   43.98 pacing=0.00s eps=0.050 loss=2.6678
[ep 1856] soldier      static_B_2020.02.14_13.21.26.csv block-000@480s reward=QoE=   88.22 pacing=0.00s eps=0.050 loss=2.4893
[ep 1857] longdress    driving_B_2019.12.17_07.32.39.csv block-000@120s reward=QoE=   12.35 pacing=0.00s eps=0.050 loss=2.7667
[ep 1858] loot         driving_B_2020.02.27_17.30.15.csv block-002@413s reward=QoE=   24.09 pacing=0.00s eps=0.050 loss=2.6008
[ep 1859] redandblack  driving_B_2020.01.16_07.26.43.csv block-000@180s reward=QoE=   -5.31 pacing=0.00s eps=0.050 loss=2.7546
[ep 1860] soldier      driving_B_2020.01.16_12.10.03.csv block-000@60s reward=QoE=   37.08 pacing=0.00s eps=0.050 loss=2.4843
[ep 1861] longdress    driving_B_2020.01.16_07.26.43.csv block-000@1680s reward=QoE=   32.28 pacing=0.00s eps=0.050 loss=2.7349
[ep 1862] loot         driving_B_2019.12.16_12.27.05.csv block-000@1080s reward=QoE=   77.45 pacing=0.00s eps=0.050 loss=2.5949
[ep 1863] redandblack  static_B_2019.12.16_13.40.04.csv block-000@240s reward=QoE=   55.16 pacing=0.00s eps=0.050 loss=3.0018
[ep 1864] soldier      driving_B_2020.02.27_17.30.15.csv block-002@353s reward=QoE=  -28.53 pacing=0.00s eps=0.050 loss=2.7565
[ep 1865] longdress    driving_B_2020.01.16_09.56.56.csv block-001@879s reward=QoE=   52.81 pacing=0.00s eps=0.050 loss=2.4630
[ep 1866] loot         driving_B_2020.02.14_09.38.22.csv block-000@420s reward=QoE=   13.45 pacing=0.00s eps=0.050 loss=2.9460
[ep 1867] redandblack  driving_B_2020.02.13_15.02.01.csv block-000@540s reward=QoE=   24.57 pacing=0.00s eps=0.050 loss=2.7095
[ep 1868] soldier      driving_B_2020.01.16_12.10.03.csv block-000@60s reward=QoE=   35.18 pacing=0.00s eps=0.050 loss=2.8324
[ep 1869] longdress    driving_B_2020.02.14_09.38.22.csv block-000@1500s reward=QoE=    8.77 pacing=0.00s eps=0.050 loss=2.6048
[ep 1870] loot         static_B_2019.12.16_13.40.04.csv block-005@2006s reward=QoE=   51.21 pacing=0.00s eps=0.050 loss=2.6921
[ep 1871] redandblack  driving_B_2020.02.13_15.02.01.csv block-000@2580s reward=QoE=  -18.71 pacing=0.00s eps=0.050 loss=2.4962
[ep 1872] soldier      driving_B_2020.01.16_12.10.03.csv block-000@240s reward=QoE=   88.19 pacing=0.00s eps=0.050 loss=2.7592
[ep 1873] longdress    driving_B_2019.12.16_12.27.05.csv block-000@0s reward=QoE=   37.52 pacing=0.00s eps=0.050 loss=2.6453
[ep 1874] loot         driving_B_2020.02.27_17.30.15.csv block-002@413s reward=QoE=   18.86 pacing=0.00s eps=0.050 loss=2.6093
[ep 1875] redandblack  static_B_2020.02.14_13.21.26.csv block-000@840s reward=QoE=   84.42 pacing=1.12s eps=0.050 loss=2.5069
[ep 1876] soldier      static_B_2020.02.14_13.21.26.csv block-000@1020s reward=QoE=   88.25 pacing=0.00s eps=0.050 loss=2.8009
[ep 1877] longdress    driving_B_2020.01.16_09.56.56.csv block-000@0s reward=QoE=   35.32 pacing=0.00s eps=0.050 loss=2.8388
[ep 1878] loot         static_B_2019.12.16_13.40.04.csv block-005@1346s reward=QoE=    9.47 pacing=0.00s eps=0.050 loss=2.6000
[ep 1879] redandblack  driving_B_2020.02.14_12.58.17.csv block-002@596s reward=QoE=   19.85 pacing=0.00s eps=0.050 loss=2.8765
[ep 1880] soldier      driving_B_2020.01.16_09.56.56.csv block-000@240s reward=QoE=   37.08 pacing=0.00s eps=0.050 loss=2.4651
[ep 1881] longdress    static_B_2020.02.14_13.21.26.csv block-000@1080s reward=QoE=   88.34 pacing=0.00s eps=0.050 loss=2.8817
[ep 1882] loot         driving_B_2019.12.17_07.32.39.csv block-004@2477s reward=QoE=   77.69 pacing=0.00s eps=0.050 loss=2.4741
[ep 1883] redandblack  driving_B_2020.01.16_07.26.43.csv block-000@1380s reward=QoE=   36.69 pacing=0.00s eps=0.050 loss=2.3100
[ep 1884] soldier      driving_B_2019.12.16_12.27.05.csv block-000@420s reward=QoE= -109.47 pacing=0.00s eps=0.050 loss=2.9604
[ep 1885] longdress    driving_B_2020.02.14_09.38.22.csv block-000@1140s reward=QoE=  -13.88 pacing=0.00s eps=0.050 loss=2.5417
[ep 1886] loot         driving_B_2020.02.13_15.02.01.csv block-000@1260s reward=QoE=   34.58 pacing=0.00s eps=0.050 loss=2.5446
[ep 1887] redandblack  driving_B_2020.01.16_07.26.43.csv block-000@420s reward=QoE=   29.76 pacing=0.00s eps=0.050 loss=2.5228
[ep 1888] soldier      driving_B_2020.02.14_12.58.17.csv block-002@716s reward=QoE=   20.50 pacing=0.00s eps=0.050 loss=2.6719
[ep 1889] longdress    driving_B_2020.02.14_09.38.22.csv block-000@1020s reward=QoE=   86.09 pacing=0.00s eps=0.050 loss=2.7706
[ep 1890] loot         driving_B_2020.01.16_09.56.56.csv block-001@579s reward=QoE=   56.65 pacing=0.00s eps=0.050 loss=2.5175
[ep 1891] redandblack  driving_B_2020.01.16_09.56.56.csv block-001@639s reward=QoE=   73.52 pacing=0.00s eps=0.050 loss=2.5939
[ep 1892] soldier      driving_B_2020.02.27_17.30.15.csv block-002@473s reward=QoE= -227.78 pacing=0.00s eps=0.050 loss=2.7818
[ep 1893] longdress    static_B_2020.02.27_18.39.27.csv block-001@3852s reward=QoE=   86.06 pacing=0.00s eps=0.050 loss=2.7901
[ep 1894] loot         driving_B_2019.12.17_07.32.39.csv block-000@780s reward=QoE=   33.79 pacing=0.00s eps=0.050 loss=2.6149
[ep 1895] redandblack  driving_B_2020.02.27_17.30.15.csv block-002@353s reward=QoE=  -27.24 pacing=0.00s eps=0.050 loss=2.8539
[ep 1896] soldier      driving_B_2020.02.14_12.58.17.csv block-000@0s reward=QoE=   22.45 pacing=0.00s eps=0.050 loss=2.5456
[ep 1897] longdress    driving_B_2019.12.17_07.32.39.csv block-000@0s reward=QoE=   34.85 pacing=0.00s eps=0.050 loss=2.5252
[ep 1898] loot         driving_B_2020.02.14_12.58.17.csv block-002@596s reward=QoE=   25.19 pacing=0.00s eps=0.050 loss=2.6151
[ep 1899] redandblack  static_B_2020.02.27_18.39.27.csv block-001@2592s reward=QoE=   64.93 pacing=0.00s eps=0.050 loss=2.7512
[ep 1900] soldier      driving_B_2019.12.16_12.27.05.csv block-000@480s reward=QoE=   19.73 pacing=0.00s eps=0.050 loss=2.6369
[ep 1901] longdress    driving_B_2020.01.16_09.56.56.csv block-001@1299s reward=QoE=   63.31 pacing=0.00s eps=0.050 loss=2.7220
[ep 1902] loot         driving_B_2020.01.16_12.10.03.csv block-000@180s reward=QoE=   88.06 pacing=0.00s eps=0.050 loss=2.4648
[ep 1903] redandblack  driving_B_2020.02.14_09.38.22.csv block-000@1320s reward=QoE=   -2.82 pacing=0.00s eps=0.050 loss=2.6618
[ep 1904] soldier      driving_B_2020.02.13_15.02.01.csv block-000@2640s reward=QoE=  -62.91 pacing=0.00s eps=0.050 loss=2.5581
[ep 1905] longdress    driving_B_2020.02.27_17.30.15.csv block-002@413s reward=QoE=    5.63 pacing=0.00s eps=0.050 loss=2.3041
[ep 1906] loot         driving_B_2019.12.17_07.32.39.csv block-003@1774s reward=QoE=   36.11 pacing=0.00s eps=0.050 loss=2.7754
[ep 1907] redandblack  driving_B_2019.12.16_12.27.05.csv block-000@180s reward=QoE=   39.02 pacing=0.00s eps=0.050 loss=2.5261
[ep 1908] soldier      driving_B_2019.12.16_12.27.05.csv block-000@300s reward=QoE=   10.14 pacing=0.00s eps=0.050 loss=2.4710
[ep 1909] longdress    driving_B_2020.02.13_13.03.24.csv block-000@480s reward=QoE=   -0.96 pacing=0.00s eps=0.050 loss=2.7518
[ep 1910] loot         static_B_2020.02.14_13.21.26.csv block-000@960s reward=QoE=   55.76 pacing=0.00s eps=0.050 loss=2.4432
[ep 1911] redandblack  driving_B_2020.02.13_13.03.24.csv block-001@1754s reward=QoE=   30.01 pacing=0.00s eps=0.050 loss=2.8823
[ep 1912] soldier      driving_B_2020.01.16_12.10.03.csv block-000@120s reward=QoE=   83.84 pacing=0.00s eps=0.050 loss=2.7037
[ep 1913] longdress    static_B_2020.02.27_18.39.27.csv block-001@3132s reward=QoE=   68.35 pacing=0.00s eps=0.050 loss=2.3599
[ep 1914] loot         driving_B_2020.02.13_15.02.01.csv block-000@420s reward=QoE=   87.38 pacing=1.67s eps=0.050 loss=2.3663
[ep 1915] redandblack  driving_B_2019.12.16_12.27.05.csv block-000@1080s reward=QoE=   80.38 pacing=0.00s eps=0.050 loss=2.6888
[ep 1916] soldier      driving_B_2019.12.16_12.27.05.csv block-000@840s reward=QoE=   39.62 pacing=0.00s eps=0.050 loss=2.7581
[ep 1917] longdress    driving_B_2020.02.27_17.30.15.csv block-002@353s reward=QoE=  -46.94 pacing=0.00s eps=0.050 loss=2.4988
[ep 1918] loot         driving_B_2020.02.13_13.03.24.csv block-000@0s reward=QoE=   25.01 pacing=0.00s eps=0.050 loss=2.7197
[ep 1919] redandblack  static_B_2020.02.27_18.39.27.csv block-001@132s reward=QoE=   83.17 pacing=0.00s eps=0.050 loss=2.5831
[ep 1920] soldier      static_B_2020.02.27_18.39.27.csv block-001@5652s reward=QoE=   75.30 pacing=0.00s eps=0.050 loss=2.6390
[ep 1921] longdress    driving_B_2020.02.14_12.58.17.csv block-002@716s reward=QoE=   36.23 pacing=0.00s eps=0.050 loss=2.4671
[ep 1922] loot         driving_B_2020.02.14_09.38.22.csv block-000@780s reward=QoE=   88.91 pacing=0.07s eps=0.050 loss=2.7051
[ep 1923] redandblack  driving_B_2020.02.14_09.38.22.csv block-000@480s reward=QoE=   23.47 pacing=0.00s eps=0.050 loss=2.6631
[ep 1924] soldier      static_B_2020.02.27_18.39.27.csv block-001@6192s reward=QoE=   36.60 pacing=0.00s eps=0.050 loss=2.8093
[ep 1925] longdress    driving_B_2020.01.16_07.26.43.csv block-000@900s reward=QoE=   34.17 pacing=0.00s eps=0.050 loss=2.8071
[ep 1926] loot         driving_B_2020.02.14_09.38.22.csv block-000@300s reward=QoE=    9.38 pacing=0.00s eps=0.050 loss=2.2904
[ep 1927] redandblack  driving_B_2020.01.16_07.26.43.csv block-000@780s reward=QoE=   36.26 pacing=0.00s eps=0.050 loss=2.3852
[ep 1928] soldier      driving_B_2020.02.14_09.38.22.csv block-000@120s reward=QoE=    4.44 pacing=0.00s eps=0.050 loss=2.5504
[ep 1929] longdress    driving_B_2019.12.17_07.32.39.csv block-003@2014s reward=QoE=  -42.18 pacing=0.00s eps=0.050 loss=2.8806
[ep 1930] loot         static_B_2020.02.27_18.39.27.csv block-001@4212s reward=QoE=   90.24 pacing=0.99s eps=0.050 loss=2.7205
[ep 1931] redandblack  driving_B_2020.02.27_17.30.15.csv block-002@293s reward=QoE= -146.69 pacing=0.00s eps=0.050 loss=2.8978
[ep 1932] soldier      static_B_2020.02.27_18.39.27.csv block-001@6432s reward=QoE=   65.63 pacing=0.00s eps=0.050 loss=2.5712
[ep 1933] longdress    static_B_2019.12.16_13.40.04.csv block-001@835s reward=QoE=   83.02 pacing=0.00s eps=0.050 loss=2.4989
[ep 1934] loot         driving_B_2020.02.13_13.03.24.csv block-001@1694s reward=QoE=   24.30 pacing=0.00s eps=0.050 loss=2.6663
[ep 1935] redandblack  static_B_2019.12.16_13.40.04.csv block-000@180s reward=QoE=   68.68 pacing=0.00s eps=0.050 loss=2.5127
[ep 1936] soldier      static_B_2019.12.16_13.40.04.csv block-001@655s reward=QoE=   43.44 pacing=0.00s eps=0.050 loss=2.7008
[ep 1937] longdress    static_B_2020.02.14_13.21.26.csv block-000@0s reward=QoE=   38.40 pacing=0.00s eps=0.050 loss=2.5088
[ep 1938] loot         driving_B_2019.12.16_12.27.05.csv block-000@420s reward=QoE= -101.48 pacing=0.00s eps=0.050 loss=2.6001
[ep 1939] redandblack  static_B_2019.12.16_13.40.04.csv block-001@715s reward=QoE=   45.94 pacing=0.00s eps=0.050 loss=2.6094
[ep 1940] soldier      driving_B_2020.02.27_17.30.15.csv block-002@293s reward=QoE= -134.42 pacing=0.00s eps=0.050 loss=2.6617
[ep 1941] longdress    driving_B_2020.02.27_17.30.15.csv block-002@413s reward=QoE=   10.02 pacing=0.00s eps=0.050 loss=2.5325
[ep 1942] loot         static_B_2020.02.14_13.21.26.csv block-000@240s reward=QoE=   82.25 pacing=1.26s eps=0.050 loss=2.7054
[ep 1943] redandblack  driving_B_2020.01.16_09.56.56.csv block-001@699s reward=QoE=   84.06 pacing=1.75s eps=0.050 loss=2.5807
[ep 1944] soldier      driving_B_2020.01.16_12.10.03.csv block-000@120s reward=QoE=   83.80 pacing=0.00s eps=0.050 loss=2.5804
[ep 1945] longdress    static_B_2019.12.16_13.40.04.csv block-005@1886s reward=QoE=   55.32 pacing=0.00s eps=0.050 loss=2.3156
[ep 1946] loot         driving_B_2020.02.14_09.38.22.csv block-000@240s reward=QoE=   12.22 pacing=0.00s eps=0.050 loss=2.6967
[ep 1947] redandblack  driving_B_2020.02.14_12.58.17.csv block-002@536s reward=QoE=  -22.22 pacing=0.00s eps=0.050 loss=2.6937
[ep 1948] soldier      driving_B_2020.01.16_07.26.43.csv block-000@300s reward=QoE=   16.70 pacing=0.00s eps=0.050 loss=2.4344
[ep 1949] longdress    static_B_2020.02.27_18.39.27.csv block-001@4872s reward=QoE=   80.32 pacing=0.00s eps=0.050 loss=2.5703
[ep 1950] loot         driving_B_2019.12.17_07.32.39.csv block-003@2134s reward=QoE=   49.81 pacing=0.00s eps=0.050 loss=2.4093
[ep 1951] redandblack  static_B_2020.02.27_18.39.27.csv block-001@3552s reward=QoE=   37.96 pacing=0.00s eps=0.050 loss=2.3130
[ep 1952] soldier      driving_B_2020.02.13_15.02.01.csv block-000@720s reward=QoE=   11.99 pacing=0.00s eps=0.050 loss=2.5096
[ep 1953] longdress    driving_B_2020.02.14_12.58.17.csv block-002@656s reward=QoE=   47.23 pacing=0.00s eps=0.050 loss=2.7326
[ep 1954] loot         driving_B_2020.02.14_12.58.17.csv block-002@536s reward=QoE=  -98.23 pacing=0.00s eps=0.050 loss=2.7605
[ep 1955] redandblack  driving_B_2020.02.27_17.30.15.csv block-002@413s reward=QoE=   14.97 pacing=0.00s eps=0.050 loss=2.7961
[ep 1956] soldier      driving_B_2020.02.14_09.38.22.csv block-000@360s reward=QoE=   11.34 pacing=0.00s eps=0.050 loss=2.6558
[ep 1957] longdress    driving_B_2020.02.14_12.58.17.csv block-002@656s reward=QoE=   28.30 pacing=0.00s eps=0.050 loss=2.4977
[ep 1958] loot         driving_B_2020.02.13_15.02.01.csv block-000@2280s reward=QoE=   51.99 pacing=0.00s eps=0.050 loss=2.5600
[ep 1959] redandblack  static_B_2020.02.27_18.39.27.csv block-001@552s reward=QoE=   76.41 pacing=0.00s eps=0.050 loss=2.6392
[ep 1960] soldier      driving_B_2020.01.16_07.26.43.csv block-000@660s reward=QoE=   27.68 pacing=0.00s eps=0.050 loss=2.7140
[ep 1961] longdress    driving_B_2020.01.16_09.56.56.csv block-001@819s reward=QoE=   47.19 pacing=0.00s eps=0.050 loss=2.2968
[ep 1962] loot         driving_B_2020.01.16_09.56.56.csv block-001@1659s reward=QoE=   89.60 pacing=1.68s eps=0.050 loss=2.5929
[ep 1963] redandblack  static_B_2020.02.14_13.21.26.csv block-000@300s reward=QoE=   45.62 pacing=0.00s eps=0.050 loss=2.4194
[ep 1964] soldier      driving_B_2020.02.27_17.30.15.csv block-002@413s reward=QoE=   16.53 pacing=0.00s eps=0.050 loss=2.7267
[ep 1965] longdress    driving_B_2020.01.16_12.10.03.csv block-000@300s reward=QoE=   36.88 pacing=0.00s eps=0.050 loss=2.5980
[ep 1966] loot         driving_B_2019.12.16_12.27.05.csv block-000@1260s reward=QoE=   80.20 pacing=1.77s eps=0.050 loss=2.6407
[ep 1967] redandblack  driving_B_2020.02.14_12.58.17.csv block-002@656s reward=QoE=   31.68 pacing=0.00s eps=0.050 loss=2.6996
[ep 1968] soldier      driving_B_2020.02.14_12.58.17.csv block-002@536s reward=QoE=  -42.32 pacing=0.00s eps=0.050 loss=2.6422
[ep 1969] longdress    driving_B_2019.12.16_12.27.05.csv block-000@1140s reward=QoE=   50.71 pacing=0.00s eps=0.050 loss=2.9029
[ep 1970] loot         driving_B_2020.01.16_07.26.43.csv block-000@540s reward=QoE=   33.43 pacing=0.00s eps=0.050 loss=2.6703
[ep 1971] redandblack  driving_B_2020.01.16_07.26.43.csv block-000@480s reward=QoE=   10.04 pacing=0.00s eps=0.050 loss=2.6078
[ep 1972] soldier      driving_B_2020.01.16_12.10.03.csv block-000@360s reward=QoE=   67.30 pacing=0.00s eps=0.050 loss=2.7094
[ep 1973] longdress    driving_B_2019.12.17_07.32.39.csv block-000@600s reward=QoE=   34.14 pacing=0.00s eps=0.050 loss=2.7071
[ep 1974] loot         driving_B_2019.12.16_12.27.05.csv block-000@780s reward=QoE=   53.02 pacing=0.00s eps=0.050 loss=2.2169
[ep 1975] redandblack  driving_B_2020.02.13_15.02.01.csv block-000@1740s reward=QoE=   -4.47 pacing=0.00s eps=0.050 loss=2.8496
[ep 1976] soldier      static_B_2019.12.16_13.40.04.csv block-000@300s reward=QoE=   37.34 pacing=0.00s eps=0.050 loss=2.6941
[ep 1977] longdress    driving_B_2020.02.14_09.38.22.csv block-000@1080s reward=QoE=   81.53 pacing=0.00s eps=0.050 loss=2.9956
[ep 1978] loot         driving_B_2020.02.13_13.03.24.csv block-001@1034s reward=QoE=   20.02 pacing=0.00s eps=0.050 loss=2.5948
[ep 1979] redandblack  driving_B_2020.01.16_12.10.03.csv block-000@0s reward=QoE=   68.48 pacing=1.21s eps=0.050 loss=2.4367
[ep 1980] soldier      driving_B_2020.02.13_15.02.01.csv block-000@660s reward=QoE=   42.71 pacing=0.00s eps=0.050 loss=2.6098
[ep 1981] longdress    driving_B_2020.02.13_13.03.24.csv block-000@300s reward=QoE=   20.20 pacing=0.00s eps=0.050 loss=2.6971
[ep 1982] loot         static_B_2020.02.14_13.21.26.csv block-000@300s reward=QoE=   43.26 pacing=0.00s eps=0.050 loss=2.6719
[ep 1983] redandblack  driving_B_2020.02.14_09.38.22.csv block-000@660s reward=QoE=   29.32 pacing=0.00s eps=0.050 loss=2.5452
[ep 1984] soldier      driving_B_2020.01.16_12.10.03.csv block-000@240s reward=QoE=   87.55 pacing=0.00s eps=0.050 loss=2.4037
[ep 1985] longdress    driving_B_2020.02.13_13.03.24.csv block-001@1394s reward=QoE=   32.65 pacing=0.00s eps=0.050 loss=2.3142
[ep 1986] loot         driving_B_2019.12.17_07.32.39.csv block-000@420s reward=QoE=   33.66 pacing=0.00s eps=0.050 loss=2.4366
[ep 1987] redandblack  driving_B_2020.01.16_12.10.03.csv block-000@300s reward=QoE=   37.27 pacing=0.00s eps=0.050 loss=2.4909
[ep 1988] soldier      driving_B_2020.01.16_12.10.03.csv block-000@180s reward=QoE=   78.98 pacing=0.00s eps=0.050 loss=3.0031
[ep 1989] longdress    static_B_2019.12.16_13.40.04.csv block-001@1135s reward=QoE=   59.78 pacing=0.00s eps=0.050 loss=2.7676
[ep 1990] loot         static_B_2020.02.14_13.21.26.csv block-000@780s reward=QoE=   79.02 pacing=0.36s eps=0.050 loss=2.3746
[ep 1991] redandblack  driving_B_2020.01.16_07.26.43.csv block-000@1200s reward=QoE=   55.43 pacing=0.00s eps=0.050 loss=2.6262
[ep 1992] soldier      driving_B_2019.12.17_07.32.39.csv block-004@2417s reward=QoE=   16.02 pacing=0.00s eps=0.050 loss=2.4261
[ep 1993] longdress    driving_B_2020.02.27_17.30.15.csv block-002@353s reward=QoE=  -45.96 pacing=0.00s eps=0.050 loss=2.3073
[ep 1994] loot         driving_B_2020.02.13_13.03.24.csv block-001@1514s reward=QoE=   15.00 pacing=0.00s eps=0.050 loss=2.5884
[ep 1995] redandblack  driving_B_2020.02.13_13.03.24.csv block-000@420s reward=QoE=   33.00 pacing=0.00s eps=0.050 loss=2.5659
[ep 1996] soldier      driving_B_2020.01.16_12.10.03.csv block-000@300s reward=QoE=   29.68 pacing=0.00s eps=0.050 loss=2.6059
[ep 1997] longdress    driving_B_2020.02.14_12.58.17.csv block-002@716s reward=QoE=   20.29 pacing=0.00s eps=0.050 loss=2.4518
[ep 1998] loot         driving_B_2019.12.17_07.32.39.csv block-000@960s reward=QoE=   29.37 pacing=0.00s eps=0.050 loss=2.5293
[ep 1999] redandblack  driving_B_2019.12.17_07.32.39.csv block-000@60s reward=QoE=   43.42 pacing=0.00s eps=0.050 loss=2.6659
[ep 2000] soldier      static_B_2019.12.16_13.40.04.csv block-001@1015s reward=QoE=   32.25 pacing=0.00s eps=0.050 loss=2.6550
    [eval @ ep 2000] reward=QoE=43.94 mean_q=0.598 stall=1.2s
    [early stop] no validation improvement for 3 checks
==========================================================================================
✅ Training done. untrained qoe_quality=-8.32 -> final 43.94 (best=48.66)
📦 Saved: C:\Users\Nima\PointCloudStreaming\logs\train_runs\20260720_005851_wide\sweep\confirm\trial_011_s42\abr_dqn.pkl  (+ C:\Users\Nima\PointCloudStreaming\logs\train_runs\20260720_005851_wide\sweep\confirm\trial_011_s42\abr_dqn_best.pkl)
🧾 History: C:\Users\Nima\PointCloudStreaming\logs\train_runs\20260720_005851_wide\sweep\confirm\trial_011_s42\abr_dqn_train_history.json
🧾 Summary: C:\Users\Nima\PointCloudStreaming\logs\train_runs\20260720_005851_wide\sweep\confirm\trial_011_s42\train_summary.json
